<?xml version="1.0" encoding="utf-8"?>
<clothing-items>
 <clothing>
  <id>
   690582696
  </id>
  <name>
   Fila Handbags M-2209
  </name>
  <category>
   Handbags
  </category>
  <size>
   M
  </size>
  <color>
   Синий
  </color>
  <material>
   Вискоза
  </material>
  <price>
   517555
  </price>
  <rating>
   4.22
  </rating>
  <reviews>
   666277
  </reviews>
  <new>
   -
  </new>
  <exclusive>
   no
  </exclusive>
 </clothing>
 <clothing>
  <id>
   236750451
  </id>
  <name>
   PleinSport Belts T-2879
  </name>
  <category>
   Belts
  </category>
  <size>
   S
  </size>
  <color>
   Оранжевый
  </color>
  <material>
   Шелк
  </material>
  <price>
   925627
  </price>
  <rating>
   1.12
  </rating>
  <reviews>
   758679
  </reviews>
  <new>
   -
  </new>
  <sporty>
   yes
  </sporty>
 </clothing>
 <clothing>
  <id>
   478811688
  </id>
  <name>
   Fila Handbags R-4791
  </name>
  <category>
   Handbags
  </category>
  <size>
   L
  </size>
  <color>
   Зеленый
  </color>
  <material>
   Нейлон
  </material>
  <price>
   715390
  </price>
  <rating>
   1.43
  </rating>
  <reviews>
   950052
  </reviews>
  <sporty>
   yes
  </sporty>
 </clothing>
 <clothing>
  <id>
   159627055
  </id>
  <name>
   Adidas Jeans G-4419
  </name>
  <category>
   Jeans
  </category>
  <size>
   S
  </size>
  <color>
   Синий
  </color>
  <material>
   Кожа
  </material>
  <price>
   653567
  </price>
  <rating>
   4.59
  </rating>
  <reviews>
   671167
  </reviews>
  <new>
   +
  </new>
  <exclusive>
   no
  </exclusive>
  <sporty>
   no
  </sporty>
 </clothing>
 <clothing>
  <id>
   889120966
  </id>
  <name>
   Addidas Blouse A-8387
  </name>
  <category>
   Blouse
  </category>
  <size>
   S
  </size>
  <color>
   Зеленый
  </color>
  <material>
   Лен
  </material>
  <price>
   456153
  </price>
  <rating>
   4.29
  </rating>
  <reviews>
   727663
  </reviews>
  <new>
   -
  </new>
 </clothing>
 <clothing>
  <id>
   495251382
  </id>
  <name>
   Puma Shoes X-2239
  </name>
  <category>
   Shoes
  </category>
  <size>
   M
  </size>
  <color>
   Фиолетовый
  </color>
  <material>
   Нейлон
  </material>
  <price>
   948047
  </price>
  <rating>
   2.82
  </rating>
  <reviews>
   673934
  </reviews>
  <sporty>
   no
  </sporty>
 </clothing>
 <clothing>
  <id>
   451035186
  </id>
  <name>
   Fila Skirt M-8110
  </name>
  <category>
   Skirt
  </category>
  <size>
   XL
  </size>
  <color>
   Желтый
  </color>
  <material>
   Лен
  </material>
  <price>
   402961
  </price>
  <rating>
   3.78
  </rating>
  <reviews>
   485054
  </reviews>
  <new>
   -
  </new>
 </clothing>
 <clothing>
  <id>
   356671501
  </id>
  <name>
   Brooks Hat D-1545
  </name>
  <category>
   Hat
  </category>
  <size>
   L
  </size>
  <color>
   Синий
  </color>
  <material>
   Кожа
  </material>
  <price>
   986285
  </price>
  <rating>
   3.08
  </rating>
  <reviews>
   398656
  </reviews>
  <new>
   +
  </new>
  <sporty>
   no
  </sporty>
 </clothing>
 <clothing>
  <id>
   374894867
  </id>
  <name>
   Reebok Jeans R-5682
  </name>
  <category>
   Jeans
  </category>
  <size>
   S
  </size>
  <color>
   Красный
  </color>
  <material>
   Хлопок
  </material>
  <price>
   662775
  </price>
  <rating>
   2.52
  </rating>
  <reviews>
   575125
  </reviews>
  <new>
   -
  </new>
 </clothing>
 <clothing>
  <id>
   907330604
  </id>
  <name>
   Fila Pants W-5606
  </name>
  <category>
   Pants
  </category>
  <size>
   XXL
  </size>
  <color>
   Красный
  </color>
  <material>
   Кожа
  </material>
  <price>
   439204
  </price>
  <rating>
   3.38
  </rating>
  <reviews>
   554408
  </reviews>
  <exclusive>
   no
  </exclusive>
  <sporty>
   yes
  </sporty>
 </clothing>
 <clothing>
  <id>
   593504381
  </id>
  <name>
   Reebok Jeans G-9537
  </name>
  <category>
   Jeans
  </category>
  <size>
   L
  </size>
  <color>
   Красный
  </color>
  <material>
   Полиэстер
  </material>
  <price>
   853249
  </price>
  <rating>
   4.94
  </rating>
  <reviews>
   794492
  </reviews>
  <new>
   +
  </new>
  <exclusive>
   yes
  </exclusive>
  <sporty>
   no
  </sporty>
 </clothing>
 <clothing>
  <id>
   499268575
  </id>
  <name>
   Under Armour Shirt Z-5931
  </name>
  <category>
   Shirt
  </category>
  <size>
   XXL
  </size>
  <color>
   Красный
  </color>
  <material>
   Шерсть
  </material>
  <price>
   585173
  </price>
  <rating>
   3.31
  </rating>
  <reviews>
   591756
  </reviews>
  <exclusive>
   no
  </exclusive>
  <sporty>
   no
  </sporty>
 </clothing>
 <clothing>
  <id>
   818043506
  </id>
  <name>
   Under Armour Belts Q-8426
  </name>
  <category>
   Belts
  </category>
  <size>
   S
  </size>
  <color>
   Синий
  </color>
  <material>
   Полиэстер
  </material>
  <price>
   276523
  </price>
  <rating>
   1.72
  </rating>
  <reviews>
   978648
  </reviews>
  <sporty>
   no
  </sporty>
 </clothing>
 <clothing>
  <id>
   463587001
  </id>
  <name>
   PleinSport Pants N-3603
  </name>
  <category>
   Pants
  </category>
  <size>
   XXL
  </size>
  <color>
   Фиолетовый
  </color>
  <material>
   Полиэстер
  </material>
  <price>
   779005
  </price>
  <rating>
   3.19
  </rating>
  <reviews>
   446527
  </reviews>
  <new>
   -
  </new>
  <exclusive>
   yes
  </exclusive>
  <sporty>
   yes
  </sporty>
 </clothing>
 <clothing>
  <id>
   304631090
  </id>
  <name>
   Addidas Dress Z-5054
  </name>
  <category>
   Dress
  </category>
  <size>
   XXL
  </size>
  <color>
   Синий
  </color>
  <material>
   Полиэстер
  </material>
  <price>
   573233
  </price>
  <rating>
   1.4
  </rating>
  <reviews>
   432866
  </reviews>
 </clothing>
 <clothing>
  <id>
   349246376
  </id>
  <name>
   Lacoste Dress D-8706
  </name>
  <category>
   Dress
  </category>
  <size>
   M
  </size>
  <color>
   Красный
  </color>
  <material>
   Лен
  </material>
  <price>
   599200
  </price>
  <rating>
   2.42
  </rating>
  <reviews>
   830734
  </reviews>
  <new>
   -
  </new>
  <sporty>
   no
  </sporty>
 </clothing>
 <clothing>
  <id>
   594850953
  </id>
  <name>
   Under Armour Hat K-7979
  </name>
  <category>
   Hat
  </category>
  <size>
   S
  </size>
  <color>
   Зеленый
  </color>
  <material>
   Шерсть
  </material>
  <price>
   999342
  </price>
  <rating>
   4.02
  </rating>
  <reviews>
   119491
  </reviews>
  <new>
   -
  </new>
 </clothing>
 <clothing>
  <id>
   599511151
  </id>
  <name>
   DC Belts U-3965
  </name>
  <category>
   Belts
  </category>
  <size>
   XXL
  </size>
  <color>
   Голубой
  </color>
  <material>
   Полиэстер
  </material>
  <price>
   252328
  </price>
  <rating>
   3.29
  </rating>
  <reviews>
   877510
  </reviews>
  <new>
   -
  </new>
  <sporty>
   no
  </sporty>
 </clothing>
 <clothing>
  <id>
   115971945
  </id>
  <name>
   Under Armour Socks L-5079
  </name>
  <category>
   Socks
  </category>
  <size>
   S
  </size>
  <color>
   Красный
  </color>
  <material>
   Кожа
  </material>
  <price>
   315613
  </price>
  <rating>
   4.12
  </rating>
  <reviews>
   109327
  </reviews>
  <new>
   -
  </new>
  <exclusive>
   no
  </exclusive>
 </clothing>
 <clothing>
  <id>
   854492845
  </id>
  <name>
   Converse Hat B-5450
  </name>
  <category>
   Hat
  </category>
  <size>
   M
  </size>
  <color>
   Красный
  </color>
  <material>
   Лен
  </material>
  <price>
   974375
  </price>
  <rating>
   1.68
  </rating>
  <reviews>
   604308
  </reviews>
  <new>
   -
  </new>
 </clothing>
 <clothing>
  <id>
   628059542
  </id>
  <name>
   Nike Shoes L-3560
  </name>
  <category>
   Shoes
  </category>
  <size>
   XXL
  </size>
  <color>
   Зеленый
  </color>
  <material>
   Шелк
  </material>
  <price>
   970401
  </price>
  <rating>
   2.01
  </rating>
  <reviews>
   516014
  </reviews>
  <new>
   +
  </new>
  <exclusive>
   no
  </exclusive>
  <sporty>
   yes
  </sporty>
 </clothing>
 <clothing>
  <id>
   699654040
  </id>
  <name>
   Addidas Dress N-6512
  </name>
  <category>
   Dress
  </category>
  <size>
   S
  </size>
  <color>
   Фиолетовый
  </color>
  <material>
   Шелк
  </material>
  <price>
   379965
  </price>
  <rating>
   1.96
  </rating>
  <reviews>
   400775
  </reviews>
  <new>
   -
  </new>
 </clothing>
 <clothing>
  <id>
   854371692
  </id>
  <name>
   Fila Dress Q-1042
  </name>
  <category>
   Dress
  </category>
  <size>
   M
  </size>
  <color>
   Желтый
  </color>
  <material>
   Лен
  </material>
  <price>
   714196
  </price>
  <rating>
   4.32
  </rating>
  <reviews>
   644310
  </reviews>
  <new>
   -
  </new>
  <exclusive>
   no
  </exclusive>
 </clothing>
 <clothing>
  <id>
   937802845
  </id>
  <name>
   PleinSport T-shirt J-7794
  </name>
  <category>
   T-shirt
  </category>
  <size>
   L
  </size>
  <color>
   Красный
  </color>
  <material>
   Лен
  </material>
  <price>
   760968
  </price>
  <rating>
   1.19
  </rating>
  <reviews>
   261325
  </reviews>
  <new>
   -
  </new>
 </clothing>
 <clothing>
  <id>
   743990168
  </id>
  <name>
   Reebok Pants V-7130
  </name>
  <category>
   Pants
  </category>
  <size>
   L
  </size>
  <color>
   Зеленый
  </color>
  <material>
   Хлопок
  </material>
  <price>
   624623
  </price>
  <rating>
   4.29
  </rating>
  <reviews>
   935437
  </reviews>
  <new>
   +
  </new>
  <exclusive>
   no
  </exclusive>
 </clothing>
</clothing-items>
