<?xml version="1.0" encoding="utf-8"?>
<clothing-items>
 <clothing>
  <id>
   127264468
  </id>
  <name>
   Vans Gloves D-3780
  </name>
  <category>
   Gloves
  </category>
  <size>
   XL
  </size>
  <color>
   Голубой
  </color>
  <material>
   Лен
  </material>
  <price>
   197999
  </price>
  <rating>
   4.22
  </rating>
  <reviews>
   359875
  </reviews>
  <sporty>
   yes
  </sporty>
 </clothing>
 <clothing>
  <id>
   950645751
  </id>
  <name>
   Under Armour Sweater S-4880
  </name>
  <category>
   Sweater
  </category>
  <size>
   M
  </size>
  <color>
   Синий
  </color>
  <material>
   Вискоза
  </material>
  <price>
   221134
  </price>
  <rating>
   4.71
  </rating>
  <reviews>
   710894
  </reviews>
  <new>
   -
  </new>
  <exclusive>
   no
  </exclusive>
 </clothing>
 <clothing>
  <id>
   418293065
  </id>
  <name>
   DC Socks F-2124
  </name>
  <category>
   Socks
  </category>
  <size>
   XXL
  </size>
  <color>
   Желтый
  </color>
  <material>
   Хлопок
  </material>
  <price>
   989039
  </price>
  <rating>
   3.93
  </rating>
  <reviews>
   996740
  </reviews>
  <sporty>
   no
  </sporty>
 </clothing>
 <clothing>
  <id>
   814128744
  </id>
  <name>
   Nike Umbrellas X-9418
  </name>
  <category>
   Umbrellas
  </category>
  <size>
   XL
  </size>
  <color>
   Красный
  </color>
  <material>
   Лен
  </material>
  <price>
   684777
  </price>
  <rating>
   4.94
  </rating>
  <reviews>
   520211
  </reviews>
  <new>
   -
  </new>
 </clothing>
 <clothing>
  <id>
   202085019
  </id>
  <name>
   Brooks Blouse X-3943
  </name>
  <category>
   Blouse
  </category>
  <size>
   S
  </size>
  <color>
   Оранжевый
  </color>
  <material>
   Нейлон
  </material>
  <price>
   205806
  </price>
  <rating>
   1.1
  </rating>
  <reviews>
   580079
  </reviews>
  <exclusive>
   yes
  </exclusive>
  <sporty>
   no
  </sporty>
 </clothing>
 <clothing>
  <id>
   317617307
  </id>
  <name>
   Asics Gloves W-1730
  </name>
  <category>
   Gloves
  </category>
  <size>
   XXL
  </size>
  <color>
   Синий
  </color>
  <material>
   Шелк
  </material>
  <price>
   133675
  </price>
  <rating>
   3.14
  </rating>
  <reviews>
   483747
  </reviews>
  <exclusive>
   yes
  </exclusive>
  <sporty>
   no
  </sporty>
 </clothing>
 <clothing>
  <id>
   711797617
  </id>
  <name>
   Reebok Shirt W-9640
  </name>
  <category>
   Shirt
  </category>
  <size>
   XL
  </size>
  <color>
   Фиолетовый
  </color>
  <material>
   Нейлон
  </material>
  <price>
   190914
  </price>
  <rating>
   4.22
  </rating>
  <reviews>
   589756
  </reviews>
 </clothing>
 <clothing>
  <id>
   432034497
  </id>
  <name>
   Fila Socks W-1560
  </name>
  <category>
   Socks
  </category>
  <size>
   XXL
  </size>
  <color>
   Синий
  </color>
  <material>
   Кожа
  </material>
  <price>
   730289
  </price>
  <rating>
   3.53
  </rating>
  <reviews>
   523070
  </reviews>
  <new>
   +
  </new>
  <sporty>
   no
  </sporty>
 </clothing>
 <clothing>
  <id>
   428779731
  </id>
  <name>
   Ellesse Handbags E-2971
  </name>
  <category>
   Handbags
  </category>
  <size>
   L
  </size>
  <color>
   Зеленый
  </color>
  <material>
   Кожа
  </material>
  <price>
   341326
  </price>
  <rating>
   2.17
  </rating>
  <reviews>
   189544
  </reviews>
  <new>
   +
  </new>
 </clothing>
 <clothing>
  <id>
   451751823
  </id>
  <name>
   Asics Gloves V-7962
  </name>
  <category>
   Gloves
  </category>
  <size>
   S
  </size>
  <color>
   Желтый
  </color>
  <material>
   Шерсть
  </material>
  <price>
   947936
  </price>
  <rating>
   1.43
  </rating>
  <reviews>
   920777
  </reviews>
  <new>
   +
  </new>
  <exclusive>
   no
  </exclusive>
  <sporty>
   no
  </sporty>
 </clothing>
 <clothing>
  <id>
   903256181
  </id>
  <name>
   Lacoste Dress L-3686
  </name>
  <category>
   Dress
  </category>
  <size>
   S
  </size>
  <color>
   Синий
  </color>
  <material>
   Шерсть
  </material>
  <price>
   224330
  </price>
  <rating>
   1.48
  </rating>
  <reviews>
   654467
  </reviews>
  <new>
   -
  </new>
  <exclusive>
   yes
  </exclusive>
  <sporty>
   yes
  </sporty>
 </clothing>
 <clothing>
  <id>
   775899515
  </id>
  <name>
   Under Armour Gloves Q-6612
  </name>
  <category>
   Gloves
  </category>
  <size>
   M
  </size>
  <color>
   Синий
  </color>
  <material>
   Кожа
  </material>
  <price>
   198780
  </price>
  <rating>
   1.49
  </rating>
  <reviews>
   438684
  </reviews>
  <exclusive>
   yes
  </exclusive>
  <sporty>
   yes
  </sporty>
 </clothing>
 <clothing>
  <id>
   790054079
  </id>
  <name>
   PleinSport Sweater P-5171
  </name>
  <category>
   Sweater
  </category>
  <size>
   M
  </size>
  <color>
   Желтый
  </color>
  <material>
   Шелк
  </material>
  <price>
   451392
  </price>
  <rating>
   3.34
  </rating>
  <reviews>
   832728
  </reviews>
  <exclusive>
   no
  </exclusive>
 </clothing>
 <clothing>
  <id>
   341321354
  </id>
  <name>
   Under Armour Umbrellas C-8818
  </name>
  <category>
   Umbrellas
  </category>
  <size>
   L
  </size>
  <color>
   Голубой
  </color>
  <material>
   Шерсть
  </material>
  <price>
   675424
  </price>
  <rating>
   2.58
  </rating>
  <reviews>
   760837
  </reviews>
  <exclusive>
   no
  </exclusive>
  <sporty>
   no
  </sporty>
 </clothing>
 <clothing>
  <id>
   264124050
  </id>
  <name>
   Fila Pants Y-9352
  </name>
  <category>
   Pants
  </category>
  <size>
   M
  </size>
  <color>
   Желтый
  </color>
  <material>
   Нейлон
  </material>
  <price>
   252870
  </price>
  <rating>
   3.53
  </rating>
  <reviews>
   346996
  </reviews>
  <new>
   -
  </new>
  <exclusive>
   yes
  </exclusive>
  <sporty>
   yes
  </sporty>
 </clothing>
 <clothing>
  <id>
   163974514
  </id>
  <name>
   New Balance Umbrellas B-6049
  </name>
  <category>
   Umbrellas
  </category>
  <size>
   XL
  </size>
  <color>
   Голубой
  </color>
  <material>
   Шелк
  </material>
  <price>
   622813
  </price>
  <rating>
   2.87
  </rating>
  <reviews>
   753783
  </reviews>
  <new>
   -
  </new>
  <exclusive>
   no
  </exclusive>
  <sporty>
   no
  </sporty>
 </clothing>
 <clothing>
  <id>
   927786177
  </id>
  <name>
   Converse Jacket M-2233
  </name>
  <category>
   Jacket
  </category>
  <size>
   XL
  </size>
  <color>
   Фиолетовый
  </color>
  <material>
   Шелк
  </material>
  <price>
   291564
  </price>
  <rating>
   2.59
  </rating>
  <reviews>
   22195
  </reviews>
  <new>
   -
  </new>
  <exclusive>
   yes
  </exclusive>
  <sporty>
   yes
  </sporty>
 </clothing>
 <clothing>
  <id>
   728361527
  </id>
  <name>
   Reebok Dress F-2494
  </name>
  <category>
   Dress
  </category>
  <size>
   XL
  </size>
  <color>
   Голубой
  </color>
  <material>
   Лен
  </material>
  <price>
   565554
  </price>
  <rating>
   3.48
  </rating>
  <reviews>
   861177
  </reviews>
  <new>
   -
  </new>
  <exclusive>
   no
  </exclusive>
 </clothing>
 <clothing>
  <id>
   436355363
  </id>
  <name>
   New Balance Umbrellas C-3741
  </name>
  <category>
   Umbrellas
  </category>
  <size>
   XL
  </size>
  <color>
   Зеленый
  </color>
  <material>
   Нейлон
  </material>
  <price>
   609464
  </price>
  <rating>
   2.8
  </rating>
  <reviews>
   122619
  </reviews>
  <exclusive>
   no
  </exclusive>
 </clothing>
 <clothing>
  <id>
   482870244
  </id>
  <name>
   New Balance Socks O-7114
  </name>
  <category>
   Socks
  </category>
  <size>
   XXL
  </size>
  <color>
   Желтый
  </color>
  <material>
   Хлопок
  </material>
  <price>
   884656
  </price>
  <rating>
   2.71
  </rating>
  <reviews>
   129916
  </reviews>
  <new>
   -
  </new>
  <sporty>
   no
  </sporty>
 </clothing>
 <clothing>
  <id>
   498998043
  </id>
  <name>
   Brooks Umbrellas M-6267
  </name>
  <category>
   Umbrellas
  </category>
  <size>
   S
  </size>
  <color>
   Зеленый
  </color>
  <material>
   Нейлон
  </material>
  <price>
   528278
  </price>
  <rating>
   4.74
  </rating>
  <reviews>
   898043
  </reviews>
  <new>
   +
  </new>
  <exclusive>
   yes
  </exclusive>
 </clothing>
 <clothing>
  <id>
   899386436
  </id>
  <name>
   Nike Shirt U-1477
  </name>
  <category>
   Shirt
  </category>
  <size>
   S
  </size>
  <color>
   Красный
  </color>
  <material>
   Шерсть
  </material>
  <price>
   847618
  </price>
  <rating>
   1.14
  </rating>
  <reviews>
   720821
  </reviews>
  <new>
   -
  </new>
  <exclusive>
   no
  </exclusive>
  <sporty>
   yes
  </sporty>
 </clothing>
 <clothing>
  <id>
   842838669
  </id>
  <name>
   Reebok Shoes G-2860
  </name>
  <category>
   Shoes
  </category>
  <size>
   XL
  </size>
  <color>
   Зеленый
  </color>
  <material>
   Кожа
  </material>
  <price>
   930232
  </price>
  <rating>
   4.64
  </rating>
  <reviews>
   99827
  </reviews>
  <new>
   +
  </new>
  <exclusive>
   no
  </exclusive>
  <sporty>
   yes
  </sporty>
 </clothing>
 <clothing>
  <id>
   908290611
  </id>
  <name>
   Addidas Pants G-3454
  </name>
  <category>
   Pants
  </category>
  <size>
   XL
  </size>
  <color>
   Красный
  </color>
  <material>
   Нейлон
  </material>
  <price>
   823305
  </price>
  <rating>
   1.8
  </rating>
  <reviews>
   982920
  </reviews>
  <new>
   +
  </new>
  <exclusive>
   yes
  </exclusive>
  <sporty>
   yes
  </sporty>
 </clothing>
 <clothing>
  <id>
   873513138
  </id>
  <name>
   Nike Dress M-2976
  </name>
  <category>
   Dress
  </category>
  <size>
   L
  </size>
  <color>
   Синий
  </color>
  <material>
   Шелк
  </material>
  <price>
   199213
  </price>
  <rating>
   3.35
  </rating>
  <reviews>
   989352
  </reviews>
  <new>
   -
  </new>
  <exclusive>
   yes
  </exclusive>
 </clothing>
 <clothing>
  <id>
   997118042
  </id>
  <name>
   New Balance Skirt Z-8311
  </name>
  <category>
   Skirt
  </category>
  <size>
   XL
  </size>
  <color>
   Желтый
  </color>
  <material>
   Кожа
  </material>
  <price>
   157831
  </price>
  <rating>
   4.87
  </rating>
  <reviews>
   481551
  </reviews>
  <new>
   -
  </new>
 </clothing>
 <clothing>
  <id>
   784084490
  </id>
  <name>
   Lacoste Sweater E-8038
  </name>
  <category>
   Sweater
  </category>
  <size>
   S
  </size>
  <color>
   Фиолетовый
  </color>
  <material>
   Хлопок
  </material>
  <price>
   656544
  </price>
  <rating>
   3.34
  </rating>
  <reviews>
   928722
  </reviews>
  <exclusive>
   no
  </exclusive>
  <sporty>
   yes
  </sporty>
 </clothing>
 <clothing>
  <id>
   275768525
  </id>
  <name>
   Adidas Sweater B-6348
  </name>
  <category>
   Sweater
  </category>
  <size>
   L
  </size>
  <color>
   Фиолетовый
  </color>
  <material>
   Шерсть
  </material>
  <price>
   418532
  </price>
  <rating>
   2.39
  </rating>
  <reviews>
   41650
  </reviews>
 </clothing>
</clothing-items>
