<?xml version="1.0" encoding="utf-8"?>
<clothing-items>
 <clothing>
  <id>
   510653617
  </id>
  <name>
   Adidas Shirt M-9233
  </name>
  <category>
   Shirt
  </category>
  <size>
   M
  </size>
  <color>
   Желтый
  </color>
  <material>
   Хлопок
  </material>
  <price>
   741550
  </price>
  <rating>
   3.39
  </rating>
  <reviews>
   96057
  </reviews>
  <new>
   -
  </new>
  <exclusive>
   yes
  </exclusive>
  <sporty>
   no
  </sporty>
 </clothing>
 <clothing>
  <id>
   889073709
  </id>
  <name>
   Vans Skirt B-7018
  </name>
  <category>
   Skirt
  </category>
  <size>
   S
  </size>
  <color>
   Голубой
  </color>
  <material>
   Хлопок
  </material>
  <price>
   460016
  </price>
  <rating>
   2.04
  </rating>
  <reviews>
   314084
  </reviews>
  <new>
   -
  </new>
  <exclusive>
   no
  </exclusive>
  <sporty>
   yes
  </sporty>
 </clothing>
 <clothing>
  <id>
   600042358
  </id>
  <name>
   DC Jeans V-5795
  </name>
  <category>
   Jeans
  </category>
  <size>
   S
  </size>
  <color>
   Фиолетовый
  </color>
  <material>
   Хлопок
  </material>
  <price>
   225487
  </price>
  <rating>
   3.13
  </rating>
  <reviews>
   333820
  </reviews>
  <exclusive>
   no
  </exclusive>
  <sporty>
   no
  </sporty>
 </clothing>
 <clothing>
  <id>
   233723701
  </id>
  <name>
   Adidas Jeans J-2608
  </name>
  <category>
   Jeans
  </category>
  <size>
   L
  </size>
  <color>
   Оранжевый
  </color>
  <material>
   Нейлон
  </material>
  <price>
   132398
  </price>
  <rating>
   3.36
  </rating>
  <reviews>
   123709
  </reviews>
  <new>
   +
  </new>
  <exclusive>
   no
  </exclusive>
 </clothing>
 <clothing>
  <id>
   701387915
  </id>
  <name>
   Adidas Shoes B-9717
  </name>
  <category>
   Shoes
  </category>
  <size>
   XL
  </size>
  <color>
   Красный
  </color>
  <material>
   Шелк
  </material>
  <price>
   724609
  </price>
  <rating>
   2.49
  </rating>
  <reviews>
   242229
  </reviews>
  <new>
   +
  </new>
  <sporty>
   no
  </sporty>
 </clothing>
 <clothing>
  <id>
   948541804
  </id>
  <name>
   Puma Shoes F-5137
  </name>
  <category>
   Shoes
  </category>
  <size>
   S
  </size>
  <color>
   Фиолетовый
  </color>
  <material>
   Полиэстер
  </material>
  <price>
   574241
  </price>
  <rating>
   4.94
  </rating>
  <reviews>
   850257
  </reviews>
  <new>
   -
  </new>
  <exclusive>
   no
  </exclusive>
  <sporty>
   yes
  </sporty>
 </clothing>
 <clothing>
  <id>
   558476253
  </id>
  <name>
   Under Armour Jeans C-6197
  </name>
  <category>
   Jeans
  </category>
  <size>
   S
  </size>
  <color>
   Голубой
  </color>
  <material>
   Вискоза
  </material>
  <price>
   247679
  </price>
  <rating>
   3.06
  </rating>
  <reviews>
   217980
  </reviews>
  <exclusive>
   no
  </exclusive>
  <sporty>
   no
  </sporty>
 </clothing>
 <clothing>
  <id>
   815407126
  </id>
  <name>
   Brooks T-shirt W-9410
  </name>
  <category>
   T-shirt
  </category>
  <size>
   XL
  </size>
  <color>
   Красный
  </color>
  <material>
   Нейлон
  </material>
  <price>
   427824
  </price>
  <rating>
   1.32
  </rating>
  <reviews>
   123734
  </reviews>
  <new>
   -
  </new>
  <exclusive>
   no
  </exclusive>
  <sporty>
   no
  </sporty>
 </clothing>
 <clothing>
  <id>
   396202833
  </id>
  <name>
   Asics Jeans T-1092
  </name>
  <category>
   Jeans
  </category>
  <size>
   L
  </size>
  <color>
   Красный
  </color>
  <material>
   Шерсть
  </material>
  <price>
   187995
  </price>
  <rating>
   1.73
  </rating>
  <reviews>
   666076
  </reviews>
  <exclusive>
   yes
  </exclusive>
 </clothing>
 <clothing>
  <id>
   276527865
  </id>
  <name>
   DC Shoes K-9357
  </name>
  <category>
   Shoes
  </category>
  <size>
   S
  </size>
  <color>
   Зеленый
  </color>
  <material>
   Нейлон
  </material>
  <price>
   316889
  </price>
  <rating>
   2.93
  </rating>
  <reviews>
   998322
  </reviews>
  <new>
   +
  </new>
 </clothing>
 <clothing>
  <id>
   255572516
  </id>
  <name>
   Asics Belts E-5835
  </name>
  <category>
   Belts
  </category>
  <size>
   L
  </size>
  <color>
   Оранжевый
  </color>
  <material>
   Полиэстер
  </material>
  <price>
   833985
  </price>
  <rating>
   2.91
  </rating>
  <reviews>
   304271
  </reviews>
  <new>
   +
  </new>
  <exclusive>
   yes
  </exclusive>
 </clothing>
 <clothing>
  <id>
   487054650
  </id>
  <name>
   Adidas Hat Y-7528
  </name>
  <category>
   Hat
  </category>
  <size>
   L
  </size>
  <color>
   Синий
  </color>
  <material>
   Лен
  </material>
  <price>
   679384
  </price>
  <rating>
   2.99
  </rating>
  <reviews>
   577253
  </reviews>
  <exclusive>
   no
  </exclusive>
  <sporty>
   no
  </sporty>
 </clothing>
</clothing-items>
