<?xml version="1.0" encoding="utf-8"?>
<clothing-items>
 <clothing>
  <id>
   979462899
  </id>
  <name>
   New Balance Dress N-3318
  </name>
  <category>
   Dress
  </category>
  <size>
   XL
  </size>
  <color>
   Зеленый
  </color>
  <material>
   Полиэстер
  </material>
  <price>
   132458
  </price>
  <rating>
   2.73
  </rating>
  <reviews>
   268801
  </reviews>
  <new>
   -
  </new>
  <exclusive>
   no
  </exclusive>
  <sporty>
   no
  </sporty>
 </clothing>
 <clothing>
  <id>
   525828384
  </id>
  <name>
   Under Armour Umbrellas X-4885
  </name>
  <category>
   Umbrellas
  </category>
  <size>
   L
  </size>
  <color>
   Зеленый
  </color>
  <material>
   Полиэстер
  </material>
  <price>
   407558
  </price>
  <rating>
   4.62
  </rating>
  <reviews>
   319863
  </reviews>
  <new>
   +
  </new>
  <exclusive>
   no
  </exclusive>
 </clothing>
 <clothing>
  <id>
   912623356
  </id>
  <name>
   New Balance Socks R-8627
  </name>
  <category>
   Socks
  </category>
  <size>
   XXL
  </size>
  <color>
   Желтый
  </color>
  <material>
   Хлопок
  </material>
  <price>
   950474
  </price>
  <rating>
   4.09
  </rating>
  <reviews>
   899528
  </reviews>
  <new>
   -
  </new>
  <sporty>
   yes
  </sporty>
 </clothing>
 <clothing>
  <id>
   702171777
  </id>
  <name>
   Brooks Belts I-3054
  </name>
  <category>
   Belts
  </category>
  <size>
   L
  </size>
  <color>
   Зеленый
  </color>
  <material>
   Кожа
  </material>
  <price>
   396343
  </price>
  <rating>
   3.57
  </rating>
  <reviews>
   879099
  </reviews>
  <new>
   +
  </new>
  <sporty>
   no
  </sporty>
 </clothing>
 <clothing>
  <id>
   306772896
  </id>
  <name>
   Nike Hat G-2051
  </name>
  <category>
   Hat
  </category>
  <size>
   S
  </size>
  <color>
   Зеленый
  </color>
  <material>
   Полиэстер
  </material>
  <price>
   198113
  </price>
  <rating>
   4.57
  </rating>
  <reviews>
   349154
  </reviews>
  <new>
   +
  </new>
  <exclusive>
   no
  </exclusive>
  <sporty>
   yes
  </sporty>
 </clothing>
 <clothing>
  <id>
   493525136
  </id>
  <name>
   Adidas Jacket C-9253
  </name>
  <category>
   Jacket
  </category>
  <size>
   XXL
  </size>
  <color>
   Синий
  </color>
  <material>
   Кожа
  </material>
  <price>
   995530
  </price>
  <rating>
   1.28
  </rating>
  <reviews>
   849736
  </reviews>
  <new>
   +
  </new>
  <exclusive>
   yes
  </exclusive>
 </clothing>
 <clothing>
  <id>
   463091709
  </id>
  <name>
   Vans Pants V-6403
  </name>
  <category>
   Pants
  </category>
  <size>
   S
  </size>
  <color>
   Оранжевый
  </color>
  <material>
   Лен
  </material>
  <price>
   356241
  </price>
  <rating>
   3.04
  </rating>
  <reviews>
   152915
  </reviews>
  <exclusive>
   no
  </exclusive>
 </clothing>
 <clothing>
  <id>
   590025323
  </id>
  <name>
   Asics Shirt W-8883
  </name>
  <category>
   Shirt
  </category>
  <size>
   L
  </size>
  <color>
   Фиолетовый
  </color>
  <material>
   Вискоза
  </material>
  <price>
   362716
  </price>
  <rating>
   3.32
  </rating>
  <reviews>
   240354
  </reviews>
  <new>
   +
  </new>
  <sporty>
   no
  </sporty>
 </clothing>
 <clothing>
  <id>
   820836347
  </id>
  <name>
   Ellesse Jeans M-2425
  </name>
  <category>
   Jeans
  </category>
  <size>
   L
  </size>
  <color>
   Желтый
  </color>
  <material>
   Нейлон
  </material>
  <price>
   770065
  </price>
  <rating>
   2.81
  </rating>
  <reviews>
   407866
  </reviews>
  <new>
   -
  </new>
 </clothing>
 <clothing>
  <id>
   904923241
  </id>
  <name>
   Vans Handbags K-7182
  </name>
  <category>
   Handbags
  </category>
  <size>
   S
  </size>
  <color>
   Голубой
  </color>
  <material>
   Шелк
  </material>
  <price>
   758393
  </price>
  <rating>
   3.63
  </rating>
  <reviews>
   836346
  </reviews>
  <sporty>
   no
  </sporty>
 </clothing>
 <clothing>
  <id>
   155937196
  </id>
  <name>
   Asics Pants H-3178
  </name>
  <category>
   Pants
  </category>
  <size>
   S
  </size>
  <color>
   Голубой
  </color>
  <material>
   Лен
  </material>
  <price>
   421389
  </price>
  <rating>
   3.95
  </rating>
  <reviews>
   879821
  </reviews>
  <new>
   +
  </new>
  <exclusive>
   yes
  </exclusive>
  <sporty>
   no
  </sporty>
 </clothing>
 <clothing>
  <id>
   207979316
  </id>
  <name>
   Under Armour Belts D-4547
  </name>
  <category>
   Belts
  </category>
  <size>
   XXL
  </size>
  <color>
   Синий
  </color>
  <material>
   Вискоза
  </material>
  <price>
   635335
  </price>
  <rating>
   1.86
  </rating>
  <reviews>
   821842
  </reviews>
  <new>
   -
  </new>
  <exclusive>
   no
  </exclusive>
  <sporty>
   no
  </sporty>
 </clothing>
 <clothing>
  <id>
   318150536
  </id>
  <name>
   Adidas Shirt P-5308
  </name>
  <category>
   Shirt
  </category>
  <size>
   XL
  </size>
  <color>
   Зеленый
  </color>
  <material>
   Лен
  </material>
  <price>
   384212
  </price>
  <rating>
   3.53
  </rating>
  <reviews>
   585267
  </reviews>
  <new>
   -
  </new>
 </clothing>
 <clothing>
  <id>
   282216038
  </id>
  <name>
   PleinSport Hat H-6246
  </name>
  <category>
   Hat
  </category>
  <size>
   L
  </size>
  <color>
   Оранжевый
  </color>
  <material>
   Шелк
  </material>
  <price>
   697793
  </price>
  <rating>
   3.44
  </rating>
  <reviews>
   794126
  </reviews>
  <new>
   -
  </new>
  <exclusive>
   no
  </exclusive>
 </clothing>
 <clothing>
  <id>
   437387882
  </id>
  <name>
   Addidas Jeans P-6384
  </name>
  <category>
   Jeans
  </category>
  <size>
   XXL
  </size>
  <color>
   Фиолетовый
  </color>
  <material>
   Хлопок
  </material>
  <price>
   320997
  </price>
  <rating>
   2.15
  </rating>
  <reviews>
   346397
  </reviews>
  <new>
   -
  </new>
  <exclusive>
   yes
  </exclusive>
  <sporty>
   yes
  </sporty>
 </clothing>
 <clothing>
  <id>
   200025684
  </id>
  <name>
   Fila Shoes U-3122
  </name>
  <category>
   Shoes
  </category>
  <size>
   XXL
  </size>
  <color>
   Желтый
  </color>
  <material>
   Лен
  </material>
  <price>
   196426
  </price>
  <rating>
   2.97
  </rating>
  <reviews>
   305672
  </reviews>
  <sporty>
   yes
  </sporty>
 </clothing>
 <clothing>
  <id>
   671447242
  </id>
  <name>
   DC Pants B-8300
  </name>
  <category>
   Pants
  </category>
  <size>
   L
  </size>
  <color>
   Оранжевый
  </color>
  <material>
   Хлопок
  </material>
  <price>
   813451
  </price>
  <rating>
   1.85
  </rating>
  <reviews>
   885493
  </reviews>
  <exclusive>
   no
  </exclusive>
  <sporty>
   yes
  </sporty>
 </clothing>
 <clothing>
  <id>
   277703019
  </id>
  <name>
   Converse Dress E-6025
  </name>
  <category>
   Dress
  </category>
  <size>
   L
  </size>
  <color>
   Синий
  </color>
  <material>
   Кожа
  </material>
  <price>
   837436
  </price>
  <rating>
   4.15
  </rating>
  <reviews>
   326495
  </reviews>
  <new>
   +
  </new>
  <exclusive>
   yes
  </exclusive>
  <sporty>
   no
  </sporty>
 </clothing>
 <clothing>
  <id>
   523915368
  </id>
  <name>
   Fila Belts N-7662
  </name>
  <category>
   Belts
  </category>
  <size>
   XXL
  </size>
  <color>
   Фиолетовый
  </color>
  <material>
   Лен
  </material>
  <price>
   165574
  </price>
  <rating>
   4.4
  </rating>
  <reviews>
   499034
  </reviews>
  <exclusive>
   yes
  </exclusive>
  <sporty>
   yes
  </sporty>
 </clothing>
 <clothing>
  <id>
   160622582
  </id>
  <name>
   Nike Socks E-8801
  </name>
  <category>
   Socks
  </category>
  <size>
   XXL
  </size>
  <color>
   Синий
  </color>
  <material>
   Лен
  </material>
  <price>
   855709
  </price>
  <rating>
   1.0
  </rating>
  <reviews>
   68648
  </reviews>
  <new>
   +
  </new>
 </clothing>
 <clothing>
  <id>
   333373739
  </id>
  <name>
   New Balance Gloves V-3046
  </name>
  <category>
   Gloves
  </category>
  <size>
   S
  </size>
  <color>
   Желтый
  </color>
  <material>
   Шерсть
  </material>
  <price>
   645540
  </price>
  <rating>
   4.1
  </rating>
  <reviews>
   258586
  </reviews>
  <exclusive>
   yes
  </exclusive>
  <sporty>
   no
  </sporty>
 </clothing>
 <clothing>
  <id>
   822288881
  </id>
  <name>
   Lacoste Blouse N-7368
  </name>
  <category>
   Blouse
  </category>
  <size>
   M
  </size>
  <color>
   Оранжевый
  </color>
  <material>
   Полиэстер
  </material>
  <price>
   325132
  </price>
  <rating>
   3.36
  </rating>
  <reviews>
   445471
  </reviews>
  <exclusive>
   no
  </exclusive>
  <sporty>
   no
  </sporty>
 </clothing>
 <clothing>
  <id>
   777859084
  </id>
  <name>
   Vans Handbags J-6524
  </name>
  <category>
   Handbags
  </category>
  <size>
   XXL
  </size>
  <color>
   Синий
  </color>
  <material>
   Хлопок
  </material>
  <price>
   372173
  </price>
  <rating>
   1.73
  </rating>
  <reviews>
   65931
  </reviews>
  <exclusive>
   no
  </exclusive>
 </clothing>
 <clothing>
  <id>
   503815724
  </id>
  <name>
   Vans Handbags A-7444
  </name>
  <category>
   Handbags
  </category>
  <size>
   S
  </size>
  <color>
   Фиолетовый
  </color>
  <material>
   Полиэстер
  </material>
  <price>
   799977
  </price>
  <rating>
   5.0
  </rating>
  <reviews>
   465240
  </reviews>
  <sporty>
   yes
  </sporty>
 </clothing>
 <clothing>
  <id>
   527280816
  </id>
  <name>
   Puma Shoes T-7863
  </name>
  <category>
   Shoes
  </category>
  <size>
   S
  </size>
  <color>
   Голубой
  </color>
  <material>
   Кожа
  </material>
  <price>
   292979
  </price>
  <rating>
   2.54
  </rating>
  <reviews>
   674291
  </reviews>
  <new>
   +
  </new>
  <exclusive>
   no
  </exclusive>
 </clothing>
 <clothing>
  <id>
   374765931
  </id>
  <name>
   Puma Jacket H-5307
  </name>
  <category>
   Jacket
  </category>
  <size>
   XL
  </size>
  <color>
   Голубой
  </color>
  <material>
   Шерсть
  </material>
  <price>
   911316
  </price>
  <rating>
   2.17
  </rating>
  <reviews>
   930071
  </reviews>
  <new>
   -
  </new>
  <exclusive>
   no
  </exclusive>
  <sporty>
   yes
  </sporty>
 </clothing>
 <clothing>
  <id>
   122393664
  </id>
  <name>
   Lacoste Dress E-2555
  </name>
  <category>
   Dress
  </category>
  <size>
   XL
  </size>
  <color>
   Голубой
  </color>
  <material>
   Шерсть
  </material>
  <price>
   910539
  </price>
  <rating>
   4.29
  </rating>
  <reviews>
   363764
  </reviews>
  <new>
   +
  </new>
  <sporty>
   no
  </sporty>
 </clothing>
</clothing-items>
