<?xml version="1.0" encoding="utf-8"?>
<clothing-items>
 <clothing>
  <id>
   506104809
  </id>
  <name>
   Puma Gloves E-5493
  </name>
  <category>
   Gloves
  </category>
  <size>
   XXL
  </size>
  <color>
   Желтый
  </color>
  <material>
   Полиэстер
  </material>
  <price>
   660570
  </price>
  <rating>
   4.87
  </rating>
  <reviews>
   518096
  </reviews>
  <new>
   -
  </new>
  <sporty>
   yes
  </sporty>
 </clothing>
 <clothing>
  <id>
   256130234
  </id>
  <name>
   PleinSport Umbrellas A-6089
  </name>
  <category>
   Umbrellas
  </category>
  <size>
   XXL
  </size>
  <color>
   Фиолетовый
  </color>
  <material>
   Нейлон
  </material>
  <price>
   985263
  </price>
  <rating>
   3.28
  </rating>
  <reviews>
   830822
  </reviews>
  <new>
   +
  </new>
  <exclusive>
   no
  </exclusive>
  <sporty>
   no
  </sporty>
 </clothing>
 <clothing>
  <id>
   222254712
  </id>
  <name>
   Reebok Gloves D-3272
  </name>
  <category>
   Gloves
  </category>
  <size>
   L
  </size>
  <color>
   Голубой
  </color>
  <material>
   Шелк
  </material>
  <price>
   636289
  </price>
  <rating>
   3.17
  </rating>
  <reviews>
   9949
  </reviews>
  <exclusive>
   no
  </exclusive>
  <sporty>
   no
  </sporty>
 </clothing>
 <clothing>
  <id>
   506067170
  </id>
  <name>
   Puma Dress Y-1958
  </name>
  <category>
   Dress
  </category>
  <size>
   XL
  </size>
  <color>
   Фиолетовый
  </color>
  <material>
   Шерсть
  </material>
  <price>
   882206
  </price>
  <rating>
   2.28
  </rating>
  <reviews>
   124380
  </reviews>
 </clothing>
 <clothing>
  <id>
   898865862
  </id>
  <name>
   Nike Gloves U-2831
  </name>
  <category>
   Gloves
  </category>
  <size>
   XL
  </size>
  <color>
   Желтый
  </color>
  <material>
   Вискоза
  </material>
  <price>
   125537
  </price>
  <rating>
   4.49
  </rating>
  <reviews>
   686366
  </reviews>
  <new>
   -
  </new>
  <sporty>
   no
  </sporty>
 </clothing>
 <clothing>
  <id>
   133897155
  </id>
  <name>
   Ellesse Socks X-5545
  </name>
  <category>
   Socks
  </category>
  <size>
   M
  </size>
  <color>
   Зеленый
  </color>
  <material>
   Шерсть
  </material>
  <price>
   617991
  </price>
  <rating>
   1.37
  </rating>
  <reviews>
   400898
  </reviews>
  <new>
   +
  </new>
 </clothing>
 <clothing>
  <id>
   925953265
  </id>
  <name>
   Adidas Handbags O-9054
  </name>
  <category>
   Handbags
  </category>
  <size>
   XXL
  </size>
  <color>
   Желтый
  </color>
  <material>
   Шерсть
  </material>
  <price>
   427998
  </price>
  <rating>
   1.24
  </rating>
  <reviews>
   228634
  </reviews>
 </clothing>
 <clothing>
  <id>
   617809009
  </id>
  <name>
   PleinSport Handbags Z-2187
  </name>
  <category>
   Handbags
  </category>
  <size>
   L
  </size>
  <color>
   Фиолетовый
  </color>
  <material>
   Хлопок
  </material>
  <price>
   466348
  </price>
  <rating>
   2.82
  </rating>
  <reviews>
   280683
  </reviews>
  <new>
   +
  </new>
  <exclusive>
   yes
  </exclusive>
  <sporty>
   no
  </sporty>
 </clothing>
 <clothing>
  <id>
   812603411
  </id>
  <name>
   Asics Jeans C-5331
  </name>
  <category>
   Jeans
  </category>
  <size>
   M
  </size>
  <color>
   Оранжевый
  </color>
  <material>
   Шерсть
  </material>
  <price>
   274464
  </price>
  <rating>
   2.94
  </rating>
  <reviews>
   786566
  </reviews>
  <new>
   -
  </new>
 </clothing>
 <clothing>
  <id>
   115567032
  </id>
  <name>
   Converse Pants B-1392
  </name>
  <category>
   Pants
  </category>
  <size>
   M
  </size>
  <color>
   Желтый
  </color>
  <material>
   Кожа
  </material>
  <price>
   502645
  </price>
  <rating>
   2.39
  </rating>
  <reviews>
   754618
  </reviews>
  <new>
   +
  </new>
  <exclusive>
   yes
  </exclusive>
 </clothing>
 <clothing>
  <id>
   685493673
  </id>
  <name>
   DC Pants F-6839
  </name>
  <category>
   Pants
  </category>
  <size>
   XXL
  </size>
  <color>
   Голубой
  </color>
  <material>
   Лен
  </material>
  <price>
   198759
  </price>
  <rating>
   1.42
  </rating>
  <reviews>
   571258
  </reviews>
  <new>
   -
  </new>
  <sporty>
   no
  </sporty>
 </clothing>
 <clothing>
  <id>
   514604361
  </id>
  <name>
   Nike Skirt L-8276
  </name>
  <category>
   Skirt
  </category>
  <size>
   XXL
  </size>
  <color>
   Желтый
  </color>
  <material>
   Шелк
  </material>
  <price>
   495881
  </price>
  <rating>
   2.5
  </rating>
  <reviews>
   523838
  </reviews>
  <exclusive>
   no
  </exclusive>
  <sporty>
   no
  </sporty>
 </clothing>
 <clothing>
  <id>
   805110323
  </id>
  <name>
   Vans Skirt F-7354
  </name>
  <category>
   Skirt
  </category>
  <size>
   L
  </size>
  <color>
   Зеленый
  </color>
  <material>
   Шелк
  </material>
  <price>
   544920
  </price>
  <rating>
   4.1
  </rating>
  <reviews>
   629693
  </reviews>
  <new>
   +
  </new>
  <sporty>
   no
  </sporty>
 </clothing>
 <clothing>
  <id>
   660209731
  </id>
  <name>
   Asics Shirt V-5217
  </name>
  <category>
   Shirt
  </category>
  <size>
   M
  </size>
  <color>
   Зеленый
  </color>
  <material>
   Вискоза
  </material>
  <price>
   828719
  </price>
  <rating>
   3.66
  </rating>
  <reviews>
   306219
  </reviews>
  <new>
   +
  </new>
  <exclusive>
   no
  </exclusive>
  <sporty>
   yes
  </sporty>
 </clothing>
 <clothing>
  <id>
   363215497
  </id>
  <name>
   Lacoste Belts X-6322
  </name>
  <category>
   Belts
  </category>
  <size>
   L
  </size>
  <color>
   Желтый
  </color>
  <material>
   Кожа
  </material>
  <price>
   326477
  </price>
  <rating>
   4.02
  </rating>
  <reviews>
   579452
  </reviews>
  <exclusive>
   no
  </exclusive>
  <sporty>
   no
  </sporty>
 </clothing>
 <clothing>
  <id>
   179794065
  </id>
  <name>
   Converse Jeans O-7223
  </name>
  <category>
   Jeans
  </category>
  <size>
   S
  </size>
  <color>
   Синий
  </color>
  <material>
   Лен
  </material>
  <price>
   911600
  </price>
  <rating>
   2.75
  </rating>
  <reviews>
   854613
  </reviews>
  <new>
   +
  </new>
  <exclusive>
   no
  </exclusive>
  <sporty>
   no
  </sporty>
 </clothing>
 <clothing>
  <id>
   153155069
  </id>
  <name>
   PleinSport Umbrellas V-4840
  </name>
  <category>
   Umbrellas
  </category>
  <size>
   S
  </size>
  <color>
   Оранжевый
  </color>
  <material>
   Полиэстер
  </material>
  <price>
   749800
  </price>
  <rating>
   1.35
  </rating>
  <reviews>
   135324
  </reviews>
  <new>
   -
  </new>
  <sporty>
   yes
  </sporty>
 </clothing>
 <clothing>
  <id>
   142930583
  </id>
  <name>
   Asics Belts K-3645
  </name>
  <category>
   Belts
  </category>
  <size>
   XL
  </size>
  <color>
   Голубой
  </color>
  <material>
   Нейлон
  </material>
  <price>
   918387
  </price>
  <rating>
   2.07
  </rating>
  <reviews>
   710045
  </reviews>
  <exclusive>
   no
  </exclusive>
 </clothing>
 <clothing>
  <id>
   793882710
  </id>
  <name>
   Nike Sweater G-6585
  </name>
  <category>
   Sweater
  </category>
  <size>
   XL
  </size>
  <color>
   Оранжевый
  </color>
  <material>
   Вискоза
  </material>
  <price>
   706550
  </price>
  <rating>
   4.49
  </rating>
  <reviews>
   914400
  </reviews>
  <new>
   -
  </new>
  <exclusive>
   yes
  </exclusive>
  <sporty>
   no
  </sporty>
 </clothing>
 <clothing>
  <id>
   805759456
  </id>
  <name>
   Reebok T-shirt G-2523
  </name>
  <category>
   T-shirt
  </category>
  <size>
   M
  </size>
  <color>
   Голубой
  </color>
  <material>
   Нейлон
  </material>
  <price>
   332426
  </price>
  <rating>
   3.57
  </rating>
  <reviews>
   200982
  </reviews>
  <exclusive>
   no
  </exclusive>
  <sporty>
   no
  </sporty>
 </clothing>
 <clothing>
  <id>
   925353617
  </id>
  <name>
   New Balance Dress U-3238
  </name>
  <category>
   Dress
  </category>
  <size>
   XL
  </size>
  <color>
   Зеленый
  </color>
  <material>
   Нейлон
  </material>
  <price>
   354962
  </price>
  <rating>
   3.83
  </rating>
  <reviews>
   577513
  </reviews>
  <new>
   -
  </new>
  <exclusive>
   no
  </exclusive>
  <sporty>
   no
  </sporty>
 </clothing>
 <clothing>
  <id>
   513066624
  </id>
  <name>
   PleinSport Skirt V-8271
  </name>
  <category>
   Skirt
  </category>
  <size>
   M
  </size>
  <color>
   Оранжевый
  </color>
  <material>
   Лен
  </material>
  <price>
   532351
  </price>
  <rating>
   3.92
  </rating>
  <reviews>
   654604
  </reviews>
  <new>
   +
  </new>
  <exclusive>
   no
  </exclusive>
  <sporty>
   no
  </sporty>
 </clothing>
</clothing-items>
