<?xml version="1.0" encoding="utf-8"?>
<clothing-items>
 <clothing>
  <id>
   141169152
  </id>
  <name>
   Puma Umbrellas D-9721
  </name>
  <category>
   Umbrellas
  </category>
  <size>
   XL
  </size>
  <color>
   Фиолетовый
  </color>
  <material>
   Вискоза
  </material>
  <price>
   703049
  </price>
  <rating>
   3.74
  </rating>
  <reviews>
   739695
  </reviews>
  <sporty>
   no
  </sporty>
 </clothing>
 <clothing>
  <id>
   973218783
  </id>
  <name>
   Vans Gloves A-7419
  </name>
  <category>
   Gloves
  </category>
  <size>
   XL
  </size>
  <color>
   Желтый
  </color>
  <material>
   Шерсть
  </material>
  <price>
   771825
  </price>
  <rating>
   3.48
  </rating>
  <reviews>
   723310
  </reviews>
  <new>
   -
  </new>
  <exclusive>
   no
  </exclusive>
  <sporty>
   yes
  </sporty>
 </clothing>
 <clothing>
  <id>
   660201602
  </id>
  <name>
   DC Belts H-1478
  </name>
  <category>
   Belts
  </category>
  <size>
   XL
  </size>
  <color>
   Голубой
  </color>
  <material>
   Шелк
  </material>
  <price>
   999769
  </price>
  <rating>
   1.25
  </rating>
  <reviews>
   496108
  </reviews>
  <new>
   -
  </new>
  <exclusive>
   yes
  </exclusive>
 </clothing>
 <clothing>
  <id>
   375246177
  </id>
  <name>
   Nike Jeans D-5137
  </name>
  <category>
   Jeans
  </category>
  <size>
   M
  </size>
  <color>
   Красный
  </color>
  <material>
   Нейлон
  </material>
  <price>
   517931
  </price>
  <rating>
   3.33
  </rating>
  <reviews>
   344298
  </reviews>
  <new>
   -
  </new>
  <sporty>
   no
  </sporty>
 </clothing>
 <clothing>
  <id>
   828373309
  </id>
  <name>
   Adidas Sweater J-5984
  </name>
  <category>
   Sweater
  </category>
  <size>
   L
  </size>
  <color>
   Синий
  </color>
  <material>
   Шерсть
  </material>
  <price>
   910143
  </price>
  <rating>
   4.78
  </rating>
  <reviews>
   523336
  </reviews>
  <new>
   -
  </new>
  <exclusive>
   no
  </exclusive>
  <sporty>
   no
  </sporty>
 </clothing>
 <clothing>
  <id>
   659065979
  </id>
  <name>
   Brooks Socks R-5279
  </name>
  <category>
   Socks
  </category>
  <size>
   M
  </size>
  <color>
   Желтый
  </color>
  <material>
   Шелк
  </material>
  <price>
   902209
  </price>
  <rating>
   1.98
  </rating>
  <reviews>
   689600
  </reviews>
  <exclusive>
   yes
  </exclusive>
  <sporty>
   no
  </sporty>
 </clothing>
 <clothing>
  <id>
   239548502
  </id>
  <name>
   PleinSport Sweater N-2205
  </name>
  <category>
   Sweater
  </category>
  <size>
   S
  </size>
  <color>
   Красный
  </color>
  <material>
   Хлопок
  </material>
  <price>
   557739
  </price>
  <rating>
   1.93
  </rating>
  <reviews>
   366827
  </reviews>
 </clothing>
 <clothing>
  <id>
   103617326
  </id>
  <name>
   DC Sweater O-7617
  </name>
  <category>
   Sweater
  </category>
  <size>
   M
  </size>
  <color>
   Синий
  </color>
  <material>
   Шерсть
  </material>
  <price>
   647570
  </price>
  <rating>
   2.64
  </rating>
  <reviews>
   678056
  </reviews>
  <exclusive>
   no
  </exclusive>
  <sporty>
   yes
  </sporty>
 </clothing>
 <clothing>
  <id>
   708103162
  </id>
  <name>
   Puma Shirt L-3345
  </name>
  <category>
   Shirt
  </category>
  <size>
   S
  </size>
  <color>
   Красный
  </color>
  <material>
   Лен
  </material>
  <price>
   593796
  </price>
  <rating>
   3.48
  </rating>
  <reviews>
   50721
  </reviews>
 </clothing>
 <clothing>
  <id>
   778848924
  </id>
  <name>
   Under Armour Skirt D-2562
  </name>
  <category>
   Skirt
  </category>
  <size>
   XXL
  </size>
  <color>
   Красный
  </color>
  <material>
   Хлопок
  </material>
  <price>
   544698
  </price>
  <rating>
   4.53
  </rating>
  <reviews>
   516137
  </reviews>
  <new>
   -
  </new>
  <sporty>
   no
  </sporty>
 </clothing>
 <clothing>
  <id>
   517763690
  </id>
  <name>
   Converse Handbags N-2331
  </name>
  <category>
   Handbags
  </category>
  <size>
   XXL
  </size>
  <color>
   Красный
  </color>
  <material>
   Хлопок
  </material>
  <price>
   170896
  </price>
  <rating>
   3.9
  </rating>
  <reviews>
   611275
  </reviews>
  <exclusive>
   no
  </exclusive>
  <sporty>
   no
  </sporty>
 </clothing>
 <clothing>
  <id>
   259422118
  </id>
  <name>
   Reebok Sweater Z-9605
  </name>
  <category>
   Sweater
  </category>
  <size>
   XL
  </size>
  <color>
   Голубой
  </color>
  <material>
   Хлопок
  </material>
  <price>
   723898
  </price>
  <rating>
   3.75
  </rating>
  <reviews>
   344392
  </reviews>
  <new>
   -
  </new>
  <sporty>
   no
  </sporty>
 </clothing>
 <clothing>
  <id>
   283838437
  </id>
  <name>
   Asics Jacket O-8797
  </name>
  <category>
   Jacket
  </category>
  <size>
   S
  </size>
  <color>
   Оранжевый
  </color>
  <material>
   Кожа
  </material>
  <price>
   928058
  </price>
  <rating>
   3.47
  </rating>
  <reviews>
   197434
  </reviews>
  <new>
   -
  </new>
  <sporty>
   yes
  </sporty>
 </clothing>
 <clothing>
  <id>
   378267814
  </id>
  <name>
   Vans Sweater K-6583
  </name>
  <category>
   Sweater
  </category>
  <size>
   S
  </size>
  <color>
   Зеленый
  </color>
  <material>
   Хлопок
  </material>
  <price>
   420087
  </price>
  <rating>
   1.09
  </rating>
  <reviews>
   284474
  </reviews>
  <sporty>
   no
  </sporty>
 </clothing>
 <clothing>
  <id>
   655506802
  </id>
  <name>
   Brooks Jacket D-3835
  </name>
  <category>
   Jacket
  </category>
  <size>
   L
  </size>
  <color>
   Фиолетовый
  </color>
  <material>
   Лен
  </material>
  <price>
   482965
  </price>
  <rating>
   2.0
  </rating>
  <reviews>
   342172
  </reviews>
  <sporty>
   no
  </sporty>
 </clothing>
 <clothing>
  <id>
   542467383
  </id>
  <name>
   New Balance Handbags D-2505
  </name>
  <category>
   Handbags
  </category>
  <size>
   XXL
  </size>
  <color>
   Синий
  </color>
  <material>
   Кожа
  </material>
  <price>
   401328
  </price>
  <rating>
   4.44
  </rating>
  <reviews>
   694342
  </reviews>
  <new>
   +
  </new>
  <exclusive>
   yes
  </exclusive>
 </clothing>
 <clothing>
  <id>
   871505957
  </id>
  <name>
   Lacoste Dress V-9677
  </name>
  <category>
   Dress
  </category>
  <size>
   XL
  </size>
  <color>
   Оранжевый
  </color>
  <material>
   Полиэстер
  </material>
  <price>
   336853
  </price>
  <rating>
   2.33
  </rating>
  <reviews>
   817843
  </reviews>
  <new>
   -
  </new>
  <exclusive>
   no
  </exclusive>
 </clothing>
 <clothing>
  <id>
   222226089
  </id>
  <name>
   PleinSport T-shirt V-5949
  </name>
  <category>
   T-shirt
  </category>
  <size>
   M
  </size>
  <color>
   Зеленый
  </color>
  <material>
   Шерсть
  </material>
  <price>
   605078
  </price>
  <rating>
   3.57
  </rating>
  <reviews>
   859335
  </reviews>
  <new>
   +
  </new>
  <exclusive>
   no
  </exclusive>
  <sporty>
   no
  </sporty>
 </clothing>
 <clothing>
  <id>
   526931995
  </id>
  <name>
   Puma Jacket E-1859
  </name>
  <category>
   Jacket
  </category>
  <size>
   M
  </size>
  <color>
   Зеленый
  </color>
  <material>
   Хлопок
  </material>
  <price>
   652775
  </price>
  <rating>
   3.18
  </rating>
  <reviews>
   173495
  </reviews>
  <new>
   +
  </new>
  <sporty>
   yes
  </sporty>
 </clothing>
 <clothing>
  <id>
   110316669
  </id>
  <name>
   Adidas Jeans R-8688
  </name>
  <category>
   Jeans
  </category>
  <size>
   S
  </size>
  <color>
   Желтый
  </color>
  <material>
   Кожа
  </material>
  <price>
   650069
  </price>
  <rating>
   1.14
  </rating>
  <reviews>
   305875
  </reviews>
  <new>
   -
  </new>
 </clothing>
 <clothing>
  <id>
   708595210
  </id>
  <name>
   Puma T-shirt V-6138
  </name>
  <category>
   T-shirt
  </category>
  <size>
   S
  </size>
  <color>
   Синий
  </color>
  <material>
   Кожа
  </material>
  <price>
   788755
  </price>
  <rating>
   1.73
  </rating>
  <reviews>
   715854
  </reviews>
  <new>
   -
  </new>
  <exclusive>
   yes
  </exclusive>
  <sporty>
   no
  </sporty>
 </clothing>
 <clothing>
  <id>
   532696850
  </id>
  <name>
   PleinSport Handbags M-1764
  </name>
  <category>
   Handbags
  </category>
  <size>
   S
  </size>
  <color>
   Желтый
  </color>
  <material>
   Полиэстер
  </material>
  <price>
   885964
  </price>
  <rating>
   4.21
  </rating>
  <reviews>
   526786
  </reviews>
  <new>
   -
  </new>
  <sporty>
   no
  </sporty>
 </clothing>
 <clothing>
  <id>
   514745468
  </id>
  <name>
   Reebok Sweater T-9686
  </name>
  <category>
   Sweater
  </category>
  <size>
   XXL
  </size>
  <color>
   Голубой
  </color>
  <material>
   Лен
  </material>
  <price>
   746581
  </price>
  <rating>
   1.62
  </rating>
  <reviews>
   882986
  </reviews>
  <new>
   -
  </new>
 </clothing>
 <clothing>
  <id>
   901136518
  </id>
  <name>
   Under Armour Belts G-6474
  </name>
  <category>
   Belts
  </category>
  <size>
   XXL
  </size>
  <color>
   Желтый
  </color>
  <material>
   Кожа
  </material>
  <price>
   289525
  </price>
  <rating>
   2.96
  </rating>
  <reviews>
   671336
  </reviews>
  <new>
   +
  </new>
  <exclusive>
   no
  </exclusive>
  <sporty>
   no
  </sporty>
 </clothing>
 <clothing>
  <id>
   545459424
  </id>
  <name>
   Adidas Handbags U-3447
  </name>
  <category>
   Handbags
  </category>
  <size>
   XL
  </size>
  <color>
   Голубой
  </color>
  <material>
   Шелк
  </material>
  <price>
   885721
  </price>
  <rating>
   4.43
  </rating>
  <reviews>
   315643
  </reviews>
  <new>
   -
  </new>
  <exclusive>
   no
  </exclusive>
  <sporty>
   yes
  </sporty>
 </clothing>
 <clothing>
  <id>
   931269012
  </id>
  <name>
   Puma Belts R-1086
  </name>
  <category>
   Belts
  </category>
  <size>
   L
  </size>
  <color>
   Голубой
  </color>
  <material>
   Шерсть
  </material>
  <price>
   187205
  </price>
  <rating>
   4.52
  </rating>
  <reviews>
   561424
  </reviews>
  <new>
   -
  </new>
  <exclusive>
   no
  </exclusive>
  <sporty>
   no
  </sporty>
 </clothing>
 <clothing>
  <id>
   816959522
  </id>
  <name>
   Vans T-shirt I-7273
  </name>
  <category>
   T-shirt
  </category>
  <size>
   L
  </size>
  <color>
   Оранжевый
  </color>
  <material>
   Полиэстер
  </material>
  <price>
   713796
  </price>
  <rating>
   3.16
  </rating>
  <reviews>
   820575
  </reviews>
  <new>
   +
  </new>
  <sporty>
   yes
  </sporty>
 </clothing>
 <clothing>
  <id>
   462577680
  </id>
  <name>
   DC Jacket A-6395
  </name>
  <category>
   Jacket
  </category>
  <size>
   M
  </size>
  <color>
   Голубой
  </color>
  <material>
   Нейлон
  </material>
  <price>
   820151
  </price>
  <rating>
   1.58
  </rating>
  <reviews>
   274779
  </reviews>
  <sporty>
   no
  </sporty>
 </clothing>
 <clothing>
  <id>
   632441757
  </id>
  <name>
   Puma Shoes K-4167
  </name>
  <category>
   Shoes
  </category>
  <size>
   S
  </size>
  <color>
   Красный
  </color>
  <material>
   Полиэстер
  </material>
  <price>
   952804
  </price>
  <rating>
   2.02
  </rating>
  <reviews>
   1671
  </reviews>
  <exclusive>
   yes
  </exclusive>
  <sporty>
   no
  </sporty>
 </clothing>
</clothing-items>
