<?xml version="1.0" encoding="utf-8"?>
<clothing-items>
 <clothing>
  <id>
   855242507
  </id>
  <name>
   Under Armour Gloves O-9974
  </name>
  <category>
   Gloves
  </category>
  <size>
   S
  </size>
  <color>
   Зеленый
  </color>
  <material>
   Хлопок
  </material>
  <price>
   905863
  </price>
  <rating>
   2.17
  </rating>
  <reviews>
   42667
  </reviews>
  <exclusive>
   yes
  </exclusive>
  <sporty>
   yes
  </sporty>
 </clothing>
 <clothing>
  <id>
   603353442
  </id>
  <name>
   New Balance Sweater T-1236
  </name>
  <category>
   Sweater
  </category>
  <size>
   S
  </size>
  <color>
   Синий
  </color>
  <material>
   Кожа
  </material>
  <price>
   444919
  </price>
  <rating>
   1.46
  </rating>
  <reviews>
   866867
  </reviews>
  <sporty>
   yes
  </sporty>
 </clothing>
 <clothing>
  <id>
   930156750
  </id>
  <name>
   Brooks Handbags Q-8098
  </name>
  <category>
   Handbags
  </category>
  <size>
   S
  </size>
  <color>
   Голубой
  </color>
  <material>
   Хлопок
  </material>
  <price>
   986269
  </price>
  <rating>
   3.23
  </rating>
  <reviews>
   835614
  </reviews>
  <new>
   +
  </new>
  <exclusive>
   no
  </exclusive>
  <sporty>
   no
  </sporty>
 </clothing>
 <clothing>
  <id>
   592609466
  </id>
  <name>
   Fila T-shirt O-3764
  </name>
  <category>
   T-shirt
  </category>
  <size>
   L
  </size>
  <color>
   Желтый
  </color>
  <material>
   Шелк
  </material>
  <price>
   424494
  </price>
  <rating>
   1.0
  </rating>
  <reviews>
   26030
  </reviews>
  <new>
   -
  </new>
  <sporty>
   no
  </sporty>
 </clothing>
 <clothing>
  <id>
   248016650
  </id>
  <name>
   Vans Handbags R-7743
  </name>
  <category>
   Handbags
  </category>
  <size>
   L
  </size>
  <color>
   Желтый
  </color>
  <material>
   Полиэстер
  </material>
  <price>
   871108
  </price>
  <rating>
   4.55
  </rating>
  <reviews>
   619144
  </reviews>
  <new>
   -
  </new>
  <sporty>
   no
  </sporty>
 </clothing>
 <clothing>
  <id>
   318563312
  </id>
  <name>
   Addidas Socks X-6062
  </name>
  <category>
   Socks
  </category>
  <size>
   L
  </size>
  <color>
   Фиолетовый
  </color>
  <material>
   Вискоза
  </material>
  <price>
   463523
  </price>
  <rating>
   1.57
  </rating>
  <reviews>
   465754
  </reviews>
  <new>
   +
  </new>
  <exclusive>
   no
  </exclusive>
 </clothing>
 <clothing>
  <id>
   935377387
  </id>
  <name>
   Lacoste Pants Z-8339
  </name>
  <category>
   Pants
  </category>
  <size>
   XXL
  </size>
  <color>
   Фиолетовый
  </color>
  <material>
   Кожа
  </material>
  <price>
   874793
  </price>
  <rating>
   1.11
  </rating>
  <reviews>
   642217
  </reviews>
  <new>
   -
  </new>
 </clothing>
 <clothing>
  <id>
   541610987
  </id>
  <name>
   DC Shirt C-5324
  </name>
  <category>
   Shirt
  </category>
  <size>
   M
  </size>
  <color>
   Фиолетовый
  </color>
  <material>
   Шерсть
  </material>
  <price>
   745227
  </price>
  <rating>
   3.19
  </rating>
  <reviews>
   912147
  </reviews>
  <new>
   -
  </new>
  <exclusive>
   yes
  </exclusive>
  <sporty>
   no
  </sporty>
 </clothing>
 <clothing>
  <id>
   571286152
  </id>
  <name>
   Asics Belts K-5587
  </name>
  <category>
   Belts
  </category>
  <size>
   XL
  </size>
  <color>
   Оранжевый
  </color>
  <material>
   Вискоза
  </material>
  <price>
   832847
  </price>
  <rating>
   2.33
  </rating>
  <reviews>
   591030
  </reviews>
  <exclusive>
   yes
  </exclusive>
  <sporty>
   no
  </sporty>
 </clothing>
 <clothing>
  <id>
   905221578
  </id>
  <name>
   Ellesse Handbags E-9516
  </name>
  <category>
   Handbags
  </category>
  <size>
   XXL
  </size>
  <color>
   Зеленый
  </color>
  <material>
   Шелк
  </material>
  <price>
   875907
  </price>
  <rating>
   2.01
  </rating>
  <reviews>
   822473
  </reviews>
  <new>
   +
  </new>
  <exclusive>
   yes
  </exclusive>
  <sporty>
   no
  </sporty>
 </clothing>
 <clothing>
  <id>
   567715354
  </id>
  <name>
   Reebok Gloves F-8831
  </name>
  <category>
   Gloves
  </category>
  <size>
   L
  </size>
  <color>
   Желтый
  </color>
  <material>
   Шерсть
  </material>
  <price>
   646861
  </price>
  <rating>
   3.69
  </rating>
  <reviews>
   188764
  </reviews>
 </clothing>
 <clothing>
  <id>
   748095389
  </id>
  <name>
   Brooks Handbags R-7415
  </name>
  <category>
   Handbags
  </category>
  <size>
   M
  </size>
  <color>
   Фиолетовый
  </color>
  <material>
   Нейлон
  </material>
  <price>
   818828
  </price>
  <rating>
   4.96
  </rating>
  <reviews>
   11274
  </reviews>
 </clothing>
 <clothing>
  <id>
   962250104
  </id>
  <name>
   Fila Jacket V-6799
  </name>
  <category>
   Jacket
  </category>
  <size>
   XXL
  </size>
  <color>
   Красный
  </color>
  <material>
   Лен
  </material>
  <price>
   554446
  </price>
  <rating>
   2.96
  </rating>
  <reviews>
   2270
  </reviews>
  <new>
   -
  </new>
  <exclusive>
   no
  </exclusive>
  <sporty>
   no
  </sporty>
 </clothing>
 <clothing>
  <id>
   143486996
  </id>
  <name>
   Reebok Shirt B-7146
  </name>
  <category>
   Shirt
  </category>
  <size>
   XL
  </size>
  <color>
   Желтый
  </color>
  <material>
   Лен
  </material>
  <price>
   289412
  </price>
  <rating>
   4.24
  </rating>
  <reviews>
   956144
  </reviews>
  <new>
   -
  </new>
  <exclusive>
   no
  </exclusive>
  <sporty>
   yes
  </sporty>
 </clothing>
 <clothing>
  <id>
   491218926
  </id>
  <name>
   Nike Shoes Y-4307
  </name>
  <category>
   Shoes
  </category>
  <size>
   XL
  </size>
  <color>
   Синий
  </color>
  <material>
   Шелк
  </material>
  <price>
   170129
  </price>
  <rating>
   1.35
  </rating>
  <reviews>
   150636
  </reviews>
  <new>
   +
  </new>
 </clothing>
 <clothing>
  <id>
   725258697
  </id>
  <name>
   Nike T-shirt S-6606
  </name>
  <category>
   T-shirt
  </category>
  <size>
   XL
  </size>
  <color>
   Красный
  </color>
  <material>
   Шерсть
  </material>
  <price>
   503711
  </price>
  <rating>
   3.11
  </rating>
  <reviews>
   859139
  </reviews>
  <new>
   -
  </new>
  <exclusive>
   no
  </exclusive>
  <sporty>
   no
  </sporty>
 </clothing>
 <clothing>
  <id>
   238593486
  </id>
  <name>
   Fila Socks S-4507
  </name>
  <category>
   Socks
  </category>
  <size>
   M
  </size>
  <color>
   Желтый
  </color>
  <material>
   Полиэстер
  </material>
  <price>
   951898
  </price>
  <rating>
   3.49
  </rating>
  <reviews>
   606991
  </reviews>
  <new>
   +
  </new>
 </clothing>
</clothing-items>
