<?xml version="1.0" encoding="utf-8"?>
<clothing-items>
 <clothing>
  <id>
   803918261
  </id>
  <name>
   Puma Jeans X-3384
  </name>
  <category>
   Jeans
  </category>
  <size>
   XXL
  </size>
  <color>
   Желтый
  </color>
  <material>
   Лен
  </material>
  <price>
   549711
  </price>
  <rating>
   1.73
  </rating>
  <reviews>
   791590
  </reviews>
  <exclusive>
   no
  </exclusive>
  <sporty>
   no
  </sporty>
 </clothing>
 <clothing>
  <id>
   902209735
  </id>
  <name>
   Asics Dress N-5914
  </name>
  <category>
   Dress
  </category>
  <size>
   S
  </size>
  <color>
   Желтый
  </color>
  <material>
   Шерсть
  </material>
  <price>
   678361
  </price>
  <rating>
   1.96
  </rating>
  <reviews>
   245821
  </reviews>
  <new>
   +
  </new>
  <exclusive>
   no
  </exclusive>
  <sporty>
   no
  </sporty>
 </clothing>
 <clothing>
  <id>
   500890921
  </id>
  <name>
   Adidas T-shirt H-4775
  </name>
  <category>
   T-shirt
  </category>
  <size>
   M
  </size>
  <color>
   Красный
  </color>
  <material>
   Кожа
  </material>
  <price>
   859705
  </price>
  <rating>
   3.23
  </rating>
  <reviews>
   756724
  </reviews>
  <new>
   +
  </new>
  <sporty>
   no
  </sporty>
 </clothing>
 <clothing>
  <id>
   824177339
  </id>
  <name>
   Nike Blouse P-4050
  </name>
  <category>
   Blouse
  </category>
  <size>
   XXL
  </size>
  <color>
   Голубой
  </color>
  <material>
   Кожа
  </material>
  <price>
   353010
  </price>
  <rating>
   4.11
  </rating>
  <reviews>
   46636
  </reviews>
  <exclusive>
   no
  </exclusive>
 </clothing>
 <clothing>
  <id>
   157153414
  </id>
  <name>
   Nike Pants T-3389
  </name>
  <category>
   Pants
  </category>
  <size>
   XXL
  </size>
  <color>
   Синий
  </color>
  <material>
   Нейлон
  </material>
  <price>
   275855
  </price>
  <rating>
   1.9
  </rating>
  <reviews>
   514841
  </reviews>
  <exclusive>
   no
  </exclusive>
  <sporty>
   yes
  </sporty>
 </clothing>
 <clothing>
  <id>
   913428339
  </id>
  <name>
   Under Armour Dress A-9530
  </name>
  <category>
   Dress
  </category>
  <size>
   L
  </size>
  <color>
   Красный
  </color>
  <material>
   Нейлон
  </material>
  <price>
   211463
  </price>
  <rating>
   3.55
  </rating>
  <reviews>
   357753
  </reviews>
  <new>
   -
  </new>
  <exclusive>
   no
  </exclusive>
  <sporty>
   no
  </sporty>
 </clothing>
 <clothing>
  <id>
   172614444
  </id>
  <name>
   Ellesse Blouse F-1082
  </name>
  <category>
   Blouse
  </category>
  <size>
   M
  </size>
  <color>
   Красный
  </color>
  <material>
   Лен
  </material>
  <price>
   138616
  </price>
  <rating>
   1.12
  </rating>
  <reviews>
   471464
  </reviews>
  <new>
   -
  </new>
  <exclusive>
   yes
  </exclusive>
  <sporty>
   no
  </sporty>
 </clothing>
 <clothing>
  <id>
   567779004
  </id>
  <name>
   Addidas Hat E-8889
  </name>
  <category>
   Hat
  </category>
  <size>
   L
  </size>
  <color>
   Желтый
  </color>
  <material>
   Шелк
  </material>
  <price>
   467775
  </price>
  <rating>
   2.98
  </rating>
  <reviews>
   696189
  </reviews>
  <new>
   -
  </new>
 </clothing>
 <clothing>
  <id>
   542567828
  </id>
  <name>
   Under Armour Blouse M-7405
  </name>
  <category>
   Blouse
  </category>
  <size>
   M
  </size>
  <color>
   Голубой
  </color>
  <material>
   Лен
  </material>
  <price>
   332057
  </price>
  <rating>
   1.43
  </rating>
  <reviews>
   872495
  </reviews>
  <sporty>
   yes
  </sporty>
 </clothing>
 <clothing>
  <id>
   870441501
  </id>
  <name>
   Adidas Gloves L-2736
  </name>
  <category>
   Gloves
  </category>
  <size>
   XXL
  </size>
  <color>
   Оранжевый
  </color>
  <material>
   Кожа
  </material>
  <price>
   380779
  </price>
  <rating>
   4.27
  </rating>
  <reviews>
   177367
  </reviews>
  <sporty>
   yes
  </sporty>
 </clothing>
 <clothing>
  <id>
   547100352
  </id>
  <name>
   Lacoste Jeans O-1243
  </name>
  <category>
   Jeans
  </category>
  <size>
   XXL
  </size>
  <color>
   Голубой
  </color>
  <material>
   Вискоза
  </material>
  <price>
   153001
  </price>
  <rating>
   2.67
  </rating>
  <reviews>
   226358
  </reviews>
  <exclusive>
   no
  </exclusive>
 </clothing>
 <clothing>
  <id>
   879008335
  </id>
  <name>
   DC Shirt I-6382
  </name>
  <category>
   Shirt
  </category>
  <size>
   M
  </size>
  <color>
   Синий
  </color>
  <material>
   Шерсть
  </material>
  <price>
   429119
  </price>
  <rating>
   2.25
  </rating>
  <reviews>
   525780
  </reviews>
 </clothing>
 <clothing>
  <id>
   883367234
  </id>
  <name>
   Converse Shirt E-5455
  </name>
  <category>
   Shirt
  </category>
  <size>
   S
  </size>
  <color>
   Голубой
  </color>
  <material>
   Шерсть
  </material>
  <price>
   951665
  </price>
  <rating>
   2.72
  </rating>
  <reviews>
   484930
  </reviews>
 </clothing>
 <clothing>
  <id>
   100108655
  </id>
  <name>
   Fila Skirt X-3705
  </name>
  <category>
   Skirt
  </category>
  <size>
   L
  </size>
  <color>
   Голубой
  </color>
  <material>
   Нейлон
  </material>
  <price>
   884987
  </price>
  <rating>
   2.96
  </rating>
  <reviews>
   240234
  </reviews>
  <new>
   +
  </new>
 </clothing>
 <clothing>
  <id>
   424230921
  </id>
  <name>
   Adidas Handbags J-2215
  </name>
  <category>
   Handbags
  </category>
  <size>
   XXL
  </size>
  <color>
   Красный
  </color>
  <material>
   Лен
  </material>
  <price>
   142407
  </price>
  <rating>
   1.84
  </rating>
  <reviews>
   182121
  </reviews>
  <new>
   +
  </new>
  <exclusive>
   yes
  </exclusive>
 </clothing>
 <clothing>
  <id>
   393322987
  </id>
  <name>
   Addidas Gloves R-7598
  </name>
  <category>
   Gloves
  </category>
  <size>
   XL
  </size>
  <color>
   Красный
  </color>
  <material>
   Хлопок
  </material>
  <price>
   586872
  </price>
  <rating>
   3.67
  </rating>
  <reviews>
   371342
  </reviews>
  <sporty>
   no
  </sporty>
 </clothing>
 <clothing>
  <id>
   783987677
  </id>
  <name>
   Asics Dress Q-4749
  </name>
  <category>
   Dress
  </category>
  <size>
   M
  </size>
  <color>
   Красный
  </color>
  <material>
   Шелк
  </material>
  <price>
   918779
  </price>
  <rating>
   2.17
  </rating>
  <reviews>
   117656
  </reviews>
  <new>
   -
  </new>
  <exclusive>
   no
  </exclusive>
 </clothing>
 <clothing>
  <id>
   328029563
  </id>
  <name>
   Ellesse Handbags H-5182
  </name>
  <category>
   Handbags
  </category>
  <size>
   L
  </size>
  <color>
   Синий
  </color>
  <material>
   Хлопок
  </material>
  <price>
   352976
  </price>
  <rating>
   1.91
  </rating>
  <reviews>
   271037
  </reviews>
  <new>
   +
  </new>
  <exclusive>
   no
  </exclusive>
  <sporty>
   no
  </sporty>
 </clothing>
 <clothing>
  <id>
   371552805
  </id>
  <name>
   Under Armour Jacket D-6985
  </name>
  <category>
   Jacket
  </category>
  <size>
   XL
  </size>
  <color>
   Красный
  </color>
  <material>
   Нейлон
  </material>
  <price>
   229835
  </price>
  <rating>
   2.08
  </rating>
  <reviews>
   351763
  </reviews>
  <exclusive>
   no
  </exclusive>
 </clothing>
 <clothing>
  <id>
   167097136
  </id>
  <name>
   Puma Skirt Q-9778
  </name>
  <category>
   Skirt
  </category>
  <size>
   S
  </size>
  <color>
   Зеленый
  </color>
  <material>
   Шерсть
  </material>
  <price>
   796667
  </price>
  <rating>
   1.13
  </rating>
  <reviews>
   485262
  </reviews>
  <new>
   +
  </new>
  <exclusive>
   no
  </exclusive>
  <sporty>
   no
  </sporty>
 </clothing>
 <clothing>
  <id>
   698278111
  </id>
  <name>
   Asics Pants L-5363
  </name>
  <category>
   Pants
  </category>
  <size>
   M
  </size>
  <color>
   Синий
  </color>
  <material>
   Вискоза
  </material>
  <price>
   351414
  </price>
  <rating>
   3.38
  </rating>
  <reviews>
   234070
  </reviews>
  <exclusive>
   yes
  </exclusive>
 </clothing>
 <clothing>
  <id>
   747121668
  </id>
  <name>
   New Balance Blouse X-2990
  </name>
  <category>
   Blouse
  </category>
  <size>
   M
  </size>
  <color>
   Голубой
  </color>
  <material>
   Нейлон
  </material>
  <price>
   370816
  </price>
  <rating>
   2.47
  </rating>
  <reviews>
   130172
  </reviews>
  <new>
   -
  </new>
  <exclusive>
   yes
  </exclusive>
  <sporty>
   yes
  </sporty>
 </clothing>
 <clothing>
  <id>
   827238597
  </id>
  <name>
   DC T-shirt O-3430
  </name>
  <category>
   T-shirt
  </category>
  <size>
   XL
  </size>
  <color>
   Зеленый
  </color>
  <material>
   Шелк
  </material>
  <price>
   318350
  </price>
  <rating>
   3.61
  </rating>
  <reviews>
   542697
  </reviews>
  <exclusive>
   yes
  </exclusive>
  <sporty>
   no
  </sporty>
 </clothing>
 <clothing>
  <id>
   660375049
  </id>
  <name>
   Nike Jacket N-5823
  </name>
  <category>
   Jacket
  </category>
  <size>
   S
  </size>
  <color>
   Оранжевый
  </color>
  <material>
   Полиэстер
  </material>
  <price>
   117017
  </price>
  <rating>
   2.53
  </rating>
  <reviews>
   6352
  </reviews>
  <new>
   -
  </new>
 </clothing>
 <clothing>
  <id>
   571480968
  </id>
  <name>
   Fila Belts A-7589
  </name>
  <category>
   Belts
  </category>
  <size>
   L
  </size>
  <color>
   Желтый
  </color>
  <material>
   Лен
  </material>
  <price>
   492724
  </price>
  <rating>
   2.73
  </rating>
  <reviews>
   70974
  </reviews>
  <new>
   -
  </new>
  <sporty>
   no
  </sporty>
 </clothing>
 <clothing>
  <id>
   677745220
  </id>
  <name>
   Under Armour T-shirt T-7361
  </name>
  <category>
   T-shirt
  </category>
  <size>
   S
  </size>
  <color>
   Желтый
  </color>
  <material>
   Шерсть
  </material>
  <price>
   298376
  </price>
  <rating>
   4.83
  </rating>
  <reviews>
   708645
  </reviews>
  <new>
   +
  </new>
 </clothing>
 <clothing>
  <id>
   400716394
  </id>
  <name>
   Reebok Belts B-3496
  </name>
  <category>
   Belts
  </category>
  <size>
   XL
  </size>
  <color>
   Красный
  </color>
  <material>
   Лен
  </material>
  <price>
   673937
  </price>
  <rating>
   3.77
  </rating>
  <reviews>
   508547
  </reviews>
  <new>
   -
  </new>
 </clothing>
 <clothing>
  <id>
   351332633
  </id>
  <name>
   Lacoste Gloves Q-7805
  </name>
  <category>
   Gloves
  </category>
  <size>
   L
  </size>
  <color>
   Фиолетовый
  </color>
  <material>
   Нейлон
  </material>
  <price>
   761861
  </price>
  <rating>
   3.17
  </rating>
  <reviews>
   456455
  </reviews>
  <sporty>
   yes
  </sporty>
 </clothing>
 <clothing>
  <id>
   260226870
  </id>
  <name>
   Nike Umbrellas F-5828
  </name>
  <category>
   Umbrellas
  </category>
  <size>
   XXL
  </size>
  <color>
   Оранжевый
  </color>
  <material>
   Нейлон
  </material>
  <price>
   976035
  </price>
  <rating>
   4.24
  </rating>
  <reviews>
   422008
  </reviews>
  <exclusive>
   no
  </exclusive>
 </clothing>
 <clothing>
  <id>
   349348968
  </id>
  <name>
   Under Armour Jeans K-6477
  </name>
  <category>
   Jeans
  </category>
  <size>
   L
  </size>
  <color>
   Зеленый
  </color>
  <material>
   Хлопок
  </material>
  <price>
   738803
  </price>
  <rating>
   3.22
  </rating>
  <reviews>
   482672
  </reviews>
  <sporty>
   no
  </sporty>
 </clothing>
</clothing-items>
