<?xml version="1.0" encoding="utf-8"?>
<clothing-items>
 <clothing>
  <id>
   649948014
  </id>
  <name>
   New Balance Blouse T-1456
  </name>
  <category>
   Blouse
  </category>
  <size>
   XXL
  </size>
  <color>
   Красный
  </color>
  <material>
   Вискоза
  </material>
  <price>
   738829
  </price>
  <rating>
   4.46
  </rating>
  <reviews>
   357431
  </reviews>
  <exclusive>
   yes
  </exclusive>
 </clothing>
 <clothing>
  <id>
   804552906
  </id>
  <name>
   Ellesse Shoes M-8776
  </name>
  <category>
   Shoes
  </category>
  <size>
   M
  </size>
  <color>
   Зеленый
  </color>
  <material>
   Кожа
  </material>
  <price>
   166989
  </price>
  <rating>
   2.68
  </rating>
  <reviews>
   284691
  </reviews>
  <exclusive>
   no
  </exclusive>
  <sporty>
   no
  </sporty>
 </clothing>
 <clothing>
  <id>
   599456657
  </id>
  <name>
   PleinSport Handbags L-9608
  </name>
  <category>
   Handbags
  </category>
  <size>
   XXL
  </size>
  <color>
   Желтый
  </color>
  <material>
   Лен
  </material>
  <price>
   718017
  </price>
  <rating>
   3.6
  </rating>
  <reviews>
   146099
  </reviews>
  <new>
   -
  </new>
  <exclusive>
   no
  </exclusive>
 </clothing>
 <clothing>
  <id>
   102904685
  </id>
  <name>
   Nike Dress D-9579
  </name>
  <category>
   Dress
  </category>
  <size>
   XL
  </size>
  <color>
   Голубой
  </color>
  <material>
   Вискоза
  </material>
  <price>
   741937
  </price>
  <rating>
   4.5
  </rating>
  <reviews>
   167540
  </reviews>
  <exclusive>
   yes
  </exclusive>
  <sporty>
   no
  </sporty>
 </clothing>
 <clothing>
  <id>
   977411491
  </id>
  <name>
   Brooks Gloves V-4822
  </name>
  <category>
   Gloves
  </category>
  <size>
   XL
  </size>
  <color>
   Зеленый
  </color>
  <material>
   Лен
  </material>
  <price>
   212420
  </price>
  <rating>
   3.21
  </rating>
  <reviews>
   854287
  </reviews>
  <exclusive>
   yes
  </exclusive>
  <sporty>
   yes
  </sporty>
 </clothing>
 <clothing>
  <id>
   106013454
  </id>
  <name>
   Adidas Shoes R-9234
  </name>
  <category>
   Shoes
  </category>
  <size>
   M
  </size>
  <color>
   Желтый
  </color>
  <material>
   Полиэстер
  </material>
  <price>
   663169
  </price>
  <rating>
   2.58
  </rating>
  <reviews>
   753043
  </reviews>
  <sporty>
   yes
  </sporty>
 </clothing>
 <clothing>
  <id>
   541938948
  </id>
  <name>
   New Balance Socks D-2815
  </name>
  <category>
   Socks
  </category>
  <size>
   S
  </size>
  <color>
   Синий
  </color>
  <material>
   Вискоза
  </material>
  <price>
   149690
  </price>
  <rating>
   4.03
  </rating>
  <reviews>
   896340
  </reviews>
  <new>
   +
  </new>
  <sporty>
   no
  </sporty>
 </clothing>
 <clothing>
  <id>
   359571407
  </id>
  <name>
   Ellesse Umbrellas F-3501
  </name>
  <category>
   Umbrellas
  </category>
  <size>
   XL
  </size>
  <color>
   Зеленый
  </color>
  <material>
   Шелк
  </material>
  <price>
   623385
  </price>
  <rating>
   2.2
  </rating>
  <reviews>
   460799
  </reviews>
  <new>
   -
  </new>
  <exclusive>
   no
  </exclusive>
 </clothing>
 <clothing>
  <id>
   800084152
  </id>
  <name>
   Asics Gloves W-3817
  </name>
  <category>
   Gloves
  </category>
  <size>
   M
  </size>
  <color>
   Оранжевый
  </color>
  <material>
   Шерсть
  </material>
  <price>
   629731
  </price>
  <rating>
   3.75
  </rating>
  <reviews>
   869153
  </reviews>
  <exclusive>
   no
  </exclusive>
 </clothing>
 <clothing>
  <id>
   706037136
  </id>
  <name>
   DC Handbags C-6987
  </name>
  <category>
   Handbags
  </category>
  <size>
   L
  </size>
  <color>
   Фиолетовый
  </color>
  <material>
   Лен
  </material>
  <price>
   276308
  </price>
  <rating>
   4.98
  </rating>
  <reviews>
   929843
  </reviews>
  <new>
   +
  </new>
  <sporty>
   yes
  </sporty>
 </clothing>
 <clothing>
  <id>
   622294767
  </id>
  <name>
   Ellesse Skirt M-1890
  </name>
  <category>
   Skirt
  </category>
  <size>
   S
  </size>
  <color>
   Фиолетовый
  </color>
  <material>
   Хлопок
  </material>
  <price>
   383309
  </price>
  <rating>
   4.59
  </rating>
  <reviews>
   824369
  </reviews>
  <new>
   -
  </new>
  <exclusive>
   yes
  </exclusive>
  <sporty>
   no
  </sporty>
 </clothing>
 <clothing>
  <id>
   854406353
  </id>
  <name>
   Addidas Hat B-2599
  </name>
  <category>
   Hat
  </category>
  <size>
   M
  </size>
  <color>
   Фиолетовый
  </color>
  <material>
   Хлопок
  </material>
  <price>
   471491
  </price>
  <rating>
   4.54
  </rating>
  <reviews>
   206039
  </reviews>
  <new>
   +
  </new>
 </clothing>
 <clothing>
  <id>
   199313477
  </id>
  <name>
   DC Dress F-3625
  </name>
  <category>
   Dress
  </category>
  <size>
   S
  </size>
  <color>
   Синий
  </color>
  <material>
   Шелк
  </material>
  <price>
   328926
  </price>
  <rating>
   2.24
  </rating>
  <reviews>
   174559
  </reviews>
  <new>
   -
  </new>
  <exclusive>
   no
  </exclusive>
  <sporty>
   no
  </sporty>
 </clothing>
 <clothing>
  <id>
   825130933
  </id>
  <name>
   Adidas T-shirt I-3248
  </name>
  <category>
   T-shirt
  </category>
  <size>
   XL
  </size>
  <color>
   Желтый
  </color>
  <material>
   Шелк
  </material>
  <price>
   638221
  </price>
  <rating>
   4.96
  </rating>
  <reviews>
   298381
  </reviews>
  <sporty>
   no
  </sporty>
 </clothing>
 <clothing>
  <id>
   130659880
  </id>
  <name>
   Brooks Dress A-3495
  </name>
  <category>
   Dress
  </category>
  <size>
   XL
  </size>
  <color>
   Желтый
  </color>
  <material>
   Лен
  </material>
  <price>
   887419
  </price>
  <rating>
   1.67
  </rating>
  <reviews>
   829789
  </reviews>
  <sporty>
   yes
  </sporty>
 </clothing>
 <clothing>
  <id>
   493115448
  </id>
  <name>
   Ellesse Jeans L-7968
  </name>
  <category>
   Jeans
  </category>
  <size>
   M
  </size>
  <color>
   Желтый
  </color>
  <material>
   Вискоза
  </material>
  <price>
   771893
  </price>
  <rating>
   2.23
  </rating>
  <reviews>
   271578
  </reviews>
  <exclusive>
   no
  </exclusive>
  <sporty>
   no
  </sporty>
 </clothing>
 <clothing>
  <id>
   207074931
  </id>
  <name>
   Puma Shirt N-2658
  </name>
  <category>
   Shirt
  </category>
  <size>
   XL
  </size>
  <color>
   Красный
  </color>
  <material>
   Вискоза
  </material>
  <price>
   869075
  </price>
  <rating>
   4.74
  </rating>
  <reviews>
   958561
  </reviews>
  <exclusive>
   yes
  </exclusive>
  <sporty>
   no
  </sporty>
 </clothing>
 <clothing>
  <id>
   645909328
  </id>
  <name>
   Asics Shirt N-5729
  </name>
  <category>
   Shirt
  </category>
  <size>
   M
  </size>
  <color>
   Зеленый
  </color>
  <material>
   Шелк
  </material>
  <price>
   759383
  </price>
  <rating>
   4.51
  </rating>
  <reviews>
   309649
  </reviews>
  <new>
   -
  </new>
  <sporty>
   no
  </sporty>
 </clothing>
 <clothing>
  <id>
   515473800
  </id>
  <name>
   Ellesse Umbrellas G-6625
  </name>
  <category>
   Umbrellas
  </category>
  <size>
   L
  </size>
  <color>
   Оранжевый
  </color>
  <material>
   Нейлон
  </material>
  <price>
   852700
  </price>
  <rating>
   1.48
  </rating>
  <reviews>
   565701
  </reviews>
  <new>
   -
  </new>
  <exclusive>
   yes
  </exclusive>
  <sporty>
   yes
  </sporty>
 </clothing>
 <clothing>
  <id>
   717022049
  </id>
  <name>
   Lacoste Blouse I-9885
  </name>
  <category>
   Blouse
  </category>
  <size>
   XXL
  </size>
  <color>
   Красный
  </color>
  <material>
   Нейлон
  </material>
  <price>
   766627
  </price>
  <rating>
   3.01
  </rating>
  <reviews>
   37723
  </reviews>
  <new>
   -
  </new>
  <sporty>
   no
  </sporty>
 </clothing>
 <clothing>
  <id>
   388202250
  </id>
  <name>
   DC Blouse Z-4151
  </name>
  <category>
   Blouse
  </category>
  <size>
   S
  </size>
  <color>
   Фиолетовый
  </color>
  <material>
   Шерсть
  </material>
  <price>
   100762
  </price>
  <rating>
   1.76
  </rating>
  <reviews>
   784372
  </reviews>
  <exclusive>
   no
  </exclusive>
  <sporty>
   yes
  </sporty>
 </clothing>
 <clothing>
  <id>
   915693451
  </id>
  <name>
   Converse Pants X-5229
  </name>
  <category>
   Pants
  </category>
  <size>
   XL
  </size>
  <color>
   Красный
  </color>
  <material>
   Кожа
  </material>
  <price>
   619376
  </price>
  <rating>
   3.13
  </rating>
  <reviews>
   390762
  </reviews>
  <new>
   +
  </new>
 </clothing>
 <clothing>
  <id>
   390545987
  </id>
  <name>
   Adidas Belts H-3889
  </name>
  <category>
   Belts
  </category>
  <size>
   S
  </size>
  <color>
   Голубой
  </color>
  <material>
   Шерсть
  </material>
  <price>
   222649
  </price>
  <rating>
   2.69
  </rating>
  <reviews>
   138320
  </reviews>
  <new>
   -
  </new>
 </clothing>
 <clothing>
  <id>
   441129478
  </id>
  <name>
   Puma Dress P-7614
  </name>
  <category>
   Dress
  </category>
  <size>
   M
  </size>
  <color>
   Голубой
  </color>
  <material>
   Шелк
  </material>
  <price>
   516414
  </price>
  <rating>
   4.53
  </rating>
  <reviews>
   265798
  </reviews>
  <exclusive>
   no
  </exclusive>
 </clothing>
 <clothing>
  <id>
   998099180
  </id>
  <name>
   Asics Belts K-4670
  </name>
  <category>
   Belts
  </category>
  <size>
   XL
  </size>
  <color>
   Красный
  </color>
  <material>
   Вискоза
  </material>
  <price>
   805719
  </price>
  <rating>
   2.49
  </rating>
  <reviews>
   311019
  </reviews>
  <new>
   -
  </new>
  <exclusive>
   no
  </exclusive>
  <sporty>
   no
  </sporty>
 </clothing>
 <clothing>
  <id>
   421915585
  </id>
  <name>
   Fila Skirt L-3479
  </name>
  <category>
   Skirt
  </category>
  <size>
   L
  </size>
  <color>
   Оранжевый
  </color>
  <material>
   Кожа
  </material>
  <price>
   661846
  </price>
  <rating>
   4.44
  </rating>
  <reviews>
   428598
  </reviews>
  <new>
   -
  </new>
  <exclusive>
   no
  </exclusive>
  <sporty>
   no
  </sporty>
 </clothing>
 <clothing>
  <id>
   849047628
  </id>
  <name>
   Lacoste Socks N-4039
  </name>
  <category>
   Socks
  </category>
  <size>
   S
  </size>
  <color>
   Голубой
  </color>
  <material>
   Нейлон
  </material>
  <price>
   201733
  </price>
  <rating>
   3.91
  </rating>
  <reviews>
   394116
  </reviews>
  <new>
   +
  </new>
 </clothing>
 <clothing>
  <id>
   657955019
  </id>
  <name>
   Asics Handbags K-2708
  </name>
  <category>
   Handbags
  </category>
  <size>
   L
  </size>
  <color>
   Синий
  </color>
  <material>
   Хлопок
  </material>
  <price>
   404068
  </price>
  <rating>
   1.16
  </rating>
  <reviews>
   952842
  </reviews>
  <exclusive>
   no
  </exclusive>
 </clothing>
 <clothing>
  <id>
   310679547
  </id>
  <name>
   Reebok Gloves A-3903
  </name>
  <category>
   Gloves
  </category>
  <size>
   XL
  </size>
  <color>
   Зеленый
  </color>
  <material>
   Нейлон
  </material>
  <price>
   790082
  </price>
  <rating>
   4.42
  </rating>
  <reviews>
   587561
  </reviews>
  <sporty>
   no
  </sporty>
 </clothing>
 <clothing>
  <id>
   988667102
  </id>
  <name>
   Ellesse Skirt U-7746
  </name>
  <category>
   Skirt
  </category>
  <size>
   L
  </size>
  <color>
   Фиолетовый
  </color>
  <material>
   Нейлон
  </material>
  <price>
   349181
  </price>
  <rating>
   3.7
  </rating>
  <reviews>
   415270
  </reviews>
  <sporty>
   no
  </sporty>
 </clothing>
 <clothing>
  <id>
   688561614
  </id>
  <name>
   Ellesse Sweater X-9181
  </name>
  <category>
   Sweater
  </category>
  <size>
   L
  </size>
  <color>
   Синий
  </color>
  <material>
   Хлопок
  </material>
  <price>
   103376
  </price>
  <rating>
   4.12
  </rating>
  <reviews>
   766981
  </reviews>
  <exclusive>
   no
  </exclusive>
  <sporty>
   yes
  </sporty>
 </clothing>
 <clothing>
  <id>
   306830226
  </id>
  <name>
   DC Hat T-3037
  </name>
  <category>
   Hat
  </category>
  <size>
   S
  </size>
  <color>
   Синий
  </color>
  <material>
   Лен
  </material>
  <price>
   160643
  </price>
  <rating>
   4.75
  </rating>
  <reviews>
   162020
  </reviews>
  <new>
   -
  </new>
  <exclusive>
   yes
  </exclusive>
  <sporty>
   yes
  </sporty>
 </clothing>
 <clothing>
  <id>
   398238540
  </id>
  <name>
   Asics Dress R-1420
  </name>
  <category>
   Dress
  </category>
  <size>
   L
  </size>
  <color>
   Желтый
  </color>
  <material>
   Лен
  </material>
  <price>
   292410
  </price>
  <rating>
   2.45
  </rating>
  <reviews>
   897473
  </reviews>
  <new>
   -
  </new>
  <sporty>
   yes
  </sporty>
 </clothing>
 <clothing>
  <id>
   796209250
  </id>
  <name>
   Converse Pants G-6721
  </name>
  <category>
   Pants
  </category>
  <size>
   L
  </size>
  <color>
   Красный
  </color>
  <material>
   Шерсть
  </material>
  <price>
   791271
  </price>
  <rating>
   2.94
  </rating>
  <reviews>
   724595
  </reviews>
  <new>
   +
  </new>
 </clothing>
 <clothing>
  <id>
   479602849
  </id>
  <name>
   Puma Hat N-9484
  </name>
  <category>
   Hat
  </category>
  <size>
   M
  </size>
  <color>
   Желтый
  </color>
  <material>
   Лен
  </material>
  <price>
   251177
  </price>
  <rating>
   4.05
  </rating>
  <reviews>
   921910
  </reviews>
  <sporty>
   no
  </sporty>
 </clothing>
 <clothing>
  <id>
   251476440
  </id>
  <name>
   PleinSport Hat T-8823
  </name>
  <category>
   Hat
  </category>
  <size>
   L
  </size>
  <color>
   Голубой
  </color>
  <material>
   Нейлон
  </material>
  <price>
   300863
  </price>
  <rating>
   2.11
  </rating>
  <reviews>
   72758
  </reviews>
  <new>
   +
  </new>
  <exclusive>
   yes
  </exclusive>
  <sporty>
   no
  </sporty>
 </clothing>
 <clothing>
  <id>
   711188208
  </id>
  <name>
   PleinSport Pants U-9047
  </name>
  <category>
   Pants
  </category>
  <size>
   M
  </size>
  <color>
   Синий
  </color>
  <material>
   Шерсть
  </material>
  <price>
   615766
  </price>
  <rating>
   2.69
  </rating>
  <reviews>
   137068
  </reviews>
  <new>
   +
  </new>
 </clothing>
 <clothing>
  <id>
   331810270
  </id>
  <name>
   Converse Blouse O-4259
  </name>
  <category>
   Blouse
  </category>
  <size>
   S
  </size>
  <color>
   Оранжевый
  </color>
  <material>
   Кожа
  </material>
  <price>
   957455
  </price>
  <rating>
   4.41
  </rating>
  <reviews>
   548067
  </reviews>
  <new>
   +
  </new>
  <sporty>
   yes
  </sporty>
 </clothing>
 <clothing>
  <id>
   417556552
  </id>
  <name>
   Nike Skirt B-2829
  </name>
  <category>
   Skirt
  </category>
  <size>
   XL
  </size>
  <color>
   Фиолетовый
  </color>
  <material>
   Хлопок
  </material>
  <price>
   960893
  </price>
  <rating>
   2.84
  </rating>
  <reviews>
   575668
  </reviews>
  <exclusive>
   yes
  </exclusive>
  <sporty>
   no
  </sporty>
 </clothing>
 <clothing>
  <id>
   483408224
  </id>
  <name>
   Vans Belts E-7002
  </name>
  <category>
   Belts
  </category>
  <size>
   XXL
  </size>
  <color>
   Зеленый
  </color>
  <material>
   Нейлон
  </material>
  <price>
   986539
  </price>
  <rating>
   1.32
  </rating>
  <reviews>
   140523
  </reviews>
  <new>
   -
  </new>
 </clothing>
 <clothing>
  <id>
   660028443
  </id>
  <name>
   Addidas T-shirt X-1141
  </name>
  <category>
   T-shirt
  </category>
  <size>
   L
  </size>
  <color>
   Оранжевый
  </color>
  <material>
   Полиэстер
  </material>
  <price>
   677259
  </price>
  <rating>
   1.33
  </rating>
  <reviews>
   910007
  </reviews>
  <exclusive>
   no
  </exclusive>
  <sporty>
   no
  </sporty>
 </clothing>
 <clothing>
  <id>
   969396498
  </id>
  <name>
   Under Armour Jeans D-8558
  </name>
  <category>
   Jeans
  </category>
  <size>
   XXL
  </size>
  <color>
   Синий
  </color>
  <material>
   Лен
  </material>
  <price>
   166528
  </price>
  <rating>
   2.84
  </rating>
  <reviews>
   614962
  </reviews>
  <new>
   -
  </new>
  <exclusive>
   no
  </exclusive>
  <sporty>
   yes
  </sporty>
 </clothing>
 <clothing>
  <id>
   799697096
  </id>
  <name>
   Puma Handbags E-3541
  </name>
  <category>
   Handbags
  </category>
  <size>
   L
  </size>
  <color>
   Оранжевый
  </color>
  <material>
   Кожа
  </material>
  <price>
   655647
  </price>
  <rating>
   3.77
  </rating>
  <reviews>
   701693
  </reviews>
  <new>
   +
  </new>
  <sporty>
   no
  </sporty>
 </clothing>
 <clothing>
  <id>
   990375808
  </id>
  <name>
   Fila Sweater D-4751
  </name>
  <category>
   Sweater
  </category>
  <size>
   L
  </size>
  <color>
   Синий
  </color>
  <material>
   Кожа
  </material>
  <price>
   617209
  </price>
  <rating>
   1.02
  </rating>
  <reviews>
   3967
  </reviews>
  <sporty>
   no
  </sporty>
 </clothing>
 <clothing>
  <id>
   936511222
  </id>
  <name>
   Brooks Shoes Z-9165
  </name>
  <category>
   Shoes
  </category>
  <size>
   XL
  </size>
  <color>
   Желтый
  </color>
  <material>
   Кожа
  </material>
  <price>
   751192
  </price>
  <rating>
   1.95
  </rating>
  <reviews>
   969680
  </reviews>
  <new>
   +
  </new>
  <exclusive>
   yes
  </exclusive>
 </clothing>
 <clothing>
  <id>
   319579076
  </id>
  <name>
   Vans Jacket M-3815
  </name>
  <category>
   Jacket
  </category>
  <size>
   M
  </size>
  <color>
   Фиолетовый
  </color>
  <material>
   Лен
  </material>
  <price>
   578605
  </price>
  <rating>
   1.84
  </rating>
  <reviews>
   820337
  </reviews>
  <sporty>
   yes
  </sporty>
 </clothing>
 <clothing>
  <id>
   777661830
  </id>
  <name>
   Ellesse Sweater Y-7102
  </name>
  <category>
   Sweater
  </category>
  <size>
   M
  </size>
  <color>
   Зеленый
  </color>
  <material>
   Хлопок
  </material>
  <price>
   737522
  </price>
  <rating>
   3.96
  </rating>
  <reviews>
   331173
  </reviews>
  <sporty>
   no
  </sporty>
 </clothing>
 <clothing>
  <id>
   781695771
  </id>
  <name>
   Asics Jacket Q-1876
  </name>
  <category>
   Jacket
  </category>
  <size>
   L
  </size>
  <color>
   Голубой
  </color>
  <material>
   Полиэстер
  </material>
  <price>
   175237
  </price>
  <rating>
   1.51
  </rating>
  <reviews>
   459116
  </reviews>
  <exclusive>
   no
  </exclusive>
  <sporty>
   yes
  </sporty>
 </clothing>
 <clothing>
  <id>
   368577728
  </id>
  <name>
   Converse Blouse L-3870
  </name>
  <category>
   Blouse
  </category>
  <size>
   L
  </size>
  <color>
   Красный
  </color>
  <material>
   Хлопок
  </material>
  <price>
   617930
  </price>
  <rating>
   2.35
  </rating>
  <reviews>
   506818
  </reviews>
  <new>
   +
  </new>
  <sporty>
   yes
  </sporty>
 </clothing>
 <clothing>
  <id>
   850544387
  </id>
  <name>
   Brooks Shirt C-6399
  </name>
  <category>
   Shirt
  </category>
  <size>
   S
  </size>
  <color>
   Оранжевый
  </color>
  <material>
   Шелк
  </material>
  <price>
   189747
  </price>
  <rating>
   4.0
  </rating>
  <reviews>
   116542
  </reviews>
  <new>
   +
  </new>
  <exclusive>
   yes
  </exclusive>
  <sporty>
   no
  </sporty>
 </clothing>
</clothing-items>
