<?xml version="1.0" encoding="utf-8"?>
<clothing-items>
 <clothing>
  <id>
   830250884
  </id>
  <name>
   Addidas Shoes Z-4255
  </name>
  <category>
   Shoes
  </category>
  <size>
   L
  </size>
  <color>
   Фиолетовый
  </color>
  <material>
   Лен
  </material>
  <price>
   222780
  </price>
  <rating>
   4.49
  </rating>
  <reviews>
   312829
  </reviews>
  <new>
   -
  </new>
 </clothing>
 <clothing>
  <id>
   590274850
  </id>
  <name>
   Brooks Handbags Y-1271
  </name>
  <category>
   Handbags
  </category>
  <size>
   XXL
  </size>
  <color>
   Фиолетовый
  </color>
  <material>
   Хлопок
  </material>
  <price>
   746400
  </price>
  <rating>
   1.97
  </rating>
  <reviews>
   951150
  </reviews>
  <new>
   -
  </new>
  <exclusive>
   yes
  </exclusive>
 </clothing>
 <clothing>
  <id>
   187879316
  </id>
  <name>
   Fila Jeans L-3282
  </name>
  <category>
   Jeans
  </category>
  <size>
   XXL
  </size>
  <color>
   Желтый
  </color>
  <material>
   Полиэстер
  </material>
  <price>
   888052
  </price>
  <rating>
   2.58
  </rating>
  <reviews>
   17802
  </reviews>
  <new>
   +
  </new>
  <exclusive>
   no
  </exclusive>
  <sporty>
   yes
  </sporty>
 </clothing>
 <clothing>
  <id>
   837898855
  </id>
  <name>
   Adidas Jacket G-9543
  </name>
  <category>
   Jacket
  </category>
  <size>
   XXL
  </size>
  <color>
   Оранжевый
  </color>
  <material>
   Шерсть
  </material>
  <price>
   632399
  </price>
  <rating>
   4.06
  </rating>
  <reviews>
   832141
  </reviews>
  <new>
   +
  </new>
  <sporty>
   yes
  </sporty>
 </clothing>
 <clothing>
  <id>
   106736806
  </id>
  <name>
   Vans Umbrellas R-9986
  </name>
  <category>
   Umbrellas
  </category>
  <size>
   M
  </size>
  <color>
   Зеленый
  </color>
  <material>
   Лен
  </material>
  <price>
   619504
  </price>
  <rating>
   1.97
  </rating>
  <reviews>
   150150
  </reviews>
  <exclusive>
   no
  </exclusive>
 </clothing>
 <clothing>
  <id>
   973328499
  </id>
  <name>
   Addidas Jeans L-9041
  </name>
  <category>
   Jeans
  </category>
  <size>
   XXL
  </size>
  <color>
   Красный
  </color>
  <material>
   Хлопок
  </material>
  <price>
   967216
  </price>
  <rating>
   2.74
  </rating>
  <reviews>
   13601
  </reviews>
  <exclusive>
   yes
  </exclusive>
 </clothing>
 <clothing>
  <id>
   414729420
  </id>
  <name>
   Adidas Umbrellas K-7233
  </name>
  <category>
   Umbrellas
  </category>
  <size>
   XL
  </size>
  <color>
   Оранжевый
  </color>
  <material>
   Полиэстер
  </material>
  <price>
   535902
  </price>
  <rating>
   4.69
  </rating>
  <reviews>
   170145
  </reviews>
  <exclusive>
   no
  </exclusive>
 </clothing>
 <clothing>
  <id>
   906260563
  </id>
  <name>
   Under Armour Socks I-9066
  </name>
  <category>
   Socks
  </category>
  <size>
   L
  </size>
  <color>
   Оранжевый
  </color>
  <material>
   Лен
  </material>
  <price>
   232544
  </price>
  <rating>
   2.32
  </rating>
  <reviews>
   586880
  </reviews>
  <exclusive>
   yes
  </exclusive>
  <sporty>
   no
  </sporty>
 </clothing>
 <clothing>
  <id>
   764841372
  </id>
  <name>
   Vans Sweater A-1567
  </name>
  <category>
   Sweater
  </category>
  <size>
   S
  </size>
  <color>
   Фиолетовый
  </color>
  <material>
   Кожа
  </material>
  <price>
   990628
  </price>
  <rating>
   1.54
  </rating>
  <reviews>
   209343
  </reviews>
  <new>
   -
  </new>
  <exclusive>
   yes
  </exclusive>
  <sporty>
   no
  </sporty>
 </clothing>
 <clothing>
  <id>
   532827515
  </id>
  <name>
   Puma Shirt K-6659
  </name>
  <category>
   Shirt
  </category>
  <size>
   M
  </size>
  <color>
   Голубой
  </color>
  <material>
   Вискоза
  </material>
  <price>
   885938
  </price>
  <rating>
   3.36
  </rating>
  <reviews>
   471684
  </reviews>
  <new>
   -
  </new>
  <exclusive>
   yes
  </exclusive>
 </clothing>
 <clothing>
  <id>
   172959557
  </id>
  <name>
   Lacoste Belts L-7610
  </name>
  <category>
   Belts
  </category>
  <size>
   M
  </size>
  <color>
   Голубой
  </color>
  <material>
   Лен
  </material>
  <price>
   446264
  </price>
  <rating>
   4.02
  </rating>
  <reviews>
   734139
  </reviews>
  <new>
   +
  </new>
 </clothing>
 <clothing>
  <id>
   507079781
  </id>
  <name>
   Adidas Jeans D-7130
  </name>
  <category>
   Jeans
  </category>
  <size>
   XXL
  </size>
  <color>
   Фиолетовый
  </color>
  <material>
   Шерсть
  </material>
  <price>
   883360
  </price>
  <rating>
   1.89
  </rating>
  <reviews>
   173328
  </reviews>
  <new>
   +
  </new>
  <sporty>
   no
  </sporty>
 </clothing>
 <clothing>
  <id>
   192843808
  </id>
  <name>
   DC Umbrellas L-7377
  </name>
  <category>
   Umbrellas
  </category>
  <size>
   L
  </size>
  <color>
   Красный
  </color>
  <material>
   Полиэстер
  </material>
  <price>
   133414
  </price>
  <rating>
   2.73
  </rating>
  <reviews>
   75768
  </reviews>
 </clothing>
</clothing-items>
