<?xml version="1.0" encoding="utf-8"?>
<clothing-items>
 <clothing>
  <id>
   985286660
  </id>
  <name>
   Adidas Pants C-2357
  </name>
  <category>
   Pants
  </category>
  <size>
   S
  </size>
  <color>
   Оранжевый
  </color>
  <material>
   Вискоза
  </material>
  <price>
   238452
  </price>
  <rating>
   4.23
  </rating>
  <reviews>
   662710
  </reviews>
  <exclusive>
   yes
  </exclusive>
  <sporty>
   yes
  </sporty>
 </clothing>
 <clothing>
  <id>
   375720376
  </id>
  <name>
   Asics Jeans R-2852
  </name>
  <category>
   Jeans
  </category>
  <size>
   M
  </size>
  <color>
   Синий
  </color>
  <material>
   Вискоза
  </material>
  <price>
   824431
  </price>
  <rating>
   1.99
  </rating>
  <reviews>
   58725
  </reviews>
 </clothing>
 <clothing>
  <id>
   316592071
  </id>
  <name>
   PleinSport Blouse J-2958
  </name>
  <category>
   Blouse
  </category>
  <size>
   M
  </size>
  <color>
   Фиолетовый
  </color>
  <material>
   Полиэстер
  </material>
  <price>
   498193
  </price>
  <rating>
   3.37
  </rating>
  <reviews>
   702997
  </reviews>
  <new>
   +
  </new>
  <exclusive>
   no
  </exclusive>
 </clothing>
 <clothing>
  <id>
   593593694
  </id>
  <name>
   New Balance Skirt J-5213
  </name>
  <category>
   Skirt
  </category>
  <size>
   XXL
  </size>
  <color>
   Голубой
  </color>
  <material>
   Кожа
  </material>
  <price>
   566108
  </price>
  <rating>
   4.99
  </rating>
  <reviews>
   278603
  </reviews>
  <new>
   +
  </new>
  <exclusive>
   yes
  </exclusive>
  <sporty>
   no
  </sporty>
 </clothing>
 <clothing>
  <id>
   185508715
  </id>
  <name>
   Nike Jacket Z-7622
  </name>
  <category>
   Jacket
  </category>
  <size>
   XL
  </size>
  <color>
   Красный
  </color>
  <material>
   Лен
  </material>
  <price>
   587869
  </price>
  <rating>
   4.72
  </rating>
  <reviews>
   128424
  </reviews>
  <new>
   -
  </new>
  <exclusive>
   yes
  </exclusive>
  <sporty>
   yes
  </sporty>
 </clothing>
 <clothing>
  <id>
   384463602
  </id>
  <name>
   Addidas Shirt F-5864
  </name>
  <category>
   Shirt
  </category>
  <size>
   L
  </size>
  <color>
   Желтый
  </color>
  <material>
   Лен
  </material>
  <price>
   890811
  </price>
  <rating>
   3.79
  </rating>
  <reviews>
   847137
  </reviews>
  <new>
   -
  </new>
  <exclusive>
   no
  </exclusive>
  <sporty>
   no
  </sporty>
 </clothing>
 <clothing>
  <id>
   552138409
  </id>
  <name>
   Ellesse T-shirt E-2416
  </name>
  <category>
   T-shirt
  </category>
  <size>
   M
  </size>
  <color>
   Красный
  </color>
  <material>
   Полиэстер
  </material>
  <price>
   539660
  </price>
  <rating>
   2.61
  </rating>
  <reviews>
   349152
  </reviews>
  <exclusive>
   no
  </exclusive>
  <sporty>
   no
  </sporty>
 </clothing>
 <clothing>
  <id>
   359455307
  </id>
  <name>
   Brooks Shirt Q-1932
  </name>
  <category>
   Shirt
  </category>
  <size>
   L
  </size>
  <color>
   Фиолетовый
  </color>
  <material>
   Полиэстер
  </material>
  <price>
   535185
  </price>
  <rating>
   4.43
  </rating>
  <reviews>
   398599
  </reviews>
  <new>
   -
  </new>
  <exclusive>
   no
  </exclusive>
 </clothing>
 <clothing>
  <id>
   229905876
  </id>
  <name>
   Puma Pants V-6401
  </name>
  <category>
   Pants
  </category>
  <size>
   M
  </size>
  <color>
   Фиолетовый
  </color>
  <material>
   Вискоза
  </material>
  <price>
   252144
  </price>
  <rating>
   3.74
  </rating>
  <reviews>
   877728
  </reviews>
  <new>
   +
  </new>
  <exclusive>
   yes
  </exclusive>
  <sporty>
   no
  </sporty>
 </clothing>
 <clothing>
  <id>
   709073379
  </id>
  <name>
   Reebok Socks I-3559
  </name>
  <category>
   Socks
  </category>
  <size>
   L
  </size>
  <color>
   Голубой
  </color>
  <material>
   Шерсть
  </material>
  <price>
   945510
  </price>
  <rating>
   2.23
  </rating>
  <reviews>
   664996
  </reviews>
  <new>
   +
  </new>
  <exclusive>
   no
  </exclusive>
 </clothing>
 <clothing>
  <id>
   697022575
  </id>
  <name>
   New Balance Skirt Z-8262
  </name>
  <category>
   Skirt
  </category>
  <size>
   XXL
  </size>
  <color>
   Голубой
  </color>
  <material>
   Вискоза
  </material>
  <price>
   507124
  </price>
  <rating>
   4.7
  </rating>
  <reviews>
   617233
  </reviews>
  <new>
   -
  </new>
  <exclusive>
   yes
  </exclusive>
 </clothing>
 <clothing>
  <id>
   525805447
  </id>
  <name>
   Reebok Shoes D-9988
  </name>
  <category>
   Shoes
  </category>
  <size>
   M
  </size>
  <color>
   Красный
  </color>
  <material>
   Лен
  </material>
  <price>
   460458
  </price>
  <rating>
   4.48
  </rating>
  <reviews>
   216423
  </reviews>
  <sporty>
   no
  </sporty>
 </clothing>
 <clothing>
  <id>
   847261605
  </id>
  <name>
   Under Armour Gloves D-1185
  </name>
  <category>
   Gloves
  </category>
  <size>
   XXL
  </size>
  <color>
   Красный
  </color>
  <material>
   Кожа
  </material>
  <price>
   607301
  </price>
  <rating>
   2.74
  </rating>
  <reviews>
   503946
  </reviews>
  <new>
   -
  </new>
  <exclusive>
   yes
  </exclusive>
 </clothing>
 <clothing>
  <id>
   892022630
  </id>
  <name>
   Ellesse Gloves R-6288
  </name>
  <category>
   Gloves
  </category>
  <size>
   XL
  </size>
  <color>
   Красный
  </color>
  <material>
   Полиэстер
  </material>
  <price>
   458366
  </price>
  <rating>
   4.21
  </rating>
  <reviews>
   409650
  </reviews>
  <new>
   +
  </new>
  <exclusive>
   no
  </exclusive>
 </clothing>
 <clothing>
  <id>
   942214097
  </id>
  <name>
   Brooks T-shirt O-7824
  </name>
  <category>
   T-shirt
  </category>
  <size>
   M
  </size>
  <color>
   Фиолетовый
  </color>
  <material>
   Шерсть
  </material>
  <price>
   336616
  </price>
  <rating>
   4.95
  </rating>
  <reviews>
   570100
  </reviews>
  <exclusive>
   yes
  </exclusive>
 </clothing>
 <clothing>
  <id>
   266066986
  </id>
  <name>
   New Balance Hat W-6821
  </name>
  <category>
   Hat
  </category>
  <size>
   M
  </size>
  <color>
   Синий
  </color>
  <material>
   Нейлон
  </material>
  <price>
   834562
  </price>
  <rating>
   1.85
  </rating>
  <reviews>
   675370
  </reviews>
  <new>
   -
  </new>
  <exclusive>
   yes
  </exclusive>
 </clothing>
</clothing-items>
