<?xml version="1.0" encoding="utf-8"?>
<clothing-items>
 <clothing>
  <id>
   577394396
  </id>
  <name>
   Converse Blouse V-5656
  </name>
  <category>
   Blouse
  </category>
  <size>
   S
  </size>
  <color>
   Голубой
  </color>
  <material>
   Кожа
  </material>
  <price>
   217045
  </price>
  <rating>
   3.21
  </rating>
  <reviews>
   30559
  </reviews>
  <new>
   +
  </new>
  <exclusive>
   no
  </exclusive>
  <sporty>
   yes
  </sporty>
 </clothing>
 <clothing>
  <id>
   741412366
  </id>
  <name>
   Adidas Jacket V-7095
  </name>
  <category>
   Jacket
  </category>
  <size>
   L
  </size>
  <color>
   Красный
  </color>
  <material>
   Нейлон
  </material>
  <price>
   470240
  </price>
  <rating>
   1.14
  </rating>
  <reviews>
   115896
  </reviews>
  <new>
   +
  </new>
  <exclusive>
   yes
  </exclusive>
 </clothing>
 <clothing>
  <id>
   276238313
  </id>
  <name>
   Converse Dress G-4870
  </name>
  <category>
   Dress
  </category>
  <size>
   S
  </size>
  <color>
   Голубой
  </color>
  <material>
   Лен
  </material>
  <price>
   708741
  </price>
  <rating>
   2.05
  </rating>
  <reviews>
   299859
  </reviews>
  <exclusive>
   no
  </exclusive>
  <sporty>
   no
  </sporty>
 </clothing>
 <clothing>
  <id>
   537621528
  </id>
  <name>
   Vans Socks U-4751
  </name>
  <category>
   Socks
  </category>
  <size>
   XXL
  </size>
  <color>
   Зеленый
  </color>
  <material>
   Полиэстер
  </material>
  <price>
   364347
  </price>
  <rating>
   2.84
  </rating>
  <reviews>
   991044
  </reviews>
  <new>
   -
  </new>
  <exclusive>
   yes
  </exclusive>
  <sporty>
   yes
  </sporty>
 </clothing>
 <clothing>
  <id>
   869207265
  </id>
  <name>
   Lacoste Shoes B-6959
  </name>
  <category>
   Shoes
  </category>
  <size>
   S
  </size>
  <color>
   Желтый
  </color>
  <material>
   Полиэстер
  </material>
  <price>
   998482
  </price>
  <rating>
   3.9
  </rating>
  <reviews>
   715766
  </reviews>
  <sporty>
   no
  </sporty>
 </clothing>
 <clothing>
  <id>
   384618969
  </id>
  <name>
   Adidas Belts X-1579
  </name>
  <category>
   Belts
  </category>
  <size>
   XXL
  </size>
  <color>
   Оранжевый
  </color>
  <material>
   Лен
  </material>
  <price>
   143647
  </price>
  <rating>
   2.41
  </rating>
  <reviews>
   350963
  </reviews>
  <sporty>
   yes
  </sporty>
 </clothing>
 <clothing>
  <id>
   873595123
  </id>
  <name>
   Converse Skirt D-7645
  </name>
  <category>
   Skirt
  </category>
  <size>
   M
  </size>
  <color>
   Красный
  </color>
  <material>
   Нейлон
  </material>
  <price>
   456343
  </price>
  <rating>
   2.23
  </rating>
  <reviews>
   124811
  </reviews>
  <new>
   -
  </new>
  <sporty>
   no
  </sporty>
 </clothing>
 <clothing>
  <id>
   984566504
  </id>
  <name>
   Reebok Dress X-1889
  </name>
  <category>
   Dress
  </category>
  <size>
   XXL
  </size>
  <color>
   Желтый
  </color>
  <material>
   Кожа
  </material>
  <price>
   287233
  </price>
  <rating>
   2.75
  </rating>
  <reviews>
   706221
  </reviews>
  <new>
   +
  </new>
  <exclusive>
   no
  </exclusive>
  <sporty>
   no
  </sporty>
 </clothing>
 <clothing>
  <id>
   524268679
  </id>
  <name>
   Reebok Belts U-1070
  </name>
  <category>
   Belts
  </category>
  <size>
   M
  </size>
  <color>
   Голубой
  </color>
  <material>
   Кожа
  </material>
  <price>
   122534
  </price>
  <rating>
   2.78
  </rating>
  <reviews>
   378526
  </reviews>
  <exclusive>
   yes
  </exclusive>
 </clothing>
 <clothing>
  <id>
   180837929
  </id>
  <name>
   Ellesse Blouse L-3213
  </name>
  <category>
   Blouse
  </category>
  <size>
   S
  </size>
  <color>
   Фиолетовый
  </color>
  <material>
   Лен
  </material>
  <price>
   990829
  </price>
  <rating>
   3.68
  </rating>
  <reviews>
   296529
  </reviews>
  <exclusive>
   yes
  </exclusive>
 </clothing>
 <clothing>
  <id>
   406584895
  </id>
  <name>
   Nike Skirt N-7567
  </name>
  <category>
   Skirt
  </category>
  <size>
   M
  </size>
  <color>
   Оранжевый
  </color>
  <material>
   Шелк
  </material>
  <price>
   519074
  </price>
  <rating>
   4.9
  </rating>
  <reviews>
   903016
  </reviews>
  <exclusive>
   no
  </exclusive>
  <sporty>
   yes
  </sporty>
 </clothing>
 <clothing>
  <id>
   423362773
  </id>
  <name>
   Adidas Umbrellas W-2581
  </name>
  <category>
   Umbrellas
  </category>
  <size>
   XL
  </size>
  <color>
   Фиолетовый
  </color>
  <material>
   Шерсть
  </material>
  <price>
   316288
  </price>
  <rating>
   2.43
  </rating>
  <reviews>
   47472
  </reviews>
  <new>
   -
  </new>
  <exclusive>
   no
  </exclusive>
  <sporty>
   no
  </sporty>
 </clothing>
 <clothing>
  <id>
   735590511
  </id>
  <name>
   Asics Belts L-6925
  </name>
  <category>
   Belts
  </category>
  <size>
   M
  </size>
  <color>
   Зеленый
  </color>
  <material>
   Лен
  </material>
  <price>
   906103
  </price>
  <rating>
   1.35
  </rating>
  <reviews>
   738886
  </reviews>
  <new>
   +
  </new>
 </clothing>
 <clothing>
  <id>
   618161196
  </id>
  <name>
   Asics Umbrellas Z-8452
  </name>
  <category>
   Umbrellas
  </category>
  <size>
   XL
  </size>
  <color>
   Фиолетовый
  </color>
  <material>
   Хлопок
  </material>
  <price>
   432422
  </price>
  <rating>
   2.25
  </rating>
  <reviews>
   652649
  </reviews>
  <new>
   +
  </new>
  <exclusive>
   yes
  </exclusive>
  <sporty>
   no
  </sporty>
 </clothing>
 <clothing>
  <id>
   629868419
  </id>
  <name>
   Addidas Hat Y-3801
  </name>
  <category>
   Hat
  </category>
  <size>
   L
  </size>
  <color>
   Голубой
  </color>
  <material>
   Лен
  </material>
  <price>
   463261
  </price>
  <rating>
   2.98
  </rating>
  <reviews>
   926222
  </reviews>
  <new>
   -
  </new>
  <exclusive>
   yes
  </exclusive>
  <sporty>
   yes
  </sporty>
 </clothing>
 <clothing>
  <id>
   483181699
  </id>
  <name>
   Adidas Gloves Q-6550
  </name>
  <category>
   Gloves
  </category>
  <size>
   XXL
  </size>
  <color>
   Оранжевый
  </color>
  <material>
   Кожа
  </material>
  <price>
   353417
  </price>
  <rating>
   3.14
  </rating>
  <reviews>
   297588
  </reviews>
  <exclusive>
   no
  </exclusive>
  <sporty>
   no
  </sporty>
 </clothing>
 <clothing>
  <id>
   545828795
  </id>
  <name>
   Reebok Jeans A-9011
  </name>
  <category>
   Jeans
  </category>
  <size>
   S
  </size>
  <color>
   Оранжевый
  </color>
  <material>
   Хлопок
  </material>
  <price>
   290330
  </price>
  <rating>
   4.64
  </rating>
  <reviews>
   564106
  </reviews>
  <new>
   -
  </new>
  <exclusive>
   no
  </exclusive>
 </clothing>
 <clothing>
  <id>
   976301879
  </id>
  <name>
   DC Umbrellas Y-3697
  </name>
  <category>
   Umbrellas
  </category>
  <size>
   S
  </size>
  <color>
   Синий
  </color>
  <material>
   Лен
  </material>
  <price>
   769772
  </price>
  <rating>
   4.49
  </rating>
  <reviews>
   367406
  </reviews>
  <new>
   +
  </new>
  <sporty>
   no
  </sporty>
 </clothing>
 <clothing>
  <id>
   522208649
  </id>
  <name>
   Reebok Dress I-3495
  </name>
  <category>
   Dress
  </category>
  <size>
   M
  </size>
  <color>
   Голубой
  </color>
  <material>
   Хлопок
  </material>
  <price>
   221681
  </price>
  <rating>
   1.85
  </rating>
  <reviews>
   962607
  </reviews>
  <exclusive>
   no
  </exclusive>
  <sporty>
   no
  </sporty>
 </clothing>
 <clothing>
  <id>
   290944343
  </id>
  <name>
   PleinSport Skirt X-7106
  </name>
  <category>
   Skirt
  </category>
  <size>
   L
  </size>
  <color>
   Красный
  </color>
  <material>
   Шерсть
  </material>
  <price>
   665591
  </price>
  <rating>
   2.38
  </rating>
  <reviews>
   779038
  </reviews>
  <new>
   -
  </new>
  <exclusive>
   yes
  </exclusive>
  <sporty>
   yes
  </sporty>
 </clothing>
</clothing-items>
