<?xml version="1.0" encoding="utf-8"?>
<clothing-items>
 <clothing>
  <id>
   991602968
  </id>
  <name>
   PleinSport T-shirt I-4341
  </name>
  <category>
   T-shirt
  </category>
  <size>
   XXL
  </size>
  <color>
   Голубой
  </color>
  <material>
   Вискоза
  </material>
  <price>
   545234
  </price>
  <rating>
   1.58
  </rating>
  <reviews>
   79081
  </reviews>
  <new>
   +
  </new>
  <exclusive>
   no
  </exclusive>
  <sporty>
   yes
  </sporty>
 </clothing>
 <clothing>
  <id>
   522593186
  </id>
  <name>
   Under Armour Umbrellas R-5687
  </name>
  <category>
   Umbrellas
  </category>
  <size>
   XXL
  </size>
  <color>
   Голубой
  </color>
  <material>
   Вискоза
  </material>
  <price>
   255224
  </price>
  <rating>
   1.73
  </rating>
  <reviews>
   902032
  </reviews>
  <sporty>
   no
  </sporty>
 </clothing>
 <clothing>
  <id>
   857906059
  </id>
  <name>
   New Balance Belts L-9269
  </name>
  <category>
   Belts
  </category>
  <size>
   S
  </size>
  <color>
   Красный
  </color>
  <material>
   Лен
  </material>
  <price>
   553383
  </price>
  <rating>
   2.39
  </rating>
  <reviews>
   171542
  </reviews>
  <new>
   +
  </new>
 </clothing>
 <clothing>
  <id>
   787282000
  </id>
  <name>
   New Balance Belts X-9380
  </name>
  <category>
   Belts
  </category>
  <size>
   M
  </size>
  <color>
   Синий
  </color>
  <material>
   Шерсть
  </material>
  <price>
   992134
  </price>
  <rating>
   2.54
  </rating>
  <reviews>
   914684
  </reviews>
  <new>
   +
  </new>
  <exclusive>
   no
  </exclusive>
  <sporty>
   no
  </sporty>
 </clothing>
 <clothing>
  <id>
   717200404
  </id>
  <name>
   PleinSport Gloves W-6539
  </name>
  <category>
   Gloves
  </category>
  <size>
   L
  </size>
  <color>
   Зеленый
  </color>
  <material>
   Кожа
  </material>
  <price>
   251241
  </price>
  <rating>
   2.32
  </rating>
  <reviews>
   760350
  </reviews>
  <exclusive>
   yes
  </exclusive>
  <sporty>
   yes
  </sporty>
 </clothing>
 <clothing>
  <id>
   479834670
  </id>
  <name>
   Fila Blouse D-8852
  </name>
  <category>
   Blouse
  </category>
  <size>
   L
  </size>
  <color>
   Зеленый
  </color>
  <material>
   Шерсть
  </material>
  <price>
   841838
  </price>
  <rating>
   1.48
  </rating>
  <reviews>
   274610
  </reviews>
  <new>
   +
  </new>
  <exclusive>
   no
  </exclusive>
  <sporty>
   no
  </sporty>
 </clothing>
 <clothing>
  <id>
   457826168
  </id>
  <name>
   New Balance Hat Z-2306
  </name>
  <category>
   Hat
  </category>
  <size>
   L
  </size>
  <color>
   Фиолетовый
  </color>
  <material>
   Шерсть
  </material>
  <price>
   578633
  </price>
  <rating>
   3.1
  </rating>
  <reviews>
   502404
  </reviews>
  <new>
   -
  </new>
  <sporty>
   yes
  </sporty>
 </clothing>
 <clothing>
  <id>
   385740293
  </id>
  <name>
   Fila Belts J-2559
  </name>
  <category>
   Belts
  </category>
  <size>
   M
  </size>
  <color>
   Фиолетовый
  </color>
  <material>
   Вискоза
  </material>
  <price>
   335949
  </price>
  <rating>
   2.56
  </rating>
  <reviews>
   28208
  </reviews>
  <new>
   -
  </new>
  <exclusive>
   no
  </exclusive>
  <sporty>
   no
  </sporty>
 </clothing>
 <clothing>
  <id>
   329652719
  </id>
  <name>
   Addidas Jacket H-9079
  </name>
  <category>
   Jacket
  </category>
  <size>
   S
  </size>
  <color>
   Голубой
  </color>
  <material>
   Лен
  </material>
  <price>
   378018
  </price>
  <rating>
   3.55
  </rating>
  <reviews>
   227360
  </reviews>
  <exclusive>
   no
  </exclusive>
  <sporty>
   no
  </sporty>
 </clothing>
 <clothing>
  <id>
   432049434
  </id>
  <name>
   Asics Dress S-5391
  </name>
  <category>
   Dress
  </category>
  <size>
   XL
  </size>
  <color>
   Синий
  </color>
  <material>
   Хлопок
  </material>
  <price>
   213604
  </price>
  <rating>
   4.22
  </rating>
  <reviews>
   604480
  </reviews>
  <new>
   -
  </new>
  <sporty>
   no
  </sporty>
 </clothing>
 <clothing>
  <id>
   731636418
  </id>
  <name>
   Fila Socks L-8585
  </name>
  <category>
   Socks
  </category>
  <size>
   XL
  </size>
  <color>
   Оранжевый
  </color>
  <material>
   Шелк
  </material>
  <price>
   914512
  </price>
  <rating>
   1.69
  </rating>
  <reviews>
   275993
  </reviews>
  <new>
   +
  </new>
  <exclusive>
   no
  </exclusive>
  <sporty>
   no
  </sporty>
 </clothing>
 <clothing>
  <id>
   501031596
  </id>
  <name>
   Brooks Handbags F-6029
  </name>
  <category>
   Handbags
  </category>
  <size>
   XXL
  </size>
  <color>
   Красный
  </color>
  <material>
   Хлопок
  </material>
  <price>
   615676
  </price>
  <rating>
   2.04
  </rating>
  <reviews>
   154835
  </reviews>
  <new>
   +
  </new>
  <exclusive>
   no
  </exclusive>
 </clothing>
 <clothing>
  <id>
   210053285
  </id>
  <name>
   Addidas Jeans K-1241
  </name>
  <category>
   Jeans
  </category>
  <size>
   S
  </size>
  <color>
   Оранжевый
  </color>
  <material>
   Хлопок
  </material>
  <price>
   213487
  </price>
  <rating>
   3.94
  </rating>
  <reviews>
   164008
  </reviews>
  <new>
   +
  </new>
  <exclusive>
   no
  </exclusive>
  <sporty>
   no
  </sporty>
 </clothing>
 <clothing>
  <id>
   302263353
  </id>
  <name>
   Asics T-shirt K-3594
  </name>
  <category>
   T-shirt
  </category>
  <size>
   XXL
  </size>
  <color>
   Фиолетовый
  </color>
  <material>
   Кожа
  </material>
  <price>
   619006
  </price>
  <rating>
   1.23
  </rating>
  <reviews>
   811265
  </reviews>
  <new>
   -
  </new>
  <exclusive>
   no
  </exclusive>
 </clothing>
 <clothing>
  <id>
   162657545
  </id>
  <name>
   Converse Blouse W-8584
  </name>
  <category>
   Blouse
  </category>
  <size>
   XL
  </size>
  <color>
   Зеленый
  </color>
  <material>
   Хлопок
  </material>
  <price>
   496457
  </price>
  <rating>
   2.1
  </rating>
  <reviews>
   306773
  </reviews>
  <new>
   -
  </new>
  <exclusive>
   no
  </exclusive>
  <sporty>
   yes
  </sporty>
 </clothing>
 <clothing>
  <id>
   408365492
  </id>
  <name>
   Brooks Sweater O-8698
  </name>
  <category>
   Sweater
  </category>
  <size>
   M
  </size>
  <color>
   Желтый
  </color>
  <material>
   Хлопок
  </material>
  <price>
   114969
  </price>
  <rating>
   1.82
  </rating>
  <reviews>
   462825
  </reviews>
  <new>
   +
  </new>
  <exclusive>
   yes
  </exclusive>
 </clothing>
 <clothing>
  <id>
   306457952
  </id>
  <name>
   New Balance Socks B-8859
  </name>
  <category>
   Socks
  </category>
  <size>
   S
  </size>
  <color>
   Фиолетовый
  </color>
  <material>
   Шерсть
  </material>
  <price>
   492638
  </price>
  <rating>
   5.0
  </rating>
  <reviews>
   421019
  </reviews>
  <new>
   +
  </new>
 </clothing>
 <clothing>
  <id>
   692308546
  </id>
  <name>
   Converse Hat T-1637
  </name>
  <category>
   Hat
  </category>
  <size>
   XXL
  </size>
  <color>
   Зеленый
  </color>
  <material>
   Кожа
  </material>
  <price>
   594886
  </price>
  <rating>
   2.23
  </rating>
  <reviews>
   434181
  </reviews>
  <exclusive>
   no
  </exclusive>
 </clothing>
 <clothing>
  <id>
   782679100
  </id>
  <name>
   Puma Sweater Q-8500
  </name>
  <category>
   Sweater
  </category>
  <size>
   XXL
  </size>
  <color>
   Синий
  </color>
  <material>
   Лен
  </material>
  <price>
   549887
  </price>
  <rating>
   2.99
  </rating>
  <reviews>
   633188
  </reviews>
  <new>
   -
  </new>
  <exclusive>
   yes
  </exclusive>
 </clothing>
 <clothing>
  <id>
   600445671
  </id>
  <name>
   Adidas Blouse G-4248
  </name>
  <category>
   Blouse
  </category>
  <size>
   XL
  </size>
  <color>
   Оранжевый
  </color>
  <material>
   Кожа
  </material>
  <price>
   855030
  </price>
  <rating>
   2.3
  </rating>
  <reviews>
   129348
  </reviews>
  <exclusive>
   yes
  </exclusive>
  <sporty>
   yes
  </sporty>
 </clothing>
 <clothing>
  <id>
   207178570
  </id>
  <name>
   Fila Gloves U-1220
  </name>
  <category>
   Gloves
  </category>
  <size>
   M
  </size>
  <color>
   Желтый
  </color>
  <material>
   Хлопок
  </material>
  <price>
   115179
  </price>
  <rating>
   2.03
  </rating>
  <reviews>
   498462
  </reviews>
  <exclusive>
   no
  </exclusive>
  <sporty>
   no
  </sporty>
 </clothing>
 <clothing>
  <id>
   831354591
  </id>
  <name>
   Puma Dress I-6348
  </name>
  <category>
   Dress
  </category>
  <size>
   XL
  </size>
  <color>
   Красный
  </color>
  <material>
   Вискоза
  </material>
  <price>
   643303
  </price>
  <rating>
   1.95
  </rating>
  <reviews>
   952780
  </reviews>
  <new>
   +
  </new>
 </clothing>
 <clothing>
  <id>
   885559109
  </id>
  <name>
   Puma Hat T-1004
  </name>
  <category>
   Hat
  </category>
  <size>
   L
  </size>
  <color>
   Оранжевый
  </color>
  <material>
   Шерсть
  </material>
  <price>
   269155
  </price>
  <rating>
   2.51
  </rating>
  <reviews>
   975916
  </reviews>
  <exclusive>
   no
  </exclusive>
 </clothing>
 <clothing>
  <id>
   114801073
  </id>
  <name>
   Under Armour Jeans A-7383
  </name>
  <category>
   Jeans
  </category>
  <size>
   M
  </size>
  <color>
   Красный
  </color>
  <material>
   Кожа
  </material>
  <price>
   910176
  </price>
  <rating>
   3.09
  </rating>
  <reviews>
   858021
  </reviews>
  <new>
   -
  </new>
 </clothing>
 <clothing>
  <id>
   327906601
  </id>
  <name>
   Asics Jeans W-4390
  </name>
  <category>
   Jeans
  </category>
  <size>
   L
  </size>
  <color>
   Оранжевый
  </color>
  <material>
   Вискоза
  </material>
  <price>
   804140
  </price>
  <rating>
   1.46
  </rating>
  <reviews>
   161628
  </reviews>
  <exclusive>
   yes
  </exclusive>
 </clothing>
 <clothing>
  <id>
   397621993
  </id>
  <name>
   Puma Pants B-1414
  </name>
  <category>
   Pants
  </category>
  <size>
   XL
  </size>
  <color>
   Голубой
  </color>
  <material>
   Хлопок
  </material>
  <price>
   679710
  </price>
  <rating>
   1.45
  </rating>
  <reviews>
   739349
  </reviews>
  <sporty>
   no
  </sporty>
 </clothing>
 <clothing>
  <id>
   872888943
  </id>
  <name>
   Ellesse Hat U-8256
  </name>
  <category>
   Hat
  </category>
  <size>
   L
  </size>
  <color>
   Желтый
  </color>
  <material>
   Кожа
  </material>
  <price>
   513047
  </price>
  <rating>
   1.87
  </rating>
  <reviews>
   180770
  </reviews>
  <new>
   -
  </new>
  <sporty>
   no
  </sporty>
 </clothing>
 <clothing>
  <id>
   891370749
  </id>
  <name>
   Brooks Jacket Z-4393
  </name>
  <category>
   Jacket
  </category>
  <size>
   XXL
  </size>
  <color>
   Зеленый
  </color>
  <material>
   Вискоза
  </material>
  <price>
   262301
  </price>
  <rating>
   1.47
  </rating>
  <reviews>
   204524
  </reviews>
 </clothing>
 <clothing>
  <id>
   650604749
  </id>
  <name>
   Adidas Jeans A-4879
  </name>
  <category>
   Jeans
  </category>
  <size>
   XL
  </size>
  <color>
   Желтый
  </color>
  <material>
   Лен
  </material>
  <price>
   402959
  </price>
  <rating>
   1.75
  </rating>
  <reviews>
   561134
  </reviews>
  <new>
   -
  </new>
  <exclusive>
   yes
  </exclusive>
  <sporty>
   yes
  </sporty>
 </clothing>
 <clothing>
  <id>
   928763859
  </id>
  <name>
   Reebok Handbags H-3602
  </name>
  <category>
   Handbags
  </category>
  <size>
   M
  </size>
  <color>
   Красный
  </color>
  <material>
   Вискоза
  </material>
  <price>
   991896
  </price>
  <rating>
   1.37
  </rating>
  <reviews>
   126248
  </reviews>
  <new>
   -
  </new>
  <exclusive>
   yes
  </exclusive>
  <sporty>
   no
  </sporty>
 </clothing>
 <clothing>
  <id>
   347856210
  </id>
  <name>
   Addidas Shoes Z-2221
  </name>
  <category>
   Shoes
  </category>
  <size>
   XXL
  </size>
  <color>
   Красный
  </color>
  <material>
   Хлопок
  </material>
  <price>
   677898
  </price>
  <rating>
   4.62
  </rating>
  <reviews>
   796319
  </reviews>
 </clothing>
</clothing-items>
