<?xml version="1.0" encoding="utf-8"?>
<clothing-items>
 <clothing>
  <id>
   810871563
  </id>
  <name>
   DC Blouse G-7522
  </name>
  <category>
   Blouse
  </category>
  <size>
   XXL
  </size>
  <color>
   Оранжевый
  </color>
  <material>
   Шелк
  </material>
  <price>
   471840
  </price>
  <rating>
   3.14
  </rating>
  <reviews>
   717626
  </reviews>
  <new>
   -
  </new>
  <exclusive>
   no
  </exclusive>
 </clothing>
 <clothing>
  <id>
   406740772
  </id>
  <name>
   Nike Sweater Y-6250
  </name>
  <category>
   Sweater
  </category>
  <size>
   S
  </size>
  <color>
   Красный
  </color>
  <material>
   Кожа
  </material>
  <price>
   156362
  </price>
  <rating>
   1.01
  </rating>
  <reviews>
   323312
  </reviews>
  <exclusive>
   no
  </exclusive>
  <sporty>
   yes
  </sporty>
 </clothing>
 <clothing>
  <id>
   974712007
  </id>
  <name>
   Under Armour Dress O-1673
  </name>
  <category>
   Dress
  </category>
  <size>
   S
  </size>
  <color>
   Красный
  </color>
  <material>
   Полиэстер
  </material>
  <price>
   374847
  </price>
  <rating>
   2.5
  </rating>
  <reviews>
   877021
  </reviews>
  <exclusive>
   no
  </exclusive>
  <sporty>
   no
  </sporty>
 </clothing>
 <clothing>
  <id>
   933218264
  </id>
  <name>
   Addidas Jacket Y-7297
  </name>
  <category>
   Jacket
  </category>
  <size>
   M
  </size>
  <color>
   Фиолетовый
  </color>
  <material>
   Шерсть
  </material>
  <price>
   125438
  </price>
  <rating>
   1.41
  </rating>
  <reviews>
   511554
  </reviews>
  <exclusive>
   no
  </exclusive>
  <sporty>
   no
  </sporty>
 </clothing>
 <clothing>
  <id>
   354155862
  </id>
  <name>
   Fila Shirt D-8044
  </name>
  <category>
   Shirt
  </category>
  <size>
   M
  </size>
  <color>
   Фиолетовый
  </color>
  <material>
   Кожа
  </material>
  <price>
   970464
  </price>
  <rating>
   2.69
  </rating>
  <reviews>
   106038
  </reviews>
 </clothing>
 <clothing>
  <id>
   960262374
  </id>
  <name>
   Converse Hat D-6396
  </name>
  <category>
   Hat
  </category>
  <size>
   M
  </size>
  <color>
   Синий
  </color>
  <material>
   Вискоза
  </material>
  <price>
   531171
  </price>
  <rating>
   2.55
  </rating>
  <reviews>
   441344
  </reviews>
 </clothing>
 <clothing>
  <id>
   872754505
  </id>
  <name>
   Nike Sweater N-7973
  </name>
  <category>
   Sweater
  </category>
  <size>
   L
  </size>
  <color>
   Красный
  </color>
  <material>
   Шелк
  </material>
  <price>
   460106
  </price>
  <rating>
   4.62
  </rating>
  <reviews>
   576264
  </reviews>
  <sporty>
   no
  </sporty>
 </clothing>
 <clothing>
  <id>
   217196726
  </id>
  <name>
   Addidas Umbrellas M-6916
  </name>
  <category>
   Umbrellas
  </category>
  <size>
   L
  </size>
  <color>
   Синий
  </color>
  <material>
   Кожа
  </material>
  <price>
   456769
  </price>
  <rating>
   3.56
  </rating>
  <reviews>
   854195
  </reviews>
  <sporty>
   no
  </sporty>
 </clothing>
 <clothing>
  <id>
   837755466
  </id>
  <name>
   Fila Dress O-7782
  </name>
  <category>
   Dress
  </category>
  <size>
   S
  </size>
  <color>
   Голубой
  </color>
  <material>
   Шерсть
  </material>
  <price>
   438712
  </price>
  <rating>
   3.08
  </rating>
  <reviews>
   704821
  </reviews>
  <new>
   +
  </new>
  <exclusive>
   no
  </exclusive>
  <sporty>
   yes
  </sporty>
 </clothing>
 <clothing>
  <id>
   210199325
  </id>
  <name>
   PleinSport Dress W-2404
  </name>
  <category>
   Dress
  </category>
  <size>
   XL
  </size>
  <color>
   Зеленый
  </color>
  <material>
   Шелк
  </material>
  <price>
   397762
  </price>
  <rating>
   2.83
  </rating>
  <reviews>
   284515
  </reviews>
  <sporty>
   no
  </sporty>
 </clothing>
 <clothing>
  <id>
   720561654
  </id>
  <name>
   Reebok Blouse C-2039
  </name>
  <category>
   Blouse
  </category>
  <size>
   XL
  </size>
  <color>
   Голубой
  </color>
  <material>
   Вискоза
  </material>
  <price>
   426322
  </price>
  <rating>
   1.76
  </rating>
  <reviews>
   715079
  </reviews>
  <new>
   +
  </new>
  <exclusive>
   yes
  </exclusive>
  <sporty>
   yes
  </sporty>
 </clothing>
 <clothing>
  <id>
   632700874
  </id>
  <name>
   Nike Skirt T-8172
  </name>
  <category>
   Skirt
  </category>
  <size>
   XL
  </size>
  <color>
   Желтый
  </color>
  <material>
   Вискоза
  </material>
  <price>
   896897
  </price>
  <rating>
   3.06
  </rating>
  <reviews>
   40862
  </reviews>
  <new>
   +
  </new>
  <exclusive>
   no
  </exclusive>
  <sporty>
   no
  </sporty>
 </clothing>
 <clothing>
  <id>
   428664462
  </id>
  <name>
   Addidas Umbrellas G-1065
  </name>
  <category>
   Umbrellas
  </category>
  <size>
   XXL
  </size>
  <color>
   Красный
  </color>
  <material>
   Нейлон
  </material>
  <price>
   821006
  </price>
  <rating>
   2.58
  </rating>
  <reviews>
   837834
  </reviews>
  <new>
   +
  </new>
  <exclusive>
   yes
  </exclusive>
  <sporty>
   yes
  </sporty>
 </clothing>
 <clothing>
  <id>
   320893410
  </id>
  <name>
   Lacoste Blouse M-3169
  </name>
  <category>
   Blouse
  </category>
  <size>
   XL
  </size>
  <color>
   Синий
  </color>
  <material>
   Хлопок
  </material>
  <price>
   230542
  </price>
  <rating>
   2.7
  </rating>
  <reviews>
   843010
  </reviews>
  <new>
   -
  </new>
  <sporty>
   yes
  </sporty>
 </clothing>
 <clothing>
  <id>
   171128839
  </id>
  <name>
   Reebok Handbags P-2976
  </name>
  <category>
   Handbags
  </category>
  <size>
   M
  </size>
  <color>
   Красный
  </color>
  <material>
   Вискоза
  </material>
  <price>
   482729
  </price>
  <rating>
   2.53
  </rating>
  <reviews>
   221515
  </reviews>
  <new>
   -
  </new>
  <exclusive>
   no
  </exclusive>
  <sporty>
   no
  </sporty>
 </clothing>
 <clothing>
  <id>
   638285422
  </id>
  <name>
   Fila Belts O-8358
  </name>
  <category>
   Belts
  </category>
  <size>
   L
  </size>
  <color>
   Синий
  </color>
  <material>
   Хлопок
  </material>
  <price>
   629464
  </price>
  <rating>
   2.52
  </rating>
  <reviews>
   467189
  </reviews>
 </clothing>
 <clothing>
  <id>
   970425126
  </id>
  <name>
   Brooks Skirt C-4026
  </name>
  <category>
   Skirt
  </category>
  <size>
   XL
  </size>
  <color>
   Фиолетовый
  </color>
  <material>
   Полиэстер
  </material>
  <price>
   829342
  </price>
  <rating>
   1.56
  </rating>
  <reviews>
   195214
  </reviews>
  <new>
   +
  </new>
  <exclusive>
   yes
  </exclusive>
  <sporty>
   yes
  </sporty>
 </clothing>
 <clothing>
  <id>
   495283376
  </id>
  <name>
   Fila Pants N-2182
  </name>
  <category>
   Pants
  </category>
  <size>
   M
  </size>
  <color>
   Голубой
  </color>
  <material>
   Полиэстер
  </material>
  <price>
   954157
  </price>
  <rating>
   1.11
  </rating>
  <reviews>
   83494
  </reviews>
  <new>
   +
  </new>
  <exclusive>
   yes
  </exclusive>
 </clothing>
 <clothing>
  <id>
   560856451
  </id>
  <name>
   New Balance Jeans Z-9418
  </name>
  <category>
   Jeans
  </category>
  <size>
   XXL
  </size>
  <color>
   Оранжевый
  </color>
  <material>
   Кожа
  </material>
  <price>
   271046
  </price>
  <rating>
   4.92
  </rating>
  <reviews>
   515757
  </reviews>
  <new>
   -
  </new>
  <sporty>
   no
  </sporty>
 </clothing>
 <clothing>
  <id>
   104691228
  </id>
  <name>
   Nike Handbags W-1893
  </name>
  <category>
   Handbags
  </category>
  <size>
   M
  </size>
  <color>
   Зеленый
  </color>
  <material>
   Кожа
  </material>
  <price>
   384925
  </price>
  <rating>
   1.5
  </rating>
  <reviews>
   978405
  </reviews>
  <sporty>
   yes
  </sporty>
 </clothing>
 <clothing>
  <id>
   151158589
  </id>
  <name>
   Reebok Umbrellas X-8841
  </name>
  <category>
   Umbrellas
  </category>
  <size>
   S
  </size>
  <color>
   Зеленый
  </color>
  <material>
   Хлопок
  </material>
  <price>
   601334
  </price>
  <rating>
   4.1
  </rating>
  <reviews>
   613643
  </reviews>
  <new>
   +
  </new>
  <sporty>
   no
  </sporty>
 </clothing>
 <clothing>
  <id>
   965954764
  </id>
  <name>
   Asics Belts U-4537
  </name>
  <category>
   Belts
  </category>
  <size>
   XL
  </size>
  <color>
   Красный
  </color>
  <material>
   Шелк
  </material>
  <price>
   276605
  </price>
  <rating>
   1.64
  </rating>
  <reviews>
   636915
  </reviews>
  <new>
   +
  </new>
  <exclusive>
   no
  </exclusive>
  <sporty>
   no
  </sporty>
 </clothing>
 <clothing>
  <id>
   180893992
  </id>
  <name>
   Ellesse Dress D-9642
  </name>
  <category>
   Dress
  </category>
  <size>
   M
  </size>
  <color>
   Красный
  </color>
  <material>
   Полиэстер
  </material>
  <price>
   336884
  </price>
  <rating>
   2.0
  </rating>
  <reviews>
   61110
  </reviews>
  <new>
   +
  </new>
  <exclusive>
   no
  </exclusive>
  <sporty>
   yes
  </sporty>
 </clothing>
 <clothing>
  <id>
   557418212
  </id>
  <name>
   DC Skirt E-6430
  </name>
  <category>
   Skirt
  </category>
  <size>
   XXL
  </size>
  <color>
   Голубой
  </color>
  <material>
   Шерсть
  </material>
  <price>
   398700
  </price>
  <rating>
   1.55
  </rating>
  <reviews>
   417574
  </reviews>
  <new>
   -
  </new>
  <exclusive>
   no
  </exclusive>
  <sporty>
   no
  </sporty>
 </clothing>
 <clothing>
  <id>
   195315908
  </id>
  <name>
   Lacoste Blouse R-1238
  </name>
  <category>
   Blouse
  </category>
  <size>
   XXL
  </size>
  <color>
   Голубой
  </color>
  <material>
   Лен
  </material>
  <price>
   303646
  </price>
  <rating>
   4.58
  </rating>
  <reviews>
   82220
  </reviews>
  <exclusive>
   no
  </exclusive>
  <sporty>
   yes
  </sporty>
 </clothing>
 <clothing>
  <id>
   926559487
  </id>
  <name>
   Under Armour Handbags H-3909
  </name>
  <category>
   Handbags
  </category>
  <size>
   L
  </size>
  <color>
   Голубой
  </color>
  <material>
   Лен
  </material>
  <price>
   529130
  </price>
  <rating>
   4.79
  </rating>
  <reviews>
   335447
  </reviews>
  <exclusive>
   yes
  </exclusive>
 </clothing>
</clothing-items>
