<?xml version="1.0" encoding="utf-8"?>
<clothing-items>
 <clothing>
  <id>
   922709932
  </id>
  <name>
   Puma Sweater G-8300
  </name>
  <category>
   Sweater
  </category>
  <size>
   S
  </size>
  <color>
   Красный
  </color>
  <material>
   Шерсть
  </material>
  <price>
   788889
  </price>
  <rating>
   3.36
  </rating>
  <reviews>
   109942
  </reviews>
  <new>
   +
  </new>
  <exclusive>
   yes
  </exclusive>
  <sporty>
   yes
  </sporty>
 </clothing>
 <clothing>
  <id>
   375610746
  </id>
  <name>
   Nike Belts A-2139
  </name>
  <category>
   Belts
  </category>
  <size>
   M
  </size>
  <color>
   Фиолетовый
  </color>
  <material>
   Полиэстер
  </material>
  <price>
   779283
  </price>
  <rating>
   2.21
  </rating>
  <reviews>
   698002
  </reviews>
  <new>
   +
  </new>
  <exclusive>
   no
  </exclusive>
  <sporty>
   yes
  </sporty>
 </clothing>
 <clothing>
  <id>
   653002902
  </id>
  <name>
   Fila Blouse A-8322
  </name>
  <category>
   Blouse
  </category>
  <size>
   M
  </size>
  <color>
   Голубой
  </color>
  <material>
   Хлопок
  </material>
  <price>
   859716
  </price>
  <rating>
   3.85
  </rating>
  <reviews>
   378139
  </reviews>
  <new>
   +
  </new>
  <exclusive>
   yes
  </exclusive>
  <sporty>
   yes
  </sporty>
 </clothing>
 <clothing>
  <id>
   606349120
  </id>
  <name>
   New Balance Jeans D-1221
  </name>
  <category>
   Jeans
  </category>
  <size>
   S
  </size>
  <color>
   Зеленый
  </color>
  <material>
   Лен
  </material>
  <price>
   895491
  </price>
  <rating>
   2.81
  </rating>
  <reviews>
   612400
  </reviews>
 </clothing>
 <clothing>
  <id>
   128451925
  </id>
  <name>
   Fila T-shirt B-5534
  </name>
  <category>
   T-shirt
  </category>
  <size>
   M
  </size>
  <color>
   Голубой
  </color>
  <material>
   Шелк
  </material>
  <price>
   574255
  </price>
  <rating>
   4.66
  </rating>
  <reviews>
   348755
  </reviews>
  <sporty>
   no
  </sporty>
 </clothing>
 <clothing>
  <id>
   767540289
  </id>
  <name>
   Converse Umbrellas H-4262
  </name>
  <category>
   Umbrellas
  </category>
  <size>
   XL
  </size>
  <color>
   Синий
  </color>
  <material>
   Нейлон
  </material>
  <price>
   345932
  </price>
  <rating>
   4.69
  </rating>
  <reviews>
   333550
  </reviews>
  <new>
   +
  </new>
  <sporty>
   no
  </sporty>
 </clothing>
 <clothing>
  <id>
   218571684
  </id>
  <name>
   Addidas Socks D-3429
  </name>
  <category>
   Socks
  </category>
  <size>
   S
  </size>
  <color>
   Желтый
  </color>
  <material>
   Вискоза
  </material>
  <price>
   641488
  </price>
  <rating>
   1.0
  </rating>
  <reviews>
   51257
  </reviews>
  <new>
   -
  </new>
 </clothing>
 <clothing>
  <id>
   241465151
  </id>
  <name>
   Nike Shirt A-7262
  </name>
  <category>
   Shirt
  </category>
  <size>
   L
  </size>
  <color>
   Голубой
  </color>
  <material>
   Шерсть
  </material>
  <price>
   542051
  </price>
  <rating>
   3.36
  </rating>
  <reviews>
   998097
  </reviews>
  <exclusive>
   no
  </exclusive>
  <sporty>
   no
  </sporty>
 </clothing>
 <clothing>
  <id>
   264425140
  </id>
  <name>
   PleinSport Belts J-1146
  </name>
  <category>
   Belts
  </category>
  <size>
   M
  </size>
  <color>
   Красный
  </color>
  <material>
   Лен
  </material>
  <price>
   894580
  </price>
  <rating>
   1.39
  </rating>
  <reviews>
   598228
  </reviews>
  <new>
   +
  </new>
  <exclusive>
   yes
  </exclusive>
 </clothing>
 <clothing>
  <id>
   139223655
  </id>
  <name>
   Nike Skirt O-4082
  </name>
  <category>
   Skirt
  </category>
  <size>
   XL
  </size>
  <color>
   Зеленый
  </color>
  <material>
   Нейлон
  </material>
  <price>
   989163
  </price>
  <rating>
   2.94
  </rating>
  <reviews>
   8042
  </reviews>
  <sporty>
   no
  </sporty>
 </clothing>
 <clothing>
  <id>
   700050351
  </id>
  <name>
   DC Hat T-6638
  </name>
  <category>
   Hat
  </category>
  <size>
   XXL
  </size>
  <color>
   Голубой
  </color>
  <material>
   Хлопок
  </material>
  <price>
   970548
  </price>
  <rating>
   4.64
  </rating>
  <reviews>
   362740
  </reviews>
  <new>
   -
  </new>
  <sporty>
   no
  </sporty>
 </clothing>
 <clothing>
  <id>
   869849870
  </id>
  <name>
   Under Armour Jacket P-3459
  </name>
  <category>
   Jacket
  </category>
  <size>
   XL
  </size>
  <color>
   Синий
  </color>
  <material>
   Хлопок
  </material>
  <price>
   258361
  </price>
  <rating>
   3.73
  </rating>
  <reviews>
   854884
  </reviews>
  <new>
   +
  </new>
  <exclusive>
   yes
  </exclusive>
  <sporty>
   yes
  </sporty>
 </clothing>
 <clothing>
  <id>
   309668396
  </id>
  <name>
   Ellesse Hat Q-7624
  </name>
  <category>
   Hat
  </category>
  <size>
   L
  </size>
  <color>
   Фиолетовый
  </color>
  <material>
   Хлопок
  </material>
  <price>
   517826
  </price>
  <rating>
   1.26
  </rating>
  <reviews>
   84347
  </reviews>
  <exclusive>
   yes
  </exclusive>
  <sporty>
   yes
  </sporty>
 </clothing>
 <clothing>
  <id>
   918488315
  </id>
  <name>
   Lacoste Blouse H-4887
  </name>
  <category>
   Blouse
  </category>
  <size>
   XL
  </size>
  <color>
   Красный
  </color>
  <material>
   Полиэстер
  </material>
  <price>
   274041
  </price>
  <rating>
   4.0
  </rating>
  <reviews>
   414273
  </reviews>
  <new>
   -
  </new>
  <exclusive>
   yes
  </exclusive>
  <sporty>
   no
  </sporty>
 </clothing>
 <clothing>
  <id>
   956330527
  </id>
  <name>
   Brooks T-shirt O-1657
  </name>
  <category>
   T-shirt
  </category>
  <size>
   L
  </size>
  <color>
   Синий
  </color>
  <material>
   Вискоза
  </material>
  <price>
   393551
  </price>
  <rating>
   3.25
  </rating>
  <reviews>
   843444
  </reviews>
  <exclusive>
   yes
  </exclusive>
  <sporty>
   no
  </sporty>
 </clothing>
 <clothing>
  <id>
   895402809
  </id>
  <name>
   New Balance Shirt F-3774
  </name>
  <category>
   Shirt
  </category>
  <size>
   L
  </size>
  <color>
   Фиолетовый
  </color>
  <material>
   Кожа
  </material>
  <price>
   817559
  </price>
  <rating>
   2.73
  </rating>
  <reviews>
   291223
  </reviews>
  <new>
   -
  </new>
  <exclusive>
   yes
  </exclusive>
 </clothing>
 <clothing>
  <id>
   923771831
  </id>
  <name>
   Under Armour Socks U-8826
  </name>
  <category>
   Socks
  </category>
  <size>
   XL
  </size>
  <color>
   Фиолетовый
  </color>
  <material>
   Хлопок
  </material>
  <price>
   724848
  </price>
  <rating>
   2.61
  </rating>
  <reviews>
   774297
  </reviews>
 </clothing>
 <clothing>
  <id>
   443842724
  </id>
  <name>
   Addidas Skirt V-7377
  </name>
  <category>
   Skirt
  </category>
  <size>
   M
  </size>
  <color>
   Голубой
  </color>
  <material>
   Кожа
  </material>
  <price>
   929514
  </price>
  <rating>
   4.61
  </rating>
  <reviews>
   370134
  </reviews>
  <new>
   +
  </new>
  <sporty>
   no
  </sporty>
 </clothing>
 <clothing>
  <id>
   511500183
  </id>
  <name>
   Asics Shoes N-7002
  </name>
  <category>
   Shoes
  </category>
  <size>
   XL
  </size>
  <color>
   Красный
  </color>
  <material>
   Нейлон
  </material>
  <price>
   399870
  </price>
  <rating>
   2.02
  </rating>
  <reviews>
   939395
  </reviews>
  <new>
   -
  </new>
  <exclusive>
   no
  </exclusive>
 </clothing>
 <clothing>
  <id>
   475752691
  </id>
  <name>
   Under Armour Gloves V-7480
  </name>
  <category>
   Gloves
  </category>
  <size>
   L
  </size>
  <color>
   Фиолетовый
  </color>
  <material>
   Шерсть
  </material>
  <price>
   176916
  </price>
  <rating>
   4.38
  </rating>
  <reviews>
   559565
  </reviews>
  <exclusive>
   no
  </exclusive>
 </clothing>
 <clothing>
  <id>
   725439027
  </id>
  <name>
   Nike Blouse O-2292
  </name>
  <category>
   Blouse
  </category>
  <size>
   XXL
  </size>
  <color>
   Оранжевый
  </color>
  <material>
   Шерсть
  </material>
  <price>
   900200
  </price>
  <rating>
   2.49
  </rating>
  <reviews>
   532642
  </reviews>
  <exclusive>
   yes
  </exclusive>
  <sporty>
   no
  </sporty>
 </clothing>
 <clothing>
  <id>
   450666643
  </id>
  <name>
   New Balance Shoes K-3453
  </name>
  <category>
   Shoes
  </category>
  <size>
   M
  </size>
  <color>
   Оранжевый
  </color>
  <material>
   Кожа
  </material>
  <price>
   603211
  </price>
  <rating>
   2.74
  </rating>
  <reviews>
   336006
  </reviews>
  <exclusive>
   no
  </exclusive>
  <sporty>
   no
  </sporty>
 </clothing>
 <clothing>
  <id>
   285612709
  </id>
  <name>
   Addidas Sweater N-7492
  </name>
  <category>
   Sweater
  </category>
  <size>
   M
  </size>
  <color>
   Желтый
  </color>
  <material>
   Шелк
  </material>
  <price>
   727819
  </price>
  <rating>
   4.71
  </rating>
  <reviews>
   689281
  </reviews>
  <new>
   +
  </new>
  <exclusive>
   no
  </exclusive>
  <sporty>
   no
  </sporty>
 </clothing>
 <clothing>
  <id>
   724830079
  </id>
  <name>
   Fila Dress B-3815
  </name>
  <category>
   Dress
  </category>
  <size>
   XXL
  </size>
  <color>
   Фиолетовый
  </color>
  <material>
   Шелк
  </material>
  <price>
   918863
  </price>
  <rating>
   3.62
  </rating>
  <reviews>
   374992
  </reviews>
  <exclusive>
   yes
  </exclusive>
  <sporty>
   no
  </sporty>
 </clothing>
 <clothing>
  <id>
   765122582
  </id>
  <name>
   Nike Blouse A-1597
  </name>
  <category>
   Blouse
  </category>
  <size>
   L
  </size>
  <color>
   Голубой
  </color>
  <material>
   Шелк
  </material>
  <price>
   113630
  </price>
  <rating>
   2.67
  </rating>
  <reviews>
   486700
  </reviews>
  <exclusive>
   yes
  </exclusive>
 </clothing>
 <clothing>
  <id>
   937770137
  </id>
  <name>
   Under Armour Jeans P-5997
  </name>
  <category>
   Jeans
  </category>
  <size>
   L
  </size>
  <color>
   Оранжевый
  </color>
  <material>
   Вискоза
  </material>
  <price>
   210965
  </price>
  <rating>
   1.77
  </rating>
  <reviews>
   736503
  </reviews>
  <new>
   -
  </new>
  <sporty>
   yes
  </sporty>
 </clothing>
 <clothing>
  <id>
   391662510
  </id>
  <name>
   Brooks Gloves A-2505
  </name>
  <category>
   Gloves
  </category>
  <size>
   XXL
  </size>
  <color>
   Синий
  </color>
  <material>
   Хлопок
  </material>
  <price>
   165654
  </price>
  <rating>
   3.47
  </rating>
  <reviews>
   39225
  </reviews>
  <new>
   +
  </new>
  <exclusive>
   no
  </exclusive>
  <sporty>
   yes
  </sporty>
 </clothing>
 <clothing>
  <id>
   352814624
  </id>
  <name>
   Converse Handbags S-8469
  </name>
  <category>
   Handbags
  </category>
  <size>
   M
  </size>
  <color>
   Фиолетовый
  </color>
  <material>
   Вискоза
  </material>
  <price>
   484275
  </price>
  <rating>
   4.05
  </rating>
  <reviews>
   10305
  </reviews>
  <exclusive>
   no
  </exclusive>
  <sporty>
   no
  </sporty>
 </clothing>
 <clothing>
  <id>
   246501673
  </id>
  <name>
   Vans Belts B-3257
  </name>
  <category>
   Belts
  </category>
  <size>
   M
  </size>
  <color>
   Фиолетовый
  </color>
  <material>
   Полиэстер
  </material>
  <price>
   289039
  </price>
  <rating>
   1.85
  </rating>
  <reviews>
   944319
  </reviews>
  <new>
   +
  </new>
  <exclusive>
   no
  </exclusive>
  <sporty>
   no
  </sporty>
 </clothing>
 <clothing>
  <id>
   100622007
  </id>
  <name>
   PleinSport Sweater Q-6898
  </name>
  <category>
   Sweater
  </category>
  <size>
   M
  </size>
  <color>
   Фиолетовый
  </color>
  <material>
   Хлопок
  </material>
  <price>
   152040
  </price>
  <rating>
   4.57
  </rating>
  <reviews>
   82038
  </reviews>
  <new>
   -
  </new>
  <exclusive>
   yes
  </exclusive>
 </clothing>
 <clothing>
  <id>
   775549411
  </id>
  <name>
   PleinSport Handbags I-1769
  </name>
  <category>
   Handbags
  </category>
  <size>
   M
  </size>
  <color>
   Зеленый
  </color>
  <material>
   Полиэстер
  </material>
  <price>
   353567
  </price>
  <rating>
   2.37
  </rating>
  <reviews>
   226302
  </reviews>
  <new>
   -
  </new>
  <exclusive>
   yes
  </exclusive>
  <sporty>
   yes
  </sporty>
 </clothing>
 <clothing>
  <id>
   731609375
  </id>
  <name>
   Vans Jeans P-7707
  </name>
  <category>
   Jeans
  </category>
  <size>
   L
  </size>
  <color>
   Красный
  </color>
  <material>
   Хлопок
  </material>
  <price>
   773657
  </price>
  <rating>
   1.39
  </rating>
  <reviews>
   908266
  </reviews>
  <new>
   +
  </new>
  <exclusive>
   yes
  </exclusive>
 </clothing>
 <clothing>
  <id>
   974493153
  </id>
  <name>
   Ellesse Shirt M-4998
  </name>
  <category>
   Shirt
  </category>
  <size>
   XL
  </size>
  <color>
   Фиолетовый
  </color>
  <material>
   Лен
  </material>
  <price>
   194274
  </price>
  <rating>
   1.7
  </rating>
  <reviews>
   745500
  </reviews>
  <new>
   -
  </new>
  <exclusive>
   no
  </exclusive>
 </clothing>
 <clothing>
  <id>
   722196538
  </id>
  <name>
   Fila Belts S-5628
  </name>
  <category>
   Belts
  </category>
  <size>
   M
  </size>
  <color>
   Фиолетовый
  </color>
  <material>
   Шерсть
  </material>
  <price>
   440312
  </price>
  <rating>
   2.4
  </rating>
  <reviews>
   492667
  </reviews>
  <new>
   -
  </new>
  <exclusive>
   no
  </exclusive>
  <sporty>
   yes
  </sporty>
 </clothing>
 <clothing>
  <id>
   306512542
  </id>
  <name>
   Reebok T-shirt W-4736
  </name>
  <category>
   T-shirt
  </category>
  <size>
   S
  </size>
  <color>
   Оранжевый
  </color>
  <material>
   Кожа
  </material>
  <price>
   893388
  </price>
  <rating>
   4.76
  </rating>
  <reviews>
   73432
  </reviews>
  <sporty>
   no
  </sporty>
 </clothing>
 <clothing>
  <id>
   615468615
  </id>
  <name>
   Addidas Dress C-6625
  </name>
  <category>
   Dress
  </category>
  <size>
   XL
  </size>
  <color>
   Зеленый
  </color>
  <material>
   Кожа
  </material>
  <price>
   821829
  </price>
  <rating>
   3.57
  </rating>
  <reviews>
   261133
  </reviews>
  <new>
   +
  </new>
  <exclusive>
   yes
  </exclusive>
 </clothing>
 <clothing>
  <id>
   498623600
  </id>
  <name>
   Adidas Jacket N-2117
  </name>
  <category>
   Jacket
  </category>
  <size>
   S
  </size>
  <color>
   Желтый
  </color>
  <material>
   Полиэстер
  </material>
  <price>
   839938
  </price>
  <rating>
   1.95
  </rating>
  <reviews>
   123680
  </reviews>
  <new>
   -
  </new>
  <sporty>
   no
  </sporty>
 </clothing>
 <clothing>
  <id>
   258546039
  </id>
  <name>
   Addidas Dress J-8477
  </name>
  <category>
   Dress
  </category>
  <size>
   S
  </size>
  <color>
   Оранжевый
  </color>
  <material>
   Кожа
  </material>
  <price>
   470347
  </price>
  <rating>
   3.95
  </rating>
  <reviews>
   307744
  </reviews>
  <exclusive>
   yes
  </exclusive>
  <sporty>
   no
  </sporty>
 </clothing>
 <clothing>
  <id>
   405810600
  </id>
  <name>
   Puma Dress L-1803
  </name>
  <category>
   Dress
  </category>
  <size>
   S
  </size>
  <color>
   Синий
  </color>
  <material>
   Шелк
  </material>
  <price>
   497232
  </price>
  <rating>
   2.42
  </rating>
  <reviews>
   899410
  </reviews>
  <exclusive>
   no
  </exclusive>
  <sporty>
   no
  </sporty>
 </clothing>
 <clothing>
  <id>
   223061115
  </id>
  <name>
   Asics T-shirt S-6986
  </name>
  <category>
   T-shirt
  </category>
  <size>
   XL
  </size>
  <color>
   Зеленый
  </color>
  <material>
   Вискоза
  </material>
  <price>
   221005
  </price>
  <rating>
   3.11
  </rating>
  <reviews>
   106457
  </reviews>
  <exclusive>
   no
  </exclusive>
 </clothing>
 <clothing>
  <id>
   810311627
  </id>
  <name>
   Ellesse Dress H-2231
  </name>
  <category>
   Dress
  </category>
  <size>
   XXL
  </size>
  <color>
   Зеленый
  </color>
  <material>
   Шелк
  </material>
  <price>
   522560
  </price>
  <rating>
   3.41
  </rating>
  <reviews>
   83899
  </reviews>
  <exclusive>
   no
  </exclusive>
 </clothing>
</clothing-items>
