<?xml version="1.0" encoding="utf-8"?>
<clothing-items>
 <clothing>
  <id>
   588137625
  </id>
  <name>
   Ellesse Shirt K-3802
  </name>
  <category>
   Shirt
  </category>
  <size>
   XXL
  </size>
  <color>
   Желтый
  </color>
  <material>
   Шерсть
  </material>
  <price>
   558445
  </price>
  <rating>
   4.08
  </rating>
  <reviews>
   533104
  </reviews>
  <new>
   +
  </new>
  <sporty>
   yes
  </sporty>
 </clothing>
 <clothing>
  <id>
   617348904
  </id>
  <name>
   Nike Socks T-5879
  </name>
  <category>
   Socks
  </category>
  <size>
   M
  </size>
  <color>
   Голубой
  </color>
  <material>
   Шелк
  </material>
  <price>
   679033
  </price>
  <rating>
   3.07
  </rating>
  <reviews>
   412853
  </reviews>
  <new>
   +
  </new>
  <exclusive>
   no
  </exclusive>
  <sporty>
   no
  </sporty>
 </clothing>
 <clothing>
  <id>
   839168346
  </id>
  <name>
   Puma Shoes U-2528
  </name>
  <category>
   Shoes
  </category>
  <size>
   S
  </size>
  <color>
   Оранжевый
  </color>
  <material>
   Полиэстер
  </material>
  <price>
   775322
  </price>
  <rating>
   2.17
  </rating>
  <reviews>
   374779
  </reviews>
  <new>
   -
  </new>
  <exclusive>
   no
  </exclusive>
 </clothing>
 <clothing>
  <id>
   674151694
  </id>
  <name>
   Puma Jacket O-8573
  </name>
  <category>
   Jacket
  </category>
  <size>
   S
  </size>
  <color>
   Зеленый
  </color>
  <material>
   Вискоза
  </material>
  <price>
   688189
  </price>
  <rating>
   4.65
  </rating>
  <reviews>
   926456
  </reviews>
  <new>
   -
  </new>
  <sporty>
   no
  </sporty>
 </clothing>
 <clothing>
  <id>
   228649858
  </id>
  <name>
   Reebok T-shirt Q-1644
  </name>
  <category>
   T-shirt
  </category>
  <size>
   XL
  </size>
  <color>
   Голубой
  </color>
  <material>
   Нейлон
  </material>
  <price>
   352010
  </price>
  <rating>
   4.05
  </rating>
  <reviews>
   585745
  </reviews>
  <new>
   +
  </new>
 </clothing>
 <clothing>
  <id>
   596712996
  </id>
  <name>
   Reebok Belts S-9373
  </name>
  <category>
   Belts
  </category>
  <size>
   M
  </size>
  <color>
   Фиолетовый
  </color>
  <material>
   Полиэстер
  </material>
  <price>
   677563
  </price>
  <rating>
   2.79
  </rating>
  <reviews>
   523874
  </reviews>
  <exclusive>
   no
  </exclusive>
  <sporty>
   no
  </sporty>
 </clothing>
 <clothing>
  <id>
   867410544
  </id>
  <name>
   Converse Jacket J-9133
  </name>
  <category>
   Jacket
  </category>
  <size>
   L
  </size>
  <color>
   Фиолетовый
  </color>
  <material>
   Шелк
  </material>
  <price>
   994491
  </price>
  <rating>
   2.73
  </rating>
  <reviews>
   843110
  </reviews>
  <new>
   +
  </new>
  <exclusive>
   yes
  </exclusive>
  <sporty>
   yes
  </sporty>
 </clothing>
 <clothing>
  <id>
   366207055
  </id>
  <name>
   Brooks Dress Z-2827
  </name>
  <category>
   Dress
  </category>
  <size>
   S
  </size>
  <color>
   Зеленый
  </color>
  <material>
   Кожа
  </material>
  <price>
   517093
  </price>
  <rating>
   3.61
  </rating>
  <reviews>
   747095
  </reviews>
  <exclusive>
   yes
  </exclusive>
  <sporty>
   yes
  </sporty>
 </clothing>
 <clothing>
  <id>
   789863506
  </id>
  <name>
   PleinSport T-shirt L-2819
  </name>
  <category>
   T-shirt
  </category>
  <size>
   S
  </size>
  <color>
   Фиолетовый
  </color>
  <material>
   Шелк
  </material>
  <price>
   361982
  </price>
  <rating>
   3.03
  </rating>
  <reviews>
   658677
  </reviews>
  <new>
   -
  </new>
  <exclusive>
   no
  </exclusive>
  <sporty>
   no
  </sporty>
 </clothing>
 <clothing>
  <id>
   727770103
  </id>
  <name>
   Fila Sweater U-3707
  </name>
  <category>
   Sweater
  </category>
  <size>
   M
  </size>
  <color>
   Оранжевый
  </color>
  <material>
   Вискоза
  </material>
  <price>
   422161
  </price>
  <rating>
   4.15
  </rating>
  <reviews>
   701971
  </reviews>
  <new>
   -
  </new>
  <sporty>
   yes
  </sporty>
 </clothing>
</clothing-items>
