<?xml version="1.0" encoding="utf-8"?>
<clothing-items>
 <clothing>
  <id>
   975304095
  </id>
  <name>
   DC Gloves N-9363
  </name>
  <category>
   Gloves
  </category>
  <size>
   XXL
  </size>
  <color>
   Оранжевый
  </color>
  <material>
   Хлопок
  </material>
  <price>
   963226
  </price>
  <rating>
   1.15
  </rating>
  <reviews>
   19636
  </reviews>
  <new>
   +
  </new>
  <exclusive>
   no
  </exclusive>
  <sporty>
   no
  </sporty>
 </clothing>
 <clothing>
  <id>
   977164080
  </id>
  <name>
   Brooks Dress B-9459
  </name>
  <category>
   Dress
  </category>
  <size>
   XL
  </size>
  <color>
   Синий
  </color>
  <material>
   Лен
  </material>
  <price>
   589234
  </price>
  <rating>
   4.92
  </rating>
  <reviews>
   965943
  </reviews>
  <new>
   +
  </new>
  <sporty>
   yes
  </sporty>
 </clothing>
 <clothing>
  <id>
   495122123
  </id>
  <name>
   PleinSport Dress Z-6445
  </name>
  <category>
   Dress
  </category>
  <size>
   S
  </size>
  <color>
   Зеленый
  </color>
  <material>
   Шелк
  </material>
  <price>
   735871
  </price>
  <rating>
   3.86
  </rating>
  <reviews>
   473732
  </reviews>
  <exclusive>
   yes
  </exclusive>
 </clothing>
 <clothing>
  <id>
   313616536
  </id>
  <name>
   Asics Socks X-5526
  </name>
  <category>
   Socks
  </category>
  <size>
   XL
  </size>
  <color>
   Фиолетовый
  </color>
  <material>
   Хлопок
  </material>
  <price>
   173960
  </price>
  <rating>
   1.24
  </rating>
  <reviews>
   170012
  </reviews>
  <new>
   +
  </new>
  <sporty>
   no
  </sporty>
 </clothing>
 <clothing>
  <id>
   641453231
  </id>
  <name>
   Nike Sweater Y-3046
  </name>
  <category>
   Sweater
  </category>
  <size>
   XL
  </size>
  <color>
   Синий
  </color>
  <material>
   Шелк
  </material>
  <price>
   400553
  </price>
  <rating>
   3.0
  </rating>
  <reviews>
   901804
  </reviews>
  <new>
   -
  </new>
  <exclusive>
   yes
  </exclusive>
 </clothing>
 <clothing>
  <id>
   515611895
  </id>
  <name>
   Puma Umbrellas R-8705
  </name>
  <category>
   Umbrellas
  </category>
  <size>
   XL
  </size>
  <color>
   Желтый
  </color>
  <material>
   Нейлон
  </material>
  <price>
   464678
  </price>
  <rating>
   3.03
  </rating>
  <reviews>
   113161
  </reviews>
  <exclusive>
   no
  </exclusive>
  <sporty>
   no
  </sporty>
 </clothing>
 <clothing>
  <id>
   812300719
  </id>
  <name>
   Adidas Socks U-1376
  </name>
  <category>
   Socks
  </category>
  <size>
   M
  </size>
  <color>
   Голубой
  </color>
  <material>
   Полиэстер
  </material>
  <price>
   859095
  </price>
  <rating>
   4.64
  </rating>
  <reviews>
   596921
  </reviews>
  <sporty>
   no
  </sporty>
 </clothing>
 <clothing>
  <id>
   516840152
  </id>
  <name>
   Lacoste Skirt V-6618
  </name>
  <category>
   Skirt
  </category>
  <size>
   XXL
  </size>
  <color>
   Оранжевый
  </color>
  <material>
   Лен
  </material>
  <price>
   105805
  </price>
  <rating>
   4.85
  </rating>
  <reviews>
   871738
  </reviews>
  <exclusive>
   yes
  </exclusive>
  <sporty>
   no
  </sporty>
 </clothing>
 <clothing>
  <id>
   288252984
  </id>
  <name>
   Puma Socks A-4113
  </name>
  <category>
   Socks
  </category>
  <size>
   S
  </size>
  <color>
   Зеленый
  </color>
  <material>
   Лен
  </material>
  <price>
   945559
  </price>
  <rating>
   2.68
  </rating>
  <reviews>
   18919
  </reviews>
  <new>
   -
  </new>
  <exclusive>
   no
  </exclusive>
  <sporty>
   yes
  </sporty>
 </clothing>
 <clothing>
  <id>
   541522447
  </id>
  <name>
   PleinSport Sweater Z-1662
  </name>
  <category>
   Sweater
  </category>
  <size>
   S
  </size>
  <color>
   Оранжевый
  </color>
  <material>
   Лен
  </material>
  <price>
   390529
  </price>
  <rating>
   3.6
  </rating>
  <reviews>
   499816
  </reviews>
  <exclusive>
   no
  </exclusive>
  <sporty>
   yes
  </sporty>
 </clothing>
 <clothing>
  <id>
   341274673
  </id>
  <name>
   PleinSport T-shirt X-5065
  </name>
  <category>
   T-shirt
  </category>
  <size>
   L
  </size>
  <color>
   Голубой
  </color>
  <material>
   Лен
  </material>
  <price>
   961856
  </price>
  <rating>
   2.07
  </rating>
  <reviews>
   653988
  </reviews>
  <exclusive>
   no
  </exclusive>
  <sporty>
   no
  </sporty>
 </clothing>
 <clothing>
  <id>
   719423667
  </id>
  <name>
   Brooks Socks N-3206
  </name>
  <category>
   Socks
  </category>
  <size>
   XL
  </size>
  <color>
   Голубой
  </color>
  <material>
   Нейлон
  </material>
  <price>
   915472
  </price>
  <rating>
   3.29
  </rating>
  <reviews>
   445015
  </reviews>
  <new>
   +
  </new>
  <exclusive>
   yes
  </exclusive>
  <sporty>
   yes
  </sporty>
 </clothing>
 <clothing>
  <id>
   963238837
  </id>
  <name>
   Fila Shoes R-7520
  </name>
  <category>
   Shoes
  </category>
  <size>
   S
  </size>
  <color>
   Красный
  </color>
  <material>
   Шерсть
  </material>
  <price>
   205493
  </price>
  <rating>
   2.93
  </rating>
  <reviews>
   196324
  </reviews>
  <new>
   -
  </new>
 </clothing>
 <clothing>
  <id>
   168200523
  </id>
  <name>
   Ellesse Hat C-5309
  </name>
  <category>
   Hat
  </category>
  <size>
   XL
  </size>
  <color>
   Желтый
  </color>
  <material>
   Лен
  </material>
  <price>
   954227
  </price>
  <rating>
   3.66
  </rating>
  <reviews>
   959155
  </reviews>
  <new>
   -
  </new>
  <exclusive>
   no
  </exclusive>
 </clothing>
 <clothing>
  <id>
   591170091
  </id>
  <name>
   Adidas Shirt J-8798
  </name>
  <category>
   Shirt
  </category>
  <size>
   L
  </size>
  <color>
   Синий
  </color>
  <material>
   Хлопок
  </material>
  <price>
   821056
  </price>
  <rating>
   3.89
  </rating>
  <reviews>
   911330
  </reviews>
  <new>
   +
  </new>
  <exclusive>
   yes
  </exclusive>
 </clothing>
 <clothing>
  <id>
   451996033
  </id>
  <name>
   Asics T-shirt X-9164
  </name>
  <category>
   T-shirt
  </category>
  <size>
   S
  </size>
  <color>
   Голубой
  </color>
  <material>
   Кожа
  </material>
  <price>
   947380
  </price>
  <rating>
   3.9
  </rating>
  <reviews>
   69569
  </reviews>
  <new>
   +
  </new>
  <sporty>
   no
  </sporty>
 </clothing>
 <clothing>
  <id>
   692064715
  </id>
  <name>
   Addidas Umbrellas N-2691
  </name>
  <category>
   Umbrellas
  </category>
  <size>
   XXL
  </size>
  <color>
   Красный
  </color>
  <material>
   Лен
  </material>
  <price>
   268568
  </price>
  <rating>
   1.77
  </rating>
  <reviews>
   204209
  </reviews>
  <exclusive>
   no
  </exclusive>
  <sporty>
   no
  </sporty>
 </clothing>
 <clothing>
  <id>
   935809820
  </id>
  <name>
   Addidas Socks I-9434
  </name>
  <category>
   Socks
  </category>
  <size>
   XL
  </size>
  <color>
   Синий
  </color>
  <material>
   Шерсть
  </material>
  <price>
   184018
  </price>
  <rating>
   3.64
  </rating>
  <reviews>
   122086
  </reviews>
  <new>
   +
  </new>
  <sporty>
   no
  </sporty>
 </clothing>
 <clothing>
  <id>
   375708077
  </id>
  <name>
   Adidas Pants A-6622
  </name>
  <category>
   Pants
  </category>
  <size>
   M
  </size>
  <color>
   Синий
  </color>
  <material>
   Шелк
  </material>
  <price>
   566955
  </price>
  <rating>
   2.08
  </rating>
  <reviews>
   180385
  </reviews>
  <new>
   -
  </new>
  <exclusive>
   no
  </exclusive>
  <sporty>
   no
  </sporty>
 </clothing>
</clothing-items>
