<?xml version="1.0" encoding="utf-8"?>
<clothing-items>
 <clothing>
  <id>
   633488617
  </id>
  <name>
   Lacoste Handbags O-2720
  </name>
  <category>
   Handbags
  </category>
  <size>
   XXL
  </size>
  <color>
   Оранжевый
  </color>
  <material>
   Вискоза
  </material>
  <price>
   130102
  </price>
  <rating>
   4.32
  </rating>
  <reviews>
   98238
  </reviews>
  <new>
   +
  </new>
  <exclusive>
   no
  </exclusive>
 </clothing>
 <clothing>
  <id>
   302232190
  </id>
  <name>
   Vans Skirt B-6834
  </name>
  <category>
   Skirt
  </category>
  <size>
   S
  </size>
  <color>
   Зеленый
  </color>
  <material>
   Хлопок
  </material>
  <price>
   185333
  </price>
  <rating>
   3.94
  </rating>
  <reviews>
   891457
  </reviews>
  <exclusive>
   yes
  </exclusive>
 </clothing>
 <clothing>
  <id>
   770587160
  </id>
  <name>
   Converse Umbrellas M-7815
  </name>
  <category>
   Umbrellas
  </category>
  <size>
   S
  </size>
  <color>
   Оранжевый
  </color>
  <material>
   Полиэстер
  </material>
  <price>
   237541
  </price>
  <rating>
   4.18
  </rating>
  <reviews>
   599076
  </reviews>
  <new>
   -
  </new>
 </clothing>
 <clothing>
  <id>
   472446321
  </id>
  <name>
   Adidas Belts R-8471
  </name>
  <category>
   Belts
  </category>
  <size>
   XXL
  </size>
  <color>
   Красный
  </color>
  <material>
   Нейлон
  </material>
  <price>
   328892
  </price>
  <rating>
   1.44
  </rating>
  <reviews>
   209487
  </reviews>
  <new>
   -
  </new>
  <exclusive>
   no
  </exclusive>
 </clothing>
 <clothing>
  <id>
   466276353
  </id>
  <name>
   Brooks Jacket Y-7141
  </name>
  <category>
   Jacket
  </category>
  <size>
   XL
  </size>
  <color>
   Красный
  </color>
  <material>
   Нейлон
  </material>
  <price>
   675960
  </price>
  <rating>
   3.75
  </rating>
  <reviews>
   44168
  </reviews>
  <new>
   -
  </new>
 </clothing>
 <clothing>
  <id>
   774293397
  </id>
  <name>
   Asics Skirt I-7614
  </name>
  <category>
   Skirt
  </category>
  <size>
   L
  </size>
  <color>
   Синий
  </color>
  <material>
   Лен
  </material>
  <price>
   192653
  </price>
  <rating>
   3.02
  </rating>
  <reviews>
   89321
  </reviews>
  <new>
   +
  </new>
  <sporty>
   no
  </sporty>
 </clothing>
 <clothing>
  <id>
   248753133
  </id>
  <name>
   Lacoste Shirt L-6313
  </name>
  <category>
   Shirt
  </category>
  <size>
   XL
  </size>
  <color>
   Голубой
  </color>
  <material>
   Лен
  </material>
  <price>
   145518
  </price>
  <rating>
   1.47
  </rating>
  <reviews>
   789452
  </reviews>
  <exclusive>
   no
  </exclusive>
 </clothing>
 <clothing>
  <id>
   659048359
  </id>
  <name>
   Nike Belts V-9172
  </name>
  <category>
   Belts
  </category>
  <size>
   XXL
  </size>
  <color>
   Голубой
  </color>
  <material>
   Хлопок
  </material>
  <price>
   743039
  </price>
  <rating>
   4.72
  </rating>
  <reviews>
   979659
  </reviews>
  <new>
   -
  </new>
 </clothing>
 <clothing>
  <id>
   861459730
  </id>
  <name>
   Puma Pants K-6052
  </name>
  <category>
   Pants
  </category>
  <size>
   S
  </size>
  <color>
   Синий
  </color>
  <material>
   Нейлон
  </material>
  <price>
   958107
  </price>
  <rating>
   4.5
  </rating>
  <reviews>
   108447
  </reviews>
  <new>
   +
  </new>
  <exclusive>
   no
  </exclusive>
  <sporty>
   no
  </sporty>
 </clothing>
 <clothing>
  <id>
   764273201
  </id>
  <name>
   Converse Shirt W-9608
  </name>
  <category>
   Shirt
  </category>
  <size>
   S
  </size>
  <color>
   Оранжевый
  </color>
  <material>
   Кожа
  </material>
  <price>
   334678
  </price>
  <rating>
   4.3
  </rating>
  <reviews>
   137593
  </reviews>
  <new>
   -
  </new>
  <exclusive>
   no
  </exclusive>
  <sporty>
   yes
  </sporty>
 </clothing>
 <clothing>
  <id>
   199655660
  </id>
  <name>
   PleinSport Umbrellas J-3955
  </name>
  <category>
   Umbrellas
  </category>
  <size>
   S
  </size>
  <color>
   Красный
  </color>
  <material>
   Шелк
  </material>
  <price>
   654506
  </price>
  <rating>
   4.4
  </rating>
  <reviews>
   191320
  </reviews>
  <new>
   -
  </new>
  <exclusive>
   yes
  </exclusive>
  <sporty>
   no
  </sporty>
 </clothing>
 <clothing>
  <id>
   409472619
  </id>
  <name>
   Lacoste Handbags H-2179
  </name>
  <category>
   Handbags
  </category>
  <size>
   XL
  </size>
  <color>
   Желтый
  </color>
  <material>
   Шерсть
  </material>
  <price>
   827156
  </price>
  <rating>
   3.66
  </rating>
  <reviews>
   546981
  </reviews>
  <new>
   -
  </new>
  <sporty>
   no
  </sporty>
 </clothing>
 <clothing>
  <id>
   587650030
  </id>
  <name>
   Vans Umbrellas U-3534
  </name>
  <category>
   Umbrellas
  </category>
  <size>
   XXL
  </size>
  <color>
   Желтый
  </color>
  <material>
   Кожа
  </material>
  <price>
   606592
  </price>
  <rating>
   2.78
  </rating>
  <reviews>
   453611
  </reviews>
  <exclusive>
   no
  </exclusive>
 </clothing>
 <clothing>
  <id>
   190186299
  </id>
  <name>
   Vans Shoes N-6494
  </name>
  <category>
   Shoes
  </category>
  <size>
   M
  </size>
  <color>
   Зеленый
  </color>
  <material>
   Вискоза
  </material>
  <price>
   745771
  </price>
  <rating>
   3.42
  </rating>
  <reviews>
   929514
  </reviews>
  <new>
   +
  </new>
 </clothing>
 <clothing>
  <id>
   398197854
  </id>
  <name>
   Fila Skirt M-3264
  </name>
  <category>
   Skirt
  </category>
  <size>
   S
  </size>
  <color>
   Красный
  </color>
  <material>
   Вискоза
  </material>
  <price>
   426694
  </price>
  <rating>
   3.73
  </rating>
  <reviews>
   358693
  </reviews>
  <new>
   -
  </new>
  <exclusive>
   no
  </exclusive>
  <sporty>
   no
  </sporty>
 </clothing>
 <clothing>
  <id>
   684232238
  </id>
  <name>
   Under Armour Skirt X-2255
  </name>
  <category>
   Skirt
  </category>
  <size>
   XXL
  </size>
  <color>
   Синий
  </color>
  <material>
   Кожа
  </material>
  <price>
   213744
  </price>
  <rating>
   2.36
  </rating>
  <reviews>
   284655
  </reviews>
  <new>
   -
  </new>
  <exclusive>
   yes
  </exclusive>
 </clothing>
 <clothing>
  <id>
   922855104
  </id>
  <name>
   Reebok Belts Y-8484
  </name>
  <category>
   Belts
  </category>
  <size>
   M
  </size>
  <color>
   Красный
  </color>
  <material>
   Хлопок
  </material>
  <price>
   834543
  </price>
  <rating>
   2.76
  </rating>
  <reviews>
   277160
  </reviews>
  <exclusive>
   yes
  </exclusive>
 </clothing>
 <clothing>
  <id>
   115098443
  </id>
  <name>
   DC Umbrellas P-9784
  </name>
  <category>
   Umbrellas
  </category>
  <size>
   XXL
  </size>
  <color>
   Зеленый
  </color>
  <material>
   Вискоза
  </material>
  <price>
   107516
  </price>
  <rating>
   1.22
  </rating>
  <reviews>
   568267
  </reviews>
  <new>
   -
  </new>
  <sporty>
   yes
  </sporty>
 </clothing>
 <clothing>
  <id>
   853685047
  </id>
  <name>
   DC Gloves O-9536
  </name>
  <category>
   Gloves
  </category>
  <size>
   M
  </size>
  <color>
   Оранжевый
  </color>
  <material>
   Хлопок
  </material>
  <price>
   417520
  </price>
  <rating>
   4.39
  </rating>
  <reviews>
   693873
  </reviews>
  <new>
   -
  </new>
  <sporty>
   no
  </sporty>
 </clothing>
 <clothing>
  <id>
   443111677
  </id>
  <name>
   PleinSport Shirt V-1729
  </name>
  <category>
   Shirt
  </category>
  <size>
   M
  </size>
  <color>
   Фиолетовый
  </color>
  <material>
   Хлопок
  </material>
  <price>
   616036
  </price>
  <rating>
   2.98
  </rating>
  <reviews>
   420914
  </reviews>
  <sporty>
   yes
  </sporty>
 </clothing>
 <clothing>
  <id>
   781650521
  </id>
  <name>
   Reebok Belts T-6059
  </name>
  <category>
   Belts
  </category>
  <size>
   S
  </size>
  <color>
   Синий
  </color>
  <material>
   Лен
  </material>
  <price>
   240526
  </price>
  <rating>
   4.22
  </rating>
  <reviews>
   119866
  </reviews>
  <new>
   -
  </new>
  <exclusive>
   no
  </exclusive>
  <sporty>
   yes
  </sporty>
 </clothing>
 <clothing>
  <id>
   220238991
  </id>
  <name>
   Lacoste Umbrellas I-6355
  </name>
  <category>
   Umbrellas
  </category>
  <size>
   L
  </size>
  <color>
   Синий
  </color>
  <material>
   Полиэстер
  </material>
  <price>
   912981
  </price>
  <rating>
   1.03
  </rating>
  <reviews>
   604927
  </reviews>
  <new>
   +
  </new>
  <sporty>
   no
  </sporty>
 </clothing>
 <clothing>
  <id>
   429831845
  </id>
  <name>
   Converse Shoes M-2154
  </name>
  <category>
   Shoes
  </category>
  <size>
   XXL
  </size>
  <color>
   Оранжевый
  </color>
  <material>
   Шерсть
  </material>
  <price>
   528789
  </price>
  <rating>
   2.95
  </rating>
  <reviews>
   702784
  </reviews>
  <new>
   -
  </new>
 </clothing>
 <clothing>
  <id>
   224531680
  </id>
  <name>
   Nike Handbags R-2328
  </name>
  <category>
   Handbags
  </category>
  <size>
   M
  </size>
  <color>
   Фиолетовый
  </color>
  <material>
   Лен
  </material>
  <price>
   543515
  </price>
  <rating>
   2.0
  </rating>
  <reviews>
   867366
  </reviews>
  <new>
   +
  </new>
  <exclusive>
   no
  </exclusive>
 </clothing>
 <clothing>
  <id>
   932334892
  </id>
  <name>
   Reebok T-shirt Z-9354
  </name>
  <category>
   T-shirt
  </category>
  <size>
   XL
  </size>
  <color>
   Фиолетовый
  </color>
  <material>
   Лен
  </material>
  <price>
   873791
  </price>
  <rating>
   3.32
  </rating>
  <reviews>
   157677
  </reviews>
  <new>
   -
  </new>
  <exclusive>
   no
  </exclusive>
  <sporty>
   yes
  </sporty>
 </clothing>
 <clothing>
  <id>
   531328801
  </id>
  <name>
   Ellesse Sweater B-6515
  </name>
  <category>
   Sweater
  </category>
  <size>
   M
  </size>
  <color>
   Оранжевый
  </color>
  <material>
   Лен
  </material>
  <price>
   333323
  </price>
  <rating>
   1.96
  </rating>
  <reviews>
   351381
  </reviews>
  <exclusive>
   yes
  </exclusive>
  <sporty>
   yes
  </sporty>
 </clothing>
 <clothing>
  <id>
   608240340
  </id>
  <name>
   Reebok Umbrellas B-2325
  </name>
  <category>
   Umbrellas
  </category>
  <size>
   XXL
  </size>
  <color>
   Зеленый
  </color>
  <material>
   Хлопок
  </material>
  <price>
   364006
  </price>
  <rating>
   1.58
  </rating>
  <reviews>
   832182
  </reviews>
  <new>
   +
  </new>
  <exclusive>
   no
  </exclusive>
 </clothing>
 <clothing>
  <id>
   923404458
  </id>
  <name>
   Addidas Gloves T-9521
  </name>
  <category>
   Gloves
  </category>
  <size>
   XXL
  </size>
  <color>
   Зеленый
  </color>
  <material>
   Лен
  </material>
  <price>
   440674
  </price>
  <rating>
   3.57
  </rating>
  <reviews>
   261301
  </reviews>
  <new>
   -
  </new>
  <exclusive>
   yes
  </exclusive>
  <sporty>
   no
  </sporty>
 </clothing>
</clothing-items>
