<?xml version="1.0" encoding="utf-8"?>
<clothing-items>
 <clothing>
  <id>
   370676733
  </id>
  <name>
   Asics Umbrellas R-2916
  </name>
  <category>
   Umbrellas
  </category>
  <size>
   XL
  </size>
  <color>
   Синий
  </color>
  <material>
   Кожа
  </material>
  <price>
   846758
  </price>
  <rating>
   4.86
  </rating>
  <reviews>
   942650
  </reviews>
  <new>
   +
  </new>
  <exclusive>
   no
  </exclusive>
  <sporty>
   no
  </sporty>
 </clothing>
 <clothing>
  <id>
   579639217
  </id>
  <name>
   Under Armour Jeans O-6016
  </name>
  <category>
   Jeans
  </category>
  <size>
   XL
  </size>
  <color>
   Голубой
  </color>
  <material>
   Хлопок
  </material>
  <price>
   939810
  </price>
  <rating>
   5.0
  </rating>
  <reviews>
   696552
  </reviews>
  <exclusive>
   yes
  </exclusive>
 </clothing>
 <clothing>
  <id>
   646947160
  </id>
  <name>
   Fila Handbags S-6294
  </name>
  <category>
   Handbags
  </category>
  <size>
   S
  </size>
  <color>
   Синий
  </color>
  <material>
   Шерсть
  </material>
  <price>
   990860
  </price>
  <rating>
   4.39
  </rating>
  <reviews>
   490174
  </reviews>
  <new>
   -
  </new>
  <exclusive>
   yes
  </exclusive>
  <sporty>
   yes
  </sporty>
 </clothing>
 <clothing>
  <id>
   692126184
  </id>
  <name>
   Reebok Shirt U-7796
  </name>
  <category>
   Shirt
  </category>
  <size>
   L
  </size>
  <color>
   Красный
  </color>
  <material>
   Вискоза
  </material>
  <price>
   560937
  </price>
  <rating>
   1.96
  </rating>
  <reviews>
   333168
  </reviews>
  <new>
   -
  </new>
  <sporty>
   no
  </sporty>
 </clothing>
 <clothing>
  <id>
   599996901
  </id>
  <name>
   Converse Jeans L-4198
  </name>
  <category>
   Jeans
  </category>
  <size>
   M
  </size>
  <color>
   Оранжевый
  </color>
  <material>
   Кожа
  </material>
  <price>
   710455
  </price>
  <rating>
   4.31
  </rating>
  <reviews>
   686922
  </reviews>
  <exclusive>
   no
  </exclusive>
  <sporty>
   yes
  </sporty>
 </clothing>
 <clothing>
  <id>
   238477964
  </id>
  <name>
   PleinSport Pants L-6326
  </name>
  <category>
   Pants
  </category>
  <size>
   XL
  </size>
  <color>
   Голубой
  </color>
  <material>
   Вискоза
  </material>
  <price>
   952098
  </price>
  <rating>
   2.46
  </rating>
  <reviews>
   937434
  </reviews>
  <exclusive>
   no
  </exclusive>
  <sporty>
   no
  </sporty>
 </clothing>
 <clothing>
  <id>
   422354275
  </id>
  <name>
   Ellesse Dress V-1296
  </name>
  <category>
   Dress
  </category>
  <size>
   XL
  </size>
  <color>
   Красный
  </color>
  <material>
   Кожа
  </material>
  <price>
   491241
  </price>
  <rating>
   2.89
  </rating>
  <reviews>
   868006
  </reviews>
  <new>
   -
  </new>
  <exclusive>
   yes
  </exclusive>
  <sporty>
   yes
  </sporty>
 </clothing>
 <clothing>
  <id>
   420072010
  </id>
  <name>
   Addidas Shirt S-8942
  </name>
  <category>
   Shirt
  </category>
  <size>
   S
  </size>
  <color>
   Красный
  </color>
  <material>
   Хлопок
  </material>
  <price>
   798821
  </price>
  <rating>
   2.56
  </rating>
  <reviews>
   511530
  </reviews>
  <new>
   -
  </new>
  <exclusive>
   no
  </exclusive>
 </clothing>
 <clothing>
  <id>
   240683176
  </id>
  <name>
   Under Armour Handbags S-4813
  </name>
  <category>
   Handbags
  </category>
  <size>
   M
  </size>
  <color>
   Зеленый
  </color>
  <material>
   Лен
  </material>
  <price>
   284165
  </price>
  <rating>
   2.13
  </rating>
  <reviews>
   248917
  </reviews>
  <new>
   -
  </new>
  <exclusive>
   no
  </exclusive>
  <sporty>
   no
  </sporty>
 </clothing>
 <clothing>
  <id>
   315434916
  </id>
  <name>
   Puma Hat X-5302
  </name>
  <category>
   Hat
  </category>
  <size>
   XL
  </size>
  <color>
   Красный
  </color>
  <material>
   Вискоза
  </material>
  <price>
   835140
  </price>
  <rating>
   3.99
  </rating>
  <reviews>
   568524
  </reviews>
  <new>
   -
  </new>
  <sporty>
   no
  </sporty>
 </clothing>
 <clothing>
  <id>
   103946553
  </id>
  <name>
   Reebok Jacket I-6565
  </name>
  <category>
   Jacket
  </category>
  <size>
   S
  </size>
  <color>
   Красный
  </color>
  <material>
   Нейлон
  </material>
  <price>
   795695
  </price>
  <rating>
   3.92
  </rating>
  <reviews>
   890664
  </reviews>
 </clothing>
 <clothing>
  <id>
   508562987
  </id>
  <name>
   PleinSport Jacket C-4000
  </name>
  <category>
   Jacket
  </category>
  <size>
   XXL
  </size>
  <color>
   Желтый
  </color>
  <material>
   Полиэстер
  </material>
  <price>
   961118
  </price>
  <rating>
   4.41
  </rating>
  <reviews>
   875627
  </reviews>
  <exclusive>
   yes
  </exclusive>
  <sporty>
   no
  </sporty>
 </clothing>
 <clothing>
  <id>
   616356269
  </id>
  <name>
   PleinSport Umbrellas D-9222
  </name>
  <category>
   Umbrellas
  </category>
  <size>
   L
  </size>
  <color>
   Красный
  </color>
  <material>
   Лен
  </material>
  <price>
   331376
  </price>
  <rating>
   1.36
  </rating>
  <reviews>
   261391
  </reviews>
  <new>
   -
  </new>
  <exclusive>
   yes
  </exclusive>
  <sporty>
   no
  </sporty>
 </clothing>
 <clothing>
  <id>
   161619480
  </id>
  <name>
   Under Armour T-shirt J-3203
  </name>
  <category>
   T-shirt
  </category>
  <size>
   M
  </size>
  <color>
   Синий
  </color>
  <material>
   Хлопок
  </material>
  <price>
   995463
  </price>
  <rating>
   3.65
  </rating>
  <reviews>
   829924
  </reviews>
  <new>
   -
  </new>
  <sporty>
   yes
  </sporty>
 </clothing>
 <clothing>
  <id>
   979866122
  </id>
  <name>
   PleinSport Dress U-3403
  </name>
  <category>
   Dress
  </category>
  <size>
   M
  </size>
  <color>
   Голубой
  </color>
  <material>
   Нейлон
  </material>
  <price>
   972409
  </price>
  <rating>
   4.83
  </rating>
  <reviews>
   478174
  </reviews>
  <sporty>
   no
  </sporty>
 </clothing>
 <clothing>
  <id>
   665306355
  </id>
  <name>
   PleinSport Umbrellas U-3988
  </name>
  <category>
   Umbrellas
  </category>
  <size>
   S
  </size>
  <color>
   Синий
  </color>
  <material>
   Лен
  </material>
  <price>
   595565
  </price>
  <rating>
   1.84
  </rating>
  <reviews>
   861143
  </reviews>
 </clothing>
 <clothing>
  <id>
   849719143
  </id>
  <name>
   New Balance Belts R-6640
  </name>
  <category>
   Belts
  </category>
  <size>
   L
  </size>
  <color>
   Желтый
  </color>
  <material>
   Вискоза
  </material>
  <price>
   745754
  </price>
  <rating>
   2.31
  </rating>
  <reviews>
   762724
  </reviews>
  <new>
   +
  </new>
  <exclusive>
   yes
  </exclusive>
  <sporty>
   no
  </sporty>
 </clothing>
 <clothing>
  <id>
   961810729
  </id>
  <name>
   DC Dress V-8255
  </name>
  <category>
   Dress
  </category>
  <size>
   XL
  </size>
  <color>
   Красный
  </color>
  <material>
   Нейлон
  </material>
  <price>
   174889
  </price>
  <rating>
   1.45
  </rating>
  <reviews>
   251002
  </reviews>
  <new>
   +
  </new>
 </clothing>
 <clothing>
  <id>
   957262224
  </id>
  <name>
   Adidas Pants I-7143
  </name>
  <category>
   Pants
  </category>
  <size>
   XXL
  </size>
  <color>
   Зеленый
  </color>
  <material>
   Кожа
  </material>
  <price>
   635316
  </price>
  <rating>
   2.15
  </rating>
  <reviews>
   838377
  </reviews>
  <new>
   -
  </new>
  <exclusive>
   no
  </exclusive>
  <sporty>
   no
  </sporty>
 </clothing>
 <clothing>
  <id>
   249022539
  </id>
  <name>
   Nike Hat U-5525
  </name>
  <category>
   Hat
  </category>
  <size>
   L
  </size>
  <color>
   Желтый
  </color>
  <material>
   Полиэстер
  </material>
  <price>
   826652
  </price>
  <rating>
   4.09
  </rating>
  <reviews>
   939506
  </reviews>
  <new>
   -
  </new>
  <exclusive>
   yes
  </exclusive>
 </clothing>
 <clothing>
  <id>
   350843764
  </id>
  <name>
   Under Armour T-shirt T-5756
  </name>
  <category>
   T-shirt
  </category>
  <size>
   S
  </size>
  <color>
   Фиолетовый
  </color>
  <material>
   Шерсть
  </material>
  <price>
   732775
  </price>
  <rating>
   3.94
  </rating>
  <reviews>
   875843
  </reviews>
  <new>
   +
  </new>
  <exclusive>
   yes
  </exclusive>
  <sporty>
   yes
  </sporty>
 </clothing>
 <clothing>
  <id>
   512240947
  </id>
  <name>
   Brooks Handbags I-7806
  </name>
  <category>
   Handbags
  </category>
  <size>
   L
  </size>
  <color>
   Голубой
  </color>
  <material>
   Кожа
  </material>
  <price>
   224358
  </price>
  <rating>
   3.95
  </rating>
  <reviews>
   932561
  </reviews>
  <new>
   +
  </new>
  <sporty>
   no
  </sporty>
 </clothing>
 <clothing>
  <id>
   668676913
  </id>
  <name>
   Addidas Belts Q-2971
  </name>
  <category>
   Belts
  </category>
  <size>
   S
  </size>
  <color>
   Зеленый
  </color>
  <material>
   Шерсть
  </material>
  <price>
   655710
  </price>
  <rating>
   1.72
  </rating>
  <reviews>
   821668
  </reviews>
  <new>
   +
  </new>
  <sporty>
   no
  </sporty>
 </clothing>
 <clothing>
  <id>
   877265345
  </id>
  <name>
   Under Armour Umbrellas M-7787
  </name>
  <category>
   Umbrellas
  </category>
  <size>
   XL
  </size>
  <color>
   Красный
  </color>
  <material>
   Кожа
  </material>
  <price>
   395017
  </price>
  <rating>
   4.58
  </rating>
  <reviews>
   276981
  </reviews>
  <sporty>
   no
  </sporty>
 </clothing>
 <clothing>
  <id>
   792046341
  </id>
  <name>
   Ellesse Shoes F-5707
  </name>
  <category>
   Shoes
  </category>
  <size>
   XXL
  </size>
  <color>
   Фиолетовый
  </color>
  <material>
   Полиэстер
  </material>
  <price>
   261590
  </price>
  <rating>
   4.39
  </rating>
  <reviews>
   356591
  </reviews>
  <new>
   -
  </new>
  <exclusive>
   no
  </exclusive>
 </clothing>
 <clothing>
  <id>
   901434685
  </id>
  <name>
   Ellesse Jacket J-1491
  </name>
  <category>
   Jacket
  </category>
  <size>
   S
  </size>
  <color>
   Фиолетовый
  </color>
  <material>
   Вискоза
  </material>
  <price>
   770677
  </price>
  <rating>
   4.85
  </rating>
  <reviews>
   164131
  </reviews>
  <sporty>
   yes
  </sporty>
 </clothing>
</clothing-items>
