<?xml version="1.0" encoding="utf-8"?>
<clothing-items>
 <clothing>
  <id>
   744803249
  </id>
  <name>
   Asics Skirt R-7855
  </name>
  <category>
   Skirt
  </category>
  <size>
   XL
  </size>
  <color>
   Желтый
  </color>
  <material>
   Шелк
  </material>
  <price>
   299753
  </price>
  <rating>
   4.57
  </rating>
  <reviews>
   531630
  </reviews>
  <new>
   -
  </new>
  <exclusive>
   yes
  </exclusive>
  <sporty>
   no
  </sporty>
 </clothing>
 <clothing>
  <id>
   108949978
  </id>
  <name>
   Addidas Skirt O-4045
  </name>
  <category>
   Skirt
  </category>
  <size>
   S
  </size>
  <color>
   Красный
  </color>
  <material>
   Полиэстер
  </material>
  <price>
   514792
  </price>
  <rating>
   1.68
  </rating>
  <reviews>
   818513
  </reviews>
 </clothing>
 <clothing>
  <id>
   481038428
  </id>
  <name>
   Vans Sweater I-2391
  </name>
  <category>
   Sweater
  </category>
  <size>
   M
  </size>
  <color>
   Зеленый
  </color>
  <material>
   Нейлон
  </material>
  <price>
   993121
  </price>
  <rating>
   3.47
  </rating>
  <reviews>
   944354
  </reviews>
 </clothing>
 <clothing>
  <id>
   397672445
  </id>
  <name>
   Lacoste Handbags S-1944
  </name>
  <category>
   Handbags
  </category>
  <size>
   M
  </size>
  <color>
   Голубой
  </color>
  <material>
   Шелк
  </material>
  <price>
   406867
  </price>
  <rating>
   4.64
  </rating>
  <reviews>
   264180
  </reviews>
  <new>
   +
  </new>
  <exclusive>
   no
  </exclusive>
  <sporty>
   yes
  </sporty>
 </clothing>
 <clothing>
  <id>
   612092636
  </id>
  <name>
   Vans Pants F-8733
  </name>
  <category>
   Pants
  </category>
  <size>
   XL
  </size>
  <color>
   Синий
  </color>
  <material>
   Шерсть
  </material>
  <price>
   451382
  </price>
  <rating>
   2.55
  </rating>
  <reviews>
   322015
  </reviews>
  <exclusive>
   yes
  </exclusive>
  <sporty>
   yes
  </sporty>
 </clothing>
 <clothing>
  <id>
   292925947
  </id>
  <name>
   Ellesse Handbags K-8903
  </name>
  <category>
   Handbags
  </category>
  <size>
   XXL
  </size>
  <color>
   Голубой
  </color>
  <material>
   Полиэстер
  </material>
  <price>
   759264
  </price>
  <rating>
   1.17
  </rating>
  <reviews>
   893151
  </reviews>
  <new>
   +
  </new>
  <exclusive>
   no
  </exclusive>
 </clothing>
 <clothing>
  <id>
   846066025
  </id>
  <name>
   Reebok Jeans O-8954
  </name>
  <category>
   Jeans
  </category>
  <size>
   XXL
  </size>
  <color>
   Фиолетовый
  </color>
  <material>
   Нейлон
  </material>
  <price>
   615193
  </price>
  <rating>
   1.89
  </rating>
  <reviews>
   759811
  </reviews>
  <new>
   -
  </new>
  <exclusive>
   yes
  </exclusive>
  <sporty>
   yes
  </sporty>
 </clothing>
 <clothing>
  <id>
   890139408
  </id>
  <name>
   Addidas T-shirt V-9393
  </name>
  <category>
   T-shirt
  </category>
  <size>
   M
  </size>
  <color>
   Голубой
  </color>
  <material>
   Вискоза
  </material>
  <price>
   928225
  </price>
  <rating>
   2.18
  </rating>
  <reviews>
   948527
  </reviews>
  <sporty>
   yes
  </sporty>
 </clothing>
 <clothing>
  <id>
   759170808
  </id>
  <name>
   Brooks Sweater Y-2686
  </name>
  <category>
   Sweater
  </category>
  <size>
   L
  </size>
  <color>
   Голубой
  </color>
  <material>
   Нейлон
  </material>
  <price>
   252437
  </price>
  <rating>
   3.74
  </rating>
  <reviews>
   710034
  </reviews>
  <sporty>
   no
  </sporty>
 </clothing>
 <clothing>
  <id>
   731287742
  </id>
  <name>
   Puma Blouse X-6159
  </name>
  <category>
   Blouse
  </category>
  <size>
   S
  </size>
  <color>
   Красный
  </color>
  <material>
   Вискоза
  </material>
  <price>
   792730
  </price>
  <rating>
   4.17
  </rating>
  <reviews>
   574358
  </reviews>
  <exclusive>
   no
  </exclusive>
  <sporty>
   no
  </sporty>
 </clothing>
 <clothing>
  <id>
   995328648
  </id>
  <name>
   New Balance Shoes K-8209
  </name>
  <category>
   Shoes
  </category>
  <size>
   S
  </size>
  <color>
   Желтый
  </color>
  <material>
   Лен
  </material>
  <price>
   852301
  </price>
  <rating>
   3.16
  </rating>
  <reviews>
   484414
  </reviews>
  <new>
   +
  </new>
  <exclusive>
   no
  </exclusive>
  <sporty>
   yes
  </sporty>
 </clothing>
 <clothing>
  <id>
   172659224
  </id>
  <name>
   PleinSport Shoes Z-9739
  </name>
  <category>
   Shoes
  </category>
  <size>
   XXL
  </size>
  <color>
   Синий
  </color>
  <material>
   Шерсть
  </material>
  <price>
   482752
  </price>
  <rating>
   2.01
  </rating>
  <reviews>
   244478
  </reviews>
  <sporty>
   no
  </sporty>
 </clothing>
 <clothing>
  <id>
   723512368
  </id>
  <name>
   PleinSport Shirt E-3794
  </name>
  <category>
   Shirt
  </category>
  <size>
   L
  </size>
  <color>
   Голубой
  </color>
  <material>
   Полиэстер
  </material>
  <price>
   118923
  </price>
  <rating>
   2.92
  </rating>
  <reviews>
   763138
  </reviews>
 </clothing>
 <clothing>
  <id>
   420705344
  </id>
  <name>
   Addidas Jacket U-3027
  </name>
  <category>
   Jacket
  </category>
  <size>
   XXL
  </size>
  <color>
   Зеленый
  </color>
  <material>
   Нейлон
  </material>
  <price>
   595715
  </price>
  <rating>
   3.08
  </rating>
  <reviews>
   612279
  </reviews>
  <new>
   -
  </new>
  <sporty>
   yes
  </sporty>
 </clothing>
 <clothing>
  <id>
   615878239
  </id>
  <name>
   Adidas Socks C-8206
  </name>
  <category>
   Socks
  </category>
  <size>
   XL
  </size>
  <color>
   Красный
  </color>
  <material>
   Полиэстер
  </material>
  <price>
   535303
  </price>
  <rating>
   4.7
  </rating>
  <reviews>
   861573
  </reviews>
  <new>
   +
  </new>
  <exclusive>
   yes
  </exclusive>
  <sporty>
   no
  </sporty>
 </clothing>
 <clothing>
  <id>
   956424000
  </id>
  <name>
   Nike Blouse N-2871
  </name>
  <category>
   Blouse
  </category>
  <size>
   L
  </size>
  <color>
   Синий
  </color>
  <material>
   Шелк
  </material>
  <price>
   697887
  </price>
  <rating>
   3.52
  </rating>
  <reviews>
   468631
  </reviews>
  <exclusive>
   no
  </exclusive>
  <sporty>
   no
  </sporty>
 </clothing>
 <clothing>
  <id>
   353966491
  </id>
  <name>
   Reebok Jacket Y-4490
  </name>
  <category>
   Jacket
  </category>
  <size>
   L
  </size>
  <color>
   Желтый
  </color>
  <material>
   Нейлон
  </material>
  <price>
   310852
  </price>
  <rating>
   1.92
  </rating>
  <reviews>
   309410
  </reviews>
  <exclusive>
   yes
  </exclusive>
 </clothing>
 <clothing>
  <id>
   342937759
  </id>
  <name>
   Vans Jacket P-7930
  </name>
  <category>
   Jacket
  </category>
  <size>
   L
  </size>
  <color>
   Голубой
  </color>
  <material>
   Нейлон
  </material>
  <price>
   293700
  </price>
  <rating>
   2.13
  </rating>
  <reviews>
   434734
  </reviews>
  <new>
   -
  </new>
  <exclusive>
   yes
  </exclusive>
  <sporty>
   yes
  </sporty>
 </clothing>
 <clothing>
  <id>
   437754338
  </id>
  <name>
   New Balance Dress I-2383
  </name>
  <category>
   Dress
  </category>
  <size>
   XXL
  </size>
  <color>
   Зеленый
  </color>
  <material>
   Хлопок
  </material>
  <price>
   413756
  </price>
  <rating>
   4.27
  </rating>
  <reviews>
   540559
  </reviews>
  <new>
   -
  </new>
 </clothing>
 <clothing>
  <id>
   318968513
  </id>
  <name>
   Adidas Jeans X-3747
  </name>
  <category>
   Jeans
  </category>
  <size>
   XL
  </size>
  <color>
   Зеленый
  </color>
  <material>
   Шерсть
  </material>
  <price>
   787458
  </price>
  <rating>
   3.7
  </rating>
  <reviews>
   60968
  </reviews>
  <exclusive>
   yes
  </exclusive>
  <sporty>
   no
  </sporty>
 </clothing>
 <clothing>
  <id>
   647582226
  </id>
  <name>
   Reebok Sweater D-2716
  </name>
  <category>
   Sweater
  </category>
  <size>
   L
  </size>
  <color>
   Оранжевый
  </color>
  <material>
   Полиэстер
  </material>
  <price>
   931599
  </price>
  <rating>
   4.14
  </rating>
  <reviews>
   797966
  </reviews>
  <new>
   +
  </new>
  <exclusive>
   yes
  </exclusive>
 </clothing>
 <clothing>
  <id>
   492987397
  </id>
  <name>
   Adidas Shirt I-3345
  </name>
  <category>
   Shirt
  </category>
  <size>
   M
  </size>
  <color>
   Оранжевый
  </color>
  <material>
   Хлопок
  </material>
  <price>
   596417
  </price>
  <rating>
   4.7
  </rating>
  <reviews>
   506043
  </reviews>
  <new>
   -
  </new>
 </clothing>
 <clothing>
  <id>
   671061303
  </id>
  <name>
   Lacoste Pants H-1015
  </name>
  <category>
   Pants
  </category>
  <size>
   XXL
  </size>
  <color>
   Голубой
  </color>
  <material>
   Хлопок
  </material>
  <price>
   941601
  </price>
  <rating>
   1.42
  </rating>
  <reviews>
   798503
  </reviews>
  <new>
   +
  </new>
  <sporty>
   no
  </sporty>
 </clothing>
 <clothing>
  <id>
   337934480
  </id>
  <name>
   DC Pants U-9805
  </name>
  <category>
   Pants
  </category>
  <size>
   M
  </size>
  <color>
   Зеленый
  </color>
  <material>
   Шелк
  </material>
  <price>
   409875
  </price>
  <rating>
   2.78
  </rating>
  <reviews>
   657292
  </reviews>
  <new>
   +
  </new>
  <exclusive>
   no
  </exclusive>
  <sporty>
   no
  </sporty>
 </clothing>
 <clothing>
  <id>
   638288914
  </id>
  <name>
   Reebok Socks J-3288
  </name>
  <category>
   Socks
  </category>
  <size>
   M
  </size>
  <color>
   Синий
  </color>
  <material>
   Вискоза
  </material>
  <price>
   747012
  </price>
  <rating>
   4.89
  </rating>
  <reviews>
   259178
  </reviews>
  <exclusive>
   yes
  </exclusive>
 </clothing>
 <clothing>
  <id>
   472708419
  </id>
  <name>
   Vans Jacket Y-2159
  </name>
  <category>
   Jacket
  </category>
  <size>
   M
  </size>
  <color>
   Фиолетовый
  </color>
  <material>
   Хлопок
  </material>
  <price>
   815844
  </price>
  <rating>
   1.87
  </rating>
  <reviews>
   462790
  </reviews>
 </clothing>
 <clothing>
  <id>
   201844228
  </id>
  <name>
   Adidas Gloves O-4477
  </name>
  <category>
   Gloves
  </category>
  <size>
   S
  </size>
  <color>
   Фиолетовый
  </color>
  <material>
   Полиэстер
  </material>
  <price>
   514033
  </price>
  <rating>
   1.33
  </rating>
  <reviews>
   184270
  </reviews>
 </clothing>
 <clothing>
  <id>
   593704189
  </id>
  <name>
   Under Armour Pants C-8414
  </name>
  <category>
   Pants
  </category>
  <size>
   S
  </size>
  <color>
   Зеленый
  </color>
  <material>
   Хлопок
  </material>
  <price>
   598212
  </price>
  <rating>
   4.43
  </rating>
  <reviews>
   499932
  </reviews>
  <sporty>
   yes
  </sporty>
 </clothing>
 <clothing>
  <id>
   101788523
  </id>
  <name>
   Under Armour T-shirt C-6381
  </name>
  <category>
   T-shirt
  </category>
  <size>
   L
  </size>
  <color>
   Зеленый
  </color>
  <material>
   Хлопок
  </material>
  <price>
   656870
  </price>
  <rating>
   3.47
  </rating>
  <reviews>
   686510
  </reviews>
  <sporty>
   no
  </sporty>
 </clothing>
 <clothing>
  <id>
   627426872
  </id>
  <name>
   PleinSport T-shirt K-1564
  </name>
  <category>
   T-shirt
  </category>
  <size>
   L
  </size>
  <color>
   Оранжевый
  </color>
  <material>
   Шелк
  </material>
  <price>
   207144
  </price>
  <rating>
   1.56
  </rating>
  <reviews>
   679593
  </reviews>
  <exclusive>
   no
  </exclusive>
  <sporty>
   no
  </sporty>
 </clothing>
 <clothing>
  <id>
   677432071
  </id>
  <name>
   Reebok Shirt Q-4631
  </name>
  <category>
   Shirt
  </category>
  <size>
   L
  </size>
  <color>
   Оранжевый
  </color>
  <material>
   Хлопок
  </material>
  <price>
   234893
  </price>
  <rating>
   2.47
  </rating>
  <reviews>
   255468
  </reviews>
  <new>
   -
  </new>
  <exclusive>
   no
  </exclusive>
  <sporty>
   no
  </sporty>
 </clothing>
 <clothing>
  <id>
   486278208
  </id>
  <name>
   Under Armour Jeans W-6326
  </name>
  <category>
   Jeans
  </category>
  <size>
   XL
  </size>
  <color>
   Синий
  </color>
  <material>
   Хлопок
  </material>
  <price>
   786660
  </price>
  <rating>
   3.94
  </rating>
  <reviews>
   441850
  </reviews>
  <new>
   -
  </new>
 </clothing>
 <clothing>
  <id>
   916703642
  </id>
  <name>
   Under Armour Socks O-3595
  </name>
  <category>
   Socks
  </category>
  <size>
   XXL
  </size>
  <color>
   Красный
  </color>
  <material>
   Вискоза
  </material>
  <price>
   731444
  </price>
  <rating>
   4.57
  </rating>
  <reviews>
   869587
  </reviews>
  <new>
   -
  </new>
  <exclusive>
   yes
  </exclusive>
 </clothing>
 <clothing>
  <id>
   463339366
  </id>
  <name>
   PleinSport Jeans U-7884
  </name>
  <category>
   Jeans
  </category>
  <size>
   S
  </size>
  <color>
   Желтый
  </color>
  <material>
   Нейлон
  </material>
  <price>
   106147
  </price>
  <rating>
   4.36
  </rating>
  <reviews>
   859998
  </reviews>
  <exclusive>
   no
  </exclusive>
 </clothing>
 <clothing>
  <id>
   625218890
  </id>
  <name>
   DC Skirt F-1329
  </name>
  <category>
   Skirt
  </category>
  <size>
   XXL
  </size>
  <color>
   Голубой
  </color>
  <material>
   Лен
  </material>
  <price>
   177764
  </price>
  <rating>
   2.38
  </rating>
  <reviews>
   797390
  </reviews>
  <new>
   -
  </new>
  <exclusive>
   no
  </exclusive>
  <sporty>
   no
  </sporty>
 </clothing>
 <clothing>
  <id>
   445282953
  </id>
  <name>
   Ellesse Jeans W-7046
  </name>
  <category>
   Jeans
  </category>
  <size>
   XXL
  </size>
  <color>
   Зеленый
  </color>
  <material>
   Шерсть
  </material>
  <price>
   201375
  </price>
  <rating>
   1.8
  </rating>
  <reviews>
   321539
  </reviews>
  <exclusive>
   no
  </exclusive>
 </clothing>
 <clothing>
  <id>
   738677330
  </id>
  <name>
   New Balance Jeans Z-2401
  </name>
  <category>
   Jeans
  </category>
  <size>
   XL
  </size>
  <color>
   Фиолетовый
  </color>
  <material>
   Шелк
  </material>
  <price>
   591940
  </price>
  <rating>
   1.46
  </rating>
  <reviews>
   614346
  </reviews>
  <exclusive>
   yes
  </exclusive>
 </clothing>
 <clothing>
  <id>
   775034913
  </id>
  <name>
   Adidas Belts V-1219
  </name>
  <category>
   Belts
  </category>
  <size>
   XL
  </size>
  <color>
   Красный
  </color>
  <material>
   Вискоза
  </material>
  <price>
   957515
  </price>
  <rating>
   3.65
  </rating>
  <reviews>
   942515
  </reviews>
  <exclusive>
   no
  </exclusive>
  <sporty>
   no
  </sporty>
 </clothing>
 <clothing>
  <id>
   537363459
  </id>
  <name>
   Adidas Jacket G-2905
  </name>
  <category>
   Jacket
  </category>
  <size>
   L
  </size>
  <color>
   Зеленый
  </color>
  <material>
   Вискоза
  </material>
  <price>
   983258
  </price>
  <rating>
   2.11
  </rating>
  <reviews>
   99978
  </reviews>
  <new>
   -
  </new>
  <exclusive>
   no
  </exclusive>
 </clothing>
 <clothing>
  <id>
   937416593
  </id>
  <name>
   PleinSport Pants D-6093
  </name>
  <category>
   Pants
  </category>
  <size>
   XXL
  </size>
  <color>
   Желтый
  </color>
  <material>
   Лен
  </material>
  <price>
   443697
  </price>
  <rating>
   3.27
  </rating>
  <reviews>
   800667
  </reviews>
  <exclusive>
   no
  </exclusive>
 </clothing>
 <clothing>
  <id>
   589473970
  </id>
  <name>
   Brooks Shoes E-5670
  </name>
  <category>
   Shoes
  </category>
  <size>
   S
  </size>
  <color>
   Желтый
  </color>
  <material>
   Кожа
  </material>
  <price>
   446660
  </price>
  <rating>
   2.41
  </rating>
  <reviews>
   596750
  </reviews>
  <new>
   +
  </new>
  <sporty>
   no
  </sporty>
 </clothing>
 <clothing>
  <id>
   265738571
  </id>
  <name>
   Vans Socks J-6712
  </name>
  <category>
   Socks
  </category>
  <size>
   XL
  </size>
  <color>
   Оранжевый
  </color>
  <material>
   Полиэстер
  </material>
  <price>
   238066
  </price>
  <rating>
   2.24
  </rating>
  <reviews>
   765219
  </reviews>
  <new>
   -
  </new>
  <sporty>
   no
  </sporty>
 </clothing>
 <clothing>
  <id>
   734150163
  </id>
  <name>
   DC T-shirt S-5183
  </name>
  <category>
   T-shirt
  </category>
  <size>
   S
  </size>
  <color>
   Желтый
  </color>
  <material>
   Лен
  </material>
  <price>
   976323
  </price>
  <rating>
   1.24
  </rating>
  <reviews>
   801431
  </reviews>
  <new>
   +
  </new>
  <sporty>
   no
  </sporty>
 </clothing>
 <clothing>
  <id>
   632834646
  </id>
  <name>
   Converse Jeans J-4511
  </name>
  <category>
   Jeans
  </category>
  <size>
   M
  </size>
  <color>
   Голубой
  </color>
  <material>
   Полиэстер
  </material>
  <price>
   340153
  </price>
  <rating>
   3.57
  </rating>
  <reviews>
   70003
  </reviews>
  <new>
   -
  </new>
  <exclusive>
   no
  </exclusive>
  <sporty>
   yes
  </sporty>
 </clothing>
 <clothing>
  <id>
   324264753
  </id>
  <name>
   Converse Umbrellas Y-7999
  </name>
  <category>
   Umbrellas
  </category>
  <size>
   S
  </size>
  <color>
   Красный
  </color>
  <material>
   Вискоза
  </material>
  <price>
   711530
  </price>
  <rating>
   1.38
  </rating>
  <reviews>
   625974
  </reviews>
  <exclusive>
   no
  </exclusive>
 </clothing>
</clothing-items>
