<?xml version="1.0" encoding="utf-8"?>
<clothing-items>
 <clothing>
  <id>
   509743456
  </id>
  <name>
   Addidas T-shirt H-3339
  </name>
  <category>
   T-shirt
  </category>
  <size>
   XXL
  </size>
  <color>
   Фиолетовый
  </color>
  <material>
   Шерсть
  </material>
  <price>
   900833
  </price>
  <rating>
   4.92
  </rating>
  <reviews>
   285855
  </reviews>
  <exclusive>
   no
  </exclusive>
  <sporty>
   yes
  </sporty>
 </clothing>
 <clothing>
  <id>
   641171715
  </id>
  <name>
   Adidas Hat I-4537
  </name>
  <category>
   Hat
  </category>
  <size>
   M
  </size>
  <color>
   Оранжевый
  </color>
  <material>
   Нейлон
  </material>
  <price>
   967685
  </price>
  <rating>
   4.83
  </rating>
  <reviews>
   294514
  </reviews>
  <sporty>
   no
  </sporty>
 </clothing>
 <clothing>
  <id>
   331835425
  </id>
  <name>
   Reebok Socks S-8954
  </name>
  <category>
   Socks
  </category>
  <size>
   XXL
  </size>
  <color>
   Красный
  </color>
  <material>
   Шерсть
  </material>
  <price>
   387861
  </price>
  <rating>
   3.74
  </rating>
  <reviews>
   635391
  </reviews>
  <sporty>
   yes
  </sporty>
 </clothing>
 <clothing>
  <id>
   172664266
  </id>
  <name>
   New Balance Gloves D-1175
  </name>
  <category>
   Gloves
  </category>
  <size>
   XL
  </size>
  <color>
   Зеленый
  </color>
  <material>
   Полиэстер
  </material>
  <price>
   700516
  </price>
  <rating>
   3.23
  </rating>
  <reviews>
   760410
  </reviews>
  <new>
   -
  </new>
  <exclusive>
   no
  </exclusive>
  <sporty>
   yes
  </sporty>
 </clothing>
 <clothing>
  <id>
   893757115
  </id>
  <name>
   Fila Shirt L-2496
  </name>
  <category>
   Shirt
  </category>
  <size>
   XL
  </size>
  <color>
   Желтый
  </color>
  <material>
   Вискоза
  </material>
  <price>
   705445
  </price>
  <rating>
   3.29
  </rating>
  <reviews>
   622139
  </reviews>
  <sporty>
   yes
  </sporty>
 </clothing>
 <clothing>
  <id>
   223365810
  </id>
  <name>
   DC Dress Y-4902
  </name>
  <category>
   Dress
  </category>
  <size>
   XXL
  </size>
  <color>
   Голубой
  </color>
  <material>
   Нейлон
  </material>
  <price>
   658626
  </price>
  <rating>
   1.23
  </rating>
  <reviews>
   455166
  </reviews>
  <new>
   +
  </new>
  <exclusive>
   yes
  </exclusive>
  <sporty>
   no
  </sporty>
 </clothing>
 <clothing>
  <id>
   527315364
  </id>
  <name>
   Vans Shirt H-1646
  </name>
  <category>
   Shirt
  </category>
  <size>
   M
  </size>
  <color>
   Оранжевый
  </color>
  <material>
   Хлопок
  </material>
  <price>
   512355
  </price>
  <rating>
   4.96
  </rating>
  <reviews>
   381963
  </reviews>
  <new>
   +
  </new>
 </clothing>
 <clothing>
  <id>
   790752522
  </id>
  <name>
   Nike Gloves T-5210
  </name>
  <category>
   Gloves
  </category>
  <size>
   M
  </size>
  <color>
   Желтый
  </color>
  <material>
   Шерсть
  </material>
  <price>
   559064
  </price>
  <rating>
   4.16
  </rating>
  <reviews>
   473113
  </reviews>
  <exclusive>
   no
  </exclusive>
 </clothing>
 <clothing>
  <id>
   229074955
  </id>
  <name>
   Adidas Blouse E-6656
  </name>
  <category>
   Blouse
  </category>
  <size>
   S
  </size>
  <color>
   Голубой
  </color>
  <material>
   Нейлон
  </material>
  <price>
   253258
  </price>
  <rating>
   1.3
  </rating>
  <reviews>
   305921
  </reviews>
  <new>
   +
  </new>
  <sporty>
   no
  </sporty>
 </clothing>
 <clothing>
  <id>
   999359965
  </id>
  <name>
   Nike Shirt L-5432
  </name>
  <category>
   Shirt
  </category>
  <size>
   S
  </size>
  <color>
   Синий
  </color>
  <material>
   Лен
  </material>
  <price>
   830152
  </price>
  <rating>
   1.9
  </rating>
  <reviews>
   896176
  </reviews>
  <new>
   -
  </new>
  <exclusive>
   yes
  </exclusive>
 </clothing>
 <clothing>
  <id>
   307296494
  </id>
  <name>
   PleinSport T-shirt V-5114
  </name>
  <category>
   T-shirt
  </category>
  <size>
   L
  </size>
  <color>
   Оранжевый
  </color>
  <material>
   Кожа
  </material>
  <price>
   431832
  </price>
  <rating>
   2.96
  </rating>
  <reviews>
   393982
  </reviews>
  <new>
   +
  </new>
 </clothing>
 <clothing>
  <id>
   836328274
  </id>
  <name>
   Nike Pants P-3418
  </name>
  <category>
   Pants
  </category>
  <size>
   XL
  </size>
  <color>
   Голубой
  </color>
  <material>
   Нейлон
  </material>
  <price>
   977047
  </price>
  <rating>
   2.49
  </rating>
  <reviews>
   773191
  </reviews>
  <new>
   -
  </new>
  <exclusive>
   yes
  </exclusive>
  <sporty>
   yes
  </sporty>
 </clothing>
 <clothing>
  <id>
   996990233
  </id>
  <name>
   Reebok Hat G-5526
  </name>
  <category>
   Hat
  </category>
  <size>
   M
  </size>
  <color>
   Синий
  </color>
  <material>
   Лен
  </material>
  <price>
   745529
  </price>
  <rating>
   4.23
  </rating>
  <reviews>
   814260
  </reviews>
  <new>
   -
  </new>
  <exclusive>
   no
  </exclusive>
  <sporty>
   yes
  </sporty>
 </clothing>
 <clothing>
  <id>
   917946913
  </id>
  <name>
   Adidas Shoes F-7107
  </name>
  <category>
   Shoes
  </category>
  <size>
   M
  </size>
  <color>
   Оранжевый
  </color>
  <material>
   Шерсть
  </material>
  <price>
   944502
  </price>
  <rating>
   3.67
  </rating>
  <reviews>
   793915
  </reviews>
  <exclusive>
   no
  </exclusive>
 </clothing>
 <clothing>
  <id>
   534170732
  </id>
  <name>
   PleinSport Sweater L-7904
  </name>
  <category>
   Sweater
  </category>
  <size>
   XXL
  </size>
  <color>
   Синий
  </color>
  <material>
   Шерсть
  </material>
  <price>
   627603
  </price>
  <rating>
   4.38
  </rating>
  <reviews>
   243443
  </reviews>
  <exclusive>
   no
  </exclusive>
  <sporty>
   yes
  </sporty>
 </clothing>
 <clothing>
  <id>
   735834200
  </id>
  <name>
   Adidas Umbrellas T-3889
  </name>
  <category>
   Umbrellas
  </category>
  <size>
   S
  </size>
  <color>
   Желтый
  </color>
  <material>
   Полиэстер
  </material>
  <price>
   585155
  </price>
  <rating>
   1.8
  </rating>
  <reviews>
   140284
  </reviews>
  <new>
   +
  </new>
  <exclusive>
   no
  </exclusive>
  <sporty>
   yes
  </sporty>
 </clothing>
 <clothing>
  <id>
   586465141
  </id>
  <name>
   Brooks Sweater J-7618
  </name>
  <category>
   Sweater
  </category>
  <size>
   XL
  </size>
  <color>
   Голубой
  </color>
  <material>
   Шелк
  </material>
  <price>
   637588
  </price>
  <rating>
   3.38
  </rating>
  <reviews>
   526039
  </reviews>
  <exclusive>
   yes
  </exclusive>
  <sporty>
   yes
  </sporty>
 </clothing>
 <clothing>
  <id>
   413189104
  </id>
  <name>
   Reebok Handbags V-5817
  </name>
  <category>
   Handbags
  </category>
  <size>
   XXL
  </size>
  <color>
   Синий
  </color>
  <material>
   Шерсть
  </material>
  <price>
   772847
  </price>
  <rating>
   2.72
  </rating>
  <reviews>
   945330
  </reviews>
  <new>
   +
  </new>
  <exclusive>
   no
  </exclusive>
 </clothing>
 <clothing>
  <id>
   562109850
  </id>
  <name>
   Lacoste Jeans P-8209
  </name>
  <category>
   Jeans
  </category>
  <size>
   L
  </size>
  <color>
   Красный
  </color>
  <material>
   Кожа
  </material>
  <price>
   557171
  </price>
  <rating>
   4.87
  </rating>
  <reviews>
   705985
  </reviews>
  <new>
   -
  </new>
  <sporty>
   yes
  </sporty>
 </clothing>
 <clothing>
  <id>
   440246946
  </id>
  <name>
   Brooks Jeans N-6401
  </name>
  <category>
   Jeans
  </category>
  <size>
   M
  </size>
  <color>
   Фиолетовый
  </color>
  <material>
   Шерсть
  </material>
  <price>
   785476
  </price>
  <rating>
   4.0
  </rating>
  <reviews>
   101267
  </reviews>
  <new>
   -
  </new>
  <exclusive>
   yes
  </exclusive>
  <sporty>
   no
  </sporty>
 </clothing>
 <clothing>
  <id>
   250486390
  </id>
  <name>
   Vans Jacket B-5869
  </name>
  <category>
   Jacket
  </category>
  <size>
   S
  </size>
  <color>
   Фиолетовый
  </color>
  <material>
   Хлопок
  </material>
  <price>
   211453
  </price>
  <rating>
   3.85
  </rating>
  <reviews>
   131889
  </reviews>
  <new>
   +
  </new>
  <exclusive>
   yes
  </exclusive>
 </clothing>
 <clothing>
  <id>
   956270473
  </id>
  <name>
   Puma Socks H-5502
  </name>
  <category>
   Socks
  </category>
  <size>
   M
  </size>
  <color>
   Красный
  </color>
  <material>
   Хлопок
  </material>
  <price>
   323164
  </price>
  <rating>
   2.27
  </rating>
  <reviews>
   122867
  </reviews>
  <exclusive>
   no
  </exclusive>
 </clothing>
 <clothing>
  <id>
   696913821
  </id>
  <name>
   Brooks Belts H-3803
  </name>
  <category>
   Belts
  </category>
  <size>
   XL
  </size>
  <color>
   Красный
  </color>
  <material>
   Нейлон
  </material>
  <price>
   920241
  </price>
  <rating>
   3.48
  </rating>
  <reviews>
   589358
  </reviews>
  <new>
   +
  </new>
  <exclusive>
   no
  </exclusive>
 </clothing>
 <clothing>
  <id>
   485835437
  </id>
  <name>
   Converse Jacket Y-9130
  </name>
  <category>
   Jacket
  </category>
  <size>
   XXL
  </size>
  <color>
   Красный
  </color>
  <material>
   Хлопок
  </material>
  <price>
   639063
  </price>
  <rating>
   1.86
  </rating>
  <reviews>
   657771
  </reviews>
  <sporty>
   no
  </sporty>
 </clothing>
 <clothing>
  <id>
   174252318
  </id>
  <name>
   Puma Socks K-1984
  </name>
  <category>
   Socks
  </category>
  <size>
   L
  </size>
  <color>
   Фиолетовый
  </color>
  <material>
   Полиэстер
  </material>
  <price>
   104790
  </price>
  <rating>
   2.19
  </rating>
  <reviews>
   746296
  </reviews>
  <new>
   +
  </new>
  <exclusive>
   yes
  </exclusive>
  <sporty>
   no
  </sporty>
 </clothing>
 <clothing>
  <id>
   201859940
  </id>
  <name>
   Lacoste Sweater J-6507
  </name>
  <category>
   Sweater
  </category>
  <size>
   XXL
  </size>
  <color>
   Красный
  </color>
  <material>
   Шерсть
  </material>
  <price>
   929115
  </price>
  <rating>
   1.59
  </rating>
  <reviews>
   469644
  </reviews>
  <exclusive>
   yes
  </exclusive>
  <sporty>
   no
  </sporty>
 </clothing>
</clothing-items>
