<?xml version="1.0" encoding="utf-8"?>
<clothing-items>
 <clothing>
  <id>
   125843522
  </id>
  <name>
   Puma Umbrellas K-9042
  </name>
  <category>
   Umbrellas
  </category>
  <size>
   M
  </size>
  <color>
   Оранжевый
  </color>
  <material>
   Вискоза
  </material>
  <price>
   296711
  </price>
  <rating>
   2.17
  </rating>
  <reviews>
   521299
  </reviews>
  <new>
   -
  </new>
  <exclusive>
   yes
  </exclusive>
  <sporty>
   no
  </sporty>
 </clothing>
 <clothing>
  <id>
   500922454
  </id>
  <name>
   Reebok Umbrellas J-8005
  </name>
  <category>
   Umbrellas
  </category>
  <size>
   XXL
  </size>
  <color>
   Фиолетовый
  </color>
  <material>
   Лен
  </material>
  <price>
   906086
  </price>
  <rating>
   2.9
  </rating>
  <reviews>
   17123
  </reviews>
  <sporty>
   no
  </sporty>
 </clothing>
 <clothing>
  <id>
   535383710
  </id>
  <name>
   New Balance Skirt X-4693
  </name>
  <category>
   Skirt
  </category>
  <size>
   L
  </size>
  <color>
   Голубой
  </color>
  <material>
   Кожа
  </material>
  <price>
   594913
  </price>
  <rating>
   4.19
  </rating>
  <reviews>
   628986
  </reviews>
  <new>
   +
  </new>
  <exclusive>
   yes
  </exclusive>
  <sporty>
   yes
  </sporty>
 </clothing>
 <clothing>
  <id>
   733221848
  </id>
  <name>
   Asics Shirt X-2308
  </name>
  <category>
   Shirt
  </category>
  <size>
   S
  </size>
  <color>
   Фиолетовый
  </color>
  <material>
   Полиэстер
  </material>
  <price>
   215712
  </price>
  <rating>
   2.75
  </rating>
  <reviews>
   267948
  </reviews>
 </clothing>
 <clothing>
  <id>
   458579727
  </id>
  <name>
   Converse Shirt V-3857
  </name>
  <category>
   Shirt
  </category>
  <size>
   L
  </size>
  <color>
   Синий
  </color>
  <material>
   Хлопок
  </material>
  <price>
   525876
  </price>
  <rating>
   2.03
  </rating>
  <reviews>
   854411
  </reviews>
  <new>
   +
  </new>
 </clothing>
 <clothing>
  <id>
   734354145
  </id>
  <name>
   Ellesse Blouse M-8221
  </name>
  <category>
   Blouse
  </category>
  <size>
   M
  </size>
  <color>
   Желтый
  </color>
  <material>
   Кожа
  </material>
  <price>
   557180
  </price>
  <rating>
   2.88
  </rating>
  <reviews>
   520536
  </reviews>
  <exclusive>
   no
  </exclusive>
  <sporty>
   no
  </sporty>
 </clothing>
 <clothing>
  <id>
   931002134
  </id>
  <name>
   Lacoste Jeans I-3558
  </name>
  <category>
   Jeans
  </category>
  <size>
   XL
  </size>
  <color>
   Красный
  </color>
  <material>
   Кожа
  </material>
  <price>
   532424
  </price>
  <rating>
   2.88
  </rating>
  <reviews>
   304069
  </reviews>
  <new>
   +
  </new>
  <exclusive>
   no
  </exclusive>
  <sporty>
   yes
  </sporty>
 </clothing>
 <clothing>
  <id>
   228119416
  </id>
  <name>
   Ellesse Shoes W-7623
  </name>
  <category>
   Shoes
  </category>
  <size>
   S
  </size>
  <color>
   Синий
  </color>
  <material>
   Нейлон
  </material>
  <price>
   290246
  </price>
  <rating>
   3.89
  </rating>
  <reviews>
   46840
  </reviews>
  <new>
   -
  </new>
  <exclusive>
   yes
  </exclusive>
  <sporty>
   yes
  </sporty>
 </clothing>
 <clothing>
  <id>
   945558602
  </id>
  <name>
   Asics T-shirt W-3290
  </name>
  <category>
   T-shirt
  </category>
  <size>
   S
  </size>
  <color>
   Голубой
  </color>
  <material>
   Нейлон
  </material>
  <price>
   447875
  </price>
  <rating>
   3.17
  </rating>
  <reviews>
   753832
  </reviews>
  <exclusive>
   no
  </exclusive>
  <sporty>
   yes
  </sporty>
 </clothing>
 <clothing>
  <id>
   634648298
  </id>
  <name>
   Under Armour Umbrellas L-2283
  </name>
  <category>
   Umbrellas
  </category>
  <size>
   L
  </size>
  <color>
   Зеленый
  </color>
  <material>
   Шерсть
  </material>
  <price>
   980789
  </price>
  <rating>
   3.32
  </rating>
  <reviews>
   379703
  </reviews>
  <new>
   +
  </new>
  <exclusive>
   no
  </exclusive>
 </clothing>
 <clothing>
  <id>
   560563815
  </id>
  <name>
   DC Dress C-2710
  </name>
  <category>
   Dress
  </category>
  <size>
   XXL
  </size>
  <color>
   Фиолетовый
  </color>
  <material>
   Вискоза
  </material>
  <price>
   236353
  </price>
  <rating>
   1.76
  </rating>
  <reviews>
   72468
  </reviews>
  <new>
   -
  </new>
  <exclusive>
   no
  </exclusive>
 </clothing>
 <clothing>
  <id>
   403024243
  </id>
  <name>
   Addidas Blouse G-8775
  </name>
  <category>
   Blouse
  </category>
  <size>
   S
  </size>
  <color>
   Зеленый
  </color>
  <material>
   Полиэстер
  </material>
  <price>
   601301
  </price>
  <rating>
   4.8
  </rating>
  <reviews>
   329666
  </reviews>
  <new>
   -
  </new>
 </clothing>
 <clothing>
  <id>
   260256944
  </id>
  <name>
   Reebok Sweater N-3992
  </name>
  <category>
   Sweater
  </category>
  <size>
   XXL
  </size>
  <color>
   Зеленый
  </color>
  <material>
   Кожа
  </material>
  <price>
   609689
  </price>
  <rating>
   1.68
  </rating>
  <reviews>
   304109
  </reviews>
  <new>
   +
  </new>
  <exclusive>
   yes
  </exclusive>
  <sporty>
   no
  </sporty>
 </clothing>
 <clothing>
  <id>
   591336798
  </id>
  <name>
   Puma Shirt F-7583
  </name>
  <category>
   Shirt
  </category>
  <size>
   XL
  </size>
  <color>
   Голубой
  </color>
  <material>
   Шерсть
  </material>
  <price>
   409188
  </price>
  <rating>
   2.65
  </rating>
  <reviews>
   892464
  </reviews>
  <exclusive>
   no
  </exclusive>
 </clothing>
 <clothing>
  <id>
   337629078
  </id>
  <name>
   Fila Shoes Y-4490
  </name>
  <category>
   Shoes
  </category>
  <size>
   XXL
  </size>
  <color>
   Фиолетовый
  </color>
  <material>
   Шелк
  </material>
  <price>
   248936
  </price>
  <rating>
   3.44
  </rating>
  <reviews>
   730751
  </reviews>
  <sporty>
   yes
  </sporty>
 </clothing>
 <clothing>
  <id>
   933298950
  </id>
  <name>
   Ellesse Jacket M-5030
  </name>
  <category>
   Jacket
  </category>
  <size>
   L
  </size>
  <color>
   Зеленый
  </color>
  <material>
   Полиэстер
  </material>
  <price>
   317381
  </price>
  <rating>
   3.43
  </rating>
  <reviews>
   585707
  </reviews>
  <new>
   -
  </new>
 </clothing>
 <clothing>
  <id>
   237505414
  </id>
  <name>
   Reebok Blouse I-1902
  </name>
  <category>
   Blouse
  </category>
  <size>
   L
  </size>
  <color>
   Синий
  </color>
  <material>
   Шерсть
  </material>
  <price>
   363834
  </price>
  <rating>
   3.32
  </rating>
  <reviews>
   798724
  </reviews>
  <exclusive>
   no
  </exclusive>
  <sporty>
   no
  </sporty>
 </clothing>
 <clothing>
  <id>
   859611272
  </id>
  <name>
   Ellesse Shoes H-7194
  </name>
  <category>
   Shoes
  </category>
  <size>
   S
  </size>
  <color>
   Оранжевый
  </color>
  <material>
   Вискоза
  </material>
  <price>
   326708
  </price>
  <rating>
   2.87
  </rating>
  <reviews>
   854491
  </reviews>
  <exclusive>
   yes
  </exclusive>
 </clothing>
 <clothing>
  <id>
   372344583
  </id>
  <name>
   Fila Sweater Q-6494
  </name>
  <category>
   Sweater
  </category>
  <size>
   S
  </size>
  <color>
   Красный
  </color>
  <material>
   Лен
  </material>
  <price>
   103852
  </price>
  <rating>
   1.04
  </rating>
  <reviews>
   730592
  </reviews>
  <new>
   -
  </new>
 </clothing>
 <clothing>
  <id>
   543061508
  </id>
  <name>
   Puma Handbags L-1584
  </name>
  <category>
   Handbags
  </category>
  <size>
   M
  </size>
  <color>
   Красный
  </color>
  <material>
   Хлопок
  </material>
  <price>
   811810
  </price>
  <rating>
   1.07
  </rating>
  <reviews>
   801668
  </reviews>
  <exclusive>
   yes
  </exclusive>
  <sporty>
   no
  </sporty>
 </clothing>
 <clothing>
  <id>
   250465403
  </id>
  <name>
   Reebok Jeans B-5163
  </name>
  <category>
   Jeans
  </category>
  <size>
   S
  </size>
  <color>
   Голубой
  </color>
  <material>
   Шелк
  </material>
  <price>
   203868
  </price>
  <rating>
   2.42
  </rating>
  <reviews>
   205990
  </reviews>
  <exclusive>
   yes
  </exclusive>
 </clothing>
 <clothing>
  <id>
   784447840
  </id>
  <name>
   Converse Belts L-7748
  </name>
  <category>
   Belts
  </category>
  <size>
   M
  </size>
  <color>
   Синий
  </color>
  <material>
   Шелк
  </material>
  <price>
   397813
  </price>
  <rating>
   2.57
  </rating>
  <reviews>
   567935
  </reviews>
  <new>
   -
  </new>
  <sporty>
   no
  </sporty>
 </clothing>
 <clothing>
  <id>
   186775343
  </id>
  <name>
   Adidas T-shirt C-2982
  </name>
  <category>
   T-shirt
  </category>
  <size>
   S
  </size>
  <color>
   Голубой
  </color>
  <material>
   Шерсть
  </material>
  <price>
   717058
  </price>
  <rating>
   3.35
  </rating>
  <reviews>
   306143
  </reviews>
  <new>
   -
  </new>
  <exclusive>
   no
  </exclusive>
 </clothing>
</clothing-items>
