<?xml version="1.0" encoding="utf-8"?>
<clothing-items>
 <clothing>
  <id>
   827672575
  </id>
  <name>
   Fila Pants S-3093
  </name>
  <category>
   Pants
  </category>
  <size>
   XXL
  </size>
  <color>
   Голубой
  </color>
  <material>
   Шерсть
  </material>
  <price>
   529589
  </price>
  <rating>
   2.54
  </rating>
  <reviews>
   533389
  </reviews>
  <new>
   -
  </new>
  <sporty>
   no
  </sporty>
 </clothing>
 <clothing>
  <id>
   129352934
  </id>
  <name>
   Brooks Socks M-4965
  </name>
  <category>
   Socks
  </category>
  <size>
   L
  </size>
  <color>
   Оранжевый
  </color>
  <material>
   Шерсть
  </material>
  <price>
   464751
  </price>
  <rating>
   4.17
  </rating>
  <reviews>
   737823
  </reviews>
  <sporty>
   no
  </sporty>
 </clothing>
 <clothing>
  <id>
   934078861
  </id>
  <name>
   Converse Hat W-5694
  </name>
  <category>
   Hat
  </category>
  <size>
   XXL
  </size>
  <color>
   Красный
  </color>
  <material>
   Полиэстер
  </material>
  <price>
   304669
  </price>
  <rating>
   2.2
  </rating>
  <reviews>
   894463
  </reviews>
  <new>
   +
  </new>
  <exclusive>
   no
  </exclusive>
  <sporty>
   yes
  </sporty>
 </clothing>
 <clothing>
  <id>
   679234456
  </id>
  <name>
   DC Dress Q-9494
  </name>
  <category>
   Dress
  </category>
  <size>
   XXL
  </size>
  <color>
   Синий
  </color>
  <material>
   Полиэстер
  </material>
  <price>
   217693
  </price>
  <rating>
   1.08
  </rating>
  <reviews>
   897992
  </reviews>
  <new>
   -
  </new>
  <exclusive>
   yes
  </exclusive>
 </clothing>
 <clothing>
  <id>
   674473392
  </id>
  <name>
   Vans Skirt V-1702
  </name>
  <category>
   Skirt
  </category>
  <size>
   XL
  </size>
  <color>
   Оранжевый
  </color>
  <material>
   Лен
  </material>
  <price>
   599630
  </price>
  <rating>
   1.55
  </rating>
  <reviews>
   799937
  </reviews>
  <new>
   -
  </new>
 </clothing>
 <clothing>
  <id>
   374593409
  </id>
  <name>
   Asics Skirt F-5456
  </name>
  <category>
   Skirt
  </category>
  <size>
   XXL
  </size>
  <color>
   Желтый
  </color>
  <material>
   Кожа
  </material>
  <price>
   889504
  </price>
  <rating>
   4.79
  </rating>
  <reviews>
   368180
  </reviews>
  <new>
   -
  </new>
  <exclusive>
   yes
  </exclusive>
  <sporty>
   yes
  </sporty>
 </clothing>
 <clothing>
  <id>
   834407440
  </id>
  <name>
   Adidas Shirt R-6252
  </name>
  <category>
   Shirt
  </category>
  <size>
   L
  </size>
  <color>
   Желтый
  </color>
  <material>
   Хлопок
  </material>
  <price>
   968191
  </price>
  <rating>
   3.28
  </rating>
  <reviews>
   783179
  </reviews>
  <new>
   +
  </new>
 </clothing>
 <clothing>
  <id>
   137541348
  </id>
  <name>
   Fila Gloves N-9450
  </name>
  <category>
   Gloves
  </category>
  <size>
   M
  </size>
  <color>
   Фиолетовый
  </color>
  <material>
   Полиэстер
  </material>
  <price>
   663921
  </price>
  <rating>
   1.79
  </rating>
  <reviews>
   702222
  </reviews>
  <new>
   -
  </new>
 </clothing>
 <clothing>
  <id>
   771929140
  </id>
  <name>
   Converse T-shirt B-7327
  </name>
  <category>
   T-shirt
  </category>
  <size>
   S
  </size>
  <color>
   Фиолетовый
  </color>
  <material>
   Шелк
  </material>
  <price>
   132390
  </price>
  <rating>
   1.27
  </rating>
  <reviews>
   618303
  </reviews>
  <new>
   -
  </new>
  <sporty>
   yes
  </sporty>
 </clothing>
 <clothing>
  <id>
   971294585
  </id>
  <name>
   PleinSport Shoes C-3347
  </name>
  <category>
   Shoes
  </category>
  <size>
   S
  </size>
  <color>
   Зеленый
  </color>
  <material>
   Хлопок
  </material>
  <price>
   990295
  </price>
  <rating>
   3.16
  </rating>
  <reviews>
   977393
  </reviews>
  <new>
   -
  </new>
  <exclusive>
   no
  </exclusive>
 </clothing>
 <clothing>
  <id>
   341419282
  </id>
  <name>
   Nike Jacket D-5027
  </name>
  <category>
   Jacket
  </category>
  <size>
   M
  </size>
  <color>
   Желтый
  </color>
  <material>
   Нейлон
  </material>
  <price>
   326132
  </price>
  <rating>
   1.08
  </rating>
  <reviews>
   483775
  </reviews>
  <sporty>
   no
  </sporty>
 </clothing>
 <clothing>
  <id>
   341546377
  </id>
  <name>
   Under Armour Shirt E-3772
  </name>
  <category>
   Shirt
  </category>
  <size>
   XXL
  </size>
  <color>
   Красный
  </color>
  <material>
   Кожа
  </material>
  <price>
   916113
  </price>
  <rating>
   2.61
  </rating>
  <reviews>
   820007
  </reviews>
  <new>
   -
  </new>
  <exclusive>
   no
  </exclusive>
 </clothing>
 <clothing>
  <id>
   668154794
  </id>
  <name>
   Ellesse Handbags H-8553
  </name>
  <category>
   Handbags
  </category>
  <size>
   M
  </size>
  <color>
   Зеленый
  </color>
  <material>
   Шелк
  </material>
  <price>
   836260
  </price>
  <rating>
   4.28
  </rating>
  <reviews>
   157287
  </reviews>
  <new>
   -
  </new>
  <exclusive>
   no
  </exclusive>
  <sporty>
   no
  </sporty>
 </clothing>
 <clothing>
  <id>
   265324900
  </id>
  <name>
   Under Armour Jeans J-5978
  </name>
  <category>
   Jeans
  </category>
  <size>
   XL
  </size>
  <color>
   Желтый
  </color>
  <material>
   Нейлон
  </material>
  <price>
   122808
  </price>
  <rating>
   1.68
  </rating>
  <reviews>
   66428
  </reviews>
  <new>
   -
  </new>
  <exclusive>
   yes
  </exclusive>
  <sporty>
   yes
  </sporty>
 </clothing>
 <clothing>
  <id>
   345680104
  </id>
  <name>
   PleinSport Jeans C-7213
  </name>
  <category>
   Jeans
  </category>
  <size>
   M
  </size>
  <color>
   Фиолетовый
  </color>
  <material>
   Кожа
  </material>
  <price>
   401009
  </price>
  <rating>
   2.23
  </rating>
  <reviews>
   80218
  </reviews>
  <new>
   -
  </new>
  <exclusive>
   yes
  </exclusive>
  <sporty>
   no
  </sporty>
 </clothing>
 <clothing>
  <id>
   414762290
  </id>
  <name>
   Fila Umbrellas T-2279
  </name>
  <category>
   Umbrellas
  </category>
  <size>
   XXL
  </size>
  <color>
   Синий
  </color>
  <material>
   Шелк
  </material>
  <price>
   616131
  </price>
  <rating>
   2.87
  </rating>
  <reviews>
   967290
  </reviews>
  <exclusive>
   no
  </exclusive>
  <sporty>
   no
  </sporty>
 </clothing>
 <clothing>
  <id>
   667987129
  </id>
  <name>
   Vans Skirt W-4102
  </name>
  <category>
   Skirt
  </category>
  <size>
   XL
  </size>
  <color>
   Оранжевый
  </color>
  <material>
   Кожа
  </material>
  <price>
   978549
  </price>
  <rating>
   4.6
  </rating>
  <reviews>
   555361
  </reviews>
  <new>
   +
  </new>
  <exclusive>
   no
  </exclusive>
 </clothing>
 <clothing>
  <id>
   282998634
  </id>
  <name>
   Asics Gloves P-8836
  </name>
  <category>
   Gloves
  </category>
  <size>
   XL
  </size>
  <color>
   Синий
  </color>
  <material>
   Нейлон
  </material>
  <price>
   491510
  </price>
  <rating>
   2.7
  </rating>
  <reviews>
   981358
  </reviews>
  <exclusive>
   no
  </exclusive>
  <sporty>
   yes
  </sporty>
 </clothing>
 <clothing>
  <id>
   422465482
  </id>
  <name>
   Brooks Shirt M-9218
  </name>
  <category>
   Shirt
  </category>
  <size>
   L
  </size>
  <color>
   Желтый
  </color>
  <material>
   Лен
  </material>
  <price>
   253502
  </price>
  <rating>
   2.68
  </rating>
  <reviews>
   633379
  </reviews>
  <sporty>
   yes
  </sporty>
 </clothing>
 <clothing>
  <id>
   385439820
  </id>
  <name>
   Puma Handbags S-3826
  </name>
  <category>
   Handbags
  </category>
  <size>
   S
  </size>
  <color>
   Красный
  </color>
  <material>
   Полиэстер
  </material>
  <price>
   482336
  </price>
  <rating>
   2.23
  </rating>
  <reviews>
   994856
  </reviews>
  <new>
   +
  </new>
  <exclusive>
   no
  </exclusive>
  <sporty>
   yes
  </sporty>
 </clothing>
 <clothing>
  <id>
   910099125
  </id>
  <name>
   Vans Hat V-5117
  </name>
  <category>
   Hat
  </category>
  <size>
   XXL
  </size>
  <color>
   Голубой
  </color>
  <material>
   Шерсть
  </material>
  <price>
   886809
  </price>
  <rating>
   2.17
  </rating>
  <reviews>
   361293
  </reviews>
  <new>
   -
  </new>
  <sporty>
   no
  </sporty>
 </clothing>
 <clothing>
  <id>
   726594713
  </id>
  <name>
   Under Armour T-shirt M-3835
  </name>
  <category>
   T-shirt
  </category>
  <size>
   L
  </size>
  <color>
   Фиолетовый
  </color>
  <material>
   Хлопок
  </material>
  <price>
   648243
  </price>
  <rating>
   2.76
  </rating>
  <reviews>
   637149
  </reviews>
  <new>
   -
  </new>
  <sporty>
   no
  </sporty>
 </clothing>
 <clothing>
  <id>
   177801039
  </id>
  <name>
   Under Armour Socks P-5648
  </name>
  <category>
   Socks
  </category>
  <size>
   XXL
  </size>
  <color>
   Фиолетовый
  </color>
  <material>
   Нейлон
  </material>
  <price>
   452427
  </price>
  <rating>
   3.8
  </rating>
  <reviews>
   105941
  </reviews>
 </clothing>
 <clothing>
  <id>
   485021759
  </id>
  <name>
   Vans Umbrellas M-1082
  </name>
  <category>
   Umbrellas
  </category>
  <size>
   L
  </size>
  <color>
   Желтый
  </color>
  <material>
   Шелк
  </material>
  <price>
   917107
  </price>
  <rating>
   3.96
  </rating>
  <reviews>
   390309
  </reviews>
  <new>
   -
  </new>
  <sporty>
   no
  </sporty>
 </clothing>
 <clothing>
  <id>
   425630117
  </id>
  <name>
   Asics Jacket E-2082
  </name>
  <category>
   Jacket
  </category>
  <size>
   M
  </size>
  <color>
   Голубой
  </color>
  <material>
   Шерсть
  </material>
  <price>
   920343
  </price>
  <rating>
   2.35
  </rating>
  <reviews>
   737035
  </reviews>
  <new>
   -
  </new>
  <sporty>
   yes
  </sporty>
 </clothing>
 <clothing>
  <id>
   787938008
  </id>
  <name>
   Lacoste Blouse I-4360
  </name>
  <category>
   Blouse
  </category>
  <size>
   L
  </size>
  <color>
   Голубой
  </color>
  <material>
   Нейлон
  </material>
  <price>
   119388
  </price>
  <rating>
   1.51
  </rating>
  <reviews>
   551652
  </reviews>
  <exclusive>
   yes
  </exclusive>
  <sporty>
   no
  </sporty>
 </clothing>
 <clothing>
  <id>
   835393967
  </id>
  <name>
   Nike Dress I-4859
  </name>
  <category>
   Dress
  </category>
  <size>
   XXL
  </size>
  <color>
   Оранжевый
  </color>
  <material>
   Лен
  </material>
  <price>
   373634
  </price>
  <rating>
   3.26
  </rating>
  <reviews>
   379157
  </reviews>
  <new>
   +
  </new>
  <exclusive>
   no
  </exclusive>
  <sporty>
   no
  </sporty>
 </clothing>
 <clothing>
  <id>
   413636269
  </id>
  <name>
   DC T-shirt E-5557
  </name>
  <category>
   T-shirt
  </category>
  <size>
   L
  </size>
  <color>
   Оранжевый
  </color>
  <material>
   Лен
  </material>
  <price>
   765995
  </price>
  <rating>
   3.56
  </rating>
  <reviews>
   725955
  </reviews>
  <new>
   -
  </new>
  <exclusive>
   yes
  </exclusive>
 </clothing>
 <clothing>
  <id>
   413608072
  </id>
  <name>
   Vans Dress R-9426
  </name>
  <category>
   Dress
  </category>
  <size>
   XL
  </size>
  <color>
   Синий
  </color>
  <material>
   Хлопок
  </material>
  <price>
   201973
  </price>
  <rating>
   4.49
  </rating>
  <reviews>
   912313
  </reviews>
  <exclusive>
   no
  </exclusive>
  <sporty>
   yes
  </sporty>
 </clothing>
 <clothing>
  <id>
   420754248
  </id>
  <name>
   Brooks Handbags V-9781
  </name>
  <category>
   Handbags
  </category>
  <size>
   M
  </size>
  <color>
   Красный
  </color>
  <material>
   Шелк
  </material>
  <price>
   112786
  </price>
  <rating>
   4.76
  </rating>
  <reviews>
   394055
  </reviews>
  <new>
   -
  </new>
  <sporty>
   no
  </sporty>
 </clothing>
 <clothing>
  <id>
   565867184
  </id>
  <name>
   Under Armour Belts V-8725
  </name>
  <category>
   Belts
  </category>
  <size>
   XXL
  </size>
  <color>
   Желтый
  </color>
  <material>
   Вискоза
  </material>
  <price>
   782924
  </price>
  <rating>
   3.81
  </rating>
  <reviews>
   265754
  </reviews>
  <new>
   +
  </new>
 </clothing>
 <clothing>
  <id>
   845181685
  </id>
  <name>
   Vans Sweater H-9361
  </name>
  <category>
   Sweater
  </category>
  <size>
   S
  </size>
  <color>
   Оранжевый
  </color>
  <material>
   Нейлон
  </material>
  <price>
   207084
  </price>
  <rating>
   3.7
  </rating>
  <reviews>
   190533
  </reviews>
  <new>
   +
  </new>
  <sporty>
   yes
  </sporty>
 </clothing>
 <clothing>
  <id>
   178805752
  </id>
  <name>
   Converse Dress L-9183
  </name>
  <category>
   Dress
  </category>
  <size>
   XXL
  </size>
  <color>
   Желтый
  </color>
  <material>
   Кожа
  </material>
  <price>
   106042
  </price>
  <rating>
   3.38
  </rating>
  <reviews>
   576347
  </reviews>
  <new>
   -
  </new>
  <exclusive>
   yes
  </exclusive>
  <sporty>
   no
  </sporty>
 </clothing>
 <clothing>
  <id>
   416027382
  </id>
  <name>
   Adidas Dress G-9327
  </name>
  <category>
   Dress
  </category>
  <size>
   M
  </size>
  <color>
   Оранжевый
  </color>
  <material>
   Шерсть
  </material>
  <price>
   172727
  </price>
  <rating>
   3.52
  </rating>
  <reviews>
   264235
  </reviews>
  <new>
   -
  </new>
  <sporty>
   yes
  </sporty>
 </clothing>
 <clothing>
  <id>
   637315119
  </id>
  <name>
   Nike Pants I-1858
  </name>
  <category>
   Pants
  </category>
  <size>
   XL
  </size>
  <color>
   Зеленый
  </color>
  <material>
   Шерсть
  </material>
  <price>
   261154
  </price>
  <rating>
   1.51
  </rating>
  <reviews>
   101806
  </reviews>
  <new>
   -
  </new>
  <exclusive>
   no
  </exclusive>
  <sporty>
   no
  </sporty>
 </clothing>
 <clothing>
  <id>
   707119047
  </id>
  <name>
   Reebok Shirt W-7227
  </name>
  <category>
   Shirt
  </category>
  <size>
   M
  </size>
  <color>
   Красный
  </color>
  <material>
   Хлопок
  </material>
  <price>
   726778
  </price>
  <rating>
   2.82
  </rating>
  <reviews>
   752762
  </reviews>
  <new>
   +
  </new>
  <exclusive>
   yes
  </exclusive>
  <sporty>
   no
  </sporty>
 </clothing>
 <clothing>
  <id>
   677374240
  </id>
  <name>
   Reebok Hat C-4354
  </name>
  <category>
   Hat
  </category>
  <size>
   XXL
  </size>
  <color>
   Желтый
  </color>
  <material>
   Полиэстер
  </material>
  <price>
   759698
  </price>
  <rating>
   2.65
  </rating>
  <reviews>
   112180
  </reviews>
  <exclusive>
   yes
  </exclusive>
 </clothing>
 <clothing>
  <id>
   568215924
  </id>
  <name>
   Addidas T-shirt U-3597
  </name>
  <category>
   T-shirt
  </category>
  <size>
   XL
  </size>
  <color>
   Красный
  </color>
  <material>
   Хлопок
  </material>
  <price>
   748619
  </price>
  <rating>
   3.8
  </rating>
  <reviews>
   437297
  </reviews>
 </clothing>
</clothing-items>
