<?xml version="1.0" encoding="utf-8"?>
<clothing-items>
 <clothing>
  <id>
   439247826
  </id>
  <name>
   PleinSport Belts H-9570
  </name>
  <category>
   Belts
  </category>
  <size>
   M
  </size>
  <color>
   Голубой
  </color>
  <material>
   Вискоза
  </material>
  <price>
   419649
  </price>
  <rating>
   3.53
  </rating>
  <reviews>
   109550
  </reviews>
  <exclusive>
   no
  </exclusive>
  <sporty>
   yes
  </sporty>
 </clothing>
 <clothing>
  <id>
   323436207
  </id>
  <name>
   Vans Socks Z-3632
  </name>
  <category>
   Socks
  </category>
  <size>
   XL
  </size>
  <color>
   Красный
  </color>
  <material>
   Лен
  </material>
  <price>
   747765
  </price>
  <rating>
   1.11
  </rating>
  <reviews>
   569000
  </reviews>
  <exclusive>
   no
  </exclusive>
  <sporty>
   no
  </sporty>
 </clothing>
 <clothing>
  <id>
   156517137
  </id>
  <name>
   New Balance Blouse O-1498
  </name>
  <category>
   Blouse
  </category>
  <size>
   M
  </size>
  <color>
   Зеленый
  </color>
  <material>
   Вискоза
  </material>
  <price>
   988951
  </price>
  <rating>
   2.59
  </rating>
  <reviews>
   776401
  </reviews>
  <new>
   -
  </new>
  <sporty>
   yes
  </sporty>
 </clothing>
 <clothing>
  <id>
   753973558
  </id>
  <name>
   Nike Pants M-8441
  </name>
  <category>
   Pants
  </category>
  <size>
   L
  </size>
  <color>
   Фиолетовый
  </color>
  <material>
   Полиэстер
  </material>
  <price>
   876361
  </price>
  <rating>
   4.21
  </rating>
  <reviews>
   691990
  </reviews>
  <exclusive>
   no
  </exclusive>
 </clothing>
 <clothing>
  <id>
   899150156
  </id>
  <name>
   Adidas Handbags A-9410
  </name>
  <category>
   Handbags
  </category>
  <size>
   M
  </size>
  <color>
   Оранжевый
  </color>
  <material>
   Шерсть
  </material>
  <price>
   513598
  </price>
  <rating>
   2.04
  </rating>
  <reviews>
   214139
  </reviews>
  <new>
   +
  </new>
  <exclusive>
   no
  </exclusive>
  <sporty>
   yes
  </sporty>
 </clothing>
 <clothing>
  <id>
   461372705
  </id>
  <name>
   Vans Belts E-3443
  </name>
  <category>
   Belts
  </category>
  <size>
   M
  </size>
  <color>
   Зеленый
  </color>
  <material>
   Кожа
  </material>
  <price>
   597526
  </price>
  <rating>
   1.27
  </rating>
  <reviews>
   985066
  </reviews>
  <new>
   -
  </new>
  <exclusive>
   no
  </exclusive>
  <sporty>
   no
  </sporty>
 </clothing>
 <clothing>
  <id>
   339983825
  </id>
  <name>
   Brooks Shirt M-3454
  </name>
  <category>
   Shirt
  </category>
  <size>
   L
  </size>
  <color>
   Красный
  </color>
  <material>
   Нейлон
  </material>
  <price>
   566351
  </price>
  <rating>
   3.32
  </rating>
  <reviews>
   649519
  </reviews>
  <new>
   -
  </new>
  <exclusive>
   yes
  </exclusive>
 </clothing>
 <clothing>
  <id>
   883288444
  </id>
  <name>
   Nike T-shirt N-5849
  </name>
  <category>
   T-shirt
  </category>
  <size>
   XL
  </size>
  <color>
   Голубой
  </color>
  <material>
   Полиэстер
  </material>
  <price>
   551422
  </price>
  <rating>
   4.23
  </rating>
  <reviews>
   679266
  </reviews>
  <new>
   +
  </new>
  <exclusive>
   no
  </exclusive>
  <sporty>
   no
  </sporty>
 </clothing>
 <clothing>
  <id>
   987978429
  </id>
  <name>
   Converse Umbrellas S-2344
  </name>
  <category>
   Umbrellas
  </category>
  <size>
   L
  </size>
  <color>
   Фиолетовый
  </color>
  <material>
   Вискоза
  </material>
  <price>
   529823
  </price>
  <rating>
   1.85
  </rating>
  <reviews>
   686898
  </reviews>
  <exclusive>
   no
  </exclusive>
  <sporty>
   no
  </sporty>
 </clothing>
 <clothing>
  <id>
   321339765
  </id>
  <name>
   New Balance Gloves F-3411
  </name>
  <category>
   Gloves
  </category>
  <size>
   S
  </size>
  <color>
   Голубой
  </color>
  <material>
   Лен
  </material>
  <price>
   221040
  </price>
  <rating>
   3.56
  </rating>
  <reviews>
   145009
  </reviews>
  <sporty>
   yes
  </sporty>
 </clothing>
 <clothing>
  <id>
   685677591
  </id>
  <name>
   Converse Handbags U-8003
  </name>
  <category>
   Handbags
  </category>
  <size>
   S
  </size>
  <color>
   Желтый
  </color>
  <material>
   Шерсть
  </material>
  <price>
   615554
  </price>
  <rating>
   3.06
  </rating>
  <reviews>
   824731
  </reviews>
  <exclusive>
   no
  </exclusive>
  <sporty>
   no
  </sporty>
 </clothing>
 <clothing>
  <id>
   315160966
  </id>
  <name>
   Adidas Dress D-1257
  </name>
  <category>
   Dress
  </category>
  <size>
   S
  </size>
  <color>
   Оранжевый
  </color>
  <material>
   Нейлон
  </material>
  <price>
   852840
  </price>
  <rating>
   1.48
  </rating>
  <reviews>
   675044
  </reviews>
  <new>
   +
  </new>
  <exclusive>
   no
  </exclusive>
  <sporty>
   no
  </sporty>
 </clothing>
 <clothing>
  <id>
   268205816
  </id>
  <name>
   New Balance Belts S-1904
  </name>
  <category>
   Belts
  </category>
  <size>
   M
  </size>
  <color>
   Оранжевый
  </color>
  <material>
   Лен
  </material>
  <price>
   215537
  </price>
  <rating>
   1.22
  </rating>
  <reviews>
   283985
  </reviews>
  <exclusive>
   yes
  </exclusive>
  <sporty>
   yes
  </sporty>
 </clothing>
 <clothing>
  <id>
   301124361
  </id>
  <name>
   PleinSport Handbags E-5481
  </name>
  <category>
   Handbags
  </category>
  <size>
   S
  </size>
  <color>
   Голубой
  </color>
  <material>
   Шелк
  </material>
  <price>
   877784
  </price>
  <rating>
   4.75
  </rating>
  <reviews>
   12429
  </reviews>
  <new>
   +
  </new>
  <sporty>
   yes
  </sporty>
 </clothing>
 <clothing>
  <id>
   909559674
  </id>
  <name>
   Brooks Sweater O-3070
  </name>
  <category>
   Sweater
  </category>
  <size>
   XL
  </size>
  <color>
   Голубой
  </color>
  <material>
   Кожа
  </material>
  <price>
   950079
  </price>
  <rating>
   3.5
  </rating>
  <reviews>
   306496
  </reviews>
  <new>
   +
  </new>
  <exclusive>
   no
  </exclusive>
  <sporty>
   no
  </sporty>
 </clothing>
 <clothing>
  <id>
   834876627
  </id>
  <name>
   DC Blouse P-7178
  </name>
  <category>
   Blouse
  </category>
  <size>
   S
  </size>
  <color>
   Красный
  </color>
  <material>
   Кожа
  </material>
  <price>
   510702
  </price>
  <rating>
   1.24
  </rating>
  <reviews>
   73233
  </reviews>
  <new>
   +
  </new>
  <sporty>
   no
  </sporty>
 </clothing>
 <clothing>
  <id>
   726092003
  </id>
  <name>
   Brooks Handbags K-6539
  </name>
  <category>
   Handbags
  </category>
  <size>
   L
  </size>
  <color>
   Синий
  </color>
  <material>
   Лен
  </material>
  <price>
   823925
  </price>
  <rating>
   2.9
  </rating>
  <reviews>
   17930
  </reviews>
  <new>
   -
  </new>
  <exclusive>
   yes
  </exclusive>
  <sporty>
   no
  </sporty>
 </clothing>
 <clothing>
  <id>
   491422722
  </id>
  <name>
   Brooks Dress C-2719
  </name>
  <category>
   Dress
  </category>
  <size>
   S
  </size>
  <color>
   Желтый
  </color>
  <material>
   Вискоза
  </material>
  <price>
   734459
  </price>
  <rating>
   4.52
  </rating>
  <reviews>
   253461
  </reviews>
  <new>
   -
  </new>
  <exclusive>
   no
  </exclusive>
 </clothing>
 <clothing>
  <id>
   513893389
  </id>
  <name>
   Reebok Jeans X-3299
  </name>
  <category>
   Jeans
  </category>
  <size>
   XXL
  </size>
  <color>
   Голубой
  </color>
  <material>
   Вискоза
  </material>
  <price>
   484140
  </price>
  <rating>
   3.37
  </rating>
  <reviews>
   886401
  </reviews>
  <new>
   +
  </new>
  <exclusive>
   no
  </exclusive>
 </clothing>
 <clothing>
  <id>
   339586456
  </id>
  <name>
   Converse Pants V-2282
  </name>
  <category>
   Pants
  </category>
  <size>
   XL
  </size>
  <color>
   Красный
  </color>
  <material>
   Полиэстер
  </material>
  <price>
   635742
  </price>
  <rating>
   1.19
  </rating>
  <reviews>
   536665
  </reviews>
 </clothing>
 <clothing>
  <id>
   291297567
  </id>
  <name>
   Puma Umbrellas N-2437
  </name>
  <category>
   Umbrellas
  </category>
  <size>
   L
  </size>
  <color>
   Красный
  </color>
  <material>
   Шелк
  </material>
  <price>
   871505
  </price>
  <rating>
   2.41
  </rating>
  <reviews>
   956122
  </reviews>
  <new>
   -
  </new>
  <exclusive>
   no
  </exclusive>
 </clothing>
 <clothing>
  <id>
   990098797
  </id>
  <name>
   PleinSport Blouse K-1448
  </name>
  <category>
   Blouse
  </category>
  <size>
   L
  </size>
  <color>
   Оранжевый
  </color>
  <material>
   Полиэстер
  </material>
  <price>
   475567
  </price>
  <rating>
   1.26
  </rating>
  <reviews>
   47231
  </reviews>
  <new>
   -
  </new>
  <sporty>
   no
  </sporty>
 </clothing>
 <clothing>
  <id>
   792601303
  </id>
  <name>
   Lacoste Shirt F-8329
  </name>
  <category>
   Shirt
  </category>
  <size>
   XL
  </size>
  <color>
   Зеленый
  </color>
  <material>
   Хлопок
  </material>
  <price>
   808730
  </price>
  <rating>
   4.87
  </rating>
  <reviews>
   528117
  </reviews>
  <new>
   +
  </new>
  <sporty>
   no
  </sporty>
 </clothing>
 <clothing>
  <id>
   727344497
  </id>
  <name>
   DC Pants N-3502
  </name>
  <category>
   Pants
  </category>
  <size>
   XL
  </size>
  <color>
   Голубой
  </color>
  <material>
   Полиэстер
  </material>
  <price>
   448893
  </price>
  <rating>
   1.34
  </rating>
  <reviews>
   450445
  </reviews>
 </clothing>
</clothing-items>
