<?xml version="1.0" encoding="utf-8"?>
<clothing-items>
 <clothing>
  <id>
   811189842
  </id>
  <name>
   Nike Jeans Y-3043
  </name>
  <category>
   Jeans
  </category>
  <size>
   S
  </size>
  <color>
   Фиолетовый
  </color>
  <material>
   Хлопок
  </material>
  <price>
   967186
  </price>
  <rating>
   2.29
  </rating>
  <reviews>
   164318
  </reviews>
  <new>
   +
  </new>
  <exclusive>
   no
  </exclusive>
  <sporty>
   no
  </sporty>
 </clothing>
 <clothing>
  <id>
   724094592
  </id>
  <name>
   New Balance Belts L-3912
  </name>
  <category>
   Belts
  </category>
  <size>
   XL
  </size>
  <color>
   Голубой
  </color>
  <material>
   Кожа
  </material>
  <price>
   247922
  </price>
  <rating>
   4.17
  </rating>
  <reviews>
   963825
  </reviews>
  <exclusive>
   no
  </exclusive>
  <sporty>
   no
  </sporty>
 </clothing>
 <clothing>
  <id>
   240611692
  </id>
  <name>
   Ellesse Socks U-3355
  </name>
  <category>
   Socks
  </category>
  <size>
   L
  </size>
  <color>
   Фиолетовый
  </color>
  <material>
   Шелк
  </material>
  <price>
   593755
  </price>
  <rating>
   1.13
  </rating>
  <reviews>
   207247
  </reviews>
 </clothing>
 <clothing>
  <id>
   945961784
  </id>
  <name>
   Vans Shirt J-1340
  </name>
  <category>
   Shirt
  </category>
  <size>
   XL
  </size>
  <color>
   Синий
  </color>
  <material>
   Нейлон
  </material>
  <price>
   274522
  </price>
  <rating>
   4.78
  </rating>
  <reviews>
   152273
  </reviews>
  <new>
   +
  </new>
  <exclusive>
   no
  </exclusive>
 </clothing>
 <clothing>
  <id>
   485858497
  </id>
  <name>
   Adidas Shoes P-7127
  </name>
  <category>
   Shoes
  </category>
  <size>
   S
  </size>
  <color>
   Синий
  </color>
  <material>
   Лен
  </material>
  <price>
   385798
  </price>
  <rating>
   2.68
  </rating>
  <reviews>
   387478
  </reviews>
  <new>
   -
  </new>
  <exclusive>
   no
  </exclusive>
 </clothing>
 <clothing>
  <id>
   950112755
  </id>
  <name>
   Adidas Skirt Y-2570
  </name>
  <category>
   Skirt
  </category>
  <size>
   XL
  </size>
  <color>
   Синий
  </color>
  <material>
   Вискоза
  </material>
  <price>
   787848
  </price>
  <rating>
   1.25
  </rating>
  <reviews>
   641475
  </reviews>
  <new>
   -
  </new>
  <sporty>
   yes
  </sporty>
 </clothing>
 <clothing>
  <id>
   932274722
  </id>
  <name>
   Converse Belts E-6111
  </name>
  <category>
   Belts
  </category>
  <size>
   XXL
  </size>
  <color>
   Красный
  </color>
  <material>
   Полиэстер
  </material>
  <price>
   632241
  </price>
  <rating>
   1.48
  </rating>
  <reviews>
   550318
  </reviews>
  <new>
   -
  </new>
  <exclusive>
   no
  </exclusive>
  <sporty>
   no
  </sporty>
 </clothing>
 <clothing>
  <id>
   860534937
  </id>
  <name>
   Adidas Jacket B-1328
  </name>
  <category>
   Jacket
  </category>
  <size>
   XXL
  </size>
  <color>
   Зеленый
  </color>
  <material>
   Хлопок
  </material>
  <price>
   417318
  </price>
  <rating>
   3.2
  </rating>
  <reviews>
   661116
  </reviews>
  <new>
   -
  </new>
  <exclusive>
   no
  </exclusive>
  <sporty>
   no
  </sporty>
 </clothing>
 <clothing>
  <id>
   993230375
  </id>
  <name>
   Fila Sweater D-6028
  </name>
  <category>
   Sweater
  </category>
  <size>
   L
  </size>
  <color>
   Желтый
  </color>
  <material>
   Полиэстер
  </material>
  <price>
   806542
  </price>
  <rating>
   3.74
  </rating>
  <reviews>
   65513
  </reviews>
  <exclusive>
   no
  </exclusive>
 </clothing>
 <clothing>
  <id>
   190071724
  </id>
  <name>
   Asics Jeans V-7537
  </name>
  <category>
   Jeans
  </category>
  <size>
   L
  </size>
  <color>
   Оранжевый
  </color>
  <material>
   Вискоза
  </material>
  <price>
   102882
  </price>
  <rating>
   4.29
  </rating>
  <reviews>
   458272
  </reviews>
  <sporty>
   yes
  </sporty>
 </clothing>
 <clothing>
  <id>
   204714468
  </id>
  <name>
   Under Armour Jeans P-9968
  </name>
  <category>
   Jeans
  </category>
  <size>
   XL
  </size>
  <color>
   Красный
  </color>
  <material>
   Шелк
  </material>
  <price>
   173005
  </price>
  <rating>
   1.22
  </rating>
  <reviews>
   225359
  </reviews>
  <new>
   -
  </new>
 </clothing>
 <clothing>
  <id>
   604391081
  </id>
  <name>
   DC Dress B-3617
  </name>
  <category>
   Dress
  </category>
  <size>
   XXL
  </size>
  <color>
   Синий
  </color>
  <material>
   Кожа
  </material>
  <price>
   588076
  </price>
  <rating>
   3.16
  </rating>
  <reviews>
   757653
  </reviews>
  <new>
   -
  </new>
  <sporty>
   no
  </sporty>
 </clothing>
 <clothing>
  <id>
   678245594
  </id>
  <name>
   Reebok Jeans W-4778
  </name>
  <category>
   Jeans
  </category>
  <size>
   S
  </size>
  <color>
   Оранжевый
  </color>
  <material>
   Шелк
  </material>
  <price>
   764838
  </price>
  <rating>
   4.27
  </rating>
  <reviews>
   753299
  </reviews>
  <exclusive>
   no
  </exclusive>
  <sporty>
   no
  </sporty>
 </clothing>
 <clothing>
  <id>
   779065819
  </id>
  <name>
   Adidas Belts S-7359
  </name>
  <category>
   Belts
  </category>
  <size>
   XXL
  </size>
  <color>
   Желтый
  </color>
  <material>
   Лен
  </material>
  <price>
   194887
  </price>
  <rating>
   3.88
  </rating>
  <reviews>
   238535
  </reviews>
  <new>
   -
  </new>
  <exclusive>
   no
  </exclusive>
  <sporty>
   yes
  </sporty>
 </clothing>
 <clothing>
  <id>
   527126522
  </id>
  <name>
   New Balance Belts J-2447
  </name>
  <category>
   Belts
  </category>
  <size>
   M
  </size>
  <color>
   Зеленый
  </color>
  <material>
   Нейлон
  </material>
  <price>
   606404
  </price>
  <rating>
   2.0
  </rating>
  <reviews>
   546539
  </reviews>
  <exclusive>
   no
  </exclusive>
  <sporty>
   yes
  </sporty>
 </clothing>
 <clothing>
  <id>
   592956598
  </id>
  <name>
   Vans Jacket G-6212
  </name>
  <category>
   Jacket
  </category>
  <size>
   XL
  </size>
  <color>
   Желтый
  </color>
  <material>
   Нейлон
  </material>
  <price>
   409412
  </price>
  <rating>
   4.04
  </rating>
  <reviews>
   64070
  </reviews>
  <new>
   -
  </new>
  <exclusive>
   yes
  </exclusive>
  <sporty>
   no
  </sporty>
 </clothing>
 <clothing>
  <id>
   372079740
  </id>
  <name>
   Nike Jeans V-8520
  </name>
  <category>
   Jeans
  </category>
  <size>
   M
  </size>
  <color>
   Желтый
  </color>
  <material>
   Шерсть
  </material>
  <price>
   821213
  </price>
  <rating>
   4.49
  </rating>
  <reviews>
   759722
  </reviews>
  <new>
   -
  </new>
  <exclusive>
   no
  </exclusive>
  <sporty>
   no
  </sporty>
 </clothing>
</clothing-items>
