<?xml version="1.0" encoding="utf-8"?>
<clothing-items>
 <clothing>
  <id>
   492470853
  </id>
  <name>
   New Balance Belts C-7480
  </name>
  <category>
   Belts
  </category>
  <size>
   XL
  </size>
  <color>
   Синий
  </color>
  <material>
   Шерсть
  </material>
  <price>
   373806
  </price>
  <rating>
   2.4
  </rating>
  <reviews>
   309873
  </reviews>
  <sporty>
   no
  </sporty>
 </clothing>
 <clothing>
  <id>
   992443141
  </id>
  <name>
   Nike Handbags H-6472
  </name>
  <category>
   Handbags
  </category>
  <size>
   L
  </size>
  <color>
   Оранжевый
  </color>
  <material>
   Полиэстер
  </material>
  <price>
   663749
  </price>
  <rating>
   4.33
  </rating>
  <reviews>
   13922
  </reviews>
  <new>
   -
  </new>
  <exclusive>
   no
  </exclusive>
  <sporty>
   no
  </sporty>
 </clothing>
 <clothing>
  <id>
   833568220
  </id>
  <name>
   DC T-shirt I-8939
  </name>
  <category>
   T-shirt
  </category>
  <size>
   XL
  </size>
  <color>
   Фиолетовый
  </color>
  <material>
   Лен
  </material>
  <price>
   317684
  </price>
  <rating>
   3.61
  </rating>
  <reviews>
   917684
  </reviews>
  <new>
   -
  </new>
 </clothing>
 <clothing>
  <id>
   262803489
  </id>
  <name>
   Puma Socks H-5510
  </name>
  <category>
   Socks
  </category>
  <size>
   L
  </size>
  <color>
   Зеленый
  </color>
  <material>
   Кожа
  </material>
  <price>
   211205
  </price>
  <rating>
   4.95
  </rating>
  <reviews>
   265193
  </reviews>
  <exclusive>
   yes
  </exclusive>
 </clothing>
 <clothing>
  <id>
   881326970
  </id>
  <name>
   Nike Gloves V-9385
  </name>
  <category>
   Gloves
  </category>
  <size>
   S
  </size>
  <color>
   Красный
  </color>
  <material>
   Шелк
  </material>
  <price>
   742789
  </price>
  <rating>
   2.8
  </rating>
  <reviews>
   666508
  </reviews>
  <sporty>
   no
  </sporty>
 </clothing>
 <clothing>
  <id>
   236087094
  </id>
  <name>
   Adidas T-shirt Y-1962
  </name>
  <category>
   T-shirt
  </category>
  <size>
   XL
  </size>
  <color>
   Желтый
  </color>
  <material>
   Кожа
  </material>
  <price>
   824321
  </price>
  <rating>
   4.76
  </rating>
  <reviews>
   6277
  </reviews>
  <exclusive>
   no
  </exclusive>
  <sporty>
   no
  </sporty>
 </clothing>
 <clothing>
  <id>
   768391224
  </id>
  <name>
   Fila Umbrellas V-7272
  </name>
  <category>
   Umbrellas
  </category>
  <size>
   L
  </size>
  <color>
   Синий
  </color>
  <material>
   Нейлон
  </material>
  <price>
   974351
  </price>
  <rating>
   1.07
  </rating>
  <reviews>
   176742
  </reviews>
  <sporty>
   yes
  </sporty>
 </clothing>
 <clothing>
  <id>
   831642801
  </id>
  <name>
   Addidas Umbrellas R-1238
  </name>
  <category>
   Umbrellas
  </category>
  <size>
   S
  </size>
  <color>
   Зеленый
  </color>
  <material>
   Лен
  </material>
  <price>
   732911
  </price>
  <rating>
   3.73
  </rating>
  <reviews>
   904977
  </reviews>
  <new>
   -
  </new>
  <sporty>
   no
  </sporty>
 </clothing>
 <clothing>
  <id>
   804638655
  </id>
  <name>
   Puma Shirt C-5257
  </name>
  <category>
   Shirt
  </category>
  <size>
   XXL
  </size>
  <color>
   Оранжевый
  </color>
  <material>
   Шелк
  </material>
  <price>
   297402
  </price>
  <rating>
   1.19
  </rating>
  <reviews>
   520548
  </reviews>
  <exclusive>
   yes
  </exclusive>
 </clothing>
 <clothing>
  <id>
   650040624
  </id>
  <name>
   New Balance Socks S-3664
  </name>
  <category>
   Socks
  </category>
  <size>
   L
  </size>
  <color>
   Фиолетовый
  </color>
  <material>
   Полиэстер
  </material>
  <price>
   498813
  </price>
  <rating>
   2.71
  </rating>
  <reviews>
   403202
  </reviews>
  <exclusive>
   no
  </exclusive>
 </clothing>
 <clothing>
  <id>
   362132432
  </id>
  <name>
   Brooks Shoes U-1395
  </name>
  <category>
   Shoes
  </category>
  <size>
   XL
  </size>
  <color>
   Фиолетовый
  </color>
  <material>
   Вискоза
  </material>
  <price>
   362024
  </price>
  <rating>
   4.24
  </rating>
  <reviews>
   668862
  </reviews>
  <new>
   -
  </new>
  <sporty>
   no
  </sporty>
 </clothing>
 <clothing>
  <id>
   354168581
  </id>
  <name>
   Adidas Socks S-8797
  </name>
  <category>
   Socks
  </category>
  <size>
   XXL
  </size>
  <color>
   Желтый
  </color>
  <material>
   Шерсть
  </material>
  <price>
   460910
  </price>
  <rating>
   3.82
  </rating>
  <reviews>
   642470
  </reviews>
  <new>
   -
  </new>
  <exclusive>
   no
  </exclusive>
 </clothing>
 <clothing>
  <id>
   673628076
  </id>
  <name>
   Puma Jeans U-5341
  </name>
  <category>
   Jeans
  </category>
  <size>
   L
  </size>
  <color>
   Голубой
  </color>
  <material>
   Лен
  </material>
  <price>
   754640
  </price>
  <rating>
   3.7
  </rating>
  <reviews>
   120348
  </reviews>
  <exclusive>
   no
  </exclusive>
 </clothing>
 <clothing>
  <id>
   187552354
  </id>
  <name>
   Puma Sweater C-7712
  </name>
  <category>
   Sweater
  </category>
  <size>
   S
  </size>
  <color>
   Синий
  </color>
  <material>
   Полиэстер
  </material>
  <price>
   841361
  </price>
  <rating>
   1.89
  </rating>
  <reviews>
   414198
  </reviews>
  <sporty>
   no
  </sporty>
 </clothing>
 <clothing>
  <id>
   329661041
  </id>
  <name>
   Vans Socks U-2561
  </name>
  <category>
   Socks
  </category>
  <size>
   S
  </size>
  <color>
   Красный
  </color>
  <material>
   Лен
  </material>
  <price>
   546133
  </price>
  <rating>
   3.52
  </rating>
  <reviews>
   519228
  </reviews>
 </clothing>
 <clothing>
  <id>
   439460294
  </id>
  <name>
   Converse Handbags T-9550
  </name>
  <category>
   Handbags
  </category>
  <size>
   S
  </size>
  <color>
   Желтый
  </color>
  <material>
   Лен
  </material>
  <price>
   363943
  </price>
  <rating>
   2.83
  </rating>
  <reviews>
   389594
  </reviews>
  <new>
   -
  </new>
  <exclusive>
   yes
  </exclusive>
  <sporty>
   no
  </sporty>
 </clothing>
 <clothing>
  <id>
   769269860
  </id>
  <name>
   PleinSport Jeans G-9343
  </name>
  <category>
   Jeans
  </category>
  <size>
   XL
  </size>
  <color>
   Синий
  </color>
  <material>
   Шелк
  </material>
  <price>
   400974
  </price>
  <rating>
   4.56
  </rating>
  <reviews>
   193349
  </reviews>
  <new>
   -
  </new>
  <exclusive>
   yes
  </exclusive>
 </clothing>
 <clothing>
  <id>
   638195405
  </id>
  <name>
   Converse Shoes F-3910
  </name>
  <category>
   Shoes
  </category>
  <size>
   S
  </size>
  <color>
   Красный
  </color>
  <material>
   Хлопок
  </material>
  <price>
   391026
  </price>
  <rating>
   4.36
  </rating>
  <reviews>
   894892
  </reviews>
 </clothing>
</clothing-items>
