<?xml version="1.0" encoding="utf-8"?>
<clothing-items>
 <clothing>
  <id>
   944047742
  </id>
  <name>
   Reebok Blouse R-2755
  </name>
  <category>
   Blouse
  </category>
  <size>
   XL
  </size>
  <color>
   Синий
  </color>
  <material>
   Вискоза
  </material>
  <price>
   216114
  </price>
  <rating>
   2.1
  </rating>
  <reviews>
   937149
  </reviews>
  <new>
   -
  </new>
 </clothing>
 <clothing>
  <id>
   642442284
  </id>
  <name>
   DC Handbags O-1201
  </name>
  <category>
   Handbags
  </category>
  <size>
   XXL
  </size>
  <color>
   Оранжевый
  </color>
  <material>
   Кожа
  </material>
  <price>
   528046
  </price>
  <rating>
   2.81
  </rating>
  <reviews>
   864836
  </reviews>
  <new>
   -
  </new>
  <sporty>
   yes
  </sporty>
 </clothing>
 <clothing>
  <id>
   379493540
  </id>
  <name>
   Converse Shoes I-2612
  </name>
  <category>
   Shoes
  </category>
  <size>
   XL
  </size>
  <color>
   Фиолетовый
  </color>
  <material>
   Вискоза
  </material>
  <price>
   975619
  </price>
  <rating>
   3.39
  </rating>
  <reviews>
   871155
  </reviews>
  <new>
   +
  </new>
  <exclusive>
   no
  </exclusive>
 </clothing>
 <clothing>
  <id>
   191697934
  </id>
  <name>
   Converse Shirt W-2530
  </name>
  <category>
   Shirt
  </category>
  <size>
   XXL
  </size>
  <color>
   Красный
  </color>
  <material>
   Шелк
  </material>
  <price>
   997642
  </price>
  <rating>
   1.29
  </rating>
  <reviews>
   350165
  </reviews>
  <new>
   +
  </new>
  <sporty>
   yes
  </sporty>
 </clothing>
 <clothing>
  <id>
   727241842
  </id>
  <name>
   Under Armour Hat Z-4543
  </name>
  <category>
   Hat
  </category>
  <size>
   XL
  </size>
  <color>
   Фиолетовый
  </color>
  <material>
   Шерсть
  </material>
  <price>
   934499
  </price>
  <rating>
   4.46
  </rating>
  <reviews>
   120725
  </reviews>
  <new>
   -
  </new>
  <exclusive>
   no
  </exclusive>
 </clothing>
 <clothing>
  <id>
   281550421
  </id>
  <name>
   Converse T-shirt O-1246
  </name>
  <category>
   T-shirt
  </category>
  <size>
   L
  </size>
  <color>
   Оранжевый
  </color>
  <material>
   Хлопок
  </material>
  <price>
   969082
  </price>
  <rating>
   4.94
  </rating>
  <reviews>
   51717
  </reviews>
 </clothing>
 <clothing>
  <id>
   423419467
  </id>
  <name>
   Vans Handbags T-1548
  </name>
  <category>
   Handbags
  </category>
  <size>
   XL
  </size>
  <color>
   Оранжевый
  </color>
  <material>
   Хлопок
  </material>
  <price>
   625291
  </price>
  <rating>
   1.47
  </rating>
  <reviews>
   453643
  </reviews>
  <new>
   -
  </new>
  <exclusive>
   no
  </exclusive>
  <sporty>
   no
  </sporty>
 </clothing>
 <clothing>
  <id>
   801121180
  </id>
  <name>
   Fila Handbags S-3067
  </name>
  <category>
   Handbags
  </category>
  <size>
   L
  </size>
  <color>
   Голубой
  </color>
  <material>
   Шерсть
  </material>
  <price>
   207940
  </price>
  <rating>
   1.33
  </rating>
  <reviews>
   661884
  </reviews>
  <exclusive>
   no
  </exclusive>
 </clothing>
 <clothing>
  <id>
   432003890
  </id>
  <name>
   Ellesse Skirt P-1851
  </name>
  <category>
   Skirt
  </category>
  <size>
   M
  </size>
  <color>
   Оранжевый
  </color>
  <material>
   Хлопок
  </material>
  <price>
   321219
  </price>
  <rating>
   4.16
  </rating>
  <reviews>
   243037
  </reviews>
  <new>
   +
  </new>
  <exclusive>
   no
  </exclusive>
  <sporty>
   yes
  </sporty>
 </clothing>
 <clothing>
  <id>
   667541619
  </id>
  <name>
   Adidas Handbags N-3731
  </name>
  <category>
   Handbags
  </category>
  <size>
   M
  </size>
  <color>
   Оранжевый
  </color>
  <material>
   Лен
  </material>
  <price>
   706110
  </price>
  <rating>
   3.24
  </rating>
  <reviews>
   172933
  </reviews>
  <new>
   +
  </new>
 </clothing>
 <clothing>
  <id>
   495305175
  </id>
  <name>
   Fila Belts G-6401
  </name>
  <category>
   Belts
  </category>
  <size>
   L
  </size>
  <color>
   Желтый
  </color>
  <material>
   Хлопок
  </material>
  <price>
   492406
  </price>
  <rating>
   1.88
  </rating>
  <reviews>
   21716
  </reviews>
 </clothing>
 <clothing>
  <id>
   766100731
  </id>
  <name>
   Under Armour Jeans H-6297
  </name>
  <category>
   Jeans
  </category>
  <size>
   M
  </size>
  <color>
   Фиолетовый
  </color>
  <material>
   Хлопок
  </material>
  <price>
   168032
  </price>
  <rating>
   2.95
  </rating>
  <reviews>
   492783
  </reviews>
  <new>
   +
  </new>
  <sporty>
   no
  </sporty>
 </clothing>
</clothing-items>
