<?xml version="1.0" encoding="utf-8"?>
<clothing-items>
 <clothing>
  <id>
   825850327
  </id>
  <name>
   PleinSport Dress A-9136
  </name>
  <category>
   Dress
  </category>
  <size>
   XXL
  </size>
  <color>
   Голубой
  </color>
  <material>
   Лен
  </material>
  <price>
   347448
  </price>
  <rating>
   4.45
  </rating>
  <reviews>
   651429
  </reviews>
  <new>
   -
  </new>
 </clothing>
 <clothing>
  <id>
   605706287
  </id>
  <name>
   Lacoste Jeans P-8720
  </name>
  <category>
   Jeans
  </category>
  <size>
   XL
  </size>
  <color>
   Оранжевый
  </color>
  <material>
   Нейлон
  </material>
  <price>
   210420
  </price>
  <rating>
   4.69
  </rating>
  <reviews>
   942288
  </reviews>
  <exclusive>
   yes
  </exclusive>
 </clothing>
 <clothing>
  <id>
   136303952
  </id>
  <name>
   Addidas Pants H-4966
  </name>
  <category>
   Pants
  </category>
  <size>
   XL
  </size>
  <color>
   Фиолетовый
  </color>
  <material>
   Хлопок
  </material>
  <price>
   898194
  </price>
  <rating>
   1.76
  </rating>
  <reviews>
   874616
  </reviews>
  <exclusive>
   no
  </exclusive>
  <sporty>
   yes
  </sporty>
 </clothing>
 <clothing>
  <id>
   719332462
  </id>
  <name>
   Addidas Socks O-4576
  </name>
  <category>
   Socks
  </category>
  <size>
   L
  </size>
  <color>
   Голубой
  </color>
  <material>
   Полиэстер
  </material>
  <price>
   463939
  </price>
  <rating>
   1.56
  </rating>
  <reviews>
   219727
  </reviews>
  <new>
   +
  </new>
  <exclusive>
   yes
  </exclusive>
  <sporty>
   no
  </sporty>
 </clothing>
 <clothing>
  <id>
   194483569
  </id>
  <name>
   Brooks Gloves G-1598
  </name>
  <category>
   Gloves
  </category>
  <size>
   XXL
  </size>
  <color>
   Зеленый
  </color>
  <material>
   Нейлон
  </material>
  <price>
   212588
  </price>
  <rating>
   2.31
  </rating>
  <reviews>
   172453
  </reviews>
  <sporty>
   yes
  </sporty>
 </clothing>
 <clothing>
  <id>
   899602128
  </id>
  <name>
   Adidas Shoes O-1060
  </name>
  <category>
   Shoes
  </category>
  <size>
   L
  </size>
  <color>
   Фиолетовый
  </color>
  <material>
   Кожа
  </material>
  <price>
   253836
  </price>
  <rating>
   2.04
  </rating>
  <reviews>
   508255
  </reviews>
  <new>
   -
  </new>
  <sporty>
   yes
  </sporty>
 </clothing>
 <clothing>
  <id>
   482177626
  </id>
  <name>
   Asics Blouse Y-3864
  </name>
  <category>
   Blouse
  </category>
  <size>
   M
  </size>
  <color>
   Фиолетовый
  </color>
  <material>
   Полиэстер
  </material>
  <price>
   719862
  </price>
  <rating>
   4.61
  </rating>
  <reviews>
   504787
  </reviews>
  <exclusive>
   yes
  </exclusive>
  <sporty>
   no
  </sporty>
 </clothing>
 <clothing>
  <id>
   780271527
  </id>
  <name>
   Asics Blouse J-1737
  </name>
  <category>
   Blouse
  </category>
  <size>
   XL
  </size>
  <color>
   Желтый
  </color>
  <material>
   Хлопок
  </material>
  <price>
   713669
  </price>
  <rating>
   3.65
  </rating>
  <reviews>
   808136
  </reviews>
  <new>
   +
  </new>
 </clothing>
 <clothing>
  <id>
   802894199
  </id>
  <name>
   PleinSport Skirt Q-9548
  </name>
  <category>
   Skirt
  </category>
  <size>
   XXL
  </size>
  <color>
   Зеленый
  </color>
  <material>
   Шерсть
  </material>
  <price>
   496398
  </price>
  <rating>
   4.44
  </rating>
  <reviews>
   609717
  </reviews>
  <exclusive>
   no
  </exclusive>
  <sporty>
   yes
  </sporty>
 </clothing>
 <clothing>
  <id>
   790761729
  </id>
  <name>
   Adidas Shoes O-1491
  </name>
  <category>
   Shoes
  </category>
  <size>
   L
  </size>
  <color>
   Синий
  </color>
  <material>
   Нейлон
  </material>
  <price>
   895953
  </price>
  <rating>
   4.2
  </rating>
  <reviews>
   142782
  </reviews>
  <sporty>
   no
  </sporty>
 </clothing>
 <clothing>
  <id>
   362826290
  </id>
  <name>
   Brooks Sweater G-7506
  </name>
  <category>
   Sweater
  </category>
  <size>
   S
  </size>
  <color>
   Красный
  </color>
  <material>
   Лен
  </material>
  <price>
   477488
  </price>
  <rating>
   1.24
  </rating>
  <reviews>
   262055
  </reviews>
  <new>
   -
  </new>
 </clothing>
 <clothing>
  <id>
   796344522
  </id>
  <name>
   DC Handbags B-4273
  </name>
  <category>
   Handbags
  </category>
  <size>
   XXL
  </size>
  <color>
   Красный
  </color>
  <material>
   Хлопок
  </material>
  <price>
   973433
  </price>
  <rating>
   1.72
  </rating>
  <reviews>
   594463
  </reviews>
  <new>
   -
  </new>
  <exclusive>
   no
  </exclusive>
 </clothing>
 <clothing>
  <id>
   805487724
  </id>
  <name>
   Fila Belts C-5407
  </name>
  <category>
   Belts
  </category>
  <size>
   XL
  </size>
  <color>
   Оранжевый
  </color>
  <material>
   Нейлон
  </material>
  <price>
   877865
  </price>
  <rating>
   2.08
  </rating>
  <reviews>
   547616
  </reviews>
  <new>
   -
  </new>
 </clothing>
 <clothing>
  <id>
   345633804
  </id>
  <name>
   Converse Sweater P-6137
  </name>
  <category>
   Sweater
  </category>
  <size>
   M
  </size>
  <color>
   Красный
  </color>
  <material>
   Вискоза
  </material>
  <price>
   774631
  </price>
  <rating>
   1.37
  </rating>
  <reviews>
   234724
  </reviews>
  <new>
   -
  </new>
  <exclusive>
   yes
  </exclusive>
  <sporty>
   yes
  </sporty>
 </clothing>
 <clothing>
  <id>
   274929249
  </id>
  <name>
   Fila Umbrellas T-6495
  </name>
  <category>
   Umbrellas
  </category>
  <size>
   XXL
  </size>
  <color>
   Синий
  </color>
  <material>
   Шелк
  </material>
  <price>
   525170
  </price>
  <rating>
   4.52
  </rating>
  <reviews>
   409956
  </reviews>
  <new>
   +
  </new>
  <exclusive>
   no
  </exclusive>
  <sporty>
   no
  </sporty>
 </clothing>
 <clothing>
  <id>
   990574497
  </id>
  <name>
   Converse Pants K-2951
  </name>
  <category>
   Pants
  </category>
  <size>
   S
  </size>
  <color>
   Синий
  </color>
  <material>
   Вискоза
  </material>
  <price>
   369973
  </price>
  <rating>
   2.28
  </rating>
  <reviews>
   30623
  </reviews>
 </clothing>
 <clothing>
  <id>
   656647951
  </id>
  <name>
   Adidas Shoes G-1762
  </name>
  <category>
   Shoes
  </category>
  <size>
   XXL
  </size>
  <color>
   Голубой
  </color>
  <material>
   Нейлон
  </material>
  <price>
   677660
  </price>
  <rating>
   1.6
  </rating>
  <reviews>
   250236
  </reviews>
  <exclusive>
   no
  </exclusive>
  <sporty>
   no
  </sporty>
 </clothing>
 <clothing>
  <id>
   691584808
  </id>
  <name>
   Converse Dress S-5444
  </name>
  <category>
   Dress
  </category>
  <size>
   S
  </size>
  <color>
   Голубой
  </color>
  <material>
   Хлопок
  </material>
  <price>
   796780
  </price>
  <rating>
   1.91
  </rating>
  <reviews>
   262191
  </reviews>
  <new>
   -
  </new>
  <exclusive>
   yes
  </exclusive>
 </clothing>
 <clothing>
  <id>
   755178239
  </id>
  <name>
   Fila Jacket H-9880
  </name>
  <category>
   Jacket
  </category>
  <size>
   L
  </size>
  <color>
   Зеленый
  </color>
  <material>
   Кожа
  </material>
  <price>
   716167
  </price>
  <rating>
   1.22
  </rating>
  <reviews>
   64706
  </reviews>
  <exclusive>
   yes
  </exclusive>
 </clothing>
 <clothing>
  <id>
   429559598
  </id>
  <name>
   DC T-shirt R-8809
  </name>
  <category>
   T-shirt
  </category>
  <size>
   XXL
  </size>
  <color>
   Желтый
  </color>
  <material>
   Шерсть
  </material>
  <price>
   611714
  </price>
  <rating>
   1.1
  </rating>
  <reviews>
   47848
  </reviews>
  <new>
   +
  </new>
  <exclusive>
   yes
  </exclusive>
 </clothing>
 <clothing>
  <id>
   253918007
  </id>
  <name>
   Ellesse Blouse H-2210
  </name>
  <category>
   Blouse
  </category>
  <size>
   M
  </size>
  <color>
   Фиолетовый
  </color>
  <material>
   Полиэстер
  </material>
  <price>
   439090
  </price>
  <rating>
   3.48
  </rating>
  <reviews>
   87618
  </reviews>
  <new>
   -
  </new>
  <exclusive>
   no
  </exclusive>
  <sporty>
   no
  </sporty>
 </clothing>
 <clothing>
  <id>
   446796488
  </id>
  <name>
   Converse Sweater R-7320
  </name>
  <category>
   Sweater
  </category>
  <size>
   XL
  </size>
  <color>
   Синий
  </color>
  <material>
   Кожа
  </material>
  <price>
   283422
  </price>
  <rating>
   3.53
  </rating>
  <reviews>
   45058
  </reviews>
  <new>
   -
  </new>
  <exclusive>
   no
  </exclusive>
 </clothing>
 <clothing>
  <id>
   355093392
  </id>
  <name>
   New Balance Umbrellas T-9237
  </name>
  <category>
   Umbrellas
  </category>
  <size>
   L
  </size>
  <color>
   Синий
  </color>
  <material>
   Нейлон
  </material>
  <price>
   248119
  </price>
  <rating>
   1.64
  </rating>
  <reviews>
   25781
  </reviews>
  <exclusive>
   no
  </exclusive>
  <sporty>
   no
  </sporty>
 </clothing>
 <clothing>
  <id>
   104830601
  </id>
  <name>
   Adidas Belts R-3203
  </name>
  <category>
   Belts
  </category>
  <size>
   M
  </size>
  <color>
   Желтый
  </color>
  <material>
   Кожа
  </material>
  <price>
   785597
  </price>
  <rating>
   2.41
  </rating>
  <reviews>
   199587
  </reviews>
  <new>
   -
  </new>
  <exclusive>
   no
  </exclusive>
  <sporty>
   yes
  </sporty>
 </clothing>
 <clothing>
  <id>
   249644099
  </id>
  <name>
   Addidas Handbags P-4437
  </name>
  <category>
   Handbags
  </category>
  <size>
   L
  </size>
  <color>
   Голубой
  </color>
  <material>
   Шелк
  </material>
  <price>
   300719
  </price>
  <rating>
   3.91
  </rating>
  <reviews>
   73749
  </reviews>
  <exclusive>
   yes
  </exclusive>
 </clothing>
 <clothing>
  <id>
   256748730
  </id>
  <name>
   Converse Gloves O-5930
  </name>
  <category>
   Gloves
  </category>
  <size>
   S
  </size>
  <color>
   Фиолетовый
  </color>
  <material>
   Полиэстер
  </material>
  <price>
   128238
  </price>
  <rating>
   4.08
  </rating>
  <reviews>
   977597
  </reviews>
  <new>
   +
  </new>
  <exclusive>
   no
  </exclusive>
  <sporty>
   yes
  </sporty>
 </clothing>
 <clothing>
  <id>
   130394541
  </id>
  <name>
   Asics Jacket V-7832
  </name>
  <category>
   Jacket
  </category>
  <size>
   XXL
  </size>
  <color>
   Зеленый
  </color>
  <material>
   Вискоза
  </material>
  <price>
   456212
  </price>
  <rating>
   2.57
  </rating>
  <reviews>
   344797
  </reviews>
  <exclusive>
   yes
  </exclusive>
  <sporty>
   yes
  </sporty>
 </clothing>
 <clothing>
  <id>
   193516109
  </id>
  <name>
   DC Sweater S-5866
  </name>
  <category>
   Sweater
  </category>
  <size>
   L
  </size>
  <color>
   Синий
  </color>
  <material>
   Полиэстер
  </material>
  <price>
   587348
  </price>
  <rating>
   2.02
  </rating>
  <reviews>
   499327
  </reviews>
  <exclusive>
   yes
  </exclusive>
 </clothing>
 <clothing>
  <id>
   723291736
  </id>
  <name>
   Vans Belts K-4882
  </name>
  <category>
   Belts
  </category>
  <size>
   XXL
  </size>
  <color>
   Красный
  </color>
  <material>
   Хлопок
  </material>
  <price>
   810733
  </price>
  <rating>
   4.44
  </rating>
  <reviews>
   835082
  </reviews>
  <new>
   +
  </new>
  <exclusive>
   no
  </exclusive>
 </clothing>
 <clothing>
  <id>
   337480057
  </id>
  <name>
   Fila Jeans V-5438
  </name>
  <category>
   Jeans
  </category>
  <size>
   S
  </size>
  <color>
   Синий
  </color>
  <material>
   Шелк
  </material>
  <price>
   746046
  </price>
  <rating>
   2.07
  </rating>
  <reviews>
   794341
  </reviews>
  <sporty>
   no
  </sporty>
 </clothing>
 <clothing>
  <id>
   298464715
  </id>
  <name>
   Nike Belts D-4316
  </name>
  <category>
   Belts
  </category>
  <size>
   M
  </size>
  <color>
   Синий
  </color>
  <material>
   Шелк
  </material>
  <price>
   331022
  </price>
  <rating>
   3.68
  </rating>
  <reviews>
   676959
  </reviews>
  <new>
   -
  </new>
  <exclusive>
   no
  </exclusive>
  <sporty>
   yes
  </sporty>
 </clothing>
 <clothing>
  <id>
   602724436
  </id>
  <name>
   Brooks Shoes S-3193
  </name>
  <category>
   Shoes
  </category>
  <size>
   L
  </size>
  <color>
   Желтый
  </color>
  <material>
   Лен
  </material>
  <price>
   449799
  </price>
  <rating>
   4.95
  </rating>
  <reviews>
   768545
  </reviews>
  <exclusive>
   no
  </exclusive>
  <sporty>
   no
  </sporty>
 </clothing>
 <clothing>
  <id>
   386627560
  </id>
  <name>
   Brooks Handbags D-7258
  </name>
  <category>
   Handbags
  </category>
  <size>
   XXL
  </size>
  <color>
   Красный
  </color>
  <material>
   Лен
  </material>
  <price>
   215441
  </price>
  <rating>
   2.16
  </rating>
  <reviews>
   868122
  </reviews>
  <exclusive>
   yes
  </exclusive>
  <sporty>
   yes
  </sporty>
 </clothing>
 <clothing>
  <id>
   693013229
  </id>
  <name>
   PleinSport Sweater V-3451
  </name>
  <category>
   Sweater
  </category>
  <size>
   M
  </size>
  <color>
   Желтый
  </color>
  <material>
   Вискоза
  </material>
  <price>
   843454
  </price>
  <rating>
   2.54
  </rating>
  <reviews>
   583772
  </reviews>
  <new>
   -
  </new>
 </clothing>
 <clothing>
  <id>
   661407930
  </id>
  <name>
   Nike Hat R-2427
  </name>
  <category>
   Hat
  </category>
  <size>
   XL
  </size>
  <color>
   Красный
  </color>
  <material>
   Шерсть
  </material>
  <price>
   316704
  </price>
  <rating>
   1.49
  </rating>
  <reviews>
   973161
  </reviews>
  <new>
   +
  </new>
  <exclusive>
   no
  </exclusive>
  <sporty>
   yes
  </sporty>
 </clothing>
</clothing-items>
