<?xml version="1.0" encoding="utf-8"?>
<clothing-items>
 <clothing>
  <id>
   581221707
  </id>
  <name>
   New Balance Jacket X-5662
  </name>
  <category>
   Jacket
  </category>
  <size>
   L
  </size>
  <color>
   Желтый
  </color>
  <material>
   Лен
  </material>
  <price>
   770102
  </price>
  <rating>
   4.6
  </rating>
  <reviews>
   169114
  </reviews>
  <new>
   +
  </new>
  <exclusive>
   no
  </exclusive>
  <sporty>
   no
  </sporty>
 </clothing>
 <clothing>
  <id>
   111674902
  </id>
  <name>
   Asics Dress O-9476
  </name>
  <category>
   Dress
  </category>
  <size>
   L
  </size>
  <color>
   Синий
  </color>
  <material>
   Хлопок
  </material>
  <price>
   748383
  </price>
  <rating>
   2.96
  </rating>
  <reviews>
   395267
  </reviews>
  <new>
   +
  </new>
  <exclusive>
   no
  </exclusive>
  <sporty>
   no
  </sporty>
 </clothing>
 <clothing>
  <id>
   393612942
  </id>
  <name>
   DC Jacket G-2995
  </name>
  <category>
   Jacket
  </category>
  <size>
   M
  </size>
  <color>
   Синий
  </color>
  <material>
   Шерсть
  </material>
  <price>
   988988
  </price>
  <rating>
   2.33
  </rating>
  <reviews>
   177207
  </reviews>
  <new>
   -
  </new>
  <exclusive>
   no
  </exclusive>
  <sporty>
   yes
  </sporty>
 </clothing>
 <clothing>
  <id>
   717162965
  </id>
  <name>
   Puma Belts V-1414
  </name>
  <category>
   Belts
  </category>
  <size>
   L
  </size>
  <color>
   Голубой
  </color>
  <material>
   Полиэстер
  </material>
  <price>
   953486
  </price>
  <rating>
   4.54
  </rating>
  <reviews>
   266626
  </reviews>
  <new>
   -
  </new>
  <exclusive>
   yes
  </exclusive>
  <sporty>
   no
  </sporty>
 </clothing>
 <clothing>
  <id>
   836445268
  </id>
  <name>
   DC T-shirt T-7871
  </name>
  <category>
   T-shirt
  </category>
  <size>
   M
  </size>
  <color>
   Красный
  </color>
  <material>
   Лен
  </material>
  <price>
   618222
  </price>
  <rating>
   3.44
  </rating>
  <reviews>
   451829
  </reviews>
  <new>
   -
  </new>
  <exclusive>
   no
  </exclusive>
 </clothing>
 <clothing>
  <id>
   997568547
  </id>
  <name>
   Converse Blouse W-4044
  </name>
  <category>
   Blouse
  </category>
  <size>
   L
  </size>
  <color>
   Фиолетовый
  </color>
  <material>
   Вискоза
  </material>
  <price>
   437137
  </price>
  <rating>
   4.3
  </rating>
  <reviews>
   917445
  </reviews>
  <new>
   +
  </new>
 </clothing>
 <clothing>
  <id>
   394761170
  </id>
  <name>
   Lacoste Jeans D-7620
  </name>
  <category>
   Jeans
  </category>
  <size>
   L
  </size>
  <color>
   Оранжевый
  </color>
  <material>
   Нейлон
  </material>
  <price>
   499541
  </price>
  <rating>
   1.16
  </rating>
  <reviews>
   373465
  </reviews>
  <new>
   +
  </new>
  <sporty>
   no
  </sporty>
 </clothing>
 <clothing>
  <id>
   412807914
  </id>
  <name>
   Addidas Socks E-3267
  </name>
  <category>
   Socks
  </category>
  <size>
   L
  </size>
  <color>
   Желтый
  </color>
  <material>
   Вискоза
  </material>
  <price>
   602582
  </price>
  <rating>
   3.49
  </rating>
  <reviews>
   670485
  </reviews>
  <new>
   -
  </new>
  <exclusive>
   no
  </exclusive>
  <sporty>
   yes
  </sporty>
 </clothing>
 <clothing>
  <id>
   170587823
  </id>
  <name>
   Adidas Umbrellas A-6343
  </name>
  <category>
   Umbrellas
  </category>
  <size>
   XL
  </size>
  <color>
   Зеленый
  </color>
  <material>
   Шелк
  </material>
  <price>
   933933
  </price>
  <rating>
   1.88
  </rating>
  <reviews>
   81608
  </reviews>
  <new>
   +
  </new>
  <sporty>
   yes
  </sporty>
 </clothing>
 <clothing>
  <id>
   177583104
  </id>
  <name>
   Fila Umbrellas F-1855
  </name>
  <category>
   Umbrellas
  </category>
  <size>
   L
  </size>
  <color>
   Фиолетовый
  </color>
  <material>
   Шерсть
  </material>
  <price>
   669862
  </price>
  <rating>
   4.29
  </rating>
  <reviews>
   355139
  </reviews>
  <sporty>
   no
  </sporty>
 </clothing>
 <clothing>
  <id>
   413492295
  </id>
  <name>
   Ellesse Gloves P-5752
  </name>
  <category>
   Gloves
  </category>
  <size>
   S
  </size>
  <color>
   Синий
  </color>
  <material>
   Шелк
  </material>
  <price>
   915140
  </price>
  <rating>
   4.15
  </rating>
  <reviews>
   17451
  </reviews>
  <new>
   +
  </new>
  <exclusive>
   no
  </exclusive>
  <sporty>
   no
  </sporty>
 </clothing>
 <clothing>
  <id>
   709560245
  </id>
  <name>
   New Balance Jeans U-1603
  </name>
  <category>
   Jeans
  </category>
  <size>
   XXL
  </size>
  <color>
   Красный
  </color>
  <material>
   Хлопок
  </material>
  <price>
   186643
  </price>
  <rating>
   2.79
  </rating>
  <reviews>
   241135
  </reviews>
  <exclusive>
   yes
  </exclusive>
  <sporty>
   yes
  </sporty>
 </clothing>
 <clothing>
  <id>
   994251515
  </id>
  <name>
   Ellesse Skirt J-4837
  </name>
  <category>
   Skirt
  </category>
  <size>
   L
  </size>
  <color>
   Желтый
  </color>
  <material>
   Кожа
  </material>
  <price>
   320038
  </price>
  <rating>
   4.74
  </rating>
  <reviews>
   443608
  </reviews>
  <exclusive>
   yes
  </exclusive>
  <sporty>
   yes
  </sporty>
 </clothing>
 <clothing>
  <id>
   399321709
  </id>
  <name>
   Lacoste Sweater N-1357
  </name>
  <category>
   Sweater
  </category>
  <size>
   XXL
  </size>
  <color>
   Синий
  </color>
  <material>
   Шерсть
  </material>
  <price>
   152108
  </price>
  <rating>
   1.65
  </rating>
  <reviews>
   375529
  </reviews>
 </clothing>
 <clothing>
  <id>
   942404047
  </id>
  <name>
   Asics Jacket L-7484
  </name>
  <category>
   Jacket
  </category>
  <size>
   XXL
  </size>
  <color>
   Красный
  </color>
  <material>
   Кожа
  </material>
  <price>
   958259
  </price>
  <rating>
   1.96
  </rating>
  <reviews>
   166464
  </reviews>
 </clothing>
 <clothing>
  <id>
   461744927
  </id>
  <name>
   DC Socks Z-7425
  </name>
  <category>
   Socks
  </category>
  <size>
   S
  </size>
  <color>
   Красный
  </color>
  <material>
   Хлопок
  </material>
  <price>
   941159
  </price>
  <rating>
   1.06
  </rating>
  <reviews>
   4546
  </reviews>
  <new>
   -
  </new>
  <exclusive>
   yes
  </exclusive>
  <sporty>
   no
  </sporty>
 </clothing>
 <clothing>
  <id>
   852510521
  </id>
  <name>
   Brooks Sweater E-2465
  </name>
  <category>
   Sweater
  </category>
  <size>
   M
  </size>
  <color>
   Фиолетовый
  </color>
  <material>
   Полиэстер
  </material>
  <price>
   450433
  </price>
  <rating>
   3.03
  </rating>
  <reviews>
   152141
  </reviews>
  <new>
   -
  </new>
  <exclusive>
   no
  </exclusive>
 </clothing>
 <clothing>
  <id>
   326799495
  </id>
  <name>
   Puma Shoes Y-2077
  </name>
  <category>
   Shoes
  </category>
  <size>
   XL
  </size>
  <color>
   Зеленый
  </color>
  <material>
   Нейлон
  </material>
  <price>
   457166
  </price>
  <rating>
   1.81
  </rating>
  <reviews>
   896606
  </reviews>
  <new>
   -
  </new>
  <exclusive>
   no
  </exclusive>
  <sporty>
   yes
  </sporty>
 </clothing>
 <clothing>
  <id>
   908012394
  </id>
  <name>
   Nike Jeans L-1323
  </name>
  <category>
   Jeans
  </category>
  <size>
   M
  </size>
  <color>
   Фиолетовый
  </color>
  <material>
   Нейлон
  </material>
  <price>
   366528
  </price>
  <rating>
   2.65
  </rating>
  <reviews>
   412403
  </reviews>
  <new>
   -
  </new>
 </clothing>
 <clothing>
  <id>
   182251786
  </id>
  <name>
   Brooks Belts A-1305
  </name>
  <category>
   Belts
  </category>
  <size>
   S
  </size>
  <color>
   Красный
  </color>
  <material>
   Кожа
  </material>
  <price>
   699209
  </price>
  <rating>
   4.76
  </rating>
  <reviews>
   962261
  </reviews>
  <sporty>
   yes
  </sporty>
 </clothing>
 <clothing>
  <id>
   274207699
  </id>
  <name>
   Converse Umbrellas K-2052
  </name>
  <category>
   Umbrellas
  </category>
  <size>
   XL
  </size>
  <color>
   Красный
  </color>
  <material>
   Шелк
  </material>
  <price>
   808314
  </price>
  <rating>
   3.1
  </rating>
  <reviews>
   693290
  </reviews>
  <new>
   -
  </new>
  <sporty>
   no
  </sporty>
 </clothing>
 <clothing>
  <id>
   504544789
  </id>
  <name>
   DC Hat R-7334
  </name>
  <category>
   Hat
  </category>
  <size>
   XL
  </size>
  <color>
   Зеленый
  </color>
  <material>
   Шелк
  </material>
  <price>
   885991
  </price>
  <rating>
   3.27
  </rating>
  <reviews>
   740074
  </reviews>
  <exclusive>
   yes
  </exclusive>
  <sporty>
   no
  </sporty>
 </clothing>
</clothing-items>
