<?xml version="1.0" encoding="utf-8"?>
<clothing-items>
 <clothing>
  <id>
   570770845
  </id>
  <name>
   New Balance Umbrellas L-9343
  </name>
  <category>
   Umbrellas
  </category>
  <size>
   S
  </size>
  <color>
   Голубой
  </color>
  <material>
   Вискоза
  </material>
  <price>
   921989
  </price>
  <rating>
   2.07
  </rating>
  <reviews>
   438443
  </reviews>
  <exclusive>
   no
  </exclusive>
  <sporty>
   no
  </sporty>
 </clothing>
 <clothing>
  <id>
   508230188
  </id>
  <name>
   Under Armour Skirt W-5629
  </name>
  <category>
   Skirt
  </category>
  <size>
   S
  </size>
  <color>
   Фиолетовый
  </color>
  <material>
   Шерсть
  </material>
  <price>
   136087
  </price>
  <rating>
   3.18
  </rating>
  <reviews>
   155579
  </reviews>
  <new>
   +
  </new>
 </clothing>
 <clothing>
  <id>
   552023731
  </id>
  <name>
   Under Armour Shirt Y-9845
  </name>
  <category>
   Shirt
  </category>
  <size>
   M
  </size>
  <color>
   Красный
  </color>
  <material>
   Вискоза
  </material>
  <price>
   495785
  </price>
  <rating>
   2.66
  </rating>
  <reviews>
   778345
  </reviews>
  <new>
   -
  </new>
  <exclusive>
   yes
  </exclusive>
  <sporty>
   no
  </sporty>
 </clothing>
 <clothing>
  <id>
   796089301
  </id>
  <name>
   Lacoste Shoes P-2053
  </name>
  <category>
   Shoes
  </category>
  <size>
   XL
  </size>
  <color>
   Зеленый
  </color>
  <material>
   Хлопок
  </material>
  <price>
   428815
  </price>
  <rating>
   2.33
  </rating>
  <reviews>
   576372
  </reviews>
  <new>
   +
  </new>
  <exclusive>
   no
  </exclusive>
 </clothing>
 <clothing>
  <id>
   376439247
  </id>
  <name>
   Converse Sweater T-3771
  </name>
  <category>
   Sweater
  </category>
  <size>
   L
  </size>
  <color>
   Желтый
  </color>
  <material>
   Кожа
  </material>
  <price>
   188735
  </price>
  <rating>
   1.63
  </rating>
  <reviews>
   701380
  </reviews>
  <exclusive>
   yes
  </exclusive>
 </clothing>
 <clothing>
  <id>
   127010047
  </id>
  <name>
   Fila Skirt S-7632
  </name>
  <category>
   Skirt
  </category>
  <size>
   XXL
  </size>
  <color>
   Желтый
  </color>
  <material>
   Лен
  </material>
  <price>
   729713
  </price>
  <rating>
   3.37
  </rating>
  <reviews>
   66367
  </reviews>
  <exclusive>
   no
  </exclusive>
 </clothing>
 <clothing>
  <id>
   337109259
  </id>
  <name>
   Nike Belts Y-2563
  </name>
  <category>
   Belts
  </category>
  <size>
   S
  </size>
  <color>
   Желтый
  </color>
  <material>
   Кожа
  </material>
  <price>
   147610
  </price>
  <rating>
   2.3
  </rating>
  <reviews>
   143274
  </reviews>
  <exclusive>
   no
  </exclusive>
  <sporty>
   no
  </sporty>
 </clothing>
 <clothing>
  <id>
   702248411
  </id>
  <name>
   Reebok Umbrellas T-5236
  </name>
  <category>
   Umbrellas
  </category>
  <size>
   L
  </size>
  <color>
   Голубой
  </color>
  <material>
   Хлопок
  </material>
  <price>
   873540
  </price>
  <rating>
   4.92
  </rating>
  <reviews>
   788024
  </reviews>
  <new>
   +
  </new>
  <sporty>
   no
  </sporty>
 </clothing>
 <clothing>
  <id>
   817989608
  </id>
  <name>
   Puma Gloves F-5829
  </name>
  <category>
   Gloves
  </category>
  <size>
   M
  </size>
  <color>
   Красный
  </color>
  <material>
   Вискоза
  </material>
  <price>
   346096
  </price>
  <rating>
   4.25
  </rating>
  <reviews>
   576537
  </reviews>
  <new>
   -
  </new>
  <exclusive>
   no
  </exclusive>
  <sporty>
   no
  </sporty>
 </clothing>
 <clothing>
  <id>
   949482626
  </id>
  <name>
   Nike Umbrellas E-3986
  </name>
  <category>
   Umbrellas
  </category>
  <size>
   XXL
  </size>
  <color>
   Синий
  </color>
  <material>
   Хлопок
  </material>
  <price>
   683074
  </price>
  <rating>
   3.13
  </rating>
  <reviews>
   391738
  </reviews>
  <exclusive>
   no
  </exclusive>
  <sporty>
   yes
  </sporty>
 </clothing>
 <clothing>
  <id>
   604890764
  </id>
  <name>
   New Balance Gloves U-2966
  </name>
  <category>
   Gloves
  </category>
  <size>
   XXL
  </size>
  <color>
   Желтый
  </color>
  <material>
   Шерсть
  </material>
  <price>
   812567
  </price>
  <rating>
   1.38
  </rating>
  <reviews>
   985952
  </reviews>
  <new>
   +
  </new>
  <exclusive>
   no
  </exclusive>
  <sporty>
   no
  </sporty>
 </clothing>
 <clothing>
  <id>
   682536999
  </id>
  <name>
   Puma Belts J-6268
  </name>
  <category>
   Belts
  </category>
  <size>
   L
  </size>
  <color>
   Оранжевый
  </color>
  <material>
   Нейлон
  </material>
  <price>
   850863
  </price>
  <rating>
   2.66
  </rating>
  <reviews>
   942470
  </reviews>
  <sporty>
   yes
  </sporty>
 </clothing>
 <clothing>
  <id>
   745234932
  </id>
  <name>
   DC T-shirt L-7157
  </name>
  <category>
   T-shirt
  </category>
  <size>
   L
  </size>
  <color>
   Оранжевый
  </color>
  <material>
   Шелк
  </material>
  <price>
   175872
  </price>
  <rating>
   3.27
  </rating>
  <reviews>
   846939
  </reviews>
  <new>
   -
  </new>
  <exclusive>
   no
  </exclusive>
  <sporty>
   no
  </sporty>
 </clothing>
 <clothing>
  <id>
   493357726
  </id>
  <name>
   Fila Gloves K-5203
  </name>
  <category>
   Gloves
  </category>
  <size>
   L
  </size>
  <color>
   Фиолетовый
  </color>
  <material>
   Полиэстер
  </material>
  <price>
   554934
  </price>
  <rating>
   1.91
  </rating>
  <reviews>
   719154
  </reviews>
  <new>
   +
  </new>
  <exclusive>
   yes
  </exclusive>
  <sporty>
   no
  </sporty>
 </clothing>
 <clothing>
  <id>
   948799970
  </id>
  <name>
   Reebok Skirt L-5024
  </name>
  <category>
   Skirt
  </category>
  <size>
   XXL
  </size>
  <color>
   Зеленый
  </color>
  <material>
   Кожа
  </material>
  <price>
   498244
  </price>
  <rating>
   4.88
  </rating>
  <reviews>
   932902
  </reviews>
  <new>
   +
  </new>
 </clothing>
 <clothing>
  <id>
   461757764
  </id>
  <name>
   Asics Belts M-4248
  </name>
  <category>
   Belts
  </category>
  <size>
   M
  </size>
  <color>
   Фиолетовый
  </color>
  <material>
   Нейлон
  </material>
  <price>
   305716
  </price>
  <rating>
   2.61
  </rating>
  <reviews>
   552914
  </reviews>
  <new>
   -
  </new>
  <sporty>
   yes
  </sporty>
 </clothing>
 <clothing>
  <id>
   727571704
  </id>
  <name>
   DC Shirt N-6008
  </name>
  <category>
   Shirt
  </category>
  <size>
   XXL
  </size>
  <color>
   Оранжевый
  </color>
  <material>
   Полиэстер
  </material>
  <price>
   404919
  </price>
  <rating>
   1.96
  </rating>
  <reviews>
   294751
  </reviews>
  <exclusive>
   yes
  </exclusive>
  <sporty>
   no
  </sporty>
 </clothing>
 <clothing>
  <id>
   368675120
  </id>
  <name>
   Asics Umbrellas S-3661
  </name>
  <category>
   Umbrellas
  </category>
  <size>
   XXL
  </size>
  <color>
   Оранжевый
  </color>
  <material>
   Полиэстер
  </material>
  <price>
   567274
  </price>
  <rating>
   1.69
  </rating>
  <reviews>
   647619
  </reviews>
  <exclusive>
   yes
  </exclusive>
 </clothing>
 <clothing>
  <id>
   798328508
  </id>
  <name>
   Lacoste Handbags G-2163
  </name>
  <category>
   Handbags
  </category>
  <size>
   XXL
  </size>
  <color>
   Голубой
  </color>
  <material>
   Полиэстер
  </material>
  <price>
   270391
  </price>
  <rating>
   4.77
  </rating>
  <reviews>
   632077
  </reviews>
  <new>
   -
  </new>
  <exclusive>
   no
  </exclusive>
 </clothing>
 <clothing>
  <id>
   350658969
  </id>
  <name>
   Adidas Blouse L-3244
  </name>
  <category>
   Blouse
  </category>
  <size>
   XXL
  </size>
  <color>
   Зеленый
  </color>
  <material>
   Нейлон
  </material>
  <price>
   720590
  </price>
  <rating>
   3.58
  </rating>
  <reviews>
   967845
  </reviews>
  <new>
   -
  </new>
  <exclusive>
   yes
  </exclusive>
 </clothing>
 <clothing>
  <id>
   907558865
  </id>
  <name>
   PleinSport Dress V-9172
  </name>
  <category>
   Dress
  </category>
  <size>
   S
  </size>
  <color>
   Фиолетовый
  </color>
  <material>
   Шерсть
  </material>
  <price>
   901837
  </price>
  <rating>
   2.02
  </rating>
  <reviews>
   535237
  </reviews>
  <new>
   -
  </new>
 </clothing>
 <clothing>
  <id>
   864422353
  </id>
  <name>
   Converse Jacket S-8311
  </name>
  <category>
   Jacket
  </category>
  <size>
   L
  </size>
  <color>
   Желтый
  </color>
  <material>
   Шелк
  </material>
  <price>
   416021
  </price>
  <rating>
   4.03
  </rating>
  <reviews>
   793781
  </reviews>
  <new>
   +
  </new>
 </clothing>
 <clothing>
  <id>
   312025882
  </id>
  <name>
   Asics Sweater U-8307
  </name>
  <category>
   Sweater
  </category>
  <size>
   M
  </size>
  <color>
   Фиолетовый
  </color>
  <material>
   Нейлон
  </material>
  <price>
   510272
  </price>
  <rating>
   1.32
  </rating>
  <reviews>
   174754
  </reviews>
  <new>
   +
  </new>
  <exclusive>
   no
  </exclusive>
  <sporty>
   no
  </sporty>
 </clothing>
 <clothing>
  <id>
   951665654
  </id>
  <name>
   DC Blouse I-4583
  </name>
  <category>
   Blouse
  </category>
  <size>
   M
  </size>
  <color>
   Желтый
  </color>
  <material>
   Шелк
  </material>
  <price>
   919059
  </price>
  <rating>
   4.93
  </rating>
  <reviews>
   384600
  </reviews>
  <new>
   +
  </new>
  <exclusive>
   no
  </exclusive>
 </clothing>
 <clothing>
  <id>
   651423696
  </id>
  <name>
   Adidas Handbags M-7303
  </name>
  <category>
   Handbags
  </category>
  <size>
   L
  </size>
  <color>
   Красный
  </color>
  <material>
   Шерсть
  </material>
  <price>
   352453
  </price>
  <rating>
   1.78
  </rating>
  <reviews>
   600063
  </reviews>
  <exclusive>
   no
  </exclusive>
  <sporty>
   yes
  </sporty>
 </clothing>
 <clothing>
  <id>
   222110073
  </id>
  <name>
   Brooks Sweater P-8315
  </name>
  <category>
   Sweater
  </category>
  <size>
   M
  </size>
  <color>
   Желтый
  </color>
  <material>
   Хлопок
  </material>
  <price>
   541314
  </price>
  <rating>
   3.43
  </rating>
  <reviews>
   639929
  </reviews>
  <exclusive>
   no
  </exclusive>
  <sporty>
   yes
  </sporty>
 </clothing>
</clothing-items>
