<?xml version="1.0" encoding="utf-8"?>
<clothing-items>
 <clothing>
  <id>
   166887490
  </id>
  <name>
   Brooks Jacket Y-5503
  </name>
  <category>
   Jacket
  </category>
  <size>
   XXL
  </size>
  <color>
   Голубой
  </color>
  <material>
   Кожа
  </material>
  <price>
   935114
  </price>
  <rating>
   1.65
  </rating>
  <reviews>
   321345
  </reviews>
  <new>
   +
  </new>
  <exclusive>
   no
  </exclusive>
 </clothing>
 <clothing>
  <id>
   383277728
  </id>
  <name>
   Lacoste Shoes I-1466
  </name>
  <category>
   Shoes
  </category>
  <size>
   S
  </size>
  <color>
   Красный
  </color>
  <material>
   Кожа
  </material>
  <price>
   165013
  </price>
  <rating>
   1.58
  </rating>
  <reviews>
   31316
  </reviews>
  <new>
   +
  </new>
  <sporty>
   no
  </sporty>
 </clothing>
 <clothing>
  <id>
   650229560
  </id>
  <name>
   Fila Sweater Q-8899
  </name>
  <category>
   Sweater
  </category>
  <size>
   M
  </size>
  <color>
   Синий
  </color>
  <material>
   Полиэстер
  </material>
  <price>
   118123
  </price>
  <rating>
   1.25
  </rating>
  <reviews>
   764040
  </reviews>
  <exclusive>
   yes
  </exclusive>
  <sporty>
   yes
  </sporty>
 </clothing>
 <clothing>
  <id>
   314708724
  </id>
  <name>
   Lacoste Belts P-7656
  </name>
  <category>
   Belts
  </category>
  <size>
   L
  </size>
  <color>
   Желтый
  </color>
  <material>
   Нейлон
  </material>
  <price>
   977697
  </price>
  <rating>
   1.48
  </rating>
  <reviews>
   450287
  </reviews>
  <new>
   +
  </new>
  <sporty>
   no
  </sporty>
 </clothing>
 <clothing>
  <id>
   246436751
  </id>
  <name>
   PleinSport Dress R-8701
  </name>
  <category>
   Dress
  </category>
  <size>
   XL
  </size>
  <color>
   Синий
  </color>
  <material>
   Вискоза
  </material>
  <price>
   311400
  </price>
  <rating>
   4.92
  </rating>
  <reviews>
   914091
  </reviews>
  <sporty>
   no
  </sporty>
 </clothing>
 <clothing>
  <id>
   140255091
  </id>
  <name>
   Vans Shoes I-2110
  </name>
  <category>
   Shoes
  </category>
  <size>
   L
  </size>
  <color>
   Синий
  </color>
  <material>
   Лен
  </material>
  <price>
   637503
  </price>
  <rating>
   1.34
  </rating>
  <reviews>
   559038
  </reviews>
  <new>
   -
  </new>
  <exclusive>
   yes
  </exclusive>
 </clothing>
 <clothing>
  <id>
   667154587
  </id>
  <name>
   Converse Dress F-3972
  </name>
  <category>
   Dress
  </category>
  <size>
   M
  </size>
  <color>
   Зеленый
  </color>
  <material>
   Хлопок
  </material>
  <price>
   408816
  </price>
  <rating>
   1.94
  </rating>
  <reviews>
   573038
  </reviews>
  <new>
   +
  </new>
  <sporty>
   no
  </sporty>
 </clothing>
 <clothing>
  <id>
   376288339
  </id>
  <name>
   Brooks Hat P-2152
  </name>
  <category>
   Hat
  </category>
  <size>
   S
  </size>
  <color>
   Синий
  </color>
  <material>
   Шелк
  </material>
  <price>
   590037
  </price>
  <rating>
   1.84
  </rating>
  <reviews>
   532918
  </reviews>
  <exclusive>
   no
  </exclusive>
  <sporty>
   yes
  </sporty>
 </clothing>
 <clothing>
  <id>
   789666777
  </id>
  <name>
   DC Belts N-8190
  </name>
  <category>
   Belts
  </category>
  <size>
   XXL
  </size>
  <color>
   Фиолетовый
  </color>
  <material>
   Нейлон
  </material>
  <price>
   562133
  </price>
  <rating>
   1.28
  </rating>
  <reviews>
   498724
  </reviews>
  <new>
   -
  </new>
  <exclusive>
   yes
  </exclusive>
  <sporty>
   no
  </sporty>
 </clothing>
 <clothing>
  <id>
   142426270
  </id>
  <name>
   Reebok Handbags A-9467
  </name>
  <category>
   Handbags
  </category>
  <size>
   S
  </size>
  <color>
   Красный
  </color>
  <material>
   Шерсть
  </material>
  <price>
   781817
  </price>
  <rating>
   2.45
  </rating>
  <reviews>
   835688
  </reviews>
  <sporty>
   yes
  </sporty>
 </clothing>
 <clothing>
  <id>
   533592847
  </id>
  <name>
   Brooks Hat H-6456
  </name>
  <category>
   Hat
  </category>
  <size>
   S
  </size>
  <color>
   Синий
  </color>
  <material>
   Хлопок
  </material>
  <price>
   831202
  </price>
  <rating>
   3.19
  </rating>
  <reviews>
   406601
  </reviews>
  <new>
   -
  </new>
  <exclusive>
   no
  </exclusive>
 </clothing>
 <clothing>
  <id>
   174084606
  </id>
  <name>
   Brooks Umbrellas S-2405
  </name>
  <category>
   Umbrellas
  </category>
  <size>
   S
  </size>
  <color>
   Оранжевый
  </color>
  <material>
   Шерсть
  </material>
  <price>
   977529
  </price>
  <rating>
   1.03
  </rating>
  <reviews>
   53447
  </reviews>
  <sporty>
   no
  </sporty>
 </clothing>
 <clothing>
  <id>
   648204933
  </id>
  <name>
   Fila Dress S-6801
  </name>
  <category>
   Dress
  </category>
  <size>
   S
  </size>
  <color>
   Фиолетовый
  </color>
  <material>
   Кожа
  </material>
  <price>
   417784
  </price>
  <rating>
   1.0
  </rating>
  <reviews>
   442633
  </reviews>
  <new>
   +
  </new>
 </clothing>
 <clothing>
  <id>
   173748167
  </id>
  <name>
   Addidas Umbrellas Z-4652
  </name>
  <category>
   Umbrellas
  </category>
  <size>
   M
  </size>
  <color>
   Зеленый
  </color>
  <material>
   Вискоза
  </material>
  <price>
   453049
  </price>
  <rating>
   2.56
  </rating>
  <reviews>
   831859
  </reviews>
  <exclusive>
   yes
  </exclusive>
  <sporty>
   yes
  </sporty>
 </clothing>
 <clothing>
  <id>
   758583307
  </id>
  <name>
   Under Armour Handbags O-8448
  </name>
  <category>
   Handbags
  </category>
  <size>
   XL
  </size>
  <color>
   Красный
  </color>
  <material>
   Кожа
  </material>
  <price>
   127513
  </price>
  <rating>
   3.29
  </rating>
  <reviews>
   872251
  </reviews>
  <exclusive>
   yes
  </exclusive>
  <sporty>
   no
  </sporty>
 </clothing>
 <clothing>
  <id>
   547162927
  </id>
  <name>
   Asics Jacket B-3137
  </name>
  <category>
   Jacket
  </category>
  <size>
   XL
  </size>
  <color>
   Голубой
  </color>
  <material>
   Лен
  </material>
  <price>
   262577
  </price>
  <rating>
   2.25
  </rating>
  <reviews>
   215971
  </reviews>
  <new>
   -
  </new>
  <sporty>
   no
  </sporty>
 </clothing>
 <clothing>
  <id>
   543414808
  </id>
  <name>
   DC Shoes Y-4724
  </name>
  <category>
   Shoes
  </category>
  <size>
   S
  </size>
  <color>
   Оранжевый
  </color>
  <material>
   Шерсть
  </material>
  <price>
   193324
  </price>
  <rating>
   4.52
  </rating>
  <reviews>
   601460
  </reviews>
  <new>
   -
  </new>
  <exclusive>
   yes
  </exclusive>
 </clothing>
 <clothing>
  <id>
   918700345
  </id>
  <name>
   DC T-shirt R-7718
  </name>
  <category>
   T-shirt
  </category>
  <size>
   XXL
  </size>
  <color>
   Оранжевый
  </color>
  <material>
   Вискоза
  </material>
  <price>
   244275
  </price>
  <rating>
   3.82
  </rating>
  <reviews>
   599545
  </reviews>
  <new>
   -
  </new>
  <exclusive>
   yes
  </exclusive>
  <sporty>
   no
  </sporty>
 </clothing>
 <clothing>
  <id>
   275222588
  </id>
  <name>
   Adidas Dress W-9918
  </name>
  <category>
   Dress
  </category>
  <size>
   XL
  </size>
  <color>
   Синий
  </color>
  <material>
   Шелк
  </material>
  <price>
   467273
  </price>
  <rating>
   3.76
  </rating>
  <reviews>
   51122
  </reviews>
  <new>
   -
  </new>
  <exclusive>
   yes
  </exclusive>
 </clothing>
 <clothing>
  <id>
   802780185
  </id>
  <name>
   Puma Blouse M-1178
  </name>
  <category>
   Blouse
  </category>
  <size>
   L
  </size>
  <color>
   Фиолетовый
  </color>
  <material>
   Кожа
  </material>
  <price>
   616185
  </price>
  <rating>
   1.23
  </rating>
  <reviews>
   890600
  </reviews>
  <exclusive>
   no
  </exclusive>
  <sporty>
   no
  </sporty>
 </clothing>
 <clothing>
  <id>
   681671874
  </id>
  <name>
   PleinSport Hat B-8929
  </name>
  <category>
   Hat
  </category>
  <size>
   XL
  </size>
  <color>
   Оранжевый
  </color>
  <material>
   Нейлон
  </material>
  <price>
   502357
  </price>
  <rating>
   4.42
  </rating>
  <reviews>
   640072
  </reviews>
  <new>
   -
  </new>
 </clothing>
 <clothing>
  <id>
   340299186
  </id>
  <name>
   Reebok Blouse C-8982
  </name>
  <category>
   Blouse
  </category>
  <size>
   M
  </size>
  <color>
   Желтый
  </color>
  <material>
   Шелк
  </material>
  <price>
   478914
  </price>
  <rating>
   4.56
  </rating>
  <reviews>
   498172
  </reviews>
  <new>
   +
  </new>
  <sporty>
   yes
  </sporty>
 </clothing>
 <clothing>
  <id>
   298324484
  </id>
  <name>
   DC Shirt F-6647
  </name>
  <category>
   Shirt
  </category>
  <size>
   L
  </size>
  <color>
   Фиолетовый
  </color>
  <material>
   Кожа
  </material>
  <price>
   313072
  </price>
  <rating>
   2.83
  </rating>
  <reviews>
   546689
  </reviews>
  <new>
   -
  </new>
  <sporty>
   yes
  </sporty>
 </clothing>
 <clothing>
  <id>
   393561503
  </id>
  <name>
   Reebok Jeans Y-1595
  </name>
  <category>
   Jeans
  </category>
  <size>
   M
  </size>
  <color>
   Голубой
  </color>
  <material>
   Хлопок
  </material>
  <price>
   243306
  </price>
  <rating>
   3.99
  </rating>
  <reviews>
   441482
  </reviews>
 </clothing>
 <clothing>
  <id>
   688937335
  </id>
  <name>
   Ellesse Umbrellas B-5465
  </name>
  <category>
   Umbrellas
  </category>
  <size>
   XL
  </size>
  <color>
   Оранжевый
  </color>
  <material>
   Шерсть
  </material>
  <price>
   684202
  </price>
  <rating>
   3.35
  </rating>
  <reviews>
   897307
  </reviews>
  <new>
   -
  </new>
  <exclusive>
   no
  </exclusive>
 </clothing>
 <clothing>
  <id>
   293579310
  </id>
  <name>
   Under Armour Handbags J-6121
  </name>
  <category>
   Handbags
  </category>
  <size>
   M
  </size>
  <color>
   Голубой
  </color>
  <material>
   Шелк
  </material>
  <price>
   415881
  </price>
  <rating>
   4.35
  </rating>
  <reviews>
   531356
  </reviews>
  <new>
   +
  </new>
  <sporty>
   yes
  </sporty>
 </clothing>
 <clothing>
  <id>
   838284747
  </id>
  <name>
   DC Jeans K-3962
  </name>
  <category>
   Jeans
  </category>
  <size>
   M
  </size>
  <color>
   Голубой
  </color>
  <material>
   Нейлон
  </material>
  <price>
   105660
  </price>
  <rating>
   1.31
  </rating>
  <reviews>
   941716
  </reviews>
  <new>
   +
  </new>
  <exclusive>
   yes
  </exclusive>
 </clothing>
 <clothing>
  <id>
   906445203
  </id>
  <name>
   DC Jeans F-1544
  </name>
  <category>
   Jeans
  </category>
  <size>
   M
  </size>
  <color>
   Синий
  </color>
  <material>
   Шелк
  </material>
  <price>
   595372
  </price>
  <rating>
   4.93
  </rating>
  <reviews>
   658195
  </reviews>
  <new>
   +
  </new>
  <exclusive>
   yes
  </exclusive>
 </clothing>
 <clothing>
  <id>
   213096868
  </id>
  <name>
   Adidas Shoes F-3437
  </name>
  <category>
   Shoes
  </category>
  <size>
   XXL
  </size>
  <color>
   Оранжевый
  </color>
  <material>
   Шелк
  </material>
  <price>
   914050
  </price>
  <rating>
   3.87
  </rating>
  <reviews>
   114477
  </reviews>
  <exclusive>
   no
  </exclusive>
  <sporty>
   yes
  </sporty>
 </clothing>
 <clothing>
  <id>
   145315149
  </id>
  <name>
   Converse Shirt F-8793
  </name>
  <category>
   Shirt
  </category>
  <size>
   M
  </size>
  <color>
   Желтый
  </color>
  <material>
   Шелк
  </material>
  <price>
   395839
  </price>
  <rating>
   4.53
  </rating>
  <reviews>
   945392
  </reviews>
  <new>
   +
  </new>
  <sporty>
   no
  </sporty>
 </clothing>
 <clothing>
  <id>
   743919014
  </id>
  <name>
   Adidas Belts X-5415
  </name>
  <category>
   Belts
  </category>
  <size>
   M
  </size>
  <color>
   Фиолетовый
  </color>
  <material>
   Кожа
  </material>
  <price>
   320990
  </price>
  <rating>
   2.1
  </rating>
  <reviews>
   283038
  </reviews>
  <exclusive>
   no
  </exclusive>
 </clothing>
 <clothing>
  <id>
   988970567
  </id>
  <name>
   New Balance Skirt J-6025
  </name>
  <category>
   Skirt
  </category>
  <size>
   L
  </size>
  <color>
   Зеленый
  </color>
  <material>
   Кожа
  </material>
  <price>
   377820
  </price>
  <rating>
   2.55
  </rating>
  <reviews>
   822203
  </reviews>
  <new>
   -
  </new>
 </clothing>
 <clothing>
  <id>
   296757893
  </id>
  <name>
   Nike Socks E-2856
  </name>
  <category>
   Socks
  </category>
  <size>
   XXL
  </size>
  <color>
   Оранжевый
  </color>
  <material>
   Шелк
  </material>
  <price>
   560638
  </price>
  <rating>
   3.87
  </rating>
  <reviews>
   339724
  </reviews>
  <new>
   -
  </new>
  <exclusive>
   yes
  </exclusive>
 </clothing>
 <clothing>
  <id>
   989077829
  </id>
  <name>
   Nike Belts H-9385
  </name>
  <category>
   Belts
  </category>
  <size>
   S
  </size>
  <color>
   Зеленый
  </color>
  <material>
   Нейлон
  </material>
  <price>
   578162
  </price>
  <rating>
   4.37
  </rating>
  <reviews>
   272349
  </reviews>
  <exclusive>
   no
  </exclusive>
 </clothing>
 <clothing>
  <id>
   193815533
  </id>
  <name>
   Under Armour Jacket D-7054
  </name>
  <category>
   Jacket
  </category>
  <size>
   L
  </size>
  <color>
   Голубой
  </color>
  <material>
   Лен
  </material>
  <price>
   153576
  </price>
  <rating>
   2.42
  </rating>
  <reviews>
   964331
  </reviews>
  <sporty>
   no
  </sporty>
 </clothing>
 <clothing>
  <id>
   476810042
  </id>
  <name>
   Reebok Umbrellas F-5502
  </name>
  <category>
   Umbrellas
  </category>
  <size>
   L
  </size>
  <color>
   Зеленый
  </color>
  <material>
   Полиэстер
  </material>
  <price>
   972141
  </price>
  <rating>
   1.56
  </rating>
  <reviews>
   528484
  </reviews>
  <exclusive>
   no
  </exclusive>
  <sporty>
   no
  </sporty>
 </clothing>
 <clothing>
  <id>
   608955463
  </id>
  <name>
   Nike Shirt C-2757
  </name>
  <category>
   Shirt
  </category>
  <size>
   S
  </size>
  <color>
   Фиолетовый
  </color>
  <material>
   Шелк
  </material>
  <price>
   924867
  </price>
  <rating>
   2.33
  </rating>
  <reviews>
   200393
  </reviews>
  <new>
   -
  </new>
  <exclusive>
   no
  </exclusive>
 </clothing>
 <clothing>
  <id>
   862340331
  </id>
  <name>
   Converse Hat Q-5484
  </name>
  <category>
   Hat
  </category>
  <size>
   XL
  </size>
  <color>
   Желтый
  </color>
  <material>
   Вискоза
  </material>
  <price>
   211596
  </price>
  <rating>
   1.94
  </rating>
  <reviews>
   732219
  </reviews>
  <sporty>
   yes
  </sporty>
 </clothing>
</clothing-items>
