<?xml version="1.0" encoding="utf-8"?>
<clothing-items>
 <clothing>
  <id>
   263202835
  </id>
  <name>
   Puma Jacket G-1587
  </name>
  <category>
   Jacket
  </category>
  <size>
   L
  </size>
  <color>
   Голубой
  </color>
  <material>
   Шерсть
  </material>
  <price>
   982197
  </price>
  <rating>
   2.14
  </rating>
  <reviews>
   792619
  </reviews>
  <new>
   -
  </new>
  <sporty>
   no
  </sporty>
 </clothing>
 <clothing>
  <id>
   164207486
  </id>
  <name>
   New Balance Dress H-9916
  </name>
  <category>
   Dress
  </category>
  <size>
   XXL
  </size>
  <color>
   Фиолетовый
  </color>
  <material>
   Хлопок
  </material>
  <price>
   660817
  </price>
  <rating>
   3.58
  </rating>
  <reviews>
   520785
  </reviews>
  <new>
   +
  </new>
  <exclusive>
   yes
  </exclusive>
  <sporty>
   no
  </sporty>
 </clothing>
 <clothing>
  <id>
   179834459
  </id>
  <name>
   Puma Jeans F-1445
  </name>
  <category>
   Jeans
  </category>
  <size>
   L
  </size>
  <color>
   Оранжевый
  </color>
  <material>
   Нейлон
  </material>
  <price>
   466896
  </price>
  <rating>
   4.47
  </rating>
  <reviews>
   885902
  </reviews>
  <exclusive>
   no
  </exclusive>
 </clothing>
 <clothing>
  <id>
   575577726
  </id>
  <name>
   Nike Gloves B-1174
  </name>
  <category>
   Gloves
  </category>
  <size>
   XXL
  </size>
  <color>
   Желтый
  </color>
  <material>
   Лен
  </material>
  <price>
   605415
  </price>
  <rating>
   4.77
  </rating>
  <reviews>
   31993
  </reviews>
  <exclusive>
   no
  </exclusive>
 </clothing>
 <clothing>
  <id>
   541926933
  </id>
  <name>
   Puma Shirt B-3795
  </name>
  <category>
   Shirt
  </category>
  <size>
   L
  </size>
  <color>
   Желтый
  </color>
  <material>
   Хлопок
  </material>
  <price>
   937768
  </price>
  <rating>
   4.17
  </rating>
  <reviews>
   374875
  </reviews>
  <new>
   +
  </new>
  <exclusive>
   no
  </exclusive>
  <sporty>
   no
  </sporty>
 </clothing>
 <clothing>
  <id>
   864221635
  </id>
  <name>
   Adidas Umbrellas K-2017
  </name>
  <category>
   Umbrellas
  </category>
  <size>
   L
  </size>
  <color>
   Оранжевый
  </color>
  <material>
   Шелк
  </material>
  <price>
   822898
  </price>
  <rating>
   2.23
  </rating>
  <reviews>
   893897
  </reviews>
  <new>
   +
  </new>
 </clothing>
 <clothing>
  <id>
   992216197
  </id>
  <name>
   Fila Blouse B-6686
  </name>
  <category>
   Blouse
  </category>
  <size>
   XXL
  </size>
  <color>
   Зеленый
  </color>
  <material>
   Нейлон
  </material>
  <price>
   862265
  </price>
  <rating>
   2.34
  </rating>
  <reviews>
   445968
  </reviews>
 </clothing>
 <clothing>
  <id>
   194404619
  </id>
  <name>
   Vans Jeans A-8116
  </name>
  <category>
   Jeans
  </category>
  <size>
   L
  </size>
  <color>
   Зеленый
  </color>
  <material>
   Хлопок
  </material>
  <price>
   771296
  </price>
  <rating>
   4.2
  </rating>
  <reviews>
   761756
  </reviews>
  <new>
   -
  </new>
  <sporty>
   no
  </sporty>
 </clothing>
 <clothing>
  <id>
   636764921
  </id>
  <name>
   Under Armour T-shirt J-2977
  </name>
  <category>
   T-shirt
  </category>
  <size>
   L
  </size>
  <color>
   Фиолетовый
  </color>
  <material>
   Шелк
  </material>
  <price>
   559116
  </price>
  <rating>
   1.4
  </rating>
  <reviews>
   521275
  </reviews>
  <new>
   -
  </new>
  <exclusive>
   no
  </exclusive>
  <sporty>
   no
  </sporty>
 </clothing>
 <clothing>
  <id>
   174599554
  </id>
  <name>
   Vans Dress F-9026
  </name>
  <category>
   Dress
  </category>
  <size>
   L
  </size>
  <color>
   Фиолетовый
  </color>
  <material>
   Вискоза
  </material>
  <price>
   707573
  </price>
  <rating>
   3.19
  </rating>
  <reviews>
   443312
  </reviews>
  <exclusive>
   no
  </exclusive>
  <sporty>
   no
  </sporty>
 </clothing>
 <clothing>
  <id>
   166240153
  </id>
  <name>
   DC Shoes F-2918
  </name>
  <category>
   Shoes
  </category>
  <size>
   XXL
  </size>
  <color>
   Зеленый
  </color>
  <material>
   Шерсть
  </material>
  <price>
   658574
  </price>
  <rating>
   1.67
  </rating>
  <reviews>
   177447
  </reviews>
  <new>
   -
  </new>
  <exclusive>
   no
  </exclusive>
  <sporty>
   no
  </sporty>
 </clothing>
 <clothing>
  <id>
   302584871
  </id>
  <name>
   Nike Socks U-2405
  </name>
  <category>
   Socks
  </category>
  <size>
   M
  </size>
  <color>
   Синий
  </color>
  <material>
   Шерсть
  </material>
  <price>
   876850
  </price>
  <rating>
   3.16
  </rating>
  <reviews>
   464164
  </reviews>
  <new>
   -
  </new>
 </clothing>
 <clothing>
  <id>
   236941248
  </id>
  <name>
   Brooks Umbrellas L-9730
  </name>
  <category>
   Umbrellas
  </category>
  <size>
   L
  </size>
  <color>
   Зеленый
  </color>
  <material>
   Лен
  </material>
  <price>
   542410
  </price>
  <rating>
   1.37
  </rating>
  <reviews>
   321669
  </reviews>
 </clothing>
 <clothing>
  <id>
   347434956
  </id>
  <name>
   DC Pants M-4577
  </name>
  <category>
   Pants
  </category>
  <size>
   L
  </size>
  <color>
   Синий
  </color>
  <material>
   Нейлон
  </material>
  <price>
   416753
  </price>
  <rating>
   2.24
  </rating>
  <reviews>
   153398
  </reviews>
  <new>
   +
  </new>
  <exclusive>
   yes
  </exclusive>
  <sporty>
   no
  </sporty>
 </clothing>
 <clothing>
  <id>
   828322226
  </id>
  <name>
   Vans Umbrellas E-1740
  </name>
  <category>
   Umbrellas
  </category>
  <size>
   XL
  </size>
  <color>
   Фиолетовый
  </color>
  <material>
   Лен
  </material>
  <price>
   456924
  </price>
  <rating>
   4.84
  </rating>
  <reviews>
   212931
  </reviews>
  <new>
   -
  </new>
 </clothing>
 <clothing>
  <id>
   573020526
  </id>
  <name>
   Puma Handbags V-2882
  </name>
  <category>
   Handbags
  </category>
  <size>
   XL
  </size>
  <color>
   Красный
  </color>
  <material>
   Нейлон
  </material>
  <price>
   145443
  </price>
  <rating>
   3.81
  </rating>
  <reviews>
   776115
  </reviews>
  <new>
   -
  </new>
 </clothing>
 <clothing>
  <id>
   189131704
  </id>
  <name>
   Ellesse Shirt K-1344
  </name>
  <category>
   Shirt
  </category>
  <size>
   XXL
  </size>
  <color>
   Фиолетовый
  </color>
  <material>
   Полиэстер
  </material>
  <price>
   972258
  </price>
  <rating>
   1.39
  </rating>
  <reviews>
   606848
  </reviews>
  <new>
   +
  </new>
  <exclusive>
   no
  </exclusive>
 </clothing>
 <clothing>
  <id>
   718256280
  </id>
  <name>
   New Balance Jacket K-9386
  </name>
  <category>
   Jacket
  </category>
  <size>
   XXL
  </size>
  <color>
   Зеленый
  </color>
  <material>
   Вискоза
  </material>
  <price>
   627548
  </price>
  <rating>
   2.76
  </rating>
  <reviews>
   730642
  </reviews>
  <exclusive>
   no
  </exclusive>
 </clothing>
 <clothing>
  <id>
   947322468
  </id>
  <name>
   Under Armour Gloves J-8506
  </name>
  <category>
   Gloves
  </category>
  <size>
   M
  </size>
  <color>
   Голубой
  </color>
  <material>
   Шелк
  </material>
  <price>
   110573
  </price>
  <rating>
   3.81
  </rating>
  <reviews>
   513727
  </reviews>
  <new>
   -
  </new>
  <sporty>
   no
  </sporty>
 </clothing>
 <clothing>
  <id>
   501019050
  </id>
  <name>
   Under Armour Socks M-5099
  </name>
  <category>
   Socks
  </category>
  <size>
   XL
  </size>
  <color>
   Желтый
  </color>
  <material>
   Шерсть
  </material>
  <price>
   743502
  </price>
  <rating>
   3.3
  </rating>
  <reviews>
   612630
  </reviews>
  <exclusive>
   no
  </exclusive>
  <sporty>
   no
  </sporty>
 </clothing>
 <clothing>
  <id>
   140308938
  </id>
  <name>
   Fila Jacket T-5540
  </name>
  <category>
   Jacket
  </category>
  <size>
   L
  </size>
  <color>
   Синий
  </color>
  <material>
   Хлопок
  </material>
  <price>
   637010
  </price>
  <rating>
   2.47
  </rating>
  <reviews>
   27288
  </reviews>
  <sporty>
   no
  </sporty>
 </clothing>
 <clothing>
  <id>
   808617248
  </id>
  <name>
   Fila Socks J-5679
  </name>
  <category>
   Socks
  </category>
  <size>
   XXL
  </size>
  <color>
   Оранжевый
  </color>
  <material>
   Лен
  </material>
  <price>
   532873
  </price>
  <rating>
   4.72
  </rating>
  <reviews>
   558681
  </reviews>
  <sporty>
   no
  </sporty>
 </clothing>
 <clothing>
  <id>
   728932762
  </id>
  <name>
   Fila Hat C-8619
  </name>
  <category>
   Hat
  </category>
  <size>
   L
  </size>
  <color>
   Фиолетовый
  </color>
  <material>
   Кожа
  </material>
  <price>
   804483
  </price>
  <rating>
   3.66
  </rating>
  <reviews>
   994981
  </reviews>
  <new>
   -
  </new>
  <exclusive>
   yes
  </exclusive>
  <sporty>
   no
  </sporty>
 </clothing>
 <clothing>
  <id>
   792935631
  </id>
  <name>
   New Balance Sweater Y-6267
  </name>
  <category>
   Sweater
  </category>
  <size>
   S
  </size>
  <color>
   Красный
  </color>
  <material>
   Лен
  </material>
  <price>
   236208
  </price>
  <rating>
   2.2
  </rating>
  <reviews>
   315819
  </reviews>
  <sporty>
   yes
  </sporty>
 </clothing>
 <clothing>
  <id>
   694004089
  </id>
  <name>
   Addidas Jacket D-4188
  </name>
  <category>
   Jacket
  </category>
  <size>
   L
  </size>
  <color>
   Синий
  </color>
  <material>
   Хлопок
  </material>
  <price>
   759120
  </price>
  <rating>
   4.21
  </rating>
  <reviews>
   358055
  </reviews>
  <new>
   +
  </new>
  <exclusive>
   yes
  </exclusive>
 </clothing>
 <clothing>
  <id>
   466746214
  </id>
  <name>
   Converse Sweater N-7449
  </name>
  <category>
   Sweater
  </category>
  <size>
   XXL
  </size>
  <color>
   Оранжевый
  </color>
  <material>
   Нейлон
  </material>
  <price>
   396207
  </price>
  <rating>
   4.53
  </rating>
  <reviews>
   221534
  </reviews>
  <exclusive>
   no
  </exclusive>
 </clothing>
 <clothing>
  <id>
   220983445
  </id>
  <name>
   Fila Jacket Z-9057
  </name>
  <category>
   Jacket
  </category>
  <size>
   S
  </size>
  <color>
   Красный
  </color>
  <material>
   Шелк
  </material>
  <price>
   159082
  </price>
  <rating>
   4.37
  </rating>
  <reviews>
   550712
  </reviews>
  <new>
   +
  </new>
  <exclusive>
   no
  </exclusive>
  <sporty>
   no
  </sporty>
 </clothing>
 <clothing>
  <id>
   250965118
  </id>
  <name>
   Nike Dress U-3409
  </name>
  <category>
   Dress
  </category>
  <size>
   L
  </size>
  <color>
   Зеленый
  </color>
  <material>
   Кожа
  </material>
  <price>
   503939
  </price>
  <rating>
   2.22
  </rating>
  <reviews>
   344164
  </reviews>
 </clothing>
 <clothing>
  <id>
   122015379
  </id>
  <name>
   New Balance Umbrellas Z-5702
  </name>
  <category>
   Umbrellas
  </category>
  <size>
   M
  </size>
  <color>
   Красный
  </color>
  <material>
   Кожа
  </material>
  <price>
   717184
  </price>
  <rating>
   4.04
  </rating>
  <reviews>
   888604
  </reviews>
  <new>
   -
  </new>
  <exclusive>
   no
  </exclusive>
 </clothing>
 <clothing>
  <id>
   175079481
  </id>
  <name>
   New Balance Sweater G-1839
  </name>
  <category>
   Sweater
  </category>
  <size>
   S
  </size>
  <color>
   Красный
  </color>
  <material>
   Кожа
  </material>
  <price>
   333187
  </price>
  <rating>
   2.93
  </rating>
  <reviews>
   692042
  </reviews>
  <exclusive>
   yes
  </exclusive>
  <sporty>
   yes
  </sporty>
 </clothing>
 <clothing>
  <id>
   265592099
  </id>
  <name>
   Lacoste Umbrellas C-4047
  </name>
  <category>
   Umbrellas
  </category>
  <size>
   L
  </size>
  <color>
   Голубой
  </color>
  <material>
   Вискоза
  </material>
  <price>
   580187
  </price>
  <rating>
   2.08
  </rating>
  <reviews>
   668006
  </reviews>
 </clothing>
 <clothing>
  <id>
   276189211
  </id>
  <name>
   Reebok Hat S-2685
  </name>
  <category>
   Hat
  </category>
  <size>
   XXL
  </size>
  <color>
   Фиолетовый
  </color>
  <material>
   Лен
  </material>
  <price>
   956231
  </price>
  <rating>
   4.27
  </rating>
  <reviews>
   147893
  </reviews>
  <sporty>
   yes
  </sporty>
 </clothing>
 <clothing>
  <id>
   982449848
  </id>
  <name>
   Lacoste Socks V-1350
  </name>
  <category>
   Socks
  </category>
  <size>
   XL
  </size>
  <color>
   Красный
  </color>
  <material>
   Хлопок
  </material>
  <price>
   976129
  </price>
  <rating>
   1.9
  </rating>
  <reviews>
   339049
  </reviews>
  <new>
   +
  </new>
  <exclusive>
   yes
  </exclusive>
  <sporty>
   no
  </sporty>
 </clothing>
 <clothing>
  <id>
   650716172
  </id>
  <name>
   Asics Belts X-6499
  </name>
  <category>
   Belts
  </category>
  <size>
   XL
  </size>
  <color>
   Голубой
  </color>
  <material>
   Кожа
  </material>
  <price>
   924733
  </price>
  <rating>
   4.95
  </rating>
  <reviews>
   515683
  </reviews>
  <new>
   +
  </new>
 </clothing>
 <clothing>
  <id>
   216844408
  </id>
  <name>
   Ellesse Shirt O-2129
  </name>
  <category>
   Shirt
  </category>
  <size>
   L
  </size>
  <color>
   Красный
  </color>
  <material>
   Шелк
  </material>
  <price>
   341223
  </price>
  <rating>
   3.78
  </rating>
  <reviews>
   683064
  </reviews>
  <new>
   -
  </new>
  <exclusive>
   no
  </exclusive>
 </clothing>
</clothing-items>
