<?xml version="1.0" encoding="utf-8"?>
<clothing-items>
 <clothing>
  <id>
   193912928
  </id>
  <name>
   Converse Jeans Z-5477
  </name>
  <category>
   Jeans
  </category>
  <size>
   XXL
  </size>
  <color>
   Зеленый
  </color>
  <material>
   Лен
  </material>
  <price>
   415886
  </price>
  <rating>
   1.18
  </rating>
  <reviews>
   186921
  </reviews>
 </clothing>
 <clothing>
  <id>
   810641162
  </id>
  <name>
   Nike Belts D-9234
  </name>
  <category>
   Belts
  </category>
  <size>
   XXL
  </size>
  <color>
   Желтый
  </color>
  <material>
   Хлопок
  </material>
  <price>
   954232
  </price>
  <rating>
   1.14
  </rating>
  <reviews>
   843277
  </reviews>
  <exclusive>
   no
  </exclusive>
  <sporty>
   no
  </sporty>
 </clothing>
 <clothing>
  <id>
   695399233
  </id>
  <name>
   Converse Hat R-6473
  </name>
  <category>
   Hat
  </category>
  <size>
   XL
  </size>
  <color>
   Голубой
  </color>
  <material>
   Кожа
  </material>
  <price>
   515267
  </price>
  <rating>
   3.72
  </rating>
  <reviews>
   367778
  </reviews>
  <new>
   -
  </new>
 </clothing>
 <clothing>
  <id>
   440678206
  </id>
  <name>
   Reebok T-shirt P-7501
  </name>
  <category>
   T-shirt
  </category>
  <size>
   M
  </size>
  <color>
   Фиолетовый
  </color>
  <material>
   Кожа
  </material>
  <price>
   364227
  </price>
  <rating>
   2.41
  </rating>
  <reviews>
   990624
  </reviews>
  <exclusive>
   yes
  </exclusive>
  <sporty>
   no
  </sporty>
 </clothing>
 <clothing>
  <id>
   389195129
  </id>
  <name>
   Fila Skirt P-7984
  </name>
  <category>
   Skirt
  </category>
  <size>
   XL
  </size>
  <color>
   Желтый
  </color>
  <material>
   Шерсть
  </material>
  <price>
   802699
  </price>
  <rating>
   3.73
  </rating>
  <reviews>
   668410
  </reviews>
  <sporty>
   yes
  </sporty>
 </clothing>
 <clothing>
  <id>
   442917723
  </id>
  <name>
   Nike Sweater Q-2986
  </name>
  <category>
   Sweater
  </category>
  <size>
   XL
  </size>
  <color>
   Голубой
  </color>
  <material>
   Лен
  </material>
  <price>
   763173
  </price>
  <rating>
   2.9
  </rating>
  <reviews>
   626064
  </reviews>
  <new>
   -
  </new>
 </clothing>
 <clothing>
  <id>
   685671729
  </id>
  <name>
   Addidas Belts T-1471
  </name>
  <category>
   Belts
  </category>
  <size>
   L
  </size>
  <color>
   Зеленый
  </color>
  <material>
   Шелк
  </material>
  <price>
   171647
  </price>
  <rating>
   3.89
  </rating>
  <reviews>
   754906
  </reviews>
  <new>
   -
  </new>
  <exclusive>
   no
  </exclusive>
  <sporty>
   no
  </sporty>
 </clothing>
 <clothing>
  <id>
   799757000
  </id>
  <name>
   Vans Shirt M-7528
  </name>
  <category>
   Shirt
  </category>
  <size>
   S
  </size>
  <color>
   Голубой
  </color>
  <material>
   Вискоза
  </material>
  <price>
   259325
  </price>
  <rating>
   2.91
  </rating>
  <reviews>
   685555
  </reviews>
  <exclusive>
   no
  </exclusive>
  <sporty>
   no
  </sporty>
 </clothing>
 <clothing>
  <id>
   497930685
  </id>
  <name>
   PleinSport Jeans Y-2087
  </name>
  <category>
   Jeans
  </category>
  <size>
   L
  </size>
  <color>
   Зеленый
  </color>
  <material>
   Нейлон
  </material>
  <price>
   299876
  </price>
  <rating>
   3.72
  </rating>
  <reviews>
   691785
  </reviews>
  <new>
   +
  </new>
  <sporty>
   yes
  </sporty>
 </clothing>
 <clothing>
  <id>
   894673194
  </id>
  <name>
   Nike Handbags A-7785
  </name>
  <category>
   Handbags
  </category>
  <size>
   L
  </size>
  <color>
   Фиолетовый
  </color>
  <material>
   Шелк
  </material>
  <price>
   664381
  </price>
  <rating>
   2.29
  </rating>
  <reviews>
   544462
  </reviews>
  <new>
   -
  </new>
  <exclusive>
   no
  </exclusive>
  <sporty>
   no
  </sporty>
 </clothing>
 <clothing>
  <id>
   380356292
  </id>
  <name>
   New Balance Sweater R-9454
  </name>
  <category>
   Sweater
  </category>
  <size>
   XL
  </size>
  <color>
   Зеленый
  </color>
  <material>
   Лен
  </material>
  <price>
   353595
  </price>
  <rating>
   1.23
  </rating>
  <reviews>
   586654
  </reviews>
 </clothing>
 <clothing>
  <id>
   639997754
  </id>
  <name>
   Asics Umbrellas I-4472
  </name>
  <category>
   Umbrellas
  </category>
  <size>
   XL
  </size>
  <color>
   Оранжевый
  </color>
  <material>
   Лен
  </material>
  <price>
   512927
  </price>
  <rating>
   2.74
  </rating>
  <reviews>
   364945
  </reviews>
  <new>
   +
  </new>
 </clothing>
 <clothing>
  <id>
   882262420
  </id>
  <name>
   New Balance Dress Q-4750
  </name>
  <category>
   Dress
  </category>
  <size>
   L
  </size>
  <color>
   Фиолетовый
  </color>
  <material>
   Нейлон
  </material>
  <price>
   898094
  </price>
  <rating>
   2.45
  </rating>
  <reviews>
   202895
  </reviews>
  <new>
   -
  </new>
 </clothing>
 <clothing>
  <id>
   783662968
  </id>
  <name>
   Puma Socks R-9347
  </name>
  <category>
   Socks
  </category>
  <size>
   XXL
  </size>
  <color>
   Красный
  </color>
  <material>
   Лен
  </material>
  <price>
   852340
  </price>
  <rating>
   3.9
  </rating>
  <reviews>
   918999
  </reviews>
 </clothing>
 <clothing>
  <id>
   601439799
  </id>
  <name>
   Asics T-shirt O-9739
  </name>
  <category>
   T-shirt
  </category>
  <size>
   M
  </size>
  <color>
   Желтый
  </color>
  <material>
   Нейлон
  </material>
  <price>
   530290
  </price>
  <rating>
   4.02
  </rating>
  <reviews>
   772878
  </reviews>
  <new>
   -
  </new>
  <exclusive>
   no
  </exclusive>
 </clothing>
 <clothing>
  <id>
   167554658
  </id>
  <name>
   Vans Shirt X-2717
  </name>
  <category>
   Shirt
  </category>
  <size>
   L
  </size>
  <color>
   Фиолетовый
  </color>
  <material>
   Шелк
  </material>
  <price>
   353054
  </price>
  <rating>
   3.52
  </rating>
  <reviews>
   291605
  </reviews>
 </clothing>
 <clothing>
  <id>
   597863104
  </id>
  <name>
   Adidas Blouse M-7249
  </name>
  <category>
   Blouse
  </category>
  <size>
   L
  </size>
  <color>
   Оранжевый
  </color>
  <material>
   Шелк
  </material>
  <price>
   268558
  </price>
  <rating>
   2.65
  </rating>
  <reviews>
   956102
  </reviews>
  <exclusive>
   yes
  </exclusive>
 </clothing>
 <clothing>
  <id>
   158296750
  </id>
  <name>
   Asics T-shirt Q-1789
  </name>
  <category>
   T-shirt
  </category>
  <size>
   XXL
  </size>
  <color>
   Голубой
  </color>
  <material>
   Хлопок
  </material>
  <price>
   494792
  </price>
  <rating>
   4.79
  </rating>
  <reviews>
   848082
  </reviews>
  <new>
   -
  </new>
  <exclusive>
   yes
  </exclusive>
  <sporty>
   yes
  </sporty>
 </clothing>
 <clothing>
  <id>
   552912865
  </id>
  <name>
   Lacoste Sweater X-4464
  </name>
  <category>
   Sweater
  </category>
  <size>
   M
  </size>
  <color>
   Фиолетовый
  </color>
  <material>
   Лен
  </material>
  <price>
   944460
  </price>
  <rating>
   1.78
  </rating>
  <reviews>
   109856
  </reviews>
  <new>
   -
  </new>
  <sporty>
   no
  </sporty>
 </clothing>
 <clothing>
  <id>
   942804286
  </id>
  <name>
   Brooks Socks N-1971
  </name>
  <category>
   Socks
  </category>
  <size>
   S
  </size>
  <color>
   Синий
  </color>
  <material>
   Хлопок
  </material>
  <price>
   860032
  </price>
  <rating>
   2.05
  </rating>
  <reviews>
   730095
  </reviews>
  <exclusive>
   yes
  </exclusive>
  <sporty>
   no
  </sporty>
 </clothing>
 <clothing>
  <id>
   624860019
  </id>
  <name>
   Lacoste Skirt J-5075
  </name>
  <category>
   Skirt
  </category>
  <size>
   L
  </size>
  <color>
   Синий
  </color>
  <material>
   Кожа
  </material>
  <price>
   782541
  </price>
  <rating>
   3.99
  </rating>
  <reviews>
   97228
  </reviews>
  <new>
   +
  </new>
  <exclusive>
   no
  </exclusive>
 </clothing>
 <clothing>
  <id>
   694665740
  </id>
  <name>
   Puma Shirt D-1122
  </name>
  <category>
   Shirt
  </category>
  <size>
   M
  </size>
  <color>
   Оранжевый
  </color>
  <material>
   Полиэстер
  </material>
  <price>
   713558
  </price>
  <rating>
   4.36
  </rating>
  <reviews>
   555039
  </reviews>
  <exclusive>
   yes
  </exclusive>
  <sporty>
   yes
  </sporty>
 </clothing>
 <clothing>
  <id>
   898930057
  </id>
  <name>
   Puma Shirt Z-6980
  </name>
  <category>
   Shirt
  </category>
  <size>
   M
  </size>
  <color>
   Зеленый
  </color>
  <material>
   Шелк
  </material>
  <price>
   410248
  </price>
  <rating>
   1.41
  </rating>
  <reviews>
   808529
  </reviews>
 </clothing>
 <clothing>
  <id>
   358568744
  </id>
  <name>
   New Balance Pants P-6146
  </name>
  <category>
   Pants
  </category>
  <size>
   M
  </size>
  <color>
   Фиолетовый
  </color>
  <material>
   Хлопок
  </material>
  <price>
   263093
  </price>
  <rating>
   3.95
  </rating>
  <reviews>
   583452
  </reviews>
  <exclusive>
   no
  </exclusive>
  <sporty>
   no
  </sporty>
 </clothing>
 <clothing>
  <id>
   257998838
  </id>
  <name>
   Ellesse Jeans W-9013
  </name>
  <category>
   Jeans
  </category>
  <size>
   XXL
  </size>
  <color>
   Фиолетовый
  </color>
  <material>
   Нейлон
  </material>
  <price>
   308224
  </price>
  <rating>
   3.66
  </rating>
  <reviews>
   545055
  </reviews>
  <new>
   -
  </new>
 </clothing>
 <clothing>
  <id>
   966429157
  </id>
  <name>
   DC Skirt O-7331
  </name>
  <category>
   Skirt
  </category>
  <size>
   S
  </size>
  <color>
   Голубой
  </color>
  <material>
   Вискоза
  </material>
  <price>
   454181
  </price>
  <rating>
   3.46
  </rating>
  <reviews>
   225305
  </reviews>
  <new>
   +
  </new>
  <exclusive>
   no
  </exclusive>
  <sporty>
   no
  </sporty>
 </clothing>
 <clothing>
  <id>
   641665813
  </id>
  <name>
   DC Dress E-2489
  </name>
  <category>
   Dress
  </category>
  <size>
   XXL
  </size>
  <color>
   Фиолетовый
  </color>
  <material>
   Шерсть
  </material>
  <price>
   243605
  </price>
  <rating>
   1.71
  </rating>
  <reviews>
   990126
  </reviews>
  <new>
   +
  </new>
  <sporty>
   yes
  </sporty>
 </clothing>
 <clothing>
  <id>
   580819153
  </id>
  <name>
   Nike Belts K-5438
  </name>
  <category>
   Belts
  </category>
  <size>
   L
  </size>
  <color>
   Оранжевый
  </color>
  <material>
   Вискоза
  </material>
  <price>
   418294
  </price>
  <rating>
   1.83
  </rating>
  <reviews>
   326754
  </reviews>
  <sporty>
   no
  </sporty>
 </clothing>
 <clothing>
  <id>
   490646412
  </id>
  <name>
   Reebok Gloves U-3818
  </name>
  <category>
   Gloves
  </category>
  <size>
   XXL
  </size>
  <color>
   Красный
  </color>
  <material>
   Кожа
  </material>
  <price>
   584110
  </price>
  <rating>
   2.55
  </rating>
  <reviews>
   93373
  </reviews>
  <exclusive>
   no
  </exclusive>
 </clothing>
 <clothing>
  <id>
   865848776
  </id>
  <name>
   Addidas Belts I-3689
  </name>
  <category>
   Belts
  </category>
  <size>
   XXL
  </size>
  <color>
   Желтый
  </color>
  <material>
   Вискоза
  </material>
  <price>
   480756
  </price>
  <rating>
   3.49
  </rating>
  <reviews>
   650901
  </reviews>
  <new>
   -
  </new>
  <exclusive>
   no
  </exclusive>
 </clothing>
 <clothing>
  <id>
   137920750
  </id>
  <name>
   Nike Umbrellas O-1035
  </name>
  <category>
   Umbrellas
  </category>
  <size>
   XXL
  </size>
  <color>
   Красный
  </color>
  <material>
   Кожа
  </material>
  <price>
   824127
  </price>
  <rating>
   1.14
  </rating>
  <reviews>
   459396
  </reviews>
  <new>
   +
  </new>
  <exclusive>
   no
  </exclusive>
  <sporty>
   yes
  </sporty>
 </clothing>
 <clothing>
  <id>
   473325717
  </id>
  <name>
   Brooks Skirt H-2087
  </name>
  <category>
   Skirt
  </category>
  <size>
   XL
  </size>
  <color>
   Оранжевый
  </color>
  <material>
   Полиэстер
  </material>
  <price>
   832075
  </price>
  <rating>
   4.68
  </rating>
  <reviews>
   997887
  </reviews>
  <sporty>
   no
  </sporty>
 </clothing>
 <clothing>
  <id>
   395483085
  </id>
  <name>
   PleinSport Skirt C-5474
  </name>
  <category>
   Skirt
  </category>
  <size>
   L
  </size>
  <color>
   Красный
  </color>
  <material>
   Лен
  </material>
  <price>
   416015
  </price>
  <rating>
   3.75
  </rating>
  <reviews>
   239507
  </reviews>
  <new>
   +
  </new>
 </clothing>
 <clothing>
  <id>
   217475874
  </id>
  <name>
   New Balance Handbags P-7982
  </name>
  <category>
   Handbags
  </category>
  <size>
   M
  </size>
  <color>
   Зеленый
  </color>
  <material>
   Шелк
  </material>
  <price>
   856846
  </price>
  <rating>
   1.08
  </rating>
  <reviews>
   602107
  </reviews>
 </clothing>
 <clothing>
  <id>
   560516166
  </id>
  <name>
   PleinSport Shirt H-3485
  </name>
  <category>
   Shirt
  </category>
  <size>
   L
  </size>
  <color>
   Фиолетовый
  </color>
  <material>
   Хлопок
  </material>
  <price>
   783716
  </price>
  <rating>
   3.59
  </rating>
  <reviews>
   955641
  </reviews>
  <sporty>
   no
  </sporty>
 </clothing>
 <clothing>
  <id>
   384404430
  </id>
  <name>
   Puma Gloves Y-3546
  </name>
  <category>
   Gloves
  </category>
  <size>
   XXL
  </size>
  <color>
   Голубой
  </color>
  <material>
   Хлопок
  </material>
  <price>
   135503
  </price>
  <rating>
   3.84
  </rating>
  <reviews>
   243741
  </reviews>
  <new>
   -
  </new>
  <sporty>
   yes
  </sporty>
 </clothing>
 <clothing>
  <id>
   972994230
  </id>
  <name>
   Vans Skirt A-6751
  </name>
  <category>
   Skirt
  </category>
  <size>
   M
  </size>
  <color>
   Зеленый
  </color>
  <material>
   Нейлон
  </material>
  <price>
   427135
  </price>
  <rating>
   2.05
  </rating>
  <reviews>
   455118
  </reviews>
 </clothing>
</clothing-items>
