<?xml version="1.0" encoding="utf-8"?>
<clothing-items>
 <clothing>
  <id>
   701435345
  </id>
  <name>
   Puma Umbrellas Z-5591
  </name>
  <category>
   Umbrellas
  </category>
  <size>
   S
  </size>
  <color>
   Красный
  </color>
  <material>
   Лен
  </material>
  <price>
   969659
  </price>
  <rating>
   1.59
  </rating>
  <reviews>
   536164
  </reviews>
  <new>
   -
  </new>
  <exclusive>
   no
  </exclusive>
 </clothing>
 <clothing>
  <id>
   685435643
  </id>
  <name>
   Converse Umbrellas O-2604
  </name>
  <category>
   Umbrellas
  </category>
  <size>
   M
  </size>
  <color>
   Оранжевый
  </color>
  <material>
   Шерсть
  </material>
  <price>
   927265
  </price>
  <rating>
   2.05
  </rating>
  <reviews>
   135875
  </reviews>
  <exclusive>
   no
  </exclusive>
  <sporty>
   yes
  </sporty>
 </clothing>
 <clothing>
  <id>
   208637482
  </id>
  <name>
   Fila Skirt Z-6724
  </name>
  <category>
   Skirt
  </category>
  <size>
   S
  </size>
  <color>
   Желтый
  </color>
  <material>
   Лен
  </material>
  <price>
   685931
  </price>
  <rating>
   1.87
  </rating>
  <reviews>
   958920
  </reviews>
  <new>
   +
  </new>
  <exclusive>
   yes
  </exclusive>
  <sporty>
   no
  </sporty>
 </clothing>
 <clothing>
  <id>
   789284841
  </id>
  <name>
   Reebok Handbags Z-6731
  </name>
  <category>
   Handbags
  </category>
  <size>
   XXL
  </size>
  <color>
   Желтый
  </color>
  <material>
   Кожа
  </material>
  <price>
   775662
  </price>
  <rating>
   3.44
  </rating>
  <reviews>
   906612
  </reviews>
  <new>
   -
  </new>
  <exclusive>
   no
  </exclusive>
  <sporty>
   no
  </sporty>
 </clothing>
 <clothing>
  <id>
   486469657
  </id>
  <name>
   Under Armour Hat P-8172
  </name>
  <category>
   Hat
  </category>
  <size>
   XL
  </size>
  <color>
   Зеленый
  </color>
  <material>
   Кожа
  </material>
  <price>
   263587
  </price>
  <rating>
   1.56
  </rating>
  <reviews>
   276403
  </reviews>
  <exclusive>
   no
  </exclusive>
  <sporty>
   yes
  </sporty>
 </clothing>
 <clothing>
  <id>
   361154937
  </id>
  <name>
   Addidas Socks Q-8671
  </name>
  <category>
   Socks
  </category>
  <size>
   XXL
  </size>
  <color>
   Зеленый
  </color>
  <material>
   Полиэстер
  </material>
  <price>
   876639
  </price>
  <rating>
   3.12
  </rating>
  <reviews>
   32712
  </reviews>
  <new>
   -
  </new>
  <exclusive>
   yes
  </exclusive>
 </clothing>
 <clothing>
  <id>
   605138048
  </id>
  <name>
   Reebok Umbrellas W-4121
  </name>
  <category>
   Umbrellas
  </category>
  <size>
   S
  </size>
  <color>
   Красный
  </color>
  <material>
   Хлопок
  </material>
  <price>
   523771
  </price>
  <rating>
   2.67
  </rating>
  <reviews>
   511389
  </reviews>
  <new>
   +
  </new>
 </clothing>
 <clothing>
  <id>
   865424711
  </id>
  <name>
   Vans Hat X-1315
  </name>
  <category>
   Hat
  </category>
  <size>
   L
  </size>
  <color>
   Синий
  </color>
  <material>
   Лен
  </material>
  <price>
   375379
  </price>
  <rating>
   4.18
  </rating>
  <reviews>
   224642
  </reviews>
  <new>
   -
  </new>
  <sporty>
   no
  </sporty>
 </clothing>
 <clothing>
  <id>
   291631123
  </id>
  <name>
   Fila Handbags B-2875
  </name>
  <category>
   Handbags
  </category>
  <size>
   L
  </size>
  <color>
   Синий
  </color>
  <material>
   Полиэстер
  </material>
  <price>
   693221
  </price>
  <rating>
   2.3
  </rating>
  <reviews>
   989619
  </reviews>
  <new>
   +
  </new>
  <exclusive>
   yes
  </exclusive>
 </clothing>
 <clothing>
  <id>
   674631507
  </id>
  <name>
   DC Shoes D-1319
  </name>
  <category>
   Shoes
  </category>
  <size>
   M
  </size>
  <color>
   Оранжевый
  </color>
  <material>
   Кожа
  </material>
  <price>
   434621
  </price>
  <rating>
   3.98
  </rating>
  <reviews>
   193430
  </reviews>
  <new>
   +
  </new>
  <exclusive>
   no
  </exclusive>
  <sporty>
   yes
  </sporty>
 </clothing>
 <clothing>
  <id>
   450192786
  </id>
  <name>
   Vans Jacket Y-9868
  </name>
  <category>
   Jacket
  </category>
  <size>
   S
  </size>
  <color>
   Желтый
  </color>
  <material>
   Шерсть
  </material>
  <price>
   208660
  </price>
  <rating>
   4.16
  </rating>
  <reviews>
   281082
  </reviews>
  <sporty>
   no
  </sporty>
 </clothing>
 <clothing>
  <id>
   913531769
  </id>
  <name>
   Addidas Blouse Z-3563
  </name>
  <category>
   Blouse
  </category>
  <size>
   S
  </size>
  <color>
   Зеленый
  </color>
  <material>
   Вискоза
  </material>
  <price>
   519145
  </price>
  <rating>
   3.56
  </rating>
  <reviews>
   632395
  </reviews>
 </clothing>
 <clothing>
  <id>
   629202798
  </id>
  <name>
   PleinSport Dress T-6913
  </name>
  <category>
   Dress
  </category>
  <size>
   XL
  </size>
  <color>
   Зеленый
  </color>
  <material>
   Лен
  </material>
  <price>
   508900
  </price>
  <rating>
   2.22
  </rating>
  <reviews>
   232899
  </reviews>
  <exclusive>
   no
  </exclusive>
  <sporty>
   no
  </sporty>
 </clothing>
 <clothing>
  <id>
   734277278
  </id>
  <name>
   Adidas Shoes N-9166
  </name>
  <category>
   Shoes
  </category>
  <size>
   S
  </size>
  <color>
   Фиолетовый
  </color>
  <material>
   Кожа
  </material>
  <price>
   125103
  </price>
  <rating>
   1.06
  </rating>
  <reviews>
   306536
  </reviews>
  <exclusive>
   yes
  </exclusive>
 </clothing>
 <clothing>
  <id>
   190022471
  </id>
  <name>
   Adidas Hat M-9283
  </name>
  <category>
   Hat
  </category>
  <size>
   L
  </size>
  <color>
   Голубой
  </color>
  <material>
   Кожа
  </material>
  <price>
   841491
  </price>
  <rating>
   1.8
  </rating>
  <reviews>
   177146
  </reviews>
  <exclusive>
   no
  </exclusive>
 </clothing>
 <clothing>
  <id>
   811969654
  </id>
  <name>
   Nike Sweater B-5199
  </name>
  <category>
   Sweater
  </category>
  <size>
   M
  </size>
  <color>
   Голубой
  </color>
  <material>
   Хлопок
  </material>
  <price>
   948232
  </price>
  <rating>
   4.13
  </rating>
  <reviews>
   367322
  </reviews>
  <new>
   +
  </new>
  <exclusive>
   no
  </exclusive>
 </clothing>
 <clothing>
  <id>
   922767312
  </id>
  <name>
   Puma Hat I-9529
  </name>
  <category>
   Hat
  </category>
  <size>
   M
  </size>
  <color>
   Фиолетовый
  </color>
  <material>
   Полиэстер
  </material>
  <price>
   117767
  </price>
  <rating>
   2.75
  </rating>
  <reviews>
   895123
  </reviews>
  <new>
   +
  </new>
 </clothing>
 <clothing>
  <id>
   349715178
  </id>
  <name>
   Addidas Dress N-6058
  </name>
  <category>
   Dress
  </category>
  <size>
   M
  </size>
  <color>
   Синий
  </color>
  <material>
   Шелк
  </material>
  <price>
   732278
  </price>
  <rating>
   4.32
  </rating>
  <reviews>
   550044
  </reviews>
  <new>
   -
  </new>
  <exclusive>
   no
  </exclusive>
  <sporty>
   yes
  </sporty>
 </clothing>
 <clothing>
  <id>
   406669367
  </id>
  <name>
   PleinSport Jeans H-6796
  </name>
  <category>
   Jeans
  </category>
  <size>
   S
  </size>
  <color>
   Зеленый
  </color>
  <material>
   Полиэстер
  </material>
  <price>
   136494
  </price>
  <rating>
   2.8
  </rating>
  <reviews>
   278293
  </reviews>
  <new>
   -
  </new>
 </clothing>
 <clothing>
  <id>
   826331390
  </id>
  <name>
   Puma Shirt D-6996
  </name>
  <category>
   Shirt
  </category>
  <size>
   XL
  </size>
  <color>
   Синий
  </color>
  <material>
   Нейлон
  </material>
  <price>
   293162
  </price>
  <rating>
   4.02
  </rating>
  <reviews>
   939278
  </reviews>
  <new>
   -
  </new>
  <sporty>
   no
  </sporty>
 </clothing>
 <clothing>
  <id>
   529129144
  </id>
  <name>
   Puma Belts K-1639
  </name>
  <category>
   Belts
  </category>
  <size>
   L
  </size>
  <color>
   Фиолетовый
  </color>
  <material>
   Шелк
  </material>
  <price>
   552382
  </price>
  <rating>
   3.23
  </rating>
  <reviews>
   1441
  </reviews>
  <sporty>
   no
  </sporty>
 </clothing>
 <clothing>
  <id>
   980216434
  </id>
  <name>
   Addidas Jacket D-6513
  </name>
  <category>
   Jacket
  </category>
  <size>
   XL
  </size>
  <color>
   Фиолетовый
  </color>
  <material>
   Нейлон
  </material>
  <price>
   291202
  </price>
  <rating>
   1.52
  </rating>
  <reviews>
   387365
  </reviews>
  <new>
   +
  </new>
  <exclusive>
   no
  </exclusive>
  <sporty>
   no
  </sporty>
 </clothing>
 <clothing>
  <id>
   257596565
  </id>
  <name>
   Ellesse Shoes Y-9747
  </name>
  <category>
   Shoes
  </category>
  <size>
   XXL
  </size>
  <color>
   Фиолетовый
  </color>
  <material>
   Нейлон
  </material>
  <price>
   399210
  </price>
  <rating>
   2.42
  </rating>
  <reviews>
   351654
  </reviews>
  <exclusive>
   no
  </exclusive>
 </clothing>
 <clothing>
  <id>
   706346262
  </id>
  <name>
   Under Armour Hat R-9709
  </name>
  <category>
   Hat
  </category>
  <size>
   L
  </size>
  <color>
   Фиолетовый
  </color>
  <material>
   Шелк
  </material>
  <price>
   940257
  </price>
  <rating>
   4.46
  </rating>
  <reviews>
   155136
  </reviews>
  <new>
   +
  </new>
  <exclusive>
   no
  </exclusive>
 </clothing>
 <clothing>
  <id>
   422136483
  </id>
  <name>
   Asics Skirt M-2344
  </name>
  <category>
   Skirt
  </category>
  <size>
   XXL
  </size>
  <color>
   Зеленый
  </color>
  <material>
   Кожа
  </material>
  <price>
   720084
  </price>
  <rating>
   3.65
  </rating>
  <reviews>
   232866
  </reviews>
  <exclusive>
   yes
  </exclusive>
  <sporty>
   yes
  </sporty>
 </clothing>
 <clothing>
  <id>
   364543614
  </id>
  <name>
   Puma Shirt U-1658
  </name>
  <category>
   Shirt
  </category>
  <size>
   XL
  </size>
  <color>
   Желтый
  </color>
  <material>
   Лен
  </material>
  <price>
   101695
  </price>
  <rating>
   1.98
  </rating>
  <reviews>
   454108
  </reviews>
  <new>
   -
  </new>
  <sporty>
   yes
  </sporty>
 </clothing>
 <clothing>
  <id>
   679333970
  </id>
  <name>
   Puma Pants J-9537
  </name>
  <category>
   Pants
  </category>
  <size>
   L
  </size>
  <color>
   Красный
  </color>
  <material>
   Шерсть
  </material>
  <price>
   594969
  </price>
  <rating>
   4.35
  </rating>
  <reviews>
   365041
  </reviews>
  <new>
   -
  </new>
  <exclusive>
   yes
  </exclusive>
 </clothing>
 <clothing>
  <id>
   158171113
  </id>
  <name>
   Under Armour Jeans Z-8149
  </name>
  <category>
   Jeans
  </category>
  <size>
   M
  </size>
  <color>
   Фиолетовый
  </color>
  <material>
   Нейлон
  </material>
  <price>
   741740
  </price>
  <rating>
   1.57
  </rating>
  <reviews>
   356306
  </reviews>
  <exclusive>
   yes
  </exclusive>
  <sporty>
   no
  </sporty>
 </clothing>
 <clothing>
  <id>
   575593348
  </id>
  <name>
   Adidas Dress U-3165
  </name>
  <category>
   Dress
  </category>
  <size>
   S
  </size>
  <color>
   Желтый
  </color>
  <material>
   Нейлон
  </material>
  <price>
   500445
  </price>
  <rating>
   1.25
  </rating>
  <reviews>
   560603
  </reviews>
  <new>
   +
  </new>
  <exclusive>
   yes
  </exclusive>
  <sporty>
   yes
  </sporty>
 </clothing>
 <clothing>
  <id>
   530376788
  </id>
  <name>
   Asics Sweater U-5053
  </name>
  <category>
   Sweater
  </category>
  <size>
   M
  </size>
  <color>
   Красный
  </color>
  <material>
   Вискоза
  </material>
  <price>
   576269
  </price>
  <rating>
   3.13
  </rating>
  <reviews>
   605752
  </reviews>
  <new>
   +
  </new>
 </clothing>
 <clothing>
  <id>
   446536864
  </id>
  <name>
   Nike Umbrellas H-9165
  </name>
  <category>
   Umbrellas
  </category>
  <size>
   L
  </size>
  <color>
   Синий
  </color>
  <material>
   Нейлон
  </material>
  <price>
   663668
  </price>
  <rating>
   1.43
  </rating>
  <reviews>
   511113
  </reviews>
  <new>
   +
  </new>
  <exclusive>
   no
  </exclusive>
  <sporty>
   no
  </sporty>
 </clothing>
 <clothing>
  <id>
   120543504
  </id>
  <name>
   Vans Dress X-2461
  </name>
  <category>
   Dress
  </category>
  <size>
   XXL
  </size>
  <color>
   Голубой
  </color>
  <material>
   Шерсть
  </material>
  <price>
   657247
  </price>
  <rating>
   4.59
  </rating>
  <reviews>
   295698
  </reviews>
  <exclusive>
   yes
  </exclusive>
  <sporty>
   yes
  </sporty>
 </clothing>
 <clothing>
  <id>
   261289685
  </id>
  <name>
   Brooks Blouse X-2022
  </name>
  <category>
   Blouse
  </category>
  <size>
   XXL
  </size>
  <color>
   Фиолетовый
  </color>
  <material>
   Полиэстер
  </material>
  <price>
   572139
  </price>
  <rating>
   2.58
  </rating>
  <reviews>
   851235
  </reviews>
  <exclusive>
   no
  </exclusive>
  <sporty>
   no
  </sporty>
 </clothing>
 <clothing>
  <id>
   680845267
  </id>
  <name>
   Adidas Belts Q-5755
  </name>
  <category>
   Belts
  </category>
  <size>
   XL
  </size>
  <color>
   Оранжевый
  </color>
  <material>
   Хлопок
  </material>
  <price>
   278952
  </price>
  <rating>
   3.51
  </rating>
  <reviews>
   996946
  </reviews>
  <new>
   -
  </new>
  <exclusive>
   no
  </exclusive>
 </clothing>
 <clothing>
  <id>
   418923139
  </id>
  <name>
   DC Umbrellas A-4601
  </name>
  <category>
   Umbrellas
  </category>
  <size>
   XXL
  </size>
  <color>
   Фиолетовый
  </color>
  <material>
   Шерсть
  </material>
  <price>
   439495
  </price>
  <rating>
   3.82
  </rating>
  <reviews>
   761750
  </reviews>
  <new>
   -
  </new>
 </clothing>
 <clothing>
  <id>
   967777268
  </id>
  <name>
   PleinSport Handbags S-3407
  </name>
  <category>
   Handbags
  </category>
  <size>
   S
  </size>
  <color>
   Зеленый
  </color>
  <material>
   Полиэстер
  </material>
  <price>
   370487
  </price>
  <rating>
   2.14
  </rating>
  <reviews>
   283699
  </reviews>
  <sporty>
   yes
  </sporty>
 </clothing>
 <clothing>
  <id>
   658864669
  </id>
  <name>
   DC Pants U-2113
  </name>
  <category>
   Pants
  </category>
  <size>
   S
  </size>
  <color>
   Зеленый
  </color>
  <material>
   Лен
  </material>
  <price>
   671688
  </price>
  <rating>
   2.27
  </rating>
  <reviews>
   170838
  </reviews>
  <new>
   -
  </new>
  <sporty>
   no
  </sporty>
 </clothing>
</clothing-items>
