<?xml version="1.0" encoding="utf-8"?>
<clothing-items>
 <clothing>
  <id>
   874000084
  </id>
  <name>
   Puma Skirt R-6902
  </name>
  <category>
   Skirt
  </category>
  <size>
   L
  </size>
  <color>
   Голубой
  </color>
  <material>
   Нейлон
  </material>
  <price>
   872931
  </price>
  <rating>
   1.75
  </rating>
  <reviews>
   267221
  </reviews>
  <new>
   +
  </new>
  <exclusive>
   no
  </exclusive>
  <sporty>
   no
  </sporty>
 </clothing>
 <clothing>
  <id>
   445383661
  </id>
  <name>
   Lacoste Belts X-6237
  </name>
  <category>
   Belts
  </category>
  <size>
   S
  </size>
  <color>
   Желтый
  </color>
  <material>
   Кожа
  </material>
  <price>
   943634
  </price>
  <rating>
   4.6
  </rating>
  <reviews>
   447896
  </reviews>
  <new>
   -
  </new>
  <exclusive>
   no
  </exclusive>
 </clothing>
 <clothing>
  <id>
   800449297
  </id>
  <name>
   Nike T-shirt J-6442
  </name>
  <category>
   T-shirt
  </category>
  <size>
   L
  </size>
  <color>
   Синий
  </color>
  <material>
   Полиэстер
  </material>
  <price>
   884023
  </price>
  <rating>
   4.58
  </rating>
  <reviews>
   168637
  </reviews>
  <new>
   -
  </new>
 </clothing>
 <clothing>
  <id>
   517591168
  </id>
  <name>
   Addidas T-shirt B-1837
  </name>
  <category>
   T-shirt
  </category>
  <size>
   L
  </size>
  <color>
   Желтый
  </color>
  <material>
   Шелк
  </material>
  <price>
   485916
  </price>
  <rating>
   2.46
  </rating>
  <reviews>
   339955
  </reviews>
  <sporty>
   yes
  </sporty>
 </clothing>
 <clothing>
  <id>
   881436546
  </id>
  <name>
   Brooks Hat J-6251
  </name>
  <category>
   Hat
  </category>
  <size>
   S
  </size>
  <color>
   Оранжевый
  </color>
  <material>
   Хлопок
  </material>
  <price>
   804253
  </price>
  <rating>
   3.6
  </rating>
  <reviews>
   28181
  </reviews>
  <exclusive>
   no
  </exclusive>
 </clothing>
 <clothing>
  <id>
   238389619
  </id>
  <name>
   Converse Socks J-6785
  </name>
  <category>
   Socks
  </category>
  <size>
   M
  </size>
  <color>
   Оранжевый
  </color>
  <material>
   Нейлон
  </material>
  <price>
   859236
  </price>
  <rating>
   3.32
  </rating>
  <reviews>
   76006
  </reviews>
  <new>
   -
  </new>
  <exclusive>
   no
  </exclusive>
  <sporty>
   no
  </sporty>
 </clothing>
 <clothing>
  <id>
   998341897
  </id>
  <name>
   Lacoste Dress Q-2131
  </name>
  <category>
   Dress
  </category>
  <size>
   XL
  </size>
  <color>
   Красный
  </color>
  <material>
   Шелк
  </material>
  <price>
   853597
  </price>
  <rating>
   1.14
  </rating>
  <reviews>
   448173
  </reviews>
  <new>
   -
  </new>
  <exclusive>
   no
  </exclusive>
 </clothing>
 <clothing>
  <id>
   970227615
  </id>
  <name>
   Converse Skirt C-6511
  </name>
  <category>
   Skirt
  </category>
  <size>
   XL
  </size>
  <color>
   Оранжевый
  </color>
  <material>
   Вискоза
  </material>
  <price>
   494230
  </price>
  <rating>
   2.06
  </rating>
  <reviews>
   996977
  </reviews>
  <exclusive>
   yes
  </exclusive>
  <sporty>
   yes
  </sporty>
 </clothing>
 <clothing>
  <id>
   854469371
  </id>
  <name>
   Adidas Hat P-4995
  </name>
  <category>
   Hat
  </category>
  <size>
   L
  </size>
  <color>
   Оранжевый
  </color>
  <material>
   Шелк
  </material>
  <price>
   143018
  </price>
  <rating>
   4.79
  </rating>
  <reviews>
   491358
  </reviews>
  <new>
   -
  </new>
  <exclusive>
   no
  </exclusive>
 </clothing>
 <clothing>
  <id>
   695857436
  </id>
  <name>
   Reebok Jacket G-5421
  </name>
  <category>
   Jacket
  </category>
  <size>
   S
  </size>
  <color>
   Оранжевый
  </color>
  <material>
   Хлопок
  </material>
  <price>
   454861
  </price>
  <rating>
   3.44
  </rating>
  <reviews>
   972354
  </reviews>
  <exclusive>
   yes
  </exclusive>
  <sporty>
   no
  </sporty>
 </clothing>
 <clothing>
  <id>
   501359173
  </id>
  <name>
   Vans Handbags R-1751
  </name>
  <category>
   Handbags
  </category>
  <size>
   XXL
  </size>
  <color>
   Красный
  </color>
  <material>
   Полиэстер
  </material>
  <price>
   106886
  </price>
  <rating>
   3.49
  </rating>
  <reviews>
   299199
  </reviews>
  <new>
   -
  </new>
  <exclusive>
   yes
  </exclusive>
  <sporty>
   yes
  </sporty>
 </clothing>
 <clothing>
  <id>
   959392462
  </id>
  <name>
   Ellesse Sweater A-6772
  </name>
  <category>
   Sweater
  </category>
  <size>
   XXL
  </size>
  <color>
   Фиолетовый
  </color>
  <material>
   Шерсть
  </material>
  <price>
   285976
  </price>
  <rating>
   1.77
  </rating>
  <reviews>
   356295
  </reviews>
 </clothing>
 <clothing>
  <id>
   754484064
  </id>
  <name>
   Puma Shoes K-6874
  </name>
  <category>
   Shoes
  </category>
  <size>
   L
  </size>
  <color>
   Желтый
  </color>
  <material>
   Вискоза
  </material>
  <price>
   717170
  </price>
  <rating>
   4.15
  </rating>
  <reviews>
   946617
  </reviews>
  <sporty>
   yes
  </sporty>
 </clothing>
 <clothing>
  <id>
   681050825
  </id>
  <name>
   Vans Umbrellas Z-7546
  </name>
  <category>
   Umbrellas
  </category>
  <size>
   XL
  </size>
  <color>
   Голубой
  </color>
  <material>
   Шелк
  </material>
  <price>
   576621
  </price>
  <rating>
   2.32
  </rating>
  <reviews>
   952247
  </reviews>
  <sporty>
   no
  </sporty>
 </clothing>
 <clothing>
  <id>
   844306224
  </id>
  <name>
   Puma Socks N-3816
  </name>
  <category>
   Socks
  </category>
  <size>
   L
  </size>
  <color>
   Желтый
  </color>
  <material>
   Хлопок
  </material>
  <price>
   183552
  </price>
  <rating>
   4.37
  </rating>
  <reviews>
   775354
  </reviews>
  <exclusive>
   no
  </exclusive>
 </clothing>
 <clothing>
  <id>
   695858466
  </id>
  <name>
   New Balance Jacket J-6772
  </name>
  <category>
   Jacket
  </category>
  <size>
   L
  </size>
  <color>
   Фиолетовый
  </color>
  <material>
   Хлопок
  </material>
  <price>
   658883
  </price>
  <rating>
   3.3
  </rating>
  <reviews>
   851095
  </reviews>
 </clothing>
 <clothing>
  <id>
   704081035
  </id>
  <name>
   Converse T-shirt C-4643
  </name>
  <category>
   T-shirt
  </category>
  <size>
   XL
  </size>
  <color>
   Красный
  </color>
  <material>
   Полиэстер
  </material>
  <price>
   356214
  </price>
  <rating>
   4.21
  </rating>
  <reviews>
   461323
  </reviews>
  <new>
   +
  </new>
  <exclusive>
   yes
  </exclusive>
  <sporty>
   no
  </sporty>
 </clothing>
 <clothing>
  <id>
   297278000
  </id>
  <name>
   Brooks Shoes L-4820
  </name>
  <category>
   Shoes
  </category>
  <size>
   S
  </size>
  <color>
   Оранжевый
  </color>
  <material>
   Вискоза
  </material>
  <price>
   145213
  </price>
  <rating>
   3.28
  </rating>
  <reviews>
   885827
  </reviews>
  <new>
   -
  </new>
  <sporty>
   yes
  </sporty>
 </clothing>
 <clothing>
  <id>
   370432732
  </id>
  <name>
   Fila Shirt S-3041
  </name>
  <category>
   Shirt
  </category>
  <size>
   S
  </size>
  <color>
   Голубой
  </color>
  <material>
   Шерсть
  </material>
  <price>
   372578
  </price>
  <rating>
   3.8
  </rating>
  <reviews>
   456251
  </reviews>
  <exclusive>
   no
  </exclusive>
  <sporty>
   no
  </sporty>
 </clothing>
 <clothing>
  <id>
   716747915
  </id>
  <name>
   Puma Handbags P-1235
  </name>
  <category>
   Handbags
  </category>
  <size>
   S
  </size>
  <color>
   Фиолетовый
  </color>
  <material>
   Лен
  </material>
  <price>
   854740
  </price>
  <rating>
   1.29
  </rating>
  <reviews>
   185040
  </reviews>
  <new>
   -
  </new>
  <exclusive>
   no
  </exclusive>
  <sporty>
   no
  </sporty>
 </clothing>
 <clothing>
  <id>
   112680592
  </id>
  <name>
   Nike Jeans S-7198
  </name>
  <category>
   Jeans
  </category>
  <size>
   L
  </size>
  <color>
   Желтый
  </color>
  <material>
   Хлопок
  </material>
  <price>
   514579
  </price>
  <rating>
   2.59
  </rating>
  <reviews>
   469461
  </reviews>
  <exclusive>
   no
  </exclusive>
 </clothing>
 <clothing>
  <id>
   183885429
  </id>
  <name>
   Nike Dress X-7087
  </name>
  <category>
   Dress
  </category>
  <size>
   M
  </size>
  <color>
   Зеленый
  </color>
  <material>
   Полиэстер
  </material>
  <price>
   158881
  </price>
  <rating>
   3.7
  </rating>
  <reviews>
   589155
  </reviews>
  <exclusive>
   no
  </exclusive>
  <sporty>
   no
  </sporty>
 </clothing>
 <clothing>
  <id>
   934062798
  </id>
  <name>
   PleinSport Umbrellas I-2586
  </name>
  <category>
   Umbrellas
  </category>
  <size>
   M
  </size>
  <color>
   Голубой
  </color>
  <material>
   Шелк
  </material>
  <price>
   282268
  </price>
  <rating>
   3.4
  </rating>
  <reviews>
   836652
  </reviews>
  <new>
   -
  </new>
  <exclusive>
   no
  </exclusive>
 </clothing>
 <clothing>
  <id>
   101749361
  </id>
  <name>
   Ellesse Gloves C-6535
  </name>
  <category>
   Gloves
  </category>
  <size>
   M
  </size>
  <color>
   Фиолетовый
  </color>
  <material>
   Кожа
  </material>
  <price>
   377086
  </price>
  <rating>
   3.51
  </rating>
  <reviews>
   759816
  </reviews>
  <new>
   +
  </new>
  <exclusive>
   no
  </exclusive>
  <sporty>
   no
  </sporty>
 </clothing>
 <clothing>
  <id>
   831639405
  </id>
  <name>
   Converse Skirt K-2932
  </name>
  <category>
   Skirt
  </category>
  <size>
   XL
  </size>
  <color>
   Синий
  </color>
  <material>
   Кожа
  </material>
  <price>
   400130
  </price>
  <rating>
   1.27
  </rating>
  <reviews>
   588664
  </reviews>
  <new>
   +
  </new>
  <exclusive>
   no
  </exclusive>
 </clothing>
 <clothing>
  <id>
   750561635
  </id>
  <name>
   Ellesse Blouse G-5857
  </name>
  <category>
   Blouse
  </category>
  <size>
   M
  </size>
  <color>
   Красный
  </color>
  <material>
   Нейлон
  </material>
  <price>
   913834
  </price>
  <rating>
   3.26
  </rating>
  <reviews>
   829782
  </reviews>
  <new>
   +
  </new>
  <exclusive>
   no
  </exclusive>
  <sporty>
   no
  </sporty>
 </clothing>
 <clothing>
  <id>
   922634630
  </id>
  <name>
   Under Armour Pants Z-5866
  </name>
  <category>
   Pants
  </category>
  <size>
   L
  </size>
  <color>
   Зеленый
  </color>
  <material>
   Шелк
  </material>
  <price>
   767599
  </price>
  <rating>
   2.04
  </rating>
  <reviews>
   968428
  </reviews>
  <exclusive>
   no
  </exclusive>
 </clothing>
 <clothing>
  <id>
   367651846
  </id>
  <name>
   Brooks Sweater G-5028
  </name>
  <category>
   Sweater
  </category>
  <size>
   M
  </size>
  <color>
   Красный
  </color>
  <material>
   Нейлон
  </material>
  <price>
   773637
  </price>
  <rating>
   2.89
  </rating>
  <reviews>
   791156
  </reviews>
  <new>
   +
  </new>
  <sporty>
   yes
  </sporty>
 </clothing>
 <clothing>
  <id>
   100287870
  </id>
  <name>
   Brooks Sweater U-8165
  </name>
  <category>
   Sweater
  </category>
  <size>
   XL
  </size>
  <color>
   Желтый
  </color>
  <material>
   Кожа
  </material>
  <price>
   145082
  </price>
  <rating>
   1.82
  </rating>
  <reviews>
   804008
  </reviews>
  <sporty>
   no
  </sporty>
 </clothing>
 <clothing>
  <id>
   519832192
  </id>
  <name>
   Converse Gloves I-2360
  </name>
  <category>
   Gloves
  </category>
  <size>
   XL
  </size>
  <color>
   Желтый
  </color>
  <material>
   Кожа
  </material>
  <price>
   596941
  </price>
  <rating>
   4.14
  </rating>
  <reviews>
   530292
  </reviews>
  <new>
   -
  </new>
  <exclusive>
   no
  </exclusive>
 </clothing>
 <clothing>
  <id>
   972016641
  </id>
  <name>
   Reebok Socks C-2160
  </name>
  <category>
   Socks
  </category>
  <size>
   XXL
  </size>
  <color>
   Желтый
  </color>
  <material>
   Лен
  </material>
  <price>
   973798
  </price>
  <rating>
   4.68
  </rating>
  <reviews>
   23779
  </reviews>
  <exclusive>
   no
  </exclusive>
  <sporty>
   no
  </sporty>
 </clothing>
 <clothing>
  <id>
   100056637
  </id>
  <name>
   Reebok Skirt K-4546
  </name>
  <category>
   Skirt
  </category>
  <size>
   S
  </size>
  <color>
   Голубой
  </color>
  <material>
   Лен
  </material>
  <price>
   410847
  </price>
  <rating>
   2.06
  </rating>
  <reviews>
   786942
  </reviews>
  <exclusive>
   no
  </exclusive>
  <sporty>
   no
  </sporty>
 </clothing>
 <clothing>
  <id>
   634571307
  </id>
  <name>
   Puma Shirt J-6675
  </name>
  <category>
   Shirt
  </category>
  <size>
   XXL
  </size>
  <color>
   Фиолетовый
  </color>
  <material>
   Шерсть
  </material>
  <price>
   583588
  </price>
  <rating>
   2.13
  </rating>
  <reviews>
   700373
  </reviews>
  <new>
   +
  </new>
 </clothing>
 <clothing>
  <id>
   219043964
  </id>
  <name>
   Vans Pants K-7384
  </name>
  <category>
   Pants
  </category>
  <size>
   M
  </size>
  <color>
   Оранжевый
  </color>
  <material>
   Кожа
  </material>
  <price>
   157976
  </price>
  <rating>
   1.13
  </rating>
  <reviews>
   953394
  </reviews>
  <new>
   +
  </new>
  <exclusive>
   no
  </exclusive>
 </clothing>
 <clothing>
  <id>
   952284063
  </id>
  <name>
   Converse Gloves M-4632
  </name>
  <category>
   Gloves
  </category>
  <size>
   M
  </size>
  <color>
   Оранжевый
  </color>
  <material>
   Шерсть
  </material>
  <price>
   617307
  </price>
  <rating>
   1.58
  </rating>
  <reviews>
   413420
  </reviews>
  <exclusive>
   yes
  </exclusive>
  <sporty>
   no
  </sporty>
 </clothing>
 <clothing>
  <id>
   318559517
  </id>
  <name>
   Vans Jeans G-9434
  </name>
  <category>
   Jeans
  </category>
  <size>
   XL
  </size>
  <color>
   Красный
  </color>
  <material>
   Нейлон
  </material>
  <price>
   229322
  </price>
  <rating>
   1.09
  </rating>
  <reviews>
   872094
  </reviews>
  <sporty>
   yes
  </sporty>
 </clothing>
 <clothing>
  <id>
   645909338
  </id>
  <name>
   Vans Handbags D-6641
  </name>
  <category>
   Handbags
  </category>
  <size>
   S
  </size>
  <color>
   Зеленый
  </color>
  <material>
   Полиэстер
  </material>
  <price>
   363440
  </price>
  <rating>
   3.12
  </rating>
  <reviews>
   173217
  </reviews>
  <new>
   +
  </new>
 </clothing>
 <clothing>
  <id>
   214606315
  </id>
  <name>
   PleinSport Belts E-5472
  </name>
  <category>
   Belts
  </category>
  <size>
   S
  </size>
  <color>
   Фиолетовый
  </color>
  <material>
   Хлопок
  </material>
  <price>
   518696
  </price>
  <rating>
   4.82
  </rating>
  <reviews>
   953891
  </reviews>
  <new>
   +
  </new>
  <exclusive>
   no
  </exclusive>
 </clothing>
 <clothing>
  <id>
   869196068
  </id>
  <name>
   Reebok Blouse S-5489
  </name>
  <category>
   Blouse
  </category>
  <size>
   L
  </size>
  <color>
   Фиолетовый
  </color>
  <material>
   Лен
  </material>
  <price>
   991415
  </price>
  <rating>
   2.88
  </rating>
  <reviews>
   213504
  </reviews>
  <new>
   -
  </new>
  <sporty>
   yes
  </sporty>
 </clothing>
 <clothing>
  <id>
   234582437
  </id>
  <name>
   New Balance Gloves G-3308
  </name>
  <category>
   Gloves
  </category>
  <size>
   XL
  </size>
  <color>
   Красный
  </color>
  <material>
   Шерсть
  </material>
  <price>
   798773
  </price>
  <rating>
   2.65
  </rating>
  <reviews>
   690183
  </reviews>
  <new>
   -
  </new>
 </clothing>
 <clothing>
  <id>
   781031469
  </id>
  <name>
   Brooks Dress Y-9056
  </name>
  <category>
   Dress
  </category>
  <size>
   L
  </size>
  <color>
   Желтый
  </color>
  <material>
   Полиэстер
  </material>
  <price>
   571160
  </price>
  <rating>
   4.56
  </rating>
  <reviews>
   256420
  </reviews>
  <sporty>
   no
  </sporty>
 </clothing>
 <clothing>
  <id>
   926376395
  </id>
  <name>
   Puma Gloves V-3092
  </name>
  <category>
   Gloves
  </category>
  <size>
   XXL
  </size>
  <color>
   Желтый
  </color>
  <material>
   Полиэстер
  </material>
  <price>
   638707
  </price>
  <rating>
   1.97
  </rating>
  <reviews>
   591705
  </reviews>
  <exclusive>
   no
  </exclusive>
 </clothing>
</clothing-items>
