<?xml version="1.0" encoding="utf-8"?>
<clothing-items>
 <clothing>
  <id>
   857785701
  </id>
  <name>
   New Balance Hat V-6234
  </name>
  <category>
   Hat
  </category>
  <size>
   S
  </size>
  <color>
   Синий
  </color>
  <material>
   Лен
  </material>
  <price>
   373295
  </price>
  <rating>
   1.16
  </rating>
  <reviews>
   293514
  </reviews>
  <new>
   -
  </new>
  <exclusive>
   no
  </exclusive>
  <sporty>
   yes
  </sporty>
 </clothing>
 <clothing>
  <id>
   239729962
  </id>
  <name>
   Under Armour Skirt F-1533
  </name>
  <category>
   Skirt
  </category>
  <size>
   XL
  </size>
  <color>
   Фиолетовый
  </color>
  <material>
   Нейлон
  </material>
  <price>
   208584
  </price>
  <rating>
   2.12
  </rating>
  <reviews>
   979555
  </reviews>
  <new>
   -
  </new>
  <exclusive>
   yes
  </exclusive>
  <sporty>
   yes
  </sporty>
 </clothing>
 <clothing>
  <id>
   748186740
  </id>
  <name>
   Adidas Hat W-5226
  </name>
  <category>
   Hat
  </category>
  <size>
   XXL
  </size>
  <color>
   Красный
  </color>
  <material>
   Шерсть
  </material>
  <price>
   308654
  </price>
  <rating>
   4.5
  </rating>
  <reviews>
   67631
  </reviews>
  <exclusive>
   no
  </exclusive>
  <sporty>
   no
  </sporty>
 </clothing>
 <clothing>
  <id>
   839595356
  </id>
  <name>
   Vans Handbags O-5856
  </name>
  <category>
   Handbags
  </category>
  <size>
   S
  </size>
  <color>
   Оранжевый
  </color>
  <material>
   Лен
  </material>
  <price>
   903011
  </price>
  <rating>
   2.89
  </rating>
  <reviews>
   643396
  </reviews>
  <new>
   +
  </new>
  <exclusive>
   no
  </exclusive>
  <sporty>
   no
  </sporty>
 </clothing>
 <clothing>
  <id>
   742534565
  </id>
  <name>
   Ellesse Skirt S-9911
  </name>
  <category>
   Skirt
  </category>
  <size>
   L
  </size>
  <color>
   Зеленый
  </color>
  <material>
   Кожа
  </material>
  <price>
   242152
  </price>
  <rating>
   4.19
  </rating>
  <reviews>
   956590
  </reviews>
  <new>
   -
  </new>
 </clothing>
 <clothing>
  <id>
   430183955
  </id>
  <name>
   Reebok Handbags J-4487
  </name>
  <category>
   Handbags
  </category>
  <size>
   M
  </size>
  <color>
   Зеленый
  </color>
  <material>
   Шелк
  </material>
  <price>
   988658
  </price>
  <rating>
   4.96
  </rating>
  <reviews>
   639766
  </reviews>
  <new>
   -
  </new>
  <sporty>
   no
  </sporty>
 </clothing>
 <clothing>
  <id>
   381202704
  </id>
  <name>
   Reebok Skirt F-8617
  </name>
  <category>
   Skirt
  </category>
  <size>
   XXL
  </size>
  <color>
   Фиолетовый
  </color>
  <material>
   Шерсть
  </material>
  <price>
   998381
  </price>
  <rating>
   2.73
  </rating>
  <reviews>
   368030
  </reviews>
  <exclusive>
   no
  </exclusive>
  <sporty>
   no
  </sporty>
 </clothing>
 <clothing>
  <id>
   576673093
  </id>
  <name>
   Reebok Skirt B-1178
  </name>
  <category>
   Skirt
  </category>
  <size>
   S
  </size>
  <color>
   Голубой
  </color>
  <material>
   Кожа
  </material>
  <price>
   340070
  </price>
  <rating>
   3.47
  </rating>
  <reviews>
   979907
  </reviews>
  <new>
   -
  </new>
 </clothing>
 <clothing>
  <id>
   734275888
  </id>
  <name>
   Ellesse Socks B-1683
  </name>
  <category>
   Socks
  </category>
  <size>
   L
  </size>
  <color>
   Голубой
  </color>
  <material>
   Лен
  </material>
  <price>
   543814
  </price>
  <rating>
   3.27
  </rating>
  <reviews>
   824764
  </reviews>
  <new>
   +
  </new>
  <exclusive>
   no
  </exclusive>
 </clothing>
 <clothing>
  <id>
   687949973
  </id>
  <name>
   Converse Shoes O-6541
  </name>
  <category>
   Shoes
  </category>
  <size>
   S
  </size>
  <color>
   Зеленый
  </color>
  <material>
   Кожа
  </material>
  <price>
   409234
  </price>
  <rating>
   1.03
  </rating>
  <reviews>
   328532
  </reviews>
  <new>
   +
  </new>
  <exclusive>
   yes
  </exclusive>
  <sporty>
   yes
  </sporty>
 </clothing>
 <clothing>
  <id>
   448985088
  </id>
  <name>
   New Balance Socks I-1890
  </name>
  <category>
   Socks
  </category>
  <size>
   S
  </size>
  <color>
   Красный
  </color>
  <material>
   Шерсть
  </material>
  <price>
   719098
  </price>
  <rating>
   1.25
  </rating>
  <reviews>
   497070
  </reviews>
  <sporty>
   no
  </sporty>
 </clothing>
</clothing-items>
