<?xml version="1.0" encoding="utf-8"?>
<clothing-items>
 <clothing>
  <id>
   249057385
  </id>
  <name>
   Fila Belts H-8271
  </name>
  <category>
   Belts
  </category>
  <size>
   L
  </size>
  <color>
   Зеленый
  </color>
  <material>
   Вискоза
  </material>
  <price>
   836571
  </price>
  <rating>
   4.54
  </rating>
  <reviews>
   947370
  </reviews>
 </clothing>
 <clothing>
  <id>
   680831006
  </id>
  <name>
   Vans Shoes I-5595
  </name>
  <category>
   Shoes
  </category>
  <size>
   XL
  </size>
  <color>
   Желтый
  </color>
  <material>
   Нейлон
  </material>
  <price>
   342430
  </price>
  <rating>
   2.14
  </rating>
  <reviews>
   480858
  </reviews>
  <exclusive>
   no
  </exclusive>
  <sporty>
   no
  </sporty>
 </clothing>
 <clothing>
  <id>
   637480059
  </id>
  <name>
   Puma Skirt D-9661
  </name>
  <category>
   Skirt
  </category>
  <size>
   L
  </size>
  <color>
   Синий
  </color>
  <material>
   Полиэстер
  </material>
  <price>
   711934
  </price>
  <rating>
   2.78
  </rating>
  <reviews>
   508920
  </reviews>
  <new>
   -
  </new>
  <exclusive>
   no
  </exclusive>
 </clothing>
 <clothing>
  <id>
   110443596
  </id>
  <name>
   Vans Umbrellas V-2508
  </name>
  <category>
   Umbrellas
  </category>
  <size>
   XXL
  </size>
  <color>
   Оранжевый
  </color>
  <material>
   Полиэстер
  </material>
  <price>
   107107
  </price>
  <rating>
   4.95
  </rating>
  <reviews>
   604139
  </reviews>
  <exclusive>
   no
  </exclusive>
  <sporty>
   no
  </sporty>
 </clothing>
 <clothing>
  <id>
   548735686
  </id>
  <name>
   Fila Skirt V-9866
  </name>
  <category>
   Skirt
  </category>
  <size>
   XXL
  </size>
  <color>
   Желтый
  </color>
  <material>
   Вискоза
  </material>
  <price>
   816785
  </price>
  <rating>
   4.03
  </rating>
  <reviews>
   894599
  </reviews>
 </clothing>
 <clothing>
  <id>
   163675230
  </id>
  <name>
   PleinSport Sweater P-4762
  </name>
  <category>
   Sweater
  </category>
  <size>
   L
  </size>
  <color>
   Оранжевый
  </color>
  <material>
   Кожа
  </material>
  <price>
   409742
  </price>
  <rating>
   4.37
  </rating>
  <reviews>
   702897
  </reviews>
  <exclusive>
   no
  </exclusive>
  <sporty>
   no
  </sporty>
 </clothing>
 <clothing>
  <id>
   205931742
  </id>
  <name>
   Adidas Socks N-6517
  </name>
  <category>
   Socks
  </category>
  <size>
   XL
  </size>
  <color>
   Желтый
  </color>
  <material>
   Шерсть
  </material>
  <price>
   275170
  </price>
  <rating>
   4.22
  </rating>
  <reviews>
   609434
  </reviews>
  <new>
   -
  </new>
  <exclusive>
   no
  </exclusive>
  <sporty>
   yes
  </sporty>
 </clothing>
 <clothing>
  <id>
   509611419
  </id>
  <name>
   Vans Sweater G-2703
  </name>
  <category>
   Sweater
  </category>
  <size>
   XXL
  </size>
  <color>
   Голубой
  </color>
  <material>
   Шерсть
  </material>
  <price>
   415398
  </price>
  <rating>
   3.15
  </rating>
  <reviews>
   402550
  </reviews>
  <exclusive>
   yes
  </exclusive>
 </clothing>
 <clothing>
  <id>
   270469160
  </id>
  <name>
   DC Sweater H-5774
  </name>
  <category>
   Sweater
  </category>
  <size>
   S
  </size>
  <color>
   Фиолетовый
  </color>
  <material>
   Лен
  </material>
  <price>
   183535
  </price>
  <rating>
   1.07
  </rating>
  <reviews>
   892370
  </reviews>
  <new>
   -
  </new>
 </clothing>
 <clothing>
  <id>
   329215413
  </id>
  <name>
   Converse Shirt B-9240
  </name>
  <category>
   Shirt
  </category>
  <size>
   S
  </size>
  <color>
   Желтый
  </color>
  <material>
   Хлопок
  </material>
  <price>
   485640
  </price>
  <rating>
   4.78
  </rating>
  <reviews>
   854165
  </reviews>
  <new>
   +
  </new>
  <exclusive>
   no
  </exclusive>
  <sporty>
   no
  </sporty>
 </clothing>
 <clothing>
  <id>
   503820400
  </id>
  <name>
   Vans Dress T-7073
  </name>
  <category>
   Dress
  </category>
  <size>
   M
  </size>
  <color>
   Оранжевый
  </color>
  <material>
   Вискоза
  </material>
  <price>
   446561
  </price>
  <rating>
   2.37
  </rating>
  <reviews>
   399900
  </reviews>
 </clothing>
 <clothing>
  <id>
   589966122
  </id>
  <name>
   Ellesse Umbrellas G-8087
  </name>
  <category>
   Umbrellas
  </category>
  <size>
   S
  </size>
  <color>
   Голубой
  </color>
  <material>
   Шерсть
  </material>
  <price>
   307520
  </price>
  <rating>
   2.93
  </rating>
  <reviews>
   236606
  </reviews>
  <new>
   -
  </new>
 </clothing>
 <clothing>
  <id>
   113040239
  </id>
  <name>
   Nike Umbrellas F-7065
  </name>
  <category>
   Umbrellas
  </category>
  <size>
   M
  </size>
  <color>
   Фиолетовый
  </color>
  <material>
   Кожа
  </material>
  <price>
   494449
  </price>
  <rating>
   1.07
  </rating>
  <reviews>
   520478
  </reviews>
 </clothing>
 <clothing>
  <id>
   283183916
  </id>
  <name>
   Reebok Belts T-5997
  </name>
  <category>
   Belts
  </category>
  <size>
   M
  </size>
  <color>
   Оранжевый
  </color>
  <material>
   Лен
  </material>
  <price>
   933185
  </price>
  <rating>
   1.23
  </rating>
  <reviews>
   943959
  </reviews>
  <exclusive>
   no
  </exclusive>
  <sporty>
   no
  </sporty>
 </clothing>
 <clothing>
  <id>
   747510467
  </id>
  <name>
   Adidas Pants A-8560
  </name>
  <category>
   Pants
  </category>
  <size>
   M
  </size>
  <color>
   Синий
  </color>
  <material>
   Шелк
  </material>
  <price>
   980419
  </price>
  <rating>
   3.17
  </rating>
  <reviews>
   61471
  </reviews>
 </clothing>
 <clothing>
  <id>
   455483297
  </id>
  <name>
   Lacoste T-shirt T-5030
  </name>
  <category>
   T-shirt
  </category>
  <size>
   XL
  </size>
  <color>
   Оранжевый
  </color>
  <material>
   Шерсть
  </material>
  <price>
   202396
  </price>
  <rating>
   1.27
  </rating>
  <reviews>
   338527
  </reviews>
  <new>
   +
  </new>
 </clothing>
 <clothing>
  <id>
   629511745
  </id>
  <name>
   Ellesse Jacket A-5303
  </name>
  <category>
   Jacket
  </category>
  <size>
   XL
  </size>
  <color>
   Желтый
  </color>
  <material>
   Вискоза
  </material>
  <price>
   912036
  </price>
  <rating>
   3.99
  </rating>
  <reviews>
   996964
  </reviews>
  <new>
   -
  </new>
 </clothing>
 <clothing>
  <id>
   283629791
  </id>
  <name>
   Brooks Dress R-9748
  </name>
  <category>
   Dress
  </category>
  <size>
   XL
  </size>
  <color>
   Желтый
  </color>
  <material>
   Лен
  </material>
  <price>
   479718
  </price>
  <rating>
   1.08
  </rating>
  <reviews>
   987709
  </reviews>
  <new>
   -
  </new>
  <sporty>
   yes
  </sporty>
 </clothing>
 <clothing>
  <id>
   110144844
  </id>
  <name>
   Under Armour T-shirt W-1048
  </name>
  <category>
   T-shirt
  </category>
  <size>
   M
  </size>
  <color>
   Синий
  </color>
  <material>
   Шерсть
  </material>
  <price>
   867919
  </price>
  <rating>
   2.7
  </rating>
  <reviews>
   383627
  </reviews>
  <exclusive>
   no
  </exclusive>
 </clothing>
 <clothing>
  <id>
   954134249
  </id>
  <name>
   Nike Jacket S-2208
  </name>
  <category>
   Jacket
  </category>
  <size>
   M
  </size>
  <color>
   Синий
  </color>
  <material>
   Шелк
  </material>
  <price>
   214253
  </price>
  <rating>
   1.51
  </rating>
  <reviews>
   948958
  </reviews>
  <sporty>
   no
  </sporty>
 </clothing>
 <clothing>
  <id>
   631524412
  </id>
  <name>
   Puma Umbrellas F-2763
  </name>
  <category>
   Umbrellas
  </category>
  <size>
   M
  </size>
  <color>
   Фиолетовый
  </color>
  <material>
   Вискоза
  </material>
  <price>
   598774
  </price>
  <rating>
   2.21
  </rating>
  <reviews>
   468863
  </reviews>
  <new>
   -
  </new>
  <sporty>
   no
  </sporty>
 </clothing>
 <clothing>
  <id>
   515843449
  </id>
  <name>
   Fila Skirt U-7803
  </name>
  <category>
   Skirt
  </category>
  <size>
   XL
  </size>
  <color>
   Фиолетовый
  </color>
  <material>
   Шерсть
  </material>
  <price>
   438966
  </price>
  <rating>
   3.87
  </rating>
  <reviews>
   639093
  </reviews>
  <exclusive>
   yes
  </exclusive>
  <sporty>
   no
  </sporty>
 </clothing>
 <clothing>
  <id>
   749259294
  </id>
  <name>
   PleinSport Umbrellas N-6898
  </name>
  <category>
   Umbrellas
  </category>
  <size>
   XL
  </size>
  <color>
   Оранжевый
  </color>
  <material>
   Нейлон
  </material>
  <price>
   590007
  </price>
  <rating>
   4.87
  </rating>
  <reviews>
   966723
  </reviews>
  <exclusive>
   yes
  </exclusive>
  <sporty>
   no
  </sporty>
 </clothing>
 <clothing>
  <id>
   186545948
  </id>
  <name>
   Puma Shirt J-5654
  </name>
  <category>
   Shirt
  </category>
  <size>
   S
  </size>
  <color>
   Оранжевый
  </color>
  <material>
   Шелк
  </material>
  <price>
   548130
  </price>
  <rating>
   3.97
  </rating>
  <reviews>
   761618
  </reviews>
  <new>
   +
  </new>
 </clothing>
</clothing-items>
