<?xml version="1.0" encoding="utf-8"?>
<clothing-items>
 <clothing>
  <id>
   885346112
  </id>
  <name>
   Ellesse Blouse P-5658
  </name>
  <category>
   Blouse
  </category>
  <size>
   M
  </size>
  <color>
   Оранжевый
  </color>
  <material>
   Шерсть
  </material>
  <price>
   946890
  </price>
  <rating>
   3.46
  </rating>
  <reviews>
   594998
  </reviews>
 </clothing>
 <clothing>
  <id>
   319624159
  </id>
  <name>
   Lacoste Handbags C-5379
  </name>
  <category>
   Handbags
  </category>
  <size>
   XXL
  </size>
  <color>
   Оранжевый
  </color>
  <material>
   Лен
  </material>
  <price>
   307892
  </price>
  <rating>
   1.76
  </rating>
  <reviews>
   436849
  </reviews>
  <new>
   -
  </new>
  <exclusive>
   no
  </exclusive>
 </clothing>
 <clothing>
  <id>
   127256079
  </id>
  <name>
   New Balance Gloves M-3369
  </name>
  <category>
   Gloves
  </category>
  <size>
   L
  </size>
  <color>
   Зеленый
  </color>
  <material>
   Нейлон
  </material>
  <price>
   755238
  </price>
  <rating>
   1.94
  </rating>
  <reviews>
   534737
  </reviews>
  <exclusive>
   no
  </exclusive>
 </clothing>
 <clothing>
  <id>
   685210698
  </id>
  <name>
   Nike Sweater C-5162
  </name>
  <category>
   Sweater
  </category>
  <size>
   L
  </size>
  <color>
   Зеленый
  </color>
  <material>
   Шелк
  </material>
  <price>
   156493
  </price>
  <rating>
   1.88
  </rating>
  <reviews>
   713136
  </reviews>
  <exclusive>
   yes
  </exclusive>
 </clothing>
 <clothing>
  <id>
   753959182
  </id>
  <name>
   Puma Shirt T-9930
  </name>
  <category>
   Shirt
  </category>
  <size>
   XXL
  </size>
  <color>
   Синий
  </color>
  <material>
   Шерсть
  </material>
  <price>
   306244
  </price>
  <rating>
   2.36
  </rating>
  <reviews>
   875357
  </reviews>
  <new>
   -
  </new>
 </clothing>
 <clothing>
  <id>
   592066099
  </id>
  <name>
   Adidas Shoes E-2352
  </name>
  <category>
   Shoes
  </category>
  <size>
   S
  </size>
  <color>
   Красный
  </color>
  <material>
   Хлопок
  </material>
  <price>
   611195
  </price>
  <rating>
   4.61
  </rating>
  <reviews>
   82710
  </reviews>
  <new>
   +
  </new>
 </clothing>
 <clothing>
  <id>
   742027802
  </id>
  <name>
   Under Armour Shirt X-4016
  </name>
  <category>
   Shirt
  </category>
  <size>
   S
  </size>
  <color>
   Зеленый
  </color>
  <material>
   Вискоза
  </material>
  <price>
   102711
  </price>
  <rating>
   2.67
  </rating>
  <reviews>
   648670
  </reviews>
  <new>
   -
  </new>
 </clothing>
 <clothing>
  <id>
   650700972
  </id>
  <name>
   Brooks Jeans M-4372
  </name>
  <category>
   Jeans
  </category>
  <size>
   XXL
  </size>
  <color>
   Красный
  </color>
  <material>
   Шерсть
  </material>
  <price>
   498982
  </price>
  <rating>
   1.86
  </rating>
  <reviews>
   541654
  </reviews>
  <new>
   +
  </new>
  <exclusive>
   no
  </exclusive>
  <sporty>
   yes
  </sporty>
 </clothing>
 <clothing>
  <id>
   488446749
  </id>
  <name>
   Converse Shirt W-1468
  </name>
  <category>
   Shirt
  </category>
  <size>
   L
  </size>
  <color>
   Красный
  </color>
  <material>
   Кожа
  </material>
  <price>
   144956
  </price>
  <rating>
   3.92
  </rating>
  <reviews>
   13065
  </reviews>
  <new>
   -
  </new>
  <exclusive>
   yes
  </exclusive>
 </clothing>
 <clothing>
  <id>
   596438255
  </id>
  <name>
   Adidas Dress J-2844
  </name>
  <category>
   Dress
  </category>
  <size>
   M
  </size>
  <color>
   Синий
  </color>
  <material>
   Кожа
  </material>
  <price>
   762892
  </price>
  <rating>
   4.74
  </rating>
  <reviews>
   160787
  </reviews>
 </clothing>
 <clothing>
  <id>
   668283392
  </id>
  <name>
   Vans Jeans X-7717
  </name>
  <category>
   Jeans
  </category>
  <size>
   S
  </size>
  <color>
   Фиолетовый
  </color>
  <material>
   Кожа
  </material>
  <price>
   269413
  </price>
  <rating>
   2.72
  </rating>
  <reviews>
   642813
  </reviews>
  <new>
   +
  </new>
  <sporty>
   no
  </sporty>
 </clothing>
 <clothing>
  <id>
   981147039
  </id>
  <name>
   Fila Handbags V-5536
  </name>
  <category>
   Handbags
  </category>
  <size>
   L
  </size>
  <color>
   Оранжевый
  </color>
  <material>
   Лен
  </material>
  <price>
   606403
  </price>
  <rating>
   3.66
  </rating>
  <reviews>
   317228
  </reviews>
  <new>
   -
  </new>
  <sporty>
   yes
  </sporty>
 </clothing>
 <clothing>
  <id>
   656741576
  </id>
  <name>
   Ellesse Sweater E-2965
  </name>
  <category>
   Sweater
  </category>
  <size>
   XL
  </size>
  <color>
   Голубой
  </color>
  <material>
   Вискоза
  </material>
  <price>
   374919
  </price>
  <rating>
   1.58
  </rating>
  <reviews>
   48314
  </reviews>
  <new>
   -
  </new>
 </clothing>
 <clothing>
  <id>
   643765992
  </id>
  <name>
   Lacoste T-shirt O-6532
  </name>
  <category>
   T-shirt
  </category>
  <size>
   L
  </size>
  <color>
   Фиолетовый
  </color>
  <material>
   Шелк
  </material>
  <price>
   464202
  </price>
  <rating>
   1.4
  </rating>
  <reviews>
   412819
  </reviews>
  <exclusive>
   no
  </exclusive>
  <sporty>
   no
  </sporty>
 </clothing>
 <clothing>
  <id>
   295413970
  </id>
  <name>
   Vans Skirt U-3986
  </name>
  <category>
   Skirt
  </category>
  <size>
   S
  </size>
  <color>
   Желтый
  </color>
  <material>
   Вискоза
  </material>
  <price>
   853075
  </price>
  <rating>
   2.77
  </rating>
  <reviews>
   40998
  </reviews>
  <new>
   -
  </new>
  <exclusive>
   no
  </exclusive>
  <sporty>
   no
  </sporty>
 </clothing>
 <clothing>
  <id>
   520830718
  </id>
  <name>
   Fila Shirt Z-2300
  </name>
  <category>
   Shirt
  </category>
  <size>
   M
  </size>
  <color>
   Зеленый
  </color>
  <material>
   Полиэстер
  </material>
  <price>
   467888
  </price>
  <rating>
   2.91
  </rating>
  <reviews>
   461381
  </reviews>
  <new>
   -
  </new>
  <exclusive>
   yes
  </exclusive>
  <sporty>
   no
  </sporty>
 </clothing>
 <clothing>
  <id>
   612835052
  </id>
  <name>
   Reebok Shoes O-2162
  </name>
  <category>
   Shoes
  </category>
  <size>
   XXL
  </size>
  <color>
   Зеленый
  </color>
  <material>
   Вискоза
  </material>
  <price>
   168774
  </price>
  <rating>
   2.93
  </rating>
  <reviews>
   569290
  </reviews>
  <new>
   -
  </new>
  <exclusive>
   yes
  </exclusive>
  <sporty>
   no
  </sporty>
 </clothing>
 <clothing>
  <id>
   268735745
  </id>
  <name>
   PleinSport Socks E-4918
  </name>
  <category>
   Socks
  </category>
  <size>
   XL
  </size>
  <color>
   Красный
  </color>
  <material>
   Лен
  </material>
  <price>
   640030
  </price>
  <rating>
   4.03
  </rating>
  <reviews>
   291919
  </reviews>
  <exclusive>
   yes
  </exclusive>
  <sporty>
   no
  </sporty>
 </clothing>
 <clothing>
  <id>
   218367170
  </id>
  <name>
   Asics Shoes V-2868
  </name>
  <category>
   Shoes
  </category>
  <size>
   M
  </size>
  <color>
   Голубой
  </color>
  <material>
   Лен
  </material>
  <price>
   576128
  </price>
  <rating>
   4.53
  </rating>
  <reviews>
   922158
  </reviews>
  <new>
   -
  </new>
  <exclusive>
   no
  </exclusive>
  <sporty>
   no
  </sporty>
 </clothing>
 <clothing>
  <id>
   695592675
  </id>
  <name>
   Brooks Handbags Q-8402
  </name>
  <category>
   Handbags
  </category>
  <size>
   S
  </size>
  <color>
   Голубой
  </color>
  <material>
   Лен
  </material>
  <price>
   436976
  </price>
  <rating>
   2.6
  </rating>
  <reviews>
   925937
  </reviews>
  <new>
   -
  </new>
  <exclusive>
   yes
  </exclusive>
 </clothing>
 <clothing>
  <id>
   526933546
  </id>
  <name>
   Lacoste Jacket U-1351
  </name>
  <category>
   Jacket
  </category>
  <size>
   S
  </size>
  <color>
   Зеленый
  </color>
  <material>
   Шерсть
  </material>
  <price>
   513314
  </price>
  <rating>
   1.63
  </rating>
  <reviews>
   948980
  </reviews>
  <sporty>
   no
  </sporty>
 </clothing>
 <clothing>
  <id>
   154228876
  </id>
  <name>
   New Balance Umbrellas W-7772
  </name>
  <category>
   Umbrellas
  </category>
  <size>
   S
  </size>
  <color>
   Желтый
  </color>
  <material>
   Нейлон
  </material>
  <price>
   433614
  </price>
  <rating>
   2.88
  </rating>
  <reviews>
   90893
  </reviews>
  <new>
   -
  </new>
  <sporty>
   yes
  </sporty>
 </clothing>
 <clothing>
  <id>
   440068100
  </id>
  <name>
   Adidas T-shirt G-2747
  </name>
  <category>
   T-shirt
  </category>
  <size>
   M
  </size>
  <color>
   Красный
  </color>
  <material>
   Шерсть
  </material>
  <price>
   867397
  </price>
  <rating>
   2.31
  </rating>
  <reviews>
   11137
  </reviews>
  <new>
   -
  </new>
  <exclusive>
   yes
  </exclusive>
  <sporty>
   no
  </sporty>
 </clothing>
 <clothing>
  <id>
   712519791
  </id>
  <name>
   Brooks Shoes I-2142
  </name>
  <category>
   Shoes
  </category>
  <size>
   L
  </size>
  <color>
   Голубой
  </color>
  <material>
   Полиэстер
  </material>
  <price>
   763744
  </price>
  <rating>
   4.6
  </rating>
  <reviews>
   290299
  </reviews>
  <new>
   +
  </new>
  <sporty>
   yes
  </sporty>
 </clothing>
 <clothing>
  <id>
   394915758
  </id>
  <name>
   Puma Gloves A-7659
  </name>
  <category>
   Gloves
  </category>
  <size>
   XXL
  </size>
  <color>
   Красный
  </color>
  <material>
   Шерсть
  </material>
  <price>
   184874
  </price>
  <rating>
   3.14
  </rating>
  <reviews>
   240221
  </reviews>
  <new>
   -
  </new>
 </clothing>
 <clothing>
  <id>
   845128672
  </id>
  <name>
   Under Armour Dress L-5590
  </name>
  <category>
   Dress
  </category>
  <size>
   XL
  </size>
  <color>
   Желтый
  </color>
  <material>
   Лен
  </material>
  <price>
   494096
  </price>
  <rating>
   1.38
  </rating>
  <reviews>
   227244
  </reviews>
  <new>
   +
  </new>
  <sporty>
   no
  </sporty>
 </clothing>
 <clothing>
  <id>
   514523937
  </id>
  <name>
   Fila Hat E-9621
  </name>
  <category>
   Hat
  </category>
  <size>
   XXL
  </size>
  <color>
   Голубой
  </color>
  <material>
   Полиэстер
  </material>
  <price>
   644526
  </price>
  <rating>
   2.96
  </rating>
  <reviews>
   150727
  </reviews>
  <new>
   -
  </new>
  <exclusive>
   no
  </exclusive>
  <sporty>
   yes
  </sporty>
 </clothing>
 <clothing>
  <id>
   497542361
  </id>
  <name>
   Converse Handbags O-1177
  </name>
  <category>
   Handbags
  </category>
  <size>
   L
  </size>
  <color>
   Зеленый
  </color>
  <material>
   Шерсть
  </material>
  <price>
   192742
  </price>
  <rating>
   1.87
  </rating>
  <reviews>
   785267
  </reviews>
  <exclusive>
   no
  </exclusive>
 </clothing>
 <clothing>
  <id>
   814127759
  </id>
  <name>
   Converse Handbags C-9720
  </name>
  <category>
   Handbags
  </category>
  <size>
   S
  </size>
  <color>
   Оранжевый
  </color>
  <material>
   Нейлон
  </material>
  <price>
   809438
  </price>
  <rating>
   2.83
  </rating>
  <reviews>
   224622
  </reviews>
 </clothing>
</clothing-items>
