<?xml version="1.0" encoding="utf-8"?>
<clothing-items>
 <clothing>
  <id>
   834645539
  </id>
  <name>
   Vans Blouse E-5669
  </name>
  <category>
   Blouse
  </category>
  <size>
   S
  </size>
  <color>
   Зеленый
  </color>
  <material>
   Полиэстер
  </material>
  <price>
   138073
  </price>
  <rating>
   3.54
  </rating>
  <reviews>
   270322
  </reviews>
  <new>
   -
  </new>
  <exclusive>
   no
  </exclusive>
 </clothing>
 <clothing>
  <id>
   303288050
  </id>
  <name>
   Asics Blouse D-6460
  </name>
  <category>
   Blouse
  </category>
  <size>
   XXL
  </size>
  <color>
   Синий
  </color>
  <material>
   Шерсть
  </material>
  <price>
   802058
  </price>
  <rating>
   2.45
  </rating>
  <reviews>
   730203
  </reviews>
  <exclusive>
   yes
  </exclusive>
  <sporty>
   no
  </sporty>
 </clothing>
 <clothing>
  <id>
   347863066
  </id>
  <name>
   Puma Hat O-7202
  </name>
  <category>
   Hat
  </category>
  <size>
   S
  </size>
  <color>
   Оранжевый
  </color>
  <material>
   Лен
  </material>
  <price>
   502688
  </price>
  <rating>
   3.92
  </rating>
  <reviews>
   777929
  </reviews>
  <new>
   +
  </new>
  <exclusive>
   no
  </exclusive>
  <sporty>
   no
  </sporty>
 </clothing>
 <clothing>
  <id>
   159872129
  </id>
  <name>
   Asics Dress W-7681
  </name>
  <category>
   Dress
  </category>
  <size>
   XXL
  </size>
  <color>
   Желтый
  </color>
  <material>
   Лен
  </material>
  <price>
   147714
  </price>
  <rating>
   1.89
  </rating>
  <reviews>
   984700
  </reviews>
  <exclusive>
   no
  </exclusive>
  <sporty>
   no
  </sporty>
 </clothing>
 <clothing>
  <id>
   483898946
  </id>
  <name>
   Under Armour Socks A-4230
  </name>
  <category>
   Socks
  </category>
  <size>
   L
  </size>
  <color>
   Голубой
  </color>
  <material>
   Вискоза
  </material>
  <price>
   678307
  </price>
  <rating>
   4.66
  </rating>
  <reviews>
   462827
  </reviews>
  <new>
   +
  </new>
 </clothing>
 <clothing>
  <id>
   520668076
  </id>
  <name>
   Adidas Dress D-3257
  </name>
  <category>
   Dress
  </category>
  <size>
   XXL
  </size>
  <color>
   Желтый
  </color>
  <material>
   Хлопок
  </material>
  <price>
   965621
  </price>
  <rating>
   1.67
  </rating>
  <reviews>
   151575
  </reviews>
  <sporty>
   yes
  </sporty>
 </clothing>
 <clothing>
  <id>
   964755088
  </id>
  <name>
   Under Armour Belts C-2077
  </name>
  <category>
   Belts
  </category>
  <size>
   L
  </size>
  <color>
   Синий
  </color>
  <material>
   Лен
  </material>
  <price>
   794139
  </price>
  <rating>
   3.41
  </rating>
  <reviews>
   578387
  </reviews>
  <new>
   +
  </new>
  <exclusive>
   yes
  </exclusive>
  <sporty>
   yes
  </sporty>
 </clothing>
 <clothing>
  <id>
   373722754
  </id>
  <name>
   Lacoste Blouse L-2760
  </name>
  <category>
   Blouse
  </category>
  <size>
   XL
  </size>
  <color>
   Желтый
  </color>
  <material>
   Кожа
  </material>
  <price>
   965046
  </price>
  <rating>
   3.44
  </rating>
  <reviews>
   32582
  </reviews>
  <new>
   -
  </new>
  <sporty>
   no
  </sporty>
 </clothing>
 <clothing>
  <id>
   104508149
  </id>
  <name>
   Addidas Skirt O-4848
  </name>
  <category>
   Skirt
  </category>
  <size>
   L
  </size>
  <color>
   Голубой
  </color>
  <material>
   Полиэстер
  </material>
  <price>
   589421
  </price>
  <rating>
   4.34
  </rating>
  <reviews>
   886317
  </reviews>
  <new>
   +
  </new>
 </clothing>
 <clothing>
  <id>
   596188824
  </id>
  <name>
   PleinSport Socks V-2995
  </name>
  <category>
   Socks
  </category>
  <size>
   S
  </size>
  <color>
   Голубой
  </color>
  <material>
   Нейлон
  </material>
  <price>
   300210
  </price>
  <rating>
   4.2
  </rating>
  <reviews>
   338957
  </reviews>
  <new>
   -
  </new>
  <sporty>
   no
  </sporty>
 </clothing>
 <clothing>
  <id>
   520264288
  </id>
  <name>
   DC Skirt H-2503
  </name>
  <category>
   Skirt
  </category>
  <size>
   XL
  </size>
  <color>
   Красный
  </color>
  <material>
   Нейлон
  </material>
  <price>
   507234
  </price>
  <rating>
   1.29
  </rating>
  <reviews>
   447060
  </reviews>
  <new>
   +
  </new>
  <exclusive>
   no
  </exclusive>
  <sporty>
   no
  </sporty>
 </clothing>
 <clothing>
  <id>
   604189938
  </id>
  <name>
   Adidas Shirt M-4428
  </name>
  <category>
   Shirt
  </category>
  <size>
   L
  </size>
  <color>
   Оранжевый
  </color>
  <material>
   Нейлон
  </material>
  <price>
   407477
  </price>
  <rating>
   1.66
  </rating>
  <reviews>
   627640
  </reviews>
  <exclusive>
   yes
  </exclusive>
  <sporty>
   yes
  </sporty>
 </clothing>
 <clothing>
  <id>
   585673672
  </id>
  <name>
   Lacoste Shirt L-3131
  </name>
  <category>
   Shirt
  </category>
  <size>
   M
  </size>
  <color>
   Желтый
  </color>
  <material>
   Шерсть
  </material>
  <price>
   154886
  </price>
  <rating>
   2.8
  </rating>
  <reviews>
   761704
  </reviews>
  <new>
   +
  </new>
  <exclusive>
   no
  </exclusive>
  <sporty>
   yes
  </sporty>
 </clothing>
 <clothing>
  <id>
   297981062
  </id>
  <name>
   Lacoste Umbrellas A-6444
  </name>
  <category>
   Umbrellas
  </category>
  <size>
   XXL
  </size>
  <color>
   Голубой
  </color>
  <material>
   Шелк
  </material>
  <price>
   101773
  </price>
  <rating>
   3.8
  </rating>
  <reviews>
   497110
  </reviews>
  <exclusive>
   no
  </exclusive>
 </clothing>
 <clothing>
  <id>
   393959717
  </id>
  <name>
   Brooks Dress L-6421
  </name>
  <category>
   Dress
  </category>
  <size>
   S
  </size>
  <color>
   Желтый
  </color>
  <material>
   Лен
  </material>
  <price>
   343359
  </price>
  <rating>
   1.01
  </rating>
  <reviews>
   186694
  </reviews>
  <new>
   -
  </new>
  <exclusive>
   yes
  </exclusive>
  <sporty>
   no
  </sporty>
 </clothing>
 <clothing>
  <id>
   185472872
  </id>
  <name>
   Lacoste Shoes P-2437
  </name>
  <category>
   Shoes
  </category>
  <size>
   S
  </size>
  <color>
   Зеленый
  </color>
  <material>
   Нейлон
  </material>
  <price>
   887677
  </price>
  <rating>
   2.78
  </rating>
  <reviews>
   324288
  </reviews>
  <new>
   -
  </new>
 </clothing>
 <clothing>
  <id>
   608151961
  </id>
  <name>
   Asics Hat H-8244
  </name>
  <category>
   Hat
  </category>
  <size>
   M
  </size>
  <color>
   Фиолетовый
  </color>
  <material>
   Нейлон
  </material>
  <price>
   638844
  </price>
  <rating>
   3.27
  </rating>
  <reviews>
   988948
  </reviews>
  <exclusive>
   yes
  </exclusive>
  <sporty>
   yes
  </sporty>
 </clothing>
 <clothing>
  <id>
   744975679
  </id>
  <name>
   Under Armour Handbags C-4258
  </name>
  <category>
   Handbags
  </category>
  <size>
   M
  </size>
  <color>
   Оранжевый
  </color>
  <material>
   Лен
  </material>
  <price>
   662744
  </price>
  <rating>
   1.85
  </rating>
  <reviews>
   909078
  </reviews>
  <new>
   -
  </new>
  <exclusive>
   no
  </exclusive>
  <sporty>
   no
  </sporty>
 </clothing>
 <clothing>
  <id>
   860115736
  </id>
  <name>
   Asics Sweater X-2869
  </name>
  <category>
   Sweater
  </category>
  <size>
   XL
  </size>
  <color>
   Голубой
  </color>
  <material>
   Кожа
  </material>
  <price>
   607059
  </price>
  <rating>
   1.9
  </rating>
  <reviews>
   161922
  </reviews>
 </clothing>
 <clothing>
  <id>
   292516667
  </id>
  <name>
   Lacoste Hat J-7173
  </name>
  <category>
   Hat
  </category>
  <size>
   XXL
  </size>
  <color>
   Желтый
  </color>
  <material>
   Нейлон
  </material>
  <price>
   960427
  </price>
  <rating>
   4.54
  </rating>
  <reviews>
   682492
  </reviews>
 </clothing>
 <clothing>
  <id>
   693008146
  </id>
  <name>
   Fila Dress S-3078
  </name>
  <category>
   Dress
  </category>
  <size>
   XXL
  </size>
  <color>
   Зеленый
  </color>
  <material>
   Вискоза
  </material>
  <price>
   879844
  </price>
  <rating>
   3.83
  </rating>
  <reviews>
   261035
  </reviews>
  <exclusive>
   yes
  </exclusive>
 </clothing>
 <clothing>
  <id>
   172498526
  </id>
  <name>
   Adidas Jacket E-1927
  </name>
  <category>
   Jacket
  </category>
  <size>
   L
  </size>
  <color>
   Желтый
  </color>
  <material>
   Кожа
  </material>
  <price>
   965752
  </price>
  <rating>
   2.27
  </rating>
  <reviews>
   407819
  </reviews>
  <new>
   +
  </new>
  <exclusive>
   no
  </exclusive>
 </clothing>
 <clothing>
  <id>
   543986515
  </id>
  <name>
   Fila Skirt I-5030
  </name>
  <category>
   Skirt
  </category>
  <size>
   L
  </size>
  <color>
   Фиолетовый
  </color>
  <material>
   Шелк
  </material>
  <price>
   352844
  </price>
  <rating>
   4.16
  </rating>
  <reviews>
   315650
  </reviews>
  <new>
   +
  </new>
 </clothing>
 <clothing>
  <id>
   881611314
  </id>
  <name>
   Adidas Belts H-7023
  </name>
  <category>
   Belts
  </category>
  <size>
   XL
  </size>
  <color>
   Фиолетовый
  </color>
  <material>
   Вискоза
  </material>
  <price>
   493321
  </price>
  <rating>
   4.85
  </rating>
  <reviews>
   462090
  </reviews>
  <new>
   +
  </new>
 </clothing>
 <clothing>
  <id>
   938481840
  </id>
  <name>
   Adidas Socks Y-8003
  </name>
  <category>
   Socks
  </category>
  <size>
   M
  </size>
  <color>
   Фиолетовый
  </color>
  <material>
   Шелк
  </material>
  <price>
   848821
  </price>
  <rating>
   1.47
  </rating>
  <reviews>
   736855
  </reviews>
  <exclusive>
   no
  </exclusive>
  <sporty>
   yes
  </sporty>
 </clothing>
 <clothing>
  <id>
   545236489
  </id>
  <name>
   Addidas Shirt U-7863
  </name>
  <category>
   Shirt
  </category>
  <size>
   L
  </size>
  <color>
   Голубой
  </color>
  <material>
   Лен
  </material>
  <price>
   638218
  </price>
  <rating>
   1.24
  </rating>
  <reviews>
   174647
  </reviews>
  <new>
   +
  </new>
 </clothing>
 <clothing>
  <id>
   226917901
  </id>
  <name>
   Converse Pants S-5732
  </name>
  <category>
   Pants
  </category>
  <size>
   XXL
  </size>
  <color>
   Оранжевый
  </color>
  <material>
   Лен
  </material>
  <price>
   294278
  </price>
  <rating>
   3.16
  </rating>
  <reviews>
   684831
  </reviews>
  <exclusive>
   no
  </exclusive>
  <sporty>
   no
  </sporty>
 </clothing>
 <clothing>
  <id>
   651570820
  </id>
  <name>
   Addidas Sweater E-3572
  </name>
  <category>
   Sweater
  </category>
  <size>
   XL
  </size>
  <color>
   Синий
  </color>
  <material>
   Нейлон
  </material>
  <price>
   788756
  </price>
  <rating>
   3.53
  </rating>
  <reviews>
   184819
  </reviews>
  <new>
   -
  </new>
  <exclusive>
   no
  </exclusive>
 </clothing>
 <clothing>
  <id>
   406366856
  </id>
  <name>
   Adidas Pants N-3814
  </name>
  <category>
   Pants
  </category>
  <size>
   XL
  </size>
  <color>
   Оранжевый
  </color>
  <material>
   Шелк
  </material>
  <price>
   402966
  </price>
  <rating>
   2.28
  </rating>
  <reviews>
   862815
  </reviews>
  <new>
   +
  </new>
  <exclusive>
   yes
  </exclusive>
  <sporty>
   no
  </sporty>
 </clothing>
 <clothing>
  <id>
   206232160
  </id>
  <name>
   Under Armour Socks B-9167
  </name>
  <category>
   Socks
  </category>
  <size>
   XL
  </size>
  <color>
   Синий
  </color>
  <material>
   Хлопок
  </material>
  <price>
   944994
  </price>
  <rating>
   2.21
  </rating>
  <reviews>
   736332
  </reviews>
  <new>
   -
  </new>
 </clothing>
 <clothing>
  <id>
   871238333
  </id>
  <name>
   Converse Shoes B-6700
  </name>
  <category>
   Shoes
  </category>
  <size>
   S
  </size>
  <color>
   Зеленый
  </color>
  <material>
   Лен
  </material>
  <price>
   751690
  </price>
  <rating>
   1.9
  </rating>
  <reviews>
   230783
  </reviews>
  <new>
   +
  </new>
  <sporty>
   yes
  </sporty>
 </clothing>
 <clothing>
  <id>
   179744980
  </id>
  <name>
   Ellesse Shoes F-1447
  </name>
  <category>
   Shoes
  </category>
  <size>
   L
  </size>
  <color>
   Зеленый
  </color>
  <material>
   Вискоза
  </material>
  <price>
   804904
  </price>
  <rating>
   1.9
  </rating>
  <reviews>
   96188
  </reviews>
  <new>
   +
  </new>
 </clothing>
 <clothing>
  <id>
   616434656
  </id>
  <name>
   Nike Shirt J-4913
  </name>
  <category>
   Shirt
  </category>
  <size>
   L
  </size>
  <color>
   Красный
  </color>
  <material>
   Шелк
  </material>
  <price>
   264781
  </price>
  <rating>
   4.11
  </rating>
  <reviews>
   952415
  </reviews>
  <new>
   -
  </new>
  <exclusive>
   no
  </exclusive>
  <sporty>
   no
  </sporty>
 </clothing>
 <clothing>
  <id>
   189618879
  </id>
  <name>
   Nike Belts Q-1249
  </name>
  <category>
   Belts
  </category>
  <size>
   XL
  </size>
  <color>
   Желтый
  </color>
  <material>
   Шелк
  </material>
  <price>
   901137
  </price>
  <rating>
   4.12
  </rating>
  <reviews>
   179284
  </reviews>
  <exclusive>
   yes
  </exclusive>
  <sporty>
   yes
  </sporty>
 </clothing>
 <clothing>
  <id>
   191859097
  </id>
  <name>
   Fila Hat D-1997
  </name>
  <category>
   Hat
  </category>
  <size>
   S
  </size>
  <color>
   Фиолетовый
  </color>
  <material>
   Вискоза
  </material>
  <price>
   687378
  </price>
  <rating>
   4.42
  </rating>
  <reviews>
   820051
  </reviews>
  <exclusive>
   no
  </exclusive>
  <sporty>
   yes
  </sporty>
 </clothing>
 <clothing>
  <id>
   469835594
  </id>
  <name>
   Reebok Gloves M-4558
  </name>
  <category>
   Gloves
  </category>
  <size>
   XL
  </size>
  <color>
   Синий
  </color>
  <material>
   Шерсть
  </material>
  <price>
   193597
  </price>
  <rating>
   4.44
  </rating>
  <reviews>
   937493
  </reviews>
  <new>
   +
  </new>
 </clothing>
 <clothing>
  <id>
   170685147
  </id>
  <name>
   New Balance T-shirt Q-7924
  </name>
  <category>
   T-shirt
  </category>
  <size>
   XXL
  </size>
  <color>
   Желтый
  </color>
  <material>
   Кожа
  </material>
  <price>
   655890
  </price>
  <rating>
   2.97
  </rating>
  <reviews>
   227839
  </reviews>
  <new>
   +
  </new>
 </clothing>
 <clothing>
  <id>
   576254427
  </id>
  <name>
   Fila Umbrellas R-2672
  </name>
  <category>
   Umbrellas
  </category>
  <size>
   XL
  </size>
  <color>
   Красный
  </color>
  <material>
   Шерсть
  </material>
  <price>
   866697
  </price>
  <rating>
   1.82
  </rating>
  <reviews>
   267327
  </reviews>
  <new>
   -
  </new>
  <sporty>
   no
  </sporty>
 </clothing>
 <clothing>
  <id>
   810622988
  </id>
  <name>
   Reebok Umbrellas V-7913
  </name>
  <category>
   Umbrellas
  </category>
  <size>
   XL
  </size>
  <color>
   Оранжевый
  </color>
  <material>
   Шерсть
  </material>
  <price>
   347917
  </price>
  <rating>
   1.86
  </rating>
  <reviews>
   864478
  </reviews>
  <new>
   -
  </new>
  <sporty>
   no
  </sporty>
 </clothing>
 <clothing>
  <id>
   684212603
  </id>
  <name>
   Converse Sweater O-6144
  </name>
  <category>
   Sweater
  </category>
  <size>
   S
  </size>
  <color>
   Красный
  </color>
  <material>
   Лен
  </material>
  <price>
   689733
  </price>
  <rating>
   1.04
  </rating>
  <reviews>
   439647
  </reviews>
  <new>
   -
  </new>
  <exclusive>
   yes
  </exclusive>
  <sporty>
   yes
  </sporty>
 </clothing>
 <clothing>
  <id>
   838912694
  </id>
  <name>
   Converse Handbags K-1297
  </name>
  <category>
   Handbags
  </category>
  <size>
   L
  </size>
  <color>
   Желтый
  </color>
  <material>
   Лен
  </material>
  <price>
   410879
  </price>
  <rating>
   1.87
  </rating>
  <reviews>
   490726
  </reviews>
 </clothing>
</clothing-items>
