<?xml version="1.0" encoding="utf-8"?>
<clothing-items>
 <clothing>
  <id>
   376897972
  </id>
  <name>
   Ellesse Jeans O-9982
  </name>
  <category>
   Jeans
  </category>
  <size>
   XL
  </size>
  <color>
   Оранжевый
  </color>
  <material>
   Вискоза
  </material>
  <price>
   581663
  </price>
  <rating>
   3.77
  </rating>
  <reviews>
   949260
  </reviews>
 </clothing>
 <clothing>
  <id>
   594377443
  </id>
  <name>
   Reebok Gloves X-2191
  </name>
  <category>
   Gloves
  </category>
  <size>
   XXL
  </size>
  <color>
   Красный
  </color>
  <material>
   Шерсть
  </material>
  <price>
   785298
  </price>
  <rating>
   4.79
  </rating>
  <reviews>
   89704
  </reviews>
  <new>
   -
  </new>
  <exclusive>
   no
  </exclusive>
 </clothing>
 <clothing>
  <id>
   866608109
  </id>
  <name>
   Adidas Shoes S-5923
  </name>
  <category>
   Shoes
  </category>
  <size>
   M
  </size>
  <color>
   Оранжевый
  </color>
  <material>
   Шерсть
  </material>
  <price>
   565689
  </price>
  <rating>
   2.47
  </rating>
  <reviews>
   277836
  </reviews>
  <sporty>
   no
  </sporty>
 </clothing>
 <clothing>
  <id>
   758336138
  </id>
  <name>
   DC Jeans H-4213
  </name>
  <category>
   Jeans
  </category>
  <size>
   M
  </size>
  <color>
   Красный
  </color>
  <material>
   Кожа
  </material>
  <price>
   492921
  </price>
  <rating>
   2.87
  </rating>
  <reviews>
   771596
  </reviews>
  <exclusive>
   yes
  </exclusive>
  <sporty>
   yes
  </sporty>
 </clothing>
 <clothing>
  <id>
   424574017
  </id>
  <name>
   Adidas Socks P-7085
  </name>
  <category>
   Socks
  </category>
  <size>
   M
  </size>
  <color>
   Голубой
  </color>
  <material>
   Вискоза
  </material>
  <price>
   941115
  </price>
  <rating>
   3.49
  </rating>
  <reviews>
   703555
  </reviews>
  <new>
   -
  </new>
  <exclusive>
   yes
  </exclusive>
 </clothing>
 <clothing>
  <id>
   118369284
  </id>
  <name>
   Lacoste Sweater U-8856
  </name>
  <category>
   Sweater
  </category>
  <size>
   XXL
  </size>
  <color>
   Фиолетовый
  </color>
  <material>
   Полиэстер
  </material>
  <price>
   834562
  </price>
  <rating>
   1.59
  </rating>
  <reviews>
   322812
  </reviews>
  <exclusive>
   yes
  </exclusive>
 </clothing>
 <clothing>
  <id>
   862431060
  </id>
  <name>
   PleinSport Jacket P-7240
  </name>
  <category>
   Jacket
  </category>
  <size>
   M
  </size>
  <color>
   Зеленый
  </color>
  <material>
   Хлопок
  </material>
  <price>
   127750
  </price>
  <rating>
   2.31
  </rating>
  <reviews>
   623761
  </reviews>
  <new>
   -
  </new>
  <sporty>
   no
  </sporty>
 </clothing>
 <clothing>
  <id>
   898946620
  </id>
  <name>
   Under Armour Shoes V-6755
  </name>
  <category>
   Shoes
  </category>
  <size>
   XL
  </size>
  <color>
   Красный
  </color>
  <material>
   Шерсть
  </material>
  <price>
   975506
  </price>
  <rating>
   1.6
  </rating>
  <reviews>
   679338
  </reviews>
  <new>
   -
  </new>
  <exclusive>
   no
  </exclusive>
 </clothing>
 <clothing>
  <id>
   302427001
  </id>
  <name>
   Addidas Hat B-1967
  </name>
  <category>
   Hat
  </category>
  <size>
   S
  </size>
  <color>
   Оранжевый
  </color>
  <material>
   Шелк
  </material>
  <price>
   129509
  </price>
  <rating>
   1.83
  </rating>
  <reviews>
   636582
  </reviews>
  <new>
   -
  </new>
  <sporty>
   yes
  </sporty>
 </clothing>
 <clothing>
  <id>
   860634590
  </id>
  <name>
   Reebok Belts R-7614
  </name>
  <category>
   Belts
  </category>
  <size>
   M
  </size>
  <color>
   Красный
  </color>
  <material>
   Шелк
  </material>
  <price>
   633005
  </price>
  <rating>
   4.7
  </rating>
  <reviews>
   175458
  </reviews>
  <new>
   -
  </new>
  <exclusive>
   no
  </exclusive>
 </clothing>
 <clothing>
  <id>
   384126988
  </id>
  <name>
   Fila Shirt O-4957
  </name>
  <category>
   Shirt
  </category>
  <size>
   S
  </size>
  <color>
   Красный
  </color>
  <material>
   Полиэстер
  </material>
  <price>
   633965
  </price>
  <rating>
   3.41
  </rating>
  <reviews>
   91291
  </reviews>
  <new>
   +
  </new>
  <exclusive>
   yes
  </exclusive>
  <sporty>
   yes
  </sporty>
 </clothing>
 <clothing>
  <id>
   632821651
  </id>
  <name>
   New Balance Pants S-9649
  </name>
  <category>
   Pants
  </category>
  <size>
   XXL
  </size>
  <color>
   Синий
  </color>
  <material>
   Нейлон
  </material>
  <price>
   115129
  </price>
  <rating>
   4.65
  </rating>
  <reviews>
   593543
  </reviews>
  <new>
   -
  </new>
 </clothing>
 <clothing>
  <id>
   526093186
  </id>
  <name>
   PleinSport T-shirt D-8503
  </name>
  <category>
   T-shirt
  </category>
  <size>
   L
  </size>
  <color>
   Синий
  </color>
  <material>
   Нейлон
  </material>
  <price>
   509733
  </price>
  <rating>
   4.02
  </rating>
  <reviews>
   217758
  </reviews>
  <exclusive>
   yes
  </exclusive>
 </clothing>
 <clothing>
  <id>
   610830266
  </id>
  <name>
   Asics Jeans A-8209
  </name>
  <category>
   Jeans
  </category>
  <size>
   L
  </size>
  <color>
   Синий
  </color>
  <material>
   Лен
  </material>
  <price>
   497991
  </price>
  <rating>
   2.63
  </rating>
  <reviews>
   749538
  </reviews>
 </clothing>
 <clothing>
  <id>
   904359234
  </id>
  <name>
   Ellesse Jeans W-6066
  </name>
  <category>
   Jeans
  </category>
  <size>
   XL
  </size>
  <color>
   Голубой
  </color>
  <material>
   Шерсть
  </material>
  <price>
   847050
  </price>
  <rating>
   4.8
  </rating>
  <reviews>
   555114
  </reviews>
  <new>
   +
  </new>
  <exclusive>
   no
  </exclusive>
  <sporty>
   no
  </sporty>
 </clothing>
 <clothing>
  <id>
   230041542
  </id>
  <name>
   Ellesse Gloves A-6462
  </name>
  <category>
   Gloves
  </category>
  <size>
   XL
  </size>
  <color>
   Синий
  </color>
  <material>
   Вискоза
  </material>
  <price>
   367021
  </price>
  <rating>
   1.51
  </rating>
  <reviews>
   738417
  </reviews>
  <new>
   +
  </new>
  <exclusive>
   yes
  </exclusive>
  <sporty>
   yes
  </sporty>
 </clothing>
 <clothing>
  <id>
   133967957
  </id>
  <name>
   Addidas Belts L-4241
  </name>
  <category>
   Belts
  </category>
  <size>
   L
  </size>
  <color>
   Голубой
  </color>
  <material>
   Полиэстер
  </material>
  <price>
   762780
  </price>
  <rating>
   1.3
  </rating>
  <reviews>
   755042
  </reviews>
  <new>
   +
  </new>
  <sporty>
   no
  </sporty>
 </clothing>
 <clothing>
  <id>
   847454136
  </id>
  <name>
   Brooks Blouse E-4190
  </name>
  <category>
   Blouse
  </category>
  <size>
   M
  </size>
  <color>
   Зеленый
  </color>
  <material>
   Хлопок
  </material>
  <price>
   811130
  </price>
  <rating>
   1.48
  </rating>
  <reviews>
   815051
  </reviews>
  <exclusive>
   yes
  </exclusive>
  <sporty>
   no
  </sporty>
 </clothing>
 <clothing>
  <id>
   168970676
  </id>
  <name>
   Fila T-shirt I-1624
  </name>
  <category>
   T-shirt
  </category>
  <size>
   M
  </size>
  <color>
   Синий
  </color>
  <material>
   Хлопок
  </material>
  <price>
   334241
  </price>
  <rating>
   1.38
  </rating>
  <reviews>
   354761
  </reviews>
  <exclusive>
   yes
  </exclusive>
  <sporty>
   no
  </sporty>
 </clothing>
 <clothing>
  <id>
   244813017
  </id>
  <name>
   Vans Shirt H-1244
  </name>
  <category>
   Shirt
  </category>
  <size>
   M
  </size>
  <color>
   Оранжевый
  </color>
  <material>
   Вискоза
  </material>
  <price>
   642412
  </price>
  <rating>
   4.78
  </rating>
  <reviews>
   271068
  </reviews>
  <new>
   -
  </new>
  <exclusive>
   no
  </exclusive>
  <sporty>
   no
  </sporty>
 </clothing>
 <clothing>
  <id>
   424020207
  </id>
  <name>
   DC Jacket G-9537
  </name>
  <category>
   Jacket
  </category>
  <size>
   L
  </size>
  <color>
   Фиолетовый
  </color>
  <material>
   Нейлон
  </material>
  <price>
   359318
  </price>
  <rating>
   3.36
  </rating>
  <reviews>
   871595
  </reviews>
 </clothing>
 <clothing>
  <id>
   258926058
  </id>
  <name>
   DC T-shirt U-7528
  </name>
  <category>
   T-shirt
  </category>
  <size>
   M
  </size>
  <color>
   Оранжевый
  </color>
  <material>
   Шелк
  </material>
  <price>
   550751
  </price>
  <rating>
   1.25
  </rating>
  <reviews>
   666387
  </reviews>
  <new>
   -
  </new>
  <sporty>
   no
  </sporty>
 </clothing>
 <clothing>
  <id>
   178037889
  </id>
  <name>
   Reebok Hat V-7625
  </name>
  <category>
   Hat
  </category>
  <size>
   L
  </size>
  <color>
   Оранжевый
  </color>
  <material>
   Лен
  </material>
  <price>
   723546
  </price>
  <rating>
   4.35
  </rating>
  <reviews>
   115117
  </reviews>
  <sporty>
   yes
  </sporty>
 </clothing>
 <clothing>
  <id>
   593207661
  </id>
  <name>
   Nike Jacket O-8702
  </name>
  <category>
   Jacket
  </category>
  <size>
   S
  </size>
  <color>
   Синий
  </color>
  <material>
   Лен
  </material>
  <price>
   702900
  </price>
  <rating>
   2.98
  </rating>
  <reviews>
   520725
  </reviews>
  <new>
   +
  </new>
 </clothing>
 <clothing>
  <id>
   276893666
  </id>
  <name>
   Brooks Skirt Q-6299
  </name>
  <category>
   Skirt
  </category>
  <size>
   L
  </size>
  <color>
   Зеленый
  </color>
  <material>
   Шелк
  </material>
  <price>
   415616
  </price>
  <rating>
   1.94
  </rating>
  <reviews>
   234126
  </reviews>
  <new>
   -
  </new>
  <exclusive>
   yes
  </exclusive>
 </clothing>
 <clothing>
  <id>
   416265609
  </id>
  <name>
   Nike Jacket Z-5228
  </name>
  <category>
   Jacket
  </category>
  <size>
   XXL
  </size>
  <color>
   Голубой
  </color>
  <material>
   Шерсть
  </material>
  <price>
   472928
  </price>
  <rating>
   4.13
  </rating>
  <reviews>
   286431
  </reviews>
  <new>
   +
  </new>
  <sporty>
   no
  </sporty>
 </clothing>
 <clothing>
  <id>
   270177226
  </id>
  <name>
   Lacoste Handbags M-6069
  </name>
  <category>
   Handbags
  </category>
  <size>
   XXL
  </size>
  <color>
   Желтый
  </color>
  <material>
   Нейлон
  </material>
  <price>
   522640
  </price>
  <rating>
   2.45
  </rating>
  <reviews>
   451789
  </reviews>
  <exclusive>
   no
  </exclusive>
 </clothing>
 <clothing>
  <id>
   920649678
  </id>
  <name>
   Under Armour Skirt N-9459
  </name>
  <category>
   Skirt
  </category>
  <size>
   L
  </size>
  <color>
   Голубой
  </color>
  <material>
   Кожа
  </material>
  <price>
   166924
  </price>
  <rating>
   4.49
  </rating>
  <reviews>
   828388
  </reviews>
  <new>
   -
  </new>
  <sporty>
   yes
  </sporty>
 </clothing>
 <clothing>
  <id>
   817501092
  </id>
  <name>
   Reebok Jeans K-9431
  </name>
  <category>
   Jeans
  </category>
  <size>
   L
  </size>
  <color>
   Синий
  </color>
  <material>
   Кожа
  </material>
  <price>
   912401
  </price>
  <rating>
   4.95
  </rating>
  <reviews>
   455039
  </reviews>
  <exclusive>
   yes
  </exclusive>
 </clothing>
 <clothing>
  <id>
   231035730
  </id>
  <name>
   Lacoste Socks I-4574
  </name>
  <category>
   Socks
  </category>
  <size>
   L
  </size>
  <color>
   Желтый
  </color>
  <material>
   Шелк
  </material>
  <price>
   872885
  </price>
  <rating>
   4.46
  </rating>
  <reviews>
   967778
  </reviews>
  <new>
   -
  </new>
  <sporty>
   yes
  </sporty>
 </clothing>
 <clothing>
  <id>
   996373866
  </id>
  <name>
   Reebok Handbags G-5050
  </name>
  <category>
   Handbags
  </category>
  <size>
   M
  </size>
  <color>
   Голубой
  </color>
  <material>
   Кожа
  </material>
  <price>
   198817
  </price>
  <rating>
   2.27
  </rating>
  <reviews>
   790740
  </reviews>
  <sporty>
   yes
  </sporty>
 </clothing>
 <clothing>
  <id>
   890309634
  </id>
  <name>
   DC T-shirt O-9619
  </name>
  <category>
   T-shirt
  </category>
  <size>
   XL
  </size>
  <color>
   Желтый
  </color>
  <material>
   Хлопок
  </material>
  <price>
   677832
  </price>
  <rating>
   3.59
  </rating>
  <reviews>
   817718
  </reviews>
  <new>
   -
  </new>
  <exclusive>
   no
  </exclusive>
 </clothing>
 <clothing>
  <id>
   744750863
  </id>
  <name>
   PleinSport Belts X-3202
  </name>
  <category>
   Belts
  </category>
  <size>
   XL
  </size>
  <color>
   Фиолетовый
  </color>
  <material>
   Хлопок
  </material>
  <price>
   391704
  </price>
  <rating>
   3.14
  </rating>
  <reviews>
   669784
  </reviews>
  <new>
   -
  </new>
  <exclusive>
   no
  </exclusive>
 </clothing>
 <clothing>
  <id>
   185121828
  </id>
  <name>
   Converse Dress I-5201
  </name>
  <category>
   Dress
  </category>
  <size>
   M
  </size>
  <color>
   Красный
  </color>
  <material>
   Шерсть
  </material>
  <price>
   155064
  </price>
  <rating>
   4.64
  </rating>
  <reviews>
   348996
  </reviews>
  <new>
   -
  </new>
  <sporty>
   no
  </sporty>
 </clothing>
 <clothing>
  <id>
   505155754
  </id>
  <name>
   Reebok Belts X-8324
  </name>
  <category>
   Belts
  </category>
  <size>
   XL
  </size>
  <color>
   Голубой
  </color>
  <material>
   Нейлон
  </material>
  <price>
   341071
  </price>
  <rating>
   4.88
  </rating>
  <reviews>
   368815
  </reviews>
  <new>
   -
  </new>
  <sporty>
   no
  </sporty>
 </clothing>
 <clothing>
  <id>
   242944720
  </id>
  <name>
   Adidas Hat I-8644
  </name>
  <category>
   Hat
  </category>
  <size>
   L
  </size>
  <color>
   Зеленый
  </color>
  <material>
   Полиэстер
  </material>
  <price>
   505284
  </price>
  <rating>
   2.63
  </rating>
  <reviews>
   785344
  </reviews>
  <new>
   -
  </new>
  <exclusive>
   no
  </exclusive>
 </clothing>
 <clothing>
  <id>
   289725307
  </id>
  <name>
   New Balance Dress M-2239
  </name>
  <category>
   Dress
  </category>
  <size>
   XXL
  </size>
  <color>
   Фиолетовый
  </color>
  <material>
   Шерсть
  </material>
  <price>
   645498
  </price>
  <rating>
   2.75
  </rating>
  <reviews>
   988843
  </reviews>
  <exclusive>
   no
  </exclusive>
 </clothing>
 <clothing>
  <id>
   314019733
  </id>
  <name>
   DC Sweater C-8595
  </name>
  <category>
   Sweater
  </category>
  <size>
   L
  </size>
  <color>
   Желтый
  </color>
  <material>
   Хлопок
  </material>
  <price>
   784357
  </price>
  <rating>
   1.42
  </rating>
  <reviews>
   148398
  </reviews>
  <new>
   -
  </new>
  <exclusive>
   no
  </exclusive>
 </clothing>
 <clothing>
  <id>
   134592892
  </id>
  <name>
   Puma Sweater O-7087
  </name>
  <category>
   Sweater
  </category>
  <size>
   M
  </size>
  <color>
   Синий
  </color>
  <material>
   Шерсть
  </material>
  <price>
   751244
  </price>
  <rating>
   3.29
  </rating>
  <reviews>
   723726
  </reviews>
  <exclusive>
   yes
  </exclusive>
  <sporty>
   yes
  </sporty>
 </clothing>
 <clothing>
  <id>
   307689251
  </id>
  <name>
   Nike Hat T-4049
  </name>
  <category>
   Hat
  </category>
  <size>
   XXL
  </size>
  <color>
   Голубой
  </color>
  <material>
   Нейлон
  </material>
  <price>
   827588
  </price>
  <rating>
   4.61
  </rating>
  <reviews>
   962910
  </reviews>
  <new>
   -
  </new>
  <exclusive>
   no
  </exclusive>
  <sporty>
   yes
  </sporty>
 </clothing>
 <clothing>
  <id>
   355238210
  </id>
  <name>
   Brooks Handbags I-1858
  </name>
  <category>
   Handbags
  </category>
  <size>
   XL
  </size>
  <color>
   Синий
  </color>
  <material>
   Лен
  </material>
  <price>
   816034
  </price>
  <rating>
   3.88
  </rating>
  <reviews>
   283198
  </reviews>
 </clothing>
 <clothing>
  <id>
   866520529
  </id>
  <name>
   Fila Sweater P-4116
  </name>
  <category>
   Sweater
  </category>
  <size>
   XL
  </size>
  <color>
   Оранжевый
  </color>
  <material>
   Шелк
  </material>
  <price>
   243768
  </price>
  <rating>
   4.93
  </rating>
  <reviews>
   160470
  </reviews>
  <exclusive>
   yes
  </exclusive>
  <sporty>
   yes
  </sporty>
 </clothing>
 <clothing>
  <id>
   926445629
  </id>
  <name>
   DC Hat M-3184
  </name>
  <category>
   Hat
  </category>
  <size>
   S
  </size>
  <color>
   Желтый
  </color>
  <material>
   Хлопок
  </material>
  <price>
   188535
  </price>
  <rating>
   4.44
  </rating>
  <reviews>
   746511
  </reviews>
  <sporty>
   no
  </sporty>
 </clothing>
 <clothing>
  <id>
   430568753
  </id>
  <name>
   Converse Skirt Y-5821
  </name>
  <category>
   Skirt
  </category>
  <size>
   S
  </size>
  <color>
   Красный
  </color>
  <material>
   Полиэстер
  </material>
  <price>
   378845
  </price>
  <rating>
   3.3
  </rating>
  <reviews>
   53467
  </reviews>
  <new>
   +
  </new>
  <exclusive>
   no
  </exclusive>
 </clothing>
 <clothing>
  <id>
   208461005
  </id>
  <name>
   Reebok Jeans Z-9819
  </name>
  <category>
   Jeans
  </category>
  <size>
   L
  </size>
  <color>
   Оранжевый
  </color>
  <material>
   Полиэстер
  </material>
  <price>
   625025
  </price>
  <rating>
   2.55
  </rating>
  <reviews>
   529985
  </reviews>
  <new>
   +
  </new>
  <exclusive>
   yes
  </exclusive>
  <sporty>
   yes
  </sporty>
 </clothing>
 <clothing>
  <id>
   444318371
  </id>
  <name>
   Fila Jacket E-4052
  </name>
  <category>
   Jacket
  </category>
  <size>
   M
  </size>
  <color>
   Синий
  </color>
  <material>
   Лен
  </material>
  <price>
   703422
  </price>
  <rating>
   3.35
  </rating>
  <reviews>
   282182
  </reviews>
  <new>
   +
  </new>
 </clothing>
 <clothing>
  <id>
   289170688
  </id>
  <name>
   Converse Blouse K-9253
  </name>
  <category>
   Blouse
  </category>
  <size>
   XXL
  </size>
  <color>
   Желтый
  </color>
  <material>
   Шелк
  </material>
  <price>
   491661
  </price>
  <rating>
   2.96
  </rating>
  <reviews>
   76681
  </reviews>
  <new>
   -
  </new>
  <sporty>
   no
  </sporty>
 </clothing>
</clothing-items>
