<?xml version="1.0" encoding="utf-8"?>
<clothing-items>
 <clothing>
  <id>
   171834965
  </id>
  <name>
   Reebok Jeans Y-7260
  </name>
  <category>
   Jeans
  </category>
  <size>
   M
  </size>
  <color>
   Синий
  </color>
  <material>
   Полиэстер
  </material>
  <price>
   160465
  </price>
  <rating>
   4.41
  </rating>
  <reviews>
   870535
  </reviews>
  <new>
   -
  </new>
  <exclusive>
   no
  </exclusive>
  <sporty>
   no
  </sporty>
 </clothing>
 <clothing>
  <id>
   713895906
  </id>
  <name>
   Fila Jacket K-2238
  </name>
  <category>
   Jacket
  </category>
  <size>
   XL
  </size>
  <color>
   Оранжевый
  </color>
  <material>
   Лен
  </material>
  <price>
   373420
  </price>
  <rating>
   1.42
  </rating>
  <reviews>
   710445
  </reviews>
  <new>
   -
  </new>
  <exclusive>
   yes
  </exclusive>
  <sporty>
   no
  </sporty>
 </clothing>
 <clothing>
  <id>
   509530670
  </id>
  <name>
   Reebok Sweater C-3152
  </name>
  <category>
   Sweater
  </category>
  <size>
   XL
  </size>
  <color>
   Зеленый
  </color>
  <material>
   Кожа
  </material>
  <price>
   789269
  </price>
  <rating>
   2.95
  </rating>
  <reviews>
   352272
  </reviews>
  <exclusive>
   yes
  </exclusive>
  <sporty>
   yes
  </sporty>
 </clothing>
 <clothing>
  <id>
   970311245
  </id>
  <name>
   Addidas Jacket M-9454
  </name>
  <category>
   Jacket
  </category>
  <size>
   L
  </size>
  <color>
   Красный
  </color>
  <material>
   Лен
  </material>
  <price>
   860089
  </price>
  <rating>
   1.24
  </rating>
  <reviews>
   800125
  </reviews>
  <exclusive>
   no
  </exclusive>
 </clothing>
 <clothing>
  <id>
   501827701
  </id>
  <name>
   Vans Handbags L-9534
  </name>
  <category>
   Handbags
  </category>
  <size>
   L
  </size>
  <color>
   Желтый
  </color>
  <material>
   Кожа
  </material>
  <price>
   386168
  </price>
  <rating>
   3.82
  </rating>
  <reviews>
   718502
  </reviews>
  <exclusive>
   no
  </exclusive>
  <sporty>
   no
  </sporty>
 </clothing>
 <clothing>
  <id>
   199701964
  </id>
  <name>
   Vans Blouse R-8835
  </name>
  <category>
   Blouse
  </category>
  <size>
   L
  </size>
  <color>
   Голубой
  </color>
  <material>
   Вискоза
  </material>
  <price>
   872719
  </price>
  <rating>
   4.1
  </rating>
  <reviews>
   6146
  </reviews>
  <new>
   +
  </new>
 </clothing>
 <clothing>
  <id>
   513778611
  </id>
  <name>
   Vans Dress N-9727
  </name>
  <category>
   Dress
  </category>
  <size>
   XXL
  </size>
  <color>
   Голубой
  </color>
  <material>
   Кожа
  </material>
  <price>
   225472
  </price>
  <rating>
   2.88
  </rating>
  <reviews>
   278061
  </reviews>
  <new>
   -
  </new>
  <sporty>
   yes
  </sporty>
 </clothing>
 <clothing>
  <id>
   788150928
  </id>
  <name>
   Ellesse Hat A-8608
  </name>
  <category>
   Hat
  </category>
  <size>
   L
  </size>
  <color>
   Зеленый
  </color>
  <material>
   Нейлон
  </material>
  <price>
   471264
  </price>
  <rating>
   1.58
  </rating>
  <reviews>
   339599
  </reviews>
  <exclusive>
   no
  </exclusive>
 </clothing>
 <clothing>
  <id>
   680990018
  </id>
  <name>
   Lacoste Shoes K-3049
  </name>
  <category>
   Shoes
  </category>
  <size>
   XL
  </size>
  <color>
   Синий
  </color>
  <material>
   Полиэстер
  </material>
  <price>
   245077
  </price>
  <rating>
   1.86
  </rating>
  <reviews>
   370273
  </reviews>
  <new>
   -
  </new>
  <sporty>
   yes
  </sporty>
 </clothing>
 <clothing>
  <id>
   485712164
  </id>
  <name>
   Puma Dress B-9327
  </name>
  <category>
   Dress
  </category>
  <size>
   M
  </size>
  <color>
   Фиолетовый
  </color>
  <material>
   Лен
  </material>
  <price>
   606564
  </price>
  <rating>
   1.61
  </rating>
  <reviews>
   764212
  </reviews>
  <new>
   -
  </new>
  <exclusive>
   yes
  </exclusive>
  <sporty>
   yes
  </sporty>
 </clothing>
 <clothing>
  <id>
   365102941
  </id>
  <name>
   Vans Sweater B-5644
  </name>
  <category>
   Sweater
  </category>
  <size>
   L
  </size>
  <color>
   Желтый
  </color>
  <material>
   Шелк
  </material>
  <price>
   362357
  </price>
  <rating>
   4.84
  </rating>
  <reviews>
   636898
  </reviews>
  <new>
   -
  </new>
  <sporty>
   no
  </sporty>
 </clothing>
 <clothing>
  <id>
   494169729
  </id>
  <name>
   Vans Dress G-5528
  </name>
  <category>
   Dress
  </category>
  <size>
   XL
  </size>
  <color>
   Желтый
  </color>
  <material>
   Кожа
  </material>
  <price>
   473810
  </price>
  <rating>
   2.65
  </rating>
  <reviews>
   214340
  </reviews>
  <new>
   -
  </new>
  <exclusive>
   yes
  </exclusive>
 </clothing>
 <clothing>
  <id>
   889084702
  </id>
  <name>
   Asics Skirt B-2284
  </name>
  <category>
   Skirt
  </category>
  <size>
   XXL
  </size>
  <color>
   Фиолетовый
  </color>
  <material>
   Кожа
  </material>
  <price>
   105843
  </price>
  <rating>
   2.18
  </rating>
  <reviews>
   102116
  </reviews>
  <new>
   -
  </new>
  <exclusive>
   yes
  </exclusive>
  <sporty>
   no
  </sporty>
 </clothing>
 <clothing>
  <id>
   752783006
  </id>
  <name>
   Addidas Hat G-3609
  </name>
  <category>
   Hat
  </category>
  <size>
   M
  </size>
  <color>
   Фиолетовый
  </color>
  <material>
   Полиэстер
  </material>
  <price>
   484901
  </price>
  <rating>
   1.71
  </rating>
  <reviews>
   794457
  </reviews>
  <new>
   -
  </new>
  <exclusive>
   no
  </exclusive>
 </clothing>
 <clothing>
  <id>
   647809634
  </id>
  <name>
   Lacoste Shoes F-8357
  </name>
  <category>
   Shoes
  </category>
  <size>
   S
  </size>
  <color>
   Голубой
  </color>
  <material>
   Шерсть
  </material>
  <price>
   502454
  </price>
  <rating>
   2.56
  </rating>
  <reviews>
   244483
  </reviews>
  <new>
   +
  </new>
  <exclusive>
   yes
  </exclusive>
  <sporty>
   yes
  </sporty>
 </clothing>
 <clothing>
  <id>
   735012225
  </id>
  <name>
   Lacoste T-shirt R-5723
  </name>
  <category>
   T-shirt
  </category>
  <size>
   L
  </size>
  <color>
   Синий
  </color>
  <material>
   Вискоза
  </material>
  <price>
   300250
  </price>
  <rating>
   4.38
  </rating>
  <reviews>
   74622
  </reviews>
 </clothing>
 <clothing>
  <id>
   782912157
  </id>
  <name>
   Addidas T-shirt G-5287
  </name>
  <category>
   T-shirt
  </category>
  <size>
   S
  </size>
  <color>
   Зеленый
  </color>
  <material>
   Шерсть
  </material>
  <price>
   778456
  </price>
  <rating>
   4.75
  </rating>
  <reviews>
   12975
  </reviews>
 </clothing>
 <clothing>
  <id>
   156128163
  </id>
  <name>
   Reebok Dress X-3261
  </name>
  <category>
   Dress
  </category>
  <size>
   XL
  </size>
  <color>
   Фиолетовый
  </color>
  <material>
   Лен
  </material>
  <price>
   476262
  </price>
  <rating>
   2.84
  </rating>
  <reviews>
   55888
  </reviews>
  <new>
   +
  </new>
  <sporty>
   no
  </sporty>
 </clothing>
 <clothing>
  <id>
   282743427
  </id>
  <name>
   Puma Jacket A-2823
  </name>
  <category>
   Jacket
  </category>
  <size>
   XXL
  </size>
  <color>
   Голубой
  </color>
  <material>
   Лен
  </material>
  <price>
   804441
  </price>
  <rating>
   4.56
  </rating>
  <reviews>
   602505
  </reviews>
  <new>
   -
  </new>
  <exclusive>
   no
  </exclusive>
  <sporty>
   no
  </sporty>
 </clothing>
 <clothing>
  <id>
   406883884
  </id>
  <name>
   Fila Jeans T-5606
  </name>
  <category>
   Jeans
  </category>
  <size>
   S
  </size>
  <color>
   Голубой
  </color>
  <material>
   Шелк
  </material>
  <price>
   777906
  </price>
  <rating>
   4.1
  </rating>
  <reviews>
   444416
  </reviews>
  <new>
   +
  </new>
  <exclusive>
   no
  </exclusive>
  <sporty>
   no
  </sporty>
 </clothing>
 <clothing>
  <id>
   985115522
  </id>
  <name>
   Brooks Umbrellas V-3228
  </name>
  <category>
   Umbrellas
  </category>
  <size>
   XXL
  </size>
  <color>
   Красный
  </color>
  <material>
   Вискоза
  </material>
  <price>
   714625
  </price>
  <rating>
   3.52
  </rating>
  <reviews>
   653415
  </reviews>
  <new>
   -
  </new>
  <exclusive>
   no
  </exclusive>
  <sporty>
   no
  </sporty>
 </clothing>
 <clothing>
  <id>
   544710841
  </id>
  <name>
   Under Armour Sweater Q-3676
  </name>
  <category>
   Sweater
  </category>
  <size>
   XXL
  </size>
  <color>
   Красный
  </color>
  <material>
   Шелк
  </material>
  <price>
   364474
  </price>
  <rating>
   2.89
  </rating>
  <reviews>
   360704
  </reviews>
  <new>
   -
  </new>
  <exclusive>
   yes
  </exclusive>
 </clothing>
 <clothing>
  <id>
   315604803
  </id>
  <name>
   Nike Gloves A-2808
  </name>
  <category>
   Gloves
  </category>
  <size>
   M
  </size>
  <color>
   Синий
  </color>
  <material>
   Шерсть
  </material>
  <price>
   994755
  </price>
  <rating>
   4.07
  </rating>
  <reviews>
   147546
  </reviews>
  <sporty>
   yes
  </sporty>
 </clothing>
 <clothing>
  <id>
   438075309
  </id>
  <name>
   Lacoste Gloves L-3991
  </name>
  <category>
   Gloves
  </category>
  <size>
   XXL
  </size>
  <color>
   Зеленый
  </color>
  <material>
   Полиэстер
  </material>
  <price>
   439136
  </price>
  <rating>
   2.5
  </rating>
  <reviews>
   99249
  </reviews>
 </clothing>
 <clothing>
  <id>
   619706288
  </id>
  <name>
   Ellesse Gloves Y-4787
  </name>
  <category>
   Gloves
  </category>
  <size>
   S
  </size>
  <color>
   Зеленый
  </color>
  <material>
   Нейлон
  </material>
  <price>
   790896
  </price>
  <rating>
   3.04
  </rating>
  <reviews>
   938374
  </reviews>
  <new>
   -
  </new>
  <exclusive>
   no
  </exclusive>
  <sporty>
   no
  </sporty>
 </clothing>
 <clothing>
  <id>
   600244037
  </id>
  <name>
   Brooks Belts R-3330
  </name>
  <category>
   Belts
  </category>
  <size>
   S
  </size>
  <color>
   Зеленый
  </color>
  <material>
   Хлопок
  </material>
  <price>
   751488
  </price>
  <rating>
   1.85
  </rating>
  <reviews>
   525538
  </reviews>
 </clothing>
 <clothing>
  <id>
   670672017
  </id>
  <name>
   PleinSport Shirt R-7018
  </name>
  <category>
   Shirt
  </category>
  <size>
   XL
  </size>
  <color>
   Красный
  </color>
  <material>
   Шерсть
  </material>
  <price>
   987122
  </price>
  <rating>
   2.79
  </rating>
  <reviews>
   451938
  </reviews>
  <new>
   -
  </new>
  <exclusive>
   no
  </exclusive>
  <sporty>
   no
  </sporty>
 </clothing>
</clothing-items>
