<?xml version="1.0" encoding="utf-8"?>
<clothing-items>
 <clothing>
  <id>
   760219903
  </id>
  <name>
   Reebok Jeans A-3478
  </name>
  <category>
   Jeans
  </category>
  <size>
   S
  </size>
  <color>
   Красный
  </color>
  <material>
   Шерсть
  </material>
  <price>
   876870
  </price>
  <rating>
   2.54
  </rating>
  <reviews>
   582539
  </reviews>
  <exclusive>
   no
  </exclusive>
  <sporty>
   no
  </sporty>
 </clothing>
 <clothing>
  <id>
   315425414
  </id>
  <name>
   Asics Jeans W-1563
  </name>
  <category>
   Jeans
  </category>
  <size>
   M
  </size>
  <color>
   Фиолетовый
  </color>
  <material>
   Вискоза
  </material>
  <price>
   453664
  </price>
  <rating>
   4.55
  </rating>
  <reviews>
   614347
  </reviews>
  <exclusive>
   no
  </exclusive>
  <sporty>
   no
  </sporty>
 </clothing>
 <clothing>
  <id>
   633370991
  </id>
  <name>
   Lacoste Skirt B-7561
  </name>
  <category>
   Skirt
  </category>
  <size>
   XL
  </size>
  <color>
   Голубой
  </color>
  <material>
   Кожа
  </material>
  <price>
   281478
  </price>
  <rating>
   3.61
  </rating>
  <reviews>
   325565
  </reviews>
 </clothing>
 <clothing>
  <id>
   589937317
  </id>
  <name>
   Ellesse Skirt P-9098
  </name>
  <category>
   Skirt
  </category>
  <size>
   XL
  </size>
  <color>
   Желтый
  </color>
  <material>
   Шелк
  </material>
  <price>
   781755
  </price>
  <rating>
   1.81
  </rating>
  <reviews>
   206432
  </reviews>
  <new>
   -
  </new>
  <exclusive>
   no
  </exclusive>
 </clothing>
 <clothing>
  <id>
   636376560
  </id>
  <name>
   Fila Handbags A-9597
  </name>
  <category>
   Handbags
  </category>
  <size>
   XL
  </size>
  <color>
   Голубой
  </color>
  <material>
   Шелк
  </material>
  <price>
   659700
  </price>
  <rating>
   2.82
  </rating>
  <reviews>
   217938
  </reviews>
  <new>
   -
  </new>
 </clothing>
 <clothing>
  <id>
   182268849
  </id>
  <name>
   New Balance T-shirt R-6039
  </name>
  <category>
   T-shirt
  </category>
  <size>
   S
  </size>
  <color>
   Желтый
  </color>
  <material>
   Лен
  </material>
  <price>
   546184
  </price>
  <rating>
   2.48
  </rating>
  <reviews>
   393342
  </reviews>
  <exclusive>
   yes
  </exclusive>
 </clothing>
 <clothing>
  <id>
   480025454
  </id>
  <name>
   Puma Jacket Z-7712
  </name>
  <category>
   Jacket
  </category>
  <size>
   XL
  </size>
  <color>
   Зеленый
  </color>
  <material>
   Шерсть
  </material>
  <price>
   847654
  </price>
  <rating>
   3.74
  </rating>
  <reviews>
   13127
  </reviews>
  <new>
   -
  </new>
  <exclusive>
   no
  </exclusive>
 </clothing>
 <clothing>
  <id>
   574872762
  </id>
  <name>
   Brooks Jeans R-8503
  </name>
  <category>
   Jeans
  </category>
  <size>
   M
  </size>
  <color>
   Красный
  </color>
  <material>
   Полиэстер
  </material>
  <price>
   923397
  </price>
  <rating>
   1.74
  </rating>
  <reviews>
   876451
  </reviews>
  <sporty>
   no
  </sporty>
 </clothing>
 <clothing>
  <id>
   535261080
  </id>
  <name>
   PleinSport Sweater Z-7162
  </name>
  <category>
   Sweater
  </category>
  <size>
   XXL
  </size>
  <color>
   Красный
  </color>
  <material>
   Кожа
  </material>
  <price>
   284111
  </price>
  <rating>
   3.98
  </rating>
  <reviews>
   987083
  </reviews>
  <new>
   -
  </new>
  <sporty>
   no
  </sporty>
 </clothing>
 <clothing>
  <id>
   851019015
  </id>
  <name>
   Puma Socks J-5299
  </name>
  <category>
   Socks
  </category>
  <size>
   XL
  </size>
  <color>
   Фиолетовый
  </color>
  <material>
   Кожа
  </material>
  <price>
   723807
  </price>
  <rating>
   3.83
  </rating>
  <reviews>
   134828
  </reviews>
  <exclusive>
   no
  </exclusive>
  <sporty>
   yes
  </sporty>
 </clothing>
 <clothing>
  <id>
   788126496
  </id>
  <name>
   DC Dress A-6559
  </name>
  <category>
   Dress
  </category>
  <size>
   XL
  </size>
  <color>
   Зеленый
  </color>
  <material>
   Кожа
  </material>
  <price>
   490243
  </price>
  <rating>
   4.9
  </rating>
  <reviews>
   11613
  </reviews>
  <new>
   -
  </new>
 </clothing>
 <clothing>
  <id>
   740019923
  </id>
  <name>
   Reebok Jeans E-6041
  </name>
  <category>
   Jeans
  </category>
  <size>
   M
  </size>
  <color>
   Фиолетовый
  </color>
  <material>
   Вискоза
  </material>
  <price>
   888678
  </price>
  <rating>
   4.04
  </rating>
  <reviews>
   246995
  </reviews>
  <new>
   +
  </new>
  <sporty>
   no
  </sporty>
 </clothing>
 <clothing>
  <id>
   224336885
  </id>
  <name>
   Under Armour Hat V-9308
  </name>
  <category>
   Hat
  </category>
  <size>
   M
  </size>
  <color>
   Желтый
  </color>
  <material>
   Лен
  </material>
  <price>
   844001
  </price>
  <rating>
   3.6
  </rating>
  <reviews>
   403973
  </reviews>
  <exclusive>
   no
  </exclusive>
 </clothing>
 <clothing>
  <id>
   375656976
  </id>
  <name>
   Puma Shoes K-2211
  </name>
  <category>
   Shoes
  </category>
  <size>
   M
  </size>
  <color>
   Красный
  </color>
  <material>
   Лен
  </material>
  <price>
   317012
  </price>
  <rating>
   1.6
  </rating>
  <reviews>
   938657
  </reviews>
 </clothing>
 <clothing>
  <id>
   660149520
  </id>
  <name>
   Reebok Skirt Q-7410
  </name>
  <category>
   Skirt
  </category>
  <size>
   XL
  </size>
  <color>
   Синий
  </color>
  <material>
   Вискоза
  </material>
  <price>
   212866
  </price>
  <rating>
   4.81
  </rating>
  <reviews>
   362722
  </reviews>
  <new>
   -
  </new>
  <exclusive>
   no
  </exclusive>
  <sporty>
   no
  </sporty>
 </clothing>
 <clothing>
  <id>
   637399632
  </id>
  <name>
   Brooks Shoes S-9060
  </name>
  <category>
   Shoes
  </category>
  <size>
   XL
  </size>
  <color>
   Желтый
  </color>
  <material>
   Лен
  </material>
  <price>
   361919
  </price>
  <rating>
   4.8
  </rating>
  <reviews>
   174929
  </reviews>
  <exclusive>
   no
  </exclusive>
  <sporty>
   no
  </sporty>
 </clothing>
 <clothing>
  <id>
   225688301
  </id>
  <name>
   Puma Jacket L-9670
  </name>
  <category>
   Jacket
  </category>
  <size>
   S
  </size>
  <color>
   Синий
  </color>
  <material>
   Кожа
  </material>
  <price>
   661777
  </price>
  <rating>
   4.3
  </rating>
  <reviews>
   358084
  </reviews>
  <new>
   -
  </new>
  <exclusive>
   no
  </exclusive>
 </clothing>
 <clothing>
  <id>
   523440877
  </id>
  <name>
   Lacoste Sweater W-6274
  </name>
  <category>
   Sweater
  </category>
  <size>
   XL
  </size>
  <color>
   Голубой
  </color>
  <material>
   Шерсть
  </material>
  <price>
   509865
  </price>
  <rating>
   4.11
  </rating>
  <reviews>
   466823
  </reviews>
 </clothing>
 <clothing>
  <id>
   696253645
  </id>
  <name>
   Converse Handbags Y-9790
  </name>
  <category>
   Handbags
  </category>
  <size>
   L
  </size>
  <color>
   Голубой
  </color>
  <material>
   Хлопок
  </material>
  <price>
   686845
  </price>
  <rating>
   3.81
  </rating>
  <reviews>
   158312
  </reviews>
  <new>
   -
  </new>
 </clothing>
 <clothing>
  <id>
   812897059
  </id>
  <name>
   Vans Dress Z-5959
  </name>
  <category>
   Dress
  </category>
  <size>
   XL
  </size>
  <color>
   Голубой
  </color>
  <material>
   Лен
  </material>
  <price>
   177062
  </price>
  <rating>
   3.12
  </rating>
  <reviews>
   880008
  </reviews>
  <new>
   -
  </new>
 </clothing>
 <clothing>
  <id>
   259786581
  </id>
  <name>
   Brooks Shirt Y-4474
  </name>
  <category>
   Shirt
  </category>
  <size>
   M
  </size>
  <color>
   Красный
  </color>
  <material>
   Лен
  </material>
  <price>
   935694
  </price>
  <rating>
   1.16
  </rating>
  <reviews>
   644794
  </reviews>
  <new>
   -
  </new>
 </clothing>
 <clothing>
  <id>
   377067686
  </id>
  <name>
   Under Armour T-shirt P-3041
  </name>
  <category>
   T-shirt
  </category>
  <size>
   L
  </size>
  <color>
   Фиолетовый
  </color>
  <material>
   Лен
  </material>
  <price>
   457246
  </price>
  <rating>
   4.94
  </rating>
  <reviews>
   969420
  </reviews>
  <exclusive>
   yes
  </exclusive>
  <sporty>
   no
  </sporty>
 </clothing>
 <clothing>
  <id>
   705208549
  </id>
  <name>
   Under Armour Handbags N-3515
  </name>
  <category>
   Handbags
  </category>
  <size>
   L
  </size>
  <color>
   Зеленый
  </color>
  <material>
   Шерсть
  </material>
  <price>
   584103
  </price>
  <rating>
   3.55
  </rating>
  <reviews>
   866672
  </reviews>
  <new>
   -
  </new>
  <sporty>
   yes
  </sporty>
 </clothing>
 <clothing>
  <id>
   958515774
  </id>
  <name>
   Adidas T-shirt T-9811
  </name>
  <category>
   T-shirt
  </category>
  <size>
   XXL
  </size>
  <color>
   Зеленый
  </color>
  <material>
   Шерсть
  </material>
  <price>
   437857
  </price>
  <rating>
   3.5
  </rating>
  <reviews>
   586638
  </reviews>
  <exclusive>
   no
  </exclusive>
 </clothing>
 <clothing>
  <id>
   631380571
  </id>
  <name>
   Ellesse Shirt L-6881
  </name>
  <category>
   Shirt
  </category>
  <size>
   M
  </size>
  <color>
   Синий
  </color>
  <material>
   Шерсть
  </material>
  <price>
   281155
  </price>
  <rating>
   3.24
  </rating>
  <reviews>
   779963
  </reviews>
  <new>
   -
  </new>
  <sporty>
   no
  </sporty>
 </clothing>
 <clothing>
  <id>
   560132995
  </id>
  <name>
   Asics Dress D-6314
  </name>
  <category>
   Dress
  </category>
  <size>
   M
  </size>
  <color>
   Синий
  </color>
  <material>
   Кожа
  </material>
  <price>
   708109
  </price>
  <rating>
   3.74
  </rating>
  <reviews>
   34231
  </reviews>
  <sporty>
   yes
  </sporty>
 </clothing>
 <clothing>
  <id>
   190772468
  </id>
  <name>
   Adidas T-shirt Y-9919
  </name>
  <category>
   T-shirt
  </category>
  <size>
   L
  </size>
  <color>
   Желтый
  </color>
  <material>
   Шерсть
  </material>
  <price>
   723826
  </price>
  <rating>
   2.47
  </rating>
  <reviews>
   729129
  </reviews>
  <exclusive>
   yes
  </exclusive>
  <sporty>
   no
  </sporty>
 </clothing>
 <clothing>
  <id>
   684705140
  </id>
  <name>
   New Balance T-shirt U-9814
  </name>
  <category>
   T-shirt
  </category>
  <size>
   XXL
  </size>
  <color>
   Красный
  </color>
  <material>
   Вискоза
  </material>
  <price>
   963097
  </price>
  <rating>
   2.09
  </rating>
  <reviews>
   883635
  </reviews>
  <new>
   -
  </new>
  <exclusive>
   yes
  </exclusive>
  <sporty>
   yes
  </sporty>
 </clothing>
 <clothing>
  <id>
   236337110
  </id>
  <name>
   Brooks Skirt W-4123
  </name>
  <category>
   Skirt
  </category>
  <size>
   XL
  </size>
  <color>
   Голубой
  </color>
  <material>
   Вискоза
  </material>
  <price>
   330934
  </price>
  <rating>
   1.99
  </rating>
  <reviews>
   36735
  </reviews>
  <new>
   +
  </new>
  <exclusive>
   no
  </exclusive>
  <sporty>
   yes
  </sporty>
 </clothing>
 <clothing>
  <id>
   502312260
  </id>
  <name>
   Ellesse Hat M-3605
  </name>
  <category>
   Hat
  </category>
  <size>
   S
  </size>
  <color>
   Красный
  </color>
  <material>
   Шелк
  </material>
  <price>
   113146
  </price>
  <rating>
   4.13
  </rating>
  <reviews>
   420210
  </reviews>
  <new>
   +
  </new>
  <exclusive>
   no
  </exclusive>
  <sporty>
   no
  </sporty>
 </clothing>
 <clothing>
  <id>
   542952270
  </id>
  <name>
   New Balance Skirt G-5125
  </name>
  <category>
   Skirt
  </category>
  <size>
   XL
  </size>
  <color>
   Красный
  </color>
  <material>
   Хлопок
  </material>
  <price>
   523774
  </price>
  <rating>
   3.72
  </rating>
  <reviews>
   703840
  </reviews>
  <sporty>
   no
  </sporty>
 </clothing>
 <clothing>
  <id>
   144599122
  </id>
  <name>
   Addidas Sweater G-6458
  </name>
  <category>
   Sweater
  </category>
  <size>
   S
  </size>
  <color>
   Синий
  </color>
  <material>
   Хлопок
  </material>
  <price>
   197860
  </price>
  <rating>
   4.89
  </rating>
  <reviews>
   42396
  </reviews>
  <new>
   +
  </new>
  <exclusive>
   yes
  </exclusive>
 </clothing>
 <clothing>
  <id>
   401163412
  </id>
  <name>
   Asics Hat L-2079
  </name>
  <category>
   Hat
  </category>
  <size>
   L
  </size>
  <color>
   Зеленый
  </color>
  <material>
   Кожа
  </material>
  <price>
   530086
  </price>
  <rating>
   4.53
  </rating>
  <reviews>
   39745
  </reviews>
  <new>
   -
  </new>
  <exclusive>
   no
  </exclusive>
  <sporty>
   yes
  </sporty>
 </clothing>
 <clothing>
  <id>
   512874713
  </id>
  <name>
   Under Armour Umbrellas X-6257
  </name>
  <category>
   Umbrellas
  </category>
  <size>
   XL
  </size>
  <color>
   Оранжевый
  </color>
  <material>
   Вискоза
  </material>
  <price>
   437408
  </price>
  <rating>
   4.59
  </rating>
  <reviews>
   589864
  </reviews>
  <new>
   +
  </new>
 </clothing>
 <clothing>
  <id>
   193286930
  </id>
  <name>
   DC Jacket M-9998
  </name>
  <category>
   Jacket
  </category>
  <size>
   M
  </size>
  <color>
   Голубой
  </color>
  <material>
   Вискоза
  </material>
  <price>
   895330
  </price>
  <rating>
   2.76
  </rating>
  <reviews>
   476811
  </reviews>
 </clothing>
 <clothing>
  <id>
   417732110
  </id>
  <name>
   Converse Blouse Z-5509
  </name>
  <category>
   Blouse
  </category>
  <size>
   L
  </size>
  <color>
   Фиолетовый
  </color>
  <material>
   Кожа
  </material>
  <price>
   530838
  </price>
  <rating>
   2.84
  </rating>
  <reviews>
   488103
  </reviews>
  <new>
   +
  </new>
  <exclusive>
   yes
  </exclusive>
 </clothing>
 <clothing>
  <id>
   652438604
  </id>
  <name>
   Vans Jeans V-3838
  </name>
  <category>
   Jeans
  </category>
  <size>
   XL
  </size>
  <color>
   Синий
  </color>
  <material>
   Нейлон
  </material>
  <price>
   520627
  </price>
  <rating>
   2.87
  </rating>
  <reviews>
   908690
  </reviews>
 </clothing>
 <clothing>
  <id>
   806596417
  </id>
  <name>
   Lacoste T-shirt J-3483
  </name>
  <category>
   T-shirt
  </category>
  <size>
   XL
  </size>
  <color>
   Голубой
  </color>
  <material>
   Кожа
  </material>
  <price>
   403317
  </price>
  <rating>
   3.76
  </rating>
  <reviews>
   980000
  </reviews>
  <new>
   -
  </new>
  <exclusive>
   no
  </exclusive>
 </clothing>
 <clothing>
  <id>
   342326005
  </id>
  <name>
   Brooks Jeans Y-5300
  </name>
  <category>
   Jeans
  </category>
  <size>
   M
  </size>
  <color>
   Зеленый
  </color>
  <material>
   Шерсть
  </material>
  <price>
   549017
  </price>
  <rating>
   1.65
  </rating>
  <reviews>
   140037
  </reviews>
  <new>
   -
  </new>
 </clothing>
 <clothing>
  <id>
   761270038
  </id>
  <name>
   Nike Gloves L-6506
  </name>
  <category>
   Gloves
  </category>
  <size>
   S
  </size>
  <color>
   Желтый
  </color>
  <material>
   Нейлон
  </material>
  <price>
   267821
  </price>
  <rating>
   2.76
  </rating>
  <reviews>
   372942
  </reviews>
  <new>
   -
  </new>
  <exclusive>
   no
  </exclusive>
  <sporty>
   yes
  </sporty>
 </clothing>
 <clothing>
  <id>
   304767629
  </id>
  <name>
   Adidas Shoes Y-4221
  </name>
  <category>
   Shoes
  </category>
  <size>
   XXL
  </size>
  <color>
   Красный
  </color>
  <material>
   Шерсть
  </material>
  <price>
   455058
  </price>
  <rating>
   4.2
  </rating>
  <reviews>
   858784
  </reviews>
  <sporty>
   yes
  </sporty>
 </clothing>
 <clothing>
  <id>
   291249547
  </id>
  <name>
   Brooks Jacket G-9998
  </name>
  <category>
   Jacket
  </category>
  <size>
   XL
  </size>
  <color>
   Голубой
  </color>
  <material>
   Лен
  </material>
  <price>
   608548
  </price>
  <rating>
   3.23
  </rating>
  <reviews>
   127921
  </reviews>
  <new>
   -
  </new>
  <sporty>
   no
  </sporty>
 </clothing>
 <clothing>
  <id>
   878434973
  </id>
  <name>
   Vans Jacket T-3768
  </name>
  <category>
   Jacket
  </category>
  <size>
   L
  </size>
  <color>
   Голубой
  </color>
  <material>
   Хлопок
  </material>
  <price>
   984310
  </price>
  <rating>
   1.27
  </rating>
  <reviews>
   926325
  </reviews>
  <new>
   -
  </new>
  <exclusive>
   yes
  </exclusive>
 </clothing>
 <clothing>
  <id>
   563168532
  </id>
  <name>
   Lacoste Skirt I-6157
  </name>
  <category>
   Skirt
  </category>
  <size>
   M
  </size>
  <color>
   Зеленый
  </color>
  <material>
   Лен
  </material>
  <price>
   915051
  </price>
  <rating>
   3.59
  </rating>
  <reviews>
   739704
  </reviews>
 </clothing>
</clothing-items>
