<?xml version="1.0" encoding="utf-8"?>
<clothing-items>
 <clothing>
  <id>
   801891700
  </id>
  <name>
   New Balance Jacket N-5471
  </name>
  <category>
   Jacket
  </category>
  <size>
   XL
  </size>
  <color>
   Голубой
  </color>
  <material>
   Кожа
  </material>
  <price>
   164874
  </price>
  <rating>
   4.19
  </rating>
  <reviews>
   292980
  </reviews>
  <sporty>
   no
  </sporty>
 </clothing>
 <clothing>
  <id>
   318035212
  </id>
  <name>
   Adidas Sweater Y-9208
  </name>
  <category>
   Sweater
  </category>
  <size>
   XL
  </size>
  <color>
   Оранжевый
  </color>
  <material>
   Полиэстер
  </material>
  <price>
   966736
  </price>
  <rating>
   3.9
  </rating>
  <reviews>
   616710
  </reviews>
  <new>
   -
  </new>
  <exclusive>
   no
  </exclusive>
  <sporty>
   no
  </sporty>
 </clothing>
 <clothing>
  <id>
   836647342
  </id>
  <name>
   Converse Blouse S-2431
  </name>
  <category>
   Blouse
  </category>
  <size>
   S
  </size>
  <color>
   Зеленый
  </color>
  <material>
   Шелк
  </material>
  <price>
   535833
  </price>
  <rating>
   2.87
  </rating>
  <reviews>
   799861
  </reviews>
  <new>
   -
  </new>
  <sporty>
   no
  </sporty>
 </clothing>
 <clothing>
  <id>
   530100809
  </id>
  <name>
   Ellesse Handbags K-7521
  </name>
  <category>
   Handbags
  </category>
  <size>
   L
  </size>
  <color>
   Зеленый
  </color>
  <material>
   Лен
  </material>
  <price>
   728482
  </price>
  <rating>
   3.65
  </rating>
  <reviews>
   589409
  </reviews>
  <exclusive>
   yes
  </exclusive>
  <sporty>
   no
  </sporty>
 </clothing>
 <clothing>
  <id>
   555797105
  </id>
  <name>
   Nike Handbags M-3879
  </name>
  <category>
   Handbags
  </category>
  <size>
   L
  </size>
  <color>
   Красный
  </color>
  <material>
   Нейлон
  </material>
  <price>
   794492
  </price>
  <rating>
   4.15
  </rating>
  <reviews>
   216299
  </reviews>
  <sporty>
   no
  </sporty>
 </clothing>
 <clothing>
  <id>
   589144146
  </id>
  <name>
   Fila Shoes M-7890
  </name>
  <category>
   Shoes
  </category>
  <size>
   M
  </size>
  <color>
   Оранжевый
  </color>
  <material>
   Хлопок
  </material>
  <price>
   347348
  </price>
  <rating>
   4.47
  </rating>
  <reviews>
   127040
  </reviews>
  <new>
   -
  </new>
  <exclusive>
   no
  </exclusive>
 </clothing>
 <clothing>
  <id>
   473226471
  </id>
  <name>
   Asics Umbrellas A-6780
  </name>
  <category>
   Umbrellas
  </category>
  <size>
   M
  </size>
  <color>
   Желтый
  </color>
  <material>
   Кожа
  </material>
  <price>
   214859
  </price>
  <rating>
   3.68
  </rating>
  <reviews>
   942525
  </reviews>
  <new>
   -
  </new>
  <exclusive>
   no
  </exclusive>
  <sporty>
   no
  </sporty>
 </clothing>
 <clothing>
  <id>
   495386584
  </id>
  <name>
   New Balance Shirt O-1440
  </name>
  <category>
   Shirt
  </category>
  <size>
   M
  </size>
  <color>
   Фиолетовый
  </color>
  <material>
   Хлопок
  </material>
  <price>
   289216
  </price>
  <rating>
   2.76
  </rating>
  <reviews>
   74253
  </reviews>
  <new>
   -
  </new>
 </clothing>
 <clothing>
  <id>
   379655320
  </id>
  <name>
   PleinSport Jeans K-9899
  </name>
  <category>
   Jeans
  </category>
  <size>
   L
  </size>
  <color>
   Оранжевый
  </color>
  <material>
   Хлопок
  </material>
  <price>
   853449
  </price>
  <rating>
   3.45
  </rating>
  <reviews>
   934026
  </reviews>
  <new>
   +
  </new>
  <sporty>
   yes
  </sporty>
 </clothing>
 <clothing>
  <id>
   660678360
  </id>
  <name>
   Reebok Gloves B-2153
  </name>
  <category>
   Gloves
  </category>
  <size>
   M
  </size>
  <color>
   Оранжевый
  </color>
  <material>
   Нейлон
  </material>
  <price>
   106435
  </price>
  <rating>
   2.5
  </rating>
  <reviews>
   131424
  </reviews>
  <new>
   -
  </new>
 </clothing>
 <clothing>
  <id>
   456973011
  </id>
  <name>
   Reebok Dress H-9980
  </name>
  <category>
   Dress
  </category>
  <size>
   S
  </size>
  <color>
   Оранжевый
  </color>
  <material>
   Кожа
  </material>
  <price>
   269758
  </price>
  <rating>
   1.95
  </rating>
  <reviews>
   513521
  </reviews>
  <exclusive>
   yes
  </exclusive>
 </clothing>
 <clothing>
  <id>
   556109969
  </id>
  <name>
   Reebok T-shirt Y-9731
  </name>
  <category>
   T-shirt
  </category>
  <size>
   M
  </size>
  <color>
   Красный
  </color>
  <material>
   Нейлон
  </material>
  <price>
   881684
  </price>
  <rating>
   3.57
  </rating>
  <reviews>
   810595
  </reviews>
  <new>
   +
  </new>
  <sporty>
   no
  </sporty>
 </clothing>
 <clothing>
  <id>
   689425142
  </id>
  <name>
   Adidas Jacket W-5526
  </name>
  <category>
   Jacket
  </category>
  <size>
   M
  </size>
  <color>
   Зеленый
  </color>
  <material>
   Кожа
  </material>
  <price>
   689731
  </price>
  <rating>
   4.88
  </rating>
  <reviews>
   693746
  </reviews>
  <new>
   -
  </new>
  <sporty>
   yes
  </sporty>
 </clothing>
 <clothing>
  <id>
   958152786
  </id>
  <name>
   Puma Shoes W-8471
  </name>
  <category>
   Shoes
  </category>
  <size>
   L
  </size>
  <color>
   Желтый
  </color>
  <material>
   Шелк
  </material>
  <price>
   807735
  </price>
  <rating>
   4.0
  </rating>
  <reviews>
   760246
  </reviews>
  <new>
   +
  </new>
 </clothing>
 <clothing>
  <id>
   527010671
  </id>
  <name>
   Puma Belts L-7061
  </name>
  <category>
   Belts
  </category>
  <size>
   M
  </size>
  <color>
   Голубой
  </color>
  <material>
   Лен
  </material>
  <price>
   929151
  </price>
  <rating>
   2.71
  </rating>
  <reviews>
   768849
  </reviews>
  <new>
   -
  </new>
  <exclusive>
   yes
  </exclusive>
 </clothing>
 <clothing>
  <id>
   247887181
  </id>
  <name>
   Addidas Socks F-9495
  </name>
  <category>
   Socks
  </category>
  <size>
   L
  </size>
  <color>
   Желтый
  </color>
  <material>
   Нейлон
  </material>
  <price>
   447469
  </price>
  <rating>
   3.72
  </rating>
  <reviews>
   253410
  </reviews>
  <new>
   -
  </new>
  <exclusive>
   yes
  </exclusive>
  <sporty>
   no
  </sporty>
 </clothing>
 <clothing>
  <id>
   463129922
  </id>
  <name>
   Puma Handbags E-6415
  </name>
  <category>
   Handbags
  </category>
  <size>
   XXL
  </size>
  <color>
   Фиолетовый
  </color>
  <material>
   Кожа
  </material>
  <price>
   525431
  </price>
  <rating>
   4.44
  </rating>
  <reviews>
   486798
  </reviews>
  <new>
   -
  </new>
 </clothing>
 <clothing>
  <id>
   263366782
  </id>
  <name>
   Reebok Hat O-7224
  </name>
  <category>
   Hat
  </category>
  <size>
   XL
  </size>
  <color>
   Оранжевый
  </color>
  <material>
   Шерсть
  </material>
  <price>
   219237
  </price>
  <rating>
   2.74
  </rating>
  <reviews>
   807646
  </reviews>
  <new>
   -
  </new>
  <exclusive>
   no
  </exclusive>
 </clothing>
 <clothing>
  <id>
   154927575
  </id>
  <name>
   Under Armour Dress X-3468
  </name>
  <category>
   Dress
  </category>
  <size>
   XXL
  </size>
  <color>
   Красный
  </color>
  <material>
   Вискоза
  </material>
  <price>
   374501
  </price>
  <rating>
   2.47
  </rating>
  <reviews>
   374104
  </reviews>
  <new>
   -
  </new>
  <exclusive>
   no
  </exclusive>
  <sporty>
   no
  </sporty>
 </clothing>
 <clothing>
  <id>
   381682983
  </id>
  <name>
   Under Armour Shirt F-1606
  </name>
  <category>
   Shirt
  </category>
  <size>
   XXL
  </size>
  <color>
   Красный
  </color>
  <material>
   Лен
  </material>
  <price>
   764982
  </price>
  <rating>
   1.29
  </rating>
  <reviews>
   503201
  </reviews>
  <exclusive>
   no
  </exclusive>
 </clothing>
 <clothing>
  <id>
   867288412
  </id>
  <name>
   Fila Jeans J-5307
  </name>
  <category>
   Jeans
  </category>
  <size>
   M
  </size>
  <color>
   Желтый
  </color>
  <material>
   Лен
  </material>
  <price>
   105933
  </price>
  <rating>
   4.28
  </rating>
  <reviews>
   60603
  </reviews>
  <new>
   -
  </new>
  <exclusive>
   no
  </exclusive>
 </clothing>
 <clothing>
  <id>
   492027782
  </id>
  <name>
   DC Jeans M-3435
  </name>
  <category>
   Jeans
  </category>
  <size>
   XL
  </size>
  <color>
   Красный
  </color>
  <material>
   Хлопок
  </material>
  <price>
   452796
  </price>
  <rating>
   3.66
  </rating>
  <reviews>
   869531
  </reviews>
  <new>
   -
  </new>
  <sporty>
   no
  </sporty>
 </clothing>
 <clothing>
  <id>
   573374260
  </id>
  <name>
   Addidas Shoes I-5657
  </name>
  <category>
   Shoes
  </category>
  <size>
   M
  </size>
  <color>
   Голубой
  </color>
  <material>
   Вискоза
  </material>
  <price>
   257339
  </price>
  <rating>
   4.49
  </rating>
  <reviews>
   460573
  </reviews>
  <new>
   -
  </new>
 </clothing>
</clothing-items>
