<?xml version="1.0" encoding="utf-8"?>
<clothing-items>
 <clothing>
  <id>
   915472210
  </id>
  <name>
   DC Shoes Z-6406
  </name>
  <category>
   Shoes
  </category>
  <size>
   L
  </size>
  <color>
   Красный
  </color>
  <material>
   Нейлон
  </material>
  <price>
   541405
  </price>
  <rating>
   4.06
  </rating>
  <reviews>
   101983
  </reviews>
  <new>
   -
  </new>
  <exclusive>
   no
  </exclusive>
 </clothing>
 <clothing>
  <id>
   215710107
  </id>
  <name>
   Under Armour Jeans J-4045
  </name>
  <category>
   Jeans
  </category>
  <size>
   XL
  </size>
  <color>
   Синий
  </color>
  <material>
   Нейлон
  </material>
  <price>
   226779
  </price>
  <rating>
   1.5
  </rating>
  <reviews>
   358596
  </reviews>
  <new>
   -
  </new>
  <sporty>
   yes
  </sporty>
 </clothing>
 <clothing>
  <id>
   754825158
  </id>
  <name>
   New Balance Pants W-4952
  </name>
  <category>
   Pants
  </category>
  <size>
   XL
  </size>
  <color>
   Голубой
  </color>
  <material>
   Вискоза
  </material>
  <price>
   228914
  </price>
  <rating>
   2.95
  </rating>
  <reviews>
   252135
  </reviews>
  <new>
   +
  </new>
 </clothing>
 <clothing>
  <id>
   216973748
  </id>
  <name>
   Puma Gloves K-1179
  </name>
  <category>
   Gloves
  </category>
  <size>
   L
  </size>
  <color>
   Голубой
  </color>
  <material>
   Хлопок
  </material>
  <price>
   262708
  </price>
  <rating>
   1.24
  </rating>
  <reviews>
   861728
  </reviews>
  <exclusive>
   no
  </exclusive>
  <sporty>
   no
  </sporty>
 </clothing>
 <clothing>
  <id>
   413842155
  </id>
  <name>
   Asics Skirt I-1905
  </name>
  <category>
   Skirt
  </category>
  <size>
   XL
  </size>
  <color>
   Красный
  </color>
  <material>
   Шерсть
  </material>
  <price>
   440825
  </price>
  <rating>
   3.65
  </rating>
  <reviews>
   534376
  </reviews>
  <new>
   -
  </new>
  <exclusive>
   yes
  </exclusive>
 </clothing>
 <clothing>
  <id>
   917672407
  </id>
  <name>
   Adidas Shirt X-1095
  </name>
  <category>
   Shirt
  </category>
  <size>
   XL
  </size>
  <color>
   Фиолетовый
  </color>
  <material>
   Хлопок
  </material>
  <price>
   889630
  </price>
  <rating>
   4.58
  </rating>
  <reviews>
   311141
  </reviews>
 </clothing>
 <clothing>
  <id>
   713263707
  </id>
  <name>
   Under Armour Hat D-6260
  </name>
  <category>
   Hat
  </category>
  <size>
   S
  </size>
  <color>
   Желтый
  </color>
  <material>
   Лен
  </material>
  <price>
   611960
  </price>
  <rating>
   3.37
  </rating>
  <reviews>
   492533
  </reviews>
  <exclusive>
   yes
  </exclusive>
  <sporty>
   yes
  </sporty>
 </clothing>
 <clothing>
  <id>
   788731201
  </id>
  <name>
   Fila Dress S-8056
  </name>
  <category>
   Dress
  </category>
  <size>
   S
  </size>
  <color>
   Желтый
  </color>
  <material>
   Шелк
  </material>
  <price>
   385987
  </price>
  <rating>
   1.55
  </rating>
  <reviews>
   630309
  </reviews>
  <new>
   -
  </new>
  <sporty>
   yes
  </sporty>
 </clothing>
 <clothing>
  <id>
   469120081
  </id>
  <name>
   Ellesse Dress D-5691
  </name>
  <category>
   Dress
  </category>
  <size>
   XXL
  </size>
  <color>
   Синий
  </color>
  <material>
   Шерсть
  </material>
  <price>
   283124
  </price>
  <rating>
   4.7
  </rating>
  <reviews>
   180917
  </reviews>
  <new>
   -
  </new>
  <exclusive>
   yes
  </exclusive>
 </clothing>
 <clothing>
  <id>
   344525566
  </id>
  <name>
   DC Pants Q-1049
  </name>
  <category>
   Pants
  </category>
  <size>
   L
  </size>
  <color>
   Красный
  </color>
  <material>
   Шерсть
  </material>
  <price>
   922827
  </price>
  <rating>
   3.17
  </rating>
  <reviews>
   750574
  </reviews>
  <exclusive>
   yes
  </exclusive>
  <sporty>
   no
  </sporty>
 </clothing>
 <clothing>
  <id>
   149399002
  </id>
  <name>
   Converse Skirt X-5005
  </name>
  <category>
   Skirt
  </category>
  <size>
   XXL
  </size>
  <color>
   Голубой
  </color>
  <material>
   Полиэстер
  </material>
  <price>
   774925
  </price>
  <rating>
   4.87
  </rating>
  <reviews>
   125925
  </reviews>
  <sporty>
   no
  </sporty>
 </clothing>
 <clothing>
  <id>
   690901788
  </id>
  <name>
   Reebok Socks F-4665
  </name>
  <category>
   Socks
  </category>
  <size>
   L
  </size>
  <color>
   Голубой
  </color>
  <material>
   Кожа
  </material>
  <price>
   908051
  </price>
  <rating>
   4.0
  </rating>
  <reviews>
   708144
  </reviews>
  <new>
   +
  </new>
  <exclusive>
   no
  </exclusive>
  <sporty>
   no
  </sporty>
 </clothing>
 <clothing>
  <id>
   825968616
  </id>
  <name>
   Fila Handbags P-4918
  </name>
  <category>
   Handbags
  </category>
  <size>
   L
  </size>
  <color>
   Фиолетовый
  </color>
  <material>
   Хлопок
  </material>
  <price>
   127717
  </price>
  <rating>
   3.53
  </rating>
  <reviews>
   799056
  </reviews>
  <new>
   -
  </new>
  <exclusive>
   no
  </exclusive>
 </clothing>
 <clothing>
  <id>
   790602278
  </id>
  <name>
   Reebok Jeans N-4957
  </name>
  <category>
   Jeans
  </category>
  <size>
   S
  </size>
  <color>
   Синий
  </color>
  <material>
   Полиэстер
  </material>
  <price>
   677735
  </price>
  <rating>
   3.8
  </rating>
  <reviews>
   10144
  </reviews>
 </clothing>
 <clothing>
  <id>
   343371066
  </id>
  <name>
   DC Jeans O-6290
  </name>
  <category>
   Jeans
  </category>
  <size>
   S
  </size>
  <color>
   Красный
  </color>
  <material>
   Хлопок
  </material>
  <price>
   635970
  </price>
  <rating>
   2.89
  </rating>
  <reviews>
   641308
  </reviews>
  <new>
   +
  </new>
  <exclusive>
   no
  </exclusive>
  <sporty>
   yes
  </sporty>
 </clothing>
 <clothing>
  <id>
   370398882
  </id>
  <name>
   Fila Umbrellas F-7977
  </name>
  <category>
   Umbrellas
  </category>
  <size>
   M
  </size>
  <color>
   Красный
  </color>
  <material>
   Кожа
  </material>
  <price>
   478574
  </price>
  <rating>
   2.9
  </rating>
  <reviews>
   737086
  </reviews>
  <new>
   -
  </new>
  <exclusive>
   yes
  </exclusive>
  <sporty>
   no
  </sporty>
 </clothing>
 <clothing>
  <id>
   487485332
  </id>
  <name>
   PleinSport Socks B-2146
  </name>
  <category>
   Socks
  </category>
  <size>
   M
  </size>
  <color>
   Голубой
  </color>
  <material>
   Кожа
  </material>
  <price>
   652322
  </price>
  <rating>
   3.12
  </rating>
  <reviews>
   220603
  </reviews>
  <new>
   -
  </new>
  <exclusive>
   yes
  </exclusive>
  <sporty>
   no
  </sporty>
 </clothing>
 <clothing>
  <id>
   476815242
  </id>
  <name>
   Fila Shoes M-6540
  </name>
  <category>
   Shoes
  </category>
  <size>
   L
  </size>
  <color>
   Красный
  </color>
  <material>
   Нейлон
  </material>
  <price>
   855276
  </price>
  <rating>
   4.64
  </rating>
  <reviews>
   912036
  </reviews>
  <exclusive>
   no
  </exclusive>
 </clothing>
 <clothing>
  <id>
   758939954
  </id>
  <name>
   Converse Skirt Q-8531
  </name>
  <category>
   Skirt
  </category>
  <size>
   L
  </size>
  <color>
   Оранжевый
  </color>
  <material>
   Хлопок
  </material>
  <price>
   229904
  </price>
  <rating>
   2.81
  </rating>
  <reviews>
   567087
  </reviews>
 </clothing>
 <clothing>
  <id>
   388151275
  </id>
  <name>
   Fila Shoes M-7938
  </name>
  <category>
   Shoes
  </category>
  <size>
   XXL
  </size>
  <color>
   Синий
  </color>
  <material>
   Шелк
  </material>
  <price>
   372146
  </price>
  <rating>
   3.14
  </rating>
  <reviews>
   894242
  </reviews>
  <new>
   -
  </new>
 </clothing>
 <clothing>
  <id>
   466866609
  </id>
  <name>
   PleinSport Dress Q-5781
  </name>
  <category>
   Dress
  </category>
  <size>
   M
  </size>
  <color>
   Оранжевый
  </color>
  <material>
   Кожа
  </material>
  <price>
   758818
  </price>
  <rating>
   3.96
  </rating>
  <reviews>
   321171
  </reviews>
  <exclusive>
   yes
  </exclusive>
  <sporty>
   no
  </sporty>
 </clothing>
 <clothing>
  <id>
   499222287
  </id>
  <name>
   Fila Jacket V-8045
  </name>
  <category>
   Jacket
  </category>
  <size>
   XL
  </size>
  <color>
   Оранжевый
  </color>
  <material>
   Шерсть
  </material>
  <price>
   246979
  </price>
  <rating>
   3.39
  </rating>
  <reviews>
   835058
  </reviews>
  <new>
   +
  </new>
  <exclusive>
   no
  </exclusive>
  <sporty>
   yes
  </sporty>
 </clothing>
 <clothing>
  <id>
   452317349
  </id>
  <name>
   DC Jacket B-9228
  </name>
  <category>
   Jacket
  </category>
  <size>
   XXL
  </size>
  <color>
   Фиолетовый
  </color>
  <material>
   Вискоза
  </material>
  <price>
   405461
  </price>
  <rating>
   2.96
  </rating>
  <reviews>
   352253
  </reviews>
  <new>
   -
  </new>
  <exclusive>
   no
  </exclusive>
 </clothing>
 <clothing>
  <id>
   782633447
  </id>
  <name>
   Vans Jacket N-5153
  </name>
  <category>
   Jacket
  </category>
  <size>
   XXL
  </size>
  <color>
   Красный
  </color>
  <material>
   Нейлон
  </material>
  <price>
   526174
  </price>
  <rating>
   4.93
  </rating>
  <reviews>
   534516
  </reviews>
 </clothing>
 <clothing>
  <id>
   936851090
  </id>
  <name>
   Puma Jacket I-3678
  </name>
  <category>
   Jacket
  </category>
  <size>
   M
  </size>
  <color>
   Зеленый
  </color>
  <material>
   Кожа
  </material>
  <price>
   657166
  </price>
  <rating>
   2.11
  </rating>
  <reviews>
   737208
  </reviews>
  <exclusive>
   no
  </exclusive>
 </clothing>
 <clothing>
  <id>
   900568757
  </id>
  <name>
   Puma Handbags N-5367
  </name>
  <category>
   Handbags
  </category>
  <size>
   XXL
  </size>
  <color>
   Красный
  </color>
  <material>
   Лен
  </material>
  <price>
   998165
  </price>
  <rating>
   3.8
  </rating>
  <reviews>
   277178
  </reviews>
  <new>
   -
  </new>
  <exclusive>
   yes
  </exclusive>
 </clothing>
 <clothing>
  <id>
   572800284
  </id>
  <name>
   Nike Jeans D-7287
  </name>
  <category>
   Jeans
  </category>
  <size>
   XXL
  </size>
  <color>
   Зеленый
  </color>
  <material>
   Лен
  </material>
  <price>
   360068
  </price>
  <rating>
   4.94
  </rating>
  <reviews>
   444202
  </reviews>
  <exclusive>
   no
  </exclusive>
 </clothing>
 <clothing>
  <id>
   765882843
  </id>
  <name>
   Ellesse Sweater N-6328
  </name>
  <category>
   Sweater
  </category>
  <size>
   S
  </size>
  <color>
   Синий
  </color>
  <material>
   Шелк
  </material>
  <price>
   273324
  </price>
  <rating>
   1.46
  </rating>
  <reviews>
   118461
  </reviews>
 </clothing>
 <clothing>
  <id>
   122239177
  </id>
  <name>
   Vans Handbags B-5429
  </name>
  <category>
   Handbags
  </category>
  <size>
   XL
  </size>
  <color>
   Желтый
  </color>
  <material>
   Вискоза
  </material>
  <price>
   338429
  </price>
  <rating>
   3.31
  </rating>
  <reviews>
   135346
  </reviews>
 </clothing>
 <clothing>
  <id>
   315021497
  </id>
  <name>
   Under Armour Sweater E-1694
  </name>
  <category>
   Sweater
  </category>
  <size>
   M
  </size>
  <color>
   Фиолетовый
  </color>
  <material>
   Полиэстер
  </material>
  <price>
   827125
  </price>
  <rating>
   4.0
  </rating>
  <reviews>
   784032
  </reviews>
  <sporty>
   yes
  </sporty>
 </clothing>
 <clothing>
  <id>
   412407360
  </id>
  <name>
   Adidas Skirt T-4762
  </name>
  <category>
   Skirt
  </category>
  <size>
   XXL
  </size>
  <color>
   Красный
  </color>
  <material>
   Шерсть
  </material>
  <price>
   938133
  </price>
  <rating>
   2.64
  </rating>
  <reviews>
   691741
  </reviews>
 </clothing>
 <clothing>
  <id>
   725904014
  </id>
  <name>
   Converse Shirt U-1702
  </name>
  <category>
   Shirt
  </category>
  <size>
   XL
  </size>
  <color>
   Оранжевый
  </color>
  <material>
   Вискоза
  </material>
  <price>
   310194
  </price>
  <rating>
   1.58
  </rating>
  <reviews>
   96378
  </reviews>
  <sporty>
   yes
  </sporty>
 </clothing>
 <clothing>
  <id>
   328642021
  </id>
  <name>
   Brooks Pants E-2010
  </name>
  <category>
   Pants
  </category>
  <size>
   XL
  </size>
  <color>
   Зеленый
  </color>
  <material>
   Вискоза
  </material>
  <price>
   302129
  </price>
  <rating>
   2.69
  </rating>
  <reviews>
   758441
  </reviews>
  <sporty>
   no
  </sporty>
 </clothing>
 <clothing>
  <id>
   102506341
  </id>
  <name>
   PleinSport Handbags G-8113
  </name>
  <category>
   Handbags
  </category>
  <size>
   XXL
  </size>
  <color>
   Красный
  </color>
  <material>
   Хлопок
  </material>
  <price>
   265655
  </price>
  <rating>
   4.2
  </rating>
  <reviews>
   420532
  </reviews>
  <exclusive>
   no
  </exclusive>
  <sporty>
   no
  </sporty>
 </clothing>
 <clothing>
  <id>
   798015096
  </id>
  <name>
   Converse Skirt Q-6374
  </name>
  <category>
   Skirt
  </category>
  <size>
   XL
  </size>
  <color>
   Голубой
  </color>
  <material>
   Лен
  </material>
  <price>
   465493
  </price>
  <rating>
   4.61
  </rating>
  <reviews>
   930173
  </reviews>
  <exclusive>
   no
  </exclusive>
 </clothing>
 <clothing>
  <id>
   326993135
  </id>
  <name>
   New Balance Hat E-4428
  </name>
  <category>
   Hat
  </category>
  <size>
   XL
  </size>
  <color>
   Голубой
  </color>
  <material>
   Нейлон
  </material>
  <price>
   269587
  </price>
  <rating>
   2.33
  </rating>
  <reviews>
   650313
  </reviews>
  <new>
   -
  </new>
  <exclusive>
   no
  </exclusive>
  <sporty>
   no
  </sporty>
 </clothing>
</clothing-items>
