<?xml version="1.0" encoding="utf-8"?>
<clothing-items>
 <clothing>
  <id>
   969681245
  </id>
  <name>
   Reebok Umbrellas U-8094
  </name>
  <category>
   Umbrellas
  </category>
  <size>
   M
  </size>
  <color>
   Зеленый
  </color>
  <material>
   Лен
  </material>
  <price>
   735376
  </price>
  <rating>
   3.51
  </rating>
  <reviews>
   405098
  </reviews>
  <exclusive>
   yes
  </exclusive>
  <sporty>
   yes
  </sporty>
 </clothing>
 <clothing>
  <id>
   594341895
  </id>
  <name>
   Ellesse Umbrellas J-1426
  </name>
  <category>
   Umbrellas
  </category>
  <size>
   XXL
  </size>
  <color>
   Оранжевый
  </color>
  <material>
   Шелк
  </material>
  <price>
   124978
  </price>
  <rating>
   3.17
  </rating>
  <reviews>
   546167
  </reviews>
  <new>
   -
  </new>
  <sporty>
   no
  </sporty>
 </clothing>
 <clothing>
  <id>
   616039789
  </id>
  <name>
   Puma T-shirt C-2862
  </name>
  <category>
   T-shirt
  </category>
  <size>
   M
  </size>
  <color>
   Красный
  </color>
  <material>
   Полиэстер
  </material>
  <price>
   741522
  </price>
  <rating>
   2.7
  </rating>
  <reviews>
   194022
  </reviews>
  <exclusive>
   yes
  </exclusive>
  <sporty>
   no
  </sporty>
 </clothing>
 <clothing>
  <id>
   886763373
  </id>
  <name>
   PleinSport Belts H-9437
  </name>
  <category>
   Belts
  </category>
  <size>
   M
  </size>
  <color>
   Зеленый
  </color>
  <material>
   Кожа
  </material>
  <price>
   507887
  </price>
  <rating>
   3.47
  </rating>
  <reviews>
   109141
  </reviews>
  <new>
   +
  </new>
  <exclusive>
   no
  </exclusive>
 </clothing>
 <clothing>
  <id>
   558268490
  </id>
  <name>
   Reebok Shoes F-3897
  </name>
  <category>
   Shoes
  </category>
  <size>
   L
  </size>
  <color>
   Синий
  </color>
  <material>
   Вискоза
  </material>
  <price>
   873617
  </price>
  <rating>
   1.13
  </rating>
  <reviews>
   505873
  </reviews>
  <sporty>
   no
  </sporty>
 </clothing>
 <clothing>
  <id>
   556035111
  </id>
  <name>
   Lacoste Gloves Z-1026
  </name>
  <category>
   Gloves
  </category>
  <size>
   L
  </size>
  <color>
   Синий
  </color>
  <material>
   Нейлон
  </material>
  <price>
   246941
  </price>
  <rating>
   4.02
  </rating>
  <reviews>
   256715
  </reviews>
  <new>
   -
  </new>
  <exclusive>
   yes
  </exclusive>
 </clothing>
 <clothing>
  <id>
   957345427
  </id>
  <name>
   Lacoste Hat J-7537
  </name>
  <category>
   Hat
  </category>
  <size>
   XL
  </size>
  <color>
   Оранжевый
  </color>
  <material>
   Лен
  </material>
  <price>
   668699
  </price>
  <rating>
   1.6
  </rating>
  <reviews>
   29906
  </reviews>
  <new>
   -
  </new>
  <exclusive>
   yes
  </exclusive>
 </clothing>
 <clothing>
  <id>
   755929851
  </id>
  <name>
   Lacoste Dress N-7453
  </name>
  <category>
   Dress
  </category>
  <size>
   S
  </size>
  <color>
   Фиолетовый
  </color>
  <material>
   Вискоза
  </material>
  <price>
   543596
  </price>
  <rating>
   3.26
  </rating>
  <reviews>
   772968
  </reviews>
  <new>
   -
  </new>
  <sporty>
   no
  </sporty>
 </clothing>
 <clothing>
  <id>
   202506012
  </id>
  <name>
   Ellesse Shirt S-1556
  </name>
  <category>
   Shirt
  </category>
  <size>
   S
  </size>
  <color>
   Оранжевый
  </color>
  <material>
   Кожа
  </material>
  <price>
   907196
  </price>
  <rating>
   3.9
  </rating>
  <reviews>
   828524
  </reviews>
  <new>
   +
  </new>
  <sporty>
   no
  </sporty>
 </clothing>
 <clothing>
  <id>
   235665681
  </id>
  <name>
   Ellesse Umbrellas B-1309
  </name>
  <category>
   Umbrellas
  </category>
  <size>
   XXL
  </size>
  <color>
   Синий
  </color>
  <material>
   Шелк
  </material>
  <price>
   156505
  </price>
  <rating>
   4.07
  </rating>
  <reviews>
   816004
  </reviews>
  <exclusive>
   no
  </exclusive>
  <sporty>
   no
  </sporty>
 </clothing>
 <clothing>
  <id>
   521702632
  </id>
  <name>
   Fila Dress C-4401
  </name>
  <category>
   Dress
  </category>
  <size>
   M
  </size>
  <color>
   Голубой
  </color>
  <material>
   Хлопок
  </material>
  <price>
   936369
  </price>
  <rating>
   4.56
  </rating>
  <reviews>
   592959
  </reviews>
  <new>
   -
  </new>
  <exclusive>
   no
  </exclusive>
 </clothing>
 <clothing>
  <id>
   501200595
  </id>
  <name>
   PleinSport Hat K-8101
  </name>
  <category>
   Hat
  </category>
  <size>
   S
  </size>
  <color>
   Желтый
  </color>
  <material>
   Нейлон
  </material>
  <price>
   488572
  </price>
  <rating>
   4.01
  </rating>
  <reviews>
   951454
  </reviews>
  <sporty>
   no
  </sporty>
 </clothing>
 <clothing>
  <id>
   754755060
  </id>
  <name>
   New Balance Handbags J-1233
  </name>
  <category>
   Handbags
  </category>
  <size>
   M
  </size>
  <color>
   Красный
  </color>
  <material>
   Кожа
  </material>
  <price>
   272282
  </price>
  <rating>
   3.61
  </rating>
  <reviews>
   45378
  </reviews>
  <exclusive>
   no
  </exclusive>
  <sporty>
   yes
  </sporty>
 </clothing>
 <clothing>
  <id>
   838792126
  </id>
  <name>
   PleinSport Umbrellas L-8619
  </name>
  <category>
   Umbrellas
  </category>
  <size>
   M
  </size>
  <color>
   Фиолетовый
  </color>
  <material>
   Вискоза
  </material>
  <price>
   819302
  </price>
  <rating>
   2.56
  </rating>
  <reviews>
   27171
  </reviews>
  <new>
   -
  </new>
  <exclusive>
   no
  </exclusive>
  <sporty>
   no
  </sporty>
 </clothing>
 <clothing>
  <id>
   696754467
  </id>
  <name>
   Puma Shirt F-8277
  </name>
  <category>
   Shirt
  </category>
  <size>
   S
  </size>
  <color>
   Оранжевый
  </color>
  <material>
   Полиэстер
  </material>
  <price>
   126833
  </price>
  <rating>
   4.24
  </rating>
  <reviews>
   279096
  </reviews>
  <new>
   +
  </new>
 </clothing>
 <clothing>
  <id>
   908260741
  </id>
  <name>
   Brooks Jacket V-3677
  </name>
  <category>
   Jacket
  </category>
  <size>
   L
  </size>
  <color>
   Голубой
  </color>
  <material>
   Лен
  </material>
  <price>
   387122
  </price>
  <rating>
   3.31
  </rating>
  <reviews>
   753049
  </reviews>
  <exclusive>
   yes
  </exclusive>
  <sporty>
   yes
  </sporty>
 </clothing>
 <clothing>
  <id>
   131296963
  </id>
  <name>
   Under Armour Gloves A-2202
  </name>
  <category>
   Gloves
  </category>
  <size>
   M
  </size>
  <color>
   Голубой
  </color>
  <material>
   Полиэстер
  </material>
  <price>
   107826
  </price>
  <rating>
   2.18
  </rating>
  <reviews>
   54728
  </reviews>
 </clothing>
 <clothing>
  <id>
   678536326
  </id>
  <name>
   Puma Belts C-7567
  </name>
  <category>
   Belts
  </category>
  <size>
   M
  </size>
  <color>
   Фиолетовый
  </color>
  <material>
   Полиэстер
  </material>
  <price>
   561771
  </price>
  <rating>
   3.9
  </rating>
  <reviews>
   537235
  </reviews>
  <sporty>
   yes
  </sporty>
 </clothing>
 <clothing>
  <id>
   601474013
  </id>
  <name>
   Brooks Belts V-6654
  </name>
  <category>
   Belts
  </category>
  <size>
   XXL
  </size>
  <color>
   Фиолетовый
  </color>
  <material>
   Лен
  </material>
  <price>
   253597
  </price>
  <rating>
   1.21
  </rating>
  <reviews>
   83824
  </reviews>
  <exclusive>
   yes
  </exclusive>
 </clothing>
 <clothing>
  <id>
   926603113
  </id>
  <name>
   PleinSport Blouse G-9130
  </name>
  <category>
   Blouse
  </category>
  <size>
   S
  </size>
  <color>
   Желтый
  </color>
  <material>
   Шерсть
  </material>
  <price>
   193437
  </price>
  <rating>
   3.15
  </rating>
  <reviews>
   445237
  </reviews>
  <exclusive>
   yes
  </exclusive>
  <sporty>
   no
  </sporty>
 </clothing>
 <clothing>
  <id>
   619525799
  </id>
  <name>
   Vans Socks Y-9345
  </name>
  <category>
   Socks
  </category>
  <size>
   L
  </size>
  <color>
   Красный
  </color>
  <material>
   Шелк
  </material>
  <price>
   706245
  </price>
  <rating>
   3.29
  </rating>
  <reviews>
   8069
  </reviews>
  <new>
   +
  </new>
  <exclusive>
   no
  </exclusive>
  <sporty>
   no
  </sporty>
 </clothing>
 <clothing>
  <id>
   329172920
  </id>
  <name>
   Brooks Hat T-2910
  </name>
  <category>
   Hat
  </category>
  <size>
   M
  </size>
  <color>
   Фиолетовый
  </color>
  <material>
   Шерсть
  </material>
  <price>
   362273
  </price>
  <rating>
   3.97
  </rating>
  <reviews>
   933724
  </reviews>
  <new>
   -
  </new>
 </clothing>
 <clothing>
  <id>
   676171500
  </id>
  <name>
   Under Armour Dress K-8764
  </name>
  <category>
   Dress
  </category>
  <size>
   S
  </size>
  <color>
   Красный
  </color>
  <material>
   Кожа
  </material>
  <price>
   870437
  </price>
  <rating>
   4.26
  </rating>
  <reviews>
   903522
  </reviews>
  <new>
   -
  </new>
  <exclusive>
   no
  </exclusive>
  <sporty>
   no
  </sporty>
 </clothing>
 <clothing>
  <id>
   154306768
  </id>
  <name>
   New Balance Handbags L-2496
  </name>
  <category>
   Handbags
  </category>
  <size>
   XXL
  </size>
  <color>
   Красный
  </color>
  <material>
   Шерсть
  </material>
  <price>
   949210
  </price>
  <rating>
   4.16
  </rating>
  <reviews>
   882230
  </reviews>
  <new>
   -
  </new>
  <exclusive>
   no
  </exclusive>
 </clothing>
 <clothing>
  <id>
   528258628
  </id>
  <name>
   Adidas Jeans W-9319
  </name>
  <category>
   Jeans
  </category>
  <size>
   M
  </size>
  <color>
   Фиолетовый
  </color>
  <material>
   Нейлон
  </material>
  <price>
   557281
  </price>
  <rating>
   2.85
  </rating>
  <reviews>
   913504
  </reviews>
  <new>
   -
  </new>
  <sporty>
   no
  </sporty>
 </clothing>
 <clothing>
  <id>
   329511524
  </id>
  <name>
   Brooks Shirt J-1057
  </name>
  <category>
   Shirt
  </category>
  <size>
   S
  </size>
  <color>
   Фиолетовый
  </color>
  <material>
   Шелк
  </material>
  <price>
   503729
  </price>
  <rating>
   1.61
  </rating>
  <reviews>
   735979
  </reviews>
  <new>
   -
  </new>
 </clothing>
</clothing-items>
