<?xml version="1.0" encoding="utf-8"?>
<clothing-items>
 <clothing>
  <id>
   724501269
  </id>
  <name>
   New Balance Blouse W-4856
  </name>
  <category>
   Blouse
  </category>
  <size>
   S
  </size>
  <color>
   Фиолетовый
  </color>
  <material>
   Лен
  </material>
  <price>
   328541
  </price>
  <rating>
   3.02
  </rating>
  <reviews>
   778403
  </reviews>
  <new>
   -
  </new>
  <exclusive>
   no
  </exclusive>
  <sporty>
   no
  </sporty>
 </clothing>
 <clothing>
  <id>
   487596645
  </id>
  <name>
   Reebok Blouse M-8381
  </name>
  <category>
   Blouse
  </category>
  <size>
   S
  </size>
  <color>
   Синий
  </color>
  <material>
   Полиэстер
  </material>
  <price>
   384473
  </price>
  <rating>
   3.41
  </rating>
  <reviews>
   106288
  </reviews>
  <new>
   +
  </new>
  <exclusive>
   no
  </exclusive>
  <sporty>
   no
  </sporty>
 </clothing>
 <clothing>
  <id>
   257859291
  </id>
  <name>
   Puma Pants Z-4955
  </name>
  <category>
   Pants
  </category>
  <size>
   XXL
  </size>
  <color>
   Зеленый
  </color>
  <material>
   Кожа
  </material>
  <price>
   412317
  </price>
  <rating>
   4.25
  </rating>
  <reviews>
   268141
  </reviews>
  <new>
   -
  </new>
  <exclusive>
   yes
  </exclusive>
 </clothing>
 <clothing>
  <id>
   767819707
  </id>
  <name>
   Reebok Shirt I-4378
  </name>
  <category>
   Shirt
  </category>
  <size>
   S
  </size>
  <color>
   Синий
  </color>
  <material>
   Нейлон
  </material>
  <price>
   891806
  </price>
  <rating>
   1.94
  </rating>
  <reviews>
   105920
  </reviews>
  <sporty>
   no
  </sporty>
 </clothing>
 <clothing>
  <id>
   877982975
  </id>
  <name>
   Converse Belts U-3648
  </name>
  <category>
   Belts
  </category>
  <size>
   M
  </size>
  <color>
   Фиолетовый
  </color>
  <material>
   Кожа
  </material>
  <price>
   593970
  </price>
  <rating>
   4.14
  </rating>
  <reviews>
   674849
  </reviews>
  <new>
   +
  </new>
  <sporty>
   yes
  </sporty>
 </clothing>
 <clothing>
  <id>
   401167554
  </id>
  <name>
   Fila Skirt X-9170
  </name>
  <category>
   Skirt
  </category>
  <size>
   M
  </size>
  <color>
   Голубой
  </color>
  <material>
   Шерсть
  </material>
  <price>
   863758
  </price>
  <rating>
   2.73
  </rating>
  <reviews>
   252157
  </reviews>
  <exclusive>
   no
  </exclusive>
  <sporty>
   no
  </sporty>
 </clothing>
 <clothing>
  <id>
   397769125
  </id>
  <name>
   Adidas Skirt X-7439
  </name>
  <category>
   Skirt
  </category>
  <size>
   S
  </size>
  <color>
   Красный
  </color>
  <material>
   Нейлон
  </material>
  <price>
   428366
  </price>
  <rating>
   3.75
  </rating>
  <reviews>
   183392
  </reviews>
  <new>
   -
  </new>
  <exclusive>
   no
  </exclusive>
  <sporty>
   no
  </sporty>
 </clothing>
 <clothing>
  <id>
   724148989
  </id>
  <name>
   Asics Skirt L-4101
  </name>
  <category>
   Skirt
  </category>
  <size>
   S
  </size>
  <color>
   Красный
  </color>
  <material>
   Вискоза
  </material>
  <price>
   103816
  </price>
  <rating>
   1.43
  </rating>
  <reviews>
   258807
  </reviews>
  <new>
   -
  </new>
  <exclusive>
   no
  </exclusive>
 </clothing>
 <clothing>
  <id>
   101900886
  </id>
  <name>
   Converse Hat U-3511
  </name>
  <category>
   Hat
  </category>
  <size>
   L
  </size>
  <color>
   Фиолетовый
  </color>
  <material>
   Нейлон
  </material>
  <price>
   852651
  </price>
  <rating>
   4.0
  </rating>
  <reviews>
   935462
  </reviews>
  <new>
   -
  </new>
  <exclusive>
   yes
  </exclusive>
 </clothing>
 <clothing>
  <id>
   913914063
  </id>
  <name>
   Reebok Jeans R-3199
  </name>
  <category>
   Jeans
  </category>
  <size>
   XL
  </size>
  <color>
   Синий
  </color>
  <material>
   Шерсть
  </material>
  <price>
   905529
  </price>
  <rating>
   3.46
  </rating>
  <reviews>
   250457
  </reviews>
  <exclusive>
   no
  </exclusive>
  <sporty>
   yes
  </sporty>
 </clothing>
 <clothing>
  <id>
   768634446
  </id>
  <name>
   Fila Sweater N-1002
  </name>
  <category>
   Sweater
  </category>
  <size>
   XL
  </size>
  <color>
   Зеленый
  </color>
  <material>
   Нейлон
  </material>
  <price>
   801816
  </price>
  <rating>
   4.34
  </rating>
  <reviews>
   589738
  </reviews>
  <new>
   -
  </new>
 </clothing>
 <clothing>
  <id>
   743600586
  </id>
  <name>
   Brooks Umbrellas S-8805
  </name>
  <category>
   Umbrellas
  </category>
  <size>
   S
  </size>
  <color>
   Фиолетовый
  </color>
  <material>
   Хлопок
  </material>
  <price>
   348819
  </price>
  <rating>
   4.51
  </rating>
  <reviews>
   453431
  </reviews>
  <new>
   -
  </new>
  <sporty>
   yes
  </sporty>
 </clothing>
 <clothing>
  <id>
   730924193
  </id>
  <name>
   Vans Umbrellas Z-2289
  </name>
  <category>
   Umbrellas
  </category>
  <size>
   XL
  </size>
  <color>
   Оранжевый
  </color>
  <material>
   Полиэстер
  </material>
  <price>
   673505
  </price>
  <rating>
   1.06
  </rating>
  <reviews>
   229420
  </reviews>
  <exclusive>
   yes
  </exclusive>
  <sporty>
   yes
  </sporty>
 </clothing>
 <clothing>
  <id>
   514377786
  </id>
  <name>
   Puma Socks R-5428
  </name>
  <category>
   Socks
  </category>
  <size>
   M
  </size>
  <color>
   Фиолетовый
  </color>
  <material>
   Лен
  </material>
  <price>
   412125
  </price>
  <rating>
   2.82
  </rating>
  <reviews>
   810053
  </reviews>
  <exclusive>
   no
  </exclusive>
  <sporty>
   no
  </sporty>
 </clothing>
 <clothing>
  <id>
   172510647
  </id>
  <name>
   Asics Sweater W-4099
  </name>
  <category>
   Sweater
  </category>
  <size>
   M
  </size>
  <color>
   Зеленый
  </color>
  <material>
   Шелк
  </material>
  <price>
   902378
  </price>
  <rating>
   1.87
  </rating>
  <reviews>
   626769
  </reviews>
  <new>
   -
  </new>
  <exclusive>
   no
  </exclusive>
  <sporty>
   yes
  </sporty>
 </clothing>
 <clothing>
  <id>
   325257027
  </id>
  <name>
   Lacoste Socks P-6657
  </name>
  <category>
   Socks
  </category>
  <size>
   M
  </size>
  <color>
   Голубой
  </color>
  <material>
   Полиэстер
  </material>
  <price>
   468941
  </price>
  <rating>
   3.66
  </rating>
  <reviews>
   649104
  </reviews>
  <exclusive>
   no
  </exclusive>
 </clothing>
 <clothing>
  <id>
   945947989
  </id>
  <name>
   PleinSport Jacket A-4733
  </name>
  <category>
   Jacket
  </category>
  <size>
   XXL
  </size>
  <color>
   Зеленый
  </color>
  <material>
   Шерсть
  </material>
  <price>
   584044
  </price>
  <rating>
   3.13
  </rating>
  <reviews>
   440451
  </reviews>
  <new>
   +
  </new>
  <sporty>
   no
  </sporty>
 </clothing>
 <clothing>
  <id>
   735904817
  </id>
  <name>
   Adidas Socks Y-5642
  </name>
  <category>
   Socks
  </category>
  <size>
   XXL
  </size>
  <color>
   Желтый
  </color>
  <material>
   Лен
  </material>
  <price>
   575716
  </price>
  <rating>
   3.33
  </rating>
  <reviews>
   768111
  </reviews>
  <sporty>
   yes
  </sporty>
 </clothing>
 <clothing>
  <id>
   503181426
  </id>
  <name>
   Ellesse Handbags I-9490
  </name>
  <category>
   Handbags
  </category>
  <size>
   S
  </size>
  <color>
   Синий
  </color>
  <material>
   Кожа
  </material>
  <price>
   627746
  </price>
  <rating>
   2.05
  </rating>
  <reviews>
   120378
  </reviews>
  <new>
   -
  </new>
  <exclusive>
   no
  </exclusive>
  <sporty>
   yes
  </sporty>
 </clothing>
 <clothing>
  <id>
   181075437
  </id>
  <name>
   Brooks Blouse E-2946
  </name>
  <category>
   Blouse
  </category>
  <size>
   XL
  </size>
  <color>
   Красный
  </color>
  <material>
   Лен
  </material>
  <price>
   885636
  </price>
  <rating>
   1.24
  </rating>
  <reviews>
   741675
  </reviews>
  <exclusive>
   yes
  </exclusive>
 </clothing>
 <clothing>
  <id>
   172892127
  </id>
  <name>
   Under Armour Shoes W-3970
  </name>
  <category>
   Shoes
  </category>
  <size>
   L
  </size>
  <color>
   Фиолетовый
  </color>
  <material>
   Нейлон
  </material>
  <price>
   720743
  </price>
  <rating>
   1.09
  </rating>
  <reviews>
   46068
  </reviews>
  <new>
   -
  </new>
  <sporty>
   yes
  </sporty>
 </clothing>
</clothing-items>
