<?xml version="1.0" encoding="utf-8"?>
<clothing-items>
 <clothing>
  <id>
   845082554
  </id>
  <name>
   Ellesse Jeans Z-4485
  </name>
  <category>
   Jeans
  </category>
  <size>
   XL
  </size>
  <color>
   Оранжевый
  </color>
  <material>
   Шерсть
  </material>
  <price>
   493697
  </price>
  <rating>
   3.16
  </rating>
  <reviews>
   2419
  </reviews>
  <new>
   -
  </new>
  <exclusive>
   yes
  </exclusive>
 </clothing>
 <clothing>
  <id>
   331182920
  </id>
  <name>
   New Balance Skirt N-3848
  </name>
  <category>
   Skirt
  </category>
  <size>
   S
  </size>
  <color>
   Зеленый
  </color>
  <material>
   Хлопок
  </material>
  <price>
   744078
  </price>
  <rating>
   3.08
  </rating>
  <reviews>
   178404
  </reviews>
  <exclusive>
   no
  </exclusive>
  <sporty>
   yes
  </sporty>
 </clothing>
 <clothing>
  <id>
   927582100
  </id>
  <name>
   PleinSport T-shirt Q-4026
  </name>
  <category>
   T-shirt
  </category>
  <size>
   S
  </size>
  <color>
   Желтый
  </color>
  <material>
   Кожа
  </material>
  <price>
   639851
  </price>
  <rating>
   2.18
  </rating>
  <reviews>
   830578
  </reviews>
  <new>
   -
  </new>
  <exclusive>
   yes
  </exclusive>
  <sporty>
   yes
  </sporty>
 </clothing>
 <clothing>
  <id>
   185446936
  </id>
  <name>
   Under Armour Shoes H-5910
  </name>
  <category>
   Shoes
  </category>
  <size>
   L
  </size>
  <color>
   Голубой
  </color>
  <material>
   Лен
  </material>
  <price>
   190565
  </price>
  <rating>
   2.94
  </rating>
  <reviews>
   224667
  </reviews>
  <new>
   -
  </new>
  <exclusive>
   no
  </exclusive>
 </clothing>
 <clothing>
  <id>
   187555903
  </id>
  <name>
   Reebok Jacket M-6678
  </name>
  <category>
   Jacket
  </category>
  <size>
   XXL
  </size>
  <color>
   Оранжевый
  </color>
  <material>
   Лен
  </material>
  <price>
   351050
  </price>
  <rating>
   1.17
  </rating>
  <reviews>
   969147
  </reviews>
  <new>
   -
  </new>
  <exclusive>
   yes
  </exclusive>
 </clothing>
 <clothing>
  <id>
   151407320
  </id>
  <name>
   PleinSport Socks D-7409
  </name>
  <category>
   Socks
  </category>
  <size>
   M
  </size>
  <color>
   Оранжевый
  </color>
  <material>
   Лен
  </material>
  <price>
   656387
  </price>
  <rating>
   4.64
  </rating>
  <reviews>
   613405
  </reviews>
  <new>
   -
  </new>
  <exclusive>
   yes
  </exclusive>
  <sporty>
   no
  </sporty>
 </clothing>
 <clothing>
  <id>
   407062865
  </id>
  <name>
   Fila Hat T-9130
  </name>
  <category>
   Hat
  </category>
  <size>
   M
  </size>
  <color>
   Оранжевый
  </color>
  <material>
   Вискоза
  </material>
  <price>
   535483
  </price>
  <rating>
   1.17
  </rating>
  <reviews>
   286108
  </reviews>
  <new>
   -
  </new>
  <exclusive>
   yes
  </exclusive>
 </clothing>
 <clothing>
  <id>
   769016250
  </id>
  <name>
   DC Umbrellas N-2427
  </name>
  <category>
   Umbrellas
  </category>
  <size>
   XXL
  </size>
  <color>
   Желтый
  </color>
  <material>
   Нейлон
  </material>
  <price>
   335501
  </price>
  <rating>
   1.34
  </rating>
  <reviews>
   376455
  </reviews>
  <new>
   +
  </new>
  <sporty>
   yes
  </sporty>
 </clothing>
 <clothing>
  <id>
   182679136
  </id>
  <name>
   DC Skirt P-9179
  </name>
  <category>
   Skirt
  </category>
  <size>
   S
  </size>
  <color>
   Желтый
  </color>
  <material>
   Шерсть
  </material>
  <price>
   500744
  </price>
  <rating>
   1.77
  </rating>
  <reviews>
   963624
  </reviews>
  <new>
   +
  </new>
 </clothing>
 <clothing>
  <id>
   288383979
  </id>
  <name>
   Ellesse Pants R-2371
  </name>
  <category>
   Pants
  </category>
  <size>
   XL
  </size>
  <color>
   Красный
  </color>
  <material>
   Кожа
  </material>
  <price>
   354147
  </price>
  <rating>
   4.24
  </rating>
  <reviews>
   983788
  </reviews>
  <new>
   +
  </new>
  <sporty>
   no
  </sporty>
 </clothing>
 <clothing>
  <id>
   795936084
  </id>
  <name>
   Vans Umbrellas O-7314
  </name>
  <category>
   Umbrellas
  </category>
  <size>
   M
  </size>
  <color>
   Синий
  </color>
  <material>
   Нейлон
  </material>
  <price>
   153578
  </price>
  <rating>
   3.17
  </rating>
  <reviews>
   142090
  </reviews>
  <new>
   -
  </new>
  <exclusive>
   yes
  </exclusive>
 </clothing>
 <clothing>
  <id>
   280288082
  </id>
  <name>
   DC Sweater C-4741
  </name>
  <category>
   Sweater
  </category>
  <size>
   XXL
  </size>
  <color>
   Зеленый
  </color>
  <material>
   Вискоза
  </material>
  <price>
   330127
  </price>
  <rating>
   1.73
  </rating>
  <reviews>
   757225
  </reviews>
  <new>
   -
  </new>
  <sporty>
   no
  </sporty>
 </clothing>
 <clothing>
  <id>
   471247967
  </id>
  <name>
   Addidas Handbags K-2905
  </name>
  <category>
   Handbags
  </category>
  <size>
   XXL
  </size>
  <color>
   Фиолетовый
  </color>
  <material>
   Лен
  </material>
  <price>
   954782
  </price>
  <rating>
   3.47
  </rating>
  <reviews>
   25144
  </reviews>
  <exclusive>
   yes
  </exclusive>
  <sporty>
   no
  </sporty>
 </clothing>
 <clothing>
  <id>
   637941161
  </id>
  <name>
   Asics Hat J-1473
  </name>
  <category>
   Hat
  </category>
  <size>
   XXL
  </size>
  <color>
   Желтый
  </color>
  <material>
   Лен
  </material>
  <price>
   500406
  </price>
  <rating>
   3.16
  </rating>
  <reviews>
   668721
  </reviews>
  <new>
   +
  </new>
  <exclusive>
   no
  </exclusive>
 </clothing>
 <clothing>
  <id>
   280619219
  </id>
  <name>
   Fila Shirt A-2129
  </name>
  <category>
   Shirt
  </category>
  <size>
   XL
  </size>
  <color>
   Фиолетовый
  </color>
  <material>
   Полиэстер
  </material>
  <price>
   200984
  </price>
  <rating>
   1.3
  </rating>
  <reviews>
   414882
  </reviews>
  <new>
   -
  </new>
  <exclusive>
   yes
  </exclusive>
  <sporty>
   yes
  </sporty>
 </clothing>
 <clothing>
  <id>
   273969571
  </id>
  <name>
   Lacoste Socks H-2534
  </name>
  <category>
   Socks
  </category>
  <size>
   XXL
  </size>
  <color>
   Голубой
  </color>
  <material>
   Лен
  </material>
  <price>
   208702
  </price>
  <rating>
   3.84
  </rating>
  <reviews>
   270598
  </reviews>
  <new>
   +
  </new>
  <exclusive>
   yes
  </exclusive>
  <sporty>
   yes
  </sporty>
 </clothing>
 <clothing>
  <id>
   602171696
  </id>
  <name>
   Under Armour Dress U-6142
  </name>
  <category>
   Dress
  </category>
  <size>
   XXL
  </size>
  <color>
   Зеленый
  </color>
  <material>
   Вискоза
  </material>
  <price>
   272107
  </price>
  <rating>
   2.72
  </rating>
  <reviews>
   734712
  </reviews>
 </clothing>
 <clothing>
  <id>
   469904946
  </id>
  <name>
   Puma Shoes D-7436
  </name>
  <category>
   Shoes
  </category>
  <size>
   XL
  </size>
  <color>
   Фиолетовый
  </color>
  <material>
   Шерсть
  </material>
  <price>
   157730
  </price>
  <rating>
   2.23
  </rating>
  <reviews>
   321268
  </reviews>
  <new>
   -
  </new>
 </clothing>
 <clothing>
  <id>
   843344036
  </id>
  <name>
   Addidas Umbrellas N-3114
  </name>
  <category>
   Umbrellas
  </category>
  <size>
   XL
  </size>
  <color>
   Синий
  </color>
  <material>
   Нейлон
  </material>
  <price>
   780098
  </price>
  <rating>
   1.87
  </rating>
  <reviews>
   589757
  </reviews>
  <sporty>
   yes
  </sporty>
 </clothing>
 <clothing>
  <id>
   673934000
  </id>
  <name>
   Asics T-shirt J-6152
  </name>
  <category>
   T-shirt
  </category>
  <size>
   XL
  </size>
  <color>
   Голубой
  </color>
  <material>
   Кожа
  </material>
  <price>
   881792
  </price>
  <rating>
   2.66
  </rating>
  <reviews>
   974775
  </reviews>
  <sporty>
   yes
  </sporty>
 </clothing>
 <clothing>
  <id>
   725065025
  </id>
  <name>
   PleinSport Umbrellas F-1612
  </name>
  <category>
   Umbrellas
  </category>
  <size>
   XL
  </size>
  <color>
   Фиолетовый
  </color>
  <material>
   Кожа
  </material>
  <price>
   914448
  </price>
  <rating>
   3.6
  </rating>
  <reviews>
   39589
  </reviews>
  <new>
   +
  </new>
 </clothing>
 <clothing>
  <id>
   786325938
  </id>
  <name>
   Ellesse Gloves N-7721
  </name>
  <category>
   Gloves
  </category>
  <size>
   S
  </size>
  <color>
   Желтый
  </color>
  <material>
   Вискоза
  </material>
  <price>
   683793
  </price>
  <rating>
   2.11
  </rating>
  <reviews>
   433198
  </reviews>
  <exclusive>
   no
  </exclusive>
  <sporty>
   no
  </sporty>
 </clothing>
 <clothing>
  <id>
   164017707
  </id>
  <name>
   PleinSport Umbrellas I-5062
  </name>
  <category>
   Umbrellas
  </category>
  <size>
   XXL
  </size>
  <color>
   Оранжевый
  </color>
  <material>
   Хлопок
  </material>
  <price>
   840329
  </price>
  <rating>
   4.39
  </rating>
  <reviews>
   166911
  </reviews>
  <new>
   +
  </new>
  <exclusive>
   yes
  </exclusive>
  <sporty>
   no
  </sporty>
 </clothing>
 <clothing>
  <id>
   650804210
  </id>
  <name>
   Addidas Shoes T-7303
  </name>
  <category>
   Shoes
  </category>
  <size>
   L
  </size>
  <color>
   Голубой
  </color>
  <material>
   Вискоза
  </material>
  <price>
   126853
  </price>
  <rating>
   2.92
  </rating>
  <reviews>
   682890
  </reviews>
  <new>
   -
  </new>
 </clothing>
 <clothing>
  <id>
   853314973
  </id>
  <name>
   PleinSport Pants V-6961
  </name>
  <category>
   Pants
  </category>
  <size>
   XL
  </size>
  <color>
   Фиолетовый
  </color>
  <material>
   Вискоза
  </material>
  <price>
   440837
  </price>
  <rating>
   2.42
  </rating>
  <reviews>
   382012
  </reviews>
  <exclusive>
   no
  </exclusive>
 </clothing>
 <clothing>
  <id>
   998681048
  </id>
  <name>
   Brooks Skirt L-1073
  </name>
  <category>
   Skirt
  </category>
  <size>
   XL
  </size>
  <color>
   Желтый
  </color>
  <material>
   Вискоза
  </material>
  <price>
   270273
  </price>
  <rating>
   4.89
  </rating>
  <reviews>
   973556
  </reviews>
  <new>
   -
  </new>
  <sporty>
   yes
  </sporty>
 </clothing>
 <clothing>
  <id>
   623260657
  </id>
  <name>
   PleinSport T-shirt S-5084
  </name>
  <category>
   T-shirt
  </category>
  <size>
   M
  </size>
  <color>
   Оранжевый
  </color>
  <material>
   Вискоза
  </material>
  <price>
   843365
  </price>
  <rating>
   3.41
  </rating>
  <reviews>
   177570
  </reviews>
  <exclusive>
   no
  </exclusive>
 </clothing>
 <clothing>
  <id>
   410440783
  </id>
  <name>
   PleinSport T-shirt Q-5316
  </name>
  <category>
   T-shirt
  </category>
  <size>
   M
  </size>
  <color>
   Фиолетовый
  </color>
  <material>
   Нейлон
  </material>
  <price>
   377433
  </price>
  <rating>
   4.67
  </rating>
  <reviews>
   431443
  </reviews>
  <new>
   -
  </new>
  <exclusive>
   no
  </exclusive>
  <sporty>
   no
  </sporty>
 </clothing>
</clothing-items>
