<?xml version="1.0" encoding="utf-8"?>
<clothing-items>
 <clothing>
  <id>
   805594783
  </id>
  <name>
   Converse Shirt J-3533
  </name>
  <category>
   Shirt
  </category>
  <size>
   L
  </size>
  <color>
   Синий
  </color>
  <material>
   Полиэстер
  </material>
  <price>
   825831
  </price>
  <rating>
   2.9
  </rating>
  <reviews>
   688692
  </reviews>
  <new>
   +
  </new>
  <exclusive>
   yes
  </exclusive>
  <sporty>
   no
  </sporty>
 </clothing>
 <clothing>
  <id>
   607121505
  </id>
  <name>
   New Balance Dress S-3413
  </name>
  <category>
   Dress
  </category>
  <size>
   S
  </size>
  <color>
   Фиолетовый
  </color>
  <material>
   Шелк
  </material>
  <price>
   428231
  </price>
  <rating>
   2.41
  </rating>
  <reviews>
   217619
  </reviews>
  <new>
   -
  </new>
  <sporty>
   no
  </sporty>
 </clothing>
 <clothing>
  <id>
   298692860
  </id>
  <name>
   Puma Belts E-6384
  </name>
  <category>
   Belts
  </category>
  <size>
   M
  </size>
  <color>
   Красный
  </color>
  <material>
   Кожа
  </material>
  <price>
   927373
  </price>
  <rating>
   1.5
  </rating>
  <reviews>
   283778
  </reviews>
  <new>
   +
  </new>
  <sporty>
   no
  </sporty>
 </clothing>
 <clothing>
  <id>
   750531559
  </id>
  <name>
   Puma Socks Y-6562
  </name>
  <category>
   Socks
  </category>
  <size>
   M
  </size>
  <color>
   Оранжевый
  </color>
  <material>
   Вискоза
  </material>
  <price>
   478341
  </price>
  <rating>
   1.61
  </rating>
  <reviews>
   691799
  </reviews>
  <new>
   +
  </new>
  <sporty>
   yes
  </sporty>
 </clothing>
 <clothing>
  <id>
   476810255
  </id>
  <name>
   Addidas Dress J-5452
  </name>
  <category>
   Dress
  </category>
  <size>
   M
  </size>
  <color>
   Желтый
  </color>
  <material>
   Лен
  </material>
  <price>
   717334
  </price>
  <rating>
   1.81
  </rating>
  <reviews>
   29663
  </reviews>
  <new>
   -
  </new>
  <exclusive>
   yes
  </exclusive>
 </clothing>
 <clothing>
  <id>
   212037971
  </id>
  <name>
   Lacoste Jeans I-2488
  </name>
  <category>
   Jeans
  </category>
  <size>
   XXL
  </size>
  <color>
   Зеленый
  </color>
  <material>
   Нейлон
  </material>
  <price>
   404820
  </price>
  <rating>
   2.18
  </rating>
  <reviews>
   700377
  </reviews>
  <new>
   +
  </new>
  <exclusive>
   no
  </exclusive>
 </clothing>
 <clothing>
  <id>
   608102894
  </id>
  <name>
   Fila Hat J-5990
  </name>
  <category>
   Hat
  </category>
  <size>
   M
  </size>
  <color>
   Фиолетовый
  </color>
  <material>
   Хлопок
  </material>
  <price>
   942939
  </price>
  <rating>
   3.71
  </rating>
  <reviews>
   633125
  </reviews>
  <sporty>
   no
  </sporty>
 </clothing>
 <clothing>
  <id>
   473195897
  </id>
  <name>
   Puma Shirt I-8325
  </name>
  <category>
   Shirt
  </category>
  <size>
   L
  </size>
  <color>
   Синий
  </color>
  <material>
   Вискоза
  </material>
  <price>
   684282
  </price>
  <rating>
   5.0
  </rating>
  <reviews>
   303385
  </reviews>
  <new>
   +
  </new>
  <exclusive>
   yes
  </exclusive>
 </clothing>
 <clothing>
  <id>
   817335649
  </id>
  <name>
   Nike Pants V-8249
  </name>
  <category>
   Pants
  </category>
  <size>
   XXL
  </size>
  <color>
   Красный
  </color>
  <material>
   Хлопок
  </material>
  <price>
   380038
  </price>
  <rating>
   1.29
  </rating>
  <reviews>
   22257
  </reviews>
  <exclusive>
   yes
  </exclusive>
 </clothing>
 <clothing>
  <id>
   746121760
  </id>
  <name>
   Lacoste Jeans G-4055
  </name>
  <category>
   Jeans
  </category>
  <size>
   L
  </size>
  <color>
   Фиолетовый
  </color>
  <material>
   Нейлон
  </material>
  <price>
   488117
  </price>
  <rating>
   3.34
  </rating>
  <reviews>
   282781
  </reviews>
 </clothing>
 <clothing>
  <id>
   444682944
  </id>
  <name>
   Adidas Gloves A-5745
  </name>
  <category>
   Gloves
  </category>
  <size>
   L
  </size>
  <color>
   Красный
  </color>
  <material>
   Нейлон
  </material>
  <price>
   158948
  </price>
  <rating>
   2.55
  </rating>
  <reviews>
   183332
  </reviews>
  <new>
   +
  </new>
  <exclusive>
   no
  </exclusive>
  <sporty>
   no
  </sporty>
 </clothing>
 <clothing>
  <id>
   257200596
  </id>
  <name>
   PleinSport Shoes N-9837
  </name>
  <category>
   Shoes
  </category>
  <size>
   S
  </size>
  <color>
   Голубой
  </color>
  <material>
   Нейлон
  </material>
  <price>
   785762
  </price>
  <rating>
   2.8
  </rating>
  <reviews>
   478160
  </reviews>
 </clothing>
 <clothing>
  <id>
   464113127
  </id>
  <name>
   New Balance Sweater N-7519
  </name>
  <category>
   Sweater
  </category>
  <size>
   XXL
  </size>
  <color>
   Фиолетовый
  </color>
  <material>
   Кожа
  </material>
  <price>
   820737
  </price>
  <rating>
   3.33
  </rating>
  <reviews>
   255777
  </reviews>
  <exclusive>
   yes
  </exclusive>
 </clothing>
 <clothing>
  <id>
   157615952
  </id>
  <name>
   Asics Shoes T-1892
  </name>
  <category>
   Shoes
  </category>
  <size>
   S
  </size>
  <color>
   Красный
  </color>
  <material>
   Хлопок
  </material>
  <price>
   900585
  </price>
  <rating>
   3.03
  </rating>
  <reviews>
   382310
  </reviews>
  <exclusive>
   no
  </exclusive>
 </clothing>
 <clothing>
  <id>
   187242186
  </id>
  <name>
   Under Armour Dress S-4921
  </name>
  <category>
   Dress
  </category>
  <size>
   M
  </size>
  <color>
   Красный
  </color>
  <material>
   Лен
  </material>
  <price>
   685899
  </price>
  <rating>
   1.91
  </rating>
  <reviews>
   559042
  </reviews>
  <new>
   -
  </new>
  <exclusive>
   yes
  </exclusive>
  <sporty>
   no
  </sporty>
 </clothing>
 <clothing>
  <id>
   651947666
  </id>
  <name>
   Puma Shirt U-6596
  </name>
  <category>
   Shirt
  </category>
  <size>
   XL
  </size>
  <color>
   Фиолетовый
  </color>
  <material>
   Лен
  </material>
  <price>
   810876
  </price>
  <rating>
   1.45
  </rating>
  <reviews>
   909628
  </reviews>
  <new>
   -
  </new>
  <sporty>
   no
  </sporty>
 </clothing>
 <clothing>
  <id>
   462496291
  </id>
  <name>
   Addidas Umbrellas E-3562
  </name>
  <category>
   Umbrellas
  </category>
  <size>
   L
  </size>
  <color>
   Зеленый
  </color>
  <material>
   Шелк
  </material>
  <price>
   962215
  </price>
  <rating>
   2.56
  </rating>
  <reviews>
   14861
  </reviews>
  <new>
   -
  </new>
  <exclusive>
   yes
  </exclusive>
 </clothing>
 <clothing>
  <id>
   529212410
  </id>
  <name>
   Ellesse Handbags D-9900
  </name>
  <category>
   Handbags
  </category>
  <size>
   XXL
  </size>
  <color>
   Красный
  </color>
  <material>
   Лен
  </material>
  <price>
   566215
  </price>
  <rating>
   2.44
  </rating>
  <reviews>
   47129
  </reviews>
  <sporty>
   no
  </sporty>
 </clothing>
 <clothing>
  <id>
   755266075
  </id>
  <name>
   Adidas Umbrellas Y-9306
  </name>
  <category>
   Umbrellas
  </category>
  <size>
   XL
  </size>
  <color>
   Синий
  </color>
  <material>
   Шерсть
  </material>
  <price>
   745973
  </price>
  <rating>
   2.59
  </rating>
  <reviews>
   54367
  </reviews>
  <exclusive>
   no
  </exclusive>
  <sporty>
   yes
  </sporty>
 </clothing>
 <clothing>
  <id>
   101279300
  </id>
  <name>
   Reebok Pants A-2294
  </name>
  <category>
   Pants
  </category>
  <size>
   S
  </size>
  <color>
   Зеленый
  </color>
  <material>
   Хлопок
  </material>
  <price>
   187492
  </price>
  <rating>
   2.97
  </rating>
  <reviews>
   218096
  </reviews>
  <sporty>
   no
  </sporty>
 </clothing>
 <clothing>
  <id>
   556223030
  </id>
  <name>
   New Balance Gloves V-1346
  </name>
  <category>
   Gloves
  </category>
  <size>
   M
  </size>
  <color>
   Красный
  </color>
  <material>
   Хлопок
  </material>
  <price>
   932486
  </price>
  <rating>
   2.73
  </rating>
  <reviews>
   910750
  </reviews>
  <new>
   +
  </new>
 </clothing>
 <clothing>
  <id>
   855740593
  </id>
  <name>
   PleinSport Sweater R-7011
  </name>
  <category>
   Sweater
  </category>
  <size>
   XXL
  </size>
  <color>
   Оранжевый
  </color>
  <material>
   Шерсть
  </material>
  <price>
   807860
  </price>
  <rating>
   4.96
  </rating>
  <reviews>
   868700
  </reviews>
  <new>
   -
  </new>
  <exclusive>
   no
  </exclusive>
 </clothing>
 <clothing>
  <id>
   993966179
  </id>
  <name>
   Vans Gloves I-4197
  </name>
  <category>
   Gloves
  </category>
  <size>
   L
  </size>
  <color>
   Желтый
  </color>
  <material>
   Нейлон
  </material>
  <price>
   575768
  </price>
  <rating>
   1.42
  </rating>
  <reviews>
   155565
  </reviews>
  <new>
   +
  </new>
  <sporty>
   no
  </sporty>
 </clothing>
 <clothing>
  <id>
   126077168
  </id>
  <name>
   PleinSport Shoes Q-5040
  </name>
  <category>
   Shoes
  </category>
  <size>
   L
  </size>
  <color>
   Зеленый
  </color>
  <material>
   Шелк
  </material>
  <price>
   408105
  </price>
  <rating>
   2.34
  </rating>
  <reviews>
   494563
  </reviews>
  <exclusive>
   yes
  </exclusive>
  <sporty>
   yes
  </sporty>
 </clothing>
 <clothing>
  <id>
   670570015
  </id>
  <name>
   DC Jeans V-4551
  </name>
  <category>
   Jeans
  </category>
  <size>
   XXL
  </size>
  <color>
   Оранжевый
  </color>
  <material>
   Вискоза
  </material>
  <price>
   977793
  </price>
  <rating>
   3.39
  </rating>
  <reviews>
   184931
  </reviews>
  <new>
   +
  </new>
  <exclusive>
   yes
  </exclusive>
  <sporty>
   yes
  </sporty>
 </clothing>
 <clothing>
  <id>
   875534612
  </id>
  <name>
   Brooks Shoes W-4575
  </name>
  <category>
   Shoes
  </category>
  <size>
   XXL
  </size>
  <color>
   Зеленый
  </color>
  <material>
   Вискоза
  </material>
  <price>
   505766
  </price>
  <rating>
   3.31
  </rating>
  <reviews>
   473385
  </reviews>
  <new>
   +
  </new>
  <sporty>
   yes
  </sporty>
 </clothing>
 <clothing>
  <id>
   977189929
  </id>
  <name>
   Under Armour Dress V-8074
  </name>
  <category>
   Dress
  </category>
  <size>
   M
  </size>
  <color>
   Зеленый
  </color>
  <material>
   Шелк
  </material>
  <price>
   318815
  </price>
  <rating>
   1.33
  </rating>
  <reviews>
   90414
  </reviews>
  <new>
   -
  </new>
  <exclusive>
   no
  </exclusive>
 </clothing>
 <clothing>
  <id>
   663072475
  </id>
  <name>
   Puma Sweater K-3293
  </name>
  <category>
   Sweater
  </category>
  <size>
   M
  </size>
  <color>
   Желтый
  </color>
  <material>
   Лен
  </material>
  <price>
   818240
  </price>
  <rating>
   1.91
  </rating>
  <reviews>
   349066
  </reviews>
  <new>
   -
  </new>
  <exclusive>
   yes
  </exclusive>
  <sporty>
   no
  </sporty>
 </clothing>
 <clothing>
  <id>
   167299818
  </id>
  <name>
   Asics Sweater T-5562
  </name>
  <category>
   Sweater
  </category>
  <size>
   S
  </size>
  <color>
   Синий
  </color>
  <material>
   Хлопок
  </material>
  <price>
   897517
  </price>
  <rating>
   1.97
  </rating>
  <reviews>
   89940
  </reviews>
  <new>
   +
  </new>
  <exclusive>
   yes
  </exclusive>
 </clothing>
 <clothing>
  <id>
   604715345
  </id>
  <name>
   New Balance Gloves W-8674
  </name>
  <category>
   Gloves
  </category>
  <size>
   XXL
  </size>
  <color>
   Оранжевый
  </color>
  <material>
   Нейлон
  </material>
  <price>
   738433
  </price>
  <rating>
   2.78
  </rating>
  <reviews>
   852116
  </reviews>
  <new>
   -
  </new>
  <sporty>
   no
  </sporty>
 </clothing>
 <clothing>
  <id>
   993719774
  </id>
  <name>
   Adidas Umbrellas D-4806
  </name>
  <category>
   Umbrellas
  </category>
  <size>
   S
  </size>
  <color>
   Голубой
  </color>
  <material>
   Полиэстер
  </material>
  <price>
   180813
  </price>
  <rating>
   2.47
  </rating>
  <reviews>
   528214
  </reviews>
  <exclusive>
   yes
  </exclusive>
 </clothing>
 <clothing>
  <id>
   677598171
  </id>
  <name>
   DC Handbags J-5977
  </name>
  <category>
   Handbags
  </category>
  <size>
   M
  </size>
  <color>
   Красный
  </color>
  <material>
   Кожа
  </material>
  <price>
   951561
  </price>
  <rating>
   2.17
  </rating>
  <reviews>
   267561
  </reviews>
  <exclusive>
   yes
  </exclusive>
  <sporty>
   no
  </sporty>
 </clothing>
 <clothing>
  <id>
   916482330
  </id>
  <name>
   DC Blouse Z-1293
  </name>
  <category>
   Blouse
  </category>
  <size>
   XL
  </size>
  <color>
   Красный
  </color>
  <material>
   Нейлон
  </material>
  <price>
   683766
  </price>
  <rating>
   1.81
  </rating>
  <reviews>
   614917
  </reviews>
  <exclusive>
   no
  </exclusive>
 </clothing>
 <clothing>
  <id>
   926630573
  </id>
  <name>
   New Balance T-shirt U-5778
  </name>
  <category>
   T-shirt
  </category>
  <size>
   S
  </size>
  <color>
   Фиолетовый
  </color>
  <material>
   Шелк
  </material>
  <price>
   272898
  </price>
  <rating>
   2.72
  </rating>
  <reviews>
   252491
  </reviews>
  <new>
   +
  </new>
  <exclusive>
   no
  </exclusive>
  <sporty>
   yes
  </sporty>
 </clothing>
 <clothing>
  <id>
   600843639
  </id>
  <name>
   Lacoste Jeans L-3904
  </name>
  <category>
   Jeans
  </category>
  <size>
   S
  </size>
  <color>
   Голубой
  </color>
  <material>
   Шерсть
  </material>
  <price>
   782284
  </price>
  <rating>
   1.75
  </rating>
  <reviews>
   562564
  </reviews>
  <exclusive>
   no
  </exclusive>
  <sporty>
   no
  </sporty>
 </clothing>
 <clothing>
  <id>
   675860141
  </id>
  <name>
   Ellesse Handbags T-2661
  </name>
  <category>
   Handbags
  </category>
  <size>
   L
  </size>
  <color>
   Фиолетовый
  </color>
  <material>
   Нейлон
  </material>
  <price>
   892672
  </price>
  <rating>
   2.26
  </rating>
  <reviews>
   69553
  </reviews>
  <new>
   -
  </new>
  <sporty>
   no
  </sporty>
 </clothing>
 <clothing>
  <id>
   141785679
  </id>
  <name>
   Addidas Blouse D-9575
  </name>
  <category>
   Blouse
  </category>
  <size>
   XL
  </size>
  <color>
   Оранжевый
  </color>
  <material>
   Шерсть
  </material>
  <price>
   457362
  </price>
  <rating>
   4.83
  </rating>
  <reviews>
   965618
  </reviews>
  <new>
   -
  </new>
  <exclusive>
   yes
  </exclusive>
  <sporty>
   no
  </sporty>
 </clothing>
 <clothing>
  <id>
   746435700
  </id>
  <name>
   DC Skirt K-4774
  </name>
  <category>
   Skirt
  </category>
  <size>
   M
  </size>
  <color>
   Красный
  </color>
  <material>
   Нейлон
  </material>
  <price>
   444623
  </price>
  <rating>
   2.94
  </rating>
  <reviews>
   516765
  </reviews>
  <exclusive>
   no
  </exclusive>
  <sporty>
   yes
  </sporty>
 </clothing>
 <clothing>
  <id>
   226957835
  </id>
  <name>
   Nike Jeans M-3434
  </name>
  <category>
   Jeans
  </category>
  <size>
   L
  </size>
  <color>
   Фиолетовый
  </color>
  <material>
   Полиэстер
  </material>
  <price>
   992956
  </price>
  <rating>
   4.21
  </rating>
  <reviews>
   723612
  </reviews>
  <exclusive>
   yes
  </exclusive>
 </clothing>
 <clothing>
  <id>
   295687799
  </id>
  <name>
   Under Armour Pants V-2223
  </name>
  <category>
   Pants
  </category>
  <size>
   M
  </size>
  <color>
   Желтый
  </color>
  <material>
   Кожа
  </material>
  <price>
   185629
  </price>
  <rating>
   4.58
  </rating>
  <reviews>
   878612
  </reviews>
  <new>
   +
  </new>
  <exclusive>
   no
  </exclusive>
  <sporty>
   yes
  </sporty>
 </clothing>
 <clothing>
  <id>
   422789107
  </id>
  <name>
   Adidas Skirt F-2075
  </name>
  <category>
   Skirt
  </category>
  <size>
   S
  </size>
  <color>
   Желтый
  </color>
  <material>
   Шелк
  </material>
  <price>
   447127
  </price>
  <rating>
   3.55
  </rating>
  <reviews>
   738045
  </reviews>
  <new>
   -
  </new>
  <sporty>
   no
  </sporty>
 </clothing>
 <clothing>
  <id>
   335356257
  </id>
  <name>
   Brooks Jeans I-1037
  </name>
  <category>
   Jeans
  </category>
  <size>
   L
  </size>
  <color>
   Голубой
  </color>
  <material>
   Хлопок
  </material>
  <price>
   840011
  </price>
  <rating>
   3.1
  </rating>
  <reviews>
   866511
  </reviews>
  <new>
   +
  </new>
  <sporty>
   yes
  </sporty>
 </clothing>
 <clothing>
  <id>
   735848942
  </id>
  <name>
   Converse Belts Y-5197
  </name>
  <category>
   Belts
  </category>
  <size>
   M
  </size>
  <color>
   Зеленый
  </color>
  <material>
   Кожа
  </material>
  <price>
   572887
  </price>
  <rating>
   1.38
  </rating>
  <reviews>
   91331
  </reviews>
  <sporty>
   no
  </sporty>
 </clothing>
 <clothing>
  <id>
   404943709
  </id>
  <name>
   Ellesse Pants E-8941
  </name>
  <category>
   Pants
  </category>
  <size>
   S
  </size>
  <color>
   Красный
  </color>
  <material>
   Нейлон
  </material>
  <price>
   963325
  </price>
  <rating>
   4.58
  </rating>
  <reviews>
   69005
  </reviews>
  <new>
   +
  </new>
  <exclusive>
   yes
  </exclusive>
 </clothing>
</clothing-items>
