<?xml version="1.0" encoding="utf-8"?>
<clothing-items>
 <clothing>
  <id>
   890442025
  </id>
  <name>
   Vans Umbrellas G-9942
  </name>
  <category>
   Umbrellas
  </category>
  <size>
   XL
  </size>
  <color>
   Красный
  </color>
  <material>
   Шелк
  </material>
  <price>
   105479
  </price>
  <rating>
   4.07
  </rating>
  <reviews>
   716906
  </reviews>
  <new>
   -
  </new>
  <exclusive>
   no
  </exclusive>
 </clothing>
 <clothing>
  <id>
   756135062
  </id>
  <name>
   Addidas Dress D-5698
  </name>
  <category>
   Dress
  </category>
  <size>
   XL
  </size>
  <color>
   Синий
  </color>
  <material>
   Лен
  </material>
  <price>
   181236
  </price>
  <rating>
   1.97
  </rating>
  <reviews>
   645816
  </reviews>
  <sporty>
   yes
  </sporty>
 </clothing>
 <clothing>
  <id>
   797554575
  </id>
  <name>
   Fila Skirt O-8947
  </name>
  <category>
   Skirt
  </category>
  <size>
   M
  </size>
  <color>
   Оранжевый
  </color>
  <material>
   Хлопок
  </material>
  <price>
   127378
  </price>
  <rating>
   4.13
  </rating>
  <reviews>
   554822
  </reviews>
  <new>
   -
  </new>
  <exclusive>
   no
  </exclusive>
 </clothing>
 <clothing>
  <id>
   524035459
  </id>
  <name>
   Reebok Gloves H-8235
  </name>
  <category>
   Gloves
  </category>
  <size>
   XXL
  </size>
  <color>
   Синий
  </color>
  <material>
   Шелк
  </material>
  <price>
   990680
  </price>
  <rating>
   2.22
  </rating>
  <reviews>
   66685
  </reviews>
  <sporty>
   no
  </sporty>
 </clothing>
 <clothing>
  <id>
   394170640
  </id>
  <name>
   Converse Shoes D-1019
  </name>
  <category>
   Shoes
  </category>
  <size>
   S
  </size>
  <color>
   Фиолетовый
  </color>
  <material>
   Кожа
  </material>
  <price>
   698663
  </price>
  <rating>
   1.84
  </rating>
  <reviews>
   825826
  </reviews>
  <new>
   -
  </new>
  <sporty>
   no
  </sporty>
 </clothing>
 <clothing>
  <id>
   883645571
  </id>
  <name>
   Converse Sweater S-7103
  </name>
  <category>
   Sweater
  </category>
  <size>
   L
  </size>
  <color>
   Голубой
  </color>
  <material>
   Шелк
  </material>
  <price>
   291688
  </price>
  <rating>
   1.6
  </rating>
  <reviews>
   187561
  </reviews>
  <exclusive>
   yes
  </exclusive>
  <sporty>
   no
  </sporty>
 </clothing>
 <clothing>
  <id>
   953399993
  </id>
  <name>
   Under Armour Umbrellas D-7294
  </name>
  <category>
   Umbrellas
  </category>
  <size>
   XL
  </size>
  <color>
   Синий
  </color>
  <material>
   Кожа
  </material>
  <price>
   673692
  </price>
  <rating>
   1.98
  </rating>
  <reviews>
   847142
  </reviews>
  <new>
   -
  </new>
  <exclusive>
   no
  </exclusive>
  <sporty>
   no
  </sporty>
 </clothing>
 <clothing>
  <id>
   138637694
  </id>
  <name>
   DC Jacket J-9134
  </name>
  <category>
   Jacket
  </category>
  <size>
   XXL
  </size>
  <color>
   Желтый
  </color>
  <material>
   Шелк
  </material>
  <price>
   986448
  </price>
  <rating>
   4.92
  </rating>
  <reviews>
   460877
  </reviews>
  <new>
   +
  </new>
  <exclusive>
   no
  </exclusive>
  <sporty>
   no
  </sporty>
 </clothing>
 <clothing>
  <id>
   756495757
  </id>
  <name>
   Brooks Shirt U-2727
  </name>
  <category>
   Shirt
  </category>
  <size>
   S
  </size>
  <color>
   Красный
  </color>
  <material>
   Кожа
  </material>
  <price>
   422753
  </price>
  <rating>
   3.9
  </rating>
  <reviews>
   702702
  </reviews>
  <new>
   +
  </new>
  <exclusive>
   yes
  </exclusive>
 </clothing>
 <clothing>
  <id>
   115144325
  </id>
  <name>
   Ellesse Sweater R-7253
  </name>
  <category>
   Sweater
  </category>
  <size>
   XL
  </size>
  <color>
   Синий
  </color>
  <material>
   Шелк
  </material>
  <price>
   651359
  </price>
  <rating>
   2.12
  </rating>
  <reviews>
   484790
  </reviews>
  <sporty>
   no
  </sporty>
 </clothing>
 <clothing>
  <id>
   384718377
  </id>
  <name>
   Reebok Shoes B-7844
  </name>
  <category>
   Shoes
  </category>
  <size>
   S
  </size>
  <color>
   Оранжевый
  </color>
  <material>
   Шелк
  </material>
  <price>
   421287
  </price>
  <rating>
   1.89
  </rating>
  <reviews>
   172802
  </reviews>
  <exclusive>
   no
  </exclusive>
 </clothing>
 <clothing>
  <id>
   536779141
  </id>
  <name>
   Lacoste Umbrellas R-5006
  </name>
  <category>
   Umbrellas
  </category>
  <size>
   M
  </size>
  <color>
   Зеленый
  </color>
  <material>
   Шелк
  </material>
  <price>
   959060
  </price>
  <rating>
   2.99
  </rating>
  <reviews>
   604381
  </reviews>
  <exclusive>
   no
  </exclusive>
  <sporty>
   no
  </sporty>
 </clothing>
 <clothing>
  <id>
   862849915
  </id>
  <name>
   Addidas Shirt W-7906
  </name>
  <category>
   Shirt
  </category>
  <size>
   M
  </size>
  <color>
   Желтый
  </color>
  <material>
   Нейлон
  </material>
  <price>
   519160
  </price>
  <rating>
   1.45
  </rating>
  <reviews>
   166766
  </reviews>
  <new>
   -
  </new>
 </clothing>
 <clothing>
  <id>
   663523352
  </id>
  <name>
   Under Armour Umbrellas O-3783
  </name>
  <category>
   Umbrellas
  </category>
  <size>
   XXL
  </size>
  <color>
   Зеленый
  </color>
  <material>
   Шерсть
  </material>
  <price>
   503144
  </price>
  <rating>
   2.29
  </rating>
  <reviews>
   618165
  </reviews>
  <new>
   -
  </new>
  <exclusive>
   no
  </exclusive>
 </clothing>
 <clothing>
  <id>
   196524997
  </id>
  <name>
   Under Armour Jacket I-5127
  </name>
  <category>
   Jacket
  </category>
  <size>
   XL
  </size>
  <color>
   Синий
  </color>
  <material>
   Хлопок
  </material>
  <price>
   285431
  </price>
  <rating>
   4.12
  </rating>
  <reviews>
   168901
  </reviews>
  <new>
   +
  </new>
  <sporty>
   no
  </sporty>
 </clothing>
 <clothing>
  <id>
   378818212
  </id>
  <name>
   Addidas Jacket X-4928
  </name>
  <category>
   Jacket
  </category>
  <size>
   S
  </size>
  <color>
   Фиолетовый
  </color>
  <material>
   Нейлон
  </material>
  <price>
   456357
  </price>
  <rating>
   2.65
  </rating>
  <reviews>
   590855
  </reviews>
 </clothing>
 <clothing>
  <id>
   226978836
  </id>
  <name>
   Brooks Socks R-5727
  </name>
  <category>
   Socks
  </category>
  <size>
   M
  </size>
  <color>
   Зеленый
  </color>
  <material>
   Шерсть
  </material>
  <price>
   467438
  </price>
  <rating>
   2.23
  </rating>
  <reviews>
   96011
  </reviews>
  <new>
   +
  </new>
  <exclusive>
   yes
  </exclusive>
  <sporty>
   no
  </sporty>
 </clothing>
 <clothing>
  <id>
   644613277
  </id>
  <name>
   Vans Gloves K-1101
  </name>
  <category>
   Gloves
  </category>
  <size>
   XL
  </size>
  <color>
   Оранжевый
  </color>
  <material>
   Шерсть
  </material>
  <price>
   561908
  </price>
  <rating>
   1.34
  </rating>
  <reviews>
   699292
  </reviews>
  <new>
   -
  </new>
  <exclusive>
   no
  </exclusive>
  <sporty>
   no
  </sporty>
 </clothing>
 <clothing>
  <id>
   362185450
  </id>
  <name>
   Addidas Pants O-7753
  </name>
  <category>
   Pants
  </category>
  <size>
   XL
  </size>
  <color>
   Красный
  </color>
  <material>
   Нейлон
  </material>
  <price>
   426463
  </price>
  <rating>
   3.01
  </rating>
  <reviews>
   392898
  </reviews>
  <sporty>
   no
  </sporty>
 </clothing>
 <clothing>
  <id>
   869791736
  </id>
  <name>
   Addidas T-shirt X-6643
  </name>
  <category>
   T-shirt
  </category>
  <size>
   XL
  </size>
  <color>
   Оранжевый
  </color>
  <material>
   Вискоза
  </material>
  <price>
   439877
  </price>
  <rating>
   4.48
  </rating>
  <reviews>
   302494
  </reviews>
  <new>
   +
  </new>
  <exclusive>
   yes
  </exclusive>
  <sporty>
   no
  </sporty>
 </clothing>
 <clothing>
  <id>
   463853355
  </id>
  <name>
   Fila Blouse M-5326
  </name>
  <category>
   Blouse
  </category>
  <size>
   S
  </size>
  <color>
   Голубой
  </color>
  <material>
   Вискоза
  </material>
  <price>
   986239
  </price>
  <rating>
   1.67
  </rating>
  <reviews>
   252056
  </reviews>
  <new>
   +
  </new>
  <sporty>
   yes
  </sporty>
 </clothing>
 <clothing>
  <id>
   502464762
  </id>
  <name>
   Nike Socks E-5529
  </name>
  <category>
   Socks
  </category>
  <size>
   XL
  </size>
  <color>
   Синий
  </color>
  <material>
   Вискоза
  </material>
  <price>
   735866
  </price>
  <rating>
   4.68
  </rating>
  <reviews>
   134120
  </reviews>
 </clothing>
 <clothing>
  <id>
   597332064
  </id>
  <name>
   Converse Skirt J-9421
  </name>
  <category>
   Skirt
  </category>
  <size>
   XL
  </size>
  <color>
   Фиолетовый
  </color>
  <material>
   Вискоза
  </material>
  <price>
   109812
  </price>
  <rating>
   3.37
  </rating>
  <reviews>
   817182
  </reviews>
  <new>
   -
  </new>
  <exclusive>
   yes
  </exclusive>
  <sporty>
   no
  </sporty>
 </clothing>
 <clothing>
  <id>
   324856249
  </id>
  <name>
   Under Armour Shoes E-7918
  </name>
  <category>
   Shoes
  </category>
  <size>
   XL
  </size>
  <color>
   Зеленый
  </color>
  <material>
   Нейлон
  </material>
  <price>
   538032
  </price>
  <rating>
   3.82
  </rating>
  <reviews>
   404229
  </reviews>
  <new>
   +
  </new>
  <exclusive>
   no
  </exclusive>
 </clothing>
 <clothing>
  <id>
   142007682
  </id>
  <name>
   Adidas Socks Y-3071
  </name>
  <category>
   Socks
  </category>
  <size>
   M
  </size>
  <color>
   Синий
  </color>
  <material>
   Нейлон
  </material>
  <price>
   143616
  </price>
  <rating>
   3.64
  </rating>
  <reviews>
   594032
  </reviews>
  <new>
   -
  </new>
  <exclusive>
   no
  </exclusive>
  <sporty>
   no
  </sporty>
 </clothing>
 <clothing>
  <id>
   467885587
  </id>
  <name>
   DC Skirt O-3970
  </name>
  <category>
   Skirt
  </category>
  <size>
   XXL
  </size>
  <color>
   Красный
  </color>
  <material>
   Хлопок
  </material>
  <price>
   724093
  </price>
  <rating>
   3.65
  </rating>
  <reviews>
   659986
  </reviews>
  <exclusive>
   yes
  </exclusive>
  <sporty>
   no
  </sporty>
 </clothing>
 <clothing>
  <id>
   828424522
  </id>
  <name>
   Brooks Shirt R-9959
  </name>
  <category>
   Shirt
  </category>
  <size>
   XL
  </size>
  <color>
   Красный
  </color>
  <material>
   Нейлон
  </material>
  <price>
   442261
  </price>
  <rating>
   4.76
  </rating>
  <reviews>
   856529
  </reviews>
  <new>
   -
  </new>
  <exclusive>
   yes
  </exclusive>
  <sporty>
   no
  </sporty>
 </clothing>
 <clothing>
  <id>
   465510024
  </id>
  <name>
   Ellesse Shirt J-6332
  </name>
  <category>
   Shirt
  </category>
  <size>
   L
  </size>
  <color>
   Красный
  </color>
  <material>
   Нейлон
  </material>
  <price>
   788838
  </price>
  <rating>
   1.09
  </rating>
  <reviews>
   15273
  </reviews>
  <new>
   -
  </new>
  <exclusive>
   yes
  </exclusive>
  <sporty>
   yes
  </sporty>
 </clothing>
 <clothing>
  <id>
   638562748
  </id>
  <name>
   Fila Hat H-7068
  </name>
  <category>
   Hat
  </category>
  <size>
   S
  </size>
  <color>
   Голубой
  </color>
  <material>
   Кожа
  </material>
  <price>
   117235
  </price>
  <rating>
   1.27
  </rating>
  <reviews>
   322761
  </reviews>
  <new>
   +
  </new>
  <sporty>
   yes
  </sporty>
 </clothing>
 <clothing>
  <id>
   427552137
  </id>
  <name>
   Brooks Umbrellas B-5132
  </name>
  <category>
   Umbrellas
  </category>
  <size>
   XL
  </size>
  <color>
   Зеленый
  </color>
  <material>
   Хлопок
  </material>
  <price>
   788477
  </price>
  <rating>
   3.68
  </rating>
  <reviews>
   502745
  </reviews>
  <exclusive>
   yes
  </exclusive>
  <sporty>
   yes
  </sporty>
 </clothing>
 <clothing>
  <id>
   527203195
  </id>
  <name>
   Lacoste Jacket Z-1360
  </name>
  <category>
   Jacket
  </category>
  <size>
   L
  </size>
  <color>
   Фиолетовый
  </color>
  <material>
   Шерсть
  </material>
  <price>
   377213
  </price>
  <rating>
   1.5
  </rating>
  <reviews>
   70128
  </reviews>
  <new>
   +
  </new>
  <exclusive>
   no
  </exclusive>
  <sporty>
   yes
  </sporty>
 </clothing>
 <clothing>
  <id>
   784941302
  </id>
  <name>
   Fila Pants N-9793
  </name>
  <category>
   Pants
  </category>
  <size>
   XL
  </size>
  <color>
   Красный
  </color>
  <material>
   Лен
  </material>
  <price>
   534075
  </price>
  <rating>
   3.1
  </rating>
  <reviews>
   773321
  </reviews>
  <new>
   -
  </new>
  <exclusive>
   yes
  </exclusive>
 </clothing>
 <clothing>
  <id>
   353510281
  </id>
  <name>
   Converse Dress P-4466
  </name>
  <category>
   Dress
  </category>
  <size>
   S
  </size>
  <color>
   Красный
  </color>
  <material>
   Хлопок
  </material>
  <price>
   581722
  </price>
  <rating>
   4.14
  </rating>
  <reviews>
   58510
  </reviews>
  <new>
   -
  </new>
 </clothing>
 <clothing>
  <id>
   721920806
  </id>
  <name>
   Fila Pants H-8982
  </name>
  <category>
   Pants
  </category>
  <size>
   XL
  </size>
  <color>
   Красный
  </color>
  <material>
   Лен
  </material>
  <price>
   269073
  </price>
  <rating>
   3.77
  </rating>
  <reviews>
   103136
  </reviews>
  <exclusive>
   no
  </exclusive>
 </clothing>
 <clothing>
  <id>
   906737321
  </id>
  <name>
   Brooks Gloves X-2508
  </name>
  <category>
   Gloves
  </category>
  <size>
   M
  </size>
  <color>
   Фиолетовый
  </color>
  <material>
   Нейлон
  </material>
  <price>
   450536
  </price>
  <rating>
   3.63
  </rating>
  <reviews>
   415561
  </reviews>
  <exclusive>
   yes
  </exclusive>
 </clothing>
 <clothing>
  <id>
   445739087
  </id>
  <name>
   Reebok Socks Q-6650
  </name>
  <category>
   Socks
  </category>
  <size>
   S
  </size>
  <color>
   Фиолетовый
  </color>
  <material>
   Шелк
  </material>
  <price>
   236981
  </price>
  <rating>
   2.61
  </rating>
  <reviews>
   561446
  </reviews>
  <sporty>
   no
  </sporty>
 </clothing>
 <clothing>
  <id>
   503569285
  </id>
  <name>
   Vans Handbags M-2459
  </name>
  <category>
   Handbags
  </category>
  <size>
   L
  </size>
  <color>
   Голубой
  </color>
  <material>
   Хлопок
  </material>
  <price>
   483562
  </price>
  <rating>
   1.09
  </rating>
  <reviews>
   623542
  </reviews>
  <new>
   -
  </new>
  <sporty>
   no
  </sporty>
 </clothing>
 <clothing>
  <id>
   210352136
  </id>
  <name>
   Under Armour Jeans O-6064
  </name>
  <category>
   Jeans
  </category>
  <size>
   XXL
  </size>
  <color>
   Зеленый
  </color>
  <material>
   Шерсть
  </material>
  <price>
   990343
  </price>
  <rating>
   3.55
  </rating>
  <reviews>
   787166
  </reviews>
  <exclusive>
   no
  </exclusive>
  <sporty>
   no
  </sporty>
 </clothing>
 <clothing>
  <id>
   605864831
  </id>
  <name>
   Puma Dress O-6012
  </name>
  <category>
   Dress
  </category>
  <size>
   XXL
  </size>
  <color>
   Оранжевый
  </color>
  <material>
   Шелк
  </material>
  <price>
   696599
  </price>
  <rating>
   4.29
  </rating>
  <reviews>
   739255
  </reviews>
  <new>
   -
  </new>
  <exclusive>
   no
  </exclusive>
 </clothing>
 <clothing>
  <id>
   276403245
  </id>
  <name>
   Addidas Blouse S-3555
  </name>
  <category>
   Blouse
  </category>
  <size>
   M
  </size>
  <color>
   Зеленый
  </color>
  <material>
   Вискоза
  </material>
  <price>
   436662
  </price>
  <rating>
   3.41
  </rating>
  <reviews>
   385056
  </reviews>
  <new>
   +
  </new>
  <exclusive>
   yes
  </exclusive>
 </clothing>
 <clothing>
  <id>
   675543517
  </id>
  <name>
   Nike Jeans E-1781
  </name>
  <category>
   Jeans
  </category>
  <size>
   S
  </size>
  <color>
   Голубой
  </color>
  <material>
   Шелк
  </material>
  <price>
   354601
  </price>
  <rating>
   1.12
  </rating>
  <reviews>
   435354
  </reviews>
  <new>
   +
  </new>
  <exclusive>
   yes
  </exclusive>
 </clothing>
 <clothing>
  <id>
   865199261
  </id>
  <name>
   Reebok Shirt C-6014
  </name>
  <category>
   Shirt
  </category>
  <size>
   XXL
  </size>
  <color>
   Фиолетовый
  </color>
  <material>
   Вискоза
  </material>
  <price>
   125459
  </price>
  <rating>
   4.39
  </rating>
  <reviews>
   847193
  </reviews>
  <new>
   -
  </new>
  <sporty>
   yes
  </sporty>
 </clothing>
 <clothing>
  <id>
   820777183
  </id>
  <name>
   Lacoste Umbrellas K-3199
  </name>
  <category>
   Umbrellas
  </category>
  <size>
   M
  </size>
  <color>
   Зеленый
  </color>
  <material>
   Вискоза
  </material>
  <price>
   957347
  </price>
  <rating>
   2.53
  </rating>
  <reviews>
   980894
  </reviews>
  <exclusive>
   yes
  </exclusive>
  <sporty>
   yes
  </sporty>
 </clothing>
 <clothing>
  <id>
   999576749
  </id>
  <name>
   Brooks T-shirt Z-8572
  </name>
  <category>
   T-shirt
  </category>
  <size>
   M
  </size>
  <color>
   Синий
  </color>
  <material>
   Вискоза
  </material>
  <price>
   391107
  </price>
  <rating>
   3.71
  </rating>
  <reviews>
   741736
  </reviews>
  <new>
   -
  </new>
  <sporty>
   yes
  </sporty>
 </clothing>
 <clothing>
  <id>
   949594137
  </id>
  <name>
   Under Armour Pants K-3323
  </name>
  <category>
   Pants
  </category>
  <size>
   XL
  </size>
  <color>
   Красный
  </color>
  <material>
   Хлопок
  </material>
  <price>
   893209
  </price>
  <rating>
   2.03
  </rating>
  <reviews>
   624118
  </reviews>
  <sporty>
   no
  </sporty>
 </clothing>
 <clothing>
  <id>
   716129390
  </id>
  <name>
   Nike Shoes G-3891
  </name>
  <category>
   Shoes
  </category>
  <size>
   S
  </size>
  <color>
   Оранжевый
  </color>
  <material>
   Нейлон
  </material>
  <price>
   324209
  </price>
  <rating>
   1.05
  </rating>
  <reviews>
   196832
  </reviews>
  <new>
   -
  </new>
  <exclusive>
   no
  </exclusive>
  <sporty>
   no
  </sporty>
 </clothing>
 <clothing>
  <id>
   865605365
  </id>
  <name>
   Converse T-shirt X-9135
  </name>
  <category>
   T-shirt
  </category>
  <size>
   L
  </size>
  <color>
   Фиолетовый
  </color>
  <material>
   Нейлон
  </material>
  <price>
   827307
  </price>
  <rating>
   4.21
  </rating>
  <reviews>
   681190
  </reviews>
  <exclusive>
   yes
  </exclusive>
  <sporty>
   yes
  </sporty>
 </clothing>
 <clothing>
  <id>
   779805363
  </id>
  <name>
   Asics Pants X-2843
  </name>
  <category>
   Pants
  </category>
  <size>
   L
  </size>
  <color>
   Фиолетовый
  </color>
  <material>
   Лен
  </material>
  <price>
   152469
  </price>
  <rating>
   4.26
  </rating>
  <reviews>
   677458
  </reviews>
  <new>
   -
  </new>
 </clothing>
 <clothing>
  <id>
   840461147
  </id>
  <name>
   Adidas Shoes G-4816
  </name>
  <category>
   Shoes
  </category>
  <size>
   L
  </size>
  <color>
   Красный
  </color>
  <material>
   Шелк
  </material>
  <price>
   344517
  </price>
  <rating>
   4.89
  </rating>
  <reviews>
   733529
  </reviews>
 </clothing>
</clothing-items>
