<?xml version="1.0" encoding="utf-8"?>
<clothing-items>
 <clothing>
  <id>
   782584103
  </id>
  <name>
   Addidas Blouse V-9545
  </name>
  <category>
   Blouse
  </category>
  <size>
   S
  </size>
  <color>
   Желтый
  </color>
  <material>
   Лен
  </material>
  <price>
   810235
  </price>
  <rating>
   4.91
  </rating>
  <reviews>
   931972
  </reviews>
  <new>
   +
  </new>
  <sporty>
   no
  </sporty>
 </clothing>
 <clothing>
  <id>
   973072499
  </id>
  <name>
   Puma Socks S-6134
  </name>
  <category>
   Socks
  </category>
  <size>
   S
  </size>
  <color>
   Фиолетовый
  </color>
  <material>
   Хлопок
  </material>
  <price>
   325178
  </price>
  <rating>
   2.56
  </rating>
  <reviews>
   840778
  </reviews>
  <exclusive>
   yes
  </exclusive>
 </clothing>
 <clothing>
  <id>
   553192059
  </id>
  <name>
   New Balance Shirt Z-1308
  </name>
  <category>
   Shirt
  </category>
  <size>
   S
  </size>
  <color>
   Желтый
  </color>
  <material>
   Вискоза
  </material>
  <price>
   487784
  </price>
  <rating>
   1.91
  </rating>
  <reviews>
   426242
  </reviews>
  <exclusive>
   no
  </exclusive>
  <sporty>
   no
  </sporty>
 </clothing>
 <clothing>
  <id>
   847905759
  </id>
  <name>
   PleinSport Blouse K-2313
  </name>
  <category>
   Blouse
  </category>
  <size>
   M
  </size>
  <color>
   Фиолетовый
  </color>
  <material>
   Вискоза
  </material>
  <price>
   513448
  </price>
  <rating>
   2.13
  </rating>
  <reviews>
   818532
  </reviews>
  <sporty>
   yes
  </sporty>
 </clothing>
 <clothing>
  <id>
   335791286
  </id>
  <name>
   Under Armour Umbrellas J-3017
  </name>
  <category>
   Umbrellas
  </category>
  <size>
   S
  </size>
  <color>
   Фиолетовый
  </color>
  <material>
   Нейлон
  </material>
  <price>
   181742
  </price>
  <rating>
   2.41
  </rating>
  <reviews>
   758987
  </reviews>
  <new>
   +
  </new>
 </clothing>
 <clothing>
  <id>
   952825679
  </id>
  <name>
   PleinSport Socks H-6952
  </name>
  <category>
   Socks
  </category>
  <size>
   L
  </size>
  <color>
   Синий
  </color>
  <material>
   Нейлон
  </material>
  <price>
   929752
  </price>
  <rating>
   1.16
  </rating>
  <reviews>
   312783
  </reviews>
  <new>
   +
  </new>
  <sporty>
   no
  </sporty>
 </clothing>
 <clothing>
  <id>
   297084127
  </id>
  <name>
   Nike Handbags F-4774
  </name>
  <category>
   Handbags
  </category>
  <size>
   L
  </size>
  <color>
   Красный
  </color>
  <material>
   Шерсть
  </material>
  <price>
   603436
  </price>
  <rating>
   3.17
  </rating>
  <reviews>
   274456
  </reviews>
  <new>
   -
  </new>
  <exclusive>
   yes
  </exclusive>
 </clothing>
 <clothing>
  <id>
   902856511
  </id>
  <name>
   Ellesse Handbags C-1941
  </name>
  <category>
   Handbags
  </category>
  <size>
   XXL
  </size>
  <color>
   Красный
  </color>
  <material>
   Полиэстер
  </material>
  <price>
   439149
  </price>
  <rating>
   4.37
  </rating>
  <reviews>
   967582
  </reviews>
  <new>
   -
  </new>
  <exclusive>
   no
  </exclusive>
  <sporty>
   yes
  </sporty>
 </clothing>
 <clothing>
  <id>
   662840657
  </id>
  <name>
   Under Armour Sweater D-5547
  </name>
  <category>
   Sweater
  </category>
  <size>
   XXL
  </size>
  <color>
   Желтый
  </color>
  <material>
   Шелк
  </material>
  <price>
   912237
  </price>
  <rating>
   2.83
  </rating>
  <reviews>
   65883
  </reviews>
  <new>
   -
  </new>
  <sporty>
   yes
  </sporty>
 </clothing>
 <clothing>
  <id>
   384628766
  </id>
  <name>
   Lacoste Skirt F-3153
  </name>
  <category>
   Skirt
  </category>
  <size>
   S
  </size>
  <color>
   Голубой
  </color>
  <material>
   Вискоза
  </material>
  <price>
   695234
  </price>
  <rating>
   2.29
  </rating>
  <reviews>
   770188
  </reviews>
  <new>
   -
  </new>
  <exclusive>
   yes
  </exclusive>
  <sporty>
   yes
  </sporty>
 </clothing>
 <clothing>
  <id>
   776522913
  </id>
  <name>
   New Balance Shoes Q-4092
  </name>
  <category>
   Shoes
  </category>
  <size>
   XL
  </size>
  <color>
   Желтый
  </color>
  <material>
   Хлопок
  </material>
  <price>
   374713
  </price>
  <rating>
   2.6
  </rating>
  <reviews>
   300466
  </reviews>
  <exclusive>
   no
  </exclusive>
 </clothing>
 <clothing>
  <id>
   377402674
  </id>
  <name>
   Reebok Shirt U-9368
  </name>
  <category>
   Shirt
  </category>
  <size>
   XXL
  </size>
  <color>
   Желтый
  </color>
  <material>
   Вискоза
  </material>
  <price>
   769619
  </price>
  <rating>
   2.26
  </rating>
  <reviews>
   111172
  </reviews>
  <new>
   +
  </new>
 </clothing>
 <clothing>
  <id>
   831443706
  </id>
  <name>
   Adidas Gloves F-1392
  </name>
  <category>
   Gloves
  </category>
  <size>
   M
  </size>
  <color>
   Голубой
  </color>
  <material>
   Лен
  </material>
  <price>
   661031
  </price>
  <rating>
   4.86
  </rating>
  <reviews>
   968008
  </reviews>
  <new>
   -
  </new>
  <exclusive>
   no
  </exclusive>
 </clothing>
 <clothing>
  <id>
   160750355
  </id>
  <name>
   Under Armour Socks A-6162
  </name>
  <category>
   Socks
  </category>
  <size>
   XXL
  </size>
  <color>
   Оранжевый
  </color>
  <material>
   Вискоза
  </material>
  <price>
   339781
  </price>
  <rating>
   4.21
  </rating>
  <reviews>
   746538
  </reviews>
  <new>
   -
  </new>
  <sporty>
   no
  </sporty>
 </clothing>
 <clothing>
  <id>
   522058774
  </id>
  <name>
   Fila Jacket D-7473
  </name>
  <category>
   Jacket
  </category>
  <size>
   XXL
  </size>
  <color>
   Зеленый
  </color>
  <material>
   Хлопок
  </material>
  <price>
   737969
  </price>
  <rating>
   2.95
  </rating>
  <reviews>
   797762
  </reviews>
  <exclusive>
   no
  </exclusive>
  <sporty>
   no
  </sporty>
 </clothing>
 <clothing>
  <id>
   211095937
  </id>
  <name>
   Puma Shoes G-8761
  </name>
  <category>
   Shoes
  </category>
  <size>
   L
  </size>
  <color>
   Фиолетовый
  </color>
  <material>
   Вискоза
  </material>
  <price>
   584252
  </price>
  <rating>
   3.71
  </rating>
  <reviews>
   965021
  </reviews>
  <exclusive>
   yes
  </exclusive>
  <sporty>
   yes
  </sporty>
 </clothing>
 <clothing>
  <id>
   330719193
  </id>
  <name>
   Under Armour Pants F-7403
  </name>
  <category>
   Pants
  </category>
  <size>
   L
  </size>
  <color>
   Фиолетовый
  </color>
  <material>
   Лен
  </material>
  <price>
   121208
  </price>
  <rating>
   1.58
  </rating>
  <reviews>
   789891
  </reviews>
  <exclusive>
   yes
  </exclusive>
  <sporty>
   yes
  </sporty>
 </clothing>
 <clothing>
  <id>
   534075128
  </id>
  <name>
   Adidas Dress K-8148
  </name>
  <category>
   Dress
  </category>
  <size>
   M
  </size>
  <color>
   Красный
  </color>
  <material>
   Шелк
  </material>
  <price>
   471403
  </price>
  <rating>
   2.44
  </rating>
  <reviews>
   473563
  </reviews>
  <new>
   +
  </new>
  <exclusive>
   yes
  </exclusive>
 </clothing>
 <clothing>
  <id>
   178278011
  </id>
  <name>
   Converse Dress O-6453
  </name>
  <category>
   Dress
  </category>
  <size>
   L
  </size>
  <color>
   Зеленый
  </color>
  <material>
   Шерсть
  </material>
  <price>
   597985
  </price>
  <rating>
   2.68
  </rating>
  <reviews>
   351217
  </reviews>
  <new>
   -
  </new>
  <exclusive>
   no
  </exclusive>
 </clothing>
 <clothing>
  <id>
   312804039
  </id>
  <name>
   Ellesse Hat S-5990
  </name>
  <category>
   Hat
  </category>
  <size>
   XXL
  </size>
  <color>
   Красный
  </color>
  <material>
   Хлопок
  </material>
  <price>
   870104
  </price>
  <rating>
   4.0
  </rating>
  <reviews>
   979834
  </reviews>
  <exclusive>
   yes
  </exclusive>
  <sporty>
   no
  </sporty>
 </clothing>
 <clothing>
  <id>
   202139449
  </id>
  <name>
   Reebok Shoes X-1338
  </name>
  <category>
   Shoes
  </category>
  <size>
   XL
  </size>
  <color>
   Оранжевый
  </color>
  <material>
   Кожа
  </material>
  <price>
   938880
  </price>
  <rating>
   1.24
  </rating>
  <reviews>
   800212
  </reviews>
  <new>
   -
  </new>
  <sporty>
   no
  </sporty>
 </clothing>
 <clothing>
  <id>
   962060475
  </id>
  <name>
   Lacoste Skirt Q-8549
  </name>
  <category>
   Skirt
  </category>
  <size>
   XL
  </size>
  <color>
   Красный
  </color>
  <material>
   Хлопок
  </material>
  <price>
   767842
  </price>
  <rating>
   3.69
  </rating>
  <reviews>
   93701
  </reviews>
  <new>
   +
  </new>
  <exclusive>
   yes
  </exclusive>
  <sporty>
   no
  </sporty>
 </clothing>
 <clothing>
  <id>
   749185092
  </id>
  <name>
   Converse Sweater P-3805
  </name>
  <category>
   Sweater
  </category>
  <size>
   M
  </size>
  <color>
   Голубой
  </color>
  <material>
   Шерсть
  </material>
  <price>
   855165
  </price>
  <rating>
   4.02
  </rating>
  <reviews>
   150019
  </reviews>
  <exclusive>
   no
  </exclusive>
  <sporty>
   no
  </sporty>
 </clothing>
 <clothing>
  <id>
   428151700
  </id>
  <name>
   DC Shirt M-6504
  </name>
  <category>
   Shirt
  </category>
  <size>
   M
  </size>
  <color>
   Синий
  </color>
  <material>
   Шерсть
  </material>
  <price>
   273600
  </price>
  <rating>
   4.37
  </rating>
  <reviews>
   665053
  </reviews>
  <new>
   +
  </new>
  <exclusive>
   yes
  </exclusive>
 </clothing>
 <clothing>
  <id>
   842894198
  </id>
  <name>
   Reebok Umbrellas L-8571
  </name>
  <category>
   Umbrellas
  </category>
  <size>
   XL
  </size>
  <color>
   Желтый
  </color>
  <material>
   Шелк
  </material>
  <price>
   161052
  </price>
  <rating>
   2.88
  </rating>
  <reviews>
   438314
  </reviews>
  <sporty>
   no
  </sporty>
 </clothing>
 <clothing>
  <id>
   703633248
  </id>
  <name>
   Ellesse Jeans B-1865
  </name>
  <category>
   Jeans
  </category>
  <size>
   XXL
  </size>
  <color>
   Фиолетовый
  </color>
  <material>
   Полиэстер
  </material>
  <price>
   185219
  </price>
  <rating>
   2.05
  </rating>
  <reviews>
   29326
  </reviews>
  <new>
   +
  </new>
  <exclusive>
   no
  </exclusive>
 </clothing>
 <clothing>
  <id>
   275279080
  </id>
  <name>
   DC Hat F-6713
  </name>
  <category>
   Hat
  </category>
  <size>
   M
  </size>
  <color>
   Желтый
  </color>
  <material>
   Шелк
  </material>
  <price>
   560272
  </price>
  <rating>
   1.06
  </rating>
  <reviews>
   455948
  </reviews>
  <new>
   -
  </new>
  <exclusive>
   no
  </exclusive>
  <sporty>
   no
  </sporty>
 </clothing>
</clothing-items>
