<?xml version="1.0" encoding="utf-8"?>
<clothing-items>
 <clothing>
  <id>
   272801448
  </id>
  <name>
   Brooks Belts P-3870
  </name>
  <category>
   Belts
  </category>
  <size>
   S
  </size>
  <color>
   Зеленый
  </color>
  <material>
   Хлопок
  </material>
  <price>
   678805
  </price>
  <rating>
   3.33
  </rating>
  <reviews>
   622131
  </reviews>
  <new>
   +
  </new>
  <exclusive>
   no
  </exclusive>
  <sporty>
   yes
  </sporty>
 </clothing>
 <clothing>
  <id>
   602357185
  </id>
  <name>
   Lacoste T-shirt N-1240
  </name>
  <category>
   T-shirt
  </category>
  <size>
   M
  </size>
  <color>
   Красный
  </color>
  <material>
   Нейлон
  </material>
  <price>
   451742
  </price>
  <rating>
   3.57
  </rating>
  <reviews>
   712253
  </reviews>
  <new>
   +
  </new>
  <exclusive>
   no
  </exclusive>
  <sporty>
   yes
  </sporty>
 </clothing>
 <clothing>
  <id>
   803125550
  </id>
  <name>
   DC Umbrellas O-7671
  </name>
  <category>
   Umbrellas
  </category>
  <size>
   XL
  </size>
  <color>
   Голубой
  </color>
  <material>
   Кожа
  </material>
  <price>
   102259
  </price>
  <rating>
   4.64
  </rating>
  <reviews>
   300838
  </reviews>
 </clothing>
 <clothing>
  <id>
   448990598
  </id>
  <name>
   Addidas Sweater E-8771
  </name>
  <category>
   Sweater
  </category>
  <size>
   XXL
  </size>
  <color>
   Красный
  </color>
  <material>
   Лен
  </material>
  <price>
   629982
  </price>
  <rating>
   4.04
  </rating>
  <reviews>
   92450
  </reviews>
  <exclusive>
   yes
  </exclusive>
  <sporty>
   no
  </sporty>
 </clothing>
 <clothing>
  <id>
   189868423
  </id>
  <name>
   Ellesse Jacket A-3727
  </name>
  <category>
   Jacket
  </category>
  <size>
   L
  </size>
  <color>
   Синий
  </color>
  <material>
   Шелк
  </material>
  <price>
   336370
  </price>
  <rating>
   1.52
  </rating>
  <reviews>
   476027
  </reviews>
 </clothing>
 <clothing>
  <id>
   118991023
  </id>
  <name>
   PleinSport Socks Z-6095
  </name>
  <category>
   Socks
  </category>
  <size>
   L
  </size>
  <color>
   Синий
  </color>
  <material>
   Хлопок
  </material>
  <price>
   694570
  </price>
  <rating>
   1.62
  </rating>
  <reviews>
   615662
  </reviews>
  <new>
   +
  </new>
  <exclusive>
   no
  </exclusive>
  <sporty>
   no
  </sporty>
 </clothing>
 <clothing>
  <id>
   375660344
  </id>
  <name>
   Asics Hat X-6571
  </name>
  <category>
   Hat
  </category>
  <size>
   S
  </size>
  <color>
   Фиолетовый
  </color>
  <material>
   Хлопок
  </material>
  <price>
   619449
  </price>
  <rating>
   2.26
  </rating>
  <reviews>
   148237
  </reviews>
  <new>
   -
  </new>
  <exclusive>
   no
  </exclusive>
  <sporty>
   no
  </sporty>
 </clothing>
 <clothing>
  <id>
   581916424
  </id>
  <name>
   Adidas Belts U-1551
  </name>
  <category>
   Belts
  </category>
  <size>
   M
  </size>
  <color>
   Оранжевый
  </color>
  <material>
   Шелк
  </material>
  <price>
   791995
  </price>
  <rating>
   1.42
  </rating>
  <reviews>
   243651
  </reviews>
  <new>
   +
  </new>
  <sporty>
   no
  </sporty>
 </clothing>
 <clothing>
  <id>
   251665584
  </id>
  <name>
   Fila Gloves W-1107
  </name>
  <category>
   Gloves
  </category>
  <size>
   L
  </size>
  <color>
   Голубой
  </color>
  <material>
   Вискоза
  </material>
  <price>
   385305
  </price>
  <rating>
   4.25
  </rating>
  <reviews>
   67587
  </reviews>
  <new>
   -
  </new>
 </clothing>
 <clothing>
  <id>
   322947755
  </id>
  <name>
   PleinSport Skirt M-1416
  </name>
  <category>
   Skirt
  </category>
  <size>
   M
  </size>
  <color>
   Синий
  </color>
  <material>
   Вискоза
  </material>
  <price>
   682308
  </price>
  <rating>
   4.4
  </rating>
  <reviews>
   988258
  </reviews>
  <new>
   -
  </new>
  <exclusive>
   no
  </exclusive>
  <sporty>
   yes
  </sporty>
 </clothing>
 <clothing>
  <id>
   794453292
  </id>
  <name>
   Under Armour Jacket S-9011
  </name>
  <category>
   Jacket
  </category>
  <size>
   XL
  </size>
  <color>
   Синий
  </color>
  <material>
   Шерсть
  </material>
  <price>
   147886
  </price>
  <rating>
   4.55
  </rating>
  <reviews>
   784550
  </reviews>
  <exclusive>
   no
  </exclusive>
  <sporty>
   no
  </sporty>
 </clothing>
 <clothing>
  <id>
   428602409
  </id>
  <name>
   Lacoste Pants E-1350
  </name>
  <category>
   Pants
  </category>
  <size>
   M
  </size>
  <color>
   Фиолетовый
  </color>
  <material>
   Вискоза
  </material>
  <price>
   441077
  </price>
  <rating>
   4.96
  </rating>
  <reviews>
   461366
  </reviews>
  <exclusive>
   yes
  </exclusive>
 </clothing>
 <clothing>
  <id>
   676600481
  </id>
  <name>
   Addidas Blouse J-5356
  </name>
  <category>
   Blouse
  </category>
  <size>
   L
  </size>
  <color>
   Фиолетовый
  </color>
  <material>
   Вискоза
  </material>
  <price>
   959603
  </price>
  <rating>
   3.93
  </rating>
  <reviews>
   179194
  </reviews>
  <new>
   -
  </new>
  <exclusive>
   no
  </exclusive>
  <sporty>
   no
  </sporty>
 </clothing>
 <clothing>
  <id>
   792699889
  </id>
  <name>
   Converse Belts N-5126
  </name>
  <category>
   Belts
  </category>
  <size>
   S
  </size>
  <color>
   Красный
  </color>
  <material>
   Шелк
  </material>
  <price>
   988893
  </price>
  <rating>
   1.99
  </rating>
  <reviews>
   948770
  </reviews>
  <new>
   -
  </new>
  <exclusive>
   no
  </exclusive>
 </clothing>
 <clothing>
  <id>
   511850575
  </id>
  <name>
   Converse Skirt M-4532
  </name>
  <category>
   Skirt
  </category>
  <size>
   XXL
  </size>
  <color>
   Фиолетовый
  </color>
  <material>
   Шерсть
  </material>
  <price>
   858672
  </price>
  <rating>
   1.81
  </rating>
  <reviews>
   90276
  </reviews>
  <new>
   -
  </new>
 </clothing>
 <clothing>
  <id>
   243283336
  </id>
  <name>
   Nike Pants T-1803
  </name>
  <category>
   Pants
  </category>
  <size>
   XXL
  </size>
  <color>
   Фиолетовый
  </color>
  <material>
   Лен
  </material>
  <price>
   827682
  </price>
  <rating>
   2.58
  </rating>
  <reviews>
   552445
  </reviews>
  <exclusive>
   no
  </exclusive>
  <sporty>
   no
  </sporty>
 </clothing>
 <clothing>
  <id>
   909799451
  </id>
  <name>
   Under Armour Umbrellas F-4790
  </name>
  <category>
   Umbrellas
  </category>
  <size>
   S
  </size>
  <color>
   Желтый
  </color>
  <material>
   Хлопок
  </material>
  <price>
   364615
  </price>
  <rating>
   3.97
  </rating>
  <reviews>
   740205
  </reviews>
  <new>
   +
  </new>
  <exclusive>
   yes
  </exclusive>
  <sporty>
   yes
  </sporty>
 </clothing>
 <clothing>
  <id>
   510871183
  </id>
  <name>
   Fila Sweater W-7828
  </name>
  <category>
   Sweater
  </category>
  <size>
   M
  </size>
  <color>
   Красный
  </color>
  <material>
   Лен
  </material>
  <price>
   909705
  </price>
  <rating>
   1.86
  </rating>
  <reviews>
   972592
  </reviews>
  <sporty>
   no
  </sporty>
 </clothing>
 <clothing>
  <id>
   929683782
  </id>
  <name>
   Vans Jacket H-6169
  </name>
  <category>
   Jacket
  </category>
  <size>
   L
  </size>
  <color>
   Зеленый
  </color>
  <material>
   Вискоза
  </material>
  <price>
   165834
  </price>
  <rating>
   2.69
  </rating>
  <reviews>
   167583
  </reviews>
  <sporty>
   no
  </sporty>
 </clothing>
 <clothing>
  <id>
   900749470
  </id>
  <name>
   Adidas Belts J-4146
  </name>
  <category>
   Belts
  </category>
  <size>
   M
  </size>
  <color>
   Фиолетовый
  </color>
  <material>
   Хлопок
  </material>
  <price>
   763696
  </price>
  <rating>
   4.61
  </rating>
  <reviews>
   868989
  </reviews>
  <new>
   -
  </new>
  <sporty>
   no
  </sporty>
 </clothing>
 <clothing>
  <id>
   502079726
  </id>
  <name>
   PleinSport Dress L-2309
  </name>
  <category>
   Dress
  </category>
  <size>
   XL
  </size>
  <color>
   Оранжевый
  </color>
  <material>
   Кожа
  </material>
  <price>
   966655
  </price>
  <rating>
   2.5
  </rating>
  <reviews>
   776570
  </reviews>
  <exclusive>
   no
  </exclusive>
  <sporty>
   yes
  </sporty>
 </clothing>
 <clothing>
  <id>
   828826841
  </id>
  <name>
   Brooks Socks T-2280
  </name>
  <category>
   Socks
  </category>
  <size>
   S
  </size>
  <color>
   Желтый
  </color>
  <material>
   Полиэстер
  </material>
  <price>
   172714
  </price>
  <rating>
   1.93
  </rating>
  <reviews>
   653958
  </reviews>
  <new>
   -
  </new>
  <exclusive>
   no
  </exclusive>
  <sporty>
   yes
  </sporty>
 </clothing>
 <clothing>
  <id>
   302779606
  </id>
  <name>
   Reebok T-shirt H-8492
  </name>
  <category>
   T-shirt
  </category>
  <size>
   M
  </size>
  <color>
   Синий
  </color>
  <material>
   Шерсть
  </material>
  <price>
   415010
  </price>
  <rating>
   4.8
  </rating>
  <reviews>
   456643
  </reviews>
  <exclusive>
   yes
  </exclusive>
  <sporty>
   no
  </sporty>
 </clothing>
 <clothing>
  <id>
   872519829
  </id>
  <name>
   Ellesse Handbags K-9904
  </name>
  <category>
   Handbags
  </category>
  <size>
   S
  </size>
  <color>
   Фиолетовый
  </color>
  <material>
   Шелк
  </material>
  <price>
   112810
  </price>
  <rating>
   2.18
  </rating>
  <reviews>
   683884
  </reviews>
  <new>
   -
  </new>
 </clothing>
 <clothing>
  <id>
   617697298
  </id>
  <name>
   Nike T-shirt N-2767
  </name>
  <category>
   T-shirt
  </category>
  <size>
   XL
  </size>
  <color>
   Красный
  </color>
  <material>
   Шелк
  </material>
  <price>
   655065
  </price>
  <rating>
   4.93
  </rating>
  <reviews>
   96749
  </reviews>
  <new>
   +
  </new>
  <exclusive>
   yes
  </exclusive>
  <sporty>
   yes
  </sporty>
 </clothing>
 <clothing>
  <id>
   518202986
  </id>
  <name>
   Reebok Dress S-3765
  </name>
  <category>
   Dress
  </category>
  <size>
   L
  </size>
  <color>
   Оранжевый
  </color>
  <material>
   Шерсть
  </material>
  <price>
   923230
  </price>
  <rating>
   4.65
  </rating>
  <reviews>
   258141
  </reviews>
  <new>
   -
  </new>
  <sporty>
   no
  </sporty>
 </clothing>
 <clothing>
  <id>
   346390784
  </id>
  <name>
   Brooks Blouse G-5417
  </name>
  <category>
   Blouse
  </category>
  <size>
   XXL
  </size>
  <color>
   Желтый
  </color>
  <material>
   Шелк
  </material>
  <price>
   853000
  </price>
  <rating>
   3.35
  </rating>
  <reviews>
   425965
  </reviews>
  <new>
   -
  </new>
  <exclusive>
   no
  </exclusive>
  <sporty>
   yes
  </sporty>
 </clothing>
 <clothing>
  <id>
   960437849
  </id>
  <name>
   PleinSport Jeans D-1804
  </name>
  <category>
   Jeans
  </category>
  <size>
   XXL
  </size>
  <color>
   Зеленый
  </color>
  <material>
   Кожа
  </material>
  <price>
   584695
  </price>
  <rating>
   4.31
  </rating>
  <reviews>
   713066
  </reviews>
  <exclusive>
   no
  </exclusive>
 </clothing>
 <clothing>
  <id>
   290644946
  </id>
  <name>
   Reebok Blouse B-9945
  </name>
  <category>
   Blouse
  </category>
  <size>
   XL
  </size>
  <color>
   Голубой
  </color>
  <material>
   Кожа
  </material>
  <price>
   322623
  </price>
  <rating>
   1.81
  </rating>
  <reviews>
   362222
  </reviews>
  <new>
   -
  </new>
  <sporty>
   no
  </sporty>
 </clothing>
 <clothing>
  <id>
   665901968
  </id>
  <name>
   Brooks Jacket I-8775
  </name>
  <category>
   Jacket
  </category>
  <size>
   M
  </size>
  <color>
   Оранжевый
  </color>
  <material>
   Вискоза
  </material>
  <price>
   937593
  </price>
  <rating>
   1.53
  </rating>
  <reviews>
   305464
  </reviews>
  <exclusive>
   no
  </exclusive>
  <sporty>
   yes
  </sporty>
 </clothing>
 <clothing>
  <id>
   192381160
  </id>
  <name>
   Adidas T-shirt C-6281
  </name>
  <category>
   T-shirt
  </category>
  <size>
   XL
  </size>
  <color>
   Зеленый
  </color>
  <material>
   Вискоза
  </material>
  <price>
   663108
  </price>
  <rating>
   2.69
  </rating>
  <reviews>
   489471
  </reviews>
  <new>
   -
  </new>
  <exclusive>
   yes
  </exclusive>
  <sporty>
   no
  </sporty>
 </clothing>
 <clothing>
  <id>
   586643957
  </id>
  <name>
   Ellesse Shoes G-5995
  </name>
  <category>
   Shoes
  </category>
  <size>
   XXL
  </size>
  <color>
   Красный
  </color>
  <material>
   Лен
  </material>
  <price>
   539972
  </price>
  <rating>
   4.77
  </rating>
  <reviews>
   430911
  </reviews>
  <new>
   +
  </new>
  <sporty>
   no
  </sporty>
 </clothing>
 <clothing>
  <id>
   318024934
  </id>
  <name>
   DC Belts P-7398
  </name>
  <category>
   Belts
  </category>
  <size>
   XXL
  </size>
  <color>
   Зеленый
  </color>
  <material>
   Полиэстер
  </material>
  <price>
   220044
  </price>
  <rating>
   3.0
  </rating>
  <reviews>
   553650
  </reviews>
  <new>
   -
  </new>
  <exclusive>
   no
  </exclusive>
 </clothing>
 <clothing>
  <id>
   530561442
  </id>
  <name>
   Fila Socks L-2213
  </name>
  <category>
   Socks
  </category>
  <size>
   L
  </size>
  <color>
   Оранжевый
  </color>
  <material>
   Шерсть
  </material>
  <price>
   607250
  </price>
  <rating>
   3.87
  </rating>
  <reviews>
   872108
  </reviews>
 </clothing>
 <clothing>
  <id>
   372926454
  </id>
  <name>
   PleinSport Umbrellas X-6055
  </name>
  <category>
   Umbrellas
  </category>
  <size>
   XL
  </size>
  <color>
   Фиолетовый
  </color>
  <material>
   Кожа
  </material>
  <price>
   288697
  </price>
  <rating>
   4.89
  </rating>
  <reviews>
   564111
  </reviews>
  <exclusive>
   yes
  </exclusive>
 </clothing>
 <clothing>
  <id>
   226857597
  </id>
  <name>
   Addidas Blouse E-9483
  </name>
  <category>
   Blouse
  </category>
  <size>
   L
  </size>
  <color>
   Синий
  </color>
  <material>
   Нейлон
  </material>
  <price>
   826548
  </price>
  <rating>
   4.67
  </rating>
  <reviews>
   294337
  </reviews>
  <exclusive>
   yes
  </exclusive>
 </clothing>
 <clothing>
  <id>
   576506653
  </id>
  <name>
   Nike Handbags O-6466
  </name>
  <category>
   Handbags
  </category>
  <size>
   S
  </size>
  <color>
   Синий
  </color>
  <material>
   Полиэстер
  </material>
  <price>
   662709
  </price>
  <rating>
   2.63
  </rating>
  <reviews>
   770782
  </reviews>
  <exclusive>
   no
  </exclusive>
  <sporty>
   no
  </sporty>
 </clothing>
 <clothing>
  <id>
   626130577
  </id>
  <name>
   Fila Jeans H-2733
  </name>
  <category>
   Jeans
  </category>
  <size>
   L
  </size>
  <color>
   Оранжевый
  </color>
  <material>
   Нейлон
  </material>
  <price>
   283881
  </price>
  <rating>
   2.95
  </rating>
  <reviews>
   771328
  </reviews>
  <exclusive>
   no
  </exclusive>
 </clothing>
 <clothing>
  <id>
   394608783
  </id>
  <name>
   Lacoste Sweater C-6254
  </name>
  <category>
   Sweater
  </category>
  <size>
   M
  </size>
  <color>
   Оранжевый
  </color>
  <material>
   Шелк
  </material>
  <price>
   886091
  </price>
  <rating>
   2.31
  </rating>
  <reviews>
   388374
  </reviews>
  <new>
   -
  </new>
  <sporty>
   yes
  </sporty>
 </clothing>
 <clothing>
  <id>
   623245787
  </id>
  <name>
   Fila Handbags X-6327
  </name>
  <category>
   Handbags
  </category>
  <size>
   XXL
  </size>
  <color>
   Оранжевый
  </color>
  <material>
   Кожа
  </material>
  <price>
   227179
  </price>
  <rating>
   2.72
  </rating>
  <reviews>
   620300
  </reviews>
  <new>
   -
  </new>
  <sporty>
   yes
  </sporty>
 </clothing>
 <clothing>
  <id>
   892832939
  </id>
  <name>
   New Balance Sweater U-5674
  </name>
  <category>
   Sweater
  </category>
  <size>
   XXL
  </size>
  <color>
   Желтый
  </color>
  <material>
   Вискоза
  </material>
  <price>
   869246
  </price>
  <rating>
   1.24
  </rating>
  <reviews>
   593173
  </reviews>
 </clothing>
 <clothing>
  <id>
   761763395
  </id>
  <name>
   New Balance Shoes N-6127
  </name>
  <category>
   Shoes
  </category>
  <size>
   XL
  </size>
  <color>
   Синий
  </color>
  <material>
   Нейлон
  </material>
  <price>
   394676
  </price>
  <rating>
   3.22
  </rating>
  <reviews>
   219156
  </reviews>
  <new>
   +
  </new>
  <exclusive>
   yes
  </exclusive>
  <sporty>
   yes
  </sporty>
 </clothing>
 <clothing>
  <id>
   375754259
  </id>
  <name>
   Lacoste Pants N-5410
  </name>
  <category>
   Pants
  </category>
  <size>
   S
  </size>
  <color>
   Желтый
  </color>
  <material>
   Шелк
  </material>
  <price>
   130342
  </price>
  <rating>
   4.14
  </rating>
  <reviews>
   379749
  </reviews>
  <exclusive>
   yes
  </exclusive>
  <sporty>
   no
  </sporty>
 </clothing>
 <clothing>
  <id>
   493225500
  </id>
  <name>
   Asics Jacket O-4241
  </name>
  <category>
   Jacket
  </category>
  <size>
   M
  </size>
  <color>
   Зеленый
  </color>
  <material>
   Полиэстер
  </material>
  <price>
   367807
  </price>
  <rating>
   3.93
  </rating>
  <reviews>
   615111
  </reviews>
 </clothing>
</clothing-items>
