<?xml version="1.0" encoding="utf-8"?>
<clothing-items>
 <clothing>
  <id>
   417154674
  </id>
  <name>
   DC Blouse V-8190
  </name>
  <category>
   Blouse
  </category>
  <size>
   M
  </size>
  <color>
   Желтый
  </color>
  <material>
   Шелк
  </material>
  <price>
   243843
  </price>
  <rating>
   2.84
  </rating>
  <reviews>
   107352
  </reviews>
  <new>
   +
  </new>
  <exclusive>
   no
  </exclusive>
  <sporty>
   no
  </sporty>
 </clothing>
 <clothing>
  <id>
   794562374
  </id>
  <name>
   Vans T-shirt U-9033
  </name>
  <category>
   T-shirt
  </category>
  <size>
   XL
  </size>
  <color>
   Оранжевый
  </color>
  <material>
   Вискоза
  </material>
  <price>
   940385
  </price>
  <rating>
   3.6
  </rating>
  <reviews>
   136207
  </reviews>
  <new>
   -
  </new>
  <exclusive>
   yes
  </exclusive>
  <sporty>
   yes
  </sporty>
 </clothing>
 <clothing>
  <id>
   451923831
  </id>
  <name>
   PleinSport Pants F-9226
  </name>
  <category>
   Pants
  </category>
  <size>
   M
  </size>
  <color>
   Красный
  </color>
  <material>
   Нейлон
  </material>
  <price>
   611923
  </price>
  <rating>
   4.61
  </rating>
  <reviews>
   365130
  </reviews>
  <new>
   +
  </new>
  <exclusive>
   yes
  </exclusive>
  <sporty>
   yes
  </sporty>
 </clothing>
 <clothing>
  <id>
   330157035
  </id>
  <name>
   Asics Handbags E-9942
  </name>
  <category>
   Handbags
  </category>
  <size>
   S
  </size>
  <color>
   Зеленый
  </color>
  <material>
   Нейлон
  </material>
  <price>
   995497
  </price>
  <rating>
   2.96
  </rating>
  <reviews>
   782685
  </reviews>
 </clothing>
 <clothing>
  <id>
   483904961
  </id>
  <name>
   PleinSport Pants T-1903
  </name>
  <category>
   Pants
  </category>
  <size>
   M
  </size>
  <color>
   Оранжевый
  </color>
  <material>
   Полиэстер
  </material>
  <price>
   102049
  </price>
  <rating>
   4.82
  </rating>
  <reviews>
   886226
  </reviews>
  <new>
   +
  </new>
  <exclusive>
   yes
  </exclusive>
  <sporty>
   yes
  </sporty>
 </clothing>
 <clothing>
  <id>
   923844471
  </id>
  <name>
   Brooks Pants J-2384
  </name>
  <category>
   Pants
  </category>
  <size>
   S
  </size>
  <color>
   Фиолетовый
  </color>
  <material>
   Шерсть
  </material>
  <price>
   566894
  </price>
  <rating>
   2.0
  </rating>
  <reviews>
   102242
  </reviews>
  <new>
   +
  </new>
  <exclusive>
   no
  </exclusive>
  <sporty>
   no
  </sporty>
 </clothing>
 <clothing>
  <id>
   524481370
  </id>
  <name>
   Lacoste Hat T-8868
  </name>
  <category>
   Hat
  </category>
  <size>
   M
  </size>
  <color>
   Зеленый
  </color>
  <material>
   Шелк
  </material>
  <price>
   756369
  </price>
  <rating>
   1.75
  </rating>
  <reviews>
   500580
  </reviews>
  <new>
   -
  </new>
 </clothing>
 <clothing>
  <id>
   392462736
  </id>
  <name>
   Reebok Jacket G-6758
  </name>
  <category>
   Jacket
  </category>
  <size>
   L
  </size>
  <color>
   Зеленый
  </color>
  <material>
   Нейлон
  </material>
  <price>
   330837
  </price>
  <rating>
   4.54
  </rating>
  <reviews>
   19185
  </reviews>
  <exclusive>
   no
  </exclusive>
  <sporty>
   no
  </sporty>
 </clothing>
 <clothing>
  <id>
   688437443
  </id>
  <name>
   Lacoste T-shirt F-8322
  </name>
  <category>
   T-shirt
  </category>
  <size>
   XL
  </size>
  <color>
   Зеленый
  </color>
  <material>
   Полиэстер
  </material>
  <price>
   374676
  </price>
  <rating>
   2.01
  </rating>
  <reviews>
   692587
  </reviews>
 </clothing>
 <clothing>
  <id>
   864769282
  </id>
  <name>
   Reebok Shirt T-5681
  </name>
  <category>
   Shirt
  </category>
  <size>
   L
  </size>
  <color>
   Голубой
  </color>
  <material>
   Шерсть
  </material>
  <price>
   569505
  </price>
  <rating>
   3.03
  </rating>
  <reviews>
   982923
  </reviews>
  <new>
   +
  </new>
 </clothing>
 <clothing>
  <id>
   771239267
  </id>
  <name>
   Nike Handbags D-7045
  </name>
  <category>
   Handbags
  </category>
  <size>
   M
  </size>
  <color>
   Фиолетовый
  </color>
  <material>
   Кожа
  </material>
  <price>
   258429
  </price>
  <rating>
   2.79
  </rating>
  <reviews>
   250962
  </reviews>
  <sporty>
   no
  </sporty>
 </clothing>
 <clothing>
  <id>
   355106906
  </id>
  <name>
   Lacoste Hat E-2045
  </name>
  <category>
   Hat
  </category>
  <size>
   XL
  </size>
  <color>
   Зеленый
  </color>
  <material>
   Нейлон
  </material>
  <price>
   451412
  </price>
  <rating>
   3.84
  </rating>
  <reviews>
   949935
  </reviews>
  <new>
   -
  </new>
  <sporty>
   yes
  </sporty>
 </clothing>
 <clothing>
  <id>
   822955029
  </id>
  <name>
   PleinSport Hat K-9026
  </name>
  <category>
   Hat
  </category>
  <size>
   XXL
  </size>
  <color>
   Зеленый
  </color>
  <material>
   Кожа
  </material>
  <price>
   212725
  </price>
  <rating>
   4.26
  </rating>
  <reviews>
   199175
  </reviews>
  <exclusive>
   yes
  </exclusive>
 </clothing>
 <clothing>
  <id>
   628597469
  </id>
  <name>
   Under Armour Belts U-3590
  </name>
  <category>
   Belts
  </category>
  <size>
   S
  </size>
  <color>
   Оранжевый
  </color>
  <material>
   Шелк
  </material>
  <price>
   210397
  </price>
  <rating>
   1.1
  </rating>
  <reviews>
   242078
  </reviews>
  <new>
   -
  </new>
  <exclusive>
   no
  </exclusive>
  <sporty>
   yes
  </sporty>
 </clothing>
 <clothing>
  <id>
   194080369
  </id>
  <name>
   Addidas Jacket D-4723
  </name>
  <category>
   Jacket
  </category>
  <size>
   S
  </size>
  <color>
   Фиолетовый
  </color>
  <material>
   Полиэстер
  </material>
  <price>
   890029
  </price>
  <rating>
   1.97
  </rating>
  <reviews>
   23036
  </reviews>
  <new>
   +
  </new>
  <exclusive>
   no
  </exclusive>
  <sporty>
   no
  </sporty>
 </clothing>
 <clothing>
  <id>
   629413607
  </id>
  <name>
   Asics Belts H-3190
  </name>
  <category>
   Belts
  </category>
  <size>
   L
  </size>
  <color>
   Зеленый
  </color>
  <material>
   Хлопок
  </material>
  <price>
   106256
  </price>
  <rating>
   1.07
  </rating>
  <reviews>
   808475
  </reviews>
  <new>
   -
  </new>
  <exclusive>
   yes
  </exclusive>
  <sporty>
   yes
  </sporty>
 </clothing>
 <clothing>
  <id>
   274573773
  </id>
  <name>
   Reebok Dress X-4089
  </name>
  <category>
   Dress
  </category>
  <size>
   XXL
  </size>
  <color>
   Синий
  </color>
  <material>
   Шерсть
  </material>
  <price>
   116338
  </price>
  <rating>
   1.87
  </rating>
  <reviews>
   705495
  </reviews>
  <new>
   +
  </new>
 </clothing>
 <clothing>
  <id>
   664811508
  </id>
  <name>
   DC Handbags B-1625
  </name>
  <category>
   Handbags
  </category>
  <size>
   M
  </size>
  <color>
   Красный
  </color>
  <material>
   Нейлон
  </material>
  <price>
   226701
  </price>
  <rating>
   1.0
  </rating>
  <reviews>
   284931
  </reviews>
  <new>
   -
  </new>
  <sporty>
   yes
  </sporty>
 </clothing>
 <clothing>
  <id>
   210464594
  </id>
  <name>
   PleinSport Belts R-7888
  </name>
  <category>
   Belts
  </category>
  <size>
   L
  </size>
  <color>
   Оранжевый
  </color>
  <material>
   Лен
  </material>
  <price>
   902173
  </price>
  <rating>
   2.67
  </rating>
  <reviews>
   713251
  </reviews>
  <new>
   +
  </new>
  <exclusive>
   no
  </exclusive>
 </clothing>
 <clothing>
  <id>
   895272618
  </id>
  <name>
   Under Armour Shirt X-7853
  </name>
  <category>
   Shirt
  </category>
  <size>
   S
  </size>
  <color>
   Красный
  </color>
  <material>
   Вискоза
  </material>
  <price>
   230246
  </price>
  <rating>
   4.77
  </rating>
  <reviews>
   218093
  </reviews>
 </clothing>
 <clothing>
  <id>
   510658766
  </id>
  <name>
   Nike Handbags Y-6245
  </name>
  <category>
   Handbags
  </category>
  <size>
   XXL
  </size>
  <color>
   Синий
  </color>
  <material>
   Нейлон
  </material>
  <price>
   355405
  </price>
  <rating>
   4.13
  </rating>
  <reviews>
   585897
  </reviews>
  <new>
   -
  </new>
  <exclusive>
   no
  </exclusive>
 </clothing>
 <clothing>
  <id>
   299195283
  </id>
  <name>
   Converse T-shirt P-5448
  </name>
  <category>
   T-shirt
  </category>
  <size>
   M
  </size>
  <color>
   Синий
  </color>
  <material>
   Шелк
  </material>
  <price>
   469234
  </price>
  <rating>
   2.55
  </rating>
  <reviews>
   499385
  </reviews>
  <new>
   +
  </new>
  <exclusive>
   no
  </exclusive>
  <sporty>
   no
  </sporty>
 </clothing>
</clothing-items>
