<?xml version="1.0" encoding="utf-8"?>
<clothing-items>
 <clothing>
  <id>
   514369515
  </id>
  <name>
   Addidas Sweater W-3488
  </name>
  <category>
   Sweater
  </category>
  <size>
   XXL
  </size>
  <color>
   Фиолетовый
  </color>
  <material>
   Шелк
  </material>
  <price>
   267967
  </price>
  <rating>
   1.73
  </rating>
  <reviews>
   113235
  </reviews>
  <new>
   -
  </new>
  <exclusive>
   no
  </exclusive>
  <sporty>
   no
  </sporty>
 </clothing>
 <clothing>
  <id>
   268752575
  </id>
  <name>
   Puma T-shirt D-1041
  </name>
  <category>
   T-shirt
  </category>
  <size>
   S
  </size>
  <color>
   Голубой
  </color>
  <material>
   Хлопок
  </material>
  <price>
   548356
  </price>
  <rating>
   2.95
  </rating>
  <reviews>
   4034
  </reviews>
  <new>
   -
  </new>
  <exclusive>
   no
  </exclusive>
  <sporty>
   yes
  </sporty>
 </clothing>
 <clothing>
  <id>
   917689011
  </id>
  <name>
   Adidas Pants P-9696
  </name>
  <category>
   Pants
  </category>
  <size>
   L
  </size>
  <color>
   Зеленый
  </color>
  <material>
   Полиэстер
  </material>
  <price>
   877417
  </price>
  <rating>
   1.26
  </rating>
  <reviews>
   741893
  </reviews>
  <exclusive>
   yes
  </exclusive>
  <sporty>
   no
  </sporty>
 </clothing>
 <clothing>
  <id>
   481362229
  </id>
  <name>
   Asics Skirt A-2468
  </name>
  <category>
   Skirt
  </category>
  <size>
   M
  </size>
  <color>
   Зеленый
  </color>
  <material>
   Вискоза
  </material>
  <price>
   457641
  </price>
  <rating>
   3.0
  </rating>
  <reviews>
   872970
  </reviews>
  <exclusive>
   no
  </exclusive>
  <sporty>
   yes
  </sporty>
 </clothing>
 <clothing>
  <id>
   225172678
  </id>
  <name>
   Lacoste Jacket X-2430
  </name>
  <category>
   Jacket
  </category>
  <size>
   L
  </size>
  <color>
   Фиолетовый
  </color>
  <material>
   Шелк
  </material>
  <price>
   137549
  </price>
  <rating>
   3.6
  </rating>
  <reviews>
   754217
  </reviews>
  <new>
   +
  </new>
  <exclusive>
   no
  </exclusive>
 </clothing>
 <clothing>
  <id>
   607026989
  </id>
  <name>
   Fila Hat C-9784
  </name>
  <category>
   Hat
  </category>
  <size>
   S
  </size>
  <color>
   Голубой
  </color>
  <material>
   Лен
  </material>
  <price>
   905314
  </price>
  <rating>
   2.08
  </rating>
  <reviews>
   7753
  </reviews>
  <sporty>
   yes
  </sporty>
 </clothing>
 <clothing>
  <id>
   499108616
  </id>
  <name>
   Addidas Dress U-4188
  </name>
  <category>
   Dress
  </category>
  <size>
   XXL
  </size>
  <color>
   Оранжевый
  </color>
  <material>
   Кожа
  </material>
  <price>
   484707
  </price>
  <rating>
   2.23
  </rating>
  <reviews>
   904160
  </reviews>
  <new>
   -
  </new>
  <exclusive>
   yes
  </exclusive>
  <sporty>
   no
  </sporty>
 </clothing>
 <clothing>
  <id>
   810285691
  </id>
  <name>
   DC Pants D-3784
  </name>
  <category>
   Pants
  </category>
  <size>
   S
  </size>
  <color>
   Голубой
  </color>
  <material>
   Полиэстер
  </material>
  <price>
   213344
  </price>
  <rating>
   3.35
  </rating>
  <reviews>
   716575
  </reviews>
  <exclusive>
   no
  </exclusive>
  <sporty>
   no
  </sporty>
 </clothing>
 <clothing>
  <id>
   483510755
  </id>
  <name>
   Nike Blouse Y-3426
  </name>
  <category>
   Blouse
  </category>
  <size>
   XL
  </size>
  <color>
   Фиолетовый
  </color>
  <material>
   Нейлон
  </material>
  <price>
   884101
  </price>
  <rating>
   1.36
  </rating>
  <reviews>
   855741
  </reviews>
  <sporty>
   yes
  </sporty>
 </clothing>
 <clothing>
  <id>
   552475918
  </id>
  <name>
   PleinSport Gloves T-2452
  </name>
  <category>
   Gloves
  </category>
  <size>
   XL
  </size>
  <color>
   Голубой
  </color>
  <material>
   Шерсть
  </material>
  <price>
   463353
  </price>
  <rating>
   2.59
  </rating>
  <reviews>
   751151
  </reviews>
  <sporty>
   no
  </sporty>
 </clothing>
 <clothing>
  <id>
   339032464
  </id>
  <name>
   Converse Shirt M-7750
  </name>
  <category>
   Shirt
  </category>
  <size>
   XL
  </size>
  <color>
   Красный
  </color>
  <material>
   Лен
  </material>
  <price>
   401767
  </price>
  <rating>
   4.71
  </rating>
  <reviews>
   4599
  </reviews>
  <new>
   -
  </new>
  <exclusive>
   yes
  </exclusive>
 </clothing>
 <clothing>
  <id>
   569457820
  </id>
  <name>
   Converse Umbrellas N-7290
  </name>
  <category>
   Umbrellas
  </category>
  <size>
   L
  </size>
  <color>
   Желтый
  </color>
  <material>
   Хлопок
  </material>
  <price>
   308026
  </price>
  <rating>
   4.96
  </rating>
  <reviews>
   467897
  </reviews>
  <exclusive>
   no
  </exclusive>
  <sporty>
   no
  </sporty>
 </clothing>
 <clothing>
  <id>
   599837378
  </id>
  <name>
   Vans Blouse N-4413
  </name>
  <category>
   Blouse
  </category>
  <size>
   M
  </size>
  <color>
   Фиолетовый
  </color>
  <material>
   Вискоза
  </material>
  <price>
   189251
  </price>
  <rating>
   3.84
  </rating>
  <reviews>
   181629
  </reviews>
  <new>
   -
  </new>
  <exclusive>
   yes
  </exclusive>
  <sporty>
   yes
  </sporty>
 </clothing>
 <clothing>
  <id>
   433161016
  </id>
  <name>
   Converse Sweater J-9221
  </name>
  <category>
   Sweater
  </category>
  <size>
   M
  </size>
  <color>
   Голубой
  </color>
  <material>
   Шелк
  </material>
  <price>
   957934
  </price>
  <rating>
   4.98
  </rating>
  <reviews>
   826872
  </reviews>
  <exclusive>
   yes
  </exclusive>
 </clothing>
 <clothing>
  <id>
   541038096
  </id>
  <name>
   Nike T-shirt P-6827
  </name>
  <category>
   T-shirt
  </category>
  <size>
   XL
  </size>
  <color>
   Фиолетовый
  </color>
  <material>
   Шелк
  </material>
  <price>
   816183
  </price>
  <rating>
   1.84
  </rating>
  <reviews>
   918272
  </reviews>
  <new>
   +
  </new>
  <sporty>
   yes
  </sporty>
 </clothing>
 <clothing>
  <id>
   270909477
  </id>
  <name>
   Puma Sweater Z-4574
  </name>
  <category>
   Sweater
  </category>
  <size>
   M
  </size>
  <color>
   Синий
  </color>
  <material>
   Хлопок
  </material>
  <price>
   393878
  </price>
  <rating>
   3.98
  </rating>
  <reviews>
   358984
  </reviews>
  <sporty>
   yes
  </sporty>
 </clothing>
 <clothing>
  <id>
   583795631
  </id>
  <name>
   Converse Jacket F-9717
  </name>
  <category>
   Jacket
  </category>
  <size>
   XL
  </size>
  <color>
   Фиолетовый
  </color>
  <material>
   Вискоза
  </material>
  <price>
   324390
  </price>
  <rating>
   4.47
  </rating>
  <reviews>
   610929
  </reviews>
  <exclusive>
   no
  </exclusive>
 </clothing>
 <clothing>
  <id>
   181781789
  </id>
  <name>
   Asics Sweater P-3387
  </name>
  <category>
   Sweater
  </category>
  <size>
   S
  </size>
  <color>
   Желтый
  </color>
  <material>
   Вискоза
  </material>
  <price>
   721225
  </price>
  <rating>
   1.72
  </rating>
  <reviews>
   423043
  </reviews>
  <new>
   -
  </new>
  <exclusive>
   yes
  </exclusive>
 </clothing>
 <clothing>
  <id>
   809397532
  </id>
  <name>
   Ellesse Shoes I-5169
  </name>
  <category>
   Shoes
  </category>
  <size>
   S
  </size>
  <color>
   Синий
  </color>
  <material>
   Нейлон
  </material>
  <price>
   714536
  </price>
  <rating>
   1.64
  </rating>
  <reviews>
   208050
  </reviews>
  <new>
   -
  </new>
 </clothing>
 <clothing>
  <id>
   817555050
  </id>
  <name>
   New Balance Jacket V-4298
  </name>
  <category>
   Jacket
  </category>
  <size>
   M
  </size>
  <color>
   Оранжевый
  </color>
  <material>
   Лен
  </material>
  <price>
   270857
  </price>
  <rating>
   4.63
  </rating>
  <reviews>
   422450
  </reviews>
  <new>
   +
  </new>
  <exclusive>
   yes
  </exclusive>
  <sporty>
   no
  </sporty>
 </clothing>
 <clothing>
  <id>
   365214787
  </id>
  <name>
   Brooks Gloves V-1720
  </name>
  <category>
   Gloves
  </category>
  <size>
   XL
  </size>
  <color>
   Фиолетовый
  </color>
  <material>
   Кожа
  </material>
  <price>
   274499
  </price>
  <rating>
   3.06
  </rating>
  <reviews>
   354209
  </reviews>
  <new>
   -
  </new>
  <exclusive>
   yes
  </exclusive>
 </clothing>
 <clothing>
  <id>
   662149797
  </id>
  <name>
   Adidas Blouse I-5671
  </name>
  <category>
   Blouse
  </category>
  <size>
   XL
  </size>
  <color>
   Синий
  </color>
  <material>
   Полиэстер
  </material>
  <price>
   665160
  </price>
  <rating>
   4.45
  </rating>
  <reviews>
   786429
  </reviews>
  <new>
   -
  </new>
  <exclusive>
   no
  </exclusive>
  <sporty>
   no
  </sporty>
 </clothing>
 <clothing>
  <id>
   951592205
  </id>
  <name>
   Under Armour Shirt T-6452
  </name>
  <category>
   Shirt
  </category>
  <size>
   XL
  </size>
  <color>
   Оранжевый
  </color>
  <material>
   Хлопок
  </material>
  <price>
   351269
  </price>
  <rating>
   4.97
  </rating>
  <reviews>
   554718
  </reviews>
  <new>
   -
  </new>
  <exclusive>
   yes
  </exclusive>
  <sporty>
   no
  </sporty>
 </clothing>
 <clothing>
  <id>
   196976143
  </id>
  <name>
   Vans Shoes C-2210
  </name>
  <category>
   Shoes
  </category>
  <size>
   XXL
  </size>
  <color>
   Красный
  </color>
  <material>
   Вискоза
  </material>
  <price>
   872013
  </price>
  <rating>
   2.48
  </rating>
  <reviews>
   312884
  </reviews>
  <new>
   -
  </new>
  <exclusive>
   yes
  </exclusive>
  <sporty>
   yes
  </sporty>
 </clothing>
 <clothing>
  <id>
   984944885
  </id>
  <name>
   Brooks Handbags G-8097
  </name>
  <category>
   Handbags
  </category>
  <size>
   S
  </size>
  <color>
   Фиолетовый
  </color>
  <material>
   Нейлон
  </material>
  <price>
   192027
  </price>
  <rating>
   2.48
  </rating>
  <reviews>
   325401
  </reviews>
  <new>
   -
  </new>
 </clothing>
 <clothing>
  <id>
   633572141
  </id>
  <name>
   Adidas Sweater N-7194
  </name>
  <category>
   Sweater
  </category>
  <size>
   XL
  </size>
  <color>
   Голубой
  </color>
  <material>
   Полиэстер
  </material>
  <price>
   630672
  </price>
  <rating>
   4.54
  </rating>
  <reviews>
   349558
  </reviews>
  <sporty>
   yes
  </sporty>
 </clothing>
 <clothing>
  <id>
   680911390
  </id>
  <name>
   DC T-shirt B-6231
  </name>
  <category>
   T-shirt
  </category>
  <size>
   XL
  </size>
  <color>
   Красный
  </color>
  <material>
   Лен
  </material>
  <price>
   437308
  </price>
  <rating>
   2.77
  </rating>
  <reviews>
   843011
  </reviews>
  <new>
   +
  </new>
  <exclusive>
   no
  </exclusive>
 </clothing>
 <clothing>
  <id>
   413643542
  </id>
  <name>
   Adidas Socks G-9518
  </name>
  <category>
   Socks
  </category>
  <size>
   L
  </size>
  <color>
   Голубой
  </color>
  <material>
   Вискоза
  </material>
  <price>
   119383
  </price>
  <rating>
   2.63
  </rating>
  <reviews>
   441761
  </reviews>
  <new>
   -
  </new>
  <exclusive>
   no
  </exclusive>
  <sporty>
   no
  </sporty>
 </clothing>
 <clothing>
  <id>
   595371958
  </id>
  <name>
   Under Armour Socks Y-9728
  </name>
  <category>
   Socks
  </category>
  <size>
   L
  </size>
  <color>
   Голубой
  </color>
  <material>
   Нейлон
  </material>
  <price>
   229978
  </price>
  <rating>
   4.92
  </rating>
  <reviews>
   977451
  </reviews>
  <new>
   -
  </new>
  <exclusive>
   no
  </exclusive>
  <sporty>
   no
  </sporty>
 </clothing>
 <clothing>
  <id>
   600802692
  </id>
  <name>
   Adidas Belts A-2429
  </name>
  <category>
   Belts
  </category>
  <size>
   S
  </size>
  <color>
   Фиолетовый
  </color>
  <material>
   Хлопок
  </material>
  <price>
   100316
  </price>
  <rating>
   1.21
  </rating>
  <reviews>
   518078
  </reviews>
  <exclusive>
   no
  </exclusive>
  <sporty>
   no
  </sporty>
 </clothing>
 <clothing>
  <id>
   152110740
  </id>
  <name>
   New Balance Jacket X-5927
  </name>
  <category>
   Jacket
  </category>
  <size>
   XXL
  </size>
  <color>
   Зеленый
  </color>
  <material>
   Кожа
  </material>
  <price>
   220881
  </price>
  <rating>
   4.6
  </rating>
  <reviews>
   948980
  </reviews>
  <new>
   -
  </new>
  <exclusive>
   no
  </exclusive>
  <sporty>
   yes
  </sporty>
 </clothing>
 <clothing>
  <id>
   219622668
  </id>
  <name>
   Nike Skirt L-6437
  </name>
  <category>
   Skirt
  </category>
  <size>
   M
  </size>
  <color>
   Голубой
  </color>
  <material>
   Вискоза
  </material>
  <price>
   596131
  </price>
  <rating>
   3.14
  </rating>
  <reviews>
   741854
  </reviews>
  <new>
   -
  </new>
  <exclusive>
   no
  </exclusive>
  <sporty>
   yes
  </sporty>
 </clothing>
 <clothing>
  <id>
   252832383
  </id>
  <name>
   Reebok Jeans M-7765
  </name>
  <category>
   Jeans
  </category>
  <size>
   XL
  </size>
  <color>
   Голубой
  </color>
  <material>
   Лен
  </material>
  <price>
   277449
  </price>
  <rating>
   1.85
  </rating>
  <reviews>
   548273
  </reviews>
  <exclusive>
   no
  </exclusive>
 </clothing>
 <clothing>
  <id>
   348707094
  </id>
  <name>
   Adidas T-shirt S-9817
  </name>
  <category>
   T-shirt
  </category>
  <size>
   M
  </size>
  <color>
   Зеленый
  </color>
  <material>
   Лен
  </material>
  <price>
   114318
  </price>
  <rating>
   1.52
  </rating>
  <reviews>
   694387
  </reviews>
  <new>
   -
  </new>
  <exclusive>
   yes
  </exclusive>
 </clothing>
</clothing-items>
