<?xml version="1.0" encoding="utf-8"?>
<clothing-items>
 <clothing>
  <id>
   458663217
  </id>
  <name>
   Nike Belts F-1425
  </name>
  <category>
   Belts
  </category>
  <size>
   M
  </size>
  <color>
   Красный
  </color>
  <material>
   Хлопок
  </material>
  <price>
   390080
  </price>
  <rating>
   3.3
  </rating>
  <reviews>
   902780
  </reviews>
  <new>
   -
  </new>
  <exclusive>
   yes
  </exclusive>
  <sporty>
   no
  </sporty>
 </clothing>
 <clothing>
  <id>
   397195097
  </id>
  <name>
   Asics Shirt Y-3112
  </name>
  <category>
   Shirt
  </category>
  <size>
   XL
  </size>
  <color>
   Синий
  </color>
  <material>
   Хлопок
  </material>
  <price>
   610197
  </price>
  <rating>
   4.35
  </rating>
  <reviews>
   937289
  </reviews>
 </clothing>
 <clothing>
  <id>
   367276669
  </id>
  <name>
   Ellesse Shirt W-2155
  </name>
  <category>
   Shirt
  </category>
  <size>
   S
  </size>
  <color>
   Желтый
  </color>
  <material>
   Шелк
  </material>
  <price>
   316988
  </price>
  <rating>
   4.71
  </rating>
  <reviews>
   85156
  </reviews>
  <new>
   -
  </new>
 </clothing>
 <clothing>
  <id>
   967026124
  </id>
  <name>
   DC Blouse A-6333
  </name>
  <category>
   Blouse
  </category>
  <size>
   S
  </size>
  <color>
   Красный
  </color>
  <material>
   Шерсть
  </material>
  <price>
   943507
  </price>
  <rating>
   3.74
  </rating>
  <reviews>
   831166
  </reviews>
  <new>
   -
  </new>
 </clothing>
 <clothing>
  <id>
   371211066
  </id>
  <name>
   Adidas Hat Q-5628
  </name>
  <category>
   Hat
  </category>
  <size>
   XL
  </size>
  <color>
   Зеленый
  </color>
  <material>
   Лен
  </material>
  <price>
   928484
  </price>
  <rating>
   2.1
  </rating>
  <reviews>
   6926
  </reviews>
  <new>
   +
  </new>
 </clothing>
 <clothing>
  <id>
   182549601
  </id>
  <name>
   New Balance Belts C-3615
  </name>
  <category>
   Belts
  </category>
  <size>
   XL
  </size>
  <color>
   Синий
  </color>
  <material>
   Кожа
  </material>
  <price>
   458538
  </price>
  <rating>
   1.94
  </rating>
  <reviews>
   116349
  </reviews>
  <exclusive>
   no
  </exclusive>
  <sporty>
   yes
  </sporty>
 </clothing>
 <clothing>
  <id>
   213822867
  </id>
  <name>
   Brooks T-shirt O-8946
  </name>
  <category>
   T-shirt
  </category>
  <size>
   XL
  </size>
  <color>
   Желтый
  </color>
  <material>
   Хлопок
  </material>
  <price>
   472405
  </price>
  <rating>
   3.69
  </rating>
  <reviews>
   839827
  </reviews>
  <new>
   +
  </new>
  <exclusive>
   no
  </exclusive>
 </clothing>
 <clothing>
  <id>
   922415805
  </id>
  <name>
   Asics Gloves Z-9153
  </name>
  <category>
   Gloves
  </category>
  <size>
   L
  </size>
  <color>
   Желтый
  </color>
  <material>
   Шелк
  </material>
  <price>
   260365
  </price>
  <rating>
   3.19
  </rating>
  <reviews>
   456239
  </reviews>
  <new>
   +
  </new>
  <exclusive>
   no
  </exclusive>
 </clothing>
 <clothing>
  <id>
   773625332
  </id>
  <name>
   PleinSport Handbags X-6798
  </name>
  <category>
   Handbags
  </category>
  <size>
   XXL
  </size>
  <color>
   Голубой
  </color>
  <material>
   Полиэстер
  </material>
  <price>
   225555
  </price>
  <rating>
   4.27
  </rating>
  <reviews>
   757045
  </reviews>
  <exclusive>
   no
  </exclusive>
  <sporty>
   no
  </sporty>
 </clothing>
 <clothing>
  <id>
   950940867
  </id>
  <name>
   New Balance Shoes L-4504
  </name>
  <category>
   Shoes
  </category>
  <size>
   M
  </size>
  <color>
   Оранжевый
  </color>
  <material>
   Кожа
  </material>
  <price>
   732215
  </price>
  <rating>
   3.08
  </rating>
  <reviews>
   651808
  </reviews>
  <new>
   -
  </new>
  <exclusive>
   yes
  </exclusive>
  <sporty>
   no
  </sporty>
 </clothing>
 <clothing>
  <id>
   295660644
  </id>
  <name>
   Fila Gloves S-5657
  </name>
  <category>
   Gloves
  </category>
  <size>
   S
  </size>
  <color>
   Желтый
  </color>
  <material>
   Шерсть
  </material>
  <price>
   645634
  </price>
  <rating>
   1.29
  </rating>
  <reviews>
   832031
  </reviews>
  <new>
   +
  </new>
  <exclusive>
   yes
  </exclusive>
  <sporty>
   no
  </sporty>
 </clothing>
 <clothing>
  <id>
   410806641
  </id>
  <name>
   Brooks Belts M-2538
  </name>
  <category>
   Belts
  </category>
  <size>
   XL
  </size>
  <color>
   Голубой
  </color>
  <material>
   Шерсть
  </material>
  <price>
   148533
  </price>
  <rating>
   1.35
  </rating>
  <reviews>
   920417
  </reviews>
  <exclusive>
   no
  </exclusive>
 </clothing>
 <clothing>
  <id>
   138568952
  </id>
  <name>
   Nike T-shirt K-3337
  </name>
  <category>
   T-shirt
  </category>
  <size>
   XXL
  </size>
  <color>
   Зеленый
  </color>
  <material>
   Полиэстер
  </material>
  <price>
   381907
  </price>
  <rating>
   4.72
  </rating>
  <reviews>
   414895
  </reviews>
  <new>
   -
  </new>
  <exclusive>
   yes
  </exclusive>
 </clothing>
 <clothing>
  <id>
   903075928
  </id>
  <name>
   Nike Belts X-5275
  </name>
  <category>
   Belts
  </category>
  <size>
   M
  </size>
  <color>
   Желтый
  </color>
  <material>
   Шерсть
  </material>
  <price>
   493031
  </price>
  <rating>
   1.33
  </rating>
  <reviews>
   446435
  </reviews>
  <new>
   -
  </new>
  <exclusive>
   no
  </exclusive>
  <sporty>
   no
  </sporty>
 </clothing>
 <clothing>
  <id>
   873939488
  </id>
  <name>
   Puma Handbags P-6009
  </name>
  <category>
   Handbags
  </category>
  <size>
   M
  </size>
  <color>
   Зеленый
  </color>
  <material>
   Хлопок
  </material>
  <price>
   627808
  </price>
  <rating>
   4.49
  </rating>
  <reviews>
   78286
  </reviews>
  <exclusive>
   no
  </exclusive>
 </clothing>
 <clothing>
  <id>
   559417957
  </id>
  <name>
   Ellesse Pants X-2611
  </name>
  <category>
   Pants
  </category>
  <size>
   XXL
  </size>
  <color>
   Фиолетовый
  </color>
  <material>
   Кожа
  </material>
  <price>
   671998
  </price>
  <rating>
   2.87
  </rating>
  <reviews>
   673921
  </reviews>
  <new>
   +
  </new>
  <sporty>
   yes
  </sporty>
 </clothing>
</clothing-items>
