<?xml version="1.0" encoding="utf-8"?>
<clothing-items>
 <clothing>
  <id>
   804313257
  </id>
  <name>
   Nike T-shirt U-5443
  </name>
  <category>
   T-shirt
  </category>
  <size>
   M
  </size>
  <color>
   Синий
  </color>
  <material>
   Вискоза
  </material>
  <price>
   467942
  </price>
  <rating>
   4.12
  </rating>
  <reviews>
   72262
  </reviews>
  <sporty>
   no
  </sporty>
 </clothing>
 <clothing>
  <id>
   788352365
  </id>
  <name>
   Vans Jeans J-3876
  </name>
  <category>
   Jeans
  </category>
  <size>
   M
  </size>
  <color>
   Синий
  </color>
  <material>
   Вискоза
  </material>
  <price>
   845522
  </price>
  <rating>
   1.05
  </rating>
  <reviews>
   769725
  </reviews>
  <exclusive>
   yes
  </exclusive>
  <sporty>
   no
  </sporty>
 </clothing>
 <clothing>
  <id>
   461405075
  </id>
  <name>
   Asics Blouse X-8214
  </name>
  <category>
   Blouse
  </category>
  <size>
   M
  </size>
  <color>
   Синий
  </color>
  <material>
   Нейлон
  </material>
  <price>
   697849
  </price>
  <rating>
   3.2
  </rating>
  <reviews>
   828525
  </reviews>
  <new>
   +
  </new>
  <exclusive>
   yes
  </exclusive>
  <sporty>
   no
  </sporty>
 </clothing>
 <clothing>
  <id>
   661975612
  </id>
  <name>
   New Balance Gloves V-5588
  </name>
  <category>
   Gloves
  </category>
  <size>
   S
  </size>
  <color>
   Желтый
  </color>
  <material>
   Лен
  </material>
  <price>
   507809
  </price>
  <rating>
   4.67
  </rating>
  <reviews>
   209015
  </reviews>
  <new>
   -
  </new>
 </clothing>
 <clothing>
  <id>
   914183674
  </id>
  <name>
   Lacoste Gloves J-2565
  </name>
  <category>
   Gloves
  </category>
  <size>
   XL
  </size>
  <color>
   Фиолетовый
  </color>
  <material>
   Кожа
  </material>
  <price>
   564646
  </price>
  <rating>
   1.38
  </rating>
  <reviews>
   98733
  </reviews>
  <new>
   -
  </new>
  <exclusive>
   yes
  </exclusive>
  <sporty>
   no
  </sporty>
 </clothing>
 <clothing>
  <id>
   875260156
  </id>
  <name>
   Ellesse T-shirt T-7071
  </name>
  <category>
   T-shirt
  </category>
  <size>
   M
  </size>
  <color>
   Красный
  </color>
  <material>
   Хлопок
  </material>
  <price>
   261016
  </price>
  <rating>
   1.33
  </rating>
  <reviews>
   251358
  </reviews>
  <new>
   +
  </new>
  <exclusive>
   yes
  </exclusive>
 </clothing>
 <clothing>
  <id>
   221433193
  </id>
  <name>
   Lacoste Handbags E-3737
  </name>
  <category>
   Handbags
  </category>
  <size>
   L
  </size>
  <color>
   Красный
  </color>
  <material>
   Шелк
  </material>
  <price>
   946410
  </price>
  <rating>
   2.49
  </rating>
  <reviews>
   618242
  </reviews>
  <sporty>
   yes
  </sporty>
 </clothing>
 <clothing>
  <id>
   410978412
  </id>
  <name>
   New Balance Blouse T-4066
  </name>
  <category>
   Blouse
  </category>
  <size>
   XXL
  </size>
  <color>
   Зеленый
  </color>
  <material>
   Нейлон
  </material>
  <price>
   214748
  </price>
  <rating>
   3.3
  </rating>
  <reviews>
   718499
  </reviews>
  <new>
   +
  </new>
  <exclusive>
   no
  </exclusive>
  <sporty>
   no
  </sporty>
 </clothing>
 <clothing>
  <id>
   743786488
  </id>
  <name>
   Under Armour Socks N-4272
  </name>
  <category>
   Socks
  </category>
  <size>
   XL
  </size>
  <color>
   Красный
  </color>
  <material>
   Кожа
  </material>
  <price>
   754446
  </price>
  <rating>
   2.06
  </rating>
  <reviews>
   706549
  </reviews>
  <new>
   +
  </new>
  <exclusive>
   no
  </exclusive>
 </clothing>
 <clothing>
  <id>
   397141479
  </id>
  <name>
   Under Armour Socks N-5275
  </name>
  <category>
   Socks
  </category>
  <size>
   XL
  </size>
  <color>
   Голубой
  </color>
  <material>
   Кожа
  </material>
  <price>
   827832
  </price>
  <rating>
   2.35
  </rating>
  <reviews>
   332342
  </reviews>
  <exclusive>
   no
  </exclusive>
 </clothing>
 <clothing>
  <id>
   209619764
  </id>
  <name>
   Brooks T-shirt L-3350
  </name>
  <category>
   T-shirt
  </category>
  <size>
   S
  </size>
  <color>
   Красный
  </color>
  <material>
   Полиэстер
  </material>
  <price>
   206418
  </price>
  <rating>
   2.22
  </rating>
  <reviews>
   416838
  </reviews>
  <new>
   -
  </new>
  <sporty>
   yes
  </sporty>
 </clothing>
 <clothing>
  <id>
   140731649
  </id>
  <name>
   Converse Blouse A-3928
  </name>
  <category>
   Blouse
  </category>
  <size>
   S
  </size>
  <color>
   Зеленый
  </color>
  <material>
   Шерсть
  </material>
  <price>
   807184
  </price>
  <rating>
   3.78
  </rating>
  <reviews>
   867965
  </reviews>
  <exclusive>
   yes
  </exclusive>
 </clothing>
 <clothing>
  <id>
   942241647
  </id>
  <name>
   Adidas Jeans S-7316
  </name>
  <category>
   Jeans
  </category>
  <size>
   XL
  </size>
  <color>
   Фиолетовый
  </color>
  <material>
   Хлопок
  </material>
  <price>
   392948
  </price>
  <rating>
   4.99
  </rating>
  <reviews>
   338862
  </reviews>
  <exclusive>
   no
  </exclusive>
  <sporty>
   yes
  </sporty>
 </clothing>
 <clothing>
  <id>
   628378164
  </id>
  <name>
   Brooks Skirt M-1780
  </name>
  <category>
   Skirt
  </category>
  <size>
   XXL
  </size>
  <color>
   Зеленый
  </color>
  <material>
   Шерсть
  </material>
  <price>
   647275
  </price>
  <rating>
   1.62
  </rating>
  <reviews>
   524841
  </reviews>
 </clothing>
 <clothing>
  <id>
   751943122
  </id>
  <name>
   Lacoste Umbrellas B-3197
  </name>
  <category>
   Umbrellas
  </category>
  <size>
   L
  </size>
  <color>
   Оранжевый
  </color>
  <material>
   Лен
  </material>
  <price>
   696855
  </price>
  <rating>
   2.48
  </rating>
  <reviews>
   603709
  </reviews>
  <exclusive>
   yes
  </exclusive>
 </clothing>
 <clothing>
  <id>
   240193620
  </id>
  <name>
   Vans Shoes H-2133
  </name>
  <category>
   Shoes
  </category>
  <size>
   XL
  </size>
  <color>
   Фиолетовый
  </color>
  <material>
   Лен
  </material>
  <price>
   691134
  </price>
  <rating>
   1.44
  </rating>
  <reviews>
   421601
  </reviews>
 </clothing>
 <clothing>
  <id>
   704156253
  </id>
  <name>
   DC Jacket O-4678
  </name>
  <category>
   Jacket
  </category>
  <size>
   XL
  </size>
  <color>
   Желтый
  </color>
  <material>
   Лен
  </material>
  <price>
   640169
  </price>
  <rating>
   3.29
  </rating>
  <reviews>
   521308
  </reviews>
  <new>
   -
  </new>
  <exclusive>
   yes
  </exclusive>
  <sporty>
   no
  </sporty>
 </clothing>
 <clothing>
  <id>
   928749704
  </id>
  <name>
   Reebok Skirt Q-8545
  </name>
  <category>
   Skirt
  </category>
  <size>
   XXL
  </size>
  <color>
   Оранжевый
  </color>
  <material>
   Шелк
  </material>
  <price>
   233229
  </price>
  <rating>
   2.09
  </rating>
  <reviews>
   973182
  </reviews>
  <sporty>
   no
  </sporty>
 </clothing>
 <clothing>
  <id>
   727233170
  </id>
  <name>
   Vans T-shirt U-2749
  </name>
  <category>
   T-shirt
  </category>
  <size>
   S
  </size>
  <color>
   Зеленый
  </color>
  <material>
   Хлопок
  </material>
  <price>
   505927
  </price>
  <rating>
   1.02
  </rating>
  <reviews>
   840258
  </reviews>
  <exclusive>
   yes
  </exclusive>
 </clothing>
 <clothing>
  <id>
   945928802
  </id>
  <name>
   Adidas Pants T-7612
  </name>
  <category>
   Pants
  </category>
  <size>
   XXL
  </size>
  <color>
   Красный
  </color>
  <material>
   Лен
  </material>
  <price>
   652313
  </price>
  <rating>
   2.78
  </rating>
  <reviews>
   879736
  </reviews>
  <new>
   +
  </new>
  <sporty>
   yes
  </sporty>
 </clothing>
 <clothing>
  <id>
   371173191
  </id>
  <name>
   Fila Umbrellas X-4719
  </name>
  <category>
   Umbrellas
  </category>
  <size>
   L
  </size>
  <color>
   Зеленый
  </color>
  <material>
   Полиэстер
  </material>
  <price>
   287710
  </price>
  <rating>
   2.0
  </rating>
  <reviews>
   848674
  </reviews>
  <new>
   -
  </new>
  <exclusive>
   no
  </exclusive>
  <sporty>
   no
  </sporty>
 </clothing>
 <clothing>
  <id>
   176616189
  </id>
  <name>
   Converse Shoes W-3517
  </name>
  <category>
   Shoes
  </category>
  <size>
   M
  </size>
  <color>
   Фиолетовый
  </color>
  <material>
   Нейлон
  </material>
  <price>
   364150
  </price>
  <rating>
   2.43
  </rating>
  <reviews>
   655588
  </reviews>
  <exclusive>
   yes
  </exclusive>
  <sporty>
   yes
  </sporty>
 </clothing>
 <clothing>
  <id>
   560632149
  </id>
  <name>
   Vans Blouse E-4789
  </name>
  <category>
   Blouse
  </category>
  <size>
   XXL
  </size>
  <color>
   Желтый
  </color>
  <material>
   Полиэстер
  </material>
  <price>
   410166
  </price>
  <rating>
   2.57
  </rating>
  <reviews>
   688039
  </reviews>
  <new>
   +
  </new>
  <exclusive>
   no
  </exclusive>
  <sporty>
   yes
  </sporty>
 </clothing>
 <clothing>
  <id>
   902348745
  </id>
  <name>
   Ellesse Skirt E-8274
  </name>
  <category>
   Skirt
  </category>
  <size>
   L
  </size>
  <color>
   Зеленый
  </color>
  <material>
   Шерсть
  </material>
  <price>
   501670
  </price>
  <rating>
   4.62
  </rating>
  <reviews>
   241694
  </reviews>
  <new>
   +
  </new>
  <sporty>
   no
  </sporty>
 </clothing>
 <clothing>
  <id>
   350118178
  </id>
  <name>
   Ellesse T-shirt T-1330
  </name>
  <category>
   T-shirt
  </category>
  <size>
   L
  </size>
  <color>
   Фиолетовый
  </color>
  <material>
   Полиэстер
  </material>
  <price>
   742508
  </price>
  <rating>
   3.32
  </rating>
  <reviews>
   123136
  </reviews>
  <new>
   -
  </new>
  <sporty>
   no
  </sporty>
 </clothing>
 <clothing>
  <id>
   156182688
  </id>
  <name>
   Puma Shirt G-3255
  </name>
  <category>
   Shirt
  </category>
  <size>
   L
  </size>
  <color>
   Оранжевый
  </color>
  <material>
   Нейлон
  </material>
  <price>
   312011
  </price>
  <rating>
   1.97
  </rating>
  <reviews>
   841515
  </reviews>
  <new>
   -
  </new>
  <exclusive>
   no
  </exclusive>
  <sporty>
   yes
  </sporty>
 </clothing>
 <clothing>
  <id>
   559245102
  </id>
  <name>
   Asics Umbrellas C-3390
  </name>
  <category>
   Umbrellas
  </category>
  <size>
   XXL
  </size>
  <color>
   Красный
  </color>
  <material>
   Хлопок
  </material>
  <price>
   706552
  </price>
  <rating>
   1.89
  </rating>
  <reviews>
   265094
  </reviews>
  <new>
   +
  </new>
 </clothing>
 <clothing>
  <id>
   593875634
  </id>
  <name>
   Adidas Jeans Z-4861
  </name>
  <category>
   Jeans
  </category>
  <size>
   L
  </size>
  <color>
   Голубой
  </color>
  <material>
   Лен
  </material>
  <price>
   627440
  </price>
  <rating>
   5.0
  </rating>
  <reviews>
   283410
  </reviews>
 </clothing>
 <clothing>
  <id>
   847561609
  </id>
  <name>
   Brooks Blouse J-2379
  </name>
  <category>
   Blouse
  </category>
  <size>
   XL
  </size>
  <color>
   Оранжевый
  </color>
  <material>
   Шелк
  </material>
  <price>
   568668
  </price>
  <rating>
   3.68
  </rating>
  <reviews>
   672858
  </reviews>
  <sporty>
   yes
  </sporty>
 </clothing>
 <clothing>
  <id>
   547434222
  </id>
  <name>
   Lacoste Sweater B-9379
  </name>
  <category>
   Sweater
  </category>
  <size>
   XL
  </size>
  <color>
   Голубой
  </color>
  <material>
   Шерсть
  </material>
  <price>
   214669
  </price>
  <rating>
   2.19
  </rating>
  <reviews>
   714173
  </reviews>
  <new>
   -
  </new>
  <exclusive>
   yes
  </exclusive>
  <sporty>
   no
  </sporty>
 </clothing>
 <clothing>
  <id>
   321933376
  </id>
  <name>
   New Balance Blouse N-1950
  </name>
  <category>
   Blouse
  </category>
  <size>
   XXL
  </size>
  <color>
   Оранжевый
  </color>
  <material>
   Шелк
  </material>
  <price>
   431241
  </price>
  <rating>
   2.56
  </rating>
  <reviews>
   82556
  </reviews>
  <new>
   -
  </new>
  <sporty>
   no
  </sporty>
 </clothing>
 <clothing>
  <id>
   833879926
  </id>
  <name>
   Reebok Umbrellas N-4619
  </name>
  <category>
   Umbrellas
  </category>
  <size>
   S
  </size>
  <color>
   Желтый
  </color>
  <material>
   Лен
  </material>
  <price>
   156707
  </price>
  <rating>
   2.03
  </rating>
  <reviews>
   899194
  </reviews>
  <sporty>
   no
  </sporty>
 </clothing>
 <clothing>
  <id>
   813223551
  </id>
  <name>
   Adidas Belts Q-1752
  </name>
  <category>
   Belts
  </category>
  <size>
   XL
  </size>
  <color>
   Фиолетовый
  </color>
  <material>
   Шерсть
  </material>
  <price>
   626540
  </price>
  <rating>
   3.42
  </rating>
  <reviews>
   660603
  </reviews>
  <exclusive>
   no
  </exclusive>
 </clothing>
 <clothing>
  <id>
   124575891
  </id>
  <name>
   Nike Pants P-9656
  </name>
  <category>
   Pants
  </category>
  <size>
   XXL
  </size>
  <color>
   Оранжевый
  </color>
  <material>
   Нейлон
  </material>
  <price>
   873752
  </price>
  <rating>
   1.84
  </rating>
  <reviews>
   969477
  </reviews>
  <new>
   +
  </new>
  <sporty>
   yes
  </sporty>
 </clothing>
 <clothing>
  <id>
   101737428
  </id>
  <name>
   Under Armour Dress O-6287
  </name>
  <category>
   Dress
  </category>
  <size>
   M
  </size>
  <color>
   Красный
  </color>
  <material>
   Шелк
  </material>
  <price>
   292970
  </price>
  <rating>
   3.12
  </rating>
  <reviews>
   401089
  </reviews>
  <sporty>
   no
  </sporty>
 </clothing>
 <clothing>
  <id>
   506982671
  </id>
  <name>
   Puma Skirt N-9632
  </name>
  <category>
   Skirt
  </category>
  <size>
   M
  </size>
  <color>
   Красный
  </color>
  <material>
   Шелк
  </material>
  <price>
   743912
  </price>
  <rating>
   1.97
  </rating>
  <reviews>
   211949
  </reviews>
  <exclusive>
   no
  </exclusive>
 </clothing>
 <clothing>
  <id>
   397819917
  </id>
  <name>
   Converse Hat R-8750
  </name>
  <category>
   Hat
  </category>
  <size>
   M
  </size>
  <color>
   Синий
  </color>
  <material>
   Лен
  </material>
  <price>
   710371
  </price>
  <rating>
   3.98
  </rating>
  <reviews>
   199303
  </reviews>
 </clothing>
 <clothing>
  <id>
   206811618
  </id>
  <name>
   PleinSport Jacket Q-8019
  </name>
  <category>
   Jacket
  </category>
  <size>
   XL
  </size>
  <color>
   Желтый
  </color>
  <material>
   Лен
  </material>
  <price>
   146573
  </price>
  <rating>
   2.4
  </rating>
  <reviews>
   309242
  </reviews>
  <sporty>
   yes
  </sporty>
 </clothing>
 <clothing>
  <id>
   673650299
  </id>
  <name>
   DC Sweater P-5536
  </name>
  <category>
   Sweater
  </category>
  <size>
   M
  </size>
  <color>
   Зеленый
  </color>
  <material>
   Нейлон
  </material>
  <price>
   612672
  </price>
  <rating>
   3.05
  </rating>
  <reviews>
   630332
  </reviews>
  <new>
   -
  </new>
  <exclusive>
   yes
  </exclusive>
 </clothing>
 <clothing>
  <id>
   393820615
  </id>
  <name>
   Adidas Shoes Y-7685
  </name>
  <category>
   Shoes
  </category>
  <size>
   M
  </size>
  <color>
   Красный
  </color>
  <material>
   Шелк
  </material>
  <price>
   429954
  </price>
  <rating>
   3.76
  </rating>
  <reviews>
   785560
  </reviews>
  <new>
   -
  </new>
  <sporty>
   no
  </sporty>
 </clothing>
</clothing-items>
