<?xml version="1.0" encoding="utf-8"?>
<clothing-items>
 <clothing>
  <id>
   102922814
  </id>
  <name>
   PleinSport Jacket D-6910
  </name>
  <category>
   Jacket
  </category>
  <size>
   S
  </size>
  <color>
   Зеленый
  </color>
  <material>
   Вискоза
  </material>
  <price>
   455266
  </price>
  <rating>
   2.88
  </rating>
  <reviews>
   111339
  </reviews>
  <exclusive>
   no
  </exclusive>
  <sporty>
   no
  </sporty>
 </clothing>
 <clothing>
  <id>
   382584916
  </id>
  <name>
   Converse Gloves V-1870
  </name>
  <category>
   Gloves
  </category>
  <size>
   XXL
  </size>
  <color>
   Зеленый
  </color>
  <material>
   Кожа
  </material>
  <price>
   706258
  </price>
  <rating>
   2.53
  </rating>
  <reviews>
   614393
  </reviews>
 </clothing>
 <clothing>
  <id>
   291334707
  </id>
  <name>
   Nike Belts D-1322
  </name>
  <category>
   Belts
  </category>
  <size>
   S
  </size>
  <color>
   Фиолетовый
  </color>
  <material>
   Вискоза
  </material>
  <price>
   148122
  </price>
  <rating>
   3.55
  </rating>
  <reviews>
   497912
  </reviews>
  <exclusive>
   no
  </exclusive>
 </clothing>
 <clothing>
  <id>
   610695491
  </id>
  <name>
   Fila Handbags L-6906
  </name>
  <category>
   Handbags
  </category>
  <size>
   XXL
  </size>
  <color>
   Голубой
  </color>
  <material>
   Хлопок
  </material>
  <price>
   724358
  </price>
  <rating>
   2.89
  </rating>
  <reviews>
   832219
  </reviews>
  <exclusive>
   no
  </exclusive>
  <sporty>
   yes
  </sporty>
 </clothing>
 <clothing>
  <id>
   389266736
  </id>
  <name>
   Reebok Umbrellas F-7801
  </name>
  <category>
   Umbrellas
  </category>
  <size>
   XXL
  </size>
  <color>
   Оранжевый
  </color>
  <material>
   Полиэстер
  </material>
  <price>
   157500
  </price>
  <rating>
   2.31
  </rating>
  <reviews>
   379574
  </reviews>
  <new>
   -
  </new>
  <exclusive>
   no
  </exclusive>
 </clothing>
 <clothing>
  <id>
   165311413
  </id>
  <name>
   Converse Skirt K-5537
  </name>
  <category>
   Skirt
  </category>
  <size>
   M
  </size>
  <color>
   Оранжевый
  </color>
  <material>
   Шелк
  </material>
  <price>
   644019
  </price>
  <rating>
   2.88
  </rating>
  <reviews>
   877101
  </reviews>
  <sporty>
   yes
  </sporty>
 </clothing>
 <clothing>
  <id>
   700204124
  </id>
  <name>
   Addidas Shirt H-2757
  </name>
  <category>
   Shirt
  </category>
  <size>
   L
  </size>
  <color>
   Желтый
  </color>
  <material>
   Нейлон
  </material>
  <price>
   988007
  </price>
  <rating>
   3.64
  </rating>
  <reviews>
   255779
  </reviews>
  <new>
   -
  </new>
  <exclusive>
   no
  </exclusive>
  <sporty>
   yes
  </sporty>
 </clothing>
 <clothing>
  <id>
   222262869
  </id>
  <name>
   Brooks Skirt T-5856
  </name>
  <category>
   Skirt
  </category>
  <size>
   XL
  </size>
  <color>
   Фиолетовый
  </color>
  <material>
   Вискоза
  </material>
  <price>
   406423
  </price>
  <rating>
   4.66
  </rating>
  <reviews>
   100833
  </reviews>
  <new>
   -
  </new>
  <sporty>
   no
  </sporty>
 </clothing>
 <clothing>
  <id>
   815749981
  </id>
  <name>
   Adidas Skirt K-4420
  </name>
  <category>
   Skirt
  </category>
  <size>
   S
  </size>
  <color>
   Фиолетовый
  </color>
  <material>
   Лен
  </material>
  <price>
   129129
  </price>
  <rating>
   1.06
  </rating>
  <reviews>
   950244
  </reviews>
  <new>
   -
  </new>
  <exclusive>
   no
  </exclusive>
  <sporty>
   yes
  </sporty>
 </clothing>
 <clothing>
  <id>
   871029032
  </id>
  <name>
   DC Pants R-1372
  </name>
  <category>
   Pants
  </category>
  <size>
   XXL
  </size>
  <color>
   Голубой
  </color>
  <material>
   Вискоза
  </material>
  <price>
   777139
  </price>
  <rating>
   2.73
  </rating>
  <reviews>
   978524
  </reviews>
  <new>
   -
  </new>
  <exclusive>
   no
  </exclusive>
  <sporty>
   no
  </sporty>
 </clothing>
 <clothing>
  <id>
   296435462
  </id>
  <name>
   Puma Handbags S-1919
  </name>
  <category>
   Handbags
  </category>
  <size>
   XL
  </size>
  <color>
   Фиолетовый
  </color>
  <material>
   Кожа
  </material>
  <price>
   134321
  </price>
  <rating>
   3.75
  </rating>
  <reviews>
   47671
  </reviews>
  <exclusive>
   no
  </exclusive>
 </clothing>
 <clothing>
  <id>
   631077864
  </id>
  <name>
   DC Pants N-7116
  </name>
  <category>
   Pants
  </category>
  <size>
   XXL
  </size>
  <color>
   Синий
  </color>
  <material>
   Шерсть
  </material>
  <price>
   618119
  </price>
  <rating>
   2.37
  </rating>
  <reviews>
   632345
  </reviews>
  <exclusive>
   yes
  </exclusive>
  <sporty>
   no
  </sporty>
 </clothing>
 <clothing>
  <id>
   895326801
  </id>
  <name>
   Ellesse Shirt X-4170
  </name>
  <category>
   Shirt
  </category>
  <size>
   L
  </size>
  <color>
   Красный
  </color>
  <material>
   Кожа
  </material>
  <price>
   506469
  </price>
  <rating>
   1.82
  </rating>
  <reviews>
   113303
  </reviews>
  <sporty>
   no
  </sporty>
 </clothing>
 <clothing>
  <id>
   821473923
  </id>
  <name>
   Under Armour Gloves D-1336
  </name>
  <category>
   Gloves
  </category>
  <size>
   M
  </size>
  <color>
   Оранжевый
  </color>
  <material>
   Полиэстер
  </material>
  <price>
   174331
  </price>
  <rating>
   2.43
  </rating>
  <reviews>
   565459
  </reviews>
  <exclusive>
   no
  </exclusive>
  <sporty>
   yes
  </sporty>
 </clothing>
 <clothing>
  <id>
   306105178
  </id>
  <name>
   Reebok Belts H-1277
  </name>
  <category>
   Belts
  </category>
  <size>
   XL
  </size>
  <color>
   Зеленый
  </color>
  <material>
   Шерсть
  </material>
  <price>
   184293
  </price>
  <rating>
   1.99
  </rating>
  <reviews>
   586483
  </reviews>
  <new>
   -
  </new>
  <sporty>
   yes
  </sporty>
 </clothing>
 <clothing>
  <id>
   157528549
  </id>
  <name>
   Vans Jeans O-9005
  </name>
  <category>
   Jeans
  </category>
  <size>
   XXL
  </size>
  <color>
   Желтый
  </color>
  <material>
   Шелк
  </material>
  <price>
   705649
  </price>
  <rating>
   1.75
  </rating>
  <reviews>
   403058
  </reviews>
  <new>
   +
  </new>
  <exclusive>
   no
  </exclusive>
 </clothing>
 <clothing>
  <id>
   574708883
  </id>
  <name>
   Lacoste Handbags A-4287
  </name>
  <category>
   Handbags
  </category>
  <size>
   L
  </size>
  <color>
   Красный
  </color>
  <material>
   Лен
  </material>
  <price>
   256516
  </price>
  <rating>
   2.86
  </rating>
  <reviews>
   392413
  </reviews>
  <new>
   -
  </new>
  <sporty>
   no
  </sporty>
 </clothing>
 <clothing>
  <id>
   112969479
  </id>
  <name>
   Vans Skirt H-5426
  </name>
  <category>
   Skirt
  </category>
  <size>
   M
  </size>
  <color>
   Фиолетовый
  </color>
  <material>
   Шелк
  </material>
  <price>
   734663
  </price>
  <rating>
   2.79
  </rating>
  <reviews>
   691542
  </reviews>
  <new>
   -
  </new>
  <exclusive>
   no
  </exclusive>
  <sporty>
   no
  </sporty>
 </clothing>
 <clothing>
  <id>
   195841255
  </id>
  <name>
   Adidas Handbags O-8481
  </name>
  <category>
   Handbags
  </category>
  <size>
   M
  </size>
  <color>
   Синий
  </color>
  <material>
   Шелк
  </material>
  <price>
   525791
  </price>
  <rating>
   4.15
  </rating>
  <reviews>
   830513
  </reviews>
  <new>
   -
  </new>
  <exclusive>
   yes
  </exclusive>
 </clothing>
 <clothing>
  <id>
   967405578
  </id>
  <name>
   Puma Socks M-5777
  </name>
  <category>
   Socks
  </category>
  <size>
   M
  </size>
  <color>
   Фиолетовый
  </color>
  <material>
   Вискоза
  </material>
  <price>
   662431
  </price>
  <rating>
   1.6
  </rating>
  <reviews>
   242287
  </reviews>
  <new>
   -
  </new>
  <exclusive>
   yes
  </exclusive>
  <sporty>
   no
  </sporty>
 </clothing>
 <clothing>
  <id>
   116234508
  </id>
  <name>
   Lacoste Gloves O-1925
  </name>
  <category>
   Gloves
  </category>
  <size>
   S
  </size>
  <color>
   Зеленый
  </color>
  <material>
   Полиэстер
  </material>
  <price>
   773835
  </price>
  <rating>
   4.7
  </rating>
  <reviews>
   933464
  </reviews>
 </clothing>
 <clothing>
  <id>
   566156219
  </id>
  <name>
   New Balance Pants L-1604
  </name>
  <category>
   Pants
  </category>
  <size>
   M
  </size>
  <color>
   Красный
  </color>
  <material>
   Кожа
  </material>
  <price>
   125478
  </price>
  <rating>
   1.71
  </rating>
  <reviews>
   33913
  </reviews>
  <new>
   -
  </new>
 </clothing>
 <clothing>
  <id>
   340769589
  </id>
  <name>
   Ellesse Shirt P-9492
  </name>
  <category>
   Shirt
  </category>
  <size>
   L
  </size>
  <color>
   Оранжевый
  </color>
  <material>
   Лен
  </material>
  <price>
   453951
  </price>
  <rating>
   3.33
  </rating>
  <reviews>
   258149
  </reviews>
  <new>
   -
  </new>
  <exclusive>
   no
  </exclusive>
  <sporty>
   no
  </sporty>
 </clothing>
 <clothing>
  <id>
   719249173
  </id>
  <name>
   Puma Pants G-5159
  </name>
  <category>
   Pants
  </category>
  <size>
   L
  </size>
  <color>
   Желтый
  </color>
  <material>
   Вискоза
  </material>
  <price>
   704984
  </price>
  <rating>
   3.38
  </rating>
  <reviews>
   390483
  </reviews>
  <sporty>
   no
  </sporty>
 </clothing>
 <clothing>
  <id>
   263790083
  </id>
  <name>
   Puma Dress L-2001
  </name>
  <category>
   Dress
  </category>
  <size>
   S
  </size>
  <color>
   Голубой
  </color>
  <material>
   Нейлон
  </material>
  <price>
   288606
  </price>
  <rating>
   3.86
  </rating>
  <reviews>
   107700
  </reviews>
  <exclusive>
   no
  </exclusive>
 </clothing>
 <clothing>
  <id>
   140365871
  </id>
  <name>
   Adidas Sweater O-5683
  </name>
  <category>
   Sweater
  </category>
  <size>
   S
  </size>
  <color>
   Желтый
  </color>
  <material>
   Шерсть
  </material>
  <price>
   832866
  </price>
  <rating>
   3.04
  </rating>
  <reviews>
   47550
  </reviews>
  <new>
   -
  </new>
  <exclusive>
   no
  </exclusive>
 </clothing>
 <clothing>
  <id>
   405531833
  </id>
  <name>
   New Balance Blouse B-5407
  </name>
  <category>
   Blouse
  </category>
  <size>
   XL
  </size>
  <color>
   Синий
  </color>
  <material>
   Полиэстер
  </material>
  <price>
   297273
  </price>
  <rating>
   4.21
  </rating>
  <reviews>
   351119
  </reviews>
  <new>
   +
  </new>
  <exclusive>
   no
  </exclusive>
  <sporty>
   yes
  </sporty>
 </clothing>
 <clothing>
  <id>
   161169548
  </id>
  <name>
   DC Gloves S-8510
  </name>
  <category>
   Gloves
  </category>
  <size>
   L
  </size>
  <color>
   Красный
  </color>
  <material>
   Кожа
  </material>
  <price>
   165444
  </price>
  <rating>
   3.28
  </rating>
  <reviews>
   873418
  </reviews>
  <new>
   -
  </new>
  <exclusive>
   yes
  </exclusive>
  <sporty>
   no
  </sporty>
 </clothing>
 <clothing>
  <id>
   423511085
  </id>
  <name>
   PleinSport Dress J-8791
  </name>
  <category>
   Dress
  </category>
  <size>
   M
  </size>
  <color>
   Фиолетовый
  </color>
  <material>
   Вискоза
  </material>
  <price>
   865593
  </price>
  <rating>
   3.37
  </rating>
  <reviews>
   768495
  </reviews>
  <new>
   -
  </new>
  <exclusive>
   yes
  </exclusive>
 </clothing>
 <clothing>
  <id>
   586862010
  </id>
  <name>
   Converse Pants H-4332
  </name>
  <category>
   Pants
  </category>
  <size>
   XXL
  </size>
  <color>
   Голубой
  </color>
  <material>
   Шерсть
  </material>
  <price>
   171192
  </price>
  <rating>
   3.4
  </rating>
  <reviews>
   559783
  </reviews>
  <exclusive>
   no
  </exclusive>
  <sporty>
   yes
  </sporty>
 </clothing>
 <clothing>
  <id>
   100142130
  </id>
  <name>
   Reebok Shirt R-9571
  </name>
  <category>
   Shirt
  </category>
  <size>
   XL
  </size>
  <color>
   Оранжевый
  </color>
  <material>
   Нейлон
  </material>
  <price>
   976179
  </price>
  <rating>
   4.74
  </rating>
  <reviews>
   129933
  </reviews>
  <new>
   -
  </new>
  <exclusive>
   no
  </exclusive>
  <sporty>
   yes
  </sporty>
 </clothing>
 <clothing>
  <id>
   111901182
  </id>
  <name>
   DC Dress V-5092
  </name>
  <category>
   Dress
  </category>
  <size>
   XL
  </size>
  <color>
   Голубой
  </color>
  <material>
   Полиэстер
  </material>
  <price>
   476950
  </price>
  <rating>
   2.86
  </rating>
  <reviews>
   510040
  </reviews>
  <new>
   +
  </new>
  <exclusive>
   no
  </exclusive>
  <sporty>
   no
  </sporty>
 </clothing>
 <clothing>
  <id>
   267375434
  </id>
  <name>
   Converse Shoes U-8357
  </name>
  <category>
   Shoes
  </category>
  <size>
   XXL
  </size>
  <color>
   Красный
  </color>
  <material>
   Шерсть
  </material>
  <price>
   932976
  </price>
  <rating>
   4.4
  </rating>
  <reviews>
   662439
  </reviews>
  <new>
   -
  </new>
  <exclusive>
   no
  </exclusive>
  <sporty>
   yes
  </sporty>
 </clothing>
 <clothing>
  <id>
   234065946
  </id>
  <name>
   Fila Pants E-8931
  </name>
  <category>
   Pants
  </category>
  <size>
   S
  </size>
  <color>
   Желтый
  </color>
  <material>
   Шелк
  </material>
  <price>
   858535
  </price>
  <rating>
   3.66
  </rating>
  <reviews>
   930183
  </reviews>
  <new>
   +
  </new>
  <exclusive>
   yes
  </exclusive>
  <sporty>
   yes
  </sporty>
 </clothing>
 <clothing>
  <id>
   520737162
  </id>
  <name>
   New Balance Belts S-7038
  </name>
  <category>
   Belts
  </category>
  <size>
   L
  </size>
  <color>
   Фиолетовый
  </color>
  <material>
   Полиэстер
  </material>
  <price>
   490309
  </price>
  <rating>
   3.13
  </rating>
  <reviews>
   782595
  </reviews>
  <new>
   -
  </new>
  <exclusive>
   yes
  </exclusive>
  <sporty>
   no
  </sporty>
 </clothing>
 <clothing>
  <id>
   731288122
  </id>
  <name>
   Puma Handbags V-9256
  </name>
  <category>
   Handbags
  </category>
  <size>
   S
  </size>
  <color>
   Желтый
  </color>
  <material>
   Полиэстер
  </material>
  <price>
   898382
  </price>
  <rating>
   4.3
  </rating>
  <reviews>
   415058
  </reviews>
  <new>
   +
  </new>
  <exclusive>
   no
  </exclusive>
  <sporty>
   no
  </sporty>
 </clothing>
 <clothing>
  <id>
   962296896
  </id>
  <name>
   New Balance Pants H-7959
  </name>
  <category>
   Pants
  </category>
  <size>
   M
  </size>
  <color>
   Зеленый
  </color>
  <material>
   Лен
  </material>
  <price>
   781787
  </price>
  <rating>
   3.23
  </rating>
  <reviews>
   107469
  </reviews>
  <new>
   +
  </new>
  <sporty>
   yes
  </sporty>
 </clothing>
 <clothing>
  <id>
   457189675
  </id>
  <name>
   Converse Shirt V-6874
  </name>
  <category>
   Shirt
  </category>
  <size>
   XXL
  </size>
  <color>
   Красный
  </color>
  <material>
   Кожа
  </material>
  <price>
   889457
  </price>
  <rating>
   2.64
  </rating>
  <reviews>
   437317
  </reviews>
  <new>
   -
  </new>
  <exclusive>
   yes
  </exclusive>
  <sporty>
   yes
  </sporty>
 </clothing>
 <clothing>
  <id>
   637420457
  </id>
  <name>
   Puma Jacket J-1800
  </name>
  <category>
   Jacket
  </category>
  <size>
   M
  </size>
  <color>
   Красный
  </color>
  <material>
   Шелк
  </material>
  <price>
   472271
  </price>
  <rating>
   4.6
  </rating>
  <reviews>
   421677
  </reviews>
  <new>
   +
  </new>
  <exclusive>
   no
  </exclusive>
  <sporty>
   no
  </sporty>
 </clothing>
 <clothing>
  <id>
   429829407
  </id>
  <name>
   Nike Socks Q-2568
  </name>
  <category>
   Socks
  </category>
  <size>
   XXL
  </size>
  <color>
   Желтый
  </color>
  <material>
   Шерсть
  </material>
  <price>
   257498
  </price>
  <rating>
   4.06
  </rating>
  <reviews>
   762581
  </reviews>
  <exclusive>
   yes
  </exclusive>
 </clothing>
 <clothing>
  <id>
   895219227
  </id>
  <name>
   Converse Blouse Q-5339
  </name>
  <category>
   Blouse
  </category>
  <size>
   L
  </size>
  <color>
   Голубой
  </color>
  <material>
   Хлопок
  </material>
  <price>
   229464
  </price>
  <rating>
   2.74
  </rating>
  <reviews>
   356079
  </reviews>
  <new>
   -
  </new>
  <exclusive>
   no
  </exclusive>
 </clothing>
 <clothing>
  <id>
   623338180
  </id>
  <name>
   Lacoste Skirt I-6485
  </name>
  <category>
   Skirt
  </category>
  <size>
   M
  </size>
  <color>
   Синий
  </color>
  <material>
   Хлопок
  </material>
  <price>
   874560
  </price>
  <rating>
   4.34
  </rating>
  <reviews>
   301852
  </reviews>
  <exclusive>
   yes
  </exclusive>
 </clothing>
</clothing-items>
