<?xml version="1.0" encoding="utf-8"?>
<clothing-items>
 <clothing>
  <id>
   544930457
  </id>
  <name>
   Adidas Dress J-9245
  </name>
  <category>
   Dress
  </category>
  <size>
   XL
  </size>
  <color>
   Оранжевый
  </color>
  <material>
   Кожа
  </material>
  <price>
   942551
  </price>
  <rating>
   4.28
  </rating>
  <reviews>
   141709
  </reviews>
  <new>
   +
  </new>
  <exclusive>
   yes
  </exclusive>
 </clothing>
 <clothing>
  <id>
   218657789
  </id>
  <name>
   Vans T-shirt O-4804
  </name>
  <category>
   T-shirt
  </category>
  <size>
   XL
  </size>
  <color>
   Желтый
  </color>
  <material>
   Полиэстер
  </material>
  <price>
   176574
  </price>
  <rating>
   3.72
  </rating>
  <reviews>
   354977
  </reviews>
  <new>
   -
  </new>
  <exclusive>
   no
  </exclusive>
 </clothing>
 <clothing>
  <id>
   164510119
  </id>
  <name>
   Lacoste Belts C-7671
  </name>
  <category>
   Belts
  </category>
  <size>
   S
  </size>
  <color>
   Голубой
  </color>
  <material>
   Нейлон
  </material>
  <price>
   829239
  </price>
  <rating>
   1.32
  </rating>
  <reviews>
   336973
  </reviews>
  <new>
   -
  </new>
  <exclusive>
   yes
  </exclusive>
  <sporty>
   no
  </sporty>
 </clothing>
 <clothing>
  <id>
   674233769
  </id>
  <name>
   Adidas Shoes H-2764
  </name>
  <category>
   Shoes
  </category>
  <size>
   S
  </size>
  <color>
   Красный
  </color>
  <material>
   Нейлон
  </material>
  <price>
   750869
  </price>
  <rating>
   2.9
  </rating>
  <reviews>
   120066
  </reviews>
  <exclusive>
   yes
  </exclusive>
  <sporty>
   yes
  </sporty>
 </clothing>
 <clothing>
  <id>
   357233153
  </id>
  <name>
   Adidas Gloves L-2877
  </name>
  <category>
   Gloves
  </category>
  <size>
   XL
  </size>
  <color>
   Красный
  </color>
  <material>
   Вискоза
  </material>
  <price>
   382799
  </price>
  <rating>
   1.45
  </rating>
  <reviews>
   746114
  </reviews>
  <new>
   +
  </new>
  <exclusive>
   no
  </exclusive>
 </clothing>
 <clothing>
  <id>
   554132265
  </id>
  <name>
   Asics Dress T-3660
  </name>
  <category>
   Dress
  </category>
  <size>
   XXL
  </size>
  <color>
   Красный
  </color>
  <material>
   Полиэстер
  </material>
  <price>
   603015
  </price>
  <rating>
   2.53
  </rating>
  <reviews>
   816867
  </reviews>
  <exclusive>
   yes
  </exclusive>
 </clothing>
 <clothing>
  <id>
   540679142
  </id>
  <name>
   Vans Shoes O-9126
  </name>
  <category>
   Shoes
  </category>
  <size>
   S
  </size>
  <color>
   Голубой
  </color>
  <material>
   Шелк
  </material>
  <price>
   265389
  </price>
  <rating>
   4.53
  </rating>
  <reviews>
   364419
  </reviews>
  <exclusive>
   no
  </exclusive>
  <sporty>
   no
  </sporty>
 </clothing>
 <clothing>
  <id>
   570356169
  </id>
  <name>
   DC Belts O-5922
  </name>
  <category>
   Belts
  </category>
  <size>
   M
  </size>
  <color>
   Голубой
  </color>
  <material>
   Лен
  </material>
  <price>
   265138
  </price>
  <rating>
   1.54
  </rating>
  <reviews>
   1381
  </reviews>
  <new>
   -
  </new>
  <exclusive>
   no
  </exclusive>
 </clothing>
 <clothing>
  <id>
   386969298
  </id>
  <name>
   Vans Jeans Q-9953
  </name>
  <category>
   Jeans
  </category>
  <size>
   M
  </size>
  <color>
   Желтый
  </color>
  <material>
   Шелк
  </material>
  <price>
   990829
  </price>
  <rating>
   1.27
  </rating>
  <reviews>
   289605
  </reviews>
  <new>
   -
  </new>
  <exclusive>
   yes
  </exclusive>
 </clothing>
 <clothing>
  <id>
   384018415
  </id>
  <name>
   Adidas Shirt Q-5775
  </name>
  <category>
   Shirt
  </category>
  <size>
   S
  </size>
  <color>
   Красный
  </color>
  <material>
   Шелк
  </material>
  <price>
   126171
  </price>
  <rating>
   4.14
  </rating>
  <reviews>
   520335
  </reviews>
  <new>
   +
  </new>
  <sporty>
   yes
  </sporty>
 </clothing>
 <clothing>
  <id>
   309361716
  </id>
  <name>
   Puma Belts G-5381
  </name>
  <category>
   Belts
  </category>
  <size>
   M
  </size>
  <color>
   Фиолетовый
  </color>
  <material>
   Шелк
  </material>
  <price>
   466729
  </price>
  <rating>
   4.2
  </rating>
  <reviews>
   202146
  </reviews>
  <new>
   -
  </new>
  <exclusive>
   no
  </exclusive>
 </clothing>
 <clothing>
  <id>
   525241751
  </id>
  <name>
   Vans Shirt X-4677
  </name>
  <category>
   Shirt
  </category>
  <size>
   S
  </size>
  <color>
   Синий
  </color>
  <material>
   Кожа
  </material>
  <price>
   146050
  </price>
  <rating>
   1.79
  </rating>
  <reviews>
   304716
  </reviews>
  <new>
   -
  </new>
  <exclusive>
   no
  </exclusive>
 </clothing>
 <clothing>
  <id>
   687543650
  </id>
  <name>
   Reebok Hat H-2133
  </name>
  <category>
   Hat
  </category>
  <size>
   M
  </size>
  <color>
   Оранжевый
  </color>
  <material>
   Лен
  </material>
  <price>
   353885
  </price>
  <rating>
   4.62
  </rating>
  <reviews>
   863035
  </reviews>
  <new>
   -
  </new>
  <sporty>
   no
  </sporty>
 </clothing>
 <clothing>
  <id>
   312345925
  </id>
  <name>
   Vans Jacket X-7882
  </name>
  <category>
   Jacket
  </category>
  <size>
   XL
  </size>
  <color>
   Красный
  </color>
  <material>
   Вискоза
  </material>
  <price>
   399504
  </price>
  <rating>
   2.14
  </rating>
  <reviews>
   378176
  </reviews>
  <exclusive>
   no
  </exclusive>
 </clothing>
 <clothing>
  <id>
   630430663
  </id>
  <name>
   Puma Gloves X-1152
  </name>
  <category>
   Gloves
  </category>
  <size>
   M
  </size>
  <color>
   Красный
  </color>
  <material>
   Лен
  </material>
  <price>
   521088
  </price>
  <rating>
   2.8
  </rating>
  <reviews>
   432343
  </reviews>
  <new>
   +
  </new>
 </clothing>
 <clothing>
  <id>
   947314216
  </id>
  <name>
   Asics Skirt Y-1392
  </name>
  <category>
   Skirt
  </category>
  <size>
   XXL
  </size>
  <color>
   Фиолетовый
  </color>
  <material>
   Кожа
  </material>
  <price>
   155092
  </price>
  <rating>
   1.11
  </rating>
  <reviews>
   401167
  </reviews>
  <exclusive>
   yes
  </exclusive>
 </clothing>
 <clothing>
  <id>
   800921526
  </id>
  <name>
   DC Hat J-9726
  </name>
  <category>
   Hat
  </category>
  <size>
   S
  </size>
  <color>
   Желтый
  </color>
  <material>
   Полиэстер
  </material>
  <price>
   830941
  </price>
  <rating>
   1.08
  </rating>
  <reviews>
   678501
  </reviews>
  <new>
   +
  </new>
  <sporty>
   no
  </sporty>
 </clothing>
 <clothing>
  <id>
   822878050
  </id>
  <name>
   Fila Blouse X-7168
  </name>
  <category>
   Blouse
  </category>
  <size>
   M
  </size>
  <color>
   Зеленый
  </color>
  <material>
   Хлопок
  </material>
  <price>
   984401
  </price>
  <rating>
   2.47
  </rating>
  <reviews>
   994920
  </reviews>
  <new>
   +
  </new>
  <exclusive>
   yes
  </exclusive>
  <sporty>
   no
  </sporty>
 </clothing>
 <clothing>
  <id>
   131277309
  </id>
  <name>
   Addidas Dress Y-1311
  </name>
  <category>
   Dress
  </category>
  <size>
   XXL
  </size>
  <color>
   Голубой
  </color>
  <material>
   Шерсть
  </material>
  <price>
   951313
  </price>
  <rating>
   2.7
  </rating>
  <reviews>
   938330
  </reviews>
  <new>
   -
  </new>
  <exclusive>
   no
  </exclusive>
  <sporty>
   no
  </sporty>
 </clothing>
 <clothing>
  <id>
   284004242
  </id>
  <name>
   PleinSport Jeans D-5890
  </name>
  <category>
   Jeans
  </category>
  <size>
   XL
  </size>
  <color>
   Оранжевый
  </color>
  <material>
   Шелк
  </material>
  <price>
   911714
  </price>
  <rating>
   4.58
  </rating>
  <reviews>
   649286
  </reviews>
  <new>
   +
  </new>
  <exclusive>
   yes
  </exclusive>
 </clothing>
 <clothing>
  <id>
   853413325
  </id>
  <name>
   Brooks Socks U-8793
  </name>
  <category>
   Socks
  </category>
  <size>
   L
  </size>
  <color>
   Красный
  </color>
  <material>
   Лен
  </material>
  <price>
   299316
  </price>
  <rating>
   4.01
  </rating>
  <reviews>
   24251
  </reviews>
  <new>
   +
  </new>
  <exclusive>
   no
  </exclusive>
  <sporty>
   no
  </sporty>
 </clothing>
 <clothing>
  <id>
   555060220
  </id>
  <name>
   Vans Jacket W-1750
  </name>
  <category>
   Jacket
  </category>
  <size>
   XXL
  </size>
  <color>
   Фиолетовый
  </color>
  <material>
   Вискоза
  </material>
  <price>
   402719
  </price>
  <rating>
   1.32
  </rating>
  <reviews>
   559586
  </reviews>
  <exclusive>
   yes
  </exclusive>
  <sporty>
   no
  </sporty>
 </clothing>
 <clothing>
  <id>
   276815538
  </id>
  <name>
   Reebok Hat Q-2659
  </name>
  <category>
   Hat
  </category>
  <size>
   S
  </size>
  <color>
   Фиолетовый
  </color>
  <material>
   Нейлон
  </material>
  <price>
   231658
  </price>
  <rating>
   2.63
  </rating>
  <reviews>
   753100
  </reviews>
  <new>
   -
  </new>
  <exclusive>
   no
  </exclusive>
 </clothing>
 <clothing>
  <id>
   706787170
  </id>
  <name>
   Ellesse Shoes W-1185
  </name>
  <category>
   Shoes
  </category>
  <size>
   L
  </size>
  <color>
   Фиолетовый
  </color>
  <material>
   Шелк
  </material>
  <price>
   110686
  </price>
  <rating>
   3.66
  </rating>
  <reviews>
   626315
  </reviews>
  <exclusive>
   yes
  </exclusive>
 </clothing>
 <clothing>
  <id>
   328460585
  </id>
  <name>
   Ellesse Jacket G-4524
  </name>
  <category>
   Jacket
  </category>
  <size>
   S
  </size>
  <color>
   Голубой
  </color>
  <material>
   Вискоза
  </material>
  <price>
   633413
  </price>
  <rating>
   2.63
  </rating>
  <reviews>
   415478
  </reviews>
  <exclusive>
   no
  </exclusive>
  <sporty>
   yes
  </sporty>
 </clothing>
 <clothing>
  <id>
   932469087
  </id>
  <name>
   Puma Shirt Y-5732
  </name>
  <category>
   Shirt
  </category>
  <size>
   L
  </size>
  <color>
   Красный
  </color>
  <material>
   Нейлон
  </material>
  <price>
   459295
  </price>
  <rating>
   1.72
  </rating>
  <reviews>
   970439
  </reviews>
  <exclusive>
   yes
  </exclusive>
  <sporty>
   no
  </sporty>
 </clothing>
 <clothing>
  <id>
   183806423
  </id>
  <name>
   DC T-shirt S-4223
  </name>
  <category>
   T-shirt
  </category>
  <size>
   XL
  </size>
  <color>
   Фиолетовый
  </color>
  <material>
   Полиэстер
  </material>
  <price>
   502273
  </price>
  <rating>
   3.89
  </rating>
  <reviews>
   921526
  </reviews>
  <sporty>
   yes
  </sporty>
 </clothing>
 <clothing>
  <id>
   328621816
  </id>
  <name>
   Adidas Shirt V-1861
  </name>
  <category>
   Shirt
  </category>
  <size>
   L
  </size>
  <color>
   Фиолетовый
  </color>
  <material>
   Нейлон
  </material>
  <price>
   679557
  </price>
  <rating>
   2.52
  </rating>
  <reviews>
   86850
  </reviews>
  <exclusive>
   no
  </exclusive>
  <sporty>
   yes
  </sporty>
 </clothing>
 <clothing>
  <id>
   444217334
  </id>
  <name>
   Under Armour Socks W-4143
  </name>
  <category>
   Socks
  </category>
  <size>
   M
  </size>
  <color>
   Зеленый
  </color>
  <material>
   Лен
  </material>
  <price>
   809579
  </price>
  <rating>
   3.85
  </rating>
  <reviews>
   767132
  </reviews>
  <new>
   +
  </new>
  <exclusive>
   yes
  </exclusive>
  <sporty>
   yes
  </sporty>
 </clothing>
 <clothing>
  <id>
   122958727
  </id>
  <name>
   Ellesse Belts A-1236
  </name>
  <category>
   Belts
  </category>
  <size>
   M
  </size>
  <color>
   Голубой
  </color>
  <material>
   Кожа
  </material>
  <price>
   805990
  </price>
  <rating>
   1.18
  </rating>
  <reviews>
   348234
  </reviews>
  <new>
   -
  </new>
  <sporty>
   yes
  </sporty>
 </clothing>
 <clothing>
  <id>
   739482508
  </id>
  <name>
   DC Skirt C-9077
  </name>
  <category>
   Skirt
  </category>
  <size>
   M
  </size>
  <color>
   Фиолетовый
  </color>
  <material>
   Шелк
  </material>
  <price>
   949499
  </price>
  <rating>
   4.73
  </rating>
  <reviews>
   22401
  </reviews>
  <new>
   +
  </new>
  <exclusive>
   yes
  </exclusive>
  <sporty>
   no
  </sporty>
 </clothing>
 <clothing>
  <id>
   116042179
  </id>
  <name>
   Lacoste Gloves U-2926
  </name>
  <category>
   Gloves
  </category>
  <size>
   XXL
  </size>
  <color>
   Синий
  </color>
  <material>
   Вискоза
  </material>
  <price>
   506493
  </price>
  <rating>
   3.35
  </rating>
  <reviews>
   313057
  </reviews>
  <new>
   -
  </new>
  <sporty>
   no
  </sporty>
 </clothing>
 <clothing>
  <id>
   213191572
  </id>
  <name>
   Puma Shoes J-6365
  </name>
  <category>
   Shoes
  </category>
  <size>
   L
  </size>
  <color>
   Синий
  </color>
  <material>
   Шелк
  </material>
  <price>
   747916
  </price>
  <rating>
   2.26
  </rating>
  <reviews>
   600316
  </reviews>
  <new>
   -
  </new>
  <exclusive>
   no
  </exclusive>
  <sporty>
   yes
  </sporty>
 </clothing>
 <clothing>
  <id>
   786061795
  </id>
  <name>
   Addidas Shirt D-4435
  </name>
  <category>
   Shirt
  </category>
  <size>
   XXL
  </size>
  <color>
   Желтый
  </color>
  <material>
   Шелк
  </material>
  <price>
   410100
  </price>
  <rating>
   3.11
  </rating>
  <reviews>
   794671
  </reviews>
  <new>
   -
  </new>
  <sporty>
   yes
  </sporty>
 </clothing>
 <clothing>
  <id>
   257933664
  </id>
  <name>
   Nike Gloves U-9505
  </name>
  <category>
   Gloves
  </category>
  <size>
   XXL
  </size>
  <color>
   Зеленый
  </color>
  <material>
   Хлопок
  </material>
  <price>
   293419
  </price>
  <rating>
   3.61
  </rating>
  <reviews>
   630676
  </reviews>
  <sporty>
   yes
  </sporty>
 </clothing>
 <clothing>
  <id>
   117471132
  </id>
  <name>
   New Balance Jacket D-4823
  </name>
  <category>
   Jacket
  </category>
  <size>
   S
  </size>
  <color>
   Красный
  </color>
  <material>
   Нейлон
  </material>
  <price>
   631993
  </price>
  <rating>
   2.57
  </rating>
  <reviews>
   868467
  </reviews>
  <new>
   -
  </new>
  <exclusive>
   no
  </exclusive>
 </clothing>
 <clothing>
  <id>
   131491347
  </id>
  <name>
   Asics Hat B-2759
  </name>
  <category>
   Hat
  </category>
  <size>
   XL
  </size>
  <color>
   Голубой
  </color>
  <material>
   Вискоза
  </material>
  <price>
   696552
  </price>
  <rating>
   3.56
  </rating>
  <reviews>
   67672
  </reviews>
  <new>
   +
  </new>
  <exclusive>
   yes
  </exclusive>
 </clothing>
 <clothing>
  <id>
   147723475
  </id>
  <name>
   Nike Sweater M-8722
  </name>
  <category>
   Sweater
  </category>
  <size>
   XL
  </size>
  <color>
   Синий
  </color>
  <material>
   Лен
  </material>
  <price>
   353477
  </price>
  <rating>
   4.54
  </rating>
  <reviews>
   343749
  </reviews>
  <new>
   +
  </new>
  <exclusive>
   yes
  </exclusive>
  <sporty>
   yes
  </sporty>
 </clothing>
 <clothing>
  <id>
   274626283
  </id>
  <name>
   Puma Handbags W-9761
  </name>
  <category>
   Handbags
  </category>
  <size>
   S
  </size>
  <color>
   Зеленый
  </color>
  <material>
   Шелк
  </material>
  <price>
   161188
  </price>
  <rating>
   3.87
  </rating>
  <reviews>
   150346
  </reviews>
  <new>
   -
  </new>
  <exclusive>
   no
  </exclusive>
 </clothing>
</clothing-items>
