<?xml version="1.0" encoding="utf-8"?>
<clothing-items>
 <clothing>
  <id>
   293309824
  </id>
  <name>
   PleinSport Gloves F-5959
  </name>
  <category>
   Gloves
  </category>
  <size>
   XL
  </size>
  <color>
   Фиолетовый
  </color>
  <material>
   Нейлон
  </material>
  <price>
   935876
  </price>
  <rating>
   1.47
  </rating>
  <reviews>
   934974
  </reviews>
 </clothing>
 <clothing>
  <id>
   861841793
  </id>
  <name>
   DC Socks B-9577
  </name>
  <category>
   Socks
  </category>
  <size>
   S
  </size>
  <color>
   Желтый
  </color>
  <material>
   Нейлон
  </material>
  <price>
   780579
  </price>
  <rating>
   1.55
  </rating>
  <reviews>
   793825
  </reviews>
  <new>
   +
  </new>
  <exclusive>
   yes
  </exclusive>
 </clothing>
 <clothing>
  <id>
   410952374
  </id>
  <name>
   New Balance Jacket G-9824
  </name>
  <category>
   Jacket
  </category>
  <size>
   M
  </size>
  <color>
   Красный
  </color>
  <material>
   Нейлон
  </material>
  <price>
   734244
  </price>
  <rating>
   1.04
  </rating>
  <reviews>
   878304
  </reviews>
  <new>
   -
  </new>
  <exclusive>
   yes
  </exclusive>
  <sporty>
   no
  </sporty>
 </clothing>
 <clothing>
  <id>
   948367354
  </id>
  <name>
   Ellesse Blouse L-4010
  </name>
  <category>
   Blouse
  </category>
  <size>
   S
  </size>
  <color>
   Синий
  </color>
  <material>
   Лен
  </material>
  <price>
   673010
  </price>
  <rating>
   1.37
  </rating>
  <reviews>
   656450
  </reviews>
  <new>
   -
  </new>
  <sporty>
   yes
  </sporty>
 </clothing>
 <clothing>
  <id>
   908817359
  </id>
  <name>
   Under Armour Shirt Q-5763
  </name>
  <category>
   Shirt
  </category>
  <size>
   L
  </size>
  <color>
   Желтый
  </color>
  <material>
   Нейлон
  </material>
  <price>
   236319
  </price>
  <rating>
   4.32
  </rating>
  <reviews>
   486848
  </reviews>
  <new>
   -
  </new>
 </clothing>
 <clothing>
  <id>
   374447056
  </id>
  <name>
   Puma Shoes Q-1903
  </name>
  <category>
   Shoes
  </category>
  <size>
   M
  </size>
  <color>
   Голубой
  </color>
  <material>
   Кожа
  </material>
  <price>
   889172
  </price>
  <rating>
   2.0
  </rating>
  <reviews>
   662717
  </reviews>
  <exclusive>
   no
  </exclusive>
  <sporty>
   yes
  </sporty>
 </clothing>
 <clothing>
  <id>
   464623244
  </id>
  <name>
   Reebok Hat J-1372
  </name>
  <category>
   Hat
  </category>
  <size>
   L
  </size>
  <color>
   Красный
  </color>
  <material>
   Лен
  </material>
  <price>
   294155
  </price>
  <rating>
   4.46
  </rating>
  <reviews>
   82529
  </reviews>
  <new>
   -
  </new>
  <exclusive>
   no
  </exclusive>
 </clothing>
 <clothing>
  <id>
   856474495
  </id>
  <name>
   New Balance Jeans B-5585
  </name>
  <category>
   Jeans
  </category>
  <size>
   XL
  </size>
  <color>
   Желтый
  </color>
  <material>
   Вискоза
  </material>
  <price>
   715005
  </price>
  <rating>
   4.34
  </rating>
  <reviews>
   716075
  </reviews>
  <exclusive>
   no
  </exclusive>
  <sporty>
   no
  </sporty>
 </clothing>
 <clothing>
  <id>
   750454490
  </id>
  <name>
   Adidas Pants B-6977
  </name>
  <category>
   Pants
  </category>
  <size>
   XL
  </size>
  <color>
   Зеленый
  </color>
  <material>
   Вискоза
  </material>
  <price>
   945990
  </price>
  <rating>
   1.38
  </rating>
  <reviews>
   979919
  </reviews>
  <new>
   +
  </new>
  <sporty>
   yes
  </sporty>
 </clothing>
 <clothing>
  <id>
   915834432
  </id>
  <name>
   PleinSport Gloves O-5518
  </name>
  <category>
   Gloves
  </category>
  <size>
   XL
  </size>
  <color>
   Зеленый
  </color>
  <material>
   Полиэстер
  </material>
  <price>
   688713
  </price>
  <rating>
   3.65
  </rating>
  <reviews>
   719155
  </reviews>
  <new>
   +
  </new>
  <exclusive>
   yes
  </exclusive>
  <sporty>
   no
  </sporty>
 </clothing>
 <clothing>
  <id>
   525753461
  </id>
  <name>
   Reebok Sweater U-6591
  </name>
  <category>
   Sweater
  </category>
  <size>
   L
  </size>
  <color>
   Фиолетовый
  </color>
  <material>
   Шерсть
  </material>
  <price>
   871999
  </price>
  <rating>
   2.53
  </rating>
  <reviews>
   67272
  </reviews>
  <exclusive>
   no
  </exclusive>
 </clothing>
 <clothing>
  <id>
   438847021
  </id>
  <name>
   Puma Handbags J-1231
  </name>
  <category>
   Handbags
  </category>
  <size>
   M
  </size>
  <color>
   Желтый
  </color>
  <material>
   Кожа
  </material>
  <price>
   794726
  </price>
  <rating>
   3.56
  </rating>
  <reviews>
   357762
  </reviews>
  <exclusive>
   no
  </exclusive>
  <sporty>
   yes
  </sporty>
 </clothing>
 <clothing>
  <id>
   495464681
  </id>
  <name>
   New Balance Jacket G-2498
  </name>
  <category>
   Jacket
  </category>
  <size>
   S
  </size>
  <color>
   Желтый
  </color>
  <material>
   Полиэстер
  </material>
  <price>
   820422
  </price>
  <rating>
   1.77
  </rating>
  <reviews>
   768072
  </reviews>
  <new>
   +
  </new>
  <sporty>
   yes
  </sporty>
 </clothing>
 <clothing>
  <id>
   478905026
  </id>
  <name>
   Puma Gloves Y-2620
  </name>
  <category>
   Gloves
  </category>
  <size>
   L
  </size>
  <color>
   Голубой
  </color>
  <material>
   Вискоза
  </material>
  <price>
   301419
  </price>
  <rating>
   2.29
  </rating>
  <reviews>
   355885
  </reviews>
  <sporty>
   no
  </sporty>
 </clothing>
</clothing-items>
