<?xml version="1.0" encoding="utf-8"?>
<clothing-items>
 <clothing>
  <id>
   863386418
  </id>
  <name>
   Brooks Blouse S-2841
  </name>
  <category>
   Blouse
  </category>
  <size>
   S
  </size>
  <color>
   Фиолетовый
  </color>
  <material>
   Шерсть
  </material>
  <price>
   232779
  </price>
  <rating>
   1.52
  </rating>
  <reviews>
   150117
  </reviews>
  <new>
   -
  </new>
  <exclusive>
   no
  </exclusive>
  <sporty>
   no
  </sporty>
 </clothing>
 <clothing>
  <id>
   640929537
  </id>
  <name>
   Adidas Gloves Q-3433
  </name>
  <category>
   Gloves
  </category>
  <size>
   S
  </size>
  <color>
   Желтый
  </color>
  <material>
   Шелк
  </material>
  <price>
   106425
  </price>
  <rating>
   2.45
  </rating>
  <reviews>
   461522
  </reviews>
  <exclusive>
   no
  </exclusive>
 </clothing>
 <clothing>
  <id>
   455534246
  </id>
  <name>
   Asics T-shirt H-1095
  </name>
  <category>
   T-shirt
  </category>
  <size>
   M
  </size>
  <color>
   Зеленый
  </color>
  <material>
   Лен
  </material>
  <price>
   922359
  </price>
  <rating>
   3.59
  </rating>
  <reviews>
   192512
  </reviews>
  <new>
   +
  </new>
  <exclusive>
   yes
  </exclusive>
  <sporty>
   no
  </sporty>
 </clothing>
 <clothing>
  <id>
   239239600
  </id>
  <name>
   Adidas Skirt C-7622
  </name>
  <category>
   Skirt
  </category>
  <size>
   XL
  </size>
  <color>
   Красный
  </color>
  <material>
   Шелк
  </material>
  <price>
   426451
  </price>
  <rating>
   4.49
  </rating>
  <reviews>
   968730
  </reviews>
  <new>
   -
  </new>
  <exclusive>
   no
  </exclusive>
 </clothing>
 <clothing>
  <id>
   580922393
  </id>
  <name>
   Puma Handbags B-6663
  </name>
  <category>
   Handbags
  </category>
  <size>
   M
  </size>
  <color>
   Зеленый
  </color>
  <material>
   Лен
  </material>
  <price>
   930385
  </price>
  <rating>
   2.9
  </rating>
  <reviews>
   873606
  </reviews>
  <new>
   +
  </new>
  <exclusive>
   yes
  </exclusive>
 </clothing>
 <clothing>
  <id>
   266497912
  </id>
  <name>
   New Balance Dress J-2226
  </name>
  <category>
   Dress
  </category>
  <size>
   S
  </size>
  <color>
   Фиолетовый
  </color>
  <material>
   Нейлон
  </material>
  <price>
   915797
  </price>
  <rating>
   1.69
  </rating>
  <reviews>
   994953
  </reviews>
  <new>
   +
  </new>
  <exclusive>
   yes
  </exclusive>
 </clothing>
 <clothing>
  <id>
   505981493
  </id>
  <name>
   Asics Shoes A-2547
  </name>
  <category>
   Shoes
  </category>
  <size>
   M
  </size>
  <color>
   Оранжевый
  </color>
  <material>
   Кожа
  </material>
  <price>
   831507
  </price>
  <rating>
   2.85
  </rating>
  <reviews>
   279143
  </reviews>
  <new>
   -
  </new>
  <exclusive>
   no
  </exclusive>
 </clothing>
 <clothing>
  <id>
   948544956
  </id>
  <name>
   Vans Pants A-2386
  </name>
  <category>
   Pants
  </category>
  <size>
   S
  </size>
  <color>
   Синий
  </color>
  <material>
   Хлопок
  </material>
  <price>
   416904
  </price>
  <rating>
   3.93
  </rating>
  <reviews>
   414617
  </reviews>
  <new>
   -
  </new>
 </clothing>
 <clothing>
  <id>
   405021674
  </id>
  <name>
   Lacoste Jacket P-8646
  </name>
  <category>
   Jacket
  </category>
  <size>
   L
  </size>
  <color>
   Синий
  </color>
  <material>
   Лен
  </material>
  <price>
   687504
  </price>
  <rating>
   1.77
  </rating>
  <reviews>
   933539
  </reviews>
  <new>
   +
  </new>
  <exclusive>
   no
  </exclusive>
 </clothing>
 <clothing>
  <id>
   223419402
  </id>
  <name>
   PleinSport T-shirt Y-7661
  </name>
  <category>
   T-shirt
  </category>
  <size>
   XL
  </size>
  <color>
   Красный
  </color>
  <material>
   Полиэстер
  </material>
  <price>
   485526
  </price>
  <rating>
   1.28
  </rating>
  <reviews>
   185370
  </reviews>
  <new>
   +
  </new>
  <exclusive>
   no
  </exclusive>
 </clothing>
 <clothing>
  <id>
   281398425
  </id>
  <name>
   Reebok Skirt N-6507
  </name>
  <category>
   Skirt
  </category>
  <size>
   XL
  </size>
  <color>
   Голубой
  </color>
  <material>
   Вискоза
  </material>
  <price>
   183114
  </price>
  <rating>
   4.86
  </rating>
  <reviews>
   369252
  </reviews>
  <new>
   -
  </new>
  <sporty>
   yes
  </sporty>
 </clothing>
 <clothing>
  <id>
   627868900
  </id>
  <name>
   Asics Belts I-5525
  </name>
  <category>
   Belts
  </category>
  <size>
   XL
  </size>
  <color>
   Желтый
  </color>
  <material>
   Вискоза
  </material>
  <price>
   155140
  </price>
  <rating>
   3.88
  </rating>
  <reviews>
   231756
  </reviews>
  <exclusive>
   no
  </exclusive>
 </clothing>
 <clothing>
  <id>
   410912728
  </id>
  <name>
   Vans Jacket I-5797
  </name>
  <category>
   Jacket
  </category>
  <size>
   S
  </size>
  <color>
   Оранжевый
  </color>
  <material>
   Лен
  </material>
  <price>
   940438
  </price>
  <rating>
   1.82
  </rating>
  <reviews>
   462342
  </reviews>
  <new>
   -
  </new>
  <sporty>
   no
  </sporty>
 </clothing>
 <clothing>
  <id>
   186292464
  </id>
  <name>
   Vans Socks M-6632
  </name>
  <category>
   Socks
  </category>
  <size>
   S
  </size>
  <color>
   Синий
  </color>
  <material>
   Нейлон
  </material>
  <price>
   855568
  </price>
  <rating>
   1.43
  </rating>
  <reviews>
   450806
  </reviews>
  <exclusive>
   no
  </exclusive>
 </clothing>
 <clothing>
  <id>
   964053467
  </id>
  <name>
   Vans Jeans P-2389
  </name>
  <category>
   Jeans
  </category>
  <size>
   M
  </size>
  <color>
   Оранжевый
  </color>
  <material>
   Полиэстер
  </material>
  <price>
   351320
  </price>
  <rating>
   1.1
  </rating>
  <reviews>
   579358
  </reviews>
  <new>
   -
  </new>
  <exclusive>
   no
  </exclusive>
 </clothing>
 <clothing>
  <id>
   472844829
  </id>
  <name>
   Ellesse Pants Q-3550
  </name>
  <category>
   Pants
  </category>
  <size>
   L
  </size>
  <color>
   Фиолетовый
  </color>
  <material>
   Кожа
  </material>
  <price>
   252046
  </price>
  <rating>
   1.86
  </rating>
  <reviews>
   867182
  </reviews>
  <exclusive>
   yes
  </exclusive>
  <sporty>
   no
  </sporty>
 </clothing>
 <clothing>
  <id>
   994690221
  </id>
  <name>
   Nike Jacket V-6654
  </name>
  <category>
   Jacket
  </category>
  <size>
   S
  </size>
  <color>
   Голубой
  </color>
  <material>
   Нейлон
  </material>
  <price>
   973941
  </price>
  <rating>
   2.34
  </rating>
  <reviews>
   255272
  </reviews>
  <sporty>
   yes
  </sporty>
 </clothing>
 <clothing>
  <id>
   607725472
  </id>
  <name>
   Nike Jeans M-3370
  </name>
  <category>
   Jeans
  </category>
  <size>
   S
  </size>
  <color>
   Фиолетовый
  </color>
  <material>
   Хлопок
  </material>
  <price>
   451833
  </price>
  <rating>
   2.05
  </rating>
  <reviews>
   144656
  </reviews>
  <new>
   -
  </new>
  <exclusive>
   no
  </exclusive>
  <sporty>
   yes
  </sporty>
 </clothing>
 <clothing>
  <id>
   864166192
  </id>
  <name>
   Brooks Umbrellas H-2544
  </name>
  <category>
   Umbrellas
  </category>
  <size>
   S
  </size>
  <color>
   Желтый
  </color>
  <material>
   Шелк
  </material>
  <price>
   360404
  </price>
  <rating>
   2.71
  </rating>
  <reviews>
   817882
  </reviews>
  <new>
   -
  </new>
  <exclusive>
   no
  </exclusive>
  <sporty>
   no
  </sporty>
 </clothing>
 <clothing>
  <id>
   478307400
  </id>
  <name>
   New Balance Jacket H-4407
  </name>
  <category>
   Jacket
  </category>
  <size>
   S
  </size>
  <color>
   Синий
  </color>
  <material>
   Шерсть
  </material>
  <price>
   117038
  </price>
  <rating>
   1.14
  </rating>
  <reviews>
   494049
  </reviews>
  <new>
   +
  </new>
 </clothing>
 <clothing>
  <id>
   933350095
  </id>
  <name>
   Adidas T-shirt D-8399
  </name>
  <category>
   T-shirt
  </category>
  <size>
   XXL
  </size>
  <color>
   Фиолетовый
  </color>
  <material>
   Вискоза
  </material>
  <price>
   158935
  </price>
  <rating>
   4.58
  </rating>
  <reviews>
   669990
  </reviews>
  <new>
   +
  </new>
 </clothing>
 <clothing>
  <id>
   409411186
  </id>
  <name>
   Brooks Blouse G-1663
  </name>
  <category>
   Blouse
  </category>
  <size>
   XL
  </size>
  <color>
   Зеленый
  </color>
  <material>
   Лен
  </material>
  <price>
   235375
  </price>
  <rating>
   2.45
  </rating>
  <reviews>
   391824
  </reviews>
  <sporty>
   yes
  </sporty>
 </clothing>
 <clothing>
  <id>
   849812132
  </id>
  <name>
   Nike T-shirt U-3448
  </name>
  <category>
   T-shirt
  </category>
  <size>
   L
  </size>
  <color>
   Фиолетовый
  </color>
  <material>
   Кожа
  </material>
  <price>
   864736
  </price>
  <rating>
   3.1
  </rating>
  <reviews>
   83654
  </reviews>
  <new>
   -
  </new>
  <exclusive>
   no
  </exclusive>
  <sporty>
   no
  </sporty>
 </clothing>
 <clothing>
  <id>
   616447968
  </id>
  <name>
   New Balance Gloves K-2440
  </name>
  <category>
   Gloves
  </category>
  <size>
   M
  </size>
  <color>
   Красный
  </color>
  <material>
   Кожа
  </material>
  <price>
   569832
  </price>
  <rating>
   3.88
  </rating>
  <reviews>
   375461
  </reviews>
  <new>
   -
  </new>
  <exclusive>
   no
  </exclusive>
  <sporty>
   no
  </sporty>
 </clothing>
 <clothing>
  <id>
   924553613
  </id>
  <name>
   Under Armour Blouse O-3939
  </name>
  <category>
   Blouse
  </category>
  <size>
   L
  </size>
  <color>
   Синий
  </color>
  <material>
   Шерсть
  </material>
  <price>
   256038
  </price>
  <rating>
   1.91
  </rating>
  <reviews>
   458706
  </reviews>
  <new>
   -
  </new>
  <sporty>
   no
  </sporty>
 </clothing>
 <clothing>
  <id>
   272082671
  </id>
  <name>
   Vans Blouse E-1955
  </name>
  <category>
   Blouse
  </category>
  <size>
   L
  </size>
  <color>
   Фиолетовый
  </color>
  <material>
   Полиэстер
  </material>
  <price>
   430812
  </price>
  <rating>
   2.93
  </rating>
  <reviews>
   713282
  </reviews>
  <new>
   -
  </new>
  <exclusive>
   no
  </exclusive>
 </clothing>
 <clothing>
  <id>
   984386651
  </id>
  <name>
   Ellesse Shoes Y-1603
  </name>
  <category>
   Shoes
  </category>
  <size>
   XXL
  </size>
  <color>
   Синий
  </color>
  <material>
   Нейлон
  </material>
  <price>
   517415
  </price>
  <rating>
   3.76
  </rating>
  <reviews>
   280704
  </reviews>
  <new>
   -
  </new>
  <sporty>
   yes
  </sporty>
 </clothing>
 <clothing>
  <id>
   591846890
  </id>
  <name>
   Converse Sweater N-2611
  </name>
  <category>
   Sweater
  </category>
  <size>
   L
  </size>
  <color>
   Красный
  </color>
  <material>
   Вискоза
  </material>
  <price>
   579256
  </price>
  <rating>
   3.75
  </rating>
  <reviews>
   228553
  </reviews>
  <new>
   -
  </new>
  <exclusive>
   yes
  </exclusive>
 </clothing>
 <clothing>
  <id>
   327804026
  </id>
  <name>
   Asics Blouse D-9767
  </name>
  <category>
   Blouse
  </category>
  <size>
   M
  </size>
  <color>
   Желтый
  </color>
  <material>
   Шелк
  </material>
  <price>
   549803
  </price>
  <rating>
   4.2
  </rating>
  <reviews>
   368407
  </reviews>
  <new>
   -
  </new>
  <exclusive>
   no
  </exclusive>
 </clothing>
 <clothing>
  <id>
   168643505
  </id>
  <name>
   Puma Dress J-6083
  </name>
  <category>
   Dress
  </category>
  <size>
   XL
  </size>
  <color>
   Оранжевый
  </color>
  <material>
   Нейлон
  </material>
  <price>
   270703
  </price>
  <rating>
   1.03
  </rating>
  <reviews>
   428379
  </reviews>
  <new>
   -
  </new>
  <sporty>
   no
  </sporty>
 </clothing>
 <clothing>
  <id>
   431693183
  </id>
  <name>
   Reebok Handbags E-4362
  </name>
  <category>
   Handbags
  </category>
  <size>
   XXL
  </size>
  <color>
   Оранжевый
  </color>
  <material>
   Шерсть
  </material>
  <price>
   821483
  </price>
  <rating>
   3.96
  </rating>
  <reviews>
   220756
  </reviews>
  <new>
   -
  </new>
  <sporty>
   yes
  </sporty>
 </clothing>
 <clothing>
  <id>
   741498602
  </id>
  <name>
   PleinSport Hat D-1676
  </name>
  <category>
   Hat
  </category>
  <size>
   L
  </size>
  <color>
   Желтый
  </color>
  <material>
   Хлопок
  </material>
  <price>
   391368
  </price>
  <rating>
   2.01
  </rating>
  <reviews>
   336396
  </reviews>
  <new>
   +
  </new>
 </clothing>
 <clothing>
  <id>
   466601178
  </id>
  <name>
   PleinSport Belts B-3275
  </name>
  <category>
   Belts
  </category>
  <size>
   M
  </size>
  <color>
   Фиолетовый
  </color>
  <material>
   Шелк
  </material>
  <price>
   687964
  </price>
  <rating>
   4.78
  </rating>
  <reviews>
   173423
  </reviews>
  <exclusive>
   no
  </exclusive>
  <sporty>
   yes
  </sporty>
 </clothing>
 <clothing>
  <id>
   825117171
  </id>
  <name>
   Lacoste Belts M-1021
  </name>
  <category>
   Belts
  </category>
  <size>
   XXL
  </size>
  <color>
   Фиолетовый
  </color>
  <material>
   Хлопок
  </material>
  <price>
   115248
  </price>
  <rating>
   4.21
  </rating>
  <reviews>
   910250
  </reviews>
  <new>
   -
  </new>
  <sporty>
   no
  </sporty>
 </clothing>
 <clothing>
  <id>
   575539237
  </id>
  <name>
   New Balance Dress L-2758
  </name>
  <category>
   Dress
  </category>
  <size>
   XL
  </size>
  <color>
   Красный
  </color>
  <material>
   Лен
  </material>
  <price>
   192141
  </price>
  <rating>
   4.62
  </rating>
  <reviews>
   589483
  </reviews>
  <exclusive>
   yes
  </exclusive>
 </clothing>
 <clothing>
  <id>
   885996935
  </id>
  <name>
   Puma Hat P-6132
  </name>
  <category>
   Hat
  </category>
  <size>
   S
  </size>
  <color>
   Желтый
  </color>
  <material>
   Лен
  </material>
  <price>
   522320
  </price>
  <rating>
   2.96
  </rating>
  <reviews>
   169413
  </reviews>
  <exclusive>
   no
  </exclusive>
 </clothing>
 <clothing>
  <id>
   167998198
  </id>
  <name>
   Nike Handbags H-7999
  </name>
  <category>
   Handbags
  </category>
  <size>
   L
  </size>
  <color>
   Фиолетовый
  </color>
  <material>
   Хлопок
  </material>
  <price>
   300030
  </price>
  <rating>
   1.53
  </rating>
  <reviews>
   849717
  </reviews>
  <new>
   +
  </new>
 </clothing>
 <clothing>
  <id>
   432644630
  </id>
  <name>
   New Balance T-shirt L-4186
  </name>
  <category>
   T-shirt
  </category>
  <size>
   XXL
  </size>
  <color>
   Синий
  </color>
  <material>
   Шерсть
  </material>
  <price>
   671976
  </price>
  <rating>
   1.84
  </rating>
  <reviews>
   346963
  </reviews>
  <exclusive>
   no
  </exclusive>
 </clothing>
 <clothing>
  <id>
   775374165
  </id>
  <name>
   Under Armour Shoes J-5085
  </name>
  <category>
   Shoes
  </category>
  <size>
   XXL
  </size>
  <color>
   Синий
  </color>
  <material>
   Нейлон
  </material>
  <price>
   405349
  </price>
  <rating>
   2.21
  </rating>
  <reviews>
   174830
  </reviews>
  <sporty>
   no
  </sporty>
 </clothing>
 <clothing>
  <id>
   459318753
  </id>
  <name>
   DC Skirt V-5678
  </name>
  <category>
   Skirt
  </category>
  <size>
   M
  </size>
  <color>
   Голубой
  </color>
  <material>
   Шерсть
  </material>
  <price>
   850948
  </price>
  <rating>
   3.99
  </rating>
  <reviews>
   438530
  </reviews>
  <new>
   +
  </new>
  <exclusive>
   no
  </exclusive>
 </clothing>
 <clothing>
  <id>
   302776363
  </id>
  <name>
   New Balance Socks V-1608
  </name>
  <category>
   Socks
  </category>
  <size>
   L
  </size>
  <color>
   Синий
  </color>
  <material>
   Нейлон
  </material>
  <price>
   158405
  </price>
  <rating>
   1.74
  </rating>
  <reviews>
   522514
  </reviews>
  <new>
   -
  </new>
  <sporty>
   no
  </sporty>
 </clothing>
 <clothing>
  <id>
   943318029
  </id>
  <name>
   Adidas Jacket B-9093
  </name>
  <category>
   Jacket
  </category>
  <size>
   M
  </size>
  <color>
   Красный
  </color>
  <material>
   Вискоза
  </material>
  <price>
   560062
  </price>
  <rating>
   1.25
  </rating>
  <reviews>
   349990
  </reviews>
  <sporty>
   no
  </sporty>
 </clothing>
 <clothing>
  <id>
   587868035
  </id>
  <name>
   Puma Blouse N-1328
  </name>
  <category>
   Blouse
  </category>
  <size>
   XXL
  </size>
  <color>
   Красный
  </color>
  <material>
   Кожа
  </material>
  <price>
   894055
  </price>
  <rating>
   3.02
  </rating>
  <reviews>
   80743
  </reviews>
  <exclusive>
   no
  </exclusive>
  <sporty>
   yes
  </sporty>
 </clothing>
 <clothing>
  <id>
   594463981
  </id>
  <name>
   Under Armour Sweater R-6740
  </name>
  <category>
   Sweater
  </category>
  <size>
   L
  </size>
  <color>
   Зеленый
  </color>
  <material>
   Полиэстер
  </material>
  <price>
   328548
  </price>
  <rating>
   1.36
  </rating>
  <reviews>
   909299
  </reviews>
  <exclusive>
   yes
  </exclusive>
  <sporty>
   no
  </sporty>
 </clothing>
 <clothing>
  <id>
   742793393
  </id>
  <name>
   DC Jacket V-5727
  </name>
  <category>
   Jacket
  </category>
  <size>
   M
  </size>
  <color>
   Желтый
  </color>
  <material>
   Шелк
  </material>
  <price>
   330863
  </price>
  <rating>
   1.02
  </rating>
  <reviews>
   407735
  </reviews>
  <new>
   -
  </new>
  <exclusive>
   yes
  </exclusive>
 </clothing>
 <clothing>
  <id>
   164481228
  </id>
  <name>
   Asics Jeans U-4034
  </name>
  <category>
   Jeans
  </category>
  <size>
   M
  </size>
  <color>
   Синий
  </color>
  <material>
   Вискоза
  </material>
  <price>
   456956
  </price>
  <rating>
   2.58
  </rating>
  <reviews>
   693129
  </reviews>
 </clothing>
</clothing-items>
