<?xml version="1.0" encoding="utf-8"?>
<clothing-items>
 <clothing>
  <id>
   818609981
  </id>
  <name>
   DC Hat T-9805
  </name>
  <category>
   Hat
  </category>
  <size>
   XXL
  </size>
  <color>
   Желтый
  </color>
  <material>
   Полиэстер
  </material>
  <price>
   935459
  </price>
  <rating>
   4.22
  </rating>
  <reviews>
   348433
  </reviews>
  <exclusive>
   no
  </exclusive>
 </clothing>
 <clothing>
  <id>
   731334375
  </id>
  <name>
   DC Pants W-4619
  </name>
  <category>
   Pants
  </category>
  <size>
   L
  </size>
  <color>
   Фиолетовый
  </color>
  <material>
   Шерсть
  </material>
  <price>
   826305
  </price>
  <rating>
   3.3
  </rating>
  <reviews>
   499548
  </reviews>
  <new>
   +
  </new>
  <exclusive>
   yes
  </exclusive>
  <sporty>
   yes
  </sporty>
 </clothing>
 <clothing>
  <id>
   572210789
  </id>
  <name>
   Asics Shirt U-9645
  </name>
  <category>
   Shirt
  </category>
  <size>
   XXL
  </size>
  <color>
   Оранжевый
  </color>
  <material>
   Нейлон
  </material>
  <price>
   517780
  </price>
  <rating>
   2.06
  </rating>
  <reviews>
   638285
  </reviews>
  <new>
   -
  </new>
 </clothing>
 <clothing>
  <id>
   622732152
  </id>
  <name>
   Reebok Skirt A-7628
  </name>
  <category>
   Skirt
  </category>
  <size>
   XL
  </size>
  <color>
   Красный
  </color>
  <material>
   Кожа
  </material>
  <price>
   748253
  </price>
  <rating>
   1.98
  </rating>
  <reviews>
   419782
  </reviews>
  <exclusive>
   no
  </exclusive>
 </clothing>
 <clothing>
  <id>
   839096904
  </id>
  <name>
   New Balance Belts W-7915
  </name>
  <category>
   Belts
  </category>
  <size>
   L
  </size>
  <color>
   Зеленый
  </color>
  <material>
   Кожа
  </material>
  <price>
   371163
  </price>
  <rating>
   3.82
  </rating>
  <reviews>
   221589
  </reviews>
  <new>
   -
  </new>
  <sporty>
   yes
  </sporty>
 </clothing>
 <clothing>
  <id>
   169508499
  </id>
  <name>
   Lacoste Hat B-8992
  </name>
  <category>
   Hat
  </category>
  <size>
   S
  </size>
  <color>
   Оранжевый
  </color>
  <material>
   Хлопок
  </material>
  <price>
   901390
  </price>
  <rating>
   2.46
  </rating>
  <reviews>
   746393
  </reviews>
  <new>
   -
  </new>
  <exclusive>
   no
  </exclusive>
  <sporty>
   yes
  </sporty>
 </clothing>
 <clothing>
  <id>
   129264366
  </id>
  <name>
   Fila Belts W-9299
  </name>
  <category>
   Belts
  </category>
  <size>
   XXL
  </size>
  <color>
   Красный
  </color>
  <material>
   Нейлон
  </material>
  <price>
   841532
  </price>
  <rating>
   2.36
  </rating>
  <reviews>
   673609
  </reviews>
  <exclusive>
   no
  </exclusive>
 </clothing>
 <clothing>
  <id>
   575324828
  </id>
  <name>
   Puma Gloves U-7150
  </name>
  <category>
   Gloves
  </category>
  <size>
   L
  </size>
  <color>
   Голубой
  </color>
  <material>
   Нейлон
  </material>
  <price>
   674421
  </price>
  <rating>
   4.15
  </rating>
  <reviews>
   698309
  </reviews>
  <exclusive>
   no
  </exclusive>
  <sporty>
   yes
  </sporty>
 </clothing>
 <clothing>
  <id>
   641631466
  </id>
  <name>
   Vans Blouse D-2153
  </name>
  <category>
   Blouse
  </category>
  <size>
   M
  </size>
  <color>
   Красный
  </color>
  <material>
   Вискоза
  </material>
  <price>
   597955
  </price>
  <rating>
   4.4
  </rating>
  <reviews>
   335213
  </reviews>
  <exclusive>
   yes
  </exclusive>
  <sporty>
   yes
  </sporty>
 </clothing>
 <clothing>
  <id>
   237937487
  </id>
  <name>
   Brooks Belts Z-3928
  </name>
  <category>
   Belts
  </category>
  <size>
   XXL
  </size>
  <color>
   Желтый
  </color>
  <material>
   Хлопок
  </material>
  <price>
   778703
  </price>
  <rating>
   3.56
  </rating>
  <reviews>
   420020
  </reviews>
  <new>
   -
  </new>
  <sporty>
   no
  </sporty>
 </clothing>
 <clothing>
  <id>
   784100195
  </id>
  <name>
   Addidas Belts C-3262
  </name>
  <category>
   Belts
  </category>
  <size>
   XXL
  </size>
  <color>
   Оранжевый
  </color>
  <material>
   Лен
  </material>
  <price>
   869124
  </price>
  <rating>
   3.4
  </rating>
  <reviews>
   273347
  </reviews>
  <new>
   -
  </new>
  <exclusive>
   no
  </exclusive>
  <sporty>
   yes
  </sporty>
 </clothing>
 <clothing>
  <id>
   168147585
  </id>
  <name>
   Adidas Hat W-5337
  </name>
  <category>
   Hat
  </category>
  <size>
   S
  </size>
  <color>
   Фиолетовый
  </color>
  <material>
   Шелк
  </material>
  <price>
   868522
  </price>
  <rating>
   2.74
  </rating>
  <reviews>
   131278
  </reviews>
  <new>
   -
  </new>
  <exclusive>
   no
  </exclusive>
  <sporty>
   no
  </sporty>
 </clothing>
 <clothing>
  <id>
   978439383
  </id>
  <name>
   Addidas Belts P-4723
  </name>
  <category>
   Belts
  </category>
  <size>
   L
  </size>
  <color>
   Фиолетовый
  </color>
  <material>
   Вискоза
  </material>
  <price>
   907826
  </price>
  <rating>
   1.43
  </rating>
  <reviews>
   630399
  </reviews>
  <new>
   +
  </new>
  <exclusive>
   no
  </exclusive>
 </clothing>
 <clothing>
  <id>
   213167938
  </id>
  <name>
   Lacoste Dress D-4622
  </name>
  <category>
   Dress
  </category>
  <size>
   XXL
  </size>
  <color>
   Синий
  </color>
  <material>
   Хлопок
  </material>
  <price>
   782290
  </price>
  <rating>
   2.38
  </rating>
  <reviews>
   561114
  </reviews>
  <new>
   -
  </new>
  <exclusive>
   no
  </exclusive>
  <sporty>
   yes
  </sporty>
 </clothing>
 <clothing>
  <id>
   534292714
  </id>
  <name>
   Reebok Socks I-1924
  </name>
  <category>
   Socks
  </category>
  <size>
   S
  </size>
  <color>
   Фиолетовый
  </color>
  <material>
   Полиэстер
  </material>
  <price>
   383888
  </price>
  <rating>
   2.95
  </rating>
  <reviews>
   272454
  </reviews>
  <new>
   -
  </new>
  <exclusive>
   no
  </exclusive>
 </clothing>
 <clothing>
  <id>
   166616472
  </id>
  <name>
   Converse Sweater F-6615
  </name>
  <category>
   Sweater
  </category>
  <size>
   L
  </size>
  <color>
   Желтый
  </color>
  <material>
   Нейлон
  </material>
  <price>
   506216
  </price>
  <rating>
   2.37
  </rating>
  <reviews>
   697941
  </reviews>
  <new>
   -
  </new>
  <sporty>
   no
  </sporty>
 </clothing>
 <clothing>
  <id>
   744116835
  </id>
  <name>
   DC Gloves G-4364
  </name>
  <category>
   Gloves
  </category>
  <size>
   L
  </size>
  <color>
   Оранжевый
  </color>
  <material>
   Хлопок
  </material>
  <price>
   961972
  </price>
  <rating>
   4.02
  </rating>
  <reviews>
   507844
  </reviews>
  <new>
   -
  </new>
  <sporty>
   no
  </sporty>
 </clothing>
 <clothing>
  <id>
   922481732
  </id>
  <name>
   Nike Pants J-7180
  </name>
  <category>
   Pants
  </category>
  <size>
   XL
  </size>
  <color>
   Синий
  </color>
  <material>
   Лен
  </material>
  <price>
   232122
  </price>
  <rating>
   3.94
  </rating>
  <reviews>
   279593
  </reviews>
 </clothing>
 <clothing>
  <id>
   377542158
  </id>
  <name>
   Nike Umbrellas H-9781
  </name>
  <category>
   Umbrellas
  </category>
  <size>
   XL
  </size>
  <color>
   Зеленый
  </color>
  <material>
   Шелк
  </material>
  <price>
   907215
  </price>
  <rating>
   2.87
  </rating>
  <reviews>
   451183
  </reviews>
  <sporty>
   yes
  </sporty>
 </clothing>
 <clothing>
  <id>
   791843336
  </id>
  <name>
   Lacoste Pants A-4483
  </name>
  <category>
   Pants
  </category>
  <size>
   L
  </size>
  <color>
   Оранжевый
  </color>
  <material>
   Шерсть
  </material>
  <price>
   169389
  </price>
  <rating>
   4.24
  </rating>
  <reviews>
   489755
  </reviews>
 </clothing>
 <clothing>
  <id>
   513767299
  </id>
  <name>
   Asics Jacket Y-9142
  </name>
  <category>
   Jacket
  </category>
  <size>
   L
  </size>
  <color>
   Фиолетовый
  </color>
  <material>
   Полиэстер
  </material>
  <price>
   474612
  </price>
  <rating>
   3.48
  </rating>
  <reviews>
   106248
  </reviews>
  <new>
   +
  </new>
  <sporty>
   no
  </sporty>
 </clothing>
 <clothing>
  <id>
   659034796
  </id>
  <name>
   Vans Sweater X-5216
  </name>
  <category>
   Sweater
  </category>
  <size>
   L
  </size>
  <color>
   Голубой
  </color>
  <material>
   Нейлон
  </material>
  <price>
   410570
  </price>
  <rating>
   4.52
  </rating>
  <reviews>
   669874
  </reviews>
  <exclusive>
   no
  </exclusive>
 </clothing>
 <clothing>
  <id>
   283103959
  </id>
  <name>
   Nike Shirt U-3380
  </name>
  <category>
   Shirt
  </category>
  <size>
   S
  </size>
  <color>
   Красный
  </color>
  <material>
   Хлопок
  </material>
  <price>
   757116
  </price>
  <rating>
   4.24
  </rating>
  <reviews>
   200316
  </reviews>
  <exclusive>
   yes
  </exclusive>
  <sporty>
   no
  </sporty>
 </clothing>
 <clothing>
  <id>
   401805899
  </id>
  <name>
   Vans Umbrellas Q-4403
  </name>
  <category>
   Umbrellas
  </category>
  <size>
   XXL
  </size>
  <color>
   Фиолетовый
  </color>
  <material>
   Вискоза
  </material>
  <price>
   470468
  </price>
  <rating>
   4.83
  </rating>
  <reviews>
   402293
  </reviews>
  <sporty>
   yes
  </sporty>
 </clothing>
 <clothing>
  <id>
   196938273
  </id>
  <name>
   Asics Blouse Y-5809
  </name>
  <category>
   Blouse
  </category>
  <size>
   L
  </size>
  <color>
   Голубой
  </color>
  <material>
   Кожа
  </material>
  <price>
   605742
  </price>
  <rating>
   1.57
  </rating>
  <reviews>
   596779
  </reviews>
  <new>
   -
  </new>
  <exclusive>
   no
  </exclusive>
  <sporty>
   no
  </sporty>
 </clothing>
 <clothing>
  <id>
   562383654
  </id>
  <name>
   Addidas T-shirt F-4836
  </name>
  <category>
   T-shirt
  </category>
  <size>
   XXL
  </size>
  <color>
   Желтый
  </color>
  <material>
   Полиэстер
  </material>
  <price>
   247655
  </price>
  <rating>
   3.46
  </rating>
  <reviews>
   615831
  </reviews>
  <exclusive>
   yes
  </exclusive>
  <sporty>
   yes
  </sporty>
 </clothing>
 <clothing>
  <id>
   364575474
  </id>
  <name>
   Addidas Handbags V-7052
  </name>
  <category>
   Handbags
  </category>
  <size>
   S
  </size>
  <color>
   Фиолетовый
  </color>
  <material>
   Шерсть
  </material>
  <price>
   365323
  </price>
  <rating>
   3.81
  </rating>
  <reviews>
   428571
  </reviews>
  <exclusive>
   yes
  </exclusive>
  <sporty>
   no
  </sporty>
 </clothing>
 <clothing>
  <id>
   736744431
  </id>
  <name>
   PleinSport Pants K-3896
  </name>
  <category>
   Pants
  </category>
  <size>
   XXL
  </size>
  <color>
   Оранжевый
  </color>
  <material>
   Полиэстер
  </material>
  <price>
   114487
  </price>
  <rating>
   4.0
  </rating>
  <reviews>
   502494
  </reviews>
  <new>
   +
  </new>
 </clothing>
 <clothing>
  <id>
   812767993
  </id>
  <name>
   Fila T-shirt L-2112
  </name>
  <category>
   T-shirt
  </category>
  <size>
   M
  </size>
  <color>
   Фиолетовый
  </color>
  <material>
   Лен
  </material>
  <price>
   898775
  </price>
  <rating>
   4.39
  </rating>
  <reviews>
   21225
  </reviews>
  <new>
   +
  </new>
  <exclusive>
   no
  </exclusive>
 </clothing>
 <clothing>
  <id>
   226485817
  </id>
  <name>
   Adidas Umbrellas J-9455
  </name>
  <category>
   Umbrellas
  </category>
  <size>
   XXL
  </size>
  <color>
   Зеленый
  </color>
  <material>
   Хлопок
  </material>
  <price>
   357988
  </price>
  <rating>
   1.16
  </rating>
  <reviews>
   957300
  </reviews>
  <new>
   +
  </new>
 </clothing>
 <clothing>
  <id>
   146625371
  </id>
  <name>
   PleinSport Handbags G-4137
  </name>
  <category>
   Handbags
  </category>
  <size>
   XXL
  </size>
  <color>
   Зеленый
  </color>
  <material>
   Кожа
  </material>
  <price>
   599526
  </price>
  <rating>
   3.72
  </rating>
  <reviews>
   903862
  </reviews>
  <new>
   +
  </new>
 </clothing>
 <clothing>
  <id>
   224890955
  </id>
  <name>
   Asics Belts C-1643
  </name>
  <category>
   Belts
  </category>
  <size>
   S
  </size>
  <color>
   Синий
  </color>
  <material>
   Шерсть
  </material>
  <price>
   241202
  </price>
  <rating>
   4.17
  </rating>
  <reviews>
   26668
  </reviews>
  <exclusive>
   no
  </exclusive>
 </clothing>
 <clothing>
  <id>
   293941341
  </id>
  <name>
   Fila Hat W-8705
  </name>
  <category>
   Hat
  </category>
  <size>
   XXL
  </size>
  <color>
   Желтый
  </color>
  <material>
   Кожа
  </material>
  <price>
   534244
  </price>
  <rating>
   1.3
  </rating>
  <reviews>
   249505
  </reviews>
  <exclusive>
   no
  </exclusive>
 </clothing>
 <clothing>
  <id>
   404257152
  </id>
  <name>
   Under Armour Dress B-7949
  </name>
  <category>
   Dress
  </category>
  <size>
   L
  </size>
  <color>
   Синий
  </color>
  <material>
   Шелк
  </material>
  <price>
   794027
  </price>
  <rating>
   4.27
  </rating>
  <reviews>
   153461
  </reviews>
  <exclusive>
   no
  </exclusive>
  <sporty>
   no
  </sporty>
 </clothing>
 <clothing>
  <id>
   403292781
  </id>
  <name>
   Adidas Umbrellas K-3385
  </name>
  <category>
   Umbrellas
  </category>
  <size>
   M
  </size>
  <color>
   Оранжевый
  </color>
  <material>
   Шерсть
  </material>
  <price>
   523296
  </price>
  <rating>
   4.73
  </rating>
  <reviews>
   245626
  </reviews>
  <new>
   -
  </new>
 </clothing>
 <clothing>
  <id>
   235079590
  </id>
  <name>
   PleinSport Gloves N-7624
  </name>
  <category>
   Gloves
  </category>
  <size>
   XL
  </size>
  <color>
   Желтый
  </color>
  <material>
   Шерсть
  </material>
  <price>
   367846
  </price>
  <rating>
   4.84
  </rating>
  <reviews>
   291311
  </reviews>
  <sporty>
   yes
  </sporty>
 </clothing>
 <clothing>
  <id>
   277196749
  </id>
  <name>
   Nike Shoes I-3070
  </name>
  <category>
   Shoes
  </category>
  <size>
   M
  </size>
  <color>
   Зеленый
  </color>
  <material>
   Шерсть
  </material>
  <price>
   594454
  </price>
  <rating>
   4.81
  </rating>
  <reviews>
   756627
  </reviews>
  <new>
   +
  </new>
 </clothing>
 <clothing>
  <id>
   597108998
  </id>
  <name>
   Under Armour Shirt Z-1361
  </name>
  <category>
   Shirt
  </category>
  <size>
   M
  </size>
  <color>
   Голубой
  </color>
  <material>
   Вискоза
  </material>
  <price>
   518511
  </price>
  <rating>
   1.11
  </rating>
  <reviews>
   829287
  </reviews>
  <exclusive>
   no
  </exclusive>
  <sporty>
   no
  </sporty>
 </clothing>
</clothing-items>
