<?xml version="1.0" encoding="utf-8"?>
<clothing-items>
 <clothing>
  <id>
   842709263
  </id>
  <name>
   DC Socks X-9249
  </name>
  <category>
   Socks
  </category>
  <size>
   L
  </size>
  <color>
   Желтый
  </color>
  <material>
   Шерсть
  </material>
  <price>
   227867
  </price>
  <rating>
   1.75
  </rating>
  <reviews>
   81520
  </reviews>
  <new>
   +
  </new>
  <exclusive>
   yes
  </exclusive>
 </clothing>
 <clothing>
  <id>
   971526878
  </id>
  <name>
   Lacoste Belts S-1739
  </name>
  <category>
   Belts
  </category>
  <size>
   L
  </size>
  <color>
   Синий
  </color>
  <material>
   Кожа
  </material>
  <price>
   240509
  </price>
  <rating>
   3.44
  </rating>
  <reviews>
   395850
  </reviews>
 </clothing>
 <clothing>
  <id>
   871145027
  </id>
  <name>
   Fila Handbags N-4444
  </name>
  <category>
   Handbags
  </category>
  <size>
   S
  </size>
  <color>
   Зеленый
  </color>
  <material>
   Полиэстер
  </material>
  <price>
   555509
  </price>
  <rating>
   2.14
  </rating>
  <reviews>
   421137
  </reviews>
  <new>
   -
  </new>
  <exclusive>
   no
  </exclusive>
 </clothing>
 <clothing>
  <id>
   231431862
  </id>
  <name>
   Lacoste Sweater Y-5857
  </name>
  <category>
   Sweater
  </category>
  <size>
   S
  </size>
  <color>
   Красный
  </color>
  <material>
   Шелк
  </material>
  <price>
   110975
  </price>
  <rating>
   1.75
  </rating>
  <reviews>
   444646
  </reviews>
 </clothing>
 <clothing>
  <id>
   143650647
  </id>
  <name>
   Addidas Hat X-5013
  </name>
  <category>
   Hat
  </category>
  <size>
   XL
  </size>
  <color>
   Желтый
  </color>
  <material>
   Шерсть
  </material>
  <price>
   520069
  </price>
  <rating>
   1.0
  </rating>
  <reviews>
   785174
  </reviews>
  <exclusive>
   yes
  </exclusive>
  <sporty>
   no
  </sporty>
 </clothing>
 <clothing>
  <id>
   310860920
  </id>
  <name>
   New Balance Sweater A-1352
  </name>
  <category>
   Sweater
  </category>
  <size>
   S
  </size>
  <color>
   Синий
  </color>
  <material>
   Кожа
  </material>
  <price>
   450420
  </price>
  <rating>
   1.5
  </rating>
  <reviews>
   558971
  </reviews>
  <new>
   +
  </new>
  <exclusive>
   no
  </exclusive>
  <sporty>
   no
  </sporty>
 </clothing>
 <clothing>
  <id>
   578453111
  </id>
  <name>
   Vans Shirt L-7753
  </name>
  <category>
   Shirt
  </category>
  <size>
   XL
  </size>
  <color>
   Оранжевый
  </color>
  <material>
   Шелк
  </material>
  <price>
   688318
  </price>
  <rating>
   2.8
  </rating>
  <reviews>
   221798
  </reviews>
  <sporty>
   no
  </sporty>
 </clothing>
 <clothing>
  <id>
   843863816
  </id>
  <name>
   Lacoste Shirt R-2108
  </name>
  <category>
   Shirt
  </category>
  <size>
   XL
  </size>
  <color>
   Красный
  </color>
  <material>
   Шерсть
  </material>
  <price>
   981255
  </price>
  <rating>
   2.09
  </rating>
  <reviews>
   290668
  </reviews>
  <new>
   -
  </new>
 </clothing>
 <clothing>
  <id>
   194468718
  </id>
  <name>
   Addidas Pants T-7955
  </name>
  <category>
   Pants
  </category>
  <size>
   L
  </size>
  <color>
   Красный
  </color>
  <material>
   Нейлон
  </material>
  <price>
   155307
  </price>
  <rating>
   3.75
  </rating>
  <reviews>
   585557
  </reviews>
  <new>
   -
  </new>
  <exclusive>
   no
  </exclusive>
  <sporty>
   no
  </sporty>
 </clothing>
 <clothing>
  <id>
   473621302
  </id>
  <name>
   Vans Umbrellas K-7634
  </name>
  <category>
   Umbrellas
  </category>
  <size>
   L
  </size>
  <color>
   Голубой
  </color>
  <material>
   Нейлон
  </material>
  <price>
   914244
  </price>
  <rating>
   1.46
  </rating>
  <reviews>
   163351
  </reviews>
  <new>
   +
  </new>
  <exclusive>
   yes
  </exclusive>
  <sporty>
   no
  </sporty>
 </clothing>
 <clothing>
  <id>
   775837416
  </id>
  <name>
   Brooks Sweater A-8771
  </name>
  <category>
   Sweater
  </category>
  <size>
   XXL
  </size>
  <color>
   Зеленый
  </color>
  <material>
   Шелк
  </material>
  <price>
   916907
  </price>
  <rating>
   3.63
  </rating>
  <reviews>
   540615
  </reviews>
  <exclusive>
   no
  </exclusive>
 </clothing>
 <clothing>
  <id>
   524115172
  </id>
  <name>
   New Balance Jacket M-2260
  </name>
  <category>
   Jacket
  </category>
  <size>
   XL
  </size>
  <color>
   Голубой
  </color>
  <material>
   Нейлон
  </material>
  <price>
   244727
  </price>
  <rating>
   3.82
  </rating>
  <reviews>
   179196
  </reviews>
  <exclusive>
   no
  </exclusive>
  <sporty>
   no
  </sporty>
 </clothing>
 <clothing>
  <id>
   759783350
  </id>
  <name>
   Lacoste Shirt N-4785
  </name>
  <category>
   Shirt
  </category>
  <size>
   XXL
  </size>
  <color>
   Оранжевый
  </color>
  <material>
   Шелк
  </material>
  <price>
   654128
  </price>
  <rating>
   1.98
  </rating>
  <reviews>
   720196
  </reviews>
  <sporty>
   yes
  </sporty>
 </clothing>
 <clothing>
  <id>
   689386283
  </id>
  <name>
   Nike Shirt V-2662
  </name>
  <category>
   Shirt
  </category>
  <size>
   M
  </size>
  <color>
   Красный
  </color>
  <material>
   Шерсть
  </material>
  <price>
   821871
  </price>
  <rating>
   4.53
  </rating>
  <reviews>
   598257
  </reviews>
  <sporty>
   no
  </sporty>
 </clothing>
 <clothing>
  <id>
   114570706
  </id>
  <name>
   Reebok Pants X-3202
  </name>
  <category>
   Pants
  </category>
  <size>
   M
  </size>
  <color>
   Фиолетовый
  </color>
  <material>
   Хлопок
  </material>
  <price>
   779273
  </price>
  <rating>
   1.58
  </rating>
  <reviews>
   961549
  </reviews>
  <new>
   -
  </new>
  <sporty>
   no
  </sporty>
 </clothing>
 <clothing>
  <id>
   712211389
  </id>
  <name>
   Fila Hat D-6961
  </name>
  <category>
   Hat
  </category>
  <size>
   XL
  </size>
  <color>
   Красный
  </color>
  <material>
   Нейлон
  </material>
  <price>
   693168
  </price>
  <rating>
   4.75
  </rating>
  <reviews>
   37205
  </reviews>
  <exclusive>
   no
  </exclusive>
  <sporty>
   no
  </sporty>
 </clothing>
 <clothing>
  <id>
   587783637
  </id>
  <name>
   New Balance Shoes P-6273
  </name>
  <category>
   Shoes
  </category>
  <size>
   S
  </size>
  <color>
   Зеленый
  </color>
  <material>
   Лен
  </material>
  <price>
   498845
  </price>
  <rating>
   2.54
  </rating>
  <reviews>
   373019
  </reviews>
  <new>
   -
  </new>
  <exclusive>
   yes
  </exclusive>
  <sporty>
   yes
  </sporty>
 </clothing>
 <clothing>
  <id>
   601604267
  </id>
  <name>
   Adidas Shoes E-9529
  </name>
  <category>
   Shoes
  </category>
  <size>
   XXL
  </size>
  <color>
   Синий
  </color>
  <material>
   Шелк
  </material>
  <price>
   713385
  </price>
  <rating>
   2.26
  </rating>
  <reviews>
   205516
  </reviews>
  <new>
   +
  </new>
 </clothing>
 <clothing>
  <id>
   676036941
  </id>
  <name>
   Lacoste Skirt B-2299
  </name>
  <category>
   Skirt
  </category>
  <size>
   S
  </size>
  <color>
   Оранжевый
  </color>
  <material>
   Вискоза
  </material>
  <price>
   182961
  </price>
  <rating>
   2.82
  </rating>
  <reviews>
   573526
  </reviews>
  <new>
   -
  </new>
 </clothing>
 <clothing>
  <id>
   658383320
  </id>
  <name>
   DC Handbags F-8637
  </name>
  <category>
   Handbags
  </category>
  <size>
   M
  </size>
  <color>
   Зеленый
  </color>
  <material>
   Нейлон
  </material>
  <price>
   156101
  </price>
  <rating>
   1.15
  </rating>
  <reviews>
   50562
  </reviews>
  <new>
   -
  </new>
  <exclusive>
   yes
  </exclusive>
 </clothing>
 <clothing>
  <id>
   146442456
  </id>
  <name>
   DC Hat L-9362
  </name>
  <category>
   Hat
  </category>
  <size>
   XL
  </size>
  <color>
   Синий
  </color>
  <material>
   Шелк
  </material>
  <price>
   292265
  </price>
  <rating>
   1.41
  </rating>
  <reviews>
   499962
  </reviews>
  <exclusive>
   no
  </exclusive>
  <sporty>
   no
  </sporty>
 </clothing>
 <clothing>
  <id>
   218214212
  </id>
  <name>
   Ellesse Dress A-2529
  </name>
  <category>
   Dress
  </category>
  <size>
   S
  </size>
  <color>
   Зеленый
  </color>
  <material>
   Полиэстер
  </material>
  <price>
   622703
  </price>
  <rating>
   1.99
  </rating>
  <reviews>
   975869
  </reviews>
  <new>
   +
  </new>
  <sporty>
   no
  </sporty>
 </clothing>
 <clothing>
  <id>
   279882624
  </id>
  <name>
   Brooks Sweater S-6006
  </name>
  <category>
   Sweater
  </category>
  <size>
   XL
  </size>
  <color>
   Синий
  </color>
  <material>
   Кожа
  </material>
  <price>
   102738
  </price>
  <rating>
   4.86
  </rating>
  <reviews>
   804404
  </reviews>
  <new>
   -
  </new>
  <exclusive>
   no
  </exclusive>
  <sporty>
   yes
  </sporty>
 </clothing>
 <clothing>
  <id>
   652626697
  </id>
  <name>
   Adidas Jeans K-3053
  </name>
  <category>
   Jeans
  </category>
  <size>
   M
  </size>
  <color>
   Синий
  </color>
  <material>
   Лен
  </material>
  <price>
   480794
  </price>
  <rating>
   4.12
  </rating>
  <reviews>
   850594
  </reviews>
  <new>
   -
  </new>
  <exclusive>
   yes
  </exclusive>
 </clothing>
 <clothing>
  <id>
   791578869
  </id>
  <name>
   Under Armour Jacket D-5302
  </name>
  <category>
   Jacket
  </category>
  <size>
   S
  </size>
  <color>
   Голубой
  </color>
  <material>
   Полиэстер
  </material>
  <price>
   110565
  </price>
  <rating>
   2.8
  </rating>
  <reviews>
   341193
  </reviews>
  <new>
   +
  </new>
  <exclusive>
   no
  </exclusive>
  <sporty>
   no
  </sporty>
 </clothing>
 <clothing>
  <id>
   645035796
  </id>
  <name>
   Under Armour Socks N-7865
  </name>
  <category>
   Socks
  </category>
  <size>
   L
  </size>
  <color>
   Желтый
  </color>
  <material>
   Хлопок
  </material>
  <price>
   754451
  </price>
  <rating>
   2.84
  </rating>
  <reviews>
   80173
  </reviews>
  <exclusive>
   yes
  </exclusive>
  <sporty>
   yes
  </sporty>
 </clothing>
 <clothing>
  <id>
   590612526
  </id>
  <name>
   Brooks Sweater Y-7685
  </name>
  <category>
   Sweater
  </category>
  <size>
   XL
  </size>
  <color>
   Красный
  </color>
  <material>
   Кожа
  </material>
  <price>
   693038
  </price>
  <rating>
   3.11
  </rating>
  <reviews>
   228579
  </reviews>
  <new>
   -
  </new>
  <exclusive>
   yes
  </exclusive>
  <sporty>
   no
  </sporty>
 </clothing>
 <clothing>
  <id>
   350749154
  </id>
  <name>
   Asics Jacket T-1348
  </name>
  <category>
   Jacket
  </category>
  <size>
   L
  </size>
  <color>
   Синий
  </color>
  <material>
   Шерсть
  </material>
  <price>
   193104
  </price>
  <rating>
   2.43
  </rating>
  <reviews>
   605399
  </reviews>
  <new>
   -
  </new>
  <exclusive>
   no
  </exclusive>
 </clothing>
</clothing-items>
