<?xml version="1.0" encoding="utf-8"?>
<clothing-items>
 <clothing>
  <id>
   149042073
  </id>
  <name>
   Reebok Belts B-6869
  </name>
  <category>
   Belts
  </category>
  <size>
   L
  </size>
  <color>
   Красный
  </color>
  <material>
   Вискоза
  </material>
  <price>
   145057
  </price>
  <rating>
   1.96
  </rating>
  <reviews>
   855012
  </reviews>
  <exclusive>
   no
  </exclusive>
 </clothing>
 <clothing>
  <id>
   779353685
  </id>
  <name>
   Ellesse Hat X-9851
  </name>
  <category>
   Hat
  </category>
  <size>
   S
  </size>
  <color>
   Оранжевый
  </color>
  <material>
   Шелк
  </material>
  <price>
   406934
  </price>
  <rating>
   3.93
  </rating>
  <reviews>
   831865
  </reviews>
  <new>
   -
  </new>
 </clothing>
 <clothing>
  <id>
   623186732
  </id>
  <name>
   PleinSport Dress I-2554
  </name>
  <category>
   Dress
  </category>
  <size>
   S
  </size>
  <color>
   Фиолетовый
  </color>
  <material>
   Кожа
  </material>
  <price>
   238594
  </price>
  <rating>
   2.67
  </rating>
  <reviews>
   310260
  </reviews>
  <new>
   -
  </new>
 </clothing>
 <clothing>
  <id>
   894613574
  </id>
  <name>
   Puma Hat N-4451
  </name>
  <category>
   Hat
  </category>
  <size>
   XL
  </size>
  <color>
   Голубой
  </color>
  <material>
   Нейлон
  </material>
  <price>
   156674
  </price>
  <rating>
   3.59
  </rating>
  <reviews>
   51361
  </reviews>
  <exclusive>
   no
  </exclusive>
  <sporty>
   no
  </sporty>
 </clothing>
 <clothing>
  <id>
   678629629
  </id>
  <name>
   Ellesse Jeans E-7161
  </name>
  <category>
   Jeans
  </category>
  <size>
   S
  </size>
  <color>
   Синий
  </color>
  <material>
   Шерсть
  </material>
  <price>
   409300
  </price>
  <rating>
   3.76
  </rating>
  <reviews>
   39014
  </reviews>
  <exclusive>
   yes
  </exclusive>
 </clothing>
 <clothing>
  <id>
   716548816
  </id>
  <name>
   Vans Skirt C-5950
  </name>
  <category>
   Skirt
  </category>
  <size>
   S
  </size>
  <color>
   Оранжевый
  </color>
  <material>
   Шелк
  </material>
  <price>
   563917
  </price>
  <rating>
   1.82
  </rating>
  <reviews>
   8607
  </reviews>
  <new>
   +
  </new>
  <sporty>
   no
  </sporty>
 </clothing>
 <clothing>
  <id>
   757015943
  </id>
  <name>
   Ellesse Jeans T-1876
  </name>
  <category>
   Jeans
  </category>
  <size>
   XL
  </size>
  <color>
   Зеленый
  </color>
  <material>
   Хлопок
  </material>
  <price>
   209542
  </price>
  <rating>
   3.39
  </rating>
  <reviews>
   87280
  </reviews>
  <exclusive>
   yes
  </exclusive>
 </clothing>
 <clothing>
  <id>
   787587910
  </id>
  <name>
   Lacoste T-shirt U-2505
  </name>
  <category>
   T-shirt
  </category>
  <size>
   XL
  </size>
  <color>
   Красный
  </color>
  <material>
   Хлопок
  </material>
  <price>
   841315
  </price>
  <rating>
   3.51
  </rating>
  <reviews>
   862412
  </reviews>
 </clothing>
 <clothing>
  <id>
   178426836
  </id>
  <name>
   Adidas Pants B-9893
  </name>
  <category>
   Pants
  </category>
  <size>
   S
  </size>
  <color>
   Фиолетовый
  </color>
  <material>
   Хлопок
  </material>
  <price>
   360075
  </price>
  <rating>
   1.13
  </rating>
  <reviews>
   864609
  </reviews>
  <sporty>
   no
  </sporty>
 </clothing>
 <clothing>
  <id>
   648113341
  </id>
  <name>
   Under Armour Jeans P-6079
  </name>
  <category>
   Jeans
  </category>
  <size>
   XL
  </size>
  <color>
   Оранжевый
  </color>
  <material>
   Нейлон
  </material>
  <price>
   821223
  </price>
  <rating>
   1.08
  </rating>
  <reviews>
   314319
  </reviews>
  <new>
   +
  </new>
  <exclusive>
   yes
  </exclusive>
  <sporty>
   yes
  </sporty>
 </clothing>
 <clothing>
  <id>
   255637389
  </id>
  <name>
   Converse Skirt I-9770
  </name>
  <category>
   Skirt
  </category>
  <size>
   M
  </size>
  <color>
   Зеленый
  </color>
  <material>
   Кожа
  </material>
  <price>
   845680
  </price>
  <rating>
   1.55
  </rating>
  <reviews>
   151271
  </reviews>
  <new>
   +
  </new>
  <exclusive>
   yes
  </exclusive>
 </clothing>
 <clothing>
  <id>
   584462174
  </id>
  <name>
   Adidas Skirt R-3714
  </name>
  <category>
   Skirt
  </category>
  <size>
   L
  </size>
  <color>
   Зеленый
  </color>
  <material>
   Шелк
  </material>
  <price>
   781053
  </price>
  <rating>
   2.78
  </rating>
  <reviews>
   822456
  </reviews>
  <new>
   +
  </new>
  <exclusive>
   no
  </exclusive>
  <sporty>
   no
  </sporty>
 </clothing>
 <clothing>
  <id>
   133570739
  </id>
  <name>
   DC Shoes J-1605
  </name>
  <category>
   Shoes
  </category>
  <size>
   XL
  </size>
  <color>
   Синий
  </color>
  <material>
   Полиэстер
  </material>
  <price>
   757579
  </price>
  <rating>
   1.29
  </rating>
  <reviews>
   724847
  </reviews>
  <exclusive>
   no
  </exclusive>
  <sporty>
   no
  </sporty>
 </clothing>
 <clothing>
  <id>
   724368559
  </id>
  <name>
   Converse Gloves V-7058
  </name>
  <category>
   Gloves
  </category>
  <size>
   S
  </size>
  <color>
   Оранжевый
  </color>
  <material>
   Шелк
  </material>
  <price>
   282015
  </price>
  <rating>
   3.62
  </rating>
  <reviews>
   262411
  </reviews>
  <sporty>
   no
  </sporty>
 </clothing>
 <clothing>
  <id>
   309314640
  </id>
  <name>
   Puma Handbags C-9290
  </name>
  <category>
   Handbags
  </category>
  <size>
   XXL
  </size>
  <color>
   Голубой
  </color>
  <material>
   Кожа
  </material>
  <price>
   867009
  </price>
  <rating>
   4.62
  </rating>
  <reviews>
   576385
  </reviews>
  <exclusive>
   no
  </exclusive>
  <sporty>
   no
  </sporty>
 </clothing>
 <clothing>
  <id>
   705277069
  </id>
  <name>
   New Balance Pants O-9525
  </name>
  <category>
   Pants
  </category>
  <size>
   M
  </size>
  <color>
   Оранжевый
  </color>
  <material>
   Вискоза
  </material>
  <price>
   534846
  </price>
  <rating>
   1.29
  </rating>
  <reviews>
   69267
  </reviews>
  <new>
   -
  </new>
  <exclusive>
   no
  </exclusive>
  <sporty>
   no
  </sporty>
 </clothing>
 <clothing>
  <id>
   427798672
  </id>
  <name>
   PleinSport Jeans M-3054
  </name>
  <category>
   Jeans
  </category>
  <size>
   M
  </size>
  <color>
   Желтый
  </color>
  <material>
   Шелк
  </material>
  <price>
   221531
  </price>
  <rating>
   3.19
  </rating>
  <reviews>
   788509
  </reviews>
  <new>
   -
  </new>
  <exclusive>
   yes
  </exclusive>
  <sporty>
   yes
  </sporty>
 </clothing>
 <clothing>
  <id>
   331979535
  </id>
  <name>
   Brooks Sweater F-4922
  </name>
  <category>
   Sweater
  </category>
  <size>
   S
  </size>
  <color>
   Желтый
  </color>
  <material>
   Полиэстер
  </material>
  <price>
   594194
  </price>
  <rating>
   3.59
  </rating>
  <reviews>
   546821
  </reviews>
  <exclusive>
   no
  </exclusive>
  <sporty>
   yes
  </sporty>
 </clothing>
 <clothing>
  <id>
   802651123
  </id>
  <name>
   Reebok Jacket D-3122
  </name>
  <category>
   Jacket
  </category>
  <size>
   XL
  </size>
  <color>
   Желтый
  </color>
  <material>
   Лен
  </material>
  <price>
   484199
  </price>
  <rating>
   2.16
  </rating>
  <reviews>
   678671
  </reviews>
  <new>
   +
  </new>
 </clothing>
 <clothing>
  <id>
   557950492
  </id>
  <name>
   Adidas Blouse D-4799
  </name>
  <category>
   Blouse
  </category>
  <size>
   M
  </size>
  <color>
   Синий
  </color>
  <material>
   Шелк
  </material>
  <price>
   854830
  </price>
  <rating>
   2.88
  </rating>
  <reviews>
   194067
  </reviews>
  <exclusive>
   no
  </exclusive>
  <sporty>
   no
  </sporty>
 </clothing>
</clothing-items>
