<?xml version="1.0" encoding="utf-8"?>
<clothing-items>
 <clothing>
  <id>
   424465236
  </id>
  <name>
   Converse Handbags A-6991
  </name>
  <category>
   Handbags
  </category>
  <size>
   L
  </size>
  <color>
   Синий
  </color>
  <material>
   Шерсть
  </material>
  <price>
   788125
  </price>
  <rating>
   1.43
  </rating>
  <reviews>
   321576
  </reviews>
  <new>
   -
  </new>
  <sporty>
   no
  </sporty>
 </clothing>
 <clothing>
  <id>
   315866427
  </id>
  <name>
   Addidas Gloves G-2632
  </name>
  <category>
   Gloves
  </category>
  <size>
   XXL
  </size>
  <color>
   Синий
  </color>
  <material>
   Хлопок
  </material>
  <price>
   445708
  </price>
  <rating>
   3.52
  </rating>
  <reviews>
   416916
  </reviews>
  <new>
   -
  </new>
  <sporty>
   yes
  </sporty>
 </clothing>
 <clothing>
  <id>
   186647832
  </id>
  <name>
   Converse Pants R-8051
  </name>
  <category>
   Pants
  </category>
  <size>
   XL
  </size>
  <color>
   Красный
  </color>
  <material>
   Нейлон
  </material>
  <price>
   164473
  </price>
  <rating>
   1.01
  </rating>
  <reviews>
   692777
  </reviews>
  <new>
   -
  </new>
  <exclusive>
   no
  </exclusive>
 </clothing>
 <clothing>
  <id>
   955321907
  </id>
  <name>
   Brooks Dress N-3906
  </name>
  <category>
   Dress
  </category>
  <size>
   L
  </size>
  <color>
   Желтый
  </color>
  <material>
   Кожа
  </material>
  <price>
   688889
  </price>
  <rating>
   1.32
  </rating>
  <reviews>
   363312
  </reviews>
 </clothing>
 <clothing>
  <id>
   575299311
  </id>
  <name>
   Reebok Handbags L-9125
  </name>
  <category>
   Handbags
  </category>
  <size>
   XL
  </size>
  <color>
   Красный
  </color>
  <material>
   Кожа
  </material>
  <price>
   440645
  </price>
  <rating>
   1.58
  </rating>
  <reviews>
   642651
  </reviews>
  <new>
   +
  </new>
  <sporty>
   no
  </sporty>
 </clothing>
 <clothing>
  <id>
   592149402
  </id>
  <name>
   PleinSport Jeans B-5241
  </name>
  <category>
   Jeans
  </category>
  <size>
   S
  </size>
  <color>
   Голубой
  </color>
  <material>
   Нейлон
  </material>
  <price>
   735445
  </price>
  <rating>
   4.76
  </rating>
  <reviews>
   192245
  </reviews>
  <new>
   -
  </new>
  <sporty>
   no
  </sporty>
 </clothing>
 <clothing>
  <id>
   635405500
  </id>
  <name>
   Under Armour Pants F-9817
  </name>
  <category>
   Pants
  </category>
  <size>
   L
  </size>
  <color>
   Синий
  </color>
  <material>
   Вискоза
  </material>
  <price>
   963654
  </price>
  <rating>
   2.66
  </rating>
  <reviews>
   171111
  </reviews>
  <new>
   -
  </new>
  <sporty>
   yes
  </sporty>
 </clothing>
 <clothing>
  <id>
   899738807
  </id>
  <name>
   Asics Hat M-3965
  </name>
  <category>
   Hat
  </category>
  <size>
   L
  </size>
  <color>
   Красный
  </color>
  <material>
   Вискоза
  </material>
  <price>
   907026
  </price>
  <rating>
   3.93
  </rating>
  <reviews>
   207591
  </reviews>
  <new>
   +
  </new>
  <exclusive>
   no
  </exclusive>
 </clothing>
 <clothing>
  <id>
   231161912
  </id>
  <name>
   Lacoste Jeans H-3631
  </name>
  <category>
   Jeans
  </category>
  <size>
   S
  </size>
  <color>
   Красный
  </color>
  <material>
   Полиэстер
  </material>
  <price>
   370816
  </price>
  <rating>
   2.96
  </rating>
  <reviews>
   280316
  </reviews>
  <exclusive>
   yes
  </exclusive>
 </clothing>
 <clothing>
  <id>
   387683045
  </id>
  <name>
   PleinSport Jeans V-4665
  </name>
  <category>
   Jeans
  </category>
  <size>
   S
  </size>
  <color>
   Оранжевый
  </color>
  <material>
   Вискоза
  </material>
  <price>
   195003
  </price>
  <rating>
   1.61
  </rating>
  <reviews>
   928642
  </reviews>
  <exclusive>
   no
  </exclusive>
  <sporty>
   yes
  </sporty>
 </clothing>
 <clothing>
  <id>
   284048408
  </id>
  <name>
   Reebok Jeans J-1367
  </name>
  <category>
   Jeans
  </category>
  <size>
   XL
  </size>
  <color>
   Желтый
  </color>
  <material>
   Лен
  </material>
  <price>
   187919
  </price>
  <rating>
   1.33
  </rating>
  <reviews>
   220095
  </reviews>
  <new>
   -
  </new>
  <exclusive>
   yes
  </exclusive>
  <sporty>
   no
  </sporty>
 </clothing>
 <clothing>
  <id>
   268577853
  </id>
  <name>
   Lacoste T-shirt I-4718
  </name>
  <category>
   T-shirt
  </category>
  <size>
   L
  </size>
  <color>
   Оранжевый
  </color>
  <material>
   Шерсть
  </material>
  <price>
   799890
  </price>
  <rating>
   4.14
  </rating>
  <reviews>
   336516
  </reviews>
  <sporty>
   no
  </sporty>
 </clothing>
</clothing-items>
