<?xml version="1.0" encoding="utf-8"?>
<clothing-items>
 <clothing>
  <id>
   129763281
  </id>
  <name>
   Vans Shoes O-1147
  </name>
  <category>
   Shoes
  </category>
  <size>
   S
  </size>
  <color>
   Синий
  </color>
  <material>
   Нейлон
  </material>
  <price>
   109255
  </price>
  <rating>
   3.19
  </rating>
  <reviews>
   673073
  </reviews>
  <new>
   -
  </new>
 </clothing>
 <clothing>
  <id>
   900123309
  </id>
  <name>
   Vans Hat K-2952
  </name>
  <category>
   Hat
  </category>
  <size>
   L
  </size>
  <color>
   Оранжевый
  </color>
  <material>
   Шелк
  </material>
  <price>
   680886
  </price>
  <rating>
   3.07
  </rating>
  <reviews>
   299689
  </reviews>
  <new>
   +
  </new>
  <exclusive>
   no
  </exclusive>
  <sporty>
   yes
  </sporty>
 </clothing>
 <clothing>
  <id>
   519037898
  </id>
  <name>
   Lacoste Sweater Y-3855
  </name>
  <category>
   Sweater
  </category>
  <size>
   M
  </size>
  <color>
   Фиолетовый
  </color>
  <material>
   Вискоза
  </material>
  <price>
   757641
  </price>
  <rating>
   1.31
  </rating>
  <reviews>
   9206
  </reviews>
  <exclusive>
   yes
  </exclusive>
 </clothing>
 <clothing>
  <id>
   974941261
  </id>
  <name>
   Ellesse Jeans V-9776
  </name>
  <category>
   Jeans
  </category>
  <size>
   M
  </size>
  <color>
   Оранжевый
  </color>
  <material>
   Шерсть
  </material>
  <price>
   170610
  </price>
  <rating>
   2.09
  </rating>
  <reviews>
   174722
  </reviews>
  <new>
   +
  </new>
  <exclusive>
   yes
  </exclusive>
 </clothing>
 <clothing>
  <id>
   303319729
  </id>
  <name>
   Reebok Jeans V-2419
  </name>
  <category>
   Jeans
  </category>
  <size>
   S
  </size>
  <color>
   Зеленый
  </color>
  <material>
   Полиэстер
  </material>
  <price>
   148349
  </price>
  <rating>
   3.19
  </rating>
  <reviews>
   890542
  </reviews>
  <new>
   -
  </new>
  <exclusive>
   yes
  </exclusive>
  <sporty>
   no
  </sporty>
 </clothing>
 <clothing>
  <id>
   472564473
  </id>
  <name>
   Fila Hat A-8778
  </name>
  <category>
   Hat
  </category>
  <size>
   XL
  </size>
  <color>
   Зеленый
  </color>
  <material>
   Вискоза
  </material>
  <price>
   279402
  </price>
  <rating>
   2.36
  </rating>
  <reviews>
   51167
  </reviews>
  <new>
   -
  </new>
  <sporty>
   no
  </sporty>
 </clothing>
 <clothing>
  <id>
   864962535
  </id>
  <name>
   Vans Pants H-4387
  </name>
  <category>
   Pants
  </category>
  <size>
   L
  </size>
  <color>
   Голубой
  </color>
  <material>
   Полиэстер
  </material>
  <price>
   765954
  </price>
  <rating>
   4.28
  </rating>
  <reviews>
   864116
  </reviews>
  <new>
   -
  </new>
  <sporty>
   no
  </sporty>
 </clothing>
 <clothing>
  <id>
   872104444
  </id>
  <name>
   Fila Hat C-4088
  </name>
  <category>
   Hat
  </category>
  <size>
   XL
  </size>
  <color>
   Желтый
  </color>
  <material>
   Кожа
  </material>
  <price>
   475682
  </price>
  <rating>
   3.47
  </rating>
  <reviews>
   822586
  </reviews>
  <new>
   -
  </new>
  <exclusive>
   no
  </exclusive>
  <sporty>
   no
  </sporty>
 </clothing>
 <clothing>
  <id>
   816532562
  </id>
  <name>
   Converse Sweater D-8471
  </name>
  <category>
   Sweater
  </category>
  <size>
   M
  </size>
  <color>
   Синий
  </color>
  <material>
   Вискоза
  </material>
  <price>
   644491
  </price>
  <rating>
   4.93
  </rating>
  <reviews>
   992746
  </reviews>
  <new>
   +
  </new>
  <sporty>
   yes
  </sporty>
 </clothing>
 <clothing>
  <id>
   688102395
  </id>
  <name>
   Lacoste Dress E-8661
  </name>
  <category>
   Dress
  </category>
  <size>
   L
  </size>
  <color>
   Синий
  </color>
  <material>
   Полиэстер
  </material>
  <price>
   204047
  </price>
  <rating>
   1.37
  </rating>
  <reviews>
   592997
  </reviews>
  <new>
   -
  </new>
  <exclusive>
   no
  </exclusive>
  <sporty>
   yes
  </sporty>
 </clothing>
 <clothing>
  <id>
   634122718
  </id>
  <name>
   PleinSport Dress B-1781
  </name>
  <category>
   Dress
  </category>
  <size>
   L
  </size>
  <color>
   Синий
  </color>
  <material>
   Полиэстер
  </material>
  <price>
   423702
  </price>
  <rating>
   1.99
  </rating>
  <reviews>
   372869
  </reviews>
  <new>
   +
  </new>
  <sporty>
   no
  </sporty>
 </clothing>
 <clothing>
  <id>
   155150738
  </id>
  <name>
   Under Armour Sweater I-4094
  </name>
  <category>
   Sweater
  </category>
  <size>
   XXL
  </size>
  <color>
   Оранжевый
  </color>
  <material>
   Вискоза
  </material>
  <price>
   262725
  </price>
  <rating>
   2.72
  </rating>
  <reviews>
   9261
  </reviews>
  <exclusive>
   yes
  </exclusive>
 </clothing>
 <clothing>
  <id>
   796363486
  </id>
  <name>
   Vans Blouse W-6144
  </name>
  <category>
   Blouse
  </category>
  <size>
   XXL
  </size>
  <color>
   Фиолетовый
  </color>
  <material>
   Лен
  </material>
  <price>
   698126
  </price>
  <rating>
   1.18
  </rating>
  <reviews>
   533212
  </reviews>
  <new>
   -
  </new>
  <exclusive>
   yes
  </exclusive>
  <sporty>
   no
  </sporty>
 </clothing>
 <clothing>
  <id>
   333449013
  </id>
  <name>
   Puma Skirt I-9926
  </name>
  <category>
   Skirt
  </category>
  <size>
   XL
  </size>
  <color>
   Фиолетовый
  </color>
  <material>
   Вискоза
  </material>
  <price>
   888253
  </price>
  <rating>
   2.57
  </rating>
  <reviews>
   24658
  </reviews>
  <new>
   -
  </new>
  <exclusive>
   no
  </exclusive>
 </clothing>
 <clothing>
  <id>
   647940410
  </id>
  <name>
   Lacoste Umbrellas V-8283
  </name>
  <category>
   Umbrellas
  </category>
  <size>
   L
  </size>
  <color>
   Фиолетовый
  </color>
  <material>
   Шерсть
  </material>
  <price>
   455433
  </price>
  <rating>
   1.67
  </rating>
  <reviews>
   130240
  </reviews>
  <exclusive>
   no
  </exclusive>
 </clothing>
 <clothing>
  <id>
   847221506
  </id>
  <name>
   Converse Dress G-3670
  </name>
  <category>
   Dress
  </category>
  <size>
   S
  </size>
  <color>
   Красный
  </color>
  <material>
   Шерсть
  </material>
  <price>
   601370
  </price>
  <rating>
   1.65
  </rating>
  <reviews>
   109390
  </reviews>
  <new>
   -
  </new>
  <exclusive>
   yes
  </exclusive>
  <sporty>
   yes
  </sporty>
 </clothing>
 <clothing>
  <id>
   457081227
  </id>
  <name>
   Under Armour Gloves T-3236
  </name>
  <category>
   Gloves
  </category>
  <size>
   L
  </size>
  <color>
   Оранжевый
  </color>
  <material>
   Вискоза
  </material>
  <price>
   569171
  </price>
  <rating>
   2.44
  </rating>
  <reviews>
   545878
  </reviews>
  <sporty>
   no
  </sporty>
 </clothing>
 <clothing>
  <id>
   274019310
  </id>
  <name>
   Ellesse Dress O-4224
  </name>
  <category>
   Dress
  </category>
  <size>
   S
  </size>
  <color>
   Красный
  </color>
  <material>
   Нейлон
  </material>
  <price>
   300804
  </price>
  <rating>
   2.94
  </rating>
  <reviews>
   80047
  </reviews>
  <sporty>
   yes
  </sporty>
 </clothing>
 <clothing>
  <id>
   995664148
  </id>
  <name>
   Lacoste Shoes J-6619
  </name>
  <category>
   Shoes
  </category>
  <size>
   XL
  </size>
  <color>
   Зеленый
  </color>
  <material>
   Шерсть
  </material>
  <price>
   316148
  </price>
  <rating>
   4.9
  </rating>
  <reviews>
   529156
  </reviews>
  <new>
   +
  </new>
  <exclusive>
   no
  </exclusive>
  <sporty>
   no
  </sporty>
 </clothing>
 <clothing>
  <id>
   422553357
  </id>
  <name>
   DC Shoes V-2628
  </name>
  <category>
   Shoes
  </category>
  <size>
   M
  </size>
  <color>
   Оранжевый
  </color>
  <material>
   Лен
  </material>
  <price>
   751518
  </price>
  <rating>
   4.98
  </rating>
  <reviews>
   797260
  </reviews>
  <sporty>
   yes
  </sporty>
 </clothing>
 <clothing>
  <id>
   833226905
  </id>
  <name>
   Lacoste Shirt Y-6882
  </name>
  <category>
   Shirt
  </category>
  <size>
   XL
  </size>
  <color>
   Оранжевый
  </color>
  <material>
   Хлопок
  </material>
  <price>
   676805
  </price>
  <rating>
   2.79
  </rating>
  <reviews>
   290229
  </reviews>
  <new>
   -
  </new>
  <sporty>
   yes
  </sporty>
 </clothing>
 <clothing>
  <id>
   192213713
  </id>
  <name>
   Converse Dress C-4185
  </name>
  <category>
   Dress
  </category>
  <size>
   XXL
  </size>
  <color>
   Оранжевый
  </color>
  <material>
   Нейлон
  </material>
  <price>
   922242
  </price>
  <rating>
   1.82
  </rating>
  <reviews>
   409405
  </reviews>
 </clothing>
 <clothing>
  <id>
   198405222
  </id>
  <name>
   New Balance Shoes R-5806
  </name>
  <category>
   Shoes
  </category>
  <size>
   M
  </size>
  <color>
   Оранжевый
  </color>
  <material>
   Хлопок
  </material>
  <price>
   574146
  </price>
  <rating>
   4.88
  </rating>
  <reviews>
   463054
  </reviews>
  <sporty>
   no
  </sporty>
 </clothing>
 <clothing>
  <id>
   913214029
  </id>
  <name>
   Puma Jeans P-4566
  </name>
  <category>
   Jeans
  </category>
  <size>
   XL
  </size>
  <color>
   Желтый
  </color>
  <material>
   Кожа
  </material>
  <price>
   754963
  </price>
  <rating>
   1.89
  </rating>
  <reviews>
   977859
  </reviews>
  <new>
   +
  </new>
  <exclusive>
   yes
  </exclusive>
 </clothing>
 <clothing>
  <id>
   188947995
  </id>
  <name>
   Nike Skirt W-1638
  </name>
  <category>
   Skirt
  </category>
  <size>
   XXL
  </size>
  <color>
   Оранжевый
  </color>
  <material>
   Шерсть
  </material>
  <price>
   154886
  </price>
  <rating>
   3.97
  </rating>
  <reviews>
   338119
  </reviews>
 </clothing>
 <clothing>
  <id>
   325200321
  </id>
  <name>
   Asics Shoes A-2400
  </name>
  <category>
   Shoes
  </category>
  <size>
   S
  </size>
  <color>
   Зеленый
  </color>
  <material>
   Нейлон
  </material>
  <price>
   246850
  </price>
  <rating>
   4.27
  </rating>
  <reviews>
   399178
  </reviews>
  <new>
   +
  </new>
  <exclusive>
   yes
  </exclusive>
  <sporty>
   yes
  </sporty>
 </clothing>
 <clothing>
  <id>
   821021889
  </id>
  <name>
   Asics Sweater F-6827
  </name>
  <category>
   Sweater
  </category>
  <size>
   M
  </size>
  <color>
   Голубой
  </color>
  <material>
   Кожа
  </material>
  <price>
   430548
  </price>
  <rating>
   4.95
  </rating>
  <reviews>
   669073
  </reviews>
  <exclusive>
   no
  </exclusive>
  <sporty>
   no
  </sporty>
 </clothing>
 <clothing>
  <id>
   474634890
  </id>
  <name>
   Nike Pants H-7336
  </name>
  <category>
   Pants
  </category>
  <size>
   XL
  </size>
  <color>
   Синий
  </color>
  <material>
   Хлопок
  </material>
  <price>
   379251
  </price>
  <rating>
   1.97
  </rating>
  <reviews>
   955362
  </reviews>
  <new>
   -
  </new>
  <exclusive>
   yes
  </exclusive>
  <sporty>
   no
  </sporty>
 </clothing>
 <clothing>
  <id>
   995072380
  </id>
  <name>
   DC Skirt N-8003
  </name>
  <category>
   Skirt
  </category>
  <size>
   S
  </size>
  <color>
   Зеленый
  </color>
  <material>
   Кожа
  </material>
  <price>
   951901
  </price>
  <rating>
   1.35
  </rating>
  <reviews>
   938915
  </reviews>
  <new>
   +
  </new>
  <exclusive>
   no
  </exclusive>
  <sporty>
   no
  </sporty>
 </clothing>
 <clothing>
  <id>
   811430815
  </id>
  <name>
   Reebok Belts J-9244
  </name>
  <category>
   Belts
  </category>
  <size>
   M
  </size>
  <color>
   Голубой
  </color>
  <material>
   Шерсть
  </material>
  <price>
   410257
  </price>
  <rating>
   2.48
  </rating>
  <reviews>
   317656
  </reviews>
  <new>
   +
  </new>
  <exclusive>
   no
  </exclusive>
  <sporty>
   yes
  </sporty>
 </clothing>
 <clothing>
  <id>
   125297300
  </id>
  <name>
   Fila Hat M-7579
  </name>
  <category>
   Hat
  </category>
  <size>
   XXL
  </size>
  <color>
   Фиолетовый
  </color>
  <material>
   Кожа
  </material>
  <price>
   834267
  </price>
  <rating>
   1.05
  </rating>
  <reviews>
   167430
  </reviews>
  <sporty>
   yes
  </sporty>
 </clothing>
 <clothing>
  <id>
   764266141
  </id>
  <name>
   Brooks Umbrellas S-2441
  </name>
  <category>
   Umbrellas
  </category>
  <size>
   XXL
  </size>
  <color>
   Оранжевый
  </color>
  <material>
   Кожа
  </material>
  <price>
   140008
  </price>
  <rating>
   1.01
  </rating>
  <reviews>
   334674
  </reviews>
  <new>
   -
  </new>
 </clothing>
 <clothing>
  <id>
   151705348
  </id>
  <name>
   Vans Jeans Z-3621
  </name>
  <category>
   Jeans
  </category>
  <size>
   L
  </size>
  <color>
   Зеленый
  </color>
  <material>
   Шерсть
  </material>
  <price>
   429513
  </price>
  <rating>
   3.01
  </rating>
  <reviews>
   404844
  </reviews>
  <sporty>
   no
  </sporty>
 </clothing>
 <clothing>
  <id>
   893769826
  </id>
  <name>
   Vans Jacket Z-9940
  </name>
  <category>
   Jacket
  </category>
  <size>
   XXL
  </size>
  <color>
   Зеленый
  </color>
  <material>
   Лен
  </material>
  <price>
   801802
  </price>
  <rating>
   1.88
  </rating>
  <reviews>
   198905
  </reviews>
  <new>
   -
  </new>
  <exclusive>
   no
  </exclusive>
  <sporty>
   yes
  </sporty>
 </clothing>
 <clothing>
  <id>
   670192214
  </id>
  <name>
   Lacoste Hat U-2692
  </name>
  <category>
   Hat
  </category>
  <size>
   L
  </size>
  <color>
   Желтый
  </color>
  <material>
   Шелк
  </material>
  <price>
   640837
  </price>
  <rating>
   2.38
  </rating>
  <reviews>
   629837
  </reviews>
  <new>
   +
  </new>
  <exclusive>
   no
  </exclusive>
  <sporty>
   yes
  </sporty>
 </clothing>
 <clothing>
  <id>
   385202384
  </id>
  <name>
   Reebok Jacket T-2757
  </name>
  <category>
   Jacket
  </category>
  <size>
   XL
  </size>
  <color>
   Оранжевый
  </color>
  <material>
   Шерсть
  </material>
  <price>
   700240
  </price>
  <rating>
   2.83
  </rating>
  <reviews>
   151482
  </reviews>
  <new>
   +
  </new>
 </clothing>
 <clothing>
  <id>
   956387474
  </id>
  <name>
   Brooks Sweater D-9275
  </name>
  <category>
   Sweater
  </category>
  <size>
   M
  </size>
  <color>
   Желтый
  </color>
  <material>
   Полиэстер
  </material>
  <price>
   993547
  </price>
  <rating>
   2.4
  </rating>
  <reviews>
   584747
  </reviews>
  <sporty>
   no
  </sporty>
 </clothing>
 <clothing>
  <id>
   496653504
  </id>
  <name>
   Brooks Skirt W-1091
  </name>
  <category>
   Skirt
  </category>
  <size>
   XL
  </size>
  <color>
   Голубой
  </color>
  <material>
   Полиэстер
  </material>
  <price>
   279425
  </price>
  <rating>
   1.9
  </rating>
  <reviews>
   24164
  </reviews>
 </clothing>
 <clothing>
  <id>
   513378815
  </id>
  <name>
   Asics Jeans F-4433
  </name>
  <category>
   Jeans
  </category>
  <size>
   S
  </size>
  <color>
   Красный
  </color>
  <material>
   Хлопок
  </material>
  <price>
   898408
  </price>
  <rating>
   3.79
  </rating>
  <reviews>
   60264
  </reviews>
  <new>
   -
  </new>
  <exclusive>
   yes
  </exclusive>
 </clothing>
 <clothing>
  <id>
   271073374
  </id>
  <name>
   Fila T-shirt M-5205
  </name>
  <category>
   T-shirt
  </category>
  <size>
   M
  </size>
  <color>
   Синий
  </color>
  <material>
   Полиэстер
  </material>
  <price>
   331895
  </price>
  <rating>
   1.28
  </rating>
  <reviews>
   341446
  </reviews>
  <exclusive>
   yes
  </exclusive>
 </clothing>
 <clothing>
  <id>
   853680952
  </id>
  <name>
   DC Handbags J-7132
  </name>
  <category>
   Handbags
  </category>
  <size>
   S
  </size>
  <color>
   Голубой
  </color>
  <material>
   Шерсть
  </material>
  <price>
   966648
  </price>
  <rating>
   4.08
  </rating>
  <reviews>
   607038
  </reviews>
  <new>
   -
  </new>
  <exclusive>
   yes
  </exclusive>
  <sporty>
   no
  </sporty>
 </clothing>
 <clothing>
  <id>
   224020930
  </id>
  <name>
   Ellesse Umbrellas W-1310
  </name>
  <category>
   Umbrellas
  </category>
  <size>
   XXL
  </size>
  <color>
   Красный
  </color>
  <material>
   Кожа
  </material>
  <price>
   259489
  </price>
  <rating>
   1.07
  </rating>
  <reviews>
   508531
  </reviews>
  <new>
   -
  </new>
  <exclusive>
   no
  </exclusive>
 </clothing>
 <clothing>
  <id>
   725881008
  </id>
  <name>
   Under Armour Umbrellas L-5219
  </name>
  <category>
   Umbrellas
  </category>
  <size>
   XL
  </size>
  <color>
   Желтый
  </color>
  <material>
   Нейлон
  </material>
  <price>
   966248
  </price>
  <rating>
   1.42
  </rating>
  <reviews>
   72024
  </reviews>
  <new>
   +
  </new>
  <sporty>
   yes
  </sporty>
 </clothing>
 <clothing>
  <id>
   793478785
  </id>
  <name>
   Lacoste Jacket H-1616
  </name>
  <category>
   Jacket
  </category>
  <size>
   M
  </size>
  <color>
   Оранжевый
  </color>
  <material>
   Вискоза
  </material>
  <price>
   546623
  </price>
  <rating>
   4.38
  </rating>
  <reviews>
   688999
  </reviews>
  <sporty>
   no
  </sporty>
 </clothing>
 <clothing>
  <id>
   676379248
  </id>
  <name>
   Fila Gloves L-5138
  </name>
  <category>
   Gloves
  </category>
  <size>
   S
  </size>
  <color>
   Красный
  </color>
  <material>
   Вискоза
  </material>
  <price>
   959491
  </price>
  <rating>
   4.08
  </rating>
  <reviews>
   103988
  </reviews>
  <new>
   +
  </new>
  <exclusive>
   no
  </exclusive>
  <sporty>
   no
  </sporty>
 </clothing>
</clothing-items>
