<?xml version="1.0" encoding="utf-8"?>
<clothing-items>
 <clothing>
  <id>
   158998996
  </id>
  <name>
   Under Armour Jeans Y-6951
  </name>
  <category>
   Jeans
  </category>
  <size>
   M
  </size>
  <color>
   Синий
  </color>
  <material>
   Нейлон
  </material>
  <price>
   230488
  </price>
  <rating>
   3.32
  </rating>
  <reviews>
   780479
  </reviews>
  <new>
   -
  </new>
 </clothing>
 <clothing>
  <id>
   281568726
  </id>
  <name>
   Brooks T-shirt W-5559
  </name>
  <category>
   T-shirt
  </category>
  <size>
   XL
  </size>
  <color>
   Желтый
  </color>
  <material>
   Вискоза
  </material>
  <price>
   672551
  </price>
  <rating>
   1.85
  </rating>
  <reviews>
   809616
  </reviews>
  <new>
   -
  </new>
 </clothing>
 <clothing>
  <id>
   473848248
  </id>
  <name>
   Converse Umbrellas M-6277
  </name>
  <category>
   Umbrellas
  </category>
  <size>
   M
  </size>
  <color>
   Оранжевый
  </color>
  <material>
   Шерсть
  </material>
  <price>
   936361
  </price>
  <rating>
   4.13
  </rating>
  <reviews>
   36864
  </reviews>
  <new>
   -
  </new>
  <sporty>
   yes
  </sporty>
 </clothing>
 <clothing>
  <id>
   227448578
  </id>
  <name>
   Nike Handbags J-6824
  </name>
  <category>
   Handbags
  </category>
  <size>
   M
  </size>
  <color>
   Голубой
  </color>
  <material>
   Нейлон
  </material>
  <price>
   253051
  </price>
  <rating>
   1.83
  </rating>
  <reviews>
   992134
  </reviews>
  <new>
   +
  </new>
 </clothing>
 <clothing>
  <id>
   639868002
  </id>
  <name>
   Asics Blouse Y-8943
  </name>
  <category>
   Blouse
  </category>
  <size>
   XXL
  </size>
  <color>
   Желтый
  </color>
  <material>
   Вискоза
  </material>
  <price>
   974072
  </price>
  <rating>
   4.05
  </rating>
  <reviews>
   7269
  </reviews>
  <exclusive>
   yes
  </exclusive>
 </clothing>
 <clothing>
  <id>
   212088381
  </id>
  <name>
   Puma Dress W-3885
  </name>
  <category>
   Dress
  </category>
  <size>
   XL
  </size>
  <color>
   Синий
  </color>
  <material>
   Хлопок
  </material>
  <price>
   506512
  </price>
  <rating>
   2.44
  </rating>
  <reviews>
   583012
  </reviews>
  <new>
   -
  </new>
  <exclusive>
   no
  </exclusive>
 </clothing>
 <clothing>
  <id>
   108831524
  </id>
  <name>
   Ellesse Jeans B-4645
  </name>
  <category>
   Jeans
  </category>
  <size>
   XXL
  </size>
  <color>
   Фиолетовый
  </color>
  <material>
   Шелк
  </material>
  <price>
   349879
  </price>
  <rating>
   2.64
  </rating>
  <reviews>
   348295
  </reviews>
  <exclusive>
   yes
  </exclusive>
  <sporty>
   yes
  </sporty>
 </clothing>
 <clothing>
  <id>
   327967903
  </id>
  <name>
   Fila Hat B-8130
  </name>
  <category>
   Hat
  </category>
  <size>
   XXL
  </size>
  <color>
   Синий
  </color>
  <material>
   Шерсть
  </material>
  <price>
   931105
  </price>
  <rating>
   3.58
  </rating>
  <reviews>
   898032
  </reviews>
  <new>
   -
  </new>
  <exclusive>
   no
  </exclusive>
  <sporty>
   yes
  </sporty>
 </clothing>
 <clothing>
  <id>
   260338172
  </id>
  <name>
   Lacoste Hat Z-6158
  </name>
  <category>
   Hat
  </category>
  <size>
   XL
  </size>
  <color>
   Зеленый
  </color>
  <material>
   Шелк
  </material>
  <price>
   595075
  </price>
  <rating>
   3.6
  </rating>
  <reviews>
   880114
  </reviews>
  <exclusive>
   no
  </exclusive>
  <sporty>
   yes
  </sporty>
 </clothing>
 <clothing>
  <id>
   114344428
  </id>
  <name>
   DC Handbags X-8059
  </name>
  <category>
   Handbags
  </category>
  <size>
   M
  </size>
  <color>
   Зеленый
  </color>
  <material>
   Нейлон
  </material>
  <price>
   310600
  </price>
  <rating>
   2.18
  </rating>
  <reviews>
   968763
  </reviews>
  <new>
   +
  </new>
  <sporty>
   no
  </sporty>
 </clothing>
 <clothing>
  <id>
   617558003
  </id>
  <name>
   Under Armour Skirt N-6461
  </name>
  <category>
   Skirt
  </category>
  <size>
   XXL
  </size>
  <color>
   Желтый
  </color>
  <material>
   Кожа
  </material>
  <price>
   646984
  </price>
  <rating>
   4.19
  </rating>
  <reviews>
   77522
  </reviews>
  <new>
   -
  </new>
  <exclusive>
   yes
  </exclusive>
  <sporty>
   no
  </sporty>
 </clothing>
 <clothing>
  <id>
   319438403
  </id>
  <name>
   Brooks Jeans W-9601
  </name>
  <category>
   Jeans
  </category>
  <size>
   XL
  </size>
  <color>
   Красный
  </color>
  <material>
   Лен
  </material>
  <price>
   983354
  </price>
  <rating>
   2.18
  </rating>
  <reviews>
   485798
  </reviews>
  <new>
   -
  </new>
  <sporty>
   no
  </sporty>
 </clothing>
 <clothing>
  <id>
   728091630
  </id>
  <name>
   Fila Umbrellas T-5555
  </name>
  <category>
   Umbrellas
  </category>
  <size>
   S
  </size>
  <color>
   Оранжевый
  </color>
  <material>
   Полиэстер
  </material>
  <price>
   322830
  </price>
  <rating>
   2.38
  </rating>
  <reviews>
   63136
  </reviews>
  <new>
   -
  </new>
  <exclusive>
   no
  </exclusive>
  <sporty>
   yes
  </sporty>
 </clothing>
 <clothing>
  <id>
   959835456
  </id>
  <name>
   Ellesse T-shirt X-4323
  </name>
  <category>
   T-shirt
  </category>
  <size>
   XL
  </size>
  <color>
   Оранжевый
  </color>
  <material>
   Шерсть
  </material>
  <price>
   346082
  </price>
  <rating>
   3.74
  </rating>
  <reviews>
   250188
  </reviews>
  <exclusive>
   no
  </exclusive>
  <sporty>
   no
  </sporty>
 </clothing>
 <clothing>
  <id>
   613530097
  </id>
  <name>
   Lacoste Jeans G-2600
  </name>
  <category>
   Jeans
  </category>
  <size>
   XXL
  </size>
  <color>
   Зеленый
  </color>
  <material>
   Хлопок
  </material>
  <price>
   917258
  </price>
  <rating>
   3.8
  </rating>
  <reviews>
   41197
  </reviews>
  <new>
   +
  </new>
  <exclusive>
   yes
  </exclusive>
  <sporty>
   yes
  </sporty>
 </clothing>
 <clothing>
  <id>
   948572622
  </id>
  <name>
   Fila Blouse L-2551
  </name>
  <category>
   Blouse
  </category>
  <size>
   XXL
  </size>
  <color>
   Оранжевый
  </color>
  <material>
   Полиэстер
  </material>
  <price>
   885839
  </price>
  <rating>
   4.21
  </rating>
  <reviews>
   631431
  </reviews>
  <new>
   -
  </new>
  <sporty>
   yes
  </sporty>
 </clothing>
 <clothing>
  <id>
   560698348
  </id>
  <name>
   PleinSport Skirt Q-9061
  </name>
  <category>
   Skirt
  </category>
  <size>
   S
  </size>
  <color>
   Оранжевый
  </color>
  <material>
   Лен
  </material>
  <price>
   333091
  </price>
  <rating>
   3.47
  </rating>
  <reviews>
   407327
  </reviews>
  <new>
   +
  </new>
 </clothing>
 <clothing>
  <id>
   602629502
  </id>
  <name>
   Converse Skirt L-6198
  </name>
  <category>
   Skirt
  </category>
  <size>
   L
  </size>
  <color>
   Желтый
  </color>
  <material>
   Вискоза
  </material>
  <price>
   978883
  </price>
  <rating>
   2.34
  </rating>
  <reviews>
   562627
  </reviews>
  <new>
   +
  </new>
  <exclusive>
   yes
  </exclusive>
  <sporty>
   no
  </sporty>
 </clothing>
 <clothing>
  <id>
   111737225
  </id>
  <name>
   PleinSport Gloves L-3546
  </name>
  <category>
   Gloves
  </category>
  <size>
   XL
  </size>
  <color>
   Голубой
  </color>
  <material>
   Лен
  </material>
  <price>
   954748
  </price>
  <rating>
   3.96
  </rating>
  <reviews>
   341062
  </reviews>
  <sporty>
   no
  </sporty>
 </clothing>
 <clothing>
  <id>
   224944809
  </id>
  <name>
   Adidas Pants Z-6092
  </name>
  <category>
   Pants
  </category>
  <size>
   M
  </size>
  <color>
   Желтый
  </color>
  <material>
   Шелк
  </material>
  <price>
   722775
  </price>
  <rating>
   1.37
  </rating>
  <reviews>
   225150
  </reviews>
  <exclusive>
   no
  </exclusive>
  <sporty>
   no
  </sporty>
 </clothing>
 <clothing>
  <id>
   905111135
  </id>
  <name>
   PleinSport Pants H-3986
  </name>
  <category>
   Pants
  </category>
  <size>
   S
  </size>
  <color>
   Желтый
  </color>
  <material>
   Хлопок
  </material>
  <price>
   640457
  </price>
  <rating>
   3.63
  </rating>
  <reviews>
   106866
  </reviews>
  <new>
   -
  </new>
 </clothing>
 <clothing>
  <id>
   937730636
  </id>
  <name>
   Asics Dress K-9025
  </name>
  <category>
   Dress
  </category>
  <size>
   S
  </size>
  <color>
   Зеленый
  </color>
  <material>
   Кожа
  </material>
  <price>
   368639
  </price>
  <rating>
   2.95
  </rating>
  <reviews>
   289480
  </reviews>
  <new>
   +
  </new>
 </clothing>
 <clothing>
  <id>
   925320808
  </id>
  <name>
   New Balance Handbags A-8201
  </name>
  <category>
   Handbags
  </category>
  <size>
   L
  </size>
  <color>
   Фиолетовый
  </color>
  <material>
   Шерсть
  </material>
  <price>
   937472
  </price>
  <rating>
   2.58
  </rating>
  <reviews>
   937364
  </reviews>
  <new>
   +
  </new>
  <exclusive>
   yes
  </exclusive>
  <sporty>
   yes
  </sporty>
 </clothing>
 <clothing>
  <id>
   476409801
  </id>
  <name>
   Reebok Socks P-2951
  </name>
  <category>
   Socks
  </category>
  <size>
   M
  </size>
  <color>
   Зеленый
  </color>
  <material>
   Хлопок
  </material>
  <price>
   339963
  </price>
  <rating>
   2.54
  </rating>
  <reviews>
   711834
  </reviews>
  <sporty>
   yes
  </sporty>
 </clothing>
 <clothing>
  <id>
   833160453
  </id>
  <name>
   Nike T-shirt O-9906
  </name>
  <category>
   T-shirt
  </category>
  <size>
   L
  </size>
  <color>
   Голубой
  </color>
  <material>
   Лен
  </material>
  <price>
   869913
  </price>
  <rating>
   3.71
  </rating>
  <reviews>
   696275
  </reviews>
  <sporty>
   no
  </sporty>
 </clothing>
 <clothing>
  <id>
   332599974
  </id>
  <name>
   Asics Shoes P-1665
  </name>
  <category>
   Shoes
  </category>
  <size>
   XXL
  </size>
  <color>
   Зеленый
  </color>
  <material>
   Вискоза
  </material>
  <price>
   468581
  </price>
  <rating>
   1.76
  </rating>
  <reviews>
   955076
  </reviews>
  <new>
   +
  </new>
 </clothing>
 <clothing>
  <id>
   761478293
  </id>
  <name>
   Reebok Pants S-6334
  </name>
  <category>
   Pants
  </category>
  <size>
   XL
  </size>
  <color>
   Красный
  </color>
  <material>
   Нейлон
  </material>
  <price>
   579768
  </price>
  <rating>
   2.25
  </rating>
  <reviews>
   892220
  </reviews>
  <new>
   +
  </new>
  <sporty>
   no
  </sporty>
 </clothing>
 <clothing>
  <id>
   397400332
  </id>
  <name>
   Puma Hat Z-4449
  </name>
  <category>
   Hat
  </category>
  <size>
   L
  </size>
  <color>
   Красный
  </color>
  <material>
   Вискоза
  </material>
  <price>
   705599
  </price>
  <rating>
   3.88
  </rating>
  <reviews>
   953649
  </reviews>
  <exclusive>
   yes
  </exclusive>
  <sporty>
   no
  </sporty>
 </clothing>
 <clothing>
  <id>
   834807873
  </id>
  <name>
   Converse Shirt M-1912
  </name>
  <category>
   Shirt
  </category>
  <size>
   XXL
  </size>
  <color>
   Оранжевый
  </color>
  <material>
   Нейлон
  </material>
  <price>
   679523
  </price>
  <rating>
   4.62
  </rating>
  <reviews>
   619148
  </reviews>
  <exclusive>
   no
  </exclusive>
  <sporty>
   yes
  </sporty>
 </clothing>
 <clothing>
  <id>
   131206614
  </id>
  <name>
   Puma Shoes C-4143
  </name>
  <category>
   Shoes
  </category>
  <size>
   L
  </size>
  <color>
   Оранжевый
  </color>
  <material>
   Нейлон
  </material>
  <price>
   663181
  </price>
  <rating>
   2.74
  </rating>
  <reviews>
   782977
  </reviews>
  <exclusive>
   no
  </exclusive>
  <sporty>
   no
  </sporty>
 </clothing>
 <clothing>
  <id>
   360549873
  </id>
  <name>
   Brooks Hat S-4524
  </name>
  <category>
   Hat
  </category>
  <size>
   XL
  </size>
  <color>
   Зеленый
  </color>
  <material>
   Полиэстер
  </material>
  <price>
   199630
  </price>
  <rating>
   3.67
  </rating>
  <reviews>
   585488
  </reviews>
  <new>
   -
  </new>
  <exclusive>
   no
  </exclusive>
 </clothing>
</clothing-items>
