<?xml version="1.0" encoding="utf-8"?>
<clothing-items>
 <clothing>
  <id>
   445283559
  </id>
  <name>
   Under Armour Jacket E-1075
  </name>
  <category>
   Jacket
  </category>
  <size>
   S
  </size>
  <color>
   Оранжевый
  </color>
  <material>
   Вискоза
  </material>
  <price>
   485852
  </price>
  <rating>
   4.01
  </rating>
  <reviews>
   213888
  </reviews>
  <new>
   -
  </new>
  <exclusive>
   yes
  </exclusive>
  <sporty>
   no
  </sporty>
 </clothing>
 <clothing>
  <id>
   178876499
  </id>
  <name>
   Converse Socks H-6543
  </name>
  <category>
   Socks
  </category>
  <size>
   S
  </size>
  <color>
   Зеленый
  </color>
  <material>
   Шелк
  </material>
  <price>
   181046
  </price>
  <rating>
   4.79
  </rating>
  <reviews>
   172330
  </reviews>
  <sporty>
   no
  </sporty>
 </clothing>
 <clothing>
  <id>
   419373610
  </id>
  <name>
   PleinSport Handbags Z-7012
  </name>
  <category>
   Handbags
  </category>
  <size>
   XL
  </size>
  <color>
   Оранжевый
  </color>
  <material>
   Вискоза
  </material>
  <price>
   130773
  </price>
  <rating>
   2.72
  </rating>
  <reviews>
   864112
  </reviews>
  <sporty>
   yes
  </sporty>
 </clothing>
 <clothing>
  <id>
   274575198
  </id>
  <name>
   New Balance Skirt Y-6340
  </name>
  <category>
   Skirt
  </category>
  <size>
   XXL
  </size>
  <color>
   Красный
  </color>
  <material>
   Нейлон
  </material>
  <price>
   304175
  </price>
  <rating>
   1.96
  </rating>
  <reviews>
   325847
  </reviews>
  <new>
   +
  </new>
 </clothing>
 <clothing>
  <id>
   439645245
  </id>
  <name>
   Adidas Blouse I-1294
  </name>
  <category>
   Blouse
  </category>
  <size>
   XXL
  </size>
  <color>
   Голубой
  </color>
  <material>
   Хлопок
  </material>
  <price>
   872346
  </price>
  <rating>
   3.92
  </rating>
  <reviews>
   478138
  </reviews>
  <exclusive>
   yes
  </exclusive>
  <sporty>
   yes
  </sporty>
 </clothing>
 <clothing>
  <id>
   396029658
  </id>
  <name>
   Vans Hat H-4427
  </name>
  <category>
   Hat
  </category>
  <size>
   M
  </size>
  <color>
   Фиолетовый
  </color>
  <material>
   Кожа
  </material>
  <price>
   879325
  </price>
  <rating>
   4.15
  </rating>
  <reviews>
   376623
  </reviews>
  <new>
   -
  </new>
 </clothing>
 <clothing>
  <id>
   293649199
  </id>
  <name>
   Vans Dress M-6191
  </name>
  <category>
   Dress
  </category>
  <size>
   L
  </size>
  <color>
   Желтый
  </color>
  <material>
   Шелк
  </material>
  <price>
   115716
  </price>
  <rating>
   3.99
  </rating>
  <reviews>
   710398
  </reviews>
  <exclusive>
   no
  </exclusive>
  <sporty>
   yes
  </sporty>
 </clothing>
 <clothing>
  <id>
   538821204
  </id>
  <name>
   Addidas Jacket H-6636
  </name>
  <category>
   Jacket
  </category>
  <size>
   XXL
  </size>
  <color>
   Желтый
  </color>
  <material>
   Шерсть
  </material>
  <price>
   155710
  </price>
  <rating>
   4.33
  </rating>
  <reviews>
   583623
  </reviews>
  <exclusive>
   no
  </exclusive>
  <sporty>
   no
  </sporty>
 </clothing>
 <clothing>
  <id>
   581861496
  </id>
  <name>
   Vans Gloves C-7698
  </name>
  <category>
   Gloves
  </category>
  <size>
   XL
  </size>
  <color>
   Фиолетовый
  </color>
  <material>
   Шелк
  </material>
  <price>
   190945
  </price>
  <rating>
   3.44
  </rating>
  <reviews>
   405120
  </reviews>
 </clothing>
 <clothing>
  <id>
   939920292
  </id>
  <name>
   Brooks Pants M-4046
  </name>
  <category>
   Pants
  </category>
  <size>
   XXL
  </size>
  <color>
   Оранжевый
  </color>
  <material>
   Хлопок
  </material>
  <price>
   423120
  </price>
  <rating>
   3.85
  </rating>
  <reviews>
   848809
  </reviews>
  <sporty>
   yes
  </sporty>
 </clothing>
 <clothing>
  <id>
   389438182
  </id>
  <name>
   Brooks Hat J-7859
  </name>
  <category>
   Hat
  </category>
  <size>
   S
  </size>
  <color>
   Оранжевый
  </color>
  <material>
   Кожа
  </material>
  <price>
   530259
  </price>
  <rating>
   1.54
  </rating>
  <reviews>
   70706
  </reviews>
  <exclusive>
   no
  </exclusive>
  <sporty>
   no
  </sporty>
 </clothing>
 <clothing>
  <id>
   475421461
  </id>
  <name>
   Brooks Sweater F-1094
  </name>
  <category>
   Sweater
  </category>
  <size>
   S
  </size>
  <color>
   Синий
  </color>
  <material>
   Кожа
  </material>
  <price>
   353121
  </price>
  <rating>
   3.42
  </rating>
  <reviews>
   611557
  </reviews>
  <new>
   -
  </new>
  <sporty>
   yes
  </sporty>
 </clothing>
 <clothing>
  <id>
   289645264
  </id>
  <name>
   Ellesse Blouse S-8885
  </name>
  <category>
   Blouse
  </category>
  <size>
   XL
  </size>
  <color>
   Оранжевый
  </color>
  <material>
   Лен
  </material>
  <price>
   366106
  </price>
  <rating>
   1.91
  </rating>
  <reviews>
   327926
  </reviews>
  <new>
   -
  </new>
  <exclusive>
   no
  </exclusive>
  <sporty>
   yes
  </sporty>
 </clothing>
 <clothing>
  <id>
   902450875
  </id>
  <name>
   Lacoste T-shirt R-9699
  </name>
  <category>
   T-shirt
  </category>
  <size>
   S
  </size>
  <color>
   Синий
  </color>
  <material>
   Лен
  </material>
  <price>
   667018
  </price>
  <rating>
   3.85
  </rating>
  <reviews>
   194869
  </reviews>
  <sporty>
   no
  </sporty>
 </clothing>
 <clothing>
  <id>
   570422280
  </id>
  <name>
   Reebok Dress J-5702
  </name>
  <category>
   Dress
  </category>
  <size>
   XL
  </size>
  <color>
   Красный
  </color>
  <material>
   Полиэстер
  </material>
  <price>
   450855
  </price>
  <rating>
   4.32
  </rating>
  <reviews>
   186101
  </reviews>
  <new>
   +
  </new>
  <exclusive>
   yes
  </exclusive>
  <sporty>
   yes
  </sporty>
 </clothing>
 <clothing>
  <id>
   655622370
  </id>
  <name>
   New Balance Skirt Z-2584
  </name>
  <category>
   Skirt
  </category>
  <size>
   XL
  </size>
  <color>
   Зеленый
  </color>
  <material>
   Кожа
  </material>
  <price>
   281350
  </price>
  <rating>
   3.68
  </rating>
  <reviews>
   326189
  </reviews>
  <new>
   +
  </new>
  <sporty>
   no
  </sporty>
 </clothing>
 <clothing>
  <id>
   100960485
  </id>
  <name>
   Fila Blouse O-7137
  </name>
  <category>
   Blouse
  </category>
  <size>
   XXL
  </size>
  <color>
   Фиолетовый
  </color>
  <material>
   Полиэстер
  </material>
  <price>
   492325
  </price>
  <rating>
   1.56
  </rating>
  <reviews>
   715482
  </reviews>
  <exclusive>
   yes
  </exclusive>
  <sporty>
   no
  </sporty>
 </clothing>
 <clothing>
  <id>
   874530729
  </id>
  <name>
   Lacoste Handbags T-5681
  </name>
  <category>
   Handbags
  </category>
  <size>
   M
  </size>
  <color>
   Фиолетовый
  </color>
  <material>
   Лен
  </material>
  <price>
   670593
  </price>
  <rating>
   3.37
  </rating>
  <reviews>
   849422
  </reviews>
  <sporty>
   no
  </sporty>
 </clothing>
 <clothing>
  <id>
   888110056
  </id>
  <name>
   Nike Pants U-6500
  </name>
  <category>
   Pants
  </category>
  <size>
   L
  </size>
  <color>
   Зеленый
  </color>
  <material>
   Кожа
  </material>
  <price>
   378982
  </price>
  <rating>
   3.25
  </rating>
  <reviews>
   288605
  </reviews>
  <new>
   +
  </new>
  <exclusive>
   yes
  </exclusive>
 </clothing>
 <clothing>
  <id>
   560116371
  </id>
  <name>
   Nike Socks O-2589
  </name>
  <category>
   Socks
  </category>
  <size>
   L
  </size>
  <color>
   Фиолетовый
  </color>
  <material>
   Нейлон
  </material>
  <price>
   702244
  </price>
  <rating>
   3.43
  </rating>
  <reviews>
   45150
  </reviews>
  <new>
   -
  </new>
  <exclusive>
   yes
  </exclusive>
  <sporty>
   no
  </sporty>
 </clothing>
 <clothing>
  <id>
   682283973
  </id>
  <name>
   Fila Shirt L-9046
  </name>
  <category>
   Shirt
  </category>
  <size>
   XXL
  </size>
  <color>
   Голубой
  </color>
  <material>
   Вискоза
  </material>
  <price>
   926486
  </price>
  <rating>
   3.15
  </rating>
  <reviews>
   363634
  </reviews>
  <exclusive>
   no
  </exclusive>
  <sporty>
   no
  </sporty>
 </clothing>
 <clothing>
  <id>
   196506989
  </id>
  <name>
   Lacoste Skirt R-3705
  </name>
  <category>
   Skirt
  </category>
  <size>
   M
  </size>
  <color>
   Красный
  </color>
  <material>
   Кожа
  </material>
  <price>
   960842
  </price>
  <rating>
   3.01
  </rating>
  <reviews>
   819192
  </reviews>
  <exclusive>
   no
  </exclusive>
  <sporty>
   yes
  </sporty>
 </clothing>
 <clothing>
  <id>
   292949524
  </id>
  <name>
   Converse Jacket L-7217
  </name>
  <category>
   Jacket
  </category>
  <size>
   XXL
  </size>
  <color>
   Зеленый
  </color>
  <material>
   Шелк
  </material>
  <price>
   193580
  </price>
  <rating>
   3.29
  </rating>
  <reviews>
   837293
  </reviews>
  <exclusive>
   no
  </exclusive>
  <sporty>
   yes
  </sporty>
 </clothing>
 <clothing>
  <id>
   216636840
  </id>
  <name>
   Under Armour Shoes F-3809
  </name>
  <category>
   Shoes
  </category>
  <size>
   XL
  </size>
  <color>
   Голубой
  </color>
  <material>
   Шерсть
  </material>
  <price>
   980680
  </price>
  <rating>
   4.82
  </rating>
  <reviews>
   807221
  </reviews>
  <exclusive>
   yes
  </exclusive>
 </clothing>
 <clothing>
  <id>
   406789733
  </id>
  <name>
   Adidas Sweater V-8547
  </name>
  <category>
   Sweater
  </category>
  <size>
   S
  </size>
  <color>
   Синий
  </color>
  <material>
   Лен
  </material>
  <price>
   809202
  </price>
  <rating>
   3.47
  </rating>
  <reviews>
   206520
  </reviews>
  <new>
   -
  </new>
  <exclusive>
   no
  </exclusive>
 </clothing>
 <clothing>
  <id>
   741671563
  </id>
  <name>
   PleinSport Handbags B-5145
  </name>
  <category>
   Handbags
  </category>
  <size>
   XXL
  </size>
  <color>
   Голубой
  </color>
  <material>
   Шелк
  </material>
  <price>
   610305
  </price>
  <rating>
   4.45
  </rating>
  <reviews>
   785547
  </reviews>
  <sporty>
   yes
  </sporty>
 </clothing>
 <clothing>
  <id>
   181933866
  </id>
  <name>
   Fila Skirt Q-8528
  </name>
  <category>
   Skirt
  </category>
  <size>
   L
  </size>
  <color>
   Голубой
  </color>
  <material>
   Кожа
  </material>
  <price>
   945754
  </price>
  <rating>
   4.9
  </rating>
  <reviews>
   422489
  </reviews>
  <exclusive>
   yes
  </exclusive>
 </clothing>
 <clothing>
  <id>
   403538591
  </id>
  <name>
   PleinSport T-shirt Q-2364
  </name>
  <category>
   T-shirt
  </category>
  <size>
   XL
  </size>
  <color>
   Синий
  </color>
  <material>
   Кожа
  </material>
  <price>
   629894
  </price>
  <rating>
   2.46
  </rating>
  <reviews>
   347477
  </reviews>
  <exclusive>
   yes
  </exclusive>
  <sporty>
   yes
  </sporty>
 </clothing>
 <clothing>
  <id>
   222671867
  </id>
  <name>
   DC Jeans M-1846
  </name>
  <category>
   Jeans
  </category>
  <size>
   XL
  </size>
  <color>
   Оранжевый
  </color>
  <material>
   Лен
  </material>
  <price>
   640149
  </price>
  <rating>
   1.24
  </rating>
  <reviews>
   266486
  </reviews>
  <new>
   -
  </new>
  <exclusive>
   yes
  </exclusive>
  <sporty>
   no
  </sporty>
 </clothing>
 <clothing>
  <id>
   958381420
  </id>
  <name>
   Under Armour Blouse W-5937
  </name>
  <category>
   Blouse
  </category>
  <size>
   L
  </size>
  <color>
   Оранжевый
  </color>
  <material>
   Кожа
  </material>
  <price>
   699016
  </price>
  <rating>
   1.05
  </rating>
  <reviews>
   87392
  </reviews>
  <exclusive>
   no
  </exclusive>
 </clothing>
 <clothing>
  <id>
   444900745
  </id>
  <name>
   Addidas Jacket W-1742
  </name>
  <category>
   Jacket
  </category>
  <size>
   L
  </size>
  <color>
   Оранжевый
  </color>
  <material>
   Шерсть
  </material>
  <price>
   729774
  </price>
  <rating>
   3.83
  </rating>
  <reviews>
   215289
  </reviews>
  <sporty>
   no
  </sporty>
 </clothing>
 <clothing>
  <id>
   720778788
  </id>
  <name>
   Brooks Belts U-5829
  </name>
  <category>
   Belts
  </category>
  <size>
   S
  </size>
  <color>
   Оранжевый
  </color>
  <material>
   Вискоза
  </material>
  <price>
   142166
  </price>
  <rating>
   4.88
  </rating>
  <reviews>
   245238
  </reviews>
  <sporty>
   yes
  </sporty>
 </clothing>
 <clothing>
  <id>
   120235607
  </id>
  <name>
   Vans Hat A-7026
  </name>
  <category>
   Hat
  </category>
  <size>
   L
  </size>
  <color>
   Желтый
  </color>
  <material>
   Шелк
  </material>
  <price>
   291004
  </price>
  <rating>
   1.49
  </rating>
  <reviews>
   664280
  </reviews>
 </clothing>
 <clothing>
  <id>
   374107803
  </id>
  <name>
   Reebok Sweater B-9406
  </name>
  <category>
   Sweater
  </category>
  <size>
   XL
  </size>
  <color>
   Красный
  </color>
  <material>
   Хлопок
  </material>
  <price>
   120085
  </price>
  <rating>
   1.45
  </rating>
  <reviews>
   262734
  </reviews>
  <new>
   -
  </new>
  <exclusive>
   no
  </exclusive>
  <sporty>
   no
  </sporty>
 </clothing>
 <clothing>
  <id>
   715388989
  </id>
  <name>
   Lacoste Blouse E-4331
  </name>
  <category>
   Blouse
  </category>
  <size>
   XXL
  </size>
  <color>
   Желтый
  </color>
  <material>
   Шелк
  </material>
  <price>
   220028
  </price>
  <rating>
   4.37
  </rating>
  <reviews>
   569315
  </reviews>
  <exclusive>
   no
  </exclusive>
 </clothing>
 <clothing>
  <id>
   346017513
  </id>
  <name>
   Lacoste Socks B-5613
  </name>
  <category>
   Socks
  </category>
  <size>
   XXL
  </size>
  <color>
   Зеленый
  </color>
  <material>
   Вискоза
  </material>
  <price>
   454708
  </price>
  <rating>
   2.6
  </rating>
  <reviews>
   486424
  </reviews>
  <exclusive>
   no
  </exclusive>
  <sporty>
   no
  </sporty>
 </clothing>
 <clothing>
  <id>
   297825051
  </id>
  <name>
   Brooks Umbrellas S-5077
  </name>
  <category>
   Umbrellas
  </category>
  <size>
   XL
  </size>
  <color>
   Желтый
  </color>
  <material>
   Кожа
  </material>
  <price>
   373217
  </price>
  <rating>
   1.02
  </rating>
  <reviews>
   530780
  </reviews>
  <new>
   -
  </new>
  <exclusive>
   no
  </exclusive>
 </clothing>
 <clothing>
  <id>
   333264761
  </id>
  <name>
   Addidas Skirt M-8232
  </name>
  <category>
   Skirt
  </category>
  <size>
   M
  </size>
  <color>
   Оранжевый
  </color>
  <material>
   Лен
  </material>
  <price>
   955184
  </price>
  <rating>
   3.35
  </rating>
  <reviews>
   45438
  </reviews>
  <exclusive>
   no
  </exclusive>
  <sporty>
   yes
  </sporty>
 </clothing>
 <clothing>
  <id>
   438630336
  </id>
  <name>
   Nike Shirt H-2281
  </name>
  <category>
   Shirt
  </category>
  <size>
   XL
  </size>
  <color>
   Красный
  </color>
  <material>
   Вискоза
  </material>
  <price>
   406304
  </price>
  <rating>
   1.58
  </rating>
  <reviews>
   778602
  </reviews>
 </clothing>
 <clothing>
  <id>
   672191189
  </id>
  <name>
   Reebok Shirt A-1618
  </name>
  <category>
   Shirt
  </category>
  <size>
   M
  </size>
  <color>
   Зеленый
  </color>
  <material>
   Шелк
  </material>
  <price>
   814651
  </price>
  <rating>
   2.08
  </rating>
  <reviews>
   399275
  </reviews>
  <new>
   +
  </new>
  <exclusive>
   no
  </exclusive>
  <sporty>
   no
  </sporty>
 </clothing>
 <clothing>
  <id>
   578908903
  </id>
  <name>
   Nike Socks Q-1436
  </name>
  <category>
   Socks
  </category>
  <size>
   S
  </size>
  <color>
   Голубой
  </color>
  <material>
   Вискоза
  </material>
  <price>
   379596
  </price>
  <rating>
   1.28
  </rating>
  <reviews>
   57526
  </reviews>
  <new>
   -
  </new>
  <sporty>
   no
  </sporty>
 </clothing>
 <clothing>
  <id>
   490220107
  </id>
  <name>
   Fila Gloves C-3304
  </name>
  <category>
   Gloves
  </category>
  <size>
   S
  </size>
  <color>
   Фиолетовый
  </color>
  <material>
   Лен
  </material>
  <price>
   777730
  </price>
  <rating>
   4.72
  </rating>
  <reviews>
   211843
  </reviews>
  <new>
   -
  </new>
  <exclusive>
   no
  </exclusive>
 </clothing>
 <clothing>
  <id>
   971472126
  </id>
  <name>
   Brooks Shirt P-8625
  </name>
  <category>
   Shirt
  </category>
  <size>
   M
  </size>
  <color>
   Зеленый
  </color>
  <material>
   Шелк
  </material>
  <price>
   483312
  </price>
  <rating>
   4.63
  </rating>
  <reviews>
   926016
  </reviews>
  <sporty>
   no
  </sporty>
 </clothing>
 <clothing>
  <id>
   751299280
  </id>
  <name>
   Nike Sweater A-3718
  </name>
  <category>
   Sweater
  </category>
  <size>
   XL
  </size>
  <color>
   Фиолетовый
  </color>
  <material>
   Хлопок
  </material>
  <price>
   749669
  </price>
  <rating>
   3.0
  </rating>
  <reviews>
   428888
  </reviews>
  <new>
   -
  </new>
  <sporty>
   no
  </sporty>
 </clothing>
 <clothing>
  <id>
   288888351
  </id>
  <name>
   DC Hat Z-6868
  </name>
  <category>
   Hat
  </category>
  <size>
   S
  </size>
  <color>
   Оранжевый
  </color>
  <material>
   Шерсть
  </material>
  <price>
   319721
  </price>
  <rating>
   1.49
  </rating>
  <reviews>
   621638
  </reviews>
  <new>
   -
  </new>
  <sporty>
   yes
  </sporty>
 </clothing>
</clothing-items>
