<?xml version="1.0" encoding="utf-8"?>
<clothing-items>
 <clothing>
  <id>
   230212964
  </id>
  <name>
   New Balance Socks Z-6601
  </name>
  <category>
   Socks
  </category>
  <size>
   S
  </size>
  <color>
   Голубой
  </color>
  <material>
   Лен
  </material>
  <price>
   422676
  </price>
  <rating>
   1.51
  </rating>
  <reviews>
   139688
  </reviews>
  <new>
   -
  </new>
  <exclusive>
   no
  </exclusive>
 </clothing>
 <clothing>
  <id>
   658856187
  </id>
  <name>
   Reebok Handbags C-2024
  </name>
  <category>
   Handbags
  </category>
  <size>
   L
  </size>
  <color>
   Голубой
  </color>
  <material>
   Кожа
  </material>
  <price>
   683878
  </price>
  <rating>
   4.77
  </rating>
  <reviews>
   310740
  </reviews>
  <new>
   +
  </new>
 </clothing>
 <clothing>
  <id>
   787050573
  </id>
  <name>
   Nike Gloves I-8534
  </name>
  <category>
   Gloves
  </category>
  <size>
   S
  </size>
  <color>
   Голубой
  </color>
  <material>
   Нейлон
  </material>
  <price>
   908468
  </price>
  <rating>
   4.81
  </rating>
  <reviews>
   973062
  </reviews>
  <new>
   -
  </new>
 </clothing>
 <clothing>
  <id>
   739372173
  </id>
  <name>
   Lacoste Shoes R-4041
  </name>
  <category>
   Shoes
  </category>
  <size>
   XL
  </size>
  <color>
   Оранжевый
  </color>
  <material>
   Вискоза
  </material>
  <price>
   520543
  </price>
  <rating>
   1.75
  </rating>
  <reviews>
   921197
  </reviews>
  <new>
   +
  </new>
  <sporty>
   yes
  </sporty>
 </clothing>
 <clothing>
  <id>
   238756119
  </id>
  <name>
   Asics Blouse A-2168
  </name>
  <category>
   Blouse
  </category>
  <size>
   S
  </size>
  <color>
   Фиолетовый
  </color>
  <material>
   Нейлон
  </material>
  <price>
   267471
  </price>
  <rating>
   4.8
  </rating>
  <reviews>
   533883
  </reviews>
  <new>
   +
  </new>
  <exclusive>
   yes
  </exclusive>
  <sporty>
   no
  </sporty>
 </clothing>
 <clothing>
  <id>
   772352025
  </id>
  <name>
   Adidas Handbags M-7048
  </name>
  <category>
   Handbags
  </category>
  <size>
   L
  </size>
  <color>
   Фиолетовый
  </color>
  <material>
   Лен
  </material>
  <price>
   810113
  </price>
  <rating>
   3.39
  </rating>
  <reviews>
   946328
  </reviews>
  <new>
   +
  </new>
  <sporty>
   no
  </sporty>
 </clothing>
 <clothing>
  <id>
   778189841
  </id>
  <name>
   Ellesse Shoes J-6904
  </name>
  <category>
   Shoes
  </category>
  <size>
   XXL
  </size>
  <color>
   Синий
  </color>
  <material>
   Хлопок
  </material>
  <price>
   316869
  </price>
  <rating>
   3.9
  </rating>
  <reviews>
   957026
  </reviews>
  <new>
   +
  </new>
  <exclusive>
   yes
  </exclusive>
  <sporty>
   yes
  </sporty>
 </clothing>
 <clothing>
  <id>
   494265254
  </id>
  <name>
   Fila Jeans O-2145
  </name>
  <category>
   Jeans
  </category>
  <size>
   XXL
  </size>
  <color>
   Фиолетовый
  </color>
  <material>
   Шерсть
  </material>
  <price>
   197224
  </price>
  <rating>
   2.91
  </rating>
  <reviews>
   386745
  </reviews>
  <new>
   -
  </new>
  <exclusive>
   no
  </exclusive>
  <sporty>
   yes
  </sporty>
 </clothing>
 <clothing>
  <id>
   414139565
  </id>
  <name>
   Fila Socks O-6827
  </name>
  <category>
   Socks
  </category>
  <size>
   XL
  </size>
  <color>
   Голубой
  </color>
  <material>
   Полиэстер
  </material>
  <price>
   381458
  </price>
  <rating>
   3.45
  </rating>
  <reviews>
   925053
  </reviews>
 </clothing>
 <clothing>
  <id>
   777584243
  </id>
  <name>
   Brooks Shirt R-3447
  </name>
  <category>
   Shirt
  </category>
  <size>
   XL
  </size>
  <color>
   Синий
  </color>
  <material>
   Кожа
  </material>
  <price>
   196945
  </price>
  <rating>
   3.32
  </rating>
  <reviews>
   939543
  </reviews>
  <exclusive>
   no
  </exclusive>
 </clothing>
 <clothing>
  <id>
   488283222
  </id>
  <name>
   Under Armour Jacket W-1423
  </name>
  <category>
   Jacket
  </category>
  <size>
   L
  </size>
  <color>
   Фиолетовый
  </color>
  <material>
   Вискоза
  </material>
  <price>
   324706
  </price>
  <rating>
   2.21
  </rating>
  <reviews>
   800232
  </reviews>
  <new>
   -
  </new>
  <exclusive>
   yes
  </exclusive>
 </clothing>
 <clothing>
  <id>
   511392404
  </id>
  <name>
   Vans Socks B-5391
  </name>
  <category>
   Socks
  </category>
  <size>
   S
  </size>
  <color>
   Фиолетовый
  </color>
  <material>
   Вискоза
  </material>
  <price>
   462765
  </price>
  <rating>
   1.45
  </rating>
  <reviews>
   658498
  </reviews>
  <new>
   -
  </new>
 </clothing>
 <clothing>
  <id>
   780906870
  </id>
  <name>
   Asics Handbags A-2350
  </name>
  <category>
   Handbags
  </category>
  <size>
   L
  </size>
  <color>
   Красный
  </color>
  <material>
   Лен
  </material>
  <price>
   530611
  </price>
  <rating>
   4.24
  </rating>
  <reviews>
   246158
  </reviews>
  <new>
   -
  </new>
  <exclusive>
   no
  </exclusive>
 </clothing>
 <clothing>
  <id>
   109723409
  </id>
  <name>
   Fila Blouse M-9436
  </name>
  <category>
   Blouse
  </category>
  <size>
   XXL
  </size>
  <color>
   Фиолетовый
  </color>
  <material>
   Хлопок
  </material>
  <price>
   758359
  </price>
  <rating>
   1.7
  </rating>
  <reviews>
   836997
  </reviews>
  <new>
   +
  </new>
  <sporty>
   no
  </sporty>
 </clothing>
 <clothing>
  <id>
   293382984
  </id>
  <name>
   Brooks Jeans Y-4592
  </name>
  <category>
   Jeans
  </category>
  <size>
   S
  </size>
  <color>
   Синий
  </color>
  <material>
   Кожа
  </material>
  <price>
   586811
  </price>
  <rating>
   4.25
  </rating>
  <reviews>
   251882
  </reviews>
  <exclusive>
   yes
  </exclusive>
 </clothing>
 <clothing>
  <id>
   213573193
  </id>
  <name>
   Vans Shirt X-1789
  </name>
  <category>
   Shirt
  </category>
  <size>
   S
  </size>
  <color>
   Зеленый
  </color>
  <material>
   Лен
  </material>
  <price>
   556705
  </price>
  <rating>
   4.43
  </rating>
  <reviews>
   356027
  </reviews>
  <sporty>
   no
  </sporty>
 </clothing>
 <clothing>
  <id>
   720558625
  </id>
  <name>
   New Balance Jeans P-5157
  </name>
  <category>
   Jeans
  </category>
  <size>
   M
  </size>
  <color>
   Синий
  </color>
  <material>
   Полиэстер
  </material>
  <price>
   613279
  </price>
  <rating>
   4.62
  </rating>
  <reviews>
   597846
  </reviews>
  <exclusive>
   yes
  </exclusive>
  <sporty>
   no
  </sporty>
 </clothing>
 <clothing>
  <id>
   922165276
  </id>
  <name>
   Vans Pants B-3399
  </name>
  <category>
   Pants
  </category>
  <size>
   L
  </size>
  <color>
   Синий
  </color>
  <material>
   Шелк
  </material>
  <price>
   733402
  </price>
  <rating>
   2.11
  </rating>
  <reviews>
   99310
  </reviews>
  <new>
   -
  </new>
  <exclusive>
   no
  </exclusive>
 </clothing>
 <clothing>
  <id>
   969456390
  </id>
  <name>
   Ellesse Hat K-8987
  </name>
  <category>
   Hat
  </category>
  <size>
   S
  </size>
  <color>
   Голубой
  </color>
  <material>
   Вискоза
  </material>
  <price>
   506510
  </price>
  <rating>
   2.18
  </rating>
  <reviews>
   783043
  </reviews>
  <new>
   +
  </new>
 </clothing>
 <clothing>
  <id>
   777261477
  </id>
  <name>
   Adidas Shirt C-5209
  </name>
  <category>
   Shirt
  </category>
  <size>
   L
  </size>
  <color>
   Фиолетовый
  </color>
  <material>
   Вискоза
  </material>
  <price>
   220127
  </price>
  <rating>
   3.96
  </rating>
  <reviews>
   673007
  </reviews>
  <sporty>
   no
  </sporty>
 </clothing>
 <clothing>
  <id>
   507366808
  </id>
  <name>
   Adidas Jeans E-3625
  </name>
  <category>
   Jeans
  </category>
  <size>
   M
  </size>
  <color>
   Желтый
  </color>
  <material>
   Лен
  </material>
  <price>
   309852
  </price>
  <rating>
   1.81
  </rating>
  <reviews>
   837802
  </reviews>
 </clothing>
 <clothing>
  <id>
   160389472
  </id>
  <name>
   Adidas Sweater T-8010
  </name>
  <category>
   Sweater
  </category>
  <size>
   XXL
  </size>
  <color>
   Зеленый
  </color>
  <material>
   Хлопок
  </material>
  <price>
   346349
  </price>
  <rating>
   3.53
  </rating>
  <reviews>
   661606
  </reviews>
  <exclusive>
   no
  </exclusive>
  <sporty>
   no
  </sporty>
 </clothing>
 <clothing>
  <id>
   862018266
  </id>
  <name>
   Vans T-shirt K-8157
  </name>
  <category>
   T-shirt
  </category>
  <size>
   XXL
  </size>
  <color>
   Желтый
  </color>
  <material>
   Шелк
  </material>
  <price>
   965246
  </price>
  <rating>
   2.77
  </rating>
  <reviews>
   701903
  </reviews>
 </clothing>
 <clothing>
  <id>
   231442168
  </id>
  <name>
   Brooks T-shirt I-5969
  </name>
  <category>
   T-shirt
  </category>
  <size>
   L
  </size>
  <color>
   Желтый
  </color>
  <material>
   Шерсть
  </material>
  <price>
   876176
  </price>
  <rating>
   2.04
  </rating>
  <reviews>
   440074
  </reviews>
  <new>
   +
  </new>
  <sporty>
   no
  </sporty>
 </clothing>
 <clothing>
  <id>
   705893550
  </id>
  <name>
   Nike Blouse P-1528
  </name>
  <category>
   Blouse
  </category>
  <size>
   XL
  </size>
  <color>
   Желтый
  </color>
  <material>
   Полиэстер
  </material>
  <price>
   673551
  </price>
  <rating>
   3.48
  </rating>
  <reviews>
   323373
  </reviews>
  <new>
   -
  </new>
  <exclusive>
   yes
  </exclusive>
 </clothing>
 <clothing>
  <id>
   294750948
  </id>
  <name>
   New Balance Shirt H-8692
  </name>
  <category>
   Shirt
  </category>
  <size>
   L
  </size>
  <color>
   Голубой
  </color>
  <material>
   Нейлон
  </material>
  <price>
   966194
  </price>
  <rating>
   2.07
  </rating>
  <reviews>
   598088
  </reviews>
  <new>
   -
  </new>
  <exclusive>
   no
  </exclusive>
 </clothing>
 <clothing>
  <id>
   971229583
  </id>
  <name>
   Vans T-shirt Z-3885
  </name>
  <category>
   T-shirt
  </category>
  <size>
   S
  </size>
  <color>
   Красный
  </color>
  <material>
   Хлопок
  </material>
  <price>
   404387
  </price>
  <rating>
   2.9
  </rating>
  <reviews>
   693998
  </reviews>
  <sporty>
   no
  </sporty>
 </clothing>
 <clothing>
  <id>
   630610891
  </id>
  <name>
   Puma Sweater Q-7030
  </name>
  <category>
   Sweater
  </category>
  <size>
   XXL
  </size>
  <color>
   Фиолетовый
  </color>
  <material>
   Полиэстер
  </material>
  <price>
   302837
  </price>
  <rating>
   4.86
  </rating>
  <reviews>
   971036
  </reviews>
  <new>
   +
  </new>
  <exclusive>
   no
  </exclusive>
  <sporty>
   no
  </sporty>
 </clothing>
 <clothing>
  <id>
   267851784
  </id>
  <name>
   Converse T-shirt T-7383
  </name>
  <category>
   T-shirt
  </category>
  <size>
   M
  </size>
  <color>
   Синий
  </color>
  <material>
   Лен
  </material>
  <price>
   949188
  </price>
  <rating>
   3.5
  </rating>
  <reviews>
   764304
  </reviews>
  <exclusive>
   yes
  </exclusive>
  <sporty>
   no
  </sporty>
 </clothing>
 <clothing>
  <id>
   917687837
  </id>
  <name>
   Vans Shoes W-4690
  </name>
  <category>
   Shoes
  </category>
  <size>
   XL
  </size>
  <color>
   Фиолетовый
  </color>
  <material>
   Лен
  </material>
  <price>
   392535
  </price>
  <rating>
   2.66
  </rating>
  <reviews>
   857756
  </reviews>
  <new>
   -
  </new>
 </clothing>
 <clothing>
  <id>
   705015372
  </id>
  <name>
   Fila Skirt W-8952
  </name>
  <category>
   Skirt
  </category>
  <size>
   S
  </size>
  <color>
   Желтый
  </color>
  <material>
   Кожа
  </material>
  <price>
   616773
  </price>
  <rating>
   1.05
  </rating>
  <reviews>
   804645
  </reviews>
  <new>
   -
  </new>
  <exclusive>
   no
  </exclusive>
  <sporty>
   yes
  </sporty>
 </clothing>
 <clothing>
  <id>
   441659712
  </id>
  <name>
   DC Pants Z-9008
  </name>
  <category>
   Pants
  </category>
  <size>
   XXL
  </size>
  <color>
   Зеленый
  </color>
  <material>
   Лен
  </material>
  <price>
   151583
  </price>
  <rating>
   4.1
  </rating>
  <reviews>
   709936
  </reviews>
  <new>
   +
  </new>
  <exclusive>
   no
  </exclusive>
  <sporty>
   yes
  </sporty>
 </clothing>
 <clothing>
  <id>
   911687111
  </id>
  <name>
   Asics Hat I-4893
  </name>
  <category>
   Hat
  </category>
  <size>
   XL
  </size>
  <color>
   Голубой
  </color>
  <material>
   Хлопок
  </material>
  <price>
   882312
  </price>
  <rating>
   4.73
  </rating>
  <reviews>
   30207
  </reviews>
  <new>
   +
  </new>
  <sporty>
   yes
  </sporty>
 </clothing>
 <clothing>
  <id>
   985424110
  </id>
  <name>
   PleinSport Umbrellas F-4373
  </name>
  <category>
   Umbrellas
  </category>
  <size>
   S
  </size>
  <color>
   Голубой
  </color>
  <material>
   Вискоза
  </material>
  <price>
   212982
  </price>
  <rating>
   2.51
  </rating>
  <reviews>
   26184
  </reviews>
 </clothing>
 <clothing>
  <id>
   108696610
  </id>
  <name>
   Fila Shoes Q-5655
  </name>
  <category>
   Shoes
  </category>
  <size>
   XXL
  </size>
  <color>
   Оранжевый
  </color>
  <material>
   Хлопок
  </material>
  <price>
   810754
  </price>
  <rating>
   1.37
  </rating>
  <reviews>
   708113
  </reviews>
 </clothing>
 <clothing>
  <id>
   574517187
  </id>
  <name>
   Under Armour Dress G-9096
  </name>
  <category>
   Dress
  </category>
  <size>
   M
  </size>
  <color>
   Фиолетовый
  </color>
  <material>
   Вискоза
  </material>
  <price>
   704636
  </price>
  <rating>
   4.9
  </rating>
  <reviews>
   597923
  </reviews>
  <new>
   -
  </new>
  <exclusive>
   no
  </exclusive>
  <sporty>
   yes
  </sporty>
 </clothing>
</clothing-items>
