<?xml version="1.0" encoding="utf-8"?>
<clothing-items>
 <clothing>
  <id>
   383578725
  </id>
  <name>
   Brooks Shirt S-2899
  </name>
  <category>
   Shirt
  </category>
  <size>
   M
  </size>
  <color>
   Желтый
  </color>
  <material>
   Шерсть
  </material>
  <price>
   559226
  </price>
  <rating>
   4.47
  </rating>
  <reviews>
   341741
  </reviews>
  <new>
   +
  </new>
  <sporty>
   no
  </sporty>
 </clothing>
 <clothing>
  <id>
   793922320
  </id>
  <name>
   Asics Dress T-1512
  </name>
  <category>
   Dress
  </category>
  <size>
   XL
  </size>
  <color>
   Красный
  </color>
  <material>
   Вискоза
  </material>
  <price>
   196943
  </price>
  <rating>
   1.88
  </rating>
  <reviews>
   576377
  </reviews>
  <new>
   -
  </new>
 </clothing>
 <clothing>
  <id>
   251336253
  </id>
  <name>
   Adidas Umbrellas G-2456
  </name>
  <category>
   Umbrellas
  </category>
  <size>
   XL
  </size>
  <color>
   Оранжевый
  </color>
  <material>
   Кожа
  </material>
  <price>
   510144
  </price>
  <rating>
   2.17
  </rating>
  <reviews>
   585083
  </reviews>
  <exclusive>
   yes
  </exclusive>
  <sporty>
   no
  </sporty>
 </clothing>
 <clothing>
  <id>
   929398626
  </id>
  <name>
   Converse Blouse Z-6596
  </name>
  <category>
   Blouse
  </category>
  <size>
   M
  </size>
  <color>
   Желтый
  </color>
  <material>
   Шерсть
  </material>
  <price>
   786699
  </price>
  <rating>
   3.89
  </rating>
  <reviews>
   580463
  </reviews>
  <exclusive>
   yes
  </exclusive>
 </clothing>
 <clothing>
  <id>
   585551462
  </id>
  <name>
   PleinSport T-shirt S-9987
  </name>
  <category>
   T-shirt
  </category>
  <size>
   XXL
  </size>
  <color>
   Оранжевый
  </color>
  <material>
   Полиэстер
  </material>
  <price>
   139494
  </price>
  <rating>
   2.27
  </rating>
  <reviews>
   52730
  </reviews>
  <exclusive>
   yes
  </exclusive>
  <sporty>
   yes
  </sporty>
 </clothing>
 <clothing>
  <id>
   208490138
  </id>
  <name>
   Asics Handbags T-3739
  </name>
  <category>
   Handbags
  </category>
  <size>
   XL
  </size>
  <color>
   Фиолетовый
  </color>
  <material>
   Вискоза
  </material>
  <price>
   512911
  </price>
  <rating>
   3.09
  </rating>
  <reviews>
   246564
  </reviews>
  <exclusive>
   no
  </exclusive>
 </clothing>
 <clothing>
  <id>
   414263763
  </id>
  <name>
   Asics Blouse G-2942
  </name>
  <category>
   Blouse
  </category>
  <size>
   XL
  </size>
  <color>
   Голубой
  </color>
  <material>
   Хлопок
  </material>
  <price>
   390146
  </price>
  <rating>
   2.98
  </rating>
  <reviews>
   870121
  </reviews>
  <new>
   -
  </new>
  <exclusive>
   yes
  </exclusive>
  <sporty>
   yes
  </sporty>
 </clothing>
 <clothing>
  <id>
   695342193
  </id>
  <name>
   Asics Shoes E-8179
  </name>
  <category>
   Shoes
  </category>
  <size>
   S
  </size>
  <color>
   Зеленый
  </color>
  <material>
   Шерсть
  </material>
  <price>
   358368
  </price>
  <rating>
   2.57
  </rating>
  <reviews>
   25853
  </reviews>
  <new>
   -
  </new>
  <sporty>
   no
  </sporty>
 </clothing>
 <clothing>
  <id>
   460127040
  </id>
  <name>
   Nike Belts U-6648
  </name>
  <category>
   Belts
  </category>
  <size>
   L
  </size>
  <color>
   Голубой
  </color>
  <material>
   Шелк
  </material>
  <price>
   125725
  </price>
  <rating>
   4.36
  </rating>
  <reviews>
   105868
  </reviews>
 </clothing>
 <clothing>
  <id>
   371239155
  </id>
  <name>
   Nike Sweater D-2206
  </name>
  <category>
   Sweater
  </category>
  <size>
   L
  </size>
  <color>
   Голубой
  </color>
  <material>
   Кожа
  </material>
  <price>
   844765
  </price>
  <rating>
   3.57
  </rating>
  <reviews>
   750561
  </reviews>
  <new>
   -
  </new>
 </clothing>
 <clothing>
  <id>
   998381376
  </id>
  <name>
   PleinSport Umbrellas I-5013
  </name>
  <category>
   Umbrellas
  </category>
  <size>
   S
  </size>
  <color>
   Голубой
  </color>
  <material>
   Шерсть
  </material>
  <price>
   109098
  </price>
  <rating>
   1.7
  </rating>
  <reviews>
   913437
  </reviews>
  <exclusive>
   no
  </exclusive>
  <sporty>
   no
  </sporty>
 </clothing>
 <clothing>
  <id>
   917418289
  </id>
  <name>
   Reebok Shirt D-4707
  </name>
  <category>
   Shirt
  </category>
  <size>
   XXL
  </size>
  <color>
   Красный
  </color>
  <material>
   Шелк
  </material>
  <price>
   965554
  </price>
  <rating>
   1.94
  </rating>
  <reviews>
   402734
  </reviews>
  <new>
   +
  </new>
  <exclusive>
   no
  </exclusive>
 </clothing>
 <clothing>
  <id>
   535767242
  </id>
  <name>
   Nike Hat R-3029
  </name>
  <category>
   Hat
  </category>
  <size>
   XXL
  </size>
  <color>
   Синий
  </color>
  <material>
   Лен
  </material>
  <price>
   474370
  </price>
  <rating>
   3.5
  </rating>
  <reviews>
   649774
  </reviews>
  <exclusive>
   no
  </exclusive>
  <sporty>
   no
  </sporty>
 </clothing>
 <clothing>
  <id>
   525938283
  </id>
  <name>
   Addidas Hat C-3008
  </name>
  <category>
   Hat
  </category>
  <size>
   S
  </size>
  <color>
   Желтый
  </color>
  <material>
   Нейлон
  </material>
  <price>
   831848
  </price>
  <rating>
   4.22
  </rating>
  <reviews>
   954337
  </reviews>
 </clothing>
 <clothing>
  <id>
   325678336
  </id>
  <name>
   Adidas Umbrellas A-6317
  </name>
  <category>
   Umbrellas
  </category>
  <size>
   S
  </size>
  <color>
   Оранжевый
  </color>
  <material>
   Кожа
  </material>
  <price>
   793410
  </price>
  <rating>
   4.08
  </rating>
  <reviews>
   903324
  </reviews>
  <new>
   -
  </new>
  <sporty>
   yes
  </sporty>
 </clothing>
 <clothing>
  <id>
   978834301
  </id>
  <name>
   Lacoste Hat I-1586
  </name>
  <category>
   Hat
  </category>
  <size>
   S
  </size>
  <color>
   Зеленый
  </color>
  <material>
   Кожа
  </material>
  <price>
   918221
  </price>
  <rating>
   4.67
  </rating>
  <reviews>
   78589
  </reviews>
 </clothing>
 <clothing>
  <id>
   610960492
  </id>
  <name>
   Vans Umbrellas P-7826
  </name>
  <category>
   Umbrellas
  </category>
  <size>
   M
  </size>
  <color>
   Желтый
  </color>
  <material>
   Лен
  </material>
  <price>
   769365
  </price>
  <rating>
   4.93
  </rating>
  <reviews>
   734614
  </reviews>
  <exclusive>
   no
  </exclusive>
 </clothing>
 <clothing>
  <id>
   563681710
  </id>
  <name>
   Under Armour Sweater O-6587
  </name>
  <category>
   Sweater
  </category>
  <size>
   M
  </size>
  <color>
   Синий
  </color>
  <material>
   Кожа
  </material>
  <price>
   200698
  </price>
  <rating>
   3.44
  </rating>
  <reviews>
   224164
  </reviews>
  <new>
   -
  </new>
  <sporty>
   no
  </sporty>
 </clothing>
 <clothing>
  <id>
   240567119
  </id>
  <name>
   Brooks Shoes F-8180
  </name>
  <category>
   Shoes
  </category>
  <size>
   S
  </size>
  <color>
   Красный
  </color>
  <material>
   Шелк
  </material>
  <price>
   490267
  </price>
  <rating>
   4.73
  </rating>
  <reviews>
   823915
  </reviews>
  <new>
   -
  </new>
  <exclusive>
   no
  </exclusive>
  <sporty>
   no
  </sporty>
 </clothing>
 <clothing>
  <id>
   939405415
  </id>
  <name>
   Brooks Umbrellas D-1952
  </name>
  <category>
   Umbrellas
  </category>
  <size>
   M
  </size>
  <color>
   Зеленый
  </color>
  <material>
   Лен
  </material>
  <price>
   859204
  </price>
  <rating>
   1.16
  </rating>
  <reviews>
   40252
  </reviews>
  <sporty>
   no
  </sporty>
 </clothing>
 <clothing>
  <id>
   722106934
  </id>
  <name>
   Reebok Jacket L-3467
  </name>
  <category>
   Jacket
  </category>
  <size>
   L
  </size>
  <color>
   Зеленый
  </color>
  <material>
   Полиэстер
  </material>
  <price>
   668668
  </price>
  <rating>
   3.88
  </rating>
  <reviews>
   796834
  </reviews>
  <new>
   +
  </new>
  <exclusive>
   yes
  </exclusive>
  <sporty>
   no
  </sporty>
 </clothing>
 <clothing>
  <id>
   114860738
  </id>
  <name>
   Nike Jacket P-9504
  </name>
  <category>
   Jacket
  </category>
  <size>
   M
  </size>
  <color>
   Красный
  </color>
  <material>
   Лен
  </material>
  <price>
   293705
  </price>
  <rating>
   4.45
  </rating>
  <reviews>
   563795
  </reviews>
 </clothing>
 <clothing>
  <id>
   258868789
  </id>
  <name>
   Puma Umbrellas X-2648
  </name>
  <category>
   Umbrellas
  </category>
  <size>
   M
  </size>
  <color>
   Красный
  </color>
  <material>
   Шелк
  </material>
  <price>
   850580
  </price>
  <rating>
   1.55
  </rating>
  <reviews>
   356060
  </reviews>
  <exclusive>
   yes
  </exclusive>
  <sporty>
   yes
  </sporty>
 </clothing>
 <clothing>
  <id>
   725358673
  </id>
  <name>
   Under Armour Dress T-4515
  </name>
  <category>
   Dress
  </category>
  <size>
   XXL
  </size>
  <color>
   Фиолетовый
  </color>
  <material>
   Кожа
  </material>
  <price>
   897551
  </price>
  <rating>
   3.47
  </rating>
  <reviews>
   42748
  </reviews>
  <new>
   -
  </new>
  <sporty>
   yes
  </sporty>
 </clothing>
 <clothing>
  <id>
   646738860
  </id>
  <name>
   Puma Blouse Q-9201
  </name>
  <category>
   Blouse
  </category>
  <size>
   L
  </size>
  <color>
   Голубой
  </color>
  <material>
   Нейлон
  </material>
  <price>
   524182
  </price>
  <rating>
   2.27
  </rating>
  <reviews>
   112690
  </reviews>
  <exclusive>
   yes
  </exclusive>
  <sporty>
   no
  </sporty>
 </clothing>
 <clothing>
  <id>
   772403383
  </id>
  <name>
   Brooks Shoes W-9772
  </name>
  <category>
   Shoes
  </category>
  <size>
   L
  </size>
  <color>
   Желтый
  </color>
  <material>
   Кожа
  </material>
  <price>
   389775
  </price>
  <rating>
   4.04
  </rating>
  <reviews>
   53981
  </reviews>
  <new>
   -
  </new>
  <exclusive>
   yes
  </exclusive>
 </clothing>
 <clothing>
  <id>
   892593623
  </id>
  <name>
   Addidas T-shirt N-5825
  </name>
  <category>
   T-shirt
  </category>
  <size>
   M
  </size>
  <color>
   Желтый
  </color>
  <material>
   Хлопок
  </material>
  <price>
   166337
  </price>
  <rating>
   2.82
  </rating>
  <reviews>
   883517
  </reviews>
  <new>
   -
  </new>
  <exclusive>
   no
  </exclusive>
  <sporty>
   yes
  </sporty>
 </clothing>
 <clothing>
  <id>
   296432690
  </id>
  <name>
   Nike Blouse C-8118
  </name>
  <category>
   Blouse
  </category>
  <size>
   L
  </size>
  <color>
   Голубой
  </color>
  <material>
   Хлопок
  </material>
  <price>
   115139
  </price>
  <rating>
   3.93
  </rating>
  <reviews>
   633243
  </reviews>
  <new>
   -
  </new>
  <exclusive>
   yes
  </exclusive>
 </clothing>
 <clothing>
  <id>
   100862619
  </id>
  <name>
   Under Armour Hat I-1996
  </name>
  <category>
   Hat
  </category>
  <size>
   M
  </size>
  <color>
   Синий
  </color>
  <material>
   Хлопок
  </material>
  <price>
   792987
  </price>
  <rating>
   3.98
  </rating>
  <reviews>
   94089
  </reviews>
  <new>
   -
  </new>
  <sporty>
   yes
  </sporty>
 </clothing>
 <clothing>
  <id>
   264444092
  </id>
  <name>
   Reebok T-shirt V-6130
  </name>
  <category>
   T-shirt
  </category>
  <size>
   M
  </size>
  <color>
   Зеленый
  </color>
  <material>
   Шерсть
  </material>
  <price>
   375164
  </price>
  <rating>
   1.83
  </rating>
  <reviews>
   177925
  </reviews>
  <exclusive>
   yes
  </exclusive>
  <sporty>
   yes
  </sporty>
 </clothing>
 <clothing>
  <id>
   657547502
  </id>
  <name>
   Brooks Blouse M-4196
  </name>
  <category>
   Blouse
  </category>
  <size>
   S
  </size>
  <color>
   Зеленый
  </color>
  <material>
   Нейлон
  </material>
  <price>
   351838
  </price>
  <rating>
   4.19
  </rating>
  <reviews>
   760775
  </reviews>
  <new>
   -
  </new>
  <exclusive>
   no
  </exclusive>
 </clothing>
 <clothing>
  <id>
   168076226
  </id>
  <name>
   Brooks Blouse G-7987
  </name>
  <category>
   Blouse
  </category>
  <size>
   M
  </size>
  <color>
   Фиолетовый
  </color>
  <material>
   Нейлон
  </material>
  <price>
   509159
  </price>
  <rating>
   3.02
  </rating>
  <reviews>
   809429
  </reviews>
  <new>
   -
  </new>
  <exclusive>
   no
  </exclusive>
  <sporty>
   no
  </sporty>
 </clothing>
 <clothing>
  <id>
   511920211
  </id>
  <name>
   Asics Belts P-4271
  </name>
  <category>
   Belts
  </category>
  <size>
   XL
  </size>
  <color>
   Фиолетовый
  </color>
  <material>
   Кожа
  </material>
  <price>
   589803
  </price>
  <rating>
   3.79
  </rating>
  <reviews>
   192872
  </reviews>
  <new>
   -
  </new>
  <sporty>
   no
  </sporty>
 </clothing>
 <clothing>
  <id>
   861127062
  </id>
  <name>
   Under Armour Handbags B-4058
  </name>
  <category>
   Handbags
  </category>
  <size>
   XL
  </size>
  <color>
   Желтый
  </color>
  <material>
   Лен
  </material>
  <price>
   494076
  </price>
  <rating>
   4.77
  </rating>
  <reviews>
   637138
  </reviews>
  <new>
   -
  </new>
  <exclusive>
   yes
  </exclusive>
  <sporty>
   no
  </sporty>
 </clothing>
 <clothing>
  <id>
   264573435
  </id>
  <name>
   Ellesse Umbrellas J-8120
  </name>
  <category>
   Umbrellas
  </category>
  <size>
   S
  </size>
  <color>
   Оранжевый
  </color>
  <material>
   Шерсть
  </material>
  <price>
   623610
  </price>
  <rating>
   4.52
  </rating>
  <reviews>
   120896
  </reviews>
  <new>
   -
  </new>
 </clothing>
 <clothing>
  <id>
   980059105
  </id>
  <name>
   Under Armour Skirt K-9759
  </name>
  <category>
   Skirt
  </category>
  <size>
   M
  </size>
  <color>
   Фиолетовый
  </color>
  <material>
   Вискоза
  </material>
  <price>
   179569
  </price>
  <rating>
   4.96
  </rating>
  <reviews>
   576914
  </reviews>
  <exclusive>
   no
  </exclusive>
 </clothing>
 <clothing>
  <id>
   213931997
  </id>
  <name>
   Reebok Socks Z-1143
  </name>
  <category>
   Socks
  </category>
  <size>
   L
  </size>
  <color>
   Фиолетовый
  </color>
  <material>
   Хлопок
  </material>
  <price>
   800186
  </price>
  <rating>
   1.0
  </rating>
  <reviews>
   744710
  </reviews>
  <new>
   -
  </new>
  <sporty>
   no
  </sporty>
 </clothing>
 <clothing>
  <id>
   788390764
  </id>
  <name>
   Asics Dress Z-5329
  </name>
  <category>
   Dress
  </category>
  <size>
   XXL
  </size>
  <color>
   Синий
  </color>
  <material>
   Полиэстер
  </material>
  <price>
   275436
  </price>
  <rating>
   1.76
  </rating>
  <reviews>
   938322
  </reviews>
  <exclusive>
   yes
  </exclusive>
  <sporty>
   no
  </sporty>
 </clothing>
 <clothing>
  <id>
   293965418
  </id>
  <name>
   Nike Handbags B-9777
  </name>
  <category>
   Handbags
  </category>
  <size>
   S
  </size>
  <color>
   Желтый
  </color>
  <material>
   Вискоза
  </material>
  <price>
   795893
  </price>
  <rating>
   2.46
  </rating>
  <reviews>
   530966
  </reviews>
  <new>
   -
  </new>
  <sporty>
   yes
  </sporty>
 </clothing>
 <clothing>
  <id>
   695686892
  </id>
  <name>
   Lacoste Hat S-6897
  </name>
  <category>
   Hat
  </category>
  <size>
   M
  </size>
  <color>
   Синий
  </color>
  <material>
   Шерсть
  </material>
  <price>
   623972
  </price>
  <rating>
   3.24
  </rating>
  <reviews>
   453134
  </reviews>
  <exclusive>
   no
  </exclusive>
  <sporty>
   no
  </sporty>
 </clothing>
 <clothing>
  <id>
   398819828
  </id>
  <name>
   DC Gloves M-8581
  </name>
  <category>
   Gloves
  </category>
  <size>
   L
  </size>
  <color>
   Красный
  </color>
  <material>
   Кожа
  </material>
  <price>
   305304
  </price>
  <rating>
   1.13
  </rating>
  <reviews>
   546910
  </reviews>
  <new>
   -
  </new>
  <exclusive>
   yes
  </exclusive>
  <sporty>
   no
  </sporty>
 </clothing>
 <clothing>
  <id>
   975513818
  </id>
  <name>
   Brooks Jacket S-2665
  </name>
  <category>
   Jacket
  </category>
  <size>
   S
  </size>
  <color>
   Оранжевый
  </color>
  <material>
   Кожа
  </material>
  <price>
   456394
  </price>
  <rating>
   4.05
  </rating>
  <reviews>
   997864
  </reviews>
  <new>
   -
  </new>
  <sporty>
   no
  </sporty>
 </clothing>
</clothing-items>
