<?xml version="1.0" encoding="utf-8"?>
<clothing-items>
 <clothing>
  <id>
   676611656
  </id>
  <name>
   New Balance Gloves V-2576
  </name>
  <category>
   Gloves
  </category>
  <size>
   S
  </size>
  <color>
   Оранжевый
  </color>
  <material>
   Нейлон
  </material>
  <price>
   265987
  </price>
  <rating>
   1.56
  </rating>
  <reviews>
   819304
  </reviews>
  <new>
   +
  </new>
  <exclusive>
   no
  </exclusive>
  <sporty>
   yes
  </sporty>
 </clothing>
 <clothing>
  <id>
   819856259
  </id>
  <name>
   PleinSport Shirt L-2223
  </name>
  <category>
   Shirt
  </category>
  <size>
   L
  </size>
  <color>
   Желтый
  </color>
  <material>
   Шелк
  </material>
  <price>
   954409
  </price>
  <rating>
   4.71
  </rating>
  <reviews>
   55549
  </reviews>
  <exclusive>
   no
  </exclusive>
 </clothing>
 <clothing>
  <id>
   436106207
  </id>
  <name>
   Reebok Socks B-3538
  </name>
  <category>
   Socks
  </category>
  <size>
   XXL
  </size>
  <color>
   Оранжевый
  </color>
  <material>
   Полиэстер
  </material>
  <price>
   362140
  </price>
  <rating>
   1.98
  </rating>
  <reviews>
   323623
  </reviews>
  <new>
   +
  </new>
  <sporty>
   no
  </sporty>
 </clothing>
 <clothing>
  <id>
   633553971
  </id>
  <name>
   Converse Belts W-1756
  </name>
  <category>
   Belts
  </category>
  <size>
   M
  </size>
  <color>
   Голубой
  </color>
  <material>
   Вискоза
  </material>
  <price>
   125574
  </price>
  <rating>
   2.44
  </rating>
  <reviews>
   720482
  </reviews>
  <new>
   +
  </new>
  <exclusive>
   no
  </exclusive>
  <sporty>
   no
  </sporty>
 </clothing>
 <clothing>
  <id>
   419103295
  </id>
  <name>
   Adidas Jacket G-5410
  </name>
  <category>
   Jacket
  </category>
  <size>
   L
  </size>
  <color>
   Желтый
  </color>
  <material>
   Шелк
  </material>
  <price>
   901993
  </price>
  <rating>
   2.24
  </rating>
  <reviews>
   547086
  </reviews>
  <exclusive>
   no
  </exclusive>
  <sporty>
   no
  </sporty>
 </clothing>
 <clothing>
  <id>
   875038285
  </id>
  <name>
   Brooks Shirt G-1241
  </name>
  <category>
   Shirt
  </category>
  <size>
   XXL
  </size>
  <color>
   Синий
  </color>
  <material>
   Лен
  </material>
  <price>
   833081
  </price>
  <rating>
   1.31
  </rating>
  <reviews>
   62090
  </reviews>
  <exclusive>
   no
  </exclusive>
  <sporty>
   no
  </sporty>
 </clothing>
 <clothing>
  <id>
   392938989
  </id>
  <name>
   Nike Jeans W-3356
  </name>
  <category>
   Jeans
  </category>
  <size>
   M
  </size>
  <color>
   Зеленый
  </color>
  <material>
   Лен
  </material>
  <price>
   107323
  </price>
  <rating>
   3.75
  </rating>
  <reviews>
   700633
  </reviews>
  <exclusive>
   yes
  </exclusive>
  <sporty>
   yes
  </sporty>
 </clothing>
 <clothing>
  <id>
   821638457
  </id>
  <name>
   PleinSport Belts T-4046
  </name>
  <category>
   Belts
  </category>
  <size>
   M
  </size>
  <color>
   Желтый
  </color>
  <material>
   Кожа
  </material>
  <price>
   965638
  </price>
  <rating>
   2.63
  </rating>
  <reviews>
   572626
  </reviews>
  <exclusive>
   no
  </exclusive>
  <sporty>
   yes
  </sporty>
 </clothing>
 <clothing>
  <id>
   247859339
  </id>
  <name>
   Under Armour Dress V-2071
  </name>
  <category>
   Dress
  </category>
  <size>
   M
  </size>
  <color>
   Синий
  </color>
  <material>
   Полиэстер
  </material>
  <price>
   579502
  </price>
  <rating>
   1.64
  </rating>
  <reviews>
   4119
  </reviews>
  <new>
   -
  </new>
  <exclusive>
   no
  </exclusive>
  <sporty>
   no
  </sporty>
 </clothing>
 <clothing>
  <id>
   198557444
  </id>
  <name>
   Brooks Umbrellas U-6793
  </name>
  <category>
   Umbrellas
  </category>
  <size>
   M
  </size>
  <color>
   Красный
  </color>
  <material>
   Полиэстер
  </material>
  <price>
   575175
  </price>
  <rating>
   2.39
  </rating>
  <reviews>
   117027
  </reviews>
  <new>
   +
  </new>
  <exclusive>
   no
  </exclusive>
 </clothing>
 <clothing>
  <id>
   122667321
  </id>
  <name>
   Adidas Belts F-6965
  </name>
  <category>
   Belts
  </category>
  <size>
   L
  </size>
  <color>
   Фиолетовый
  </color>
  <material>
   Кожа
  </material>
  <price>
   524303
  </price>
  <rating>
   3.35
  </rating>
  <reviews>
   379269
  </reviews>
  <new>
   -
  </new>
  <exclusive>
   yes
  </exclusive>
 </clothing>
 <clothing>
  <id>
   897531696
  </id>
  <name>
   Converse Hat I-1058
  </name>
  <category>
   Hat
  </category>
  <size>
   S
  </size>
  <color>
   Оранжевый
  </color>
  <material>
   Шерсть
  </material>
  <price>
   186127
  </price>
  <rating>
   3.13
  </rating>
  <reviews>
   652332
  </reviews>
  <new>
   -
  </new>
 </clothing>
 <clothing>
  <id>
   398318608
  </id>
  <name>
   PleinSport Handbags V-2003
  </name>
  <category>
   Handbags
  </category>
  <size>
   XXL
  </size>
  <color>
   Синий
  </color>
  <material>
   Шелк
  </material>
  <price>
   513771
  </price>
  <rating>
   1.96
  </rating>
  <reviews>
   240630
  </reviews>
  <new>
   -
  </new>
  <exclusive>
   yes
  </exclusive>
  <sporty>
   no
  </sporty>
 </clothing>
 <clothing>
  <id>
   363869080
  </id>
  <name>
   Asics Sweater Z-2343
  </name>
  <category>
   Sweater
  </category>
  <size>
   M
  </size>
  <color>
   Фиолетовый
  </color>
  <material>
   Лен
  </material>
  <price>
   889767
  </price>
  <rating>
   1.26
  </rating>
  <reviews>
   172998
  </reviews>
  <new>
   -
  </new>
  <sporty>
   yes
  </sporty>
 </clothing>
 <clothing>
  <id>
   203471594
  </id>
  <name>
   Puma Socks M-7281
  </name>
  <category>
   Socks
  </category>
  <size>
   L
  </size>
  <color>
   Голубой
  </color>
  <material>
   Вискоза
  </material>
  <price>
   784360
  </price>
  <rating>
   2.95
  </rating>
  <reviews>
   511847
  </reviews>
  <new>
   -
  </new>
  <sporty>
   no
  </sporty>
 </clothing>
 <clothing>
  <id>
   983921577
  </id>
  <name>
   Brooks Socks B-4005
  </name>
  <category>
   Socks
  </category>
  <size>
   S
  </size>
  <color>
   Синий
  </color>
  <material>
   Шерсть
  </material>
  <price>
   665414
  </price>
  <rating>
   2.68
  </rating>
  <reviews>
   400609
  </reviews>
  <sporty>
   no
  </sporty>
 </clothing>
 <clothing>
  <id>
   521628563
  </id>
  <name>
   Brooks Shirt I-2233
  </name>
  <category>
   Shirt
  </category>
  <size>
   XL
  </size>
  <color>
   Голубой
  </color>
  <material>
   Лен
  </material>
  <price>
   139960
  </price>
  <rating>
   4.53
  </rating>
  <reviews>
   342313
  </reviews>
  <new>
   +
  </new>
  <exclusive>
   no
  </exclusive>
 </clothing>
 <clothing>
  <id>
   586712019
  </id>
  <name>
   Puma Belts A-7394
  </name>
  <category>
   Belts
  </category>
  <size>
   S
  </size>
  <color>
   Фиолетовый
  </color>
  <material>
   Шерсть
  </material>
  <price>
   725090
  </price>
  <rating>
   1.05
  </rating>
  <reviews>
   498629
  </reviews>
  <new>
   -
  </new>
  <exclusive>
   yes
  </exclusive>
 </clothing>
 <clothing>
  <id>
   201067203
  </id>
  <name>
   Asics Socks W-8580
  </name>
  <category>
   Socks
  </category>
  <size>
   M
  </size>
  <color>
   Голубой
  </color>
  <material>
   Шерсть
  </material>
  <price>
   226372
  </price>
  <rating>
   3.45
  </rating>
  <reviews>
   76507
  </reviews>
  <exclusive>
   no
  </exclusive>
  <sporty>
   no
  </sporty>
 </clothing>
 <clothing>
  <id>
   906272292
  </id>
  <name>
   Brooks Handbags C-9668
  </name>
  <category>
   Handbags
  </category>
  <size>
   XXL
  </size>
  <color>
   Оранжевый
  </color>
  <material>
   Нейлон
  </material>
  <price>
   763360
  </price>
  <rating>
   2.87
  </rating>
  <reviews>
   807896
  </reviews>
  <new>
   -
  </new>
  <exclusive>
   yes
  </exclusive>
  <sporty>
   yes
  </sporty>
 </clothing>
</clothing-items>
