<?xml version="1.0" encoding="utf-8"?>
<clothing-items>
 <clothing>
  <id>
   441951409
  </id>
  <name>
   Asics Blouse Y-1522
  </name>
  <category>
   Blouse
  </category>
  <size>
   L
  </size>
  <color>
   Фиолетовый
  </color>
  <material>
   Вискоза
  </material>
  <price>
   305154
  </price>
  <rating>
   1.11
  </rating>
  <reviews>
   871477
  </reviews>
  <exclusive>
   yes
  </exclusive>
  <sporty>
   no
  </sporty>
 </clothing>
 <clothing>
  <id>
   447203588
  </id>
  <name>
   Vans Skirt K-6909
  </name>
  <category>
   Skirt
  </category>
  <size>
   L
  </size>
  <color>
   Красный
  </color>
  <material>
   Вискоза
  </material>
  <price>
   474522
  </price>
  <rating>
   2.35
  </rating>
  <reviews>
   23705
  </reviews>
  <new>
   -
  </new>
  <exclusive>
   no
  </exclusive>
 </clothing>
 <clothing>
  <id>
   144484051
  </id>
  <name>
   Ellesse Shirt S-2637
  </name>
  <category>
   Shirt
  </category>
  <size>
   XL
  </size>
  <color>
   Голубой
  </color>
  <material>
   Полиэстер
  </material>
  <price>
   827578
  </price>
  <rating>
   3.75
  </rating>
  <reviews>
   754883
  </reviews>
  <exclusive>
   yes
  </exclusive>
  <sporty>
   no
  </sporty>
 </clothing>
 <clothing>
  <id>
   514415703
  </id>
  <name>
   Puma Hat I-6158
  </name>
  <category>
   Hat
  </category>
  <size>
   M
  </size>
  <color>
   Зеленый
  </color>
  <material>
   Вискоза
  </material>
  <price>
   139335
  </price>
  <rating>
   1.64
  </rating>
  <reviews>
   786148
  </reviews>
  <sporty>
   no
  </sporty>
 </clothing>
 <clothing>
  <id>
   701159365
  </id>
  <name>
   Asics Skirt V-7193
  </name>
  <category>
   Skirt
  </category>
  <size>
   XL
  </size>
  <color>
   Красный
  </color>
  <material>
   Нейлон
  </material>
  <price>
   572511
  </price>
  <rating>
   1.9
  </rating>
  <reviews>
   563708
  </reviews>
  <sporty>
   no
  </sporty>
 </clothing>
 <clothing>
  <id>
   958773687
  </id>
  <name>
   Asics Belts H-4117
  </name>
  <category>
   Belts
  </category>
  <size>
   M
  </size>
  <color>
   Оранжевый
  </color>
  <material>
   Лен
  </material>
  <price>
   513762
  </price>
  <rating>
   2.07
  </rating>
  <reviews>
   974478
  </reviews>
  <new>
   -
  </new>
  <exclusive>
   no
  </exclusive>
 </clothing>
 <clothing>
  <id>
   503610112
  </id>
  <name>
   Vans Jacket Y-5133
  </name>
  <category>
   Jacket
  </category>
  <size>
   M
  </size>
  <color>
   Оранжевый
  </color>
  <material>
   Шелк
  </material>
  <price>
   969415
  </price>
  <rating>
   2.34
  </rating>
  <reviews>
   172361
  </reviews>
  <new>
   +
  </new>
  <exclusive>
   no
  </exclusive>
  <sporty>
   no
  </sporty>
 </clothing>
 <clothing>
  <id>
   293114920
  </id>
  <name>
   Brooks Shoes F-2122
  </name>
  <category>
   Shoes
  </category>
  <size>
   M
  </size>
  <color>
   Синий
  </color>
  <material>
   Нейлон
  </material>
  <price>
   632701
  </price>
  <rating>
   4.34
  </rating>
  <reviews>
   401218
  </reviews>
  <new>
   -
  </new>
 </clothing>
 <clothing>
  <id>
   257329863
  </id>
  <name>
   Reebok Pants R-3812
  </name>
  <category>
   Pants
  </category>
  <size>
   M
  </size>
  <color>
   Желтый
  </color>
  <material>
   Шелк
  </material>
  <price>
   523315
  </price>
  <rating>
   3.25
  </rating>
  <reviews>
   449587
  </reviews>
  <new>
   -
  </new>
  <exclusive>
   no
  </exclusive>
  <sporty>
   yes
  </sporty>
 </clothing>
 <clothing>
  <id>
   383539475
  </id>
  <name>
   Under Armour Pants U-8785
  </name>
  <category>
   Pants
  </category>
  <size>
   S
  </size>
  <color>
   Синий
  </color>
  <material>
   Нейлон
  </material>
  <price>
   684816
  </price>
  <rating>
   3.46
  </rating>
  <reviews>
   711546
  </reviews>
  <sporty>
   yes
  </sporty>
 </clothing>
 <clothing>
  <id>
   404311432
  </id>
  <name>
   Ellesse Gloves N-4185
  </name>
  <category>
   Gloves
  </category>
  <size>
   XXL
  </size>
  <color>
   Желтый
  </color>
  <material>
   Шерсть
  </material>
  <price>
   613133
  </price>
  <rating>
   1.4
  </rating>
  <reviews>
   135008
  </reviews>
  <exclusive>
   yes
  </exclusive>
  <sporty>
   yes
  </sporty>
 </clothing>
 <clothing>
  <id>
   938371631
  </id>
  <name>
   Lacoste Sweater B-3765
  </name>
  <category>
   Sweater
  </category>
  <size>
   XL
  </size>
  <color>
   Красный
  </color>
  <material>
   Кожа
  </material>
  <price>
   686857
  </price>
  <rating>
   3.45
  </rating>
  <reviews>
   131187
  </reviews>
  <new>
   +
  </new>
  <exclusive>
   no
  </exclusive>
  <sporty>
   no
  </sporty>
 </clothing>
 <clothing>
  <id>
   403900833
  </id>
  <name>
   Lacoste Pants U-8161
  </name>
  <category>
   Pants
  </category>
  <size>
   L
  </size>
  <color>
   Фиолетовый
  </color>
  <material>
   Полиэстер
  </material>
  <price>
   839542
  </price>
  <rating>
   2.03
  </rating>
  <reviews>
   669392
  </reviews>
  <exclusive>
   yes
  </exclusive>
  <sporty>
   no
  </sporty>
 </clothing>
 <clothing>
  <id>
   173121336
  </id>
  <name>
   Puma T-shirt I-4201
  </name>
  <category>
   T-shirt
  </category>
  <size>
   M
  </size>
  <color>
   Фиолетовый
  </color>
  <material>
   Шерсть
  </material>
  <price>
   878904
  </price>
  <rating>
   3.92
  </rating>
  <reviews>
   758695
  </reviews>
  <new>
   -
  </new>
  <sporty>
   no
  </sporty>
 </clothing>
 <clothing>
  <id>
   724249371
  </id>
  <name>
   Asics Dress M-9386
  </name>
  <category>
   Dress
  </category>
  <size>
   XL
  </size>
  <color>
   Зеленый
  </color>
  <material>
   Хлопок
  </material>
  <price>
   258399
  </price>
  <rating>
   3.37
  </rating>
  <reviews>
   90074
  </reviews>
  <new>
   -
  </new>
 </clothing>
 <clothing>
  <id>
   578119505
  </id>
  <name>
   Fila Pants E-3592
  </name>
  <category>
   Pants
  </category>
  <size>
   L
  </size>
  <color>
   Оранжевый
  </color>
  <material>
   Вискоза
  </material>
  <price>
   278978
  </price>
  <rating>
   2.44
  </rating>
  <reviews>
   339779
  </reviews>
 </clothing>
 <clothing>
  <id>
   668647029
  </id>
  <name>
   Addidas Pants U-4124
  </name>
  <category>
   Pants
  </category>
  <size>
   S
  </size>
  <color>
   Голубой
  </color>
  <material>
   Нейлон
  </material>
  <price>
   865288
  </price>
  <rating>
   2.84
  </rating>
  <reviews>
   549027
  </reviews>
  <new>
   +
  </new>
 </clothing>
 <clothing>
  <id>
   639514987
  </id>
  <name>
   New Balance Shoes V-7084
  </name>
  <category>
   Shoes
  </category>
  <size>
   XL
  </size>
  <color>
   Фиолетовый
  </color>
  <material>
   Нейлон
  </material>
  <price>
   329110
  </price>
  <rating>
   3.84
  </rating>
  <reviews>
   114308
  </reviews>
  <new>
   +
  </new>
  <exclusive>
   yes
  </exclusive>
  <sporty>
   no
  </sporty>
 </clothing>
 <clothing>
  <id>
   361826849
  </id>
  <name>
   Fila Gloves E-5349
  </name>
  <category>
   Gloves
  </category>
  <size>
   S
  </size>
  <color>
   Синий
  </color>
  <material>
   Нейлон
  </material>
  <price>
   476566
  </price>
  <rating>
   4.43
  </rating>
  <reviews>
   613652
  </reviews>
  <new>
   -
  </new>
 </clothing>
 <clothing>
  <id>
   571230627
  </id>
  <name>
   Ellesse Pants S-9887
  </name>
  <category>
   Pants
  </category>
  <size>
   XXL
  </size>
  <color>
   Зеленый
  </color>
  <material>
   Кожа
  </material>
  <price>
   208785
  </price>
  <rating>
   3.04
  </rating>
  <reviews>
   543465
  </reviews>
  <new>
   -
  </new>
  <exclusive>
   yes
  </exclusive>
  <sporty>
   no
  </sporty>
 </clothing>
 <clothing>
  <id>
   378065892
  </id>
  <name>
   Asics Jacket G-5825
  </name>
  <category>
   Jacket
  </category>
  <size>
   XL
  </size>
  <color>
   Зеленый
  </color>
  <material>
   Шелк
  </material>
  <price>
   500505
  </price>
  <rating>
   4.29
  </rating>
  <reviews>
   408047
  </reviews>
  <new>
   -
  </new>
  <sporty>
   no
  </sporty>
 </clothing>
 <clothing>
  <id>
   698145614
  </id>
  <name>
   Vans Handbags Z-3420
  </name>
  <category>
   Handbags
  </category>
  <size>
   XL
  </size>
  <color>
   Фиолетовый
  </color>
  <material>
   Хлопок
  </material>
  <price>
   188267
  </price>
  <rating>
   2.26
  </rating>
  <reviews>
   797771
  </reviews>
  <exclusive>
   no
  </exclusive>
 </clothing>
 <clothing>
  <id>
   103588335
  </id>
  <name>
   Addidas Dress Z-1119
  </name>
  <category>
   Dress
  </category>
  <size>
   XXL
  </size>
  <color>
   Зеленый
  </color>
  <material>
   Полиэстер
  </material>
  <price>
   898558
  </price>
  <rating>
   4.41
  </rating>
  <reviews>
   797462
  </reviews>
  <exclusive>
   no
  </exclusive>
 </clothing>
 <clothing>
  <id>
   789854350
  </id>
  <name>
   Under Armour Jacket Q-5589
  </name>
  <category>
   Jacket
  </category>
  <size>
   XXL
  </size>
  <color>
   Фиолетовый
  </color>
  <material>
   Шелк
  </material>
  <price>
   680734
  </price>
  <rating>
   2.37
  </rating>
  <reviews>
   187248
  </reviews>
  <new>
   -
  </new>
  <exclusive>
   no
  </exclusive>
  <sporty>
   no
  </sporty>
 </clothing>
 <clothing>
  <id>
   127165721
  </id>
  <name>
   Fila Shirt E-4790
  </name>
  <category>
   Shirt
  </category>
  <size>
   M
  </size>
  <color>
   Оранжевый
  </color>
  <material>
   Хлопок
  </material>
  <price>
   241632
  </price>
  <rating>
   1.56
  </rating>
  <reviews>
   182053
  </reviews>
  <new>
   +
  </new>
 </clothing>
 <clothing>
  <id>
   631584874
  </id>
  <name>
   Adidas Umbrellas K-4706
  </name>
  <category>
   Umbrellas
  </category>
  <size>
   M
  </size>
  <color>
   Красный
  </color>
  <material>
   Полиэстер
  </material>
  <price>
   620095
  </price>
  <rating>
   4.45
  </rating>
  <reviews>
   566684
  </reviews>
  <sporty>
   no
  </sporty>
 </clothing>
 <clothing>
  <id>
   641967794
  </id>
  <name>
   DC Belts K-8206
  </name>
  <category>
   Belts
  </category>
  <size>
   M
  </size>
  <color>
   Зеленый
  </color>
  <material>
   Шелк
  </material>
  <price>
   762679
  </price>
  <rating>
   1.07
  </rating>
  <reviews>
   283100
  </reviews>
  <exclusive>
   yes
  </exclusive>
  <sporty>
   no
  </sporty>
 </clothing>
 <clothing>
  <id>
   208295086
  </id>
  <name>
   Lacoste Shoes B-1027
  </name>
  <category>
   Shoes
  </category>
  <size>
   XL
  </size>
  <color>
   Фиолетовый
  </color>
  <material>
   Полиэстер
  </material>
  <price>
   594261
  </price>
  <rating>
   1.7
  </rating>
  <reviews>
   626277
  </reviews>
  <new>
   +
  </new>
  <sporty>
   no
  </sporty>
 </clothing>
 <clothing>
  <id>
   434376319
  </id>
  <name>
   Under Armour Blouse S-9383
  </name>
  <category>
   Blouse
  </category>
  <size>
   S
  </size>
  <color>
   Синий
  </color>
  <material>
   Лен
  </material>
  <price>
   977607
  </price>
  <rating>
   1.2
  </rating>
  <reviews>
   668123
  </reviews>
  <exclusive>
   no
  </exclusive>
  <sporty>
   no
  </sporty>
 </clothing>
 <clothing>
  <id>
   305251874
  </id>
  <name>
   Lacoste Shirt P-1919
  </name>
  <category>
   Shirt
  </category>
  <size>
   S
  </size>
  <color>
   Синий
  </color>
  <material>
   Хлопок
  </material>
  <price>
   481281
  </price>
  <rating>
   1.11
  </rating>
  <reviews>
   350193
  </reviews>
  <sporty>
   yes
  </sporty>
 </clothing>
 <clothing>
  <id>
   488974748
  </id>
  <name>
   Under Armour Shirt I-5445
  </name>
  <category>
   Shirt
  </category>
  <size>
   M
  </size>
  <color>
   Фиолетовый
  </color>
  <material>
   Лен
  </material>
  <price>
   346705
  </price>
  <rating>
   1.71
  </rating>
  <reviews>
   637180
  </reviews>
  <new>
   -
  </new>
  <exclusive>
   no
  </exclusive>
 </clothing>
 <clothing>
  <id>
   373681372
  </id>
  <name>
   Ellesse Socks M-9539
  </name>
  <category>
   Socks
  </category>
  <size>
   XL
  </size>
  <color>
   Красный
  </color>
  <material>
   Полиэстер
  </material>
  <price>
   472450
  </price>
  <rating>
   2.95
  </rating>
  <reviews>
   100525
  </reviews>
  <new>
   -
  </new>
  <exclusive>
   yes
  </exclusive>
 </clothing>
 <clothing>
  <id>
   826911329
  </id>
  <name>
   Nike Sweater Z-9391
  </name>
  <category>
   Sweater
  </category>
  <size>
   L
  </size>
  <color>
   Зеленый
  </color>
  <material>
   Шерсть
  </material>
  <price>
   469309
  </price>
  <rating>
   2.17
  </rating>
  <reviews>
   435197
  </reviews>
 </clothing>
 <clothing>
  <id>
   313116632
  </id>
  <name>
   Lacoste Handbags R-6685
  </name>
  <category>
   Handbags
  </category>
  <size>
   S
  </size>
  <color>
   Оранжевый
  </color>
  <material>
   Шерсть
  </material>
  <price>
   310426
  </price>
  <rating>
   4.09
  </rating>
  <reviews>
   578870
  </reviews>
  <exclusive>
   no
  </exclusive>
 </clothing>
 <clothing>
  <id>
   425456567
  </id>
  <name>
   Lacoste Pants J-9475
  </name>
  <category>
   Pants
  </category>
  <size>
   L
  </size>
  <color>
   Желтый
  </color>
  <material>
   Кожа
  </material>
  <price>
   806781
  </price>
  <rating>
   1.75
  </rating>
  <reviews>
   633427
  </reviews>
  <new>
   +
  </new>
 </clothing>
 <clothing>
  <id>
   761921296
  </id>
  <name>
   Nike Shirt O-5206
  </name>
  <category>
   Shirt
  </category>
  <size>
   XXL
  </size>
  <color>
   Голубой
  </color>
  <material>
   Полиэстер
  </material>
  <price>
   717687
  </price>
  <rating>
   2.01
  </rating>
  <reviews>
   154202
  </reviews>
  <exclusive>
   no
  </exclusive>
  <sporty>
   no
  </sporty>
 </clothing>
</clothing-items>
