<?xml version="1.0" encoding="utf-8"?>
<clothing-items>
 <clothing>
  <id>
   754756175
  </id>
  <name>
   Reebok Sweater Y-9503
  </name>
  <category>
   Sweater
  </category>
  <size>
   S
  </size>
  <color>
   Желтый
  </color>
  <material>
   Хлопок
  </material>
  <price>
   936763
  </price>
  <rating>
   4.42
  </rating>
  <reviews>
   482479
  </reviews>
  <sporty>
   yes
  </sporty>
 </clothing>
 <clothing>
  <id>
   243528109
  </id>
  <name>
   Converse Handbags B-3608
  </name>
  <category>
   Handbags
  </category>
  <size>
   L
  </size>
  <color>
   Желтый
  </color>
  <material>
   Нейлон
  </material>
  <price>
   781113
  </price>
  <rating>
   1.05
  </rating>
  <reviews>
   395234
  </reviews>
  <exclusive>
   yes
  </exclusive>
  <sporty>
   no
  </sporty>
 </clothing>
 <clothing>
  <id>
   849452856
  </id>
  <name>
   Addidas Handbags L-3793
  </name>
  <category>
   Handbags
  </category>
  <size>
   M
  </size>
  <color>
   Желтый
  </color>
  <material>
   Шелк
  </material>
  <price>
   939043
  </price>
  <rating>
   2.85
  </rating>
  <reviews>
   785855
  </reviews>
  <exclusive>
   no
  </exclusive>
  <sporty>
   yes
  </sporty>
 </clothing>
 <clothing>
  <id>
   117941771
  </id>
  <name>
   Nike T-shirt K-2231
  </name>
  <category>
   T-shirt
  </category>
  <size>
   M
  </size>
  <color>
   Красный
  </color>
  <material>
   Хлопок
  </material>
  <price>
   136607
  </price>
  <rating>
   3.17
  </rating>
  <reviews>
   730665
  </reviews>
  <new>
   -
  </new>
  <sporty>
   no
  </sporty>
 </clothing>
 <clothing>
  <id>
   391367925
  </id>
  <name>
   Reebok Handbags U-2160
  </name>
  <category>
   Handbags
  </category>
  <size>
   L
  </size>
  <color>
   Зеленый
  </color>
  <material>
   Шерсть
  </material>
  <price>
   734597
  </price>
  <rating>
   2.43
  </rating>
  <reviews>
   615904
  </reviews>
  <new>
   +
  </new>
  <sporty>
   no
  </sporty>
 </clothing>
 <clothing>
  <id>
   487668478
  </id>
  <name>
   Fila Umbrellas B-7953
  </name>
  <category>
   Umbrellas
  </category>
  <size>
   L
  </size>
  <color>
   Оранжевый
  </color>
  <material>
   Вискоза
  </material>
  <price>
   967201
  </price>
  <rating>
   3.33
  </rating>
  <reviews>
   39991
  </reviews>
  <new>
   +
  </new>
  <sporty>
   no
  </sporty>
 </clothing>
 <clothing>
  <id>
   377923893
  </id>
  <name>
   PleinSport Handbags P-2542
  </name>
  <category>
   Handbags
  </category>
  <size>
   L
  </size>
  <color>
   Зеленый
  </color>
  <material>
   Нейлон
  </material>
  <price>
   876957
  </price>
  <rating>
   1.13
  </rating>
  <reviews>
   691938
  </reviews>
  <sporty>
   no
  </sporty>
 </clothing>
 <clothing>
  <id>
   858035604
  </id>
  <name>
   Vans Umbrellas Q-7157
  </name>
  <category>
   Umbrellas
  </category>
  <size>
   XXL
  </size>
  <color>
   Фиолетовый
  </color>
  <material>
   Полиэстер
  </material>
  <price>
   498276
  </price>
  <rating>
   4.36
  </rating>
  <reviews>
   105752
  </reviews>
  <exclusive>
   no
  </exclusive>
  <sporty>
   no
  </sporty>
 </clothing>
 <clothing>
  <id>
   889222574
  </id>
  <name>
   Fila Socks R-8259
  </name>
  <category>
   Socks
  </category>
  <size>
   S
  </size>
  <color>
   Голубой
  </color>
  <material>
   Лен
  </material>
  <price>
   407707
  </price>
  <rating>
   1.6
  </rating>
  <reviews>
   427125
  </reviews>
  <new>
   -
  </new>
  <sporty>
   no
  </sporty>
 </clothing>
 <clothing>
  <id>
   326695381
  </id>
  <name>
   Puma Shirt B-7802
  </name>
  <category>
   Shirt
  </category>
  <size>
   XL
  </size>
  <color>
   Желтый
  </color>
  <material>
   Нейлон
  </material>
  <price>
   723250
  </price>
  <rating>
   4.56
  </rating>
  <reviews>
   432142
  </reviews>
  <exclusive>
   yes
  </exclusive>
  <sporty>
   yes
  </sporty>
 </clothing>
 <clothing>
  <id>
   290465523
  </id>
  <name>
   Puma Belts H-5054
  </name>
  <category>
   Belts
  </category>
  <size>
   XL
  </size>
  <color>
   Желтый
  </color>
  <material>
   Лен
  </material>
  <price>
   761555
  </price>
  <rating>
   2.61
  </rating>
  <reviews>
   564429
  </reviews>
  <exclusive>
   no
  </exclusive>
  <sporty>
   no
  </sporty>
 </clothing>
 <clothing>
  <id>
   372379810
  </id>
  <name>
   Vans Dress M-1421
  </name>
  <category>
   Dress
  </category>
  <size>
   XXL
  </size>
  <color>
   Зеленый
  </color>
  <material>
   Кожа
  </material>
  <price>
   130368
  </price>
  <rating>
   1.09
  </rating>
  <reviews>
   663994
  </reviews>
  <new>
   -
  </new>
  <sporty>
   no
  </sporty>
 </clothing>
 <clothing>
  <id>
   749260123
  </id>
  <name>
   Reebok Handbags L-3948
  </name>
  <category>
   Handbags
  </category>
  <size>
   XXL
  </size>
  <color>
   Желтый
  </color>
  <material>
   Полиэстер
  </material>
  <price>
   846209
  </price>
  <rating>
   1.86
  </rating>
  <reviews>
   227655
  </reviews>
  <new>
   -
  </new>
  <sporty>
   yes
  </sporty>
 </clothing>
 <clothing>
  <id>
   921855289
  </id>
  <name>
   PleinSport Shoes U-7519
  </name>
  <category>
   Shoes
  </category>
  <size>
   S
  </size>
  <color>
   Голубой
  </color>
  <material>
   Полиэстер
  </material>
  <price>
   155734
  </price>
  <rating>
   1.69
  </rating>
  <reviews>
   108884
  </reviews>
  <new>
   +
  </new>
  <sporty>
   yes
  </sporty>
 </clothing>
 <clothing>
  <id>
   868548966
  </id>
  <name>
   New Balance T-shirt H-7832
  </name>
  <category>
   T-shirt
  </category>
  <size>
   L
  </size>
  <color>
   Оранжевый
  </color>
  <material>
   Вискоза
  </material>
  <price>
   882906
  </price>
  <rating>
   4.56
  </rating>
  <reviews>
   410121
  </reviews>
  <sporty>
   yes
  </sporty>
 </clothing>
 <clothing>
  <id>
   163880416
  </id>
  <name>
   DC Shirt Q-5955
  </name>
  <category>
   Shirt
  </category>
  <size>
   M
  </size>
  <color>
   Желтый
  </color>
  <material>
   Кожа
  </material>
  <price>
   773539
  </price>
  <rating>
   2.77
  </rating>
  <reviews>
   25439
  </reviews>
  <exclusive>
   yes
  </exclusive>
  <sporty>
   no
  </sporty>
 </clothing>
 <clothing>
  <id>
   112951147
  </id>
  <name>
   Vans Belts F-8216
  </name>
  <category>
   Belts
  </category>
  <size>
   M
  </size>
  <color>
   Желтый
  </color>
  <material>
   Кожа
  </material>
  <price>
   231268
  </price>
  <rating>
   3.34
  </rating>
  <reviews>
   56510
  </reviews>
  <new>
   -
  </new>
  <sporty>
   yes
  </sporty>
 </clothing>
 <clothing>
  <id>
   250484304
  </id>
  <name>
   Asics Skirt X-2147
  </name>
  <category>
   Skirt
  </category>
  <size>
   XL
  </size>
  <color>
   Красный
  </color>
  <material>
   Шелк
  </material>
  <price>
   525198
  </price>
  <rating>
   1.39
  </rating>
  <reviews>
   511906
  </reviews>
  <new>
   -
  </new>
  <exclusive>
   yes
  </exclusive>
  <sporty>
   no
  </sporty>
 </clothing>
 <clothing>
  <id>
   680792581
  </id>
  <name>
   Reebok T-shirt H-8396
  </name>
  <category>
   T-shirt
  </category>
  <size>
   XL
  </size>
  <color>
   Оранжевый
  </color>
  <material>
   Полиэстер
  </material>
  <price>
   998878
  </price>
  <rating>
   3.84
  </rating>
  <reviews>
   680944
  </reviews>
  <new>
   -
  </new>
  <sporty>
   no
  </sporty>
 </clothing>
 <clothing>
  <id>
   253902018
  </id>
  <name>
   Fila Jeans H-5488
  </name>
  <category>
   Jeans
  </category>
  <size>
   M
  </size>
  <color>
   Фиолетовый
  </color>
  <material>
   Кожа
  </material>
  <price>
   532706
  </price>
  <rating>
   4.47
  </rating>
  <reviews>
   951390
  </reviews>
  <exclusive>
   yes
  </exclusive>
  <sporty>
   yes
  </sporty>
 </clothing>
 <clothing>
  <id>
   488142972
  </id>
  <name>
   Addidas Skirt V-2801
  </name>
  <category>
   Skirt
  </category>
  <size>
   XXL
  </size>
  <color>
   Зеленый
  </color>
  <material>
   Вискоза
  </material>
  <price>
   467852
  </price>
  <rating>
   3.15
  </rating>
  <reviews>
   670836
  </reviews>
  <exclusive>
   no
  </exclusive>
 </clothing>
 <clothing>
  <id>
   268098653
  </id>
  <name>
   DC Socks Z-3479
  </name>
  <category>
   Socks
  </category>
  <size>
   S
  </size>
  <color>
   Зеленый
  </color>
  <material>
   Шерсть
  </material>
  <price>
   382936
  </price>
  <rating>
   3.28
  </rating>
  <reviews>
   273423
  </reviews>
 </clothing>
 <clothing>
  <id>
   138744223
  </id>
  <name>
   Under Armour Socks M-9738
  </name>
  <category>
   Socks
  </category>
  <size>
   S
  </size>
  <color>
   Желтый
  </color>
  <material>
   Нейлон
  </material>
  <price>
   896527
  </price>
  <rating>
   2.46
  </rating>
  <reviews>
   495426
  </reviews>
  <exclusive>
   no
  </exclusive>
  <sporty>
   no
  </sporty>
 </clothing>
 <clothing>
  <id>
   354920261
  </id>
  <name>
   Asics Hat R-1728
  </name>
  <category>
   Hat
  </category>
  <size>
   L
  </size>
  <color>
   Фиолетовый
  </color>
  <material>
   Кожа
  </material>
  <price>
   397068
  </price>
  <rating>
   4.36
  </rating>
  <reviews>
   417686
  </reviews>
  <sporty>
   no
  </sporty>
 </clothing>
 <clothing>
  <id>
   921744517
  </id>
  <name>
   Converse Gloves U-8836
  </name>
  <category>
   Gloves
  </category>
  <size>
   XL
  </size>
  <color>
   Голубой
  </color>
  <material>
   Нейлон
  </material>
  <price>
   528342
  </price>
  <rating>
   4.61
  </rating>
  <reviews>
   22169
  </reviews>
  <new>
   +
  </new>
  <exclusive>
   no
  </exclusive>
  <sporty>
   no
  </sporty>
 </clothing>
 <clothing>
  <id>
   973496830
  </id>
  <name>
   Converse Umbrellas C-6114
  </name>
  <category>
   Umbrellas
  </category>
  <size>
   L
  </size>
  <color>
   Фиолетовый
  </color>
  <material>
   Нейлон
  </material>
  <price>
   915246
  </price>
  <rating>
   1.77
  </rating>
  <reviews>
   742069
  </reviews>
  <new>
   +
  </new>
  <exclusive>
   no
  </exclusive>
  <sporty>
   yes
  </sporty>
 </clothing>
 <clothing>
  <id>
   604572414
  </id>
  <name>
   DC Hat K-2149
  </name>
  <category>
   Hat
  </category>
  <size>
   XL
  </size>
  <color>
   Красный
  </color>
  <material>
   Шерсть
  </material>
  <price>
   942294
  </price>
  <rating>
   3.18
  </rating>
  <reviews>
   742026
  </reviews>
  <new>
   -
  </new>
  <exclusive>
   no
  </exclusive>
  <sporty>
   yes
  </sporty>
 </clothing>
</clothing-items>
