<?xml version="1.0" encoding="utf-8"?>
<clothing-items>
 <clothing>
  <id>
   898488500
  </id>
  <name>
   Lacoste Gloves H-4699
  </name>
  <category>
   Gloves
  </category>
  <size>
   L
  </size>
  <color>
   Красный
  </color>
  <material>
   Вискоза
  </material>
  <price>
   634867
  </price>
  <rating>
   1.22
  </rating>
  <reviews>
   595140
  </reviews>
  <new>
   -
  </new>
  <sporty>
   yes
  </sporty>
 </clothing>
 <clothing>
  <id>
   148102974
  </id>
  <name>
   Converse Blouse R-7196
  </name>
  <category>
   Blouse
  </category>
  <size>
   S
  </size>
  <color>
   Желтый
  </color>
  <material>
   Вискоза
  </material>
  <price>
   995423
  </price>
  <rating>
   1.44
  </rating>
  <reviews>
   870339
  </reviews>
  <new>
   -
  </new>
  <sporty>
   no
  </sporty>
 </clothing>
 <clothing>
  <id>
   692141588
  </id>
  <name>
   Reebok Shirt H-1510
  </name>
  <category>
   Shirt
  </category>
  <size>
   S
  </size>
  <color>
   Фиолетовый
  </color>
  <material>
   Шерсть
  </material>
  <price>
   157856
  </price>
  <rating>
   4.48
  </rating>
  <reviews>
   501841
  </reviews>
  <new>
   +
  </new>
  <exclusive>
   no
  </exclusive>
 </clothing>
 <clothing>
  <id>
   666072310
  </id>
  <name>
   Vans Blouse Y-9230
  </name>
  <category>
   Blouse
  </category>
  <size>
   XXL
  </size>
  <color>
   Оранжевый
  </color>
  <material>
   Нейлон
  </material>
  <price>
   797016
  </price>
  <rating>
   1.09
  </rating>
  <reviews>
   302341
  </reviews>
  <new>
   +
  </new>
  <sporty>
   no
  </sporty>
 </clothing>
 <clothing>
  <id>
   634652699
  </id>
  <name>
   Ellesse Skirt L-9326
  </name>
  <category>
   Skirt
  </category>
  <size>
   L
  </size>
  <color>
   Зеленый
  </color>
  <material>
   Лен
  </material>
  <price>
   267759
  </price>
  <rating>
   2.04
  </rating>
  <reviews>
   998238
  </reviews>
  <new>
   +
  </new>
  <exclusive>
   no
  </exclusive>
  <sporty>
   yes
  </sporty>
 </clothing>
 <clothing>
  <id>
   183119523
  </id>
  <name>
   Addidas Gloves Z-5009
  </name>
  <category>
   Gloves
  </category>
  <size>
   XL
  </size>
  <color>
   Голубой
  </color>
  <material>
   Кожа
  </material>
  <price>
   677688
  </price>
  <rating>
   3.73
  </rating>
  <reviews>
   58085
  </reviews>
  <exclusive>
   no
  </exclusive>
 </clothing>
 <clothing>
  <id>
   680347933
  </id>
  <name>
   Brooks Gloves O-3914
  </name>
  <category>
   Gloves
  </category>
  <size>
   S
  </size>
  <color>
   Синий
  </color>
  <material>
   Лен
  </material>
  <price>
   817755
  </price>
  <rating>
   1.32
  </rating>
  <reviews>
   195586
  </reviews>
 </clothing>
 <clothing>
  <id>
   555518507
  </id>
  <name>
   Ellesse Jeans L-7952
  </name>
  <category>
   Jeans
  </category>
  <size>
   XL
  </size>
  <color>
   Зеленый
  </color>
  <material>
   Нейлон
  </material>
  <price>
   775259
  </price>
  <rating>
   1.71
  </rating>
  <reviews>
   312721
  </reviews>
  <new>
   +
  </new>
  <exclusive>
   yes
  </exclusive>
  <sporty>
   yes
  </sporty>
 </clothing>
 <clothing>
  <id>
   159860619
  </id>
  <name>
   New Balance Sweater O-6268
  </name>
  <category>
   Sweater
  </category>
  <size>
   L
  </size>
  <color>
   Красный
  </color>
  <material>
   Полиэстер
  </material>
  <price>
   360209
  </price>
  <rating>
   3.47
  </rating>
  <reviews>
   96805
  </reviews>
  <exclusive>
   yes
  </exclusive>
  <sporty>
   no
  </sporty>
 </clothing>
 <clothing>
  <id>
   953006577
  </id>
  <name>
   PleinSport Handbags F-7342
  </name>
  <category>
   Handbags
  </category>
  <size>
   XL
  </size>
  <color>
   Оранжевый
  </color>
  <material>
   Хлопок
  </material>
  <price>
   125695
  </price>
  <rating>
   2.3
  </rating>
  <reviews>
   889615
  </reviews>
 </clothing>
 <clothing>
  <id>
   735870325
  </id>
  <name>
   Vans Skirt Q-7339
  </name>
  <category>
   Skirt
  </category>
  <size>
   M
  </size>
  <color>
   Оранжевый
  </color>
  <material>
   Полиэстер
  </material>
  <price>
   872837
  </price>
  <rating>
   2.9
  </rating>
  <reviews>
   264810
  </reviews>
  <new>
   -
  </new>
  <sporty>
   yes
  </sporty>
 </clothing>
 <clothing>
  <id>
   260916047
  </id>
  <name>
   New Balance Shirt G-3775
  </name>
  <category>
   Shirt
  </category>
  <size>
   XXL
  </size>
  <color>
   Фиолетовый
  </color>
  <material>
   Нейлон
  </material>
  <price>
   809699
  </price>
  <rating>
   3.5
  </rating>
  <reviews>
   347337
  </reviews>
  <new>
   +
  </new>
  <sporty>
   yes
  </sporty>
 </clothing>
 <clothing>
  <id>
   789414890
  </id>
  <name>
   Nike Jeans F-9583
  </name>
  <category>
   Jeans
  </category>
  <size>
   M
  </size>
  <color>
   Голубой
  </color>
  <material>
   Хлопок
  </material>
  <price>
   942710
  </price>
  <rating>
   4.56
  </rating>
  <reviews>
   292561
  </reviews>
 </clothing>
 <clothing>
  <id>
   660031974
  </id>
  <name>
   New Balance Belts R-2257
  </name>
  <category>
   Belts
  </category>
  <size>
   M
  </size>
  <color>
   Голубой
  </color>
  <material>
   Полиэстер
  </material>
  <price>
   133091
  </price>
  <rating>
   1.25
  </rating>
  <reviews>
   247239
  </reviews>
  <exclusive>
   yes
  </exclusive>
 </clothing>
 <clothing>
  <id>
   242046613
  </id>
  <name>
   Ellesse Shoes N-9625
  </name>
  <category>
   Shoes
  </category>
  <size>
   XXL
  </size>
  <color>
   Красный
  </color>
  <material>
   Полиэстер
  </material>
  <price>
   282094
  </price>
  <rating>
   2.88
  </rating>
  <reviews>
   7256
  </reviews>
  <exclusive>
   no
  </exclusive>
  <sporty>
   no
  </sporty>
 </clothing>
 <clothing>
  <id>
   339562570
  </id>
  <name>
   Ellesse Skirt N-5159
  </name>
  <category>
   Skirt
  </category>
  <size>
   XXL
  </size>
  <color>
   Желтый
  </color>
  <material>
   Вискоза
  </material>
  <price>
   825322
  </price>
  <rating>
   2.83
  </rating>
  <reviews>
   906349
  </reviews>
  <exclusive>
   yes
  </exclusive>
  <sporty>
   no
  </sporty>
 </clothing>
 <clothing>
  <id>
   151627717
  </id>
  <name>
   Vans T-shirt F-6487
  </name>
  <category>
   T-shirt
  </category>
  <size>
   M
  </size>
  <color>
   Оранжевый
  </color>
  <material>
   Шерсть
  </material>
  <price>
   317315
  </price>
  <rating>
   4.19
  </rating>
  <reviews>
   331760
  </reviews>
 </clothing>
 <clothing>
  <id>
   291984316
  </id>
  <name>
   Brooks Jeans L-1607
  </name>
  <category>
   Jeans
  </category>
  <size>
   XL
  </size>
  <color>
   Голубой
  </color>
  <material>
   Лен
  </material>
  <price>
   736633
  </price>
  <rating>
   1.51
  </rating>
  <reviews>
   252332
  </reviews>
  <new>
   +
  </new>
  <exclusive>
   no
  </exclusive>
  <sporty>
   no
  </sporty>
 </clothing>
 <clothing>
  <id>
   868944705
  </id>
  <name>
   New Balance Dress S-4384
  </name>
  <category>
   Dress
  </category>
  <size>
   M
  </size>
  <color>
   Зеленый
  </color>
  <material>
   Кожа
  </material>
  <price>
   360176
  </price>
  <rating>
   2.72
  </rating>
  <reviews>
   813634
  </reviews>
  <new>
   -
  </new>
  <sporty>
   no
  </sporty>
 </clothing>
 <clothing>
  <id>
   339743700
  </id>
  <name>
   Ellesse T-shirt Q-3556
  </name>
  <category>
   T-shirt
  </category>
  <size>
   XXL
  </size>
  <color>
   Фиолетовый
  </color>
  <material>
   Нейлон
  </material>
  <price>
   118449
  </price>
  <rating>
   2.52
  </rating>
  <reviews>
   622812
  </reviews>
  <exclusive>
   no
  </exclusive>
 </clothing>
 <clothing>
  <id>
   441568121
  </id>
  <name>
   Ellesse Gloves U-1778
  </name>
  <category>
   Gloves
  </category>
  <size>
   S
  </size>
  <color>
   Оранжевый
  </color>
  <material>
   Хлопок
  </material>
  <price>
   377652
  </price>
  <rating>
   2.42
  </rating>
  <reviews>
   438296
  </reviews>
  <new>
   -
  </new>
 </clothing>
 <clothing>
  <id>
   530284530
  </id>
  <name>
   Addidas Jacket A-4890
  </name>
  <category>
   Jacket
  </category>
  <size>
   XXL
  </size>
  <color>
   Синий
  </color>
  <material>
   Полиэстер
  </material>
  <price>
   799892
  </price>
  <rating>
   1.39
  </rating>
  <reviews>
   644282
  </reviews>
  <new>
   +
  </new>
 </clothing>
 <clothing>
  <id>
   304928095
  </id>
  <name>
   Ellesse Dress M-6483
  </name>
  <category>
   Dress
  </category>
  <size>
   M
  </size>
  <color>
   Синий
  </color>
  <material>
   Вискоза
  </material>
  <price>
   460943
  </price>
  <rating>
   3.42
  </rating>
  <reviews>
   260832
  </reviews>
  <new>
   +
  </new>
  <exclusive>
   no
  </exclusive>
 </clothing>
 <clothing>
  <id>
   704344857
  </id>
  <name>
   Under Armour Skirt U-9863
  </name>
  <category>
   Skirt
  </category>
  <size>
   XL
  </size>
  <color>
   Желтый
  </color>
  <material>
   Шелк
  </material>
  <price>
   276721
  </price>
  <rating>
   1.05
  </rating>
  <reviews>
   573715
  </reviews>
  <new>
   -
  </new>
  <exclusive>
   no
  </exclusive>
  <sporty>
   yes
  </sporty>
 </clothing>
 <clothing>
  <id>
   925799670
  </id>
  <name>
   Addidas Sweater R-2968
  </name>
  <category>
   Sweater
  </category>
  <size>
   XXL
  </size>
  <color>
   Красный
  </color>
  <material>
   Нейлон
  </material>
  <price>
   255464
  </price>
  <rating>
   3.04
  </rating>
  <reviews>
   774261
  </reviews>
  <new>
   +
  </new>
  <sporty>
   yes
  </sporty>
 </clothing>
 <clothing>
  <id>
   432693169
  </id>
  <name>
   Lacoste Jeans Y-1830
  </name>
  <category>
   Jeans
  </category>
  <size>
   L
  </size>
  <color>
   Синий
  </color>
  <material>
   Вискоза
  </material>
  <price>
   977719
  </price>
  <rating>
   4.4
  </rating>
  <reviews>
   584653
  </reviews>
  <exclusive>
   yes
  </exclusive>
 </clothing>
 <clothing>
  <id>
   432539292
  </id>
  <name>
   Nike Jacket O-1096
  </name>
  <category>
   Jacket
  </category>
  <size>
   S
  </size>
  <color>
   Желтый
  </color>
  <material>
   Нейлон
  </material>
  <price>
   925833
  </price>
  <rating>
   3.78
  </rating>
  <reviews>
   794170
  </reviews>
  <sporty>
   no
  </sporty>
 </clothing>
 <clothing>
  <id>
   827830904
  </id>
  <name>
   DC T-shirt J-4423
  </name>
  <category>
   T-shirt
  </category>
  <size>
   L
  </size>
  <color>
   Голубой
  </color>
  <material>
   Нейлон
  </material>
  <price>
   272855
  </price>
  <rating>
   2.15
  </rating>
  <reviews>
   67189
  </reviews>
  <new>
   -
  </new>
  <exclusive>
   yes
  </exclusive>
 </clothing>
 <clothing>
  <id>
   121752881
  </id>
  <name>
   Asics Belts D-4778
  </name>
  <category>
   Belts
  </category>
  <size>
   L
  </size>
  <color>
   Оранжевый
  </color>
  <material>
   Вискоза
  </material>
  <price>
   156066
  </price>
  <rating>
   4.99
  </rating>
  <reviews>
   152694
  </reviews>
  <new>
   +
  </new>
 </clothing>
 <clothing>
  <id>
   945542662
  </id>
  <name>
   Reebok Shirt R-3055
  </name>
  <category>
   Shirt
  </category>
  <size>
   M
  </size>
  <color>
   Зеленый
  </color>
  <material>
   Шелк
  </material>
  <price>
   921359
  </price>
  <rating>
   4.36
  </rating>
  <reviews>
   304220
  </reviews>
  <exclusive>
   no
  </exclusive>
  <sporty>
   no
  </sporty>
 </clothing>
 <clothing>
  <id>
   138645969
  </id>
  <name>
   Lacoste Dress Y-8424
  </name>
  <category>
   Dress
  </category>
  <size>
   M
  </size>
  <color>
   Красный
  </color>
  <material>
   Шерсть
  </material>
  <price>
   983623
  </price>
  <rating>
   4.15
  </rating>
  <reviews>
   917395
  </reviews>
  <new>
   -
  </new>
  <sporty>
   no
  </sporty>
 </clothing>
 <clothing>
  <id>
   359717662
  </id>
  <name>
   Ellesse Blouse C-4083
  </name>
  <category>
   Blouse
  </category>
  <size>
   XXL
  </size>
  <color>
   Зеленый
  </color>
  <material>
   Лен
  </material>
  <price>
   394275
  </price>
  <rating>
   1.0
  </rating>
  <reviews>
   4811
  </reviews>
  <exclusive>
   yes
  </exclusive>
 </clothing>
 <clothing>
  <id>
   155485782
  </id>
  <name>
   PleinSport Jeans O-9023
  </name>
  <category>
   Jeans
  </category>
  <size>
   XXL
  </size>
  <color>
   Синий
  </color>
  <material>
   Шерсть
  </material>
  <price>
   403672
  </price>
  <rating>
   1.68
  </rating>
  <reviews>
   620510
  </reviews>
  <exclusive>
   no
  </exclusive>
 </clothing>
 <clothing>
  <id>
   461540198
  </id>
  <name>
   DC Pants B-3718
  </name>
  <category>
   Pants
  </category>
  <size>
   M
  </size>
  <color>
   Желтый
  </color>
  <material>
   Хлопок
  </material>
  <price>
   349454
  </price>
  <rating>
   3.83
  </rating>
  <reviews>
   645899
  </reviews>
  <new>
   +
  </new>
  <exclusive>
   yes
  </exclusive>
 </clothing>
 <clothing>
  <id>
   915896569
  </id>
  <name>
   Ellesse T-shirt J-7122
  </name>
  <category>
   T-shirt
  </category>
  <size>
   XL
  </size>
  <color>
   Фиолетовый
  </color>
  <material>
   Хлопок
  </material>
  <price>
   611559
  </price>
  <rating>
   4.32
  </rating>
  <reviews>
   578635
  </reviews>
  <sporty>
   no
  </sporty>
 </clothing>
 <clothing>
  <id>
   302374367
  </id>
  <name>
   Ellesse Dress D-1125
  </name>
  <category>
   Dress
  </category>
  <size>
   XXL
  </size>
  <color>
   Голубой
  </color>
  <material>
   Шерсть
  </material>
  <price>
   335006
  </price>
  <rating>
   3.6
  </rating>
  <reviews>
   140073
  </reviews>
  <new>
   -
  </new>
  <exclusive>
   no
  </exclusive>
  <sporty>
   no
  </sporty>
 </clothing>
 <clothing>
  <id>
   492573075
  </id>
  <name>
   DC Gloves K-4717
  </name>
  <category>
   Gloves
  </category>
  <size>
   XXL
  </size>
  <color>
   Синий
  </color>
  <material>
   Шерсть
  </material>
  <price>
   569941
  </price>
  <rating>
   2.65
  </rating>
  <reviews>
   944225
  </reviews>
  <new>
   +
  </new>
  <sporty>
   no
  </sporty>
 </clothing>
 <clothing>
  <id>
   890985650
  </id>
  <name>
   Lacoste Handbags R-5173
  </name>
  <category>
   Handbags
  </category>
  <size>
   S
  </size>
  <color>
   Красный
  </color>
  <material>
   Вискоза
  </material>
  <price>
   539831
  </price>
  <rating>
   2.09
  </rating>
  <reviews>
   551984
  </reviews>
  <new>
   +
  </new>
  <exclusive>
   yes
  </exclusive>
  <sporty>
   no
  </sporty>
 </clothing>
 <clothing>
  <id>
   169025747
  </id>
  <name>
   Lacoste Handbags L-7111
  </name>
  <category>
   Handbags
  </category>
  <size>
   XXL
  </size>
  <color>
   Голубой
  </color>
  <material>
   Нейлон
  </material>
  <price>
   309372
  </price>
  <rating>
   1.8
  </rating>
  <reviews>
   996766
  </reviews>
  <sporty>
   no
  </sporty>
 </clothing>
 <clothing>
  <id>
   429515901
  </id>
  <name>
   Reebok Sweater I-1087
  </name>
  <category>
   Sweater
  </category>
  <size>
   XXL
  </size>
  <color>
   Голубой
  </color>
  <material>
   Хлопок
  </material>
  <price>
   378778
  </price>
  <rating>
   2.26
  </rating>
  <reviews>
   144634
  </reviews>
  <new>
   +
  </new>
  <exclusive>
   yes
  </exclusive>
  <sporty>
   no
  </sporty>
 </clothing>
</clothing-items>
