<?xml version="1.0" encoding="utf-8"?>
<clothing-items>
 <clothing>
  <id>
   585172765
  </id>
  <name>
   New Balance Jeans E-5697
  </name>
  <category>
   Jeans
  </category>
  <size>
   L
  </size>
  <color>
   Зеленый
  </color>
  <material>
   Лен
  </material>
  <price>
   718364
  </price>
  <rating>
   2.07
  </rating>
  <reviews>
   993779
  </reviews>
  <exclusive>
   no
  </exclusive>
 </clothing>
 <clothing>
  <id>
   933791600
  </id>
  <name>
   Ellesse Pants Y-6724
  </name>
  <category>
   Pants
  </category>
  <size>
   S
  </size>
  <color>
   Желтый
  </color>
  <material>
   Лен
  </material>
  <price>
   441971
  </price>
  <rating>
   2.2
  </rating>
  <reviews>
   161826
  </reviews>
 </clothing>
 <clothing>
  <id>
   236961003
  </id>
  <name>
   Brooks Blouse E-1631
  </name>
  <category>
   Blouse
  </category>
  <size>
   XL
  </size>
  <color>
   Синий
  </color>
  <material>
   Кожа
  </material>
  <price>
   743182
  </price>
  <rating>
   4.59
  </rating>
  <reviews>
   741531
  </reviews>
  <exclusive>
   no
  </exclusive>
 </clothing>
 <clothing>
  <id>
   477818254
  </id>
  <name>
   Lacoste Shirt X-1517
  </name>
  <category>
   Shirt
  </category>
  <size>
   XXL
  </size>
  <color>
   Синий
  </color>
  <material>
   Хлопок
  </material>
  <price>
   132665
  </price>
  <rating>
   3.1
  </rating>
  <reviews>
   999476
  </reviews>
  <sporty>
   no
  </sporty>
 </clothing>
 <clothing>
  <id>
   318979922
  </id>
  <name>
   Addidas Pants R-7574
  </name>
  <category>
   Pants
  </category>
  <size>
   S
  </size>
  <color>
   Фиолетовый
  </color>
  <material>
   Кожа
  </material>
  <price>
   366921
  </price>
  <rating>
   4.38
  </rating>
  <reviews>
   484250
  </reviews>
  <new>
   +
  </new>
  <exclusive>
   yes
  </exclusive>
 </clothing>
 <clothing>
  <id>
   999209239
  </id>
  <name>
   Puma Umbrellas E-8708
  </name>
  <category>
   Umbrellas
  </category>
  <size>
   M
  </size>
  <color>
   Оранжевый
  </color>
  <material>
   Шелк
  </material>
  <price>
   729020
  </price>
  <rating>
   3.33
  </rating>
  <reviews>
   745718
  </reviews>
  <new>
   +
  </new>
 </clothing>
 <clothing>
  <id>
   929648189
  </id>
  <name>
   Adidas Handbags W-7654
  </name>
  <category>
   Handbags
  </category>
  <size>
   L
  </size>
  <color>
   Голубой
  </color>
  <material>
   Шелк
  </material>
  <price>
   881886
  </price>
  <rating>
   4.58
  </rating>
  <reviews>
   792713
  </reviews>
  <new>
   +
  </new>
  <exclusive>
   yes
  </exclusive>
 </clothing>
 <clothing>
  <id>
   272289514
  </id>
  <name>
   Vans Dress Y-8111
  </name>
  <category>
   Dress
  </category>
  <size>
   L
  </size>
  <color>
   Зеленый
  </color>
  <material>
   Кожа
  </material>
  <price>
   743914
  </price>
  <rating>
   3.22
  </rating>
  <reviews>
   911814
  </reviews>
  <new>
   +
  </new>
 </clothing>
 <clothing>
  <id>
   114381624
  </id>
  <name>
   New Balance Hat Z-6755
  </name>
  <category>
   Hat
  </category>
  <size>
   XXL
  </size>
  <color>
   Оранжевый
  </color>
  <material>
   Шелк
  </material>
  <price>
   604735
  </price>
  <rating>
   3.38
  </rating>
  <reviews>
   80317
  </reviews>
  <new>
   -
  </new>
 </clothing>
 <clothing>
  <id>
   702376931
  </id>
  <name>
   Fila Gloves L-9537
  </name>
  <category>
   Gloves
  </category>
  <size>
   M
  </size>
  <color>
   Желтый
  </color>
  <material>
   Вискоза
  </material>
  <price>
   648326
  </price>
  <rating>
   2.37
  </rating>
  <reviews>
   128075
  </reviews>
  <new>
   -
  </new>
  <sporty>
   no
  </sporty>
 </clothing>
 <clothing>
  <id>
   642587983
  </id>
  <name>
   Asics Shirt B-4584
  </name>
  <category>
   Shirt
  </category>
  <size>
   L
  </size>
  <color>
   Голубой
  </color>
  <material>
   Шелк
  </material>
  <price>
   320000
  </price>
  <rating>
   4.22
  </rating>
  <reviews>
   841044
  </reviews>
  <new>
   -
  </new>
  <sporty>
   no
  </sporty>
 </clothing>
 <clothing>
  <id>
   356522411
  </id>
  <name>
   Nike Shoes N-3756
  </name>
  <category>
   Shoes
  </category>
  <size>
   XXL
  </size>
  <color>
   Желтый
  </color>
  <material>
   Шелк
  </material>
  <price>
   187481
  </price>
  <rating>
   2.88
  </rating>
  <reviews>
   203247
  </reviews>
  <new>
   -
  </new>
  <exclusive>
   yes
  </exclusive>
  <sporty>
   yes
  </sporty>
 </clothing>
</clothing-items>
