<?xml version="1.0" encoding="utf-8"?>
<clothing-items>
 <clothing>
  <id>
   299466573
  </id>
  <name>
   Asics Belts I-3949
  </name>
  <category>
   Belts
  </category>
  <size>
   M
  </size>
  <color>
   Красный
  </color>
  <material>
   Вискоза
  </material>
  <price>
   231079
  </price>
  <rating>
   3.01
  </rating>
  <reviews>
   30579
  </reviews>
  <new>
   +
  </new>
  <exclusive>
   yes
  </exclusive>
  <sporty>
   no
  </sporty>
 </clothing>
 <clothing>
  <id>
   474669144
  </id>
  <name>
   Brooks Gloves Y-2400
  </name>
  <category>
   Gloves
  </category>
  <size>
   XXL
  </size>
  <color>
   Оранжевый
  </color>
  <material>
   Шелк
  </material>
  <price>
   302487
  </price>
  <rating>
   4.69
  </rating>
  <reviews>
   576316
  </reviews>
  <new>
   -
  </new>
 </clothing>
 <clothing>
  <id>
   577361890
  </id>
  <name>
   Puma Shoes F-9192
  </name>
  <category>
   Shoes
  </category>
  <size>
   XL
  </size>
  <color>
   Оранжевый
  </color>
  <material>
   Хлопок
  </material>
  <price>
   635995
  </price>
  <rating>
   2.89
  </rating>
  <reviews>
   535318
  </reviews>
  <new>
   -
  </new>
  <exclusive>
   no
  </exclusive>
  <sporty>
   yes
  </sporty>
 </clothing>
 <clothing>
  <id>
   158669769
  </id>
  <name>
   Addidas Handbags V-4396
  </name>
  <category>
   Handbags
  </category>
  <size>
   XXL
  </size>
  <color>
   Зеленый
  </color>
  <material>
   Шелк
  </material>
  <price>
   423375
  </price>
  <rating>
   2.22
  </rating>
  <reviews>
   303288
  </reviews>
  <new>
   -
  </new>
 </clothing>
 <clothing>
  <id>
   977419037
  </id>
  <name>
   Puma Handbags Z-5298
  </name>
  <category>
   Handbags
  </category>
  <size>
   XXL
  </size>
  <color>
   Оранжевый
  </color>
  <material>
   Шелк
  </material>
  <price>
   693395
  </price>
  <rating>
   4.32
  </rating>
  <reviews>
   842651
  </reviews>
  <exclusive>
   no
  </exclusive>
 </clothing>
 <clothing>
  <id>
   231398613
  </id>
  <name>
   Ellesse Belts S-1570
  </name>
  <category>
   Belts
  </category>
  <size>
   S
  </size>
  <color>
   Желтый
  </color>
  <material>
   Шелк
  </material>
  <price>
   862031
  </price>
  <rating>
   3.15
  </rating>
  <reviews>
   786649
  </reviews>
  <new>
   -
  </new>
  <exclusive>
   yes
  </exclusive>
 </clothing>
 <clothing>
  <id>
   681282723
  </id>
  <name>
   Under Armour Jacket N-3835
  </name>
  <category>
   Jacket
  </category>
  <size>
   S
  </size>
  <color>
   Голубой
  </color>
  <material>
   Хлопок
  </material>
  <price>
   335901
  </price>
  <rating>
   4.38
  </rating>
  <reviews>
   956009
  </reviews>
  <exclusive>
   no
  </exclusive>
  <sporty>
   no
  </sporty>
 </clothing>
 <clothing>
  <id>
   205525141
  </id>
  <name>
   Converse Shoes F-1255
  </name>
  <category>
   Shoes
  </category>
  <size>
   XXL
  </size>
  <color>
   Фиолетовый
  </color>
  <material>
   Шерсть
  </material>
  <price>
   558716
  </price>
  <rating>
   2.76
  </rating>
  <reviews>
   510317
  </reviews>
  <new>
   -
  </new>
  <exclusive>
   no
  </exclusive>
  <sporty>
   no
  </sporty>
 </clothing>
 <clothing>
  <id>
   562967732
  </id>
  <name>
   Reebok Blouse E-9620
  </name>
  <category>
   Blouse
  </category>
  <size>
   XL
  </size>
  <color>
   Оранжевый
  </color>
  <material>
   Нейлон
  </material>
  <price>
   546440
  </price>
  <rating>
   4.22
  </rating>
  <reviews>
   249715
  </reviews>
  <new>
   +
  </new>
 </clothing>
 <clothing>
  <id>
   784237142
  </id>
  <name>
   Addidas Umbrellas S-3094
  </name>
  <category>
   Umbrellas
  </category>
  <size>
   XL
  </size>
  <color>
   Оранжевый
  </color>
  <material>
   Вискоза
  </material>
  <price>
   577650
  </price>
  <rating>
   1.61
  </rating>
  <reviews>
   451117
  </reviews>
  <new>
   -
  </new>
  <exclusive>
   no
  </exclusive>
 </clothing>
 <clothing>
  <id>
   549324491
  </id>
  <name>
   Reebok Hat J-8419
  </name>
  <category>
   Hat
  </category>
  <size>
   S
  </size>
  <color>
   Синий
  </color>
  <material>
   Полиэстер
  </material>
  <price>
   787533
  </price>
  <rating>
   1.89
  </rating>
  <reviews>
   615786
  </reviews>
  <exclusive>
   no
  </exclusive>
 </clothing>
 <clothing>
  <id>
   269694962
  </id>
  <name>
   Lacoste Dress L-6586
  </name>
  <category>
   Dress
  </category>
  <size>
   M
  </size>
  <color>
   Синий
  </color>
  <material>
   Вискоза
  </material>
  <price>
   908142
  </price>
  <rating>
   4.16
  </rating>
  <reviews>
   289928
  </reviews>
  <exclusive>
   no
  </exclusive>
 </clothing>
 <clothing>
  <id>
   288562624
  </id>
  <name>
   Vans Dress R-3051
  </name>
  <category>
   Dress
  </category>
  <size>
   M
  </size>
  <color>
   Фиолетовый
  </color>
  <material>
   Шерсть
  </material>
  <price>
   852172
  </price>
  <rating>
   3.02
  </rating>
  <reviews>
   49819
  </reviews>
  <new>
   -
  </new>
  <exclusive>
   no
  </exclusive>
  <sporty>
   no
  </sporty>
 </clothing>
 <clothing>
  <id>
   602482471
  </id>
  <name>
   Adidas Shoes E-7375
  </name>
  <category>
   Shoes
  </category>
  <size>
   XXL
  </size>
  <color>
   Желтый
  </color>
  <material>
   Кожа
  </material>
  <price>
   998918
  </price>
  <rating>
   3.87
  </rating>
  <reviews>
   893391
  </reviews>
 </clothing>
 <clothing>
  <id>
   413877049
  </id>
  <name>
   Vans Belts F-6508
  </name>
  <category>
   Belts
  </category>
  <size>
   M
  </size>
  <color>
   Оранжевый
  </color>
  <material>
   Кожа
  </material>
  <price>
   999343
  </price>
  <rating>
   1.28
  </rating>
  <reviews>
   162549
  </reviews>
  <new>
   -
  </new>
 </clothing>
 <clothing>
  <id>
   910779596
  </id>
  <name>
   DC Jeans V-7951
  </name>
  <category>
   Jeans
  </category>
  <size>
   XXL
  </size>
  <color>
   Красный
  </color>
  <material>
   Шелк
  </material>
  <price>
   934412
  </price>
  <rating>
   3.14
  </rating>
  <reviews>
   536282
  </reviews>
  <exclusive>
   no
  </exclusive>
  <sporty>
   yes
  </sporty>
 </clothing>
 <clothing>
  <id>
   832375293
  </id>
  <name>
   Nike Sweater X-4568
  </name>
  <category>
   Sweater
  </category>
  <size>
   M
  </size>
  <color>
   Синий
  </color>
  <material>
   Хлопок
  </material>
  <price>
   966207
  </price>
  <rating>
   4.0
  </rating>
  <reviews>
   534190
  </reviews>
 </clothing>
 <clothing>
  <id>
   435945634
  </id>
  <name>
   DC Socks L-8195
  </name>
  <category>
   Socks
  </category>
  <size>
   M
  </size>
  <color>
   Оранжевый
  </color>
  <material>
   Хлопок
  </material>
  <price>
   619875
  </price>
  <rating>
   3.62
  </rating>
  <reviews>
   56789
  </reviews>
  <new>
   -
  </new>
  <sporty>
   yes
  </sporty>
 </clothing>
 <clothing>
  <id>
   834902430
  </id>
  <name>
   Asics Blouse R-6730
  </name>
  <category>
   Blouse
  </category>
  <size>
   L
  </size>
  <color>
   Красный
  </color>
  <material>
   Вискоза
  </material>
  <price>
   413168
  </price>
  <rating>
   4.91
  </rating>
  <reviews>
   463439
  </reviews>
  <exclusive>
   no
  </exclusive>
  <sporty>
   yes
  </sporty>
 </clothing>
 <clothing>
  <id>
   963831651
  </id>
  <name>
   Addidas Jeans T-4303
  </name>
  <category>
   Jeans
  </category>
  <size>
   S
  </size>
  <color>
   Оранжевый
  </color>
  <material>
   Вискоза
  </material>
  <price>
   759839
  </price>
  <rating>
   1.02
  </rating>
  <reviews>
   483929
  </reviews>
  <exclusive>
   no
  </exclusive>
  <sporty>
   yes
  </sporty>
 </clothing>
 <clothing>
  <id>
   603323086
  </id>
  <name>
   Converse Gloves S-6039
  </name>
  <category>
   Gloves
  </category>
  <size>
   XL
  </size>
  <color>
   Красный
  </color>
  <material>
   Нейлон
  </material>
  <price>
   154054
  </price>
  <rating>
   2.92
  </rating>
  <reviews>
   74045
  </reviews>
 </clothing>
 <clothing>
  <id>
   754246514
  </id>
  <name>
   Fila Shoes S-6081
  </name>
  <category>
   Shoes
  </category>
  <size>
   L
  </size>
  <color>
   Желтый
  </color>
  <material>
   Кожа
  </material>
  <price>
   822847
  </price>
  <rating>
   3.58
  </rating>
  <reviews>
   962893
  </reviews>
  <new>
   -
  </new>
 </clothing>
 <clothing>
  <id>
   189870763
  </id>
  <name>
   Asics Jeans R-8360
  </name>
  <category>
   Jeans
  </category>
  <size>
   L
  </size>
  <color>
   Синий
  </color>
  <material>
   Шерсть
  </material>
  <price>
   288506
  </price>
  <rating>
   1.84
  </rating>
  <reviews>
   337486
  </reviews>
  <new>
   -
  </new>
  <exclusive>
   no
  </exclusive>
  <sporty>
   yes
  </sporty>
 </clothing>
 <clothing>
  <id>
   396183064
  </id>
  <name>
   Converse Shoes J-8571
  </name>
  <category>
   Shoes
  </category>
  <size>
   L
  </size>
  <color>
   Красный
  </color>
  <material>
   Вискоза
  </material>
  <price>
   865970
  </price>
  <rating>
   3.09
  </rating>
  <reviews>
   915522
  </reviews>
  <new>
   -
  </new>
  <exclusive>
   yes
  </exclusive>
 </clothing>
 <clothing>
  <id>
   366138814
  </id>
  <name>
   Asics Blouse Q-2169
  </name>
  <category>
   Blouse
  </category>
  <size>
   XL
  </size>
  <color>
   Синий
  </color>
  <material>
   Лен
  </material>
  <price>
   431956
  </price>
  <rating>
   2.17
  </rating>
  <reviews>
   591815
  </reviews>
  <exclusive>
   no
  </exclusive>
 </clothing>
 <clothing>
  <id>
   730658586
  </id>
  <name>
   Converse Umbrellas T-8617
  </name>
  <category>
   Umbrellas
  </category>
  <size>
   L
  </size>
  <color>
   Желтый
  </color>
  <material>
   Шерсть
  </material>
  <price>
   210576
  </price>
  <rating>
   2.78
  </rating>
  <reviews>
   387080
  </reviews>
 </clothing>
 <clothing>
  <id>
   631010301
  </id>
  <name>
   Lacoste Belts Z-4318
  </name>
  <category>
   Belts
  </category>
  <size>
   S
  </size>
  <color>
   Синий
  </color>
  <material>
   Хлопок
  </material>
  <price>
   570701
  </price>
  <rating>
   4.5
  </rating>
  <reviews>
   574209
  </reviews>
  <new>
   -
  </new>
  <exclusive>
   no
  </exclusive>
  <sporty>
   yes
  </sporty>
 </clothing>
 <clothing>
  <id>
   176115439
  </id>
  <name>
   Addidas Hat O-9020
  </name>
  <category>
   Hat
  </category>
  <size>
   M
  </size>
  <color>
   Синий
  </color>
  <material>
   Кожа
  </material>
  <price>
   107970
  </price>
  <rating>
   1.75
  </rating>
  <reviews>
   111868
  </reviews>
  <new>
   -
  </new>
 </clothing>
 <clothing>
  <id>
   323502363
  </id>
  <name>
   Asics Hat W-6754
  </name>
  <category>
   Hat
  </category>
  <size>
   L
  </size>
  <color>
   Синий
  </color>
  <material>
   Вискоза
  </material>
  <price>
   944030
  </price>
  <rating>
   2.92
  </rating>
  <reviews>
   700063
  </reviews>
  <new>
   -
  </new>
  <exclusive>
   yes
  </exclusive>
  <sporty>
   no
  </sporty>
 </clothing>
 <clothing>
  <id>
   286280591
  </id>
  <name>
   Under Armour Pants L-1777
  </name>
  <category>
   Pants
  </category>
  <size>
   M
  </size>
  <color>
   Фиолетовый
  </color>
  <material>
   Полиэстер
  </material>
  <price>
   953885
  </price>
  <rating>
   4.49
  </rating>
  <reviews>
   42355
  </reviews>
  <sporty>
   no
  </sporty>
 </clothing>
 <clothing>
  <id>
   747030579
  </id>
  <name>
   Nike Umbrellas Q-9611
  </name>
  <category>
   Umbrellas
  </category>
  <size>
   XXL
  </size>
  <color>
   Фиолетовый
  </color>
  <material>
   Шелк
  </material>
  <price>
   257842
  </price>
  <rating>
   4.33
  </rating>
  <reviews>
   492901
  </reviews>
  <sporty>
   no
  </sporty>
 </clothing>
 <clothing>
  <id>
   616989171
  </id>
  <name>
   Nike Jeans P-9871
  </name>
  <category>
   Jeans
  </category>
  <size>
   M
  </size>
  <color>
   Голубой
  </color>
  <material>
   Шелк
  </material>
  <price>
   712675
  </price>
  <rating>
   2.29
  </rating>
  <reviews>
   201648
  </reviews>
  <exclusive>
   no
  </exclusive>
  <sporty>
   yes
  </sporty>
 </clothing>
 <clothing>
  <id>
   259811410
  </id>
  <name>
   Converse Handbags S-5453
  </name>
  <category>
   Handbags
  </category>
  <size>
   XL
  </size>
  <color>
   Красный
  </color>
  <material>
   Кожа
  </material>
  <price>
   231473
  </price>
  <rating>
   2.27
  </rating>
  <reviews>
   43852
  </reviews>
 </clothing>
 <clothing>
  <id>
   125490041
  </id>
  <name>
   Converse Jeans X-9267
  </name>
  <category>
   Jeans
  </category>
  <size>
   S
  </size>
  <color>
   Красный
  </color>
  <material>
   Нейлон
  </material>
  <price>
   533869
  </price>
  <rating>
   4.92
  </rating>
  <reviews>
   109775
  </reviews>
  <new>
   +
  </new>
 </clothing>
 <clothing>
  <id>
   112156329
  </id>
  <name>
   New Balance Shoes E-3932
  </name>
  <category>
   Shoes
  </category>
  <size>
   M
  </size>
  <color>
   Фиолетовый
  </color>
  <material>
   Лен
  </material>
  <price>
   564334
  </price>
  <rating>
   1.66
  </rating>
  <reviews>
   566763
  </reviews>
  <new>
   -
  </new>
 </clothing>
 <clothing>
  <id>
   751784006
  </id>
  <name>
   Brooks Hat I-2852
  </name>
  <category>
   Hat
  </category>
  <size>
   M
  </size>
  <color>
   Красный
  </color>
  <material>
   Вискоза
  </material>
  <price>
   658524
  </price>
  <rating>
   1.55
  </rating>
  <reviews>
   409754
  </reviews>
  <exclusive>
   no
  </exclusive>
 </clothing>
 <clothing>
  <id>
   971370144
  </id>
  <name>
   Puma Dress Z-8290
  </name>
  <category>
   Dress
  </category>
  <size>
   XXL
  </size>
  <color>
   Красный
  </color>
  <material>
   Шерсть
  </material>
  <price>
   108530
  </price>
  <rating>
   1.89
  </rating>
  <reviews>
   322056
  </reviews>
  <new>
   -
  </new>
  <exclusive>
   no
  </exclusive>
  <sporty>
   no
  </sporty>
 </clothing>
 <clothing>
  <id>
   362079197
  </id>
  <name>
   Addidas Hat F-1602
  </name>
  <category>
   Hat
  </category>
  <size>
   L
  </size>
  <color>
   Желтый
  </color>
  <material>
   Хлопок
  </material>
  <price>
   657920
  </price>
  <rating>
   3.11
  </rating>
  <reviews>
   330142
  </reviews>
  <exclusive>
   no
  </exclusive>
 </clothing>
</clothing-items>
