<?xml version="1.0" encoding="utf-8"?>
<clothing-items>
 <clothing>
  <id>
   900807032
  </id>
  <name>
   Brooks Skirt Z-9333
  </name>
  <category>
   Skirt
  </category>
  <size>
   XXL
  </size>
  <color>
   Фиолетовый
  </color>
  <material>
   Кожа
  </material>
  <price>
   316238
  </price>
  <rating>
   1.39
  </rating>
  <reviews>
   153282
  </reviews>
  <new>
   -
  </new>
  <exclusive>
   yes
  </exclusive>
  <sporty>
   no
  </sporty>
 </clothing>
 <clothing>
  <id>
   722827842
  </id>
  <name>
   Lacoste Jacket L-5832
  </name>
  <category>
   Jacket
  </category>
  <size>
   S
  </size>
  <color>
   Желтый
  </color>
  <material>
   Кожа
  </material>
  <price>
   138315
  </price>
  <rating>
   2.22
  </rating>
  <reviews>
   538057
  </reviews>
 </clothing>
 <clothing>
  <id>
   411590561
  </id>
  <name>
   Nike Jeans G-3726
  </name>
  <category>
   Jeans
  </category>
  <size>
   M
  </size>
  <color>
   Фиолетовый
  </color>
  <material>
   Кожа
  </material>
  <price>
   397436
  </price>
  <rating>
   4.73
  </rating>
  <reviews>
   672779
  </reviews>
  <exclusive>
   no
  </exclusive>
  <sporty>
   no
  </sporty>
 </clothing>
 <clothing>
  <id>
   274010945
  </id>
  <name>
   Asics Sweater C-7665
  </name>
  <category>
   Sweater
  </category>
  <size>
   M
  </size>
  <color>
   Голубой
  </color>
  <material>
   Шелк
  </material>
  <price>
   695058
  </price>
  <rating>
   3.57
  </rating>
  <reviews>
   730885
  </reviews>
  <new>
   +
  </new>
 </clothing>
 <clothing>
  <id>
   281979900
  </id>
  <name>
   Ellesse Jacket M-3910
  </name>
  <category>
   Jacket
  </category>
  <size>
   S
  </size>
  <color>
   Фиолетовый
  </color>
  <material>
   Шерсть
  </material>
  <price>
   162552
  </price>
  <rating>
   1.74
  </rating>
  <reviews>
   48041
  </reviews>
  <exclusive>
   no
  </exclusive>
 </clothing>
 <clothing>
  <id>
   998033068
  </id>
  <name>
   Fila Pants H-3120
  </name>
  <category>
   Pants
  </category>
  <size>
   M
  </size>
  <color>
   Фиолетовый
  </color>
  <material>
   Шелк
  </material>
  <price>
   122040
  </price>
  <rating>
   4.37
  </rating>
  <reviews>
   960543
  </reviews>
  <sporty>
   no
  </sporty>
 </clothing>
 <clothing>
  <id>
   941408845
  </id>
  <name>
   Adidas Shoes B-3646
  </name>
  <category>
   Shoes
  </category>
  <size>
   XL
  </size>
  <color>
   Оранжевый
  </color>
  <material>
   Нейлон
  </material>
  <price>
   799227
  </price>
  <rating>
   1.24
  </rating>
  <reviews>
   347877
  </reviews>
  <exclusive>
   no
  </exclusive>
  <sporty>
   no
  </sporty>
 </clothing>
 <clothing>
  <id>
   636443285
  </id>
  <name>
   DC Handbags E-7232
  </name>
  <category>
   Handbags
  </category>
  <size>
   XXL
  </size>
  <color>
   Синий
  </color>
  <material>
   Полиэстер
  </material>
  <price>
   175219
  </price>
  <rating>
   4.46
  </rating>
  <reviews>
   576956
  </reviews>
  <new>
   -
  </new>
  <exclusive>
   no
  </exclusive>
 </clothing>
 <clothing>
  <id>
   277415747
  </id>
  <name>
   Vans Dress F-3677
  </name>
  <category>
   Dress
  </category>
  <size>
   L
  </size>
  <color>
   Фиолетовый
  </color>
  <material>
   Лен
  </material>
  <price>
   736280
  </price>
  <rating>
   3.68
  </rating>
  <reviews>
   493317
  </reviews>
  <new>
   -
  </new>
 </clothing>
 <clothing>
  <id>
   459269179
  </id>
  <name>
   New Balance Shoes A-6980
  </name>
  <category>
   Shoes
  </category>
  <size>
   S
  </size>
  <color>
   Зеленый
  </color>
  <material>
   Вискоза
  </material>
  <price>
   655648
  </price>
  <rating>
   4.04
  </rating>
  <reviews>
   750118
  </reviews>
  <exclusive>
   no
  </exclusive>
 </clothing>
 <clothing>
  <id>
   746588175
  </id>
  <name>
   Nike Pants J-4897
  </name>
  <category>
   Pants
  </category>
  <size>
   M
  </size>
  <color>
   Оранжевый
  </color>
  <material>
   Полиэстер
  </material>
  <price>
   338800
  </price>
  <rating>
   4.41
  </rating>
  <reviews>
   392492
  </reviews>
  <new>
   +
  </new>
  <exclusive>
   no
  </exclusive>
 </clothing>
 <clothing>
  <id>
   332856984
  </id>
  <name>
   Ellesse Sweater U-6474
  </name>
  <category>
   Sweater
  </category>
  <size>
   XXL
  </size>
  <color>
   Оранжевый
  </color>
  <material>
   Шелк
  </material>
  <price>
   967266
  </price>
  <rating>
   4.09
  </rating>
  <reviews>
   580668
  </reviews>
  <new>
   +
  </new>
  <exclusive>
   no
  </exclusive>
  <sporty>
   no
  </sporty>
 </clothing>
 <clothing>
  <id>
   498761389
  </id>
  <name>
   DC Belts O-8120
  </name>
  <category>
   Belts
  </category>
  <size>
   XXL
  </size>
  <color>
   Зеленый
  </color>
  <material>
   Нейлон
  </material>
  <price>
   160294
  </price>
  <rating>
   4.32
  </rating>
  <reviews>
   891780
  </reviews>
  <sporty>
   yes
  </sporty>
 </clothing>
 <clothing>
  <id>
   721448844
  </id>
  <name>
   DC Handbags X-2276
  </name>
  <category>
   Handbags
  </category>
  <size>
   S
  </size>
  <color>
   Зеленый
  </color>
  <material>
   Шерсть
  </material>
  <price>
   768938
  </price>
  <rating>
   4.8
  </rating>
  <reviews>
   349535
  </reviews>
  <new>
   -
  </new>
  <exclusive>
   yes
  </exclusive>
  <sporty>
   no
  </sporty>
 </clothing>
 <clothing>
  <id>
   261863196
  </id>
  <name>
   Lacoste T-shirt G-7516
  </name>
  <category>
   T-shirt
  </category>
  <size>
   XXL
  </size>
  <color>
   Красный
  </color>
  <material>
   Шелк
  </material>
  <price>
   519810
  </price>
  <rating>
   4.41
  </rating>
  <reviews>
   860173
  </reviews>
 </clothing>
 <clothing>
  <id>
   186024608
  </id>
  <name>
   Lacoste Shirt G-3869
  </name>
  <category>
   Shirt
  </category>
  <size>
   L
  </size>
  <color>
   Желтый
  </color>
  <material>
   Вискоза
  </material>
  <price>
   622071
  </price>
  <rating>
   3.47
  </rating>
  <reviews>
   54594
  </reviews>
  <new>
   +
  </new>
  <sporty>
   yes
  </sporty>
 </clothing>
 <clothing>
  <id>
   549818265
  </id>
  <name>
   Vans Jeans L-2023
  </name>
  <category>
   Jeans
  </category>
  <size>
   M
  </size>
  <color>
   Зеленый
  </color>
  <material>
   Полиэстер
  </material>
  <price>
   162568
  </price>
  <rating>
   2.83
  </rating>
  <reviews>
   886435
  </reviews>
  <exclusive>
   no
  </exclusive>
  <sporty>
   yes
  </sporty>
 </clothing>
 <clothing>
  <id>
   385077761
  </id>
  <name>
   Under Armour Dress Y-5309
  </name>
  <category>
   Dress
  </category>
  <size>
   M
  </size>
  <color>
   Голубой
  </color>
  <material>
   Хлопок
  </material>
  <price>
   478093
  </price>
  <rating>
   1.0
  </rating>
  <reviews>
   243465
  </reviews>
  <new>
   -
  </new>
  <sporty>
   yes
  </sporty>
 </clothing>
 <clothing>
  <id>
   378015920
  </id>
  <name>
   Nike Umbrellas F-9734
  </name>
  <category>
   Umbrellas
  </category>
  <size>
   M
  </size>
  <color>
   Красный
  </color>
  <material>
   Лен
  </material>
  <price>
   524477
  </price>
  <rating>
   2.61
  </rating>
  <reviews>
   849056
  </reviews>
  <new>
   -
  </new>
  <exclusive>
   no
  </exclusive>
 </clothing>
</clothing-items>
