<?xml version="1.0" encoding="utf-8"?>
<clothing-items>
 <clothing>
  <id>
   661675337
  </id>
  <name>
   Fila Hat X-7687
  </name>
  <category>
   Hat
  </category>
  <size>
   S
  </size>
  <color>
   Фиолетовый
  </color>
  <material>
   Хлопок
  </material>
  <price>
   467787
  </price>
  <rating>
   2.93
  </rating>
  <reviews>
   956568
  </reviews>
 </clothing>
 <clothing>
  <id>
   199882365
  </id>
  <name>
   Addidas Socks S-2397
  </name>
  <category>
   Socks
  </category>
  <size>
   S
  </size>
  <color>
   Фиолетовый
  </color>
  <material>
   Кожа
  </material>
  <price>
   806513
  </price>
  <rating>
   1.11
  </rating>
  <reviews>
   892954
  </reviews>
  <new>
   -
  </new>
  <exclusive>
   yes
  </exclusive>
 </clothing>
 <clothing>
  <id>
   176362655
  </id>
  <name>
   Lacoste Jeans B-3502
  </name>
  <category>
   Jeans
  </category>
  <size>
   XXL
  </size>
  <color>
   Оранжевый
  </color>
  <material>
   Полиэстер
  </material>
  <price>
   351670
  </price>
  <rating>
   2.42
  </rating>
  <reviews>
   364100
  </reviews>
  <exclusive>
   yes
  </exclusive>
 </clothing>
 <clothing>
  <id>
   149968451
  </id>
  <name>
   Brooks Shoes E-1606
  </name>
  <category>
   Shoes
  </category>
  <size>
   XL
  </size>
  <color>
   Синий
  </color>
  <material>
   Полиэстер
  </material>
  <price>
   463613
  </price>
  <rating>
   2.2
  </rating>
  <reviews>
   398429
  </reviews>
 </clothing>
 <clothing>
  <id>
   340471062
  </id>
  <name>
   Converse Handbags P-6099
  </name>
  <category>
   Handbags
  </category>
  <size>
   XXL
  </size>
  <color>
   Зеленый
  </color>
  <material>
   Кожа
  </material>
  <price>
   111899
  </price>
  <rating>
   2.18
  </rating>
  <reviews>
   601425
  </reviews>
  <new>
   -
  </new>
  <sporty>
   yes
  </sporty>
 </clothing>
 <clothing>
  <id>
   381012181
  </id>
  <name>
   Brooks Handbags Q-1720
  </name>
  <category>
   Handbags
  </category>
  <size>
   M
  </size>
  <color>
   Красный
  </color>
  <material>
   Нейлон
  </material>
  <price>
   504456
  </price>
  <rating>
   3.31
  </rating>
  <reviews>
   844381
  </reviews>
  <new>
   -
  </new>
  <exclusive>
   no
  </exclusive>
  <sporty>
   no
  </sporty>
 </clothing>
 <clothing>
  <id>
   573445845
  </id>
  <name>
   Addidas Gloves A-3328
  </name>
  <category>
   Gloves
  </category>
  <size>
   XL
  </size>
  <color>
   Оранжевый
  </color>
  <material>
   Нейлон
  </material>
  <price>
   342888
  </price>
  <rating>
   4.73
  </rating>
  <reviews>
   187808
  </reviews>
  <exclusive>
   no
  </exclusive>
  <sporty>
   yes
  </sporty>
 </clothing>
 <clothing>
  <id>
   655911342
  </id>
  <name>
   PleinSport Belts M-2317
  </name>
  <category>
   Belts
  </category>
  <size>
   XXL
  </size>
  <color>
   Красный
  </color>
  <material>
   Шерсть
  </material>
  <price>
   671336
  </price>
  <rating>
   3.99
  </rating>
  <reviews>
   88299
  </reviews>
  <new>
   -
  </new>
 </clothing>
 <clothing>
  <id>
   190029619
  </id>
  <name>
   Puma Dress V-9929
  </name>
  <category>
   Dress
  </category>
  <size>
   XXL
  </size>
  <color>
   Оранжевый
  </color>
  <material>
   Шерсть
  </material>
  <price>
   249902
  </price>
  <rating>
   4.13
  </rating>
  <reviews>
   28119
  </reviews>
  <sporty>
   no
  </sporty>
 </clothing>
 <clothing>
  <id>
   213359244
  </id>
  <name>
   Addidas Handbags M-6533
  </name>
  <category>
   Handbags
  </category>
  <size>
   XXL
  </size>
  <color>
   Красный
  </color>
  <material>
   Шерсть
  </material>
  <price>
   804574
  </price>
  <rating>
   1.97
  </rating>
  <reviews>
   167373
  </reviews>
  <sporty>
   no
  </sporty>
 </clothing>
 <clothing>
  <id>
   451281594
  </id>
  <name>
   Nike Shirt G-8995
  </name>
  <category>
   Shirt
  </category>
  <size>
   L
  </size>
  <color>
   Синий
  </color>
  <material>
   Вискоза
  </material>
  <price>
   522011
  </price>
  <rating>
   4.26
  </rating>
  <reviews>
   879815
  </reviews>
  <new>
   -
  </new>
  <exclusive>
   no
  </exclusive>
  <sporty>
   yes
  </sporty>
 </clothing>
 <clothing>
  <id>
   607840465
  </id>
  <name>
   Asics Jacket W-5184
  </name>
  <category>
   Jacket
  </category>
  <size>
   M
  </size>
  <color>
   Голубой
  </color>
  <material>
   Шерсть
  </material>
  <price>
   213299
  </price>
  <rating>
   4.1
  </rating>
  <reviews>
   663015
  </reviews>
  <new>
   -
  </new>
  <exclusive>
   no
  </exclusive>
  <sporty>
   no
  </sporty>
 </clothing>
 <clothing>
  <id>
   167895403
  </id>
  <name>
   Lacoste Dress C-6128
  </name>
  <category>
   Dress
  </category>
  <size>
   M
  </size>
  <color>
   Красный
  </color>
  <material>
   Нейлон
  </material>
  <price>
   742802
  </price>
  <rating>
   2.65
  </rating>
  <reviews>
   370209
  </reviews>
  <new>
   -
  </new>
  <sporty>
   yes
  </sporty>
 </clothing>
 <clothing>
  <id>
   430444161
  </id>
  <name>
   Lacoste Socks O-6249
  </name>
  <category>
   Socks
  </category>
  <size>
   M
  </size>
  <color>
   Фиолетовый
  </color>
  <material>
   Лен
  </material>
  <price>
   283751
  </price>
  <rating>
   1.68
  </rating>
  <reviews>
   416011
  </reviews>
  <sporty>
   no
  </sporty>
 </clothing>
 <clothing>
  <id>
   475343582
  </id>
  <name>
   Puma Blouse L-7308
  </name>
  <category>
   Blouse
  </category>
  <size>
   M
  </size>
  <color>
   Оранжевый
  </color>
  <material>
   Вискоза
  </material>
  <price>
   143632
  </price>
  <rating>
   4.06
  </rating>
  <reviews>
   856703
  </reviews>
  <new>
   -
  </new>
 </clothing>
 <clothing>
  <id>
   329356158
  </id>
  <name>
   Nike Handbags A-9069
  </name>
  <category>
   Handbags
  </category>
  <size>
   XL
  </size>
  <color>
   Красный
  </color>
  <material>
   Лен
  </material>
  <price>
   747255
  </price>
  <rating>
   2.22
  </rating>
  <reviews>
   818952
  </reviews>
  <new>
   +
  </new>
 </clothing>
 <clothing>
  <id>
   616679359
  </id>
  <name>
   Nike Sweater G-3353
  </name>
  <category>
   Sweater
  </category>
  <size>
   S
  </size>
  <color>
   Желтый
  </color>
  <material>
   Лен
  </material>
  <price>
   560810
  </price>
  <rating>
   3.37
  </rating>
  <reviews>
   677474
  </reviews>
  <exclusive>
   no
  </exclusive>
  <sporty>
   no
  </sporty>
 </clothing>
 <clothing>
  <id>
   669865833
  </id>
  <name>
   New Balance Sweater J-2719
  </name>
  <category>
   Sweater
  </category>
  <size>
   XXL
  </size>
  <color>
   Фиолетовый
  </color>
  <material>
   Полиэстер
  </material>
  <price>
   188724
  </price>
  <rating>
   3.38
  </rating>
  <reviews>
   618138
  </reviews>
  <sporty>
   no
  </sporty>
 </clothing>
 <clothing>
  <id>
   871702439
  </id>
  <name>
   Puma Umbrellas D-5352
  </name>
  <category>
   Umbrellas
  </category>
  <size>
   XXL
  </size>
  <color>
   Голубой
  </color>
  <material>
   Лен
  </material>
  <price>
   781637
  </price>
  <rating>
   3.92
  </rating>
  <reviews>
   910698
  </reviews>
  <new>
   -
  </new>
 </clothing>
 <clothing>
  <id>
   675409244
  </id>
  <name>
   DC Blouse U-1593
  </name>
  <category>
   Blouse
  </category>
  <size>
   XXL
  </size>
  <color>
   Фиолетовый
  </color>
  <material>
   Лен
  </material>
  <price>
   266467
  </price>
  <rating>
   3.55
  </rating>
  <reviews>
   235232
  </reviews>
  <new>
   -
  </new>
  <exclusive>
   yes
  </exclusive>
 </clothing>
 <clothing>
  <id>
   441135266
  </id>
  <name>
   Lacoste Jacket D-8099
  </name>
  <category>
   Jacket
  </category>
  <size>
   L
  </size>
  <color>
   Зеленый
  </color>
  <material>
   Кожа
  </material>
  <price>
   488429
  </price>
  <rating>
   1.15
  </rating>
  <reviews>
   780632
  </reviews>
  <new>
   +
  </new>
  <exclusive>
   no
  </exclusive>
  <sporty>
   yes
  </sporty>
 </clothing>
 <clothing>
  <id>
   895944532
  </id>
  <name>
   Lacoste Gloves Z-8743
  </name>
  <category>
   Gloves
  </category>
  <size>
   XL
  </size>
  <color>
   Фиолетовый
  </color>
  <material>
   Шелк
  </material>
  <price>
   845507
  </price>
  <rating>
   1.14
  </rating>
  <reviews>
   369122
  </reviews>
  <new>
   -
  </new>
  <exclusive>
   no
  </exclusive>
 </clothing>
 <clothing>
  <id>
   384822409
  </id>
  <name>
   Asics Jacket W-9929
  </name>
  <category>
   Jacket
  </category>
  <size>
   S
  </size>
  <color>
   Желтый
  </color>
  <material>
   Нейлон
  </material>
  <price>
   172236
  </price>
  <rating>
   1.1
  </rating>
  <reviews>
   91419
  </reviews>
  <new>
   +
  </new>
  <sporty>
   yes
  </sporty>
 </clothing>
 <clothing>
  <id>
   583414300
  </id>
  <name>
   Puma Umbrellas E-6836
  </name>
  <category>
   Umbrellas
  </category>
  <size>
   XXL
  </size>
  <color>
   Красный
  </color>
  <material>
   Хлопок
  </material>
  <price>
   556187
  </price>
  <rating>
   4.46
  </rating>
  <reviews>
   270430
  </reviews>
  <new>
   -
  </new>
  <exclusive>
   yes
  </exclusive>
  <sporty>
   yes
  </sporty>
 </clothing>
 <clothing>
  <id>
   163874657
  </id>
  <name>
   DC Shoes Y-3494
  </name>
  <category>
   Shoes
  </category>
  <size>
   L
  </size>
  <color>
   Желтый
  </color>
  <material>
   Лен
  </material>
  <price>
   889192
  </price>
  <rating>
   4.44
  </rating>
  <reviews>
   633002
  </reviews>
  <exclusive>
   yes
  </exclusive>
 </clothing>
 <clothing>
  <id>
   616649937
  </id>
  <name>
   Ellesse Hat K-3527
  </name>
  <category>
   Hat
  </category>
  <size>
   XXL
  </size>
  <color>
   Желтый
  </color>
  <material>
   Лен
  </material>
  <price>
   589184
  </price>
  <rating>
   1.11
  </rating>
  <reviews>
   340772
  </reviews>
  <exclusive>
   yes
  </exclusive>
  <sporty>
   no
  </sporty>
 </clothing>
 <clothing>
  <id>
   814717874
  </id>
  <name>
   Addidas Socks H-3414
  </name>
  <category>
   Socks
  </category>
  <size>
   S
  </size>
  <color>
   Синий
  </color>
  <material>
   Шерсть
  </material>
  <price>
   726597
  </price>
  <rating>
   2.65
  </rating>
  <reviews>
   931762
  </reviews>
  <exclusive>
   yes
  </exclusive>
 </clothing>
 <clothing>
  <id>
   874021248
  </id>
  <name>
   DC Jeans B-4187
  </name>
  <category>
   Jeans
  </category>
  <size>
   S
  </size>
  <color>
   Оранжевый
  </color>
  <material>
   Нейлон
  </material>
  <price>
   453194
  </price>
  <rating>
   2.68
  </rating>
  <reviews>
   46794
  </reviews>
  <new>
   -
  </new>
  <sporty>
   no
  </sporty>
 </clothing>
 <clothing>
  <id>
   706456946
  </id>
  <name>
   Adidas Handbags E-1621
  </name>
  <category>
   Handbags
  </category>
  <size>
   XXL
  </size>
  <color>
   Фиолетовый
  </color>
  <material>
   Нейлон
  </material>
  <price>
   118446
  </price>
  <rating>
   4.28
  </rating>
  <reviews>
   767113
  </reviews>
  <new>
   +
  </new>
  <sporty>
   yes
  </sporty>
 </clothing>
 <clothing>
  <id>
   911876674
  </id>
  <name>
   New Balance Handbags B-7764
  </name>
  <category>
   Handbags
  </category>
  <size>
   M
  </size>
  <color>
   Синий
  </color>
  <material>
   Шелк
  </material>
  <price>
   765951
  </price>
  <rating>
   3.58
  </rating>
  <reviews>
   181313
  </reviews>
  <new>
   +
  </new>
  <exclusive>
   yes
  </exclusive>
  <sporty>
   yes
  </sporty>
 </clothing>
 <clothing>
  <id>
   912595103
  </id>
  <name>
   New Balance Belts H-1033
  </name>
  <category>
   Belts
  </category>
  <size>
   XL
  </size>
  <color>
   Голубой
  </color>
  <material>
   Кожа
  </material>
  <price>
   532021
  </price>
  <rating>
   2.25
  </rating>
  <reviews>
   313847
  </reviews>
  <new>
   -
  </new>
  <sporty>
   no
  </sporty>
 </clothing>
 <clothing>
  <id>
   460859117
  </id>
  <name>
   Ellesse T-shirt X-5614
  </name>
  <category>
   T-shirt
  </category>
  <size>
   M
  </size>
  <color>
   Оранжевый
  </color>
  <material>
   Лен
  </material>
  <price>
   460403
  </price>
  <rating>
   3.05
  </rating>
  <reviews>
   874031
  </reviews>
  <new>
   -
  </new>
  <exclusive>
   no
  </exclusive>
 </clothing>
 <clothing>
  <id>
   936336129
  </id>
  <name>
   PleinSport Hat W-9403
  </name>
  <category>
   Hat
  </category>
  <size>
   XXL
  </size>
  <color>
   Желтый
  </color>
  <material>
   Хлопок
  </material>
  <price>
   686809
  </price>
  <rating>
   1.37
  </rating>
  <reviews>
   631241
  </reviews>
  <new>
   -
  </new>
 </clothing>
 <clothing>
  <id>
   727431415
  </id>
  <name>
   Addidas Jeans G-4877
  </name>
  <category>
   Jeans
  </category>
  <size>
   S
  </size>
  <color>
   Зеленый
  </color>
  <material>
   Шерсть
  </material>
  <price>
   954548
  </price>
  <rating>
   4.39
  </rating>
  <reviews>
   947542
  </reviews>
  <new>
   -
  </new>
  <sporty>
   no
  </sporty>
 </clothing>
 <clothing>
  <id>
   407015918
  </id>
  <name>
   Vans Shoes S-5996
  </name>
  <category>
   Shoes
  </category>
  <size>
   L
  </size>
  <color>
   Зеленый
  </color>
  <material>
   Лен
  </material>
  <price>
   597649
  </price>
  <rating>
   4.38
  </rating>
  <reviews>
   883643
  </reviews>
  <new>
   +
  </new>
  <exclusive>
   no
  </exclusive>
  <sporty>
   no
  </sporty>
 </clothing>
 <clothing>
  <id>
   856911903
  </id>
  <name>
   Brooks Jeans O-5809
  </name>
  <category>
   Jeans
  </category>
  <size>
   XL
  </size>
  <color>
   Голубой
  </color>
  <material>
   Вискоза
  </material>
  <price>
   164271
  </price>
  <rating>
   1.4
  </rating>
  <reviews>
   509315
  </reviews>
  <new>
   -
  </new>
  <sporty>
   no
  </sporty>
 </clothing>
 <clothing>
  <id>
   568264687
  </id>
  <name>
   New Balance Hat D-4881
  </name>
  <category>
   Hat
  </category>
  <size>
   M
  </size>
  <color>
   Оранжевый
  </color>
  <material>
   Хлопок
  </material>
  <price>
   492142
  </price>
  <rating>
   1.39
  </rating>
  <reviews>
   923508
  </reviews>
  <new>
   +
  </new>
  <exclusive>
   no
  </exclusive>
  <sporty>
   yes
  </sporty>
 </clothing>
 <clothing>
  <id>
   625010217
  </id>
  <name>
   Lacoste Pants F-3377
  </name>
  <category>
   Pants
  </category>
  <size>
   M
  </size>
  <color>
   Голубой
  </color>
  <material>
   Вискоза
  </material>
  <price>
   962217
  </price>
  <rating>
   4.08
  </rating>
  <reviews>
   928616
  </reviews>
  <new>
   -
  </new>
  <exclusive>
   yes
  </exclusive>
  <sporty>
   no
  </sporty>
 </clothing>
 <clothing>
  <id>
   859377427
  </id>
  <name>
   Brooks T-shirt Q-9300
  </name>
  <category>
   T-shirt
  </category>
  <size>
   M
  </size>
  <color>
   Голубой
  </color>
  <material>
   Лен
  </material>
  <price>
   497837
  </price>
  <rating>
   2.02
  </rating>
  <reviews>
   458464
  </reviews>
  <new>
   -
  </new>
  <exclusive>
   yes
  </exclusive>
 </clothing>
 <clothing>
  <id>
   416369710
  </id>
  <name>
   Addidas Dress G-9426
  </name>
  <category>
   Dress
  </category>
  <size>
   M
  </size>
  <color>
   Зеленый
  </color>
  <material>
   Шерсть
  </material>
  <price>
   613362
  </price>
  <rating>
   4.38
  </rating>
  <reviews>
   770211
  </reviews>
  <exclusive>
   yes
  </exclusive>
  <sporty>
   yes
  </sporty>
 </clothing>
 <clothing>
  <id>
   476497710
  </id>
  <name>
   Addidas Shirt Z-2126
  </name>
  <category>
   Shirt
  </category>
  <size>
   XL
  </size>
  <color>
   Голубой
  </color>
  <material>
   Нейлон
  </material>
  <price>
   243595
  </price>
  <rating>
   2.02
  </rating>
  <reviews>
   648440
  </reviews>
  <new>
   +
  </new>
  <exclusive>
   yes
  </exclusive>
  <sporty>
   yes
  </sporty>
 </clothing>
 <clothing>
  <id>
   969263868
  </id>
  <name>
   Nike Socks W-3714
  </name>
  <category>
   Socks
  </category>
  <size>
   XXL
  </size>
  <color>
   Голубой
  </color>
  <material>
   Вискоза
  </material>
  <price>
   647287
  </price>
  <rating>
   1.81
  </rating>
  <reviews>
   807136
  </reviews>
  <new>
   -
  </new>
  <exclusive>
   yes
  </exclusive>
 </clothing>
 <clothing>
  <id>
   250076679
  </id>
  <name>
   New Balance Pants X-6517
  </name>
  <category>
   Pants
  </category>
  <size>
   L
  </size>
  <color>
   Синий
  </color>
  <material>
   Хлопок
  </material>
  <price>
   880220
  </price>
  <rating>
   1.92
  </rating>
  <reviews>
   577521
  </reviews>
 </clothing>
 <clothing>
  <id>
   114119760
  </id>
  <name>
   Reebok Handbags L-9860
  </name>
  <category>
   Handbags
  </category>
  <size>
   XL
  </size>
  <color>
   Синий
  </color>
  <material>
   Шерсть
  </material>
  <price>
   430134
  </price>
  <rating>
   2.52
  </rating>
  <reviews>
   471826
  </reviews>
  <exclusive>
   no
  </exclusive>
 </clothing>
 <clothing>
  <id>
   895115261
  </id>
  <name>
   Nike Skirt C-3102
  </name>
  <category>
   Skirt
  </category>
  <size>
   S
  </size>
  <color>
   Синий
  </color>
  <material>
   Полиэстер
  </material>
  <price>
   624939
  </price>
  <rating>
   2.81
  </rating>
  <reviews>
   703954
  </reviews>
  <new>
   +
  </new>
  <exclusive>
   no
  </exclusive>
  <sporty>
   no
  </sporty>
 </clothing>
 <clothing>
  <id>
   578673003
  </id>
  <name>
   Addidas Skirt E-1557
  </name>
  <category>
   Skirt
  </category>
  <size>
   L
  </size>
  <color>
   Фиолетовый
  </color>
  <material>
   Полиэстер
  </material>
  <price>
   987994
  </price>
  <rating>
   2.16
  </rating>
  <reviews>
   452250
  </reviews>
 </clothing>
 <clothing>
  <id>
   336706296
  </id>
  <name>
   Adidas Shoes F-6230
  </name>
  <category>
   Shoes
  </category>
  <size>
   M
  </size>
  <color>
   Красный
  </color>
  <material>
   Нейлон
  </material>
  <price>
   552438
  </price>
  <rating>
   3.86
  </rating>
  <reviews>
   21166
  </reviews>
  <new>
   +
  </new>
  <exclusive>
   no
  </exclusive>
 </clothing>
 <clothing>
  <id>
   560283090
  </id>
  <name>
   Converse Sweater T-9161
  </name>
  <category>
   Sweater
  </category>
  <size>
   XL
  </size>
  <color>
   Оранжевый
  </color>
  <material>
   Шелк
  </material>
  <price>
   639218
  </price>
  <rating>
   3.11
  </rating>
  <reviews>
   149324
  </reviews>
  <new>
   +
  </new>
  <exclusive>
   no
  </exclusive>
  <sporty>
   no
  </sporty>
 </clothing>
</clothing-items>
