<?xml version="1.0" encoding="utf-8"?>
<clothing-items>
 <clothing>
  <id>
   269349868
  </id>
  <name>
   Puma Umbrellas G-6019
  </name>
  <category>
   Umbrellas
  </category>
  <size>
   XXL
  </size>
  <color>
   Оранжевый
  </color>
  <material>
   Хлопок
  </material>
  <price>
   890268
  </price>
  <rating>
   4.48
  </rating>
  <reviews>
   722643
  </reviews>
  <new>
   +
  </new>
  <exclusive>
   no
  </exclusive>
  <sporty>
   no
  </sporty>
 </clothing>
 <clothing>
  <id>
   254833118
  </id>
  <name>
   Reebok Sweater Z-3739
  </name>
  <category>
   Sweater
  </category>
  <size>
   L
  </size>
  <color>
   Желтый
  </color>
  <material>
   Вискоза
  </material>
  <price>
   139853
  </price>
  <rating>
   4.31
  </rating>
  <reviews>
   578625
  </reviews>
  <sporty>
   no
  </sporty>
 </clothing>
 <clothing>
  <id>
   407905049
  </id>
  <name>
   Puma Belts C-8386
  </name>
  <category>
   Belts
  </category>
  <size>
   XXL
  </size>
  <color>
   Зеленый
  </color>
  <material>
   Кожа
  </material>
  <price>
   484711
  </price>
  <rating>
   4.13
  </rating>
  <reviews>
   35100
  </reviews>
  <exclusive>
   no
  </exclusive>
  <sporty>
   no
  </sporty>
 </clothing>
 <clothing>
  <id>
   886524951
  </id>
  <name>
   New Balance Sweater K-9352
  </name>
  <category>
   Sweater
  </category>
  <size>
   S
  </size>
  <color>
   Зеленый
  </color>
  <material>
   Хлопок
  </material>
  <price>
   657758
  </price>
  <rating>
   2.92
  </rating>
  <reviews>
   491516
  </reviews>
  <sporty>
   no
  </sporty>
 </clothing>
 <clothing>
  <id>
   769619539
  </id>
  <name>
   Converse Shoes Y-2371
  </name>
  <category>
   Shoes
  </category>
  <size>
   S
  </size>
  <color>
   Зеленый
  </color>
  <material>
   Вискоза
  </material>
  <price>
   821470
  </price>
  <rating>
   4.19
  </rating>
  <reviews>
   752590
  </reviews>
  <sporty>
   no
  </sporty>
 </clothing>
 <clothing>
  <id>
   264735285
  </id>
  <name>
   Addidas Shoes A-4031
  </name>
  <category>
   Shoes
  </category>
  <size>
   L
  </size>
  <color>
   Желтый
  </color>
  <material>
   Вискоза
  </material>
  <price>
   837277
  </price>
  <rating>
   3.68
  </rating>
  <reviews>
   987729
  </reviews>
  <exclusive>
   yes
  </exclusive>
 </clothing>
 <clothing>
  <id>
   538137113
  </id>
  <name>
   Addidas Socks A-8015
  </name>
  <category>
   Socks
  </category>
  <size>
   XXL
  </size>
  <color>
   Желтый
  </color>
  <material>
   Полиэстер
  </material>
  <price>
   137274
  </price>
  <rating>
   4.05
  </rating>
  <reviews>
   122124
  </reviews>
  <new>
   +
  </new>
 </clothing>
 <clothing>
  <id>
   761781381
  </id>
  <name>
   Ellesse Blouse Q-1700
  </name>
  <category>
   Blouse
  </category>
  <size>
   L
  </size>
  <color>
   Голубой
  </color>
  <material>
   Нейлон
  </material>
  <price>
   225935
  </price>
  <rating>
   3.54
  </rating>
  <reviews>
   183289
  </reviews>
 </clothing>
 <clothing>
  <id>
   703743737
  </id>
  <name>
   Addidas Gloves C-8190
  </name>
  <category>
   Gloves
  </category>
  <size>
   XXL
  </size>
  <color>
   Желтый
  </color>
  <material>
   Нейлон
  </material>
  <price>
   843951
  </price>
  <rating>
   2.4
  </rating>
  <reviews>
   93540
  </reviews>
  <exclusive>
   yes
  </exclusive>
  <sporty>
   no
  </sporty>
 </clothing>
 <clothing>
  <id>
   801999140
  </id>
  <name>
   Addidas Handbags H-5627
  </name>
  <category>
   Handbags
  </category>
  <size>
   L
  </size>
  <color>
   Красный
  </color>
  <material>
   Шерсть
  </material>
  <price>
   180534
  </price>
  <rating>
   5.0
  </rating>
  <reviews>
   89891
  </reviews>
  <new>
   +
  </new>
  <sporty>
   yes
  </sporty>
 </clothing>
 <clothing>
  <id>
   602315289
  </id>
  <name>
   Brooks Pants E-4478
  </name>
  <category>
   Pants
  </category>
  <size>
   L
  </size>
  <color>
   Зеленый
  </color>
  <material>
   Нейлон
  </material>
  <price>
   638157
  </price>
  <rating>
   1.92
  </rating>
  <reviews>
   90137
  </reviews>
 </clothing>
 <clothing>
  <id>
   772300380
  </id>
  <name>
   Addidas Jacket S-4980
  </name>
  <category>
   Jacket
  </category>
  <size>
   XL
  </size>
  <color>
   Зеленый
  </color>
  <material>
   Хлопок
  </material>
  <price>
   467168
  </price>
  <rating>
   4.91
  </rating>
  <reviews>
   71268
  </reviews>
  <new>
   -
  </new>
  <sporty>
   no
  </sporty>
 </clothing>
 <clothing>
  <id>
   908677179
  </id>
  <name>
   Converse T-shirt L-1526
  </name>
  <category>
   T-shirt
  </category>
  <size>
   XL
  </size>
  <color>
   Фиолетовый
  </color>
  <material>
   Хлопок
  </material>
  <price>
   213932
  </price>
  <rating>
   4.65
  </rating>
  <reviews>
   740033
  </reviews>
  <exclusive>
   no
  </exclusive>
  <sporty>
   yes
  </sporty>
 </clothing>
 <clothing>
  <id>
   165238250
  </id>
  <name>
   Under Armour Jeans G-3195
  </name>
  <category>
   Jeans
  </category>
  <size>
   M
  </size>
  <color>
   Голубой
  </color>
  <material>
   Хлопок
  </material>
  <price>
   952176
  </price>
  <rating>
   1.25
  </rating>
  <reviews>
   164172
  </reviews>
  <new>
   -
  </new>
  <sporty>
   yes
  </sporty>
 </clothing>
 <clothing>
  <id>
   181046193
  </id>
  <name>
   Lacoste Socks I-9067
  </name>
  <category>
   Socks
  </category>
  <size>
   L
  </size>
  <color>
   Голубой
  </color>
  <material>
   Шерсть
  </material>
  <price>
   749793
  </price>
  <rating>
   3.46
  </rating>
  <reviews>
   489735
  </reviews>
  <new>
   -
  </new>
  <sporty>
   no
  </sporty>
 </clothing>
 <clothing>
  <id>
   558347054
  </id>
  <name>
   Lacoste Gloves W-2456
  </name>
  <category>
   Gloves
  </category>
  <size>
   L
  </size>
  <color>
   Красный
  </color>
  <material>
   Шерсть
  </material>
  <price>
   522943
  </price>
  <rating>
   1.05
  </rating>
  <reviews>
   113663
  </reviews>
  <sporty>
   no
  </sporty>
 </clothing>
 <clothing>
  <id>
   768221712
  </id>
  <name>
   Asics Skirt X-2600
  </name>
  <category>
   Skirt
  </category>
  <size>
   M
  </size>
  <color>
   Оранжевый
  </color>
  <material>
   Вискоза
  </material>
  <price>
   604116
  </price>
  <rating>
   4.47
  </rating>
  <reviews>
   113121
  </reviews>
  <exclusive>
   yes
  </exclusive>
  <sporty>
   no
  </sporty>
 </clothing>
 <clothing>
  <id>
   937738073
  </id>
  <name>
   PleinSport Hat N-7178
  </name>
  <category>
   Hat
  </category>
  <size>
   M
  </size>
  <color>
   Красный
  </color>
  <material>
   Хлопок
  </material>
  <price>
   746399
  </price>
  <rating>
   1.04
  </rating>
  <reviews>
   975808
  </reviews>
  <new>
   -
  </new>
  <exclusive>
   no
  </exclusive>
  <sporty>
   yes
  </sporty>
 </clothing>
</clothing-items>
