<?xml version="1.0" encoding="utf-8"?>
<clothing-items>
 <clothing>
  <id>
   251648899
  </id>
  <name>
   DC Jacket N-3628
  </name>
  <category>
   Jacket
  </category>
  <size>
   S
  </size>
  <color>
   Красный
  </color>
  <material>
   Шелк
  </material>
  <price>
   459565
  </price>
  <rating>
   1.38
  </rating>
  <reviews>
   208033
  </reviews>
  <new>
   -
  </new>
  <sporty>
   no
  </sporty>
 </clothing>
 <clothing>
  <id>
   945958874
  </id>
  <name>
   Puma Jeans Y-8080
  </name>
  <category>
   Jeans
  </category>
  <size>
   M
  </size>
  <color>
   Синий
  </color>
  <material>
   Кожа
  </material>
  <price>
   996688
  </price>
  <rating>
   3.15
  </rating>
  <reviews>
   656586
  </reviews>
  <new>
   +
  </new>
  <exclusive>
   yes
  </exclusive>
  <sporty>
   yes
  </sporty>
 </clothing>
 <clothing>
  <id>
   267245826
  </id>
  <name>
   Under Armour Shirt E-6563
  </name>
  <category>
   Shirt
  </category>
  <size>
   M
  </size>
  <color>
   Зеленый
  </color>
  <material>
   Нейлон
  </material>
  <price>
   732809
  </price>
  <rating>
   3.98
  </rating>
  <reviews>
   654851
  </reviews>
  <new>
   +
  </new>
  <sporty>
   no
  </sporty>
 </clothing>
 <clothing>
  <id>
   225633704
  </id>
  <name>
   Converse Jeans I-8028
  </name>
  <category>
   Jeans
  </category>
  <size>
   M
  </size>
  <color>
   Красный
  </color>
  <material>
   Шелк
  </material>
  <price>
   888960
  </price>
  <rating>
   2.43
  </rating>
  <reviews>
   85509
  </reviews>
  <new>
   -
  </new>
  <exclusive>
   yes
  </exclusive>
 </clothing>
 <clothing>
  <id>
   434047054
  </id>
  <name>
   Under Armour Shoes Z-1606
  </name>
  <category>
   Shoes
  </category>
  <size>
   L
  </size>
  <color>
   Оранжевый
  </color>
  <material>
   Хлопок
  </material>
  <price>
   937078
  </price>
  <rating>
   3.24
  </rating>
  <reviews>
   239123
  </reviews>
  <new>
   -
  </new>
  <exclusive>
   no
  </exclusive>
  <sporty>
   no
  </sporty>
 </clothing>
 <clothing>
  <id>
   258245108
  </id>
  <name>
   Nike Pants A-4611
  </name>
  <category>
   Pants
  </category>
  <size>
   L
  </size>
  <color>
   Голубой
  </color>
  <material>
   Полиэстер
  </material>
  <price>
   857863
  </price>
  <rating>
   4.09
  </rating>
  <reviews>
   221626
  </reviews>
  <exclusive>
   no
  </exclusive>
 </clothing>
 <clothing>
  <id>
   735584965
  </id>
  <name>
   Ellesse Blouse M-7647
  </name>
  <category>
   Blouse
  </category>
  <size>
   M
  </size>
  <color>
   Голубой
  </color>
  <material>
   Хлопок
  </material>
  <price>
   703490
  </price>
  <rating>
   1.06
  </rating>
  <reviews>
   442412
  </reviews>
  <new>
   +
  </new>
  <exclusive>
   yes
  </exclusive>
  <sporty>
   no
  </sporty>
 </clothing>
 <clothing>
  <id>
   251421307
  </id>
  <name>
   Fila Dress C-9316
  </name>
  <category>
   Dress
  </category>
  <size>
   L
  </size>
  <color>
   Желтый
  </color>
  <material>
   Полиэстер
  </material>
  <price>
   378842
  </price>
  <rating>
   3.34
  </rating>
  <reviews>
   508244
  </reviews>
  <exclusive>
   yes
  </exclusive>
 </clothing>
 <clothing>
  <id>
   301894968
  </id>
  <name>
   New Balance Umbrellas P-9120
  </name>
  <category>
   Umbrellas
  </category>
  <size>
   S
  </size>
  <color>
   Красный
  </color>
  <material>
   Вискоза
  </material>
  <price>
   228634
  </price>
  <rating>
   1.22
  </rating>
  <reviews>
   378280
  </reviews>
  <new>
   -
  </new>
  <exclusive>
   yes
  </exclusive>
  <sporty>
   no
  </sporty>
 </clothing>
 <clothing>
  <id>
   831653050
  </id>
  <name>
   Addidas Gloves Y-8584
  </name>
  <category>
   Gloves
  </category>
  <size>
   XL
  </size>
  <color>
   Желтый
  </color>
  <material>
   Вискоза
  </material>
  <price>
   424860
  </price>
  <rating>
   1.85
  </rating>
  <reviews>
   406877
  </reviews>
  <exclusive>
   yes
  </exclusive>
  <sporty>
   no
  </sporty>
 </clothing>
 <clothing>
  <id>
   938588180
  </id>
  <name>
   Lacoste Sweater W-8559
  </name>
  <category>
   Sweater
  </category>
  <size>
   M
  </size>
  <color>
   Желтый
  </color>
  <material>
   Хлопок
  </material>
  <price>
   625548
  </price>
  <rating>
   3.2
  </rating>
  <reviews>
   345923
  </reviews>
  <new>
   -
  </new>
  <exclusive>
   no
  </exclusive>
 </clothing>
 <clothing>
  <id>
   391166571
  </id>
  <name>
   Vans T-shirt B-2450
  </name>
  <category>
   T-shirt
  </category>
  <size>
   XXL
  </size>
  <color>
   Зеленый
  </color>
  <material>
   Шерсть
  </material>
  <price>
   173871
  </price>
  <rating>
   2.05
  </rating>
  <reviews>
   944904
  </reviews>
  <new>
   -
  </new>
  <exclusive>
   yes
  </exclusive>
 </clothing>
 <clothing>
  <id>
   224836626
  </id>
  <name>
   Under Armour Jeans H-2671
  </name>
  <category>
   Jeans
  </category>
  <size>
   M
  </size>
  <color>
   Фиолетовый
  </color>
  <material>
   Шерсть
  </material>
  <price>
   356895
  </price>
  <rating>
   1.07
  </rating>
  <reviews>
   233956
  </reviews>
  <sporty>
   no
  </sporty>
 </clothing>
 <clothing>
  <id>
   108213344
  </id>
  <name>
   Fila Dress S-4327
  </name>
  <category>
   Dress
  </category>
  <size>
   XXL
  </size>
  <color>
   Фиолетовый
  </color>
  <material>
   Вискоза
  </material>
  <price>
   882225
  </price>
  <rating>
   2.42
  </rating>
  <reviews>
   563385
  </reviews>
  <exclusive>
   no
  </exclusive>
 </clothing>
 <clothing>
  <id>
   545577705
  </id>
  <name>
   Adidas T-shirt N-1024
  </name>
  <category>
   T-shirt
  </category>
  <size>
   XL
  </size>
  <color>
   Оранжевый
  </color>
  <material>
   Кожа
  </material>
  <price>
   269409
  </price>
  <rating>
   4.25
  </rating>
  <reviews>
   570358
  </reviews>
  <exclusive>
   yes
  </exclusive>
  <sporty>
   no
  </sporty>
 </clothing>
 <clothing>
  <id>
   382195786
  </id>
  <name>
   Under Armour Handbags F-1296
  </name>
  <category>
   Handbags
  </category>
  <size>
   M
  </size>
  <color>
   Оранжевый
  </color>
  <material>
   Шелк
  </material>
  <price>
   835153
  </price>
  <rating>
   3.42
  </rating>
  <reviews>
   524779
  </reviews>
  <new>
   +
  </new>
  <exclusive>
   yes
  </exclusive>
 </clothing>
 <clothing>
  <id>
   873196166
  </id>
  <name>
   Converse Shirt G-9861
  </name>
  <category>
   Shirt
  </category>
  <size>
   XXL
  </size>
  <color>
   Синий
  </color>
  <material>
   Лен
  </material>
  <price>
   450728
  </price>
  <rating>
   2.92
  </rating>
  <reviews>
   119070
  </reviews>
  <new>
   -
  </new>
  <exclusive>
   no
  </exclusive>
  <sporty>
   no
  </sporty>
 </clothing>
 <clothing>
  <id>
   643702282
  </id>
  <name>
   Lacoste Handbags D-7341
  </name>
  <category>
   Handbags
  </category>
  <size>
   L
  </size>
  <color>
   Голубой
  </color>
  <material>
   Лен
  </material>
  <price>
   616171
  </price>
  <rating>
   3.81
  </rating>
  <reviews>
   754501
  </reviews>
  <exclusive>
   no
  </exclusive>
  <sporty>
   no
  </sporty>
 </clothing>
 <clothing>
  <id>
   741894339
  </id>
  <name>
   Under Armour Jacket S-7475
  </name>
  <category>
   Jacket
  </category>
  <size>
   M
  </size>
  <color>
   Красный
  </color>
  <material>
   Кожа
  </material>
  <price>
   441248
  </price>
  <rating>
   2.65
  </rating>
  <reviews>
   150568
  </reviews>
  <new>
   +
  </new>
  <exclusive>
   no
  </exclusive>
  <sporty>
   no
  </sporty>
 </clothing>
 <clothing>
  <id>
   618941073
  </id>
  <name>
   Lacoste Pants S-2662
  </name>
  <category>
   Pants
  </category>
  <size>
   S
  </size>
  <color>
   Красный
  </color>
  <material>
   Вискоза
  </material>
  <price>
   915741
  </price>
  <rating>
   3.83
  </rating>
  <reviews>
   841919
  </reviews>
  <exclusive>
   no
  </exclusive>
  <sporty>
   no
  </sporty>
 </clothing>
 <clothing>
  <id>
   453735109
  </id>
  <name>
   Addidas Umbrellas G-5767
  </name>
  <category>
   Umbrellas
  </category>
  <size>
   XL
  </size>
  <color>
   Синий
  </color>
  <material>
   Нейлон
  </material>
  <price>
   858509
  </price>
  <rating>
   1.48
  </rating>
  <reviews>
   381601
  </reviews>
  <new>
   -
  </new>
  <exclusive>
   no
  </exclusive>
  <sporty>
   no
  </sporty>
 </clothing>
 <clothing>
  <id>
   950358622
  </id>
  <name>
   Reebok Pants H-8487
  </name>
  <category>
   Pants
  </category>
  <size>
   S
  </size>
  <color>
   Оранжевый
  </color>
  <material>
   Шерсть
  </material>
  <price>
   874915
  </price>
  <rating>
   2.75
  </rating>
  <reviews>
   656563
  </reviews>
 </clothing>
 <clothing>
  <id>
   113965963
  </id>
  <name>
   Under Armour Blouse N-4165
  </name>
  <category>
   Blouse
  </category>
  <size>
   L
  </size>
  <color>
   Желтый
  </color>
  <material>
   Шелк
  </material>
  <price>
   394254
  </price>
  <rating>
   2.72
  </rating>
  <reviews>
   400103
  </reviews>
  <exclusive>
   no
  </exclusive>
 </clothing>
 <clothing>
  <id>
   660469860
  </id>
  <name>
   DC Gloves W-6603
  </name>
  <category>
   Gloves
  </category>
  <size>
   XXL
  </size>
  <color>
   Желтый
  </color>
  <material>
   Лен
  </material>
  <price>
   576677
  </price>
  <rating>
   2.43
  </rating>
  <reviews>
   36188
  </reviews>
  <new>
   -
  </new>
  <exclusive>
   yes
  </exclusive>
  <sporty>
   no
  </sporty>
 </clothing>
 <clothing>
  <id>
   416877078
  </id>
  <name>
   Ellesse Gloves A-7061
  </name>
  <category>
   Gloves
  </category>
  <size>
   L
  </size>
  <color>
   Желтый
  </color>
  <material>
   Полиэстер
  </material>
  <price>
   262958
  </price>
  <rating>
   1.07
  </rating>
  <reviews>
   155171
  </reviews>
  <exclusive>
   yes
  </exclusive>
  <sporty>
   no
  </sporty>
 </clothing>
 <clothing>
  <id>
   135870841
  </id>
  <name>
   Brooks Jeans C-5126
  </name>
  <category>
   Jeans
  </category>
  <size>
   S
  </size>
  <color>
   Зеленый
  </color>
  <material>
   Шелк
  </material>
  <price>
   460270
  </price>
  <rating>
   3.59
  </rating>
  <reviews>
   440563
  </reviews>
  <exclusive>
   no
  </exclusive>
  <sporty>
   yes
  </sporty>
 </clothing>
 <clothing>
  <id>
   313566822
  </id>
  <name>
   Converse Blouse T-7823
  </name>
  <category>
   Blouse
  </category>
  <size>
   L
  </size>
  <color>
   Оранжевый
  </color>
  <material>
   Хлопок
  </material>
  <price>
   737317
  </price>
  <rating>
   2.8
  </rating>
  <reviews>
   904748
  </reviews>
  <sporty>
   yes
  </sporty>
 </clothing>
 <clothing>
  <id>
   634056071
  </id>
  <name>
   Under Armour Jacket O-8220
  </name>
  <category>
   Jacket
  </category>
  <size>
   M
  </size>
  <color>
   Желтый
  </color>
  <material>
   Лен
  </material>
  <price>
   507030
  </price>
  <rating>
   4.03
  </rating>
  <reviews>
   131754
  </reviews>
  <new>
   -
  </new>
  <sporty>
   yes
  </sporty>
 </clothing>
 <clothing>
  <id>
   233208085
  </id>
  <name>
   Asics Jeans J-4314
  </name>
  <category>
   Jeans
  </category>
  <size>
   XXL
  </size>
  <color>
   Зеленый
  </color>
  <material>
   Нейлон
  </material>
  <price>
   716027
  </price>
  <rating>
   3.26
  </rating>
  <reviews>
   805510
  </reviews>
  <new>
   -
  </new>
  <sporty>
   no
  </sporty>
 </clothing>
 <clothing>
  <id>
   739960332
  </id>
  <name>
   Brooks Handbags E-6024
  </name>
  <category>
   Handbags
  </category>
  <size>
   S
  </size>
  <color>
   Зеленый
  </color>
  <material>
   Нейлон
  </material>
  <price>
   117352
  </price>
  <rating>
   1.59
  </rating>
  <reviews>
   876087
  </reviews>
  <new>
   +
  </new>
  <exclusive>
   no
  </exclusive>
  <sporty>
   no
  </sporty>
 </clothing>
 <clothing>
  <id>
   232648624
  </id>
  <name>
   Fila Jacket F-6371
  </name>
  <category>
   Jacket
  </category>
  <size>
   XL
  </size>
  <color>
   Оранжевый
  </color>
  <material>
   Шелк
  </material>
  <price>
   669573
  </price>
  <rating>
   4.56
  </rating>
  <reviews>
   635252
  </reviews>
  <exclusive>
   no
  </exclusive>
 </clothing>
 <clothing>
  <id>
   441938228
  </id>
  <name>
   DC Jeans E-8106
  </name>
  <category>
   Jeans
  </category>
  <size>
   M
  </size>
  <color>
   Фиолетовый
  </color>
  <material>
   Шерсть
  </material>
  <price>
   347629
  </price>
  <rating>
   4.94
  </rating>
  <reviews>
   951792
  </reviews>
  <exclusive>
   yes
  </exclusive>
  <sporty>
   no
  </sporty>
 </clothing>
 <clothing>
  <id>
   817176823
  </id>
  <name>
   Addidas Belts Y-9144
  </name>
  <category>
   Belts
  </category>
  <size>
   S
  </size>
  <color>
   Красный
  </color>
  <material>
   Шерсть
  </material>
  <price>
   945528
  </price>
  <rating>
   4.34
  </rating>
  <reviews>
   817053
  </reviews>
  <exclusive>
   no
  </exclusive>
 </clothing>
 <clothing>
  <id>
   432527656
  </id>
  <name>
   DC Hat H-7617
  </name>
  <category>
   Hat
  </category>
  <size>
   S
  </size>
  <color>
   Синий
  </color>
  <material>
   Нейлон
  </material>
  <price>
   570768
  </price>
  <rating>
   4.53
  </rating>
  <reviews>
   279248
  </reviews>
  <new>
   -
  </new>
  <exclusive>
   no
  </exclusive>
  <sporty>
   no
  </sporty>
 </clothing>
 <clothing>
  <id>
   509122297
  </id>
  <name>
   Vans Umbrellas G-7792
  </name>
  <category>
   Umbrellas
  </category>
  <size>
   S
  </size>
  <color>
   Зеленый
  </color>
  <material>
   Кожа
  </material>
  <price>
   527948
  </price>
  <rating>
   4.34
  </rating>
  <reviews>
   743342
  </reviews>
  <exclusive>
   no
  </exclusive>
 </clothing>
</clothing-items>
