<?xml version="1.0" encoding="utf-8"?>
<clothing-items>
 <clothing>
  <id>
   887486691
  </id>
  <name>
   Ellesse T-shirt N-9873
  </name>
  <category>
   T-shirt
  </category>
  <size>
   L
  </size>
  <color>
   Синий
  </color>
  <material>
   Нейлон
  </material>
  <price>
   705478
  </price>
  <rating>
   2.83
  </rating>
  <reviews>
   445863
  </reviews>
  <new>
   +
  </new>
  <exclusive>
   yes
  </exclusive>
 </clothing>
 <clothing>
  <id>
   679814815
  </id>
  <name>
   Under Armour Dress N-6986
  </name>
  <category>
   Dress
  </category>
  <size>
   L
  </size>
  <color>
   Желтый
  </color>
  <material>
   Хлопок
  </material>
  <price>
   109094
  </price>
  <rating>
   1.95
  </rating>
  <reviews>
   248779
  </reviews>
  <new>
   -
  </new>
 </clothing>
 <clothing>
  <id>
   304248945
  </id>
  <name>
   Adidas Blouse H-8858
  </name>
  <category>
   Blouse
  </category>
  <size>
   XL
  </size>
  <color>
   Оранжевый
  </color>
  <material>
   Хлопок
  </material>
  <price>
   410286
  </price>
  <rating>
   4.63
  </rating>
  <reviews>
   607487
  </reviews>
  <new>
   +
  </new>
  <exclusive>
   no
  </exclusive>
 </clothing>
 <clothing>
  <id>
   496362906
  </id>
  <name>
   Addidas Socks Y-3397
  </name>
  <category>
   Socks
  </category>
  <size>
   L
  </size>
  <color>
   Красный
  </color>
  <material>
   Нейлон
  </material>
  <price>
   913869
  </price>
  <rating>
   2.83
  </rating>
  <reviews>
   167338
  </reviews>
  <new>
   -
  </new>
 </clothing>
 <clothing>
  <id>
   401679492
  </id>
  <name>
   Addidas Sweater C-1165
  </name>
  <category>
   Sweater
  </category>
  <size>
   M
  </size>
  <color>
   Голубой
  </color>
  <material>
   Лен
  </material>
  <price>
   758180
  </price>
  <rating>
   1.19
  </rating>
  <reviews>
   688917
  </reviews>
  <exclusive>
   no
  </exclusive>
  <sporty>
   no
  </sporty>
 </clothing>
 <clothing>
  <id>
   944459144
  </id>
  <name>
   Nike Gloves B-3778
  </name>
  <category>
   Gloves
  </category>
  <size>
   S
  </size>
  <color>
   Фиолетовый
  </color>
  <material>
   Лен
  </material>
  <price>
   277352
  </price>
  <rating>
   1.46
  </rating>
  <reviews>
   680723
  </reviews>
  <new>
   -
  </new>
  <sporty>
   yes
  </sporty>
 </clothing>
 <clothing>
  <id>
   900479493
  </id>
  <name>
   Ellesse Shoes U-9573
  </name>
  <category>
   Shoes
  </category>
  <size>
   XL
  </size>
  <color>
   Фиолетовый
  </color>
  <material>
   Шерсть
  </material>
  <price>
   964423
  </price>
  <rating>
   4.04
  </rating>
  <reviews>
   927756
  </reviews>
  <new>
   +
  </new>
  <exclusive>
   yes
  </exclusive>
  <sporty>
   no
  </sporty>
 </clothing>
 <clothing>
  <id>
   223717369
  </id>
  <name>
   Ellesse Socks U-8319
  </name>
  <category>
   Socks
  </category>
  <size>
   XL
  </size>
  <color>
   Желтый
  </color>
  <material>
   Лен
  </material>
  <price>
   923281
  </price>
  <rating>
   2.29
  </rating>
  <reviews>
   518944
  </reviews>
  <sporty>
   yes
  </sporty>
 </clothing>
 <clothing>
  <id>
   155603594
  </id>
  <name>
   Vans T-shirt K-5167
  </name>
  <category>
   T-shirt
  </category>
  <size>
   M
  </size>
  <color>
   Синий
  </color>
  <material>
   Шерсть
  </material>
  <price>
   209655
  </price>
  <rating>
   2.09
  </rating>
  <reviews>
   901093
  </reviews>
  <exclusive>
   yes
  </exclusive>
  <sporty>
   no
  </sporty>
 </clothing>
 <clothing>
  <id>
   475389502
  </id>
  <name>
   Reebok Socks T-2159
  </name>
  <category>
   Socks
  </category>
  <size>
   XXL
  </size>
  <color>
   Фиолетовый
  </color>
  <material>
   Хлопок
  </material>
  <price>
   823510
  </price>
  <rating>
   4.49
  </rating>
  <reviews>
   483392
  </reviews>
  <sporty>
   yes
  </sporty>
 </clothing>
 <clothing>
  <id>
   415724088
  </id>
  <name>
   Puma Jacket Z-4881
  </name>
  <category>
   Jacket
  </category>
  <size>
   L
  </size>
  <color>
   Голубой
  </color>
  <material>
   Кожа
  </material>
  <price>
   172955
  </price>
  <rating>
   3.46
  </rating>
  <reviews>
   64426
  </reviews>
  <exclusive>
   yes
  </exclusive>
 </clothing>
 <clothing>
  <id>
   114115847
  </id>
  <name>
   PleinSport Handbags L-5644
  </name>
  <category>
   Handbags
  </category>
  <size>
   M
  </size>
  <color>
   Зеленый
  </color>
  <material>
   Полиэстер
  </material>
  <price>
   592752
  </price>
  <rating>
   3.73
  </rating>
  <reviews>
   235421
  </reviews>
  <new>
   -
  </new>
  <sporty>
   no
  </sporty>
 </clothing>
 <clothing>
  <id>
   939606707
  </id>
  <name>
   Converse Pants J-2905
  </name>
  <category>
   Pants
  </category>
  <size>
   S
  </size>
  <color>
   Оранжевый
  </color>
  <material>
   Шелк
  </material>
  <price>
   701427
  </price>
  <rating>
   1.37
  </rating>
  <reviews>
   42752
  </reviews>
 </clothing>
 <clothing>
  <id>
   166628821
  </id>
  <name>
   Lacoste Gloves S-6359
  </name>
  <category>
   Gloves
  </category>
  <size>
   M
  </size>
  <color>
   Зеленый
  </color>
  <material>
   Лен
  </material>
  <price>
   185177
  </price>
  <rating>
   1.12
  </rating>
  <reviews>
   211853
  </reviews>
  <new>
   -
  </new>
  <exclusive>
   yes
  </exclusive>
  <sporty>
   yes
  </sporty>
 </clothing>
 <clothing>
  <id>
   798194578
  </id>
  <name>
   Asics Jacket C-7922
  </name>
  <category>
   Jacket
  </category>
  <size>
   S
  </size>
  <color>
   Красный
  </color>
  <material>
   Вискоза
  </material>
  <price>
   215301
  </price>
  <rating>
   3.85
  </rating>
  <reviews>
   98331
  </reviews>
  <exclusive>
   yes
  </exclusive>
  <sporty>
   no
  </sporty>
 </clothing>
 <clothing>
  <id>
   715995833
  </id>
  <name>
   New Balance Dress B-9859
  </name>
  <category>
   Dress
  </category>
  <size>
   XXL
  </size>
  <color>
   Фиолетовый
  </color>
  <material>
   Шерсть
  </material>
  <price>
   395851
  </price>
  <rating>
   2.03
  </rating>
  <reviews>
   612313
  </reviews>
  <exclusive>
   no
  </exclusive>
 </clothing>
 <clothing>
  <id>
   427748926
  </id>
  <name>
   Under Armour T-shirt W-4455
  </name>
  <category>
   T-shirt
  </category>
  <size>
   S
  </size>
  <color>
   Оранжевый
  </color>
  <material>
   Кожа
  </material>
  <price>
   884535
  </price>
  <rating>
   3.52
  </rating>
  <reviews>
   265065
  </reviews>
  <exclusive>
   no
  </exclusive>
  <sporty>
   no
  </sporty>
 </clothing>
 <clothing>
  <id>
   613070909
  </id>
  <name>
   Nike Blouse E-6411
  </name>
  <category>
   Blouse
  </category>
  <size>
   L
  </size>
  <color>
   Желтый
  </color>
  <material>
   Нейлон
  </material>
  <price>
   296438
  </price>
  <rating>
   3.15
  </rating>
  <reviews>
   601982
  </reviews>
  <new>
   +
  </new>
  <exclusive>
   no
  </exclusive>
 </clothing>
</clothing-items>
