<?xml version="1.0" encoding="utf-8"?>
<clothing-items>
 <clothing>
  <id>
   158649846
  </id>
  <name>
   Brooks Dress A-2967
  </name>
  <category>
   Dress
  </category>
  <size>
   XXL
  </size>
  <color>
   Желтый
  </color>
  <material>
   Нейлон
  </material>
  <price>
   321190
  </price>
  <rating>
   1.5
  </rating>
  <reviews>
   790898
  </reviews>
  <exclusive>
   no
  </exclusive>
  <sporty>
   no
  </sporty>
 </clothing>
 <clothing>
  <id>
   132481527
  </id>
  <name>
   Adidas Jeans Z-9149
  </name>
  <category>
   Jeans
  </category>
  <size>
   M
  </size>
  <color>
   Синий
  </color>
  <material>
   Нейлон
  </material>
  <price>
   129942
  </price>
  <rating>
   4.41
  </rating>
  <reviews>
   506726
  </reviews>
  <new>
   -
  </new>
  <sporty>
   yes
  </sporty>
 </clothing>
 <clothing>
  <id>
   426263801
  </id>
  <name>
   Under Armour Shoes X-6130
  </name>
  <category>
   Shoes
  </category>
  <size>
   S
  </size>
  <color>
   Оранжевый
  </color>
  <material>
   Нейлон
  </material>
  <price>
   528966
  </price>
  <rating>
   4.12
  </rating>
  <reviews>
   679695
  </reviews>
  <sporty>
   yes
  </sporty>
 </clothing>
 <clothing>
  <id>
   669397742
  </id>
  <name>
   Under Armour Skirt Q-3871
  </name>
  <category>
   Skirt
  </category>
  <size>
   XL
  </size>
  <color>
   Зеленый
  </color>
  <material>
   Хлопок
  </material>
  <price>
   119771
  </price>
  <rating>
   4.31
  </rating>
  <reviews>
   344580
  </reviews>
  <exclusive>
   no
  </exclusive>
 </clothing>
 <clothing>
  <id>
   526917536
  </id>
  <name>
   Ellesse Jeans F-2447
  </name>
  <category>
   Jeans
  </category>
  <size>
   XL
  </size>
  <color>
   Фиолетовый
  </color>
  <material>
   Шелк
  </material>
  <price>
   553069
  </price>
  <rating>
   3.41
  </rating>
  <reviews>
   990441
  </reviews>
  <exclusive>
   no
  </exclusive>
 </clothing>
 <clothing>
  <id>
   950983216
  </id>
  <name>
   Converse Jacket R-9772
  </name>
  <category>
   Jacket
  </category>
  <size>
   XL
  </size>
  <color>
   Оранжевый
  </color>
  <material>
   Шелк
  </material>
  <price>
   317082
  </price>
  <rating>
   2.72
  </rating>
  <reviews>
   65850
  </reviews>
  <new>
   -
  </new>
  <exclusive>
   yes
  </exclusive>
  <sporty>
   no
  </sporty>
 </clothing>
 <clothing>
  <id>
   511493572
  </id>
  <name>
   New Balance T-shirt V-9428
  </name>
  <category>
   T-shirt
  </category>
  <size>
   S
  </size>
  <color>
   Синий
  </color>
  <material>
   Хлопок
  </material>
  <price>
   362791
  </price>
  <rating>
   1.56
  </rating>
  <reviews>
   696063
  </reviews>
  <new>
   -
  </new>
  <exclusive>
   no
  </exclusive>
  <sporty>
   yes
  </sporty>
 </clothing>
 <clothing>
  <id>
   933949409
  </id>
  <name>
   Lacoste Gloves J-1925
  </name>
  <category>
   Gloves
  </category>
  <size>
   XL
  </size>
  <color>
   Желтый
  </color>
  <material>
   Нейлон
  </material>
  <price>
   916032
  </price>
  <rating>
   4.05
  </rating>
  <reviews>
   586689
  </reviews>
  <new>
   -
  </new>
  <exclusive>
   yes
  </exclusive>
 </clothing>
 <clothing>
  <id>
   464851310
  </id>
  <name>
   Converse Sweater P-8511
  </name>
  <category>
   Sweater
  </category>
  <size>
   S
  </size>
  <color>
   Фиолетовый
  </color>
  <material>
   Шерсть
  </material>
  <price>
   771586
  </price>
  <rating>
   4.57
  </rating>
  <reviews>
   755477
  </reviews>
  <new>
   -
  </new>
  <exclusive>
   no
  </exclusive>
  <sporty>
   yes
  </sporty>
 </clothing>
 <clothing>
  <id>
   755116597
  </id>
  <name>
   DC T-shirt C-2028
  </name>
  <category>
   T-shirt
  </category>
  <size>
   L
  </size>
  <color>
   Синий
  </color>
  <material>
   Полиэстер
  </material>
  <price>
   887744
  </price>
  <rating>
   1.61
  </rating>
  <reviews>
   158408
  </reviews>
 </clothing>
 <clothing>
  <id>
   244300257
  </id>
  <name>
   New Balance Shoes M-5878
  </name>
  <category>
   Shoes
  </category>
  <size>
   L
  </size>
  <color>
   Синий
  </color>
  <material>
   Вискоза
  </material>
  <price>
   129576
  </price>
  <rating>
   2.63
  </rating>
  <reviews>
   796190
  </reviews>
  <new>
   -
  </new>
  <exclusive>
   no
  </exclusive>
  <sporty>
   no
  </sporty>
 </clothing>
 <clothing>
  <id>
   195723691
  </id>
  <name>
   Ellesse Shoes T-6597
  </name>
  <category>
   Shoes
  </category>
  <size>
   XXL
  </size>
  <color>
   Фиолетовый
  </color>
  <material>
   Шерсть
  </material>
  <price>
   374768
  </price>
  <rating>
   3.6
  </rating>
  <reviews>
   445859
  </reviews>
  <sporty>
   no
  </sporty>
 </clothing>
 <clothing>
  <id>
   852660222
  </id>
  <name>
   PleinSport Socks C-3066
  </name>
  <category>
   Socks
  </category>
  <size>
   XL
  </size>
  <color>
   Фиолетовый
  </color>
  <material>
   Шелк
  </material>
  <price>
   661413
  </price>
  <rating>
   2.39
  </rating>
  <reviews>
   309488
  </reviews>
  <new>
   +
  </new>
  <exclusive>
   yes
  </exclusive>
 </clothing>
 <clothing>
  <id>
   772995265
  </id>
  <name>
   Fila Dress M-7889
  </name>
  <category>
   Dress
  </category>
  <size>
   L
  </size>
  <color>
   Синий
  </color>
  <material>
   Вискоза
  </material>
  <price>
   481050
  </price>
  <rating>
   2.9
  </rating>
  <reviews>
   824967
  </reviews>
  <exclusive>
   no
  </exclusive>
  <sporty>
   no
  </sporty>
 </clothing>
 <clothing>
  <id>
   558926387
  </id>
  <name>
   Under Armour Hat Z-7238
  </name>
  <category>
   Hat
  </category>
  <size>
   M
  </size>
  <color>
   Оранжевый
  </color>
  <material>
   Полиэстер
  </material>
  <price>
   199127
  </price>
  <rating>
   3.54
  </rating>
  <reviews>
   990636
  </reviews>
  <new>
   +
  </new>
  <exclusive>
   no
  </exclusive>
  <sporty>
   no
  </sporty>
 </clothing>
 <clothing>
  <id>
   327967898
  </id>
  <name>
   PleinSport Umbrellas W-2295
  </name>
  <category>
   Umbrellas
  </category>
  <size>
   S
  </size>
  <color>
   Красный
  </color>
  <material>
   Полиэстер
  </material>
  <price>
   240078
  </price>
  <rating>
   4.72
  </rating>
  <reviews>
   922274
  </reviews>
  <new>
   -
  </new>
  <exclusive>
   no
  </exclusive>
 </clothing>
 <clothing>
  <id>
   621703199
  </id>
  <name>
   Converse Socks I-9914
  </name>
  <category>
   Socks
  </category>
  <size>
   XL
  </size>
  <color>
   Желтый
  </color>
  <material>
   Кожа
  </material>
  <price>
   631978
  </price>
  <rating>
   4.71
  </rating>
  <reviews>
   694850
  </reviews>
  <sporty>
   no
  </sporty>
 </clothing>
 <clothing>
  <id>
   816524295
  </id>
  <name>
   Vans Handbags M-9947
  </name>
  <category>
   Handbags
  </category>
  <size>
   XL
  </size>
  <color>
   Желтый
  </color>
  <material>
   Хлопок
  </material>
  <price>
   235915
  </price>
  <rating>
   4.99
  </rating>
  <reviews>
   730342
  </reviews>
  <new>
   -
  </new>
 </clothing>
 <clothing>
  <id>
   959809238
  </id>
  <name>
   Lacoste Shoes W-7811
  </name>
  <category>
   Shoes
  </category>
  <size>
   M
  </size>
  <color>
   Голубой
  </color>
  <material>
   Полиэстер
  </material>
  <price>
   702018
  </price>
  <rating>
   2.58
  </rating>
  <reviews>
   536384
  </reviews>
  <new>
   -
  </new>
 </clothing>
 <clothing>
  <id>
   114085310
  </id>
  <name>
   Puma T-shirt W-4717
  </name>
  <category>
   T-shirt
  </category>
  <size>
   XL
  </size>
  <color>
   Фиолетовый
  </color>
  <material>
   Нейлон
  </material>
  <price>
   385469
  </price>
  <rating>
   4.85
  </rating>
  <reviews>
   906122
  </reviews>
  <new>
   -
  </new>
 </clothing>
 <clothing>
  <id>
   967395101
  </id>
  <name>
   New Balance Sweater C-8812
  </name>
  <category>
   Sweater
  </category>
  <size>
   L
  </size>
  <color>
   Зеленый
  </color>
  <material>
   Кожа
  </material>
  <price>
   102406
  </price>
  <rating>
   3.96
  </rating>
  <reviews>
   809930
  </reviews>
  <exclusive>
   no
  </exclusive>
 </clothing>
 <clothing>
  <id>
   159384997
  </id>
  <name>
   Converse Jacket J-5508
  </name>
  <category>
   Jacket
  </category>
  <size>
   S
  </size>
  <color>
   Зеленый
  </color>
  <material>
   Хлопок
  </material>
  <price>
   702234
  </price>
  <rating>
   2.29
  </rating>
  <reviews>
   430770
  </reviews>
  <exclusive>
   no
  </exclusive>
  <sporty>
   yes
  </sporty>
 </clothing>
 <clothing>
  <id>
   347835620
  </id>
  <name>
   Puma Belts E-9249
  </name>
  <category>
   Belts
  </category>
  <size>
   XL
  </size>
  <color>
   Голубой
  </color>
  <material>
   Лен
  </material>
  <price>
   209792
  </price>
  <rating>
   2.64
  </rating>
  <reviews>
   343159
  </reviews>
  <new>
   -
  </new>
 </clothing>
 <clothing>
  <id>
   109587525
  </id>
  <name>
   Vans Sweater V-9347
  </name>
  <category>
   Sweater
  </category>
  <size>
   L
  </size>
  <color>
   Голубой
  </color>
  <material>
   Шелк
  </material>
  <price>
   756465
  </price>
  <rating>
   4.96
  </rating>
  <reviews>
   615149
  </reviews>
  <exclusive>
   no
  </exclusive>
  <sporty>
   no
  </sporty>
 </clothing>
 <clothing>
  <id>
   462779142
  </id>
  <name>
   Lacoste Sweater S-8055
  </name>
  <category>
   Sweater
  </category>
  <size>
   S
  </size>
  <color>
   Оранжевый
  </color>
  <material>
   Лен
  </material>
  <price>
   796698
  </price>
  <rating>
   1.38
  </rating>
  <reviews>
   125050
  </reviews>
 </clothing>
 <clothing>
  <id>
   694337019
  </id>
  <name>
   PleinSport Gloves T-7453
  </name>
  <category>
   Gloves
  </category>
  <size>
   XL
  </size>
  <color>
   Фиолетовый
  </color>
  <material>
   Нейлон
  </material>
  <price>
   750055
  </price>
  <rating>
   2.98
  </rating>
  <reviews>
   502083
  </reviews>
  <new>
   -
  </new>
  <exclusive>
   yes
  </exclusive>
 </clothing>
 <clothing>
  <id>
   995336881
  </id>
  <name>
   Fila Handbags L-5882
  </name>
  <category>
   Handbags
  </category>
  <size>
   S
  </size>
  <color>
   Красный
  </color>
  <material>
   Полиэстер
  </material>
  <price>
   713766
  </price>
  <rating>
   2.2
  </rating>
  <reviews>
   113388
  </reviews>
  <new>
   +
  </new>
  <exclusive>
   no
  </exclusive>
 </clothing>
 <clothing>
  <id>
   687494873
  </id>
  <name>
   Vans Pants I-1898
  </name>
  <category>
   Pants
  </category>
  <size>
   XXL
  </size>
  <color>
   Зеленый
  </color>
  <material>
   Шерсть
  </material>
  <price>
   521013
  </price>
  <rating>
   3.51
  </rating>
  <reviews>
   500716
  </reviews>
  <exclusive>
   no
  </exclusive>
 </clothing>
 <clothing>
  <id>
   734294060
  </id>
  <name>
   Brooks Handbags N-6077
  </name>
  <category>
   Handbags
  </category>
  <size>
   S
  </size>
  <color>
   Красный
  </color>
  <material>
   Нейлон
  </material>
  <price>
   316903
  </price>
  <rating>
   3.85
  </rating>
  <reviews>
   821979
  </reviews>
  <new>
   -
  </new>
  <exclusive>
   no
  </exclusive>
  <sporty>
   yes
  </sporty>
 </clothing>
 <clothing>
  <id>
   248062456
  </id>
  <name>
   Ellesse Shoes B-2310
  </name>
  <category>
   Shoes
  </category>
  <size>
   S
  </size>
  <color>
   Фиолетовый
  </color>
  <material>
   Полиэстер
  </material>
  <price>
   196997
  </price>
  <rating>
   3.83
  </rating>
  <reviews>
   701076
  </reviews>
  <sporty>
   yes
  </sporty>
 </clothing>
 <clothing>
  <id>
   278272702
  </id>
  <name>
   Ellesse Jeans F-6503
  </name>
  <category>
   Jeans
  </category>
  <size>
   XL
  </size>
  <color>
   Зеленый
  </color>
  <material>
   Шелк
  </material>
  <price>
   856852
  </price>
  <rating>
   4.88
  </rating>
  <reviews>
   466828
  </reviews>
  <sporty>
   no
  </sporty>
 </clothing>
 <clothing>
  <id>
   614657785
  </id>
  <name>
   New Balance Pants F-4703
  </name>
  <category>
   Pants
  </category>
  <size>
   L
  </size>
  <color>
   Синий
  </color>
  <material>
   Лен
  </material>
  <price>
   563002
  </price>
  <rating>
   4.47
  </rating>
  <reviews>
   843886
  </reviews>
  <new>
   +
  </new>
  <exclusive>
   no
  </exclusive>
 </clothing>
 <clothing>
  <id>
   908756007
  </id>
  <name>
   Reebok Umbrellas X-3566
  </name>
  <category>
   Umbrellas
  </category>
  <size>
   L
  </size>
  <color>
   Желтый
  </color>
  <material>
   Нейлон
  </material>
  <price>
   157641
  </price>
  <rating>
   3.78
  </rating>
  <reviews>
   715378
  </reviews>
 </clothing>
 <clothing>
  <id>
   346468535
  </id>
  <name>
   DC Sweater I-2088
  </name>
  <category>
   Sweater
  </category>
  <size>
   XXL
  </size>
  <color>
   Синий
  </color>
  <material>
   Вискоза
  </material>
  <price>
   705816
  </price>
  <rating>
   3.31
  </rating>
  <reviews>
   465539
  </reviews>
  <new>
   -
  </new>
  <exclusive>
   no
  </exclusive>
 </clothing>
 <clothing>
  <id>
   377963496
  </id>
  <name>
   Lacoste Shirt F-4906
  </name>
  <category>
   Shirt
  </category>
  <size>
   XXL
  </size>
  <color>
   Фиолетовый
  </color>
  <material>
   Шерсть
  </material>
  <price>
   415121
  </price>
  <rating>
   4.95
  </rating>
  <reviews>
   346621
  </reviews>
  <new>
   +
  </new>
  <sporty>
   yes
  </sporty>
 </clothing>
 <clothing>
  <id>
   918088056
  </id>
  <name>
   New Balance Socks N-1410
  </name>
  <category>
   Socks
  </category>
  <size>
   L
  </size>
  <color>
   Голубой
  </color>
  <material>
   Нейлон
  </material>
  <price>
   569215
  </price>
  <rating>
   1.92
  </rating>
  <reviews>
   971060
  </reviews>
  <new>
   -
  </new>
  <exclusive>
   no
  </exclusive>
 </clothing>
 <clothing>
  <id>
   404080479
  </id>
  <name>
   Brooks Umbrellas A-9221
  </name>
  <category>
   Umbrellas
  </category>
  <size>
   XXL
  </size>
  <color>
   Фиолетовый
  </color>
  <material>
   Шерсть
  </material>
  <price>
   383383
  </price>
  <rating>
   1.31
  </rating>
  <reviews>
   33618
  </reviews>
  <new>
   -
  </new>
  <exclusive>
   no
  </exclusive>
  <sporty>
   no
  </sporty>
 </clothing>
</clothing-items>
