<?xml version="1.0" encoding="utf-8"?>
<clothing-items>
 <clothing>
  <id>
   902019983
  </id>
  <name>
   Nike Umbrellas Y-4494
  </name>
  <category>
   Umbrellas
  </category>
  <size>
   XL
  </size>
  <color>
   Оранжевый
  </color>
  <material>
   Полиэстер
  </material>
  <price>
   590226
  </price>
  <rating>
   3.61
  </rating>
  <reviews>
   716238
  </reviews>
  <new>
   -
  </new>
  <exclusive>
   no
  </exclusive>
 </clothing>
 <clothing>
  <id>
   266030590
  </id>
  <name>
   Under Armour Umbrellas Q-1068
  </name>
  <category>
   Umbrellas
  </category>
  <size>
   XXL
  </size>
  <color>
   Желтый
  </color>
  <material>
   Вискоза
  </material>
  <price>
   562904
  </price>
  <rating>
   3.74
  </rating>
  <reviews>
   170097
  </reviews>
  <exclusive>
   no
  </exclusive>
  <sporty>
   no
  </sporty>
 </clothing>
 <clothing>
  <id>
   142613500
  </id>
  <name>
   Converse Umbrellas A-4481
  </name>
  <category>
   Umbrellas
  </category>
  <size>
   L
  </size>
  <color>
   Зеленый
  </color>
  <material>
   Вискоза
  </material>
  <price>
   459521
  </price>
  <rating>
   4.47
  </rating>
  <reviews>
   668751
  </reviews>
  <exclusive>
   no
  </exclusive>
 </clothing>
 <clothing>
  <id>
   366221304
  </id>
  <name>
   Ellesse Shoes I-2518
  </name>
  <category>
   Shoes
  </category>
  <size>
   L
  </size>
  <color>
   Голубой
  </color>
  <material>
   Кожа
  </material>
  <price>
   177427
  </price>
  <rating>
   1.39
  </rating>
  <reviews>
   820800
  </reviews>
 </clothing>
 <clothing>
  <id>
   621546156
  </id>
  <name>
   Adidas Hat B-7187
  </name>
  <category>
   Hat
  </category>
  <size>
   S
  </size>
  <color>
   Красный
  </color>
  <material>
   Шерсть
  </material>
  <price>
   869122
  </price>
  <rating>
   1.89
  </rating>
  <reviews>
   211319
  </reviews>
  <new>
   -
  </new>
 </clothing>
 <clothing>
  <id>
   161573923
  </id>
  <name>
   Addidas Umbrellas Z-6592
  </name>
  <category>
   Umbrellas
  </category>
  <size>
   S
  </size>
  <color>
   Красный
  </color>
  <material>
   Шелк
  </material>
  <price>
   464884
  </price>
  <rating>
   4.11
  </rating>
  <reviews>
   623798
  </reviews>
  <new>
   +
  </new>
  <sporty>
   no
  </sporty>
 </clothing>
 <clothing>
  <id>
   698281397
  </id>
  <name>
   Converse Hat D-8612
  </name>
  <category>
   Hat
  </category>
  <size>
   XL
  </size>
  <color>
   Красный
  </color>
  <material>
   Кожа
  </material>
  <price>
   596433
  </price>
  <rating>
   3.72
  </rating>
  <reviews>
   944591
  </reviews>
 </clothing>
 <clothing>
  <id>
   735286228
  </id>
  <name>
   Lacoste Pants I-5511
  </name>
  <category>
   Pants
  </category>
  <size>
   XXL
  </size>
  <color>
   Фиолетовый
  </color>
  <material>
   Шелк
  </material>
  <price>
   131006
  </price>
  <rating>
   3.46
  </rating>
  <reviews>
   758049
  </reviews>
 </clothing>
 <clothing>
  <id>
   621566145
  </id>
  <name>
   Puma Gloves B-3023
  </name>
  <category>
   Gloves
  </category>
  <size>
   S
  </size>
  <color>
   Зеленый
  </color>
  <material>
   Кожа
  </material>
  <price>
   516415
  </price>
  <rating>
   2.26
  </rating>
  <reviews>
   959322
  </reviews>
  <new>
   -
  </new>
  <sporty>
   yes
  </sporty>
 </clothing>
 <clothing>
  <id>
   166510023
  </id>
  <name>
   Converse Shirt W-7022
  </name>
  <category>
   Shirt
  </category>
  <size>
   XL
  </size>
  <color>
   Красный
  </color>
  <material>
   Нейлон
  </material>
  <price>
   779863
  </price>
  <rating>
   3.7
  </rating>
  <reviews>
   820985
  </reviews>
  <new>
   +
  </new>
  <exclusive>
   no
  </exclusive>
 </clothing>
 <clothing>
  <id>
   903115128
  </id>
  <name>
   Asics Hat Z-7439
  </name>
  <category>
   Hat
  </category>
  <size>
   M
  </size>
  <color>
   Зеленый
  </color>
  <material>
   Лен
  </material>
  <price>
   381536
  </price>
  <rating>
   2.9
  </rating>
  <reviews>
   714960
  </reviews>
  <new>
   +
  </new>
  <exclusive>
   yes
  </exclusive>
  <sporty>
   yes
  </sporty>
 </clothing>
 <clothing>
  <id>
   407744899
  </id>
  <name>
   Addidas Shirt Z-8074
  </name>
  <category>
   Shirt
  </category>
  <size>
   M
  </size>
  <color>
   Фиолетовый
  </color>
  <material>
   Хлопок
  </material>
  <price>
   704697
  </price>
  <rating>
   2.25
  </rating>
  <reviews>
   421287
  </reviews>
  <sporty>
   yes
  </sporty>
 </clothing>
 <clothing>
  <id>
   135501452
  </id>
  <name>
   Reebok Handbags T-4772
  </name>
  <category>
   Handbags
  </category>
  <size>
   XL
  </size>
  <color>
   Желтый
  </color>
  <material>
   Шелк
  </material>
  <price>
   664685
  </price>
  <rating>
   2.71
  </rating>
  <reviews>
   123038
  </reviews>
  <exclusive>
   no
  </exclusive>
  <sporty>
   no
  </sporty>
 </clothing>
 <clothing>
  <id>
   661793684
  </id>
  <name>
   Vans Handbags E-4794
  </name>
  <category>
   Handbags
  </category>
  <size>
   S
  </size>
  <color>
   Синий
  </color>
  <material>
   Шерсть
  </material>
  <price>
   236603
  </price>
  <rating>
   2.44
  </rating>
  <reviews>
   673919
  </reviews>
  <exclusive>
   yes
  </exclusive>
 </clothing>
 <clothing>
  <id>
   604442127
  </id>
  <name>
   Adidas Sweater M-8676
  </name>
  <category>
   Sweater
  </category>
  <size>
   XXL
  </size>
  <color>
   Зеленый
  </color>
  <material>
   Хлопок
  </material>
  <price>
   145600
  </price>
  <rating>
   1.86
  </rating>
  <reviews>
   675197
  </reviews>
  <new>
   +
  </new>
  <exclusive>
   no
  </exclusive>
 </clothing>
 <clothing>
  <id>
   401422634
  </id>
  <name>
   Asics Sweater V-5361
  </name>
  <category>
   Sweater
  </category>
  <size>
   L
  </size>
  <color>
   Красный
  </color>
  <material>
   Хлопок
  </material>
  <price>
   360010
  </price>
  <rating>
   1.44
  </rating>
  <reviews>
   685087
  </reviews>
  <new>
   -
  </new>
 </clothing>
 <clothing>
  <id>
   173912724
  </id>
  <name>
   Reebok Socks F-7167
  </name>
  <category>
   Socks
  </category>
  <size>
   M
  </size>
  <color>
   Красный
  </color>
  <material>
   Кожа
  </material>
  <price>
   121747
  </price>
  <rating>
   4.86
  </rating>
  <reviews>
   648813
  </reviews>
  <exclusive>
   no
  </exclusive>
  <sporty>
   yes
  </sporty>
 </clothing>
 <clothing>
  <id>
   492192248
  </id>
  <name>
   DC Skirt C-4066
  </name>
  <category>
   Skirt
  </category>
  <size>
   XL
  </size>
  <color>
   Оранжевый
  </color>
  <material>
   Нейлон
  </material>
  <price>
   463432
  </price>
  <rating>
   4.11
  </rating>
  <reviews>
   929890
  </reviews>
  <new>
   -
  </new>
  <exclusive>
   no
  </exclusive>
  <sporty>
   yes
  </sporty>
 </clothing>
 <clothing>
  <id>
   988454474
  </id>
  <name>
   Puma Handbags O-5912
  </name>
  <category>
   Handbags
  </category>
  <size>
   S
  </size>
  <color>
   Фиолетовый
  </color>
  <material>
   Полиэстер
  </material>
  <price>
   558224
  </price>
  <rating>
   2.81
  </rating>
  <reviews>
   931619
  </reviews>
  <new>
   +
  </new>
  <exclusive>
   no
  </exclusive>
  <sporty>
   no
  </sporty>
 </clothing>
 <clothing>
  <id>
   335402107
  </id>
  <name>
   Fila Blouse E-2454
  </name>
  <category>
   Blouse
  </category>
  <size>
   XXL
  </size>
  <color>
   Желтый
  </color>
  <material>
   Шерсть
  </material>
  <price>
   989013
  </price>
  <rating>
   3.35
  </rating>
  <reviews>
   984811
  </reviews>
  <new>
   -
  </new>
  <exclusive>
   yes
  </exclusive>
 </clothing>
 <clothing>
  <id>
   729379483
  </id>
  <name>
   Addidas Umbrellas A-3095
  </name>
  <category>
   Umbrellas
  </category>
  <size>
   XXL
  </size>
  <color>
   Синий
  </color>
  <material>
   Полиэстер
  </material>
  <price>
   150077
  </price>
  <rating>
   3.69
  </rating>
  <reviews>
   18198
  </reviews>
  <new>
   +
  </new>
 </clothing>
 <clothing>
  <id>
   251025445
  </id>
  <name>
   Lacoste Sweater F-1473
  </name>
  <category>
   Sweater
  </category>
  <size>
   L
  </size>
  <color>
   Синий
  </color>
  <material>
   Нейлон
  </material>
  <price>
   737579
  </price>
  <rating>
   1.56
  </rating>
  <reviews>
   498703
  </reviews>
  <exclusive>
   no
  </exclusive>
 </clothing>
 <clothing>
  <id>
   767444783
  </id>
  <name>
   Adidas Jeans H-5243
  </name>
  <category>
   Jeans
  </category>
  <size>
   XL
  </size>
  <color>
   Голубой
  </color>
  <material>
   Хлопок
  </material>
  <price>
   626110
  </price>
  <rating>
   3.04
  </rating>
  <reviews>
   150984
  </reviews>
  <new>
   -
  </new>
  <exclusive>
   no
  </exclusive>
 </clothing>
 <clothing>
  <id>
   827164484
  </id>
  <name>
   Converse Handbags E-1608
  </name>
  <category>
   Handbags
  </category>
  <size>
   XXL
  </size>
  <color>
   Зеленый
  </color>
  <material>
   Лен
  </material>
  <price>
   348613
  </price>
  <rating>
   3.15
  </rating>
  <reviews>
   520430
  </reviews>
  <exclusive>
   no
  </exclusive>
  <sporty>
   no
  </sporty>
 </clothing>
 <clothing>
  <id>
   707749115
  </id>
  <name>
   Ellesse Hat I-9801
  </name>
  <category>
   Hat
  </category>
  <size>
   XL
  </size>
  <color>
   Оранжевый
  </color>
  <material>
   Нейлон
  </material>
  <price>
   380039
  </price>
  <rating>
   2.94
  </rating>
  <reviews>
   655962
  </reviews>
  <new>
   +
  </new>
  <exclusive>
   no
  </exclusive>
 </clothing>
 <clothing>
  <id>
   143796097
  </id>
  <name>
   Asics Handbags L-2114
  </name>
  <category>
   Handbags
  </category>
  <size>
   S
  </size>
  <color>
   Красный
  </color>
  <material>
   Хлопок
  </material>
  <price>
   692430
  </price>
  <rating>
   2.72
  </rating>
  <reviews>
   874634
  </reviews>
  <new>
   +
  </new>
  <sporty>
   no
  </sporty>
 </clothing>
 <clothing>
  <id>
   406432657
  </id>
  <name>
   Under Armour Skirt G-1609
  </name>
  <category>
   Skirt
  </category>
  <size>
   XL
  </size>
  <color>
   Зеленый
  </color>
  <material>
   Полиэстер
  </material>
  <price>
   559407
  </price>
  <rating>
   2.65
  </rating>
  <reviews>
   527763
  </reviews>
  <exclusive>
   yes
  </exclusive>
  <sporty>
   yes
  </sporty>
 </clothing>
 <clothing>
  <id>
   590922048
  </id>
  <name>
   Reebok Jacket I-9124
  </name>
  <category>
   Jacket
  </category>
  <size>
   M
  </size>
  <color>
   Оранжевый
  </color>
  <material>
   Нейлон
  </material>
  <price>
   568256
  </price>
  <rating>
   2.53
  </rating>
  <reviews>
   528072
  </reviews>
  <new>
   +
  </new>
  <exclusive>
   yes
  </exclusive>
  <sporty>
   yes
  </sporty>
 </clothing>
 <clothing>
  <id>
   223937362
  </id>
  <name>
   Nike Gloves G-6143
  </name>
  <category>
   Gloves
  </category>
  <size>
   L
  </size>
  <color>
   Голубой
  </color>
  <material>
   Полиэстер
  </material>
  <price>
   513825
  </price>
  <rating>
   1.07
  </rating>
  <reviews>
   155272
  </reviews>
  <new>
   +
  </new>
  <sporty>
   no
  </sporty>
 </clothing>
 <clothing>
  <id>
   301760977
  </id>
  <name>
   Lacoste Dress T-9218
  </name>
  <category>
   Dress
  </category>
  <size>
   S
  </size>
  <color>
   Зеленый
  </color>
  <material>
   Нейлон
  </material>
  <price>
   819996
  </price>
  <rating>
   3.23
  </rating>
  <reviews>
   21567
  </reviews>
  <new>
   -
  </new>
  <sporty>
   no
  </sporty>
 </clothing>
 <clothing>
  <id>
   114234725
  </id>
  <name>
   Puma Dress T-7788
  </name>
  <category>
   Dress
  </category>
  <size>
   M
  </size>
  <color>
   Желтый
  </color>
  <material>
   Хлопок
  </material>
  <price>
   273248
  </price>
  <rating>
   2.66
  </rating>
  <reviews>
   141128
  </reviews>
  <new>
   -
  </new>
  <exclusive>
   no
  </exclusive>
  <sporty>
   no
  </sporty>
 </clothing>
 <clothing>
  <id>
   379309071
  </id>
  <name>
   Asics Jacket M-9342
  </name>
  <category>
   Jacket
  </category>
  <size>
   XL
  </size>
  <color>
   Зеленый
  </color>
  <material>
   Вискоза
  </material>
  <price>
   806146
  </price>
  <rating>
   4.85
  </rating>
  <reviews>
   85958
  </reviews>
  <new>
   -
  </new>
  <exclusive>
   yes
  </exclusive>
  <sporty>
   yes
  </sporty>
 </clothing>
 <clothing>
  <id>
   891282295
  </id>
  <name>
   Brooks Socks U-4219
  </name>
  <category>
   Socks
  </category>
  <size>
   M
  </size>
  <color>
   Желтый
  </color>
  <material>
   Вискоза
  </material>
  <price>
   111602
  </price>
  <rating>
   4.18
  </rating>
  <reviews>
   579257
  </reviews>
  <new>
   +
  </new>
 </clothing>
 <clothing>
  <id>
   611998720
  </id>
  <name>
   Ellesse Hat V-9500
  </name>
  <category>
   Hat
  </category>
  <size>
   XL
  </size>
  <color>
   Оранжевый
  </color>
  <material>
   Кожа
  </material>
  <price>
   515364
  </price>
  <rating>
   3.52
  </rating>
  <reviews>
   341990
  </reviews>
  <sporty>
   yes
  </sporty>
 </clothing>
 <clothing>
  <id>
   238960638
  </id>
  <name>
   Adidas Jeans Z-8869
  </name>
  <category>
   Jeans
  </category>
  <size>
   S
  </size>
  <color>
   Желтый
  </color>
  <material>
   Шелк
  </material>
  <price>
   636163
  </price>
  <rating>
   1.03
  </rating>
  <reviews>
   424435
  </reviews>
  <new>
   -
  </new>
  <sporty>
   no
  </sporty>
 </clothing>
 <clothing>
  <id>
   828560253
  </id>
  <name>
   Brooks Socks H-6783
  </name>
  <category>
   Socks
  </category>
  <size>
   S
  </size>
  <color>
   Фиолетовый
  </color>
  <material>
   Нейлон
  </material>
  <price>
   139742
  </price>
  <rating>
   1.97
  </rating>
  <reviews>
   653804
  </reviews>
  <new>
   -
  </new>
 </clothing>
 <clothing>
  <id>
   795741933
  </id>
  <name>
   Brooks Shirt Y-2630
  </name>
  <category>
   Shirt
  </category>
  <size>
   XL
  </size>
  <color>
   Желтый
  </color>
  <material>
   Нейлон
  </material>
  <price>
   125605
  </price>
  <rating>
   3.66
  </rating>
  <reviews>
   43350
  </reviews>
  <new>
   +
  </new>
 </clothing>
 <clothing>
  <id>
   621750543
  </id>
  <name>
   Reebok Sweater A-2621
  </name>
  <category>
   Sweater
  </category>
  <size>
   M
  </size>
  <color>
   Зеленый
  </color>
  <material>
   Полиэстер
  </material>
  <price>
   515111
  </price>
  <rating>
   4.66
  </rating>
  <reviews>
   852070
  </reviews>
  <new>
   +
  </new>
 </clothing>
 <clothing>
  <id>
   881378979
  </id>
  <name>
   Fila Sweater Z-5114
  </name>
  <category>
   Sweater
  </category>
  <size>
   XXL
  </size>
  <color>
   Желтый
  </color>
  <material>
   Кожа
  </material>
  <price>
   694563
  </price>
  <rating>
   4.51
  </rating>
  <reviews>
   390976
  </reviews>
  <exclusive>
   no
  </exclusive>
  <sporty>
   no
  </sporty>
 </clothing>
 <clothing>
  <id>
   705371561
  </id>
  <name>
   Brooks Umbrellas O-7560
  </name>
  <category>
   Umbrellas
  </category>
  <size>
   XL
  </size>
  <color>
   Синий
  </color>
  <material>
   Шерсть
  </material>
  <price>
   554704
  </price>
  <rating>
   2.83
  </rating>
  <reviews>
   9138
  </reviews>
  <new>
   -
  </new>
 </clothing>
 <clothing>
  <id>
   817321837
  </id>
  <name>
   Lacoste Pants B-9999
  </name>
  <category>
   Pants
  </category>
  <size>
   S
  </size>
  <color>
   Синий
  </color>
  <material>
   Полиэстер
  </material>
  <price>
   209195
  </price>
  <rating>
   3.33
  </rating>
  <reviews>
   883411
  </reviews>
  <exclusive>
   yes
  </exclusive>
  <sporty>
   yes
  </sporty>
 </clothing>
 <clothing>
  <id>
   141588265
  </id>
  <name>
   Adidas Sweater S-7603
  </name>
  <category>
   Sweater
  </category>
  <size>
   S
  </size>
  <color>
   Зеленый
  </color>
  <material>
   Хлопок
  </material>
  <price>
   836500
  </price>
  <rating>
   3.83
  </rating>
  <reviews>
   603753
  </reviews>
  <exclusive>
   yes
  </exclusive>
  <sporty>
   no
  </sporty>
 </clothing>
 <clothing>
  <id>
   303319553
  </id>
  <name>
   Asics Socks U-3796
  </name>
  <category>
   Socks
  </category>
  <size>
   S
  </size>
  <color>
   Синий
  </color>
  <material>
   Шелк
  </material>
  <price>
   211796
  </price>
  <rating>
   4.76
  </rating>
  <reviews>
   2227
  </reviews>
  <new>
   -
  </new>
 </clothing>
 <clothing>
  <id>
   290582211
  </id>
  <name>
   DC Umbrellas I-9700
  </name>
  <category>
   Umbrellas
  </category>
  <size>
   XL
  </size>
  <color>
   Зеленый
  </color>
  <material>
   Кожа
  </material>
  <price>
   844078
  </price>
  <rating>
   2.27
  </rating>
  <reviews>
   546340
  </reviews>
  <new>
   +
  </new>
  <sporty>
   no
  </sporty>
 </clothing>
 <clothing>
  <id>
   168054012
  </id>
  <name>
   Converse Handbags K-9130
  </name>
  <category>
   Handbags
  </category>
  <size>
   XXL
  </size>
  <color>
   Фиолетовый
  </color>
  <material>
   Шерсть
  </material>
  <price>
   898776
  </price>
  <rating>
   2.65
  </rating>
  <reviews>
   87931
  </reviews>
  <sporty>
   no
  </sporty>
 </clothing>
 <clothing>
  <id>
   275720334
  </id>
  <name>
   Puma Jeans Y-1668
  </name>
  <category>
   Jeans
  </category>
  <size>
   L
  </size>
  <color>
   Зеленый
  </color>
  <material>
   Полиэстер
  </material>
  <price>
   411516
  </price>
  <rating>
   3.92
  </rating>
  <reviews>
   338773
  </reviews>
  <new>
   -
  </new>
  <sporty>
   yes
  </sporty>
 </clothing>
 <clothing>
  <id>
   425359479
  </id>
  <name>
   Brooks Gloves P-1810
  </name>
  <category>
   Gloves
  </category>
  <size>
   S
  </size>
  <color>
   Синий
  </color>
  <material>
   Полиэстер
  </material>
  <price>
   836362
  </price>
  <rating>
   3.98
  </rating>
  <reviews>
   11660
  </reviews>
 </clothing>
 <clothing>
  <id>
   917740301
  </id>
  <name>
   Puma Handbags B-1886
  </name>
  <category>
   Handbags
  </category>
  <size>
   S
  </size>
  <color>
   Фиолетовый
  </color>
  <material>
   Шерсть
  </material>
  <price>
   352439
  </price>
  <rating>
   2.14
  </rating>
  <reviews>
   276933
  </reviews>
  <new>
   -
  </new>
  <exclusive>
   yes
  </exclusive>
  <sporty>
   no
  </sporty>
 </clothing>
 <clothing>
  <id>
   504366757
  </id>
  <name>
   Addidas T-shirt A-5761
  </name>
  <category>
   T-shirt
  </category>
  <size>
   XXL
  </size>
  <color>
   Оранжевый
  </color>
  <material>
   Вискоза
  </material>
  <price>
   626826
  </price>
  <rating>
   4.01
  </rating>
  <reviews>
   742118
  </reviews>
  <exclusive>
   no
  </exclusive>
  <sporty>
   yes
  </sporty>
 </clothing>
 <clothing>
  <id>
   133891170
  </id>
  <name>
   Asics Skirt R-4751
  </name>
  <category>
   Skirt
  </category>
  <size>
   M
  </size>
  <color>
   Оранжевый
  </color>
  <material>
   Полиэстер
  </material>
  <price>
   782335
  </price>
  <rating>
   4.24
  </rating>
  <reviews>
   293866
  </reviews>
  <new>
   -
  </new>
  <exclusive>
   no
  </exclusive>
 </clothing>
</clothing-items>
