<?xml version="1.0" encoding="utf-8"?>
<clothing-items>
 <clothing>
  <id>
   261539736
  </id>
  <name>
   Reebok Belts J-5620
  </name>
  <category>
   Belts
  </category>
  <size>
   L
  </size>
  <color>
   Зеленый
  </color>
  <material>
   Нейлон
  </material>
  <price>
   777231
  </price>
  <rating>
   2.55
  </rating>
  <reviews>
   82808
  </reviews>
 </clothing>
 <clothing>
  <id>
   937234092
  </id>
  <name>
   Brooks Jeans S-9427
  </name>
  <category>
   Jeans
  </category>
  <size>
   M
  </size>
  <color>
   Оранжевый
  </color>
  <material>
   Кожа
  </material>
  <price>
   512774
  </price>
  <rating>
   3.07
  </rating>
  <reviews>
   750278
  </reviews>
  <new>
   +
  </new>
 </clothing>
 <clothing>
  <id>
   225917610
  </id>
  <name>
   Reebok Hat J-8516
  </name>
  <category>
   Hat
  </category>
  <size>
   L
  </size>
  <color>
   Голубой
  </color>
  <material>
   Шерсть
  </material>
  <price>
   399088
  </price>
  <rating>
   4.64
  </rating>
  <reviews>
   990535
  </reviews>
  <sporty>
   yes
  </sporty>
 </clothing>
 <clothing>
  <id>
   838603126
  </id>
  <name>
   Adidas Handbags O-4341
  </name>
  <category>
   Handbags
  </category>
  <size>
   XXL
  </size>
  <color>
   Оранжевый
  </color>
  <material>
   Лен
  </material>
  <price>
   726672
  </price>
  <rating>
   3.99
  </rating>
  <reviews>
   283933
  </reviews>
  <new>
   -
  </new>
  <sporty>
   no
  </sporty>
 </clothing>
 <clothing>
  <id>
   367701263
  </id>
  <name>
   Brooks Gloves L-3391
  </name>
  <category>
   Gloves
  </category>
  <size>
   S
  </size>
  <color>
   Голубой
  </color>
  <material>
   Полиэстер
  </material>
  <price>
   676959
  </price>
  <rating>
   1.15
  </rating>
  <reviews>
   834332
  </reviews>
  <new>
   +
  </new>
  <exclusive>
   yes
  </exclusive>
  <sporty>
   no
  </sporty>
 </clothing>
 <clothing>
  <id>
   911535379
  </id>
  <name>
   Brooks Pants P-4677
  </name>
  <category>
   Pants
  </category>
  <size>
   M
  </size>
  <color>
   Желтый
  </color>
  <material>
   Лен
  </material>
  <price>
   281034
  </price>
  <rating>
   2.95
  </rating>
  <reviews>
   685123
  </reviews>
  <new>
   +
  </new>
  <exclusive>
   yes
  </exclusive>
  <sporty>
   no
  </sporty>
 </clothing>
 <clothing>
  <id>
   226590588
  </id>
  <name>
   Fila Jeans K-3973
  </name>
  <category>
   Jeans
  </category>
  <size>
   L
  </size>
  <color>
   Голубой
  </color>
  <material>
   Вискоза
  </material>
  <price>
   974254
  </price>
  <rating>
   1.64
  </rating>
  <reviews>
   874299
  </reviews>
  <new>
   +
  </new>
  <exclusive>
   yes
  </exclusive>
  <sporty>
   yes
  </sporty>
 </clothing>
 <clothing>
  <id>
   884677424
  </id>
  <name>
   Asics Gloves I-8630
  </name>
  <category>
   Gloves
  </category>
  <size>
   XXL
  </size>
  <color>
   Оранжевый
  </color>
  <material>
   Шелк
  </material>
  <price>
   913089
  </price>
  <rating>
   2.44
  </rating>
  <reviews>
   339290
  </reviews>
  <new>
   -
  </new>
  <exclusive>
   yes
  </exclusive>
 </clothing>
 <clothing>
  <id>
   288783538
  </id>
  <name>
   Under Armour Umbrellas H-9976
  </name>
  <category>
   Umbrellas
  </category>
  <size>
   S
  </size>
  <color>
   Фиолетовый
  </color>
  <material>
   Хлопок
  </material>
  <price>
   833432
  </price>
  <rating>
   4.21
  </rating>
  <reviews>
   363837
  </reviews>
  <new>
   -
  </new>
  <exclusive>
   no
  </exclusive>
 </clothing>
 <clothing>
  <id>
   685578892
  </id>
  <name>
   Fila Hat K-9224
  </name>
  <category>
   Hat
  </category>
  <size>
   XL
  </size>
  <color>
   Синий
  </color>
  <material>
   Вискоза
  </material>
  <price>
   422370
  </price>
  <rating>
   2.09
  </rating>
  <reviews>
   494401
  </reviews>
  <new>
   +
  </new>
  <exclusive>
   no
  </exclusive>
 </clothing>
 <clothing>
  <id>
   222380272
  </id>
  <name>
   PleinSport Gloves Y-7984
  </name>
  <category>
   Gloves
  </category>
  <size>
   L
  </size>
  <color>
   Желтый
  </color>
  <material>
   Шелк
  </material>
  <price>
   554114
  </price>
  <rating>
   2.43
  </rating>
  <reviews>
   344405
  </reviews>
  <new>
   +
  </new>
 </clothing>
 <clothing>
  <id>
   139027269
  </id>
  <name>
   Addidas Sweater G-4568
  </name>
  <category>
   Sweater
  </category>
  <size>
   L
  </size>
  <color>
   Желтый
  </color>
  <material>
   Шерсть
  </material>
  <price>
   374653
  </price>
  <rating>
   1.27
  </rating>
  <reviews>
   274069
  </reviews>
  <sporty>
   no
  </sporty>
 </clothing>
 <clothing>
  <id>
   236576951
  </id>
  <name>
   New Balance Sweater V-6468
  </name>
  <category>
   Sweater
  </category>
  <size>
   L
  </size>
  <color>
   Зеленый
  </color>
  <material>
   Шерсть
  </material>
  <price>
   763548
  </price>
  <rating>
   3.06
  </rating>
  <reviews>
   442377
  </reviews>
  <new>
   -
  </new>
 </clothing>
 <clothing>
  <id>
   498926159
  </id>
  <name>
   PleinSport Gloves G-6336
  </name>
  <category>
   Gloves
  </category>
  <size>
   S
  </size>
  <color>
   Оранжевый
  </color>
  <material>
   Кожа
  </material>
  <price>
   666230
  </price>
  <rating>
   1.96
  </rating>
  <reviews>
   785618
  </reviews>
  <exclusive>
   no
  </exclusive>
 </clothing>
 <clothing>
  <id>
   834086071
  </id>
  <name>
   Converse Belts W-3213
  </name>
  <category>
   Belts
  </category>
  <size>
   XL
  </size>
  <color>
   Желтый
  </color>
  <material>
   Хлопок
  </material>
  <price>
   706236
  </price>
  <rating>
   4.63
  </rating>
  <reviews>
   130232
  </reviews>
  <new>
   -
  </new>
  <sporty>
   no
  </sporty>
 </clothing>
 <clothing>
  <id>
   505679708
  </id>
  <name>
   Fila Jacket X-1510
  </name>
  <category>
   Jacket
  </category>
  <size>
   M
  </size>
  <color>
   Желтый
  </color>
  <material>
   Шерсть
  </material>
  <price>
   255070
  </price>
  <rating>
   1.07
  </rating>
  <reviews>
   88231
  </reviews>
  <exclusive>
   yes
  </exclusive>
  <sporty>
   yes
  </sporty>
 </clothing>
 <clothing>
  <id>
   389839400
  </id>
  <name>
   Under Armour Umbrellas F-2843
  </name>
  <category>
   Umbrellas
  </category>
  <size>
   S
  </size>
  <color>
   Зеленый
  </color>
  <material>
   Хлопок
  </material>
  <price>
   605833
  </price>
  <rating>
   2.15
  </rating>
  <reviews>
   34278
  </reviews>
  <new>
   +
  </new>
  <sporty>
   yes
  </sporty>
 </clothing>
 <clothing>
  <id>
   146777033
  </id>
  <name>
   Under Armour T-shirt O-1854
  </name>
  <category>
   T-shirt
  </category>
  <size>
   M
  </size>
  <color>
   Красный
  </color>
  <material>
   Кожа
  </material>
  <price>
   794255
  </price>
  <rating>
   2.33
  </rating>
  <reviews>
   269584
  </reviews>
  <new>
   +
  </new>
  <sporty>
   no
  </sporty>
 </clothing>
 <clothing>
  <id>
   377224007
  </id>
  <name>
   Addidas Jeans N-3910
  </name>
  <category>
   Jeans
  </category>
  <size>
   L
  </size>
  <color>
   Оранжевый
  </color>
  <material>
   Нейлон
  </material>
  <price>
   454251
  </price>
  <rating>
   1.0
  </rating>
  <reviews>
   244308
  </reviews>
  <exclusive>
   no
  </exclusive>
  <sporty>
   no
  </sporty>
 </clothing>
 <clothing>
  <id>
   218830824
  </id>
  <name>
   Vans Handbags K-4967
  </name>
  <category>
   Handbags
  </category>
  <size>
   XL
  </size>
  <color>
   Голубой
  </color>
  <material>
   Кожа
  </material>
  <price>
   944127
  </price>
  <rating>
   3.97
  </rating>
  <reviews>
   586157
  </reviews>
  <exclusive>
   no
  </exclusive>
  <sporty>
   no
  </sporty>
 </clothing>
 <clothing>
  <id>
   202210478
  </id>
  <name>
   Puma Hat X-7531
  </name>
  <category>
   Hat
  </category>
  <size>
   L
  </size>
  <color>
   Голубой
  </color>
  <material>
   Шелк
  </material>
  <price>
   159574
  </price>
  <rating>
   2.19
  </rating>
  <reviews>
   245745
  </reviews>
  <exclusive>
   no
  </exclusive>
  <sporty>
   yes
  </sporty>
 </clothing>
 <clothing>
  <id>
   176689470
  </id>
  <name>
   Under Armour Blouse U-5339
  </name>
  <category>
   Blouse
  </category>
  <size>
   XL
  </size>
  <color>
   Желтый
  </color>
  <material>
   Лен
  </material>
  <price>
   448609
  </price>
  <rating>
   1.73
  </rating>
  <reviews>
   18893
  </reviews>
  <exclusive>
   yes
  </exclusive>
  <sporty>
   no
  </sporty>
 </clothing>
 <clothing>
  <id>
   476550018
  </id>
  <name>
   Vans Blouse X-6483
  </name>
  <category>
   Blouse
  </category>
  <size>
   M
  </size>
  <color>
   Оранжевый
  </color>
  <material>
   Вискоза
  </material>
  <price>
   960486
  </price>
  <rating>
   2.0
  </rating>
  <reviews>
   345433
  </reviews>
  <new>
   +
  </new>
  <exclusive>
   yes
  </exclusive>
 </clothing>
 <clothing>
  <id>
   392878121
  </id>
  <name>
   Puma Socks I-2918
  </name>
  <category>
   Socks
  </category>
  <size>
   S
  </size>
  <color>
   Желтый
  </color>
  <material>
   Нейлон
  </material>
  <price>
   334316
  </price>
  <rating>
   3.41
  </rating>
  <reviews>
   434297
  </reviews>
  <new>
   -
  </new>
  <exclusive>
   yes
  </exclusive>
  <sporty>
   no
  </sporty>
 </clothing>
 <clothing>
  <id>
   578911541
  </id>
  <name>
   Vans Pants B-9625
  </name>
  <category>
   Pants
  </category>
  <size>
   XXL
  </size>
  <color>
   Фиолетовый
  </color>
  <material>
   Кожа
  </material>
  <price>
   317563
  </price>
  <rating>
   2.53
  </rating>
  <reviews>
   168253
  </reviews>
  <new>
   -
  </new>
  <exclusive>
   yes
  </exclusive>
 </clothing>
 <clothing>
  <id>
   510534055
  </id>
  <name>
   Under Armour Hat L-9482
  </name>
  <category>
   Hat
  </category>
  <size>
   S
  </size>
  <color>
   Оранжевый
  </color>
  <material>
   Полиэстер
  </material>
  <price>
   529840
  </price>
  <rating>
   3.65
  </rating>
  <reviews>
   49856
  </reviews>
  <new>
   +
  </new>
  <sporty>
   yes
  </sporty>
 </clothing>
 <clothing>
  <id>
   389302744
  </id>
  <name>
   DC Blouse E-8326
  </name>
  <category>
   Blouse
  </category>
  <size>
   S
  </size>
  <color>
   Зеленый
  </color>
  <material>
   Кожа
  </material>
  <price>
   561038
  </price>
  <rating>
   2.88
  </rating>
  <reviews>
   756668
  </reviews>
  <new>
   +
  </new>
  <sporty>
   no
  </sporty>
 </clothing>
 <clothing>
  <id>
   995415111
  </id>
  <name>
   Brooks Skirt N-1868
  </name>
  <category>
   Skirt
  </category>
  <size>
   XXL
  </size>
  <color>
   Красный
  </color>
  <material>
   Шерсть
  </material>
  <price>
   454427
  </price>
  <rating>
   4.57
  </rating>
  <reviews>
   783858
  </reviews>
  <exclusive>
   yes
  </exclusive>
 </clothing>
 <clothing>
  <id>
   423842320
  </id>
  <name>
   PleinSport Pants I-3784
  </name>
  <category>
   Pants
  </category>
  <size>
   L
  </size>
  <color>
   Красный
  </color>
  <material>
   Полиэстер
  </material>
  <price>
   215232
  </price>
  <rating>
   1.52
  </rating>
  <reviews>
   94699
  </reviews>
  <new>
   -
  </new>
  <exclusive>
   yes
  </exclusive>
  <sporty>
   yes
  </sporty>
 </clothing>
 <clothing>
  <id>
   568451020
  </id>
  <name>
   DC Hat O-6108
  </name>
  <category>
   Hat
  </category>
  <size>
   XXL
  </size>
  <color>
   Желтый
  </color>
  <material>
   Кожа
  </material>
  <price>
   833803
  </price>
  <rating>
   3.56
  </rating>
  <reviews>
   342802
  </reviews>
  <new>
   -
  </new>
  <sporty>
   yes
  </sporty>
 </clothing>
 <clothing>
  <id>
   180818288
  </id>
  <name>
   New Balance Jacket Z-1125
  </name>
  <category>
   Jacket
  </category>
  <size>
   M
  </size>
  <color>
   Красный
  </color>
  <material>
   Полиэстер
  </material>
  <price>
   764986
  </price>
  <rating>
   1.11
  </rating>
  <reviews>
   840706
  </reviews>
  <new>
   -
  </new>
 </clothing>
 <clothing>
  <id>
   997763316
  </id>
  <name>
   Puma Hat G-9661
  </name>
  <category>
   Hat
  </category>
  <size>
   M
  </size>
  <color>
   Желтый
  </color>
  <material>
   Кожа
  </material>
  <price>
   106685
  </price>
  <rating>
   4.97
  </rating>
  <reviews>
   543380
  </reviews>
 </clothing>
 <clothing>
  <id>
   846058321
  </id>
  <name>
   Converse Skirt Z-2133
  </name>
  <category>
   Skirt
  </category>
  <size>
   M
  </size>
  <color>
   Оранжевый
  </color>
  <material>
   Полиэстер
  </material>
  <price>
   544788
  </price>
  <rating>
   4.66
  </rating>
  <reviews>
   671633
  </reviews>
  <exclusive>
   no
  </exclusive>
  <sporty>
   yes
  </sporty>
 </clothing>
 <clothing>
  <id>
   252270099
  </id>
  <name>
   Fila Belts J-8909
  </name>
  <category>
   Belts
  </category>
  <size>
   XL
  </size>
  <color>
   Зеленый
  </color>
  <material>
   Полиэстер
  </material>
  <price>
   454779
  </price>
  <rating>
   1.39
  </rating>
  <reviews>
   927163
  </reviews>
  <exclusive>
   no
  </exclusive>
 </clothing>
 <clothing>
  <id>
   871208319
  </id>
  <name>
   New Balance Shoes W-8274
  </name>
  <category>
   Shoes
  </category>
  <size>
   XXL
  </size>
  <color>
   Фиолетовый
  </color>
  <material>
   Шерсть
  </material>
  <price>
   748004
  </price>
  <rating>
   4.92
  </rating>
  <reviews>
   396243
  </reviews>
  <exclusive>
   no
  </exclusive>
  <sporty>
   no
  </sporty>
 </clothing>
 <clothing>
  <id>
   622801019
  </id>
  <name>
   Brooks Socks H-9282
  </name>
  <category>
   Socks
  </category>
  <size>
   M
  </size>
  <color>
   Голубой
  </color>
  <material>
   Лен
  </material>
  <price>
   467521
  </price>
  <rating>
   4.86
  </rating>
  <reviews>
   427286
  </reviews>
  <exclusive>
   no
  </exclusive>
 </clothing>
 <clothing>
  <id>
   727405364
  </id>
  <name>
   PleinSport Dress F-7186
  </name>
  <category>
   Dress
  </category>
  <size>
   S
  </size>
  <color>
   Желтый
  </color>
  <material>
   Лен
  </material>
  <price>
   657276
  </price>
  <rating>
   1.9
  </rating>
  <reviews>
   958777
  </reviews>
  <exclusive>
   no
  </exclusive>
  <sporty>
   no
  </sporty>
 </clothing>
 <clothing>
  <id>
   857035473
  </id>
  <name>
   Fila Shirt S-2530
  </name>
  <category>
   Shirt
  </category>
  <size>
   XL
  </size>
  <color>
   Зеленый
  </color>
  <material>
   Вискоза
  </material>
  <price>
   532425
  </price>
  <rating>
   1.6
  </rating>
  <reviews>
   697268
  </reviews>
  <new>
   +
  </new>
  <exclusive>
   no
  </exclusive>
 </clothing>
 <clothing>
  <id>
   539891971
  </id>
  <name>
   Adidas T-shirt Z-6432
  </name>
  <category>
   T-shirt
  </category>
  <size>
   S
  </size>
  <color>
   Оранжевый
  </color>
  <material>
   Полиэстер
  </material>
  <price>
   972436
  </price>
  <rating>
   2.37
  </rating>
  <reviews>
   363803
  </reviews>
  <new>
   -
  </new>
  <exclusive>
   yes
  </exclusive>
 </clothing>
</clothing-items>
