<?xml version="1.0" encoding="utf-8"?>
<clothing-items>
 <clothing>
  <id>
   120836947
  </id>
  <name>
   Addidas Shirt G-2140
  </name>
  <category>
   Shirt
  </category>
  <size>
   M
  </size>
  <color>
   Голубой
  </color>
  <material>
   Хлопок
  </material>
  <price>
   666578
  </price>
  <rating>
   2.5
  </rating>
  <reviews>
   723711
  </reviews>
  <new>
   +
  </new>
  <sporty>
   no
  </sporty>
 </clothing>
 <clothing>
  <id>
   836204987
  </id>
  <name>
   PleinSport Belts Y-4314
  </name>
  <category>
   Belts
  </category>
  <size>
   M
  </size>
  <color>
   Оранжевый
  </color>
  <material>
   Вискоза
  </material>
  <price>
   317123
  </price>
  <rating>
   1.42
  </rating>
  <reviews>
   236512
  </reviews>
  <new>
   +
  </new>
  <sporty>
   yes
  </sporty>
 </clothing>
 <clothing>
  <id>
   606930719
  </id>
  <name>
   Fila Socks L-7572
  </name>
  <category>
   Socks
  </category>
  <size>
   M
  </size>
  <color>
   Желтый
  </color>
  <material>
   Вискоза
  </material>
  <price>
   840730
  </price>
  <rating>
   3.26
  </rating>
  <reviews>
   84227
  </reviews>
  <new>
   +
  </new>
  <sporty>
   yes
  </sporty>
 </clothing>
 <clothing>
  <id>
   703621707
  </id>
  <name>
   New Balance Umbrellas F-1442
  </name>
  <category>
   Umbrellas
  </category>
  <size>
   XL
  </size>
  <color>
   Красный
  </color>
  <material>
   Вискоза
  </material>
  <price>
   391096
  </price>
  <rating>
   2.22
  </rating>
  <reviews>
   118600
  </reviews>
  <new>
   -
  </new>
  <sporty>
   no
  </sporty>
 </clothing>
 <clothing>
  <id>
   947894304
  </id>
  <name>
   Under Armour Skirt W-4342
  </name>
  <category>
   Skirt
  </category>
  <size>
   S
  </size>
  <color>
   Желтый
  </color>
  <material>
   Шелк
  </material>
  <price>
   728955
  </price>
  <rating>
   2.29
  </rating>
  <reviews>
   646055
  </reviews>
  <new>
   -
  </new>
 </clothing>
 <clothing>
  <id>
   315116400
  </id>
  <name>
   Vans Gloves S-3123
  </name>
  <category>
   Gloves
  </category>
  <size>
   S
  </size>
  <color>
   Голубой
  </color>
  <material>
   Лен
  </material>
  <price>
   456472
  </price>
  <rating>
   4.76
  </rating>
  <reviews>
   323630
  </reviews>
  <new>
   -
  </new>
 </clothing>
 <clothing>
  <id>
   285986266
  </id>
  <name>
   Adidas Umbrellas A-6666
  </name>
  <category>
   Umbrellas
  </category>
  <size>
   S
  </size>
  <color>
   Синий
  </color>
  <material>
   Лен
  </material>
  <price>
   992554
  </price>
  <rating>
   4.67
  </rating>
  <reviews>
   237265
  </reviews>
  <new>
   -
  </new>
  <exclusive>
   yes
  </exclusive>
  <sporty>
   no
  </sporty>
 </clothing>
 <clothing>
  <id>
   158887707
  </id>
  <name>
   Fila Hat Z-6495
  </name>
  <category>
   Hat
  </category>
  <size>
   L
  </size>
  <color>
   Синий
  </color>
  <material>
   Лен
  </material>
  <price>
   377595
  </price>
  <rating>
   2.52
  </rating>
  <reviews>
   32221
  </reviews>
  <sporty>
   no
  </sporty>
 </clothing>
 <clothing>
  <id>
   127975445
  </id>
  <name>
   Nike Dress K-3708
  </name>
  <category>
   Dress
  </category>
  <size>
   L
  </size>
  <color>
   Голубой
  </color>
  <material>
   Шерсть
  </material>
  <price>
   383828
  </price>
  <rating>
   2.1
  </rating>
  <reviews>
   277418
  </reviews>
  <new>
   -
  </new>
  <exclusive>
   yes
  </exclusive>
  <sporty>
   yes
  </sporty>
 </clothing>
 <clothing>
  <id>
   370459457
  </id>
  <name>
   Ellesse Skirt J-7128
  </name>
  <category>
   Skirt
  </category>
  <size>
   L
  </size>
  <color>
   Фиолетовый
  </color>
  <material>
   Шелк
  </material>
  <price>
   885545
  </price>
  <rating>
   1.62
  </rating>
  <reviews>
   184168
  </reviews>
  <sporty>
   no
  </sporty>
 </clothing>
 <clothing>
  <id>
   351881184
  </id>
  <name>
   Lacoste Jacket T-6026
  </name>
  <category>
   Jacket
  </category>
  <size>
   M
  </size>
  <color>
   Фиолетовый
  </color>
  <material>
   Нейлон
  </material>
  <price>
   729033
  </price>
  <rating>
   1.48
  </rating>
  <reviews>
   767502
  </reviews>
  <exclusive>
   no
  </exclusive>
  <sporty>
   no
  </sporty>
 </clothing>
 <clothing>
  <id>
   441980024
  </id>
  <name>
   Nike Hat C-4607
  </name>
  <category>
   Hat
  </category>
  <size>
   XL
  </size>
  <color>
   Оранжевый
  </color>
  <material>
   Кожа
  </material>
  <price>
   981598
  </price>
  <rating>
   1.69
  </rating>
  <reviews>
   763070
  </reviews>
 </clothing>
 <clothing>
  <id>
   233895659
  </id>
  <name>
   Converse Shoes E-7416
  </name>
  <category>
   Shoes
  </category>
  <size>
   XL
  </size>
  <color>
   Красный
  </color>
  <material>
   Шерсть
  </material>
  <price>
   389833
  </price>
  <rating>
   3.88
  </rating>
  <reviews>
   917225
  </reviews>
  <new>
   -
  </new>
  <sporty>
   no
  </sporty>
 </clothing>
 <clothing>
  <id>
   532101916
  </id>
  <name>
   Lacoste Shoes I-3900
  </name>
  <category>
   Shoes
  </category>
  <size>
   XL
  </size>
  <color>
   Оранжевый
  </color>
  <material>
   Шелк
  </material>
  <price>
   805521
  </price>
  <rating>
   2.85
  </rating>
  <reviews>
   421415
  </reviews>
  <new>
   -
  </new>
  <exclusive>
   no
  </exclusive>
 </clothing>
 <clothing>
  <id>
   180210294
  </id>
  <name>
   Addidas Dress O-1806
  </name>
  <category>
   Dress
  </category>
  <size>
   XL
  </size>
  <color>
   Голубой
  </color>
  <material>
   Нейлон
  </material>
  <price>
   952819
  </price>
  <rating>
   3.28
  </rating>
  <reviews>
   570158
  </reviews>
  <exclusive>
   yes
  </exclusive>
  <sporty>
   yes
  </sporty>
 </clothing>
 <clothing>
  <id>
   172827472
  </id>
  <name>
   Brooks Shirt F-5240
  </name>
  <category>
   Shirt
  </category>
  <size>
   L
  </size>
  <color>
   Желтый
  </color>
  <material>
   Полиэстер
  </material>
  <price>
   105730
  </price>
  <rating>
   2.13
  </rating>
  <reviews>
   407621
  </reviews>
  <new>
   -
  </new>
 </clothing>
 <clothing>
  <id>
   240235850
  </id>
  <name>
   Asics Pants X-2367
  </name>
  <category>
   Pants
  </category>
  <size>
   XL
  </size>
  <color>
   Желтый
  </color>
  <material>
   Шелк
  </material>
  <price>
   999265
  </price>
  <rating>
   1.66
  </rating>
  <reviews>
   222819
  </reviews>
 </clothing>
 <clothing>
  <id>
   893008780
  </id>
  <name>
   Lacoste Sweater T-6250
  </name>
  <category>
   Sweater
  </category>
  <size>
   XL
  </size>
  <color>
   Красный
  </color>
  <material>
   Нейлон
  </material>
  <price>
   932812
  </price>
  <rating>
   3.73
  </rating>
  <reviews>
   311460
  </reviews>
  <sporty>
   yes
  </sporty>
 </clothing>
 <clothing>
  <id>
   642432143
  </id>
  <name>
   Addidas Shoes J-5615
  </name>
  <category>
   Shoes
  </category>
  <size>
   XXL
  </size>
  <color>
   Желтый
  </color>
  <material>
   Шерсть
  </material>
  <price>
   827558
  </price>
  <rating>
   2.85
  </rating>
  <reviews>
   420183
  </reviews>
  <new>
   -
  </new>
  <exclusive>
   yes
  </exclusive>
  <sporty>
   no
  </sporty>
 </clothing>
</clothing-items>
