<?xml version="1.0" encoding="utf-8"?>
<clothing-items>
 <clothing>
  <id>
   259590390
  </id>
  <name>
   DC Belts E-1412
  </name>
  <category>
   Belts
  </category>
  <size>
   M
  </size>
  <color>
   Желтый
  </color>
  <material>
   Вискоза
  </material>
  <price>
   578456
  </price>
  <rating>
   2.32
  </rating>
  <reviews>
   720546
  </reviews>
  <exclusive>
   no
  </exclusive>
  <sporty>
   no
  </sporty>
 </clothing>
 <clothing>
  <id>
   527924545
  </id>
  <name>
   Nike Handbags D-7448
  </name>
  <category>
   Handbags
  </category>
  <size>
   XXL
  </size>
  <color>
   Синий
  </color>
  <material>
   Полиэстер
  </material>
  <price>
   959050
  </price>
  <rating>
   1.91
  </rating>
  <reviews>
   815431
  </reviews>
  <new>
   -
  </new>
  <exclusive>
   yes
  </exclusive>
  <sporty>
   yes
  </sporty>
 </clothing>
 <clothing>
  <id>
   650370137
  </id>
  <name>
   PleinSport Pants S-4425
  </name>
  <category>
   Pants
  </category>
  <size>
   XL
  </size>
  <color>
   Зеленый
  </color>
  <material>
   Кожа
  </material>
  <price>
   347769
  </price>
  <rating>
   2.91
  </rating>
  <reviews>
   911036
  </reviews>
  <exclusive>
   no
  </exclusive>
 </clothing>
 <clothing>
  <id>
   523907220
  </id>
  <name>
   Vans Shoes N-2414
  </name>
  <category>
   Shoes
  </category>
  <size>
   XXL
  </size>
  <color>
   Красный
  </color>
  <material>
   Шелк
  </material>
  <price>
   880947
  </price>
  <rating>
   3.55
  </rating>
  <reviews>
   736888
  </reviews>
  <exclusive>
   no
  </exclusive>
 </clothing>
 <clothing>
  <id>
   487970493
  </id>
  <name>
   Lacoste Gloves J-3981
  </name>
  <category>
   Gloves
  </category>
  <size>
   XXL
  </size>
  <color>
   Оранжевый
  </color>
  <material>
   Вискоза
  </material>
  <price>
   324776
  </price>
  <rating>
   4.33
  </rating>
  <reviews>
   86239
  </reviews>
  <new>
   -
  </new>
 </clothing>
 <clothing>
  <id>
   730805754
  </id>
  <name>
   Puma Handbags A-2164
  </name>
  <category>
   Handbags
  </category>
  <size>
   L
  </size>
  <color>
   Синий
  </color>
  <material>
   Кожа
  </material>
  <price>
   519938
  </price>
  <rating>
   3.25
  </rating>
  <reviews>
   873395
  </reviews>
  <new>
   -
  </new>
  <exclusive>
   yes
  </exclusive>
 </clothing>
 <clothing>
  <id>
   176083572
  </id>
  <name>
   PleinSport Pants V-2977
  </name>
  <category>
   Pants
  </category>
  <size>
   M
  </size>
  <color>
   Красный
  </color>
  <material>
   Кожа
  </material>
  <price>
   571269
  </price>
  <rating>
   1.03
  </rating>
  <reviews>
   201785
  </reviews>
  <new>
   -
  </new>
  <exclusive>
   yes
  </exclusive>
  <sporty>
   yes
  </sporty>
 </clothing>
 <clothing>
  <id>
   855297713
  </id>
  <name>
   Adidas Handbags B-5751
  </name>
  <category>
   Handbags
  </category>
  <size>
   XL
  </size>
  <color>
   Красный
  </color>
  <material>
   Шерсть
  </material>
  <price>
   257199
  </price>
  <rating>
   1.64
  </rating>
  <reviews>
   120786
  </reviews>
  <new>
   -
  </new>
  <exclusive>
   no
  </exclusive>
  <sporty>
   no
  </sporty>
 </clothing>
 <clothing>
  <id>
   337919001
  </id>
  <name>
   Lacoste Sweater P-8670
  </name>
  <category>
   Sweater
  </category>
  <size>
   XL
  </size>
  <color>
   Голубой
  </color>
  <material>
   Нейлон
  </material>
  <price>
   908324
  </price>
  <rating>
   1.12
  </rating>
  <reviews>
   246609
  </reviews>
  <new>
   -
  </new>
 </clothing>
 <clothing>
  <id>
   401249595
  </id>
  <name>
   Lacoste Belts V-2064
  </name>
  <category>
   Belts
  </category>
  <size>
   XXL
  </size>
  <color>
   Желтый
  </color>
  <material>
   Шелк
  </material>
  <price>
   184158
  </price>
  <rating>
   1.44
  </rating>
  <reviews>
   92439
  </reviews>
  <new>
   -
  </new>
  <exclusive>
   no
  </exclusive>
 </clothing>
 <clothing>
  <id>
   363623960
  </id>
  <name>
   Fila Gloves S-1564
  </name>
  <category>
   Gloves
  </category>
  <size>
   L
  </size>
  <color>
   Синий
  </color>
  <material>
   Нейлон
  </material>
  <price>
   636888
  </price>
  <rating>
   4.87
  </rating>
  <reviews>
   534585
  </reviews>
  <new>
   +
  </new>
  <exclusive>
   yes
  </exclusive>
 </clothing>
 <clothing>
  <id>
   821024167
  </id>
  <name>
   DC Shoes S-1810
  </name>
  <category>
   Shoes
  </category>
  <size>
   S
  </size>
  <color>
   Красный
  </color>
  <material>
   Лен
  </material>
  <price>
   783597
  </price>
  <rating>
   2.6
  </rating>
  <reviews>
   846788
  </reviews>
 </clothing>
 <clothing>
  <id>
   767460791
  </id>
  <name>
   Adidas Handbags L-8629
  </name>
  <category>
   Handbags
  </category>
  <size>
   XXL
  </size>
  <color>
   Фиолетовый
  </color>
  <material>
   Шелк
  </material>
  <price>
   546275
  </price>
  <rating>
   2.55
  </rating>
  <reviews>
   461828
  </reviews>
  <exclusive>
   no
  </exclusive>
  <sporty>
   no
  </sporty>
 </clothing>
 <clothing>
  <id>
   337479946
  </id>
  <name>
   PleinSport Hat D-6845
  </name>
  <category>
   Hat
  </category>
  <size>
   L
  </size>
  <color>
   Синий
  </color>
  <material>
   Лен
  </material>
  <price>
   192667
  </price>
  <rating>
   3.61
  </rating>
  <reviews>
   528417
  </reviews>
  <new>
   -
  </new>
  <sporty>
   no
  </sporty>
 </clothing>
 <clothing>
  <id>
   302145642
  </id>
  <name>
   PleinSport Hat L-3032
  </name>
  <category>
   Hat
  </category>
  <size>
   XXL
  </size>
  <color>
   Оранжевый
  </color>
  <material>
   Вискоза
  </material>
  <price>
   639624
  </price>
  <rating>
   3.19
  </rating>
  <reviews>
   609900
  </reviews>
  <new>
   +
  </new>
  <exclusive>
   no
  </exclusive>
 </clothing>
 <clothing>
  <id>
   664114746
  </id>
  <name>
   Under Armour Gloves A-3276
  </name>
  <category>
   Gloves
  </category>
  <size>
   L
  </size>
  <color>
   Фиолетовый
  </color>
  <material>
   Лен
  </material>
  <price>
   873285
  </price>
  <rating>
   4.69
  </rating>
  <reviews>
   126642
  </reviews>
  <new>
   +
  </new>
  <exclusive>
   no
  </exclusive>
 </clothing>
 <clothing>
  <id>
   728188447
  </id>
  <name>
   PleinSport T-shirt T-7905
  </name>
  <category>
   T-shirt
  </category>
  <size>
   L
  </size>
  <color>
   Голубой
  </color>
  <material>
   Шерсть
  </material>
  <price>
   481739
  </price>
  <rating>
   4.21
  </rating>
  <reviews>
   111916
  </reviews>
  <new>
   +
  </new>
  <exclusive>
   no
  </exclusive>
 </clothing>
 <clothing>
  <id>
   578585346
  </id>
  <name>
   Reebok Belts X-4453
  </name>
  <category>
   Belts
  </category>
  <size>
   XXL
  </size>
  <color>
   Зеленый
  </color>
  <material>
   Шелк
  </material>
  <price>
   432941
  </price>
  <rating>
   2.62
  </rating>
  <reviews>
   992379
  </reviews>
  <sporty>
   no
  </sporty>
 </clothing>
 <clothing>
  <id>
   285984251
  </id>
  <name>
   Under Armour Shoes R-5776
  </name>
  <category>
   Shoes
  </category>
  <size>
   S
  </size>
  <color>
   Голубой
  </color>
  <material>
   Кожа
  </material>
  <price>
   738079
  </price>
  <rating>
   2.33
  </rating>
  <reviews>
   22358
  </reviews>
  <new>
   +
  </new>
  <exclusive>
   no
  </exclusive>
  <sporty>
   no
  </sporty>
 </clothing>
 <clothing>
  <id>
   814144399
  </id>
  <name>
   Lacoste Jeans Y-5091
  </name>
  <category>
   Jeans
  </category>
  <size>
   XL
  </size>
  <color>
   Синий
  </color>
  <material>
   Вискоза
  </material>
  <price>
   417788
  </price>
  <rating>
   3.77
  </rating>
  <reviews>
   16172
  </reviews>
  <new>
   +
  </new>
  <sporty>
   no
  </sporty>
 </clothing>
 <clothing>
  <id>
   505062097
  </id>
  <name>
   Lacoste Jacket Z-3812
  </name>
  <category>
   Jacket
  </category>
  <size>
   S
  </size>
  <color>
   Красный
  </color>
  <material>
   Кожа
  </material>
  <price>
   957962
  </price>
  <rating>
   3.88
  </rating>
  <reviews>
   197169
  </reviews>
  <sporty>
   yes
  </sporty>
 </clothing>
 <clothing>
  <id>
   795902878
  </id>
  <name>
   Puma Socks L-4228
  </name>
  <category>
   Socks
  </category>
  <size>
   XL
  </size>
  <color>
   Оранжевый
  </color>
  <material>
   Шерсть
  </material>
  <price>
   598162
  </price>
  <rating>
   3.26
  </rating>
  <reviews>
   378551
  </reviews>
  <new>
   -
  </new>
  <exclusive>
   no
  </exclusive>
 </clothing>
 <clothing>
  <id>
   422705648
  </id>
  <name>
   Reebok Umbrellas N-4624
  </name>
  <category>
   Umbrellas
  </category>
  <size>
   M
  </size>
  <color>
   Оранжевый
  </color>
  <material>
   Шелк
  </material>
  <price>
   565920
  </price>
  <rating>
   4.54
  </rating>
  <reviews>
   158110
  </reviews>
 </clothing>
 <clothing>
  <id>
   503881569
  </id>
  <name>
   Vans Dress D-7941
  </name>
  <category>
   Dress
  </category>
  <size>
   XL
  </size>
  <color>
   Голубой
  </color>
  <material>
   Полиэстер
  </material>
  <price>
   594816
  </price>
  <rating>
   2.02
  </rating>
  <reviews>
   4963
  </reviews>
  <exclusive>
   yes
  </exclusive>
  <sporty>
   yes
  </sporty>
 </clothing>
 <clothing>
  <id>
   342891721
  </id>
  <name>
   Asics Blouse Q-3624
  </name>
  <category>
   Blouse
  </category>
  <size>
   XL
  </size>
  <color>
   Красный
  </color>
  <material>
   Лен
  </material>
  <price>
   991571
  </price>
  <rating>
   2.01
  </rating>
  <reviews>
   137113
  </reviews>
 </clothing>
 <clothing>
  <id>
   687861518
  </id>
  <name>
   Fila Shirt Q-7126
  </name>
  <category>
   Shirt
  </category>
  <size>
   S
  </size>
  <color>
   Красный
  </color>
  <material>
   Лен
  </material>
  <price>
   371258
  </price>
  <rating>
   3.77
  </rating>
  <reviews>
   102235
  </reviews>
  <new>
   -
  </new>
 </clothing>
 <clothing>
  <id>
   881523238
  </id>
  <name>
   DC Gloves W-6908
  </name>
  <category>
   Gloves
  </category>
  <size>
   XL
  </size>
  <color>
   Синий
  </color>
  <material>
   Нейлон
  </material>
  <price>
   303148
  </price>
  <rating>
   1.02
  </rating>
  <reviews>
   630227
  </reviews>
  <exclusive>
   yes
  </exclusive>
 </clothing>
 <clothing>
  <id>
   471837851
  </id>
  <name>
   Brooks Umbrellas E-3713
  </name>
  <category>
   Umbrellas
  </category>
  <size>
   M
  </size>
  <color>
   Синий
  </color>
  <material>
   Полиэстер
  </material>
  <price>
   637888
  </price>
  <rating>
   2.3
  </rating>
  <reviews>
   921622
  </reviews>
  <exclusive>
   no
  </exclusive>
 </clothing>
 <clothing>
  <id>
   286876407
  </id>
  <name>
   Addidas T-shirt Z-6165
  </name>
  <category>
   T-shirt
  </category>
  <size>
   L
  </size>
  <color>
   Желтый
  </color>
  <material>
   Вискоза
  </material>
  <price>
   618555
  </price>
  <rating>
   2.29
  </rating>
  <reviews>
   175865
  </reviews>
  <exclusive>
   no
  </exclusive>
  <sporty>
   no
  </sporty>
 </clothing>
 <clothing>
  <id>
   160904494
  </id>
  <name>
   DC T-shirt V-1679
  </name>
  <category>
   T-shirt
  </category>
  <size>
   M
  </size>
  <color>
   Красный
  </color>
  <material>
   Полиэстер
  </material>
  <price>
   500192
  </price>
  <rating>
   4.38
  </rating>
  <reviews>
   454508
  </reviews>
  <new>
   +
  </new>
  <exclusive>
   yes
  </exclusive>
 </clothing>
 <clothing>
  <id>
   501226728
  </id>
  <name>
   Ellesse Sweater K-4511
  </name>
  <category>
   Sweater
  </category>
  <size>
   S
  </size>
  <color>
   Фиолетовый
  </color>
  <material>
   Лен
  </material>
  <price>
   608425
  </price>
  <rating>
   4.33
  </rating>
  <reviews>
   248221
  </reviews>
  <exclusive>
   no
  </exclusive>
  <sporty>
   yes
  </sporty>
 </clothing>
 <clothing>
  <id>
   355567410
  </id>
  <name>
   New Balance Belts H-4862
  </name>
  <category>
   Belts
  </category>
  <size>
   XXL
  </size>
  <color>
   Желтый
  </color>
  <material>
   Хлопок
  </material>
  <price>
   562868
  </price>
  <rating>
   2.49
  </rating>
  <reviews>
   333142
  </reviews>
  <new>
   -
  </new>
  <exclusive>
   no
  </exclusive>
  <sporty>
   yes
  </sporty>
 </clothing>
 <clothing>
  <id>
   350785396
  </id>
  <name>
   Under Armour T-shirt U-1190
  </name>
  <category>
   T-shirt
  </category>
  <size>
   L
  </size>
  <color>
   Оранжевый
  </color>
  <material>
   Лен
  </material>
  <price>
   547476
  </price>
  <rating>
   2.81
  </rating>
  <reviews>
   929020
  </reviews>
  <exclusive>
   yes
  </exclusive>
  <sporty>
   no
  </sporty>
 </clothing>
 <clothing>
  <id>
   345012388
  </id>
  <name>
   Under Armour Belts J-3676
  </name>
  <category>
   Belts
  </category>
  <size>
   L
  </size>
  <color>
   Синий
  </color>
  <material>
   Полиэстер
  </material>
  <price>
   589340
  </price>
  <rating>
   4.07
  </rating>
  <reviews>
   504808
  </reviews>
  <new>
   +
  </new>
  <exclusive>
   no
  </exclusive>
  <sporty>
   yes
  </sporty>
 </clothing>
 <clothing>
  <id>
   222474786
  </id>
  <name>
   Reebok Socks A-2321
  </name>
  <category>
   Socks
  </category>
  <size>
   XL
  </size>
  <color>
   Голубой
  </color>
  <material>
   Полиэстер
  </material>
  <price>
   136616
  </price>
  <rating>
   2.97
  </rating>
  <reviews>
   825439
  </reviews>
  <new>
   -
  </new>
 </clothing>
 <clothing>
  <id>
   945675885
  </id>
  <name>
   Addidas Shirt I-9725
  </name>
  <category>
   Shirt
  </category>
  <size>
   L
  </size>
  <color>
   Красный
  </color>
  <material>
   Кожа
  </material>
  <price>
   578501
  </price>
  <rating>
   4.46
  </rating>
  <reviews>
   440217
  </reviews>
  <exclusive>
   no
  </exclusive>
  <sporty>
   no
  </sporty>
 </clothing>
 <clothing>
  <id>
   491627678
  </id>
  <name>
   New Balance Gloves U-9344
  </name>
  <category>
   Gloves
  </category>
  <size>
   XL
  </size>
  <color>
   Голубой
  </color>
  <material>
   Шерсть
  </material>
  <price>
   361864
  </price>
  <rating>
   4.66
  </rating>
  <reviews>
   405734
  </reviews>
  <new>
   -
  </new>
  <sporty>
   yes
  </sporty>
 </clothing>
 <clothing>
  <id>
   504134214
  </id>
  <name>
   Reebok Socks O-6299
  </name>
  <category>
   Socks
  </category>
  <size>
   L
  </size>
  <color>
   Оранжевый
  </color>
  <material>
   Вискоза
  </material>
  <price>
   226654
  </price>
  <rating>
   3.41
  </rating>
  <reviews>
   839866
  </reviews>
  <exclusive>
   yes
  </exclusive>
  <sporty>
   yes
  </sporty>
 </clothing>
 <clothing>
  <id>
   818270413
  </id>
  <name>
   Asics Handbags E-9359
  </name>
  <category>
   Handbags
  </category>
  <size>
   XL
  </size>
  <color>
   Красный
  </color>
  <material>
   Вискоза
  </material>
  <price>
   153239
  </price>
  <rating>
   3.83
  </rating>
  <reviews>
   39142
  </reviews>
  <exclusive>
   no
  </exclusive>
 </clothing>
 <clothing>
  <id>
   378940702
  </id>
  <name>
   Puma Handbags P-1754
  </name>
  <category>
   Handbags
  </category>
  <size>
   XXL
  </size>
  <color>
   Голубой
  </color>
  <material>
   Лен
  </material>
  <price>
   226568
  </price>
  <rating>
   1.21
  </rating>
  <reviews>
   126212
  </reviews>
  <new>
   -
  </new>
  <sporty>
   yes
  </sporty>
 </clothing>
</clothing-items>
