<?xml version="1.0" encoding="utf-8"?>
<clothing-items>
 <clothing>
  <id>
   714974143
  </id>
  <name>
   Asics Jacket L-3759
  </name>
  <category>
   Jacket
  </category>
  <size>
   M
  </size>
  <color>
   Синий
  </color>
  <material>
   Вискоза
  </material>
  <price>
   916417
  </price>
  <rating>
   2.17
  </rating>
  <reviews>
   122789
  </reviews>
  <new>
   -
  </new>
  <exclusive>
   no
  </exclusive>
  <sporty>
   no
  </sporty>
 </clothing>
 <clothing>
  <id>
   298366485
  </id>
  <name>
   Fila Skirt Z-4664
  </name>
  <category>
   Skirt
  </category>
  <size>
   S
  </size>
  <color>
   Желтый
  </color>
  <material>
   Лен
  </material>
  <price>
   271927
  </price>
  <rating>
   3.97
  </rating>
  <reviews>
   901296
  </reviews>
  <exclusive>
   no
  </exclusive>
 </clothing>
 <clothing>
  <id>
   983400271
  </id>
  <name>
   Ellesse Pants A-8763
  </name>
  <category>
   Pants
  </category>
  <size>
   L
  </size>
  <color>
   Синий
  </color>
  <material>
   Нейлон
  </material>
  <price>
   882803
  </price>
  <rating>
   3.99
  </rating>
  <reviews>
   965284
  </reviews>
  <new>
   +
  </new>
  <exclusive>
   yes
  </exclusive>
 </clothing>
 <clothing>
  <id>
   814757606
  </id>
  <name>
   PleinSport Shirt Q-1384
  </name>
  <category>
   Shirt
  </category>
  <size>
   L
  </size>
  <color>
   Фиолетовый
  </color>
  <material>
   Вискоза
  </material>
  <price>
   367427
  </price>
  <rating>
   1.55
  </rating>
  <reviews>
   284032
  </reviews>
  <sporty>
   no
  </sporty>
 </clothing>
 <clothing>
  <id>
   132333354
  </id>
  <name>
   Fila Gloves C-8621
  </name>
  <category>
   Gloves
  </category>
  <size>
   L
  </size>
  <color>
   Синий
  </color>
  <material>
   Кожа
  </material>
  <price>
   978626
  </price>
  <rating>
   2.09
  </rating>
  <reviews>
   229954
  </reviews>
  <exclusive>
   yes
  </exclusive>
 </clothing>
 <clothing>
  <id>
   236464804
  </id>
  <name>
   Converse Handbags X-5413
  </name>
  <category>
   Handbags
  </category>
  <size>
   M
  </size>
  <color>
   Зеленый
  </color>
  <material>
   Шелк
  </material>
  <price>
   145396
  </price>
  <rating>
   2.69
  </rating>
  <reviews>
   669786
  </reviews>
  <new>
   -
  </new>
  <sporty>
   no
  </sporty>
 </clothing>
 <clothing>
  <id>
   676028575
  </id>
  <name>
   Asics Sweater Z-6047
  </name>
  <category>
   Sweater
  </category>
  <size>
   L
  </size>
  <color>
   Желтый
  </color>
  <material>
   Полиэстер
  </material>
  <price>
   440563
  </price>
  <rating>
   3.08
  </rating>
  <reviews>
   985189
  </reviews>
  <sporty>
   no
  </sporty>
 </clothing>
 <clothing>
  <id>
   776566816
  </id>
  <name>
   Lacoste Shoes I-2369
  </name>
  <category>
   Shoes
  </category>
  <size>
   XL
  </size>
  <color>
   Красный
  </color>
  <material>
   Шерсть
  </material>
  <price>
   783967
  </price>
  <rating>
   2.63
  </rating>
  <reviews>
   512299
  </reviews>
 </clothing>
 <clothing>
  <id>
   362216161
  </id>
  <name>
   Adidas Umbrellas A-7501
  </name>
  <category>
   Umbrellas
  </category>
  <size>
   XL
  </size>
  <color>
   Голубой
  </color>
  <material>
   Кожа
  </material>
  <price>
   754834
  </price>
  <rating>
   1.67
  </rating>
  <reviews>
   838302
  </reviews>
  <new>
   -
  </new>
 </clothing>
 <clothing>
  <id>
   737871321
  </id>
  <name>
   Nike Pants U-1754
  </name>
  <category>
   Pants
  </category>
  <size>
   S
  </size>
  <color>
   Синий
  </color>
  <material>
   Шерсть
  </material>
  <price>
   366611
  </price>
  <rating>
   2.07
  </rating>
  <reviews>
   109144
  </reviews>
  <new>
   -
  </new>
  <exclusive>
   yes
  </exclusive>
 </clothing>
 <clothing>
  <id>
   133510363
  </id>
  <name>
   Adidas Jeans I-4091
  </name>
  <category>
   Jeans
  </category>
  <size>
   L
  </size>
  <color>
   Зеленый
  </color>
  <material>
   Полиэстер
  </material>
  <price>
   723576
  </price>
  <rating>
   1.14
  </rating>
  <reviews>
   940622
  </reviews>
 </clothing>
 <clothing>
  <id>
   579599299
  </id>
  <name>
   Adidas Sweater S-4086
  </name>
  <category>
   Sweater
  </category>
  <size>
   S
  </size>
  <color>
   Красный
  </color>
  <material>
   Нейлон
  </material>
  <price>
   492013
  </price>
  <rating>
   4.6
  </rating>
  <reviews>
   382220
  </reviews>
  <new>
   -
  </new>
 </clothing>
 <clothing>
  <id>
   905874934
  </id>
  <name>
   Vans Shoes E-4204
  </name>
  <category>
   Shoes
  </category>
  <size>
   XXL
  </size>
  <color>
   Зеленый
  </color>
  <material>
   Вискоза
  </material>
  <price>
   559234
  </price>
  <rating>
   3.75
  </rating>
  <reviews>
   158960
  </reviews>
 </clothing>
 <clothing>
  <id>
   740629129
  </id>
  <name>
   Ellesse Shirt T-6419
  </name>
  <category>
   Shirt
  </category>
  <size>
   XL
  </size>
  <color>
   Красный
  </color>
  <material>
   Вискоза
  </material>
  <price>
   595363
  </price>
  <rating>
   3.33
  </rating>
  <reviews>
   146265
  </reviews>
  <new>
   -
  </new>
  <sporty>
   yes
  </sporty>
 </clothing>
 <clothing>
  <id>
   174683482
  </id>
  <name>
   New Balance Hat V-7588
  </name>
  <category>
   Hat
  </category>
  <size>
   XL
  </size>
  <color>
   Синий
  </color>
  <material>
   Шелк
  </material>
  <price>
   590272
  </price>
  <rating>
   3.83
  </rating>
  <reviews>
   404027
  </reviews>
  <new>
   -
  </new>
  <sporty>
   no
  </sporty>
 </clothing>
 <clothing>
  <id>
   387042488
  </id>
  <name>
   Converse Shirt A-6108
  </name>
  <category>
   Shirt
  </category>
  <size>
   XL
  </size>
  <color>
   Оранжевый
  </color>
  <material>
   Лен
  </material>
  <price>
   765849
  </price>
  <rating>
   1.24
  </rating>
  <reviews>
   101251
  </reviews>
  <exclusive>
   no
  </exclusive>
  <sporty>
   no
  </sporty>
 </clothing>
 <clothing>
  <id>
   855104337
  </id>
  <name>
   Adidas Belts W-4132
  </name>
  <category>
   Belts
  </category>
  <size>
   M
  </size>
  <color>
   Фиолетовый
  </color>
  <material>
   Кожа
  </material>
  <price>
   965962
  </price>
  <rating>
   4.66
  </rating>
  <reviews>
   384139
  </reviews>
  <new>
   +
  </new>
 </clothing>
 <clothing>
  <id>
   424906496
  </id>
  <name>
   Brooks Shirt J-1387
  </name>
  <category>
   Shirt
  </category>
  <size>
   XXL
  </size>
  <color>
   Голубой
  </color>
  <material>
   Нейлон
  </material>
  <price>
   317699
  </price>
  <rating>
   4.55
  </rating>
  <reviews>
   83652
  </reviews>
  <new>
   +
  </new>
 </clothing>
 <clothing>
  <id>
   708526341
  </id>
  <name>
   Lacoste Skirt U-1168
  </name>
  <category>
   Skirt
  </category>
  <size>
   XXL
  </size>
  <color>
   Зеленый
  </color>
  <material>
   Вискоза
  </material>
  <price>
   505246
  </price>
  <rating>
   1.24
  </rating>
  <reviews>
   75871
  </reviews>
  <new>
   +
  </new>
  <exclusive>
   yes
  </exclusive>
  <sporty>
   no
  </sporty>
 </clothing>
 <clothing>
  <id>
   648985533
  </id>
  <name>
   New Balance Jacket V-8735
  </name>
  <category>
   Jacket
  </category>
  <size>
   M
  </size>
  <color>
   Желтый
  </color>
  <material>
   Вискоза
  </material>
  <price>
   487214
  </price>
  <rating>
   3.08
  </rating>
  <reviews>
   299049
  </reviews>
  <exclusive>
   yes
  </exclusive>
  <sporty>
   yes
  </sporty>
 </clothing>
 <clothing>
  <id>
   339875481
  </id>
  <name>
   Converse Handbags O-5747
  </name>
  <category>
   Handbags
  </category>
  <size>
   L
  </size>
  <color>
   Красный
  </color>
  <material>
   Нейлон
  </material>
  <price>
   713492
  </price>
  <rating>
   3.19
  </rating>
  <reviews>
   224279
  </reviews>
  <sporty>
   yes
  </sporty>
 </clothing>
 <clothing>
  <id>
   352256809
  </id>
  <name>
   Vans Blouse R-1513
  </name>
  <category>
   Blouse
  </category>
  <size>
   M
  </size>
  <color>
   Оранжевый
  </color>
  <material>
   Нейлон
  </material>
  <price>
   516329
  </price>
  <rating>
   4.49
  </rating>
  <reviews>
   433126
  </reviews>
  <new>
   -
  </new>
 </clothing>
 <clothing>
  <id>
   636534670
  </id>
  <name>
   Converse T-shirt V-2918
  </name>
  <category>
   T-shirt
  </category>
  <size>
   XL
  </size>
  <color>
   Желтый
  </color>
  <material>
   Лен
  </material>
  <price>
   436268
  </price>
  <rating>
   2.95
  </rating>
  <reviews>
   362350
  </reviews>
  <new>
   +
  </new>
 </clothing>
 <clothing>
  <id>
   157565951
  </id>
  <name>
   Brooks Blouse Z-9428
  </name>
  <category>
   Blouse
  </category>
  <size>
   M
  </size>
  <color>
   Синий
  </color>
  <material>
   Кожа
  </material>
  <price>
   266652
  </price>
  <rating>
   4.42
  </rating>
  <reviews>
   421851
  </reviews>
  <exclusive>
   yes
  </exclusive>
  <sporty>
   no
  </sporty>
 </clothing>
 <clothing>
  <id>
   855555972
  </id>
  <name>
   Brooks Socks D-9033
  </name>
  <category>
   Socks
  </category>
  <size>
   XXL
  </size>
  <color>
   Голубой
  </color>
  <material>
   Хлопок
  </material>
  <price>
   436524
  </price>
  <rating>
   2.88
  </rating>
  <reviews>
   751358
  </reviews>
 </clothing>
 <clothing>
  <id>
   260011311
  </id>
  <name>
   Adidas T-shirt R-9576
  </name>
  <category>
   T-shirt
  </category>
  <size>
   L
  </size>
  <color>
   Желтый
  </color>
  <material>
   Лен
  </material>
  <price>
   400389
  </price>
  <rating>
   1.36
  </rating>
  <reviews>
   869226
  </reviews>
  <new>
   +
  </new>
  <exclusive>
   yes
  </exclusive>
  <sporty>
   no
  </sporty>
 </clothing>
 <clothing>
  <id>
   145515138
  </id>
  <name>
   Puma Dress I-2708
  </name>
  <category>
   Dress
  </category>
  <size>
   XXL
  </size>
  <color>
   Фиолетовый
  </color>
  <material>
   Полиэстер
  </material>
  <price>
   656464
  </price>
  <rating>
   4.47
  </rating>
  <reviews>
   488813
  </reviews>
  <exclusive>
   no
  </exclusive>
 </clothing>
 <clothing>
  <id>
   430238133
  </id>
  <name>
   Vans Dress C-5825
  </name>
  <category>
   Dress
  </category>
  <size>
   L
  </size>
  <color>
   Синий
  </color>
  <material>
   Полиэстер
  </material>
  <price>
   538643
  </price>
  <rating>
   3.45
  </rating>
  <reviews>
   319164
  </reviews>
  <new>
   +
  </new>
 </clothing>
 <clothing>
  <id>
   962684167
  </id>
  <name>
   Under Armour Sweater N-4698
  </name>
  <category>
   Sweater
  </category>
  <size>
   S
  </size>
  <color>
   Желтый
  </color>
  <material>
   Шелк
  </material>
  <price>
   354909
  </price>
  <rating>
   3.61
  </rating>
  <reviews>
   797517
  </reviews>
  <sporty>
   yes
  </sporty>
 </clothing>
 <clothing>
  <id>
   673737215
  </id>
  <name>
   Converse Socks K-4058
  </name>
  <category>
   Socks
  </category>
  <size>
   XL
  </size>
  <color>
   Синий
  </color>
  <material>
   Кожа
  </material>
  <price>
   623659
  </price>
  <rating>
   3.76
  </rating>
  <reviews>
   250814
  </reviews>
  <new>
   -
  </new>
  <exclusive>
   no
  </exclusive>
  <sporty>
   no
  </sporty>
 </clothing>
 <clothing>
  <id>
   683390760
  </id>
  <name>
   Fila Belts I-5765
  </name>
  <category>
   Belts
  </category>
  <size>
   XXL
  </size>
  <color>
   Красный
  </color>
  <material>
   Хлопок
  </material>
  <price>
   654767
  </price>
  <rating>
   3.28
  </rating>
  <reviews>
   304744
  </reviews>
  <new>
   -
  </new>
  <exclusive>
   no
  </exclusive>
  <sporty>
   no
  </sporty>
 </clothing>
 <clothing>
  <id>
   985004969
  </id>
  <name>
   Converse T-shirt Q-4285
  </name>
  <category>
   T-shirt
  </category>
  <size>
   S
  </size>
  <color>
   Красный
  </color>
  <material>
   Вискоза
  </material>
  <price>
   962321
  </price>
  <rating>
   3.86
  </rating>
  <reviews>
   732085
  </reviews>
  <new>
   -
  </new>
 </clothing>
 <clothing>
  <id>
   888810041
  </id>
  <name>
   Puma Handbags E-8963
  </name>
  <category>
   Handbags
  </category>
  <size>
   L
  </size>
  <color>
   Фиолетовый
  </color>
  <material>
   Вискоза
  </material>
  <price>
   119827
  </price>
  <rating>
   1.85
  </rating>
  <reviews>
   918728
  </reviews>
  <exclusive>
   no
  </exclusive>
  <sporty>
   no
  </sporty>
 </clothing>
 <clothing>
  <id>
   980712382
  </id>
  <name>
   DC Dress Z-5918
  </name>
  <category>
   Dress
  </category>
  <size>
   L
  </size>
  <color>
   Голубой
  </color>
  <material>
   Шелк
  </material>
  <price>
   913871
  </price>
  <rating>
   3.54
  </rating>
  <reviews>
   787460
  </reviews>
  <new>
   +
  </new>
  <sporty>
   no
  </sporty>
 </clothing>
 <clothing>
  <id>
   186841863
  </id>
  <name>
   Puma Hat R-1304
  </name>
  <category>
   Hat
  </category>
  <size>
   XXL
  </size>
  <color>
   Зеленый
  </color>
  <material>
   Кожа
  </material>
  <price>
   760638
  </price>
  <rating>
   3.36
  </rating>
  <reviews>
   511215
  </reviews>
  <new>
   +
  </new>
  <sporty>
   no
  </sporty>
 </clothing>
 <clothing>
  <id>
   975828164
  </id>
  <name>
   Lacoste Shoes M-1087
  </name>
  <category>
   Shoes
  </category>
  <size>
   XXL
  </size>
  <color>
   Фиолетовый
  </color>
  <material>
   Полиэстер
  </material>
  <price>
   718626
  </price>
  <rating>
   3.25
  </rating>
  <reviews>
   998534
  </reviews>
  <new>
   +
  </new>
  <exclusive>
   yes
  </exclusive>
  <sporty>
   no
  </sporty>
 </clothing>
 <clothing>
  <id>
   530288865
  </id>
  <name>
   Addidas Skirt W-7276
  </name>
  <category>
   Skirt
  </category>
  <size>
   M
  </size>
  <color>
   Оранжевый
  </color>
  <material>
   Шерсть
  </material>
  <price>
   296793
  </price>
  <rating>
   4.5
  </rating>
  <reviews>
   213510
  </reviews>
  <new>
   +
  </new>
  <exclusive>
   no
  </exclusive>
  <sporty>
   no
  </sporty>
 </clothing>
 <clothing>
  <id>
   143007371
  </id>
  <name>
   Converse Sweater K-5872
  </name>
  <category>
   Sweater
  </category>
  <size>
   M
  </size>
  <color>
   Фиолетовый
  </color>
  <material>
   Лен
  </material>
  <price>
   722731
  </price>
  <rating>
   3.21
  </rating>
  <reviews>
   383684
  </reviews>
  <new>
   -
  </new>
  <exclusive>
   no
  </exclusive>
 </clothing>
 <clothing>
  <id>
   706158803
  </id>
  <name>
   Puma Gloves W-5586
  </name>
  <category>
   Gloves
  </category>
  <size>
   M
  </size>
  <color>
   Желтый
  </color>
  <material>
   Нейлон
  </material>
  <price>
   445701
  </price>
  <rating>
   4.39
  </rating>
  <reviews>
   43748
  </reviews>
  <new>
   -
  </new>
 </clothing>
 <clothing>
  <id>
   284031959
  </id>
  <name>
   Ellesse Jacket F-6001
  </name>
  <category>
   Jacket
  </category>
  <size>
   XXL
  </size>
  <color>
   Оранжевый
  </color>
  <material>
   Нейлон
  </material>
  <price>
   560766
  </price>
  <rating>
   4.46
  </rating>
  <reviews>
   760853
  </reviews>
  <exclusive>
   no
  </exclusive>
  <sporty>
   no
  </sporty>
 </clothing>
 <clothing>
  <id>
   345189166
  </id>
  <name>
   Fila Pants N-4132
  </name>
  <category>
   Pants
  </category>
  <size>
   L
  </size>
  <color>
   Зеленый
  </color>
  <material>
   Полиэстер
  </material>
  <price>
   571404
  </price>
  <rating>
   3.91
  </rating>
  <reviews>
   691862
  </reviews>
  <exclusive>
   no
  </exclusive>
  <sporty>
   no
  </sporty>
 </clothing>
 <clothing>
  <id>
   933525434
  </id>
  <name>
   Fila Blouse A-2716
  </name>
  <category>
   Blouse
  </category>
  <size>
   L
  </size>
  <color>
   Красный
  </color>
  <material>
   Полиэстер
  </material>
  <price>
   905699
  </price>
  <rating>
   4.38
  </rating>
  <reviews>
   864436
  </reviews>
  <new>
   -
  </new>
  <sporty>
   yes
  </sporty>
 </clothing>
 <clothing>
  <id>
   938615854
  </id>
  <name>
   PleinSport Shirt S-1170
  </name>
  <category>
   Shirt
  </category>
  <size>
   XXL
  </size>
  <color>
   Оранжевый
  </color>
  <material>
   Лен
  </material>
  <price>
   348500
  </price>
  <rating>
   2.19
  </rating>
  <reviews>
   4749
  </reviews>
  <new>
   -
  </new>
  <sporty>
   no
  </sporty>
 </clothing>
 <clothing>
  <id>
   895969930
  </id>
  <name>
   Fila Hat D-9769
  </name>
  <category>
   Hat
  </category>
  <size>
   XXL
  </size>
  <color>
   Зеленый
  </color>
  <material>
   Лен
  </material>
  <price>
   316657
  </price>
  <rating>
   3.24
  </rating>
  <reviews>
   203616
  </reviews>
  <new>
   +
  </new>
  <exclusive>
   yes
  </exclusive>
 </clothing>
 <clothing>
  <id>
   605255068
  </id>
  <name>
   Brooks Umbrellas N-8247
  </name>
  <category>
   Umbrellas
  </category>
  <size>
   XXL
  </size>
  <color>
   Фиолетовый
  </color>
  <material>
   Лен
  </material>
  <price>
   673466
  </price>
  <rating>
   2.53
  </rating>
  <reviews>
   889807
  </reviews>
  <sporty>
   yes
  </sporty>
 </clothing>
 <clothing>
  <id>
   335913405
  </id>
  <name>
   Nike Dress M-7992
  </name>
  <category>
   Dress
  </category>
  <size>
   XL
  </size>
  <color>
   Синий
  </color>
  <material>
   Вискоза
  </material>
  <price>
   543308
  </price>
  <rating>
   2.55
  </rating>
  <reviews>
   561995
  </reviews>
  <new>
   -
  </new>
  <exclusive>
   yes
  </exclusive>
  <sporty>
   yes
  </sporty>
 </clothing>
 <clothing>
  <id>
   521773462
  </id>
  <name>
   New Balance Jeans P-2730
  </name>
  <category>
   Jeans
  </category>
  <size>
   XXL
  </size>
  <color>
   Оранжевый
  </color>
  <material>
   Шелк
  </material>
  <price>
   327099
  </price>
  <rating>
   3.69
  </rating>
  <reviews>
   1180
  </reviews>
  <exclusive>
   no
  </exclusive>
 </clothing>
 <clothing>
  <id>
   963853191
  </id>
  <name>
   Asics Gloves D-6128
  </name>
  <category>
   Gloves
  </category>
  <size>
   XXL
  </size>
  <color>
   Оранжевый
  </color>
  <material>
   Лен
  </material>
  <price>
   404139
  </price>
  <rating>
   2.08
  </rating>
  <reviews>
   104486
  </reviews>
  <new>
   -
  </new>
 </clothing>
</clothing-items>
