<?xml version="1.0" encoding="utf-8"?>
<clothing-items>
 <clothing>
  <id>
   687580096
  </id>
  <name>
   Under Armour Gloves H-1680
  </name>
  <category>
   Gloves
  </category>
  <size>
   M
  </size>
  <color>
   Красный
  </color>
  <material>
   Шелк
  </material>
  <price>
   721163
  </price>
  <rating>
   2.57
  </rating>
  <reviews>
   731840
  </reviews>
  <exclusive>
   no
  </exclusive>
  <sporty>
   no
  </sporty>
 </clothing>
 <clothing>
  <id>
   803214629
  </id>
  <name>
   Adidas Jeans K-2496
  </name>
  <category>
   Jeans
  </category>
  <size>
   XL
  </size>
  <color>
   Красный
  </color>
  <material>
   Вискоза
  </material>
  <price>
   918373
  </price>
  <rating>
   3.85
  </rating>
  <reviews>
   94757
  </reviews>
  <new>
   +
  </new>
  <exclusive>
   yes
  </exclusive>
  <sporty>
   no
  </sporty>
 </clothing>
 <clothing>
  <id>
   460431349
  </id>
  <name>
   Vans Jacket D-9793
  </name>
  <category>
   Jacket
  </category>
  <size>
   S
  </size>
  <color>
   Зеленый
  </color>
  <material>
   Нейлон
  </material>
  <price>
   927004
  </price>
  <rating>
   2.88
  </rating>
  <reviews>
   354465
  </reviews>
 </clothing>
 <clothing>
  <id>
   864224532
  </id>
  <name>
   Addidas Sweater X-1481
  </name>
  <category>
   Sweater
  </category>
  <size>
   XXL
  </size>
  <color>
   Синий
  </color>
  <material>
   Полиэстер
  </material>
  <price>
   876829
  </price>
  <rating>
   3.6
  </rating>
  <reviews>
   573793
  </reviews>
 </clothing>
 <clothing>
  <id>
   860338770
  </id>
  <name>
   DC Dress K-1314
  </name>
  <category>
   Dress
  </category>
  <size>
   XL
  </size>
  <color>
   Красный
  </color>
  <material>
   Лен
  </material>
  <price>
   215232
  </price>
  <rating>
   3.9
  </rating>
  <reviews>
   129904
  </reviews>
  <new>
   +
  </new>
  <exclusive>
   yes
  </exclusive>
  <sporty>
   no
  </sporty>
 </clothing>
 <clothing>
  <id>
   876087806
  </id>
  <name>
   Nike Belts M-1904
  </name>
  <category>
   Belts
  </category>
  <size>
   M
  </size>
  <color>
   Фиолетовый
  </color>
  <material>
   Хлопок
  </material>
  <price>
   835105
  </price>
  <rating>
   4.42
  </rating>
  <reviews>
   135983
  </reviews>
  <exclusive>
   no
  </exclusive>
 </clothing>
 <clothing>
  <id>
   152702299
  </id>
  <name>
   Puma Shirt H-4021
  </name>
  <category>
   Shirt
  </category>
  <size>
   XXL
  </size>
  <color>
   Синий
  </color>
  <material>
   Нейлон
  </material>
  <price>
   274918
  </price>
  <rating>
   3.41
  </rating>
  <reviews>
   68227
  </reviews>
  <exclusive>
   yes
  </exclusive>
  <sporty>
   no
  </sporty>
 </clothing>
 <clothing>
  <id>
   249506271
  </id>
  <name>
   New Balance Hat L-2013
  </name>
  <category>
   Hat
  </category>
  <size>
   XXL
  </size>
  <color>
   Желтый
  </color>
  <material>
   Нейлон
  </material>
  <price>
   352753
  </price>
  <rating>
   2.69
  </rating>
  <reviews>
   69080
  </reviews>
  <sporty>
   no
  </sporty>
 </clothing>
 <clothing>
  <id>
   589340804
  </id>
  <name>
   Fila Dress C-7984
  </name>
  <category>
   Dress
  </category>
  <size>
   XXL
  </size>
  <color>
   Синий
  </color>
  <material>
   Полиэстер
  </material>
  <price>
   378606
  </price>
  <rating>
   2.75
  </rating>
  <reviews>
   464797
  </reviews>
  <new>
   -
  </new>
  <exclusive>
   yes
  </exclusive>
  <sporty>
   no
  </sporty>
 </clothing>
 <clothing>
  <id>
   839170448
  </id>
  <name>
   New Balance Blouse T-7039
  </name>
  <category>
   Blouse
  </category>
  <size>
   XXL
  </size>
  <color>
   Фиолетовый
  </color>
  <material>
   Шерсть
  </material>
  <price>
   988265
  </price>
  <rating>
   4.35
  </rating>
  <reviews>
   971507
  </reviews>
  <new>
   -
  </new>
  <sporty>
   no
  </sporty>
 </clothing>
 <clothing>
  <id>
   439598173
  </id>
  <name>
   DC Shirt G-9498
  </name>
  <category>
   Shirt
  </category>
  <size>
   XL
  </size>
  <color>
   Оранжевый
  </color>
  <material>
   Нейлон
  </material>
  <price>
   106195
  </price>
  <rating>
   3.48
  </rating>
  <reviews>
   128120
  </reviews>
  <exclusive>
   no
  </exclusive>
  <sporty>
   no
  </sporty>
 </clothing>
 <clothing>
  <id>
   680740819
  </id>
  <name>
   Fila Jacket A-1688
  </name>
  <category>
   Jacket
  </category>
  <size>
   XL
  </size>
  <color>
   Красный
  </color>
  <material>
   Полиэстер
  </material>
  <price>
   269984
  </price>
  <rating>
   4.19
  </rating>
  <reviews>
   912181
  </reviews>
  <new>
   +
  </new>
 </clothing>
 <clothing>
  <id>
   125315470
  </id>
  <name>
   Under Armour Shirt I-5967
  </name>
  <category>
   Shirt
  </category>
  <size>
   XL
  </size>
  <color>
   Красный
  </color>
  <material>
   Шелк
  </material>
  <price>
   978926
  </price>
  <rating>
   4.14
  </rating>
  <reviews>
   957791
  </reviews>
  <sporty>
   no
  </sporty>
 </clothing>
 <clothing>
  <id>
   954134271
  </id>
  <name>
   Asics T-shirt Y-4660
  </name>
  <category>
   T-shirt
  </category>
  <size>
   M
  </size>
  <color>
   Фиолетовый
  </color>
  <material>
   Лен
  </material>
  <price>
   946991
  </price>
  <rating>
   4.59
  </rating>
  <reviews>
   954195
  </reviews>
  <exclusive>
   no
  </exclusive>
 </clothing>
 <clothing>
  <id>
   908876754
  </id>
  <name>
   Under Armour Pants Y-2421
  </name>
  <category>
   Pants
  </category>
  <size>
   M
  </size>
  <color>
   Оранжевый
  </color>
  <material>
   Полиэстер
  </material>
  <price>
   140554
  </price>
  <rating>
   2.39
  </rating>
  <reviews>
   217156
  </reviews>
  <new>
   +
  </new>
  <exclusive>
   no
  </exclusive>
  <sporty>
   yes
  </sporty>
 </clothing>
 <clothing>
  <id>
   137330811
  </id>
  <name>
   Brooks Shirt K-9156
  </name>
  <category>
   Shirt
  </category>
  <size>
   M
  </size>
  <color>
   Голубой
  </color>
  <material>
   Вискоза
  </material>
  <price>
   185125
  </price>
  <rating>
   1.41
  </rating>
  <reviews>
   502772
  </reviews>
  <new>
   -
  </new>
  <exclusive>
   yes
  </exclusive>
  <sporty>
   no
  </sporty>
 </clothing>
 <clothing>
  <id>
   732414276
  </id>
  <name>
   Under Armour Blouse U-7617
  </name>
  <category>
   Blouse
  </category>
  <size>
   XXL
  </size>
  <color>
   Оранжевый
  </color>
  <material>
   Хлопок
  </material>
  <price>
   172731
  </price>
  <rating>
   1.79
  </rating>
  <reviews>
   969081
  </reviews>
  <exclusive>
   yes
  </exclusive>
  <sporty>
   no
  </sporty>
 </clothing>
 <clothing>
  <id>
   861847362
  </id>
  <name>
   Under Armour Jacket B-6116
  </name>
  <category>
   Jacket
  </category>
  <size>
   S
  </size>
  <color>
   Синий
  </color>
  <material>
   Шелк
  </material>
  <price>
   810222
  </price>
  <rating>
   5.0
  </rating>
  <reviews>
   88882
  </reviews>
  <new>
   -
  </new>
  <exclusive>
   yes
  </exclusive>
 </clothing>
 <clothing>
  <id>
   338310650
  </id>
  <name>
   Lacoste Hat S-3372
  </name>
  <category>
   Hat
  </category>
  <size>
   XXL
  </size>
  <color>
   Красный
  </color>
  <material>
   Нейлон
  </material>
  <price>
   770766
  </price>
  <rating>
   1.71
  </rating>
  <reviews>
   384131
  </reviews>
  <sporty>
   no
  </sporty>
 </clothing>
 <clothing>
  <id>
   865836188
  </id>
  <name>
   Puma Shoes P-3731
  </name>
  <category>
   Shoes
  </category>
  <size>
   S
  </size>
  <color>
   Фиолетовый
  </color>
  <material>
   Лен
  </material>
  <price>
   422655
  </price>
  <rating>
   1.4
  </rating>
  <reviews>
   387297
  </reviews>
  <new>
   +
  </new>
  <exclusive>
   no
  </exclusive>
 </clothing>
 <clothing>
  <id>
   584472672
  </id>
  <name>
   Under Armour T-shirt M-3528
  </name>
  <category>
   T-shirt
  </category>
  <size>
   M
  </size>
  <color>
   Фиолетовый
  </color>
  <material>
   Хлопок
  </material>
  <price>
   375320
  </price>
  <rating>
   3.03
  </rating>
  <reviews>
   822724
  </reviews>
  <new>
   -
  </new>
  <sporty>
   yes
  </sporty>
 </clothing>
 <clothing>
  <id>
   517312516
  </id>
  <name>
   PleinSport Skirt G-7464
  </name>
  <category>
   Skirt
  </category>
  <size>
   L
  </size>
  <color>
   Красный
  </color>
  <material>
   Лен
  </material>
  <price>
   250268
  </price>
  <rating>
   4.48
  </rating>
  <reviews>
   918686
  </reviews>
  <sporty>
   yes
  </sporty>
 </clothing>
 <clothing>
  <id>
   732878943
  </id>
  <name>
   Addidas Pants F-1758
  </name>
  <category>
   Pants
  </category>
  <size>
   XXL
  </size>
  <color>
   Оранжевый
  </color>
  <material>
   Шелк
  </material>
  <price>
   109486
  </price>
  <rating>
   2.03
  </rating>
  <reviews>
   441638
  </reviews>
  <new>
   -
  </new>
  <sporty>
   no
  </sporty>
 </clothing>
 <clothing>
  <id>
   771068860
  </id>
  <name>
   Under Armour Shirt S-6562
  </name>
  <category>
   Shirt
  </category>
  <size>
   S
  </size>
  <color>
   Желтый
  </color>
  <material>
   Вискоза
  </material>
  <price>
   414707
  </price>
  <rating>
   2.0
  </rating>
  <reviews>
   514786
  </reviews>
  <exclusive>
   no
  </exclusive>
  <sporty>
   no
  </sporty>
 </clothing>
 <clothing>
  <id>
   430769214
  </id>
  <name>
   Under Armour Jeans U-7795
  </name>
  <category>
   Jeans
  </category>
  <size>
   M
  </size>
  <color>
   Желтый
  </color>
  <material>
   Полиэстер
  </material>
  <price>
   746779
  </price>
  <rating>
   1.19
  </rating>
  <reviews>
   227018
  </reviews>
  <new>
   -
  </new>
  <sporty>
   yes
  </sporty>
 </clothing>
 <clothing>
  <id>
   843713409
  </id>
  <name>
   Brooks Shoes D-6921
  </name>
  <category>
   Shoes
  </category>
  <size>
   XL
  </size>
  <color>
   Фиолетовый
  </color>
  <material>
   Шерсть
  </material>
  <price>
   353650
  </price>
  <rating>
   1.64
  </rating>
  <reviews>
   732889
  </reviews>
  <sporty>
   yes
  </sporty>
 </clothing>
 <clothing>
  <id>
   980399141
  </id>
  <name>
   Adidas Dress O-8124
  </name>
  <category>
   Dress
  </category>
  <size>
   L
  </size>
  <color>
   Желтый
  </color>
  <material>
   Вискоза
  </material>
  <price>
   440258
  </price>
  <rating>
   3.28
  </rating>
  <reviews>
   370796
  </reviews>
  <new>
   +
  </new>
  <exclusive>
   no
  </exclusive>
  <sporty>
   no
  </sporty>
 </clothing>
 <clothing>
  <id>
   401889389
  </id>
  <name>
   Adidas Gloves J-8273
  </name>
  <category>
   Gloves
  </category>
  <size>
   S
  </size>
  <color>
   Зеленый
  </color>
  <material>
   Шерсть
  </material>
  <price>
   764998
  </price>
  <rating>
   4.71
  </rating>
  <reviews>
   25160
  </reviews>
  <exclusive>
   yes
  </exclusive>
 </clothing>
 <clothing>
  <id>
   825534531
  </id>
  <name>
   DC Shirt B-5832
  </name>
  <category>
   Shirt
  </category>
  <size>
   XL
  </size>
  <color>
   Оранжевый
  </color>
  <material>
   Вискоза
  </material>
  <price>
   378031
  </price>
  <rating>
   4.27
  </rating>
  <reviews>
   61234
  </reviews>
  <new>
   +
  </new>
  <exclusive>
   yes
  </exclusive>
  <sporty>
   no
  </sporty>
 </clothing>
 <clothing>
  <id>
   786411515
  </id>
  <name>
   DC Blouse R-8729
  </name>
  <category>
   Blouse
  </category>
  <size>
   XXL
  </size>
  <color>
   Фиолетовый
  </color>
  <material>
   Полиэстер
  </material>
  <price>
   611236
  </price>
  <rating>
   1.86
  </rating>
  <reviews>
   690373
  </reviews>
  <new>
   -
  </new>
  <sporty>
   no
  </sporty>
 </clothing>
 <clothing>
  <id>
   673829371
  </id>
  <name>
   Ellesse Umbrellas T-2477
  </name>
  <category>
   Umbrellas
  </category>
  <size>
   M
  </size>
  <color>
   Голубой
  </color>
  <material>
   Кожа
  </material>
  <price>
   325272
  </price>
  <rating>
   4.53
  </rating>
  <reviews>
   968303
  </reviews>
  <sporty>
   no
  </sporty>
 </clothing>
 <clothing>
  <id>
   481065740
  </id>
  <name>
   PleinSport Belts X-9476
  </name>
  <category>
   Belts
  </category>
  <size>
   M
  </size>
  <color>
   Оранжевый
  </color>
  <material>
   Кожа
  </material>
  <price>
   594689
  </price>
  <rating>
   2.16
  </rating>
  <reviews>
   438984
  </reviews>
  <new>
   -
  </new>
  <exclusive>
   yes
  </exclusive>
  <sporty>
   no
  </sporty>
 </clothing>
 <clothing>
  <id>
   932202349
  </id>
  <name>
   Puma T-shirt P-7759
  </name>
  <category>
   T-shirt
  </category>
  <size>
   M
  </size>
  <color>
   Синий
  </color>
  <material>
   Полиэстер
  </material>
  <price>
   153502
  </price>
  <rating>
   4.54
  </rating>
  <reviews>
   10942
  </reviews>
  <new>
   -
  </new>
  <exclusive>
   no
  </exclusive>
  <sporty>
   no
  </sporty>
 </clothing>
 <clothing>
  <id>
   668824702
  </id>
  <name>
   Vans Dress P-5047
  </name>
  <category>
   Dress
  </category>
  <size>
   XXL
  </size>
  <color>
   Красный
  </color>
  <material>
   Нейлон
  </material>
  <price>
   170588
  </price>
  <rating>
   4.97
  </rating>
  <reviews>
   396816
  </reviews>
  <sporty>
   yes
  </sporty>
 </clothing>
 <clothing>
  <id>
   793224233
  </id>
  <name>
   PleinSport Blouse U-5988
  </name>
  <category>
   Blouse
  </category>
  <size>
   XXL
  </size>
  <color>
   Красный
  </color>
  <material>
   Хлопок
  </material>
  <price>
   273261
  </price>
  <rating>
   1.52
  </rating>
  <reviews>
   409049
  </reviews>
  <new>
   +
  </new>
  <sporty>
   yes
  </sporty>
 </clothing>
 <clothing>
  <id>
   874538908
  </id>
  <name>
   Puma Shoes X-1126
  </name>
  <category>
   Shoes
  </category>
  <size>
   M
  </size>
  <color>
   Синий
  </color>
  <material>
   Шерсть
  </material>
  <price>
   681514
  </price>
  <rating>
   3.58
  </rating>
  <reviews>
   797079
  </reviews>
  <exclusive>
   no
  </exclusive>
  <sporty>
   no
  </sporty>
 </clothing>
 <clothing>
  <id>
   931161794
  </id>
  <name>
   Lacoste Hat B-5044
  </name>
  <category>
   Hat
  </category>
  <size>
   XXL
  </size>
  <color>
   Оранжевый
  </color>
  <material>
   Вискоза
  </material>
  <price>
   243596
  </price>
  <rating>
   4.78
  </rating>
  <reviews>
   596694
  </reviews>
  <exclusive>
   no
  </exclusive>
 </clothing>
</clothing-items>
