<?xml version="1.0" encoding="utf-8"?>
<clothing-items>
 <clothing>
  <id>
   990235958
  </id>
  <name>
   DC Skirt I-8263
  </name>
  <category>
   Skirt
  </category>
  <size>
   M
  </size>
  <color>
   Оранжевый
  </color>
  <material>
   Хлопок
  </material>
  <price>
   259633
  </price>
  <rating>
   4.8
  </rating>
  <reviews>
   136237
  </reviews>
  <new>
   -
  </new>
  <exclusive>
   yes
  </exclusive>
  <sporty>
   no
  </sporty>
 </clothing>
 <clothing>
  <id>
   473615047
  </id>
  <name>
   Vans Handbags Q-9830
  </name>
  <category>
   Handbags
  </category>
  <size>
   XL
  </size>
  <color>
   Желтый
  </color>
  <material>
   Полиэстер
  </material>
  <price>
   782156
  </price>
  <rating>
   1.96
  </rating>
  <reviews>
   964304
  </reviews>
  <new>
   -
  </new>
  <exclusive>
   yes
  </exclusive>
  <sporty>
   no
  </sporty>
 </clothing>
 <clothing>
  <id>
   990045040
  </id>
  <name>
   Puma Blouse M-7337
  </name>
  <category>
   Blouse
  </category>
  <size>
   XL
  </size>
  <color>
   Красный
  </color>
  <material>
   Хлопок
  </material>
  <price>
   485194
  </price>
  <rating>
   2.77
  </rating>
  <reviews>
   38651
  </reviews>
  <new>
   -
  </new>
  <exclusive>
   yes
  </exclusive>
 </clothing>
 <clothing>
  <id>
   865648614
  </id>
  <name>
   Reebok Skirt E-3322
  </name>
  <category>
   Skirt
  </category>
  <size>
   XL
  </size>
  <color>
   Красный
  </color>
  <material>
   Хлопок
  </material>
  <price>
   233060
  </price>
  <rating>
   4.42
  </rating>
  <reviews>
   458548
  </reviews>
  <sporty>
   no
  </sporty>
 </clothing>
 <clothing>
  <id>
   422003086
  </id>
  <name>
   Addidas Handbags G-2743
  </name>
  <category>
   Handbags
  </category>
  <size>
   L
  </size>
  <color>
   Красный
  </color>
  <material>
   Кожа
  </material>
  <price>
   151587
  </price>
  <rating>
   2.0
  </rating>
  <reviews>
   168499
  </reviews>
  <new>
   -
  </new>
  <sporty>
   yes
  </sporty>
 </clothing>
 <clothing>
  <id>
   875626762
  </id>
  <name>
   DC Pants G-7792
  </name>
  <category>
   Pants
  </category>
  <size>
   XL
  </size>
  <color>
   Фиолетовый
  </color>
  <material>
   Нейлон
  </material>
  <price>
   721766
  </price>
  <rating>
   1.94
  </rating>
  <reviews>
   786852
  </reviews>
  <exclusive>
   no
  </exclusive>
  <sporty>
   no
  </sporty>
 </clothing>
 <clothing>
  <id>
   228512809
  </id>
  <name>
   Adidas T-shirt Q-2224
  </name>
  <category>
   T-shirt
  </category>
  <size>
   XL
  </size>
  <color>
   Фиолетовый
  </color>
  <material>
   Нейлон
  </material>
  <price>
   868368
  </price>
  <rating>
   3.87
  </rating>
  <reviews>
   970092
  </reviews>
  <new>
   -
  </new>
 </clothing>
 <clothing>
  <id>
   922166630
  </id>
  <name>
   Fila Handbags Y-2320
  </name>
  <category>
   Handbags
  </category>
  <size>
   M
  </size>
  <color>
   Фиолетовый
  </color>
  <material>
   Кожа
  </material>
  <price>
   764745
  </price>
  <rating>
   1.17
  </rating>
  <reviews>
   204071
  </reviews>
  <exclusive>
   no
  </exclusive>
 </clothing>
 <clothing>
  <id>
   322353114
  </id>
  <name>
   Ellesse Shoes O-2116
  </name>
  <category>
   Shoes
  </category>
  <size>
   XXL
  </size>
  <color>
   Красный
  </color>
  <material>
   Хлопок
  </material>
  <price>
   956855
  </price>
  <rating>
   1.43
  </rating>
  <reviews>
   298172
  </reviews>
  <exclusive>
   no
  </exclusive>
 </clothing>
 <clothing>
  <id>
   136461653
  </id>
  <name>
   Adidas Jeans U-7288
  </name>
  <category>
   Jeans
  </category>
  <size>
   XL
  </size>
  <color>
   Зеленый
  </color>
  <material>
   Хлопок
  </material>
  <price>
   882545
  </price>
  <rating>
   3.16
  </rating>
  <reviews>
   681664
  </reviews>
  <new>
   -
  </new>
  <exclusive>
   no
  </exclusive>
  <sporty>
   no
  </sporty>
 </clothing>
 <clothing>
  <id>
   212774477
  </id>
  <name>
   New Balance Dress P-3886
  </name>
  <category>
   Dress
  </category>
  <size>
   M
  </size>
  <color>
   Желтый
  </color>
  <material>
   Шелк
  </material>
  <price>
   305988
  </price>
  <rating>
   3.31
  </rating>
  <reviews>
   27483
  </reviews>
  <exclusive>
   yes
  </exclusive>
  <sporty>
   yes
  </sporty>
 </clothing>
 <clothing>
  <id>
   840712535
  </id>
  <name>
   New Balance Skirt T-6316
  </name>
  <category>
   Skirt
  </category>
  <size>
   XXL
  </size>
  <color>
   Оранжевый
  </color>
  <material>
   Хлопок
  </material>
  <price>
   376650
  </price>
  <rating>
   3.27
  </rating>
  <reviews>
   813201
  </reviews>
  <exclusive>
   no
  </exclusive>
  <sporty>
   no
  </sporty>
 </clothing>
 <clothing>
  <id>
   400702193
  </id>
  <name>
   New Balance Socks Q-1043
  </name>
  <category>
   Socks
  </category>
  <size>
   XL
  </size>
  <color>
   Желтый
  </color>
  <material>
   Вискоза
  </material>
  <price>
   738795
  </price>
  <rating>
   3.38
  </rating>
  <reviews>
   318694
  </reviews>
  <new>
   +
  </new>
  <sporty>
   no
  </sporty>
 </clothing>
 <clothing>
  <id>
   201867896
  </id>
  <name>
   DC Gloves H-5641
  </name>
  <category>
   Gloves
  </category>
  <size>
   M
  </size>
  <color>
   Красный
  </color>
  <material>
   Вискоза
  </material>
  <price>
   482577
  </price>
  <rating>
   4.53
  </rating>
  <reviews>
   998149
  </reviews>
 </clothing>
 <clothing>
  <id>
   805445870
  </id>
  <name>
   Lacoste Shirt Y-2401
  </name>
  <category>
   Shirt
  </category>
  <size>
   XXL
  </size>
  <color>
   Голубой
  </color>
  <material>
   Хлопок
  </material>
  <price>
   981764
  </price>
  <rating>
   2.22
  </rating>
  <reviews>
   721063
  </reviews>
  <new>
   -
  </new>
  <sporty>
   no
  </sporty>
 </clothing>
 <clothing>
  <id>
   860363176
  </id>
  <name>
   Fila Jeans I-8486
  </name>
  <category>
   Jeans
  </category>
  <size>
   M
  </size>
  <color>
   Фиолетовый
  </color>
  <material>
   Нейлон
  </material>
  <price>
   959917
  </price>
  <rating>
   1.75
  </rating>
  <reviews>
   914704
  </reviews>
  <exclusive>
   yes
  </exclusive>
 </clothing>
 <clothing>
  <id>
   666390892
  </id>
  <name>
   Lacoste Hat I-7131
  </name>
  <category>
   Hat
  </category>
  <size>
   M
  </size>
  <color>
   Красный
  </color>
  <material>
   Вискоза
  </material>
  <price>
   791187
  </price>
  <rating>
   2.51
  </rating>
  <reviews>
   44200
  </reviews>
  <exclusive>
   yes
  </exclusive>
 </clothing>
 <clothing>
  <id>
   778049883
  </id>
  <name>
   DC Gloves Y-6278
  </name>
  <category>
   Gloves
  </category>
  <size>
   XL
  </size>
  <color>
   Голубой
  </color>
  <material>
   Вискоза
  </material>
  <price>
   621402
  </price>
  <rating>
   1.25
  </rating>
  <reviews>
   458485
  </reviews>
  <new>
   -
  </new>
  <sporty>
   no
  </sporty>
 </clothing>
 <clothing>
  <id>
   391516033
  </id>
  <name>
   Fila T-shirt X-5535
  </name>
  <category>
   T-shirt
  </category>
  <size>
   XXL
  </size>
  <color>
   Зеленый
  </color>
  <material>
   Хлопок
  </material>
  <price>
   689752
  </price>
  <rating>
   4.96
  </rating>
  <reviews>
   976193
  </reviews>
  <exclusive>
   no
  </exclusive>
 </clothing>
 <clothing>
  <id>
   737286347
  </id>
  <name>
   Brooks Sweater T-5275
  </name>
  <category>
   Sweater
  </category>
  <size>
   XXL
  </size>
  <color>
   Красный
  </color>
  <material>
   Шелк
  </material>
  <price>
   193330
  </price>
  <rating>
   1.85
  </rating>
  <reviews>
   387428
  </reviews>
  <new>
   +
  </new>
  <exclusive>
   yes
  </exclusive>
 </clothing>
 <clothing>
  <id>
   421446151
  </id>
  <name>
   Ellesse Jacket I-4212
  </name>
  <category>
   Jacket
  </category>
  <size>
   L
  </size>
  <color>
   Голубой
  </color>
  <material>
   Кожа
  </material>
  <price>
   783252
  </price>
  <rating>
   3.21
  </rating>
  <reviews>
   462450
  </reviews>
  <new>
   -
  </new>
  <exclusive>
   no
  </exclusive>
  <sporty>
   no
  </sporty>
 </clothing>
 <clothing>
  <id>
   634133650
  </id>
  <name>
   Fila Dress D-5624
  </name>
  <category>
   Dress
  </category>
  <size>
   S
  </size>
  <color>
   Фиолетовый
  </color>
  <material>
   Полиэстер
  </material>
  <price>
   335398
  </price>
  <rating>
   3.26
  </rating>
  <reviews>
   147059
  </reviews>
  <new>
   -
  </new>
  <exclusive>
   no
  </exclusive>
  <sporty>
   no
  </sporty>
 </clothing>
 <clothing>
  <id>
   906988022
  </id>
  <name>
   Asics Belts W-6696
  </name>
  <category>
   Belts
  </category>
  <size>
   M
  </size>
  <color>
   Фиолетовый
  </color>
  <material>
   Вискоза
  </material>
  <price>
   114458
  </price>
  <rating>
   3.99
  </rating>
  <reviews>
   344782
  </reviews>
  <new>
   -
  </new>
  <exclusive>
   no
  </exclusive>
 </clothing>
 <clothing>
  <id>
   906413266
  </id>
  <name>
   Addidas Handbags E-3917
  </name>
  <category>
   Handbags
  </category>
  <size>
   L
  </size>
  <color>
   Синий
  </color>
  <material>
   Полиэстер
  </material>
  <price>
   952276
  </price>
  <rating>
   3.22
  </rating>
  <reviews>
   622880
  </reviews>
  <new>
   -
  </new>
  <exclusive>
   yes
  </exclusive>
 </clothing>
 <clothing>
  <id>
   865594287
  </id>
  <name>
   New Balance Belts D-5315
  </name>
  <category>
   Belts
  </category>
  <size>
   XL
  </size>
  <color>
   Голубой
  </color>
  <material>
   Нейлон
  </material>
  <price>
   353422
  </price>
  <rating>
   3.94
  </rating>
  <reviews>
   379438
  </reviews>
  <new>
   -
  </new>
  <exclusive>
   no
  </exclusive>
 </clothing>
 <clothing>
  <id>
   609111909
  </id>
  <name>
   Addidas Jacket T-7484
  </name>
  <category>
   Jacket
  </category>
  <size>
   L
  </size>
  <color>
   Зеленый
  </color>
  <material>
   Шелк
  </material>
  <price>
   326160
  </price>
  <rating>
   2.72
  </rating>
  <reviews>
   383811
  </reviews>
  <exclusive>
   yes
  </exclusive>
  <sporty>
   no
  </sporty>
 </clothing>
 <clothing>
  <id>
   539363973
  </id>
  <name>
   DC Skirt Y-5659
  </name>
  <category>
   Skirt
  </category>
  <size>
   XXL
  </size>
  <color>
   Желтый
  </color>
  <material>
   Шелк
  </material>
  <price>
   517708
  </price>
  <rating>
   1.47
  </rating>
  <reviews>
   645593
  </reviews>
 </clothing>
 <clothing>
  <id>
   913119237
  </id>
  <name>
   Converse Gloves B-5030
  </name>
  <category>
   Gloves
  </category>
  <size>
   XXL
  </size>
  <color>
   Зеленый
  </color>
  <material>
   Шерсть
  </material>
  <price>
   318087
  </price>
  <rating>
   4.52
  </rating>
  <reviews>
   43111
  </reviews>
  <new>
   +
  </new>
  <exclusive>
   yes
  </exclusive>
 </clothing>
 <clothing>
  <id>
   487366339
  </id>
  <name>
   New Balance Blouse W-3834
  </name>
  <category>
   Blouse
  </category>
  <size>
   L
  </size>
  <color>
   Фиолетовый
  </color>
  <material>
   Шерсть
  </material>
  <price>
   948934
  </price>
  <rating>
   3.87
  </rating>
  <reviews>
   430356
  </reviews>
  <sporty>
   no
  </sporty>
 </clothing>
 <clothing>
  <id>
   169670111
  </id>
  <name>
   Reebok Dress Y-5518
  </name>
  <category>
   Dress
  </category>
  <size>
   L
  </size>
  <color>
   Зеленый
  </color>
  <material>
   Шерсть
  </material>
  <price>
   667565
  </price>
  <rating>
   3.68
  </rating>
  <reviews>
   157450
  </reviews>
  <new>
   -
  </new>
  <exclusive>
   no
  </exclusive>
  <sporty>
   no
  </sporty>
 </clothing>
 <clothing>
  <id>
   977001190
  </id>
  <name>
   Asics Belts E-8484
  </name>
  <category>
   Belts
  </category>
  <size>
   L
  </size>
  <color>
   Фиолетовый
  </color>
  <material>
   Лен
  </material>
  <price>
   543473
  </price>
  <rating>
   1.88
  </rating>
  <reviews>
   55881
  </reviews>
  <exclusive>
   yes
  </exclusive>
  <sporty>
   no
  </sporty>
 </clothing>
 <clothing>
  <id>
   708171525
  </id>
  <name>
   Adidas Blouse F-2034
  </name>
  <category>
   Blouse
  </category>
  <size>
   M
  </size>
  <color>
   Синий
  </color>
  <material>
   Лен
  </material>
  <price>
   815613
  </price>
  <rating>
   3.63
  </rating>
  <reviews>
   221651
  </reviews>
  <new>
   +
  </new>
  <exclusive>
   yes
  </exclusive>
  <sporty>
   yes
  </sporty>
 </clothing>
 <clothing>
  <id>
   500722170
  </id>
  <name>
   Reebok Belts S-7927
  </name>
  <category>
   Belts
  </category>
  <size>
   M
  </size>
  <color>
   Фиолетовый
  </color>
  <material>
   Нейлон
  </material>
  <price>
   542404
  </price>
  <rating>
   2.6
  </rating>
  <reviews>
   732159
  </reviews>
 </clothing>
 <clothing>
  <id>
   640566316
  </id>
  <name>
   Addidas Blouse Z-8509
  </name>
  <category>
   Blouse
  </category>
  <size>
   XXL
  </size>
  <color>
   Фиолетовый
  </color>
  <material>
   Вискоза
  </material>
  <price>
   572394
  </price>
  <rating>
   2.58
  </rating>
  <reviews>
   356934
  </reviews>
  <exclusive>
   yes
  </exclusive>
  <sporty>
   no
  </sporty>
 </clothing>
 <clothing>
  <id>
   652223026
  </id>
  <name>
   Asics Jacket O-2068
  </name>
  <category>
   Jacket
  </category>
  <size>
   XL
  </size>
  <color>
   Фиолетовый
  </color>
  <material>
   Полиэстер
  </material>
  <price>
   411495
  </price>
  <rating>
   1.02
  </rating>
  <reviews>
   182823
  </reviews>
  <new>
   -
  </new>
  <exclusive>
   no
  </exclusive>
  <sporty>
   yes
  </sporty>
 </clothing>
 <clothing>
  <id>
   167297197
  </id>
  <name>
   DC Handbags N-5922
  </name>
  <category>
   Handbags
  </category>
  <size>
   XL
  </size>
  <color>
   Желтый
  </color>
  <material>
   Шерсть
  </material>
  <price>
   448782
  </price>
  <rating>
   2.61
  </rating>
  <reviews>
   113709
  </reviews>
  <exclusive>
   no
  </exclusive>
  <sporty>
   no
  </sporty>
 </clothing>
 <clothing>
  <id>
   877308329
  </id>
  <name>
   Ellesse Blouse B-3226
  </name>
  <category>
   Blouse
  </category>
  <size>
   XL
  </size>
  <color>
   Оранжевый
  </color>
  <material>
   Вискоза
  </material>
  <price>
   536071
  </price>
  <rating>
   4.21
  </rating>
  <reviews>
   213177
  </reviews>
 </clothing>
 <clothing>
  <id>
   956191214
  </id>
  <name>
   Ellesse Belts P-2365
  </name>
  <category>
   Belts
  </category>
  <size>
   XXL
  </size>
  <color>
   Оранжевый
  </color>
  <material>
   Кожа
  </material>
  <price>
   843236
  </price>
  <rating>
   3.44
  </rating>
  <reviews>
   33462
  </reviews>
  <new>
   +
  </new>
  <exclusive>
   no
  </exclusive>
  <sporty>
   yes
  </sporty>
 </clothing>
 <clothing>
  <id>
   222790688
  </id>
  <name>
   Asics Blouse T-8180
  </name>
  <category>
   Blouse
  </category>
  <size>
   S
  </size>
  <color>
   Голубой
  </color>
  <material>
   Кожа
  </material>
  <price>
   826893
  </price>
  <rating>
   2.61
  </rating>
  <reviews>
   477679
  </reviews>
  <sporty>
   yes
  </sporty>
 </clothing>
 <clothing>
  <id>
   415312592
  </id>
  <name>
   Asics Umbrellas X-1986
  </name>
  <category>
   Umbrellas
  </category>
  <size>
   M
  </size>
  <color>
   Оранжевый
  </color>
  <material>
   Шелк
  </material>
  <price>
   482095
  </price>
  <rating>
   1.51
  </rating>
  <reviews>
   671408
  </reviews>
  <exclusive>
   yes
  </exclusive>
  <sporty>
   yes
  </sporty>
 </clothing>
 <clothing>
  <id>
   810593289
  </id>
  <name>
   Nike Hat K-1234
  </name>
  <category>
   Hat
  </category>
  <size>
   XL
  </size>
  <color>
   Синий
  </color>
  <material>
   Лен
  </material>
  <price>
   962799
  </price>
  <rating>
   3.55
  </rating>
  <reviews>
   615366
  </reviews>
  <sporty>
   no
  </sporty>
 </clothing>
 <clothing>
  <id>
   173778263
  </id>
  <name>
   Under Armour Skirt Q-1437
  </name>
  <category>
   Skirt
  </category>
  <size>
   M
  </size>
  <color>
   Желтый
  </color>
  <material>
   Кожа
  </material>
  <price>
   537313
  </price>
  <rating>
   1.01
  </rating>
  <reviews>
   422182
  </reviews>
  <exclusive>
   no
  </exclusive>
  <sporty>
   yes
  </sporty>
 </clothing>
 <clothing>
  <id>
   207012617
  </id>
  <name>
   Reebok Blouse G-2990
  </name>
  <category>
   Blouse
  </category>
  <size>
   S
  </size>
  <color>
   Оранжевый
  </color>
  <material>
   Шерсть
  </material>
  <price>
   314997
  </price>
  <rating>
   1.38
  </rating>
  <reviews>
   410359
  </reviews>
  <exclusive>
   yes
  </exclusive>
 </clothing>
</clothing-items>
