<?xml version="1.0" encoding="utf-8"?>
<clothing-items>
 <clothing>
  <id>
   460414761
  </id>
  <name>
   Ellesse Blouse S-1514
  </name>
  <category>
   Blouse
  </category>
  <size>
   L
  </size>
  <color>
   Желтый
  </color>
  <material>
   Нейлон
  </material>
  <price>
   165149
  </price>
  <rating>
   1.35
  </rating>
  <reviews>
   952895
  </reviews>
  <new>
   +
  </new>
  <exclusive>
   yes
  </exclusive>
 </clothing>
 <clothing>
  <id>
   412313221
  </id>
  <name>
   Under Armour T-shirt M-2589
  </name>
  <category>
   T-shirt
  </category>
  <size>
   XL
  </size>
  <color>
   Зеленый
  </color>
  <material>
   Полиэстер
  </material>
  <price>
   244522
  </price>
  <rating>
   2.74
  </rating>
  <reviews>
   257189
  </reviews>
  <new>
   -
  </new>
  <exclusive>
   yes
  </exclusive>
  <sporty>
   yes
  </sporty>
 </clothing>
 <clothing>
  <id>
   814294409
  </id>
  <name>
   Converse Blouse X-8900
  </name>
  <category>
   Blouse
  </category>
  <size>
   XXL
  </size>
  <color>
   Фиолетовый
  </color>
  <material>
   Кожа
  </material>
  <price>
   899497
  </price>
  <rating>
   3.45
  </rating>
  <reviews>
   756826
  </reviews>
  <new>
   -
  </new>
  <exclusive>
   yes
  </exclusive>
 </clothing>
 <clothing>
  <id>
   617357350
  </id>
  <name>
   Puma Blouse Q-5919
  </name>
  <category>
   Blouse
  </category>
  <size>
   S
  </size>
  <color>
   Синий
  </color>
  <material>
   Шелк
  </material>
  <price>
   932716
  </price>
  <rating>
   2.82
  </rating>
  <reviews>
   285562
  </reviews>
  <exclusive>
   yes
  </exclusive>
  <sporty>
   no
  </sporty>
 </clothing>
 <clothing>
  <id>
   330757615
  </id>
  <name>
   Lacoste Socks C-8573
  </name>
  <category>
   Socks
  </category>
  <size>
   XL
  </size>
  <color>
   Красный
  </color>
  <material>
   Нейлон
  </material>
  <price>
   926952
  </price>
  <rating>
   1.21
  </rating>
  <reviews>
   571274
  </reviews>
  <new>
   -
  </new>
  <sporty>
   no
  </sporty>
 </clothing>
 <clothing>
  <id>
   766430314
  </id>
  <name>
   Puma Jacket N-4421
  </name>
  <category>
   Jacket
  </category>
  <size>
   S
  </size>
  <color>
   Красный
  </color>
  <material>
   Нейлон
  </material>
  <price>
   446789
  </price>
  <rating>
   4.45
  </rating>
  <reviews>
   78944
  </reviews>
  <new>
   -
  </new>
  <exclusive>
   yes
  </exclusive>
  <sporty>
   no
  </sporty>
 </clothing>
 <clothing>
  <id>
   528470112
  </id>
  <name>
   Fila Belts P-2334
  </name>
  <category>
   Belts
  </category>
  <size>
   M
  </size>
  <color>
   Желтый
  </color>
  <material>
   Шерсть
  </material>
  <price>
   173133
  </price>
  <rating>
   2.16
  </rating>
  <reviews>
   330141
  </reviews>
  <new>
   +
  </new>
  <sporty>
   no
  </sporty>
 </clothing>
 <clothing>
  <id>
   686443562
  </id>
  <name>
   Under Armour Jacket Z-1633
  </name>
  <category>
   Jacket
  </category>
  <size>
   XXL
  </size>
  <color>
   Синий
  </color>
  <material>
   Нейлон
  </material>
  <price>
   571331
  </price>
  <rating>
   2.11
  </rating>
  <reviews>
   265088
  </reviews>
  <new>
   +
  </new>
 </clothing>
 <clothing>
  <id>
   846502694
  </id>
  <name>
   Asics Sweater H-7759
  </name>
  <category>
   Sweater
  </category>
  <size>
   XL
  </size>
  <color>
   Голубой
  </color>
  <material>
   Кожа
  </material>
  <price>
   112077
  </price>
  <rating>
   4.96
  </rating>
  <reviews>
   522210
  </reviews>
  <new>
   +
  </new>
  <sporty>
   no
  </sporty>
 </clothing>
 <clothing>
  <id>
   702766468
  </id>
  <name>
   Nike Shirt Z-9080
  </name>
  <category>
   Shirt
  </category>
  <size>
   S
  </size>
  <color>
   Красный
  </color>
  <material>
   Нейлон
  </material>
  <price>
   990244
  </price>
  <rating>
   2.93
  </rating>
  <reviews>
   68270
  </reviews>
  <new>
   +
  </new>
  <exclusive>
   no
  </exclusive>
  <sporty>
   no
  </sporty>
 </clothing>
 <clothing>
  <id>
   471275554
  </id>
  <name>
   Adidas Shoes Y-2110
  </name>
  <category>
   Shoes
  </category>
  <size>
   L
  </size>
  <color>
   Оранжевый
  </color>
  <material>
   Шерсть
  </material>
  <price>
   188072
  </price>
  <rating>
   4.68
  </rating>
  <reviews>
   451351
  </reviews>
  <new>
   -
  </new>
  <sporty>
   no
  </sporty>
 </clothing>
 <clothing>
  <id>
   800723928
  </id>
  <name>
   Under Armour Handbags O-8959
  </name>
  <category>
   Handbags
  </category>
  <size>
   S
  </size>
  <color>
   Зеленый
  </color>
  <material>
   Полиэстер
  </material>
  <price>
   101312
  </price>
  <rating>
   2.4
  </rating>
  <reviews>
   608960
  </reviews>
  <new>
   -
  </new>
 </clothing>
 <clothing>
  <id>
   466827539
  </id>
  <name>
   Brooks Belts C-7387
  </name>
  <category>
   Belts
  </category>
  <size>
   XL
  </size>
  <color>
   Зеленый
  </color>
  <material>
   Лен
  </material>
  <price>
   777228
  </price>
  <rating>
   4.52
  </rating>
  <reviews>
   493484
  </reviews>
  <new>
   -
  </new>
  <exclusive>
   no
  </exclusive>
  <sporty>
   yes
  </sporty>
 </clothing>
 <clothing>
  <id>
   742699836
  </id>
  <name>
   Adidas Jacket T-8518
  </name>
  <category>
   Jacket
  </category>
  <size>
   S
  </size>
  <color>
   Желтый
  </color>
  <material>
   Лен
  </material>
  <price>
   551662
  </price>
  <rating>
   1.25
  </rating>
  <reviews>
   14901
  </reviews>
  <new>
   -
  </new>
  <exclusive>
   yes
  </exclusive>
  <sporty>
   no
  </sporty>
 </clothing>
 <clothing>
  <id>
   563296710
  </id>
  <name>
   Addidas Hat Q-6073
  </name>
  <category>
   Hat
  </category>
  <size>
   XXL
  </size>
  <color>
   Желтый
  </color>
  <material>
   Шелк
  </material>
  <price>
   679040
  </price>
  <rating>
   2.28
  </rating>
  <reviews>
   281150
  </reviews>
  <new>
   +
  </new>
  <exclusive>
   yes
  </exclusive>
  <sporty>
   no
  </sporty>
 </clothing>
 <clothing>
  <id>
   874389823
  </id>
  <name>
   Nike Hat U-3830
  </name>
  <category>
   Hat
  </category>
  <size>
   L
  </size>
  <color>
   Голубой
  </color>
  <material>
   Нейлон
  </material>
  <price>
   910607
  </price>
  <rating>
   4.26
  </rating>
  <reviews>
   416498
  </reviews>
  <new>
   +
  </new>
  <exclusive>
   no
  </exclusive>
  <sporty>
   no
  </sporty>
 </clothing>
 <clothing>
  <id>
   686801477
  </id>
  <name>
   Puma Belts A-2060
  </name>
  <category>
   Belts
  </category>
  <size>
   M
  </size>
  <color>
   Зеленый
  </color>
  <material>
   Нейлон
  </material>
  <price>
   877147
  </price>
  <rating>
   3.39
  </rating>
  <reviews>
   172100
  </reviews>
  <new>
   +
  </new>
  <exclusive>
   yes
  </exclusive>
  <sporty>
   yes
  </sporty>
 </clothing>
 <clothing>
  <id>
   186603590
  </id>
  <name>
   Brooks Blouse M-1604
  </name>
  <category>
   Blouse
  </category>
  <size>
   XL
  </size>
  <color>
   Голубой
  </color>
  <material>
   Шерсть
  </material>
  <price>
   848240
  </price>
  <rating>
   1.83
  </rating>
  <reviews>
   740868
  </reviews>
  <new>
   +
  </new>
  <exclusive>
   yes
  </exclusive>
 </clothing>
 <clothing>
  <id>
   417784261
  </id>
  <name>
   Reebok Belts P-8878
  </name>
  <category>
   Belts
  </category>
  <size>
   M
  </size>
  <color>
   Оранжевый
  </color>
  <material>
   Полиэстер
  </material>
  <price>
   319575
  </price>
  <rating>
   3.46
  </rating>
  <reviews>
   719638
  </reviews>
  <new>
   -
  </new>
  <exclusive>
   no
  </exclusive>
  <sporty>
   no
  </sporty>
 </clothing>
 <clothing>
  <id>
   537517295
  </id>
  <name>
   Nike Blouse C-4177
  </name>
  <category>
   Blouse
  </category>
  <size>
   L
  </size>
  <color>
   Зеленый
  </color>
  <material>
   Хлопок
  </material>
  <price>
   341494
  </price>
  <rating>
   1.52
  </rating>
  <reviews>
   31710
  </reviews>
  <exclusive>
   no
  </exclusive>
 </clothing>
 <clothing>
  <id>
   245803754
  </id>
  <name>
   Nike Handbags S-9677
  </name>
  <category>
   Handbags
  </category>
  <size>
   S
  </size>
  <color>
   Желтый
  </color>
  <material>
   Кожа
  </material>
  <price>
   475082
  </price>
  <rating>
   1.16
  </rating>
  <reviews>
   796149
  </reviews>
  <new>
   -
  </new>
  <exclusive>
   yes
  </exclusive>
  <sporty>
   yes
  </sporty>
 </clothing>
 <clothing>
  <id>
   164976766
  </id>
  <name>
   Lacoste Jeans W-7780
  </name>
  <category>
   Jeans
  </category>
  <size>
   S
  </size>
  <color>
   Оранжевый
  </color>
  <material>
   Вискоза
  </material>
  <price>
   687621
  </price>
  <rating>
   2.75
  </rating>
  <reviews>
   729113
  </reviews>
  <new>
   -
  </new>
  <sporty>
   yes
  </sporty>
 </clothing>
 <clothing>
  <id>
   744169265
  </id>
  <name>
   Adidas Pants L-2377
  </name>
  <category>
   Pants
  </category>
  <size>
   L
  </size>
  <color>
   Синий
  </color>
  <material>
   Вискоза
  </material>
  <price>
   971531
  </price>
  <rating>
   2.45
  </rating>
  <reviews>
   688953
  </reviews>
  <new>
   +
  </new>
  <sporty>
   no
  </sporty>
 </clothing>
 <clothing>
  <id>
   528343023
  </id>
  <name>
   Vans Skirt G-2365
  </name>
  <category>
   Skirt
  </category>
  <size>
   XXL
  </size>
  <color>
   Оранжевый
  </color>
  <material>
   Вискоза
  </material>
  <price>
   994828
  </price>
  <rating>
   1.97
  </rating>
  <reviews>
   319046
  </reviews>
  <new>
   +
  </new>
  <sporty>
   yes
  </sporty>
 </clothing>
 <clothing>
  <id>
   871801552
  </id>
  <name>
   Vans Umbrellas K-7983
  </name>
  <category>
   Umbrellas
  </category>
  <size>
   XL
  </size>
  <color>
   Фиолетовый
  </color>
  <material>
   Кожа
  </material>
  <price>
   455216
  </price>
  <rating>
   4.4
  </rating>
  <reviews>
   589922
  </reviews>
  <new>
   +
  </new>
  <exclusive>
   no
  </exclusive>
  <sporty>
   yes
  </sporty>
 </clothing>
 <clothing>
  <id>
   965256859
  </id>
  <name>
   Lacoste Umbrellas W-8235
  </name>
  <category>
   Umbrellas
  </category>
  <size>
   XXL
  </size>
  <color>
   Желтый
  </color>
  <material>
   Нейлон
  </material>
  <price>
   777809
  </price>
  <rating>
   3.18
  </rating>
  <reviews>
   264879
  </reviews>
  <sporty>
   yes
  </sporty>
 </clothing>
</clothing-items>
