<?xml version="1.0" encoding="utf-8"?>
<clothing-items>
 <clothing>
  <id>
   517067217
  </id>
  <name>
   Fila Belts G-8384
  </name>
  <category>
   Belts
  </category>
  <size>
   M
  </size>
  <color>
   Фиолетовый
  </color>
  <material>
   Шелк
  </material>
  <price>
   629971
  </price>
  <rating>
   3.45
  </rating>
  <reviews>
   340542
  </reviews>
  <new>
   -
  </new>
  <exclusive>
   yes
  </exclusive>
 </clothing>
 <clothing>
  <id>
   291858152
  </id>
  <name>
   Reebok Shirt L-2250
  </name>
  <category>
   Shirt
  </category>
  <size>
   L
  </size>
  <color>
   Зеленый
  </color>
  <material>
   Шерсть
  </material>
  <price>
   768772
  </price>
  <rating>
   4.99
  </rating>
  <reviews>
   667672
  </reviews>
  <new>
   +
  </new>
  <exclusive>
   no
  </exclusive>
 </clothing>
 <clothing>
  <id>
   681340855
  </id>
  <name>
   Reebok Blouse A-2249
  </name>
  <category>
   Blouse
  </category>
  <size>
   XXL
  </size>
  <color>
   Зеленый
  </color>
  <material>
   Полиэстер
  </material>
  <price>
   780436
  </price>
  <rating>
   4.22
  </rating>
  <reviews>
   267138
  </reviews>
  <new>
   +
  </new>
  <exclusive>
   no
  </exclusive>
  <sporty>
   yes
  </sporty>
 </clothing>
 <clothing>
  <id>
   247450543
  </id>
  <name>
   Fila Jeans L-1101
  </name>
  <category>
   Jeans
  </category>
  <size>
   L
  </size>
  <color>
   Красный
  </color>
  <material>
   Шелк
  </material>
  <price>
   627476
  </price>
  <rating>
   2.17
  </rating>
  <reviews>
   520104
  </reviews>
 </clothing>
 <clothing>
  <id>
   367358601
  </id>
  <name>
   Adidas Shoes E-3525
  </name>
  <category>
   Shoes
  </category>
  <size>
   M
  </size>
  <color>
   Зеленый
  </color>
  <material>
   Шелк
  </material>
  <price>
   982033
  </price>
  <rating>
   1.58
  </rating>
  <reviews>
   345651
  </reviews>
  <exclusive>
   yes
  </exclusive>
  <sporty>
   yes
  </sporty>
 </clothing>
 <clothing>
  <id>
   391561714
  </id>
  <name>
   Converse T-shirt J-9775
  </name>
  <category>
   T-shirt
  </category>
  <size>
   M
  </size>
  <color>
   Желтый
  </color>
  <material>
   Лен
  </material>
  <price>
   827595
  </price>
  <rating>
   1.94
  </rating>
  <reviews>
   107450
  </reviews>
  <new>
   -
  </new>
  <sporty>
   no
  </sporty>
 </clothing>
 <clothing>
  <id>
   207310884
  </id>
  <name>
   Fila Umbrellas J-4964
  </name>
  <category>
   Umbrellas
  </category>
  <size>
   L
  </size>
  <color>
   Желтый
  </color>
  <material>
   Хлопок
  </material>
  <price>
   543402
  </price>
  <rating>
   2.93
  </rating>
  <reviews>
   463639
  </reviews>
  <new>
   -
  </new>
  <exclusive>
   yes
  </exclusive>
  <sporty>
   no
  </sporty>
 </clothing>
 <clothing>
  <id>
   349555287
  </id>
  <name>
   Lacoste Shoes G-7099
  </name>
  <category>
   Shoes
  </category>
  <size>
   S
  </size>
  <color>
   Фиолетовый
  </color>
  <material>
   Шелк
  </material>
  <price>
   270575
  </price>
  <rating>
   1.75
  </rating>
  <reviews>
   578701
  </reviews>
  <new>
   -
  </new>
  <sporty>
   no
  </sporty>
 </clothing>
 <clothing>
  <id>
   722340240
  </id>
  <name>
   New Balance Socks W-5495
  </name>
  <category>
   Socks
  </category>
  <size>
   M
  </size>
  <color>
   Фиолетовый
  </color>
  <material>
   Хлопок
  </material>
  <price>
   837963
  </price>
  <rating>
   4.09
  </rating>
  <reviews>
   927781
  </reviews>
  <new>
   -
  </new>
  <sporty>
   no
  </sporty>
 </clothing>
 <clothing>
  <id>
   850299407
  </id>
  <name>
   Fila Handbags D-8530
  </name>
  <category>
   Handbags
  </category>
  <size>
   L
  </size>
  <color>
   Голубой
  </color>
  <material>
   Кожа
  </material>
  <price>
   703341
  </price>
  <rating>
   4.14
  </rating>
  <reviews>
   840502
  </reviews>
  <new>
   +
  </new>
  <exclusive>
   no
  </exclusive>
 </clothing>
 <clothing>
  <id>
   662521043
  </id>
  <name>
   Under Armour Dress D-5849
  </name>
  <category>
   Dress
  </category>
  <size>
   XXL
  </size>
  <color>
   Желтый
  </color>
  <material>
   Вискоза
  </material>
  <price>
   594150
  </price>
  <rating>
   3.08
  </rating>
  <reviews>
   428791
  </reviews>
  <sporty>
   no
  </sporty>
 </clothing>
 <clothing>
  <id>
   317861611
  </id>
  <name>
   Puma Pants K-8216
  </name>
  <category>
   Pants
  </category>
  <size>
   M
  </size>
  <color>
   Синий
  </color>
  <material>
   Лен
  </material>
  <price>
   293815
  </price>
  <rating>
   2.19
  </rating>
  <reviews>
   724366
  </reviews>
  <exclusive>
   no
  </exclusive>
 </clothing>
 <clothing>
  <id>
   148303315
  </id>
  <name>
   Brooks Hat G-6106
  </name>
  <category>
   Hat
  </category>
  <size>
   XL
  </size>
  <color>
   Желтый
  </color>
  <material>
   Нейлон
  </material>
  <price>
   853959
  </price>
  <rating>
   4.44
  </rating>
  <reviews>
   723799
  </reviews>
  <exclusive>
   no
  </exclusive>
 </clothing>
 <clothing>
  <id>
   924368702
  </id>
  <name>
   Addidas Jeans H-9878
  </name>
  <category>
   Jeans
  </category>
  <size>
   M
  </size>
  <color>
   Красный
  </color>
  <material>
   Вискоза
  </material>
  <price>
   732044
  </price>
  <rating>
   2.08
  </rating>
  <reviews>
   270356
  </reviews>
  <sporty>
   no
  </sporty>
 </clothing>
 <clothing>
  <id>
   873974120
  </id>
  <name>
   New Balance T-shirt D-9207
  </name>
  <category>
   T-shirt
  </category>
  <size>
   XXL
  </size>
  <color>
   Красный
  </color>
  <material>
   Полиэстер
  </material>
  <price>
   957762
  </price>
  <rating>
   3.98
  </rating>
  <reviews>
   225036
  </reviews>
  <new>
   -
  </new>
  <sporty>
   yes
  </sporty>
 </clothing>
 <clothing>
  <id>
   825006126
  </id>
  <name>
   Addidas Shirt D-4217
  </name>
  <category>
   Shirt
  </category>
  <size>
   M
  </size>
  <color>
   Фиолетовый
  </color>
  <material>
   Нейлон
  </material>
  <price>
   227755
  </price>
  <rating>
   3.43
  </rating>
  <reviews>
   138993
  </reviews>
  <new>
   +
  </new>
 </clothing>
 <clothing>
  <id>
   506156150
  </id>
  <name>
   Addidas Pants J-6009
  </name>
  <category>
   Pants
  </category>
  <size>
   S
  </size>
  <color>
   Зеленый
  </color>
  <material>
   Шерсть
  </material>
  <price>
   633310
  </price>
  <rating>
   2.0
  </rating>
  <reviews>
   374008
  </reviews>
  <new>
   -
  </new>
  <exclusive>
   yes
  </exclusive>
 </clothing>
 <clothing>
  <id>
   138654071
  </id>
  <name>
   Lacoste Jacket P-1746
  </name>
  <category>
   Jacket
  </category>
  <size>
   XL
  </size>
  <color>
   Голубой
  </color>
  <material>
   Вискоза
  </material>
  <price>
   631857
  </price>
  <rating>
   4.01
  </rating>
  <reviews>
   519797
  </reviews>
  <exclusive>
   no
  </exclusive>
 </clothing>
 <clothing>
  <id>
   394851719
  </id>
  <name>
   Under Armour Umbrellas L-5405
  </name>
  <category>
   Umbrellas
  </category>
  <size>
   XL
  </size>
  <color>
   Фиолетовый
  </color>
  <material>
   Вискоза
  </material>
  <price>
   267160
  </price>
  <rating>
   3.82
  </rating>
  <reviews>
   824411
  </reviews>
  <exclusive>
   no
  </exclusive>
  <sporty>
   no
  </sporty>
 </clothing>
 <clothing>
  <id>
   552424576
  </id>
  <name>
   Adidas Hat T-3252
  </name>
  <category>
   Hat
  </category>
  <size>
   XXL
  </size>
  <color>
   Желтый
  </color>
  <material>
   Вискоза
  </material>
  <price>
   610116
  </price>
  <rating>
   3.01
  </rating>
  <reviews>
   585842
  </reviews>
  <sporty>
   no
  </sporty>
 </clothing>
 <clothing>
  <id>
   667686164
  </id>
  <name>
   Converse Socks Y-7785
  </name>
  <category>
   Socks
  </category>
  <size>
   S
  </size>
  <color>
   Желтый
  </color>
  <material>
   Хлопок
  </material>
  <price>
   658114
  </price>
  <rating>
   3.22
  </rating>
  <reviews>
   394967
  </reviews>
 </clothing>
 <clothing>
  <id>
   161536532
  </id>
  <name>
   Nike Hat R-2969
  </name>
  <category>
   Hat
  </category>
  <size>
   XL
  </size>
  <color>
   Желтый
  </color>
  <material>
   Кожа
  </material>
  <price>
   361446
  </price>
  <rating>
   1.59
  </rating>
  <reviews>
   32893
  </reviews>
  <new>
   +
  </new>
  <sporty>
   no
  </sporty>
 </clothing>
 <clothing>
  <id>
   617814517
  </id>
  <name>
   Nike Skirt T-4546
  </name>
  <category>
   Skirt
  </category>
  <size>
   S
  </size>
  <color>
   Голубой
  </color>
  <material>
   Полиэстер
  </material>
  <price>
   390170
  </price>
  <rating>
   1.15
  </rating>
  <reviews>
   196768
  </reviews>
  <new>
   -
  </new>
  <sporty>
   no
  </sporty>
 </clothing>
 <clothing>
  <id>
   303362528
  </id>
  <name>
   Converse Socks V-9875
  </name>
  <category>
   Socks
  </category>
  <size>
   XL
  </size>
  <color>
   Фиолетовый
  </color>
  <material>
   Шерсть
  </material>
  <price>
   525703
  </price>
  <rating>
   3.01
  </rating>
  <reviews>
   667102
  </reviews>
 </clothing>
 <clothing>
  <id>
   236152069
  </id>
  <name>
   Addidas Socks Q-7087
  </name>
  <category>
   Socks
  </category>
  <size>
   XXL
  </size>
  <color>
   Зеленый
  </color>
  <material>
   Нейлон
  </material>
  <price>
   162063
  </price>
  <rating>
   4.42
  </rating>
  <reviews>
   603406
  </reviews>
  <new>
   -
  </new>
 </clothing>
 <clothing>
  <id>
   629673546
  </id>
  <name>
   Vans Gloves X-3476
  </name>
  <category>
   Gloves
  </category>
  <size>
   XXL
  </size>
  <color>
   Желтый
  </color>
  <material>
   Полиэстер
  </material>
  <price>
   817185
  </price>
  <rating>
   3.68
  </rating>
  <reviews>
   473075
  </reviews>
  <exclusive>
   no
  </exclusive>
 </clothing>
 <clothing>
  <id>
   804541847
  </id>
  <name>
   Lacoste Shoes P-4949
  </name>
  <category>
   Shoes
  </category>
  <size>
   M
  </size>
  <color>
   Оранжевый
  </color>
  <material>
   Нейлон
  </material>
  <price>
   947563
  </price>
  <rating>
   1.49
  </rating>
  <reviews>
   31915
  </reviews>
  <exclusive>
   yes
  </exclusive>
  <sporty>
   yes
  </sporty>
 </clothing>
 <clothing>
  <id>
   517290898
  </id>
  <name>
   Asics Pants V-3966
  </name>
  <category>
   Pants
  </category>
  <size>
   L
  </size>
  <color>
   Фиолетовый
  </color>
  <material>
   Шелк
  </material>
  <price>
   881654
  </price>
  <rating>
   1.79
  </rating>
  <reviews>
   936364
  </reviews>
  <sporty>
   yes
  </sporty>
 </clothing>
 <clothing>
  <id>
   860987550
  </id>
  <name>
   Addidas Blouse A-3425
  </name>
  <category>
   Blouse
  </category>
  <size>
   XXL
  </size>
  <color>
   Оранжевый
  </color>
  <material>
   Нейлон
  </material>
  <price>
   471000
  </price>
  <rating>
   1.88
  </rating>
  <reviews>
   950193
  </reviews>
  <new>
   -
  </new>
  <exclusive>
   no
  </exclusive>
  <sporty>
   no
  </sporty>
 </clothing>
 <clothing>
  <id>
   170592220
  </id>
  <name>
   DC Blouse V-2266
  </name>
  <category>
   Blouse
  </category>
  <size>
   XL
  </size>
  <color>
   Желтый
  </color>
  <material>
   Шелк
  </material>
  <price>
   891402
  </price>
  <rating>
   4.78
  </rating>
  <reviews>
   211071
  </reviews>
  <new>
   +
  </new>
 </clothing>
 <clothing>
  <id>
   458741093
  </id>
  <name>
   Brooks Pants W-4903
  </name>
  <category>
   Pants
  </category>
  <size>
   M
  </size>
  <color>
   Красный
  </color>
  <material>
   Нейлон
  </material>
  <price>
   933647
  </price>
  <rating>
   3.29
  </rating>
  <reviews>
   889668
  </reviews>
  <new>
   +
  </new>
  <exclusive>
   no
  </exclusive>
  <sporty>
   no
  </sporty>
 </clothing>
 <clothing>
  <id>
   357946521
  </id>
  <name>
   Lacoste Belts Q-1615
  </name>
  <category>
   Belts
  </category>
  <size>
   XL
  </size>
  <color>
   Фиолетовый
  </color>
  <material>
   Хлопок
  </material>
  <price>
   145261
  </price>
  <rating>
   3.17
  </rating>
  <reviews>
   37637
  </reviews>
  <new>
   +
  </new>
  <exclusive>
   yes
  </exclusive>
 </clothing>
 <clothing>
  <id>
   643918058
  </id>
  <name>
   Adidas Hat S-8620
  </name>
  <category>
   Hat
  </category>
  <size>
   M
  </size>
  <color>
   Фиолетовый
  </color>
  <material>
   Вискоза
  </material>
  <price>
   460928
  </price>
  <rating>
   1.48
  </rating>
  <reviews>
   781248
  </reviews>
  <new>
   -
  </new>
 </clothing>
 <clothing>
  <id>
   243047203
  </id>
  <name>
   Adidas Sweater K-5363
  </name>
  <category>
   Sweater
  </category>
  <size>
   XL
  </size>
  <color>
   Фиолетовый
  </color>
  <material>
   Нейлон
  </material>
  <price>
   473359
  </price>
  <rating>
   1.72
  </rating>
  <reviews>
   993939
  </reviews>
  <exclusive>
   yes
  </exclusive>
 </clothing>
 <clothing>
  <id>
   374259199
  </id>
  <name>
   Asics Dress X-5287
  </name>
  <category>
   Dress
  </category>
  <size>
   XXL
  </size>
  <color>
   Голубой
  </color>
  <material>
   Шерсть
  </material>
  <price>
   171186
  </price>
  <rating>
   4.39
  </rating>
  <reviews>
   85348
  </reviews>
  <new>
   -
  </new>
  <exclusive>
   no
  </exclusive>
  <sporty>
   no
  </sporty>
 </clothing>
 <clothing>
  <id>
   309322977
  </id>
  <name>
   Reebok Sweater A-7862
  </name>
  <category>
   Sweater
  </category>
  <size>
   XL
  </size>
  <color>
   Оранжевый
  </color>
  <material>
   Лен
  </material>
  <price>
   744105
  </price>
  <rating>
   2.7
  </rating>
  <reviews>
   427423
  </reviews>
  <exclusive>
   no
  </exclusive>
 </clothing>
 <clothing>
  <id>
   729098433
  </id>
  <name>
   Brooks Socks X-3637
  </name>
  <category>
   Socks
  </category>
  <size>
   XXL
  </size>
  <color>
   Фиолетовый
  </color>
  <material>
   Шерсть
  </material>
  <price>
   351856
  </price>
  <rating>
   4.63
  </rating>
  <reviews>
   14101
  </reviews>
  <new>
   -
  </new>
  <exclusive>
   yes
  </exclusive>
  <sporty>
   no
  </sporty>
 </clothing>
 <clothing>
  <id>
   185385545
  </id>
  <name>
   Under Armour Jacket M-3950
  </name>
  <category>
   Jacket
  </category>
  <size>
   XL
  </size>
  <color>
   Оранжевый
  </color>
  <material>
   Хлопок
  </material>
  <price>
   449794
  </price>
  <rating>
   4.15
  </rating>
  <reviews>
   405092
  </reviews>
  <new>
   -
  </new>
 </clothing>
 <clothing>
  <id>
   790021415
  </id>
  <name>
   Vans Gloves Y-2288
  </name>
  <category>
   Gloves
  </category>
  <size>
   M
  </size>
  <color>
   Голубой
  </color>
  <material>
   Нейлон
  </material>
  <price>
   160855
  </price>
  <rating>
   1.57
  </rating>
  <reviews>
   963884
  </reviews>
  <exclusive>
   yes
  </exclusive>
  <sporty>
   yes
  </sporty>
 </clothing>
 <clothing>
  <id>
   784519776
  </id>
  <name>
   Brooks Skirt G-9023
  </name>
  <category>
   Skirt
  </category>
  <size>
   XL
  </size>
  <color>
   Зеленый
  </color>
  <material>
   Хлопок
  </material>
  <price>
   520593
  </price>
  <rating>
   3.55
  </rating>
  <reviews>
   115326
  </reviews>
  <new>
   +
  </new>
  <exclusive>
   no
  </exclusive>
  <sporty>
   no
  </sporty>
 </clothing>
 <clothing>
  <id>
   135688463
  </id>
  <name>
   Ellesse Belts M-6582
  </name>
  <category>
   Belts
  </category>
  <size>
   XL
  </size>
  <color>
   Голубой
  </color>
  <material>
   Полиэстер
  </material>
  <price>
   737208
  </price>
  <rating>
   1.35
  </rating>
  <reviews>
   783390
  </reviews>
  <exclusive>
   no
  </exclusive>
  <sporty>
   no
  </sporty>
 </clothing>
 <clothing>
  <id>
   822975735
  </id>
  <name>
   Converse Shirt D-7430
  </name>
  <category>
   Shirt
  </category>
  <size>
   XL
  </size>
  <color>
   Голубой
  </color>
  <material>
   Кожа
  </material>
  <price>
   445296
  </price>
  <rating>
   2.37
  </rating>
  <reviews>
   880917
  </reviews>
  <new>
   +
  </new>
  <exclusive>
   no
  </exclusive>
  <sporty>
   no
  </sporty>
 </clothing>
 <clothing>
  <id>
   803477395
  </id>
  <name>
   Fila Socks D-9387
  </name>
  <category>
   Socks
  </category>
  <size>
   M
  </size>
  <color>
   Голубой
  </color>
  <material>
   Полиэстер
  </material>
  <price>
   576579
  </price>
  <rating>
   4.98
  </rating>
  <reviews>
   942372
  </reviews>
  <exclusive>
   no
  </exclusive>
  <sporty>
   no
  </sporty>
 </clothing>
 <clothing>
  <id>
   570204700
  </id>
  <name>
   Fila Skirt Y-6165
  </name>
  <category>
   Skirt
  </category>
  <size>
   S
  </size>
  <color>
   Фиолетовый
  </color>
  <material>
   Нейлон
  </material>
  <price>
   143066
  </price>
  <rating>
   3.19
  </rating>
  <reviews>
   816278
  </reviews>
  <new>
   +
  </new>
  <exclusive>
   no
  </exclusive>
  <sporty>
   yes
  </sporty>
 </clothing>
 <clothing>
  <id>
   826674670
  </id>
  <name>
   Fila Socks N-3772
  </name>
  <category>
   Socks
  </category>
  <size>
   S
  </size>
  <color>
   Зеленый
  </color>
  <material>
   Нейлон
  </material>
  <price>
   190742
  </price>
  <rating>
   1.68
  </rating>
  <reviews>
   51573
  </reviews>
  <exclusive>
   yes
  </exclusive>
 </clothing>
 <clothing>
  <id>
   655822532
  </id>
  <name>
   Addidas Jacket O-6865
  </name>
  <category>
   Jacket
  </category>
  <size>
   XL
  </size>
  <color>
   Зеленый
  </color>
  <material>
   Вискоза
  </material>
  <price>
   923627
  </price>
  <rating>
   4.73
  </rating>
  <reviews>
   853887
  </reviews>
  <exclusive>
   no
  </exclusive>
 </clothing>
 <clothing>
  <id>
   107444217
  </id>
  <name>
   Lacoste Pants W-3284
  </name>
  <category>
   Pants
  </category>
  <size>
   S
  </size>
  <color>
   Зеленый
  </color>
  <material>
   Кожа
  </material>
  <price>
   118973
  </price>
  <rating>
   1.15
  </rating>
  <reviews>
   799710
  </reviews>
  <exclusive>
   no
  </exclusive>
  <sporty>
   yes
  </sporty>
 </clothing>
 <clothing>
  <id>
   776110736
  </id>
  <name>
   New Balance T-shirt V-2315
  </name>
  <category>
   T-shirt
  </category>
  <size>
   L
  </size>
  <color>
   Голубой
  </color>
  <material>
   Кожа
  </material>
  <price>
   911722
  </price>
  <rating>
   4.96
  </rating>
  <reviews>
   462769
  </reviews>
  <new>
   -
  </new>
  <exclusive>
   no
  </exclusive>
 </clothing>
</clothing-items>
