<?xml version="1.0" encoding="utf-8"?>
<clothing-items>
 <clothing>
  <id>
   139225750
  </id>
  <name>
   Ellesse Sweater B-2968
  </name>
  <category>
   Sweater
  </category>
  <size>
   S
  </size>
  <color>
   Синий
  </color>
  <material>
   Шелк
  </material>
  <price>
   684892
  </price>
  <rating>
   3.09
  </rating>
  <reviews>
   222030
  </reviews>
  <new>
   -
  </new>
  <exclusive>
   yes
  </exclusive>
  <sporty>
   no
  </sporty>
 </clothing>
 <clothing>
  <id>
   978282130
  </id>
  <name>
   Fila Sweater O-5439
  </name>
  <category>
   Sweater
  </category>
  <size>
   XXL
  </size>
  <color>
   Красный
  </color>
  <material>
   Хлопок
  </material>
  <price>
   675429
  </price>
  <rating>
   4.21
  </rating>
  <reviews>
   718649
  </reviews>
  <new>
   -
  </new>
  <exclusive>
   no
  </exclusive>
  <sporty>
   no
  </sporty>
 </clothing>
 <clothing>
  <id>
   465981663
  </id>
  <name>
   PleinSport Handbags H-2370
  </name>
  <category>
   Handbags
  </category>
  <size>
   XL
  </size>
  <color>
   Фиолетовый
  </color>
  <material>
   Шерсть
  </material>
  <price>
   345409
  </price>
  <rating>
   1.28
  </rating>
  <reviews>
   924308
  </reviews>
  <exclusive>
   no
  </exclusive>
  <sporty>
   yes
  </sporty>
 </clothing>
 <clothing>
  <id>
   663512726
  </id>
  <name>
   Nike Shoes C-4181
  </name>
  <category>
   Shoes
  </category>
  <size>
   L
  </size>
  <color>
   Синий
  </color>
  <material>
   Шелк
  </material>
  <price>
   330367
  </price>
  <rating>
   2.05
  </rating>
  <reviews>
   353577
  </reviews>
  <new>
   -
  </new>
  <exclusive>
   yes
  </exclusive>
 </clothing>
 <clothing>
  <id>
   825611064
  </id>
  <name>
   DC Skirt J-1875
  </name>
  <category>
   Skirt
  </category>
  <size>
   XL
  </size>
  <color>
   Красный
  </color>
  <material>
   Кожа
  </material>
  <price>
   574243
  </price>
  <rating>
   3.22
  </rating>
  <reviews>
   99654
  </reviews>
 </clothing>
 <clothing>
  <id>
   979218675
  </id>
  <name>
   PleinSport Gloves R-9559
  </name>
  <category>
   Gloves
  </category>
  <size>
   S
  </size>
  <color>
   Синий
  </color>
  <material>
   Кожа
  </material>
  <price>
   192980
  </price>
  <rating>
   1.57
  </rating>
  <reviews>
   962045
  </reviews>
  <exclusive>
   no
  </exclusive>
  <sporty>
   no
  </sporty>
 </clothing>
 <clothing>
  <id>
   562845459
  </id>
  <name>
   Vans Shirt V-5114
  </name>
  <category>
   Shirt
  </category>
  <size>
   L
  </size>
  <color>
   Зеленый
  </color>
  <material>
   Хлопок
  </material>
  <price>
   903753
  </price>
  <rating>
   2.12
  </rating>
  <reviews>
   186393
  </reviews>
  <new>
   +
  </new>
  <exclusive>
   yes
  </exclusive>
 </clothing>
 <clothing>
  <id>
   425380317
  </id>
  <name>
   Converse Jeans N-2568
  </name>
  <category>
   Jeans
  </category>
  <size>
   M
  </size>
  <color>
   Фиолетовый
  </color>
  <material>
   Нейлон
  </material>
  <price>
   541689
  </price>
  <rating>
   4.13
  </rating>
  <reviews>
   857233
  </reviews>
  <new>
   +
  </new>
 </clothing>
 <clothing>
  <id>
   565724324
  </id>
  <name>
   New Balance T-shirt Z-2452
  </name>
  <category>
   T-shirt
  </category>
  <size>
   S
  </size>
  <color>
   Желтый
  </color>
  <material>
   Кожа
  </material>
  <price>
   389229
  </price>
  <rating>
   4.63
  </rating>
  <reviews>
   612211
  </reviews>
  <new>
   -
  </new>
  <exclusive>
   no
  </exclusive>
  <sporty>
   no
  </sporty>
 </clothing>
 <clothing>
  <id>
   510199511
  </id>
  <name>
   New Balance Blouse F-5173
  </name>
  <category>
   Blouse
  </category>
  <size>
   L
  </size>
  <color>
   Оранжевый
  </color>
  <material>
   Шелк
  </material>
  <price>
   808213
  </price>
  <rating>
   4.34
  </rating>
  <reviews>
   61278
  </reviews>
  <exclusive>
   no
  </exclusive>
 </clothing>
 <clothing>
  <id>
   866539627
  </id>
  <name>
   Addidas Belts C-3382
  </name>
  <category>
   Belts
  </category>
  <size>
   S
  </size>
  <color>
   Зеленый
  </color>
  <material>
   Лен
  </material>
  <price>
   544149
  </price>
  <rating>
   3.9
  </rating>
  <reviews>
   675291
  </reviews>
  <new>
   -
  </new>
  <exclusive>
   yes
  </exclusive>
 </clothing>
 <clothing>
  <id>
   801809807
  </id>
  <name>
   Ellesse Jeans T-9360
  </name>
  <category>
   Jeans
  </category>
  <size>
   S
  </size>
  <color>
   Синий
  </color>
  <material>
   Вискоза
  </material>
  <price>
   969608
  </price>
  <rating>
   4.98
  </rating>
  <reviews>
   756710
  </reviews>
  <exclusive>
   yes
  </exclusive>
  <sporty>
   no
  </sporty>
 </clothing>
 <clothing>
  <id>
   765996459
  </id>
  <name>
   PleinSport Blouse B-1556
  </name>
  <category>
   Blouse
  </category>
  <size>
   M
  </size>
  <color>
   Желтый
  </color>
  <material>
   Нейлон
  </material>
  <price>
   176057
  </price>
  <rating>
   1.45
  </rating>
  <reviews>
   978920
  </reviews>
  <new>
   +
  </new>
  <sporty>
   no
  </sporty>
 </clothing>
 <clothing>
  <id>
   187464463
  </id>
  <name>
   Puma Handbags V-7286
  </name>
  <category>
   Handbags
  </category>
  <size>
   XXL
  </size>
  <color>
   Зеленый
  </color>
  <material>
   Нейлон
  </material>
  <price>
   606011
  </price>
  <rating>
   1.53
  </rating>
  <reviews>
   621360
  </reviews>
  <sporty>
   no
  </sporty>
 </clothing>
 <clothing>
  <id>
   967370204
  </id>
  <name>
   PleinSport Shoes X-1837
  </name>
  <category>
   Shoes
  </category>
  <size>
   M
  </size>
  <color>
   Красный
  </color>
  <material>
   Хлопок
  </material>
  <price>
   696376
  </price>
  <rating>
   2.95
  </rating>
  <reviews>
   639140
  </reviews>
 </clothing>
 <clothing>
  <id>
   219601677
  </id>
  <name>
   Ellesse T-shirt N-8389
  </name>
  <category>
   T-shirt
  </category>
  <size>
   XL
  </size>
  <color>
   Красный
  </color>
  <material>
   Шерсть
  </material>
  <price>
   596703
  </price>
  <rating>
   3.3
  </rating>
  <reviews>
   892513
  </reviews>
  <new>
   -
  </new>
  <sporty>
   no
  </sporty>
 </clothing>
 <clothing>
  <id>
   519711941
  </id>
  <name>
   Nike Socks M-9011
  </name>
  <category>
   Socks
  </category>
  <size>
   XXL
  </size>
  <color>
   Зеленый
  </color>
  <material>
   Полиэстер
  </material>
  <price>
   442620
  </price>
  <rating>
   3.96
  </rating>
  <reviews>
   18488
  </reviews>
  <new>
   +
  </new>
  <exclusive>
   yes
  </exclusive>
 </clothing>
 <clothing>
  <id>
   283458425
  </id>
  <name>
   New Balance Belts P-1385
  </name>
  <category>
   Belts
  </category>
  <size>
   XXL
  </size>
  <color>
   Синий
  </color>
  <material>
   Хлопок
  </material>
  <price>
   122497
  </price>
  <rating>
   1.98
  </rating>
  <reviews>
   328688
  </reviews>
  <new>
   +
  </new>
  <exclusive>
   yes
  </exclusive>
  <sporty>
   no
  </sporty>
 </clothing>
 <clothing>
  <id>
   881319653
  </id>
  <name>
   Asics Jeans Z-3827
  </name>
  <category>
   Jeans
  </category>
  <size>
   XXL
  </size>
  <color>
   Красный
  </color>
  <material>
   Вискоза
  </material>
  <price>
   104560
  </price>
  <rating>
   2.73
  </rating>
  <reviews>
   444648
  </reviews>
  <exclusive>
   yes
  </exclusive>
  <sporty>
   no
  </sporty>
 </clothing>
 <clothing>
  <id>
   706454427
  </id>
  <name>
   Adidas Socks W-2322
  </name>
  <category>
   Socks
  </category>
  <size>
   S
  </size>
  <color>
   Оранжевый
  </color>
  <material>
   Вискоза
  </material>
  <price>
   868594
  </price>
  <rating>
   4.78
  </rating>
  <reviews>
   148156
  </reviews>
  <new>
   +
  </new>
 </clothing>
 <clothing>
  <id>
   195017835
  </id>
  <name>
   Addidas Pants W-8579
  </name>
  <category>
   Pants
  </category>
  <size>
   XL
  </size>
  <color>
   Желтый
  </color>
  <material>
   Нейлон
  </material>
  <price>
   574244
  </price>
  <rating>
   2.12
  </rating>
  <reviews>
   878777
  </reviews>
  <exclusive>
   no
  </exclusive>
  <sporty>
   no
  </sporty>
 </clothing>
 <clothing>
  <id>
   544222749
  </id>
  <name>
   Converse Socks L-1524
  </name>
  <category>
   Socks
  </category>
  <size>
   XXL
  </size>
  <color>
   Желтый
  </color>
  <material>
   Лен
  </material>
  <price>
   312993
  </price>
  <rating>
   4.22
  </rating>
  <reviews>
   648669
  </reviews>
  <exclusive>
   no
  </exclusive>
 </clothing>
 <clothing>
  <id>
   547198189
  </id>
  <name>
   Puma Umbrellas J-5844
  </name>
  <category>
   Umbrellas
  </category>
  <size>
   XXL
  </size>
  <color>
   Зеленый
  </color>
  <material>
   Шерсть
  </material>
  <price>
   475346
  </price>
  <rating>
   4.98
  </rating>
  <reviews>
   592055
  </reviews>
  <new>
   -
  </new>
  <sporty>
   no
  </sporty>
 </clothing>
 <clothing>
  <id>
   544671193
  </id>
  <name>
   Asics Pants A-6381
  </name>
  <category>
   Pants
  </category>
  <size>
   XXL
  </size>
  <color>
   Синий
  </color>
  <material>
   Хлопок
  </material>
  <price>
   120398
  </price>
  <rating>
   4.91
  </rating>
  <reviews>
   534419
  </reviews>
  <sporty>
   no
  </sporty>
 </clothing>
 <clothing>
  <id>
   844058859
  </id>
  <name>
   PleinSport Handbags T-3839
  </name>
  <category>
   Handbags
  </category>
  <size>
   L
  </size>
  <color>
   Фиолетовый
  </color>
  <material>
   Кожа
  </material>
  <price>
   153368
  </price>
  <rating>
   3.02
  </rating>
  <reviews>
   591994
  </reviews>
  <sporty>
   yes
  </sporty>
 </clothing>
 <clothing>
  <id>
   647936130
  </id>
  <name>
   Under Armour Hat B-8459
  </name>
  <category>
   Hat
  </category>
  <size>
   L
  </size>
  <color>
   Желтый
  </color>
  <material>
   Полиэстер
  </material>
  <price>
   240810
  </price>
  <rating>
   3.81
  </rating>
  <reviews>
   128942
  </reviews>
 </clothing>
 <clothing>
  <id>
   576094109
  </id>
  <name>
   Puma Umbrellas M-7220
  </name>
  <category>
   Umbrellas
  </category>
  <size>
   XXL
  </size>
  <color>
   Фиолетовый
  </color>
  <material>
   Нейлон
  </material>
  <price>
   439715
  </price>
  <rating>
   4.77
  </rating>
  <reviews>
   619902
  </reviews>
  <exclusive>
   no
  </exclusive>
 </clothing>
 <clothing>
  <id>
   470710224
  </id>
  <name>
   Addidas Socks Y-3343
  </name>
  <category>
   Socks
  </category>
  <size>
   XXL
  </size>
  <color>
   Голубой
  </color>
  <material>
   Хлопок
  </material>
  <price>
   996560
  </price>
  <rating>
   4.19
  </rating>
  <reviews>
   984513
  </reviews>
  <new>
   +
  </new>
 </clothing>
 <clothing>
  <id>
   501869525
  </id>
  <name>
   Adidas Jeans U-1116
  </name>
  <category>
   Jeans
  </category>
  <size>
   L
  </size>
  <color>
   Фиолетовый
  </color>
  <material>
   Лен
  </material>
  <price>
   942045
  </price>
  <rating>
   3.19
  </rating>
  <reviews>
   566438
  </reviews>
  <exclusive>
   yes
  </exclusive>
 </clothing>
 <clothing>
  <id>
   122500191
  </id>
  <name>
   New Balance Shirt O-7877
  </name>
  <category>
   Shirt
  </category>
  <size>
   M
  </size>
  <color>
   Зеленый
  </color>
  <material>
   Шелк
  </material>
  <price>
   352079
  </price>
  <rating>
   3.22
  </rating>
  <reviews>
   580634
  </reviews>
  <new>
   -
  </new>
  <sporty>
   no
  </sporty>
 </clothing>
 <clothing>
  <id>
   272386790
  </id>
  <name>
   Adidas Handbags R-6389
  </name>
  <category>
   Handbags
  </category>
  <size>
   S
  </size>
  <color>
   Голубой
  </color>
  <material>
   Шелк
  </material>
  <price>
   673247
  </price>
  <rating>
   4.76
  </rating>
  <reviews>
   790918
  </reviews>
  <new>
   -
  </new>
  <exclusive>
   yes
  </exclusive>
  <sporty>
   no
  </sporty>
 </clothing>
 <clothing>
  <id>
   224092074
  </id>
  <name>
   Adidas Skirt T-8074
  </name>
  <category>
   Skirt
  </category>
  <size>
   M
  </size>
  <color>
   Синий
  </color>
  <material>
   Лен
  </material>
  <price>
   959839
  </price>
  <rating>
   1.88
  </rating>
  <reviews>
   223302
  </reviews>
  <exclusive>
   yes
  </exclusive>
  <sporty>
   no
  </sporty>
 </clothing>
 <clothing>
  <id>
   331070929
  </id>
  <name>
   Under Armour Hat I-9940
  </name>
  <category>
   Hat
  </category>
  <size>
   L
  </size>
  <color>
   Оранжевый
  </color>
  <material>
   Шерсть
  </material>
  <price>
   882064
  </price>
  <rating>
   4.58
  </rating>
  <reviews>
   985649
  </reviews>
  <exclusive>
   no
  </exclusive>
  <sporty>
   yes
  </sporty>
 </clothing>
 <clothing>
  <id>
   686910239
  </id>
  <name>
   Nike Umbrellas L-6712
  </name>
  <category>
   Umbrellas
  </category>
  <size>
   XL
  </size>
  <color>
   Зеленый
  </color>
  <material>
   Шелк
  </material>
  <price>
   871304
  </price>
  <rating>
   2.41
  </rating>
  <reviews>
   597409
  </reviews>
  <new>
   +
  </new>
  <exclusive>
   no
  </exclusive>
  <sporty>
   yes
  </sporty>
 </clothing>
 <clothing>
  <id>
   725579274
  </id>
  <name>
   Vans Sweater B-1054
  </name>
  <category>
   Sweater
  </category>
  <size>
   XXL
  </size>
  <color>
   Синий
  </color>
  <material>
   Шелк
  </material>
  <price>
   340371
  </price>
  <rating>
   3.54
  </rating>
  <reviews>
   524313
  </reviews>
  <sporty>
   yes
  </sporty>
 </clothing>
 <clothing>
  <id>
   373923761
  </id>
  <name>
   Nike T-shirt Y-1375
  </name>
  <category>
   T-shirt
  </category>
  <size>
   M
  </size>
  <color>
   Голубой
  </color>
  <material>
   Вискоза
  </material>
  <price>
   969984
  </price>
  <rating>
   2.19
  </rating>
  <reviews>
   502258
  </reviews>
  <new>
   -
  </new>
 </clothing>
 <clothing>
  <id>
   477889704
  </id>
  <name>
   PleinSport Pants P-8453
  </name>
  <category>
   Pants
  </category>
  <size>
   M
  </size>
  <color>
   Фиолетовый
  </color>
  <material>
   Вискоза
  </material>
  <price>
   186645
  </price>
  <rating>
   1.42
  </rating>
  <reviews>
   774643
  </reviews>
  <new>
   -
  </new>
  <exclusive>
   no
  </exclusive>
 </clothing>
 <clothing>
  <id>
   416909619
  </id>
  <name>
   Ellesse Belts U-1136
  </name>
  <category>
   Belts
  </category>
  <size>
   XL
  </size>
  <color>
   Голубой
  </color>
  <material>
   Лен
  </material>
  <price>
   731128
  </price>
  <rating>
   1.14
  </rating>
  <reviews>
   918562
  </reviews>
  <sporty>
   no
  </sporty>
 </clothing>
 <clothing>
  <id>
   290276805
  </id>
  <name>
   Under Armour Blouse E-9621
  </name>
  <category>
   Blouse
  </category>
  <size>
   XXL
  </size>
  <color>
   Красный
  </color>
  <material>
   Вискоза
  </material>
  <price>
   754286
  </price>
  <rating>
   4.83
  </rating>
  <reviews>
   694898
  </reviews>
  <new>
   -
  </new>
  <sporty>
   yes
  </sporty>
 </clothing>
 <clothing>
  <id>
   443151508
  </id>
  <name>
   PleinSport T-shirt Z-3423
  </name>
  <category>
   T-shirt
  </category>
  <size>
   L
  </size>
  <color>
   Желтый
  </color>
  <material>
   Шерсть
  </material>
  <price>
   987663
  </price>
  <rating>
   3.78
  </rating>
  <reviews>
   294737
  </reviews>
  <new>
   +
  </new>
 </clothing>
 <clothing>
  <id>
   915392120
  </id>
  <name>
   Addidas Dress A-6510
  </name>
  <category>
   Dress
  </category>
  <size>
   XXL
  </size>
  <color>
   Фиолетовый
  </color>
  <material>
   Кожа
  </material>
  <price>
   188013
  </price>
  <rating>
   3.95
  </rating>
  <reviews>
   417174
  </reviews>
  <new>
   -
  </new>
 </clothing>
</clothing-items>
