<?xml version="1.0" encoding="utf-8"?>
<clothing-items>
 <clothing>
  <id>
   555923814
  </id>
  <name>
   Reebok Shirt Z-1801
  </name>
  <category>
   Shirt
  </category>
  <size>
   M
  </size>
  <color>
   Зеленый
  </color>
  <material>
   Нейлон
  </material>
  <price>
   124175
  </price>
  <rating>
   1.23
  </rating>
  <reviews>
   47358
  </reviews>
  <new>
   -
  </new>
  <sporty>
   no
  </sporty>
 </clothing>
 <clothing>
  <id>
   138465863
  </id>
  <name>
   Puma Pants M-7912
  </name>
  <category>
   Pants
  </category>
  <size>
   L
  </size>
  <color>
   Желтый
  </color>
  <material>
   Лен
  </material>
  <price>
   274885
  </price>
  <rating>
   1.4
  </rating>
  <reviews>
   285932
  </reviews>
 </clothing>
 <clothing>
  <id>
   188537492
  </id>
  <name>
   Lacoste Sweater Q-6588
  </name>
  <category>
   Sweater
  </category>
  <size>
   L
  </size>
  <color>
   Красный
  </color>
  <material>
   Шелк
  </material>
  <price>
   215251
  </price>
  <rating>
   4.94
  </rating>
  <reviews>
   614772
  </reviews>
  <new>
   +
  </new>
  <sporty>
   yes
  </sporty>
 </clothing>
 <clothing>
  <id>
   114661582
  </id>
  <name>
   Converse Sweater F-4499
  </name>
  <category>
   Sweater
  </category>
  <size>
   XL
  </size>
  <color>
   Фиолетовый
  </color>
  <material>
   Хлопок
  </material>
  <price>
   598939
  </price>
  <rating>
   2.8
  </rating>
  <reviews>
   680945
  </reviews>
  <new>
   +
  </new>
 </clothing>
 <clothing>
  <id>
   883365477
  </id>
  <name>
   Vans Blouse K-3149
  </name>
  <category>
   Blouse
  </category>
  <size>
   XXL
  </size>
  <color>
   Оранжевый
  </color>
  <material>
   Лен
  </material>
  <price>
   424962
  </price>
  <rating>
   2.66
  </rating>
  <reviews>
   877048
  </reviews>
 </clothing>
 <clothing>
  <id>
   209682381
  </id>
  <name>
   Nike Gloves I-4525
  </name>
  <category>
   Gloves
  </category>
  <size>
   M
  </size>
  <color>
   Красный
  </color>
  <material>
   Вискоза
  </material>
  <price>
   732394
  </price>
  <rating>
   4.21
  </rating>
  <reviews>
   485662
  </reviews>
  <exclusive>
   yes
  </exclusive>
 </clothing>
 <clothing>
  <id>
   906876645
  </id>
  <name>
   New Balance Umbrellas P-5058
  </name>
  <category>
   Umbrellas
  </category>
  <size>
   L
  </size>
  <color>
   Синий
  </color>
  <material>
   Лен
  </material>
  <price>
   242858
  </price>
  <rating>
   5.0
  </rating>
  <reviews>
   698124
  </reviews>
  <exclusive>
   yes
  </exclusive>
  <sporty>
   no
  </sporty>
 </clothing>
 <clothing>
  <id>
   323979242
  </id>
  <name>
   Nike Shoes Q-1887
  </name>
  <category>
   Shoes
  </category>
  <size>
   L
  </size>
  <color>
   Голубой
  </color>
  <material>
   Шерсть
  </material>
  <price>
   543185
  </price>
  <rating>
   3.22
  </rating>
  <reviews>
   139253
  </reviews>
  <new>
   +
  </new>
  <exclusive>
   no
  </exclusive>
  <sporty>
   no
  </sporty>
 </clothing>
 <clothing>
  <id>
   927575627
  </id>
  <name>
   Brooks Jeans V-8287
  </name>
  <category>
   Jeans
  </category>
  <size>
   M
  </size>
  <color>
   Красный
  </color>
  <material>
   Шерсть
  </material>
  <price>
   693280
  </price>
  <rating>
   3.85
  </rating>
  <reviews>
   640683
  </reviews>
  <new>
   -
  </new>
  <exclusive>
   no
  </exclusive>
 </clothing>
 <clothing>
  <id>
   813639027
  </id>
  <name>
   Lacoste Gloves H-4376
  </name>
  <category>
   Gloves
  </category>
  <size>
   M
  </size>
  <color>
   Фиолетовый
  </color>
  <material>
   Полиэстер
  </material>
  <price>
   648942
  </price>
  <rating>
   2.57
  </rating>
  <reviews>
   985561
  </reviews>
  <exclusive>
   no
  </exclusive>
 </clothing>
 <clothing>
  <id>
   694932445
  </id>
  <name>
   Brooks Sweater D-4089
  </name>
  <category>
   Sweater
  </category>
  <size>
   XL
  </size>
  <color>
   Зеленый
  </color>
  <material>
   Шелк
  </material>
  <price>
   162908
  </price>
  <rating>
   2.26
  </rating>
  <reviews>
   384724
  </reviews>
  <new>
   -
  </new>
 </clothing>
 <clothing>
  <id>
   571266154
  </id>
  <name>
   Fila Jacket L-5512
  </name>
  <category>
   Jacket
  </category>
  <size>
   L
  </size>
  <color>
   Зеленый
  </color>
  <material>
   Хлопок
  </material>
  <price>
   306984
  </price>
  <rating>
   4.53
  </rating>
  <reviews>
   691125
  </reviews>
  <sporty>
   yes
  </sporty>
 </clothing>
 <clothing>
  <id>
   145447960
  </id>
  <name>
   DC Gloves D-9723
  </name>
  <category>
   Gloves
  </category>
  <size>
   M
  </size>
  <color>
   Синий
  </color>
  <material>
   Лен
  </material>
  <price>
   172817
  </price>
  <rating>
   2.57
  </rating>
  <reviews>
   999714
  </reviews>
  <exclusive>
   no
  </exclusive>
  <sporty>
   no
  </sporty>
 </clothing>
 <clothing>
  <id>
   945935388
  </id>
  <name>
   Nike Skirt M-5402
  </name>
  <category>
   Skirt
  </category>
  <size>
   L
  </size>
  <color>
   Голубой
  </color>
  <material>
   Нейлон
  </material>
  <price>
   361908
  </price>
  <rating>
   1.69
  </rating>
  <reviews>
   488528
  </reviews>
  <exclusive>
   yes
  </exclusive>
 </clothing>
 <clothing>
  <id>
   151376098
  </id>
  <name>
   Asics Jeans J-4059
  </name>
  <category>
   Jeans
  </category>
  <size>
   L
  </size>
  <color>
   Голубой
  </color>
  <material>
   Кожа
  </material>
  <price>
   891259
  </price>
  <rating>
   1.05
  </rating>
  <reviews>
   232627
  </reviews>
  <exclusive>
   no
  </exclusive>
 </clothing>
 <clothing>
  <id>
   590128099
  </id>
  <name>
   New Balance Jeans Q-2938
  </name>
  <category>
   Jeans
  </category>
  <size>
   S
  </size>
  <color>
   Фиолетовый
  </color>
  <material>
   Хлопок
  </material>
  <price>
   856985
  </price>
  <rating>
   1.91
  </rating>
  <reviews>
   863508
  </reviews>
  <exclusive>
   yes
  </exclusive>
  <sporty>
   yes
  </sporty>
 </clothing>
 <clothing>
  <id>
   189937467
  </id>
  <name>
   Brooks Shirt A-5083
  </name>
  <category>
   Shirt
  </category>
  <size>
   XXL
  </size>
  <color>
   Красный
  </color>
  <material>
   Вискоза
  </material>
  <price>
   515510
  </price>
  <rating>
   4.98
  </rating>
  <reviews>
   397582
  </reviews>
  <new>
   -
  </new>
  <exclusive>
   yes
  </exclusive>
  <sporty>
   no
  </sporty>
 </clothing>
 <clothing>
  <id>
   430170438
  </id>
  <name>
   Puma Hat O-2624
  </name>
  <category>
   Hat
  </category>
  <size>
   XL
  </size>
  <color>
   Голубой
  </color>
  <material>
   Вискоза
  </material>
  <price>
   901409
  </price>
  <rating>
   4.52
  </rating>
  <reviews>
   789957
  </reviews>
 </clothing>
 <clothing>
  <id>
   797334791
  </id>
  <name>
   Fila Pants S-1507
  </name>
  <category>
   Pants
  </category>
  <size>
   L
  </size>
  <color>
   Красный
  </color>
  <material>
   Лен
  </material>
  <price>
   252339
  </price>
  <rating>
   1.6
  </rating>
  <reviews>
   99268
  </reviews>
  <exclusive>
   no
  </exclusive>
 </clothing>
 <clothing>
  <id>
   390584667
  </id>
  <name>
   Converse Handbags C-1511
  </name>
  <category>
   Handbags
  </category>
  <size>
   M
  </size>
  <color>
   Фиолетовый
  </color>
  <material>
   Полиэстер
  </material>
  <price>
   325564
  </price>
  <rating>
   2.05
  </rating>
  <reviews>
   45104
  </reviews>
  <new>
   -
  </new>
  <exclusive>
   yes
  </exclusive>
 </clothing>
</clothing-items>
