<?xml version="1.0" encoding="utf-8"?>
<clothing-items>
 <clothing>
  <id>
   890815296
  </id>
  <name>
   PleinSport Jacket M-6445
  </name>
  <category>
   Jacket
  </category>
  <size>
   XXL
  </size>
  <color>
   Желтый
  </color>
  <material>
   Нейлон
  </material>
  <price>
   104268
  </price>
  <rating>
   2.77
  </rating>
  <reviews>
   776941
  </reviews>
 </clothing>
 <clothing>
  <id>
   648270823
  </id>
  <name>
   Lacoste Gloves C-5840
  </name>
  <category>
   Gloves
  </category>
  <size>
   M
  </size>
  <color>
   Оранжевый
  </color>
  <material>
   Шерсть
  </material>
  <price>
   528255
  </price>
  <rating>
   2.47
  </rating>
  <reviews>
   936210
  </reviews>
  <new>
   -
  </new>
  <exclusive>
   no
  </exclusive>
  <sporty>
   yes
  </sporty>
 </clothing>
 <clothing>
  <id>
   988303377
  </id>
  <name>
   PleinSport Gloves L-5246
  </name>
  <category>
   Gloves
  </category>
  <size>
   L
  </size>
  <color>
   Оранжевый
  </color>
  <material>
   Вискоза
  </material>
  <price>
   568169
  </price>
  <rating>
   1.14
  </rating>
  <reviews>
   591998
  </reviews>
  <new>
   +
  </new>
 </clothing>
 <clothing>
  <id>
   694687802
  </id>
  <name>
   Brooks Handbags K-8052
  </name>
  <category>
   Handbags
  </category>
  <size>
   L
  </size>
  <color>
   Голубой
  </color>
  <material>
   Шерсть
  </material>
  <price>
   342999
  </price>
  <rating>
   3.96
  </rating>
  <reviews>
   793560
  </reviews>
  <new>
   +
  </new>
  <exclusive>
   no
  </exclusive>
 </clothing>
 <clothing>
  <id>
   461288959
  </id>
  <name>
   Brooks T-shirt W-3109
  </name>
  <category>
   T-shirt
  </category>
  <size>
   XXL
  </size>
  <color>
   Оранжевый
  </color>
  <material>
   Кожа
  </material>
  <price>
   432845
  </price>
  <rating>
   3.09
  </rating>
  <reviews>
   463193
  </reviews>
  <new>
   -
  </new>
  <sporty>
   yes
  </sporty>
 </clothing>
 <clothing>
  <id>
   939867336
  </id>
  <name>
   Brooks Shoes D-9893
  </name>
  <category>
   Shoes
  </category>
  <size>
   XXL
  </size>
  <color>
   Голубой
  </color>
  <material>
   Кожа
  </material>
  <price>
   372501
  </price>
  <rating>
   4.18
  </rating>
  <reviews>
   833473
  </reviews>
  <exclusive>
   no
  </exclusive>
  <sporty>
   yes
  </sporty>
 </clothing>
 <clothing>
  <id>
   669620642
  </id>
  <name>
   Fila Shoes V-5963
  </name>
  <category>
   Shoes
  </category>
  <size>
   M
  </size>
  <color>
   Фиолетовый
  </color>
  <material>
   Вискоза
  </material>
  <price>
   712310
  </price>
  <rating>
   1.43
  </rating>
  <reviews>
   895900
  </reviews>
  <new>
   -
  </new>
  <exclusive>
   no
  </exclusive>
 </clothing>
 <clothing>
  <id>
   284354728
  </id>
  <name>
   New Balance Dress W-8524
  </name>
  <category>
   Dress
  </category>
  <size>
   L
  </size>
  <color>
   Фиолетовый
  </color>
  <material>
   Полиэстер
  </material>
  <price>
   173879
  </price>
  <rating>
   4.9
  </rating>
  <reviews>
   265638
  </reviews>
  <new>
   -
  </new>
  <exclusive>
   no
  </exclusive>
 </clothing>
 <clothing>
  <id>
   715211614
  </id>
  <name>
   Addidas Skirt X-4853
  </name>
  <category>
   Skirt
  </category>
  <size>
   S
  </size>
  <color>
   Оранжевый
  </color>
  <material>
   Хлопок
  </material>
  <price>
   140612
  </price>
  <rating>
   1.78
  </rating>
  <reviews>
   583470
  </reviews>
  <exclusive>
   no
  </exclusive>
  <sporty>
   no
  </sporty>
 </clothing>
 <clothing>
  <id>
   254002349
  </id>
  <name>
   Addidas Shirt A-5556
  </name>
  <category>
   Shirt
  </category>
  <size>
   S
  </size>
  <color>
   Зеленый
  </color>
  <material>
   Нейлон
  </material>
  <price>
   552230
  </price>
  <rating>
   3.89
  </rating>
  <reviews>
   274438
  </reviews>
  <new>
   -
  </new>
  <exclusive>
   no
  </exclusive>
 </clothing>
 <clothing>
  <id>
   170085468
  </id>
  <name>
   DC Blouse X-1973
  </name>
  <category>
   Blouse
  </category>
  <size>
   XL
  </size>
  <color>
   Фиолетовый
  </color>
  <material>
   Кожа
  </material>
  <price>
   233634
  </price>
  <rating>
   3.76
  </rating>
  <reviews>
   732263
  </reviews>
  <new>
   +
  </new>
  <sporty>
   no
  </sporty>
 </clothing>
 <clothing>
  <id>
   516792219
  </id>
  <name>
   Adidas Skirt J-5866
  </name>
  <category>
   Skirt
  </category>
  <size>
   XL
  </size>
  <color>
   Голубой
  </color>
  <material>
   Полиэстер
  </material>
  <price>
   780559
  </price>
  <rating>
   3.6
  </rating>
  <reviews>
   482367
  </reviews>
  <new>
   -
  </new>
  <exclusive>
   yes
  </exclusive>
  <sporty>
   yes
  </sporty>
 </clothing>
 <clothing>
  <id>
   666607200
  </id>
  <name>
   Vans Skirt D-1939
  </name>
  <category>
   Skirt
  </category>
  <size>
   XL
  </size>
  <color>
   Желтый
  </color>
  <material>
   Лен
  </material>
  <price>
   288301
  </price>
  <rating>
   4.15
  </rating>
  <reviews>
   528191
  </reviews>
  <new>
   +
  </new>
  <exclusive>
   yes
  </exclusive>
  <sporty>
   yes
  </sporty>
 </clothing>
 <clothing>
  <id>
   467542130
  </id>
  <name>
   Adidas Jeans Y-2092
  </name>
  <category>
   Jeans
  </category>
  <size>
   M
  </size>
  <color>
   Зеленый
  </color>
  <material>
   Хлопок
  </material>
  <price>
   984737
  </price>
  <rating>
   1.77
  </rating>
  <reviews>
   459238
  </reviews>
  <new>
   -
  </new>
 </clothing>
 <clothing>
  <id>
   312324147
  </id>
  <name>
   Under Armour Pants S-6559
  </name>
  <category>
   Pants
  </category>
  <size>
   M
  </size>
  <color>
   Голубой
  </color>
  <material>
   Вискоза
  </material>
  <price>
   673835
  </price>
  <rating>
   1.03
  </rating>
  <reviews>
   548200
  </reviews>
  <exclusive>
   yes
  </exclusive>
  <sporty>
   no
  </sporty>
 </clothing>
 <clothing>
  <id>
   351855590
  </id>
  <name>
   Addidas Hat H-8086
  </name>
  <category>
   Hat
  </category>
  <size>
   M
  </size>
  <color>
   Синий
  </color>
  <material>
   Полиэстер
  </material>
  <price>
   505657
  </price>
  <rating>
   2.18
  </rating>
  <reviews>
   482029
  </reviews>
  <new>
   -
  </new>
 </clothing>
 <clothing>
  <id>
   459463114
  </id>
  <name>
   Converse Dress X-7156
  </name>
  <category>
   Dress
  </category>
  <size>
   M
  </size>
  <color>
   Синий
  </color>
  <material>
   Шелк
  </material>
  <price>
   990149
  </price>
  <rating>
   4.27
  </rating>
  <reviews>
   375747
  </reviews>
  <new>
   -
  </new>
  <exclusive>
   no
  </exclusive>
 </clothing>
 <clothing>
  <id>
   134491689
  </id>
  <name>
   Under Armour Jeans Z-4681
  </name>
  <category>
   Jeans
  </category>
  <size>
   L
  </size>
  <color>
   Зеленый
  </color>
  <material>
   Нейлон
  </material>
  <price>
   602510
  </price>
  <rating>
   1.03
  </rating>
  <reviews>
   421973
  </reviews>
  <exclusive>
   yes
  </exclusive>
  <sporty>
   no
  </sporty>
 </clothing>
 <clothing>
  <id>
   192039447
  </id>
  <name>
   Under Armour Socks T-4715
  </name>
  <category>
   Socks
  </category>
  <size>
   S
  </size>
  <color>
   Желтый
  </color>
  <material>
   Вискоза
  </material>
  <price>
   541524
  </price>
  <rating>
   3.65
  </rating>
  <reviews>
   176036
  </reviews>
  <new>
   +
  </new>
  <exclusive>
   no
  </exclusive>
  <sporty>
   yes
  </sporty>
 </clothing>
 <clothing>
  <id>
   403532875
  </id>
  <name>
   Puma Jeans W-4211
  </name>
  <category>
   Jeans
  </category>
  <size>
   S
  </size>
  <color>
   Желтый
  </color>
  <material>
   Нейлон
  </material>
  <price>
   508100
  </price>
  <rating>
   3.73
  </rating>
  <reviews>
   473881
  </reviews>
  <exclusive>
   yes
  </exclusive>
 </clothing>
 <clothing>
  <id>
   328722773
  </id>
  <name>
   Reebok Socks K-5503
  </name>
  <category>
   Socks
  </category>
  <size>
   M
  </size>
  <color>
   Фиолетовый
  </color>
  <material>
   Шелк
  </material>
  <price>
   736300
  </price>
  <rating>
   3.66
  </rating>
  <reviews>
   693735
  </reviews>
  <new>
   +
  </new>
  <sporty>
   no
  </sporty>
 </clothing>
 <clothing>
  <id>
   366477959
  </id>
  <name>
   PleinSport Skirt Z-8462
  </name>
  <category>
   Skirt
  </category>
  <size>
   M
  </size>
  <color>
   Синий
  </color>
  <material>
   Полиэстер
  </material>
  <price>
   979479
  </price>
  <rating>
   2.65
  </rating>
  <reviews>
   924288
  </reviews>
  <new>
   +
  </new>
  <exclusive>
   yes
  </exclusive>
  <sporty>
   yes
  </sporty>
 </clothing>
 <clothing>
  <id>
   982772236
  </id>
  <name>
   Vans Jacket V-5456
  </name>
  <category>
   Jacket
  </category>
  <size>
   S
  </size>
  <color>
   Фиолетовый
  </color>
  <material>
   Кожа
  </material>
  <price>
   624580
  </price>
  <rating>
   1.4
  </rating>
  <reviews>
   295358
  </reviews>
  <sporty>
   yes
  </sporty>
 </clothing>
 <clothing>
  <id>
   480136228
  </id>
  <name>
   Vans Sweater T-2842
  </name>
  <category>
   Sweater
  </category>
  <size>
   XL
  </size>
  <color>
   Оранжевый
  </color>
  <material>
   Полиэстер
  </material>
  <price>
   532678
  </price>
  <rating>
   3.35
  </rating>
  <reviews>
   183644
  </reviews>
  <exclusive>
   no
  </exclusive>
  <sporty>
   no
  </sporty>
 </clothing>
 <clothing>
  <id>
   695431019
  </id>
  <name>
   Vans Jeans I-2823
  </name>
  <category>
   Jeans
  </category>
  <size>
   L
  </size>
  <color>
   Фиолетовый
  </color>
  <material>
   Кожа
  </material>
  <price>
   805464
  </price>
  <rating>
   3.14
  </rating>
  <reviews>
   461411
  </reviews>
 </clothing>
 <clothing>
  <id>
   601510456
  </id>
  <name>
   Under Armour Jeans Q-3301
  </name>
  <category>
   Jeans
  </category>
  <size>
   S
  </size>
  <color>
   Голубой
  </color>
  <material>
   Лен
  </material>
  <price>
   158449
  </price>
  <rating>
   4.36
  </rating>
  <reviews>
   794713
  </reviews>
  <new>
   -
  </new>
  <exclusive>
   yes
  </exclusive>
  <sporty>
   yes
  </sporty>
 </clothing>
 <clothing>
  <id>
   904002682
  </id>
  <name>
   Fila Socks N-7546
  </name>
  <category>
   Socks
  </category>
  <size>
   L
  </size>
  <color>
   Зеленый
  </color>
  <material>
   Нейлон
  </material>
  <price>
   160361
  </price>
  <rating>
   1.92
  </rating>
  <reviews>
   958618
  </reviews>
  <exclusive>
   no
  </exclusive>
  <sporty>
   no
  </sporty>
 </clothing>
 <clothing>
  <id>
   369289644
  </id>
  <name>
   Vans Sweater C-6663
  </name>
  <category>
   Sweater
  </category>
  <size>
   L
  </size>
  <color>
   Синий
  </color>
  <material>
   Кожа
  </material>
  <price>
   303720
  </price>
  <rating>
   3.4
  </rating>
  <reviews>
   420315
  </reviews>
  <new>
   +
  </new>
  <sporty>
   yes
  </sporty>
 </clothing>
 <clothing>
  <id>
   276973302
  </id>
  <name>
   Fila Gloves Q-9802
  </name>
  <category>
   Gloves
  </category>
  <size>
   S
  </size>
  <color>
   Зеленый
  </color>
  <material>
   Вискоза
  </material>
  <price>
   116583
  </price>
  <rating>
   2.99
  </rating>
  <reviews>
   957749
  </reviews>
  <new>
   -
  </new>
  <exclusive>
   no
  </exclusive>
  <sporty>
   yes
  </sporty>
 </clothing>
 <clothing>
  <id>
   930047802
  </id>
  <name>
   Fila Shirt O-3268
  </name>
  <category>
   Shirt
  </category>
  <size>
   L
  </size>
  <color>
   Красный
  </color>
  <material>
   Лен
  </material>
  <price>
   583465
  </price>
  <rating>
   2.65
  </rating>
  <reviews>
   675619
  </reviews>
  <new>
   +
  </new>
  <exclusive>
   no
  </exclusive>
  <sporty>
   yes
  </sporty>
 </clothing>
 <clothing>
  <id>
   502151484
  </id>
  <name>
   Asics Jeans R-3814
  </name>
  <category>
   Jeans
  </category>
  <size>
   M
  </size>
  <color>
   Зеленый
  </color>
  <material>
   Кожа
  </material>
  <price>
   808923
  </price>
  <rating>
   1.97
  </rating>
  <reviews>
   505942
  </reviews>
  <new>
   -
  </new>
  <exclusive>
   yes
  </exclusive>
  <sporty>
   no
  </sporty>
 </clothing>
 <clothing>
  <id>
   172323035
  </id>
  <name>
   Adidas Shirt R-3649
  </name>
  <category>
   Shirt
  </category>
  <size>
   L
  </size>
  <color>
   Оранжевый
  </color>
  <material>
   Кожа
  </material>
  <price>
   410547
  </price>
  <rating>
   3.05
  </rating>
  <reviews>
   591682
  </reviews>
  <new>
   -
  </new>
 </clothing>
 <clothing>
  <id>
   458158188
  </id>
  <name>
   Reebok Dress S-5039
  </name>
  <category>
   Dress
  </category>
  <size>
   S
  </size>
  <color>
   Фиолетовый
  </color>
  <material>
   Нейлон
  </material>
  <price>
   999161
  </price>
  <rating>
   2.84
  </rating>
  <reviews>
   938861
  </reviews>
  <new>
   +
  </new>
  <sporty>
   no
  </sporty>
 </clothing>
 <clothing>
  <id>
   482526663
  </id>
  <name>
   Converse Sweater T-3184
  </name>
  <category>
   Sweater
  </category>
  <size>
   S
  </size>
  <color>
   Оранжевый
  </color>
  <material>
   Хлопок
  </material>
  <price>
   923573
  </price>
  <rating>
   4.26
  </rating>
  <reviews>
   135483
  </reviews>
  <new>
   +
  </new>
  <sporty>
   no
  </sporty>
 </clothing>
 <clothing>
  <id>
   639387365
  </id>
  <name>
   Asics T-shirt M-2123
  </name>
  <category>
   T-shirt
  </category>
  <size>
   L
  </size>
  <color>
   Синий
  </color>
  <material>
   Полиэстер
  </material>
  <price>
   221841
  </price>
  <rating>
   4.7
  </rating>
  <reviews>
   62520
  </reviews>
  <sporty>
   no
  </sporty>
 </clothing>
 <clothing>
  <id>
   842908263
  </id>
  <name>
   Under Armour Gloves M-4451
  </name>
  <category>
   Gloves
  </category>
  <size>
   XXL
  </size>
  <color>
   Зеленый
  </color>
  <material>
   Нейлон
  </material>
  <price>
   200104
  </price>
  <rating>
   1.8
  </rating>
  <reviews>
   800965
  </reviews>
  <new>
   +
  </new>
  <exclusive>
   no
  </exclusive>
  <sporty>
   no
  </sporty>
 </clothing>
 <clothing>
  <id>
   723559031
  </id>
  <name>
   Lacoste Shirt K-9917
  </name>
  <category>
   Shirt
  </category>
  <size>
   M
  </size>
  <color>
   Фиолетовый
  </color>
  <material>
   Вискоза
  </material>
  <price>
   280934
  </price>
  <rating>
   2.68
  </rating>
  <reviews>
   200175
  </reviews>
  <new>
   +
  </new>
 </clothing>
 <clothing>
  <id>
   641199726
  </id>
  <name>
   Vans Jeans O-2555
  </name>
  <category>
   Jeans
  </category>
  <size>
   XXL
  </size>
  <color>
   Зеленый
  </color>
  <material>
   Нейлон
  </material>
  <price>
   281738
  </price>
  <rating>
   4.65
  </rating>
  <reviews>
   515071
  </reviews>
  <new>
   -
  </new>
  <exclusive>
   no
  </exclusive>
 </clothing>
 <clothing>
  <id>
   864743618
  </id>
  <name>
   Converse Umbrellas E-6911
  </name>
  <category>
   Umbrellas
  </category>
  <size>
   S
  </size>
  <color>
   Красный
  </color>
  <material>
   Лен
  </material>
  <price>
   615134
  </price>
  <rating>
   3.81
  </rating>
  <reviews>
   295019
  </reviews>
  <sporty>
   yes
  </sporty>
 </clothing>
 <clothing>
  <id>
   523261986
  </id>
  <name>
   Ellesse Skirt Q-2892
  </name>
  <category>
   Skirt
  </category>
  <size>
   S
  </size>
  <color>
   Желтый
  </color>
  <material>
   Шерсть
  </material>
  <price>
   792999
  </price>
  <rating>
   4.76
  </rating>
  <reviews>
   135987
  </reviews>
  <new>
   -
  </new>
 </clothing>
 <clothing>
  <id>
   874201143
  </id>
  <name>
   Converse Pants H-9771
  </name>
  <category>
   Pants
  </category>
  <size>
   L
  </size>
  <color>
   Оранжевый
  </color>
  <material>
   Вискоза
  </material>
  <price>
   359531
  </price>
  <rating>
   4.39
  </rating>
  <reviews>
   318368
  </reviews>
  <sporty>
   no
  </sporty>
 </clothing>
 <clothing>
  <id>
   765259898
  </id>
  <name>
   Brooks Jeans X-7668
  </name>
  <category>
   Jeans
  </category>
  <size>
   XL
  </size>
  <color>
   Зеленый
  </color>
  <material>
   Шелк
  </material>
  <price>
   544814
  </price>
  <rating>
   1.43
  </rating>
  <reviews>
   989312
  </reviews>
  <exclusive>
   no
  </exclusive>
  <sporty>
   no
  </sporty>
 </clothing>
</clothing-items>
