<?xml version="1.0" encoding="utf-8"?>
<clothing-items>
 <clothing>
  <id>
   270661013
  </id>
  <name>
   Adidas Shirt F-2942
  </name>
  <category>
   Shirt
  </category>
  <size>
   XXL
  </size>
  <color>
   Голубой
  </color>
  <material>
   Кожа
  </material>
  <price>
   115419
  </price>
  <rating>
   1.3
  </rating>
  <reviews>
   269707
  </reviews>
 </clothing>
 <clothing>
  <id>
   396008133
  </id>
  <name>
   PleinSport Blouse D-7037
  </name>
  <category>
   Blouse
  </category>
  <size>
   L
  </size>
  <color>
   Оранжевый
  </color>
  <material>
   Лен
  </material>
  <price>
   281957
  </price>
  <rating>
   2.21
  </rating>
  <reviews>
   435296
  </reviews>
  <new>
   -
  </new>
  <exclusive>
   no
  </exclusive>
 </clothing>
 <clothing>
  <id>
   280992373
  </id>
  <name>
   Converse Socks P-4156
  </name>
  <category>
   Socks
  </category>
  <size>
   S
  </size>
  <color>
   Красный
  </color>
  <material>
   Лен
  </material>
  <price>
   171561
  </price>
  <rating>
   1.47
  </rating>
  <reviews>
   211912
  </reviews>
  <new>
   -
  </new>
  <exclusive>
   yes
  </exclusive>
  <sporty>
   no
  </sporty>
 </clothing>
 <clothing>
  <id>
   584904317
  </id>
  <name>
   New Balance Umbrellas A-5758
  </name>
  <category>
   Umbrellas
  </category>
  <size>
   L
  </size>
  <color>
   Оранжевый
  </color>
  <material>
   Полиэстер
  </material>
  <price>
   770306
  </price>
  <rating>
   1.89
  </rating>
  <reviews>
   663299
  </reviews>
  <exclusive>
   no
  </exclusive>
  <sporty>
   yes
  </sporty>
 </clothing>
 <clothing>
  <id>
   899553869
  </id>
  <name>
   Brooks Jeans P-7873
  </name>
  <category>
   Jeans
  </category>
  <size>
   L
  </size>
  <color>
   Зеленый
  </color>
  <material>
   Кожа
  </material>
  <price>
   412084
  </price>
  <rating>
   4.28
  </rating>
  <reviews>
   436065
  </reviews>
  <new>
   -
  </new>
  <sporty>
   no
  </sporty>
 </clothing>
 <clothing>
  <id>
   445161193
  </id>
  <name>
   Converse Socks R-7498
  </name>
  <category>
   Socks
  </category>
  <size>
   XXL
  </size>
  <color>
   Оранжевый
  </color>
  <material>
   Нейлон
  </material>
  <price>
   900275
  </price>
  <rating>
   3.63
  </rating>
  <reviews>
   940408
  </reviews>
  <exclusive>
   yes
  </exclusive>
  <sporty>
   yes
  </sporty>
 </clothing>
 <clothing>
  <id>
   466420900
  </id>
  <name>
   Addidas Jeans Z-9403
  </name>
  <category>
   Jeans
  </category>
  <size>
   XL
  </size>
  <color>
   Оранжевый
  </color>
  <material>
   Шерсть
  </material>
  <price>
   842615
  </price>
  <rating>
   3.24
  </rating>
  <reviews>
   841199
  </reviews>
  <new>
   +
  </new>
  <exclusive>
   yes
  </exclusive>
  <sporty>
   no
  </sporty>
 </clothing>
 <clothing>
  <id>
   288622892
  </id>
  <name>
   Puma Blouse N-3782
  </name>
  <category>
   Blouse
  </category>
  <size>
   L
  </size>
  <color>
   Фиолетовый
  </color>
  <material>
   Кожа
  </material>
  <price>
   107794
  </price>
  <rating>
   2.23
  </rating>
  <reviews>
   439335
  </reviews>
  <new>
   -
  </new>
  <sporty>
   yes
  </sporty>
 </clothing>
 <clothing>
  <id>
   249382828
  </id>
  <name>
   Under Armour T-shirt U-3704
  </name>
  <category>
   T-shirt
  </category>
  <size>
   M
  </size>
  <color>
   Синий
  </color>
  <material>
   Вискоза
  </material>
  <price>
   885033
  </price>
  <rating>
   2.38
  </rating>
  <reviews>
   877823
  </reviews>
  <exclusive>
   no
  </exclusive>
  <sporty>
   no
  </sporty>
 </clothing>
 <clothing>
  <id>
   713518164
  </id>
  <name>
   Lacoste Handbags W-4111
  </name>
  <category>
   Handbags
  </category>
  <size>
   XXL
  </size>
  <color>
   Красный
  </color>
  <material>
   Шерсть
  </material>
  <price>
   966969
  </price>
  <rating>
   4.4
  </rating>
  <reviews>
   186251
  </reviews>
  <exclusive>
   no
  </exclusive>
  <sporty>
   no
  </sporty>
 </clothing>
 <clothing>
  <id>
   145953613
  </id>
  <name>
   Asics T-shirt F-5019
  </name>
  <category>
   T-shirt
  </category>
  <size>
   L
  </size>
  <color>
   Желтый
  </color>
  <material>
   Полиэстер
  </material>
  <price>
   848299
  </price>
  <rating>
   1.63
  </rating>
  <reviews>
   729272
  </reviews>
  <new>
   -
  </new>
  <exclusive>
   yes
  </exclusive>
  <sporty>
   yes
  </sporty>
 </clothing>
 <clothing>
  <id>
   698939371
  </id>
  <name>
   DC Belts Y-6936
  </name>
  <category>
   Belts
  </category>
  <size>
   M
  </size>
  <color>
   Оранжевый
  </color>
  <material>
   Нейлон
  </material>
  <price>
   543500
  </price>
  <rating>
   3.55
  </rating>
  <reviews>
   138871
  </reviews>
  <new>
   -
  </new>
  <exclusive>
   yes
  </exclusive>
  <sporty>
   no
  </sporty>
 </clothing>
 <clothing>
  <id>
   133187045
  </id>
  <name>
   Converse Gloves V-8456
  </name>
  <category>
   Gloves
  </category>
  <size>
   S
  </size>
  <color>
   Оранжевый
  </color>
  <material>
   Шерсть
  </material>
  <price>
   786225
  </price>
  <rating>
   2.34
  </rating>
  <reviews>
   189636
  </reviews>
  <new>
   +
  </new>
 </clothing>
 <clothing>
  <id>
   646325134
  </id>
  <name>
   Addidas Blouse O-1075
  </name>
  <category>
   Blouse
  </category>
  <size>
   S
  </size>
  <color>
   Желтый
  </color>
  <material>
   Полиэстер
  </material>
  <price>
   272249
  </price>
  <rating>
   1.68
  </rating>
  <reviews>
   818875
  </reviews>
  <new>
   +
  </new>
  <exclusive>
   no
  </exclusive>
  <sporty>
   yes
  </sporty>
 </clothing>
 <clothing>
  <id>
   610581523
  </id>
  <name>
   Under Armour Sweater J-3994
  </name>
  <category>
   Sweater
  </category>
  <size>
   L
  </size>
  <color>
   Голубой
  </color>
  <material>
   Шелк
  </material>
  <price>
   362714
  </price>
  <rating>
   1.3
  </rating>
  <reviews>
   40611
  </reviews>
  <new>
   +
  </new>
  <exclusive>
   no
  </exclusive>
  <sporty>
   no
  </sporty>
 </clothing>
 <clothing>
  <id>
   442544976
  </id>
  <name>
   Nike Hat D-6701
  </name>
  <category>
   Hat
  </category>
  <size>
   XL
  </size>
  <color>
   Желтый
  </color>
  <material>
   Шелк
  </material>
  <price>
   625157
  </price>
  <rating>
   3.44
  </rating>
  <reviews>
   159158
  </reviews>
  <new>
   +
  </new>
  <sporty>
   yes
  </sporty>
 </clothing>
 <clothing>
  <id>
   792015525
  </id>
  <name>
   PleinSport Shoes X-7364
  </name>
  <category>
   Shoes
  </category>
  <size>
   XXL
  </size>
  <color>
   Голубой
  </color>
  <material>
   Шерсть
  </material>
  <price>
   743478
  </price>
  <rating>
   1.94
  </rating>
  <reviews>
   792833
  </reviews>
  <new>
   -
  </new>
  <exclusive>
   yes
  </exclusive>
 </clothing>
</clothing-items>
