<?xml version="1.0" encoding="utf-8"?>
<clothing-items>
 <clothing>
  <id>
   309742530
  </id>
  <name>
   Converse T-shirt F-6903
  </name>
  <category>
   T-shirt
  </category>
  <size>
   S
  </size>
  <color>
   Зеленый
  </color>
  <material>
   Хлопок
  </material>
  <price>
   151930
  </price>
  <rating>
   3.44
  </rating>
  <reviews>
   368229
  </reviews>
  <exclusive>
   no
  </exclusive>
 </clothing>
 <clothing>
  <id>
   907277279
  </id>
  <name>
   Lacoste Pants T-2002
  </name>
  <category>
   Pants
  </category>
  <size>
   S
  </size>
  <color>
   Желтый
  </color>
  <material>
   Хлопок
  </material>
  <price>
   697624
  </price>
  <rating>
   4.25
  </rating>
  <reviews>
   298215
  </reviews>
 </clothing>
 <clothing>
  <id>
   890514077
  </id>
  <name>
   PleinSport Umbrellas Y-8314
  </name>
  <category>
   Umbrellas
  </category>
  <size>
   M
  </size>
  <color>
   Желтый
  </color>
  <material>
   Хлопок
  </material>
  <price>
   990904
  </price>
  <rating>
   3.83
  </rating>
  <reviews>
   859856
  </reviews>
  <exclusive>
   no
  </exclusive>
  <sporty>
   no
  </sporty>
 </clothing>
 <clothing>
  <id>
   815593826
  </id>
  <name>
   Vans Hat Y-4363
  </name>
  <category>
   Hat
  </category>
  <size>
   M
  </size>
  <color>
   Фиолетовый
  </color>
  <material>
   Нейлон
  </material>
  <price>
   785910
  </price>
  <rating>
   4.43
  </rating>
  <reviews>
   87378
  </reviews>
  <new>
   -
  </new>
  <exclusive>
   no
  </exclusive>
  <sporty>
   yes
  </sporty>
 </clothing>
 <clothing>
  <id>
   204283149
  </id>
  <name>
   Ellesse Umbrellas A-6438
  </name>
  <category>
   Umbrellas
  </category>
  <size>
   M
  </size>
  <color>
   Красный
  </color>
  <material>
   Шерсть
  </material>
  <price>
   696540
  </price>
  <rating>
   2.17
  </rating>
  <reviews>
   318998
  </reviews>
  <new>
   -
  </new>
  <exclusive>
   no
  </exclusive>
  <sporty>
   no
  </sporty>
 </clothing>
 <clothing>
  <id>
   396158100
  </id>
  <name>
   Brooks Jeans R-7958
  </name>
  <category>
   Jeans
  </category>
  <size>
   S
  </size>
  <color>
   Красный
  </color>
  <material>
   Шелк
  </material>
  <price>
   180683
  </price>
  <rating>
   2.79
  </rating>
  <reviews>
   873739
  </reviews>
  <exclusive>
   no
  </exclusive>
  <sporty>
   no
  </sporty>
 </clothing>
 <clothing>
  <id>
   597342189
  </id>
  <name>
   PleinSport Blouse T-3747
  </name>
  <category>
   Blouse
  </category>
  <size>
   M
  </size>
  <color>
   Фиолетовый
  </color>
  <material>
   Полиэстер
  </material>
  <price>
   974016
  </price>
  <rating>
   4.13
  </rating>
  <reviews>
   186714
  </reviews>
  <sporty>
   no
  </sporty>
 </clothing>
 <clothing>
  <id>
   515697775
  </id>
  <name>
   Fila Blouse T-2206
  </name>
  <category>
   Blouse
  </category>
  <size>
   M
  </size>
  <color>
   Синий
  </color>
  <material>
   Лен
  </material>
  <price>
   803825
  </price>
  <rating>
   3.29
  </rating>
  <reviews>
   814799
  </reviews>
  <new>
   +
  </new>
  <exclusive>
   yes
  </exclusive>
  <sporty>
   no
  </sporty>
 </clothing>
 <clothing>
  <id>
   110765224
  </id>
  <name>
   Lacoste Hat O-7420
  </name>
  <category>
   Hat
  </category>
  <size>
   L
  </size>
  <color>
   Зеленый
  </color>
  <material>
   Шерсть
  </material>
  <price>
   410333
  </price>
  <rating>
   4.33
  </rating>
  <reviews>
   190215
  </reviews>
  <exclusive>
   yes
  </exclusive>
  <sporty>
   no
  </sporty>
 </clothing>
 <clothing>
  <id>
   331799131
  </id>
  <name>
   DC Dress V-6026
  </name>
  <category>
   Dress
  </category>
  <size>
   XL
  </size>
  <color>
   Фиолетовый
  </color>
  <material>
   Хлопок
  </material>
  <price>
   549854
  </price>
  <rating>
   1.64
  </rating>
  <reviews>
   715851
  </reviews>
  <new>
   -
  </new>
  <exclusive>
   no
  </exclusive>
  <sporty>
   no
  </sporty>
 </clothing>
 <clothing>
  <id>
   100690784
  </id>
  <name>
   Addidas Umbrellas X-3906
  </name>
  <category>
   Umbrellas
  </category>
  <size>
   M
  </size>
  <color>
   Синий
  </color>
  <material>
   Лен
  </material>
  <price>
   666156
  </price>
  <rating>
   1.65
  </rating>
  <reviews>
   366339
  </reviews>
  <new>
   +
  </new>
  <exclusive>
   yes
  </exclusive>
  <sporty>
   yes
  </sporty>
 </clothing>
 <clothing>
  <id>
   847065195
  </id>
  <name>
   New Balance Dress D-4992
  </name>
  <category>
   Dress
  </category>
  <size>
   L
  </size>
  <color>
   Оранжевый
  </color>
  <material>
   Шелк
  </material>
  <price>
   456521
  </price>
  <rating>
   3.09
  </rating>
  <reviews>
   599310
  </reviews>
  <new>
   -
  </new>
  <exclusive>
   no
  </exclusive>
  <sporty>
   no
  </sporty>
 </clothing>
 <clothing>
  <id>
   131452379
  </id>
  <name>
   New Balance Pants C-1712
  </name>
  <category>
   Pants
  </category>
  <size>
   M
  </size>
  <color>
   Красный
  </color>
  <material>
   Хлопок
  </material>
  <price>
   177415
  </price>
  <rating>
   4.26
  </rating>
  <reviews>
   568221
  </reviews>
  <new>
   +
  </new>
  <exclusive>
   no
  </exclusive>
  <sporty>
   yes
  </sporty>
 </clothing>
 <clothing>
  <id>
   955975229
  </id>
  <name>
   Brooks Belts T-4388
  </name>
  <category>
   Belts
  </category>
  <size>
   XXL
  </size>
  <color>
   Желтый
  </color>
  <material>
   Шелк
  </material>
  <price>
   740302
  </price>
  <rating>
   4.46
  </rating>
  <reviews>
   628966
  </reviews>
  <new>
   -
  </new>
  <exclusive>
   yes
  </exclusive>
  <sporty>
   no
  </sporty>
 </clothing>
 <clothing>
  <id>
   899446067
  </id>
  <name>
   DC Skirt C-5189
  </name>
  <category>
   Skirt
  </category>
  <size>
   S
  </size>
  <color>
   Красный
  </color>
  <material>
   Кожа
  </material>
  <price>
   958876
  </price>
  <rating>
   1.04
  </rating>
  <reviews>
   296029
  </reviews>
  <new>
   -
  </new>
  <sporty>
   no
  </sporty>
 </clothing>
 <clothing>
  <id>
   344939203
  </id>
  <name>
   Ellesse Shoes B-9661
  </name>
  <category>
   Shoes
  </category>
  <size>
   L
  </size>
  <color>
   Фиолетовый
  </color>
  <material>
   Нейлон
  </material>
  <price>
   368392
  </price>
  <rating>
   4.47
  </rating>
  <reviews>
   392440
  </reviews>
  <sporty>
   no
  </sporty>
 </clothing>
 <clothing>
  <id>
   126908203
  </id>
  <name>
   Ellesse Shoes Y-4360
  </name>
  <category>
   Shoes
  </category>
  <size>
   S
  </size>
  <color>
   Фиолетовый
  </color>
  <material>
   Хлопок
  </material>
  <price>
   489126
  </price>
  <rating>
   1.06
  </rating>
  <reviews>
   776918
  </reviews>
  <new>
   +
  </new>
 </clothing>
 <clothing>
  <id>
   471419198
  </id>
  <name>
   Adidas Handbags D-4688
  </name>
  <category>
   Handbags
  </category>
  <size>
   XXL
  </size>
  <color>
   Фиолетовый
  </color>
  <material>
   Кожа
  </material>
  <price>
   631775
  </price>
  <rating>
   3.78
  </rating>
  <reviews>
   245145
  </reviews>
  <new>
   -
  </new>
 </clothing>
 <clothing>
  <id>
   356589023
  </id>
  <name>
   Fila Umbrellas U-6677
  </name>
  <category>
   Umbrellas
  </category>
  <size>
   L
  </size>
  <color>
   Фиолетовый
  </color>
  <material>
   Кожа
  </material>
  <price>
   699357
  </price>
  <rating>
   3.98
  </rating>
  <reviews>
   51709
  </reviews>
  <new>
   -
  </new>
  <exclusive>
   yes
  </exclusive>
  <sporty>
   no
  </sporty>
 </clothing>
 <clothing>
  <id>
   393056447
  </id>
  <name>
   Fila Pants Q-1531
  </name>
  <category>
   Pants
  </category>
  <size>
   L
  </size>
  <color>
   Зеленый
  </color>
  <material>
   Кожа
  </material>
  <price>
   720009
  </price>
  <rating>
   2.64
  </rating>
  <reviews>
   571248
  </reviews>
  <new>
   -
  </new>
  <exclusive>
   no
  </exclusive>
  <sporty>
   no
  </sporty>
 </clothing>
 <clothing>
  <id>
   338372464
  </id>
  <name>
   Under Armour Umbrellas E-6312
  </name>
  <category>
   Umbrellas
  </category>
  <size>
   M
  </size>
  <color>
   Синий
  </color>
  <material>
   Нейлон
  </material>
  <price>
   591049
  </price>
  <rating>
   4.01
  </rating>
  <reviews>
   829477
  </reviews>
  <new>
   -
  </new>
  <exclusive>
   no
  </exclusive>
  <sporty>
   yes
  </sporty>
 </clothing>
 <clothing>
  <id>
   382795729
  </id>
  <name>
   DC Gloves S-4550
  </name>
  <category>
   Gloves
  </category>
  <size>
   XXL
  </size>
  <color>
   Оранжевый
  </color>
  <material>
   Нейлон
  </material>
  <price>
   734969
  </price>
  <rating>
   4.46
  </rating>
  <reviews>
   520396
  </reviews>
  <new>
   -
  </new>
  <sporty>
   yes
  </sporty>
 </clothing>
 <clothing>
  <id>
   666295464
  </id>
  <name>
   Adidas Dress P-7339
  </name>
  <category>
   Dress
  </category>
  <size>
   M
  </size>
  <color>
   Оранжевый
  </color>
  <material>
   Нейлон
  </material>
  <price>
   525993
  </price>
  <rating>
   4.53
  </rating>
  <reviews>
   129178
  </reviews>
  <new>
   -
  </new>
  <exclusive>
   no
  </exclusive>
  <sporty>
   no
  </sporty>
 </clothing>
 <clothing>
  <id>
   646570845
  </id>
  <name>
   Converse Jeans M-3979
  </name>
  <category>
   Jeans
  </category>
  <size>
   M
  </size>
  <color>
   Желтый
  </color>
  <material>
   Кожа
  </material>
  <price>
   406605
  </price>
  <rating>
   3.41
  </rating>
  <reviews>
   614843
  </reviews>
  <exclusive>
   no
  </exclusive>
  <sporty>
   yes
  </sporty>
 </clothing>
 <clothing>
  <id>
   580247688
  </id>
  <name>
   Puma Handbags J-5163
  </name>
  <category>
   Handbags
  </category>
  <size>
   S
  </size>
  <color>
   Зеленый
  </color>
  <material>
   Шерсть
  </material>
  <price>
   536786
  </price>
  <rating>
   2.45
  </rating>
  <reviews>
   482453
  </reviews>
  <exclusive>
   no
  </exclusive>
  <sporty>
   no
  </sporty>
 </clothing>
 <clothing>
  <id>
   368981393
  </id>
  <name>
   Addidas Pants E-2686
  </name>
  <category>
   Pants
  </category>
  <size>
   M
  </size>
  <color>
   Оранжевый
  </color>
  <material>
   Шелк
  </material>
  <price>
   601234
  </price>
  <rating>
   2.03
  </rating>
  <reviews>
   644763
  </reviews>
  <exclusive>
   no
  </exclusive>
 </clothing>
 <clothing>
  <id>
   982600265
  </id>
  <name>
   Asics Socks M-7893
  </name>
  <category>
   Socks
  </category>
  <size>
   XXL
  </size>
  <color>
   Синий
  </color>
  <material>
   Кожа
  </material>
  <price>
   369099
  </price>
  <rating>
   3.55
  </rating>
  <reviews>
   987090
  </reviews>
  <exclusive>
   no
  </exclusive>
 </clothing>
 <clothing>
  <id>
   583882751
  </id>
  <name>
   Converse Umbrellas T-6531
  </name>
  <category>
   Umbrellas
  </category>
  <size>
   XXL
  </size>
  <color>
   Синий
  </color>
  <material>
   Нейлон
  </material>
  <price>
   608566
  </price>
  <rating>
   2.96
  </rating>
  <reviews>
   411364
  </reviews>
  <new>
   +
  </new>
  <exclusive>
   no
  </exclusive>
  <sporty>
   yes
  </sporty>
 </clothing>
 <clothing>
  <id>
   966025477
  </id>
  <name>
   Reebok Socks G-3415
  </name>
  <category>
   Socks
  </category>
  <size>
   XL
  </size>
  <color>
   Синий
  </color>
  <material>
   Нейлон
  </material>
  <price>
   250845
  </price>
  <rating>
   4.24
  </rating>
  <reviews>
   605076
  </reviews>
  <sporty>
   no
  </sporty>
 </clothing>
 <clothing>
  <id>
   577422664
  </id>
  <name>
   New Balance Blouse H-3283
  </name>
  <category>
   Blouse
  </category>
  <size>
   XL
  </size>
  <color>
   Желтый
  </color>
  <material>
   Лен
  </material>
  <price>
   862453
  </price>
  <rating>
   2.01
  </rating>
  <reviews>
   161967
  </reviews>
  <new>
   +
  </new>
  <exclusive>
   no
  </exclusive>
  <sporty>
   yes
  </sporty>
 </clothing>
 <clothing>
  <id>
   879719121
  </id>
  <name>
   Fila T-shirt W-6852
  </name>
  <category>
   T-shirt
  </category>
  <size>
   S
  </size>
  <color>
   Желтый
  </color>
  <material>
   Лен
  </material>
  <price>
   704735
  </price>
  <rating>
   1.64
  </rating>
  <reviews>
   560524
  </reviews>
  <new>
   -
  </new>
  <exclusive>
   no
  </exclusive>
  <sporty>
   no
  </sporty>
 </clothing>
 <clothing>
  <id>
   731011827
  </id>
  <name>
   Vans Blouse N-5558
  </name>
  <category>
   Blouse
  </category>
  <size>
   S
  </size>
  <color>
   Красный
  </color>
  <material>
   Полиэстер
  </material>
  <price>
   235098
  </price>
  <rating>
   4.76
  </rating>
  <reviews>
   313336
  </reviews>
  <exclusive>
   yes
  </exclusive>
  <sporty>
   no
  </sporty>
 </clothing>
 <clothing>
  <id>
   939016345
  </id>
  <name>
   Ellesse Gloves F-2503
  </name>
  <category>
   Gloves
  </category>
  <size>
   S
  </size>
  <color>
   Желтый
  </color>
  <material>
   Кожа
  </material>
  <price>
   949671
  </price>
  <rating>
   2.95
  </rating>
  <reviews>
   451151
  </reviews>
  <new>
   +
  </new>
  <exclusive>
   yes
  </exclusive>
 </clothing>
</clothing-items>
