<?xml version="1.0" encoding="utf-8"?>
<clothing-items>
 <clothing>
  <id>
   492760364
  </id>
  <name>
   Converse Gloves U-7537
  </name>
  <category>
   Gloves
  </category>
  <size>
   L
  </size>
  <color>
   Голубой
  </color>
  <material>
   Вискоза
  </material>
  <price>
   382555
  </price>
  <rating>
   4.28
  </rating>
  <reviews>
   911935
  </reviews>
  <new>
   -
  </new>
  <exclusive>
   no
  </exclusive>
 </clothing>
 <clothing>
  <id>
   270026461
  </id>
  <name>
   Addidas Gloves P-2096
  </name>
  <category>
   Gloves
  </category>
  <size>
   M
  </size>
  <color>
   Желтый
  </color>
  <material>
   Шелк
  </material>
  <price>
   378852
  </price>
  <rating>
   4.43
  </rating>
  <reviews>
   934195
  </reviews>
 </clothing>
 <clothing>
  <id>
   348828195
  </id>
  <name>
   Vans Blouse O-3796
  </name>
  <category>
   Blouse
  </category>
  <size>
   XXL
  </size>
  <color>
   Желтый
  </color>
  <material>
   Шерсть
  </material>
  <price>
   529520
  </price>
  <rating>
   4.29
  </rating>
  <reviews>
   202367
  </reviews>
 </clothing>
 <clothing>
  <id>
   569005257
  </id>
  <name>
   Addidas Umbrellas L-4362
  </name>
  <category>
   Umbrellas
  </category>
  <size>
   XXL
  </size>
  <color>
   Синий
  </color>
  <material>
   Хлопок
  </material>
  <price>
   921268
  </price>
  <rating>
   3.02
  </rating>
  <reviews>
   607458
  </reviews>
  <new>
   -
  </new>
  <exclusive>
   yes
  </exclusive>
  <sporty>
   no
  </sporty>
 </clothing>
 <clothing>
  <id>
   913267569
  </id>
  <name>
   Fila Handbags C-9503
  </name>
  <category>
   Handbags
  </category>
  <size>
   XL
  </size>
  <color>
   Оранжевый
  </color>
  <material>
   Вискоза
  </material>
  <price>
   491097
  </price>
  <rating>
   2.1
  </rating>
  <reviews>
   978253
  </reviews>
  <exclusive>
   yes
  </exclusive>
  <sporty>
   yes
  </sporty>
 </clothing>
 <clothing>
  <id>
   355664081
  </id>
  <name>
   Addidas Hat I-2204
  </name>
  <category>
   Hat
  </category>
  <size>
   L
  </size>
  <color>
   Фиолетовый
  </color>
  <material>
   Шелк
  </material>
  <price>
   324204
  </price>
  <rating>
   1.23
  </rating>
  <reviews>
   232402
  </reviews>
  <new>
   -
  </new>
  <sporty>
   yes
  </sporty>
 </clothing>
 <clothing>
  <id>
   920556267
  </id>
  <name>
   Under Armour Pants E-3820
  </name>
  <category>
   Pants
  </category>
  <size>
   XL
  </size>
  <color>
   Голубой
  </color>
  <material>
   Шерсть
  </material>
  <price>
   813412
  </price>
  <rating>
   3.42
  </rating>
  <reviews>
   292397
  </reviews>
  <new>
   -
  </new>
  <exclusive>
   no
  </exclusive>
  <sporty>
   no
  </sporty>
 </clothing>
 <clothing>
  <id>
   994520587
  </id>
  <name>
   DC Umbrellas N-4820
  </name>
  <category>
   Umbrellas
  </category>
  <size>
   XL
  </size>
  <color>
   Синий
  </color>
  <material>
   Вискоза
  </material>
  <price>
   685719
  </price>
  <rating>
   4.55
  </rating>
  <reviews>
   296496
  </reviews>
  <new>
   -
  </new>
  <sporty>
   no
  </sporty>
 </clothing>
 <clothing>
  <id>
   960919327
  </id>
  <name>
   New Balance Sweater L-5657
  </name>
  <category>
   Sweater
  </category>
  <size>
   XXL
  </size>
  <color>
   Синий
  </color>
  <material>
   Полиэстер
  </material>
  <price>
   407735
  </price>
  <rating>
   2.87
  </rating>
  <reviews>
   975777
  </reviews>
  <new>
   +
  </new>
  <exclusive>
   yes
  </exclusive>
 </clothing>
 <clothing>
  <id>
   143444523
  </id>
  <name>
   Lacoste T-shirt H-1298
  </name>
  <category>
   T-shirt
  </category>
  <size>
   M
  </size>
  <color>
   Фиолетовый
  </color>
  <material>
   Шелк
  </material>
  <price>
   226893
  </price>
  <rating>
   4.36
  </rating>
  <reviews>
   851152
  </reviews>
  <new>
   -
  </new>
  <exclusive>
   yes
  </exclusive>
  <sporty>
   yes
  </sporty>
 </clothing>
 <clothing>
  <id>
   294861678
  </id>
  <name>
   Under Armour Blouse K-3132
  </name>
  <category>
   Blouse
  </category>
  <size>
   M
  </size>
  <color>
   Оранжевый
  </color>
  <material>
   Шелк
  </material>
  <price>
   295183
  </price>
  <rating>
   4.7
  </rating>
  <reviews>
   541643
  </reviews>
  <new>
   -
  </new>
  <exclusive>
   yes
  </exclusive>
  <sporty>
   no
  </sporty>
 </clothing>
 <clothing>
  <id>
   804609515
  </id>
  <name>
   Vans Umbrellas S-9661
  </name>
  <category>
   Umbrellas
  </category>
  <size>
   XL
  </size>
  <color>
   Зеленый
  </color>
  <material>
   Нейлон
  </material>
  <price>
   217725
  </price>
  <rating>
   1.17
  </rating>
  <reviews>
   314868
  </reviews>
  <new>
   +
  </new>
  <sporty>
   no
  </sporty>
 </clothing>
 <clothing>
  <id>
   648284233
  </id>
  <name>
   Nike Jeans A-4476
  </name>
  <category>
   Jeans
  </category>
  <size>
   L
  </size>
  <color>
   Красный
  </color>
  <material>
   Хлопок
  </material>
  <price>
   794242
  </price>
  <rating>
   2.8
  </rating>
  <reviews>
   643785
  </reviews>
 </clothing>
 <clothing>
  <id>
   401728974
  </id>
  <name>
   Adidas T-shirt L-3832
  </name>
  <category>
   T-shirt
  </category>
  <size>
   M
  </size>
  <color>
   Голубой
  </color>
  <material>
   Шерсть
  </material>
  <price>
   502144
  </price>
  <rating>
   1.99
  </rating>
  <reviews>
   912717
  </reviews>
  <new>
   -
  </new>
  <exclusive>
   no
  </exclusive>
  <sporty>
   yes
  </sporty>
 </clothing>
 <clothing>
  <id>
   961850357
  </id>
  <name>
   Vans Belts H-2500
  </name>
  <category>
   Belts
  </category>
  <size>
   M
  </size>
  <color>
   Фиолетовый
  </color>
  <material>
   Лен
  </material>
  <price>
   141171
  </price>
  <rating>
   1.46
  </rating>
  <reviews>
   430438
  </reviews>
  <exclusive>
   no
  </exclusive>
  <sporty>
   no
  </sporty>
 </clothing>
 <clothing>
  <id>
   118915007
  </id>
  <name>
   Vans Shirt F-6478
  </name>
  <category>
   Shirt
  </category>
  <size>
   S
  </size>
  <color>
   Зеленый
  </color>
  <material>
   Полиэстер
  </material>
  <price>
   843566
  </price>
  <rating>
   1.66
  </rating>
  <reviews>
   737100
  </reviews>
  <new>
   -
  </new>
  <sporty>
   no
  </sporty>
 </clothing>
 <clothing>
  <id>
   363712982
  </id>
  <name>
   Brooks Sweater L-5559
  </name>
  <category>
   Sweater
  </category>
  <size>
   XL
  </size>
  <color>
   Зеленый
  </color>
  <material>
   Шерсть
  </material>
  <price>
   252599
  </price>
  <rating>
   1.59
  </rating>
  <reviews>
   233111
  </reviews>
  <exclusive>
   no
  </exclusive>
  <sporty>
   yes
  </sporty>
 </clothing>
 <clothing>
  <id>
   412296537
  </id>
  <name>
   Vans Blouse B-5927
  </name>
  <category>
   Blouse
  </category>
  <size>
   S
  </size>
  <color>
   Зеленый
  </color>
  <material>
   Хлопок
  </material>
  <price>
   573552
  </price>
  <rating>
   3.75
  </rating>
  <reviews>
   105953
  </reviews>
  <exclusive>
   no
  </exclusive>
  <sporty>
   no
  </sporty>
 </clothing>
 <clothing>
  <id>
   403604172
  </id>
  <name>
   Vans Handbags R-8286
  </name>
  <category>
   Handbags
  </category>
  <size>
   L
  </size>
  <color>
   Желтый
  </color>
  <material>
   Нейлон
  </material>
  <price>
   810296
  </price>
  <rating>
   1.6
  </rating>
  <reviews>
   447442
  </reviews>
  <new>
   -
  </new>
  <exclusive>
   no
  </exclusive>
  <sporty>
   yes
  </sporty>
 </clothing>
 <clothing>
  <id>
   941688546
  </id>
  <name>
   Adidas Hat L-1915
  </name>
  <category>
   Hat
  </category>
  <size>
   M
  </size>
  <color>
   Зеленый
  </color>
  <material>
   Нейлон
  </material>
  <price>
   850582
  </price>
  <rating>
   3.1
  </rating>
  <reviews>
   906102
  </reviews>
  <exclusive>
   no
  </exclusive>
  <sporty>
   no
  </sporty>
 </clothing>
 <clothing>
  <id>
   569254593
  </id>
  <name>
   PleinSport Sweater R-6272
  </name>
  <category>
   Sweater
  </category>
  <size>
   S
  </size>
  <color>
   Синий
  </color>
  <material>
   Хлопок
  </material>
  <price>
   804290
  </price>
  <rating>
   4.97
  </rating>
  <reviews>
   523293
  </reviews>
  <new>
   -
  </new>
  <exclusive>
   no
  </exclusive>
 </clothing>
 <clothing>
  <id>
   131797570
  </id>
  <name>
   Brooks Jacket U-8040
  </name>
  <category>
   Jacket
  </category>
  <size>
   M
  </size>
  <color>
   Синий
  </color>
  <material>
   Нейлон
  </material>
  <price>
   902751
  </price>
  <rating>
   3.67
  </rating>
  <reviews>
   807119
  </reviews>
  <new>
   -
  </new>
  <sporty>
   yes
  </sporty>
 </clothing>
 <clothing>
  <id>
   770796953
  </id>
  <name>
   Adidas Handbags L-9910
  </name>
  <category>
   Handbags
  </category>
  <size>
   XXL
  </size>
  <color>
   Фиолетовый
  </color>
  <material>
   Лен
  </material>
  <price>
   184598
  </price>
  <rating>
   3.72
  </rating>
  <reviews>
   665106
  </reviews>
  <new>
   -
  </new>
  <sporty>
   yes
  </sporty>
 </clothing>
 <clothing>
  <id>
   166302638
  </id>
  <name>
   Brooks Hat X-2081
  </name>
  <category>
   Hat
  </category>
  <size>
   L
  </size>
  <color>
   Зеленый
  </color>
  <material>
   Лен
  </material>
  <price>
   133372
  </price>
  <rating>
   2.7
  </rating>
  <reviews>
   965291
  </reviews>
  <exclusive>
   no
  </exclusive>
  <sporty>
   no
  </sporty>
 </clothing>
 <clothing>
  <id>
   857239561
  </id>
  <name>
   Asics Pants B-9916
  </name>
  <category>
   Pants
  </category>
  <size>
   XXL
  </size>
  <color>
   Красный
  </color>
  <material>
   Полиэстер
  </material>
  <price>
   271498
  </price>
  <rating>
   4.67
  </rating>
  <reviews>
   134693
  </reviews>
  <new>
   -
  </new>
  <exclusive>
   no
  </exclusive>
 </clothing>
 <clothing>
  <id>
   663807766
  </id>
  <name>
   Vans Sweater C-6430
  </name>
  <category>
   Sweater
  </category>
  <size>
   L
  </size>
  <color>
   Оранжевый
  </color>
  <material>
   Шерсть
  </material>
  <price>
   527411
  </price>
  <rating>
   2.21
  </rating>
  <reviews>
   527648
  </reviews>
  <new>
   +
  </new>
  <sporty>
   yes
  </sporty>
 </clothing>
 <clothing>
  <id>
   528424504
  </id>
  <name>
   Asics Umbrellas K-6037
  </name>
  <category>
   Umbrellas
  </category>
  <size>
   M
  </size>
  <color>
   Красный
  </color>
  <material>
   Полиэстер
  </material>
  <price>
   936516
  </price>
  <rating>
   3.08
  </rating>
  <reviews>
   959289
  </reviews>
  <sporty>
   yes
  </sporty>
 </clothing>
 <clothing>
  <id>
   987132389
  </id>
  <name>
   Puma Pants B-6876
  </name>
  <category>
   Pants
  </category>
  <size>
   XXL
  </size>
  <color>
   Фиолетовый
  </color>
  <material>
   Лен
  </material>
  <price>
   437266
  </price>
  <rating>
   4.18
  </rating>
  <reviews>
   587488
  </reviews>
  <new>
   -
  </new>
  <exclusive>
   no
  </exclusive>
  <sporty>
   yes
  </sporty>
 </clothing>
 <clothing>
  <id>
   129059037
  </id>
  <name>
   Adidas Jeans I-8898
  </name>
  <category>
   Jeans
  </category>
  <size>
   XXL
  </size>
  <color>
   Желтый
  </color>
  <material>
   Вискоза
  </material>
  <price>
   954928
  </price>
  <rating>
   2.13
  </rating>
  <reviews>
   475464
  </reviews>
  <new>
   -
  </new>
  <exclusive>
   no
  </exclusive>
 </clothing>
 <clothing>
  <id>
   990478607
  </id>
  <name>
   Nike Hat W-8858
  </name>
  <category>
   Hat
  </category>
  <size>
   M
  </size>
  <color>
   Зеленый
  </color>
  <material>
   Лен
  </material>
  <price>
   915090
  </price>
  <rating>
   1.33
  </rating>
  <reviews>
   561373
  </reviews>
  <exclusive>
   no
  </exclusive>
  <sporty>
   yes
  </sporty>
 </clothing>
 <clothing>
  <id>
   396435477
  </id>
  <name>
   Puma T-shirt S-2509
  </name>
  <category>
   T-shirt
  </category>
  <size>
   M
  </size>
  <color>
   Желтый
  </color>
  <material>
   Нейлон
  </material>
  <price>
   618662
  </price>
  <rating>
   2.03
  </rating>
  <reviews>
   984498
  </reviews>
  <new>
   +
  </new>
 </clothing>
 <clothing>
  <id>
   772840469
  </id>
  <name>
   Addidas Sweater W-1070
  </name>
  <category>
   Sweater
  </category>
  <size>
   XL
  </size>
  <color>
   Зеленый
  </color>
  <material>
   Шерсть
  </material>
  <price>
   946950
  </price>
  <rating>
   1.34
  </rating>
  <reviews>
   358810
  </reviews>
  <exclusive>
   no
  </exclusive>
  <sporty>
   yes
  </sporty>
 </clothing>
 <clothing>
  <id>
   791009506
  </id>
  <name>
   Brooks Pants P-3621
  </name>
  <category>
   Pants
  </category>
  <size>
   M
  </size>
  <color>
   Зеленый
  </color>
  <material>
   Нейлон
  </material>
  <price>
   297842
  </price>
  <rating>
   4.96
  </rating>
  <reviews>
   466433
  </reviews>
  <new>
   +
  </new>
  <exclusive>
   no
  </exclusive>
 </clothing>
 <clothing>
  <id>
   869578636
  </id>
  <name>
   Ellesse Jeans T-9610
  </name>
  <category>
   Jeans
  </category>
  <size>
   S
  </size>
  <color>
   Оранжевый
  </color>
  <material>
   Вискоза
  </material>
  <price>
   615993
  </price>
  <rating>
   1.15
  </rating>
  <reviews>
   444671
  </reviews>
  <sporty>
   no
  </sporty>
 </clothing>
 <clothing>
  <id>
   436311349
  </id>
  <name>
   Adidas T-shirt K-5172
  </name>
  <category>
   T-shirt
  </category>
  <size>
   S
  </size>
  <color>
   Желтый
  </color>
  <material>
   Вискоза
  </material>
  <price>
   538960
  </price>
  <rating>
   2.22
  </rating>
  <reviews>
   507731
  </reviews>
 </clothing>
 <clothing>
  <id>
   583510978
  </id>
  <name>
   Converse Shoes W-5712
  </name>
  <category>
   Shoes
  </category>
  <size>
   S
  </size>
  <color>
   Оранжевый
  </color>
  <material>
   Лен
  </material>
  <price>
   439560
  </price>
  <rating>
   4.29
  </rating>
  <reviews>
   571389
  </reviews>
  <exclusive>
   yes
  </exclusive>
 </clothing>
 <clothing>
  <id>
   505068939
  </id>
  <name>
   Adidas Dress F-3033
  </name>
  <category>
   Dress
  </category>
  <size>
   S
  </size>
  <color>
   Оранжевый
  </color>
  <material>
   Кожа
  </material>
  <price>
   653918
  </price>
  <rating>
   4.81
  </rating>
  <reviews>
   734404
  </reviews>
  <new>
   +
  </new>
  <sporty>
   no
  </sporty>
 </clothing>
 <clothing>
  <id>
   234804757
  </id>
  <name>
   Under Armour Gloves C-2244
  </name>
  <category>
   Gloves
  </category>
  <size>
   S
  </size>
  <color>
   Оранжевый
  </color>
  <material>
   Лен
  </material>
  <price>
   753819
  </price>
  <rating>
   3.73
  </rating>
  <reviews>
   898831
  </reviews>
  <new>
   -
  </new>
  <exclusive>
   yes
  </exclusive>
  <sporty>
   no
  </sporty>
 </clothing>
 <clothing>
  <id>
   391315129
  </id>
  <name>
   Addidas Pants X-8897
  </name>
  <category>
   Pants
  </category>
  <size>
   XL
  </size>
  <color>
   Голубой
  </color>
  <material>
   Кожа
  </material>
  <price>
   974168
  </price>
  <rating>
   3.38
  </rating>
  <reviews>
   272891
  </reviews>
  <exclusive>
   no
  </exclusive>
  <sporty>
   no
  </sporty>
 </clothing>
 <clothing>
  <id>
   849820463
  </id>
  <name>
   Fila Belts Z-9773
  </name>
  <category>
   Belts
  </category>
  <size>
   XL
  </size>
  <color>
   Голубой
  </color>
  <material>
   Шелк
  </material>
  <price>
   830335
  </price>
  <rating>
   2.11
  </rating>
  <reviews>
   171642
  </reviews>
  <exclusive>
   yes
  </exclusive>
 </clothing>
</clothing-items>
