<?xml version="1.0" encoding="utf-8"?>
<clothing-items>
 <clothing>
  <id>
   456119066
  </id>
  <name>
   Asics Belts I-3249
  </name>
  <category>
   Belts
  </category>
  <size>
   L
  </size>
  <color>
   Фиолетовый
  </color>
  <material>
   Нейлон
  </material>
  <price>
   585163
  </price>
  <rating>
   4.85
  </rating>
  <reviews>
   53682
  </reviews>
  <new>
   +
  </new>
 </clothing>
 <clothing>
  <id>
   525575148
  </id>
  <name>
   Reebok Handbags G-6309
  </name>
  <category>
   Handbags
  </category>
  <size>
   XL
  </size>
  <color>
   Красный
  </color>
  <material>
   Лен
  </material>
  <price>
   233047
  </price>
  <rating>
   3.86
  </rating>
  <reviews>
   539573
  </reviews>
  <exclusive>
   no
  </exclusive>
 </clothing>
 <clothing>
  <id>
   820524350
  </id>
  <name>
   Nike Skirt D-7419
  </name>
  <category>
   Skirt
  </category>
  <size>
   S
  </size>
  <color>
   Красный
  </color>
  <material>
   Полиэстер
  </material>
  <price>
   625501
  </price>
  <rating>
   2.22
  </rating>
  <reviews>
   107421
  </reviews>
  <new>
   -
  </new>
  <sporty>
   no
  </sporty>
 </clothing>
 <clothing>
  <id>
   290001387
  </id>
  <name>
   New Balance Belts I-2307
  </name>
  <category>
   Belts
  </category>
  <size>
   M
  </size>
  <color>
   Желтый
  </color>
  <material>
   Шелк
  </material>
  <price>
   276532
  </price>
  <rating>
   2.97
  </rating>
  <reviews>
   638294
  </reviews>
 </clothing>
 <clothing>
  <id>
   827635017
  </id>
  <name>
   Reebok Skirt F-8031
  </name>
  <category>
   Skirt
  </category>
  <size>
   XL
  </size>
  <color>
   Желтый
  </color>
  <material>
   Лен
  </material>
  <price>
   296587
  </price>
  <rating>
   1.99
  </rating>
  <reviews>
   666502
  </reviews>
  <new>
   -
  </new>
  <exclusive>
   yes
  </exclusive>
  <sporty>
   no
  </sporty>
 </clothing>
 <clothing>
  <id>
   897080919
  </id>
  <name>
   Reebok Hat S-3446
  </name>
  <category>
   Hat
  </category>
  <size>
   S
  </size>
  <color>
   Красный
  </color>
  <material>
   Шелк
  </material>
  <price>
   488229
  </price>
  <rating>
   3.85
  </rating>
  <reviews>
   566933
  </reviews>
  <new>
   -
  </new>
  <exclusive>
   no
  </exclusive>
  <sporty>
   no
  </sporty>
 </clothing>
 <clothing>
  <id>
   941881399
  </id>
  <name>
   Adidas Blouse H-4725
  </name>
  <category>
   Blouse
  </category>
  <size>
   M
  </size>
  <color>
   Зеленый
  </color>
  <material>
   Шерсть
  </material>
  <price>
   987703
  </price>
  <rating>
   3.0
  </rating>
  <reviews>
   716780
  </reviews>
  <new>
   +
  </new>
  <exclusive>
   yes
  </exclusive>
  <sporty>
   no
  </sporty>
 </clothing>
 <clothing>
  <id>
   180485898
  </id>
  <name>
   Lacoste Sweater F-7761
  </name>
  <category>
   Sweater
  </category>
  <size>
   M
  </size>
  <color>
   Зеленый
  </color>
  <material>
   Кожа
  </material>
  <price>
   917218
  </price>
  <rating>
   3.02
  </rating>
  <reviews>
   917828
  </reviews>
  <new>
   +
  </new>
  <sporty>
   no
  </sporty>
 </clothing>
 <clothing>
  <id>
   958108263
  </id>
  <name>
   Ellesse Dress N-5773
  </name>
  <category>
   Dress
  </category>
  <size>
   S
  </size>
  <color>
   Оранжевый
  </color>
  <material>
   Хлопок
  </material>
  <price>
   611211
  </price>
  <rating>
   3.37
  </rating>
  <reviews>
   290279
  </reviews>
  <new>
   -
  </new>
  <sporty>
   yes
  </sporty>
 </clothing>
 <clothing>
  <id>
   172846206
  </id>
  <name>
   Brooks Shoes M-9995
  </name>
  <category>
   Shoes
  </category>
  <size>
   XL
  </size>
  <color>
   Оранжевый
  </color>
  <material>
   Кожа
  </material>
  <price>
   130585
  </price>
  <rating>
   4.97
  </rating>
  <reviews>
   278737
  </reviews>
  <new>
   -
  </new>
  <sporty>
   yes
  </sporty>
 </clothing>
 <clothing>
  <id>
   505251445
  </id>
  <name>
   DC Umbrellas I-1768
  </name>
  <category>
   Umbrellas
  </category>
  <size>
   XL
  </size>
  <color>
   Зеленый
  </color>
  <material>
   Шелк
  </material>
  <price>
   151108
  </price>
  <rating>
   2.34
  </rating>
  <reviews>
   915954
  </reviews>
  <exclusive>
   yes
  </exclusive>
  <sporty>
   no
  </sporty>
 </clothing>
 <clothing>
  <id>
   238611685
  </id>
  <name>
   Under Armour Dress M-5546
  </name>
  <category>
   Dress
  </category>
  <size>
   XL
  </size>
  <color>
   Фиолетовый
  </color>
  <material>
   Шелк
  </material>
  <price>
   696590
  </price>
  <rating>
   1.56
  </rating>
  <reviews>
   344448
  </reviews>
  <new>
   +
  </new>
  <exclusive>
   no
  </exclusive>
  <sporty>
   no
  </sporty>
 </clothing>
 <clothing>
  <id>
   330003541
  </id>
  <name>
   PleinSport Belts E-5423
  </name>
  <category>
   Belts
  </category>
  <size>
   S
  </size>
  <color>
   Оранжевый
  </color>
  <material>
   Шерсть
  </material>
  <price>
   960405
  </price>
  <rating>
   4.32
  </rating>
  <reviews>
   709163
  </reviews>
  <exclusive>
   no
  </exclusive>
  <sporty>
   yes
  </sporty>
 </clothing>
 <clothing>
  <id>
   822224357
  </id>
  <name>
   Ellesse Belts S-5938
  </name>
  <category>
   Belts
  </category>
  <size>
   XXL
  </size>
  <color>
   Красный
  </color>
  <material>
   Нейлон
  </material>
  <price>
   601396
  </price>
  <rating>
   2.84
  </rating>
  <reviews>
   120068
  </reviews>
  <new>
   +
  </new>
  <exclusive>
   yes
  </exclusive>
  <sporty>
   yes
  </sporty>
 </clothing>
 <clothing>
  <id>
   649895320
  </id>
  <name>
   Under Armour Skirt M-9654
  </name>
  <category>
   Skirt
  </category>
  <size>
   XXL
  </size>
  <color>
   Синий
  </color>
  <material>
   Шерсть
  </material>
  <price>
   434851
  </price>
  <rating>
   3.98
  </rating>
  <reviews>
   244883
  </reviews>
  <exclusive>
   no
  </exclusive>
  <sporty>
   no
  </sporty>
 </clothing>
 <clothing>
  <id>
   354249338
  </id>
  <name>
   PleinSport Pants L-6739
  </name>
  <category>
   Pants
  </category>
  <size>
   XL
  </size>
  <color>
   Красный
  </color>
  <material>
   Лен
  </material>
  <price>
   816179
  </price>
  <rating>
   2.55
  </rating>
  <reviews>
   359486
  </reviews>
 </clothing>
 <clothing>
  <id>
   834641571
  </id>
  <name>
   Puma Blouse N-8720
  </name>
  <category>
   Blouse
  </category>
  <size>
   S
  </size>
  <color>
   Оранжевый
  </color>
  <material>
   Полиэстер
  </material>
  <price>
   157678
  </price>
  <rating>
   1.97
  </rating>
  <reviews>
   626185
  </reviews>
  <new>
   -
  </new>
  <sporty>
   yes
  </sporty>
 </clothing>
 <clothing>
  <id>
   667078841
  </id>
  <name>
   Lacoste Blouse D-4904
  </name>
  <category>
   Blouse
  </category>
  <size>
   S
  </size>
  <color>
   Оранжевый
  </color>
  <material>
   Хлопок
  </material>
  <price>
   647687
  </price>
  <rating>
   2.69
  </rating>
  <reviews>
   222728
  </reviews>
  <exclusive>
   yes
  </exclusive>
  <sporty>
   yes
  </sporty>
 </clothing>
 <clothing>
  <id>
   337286454
  </id>
  <name>
   Reebok Jeans C-6304
  </name>
  <category>
   Jeans
  </category>
  <size>
   L
  </size>
  <color>
   Синий
  </color>
  <material>
   Лен
  </material>
  <price>
   199977
  </price>
  <rating>
   3.29
  </rating>
  <reviews>
   357167
  </reviews>
  <new>
   -
  </new>
 </clothing>
 <clothing>
  <id>
   440156364
  </id>
  <name>
   DC Shoes E-4710
  </name>
  <category>
   Shoes
  </category>
  <size>
   XXL
  </size>
  <color>
   Зеленый
  </color>
  <material>
   Хлопок
  </material>
  <price>
   944591
  </price>
  <rating>
   1.83
  </rating>
  <reviews>
   410089
  </reviews>
  <new>
   -
  </new>
  <sporty>
   no
  </sporty>
 </clothing>
 <clothing>
  <id>
   102035982
  </id>
  <name>
   Nike Belts K-3681
  </name>
  <category>
   Belts
  </category>
  <size>
   XXL
  </size>
  <color>
   Красный
  </color>
  <material>
   Хлопок
  </material>
  <price>
   665301
  </price>
  <rating>
   1.0
  </rating>
  <reviews>
   364350
  </reviews>
  <exclusive>
   no
  </exclusive>
  <sporty>
   no
  </sporty>
 </clothing>
 <clothing>
  <id>
   891605638
  </id>
  <name>
   Asics Handbags F-2444
  </name>
  <category>
   Handbags
  </category>
  <size>
   M
  </size>
  <color>
   Синий
  </color>
  <material>
   Вискоза
  </material>
  <price>
   631309
  </price>
  <rating>
   5.0
  </rating>
  <reviews>
   715635
  </reviews>
  <exclusive>
   no
  </exclusive>
 </clothing>
 <clothing>
  <id>
   272925151
  </id>
  <name>
   DC Jacket T-6357
  </name>
  <category>
   Jacket
  </category>
  <size>
   XL
  </size>
  <color>
   Голубой
  </color>
  <material>
   Лен
  </material>
  <price>
   303907
  </price>
  <rating>
   4.19
  </rating>
  <reviews>
   220674
  </reviews>
  <exclusive>
   yes
  </exclusive>
  <sporty>
   yes
  </sporty>
 </clothing>
 <clothing>
  <id>
   782127818
  </id>
  <name>
   Brooks Pants S-1296
  </name>
  <category>
   Pants
  </category>
  <size>
   M
  </size>
  <color>
   Синий
  </color>
  <material>
   Лен
  </material>
  <price>
   942674
  </price>
  <rating>
   2.57
  </rating>
  <reviews>
   716095
  </reviews>
  <sporty>
   no
  </sporty>
 </clothing>
 <clothing>
  <id>
   983193934
  </id>
  <name>
   Brooks Dress Y-9721
  </name>
  <category>
   Dress
  </category>
  <size>
   XL
  </size>
  <color>
   Красный
  </color>
  <material>
   Кожа
  </material>
  <price>
   278317
  </price>
  <rating>
   4.01
  </rating>
  <reviews>
   151266
  </reviews>
  <sporty>
   no
  </sporty>
 </clothing>
 <clothing>
  <id>
   541320908
  </id>
  <name>
   New Balance Sweater H-3389
  </name>
  <category>
   Sweater
  </category>
  <size>
   S
  </size>
  <color>
   Желтый
  </color>
  <material>
   Полиэстер
  </material>
  <price>
   621048
  </price>
  <rating>
   3.29
  </rating>
  <reviews>
   26562
  </reviews>
  <exclusive>
   no
  </exclusive>
  <sporty>
   yes
  </sporty>
 </clothing>
 <clothing>
  <id>
   518790782
  </id>
  <name>
   Converse Dress P-5482
  </name>
  <category>
   Dress
  </category>
  <size>
   XXL
  </size>
  <color>
   Оранжевый
  </color>
  <material>
   Вискоза
  </material>
  <price>
   878660
  </price>
  <rating>
   1.19
  </rating>
  <reviews>
   715868
  </reviews>
 </clothing>
 <clothing>
  <id>
   927045399
  </id>
  <name>
   Adidas Sweater H-2980
  </name>
  <category>
   Sweater
  </category>
  <size>
   S
  </size>
  <color>
   Красный
  </color>
  <material>
   Шелк
  </material>
  <price>
   467583
  </price>
  <rating>
   1.96
  </rating>
  <reviews>
   89354
  </reviews>
  <exclusive>
   no
  </exclusive>
  <sporty>
   yes
  </sporty>
 </clothing>
</clothing-items>
