<?xml version="1.0" encoding="utf-8"?>
<clothing-items>
 <clothing>
  <id>
   947967904
  </id>
  <name>
   New Balance Hat U-3718
  </name>
  <category>
   Hat
  </category>
  <size>
   XL
  </size>
  <color>
   Красный
  </color>
  <material>
   Лен
  </material>
  <price>
   267635
  </price>
  <rating>
   3.51
  </rating>
  <reviews>
   476732
  </reviews>
  <exclusive>
   yes
  </exclusive>
  <sporty>
   yes
  </sporty>
 </clothing>
 <clothing>
  <id>
   702889918
  </id>
  <name>
   New Balance Gloves O-3117
  </name>
  <category>
   Gloves
  </category>
  <size>
   XXL
  </size>
  <color>
   Оранжевый
  </color>
  <material>
   Хлопок
  </material>
  <price>
   949141
  </price>
  <rating>
   3.72
  </rating>
  <reviews>
   215100
  </reviews>
  <exclusive>
   yes
  </exclusive>
  <sporty>
   no
  </sporty>
 </clothing>
 <clothing>
  <id>
   664134315
  </id>
  <name>
   Ellesse Gloves F-8372
  </name>
  <category>
   Gloves
  </category>
  <size>
   XXL
  </size>
  <color>
   Зеленый
  </color>
  <material>
   Нейлон
  </material>
  <price>
   301885
  </price>
  <rating>
   3.56
  </rating>
  <reviews>
   112858
  </reviews>
  <exclusive>
   no
  </exclusive>
 </clothing>
 <clothing>
  <id>
   457615292
  </id>
  <name>
   Brooks Umbrellas X-3007
  </name>
  <category>
   Umbrellas
  </category>
  <size>
   S
  </size>
  <color>
   Фиолетовый
  </color>
  <material>
   Вискоза
  </material>
  <price>
   450540
  </price>
  <rating>
   2.14
  </rating>
  <reviews>
   358762
  </reviews>
  <sporty>
   yes
  </sporty>
 </clothing>
 <clothing>
  <id>
   783286463
  </id>
  <name>
   New Balance Gloves R-7773
  </name>
  <category>
   Gloves
  </category>
  <size>
   XL
  </size>
  <color>
   Оранжевый
  </color>
  <material>
   Шелк
  </material>
  <price>
   317122
  </price>
  <rating>
   4.89
  </rating>
  <reviews>
   88277
  </reviews>
  <exclusive>
   yes
  </exclusive>
  <sporty>
   no
  </sporty>
 </clothing>
 <clothing>
  <id>
   365129300
  </id>
  <name>
   Under Armour Jeans T-5790
  </name>
  <category>
   Jeans
  </category>
  <size>
   S
  </size>
  <color>
   Фиолетовый
  </color>
  <material>
   Хлопок
  </material>
  <price>
   334553
  </price>
  <rating>
   4.37
  </rating>
  <reviews>
   566818
  </reviews>
  <exclusive>
   no
  </exclusive>
  <sporty>
   yes
  </sporty>
 </clothing>
 <clothing>
  <id>
   807740838
  </id>
  <name>
   Fila Skirt C-4778
  </name>
  <category>
   Skirt
  </category>
  <size>
   L
  </size>
  <color>
   Желтый
  </color>
  <material>
   Хлопок
  </material>
  <price>
   192202
  </price>
  <rating>
   3.93
  </rating>
  <reviews>
   351610
  </reviews>
  <new>
   +
  </new>
  <exclusive>
   no
  </exclusive>
  <sporty>
   no
  </sporty>
 </clothing>
 <clothing>
  <id>
   199071427
  </id>
  <name>
   Brooks Jacket V-9983
  </name>
  <category>
   Jacket
  </category>
  <size>
   XL
  </size>
  <color>
   Синий
  </color>
  <material>
   Лен
  </material>
  <price>
   334816
  </price>
  <rating>
   2.15
  </rating>
  <reviews>
   855144
  </reviews>
  <new>
   -
  </new>
  <exclusive>
   no
  </exclusive>
  <sporty>
   no
  </sporty>
 </clothing>
 <clothing>
  <id>
   241585555
  </id>
  <name>
   Nike Jeans S-9326
  </name>
  <category>
   Jeans
  </category>
  <size>
   XXL
  </size>
  <color>
   Синий
  </color>
  <material>
   Лен
  </material>
  <price>
   693022
  </price>
  <rating>
   5.0
  </rating>
  <reviews>
   756136
  </reviews>
 </clothing>
 <clothing>
  <id>
   209431993
  </id>
  <name>
   Nike Umbrellas U-5727
  </name>
  <category>
   Umbrellas
  </category>
  <size>
   XL
  </size>
  <color>
   Красный
  </color>
  <material>
   Полиэстер
  </material>
  <price>
   378731
  </price>
  <rating>
   4.34
  </rating>
  <reviews>
   277193
  </reviews>
  <new>
   -
  </new>
  <exclusive>
   no
  </exclusive>
  <sporty>
   yes
  </sporty>
 </clothing>
 <clothing>
  <id>
   901067116
  </id>
  <name>
   New Balance Skirt W-7577
  </name>
  <category>
   Skirt
  </category>
  <size>
   M
  </size>
  <color>
   Оранжевый
  </color>
  <material>
   Кожа
  </material>
  <price>
   724159
  </price>
  <rating>
   3.2
  </rating>
  <reviews>
   794759
  </reviews>
  <exclusive>
   no
  </exclusive>
  <sporty>
   yes
  </sporty>
 </clothing>
 <clothing>
  <id>
   496088935
  </id>
  <name>
   Nike Socks B-9063
  </name>
  <category>
   Socks
  </category>
  <size>
   XXL
  </size>
  <color>
   Красный
  </color>
  <material>
   Шерсть
  </material>
  <price>
   639920
  </price>
  <rating>
   1.99
  </rating>
  <reviews>
   416205
  </reviews>
  <exclusive>
   yes
  </exclusive>
 </clothing>
 <clothing>
  <id>
   625373430
  </id>
  <name>
   DC Handbags E-7017
  </name>
  <category>
   Handbags
  </category>
  <size>
   XXL
  </size>
  <color>
   Желтый
  </color>
  <material>
   Шерсть
  </material>
  <price>
   369596
  </price>
  <rating>
   3.72
  </rating>
  <reviews>
   518747
  </reviews>
  <new>
   +
  </new>
  <sporty>
   no
  </sporty>
 </clothing>
 <clothing>
  <id>
   843012583
  </id>
  <name>
   Asics Shirt P-7183
  </name>
  <category>
   Shirt
  </category>
  <size>
   XL
  </size>
  <color>
   Фиолетовый
  </color>
  <material>
   Шерсть
  </material>
  <price>
   264890
  </price>
  <rating>
   3.32
  </rating>
  <reviews>
   815349
  </reviews>
 </clothing>
 <clothing>
  <id>
   358377211
  </id>
  <name>
   Nike Jeans E-9596
  </name>
  <category>
   Jeans
  </category>
  <size>
   S
  </size>
  <color>
   Синий
  </color>
  <material>
   Лен
  </material>
  <price>
   419784
  </price>
  <rating>
   3.72
  </rating>
  <reviews>
   508557
  </reviews>
  <new>
   -
  </new>
  <exclusive>
   no
  </exclusive>
 </clothing>
 <clothing>
  <id>
   187704742
  </id>
  <name>
   Lacoste Pants H-3161
  </name>
  <category>
   Pants
  </category>
  <size>
   XXL
  </size>
  <color>
   Желтый
  </color>
  <material>
   Хлопок
  </material>
  <price>
   264340
  </price>
  <rating>
   2.64
  </rating>
  <reviews>
   362599
  </reviews>
  <new>
   -
  </new>
 </clothing>
 <clothing>
  <id>
   925903852
  </id>
  <name>
   DC Jeans U-9189
  </name>
  <category>
   Jeans
  </category>
  <size>
   XL
  </size>
  <color>
   Желтый
  </color>
  <material>
   Шелк
  </material>
  <price>
   996744
  </price>
  <rating>
   3.59
  </rating>
  <reviews>
   600310
  </reviews>
  <new>
   -
  </new>
  <exclusive>
   no
  </exclusive>
  <sporty>
   no
  </sporty>
 </clothing>
 <clothing>
  <id>
   401065073
  </id>
  <name>
   Lacoste Shirt X-4553
  </name>
  <category>
   Shirt
  </category>
  <size>
   M
  </size>
  <color>
   Желтый
  </color>
  <material>
   Шерсть
  </material>
  <price>
   226176
  </price>
  <rating>
   1.41
  </rating>
  <reviews>
   528839
  </reviews>
  <sporty>
   yes
  </sporty>
 </clothing>
 <clothing>
  <id>
   401559394
  </id>
  <name>
   PleinSport Shirt N-4751
  </name>
  <category>
   Shirt
  </category>
  <size>
   XL
  </size>
  <color>
   Зеленый
  </color>
  <material>
   Шелк
  </material>
  <price>
   621337
  </price>
  <rating>
   4.4
  </rating>
  <reviews>
   613108
  </reviews>
  <new>
   -
  </new>
  <sporty>
   no
  </sporty>
 </clothing>
 <clothing>
  <id>
   879288954
  </id>
  <name>
   DC T-shirt Z-9813
  </name>
  <category>
   T-shirt
  </category>
  <size>
   M
  </size>
  <color>
   Синий
  </color>
  <material>
   Вискоза
  </material>
  <price>
   941404
  </price>
  <rating>
   1.06
  </rating>
  <reviews>
   338344
  </reviews>
  <exclusive>
   yes
  </exclusive>
  <sporty>
   no
  </sporty>
 </clothing>
 <clothing>
  <id>
   581430380
  </id>
  <name>
   Puma Shirt S-3637
  </name>
  <category>
   Shirt
  </category>
  <size>
   L
  </size>
  <color>
   Зеленый
  </color>
  <material>
   Кожа
  </material>
  <price>
   680772
  </price>
  <rating>
   1.72
  </rating>
  <reviews>
   976261
  </reviews>
  <new>
   +
  </new>
  <sporty>
   yes
  </sporty>
 </clothing>
 <clothing>
  <id>
   445191938
  </id>
  <name>
   PleinSport Socks G-3898
  </name>
  <category>
   Socks
  </category>
  <size>
   XXL
  </size>
  <color>
   Зеленый
  </color>
  <material>
   Полиэстер
  </material>
  <price>
   684033
  </price>
  <rating>
   4.9
  </rating>
  <reviews>
   994977
  </reviews>
  <new>
   -
  </new>
  <exclusive>
   no
  </exclusive>
 </clothing>
 <clothing>
  <id>
   623235315
  </id>
  <name>
   Under Armour Jeans O-3675
  </name>
  <category>
   Jeans
  </category>
  <size>
   XXL
  </size>
  <color>
   Голубой
  </color>
  <material>
   Шерсть
  </material>
  <price>
   988980
  </price>
  <rating>
   2.31
  </rating>
  <reviews>
   329875
  </reviews>
  <new>
   -
  </new>
  <exclusive>
   yes
  </exclusive>
  <sporty>
   yes
  </sporty>
 </clothing>
 <clothing>
  <id>
   805613157
  </id>
  <name>
   Addidas Shoes M-4758
  </name>
  <category>
   Shoes
  </category>
  <size>
   L
  </size>
  <color>
   Красный
  </color>
  <material>
   Лен
  </material>
  <price>
   265761
  </price>
  <rating>
   1.67
  </rating>
  <reviews>
   775469
  </reviews>
  <new>
   -
  </new>
  <exclusive>
   no
  </exclusive>
  <sporty>
   no
  </sporty>
 </clothing>
 <clothing>
  <id>
   582063868
  </id>
  <name>
   Nike Belts A-3393
  </name>
  <category>
   Belts
  </category>
  <size>
   XL
  </size>
  <color>
   Оранжевый
  </color>
  <material>
   Лен
  </material>
  <price>
   626652
  </price>
  <rating>
   4.59
  </rating>
  <reviews>
   319240
  </reviews>
  <new>
   -
  </new>
  <sporty>
   yes
  </sporty>
 </clothing>
 <clothing>
  <id>
   690811301
  </id>
  <name>
   Converse Shirt X-8921
  </name>
  <category>
   Shirt
  </category>
  <size>
   XXL
  </size>
  <color>
   Оранжевый
  </color>
  <material>
   Кожа
  </material>
  <price>
   764097
  </price>
  <rating>
   3.7
  </rating>
  <reviews>
   127720
  </reviews>
  <new>
   +
  </new>
  <exclusive>
   no
  </exclusive>
  <sporty>
   no
  </sporty>
 </clothing>
 <clothing>
  <id>
   660418007
  </id>
  <name>
   PleinSport Umbrellas C-3448
  </name>
  <category>
   Umbrellas
  </category>
  <size>
   XXL
  </size>
  <color>
   Желтый
  </color>
  <material>
   Полиэстер
  </material>
  <price>
   528834
  </price>
  <rating>
   2.42
  </rating>
  <reviews>
   85001
  </reviews>
  <sporty>
   no
  </sporty>
 </clothing>
 <clothing>
  <id>
   667714837
  </id>
  <name>
   Vans Jeans K-5820
  </name>
  <category>
   Jeans
  </category>
  <size>
   XL
  </size>
  <color>
   Голубой
  </color>
  <material>
   Нейлон
  </material>
  <price>
   738681
  </price>
  <rating>
   2.83
  </rating>
  <reviews>
   444899
  </reviews>
  <new>
   -
  </new>
  <sporty>
   yes
  </sporty>
 </clothing>
 <clothing>
  <id>
   140928012
  </id>
  <name>
   Brooks Blouse Z-5368
  </name>
  <category>
   Blouse
  </category>
  <size>
   S
  </size>
  <color>
   Зеленый
  </color>
  <material>
   Шерсть
  </material>
  <price>
   947159
  </price>
  <rating>
   2.02
  </rating>
  <reviews>
   568740
  </reviews>
  <new>
   +
  </new>
  <sporty>
   yes
  </sporty>
 </clothing>
 <clothing>
  <id>
   242630063
  </id>
  <name>
   Puma Shoes A-3034
  </name>
  <category>
   Shoes
  </category>
  <size>
   XL
  </size>
  <color>
   Желтый
  </color>
  <material>
   Полиэстер
  </material>
  <price>
   961944
  </price>
  <rating>
   4.82
  </rating>
  <reviews>
   192925
  </reviews>
  <new>
   +
  </new>
  <exclusive>
   no
  </exclusive>
  <sporty>
   yes
  </sporty>
 </clothing>
 <clothing>
  <id>
   296894511
  </id>
  <name>
   Vans Skirt F-3670
  </name>
  <category>
   Skirt
  </category>
  <size>
   L
  </size>
  <color>
   Оранжевый
  </color>
  <material>
   Полиэстер
  </material>
  <price>
   312671
  </price>
  <rating>
   4.28
  </rating>
  <reviews>
   724801
  </reviews>
  <exclusive>
   no
  </exclusive>
  <sporty>
   no
  </sporty>
 </clothing>
 <clothing>
  <id>
   922180739
  </id>
  <name>
   Brooks Sweater T-9440
  </name>
  <category>
   Sweater
  </category>
  <size>
   XL
  </size>
  <color>
   Голубой
  </color>
  <material>
   Кожа
  </material>
  <price>
   743483
  </price>
  <rating>
   1.93
  </rating>
  <reviews>
   686279
  </reviews>
  <sporty>
   no
  </sporty>
 </clothing>
 <clothing>
  <id>
   939613112
  </id>
  <name>
   Vans Belts D-6017
  </name>
  <category>
   Belts
  </category>
  <size>
   M
  </size>
  <color>
   Желтый
  </color>
  <material>
   Нейлон
  </material>
  <price>
   465016
  </price>
  <rating>
   1.3
  </rating>
  <reviews>
   51472
  </reviews>
  <new>
   -
  </new>
 </clothing>
 <clothing>
  <id>
   780138165
  </id>
  <name>
   Vans T-shirt C-7341
  </name>
  <category>
   T-shirt
  </category>
  <size>
   M
  </size>
  <color>
   Оранжевый
  </color>
  <material>
   Нейлон
  </material>
  <price>
   134081
  </price>
  <rating>
   2.23
  </rating>
  <reviews>
   303148
  </reviews>
  <new>
   -
  </new>
  <exclusive>
   yes
  </exclusive>
  <sporty>
   no
  </sporty>
 </clothing>
 <clothing>
  <id>
   826302258
  </id>
  <name>
   Adidas Pants G-1146
  </name>
  <category>
   Pants
  </category>
  <size>
   XXL
  </size>
  <color>
   Оранжевый
  </color>
  <material>
   Хлопок
  </material>
  <price>
   136605
  </price>
  <rating>
   2.81
  </rating>
  <reviews>
   954228
  </reviews>
  <new>
   -
  </new>
  <sporty>
   no
  </sporty>
 </clothing>
 <clothing>
  <id>
   391775522
  </id>
  <name>
   Addidas Shoes B-7234
  </name>
  <category>
   Shoes
  </category>
  <size>
   M
  </size>
  <color>
   Красный
  </color>
  <material>
   Шерсть
  </material>
  <price>
   284983
  </price>
  <rating>
   2.95
  </rating>
  <reviews>
   709220
  </reviews>
  <new>
   -
  </new>
 </clothing>
 <clothing>
  <id>
   537397737
  </id>
  <name>
   Adidas Pants O-4415
  </name>
  <category>
   Pants
  </category>
  <size>
   L
  </size>
  <color>
   Оранжевый
  </color>
  <material>
   Полиэстер
  </material>
  <price>
   804798
  </price>
  <rating>
   3.99
  </rating>
  <reviews>
   965844
  </reviews>
  <new>
   +
  </new>
  <exclusive>
   yes
  </exclusive>
 </clothing>
 <clothing>
  <id>
   760546612
  </id>
  <name>
   Lacoste Handbags M-7260
  </name>
  <category>
   Handbags
  </category>
  <size>
   L
  </size>
  <color>
   Фиолетовый
  </color>
  <material>
   Кожа
  </material>
  <price>
   131875
  </price>
  <rating>
   3.7
  </rating>
  <reviews>
   223812
  </reviews>
  <exclusive>
   no
  </exclusive>
  <sporty>
   yes
  </sporty>
 </clothing>
</clothing-items>
