<?xml version="1.0" encoding="utf-8"?>
<clothing-items>
 <clothing>
  <id>
   490837256
  </id>
  <name>
   Nike Gloves C-9828
  </name>
  <category>
   Gloves
  </category>
  <size>
   XL
  </size>
  <color>
   Желтый
  </color>
  <material>
   Полиэстер
  </material>
  <price>
   368724
  </price>
  <rating>
   1.39
  </rating>
  <reviews>
   804067
  </reviews>
  <sporty>
   yes
  </sporty>
 </clothing>
 <clothing>
  <id>
   332329774
  </id>
  <name>
   PleinSport Dress K-2734
  </name>
  <category>
   Dress
  </category>
  <size>
   M
  </size>
  <color>
   Красный
  </color>
  <material>
   Кожа
  </material>
  <price>
   228868
  </price>
  <rating>
   1.91
  </rating>
  <reviews>
   353250
  </reviews>
  <exclusive>
   no
  </exclusive>
 </clothing>
 <clothing>
  <id>
   457308414
  </id>
  <name>
   Ellesse T-shirt X-5296
  </name>
  <category>
   T-shirt
  </category>
  <size>
   XXL
  </size>
  <color>
   Зеленый
  </color>
  <material>
   Вискоза
  </material>
  <price>
   825210
  </price>
  <rating>
   2.92
  </rating>
  <reviews>
   153566
  </reviews>
  <new>
   +
  </new>
  <exclusive>
   yes
  </exclusive>
 </clothing>
 <clothing>
  <id>
   902430559
  </id>
  <name>
   Adidas Jacket D-8556
  </name>
  <category>
   Jacket
  </category>
  <size>
   XXL
  </size>
  <color>
   Зеленый
  </color>
  <material>
   Нейлон
  </material>
  <price>
   770259
  </price>
  <rating>
   4.42
  </rating>
  <reviews>
   994862
  </reviews>
  <new>
   -
  </new>
  <sporty>
   no
  </sporty>
 </clothing>
 <clothing>
  <id>
   367889158
  </id>
  <name>
   Under Armour T-shirt I-9913
  </name>
  <category>
   T-shirt
  </category>
  <size>
   L
  </size>
  <color>
   Желтый
  </color>
  <material>
   Полиэстер
  </material>
  <price>
   742917
  </price>
  <rating>
   1.14
  </rating>
  <reviews>
   72528
  </reviews>
  <new>
   +
  </new>
  <exclusive>
   no
  </exclusive>
  <sporty>
   yes
  </sporty>
 </clothing>
 <clothing>
  <id>
   561618892
  </id>
  <name>
   Ellesse Pants P-8348
  </name>
  <category>
   Pants
  </category>
  <size>
   L
  </size>
  <color>
   Зеленый
  </color>
  <material>
   Шелк
  </material>
  <price>
   855936
  </price>
  <rating>
   3.93
  </rating>
  <reviews>
   53242
  </reviews>
  <exclusive>
   yes
  </exclusive>
  <sporty>
   yes
  </sporty>
 </clothing>
 <clothing>
  <id>
   168167136
  </id>
  <name>
   New Balance Gloves R-2059
  </name>
  <category>
   Gloves
  </category>
  <size>
   S
  </size>
  <color>
   Желтый
  </color>
  <material>
   Полиэстер
  </material>
  <price>
   564496
  </price>
  <rating>
   4.3
  </rating>
  <reviews>
   495005
  </reviews>
 </clothing>
 <clothing>
  <id>
   367509861
  </id>
  <name>
   Ellesse T-shirt A-4270
  </name>
  <category>
   T-shirt
  </category>
  <size>
   XXL
  </size>
  <color>
   Фиолетовый
  </color>
  <material>
   Лен
  </material>
  <price>
   649757
  </price>
  <rating>
   3.52
  </rating>
  <reviews>
   27416
  </reviews>
  <new>
   +
  </new>
  <exclusive>
   yes
  </exclusive>
  <sporty>
   no
  </sporty>
 </clothing>
 <clothing>
  <id>
   785503316
  </id>
  <name>
   Reebok Shoes P-9299
  </name>
  <category>
   Shoes
  </category>
  <size>
   XL
  </size>
  <color>
   Зеленый
  </color>
  <material>
   Вискоза
  </material>
  <price>
   435590
  </price>
  <rating>
   4.09
  </rating>
  <reviews>
   681982
  </reviews>
  <new>
   +
  </new>
  <exclusive>
   no
  </exclusive>
  <sporty>
   yes
  </sporty>
 </clothing>
 <clothing>
  <id>
   602713325
  </id>
  <name>
   DC Jeans J-3809
  </name>
  <category>
   Jeans
  </category>
  <size>
   S
  </size>
  <color>
   Красный
  </color>
  <material>
   Шелк
  </material>
  <price>
   630201
  </price>
  <rating>
   3.15
  </rating>
  <reviews>
   95500
  </reviews>
  <new>
   +
  </new>
 </clothing>
 <clothing>
  <id>
   113801973
  </id>
  <name>
   Addidas Shoes A-6679
  </name>
  <category>
   Shoes
  </category>
  <size>
   M
  </size>
  <color>
   Фиолетовый
  </color>
  <material>
   Полиэстер
  </material>
  <price>
   444210
  </price>
  <rating>
   4.28
  </rating>
  <reviews>
   667903
  </reviews>
  <sporty>
   yes
  </sporty>
 </clothing>
 <clothing>
  <id>
   462203671
  </id>
  <name>
   Brooks Jacket V-4940
  </name>
  <category>
   Jacket
  </category>
  <size>
   S
  </size>
  <color>
   Желтый
  </color>
  <material>
   Вискоза
  </material>
  <price>
   427724
  </price>
  <rating>
   2.76
  </rating>
  <reviews>
   977085
  </reviews>
  <new>
   +
  </new>
  <exclusive>
   yes
  </exclusive>
  <sporty>
   no
  </sporty>
 </clothing>
 <clothing>
  <id>
   528969372
  </id>
  <name>
   Fila Gloves Q-5853
  </name>
  <category>
   Gloves
  </category>
  <size>
   XL
  </size>
  <color>
   Голубой
  </color>
  <material>
   Нейлон
  </material>
  <price>
   202415
  </price>
  <rating>
   4.98
  </rating>
  <reviews>
   477107
  </reviews>
  <new>
   +
  </new>
  <exclusive>
   no
  </exclusive>
  <sporty>
   no
  </sporty>
 </clothing>
 <clothing>
  <id>
   658748113
  </id>
  <name>
   Nike Skirt T-2951
  </name>
  <category>
   Skirt
  </category>
  <size>
   S
  </size>
  <color>
   Красный
  </color>
  <material>
   Лен
  </material>
  <price>
   819483
  </price>
  <rating>
   1.13
  </rating>
  <reviews>
   867504
  </reviews>
  <new>
   -
  </new>
  <exclusive>
   yes
  </exclusive>
 </clothing>
 <clothing>
  <id>
   313527953
  </id>
  <name>
   Adidas Belts D-3454
  </name>
  <category>
   Belts
  </category>
  <size>
   XL
  </size>
  <color>
   Оранжевый
  </color>
  <material>
   Шелк
  </material>
  <price>
   331427
  </price>
  <rating>
   1.68
  </rating>
  <reviews>
   731788
  </reviews>
  <new>
   +
  </new>
  <exclusive>
   no
  </exclusive>
  <sporty>
   yes
  </sporty>
 </clothing>
 <clothing>
  <id>
   611889301
  </id>
  <name>
   Reebok Pants W-3909
  </name>
  <category>
   Pants
  </category>
  <size>
   S
  </size>
  <color>
   Желтый
  </color>
  <material>
   Хлопок
  </material>
  <price>
   537381
  </price>
  <rating>
   1.3
  </rating>
  <reviews>
   580552
  </reviews>
  <exclusive>
   no
  </exclusive>
  <sporty>
   yes
  </sporty>
 </clothing>
 <clothing>
  <id>
   732148318
  </id>
  <name>
   Asics Dress B-5563
  </name>
  <category>
   Dress
  </category>
  <size>
   M
  </size>
  <color>
   Оранжевый
  </color>
  <material>
   Шерсть
  </material>
  <price>
   508011
  </price>
  <rating>
   1.61
  </rating>
  <reviews>
   531724
  </reviews>
  <new>
   -
  </new>
  <exclusive>
   yes
  </exclusive>
 </clothing>
 <clothing>
  <id>
   976390888
  </id>
  <name>
   Asics Belts C-6953
  </name>
  <category>
   Belts
  </category>
  <size>
   S
  </size>
  <color>
   Голубой
  </color>
  <material>
   Нейлон
  </material>
  <price>
   588314
  </price>
  <rating>
   2.51
  </rating>
  <reviews>
   414508
  </reviews>
  <new>
   -
  </new>
  <exclusive>
   no
  </exclusive>
 </clothing>
 <clothing>
  <id>
   853375951
  </id>
  <name>
   Vans Socks F-5773
  </name>
  <category>
   Socks
  </category>
  <size>
   L
  </size>
  <color>
   Оранжевый
  </color>
  <material>
   Шерсть
  </material>
  <price>
   220404
  </price>
  <rating>
   4.81
  </rating>
  <reviews>
   339321
  </reviews>
  <sporty>
   no
  </sporty>
 </clothing>
 <clothing>
  <id>
   319953384
  </id>
  <name>
   DC Pants H-6581
  </name>
  <category>
   Pants
  </category>
  <size>
   L
  </size>
  <color>
   Голубой
  </color>
  <material>
   Полиэстер
  </material>
  <price>
   105752
  </price>
  <rating>
   1.84
  </rating>
  <reviews>
   203272
  </reviews>
  <new>
   +
  </new>
  <sporty>
   yes
  </sporty>
 </clothing>
 <clothing>
  <id>
   567519241
  </id>
  <name>
   Brooks Shoes C-5780
  </name>
  <category>
   Shoes
  </category>
  <size>
   L
  </size>
  <color>
   Фиолетовый
  </color>
  <material>
   Кожа
  </material>
  <price>
   973162
  </price>
  <rating>
   1.47
  </rating>
  <reviews>
   200004
  </reviews>
  <exclusive>
   yes
  </exclusive>
  <sporty>
   yes
  </sporty>
 </clothing>
</clothing-items>
