<?xml version="1.0" encoding="utf-8"?>
<clothing-items>
 <clothing>
  <id>
   429941028
  </id>
  <name>
   Fila Handbags N-2709
  </name>
  <category>
   Handbags
  </category>
  <size>
   XXL
  </size>
  <color>
   Оранжевый
  </color>
  <material>
   Нейлон
  </material>
  <price>
   721116
  </price>
  <rating>
   4.97
  </rating>
  <reviews>
   696451
  </reviews>
  <exclusive>
   yes
  </exclusive>
 </clothing>
 <clothing>
  <id>
   152364636
  </id>
  <name>
   New Balance Socks H-6537
  </name>
  <category>
   Socks
  </category>
  <size>
   XXL
  </size>
  <color>
   Голубой
  </color>
  <material>
   Шерсть
  </material>
  <price>
   543404
  </price>
  <rating>
   3.04
  </rating>
  <reviews>
   289095
  </reviews>
  <new>
   +
  </new>
  <sporty>
   yes
  </sporty>
 </clothing>
 <clothing>
  <id>
   528624156
  </id>
  <name>
   Fila Gloves Q-7342
  </name>
  <category>
   Gloves
  </category>
  <size>
   M
  </size>
  <color>
   Зеленый
  </color>
  <material>
   Кожа
  </material>
  <price>
   142876
  </price>
  <rating>
   3.31
  </rating>
  <reviews>
   47302
  </reviews>
  <new>
   +
  </new>
  <exclusive>
   yes
  </exclusive>
  <sporty>
   no
  </sporty>
 </clothing>
 <clothing>
  <id>
   881291449
  </id>
  <name>
   Brooks Umbrellas K-6037
  </name>
  <category>
   Umbrellas
  </category>
  <size>
   XXL
  </size>
  <color>
   Зеленый
  </color>
  <material>
   Полиэстер
  </material>
  <price>
   796669
  </price>
  <rating>
   3.77
  </rating>
  <reviews>
   679599
  </reviews>
  <new>
   -
  </new>
  <exclusive>
   no
  </exclusive>
 </clothing>
 <clothing>
  <id>
   372122479
  </id>
  <name>
   Adidas Shirt K-2441
  </name>
  <category>
   Shirt
  </category>
  <size>
   M
  </size>
  <color>
   Оранжевый
  </color>
  <material>
   Шелк
  </material>
  <price>
   483633
  </price>
  <rating>
   2.37
  </rating>
  <reviews>
   77157
  </reviews>
  <new>
   +
  </new>
  <exclusive>
   no
  </exclusive>
  <sporty>
   no
  </sporty>
 </clothing>
 <clothing>
  <id>
   786212205
  </id>
  <name>
   Brooks Dress E-8448
  </name>
  <category>
   Dress
  </category>
  <size>
   L
  </size>
  <color>
   Зеленый
  </color>
  <material>
   Лен
  </material>
  <price>
   342866
  </price>
  <rating>
   2.51
  </rating>
  <reviews>
   41591
  </reviews>
  <new>
   -
  </new>
  <exclusive>
   no
  </exclusive>
  <sporty>
   no
  </sporty>
 </clothing>
 <clothing>
  <id>
   114824266
  </id>
  <name>
   Asics Shirt Z-3048
  </name>
  <category>
   Shirt
  </category>
  <size>
   XL
  </size>
  <color>
   Голубой
  </color>
  <material>
   Кожа
  </material>
  <price>
   294888
  </price>
  <rating>
   3.31
  </rating>
  <reviews>
   610156
  </reviews>
  <new>
   -
  </new>
  <sporty>
   yes
  </sporty>
 </clothing>
 <clothing>
  <id>
   149544488
  </id>
  <name>
   Brooks Handbags F-1150
  </name>
  <category>
   Handbags
  </category>
  <size>
   M
  </size>
  <color>
   Оранжевый
  </color>
  <material>
   Полиэстер
  </material>
  <price>
   164284
  </price>
  <rating>
   4.92
  </rating>
  <reviews>
   782506
  </reviews>
  <sporty>
   yes
  </sporty>
 </clothing>
 <clothing>
  <id>
   151643049
  </id>
  <name>
   Under Armour Shoes G-4661
  </name>
  <category>
   Shoes
  </category>
  <size>
   XXL
  </size>
  <color>
   Фиолетовый
  </color>
  <material>
   Кожа
  </material>
  <price>
   825385
  </price>
  <rating>
   3.19
  </rating>
  <reviews>
   614158
  </reviews>
  <sporty>
   no
  </sporty>
 </clothing>
 <clothing>
  <id>
   315974132
  </id>
  <name>
   Lacoste Gloves L-5106
  </name>
  <category>
   Gloves
  </category>
  <size>
   L
  </size>
  <color>
   Красный
  </color>
  <material>
   Шелк
  </material>
  <price>
   855745
  </price>
  <rating>
   1.05
  </rating>
  <reviews>
   857870
  </reviews>
  <new>
   -
  </new>
  <sporty>
   no
  </sporty>
 </clothing>
 <clothing>
  <id>
   730608993
  </id>
  <name>
   DC Skirt S-2054
  </name>
  <category>
   Skirt
  </category>
  <size>
   S
  </size>
  <color>
   Зеленый
  </color>
  <material>
   Хлопок
  </material>
  <price>
   143581
  </price>
  <rating>
   3.07
  </rating>
  <reviews>
   617679
  </reviews>
  <new>
   +
  </new>
  <exclusive>
   no
  </exclusive>
  <sporty>
   no
  </sporty>
 </clothing>
 <clothing>
  <id>
   923536728
  </id>
  <name>
   Converse Handbags X-2643
  </name>
  <category>
   Handbags
  </category>
  <size>
   L
  </size>
  <color>
   Синий
  </color>
  <material>
   Шерсть
  </material>
  <price>
   379930
  </price>
  <rating>
   1.79
  </rating>
  <reviews>
   991289
  </reviews>
  <exclusive>
   no
  </exclusive>
 </clothing>
 <clothing>
  <id>
   690127910
  </id>
  <name>
   Under Armour Gloves S-5648
  </name>
  <category>
   Gloves
  </category>
  <size>
   XL
  </size>
  <color>
   Фиолетовый
  </color>
  <material>
   Нейлон
  </material>
  <price>
   399149
  </price>
  <rating>
   2.68
  </rating>
  <reviews>
   258023
  </reviews>
  <new>
   -
  </new>
  <sporty>
   no
  </sporty>
 </clothing>
 <clothing>
  <id>
   952896324
  </id>
  <name>
   Adidas Umbrellas X-5817
  </name>
  <category>
   Umbrellas
  </category>
  <size>
   XL
  </size>
  <color>
   Красный
  </color>
  <material>
   Шерсть
  </material>
  <price>
   835352
  </price>
  <rating>
   4.27
  </rating>
  <reviews>
   556797
  </reviews>
  <new>
   +
  </new>
 </clothing>
 <clothing>
  <id>
   223753224
  </id>
  <name>
   Fila T-shirt F-6547
  </name>
  <category>
   T-shirt
  </category>
  <size>
   XXL
  </size>
  <color>
   Красный
  </color>
  <material>
   Лен
  </material>
  <price>
   318521
  </price>
  <rating>
   1.4
  </rating>
  <reviews>
   264006
  </reviews>
  <new>
   +
  </new>
  <sporty>
   yes
  </sporty>
 </clothing>
 <clothing>
  <id>
   735940891
  </id>
  <name>
   Addidas Jacket H-3142
  </name>
  <category>
   Jacket
  </category>
  <size>
   XXL
  </size>
  <color>
   Красный
  </color>
  <material>
   Полиэстер
  </material>
  <price>
   145979
  </price>
  <rating>
   3.12
  </rating>
  <reviews>
   430331
  </reviews>
  <new>
   +
  </new>
  <exclusive>
   yes
  </exclusive>
 </clothing>
 <clothing>
  <id>
   294241363
  </id>
  <name>
   Vans Belts J-8108
  </name>
  <category>
   Belts
  </category>
  <size>
   M
  </size>
  <color>
   Оранжевый
  </color>
  <material>
   Шерсть
  </material>
  <price>
   709291
  </price>
  <rating>
   1.83
  </rating>
  <reviews>
   415871
  </reviews>
 </clothing>
 <clothing>
  <id>
   967253474
  </id>
  <name>
   Vans Dress Z-5158
  </name>
  <category>
   Dress
  </category>
  <size>
   XL
  </size>
  <color>
   Голубой
  </color>
  <material>
   Хлопок
  </material>
  <price>
   788833
  </price>
  <rating>
   1.75
  </rating>
  <reviews>
   188517
  </reviews>
  <exclusive>
   yes
  </exclusive>
  <sporty>
   no
  </sporty>
 </clothing>
 <clothing>
  <id>
   621585747
  </id>
  <name>
   Brooks Hat G-9789
  </name>
  <category>
   Hat
  </category>
  <size>
   XL
  </size>
  <color>
   Желтый
  </color>
  <material>
   Шерсть
  </material>
  <price>
   845393
  </price>
  <rating>
   3.41
  </rating>
  <reviews>
   60041
  </reviews>
 </clothing>
 <clothing>
  <id>
   281903422
  </id>
  <name>
   Brooks Jeans X-5951
  </name>
  <category>
   Jeans
  </category>
  <size>
   M
  </size>
  <color>
   Оранжевый
  </color>
  <material>
   Шелк
  </material>
  <price>
   679677
  </price>
  <rating>
   4.73
  </rating>
  <reviews>
   132809
  </reviews>
  <new>
   -
  </new>
  <exclusive>
   no
  </exclusive>
  <sporty>
   no
  </sporty>
 </clothing>
 <clothing>
  <id>
   812344644
  </id>
  <name>
   Under Armour Skirt D-8870
  </name>
  <category>
   Skirt
  </category>
  <size>
   XXL
  </size>
  <color>
   Синий
  </color>
  <material>
   Полиэстер
  </material>
  <price>
   251588
  </price>
  <rating>
   2.36
  </rating>
  <reviews>
   554271
  </reviews>
  <exclusive>
   no
  </exclusive>
 </clothing>
 <clothing>
  <id>
   929330167
  </id>
  <name>
   Puma Gloves O-6938
  </name>
  <category>
   Gloves
  </category>
  <size>
   L
  </size>
  <color>
   Оранжевый
  </color>
  <material>
   Кожа
  </material>
  <price>
   222360
  </price>
  <rating>
   1.48
  </rating>
  <reviews>
   623605
  </reviews>
  <new>
   +
  </new>
  <exclusive>
   no
  </exclusive>
 </clothing>
 <clothing>
  <id>
   830280944
  </id>
  <name>
   New Balance Blouse N-3173
  </name>
  <category>
   Blouse
  </category>
  <size>
   XXL
  </size>
  <color>
   Желтый
  </color>
  <material>
   Хлопок
  </material>
  <price>
   540442
  </price>
  <rating>
   3.79
  </rating>
  <reviews>
   827044
  </reviews>
 </clothing>
 <clothing>
  <id>
   594202120
  </id>
  <name>
   Under Armour Skirt D-1411
  </name>
  <category>
   Skirt
  </category>
  <size>
   XXL
  </size>
  <color>
   Зеленый
  </color>
  <material>
   Шерсть
  </material>
  <price>
   135788
  </price>
  <rating>
   4.23
  </rating>
  <reviews>
   77417
  </reviews>
 </clothing>
 <clothing>
  <id>
   390943273
  </id>
  <name>
   Nike Hat O-6413
  </name>
  <category>
   Hat
  </category>
  <size>
   XL
  </size>
  <color>
   Синий
  </color>
  <material>
   Лен
  </material>
  <price>
   597348
  </price>
  <rating>
   2.07
  </rating>
  <reviews>
   698502
  </reviews>
  <new>
   +
  </new>
  <sporty>
   no
  </sporty>
 </clothing>
 <clothing>
  <id>
   257775883
  </id>
  <name>
   Adidas Jeans I-4218
  </name>
  <category>
   Jeans
  </category>
  <size>
   M
  </size>
  <color>
   Красный
  </color>
  <material>
   Кожа
  </material>
  <price>
   746509
  </price>
  <rating>
   4.85
  </rating>
  <reviews>
   630201
  </reviews>
  <new>
   -
  </new>
 </clothing>
 <clothing>
  <id>
   639500440
  </id>
  <name>
   Fila Umbrellas B-8726
  </name>
  <category>
   Umbrellas
  </category>
  <size>
   L
  </size>
  <color>
   Голубой
  </color>
  <material>
   Кожа
  </material>
  <price>
   697996
  </price>
  <rating>
   4.04
  </rating>
  <reviews>
   693160
  </reviews>
  <sporty>
   no
  </sporty>
 </clothing>
 <clothing>
  <id>
   755559439
  </id>
  <name>
   PleinSport Hat N-8549
  </name>
  <category>
   Hat
  </category>
  <size>
   XXL
  </size>
  <color>
   Зеленый
  </color>
  <material>
   Шелк
  </material>
  <price>
   738288
  </price>
  <rating>
   3.0
  </rating>
  <reviews>
   725847
  </reviews>
  <new>
   -
  </new>
  <sporty>
   no
  </sporty>
 </clothing>
 <clothing>
  <id>
   389976917
  </id>
  <name>
   Adidas Umbrellas S-4492
  </name>
  <category>
   Umbrellas
  </category>
  <size>
   M
  </size>
  <color>
   Красный
  </color>
  <material>
   Лен
  </material>
  <price>
   136208
  </price>
  <rating>
   4.68
  </rating>
  <reviews>
   629069
  </reviews>
 </clothing>
</clothing-items>
