<?xml version="1.0" encoding="utf-8"?>
<clothing-items>
 <clothing>
  <id>
   346132919
  </id>
  <name>
   DC Jeans D-8484
  </name>
  <category>
   Jeans
  </category>
  <size>
   S
  </size>
  <color>
   Оранжевый
  </color>
  <material>
   Шелк
  </material>
  <price>
   794521
  </price>
  <rating>
   4.98
  </rating>
  <reviews>
   416409
  </reviews>
  <new>
   +
  </new>
  <sporty>
   no
  </sporty>
 </clothing>
 <clothing>
  <id>
   518952273
  </id>
  <name>
   New Balance Skirt J-8965
  </name>
  <category>
   Skirt
  </category>
  <size>
   L
  </size>
  <color>
   Зеленый
  </color>
  <material>
   Вискоза
  </material>
  <price>
   298887
  </price>
  <rating>
   2.0
  </rating>
  <reviews>
   143357
  </reviews>
  <new>
   +
  </new>
  <exclusive>
   no
  </exclusive>
 </clothing>
 <clothing>
  <id>
   529689699
  </id>
  <name>
   Reebok Hat N-7284
  </name>
  <category>
   Hat
  </category>
  <size>
   M
  </size>
  <color>
   Красный
  </color>
  <material>
   Лен
  </material>
  <price>
   927220
  </price>
  <rating>
   1.41
  </rating>
  <reviews>
   876125
  </reviews>
  <new>
   -
  </new>
  <exclusive>
   no
  </exclusive>
  <sporty>
   yes
  </sporty>
 </clothing>
 <clothing>
  <id>
   373852587
  </id>
  <name>
   DC T-shirt O-9739
  </name>
  <category>
   T-shirt
  </category>
  <size>
   L
  </size>
  <color>
   Оранжевый
  </color>
  <material>
   Кожа
  </material>
  <price>
   992467
  </price>
  <rating>
   1.69
  </rating>
  <reviews>
   538677
  </reviews>
  <exclusive>
   no
  </exclusive>
  <sporty>
   no
  </sporty>
 </clothing>
 <clothing>
  <id>
   530951217
  </id>
  <name>
   Ellesse Gloves P-5124
  </name>
  <category>
   Gloves
  </category>
  <size>
   XXL
  </size>
  <color>
   Желтый
  </color>
  <material>
   Полиэстер
  </material>
  <price>
   251826
  </price>
  <rating>
   3.11
  </rating>
  <reviews>
   502622
  </reviews>
 </clothing>
 <clothing>
  <id>
   154783766
  </id>
  <name>
   Ellesse Handbags Q-2327
  </name>
  <category>
   Handbags
  </category>
  <size>
   XL
  </size>
  <color>
   Синий
  </color>
  <material>
   Полиэстер
  </material>
  <price>
   206332
  </price>
  <rating>
   2.67
  </rating>
  <reviews>
   65853
  </reviews>
 </clothing>
 <clothing>
  <id>
   626285409
  </id>
  <name>
   New Balance Pants V-5761
  </name>
  <category>
   Pants
  </category>
  <size>
   L
  </size>
  <color>
   Красный
  </color>
  <material>
   Лен
  </material>
  <price>
   497092
  </price>
  <rating>
   2.19
  </rating>
  <reviews>
   80333
  </reviews>
  <new>
   +
  </new>
  <exclusive>
   no
  </exclusive>
  <sporty>
   no
  </sporty>
 </clothing>
 <clothing>
  <id>
   748638860
  </id>
  <name>
   DC Shirt W-4116
  </name>
  <category>
   Shirt
  </category>
  <size>
   S
  </size>
  <color>
   Красный
  </color>
  <material>
   Шерсть
  </material>
  <price>
   445849
  </price>
  <rating>
   1.65
  </rating>
  <reviews>
   37193
  </reviews>
  <new>
   -
  </new>
  <exclusive>
   no
  </exclusive>
  <sporty>
   no
  </sporty>
 </clothing>
 <clothing>
  <id>
   573964832
  </id>
  <name>
   Under Armour Sweater F-5303
  </name>
  <category>
   Sweater
  </category>
  <size>
   XL
  </size>
  <color>
   Голубой
  </color>
  <material>
   Хлопок
  </material>
  <price>
   459174
  </price>
  <rating>
   2.34
  </rating>
  <reviews>
   413424
  </reviews>
  <new>
   -
  </new>
  <exclusive>
   no
  </exclusive>
  <sporty>
   no
  </sporty>
 </clothing>
 <clothing>
  <id>
   992569848
  </id>
  <name>
   PleinSport Gloves N-1691
  </name>
  <category>
   Gloves
  </category>
  <size>
   XXL
  </size>
  <color>
   Фиолетовый
  </color>
  <material>
   Кожа
  </material>
  <price>
   352333
  </price>
  <rating>
   2.6
  </rating>
  <reviews>
   636964
  </reviews>
  <exclusive>
   yes
  </exclusive>
 </clothing>
 <clothing>
  <id>
   513599108
  </id>
  <name>
   Converse Umbrellas Z-6310
  </name>
  <category>
   Umbrellas
  </category>
  <size>
   L
  </size>
  <color>
   Голубой
  </color>
  <material>
   Нейлон
  </material>
  <price>
   846456
  </price>
  <rating>
   1.92
  </rating>
  <reviews>
   346517
  </reviews>
  <new>
   +
  </new>
 </clothing>
 <clothing>
  <id>
   844043549
  </id>
  <name>
   Nike Shoes F-6432
  </name>
  <category>
   Shoes
  </category>
  <size>
   XXL
  </size>
  <color>
   Фиолетовый
  </color>
  <material>
   Лен
  </material>
  <price>
   550523
  </price>
  <rating>
   4.86
  </rating>
  <reviews>
   518979
  </reviews>
  <new>
   +
  </new>
  <exclusive>
   no
  </exclusive>
 </clothing>
 <clothing>
  <id>
   996922928
  </id>
  <name>
   Addidas Sweater A-2094
  </name>
  <category>
   Sweater
  </category>
  <size>
   XL
  </size>
  <color>
   Красный
  </color>
  <material>
   Нейлон
  </material>
  <price>
   692498
  </price>
  <rating>
   1.65
  </rating>
  <reviews>
   842442
  </reviews>
  <exclusive>
   yes
  </exclusive>
  <sporty>
   yes
  </sporty>
 </clothing>
 <clothing>
  <id>
   770342699
  </id>
  <name>
   Under Armour Skirt S-8715
  </name>
  <category>
   Skirt
  </category>
  <size>
   S
  </size>
  <color>
   Фиолетовый
  </color>
  <material>
   Вискоза
  </material>
  <price>
   971565
  </price>
  <rating>
   3.07
  </rating>
  <reviews>
   646508
  </reviews>
  <new>
   -
  </new>
  <exclusive>
   no
  </exclusive>
  <sporty>
   no
  </sporty>
 </clothing>
 <clothing>
  <id>
   210519197
  </id>
  <name>
   PleinSport Umbrellas B-9781
  </name>
  <category>
   Umbrellas
  </category>
  <size>
   S
  </size>
  <color>
   Желтый
  </color>
  <material>
   Вискоза
  </material>
  <price>
   158338
  </price>
  <rating>
   3.52
  </rating>
  <reviews>
   446767
  </reviews>
 </clothing>
 <clothing>
  <id>
   320241617
  </id>
  <name>
   Converse Jacket F-5047
  </name>
  <category>
   Jacket
  </category>
  <size>
   M
  </size>
  <color>
   Желтый
  </color>
  <material>
   Вискоза
  </material>
  <price>
   577547
  </price>
  <rating>
   2.63
  </rating>
  <reviews>
   660236
  </reviews>
  <new>
   -
  </new>
  <exclusive>
   no
  </exclusive>
  <sporty>
   yes
  </sporty>
 </clothing>
 <clothing>
  <id>
   447851914
  </id>
  <name>
   Brooks Handbags G-1969
  </name>
  <category>
   Handbags
  </category>
  <size>
   XXL
  </size>
  <color>
   Зеленый
  </color>
  <material>
   Шелк
  </material>
  <price>
   483522
  </price>
  <rating>
   3.62
  </rating>
  <reviews>
   766307
  </reviews>
  <exclusive>
   yes
  </exclusive>
  <sporty>
   yes
  </sporty>
 </clothing>
 <clothing>
  <id>
   829814587
  </id>
  <name>
   Vans Jeans J-1132
  </name>
  <category>
   Jeans
  </category>
  <size>
   XL
  </size>
  <color>
   Синий
  </color>
  <material>
   Лен
  </material>
  <price>
   944703
  </price>
  <rating>
   2.11
  </rating>
  <reviews>
   924683
  </reviews>
  <exclusive>
   no
  </exclusive>
  <sporty>
   no
  </sporty>
 </clothing>
 <clothing>
  <id>
   639069735
  </id>
  <name>
   Vans Belts R-5578
  </name>
  <category>
   Belts
  </category>
  <size>
   S
  </size>
  <color>
   Синий
  </color>
  <material>
   Вискоза
  </material>
  <price>
   761373
  </price>
  <rating>
   2.31
  </rating>
  <reviews>
   123594
  </reviews>
  <exclusive>
   yes
  </exclusive>
 </clothing>
 <clothing>
  <id>
   955015872
  </id>
  <name>
   Vans Socks N-6686
  </name>
  <category>
   Socks
  </category>
  <size>
   S
  </size>
  <color>
   Голубой
  </color>
  <material>
   Лен
  </material>
  <price>
   819322
  </price>
  <rating>
   1.18
  </rating>
  <reviews>
   967899
  </reviews>
  <new>
   +
  </new>
  <exclusive>
   no
  </exclusive>
  <sporty>
   no
  </sporty>
 </clothing>
 <clothing>
  <id>
   400228620
  </id>
  <name>
   Adidas Dress N-4098
  </name>
  <category>
   Dress
  </category>
  <size>
   S
  </size>
  <color>
   Зеленый
  </color>
  <material>
   Нейлон
  </material>
  <price>
   866769
  </price>
  <rating>
   4.6
  </rating>
  <reviews>
   788597
  </reviews>
  <new>
   -
  </new>
  <exclusive>
   no
  </exclusive>
 </clothing>
 <clothing>
  <id>
   148115854
  </id>
  <name>
   New Balance Sweater M-1774
  </name>
  <category>
   Sweater
  </category>
  <size>
   XXL
  </size>
  <color>
   Красный
  </color>
  <material>
   Вискоза
  </material>
  <price>
   735221
  </price>
  <rating>
   2.01
  </rating>
  <reviews>
   459107
  </reviews>
  <new>
   -
  </new>
  <exclusive>
   no
  </exclusive>
  <sporty>
   no
  </sporty>
 </clothing>
 <clothing>
  <id>
   396244081
  </id>
  <name>
   Addidas Jeans N-5838
  </name>
  <category>
   Jeans
  </category>
  <size>
   L
  </size>
  <color>
   Синий
  </color>
  <material>
   Вискоза
  </material>
  <price>
   267111
  </price>
  <rating>
   3.76
  </rating>
  <reviews>
   205062
  </reviews>
  <exclusive>
   no
  </exclusive>
  <sporty>
   yes
  </sporty>
 </clothing>
 <clothing>
  <id>
   792134949
  </id>
  <name>
   Ellesse Sweater D-6193
  </name>
  <category>
   Sweater
  </category>
  <size>
   L
  </size>
  <color>
   Зеленый
  </color>
  <material>
   Нейлон
  </material>
  <price>
   586510
  </price>
  <rating>
   3.95
  </rating>
  <reviews>
   799539
  </reviews>
  <new>
   +
  </new>
  <exclusive>
   yes
  </exclusive>
 </clothing>
 <clothing>
  <id>
   928460946
  </id>
  <name>
   Puma Belts R-8624
  </name>
  <category>
   Belts
  </category>
  <size>
   L
  </size>
  <color>
   Голубой
  </color>
  <material>
   Нейлон
  </material>
  <price>
   797174
  </price>
  <rating>
   1.97
  </rating>
  <reviews>
   525584
  </reviews>
  <exclusive>
   yes
  </exclusive>
  <sporty>
   no
  </sporty>
 </clothing>
</clothing-items>
