<?xml version="1.0" encoding="utf-8"?>
<clothing-items>
 <clothing>
  <id>
   513351672
  </id>
  <name>
   Fila Shirt Q-6755
  </name>
  <category>
   Shirt
  </category>
  <size>
   S
  </size>
  <color>
   Синий
  </color>
  <material>
   Кожа
  </material>
  <price>
   196389
  </price>
  <rating>
   2.44
  </rating>
  <reviews>
   716155
  </reviews>
  <sporty>
   no
  </sporty>
 </clothing>
 <clothing>
  <id>
   614535856
  </id>
  <name>
   Puma Belts R-3111
  </name>
  <category>
   Belts
  </category>
  <size>
   XL
  </size>
  <color>
   Зеленый
  </color>
  <material>
   Шелк
  </material>
  <price>
   759313
  </price>
  <rating>
   3.25
  </rating>
  <reviews>
   651141
  </reviews>
  <new>
   -
  </new>
  <exclusive>
   no
  </exclusive>
  <sporty>
   no
  </sporty>
 </clothing>
 <clothing>
  <id>
   940913719
  </id>
  <name>
   Brooks Jacket H-5665
  </name>
  <category>
   Jacket
  </category>
  <size>
   M
  </size>
  <color>
   Красный
  </color>
  <material>
   Шерсть
  </material>
  <price>
   109340
  </price>
  <rating>
   2.45
  </rating>
  <reviews>
   876608
  </reviews>
  <new>
   -
  </new>
  <exclusive>
   no
  </exclusive>
 </clothing>
 <clothing>
  <id>
   850940645
  </id>
  <name>
   Nike Shirt S-3405
  </name>
  <category>
   Shirt
  </category>
  <size>
   XXL
  </size>
  <color>
   Синий
  </color>
  <material>
   Полиэстер
  </material>
  <price>
   516127
  </price>
  <rating>
   1.02
  </rating>
  <reviews>
   449631
  </reviews>
  <new>
   +
  </new>
  <exclusive>
   yes
  </exclusive>
  <sporty>
   yes
  </sporty>
 </clothing>
 <clothing>
  <id>
   668201694
  </id>
  <name>
   Vans Hat E-1151
  </name>
  <category>
   Hat
  </category>
  <size>
   XL
  </size>
  <color>
   Синий
  </color>
  <material>
   Кожа
  </material>
  <price>
   291923
  </price>
  <rating>
   1.87
  </rating>
  <reviews>
   152983
  </reviews>
  <new>
   +
  </new>
  <exclusive>
   yes
  </exclusive>
  <sporty>
   yes
  </sporty>
 </clothing>
 <clothing>
  <id>
   421521780
  </id>
  <name>
   Converse Shoes W-2405
  </name>
  <category>
   Shoes
  </category>
  <size>
   XXL
  </size>
  <color>
   Синий
  </color>
  <material>
   Кожа
  </material>
  <price>
   963873
  </price>
  <rating>
   1.83
  </rating>
  <reviews>
   695997
  </reviews>
  <new>
   -
  </new>
  <sporty>
   yes
  </sporty>
 </clothing>
 <clothing>
  <id>
   496853608
  </id>
  <name>
   Adidas Sweater O-5065
  </name>
  <category>
   Sweater
  </category>
  <size>
   XL
  </size>
  <color>
   Оранжевый
  </color>
  <material>
   Нейлон
  </material>
  <price>
   502533
  </price>
  <rating>
   1.8
  </rating>
  <reviews>
   741003
  </reviews>
  <exclusive>
   no
  </exclusive>
 </clothing>
 <clothing>
  <id>
   981179884
  </id>
  <name>
   Under Armour Sweater I-1900
  </name>
  <category>
   Sweater
  </category>
  <size>
   XL
  </size>
  <color>
   Желтый
  </color>
  <material>
   Нейлон
  </material>
  <price>
   150110
  </price>
  <rating>
   4.47
  </rating>
  <reviews>
   899990
  </reviews>
  <new>
   -
  </new>
  <exclusive>
   yes
  </exclusive>
 </clothing>
 <clothing>
  <id>
   951173517
  </id>
  <name>
   Ellesse Handbags Z-5947
  </name>
  <category>
   Handbags
  </category>
  <size>
   XXL
  </size>
  <color>
   Синий
  </color>
  <material>
   Хлопок
  </material>
  <price>
   397226
  </price>
  <rating>
   4.3
  </rating>
  <reviews>
   213303
  </reviews>
  <exclusive>
   yes
  </exclusive>
 </clothing>
 <clothing>
  <id>
   658723761
  </id>
  <name>
   DC Jeans W-9751
  </name>
  <category>
   Jeans
  </category>
  <size>
   XXL
  </size>
  <color>
   Оранжевый
  </color>
  <material>
   Вискоза
  </material>
  <price>
   830168
  </price>
  <rating>
   4.91
  </rating>
  <reviews>
   347613
  </reviews>
  <new>
   -
  </new>
  <exclusive>
   no
  </exclusive>
  <sporty>
   yes
  </sporty>
 </clothing>
 <clothing>
  <id>
   365213567
  </id>
  <name>
   Under Armour Pants D-1881
  </name>
  <category>
   Pants
  </category>
  <size>
   XL
  </size>
  <color>
   Зеленый
  </color>
  <material>
   Вискоза
  </material>
  <price>
   257805
  </price>
  <rating>
   3.6
  </rating>
  <reviews>
   277342
  </reviews>
  <new>
   +
  </new>
 </clothing>
 <clothing>
  <id>
   279933598
  </id>
  <name>
   Adidas Dress U-9777
  </name>
  <category>
   Dress
  </category>
  <size>
   XXL
  </size>
  <color>
   Оранжевый
  </color>
  <material>
   Полиэстер
  </material>
  <price>
   614801
  </price>
  <rating>
   1.55
  </rating>
  <reviews>
   973748
  </reviews>
  <new>
   +
  </new>
 </clothing>
 <clothing>
  <id>
   158071264
  </id>
  <name>
   Fila Umbrellas Z-8317
  </name>
  <category>
   Umbrellas
  </category>
  <size>
   XXL
  </size>
  <color>
   Оранжевый
  </color>
  <material>
   Шелк
  </material>
  <price>
   559319
  </price>
  <rating>
   1.58
  </rating>
  <reviews>
   189900
  </reviews>
  <new>
   -
  </new>
  <exclusive>
   yes
  </exclusive>
 </clothing>
 <clothing>
  <id>
   675086624
  </id>
  <name>
   Brooks Jeans G-1271
  </name>
  <category>
   Jeans
  </category>
  <size>
   XL
  </size>
  <color>
   Фиолетовый
  </color>
  <material>
   Лен
  </material>
  <price>
   521945
  </price>
  <rating>
   2.6
  </rating>
  <reviews>
   432897
  </reviews>
  <new>
   -
  </new>
  <exclusive>
   no
  </exclusive>
 </clothing>
 <clothing>
  <id>
   584691298
  </id>
  <name>
   Brooks Skirt D-9895
  </name>
  <category>
   Skirt
  </category>
  <size>
   S
  </size>
  <color>
   Красный
  </color>
  <material>
   Шелк
  </material>
  <price>
   327629
  </price>
  <rating>
   4.5
  </rating>
  <reviews>
   633138
  </reviews>
  <exclusive>
   no
  </exclusive>
  <sporty>
   yes
  </sporty>
 </clothing>
 <clothing>
  <id>
   435588985
  </id>
  <name>
   Nike T-shirt H-3052
  </name>
  <category>
   T-shirt
  </category>
  <size>
   M
  </size>
  <color>
   Желтый
  </color>
  <material>
   Нейлон
  </material>
  <price>
   654232
  </price>
  <rating>
   4.72
  </rating>
  <reviews>
   117951
  </reviews>
  <new>
   -
  </new>
  <exclusive>
   yes
  </exclusive>
  <sporty>
   no
  </sporty>
 </clothing>
 <clothing>
  <id>
   180716482
  </id>
  <name>
   Puma Umbrellas P-4227
  </name>
  <category>
   Umbrellas
  </category>
  <size>
   XL
  </size>
  <color>
   Фиолетовый
  </color>
  <material>
   Вискоза
  </material>
  <price>
   323175
  </price>
  <rating>
   1.86
  </rating>
  <reviews>
   786749
  </reviews>
  <new>
   +
  </new>
  <exclusive>
   no
  </exclusive>
  <sporty>
   yes
  </sporty>
 </clothing>
 <clothing>
  <id>
   721587118
  </id>
  <name>
   Reebok T-shirt I-3961
  </name>
  <category>
   T-shirt
  </category>
  <size>
   M
  </size>
  <color>
   Голубой
  </color>
  <material>
   Шелк
  </material>
  <price>
   458257
  </price>
  <rating>
   4.59
  </rating>
  <reviews>
   13202
  </reviews>
  <new>
   -
  </new>
  <exclusive>
   no
  </exclusive>
 </clothing>
 <clothing>
  <id>
   733786054
  </id>
  <name>
   Under Armour Blouse G-3533
  </name>
  <category>
   Blouse
  </category>
  <size>
   XXL
  </size>
  <color>
   Синий
  </color>
  <material>
   Кожа
  </material>
  <price>
   356586
  </price>
  <rating>
   3.24
  </rating>
  <reviews>
   724740
  </reviews>
  <new>
   -
  </new>
  <exclusive>
   no
  </exclusive>
 </clothing>
 <clothing>
  <id>
   143149257
  </id>
  <name>
   Ellesse Socks R-6868
  </name>
  <category>
   Socks
  </category>
  <size>
   S
  </size>
  <color>
   Желтый
  </color>
  <material>
   Шерсть
  </material>
  <price>
   955286
  </price>
  <rating>
   4.4
  </rating>
  <reviews>
   560567
  </reviews>
  <new>
   +
  </new>
  <exclusive>
   yes
  </exclusive>
 </clothing>
 <clothing>
  <id>
   415589154
  </id>
  <name>
   Asics Belts W-9956
  </name>
  <category>
   Belts
  </category>
  <size>
   XXL
  </size>
  <color>
   Зеленый
  </color>
  <material>
   Полиэстер
  </material>
  <price>
   966754
  </price>
  <rating>
   3.27
  </rating>
  <reviews>
   518401
  </reviews>
 </clothing>
 <clothing>
  <id>
   973738074
  </id>
  <name>
   Asics Umbrellas R-3090
  </name>
  <category>
   Umbrellas
  </category>
  <size>
   XXL
  </size>
  <color>
   Оранжевый
  </color>
  <material>
   Вискоза
  </material>
  <price>
   261026
  </price>
  <rating>
   3.9
  </rating>
  <reviews>
   273317
  </reviews>
  <new>
   -
  </new>
 </clothing>
 <clothing>
  <id>
   911503064
  </id>
  <name>
   Reebok Handbags H-1123
  </name>
  <category>
   Handbags
  </category>
  <size>
   S
  </size>
  <color>
   Желтый
  </color>
  <material>
   Шерсть
  </material>
  <price>
   296657
  </price>
  <rating>
   4.1
  </rating>
  <reviews>
   310781
  </reviews>
  <new>
   -
  </new>
  <sporty>
   yes
  </sporty>
 </clothing>
 <clothing>
  <id>
   443398020
  </id>
  <name>
   Reebok T-shirt C-5450
  </name>
  <category>
   T-shirt
  </category>
  <size>
   XXL
  </size>
  <color>
   Синий
  </color>
  <material>
   Шерсть
  </material>
  <price>
   320814
  </price>
  <rating>
   2.92
  </rating>
  <reviews>
   769381
  </reviews>
  <new>
   -
  </new>
  <exclusive>
   no
  </exclusive>
  <sporty>
   no
  </sporty>
 </clothing>
</clothing-items>
