<?xml version="1.0" encoding="utf-8"?>
<clothing-items>
 <clothing>
  <id>
   192975919
  </id>
  <name>
   Lacoste T-shirt H-2697
  </name>
  <category>
   T-shirt
  </category>
  <size>
   L
  </size>
  <color>
   Зеленый
  </color>
  <material>
   Лен
  </material>
  <price>
   685215
  </price>
  <rating>
   4.92
  </rating>
  <reviews>
   548840
  </reviews>
  <new>
   -
  </new>
  <exclusive>
   no
  </exclusive>
  <sporty>
   no
  </sporty>
 </clothing>
 <clothing>
  <id>
   566172463
  </id>
  <name>
   Converse Hat E-5313
  </name>
  <category>
   Hat
  </category>
  <size>
   L
  </size>
  <color>
   Зеленый
  </color>
  <material>
   Шелк
  </material>
  <price>
   155841
  </price>
  <rating>
   1.81
  </rating>
  <reviews>
   237893
  </reviews>
  <exclusive>
   no
  </exclusive>
  <sporty>
   yes
  </sporty>
 </clothing>
 <clothing>
  <id>
   117243267
  </id>
  <name>
   Brooks Jacket W-1853
  </name>
  <category>
   Jacket
  </category>
  <size>
   S
  </size>
  <color>
   Зеленый
  </color>
  <material>
   Нейлон
  </material>
  <price>
   768896
  </price>
  <rating>
   1.37
  </rating>
  <reviews>
   845123
  </reviews>
  <exclusive>
   yes
  </exclusive>
  <sporty>
   yes
  </sporty>
 </clothing>
 <clothing>
  <id>
   700858941
  </id>
  <name>
   Lacoste Hat G-3975
  </name>
  <category>
   Hat
  </category>
  <size>
   XL
  </size>
  <color>
   Зеленый
  </color>
  <material>
   Хлопок
  </material>
  <price>
   725640
  </price>
  <rating>
   2.97
  </rating>
  <reviews>
   620376
  </reviews>
  <new>
   -
  </new>
  <exclusive>
   yes
  </exclusive>
  <sporty>
   no
  </sporty>
 </clothing>
 <clothing>
  <id>
   969820467
  </id>
  <name>
   Adidas Hat D-3047
  </name>
  <category>
   Hat
  </category>
  <size>
   XL
  </size>
  <color>
   Синий
  </color>
  <material>
   Кожа
  </material>
  <price>
   524559
  </price>
  <rating>
   1.99
  </rating>
  <reviews>
   578560
  </reviews>
  <new>
   -
  </new>
  <exclusive>
   no
  </exclusive>
 </clothing>
 <clothing>
  <id>
   978216971
  </id>
  <name>
   Adidas Shirt F-4057
  </name>
  <category>
   Shirt
  </category>
  <size>
   XL
  </size>
  <color>
   Желтый
  </color>
  <material>
   Шерсть
  </material>
  <price>
   615260
  </price>
  <rating>
   3.14
  </rating>
  <reviews>
   801039
  </reviews>
  <new>
   -
  </new>
 </clothing>
 <clothing>
  <id>
   707956100
  </id>
  <name>
   Reebok T-shirt T-8605
  </name>
  <category>
   T-shirt
  </category>
  <size>
   XL
  </size>
  <color>
   Оранжевый
  </color>
  <material>
   Шерсть
  </material>
  <price>
   813629
  </price>
  <rating>
   3.02
  </rating>
  <reviews>
   44454
  </reviews>
  <new>
   -
  </new>
  <sporty>
   no
  </sporty>
 </clothing>
 <clothing>
  <id>
   290165696
  </id>
  <name>
   Fila Sweater G-1487
  </name>
  <category>
   Sweater
  </category>
  <size>
   XL
  </size>
  <color>
   Желтый
  </color>
  <material>
   Нейлон
  </material>
  <price>
   562544
  </price>
  <rating>
   1.35
  </rating>
  <reviews>
   230023
  </reviews>
  <new>
   -
  </new>
  <sporty>
   no
  </sporty>
 </clothing>
 <clothing>
  <id>
   637471186
  </id>
  <name>
   New Balance Shirt R-8609
  </name>
  <category>
   Shirt
  </category>
  <size>
   L
  </size>
  <color>
   Голубой
  </color>
  <material>
   Лен
  </material>
  <price>
   235531
  </price>
  <rating>
   2.51
  </rating>
  <reviews>
   539370
  </reviews>
  <exclusive>
   no
  </exclusive>
 </clothing>
 <clothing>
  <id>
   937869503
  </id>
  <name>
   Addidas Shirt S-3101
  </name>
  <category>
   Shirt
  </category>
  <size>
   XL
  </size>
  <color>
   Оранжевый
  </color>
  <material>
   Шелк
  </material>
  <price>
   415345
  </price>
  <rating>
   1.35
  </rating>
  <reviews>
   292199
  </reviews>
  <new>
   -
  </new>
 </clothing>
 <clothing>
  <id>
   702422411
  </id>
  <name>
   Lacoste Hat G-3508
  </name>
  <category>
   Hat
  </category>
  <size>
   XL
  </size>
  <color>
   Желтый
  </color>
  <material>
   Нейлон
  </material>
  <price>
   934989
  </price>
  <rating>
   1.77
  </rating>
  <reviews>
   973141
  </reviews>
  <exclusive>
   no
  </exclusive>
  <sporty>
   no
  </sporty>
 </clothing>
 <clothing>
  <id>
   381096309
  </id>
  <name>
   Converse Sweater E-7254
  </name>
  <category>
   Sweater
  </category>
  <size>
   S
  </size>
  <color>
   Желтый
  </color>
  <material>
   Шерсть
  </material>
  <price>
   284756
  </price>
  <rating>
   4.25
  </rating>
  <reviews>
   444583
  </reviews>
  <exclusive>
   yes
  </exclusive>
  <sporty>
   no
  </sporty>
 </clothing>
 <clothing>
  <id>
   652713628
  </id>
  <name>
   Fila Dress R-2328
  </name>
  <category>
   Dress
  </category>
  <size>
   XL
  </size>
  <color>
   Фиолетовый
  </color>
  <material>
   Шерсть
  </material>
  <price>
   214290
  </price>
  <rating>
   3.72
  </rating>
  <reviews>
   551498
  </reviews>
 </clothing>
 <clothing>
  <id>
   977170533
  </id>
  <name>
   Brooks Skirt B-8643
  </name>
  <category>
   Skirt
  </category>
  <size>
   L
  </size>
  <color>
   Желтый
  </color>
  <material>
   Кожа
  </material>
  <price>
   494839
  </price>
  <rating>
   1.19
  </rating>
  <reviews>
   765622
  </reviews>
 </clothing>
 <clothing>
  <id>
   560796760
  </id>
  <name>
   Adidas Shoes U-3025
  </name>
  <category>
   Shoes
  </category>
  <size>
   XXL
  </size>
  <color>
   Желтый
  </color>
  <material>
   Вискоза
  </material>
  <price>
   919641
  </price>
  <rating>
   3.37
  </rating>
  <reviews>
   90230
  </reviews>
  <exclusive>
   yes
  </exclusive>
 </clothing>
 <clothing>
  <id>
   557247462
  </id>
  <name>
   Puma Belts D-1121
  </name>
  <category>
   Belts
  </category>
  <size>
   S
  </size>
  <color>
   Зеленый
  </color>
  <material>
   Нейлон
  </material>
  <price>
   377389
  </price>
  <rating>
   1.73
  </rating>
  <reviews>
   188312
  </reviews>
  <exclusive>
   no
  </exclusive>
 </clothing>
 <clothing>
  <id>
   186224508
  </id>
  <name>
   Reebok Skirt S-3245
  </name>
  <category>
   Skirt
  </category>
  <size>
   M
  </size>
  <color>
   Синий
  </color>
  <material>
   Шерсть
  </material>
  <price>
   817115
  </price>
  <rating>
   1.38
  </rating>
  <reviews>
   574940
  </reviews>
  <new>
   +
  </new>
  <sporty>
   no
  </sporty>
 </clothing>
 <clothing>
  <id>
   236169172
  </id>
  <name>
   Under Armour Umbrellas X-6240
  </name>
  <category>
   Umbrellas
  </category>
  <size>
   XXL
  </size>
  <color>
   Фиолетовый
  </color>
  <material>
   Вискоза
  </material>
  <price>
   698916
  </price>
  <rating>
   2.32
  </rating>
  <reviews>
   398147
  </reviews>
  <new>
   +
  </new>
  <exclusive>
   yes
  </exclusive>
  <sporty>
   yes
  </sporty>
 </clothing>
 <clothing>
  <id>
   306326146
  </id>
  <name>
   Converse Shoes T-8076
  </name>
  <category>
   Shoes
  </category>
  <size>
   XL
  </size>
  <color>
   Синий
  </color>
  <material>
   Шелк
  </material>
  <price>
   932786
  </price>
  <rating>
   4.87
  </rating>
  <reviews>
   935856
  </reviews>
  <new>
   -
  </new>
  <exclusive>
   no
  </exclusive>
  <sporty>
   no
  </sporty>
 </clothing>
</clothing-items>
