<?xml version="1.0" encoding="utf-8"?>
<clothing-items>
 <clothing>
  <id>
   575716656
  </id>
  <name>
   DC Jacket K-7520
  </name>
  <category>
   Jacket
  </category>
  <size>
   S
  </size>
  <color>
   Голубой
  </color>
  <material>
   Нейлон
  </material>
  <price>
   810181
  </price>
  <rating>
   2.97
  </rating>
  <reviews>
   747062
  </reviews>
  <new>
   -
  </new>
  <exclusive>
   no
  </exclusive>
  <sporty>
   yes
  </sporty>
 </clothing>
 <clothing>
  <id>
   802164361
  </id>
  <name>
   Converse Dress P-9975
  </name>
  <category>
   Dress
  </category>
  <size>
   M
  </size>
  <color>
   Фиолетовый
  </color>
  <material>
   Нейлон
  </material>
  <price>
   225662
  </price>
  <rating>
   2.97
  </rating>
  <reviews>
   366204
  </reviews>
  <exclusive>
   no
  </exclusive>
  <sporty>
   no
  </sporty>
 </clothing>
 <clothing>
  <id>
   883457712
  </id>
  <name>
   Reebok Gloves K-8010
  </name>
  <category>
   Gloves
  </category>
  <size>
   M
  </size>
  <color>
   Фиолетовый
  </color>
  <material>
   Хлопок
  </material>
  <price>
   101134
  </price>
  <rating>
   3.46
  </rating>
  <reviews>
   87935
  </reviews>
  <new>
   -
  </new>
  <sporty>
   yes
  </sporty>
 </clothing>
 <clothing>
  <id>
   150734202
  </id>
  <name>
   Fila Handbags B-4183
  </name>
  <category>
   Handbags
  </category>
  <size>
   L
  </size>
  <color>
   Оранжевый
  </color>
  <material>
   Кожа
  </material>
  <price>
   903732
  </price>
  <rating>
   4.47
  </rating>
  <reviews>
   850832
  </reviews>
  <new>
   -
  </new>
  <exclusive>
   no
  </exclusive>
 </clothing>
 <clothing>
  <id>
   797878486
  </id>
  <name>
   PleinSport Blouse E-3517
  </name>
  <category>
   Blouse
  </category>
  <size>
   M
  </size>
  <color>
   Фиолетовый
  </color>
  <material>
   Шерсть
  </material>
  <price>
   999146
  </price>
  <rating>
   2.4
  </rating>
  <reviews>
   690960
  </reviews>
  <new>
   -
  </new>
  <exclusive>
   no
  </exclusive>
  <sporty>
   no
  </sporty>
 </clothing>
 <clothing>
  <id>
   412399793
  </id>
  <name>
   New Balance Skirt K-2898
  </name>
  <category>
   Skirt
  </category>
  <size>
   M
  </size>
  <color>
   Синий
  </color>
  <material>
   Шерсть
  </material>
  <price>
   601085
  </price>
  <rating>
   4.81
  </rating>
  <reviews>
   339166
  </reviews>
  <new>
   -
  </new>
  <exclusive>
   no
  </exclusive>
 </clothing>
 <clothing>
  <id>
   233578973
  </id>
  <name>
   Vans Handbags T-7796
  </name>
  <category>
   Handbags
  </category>
  <size>
   XL
  </size>
  <color>
   Красный
  </color>
  <material>
   Вискоза
  </material>
  <price>
   492958
  </price>
  <rating>
   3.47
  </rating>
  <reviews>
   183495
  </reviews>
  <new>
   -
  </new>
  <exclusive>
   yes
  </exclusive>
  <sporty>
   yes
  </sporty>
 </clothing>
 <clothing>
  <id>
   544332778
  </id>
  <name>
   Addidas Handbags Y-3239
  </name>
  <category>
   Handbags
  </category>
  <size>
   M
  </size>
  <color>
   Оранжевый
  </color>
  <material>
   Лен
  </material>
  <price>
   874053
  </price>
  <rating>
   2.51
  </rating>
  <reviews>
   645229
  </reviews>
  <new>
   +
  </new>
  <sporty>
   no
  </sporty>
 </clothing>
 <clothing>
  <id>
   752962612
  </id>
  <name>
   Brooks Hat O-5559
  </name>
  <category>
   Hat
  </category>
  <size>
   XL
  </size>
  <color>
   Желтый
  </color>
  <material>
   Шерсть
  </material>
  <price>
   574987
  </price>
  <rating>
   3.69
  </rating>
  <reviews>
   261204
  </reviews>
  <new>
   -
  </new>
  <sporty>
   no
  </sporty>
 </clothing>
 <clothing>
  <id>
   809929017
  </id>
  <name>
   Addidas Dress T-9045
  </name>
  <category>
   Dress
  </category>
  <size>
   S
  </size>
  <color>
   Синий
  </color>
  <material>
   Шелк
  </material>
  <price>
   258842
  </price>
  <rating>
   4.96
  </rating>
  <reviews>
   643082
  </reviews>
  <new>
   -
  </new>
  <exclusive>
   no
  </exclusive>
  <sporty>
   yes
  </sporty>
 </clothing>
 <clothing>
  <id>
   915748907
  </id>
  <name>
   Reebok Handbags O-5017
  </name>
  <category>
   Handbags
  </category>
  <size>
   L
  </size>
  <color>
   Фиолетовый
  </color>
  <material>
   Шерсть
  </material>
  <price>
   741993
  </price>
  <rating>
   2.21
  </rating>
  <reviews>
   377472
  </reviews>
  <new>
   +
  </new>
  <exclusive>
   no
  </exclusive>
 </clothing>
 <clothing>
  <id>
   970736643
  </id>
  <name>
   Under Armour Jacket E-8534
  </name>
  <category>
   Jacket
  </category>
  <size>
   S
  </size>
  <color>
   Голубой
  </color>
  <material>
   Шерсть
  </material>
  <price>
   228092
  </price>
  <rating>
   1.69
  </rating>
  <reviews>
   962886
  </reviews>
  <new>
   -
  </new>
  <sporty>
   no
  </sporty>
 </clothing>
 <clothing>
  <id>
   984604067
  </id>
  <name>
   Vans Socks F-7787
  </name>
  <category>
   Socks
  </category>
  <size>
   S
  </size>
  <color>
   Желтый
  </color>
  <material>
   Лен
  </material>
  <price>
   869742
  </price>
  <rating>
   4.16
  </rating>
  <reviews>
   207261
  </reviews>
  <new>
   -
  </new>
 </clothing>
 <clothing>
  <id>
   240222163
  </id>
  <name>
   Puma Shirt F-9949
  </name>
  <category>
   Shirt
  </category>
  <size>
   XL
  </size>
  <color>
   Желтый
  </color>
  <material>
   Вискоза
  </material>
  <price>
   672703
  </price>
  <rating>
   1.68
  </rating>
  <reviews>
   655365
  </reviews>
  <exclusive>
   no
  </exclusive>
 </clothing>
 <clothing>
  <id>
   769233807
  </id>
  <name>
   DC Belts W-9539
  </name>
  <category>
   Belts
  </category>
  <size>
   L
  </size>
  <color>
   Синий
  </color>
  <material>
   Нейлон
  </material>
  <price>
   415613
  </price>
  <rating>
   1.56
  </rating>
  <reviews>
   1112
  </reviews>
  <new>
   -
  </new>
  <exclusive>
   no
  </exclusive>
  <sporty>
   no
  </sporty>
 </clothing>
 <clothing>
  <id>
   655121492
  </id>
  <name>
   New Balance Handbags J-7082
  </name>
  <category>
   Handbags
  </category>
  <size>
   S
  </size>
  <color>
   Фиолетовый
  </color>
  <material>
   Хлопок
  </material>
  <price>
   895663
  </price>
  <rating>
   4.42
  </rating>
  <reviews>
   71612
  </reviews>
  <new>
   -
  </new>
  <sporty>
   no
  </sporty>
 </clothing>
 <clothing>
  <id>
   312642535
  </id>
  <name>
   PleinSport Shirt B-8259
  </name>
  <category>
   Shirt
  </category>
  <size>
   S
  </size>
  <color>
   Желтый
  </color>
  <material>
   Шелк
  </material>
  <price>
   510350
  </price>
  <rating>
   3.18
  </rating>
  <reviews>
   427182
  </reviews>
  <new>
   -
  </new>
  <exclusive>
   yes
  </exclusive>
  <sporty>
   yes
  </sporty>
 </clothing>
</clothing-items>
