<?xml version="1.0" encoding="utf-8"?>
<clothing-items>
 <clothing>
  <id>
   833304105
  </id>
  <name>
   Vans Handbags M-4289
  </name>
  <category>
   Handbags
  </category>
  <size>
   S
  </size>
  <color>
   Зеленый
  </color>
  <material>
   Кожа
  </material>
  <price>
   361597
  </price>
  <rating>
   3.68
  </rating>
  <reviews>
   866505
  </reviews>
  <exclusive>
   yes
  </exclusive>
  <sporty>
   yes
  </sporty>
 </clothing>
 <clothing>
  <id>
   140177165
  </id>
  <name>
   Puma Blouse K-8204
  </name>
  <category>
   Blouse
  </category>
  <size>
   L
  </size>
  <color>
   Голубой
  </color>
  <material>
   Вискоза
  </material>
  <price>
   405262
  </price>
  <rating>
   4.79
  </rating>
  <reviews>
   14976
  </reviews>
  <exclusive>
   no
  </exclusive>
  <sporty>
   no
  </sporty>
 </clothing>
 <clothing>
  <id>
   354585343
  </id>
  <name>
   Reebok Shirt Q-8225
  </name>
  <category>
   Shirt
  </category>
  <size>
   M
  </size>
  <color>
   Красный
  </color>
  <material>
   Вискоза
  </material>
  <price>
   908984
  </price>
  <rating>
   3.23
  </rating>
  <reviews>
   659120
  </reviews>
  <new>
   -
  </new>
  <exclusive>
   no
  </exclusive>
 </clothing>
 <clothing>
  <id>
   754678821
  </id>
  <name>
   Converse Gloves J-7188
  </name>
  <category>
   Gloves
  </category>
  <size>
   L
  </size>
  <color>
   Оранжевый
  </color>
  <material>
   Лен
  </material>
  <price>
   702191
  </price>
  <rating>
   2.14
  </rating>
  <reviews>
   803496
  </reviews>
  <new>
   +
  </new>
 </clothing>
 <clothing>
  <id>
   395358764
  </id>
  <name>
   Adidas Belts D-6119
  </name>
  <category>
   Belts
  </category>
  <size>
   XL
  </size>
  <color>
   Красный
  </color>
  <material>
   Шерсть
  </material>
  <price>
   905287
  </price>
  <rating>
   1.59
  </rating>
  <reviews>
   231806
  </reviews>
  <exclusive>
   no
  </exclusive>
 </clothing>
 <clothing>
  <id>
   784844715
  </id>
  <name>
   Lacoste Skirt O-4988
  </name>
  <category>
   Skirt
  </category>
  <size>
   S
  </size>
  <color>
   Красный
  </color>
  <material>
   Вискоза
  </material>
  <price>
   158991
  </price>
  <rating>
   3.38
  </rating>
  <reviews>
   547777
  </reviews>
  <exclusive>
   no
  </exclusive>
  <sporty>
   no
  </sporty>
 </clothing>
 <clothing>
  <id>
   244955404
  </id>
  <name>
   Asics Handbags M-4408
  </name>
  <category>
   Handbags
  </category>
  <size>
   S
  </size>
  <color>
   Зеленый
  </color>
  <material>
   Шерсть
  </material>
  <price>
   903611
  </price>
  <rating>
   1.25
  </rating>
  <reviews>
   760044
  </reviews>
  <new>
   +
  </new>
  <sporty>
   no
  </sporty>
 </clothing>
 <clothing>
  <id>
   159261222
  </id>
  <name>
   Nike Pants D-6406
  </name>
  <category>
   Pants
  </category>
  <size>
   XL
  </size>
  <color>
   Фиолетовый
  </color>
  <material>
   Вискоза
  </material>
  <price>
   997643
  </price>
  <rating>
   1.07
  </rating>
  <reviews>
   962095
  </reviews>
  <new>
   -
  </new>
  <exclusive>
   yes
  </exclusive>
  <sporty>
   yes
  </sporty>
 </clothing>
 <clothing>
  <id>
   152326429
  </id>
  <name>
   Under Armour Shoes V-5259
  </name>
  <category>
   Shoes
  </category>
  <size>
   L
  </size>
  <color>
   Оранжевый
  </color>
  <material>
   Вискоза
  </material>
  <price>
   214198
  </price>
  <rating>
   2.78
  </rating>
  <reviews>
   838212
  </reviews>
  <exclusive>
   no
  </exclusive>
 </clothing>
 <clothing>
  <id>
   913786815
  </id>
  <name>
   Lacoste Shirt O-8780
  </name>
  <category>
   Shirt
  </category>
  <size>
   XL
  </size>
  <color>
   Красный
  </color>
  <material>
   Полиэстер
  </material>
  <price>
   260479
  </price>
  <rating>
   4.49
  </rating>
  <reviews>
   787395
  </reviews>
  <new>
   -
  </new>
  <exclusive>
   yes
  </exclusive>
  <sporty>
   no
  </sporty>
 </clothing>
 <clothing>
  <id>
   741026364
  </id>
  <name>
   Reebok Blouse W-4423
  </name>
  <category>
   Blouse
  </category>
  <size>
   XXL
  </size>
  <color>
   Оранжевый
  </color>
  <material>
   Кожа
  </material>
  <price>
   416902
  </price>
  <rating>
   3.97
  </rating>
  <reviews>
   64568
  </reviews>
  <new>
   -
  </new>
  <exclusive>
   no
  </exclusive>
 </clothing>
 <clothing>
  <id>
   817079874
  </id>
  <name>
   Addidas Gloves R-8531
  </name>
  <category>
   Gloves
  </category>
  <size>
   XL
  </size>
  <color>
   Красный
  </color>
  <material>
   Шелк
  </material>
  <price>
   682485
  </price>
  <rating>
   3.96
  </rating>
  <reviews>
   568737
  </reviews>
  <exclusive>
   no
  </exclusive>
  <sporty>
   no
  </sporty>
 </clothing>
 <clothing>
  <id>
   449795898
  </id>
  <name>
   Vans Skirt X-2945
  </name>
  <category>
   Skirt
  </category>
  <size>
   M
  </size>
  <color>
   Зеленый
  </color>
  <material>
   Хлопок
  </material>
  <price>
   309472
  </price>
  <rating>
   2.01
  </rating>
  <reviews>
   779672
  </reviews>
  <new>
   -
  </new>
  <exclusive>
   yes
  </exclusive>
  <sporty>
   yes
  </sporty>
 </clothing>
 <clothing>
  <id>
   115985016
  </id>
  <name>
   Converse Hat A-5529
  </name>
  <category>
   Hat
  </category>
  <size>
   XL
  </size>
  <color>
   Голубой
  </color>
  <material>
   Лен
  </material>
  <price>
   349642
  </price>
  <rating>
   3.54
  </rating>
  <reviews>
   80713
  </reviews>
  <new>
   +
  </new>
  <sporty>
   yes
  </sporty>
 </clothing>
 <clothing>
  <id>
   344357856
  </id>
  <name>
   Puma Skirt G-2711
  </name>
  <category>
   Skirt
  </category>
  <size>
   L
  </size>
  <color>
   Синий
  </color>
  <material>
   Полиэстер
  </material>
  <price>
   529797
  </price>
  <rating>
   3.39
  </rating>
  <reviews>
   670455
  </reviews>
  <exclusive>
   no
  </exclusive>
 </clothing>
 <clothing>
  <id>
   695016007
  </id>
  <name>
   Nike Belts B-7993
  </name>
  <category>
   Belts
  </category>
  <size>
   L
  </size>
  <color>
   Голубой
  </color>
  <material>
   Хлопок
  </material>
  <price>
   305879
  </price>
  <rating>
   4.13
  </rating>
  <reviews>
   957510
  </reviews>
  <sporty>
   no
  </sporty>
 </clothing>
 <clothing>
  <id>
   871749731
  </id>
  <name>
   Nike Blouse Z-4157
  </name>
  <category>
   Blouse
  </category>
  <size>
   XXL
  </size>
  <color>
   Оранжевый
  </color>
  <material>
   Вискоза
  </material>
  <price>
   440321
  </price>
  <rating>
   1.35
  </rating>
  <reviews>
   660283
  </reviews>
  <new>
   -
  </new>
  <exclusive>
   no
  </exclusive>
  <sporty>
   yes
  </sporty>
 </clothing>
 <clothing>
  <id>
   316402276
  </id>
  <name>
   Puma Blouse A-4176
  </name>
  <category>
   Blouse
  </category>
  <size>
   L
  </size>
  <color>
   Желтый
  </color>
  <material>
   Шелк
  </material>
  <price>
   637406
  </price>
  <rating>
   4.17
  </rating>
  <reviews>
   569637
  </reviews>
  <new>
   -
  </new>
  <sporty>
   yes
  </sporty>
 </clothing>
 <clothing>
  <id>
   405596339
  </id>
  <name>
   Puma Jacket Q-3505
  </name>
  <category>
   Jacket
  </category>
  <size>
   XL
  </size>
  <color>
   Синий
  </color>
  <material>
   Хлопок
  </material>
  <price>
   277281
  </price>
  <rating>
   4.85
  </rating>
  <reviews>
   318860
  </reviews>
  <new>
   -
  </new>
  <exclusive>
   no
  </exclusive>
 </clothing>
 <clothing>
  <id>
   289308559
  </id>
  <name>
   Addidas Gloves Z-3502
  </name>
  <category>
   Gloves
  </category>
  <size>
   XXL
  </size>
  <color>
   Фиолетовый
  </color>
  <material>
   Хлопок
  </material>
  <price>
   539802
  </price>
  <rating>
   2.99
  </rating>
  <reviews>
   899873
  </reviews>
  <sporty>
   yes
  </sporty>
 </clothing>
 <clothing>
  <id>
   542371507
  </id>
  <name>
   Reebok T-shirt X-2540
  </name>
  <category>
   T-shirt
  </category>
  <size>
   XL
  </size>
  <color>
   Зеленый
  </color>
  <material>
   Кожа
  </material>
  <price>
   275957
  </price>
  <rating>
   4.01
  </rating>
  <reviews>
   189106
  </reviews>
  <new>
   +
  </new>
  <exclusive>
   yes
  </exclusive>
  <sporty>
   no
  </sporty>
 </clothing>
 <clothing>
  <id>
   638448501
  </id>
  <name>
   Nike Umbrellas D-4988
  </name>
  <category>
   Umbrellas
  </category>
  <size>
   L
  </size>
  <color>
   Синий
  </color>
  <material>
   Хлопок
  </material>
  <price>
   985682
  </price>
  <rating>
   2.47
  </rating>
  <reviews>
   113530
  </reviews>
  <new>
   -
  </new>
  <exclusive>
   no
  </exclusive>
 </clothing>
 <clothing>
  <id>
   581485562
  </id>
  <name>
   Fila Dress O-6966
  </name>
  <category>
   Dress
  </category>
  <size>
   S
  </size>
  <color>
   Красный
  </color>
  <material>
   Шелк
  </material>
  <price>
   710192
  </price>
  <rating>
   4.37
  </rating>
  <reviews>
   929510
  </reviews>
  <new>
   +
  </new>
  <exclusive>
   yes
  </exclusive>
 </clothing>
 <clothing>
  <id>
   435440118
  </id>
  <name>
   PleinSport Pants P-8045
  </name>
  <category>
   Pants
  </category>
  <size>
   XL
  </size>
  <color>
   Голубой
  </color>
  <material>
   Кожа
  </material>
  <price>
   883963
  </price>
  <rating>
   4.64
  </rating>
  <reviews>
   411358
  </reviews>
  <new>
   -
  </new>
  <sporty>
   no
  </sporty>
 </clothing>
 <clothing>
  <id>
   995187423
  </id>
  <name>
   Puma Socks T-5850
  </name>
  <category>
   Socks
  </category>
  <size>
   XL
  </size>
  <color>
   Желтый
  </color>
  <material>
   Нейлон
  </material>
  <price>
   247174
  </price>
  <rating>
   1.22
  </rating>
  <reviews>
   45240
  </reviews>
  <new>
   -
  </new>
  <exclusive>
   no
  </exclusive>
 </clothing>
 <clothing>
  <id>
   428993173
  </id>
  <name>
   Under Armour Handbags P-2534
  </name>
  <category>
   Handbags
  </category>
  <size>
   XL
  </size>
  <color>
   Голубой
  </color>
  <material>
   Вискоза
  </material>
  <price>
   729652
  </price>
  <rating>
   3.96
  </rating>
  <reviews>
   846902
  </reviews>
  <exclusive>
   no
  </exclusive>
  <sporty>
   no
  </sporty>
 </clothing>
 <clothing>
  <id>
   818858799
  </id>
  <name>
   Puma Dress Q-8402
  </name>
  <category>
   Dress
  </category>
  <size>
   L
  </size>
  <color>
   Синий
  </color>
  <material>
   Полиэстер
  </material>
  <price>
   472058
  </price>
  <rating>
   2.11
  </rating>
  <reviews>
   838191
  </reviews>
  <new>
   -
  </new>
  <exclusive>
   yes
  </exclusive>
  <sporty>
   no
  </sporty>
 </clothing>
 <clothing>
  <id>
   804105924
  </id>
  <name>
   Converse Umbrellas D-4585
  </name>
  <category>
   Umbrellas
  </category>
  <size>
   XL
  </size>
  <color>
   Фиолетовый
  </color>
  <material>
   Лен
  </material>
  <price>
   874025
  </price>
  <rating>
   4.47
  </rating>
  <reviews>
   772361
  </reviews>
  <new>
   -
  </new>
  <exclusive>
   yes
  </exclusive>
  <sporty>
   no
  </sporty>
 </clothing>
 <clothing>
  <id>
   875807565
  </id>
  <name>
   Brooks Blouse C-1918
  </name>
  <category>
   Blouse
  </category>
  <size>
   S
  </size>
  <color>
   Синий
  </color>
  <material>
   Шелк
  </material>
  <price>
   690242
  </price>
  <rating>
   1.65
  </rating>
  <reviews>
   827051
  </reviews>
  <new>
   -
  </new>
  <exclusive>
   yes
  </exclusive>
  <sporty>
   yes
  </sporty>
 </clothing>
 <clothing>
  <id>
   295793621
  </id>
  <name>
   PleinSport Handbags V-1604
  </name>
  <category>
   Handbags
  </category>
  <size>
   S
  </size>
  <color>
   Голубой
  </color>
  <material>
   Шерсть
  </material>
  <price>
   970032
  </price>
  <rating>
   3.7
  </rating>
  <reviews>
   413726
  </reviews>
  <new>
   -
  </new>
  <sporty>
   no
  </sporty>
 </clothing>
 <clothing>
  <id>
   516435542
  </id>
  <name>
   Adidas Handbags D-4386
  </name>
  <category>
   Handbags
  </category>
  <size>
   L
  </size>
  <color>
   Фиолетовый
  </color>
  <material>
   Шерсть
  </material>
  <price>
   893904
  </price>
  <rating>
   2.95
  </rating>
  <reviews>
   784113
  </reviews>
  <new>
   -
  </new>
  <exclusive>
   yes
  </exclusive>
 </clothing>
 <clothing>
  <id>
   745042438
  </id>
  <name>
   Puma Blouse M-4385
  </name>
  <category>
   Blouse
  </category>
  <size>
   M
  </size>
  <color>
   Зеленый
  </color>
  <material>
   Нейлон
  </material>
  <price>
   942263
  </price>
  <rating>
   4.82
  </rating>
  <reviews>
   165262
  </reviews>
  <new>
   -
  </new>
  <exclusive>
   yes
  </exclusive>
 </clothing>
 <clothing>
  <id>
   336996639
  </id>
  <name>
   Fila Skirt T-5343
  </name>
  <category>
   Skirt
  </category>
  <size>
   L
  </size>
  <color>
   Желтый
  </color>
  <material>
   Шерсть
  </material>
  <price>
   596153
  </price>
  <rating>
   3.01
  </rating>
  <reviews>
   299660
  </reviews>
  <exclusive>
   yes
  </exclusive>
 </clothing>
 <clothing>
  <id>
   626064336
  </id>
  <name>
   DC Dress C-8374
  </name>
  <category>
   Dress
  </category>
  <size>
   S
  </size>
  <color>
   Голубой
  </color>
  <material>
   Полиэстер
  </material>
  <price>
   315322
  </price>
  <rating>
   3.74
  </rating>
  <reviews>
   259849
  </reviews>
  <new>
   -
  </new>
  <exclusive>
   no
  </exclusive>
  <sporty>
   yes
  </sporty>
 </clothing>
 <clothing>
  <id>
   129130185
  </id>
  <name>
   Lacoste Blouse K-9924
  </name>
  <category>
   Blouse
  </category>
  <size>
   XL
  </size>
  <color>
   Фиолетовый
  </color>
  <material>
   Хлопок
  </material>
  <price>
   688811
  </price>
  <rating>
   4.82
  </rating>
  <reviews>
   658797
  </reviews>
  <new>
   -
  </new>
 </clothing>
 <clothing>
  <id>
   831103835
  </id>
  <name>
   PleinSport Umbrellas H-6302
  </name>
  <category>
   Umbrellas
  </category>
  <size>
   S
  </size>
  <color>
   Красный
  </color>
  <material>
   Вискоза
  </material>
  <price>
   376129
  </price>
  <rating>
   3.09
  </rating>
  <reviews>
   554437
  </reviews>
  <new>
   -
  </new>
  <sporty>
   yes
  </sporty>
 </clothing>
 <clothing>
  <id>
   179940453
  </id>
  <name>
   Ellesse Shirt P-6615
  </name>
  <category>
   Shirt
  </category>
  <size>
   XXL
  </size>
  <color>
   Зеленый
  </color>
  <material>
   Шерсть
  </material>
  <price>
   456288
  </price>
  <rating>
   4.87
  </rating>
  <reviews>
   454509
  </reviews>
  <new>
   -
  </new>
  <exclusive>
   no
  </exclusive>
  <sporty>
   no
  </sporty>
 </clothing>
 <clothing>
  <id>
   447294396
  </id>
  <name>
   Lacoste Jeans E-2358
  </name>
  <category>
   Jeans
  </category>
  <size>
   XXL
  </size>
  <color>
   Зеленый
  </color>
  <material>
   Лен
  </material>
  <price>
   469024
  </price>
  <rating>
   1.05
  </rating>
  <reviews>
   828467
  </reviews>
  <new>
   +
  </new>
  <exclusive>
   no
  </exclusive>
  <sporty>
   yes
  </sporty>
 </clothing>
 <clothing>
  <id>
   906824632
  </id>
  <name>
   Reebok Umbrellas O-9893
  </name>
  <category>
   Umbrellas
  </category>
  <size>
   XXL
  </size>
  <color>
   Зеленый
  </color>
  <material>
   Вискоза
  </material>
  <price>
   254377
  </price>
  <rating>
   1.92
  </rating>
  <reviews>
   421059
  </reviews>
  <new>
   +
  </new>
  <exclusive>
   yes
  </exclusive>
 </clothing>
 <clothing>
  <id>
   830398361
  </id>
  <name>
   Reebok Gloves C-9894
  </name>
  <category>
   Gloves
  </category>
  <size>
   L
  </size>
  <color>
   Красный
  </color>
  <material>
   Шелк
  </material>
  <price>
   551361
  </price>
  <rating>
   2.14
  </rating>
  <reviews>
   687608
  </reviews>
  <new>
   +
  </new>
  <exclusive>
   yes
  </exclusive>
  <sporty>
   yes
  </sporty>
 </clothing>
 <clothing>
  <id>
   213833207
  </id>
  <name>
   Nike Socks V-7062
  </name>
  <category>
   Socks
  </category>
  <size>
   S
  </size>
  <color>
   Зеленый
  </color>
  <material>
   Шерсть
  </material>
  <price>
   610707
  </price>
  <rating>
   3.44
  </rating>
  <reviews>
   165712
  </reviews>
  <new>
   -
  </new>
  <exclusive>
   no
  </exclusive>
  <sporty>
   no
  </sporty>
 </clothing>
 <clothing>
  <id>
   833672255
  </id>
  <name>
   Fila Belts I-5120
  </name>
  <category>
   Belts
  </category>
  <size>
   XL
  </size>
  <color>
   Желтый
  </color>
  <material>
   Полиэстер
  </material>
  <price>
   399765
  </price>
  <rating>
   4.64
  </rating>
  <reviews>
   615966
  </reviews>
  <sporty>
   yes
  </sporty>
 </clothing>
 <clothing>
  <id>
   493136596
  </id>
  <name>
   Nike Dress E-5325
  </name>
  <category>
   Dress
  </category>
  <size>
   L
  </size>
  <color>
   Оранжевый
  </color>
  <material>
   Вискоза
  </material>
  <price>
   733417
  </price>
  <rating>
   1.46
  </rating>
  <reviews>
   494285
  </reviews>
  <new>
   -
  </new>
  <sporty>
   no
  </sporty>
 </clothing>
 <clothing>
  <id>
   567303847
  </id>
  <name>
   New Balance Umbrellas X-5520
  </name>
  <category>
   Umbrellas
  </category>
  <size>
   XXL
  </size>
  <color>
   Оранжевый
  </color>
  <material>
   Шелк
  </material>
  <price>
   162877
  </price>
  <rating>
   4.95
  </rating>
  <reviews>
   791282
  </reviews>
  <exclusive>
   no
  </exclusive>
 </clothing>
 <clothing>
  <id>
   412753302
  </id>
  <name>
   Ellesse Dress G-2996
  </name>
  <category>
   Dress
  </category>
  <size>
   S
  </size>
  <color>
   Желтый
  </color>
  <material>
   Шелк
  </material>
  <price>
   928300
  </price>
  <rating>
   3.57
  </rating>
  <reviews>
   450562
  </reviews>
  <new>
   -
  </new>
  <exclusive>
   no
  </exclusive>
 </clothing>
 <clothing>
  <id>
   487784453
  </id>
  <name>
   DC Blouse W-9062
  </name>
  <category>
   Blouse
  </category>
  <size>
   S
  </size>
  <color>
   Красный
  </color>
  <material>
   Нейлон
  </material>
  <price>
   330483
  </price>
  <rating>
   1.74
  </rating>
  <reviews>
   413742
  </reviews>
  <new>
   +
  </new>
  <sporty>
   no
  </sporty>
 </clothing>
 <clothing>
  <id>
   915643184
  </id>
  <name>
   Vans Dress Q-8622
  </name>
  <category>
   Dress
  </category>
  <size>
   L
  </size>
  <color>
   Красный
  </color>
  <material>
   Шерсть
  </material>
  <price>
   452869
  </price>
  <rating>
   1.94
  </rating>
  <reviews>
   143890
  </reviews>
  <new>
   -
  </new>
  <exclusive>
   no
  </exclusive>
  <sporty>
   no
  </sporty>
 </clothing>
 <clothing>
  <id>
   660712200
  </id>
  <name>
   Converse Blouse G-7063
  </name>
  <category>
   Blouse
  </category>
  <size>
   XXL
  </size>
  <color>
   Красный
  </color>
  <material>
   Шерсть
  </material>
  <price>
   210438
  </price>
  <rating>
   2.07
  </rating>
  <reviews>
   180098
  </reviews>
  <sporty>
   no
  </sporty>
 </clothing>
</clothing-items>
