<?xml version="1.0" encoding="utf-8"?>
<clothing-items>
 <clothing>
  <id>
   963005652
  </id>
  <name>
   Lacoste Belts X-2963
  </name>
  <category>
   Belts
  </category>
  <size>
   M
  </size>
  <color>
   Оранжевый
  </color>
  <material>
   Полиэстер
  </material>
  <price>
   137367
  </price>
  <rating>
   3.93
  </rating>
  <reviews>
   370781
  </reviews>
  <new>
   -
  </new>
 </clothing>
 <clothing>
  <id>
   362938387
  </id>
  <name>
   Puma Jacket O-7785
  </name>
  <category>
   Jacket
  </category>
  <size>
   L
  </size>
  <color>
   Оранжевый
  </color>
  <material>
   Шерсть
  </material>
  <price>
   675490
  </price>
  <rating>
   4.58
  </rating>
  <reviews>
   44984
  </reviews>
 </clothing>
 <clothing>
  <id>
   186542891
  </id>
  <name>
   New Balance Belts M-7599
  </name>
  <category>
   Belts
  </category>
  <size>
   XXL
  </size>
  <color>
   Красный
  </color>
  <material>
   Вискоза
  </material>
  <price>
   467982
  </price>
  <rating>
   2.47
  </rating>
  <reviews>
   914015
  </reviews>
  <new>
   -
  </new>
 </clothing>
 <clothing>
  <id>
   855025444
  </id>
  <name>
   Vans Hat V-4299
  </name>
  <category>
   Hat
  </category>
  <size>
   XL
  </size>
  <color>
   Красный
  </color>
  <material>
   Хлопок
  </material>
  <price>
   473194
  </price>
  <rating>
   1.2
  </rating>
  <reviews>
   985766
  </reviews>
  <new>
   -
  </new>
  <sporty>
   no
  </sporty>
 </clothing>
 <clothing>
  <id>
   798945844
  </id>
  <name>
   Brooks Umbrellas V-4196
  </name>
  <category>
   Umbrellas
  </category>
  <size>
   L
  </size>
  <color>
   Голубой
  </color>
  <material>
   Нейлон
  </material>
  <price>
   911748
  </price>
  <rating>
   2.03
  </rating>
  <reviews>
   138558
  </reviews>
  <new>
   -
  </new>
  <exclusive>
   no
  </exclusive>
  <sporty>
   no
  </sporty>
 </clothing>
 <clothing>
  <id>
   662190667
  </id>
  <name>
   Converse Shirt H-1213
  </name>
  <category>
   Shirt
  </category>
  <size>
   XL
  </size>
  <color>
   Синий
  </color>
  <material>
   Кожа
  </material>
  <price>
   650357
  </price>
  <rating>
   1.26
  </rating>
  <reviews>
   16262
  </reviews>
  <new>
   -
  </new>
  <sporty>
   no
  </sporty>
 </clothing>
 <clothing>
  <id>
   862528769
  </id>
  <name>
   Puma Pants T-6547
  </name>
  <category>
   Pants
  </category>
  <size>
   M
  </size>
  <color>
   Голубой
  </color>
  <material>
   Полиэстер
  </material>
  <price>
   493854
  </price>
  <rating>
   3.33
  </rating>
  <reviews>
   37397
  </reviews>
  <new>
   -
  </new>
  <exclusive>
   yes
  </exclusive>
  <sporty>
   no
  </sporty>
 </clothing>
 <clothing>
  <id>
   899593089
  </id>
  <name>
   Ellesse Handbags D-7611
  </name>
  <category>
   Handbags
  </category>
  <size>
   L
  </size>
  <color>
   Голубой
  </color>
  <material>
   Вискоза
  </material>
  <price>
   561131
  </price>
  <rating>
   4.11
  </rating>
  <reviews>
   595876
  </reviews>
  <exclusive>
   no
  </exclusive>
 </clothing>
 <clothing>
  <id>
   759619921
  </id>
  <name>
   PleinSport Umbrellas J-9699
  </name>
  <category>
   Umbrellas
  </category>
  <size>
   XXL
  </size>
  <color>
   Фиолетовый
  </color>
  <material>
   Кожа
  </material>
  <price>
   529551
  </price>
  <rating>
   1.48
  </rating>
  <reviews>
   657453
  </reviews>
  <new>
   -
  </new>
  <exclusive>
   no
  </exclusive>
 </clothing>
 <clothing>
  <id>
   456419004
  </id>
  <name>
   Nike Blouse X-5135
  </name>
  <category>
   Blouse
  </category>
  <size>
   L
  </size>
  <color>
   Красный
  </color>
  <material>
   Шелк
  </material>
  <price>
   490457
  </price>
  <rating>
   4.83
  </rating>
  <reviews>
   760022
  </reviews>
  <new>
   +
  </new>
  <exclusive>
   no
  </exclusive>
 </clothing>
 <clothing>
  <id>
   721642493
  </id>
  <name>
   Reebok Belts M-8541
  </name>
  <category>
   Belts
  </category>
  <size>
   L
  </size>
  <color>
   Фиолетовый
  </color>
  <material>
   Хлопок
  </material>
  <price>
   944147
  </price>
  <rating>
   1.55
  </rating>
  <reviews>
   187103
  </reviews>
  <new>
   +
  </new>
  <exclusive>
   no
  </exclusive>
  <sporty>
   no
  </sporty>
 </clothing>
 <clothing>
  <id>
   927045185
  </id>
  <name>
   Puma Dress Z-9148
  </name>
  <category>
   Dress
  </category>
  <size>
   XXL
  </size>
  <color>
   Желтый
  </color>
  <material>
   Вискоза
  </material>
  <price>
   894815
  </price>
  <rating>
   4.68
  </rating>
  <reviews>
   477892
  </reviews>
 </clothing>
 <clothing>
  <id>
   281020698
  </id>
  <name>
   PleinSport Jeans V-6985
  </name>
  <category>
   Jeans
  </category>
  <size>
   S
  </size>
  <color>
   Синий
  </color>
  <material>
   Кожа
  </material>
  <price>
   187308
  </price>
  <rating>
   1.51
  </rating>
  <reviews>
   457444
  </reviews>
  <sporty>
   no
  </sporty>
 </clothing>
 <clothing>
  <id>
   246650722
  </id>
  <name>
   Ellesse Jacket G-7352
  </name>
  <category>
   Jacket
  </category>
  <size>
   M
  </size>
  <color>
   Синий
  </color>
  <material>
   Лен
  </material>
  <price>
   931649
  </price>
  <rating>
   1.91
  </rating>
  <reviews>
   164224
  </reviews>
  <new>
   -
  </new>
  <exclusive>
   yes
  </exclusive>
 </clothing>
 <clothing>
  <id>
   874371614
  </id>
  <name>
   Nike Dress C-2678
  </name>
  <category>
   Dress
  </category>
  <size>
   L
  </size>
  <color>
   Желтый
  </color>
  <material>
   Кожа
  </material>
  <price>
   604195
  </price>
  <rating>
   4.25
  </rating>
  <reviews>
   951929
  </reviews>
  <exclusive>
   no
  </exclusive>
  <sporty>
   yes
  </sporty>
 </clothing>
 <clothing>
  <id>
   104704885
  </id>
  <name>
   Addidas Shoes M-1707
  </name>
  <category>
   Shoes
  </category>
  <size>
   M
  </size>
  <color>
   Синий
  </color>
  <material>
   Шелк
  </material>
  <price>
   873611
  </price>
  <rating>
   2.55
  </rating>
  <reviews>
   394121
  </reviews>
  <new>
   +
  </new>
  <exclusive>
   no
  </exclusive>
 </clothing>
 <clothing>
  <id>
   188957950
  </id>
  <name>
   Puma Blouse D-7537
  </name>
  <category>
   Blouse
  </category>
  <size>
   M
  </size>
  <color>
   Зеленый
  </color>
  <material>
   Нейлон
  </material>
  <price>
   462317
  </price>
  <rating>
   4.82
  </rating>
  <reviews>
   20311
  </reviews>
  <new>
   -
  </new>
  <exclusive>
   no
  </exclusive>
  <sporty>
   yes
  </sporty>
 </clothing>
 <clothing>
  <id>
   720981939
  </id>
  <name>
   Lacoste Shoes S-8868
  </name>
  <category>
   Shoes
  </category>
  <size>
   L
  </size>
  <color>
   Оранжевый
  </color>
  <material>
   Хлопок
  </material>
  <price>
   449531
  </price>
  <rating>
   1.8
  </rating>
  <reviews>
   359278
  </reviews>
  <new>
   -
  </new>
  <exclusive>
   no
  </exclusive>
 </clothing>
 <clothing>
  <id>
   414768554
  </id>
  <name>
   Vans Skirt T-7458
  </name>
  <category>
   Skirt
  </category>
  <size>
   M
  </size>
  <color>
   Желтый
  </color>
  <material>
   Вискоза
  </material>
  <price>
   305857
  </price>
  <rating>
   1.11
  </rating>
  <reviews>
   764832
  </reviews>
  <new>
   -
  </new>
  <sporty>
   no
  </sporty>
 </clothing>
 <clothing>
  <id>
   311229087
  </id>
  <name>
   Asics Blouse S-1290
  </name>
  <category>
   Blouse
  </category>
  <size>
   XL
  </size>
  <color>
   Красный
  </color>
  <material>
   Вискоза
  </material>
  <price>
   686208
  </price>
  <rating>
   4.5
  </rating>
  <reviews>
   41210
  </reviews>
  <new>
   -
  </new>
  <exclusive>
   no
  </exclusive>
  <sporty>
   no
  </sporty>
 </clothing>
 <clothing>
  <id>
   683515863
  </id>
  <name>
   Nike Jeans B-5176
  </name>
  <category>
   Jeans
  </category>
  <size>
   XL
  </size>
  <color>
   Фиолетовый
  </color>
  <material>
   Хлопок
  </material>
  <price>
   422047
  </price>
  <rating>
   3.57
  </rating>
  <reviews>
   66596
  </reviews>
  <new>
   -
  </new>
  <sporty>
   yes
  </sporty>
 </clothing>
 <clothing>
  <id>
   671903913
  </id>
  <name>
   Converse Umbrellas T-9141
  </name>
  <category>
   Umbrellas
  </category>
  <size>
   L
  </size>
  <color>
   Оранжевый
  </color>
  <material>
   Хлопок
  </material>
  <price>
   972413
  </price>
  <rating>
   3.18
  </rating>
  <reviews>
   460628
  </reviews>
  <new>
   +
  </new>
 </clothing>
 <clothing>
  <id>
   944164932
  </id>
  <name>
   Ellesse Sweater D-8758
  </name>
  <category>
   Sweater
  </category>
  <size>
   M
  </size>
  <color>
   Голубой
  </color>
  <material>
   Хлопок
  </material>
  <price>
   699664
  </price>
  <rating>
   1.62
  </rating>
  <reviews>
   541514
  </reviews>
  <sporty>
   no
  </sporty>
 </clothing>
 <clothing>
  <id>
   387387935
  </id>
  <name>
   New Balance Pants X-7564
  </name>
  <category>
   Pants
  </category>
  <size>
   M
  </size>
  <color>
   Синий
  </color>
  <material>
   Нейлон
  </material>
  <price>
   463095
  </price>
  <rating>
   3.37
  </rating>
  <reviews>
   256554
  </reviews>
  <new>
   +
  </new>
  <exclusive>
   yes
  </exclusive>
 </clothing>
 <clothing>
  <id>
   735107679
  </id>
  <name>
   Converse Dress Z-5115
  </name>
  <category>
   Dress
  </category>
  <size>
   M
  </size>
  <color>
   Зеленый
  </color>
  <material>
   Кожа
  </material>
  <price>
   549102
  </price>
  <rating>
   3.0
  </rating>
  <reviews>
   709447
  </reviews>
  <exclusive>
   yes
  </exclusive>
  <sporty>
   no
  </sporty>
 </clothing>
 <clothing>
  <id>
   181159181
  </id>
  <name>
   Puma Shirt W-7700
  </name>
  <category>
   Shirt
  </category>
  <size>
   M
  </size>
  <color>
   Красный
  </color>
  <material>
   Нейлон
  </material>
  <price>
   491286
  </price>
  <rating>
   4.71
  </rating>
  <reviews>
   194995
  </reviews>
  <new>
   +
  </new>
  <exclusive>
   yes
  </exclusive>
 </clothing>
 <clothing>
  <id>
   843146253
  </id>
  <name>
   Ellesse Shoes J-3192
  </name>
  <category>
   Shoes
  </category>
  <size>
   XL
  </size>
  <color>
   Синий
  </color>
  <material>
   Нейлон
  </material>
  <price>
   803128
  </price>
  <rating>
   2.73
  </rating>
  <reviews>
   182418
  </reviews>
  <sporty>
   no
  </sporty>
 </clothing>
 <clothing>
  <id>
   649654759
  </id>
  <name>
   Nike Jeans T-6820
  </name>
  <category>
   Jeans
  </category>
  <size>
   S
  </size>
  <color>
   Голубой
  </color>
  <material>
   Хлопок
  </material>
  <price>
   801336
  </price>
  <rating>
   1.36
  </rating>
  <reviews>
   572077
  </reviews>
  <new>
   -
  </new>
  <exclusive>
   yes
  </exclusive>
  <sporty>
   no
  </sporty>
 </clothing>
 <clothing>
  <id>
   323446300
  </id>
  <name>
   Reebok Jeans E-7012
  </name>
  <category>
   Jeans
  </category>
  <size>
   XL
  </size>
  <color>
   Голубой
  </color>
  <material>
   Лен
  </material>
  <price>
   889826
  </price>
  <rating>
   3.85
  </rating>
  <reviews>
   173047
  </reviews>
  <new>
   -
  </new>
  <exclusive>
   yes
  </exclusive>
 </clothing>
 <clothing>
  <id>
   340010463
  </id>
  <name>
   Under Armour Dress D-5093
  </name>
  <category>
   Dress
  </category>
  <size>
   XXL
  </size>
  <color>
   Зеленый
  </color>
  <material>
   Нейлон
  </material>
  <price>
   317357
  </price>
  <rating>
   1.6
  </rating>
  <reviews>
   847582
  </reviews>
  <exclusive>
   yes
  </exclusive>
  <sporty>
   yes
  </sporty>
 </clothing>
 <clothing>
  <id>
   545574433
  </id>
  <name>
   DC Sweater L-5198
  </name>
  <category>
   Sweater
  </category>
  <size>
   M
  </size>
  <color>
   Красный
  </color>
  <material>
   Нейлон
  </material>
  <price>
   882179
  </price>
  <rating>
   2.2
  </rating>
  <reviews>
   2357
  </reviews>
  <new>
   -
  </new>
  <exclusive>
   no
  </exclusive>
  <sporty>
   no
  </sporty>
 </clothing>
 <clothing>
  <id>
   187643280
  </id>
  <name>
   Converse Shoes M-3911
  </name>
  <category>
   Shoes
  </category>
  <size>
   XL
  </size>
  <color>
   Голубой
  </color>
  <material>
   Хлопок
  </material>
  <price>
   933850
  </price>
  <rating>
   4.36
  </rating>
  <reviews>
   234541
  </reviews>
  <exclusive>
   yes
  </exclusive>
  <sporty>
   no
  </sporty>
 </clothing>
 <clothing>
  <id>
   572781276
  </id>
  <name>
   New Balance Shirt G-6270
  </name>
  <category>
   Shirt
  </category>
  <size>
   XL
  </size>
  <color>
   Синий
  </color>
  <material>
   Полиэстер
  </material>
  <price>
   753210
  </price>
  <rating>
   3.05
  </rating>
  <reviews>
   10490
  </reviews>
  <new>
   -
  </new>
  <sporty>
   no
  </sporty>
 </clothing>
 <clothing>
  <id>
   256363094
  </id>
  <name>
   Vans Gloves K-8158
  </name>
  <category>
   Gloves
  </category>
  <size>
   XXL
  </size>
  <color>
   Голубой
  </color>
  <material>
   Шелк
  </material>
  <price>
   125044
  </price>
  <rating>
   3.79
  </rating>
  <reviews>
   265161
  </reviews>
  <sporty>
   yes
  </sporty>
 </clothing>
 <clothing>
  <id>
   283443063
  </id>
  <name>
   Brooks Shirt N-3673
  </name>
  <category>
   Shirt
  </category>
  <size>
   M
  </size>
  <color>
   Оранжевый
  </color>
  <material>
   Шелк
  </material>
  <price>
   693455
  </price>
  <rating>
   4.55
  </rating>
  <reviews>
   934972
  </reviews>
  <new>
   -
  </new>
 </clothing>
 <clothing>
  <id>
   270896783
  </id>
  <name>
   Nike Sweater M-5124
  </name>
  <category>
   Sweater
  </category>
  <size>
   L
  </size>
  <color>
   Красный
  </color>
  <material>
   Нейлон
  </material>
  <price>
   127717
  </price>
  <rating>
   3.31
  </rating>
  <reviews>
   121046
  </reviews>
  <new>
   -
  </new>
  <sporty>
   yes
  </sporty>
 </clothing>
 <clothing>
  <id>
   572545316
  </id>
  <name>
   Lacoste Socks O-3769
  </name>
  <category>
   Socks
  </category>
  <size>
   M
  </size>
  <color>
   Желтый
  </color>
  <material>
   Нейлон
  </material>
  <price>
   395664
  </price>
  <rating>
   3.76
  </rating>
  <reviews>
   428962
  </reviews>
  <new>
   -
  </new>
  <sporty>
   yes
  </sporty>
 </clothing>
 <clothing>
  <id>
   302016699
  </id>
  <name>
   PleinSport Handbags O-6404
  </name>
  <category>
   Handbags
  </category>
  <size>
   S
  </size>
  <color>
   Зеленый
  </color>
  <material>
   Лен
  </material>
  <price>
   160260
  </price>
  <rating>
   4.06
  </rating>
  <reviews>
   268957
  </reviews>
  <new>
   +
  </new>
  <exclusive>
   no
  </exclusive>
  <sporty>
   no
  </sporty>
 </clothing>
 <clothing>
  <id>
   807043496
  </id>
  <name>
   Vans Skirt J-7207
  </name>
  <category>
   Skirt
  </category>
  <size>
   XL
  </size>
  <color>
   Желтый
  </color>
  <material>
   Полиэстер
  </material>
  <price>
   773173
  </price>
  <rating>
   4.01
  </rating>
  <reviews>
   397614
  </reviews>
  <exclusive>
   no
  </exclusive>
  <sporty>
   no
  </sporty>
 </clothing>
 <clothing>
  <id>
   822164630
  </id>
  <name>
   Asics Belts U-9737
  </name>
  <category>
   Belts
  </category>
  <size>
   S
  </size>
  <color>
   Оранжевый
  </color>
  <material>
   Хлопок
  </material>
  <price>
   672092
  </price>
  <rating>
   3.84
  </rating>
  <reviews>
   721667
  </reviews>
  <exclusive>
   no
  </exclusive>
  <sporty>
   no
  </sporty>
 </clothing>
 <clothing>
  <id>
   128441164
  </id>
  <name>
   Vans Skirt Y-7806
  </name>
  <category>
   Skirt
  </category>
  <size>
   L
  </size>
  <color>
   Красный
  </color>
  <material>
   Вискоза
  </material>
  <price>
   713603
  </price>
  <rating>
   1.49
  </rating>
  <reviews>
   2858
  </reviews>
  <sporty>
   no
  </sporty>
 </clothing>
 <clothing>
  <id>
   422258180
  </id>
  <name>
   PleinSport Jacket I-6806
  </name>
  <category>
   Jacket
  </category>
  <size>
   L
  </size>
  <color>
   Синий
  </color>
  <material>
   Вискоза
  </material>
  <price>
   294788
  </price>
  <rating>
   2.66
  </rating>
  <reviews>
   444594
  </reviews>
  <sporty>
   yes
  </sporty>
 </clothing>
 <clothing>
  <id>
   176899528
  </id>
  <name>
   Under Armour Hat Z-2194
  </name>
  <category>
   Hat
  </category>
  <size>
   XL
  </size>
  <color>
   Синий
  </color>
  <material>
   Кожа
  </material>
  <price>
   956849
  </price>
  <rating>
   4.37
  </rating>
  <reviews>
   245694
  </reviews>
  <new>
   -
  </new>
  <exclusive>
   no
  </exclusive>
 </clothing>
 <clothing>
  <id>
   141678251
  </id>
  <name>
   New Balance Jacket R-3946
  </name>
  <category>
   Jacket
  </category>
  <size>
   XL
  </size>
  <color>
   Зеленый
  </color>
  <material>
   Шерсть
  </material>
  <price>
   950803
  </price>
  <rating>
   4.17
  </rating>
  <reviews>
   239201
  </reviews>
  <exclusive>
   no
  </exclusive>
  <sporty>
   no
  </sporty>
 </clothing>
 <clothing>
  <id>
   780968249
  </id>
  <name>
   Fila Sweater B-7028
  </name>
  <category>
   Sweater
  </category>
  <size>
   L
  </size>
  <color>
   Желтый
  </color>
  <material>
   Шелк
  </material>
  <price>
   812019
  </price>
  <rating>
   2.18
  </rating>
  <reviews>
   860959
  </reviews>
  <new>
   +
  </new>
 </clothing>
 <clothing>
  <id>
   623718651
  </id>
  <name>
   PleinSport Pants W-3990
  </name>
  <category>
   Pants
  </category>
  <size>
   L
  </size>
  <color>
   Желтый
  </color>
  <material>
   Шелк
  </material>
  <price>
   327018
  </price>
  <rating>
   1.42
  </rating>
  <reviews>
   103729
  </reviews>
  <sporty>
   yes
  </sporty>
 </clothing>
 <clothing>
  <id>
   639785400
  </id>
  <name>
   Puma Gloves Y-6178
  </name>
  <category>
   Gloves
  </category>
  <size>
   S
  </size>
  <color>
   Фиолетовый
  </color>
  <material>
   Полиэстер
  </material>
  <price>
   493246
  </price>
  <rating>
   1.46
  </rating>
  <reviews>
   636165
  </reviews>
  <new>
   -
  </new>
  <sporty>
   yes
  </sporty>
 </clothing>
 <clothing>
  <id>
   182440534
  </id>
  <name>
   Ellesse Pants P-6770
  </name>
  <category>
   Pants
  </category>
  <size>
   M
  </size>
  <color>
   Голубой
  </color>
  <material>
   Шерсть
  </material>
  <price>
   646668
  </price>
  <rating>
   3.64
  </rating>
  <reviews>
   340886
  </reviews>
  <exclusive>
   no
  </exclusive>
  <sporty>
   no
  </sporty>
 </clothing>
 <clothing>
  <id>
   673978444
  </id>
  <name>
   Fila Shirt A-5983
  </name>
  <category>
   Shirt
  </category>
  <size>
   L
  </size>
  <color>
   Оранжевый
  </color>
  <material>
   Шерсть
  </material>
  <price>
   763924
  </price>
  <rating>
   2.42
  </rating>
  <reviews>
   463228
  </reviews>
  <new>
   +
  </new>
  <exclusive>
   no
  </exclusive>
 </clothing>
</clothing-items>
