<?xml version="1.0" encoding="utf-8"?>
<clothing-items>
 <clothing>
  <id>
   677715783
  </id>
  <name>
   Converse T-shirt G-8382
  </name>
  <category>
   T-shirt
  </category>
  <size>
   XXL
  </size>
  <color>
   Зеленый
  </color>
  <material>
   Полиэстер
  </material>
  <price>
   937581
  </price>
  <rating>
   1.35
  </rating>
  <reviews>
   45268
  </reviews>
  <new>
   +
  </new>
  <sporty>
   no
  </sporty>
 </clothing>
 <clothing>
  <id>
   251232318
  </id>
  <name>
   PleinSport Handbags F-2488
  </name>
  <category>
   Handbags
  </category>
  <size>
   XL
  </size>
  <color>
   Желтый
  </color>
  <material>
   Нейлон
  </material>
  <price>
   465001
  </price>
  <rating>
   1.58
  </rating>
  <reviews>
   370553
  </reviews>
  <new>
   -
  </new>
  <exclusive>
   no
  </exclusive>
 </clothing>
 <clothing>
  <id>
   232549379
  </id>
  <name>
   Under Armour Shirt G-4302
  </name>
  <category>
   Shirt
  </category>
  <size>
   M
  </size>
  <color>
   Красный
  </color>
  <material>
   Вискоза
  </material>
  <price>
   342988
  </price>
  <rating>
   2.3
  </rating>
  <reviews>
   466649
  </reviews>
  <new>
   +
  </new>
  <sporty>
   yes
  </sporty>
 </clothing>
 <clothing>
  <id>
   102140967
  </id>
  <name>
   Brooks Umbrellas B-3325
  </name>
  <category>
   Umbrellas
  </category>
  <size>
   L
  </size>
  <color>
   Фиолетовый
  </color>
  <material>
   Лен
  </material>
  <price>
   755634
  </price>
  <rating>
   1.24
  </rating>
  <reviews>
   862572
  </reviews>
  <new>
   -
  </new>
 </clothing>
 <clothing>
  <id>
   736557892
  </id>
  <name>
   Lacoste Skirt X-2576
  </name>
  <category>
   Skirt
  </category>
  <size>
   XXL
  </size>
  <color>
   Фиолетовый
  </color>
  <material>
   Шерсть
  </material>
  <price>
   851270
  </price>
  <rating>
   1.35
  </rating>
  <reviews>
   531383
  </reviews>
  <exclusive>
   no
  </exclusive>
  <sporty>
   no
  </sporty>
 </clothing>
 <clothing>
  <id>
   306059170
  </id>
  <name>
   Brooks Socks X-6489
  </name>
  <category>
   Socks
  </category>
  <size>
   XL
  </size>
  <color>
   Фиолетовый
  </color>
  <material>
   Нейлон
  </material>
  <price>
   564470
  </price>
  <rating>
   3.03
  </rating>
  <reviews>
   942219
  </reviews>
  <exclusive>
   no
  </exclusive>
  <sporty>
   no
  </sporty>
 </clothing>
 <clothing>
  <id>
   126952205
  </id>
  <name>
   PleinSport Pants D-8830
  </name>
  <category>
   Pants
  </category>
  <size>
   L
  </size>
  <color>
   Желтый
  </color>
  <material>
   Шерсть
  </material>
  <price>
   220619
  </price>
  <rating>
   3.33
  </rating>
  <reviews>
   281483
  </reviews>
  <new>
   -
  </new>
  <sporty>
   no
  </sporty>
 </clothing>
 <clothing>
  <id>
   556770639
  </id>
  <name>
   Nike Hat D-9557
  </name>
  <category>
   Hat
  </category>
  <size>
   XL
  </size>
  <color>
   Оранжевый
  </color>
  <material>
   Хлопок
  </material>
  <price>
   466792
  </price>
  <rating>
   3.43
  </rating>
  <reviews>
   475202
  </reviews>
  <sporty>
   no
  </sporty>
 </clothing>
 <clothing>
  <id>
   320040451
  </id>
  <name>
   PleinSport Handbags H-2453
  </name>
  <category>
   Handbags
  </category>
  <size>
   L
  </size>
  <color>
   Фиолетовый
  </color>
  <material>
   Полиэстер
  </material>
  <price>
   216610
  </price>
  <rating>
   1.14
  </rating>
  <reviews>
   417535
  </reviews>
  <new>
   -
  </new>
  <exclusive>
   yes
  </exclusive>
  <sporty>
   yes
  </sporty>
 </clothing>
 <clothing>
  <id>
   160632897
  </id>
  <name>
   Addidas Skirt O-3499
  </name>
  <category>
   Skirt
  </category>
  <size>
   XXL
  </size>
  <color>
   Синий
  </color>
  <material>
   Лен
  </material>
  <price>
   917040
  </price>
  <rating>
   1.24
  </rating>
  <reviews>
   10094
  </reviews>
  <exclusive>
   no
  </exclusive>
  <sporty>
   no
  </sporty>
 </clothing>
 <clothing>
  <id>
   874183755
  </id>
  <name>
   Puma Sweater N-7865
  </name>
  <category>
   Sweater
  </category>
  <size>
   M
  </size>
  <color>
   Оранжевый
  </color>
  <material>
   Шерсть
  </material>
  <price>
   366529
  </price>
  <rating>
   3.98
  </rating>
  <reviews>
   119648
  </reviews>
 </clothing>
 <clothing>
  <id>
   966097618
  </id>
  <name>
   Addidas Hat L-5783
  </name>
  <category>
   Hat
  </category>
  <size>
   S
  </size>
  <color>
   Голубой
  </color>
  <material>
   Шерсть
  </material>
  <price>
   965487
  </price>
  <rating>
   4.97
  </rating>
  <reviews>
   754546
  </reviews>
  <new>
   -
  </new>
  <exclusive>
   yes
  </exclusive>
  <sporty>
   yes
  </sporty>
 </clothing>
 <clothing>
  <id>
   932000140
  </id>
  <name>
   DC Hat Z-6747
  </name>
  <category>
   Hat
  </category>
  <size>
   XL
  </size>
  <color>
   Фиолетовый
  </color>
  <material>
   Лен
  </material>
  <price>
   111609
  </price>
  <rating>
   4.06
  </rating>
  <reviews>
   940016
  </reviews>
  <exclusive>
   yes
  </exclusive>
 </clothing>
 <clothing>
  <id>
   671604054
  </id>
  <name>
   Puma Belts G-1925
  </name>
  <category>
   Belts
  </category>
  <size>
   S
  </size>
  <color>
   Оранжевый
  </color>
  <material>
   Вискоза
  </material>
  <price>
   160483
  </price>
  <rating>
   1.3
  </rating>
  <reviews>
   163773
  </reviews>
  <exclusive>
   no
  </exclusive>
 </clothing>
 <clothing>
  <id>
   633961740
  </id>
  <name>
   Brooks Handbags L-9839
  </name>
  <category>
   Handbags
  </category>
  <size>
   XL
  </size>
  <color>
   Красный
  </color>
  <material>
   Шерсть
  </material>
  <price>
   768611
  </price>
  <rating>
   3.02
  </rating>
  <reviews>
   435585
  </reviews>
  <new>
   -
  </new>
 </clothing>
 <clothing>
  <id>
   863626114
  </id>
  <name>
   Reebok Jeans D-1465
  </name>
  <category>
   Jeans
  </category>
  <size>
   M
  </size>
  <color>
   Оранжевый
  </color>
  <material>
   Кожа
  </material>
  <price>
   260653
  </price>
  <rating>
   1.07
  </rating>
  <reviews>
   829220
  </reviews>
  <sporty>
   no
  </sporty>
 </clothing>
 <clothing>
  <id>
   535039140
  </id>
  <name>
   DC Socks C-4178
  </name>
  <category>
   Socks
  </category>
  <size>
   XXL
  </size>
  <color>
   Голубой
  </color>
  <material>
   Кожа
  </material>
  <price>
   914917
  </price>
  <rating>
   3.47
  </rating>
  <reviews>
   790904
  </reviews>
  <new>
   +
  </new>
  <exclusive>
   yes
  </exclusive>
  <sporty>
   yes
  </sporty>
 </clothing>
 <clothing>
  <id>
   534728358
  </id>
  <name>
   Under Armour Dress V-7728
  </name>
  <category>
   Dress
  </category>
  <size>
   M
  </size>
  <color>
   Зеленый
  </color>
  <material>
   Хлопок
  </material>
  <price>
   958072
  </price>
  <rating>
   4.29
  </rating>
  <reviews>
   435014
  </reviews>
  <new>
   -
  </new>
  <exclusive>
   no
  </exclusive>
  <sporty>
   no
  </sporty>
 </clothing>
 <clothing>
  <id>
   662977137
  </id>
  <name>
   Vans Handbags W-5776
  </name>
  <category>
   Handbags
  </category>
  <size>
   M
  </size>
  <color>
   Синий
  </color>
  <material>
   Полиэстер
  </material>
  <price>
   951695
  </price>
  <rating>
   1.14
  </rating>
  <reviews>
   54707
  </reviews>
  <new>
   +
  </new>
  <sporty>
   no
  </sporty>
 </clothing>
 <clothing>
  <id>
   741951493
  </id>
  <name>
   Brooks Socks F-6019
  </name>
  <category>
   Socks
  </category>
  <size>
   M
  </size>
  <color>
   Зеленый
  </color>
  <material>
   Нейлон
  </material>
  <price>
   487946
  </price>
  <rating>
   4.4
  </rating>
  <reviews>
   821796
  </reviews>
  <new>
   -
  </new>
  <exclusive>
   no
  </exclusive>
 </clothing>
 <clothing>
  <id>
   409449309
  </id>
  <name>
   PleinSport Sweater Q-9116
  </name>
  <category>
   Sweater
  </category>
  <size>
   XL
  </size>
  <color>
   Желтый
  </color>
  <material>
   Вискоза
  </material>
  <price>
   959046
  </price>
  <rating>
   3.39
  </rating>
  <reviews>
   196990
  </reviews>
  <new>
   +
  </new>
  <exclusive>
   no
  </exclusive>
 </clothing>
 <clothing>
  <id>
   223389839
  </id>
  <name>
   Addidas Hat F-7507
  </name>
  <category>
   Hat
  </category>
  <size>
   XL
  </size>
  <color>
   Голубой
  </color>
  <material>
   Кожа
  </material>
  <price>
   727169
  </price>
  <rating>
   3.14
  </rating>
  <reviews>
   441966
  </reviews>
  <new>
   +
  </new>
  <exclusive>
   no
  </exclusive>
  <sporty>
   no
  </sporty>
 </clothing>
 <clothing>
  <id>
   700401115
  </id>
  <name>
   Brooks Dress B-6081
  </name>
  <category>
   Dress
  </category>
  <size>
   M
  </size>
  <color>
   Желтый
  </color>
  <material>
   Полиэстер
  </material>
  <price>
   910429
  </price>
  <rating>
   3.47
  </rating>
  <reviews>
   989158
  </reviews>
  <new>
   -
  </new>
  <sporty>
   no
  </sporty>
 </clothing>
 <clothing>
  <id>
   289342802
  </id>
  <name>
   Under Armour Handbags O-2880
  </name>
  <category>
   Handbags
  </category>
  <size>
   XL
  </size>
  <color>
   Фиолетовый
  </color>
  <material>
   Нейлон
  </material>
  <price>
   564963
  </price>
  <rating>
   3.55
  </rating>
  <reviews>
   336873
  </reviews>
  <new>
   -
  </new>
  <exclusive>
   yes
  </exclusive>
 </clothing>
 <clothing>
  <id>
   209121991
  </id>
  <name>
   PleinSport Pants J-5192
  </name>
  <category>
   Pants
  </category>
  <size>
   M
  </size>
  <color>
   Желтый
  </color>
  <material>
   Нейлон
  </material>
  <price>
   994636
  </price>
  <rating>
   2.52
  </rating>
  <reviews>
   210879
  </reviews>
 </clothing>
 <clothing>
  <id>
   665580818
  </id>
  <name>
   PleinSport Jeans I-9134
  </name>
  <category>
   Jeans
  </category>
  <size>
   XXL
  </size>
  <color>
   Синий
  </color>
  <material>
   Лен
  </material>
  <price>
   586035
  </price>
  <rating>
   3.4
  </rating>
  <reviews>
   126693
  </reviews>
  <exclusive>
   no
  </exclusive>
 </clothing>
 <clothing>
  <id>
   997078440
  </id>
  <name>
   Adidas Belts H-6111
  </name>
  <category>
   Belts
  </category>
  <size>
   XL
  </size>
  <color>
   Фиолетовый
  </color>
  <material>
   Нейлон
  </material>
  <price>
   155605
  </price>
  <rating>
   4.81
  </rating>
  <reviews>
   206279
  </reviews>
  <new>
   -
  </new>
 </clothing>
 <clothing>
  <id>
   480297301
  </id>
  <name>
   PleinSport Gloves D-9369
  </name>
  <category>
   Gloves
  </category>
  <size>
   L
  </size>
  <color>
   Голубой
  </color>
  <material>
   Кожа
  </material>
  <price>
   256168
  </price>
  <rating>
   2.73
  </rating>
  <reviews>
   163461
  </reviews>
 </clothing>
 <clothing>
  <id>
   450349243
  </id>
  <name>
   Reebok Handbags N-1710
  </name>
  <category>
   Handbags
  </category>
  <size>
   L
  </size>
  <color>
   Красный
  </color>
  <material>
   Кожа
  </material>
  <price>
   325497
  </price>
  <rating>
   3.81
  </rating>
  <reviews>
   796894
  </reviews>
  <new>
   -
  </new>
  <exclusive>
   no
  </exclusive>
  <sporty>
   no
  </sporty>
 </clothing>
 <clothing>
  <id>
   639418942
  </id>
  <name>
   Brooks Socks S-5238
  </name>
  <category>
   Socks
  </category>
  <size>
   XXL
  </size>
  <color>
   Фиолетовый
  </color>
  <material>
   Полиэстер
  </material>
  <price>
   118039
  </price>
  <rating>
   2.68
  </rating>
  <reviews>
   706382
  </reviews>
  <new>
   +
  </new>
 </clothing>
 <clothing>
  <id>
   653203622
  </id>
  <name>
   Asics Belts M-2651
  </name>
  <category>
   Belts
  </category>
  <size>
   L
  </size>
  <color>
   Синий
  </color>
  <material>
   Шерсть
  </material>
  <price>
   672145
  </price>
  <rating>
   4.15
  </rating>
  <reviews>
   376145
  </reviews>
  <new>
   -
  </new>
 </clothing>
 <clothing>
  <id>
   430572043
  </id>
  <name>
   Converse Jeans H-5194
  </name>
  <category>
   Jeans
  </category>
  <size>
   S
  </size>
  <color>
   Красный
  </color>
  <material>
   Вискоза
  </material>
  <price>
   907826
  </price>
  <rating>
   3.05
  </rating>
  <reviews>
   120411
  </reviews>
  <new>
   +
  </new>
  <exclusive>
   no
  </exclusive>
  <sporty>
   yes
  </sporty>
 </clothing>
 <clothing>
  <id>
   511401634
  </id>
  <name>
   Fila T-shirt F-8773
  </name>
  <category>
   T-shirt
  </category>
  <size>
   S
  </size>
  <color>
   Желтый
  </color>
  <material>
   Лен
  </material>
  <price>
   348856
  </price>
  <rating>
   3.69
  </rating>
  <reviews>
   219178
  </reviews>
  <exclusive>
   yes
  </exclusive>
  <sporty>
   yes
  </sporty>
 </clothing>
 <clothing>
  <id>
   180993147
  </id>
  <name>
   Brooks Jeans R-7919
  </name>
  <category>
   Jeans
  </category>
  <size>
   XXL
  </size>
  <color>
   Голубой
  </color>
  <material>
   Лен
  </material>
  <price>
   392805
  </price>
  <rating>
   3.56
  </rating>
  <reviews>
   327350
  </reviews>
  <new>
   +
  </new>
 </clothing>
 <clothing>
  <id>
   391273071
  </id>
  <name>
   Vans Blouse T-9736
  </name>
  <category>
   Blouse
  </category>
  <size>
   L
  </size>
  <color>
   Желтый
  </color>
  <material>
   Хлопок
  </material>
  <price>
   544570
  </price>
  <rating>
   3.43
  </rating>
  <reviews>
   811402
  </reviews>
  <exclusive>
   yes
  </exclusive>
 </clothing>
 <clothing>
  <id>
   904598518
  </id>
  <name>
   Vans Hat H-3451
  </name>
  <category>
   Hat
  </category>
  <size>
   XL
  </size>
  <color>
   Фиолетовый
  </color>
  <material>
   Нейлон
  </material>
  <price>
   209834
  </price>
  <rating>
   1.17
  </rating>
  <reviews>
   717460
  </reviews>
  <sporty>
   no
  </sporty>
 </clothing>
 <clothing>
  <id>
   485883954
  </id>
  <name>
   Brooks Handbags R-2971
  </name>
  <category>
   Handbags
  </category>
  <size>
   M
  </size>
  <color>
   Оранжевый
  </color>
  <material>
   Хлопок
  </material>
  <price>
   293684
  </price>
  <rating>
   3.18
  </rating>
  <reviews>
   156864
  </reviews>
  <new>
   -
  </new>
  <sporty>
   yes
  </sporty>
 </clothing>
 <clothing>
  <id>
   821088401
  </id>
  <name>
   Converse Shirt I-1553
  </name>
  <category>
   Shirt
  </category>
  <size>
   M
  </size>
  <color>
   Голубой
  </color>
  <material>
   Полиэстер
  </material>
  <price>
   368158
  </price>
  <rating>
   2.16
  </rating>
  <reviews>
   472780
  </reviews>
  <new>
   -
  </new>
  <exclusive>
   no
  </exclusive>
  <sporty>
   yes
  </sporty>
 </clothing>
 <clothing>
  <id>
   924316062
  </id>
  <name>
   Addidas Socks B-8601
  </name>
  <category>
   Socks
  </category>
  <size>
   S
  </size>
  <color>
   Зеленый
  </color>
  <material>
   Лен
  </material>
  <price>
   673061
  </price>
  <rating>
   3.89
  </rating>
  <reviews>
   242757
  </reviews>
  <exclusive>
   no
  </exclusive>
 </clothing>
 <clothing>
  <id>
   234896157
  </id>
  <name>
   Vans Hat P-7340
  </name>
  <category>
   Hat
  </category>
  <size>
   S
  </size>
  <color>
   Синий
  </color>
  <material>
   Нейлон
  </material>
  <price>
   592673
  </price>
  <rating>
   3.85
  </rating>
  <reviews>
   759744
  </reviews>
  <exclusive>
   yes
  </exclusive>
 </clothing>
 <clothing>
  <id>
   582481172
  </id>
  <name>
   Ellesse Umbrellas Z-1036
  </name>
  <category>
   Umbrellas
  </category>
  <size>
   S
  </size>
  <color>
   Голубой
  </color>
  <material>
   Шерсть
  </material>
  <price>
   190953
  </price>
  <rating>
   4.67
  </rating>
  <reviews>
   656199
  </reviews>
  <sporty>
   yes
  </sporty>
 </clothing>
 <clothing>
  <id>
   684797830
  </id>
  <name>
   Under Armour T-shirt I-5022
  </name>
  <category>
   T-shirt
  </category>
  <size>
   XXL
  </size>
  <color>
   Голубой
  </color>
  <material>
   Кожа
  </material>
  <price>
   482214
  </price>
  <rating>
   2.49
  </rating>
  <reviews>
   708098
  </reviews>
  <exclusive>
   yes
  </exclusive>
  <sporty>
   no
  </sporty>
 </clothing>
 <clothing>
  <id>
   601951009
  </id>
  <name>
   Asics Blouse P-1136
  </name>
  <category>
   Blouse
  </category>
  <size>
   S
  </size>
  <color>
   Фиолетовый
  </color>
  <material>
   Нейлон
  </material>
  <price>
   356899
  </price>
  <rating>
   4.21
  </rating>
  <reviews>
   870416
  </reviews>
  <new>
   -
  </new>
  <sporty>
   yes
  </sporty>
 </clothing>
 <clothing>
  <id>
   318216063
  </id>
  <name>
   Reebok Dress M-2353
  </name>
  <category>
   Dress
  </category>
  <size>
   M
  </size>
  <color>
   Синий
  </color>
  <material>
   Нейлон
  </material>
  <price>
   525464
  </price>
  <rating>
   2.46
  </rating>
  <reviews>
   170538
  </reviews>
  <exclusive>
   yes
  </exclusive>
  <sporty>
   no
  </sporty>
 </clothing>
 <clothing>
  <id>
   338276956
  </id>
  <name>
   Nike Dress Z-7111
  </name>
  <category>
   Dress
  </category>
  <size>
   M
  </size>
  <color>
   Зеленый
  </color>
  <material>
   Полиэстер
  </material>
  <price>
   871139
  </price>
  <rating>
   1.05
  </rating>
  <reviews>
   30064
  </reviews>
  <new>
   +
  </new>
 </clothing>
 <clothing>
  <id>
   417406479
  </id>
  <name>
   Reebok Handbags Y-1746
  </name>
  <category>
   Handbags
  </category>
  <size>
   L
  </size>
  <color>
   Красный
  </color>
  <material>
   Шелк
  </material>
  <price>
   829202
  </price>
  <rating>
   3.84
  </rating>
  <reviews>
   461918
  </reviews>
  <exclusive>
   yes
  </exclusive>
  <sporty>
   no
  </sporty>
 </clothing>
 <clothing>
  <id>
   122439752
  </id>
  <name>
   Nike Belts I-7954
  </name>
  <category>
   Belts
  </category>
  <size>
   M
  </size>
  <color>
   Зеленый
  </color>
  <material>
   Полиэстер
  </material>
  <price>
   781866
  </price>
  <rating>
   4.12
  </rating>
  <reviews>
   194450
  </reviews>
  <new>
   -
  </new>
  <sporty>
   no
  </sporty>
 </clothing>
 <clothing>
  <id>
   614172171
  </id>
  <name>
   Brooks Shoes S-9898
  </name>
  <category>
   Shoes
  </category>
  <size>
   L
  </size>
  <color>
   Красный
  </color>
  <material>
   Полиэстер
  </material>
  <price>
   480951
  </price>
  <rating>
   3.86
  </rating>
  <reviews>
   206771
  </reviews>
  <exclusive>
   yes
  </exclusive>
 </clothing>
</clothing-items>
