<?xml version="1.0" encoding="utf-8"?>
<clothing-items>
 <clothing>
  <id>
   449318248
  </id>
  <name>
   Fila Pants W-2177
  </name>
  <category>
   Pants
  </category>
  <size>
   S
  </size>
  <color>
   Желтый
  </color>
  <material>
   Шелк
  </material>
  <price>
   451230
  </price>
  <rating>
   1.22
  </rating>
  <reviews>
   334442
  </reviews>
  <exclusive>
   yes
  </exclusive>
  <sporty>
   no
  </sporty>
 </clothing>
 <clothing>
  <id>
   504982290
  </id>
  <name>
   Adidas Hat N-4582
  </name>
  <category>
   Hat
  </category>
  <size>
   L
  </size>
  <color>
   Синий
  </color>
  <material>
   Шерсть
  </material>
  <price>
   242659
  </price>
  <rating>
   1.23
  </rating>
  <reviews>
   386422
  </reviews>
  <new>
   +
  </new>
  <exclusive>
   no
  </exclusive>
  <sporty>
   yes
  </sporty>
 </clothing>
 <clothing>
  <id>
   635474868
  </id>
  <name>
   Vans T-shirt Y-5395
  </name>
  <category>
   T-shirt
  </category>
  <size>
   XXL
  </size>
  <color>
   Желтый
  </color>
  <material>
   Шелк
  </material>
  <price>
   941915
  </price>
  <rating>
   2.37
  </rating>
  <reviews>
   599349
  </reviews>
  <new>
   +
  </new>
  <exclusive>
   yes
  </exclusive>
  <sporty>
   yes
  </sporty>
 </clothing>
 <clothing>
  <id>
   483879604
  </id>
  <name>
   Brooks Umbrellas U-6638
  </name>
  <category>
   Umbrellas
  </category>
  <size>
   XL
  </size>
  <color>
   Синий
  </color>
  <material>
   Полиэстер
  </material>
  <price>
   396802
  </price>
  <rating>
   4.8
  </rating>
  <reviews>
   450616
  </reviews>
  <new>
   +
  </new>
  <exclusive>
   yes
  </exclusive>
 </clothing>
 <clothing>
  <id>
   526917065
  </id>
  <name>
   Converse Pants H-7890
  </name>
  <category>
   Pants
  </category>
  <size>
   S
  </size>
  <color>
   Оранжевый
  </color>
  <material>
   Лен
  </material>
  <price>
   489136
  </price>
  <rating>
   4.12
  </rating>
  <reviews>
   62160
  </reviews>
  <new>
   -
  </new>
  <sporty>
   no
  </sporty>
 </clothing>
 <clothing>
  <id>
   998868116
  </id>
  <name>
   Brooks T-shirt Z-4878
  </name>
  <category>
   T-shirt
  </category>
  <size>
   XXL
  </size>
  <color>
   Фиолетовый
  </color>
  <material>
   Шерсть
  </material>
  <price>
   966775
  </price>
  <rating>
   4.23
  </rating>
  <reviews>
   55969
  </reviews>
  <new>
   -
  </new>
  <exclusive>
   no
  </exclusive>
  <sporty>
   no
  </sporty>
 </clothing>
 <clothing>
  <id>
   481928563
  </id>
  <name>
   Brooks Belts I-2180
  </name>
  <category>
   Belts
  </category>
  <size>
   XXL
  </size>
  <color>
   Синий
  </color>
  <material>
   Хлопок
  </material>
  <price>
   142315
  </price>
  <rating>
   4.24
  </rating>
  <reviews>
   700930
  </reviews>
  <exclusive>
   yes
  </exclusive>
 </clothing>
 <clothing>
  <id>
   115476737
  </id>
  <name>
   New Balance Shoes M-9473
  </name>
  <category>
   Shoes
  </category>
  <size>
   L
  </size>
  <color>
   Оранжевый
  </color>
  <material>
   Вискоза
  </material>
  <price>
   270308
  </price>
  <rating>
   2.05
  </rating>
  <reviews>
   349999
  </reviews>
  <exclusive>
   no
  </exclusive>
  <sporty>
   no
  </sporty>
 </clothing>
 <clothing>
  <id>
   336343578
  </id>
  <name>
   Adidas Skirt S-1220
  </name>
  <category>
   Skirt
  </category>
  <size>
   S
  </size>
  <color>
   Оранжевый
  </color>
  <material>
   Нейлон
  </material>
  <price>
   840774
  </price>
  <rating>
   1.9
  </rating>
  <reviews>
   437657
  </reviews>
  <sporty>
   no
  </sporty>
 </clothing>
 <clothing>
  <id>
   915384323
  </id>
  <name>
   DC Shoes Q-9452
  </name>
  <category>
   Shoes
  </category>
  <size>
   XXL
  </size>
  <color>
   Красный
  </color>
  <material>
   Лен
  </material>
  <price>
   459686
  </price>
  <rating>
   2.65
  </rating>
  <reviews>
   652937
  </reviews>
  <new>
   -
  </new>
  <exclusive>
   no
  </exclusive>
 </clothing>
 <clothing>
  <id>
   661238831
  </id>
  <name>
   Ellesse Socks O-3306
  </name>
  <category>
   Socks
  </category>
  <size>
   M
  </size>
  <color>
   Фиолетовый
  </color>
  <material>
   Шерсть
  </material>
  <price>
   447134
  </price>
  <rating>
   1.51
  </rating>
  <reviews>
   135641
  </reviews>
  <new>
   -
  </new>
 </clothing>
 <clothing>
  <id>
   922140843
  </id>
  <name>
   PleinSport Shoes T-2650
  </name>
  <category>
   Shoes
  </category>
  <size>
   M
  </size>
  <color>
   Фиолетовый
  </color>
  <material>
   Шерсть
  </material>
  <price>
   900411
  </price>
  <rating>
   1.99
  </rating>
  <reviews>
   791668
  </reviews>
  <exclusive>
   no
  </exclusive>
 </clothing>
 <clothing>
  <id>
   958015296
  </id>
  <name>
   Addidas Blouse I-9019
  </name>
  <category>
   Blouse
  </category>
  <size>
   M
  </size>
  <color>
   Желтый
  </color>
  <material>
   Полиэстер
  </material>
  <price>
   553381
  </price>
  <rating>
   1.93
  </rating>
  <reviews>
   961721
  </reviews>
  <new>
   -
  </new>
  <sporty>
   no
  </sporty>
 </clothing>
 <clothing>
  <id>
   131430612
  </id>
  <name>
   Brooks Sweater N-9559
  </name>
  <category>
   Sweater
  </category>
  <size>
   XL
  </size>
  <color>
   Красный
  </color>
  <material>
   Полиэстер
  </material>
  <price>
   330320
  </price>
  <rating>
   3.11
  </rating>
  <reviews>
   758178
  </reviews>
  <new>
   +
  </new>
  <exclusive>
   no
  </exclusive>
  <sporty>
   no
  </sporty>
 </clothing>
 <clothing>
  <id>
   873419262
  </id>
  <name>
   Asics T-shirt W-4513
  </name>
  <category>
   T-shirt
  </category>
  <size>
   S
  </size>
  <color>
   Желтый
  </color>
  <material>
   Шелк
  </material>
  <price>
   154495
  </price>
  <rating>
   3.4
  </rating>
  <reviews>
   903217
  </reviews>
  <exclusive>
   no
  </exclusive>
 </clothing>
 <clothing>
  <id>
   884023820
  </id>
  <name>
   Reebok Blouse Q-7723
  </name>
  <category>
   Blouse
  </category>
  <size>
   M
  </size>
  <color>
   Желтый
  </color>
  <material>
   Полиэстер
  </material>
  <price>
   341364
  </price>
  <rating>
   1.07
  </rating>
  <reviews>
   88994
  </reviews>
  <sporty>
   no
  </sporty>
 </clothing>
 <clothing>
  <id>
   376133052
  </id>
  <name>
   New Balance Blouse W-6276
  </name>
  <category>
   Blouse
  </category>
  <size>
   XL
  </size>
  <color>
   Синий
  </color>
  <material>
   Кожа
  </material>
  <price>
   560646
  </price>
  <rating>
   4.11
  </rating>
  <reviews>
   293500
  </reviews>
  <new>
   -
  </new>
  <sporty>
   no
  </sporty>
 </clothing>
 <clothing>
  <id>
   298336374
  </id>
  <name>
   Converse Dress B-4378
  </name>
  <category>
   Dress
  </category>
  <size>
   XXL
  </size>
  <color>
   Синий
  </color>
  <material>
   Хлопок
  </material>
  <price>
   753759
  </price>
  <rating>
   1.08
  </rating>
  <reviews>
   375042
  </reviews>
  <new>
   +
  </new>
  <exclusive>
   yes
  </exclusive>
  <sporty>
   no
  </sporty>
 </clothing>
 <clothing>
  <id>
   178777613
  </id>
  <name>
   Asics Skirt E-6298
  </name>
  <category>
   Skirt
  </category>
  <size>
   XXL
  </size>
  <color>
   Желтый
  </color>
  <material>
   Кожа
  </material>
  <price>
   194494
  </price>
  <rating>
   4.31
  </rating>
  <reviews>
   856258
  </reviews>
 </clothing>
 <clothing>
  <id>
   291556380
  </id>
  <name>
   Fila Blouse P-7905
  </name>
  <category>
   Blouse
  </category>
  <size>
   XL
  </size>
  <color>
   Красный
  </color>
  <material>
   Шелк
  </material>
  <price>
   941758
  </price>
  <rating>
   3.49
  </rating>
  <reviews>
   684450
  </reviews>
  <new>
   -
  </new>
 </clothing>
 <clothing>
  <id>
   713261846
  </id>
  <name>
   DC Shirt V-9013
  </name>
  <category>
   Shirt
  </category>
  <size>
   XXL
  </size>
  <color>
   Зеленый
  </color>
  <material>
   Кожа
  </material>
  <price>
   294911
  </price>
  <rating>
   2.45
  </rating>
  <reviews>
   403820
  </reviews>
  <exclusive>
   no
  </exclusive>
  <sporty>
   no
  </sporty>
 </clothing>
 <clothing>
  <id>
   456662416
  </id>
  <name>
   Lacoste T-shirt U-9528
  </name>
  <category>
   T-shirt
  </category>
  <size>
   XXL
  </size>
  <color>
   Желтый
  </color>
  <material>
   Шерсть
  </material>
  <price>
   958900
  </price>
  <rating>
   4.95
  </rating>
  <reviews>
   170292
  </reviews>
  <new>
   -
  </new>
  <exclusive>
   no
  </exclusive>
  <sporty>
   no
  </sporty>
 </clothing>
 <clothing>
  <id>
   341991169
  </id>
  <name>
   Adidas Gloves A-8779
  </name>
  <category>
   Gloves
  </category>
  <size>
   S
  </size>
  <color>
   Фиолетовый
  </color>
  <material>
   Шелк
  </material>
  <price>
   681337
  </price>
  <rating>
   2.4
  </rating>
  <reviews>
   813231
  </reviews>
  <new>
   +
  </new>
  <exclusive>
   yes
  </exclusive>
  <sporty>
   yes
  </sporty>
 </clothing>
 <clothing>
  <id>
   852922678
  </id>
  <name>
   Adidas Shirt S-1459
  </name>
  <category>
   Shirt
  </category>
  <size>
   M
  </size>
  <color>
   Желтый
  </color>
  <material>
   Хлопок
  </material>
  <price>
   338564
  </price>
  <rating>
   1.47
  </rating>
  <reviews>
   450059
  </reviews>
  <exclusive>
   yes
  </exclusive>
  <sporty>
   no
  </sporty>
 </clothing>
 <clothing>
  <id>
   932597992
  </id>
  <name>
   Converse Umbrellas M-6357
  </name>
  <category>
   Umbrellas
  </category>
  <size>
   S
  </size>
  <color>
   Оранжевый
  </color>
  <material>
   Хлопок
  </material>
  <price>
   883105
  </price>
  <rating>
   4.06
  </rating>
  <reviews>
   782634
  </reviews>
  <new>
   +
  </new>
  <sporty>
   no
  </sporty>
 </clothing>
 <clothing>
  <id>
   782297075
  </id>
  <name>
   Adidas Handbags H-5910
  </name>
  <category>
   Handbags
  </category>
  <size>
   XXL
  </size>
  <color>
   Красный
  </color>
  <material>
   Шелк
  </material>
  <price>
   588454
  </price>
  <rating>
   4.92
  </rating>
  <reviews>
   506911
  </reviews>
  <new>
   +
  </new>
  <exclusive>
   no
  </exclusive>
 </clothing>
 <clothing>
  <id>
   182253939
  </id>
  <name>
   New Balance Shirt X-9094
  </name>
  <category>
   Shirt
  </category>
  <size>
   M
  </size>
  <color>
   Зеленый
  </color>
  <material>
   Хлопок
  </material>
  <price>
   776895
  </price>
  <rating>
   4.25
  </rating>
  <reviews>
   298361
  </reviews>
  <new>
   -
  </new>
  <exclusive>
   yes
  </exclusive>
  <sporty>
   yes
  </sporty>
 </clothing>
 <clothing>
  <id>
   448988267
  </id>
  <name>
   Asics Blouse A-7041
  </name>
  <category>
   Blouse
  </category>
  <size>
   M
  </size>
  <color>
   Синий
  </color>
  <material>
   Шерсть
  </material>
  <price>
   367745
  </price>
  <rating>
   2.43
  </rating>
  <reviews>
   512076
  </reviews>
  <sporty>
   yes
  </sporty>
 </clothing>
 <clothing>
  <id>
   552828728
  </id>
  <name>
   Reebok Umbrellas Z-6098
  </name>
  <category>
   Umbrellas
  </category>
  <size>
   M
  </size>
  <color>
   Голубой
  </color>
  <material>
   Шерсть
  </material>
  <price>
   343541
  </price>
  <rating>
   2.01
  </rating>
  <reviews>
   468089
  </reviews>
  <exclusive>
   no
  </exclusive>
  <sporty>
   no
  </sporty>
 </clothing>
 <clothing>
  <id>
   696052383
  </id>
  <name>
   Ellesse Pants K-7078
  </name>
  <category>
   Pants
  </category>
  <size>
   L
  </size>
  <color>
   Красный
  </color>
  <material>
   Хлопок
  </material>
  <price>
   774996
  </price>
  <rating>
   1.9
  </rating>
  <reviews>
   861475
  </reviews>
  <sporty>
   no
  </sporty>
 </clothing>
 <clothing>
  <id>
   391790082
  </id>
  <name>
   Asics Shirt L-4203
  </name>
  <category>
   Shirt
  </category>
  <size>
   S
  </size>
  <color>
   Красный
  </color>
  <material>
   Хлопок
  </material>
  <price>
   418014
  </price>
  <rating>
   3.68
  </rating>
  <reviews>
   263150
  </reviews>
  <new>
   +
  </new>
  <exclusive>
   yes
  </exclusive>
  <sporty>
   yes
  </sporty>
 </clothing>
 <clothing>
  <id>
   688879375
  </id>
  <name>
   Asics Skirt B-8658
  </name>
  <category>
   Skirt
  </category>
  <size>
   XXL
  </size>
  <color>
   Зеленый
  </color>
  <material>
   Хлопок
  </material>
  <price>
   967822
  </price>
  <rating>
   2.1
  </rating>
  <reviews>
   447040
  </reviews>
  <exclusive>
   yes
  </exclusive>
 </clothing>
 <clothing>
  <id>
   686352047
  </id>
  <name>
   DC Blouse E-5272
  </name>
  <category>
   Blouse
  </category>
  <size>
   S
  </size>
  <color>
   Красный
  </color>
  <material>
   Нейлон
  </material>
  <price>
   318983
  </price>
  <rating>
   1.42
  </rating>
  <reviews>
   333692
  </reviews>
  <new>
   -
  </new>
 </clothing>
 <clothing>
  <id>
   162345933
  </id>
  <name>
   Adidas Blouse Y-4571
  </name>
  <category>
   Blouse
  </category>
  <size>
   S
  </size>
  <color>
   Голубой
  </color>
  <material>
   Шерсть
  </material>
  <price>
   193153
  </price>
  <rating>
   2.03
  </rating>
  <reviews>
   40402
  </reviews>
  <new>
   +
  </new>
 </clothing>
 <clothing>
  <id>
   864849611
  </id>
  <name>
   Nike Socks P-4949
  </name>
  <category>
   Socks
  </category>
  <size>
   XXL
  </size>
  <color>
   Голубой
  </color>
  <material>
   Нейлон
  </material>
  <price>
   791105
  </price>
  <rating>
   2.62
  </rating>
  <reviews>
   515653
  </reviews>
  <exclusive>
   no
  </exclusive>
  <sporty>
   no
  </sporty>
 </clothing>
 <clothing>
  <id>
   295714652
  </id>
  <name>
   Lacoste Jeans G-8306
  </name>
  <category>
   Jeans
  </category>
  <size>
   S
  </size>
  <color>
   Фиолетовый
  </color>
  <material>
   Нейлон
  </material>
  <price>
   509579
  </price>
  <rating>
   3.0
  </rating>
  <reviews>
   540199
  </reviews>
  <new>
   -
  </new>
 </clothing>
 <clothing>
  <id>
   587361395
  </id>
  <name>
   New Balance Dress H-3353
  </name>
  <category>
   Dress
  </category>
  <size>
   S
  </size>
  <color>
   Синий
  </color>
  <material>
   Кожа
  </material>
  <price>
   735973
  </price>
  <rating>
   1.27
  </rating>
  <reviews>
   30876
  </reviews>
  <new>
   +
  </new>
 </clothing>
 <clothing>
  <id>
   854611084
  </id>
  <name>
   New Balance Socks Q-4272
  </name>
  <category>
   Socks
  </category>
  <size>
   XL
  </size>
  <color>
   Желтый
  </color>
  <material>
   Вискоза
  </material>
  <price>
   324658
  </price>
  <rating>
   4.39
  </rating>
  <reviews>
   727315
  </reviews>
  <new>
   -
  </new>
  <sporty>
   no
  </sporty>
 </clothing>
 <clothing>
  <id>
   974447870
  </id>
  <name>
   Reebok Dress C-3067
  </name>
  <category>
   Dress
  </category>
  <size>
   L
  </size>
  <color>
   Желтый
  </color>
  <material>
   Шерсть
  </material>
  <price>
   902079
  </price>
  <rating>
   4.82
  </rating>
  <reviews>
   321941
  </reviews>
  <exclusive>
   no
  </exclusive>
 </clothing>
 <clothing>
  <id>
   863243833
  </id>
  <name>
   PleinSport Shirt F-4586
  </name>
  <category>
   Shirt
  </category>
  <size>
   XL
  </size>
  <color>
   Зеленый
  </color>
  <material>
   Кожа
  </material>
  <price>
   481756
  </price>
  <rating>
   1.45
  </rating>
  <reviews>
   196364
  </reviews>
 </clothing>
 <clothing>
  <id>
   350751017
  </id>
  <name>
   Addidas Gloves C-7720
  </name>
  <category>
   Gloves
  </category>
  <size>
   XXL
  </size>
  <color>
   Оранжевый
  </color>
  <material>
   Шелк
  </material>
  <price>
   894064
  </price>
  <rating>
   2.95
  </rating>
  <reviews>
   475949
  </reviews>
  <new>
   +
  </new>
  <exclusive>
   no
  </exclusive>
  <sporty>
   yes
  </sporty>
 </clothing>
 <clothing>
  <id>
   565278958
  </id>
  <name>
   Puma Sweater P-3218
  </name>
  <category>
   Sweater
  </category>
  <size>
   L
  </size>
  <color>
   Фиолетовый
  </color>
  <material>
   Полиэстер
  </material>
  <price>
   725043
  </price>
  <rating>
   2.93
  </rating>
  <reviews>
   98753
  </reviews>
  <new>
   -
  </new>
  <exclusive>
   no
  </exclusive>
  <sporty>
   no
  </sporty>
 </clothing>
 <clothing>
  <id>
   508715298
  </id>
  <name>
   Vans Handbags M-9867
  </name>
  <category>
   Handbags
  </category>
  <size>
   L
  </size>
  <color>
   Красный
  </color>
  <material>
   Шерсть
  </material>
  <price>
   187652
  </price>
  <rating>
   1.89
  </rating>
  <reviews>
   475764
  </reviews>
  <exclusive>
   yes
  </exclusive>
  <sporty>
   yes
  </sporty>
 </clothing>
 <clothing>
  <id>
   389869602
  </id>
  <name>
   Converse Umbrellas J-2695
  </name>
  <category>
   Umbrellas
  </category>
  <size>
   XXL
  </size>
  <color>
   Голубой
  </color>
  <material>
   Шерсть
  </material>
  <price>
   598043
  </price>
  <rating>
   3.0
  </rating>
  <reviews>
   678803
  </reviews>
  <new>
   -
  </new>
 </clothing>
 <clothing>
  <id>
   778951091
  </id>
  <name>
   PleinSport Belts Q-2052
  </name>
  <category>
   Belts
  </category>
  <size>
   L
  </size>
  <color>
   Синий
  </color>
  <material>
   Нейлон
  </material>
  <price>
   204012
  </price>
  <rating>
   1.57
  </rating>
  <reviews>
   275557
  </reviews>
  <exclusive>
   no
  </exclusive>
 </clothing>
 <clothing>
  <id>
   397837234
  </id>
  <name>
   Ellesse Hat G-9876
  </name>
  <category>
   Hat
  </category>
  <size>
   XXL
  </size>
  <color>
   Зеленый
  </color>
  <material>
   Шелк
  </material>
  <price>
   109704
  </price>
  <rating>
   4.68
  </rating>
  <reviews>
   593246
  </reviews>
  <exclusive>
   no
  </exclusive>
  <sporty>
   no
  </sporty>
 </clothing>
 <clothing>
  <id>
   640516868
  </id>
  <name>
   Addidas Jacket R-7205
  </name>
  <category>
   Jacket
  </category>
  <size>
   XL
  </size>
  <color>
   Голубой
  </color>
  <material>
   Вискоза
  </material>
  <price>
   990147
  </price>
  <rating>
   1.28
  </rating>
  <reviews>
   463568
  </reviews>
  <new>
   -
  </new>
  <exclusive>
   no
  </exclusive>
  <sporty>
   yes
  </sporty>
 </clothing>
</clothing-items>
