<?xml version="1.0" encoding="utf-8"?>
<clothing-items>
 <clothing>
  <id>
   471231568
  </id>
  <name>
   Ellesse Sweater J-4008
  </name>
  <category>
   Sweater
  </category>
  <size>
   M
  </size>
  <color>
   Фиолетовый
  </color>
  <material>
   Нейлон
  </material>
  <price>
   559519
  </price>
  <rating>
   4.87
  </rating>
  <reviews>
   407632
  </reviews>
  <new>
   -
  </new>
  <exclusive>
   yes
  </exclusive>
 </clothing>
 <clothing>
  <id>
   500377604
  </id>
  <name>
   Under Armour Blouse H-3246
  </name>
  <category>
   Blouse
  </category>
  <size>
   S
  </size>
  <color>
   Оранжевый
  </color>
  <material>
   Нейлон
  </material>
  <price>
   382604
  </price>
  <rating>
   4.94
  </rating>
  <reviews>
   702242
  </reviews>
  <sporty>
   no
  </sporty>
 </clothing>
 <clothing>
  <id>
   304808087
  </id>
  <name>
   Vans Sweater W-1524
  </name>
  <category>
   Sweater
  </category>
  <size>
   S
  </size>
  <color>
   Фиолетовый
  </color>
  <material>
   Шерсть
  </material>
  <price>
   181824
  </price>
  <rating>
   4.74
  </rating>
  <reviews>
   371891
  </reviews>
  <new>
   -
  </new>
  <exclusive>
   yes
  </exclusive>
  <sporty>
   yes
  </sporty>
 </clothing>
 <clothing>
  <id>
   140459232
  </id>
  <name>
   PleinSport Socks E-8824
  </name>
  <category>
   Socks
  </category>
  <size>
   XL
  </size>
  <color>
   Оранжевый
  </color>
  <material>
   Шелк
  </material>
  <price>
   194527
  </price>
  <rating>
   4.25
  </rating>
  <reviews>
   579038
  </reviews>
  <exclusive>
   no
  </exclusive>
 </clothing>
 <clothing>
  <id>
   643017188
  </id>
  <name>
   Brooks Dress N-5826
  </name>
  <category>
   Dress
  </category>
  <size>
   S
  </size>
  <color>
   Зеленый
  </color>
  <material>
   Шелк
  </material>
  <price>
   905253
  </price>
  <rating>
   4.39
  </rating>
  <reviews>
   877114
  </reviews>
  <new>
   +
  </new>
  <exclusive>
   no
  </exclusive>
  <sporty>
   no
  </sporty>
 </clothing>
 <clothing>
  <id>
   570429552
  </id>
  <name>
   Fila Blouse B-6499
  </name>
  <category>
   Blouse
  </category>
  <size>
   XXL
  </size>
  <color>
   Красный
  </color>
  <material>
   Шелк
  </material>
  <price>
   285293
  </price>
  <rating>
   2.76
  </rating>
  <reviews>
   77073
  </reviews>
  <exclusive>
   no
  </exclusive>
  <sporty>
   yes
  </sporty>
 </clothing>
 <clothing>
  <id>
   638687747
  </id>
  <name>
   Ellesse T-shirt Q-1845
  </name>
  <category>
   T-shirt
  </category>
  <size>
   XXL
  </size>
  <color>
   Оранжевый
  </color>
  <material>
   Хлопок
  </material>
  <price>
   639591
  </price>
  <rating>
   1.1
  </rating>
  <reviews>
   979770
  </reviews>
  <new>
   -
  </new>
  <exclusive>
   no
  </exclusive>
  <sporty>
   no
  </sporty>
 </clothing>
 <clothing>
  <id>
   109812717
  </id>
  <name>
   Vans Hat J-4098
  </name>
  <category>
   Hat
  </category>
  <size>
   L
  </size>
  <color>
   Красный
  </color>
  <material>
   Хлопок
  </material>
  <price>
   255628
  </price>
  <rating>
   2.05
  </rating>
  <reviews>
   37309
  </reviews>
  <sporty>
   no
  </sporty>
 </clothing>
 <clothing>
  <id>
   360819845
  </id>
  <name>
   Asics Jacket U-9711
  </name>
  <category>
   Jacket
  </category>
  <size>
   XXL
  </size>
  <color>
   Фиолетовый
  </color>
  <material>
   Шелк
  </material>
  <price>
   541845
  </price>
  <rating>
   3.72
  </rating>
  <reviews>
   233184
  </reviews>
  <sporty>
   no
  </sporty>
 </clothing>
 <clothing>
  <id>
   299877263
  </id>
  <name>
   DC Belts A-8939
  </name>
  <category>
   Belts
  </category>
  <size>
   M
  </size>
  <color>
   Синий
  </color>
  <material>
   Лен
  </material>
  <price>
   664524
  </price>
  <rating>
   3.34
  </rating>
  <reviews>
   365796
  </reviews>
  <exclusive>
   no
  </exclusive>
 </clothing>
 <clothing>
  <id>
   262991997
  </id>
  <name>
   Converse Belts X-1338
  </name>
  <category>
   Belts
  </category>
  <size>
   M
  </size>
  <color>
   Зеленый
  </color>
  <material>
   Вискоза
  </material>
  <price>
   934713
  </price>
  <rating>
   2.23
  </rating>
  <reviews>
   750893
  </reviews>
  <new>
   +
  </new>
 </clothing>
 <clothing>
  <id>
   377640875
  </id>
  <name>
   DC Socks X-3654
  </name>
  <category>
   Socks
  </category>
  <size>
   XL
  </size>
  <color>
   Фиолетовый
  </color>
  <material>
   Шелк
  </material>
  <price>
   334031
  </price>
  <rating>
   3.82
  </rating>
  <reviews>
   964687
  </reviews>
  <new>
   -
  </new>
  <sporty>
   yes
  </sporty>
 </clothing>
 <clothing>
  <id>
   614221928
  </id>
  <name>
   Addidas Pants G-8996
  </name>
  <category>
   Pants
  </category>
  <size>
   XL
  </size>
  <color>
   Оранжевый
  </color>
  <material>
   Хлопок
  </material>
  <price>
   396671
  </price>
  <rating>
   1.53
  </rating>
  <reviews>
   595684
  </reviews>
  <exclusive>
   no
  </exclusive>
  <sporty>
   no
  </sporty>
 </clothing>
 <clothing>
  <id>
   118022251
  </id>
  <name>
   Asics Umbrellas E-1429
  </name>
  <category>
   Umbrellas
  </category>
  <size>
   XL
  </size>
  <color>
   Оранжевый
  </color>
  <material>
   Хлопок
  </material>
  <price>
   570017
  </price>
  <rating>
   3.8
  </rating>
  <reviews>
   588370
  </reviews>
  <exclusive>
   no
  </exclusive>
  <sporty>
   yes
  </sporty>
 </clothing>
 <clothing>
  <id>
   950678893
  </id>
  <name>
   Nike Blouse U-8553
  </name>
  <category>
   Blouse
  </category>
  <size>
   L
  </size>
  <color>
   Синий
  </color>
  <material>
   Нейлон
  </material>
  <price>
   459135
  </price>
  <rating>
   4.3
  </rating>
  <reviews>
   726656
  </reviews>
  <new>
   -
  </new>
  <exclusive>
   yes
  </exclusive>
  <sporty>
   no
  </sporty>
 </clothing>
 <clothing>
  <id>
   475845987
  </id>
  <name>
   Converse Jeans Q-5607
  </name>
  <category>
   Jeans
  </category>
  <size>
   M
  </size>
  <color>
   Голубой
  </color>
  <material>
   Полиэстер
  </material>
  <price>
   821955
  </price>
  <rating>
   2.98
  </rating>
  <reviews>
   648725
  </reviews>
  <new>
   -
  </new>
  <exclusive>
   no
  </exclusive>
  <sporty>
   no
  </sporty>
 </clothing>
 <clothing>
  <id>
   311838273
  </id>
  <name>
   Nike Jeans R-5742
  </name>
  <category>
   Jeans
  </category>
  <size>
   S
  </size>
  <color>
   Зеленый
  </color>
  <material>
   Шерсть
  </material>
  <price>
   773992
  </price>
  <rating>
   4.05
  </rating>
  <reviews>
   536398
  </reviews>
  <exclusive>
   yes
  </exclusive>
  <sporty>
   yes
  </sporty>
 </clothing>
 <clothing>
  <id>
   534216025
  </id>
  <name>
   Vans Pants B-1383
  </name>
  <category>
   Pants
  </category>
  <size>
   S
  </size>
  <color>
   Оранжевый
  </color>
  <material>
   Вискоза
  </material>
  <price>
   864886
  </price>
  <rating>
   2.89
  </rating>
  <reviews>
   399992
  </reviews>
  <new>
   +
  </new>
  <exclusive>
   yes
  </exclusive>
 </clothing>
 <clothing>
  <id>
   620326836
  </id>
  <name>
   Lacoste Skirt I-3975
  </name>
  <category>
   Skirt
  </category>
  <size>
   XXL
  </size>
  <color>
   Оранжевый
  </color>
  <material>
   Лен
  </material>
  <price>
   901706
  </price>
  <rating>
   1.79
  </rating>
  <reviews>
   825659
  </reviews>
  <new>
   -
  </new>
 </clothing>
 <clothing>
  <id>
   332291954
  </id>
  <name>
   New Balance T-shirt P-5469
  </name>
  <category>
   T-shirt
  </category>
  <size>
   S
  </size>
  <color>
   Оранжевый
  </color>
  <material>
   Кожа
  </material>
  <price>
   708850
  </price>
  <rating>
   3.8
  </rating>
  <reviews>
   228671
  </reviews>
  <new>
   -
  </new>
 </clothing>
 <clothing>
  <id>
   930623023
  </id>
  <name>
   Adidas Dress O-4398
  </name>
  <category>
   Dress
  </category>
  <size>
   M
  </size>
  <color>
   Фиолетовый
  </color>
  <material>
   Шелк
  </material>
  <price>
   493965
  </price>
  <rating>
   4.62
  </rating>
  <reviews>
   821367
  </reviews>
  <new>
   +
  </new>
  <sporty>
   no
  </sporty>
 </clothing>
 <clothing>
  <id>
   356974605
  </id>
  <name>
   Nike Gloves I-4316
  </name>
  <category>
   Gloves
  </category>
  <size>
   XL
  </size>
  <color>
   Зеленый
  </color>
  <material>
   Шерсть
  </material>
  <price>
   419395
  </price>
  <rating>
   3.26
  </rating>
  <reviews>
   220661
  </reviews>
  <new>
   -
  </new>
  <exclusive>
   yes
  </exclusive>
 </clothing>
 <clothing>
  <id>
   790040192
  </id>
  <name>
   Fila Blouse Q-7018
  </name>
  <category>
   Blouse
  </category>
  <size>
   S
  </size>
  <color>
   Красный
  </color>
  <material>
   Кожа
  </material>
  <price>
   210663
  </price>
  <rating>
   2.21
  </rating>
  <reviews>
   386805
  </reviews>
  <new>
   +
  </new>
  <sporty>
   no
  </sporty>
 </clothing>
 <clothing>
  <id>
   145562420
  </id>
  <name>
   Lacoste Hat Y-1132
  </name>
  <category>
   Hat
  </category>
  <size>
   XL
  </size>
  <color>
   Синий
  </color>
  <material>
   Вискоза
  </material>
  <price>
   598699
  </price>
  <rating>
   2.88
  </rating>
  <reviews>
   300158
  </reviews>
  <new>
   -
  </new>
 </clothing>
 <clothing>
  <id>
   655555001
  </id>
  <name>
   Addidas Jacket Q-2757
  </name>
  <category>
   Jacket
  </category>
  <size>
   S
  </size>
  <color>
   Оранжевый
  </color>
  <material>
   Нейлон
  </material>
  <price>
   108971
  </price>
  <rating>
   2.78
  </rating>
  <reviews>
   884526
  </reviews>
  <new>
   +
  </new>
  <sporty>
   no
  </sporty>
 </clothing>
 <clothing>
  <id>
   351056588
  </id>
  <name>
   DC Hat L-1129
  </name>
  <category>
   Hat
  </category>
  <size>
   XL
  </size>
  <color>
   Красный
  </color>
  <material>
   Вискоза
  </material>
  <price>
   924658
  </price>
  <rating>
   4.57
  </rating>
  <reviews>
   919269
  </reviews>
  <new>
   +
  </new>
  <exclusive>
   yes
  </exclusive>
  <sporty>
   yes
  </sporty>
 </clothing>
 <clothing>
  <id>
   348374889
  </id>
  <name>
   Reebok Sweater O-9846
  </name>
  <category>
   Sweater
  </category>
  <size>
   M
  </size>
  <color>
   Оранжевый
  </color>
  <material>
   Нейлон
  </material>
  <price>
   499944
  </price>
  <rating>
   3.38
  </rating>
  <reviews>
   139652
  </reviews>
  <sporty>
   yes
  </sporty>
 </clothing>
 <clothing>
  <id>
   415080475
  </id>
  <name>
   Fila Umbrellas Z-8143
  </name>
  <category>
   Umbrellas
  </category>
  <size>
   XL
  </size>
  <color>
   Желтый
  </color>
  <material>
   Кожа
  </material>
  <price>
   659667
  </price>
  <rating>
   1.8
  </rating>
  <reviews>
   188356
  </reviews>
  <exclusive>
   yes
  </exclusive>
  <sporty>
   no
  </sporty>
 </clothing>
 <clothing>
  <id>
   508521906
  </id>
  <name>
   Lacoste Handbags E-3062
  </name>
  <category>
   Handbags
  </category>
  <size>
   XXL
  </size>
  <color>
   Синий
  </color>
  <material>
   Лен
  </material>
  <price>
   570071
  </price>
  <rating>
   4.09
  </rating>
  <reviews>
   591969
  </reviews>
  <exclusive>
   no
  </exclusive>
  <sporty>
   yes
  </sporty>
 </clothing>
</clothing-items>
