<?xml version="1.0" encoding="utf-8"?>
<clothing-items>
 <clothing>
  <id>
   935070110
  </id>
  <name>
   Addidas Skirt B-4586
  </name>
  <category>
   Skirt
  </category>
  <size>
   L
  </size>
  <color>
   Оранжевый
  </color>
  <material>
   Хлопок
  </material>
  <price>
   411636
  </price>
  <rating>
   1.82
  </rating>
  <reviews>
   321228
  </reviews>
  <new>
   -
  </new>
  <exclusive>
   yes
  </exclusive>
  <sporty>
   yes
  </sporty>
 </clothing>
 <clothing>
  <id>
   785476252
  </id>
  <name>
   PleinSport Shirt O-3857
  </name>
  <category>
   Shirt
  </category>
  <size>
   XXL
  </size>
  <color>
   Желтый
  </color>
  <material>
   Вискоза
  </material>
  <price>
   744116
  </price>
  <rating>
   2.13
  </rating>
  <reviews>
   299507
  </reviews>
  <exclusive>
   no
  </exclusive>
 </clothing>
 <clothing>
  <id>
   620543663
  </id>
  <name>
   PleinSport Gloves K-4402
  </name>
  <category>
   Gloves
  </category>
  <size>
   XL
  </size>
  <color>
   Зеленый
  </color>
  <material>
   Лен
  </material>
  <price>
   418794
  </price>
  <rating>
   1.16
  </rating>
  <reviews>
   488322
  </reviews>
  <new>
   -
  </new>
  <exclusive>
   yes
  </exclusive>
  <sporty>
   no
  </sporty>
 </clothing>
 <clothing>
  <id>
   681218967
  </id>
  <name>
   Ellesse Pants B-5896
  </name>
  <category>
   Pants
  </category>
  <size>
   XL
  </size>
  <color>
   Фиолетовый
  </color>
  <material>
   Полиэстер
  </material>
  <price>
   993144
  </price>
  <rating>
   3.06
  </rating>
  <reviews>
   677558
  </reviews>
  <new>
   -
  </new>
  <exclusive>
   yes
  </exclusive>
  <sporty>
   no
  </sporty>
 </clothing>
 <clothing>
  <id>
   118649342
  </id>
  <name>
   Puma Hat D-3679
  </name>
  <category>
   Hat
  </category>
  <size>
   S
  </size>
  <color>
   Синий
  </color>
  <material>
   Кожа
  </material>
  <price>
   981441
  </price>
  <rating>
   1.55
  </rating>
  <reviews>
   479403
  </reviews>
  <sporty>
   yes
  </sporty>
 </clothing>
 <clothing>
  <id>
   780895021
  </id>
  <name>
   Ellesse Socks X-4830
  </name>
  <category>
   Socks
  </category>
  <size>
   XXL
  </size>
  <color>
   Желтый
  </color>
  <material>
   Нейлон
  </material>
  <price>
   631460
  </price>
  <rating>
   3.39
  </rating>
  <reviews>
   249364
  </reviews>
  <new>
   -
  </new>
  <exclusive>
   yes
  </exclusive>
  <sporty>
   yes
  </sporty>
 </clothing>
 <clothing>
  <id>
   903061434
  </id>
  <name>
   DC Pants U-2974
  </name>
  <category>
   Pants
  </category>
  <size>
   XXL
  </size>
  <color>
   Красный
  </color>
  <material>
   Хлопок
  </material>
  <price>
   175232
  </price>
  <rating>
   4.42
  </rating>
  <reviews>
   678665
  </reviews>
  <new>
   -
  </new>
  <exclusive>
   yes
  </exclusive>
  <sporty>
   no
  </sporty>
 </clothing>
 <clothing>
  <id>
   133077183
  </id>
  <name>
   Asics Socks M-5229
  </name>
  <category>
   Socks
  </category>
  <size>
   XL
  </size>
  <color>
   Желтый
  </color>
  <material>
   Кожа
  </material>
  <price>
   271681
  </price>
  <rating>
   1.13
  </rating>
  <reviews>
   87148
  </reviews>
 </clothing>
 <clothing>
  <id>
   510531582
  </id>
  <name>
   Brooks Shoes E-2424
  </name>
  <category>
   Shoes
  </category>
  <size>
   L
  </size>
  <color>
   Желтый
  </color>
  <material>
   Кожа
  </material>
  <price>
   903378
  </price>
  <rating>
   1.85
  </rating>
  <reviews>
   516461
  </reviews>
  <new>
   -
  </new>
  <exclusive>
   no
  </exclusive>
 </clothing>
 <clothing>
  <id>
   542372744
  </id>
  <name>
   New Balance Jacket K-9109
  </name>
  <category>
   Jacket
  </category>
  <size>
   M
  </size>
  <color>
   Голубой
  </color>
  <material>
   Хлопок
  </material>
  <price>
   948956
  </price>
  <rating>
   4.19
  </rating>
  <reviews>
   622142
  </reviews>
  <new>
   -
  </new>
 </clothing>
 <clothing>
  <id>
   681294518
  </id>
  <name>
   Asics Jeans Q-9451
  </name>
  <category>
   Jeans
  </category>
  <size>
   L
  </size>
  <color>
   Зеленый
  </color>
  <material>
   Нейлон
  </material>
  <price>
   483131
  </price>
  <rating>
   2.86
  </rating>
  <reviews>
   361696
  </reviews>
  <exclusive>
   no
  </exclusive>
  <sporty>
   no
  </sporty>
 </clothing>
 <clothing>
  <id>
   653725590
  </id>
  <name>
   Brooks Hat B-7102
  </name>
  <category>
   Hat
  </category>
  <size>
   S
  </size>
  <color>
   Оранжевый
  </color>
  <material>
   Вискоза
  </material>
  <price>
   778308
  </price>
  <rating>
   2.37
  </rating>
  <reviews>
   261552
  </reviews>
  <new>
   -
  </new>
 </clothing>
 <clothing>
  <id>
   179831080
  </id>
  <name>
   DC Gloves J-3862
  </name>
  <category>
   Gloves
  </category>
  <size>
   L
  </size>
  <color>
   Зеленый
  </color>
  <material>
   Хлопок
  </material>
  <price>
   227468
  </price>
  <rating>
   1.74
  </rating>
  <reviews>
   972883
  </reviews>
  <exclusive>
   no
  </exclusive>
 </clothing>
 <clothing>
  <id>
   854521792
  </id>
  <name>
   Addidas Hat F-4493
  </name>
  <category>
   Hat
  </category>
  <size>
   M
  </size>
  <color>
   Фиолетовый
  </color>
  <material>
   Нейлон
  </material>
  <price>
   429176
  </price>
  <rating>
   4.69
  </rating>
  <reviews>
   369062
  </reviews>
  <new>
   +
  </new>
  <sporty>
   no
  </sporty>
 </clothing>
 <clothing>
  <id>
   972852633
  </id>
  <name>
   Converse Skirt T-2804
  </name>
  <category>
   Skirt
  </category>
  <size>
   M
  </size>
  <color>
   Голубой
  </color>
  <material>
   Кожа
  </material>
  <price>
   116891
  </price>
  <rating>
   4.26
  </rating>
  <reviews>
   928949
  </reviews>
  <new>
   -
  </new>
  <sporty>
   yes
  </sporty>
 </clothing>
 <clothing>
  <id>
   413695102
  </id>
  <name>
   Nike Belts X-2623
  </name>
  <category>
   Belts
  </category>
  <size>
   L
  </size>
  <color>
   Фиолетовый
  </color>
  <material>
   Вискоза
  </material>
  <price>
   436526
  </price>
  <rating>
   4.99
  </rating>
  <reviews>
   451955
  </reviews>
  <sporty>
   no
  </sporty>
 </clothing>
 <clothing>
  <id>
   397284730
  </id>
  <name>
   PleinSport Skirt L-4205
  </name>
  <category>
   Skirt
  </category>
  <size>
   M
  </size>
  <color>
   Фиолетовый
  </color>
  <material>
   Нейлон
  </material>
  <price>
   814056
  </price>
  <rating>
   3.95
  </rating>
  <reviews>
   807425
  </reviews>
  <new>
   -
  </new>
  <exclusive>
   no
  </exclusive>
  <sporty>
   yes
  </sporty>
 </clothing>
 <clothing>
  <id>
   224706992
  </id>
  <name>
   Lacoste Shoes T-5511
  </name>
  <category>
   Shoes
  </category>
  <size>
   XL
  </size>
  <color>
   Фиолетовый
  </color>
  <material>
   Вискоза
  </material>
  <price>
   306261
  </price>
  <rating>
   2.21
  </rating>
  <reviews>
   188798
  </reviews>
  <new>
   +
  </new>
  <sporty>
   yes
  </sporty>
 </clothing>
 <clothing>
  <id>
   965632828
  </id>
  <name>
   PleinSport Dress A-2600
  </name>
  <category>
   Dress
  </category>
  <size>
   XXL
  </size>
  <color>
   Желтый
  </color>
  <material>
   Шерсть
  </material>
  <price>
   501725
  </price>
  <rating>
   3.17
  </rating>
  <reviews>
   9554
  </reviews>
  <new>
   +
  </new>
  <exclusive>
   no
  </exclusive>
 </clothing>
 <clothing>
  <id>
   856309898
  </id>
  <name>
   Adidas Jacket K-7310
  </name>
  <category>
   Jacket
  </category>
  <size>
   XL
  </size>
  <color>
   Зеленый
  </color>
  <material>
   Шерсть
  </material>
  <price>
   213925
  </price>
  <rating>
   4.84
  </rating>
  <reviews>
   935496
  </reviews>
  <exclusive>
   yes
  </exclusive>
 </clothing>
 <clothing>
  <id>
   751136625
  </id>
  <name>
   Adidas Skirt X-6975
  </name>
  <category>
   Skirt
  </category>
  <size>
   S
  </size>
  <color>
   Оранжевый
  </color>
  <material>
   Шерсть
  </material>
  <price>
   854538
  </price>
  <rating>
   4.27
  </rating>
  <reviews>
   558855
  </reviews>
  <new>
   -
  </new>
  <exclusive>
   no
  </exclusive>
 </clothing>
 <clothing>
  <id>
   421927226
  </id>
  <name>
   New Balance Hat F-6984
  </name>
  <category>
   Hat
  </category>
  <size>
   L
  </size>
  <color>
   Оранжевый
  </color>
  <material>
   Вискоза
  </material>
  <price>
   890472
  </price>
  <rating>
   3.09
  </rating>
  <reviews>
   702096
  </reviews>
  <new>
   -
  </new>
  <exclusive>
   no
  </exclusive>
  <sporty>
   no
  </sporty>
 </clothing>
 <clothing>
  <id>
   188638716
  </id>
  <name>
   DC Shoes N-3781
  </name>
  <category>
   Shoes
  </category>
  <size>
   XXL
  </size>
  <color>
   Оранжевый
  </color>
  <material>
   Вискоза
  </material>
  <price>
   370416
  </price>
  <rating>
   4.08
  </rating>
  <reviews>
   394631
  </reviews>
 </clothing>
 <clothing>
  <id>
   521105019
  </id>
  <name>
   DC Jacket M-6590
  </name>
  <category>
   Jacket
  </category>
  <size>
   S
  </size>
  <color>
   Голубой
  </color>
  <material>
   Полиэстер
  </material>
  <price>
   971429
  </price>
  <rating>
   2.64
  </rating>
  <reviews>
   472507
  </reviews>
  <new>
   +
  </new>
  <exclusive>
   no
  </exclusive>
  <sporty>
   no
  </sporty>
 </clothing>
 <clothing>
  <id>
   801345092
  </id>
  <name>
   Vans Socks V-4699
  </name>
  <category>
   Socks
  </category>
  <size>
   L
  </size>
  <color>
   Голубой
  </color>
  <material>
   Нейлон
  </material>
  <price>
   678630
  </price>
  <rating>
   3.43
  </rating>
  <reviews>
   777688
  </reviews>
  <exclusive>
   no
  </exclusive>
  <sporty>
   no
  </sporty>
 </clothing>
 <clothing>
  <id>
   932585803
  </id>
  <name>
   Under Armour Handbags H-6748
  </name>
  <category>
   Handbags
  </category>
  <size>
   L
  </size>
  <color>
   Оранжевый
  </color>
  <material>
   Полиэстер
  </material>
  <price>
   777601
  </price>
  <rating>
   2.72
  </rating>
  <reviews>
   936991
  </reviews>
  <new>
   +
  </new>
 </clothing>
 <clothing>
  <id>
   512343942
  </id>
  <name>
   Reebok Jeans A-5336
  </name>
  <category>
   Jeans
  </category>
  <size>
   XXL
  </size>
  <color>
   Голубой
  </color>
  <material>
   Хлопок
  </material>
  <price>
   355622
  </price>
  <rating>
   3.65
  </rating>
  <reviews>
   805464
  </reviews>
 </clothing>
 <clothing>
  <id>
   777848483
  </id>
  <name>
   DC Belts G-1145
  </name>
  <category>
   Belts
  </category>
  <size>
   XXL
  </size>
  <color>
   Фиолетовый
  </color>
  <material>
   Хлопок
  </material>
  <price>
   358463
  </price>
  <rating>
   3.56
  </rating>
  <reviews>
   416446
  </reviews>
  <new>
   -
  </new>
  <exclusive>
   yes
  </exclusive>
  <sporty>
   no
  </sporty>
 </clothing>
 <clothing>
  <id>
   509548430
  </id>
  <name>
   Addidas Skirt S-8586
  </name>
  <category>
   Skirt
  </category>
  <size>
   XL
  </size>
  <color>
   Фиолетовый
  </color>
  <material>
   Шерсть
  </material>
  <price>
   249490
  </price>
  <rating>
   2.78
  </rating>
  <reviews>
   177832
  </reviews>
 </clothing>
 <clothing>
  <id>
   724126706
  </id>
  <name>
   Addidas Sweater G-5933
  </name>
  <category>
   Sweater
  </category>
  <size>
   M
  </size>
  <color>
   Зеленый
  </color>
  <material>
   Шелк
  </material>
  <price>
   419443
  </price>
  <rating>
   4.74
  </rating>
  <reviews>
   965183
  </reviews>
  <new>
   +
  </new>
  <exclusive>
   no
  </exclusive>
  <sporty>
   no
  </sporty>
 </clothing>
 <clothing>
  <id>
   592117193
  </id>
  <name>
   Converse Handbags R-8083
  </name>
  <category>
   Handbags
  </category>
  <size>
   L
  </size>
  <color>
   Желтый
  </color>
  <material>
   Кожа
  </material>
  <price>
   125579
  </price>
  <rating>
   4.38
  </rating>
  <reviews>
   534510
  </reviews>
  <new>
   -
  </new>
  <exclusive>
   yes
  </exclusive>
 </clothing>
 <clothing>
  <id>
   787894275
  </id>
  <name>
   Reebok Belts S-9418
  </name>
  <category>
   Belts
  </category>
  <size>
   XL
  </size>
  <color>
   Фиолетовый
  </color>
  <material>
   Шерсть
  </material>
  <price>
   460611
  </price>
  <rating>
   3.06
  </rating>
  <reviews>
   731425
  </reviews>
  <exclusive>
   no
  </exclusive>
  <sporty>
   yes
  </sporty>
 </clothing>
 <clothing>
  <id>
   289020210
  </id>
  <name>
   DC Umbrellas Y-4761
  </name>
  <category>
   Umbrellas
  </category>
  <size>
   S
  </size>
  <color>
   Желтый
  </color>
  <material>
   Кожа
  </material>
  <price>
   388545
  </price>
  <rating>
   1.86
  </rating>
  <reviews>
   292868
  </reviews>
  <exclusive>
   no
  </exclusive>
 </clothing>
 <clothing>
  <id>
   833996548
  </id>
  <name>
   Converse Gloves H-6605
  </name>
  <category>
   Gloves
  </category>
  <size>
   XL
  </size>
  <color>
   Оранжевый
  </color>
  <material>
   Шелк
  </material>
  <price>
   289212
  </price>
  <rating>
   4.22
  </rating>
  <reviews>
   622915
  </reviews>
  <new>
   +
  </new>
  <exclusive>
   no
  </exclusive>
 </clothing>
 <clothing>
  <id>
   694156411
  </id>
  <name>
   New Balance Skirt X-9126
  </name>
  <category>
   Skirt
  </category>
  <size>
   S
  </size>
  <color>
   Фиолетовый
  </color>
  <material>
   Вискоза
  </material>
  <price>
   634326
  </price>
  <rating>
   4.31
  </rating>
  <reviews>
   321916
  </reviews>
  <new>
   -
  </new>
 </clothing>
 <clothing>
  <id>
   490137492
  </id>
  <name>
   Reebok Socks N-6748
  </name>
  <category>
   Socks
  </category>
  <size>
   XXL
  </size>
  <color>
   Зеленый
  </color>
  <material>
   Полиэстер
  </material>
  <price>
   387518
  </price>
  <rating>
   1.4
  </rating>
  <reviews>
   927209
  </reviews>
  <new>
   -
  </new>
  <exclusive>
   no
  </exclusive>
  <sporty>
   no
  </sporty>
 </clothing>
 <clothing>
  <id>
   479476597
  </id>
  <name>
   DC Dress P-7403
  </name>
  <category>
   Dress
  </category>
  <size>
   XXL
  </size>
  <color>
   Фиолетовый
  </color>
  <material>
   Хлопок
  </material>
  <price>
   554530
  </price>
  <rating>
   4.28
  </rating>
  <reviews>
   903680
  </reviews>
  <exclusive>
   yes
  </exclusive>
 </clothing>
 <clothing>
  <id>
   699496286
  </id>
  <name>
   Reebok Jacket U-4094
  </name>
  <category>
   Jacket
  </category>
  <size>
   S
  </size>
  <color>
   Голубой
  </color>
  <material>
   Шерсть
  </material>
  <price>
   384139
  </price>
  <rating>
   2.54
  </rating>
  <reviews>
   896952
  </reviews>
  <new>
   +
  </new>
  <exclusive>
   yes
  </exclusive>
  <sporty>
   yes
  </sporty>
 </clothing>
 <clothing>
  <id>
   521854644
  </id>
  <name>
   DC Belts Y-2477
  </name>
  <category>
   Belts
  </category>
  <size>
   XL
  </size>
  <color>
   Оранжевый
  </color>
  <material>
   Кожа
  </material>
  <price>
   607225
  </price>
  <rating>
   4.93
  </rating>
  <reviews>
   503391
  </reviews>
  <new>
   -
  </new>
  <exclusive>
   no
  </exclusive>
  <sporty>
   no
  </sporty>
 </clothing>
 <clothing>
  <id>
   760590733
  </id>
  <name>
   Under Armour Blouse R-9365
  </name>
  <category>
   Blouse
  </category>
  <size>
   XL
  </size>
  <color>
   Синий
  </color>
  <material>
   Нейлон
  </material>
  <price>
   826587
  </price>
  <rating>
   3.22
  </rating>
  <reviews>
   44578
  </reviews>
  <exclusive>
   yes
  </exclusive>
  <sporty>
   no
  </sporty>
 </clothing>
 <clothing>
  <id>
   248909397
  </id>
  <name>
   Reebok Hat N-8077
  </name>
  <category>
   Hat
  </category>
  <size>
   S
  </size>
  <color>
   Зеленый
  </color>
  <material>
   Хлопок
  </material>
  <price>
   491406
  </price>
  <rating>
   1.8
  </rating>
  <reviews>
   767449
  </reviews>
  <new>
   +
  </new>
  <exclusive>
   no
  </exclusive>
  <sporty>
   yes
  </sporty>
 </clothing>
 <clothing>
  <id>
   823984651
  </id>
  <name>
   Vans Sweater M-9587
  </name>
  <category>
   Sweater
  </category>
  <size>
   XL
  </size>
  <color>
   Зеленый
  </color>
  <material>
   Лен
  </material>
  <price>
   330975
  </price>
  <rating>
   4.23
  </rating>
  <reviews>
   411348
  </reviews>
  <exclusive>
   yes
  </exclusive>
 </clothing>
 <clothing>
  <id>
   959699431
  </id>
  <name>
   Adidas Hat R-5205
  </name>
  <category>
   Hat
  </category>
  <size>
   XL
  </size>
  <color>
   Фиолетовый
  </color>
  <material>
   Хлопок
  </material>
  <price>
   236523
  </price>
  <rating>
   2.17
  </rating>
  <reviews>
   388120
  </reviews>
  <exclusive>
   yes
  </exclusive>
  <sporty>
   yes
  </sporty>
 </clothing>
 <clothing>
  <id>
   368449528
  </id>
  <name>
   Fila Socks Z-3369
  </name>
  <category>
   Socks
  </category>
  <size>
   M
  </size>
  <color>
   Желтый
  </color>
  <material>
   Лен
  </material>
  <price>
   640471
  </price>
  <rating>
   1.09
  </rating>
  <reviews>
   266749
  </reviews>
  <sporty>
   no
  </sporty>
 </clothing>
</clothing-items>
