<?xml version="1.0" encoding="utf-8"?>
<clothing-items>
 <clothing>
  <id>
   310239497
  </id>
  <name>
   Vans Jeans P-9712
  </name>
  <category>
   Jeans
  </category>
  <size>
   XL
  </size>
  <color>
   Красный
  </color>
  <material>
   Лен
  </material>
  <price>
   756666
  </price>
  <rating>
   2.6
  </rating>
  <reviews>
   583136
  </reviews>
  <new>
   -
  </new>
  <exclusive>
   no
  </exclusive>
 </clothing>
 <clothing>
  <id>
   319837674
  </id>
  <name>
   Asics Handbags I-1277
  </name>
  <category>
   Handbags
  </category>
  <size>
   XXL
  </size>
  <color>
   Зеленый
  </color>
  <material>
   Шелк
  </material>
  <price>
   475632
  </price>
  <rating>
   3.06
  </rating>
  <reviews>
   61138
  </reviews>
  <sporty>
   no
  </sporty>
 </clothing>
 <clothing>
  <id>
   263333425
  </id>
  <name>
   Ellesse Dress Y-4780
  </name>
  <category>
   Dress
  </category>
  <size>
   XXL
  </size>
  <color>
   Красный
  </color>
  <material>
   Шелк
  </material>
  <price>
   962239
  </price>
  <rating>
   1.73
  </rating>
  <reviews>
   374622
  </reviews>
  <new>
   -
  </new>
 </clothing>
 <clothing>
  <id>
   241827512
  </id>
  <name>
   Ellesse Jacket Q-7971
  </name>
  <category>
   Jacket
  </category>
  <size>
   XL
  </size>
  <color>
   Зеленый
  </color>
  <material>
   Хлопок
  </material>
  <price>
   735077
  </price>
  <rating>
   2.03
  </rating>
  <reviews>
   817726
  </reviews>
  <new>
   +
  </new>
  <sporty>
   yes
  </sporty>
 </clothing>
 <clothing>
  <id>
   929633882
  </id>
  <name>
   Reebok Dress X-3192
  </name>
  <category>
   Dress
  </category>
  <size>
   M
  </size>
  <color>
   Фиолетовый
  </color>
  <material>
   Шелк
  </material>
  <price>
   497318
  </price>
  <rating>
   4.04
  </rating>
  <reviews>
   994424
  </reviews>
  <new>
   +
  </new>
  <exclusive>
   no
  </exclusive>
 </clothing>
 <clothing>
  <id>
   706408456
  </id>
  <name>
   DC Shoes P-9805
  </name>
  <category>
   Shoes
  </category>
  <size>
   S
  </size>
  <color>
   Голубой
  </color>
  <material>
   Шелк
  </material>
  <price>
   919906
  </price>
  <rating>
   1.93
  </rating>
  <reviews>
   898125
  </reviews>
  <new>
   -
  </new>
  <exclusive>
   yes
  </exclusive>
  <sporty>
   yes
  </sporty>
 </clothing>
 <clothing>
  <id>
   837193686
  </id>
  <name>
   Ellesse Shirt W-5935
  </name>
  <category>
   Shirt
  </category>
  <size>
   S
  </size>
  <color>
   Синий
  </color>
  <material>
   Хлопок
  </material>
  <price>
   645936
  </price>
  <rating>
   2.23
  </rating>
  <reviews>
   10750
  </reviews>
  <new>
   +
  </new>
  <sporty>
   yes
  </sporty>
 </clothing>
 <clothing>
  <id>
   180816967
  </id>
  <name>
   Nike Jeans H-2325
  </name>
  <category>
   Jeans
  </category>
  <size>
   XL
  </size>
  <color>
   Синий
  </color>
  <material>
   Шерсть
  </material>
  <price>
   307888
  </price>
  <rating>
   1.11
  </rating>
  <reviews>
   70896
  </reviews>
  <sporty>
   no
  </sporty>
 </clothing>
 <clothing>
  <id>
   400066106
  </id>
  <name>
   New Balance Umbrellas S-9568
  </name>
  <category>
   Umbrellas
  </category>
  <size>
   S
  </size>
  <color>
   Фиолетовый
  </color>
  <material>
   Лен
  </material>
  <price>
   740346
  </price>
  <rating>
   4.97
  </rating>
  <reviews>
   351278
  </reviews>
  <new>
   -
  </new>
  <exclusive>
   yes
  </exclusive>
  <sporty>
   no
  </sporty>
 </clothing>
 <clothing>
  <id>
   128297255
  </id>
  <name>
   Nike Umbrellas H-2598
  </name>
  <category>
   Umbrellas
  </category>
  <size>
   S
  </size>
  <color>
   Желтый
  </color>
  <material>
   Хлопок
  </material>
  <price>
   836037
  </price>
  <rating>
   2.73
  </rating>
  <reviews>
   382919
  </reviews>
  <new>
   +
  </new>
  <sporty>
   yes
  </sporty>
 </clothing>
 <clothing>
  <id>
   617626639
  </id>
  <name>
   Puma Hat E-1594
  </name>
  <category>
   Hat
  </category>
  <size>
   M
  </size>
  <color>
   Синий
  </color>
  <material>
   Вискоза
  </material>
  <price>
   269773
  </price>
  <rating>
   4.36
  </rating>
  <reviews>
   662684
  </reviews>
  <new>
   -
  </new>
  <sporty>
   yes
  </sporty>
 </clothing>
 <clothing>
  <id>
   701591808
  </id>
  <name>
   DC Shirt Q-6625
  </name>
  <category>
   Shirt
  </category>
  <size>
   L
  </size>
  <color>
   Красный
  </color>
  <material>
   Полиэстер
  </material>
  <price>
   857476
  </price>
  <rating>
   1.1
  </rating>
  <reviews>
   614494
  </reviews>
  <new>
   +
  </new>
  <sporty>
   yes
  </sporty>
 </clothing>
 <clothing>
  <id>
   602760173
  </id>
  <name>
   Brooks Skirt J-6906
  </name>
  <category>
   Skirt
  </category>
  <size>
   M
  </size>
  <color>
   Красный
  </color>
  <material>
   Шерсть
  </material>
  <price>
   949953
  </price>
  <rating>
   4.5
  </rating>
  <reviews>
   414033
  </reviews>
  <new>
   +
  </new>
  <sporty>
   yes
  </sporty>
 </clothing>
 <clothing>
  <id>
   674391393
  </id>
  <name>
   Vans Pants F-1510
  </name>
  <category>
   Pants
  </category>
  <size>
   XXL
  </size>
  <color>
   Зеленый
  </color>
  <material>
   Нейлон
  </material>
  <price>
   262474
  </price>
  <rating>
   3.71
  </rating>
  <reviews>
   235615
  </reviews>
  <new>
   -
  </new>
  <sporty>
   no
  </sporty>
 </clothing>
 <clothing>
  <id>
   940260047
  </id>
  <name>
   Puma Shoes H-1565
  </name>
  <category>
   Shoes
  </category>
  <size>
   XL
  </size>
  <color>
   Синий
  </color>
  <material>
   Шелк
  </material>
  <price>
   427108
  </price>
  <rating>
   4.59
  </rating>
  <reviews>
   576402
  </reviews>
  <exclusive>
   yes
  </exclusive>
 </clothing>
 <clothing>
  <id>
   425033477
  </id>
  <name>
   Converse Belts Z-4839
  </name>
  <category>
   Belts
  </category>
  <size>
   M
  </size>
  <color>
   Красный
  </color>
  <material>
   Вискоза
  </material>
  <price>
   652120
  </price>
  <rating>
   3.45
  </rating>
  <reviews>
   309642
  </reviews>
  <new>
   -
  </new>
  <sporty>
   no
  </sporty>
 </clothing>
 <clothing>
  <id>
   111014227
  </id>
  <name>
   Adidas Jeans V-5503
  </name>
  <category>
   Jeans
  </category>
  <size>
   L
  </size>
  <color>
   Голубой
  </color>
  <material>
   Вискоза
  </material>
  <price>
   556949
  </price>
  <rating>
   2.34
  </rating>
  <reviews>
   838384
  </reviews>
  <exclusive>
   no
  </exclusive>
  <sporty>
   no
  </sporty>
 </clothing>
 <clothing>
  <id>
   139178191
  </id>
  <name>
   Puma Jacket D-5331
  </name>
  <category>
   Jacket
  </category>
  <size>
   XXL
  </size>
  <color>
   Оранжевый
  </color>
  <material>
   Шелк
  </material>
  <price>
   766555
  </price>
  <rating>
   4.09
  </rating>
  <reviews>
   498897
  </reviews>
  <exclusive>
   no
  </exclusive>
  <sporty>
   no
  </sporty>
 </clothing>
 <clothing>
  <id>
   637659783
  </id>
  <name>
   Ellesse Skirt K-1304
  </name>
  <category>
   Skirt
  </category>
  <size>
   XXL
  </size>
  <color>
   Красный
  </color>
  <material>
   Хлопок
  </material>
  <price>
   815549
  </price>
  <rating>
   3.73
  </rating>
  <reviews>
   737555
  </reviews>
  <new>
   -
  </new>
  <sporty>
   yes
  </sporty>
 </clothing>
 <clothing>
  <id>
   687061171
  </id>
  <name>
   Vans Shoes Z-9077
  </name>
  <category>
   Shoes
  </category>
  <size>
   S
  </size>
  <color>
   Голубой
  </color>
  <material>
   Шерсть
  </material>
  <price>
   505245
  </price>
  <rating>
   3.19
  </rating>
  <reviews>
   206966
  </reviews>
  <exclusive>
   yes
  </exclusive>
 </clothing>
 <clothing>
  <id>
   854055039
  </id>
  <name>
   Brooks Handbags L-2343
  </name>
  <category>
   Handbags
  </category>
  <size>
   XXL
  </size>
  <color>
   Синий
  </color>
  <material>
   Шерсть
  </material>
  <price>
   137610
  </price>
  <rating>
   1.83
  </rating>
  <reviews>
   662023
  </reviews>
  <exclusive>
   no
  </exclusive>
  <sporty>
   yes
  </sporty>
 </clothing>
 <clothing>
  <id>
   882350416
  </id>
  <name>
   Nike Belts H-6408
  </name>
  <category>
   Belts
  </category>
  <size>
   L
  </size>
  <color>
   Красный
  </color>
  <material>
   Лен
  </material>
  <price>
   558592
  </price>
  <rating>
   2.76
  </rating>
  <reviews>
   904381
  </reviews>
 </clothing>
 <clothing>
  <id>
   337494458
  </id>
  <name>
   New Balance Hat A-5784
  </name>
  <category>
   Hat
  </category>
  <size>
   L
  </size>
  <color>
   Голубой
  </color>
  <material>
   Лен
  </material>
  <price>
   689658
  </price>
  <rating>
   1.52
  </rating>
  <reviews>
   312852
  </reviews>
  <new>
   -
  </new>
  <exclusive>
   yes
  </exclusive>
  <sporty>
   no
  </sporty>
 </clothing>
 <clothing>
  <id>
   871589841
  </id>
  <name>
   Adidas Shoes M-9273
  </name>
  <category>
   Shoes
  </category>
  <size>
   XXL
  </size>
  <color>
   Фиолетовый
  </color>
  <material>
   Шерсть
  </material>
  <price>
   250921
  </price>
  <rating>
   3.16
  </rating>
  <reviews>
   929772
  </reviews>
 </clothing>
 <clothing>
  <id>
   248274791
  </id>
  <name>
   Brooks Pants L-7367
  </name>
  <category>
   Pants
  </category>
  <size>
   XL
  </size>
  <color>
   Голубой
  </color>
  <material>
   Хлопок
  </material>
  <price>
   870537
  </price>
  <rating>
   2.17
  </rating>
  <reviews>
   104386
  </reviews>
  <sporty>
   yes
  </sporty>
 </clothing>
 <clothing>
  <id>
   399944964
  </id>
  <name>
   Asics Blouse Z-1463
  </name>
  <category>
   Blouse
  </category>
  <size>
   XL
  </size>
  <color>
   Желтый
  </color>
  <material>
   Вискоза
  </material>
  <price>
   689912
  </price>
  <rating>
   1.05
  </rating>
  <reviews>
   840368
  </reviews>
  <new>
   +
  </new>
  <exclusive>
   no
  </exclusive>
  <sporty>
   yes
  </sporty>
 </clothing>
 <clothing>
  <id>
   887897559
  </id>
  <name>
   Addidas Hat E-3286
  </name>
  <category>
   Hat
  </category>
  <size>
   XL
  </size>
  <color>
   Желтый
  </color>
  <material>
   Вискоза
  </material>
  <price>
   443890
  </price>
  <rating>
   2.19
  </rating>
  <reviews>
   637115
  </reviews>
  <new>
   -
  </new>
  <exclusive>
   no
  </exclusive>
 </clothing>
 <clothing>
  <id>
   975898733
  </id>
  <name>
   Ellesse Handbags Q-3676
  </name>
  <category>
   Handbags
  </category>
  <size>
   XXL
  </size>
  <color>
   Зеленый
  </color>
  <material>
   Хлопок
  </material>
  <price>
   293133
  </price>
  <rating>
   4.72
  </rating>
  <reviews>
   972757
  </reviews>
  <exclusive>
   yes
  </exclusive>
 </clothing>
 <clothing>
  <id>
   530070432
  </id>
  <name>
   PleinSport Umbrellas F-2342
  </name>
  <category>
   Umbrellas
  </category>
  <size>
   XXL
  </size>
  <color>
   Оранжевый
  </color>
  <material>
   Лен
  </material>
  <price>
   807173
  </price>
  <rating>
   1.35
  </rating>
  <reviews>
   501144
  </reviews>
  <new>
   +
  </new>
 </clothing>
 <clothing>
  <id>
   874626581
  </id>
  <name>
   Under Armour Dress I-5571
  </name>
  <category>
   Dress
  </category>
  <size>
   XXL
  </size>
  <color>
   Оранжевый
  </color>
  <material>
   Кожа
  </material>
  <price>
   506694
  </price>
  <rating>
   3.5
  </rating>
  <reviews>
   197423
  </reviews>
  <sporty>
   no
  </sporty>
 </clothing>
 <clothing>
  <id>
   628995987
  </id>
  <name>
   New Balance Jeans K-5248
  </name>
  <category>
   Jeans
  </category>
  <size>
   L
  </size>
  <color>
   Зеленый
  </color>
  <material>
   Лен
  </material>
  <price>
   622396
  </price>
  <rating>
   2.82
  </rating>
  <reviews>
   764701
  </reviews>
  <new>
   -
  </new>
  <sporty>
   yes
  </sporty>
 </clothing>
 <clothing>
  <id>
   820381525
  </id>
  <name>
   Vans Jacket C-9209
  </name>
  <category>
   Jacket
  </category>
  <size>
   M
  </size>
  <color>
   Оранжевый
  </color>
  <material>
   Шерсть
  </material>
  <price>
   434856
  </price>
  <rating>
   2.71
  </rating>
  <reviews>
   741840
  </reviews>
  <new>
   +
  </new>
  <exclusive>
   no
  </exclusive>
 </clothing>
</clothing-items>
