<?xml version="1.0" encoding="utf-8"?>
<clothing-items>
 <clothing>
  <id>
   368866112
  </id>
  <name>
   New Balance Socks W-8995
  </name>
  <category>
   Socks
  </category>
  <size>
   L
  </size>
  <color>
   Оранжевый
  </color>
  <material>
   Кожа
  </material>
  <price>
   785545
  </price>
  <rating>
   1.72
  </rating>
  <reviews>
   680240
  </reviews>
  <new>
   -
  </new>
 </clothing>
 <clothing>
  <id>
   946170135
  </id>
  <name>
   Converse Hat K-2987
  </name>
  <category>
   Hat
  </category>
  <size>
   XXL
  </size>
  <color>
   Голубой
  </color>
  <material>
   Полиэстер
  </material>
  <price>
   362412
  </price>
  <rating>
   4.5
  </rating>
  <reviews>
   530388
  </reviews>
  <new>
   -
  </new>
  <sporty>
   no
  </sporty>
 </clothing>
 <clothing>
  <id>
   313575096
  </id>
  <name>
   Nike Jacket K-2404
  </name>
  <category>
   Jacket
  </category>
  <size>
   XXL
  </size>
  <color>
   Зеленый
  </color>
  <material>
   Полиэстер
  </material>
  <price>
   756182
  </price>
  <rating>
   2.8
  </rating>
  <reviews>
   174145
  </reviews>
  <new>
   +
  </new>
  <sporty>
   no
  </sporty>
 </clothing>
 <clothing>
  <id>
   572754210
  </id>
  <name>
   Nike Belts L-7905
  </name>
  <category>
   Belts
  </category>
  <size>
   XXL
  </size>
  <color>
   Желтый
  </color>
  <material>
   Полиэстер
  </material>
  <price>
   841376
  </price>
  <rating>
   5.0
  </rating>
  <reviews>
   208678
  </reviews>
  <exclusive>
   no
  </exclusive>
  <sporty>
   no
  </sporty>
 </clothing>
 <clothing>
  <id>
   788869101
  </id>
  <name>
   Adidas T-shirt A-2992
  </name>
  <category>
   T-shirt
  </category>
  <size>
   M
  </size>
  <color>
   Синий
  </color>
  <material>
   Кожа
  </material>
  <price>
   940570
  </price>
  <rating>
   3.72
  </rating>
  <reviews>
   20741
  </reviews>
  <new>
   +
  </new>
  <exclusive>
   yes
  </exclusive>
 </clothing>
 <clothing>
  <id>
   683817387
  </id>
  <name>
   Adidas Gloves Y-1014
  </name>
  <category>
   Gloves
  </category>
  <size>
   M
  </size>
  <color>
   Фиолетовый
  </color>
  <material>
   Шелк
  </material>
  <price>
   706970
  </price>
  <rating>
   1.45
  </rating>
  <reviews>
   766839
  </reviews>
  <new>
   -
  </new>
  <exclusive>
   no
  </exclusive>
 </clothing>
 <clothing>
  <id>
   262769932
  </id>
  <name>
   Nike Skirt F-9764
  </name>
  <category>
   Skirt
  </category>
  <size>
   S
  </size>
  <color>
   Синий
  </color>
  <material>
   Вискоза
  </material>
  <price>
   114630
  </price>
  <rating>
   4.65
  </rating>
  <reviews>
   543312
  </reviews>
  <new>
   -
  </new>
  <exclusive>
   no
  </exclusive>
 </clothing>
 <clothing>
  <id>
   260804200
  </id>
  <name>
   Adidas Skirt W-3925
  </name>
  <category>
   Skirt
  </category>
  <size>
   L
  </size>
  <color>
   Красный
  </color>
  <material>
   Вискоза
  </material>
  <price>
   952675
  </price>
  <rating>
   3.19
  </rating>
  <reviews>
   330315
  </reviews>
 </clothing>
 <clothing>
  <id>
   955365514
  </id>
  <name>
   Adidas Handbags L-4110
  </name>
  <category>
   Handbags
  </category>
  <size>
   M
  </size>
  <color>
   Красный
  </color>
  <material>
   Нейлон
  </material>
  <price>
   149737
  </price>
  <rating>
   3.7
  </rating>
  <reviews>
   833837
  </reviews>
  <exclusive>
   yes
  </exclusive>
  <sporty>
   yes
  </sporty>
 </clothing>
 <clothing>
  <id>
   862092782
  </id>
  <name>
   Reebok Pants J-6826
  </name>
  <category>
   Pants
  </category>
  <size>
   M
  </size>
  <color>
   Синий
  </color>
  <material>
   Полиэстер
  </material>
  <price>
   958749
  </price>
  <rating>
   4.37
  </rating>
  <reviews>
   570641
  </reviews>
  <new>
   +
  </new>
  <exclusive>
   no
  </exclusive>
 </clothing>
 <clothing>
  <id>
   329776677
  </id>
  <name>
   Ellesse Dress H-5265
  </name>
  <category>
   Dress
  </category>
  <size>
   XXL
  </size>
  <color>
   Оранжевый
  </color>
  <material>
   Хлопок
  </material>
  <price>
   414132
  </price>
  <rating>
   2.37
  </rating>
  <reviews>
   375624
  </reviews>
  <new>
   -
  </new>
  <sporty>
   yes
  </sporty>
 </clothing>
 <clothing>
  <id>
   141268476
  </id>
  <name>
   Vans Umbrellas O-3830
  </name>
  <category>
   Umbrellas
  </category>
  <size>
   L
  </size>
  <color>
   Фиолетовый
  </color>
  <material>
   Лен
  </material>
  <price>
   234118
  </price>
  <rating>
   4.41
  </rating>
  <reviews>
   972011
  </reviews>
  <new>
   -
  </new>
 </clothing>
 <clothing>
  <id>
   619478658
  </id>
  <name>
   Under Armour Pants F-6916
  </name>
  <category>
   Pants
  </category>
  <size>
   XXL
  </size>
  <color>
   Оранжевый
  </color>
  <material>
   Хлопок
  </material>
  <price>
   671925
  </price>
  <rating>
   1.76
  </rating>
  <reviews>
   786484
  </reviews>
  <new>
   -
  </new>
  <sporty>
   yes
  </sporty>
 </clothing>
 <clothing>
  <id>
   672554631
  </id>
  <name>
   Lacoste Jeans J-1814
  </name>
  <category>
   Jeans
  </category>
  <size>
   XL
  </size>
  <color>
   Синий
  </color>
  <material>
   Кожа
  </material>
  <price>
   919299
  </price>
  <rating>
   4.3
  </rating>
  <reviews>
   491901
  </reviews>
  <sporty>
   yes
  </sporty>
 </clothing>
 <clothing>
  <id>
   272324472
  </id>
  <name>
   Addidas Dress V-8680
  </name>
  <category>
   Dress
  </category>
  <size>
   XXL
  </size>
  <color>
   Красный
  </color>
  <material>
   Вискоза
  </material>
  <price>
   386738
  </price>
  <rating>
   3.99
  </rating>
  <reviews>
   482780
  </reviews>
  <new>
   +
  </new>
  <sporty>
   yes
  </sporty>
 </clothing>
 <clothing>
  <id>
   272218241
  </id>
  <name>
   Asics Blouse K-6151
  </name>
  <category>
   Blouse
  </category>
  <size>
   XXL
  </size>
  <color>
   Красный
  </color>
  <material>
   Шерсть
  </material>
  <price>
   982498
  </price>
  <rating>
   2.99
  </rating>
  <reviews>
   189863
  </reviews>
  <new>
   -
  </new>
  <exclusive>
   yes
  </exclusive>
 </clothing>
 <clothing>
  <id>
   812006631
  </id>
  <name>
   Addidas Shirt G-2985
  </name>
  <category>
   Shirt
  </category>
  <size>
   L
  </size>
  <color>
   Голубой
  </color>
  <material>
   Шелк
  </material>
  <price>
   790847
  </price>
  <rating>
   3.87
  </rating>
  <reviews>
   421136
  </reviews>
  <sporty>
   yes
  </sporty>
 </clothing>
 <clothing>
  <id>
   141808824
  </id>
  <name>
   Puma Handbags J-6747
  </name>
  <category>
   Handbags
  </category>
  <size>
   S
  </size>
  <color>
   Синий
  </color>
  <material>
   Кожа
  </material>
  <price>
   826679
  </price>
  <rating>
   1.37
  </rating>
  <reviews>
   118443
  </reviews>
  <new>
   -
  </new>
  <exclusive>
   no
  </exclusive>
  <sporty>
   no
  </sporty>
 </clothing>
 <clothing>
  <id>
   990462201
  </id>
  <name>
   Lacoste Dress E-2777
  </name>
  <category>
   Dress
  </category>
  <size>
   S
  </size>
  <color>
   Фиолетовый
  </color>
  <material>
   Вискоза
  </material>
  <price>
   934229
  </price>
  <rating>
   1.5
  </rating>
  <reviews>
   482921
  </reviews>
  <new>
   -
  </new>
  <exclusive>
   no
  </exclusive>
  <sporty>
   no
  </sporty>
 </clothing>
 <clothing>
  <id>
   101439825
  </id>
  <name>
   Addidas Sweater N-2882
  </name>
  <category>
   Sweater
  </category>
  <size>
   XXL
  </size>
  <color>
   Синий
  </color>
  <material>
   Шерсть
  </material>
  <price>
   718987
  </price>
  <rating>
   1.75
  </rating>
  <reviews>
   282722
  </reviews>
  <new>
   -
  </new>
  <exclusive>
   no
  </exclusive>
  <sporty>
   no
  </sporty>
 </clothing>
 <clothing>
  <id>
   805609272
  </id>
  <name>
   DC Shoes D-4010
  </name>
  <category>
   Shoes
  </category>
  <size>
   XL
  </size>
  <color>
   Зеленый
  </color>
  <material>
   Полиэстер
  </material>
  <price>
   425638
  </price>
  <rating>
   2.11
  </rating>
  <reviews>
   411101
  </reviews>
 </clothing>
 <clothing>
  <id>
   208471545
  </id>
  <name>
   Reebok Jacket Y-2117
  </name>
  <category>
   Jacket
  </category>
  <size>
   L
  </size>
  <color>
   Оранжевый
  </color>
  <material>
   Полиэстер
  </material>
  <price>
   853659
  </price>
  <rating>
   2.05
  </rating>
  <reviews>
   280123
  </reviews>
  <new>
   +
  </new>
  <sporty>
   no
  </sporty>
 </clothing>
 <clothing>
  <id>
   720668779
  </id>
  <name>
   Brooks Pants O-4098
  </name>
  <category>
   Pants
  </category>
  <size>
   S
  </size>
  <color>
   Желтый
  </color>
  <material>
   Кожа
  </material>
  <price>
   125892
  </price>
  <rating>
   2.52
  </rating>
  <reviews>
   459734
  </reviews>
  <new>
   -
  </new>
  <sporty>
   no
  </sporty>
 </clothing>
 <clothing>
  <id>
   634536762
  </id>
  <name>
   New Balance Pants T-3351
  </name>
  <category>
   Pants
  </category>
  <size>
   M
  </size>
  <color>
   Красный
  </color>
  <material>
   Полиэстер
  </material>
  <price>
   315794
  </price>
  <rating>
   3.08
  </rating>
  <reviews>
   638464
  </reviews>
  <new>
   +
  </new>
  <sporty>
   yes
  </sporty>
 </clothing>
 <clothing>
  <id>
   417759510
  </id>
  <name>
   Converse Skirt E-3526
  </name>
  <category>
   Skirt
  </category>
  <size>
   L
  </size>
  <color>
   Фиолетовый
  </color>
  <material>
   Нейлон
  </material>
  <price>
   986794
  </price>
  <rating>
   2.33
  </rating>
  <reviews>
   519033
  </reviews>
  <new>
   -
  </new>
 </clothing>
 <clothing>
  <id>
   391974998
  </id>
  <name>
   Puma Dress E-7806
  </name>
  <category>
   Dress
  </category>
  <size>
   S
  </size>
  <color>
   Синий
  </color>
  <material>
   Шерсть
  </material>
  <price>
   791335
  </price>
  <rating>
   4.53
  </rating>
  <reviews>
   251685
  </reviews>
  <new>
   -
  </new>
  <exclusive>
   yes
  </exclusive>
 </clothing>
 <clothing>
  <id>
   986800360
  </id>
  <name>
   Nike Handbags M-4303
  </name>
  <category>
   Handbags
  </category>
  <size>
   L
  </size>
  <color>
   Голубой
  </color>
  <material>
   Полиэстер
  </material>
  <price>
   257318
  </price>
  <rating>
   1.38
  </rating>
  <reviews>
   645424
  </reviews>
  <new>
   -
  </new>
  <exclusive>
   yes
  </exclusive>
  <sporty>
   no
  </sporty>
 </clothing>
 <clothing>
  <id>
   705454064
  </id>
  <name>
   Ellesse Shoes R-5796
  </name>
  <category>
   Shoes
  </category>
  <size>
   S
  </size>
  <color>
   Оранжевый
  </color>
  <material>
   Шерсть
  </material>
  <price>
   147361
  </price>
  <rating>
   2.49
  </rating>
  <reviews>
   768282
  </reviews>
  <new>
   +
  </new>
  <exclusive>
   no
  </exclusive>
  <sporty>
   no
  </sporty>
 </clothing>
 <clothing>
  <id>
   749626777
  </id>
  <name>
   Fila Sweater P-1723
  </name>
  <category>
   Sweater
  </category>
  <size>
   XL
  </size>
  <color>
   Желтый
  </color>
  <material>
   Нейлон
  </material>
  <price>
   265138
  </price>
  <rating>
   1.81
  </rating>
  <reviews>
   844385
  </reviews>
 </clothing>
 <clothing>
  <id>
   947912237
  </id>
  <name>
   PleinSport Shirt E-3750
  </name>
  <category>
   Shirt
  </category>
  <size>
   S
  </size>
  <color>
   Оранжевый
  </color>
  <material>
   Шерсть
  </material>
  <price>
   358974
  </price>
  <rating>
   1.82
  </rating>
  <reviews>
   999204
  </reviews>
  <new>
   -
  </new>
  <sporty>
   yes
  </sporty>
 </clothing>
 <clothing>
  <id>
   811924584
  </id>
  <name>
   Nike Sweater B-5688
  </name>
  <category>
   Sweater
  </category>
  <size>
   XL
  </size>
  <color>
   Синий
  </color>
  <material>
   Лен
  </material>
  <price>
   193477
  </price>
  <rating>
   1.82
  </rating>
  <reviews>
   360841
  </reviews>
  <new>
   +
  </new>
  <exclusive>
   no
  </exclusive>
  <sporty>
   no
  </sporty>
 </clothing>
 <clothing>
  <id>
   685586928
  </id>
  <name>
   Lacoste Socks R-1274
  </name>
  <category>
   Socks
  </category>
  <size>
   XL
  </size>
  <color>
   Голубой
  </color>
  <material>
   Шелк
  </material>
  <price>
   526254
  </price>
  <rating>
   1.86
  </rating>
  <reviews>
   176395
  </reviews>
  <exclusive>
   no
  </exclusive>
 </clothing>
 <clothing>
  <id>
   298980396
  </id>
  <name>
   Brooks Hat O-8271
  </name>
  <category>
   Hat
  </category>
  <size>
   L
  </size>
  <color>
   Зеленый
  </color>
  <material>
   Лен
  </material>
  <price>
   379545
  </price>
  <rating>
   4.98
  </rating>
  <reviews>
   260349
  </reviews>
  <new>
   +
  </new>
  <exclusive>
   no
  </exclusive>
  <sporty>
   yes
  </sporty>
 </clothing>
 <clothing>
  <id>
   839284352
  </id>
  <name>
   Fila Hat Y-3586
  </name>
  <category>
   Hat
  </category>
  <size>
   S
  </size>
  <color>
   Синий
  </color>
  <material>
   Хлопок
  </material>
  <price>
   475760
  </price>
  <rating>
   2.18
  </rating>
  <reviews>
   387837
  </reviews>
  <exclusive>
   yes
  </exclusive>
 </clothing>
 <clothing>
  <id>
   181759721
  </id>
  <name>
   PleinSport Dress I-9551
  </name>
  <category>
   Dress
  </category>
  <size>
   M
  </size>
  <color>
   Красный
  </color>
  <material>
   Нейлон
  </material>
  <price>
   916164
  </price>
  <rating>
   2.04
  </rating>
  <reviews>
   138421
  </reviews>
  <new>
   +
  </new>
 </clothing>
 <clothing>
  <id>
   760368460
  </id>
  <name>
   Ellesse Sweater V-4043
  </name>
  <category>
   Sweater
  </category>
  <size>
   XXL
  </size>
  <color>
   Голубой
  </color>
  <material>
   Лен
  </material>
  <price>
   202033
  </price>
  <rating>
   2.54
  </rating>
  <reviews>
   925560
  </reviews>
  <new>
   -
  </new>
  <exclusive>
   yes
  </exclusive>
 </clothing>
 <clothing>
  <id>
   848893652
  </id>
  <name>
   Asics Shirt B-9582
  </name>
  <category>
   Shirt
  </category>
  <size>
   M
  </size>
  <color>
   Зеленый
  </color>
  <material>
   Хлопок
  </material>
  <price>
   536982
  </price>
  <rating>
   4.65
  </rating>
  <reviews>
   919699
  </reviews>
  <exclusive>
   no
  </exclusive>
  <sporty>
   no
  </sporty>
 </clothing>
 <clothing>
  <id>
   177551830
  </id>
  <name>
   Under Armour Jacket E-9382
  </name>
  <category>
   Jacket
  </category>
  <size>
   L
  </size>
  <color>
   Красный
  </color>
  <material>
   Шерсть
  </material>
  <price>
   564765
  </price>
  <rating>
   2.81
  </rating>
  <reviews>
   957698
  </reviews>
  <new>
   -
  </new>
  <exclusive>
   no
  </exclusive>
 </clothing>
 <clothing>
  <id>
   967198956
  </id>
  <name>
   Under Armour Jeans C-9204
  </name>
  <category>
   Jeans
  </category>
  <size>
   M
  </size>
  <color>
   Зеленый
  </color>
  <material>
   Нейлон
  </material>
  <price>
   415945
  </price>
  <rating>
   1.3
  </rating>
  <reviews>
   570069
  </reviews>
 </clothing>
 <clothing>
  <id>
   441847528
  </id>
  <name>
   DC Handbags H-3715
  </name>
  <category>
   Handbags
  </category>
  <size>
   M
  </size>
  <color>
   Желтый
  </color>
  <material>
   Шелк
  </material>
  <price>
   465851
  </price>
  <rating>
   1.46
  </rating>
  <reviews>
   730487
  </reviews>
  <new>
   -
  </new>
  <exclusive>
   no
  </exclusive>
 </clothing>
 <clothing>
  <id>
   899173712
  </id>
  <name>
   DC Jeans X-7933
  </name>
  <category>
   Jeans
  </category>
  <size>
   S
  </size>
  <color>
   Желтый
  </color>
  <material>
   Лен
  </material>
  <price>
   287322
  </price>
  <rating>
   4.01
  </rating>
  <reviews>
   770448
  </reviews>
  <new>
   +
  </new>
  <exclusive>
   no
  </exclusive>
 </clothing>
 <clothing>
  <id>
   551891842
  </id>
  <name>
   Lacoste Skirt B-8262
  </name>
  <category>
   Skirt
  </category>
  <size>
   XXL
  </size>
  <color>
   Зеленый
  </color>
  <material>
   Шерсть
  </material>
  <price>
   695093
  </price>
  <rating>
   4.26
  </rating>
  <reviews>
   940996
  </reviews>
  <new>
   -
  </new>
 </clothing>
 <clothing>
  <id>
   370446301
  </id>
  <name>
   Asics Hat B-2009
  </name>
  <category>
   Hat
  </category>
  <size>
   S
  </size>
  <color>
   Синий
  </color>
  <material>
   Кожа
  </material>
  <price>
   754905
  </price>
  <rating>
   3.34
  </rating>
  <reviews>
   706640
  </reviews>
  <new>
   +
  </new>
  <sporty>
   yes
  </sporty>
 </clothing>
 <clothing>
  <id>
   901131516
  </id>
  <name>
   Asics Pants R-2483
  </name>
  <category>
   Pants
  </category>
  <size>
   L
  </size>
  <color>
   Фиолетовый
  </color>
  <material>
   Нейлон
  </material>
  <price>
   139631
  </price>
  <rating>
   2.88
  </rating>
  <reviews>
   972991
  </reviews>
  <new>
   -
  </new>
  <exclusive>
   no
  </exclusive>
  <sporty>
   yes
  </sporty>
 </clothing>
 <clothing>
  <id>
   550712322
  </id>
  <name>
   DC Dress E-3937
  </name>
  <category>
   Dress
  </category>
  <size>
   S
  </size>
  <color>
   Желтый
  </color>
  <material>
   Вискоза
  </material>
  <price>
   648278
  </price>
  <rating>
   2.88
  </rating>
  <reviews>
   554038
  </reviews>
  <new>
   +
  </new>
  <sporty>
   yes
  </sporty>
 </clothing>
 <clothing>
  <id>
   988525964
  </id>
  <name>
   DC Jacket K-4651
  </name>
  <category>
   Jacket
  </category>
  <size>
   XXL
  </size>
  <color>
   Зеленый
  </color>
  <material>
   Полиэстер
  </material>
  <price>
   876470
  </price>
  <rating>
   3.89
  </rating>
  <reviews>
   831376
  </reviews>
  <new>
   -
  </new>
  <sporty>
   yes
  </sporty>
 </clothing>
 <clothing>
  <id>
   533432410
  </id>
  <name>
   Nike Umbrellas B-2522
  </name>
  <category>
   Umbrellas
  </category>
  <size>
   XXL
  </size>
  <color>
   Фиолетовый
  </color>
  <material>
   Вискоза
  </material>
  <price>
   592161
  </price>
  <rating>
   2.38
  </rating>
  <reviews>
   51551
  </reviews>
  <new>
   -
  </new>
  <sporty>
   no
  </sporty>
 </clothing>
</clothing-items>
