<?xml version="1.0" encoding="utf-8"?>
<clothing-items>
 <clothing>
  <id>
   155944816
  </id>
  <name>
   Puma Shoes Z-4569
  </name>
  <category>
   Shoes
  </category>
  <size>
   XXL
  </size>
  <color>
   Зеленый
  </color>
  <material>
   Лен
  </material>
  <price>
   626696
  </price>
  <rating>
   3.77
  </rating>
  <reviews>
   898205
  </reviews>
  <sporty>
   yes
  </sporty>
 </clothing>
 <clothing>
  <id>
   122393845
  </id>
  <name>
   Brooks Belts S-8305
  </name>
  <category>
   Belts
  </category>
  <size>
   S
  </size>
  <color>
   Синий
  </color>
  <material>
   Лен
  </material>
  <price>
   592565
  </price>
  <rating>
   4.91
  </rating>
  <reviews>
   683703
  </reviews>
  <new>
   +
  </new>
  <exclusive>
   yes
  </exclusive>
 </clothing>
 <clothing>
  <id>
   440607178
  </id>
  <name>
   Adidas T-shirt K-8104
  </name>
  <category>
   T-shirt
  </category>
  <size>
   XXL
  </size>
  <color>
   Красный
  </color>
  <material>
   Вискоза
  </material>
  <price>
   577898
  </price>
  <rating>
   3.94
  </rating>
  <reviews>
   957710
  </reviews>
  <new>
   -
  </new>
  <exclusive>
   yes
  </exclusive>
  <sporty>
   no
  </sporty>
 </clothing>
 <clothing>
  <id>
   828333748
  </id>
  <name>
   Nike Dress Y-8714
  </name>
  <category>
   Dress
  </category>
  <size>
   XL
  </size>
  <color>
   Желтый
  </color>
  <material>
   Кожа
  </material>
  <price>
   738466
  </price>
  <rating>
   4.98
  </rating>
  <reviews>
   931630
  </reviews>
  <new>
   -
  </new>
 </clothing>
 <clothing>
  <id>
   481226426
  </id>
  <name>
   Ellesse Umbrellas K-9558
  </name>
  <category>
   Umbrellas
  </category>
  <size>
   S
  </size>
  <color>
   Красный
  </color>
  <material>
   Хлопок
  </material>
  <price>
   346031
  </price>
  <rating>
   1.32
  </rating>
  <reviews>
   55699
  </reviews>
  <new>
   -
  </new>
  <sporty>
   no
  </sporty>
 </clothing>
 <clothing>
  <id>
   644345309
  </id>
  <name>
   Fila Blouse W-7156
  </name>
  <category>
   Blouse
  </category>
  <size>
   M
  </size>
  <color>
   Красный
  </color>
  <material>
   Шерсть
  </material>
  <price>
   112045
  </price>
  <rating>
   4.61
  </rating>
  <reviews>
   562788
  </reviews>
  <exclusive>
   no
  </exclusive>
 </clothing>
 <clothing>
  <id>
   171477597
  </id>
  <name>
   Brooks Blouse M-5773
  </name>
  <category>
   Blouse
  </category>
  <size>
   L
  </size>
  <color>
   Оранжевый
  </color>
  <material>
   Шерсть
  </material>
  <price>
   423784
  </price>
  <rating>
   1.15
  </rating>
  <reviews>
   138383
  </reviews>
  <new>
   -
  </new>
  <exclusive>
   no
  </exclusive>
 </clothing>
 <clothing>
  <id>
   933920772
  </id>
  <name>
   Adidas Handbags Y-7049
  </name>
  <category>
   Handbags
  </category>
  <size>
   XL
  </size>
  <color>
   Зеленый
  </color>
  <material>
   Шерсть
  </material>
  <price>
   171681
  </price>
  <rating>
   1.3
  </rating>
  <reviews>
   536102
  </reviews>
  <new>
   -
  </new>
  <sporty>
   no
  </sporty>
 </clothing>
 <clothing>
  <id>
   745078133
  </id>
  <name>
   Brooks Jeans Q-6383
  </name>
  <category>
   Jeans
  </category>
  <size>
   S
  </size>
  <color>
   Фиолетовый
  </color>
  <material>
   Лен
  </material>
  <price>
   732573
  </price>
  <rating>
   2.05
  </rating>
  <reviews>
   303734
  </reviews>
  <exclusive>
   no
  </exclusive>
  <sporty>
   yes
  </sporty>
 </clothing>
 <clothing>
  <id>
   766705950
  </id>
  <name>
   Adidas Umbrellas B-1616
  </name>
  <category>
   Umbrellas
  </category>
  <size>
   M
  </size>
  <color>
   Красный
  </color>
  <material>
   Шелк
  </material>
  <price>
   434749
  </price>
  <rating>
   4.12
  </rating>
  <reviews>
   465913
  </reviews>
  <new>
   -
  </new>
  <exclusive>
   no
  </exclusive>
  <sporty>
   no
  </sporty>
 </clothing>
 <clothing>
  <id>
   954959020
  </id>
  <name>
   New Balance Handbags I-6844
  </name>
  <category>
   Handbags
  </category>
  <size>
   XL
  </size>
  <color>
   Синий
  </color>
  <material>
   Кожа
  </material>
  <price>
   409039
  </price>
  <rating>
   4.29
  </rating>
  <reviews>
   926910
  </reviews>
  <exclusive>
   yes
  </exclusive>
  <sporty>
   no
  </sporty>
 </clothing>
 <clothing>
  <id>
   201622309
  </id>
  <name>
   Asics Belts C-8880
  </name>
  <category>
   Belts
  </category>
  <size>
   L
  </size>
  <color>
   Фиолетовый
  </color>
  <material>
   Кожа
  </material>
  <price>
   808701
  </price>
  <rating>
   2.7
  </rating>
  <reviews>
   370441
  </reviews>
  <new>
   +
  </new>
 </clothing>
 <clothing>
  <id>
   284122865
  </id>
  <name>
   New Balance Umbrellas G-9455
  </name>
  <category>
   Umbrellas
  </category>
  <size>
   L
  </size>
  <color>
   Красный
  </color>
  <material>
   Лен
  </material>
  <price>
   597827
  </price>
  <rating>
   4.36
  </rating>
  <reviews>
   895230
  </reviews>
  <new>
   +
  </new>
  <exclusive>
   yes
  </exclusive>
  <sporty>
   yes
  </sporty>
 </clothing>
 <clothing>
  <id>
   112685756
  </id>
  <name>
   Ellesse Blouse O-7711
  </name>
  <category>
   Blouse
  </category>
  <size>
   XXL
  </size>
  <color>
   Фиолетовый
  </color>
  <material>
   Хлопок
  </material>
  <price>
   673529
  </price>
  <rating>
   4.58
  </rating>
  <reviews>
   675739
  </reviews>
  <new>
   -
  </new>
  <sporty>
   no
  </sporty>
 </clothing>
 <clothing>
  <id>
   803040905
  </id>
  <name>
   New Balance Blouse F-1114
  </name>
  <category>
   Blouse
  </category>
  <size>
   M
  </size>
  <color>
   Голубой
  </color>
  <material>
   Шерсть
  </material>
  <price>
   648442
  </price>
  <rating>
   2.99
  </rating>
  <reviews>
   166383
  </reviews>
  <new>
   +
  </new>
  <sporty>
   no
  </sporty>
 </clothing>
 <clothing>
  <id>
   472489707
  </id>
  <name>
   Lacoste Shirt L-2142
  </name>
  <category>
   Shirt
  </category>
  <size>
   S
  </size>
  <color>
   Фиолетовый
  </color>
  <material>
   Шерсть
  </material>
  <price>
   869346
  </price>
  <rating>
   1.56
  </rating>
  <reviews>
   291612
  </reviews>
  <exclusive>
   no
  </exclusive>
  <sporty>
   no
  </sporty>
 </clothing>
 <clothing>
  <id>
   294428043
  </id>
  <name>
   New Balance Umbrellas W-3765
  </name>
  <category>
   Umbrellas
  </category>
  <size>
   XXL
  </size>
  <color>
   Желтый
  </color>
  <material>
   Хлопок
  </material>
  <price>
   103886
  </price>
  <rating>
   4.94
  </rating>
  <reviews>
   474907
  </reviews>
  <exclusive>
   yes
  </exclusive>
  <sporty>
   no
  </sporty>
 </clothing>
 <clothing>
  <id>
   896746591
  </id>
  <name>
   Adidas Shoes C-8724
  </name>
  <category>
   Shoes
  </category>
  <size>
   XL
  </size>
  <color>
   Желтый
  </color>
  <material>
   Шерсть
  </material>
  <price>
   395895
  </price>
  <rating>
   2.48
  </rating>
  <reviews>
   553163
  </reviews>
  <new>
   +
  </new>
  <exclusive>
   no
  </exclusive>
  <sporty>
   no
  </sporty>
 </clothing>
 <clothing>
  <id>
   594165924
  </id>
  <name>
   Reebok Dress F-4898
  </name>
  <category>
   Dress
  </category>
  <size>
   L
  </size>
  <color>
   Желтый
  </color>
  <material>
   Лен
  </material>
  <price>
   911915
  </price>
  <rating>
   3.02
  </rating>
  <reviews>
   119994
  </reviews>
  <new>
   +
  </new>
 </clothing>
 <clothing>
  <id>
   403502872
  </id>
  <name>
   Addidas Jeans O-8698
  </name>
  <category>
   Jeans
  </category>
  <size>
   S
  </size>
  <color>
   Красный
  </color>
  <material>
   Полиэстер
  </material>
  <price>
   631444
  </price>
  <rating>
   3.06
  </rating>
  <reviews>
   765627
  </reviews>
  <sporty>
   no
  </sporty>
 </clothing>
 <clothing>
  <id>
   207261835
  </id>
  <name>
   Nike Shoes J-9534
  </name>
  <category>
   Shoes
  </category>
  <size>
   S
  </size>
  <color>
   Зеленый
  </color>
  <material>
   Нейлон
  </material>
  <price>
   729219
  </price>
  <rating>
   1.3
  </rating>
  <reviews>
   979522
  </reviews>
 </clothing>
 <clothing>
  <id>
   906138899
  </id>
  <name>
   Addidas Umbrellas G-9214
  </name>
  <category>
   Umbrellas
  </category>
  <size>
   L
  </size>
  <color>
   Фиолетовый
  </color>
  <material>
   Нейлон
  </material>
  <price>
   593153
  </price>
  <rating>
   4.85
  </rating>
  <reviews>
   721772
  </reviews>
  <new>
   -
  </new>
  <exclusive>
   no
  </exclusive>
  <sporty>
   yes
  </sporty>
 </clothing>
 <clothing>
  <id>
   693785303
  </id>
  <name>
   Under Armour Sweater G-2031
  </name>
  <category>
   Sweater
  </category>
  <size>
   S
  </size>
  <color>
   Желтый
  </color>
  <material>
   Кожа
  </material>
  <price>
   580848
  </price>
  <rating>
   2.81
  </rating>
  <reviews>
   625157
  </reviews>
  <new>
   -
  </new>
  <sporty>
   no
  </sporty>
 </clothing>
 <clothing>
  <id>
   692780333
  </id>
  <name>
   Reebok Pants A-1942
  </name>
  <category>
   Pants
  </category>
  <size>
   L
  </size>
  <color>
   Голубой
  </color>
  <material>
   Вискоза
  </material>
  <price>
   649964
  </price>
  <rating>
   1.31
  </rating>
  <reviews>
   215687
  </reviews>
  <new>
   +
  </new>
  <exclusive>
   no
  </exclusive>
  <sporty>
   yes
  </sporty>
 </clothing>
 <clothing>
  <id>
   807515821
  </id>
  <name>
   Addidas Jacket X-5592
  </name>
  <category>
   Jacket
  </category>
  <size>
   XXL
  </size>
  <color>
   Голубой
  </color>
  <material>
   Лен
  </material>
  <price>
   718014
  </price>
  <rating>
   1.36
  </rating>
  <reviews>
   125137
  </reviews>
  <new>
   -
  </new>
  <sporty>
   yes
  </sporty>
 </clothing>
 <clothing>
  <id>
   461407629
  </id>
  <name>
   Reebok Dress B-5135
  </name>
  <category>
   Dress
  </category>
  <size>
   XXL
  </size>
  <color>
   Синий
  </color>
  <material>
   Шерсть
  </material>
  <price>
   150131
  </price>
  <rating>
   4.54
  </rating>
  <reviews>
   148489
  </reviews>
  <new>
   +
  </new>
  <sporty>
   yes
  </sporty>
 </clothing>
 <clothing>
  <id>
   495459591
  </id>
  <name>
   Vans Skirt O-9515
  </name>
  <category>
   Skirt
  </category>
  <size>
   XXL
  </size>
  <color>
   Синий
  </color>
  <material>
   Хлопок
  </material>
  <price>
   367953
  </price>
  <rating>
   2.64
  </rating>
  <reviews>
   675060
  </reviews>
  <new>
   +
  </new>
  <exclusive>
   no
  </exclusive>
 </clothing>
 <clothing>
  <id>
   529805714
  </id>
  <name>
   Fila Skirt S-6051
  </name>
  <category>
   Skirt
  </category>
  <size>
   XXL
  </size>
  <color>
   Голубой
  </color>
  <material>
   Лен
  </material>
  <price>
   245670
  </price>
  <rating>
   2.0
  </rating>
  <reviews>
   880400
  </reviews>
  <sporty>
   no
  </sporty>
 </clothing>
 <clothing>
  <id>
   130656752
  </id>
  <name>
   Fila Pants K-5325
  </name>
  <category>
   Pants
  </category>
  <size>
   M
  </size>
  <color>
   Фиолетовый
  </color>
  <material>
   Полиэстер
  </material>
  <price>
   886634
  </price>
  <rating>
   2.37
  </rating>
  <reviews>
   974449
  </reviews>
  <new>
   -
  </new>
  <exclusive>
   no
  </exclusive>
 </clothing>
 <clothing>
  <id>
   884742987
  </id>
  <name>
   Reebok Belts R-2185
  </name>
  <category>
   Belts
  </category>
  <size>
   S
  </size>
  <color>
   Желтый
  </color>
  <material>
   Вискоза
  </material>
  <price>
   787051
  </price>
  <rating>
   3.31
  </rating>
  <reviews>
   966922
  </reviews>
  <new>
   -
  </new>
  <exclusive>
   yes
  </exclusive>
 </clothing>
 <clothing>
  <id>
   150719100
  </id>
  <name>
   Puma Belts W-8459
  </name>
  <category>
   Belts
  </category>
  <size>
   XL
  </size>
  <color>
   Фиолетовый
  </color>
  <material>
   Шерсть
  </material>
  <price>
   810645
  </price>
  <rating>
   4.9
  </rating>
  <reviews>
   71577
  </reviews>
  <new>
   +
  </new>
  <exclusive>
   no
  </exclusive>
  <sporty>
   yes
  </sporty>
 </clothing>
 <clothing>
  <id>
   589611963
  </id>
  <name>
   PleinSport Socks K-5964
  </name>
  <category>
   Socks
  </category>
  <size>
   S
  </size>
  <color>
   Фиолетовый
  </color>
  <material>
   Полиэстер
  </material>
  <price>
   414571
  </price>
  <rating>
   3.72
  </rating>
  <reviews>
   989789
  </reviews>
  <new>
   -
  </new>
  <exclusive>
   yes
  </exclusive>
 </clothing>
 <clothing>
  <id>
   368969746
  </id>
  <name>
   Under Armour Pants F-2620
  </name>
  <category>
   Pants
  </category>
  <size>
   XL
  </size>
  <color>
   Оранжевый
  </color>
  <material>
   Вискоза
  </material>
  <price>
   909469
  </price>
  <rating>
   1.74
  </rating>
  <reviews>
   898871
  </reviews>
  <exclusive>
   no
  </exclusive>
 </clothing>
 <clothing>
  <id>
   729109208
  </id>
  <name>
   Lacoste Skirt F-9943
  </name>
  <category>
   Skirt
  </category>
  <size>
   XL
  </size>
  <color>
   Оранжевый
  </color>
  <material>
   Шерсть
  </material>
  <price>
   168141
  </price>
  <rating>
   1.47
  </rating>
  <reviews>
   695291
  </reviews>
 </clothing>
 <clothing>
  <id>
   753673109
  </id>
  <name>
   Vans Blouse J-6290
  </name>
  <category>
   Blouse
  </category>
  <size>
   L
  </size>
  <color>
   Красный
  </color>
  <material>
   Нейлон
  </material>
  <price>
   626085
  </price>
  <rating>
   3.96
  </rating>
  <reviews>
   372177
  </reviews>
  <new>
   -
  </new>
  <sporty>
   no
  </sporty>
 </clothing>
 <clothing>
  <id>
   963969415
  </id>
  <name>
   Puma Shoes W-1749
  </name>
  <category>
   Shoes
  </category>
  <size>
   XXL
  </size>
  <color>
   Желтый
  </color>
  <material>
   Лен
  </material>
  <price>
   669689
  </price>
  <rating>
   4.23
  </rating>
  <reviews>
   343924
  </reviews>
  <new>
   -
  </new>
  <sporty>
   no
  </sporty>
 </clothing>
 <clothing>
  <id>
   214526810
  </id>
  <name>
   Adidas Socks H-9858
  </name>
  <category>
   Socks
  </category>
  <size>
   L
  </size>
  <color>
   Оранжевый
  </color>
  <material>
   Шерсть
  </material>
  <price>
   455332
  </price>
  <rating>
   1.42
  </rating>
  <reviews>
   886022
  </reviews>
  <sporty>
   yes
  </sporty>
 </clothing>
 <clothing>
  <id>
   157926012
  </id>
  <name>
   Under Armour Shirt Q-1719
  </name>
  <category>
   Shirt
  </category>
  <size>
   L
  </size>
  <color>
   Голубой
  </color>
  <material>
   Кожа
  </material>
  <price>
   781838
  </price>
  <rating>
   4.03
  </rating>
  <reviews>
   508488
  </reviews>
 </clothing>
 <clothing>
  <id>
   289852441
  </id>
  <name>
   Under Armour Hat C-1610
  </name>
  <category>
   Hat
  </category>
  <size>
   L
  </size>
  <color>
   Желтый
  </color>
  <material>
   Нейлон
  </material>
  <price>
   240729
  </price>
  <rating>
   3.85
  </rating>
  <reviews>
   776496
  </reviews>
  <exclusive>
   yes
  </exclusive>
 </clothing>
 <clothing>
  <id>
   217230136
  </id>
  <name>
   Converse Sweater F-6550
  </name>
  <category>
   Sweater
  </category>
  <size>
   L
  </size>
  <color>
   Оранжевый
  </color>
  <material>
   Кожа
  </material>
  <price>
   139888
  </price>
  <rating>
   3.55
  </rating>
  <reviews>
   56401
  </reviews>
  <new>
   -
  </new>
  <sporty>
   no
  </sporty>
 </clothing>
</clothing-items>
