<?xml version="1.0" encoding="utf-8"?>
<clothing-items>
 <clothing>
  <id>
   390849076
  </id>
  <name>
   Brooks T-shirt Y-5214
  </name>
  <category>
   T-shirt
  </category>
  <size>
   XXL
  </size>
  <color>
   Голубой
  </color>
  <material>
   Вискоза
  </material>
  <price>
   232216
  </price>
  <rating>
   1.8
  </rating>
  <reviews>
   608080
  </reviews>
  <new>
   -
  </new>
  <sporty>
   no
  </sporty>
 </clothing>
 <clothing>
  <id>
   708342579
  </id>
  <name>
   Vans Blouse Y-8216
  </name>
  <category>
   Blouse
  </category>
  <size>
   XXL
  </size>
  <color>
   Фиолетовый
  </color>
  <material>
   Нейлон
  </material>
  <price>
   114211
  </price>
  <rating>
   4.97
  </rating>
  <reviews>
   43212
  </reviews>
  <exclusive>
   yes
  </exclusive>
 </clothing>
 <clothing>
  <id>
   654811425
  </id>
  <name>
   Asics Belts O-6000
  </name>
  <category>
   Belts
  </category>
  <size>
   XL
  </size>
  <color>
   Голубой
  </color>
  <material>
   Шерсть
  </material>
  <price>
   363133
  </price>
  <rating>
   4.69
  </rating>
  <reviews>
   367449
  </reviews>
  <new>
   -
  </new>
  <sporty>
   no
  </sporty>
 </clothing>
 <clothing>
  <id>
   482396697
  </id>
  <name>
   Ellesse T-shirt P-5351
  </name>
  <category>
   T-shirt
  </category>
  <size>
   L
  </size>
  <color>
   Оранжевый
  </color>
  <material>
   Полиэстер
  </material>
  <price>
   591014
  </price>
  <rating>
   2.51
  </rating>
  <reviews>
   438419
  </reviews>
  <exclusive>
   no
  </exclusive>
  <sporty>
   no
  </sporty>
 </clothing>
 <clothing>
  <id>
   660504824
  </id>
  <name>
   Brooks Gloves E-8006
  </name>
  <category>
   Gloves
  </category>
  <size>
   L
  </size>
  <color>
   Зеленый
  </color>
  <material>
   Шелк
  </material>
  <price>
   481181
  </price>
  <rating>
   2.57
  </rating>
  <reviews>
   458975
  </reviews>
  <sporty>
   yes
  </sporty>
 </clothing>
 <clothing>
  <id>
   569721502
  </id>
  <name>
   Fila Hat D-8361
  </name>
  <category>
   Hat
  </category>
  <size>
   M
  </size>
  <color>
   Желтый
  </color>
  <material>
   Кожа
  </material>
  <price>
   253248
  </price>
  <rating>
   4.28
  </rating>
  <reviews>
   470108
  </reviews>
  <new>
   -
  </new>
  <exclusive>
   no
  </exclusive>
  <sporty>
   yes
  </sporty>
 </clothing>
 <clothing>
  <id>
   812577623
  </id>
  <name>
   Adidas Shoes E-1172
  </name>
  <category>
   Shoes
  </category>
  <size>
   M
  </size>
  <color>
   Голубой
  </color>
  <material>
   Шерсть
  </material>
  <price>
   431189
  </price>
  <rating>
   2.12
  </rating>
  <reviews>
   462377
  </reviews>
  <new>
   -
  </new>
  <sporty>
   yes
  </sporty>
 </clothing>
 <clothing>
  <id>
   736030795
  </id>
  <name>
   Vans Umbrellas H-4934
  </name>
  <category>
   Umbrellas
  </category>
  <size>
   S
  </size>
  <color>
   Синий
  </color>
  <material>
   Кожа
  </material>
  <price>
   676259
  </price>
  <rating>
   3.77
  </rating>
  <reviews>
   700851
  </reviews>
  <new>
   +
  </new>
  <exclusive>
   no
  </exclusive>
  <sporty>
   no
  </sporty>
 </clothing>
 <clothing>
  <id>
   995898797
  </id>
  <name>
   Adidas Gloves G-1045
  </name>
  <category>
   Gloves
  </category>
  <size>
   S
  </size>
  <color>
   Оранжевый
  </color>
  <material>
   Шерсть
  </material>
  <price>
   675845
  </price>
  <rating>
   3.79
  </rating>
  <reviews>
   578266
  </reviews>
  <new>
   -
  </new>
  <exclusive>
   no
  </exclusive>
 </clothing>
 <clothing>
  <id>
   736511414
  </id>
  <name>
   Brooks Jeans P-5416
  </name>
  <category>
   Jeans
  </category>
  <size>
   S
  </size>
  <color>
   Голубой
  </color>
  <material>
   Хлопок
  </material>
  <price>
   472261
  </price>
  <rating>
   1.88
  </rating>
  <reviews>
   179121
  </reviews>
  <new>
   -
  </new>
 </clothing>
 <clothing>
  <id>
   299173444
  </id>
  <name>
   New Balance Shirt O-9395
  </name>
  <category>
   Shirt
  </category>
  <size>
   XL
  </size>
  <color>
   Зеленый
  </color>
  <material>
   Полиэстер
  </material>
  <price>
   662376
  </price>
  <rating>
   1.58
  </rating>
  <reviews>
   425604
  </reviews>
  <sporty>
   yes
  </sporty>
 </clothing>
 <clothing>
  <id>
   277446423
  </id>
  <name>
   Ellesse Skirt O-4374
  </name>
  <category>
   Skirt
  </category>
  <size>
   XXL
  </size>
  <color>
   Желтый
  </color>
  <material>
   Кожа
  </material>
  <price>
   908224
  </price>
  <rating>
   2.69
  </rating>
  <reviews>
   587727
  </reviews>
  <new>
   -
  </new>
  <sporty>
   yes
  </sporty>
 </clothing>
 <clothing>
  <id>
   719704939
  </id>
  <name>
   Brooks Umbrellas H-1422
  </name>
  <category>
   Umbrellas
  </category>
  <size>
   XXL
  </size>
  <color>
   Голубой
  </color>
  <material>
   Шелк
  </material>
  <price>
   360357
  </price>
  <rating>
   3.03
  </rating>
  <reviews>
   584295
  </reviews>
  <new>
   -
  </new>
  <sporty>
   yes
  </sporty>
 </clothing>
 <clothing>
  <id>
   434332722
  </id>
  <name>
   Puma Blouse S-4008
  </name>
  <category>
   Blouse
  </category>
  <size>
   XL
  </size>
  <color>
   Голубой
  </color>
  <material>
   Лен
  </material>
  <price>
   581622
  </price>
  <rating>
   2.42
  </rating>
  <reviews>
   909808
  </reviews>
  <new>
   -
  </new>
  <exclusive>
   no
  </exclusive>
  <sporty>
   no
  </sporty>
 </clothing>
 <clothing>
  <id>
   874357237
  </id>
  <name>
   Ellesse Socks M-2340
  </name>
  <category>
   Socks
  </category>
  <size>
   S
  </size>
  <color>
   Фиолетовый
  </color>
  <material>
   Шелк
  </material>
  <price>
   653687
  </price>
  <rating>
   1.74
  </rating>
  <reviews>
   87757
  </reviews>
  <new>
   +
  </new>
  <sporty>
   no
  </sporty>
 </clothing>
 <clothing>
  <id>
   675686204
  </id>
  <name>
   Lacoste Socks V-2553
  </name>
  <category>
   Socks
  </category>
  <size>
   XL
  </size>
  <color>
   Зеленый
  </color>
  <material>
   Шелк
  </material>
  <price>
   758388
  </price>
  <rating>
   3.91
  </rating>
  <reviews>
   140146
  </reviews>
  <new>
   +
  </new>
  <exclusive>
   no
  </exclusive>
 </clothing>
 <clothing>
  <id>
   111742012
  </id>
  <name>
   Asics Handbags T-3942
  </name>
  <category>
   Handbags
  </category>
  <size>
   XXL
  </size>
  <color>
   Желтый
  </color>
  <material>
   Вискоза
  </material>
  <price>
   712973
  </price>
  <rating>
   1.7
  </rating>
  <reviews>
   354839
  </reviews>
  <new>
   -
  </new>
  <sporty>
   yes
  </sporty>
 </clothing>
 <clothing>
  <id>
   539396568
  </id>
  <name>
   Under Armour Umbrellas O-5108
  </name>
  <category>
   Umbrellas
  </category>
  <size>
   L
  </size>
  <color>
   Синий
  </color>
  <material>
   Шелк
  </material>
  <price>
   757178
  </price>
  <rating>
   4.59
  </rating>
  <reviews>
   721567
  </reviews>
  <new>
   +
  </new>
  <sporty>
   no
  </sporty>
 </clothing>
 <clothing>
  <id>
   948348965
  </id>
  <name>
   Lacoste Handbags F-6922
  </name>
  <category>
   Handbags
  </category>
  <size>
   XXL
  </size>
  <color>
   Оранжевый
  </color>
  <material>
   Полиэстер
  </material>
  <price>
   947004
  </price>
  <rating>
   2.91
  </rating>
  <reviews>
   362480
  </reviews>
  <exclusive>
   no
  </exclusive>
  <sporty>
   no
  </sporty>
 </clothing>
 <clothing>
  <id>
   670135100
  </id>
  <name>
   Under Armour Jacket R-4980
  </name>
  <category>
   Jacket
  </category>
  <size>
   M
  </size>
  <color>
   Синий
  </color>
  <material>
   Лен
  </material>
  <price>
   317919
  </price>
  <rating>
   3.92
  </rating>
  <reviews>
   716063
  </reviews>
  <new>
   -
  </new>
  <exclusive>
   no
  </exclusive>
 </clothing>
 <clothing>
  <id>
   875881150
  </id>
  <name>
   Reebok Handbags H-1257
  </name>
  <category>
   Handbags
  </category>
  <size>
   M
  </size>
  <color>
   Голубой
  </color>
  <material>
   Шелк
  </material>
  <price>
   108402
  </price>
  <rating>
   2.25
  </rating>
  <reviews>
   723639
  </reviews>
  <new>
   +
  </new>
  <exclusive>
   no
  </exclusive>
 </clothing>
 <clothing>
  <id>
   157453066
  </id>
  <name>
   Addidas Pants V-3585
  </name>
  <category>
   Pants
  </category>
  <size>
   XL
  </size>
  <color>
   Синий
  </color>
  <material>
   Хлопок
  </material>
  <price>
   755845
  </price>
  <rating>
   3.54
  </rating>
  <reviews>
   843467
  </reviews>
  <exclusive>
   no
  </exclusive>
  <sporty>
   no
  </sporty>
 </clothing>
 <clothing>
  <id>
   307474259
  </id>
  <name>
   Vans Shoes D-1059
  </name>
  <category>
   Shoes
  </category>
  <size>
   L
  </size>
  <color>
   Зеленый
  </color>
  <material>
   Лен
  </material>
  <price>
   445931
  </price>
  <rating>
   3.27
  </rating>
  <reviews>
   298963
  </reviews>
  <new>
   -
  </new>
  <exclusive>
   yes
  </exclusive>
  <sporty>
   yes
  </sporty>
 </clothing>
 <clothing>
  <id>
   153897653
  </id>
  <name>
   Puma Belts A-9565
  </name>
  <category>
   Belts
  </category>
  <size>
   XXL
  </size>
  <color>
   Синий
  </color>
  <material>
   Нейлон
  </material>
  <price>
   929115
  </price>
  <rating>
   2.42
  </rating>
  <reviews>
   479872
  </reviews>
  <new>
   -
  </new>
  <exclusive>
   no
  </exclusive>
  <sporty>
   yes
  </sporty>
 </clothing>
</clothing-items>
