<?xml version="1.0" encoding="utf-8"?>
<clothing-items>
 <clothing>
  <id>
   771333182
  </id>
  <name>
   Puma Shirt N-3044
  </name>
  <category>
   Shirt
  </category>
  <size>
   XL
  </size>
  <color>
   Оранжевый
  </color>
  <material>
   Хлопок
  </material>
  <price>
   861120
  </price>
  <rating>
   4.9
  </rating>
  <reviews>
   970391
  </reviews>
  <exclusive>
   no
  </exclusive>
  <sporty>
   no
  </sporty>
 </clothing>
 <clothing>
  <id>
   778424877
  </id>
  <name>
   Nike T-shirt T-9851
  </name>
  <category>
   T-shirt
  </category>
  <size>
   L
  </size>
  <color>
   Синий
  </color>
  <material>
   Вискоза
  </material>
  <price>
   143774
  </price>
  <rating>
   2.39
  </rating>
  <reviews>
   966047
  </reviews>
  <new>
   -
  </new>
 </clothing>
 <clothing>
  <id>
   619191277
  </id>
  <name>
   Nike Jacket E-5488
  </name>
  <category>
   Jacket
  </category>
  <size>
   XXL
  </size>
  <color>
   Оранжевый
  </color>
  <material>
   Кожа
  </material>
  <price>
   663853
  </price>
  <rating>
   1.43
  </rating>
  <reviews>
   374015
  </reviews>
  <exclusive>
   no
  </exclusive>
  <sporty>
   no
  </sporty>
 </clothing>
 <clothing>
  <id>
   268728745
  </id>
  <name>
   Under Armour Jeans D-3516
  </name>
  <category>
   Jeans
  </category>
  <size>
   XL
  </size>
  <color>
   Желтый
  </color>
  <material>
   Хлопок
  </material>
  <price>
   855058
  </price>
  <rating>
   1.18
  </rating>
  <reviews>
   553337
  </reviews>
  <new>
   -
  </new>
  <sporty>
   no
  </sporty>
 </clothing>
 <clothing>
  <id>
   709685973
  </id>
  <name>
   New Balance Shoes T-7240
  </name>
  <category>
   Shoes
  </category>
  <size>
   S
  </size>
  <color>
   Красный
  </color>
  <material>
   Полиэстер
  </material>
  <price>
   601534
  </price>
  <rating>
   4.56
  </rating>
  <reviews>
   335683
  </reviews>
  <exclusive>
   no
  </exclusive>
 </clothing>
 <clothing>
  <id>
   392283798
  </id>
  <name>
   PleinSport Shirt T-6716
  </name>
  <category>
   Shirt
  </category>
  <size>
   L
  </size>
  <color>
   Желтый
  </color>
  <material>
   Лен
  </material>
  <price>
   284515
  </price>
  <rating>
   1.09
  </rating>
  <reviews>
   120227
  </reviews>
  <exclusive>
   no
  </exclusive>
  <sporty>
   no
  </sporty>
 </clothing>
 <clothing>
  <id>
   682001689
  </id>
  <name>
   Reebok Gloves H-5628
  </name>
  <category>
   Gloves
  </category>
  <size>
   M
  </size>
  <color>
   Синий
  </color>
  <material>
   Шерсть
  </material>
  <price>
   643287
  </price>
  <rating>
   3.1
  </rating>
  <reviews>
   820418
  </reviews>
  <new>
   -
  </new>
  <exclusive>
   yes
  </exclusive>
 </clothing>
 <clothing>
  <id>
   952060694
  </id>
  <name>
   Converse Dress C-6430
  </name>
  <category>
   Dress
  </category>
  <size>
   S
  </size>
  <color>
   Оранжевый
  </color>
  <material>
   Нейлон
  </material>
  <price>
   536712
  </price>
  <rating>
   4.3
  </rating>
  <reviews>
   74980
  </reviews>
  <sporty>
   no
  </sporty>
 </clothing>
 <clothing>
  <id>
   904698633
  </id>
  <name>
   Brooks Dress A-2957
  </name>
  <category>
   Dress
  </category>
  <size>
   M
  </size>
  <color>
   Фиолетовый
  </color>
  <material>
   Кожа
  </material>
  <price>
   327877
  </price>
  <rating>
   2.87
  </rating>
  <reviews>
   658781
  </reviews>
 </clothing>
 <clothing>
  <id>
   634877797
  </id>
  <name>
   Lacoste Dress P-5337
  </name>
  <category>
   Dress
  </category>
  <size>
   L
  </size>
  <color>
   Желтый
  </color>
  <material>
   Вискоза
  </material>
  <price>
   760885
  </price>
  <rating>
   3.25
  </rating>
  <reviews>
   25729
  </reviews>
  <exclusive>
   no
  </exclusive>
  <sporty>
   no
  </sporty>
 </clothing>
 <clothing>
  <id>
   826668712
  </id>
  <name>
   Lacoste Jeans M-2881
  </name>
  <category>
   Jeans
  </category>
  <size>
   M
  </size>
  <color>
   Голубой
  </color>
  <material>
   Лен
  </material>
  <price>
   173667
  </price>
  <rating>
   2.12
  </rating>
  <reviews>
   966405
  </reviews>
  <exclusive>
   no
  </exclusive>
  <sporty>
   yes
  </sporty>
 </clothing>
 <clothing>
  <id>
   244152966
  </id>
  <name>
   Under Armour Skirt T-2084
  </name>
  <category>
   Skirt
  </category>
  <size>
   XXL
  </size>
  <color>
   Красный
  </color>
  <material>
   Хлопок
  </material>
  <price>
   823053
  </price>
  <rating>
   1.29
  </rating>
  <reviews>
   126523
  </reviews>
  <sporty>
   no
  </sporty>
 </clothing>
 <clothing>
  <id>
   363495119
  </id>
  <name>
   Reebok Socks M-6920
  </name>
  <category>
   Socks
  </category>
  <size>
   L
  </size>
  <color>
   Фиолетовый
  </color>
  <material>
   Шерсть
  </material>
  <price>
   305884
  </price>
  <rating>
   3.62
  </rating>
  <reviews>
   165502
  </reviews>
  <sporty>
   no
  </sporty>
 </clothing>
 <clothing>
  <id>
   423539444
  </id>
  <name>
   Brooks Dress A-3187
  </name>
  <category>
   Dress
  </category>
  <size>
   M
  </size>
  <color>
   Синий
  </color>
  <material>
   Кожа
  </material>
  <price>
   829718
  </price>
  <rating>
   1.42
  </rating>
  <reviews>
   360944
  </reviews>
  <new>
   +
  </new>
  <exclusive>
   yes
  </exclusive>
  <sporty>
   yes
  </sporty>
 </clothing>
 <clothing>
  <id>
   875745610
  </id>
  <name>
   Brooks Shoes H-3183
  </name>
  <category>
   Shoes
  </category>
  <size>
   L
  </size>
  <color>
   Зеленый
  </color>
  <material>
   Вискоза
  </material>
  <price>
   677280
  </price>
  <rating>
   3.34
  </rating>
  <reviews>
   486210
  </reviews>
 </clothing>
 <clothing>
  <id>
   656571491
  </id>
  <name>
   Vans Hat R-9843
  </name>
  <category>
   Hat
  </category>
  <size>
   XXL
  </size>
  <color>
   Желтый
  </color>
  <material>
   Полиэстер
  </material>
  <price>
   325013
  </price>
  <rating>
   1.98
  </rating>
  <reviews>
   441619
  </reviews>
  <new>
   -
  </new>
  <exclusive>
   yes
  </exclusive>
 </clothing>
 <clothing>
  <id>
   400521213
  </id>
  <name>
   Addidas Sweater G-6805
  </name>
  <category>
   Sweater
  </category>
  <size>
   XXL
  </size>
  <color>
   Зеленый
  </color>
  <material>
   Полиэстер
  </material>
  <price>
   286936
  </price>
  <rating>
   4.92
  </rating>
  <reviews>
   667165
  </reviews>
 </clothing>
 <clothing>
  <id>
   710534704
  </id>
  <name>
   Reebok Blouse A-3342
  </name>
  <category>
   Blouse
  </category>
  <size>
   L
  </size>
  <color>
   Оранжевый
  </color>
  <material>
   Нейлон
  </material>
  <price>
   785929
  </price>
  <rating>
   1.82
  </rating>
  <reviews>
   46577
  </reviews>
  <exclusive>
   no
  </exclusive>
  <sporty>
   yes
  </sporty>
 </clothing>
 <clothing>
  <id>
   787780631
  </id>
  <name>
   Vans Pants M-1149
  </name>
  <category>
   Pants
  </category>
  <size>
   M
  </size>
  <color>
   Синий
  </color>
  <material>
   Полиэстер
  </material>
  <price>
   822103
  </price>
  <rating>
   1.72
  </rating>
  <reviews>
   111446
  </reviews>
  <new>
   -
  </new>
  <exclusive>
   no
  </exclusive>
  <sporty>
   no
  </sporty>
 </clothing>
</clothing-items>
