<?xml version="1.0" encoding="utf-8"?>
<clothing-items>
 <clothing>
  <id>
   253590312
  </id>
  <name>
   Nike Umbrellas V-8735
  </name>
  <category>
   Umbrellas
  </category>
  <size>
   XXL
  </size>
  <color>
   Оранжевый
  </color>
  <material>
   Лен
  </material>
  <price>
   720200
  </price>
  <rating>
   3.69
  </rating>
  <reviews>
   773045
  </reviews>
  <exclusive>
   yes
  </exclusive>
  <sporty>
   yes
  </sporty>
 </clothing>
 <clothing>
  <id>
   470341159
  </id>
  <name>
   Fila Socks X-4843
  </name>
  <category>
   Socks
  </category>
  <size>
   XXL
  </size>
  <color>
   Оранжевый
  </color>
  <material>
   Лен
  </material>
  <price>
   763599
  </price>
  <rating>
   3.11
  </rating>
  <reviews>
   265786
  </reviews>
  <new>
   -
  </new>
  <exclusive>
   no
  </exclusive>
 </clothing>
 <clothing>
  <id>
   563267874
  </id>
  <name>
   Vans Dress S-1919
  </name>
  <category>
   Dress
  </category>
  <size>
   XL
  </size>
  <color>
   Синий
  </color>
  <material>
   Шерсть
  </material>
  <price>
   150593
  </price>
  <rating>
   3.29
  </rating>
  <reviews>
   455167
  </reviews>
  <new>
   -
  </new>
  <exclusive>
   yes
  </exclusive>
 </clothing>
 <clothing>
  <id>
   264529954
  </id>
  <name>
   Ellesse Skirt R-1190
  </name>
  <category>
   Skirt
  </category>
  <size>
   XL
  </size>
  <color>
   Оранжевый
  </color>
  <material>
   Хлопок
  </material>
  <price>
   903077
  </price>
  <rating>
   2.8
  </rating>
  <reviews>
   581294
  </reviews>
  <exclusive>
   yes
  </exclusive>
  <sporty>
   no
  </sporty>
 </clothing>
 <clothing>
  <id>
   661467891
  </id>
  <name>
   Puma Blouse V-4075
  </name>
  <category>
   Blouse
  </category>
  <size>
   M
  </size>
  <color>
   Фиолетовый
  </color>
  <material>
   Кожа
  </material>
  <price>
   289690
  </price>
  <rating>
   3.61
  </rating>
  <reviews>
   528117
  </reviews>
  <sporty>
   no
  </sporty>
 </clothing>
 <clothing>
  <id>
   219088622
  </id>
  <name>
   Adidas Skirt U-2255
  </name>
  <category>
   Skirt
  </category>
  <size>
   M
  </size>
  <color>
   Синий
  </color>
  <material>
   Хлопок
  </material>
  <price>
   648977
  </price>
  <rating>
   2.44
  </rating>
  <reviews>
   507596
  </reviews>
  <new>
   +
  </new>
 </clothing>
 <clothing>
  <id>
   301799524
  </id>
  <name>
   Lacoste Handbags S-2977
  </name>
  <category>
   Handbags
  </category>
  <size>
   XL
  </size>
  <color>
   Синий
  </color>
  <material>
   Хлопок
  </material>
  <price>
   298790
  </price>
  <rating>
   3.68
  </rating>
  <reviews>
   859088
  </reviews>
  <new>
   -
  </new>
  <sporty>
   no
  </sporty>
 </clothing>
 <clothing>
  <id>
   914964058
  </id>
  <name>
   New Balance Jacket D-2850
  </name>
  <category>
   Jacket
  </category>
  <size>
   L
  </size>
  <color>
   Голубой
  </color>
  <material>
   Шерсть
  </material>
  <price>
   349502
  </price>
  <rating>
   1.71
  </rating>
  <reviews>
   34120
  </reviews>
  <new>
   +
  </new>
  <exclusive>
   no
  </exclusive>
 </clothing>
 <clothing>
  <id>
   218344446
  </id>
  <name>
   Adidas Jacket W-1856
  </name>
  <category>
   Jacket
  </category>
  <size>
   L
  </size>
  <color>
   Красный
  </color>
  <material>
   Кожа
  </material>
  <price>
   150687
  </price>
  <rating>
   3.73
  </rating>
  <reviews>
   622715
  </reviews>
  <sporty>
   no
  </sporty>
 </clothing>
 <clothing>
  <id>
   777847051
  </id>
  <name>
   Nike Umbrellas J-2416
  </name>
  <category>
   Umbrellas
  </category>
  <size>
   XXL
  </size>
  <color>
   Красный
  </color>
  <material>
   Вискоза
  </material>
  <price>
   990011
  </price>
  <rating>
   1.61
  </rating>
  <reviews>
   458095
  </reviews>
  <exclusive>
   no
  </exclusive>
  <sporty>
   yes
  </sporty>
 </clothing>
 <clothing>
  <id>
   883795494
  </id>
  <name>
   Adidas T-shirt D-1423
  </name>
  <category>
   T-shirt
  </category>
  <size>
   S
  </size>
  <color>
   Голубой
  </color>
  <material>
   Полиэстер
  </material>
  <price>
   378740
  </price>
  <rating>
   4.22
  </rating>
  <reviews>
   129113
  </reviews>
  <exclusive>
   no
  </exclusive>
  <sporty>
   no
  </sporty>
 </clothing>
 <clothing>
  <id>
   516173487
  </id>
  <name>
   Under Armour Hat X-1907
  </name>
  <category>
   Hat
  </category>
  <size>
   XXL
  </size>
  <color>
   Зеленый
  </color>
  <material>
   Кожа
  </material>
  <price>
   496041
  </price>
  <rating>
   3.93
  </rating>
  <reviews>
   131374
  </reviews>
  <new>
   +
  </new>
  <exclusive>
   yes
  </exclusive>
 </clothing>
 <clothing>
  <id>
   540081197
  </id>
  <name>
   DC Skirt V-5198
  </name>
  <category>
   Skirt
  </category>
  <size>
   XXL
  </size>
  <color>
   Голубой
  </color>
  <material>
   Лен
  </material>
  <price>
   828052
  </price>
  <rating>
   4.11
  </rating>
  <reviews>
   705046
  </reviews>
  <new>
   -
  </new>
  <exclusive>
   yes
  </exclusive>
 </clothing>
 <clothing>
  <id>
   409229227
  </id>
  <name>
   Adidas Jeans Y-1394
  </name>
  <category>
   Jeans
  </category>
  <size>
   XL
  </size>
  <color>
   Красный
  </color>
  <material>
   Хлопок
  </material>
  <price>
   417263
  </price>
  <rating>
   3.85
  </rating>
  <reviews>
   558691
  </reviews>
  <exclusive>
   yes
  </exclusive>
  <sporty>
   no
  </sporty>
 </clothing>
 <clothing>
  <id>
   231935010
  </id>
  <name>
   Addidas T-shirt V-4441
  </name>
  <category>
   T-shirt
  </category>
  <size>
   XL
  </size>
  <color>
   Красный
  </color>
  <material>
   Вискоза
  </material>
  <price>
   606653
  </price>
  <rating>
   3.22
  </rating>
  <reviews>
   399604
  </reviews>
  <new>
   +
  </new>
  <exclusive>
   no
  </exclusive>
 </clothing>
 <clothing>
  <id>
   811286889
  </id>
  <name>
   Vans Shoes D-1674
  </name>
  <category>
   Shoes
  </category>
  <size>
   XL
  </size>
  <color>
   Зеленый
  </color>
  <material>
   Шерсть
  </material>
  <price>
   755386
  </price>
  <rating>
   1.87
  </rating>
  <reviews>
   383869
  </reviews>
  <sporty>
   no
  </sporty>
 </clothing>
 <clothing>
  <id>
   320513859
  </id>
  <name>
   Puma Jeans P-5977
  </name>
  <category>
   Jeans
  </category>
  <size>
   L
  </size>
  <color>
   Оранжевый
  </color>
  <material>
   Полиэстер
  </material>
  <price>
   482567
  </price>
  <rating>
   3.91
  </rating>
  <reviews>
   608729
  </reviews>
  <exclusive>
   no
  </exclusive>
  <sporty>
   yes
  </sporty>
 </clothing>
 <clothing>
  <id>
   212859081
  </id>
  <name>
   Fila T-shirt W-6368
  </name>
  <category>
   T-shirt
  </category>
  <size>
   XL
  </size>
  <color>
   Фиолетовый
  </color>
  <material>
   Нейлон
  </material>
  <price>
   762418
  </price>
  <rating>
   1.79
  </rating>
  <reviews>
   131229
  </reviews>
  <new>
   -
  </new>
  <exclusive>
   yes
  </exclusive>
  <sporty>
   no
  </sporty>
 </clothing>
 <clothing>
  <id>
   157138455
  </id>
  <name>
   Brooks Dress X-5209
  </name>
  <category>
   Dress
  </category>
  <size>
   L
  </size>
  <color>
   Синий
  </color>
  <material>
   Шерсть
  </material>
  <price>
   290595
  </price>
  <rating>
   1.83
  </rating>
  <reviews>
   230905
  </reviews>
  <exclusive>
   yes
  </exclusive>
  <sporty>
   yes
  </sporty>
 </clothing>
 <clothing>
  <id>
   427368745
  </id>
  <name>
   Under Armour Shirt J-5371
  </name>
  <category>
   Shirt
  </category>
  <size>
   L
  </size>
  <color>
   Оранжевый
  </color>
  <material>
   Хлопок
  </material>
  <price>
   484278
  </price>
  <rating>
   1.56
  </rating>
  <reviews>
   480607
  </reviews>
  <new>
   -
  </new>
  <exclusive>
   no
  </exclusive>
  <sporty>
   yes
  </sporty>
 </clothing>
 <clothing>
  <id>
   822701789
  </id>
  <name>
   Under Armour Jeans X-8197
  </name>
  <category>
   Jeans
  </category>
  <size>
   M
  </size>
  <color>
   Красный
  </color>
  <material>
   Нейлон
  </material>
  <price>
   848115
  </price>
  <rating>
   1.25
  </rating>
  <reviews>
   718711
  </reviews>
  <new>
   -
  </new>
  <sporty>
   no
  </sporty>
 </clothing>
 <clothing>
  <id>
   504475288
  </id>
  <name>
   New Balance Shirt H-4498
  </name>
  <category>
   Shirt
  </category>
  <size>
   XXL
  </size>
  <color>
   Оранжевый
  </color>
  <material>
   Вискоза
  </material>
  <price>
   386156
  </price>
  <rating>
   4.67
  </rating>
  <reviews>
   377955
  </reviews>
  <new>
   -
  </new>
  <sporty>
   no
  </sporty>
 </clothing>
 <clothing>
  <id>
   752131448
  </id>
  <name>
   Lacoste Skirt G-9771
  </name>
  <category>
   Skirt
  </category>
  <size>
   M
  </size>
  <color>
   Красный
  </color>
  <material>
   Полиэстер
  </material>
  <price>
   998182
  </price>
  <rating>
   1.35
  </rating>
  <reviews>
   437759
  </reviews>
  <new>
   -
  </new>
  <sporty>
   no
  </sporty>
 </clothing>
 <clothing>
  <id>
   710276724
  </id>
  <name>
   Asics Gloves T-3015
  </name>
  <category>
   Gloves
  </category>
  <size>
   XL
  </size>
  <color>
   Красный
  </color>
  <material>
   Кожа
  </material>
  <price>
   704178
  </price>
  <rating>
   1.99
  </rating>
  <reviews>
   423441
  </reviews>
  <exclusive>
   yes
  </exclusive>
  <sporty>
   no
  </sporty>
 </clothing>
 <clothing>
  <id>
   460149697
  </id>
  <name>
   Under Armour Jeans Z-4818
  </name>
  <category>
   Jeans
  </category>
  <size>
   L
  </size>
  <color>
   Синий
  </color>
  <material>
   Лен
  </material>
  <price>
   695947
  </price>
  <rating>
   2.36
  </rating>
  <reviews>
   869976
  </reviews>
  <new>
   -
  </new>
  <sporty>
   no
  </sporty>
 </clothing>
 <clothing>
  <id>
   510472092
  </id>
  <name>
   Adidas Hat N-2963
  </name>
  <category>
   Hat
  </category>
  <size>
   XL
  </size>
  <color>
   Фиолетовый
  </color>
  <material>
   Кожа
  </material>
  <price>
   744540
  </price>
  <rating>
   3.34
  </rating>
  <reviews>
   108502
  </reviews>
  <new>
   +
  </new>
  <sporty>
   yes
  </sporty>
 </clothing>
 <clothing>
  <id>
   786571675
  </id>
  <name>
   Reebok Skirt Q-8887
  </name>
  <category>
   Skirt
  </category>
  <size>
   XL
  </size>
  <color>
   Голубой
  </color>
  <material>
   Шерсть
  </material>
  <price>
   795132
  </price>
  <rating>
   1.55
  </rating>
  <reviews>
   222462
  </reviews>
  <new>
   -
  </new>
  <sporty>
   yes
  </sporty>
 </clothing>
 <clothing>
  <id>
   368431591
  </id>
  <name>
   Adidas Dress I-4395
  </name>
  <category>
   Dress
  </category>
  <size>
   L
  </size>
  <color>
   Красный
  </color>
  <material>
   Нейлон
  </material>
  <price>
   786225
  </price>
  <rating>
   3.6
  </rating>
  <reviews>
   95541
  </reviews>
  <exclusive>
   yes
  </exclusive>
  <sporty>
   no
  </sporty>
 </clothing>
 <clothing>
  <id>
   918844989
  </id>
  <name>
   Nike Belts L-1710
  </name>
  <category>
   Belts
  </category>
  <size>
   L
  </size>
  <color>
   Фиолетовый
  </color>
  <material>
   Нейлон
  </material>
  <price>
   145508
  </price>
  <rating>
   2.97
  </rating>
  <reviews>
   76956
  </reviews>
  <new>
   -
  </new>
  <exclusive>
   yes
  </exclusive>
 </clothing>
 <clothing>
  <id>
   521316974
  </id>
  <name>
   Nike Umbrellas B-1075
  </name>
  <category>
   Umbrellas
  </category>
  <size>
   XL
  </size>
  <color>
   Зеленый
  </color>
  <material>
   Полиэстер
  </material>
  <price>
   228602
  </price>
  <rating>
   2.85
  </rating>
  <reviews>
   322977
  </reviews>
  <new>
   +
  </new>
  <sporty>
   yes
  </sporty>
 </clothing>
 <clothing>
  <id>
   453527337
  </id>
  <name>
   Ellesse Handbags V-7316
  </name>
  <category>
   Handbags
  </category>
  <size>
   XL
  </size>
  <color>
   Красный
  </color>
  <material>
   Нейлон
  </material>
  <price>
   779058
  </price>
  <rating>
   2.38
  </rating>
  <reviews>
   181624
  </reviews>
  <new>
   -
  </new>
  <exclusive>
   yes
  </exclusive>
 </clothing>
 <clothing>
  <id>
   455627483
  </id>
  <name>
   Vans Shirt S-4596
  </name>
  <category>
   Shirt
  </category>
  <size>
   XL
  </size>
  <color>
   Голубой
  </color>
  <material>
   Шерсть
  </material>
  <price>
   805210
  </price>
  <rating>
   4.14
  </rating>
  <reviews>
   761394
  </reviews>
  <new>
   +
  </new>
  <sporty>
   no
  </sporty>
 </clothing>
 <clothing>
  <id>
   580923827
  </id>
  <name>
   DC Blouse F-4057
  </name>
  <category>
   Blouse
  </category>
  <size>
   S
  </size>
  <color>
   Синий
  </color>
  <material>
   Кожа
  </material>
  <price>
   398801
  </price>
  <rating>
   4.99
  </rating>
  <reviews>
   203298
  </reviews>
  <new>
   -
  </new>
  <exclusive>
   yes
  </exclusive>
  <sporty>
   no
  </sporty>
 </clothing>
 <clothing>
  <id>
   870794256
  </id>
  <name>
   Vans Shirt J-7689
  </name>
  <category>
   Shirt
  </category>
  <size>
   S
  </size>
  <color>
   Желтый
  </color>
  <material>
   Полиэстер
  </material>
  <price>
   429588
  </price>
  <rating>
   2.93
  </rating>
  <reviews>
   164267
  </reviews>
  <exclusive>
   yes
  </exclusive>
  <sporty>
   no
  </sporty>
 </clothing>
 <clothing>
  <id>
   918831448
  </id>
  <name>
   PleinSport Shirt I-2756
  </name>
  <category>
   Shirt
  </category>
  <size>
   XXL
  </size>
  <color>
   Синий
  </color>
  <material>
   Кожа
  </material>
  <price>
   985778
  </price>
  <rating>
   1.07
  </rating>
  <reviews>
   875208
  </reviews>
  <sporty>
   yes
  </sporty>
 </clothing>
 <clothing>
  <id>
   707199499
  </id>
  <name>
   Vans Jeans C-6349
  </name>
  <category>
   Jeans
  </category>
  <size>
   S
  </size>
  <color>
   Красный
  </color>
  <material>
   Хлопок
  </material>
  <price>
   614518
  </price>
  <rating>
   2.55
  </rating>
  <reviews>
   996626
  </reviews>
  <new>
   -
  </new>
  <exclusive>
   no
  </exclusive>
 </clothing>
 <clothing>
  <id>
   856807777
  </id>
  <name>
   Lacoste Shoes M-2395
  </name>
  <category>
   Shoes
  </category>
  <size>
   M
  </size>
  <color>
   Голубой
  </color>
  <material>
   Шерсть
  </material>
  <price>
   118099
  </price>
  <rating>
   3.56
  </rating>
  <reviews>
   920362
  </reviews>
  <new>
   -
  </new>
  <exclusive>
   no
  </exclusive>
  <sporty>
   no
  </sporty>
 </clothing>
 <clothing>
  <id>
   924200796
  </id>
  <name>
   Puma Blouse F-3558
  </name>
  <category>
   Blouse
  </category>
  <size>
   M
  </size>
  <color>
   Синий
  </color>
  <material>
   Вискоза
  </material>
  <price>
   450145
  </price>
  <rating>
   3.15
  </rating>
  <reviews>
   385443
  </reviews>
  <new>
   +
  </new>
  <exclusive>
   no
  </exclusive>
 </clothing>
 <clothing>
  <id>
   545911786
  </id>
  <name>
   Brooks Gloves O-9366
  </name>
  <category>
   Gloves
  </category>
  <size>
   XXL
  </size>
  <color>
   Красный
  </color>
  <material>
   Лен
  </material>
  <price>
   562254
  </price>
  <rating>
   2.13
  </rating>
  <reviews>
   711902
  </reviews>
  <new>
   +
  </new>
  <sporty>
   no
  </sporty>
 </clothing>
 <clothing>
  <id>
   315695173
  </id>
  <name>
   Puma Shirt D-5161
  </name>
  <category>
   Shirt
  </category>
  <size>
   M
  </size>
  <color>
   Красный
  </color>
  <material>
   Шелк
  </material>
  <price>
   590277
  </price>
  <rating>
   1.2
  </rating>
  <reviews>
   712558
  </reviews>
  <new>
   -
  </new>
  <sporty>
   no
  </sporty>
 </clothing>
 <clothing>
  <id>
   724288482
  </id>
  <name>
   Vans T-shirt J-2931
  </name>
  <category>
   T-shirt
  </category>
  <size>
   L
  </size>
  <color>
   Зеленый
  </color>
  <material>
   Шерсть
  </material>
  <price>
   914544
  </price>
  <rating>
   3.14
  </rating>
  <reviews>
   483211
  </reviews>
  <new>
   +
  </new>
  <exclusive>
   no
  </exclusive>
  <sporty>
   no
  </sporty>
 </clothing>
 <clothing>
  <id>
   714766574
  </id>
  <name>
   DC Sweater N-4641
  </name>
  <category>
   Sweater
  </category>
  <size>
   XL
  </size>
  <color>
   Красный
  </color>
  <material>
   Полиэстер
  </material>
  <price>
   903208
  </price>
  <rating>
   4.1
  </rating>
  <reviews>
   15183
  </reviews>
  <exclusive>
   no
  </exclusive>
 </clothing>
 <clothing>
  <id>
   472459291
  </id>
  <name>
   DC Pants A-1178
  </name>
  <category>
   Pants
  </category>
  <size>
   XXL
  </size>
  <color>
   Фиолетовый
  </color>
  <material>
   Лен
  </material>
  <price>
   214417
  </price>
  <rating>
   1.72
  </rating>
  <reviews>
   242259
  </reviews>
  <new>
   -
  </new>
 </clothing>
 <clothing>
  <id>
   871774493
  </id>
  <name>
   Fila Belts E-7514
  </name>
  <category>
   Belts
  </category>
  <size>
   L
  </size>
  <color>
   Зеленый
  </color>
  <material>
   Нейлон
  </material>
  <price>
   107770
  </price>
  <rating>
   3.02
  </rating>
  <reviews>
   643164
  </reviews>
  <new>
   -
  </new>
  <exclusive>
   yes
  </exclusive>
  <sporty>
   no
  </sporty>
 </clothing>
 <clothing>
  <id>
   622934619
  </id>
  <name>
   Lacoste Jacket U-9741
  </name>
  <category>
   Jacket
  </category>
  <size>
   XL
  </size>
  <color>
   Красный
  </color>
  <material>
   Кожа
  </material>
  <price>
   852314
  </price>
  <rating>
   2.67
  </rating>
  <reviews>
   967642
  </reviews>
  <new>
   -
  </new>
  <exclusive>
   yes
  </exclusive>
 </clothing>
 <clothing>
  <id>
   431291958
  </id>
  <name>
   Addidas Umbrellas F-3888
  </name>
  <category>
   Umbrellas
  </category>
  <size>
   XL
  </size>
  <color>
   Фиолетовый
  </color>
  <material>
   Вискоза
  </material>
  <price>
   526361
  </price>
  <rating>
   4.8
  </rating>
  <reviews>
   418439
  </reviews>
  <new>
   +
  </new>
  <exclusive>
   no
  </exclusive>
 </clothing>
 <clothing>
  <id>
   891045945
  </id>
  <name>
   PleinSport Dress O-4004
  </name>
  <category>
   Dress
  </category>
  <size>
   L
  </size>
  <color>
   Зеленый
  </color>
  <material>
   Нейлон
  </material>
  <price>
   876585
  </price>
  <rating>
   2.19
  </rating>
  <reviews>
   991947
  </reviews>
  <new>
   -
  </new>
  <exclusive>
   no
  </exclusive>
  <sporty>
   no
  </sporty>
 </clothing>
</clothing-items>
