<?xml version="1.0" encoding="utf-8"?>
<clothing-items>
 <clothing>
  <id>
   710443788
  </id>
  <name>
   Ellesse Jeans C-7407
  </name>
  <category>
   Jeans
  </category>
  <size>
   XXL
  </size>
  <color>
   Синий
  </color>
  <material>
   Нейлон
  </material>
  <price>
   981049
  </price>
  <rating>
   4.44
  </rating>
  <reviews>
   47577
  </reviews>
  <new>
   +
  </new>
  <exclusive>
   yes
  </exclusive>
  <sporty>
   yes
  </sporty>
 </clothing>
 <clothing>
  <id>
   148712661
  </id>
  <name>
   New Balance Dress P-6502
  </name>
  <category>
   Dress
  </category>
  <size>
   L
  </size>
  <color>
   Красный
  </color>
  <material>
   Хлопок
  </material>
  <price>
   413930
  </price>
  <rating>
   2.16
  </rating>
  <reviews>
   141600
  </reviews>
  <new>
   +
  </new>
 </clothing>
 <clothing>
  <id>
   364852952
  </id>
  <name>
   PleinSport Hat H-2840
  </name>
  <category>
   Hat
  </category>
  <size>
   XXL
  </size>
  <color>
   Голубой
  </color>
  <material>
   Вискоза
  </material>
  <price>
   877454
  </price>
  <rating>
   4.44
  </rating>
  <reviews>
   890611
  </reviews>
  <new>
   -
  </new>
  <sporty>
   no
  </sporty>
 </clothing>
 <clothing>
  <id>
   252091403
  </id>
  <name>
   Ellesse Pants B-7567
  </name>
  <category>
   Pants
  </category>
  <size>
   S
  </size>
  <color>
   Оранжевый
  </color>
  <material>
   Хлопок
  </material>
  <price>
   709801
  </price>
  <rating>
   3.93
  </rating>
  <reviews>
   74190
  </reviews>
  <new>
   -
  </new>
  <exclusive>
   yes
  </exclusive>
  <sporty>
   no
  </sporty>
 </clothing>
 <clothing>
  <id>
   995688229
  </id>
  <name>
   Reebok Jeans S-8950
  </name>
  <category>
   Jeans
  </category>
  <size>
   XXL
  </size>
  <color>
   Фиолетовый
  </color>
  <material>
   Шелк
  </material>
  <price>
   844945
  </price>
  <rating>
   3.45
  </rating>
  <reviews>
   625090
  </reviews>
  <new>
   +
  </new>
  <exclusive>
   no
  </exclusive>
 </clothing>
 <clothing>
  <id>
   631749566
  </id>
  <name>
   Converse Pants K-5257
  </name>
  <category>
   Pants
  </category>
  <size>
   XL
  </size>
  <color>
   Синий
  </color>
  <material>
   Шерсть
  </material>
  <price>
   514625
  </price>
  <rating>
   4.95
  </rating>
  <reviews>
   383498
  </reviews>
  <new>
   +
  </new>
  <sporty>
   yes
  </sporty>
 </clothing>
 <clothing>
  <id>
   113219847
  </id>
  <name>
   PleinSport Pants L-1928
  </name>
  <category>
   Pants
  </category>
  <size>
   XXL
  </size>
  <color>
   Оранжевый
  </color>
  <material>
   Шерсть
  </material>
  <price>
   935717
  </price>
  <rating>
   1.33
  </rating>
  <reviews>
   9331
  </reviews>
  <new>
   +
  </new>
  <exclusive>
   no
  </exclusive>
 </clothing>
 <clothing>
  <id>
   845567628
  </id>
  <name>
   Fila Umbrellas Y-1759
  </name>
  <category>
   Umbrellas
  </category>
  <size>
   L
  </size>
  <color>
   Зеленый
  </color>
  <material>
   Вискоза
  </material>
  <price>
   870946
  </price>
  <rating>
   1.67
  </rating>
  <reviews>
   517735
  </reviews>
  <exclusive>
   yes
  </exclusive>
 </clothing>
 <clothing>
  <id>
   923749166
  </id>
  <name>
   PleinSport Hat P-3475
  </name>
  <category>
   Hat
  </category>
  <size>
   M
  </size>
  <color>
   Голубой
  </color>
  <material>
   Хлопок
  </material>
  <price>
   667963
  </price>
  <rating>
   2.18
  </rating>
  <reviews>
   665642
  </reviews>
  <new>
   +
  </new>
  <sporty>
   yes
  </sporty>
 </clothing>
 <clothing>
  <id>
   407295479
  </id>
  <name>
   Puma Sweater Z-8005
  </name>
  <category>
   Sweater
  </category>
  <size>
   S
  </size>
  <color>
   Оранжевый
  </color>
  <material>
   Кожа
  </material>
  <price>
   977747
  </price>
  <rating>
   3.53
  </rating>
  <reviews>
   309001
  </reviews>
  <sporty>
   no
  </sporty>
 </clothing>
 <clothing>
  <id>
   208328110
  </id>
  <name>
   Vans Jacket L-5858
  </name>
  <category>
   Jacket
  </category>
  <size>
   S
  </size>
  <color>
   Фиолетовый
  </color>
  <material>
   Лен
  </material>
  <price>
   136788
  </price>
  <rating>
   3.08
  </rating>
  <reviews>
   174971
  </reviews>
  <new>
   -
  </new>
  <exclusive>
   yes
  </exclusive>
  <sporty>
   no
  </sporty>
 </clothing>
 <clothing>
  <id>
   183790790
  </id>
  <name>
   Ellesse Blouse R-9164
  </name>
  <category>
   Blouse
  </category>
  <size>
   L
  </size>
  <color>
   Красный
  </color>
  <material>
   Полиэстер
  </material>
  <price>
   224291
  </price>
  <rating>
   1.2
  </rating>
  <reviews>
   58887
  </reviews>
  <new>
   +
  </new>
  <exclusive>
   no
  </exclusive>
  <sporty>
   no
  </sporty>
 </clothing>
 <clothing>
  <id>
   594511001
  </id>
  <name>
   PleinSport Shirt B-5850
  </name>
  <category>
   Shirt
  </category>
  <size>
   M
  </size>
  <color>
   Фиолетовый
  </color>
  <material>
   Кожа
  </material>
  <price>
   344473
  </price>
  <rating>
   1.86
  </rating>
  <reviews>
   827881
  </reviews>
  <new>
   -
  </new>
  <exclusive>
   yes
  </exclusive>
 </clothing>
 <clothing>
  <id>
   588060389
  </id>
  <name>
   Lacoste Hat H-3446
  </name>
  <category>
   Hat
  </category>
  <size>
   XXL
  </size>
  <color>
   Красный
  </color>
  <material>
   Вискоза
  </material>
  <price>
   380481
  </price>
  <rating>
   1.52
  </rating>
  <reviews>
   85772
  </reviews>
  <sporty>
   no
  </sporty>
 </clothing>
 <clothing>
  <id>
   982024803
  </id>
  <name>
   Fila Blouse J-5766
  </name>
  <category>
   Blouse
  </category>
  <size>
   M
  </size>
  <color>
   Желтый
  </color>
  <material>
   Лен
  </material>
  <price>
   606099
  </price>
  <rating>
   1.65
  </rating>
  <reviews>
   523175
  </reviews>
  <new>
   -
  </new>
  <exclusive>
   yes
  </exclusive>
  <sporty>
   no
  </sporty>
 </clothing>
 <clothing>
  <id>
   996459148
  </id>
  <name>
   Brooks Jacket C-6227
  </name>
  <category>
   Jacket
  </category>
  <size>
   XL
  </size>
  <color>
   Синий
  </color>
  <material>
   Кожа
  </material>
  <price>
   981468
  </price>
  <rating>
   2.05
  </rating>
  <reviews>
   851559
  </reviews>
  <new>
   +
  </new>
  <exclusive>
   no
  </exclusive>
  <sporty>
   yes
  </sporty>
 </clothing>
 <clothing>
  <id>
   870325862
  </id>
  <name>
   Under Armour Hat W-1220
  </name>
  <category>
   Hat
  </category>
  <size>
   M
  </size>
  <color>
   Желтый
  </color>
  <material>
   Лен
  </material>
  <price>
   288817
  </price>
  <rating>
   1.4
  </rating>
  <reviews>
   596534
  </reviews>
  <exclusive>
   no
  </exclusive>
 </clothing>
 <clothing>
  <id>
   569825199
  </id>
  <name>
   Lacoste Umbrellas W-3558
  </name>
  <category>
   Umbrellas
  </category>
  <size>
   M
  </size>
  <color>
   Синий
  </color>
  <material>
   Нейлон
  </material>
  <price>
   963155
  </price>
  <rating>
   1.27
  </rating>
  <reviews>
   583172
  </reviews>
  <exclusive>
   no
  </exclusive>
  <sporty>
   no
  </sporty>
 </clothing>
 <clothing>
  <id>
   682286607
  </id>
  <name>
   DC Umbrellas O-3326
  </name>
  <category>
   Umbrellas
  </category>
  <size>
   L
  </size>
  <color>
   Зеленый
  </color>
  <material>
   Лен
  </material>
  <price>
   324711
  </price>
  <rating>
   2.75
  </rating>
  <reviews>
   921031
  </reviews>
  <new>
   -
  </new>
  <exclusive>
   yes
  </exclusive>
  <sporty>
   no
  </sporty>
 </clothing>
 <clothing>
  <id>
   115966854
  </id>
  <name>
   DC Socks Y-7569
  </name>
  <category>
   Socks
  </category>
  <size>
   XXL
  </size>
  <color>
   Голубой
  </color>
  <material>
   Шелк
  </material>
  <price>
   176964
  </price>
  <rating>
   3.11
  </rating>
  <reviews>
   676204
  </reviews>
  <new>
   -
  </new>
  <exclusive>
   no
  </exclusive>
 </clothing>
 <clothing>
  <id>
   196675831
  </id>
  <name>
   DC Jacket N-7486
  </name>
  <category>
   Jacket
  </category>
  <size>
   S
  </size>
  <color>
   Красный
  </color>
  <material>
   Шелк
  </material>
  <price>
   827254
  </price>
  <rating>
   3.74
  </rating>
  <reviews>
   534103
  </reviews>
  <sporty>
   yes
  </sporty>
 </clothing>
 <clothing>
  <id>
   936641227
  </id>
  <name>
   DC Belts Q-6775
  </name>
  <category>
   Belts
  </category>
  <size>
   M
  </size>
  <color>
   Оранжевый
  </color>
  <material>
   Нейлон
  </material>
  <price>
   935779
  </price>
  <rating>
   1.09
  </rating>
  <reviews>
   810444
  </reviews>
  <new>
   +
  </new>
  <exclusive>
   no
  </exclusive>
  <sporty>
   yes
  </sporty>
 </clothing>
 <clothing>
  <id>
   118998614
  </id>
  <name>
   Converse Shirt O-9938
  </name>
  <category>
   Shirt
  </category>
  <size>
   M
  </size>
  <color>
   Синий
  </color>
  <material>
   Шерсть
  </material>
  <price>
   671470
  </price>
  <rating>
   1.08
  </rating>
  <reviews>
   31393
  </reviews>
  <new>
   -
  </new>
  <exclusive>
   no
  </exclusive>
  <sporty>
   no
  </sporty>
 </clothing>
 <clothing>
  <id>
   917427607
  </id>
  <name>
   Adidas Blouse R-1886
  </name>
  <category>
   Blouse
  </category>
  <size>
   XL
  </size>
  <color>
   Голубой
  </color>
  <material>
   Нейлон
  </material>
  <price>
   343800
  </price>
  <rating>
   4.76
  </rating>
  <reviews>
   827751
  </reviews>
  <new>
   +
  </new>
  <sporty>
   no
  </sporty>
 </clothing>
 <clothing>
  <id>
   438778818
  </id>
  <name>
   Brooks T-shirt E-7251
  </name>
  <category>
   T-shirt
  </category>
  <size>
   M
  </size>
  <color>
   Синий
  </color>
  <material>
   Шерсть
  </material>
  <price>
   330444
  </price>
  <rating>
   2.27
  </rating>
  <reviews>
   384916
  </reviews>
  <new>
   -
  </new>
  <exclusive>
   yes
  </exclusive>
  <sporty>
   no
  </sporty>
 </clothing>
 <clothing>
  <id>
   160938602
  </id>
  <name>
   Brooks Jacket G-5731
  </name>
  <category>
   Jacket
  </category>
  <size>
   M
  </size>
  <color>
   Зеленый
  </color>
  <material>
   Нейлон
  </material>
  <price>
   420778
  </price>
  <rating>
   2.3
  </rating>
  <reviews>
   127189
  </reviews>
  <new>
   -
  </new>
 </clothing>
 <clothing>
  <id>
   867712894
  </id>
  <name>
   Lacoste Shirt D-1356
  </name>
  <category>
   Shirt
  </category>
  <size>
   XL
  </size>
  <color>
   Фиолетовый
  </color>
  <material>
   Хлопок
  </material>
  <price>
   136896
  </price>
  <rating>
   2.56
  </rating>
  <reviews>
   451852
  </reviews>
  <new>
   +
  </new>
  <exclusive>
   no
  </exclusive>
 </clothing>
 <clothing>
  <id>
   385284884
  </id>
  <name>
   Converse Jacket U-9526
  </name>
  <category>
   Jacket
  </category>
  <size>
   XXL
  </size>
  <color>
   Оранжевый
  </color>
  <material>
   Хлопок
  </material>
  <price>
   597691
  </price>
  <rating>
   1.51
  </rating>
  <reviews>
   716506
  </reviews>
  <new>
   -
  </new>
  <exclusive>
   yes
  </exclusive>
 </clothing>
 <clothing>
  <id>
   266419637
  </id>
  <name>
   Under Armour Handbags W-5454
  </name>
  <category>
   Handbags
  </category>
  <size>
   XL
  </size>
  <color>
   Красный
  </color>
  <material>
   Нейлон
  </material>
  <price>
   757084
  </price>
  <rating>
   1.05
  </rating>
  <reviews>
   507036
  </reviews>
  <new>
   -
  </new>
  <exclusive>
   no
  </exclusive>
 </clothing>
 <clothing>
  <id>
   630056080
  </id>
  <name>
   Addidas Belts O-1716
  </name>
  <category>
   Belts
  </category>
  <size>
   XXL
  </size>
  <color>
   Фиолетовый
  </color>
  <material>
   Лен
  </material>
  <price>
   607214
  </price>
  <rating>
   3.15
  </rating>
  <reviews>
   162602
  </reviews>
  <new>
   +
  </new>
  <exclusive>
   yes
  </exclusive>
 </clothing>
 <clothing>
  <id>
   637143422
  </id>
  <name>
   Nike Sweater G-8131
  </name>
  <category>
   Sweater
  </category>
  <size>
   XXL
  </size>
  <color>
   Зеленый
  </color>
  <material>
   Полиэстер
  </material>
  <price>
   479598
  </price>
  <rating>
   4.47
  </rating>
  <reviews>
   492629
  </reviews>
 </clothing>
 <clothing>
  <id>
   860515582
  </id>
  <name>
   DC Shoes R-8314
  </name>
  <category>
   Shoes
  </category>
  <size>
   L
  </size>
  <color>
   Фиолетовый
  </color>
  <material>
   Шелк
  </material>
  <price>
   958723
  </price>
  <rating>
   1.01
  </rating>
  <reviews>
   578799
  </reviews>
  <new>
   -
  </new>
  <exclusive>
   no
  </exclusive>
  <sporty>
   no
  </sporty>
 </clothing>
 <clothing>
  <id>
   448189356
  </id>
  <name>
   Asics Blouse F-5607
  </name>
  <category>
   Blouse
  </category>
  <size>
   S
  </size>
  <color>
   Оранжевый
  </color>
  <material>
   Хлопок
  </material>
  <price>
   130266
  </price>
  <rating>
   2.6
  </rating>
  <reviews>
   42209
  </reviews>
  <new>
   +
  </new>
  <sporty>
   yes
  </sporty>
 </clothing>
</clothing-items>
