<?xml version="1.0" encoding="utf-8"?>
<clothing-items>
 <clothing>
  <id>
   143665967
  </id>
  <name>
   Converse Umbrellas K-8381
  </name>
  <category>
   Umbrellas
  </category>
  <size>
   XXL
  </size>
  <color>
   Зеленый
  </color>
  <material>
   Шелк
  </material>
  <price>
   973234
  </price>
  <rating>
   1.17
  </rating>
  <reviews>
   102446
  </reviews>
  <new>
   -
  </new>
  <exclusive>
   no
  </exclusive>
 </clothing>
 <clothing>
  <id>
   857706448
  </id>
  <name>
   Ellesse T-shirt H-5222
  </name>
  <category>
   T-shirt
  </category>
  <size>
   XXL
  </size>
  <color>
   Голубой
  </color>
  <material>
   Хлопок
  </material>
  <price>
   828837
  </price>
  <rating>
   3.61
  </rating>
  <reviews>
   98662
  </reviews>
  <exclusive>
   no
  </exclusive>
  <sporty>
   yes
  </sporty>
 </clothing>
 <clothing>
  <id>
   999378588
  </id>
  <name>
   Converse Belts X-6407
  </name>
  <category>
   Belts
  </category>
  <size>
   L
  </size>
  <color>
   Голубой
  </color>
  <material>
   Нейлон
  </material>
  <price>
   567864
  </price>
  <rating>
   3.17
  </rating>
  <reviews>
   94496
  </reviews>
  <new>
   -
  </new>
 </clothing>
 <clothing>
  <id>
   907897085
  </id>
  <name>
   Lacoste Blouse D-7132
  </name>
  <category>
   Blouse
  </category>
  <size>
   XXL
  </size>
  <color>
   Зеленый
  </color>
  <material>
   Вискоза
  </material>
  <price>
   553521
  </price>
  <rating>
   4.48
  </rating>
  <reviews>
   352352
  </reviews>
  <sporty>
   yes
  </sporty>
 </clothing>
 <clothing>
  <id>
   632434632
  </id>
  <name>
   Reebok Pants G-7859
  </name>
  <category>
   Pants
  </category>
  <size>
   M
  </size>
  <color>
   Фиолетовый
  </color>
  <material>
   Лен
  </material>
  <price>
   477249
  </price>
  <rating>
   4.81
  </rating>
  <reviews>
   878847
  </reviews>
 </clothing>
 <clothing>
  <id>
   223126792
  </id>
  <name>
   PleinSport Belts I-8055
  </name>
  <category>
   Belts
  </category>
  <size>
   L
  </size>
  <color>
   Красный
  </color>
  <material>
   Кожа
  </material>
  <price>
   264295
  </price>
  <rating>
   2.32
  </rating>
  <reviews>
   585758
  </reviews>
  <new>
   -
  </new>
  <exclusive>
   yes
  </exclusive>
 </clothing>
 <clothing>
  <id>
   878920054
  </id>
  <name>
   Converse Socks B-5616
  </name>
  <category>
   Socks
  </category>
  <size>
   M
  </size>
  <color>
   Синий
  </color>
  <material>
   Лен
  </material>
  <price>
   914474
  </price>
  <rating>
   4.97
  </rating>
  <reviews>
   732646
  </reviews>
  <new>
   -
  </new>
  <sporty>
   no
  </sporty>
 </clothing>
 <clothing>
  <id>
   754231515
  </id>
  <name>
   Asics Sweater W-4448
  </name>
  <category>
   Sweater
  </category>
  <size>
   XXL
  </size>
  <color>
   Красный
  </color>
  <material>
   Хлопок
  </material>
  <price>
   279091
  </price>
  <rating>
   2.81
  </rating>
  <reviews>
   888534
  </reviews>
  <new>
   -
  </new>
  <sporty>
   no
  </sporty>
 </clothing>
 <clothing>
  <id>
   530119463
  </id>
  <name>
   Converse Umbrellas T-1015
  </name>
  <category>
   Umbrellas
  </category>
  <size>
   S
  </size>
  <color>
   Фиолетовый
  </color>
  <material>
   Полиэстер
  </material>
  <price>
   363897
  </price>
  <rating>
   2.67
  </rating>
  <reviews>
   683033
  </reviews>
  <new>
   -
  </new>
  <sporty>
   yes
  </sporty>
 </clothing>
 <clothing>
  <id>
   388395633
  </id>
  <name>
   Under Armour Gloves L-9530
  </name>
  <category>
   Gloves
  </category>
  <size>
   S
  </size>
  <color>
   Фиолетовый
  </color>
  <material>
   Шелк
  </material>
  <price>
   346040
  </price>
  <rating>
   4.24
  </rating>
  <reviews>
   865000
  </reviews>
  <exclusive>
   no
  </exclusive>
  <sporty>
   no
  </sporty>
 </clothing>
 <clothing>
  <id>
   169695727
  </id>
  <name>
   Under Armour Jeans I-3342
  </name>
  <category>
   Jeans
  </category>
  <size>
   S
  </size>
  <color>
   Красный
  </color>
  <material>
   Лен
  </material>
  <price>
   478911
  </price>
  <rating>
   1.71
  </rating>
  <reviews>
   227505
  </reviews>
  <new>
   -
  </new>
  <exclusive>
   no
  </exclusive>
  <sporty>
   no
  </sporty>
 </clothing>
 <clothing>
  <id>
   896060547
  </id>
  <name>
   New Balance Shoes O-4764
  </name>
  <category>
   Shoes
  </category>
  <size>
   M
  </size>
  <color>
   Оранжевый
  </color>
  <material>
   Шерсть
  </material>
  <price>
   474446
  </price>
  <rating>
   2.7
  </rating>
  <reviews>
   539531
  </reviews>
  <new>
   -
  </new>
  <exclusive>
   no
  </exclusive>
  <sporty>
   yes
  </sporty>
 </clothing>
 <clothing>
  <id>
   887534254
  </id>
  <name>
   DC Belts B-9507
  </name>
  <category>
   Belts
  </category>
  <size>
   XL
  </size>
  <color>
   Оранжевый
  </color>
  <material>
   Шерсть
  </material>
  <price>
   597890
  </price>
  <rating>
   2.52
  </rating>
  <reviews>
   973293
  </reviews>
  <new>
   -
  </new>
  <exclusive>
   no
  </exclusive>
 </clothing>
 <clothing>
  <id>
   501481853
  </id>
  <name>
   Adidas Hat N-5314
  </name>
  <category>
   Hat
  </category>
  <size>
   XXL
  </size>
  <color>
   Зеленый
  </color>
  <material>
   Шерсть
  </material>
  <price>
   665190
  </price>
  <rating>
   1.05
  </rating>
  <reviews>
   530567
  </reviews>
  <new>
   +
  </new>
  <exclusive>
   yes
  </exclusive>
 </clothing>
 <clothing>
  <id>
   239330391
  </id>
  <name>
   PleinSport Blouse A-4949
  </name>
  <category>
   Blouse
  </category>
  <size>
   M
  </size>
  <color>
   Зеленый
  </color>
  <material>
   Полиэстер
  </material>
  <price>
   333437
  </price>
  <rating>
   3.87
  </rating>
  <reviews>
   653281
  </reviews>
  <exclusive>
   yes
  </exclusive>
  <sporty>
   yes
  </sporty>
 </clothing>
</clothing-items>
