<?xml version="1.0" encoding="utf-8"?>
<clothing-items>
 <clothing>
  <id>
   672725349
  </id>
  <name>
   Ellesse Pants A-2444
  </name>
  <category>
   Pants
  </category>
  <size>
   XL
  </size>
  <color>
   Фиолетовый
  </color>
  <material>
   Вискоза
  </material>
  <price>
   228212
  </price>
  <rating>
   3.46
  </rating>
  <reviews>
   863998
  </reviews>
  <new>
   -
  </new>
  <sporty>
   yes
  </sporty>
 </clothing>
 <clothing>
  <id>
   163739591
  </id>
  <name>
   Under Armour Socks L-6963
  </name>
  <category>
   Socks
  </category>
  <size>
   XXL
  </size>
  <color>
   Синий
  </color>
  <material>
   Вискоза
  </material>
  <price>
   924932
  </price>
  <rating>
   3.37
  </rating>
  <reviews>
   202928
  </reviews>
  <new>
   +
  </new>
 </clothing>
 <clothing>
  <id>
   125504510
  </id>
  <name>
   Ellesse Shirt T-9699
  </name>
  <category>
   Shirt
  </category>
  <size>
   S
  </size>
  <color>
   Оранжевый
  </color>
  <material>
   Нейлон
  </material>
  <price>
   387389
  </price>
  <rating>
   2.76
  </rating>
  <reviews>
   889158
  </reviews>
  <sporty>
   no
  </sporty>
 </clothing>
 <clothing>
  <id>
   577405278
  </id>
  <name>
   Puma Gloves S-7063
  </name>
  <category>
   Gloves
  </category>
  <size>
   XXL
  </size>
  <color>
   Синий
  </color>
  <material>
   Шелк
  </material>
  <price>
   302788
  </price>
  <rating>
   4.87
  </rating>
  <reviews>
   728070
  </reviews>
  <new>
   -
  </new>
 </clothing>
 <clothing>
  <id>
   556926508
  </id>
  <name>
   PleinSport Socks A-5893
  </name>
  <category>
   Socks
  </category>
  <size>
   XL
  </size>
  <color>
   Голубой
  </color>
  <material>
   Полиэстер
  </material>
  <price>
   190596
  </price>
  <rating>
   3.91
  </rating>
  <reviews>
   127284
  </reviews>
  <new>
   -
  </new>
  <exclusive>
   yes
  </exclusive>
  <sporty>
   no
  </sporty>
 </clothing>
 <clothing>
  <id>
   823233459
  </id>
  <name>
   Addidas Skirt I-6486
  </name>
  <category>
   Skirt
  </category>
  <size>
   L
  </size>
  <color>
   Зеленый
  </color>
  <material>
   Нейлон
  </material>
  <price>
   731498
  </price>
  <rating>
   1.1
  </rating>
  <reviews>
   609881
  </reviews>
  <exclusive>
   no
  </exclusive>
 </clothing>
 <clothing>
  <id>
   883905466
  </id>
  <name>
   Asics Hat Z-2992
  </name>
  <category>
   Hat
  </category>
  <size>
   XL
  </size>
  <color>
   Оранжевый
  </color>
  <material>
   Нейлон
  </material>
  <price>
   336710
  </price>
  <rating>
   3.46
  </rating>
  <reviews>
   497606
  </reviews>
  <new>
   -
  </new>
  <exclusive>
   no
  </exclusive>
  <sporty>
   yes
  </sporty>
 </clothing>
 <clothing>
  <id>
   482280638
  </id>
  <name>
   Puma Gloves J-5518
  </name>
  <category>
   Gloves
  </category>
  <size>
   S
  </size>
  <color>
   Голубой
  </color>
  <material>
   Шерсть
  </material>
  <price>
   905910
  </price>
  <rating>
   2.89
  </rating>
  <reviews>
   893099
  </reviews>
  <new>
   +
  </new>
  <exclusive>
   no
  </exclusive>
 </clothing>
 <clothing>
  <id>
   941549346
  </id>
  <name>
   Brooks Jeans F-3712
  </name>
  <category>
   Jeans
  </category>
  <size>
   XL
  </size>
  <color>
   Фиолетовый
  </color>
  <material>
   Полиэстер
  </material>
  <price>
   820757
  </price>
  <rating>
   1.85
  </rating>
  <reviews>
   211497
  </reviews>
  <new>
   +
  </new>
  <sporty>
   yes
  </sporty>
 </clothing>
 <clothing>
  <id>
   641826741
  </id>
  <name>
   Puma Shirt X-3098
  </name>
  <category>
   Shirt
  </category>
  <size>
   M
  </size>
  <color>
   Желтый
  </color>
  <material>
   Лен
  </material>
  <price>
   121371
  </price>
  <rating>
   4.59
  </rating>
  <reviews>
   12754
  </reviews>
  <exclusive>
   no
  </exclusive>
  <sporty>
   no
  </sporty>
 </clothing>
 <clothing>
  <id>
   854597683
  </id>
  <name>
   Fila Belts R-6721
  </name>
  <category>
   Belts
  </category>
  <size>
   XL
  </size>
  <color>
   Желтый
  </color>
  <material>
   Кожа
  </material>
  <price>
   422634
  </price>
  <rating>
   2.87
  </rating>
  <reviews>
   762850
  </reviews>
  <exclusive>
   yes
  </exclusive>
 </clothing>
 <clothing>
  <id>
   386900686
  </id>
  <name>
   Addidas Umbrellas D-6650
  </name>
  <category>
   Umbrellas
  </category>
  <size>
   XL
  </size>
  <color>
   Оранжевый
  </color>
  <material>
   Полиэстер
  </material>
  <price>
   285822
  </price>
  <rating>
   2.84
  </rating>
  <reviews>
   688182
  </reviews>
  <new>
   -
  </new>
  <sporty>
   yes
  </sporty>
 </clothing>
 <clothing>
  <id>
   659514422
  </id>
  <name>
   Fila Blouse A-2338
  </name>
  <category>
   Blouse
  </category>
  <size>
   M
  </size>
  <color>
   Синий
  </color>
  <material>
   Кожа
  </material>
  <price>
   393942
  </price>
  <rating>
   4.76
  </rating>
  <reviews>
   904972
  </reviews>
  <exclusive>
   no
  </exclusive>
  <sporty>
   yes
  </sporty>
 </clothing>
 <clothing>
  <id>
   919699464
  </id>
  <name>
   PleinSport Sweater E-1289
  </name>
  <category>
   Sweater
  </category>
  <size>
   L
  </size>
  <color>
   Фиолетовый
  </color>
  <material>
   Кожа
  </material>
  <price>
   294222
  </price>
  <rating>
   2.14
  </rating>
  <reviews>
   47080
  </reviews>
  <new>
   -
  </new>
  <exclusive>
   no
  </exclusive>
 </clothing>
 <clothing>
  <id>
   728141983
  </id>
  <name>
   Ellesse Socks K-2565
  </name>
  <category>
   Socks
  </category>
  <size>
   M
  </size>
  <color>
   Оранжевый
  </color>
  <material>
   Полиэстер
  </material>
  <price>
   859580
  </price>
  <rating>
   1.73
  </rating>
  <reviews>
   494365
  </reviews>
  <sporty>
   no
  </sporty>
 </clothing>
</clothing-items>
