<?xml version="1.0" encoding="utf-8"?>
<clothing-items>
 <clothing>
  <id>
   410639660
  </id>
  <name>
   PleinSport Jeans U-1606
  </name>
  <category>
   Jeans
  </category>
  <size>
   M
  </size>
  <color>
   Синий
  </color>
  <material>
   Лен
  </material>
  <price>
   764058
  </price>
  <rating>
   4.47
  </rating>
  <reviews>
   604510
  </reviews>
  <new>
   +
  </new>
  <sporty>
   yes
  </sporty>
 </clothing>
 <clothing>
  <id>
   249994145
  </id>
  <name>
   Under Armour Gloves M-9744
  </name>
  <category>
   Gloves
  </category>
  <size>
   XXL
  </size>
  <color>
   Оранжевый
  </color>
  <material>
   Хлопок
  </material>
  <price>
   928854
  </price>
  <rating>
   1.03
  </rating>
  <reviews>
   893942
  </reviews>
 </clothing>
 <clothing>
  <id>
   256537191
  </id>
  <name>
   PleinSport Pants M-6970
  </name>
  <category>
   Pants
  </category>
  <size>
   L
  </size>
  <color>
   Оранжевый
  </color>
  <material>
   Шелк
  </material>
  <price>
   331271
  </price>
  <rating>
   1.8
  </rating>
  <reviews>
   821646
  </reviews>
  <exclusive>
   yes
  </exclusive>
  <sporty>
   no
  </sporty>
 </clothing>
 <clothing>
  <id>
   342694713
  </id>
  <name>
   Nike Dress X-7875
  </name>
  <category>
   Dress
  </category>
  <size>
   S
  </size>
  <color>
   Синий
  </color>
  <material>
   Нейлон
  </material>
  <price>
   781292
  </price>
  <rating>
   1.5
  </rating>
  <reviews>
   391455
  </reviews>
  <exclusive>
   no
  </exclusive>
 </clothing>
 <clothing>
  <id>
   315746908
  </id>
  <name>
   Asics Gloves U-3054
  </name>
  <category>
   Gloves
  </category>
  <size>
   S
  </size>
  <color>
   Красный
  </color>
  <material>
   Шерсть
  </material>
  <price>
   623554
  </price>
  <rating>
   2.59
  </rating>
  <reviews>
   63854
  </reviews>
  <new>
   -
  </new>
  <sporty>
   no
  </sporty>
 </clothing>
 <clothing>
  <id>
   731372191
  </id>
  <name>
   Nike Blouse W-4561
  </name>
  <category>
   Blouse
  </category>
  <size>
   XL
  </size>
  <color>
   Синий
  </color>
  <material>
   Нейлон
  </material>
  <price>
   150997
  </price>
  <rating>
   3.76
  </rating>
  <reviews>
   591003
  </reviews>
  <new>
   +
  </new>
  <exclusive>
   yes
  </exclusive>
  <sporty>
   no
  </sporty>
 </clothing>
 <clothing>
  <id>
   451002541
  </id>
  <name>
   Ellesse Dress K-2527
  </name>
  <category>
   Dress
  </category>
  <size>
   M
  </size>
  <color>
   Голубой
  </color>
  <material>
   Вискоза
  </material>
  <price>
   638117
  </price>
  <rating>
   4.13
  </rating>
  <reviews>
   845888
  </reviews>
  <new>
   -
  </new>
  <exclusive>
   yes
  </exclusive>
  <sporty>
   no
  </sporty>
 </clothing>
 <clothing>
  <id>
   794803034
  </id>
  <name>
   Lacoste Shirt U-3458
  </name>
  <category>
   Shirt
  </category>
  <size>
   XL
  </size>
  <color>
   Фиолетовый
  </color>
  <material>
   Шелк
  </material>
  <price>
   668813
  </price>
  <rating>
   3.49
  </rating>
  <reviews>
   323716
  </reviews>
  <new>
   +
  </new>
 </clothing>
 <clothing>
  <id>
   211561943
  </id>
  <name>
   Vans Shirt O-5977
  </name>
  <category>
   Shirt
  </category>
  <size>
   XXL
  </size>
  <color>
   Голубой
  </color>
  <material>
   Хлопок
  </material>
  <price>
   271232
  </price>
  <rating>
   3.9
  </rating>
  <reviews>
   25925
  </reviews>
  <new>
   -
  </new>
  <exclusive>
   no
  </exclusive>
 </clothing>
 <clothing>
  <id>
   342109174
  </id>
  <name>
   Puma Blouse D-2194
  </name>
  <category>
   Blouse
  </category>
  <size>
   XL
  </size>
  <color>
   Фиолетовый
  </color>
  <material>
   Хлопок
  </material>
  <price>
   900571
  </price>
  <rating>
   4.48
  </rating>
  <reviews>
   792702
  </reviews>
  <new>
   -
  </new>
  <sporty>
   yes
  </sporty>
 </clothing>
 <clothing>
  <id>
   933967634
  </id>
  <name>
   Lacoste Gloves W-6967
  </name>
  <category>
   Gloves
  </category>
  <size>
   XXL
  </size>
  <color>
   Оранжевый
  </color>
  <material>
   Полиэстер
  </material>
  <price>
   785316
  </price>
  <rating>
   2.41
  </rating>
  <reviews>
   811317
  </reviews>
  <new>
   +
  </new>
  <exclusive>
   yes
  </exclusive>
 </clothing>
 <clothing>
  <id>
   839520465
  </id>
  <name>
   Nike Hat J-4757
  </name>
  <category>
   Hat
  </category>
  <size>
   XXL
  </size>
  <color>
   Оранжевый
  </color>
  <material>
   Кожа
  </material>
  <price>
   981667
  </price>
  <rating>
   1.88
  </rating>
  <reviews>
   771171
  </reviews>
  <exclusive>
   yes
  </exclusive>
  <sporty>
   no
  </sporty>
 </clothing>
 <clothing>
  <id>
   737675835
  </id>
  <name>
   Fila Jacket H-6090
  </name>
  <category>
   Jacket
  </category>
  <size>
   S
  </size>
  <color>
   Фиолетовый
  </color>
  <material>
   Шерсть
  </material>
  <price>
   798323
  </price>
  <rating>
   2.14
  </rating>
  <reviews>
   446023
  </reviews>
  <new>
   -
  </new>
  <exclusive>
   no
  </exclusive>
  <sporty>
   no
  </sporty>
 </clothing>
 <clothing>
  <id>
   667858357
  </id>
  <name>
   Fila Belts B-1971
  </name>
  <category>
   Belts
  </category>
  <size>
   L
  </size>
  <color>
   Желтый
  </color>
  <material>
   Вискоза
  </material>
  <price>
   140853
  </price>
  <rating>
   1.84
  </rating>
  <reviews>
   870508
  </reviews>
  <exclusive>
   no
  </exclusive>
  <sporty>
   no
  </sporty>
 </clothing>
 <clothing>
  <id>
   531143614
  </id>
  <name>
   Adidas Dress V-6784
  </name>
  <category>
   Dress
  </category>
  <size>
   S
  </size>
  <color>
   Оранжевый
  </color>
  <material>
   Хлопок
  </material>
  <price>
   532631
  </price>
  <rating>
   2.08
  </rating>
  <reviews>
   290604
  </reviews>
  <new>
   +
  </new>
 </clothing>
 <clothing>
  <id>
   839030357
  </id>
  <name>
   PleinSport Jeans G-6020
  </name>
  <category>
   Jeans
  </category>
  <size>
   S
  </size>
  <color>
   Фиолетовый
  </color>
  <material>
   Шерсть
  </material>
  <price>
   989781
  </price>
  <rating>
   3.01
  </rating>
  <reviews>
   730714
  </reviews>
  <exclusive>
   no
  </exclusive>
  <sporty>
   no
  </sporty>
 </clothing>
 <clothing>
  <id>
   408188892
  </id>
  <name>
   Ellesse Hat H-1920
  </name>
  <category>
   Hat
  </category>
  <size>
   L
  </size>
  <color>
   Зеленый
  </color>
  <material>
   Кожа
  </material>
  <price>
   866335
  </price>
  <rating>
   2.31
  </rating>
  <reviews>
   773711
  </reviews>
  <new>
   +
  </new>
  <exclusive>
   no
  </exclusive>
  <sporty>
   yes
  </sporty>
 </clothing>
 <clothing>
  <id>
   942829301
  </id>
  <name>
   Addidas Pants T-4941
  </name>
  <category>
   Pants
  </category>
  <size>
   M
  </size>
  <color>
   Красный
  </color>
  <material>
   Вискоза
  </material>
  <price>
   174276
  </price>
  <rating>
   1.08
  </rating>
  <reviews>
   544942
  </reviews>
  <new>
   -
  </new>
  <sporty>
   no
  </sporty>
 </clothing>
 <clothing>
  <id>
   250356944
  </id>
  <name>
   Ellesse Hat N-2442
  </name>
  <category>
   Hat
  </category>
  <size>
   XL
  </size>
  <color>
   Желтый
  </color>
  <material>
   Лен
  </material>
  <price>
   102247
  </price>
  <rating>
   1.39
  </rating>
  <reviews>
   354396
  </reviews>
  <new>
   +
  </new>
  <exclusive>
   no
  </exclusive>
 </clothing>
 <clothing>
  <id>
   496751142
  </id>
  <name>
   Adidas Jacket I-9434
  </name>
  <category>
   Jacket
  </category>
  <size>
   S
  </size>
  <color>
   Синий
  </color>
  <material>
   Вискоза
  </material>
  <price>
   504933
  </price>
  <rating>
   3.68
  </rating>
  <reviews>
   479229
  </reviews>
  <exclusive>
   no
  </exclusive>
 </clothing>
 <clothing>
  <id>
   759997369
  </id>
  <name>
   Ellesse Dress F-2495
  </name>
  <category>
   Dress
  </category>
  <size>
   XL
  </size>
  <color>
   Оранжевый
  </color>
  <material>
   Лен
  </material>
  <price>
   190729
  </price>
  <rating>
   1.98
  </rating>
  <reviews>
   170172
  </reviews>
  <sporty>
   no
  </sporty>
 </clothing>
 <clothing>
  <id>
   270795748
  </id>
  <name>
   Adidas Socks C-2689
  </name>
  <category>
   Socks
  </category>
  <size>
   S
  </size>
  <color>
   Зеленый
  </color>
  <material>
   Шерсть
  </material>
  <price>
   292055
  </price>
  <rating>
   3.91
  </rating>
  <reviews>
   363270
  </reviews>
  <new>
   +
  </new>
  <exclusive>
   no
  </exclusive>
  <sporty>
   no
  </sporty>
 </clothing>
 <clothing>
  <id>
   394073296
  </id>
  <name>
   Brooks Pants Q-4762
  </name>
  <category>
   Pants
  </category>
  <size>
   L
  </size>
  <color>
   Желтый
  </color>
  <material>
   Лен
  </material>
  <price>
   284671
  </price>
  <rating>
   1.22
  </rating>
  <reviews>
   607973
  </reviews>
  <new>
   -
  </new>
  <sporty>
   yes
  </sporty>
 </clothing>
 <clothing>
  <id>
   731375984
  </id>
  <name>
   PleinSport Dress S-8070
  </name>
  <category>
   Dress
  </category>
  <size>
   S
  </size>
  <color>
   Голубой
  </color>
  <material>
   Лен
  </material>
  <price>
   472300
  </price>
  <rating>
   1.34
  </rating>
  <reviews>
   562514
  </reviews>
  <new>
   +
  </new>
  <sporty>
   no
  </sporty>
 </clothing>
 <clothing>
  <id>
   569712574
  </id>
  <name>
   Adidas Shirt U-5801
  </name>
  <category>
   Shirt
  </category>
  <size>
   M
  </size>
  <color>
   Красный
  </color>
  <material>
   Нейлон
  </material>
  <price>
   920459
  </price>
  <rating>
   2.46
  </rating>
  <reviews>
   475105
  </reviews>
  <new>
   -
  </new>
  <exclusive>
   no
  </exclusive>
 </clothing>
 <clothing>
  <id>
   967182475
  </id>
  <name>
   Puma T-shirt L-2791
  </name>
  <category>
   T-shirt
  </category>
  <size>
   XXL
  </size>
  <color>
   Голубой
  </color>
  <material>
   Шерсть
  </material>
  <price>
   372129
  </price>
  <rating>
   1.8
  </rating>
  <reviews>
   328723
  </reviews>
  <sporty>
   yes
  </sporty>
 </clothing>
 <clothing>
  <id>
   136740206
  </id>
  <name>
   Vans Jeans F-6918
  </name>
  <category>
   Jeans
  </category>
  <size>
   XL
  </size>
  <color>
   Голубой
  </color>
  <material>
   Полиэстер
  </material>
  <price>
   617221
  </price>
  <rating>
   2.9
  </rating>
  <reviews>
   118859
  </reviews>
  <new>
   +
  </new>
  <sporty>
   no
  </sporty>
 </clothing>
</clothing-items>
