<?xml version="1.0" encoding="utf-8"?>
<clothing-items>
 <clothing>
  <id>
   770488541
  </id>
  <name>
   Reebok Jacket E-1028
  </name>
  <category>
   Jacket
  </category>
  <size>
   L
  </size>
  <color>
   Красный
  </color>
  <material>
   Шерсть
  </material>
  <price>
   558851
  </price>
  <rating>
   1.22
  </rating>
  <reviews>
   631112
  </reviews>
  <new>
   +
  </new>
 </clothing>
 <clothing>
  <id>
   348431877
  </id>
  <name>
   DC Pants N-3331
  </name>
  <category>
   Pants
  </category>
  <size>
   L
  </size>
  <color>
   Оранжевый
  </color>
  <material>
   Полиэстер
  </material>
  <price>
   673307
  </price>
  <rating>
   4.96
  </rating>
  <reviews>
   490532
  </reviews>
  <exclusive>
   no
  </exclusive>
  <sporty>
   no
  </sporty>
 </clothing>
 <clothing>
  <id>
   209885405
  </id>
  <name>
   Asics Belts D-6182
  </name>
  <category>
   Belts
  </category>
  <size>
   XL
  </size>
  <color>
   Оранжевый
  </color>
  <material>
   Лен
  </material>
  <price>
   509148
  </price>
  <rating>
   1.83
  </rating>
  <reviews>
   101838
  </reviews>
  <new>
   -
  </new>
  <exclusive>
   no
  </exclusive>
 </clothing>
 <clothing>
  <id>
   886947459
  </id>
  <name>
   Under Armour T-shirt V-3548
  </name>
  <category>
   T-shirt
  </category>
  <size>
   XL
  </size>
  <color>
   Красный
  </color>
  <material>
   Шерсть
  </material>
  <price>
   744644
  </price>
  <rating>
   1.2
  </rating>
  <reviews>
   88022
  </reviews>
  <new>
   +
  </new>
  <exclusive>
   no
  </exclusive>
 </clothing>
 <clothing>
  <id>
   179603492
  </id>
  <name>
   Vans Pants F-9521
  </name>
  <category>
   Pants
  </category>
  <size>
   L
  </size>
  <color>
   Голубой
  </color>
  <material>
   Шелк
  </material>
  <price>
   983556
  </price>
  <rating>
   2.47
  </rating>
  <reviews>
   18687
  </reviews>
  <exclusive>
   no
  </exclusive>
  <sporty>
   no
  </sporty>
 </clothing>
 <clothing>
  <id>
   967494709
  </id>
  <name>
   Puma Hat K-7973
  </name>
  <category>
   Hat
  </category>
  <size>
   M
  </size>
  <color>
   Оранжевый
  </color>
  <material>
   Шелк
  </material>
  <price>
   164057
  </price>
  <rating>
   4.76
  </rating>
  <reviews>
   22480
  </reviews>
  <new>
   -
  </new>
  <sporty>
   no
  </sporty>
 </clothing>
 <clothing>
  <id>
   532330599
  </id>
  <name>
   Fila Gloves B-2409
  </name>
  <category>
   Gloves
  </category>
  <size>
   S
  </size>
  <color>
   Желтый
  </color>
  <material>
   Лен
  </material>
  <price>
   366491
  </price>
  <rating>
   4.05
  </rating>
  <reviews>
   565088
  </reviews>
  <new>
   -
  </new>
 </clothing>
 <clothing>
  <id>
   819137208
  </id>
  <name>
   Converse Pants C-5209
  </name>
  <category>
   Pants
  </category>
  <size>
   S
  </size>
  <color>
   Красный
  </color>
  <material>
   Шелк
  </material>
  <price>
   569137
  </price>
  <rating>
   2.62
  </rating>
  <reviews>
   149259
  </reviews>
  <exclusive>
   yes
  </exclusive>
  <sporty>
   yes
  </sporty>
 </clothing>
 <clothing>
  <id>
   727703962
  </id>
  <name>
   Lacoste T-shirt B-3016
  </name>
  <category>
   T-shirt
  </category>
  <size>
   XL
  </size>
  <color>
   Голубой
  </color>
  <material>
   Нейлон
  </material>
  <price>
   417742
  </price>
  <rating>
   2.57
  </rating>
  <reviews>
   683374
  </reviews>
  <new>
   -
  </new>
  <exclusive>
   no
  </exclusive>
 </clothing>
 <clothing>
  <id>
   679836953
  </id>
  <name>
   New Balance Hat U-7724
  </name>
  <category>
   Hat
  </category>
  <size>
   XL
  </size>
  <color>
   Оранжевый
  </color>
  <material>
   Вискоза
  </material>
  <price>
   587155
  </price>
  <rating>
   3.56
  </rating>
  <reviews>
   326050
  </reviews>
  <new>
   -
  </new>
  <exclusive>
   no
  </exclusive>
  <sporty>
   no
  </sporty>
 </clothing>
 <clothing>
  <id>
   411238317
  </id>
  <name>
   Asics Pants K-6669
  </name>
  <category>
   Pants
  </category>
  <size>
   L
  </size>
  <color>
   Зеленый
  </color>
  <material>
   Нейлон
  </material>
  <price>
   604519
  </price>
  <rating>
   2.88
  </rating>
  <reviews>
   812926
  </reviews>
  <exclusive>
   yes
  </exclusive>
 </clothing>
 <clothing>
  <id>
   932234428
  </id>
  <name>
   Under Armour Dress Z-4436
  </name>
  <category>
   Dress
  </category>
  <size>
   XL
  </size>
  <color>
   Синий
  </color>
  <material>
   Вискоза
  </material>
  <price>
   602486
  </price>
  <rating>
   4.45
  </rating>
  <reviews>
   831994
  </reviews>
  <new>
   -
  </new>
  <sporty>
   no
  </sporty>
 </clothing>
 <clothing>
  <id>
   977092606
  </id>
  <name>
   Vans Socks K-5291
  </name>
  <category>
   Socks
  </category>
  <size>
   L
  </size>
  <color>
   Зеленый
  </color>
  <material>
   Кожа
  </material>
  <price>
   362331
  </price>
  <rating>
   4.32
  </rating>
  <reviews>
   195571
  </reviews>
  <new>
   -
  </new>
  <sporty>
   yes
  </sporty>
 </clothing>
 <clothing>
  <id>
   242543578
  </id>
  <name>
   Fila Umbrellas F-9846
  </name>
  <category>
   Umbrellas
  </category>
  <size>
   XXL
  </size>
  <color>
   Красный
  </color>
  <material>
   Хлопок
  </material>
  <price>
   671362
  </price>
  <rating>
   4.59
  </rating>
  <reviews>
   513942
  </reviews>
  <new>
   +
  </new>
  <exclusive>
   no
  </exclusive>
 </clothing>
 <clothing>
  <id>
   263880756
  </id>
  <name>
   Adidas Jeans I-9065
  </name>
  <category>
   Jeans
  </category>
  <size>
   XL
  </size>
  <color>
   Фиолетовый
  </color>
  <material>
   Кожа
  </material>
  <price>
   290908
  </price>
  <rating>
   4.74
  </rating>
  <reviews>
   668555
  </reviews>
  <exclusive>
   no
  </exclusive>
 </clothing>
 <clothing>
  <id>
   672016895
  </id>
  <name>
   Ellesse Belts S-5406
  </name>
  <category>
   Belts
  </category>
  <size>
   L
  </size>
  <color>
   Красный
  </color>
  <material>
   Полиэстер
  </material>
  <price>
   472690
  </price>
  <rating>
   3.62
  </rating>
  <reviews>
   784466
  </reviews>
  <new>
   -
  </new>
  <exclusive>
   no
  </exclusive>
 </clothing>
 <clothing>
  <id>
   780496307
  </id>
  <name>
   Vans Umbrellas Z-7441
  </name>
  <category>
   Umbrellas
  </category>
  <size>
   XXL
  </size>
  <color>
   Синий
  </color>
  <material>
   Шелк
  </material>
  <price>
   510105
  </price>
  <rating>
   3.14
  </rating>
  <reviews>
   560863
  </reviews>
  <new>
   -
  </new>
 </clothing>
 <clothing>
  <id>
   560308860
  </id>
  <name>
   Ellesse Jacket J-1603
  </name>
  <category>
   Jacket
  </category>
  <size>
   XL
  </size>
  <color>
   Синий
  </color>
  <material>
   Шерсть
  </material>
  <price>
   411172
  </price>
  <rating>
   3.58
  </rating>
  <reviews>
   329896
  </reviews>
  <exclusive>
   yes
  </exclusive>
  <sporty>
   yes
  </sporty>
 </clothing>
 <clothing>
  <id>
   948239110
  </id>
  <name>
   Converse Skirt G-8604
  </name>
  <category>
   Skirt
  </category>
  <size>
   XL
  </size>
  <color>
   Голубой
  </color>
  <material>
   Полиэстер
  </material>
  <price>
   133287
  </price>
  <rating>
   1.22
  </rating>
  <reviews>
   308382
  </reviews>
  <new>
   +
  </new>
  <exclusive>
   no
  </exclusive>
  <sporty>
   no
  </sporty>
 </clothing>
 <clothing>
  <id>
   910058724
  </id>
  <name>
   Puma Gloves X-5443
  </name>
  <category>
   Gloves
  </category>
  <size>
   L
  </size>
  <color>
   Оранжевый
  </color>
  <material>
   Полиэстер
  </material>
  <price>
   589530
  </price>
  <rating>
   1.08
  </rating>
  <reviews>
   623817
  </reviews>
  <new>
   +
  </new>
  <sporty>
   yes
  </sporty>
 </clothing>
 <clothing>
  <id>
   174154489
  </id>
  <name>
   PleinSport Umbrellas G-5169
  </name>
  <category>
   Umbrellas
  </category>
  <size>
   S
  </size>
  <color>
   Желтый
  </color>
  <material>
   Кожа
  </material>
  <price>
   836240
  </price>
  <rating>
   2.78
  </rating>
  <reviews>
   1046
  </reviews>
  <exclusive>
   no
  </exclusive>
 </clothing>
 <clothing>
  <id>
   287537440
  </id>
  <name>
   Fila Dress I-8160
  </name>
  <category>
   Dress
  </category>
  <size>
   S
  </size>
  <color>
   Красный
  </color>
  <material>
   Полиэстер
  </material>
  <price>
   337457
  </price>
  <rating>
   4.09
  </rating>
  <reviews>
   134702
  </reviews>
  <new>
   -
  </new>
  <exclusive>
   yes
  </exclusive>
 </clothing>
 <clothing>
  <id>
   447058084
  </id>
  <name>
   Lacoste Pants A-5215
  </name>
  <category>
   Pants
  </category>
  <size>
   XL
  </size>
  <color>
   Фиолетовый
  </color>
  <material>
   Полиэстер
  </material>
  <price>
   480759
  </price>
  <rating>
   1.67
  </rating>
  <reviews>
   575254
  </reviews>
  <new>
   +
  </new>
 </clothing>
 <clothing>
  <id>
   723518445
  </id>
  <name>
   Brooks Belts N-8424
  </name>
  <category>
   Belts
  </category>
  <size>
   M
  </size>
  <color>
   Зеленый
  </color>
  <material>
   Шелк
  </material>
  <price>
   985388
  </price>
  <rating>
   4.64
  </rating>
  <reviews>
   725451
  </reviews>
  <new>
   +
  </new>
  <sporty>
   yes
  </sporty>
 </clothing>
 <clothing>
  <id>
   375405754
  </id>
  <name>
   Lacoste Socks F-7753
  </name>
  <category>
   Socks
  </category>
  <size>
   M
  </size>
  <color>
   Оранжевый
  </color>
  <material>
   Хлопок
  </material>
  <price>
   967836
  </price>
  <rating>
   4.92
  </rating>
  <reviews>
   216258
  </reviews>
  <new>
   +
  </new>
  <sporty>
   no
  </sporty>
 </clothing>
 <clothing>
  <id>
   275494147
  </id>
  <name>
   Lacoste Jeans J-4110
  </name>
  <category>
   Jeans
  </category>
  <size>
   L
  </size>
  <color>
   Желтый
  </color>
  <material>
   Шерсть
  </material>
  <price>
   890766
  </price>
  <rating>
   2.51
  </rating>
  <reviews>
   638217
  </reviews>
  <exclusive>
   yes
  </exclusive>
 </clothing>
 <clothing>
  <id>
   288327977
  </id>
  <name>
   Ellesse Gloves X-4095
  </name>
  <category>
   Gloves
  </category>
  <size>
   XL
  </size>
  <color>
   Синий
  </color>
  <material>
   Шерсть
  </material>
  <price>
   478102
  </price>
  <rating>
   4.87
  </rating>
  <reviews>
   968038
  </reviews>
  <new>
   -
  </new>
  <exclusive>
   yes
  </exclusive>
 </clothing>
 <clothing>
  <id>
   965887411
  </id>
  <name>
   Under Armour Sweater A-7635
  </name>
  <category>
   Sweater
  </category>
  <size>
   M
  </size>
  <color>
   Синий
  </color>
  <material>
   Хлопок
  </material>
  <price>
   922668
  </price>
  <rating>
   2.92
  </rating>
  <reviews>
   332687
  </reviews>
  <new>
   -
  </new>
 </clothing>
 <clothing>
  <id>
   267278530
  </id>
  <name>
   Reebok Jacket C-4599
  </name>
  <category>
   Jacket
  </category>
  <size>
   XL
  </size>
  <color>
   Желтый
  </color>
  <material>
   Вискоза
  </material>
  <price>
   774379
  </price>
  <rating>
   3.53
  </rating>
  <reviews>
   97110
  </reviews>
  <new>
   +
  </new>
  <exclusive>
   no
  </exclusive>
  <sporty>
   no
  </sporty>
 </clothing>
 <clothing>
  <id>
   525858479
  </id>
  <name>
   Ellesse Shirt K-7504
  </name>
  <category>
   Shirt
  </category>
  <size>
   M
  </size>
  <color>
   Зеленый
  </color>
  <material>
   Полиэстер
  </material>
  <price>
   567811
  </price>
  <rating>
   3.03
  </rating>
  <reviews>
   77801
  </reviews>
  <sporty>
   yes
  </sporty>
 </clothing>
 <clothing>
  <id>
   638991457
  </id>
  <name>
   Reebok Sweater F-1278
  </name>
  <category>
   Sweater
  </category>
  <size>
   XL
  </size>
  <color>
   Зеленый
  </color>
  <material>
   Лен
  </material>
  <price>
   761996
  </price>
  <rating>
   2.51
  </rating>
  <reviews>
   668295
  </reviews>
  <exclusive>
   no
  </exclusive>
  <sporty>
   yes
  </sporty>
 </clothing>
 <clothing>
  <id>
   415519858
  </id>
  <name>
   Under Armour Handbags S-6986
  </name>
  <category>
   Handbags
  </category>
  <size>
   XXL
  </size>
  <color>
   Красный
  </color>
  <material>
   Лен
  </material>
  <price>
   534601
  </price>
  <rating>
   2.28
  </rating>
  <reviews>
   323590
  </reviews>
  <sporty>
   no
  </sporty>
 </clothing>
</clothing-items>
