<?xml version="1.0" encoding="utf-8"?>
<clothing-items>
 <clothing>
  <id>
   436096470
  </id>
  <name>
   Vans Jacket C-7916
  </name>
  <category>
   Jacket
  </category>
  <size>
   S
  </size>
  <color>
   Зеленый
  </color>
  <material>
   Шерсть
  </material>
  <price>
   717816
  </price>
  <rating>
   1.25
  </rating>
  <reviews>
   619301
  </reviews>
  <new>
   +
  </new>
  <exclusive>
   no
  </exclusive>
  <sporty>
   no
  </sporty>
 </clothing>
 <clothing>
  <id>
   639192831
  </id>
  <name>
   Adidas Handbags V-8885
  </name>
  <category>
   Handbags
  </category>
  <size>
   XXL
  </size>
  <color>
   Оранжевый
  </color>
  <material>
   Шелк
  </material>
  <price>
   205300
  </price>
  <rating>
   4.42
  </rating>
  <reviews>
   129528
  </reviews>
  <sporty>
   no
  </sporty>
 </clothing>
 <clothing>
  <id>
   601944077
  </id>
  <name>
   Brooks Hat S-3764
  </name>
  <category>
   Hat
  </category>
  <size>
   XL
  </size>
  <color>
   Зеленый
  </color>
  <material>
   Полиэстер
  </material>
  <price>
   491029
  </price>
  <rating>
   1.89
  </rating>
  <reviews>
   816659
  </reviews>
  <new>
   -
  </new>
  <exclusive>
   no
  </exclusive>
 </clothing>
 <clothing>
  <id>
   176428115
  </id>
  <name>
   Vans Blouse M-3440
  </name>
  <category>
   Blouse
  </category>
  <size>
   L
  </size>
  <color>
   Фиолетовый
  </color>
  <material>
   Нейлон
  </material>
  <price>
   202056
  </price>
  <rating>
   1.0
  </rating>
  <reviews>
   825344
  </reviews>
  <new>
   -
  </new>
  <sporty>
   no
  </sporty>
 </clothing>
 <clothing>
  <id>
   597119368
  </id>
  <name>
   DC Handbags V-7071
  </name>
  <category>
   Handbags
  </category>
  <size>
   L
  </size>
  <color>
   Желтый
  </color>
  <material>
   Вискоза
  </material>
  <price>
   846092
  </price>
  <rating>
   3.12
  </rating>
  <reviews>
   437572
  </reviews>
  <new>
   -
  </new>
  <exclusive>
   no
  </exclusive>
  <sporty>
   yes
  </sporty>
 </clothing>
 <clothing>
  <id>
   835256191
  </id>
  <name>
   Under Armour Shirt A-5968
  </name>
  <category>
   Shirt
  </category>
  <size>
   XXL
  </size>
  <color>
   Фиолетовый
  </color>
  <material>
   Лен
  </material>
  <price>
   382166
  </price>
  <rating>
   4.13
  </rating>
  <reviews>
   417266
  </reviews>
  <exclusive>
   no
  </exclusive>
  <sporty>
   no
  </sporty>
 </clothing>
 <clothing>
  <id>
   989716731
  </id>
  <name>
   Converse Handbags U-6974
  </name>
  <category>
   Handbags
  </category>
  <size>
   L
  </size>
  <color>
   Оранжевый
  </color>
  <material>
   Лен
  </material>
  <price>
   549478
  </price>
  <rating>
   4.53
  </rating>
  <reviews>
   531386
  </reviews>
  <new>
   -
  </new>
  <exclusive>
   yes
  </exclusive>
 </clothing>
 <clothing>
  <id>
   357781584
  </id>
  <name>
   Under Armour Gloves C-8853
  </name>
  <category>
   Gloves
  </category>
  <size>
   M
  </size>
  <color>
   Желтый
  </color>
  <material>
   Лен
  </material>
  <price>
   307287
  </price>
  <rating>
   1.7
  </rating>
  <reviews>
   145823
  </reviews>
  <new>
   -
  </new>
  <exclusive>
   no
  </exclusive>
 </clothing>
 <clothing>
  <id>
   104649787
  </id>
  <name>
   New Balance T-shirt L-3644
  </name>
  <category>
   T-shirt
  </category>
  <size>
   S
  </size>
  <color>
   Желтый
  </color>
  <material>
   Шерсть
  </material>
  <price>
   735585
  </price>
  <rating>
   1.07
  </rating>
  <reviews>
   192415
  </reviews>
  <new>
   -
  </new>
  <exclusive>
   no
  </exclusive>
  <sporty>
   no
  </sporty>
 </clothing>
 <clothing>
  <id>
   304139300
  </id>
  <name>
   New Balance Dress C-2652
  </name>
  <category>
   Dress
  </category>
  <size>
   XXL
  </size>
  <color>
   Желтый
  </color>
  <material>
   Полиэстер
  </material>
  <price>
   903451
  </price>
  <rating>
   1.52
  </rating>
  <reviews>
   792147
  </reviews>
  <exclusive>
   yes
  </exclusive>
 </clothing>
</clothing-items>
