<?xml version="1.0" encoding="utf-8"?>
<clothing-items>
 <clothing>
  <id>
   869530876
  </id>
  <name>
   Reebok T-shirt T-1217
  </name>
  <category>
   T-shirt
  </category>
  <size>
   S
  </size>
  <color>
   Фиолетовый
  </color>
  <material>
   Нейлон
  </material>
  <price>
   269657
  </price>
  <rating>
   4.15
  </rating>
  <reviews>
   272336
  </reviews>
  <exclusive>
   no
  </exclusive>
 </clothing>
 <clothing>
  <id>
   203558163
  </id>
  <name>
   Adidas Socks U-8142
  </name>
  <category>
   Socks
  </category>
  <size>
   XXL
  </size>
  <color>
   Зеленый
  </color>
  <material>
   Лен
  </material>
  <price>
   553645
  </price>
  <rating>
   1.27
  </rating>
  <reviews>
   769541
  </reviews>
  <new>
   -
  </new>
 </clothing>
 <clothing>
  <id>
   446211873
  </id>
  <name>
   Puma Sweater X-4242
  </name>
  <category>
   Sweater
  </category>
  <size>
   XXL
  </size>
  <color>
   Фиолетовый
  </color>
  <material>
   Шелк
  </material>
  <price>
   416856
  </price>
  <rating>
   4.26
  </rating>
  <reviews>
   36991
  </reviews>
  <new>
   +
  </new>
  <exclusive>
   yes
  </exclusive>
  <sporty>
   no
  </sporty>
 </clothing>
 <clothing>
  <id>
   562738915
  </id>
  <name>
   Under Armour Jacket P-6005
  </name>
  <category>
   Jacket
  </category>
  <size>
   XL
  </size>
  <color>
   Красный
  </color>
  <material>
   Полиэстер
  </material>
  <price>
   901646
  </price>
  <rating>
   4.84
  </rating>
  <reviews>
   171642
  </reviews>
  <new>
   +
  </new>
  <exclusive>
   no
  </exclusive>
  <sporty>
   no
  </sporty>
 </clothing>
 <clothing>
  <id>
   197882487
  </id>
  <name>
   Fila T-shirt F-2789
  </name>
  <category>
   T-shirt
  </category>
  <size>
   M
  </size>
  <color>
   Красный
  </color>
  <material>
   Хлопок
  </material>
  <price>
   674586
  </price>
  <rating>
   1.45
  </rating>
  <reviews>
   103685
  </reviews>
  <exclusive>
   no
  </exclusive>
 </clothing>
 <clothing>
  <id>
   407443323
  </id>
  <name>
   Brooks Shirt T-8508
  </name>
  <category>
   Shirt
  </category>
  <size>
   L
  </size>
  <color>
   Синий
  </color>
  <material>
   Хлопок
  </material>
  <price>
   573066
  </price>
  <rating>
   4.99
  </rating>
  <reviews>
   822292
  </reviews>
  <sporty>
   no
  </sporty>
 </clothing>
 <clothing>
  <id>
   211383106
  </id>
  <name>
   Brooks Gloves O-2309
  </name>
  <category>
   Gloves
  </category>
  <size>
   XXL
  </size>
  <color>
   Фиолетовый
  </color>
  <material>
   Полиэстер
  </material>
  <price>
   712333
  </price>
  <rating>
   3.79
  </rating>
  <reviews>
   918403
  </reviews>
  <new>
   -
  </new>
 </clothing>
 <clothing>
  <id>
   523647611
  </id>
  <name>
   Addidas Dress G-3546
  </name>
  <category>
   Dress
  </category>
  <size>
   S
  </size>
  <color>
   Синий
  </color>
  <material>
   Нейлон
  </material>
  <price>
   291468
  </price>
  <rating>
   2.06
  </rating>
  <reviews>
   8953
  </reviews>
  <new>
   -
  </new>
  <sporty>
   no
  </sporty>
 </clothing>
 <clothing>
  <id>
   355270958
  </id>
  <name>
   Nike Jeans Z-5728
  </name>
  <category>
   Jeans
  </category>
  <size>
   M
  </size>
  <color>
   Синий
  </color>
  <material>
   Шелк
  </material>
  <price>
   262023
  </price>
  <rating>
   3.06
  </rating>
  <reviews>
   741662
  </reviews>
  <exclusive>
   yes
  </exclusive>
  <sporty>
   yes
  </sporty>
 </clothing>
 <clothing>
  <id>
   971078064
  </id>
  <name>
   DC Hat T-2592
  </name>
  <category>
   Hat
  </category>
  <size>
   XXL
  </size>
  <color>
   Зеленый
  </color>
  <material>
   Полиэстер
  </material>
  <price>
   741667
  </price>
  <rating>
   1.69
  </rating>
  <reviews>
   664166
  </reviews>
 </clothing>
 <clothing>
  <id>
   414206130
  </id>
  <name>
   Under Armour Shoes F-4770
  </name>
  <category>
   Shoes
  </category>
  <size>
   M
  </size>
  <color>
   Красный
  </color>
  <material>
   Полиэстер
  </material>
  <price>
   639850
  </price>
  <rating>
   3.35
  </rating>
  <reviews>
   662946
  </reviews>
  <exclusive>
   no
  </exclusive>
  <sporty>
   no
  </sporty>
 </clothing>
</clothing-items>
