<?xml version="1.0" encoding="utf-8"?>
<clothing-items>
 <clothing>
  <id>
   620357456
  </id>
  <name>
   Brooks Blouse L-4853
  </name>
  <category>
   Blouse
  </category>
  <size>
   M
  </size>
  <color>
   Фиолетовый
  </color>
  <material>
   Полиэстер
  </material>
  <price>
   533299
  </price>
  <rating>
   1.55
  </rating>
  <reviews>
   60830
  </reviews>
  <exclusive>
   yes
  </exclusive>
  <sporty>
   no
  </sporty>
 </clothing>
 <clothing>
  <id>
   271304196
  </id>
  <name>
   Nike Gloves C-9459
  </name>
  <category>
   Gloves
  </category>
  <size>
   XL
  </size>
  <color>
   Желтый
  </color>
  <material>
   Кожа
  </material>
  <price>
   126604
  </price>
  <rating>
   4.14
  </rating>
  <reviews>
   283883
  </reviews>
 </clothing>
 <clothing>
  <id>
   925964611
  </id>
  <name>
   Reebok Socks D-6767
  </name>
  <category>
   Socks
  </category>
  <size>
   S
  </size>
  <color>
   Оранжевый
  </color>
  <material>
   Нейлон
  </material>
  <price>
   963612
  </price>
  <rating>
   2.27
  </rating>
  <reviews>
   922528
  </reviews>
  <new>
   -
  </new>
  <exclusive>
   no
  </exclusive>
  <sporty>
   yes
  </sporty>
 </clothing>
 <clothing>
  <id>
   487670436
  </id>
  <name>
   Under Armour Sweater S-1905
  </name>
  <category>
   Sweater
  </category>
  <size>
   L
  </size>
  <color>
   Оранжевый
  </color>
  <material>
   Шелк
  </material>
  <price>
   190672
  </price>
  <rating>
   1.19
  </rating>
  <reviews>
   841409
  </reviews>
  <new>
   -
  </new>
  <exclusive>
   no
  </exclusive>
  <sporty>
   no
  </sporty>
 </clothing>
 <clothing>
  <id>
   514726708
  </id>
  <name>
   DC Gloves N-2046
  </name>
  <category>
   Gloves
  </category>
  <size>
   L
  </size>
  <color>
   Фиолетовый
  </color>
  <material>
   Хлопок
  </material>
  <price>
   179541
  </price>
  <rating>
   4.51
  </rating>
  <reviews>
   463470
  </reviews>
  <exclusive>
   no
  </exclusive>
 </clothing>
 <clothing>
  <id>
   601995510
  </id>
  <name>
   Under Armour Shirt P-2135
  </name>
  <category>
   Shirt
  </category>
  <size>
   L
  </size>
  <color>
   Красный
  </color>
  <material>
   Шелк
  </material>
  <price>
   176864
  </price>
  <rating>
   3.67
  </rating>
  <reviews>
   593990
  </reviews>
  <new>
   -
  </new>
 </clothing>
 <clothing>
  <id>
   779270685
  </id>
  <name>
   Brooks Jacket J-5048
  </name>
  <category>
   Jacket
  </category>
  <size>
   S
  </size>
  <color>
   Оранжевый
  </color>
  <material>
   Кожа
  </material>
  <price>
   740632
  </price>
  <rating>
   3.7
  </rating>
  <reviews>
   220042
  </reviews>
  <exclusive>
   no
  </exclusive>
  <sporty>
   no
  </sporty>
 </clothing>
 <clothing>
  <id>
   552018565
  </id>
  <name>
   Brooks Dress X-3376
  </name>
  <category>
   Dress
  </category>
  <size>
   M
  </size>
  <color>
   Фиолетовый
  </color>
  <material>
   Вискоза
  </material>
  <price>
   539674
  </price>
  <rating>
   2.92
  </rating>
  <reviews>
   427379
  </reviews>
  <new>
   +
  </new>
  <exclusive>
   no
  </exclusive>
  <sporty>
   no
  </sporty>
 </clothing>
 <clothing>
  <id>
   485686779
  </id>
  <name>
   Fila Pants F-9990
  </name>
  <category>
   Pants
  </category>
  <size>
   XL
  </size>
  <color>
   Голубой
  </color>
  <material>
   Шерсть
  </material>
  <price>
   135340
  </price>
  <rating>
   4.45
  </rating>
  <reviews>
   893070
  </reviews>
  <new>
   +
  </new>
  <exclusive>
   no
  </exclusive>
 </clothing>
 <clothing>
  <id>
   400255074
  </id>
  <name>
   Asics Sweater P-7389
  </name>
  <category>
   Sweater
  </category>
  <size>
   XXL
  </size>
  <color>
   Фиолетовый
  </color>
  <material>
   Лен
  </material>
  <price>
   664135
  </price>
  <rating>
   4.89
  </rating>
  <reviews>
   258988
  </reviews>
  <new>
   -
  </new>
  <exclusive>
   yes
  </exclusive>
 </clothing>
 <clothing>
  <id>
   170518300
  </id>
  <name>
   Reebok Shoes V-9310
  </name>
  <category>
   Shoes
  </category>
  <size>
   L
  </size>
  <color>
   Желтый
  </color>
  <material>
   Хлопок
  </material>
  <price>
   851955
  </price>
  <rating>
   3.06
  </rating>
  <reviews>
   588221
  </reviews>
  <exclusive>
   no
  </exclusive>
  <sporty>
   no
  </sporty>
 </clothing>
 <clothing>
  <id>
   293318316
  </id>
  <name>
   Puma Hat C-8828
  </name>
  <category>
   Hat
  </category>
  <size>
   S
  </size>
  <color>
   Оранжевый
  </color>
  <material>
   Шелк
  </material>
  <price>
   957450
  </price>
  <rating>
   2.82
  </rating>
  <reviews>
   347091
  </reviews>
  <new>
   -
  </new>
 </clothing>
 <clothing>
  <id>
   303174158
  </id>
  <name>
   DC T-shirt A-6676
  </name>
  <category>
   T-shirt
  </category>
  <size>
   XL
  </size>
  <color>
   Красный
  </color>
  <material>
   Хлопок
  </material>
  <price>
   262345
  </price>
  <rating>
   2.95
  </rating>
  <reviews>
   194369
  </reviews>
  <new>
   -
  </new>
  <sporty>
   no
  </sporty>
 </clothing>
 <clothing>
  <id>
   307192946
  </id>
  <name>
   Nike Umbrellas F-5990
  </name>
  <category>
   Umbrellas
  </category>
  <size>
   S
  </size>
  <color>
   Фиолетовый
  </color>
  <material>
   Вискоза
  </material>
  <price>
   642449
  </price>
  <rating>
   1.01
  </rating>
  <reviews>
   787040
  </reviews>
  <new>
   -
  </new>
  <sporty>
   yes
  </sporty>
 </clothing>
 <clothing>
  <id>
   106106190
  </id>
  <name>
   Brooks Skirt J-8174
  </name>
  <category>
   Skirt
  </category>
  <size>
   XXL
  </size>
  <color>
   Фиолетовый
  </color>
  <material>
   Нейлон
  </material>
  <price>
   724142
  </price>
  <rating>
   1.1
  </rating>
  <reviews>
   515639
  </reviews>
  <new>
   -
  </new>
 </clothing>
 <clothing>
  <id>
   417433058
  </id>
  <name>
   New Balance Blouse J-2879
  </name>
  <category>
   Blouse
  </category>
  <size>
   XXL
  </size>
  <color>
   Желтый
  </color>
  <material>
   Хлопок
  </material>
  <price>
   823805
  </price>
  <rating>
   1.3
  </rating>
  <reviews>
   82821
  </reviews>
  <new>
   -
  </new>
  <sporty>
   yes
  </sporty>
 </clothing>
 <clothing>
  <id>
   468212762
  </id>
  <name>
   PleinSport Skirt V-3923
  </name>
  <category>
   Skirt
  </category>
  <size>
   L
  </size>
  <color>
   Синий
  </color>
  <material>
   Шерсть
  </material>
  <price>
   119786
  </price>
  <rating>
   1.65
  </rating>
  <reviews>
   793150
  </reviews>
  <new>
   -
  </new>
  <sporty>
   yes
  </sporty>
 </clothing>
 <clothing>
  <id>
   462228727
  </id>
  <name>
   Vans Blouse L-3284
  </name>
  <category>
   Blouse
  </category>
  <size>
   S
  </size>
  <color>
   Синий
  </color>
  <material>
   Лен
  </material>
  <price>
   352734
  </price>
  <rating>
   4.44
  </rating>
  <reviews>
   418597
  </reviews>
  <new>
   +
  </new>
  <exclusive>
   no
  </exclusive>
  <sporty>
   yes
  </sporty>
 </clothing>
 <clothing>
  <id>
   316147955
  </id>
  <name>
   Lacoste Dress R-4374
  </name>
  <category>
   Dress
  </category>
  <size>
   M
  </size>
  <color>
   Оранжевый
  </color>
  <material>
   Полиэстер
  </material>
  <price>
   710481
  </price>
  <rating>
   3.89
  </rating>
  <reviews>
   23257
  </reviews>
  <new>
   -
  </new>
  <sporty>
   yes
  </sporty>
 </clothing>
</clothing-items>
