<?xml version="1.0" encoding="utf-8"?>
<clothing-items>
 <clothing>
  <id>
   355799999
  </id>
  <name>
   Lacoste Blouse U-3377
  </name>
  <category>
   Blouse
  </category>
  <size>
   L
  </size>
  <color>
   Зеленый
  </color>
  <material>
   Вискоза
  </material>
  <price>
   960040
  </price>
  <rating>
   3.97
  </rating>
  <reviews>
   281145
  </reviews>
  <exclusive>
   yes
  </exclusive>
 </clothing>
 <clothing>
  <id>
   344149935
  </id>
  <name>
   Converse Belts R-9200
  </name>
  <category>
   Belts
  </category>
  <size>
   XL
  </size>
  <color>
   Фиолетовый
  </color>
  <material>
   Лен
  </material>
  <price>
   930778
  </price>
  <rating>
   2.74
  </rating>
  <reviews>
   582110
  </reviews>
  <new>
   -
  </new>
  <exclusive>
   yes
  </exclusive>
  <sporty>
   yes
  </sporty>
 </clothing>
 <clothing>
  <id>
   908250013
  </id>
  <name>
   Ellesse Jacket K-1855
  </name>
  <category>
   Jacket
  </category>
  <size>
   S
  </size>
  <color>
   Фиолетовый
  </color>
  <material>
   Шелк
  </material>
  <price>
   728678
  </price>
  <rating>
   3.16
  </rating>
  <reviews>
   339756
  </reviews>
  <new>
   +
  </new>
  <exclusive>
   yes
  </exclusive>
  <sporty>
   yes
  </sporty>
 </clothing>
 <clothing>
  <id>
   683610563
  </id>
  <name>
   PleinSport Hat O-1072
  </name>
  <category>
   Hat
  </category>
  <size>
   XL
  </size>
  <color>
   Голубой
  </color>
  <material>
   Шерсть
  </material>
  <price>
   626120
  </price>
  <rating>
   2.01
  </rating>
  <reviews>
   61435
  </reviews>
  <exclusive>
   no
  </exclusive>
  <sporty>
   no
  </sporty>
 </clothing>
 <clothing>
  <id>
   941492211
  </id>
  <name>
   Brooks Dress X-5795
  </name>
  <category>
   Dress
  </category>
  <size>
   S
  </size>
  <color>
   Желтый
  </color>
  <material>
   Полиэстер
  </material>
  <price>
   919895
  </price>
  <rating>
   4.82
  </rating>
  <reviews>
   518025
  </reviews>
  <sporty>
   no
  </sporty>
 </clothing>
 <clothing>
  <id>
   192142577
  </id>
  <name>
   Lacoste Blouse W-9404
  </name>
  <category>
   Blouse
  </category>
  <size>
   XXL
  </size>
  <color>
   Синий
  </color>
  <material>
   Шелк
  </material>
  <price>
   700617
  </price>
  <rating>
   3.85
  </rating>
  <reviews>
   254978
  </reviews>
 </clothing>
 <clothing>
  <id>
   123697063
  </id>
  <name>
   Brooks Umbrellas M-6295
  </name>
  <category>
   Umbrellas
  </category>
  <size>
   S
  </size>
  <color>
   Фиолетовый
  </color>
  <material>
   Полиэстер
  </material>
  <price>
   818077
  </price>
  <rating>
   2.01
  </rating>
  <reviews>
   687796
  </reviews>
  <sporty>
   yes
  </sporty>
 </clothing>
 <clothing>
  <id>
   455880794
  </id>
  <name>
   Fila Hat R-5327
  </name>
  <category>
   Hat
  </category>
  <size>
   M
  </size>
  <color>
   Голубой
  </color>
  <material>
   Кожа
  </material>
  <price>
   470951
  </price>
  <rating>
   4.47
  </rating>
  <reviews>
   479249
  </reviews>
  <new>
   -
  </new>
  <exclusive>
   no
  </exclusive>
  <sporty>
   no
  </sporty>
 </clothing>
 <clothing>
  <id>
   779899426
  </id>
  <name>
   Fila T-shirt E-2286
  </name>
  <category>
   T-shirt
  </category>
  <size>
   XXL
  </size>
  <color>
   Оранжевый
  </color>
  <material>
   Хлопок
  </material>
  <price>
   499510
  </price>
  <rating>
   2.78
  </rating>
  <reviews>
   477294
  </reviews>
  <new>
   -
  </new>
  <exclusive>
   yes
  </exclusive>
 </clothing>
 <clothing>
  <id>
   766470385
  </id>
  <name>
   Adidas Belts M-8672
  </name>
  <category>
   Belts
  </category>
  <size>
   XXL
  </size>
  <color>
   Синий
  </color>
  <material>
   Шерсть
  </material>
  <price>
   676725
  </price>
  <rating>
   1.88
  </rating>
  <reviews>
   568622
  </reviews>
  <new>
   -
  </new>
 </clothing>
 <clothing>
  <id>
   650167346
  </id>
  <name>
   Asics Blouse S-2539
  </name>
  <category>
   Blouse
  </category>
  <size>
   L
  </size>
  <color>
   Голубой
  </color>
  <material>
   Шерсть
  </material>
  <price>
   880121
  </price>
  <rating>
   4.08
  </rating>
  <reviews>
   205024
  </reviews>
  <new>
   -
  </new>
  <exclusive>
   no
  </exclusive>
  <sporty>
   no
  </sporty>
 </clothing>
 <clothing>
  <id>
   836912573
  </id>
  <name>
   Converse Blouse X-2029
  </name>
  <category>
   Blouse
  </category>
  <size>
   L
  </size>
  <color>
   Красный
  </color>
  <material>
   Полиэстер
  </material>
  <price>
   618881
  </price>
  <rating>
   4.78
  </rating>
  <reviews>
   65709
  </reviews>
  <new>
   -
  </new>
 </clothing>
 <clothing>
  <id>
   802998301
  </id>
  <name>
   Under Armour Sweater S-4521
  </name>
  <category>
   Sweater
  </category>
  <size>
   M
  </size>
  <color>
   Синий
  </color>
  <material>
   Полиэстер
  </material>
  <price>
   453807
  </price>
  <rating>
   3.03
  </rating>
  <reviews>
   870312
  </reviews>
  <new>
   +
  </new>
  <exclusive>
   no
  </exclusive>
 </clothing>
 <clothing>
  <id>
   733453283
  </id>
  <name>
   DC Skirt I-5625
  </name>
  <category>
   Skirt
  </category>
  <size>
   S
  </size>
  <color>
   Красный
  </color>
  <material>
   Кожа
  </material>
  <price>
   319427
  </price>
  <rating>
   2.78
  </rating>
  <reviews>
   569817
  </reviews>
 </clothing>
 <clothing>
  <id>
   213740759
  </id>
  <name>
   PleinSport Dress J-7140
  </name>
  <category>
   Dress
  </category>
  <size>
   M
  </size>
  <color>
   Желтый
  </color>
  <material>
   Хлопок
  </material>
  <price>
   572487
  </price>
  <rating>
   4.12
  </rating>
  <reviews>
   774565
  </reviews>
  <new>
   -
  </new>
  <sporty>
   no
  </sporty>
 </clothing>
 <clothing>
  <id>
   568690706
  </id>
  <name>
   Puma Pants Z-6819
  </name>
  <category>
   Pants
  </category>
  <size>
   XL
  </size>
  <color>
   Оранжевый
  </color>
  <material>
   Полиэстер
  </material>
  <price>
   244703
  </price>
  <rating>
   4.66
  </rating>
  <reviews>
   110410
  </reviews>
 </clothing>
 <clothing>
  <id>
   617645174
  </id>
  <name>
   Brooks Jeans G-7399
  </name>
  <category>
   Jeans
  </category>
  <size>
   XXL
  </size>
  <color>
   Красный
  </color>
  <material>
   Кожа
  </material>
  <price>
   661944
  </price>
  <rating>
   1.85
  </rating>
  <reviews>
   148772
  </reviews>
  <sporty>
   no
  </sporty>
 </clothing>
 <clothing>
  <id>
   619410880
  </id>
  <name>
   Vans Blouse M-7407
  </name>
  <category>
   Blouse
  </category>
  <size>
   XXL
  </size>
  <color>
   Фиолетовый
  </color>
  <material>
   Полиэстер
  </material>
  <price>
   922843
  </price>
  <rating>
   4.59
  </rating>
  <reviews>
   662728
  </reviews>
 </clothing>
 <clothing>
  <id>
   586597610
  </id>
  <name>
   Ellesse Skirt O-8736
  </name>
  <category>
   Skirt
  </category>
  <size>
   XL
  </size>
  <color>
   Желтый
  </color>
  <material>
   Хлопок
  </material>
  <price>
   754072
  </price>
  <rating>
   1.68
  </rating>
  <reviews>
   524740
  </reviews>
  <new>
   -
  </new>
  <exclusive>
   no
  </exclusive>
 </clothing>
 <clothing>
  <id>
   210451373
  </id>
  <name>
   Brooks Skirt V-5836
  </name>
  <category>
   Skirt
  </category>
  <size>
   XXL
  </size>
  <color>
   Фиолетовый
  </color>
  <material>
   Кожа
  </material>
  <price>
   812244
  </price>
  <rating>
   2.42
  </rating>
  <reviews>
   620167
  </reviews>
  <sporty>
   no
  </sporty>
 </clothing>
 <clothing>
  <id>
   466628476
  </id>
  <name>
   Converse Handbags Q-5487
  </name>
  <category>
   Handbags
  </category>
  <size>
   M
  </size>
  <color>
   Фиолетовый
  </color>
  <material>
   Хлопок
  </material>
  <price>
   620216
  </price>
  <rating>
   2.81
  </rating>
  <reviews>
   91442
  </reviews>
  <new>
   -
  </new>
  <sporty>
   no
  </sporty>
 </clothing>
 <clothing>
  <id>
   288271253
  </id>
  <name>
   Vans Umbrellas S-3466
  </name>
  <category>
   Umbrellas
  </category>
  <size>
   L
  </size>
  <color>
   Зеленый
  </color>
  <material>
   Шерсть
  </material>
  <price>
   147346
  </price>
  <rating>
   1.26
  </rating>
  <reviews>
   678305
  </reviews>
  <new>
   +
  </new>
  <exclusive>
   no
  </exclusive>
  <sporty>
   no
  </sporty>
 </clothing>
 <clothing>
  <id>
   978456684
  </id>
  <name>
   Asics Belts J-5963
  </name>
  <category>
   Belts
  </category>
  <size>
   XXL
  </size>
  <color>
   Желтый
  </color>
  <material>
   Полиэстер
  </material>
  <price>
   635750
  </price>
  <rating>
   1.31
  </rating>
  <reviews>
   856680
  </reviews>
  <exclusive>
   no
  </exclusive>
 </clothing>
 <clothing>
  <id>
   139993774
  </id>
  <name>
   Fila Hat D-4742
  </name>
  <category>
   Hat
  </category>
  <size>
   M
  </size>
  <color>
   Зеленый
  </color>
  <material>
   Шелк
  </material>
  <price>
   624751
  </price>
  <rating>
   3.03
  </rating>
  <reviews>
   621761
  </reviews>
  <new>
   -
  </new>
 </clothing>
 <clothing>
  <id>
   329461836
  </id>
  <name>
   Asics Blouse T-5000
  </name>
  <category>
   Blouse
  </category>
  <size>
   S
  </size>
  <color>
   Красный
  </color>
  <material>
   Шерсть
  </material>
  <price>
   204180
  </price>
  <rating>
   3.74
  </rating>
  <reviews>
   210808
  </reviews>
  <new>
   -
  </new>
 </clothing>
 <clothing>
  <id>
   741615064
  </id>
  <name>
   Puma Jacket P-8035
  </name>
  <category>
   Jacket
  </category>
  <size>
   M
  </size>
  <color>
   Желтый
  </color>
  <material>
   Вискоза
  </material>
  <price>
   740487
  </price>
  <rating>
   4.94
  </rating>
  <reviews>
   498215
  </reviews>
  <new>
   +
  </new>
 </clothing>
 <clothing>
  <id>
   173604406
  </id>
  <name>
   Lacoste T-shirt W-5087
  </name>
  <category>
   T-shirt
  </category>
  <size>
   S
  </size>
  <color>
   Фиолетовый
  </color>
  <material>
   Лен
  </material>
  <price>
   696923
  </price>
  <rating>
   2.47
  </rating>
  <reviews>
   668291
  </reviews>
  <new>
   +
  </new>
 </clothing>
 <clothing>
  <id>
   658554969
  </id>
  <name>
   DC Belts M-1862
  </name>
  <category>
   Belts
  </category>
  <size>
   XXL
  </size>
  <color>
   Оранжевый
  </color>
  <material>
   Полиэстер
  </material>
  <price>
   588662
  </price>
  <rating>
   2.65
  </rating>
  <reviews>
   926695
  </reviews>
  <exclusive>
   no
  </exclusive>
 </clothing>
 <clothing>
  <id>
   689186130
  </id>
  <name>
   PleinSport T-shirt L-2997
  </name>
  <category>
   T-shirt
  </category>
  <size>
   XL
  </size>
  <color>
   Желтый
  </color>
  <material>
   Кожа
  </material>
  <price>
   360653
  </price>
  <rating>
   3.44
  </rating>
  <reviews>
   365964
  </reviews>
  <new>
   -
  </new>
  <exclusive>
   no
  </exclusive>
  <sporty>
   no
  </sporty>
 </clothing>
</clothing-items>
