<?xml version="1.0" encoding="utf-8"?>
<clothing-items>
 <clothing>
  <id>
   867393881
  </id>
  <name>
   Under Armour T-shirt Y-7537
  </name>
  <category>
   T-shirt
  </category>
  <size>
   L
  </size>
  <color>
   Фиолетовый
  </color>
  <material>
   Хлопок
  </material>
  <price>
   340976
  </price>
  <rating>
   1.28
  </rating>
  <reviews>
   66048
  </reviews>
  <new>
   +
  </new>
  <exclusive>
   no
  </exclusive>
 </clothing>
 <clothing>
  <id>
   652938702
  </id>
  <name>
   PleinSport Hat T-4787
  </name>
  <category>
   Hat
  </category>
  <size>
   S
  </size>
  <color>
   Желтый
  </color>
  <material>
   Лен
  </material>
  <price>
   816622
  </price>
  <rating>
   4.31
  </rating>
  <reviews>
   329715
  </reviews>
  <new>
   -
  </new>
  <sporty>
   no
  </sporty>
 </clothing>
 <clothing>
  <id>
   954721227
  </id>
  <name>
   Brooks Gloves H-6325
  </name>
  <category>
   Gloves
  </category>
  <size>
   S
  </size>
  <color>
   Оранжевый
  </color>
  <material>
   Шерсть
  </material>
  <price>
   309759
  </price>
  <rating>
   3.71
  </rating>
  <reviews>
   849275
  </reviews>
  <new>
   +
  </new>
  <sporty>
   yes
  </sporty>
 </clothing>
 <clothing>
  <id>
   735003560
  </id>
  <name>
   Ellesse Sweater I-4560
  </name>
  <category>
   Sweater
  </category>
  <size>
   S
  </size>
  <color>
   Фиолетовый
  </color>
  <material>
   Нейлон
  </material>
  <price>
   109657
  </price>
  <rating>
   3.94
  </rating>
  <reviews>
   831396
  </reviews>
  <new>
   +
  </new>
  <sporty>
   no
  </sporty>
 </clothing>
 <clothing>
  <id>
   270773933
  </id>
  <name>
   Under Armour Skirt R-7611
  </name>
  <category>
   Skirt
  </category>
  <size>
   L
  </size>
  <color>
   Голубой
  </color>
  <material>
   Хлопок
  </material>
  <price>
   555018
  </price>
  <rating>
   1.71
  </rating>
  <reviews>
   193309
  </reviews>
  <new>
   -
  </new>
  <exclusive>
   no
  </exclusive>
 </clothing>
 <clothing>
  <id>
   866531181
  </id>
  <name>
   Brooks Gloves L-4793
  </name>
  <category>
   Gloves
  </category>
  <size>
   S
  </size>
  <color>
   Зеленый
  </color>
  <material>
   Шерсть
  </material>
  <price>
   660198
  </price>
  <rating>
   4.14
  </rating>
  <reviews>
   852008
  </reviews>
  <exclusive>
   no
  </exclusive>
  <sporty>
   no
  </sporty>
 </clothing>
 <clothing>
  <id>
   688160772
  </id>
  <name>
   Fila Blouse S-3866
  </name>
  <category>
   Blouse
  </category>
  <size>
   L
  </size>
  <color>
   Голубой
  </color>
  <material>
   Нейлон
  </material>
  <price>
   596528
  </price>
  <rating>
   4.25
  </rating>
  <reviews>
   98050
  </reviews>
  <new>
   -
  </new>
  <exclusive>
   yes
  </exclusive>
  <sporty>
   no
  </sporty>
 </clothing>
 <clothing>
  <id>
   307055750
  </id>
  <name>
   Under Armour Skirt T-7048
  </name>
  <category>
   Skirt
  </category>
  <size>
   M
  </size>
  <color>
   Желтый
  </color>
  <material>
   Шелк
  </material>
  <price>
   770962
  </price>
  <rating>
   1.91
  </rating>
  <reviews>
   505294
  </reviews>
  <new>
   +
  </new>
  <exclusive>
   no
  </exclusive>
  <sporty>
   yes
  </sporty>
 </clothing>
 <clothing>
  <id>
   159435284
  </id>
  <name>
   New Balance Skirt L-4573
  </name>
  <category>
   Skirt
  </category>
  <size>
   XL
  </size>
  <color>
   Оранжевый
  </color>
  <material>
   Шелк
  </material>
  <price>
   793747
  </price>
  <rating>
   4.45
  </rating>
  <reviews>
   330979
  </reviews>
  <new>
   -
  </new>
  <sporty>
   yes
  </sporty>
 </clothing>
 <clothing>
  <id>
   615578146
  </id>
  <name>
   Vans Belts U-9500
  </name>
  <category>
   Belts
  </category>
  <size>
   XXL
  </size>
  <color>
   Красный
  </color>
  <material>
   Кожа
  </material>
  <price>
   127200
  </price>
  <rating>
   2.96
  </rating>
  <reviews>
   345412
  </reviews>
  <new>
   -
  </new>
  <exclusive>
   yes
  </exclusive>
  <sporty>
   no
  </sporty>
 </clothing>
 <clothing>
  <id>
   380310753
  </id>
  <name>
   Lacoste Shirt J-9048
  </name>
  <category>
   Shirt
  </category>
  <size>
   XXL
  </size>
  <color>
   Зеленый
  </color>
  <material>
   Кожа
  </material>
  <price>
   785853
  </price>
  <rating>
   4.19
  </rating>
  <reviews>
   294540
  </reviews>
 </clothing>
 <clothing>
  <id>
   406954588
  </id>
  <name>
   Under Armour Jeans R-9621
  </name>
  <category>
   Jeans
  </category>
  <size>
   XXL
  </size>
  <color>
   Голубой
  </color>
  <material>
   Лен
  </material>
  <price>
   111024
  </price>
  <rating>
   2.56
  </rating>
  <reviews>
   267344
  </reviews>
  <exclusive>
   yes
  </exclusive>
  <sporty>
   yes
  </sporty>
 </clothing>
 <clothing>
  <id>
   814139754
  </id>
  <name>
   DC Jacket C-8538
  </name>
  <category>
   Jacket
  </category>
  <size>
   XL
  </size>
  <color>
   Голубой
  </color>
  <material>
   Шелк
  </material>
  <price>
   159816
  </price>
  <rating>
   4.54
  </rating>
  <reviews>
   755549
  </reviews>
  <new>
   +
  </new>
  <exclusive>
   no
  </exclusive>
 </clothing>
 <clothing>
  <id>
   193564910
  </id>
  <name>
   Addidas Socks T-3666
  </name>
  <category>
   Socks
  </category>
  <size>
   XL
  </size>
  <color>
   Красный
  </color>
  <material>
   Шерсть
  </material>
  <price>
   819248
  </price>
  <rating>
   3.38
  </rating>
  <reviews>
   341137
  </reviews>
  <new>
   -
  </new>
  <exclusive>
   no
  </exclusive>
  <sporty>
   no
  </sporty>
 </clothing>
 <clothing>
  <id>
   643372475
  </id>
  <name>
   Reebok Handbags K-8096
  </name>
  <category>
   Handbags
  </category>
  <size>
   XL
  </size>
  <color>
   Оранжевый
  </color>
  <material>
   Шелк
  </material>
  <price>
   911222
  </price>
  <rating>
   1.61
  </rating>
  <reviews>
   997904
  </reviews>
  <sporty>
   yes
  </sporty>
 </clothing>
 <clothing>
  <id>
   436845630
  </id>
  <name>
   Puma Blouse Y-8211
  </name>
  <category>
   Blouse
  </category>
  <size>
   S
  </size>
  <color>
   Красный
  </color>
  <material>
   Нейлон
  </material>
  <price>
   279377
  </price>
  <rating>
   1.21
  </rating>
  <reviews>
   417010
  </reviews>
  <new>
   -
  </new>
  <exclusive>
   yes
  </exclusive>
  <sporty>
   no
  </sporty>
 </clothing>
 <clothing>
  <id>
   200216054
  </id>
  <name>
   Puma Handbags K-4052
  </name>
  <category>
   Handbags
  </category>
  <size>
   XL
  </size>
  <color>
   Синий
  </color>
  <material>
   Лен
  </material>
  <price>
   949886
  </price>
  <rating>
   2.91
  </rating>
  <reviews>
   250533
  </reviews>
  <exclusive>
   no
  </exclusive>
  <sporty>
   no
  </sporty>
 </clothing>
 <clothing>
  <id>
   253309678
  </id>
  <name>
   Brooks Sweater R-1011
  </name>
  <category>
   Sweater
  </category>
  <size>
   S
  </size>
  <color>
   Желтый
  </color>
  <material>
   Вискоза
  </material>
  <price>
   519230
  </price>
  <rating>
   4.02
  </rating>
  <reviews>
   741365
  </reviews>
 </clothing>
 <clothing>
  <id>
   299601449
  </id>
  <name>
   Addidas Hat O-8899
  </name>
  <category>
   Hat
  </category>
  <size>
   M
  </size>
  <color>
   Голубой
  </color>
  <material>
   Шелк
  </material>
  <price>
   282411
  </price>
  <rating>
   4.96
  </rating>
  <reviews>
   998627
  </reviews>
  <sporty>
   no
  </sporty>
 </clothing>
 <clothing>
  <id>
   394643185
  </id>
  <name>
   Ellesse Jeans X-7556
  </name>
  <category>
   Jeans
  </category>
  <size>
   M
  </size>
  <color>
   Голубой
  </color>
  <material>
   Хлопок
  </material>
  <price>
   224622
  </price>
  <rating>
   2.58
  </rating>
  <reviews>
   99101
  </reviews>
  <exclusive>
   no
  </exclusive>
 </clothing>
 <clothing>
  <id>
   221733084
  </id>
  <name>
   Vans Jeans L-7126
  </name>
  <category>
   Jeans
  </category>
  <size>
   XL
  </size>
  <color>
   Фиолетовый
  </color>
  <material>
   Кожа
  </material>
  <price>
   429552
  </price>
  <rating>
   1.97
  </rating>
  <reviews>
   65499
  </reviews>
  <new>
   -
  </new>
  <exclusive>
   yes
  </exclusive>
 </clothing>
 <clothing>
  <id>
   874627133
  </id>
  <name>
   Nike Jacket E-8408
  </name>
  <category>
   Jacket
  </category>
  <size>
   S
  </size>
  <color>
   Фиолетовый
  </color>
  <material>
   Вискоза
  </material>
  <price>
   475722
  </price>
  <rating>
   1.16
  </rating>
  <reviews>
   918398
  </reviews>
 </clothing>
 <clothing>
  <id>
   526287239
  </id>
  <name>
   Reebok Jacket F-3293
  </name>
  <category>
   Jacket
  </category>
  <size>
   L
  </size>
  <color>
   Оранжевый
  </color>
  <material>
   Кожа
  </material>
  <price>
   707288
  </price>
  <rating>
   4.65
  </rating>
  <reviews>
   31116
  </reviews>
  <sporty>
   yes
  </sporty>
 </clothing>
 <clothing>
  <id>
   767851257
  </id>
  <name>
   Lacoste Hat B-4398
  </name>
  <category>
   Hat
  </category>
  <size>
   M
  </size>
  <color>
   Оранжевый
  </color>
  <material>
   Кожа
  </material>
  <price>
   578434
  </price>
  <rating>
   2.12
  </rating>
  <reviews>
   58158
  </reviews>
  <new>
   +
  </new>
  <sporty>
   no
  </sporty>
 </clothing>
 <clothing>
  <id>
   988300336
  </id>
  <name>
   Addidas Shirt D-8598
  </name>
  <category>
   Shirt
  </category>
  <size>
   S
  </size>
  <color>
   Голубой
  </color>
  <material>
   Нейлон
  </material>
  <price>
   886842
  </price>
  <rating>
   2.0
  </rating>
  <reviews>
   969946
  </reviews>
  <new>
   -
  </new>
  <exclusive>
   no
  </exclusive>
  <sporty>
   no
  </sporty>
 </clothing>
 <clothing>
  <id>
   802570944
  </id>
  <name>
   Brooks Belts P-6207
  </name>
  <category>
   Belts
  </category>
  <size>
   XL
  </size>
  <color>
   Голубой
  </color>
  <material>
   Лен
  </material>
  <price>
   489347
  </price>
  <rating>
   2.48
  </rating>
  <reviews>
   712868
  </reviews>
  <new>
   -
  </new>
  <exclusive>
   no
  </exclusive>
 </clothing>
 <clothing>
  <id>
   739494752
  </id>
  <name>
   Nike Jacket S-1536
  </name>
  <category>
   Jacket
  </category>
  <size>
   S
  </size>
  <color>
   Зеленый
  </color>
  <material>
   Шелк
  </material>
  <price>
   596650
  </price>
  <rating>
   1.58
  </rating>
  <reviews>
   948140
  </reviews>
  <sporty>
   no
  </sporty>
 </clothing>
 <clothing>
  <id>
   464446653
  </id>
  <name>
   Vans Skirt H-9413
  </name>
  <category>
   Skirt
  </category>
  <size>
   S
  </size>
  <color>
   Красный
  </color>
  <material>
   Хлопок
  </material>
  <price>
   866236
  </price>
  <rating>
   3.98
  </rating>
  <reviews>
   729481
  </reviews>
  <sporty>
   yes
  </sporty>
 </clothing>
 <clothing>
  <id>
   242387933
  </id>
  <name>
   Ellesse Pants F-1569
  </name>
  <category>
   Pants
  </category>
  <size>
   XL
  </size>
  <color>
   Фиолетовый
  </color>
  <material>
   Нейлон
  </material>
  <price>
   858380
  </price>
  <rating>
   2.85
  </rating>
  <reviews>
   406747
  </reviews>
  <exclusive>
   yes
  </exclusive>
 </clothing>
 <clothing>
  <id>
   276576020
  </id>
  <name>
   Fila Jacket R-2059
  </name>
  <category>
   Jacket
  </category>
  <size>
   XL
  </size>
  <color>
   Оранжевый
  </color>
  <material>
   Шерсть
  </material>
  <price>
   234065
  </price>
  <rating>
   1.84
  </rating>
  <reviews>
   993198
  </reviews>
 </clothing>
 <clothing>
  <id>
   970816507
  </id>
  <name>
   Vans Jacket N-4157
  </name>
  <category>
   Jacket
  </category>
  <size>
   XL
  </size>
  <color>
   Красный
  </color>
  <material>
   Кожа
  </material>
  <price>
   731065
  </price>
  <rating>
   1.58
  </rating>
  <reviews>
   44225
  </reviews>
  <exclusive>
   yes
  </exclusive>
 </clothing>
 <clothing>
  <id>
   380305218
  </id>
  <name>
   Addidas Jeans X-1347
  </name>
  <category>
   Jeans
  </category>
  <size>
   S
  </size>
  <color>
   Желтый
  </color>
  <material>
   Полиэстер
  </material>
  <price>
   493016
  </price>
  <rating>
   1.96
  </rating>
  <reviews>
   490619
  </reviews>
  <new>
   -
  </new>
  <exclusive>
   no
  </exclusive>
  <sporty>
   yes
  </sporty>
 </clothing>
</clothing-items>
