<?xml version="1.0" encoding="utf-8"?>
<clothing-items>
 <clothing>
  <id>
   777423831
  </id>
  <name>
   DC Skirt Z-6542
  </name>
  <category>
   Skirt
  </category>
  <size>
   XL
  </size>
  <color>
   Синий
  </color>
  <material>
   Полиэстер
  </material>
  <price>
   987160
  </price>
  <rating>
   4.25
  </rating>
  <reviews>
   7555
  </reviews>
  <exclusive>
   yes
  </exclusive>
  <sporty>
   no
  </sporty>
 </clothing>
 <clothing>
  <id>
   500934998
  </id>
  <name>
   Addidas Skirt E-2964
  </name>
  <category>
   Skirt
  </category>
  <size>
   XL
  </size>
  <color>
   Синий
  </color>
  <material>
   Шерсть
  </material>
  <price>
   344583
  </price>
  <rating>
   4.12
  </rating>
  <reviews>
   60533
  </reviews>
  <sporty>
   yes
  </sporty>
 </clothing>
 <clothing>
  <id>
   337171829
  </id>
  <name>
   Asics T-shirt C-2392
  </name>
  <category>
   T-shirt
  </category>
  <size>
   XL
  </size>
  <color>
   Желтый
  </color>
  <material>
   Кожа
  </material>
  <price>
   195051
  </price>
  <rating>
   3.83
  </rating>
  <reviews>
   866388
  </reviews>
  <new>
   -
  </new>
 </clothing>
 <clothing>
  <id>
   839312779
  </id>
  <name>
   Asics Belts S-9037
  </name>
  <category>
   Belts
  </category>
  <size>
   M
  </size>
  <color>
   Оранжевый
  </color>
  <material>
   Шелк
  </material>
  <price>
   480358
  </price>
  <rating>
   2.42
  </rating>
  <reviews>
   653742
  </reviews>
  <exclusive>
   yes
  </exclusive>
  <sporty>
   no
  </sporty>
 </clothing>
 <clothing>
  <id>
   861836290
  </id>
  <name>
   Reebok Shoes I-7098
  </name>
  <category>
   Shoes
  </category>
  <size>
   S
  </size>
  <color>
   Синий
  </color>
  <material>
   Шелк
  </material>
  <price>
   331719
  </price>
  <rating>
   5.0
  </rating>
  <reviews>
   601359
  </reviews>
  <new>
   -
  </new>
  <exclusive>
   no
  </exclusive>
  <sporty>
   yes
  </sporty>
 </clothing>
 <clothing>
  <id>
   303632877
  </id>
  <name>
   Puma Jacket A-5489
  </name>
  <category>
   Jacket
  </category>
  <size>
   L
  </size>
  <color>
   Оранжевый
  </color>
  <material>
   Нейлон
  </material>
  <price>
   290489
  </price>
  <rating>
   2.93
  </rating>
  <reviews>
   481009
  </reviews>
  <new>
   -
  </new>
  <sporty>
   no
  </sporty>
 </clothing>
 <clothing>
  <id>
   756468376
  </id>
  <name>
   Ellesse Handbags J-7012
  </name>
  <category>
   Handbags
  </category>
  <size>
   XXL
  </size>
  <color>
   Желтый
  </color>
  <material>
   Хлопок
  </material>
  <price>
   165485
  </price>
  <rating>
   2.76
  </rating>
  <reviews>
   500612
  </reviews>
 </clothing>
 <clothing>
  <id>
   111996908
  </id>
  <name>
   Reebok Skirt P-8634
  </name>
  <category>
   Skirt
  </category>
  <size>
   L
  </size>
  <color>
   Голубой
  </color>
  <material>
   Лен
  </material>
  <price>
   665375
  </price>
  <rating>
   2.66
  </rating>
  <reviews>
   835104
  </reviews>
  <exclusive>
   no
  </exclusive>
 </clothing>
 <clothing>
  <id>
   863307728
  </id>
  <name>
   Under Armour Jeans I-2728
  </name>
  <category>
   Jeans
  </category>
  <size>
   XL
  </size>
  <color>
   Фиолетовый
  </color>
  <material>
   Нейлон
  </material>
  <price>
   614451
  </price>
  <rating>
   4.31
  </rating>
  <reviews>
   816298
  </reviews>
  <new>
   +
  </new>
  <exclusive>
   no
  </exclusive>
 </clothing>
 <clothing>
  <id>
   412095004
  </id>
  <name>
   Lacoste Umbrellas K-9228
  </name>
  <category>
   Umbrellas
  </category>
  <size>
   XXL
  </size>
  <color>
   Фиолетовый
  </color>
  <material>
   Кожа
  </material>
  <price>
   466111
  </price>
  <rating>
   4.8
  </rating>
  <reviews>
   24195
  </reviews>
  <new>
   -
  </new>
  <exclusive>
   yes
  </exclusive>
  <sporty>
   yes
  </sporty>
 </clothing>
 <clothing>
  <id>
   747580713
  </id>
  <name>
   Lacoste Blouse O-1699
  </name>
  <category>
   Blouse
  </category>
  <size>
   XXL
  </size>
  <color>
   Голубой
  </color>
  <material>
   Кожа
  </material>
  <price>
   177728
  </price>
  <rating>
   4.02
  </rating>
  <reviews>
   893509
  </reviews>
  <exclusive>
   no
  </exclusive>
  <sporty>
   yes
  </sporty>
 </clothing>
 <clothing>
  <id>
   759289691
  </id>
  <name>
   Lacoste Blouse Z-3793
  </name>
  <category>
   Blouse
  </category>
  <size>
   XL
  </size>
  <color>
   Синий
  </color>
  <material>
   Полиэстер
  </material>
  <price>
   474880
  </price>
  <rating>
   3.16
  </rating>
  <reviews>
   252737
  </reviews>
  <new>
   -
  </new>
  <sporty>
   no
  </sporty>
 </clothing>
 <clothing>
  <id>
   423271400
  </id>
  <name>
   Fila Shoes R-2724
  </name>
  <category>
   Shoes
  </category>
  <size>
   XXL
  </size>
  <color>
   Фиолетовый
  </color>
  <material>
   Кожа
  </material>
  <price>
   190180
  </price>
  <rating>
   1.75
  </rating>
  <reviews>
   422451
  </reviews>
  <exclusive>
   no
  </exclusive>
 </clothing>
 <clothing>
  <id>
   740290299
  </id>
  <name>
   Nike Pants O-5335
  </name>
  <category>
   Pants
  </category>
  <size>
   XXL
  </size>
  <color>
   Голубой
  </color>
  <material>
   Кожа
  </material>
  <price>
   254699
  </price>
  <rating>
   1.78
  </rating>
  <reviews>
   222064
  </reviews>
  <new>
   +
  </new>
  <sporty>
   no
  </sporty>
 </clothing>
 <clothing>
  <id>
   926553106
  </id>
  <name>
   Asics Pants O-3836
  </name>
  <category>
   Pants
  </category>
  <size>
   XXL
  </size>
  <color>
   Оранжевый
  </color>
  <material>
   Вискоза
  </material>
  <price>
   407711
  </price>
  <rating>
   3.47
  </rating>
  <reviews>
   635796
  </reviews>
  <new>
   -
  </new>
  <exclusive>
   no
  </exclusive>
  <sporty>
   no
  </sporty>
 </clothing>
 <clothing>
  <id>
   700916389
  </id>
  <name>
   Addidas Handbags Q-1551
  </name>
  <category>
   Handbags
  </category>
  <size>
   L
  </size>
  <color>
   Желтый
  </color>
  <material>
   Полиэстер
  </material>
  <price>
   961426
  </price>
  <rating>
   3.97
  </rating>
  <reviews>
   608838
  </reviews>
  <new>
   -
  </new>
 </clothing>
 <clothing>
  <id>
   892091062
  </id>
  <name>
   Puma Shirt S-4486
  </name>
  <category>
   Shirt
  </category>
  <size>
   XL
  </size>
  <color>
   Синий
  </color>
  <material>
   Шерсть
  </material>
  <price>
   834740
  </price>
  <rating>
   4.73
  </rating>
  <reviews>
   551456
  </reviews>
  <new>
   -
  </new>
  <exclusive>
   yes
  </exclusive>
  <sporty>
   yes
  </sporty>
 </clothing>
 <clothing>
  <id>
   134275611
  </id>
  <name>
   Addidas Shirt V-6694
  </name>
  <category>
   Shirt
  </category>
  <size>
   M
  </size>
  <color>
   Голубой
  </color>
  <material>
   Шелк
  </material>
  <price>
   444076
  </price>
  <rating>
   3.24
  </rating>
  <reviews>
   597318
  </reviews>
  <new>
   -
  </new>
  <sporty>
   no
  </sporty>
 </clothing>
 <clothing>
  <id>
   878349625
  </id>
  <name>
   Adidas Jeans K-7007
  </name>
  <category>
   Jeans
  </category>
  <size>
   S
  </size>
  <color>
   Красный
  </color>
  <material>
   Полиэстер
  </material>
  <price>
   182318
  </price>
  <rating>
   1.79
  </rating>
  <reviews>
   413844
  </reviews>
  <new>
   -
  </new>
  <exclusive>
   no
  </exclusive>
 </clothing>
 <clothing>
  <id>
   358734989
  </id>
  <name>
   Converse Dress L-3869
  </name>
  <category>
   Dress
  </category>
  <size>
   XL
  </size>
  <color>
   Зеленый
  </color>
  <material>
   Нейлон
  </material>
  <price>
   686747
  </price>
  <rating>
   1.54
  </rating>
  <reviews>
   422994
  </reviews>
  <new>
   -
  </new>
  <exclusive>
   yes
  </exclusive>
  <sporty>
   no
  </sporty>
 </clothing>
 <clothing>
  <id>
   228604781
  </id>
  <name>
   Brooks Sweater R-1084
  </name>
  <category>
   Sweater
  </category>
  <size>
   L
  </size>
  <color>
   Фиолетовый
  </color>
  <material>
   Шелк
  </material>
  <price>
   304386
  </price>
  <rating>
   2.75
  </rating>
  <reviews>
   295277
  </reviews>
  <exclusive>
   no
  </exclusive>
  <sporty>
   yes
  </sporty>
 </clothing>
 <clothing>
  <id>
   702104866
  </id>
  <name>
   Asics Jacket H-9200
  </name>
  <category>
   Jacket
  </category>
  <size>
   XXL
  </size>
  <color>
   Фиолетовый
  </color>
  <material>
   Хлопок
  </material>
  <price>
   495462
  </price>
  <rating>
   4.54
  </rating>
  <reviews>
   352112
  </reviews>
  <new>
   -
  </new>
 </clothing>
 <clothing>
  <id>
   290240171
  </id>
  <name>
   Under Armour Jeans X-8333
  </name>
  <category>
   Jeans
  </category>
  <size>
   L
  </size>
  <color>
   Красный
  </color>
  <material>
   Лен
  </material>
  <price>
   812158
  </price>
  <rating>
   1.22
  </rating>
  <reviews>
   33321
  </reviews>
  <new>
   -
  </new>
  <sporty>
   no
  </sporty>
 </clothing>
 <clothing>
  <id>
   746327231
  </id>
  <name>
   Under Armour Hat Y-9931
  </name>
  <category>
   Hat
  </category>
  <size>
   XXL
  </size>
  <color>
   Оранжевый
  </color>
  <material>
   Полиэстер
  </material>
  <price>
   255017
  </price>
  <rating>
   3.25
  </rating>
  <reviews>
   769150
  </reviews>
 </clothing>
 <clothing>
  <id>
   818230500
  </id>
  <name>
   Vans Jacket G-9251
  </name>
  <category>
   Jacket
  </category>
  <size>
   XXL
  </size>
  <color>
   Желтый
  </color>
  <material>
   Полиэстер
  </material>
  <price>
   175371
  </price>
  <rating>
   4.75
  </rating>
  <reviews>
   36703
  </reviews>
  <exclusive>
   no
  </exclusive>
  <sporty>
   no
  </sporty>
 </clothing>
 <clothing>
  <id>
   481677944
  </id>
  <name>
   Adidas Handbags M-2905
  </name>
  <category>
   Handbags
  </category>
  <size>
   M
  </size>
  <color>
   Красный
  </color>
  <material>
   Кожа
  </material>
  <price>
   685171
  </price>
  <rating>
   4.77
  </rating>
  <reviews>
   957264
  </reviews>
  <new>
   -
  </new>
  <sporty>
   no
  </sporty>
 </clothing>
 <clothing>
  <id>
   506803383
  </id>
  <name>
   Converse T-shirt E-9748
  </name>
  <category>
   T-shirt
  </category>
  <size>
   S
  </size>
  <color>
   Красный
  </color>
  <material>
   Полиэстер
  </material>
  <price>
   460743
  </price>
  <rating>
   3.83
  </rating>
  <reviews>
   250404
  </reviews>
  <new>
   +
  </new>
  <sporty>
   yes
  </sporty>
 </clothing>
</clothing-items>
