<?xml version="1.0" encoding="utf-8"?>
<clothing-items>
 <clothing>
  <id>
   115821157
  </id>
  <name>
   Puma T-shirt K-9665
  </name>
  <category>
   T-shirt
  </category>
  <size>
   M
  </size>
  <color>
   Голубой
  </color>
  <material>
   Шерсть
  </material>
  <price>
   915487
  </price>
  <rating>
   1.28
  </rating>
  <reviews>
   989198
  </reviews>
  <new>
   -
  </new>
  <exclusive>
   no
  </exclusive>
 </clothing>
 <clothing>
  <id>
   607212510
  </id>
  <name>
   DC Hat W-8139
  </name>
  <category>
   Hat
  </category>
  <size>
   S
  </size>
  <color>
   Желтый
  </color>
  <material>
   Шерсть
  </material>
  <price>
   191691
  </price>
  <rating>
   4.76
  </rating>
  <reviews>
   999827
  </reviews>
  <new>
   -
  </new>
  <exclusive>
   no
  </exclusive>
  <sporty>
   no
  </sporty>
 </clothing>
 <clothing>
  <id>
   891492792
  </id>
  <name>
   Lacoste T-shirt V-4041
  </name>
  <category>
   T-shirt
  </category>
  <size>
   M
  </size>
  <color>
   Фиолетовый
  </color>
  <material>
   Хлопок
  </material>
  <price>
   416557
  </price>
  <rating>
   1.08
  </rating>
  <reviews>
   142270
  </reviews>
  <new>
   +
  </new>
  <sporty>
   no
  </sporty>
 </clothing>
 <clothing>
  <id>
   847965447
  </id>
  <name>
   Reebok Blouse F-3698
  </name>
  <category>
   Blouse
  </category>
  <size>
   S
  </size>
  <color>
   Красный
  </color>
  <material>
   Вискоза
  </material>
  <price>
   117477
  </price>
  <rating>
   4.44
  </rating>
  <reviews>
   757088
  </reviews>
  <new>
   +
  </new>
  <exclusive>
   no
  </exclusive>
 </clothing>
 <clothing>
  <id>
   950543483
  </id>
  <name>
   Ellesse Pants B-9260
  </name>
  <category>
   Pants
  </category>
  <size>
   XXL
  </size>
  <color>
   Желтый
  </color>
  <material>
   Шерсть
  </material>
  <price>
   402580
  </price>
  <rating>
   1.99
  </rating>
  <reviews>
   203080
  </reviews>
  <exclusive>
   yes
  </exclusive>
  <sporty>
   no
  </sporty>
 </clothing>
 <clothing>
  <id>
   556466024
  </id>
  <name>
   Brooks Handbags V-7268
  </name>
  <category>
   Handbags
  </category>
  <size>
   XL
  </size>
  <color>
   Красный
  </color>
  <material>
   Полиэстер
  </material>
  <price>
   371942
  </price>
  <rating>
   4.24
  </rating>
  <reviews>
   627096
  </reviews>
 </clothing>
 <clothing>
  <id>
   310069299
  </id>
  <name>
   Vans Pants Y-9817
  </name>
  <category>
   Pants
  </category>
  <size>
   S
  </size>
  <color>
   Оранжевый
  </color>
  <material>
   Хлопок
  </material>
  <price>
   207443
  </price>
  <rating>
   3.63
  </rating>
  <reviews>
   702225
  </reviews>
  <exclusive>
   no
  </exclusive>
  <sporty>
   no
  </sporty>
 </clothing>
 <clothing>
  <id>
   122555060
  </id>
  <name>
   New Balance Shoes A-2790
  </name>
  <category>
   Shoes
  </category>
  <size>
   L
  </size>
  <color>
   Фиолетовый
  </color>
  <material>
   Шелк
  </material>
  <price>
   271628
  </price>
  <rating>
   4.87
  </rating>
  <reviews>
   255025
  </reviews>
 </clothing>
 <clothing>
  <id>
   246925503
  </id>
  <name>
   Fila Jeans M-6143
  </name>
  <category>
   Jeans
  </category>
  <size>
   M
  </size>
  <color>
   Зеленый
  </color>
  <material>
   Лен
  </material>
  <price>
   515355
  </price>
  <rating>
   2.12
  </rating>
  <reviews>
   343170
  </reviews>
  <new>
   -
  </new>
  <exclusive>
   no
  </exclusive>
 </clothing>
 <clothing>
  <id>
   279455449
  </id>
  <name>
   Asics Pants Q-9417
  </name>
  <category>
   Pants
  </category>
  <size>
   XXL
  </size>
  <color>
   Оранжевый
  </color>
  <material>
   Лен
  </material>
  <price>
   369419
  </price>
  <rating>
   2.45
  </rating>
  <reviews>
   565734
  </reviews>
  <new>
   -
  </new>
 </clothing>
 <clothing>
  <id>
   164513497
  </id>
  <name>
   Puma Belts J-5275
  </name>
  <category>
   Belts
  </category>
  <size>
   XL
  </size>
  <color>
   Синий
  </color>
  <material>
   Хлопок
  </material>
  <price>
   957043
  </price>
  <rating>
   1.8
  </rating>
  <reviews>
   331156
  </reviews>
  <exclusive>
   yes
  </exclusive>
 </clothing>
 <clothing>
  <id>
   568132314
  </id>
  <name>
   Puma Hat B-3096
  </name>
  <category>
   Hat
  </category>
  <size>
   M
  </size>
  <color>
   Голубой
  </color>
  <material>
   Кожа
  </material>
  <price>
   890884
  </price>
  <rating>
   2.72
  </rating>
  <reviews>
   200254
  </reviews>
  <new>
   +
  </new>
 </clothing>
 <clothing>
  <id>
   264159901
  </id>
  <name>
   DC Shirt W-9855
  </name>
  <category>
   Shirt
  </category>
  <size>
   L
  </size>
  <color>
   Голубой
  </color>
  <material>
   Кожа
  </material>
  <price>
   913747
  </price>
  <rating>
   4.1
  </rating>
  <reviews>
   210200
  </reviews>
  <sporty>
   no
  </sporty>
 </clothing>
 <clothing>
  <id>
   999242043
  </id>
  <name>
   Adidas Skirt M-4498
  </name>
  <category>
   Skirt
  </category>
  <size>
   M
  </size>
  <color>
   Синий
  </color>
  <material>
   Кожа
  </material>
  <price>
   425753
  </price>
  <rating>
   3.48
  </rating>
  <reviews>
   518268
  </reviews>
  <new>
   +
  </new>
  <exclusive>
   no
  </exclusive>
 </clothing>
 <clothing>
  <id>
   904671328
  </id>
  <name>
   PleinSport Shoes A-8297
  </name>
  <category>
   Shoes
  </category>
  <size>
   S
  </size>
  <color>
   Красный
  </color>
  <material>
   Шелк
  </material>
  <price>
   704692
  </price>
  <rating>
   2.9
  </rating>
  <reviews>
   557531
  </reviews>
  <exclusive>
   no
  </exclusive>
  <sporty>
   no
  </sporty>
 </clothing>
 <clothing>
  <id>
   855076450
  </id>
  <name>
   Under Armour Umbrellas O-6398
  </name>
  <category>
   Umbrellas
  </category>
  <size>
   XXL
  </size>
  <color>
   Желтый
  </color>
  <material>
   Кожа
  </material>
  <price>
   282007
  </price>
  <rating>
   4.0
  </rating>
  <reviews>
   369157
  </reviews>
  <exclusive>
   yes
  </exclusive>
 </clothing>
 <clothing>
  <id>
   956819332
  </id>
  <name>
   Ellesse Belts O-9550
  </name>
  <category>
   Belts
  </category>
  <size>
   XL
  </size>
  <color>
   Оранжевый
  </color>
  <material>
   Шелк
  </material>
  <price>
   348121
  </price>
  <rating>
   2.39
  </rating>
  <reviews>
   168203
  </reviews>
  <new>
   +
  </new>
  <exclusive>
   no
  </exclusive>
  <sporty>
   no
  </sporty>
 </clothing>
 <clothing>
  <id>
   169304869
  </id>
  <name>
   Nike Jeans C-1109
  </name>
  <category>
   Jeans
  </category>
  <size>
   L
  </size>
  <color>
   Голубой
  </color>
  <material>
   Лен
  </material>
  <price>
   720483
  </price>
  <rating>
   3.1
  </rating>
  <reviews>
   82022
  </reviews>
  <new>
   -
  </new>
 </clothing>
 <clothing>
  <id>
   336352903
  </id>
  <name>
   New Balance Dress P-9743
  </name>
  <category>
   Dress
  </category>
  <size>
   XL
  </size>
  <color>
   Синий
  </color>
  <material>
   Шелк
  </material>
  <price>
   361519
  </price>
  <rating>
   1.24
  </rating>
  <reviews>
   135449
  </reviews>
  <new>
   -
  </new>
  <exclusive>
   yes
  </exclusive>
 </clothing>
</clothing-items>
