<?xml version="1.0" encoding="utf-8"?>
<clothing-items>
 <clothing>
  <id>
   157467736
  </id>
  <name>
   DC Socks W-4138
  </name>
  <category>
   Socks
  </category>
  <size>
   S
  </size>
  <color>
   Синий
  </color>
  <material>
   Полиэстер
  </material>
  <price>
   432836
  </price>
  <rating>
   1.74
  </rating>
  <reviews>
   893848
  </reviews>
  <new>
   -
  </new>
  <sporty>
   no
  </sporty>
 </clothing>
 <clothing>
  <id>
   375810784
  </id>
  <name>
   Reebok Sweater A-6647
  </name>
  <category>
   Sweater
  </category>
  <size>
   XXL
  </size>
  <color>
   Желтый
  </color>
  <material>
   Кожа
  </material>
  <price>
   378139
  </price>
  <rating>
   2.26
  </rating>
  <reviews>
   940716
  </reviews>
  <exclusive>
   yes
  </exclusive>
  <sporty>
   no
  </sporty>
 </clothing>
 <clothing>
  <id>
   799311035
  </id>
  <name>
   Converse Pants H-8248
  </name>
  <category>
   Pants
  </category>
  <size>
   XL
  </size>
  <color>
   Красный
  </color>
  <material>
   Шелк
  </material>
  <price>
   445752
  </price>
  <rating>
   3.04
  </rating>
  <reviews>
   113821
  </reviews>
  <sporty>
   no
  </sporty>
 </clothing>
 <clothing>
  <id>
   430658302
  </id>
  <name>
   PleinSport Pants N-8014
  </name>
  <category>
   Pants
  </category>
  <size>
   XL
  </size>
  <color>
   Синий
  </color>
  <material>
   Кожа
  </material>
  <price>
   855411
  </price>
  <rating>
   4.31
  </rating>
  <reviews>
   101071
  </reviews>
  <new>
   -
  </new>
  <exclusive>
   no
  </exclusive>
  <sporty>
   no
  </sporty>
 </clothing>
 <clothing>
  <id>
   304019725
  </id>
  <name>
   Puma Sweater V-6546
  </name>
  <category>
   Sweater
  </category>
  <size>
   S
  </size>
  <color>
   Зеленый
  </color>
  <material>
   Хлопок
  </material>
  <price>
   308463
  </price>
  <rating>
   4.23
  </rating>
  <reviews>
   275999
  </reviews>
  <exclusive>
   yes
  </exclusive>
 </clothing>
 <clothing>
  <id>
   673663422
  </id>
  <name>
   Nike Pants J-8153
  </name>
  <category>
   Pants
  </category>
  <size>
   XL
  </size>
  <color>
   Оранжевый
  </color>
  <material>
   Шерсть
  </material>
  <price>
   196384
  </price>
  <rating>
   4.22
  </rating>
  <reviews>
   351529
  </reviews>
  <exclusive>
   no
  </exclusive>
 </clothing>
 <clothing>
  <id>
   316602580
  </id>
  <name>
   Addidas Handbags J-6444
  </name>
  <category>
   Handbags
  </category>
  <size>
   XL
  </size>
  <color>
   Зеленый
  </color>
  <material>
   Лен
  </material>
  <price>
   128203
  </price>
  <rating>
   1.53
  </rating>
  <reviews>
   311898
  </reviews>
 </clothing>
 <clothing>
  <id>
   868768932
  </id>
  <name>
   Fila Skirt D-4543
  </name>
  <category>
   Skirt
  </category>
  <size>
   M
  </size>
  <color>
   Голубой
  </color>
  <material>
   Нейлон
  </material>
  <price>
   258079
  </price>
  <rating>
   1.97
  </rating>
  <reviews>
   568792
  </reviews>
 </clothing>
 <clothing>
  <id>
   255676148
  </id>
  <name>
   PleinSport T-shirt W-9483
  </name>
  <category>
   T-shirt
  </category>
  <size>
   L
  </size>
  <color>
   Фиолетовый
  </color>
  <material>
   Нейлон
  </material>
  <price>
   951604
  </price>
  <rating>
   3.62
  </rating>
  <reviews>
   544179
  </reviews>
  <sporty>
   no
  </sporty>
 </clothing>
 <clothing>
  <id>
   675334788
  </id>
  <name>
   PleinSport T-shirt N-8338
  </name>
  <category>
   T-shirt
  </category>
  <size>
   L
  </size>
  <color>
   Оранжевый
  </color>
  <material>
   Полиэстер
  </material>
  <price>
   935278
  </price>
  <rating>
   3.09
  </rating>
  <reviews>
   720219
  </reviews>
  <new>
   -
  </new>
  <sporty>
   no
  </sporty>
 </clothing>
 <clothing>
  <id>
   466574199
  </id>
  <name>
   Puma Shirt M-5315
  </name>
  <category>
   Shirt
  </category>
  <size>
   L
  </size>
  <color>
   Фиолетовый
  </color>
  <material>
   Кожа
  </material>
  <price>
   812631
  </price>
  <rating>
   1.92
  </rating>
  <reviews>
   897918
  </reviews>
  <new>
   -
  </new>
  <sporty>
   no
  </sporty>
 </clothing>
 <clothing>
  <id>
   121006475
  </id>
  <name>
   Converse Handbags N-8733
  </name>
  <category>
   Handbags
  </category>
  <size>
   XL
  </size>
  <color>
   Красный
  </color>
  <material>
   Нейлон
  </material>
  <price>
   651120
  </price>
  <rating>
   1.22
  </rating>
  <reviews>
   439763
  </reviews>
  <new>
   -
  </new>
 </clothing>
 <clothing>
  <id>
   970681445
  </id>
  <name>
   Lacoste Belts B-6324
  </name>
  <category>
   Belts
  </category>
  <size>
   L
  </size>
  <color>
   Фиолетовый
  </color>
  <material>
   Полиэстер
  </material>
  <price>
   901778
  </price>
  <rating>
   4.81
  </rating>
  <reviews>
   238673
  </reviews>
  <exclusive>
   no
  </exclusive>
  <sporty>
   yes
  </sporty>
 </clothing>
 <clothing>
  <id>
   776766540
  </id>
  <name>
   Lacoste T-shirt G-5785
  </name>
  <category>
   T-shirt
  </category>
  <size>
   L
  </size>
  <color>
   Зеленый
  </color>
  <material>
   Полиэстер
  </material>
  <price>
   523970
  </price>
  <rating>
   4.04
  </rating>
  <reviews>
   829236
  </reviews>
  <exclusive>
   yes
  </exclusive>
  <sporty>
   no
  </sporty>
 </clothing>
 <clothing>
  <id>
   892032903
  </id>
  <name>
   Nike Socks Z-5657
  </name>
  <category>
   Socks
  </category>
  <size>
   XL
  </size>
  <color>
   Зеленый
  </color>
  <material>
   Хлопок
  </material>
  <price>
   601074
  </price>
  <rating>
   1.08
  </rating>
  <reviews>
   365192
  </reviews>
  <new>
   -
  </new>
  <exclusive>
   yes
  </exclusive>
  <sporty>
   no
  </sporty>
 </clothing>
 <clothing>
  <id>
   787011949
  </id>
  <name>
   New Balance T-shirt A-6741
  </name>
  <category>
   T-shirt
  </category>
  <size>
   XL
  </size>
  <color>
   Желтый
  </color>
  <material>
   Вискоза
  </material>
  <price>
   463477
  </price>
  <rating>
   1.6
  </rating>
  <reviews>
   806869
  </reviews>
  <exclusive>
   no
  </exclusive>
  <sporty>
   no
  </sporty>
 </clothing>
 <clothing>
  <id>
   192281685
  </id>
  <name>
   Asics Jacket M-3112
  </name>
  <category>
   Jacket
  </category>
  <size>
   M
  </size>
  <color>
   Синий
  </color>
  <material>
   Хлопок
  </material>
  <price>
   467533
  </price>
  <rating>
   2.19
  </rating>
  <reviews>
   681460
  </reviews>
  <new>
   +
  </new>
 </clothing>
 <clothing>
  <id>
   995699730
  </id>
  <name>
   Asics Handbags C-6166
  </name>
  <category>
   Handbags
  </category>
  <size>
   S
  </size>
  <color>
   Желтый
  </color>
  <material>
   Вискоза
  </material>
  <price>
   728989
  </price>
  <rating>
   1.17
  </rating>
  <reviews>
   607065
  </reviews>
  <new>
   -
  </new>
 </clothing>
 <clothing>
  <id>
   308373883
  </id>
  <name>
   Lacoste Jacket L-8720
  </name>
  <category>
   Jacket
  </category>
  <size>
   L
  </size>
  <color>
   Оранжевый
  </color>
  <material>
   Кожа
  </material>
  <price>
   871267
  </price>
  <rating>
   2.55
  </rating>
  <reviews>
   691518
  </reviews>
  <exclusive>
   yes
  </exclusive>
 </clothing>
 <clothing>
  <id>
   986710737
  </id>
  <name>
   Reebok Umbrellas B-7443
  </name>
  <category>
   Umbrellas
  </category>
  <size>
   S
  </size>
  <color>
   Желтый
  </color>
  <material>
   Шелк
  </material>
  <price>
   707984
  </price>
  <rating>
   2.66
  </rating>
  <reviews>
   102054
  </reviews>
  <new>
   -
  </new>
  <exclusive>
   yes
  </exclusive>
  <sporty>
   yes
  </sporty>
 </clothing>
 <clothing>
  <id>
   881390502
  </id>
  <name>
   New Balance Sweater J-2661
  </name>
  <category>
   Sweater
  </category>
  <size>
   XL
  </size>
  <color>
   Фиолетовый
  </color>
  <material>
   Шерсть
  </material>
  <price>
   803472
  </price>
  <rating>
   3.5
  </rating>
  <reviews>
   576491
  </reviews>
  <sporty>
   no
  </sporty>
 </clothing>
 <clothing>
  <id>
   336284838
  </id>
  <name>
   Lacoste Socks N-5491
  </name>
  <category>
   Socks
  </category>
  <size>
   S
  </size>
  <color>
   Красный
  </color>
  <material>
   Шелк
  </material>
  <price>
   919292
  </price>
  <rating>
   1.42
  </rating>
  <reviews>
   526840
  </reviews>
  <new>
   -
  </new>
  <exclusive>
   yes
  </exclusive>
  <sporty>
   yes
  </sporty>
 </clothing>
 <clothing>
  <id>
   547575967
  </id>
  <name>
   Reebok Blouse U-2958
  </name>
  <category>
   Blouse
  </category>
  <size>
   S
  </size>
  <color>
   Фиолетовый
  </color>
  <material>
   Вискоза
  </material>
  <price>
   380809
  </price>
  <rating>
   1.4
  </rating>
  <reviews>
   199683
  </reviews>
  <new>
   +
  </new>
  <exclusive>
   no
  </exclusive>
 </clothing>
 <clothing>
  <id>
   754298722
  </id>
  <name>
   New Balance Dress V-4367
  </name>
  <category>
   Dress
  </category>
  <size>
   XL
  </size>
  <color>
   Оранжевый
  </color>
  <material>
   Хлопок
  </material>
  <price>
   784762
  </price>
  <rating>
   1.93
  </rating>
  <reviews>
   253246
  </reviews>
  <new>
   -
  </new>
  <exclusive>
   yes
  </exclusive>
 </clothing>
 <clothing>
  <id>
   929865344
  </id>
  <name>
   New Balance Jacket G-3275
  </name>
  <category>
   Jacket
  </category>
  <size>
   M
  </size>
  <color>
   Желтый
  </color>
  <material>
   Полиэстер
  </material>
  <price>
   580892
  </price>
  <rating>
   1.57
  </rating>
  <reviews>
   849103
  </reviews>
  <exclusive>
   no
  </exclusive>
  <sporty>
   no
  </sporty>
 </clothing>
 <clothing>
  <id>
   655215739
  </id>
  <name>
   Vans Handbags H-9825
  </name>
  <category>
   Handbags
  </category>
  <size>
   XL
  </size>
  <color>
   Синий
  </color>
  <material>
   Полиэстер
  </material>
  <price>
   730172
  </price>
  <rating>
   4.66
  </rating>
  <reviews>
   401820
  </reviews>
  <new>
   -
  </new>
  <exclusive>
   yes
  </exclusive>
  <sporty>
   yes
  </sporty>
 </clothing>
 <clothing>
  <id>
   804178345
  </id>
  <name>
   New Balance Dress Z-5891
  </name>
  <category>
   Dress
  </category>
  <size>
   XL
  </size>
  <color>
   Синий
  </color>
  <material>
   Вискоза
  </material>
  <price>
   166350
  </price>
  <rating>
   4.35
  </rating>
  <reviews>
   854948
  </reviews>
  <sporty>
   yes
  </sporty>
 </clothing>
 <clothing>
  <id>
   825045241
  </id>
  <name>
   PleinSport Dress S-7775
  </name>
  <category>
   Dress
  </category>
  <size>
   XXL
  </size>
  <color>
   Фиолетовый
  </color>
  <material>
   Шелк
  </material>
  <price>
   483895
  </price>
  <rating>
   2.16
  </rating>
  <reviews>
   206856
  </reviews>
  <new>
   -
  </new>
  <sporty>
   yes
  </sporty>
 </clothing>
 <clothing>
  <id>
   340670364
  </id>
  <name>
   Addidas Belts D-8035
  </name>
  <category>
   Belts
  </category>
  <size>
   S
  </size>
  <color>
   Фиолетовый
  </color>
  <material>
   Шерсть
  </material>
  <price>
   483345
  </price>
  <rating>
   4.66
  </rating>
  <reviews>
   477574
  </reviews>
  <new>
   +
  </new>
  <exclusive>
   no
  </exclusive>
  <sporty>
   no
  </sporty>
 </clothing>
 <clothing>
  <id>
   765652611
  </id>
  <name>
   Vans Shoes Y-3328
  </name>
  <category>
   Shoes
  </category>
  <size>
   XXL
  </size>
  <color>
   Фиолетовый
  </color>
  <material>
   Кожа
  </material>
  <price>
   840654
  </price>
  <rating>
   1.27
  </rating>
  <reviews>
   635574
  </reviews>
  <new>
   -
  </new>
  <sporty>
   no
  </sporty>
 </clothing>
 <clothing>
  <id>
   784523041
  </id>
  <name>
   DC Pants F-7320
  </name>
  <category>
   Pants
  </category>
  <size>
   XXL
  </size>
  <color>
   Оранжевый
  </color>
  <material>
   Нейлон
  </material>
  <price>
   196009
  </price>
  <rating>
   1.67
  </rating>
  <reviews>
   400578
  </reviews>
  <exclusive>
   yes
  </exclusive>
 </clothing>
 <clothing>
  <id>
   957354105
  </id>
  <name>
   Fila Shirt P-1931
  </name>
  <category>
   Shirt
  </category>
  <size>
   M
  </size>
  <color>
   Желтый
  </color>
  <material>
   Хлопок
  </material>
  <price>
   992438
  </price>
  <rating>
   4.72
  </rating>
  <reviews>
   516154
  </reviews>
  <new>
   +
  </new>
  <exclusive>
   no
  </exclusive>
  <sporty>
   no
  </sporty>
 </clothing>
 <clothing>
  <id>
   521880272
  </id>
  <name>
   Addidas Jeans X-7241
  </name>
  <category>
   Jeans
  </category>
  <size>
   S
  </size>
  <color>
   Красный
  </color>
  <material>
   Кожа
  </material>
  <price>
   205458
  </price>
  <rating>
   1.57
  </rating>
  <reviews>
   850775
  </reviews>
  <new>
   -
  </new>
  <exclusive>
   no
  </exclusive>
  <sporty>
   no
  </sporty>
 </clothing>
 <clothing>
  <id>
   908561956
  </id>
  <name>
   Lacoste Pants Q-4498
  </name>
  <category>
   Pants
  </category>
  <size>
   L
  </size>
  <color>
   Оранжевый
  </color>
  <material>
   Вискоза
  </material>
  <price>
   128276
  </price>
  <rating>
   1.14
  </rating>
  <reviews>
   298745
  </reviews>
  <new>
   -
  </new>
  <exclusive>
   no
  </exclusive>
  <sporty>
   yes
  </sporty>
 </clothing>
 <clothing>
  <id>
   125202755
  </id>
  <name>
   New Balance Hat C-8157
  </name>
  <category>
   Hat
  </category>
  <size>
   M
  </size>
  <color>
   Зеленый
  </color>
  <material>
   Полиэстер
  </material>
  <price>
   804155
  </price>
  <rating>
   4.7
  </rating>
  <reviews>
   996447
  </reviews>
  <new>
   -
  </new>
  <sporty>
   no
  </sporty>
 </clothing>
 <clothing>
  <id>
   717400903
  </id>
  <name>
   Under Armour Jacket E-3700
  </name>
  <category>
   Jacket
  </category>
  <size>
   M
  </size>
  <color>
   Фиолетовый
  </color>
  <material>
   Хлопок
  </material>
  <price>
   534435
  </price>
  <rating>
   4.28
  </rating>
  <reviews>
   285775
  </reviews>
  <new>
   +
  </new>
  <exclusive>
   no
  </exclusive>
 </clothing>
 <clothing>
  <id>
   685441110
  </id>
  <name>
   DC Belts G-5005
  </name>
  <category>
   Belts
  </category>
  <size>
   L
  </size>
  <color>
   Оранжевый
  </color>
  <material>
   Нейлон
  </material>
  <price>
   202087
  </price>
  <rating>
   4.88
  </rating>
  <reviews>
   92857
  </reviews>
  <new>
   -
  </new>
 </clothing>
 <clothing>
  <id>
   444202110
  </id>
  <name>
   New Balance Pants W-9574
  </name>
  <category>
   Pants
  </category>
  <size>
   L
  </size>
  <color>
   Синий
  </color>
  <material>
   Кожа
  </material>
  <price>
   537949
  </price>
  <rating>
   4.19
  </rating>
  <reviews>
   90935
  </reviews>
  <new>
   -
  </new>
  <sporty>
   no
  </sporty>
 </clothing>
 <clothing>
  <id>
   611864937
  </id>
  <name>
   Adidas Pants V-7389
  </name>
  <category>
   Pants
  </category>
  <size>
   M
  </size>
  <color>
   Фиолетовый
  </color>
  <material>
   Нейлон
  </material>
  <price>
   681877
  </price>
  <rating>
   1.46
  </rating>
  <reviews>
   63729
  </reviews>
  <new>
   +
  </new>
  <exclusive>
   no
  </exclusive>
 </clothing>
 <clothing>
  <id>
   320678318
  </id>
  <name>
   Addidas T-shirt S-7674
  </name>
  <category>
   T-shirt
  </category>
  <size>
   L
  </size>
  <color>
   Фиолетовый
  </color>
  <material>
   Хлопок
  </material>
  <price>
   288672
  </price>
  <rating>
   2.23
  </rating>
  <reviews>
   4413
  </reviews>
  <exclusive>
   yes
  </exclusive>
 </clothing>
 <clothing>
  <id>
   171769939
  </id>
  <name>
   Adidas Shirt G-2115
  </name>
  <category>
   Shirt
  </category>
  <size>
   M
  </size>
  <color>
   Желтый
  </color>
  <material>
   Полиэстер
  </material>
  <price>
   732438
  </price>
  <rating>
   2.32
  </rating>
  <reviews>
   689917
  </reviews>
  <exclusive>
   yes
  </exclusive>
 </clothing>
 <clothing>
  <id>
   799940113
  </id>
  <name>
   DC Dress R-4083
  </name>
  <category>
   Dress
  </category>
  <size>
   XXL
  </size>
  <color>
   Зеленый
  </color>
  <material>
   Лен
  </material>
  <price>
   145079
  </price>
  <rating>
   3.75
  </rating>
  <reviews>
   294574
  </reviews>
  <new>
   -
  </new>
  <exclusive>
   no
  </exclusive>
  <sporty>
   no
  </sporty>
 </clothing>
 <clothing>
  <id>
   269641059
  </id>
  <name>
   Ellesse Skirt H-6928
  </name>
  <category>
   Skirt
  </category>
  <size>
   XXL
  </size>
  <color>
   Фиолетовый
  </color>
  <material>
   Нейлон
  </material>
  <price>
   761904
  </price>
  <rating>
   3.19
  </rating>
  <reviews>
   262198
  </reviews>
  <new>
   -
  </new>
 </clothing>
 <clothing>
  <id>
   388615461
  </id>
  <name>
   Asics Jeans G-1541
  </name>
  <category>
   Jeans
  </category>
  <size>
   S
  </size>
  <color>
   Зеленый
  </color>
  <material>
   Вискоза
  </material>
  <price>
   472080
  </price>
  <rating>
   1.86
  </rating>
  <reviews>
   841719
  </reviews>
  <new>
   -
  </new>
  <sporty>
   no
  </sporty>
 </clothing>
 <clothing>
  <id>
   892636628
  </id>
  <name>
   Fila Belts R-5791
  </name>
  <category>
   Belts
  </category>
  <size>
   M
  </size>
  <color>
   Фиолетовый
  </color>
  <material>
   Кожа
  </material>
  <price>
   212243
  </price>
  <rating>
   1.75
  </rating>
  <reviews>
   674325
  </reviews>
  <new>
   -
  </new>
  <exclusive>
   yes
  </exclusive>
  <sporty>
   no
  </sporty>
 </clothing>
 <clothing>
  <id>
   531659989
  </id>
  <name>
   Vans T-shirt O-7270
  </name>
  <category>
   T-shirt
  </category>
  <size>
   XXL
  </size>
  <color>
   Зеленый
  </color>
  <material>
   Кожа
  </material>
  <price>
   475820
  </price>
  <rating>
   4.21
  </rating>
  <reviews>
   840484
  </reviews>
  <exclusive>
   no
  </exclusive>
 </clothing>
 <clothing>
  <id>
   288264463
  </id>
  <name>
   Fila Handbags U-5909
  </name>
  <category>
   Handbags
  </category>
  <size>
   XXL
  </size>
  <color>
   Оранжевый
  </color>
  <material>
   Кожа
  </material>
  <price>
   612841
  </price>
  <rating>
   3.09
  </rating>
  <reviews>
   640857
  </reviews>
  <new>
   +
  </new>
  <exclusive>
   no
  </exclusive>
  <sporty>
   yes
  </sporty>
 </clothing>
 <clothing>
  <id>
   407498678
  </id>
  <name>
   Lacoste Jeans A-6979
  </name>
  <category>
   Jeans
  </category>
  <size>
   S
  </size>
  <color>
   Голубой
  </color>
  <material>
   Кожа
  </material>
  <price>
   893404
  </price>
  <rating>
   2.33
  </rating>
  <reviews>
   589835
  </reviews>
  <new>
   -
  </new>
  <exclusive>
   yes
  </exclusive>
  <sporty>
   no
  </sporty>
 </clothing>
 <clothing>
  <id>
   176187561
  </id>
  <name>
   PleinSport Pants R-5478
  </name>
  <category>
   Pants
  </category>
  <size>
   XL
  </size>
  <color>
   Зеленый
  </color>
  <material>
   Шелк
  </material>
  <price>
   304031
  </price>
  <rating>
   2.56
  </rating>
  <reviews>
   129033
  </reviews>
  <new>
   -
  </new>
  <exclusive>
   yes
  </exclusive>
 </clothing>
</clothing-items>
