<?xml version="1.0" encoding="utf-8"?>
<clothing-items>
 <clothing>
  <id>
   809202483
  </id>
  <name>
   Asics Belts F-7261
  </name>
  <category>
   Belts
  </category>
  <size>
   S
  </size>
  <color>
   Зеленый
  </color>
  <material>
   Шерсть
  </material>
  <price>
   455165
  </price>
  <rating>
   2.36
  </rating>
  <reviews>
   183124
  </reviews>
  <new>
   +
  </new>
  <exclusive>
   yes
  </exclusive>
  <sporty>
   no
  </sporty>
 </clothing>
 <clothing>
  <id>
   484711244
  </id>
  <name>
   Lacoste Sweater C-2073
  </name>
  <category>
   Sweater
  </category>
  <size>
   S
  </size>
  <color>
   Красный
  </color>
  <material>
   Вискоза
  </material>
  <price>
   650054
  </price>
  <rating>
   3.47
  </rating>
  <reviews>
   36879
  </reviews>
 </clothing>
 <clothing>
  <id>
   682041400
  </id>
  <name>
   Vans Pants K-8965
  </name>
  <category>
   Pants
  </category>
  <size>
   S
  </size>
  <color>
   Красный
  </color>
  <material>
   Хлопок
  </material>
  <price>
   795660
  </price>
  <rating>
   2.08
  </rating>
  <reviews>
   920217
  </reviews>
  <new>
   -
  </new>
  <sporty>
   no
  </sporty>
 </clothing>
 <clothing>
  <id>
   279264495
  </id>
  <name>
   Lacoste Shoes H-4835
  </name>
  <category>
   Shoes
  </category>
  <size>
   S
  </size>
  <color>
   Зеленый
  </color>
  <material>
   Нейлон
  </material>
  <price>
   848243
  </price>
  <rating>
   1.55
  </rating>
  <reviews>
   822956
  </reviews>
  <new>
   -
  </new>
  <exclusive>
   no
  </exclusive>
  <sporty>
   no
  </sporty>
 </clothing>
 <clothing>
  <id>
   203599347
  </id>
  <name>
   Adidas Jeans E-6726
  </name>
  <category>
   Jeans
  </category>
  <size>
   S
  </size>
  <color>
   Зеленый
  </color>
  <material>
   Шерсть
  </material>
  <price>
   780466
  </price>
  <rating>
   2.42
  </rating>
  <reviews>
   846268
  </reviews>
  <new>
   +
  </new>
  <exclusive>
   yes
  </exclusive>
  <sporty>
   yes
  </sporty>
 </clothing>
 <clothing>
  <id>
   155463364
  </id>
  <name>
   New Balance Sweater P-5013
  </name>
  <category>
   Sweater
  </category>
  <size>
   L
  </size>
  <color>
   Фиолетовый
  </color>
  <material>
   Нейлон
  </material>
  <price>
   762767
  </price>
  <rating>
   3.36
  </rating>
  <reviews>
   559195
  </reviews>
 </clothing>
 <clothing>
  <id>
   527986521
  </id>
  <name>
   PleinSport Belts W-8901
  </name>
  <category>
   Belts
  </category>
  <size>
   XL
  </size>
  <color>
   Фиолетовый
  </color>
  <material>
   Вискоза
  </material>
  <price>
   272931
  </price>
  <rating>
   3.46
  </rating>
  <reviews>
   96127
  </reviews>
  <exclusive>
   no
  </exclusive>
 </clothing>
 <clothing>
  <id>
   868770841
  </id>
  <name>
   Adidas Blouse I-5826
  </name>
  <category>
   Blouse
  </category>
  <size>
   M
  </size>
  <color>
   Оранжевый
  </color>
  <material>
   Вискоза
  </material>
  <price>
   525991
  </price>
  <rating>
   2.92
  </rating>
  <reviews>
   619047
  </reviews>
  <exclusive>
   no
  </exclusive>
 </clothing>
 <clothing>
  <id>
   552118020
  </id>
  <name>
   PleinSport Shirt Y-6900
  </name>
  <category>
   Shirt
  </category>
  <size>
   M
  </size>
  <color>
   Голубой
  </color>
  <material>
   Лен
  </material>
  <price>
   117870
  </price>
  <rating>
   4.03
  </rating>
  <reviews>
   740414
  </reviews>
  <new>
   +
  </new>
  <exclusive>
   yes
  </exclusive>
  <sporty>
   no
  </sporty>
 </clothing>
 <clothing>
  <id>
   165182380
  </id>
  <name>
   Under Armour Belts Q-9501
  </name>
  <category>
   Belts
  </category>
  <size>
   M
  </size>
  <color>
   Синий
  </color>
  <material>
   Шерсть
  </material>
  <price>
   981307
  </price>
  <rating>
   1.92
  </rating>
  <reviews>
   452762
  </reviews>
  <new>
   -
  </new>
 </clothing>
 <clothing>
  <id>
   508418698
  </id>
  <name>
   Nike Jeans A-9570
  </name>
  <category>
   Jeans
  </category>
  <size>
   XL
  </size>
  <color>
   Красный
  </color>
  <material>
   Хлопок
  </material>
  <price>
   689745
  </price>
  <rating>
   1.99
  </rating>
  <reviews>
   325451
  </reviews>
  <new>
   +
  </new>
  <sporty>
   yes
  </sporty>
 </clothing>
 <clothing>
  <id>
   200774674
  </id>
  <name>
   Ellesse Handbags G-4147
  </name>
  <category>
   Handbags
  </category>
  <size>
   XXL
  </size>
  <color>
   Зеленый
  </color>
  <material>
   Кожа
  </material>
  <price>
   783321
  </price>
  <rating>
   4.05
  </rating>
  <reviews>
   306645
  </reviews>
  <new>
   -
  </new>
  <sporty>
   no
  </sporty>
 </clothing>
 <clothing>
  <id>
   311125074
  </id>
  <name>
   Addidas Hat F-1180
  </name>
  <category>
   Hat
  </category>
  <size>
   XL
  </size>
  <color>
   Синий
  </color>
  <material>
   Вискоза
  </material>
  <price>
   350590
  </price>
  <rating>
   4.9
  </rating>
  <reviews>
   201920
  </reviews>
  <new>
   +
  </new>
  <exclusive>
   no
  </exclusive>
 </clothing>
 <clothing>
  <id>
   237037545
  </id>
  <name>
   Brooks Blouse G-5467
  </name>
  <category>
   Blouse
  </category>
  <size>
   XL
  </size>
  <color>
   Зеленый
  </color>
  <material>
   Лен
  </material>
  <price>
   120154
  </price>
  <rating>
   1.98
  </rating>
  <reviews>
   248315
  </reviews>
  <new>
   -
  </new>
  <exclusive>
   yes
  </exclusive>
 </clothing>
 <clothing>
  <id>
   779648294
  </id>
  <name>
   New Balance Sweater V-7496
  </name>
  <category>
   Sweater
  </category>
  <size>
   XL
  </size>
  <color>
   Красный
  </color>
  <material>
   Хлопок
  </material>
  <price>
   281998
  </price>
  <rating>
   2.03
  </rating>
  <reviews>
   927578
  </reviews>
  <new>
   +
  </new>
  <exclusive>
   no
  </exclusive>
  <sporty>
   no
  </sporty>
 </clothing>
 <clothing>
  <id>
   521923628
  </id>
  <name>
   Fila Shirt Z-6097
  </name>
  <category>
   Shirt
  </category>
  <size>
   M
  </size>
  <color>
   Красный
  </color>
  <material>
   Хлопок
  </material>
  <price>
   551230
  </price>
  <rating>
   3.97
  </rating>
  <reviews>
   414340
  </reviews>
 </clothing>
 <clothing>
  <id>
   930175787
  </id>
  <name>
   Under Armour Pants X-8717
  </name>
  <category>
   Pants
  </category>
  <size>
   S
  </size>
  <color>
   Синий
  </color>
  <material>
   Хлопок
  </material>
  <price>
   330409
  </price>
  <rating>
   4.58
  </rating>
  <reviews>
   162438
  </reviews>
  <sporty>
   yes
  </sporty>
 </clothing>
 <clothing>
  <id>
   567602937
  </id>
  <name>
   PleinSport Socks K-7867
  </name>
  <category>
   Socks
  </category>
  <size>
   M
  </size>
  <color>
   Фиолетовый
  </color>
  <material>
   Шерсть
  </material>
  <price>
   107498
  </price>
  <rating>
   1.55
  </rating>
  <reviews>
   426647
  </reviews>
  <exclusive>
   no
  </exclusive>
 </clothing>
 <clothing>
  <id>
   725736451
  </id>
  <name>
   Fila Blouse P-4166
  </name>
  <category>
   Blouse
  </category>
  <size>
   XL
  </size>
  <color>
   Фиолетовый
  </color>
  <material>
   Лен
  </material>
  <price>
   187247
  </price>
  <rating>
   3.36
  </rating>
  <reviews>
   250509
  </reviews>
  <exclusive>
   no
  </exclusive>
  <sporty>
   no
  </sporty>
 </clothing>
 <clothing>
  <id>
   669107406
  </id>
  <name>
   Vans Dress Q-8315
  </name>
  <category>
   Dress
  </category>
  <size>
   L
  </size>
  <color>
   Красный
  </color>
  <material>
   Хлопок
  </material>
  <price>
   558204
  </price>
  <rating>
   3.84
  </rating>
  <reviews>
   772402
  </reviews>
  <new>
   -
  </new>
  <sporty>
   yes
  </sporty>
 </clothing>
 <clothing>
  <id>
   918416160
  </id>
  <name>
   Converse Umbrellas G-7696
  </name>
  <category>
   Umbrellas
  </category>
  <size>
   XXL
  </size>
  <color>
   Оранжевый
  </color>
  <material>
   Полиэстер
  </material>
  <price>
   696779
  </price>
  <rating>
   2.01
  </rating>
  <reviews>
   164100
  </reviews>
  <new>
   -
  </new>
  <exclusive>
   no
  </exclusive>
 </clothing>
 <clothing>
  <id>
   598083312
  </id>
  <name>
   DC Handbags A-1494
  </name>
  <category>
   Handbags
  </category>
  <size>
   XXL
  </size>
  <color>
   Синий
  </color>
  <material>
   Кожа
  </material>
  <price>
   768118
  </price>
  <rating>
   2.26
  </rating>
  <reviews>
   512471
  </reviews>
  <sporty>
   yes
  </sporty>
 </clothing>
 <clothing>
  <id>
   710589131
  </id>
  <name>
   Lacoste Pants V-6868
  </name>
  <category>
   Pants
  </category>
  <size>
   L
  </size>
  <color>
   Оранжевый
  </color>
  <material>
   Нейлон
  </material>
  <price>
   596992
  </price>
  <rating>
   1.7
  </rating>
  <reviews>
   239648
  </reviews>
  <new>
   -
  </new>
  <exclusive>
   yes
  </exclusive>
 </clothing>
 <clothing>
  <id>
   515442597
  </id>
  <name>
   Ellesse Blouse B-2277
  </name>
  <category>
   Blouse
  </category>
  <size>
   L
  </size>
  <color>
   Красный
  </color>
  <material>
   Хлопок
  </material>
  <price>
   822917
  </price>
  <rating>
   4.74
  </rating>
  <reviews>
   255801
  </reviews>
  <sporty>
   no
  </sporty>
 </clothing>
 <clothing>
  <id>
   176443148
  </id>
  <name>
   PleinSport Blouse K-2436
  </name>
  <category>
   Blouse
  </category>
  <size>
   XXL
  </size>
  <color>
   Желтый
  </color>
  <material>
   Нейлон
  </material>
  <price>
   559280
  </price>
  <rating>
   4.98
  </rating>
  <reviews>
   733350
  </reviews>
  <sporty>
   yes
  </sporty>
 </clothing>
 <clothing>
  <id>
   239465103
  </id>
  <name>
   Adidas Belts E-3498
  </name>
  <category>
   Belts
  </category>
  <size>
   XXL
  </size>
  <color>
   Оранжевый
  </color>
  <material>
   Лен
  </material>
  <price>
   729105
  </price>
  <rating>
   3.09
  </rating>
  <reviews>
   82428
  </reviews>
  <exclusive>
   yes
  </exclusive>
 </clothing>
 <clothing>
  <id>
   432673507
  </id>
  <name>
   PleinSport Blouse X-6031
  </name>
  <category>
   Blouse
  </category>
  <size>
   XL
  </size>
  <color>
   Голубой
  </color>
  <material>
   Нейлон
  </material>
  <price>
   625484
  </price>
  <rating>
   1.67
  </rating>
  <reviews>
   479864
  </reviews>
  <new>
   +
  </new>
  <exclusive>
   yes
  </exclusive>
  <sporty>
   no
  </sporty>
 </clothing>
 <clothing>
  <id>
   708498291
  </id>
  <name>
   Vans Socks A-9657
  </name>
  <category>
   Socks
  </category>
  <size>
   XXL
  </size>
  <color>
   Красный
  </color>
  <material>
   Кожа
  </material>
  <price>
   101726
  </price>
  <rating>
   2.36
  </rating>
  <reviews>
   780056
  </reviews>
  <new>
   -
  </new>
  <exclusive>
   yes
  </exclusive>
 </clothing>
 <clothing>
  <id>
   250535935
  </id>
  <name>
   Nike T-shirt T-9226
  </name>
  <category>
   T-shirt
  </category>
  <size>
   M
  </size>
  <color>
   Красный
  </color>
  <material>
   Нейлон
  </material>
  <price>
   448289
  </price>
  <rating>
   1.04
  </rating>
  <reviews>
   549954
  </reviews>
  <new>
   -
  </new>
  <exclusive>
   no
  </exclusive>
  <sporty>
   no
  </sporty>
 </clothing>
 <clothing>
  <id>
   469044797
  </id>
  <name>
   Vans T-shirt A-7766
  </name>
  <category>
   T-shirt
  </category>
  <size>
   XXL
  </size>
  <color>
   Желтый
  </color>
  <material>
   Хлопок
  </material>
  <price>
   481760
  </price>
  <rating>
   2.7
  </rating>
  <reviews>
   409042
  </reviews>
  <new>
   -
  </new>
  <sporty>
   yes
  </sporty>
 </clothing>
 <clothing>
  <id>
   689749926
  </id>
  <name>
   Nike Jacket X-9420
  </name>
  <category>
   Jacket
  </category>
  <size>
   S
  </size>
  <color>
   Оранжевый
  </color>
  <material>
   Нейлон
  </material>
  <price>
   662705
  </price>
  <rating>
   3.66
  </rating>
  <reviews>
   537671
  </reviews>
  <sporty>
   yes
  </sporty>
 </clothing>
 <clothing>
  <id>
   130281900
  </id>
  <name>
   New Balance Jeans F-7194
  </name>
  <category>
   Jeans
  </category>
  <size>
   XXL
  </size>
  <color>
   Фиолетовый
  </color>
  <material>
   Хлопок
  </material>
  <price>
   486248
  </price>
  <rating>
   1.3
  </rating>
  <reviews>
   159985
  </reviews>
  <new>
   -
  </new>
 </clothing>
 <clothing>
  <id>
   875059953
  </id>
  <name>
   Converse Blouse B-2561
  </name>
  <category>
   Blouse
  </category>
  <size>
   L
  </size>
  <color>
   Фиолетовый
  </color>
  <material>
   Полиэстер
  </material>
  <price>
   296737
  </price>
  <rating>
   2.06
  </rating>
  <reviews>
   68785
  </reviews>
  <sporty>
   no
  </sporty>
 </clothing>
</clothing-items>
