<?xml version="1.0" encoding="utf-8"?>
<clothing-items>
 <clothing>
  <id>
   662126312
  </id>
  <name>
   Brooks Sweater K-6766
  </name>
  <category>
   Sweater
  </category>
  <size>
   S
  </size>
  <color>
   Голубой
  </color>
  <material>
   Хлопок
  </material>
  <price>
   786438
  </price>
  <rating>
   3.85
  </rating>
  <reviews>
   929288
  </reviews>
 </clothing>
 <clothing>
  <id>
   691557574
  </id>
  <name>
   Lacoste Gloves G-1670
  </name>
  <category>
   Gloves
  </category>
  <size>
   M
  </size>
  <color>
   Оранжевый
  </color>
  <material>
   Вискоза
  </material>
  <price>
   813709
  </price>
  <rating>
   1.6
  </rating>
  <reviews>
   300152
  </reviews>
  <new>
   -
  </new>
 </clothing>
 <clothing>
  <id>
   238525620
  </id>
  <name>
   Brooks Jacket I-3420
  </name>
  <category>
   Jacket
  </category>
  <size>
   M
  </size>
  <color>
   Оранжевый
  </color>
  <material>
   Кожа
  </material>
  <price>
   118314
  </price>
  <rating>
   2.15
  </rating>
  <reviews>
   343900
  </reviews>
  <new>
   -
  </new>
  <exclusive>
   yes
  </exclusive>
  <sporty>
   no
  </sporty>
 </clothing>
 <clothing>
  <id>
   147754328
  </id>
  <name>
   Addidas Jacket M-2320
  </name>
  <category>
   Jacket
  </category>
  <size>
   XL
  </size>
  <color>
   Голубой
  </color>
  <material>
   Кожа
  </material>
  <price>
   639672
  </price>
  <rating>
   1.88
  </rating>
  <reviews>
   405126
  </reviews>
  <new>
   +
  </new>
  <exclusive>
   yes
  </exclusive>
  <sporty>
   yes
  </sporty>
 </clothing>
 <clothing>
  <id>
   952997512
  </id>
  <name>
   Fila Umbrellas W-3833
  </name>
  <category>
   Umbrellas
  </category>
  <size>
   XXL
  </size>
  <color>
   Зеленый
  </color>
  <material>
   Лен
  </material>
  <price>
   573095
  </price>
  <rating>
   1.49
  </rating>
  <reviews>
   86874
  </reviews>
  <exclusive>
   yes
  </exclusive>
  <sporty>
   yes
  </sporty>
 </clothing>
 <clothing>
  <id>
   264662094
  </id>
  <name>
   New Balance Gloves J-3991
  </name>
  <category>
   Gloves
  </category>
  <size>
   XXL
  </size>
  <color>
   Синий
  </color>
  <material>
   Вискоза
  </material>
  <price>
   725139
  </price>
  <rating>
   3.51
  </rating>
  <reviews>
   41481
  </reviews>
  <exclusive>
   no
  </exclusive>
 </clothing>
 <clothing>
  <id>
   153336221
  </id>
  <name>
   Vans Blouse L-1874
  </name>
  <category>
   Blouse
  </category>
  <size>
   XXL
  </size>
  <color>
   Зеленый
  </color>
  <material>
   Вискоза
  </material>
  <price>
   630958
  </price>
  <rating>
   1.62
  </rating>
  <reviews>
   46130
  </reviews>
  <exclusive>
   yes
  </exclusive>
  <sporty>
   no
  </sporty>
 </clothing>
 <clothing>
  <id>
   551861887
  </id>
  <name>
   Under Armour Jacket R-4858
  </name>
  <category>
   Jacket
  </category>
  <size>
   S
  </size>
  <color>
   Оранжевый
  </color>
  <material>
   Вискоза
  </material>
  <price>
   237114
  </price>
  <rating>
   1.49
  </rating>
  <reviews>
   913417
  </reviews>
  <new>
   -
  </new>
  <exclusive>
   yes
  </exclusive>
 </clothing>
 <clothing>
  <id>
   791843250
  </id>
  <name>
   Fila Dress E-7268
  </name>
  <category>
   Dress
  </category>
  <size>
   M
  </size>
  <color>
   Оранжевый
  </color>
  <material>
   Нейлон
  </material>
  <price>
   501936
  </price>
  <rating>
   4.09
  </rating>
  <reviews>
   957478
  </reviews>
  <new>
   -
  </new>
  <exclusive>
   no
  </exclusive>
  <sporty>
   no
  </sporty>
 </clothing>
 <clothing>
  <id>
   348088226
  </id>
  <name>
   Brooks Shirt M-9843
  </name>
  <category>
   Shirt
  </category>
  <size>
   XL
  </size>
  <color>
   Зеленый
  </color>
  <material>
   Нейлон
  </material>
  <price>
   141807
  </price>
  <rating>
   2.17
  </rating>
  <reviews>
   881904
  </reviews>
  <new>
   +
  </new>
  <exclusive>
   no
  </exclusive>
 </clothing>
 <clothing>
  <id>
   597731527
  </id>
  <name>
   Nike Jacket P-2668
  </name>
  <category>
   Jacket
  </category>
  <size>
   S
  </size>
  <color>
   Оранжевый
  </color>
  <material>
   Лен
  </material>
  <price>
   896312
  </price>
  <rating>
   3.57
  </rating>
  <reviews>
   441953
  </reviews>
  <new>
   -
  </new>
 </clothing>
 <clothing>
  <id>
   504447857
  </id>
  <name>
   Addidas Belts F-2155
  </name>
  <category>
   Belts
  </category>
  <size>
   XXL
  </size>
  <color>
   Синий
  </color>
  <material>
   Вискоза
  </material>
  <price>
   769629
  </price>
  <rating>
   3.66
  </rating>
  <reviews>
   43554
  </reviews>
  <new>
   +
  </new>
  <exclusive>
   yes
  </exclusive>
  <sporty>
   no
  </sporty>
 </clothing>
 <clothing>
  <id>
   426650293
  </id>
  <name>
   Puma Umbrellas W-8910
  </name>
  <category>
   Umbrellas
  </category>
  <size>
   XL
  </size>
  <color>
   Синий
  </color>
  <material>
   Нейлон
  </material>
  <price>
   811500
  </price>
  <rating>
   2.64
  </rating>
  <reviews>
   513890
  </reviews>
  <new>
   -
  </new>
  <exclusive>
   no
  </exclusive>
  <sporty>
   no
  </sporty>
 </clothing>
</clothing-items>
