<?xml version="1.0" encoding="utf-8"?>
<clothing-items>
 <clothing>
  <id>
   216640373
  </id>
  <name>
   PleinSport Jeans V-1774
  </name>
  <category>
   Jeans
  </category>
  <size>
   XXL
  </size>
  <color>
   Зеленый
  </color>
  <material>
   Хлопок
  </material>
  <price>
   979034
  </price>
  <rating>
   1.52
  </rating>
  <reviews>
   628061
  </reviews>
  <new>
   +
  </new>
  <exclusive>
   yes
  </exclusive>
 </clothing>
 <clothing>
  <id>
   681532726
  </id>
  <name>
   Nike Umbrellas L-2199
  </name>
  <category>
   Umbrellas
  </category>
  <size>
   S
  </size>
  <color>
   Красный
  </color>
  <material>
   Полиэстер
  </material>
  <price>
   665577
  </price>
  <rating>
   1.92
  </rating>
  <reviews>
   38471
  </reviews>
 </clothing>
 <clothing>
  <id>
   567464084
  </id>
  <name>
   Vans Jacket X-5815
  </name>
  <category>
   Jacket
  </category>
  <size>
   L
  </size>
  <color>
   Красный
  </color>
  <material>
   Кожа
  </material>
  <price>
   680467
  </price>
  <rating>
   4.78
  </rating>
  <reviews>
   217027
  </reviews>
  <new>
   -
  </new>
  <exclusive>
   no
  </exclusive>
  <sporty>
   no
  </sporty>
 </clothing>
 <clothing>
  <id>
   707477782
  </id>
  <name>
   Ellesse Socks Q-7780
  </name>
  <category>
   Socks
  </category>
  <size>
   M
  </size>
  <color>
   Желтый
  </color>
  <material>
   Вискоза
  </material>
  <price>
   670121
  </price>
  <rating>
   1.21
  </rating>
  <reviews>
   826179
  </reviews>
  <new>
   -
  </new>
 </clothing>
 <clothing>
  <id>
   853736432
  </id>
  <name>
   New Balance Jeans H-1623
  </name>
  <category>
   Jeans
  </category>
  <size>
   L
  </size>
  <color>
   Желтый
  </color>
  <material>
   Шерсть
  </material>
  <price>
   903595
  </price>
  <rating>
   2.39
  </rating>
  <reviews>
   724833
  </reviews>
  <exclusive>
   no
  </exclusive>
  <sporty>
   yes
  </sporty>
 </clothing>
 <clothing>
  <id>
   106698025
  </id>
  <name>
   Fila Socks E-2549
  </name>
  <category>
   Socks
  </category>
  <size>
   L
  </size>
  <color>
   Фиолетовый
  </color>
  <material>
   Кожа
  </material>
  <price>
   596734
  </price>
  <rating>
   1.88
  </rating>
  <reviews>
   199403
  </reviews>
  <exclusive>
   no
  </exclusive>
  <sporty>
   no
  </sporty>
 </clothing>
 <clothing>
  <id>
   285536525
  </id>
  <name>
   DC Dress E-6529
  </name>
  <category>
   Dress
  </category>
  <size>
   L
  </size>
  <color>
   Зеленый
  </color>
  <material>
   Полиэстер
  </material>
  <price>
   791416
  </price>
  <rating>
   2.8
  </rating>
  <reviews>
   111574
  </reviews>
  <new>
   -
  </new>
 </clothing>
 <clothing>
  <id>
   372147251
  </id>
  <name>
   Reebok Sweater K-2166
  </name>
  <category>
   Sweater
  </category>
  <size>
   L
  </size>
  <color>
   Зеленый
  </color>
  <material>
   Лен
  </material>
  <price>
   155989
  </price>
  <rating>
   1.2
  </rating>
  <reviews>
   842669
  </reviews>
  <new>
   -
  </new>
  <sporty>
   no
  </sporty>
 </clothing>
 <clothing>
  <id>
   541062144
  </id>
  <name>
   Converse Sweater F-2066
  </name>
  <category>
   Sweater
  </category>
  <size>
   M
  </size>
  <color>
   Синий
  </color>
  <material>
   Кожа
  </material>
  <price>
   793744
  </price>
  <rating>
   1.17
  </rating>
  <reviews>
   480627
  </reviews>
  <exclusive>
   yes
  </exclusive>
  <sporty>
   no
  </sporty>
 </clothing>
 <clothing>
  <id>
   706249432
  </id>
  <name>
   Puma Umbrellas Z-2491
  </name>
  <category>
   Umbrellas
  </category>
  <size>
   XL
  </size>
  <color>
   Красный
  </color>
  <material>
   Шелк
  </material>
  <price>
   868279
  </price>
  <rating>
   4.08
  </rating>
  <reviews>
   653302
  </reviews>
  <exclusive>
   yes
  </exclusive>
  <sporty>
   yes
  </sporty>
 </clothing>
 <clothing>
  <id>
   241707464
  </id>
  <name>
   Nike Dress N-1904
  </name>
  <category>
   Dress
  </category>
  <size>
   S
  </size>
  <color>
   Оранжевый
  </color>
  <material>
   Полиэстер
  </material>
  <price>
   465812
  </price>
  <rating>
   2.65
  </rating>
  <reviews>
   991029
  </reviews>
  <new>
   -
  </new>
  <exclusive>
   no
  </exclusive>
 </clothing>
 <clothing>
  <id>
   814265691
  </id>
  <name>
   Fila Pants R-4770
  </name>
  <category>
   Pants
  </category>
  <size>
   L
  </size>
  <color>
   Оранжевый
  </color>
  <material>
   Шелк
  </material>
  <price>
   820606
  </price>
  <rating>
   3.02
  </rating>
  <reviews>
   533708
  </reviews>
  <new>
   -
  </new>
  <exclusive>
   no
  </exclusive>
  <sporty>
   no
  </sporty>
 </clothing>
 <clothing>
  <id>
   561493622
  </id>
  <name>
   Converse Shirt X-5500
  </name>
  <category>
   Shirt
  </category>
  <size>
   XXL
  </size>
  <color>
   Фиолетовый
  </color>
  <material>
   Полиэстер
  </material>
  <price>
   974862
  </price>
  <rating>
   4.14
  </rating>
  <reviews>
   340206
  </reviews>
  <new>
   -
  </new>
 </clothing>
 <clothing>
  <id>
   884779305
  </id>
  <name>
   Reebok Skirt W-1791
  </name>
  <category>
   Skirt
  </category>
  <size>
   XL
  </size>
  <color>
   Голубой
  </color>
  <material>
   Вискоза
  </material>
  <price>
   273949
  </price>
  <rating>
   2.51
  </rating>
  <reviews>
   848974
  </reviews>
 </clothing>
 <clothing>
  <id>
   325354194
  </id>
  <name>
   Converse T-shirt Y-5422
  </name>
  <category>
   T-shirt
  </category>
  <size>
   M
  </size>
  <color>
   Желтый
  </color>
  <material>
   Лен
  </material>
  <price>
   597431
  </price>
  <rating>
   2.92
  </rating>
  <reviews>
   527677
  </reviews>
  <new>
   -
  </new>
  <exclusive>
   no
  </exclusive>
 </clothing>
 <clothing>
  <id>
   784357641
  </id>
  <name>
   New Balance Blouse R-7868
  </name>
  <category>
   Blouse
  </category>
  <size>
   L
  </size>
  <color>
   Зеленый
  </color>
  <material>
   Хлопок
  </material>
  <price>
   515191
  </price>
  <rating>
   3.61
  </rating>
  <reviews>
   682870
  </reviews>
  <sporty>
   no
  </sporty>
 </clothing>
 <clothing>
  <id>
   482742211
  </id>
  <name>
   Puma Hat R-9426
  </name>
  <category>
   Hat
  </category>
  <size>
   XXL
  </size>
  <color>
   Голубой
  </color>
  <material>
   Кожа
  </material>
  <price>
   669632
  </price>
  <rating>
   3.49
  </rating>
  <reviews>
   909794
  </reviews>
  <new>
   +
  </new>
  <exclusive>
   no
  </exclusive>
  <sporty>
   no
  </sporty>
 </clothing>
 <clothing>
  <id>
   326103130
  </id>
  <name>
   Under Armour Jeans Y-9516
  </name>
  <category>
   Jeans
  </category>
  <size>
   XXL
  </size>
  <color>
   Зеленый
  </color>
  <material>
   Полиэстер
  </material>
  <price>
   545699
  </price>
  <rating>
   2.9
  </rating>
  <reviews>
   481971
  </reviews>
 </clothing>
 <clothing>
  <id>
   712158589
  </id>
  <name>
   Adidas Hat H-5051
  </name>
  <category>
   Hat
  </category>
  <size>
   M
  </size>
  <color>
   Синий
  </color>
  <material>
   Шелк
  </material>
  <price>
   560630
  </price>
  <rating>
   3.24
  </rating>
  <reviews>
   34223
  </reviews>
  <exclusive>
   no
  </exclusive>
 </clothing>
 <clothing>
  <id>
   743504016
  </id>
  <name>
   Fila Shoes L-8962
  </name>
  <category>
   Shoes
  </category>
  <size>
   L
  </size>
  <color>
   Зеленый
  </color>
  <material>
   Вискоза
  </material>
  <price>
   652581
  </price>
  <rating>
   3.77
  </rating>
  <reviews>
   372386
  </reviews>
  <exclusive>
   no
  </exclusive>
  <sporty>
   no
  </sporty>
 </clothing>
 <clothing>
  <id>
   641175603
  </id>
  <name>
   Under Armour Dress M-1953
  </name>
  <category>
   Dress
  </category>
  <size>
   L
  </size>
  <color>
   Желтый
  </color>
  <material>
   Шелк
  </material>
  <price>
   712068
  </price>
  <rating>
   3.36
  </rating>
  <reviews>
   963736
  </reviews>
  <new>
   -
  </new>
 </clothing>
 <clothing>
  <id>
   205005827
  </id>
  <name>
   Fila Hat R-2357
  </name>
  <category>
   Hat
  </category>
  <size>
   S
  </size>
  <color>
   Голубой
  </color>
  <material>
   Кожа
  </material>
  <price>
   165683
  </price>
  <rating>
   3.92
  </rating>
  <reviews>
   60731
  </reviews>
  <exclusive>
   yes
  </exclusive>
  <sporty>
   yes
  </sporty>
 </clothing>
 <clothing>
  <id>
   535012729
  </id>
  <name>
   New Balance Sweater W-5375
  </name>
  <category>
   Sweater
  </category>
  <size>
   XL
  </size>
  <color>
   Желтый
  </color>
  <material>
   Кожа
  </material>
  <price>
   444571
  </price>
  <rating>
   4.7
  </rating>
  <reviews>
   751641
  </reviews>
  <new>
   -
  </new>
  <sporty>
   no
  </sporty>
 </clothing>
</clothing-items>
