<?xml version="1.0" encoding="utf-8"?>
<clothing-items>
 <clothing>
  <id>
   819661660
  </id>
  <name>
   DC Shirt Y-4127
  </name>
  <category>
   Shirt
  </category>
  <size>
   S
  </size>
  <color>
   Зеленый
  </color>
  <material>
   Лен
  </material>
  <price>
   697367
  </price>
  <rating>
   4.72
  </rating>
  <reviews>
   374949
  </reviews>
  <new>
   +
  </new>
  <exclusive>
   yes
  </exclusive>
  <sporty>
   no
  </sporty>
 </clothing>
 <clothing>
  <id>
   333438342
  </id>
  <name>
   Nike Shirt G-7475
  </name>
  <category>
   Shirt
  </category>
  <size>
   XL
  </size>
  <color>
   Желтый
  </color>
  <material>
   Вискоза
  </material>
  <price>
   443627
  </price>
  <rating>
   4.23
  </rating>
  <reviews>
   391614
  </reviews>
  <exclusive>
   yes
  </exclusive>
 </clothing>
 <clothing>
  <id>
   226859639
  </id>
  <name>
   PleinSport Jeans D-6235
  </name>
  <category>
   Jeans
  </category>
  <size>
   XXL
  </size>
  <color>
   Зеленый
  </color>
  <material>
   Полиэстер
  </material>
  <price>
   172077
  </price>
  <rating>
   2.76
  </rating>
  <reviews>
   349307
  </reviews>
  <new>
   +
  </new>
  <sporty>
   no
  </sporty>
 </clothing>
 <clothing>
  <id>
   541294755
  </id>
  <name>
   Ellesse Jeans L-3406
  </name>
  <category>
   Jeans
  </category>
  <size>
   XL
  </size>
  <color>
   Зеленый
  </color>
  <material>
   Шелк
  </material>
  <price>
   518436
  </price>
  <rating>
   1.66
  </rating>
  <reviews>
   643572
  </reviews>
  <new>
   +
  </new>
  <exclusive>
   no
  </exclusive>
  <sporty>
   yes
  </sporty>
 </clothing>
 <clothing>
  <id>
   274733895
  </id>
  <name>
   Addidas Jeans P-8859
  </name>
  <category>
   Jeans
  </category>
  <size>
   XXL
  </size>
  <color>
   Красный
  </color>
  <material>
   Кожа
  </material>
  <price>
   650823
  </price>
  <rating>
   4.38
  </rating>
  <reviews>
   622502
  </reviews>
  <new>
   +
  </new>
  <sporty>
   yes
  </sporty>
 </clothing>
 <clothing>
  <id>
   496063789
  </id>
  <name>
   Asics Gloves W-6666
  </name>
  <category>
   Gloves
  </category>
  <size>
   XL
  </size>
  <color>
   Красный
  </color>
  <material>
   Хлопок
  </material>
  <price>
   626780
  </price>
  <rating>
   1.92
  </rating>
  <reviews>
   192715
  </reviews>
  <new>
   -
  </new>
  <exclusive>
   yes
  </exclusive>
  <sporty>
   no
  </sporty>
 </clothing>
 <clothing>
  <id>
   281231256
  </id>
  <name>
   Under Armour Shoes L-1969
  </name>
  <category>
   Shoes
  </category>
  <size>
   XXL
  </size>
  <color>
   Красный
  </color>
  <material>
   Шелк
  </material>
  <price>
   555723
  </price>
  <rating>
   3.87
  </rating>
  <reviews>
   242198
  </reviews>
  <exclusive>
   no
  </exclusive>
  <sporty>
   yes
  </sporty>
 </clothing>
 <clothing>
  <id>
   185112371
  </id>
  <name>
   Converse Dress Q-6215
  </name>
  <category>
   Dress
  </category>
  <size>
   M
  </size>
  <color>
   Фиолетовый
  </color>
  <material>
   Нейлон
  </material>
  <price>
   406398
  </price>
  <rating>
   1.62
  </rating>
  <reviews>
   640723
  </reviews>
  <new>
   -
  </new>
 </clothing>
 <clothing>
  <id>
   609633409
  </id>
  <name>
   Asics Skirt D-3572
  </name>
  <category>
   Skirt
  </category>
  <size>
   S
  </size>
  <color>
   Синий
  </color>
  <material>
   Шелк
  </material>
  <price>
   744812
  </price>
  <rating>
   1.36
  </rating>
  <reviews>
   192766
  </reviews>
  <new>
   +
  </new>
 </clothing>
 <clothing>
  <id>
   206976935
  </id>
  <name>
   Asics Handbags Y-2887
  </name>
  <category>
   Handbags
  </category>
  <size>
   XXL
  </size>
  <color>
   Фиолетовый
  </color>
  <material>
   Хлопок
  </material>
  <price>
   181478
  </price>
  <rating>
   3.68
  </rating>
  <reviews>
   581406
  </reviews>
  <new>
   -
  </new>
  <exclusive>
   yes
  </exclusive>
  <sporty>
   yes
  </sporty>
 </clothing>
 <clothing>
  <id>
   385525630
  </id>
  <name>
   Lacoste Umbrellas Z-2303
  </name>
  <category>
   Umbrellas
  </category>
  <size>
   S
  </size>
  <color>
   Желтый
  </color>
  <material>
   Шелк
  </material>
  <price>
   294477
  </price>
  <rating>
   3.86
  </rating>
  <reviews>
   317146
  </reviews>
  <new>
   -
  </new>
  <exclusive>
   yes
  </exclusive>
 </clothing>
 <clothing>
  <id>
   951332042
  </id>
  <name>
   Fila Jeans F-5940
  </name>
  <category>
   Jeans
  </category>
  <size>
   XXL
  </size>
  <color>
   Красный
  </color>
  <material>
   Шерсть
  </material>
  <price>
   575244
  </price>
  <rating>
   1.15
  </rating>
  <reviews>
   3214
  </reviews>
  <new>
   -
  </new>
  <exclusive>
   no
  </exclusive>
  <sporty>
   no
  </sporty>
 </clothing>
 <clothing>
  <id>
   413599081
  </id>
  <name>
   Puma Shoes F-2701
  </name>
  <category>
   Shoes
  </category>
  <size>
   XL
  </size>
  <color>
   Красный
  </color>
  <material>
   Нейлон
  </material>
  <price>
   500860
  </price>
  <rating>
   1.49
  </rating>
  <reviews>
   817937
  </reviews>
  <new>
   -
  </new>
 </clothing>
 <clothing>
  <id>
   281366989
  </id>
  <name>
   Fila Pants P-6655
  </name>
  <category>
   Pants
  </category>
  <size>
   M
  </size>
  <color>
   Зеленый
  </color>
  <material>
   Шерсть
  </material>
  <price>
   785926
  </price>
  <rating>
   3.44
  </rating>
  <reviews>
   175193
  </reviews>
  <new>
   -
  </new>
  <exclusive>
   yes
  </exclusive>
 </clothing>
 <clothing>
  <id>
   280148151
  </id>
  <name>
   Puma Socks U-9300
  </name>
  <category>
   Socks
  </category>
  <size>
   S
  </size>
  <color>
   Оранжевый
  </color>
  <material>
   Шелк
  </material>
  <price>
   411848
  </price>
  <rating>
   3.14
  </rating>
  <reviews>
   212516
  </reviews>
 </clothing>
 <clothing>
  <id>
   625491064
  </id>
  <name>
   Converse Socks J-8436
  </name>
  <category>
   Socks
  </category>
  <size>
   S
  </size>
  <color>
   Зеленый
  </color>
  <material>
   Лен
  </material>
  <price>
   540290
  </price>
  <rating>
   4.26
  </rating>
  <reviews>
   321565
  </reviews>
  <exclusive>
   no
  </exclusive>
 </clothing>
 <clothing>
  <id>
   145536857
  </id>
  <name>
   Nike Jacket O-3361
  </name>
  <category>
   Jacket
  </category>
  <size>
   M
  </size>
  <color>
   Красный
  </color>
  <material>
   Полиэстер
  </material>
  <price>
   223797
  </price>
  <rating>
   3.17
  </rating>
  <reviews>
   369428
  </reviews>
  <sporty>
   no
  </sporty>
 </clothing>
 <clothing>
  <id>
   975439951
  </id>
  <name>
   Reebok Jeans A-1232
  </name>
  <category>
   Jeans
  </category>
  <size>
   S
  </size>
  <color>
   Фиолетовый
  </color>
  <material>
   Шерсть
  </material>
  <price>
   460357
  </price>
  <rating>
   4.91
  </rating>
  <reviews>
   948594
  </reviews>
  <exclusive>
   no
  </exclusive>
 </clothing>
 <clothing>
  <id>
   652181545
  </id>
  <name>
   Asics T-shirt L-4182
  </name>
  <category>
   T-shirt
  </category>
  <size>
   XL
  </size>
  <color>
   Зеленый
  </color>
  <material>
   Шерсть
  </material>
  <price>
   198391
  </price>
  <rating>
   2.57
  </rating>
  <reviews>
   994745
  </reviews>
  <exclusive>
   no
  </exclusive>
 </clothing>
 <clothing>
  <id>
   294077824
  </id>
  <name>
   Fila Hat U-5344
  </name>
  <category>
   Hat
  </category>
  <size>
   XL
  </size>
  <color>
   Красный
  </color>
  <material>
   Шелк
  </material>
  <price>
   800744
  </price>
  <rating>
   4.78
  </rating>
  <reviews>
   229557
  </reviews>
  <new>
   +
  </new>
 </clothing>
 <clothing>
  <id>
   150057612
  </id>
  <name>
   Addidas T-shirt X-1375
  </name>
  <category>
   T-shirt
  </category>
  <size>
   XL
  </size>
  <color>
   Зеленый
  </color>
  <material>
   Вискоза
  </material>
  <price>
   936729
  </price>
  <rating>
   2.69
  </rating>
  <reviews>
   196644
  </reviews>
  <new>
   -
  </new>
 </clothing>
 <clothing>
  <id>
   779156825
  </id>
  <name>
   Ellesse Handbags C-6357
  </name>
  <category>
   Handbags
  </category>
  <size>
   XL
  </size>
  <color>
   Голубой
  </color>
  <material>
   Вискоза
  </material>
  <price>
   368883
  </price>
  <rating>
   4.71
  </rating>
  <reviews>
   565051
  </reviews>
  <exclusive>
   no
  </exclusive>
  <sporty>
   no
  </sporty>
 </clothing>
 <clothing>
  <id>
   239632361
  </id>
  <name>
   Puma Hat V-4850
  </name>
  <category>
   Hat
  </category>
  <size>
   L
  </size>
  <color>
   Желтый
  </color>
  <material>
   Кожа
  </material>
  <price>
   568547
  </price>
  <rating>
   3.14
  </rating>
  <reviews>
   242232
  </reviews>
  <new>
   +
  </new>
  <exclusive>
   no
  </exclusive>
 </clothing>
 <clothing>
  <id>
   536479225
  </id>
  <name>
   Under Armour Skirt M-2502
  </name>
  <category>
   Skirt
  </category>
  <size>
   M
  </size>
  <color>
   Голубой
  </color>
  <material>
   Шелк
  </material>
  <price>
   546719
  </price>
  <rating>
   2.73
  </rating>
  <reviews>
   23088
  </reviews>
  <new>
   -
  </new>
 </clothing>
 <clothing>
  <id>
   114257325
  </id>
  <name>
   Vans Belts M-9944
  </name>
  <category>
   Belts
  </category>
  <size>
   XXL
  </size>
  <color>
   Голубой
  </color>
  <material>
   Вискоза
  </material>
  <price>
   202221
  </price>
  <rating>
   2.92
  </rating>
  <reviews>
   812897
  </reviews>
  <exclusive>
   no
  </exclusive>
  <sporty>
   yes
  </sporty>
 </clothing>
 <clothing>
  <id>
   281898991
  </id>
  <name>
   Vans Jacket D-4363
  </name>
  <category>
   Jacket
  </category>
  <size>
   M
  </size>
  <color>
   Зеленый
  </color>
  <material>
   Кожа
  </material>
  <price>
   170931
  </price>
  <rating>
   2.0
  </rating>
  <reviews>
   113903
  </reviews>
  <new>
   +
  </new>
 </clothing>
 <clothing>
  <id>
   157980385
  </id>
  <name>
   Nike Sweater F-4730
  </name>
  <category>
   Sweater
  </category>
  <size>
   S
  </size>
  <color>
   Красный
  </color>
  <material>
   Шерсть
  </material>
  <price>
   568448
  </price>
  <rating>
   4.2
  </rating>
  <reviews>
   680409
  </reviews>
  <exclusive>
   no
  </exclusive>
 </clothing>
 <clothing>
  <id>
   329976796
  </id>
  <name>
   PleinSport Blouse R-2620
  </name>
  <category>
   Blouse
  </category>
  <size>
   S
  </size>
  <color>
   Оранжевый
  </color>
  <material>
   Шелк
  </material>
  <price>
   804635
  </price>
  <rating>
   4.4
  </rating>
  <reviews>
   831890
  </reviews>
  <exclusive>
   yes
  </exclusive>
 </clothing>
 <clothing>
  <id>
   973785382
  </id>
  <name>
   Converse Hat Y-6312
  </name>
  <category>
   Hat
  </category>
  <size>
   XL
  </size>
  <color>
   Синий
  </color>
  <material>
   Лен
  </material>
  <price>
   205454
  </price>
  <rating>
   2.73
  </rating>
  <reviews>
   703885
  </reviews>
  <new>
   -
  </new>
 </clothing>
 <clothing>
  <id>
   159194464
  </id>
  <name>
   Under Armour Skirt Y-5147
  </name>
  <category>
   Skirt
  </category>
  <size>
   XXL
  </size>
  <color>
   Зеленый
  </color>
  <material>
   Шерсть
  </material>
  <price>
   748923
  </price>
  <rating>
   4.92
  </rating>
  <reviews>
   731662
  </reviews>
  <new>
   +
  </new>
  <exclusive>
   yes
  </exclusive>
  <sporty>
   no
  </sporty>
 </clothing>
 <clothing>
  <id>
   704466957
  </id>
  <name>
   New Balance Blouse X-7974
  </name>
  <category>
   Blouse
  </category>
  <size>
   S
  </size>
  <color>
   Желтый
  </color>
  <material>
   Кожа
  </material>
  <price>
   825216
  </price>
  <rating>
   2.85
  </rating>
  <reviews>
   369574
  </reviews>
  <exclusive>
   yes
  </exclusive>
  <sporty>
   no
  </sporty>
 </clothing>
 <clothing>
  <id>
   310489140
  </id>
  <name>
   Adidas Handbags O-3920
  </name>
  <category>
   Handbags
  </category>
  <size>
   L
  </size>
  <color>
   Голубой
  </color>
  <material>
   Шерсть
  </material>
  <price>
   459073
  </price>
  <rating>
   4.04
  </rating>
  <reviews>
   339278
  </reviews>
  <new>
   -
  </new>
 </clothing>
 <clothing>
  <id>
   484105812
  </id>
  <name>
   Converse Gloves U-7073
  </name>
  <category>
   Gloves
  </category>
  <size>
   M
  </size>
  <color>
   Желтый
  </color>
  <material>
   Лен
  </material>
  <price>
   347541
  </price>
  <rating>
   3.68
  </rating>
  <reviews>
   271994
  </reviews>
  <new>
   -
  </new>
  <exclusive>
   no
  </exclusive>
  <sporty>
   no
  </sporty>
 </clothing>
 <clothing>
  <id>
   890029545
  </id>
  <name>
   Fila Belts O-6777
  </name>
  <category>
   Belts
  </category>
  <size>
   L
  </size>
  <color>
   Фиолетовый
  </color>
  <material>
   Нейлон
  </material>
  <price>
   812408
  </price>
  <rating>
   3.8
  </rating>
  <reviews>
   938040
  </reviews>
  <new>
   -
  </new>
  <sporty>
   yes
  </sporty>
 </clothing>
 <clothing>
  <id>
   653090375
  </id>
  <name>
   Ellesse Shoes R-3671
  </name>
  <category>
   Shoes
  </category>
  <size>
   XL
  </size>
  <color>
   Синий
  </color>
  <material>
   Полиэстер
  </material>
  <price>
   538325
  </price>
  <rating>
   1.32
  </rating>
  <reviews>
   816633
  </reviews>
  <new>
   -
  </new>
  <sporty>
   no
  </sporty>
 </clothing>
 <clothing>
  <id>
   805731939
  </id>
  <name>
   Fila Shoes V-3652
  </name>
  <category>
   Shoes
  </category>
  <size>
   L
  </size>
  <color>
   Оранжевый
  </color>
  <material>
   Кожа
  </material>
  <price>
   168013
  </price>
  <rating>
   3.34
  </rating>
  <reviews>
   785008
  </reviews>
  <sporty>
   yes
  </sporty>
 </clothing>
 <clothing>
  <id>
   322691950
  </id>
  <name>
   Reebok Socks N-5769
  </name>
  <category>
   Socks
  </category>
  <size>
   M
  </size>
  <color>
   Зеленый
  </color>
  <material>
   Полиэстер
  </material>
  <price>
   565060
  </price>
  <rating>
   3.58
  </rating>
  <reviews>
   675055
  </reviews>
  <sporty>
   yes
  </sporty>
 </clothing>
 <clothing>
  <id>
   882328389
  </id>
  <name>
   Brooks Gloves R-1391
  </name>
  <category>
   Gloves
  </category>
  <size>
   M
  </size>
  <color>
   Красный
  </color>
  <material>
   Кожа
  </material>
  <price>
   700337
  </price>
  <rating>
   2.31
  </rating>
  <reviews>
   82268
  </reviews>
  <new>
   +
  </new>
  <exclusive>
   no
  </exclusive>
 </clothing>
 <clothing>
  <id>
   539393257
  </id>
  <name>
   Ellesse Umbrellas Y-1378
  </name>
  <category>
   Umbrellas
  </category>
  <size>
   XXL
  </size>
  <color>
   Голубой
  </color>
  <material>
   Шелк
  </material>
  <price>
   424142
  </price>
  <rating>
   4.36
  </rating>
  <reviews>
   924522
  </reviews>
  <new>
   -
  </new>
  <exclusive>
   no
  </exclusive>
  <sporty>
   no
  </sporty>
 </clothing>
</clothing-items>
