<?xml version="1.0" encoding="utf-8"?>
<clothing-items>
 <clothing>
  <id>
   592475952
  </id>
  <name>
   DC Handbags O-4063
  </name>
  <category>
   Handbags
  </category>
  <size>
   XXL
  </size>
  <color>
   Голубой
  </color>
  <material>
   Шелк
  </material>
  <price>
   560491
  </price>
  <rating>
   4.59
  </rating>
  <reviews>
   116568
  </reviews>
  <new>
   -
  </new>
 </clothing>
 <clothing>
  <id>
   855747992
  </id>
  <name>
   Ellesse Umbrellas L-4115
  </name>
  <category>
   Umbrellas
  </category>
  <size>
   XXL
  </size>
  <color>
   Оранжевый
  </color>
  <material>
   Хлопок
  </material>
  <price>
   736869
  </price>
  <rating>
   4.01
  </rating>
  <reviews>
   707230
  </reviews>
  <new>
   +
  </new>
  <exclusive>
   no
  </exclusive>
  <sporty>
   no
  </sporty>
 </clothing>
 <clothing>
  <id>
   768221282
  </id>
  <name>
   Brooks Sweater C-1276
  </name>
  <category>
   Sweater
  </category>
  <size>
   L
  </size>
  <color>
   Фиолетовый
  </color>
  <material>
   Нейлон
  </material>
  <price>
   996060
  </price>
  <rating>
   2.98
  </rating>
  <reviews>
   983466
  </reviews>
 </clothing>
 <clothing>
  <id>
   421752369
  </id>
  <name>
   Puma T-shirt A-2213
  </name>
  <category>
   T-shirt
  </category>
  <size>
   XXL
  </size>
  <color>
   Зеленый
  </color>
  <material>
   Нейлон
  </material>
  <price>
   800702
  </price>
  <rating>
   1.69
  </rating>
  <reviews>
   399256
  </reviews>
  <exclusive>
   no
  </exclusive>
  <sporty>
   no
  </sporty>
 </clothing>
 <clothing>
  <id>
   553533231
  </id>
  <name>
   Brooks Handbags X-7443
  </name>
  <category>
   Handbags
  </category>
  <size>
   L
  </size>
  <color>
   Голубой
  </color>
  <material>
   Нейлон
  </material>
  <price>
   421595
  </price>
  <rating>
   4.78
  </rating>
  <reviews>
   230423
  </reviews>
  <new>
   -
  </new>
  <exclusive>
   yes
  </exclusive>
  <sporty>
   no
  </sporty>
 </clothing>
 <clothing>
  <id>
   183157942
  </id>
  <name>
   Lacoste Hat A-2700
  </name>
  <category>
   Hat
  </category>
  <size>
   S
  </size>
  <color>
   Оранжевый
  </color>
  <material>
   Хлопок
  </material>
  <price>
   356541
  </price>
  <rating>
   4.83
  </rating>
  <reviews>
   232903
  </reviews>
  <new>
   -
  </new>
 </clothing>
 <clothing>
  <id>
   233937966
  </id>
  <name>
   Ellesse Jacket X-2284
  </name>
  <category>
   Jacket
  </category>
  <size>
   XXL
  </size>
  <color>
   Синий
  </color>
  <material>
   Полиэстер
  </material>
  <price>
   889363
  </price>
  <rating>
   2.49
  </rating>
  <reviews>
   350546
  </reviews>
  <new>
   -
  </new>
  <exclusive>
   no
  </exclusive>
  <sporty>
   no
  </sporty>
 </clothing>
 <clothing>
  <id>
   599933829
  </id>
  <name>
   Under Armour Pants A-3215
  </name>
  <category>
   Pants
  </category>
  <size>
   L
  </size>
  <color>
   Фиолетовый
  </color>
  <material>
   Вискоза
  </material>
  <price>
   372148
  </price>
  <rating>
   2.7
  </rating>
  <reviews>
   75043
  </reviews>
  <new>
   -
  </new>
  <exclusive>
   yes
  </exclusive>
  <sporty>
   no
  </sporty>
 </clothing>
 <clothing>
  <id>
   181071545
  </id>
  <name>
   Adidas Pants M-4911
  </name>
  <category>
   Pants
  </category>
  <size>
   L
  </size>
  <color>
   Голубой
  </color>
  <material>
   Шерсть
  </material>
  <price>
   965384
  </price>
  <rating>
   4.16
  </rating>
  <reviews>
   471102
  </reviews>
  <exclusive>
   no
  </exclusive>
  <sporty>
   yes
  </sporty>
 </clothing>
 <clothing>
  <id>
   658019643
  </id>
  <name>
   DC Jeans W-5675
  </name>
  <category>
   Jeans
  </category>
  <size>
   XXL
  </size>
  <color>
   Красный
  </color>
  <material>
   Кожа
  </material>
  <price>
   446824
  </price>
  <rating>
   2.13
  </rating>
  <reviews>
   600123
  </reviews>
  <new>
   +
  </new>
  <exclusive>
   no
  </exclusive>
  <sporty>
   no
  </sporty>
 </clothing>
 <clothing>
  <id>
   243087776
  </id>
  <name>
   Reebok Socks I-8270
  </name>
  <category>
   Socks
  </category>
  <size>
   M
  </size>
  <color>
   Красный
  </color>
  <material>
   Вискоза
  </material>
  <price>
   838168
  </price>
  <rating>
   4.83
  </rating>
  <reviews>
   289263
  </reviews>
  <new>
   -
  </new>
  <exclusive>
   yes
  </exclusive>
 </clothing>
 <clothing>
  <id>
   921621305
  </id>
  <name>
   Converse Skirt N-9632
  </name>
  <category>
   Skirt
  </category>
  <size>
   M
  </size>
  <color>
   Голубой
  </color>
  <material>
   Шерсть
  </material>
  <price>
   190984
  </price>
  <rating>
   1.51
  </rating>
  <reviews>
   259659
  </reviews>
  <new>
   +
  </new>
  <exclusive>
   no
  </exclusive>
  <sporty>
   yes
  </sporty>
 </clothing>
 <clothing>
  <id>
   981217972
  </id>
  <name>
   Fila Umbrellas Y-1114
  </name>
  <category>
   Umbrellas
  </category>
  <size>
   XXL
  </size>
  <color>
   Синий
  </color>
  <material>
   Хлопок
  </material>
  <price>
   400760
  </price>
  <rating>
   1.92
  </rating>
  <reviews>
   310302
  </reviews>
  <exclusive>
   yes
  </exclusive>
 </clothing>
 <clothing>
  <id>
   596486379
  </id>
  <name>
   Vans Socks O-5424
  </name>
  <category>
   Socks
  </category>
  <size>
   M
  </size>
  <color>
   Фиолетовый
  </color>
  <material>
   Шерсть
  </material>
  <price>
   937331
  </price>
  <rating>
   2.93
  </rating>
  <reviews>
   995406
  </reviews>
  <exclusive>
   no
  </exclusive>
 </clothing>
 <clothing>
  <id>
   100333549
  </id>
  <name>
   Converse Gloves S-4759
  </name>
  <category>
   Gloves
  </category>
  <size>
   L
  </size>
  <color>
   Фиолетовый
  </color>
  <material>
   Вискоза
  </material>
  <price>
   450885
  </price>
  <rating>
   4.56
  </rating>
  <reviews>
   246298
  </reviews>
  <new>
   -
  </new>
  <exclusive>
   no
  </exclusive>
  <sporty>
   no
  </sporty>
 </clothing>
 <clothing>
  <id>
   654478056
  </id>
  <name>
   Vans Hat P-3946
  </name>
  <category>
   Hat
  </category>
  <size>
   XL
  </size>
  <color>
   Голубой
  </color>
  <material>
   Шелк
  </material>
  <price>
   673783
  </price>
  <rating>
   4.49
  </rating>
  <reviews>
   528144
  </reviews>
  <exclusive>
   no
  </exclusive>
 </clothing>
 <clothing>
  <id>
   798473209
  </id>
  <name>
   Puma Socks P-5964
  </name>
  <category>
   Socks
  </category>
  <size>
   L
  </size>
  <color>
   Синий
  </color>
  <material>
   Шерсть
  </material>
  <price>
   448146
  </price>
  <rating>
   1.34
  </rating>
  <reviews>
   547076
  </reviews>
  <exclusive>
   yes
  </exclusive>
  <sporty>
   yes
  </sporty>
 </clothing>
 <clothing>
  <id>
   545012214
  </id>
  <name>
   Asics Shoes U-7740
  </name>
  <category>
   Shoes
  </category>
  <size>
   XXL
  </size>
  <color>
   Синий
  </color>
  <material>
   Лен
  </material>
  <price>
   817345
  </price>
  <rating>
   4.89
  </rating>
  <reviews>
   238868
  </reviews>
  <sporty>
   no
  </sporty>
 </clothing>
 <clothing>
  <id>
   701352023
  </id>
  <name>
   Reebok Shirt V-3970
  </name>
  <category>
   Shirt
  </category>
  <size>
   XL
  </size>
  <color>
   Синий
  </color>
  <material>
   Шерсть
  </material>
  <price>
   211904
  </price>
  <rating>
   2.54
  </rating>
  <reviews>
   801198
  </reviews>
  <new>
   +
  </new>
  <exclusive>
   no
  </exclusive>
  <sporty>
   yes
  </sporty>
 </clothing>
 <clothing>
  <id>
   294925209
  </id>
  <name>
   Lacoste Handbags T-4638
  </name>
  <category>
   Handbags
  </category>
  <size>
   XXL
  </size>
  <color>
   Фиолетовый
  </color>
  <material>
   Кожа
  </material>
  <price>
   938074
  </price>
  <rating>
   2.44
  </rating>
  <reviews>
   348528
  </reviews>
  <new>
   -
  </new>
  <exclusive>
   yes
  </exclusive>
  <sporty>
   no
  </sporty>
 </clothing>
 <clothing>
  <id>
   323866995
  </id>
  <name>
   Vans Belts P-7068
  </name>
  <category>
   Belts
  </category>
  <size>
   L
  </size>
  <color>
   Зеленый
  </color>
  <material>
   Шелк
  </material>
  <price>
   339167
  </price>
  <rating>
   2.54
  </rating>
  <reviews>
   378464
  </reviews>
  <new>
   +
  </new>
  <exclusive>
   no
  </exclusive>
  <sporty>
   no
  </sporty>
 </clothing>
 <clothing>
  <id>
   387341473
  </id>
  <name>
   Converse Socks H-8849
  </name>
  <category>
   Socks
  </category>
  <size>
   M
  </size>
  <color>
   Красный
  </color>
  <material>
   Кожа
  </material>
  <price>
   719143
  </price>
  <rating>
   2.81
  </rating>
  <reviews>
   443388
  </reviews>
  <sporty>
   yes
  </sporty>
 </clothing>
 <clothing>
  <id>
   781129610
  </id>
  <name>
   Brooks Skirt J-5013
  </name>
  <category>
   Skirt
  </category>
  <size>
   S
  </size>
  <color>
   Желтый
  </color>
  <material>
   Хлопок
  </material>
  <price>
   456741
  </price>
  <rating>
   1.08
  </rating>
  <reviews>
   988642
  </reviews>
  <new>
   -
  </new>
  <exclusive>
   no
  </exclusive>
  <sporty>
   yes
  </sporty>
 </clothing>
 <clothing>
  <id>
   669229191
  </id>
  <name>
   Fila Socks C-9084
  </name>
  <category>
   Socks
  </category>
  <size>
   M
  </size>
  <color>
   Желтый
  </color>
  <material>
   Шерсть
  </material>
  <price>
   310426
  </price>
  <rating>
   1.58
  </rating>
  <reviews>
   22170
  </reviews>
  <new>
   -
  </new>
  <exclusive>
   yes
  </exclusive>
 </clothing>
 <clothing>
  <id>
   637600165
  </id>
  <name>
   Nike Dress D-6783
  </name>
  <category>
   Dress
  </category>
  <size>
   M
  </size>
  <color>
   Голубой
  </color>
  <material>
   Полиэстер
  </material>
  <price>
   776581
  </price>
  <rating>
   1.19
  </rating>
  <reviews>
   995516
  </reviews>
  <new>
   -
  </new>
  <exclusive>
   no
  </exclusive>
  <sporty>
   no
  </sporty>
 </clothing>
 <clothing>
  <id>
   846574051
  </id>
  <name>
   Lacoste Jeans C-2262
  </name>
  <category>
   Jeans
  </category>
  <size>
   L
  </size>
  <color>
   Фиолетовый
  </color>
  <material>
   Полиэстер
  </material>
  <price>
   959647
  </price>
  <rating>
   2.93
  </rating>
  <reviews>
   559419
  </reviews>
  <new>
   -
  </new>
  <exclusive>
   no
  </exclusive>
  <sporty>
   no
  </sporty>
 </clothing>
 <clothing>
  <id>
   304147809
  </id>
  <name>
   Adidas Umbrellas O-5435
  </name>
  <category>
   Umbrellas
  </category>
  <size>
   XL
  </size>
  <color>
   Зеленый
  </color>
  <material>
   Нейлон
  </material>
  <price>
   433932
  </price>
  <rating>
   1.18
  </rating>
  <reviews>
   602691
  </reviews>
  <new>
   +
  </new>
  <sporty>
   yes
  </sporty>
 </clothing>
 <clothing>
  <id>
   495351336
  </id>
  <name>
   PleinSport Belts X-5324
  </name>
  <category>
   Belts
  </category>
  <size>
   S
  </size>
  <color>
   Оранжевый
  </color>
  <material>
   Хлопок
  </material>
  <price>
   302477
  </price>
  <rating>
   4.97
  </rating>
  <reviews>
   181466
  </reviews>
  <new>
   +
  </new>
  <sporty>
   yes
  </sporty>
 </clothing>
 <clothing>
  <id>
   644132539
  </id>
  <name>
   Puma Shirt J-9959
  </name>
  <category>
   Shirt
  </category>
  <size>
   L
  </size>
  <color>
   Желтый
  </color>
  <material>
   Шелк
  </material>
  <price>
   190279
  </price>
  <rating>
   4.86
  </rating>
  <reviews>
   781127
  </reviews>
  <sporty>
   no
  </sporty>
 </clothing>
 <clothing>
  <id>
   316885564
  </id>
  <name>
   Addidas Shirt E-5110
  </name>
  <category>
   Shirt
  </category>
  <size>
   XL
  </size>
  <color>
   Красный
  </color>
  <material>
   Шерсть
  </material>
  <price>
   780088
  </price>
  <rating>
   2.7
  </rating>
  <reviews>
   911487
  </reviews>
  <sporty>
   yes
  </sporty>
 </clothing>
 <clothing>
  <id>
   730618646
  </id>
  <name>
   Addidas Jeans B-6053
  </name>
  <category>
   Jeans
  </category>
  <size>
   XL
  </size>
  <color>
   Желтый
  </color>
  <material>
   Нейлон
  </material>
  <price>
   796705
  </price>
  <rating>
   3.17
  </rating>
  <reviews>
   829603
  </reviews>
  <new>
   -
  </new>
  <sporty>
   no
  </sporty>
 </clothing>
 <clothing>
  <id>
   360735696
  </id>
  <name>
   New Balance Jacket P-4239
  </name>
  <category>
   Jacket
  </category>
  <size>
   S
  </size>
  <color>
   Желтый
  </color>
  <material>
   Лен
  </material>
  <price>
   215711
  </price>
  <rating>
   4.6
  </rating>
  <reviews>
   31487
  </reviews>
  <new>
   -
  </new>
  <exclusive>
   no
  </exclusive>
  <sporty>
   no
  </sporty>
 </clothing>
 <clothing>
  <id>
   940298257
  </id>
  <name>
   Lacoste T-shirt J-5100
  </name>
  <category>
   T-shirt
  </category>
  <size>
   XXL
  </size>
  <color>
   Голубой
  </color>
  <material>
   Хлопок
  </material>
  <price>
   742713
  </price>
  <rating>
   2.63
  </rating>
  <reviews>
   119738
  </reviews>
  <sporty>
   yes
  </sporty>
 </clothing>
 <clothing>
  <id>
   510230959
  </id>
  <name>
   DC Umbrellas H-3245
  </name>
  <category>
   Umbrellas
  </category>
  <size>
   XL
  </size>
  <color>
   Голубой
  </color>
  <material>
   Хлопок
  </material>
  <price>
   718595
  </price>
  <rating>
   3.31
  </rating>
  <reviews>
   29758
  </reviews>
  <new>
   -
  </new>
  <exclusive>
   no
  </exclusive>
 </clothing>
 <clothing>
  <id>
   590594137
  </id>
  <name>
   Nike Pants P-9274
  </name>
  <category>
   Pants
  </category>
  <size>
   L
  </size>
  <color>
   Красный
  </color>
  <material>
   Кожа
  </material>
  <price>
   927108
  </price>
  <rating>
   2.55
  </rating>
  <reviews>
   385394
  </reviews>
  <new>
   -
  </new>
  <exclusive>
   yes
  </exclusive>
  <sporty>
   yes
  </sporty>
 </clothing>
 <clothing>
  <id>
   938142023
  </id>
  <name>
   Lacoste Hat Y-8370
  </name>
  <category>
   Hat
  </category>
  <size>
   M
  </size>
  <color>
   Синий
  </color>
  <material>
   Нейлон
  </material>
  <price>
   721555
  </price>
  <rating>
   4.21
  </rating>
  <reviews>
   392542
  </reviews>
  <new>
   -
  </new>
  <exclusive>
   no
  </exclusive>
  <sporty>
   no
  </sporty>
 </clothing>
 <clothing>
  <id>
   106047490
  </id>
  <name>
   Adidas Gloves H-4622
  </name>
  <category>
   Gloves
  </category>
  <size>
   M
  </size>
  <color>
   Зеленый
  </color>
  <material>
   Нейлон
  </material>
  <price>
   687943
  </price>
  <rating>
   3.91
  </rating>
  <reviews>
   487501
  </reviews>
  <new>
   -
  </new>
  <exclusive>
   no
  </exclusive>
 </clothing>
 <clothing>
  <id>
   146871433
  </id>
  <name>
   DC Jacket Y-6046
  </name>
  <category>
   Jacket
  </category>
  <size>
   XL
  </size>
  <color>
   Желтый
  </color>
  <material>
   Хлопок
  </material>
  <price>
   741215
  </price>
  <rating>
   3.86
  </rating>
  <reviews>
   23193
  </reviews>
  <sporty>
   no
  </sporty>
 </clothing>
</clothing-items>
