<?xml version="1.0" encoding="utf-8"?>
<clothing-items>
 <clothing>
  <id>
   567001684
  </id>
  <name>
   New Balance Shoes V-3025
  </name>
  <category>
   Shoes
  </category>
  <size>
   S
  </size>
  <color>
   Зеленый
  </color>
  <material>
   Шерсть
  </material>
  <price>
   151196
  </price>
  <rating>
   1.35
  </rating>
  <reviews>
   423837
  </reviews>
  <new>
   -
  </new>
  <exclusive>
   no
  </exclusive>
  <sporty>
   yes
  </sporty>
 </clothing>
 <clothing>
  <id>
   453050513
  </id>
  <name>
   Puma Pants P-8867
  </name>
  <category>
   Pants
  </category>
  <size>
   M
  </size>
  <color>
   Оранжевый
  </color>
  <material>
   Лен
  </material>
  <price>
   930775
  </price>
  <rating>
   4.36
  </rating>
  <reviews>
   379192
  </reviews>
  <new>
   -
  </new>
  <exclusive>
   no
  </exclusive>
  <sporty>
   no
  </sporty>
 </clothing>
 <clothing>
  <id>
   337299231
  </id>
  <name>
   Vans Umbrellas B-6526
  </name>
  <category>
   Umbrellas
  </category>
  <size>
   L
  </size>
  <color>
   Синий
  </color>
  <material>
   Шелк
  </material>
  <price>
   922802
  </price>
  <rating>
   2.29
  </rating>
  <reviews>
   266960
  </reviews>
  <new>
   +
  </new>
  <exclusive>
   no
  </exclusive>
  <sporty>
   yes
  </sporty>
 </clothing>
 <clothing>
  <id>
   908969143
  </id>
  <name>
   Ellesse Dress Q-1715
  </name>
  <category>
   Dress
  </category>
  <size>
   S
  </size>
  <color>
   Голубой
  </color>
  <material>
   Вискоза
  </material>
  <price>
   289309
  </price>
  <rating>
   1.85
  </rating>
  <reviews>
   702348
  </reviews>
  <exclusive>
   yes
  </exclusive>
  <sporty>
   no
  </sporty>
 </clothing>
 <clothing>
  <id>
   469587270
  </id>
  <name>
   Under Armour Pants Z-4873
  </name>
  <category>
   Pants
  </category>
  <size>
   M
  </size>
  <color>
   Зеленый
  </color>
  <material>
   Кожа
  </material>
  <price>
   949089
  </price>
  <rating>
   4.7
  </rating>
  <reviews>
   276208
  </reviews>
  <new>
   +
  </new>
  <exclusive>
   no
  </exclusive>
  <sporty>
   no
  </sporty>
 </clothing>
 <clothing>
  <id>
   169835184
  </id>
  <name>
   New Balance Skirt P-9085
  </name>
  <category>
   Skirt
  </category>
  <size>
   XL
  </size>
  <color>
   Фиолетовый
  </color>
  <material>
   Шерсть
  </material>
  <price>
   119630
  </price>
  <rating>
   1.22
  </rating>
  <reviews>
   721687
  </reviews>
  <new>
   -
  </new>
  <exclusive>
   no
  </exclusive>
 </clothing>
 <clothing>
  <id>
   526752002
  </id>
  <name>
   Adidas Shirt T-7052
  </name>
  <category>
   Shirt
  </category>
  <size>
   L
  </size>
  <color>
   Синий
  </color>
  <material>
   Полиэстер
  </material>
  <price>
   777191
  </price>
  <rating>
   3.26
  </rating>
  <reviews>
   997769
  </reviews>
  <exclusive>
   yes
  </exclusive>
  <sporty>
   yes
  </sporty>
 </clothing>
 <clothing>
  <id>
   227269555
  </id>
  <name>
   PleinSport Gloves I-4380
  </name>
  <category>
   Gloves
  </category>
  <size>
   M
  </size>
  <color>
   Оранжевый
  </color>
  <material>
   Кожа
  </material>
  <price>
   161615
  </price>
  <rating>
   2.06
  </rating>
  <reviews>
   435088
  </reviews>
  <new>
   -
  </new>
  <exclusive>
   yes
  </exclusive>
  <sporty>
   no
  </sporty>
 </clothing>
 <clothing>
  <id>
   751727591
  </id>
  <name>
   Ellesse T-shirt C-4016
  </name>
  <category>
   T-shirt
  </category>
  <size>
   L
  </size>
  <color>
   Голубой
  </color>
  <material>
   Нейлон
  </material>
  <price>
   698553
  </price>
  <rating>
   1.17
  </rating>
  <reviews>
   630074
  </reviews>
  <new>
   +
  </new>
  <exclusive>
   no
  </exclusive>
  <sporty>
   yes
  </sporty>
 </clothing>
 <clothing>
  <id>
   130886756
  </id>
  <name>
   Fila Skirt W-1681
  </name>
  <category>
   Skirt
  </category>
  <size>
   S
  </size>
  <color>
   Желтый
  </color>
  <material>
   Вискоза
  </material>
  <price>
   296801
  </price>
  <rating>
   1.36
  </rating>
  <reviews>
   293137
  </reviews>
  <exclusive>
   no
  </exclusive>
  <sporty>
   no
  </sporty>
 </clothing>
 <clothing>
  <id>
   687594329
  </id>
  <name>
   Ellesse Skirt L-6417
  </name>
  <category>
   Skirt
  </category>
  <size>
   L
  </size>
  <color>
   Оранжевый
  </color>
  <material>
   Полиэстер
  </material>
  <price>
   587484
  </price>
  <rating>
   2.55
  </rating>
  <reviews>
   904904
  </reviews>
  <new>
   -
  </new>
 </clothing>
 <clothing>
  <id>
   104479217
  </id>
  <name>
   New Balance T-shirt Y-1683
  </name>
  <category>
   T-shirt
  </category>
  <size>
   XXL
  </size>
  <color>
   Фиолетовый
  </color>
  <material>
   Полиэстер
  </material>
  <price>
   720285
  </price>
  <rating>
   2.32
  </rating>
  <reviews>
   725928
  </reviews>
  <exclusive>
   no
  </exclusive>
  <sporty>
   no
  </sporty>
 </clothing>
 <clothing>
  <id>
   918127486
  </id>
  <name>
   New Balance Sweater Y-5540
  </name>
  <category>
   Sweater
  </category>
  <size>
   XL
  </size>
  <color>
   Зеленый
  </color>
  <material>
   Лен
  </material>
  <price>
   742166
  </price>
  <rating>
   1.76
  </rating>
  <reviews>
   170484
  </reviews>
  <exclusive>
   no
  </exclusive>
  <sporty>
   no
  </sporty>
 </clothing>
 <clothing>
  <id>
   367580121
  </id>
  <name>
   Adidas Belts S-4116
  </name>
  <category>
   Belts
  </category>
  <size>
   XXL
  </size>
  <color>
   Фиолетовый
  </color>
  <material>
   Кожа
  </material>
  <price>
   613302
  </price>
  <rating>
   4.63
  </rating>
  <reviews>
   784318
  </reviews>
  <new>
   +
  </new>
  <exclusive>
   yes
  </exclusive>
 </clothing>
 <clothing>
  <id>
   573455098
  </id>
  <name>
   Under Armour Blouse I-8027
  </name>
  <category>
   Blouse
  </category>
  <size>
   L
  </size>
  <color>
   Оранжевый
  </color>
  <material>
   Шерсть
  </material>
  <price>
   501461
  </price>
  <rating>
   3.5
  </rating>
  <reviews>
   194117
  </reviews>
  <new>
   -
  </new>
 </clothing>
 <clothing>
  <id>
   736231246
  </id>
  <name>
   Brooks Blouse T-8316
  </name>
  <category>
   Blouse
  </category>
  <size>
   S
  </size>
  <color>
   Красный
  </color>
  <material>
   Лен
  </material>
  <price>
   289965
  </price>
  <rating>
   2.84
  </rating>
  <reviews>
   695620
  </reviews>
  <exclusive>
   yes
  </exclusive>
  <sporty>
   no
  </sporty>
 </clothing>
 <clothing>
  <id>
   822330913
  </id>
  <name>
   Asics Handbags O-5304
  </name>
  <category>
   Handbags
  </category>
  <size>
   XXL
  </size>
  <color>
   Синий
  </color>
  <material>
   Нейлон
  </material>
  <price>
   313281
  </price>
  <rating>
   4.77
  </rating>
  <reviews>
   68529
  </reviews>
  <new>
   +
  </new>
  <exclusive>
   no
  </exclusive>
  <sporty>
   yes
  </sporty>
 </clothing>
 <clothing>
  <id>
   600683918
  </id>
  <name>
   Adidas Belts S-8315
  </name>
  <category>
   Belts
  </category>
  <size>
   XL
  </size>
  <color>
   Красный
  </color>
  <material>
   Лен
  </material>
  <price>
   471152
  </price>
  <rating>
   3.45
  </rating>
  <reviews>
   391832
  </reviews>
  <new>
   -
  </new>
  <exclusive>
   yes
  </exclusive>
  <sporty>
   no
  </sporty>
 </clothing>
 <clothing>
  <id>
   686567611
  </id>
  <name>
   Fila Jeans X-7285
  </name>
  <category>
   Jeans
  </category>
  <size>
   M
  </size>
  <color>
   Зеленый
  </color>
  <material>
   Лен
  </material>
  <price>
   343488
  </price>
  <rating>
   3.45
  </rating>
  <reviews>
   310451
  </reviews>
  <new>
   +
  </new>
  <exclusive>
   no
  </exclusive>
  <sporty>
   no
  </sporty>
 </clothing>
 <clothing>
  <id>
   527855641
  </id>
  <name>
   Ellesse Handbags D-1917
  </name>
  <category>
   Handbags
  </category>
  <size>
   M
  </size>
  <color>
   Желтый
  </color>
  <material>
   Вискоза
  </material>
  <price>
   761008
  </price>
  <rating>
   1.43
  </rating>
  <reviews>
   904093
  </reviews>
  <exclusive>
   yes
  </exclusive>
  <sporty>
   yes
  </sporty>
 </clothing>
 <clothing>
  <id>
   473407373
  </id>
  <name>
   Converse Sweater N-7695
  </name>
  <category>
   Sweater
  </category>
  <size>
   L
  </size>
  <color>
   Оранжевый
  </color>
  <material>
   Нейлон
  </material>
  <price>
   437766
  </price>
  <rating>
   4.27
  </rating>
  <reviews>
   76431
  </reviews>
  <new>
   -
  </new>
  <exclusive>
   yes
  </exclusive>
  <sporty>
   no
  </sporty>
 </clothing>
 <clothing>
  <id>
   221272690
  </id>
  <name>
   Asics Jeans M-5725
  </name>
  <category>
   Jeans
  </category>
  <size>
   XXL
  </size>
  <color>
   Желтый
  </color>
  <material>
   Лен
  </material>
  <price>
   742674
  </price>
  <rating>
   1.92
  </rating>
  <reviews>
   908642
  </reviews>
  <exclusive>
   yes
  </exclusive>
  <sporty>
   no
  </sporty>
 </clothing>
 <clothing>
  <id>
   990542718
  </id>
  <name>
   Nike Hat F-8451
  </name>
  <category>
   Hat
  </category>
  <size>
   L
  </size>
  <color>
   Красный
  </color>
  <material>
   Шерсть
  </material>
  <price>
   955434
  </price>
  <rating>
   2.04
  </rating>
  <reviews>
   137853
  </reviews>
  <sporty>
   yes
  </sporty>
 </clothing>
 <clothing>
  <id>
   413846898
  </id>
  <name>
   Under Armour Socks U-7150
  </name>
  <category>
   Socks
  </category>
  <size>
   M
  </size>
  <color>
   Красный
  </color>
  <material>
   Шерсть
  </material>
  <price>
   909234
  </price>
  <rating>
   3.65
  </rating>
  <reviews>
   936706
  </reviews>
  <new>
   -
  </new>
  <exclusive>
   no
  </exclusive>
  <sporty>
   yes
  </sporty>
 </clothing>
 <clothing>
  <id>
   478749762
  </id>
  <name>
   Fila Shirt T-4135
  </name>
  <category>
   Shirt
  </category>
  <size>
   XXL
  </size>
  <color>
   Красный
  </color>
  <material>
   Лен
  </material>
  <price>
   572629
  </price>
  <rating>
   4.45
  </rating>
  <reviews>
   562977
  </reviews>
  <new>
   -
  </new>
  <sporty>
   no
  </sporty>
 </clothing>
 <clothing>
  <id>
   362196979
  </id>
  <name>
   Brooks Skirt X-5869
  </name>
  <category>
   Skirt
  </category>
  <size>
   L
  </size>
  <color>
   Желтый
  </color>
  <material>
   Лен
  </material>
  <price>
   455168
  </price>
  <rating>
   4.24
  </rating>
  <reviews>
   26455
  </reviews>
  <new>
   -
  </new>
  <exclusive>
   no
  </exclusive>
  <sporty>
   no
  </sporty>
 </clothing>
</clothing-items>
