<?xml version="1.0" encoding="utf-8"?>
<clothing-items>
 <clothing>
  <id>
   247240930
  </id>
  <name>
   Brooks Dress J-7175
  </name>
  <category>
   Dress
  </category>
  <size>
   XL
  </size>
  <color>
   Голубой
  </color>
  <material>
   Кожа
  </material>
  <price>
   814731
  </price>
  <rating>
   2.94
  </rating>
  <reviews>
   892612
  </reviews>
  <exclusive>
   no
  </exclusive>
  <sporty>
   no
  </sporty>
 </clothing>
 <clothing>
  <id>
   363683251
  </id>
  <name>
   Fila Gloves R-1817
  </name>
  <category>
   Gloves
  </category>
  <size>
   M
  </size>
  <color>
   Синий
  </color>
  <material>
   Хлопок
  </material>
  <price>
   435691
  </price>
  <rating>
   4.69
  </rating>
  <reviews>
   812482
  </reviews>
  <new>
   -
  </new>
  <exclusive>
   yes
  </exclusive>
  <sporty>
   yes
  </sporty>
 </clothing>
 <clothing>
  <id>
   620229759
  </id>
  <name>
   New Balance Handbags Q-9669
  </name>
  <category>
   Handbags
  </category>
  <size>
   XXL
  </size>
  <color>
   Желтый
  </color>
  <material>
   Шелк
  </material>
  <price>
   396866
  </price>
  <rating>
   3.57
  </rating>
  <reviews>
   19020
  </reviews>
  <new>
   +
  </new>
  <exclusive>
   yes
  </exclusive>
 </clothing>
 <clothing>
  <id>
   146427949
  </id>
  <name>
   PleinSport Handbags R-1925
  </name>
  <category>
   Handbags
  </category>
  <size>
   XL
  </size>
  <color>
   Зеленый
  </color>
  <material>
   Шерсть
  </material>
  <price>
   711982
  </price>
  <rating>
   1.78
  </rating>
  <reviews>
   927034
  </reviews>
  <sporty>
   no
  </sporty>
 </clothing>
 <clothing>
  <id>
   145936771
  </id>
  <name>
   Adidas Pants X-2493
  </name>
  <category>
   Pants
  </category>
  <size>
   XL
  </size>
  <color>
   Зеленый
  </color>
  <material>
   Вискоза
  </material>
  <price>
   201569
  </price>
  <rating>
   1.87
  </rating>
  <reviews>
   973420
  </reviews>
 </clothing>
 <clothing>
  <id>
   829447781
  </id>
  <name>
   Addidas T-shirt Z-2567
  </name>
  <category>
   T-shirt
  </category>
  <size>
   S
  </size>
  <color>
   Фиолетовый
  </color>
  <material>
   Вискоза
  </material>
  <price>
   145235
  </price>
  <rating>
   2.11
  </rating>
  <reviews>
   817428
  </reviews>
  <new>
   +
  </new>
  <exclusive>
   yes
  </exclusive>
  <sporty>
   no
  </sporty>
 </clothing>
 <clothing>
  <id>
   964127809
  </id>
  <name>
   Nike Socks B-9480
  </name>
  <category>
   Socks
  </category>
  <size>
   XL
  </size>
  <color>
   Голубой
  </color>
  <material>
   Полиэстер
  </material>
  <price>
   159422
  </price>
  <rating>
   3.62
  </rating>
  <reviews>
   670161
  </reviews>
  <exclusive>
   no
  </exclusive>
  <sporty>
   yes
  </sporty>
 </clothing>
 <clothing>
  <id>
   888074932
  </id>
  <name>
   Puma Skirt V-1429
  </name>
  <category>
   Skirt
  </category>
  <size>
   XL
  </size>
  <color>
   Голубой
  </color>
  <material>
   Нейлон
  </material>
  <price>
   621853
  </price>
  <rating>
   2.9
  </rating>
  <reviews>
   740245
  </reviews>
  <new>
   +
  </new>
  <exclusive>
   no
  </exclusive>
 </clothing>
 <clothing>
  <id>
   180521625
  </id>
  <name>
   Addidas Skirt Q-6287
  </name>
  <category>
   Skirt
  </category>
  <size>
   XXL
  </size>
  <color>
   Синий
  </color>
  <material>
   Шерсть
  </material>
  <price>
   251887
  </price>
  <rating>
   3.29
  </rating>
  <reviews>
   841571
  </reviews>
  <sporty>
   no
  </sporty>
 </clothing>
 <clothing>
  <id>
   632123054
  </id>
  <name>
   New Balance Hat V-8240
  </name>
  <category>
   Hat
  </category>
  <size>
   XL
  </size>
  <color>
   Синий
  </color>
  <material>
   Вискоза
  </material>
  <price>
   253107
  </price>
  <rating>
   3.72
  </rating>
  <reviews>
   180956
  </reviews>
  <new>
   +
  </new>
 </clothing>
 <clothing>
  <id>
   591852069
  </id>
  <name>
   Addidas Handbags B-6241
  </name>
  <category>
   Handbags
  </category>
  <size>
   XL
  </size>
  <color>
   Желтый
  </color>
  <material>
   Нейлон
  </material>
  <price>
   559137
  </price>
  <rating>
   4.81
  </rating>
  <reviews>
   454571
  </reviews>
  <new>
   -
  </new>
  <sporty>
   no
  </sporty>
 </clothing>
 <clothing>
  <id>
   730795751
  </id>
  <name>
   Fila Pants X-6109
  </name>
  <category>
   Pants
  </category>
  <size>
   M
  </size>
  <color>
   Желтый
  </color>
  <material>
   Кожа
  </material>
  <price>
   963505
  </price>
  <rating>
   4.38
  </rating>
  <reviews>
   966436
  </reviews>
  <new>
   +
  </new>
  <sporty>
   no
  </sporty>
 </clothing>
 <clothing>
  <id>
   755437518
  </id>
  <name>
   Reebok Jacket E-4767
  </name>
  <category>
   Jacket
  </category>
  <size>
   XXL
  </size>
  <color>
   Зеленый
  </color>
  <material>
   Лен
  </material>
  <price>
   522285
  </price>
  <rating>
   2.32
  </rating>
  <reviews>
   691008
  </reviews>
  <new>
   +
  </new>
  <exclusive>
   yes
  </exclusive>
 </clothing>
 <clothing>
  <id>
   928290499
  </id>
  <name>
   Adidas Sweater Y-1123
  </name>
  <category>
   Sweater
  </category>
  <size>
   XXL
  </size>
  <color>
   Голубой
  </color>
  <material>
   Лен
  </material>
  <price>
   915355
  </price>
  <rating>
   2.92
  </rating>
  <reviews>
   197591
  </reviews>
  <new>
   +
  </new>
  <exclusive>
   no
  </exclusive>
  <sporty>
   yes
  </sporty>
 </clothing>
 <clothing>
  <id>
   717158439
  </id>
  <name>
   PleinSport Jacket V-2998
  </name>
  <category>
   Jacket
  </category>
  <size>
   XL
  </size>
  <color>
   Фиолетовый
  </color>
  <material>
   Шерсть
  </material>
  <price>
   936667
  </price>
  <rating>
   2.95
  </rating>
  <reviews>
   14066
  </reviews>
  <new>
   -
  </new>
  <exclusive>
   yes
  </exclusive>
 </clothing>
 <clothing>
  <id>
   410657764
  </id>
  <name>
   Vans Jacket A-3431
  </name>
  <category>
   Jacket
  </category>
  <size>
   XXL
  </size>
  <color>
   Красный
  </color>
  <material>
   Шелк
  </material>
  <price>
   351971
  </price>
  <rating>
   2.95
  </rating>
  <reviews>
   973625
  </reviews>
  <new>
   +
  </new>
  <exclusive>
   no
  </exclusive>
  <sporty>
   no
  </sporty>
 </clothing>
 <clothing>
  <id>
   441466861
  </id>
  <name>
   PleinSport Socks D-2645
  </name>
  <category>
   Socks
  </category>
  <size>
   XXL
  </size>
  <color>
   Красный
  </color>
  <material>
   Лен
  </material>
  <price>
   831901
  </price>
  <rating>
   2.87
  </rating>
  <reviews>
   675525
  </reviews>
  <new>
   +
  </new>
 </clothing>
 <clothing>
  <id>
   639368082
  </id>
  <name>
   Converse Handbags H-3076
  </name>
  <category>
   Handbags
  </category>
  <size>
   XL
  </size>
  <color>
   Красный
  </color>
  <material>
   Лен
  </material>
  <price>
   919786
  </price>
  <rating>
   1.17
  </rating>
  <reviews>
   475813
  </reviews>
  <new>
   +
  </new>
  <sporty>
   no
  </sporty>
 </clothing>
 <clothing>
  <id>
   340338285
  </id>
  <name>
   Asics Hat G-8126
  </name>
  <category>
   Hat
  </category>
  <size>
   L
  </size>
  <color>
   Красный
  </color>
  <material>
   Лен
  </material>
  <price>
   754466
  </price>
  <rating>
   3.53
  </rating>
  <reviews>
   309632
  </reviews>
  <new>
   -
  </new>
  <sporty>
   no
  </sporty>
 </clothing>
 <clothing>
  <id>
   831126881
  </id>
  <name>
   Reebok Shirt N-5840
  </name>
  <category>
   Shirt
  </category>
  <size>
   L
  </size>
  <color>
   Желтый
  </color>
  <material>
   Кожа
  </material>
  <price>
   799335
  </price>
  <rating>
   4.36
  </rating>
  <reviews>
   309379
  </reviews>
  <exclusive>
   yes
  </exclusive>
  <sporty>
   no
  </sporty>
 </clothing>
 <clothing>
  <id>
   581362733
  </id>
  <name>
   PleinSport Shirt K-4374
  </name>
  <category>
   Shirt
  </category>
  <size>
   M
  </size>
  <color>
   Синий
  </color>
  <material>
   Вискоза
  </material>
  <price>
   402614
  </price>
  <rating>
   4.94
  </rating>
  <reviews>
   956469
  </reviews>
  <new>
   -
  </new>
  <exclusive>
   no
  </exclusive>
  <sporty>
   yes
  </sporty>
 </clothing>
 <clothing>
  <id>
   797619251
  </id>
  <name>
   PleinSport Socks J-6394
  </name>
  <category>
   Socks
  </category>
  <size>
   L
  </size>
  <color>
   Голубой
  </color>
  <material>
   Хлопок
  </material>
  <price>
   693712
  </price>
  <rating>
   1.24
  </rating>
  <reviews>
   662109
  </reviews>
  <new>
   +
  </new>
  <sporty>
   no
  </sporty>
 </clothing>
 <clothing>
  <id>
   332162570
  </id>
  <name>
   PleinSport Jeans C-5615
  </name>
  <category>
   Jeans
  </category>
  <size>
   XXL
  </size>
  <color>
   Зеленый
  </color>
  <material>
   Лен
  </material>
  <price>
   770044
  </price>
  <rating>
   1.49
  </rating>
  <reviews>
   160636
  </reviews>
  <exclusive>
   no
  </exclusive>
 </clothing>
 <clothing>
  <id>
   584007225
  </id>
  <name>
   Converse Blouse Y-7444
  </name>
  <category>
   Blouse
  </category>
  <size>
   XXL
  </size>
  <color>
   Оранжевый
  </color>
  <material>
   Вискоза
  </material>
  <price>
   384029
  </price>
  <rating>
   4.15
  </rating>
  <reviews>
   908294
  </reviews>
  <exclusive>
   no
  </exclusive>
  <sporty>
   no
  </sporty>
 </clothing>
 <clothing>
  <id>
   311314952
  </id>
  <name>
   Under Armour Pants K-9776
  </name>
  <category>
   Pants
  </category>
  <size>
   S
  </size>
  <color>
   Зеленый
  </color>
  <material>
   Шерсть
  </material>
  <price>
   878810
  </price>
  <rating>
   1.07
  </rating>
  <reviews>
   343921
  </reviews>
  <new>
   +
  </new>
  <sporty>
   yes
  </sporty>
 </clothing>
 <clothing>
  <id>
   939189096
  </id>
  <name>
   Puma Handbags Y-9234
  </name>
  <category>
   Handbags
  </category>
  <size>
   XL
  </size>
  <color>
   Желтый
  </color>
  <material>
   Кожа
  </material>
  <price>
   834875
  </price>
  <rating>
   3.52
  </rating>
  <reviews>
   480721
  </reviews>
  <new>
   +
  </new>
  <exclusive>
   no
  </exclusive>
 </clothing>
 <clothing>
  <id>
   240624303
  </id>
  <name>
   Brooks Gloves S-1684
  </name>
  <category>
   Gloves
  </category>
  <size>
   L
  </size>
  <color>
   Фиолетовый
  </color>
  <material>
   Кожа
  </material>
  <price>
   633755
  </price>
  <rating>
   2.36
  </rating>
  <reviews>
   92135
  </reviews>
  <new>
   -
  </new>
  <exclusive>
   no
  </exclusive>
  <sporty>
   no
  </sporty>
 </clothing>
 <clothing>
  <id>
   908998775
  </id>
  <name>
   Puma Skirt B-2930
  </name>
  <category>
   Skirt
  </category>
  <size>
   L
  </size>
  <color>
   Оранжевый
  </color>
  <material>
   Кожа
  </material>
  <price>
   504722
  </price>
  <rating>
   2.08
  </rating>
  <reviews>
   176819
  </reviews>
  <sporty>
   no
  </sporty>
 </clothing>
 <clothing>
  <id>
   819718764
  </id>
  <name>
   Converse Shoes J-1078
  </name>
  <category>
   Shoes
  </category>
  <size>
   XXL
  </size>
  <color>
   Фиолетовый
  </color>
  <material>
   Шелк
  </material>
  <price>
   370646
  </price>
  <rating>
   2.95
  </rating>
  <reviews>
   188471
  </reviews>
 </clothing>
 <clothing>
  <id>
   213168664
  </id>
  <name>
   Converse Socks C-7203
  </name>
  <category>
   Socks
  </category>
  <size>
   M
  </size>
  <color>
   Желтый
  </color>
  <material>
   Кожа
  </material>
  <price>
   358877
  </price>
  <rating>
   2.49
  </rating>
  <reviews>
   962432
  </reviews>
  <new>
   -
  </new>
  <exclusive>
   yes
  </exclusive>
  <sporty>
   yes
  </sporty>
 </clothing>
 <clothing>
  <id>
   482094834
  </id>
  <name>
   Brooks Gloves O-7537
  </name>
  <category>
   Gloves
  </category>
  <size>
   L
  </size>
  <color>
   Красный
  </color>
  <material>
   Хлопок
  </material>
  <price>
   995213
  </price>
  <rating>
   3.21
  </rating>
  <reviews>
   858385
  </reviews>
  <exclusive>
   no
  </exclusive>
  <sporty>
   yes
  </sporty>
 </clothing>
 <clothing>
  <id>
   963746899
  </id>
  <name>
   Lacoste Jacket J-1879
  </name>
  <category>
   Jacket
  </category>
  <size>
   XL
  </size>
  <color>
   Фиолетовый
  </color>
  <material>
   Шерсть
  </material>
  <price>
   203900
  </price>
  <rating>
   2.08
  </rating>
  <reviews>
   268287
  </reviews>
  <new>
   +
  </new>
  <exclusive>
   no
  </exclusive>
 </clothing>
 <clothing>
  <id>
   762091641
  </id>
  <name>
   New Balance Jacket Z-8880
  </name>
  <category>
   Jacket
  </category>
  <size>
   S
  </size>
  <color>
   Оранжевый
  </color>
  <material>
   Хлопок
  </material>
  <price>
   530083
  </price>
  <rating>
   1.87
  </rating>
  <reviews>
   389441
  </reviews>
  <exclusive>
   no
  </exclusive>
 </clothing>
 <clothing>
  <id>
   985372968
  </id>
  <name>
   Ellesse Jeans R-6096
  </name>
  <category>
   Jeans
  </category>
  <size>
   M
  </size>
  <color>
   Оранжевый
  </color>
  <material>
   Шелк
  </material>
  <price>
   588635
  </price>
  <rating>
   2.33
  </rating>
  <reviews>
   217768
  </reviews>
  <new>
   -
  </new>
  <exclusive>
   yes
  </exclusive>
 </clothing>
 <clothing>
  <id>
   606407400
  </id>
  <name>
   PleinSport Shirt Y-7847
  </name>
  <category>
   Shirt
  </category>
  <size>
   XXL
  </size>
  <color>
   Зеленый
  </color>
  <material>
   Шерсть
  </material>
  <price>
   478044
  </price>
  <rating>
   4.51
  </rating>
  <reviews>
   988395
  </reviews>
  <new>
   -
  </new>
  <exclusive>
   yes
  </exclusive>
  <sporty>
   yes
  </sporty>
 </clothing>
 <clothing>
  <id>
   401971145
  </id>
  <name>
   Asics T-shirt P-3177
  </name>
  <category>
   T-shirt
  </category>
  <size>
   S
  </size>
  <color>
   Зеленый
  </color>
  <material>
   Вискоза
  </material>
  <price>
   239111
  </price>
  <rating>
   2.83
  </rating>
  <reviews>
   810218
  </reviews>
  <new>
   +
  </new>
  <exclusive>
   no
  </exclusive>
 </clothing>
 <clothing>
  <id>
   924074119
  </id>
  <name>
   New Balance Umbrellas A-7716
  </name>
  <category>
   Umbrellas
  </category>
  <size>
   S
  </size>
  <color>
   Желтый
  </color>
  <material>
   Кожа
  </material>
  <price>
   746789
  </price>
  <rating>
   2.64
  </rating>
  <reviews>
   605077
  </reviews>
  <exclusive>
   yes
  </exclusive>
  <sporty>
   yes
  </sporty>
 </clothing>
 <clothing>
  <id>
   655667605
  </id>
  <name>
   Ellesse Shoes J-6566
  </name>
  <category>
   Shoes
  </category>
  <size>
   XXL
  </size>
  <color>
   Фиолетовый
  </color>
  <material>
   Полиэстер
  </material>
  <price>
   877121
  </price>
  <rating>
   3.95
  </rating>
  <reviews>
   382053
  </reviews>
  <sporty>
   yes
  </sporty>
 </clothing>
 <clothing>
  <id>
   417335360
  </id>
  <name>
   Fila Socks T-3732
  </name>
  <category>
   Socks
  </category>
  <size>
   M
  </size>
  <color>
   Желтый
  </color>
  <material>
   Шелк
  </material>
  <price>
   971558
  </price>
  <rating>
   3.27
  </rating>
  <reviews>
   357018
  </reviews>
  <exclusive>
   yes
  </exclusive>
 </clothing>
 <clothing>
  <id>
   472515458
  </id>
  <name>
   Brooks Skirt R-4943
  </name>
  <category>
   Skirt
  </category>
  <size>
   S
  </size>
  <color>
   Фиолетовый
  </color>
  <material>
   Шерсть
  </material>
  <price>
   824184
  </price>
  <rating>
   2.98
  </rating>
  <reviews>
   67953
  </reviews>
  <new>
   +
  </new>
  <exclusive>
   no
  </exclusive>
  <sporty>
   yes
  </sporty>
 </clothing>
 <clothing>
  <id>
   475278517
  </id>
  <name>
   Ellesse Hat P-9822
  </name>
  <category>
   Hat
  </category>
  <size>
   XXL
  </size>
  <color>
   Желтый
  </color>
  <material>
   Хлопок
  </material>
  <price>
   229928
  </price>
  <rating>
   2.22
  </rating>
  <reviews>
   765607
  </reviews>
  <exclusive>
   no
  </exclusive>
 </clothing>
 <clothing>
  <id>
   443306575
  </id>
  <name>
   Under Armour T-shirt V-4812
  </name>
  <category>
   T-shirt
  </category>
  <size>
   XXL
  </size>
  <color>
   Синий
  </color>
  <material>
   Лен
  </material>
  <price>
   659562
  </price>
  <rating>
   4.91
  </rating>
  <reviews>
   820725
  </reviews>
  <sporty>
   no
  </sporty>
 </clothing>
 <clothing>
  <id>
   787376811
  </id>
  <name>
   DC Pants R-9247
  </name>
  <category>
   Pants
  </category>
  <size>
   M
  </size>
  <color>
   Оранжевый
  </color>
  <material>
   Кожа
  </material>
  <price>
   920196
  </price>
  <rating>
   2.29
  </rating>
  <reviews>
   318221
  </reviews>
  <new>
   +
  </new>
  <exclusive>
   yes
  </exclusive>
  <sporty>
   yes
  </sporty>
 </clothing>
 <clothing>
  <id>
   531020304
  </id>
  <name>
   Puma Shirt L-4088
  </name>
  <category>
   Shirt
  </category>
  <size>
   M
  </size>
  <color>
   Зеленый
  </color>
  <material>
   Нейлон
  </material>
  <price>
   799953
  </price>
  <rating>
   1.96
  </rating>
  <reviews>
   468982
  </reviews>
  <new>
   -
  </new>
  <exclusive>
   no
  </exclusive>
 </clothing>
 <clothing>
  <id>
   957263345
  </id>
  <name>
   Under Armour Skirt I-6703
  </name>
  <category>
   Skirt
  </category>
  <size>
   L
  </size>
  <color>
   Голубой
  </color>
  <material>
   Шелк
  </material>
  <price>
   912227
  </price>
  <rating>
   4.77
  </rating>
  <reviews>
   676685
  </reviews>
  <new>
   +
  </new>
  <exclusive>
   yes
  </exclusive>
  <sporty>
   no
  </sporty>
 </clothing>
 <clothing>
  <id>
   325542118
  </id>
  <name>
   Vans Jacket T-2357
  </name>
  <category>
   Jacket
  </category>
  <size>
   XXL
  </size>
  <color>
   Фиолетовый
  </color>
  <material>
   Нейлон
  </material>
  <price>
   772595
  </price>
  <rating>
   2.35
  </rating>
  <reviews>
   640393
  </reviews>
  <new>
   +
  </new>
 </clothing>
 <clothing>
  <id>
   511570241
  </id>
  <name>
   Nike Shirt Y-7336
  </name>
  <category>
   Shirt
  </category>
  <size>
   XL
  </size>
  <color>
   Синий
  </color>
  <material>
   Вискоза
  </material>
  <price>
   194411
  </price>
  <rating>
   4.03
  </rating>
  <reviews>
   537427
  </reviews>
  <new>
   -
  </new>
  <exclusive>
   yes
  </exclusive>
  <sporty>
   no
  </sporty>
 </clothing>
 <clothing>
  <id>
   120132526
  </id>
  <name>
   Brooks Shirt M-3448
  </name>
  <category>
   Shirt
  </category>
  <size>
   M
  </size>
  <color>
   Оранжевый
  </color>
  <material>
   Лен
  </material>
  <price>
   242742
  </price>
  <rating>
   2.02
  </rating>
  <reviews>
   845595
  </reviews>
  <exclusive>
   yes
  </exclusive>
 </clothing>
</clothing-items>
