<?xml version="1.0" encoding="utf-8"?>
<clothing-items>
 <clothing>
  <id>
   206040692
  </id>
  <name>
   Nike Gloves J-1881
  </name>
  <category>
   Gloves
  </category>
  <size>
   M
  </size>
  <color>
   Зеленый
  </color>
  <material>
   Кожа
  </material>
  <price>
   349262
  </price>
  <rating>
   1.01
  </rating>
  <reviews>
   848788
  </reviews>
  <new>
   +
  </new>
  <exclusive>
   yes
  </exclusive>
  <sporty>
   no
  </sporty>
 </clothing>
 <clothing>
  <id>
   179153873
  </id>
  <name>
   DC Jacket C-9178
  </name>
  <category>
   Jacket
  </category>
  <size>
   XL
  </size>
  <color>
   Синий
  </color>
  <material>
   Шерсть
  </material>
  <price>
   809074
  </price>
  <rating>
   4.04
  </rating>
  <reviews>
   117086
  </reviews>
  <new>
   -
  </new>
 </clothing>
 <clothing>
  <id>
   804044866
  </id>
  <name>
   Addidas Jacket S-5788
  </name>
  <category>
   Jacket
  </category>
  <size>
   M
  </size>
  <color>
   Оранжевый
  </color>
  <material>
   Кожа
  </material>
  <price>
   511961
  </price>
  <rating>
   4.98
  </rating>
  <reviews>
   285716
  </reviews>
  <new>
   +
  </new>
  <exclusive>
   yes
  </exclusive>
  <sporty>
   no
  </sporty>
 </clothing>
 <clothing>
  <id>
   106382629
  </id>
  <name>
   Brooks T-shirt A-1701
  </name>
  <category>
   T-shirt
  </category>
  <size>
   S
  </size>
  <color>
   Зеленый
  </color>
  <material>
   Нейлон
  </material>
  <price>
   433035
  </price>
  <rating>
   4.12
  </rating>
  <reviews>
   582778
  </reviews>
  <exclusive>
   no
  </exclusive>
  <sporty>
   yes
  </sporty>
 </clothing>
 <clothing>
  <id>
   637859959
  </id>
  <name>
   New Balance Socks U-2789
  </name>
  <category>
   Socks
  </category>
  <size>
   XXL
  </size>
  <color>
   Зеленый
  </color>
  <material>
   Нейлон
  </material>
  <price>
   222284
  </price>
  <rating>
   1.28
  </rating>
  <reviews>
   526606
  </reviews>
  <new>
   -
  </new>
  <exclusive>
   yes
  </exclusive>
  <sporty>
   no
  </sporty>
 </clothing>
 <clothing>
  <id>
   418798713
  </id>
  <name>
   Converse Sweater L-6777
  </name>
  <category>
   Sweater
  </category>
  <size>
   XXL
  </size>
  <color>
   Желтый
  </color>
  <material>
   Лен
  </material>
  <price>
   677658
  </price>
  <rating>
   1.2
  </rating>
  <reviews>
   105985
  </reviews>
  <exclusive>
   yes
  </exclusive>
  <sporty>
   yes
  </sporty>
 </clothing>
 <clothing>
  <id>
   339002746
  </id>
  <name>
   Adidas Hat O-2841
  </name>
  <category>
   Hat
  </category>
  <size>
   L
  </size>
  <color>
   Желтый
  </color>
  <material>
   Нейлон
  </material>
  <price>
   543254
  </price>
  <rating>
   4.59
  </rating>
  <reviews>
   132503
  </reviews>
  <exclusive>
   yes
  </exclusive>
  <sporty>
   yes
  </sporty>
 </clothing>
 <clothing>
  <id>
   147694275
  </id>
  <name>
   New Balance Skirt W-4013
  </name>
  <category>
   Skirt
  </category>
  <size>
   S
  </size>
  <color>
   Синий
  </color>
  <material>
   Полиэстер
  </material>
  <price>
   561434
  </price>
  <rating>
   1.43
  </rating>
  <reviews>
   680428
  </reviews>
  <exclusive>
   yes
  </exclusive>
  <sporty>
   yes
  </sporty>
 </clothing>
 <clothing>
  <id>
   859709878
  </id>
  <name>
   Converse Skirt N-2870
  </name>
  <category>
   Skirt
  </category>
  <size>
   L
  </size>
  <color>
   Фиолетовый
  </color>
  <material>
   Лен
  </material>
  <price>
   655611
  </price>
  <rating>
   1.39
  </rating>
  <reviews>
   593935
  </reviews>
  <new>
   -
  </new>
 </clothing>
 <clothing>
  <id>
   715987398
  </id>
  <name>
   Addidas Sweater T-4275
  </name>
  <category>
   Sweater
  </category>
  <size>
   XXL
  </size>
  <color>
   Фиолетовый
  </color>
  <material>
   Кожа
  </material>
  <price>
   257129
  </price>
  <rating>
   2.43
  </rating>
  <reviews>
   543022
  </reviews>
  <exclusive>
   yes
  </exclusive>
  <sporty>
   no
  </sporty>
 </clothing>
 <clothing>
  <id>
   623912809
  </id>
  <name>
   Nike Belts S-7041
  </name>
  <category>
   Belts
  </category>
  <size>
   M
  </size>
  <color>
   Голубой
  </color>
  <material>
   Хлопок
  </material>
  <price>
   118666
  </price>
  <rating>
   2.45
  </rating>
  <reviews>
   721500
  </reviews>
  <exclusive>
   yes
  </exclusive>
  <sporty>
   no
  </sporty>
 </clothing>
 <clothing>
  <id>
   478226914
  </id>
  <name>
   Reebok T-shirt Y-8575
  </name>
  <category>
   T-shirt
  </category>
  <size>
   XL
  </size>
  <color>
   Фиолетовый
  </color>
  <material>
   Кожа
  </material>
  <price>
   414599
  </price>
  <rating>
   1.76
  </rating>
  <reviews>
   546085
  </reviews>
  <new>
   -
  </new>
  <exclusive>
   no
  </exclusive>
  <sporty>
   no
  </sporty>
 </clothing>
 <clothing>
  <id>
   807776027
  </id>
  <name>
   Vans Sweater R-7530
  </name>
  <category>
   Sweater
  </category>
  <size>
   M
  </size>
  <color>
   Фиолетовый
  </color>
  <material>
   Вискоза
  </material>
  <price>
   647761
  </price>
  <rating>
   1.6
  </rating>
  <reviews>
   4492
  </reviews>
 </clothing>
</clothing-items>
