<?xml version="1.0" encoding="utf-8"?>
<clothing-items>
 <clothing>
  <id>
   618861265
  </id>
  <name>
   Under Armour Jeans V-6727
  </name>
  <category>
   Jeans
  </category>
  <size>
   XL
  </size>
  <color>
   Фиолетовый
  </color>
  <material>
   Шерсть
  </material>
  <price>
   589160
  </price>
  <rating>
   2.03
  </rating>
  <reviews>
   258542
  </reviews>
  <new>
   +
  </new>
  <sporty>
   yes
  </sporty>
 </clothing>
 <clothing>
  <id>
   629736669
  </id>
  <name>
   PleinSport Jeans Q-4450
  </name>
  <category>
   Jeans
  </category>
  <size>
   XXL
  </size>
  <color>
   Синий
  </color>
  <material>
   Полиэстер
  </material>
  <price>
   582831
  </price>
  <rating>
   3.0
  </rating>
  <reviews>
   739367
  </reviews>
  <new>
   -
  </new>
  <exclusive>
   no
  </exclusive>
  <sporty>
   no
  </sporty>
 </clothing>
 <clothing>
  <id>
   739447013
  </id>
  <name>
   Puma Blouse V-1629
  </name>
  <category>
   Blouse
  </category>
  <size>
   M
  </size>
  <color>
   Голубой
  </color>
  <material>
   Лен
  </material>
  <price>
   118407
  </price>
  <rating>
   1.76
  </rating>
  <reviews>
   47732
  </reviews>
 </clothing>
 <clothing>
  <id>
   573358536
  </id>
  <name>
   Addidas Jeans R-7332
  </name>
  <category>
   Jeans
  </category>
  <size>
   XL
  </size>
  <color>
   Красный
  </color>
  <material>
   Шелк
  </material>
  <price>
   423418
  </price>
  <rating>
   3.27
  </rating>
  <reviews>
   810387
  </reviews>
  <sporty>
   yes
  </sporty>
 </clothing>
 <clothing>
  <id>
   618860879
  </id>
  <name>
   Puma Jacket R-3484
  </name>
  <category>
   Jacket
  </category>
  <size>
   S
  </size>
  <color>
   Красный
  </color>
  <material>
   Хлопок
  </material>
  <price>
   700182
  </price>
  <rating>
   1.19
  </rating>
  <reviews>
   778257
  </reviews>
  <new>
   -
  </new>
  <exclusive>
   no
  </exclusive>
 </clothing>
 <clothing>
  <id>
   722079302
  </id>
  <name>
   Fila Hat W-7851
  </name>
  <category>
   Hat
  </category>
  <size>
   M
  </size>
  <color>
   Красный
  </color>
  <material>
   Хлопок
  </material>
  <price>
   739354
  </price>
  <rating>
   4.87
  </rating>
  <reviews>
   3634
  </reviews>
  <exclusive>
   no
  </exclusive>
  <sporty>
   no
  </sporty>
 </clothing>
 <clothing>
  <id>
   220933959
  </id>
  <name>
   Asics Sweater Y-1284
  </name>
  <category>
   Sweater
  </category>
  <size>
   L
  </size>
  <color>
   Оранжевый
  </color>
  <material>
   Вискоза
  </material>
  <price>
   859922
  </price>
  <rating>
   1.95
  </rating>
  <reviews>
   163204
  </reviews>
  <new>
   +
  </new>
  <exclusive>
   no
  </exclusive>
 </clothing>
 <clothing>
  <id>
   469571877
  </id>
  <name>
   Fila Jeans J-7166
  </name>
  <category>
   Jeans
  </category>
  <size>
   M
  </size>
  <color>
   Зеленый
  </color>
  <material>
   Нейлон
  </material>
  <price>
   666370
  </price>
  <rating>
   2.36
  </rating>
  <reviews>
   251507
  </reviews>
  <new>
   +
  </new>
  <sporty>
   yes
  </sporty>
 </clothing>
 <clothing>
  <id>
   957894375
  </id>
  <name>
   Brooks Socks D-6827
  </name>
  <category>
   Socks
  </category>
  <size>
   XXL
  </size>
  <color>
   Красный
  </color>
  <material>
   Нейлон
  </material>
  <price>
   981848
  </price>
  <rating>
   2.91
  </rating>
  <reviews>
   24310
  </reviews>
  <new>
   -
  </new>
  <sporty>
   yes
  </sporty>
 </clothing>
 <clothing>
  <id>
   982202950
  </id>
  <name>
   Brooks Gloves O-5121
  </name>
  <category>
   Gloves
  </category>
  <size>
   XL
  </size>
  <color>
   Голубой
  </color>
  <material>
   Вискоза
  </material>
  <price>
   947799
  </price>
  <rating>
   2.28
  </rating>
  <reviews>
   840388
  </reviews>
  <new>
   -
  </new>
 </clothing>
 <clothing>
  <id>
   387243509
  </id>
  <name>
   Converse Jacket D-3432
  </name>
  <category>
   Jacket
  </category>
  <size>
   S
  </size>
  <color>
   Голубой
  </color>
  <material>
   Хлопок
  </material>
  <price>
   245453
  </price>
  <rating>
   2.11
  </rating>
  <reviews>
   670418
  </reviews>
  <new>
   -
  </new>
  <exclusive>
   yes
  </exclusive>
  <sporty>
   no
  </sporty>
 </clothing>
 <clothing>
  <id>
   189803839
  </id>
  <name>
   Under Armour T-shirt M-5047
  </name>
  <category>
   T-shirt
  </category>
  <size>
   XL
  </size>
  <color>
   Фиолетовый
  </color>
  <material>
   Лен
  </material>
  <price>
   537452
  </price>
  <rating>
   4.98
  </rating>
  <reviews>
   680387
  </reviews>
  <new>
   -
  </new>
  <exclusive>
   yes
  </exclusive>
  <sporty>
   yes
  </sporty>
 </clothing>
 <clothing>
  <id>
   452716153
  </id>
  <name>
   Vans Pants W-5449
  </name>
  <category>
   Pants
  </category>
  <size>
   M
  </size>
  <color>
   Фиолетовый
  </color>
  <material>
   Вискоза
  </material>
  <price>
   786382
  </price>
  <rating>
   1.35
  </rating>
  <reviews>
   265689
  </reviews>
 </clothing>
 <clothing>
  <id>
   867824564
  </id>
  <name>
   PleinSport Gloves B-4216
  </name>
  <category>
   Gloves
  </category>
  <size>
   S
  </size>
  <color>
   Красный
  </color>
  <material>
   Нейлон
  </material>
  <price>
   291989
  </price>
  <rating>
   4.14
  </rating>
  <reviews>
   157377
  </reviews>
 </clothing>
 <clothing>
  <id>
   943199879
  </id>
  <name>
   DC Hat G-9375
  </name>
  <category>
   Hat
  </category>
  <size>
   S
  </size>
  <color>
   Голубой
  </color>
  <material>
   Шелк
  </material>
  <price>
   885473
  </price>
  <rating>
   3.44
  </rating>
  <reviews>
   754626
  </reviews>
  <exclusive>
   no
  </exclusive>
 </clothing>
 <clothing>
  <id>
   699945995
  </id>
  <name>
   Adidas Shirt R-2023
  </name>
  <category>
   Shirt
  </category>
  <size>
   M
  </size>
  <color>
   Зеленый
  </color>
  <material>
   Шерсть
  </material>
  <price>
   189950
  </price>
  <rating>
   3.23
  </rating>
  <reviews>
   7823
  </reviews>
  <new>
   +
  </new>
  <sporty>
   no
  </sporty>
 </clothing>
 <clothing>
  <id>
   383906073
  </id>
  <name>
   Fila Shirt W-5481
  </name>
  <category>
   Shirt
  </category>
  <size>
   XXL
  </size>
  <color>
   Фиолетовый
  </color>
  <material>
   Полиэстер
  </material>
  <price>
   190257
  </price>
  <rating>
   4.31
  </rating>
  <reviews>
   315498
  </reviews>
  <exclusive>
   no
  </exclusive>
 </clothing>
 <clothing>
  <id>
   335647712
  </id>
  <name>
   Ellesse Dress D-7356
  </name>
  <category>
   Dress
  </category>
  <size>
   S
  </size>
  <color>
   Синий
  </color>
  <material>
   Лен
  </material>
  <price>
   542535
  </price>
  <rating>
   2.06
  </rating>
  <reviews>
   295296
  </reviews>
  <new>
   +
  </new>
 </clothing>
 <clothing>
  <id>
   864431149
  </id>
  <name>
   New Balance Socks D-5300
  </name>
  <category>
   Socks
  </category>
  <size>
   S
  </size>
  <color>
   Желтый
  </color>
  <material>
   Полиэстер
  </material>
  <price>
   174102
  </price>
  <rating>
   2.6
  </rating>
  <reviews>
   186882
  </reviews>
  <exclusive>
   no
  </exclusive>
 </clothing>
 <clothing>
  <id>
   835710220
  </id>
  <name>
   Adidas Jacket C-4167
  </name>
  <category>
   Jacket
  </category>
  <size>
   L
  </size>
  <color>
   Красный
  </color>
  <material>
   Вискоза
  </material>
  <price>
   777585
  </price>
  <rating>
   2.98
  </rating>
  <reviews>
   733550
  </reviews>
  <new>
   +
  </new>
  <sporty>
   yes
  </sporty>
 </clothing>
 <clothing>
  <id>
   105977215
  </id>
  <name>
   Converse Blouse S-5670
  </name>
  <category>
   Blouse
  </category>
  <size>
   XL
  </size>
  <color>
   Оранжевый
  </color>
  <material>
   Шерсть
  </material>
  <price>
   822644
  </price>
  <rating>
   4.2
  </rating>
  <reviews>
   965708
  </reviews>
  <new>
   -
  </new>
  <exclusive>
   yes
  </exclusive>
 </clothing>
 <clothing>
  <id>
   939931304
  </id>
  <name>
   Brooks Socks L-6556
  </name>
  <category>
   Socks
  </category>
  <size>
   S
  </size>
  <color>
   Зеленый
  </color>
  <material>
   Нейлон
  </material>
  <price>
   703833
  </price>
  <rating>
   4.05
  </rating>
  <reviews>
   677548
  </reviews>
  <exclusive>
   yes
  </exclusive>
  <sporty>
   no
  </sporty>
 </clothing>
 <clothing>
  <id>
   155918316
  </id>
  <name>
   Nike Socks V-6352
  </name>
  <category>
   Socks
  </category>
  <size>
   XL
  </size>
  <color>
   Синий
  </color>
  <material>
   Шелк
  </material>
  <price>
   743590
  </price>
  <rating>
   3.03
  </rating>
  <reviews>
   342712
  </reviews>
  <new>
   -
  </new>
  <exclusive>
   yes
  </exclusive>
  <sporty>
   yes
  </sporty>
 </clothing>
 <clothing>
  <id>
   593704849
  </id>
  <name>
   Adidas Pants C-4215
  </name>
  <category>
   Pants
  </category>
  <size>
   XXL
  </size>
  <color>
   Оранжевый
  </color>
  <material>
   Вискоза
  </material>
  <price>
   660017
  </price>
  <rating>
   4.63
  </rating>
  <reviews>
   593331
  </reviews>
  <new>
   +
  </new>
  <exclusive>
   yes
  </exclusive>
 </clothing>
 <clothing>
  <id>
   134579873
  </id>
  <name>
   Brooks Gloves V-7934
  </name>
  <category>
   Gloves
  </category>
  <size>
   M
  </size>
  <color>
   Фиолетовый
  </color>
  <material>
   Лен
  </material>
  <price>
   947723
  </price>
  <rating>
   1.82
  </rating>
  <reviews>
   313938
  </reviews>
  <new>
   -
  </new>
  <exclusive>
   yes
  </exclusive>
  <sporty>
   no
  </sporty>
 </clothing>
 <clothing>
  <id>
   738386604
  </id>
  <name>
   Lacoste Handbags V-2315
  </name>
  <category>
   Handbags
  </category>
  <size>
   S
  </size>
  <color>
   Синий
  </color>
  <material>
   Нейлон
  </material>
  <price>
   559126
  </price>
  <rating>
   4.88
  </rating>
  <reviews>
   781728
  </reviews>
  <exclusive>
   yes
  </exclusive>
  <sporty>
   no
  </sporty>
 </clothing>
 <clothing>
  <id>
   544232530
  </id>
  <name>
   Puma Jacket V-8888
  </name>
  <category>
   Jacket
  </category>
  <size>
   XXL
  </size>
  <color>
   Красный
  </color>
  <material>
   Лен
  </material>
  <price>
   371537
  </price>
  <rating>
   2.57
  </rating>
  <reviews>
   413207
  </reviews>
  <exclusive>
   no
  </exclusive>
  <sporty>
   yes
  </sporty>
 </clothing>
 <clothing>
  <id>
   938684450
  </id>
  <name>
   Brooks Shirt Y-2748
  </name>
  <category>
   Shirt
  </category>
  <size>
   XXL
  </size>
  <color>
   Оранжевый
  </color>
  <material>
   Лен
  </material>
  <price>
   217510
  </price>
  <rating>
   4.38
  </rating>
  <reviews>
   548088
  </reviews>
  <exclusive>
   yes
  </exclusive>
  <sporty>
   no
  </sporty>
 </clothing>
 <clothing>
  <id>
   966026190
  </id>
  <name>
   Brooks Jeans K-3997
  </name>
  <category>
   Jeans
  </category>
  <size>
   S
  </size>
  <color>
   Зеленый
  </color>
  <material>
   Кожа
  </material>
  <price>
   319940
  </price>
  <rating>
   3.15
  </rating>
  <reviews>
   838654
  </reviews>
  <new>
   -
  </new>
  <sporty>
   no
  </sporty>
 </clothing>
 <clothing>
  <id>
   672773723
  </id>
  <name>
   Asics Hat V-2005
  </name>
  <category>
   Hat
  </category>
  <size>
   XXL
  </size>
  <color>
   Фиолетовый
  </color>
  <material>
   Вискоза
  </material>
  <price>
   189464
  </price>
  <rating>
   1.42
  </rating>
  <reviews>
   136369
  </reviews>
  <exclusive>
   no
  </exclusive>
 </clothing>
 <clothing>
  <id>
   796245988
  </id>
  <name>
   DC Dress A-2097
  </name>
  <category>
   Dress
  </category>
  <size>
   XL
  </size>
  <color>
   Оранжевый
  </color>
  <material>
   Кожа
  </material>
  <price>
   392326
  </price>
  <rating>
   1.2
  </rating>
  <reviews>
   754135
  </reviews>
  <new>
   -
  </new>
  <exclusive>
   no
  </exclusive>
 </clothing>
 <clothing>
  <id>
   417657176
  </id>
  <name>
   Brooks Socks Z-1417
  </name>
  <category>
   Socks
  </category>
  <size>
   XL
  </size>
  <color>
   Зеленый
  </color>
  <material>
   Нейлон
  </material>
  <price>
   961300
  </price>
  <rating>
   2.43
  </rating>
  <reviews>
   553662
  </reviews>
 </clothing>
 <clothing>
  <id>
   182374235
  </id>
  <name>
   PleinSport Umbrellas R-5318
  </name>
  <category>
   Umbrellas
  </category>
  <size>
   XL
  </size>
  <color>
   Фиолетовый
  </color>
  <material>
   Полиэстер
  </material>
  <price>
   221614
  </price>
  <rating>
   3.02
  </rating>
  <reviews>
   657395
  </reviews>
  <new>
   -
  </new>
  <exclusive>
   no
  </exclusive>
  <sporty>
   yes
  </sporty>
 </clothing>
 <clothing>
  <id>
   942590607
  </id>
  <name>
   Asics Jacket D-5986
  </name>
  <category>
   Jacket
  </category>
  <size>
   M
  </size>
  <color>
   Синий
  </color>
  <material>
   Кожа
  </material>
  <price>
   877394
  </price>
  <rating>
   3.14
  </rating>
  <reviews>
   24924
  </reviews>
  <new>
   -
  </new>
  <exclusive>
   no
  </exclusive>
  <sporty>
   yes
  </sporty>
 </clothing>
 <clothing>
  <id>
   463404447
  </id>
  <name>
   Lacoste Belts M-8991
  </name>
  <category>
   Belts
  </category>
  <size>
   M
  </size>
  <color>
   Оранжевый
  </color>
  <material>
   Хлопок
  </material>
  <price>
   797187
  </price>
  <rating>
   4.53
  </rating>
  <reviews>
   134564
  </reviews>
  <new>
   -
  </new>
 </clothing>
 <clothing>
  <id>
   150678866
  </id>
  <name>
   Under Armour Gloves I-1639
  </name>
  <category>
   Gloves
  </category>
  <size>
   XL
  </size>
  <color>
   Фиолетовый
  </color>
  <material>
   Шелк
  </material>
  <price>
   211528
  </price>
  <rating>
   4.68
  </rating>
  <reviews>
   950038
  </reviews>
  <sporty>
   yes
  </sporty>
 </clothing>
 <clothing>
  <id>
   817007483
  </id>
  <name>
   PleinSport Shirt N-8381
  </name>
  <category>
   Shirt
  </category>
  <size>
   XXL
  </size>
  <color>
   Оранжевый
  </color>
  <material>
   Полиэстер
  </material>
  <price>
   906469
  </price>
  <rating>
   2.2
  </rating>
  <reviews>
   314241
  </reviews>
  <new>
   -
  </new>
  <exclusive>
   no
  </exclusive>
  <sporty>
   yes
  </sporty>
 </clothing>
 <clothing>
  <id>
   347177697
  </id>
  <name>
   Vans Shirt Z-4382
  </name>
  <category>
   Shirt
  </category>
  <size>
   XXL
  </size>
  <color>
   Синий
  </color>
  <material>
   Нейлон
  </material>
  <price>
   755654
  </price>
  <rating>
   1.74
  </rating>
  <reviews>
   564706
  </reviews>
  <new>
   +
  </new>
  <sporty>
   no
  </sporty>
 </clothing>
 <clothing>
  <id>
   246097193
  </id>
  <name>
   Vans Handbags L-3337
  </name>
  <category>
   Handbags
  </category>
  <size>
   XL
  </size>
  <color>
   Желтый
  </color>
  <material>
   Вискоза
  </material>
  <price>
   894388
  </price>
  <rating>
   4.46
  </rating>
  <reviews>
   896443
  </reviews>
  <new>
   -
  </new>
  <exclusive>
   no
  </exclusive>
 </clothing>
 <clothing>
  <id>
   727504776
  </id>
  <name>
   Reebok Hat D-1520
  </name>
  <category>
   Hat
  </category>
  <size>
   M
  </size>
  <color>
   Фиолетовый
  </color>
  <material>
   Вискоза
  </material>
  <price>
   745591
  </price>
  <rating>
   2.17
  </rating>
  <reviews>
   593838
  </reviews>
  <exclusive>
   no
  </exclusive>
  <sporty>
   yes
  </sporty>
 </clothing>
 <clothing>
  <id>
   316365929
  </id>
  <name>
   Nike Shirt Z-6740
  </name>
  <category>
   Shirt
  </category>
  <size>
   L
  </size>
  <color>
   Красный
  </color>
  <material>
   Кожа
  </material>
  <price>
   378512
  </price>
  <rating>
   4.41
  </rating>
  <reviews>
   334576
  </reviews>
  <new>
   -
  </new>
  <exclusive>
   yes
  </exclusive>
  <sporty>
   no
  </sporty>
 </clothing>
 <clothing>
  <id>
   772023361
  </id>
  <name>
   Under Armour Jacket G-4715
  </name>
  <category>
   Jacket
  </category>
  <size>
   L
  </size>
  <color>
   Красный
  </color>
  <material>
   Нейлон
  </material>
  <price>
   419799
  </price>
  <rating>
   3.77
  </rating>
  <reviews>
   946936
  </reviews>
  <new>
   +
  </new>
  <exclusive>
   yes
  </exclusive>
 </clothing>
 <clothing>
  <id>
   495095514
  </id>
  <name>
   Puma Dress G-4249
  </name>
  <category>
   Dress
  </category>
  <size>
   M
  </size>
  <color>
   Оранжевый
  </color>
  <material>
   Хлопок
  </material>
  <price>
   275404
  </price>
  <rating>
   3.5
  </rating>
  <reviews>
   173219
  </reviews>
  <new>
   -
  </new>
  <exclusive>
   no
  </exclusive>
 </clothing>
 <clothing>
  <id>
   583038193
  </id>
  <name>
   Vans Belts C-1230
  </name>
  <category>
   Belts
  </category>
  <size>
   L
  </size>
  <color>
   Зеленый
  </color>
  <material>
   Полиэстер
  </material>
  <price>
   921501
  </price>
  <rating>
   2.05
  </rating>
  <reviews>
   479623
  </reviews>
  <sporty>
   yes
  </sporty>
 </clothing>
 <clothing>
  <id>
   405746264
  </id>
  <name>
   Brooks Dress A-2926
  </name>
  <category>
   Dress
  </category>
  <size>
   L
  </size>
  <color>
   Красный
  </color>
  <material>
   Шерсть
  </material>
  <price>
   804258
  </price>
  <rating>
   4.71
  </rating>
  <reviews>
   91108
  </reviews>
  <sporty>
   no
  </sporty>
 </clothing>
 <clothing>
  <id>
   776354810
  </id>
  <name>
   DC Handbags E-8574
  </name>
  <category>
   Handbags
  </category>
  <size>
   L
  </size>
  <color>
   Желтый
  </color>
  <material>
   Шелк
  </material>
  <price>
   853081
  </price>
  <rating>
   1.53
  </rating>
  <reviews>
   81433
  </reviews>
  <exclusive>
   no
  </exclusive>
 </clothing>
 <clothing>
  <id>
   486892633
  </id>
  <name>
   Adidas Shoes J-9664
  </name>
  <category>
   Shoes
  </category>
  <size>
   L
  </size>
  <color>
   Красный
  </color>
  <material>
   Нейлон
  </material>
  <price>
   700773
  </price>
  <rating>
   1.28
  </rating>
  <reviews>
   950197
  </reviews>
  <new>
   -
  </new>
  <exclusive>
   yes
  </exclusive>
  <sporty>
   yes
  </sporty>
 </clothing>
</clothing-items>
