<?xml version="1.0" encoding="utf-8"?>
<clothing-items>
 <clothing>
  <id>
   412994460
  </id>
  <name>
   Puma Sweater V-5823
  </name>
  <category>
   Sweater
  </category>
  <size>
   L
  </size>
  <color>
   Зеленый
  </color>
  <material>
   Вискоза
  </material>
  <price>
   187558
  </price>
  <rating>
   3.41
  </rating>
  <reviews>
   381561
  </reviews>
  <new>
   -
  </new>
  <sporty>
   no
  </sporty>
 </clothing>
 <clothing>
  <id>
   111759490
  </id>
  <name>
   Converse Sweater G-5052
  </name>
  <category>
   Sweater
  </category>
  <size>
   S
  </size>
  <color>
   Оранжевый
  </color>
  <material>
   Полиэстер
  </material>
  <price>
   375504
  </price>
  <rating>
   1.04
  </rating>
  <reviews>
   619409
  </reviews>
 </clothing>
 <clothing>
  <id>
   702602576
  </id>
  <name>
   Lacoste Skirt E-3323
  </name>
  <category>
   Skirt
  </category>
  <size>
   L
  </size>
  <color>
   Синий
  </color>
  <material>
   Кожа
  </material>
  <price>
   429726
  </price>
  <rating>
   3.82
  </rating>
  <reviews>
   847934
  </reviews>
 </clothing>
 <clothing>
  <id>
   681575117
  </id>
  <name>
   Converse Shirt G-8035
  </name>
  <category>
   Shirt
  </category>
  <size>
   S
  </size>
  <color>
   Синий
  </color>
  <material>
   Шелк
  </material>
  <price>
   178333
  </price>
  <rating>
   1.47
  </rating>
  <reviews>
   742531
  </reviews>
  <exclusive>
   yes
  </exclusive>
  <sporty>
   no
  </sporty>
 </clothing>
 <clothing>
  <id>
   137872997
  </id>
  <name>
   Asics Blouse A-1688
  </name>
  <category>
   Blouse
  </category>
  <size>
   XL
  </size>
  <color>
   Синий
  </color>
  <material>
   Нейлон
  </material>
  <price>
   768189
  </price>
  <rating>
   2.68
  </rating>
  <reviews>
   673840
  </reviews>
  <sporty>
   no
  </sporty>
 </clothing>
 <clothing>
  <id>
   233123398
  </id>
  <name>
   Brooks Handbags F-4067
  </name>
  <category>
   Handbags
  </category>
  <size>
   XL
  </size>
  <color>
   Красный
  </color>
  <material>
   Нейлон
  </material>
  <price>
   581499
  </price>
  <rating>
   4.61
  </rating>
  <reviews>
   805484
  </reviews>
  <new>
   -
  </new>
 </clothing>
 <clothing>
  <id>
   214111107
  </id>
  <name>
   Puma Gloves G-4079
  </name>
  <category>
   Gloves
  </category>
  <size>
   XXL
  </size>
  <color>
   Оранжевый
  </color>
  <material>
   Нейлон
  </material>
  <price>
   322581
  </price>
  <rating>
   3.21
  </rating>
  <reviews>
   618220
  </reviews>
  <new>
   -
  </new>
 </clothing>
 <clothing>
  <id>
   238860333
  </id>
  <name>
   DC T-shirt G-1468
  </name>
  <category>
   T-shirt
  </category>
  <size>
   XL
  </size>
  <color>
   Зеленый
  </color>
  <material>
   Лен
  </material>
  <price>
   208335
  </price>
  <rating>
   4.38
  </rating>
  <reviews>
   528649
  </reviews>
  <new>
   +
  </new>
  <exclusive>
   no
  </exclusive>
  <sporty>
   yes
  </sporty>
 </clothing>
 <clothing>
  <id>
   349042345
  </id>
  <name>
   Fila Handbags G-4721
  </name>
  <category>
   Handbags
  </category>
  <size>
   L
  </size>
  <color>
   Красный
  </color>
  <material>
   Шерсть
  </material>
  <price>
   729476
  </price>
  <rating>
   4.42
  </rating>
  <reviews>
   96959
  </reviews>
  <new>
   +
  </new>
  <exclusive>
   no
  </exclusive>
  <sporty>
   yes
  </sporty>
 </clothing>
 <clothing>
  <id>
   882997598
  </id>
  <name>
   Ellesse Gloves Y-8437
  </name>
  <category>
   Gloves
  </category>
  <size>
   S
  </size>
  <color>
   Желтый
  </color>
  <material>
   Вискоза
  </material>
  <price>
   467935
  </price>
  <rating>
   1.73
  </rating>
  <reviews>
   250819
  </reviews>
  <exclusive>
   yes
  </exclusive>
  <sporty>
   yes
  </sporty>
 </clothing>
 <clothing>
  <id>
   243155568
  </id>
  <name>
   DC Umbrellas S-8472
  </name>
  <category>
   Umbrellas
  </category>
  <size>
   M
  </size>
  <color>
   Фиолетовый
  </color>
  <material>
   Шерсть
  </material>
  <price>
   522045
  </price>
  <rating>
   1.39
  </rating>
  <reviews>
   706109
  </reviews>
  <new>
   -
  </new>
  <exclusive>
   yes
  </exclusive>
  <sporty>
   no
  </sporty>
 </clothing>
 <clothing>
  <id>
   886935670
  </id>
  <name>
   Fila Umbrellas F-2611
  </name>
  <category>
   Umbrellas
  </category>
  <size>
   M
  </size>
  <color>
   Желтый
  </color>
  <material>
   Вискоза
  </material>
  <price>
   629430
  </price>
  <rating>
   3.81
  </rating>
  <reviews>
   241259
  </reviews>
  <exclusive>
   yes
  </exclusive>
  <sporty>
   no
  </sporty>
 </clothing>
 <clothing>
  <id>
   318517297
  </id>
  <name>
   Reebok T-shirt W-8396
  </name>
  <category>
   T-shirt
  </category>
  <size>
   L
  </size>
  <color>
   Оранжевый
  </color>
  <material>
   Лен
  </material>
  <price>
   473879
  </price>
  <rating>
   3.06
  </rating>
  <reviews>
   277770
  </reviews>
  <exclusive>
   yes
  </exclusive>
 </clothing>
 <clothing>
  <id>
   199659093
  </id>
  <name>
   Reebok Handbags O-8708
  </name>
  <category>
   Handbags
  </category>
  <size>
   L
  </size>
  <color>
   Красный
  </color>
  <material>
   Нейлон
  </material>
  <price>
   765325
  </price>
  <rating>
   1.56
  </rating>
  <reviews>
   45877
  </reviews>
  <exclusive>
   no
  </exclusive>
  <sporty>
   no
  </sporty>
 </clothing>
 <clothing>
  <id>
   570406750
  </id>
  <name>
   Lacoste Umbrellas H-7747
  </name>
  <category>
   Umbrellas
  </category>
  <size>
   XL
  </size>
  <color>
   Зеленый
  </color>
  <material>
   Хлопок
  </material>
  <price>
   535800
  </price>
  <rating>
   2.87
  </rating>
  <reviews>
   76841
  </reviews>
  <exclusive>
   no
  </exclusive>
  <sporty>
   no
  </sporty>
 </clothing>
 <clothing>
  <id>
   235721541
  </id>
  <name>
   Addidas Socks L-4458
  </name>
  <category>
   Socks
  </category>
  <size>
   L
  </size>
  <color>
   Желтый
  </color>
  <material>
   Шелк
  </material>
  <price>
   464665
  </price>
  <rating>
   4.76
  </rating>
  <reviews>
   971928
  </reviews>
  <exclusive>
   no
  </exclusive>
  <sporty>
   no
  </sporty>
 </clothing>
 <clothing>
  <id>
   843172694
  </id>
  <name>
   New Balance Pants D-6097
  </name>
  <category>
   Pants
  </category>
  <size>
   XXL
  </size>
  <color>
   Оранжевый
  </color>
  <material>
   Шелк
  </material>
  <price>
   217725
  </price>
  <rating>
   4.18
  </rating>
  <reviews>
   547922
  </reviews>
  <new>
   -
  </new>
  <sporty>
   no
  </sporty>
 </clothing>
 <clothing>
  <id>
   661172831
  </id>
  <name>
   DC Shirt C-7562
  </name>
  <category>
   Shirt
  </category>
  <size>
   M
  </size>
  <color>
   Фиолетовый
  </color>
  <material>
   Хлопок
  </material>
  <price>
   612178
  </price>
  <rating>
   4.21
  </rating>
  <reviews>
   730544
  </reviews>
  <exclusive>
   yes
  </exclusive>
  <sporty>
   yes
  </sporty>
 </clothing>
 <clothing>
  <id>
   633281422
  </id>
  <name>
   PleinSport Jeans P-8427
  </name>
  <category>
   Jeans
  </category>
  <size>
   L
  </size>
  <color>
   Синий
  </color>
  <material>
   Шерсть
  </material>
  <price>
   960076
  </price>
  <rating>
   2.23
  </rating>
  <reviews>
   848933
  </reviews>
  <new>
   +
  </new>
  <sporty>
   no
  </sporty>
 </clothing>
 <clothing>
  <id>
   680723932
  </id>
  <name>
   Lacoste Handbags J-7581
  </name>
  <category>
   Handbags
  </category>
  <size>
   S
  </size>
  <color>
   Голубой
  </color>
  <material>
   Кожа
  </material>
  <price>
   753773
  </price>
  <rating>
   2.14
  </rating>
  <reviews>
   973686
  </reviews>
  <exclusive>
   no
  </exclusive>
 </clothing>
 <clothing>
  <id>
   202048839
  </id>
  <name>
   Under Armour Dress K-8785
  </name>
  <category>
   Dress
  </category>
  <size>
   S
  </size>
  <color>
   Фиолетовый
  </color>
  <material>
   Шелк
  </material>
  <price>
   393136
  </price>
  <rating>
   3.76
  </rating>
  <reviews>
   838828
  </reviews>
  <new>
   +
  </new>
  <exclusive>
   no
  </exclusive>
 </clothing>
 <clothing>
  <id>
   779970837
  </id>
  <name>
   Converse Shoes T-8139
  </name>
  <category>
   Shoes
  </category>
  <size>
   XL
  </size>
  <color>
   Синий
  </color>
  <material>
   Шелк
  </material>
  <price>
   436706
  </price>
  <rating>
   3.01
  </rating>
  <reviews>
   632378
  </reviews>
  <sporty>
   no
  </sporty>
 </clothing>
 <clothing>
  <id>
   739916222
  </id>
  <name>
   Puma T-shirt J-3178
  </name>
  <category>
   T-shirt
  </category>
  <size>
   S
  </size>
  <color>
   Фиолетовый
  </color>
  <material>
   Вискоза
  </material>
  <price>
   521958
  </price>
  <rating>
   1.66
  </rating>
  <reviews>
   586297
  </reviews>
  <exclusive>
   yes
  </exclusive>
  <sporty>
   no
  </sporty>
 </clothing>
 <clothing>
  <id>
   737742902
  </id>
  <name>
   DC Belts Y-6124
  </name>
  <category>
   Belts
  </category>
  <size>
   XXL
  </size>
  <color>
   Оранжевый
  </color>
  <material>
   Шелк
  </material>
  <price>
   573997
  </price>
  <rating>
   3.45
  </rating>
  <reviews>
   78689
  </reviews>
  <new>
   -
  </new>
  <exclusive>
   yes
  </exclusive>
 </clothing>
 <clothing>
  <id>
   877183867
  </id>
  <name>
   Puma Jacket U-2856
  </name>
  <category>
   Jacket
  </category>
  <size>
   XXL
  </size>
  <color>
   Фиолетовый
  </color>
  <material>
   Шелк
  </material>
  <price>
   310431
  </price>
  <rating>
   4.89
  </rating>
  <reviews>
   63118
  </reviews>
  <new>
   +
  </new>
  <exclusive>
   no
  </exclusive>
 </clothing>
 <clothing>
  <id>
   932002621
  </id>
  <name>
   Under Armour Socks V-4348
  </name>
  <category>
   Socks
  </category>
  <size>
   XXL
  </size>
  <color>
   Фиолетовый
  </color>
  <material>
   Шерсть
  </material>
  <price>
   628761
  </price>
  <rating>
   1.67
  </rating>
  <reviews>
   126327
  </reviews>
  <new>
   -
  </new>
  <sporty>
   no
  </sporty>
 </clothing>
 <clothing>
  <id>
   181981601
  </id>
  <name>
   PleinSport Shoes X-3464
  </name>
  <category>
   Shoes
  </category>
  <size>
   XL
  </size>
  <color>
   Синий
  </color>
  <material>
   Шерсть
  </material>
  <price>
   948484
  </price>
  <rating>
   1.31
  </rating>
  <reviews>
   447705
  </reviews>
  <exclusive>
   yes
  </exclusive>
  <sporty>
   yes
  </sporty>
 </clothing>
 <clothing>
  <id>
   634159401
  </id>
  <name>
   Fila Handbags X-7875
  </name>
  <category>
   Handbags
  </category>
  <size>
   L
  </size>
  <color>
   Голубой
  </color>
  <material>
   Шерсть
  </material>
  <price>
   602661
  </price>
  <rating>
   1.06
  </rating>
  <reviews>
   86245
  </reviews>
  <exclusive>
   no
  </exclusive>
  <sporty>
   no
  </sporty>
 </clothing>
 <clothing>
  <id>
   122401391
  </id>
  <name>
   New Balance Jacket Y-5782
  </name>
  <category>
   Jacket
  </category>
  <size>
   S
  </size>
  <color>
   Голубой
  </color>
  <material>
   Хлопок
  </material>
  <price>
   944286
  </price>
  <rating>
   4.27
  </rating>
  <reviews>
   192210
  </reviews>
  <new>
   -
  </new>
  <sporty>
   no
  </sporty>
 </clothing>
 <clothing>
  <id>
   284082268
  </id>
  <name>
   Asics Jacket H-4401
  </name>
  <category>
   Jacket
  </category>
  <size>
   L
  </size>
  <color>
   Оранжевый
  </color>
  <material>
   Кожа
  </material>
  <price>
   723817
  </price>
  <rating>
   4.33
  </rating>
  <reviews>
   969313
  </reviews>
  <new>
   -
  </new>
  <sporty>
   no
  </sporty>
 </clothing>
 <clothing>
  <id>
   361388529
  </id>
  <name>
   Brooks Shoes V-4436
  </name>
  <category>
   Shoes
  </category>
  <size>
   L
  </size>
  <color>
   Синий
  </color>
  <material>
   Шерсть
  </material>
  <price>
   149685
  </price>
  <rating>
   2.26
  </rating>
  <reviews>
   584579
  </reviews>
  <new>
   +
  </new>
  <exclusive>
   no
  </exclusive>
 </clothing>
 <clothing>
  <id>
   422553030
  </id>
  <name>
   Under Armour Blouse L-6515
  </name>
  <category>
   Blouse
  </category>
  <size>
   S
  </size>
  <color>
   Фиолетовый
  </color>
  <material>
   Шерсть
  </material>
  <price>
   940748
  </price>
  <rating>
   3.57
  </rating>
  <reviews>
   319477
  </reviews>
  <sporty>
   no
  </sporty>
 </clothing>
 <clothing>
  <id>
   971067948
  </id>
  <name>
   Puma Gloves M-2487
  </name>
  <category>
   Gloves
  </category>
  <size>
   L
  </size>
  <color>
   Голубой
  </color>
  <material>
   Хлопок
  </material>
  <price>
   323792
  </price>
  <rating>
   4.18
  </rating>
  <reviews>
   902250
  </reviews>
  <new>
   -
  </new>
  <sporty>
   no
  </sporty>
 </clothing>
 <clothing>
  <id>
   358957401
  </id>
  <name>
   Asics Pants Z-9721
  </name>
  <category>
   Pants
  </category>
  <size>
   M
  </size>
  <color>
   Оранжевый
  </color>
  <material>
   Вискоза
  </material>
  <price>
   950247
  </price>
  <rating>
   1.95
  </rating>
  <reviews>
   666147
  </reviews>
  <new>
   +
  </new>
  <exclusive>
   no
  </exclusive>
  <sporty>
   yes
  </sporty>
 </clothing>
 <clothing>
  <id>
   293075195
  </id>
  <name>
   Lacoste Hat A-8670
  </name>
  <category>
   Hat
  </category>
  <size>
   M
  </size>
  <color>
   Зеленый
  </color>
  <material>
   Хлопок
  </material>
  <price>
   869028
  </price>
  <rating>
   4.36
  </rating>
  <reviews>
   709182
  </reviews>
  <sporty>
   yes
  </sporty>
 </clothing>
 <clothing>
  <id>
   128908177
  </id>
  <name>
   Fila Belts L-2750
  </name>
  <category>
   Belts
  </category>
  <size>
   XXL
  </size>
  <color>
   Оранжевый
  </color>
  <material>
   Нейлон
  </material>
  <price>
   783728
  </price>
  <rating>
   4.62
  </rating>
  <reviews>
   126634
  </reviews>
  <exclusive>
   yes
  </exclusive>
  <sporty>
   no
  </sporty>
 </clothing>
 <clothing>
  <id>
   443173018
  </id>
  <name>
   Brooks Blouse O-7760
  </name>
  <category>
   Blouse
  </category>
  <size>
   S
  </size>
  <color>
   Красный
  </color>
  <material>
   Шелк
  </material>
  <price>
   791128
  </price>
  <rating>
   2.43
  </rating>
  <reviews>
   5133
  </reviews>
  <new>
   -
  </new>
  <exclusive>
   no
  </exclusive>
  <sporty>
   no
  </sporty>
 </clothing>
 <clothing>
  <id>
   901735095
  </id>
  <name>
   Asics Dress T-9943
  </name>
  <category>
   Dress
  </category>
  <size>
   L
  </size>
  <color>
   Голубой
  </color>
  <material>
   Шелк
  </material>
  <price>
   625289
  </price>
  <rating>
   4.98
  </rating>
  <reviews>
   529549
  </reviews>
  <exclusive>
   no
  </exclusive>
 </clothing>
 <clothing>
  <id>
   328515352
  </id>
  <name>
   Addidas Pants E-8690
  </name>
  <category>
   Pants
  </category>
  <size>
   S
  </size>
  <color>
   Желтый
  </color>
  <material>
   Хлопок
  </material>
  <price>
   245162
  </price>
  <rating>
   4.37
  </rating>
  <reviews>
   46294
  </reviews>
  <exclusive>
   yes
  </exclusive>
  <sporty>
   no
  </sporty>
 </clothing>
 <clothing>
  <id>
   770667027
  </id>
  <name>
   Lacoste Jeans C-7951
  </name>
  <category>
   Jeans
  </category>
  <size>
   M
  </size>
  <color>
   Фиолетовый
  </color>
  <material>
   Хлопок
  </material>
  <price>
   331262
  </price>
  <rating>
   2.54
  </rating>
  <reviews>
   812848
  </reviews>
  <new>
   +
  </new>
 </clothing>
 <clothing>
  <id>
   517051499
  </id>
  <name>
   Nike Blouse J-8939
  </name>
  <category>
   Blouse
  </category>
  <size>
   XL
  </size>
  <color>
   Голубой
  </color>
  <material>
   Лен
  </material>
  <price>
   737574
  </price>
  <rating>
   3.35
  </rating>
  <reviews>
   463348
  </reviews>
  <new>
   +
  </new>
  <exclusive>
   no
  </exclusive>
 </clothing>
 <clothing>
  <id>
   206393985
  </id>
  <name>
   Converse Umbrellas Q-1881
  </name>
  <category>
   Umbrellas
  </category>
  <size>
   XL
  </size>
  <color>
   Голубой
  </color>
  <material>
   Нейлон
  </material>
  <price>
   326050
  </price>
  <rating>
   2.92
  </rating>
  <reviews>
   865276
  </reviews>
  <new>
   +
  </new>
  <sporty>
   no
  </sporty>
 </clothing>
 <clothing>
  <id>
   107697645
  </id>
  <name>
   Under Armour Shoes X-3110
  </name>
  <category>
   Shoes
  </category>
  <size>
   XL
  </size>
  <color>
   Голубой
  </color>
  <material>
   Шерсть
  </material>
  <price>
   334271
  </price>
  <rating>
   2.73
  </rating>
  <reviews>
   856052
  </reviews>
  <exclusive>
   no
  </exclusive>
  <sporty>
   no
  </sporty>
 </clothing>
</clothing-items>
