<?xml version="1.0" encoding="utf-8"?>
<clothing-items>
 <clothing>
  <id>
   314753676
  </id>
  <name>
   Brooks Skirt P-7023
  </name>
  <category>
   Skirt
  </category>
  <size>
   M
  </size>
  <color>
   Синий
  </color>
  <material>
   Шелк
  </material>
  <price>
   678407
  </price>
  <rating>
   2.24
  </rating>
  <reviews>
   545949
  </reviews>
  <new>
   +
  </new>
  <exclusive>
   yes
  </exclusive>
  <sporty>
   yes
  </sporty>
 </clothing>
 <clothing>
  <id>
   913531046
  </id>
  <name>
   Lacoste Handbags S-6774
  </name>
  <category>
   Handbags
  </category>
  <size>
   M
  </size>
  <color>
   Желтый
  </color>
  <material>
   Шелк
  </material>
  <price>
   696721
  </price>
  <rating>
   2.39
  </rating>
  <reviews>
   658110
  </reviews>
  <new>
   -
  </new>
  <exclusive>
   no
  </exclusive>
  <sporty>
   no
  </sporty>
 </clothing>
 <clothing>
  <id>
   439153006
  </id>
  <name>
   New Balance T-shirt B-8841
  </name>
  <category>
   T-shirt
  </category>
  <size>
   L
  </size>
  <color>
   Зеленый
  </color>
  <material>
   Кожа
  </material>
  <price>
   221736
  </price>
  <rating>
   4.9
  </rating>
  <reviews>
   22075
  </reviews>
  <exclusive>
   no
  </exclusive>
  <sporty>
   no
  </sporty>
 </clothing>
 <clothing>
  <id>
   533624470
  </id>
  <name>
   Vans Belts H-2116
  </name>
  <category>
   Belts
  </category>
  <size>
   L
  </size>
  <color>
   Красный
  </color>
  <material>
   Полиэстер
  </material>
  <price>
   237475
  </price>
  <rating>
   3.37
  </rating>
  <reviews>
   368591
  </reviews>
  <exclusive>
   no
  </exclusive>
 </clothing>
 <clothing>
  <id>
   536116638
  </id>
  <name>
   New Balance Handbags H-7878
  </name>
  <category>
   Handbags
  </category>
  <size>
   XL
  </size>
  <color>
   Оранжевый
  </color>
  <material>
   Нейлон
  </material>
  <price>
   866168
  </price>
  <rating>
   4.81
  </rating>
  <reviews>
   347117
  </reviews>
  <exclusive>
   no
  </exclusive>
  <sporty>
   yes
  </sporty>
 </clothing>
 <clothing>
  <id>
   246191299
  </id>
  <name>
   DC T-shirt K-6401
  </name>
  <category>
   T-shirt
  </category>
  <size>
   XXL
  </size>
  <color>
   Красный
  </color>
  <material>
   Вискоза
  </material>
  <price>
   980959
  </price>
  <rating>
   3.74
  </rating>
  <reviews>
   644811
  </reviews>
  <exclusive>
   yes
  </exclusive>
 </clothing>
 <clothing>
  <id>
   702938261
  </id>
  <name>
   Brooks Socks Q-2723
  </name>
  <category>
   Socks
  </category>
  <size>
   XL
  </size>
  <color>
   Синий
  </color>
  <material>
   Нейлон
  </material>
  <price>
   428597
  </price>
  <rating>
   4.48
  </rating>
  <reviews>
   699604
  </reviews>
  <new>
   -
  </new>
  <exclusive>
   yes
  </exclusive>
 </clothing>
 <clothing>
  <id>
   980005691
  </id>
  <name>
   Vans Dress C-2472
  </name>
  <category>
   Dress
  </category>
  <size>
   XXL
  </size>
  <color>
   Желтый
  </color>
  <material>
   Хлопок
  </material>
  <price>
   913301
  </price>
  <rating>
   3.82
  </rating>
  <reviews>
   782240
  </reviews>
  <new>
   -
  </new>
  <exclusive>
   no
  </exclusive>
 </clothing>
 <clothing>
  <id>
   249179981
  </id>
  <name>
   Converse Socks S-9936
  </name>
  <category>
   Socks
  </category>
  <size>
   XXL
  </size>
  <color>
   Голубой
  </color>
  <material>
   Лен
  </material>
  <price>
   377364
  </price>
  <rating>
   1.82
  </rating>
  <reviews>
   315988
  </reviews>
  <exclusive>
   no
  </exclusive>
  <sporty>
   no
  </sporty>
 </clothing>
 <clothing>
  <id>
   569346471
  </id>
  <name>
   Nike Jeans Y-6347
  </name>
  <category>
   Jeans
  </category>
  <size>
   L
  </size>
  <color>
   Фиолетовый
  </color>
  <material>
   Хлопок
  </material>
  <price>
   377448
  </price>
  <rating>
   3.4
  </rating>
  <reviews>
   964035
  </reviews>
  <new>
   -
  </new>
  <exclusive>
   yes
  </exclusive>
  <sporty>
   yes
  </sporty>
 </clothing>
 <clothing>
  <id>
   230119662
  </id>
  <name>
   Ellesse Skirt R-9555
  </name>
  <category>
   Skirt
  </category>
  <size>
   XXL
  </size>
  <color>
   Оранжевый
  </color>
  <material>
   Шелк
  </material>
  <price>
   418075
  </price>
  <rating>
   3.75
  </rating>
  <reviews>
   550951
  </reviews>
  <sporty>
   no
  </sporty>
 </clothing>
 <clothing>
  <id>
   414601765
  </id>
  <name>
   Under Armour Belts C-6432
  </name>
  <category>
   Belts
  </category>
  <size>
   XXL
  </size>
  <color>
   Зеленый
  </color>
  <material>
   Нейлон
  </material>
  <price>
   118067
  </price>
  <rating>
   4.65
  </rating>
  <reviews>
   33488
  </reviews>
  <exclusive>
   no
  </exclusive>
  <sporty>
   yes
  </sporty>
 </clothing>
 <clothing>
  <id>
   911679528
  </id>
  <name>
   Addidas Blouse L-6010
  </name>
  <category>
   Blouse
  </category>
  <size>
   L
  </size>
  <color>
   Синий
  </color>
  <material>
   Полиэстер
  </material>
  <price>
   239919
  </price>
  <rating>
   2.41
  </rating>
  <reviews>
   397978
  </reviews>
 </clothing>
 <clothing>
  <id>
   598519196
  </id>
  <name>
   New Balance Dress M-4937
  </name>
  <category>
   Dress
  </category>
  <size>
   M
  </size>
  <color>
   Оранжевый
  </color>
  <material>
   Шерсть
  </material>
  <price>
   179893
  </price>
  <rating>
   3.24
  </rating>
  <reviews>
   585282
  </reviews>
  <new>
   -
  </new>
  <exclusive>
   yes
  </exclusive>
  <sporty>
   no
  </sporty>
 </clothing>
 <clothing>
  <id>
   625657152
  </id>
  <name>
   Adidas Handbags K-3032
  </name>
  <category>
   Handbags
  </category>
  <size>
   L
  </size>
  <color>
   Желтый
  </color>
  <material>
   Нейлон
  </material>
  <price>
   463305
  </price>
  <rating>
   4.95
  </rating>
  <reviews>
   890099
  </reviews>
  <new>
   +
  </new>
 </clothing>
 <clothing>
  <id>
   515254763
  </id>
  <name>
   Reebok Jacket H-2856
  </name>
  <category>
   Jacket
  </category>
  <size>
   S
  </size>
  <color>
   Фиолетовый
  </color>
  <material>
   Вискоза
  </material>
  <price>
   330710
  </price>
  <rating>
   4.78
  </rating>
  <reviews>
   187526
  </reviews>
  <new>
   +
  </new>
  <sporty>
   no
  </sporty>
 </clothing>
 <clothing>
  <id>
   602472525
  </id>
  <name>
   PleinSport Dress C-6945
  </name>
  <category>
   Dress
  </category>
  <size>
   S
  </size>
  <color>
   Зеленый
  </color>
  <material>
   Нейлон
  </material>
  <price>
   532117
  </price>
  <rating>
   2.93
  </rating>
  <reviews>
   977494
  </reviews>
  <exclusive>
   no
  </exclusive>
 </clothing>
 <clothing>
  <id>
   523225519
  </id>
  <name>
   Addidas Pants R-3409
  </name>
  <category>
   Pants
  </category>
  <size>
   XL
  </size>
  <color>
   Оранжевый
  </color>
  <material>
   Шелк
  </material>
  <price>
   968433
  </price>
  <rating>
   2.09
  </rating>
  <reviews>
   498860
  </reviews>
  <new>
   -
  </new>
  <exclusive>
   no
  </exclusive>
 </clothing>
 <clothing>
  <id>
   138842909
  </id>
  <name>
   Brooks Hat G-2575
  </name>
  <category>
   Hat
  </category>
  <size>
   XL
  </size>
  <color>
   Фиолетовый
  </color>
  <material>
   Нейлон
  </material>
  <price>
   729584
  </price>
  <rating>
   3.63
  </rating>
  <reviews>
   570992
  </reviews>
  <new>
   +
  </new>
  <exclusive>
   no
  </exclusive>
  <sporty>
   no
  </sporty>
 </clothing>
 <clothing>
  <id>
   875999105
  </id>
  <name>
   Converse Sweater Y-7826
  </name>
  <category>
   Sweater
  </category>
  <size>
   M
  </size>
  <color>
   Оранжевый
  </color>
  <material>
   Лен
  </material>
  <price>
   936457
  </price>
  <rating>
   1.24
  </rating>
  <reviews>
   25481
  </reviews>
  <new>
   -
  </new>
  <exclusive>
   yes
  </exclusive>
 </clothing>
 <clothing>
  <id>
   342644532
  </id>
  <name>
   Reebok Sweater W-2852
  </name>
  <category>
   Sweater
  </category>
  <size>
   L
  </size>
  <color>
   Оранжевый
  </color>
  <material>
   Вискоза
  </material>
  <price>
   790181
  </price>
  <rating>
   4.49
  </rating>
  <reviews>
   252777
  </reviews>
  <new>
   -
  </new>
  <exclusive>
   yes
  </exclusive>
 </clothing>
 <clothing>
  <id>
   343479555
  </id>
  <name>
   New Balance Jeans Z-9007
  </name>
  <category>
   Jeans
  </category>
  <size>
   S
  </size>
  <color>
   Голубой
  </color>
  <material>
   Хлопок
  </material>
  <price>
   863510
  </price>
  <rating>
   3.78
  </rating>
  <reviews>
   870365
  </reviews>
  <exclusive>
   no
  </exclusive>
 </clothing>
</clothing-items>
