<?xml version="1.0" encoding="utf-8"?>
<clothing-items>
 <clothing>
  <id>
   814918349
  </id>
  <name>
   New Balance Shoes E-1928
  </name>
  <category>
   Shoes
  </category>
  <size>
   S
  </size>
  <color>
   Зеленый
  </color>
  <material>
   Кожа
  </material>
  <price>
   582144
  </price>
  <rating>
   5.0
  </rating>
  <reviews>
   931562
  </reviews>
  <new>
   -
  </new>
  <exclusive>
   no
  </exclusive>
  <sporty>
   no
  </sporty>
 </clothing>
 <clothing>
  <id>
   792875649
  </id>
  <name>
   Converse Socks T-8554
  </name>
  <category>
   Socks
  </category>
  <size>
   XXL
  </size>
  <color>
   Желтый
  </color>
  <material>
   Шелк
  </material>
  <price>
   714138
  </price>
  <rating>
   3.06
  </rating>
  <reviews>
   969612
  </reviews>
  <sporty>
   no
  </sporty>
 </clothing>
 <clothing>
  <id>
   207990301
  </id>
  <name>
   Converse Shoes B-2017
  </name>
  <category>
   Shoes
  </category>
  <size>
   XL
  </size>
  <color>
   Красный
  </color>
  <material>
   Полиэстер
  </material>
  <price>
   483273
  </price>
  <rating>
   1.44
  </rating>
  <reviews>
   380237
  </reviews>
  <exclusive>
   yes
  </exclusive>
  <sporty>
   no
  </sporty>
 </clothing>
 <clothing>
  <id>
   943928925
  </id>
  <name>
   Ellesse Blouse R-7714
  </name>
  <category>
   Blouse
  </category>
  <size>
   S
  </size>
  <color>
   Красный
  </color>
  <material>
   Вискоза
  </material>
  <price>
   317556
  </price>
  <rating>
   3.12
  </rating>
  <reviews>
   639981
  </reviews>
  <new>
   -
  </new>
  <exclusive>
   no
  </exclusive>
  <sporty>
   yes
  </sporty>
 </clothing>
 <clothing>
  <id>
   177247567
  </id>
  <name>
   PleinSport Dress R-3830
  </name>
  <category>
   Dress
  </category>
  <size>
   XXL
  </size>
  <color>
   Фиолетовый
  </color>
  <material>
   Полиэстер
  </material>
  <price>
   141409
  </price>
  <rating>
   4.75
  </rating>
  <reviews>
   30100
  </reviews>
  <new>
   +
  </new>
 </clothing>
 <clothing>
  <id>
   589466941
  </id>
  <name>
   Nike Handbags E-9882
  </name>
  <category>
   Handbags
  </category>
  <size>
   M
  </size>
  <color>
   Синий
  </color>
  <material>
   Полиэстер
  </material>
  <price>
   962641
  </price>
  <rating>
   1.57
  </rating>
  <reviews>
   762188
  </reviews>
  <new>
   -
  </new>
  <sporty>
   yes
  </sporty>
 </clothing>
 <clothing>
  <id>
   813979466
  </id>
  <name>
   Reebok Skirt B-5061
  </name>
  <category>
   Skirt
  </category>
  <size>
   XL
  </size>
  <color>
   Синий
  </color>
  <material>
   Кожа
  </material>
  <price>
   231867
  </price>
  <rating>
   3.34
  </rating>
  <reviews>
   417335
  </reviews>
  <exclusive>
   no
  </exclusive>
 </clothing>
 <clothing>
  <id>
   787522663
  </id>
  <name>
   Reebok Gloves L-9963
  </name>
  <category>
   Gloves
  </category>
  <size>
   S
  </size>
  <color>
   Голубой
  </color>
  <material>
   Шерсть
  </material>
  <price>
   739971
  </price>
  <rating>
   2.96
  </rating>
  <reviews>
   661558
  </reviews>
  <exclusive>
   yes
  </exclusive>
  <sporty>
   no
  </sporty>
 </clothing>
 <clothing>
  <id>
   693880985
  </id>
  <name>
   New Balance Hat N-3134
  </name>
  <category>
   Hat
  </category>
  <size>
   S
  </size>
  <color>
   Фиолетовый
  </color>
  <material>
   Хлопок
  </material>
  <price>
   168728
  </price>
  <rating>
   1.12
  </rating>
  <reviews>
   950722
  </reviews>
  <new>
   +
  </new>
  <exclusive>
   no
  </exclusive>
 </clothing>
 <clothing>
  <id>
   132739893
  </id>
  <name>
   Vans Jeans W-3898
  </name>
  <category>
   Jeans
  </category>
  <size>
   XXL
  </size>
  <color>
   Синий
  </color>
  <material>
   Нейлон
  </material>
  <price>
   972361
  </price>
  <rating>
   1.44
  </rating>
  <reviews>
   115655
  </reviews>
  <new>
   -
  </new>
  <exclusive>
   no
  </exclusive>
 </clothing>
 <clothing>
  <id>
   609895321
  </id>
  <name>
   Converse T-shirt V-2645
  </name>
  <category>
   T-shirt
  </category>
  <size>
   XL
  </size>
  <color>
   Синий
  </color>
  <material>
   Кожа
  </material>
  <price>
   200079
  </price>
  <rating>
   2.76
  </rating>
  <reviews>
   655393
  </reviews>
  <new>
   -
  </new>
  <exclusive>
   yes
  </exclusive>
  <sporty>
   yes
  </sporty>
 </clothing>
 <clothing>
  <id>
   693194673
  </id>
  <name>
   Puma Handbags H-2769
  </name>
  <category>
   Handbags
  </category>
  <size>
   M
  </size>
  <color>
   Оранжевый
  </color>
  <material>
   Лен
  </material>
  <price>
   449017
  </price>
  <rating>
   4.75
  </rating>
  <reviews>
   303729
  </reviews>
  <new>
   -
  </new>
  <exclusive>
   no
  </exclusive>
  <sporty>
   yes
  </sporty>
 </clothing>
 <clothing>
  <id>
   721000982
  </id>
  <name>
   Asics Umbrellas X-9247
  </name>
  <category>
   Umbrellas
  </category>
  <size>
   XXL
  </size>
  <color>
   Синий
  </color>
  <material>
   Шелк
  </material>
  <price>
   203600
  </price>
  <rating>
   4.62
  </rating>
  <reviews>
   906609
  </reviews>
  <new>
   -
  </new>
  <exclusive>
   no
  </exclusive>
  <sporty>
   no
  </sporty>
 </clothing>
 <clothing>
  <id>
   684751098
  </id>
  <name>
   Asics T-shirt A-5956
  </name>
  <category>
   T-shirt
  </category>
  <size>
   L
  </size>
  <color>
   Желтый
  </color>
  <material>
   Полиэстер
  </material>
  <price>
   394586
  </price>
  <rating>
   2.89
  </rating>
  <reviews>
   870835
  </reviews>
  <exclusive>
   no
  </exclusive>
 </clothing>
 <clothing>
  <id>
   914990715
  </id>
  <name>
   Fila Jacket B-5455
  </name>
  <category>
   Jacket
  </category>
  <size>
   L
  </size>
  <color>
   Фиолетовый
  </color>
  <material>
   Шерсть
  </material>
  <price>
   479402
  </price>
  <rating>
   2.55
  </rating>
  <reviews>
   325169
  </reviews>
  <new>
   -
  </new>
  <exclusive>
   yes
  </exclusive>
 </clothing>
 <clothing>
  <id>
   696771470
  </id>
  <name>
   Under Armour Skirt O-5891
  </name>
  <category>
   Skirt
  </category>
  <size>
   XL
  </size>
  <color>
   Оранжевый
  </color>
  <material>
   Нейлон
  </material>
  <price>
   262897
  </price>
  <rating>
   1.16
  </rating>
  <reviews>
   207001
  </reviews>
  <new>
   -
  </new>
  <exclusive>
   yes
  </exclusive>
 </clothing>
 <clothing>
  <id>
   395716264
  </id>
  <name>
   Asics Hat H-1462
  </name>
  <category>
   Hat
  </category>
  <size>
   XL
  </size>
  <color>
   Желтый
  </color>
  <material>
   Шелк
  </material>
  <price>
   755513
  </price>
  <rating>
   3.25
  </rating>
  <reviews>
   965455
  </reviews>
  <exclusive>
   no
  </exclusive>
 </clothing>
 <clothing>
  <id>
   783345634
  </id>
  <name>
   Fila Handbags W-7269
  </name>
  <category>
   Handbags
  </category>
  <size>
   XL
  </size>
  <color>
   Оранжевый
  </color>
  <material>
   Нейлон
  </material>
  <price>
   519397
  </price>
  <rating>
   4.12
  </rating>
  <reviews>
   533438
  </reviews>
  <exclusive>
   no
  </exclusive>
  <sporty>
   no
  </sporty>
 </clothing>
 <clothing>
  <id>
   822820528
  </id>
  <name>
   DC Sweater K-2156
  </name>
  <category>
   Sweater
  </category>
  <size>
   M
  </size>
  <color>
   Оранжевый
  </color>
  <material>
   Кожа
  </material>
  <price>
   835054
  </price>
  <rating>
   2.64
  </rating>
  <reviews>
   705584
  </reviews>
  <exclusive>
   no
  </exclusive>
 </clothing>
 <clothing>
  <id>
   526752493
  </id>
  <name>
   Lacoste Shirt T-8924
  </name>
  <category>
   Shirt
  </category>
  <size>
   XXL
  </size>
  <color>
   Желтый
  </color>
  <material>
   Хлопок
  </material>
  <price>
   669062
  </price>
  <rating>
   2.98
  </rating>
  <reviews>
   289565
  </reviews>
  <sporty>
   no
  </sporty>
 </clothing>
 <clothing>
  <id>
   932967465
  </id>
  <name>
   Puma Gloves F-7730
  </name>
  <category>
   Gloves
  </category>
  <size>
   M
  </size>
  <color>
   Зеленый
  </color>
  <material>
   Кожа
  </material>
  <price>
   925638
  </price>
  <rating>
   1.72
  </rating>
  <reviews>
   387631
  </reviews>
  <sporty>
   no
  </sporty>
 </clothing>
 <clothing>
  <id>
   321040501
  </id>
  <name>
   Under Armour T-shirt D-7770
  </name>
  <category>
   T-shirt
  </category>
  <size>
   S
  </size>
  <color>
   Голубой
  </color>
  <material>
   Шелк
  </material>
  <price>
   234995
  </price>
  <rating>
   2.05
  </rating>
  <reviews>
   870814
  </reviews>
  <exclusive>
   no
  </exclusive>
  <sporty>
   yes
  </sporty>
 </clothing>
 <clothing>
  <id>
   999730219
  </id>
  <name>
   Under Armour Sweater R-8919
  </name>
  <category>
   Sweater
  </category>
  <size>
   S
  </size>
  <color>
   Красный
  </color>
  <material>
   Хлопок
  </material>
  <price>
   528692
  </price>
  <rating>
   1.61
  </rating>
  <reviews>
   829745
  </reviews>
  <new>
   -
  </new>
 </clothing>
 <clothing>
  <id>
   231632347
  </id>
  <name>
   Vans Pants I-4906
  </name>
  <category>
   Pants
  </category>
  <size>
   XXL
  </size>
  <color>
   Голубой
  </color>
  <material>
   Шерсть
  </material>
  <price>
   726592
  </price>
  <rating>
   3.44
  </rating>
  <reviews>
   746136
  </reviews>
  <new>
   +
  </new>
  <exclusive>
   yes
  </exclusive>
  <sporty>
   no
  </sporty>
 </clothing>
 <clothing>
  <id>
   750819457
  </id>
  <name>
   Puma Shirt T-2117
  </name>
  <category>
   Shirt
  </category>
  <size>
   M
  </size>
  <color>
   Красный
  </color>
  <material>
   Хлопок
  </material>
  <price>
   328137
  </price>
  <rating>
   1.39
  </rating>
  <reviews>
   135280
  </reviews>
  <exclusive>
   no
  </exclusive>
 </clothing>
 <clothing>
  <id>
   772760882
  </id>
  <name>
   Brooks Gloves B-6821
  </name>
  <category>
   Gloves
  </category>
  <size>
   XXL
  </size>
  <color>
   Голубой
  </color>
  <material>
   Лен
  </material>
  <price>
   404993
  </price>
  <rating>
   4.54
  </rating>
  <reviews>
   311361
  </reviews>
  <new>
   -
  </new>
  <exclusive>
   yes
  </exclusive>
 </clothing>
 <clothing>
  <id>
   720016831
  </id>
  <name>
   Vans Skirt C-3586
  </name>
  <category>
   Skirt
  </category>
  <size>
   XXL
  </size>
  <color>
   Желтый
  </color>
  <material>
   Лен
  </material>
  <price>
   345147
  </price>
  <rating>
   1.26
  </rating>
  <reviews>
   181910
  </reviews>
  <new>
   +
  </new>
  <sporty>
   yes
  </sporty>
 </clothing>
 <clothing>
  <id>
   314039600
  </id>
  <name>
   Puma Handbags F-2871
  </name>
  <category>
   Handbags
  </category>
  <size>
   S
  </size>
  <color>
   Зеленый
  </color>
  <material>
   Шерсть
  </material>
  <price>
   913230
  </price>
  <rating>
   1.76
  </rating>
  <reviews>
   126723
  </reviews>
  <new>
   -
  </new>
  <exclusive>
   yes
  </exclusive>
  <sporty>
   yes
  </sporty>
 </clothing>
 <clothing>
  <id>
   787339021
  </id>
  <name>
   Reebok Socks D-7776
  </name>
  <category>
   Socks
  </category>
  <size>
   S
  </size>
  <color>
   Зеленый
  </color>
  <material>
   Полиэстер
  </material>
  <price>
   495219
  </price>
  <rating>
   1.77
  </rating>
  <reviews>
   730685
  </reviews>
  <new>
   -
  </new>
  <sporty>
   yes
  </sporty>
 </clothing>
 <clothing>
  <id>
   578741292
  </id>
  <name>
   DC Gloves D-5606
  </name>
  <category>
   Gloves
  </category>
  <size>
   XL
  </size>
  <color>
   Фиолетовый
  </color>
  <material>
   Шерсть
  </material>
  <price>
   318347
  </price>
  <rating>
   4.21
  </rating>
  <reviews>
   422143
  </reviews>
  <new>
   +
  </new>
  <exclusive>
   no
  </exclusive>
 </clothing>
 <clothing>
  <id>
   217008360
  </id>
  <name>
   PleinSport Socks R-3354
  </name>
  <category>
   Socks
  </category>
  <size>
   S
  </size>
  <color>
   Синий
  </color>
  <material>
   Нейлон
  </material>
  <price>
   643724
  </price>
  <rating>
   2.1
  </rating>
  <reviews>
   373713
  </reviews>
  <new>
   -
  </new>
  <sporty>
   no
  </sporty>
 </clothing>
 <clothing>
  <id>
   365567758
  </id>
  <name>
   Adidas Sweater N-9042
  </name>
  <category>
   Sweater
  </category>
  <size>
   L
  </size>
  <color>
   Оранжевый
  </color>
  <material>
   Вискоза
  </material>
  <price>
   213495
  </price>
  <rating>
   1.48
  </rating>
  <reviews>
   830326
  </reviews>
  <exclusive>
   yes
  </exclusive>
 </clothing>
 <clothing>
  <id>
   756996714
  </id>
  <name>
   Puma Socks S-1789
  </name>
  <category>
   Socks
  </category>
  <size>
   S
  </size>
  <color>
   Желтый
  </color>
  <material>
   Нейлон
  </material>
  <price>
   408819
  </price>
  <rating>
   2.71
  </rating>
  <reviews>
   771944
  </reviews>
 </clothing>
 <clothing>
  <id>
   850000227
  </id>
  <name>
   Adidas Pants O-7721
  </name>
  <category>
   Pants
  </category>
  <size>
   XL
  </size>
  <color>
   Синий
  </color>
  <material>
   Нейлон
  </material>
  <price>
   624481
  </price>
  <rating>
   4.76
  </rating>
  <reviews>
   309858
  </reviews>
  <sporty>
   yes
  </sporty>
 </clothing>
 <clothing>
  <id>
   887206517
  </id>
  <name>
   Fila Belts G-7244
  </name>
  <category>
   Belts
  </category>
  <size>
   XL
  </size>
  <color>
   Голубой
  </color>
  <material>
   Полиэстер
  </material>
  <price>
   188511
  </price>
  <rating>
   4.42
  </rating>
  <reviews>
   375797
  </reviews>
  <sporty>
   yes
  </sporty>
 </clothing>
 <clothing>
  <id>
   264550892
  </id>
  <name>
   Reebok Pants N-7888
  </name>
  <category>
   Pants
  </category>
  <size>
   XL
  </size>
  <color>
   Синий
  </color>
  <material>
   Полиэстер
  </material>
  <price>
   396887
  </price>
  <rating>
   4.5
  </rating>
  <reviews>
   122084
  </reviews>
  <new>
   +
  </new>
  <exclusive>
   yes
  </exclusive>
  <sporty>
   yes
  </sporty>
 </clothing>
 <clothing>
  <id>
   692015443
  </id>
  <name>
   Nike Shirt I-8037
  </name>
  <category>
   Shirt
  </category>
  <size>
   S
  </size>
  <color>
   Желтый
  </color>
  <material>
   Хлопок
  </material>
  <price>
   573428
  </price>
  <rating>
   2.97
  </rating>
  <reviews>
   273717
  </reviews>
  <new>
   -
  </new>
  <exclusive>
   no
  </exclusive>
  <sporty>
   yes
  </sporty>
 </clothing>
 <clothing>
  <id>
   695567633
  </id>
  <name>
   Vans Gloves Y-1598
  </name>
  <category>
   Gloves
  </category>
  <size>
   S
  </size>
  <color>
   Голубой
  </color>
  <material>
   Лен
  </material>
  <price>
   247504
  </price>
  <rating>
   4.89
  </rating>
  <reviews>
   381663
  </reviews>
  <exclusive>
   no
  </exclusive>
  <sporty>
   no
  </sporty>
 </clothing>
 <clothing>
  <id>
   871185367
  </id>
  <name>
   Fila Hat I-8195
  </name>
  <category>
   Hat
  </category>
  <size>
   M
  </size>
  <color>
   Желтый
  </color>
  <material>
   Кожа
  </material>
  <price>
   962763
  </price>
  <rating>
   3.89
  </rating>
  <reviews>
   32821
  </reviews>
  <new>
   -
  </new>
  <exclusive>
   yes
  </exclusive>
 </clothing>
 <clothing>
  <id>
   669503554
  </id>
  <name>
   Fila Shoes X-5921
  </name>
  <category>
   Shoes
  </category>
  <size>
   M
  </size>
  <color>
   Зеленый
  </color>
  <material>
   Шелк
  </material>
  <price>
   274795
  </price>
  <rating>
   4.14
  </rating>
  <reviews>
   876211
  </reviews>
  <new>
   -
  </new>
  <exclusive>
   no
  </exclusive>
 </clothing>
 <clothing>
  <id>
   137235883
  </id>
  <name>
   Fila Shoes N-7444
  </name>
  <category>
   Shoes
  </category>
  <size>
   S
  </size>
  <color>
   Красный
  </color>
  <material>
   Вискоза
  </material>
  <price>
   757126
  </price>
  <rating>
   3.04
  </rating>
  <reviews>
   93932
  </reviews>
  <new>
   -
  </new>
  <exclusive>
   yes
  </exclusive>
  <sporty>
   no
  </sporty>
 </clothing>
 <clothing>
  <id>
   126203164
  </id>
  <name>
   Reebok Dress G-2961
  </name>
  <category>
   Dress
  </category>
  <size>
   XL
  </size>
  <color>
   Оранжевый
  </color>
  <material>
   Полиэстер
  </material>
  <price>
   268675
  </price>
  <rating>
   2.14
  </rating>
  <reviews>
   444505
  </reviews>
 </clothing>
 <clothing>
  <id>
   886117969
  </id>
  <name>
   Reebok T-shirt L-4176
  </name>
  <category>
   T-shirt
  </category>
  <size>
   S
  </size>
  <color>
   Зеленый
  </color>
  <material>
   Кожа
  </material>
  <price>
   722010
  </price>
  <rating>
   2.9
  </rating>
  <reviews>
   919504
  </reviews>
  <exclusive>
   no
  </exclusive>
  <sporty>
   yes
  </sporty>
 </clothing>
 <clothing>
  <id>
   985510491
  </id>
  <name>
   Addidas Belts T-8532
  </name>
  <category>
   Belts
  </category>
  <size>
   XXL
  </size>
  <color>
   Красный
  </color>
  <material>
   Шерсть
  </material>
  <price>
   995533
  </price>
  <rating>
   1.38
  </rating>
  <reviews>
   351087
  </reviews>
  <new>
   -
  </new>
  <sporty>
   yes
  </sporty>
 </clothing>
 <clothing>
  <id>
   122081384
  </id>
  <name>
   Addidas T-shirt S-1620
  </name>
  <category>
   T-shirt
  </category>
  <size>
   XL
  </size>
  <color>
   Голубой
  </color>
  <material>
   Лен
  </material>
  <price>
   740521
  </price>
  <rating>
   2.16
  </rating>
  <reviews>
   755304
  </reviews>
  <new>
   -
  </new>
  <exclusive>
   no
  </exclusive>
  <sporty>
   no
  </sporty>
 </clothing>
 <clothing>
  <id>
   238279183
  </id>
  <name>
   Under Armour Pants L-9460
  </name>
  <category>
   Pants
  </category>
  <size>
   L
  </size>
  <color>
   Желтый
  </color>
  <material>
   Нейлон
  </material>
  <price>
   425038
  </price>
  <rating>
   4.9
  </rating>
  <reviews>
   605682
  </reviews>
  <new>
   -
  </new>
  <sporty>
   no
  </sporty>
 </clothing>
 <clothing>
  <id>
   686553802
  </id>
  <name>
   Brooks Shoes J-2271
  </name>
  <category>
   Shoes
  </category>
  <size>
   S
  </size>
  <color>
   Красный
  </color>
  <material>
   Шелк
  </material>
  <price>
   470962
  </price>
  <rating>
   3.44
  </rating>
  <reviews>
   828017
  </reviews>
  <new>
   -
  </new>
 </clothing>
 <clothing>
  <id>
   195360820
  </id>
  <name>
   Addidas T-shirt L-7655
  </name>
  <category>
   T-shirt
  </category>
  <size>
   L
  </size>
  <color>
   Зеленый
  </color>
  <material>
   Кожа
  </material>
  <price>
   482145
  </price>
  <rating>
   2.55
  </rating>
  <reviews>
   480048
  </reviews>
  <sporty>
   yes
  </sporty>
 </clothing>
 <clothing>
  <id>
   639077058
  </id>
  <name>
   Fila Handbags A-8990
  </name>
  <category>
   Handbags
  </category>
  <size>
   S
  </size>
  <color>
   Оранжевый
  </color>
  <material>
   Лен
  </material>
  <price>
   608996
  </price>
  <rating>
   3.65
  </rating>
  <reviews>
   302716
  </reviews>
  <exclusive>
   yes
  </exclusive>
  <sporty>
   no
  </sporty>
 </clothing>
</clothing-items>
