<?xml version="1.0" encoding="utf-8"?>
<clothing-items>
 <clothing>
  <id>
   366741756
  </id>
  <name>
   Under Armour Skirt W-2657
  </name>
  <category>
   Skirt
  </category>
  <size>
   M
  </size>
  <color>
   Голубой
  </color>
  <material>
   Кожа
  </material>
  <price>
   461774
  </price>
  <rating>
   4.59
  </rating>
  <reviews>
   518392
  </reviews>
  <new>
   +
  </new>
 </clothing>
 <clothing>
  <id>
   532566062
  </id>
  <name>
   Brooks Gloves U-6165
  </name>
  <category>
   Gloves
  </category>
  <size>
   XXL
  </size>
  <color>
   Желтый
  </color>
  <material>
   Кожа
  </material>
  <price>
   747591
  </price>
  <rating>
   1.39
  </rating>
  <reviews>
   577064
  </reviews>
  <new>
   +
  </new>
  <exclusive>
   yes
  </exclusive>
  <sporty>
   yes
  </sporty>
 </clothing>
 <clothing>
  <id>
   169359763
  </id>
  <name>
   Addidas Dress V-6448
  </name>
  <category>
   Dress
  </category>
  <size>
   XXL
  </size>
  <color>
   Синий
  </color>
  <material>
   Нейлон
  </material>
  <price>
   764846
  </price>
  <rating>
   1.03
  </rating>
  <reviews>
   525884
  </reviews>
  <new>
   -
  </new>
  <exclusive>
   yes
  </exclusive>
  <sporty>
   no
  </sporty>
 </clothing>
 <clothing>
  <id>
   475537728
  </id>
  <name>
   Under Armour Jeans E-7783
  </name>
  <category>
   Jeans
  </category>
  <size>
   XXL
  </size>
  <color>
   Фиолетовый
  </color>
  <material>
   Хлопок
  </material>
  <price>
   282782
  </price>
  <rating>
   2.05
  </rating>
  <reviews>
   35865
  </reviews>
  <new>
   -
  </new>
  <exclusive>
   yes
  </exclusive>
  <sporty>
   yes
  </sporty>
 </clothing>
 <clothing>
  <id>
   534536280
  </id>
  <name>
   New Balance T-shirt U-5461
  </name>
  <category>
   T-shirt
  </category>
  <size>
   XXL
  </size>
  <color>
   Голубой
  </color>
  <material>
   Вискоза
  </material>
  <price>
   237265
  </price>
  <rating>
   1.37
  </rating>
  <reviews>
   491542
  </reviews>
  <new>
   -
  </new>
  <exclusive>
   no
  </exclusive>
  <sporty>
   yes
  </sporty>
 </clothing>
 <clothing>
  <id>
   251303424
  </id>
  <name>
   Under Armour Shirt Q-6906
  </name>
  <category>
   Shirt
  </category>
  <size>
   L
  </size>
  <color>
   Красный
  </color>
  <material>
   Кожа
  </material>
  <price>
   622246
  </price>
  <rating>
   4.28
  </rating>
  <reviews>
   513738
  </reviews>
  <new>
   +
  </new>
  <sporty>
   no
  </sporty>
 </clothing>
 <clothing>
  <id>
   965584975
  </id>
  <name>
   DC Dress F-6208
  </name>
  <category>
   Dress
  </category>
  <size>
   L
  </size>
  <color>
   Зеленый
  </color>
  <material>
   Вискоза
  </material>
  <price>
   730576
  </price>
  <rating>
   2.61
  </rating>
  <reviews>
   109844
  </reviews>
  <exclusive>
   yes
  </exclusive>
  <sporty>
   no
  </sporty>
 </clothing>
 <clothing>
  <id>
   769016509
  </id>
  <name>
   Reebok Jacket D-7819
  </name>
  <category>
   Jacket
  </category>
  <size>
   XL
  </size>
  <color>
   Зеленый
  </color>
  <material>
   Шелк
  </material>
  <price>
   537102
  </price>
  <rating>
   2.37
  </rating>
  <reviews>
   264470
  </reviews>
  <new>
   +
  </new>
  <exclusive>
   no
  </exclusive>
  <sporty>
   no
  </sporty>
 </clothing>
 <clothing>
  <id>
   326617996
  </id>
  <name>
   Asics Handbags M-9562
  </name>
  <category>
   Handbags
  </category>
  <size>
   M
  </size>
  <color>
   Голубой
  </color>
  <material>
   Вискоза
  </material>
  <price>
   473275
  </price>
  <rating>
   4.86
  </rating>
  <reviews>
   156859
  </reviews>
  <new>
   +
  </new>
  <exclusive>
   no
  </exclusive>
 </clothing>
 <clothing>
  <id>
   144922823
  </id>
  <name>
   Brooks Jeans W-8316
  </name>
  <category>
   Jeans
  </category>
  <size>
   S
  </size>
  <color>
   Синий
  </color>
  <material>
   Вискоза
  </material>
  <price>
   131367
  </price>
  <rating>
   1.97
  </rating>
  <reviews>
   810313
  </reviews>
  <new>
   -
  </new>
  <sporty>
   no
  </sporty>
 </clothing>
 <clothing>
  <id>
   457675073
  </id>
  <name>
   Fila Handbags I-9816
  </name>
  <category>
   Handbags
  </category>
  <size>
   XL
  </size>
  <color>
   Оранжевый
  </color>
  <material>
   Кожа
  </material>
  <price>
   413430
  </price>
  <rating>
   1.23
  </rating>
  <reviews>
   321566
  </reviews>
  <sporty>
   no
  </sporty>
 </clothing>
 <clothing>
  <id>
   581057727
  </id>
  <name>
   PleinSport Hat B-1020
  </name>
  <category>
   Hat
  </category>
  <size>
   XXL
  </size>
  <color>
   Голубой
  </color>
  <material>
   Кожа
  </material>
  <price>
   518042
  </price>
  <rating>
   4.91
  </rating>
  <reviews>
   816721
  </reviews>
  <new>
   -
  </new>
  <exclusive>
   yes
  </exclusive>
 </clothing>
 <clothing>
  <id>
   609208988
  </id>
  <name>
   Under Armour Gloves X-1633
  </name>
  <category>
   Gloves
  </category>
  <size>
   XXL
  </size>
  <color>
   Желтый
  </color>
  <material>
   Шерсть
  </material>
  <price>
   839989
  </price>
  <rating>
   3.39
  </rating>
  <reviews>
   892975
  </reviews>
 </clothing>
 <clothing>
  <id>
   389633403
  </id>
  <name>
   DC Umbrellas I-4918
  </name>
  <category>
   Umbrellas
  </category>
  <size>
   M
  </size>
  <color>
   Фиолетовый
  </color>
  <material>
   Хлопок
  </material>
  <price>
   567415
  </price>
  <rating>
   3.85
  </rating>
  <reviews>
   121267
  </reviews>
  <new>
   +
  </new>
  <exclusive>
   no
  </exclusive>
  <sporty>
   no
  </sporty>
 </clothing>
 <clothing>
  <id>
   829570822
  </id>
  <name>
   Brooks T-shirt I-4155
  </name>
  <category>
   T-shirt
  </category>
  <size>
   XXL
  </size>
  <color>
   Синий
  </color>
  <material>
   Вискоза
  </material>
  <price>
   784733
  </price>
  <rating>
   2.83
  </rating>
  <reviews>
   40376
  </reviews>
 </clothing>
 <clothing>
  <id>
   967259267
  </id>
  <name>
   New Balance Shirt J-8083
  </name>
  <category>
   Shirt
  </category>
  <size>
   XL
  </size>
  <color>
   Желтый
  </color>
  <material>
   Хлопок
  </material>
  <price>
   291581
  </price>
  <rating>
   4.35
  </rating>
  <reviews>
   51561
  </reviews>
  <new>
   -
  </new>
  <exclusive>
   no
  </exclusive>
  <sporty>
   yes
  </sporty>
 </clothing>
 <clothing>
  <id>
   811682070
  </id>
  <name>
   PleinSport Sweater C-8819
  </name>
  <category>
   Sweater
  </category>
  <size>
   S
  </size>
  <color>
   Желтый
  </color>
  <material>
   Хлопок
  </material>
  <price>
   342455
  </price>
  <rating>
   2.71
  </rating>
  <reviews>
   827537
  </reviews>
  <exclusive>
   no
  </exclusive>
  <sporty>
   no
  </sporty>
 </clothing>
 <clothing>
  <id>
   499353754
  </id>
  <name>
   Vans Handbags U-6448
  </name>
  <category>
   Handbags
  </category>
  <size>
   L
  </size>
  <color>
   Голубой
  </color>
  <material>
   Кожа
  </material>
  <price>
   849480
  </price>
  <rating>
   4.26
  </rating>
  <reviews>
   715986
  </reviews>
  <new>
   -
  </new>
 </clothing>
 <clothing>
  <id>
   440425968
  </id>
  <name>
   Adidas Jacket Y-2879
  </name>
  <category>
   Jacket
  </category>
  <size>
   XXL
  </size>
  <color>
   Оранжевый
  </color>
  <material>
   Вискоза
  </material>
  <price>
   410628
  </price>
  <rating>
   2.18
  </rating>
  <reviews>
   392381
  </reviews>
  <exclusive>
   no
  </exclusive>
  <sporty>
   yes
  </sporty>
 </clothing>
 <clothing>
  <id>
   335861403
  </id>
  <name>
   DC Blouse W-4987
  </name>
  <category>
   Blouse
  </category>
  <size>
   XL
  </size>
  <color>
   Голубой
  </color>
  <material>
   Полиэстер
  </material>
  <price>
   941555
  </price>
  <rating>
   2.53
  </rating>
  <reviews>
   269427
  </reviews>
  <new>
   +
  </new>
  <exclusive>
   yes
  </exclusive>
  <sporty>
   yes
  </sporty>
 </clothing>
 <clothing>
  <id>
   796918174
  </id>
  <name>
   DC Hat M-1158
  </name>
  <category>
   Hat
  </category>
  <size>
   XXL
  </size>
  <color>
   Фиолетовый
  </color>
  <material>
   Нейлон
  </material>
  <price>
   939918
  </price>
  <rating>
   1.96
  </rating>
  <reviews>
   728651
  </reviews>
 </clothing>
 <clothing>
  <id>
   361855134
  </id>
  <name>
   Brooks Shoes F-8216
  </name>
  <category>
   Shoes
  </category>
  <size>
   L
  </size>
  <color>
   Синий
  </color>
  <material>
   Вискоза
  </material>
  <price>
   821497
  </price>
  <rating>
   1.9
  </rating>
  <reviews>
   488881
  </reviews>
  <new>
   -
  </new>
  <exclusive>
   no
  </exclusive>
  <sporty>
   no
  </sporty>
 </clothing>
 <clothing>
  <id>
   723156346
  </id>
  <name>
   New Balance Gloves X-6381
  </name>
  <category>
   Gloves
  </category>
  <size>
   S
  </size>
  <color>
   Желтый
  </color>
  <material>
   Нейлон
  </material>
  <price>
   429889
  </price>
  <rating>
   4.73
  </rating>
  <reviews>
   266584
  </reviews>
  <new>
   +
  </new>
  <exclusive>
   yes
  </exclusive>
  <sporty>
   yes
  </sporty>
 </clothing>
 <clothing>
  <id>
   631154522
  </id>
  <name>
   Nike Gloves U-7858
  </name>
  <category>
   Gloves
  </category>
  <size>
   M
  </size>
  <color>
   Синий
  </color>
  <material>
   Полиэстер
  </material>
  <price>
   351475
  </price>
  <rating>
   4.66
  </rating>
  <reviews>
   846957
  </reviews>
  <new>
   +
  </new>
 </clothing>
 <clothing>
  <id>
   508293227
  </id>
  <name>
   Vans Dress O-5458
  </name>
  <category>
   Dress
  </category>
  <size>
   L
  </size>
  <color>
   Синий
  </color>
  <material>
   Шерсть
  </material>
  <price>
   637617
  </price>
  <rating>
   2.59
  </rating>
  <reviews>
   316926
  </reviews>
  <new>
   +
  </new>
  <exclusive>
   yes
  </exclusive>
  <sporty>
   no
  </sporty>
 </clothing>
 <clothing>
  <id>
   564246367
  </id>
  <name>
   PleinSport Skirt A-3264
  </name>
  <category>
   Skirt
  </category>
  <size>
   S
  </size>
  <color>
   Зеленый
  </color>
  <material>
   Шелк
  </material>
  <price>
   133869
  </price>
  <rating>
   1.28
  </rating>
  <reviews>
   489148
  </reviews>
  <sporty>
   no
  </sporty>
 </clothing>
 <clothing>
  <id>
   303684788
  </id>
  <name>
   Addidas Gloves A-4718
  </name>
  <category>
   Gloves
  </category>
  <size>
   M
  </size>
  <color>
   Оранжевый
  </color>
  <material>
   Кожа
  </material>
  <price>
   502121
  </price>
  <rating>
   1.4
  </rating>
  <reviews>
   163936
  </reviews>
  <new>
   -
  </new>
  <exclusive>
   yes
  </exclusive>
 </clothing>
 <clothing>
  <id>
   805388919
  </id>
  <name>
   Lacoste Blouse U-3148
  </name>
  <category>
   Blouse
  </category>
  <size>
   XXL
  </size>
  <color>
   Оранжевый
  </color>
  <material>
   Кожа
  </material>
  <price>
   885671
  </price>
  <rating>
   3.45
  </rating>
  <reviews>
   354823
  </reviews>
  <new>
   -
  </new>
  <sporty>
   yes
  </sporty>
 </clothing>
 <clothing>
  <id>
   620504700
  </id>
  <name>
   Reebok Socks Q-2967
  </name>
  <category>
   Socks
  </category>
  <size>
   XL
  </size>
  <color>
   Красный
  </color>
  <material>
   Лен
  </material>
  <price>
   349823
  </price>
  <rating>
   4.69
  </rating>
  <reviews>
   370176
  </reviews>
  <exclusive>
   yes
  </exclusive>
 </clothing>
 <clothing>
  <id>
   217359201
  </id>
  <name>
   Lacoste T-shirt M-7785
  </name>
  <category>
   T-shirt
  </category>
  <size>
   S
  </size>
  <color>
   Желтый
  </color>
  <material>
   Шелк
  </material>
  <price>
   777937
  </price>
  <rating>
   3.32
  </rating>
  <reviews>
   827773
  </reviews>
  <sporty>
   no
  </sporty>
 </clothing>
 <clothing>
  <id>
   576849494
  </id>
  <name>
   Addidas Jeans R-8453
  </name>
  <category>
   Jeans
  </category>
  <size>
   XXL
  </size>
  <color>
   Голубой
  </color>
  <material>
   Лен
  </material>
  <price>
   727454
  </price>
  <rating>
   1.0
  </rating>
  <reviews>
   530076
  </reviews>
  <new>
   +
  </new>
 </clothing>
 <clothing>
  <id>
   786650536
  </id>
  <name>
   Lacoste Shoes X-1758
  </name>
  <category>
   Shoes
  </category>
  <size>
   XXL
  </size>
  <color>
   Красный
  </color>
  <material>
   Хлопок
  </material>
  <price>
   659971
  </price>
  <rating>
   2.59
  </rating>
  <reviews>
   365684
  </reviews>
  <new>
   -
  </new>
  <exclusive>
   no
  </exclusive>
  <sporty>
   yes
  </sporty>
 </clothing>
 <clothing>
  <id>
   554349249
  </id>
  <name>
   Asics Jacket B-3924
  </name>
  <category>
   Jacket
  </category>
  <size>
   S
  </size>
  <color>
   Зеленый
  </color>
  <material>
   Лен
  </material>
  <price>
   349183
  </price>
  <rating>
   2.66
  </rating>
  <reviews>
   834065
  </reviews>
  <exclusive>
   no
  </exclusive>
  <sporty>
   no
  </sporty>
 </clothing>
 <clothing>
  <id>
   733495663
  </id>
  <name>
   Converse Belts I-8698
  </name>
  <category>
   Belts
  </category>
  <size>
   XXL
  </size>
  <color>
   Красный
  </color>
  <material>
   Нейлон
  </material>
  <price>
   663305
  </price>
  <rating>
   2.69
  </rating>
  <reviews>
   166107
  </reviews>
  <exclusive>
   no
  </exclusive>
  <sporty>
   yes
  </sporty>
 </clothing>
 <clothing>
  <id>
   206949300
  </id>
  <name>
   Brooks Skirt H-8163
  </name>
  <category>
   Skirt
  </category>
  <size>
   S
  </size>
  <color>
   Оранжевый
  </color>
  <material>
   Полиэстер
  </material>
  <price>
   968236
  </price>
  <rating>
   3.79
  </rating>
  <reviews>
   664107
  </reviews>
  <new>
   +
  </new>
  <exclusive>
   no
  </exclusive>
  <sporty>
   no
  </sporty>
 </clothing>
 <clothing>
  <id>
   612830702
  </id>
  <name>
   Brooks Skirt U-7068
  </name>
  <category>
   Skirt
  </category>
  <size>
   XXL
  </size>
  <color>
   Оранжевый
  </color>
  <material>
   Полиэстер
  </material>
  <price>
   465487
  </price>
  <rating>
   1.65
  </rating>
  <reviews>
   769624
  </reviews>
  <exclusive>
   no
  </exclusive>
  <sporty>
   yes
  </sporty>
 </clothing>
 <clothing>
  <id>
   940773789
  </id>
  <name>
   PleinSport Blouse B-8306
  </name>
  <category>
   Blouse
  </category>
  <size>
   XL
  </size>
  <color>
   Синий
  </color>
  <material>
   Хлопок
  </material>
  <price>
   223784
  </price>
  <rating>
   4.12
  </rating>
  <reviews>
   961408
  </reviews>
  <exclusive>
   no
  </exclusive>
  <sporty>
   yes
  </sporty>
 </clothing>
 <clothing>
  <id>
   908765912
  </id>
  <name>
   Ellesse Handbags K-1331
  </name>
  <category>
   Handbags
  </category>
  <size>
   S
  </size>
  <color>
   Оранжевый
  </color>
  <material>
   Шелк
  </material>
  <price>
   396389
  </price>
  <rating>
   3.46
  </rating>
  <reviews>
   863402
  </reviews>
  <new>
   +
  </new>
  <exclusive>
   no
  </exclusive>
  <sporty>
   no
  </sporty>
 </clothing>
 <clothing>
  <id>
   947104842
  </id>
  <name>
   Addidas Skirt N-4099
  </name>
  <category>
   Skirt
  </category>
  <size>
   M
  </size>
  <color>
   Фиолетовый
  </color>
  <material>
   Вискоза
  </material>
  <price>
   216618
  </price>
  <rating>
   1.45
  </rating>
  <reviews>
   528270
  </reviews>
 </clothing>
 <clothing>
  <id>
   816488581
  </id>
  <name>
   Addidas T-shirt S-7355
  </name>
  <category>
   T-shirt
  </category>
  <size>
   XXL
  </size>
  <color>
   Оранжевый
  </color>
  <material>
   Лен
  </material>
  <price>
   130919
  </price>
  <rating>
   2.11
  </rating>
  <reviews>
   396392
  </reviews>
  <new>
   -
  </new>
  <sporty>
   yes
  </sporty>
 </clothing>
 <clothing>
  <id>
   453377858
  </id>
  <name>
   Nike Handbags I-1268
  </name>
  <category>
   Handbags
  </category>
  <size>
   XXL
  </size>
  <color>
   Зеленый
  </color>
  <material>
   Кожа
  </material>
  <price>
   682242
  </price>
  <rating>
   3.81
  </rating>
  <reviews>
   704048
  </reviews>
  <exclusive>
   no
  </exclusive>
  <sporty>
   no
  </sporty>
 </clothing>
 <clothing>
  <id>
   917088108
  </id>
  <name>
   PleinSport Jacket L-1686
  </name>
  <category>
   Jacket
  </category>
  <size>
   M
  </size>
  <color>
   Синий
  </color>
  <material>
   Шерсть
  </material>
  <price>
   686529
  </price>
  <rating>
   4.37
  </rating>
  <reviews>
   453672
  </reviews>
  <new>
   -
  </new>
  <exclusive>
   no
  </exclusive>
  <sporty>
   no
  </sporty>
 </clothing>
 <clothing>
  <id>
   272757447
  </id>
  <name>
   DC Umbrellas E-3232
  </name>
  <category>
   Umbrellas
  </category>
  <size>
   XL
  </size>
  <color>
   Желтый
  </color>
  <material>
   Хлопок
  </material>
  <price>
   684599
  </price>
  <rating>
   1.73
  </rating>
  <reviews>
   601434
  </reviews>
  <exclusive>
   no
  </exclusive>
  <sporty>
   no
  </sporty>
 </clothing>
 <clothing>
  <id>
   618792590
  </id>
  <name>
   Addidas Skirt K-3396
  </name>
  <category>
   Skirt
  </category>
  <size>
   XXL
  </size>
  <color>
   Оранжевый
  </color>
  <material>
   Вискоза
  </material>
  <price>
   591925
  </price>
  <rating>
   4.71
  </rating>
  <reviews>
   35960
  </reviews>
  <sporty>
   no
  </sporty>
 </clothing>
 <clothing>
  <id>
   354029027
  </id>
  <name>
   Ellesse Shoes B-9766
  </name>
  <category>
   Shoes
  </category>
  <size>
   XL
  </size>
  <color>
   Желтый
  </color>
  <material>
   Вискоза
  </material>
  <price>
   813623
  </price>
  <rating>
   4.2
  </rating>
  <reviews>
   601264
  </reviews>
  <exclusive>
   no
  </exclusive>
 </clothing>
 <clothing>
  <id>
   258629151
  </id>
  <name>
   Nike Shirt Z-2211
  </name>
  <category>
   Shirt
  </category>
  <size>
   S
  </size>
  <color>
   Желтый
  </color>
  <material>
   Нейлон
  </material>
  <price>
   830588
  </price>
  <rating>
   2.14
  </rating>
  <reviews>
   257754
  </reviews>
  <exclusive>
   no
  </exclusive>
 </clothing>
 <clothing>
  <id>
   855901679
  </id>
  <name>
   Reebok Umbrellas I-5431
  </name>
  <category>
   Umbrellas
  </category>
  <size>
   XXL
  </size>
  <color>
   Фиолетовый
  </color>
  <material>
   Вискоза
  </material>
  <price>
   652467
  </price>
  <rating>
   4.02
  </rating>
  <reviews>
   780367
  </reviews>
  <new>
   -
  </new>
  <exclusive>
   no
  </exclusive>
  <sporty>
   no
  </sporty>
 </clothing>
 <clothing>
  <id>
   550118949
  </id>
  <name>
   Ellesse Belts A-8012
  </name>
  <category>
   Belts
  </category>
  <size>
   M
  </size>
  <color>
   Синий
  </color>
  <material>
   Нейлон
  </material>
  <price>
   258650
  </price>
  <rating>
   2.56
  </rating>
  <reviews>
   727409
  </reviews>
 </clothing>
 <clothing>
  <id>
   573876397
  </id>
  <name>
   Lacoste Belts L-1070
  </name>
  <category>
   Belts
  </category>
  <size>
   XXL
  </size>
  <color>
   Фиолетовый
  </color>
  <material>
   Шелк
  </material>
  <price>
   703839
  </price>
  <rating>
   1.53
  </rating>
  <reviews>
   600658
  </reviews>
  <new>
   -
  </new>
  <sporty>
   no
  </sporty>
 </clothing>
 <clothing>
  <id>
   684408425
  </id>
  <name>
   Reebok Umbrellas I-9052
  </name>
  <category>
   Umbrellas
  </category>
  <size>
   S
  </size>
  <color>
   Зеленый
  </color>
  <material>
   Нейлон
  </material>
  <price>
   753936
  </price>
  <rating>
   2.01
  </rating>
  <reviews>
   708121
  </reviews>
  <new>
   +
  </new>
  <exclusive>
   no
  </exclusive>
  <sporty>
   yes
  </sporty>
 </clothing>
</clothing-items>
