<?xml version="1.0" encoding="utf-8"?>
<clothing-items>
 <clothing>
  <id>
   317196212
  </id>
  <name>
   Ellesse Sweater K-5568
  </name>
  <category>
   Sweater
  </category>
  <size>
   S
  </size>
  <color>
   Оранжевый
  </color>
  <material>
   Шерсть
  </material>
  <price>
   993770
  </price>
  <rating>
   3.35
  </rating>
  <reviews>
   163755
  </reviews>
  <exclusive>
   yes
  </exclusive>
  <sporty>
   yes
  </sporty>
 </clothing>
 <clothing>
  <id>
   347243516
  </id>
  <name>
   Addidas Gloves Y-9905
  </name>
  <category>
   Gloves
  </category>
  <size>
   XL
  </size>
  <color>
   Фиолетовый
  </color>
  <material>
   Хлопок
  </material>
  <price>
   271735
  </price>
  <rating>
   2.53
  </rating>
  <reviews>
   60420
  </reviews>
  <exclusive>
   no
  </exclusive>
  <sporty>
   no
  </sporty>
 </clothing>
 <clothing>
  <id>
   369403014
  </id>
  <name>
   Addidas Dress V-1182
  </name>
  <category>
   Dress
  </category>
  <size>
   M
  </size>
  <color>
   Фиолетовый
  </color>
  <material>
   Хлопок
  </material>
  <price>
   333832
  </price>
  <rating>
   4.36
  </rating>
  <reviews>
   706545
  </reviews>
  <new>
   -
  </new>
  <sporty>
   no
  </sporty>
 </clothing>
 <clothing>
  <id>
   755689605
  </id>
  <name>
   Addidas Shirt M-3356
  </name>
  <category>
   Shirt
  </category>
  <size>
   S
  </size>
  <color>
   Зеленый
  </color>
  <material>
   Шелк
  </material>
  <price>
   953521
  </price>
  <rating>
   2.0
  </rating>
  <reviews>
   395678
  </reviews>
  <sporty>
   yes
  </sporty>
 </clothing>
 <clothing>
  <id>
   680503948
  </id>
  <name>
   Brooks Shirt G-2907
  </name>
  <category>
   Shirt
  </category>
  <size>
   XXL
  </size>
  <color>
   Фиолетовый
  </color>
  <material>
   Хлопок
  </material>
  <price>
   785509
  </price>
  <rating>
   1.7
  </rating>
  <reviews>
   674435
  </reviews>
  <new>
   +
  </new>
  <exclusive>
   no
  </exclusive>
  <sporty>
   no
  </sporty>
 </clothing>
 <clothing>
  <id>
   512590510
  </id>
  <name>
   Puma Belts G-4385
  </name>
  <category>
   Belts
  </category>
  <size>
   S
  </size>
  <color>
   Красный
  </color>
  <material>
   Шелк
  </material>
  <price>
   772716
  </price>
  <rating>
   2.35
  </rating>
  <reviews>
   853328
  </reviews>
  <new>
   +
  </new>
 </clothing>
 <clothing>
  <id>
   955590020
  </id>
  <name>
   Brooks Shoes A-2109
  </name>
  <category>
   Shoes
  </category>
  <size>
   M
  </size>
  <color>
   Голубой
  </color>
  <material>
   Хлопок
  </material>
  <price>
   470297
  </price>
  <rating>
   1.15
  </rating>
  <reviews>
   98821
  </reviews>
  <new>
   -
  </new>
 </clothing>
 <clothing>
  <id>
   933980153
  </id>
  <name>
   Reebok Jacket A-3565
  </name>
  <category>
   Jacket
  </category>
  <size>
   S
  </size>
  <color>
   Красный
  </color>
  <material>
   Шелк
  </material>
  <price>
   921045
  </price>
  <rating>
   2.72
  </rating>
  <reviews>
   576200
  </reviews>
  <exclusive>
   no
  </exclusive>
 </clothing>
 <clothing>
  <id>
   772241796
  </id>
  <name>
   Lacoste Jacket O-6705
  </name>
  <category>
   Jacket
  </category>
  <size>
   XL
  </size>
  <color>
   Фиолетовый
  </color>
  <material>
   Хлопок
  </material>
  <price>
   960509
  </price>
  <rating>
   2.66
  </rating>
  <reviews>
   520777
  </reviews>
  <sporty>
   no
  </sporty>
 </clothing>
 <clothing>
  <id>
   772643637
  </id>
  <name>
   Lacoste Umbrellas P-7951
  </name>
  <category>
   Umbrellas
  </category>
  <size>
   XXL
  </size>
  <color>
   Красный
  </color>
  <material>
   Лен
  </material>
  <price>
   970684
  </price>
  <rating>
   3.33
  </rating>
  <reviews>
   29891
  </reviews>
  <exclusive>
   no
  </exclusive>
  <sporty>
   no
  </sporty>
 </clothing>
 <clothing>
  <id>
   447929764
  </id>
  <name>
   Puma Shoes D-3599
  </name>
  <category>
   Shoes
  </category>
  <size>
   L
  </size>
  <color>
   Желтый
  </color>
  <material>
   Полиэстер
  </material>
  <price>
   373889
  </price>
  <rating>
   2.44
  </rating>
  <reviews>
   528893
  </reviews>
  <new>
   +
  </new>
 </clothing>
 <clothing>
  <id>
   315909809
  </id>
  <name>
   Reebok Umbrellas V-9826
  </name>
  <category>
   Umbrellas
  </category>
  <size>
   M
  </size>
  <color>
   Синий
  </color>
  <material>
   Кожа
  </material>
  <price>
   966379
  </price>
  <rating>
   2.59
  </rating>
  <reviews>
   48331
  </reviews>
  <new>
   -
  </new>
  <sporty>
   no
  </sporty>
 </clothing>
 <clothing>
  <id>
   118132956
  </id>
  <name>
   Nike Skirt I-5626
  </name>
  <category>
   Skirt
  </category>
  <size>
   S
  </size>
  <color>
   Оранжевый
  </color>
  <material>
   Шерсть
  </material>
  <price>
   472323
  </price>
  <rating>
   4.28
  </rating>
  <reviews>
   367254
  </reviews>
 </clothing>
 <clothing>
  <id>
   185558383
  </id>
  <name>
   Asics Jeans N-4300
  </name>
  <category>
   Jeans
  </category>
  <size>
   XXL
  </size>
  <color>
   Синий
  </color>
  <material>
   Кожа
  </material>
  <price>
   274235
  </price>
  <rating>
   3.15
  </rating>
  <reviews>
   477844
  </reviews>
  <new>
   +
  </new>
  <exclusive>
   yes
  </exclusive>
  <sporty>
   no
  </sporty>
 </clothing>
 <clothing>
  <id>
   347993797
  </id>
  <name>
   Lacoste Blouse P-3135
  </name>
  <category>
   Blouse
  </category>
  <size>
   M
  </size>
  <color>
   Голубой
  </color>
  <material>
   Хлопок
  </material>
  <price>
   589359
  </price>
  <rating>
   1.54
  </rating>
  <reviews>
   376950
  </reviews>
  <new>
   -
  </new>
 </clothing>
 <clothing>
  <id>
   656604911
  </id>
  <name>
   PleinSport Belts F-7921
  </name>
  <category>
   Belts
  </category>
  <size>
   S
  </size>
  <color>
   Красный
  </color>
  <material>
   Шелк
  </material>
  <price>
   213312
  </price>
  <rating>
   1.92
  </rating>
  <reviews>
   312434
  </reviews>
  <exclusive>
   yes
  </exclusive>
 </clothing>
 <clothing>
  <id>
   396773253
  </id>
  <name>
   Addidas Socks R-5960
  </name>
  <category>
   Socks
  </category>
  <size>
   S
  </size>
  <color>
   Красный
  </color>
  <material>
   Шелк
  </material>
  <price>
   858463
  </price>
  <rating>
   2.85
  </rating>
  <reviews>
   832921
  </reviews>
  <new>
   +
  </new>
 </clothing>
 <clothing>
  <id>
   220880916
  </id>
  <name>
   Puma Dress U-1573
  </name>
  <category>
   Dress
  </category>
  <size>
   S
  </size>
  <color>
   Красный
  </color>
  <material>
   Вискоза
  </material>
  <price>
   371422
  </price>
  <rating>
   1.38
  </rating>
  <reviews>
   430478
  </reviews>
  <new>
   -
  </new>
  <sporty>
   no
  </sporty>
 </clothing>
 <clothing>
  <id>
   837792568
  </id>
  <name>
   Under Armour Hat S-1670
  </name>
  <category>
   Hat
  </category>
  <size>
   M
  </size>
  <color>
   Синий
  </color>
  <material>
   Нейлон
  </material>
  <price>
   427370
  </price>
  <rating>
   1.21
  </rating>
  <reviews>
   245359
  </reviews>
  <new>
   +
  </new>
 </clothing>
 <clothing>
  <id>
   338246631
  </id>
  <name>
   Asics Umbrellas P-1885
  </name>
  <category>
   Umbrellas
  </category>
  <size>
   L
  </size>
  <color>
   Синий
  </color>
  <material>
   Полиэстер
  </material>
  <price>
   756960
  </price>
  <rating>
   1.38
  </rating>
  <reviews>
   781611
  </reviews>
  <new>
   +
  </new>
  <exclusive>
   no
  </exclusive>
 </clothing>
 <clothing>
  <id>
   549797797
  </id>
  <name>
   Vans Jeans J-6917
  </name>
  <category>
   Jeans
  </category>
  <size>
   M
  </size>
  <color>
   Голубой
  </color>
  <material>
   Лен
  </material>
  <price>
   679907
  </price>
  <rating>
   2.76
  </rating>
  <reviews>
   131443
  </reviews>
  <exclusive>
   no
  </exclusive>
  <sporty>
   no
  </sporty>
 </clothing>
</clothing-items>
