<?xml version="1.0" encoding="utf-8"?>
<clothing-items>
 <clothing>
  <id>
   533352562
  </id>
  <name>
   New Balance Sweater W-1624
  </name>
  <category>
   Sweater
  </category>
  <size>
   XXL
  </size>
  <color>
   Синий
  </color>
  <material>
   Полиэстер
  </material>
  <price>
   403793
  </price>
  <rating>
   4.71
  </rating>
  <reviews>
   767360
  </reviews>
  <exclusive>
   yes
  </exclusive>
 </clothing>
 <clothing>
  <id>
   817802298
  </id>
  <name>
   Vans Jacket E-1258
  </name>
  <category>
   Jacket
  </category>
  <size>
   XXL
  </size>
  <color>
   Зеленый
  </color>
  <material>
   Полиэстер
  </material>
  <price>
   952459
  </price>
  <rating>
   4.04
  </rating>
  <reviews>
   974035
  </reviews>
  <exclusive>
   yes
  </exclusive>
 </clothing>
 <clothing>
  <id>
   254510173
  </id>
  <name>
   Puma Pants B-8694
  </name>
  <category>
   Pants
  </category>
  <size>
   XL
  </size>
  <color>
   Фиолетовый
  </color>
  <material>
   Шерсть
  </material>
  <price>
   975898
  </price>
  <rating>
   4.18
  </rating>
  <reviews>
   388907
  </reviews>
  <new>
   +
  </new>
 </clothing>
 <clothing>
  <id>
   763293247
  </id>
  <name>
   Addidas Shirt P-7089
  </name>
  <category>
   Shirt
  </category>
  <size>
   M
  </size>
  <color>
   Зеленый
  </color>
  <material>
   Шерсть
  </material>
  <price>
   548735
  </price>
  <rating>
   3.9
  </rating>
  <reviews>
   459932
  </reviews>
  <new>
   -
  </new>
 </clothing>
 <clothing>
  <id>
   522139346
  </id>
  <name>
   Puma Gloves S-8649
  </name>
  <category>
   Gloves
  </category>
  <size>
   S
  </size>
  <color>
   Желтый
  </color>
  <material>
   Полиэстер
  </material>
  <price>
   557121
  </price>
  <rating>
   1.52
  </rating>
  <reviews>
   871028
  </reviews>
  <sporty>
   no
  </sporty>
 </clothing>
 <clothing>
  <id>
   514243734
  </id>
  <name>
   PleinSport Handbags J-1955
  </name>
  <category>
   Handbags
  </category>
  <size>
   S
  </size>
  <color>
   Желтый
  </color>
  <material>
   Нейлон
  </material>
  <price>
   515597
  </price>
  <rating>
   3.18
  </rating>
  <reviews>
   129275
  </reviews>
  <new>
   +
  </new>
  <sporty>
   no
  </sporty>
 </clothing>
 <clothing>
  <id>
   824514295
  </id>
  <name>
   Converse Jacket H-5682
  </name>
  <category>
   Jacket
  </category>
  <size>
   XL
  </size>
  <color>
   Голубой
  </color>
  <material>
   Кожа
  </material>
  <price>
   822765
  </price>
  <rating>
   3.09
  </rating>
  <reviews>
   717366
  </reviews>
  <new>
   -
  </new>
 </clothing>
 <clothing>
  <id>
   746650053
  </id>
  <name>
   Vans Jacket Q-8419
  </name>
  <category>
   Jacket
  </category>
  <size>
   XL
  </size>
  <color>
   Красный
  </color>
  <material>
   Нейлон
  </material>
  <price>
   112967
  </price>
  <rating>
   3.08
  </rating>
  <reviews>
   520043
  </reviews>
  <sporty>
   yes
  </sporty>
 </clothing>
 <clothing>
  <id>
   632524966
  </id>
  <name>
   Adidas Jacket Z-5542
  </name>
  <category>
   Jacket
  </category>
  <size>
   S
  </size>
  <color>
   Красный
  </color>
  <material>
   Полиэстер
  </material>
  <price>
   985807
  </price>
  <rating>
   3.44
  </rating>
  <reviews>
   227837
  </reviews>
  <exclusive>
   yes
  </exclusive>
  <sporty>
   no
  </sporty>
 </clothing>
 <clothing>
  <id>
   965544397
  </id>
  <name>
   Nike Jacket B-1717
  </name>
  <category>
   Jacket
  </category>
  <size>
   S
  </size>
  <color>
   Фиолетовый
  </color>
  <material>
   Лен
  </material>
  <price>
   101891
  </price>
  <rating>
   3.08
  </rating>
  <reviews>
   608284
  </reviews>
  <new>
   -
  </new>
  <sporty>
   yes
  </sporty>
 </clothing>
 <clothing>
  <id>
   941566185
  </id>
  <name>
   New Balance T-shirt A-6956
  </name>
  <category>
   T-shirt
  </category>
  <size>
   M
  </size>
  <color>
   Синий
  </color>
  <material>
   Вискоза
  </material>
  <price>
   663510
  </price>
  <rating>
   3.93
  </rating>
  <reviews>
   799468
  </reviews>
  <exclusive>
   no
  </exclusive>
  <sporty>
   no
  </sporty>
 </clothing>
 <clothing>
  <id>
   488766270
  </id>
  <name>
   DC Hat P-5322
  </name>
  <category>
   Hat
  </category>
  <size>
   S
  </size>
  <color>
   Зеленый
  </color>
  <material>
   Хлопок
  </material>
  <price>
   106890
  </price>
  <rating>
   3.88
  </rating>
  <reviews>
   998961
  </reviews>
  <new>
   +
  </new>
  <exclusive>
   no
  </exclusive>
  <sporty>
   yes
  </sporty>
 </clothing>
 <clothing>
  <id>
   122126351
  </id>
  <name>
   Reebok T-shirt J-7478
  </name>
  <category>
   T-shirt
  </category>
  <size>
   XXL
  </size>
  <color>
   Зеленый
  </color>
  <material>
   Полиэстер
  </material>
  <price>
   484349
  </price>
  <rating>
   3.82
  </rating>
  <reviews>
   593928
  </reviews>
  <new>
   -
  </new>
  <exclusive>
   no
  </exclusive>
 </clothing>
 <clothing>
  <id>
   925914618
  </id>
  <name>
   Lacoste Shoes X-2973
  </name>
  <category>
   Shoes
  </category>
  <size>
   XXL
  </size>
  <color>
   Синий
  </color>
  <material>
   Шерсть
  </material>
  <price>
   913141
  </price>
  <rating>
   2.63
  </rating>
  <reviews>
   487628
  </reviews>
  <new>
   +
  </new>
  <exclusive>
   yes
  </exclusive>
 </clothing>
 <clothing>
  <id>
   942660104
  </id>
  <name>
   DC Jeans B-5894
  </name>
  <category>
   Jeans
  </category>
  <size>
   S
  </size>
  <color>
   Голубой
  </color>
  <material>
   Полиэстер
  </material>
  <price>
   392882
  </price>
  <rating>
   2.58
  </rating>
  <reviews>
   260957
  </reviews>
  <new>
   -
  </new>
 </clothing>
 <clothing>
  <id>
   687879344
  </id>
  <name>
   Nike Skirt G-3189
  </name>
  <category>
   Skirt
  </category>
  <size>
   M
  </size>
  <color>
   Синий
  </color>
  <material>
   Вискоза
  </material>
  <price>
   257206
  </price>
  <rating>
   1.67
  </rating>
  <reviews>
   53303
  </reviews>
  <sporty>
   no
  </sporty>
 </clothing>
 <clothing>
  <id>
   363560640
  </id>
  <name>
   Adidas Handbags V-2838
  </name>
  <category>
   Handbags
  </category>
  <size>
   M
  </size>
  <color>
   Зеленый
  </color>
  <material>
   Вискоза
  </material>
  <price>
   240251
  </price>
  <rating>
   4.69
  </rating>
  <reviews>
   272199
  </reviews>
 </clothing>
 <clothing>
  <id>
   574428474
  </id>
  <name>
   Nike Hat Y-5930
  </name>
  <category>
   Hat
  </category>
  <size>
   S
  </size>
  <color>
   Синий
  </color>
  <material>
   Полиэстер
  </material>
  <price>
   831991
  </price>
  <rating>
   1.59
  </rating>
  <reviews>
   188695
  </reviews>
  <new>
   +
  </new>
  <sporty>
   yes
  </sporty>
 </clothing>
 <clothing>
  <id>
   919580340
  </id>
  <name>
   Nike T-shirt E-7643
  </name>
  <category>
   T-shirt
  </category>
  <size>
   M
  </size>
  <color>
   Желтый
  </color>
  <material>
   Вискоза
  </material>
  <price>
   864869
  </price>
  <rating>
   4.48
  </rating>
  <reviews>
   664006
  </reviews>
  <new>
   +
  </new>
  <sporty>
   no
  </sporty>
 </clothing>
 <clothing>
  <id>
   713802276
  </id>
  <name>
   Under Armour Jacket R-4317
  </name>
  <category>
   Jacket
  </category>
  <size>
   M
  </size>
  <color>
   Оранжевый
  </color>
  <material>
   Кожа
  </material>
  <price>
   854333
  </price>
  <rating>
   2.19
  </rating>
  <reviews>
   464531
  </reviews>
  <new>
   -
  </new>
  <exclusive>
   no
  </exclusive>
  <sporty>
   no
  </sporty>
 </clothing>
 <clothing>
  <id>
   186113855
  </id>
  <name>
   New Balance Gloves F-5199
  </name>
  <category>
   Gloves
  </category>
  <size>
   S
  </size>
  <color>
   Желтый
  </color>
  <material>
   Шерсть
  </material>
  <price>
   141526
  </price>
  <rating>
   2.64
  </rating>
  <reviews>
   10739
  </reviews>
  <new>
   -
  </new>
  <exclusive>
   yes
  </exclusive>
 </clothing>
 <clothing>
  <id>
   641829705
  </id>
  <name>
   PleinSport Blouse L-5840
  </name>
  <category>
   Blouse
  </category>
  <size>
   L
  </size>
  <color>
   Голубой
  </color>
  <material>
   Кожа
  </material>
  <price>
   305679
  </price>
  <rating>
   4.3
  </rating>
  <reviews>
   118598
  </reviews>
  <new>
   -
  </new>
  <sporty>
   no
  </sporty>
 </clothing>
 <clothing>
  <id>
   979732323
  </id>
  <name>
   Ellesse Jacket S-9243
  </name>
  <category>
   Jacket
  </category>
  <size>
   M
  </size>
  <color>
   Оранжевый
  </color>
  <material>
   Шелк
  </material>
  <price>
   962569
  </price>
  <rating>
   2.42
  </rating>
  <reviews>
   769222
  </reviews>
  <new>
   -
  </new>
  <sporty>
   no
  </sporty>
 </clothing>
 <clothing>
  <id>
   583091171
  </id>
  <name>
   Vans Pants D-2584
  </name>
  <category>
   Pants
  </category>
  <size>
   S
  </size>
  <color>
   Голубой
  </color>
  <material>
   Нейлон
  </material>
  <price>
   209228
  </price>
  <rating>
   4.46
  </rating>
  <reviews>
   290407
  </reviews>
  <exclusive>
   no
  </exclusive>
  <sporty>
   no
  </sporty>
 </clothing>
 <clothing>
  <id>
   507359251
  </id>
  <name>
   Lacoste Socks L-1225
  </name>
  <category>
   Socks
  </category>
  <size>
   XXL
  </size>
  <color>
   Оранжевый
  </color>
  <material>
   Хлопок
  </material>
  <price>
   893558
  </price>
  <rating>
   2.59
  </rating>
  <reviews>
   736248
  </reviews>
  <new>
   -
  </new>
  <exclusive>
   no
  </exclusive>
 </clothing>
 <clothing>
  <id>
   916231072
  </id>
  <name>
   Vans Blouse C-8488
  </name>
  <category>
   Blouse
  </category>
  <size>
   L
  </size>
  <color>
   Голубой
  </color>
  <material>
   Кожа
  </material>
  <price>
   807758
  </price>
  <rating>
   3.79
  </rating>
  <reviews>
   833085
  </reviews>
  <new>
   +
  </new>
  <exclusive>
   yes
  </exclusive>
  <sporty>
   yes
  </sporty>
 </clothing>
 <clothing>
  <id>
   351539279
  </id>
  <name>
   Puma Skirt A-3081
  </name>
  <category>
   Skirt
  </category>
  <size>
   XXL
  </size>
  <color>
   Фиолетовый
  </color>
  <material>
   Кожа
  </material>
  <price>
   639158
  </price>
  <rating>
   1.86
  </rating>
  <reviews>
   607051
  </reviews>
  <exclusive>
   no
  </exclusive>
  <sporty>
   yes
  </sporty>
 </clothing>
 <clothing>
  <id>
   888421933
  </id>
  <name>
   Nike Shoes I-4129
  </name>
  <category>
   Shoes
  </category>
  <size>
   XXL
  </size>
  <color>
   Фиолетовый
  </color>
  <material>
   Лен
  </material>
  <price>
   781512
  </price>
  <rating>
   1.77
  </rating>
  <reviews>
   694119
  </reviews>
  <new>
   +
  </new>
  <sporty>
   no
  </sporty>
 </clothing>
 <clothing>
  <id>
   960162091
  </id>
  <name>
   Addidas Gloves W-6360
  </name>
  <category>
   Gloves
  </category>
  <size>
   M
  </size>
  <color>
   Красный
  </color>
  <material>
   Лен
  </material>
  <price>
   899967
  </price>
  <rating>
   3.98
  </rating>
  <reviews>
   142015
  </reviews>
  <exclusive>
   yes
  </exclusive>
  <sporty>
   no
  </sporty>
 </clothing>
 <clothing>
  <id>
   572958272
  </id>
  <name>
   Lacoste Umbrellas O-1488
  </name>
  <category>
   Umbrellas
  </category>
  <size>
   S
  </size>
  <color>
   Синий
  </color>
  <material>
   Полиэстер
  </material>
  <price>
   881996
  </price>
  <rating>
   3.77
  </rating>
  <reviews>
   146157
  </reviews>
  <new>
   +
  </new>
 </clothing>
 <clothing>
  <id>
   701695946
  </id>
  <name>
   Brooks Gloves L-7813
  </name>
  <category>
   Gloves
  </category>
  <size>
   L
  </size>
  <color>
   Желтый
  </color>
  <material>
   Нейлон
  </material>
  <price>
   588591
  </price>
  <rating>
   2.12
  </rating>
  <reviews>
   102301
  </reviews>
  <new>
   -
  </new>
  <exclusive>
   no
  </exclusive>
  <sporty>
   no
  </sporty>
 </clothing>
 <clothing>
  <id>
   709502483
  </id>
  <name>
   Addidas Blouse D-2747
  </name>
  <category>
   Blouse
  </category>
  <size>
   S
  </size>
  <color>
   Оранжевый
  </color>
  <material>
   Шерсть
  </material>
  <price>
   389971
  </price>
  <rating>
   2.95
  </rating>
  <reviews>
   574781
  </reviews>
  <sporty>
   no
  </sporty>
 </clothing>
 <clothing>
  <id>
   177775006
  </id>
  <name>
   Under Armour Handbags A-5937
  </name>
  <category>
   Handbags
  </category>
  <size>
   XXL
  </size>
  <color>
   Синий
  </color>
  <material>
   Нейлон
  </material>
  <price>
   340676
  </price>
  <rating>
   3.15
  </rating>
  <reviews>
   315489
  </reviews>
  <exclusive>
   yes
  </exclusive>
 </clothing>
 <clothing>
  <id>
   677113634
  </id>
  <name>
   Fila Socks Q-9193
  </name>
  <category>
   Socks
  </category>
  <size>
   XL
  </size>
  <color>
   Зеленый
  </color>
  <material>
   Шелк
  </material>
  <price>
   103041
  </price>
  <rating>
   3.19
  </rating>
  <reviews>
   674360
  </reviews>
  <sporty>
   no
  </sporty>
 </clothing>
 <clothing>
  <id>
   736346854
  </id>
  <name>
   Under Armour Socks Z-7530
  </name>
  <category>
   Socks
  </category>
  <size>
   S
  </size>
  <color>
   Красный
  </color>
  <material>
   Полиэстер
  </material>
  <price>
   125792
  </price>
  <rating>
   3.87
  </rating>
  <reviews>
   119387
  </reviews>
  <new>
   -
  </new>
  <exclusive>
   no
  </exclusive>
  <sporty>
   yes
  </sporty>
 </clothing>
 <clothing>
  <id>
   394907136
  </id>
  <name>
   Adidas Hat Q-8351
  </name>
  <category>
   Hat
  </category>
  <size>
   S
  </size>
  <color>
   Голубой
  </color>
  <material>
   Хлопок
  </material>
  <price>
   782781
  </price>
  <rating>
   2.95
  </rating>
  <reviews>
   378625
  </reviews>
 </clothing>
 <clothing>
  <id>
   554155040
  </id>
  <name>
   Brooks Skirt O-5914
  </name>
  <category>
   Skirt
  </category>
  <size>
   XXL
  </size>
  <color>
   Красный
  </color>
  <material>
   Вискоза
  </material>
  <price>
   451951
  </price>
  <rating>
   4.26
  </rating>
  <reviews>
   702229
  </reviews>
  <new>
   +
  </new>
  <exclusive>
   no
  </exclusive>
  <sporty>
   no
  </sporty>
 </clothing>
 <clothing>
  <id>
   543886379
  </id>
  <name>
   Brooks Sweater D-9742
  </name>
  <category>
   Sweater
  </category>
  <size>
   M
  </size>
  <color>
   Фиолетовый
  </color>
  <material>
   Полиэстер
  </material>
  <price>
   390829
  </price>
  <rating>
   4.57
  </rating>
  <reviews>
   476680
  </reviews>
  <new>
   +
  </new>
  <exclusive>
   yes
  </exclusive>
  <sporty>
   yes
  </sporty>
 </clothing>
 <clothing>
  <id>
   754097280
  </id>
  <name>
   Nike Belts T-8184
  </name>
  <category>
   Belts
  </category>
  <size>
   M
  </size>
  <color>
   Синий
  </color>
  <material>
   Хлопок
  </material>
  <price>
   687090
  </price>
  <rating>
   1.23
  </rating>
  <reviews>
   462143
  </reviews>
  <sporty>
   no
  </sporty>
 </clothing>
 <clothing>
  <id>
   899345568
  </id>
  <name>
   DC Shirt H-5310
  </name>
  <category>
   Shirt
  </category>
  <size>
   S
  </size>
  <color>
   Оранжевый
  </color>
  <material>
   Вискоза
  </material>
  <price>
   977938
  </price>
  <rating>
   2.7
  </rating>
  <reviews>
   340936
  </reviews>
  <exclusive>
   no
  </exclusive>
  <sporty>
   no
  </sporty>
 </clothing>
 <clothing>
  <id>
   602977933
  </id>
  <name>
   Converse Sweater Z-3628
  </name>
  <category>
   Sweater
  </category>
  <size>
   L
  </size>
  <color>
   Зеленый
  </color>
  <material>
   Хлопок
  </material>
  <price>
   653812
  </price>
  <rating>
   3.62
  </rating>
  <reviews>
   305701
  </reviews>
  <sporty>
   yes
  </sporty>
 </clothing>
 <clothing>
  <id>
   500604140
  </id>
  <name>
   Addidas Gloves F-5948
  </name>
  <category>
   Gloves
  </category>
  <size>
   S
  </size>
  <color>
   Красный
  </color>
  <material>
   Хлопок
  </material>
  <price>
   933433
  </price>
  <rating>
   2.25
  </rating>
  <reviews>
   763092
  </reviews>
  <new>
   -
  </new>
  <exclusive>
   no
  </exclusive>
  <sporty>
   no
  </sporty>
 </clothing>
</clothing-items>
