<?xml version="1.0" encoding="utf-8"?>
<clothing-items>
 <clothing>
  <id>
   888399247
  </id>
  <name>
   Adidas Blouse W-6846
  </name>
  <category>
   Blouse
  </category>
  <size>
   S
  </size>
  <color>
   Желтый
  </color>
  <material>
   Нейлон
  </material>
  <price>
   130939
  </price>
  <rating>
   2.99
  </rating>
  <reviews>
   329120
  </reviews>
  <new>
   -
  </new>
  <exclusive>
   no
  </exclusive>
  <sporty>
   yes
  </sporty>
 </clothing>
 <clothing>
  <id>
   749001430
  </id>
  <name>
   Adidas Umbrellas P-2958
  </name>
  <category>
   Umbrellas
  </category>
  <size>
   S
  </size>
  <color>
   Желтый
  </color>
  <material>
   Шерсть
  </material>
  <price>
   208533
  </price>
  <rating>
   2.94
  </rating>
  <reviews>
   19010
  </reviews>
  <exclusive>
   no
  </exclusive>
  <sporty>
   no
  </sporty>
 </clothing>
 <clothing>
  <id>
   320044100
  </id>
  <name>
   Reebok Handbags E-7312
  </name>
  <category>
   Handbags
  </category>
  <size>
   L
  </size>
  <color>
   Фиолетовый
  </color>
  <material>
   Лен
  </material>
  <price>
   876469
  </price>
  <rating>
   4.36
  </rating>
  <reviews>
   793966
  </reviews>
  <exclusive>
   yes
  </exclusive>
  <sporty>
   no
  </sporty>
 </clothing>
 <clothing>
  <id>
   402460175
  </id>
  <name>
   Fila Socks D-8961
  </name>
  <category>
   Socks
  </category>
  <size>
   S
  </size>
  <color>
   Фиолетовый
  </color>
  <material>
   Полиэстер
  </material>
  <price>
   361931
  </price>
  <rating>
   3.63
  </rating>
  <reviews>
   350757
  </reviews>
  <sporty>
   no
  </sporty>
 </clothing>
 <clothing>
  <id>
   734771263
  </id>
  <name>
   Asics Socks B-8659
  </name>
  <category>
   Socks
  </category>
  <size>
   XXL
  </size>
  <color>
   Фиолетовый
  </color>
  <material>
   Хлопок
  </material>
  <price>
   277622
  </price>
  <rating>
   1.9
  </rating>
  <reviews>
   24882
  </reviews>
  <exclusive>
   no
  </exclusive>
 </clothing>
 <clothing>
  <id>
   929929404
  </id>
  <name>
   Addidas Umbrellas D-2507
  </name>
  <category>
   Umbrellas
  </category>
  <size>
   XXL
  </size>
  <color>
   Фиолетовый
  </color>
  <material>
   Лен
  </material>
  <price>
   460698
  </price>
  <rating>
   2.56
  </rating>
  <reviews>
   473946
  </reviews>
  <exclusive>
   no
  </exclusive>
  <sporty>
   yes
  </sporty>
 </clothing>
 <clothing>
  <id>
   890251851
  </id>
  <name>
   Ellesse Shoes U-3429
  </name>
  <category>
   Shoes
  </category>
  <size>
   XL
  </size>
  <color>
   Фиолетовый
  </color>
  <material>
   Полиэстер
  </material>
  <price>
   887669
  </price>
  <rating>
   4.56
  </rating>
  <reviews>
   300598
  </reviews>
  <new>
   -
  </new>
  <exclusive>
   no
  </exclusive>
  <sporty>
   yes
  </sporty>
 </clothing>
 <clothing>
  <id>
   911916862
  </id>
  <name>
   Under Armour Shirt B-3727
  </name>
  <category>
   Shirt
  </category>
  <size>
   L
  </size>
  <color>
   Голубой
  </color>
  <material>
   Лен
  </material>
  <price>
   271111
  </price>
  <rating>
   3.36
  </rating>
  <reviews>
   793062
  </reviews>
  <exclusive>
   no
  </exclusive>
  <sporty>
   no
  </sporty>
 </clothing>
 <clothing>
  <id>
   100283659
  </id>
  <name>
   Puma Skirt D-5957
  </name>
  <category>
   Skirt
  </category>
  <size>
   M
  </size>
  <color>
   Красный
  </color>
  <material>
   Лен
  </material>
  <price>
   588918
  </price>
  <rating>
   1.3
  </rating>
  <reviews>
   700653
  </reviews>
  <new>
   -
  </new>
  <exclusive>
   no
  </exclusive>
  <sporty>
   no
  </sporty>
 </clothing>
 <clothing>
  <id>
   624042444
  </id>
  <name>
   Nike Jeans P-9995
  </name>
  <category>
   Jeans
  </category>
  <size>
   XL
  </size>
  <color>
   Синий
  </color>
  <material>
   Шелк
  </material>
  <price>
   744527
  </price>
  <rating>
   1.49
  </rating>
  <reviews>
   320065
  </reviews>
  <exclusive>
   no
  </exclusive>
  <sporty>
   yes
  </sporty>
 </clothing>
 <clothing>
  <id>
   596486523
  </id>
  <name>
   Addidas Dress Z-4352
  </name>
  <category>
   Dress
  </category>
  <size>
   M
  </size>
  <color>
   Фиолетовый
  </color>
  <material>
   Лен
  </material>
  <price>
   366665
  </price>
  <rating>
   4.37
  </rating>
  <reviews>
   357247
  </reviews>
  <new>
   +
  </new>
  <sporty>
   no
  </sporty>
 </clothing>
 <clothing>
  <id>
   658460789
  </id>
  <name>
   Adidas Gloves W-2089
  </name>
  <category>
   Gloves
  </category>
  <size>
   M
  </size>
  <color>
   Зеленый
  </color>
  <material>
   Лен
  </material>
  <price>
   966968
  </price>
  <rating>
   1.53
  </rating>
  <reviews>
   215769
  </reviews>
  <new>
   +
  </new>
  <exclusive>
   no
  </exclusive>
 </clothing>
 <clothing>
  <id>
   305656766
  </id>
  <name>
   Brooks Jacket E-6904
  </name>
  <category>
   Jacket
  </category>
  <size>
   S
  </size>
  <color>
   Красный
  </color>
  <material>
   Шелк
  </material>
  <price>
   297268
  </price>
  <rating>
   2.49
  </rating>
  <reviews>
   231128
  </reviews>
  <new>
   -
  </new>
  <exclusive>
   no
  </exclusive>
  <sporty>
   no
  </sporty>
 </clothing>
 <clothing>
  <id>
   692489291
  </id>
  <name>
   Puma Jeans J-8638
  </name>
  <category>
   Jeans
  </category>
  <size>
   XL
  </size>
  <color>
   Оранжевый
  </color>
  <material>
   Шерсть
  </material>
  <price>
   940191
  </price>
  <rating>
   1.44
  </rating>
  <reviews>
   636833
  </reviews>
  <new>
   +
  </new>
 </clothing>
 <clothing>
  <id>
   163430201
  </id>
  <name>
   PleinSport Socks G-8185
  </name>
  <category>
   Socks
  </category>
  <size>
   S
  </size>
  <color>
   Голубой
  </color>
  <material>
   Шерсть
  </material>
  <price>
   471872
  </price>
  <rating>
   2.31
  </rating>
  <reviews>
   935860
  </reviews>
  <exclusive>
   yes
  </exclusive>
 </clothing>
 <clothing>
  <id>
   592759608
  </id>
  <name>
   DC Skirt V-9609
  </name>
  <category>
   Skirt
  </category>
  <size>
   S
  </size>
  <color>
   Желтый
  </color>
  <material>
   Кожа
  </material>
  <price>
   910957
  </price>
  <rating>
   4.5
  </rating>
  <reviews>
   779212
  </reviews>
  <new>
   -
  </new>
  <exclusive>
   no
  </exclusive>
 </clothing>
 <clothing>
  <id>
   844269746
  </id>
  <name>
   DC Gloves M-8221
  </name>
  <category>
   Gloves
  </category>
  <size>
   XXL
  </size>
  <color>
   Фиолетовый
  </color>
  <material>
   Шелк
  </material>
  <price>
   952250
  </price>
  <rating>
   2.29
  </rating>
  <reviews>
   699470
  </reviews>
  <new>
   -
  </new>
 </clothing>
 <clothing>
  <id>
   945445362
  </id>
  <name>
   DC Handbags Q-1809
  </name>
  <category>
   Handbags
  </category>
  <size>
   L
  </size>
  <color>
   Красный
  </color>
  <material>
   Вискоза
  </material>
  <price>
   485348
  </price>
  <rating>
   4.55
  </rating>
  <reviews>
   760138
  </reviews>
  <exclusive>
   no
  </exclusive>
 </clothing>
 <clothing>
  <id>
   479585386
  </id>
  <name>
   Asics Umbrellas W-5012
  </name>
  <category>
   Umbrellas
  </category>
  <size>
   XXL
  </size>
  <color>
   Синий
  </color>
  <material>
   Хлопок
  </material>
  <price>
   949393
  </price>
  <rating>
   4.92
  </rating>
  <reviews>
   722875
  </reviews>
  <exclusive>
   yes
  </exclusive>
 </clothing>
 <clothing>
  <id>
   750333936
  </id>
  <name>
   Nike Hat V-1492
  </name>
  <category>
   Hat
  </category>
  <size>
   XL
  </size>
  <color>
   Оранжевый
  </color>
  <material>
   Нейлон
  </material>
  <price>
   251357
  </price>
  <rating>
   2.2
  </rating>
  <reviews>
   162099
  </reviews>
  <new>
   +
  </new>
  <exclusive>
   no
  </exclusive>
 </clothing>
 <clothing>
  <id>
   248118692
  </id>
  <name>
   New Balance Skirt E-2718
  </name>
  <category>
   Skirt
  </category>
  <size>
   XL
  </size>
  <color>
   Желтый
  </color>
  <material>
   Шерсть
  </material>
  <price>
   915745
  </price>
  <rating>
   4.35
  </rating>
  <reviews>
   659418
  </reviews>
  <exclusive>
   yes
  </exclusive>
 </clothing>
 <clothing>
  <id>
   642733871
  </id>
  <name>
   New Balance Sweater W-5307
  </name>
  <category>
   Sweater
  </category>
  <size>
   L
  </size>
  <color>
   Синий
  </color>
  <material>
   Шелк
  </material>
  <price>
   797863
  </price>
  <rating>
   2.92
  </rating>
  <reviews>
   203825
  </reviews>
  <exclusive>
   no
  </exclusive>
  <sporty>
   yes
  </sporty>
 </clothing>
 <clothing>
  <id>
   745118830
  </id>
  <name>
   Ellesse T-shirt F-9107
  </name>
  <category>
   T-shirt
  </category>
  <size>
   XXL
  </size>
  <color>
   Зеленый
  </color>
  <material>
   Полиэстер
  </material>
  <price>
   308746
  </price>
  <rating>
   4.24
  </rating>
  <reviews>
   909662
  </reviews>
  <new>
   -
  </new>
 </clothing>
 <clothing>
  <id>
   490421884
  </id>
  <name>
   Ellesse Pants Q-8745
  </name>
  <category>
   Pants
  </category>
  <size>
   S
  </size>
  <color>
   Голубой
  </color>
  <material>
   Хлопок
  </material>
  <price>
   310750
  </price>
  <rating>
   1.13
  </rating>
  <reviews>
   854954
  </reviews>
  <sporty>
   no
  </sporty>
 </clothing>
 <clothing>
  <id>
   139423537
  </id>
  <name>
   Reebok Jacket P-4344
  </name>
  <category>
   Jacket
  </category>
  <size>
   L
  </size>
  <color>
   Красный
  </color>
  <material>
   Шелк
  </material>
  <price>
   360534
  </price>
  <rating>
   4.07
  </rating>
  <reviews>
   357530
  </reviews>
  <new>
   -
  </new>
  <exclusive>
   no
  </exclusive>
  <sporty>
   no
  </sporty>
 </clothing>
 <clothing>
  <id>
   786678925
  </id>
  <name>
   Addidas Belts W-8806
  </name>
  <category>
   Belts
  </category>
  <size>
   S
  </size>
  <color>
   Красный
  </color>
  <material>
   Вискоза
  </material>
  <price>
   421503
  </price>
  <rating>
   2.77
  </rating>
  <reviews>
   340068
  </reviews>
  <new>
   -
  </new>
  <exclusive>
   no
  </exclusive>
  <sporty>
   no
  </sporty>
 </clothing>
 <clothing>
  <id>
   177067475
  </id>
  <name>
   Vans Jeans P-3470
  </name>
  <category>
   Jeans
  </category>
  <size>
   M
  </size>
  <color>
   Оранжевый
  </color>
  <material>
   Полиэстер
  </material>
  <price>
   132378
  </price>
  <rating>
   2.37
  </rating>
  <reviews>
   778323
  </reviews>
  <exclusive>
   yes
  </exclusive>
  <sporty>
   no
  </sporty>
 </clothing>
 <clothing>
  <id>
   627851306
  </id>
  <name>
   Puma Blouse B-1051
  </name>
  <category>
   Blouse
  </category>
  <size>
   L
  </size>
  <color>
   Зеленый
  </color>
  <material>
   Хлопок
  </material>
  <price>
   977293
  </price>
  <rating>
   3.07
  </rating>
  <reviews>
   56739
  </reviews>
  <exclusive>
   no
  </exclusive>
  <sporty>
   yes
  </sporty>
 </clothing>
 <clothing>
  <id>
   678015402
  </id>
  <name>
   Nike Blouse T-2469
  </name>
  <category>
   Blouse
  </category>
  <size>
   XL
  </size>
  <color>
   Фиолетовый
  </color>
  <material>
   Нейлон
  </material>
  <price>
   308375
  </price>
  <rating>
   4.76
  </rating>
  <reviews>
   758286
  </reviews>
  <new>
   +
  </new>
  <sporty>
   no
  </sporty>
 </clothing>
 <clothing>
  <id>
   155020083
  </id>
  <name>
   Fila Dress Q-9969
  </name>
  <category>
   Dress
  </category>
  <size>
   XXL
  </size>
  <color>
   Оранжевый
  </color>
  <material>
   Полиэстер
  </material>
  <price>
   297910
  </price>
  <rating>
   3.65
  </rating>
  <reviews>
   219203
  </reviews>
  <exclusive>
   no
  </exclusive>
 </clothing>
 <clothing>
  <id>
   269239416
  </id>
  <name>
   Addidas Skirt C-2781
  </name>
  <category>
   Skirt
  </category>
  <size>
   L
  </size>
  <color>
   Фиолетовый
  </color>
  <material>
   Нейлон
  </material>
  <price>
   853401
  </price>
  <rating>
   1.69
  </rating>
  <reviews>
   725794
  </reviews>
  <new>
   +
  </new>
 </clothing>
 <clothing>
  <id>
   235283620
  </id>
  <name>
   Ellesse Belts P-7881
  </name>
  <category>
   Belts
  </category>
  <size>
   XXL
  </size>
  <color>
   Синий
  </color>
  <material>
   Вискоза
  </material>
  <price>
   753856
  </price>
  <rating>
   1.41
  </rating>
  <reviews>
   148529
  </reviews>
  <new>
   -
  </new>
  <exclusive>
   yes
  </exclusive>
 </clothing>
 <clothing>
  <id>
   350017805
  </id>
  <name>
   PleinSport Skirt I-4388
  </name>
  <category>
   Skirt
  </category>
  <size>
   XL
  </size>
  <color>
   Фиолетовый
  </color>
  <material>
   Нейлон
  </material>
  <price>
   820877
  </price>
  <rating>
   2.68
  </rating>
  <reviews>
   781950
  </reviews>
  <new>
   +
  </new>
  <exclusive>
   yes
  </exclusive>
 </clothing>
 <clothing>
  <id>
   377390787
  </id>
  <name>
   Nike Jacket X-3476
  </name>
  <category>
   Jacket
  </category>
  <size>
   L
  </size>
  <color>
   Оранжевый
  </color>
  <material>
   Хлопок
  </material>
  <price>
   275598
  </price>
  <rating>
   2.39
  </rating>
  <reviews>
   430634
  </reviews>
  <exclusive>
   no
  </exclusive>
 </clothing>
 <clothing>
  <id>
   519585072
  </id>
  <name>
   Ellesse Sweater H-6373
  </name>
  <category>
   Sweater
  </category>
  <size>
   M
  </size>
  <color>
   Оранжевый
  </color>
  <material>
   Кожа
  </material>
  <price>
   408809
  </price>
  <rating>
   1.42
  </rating>
  <reviews>
   396398
  </reviews>
  <new>
   +
  </new>
  <exclusive>
   yes
  </exclusive>
  <sporty>
   no
  </sporty>
 </clothing>
 <clothing>
  <id>
   349125588
  </id>
  <name>
   Nike Blouse L-5469
  </name>
  <category>
   Blouse
  </category>
  <size>
   XXL
  </size>
  <color>
   Оранжевый
  </color>
  <material>
   Хлопок
  </material>
  <price>
   682484
  </price>
  <rating>
   1.54
  </rating>
  <reviews>
   91857
  </reviews>
  <exclusive>
   no
  </exclusive>
  <sporty>
   no
  </sporty>
 </clothing>
 <clothing>
  <id>
   316854790
  </id>
  <name>
   Addidas Handbags D-3576
  </name>
  <category>
   Handbags
  </category>
  <size>
   S
  </size>
  <color>
   Зеленый
  </color>
  <material>
   Нейлон
  </material>
  <price>
   620184
  </price>
  <rating>
   4.28
  </rating>
  <reviews>
   383524
  </reviews>
  <new>
   +
  </new>
  <exclusive>
   no
  </exclusive>
 </clothing>
 <clothing>
  <id>
   627427151
  </id>
  <name>
   Brooks Belts S-5873
  </name>
  <category>
   Belts
  </category>
  <size>
   XXL
  </size>
  <color>
   Голубой
  </color>
  <material>
   Лен
  </material>
  <price>
   657246
  </price>
  <rating>
   2.5
  </rating>
  <reviews>
   969178
  </reviews>
  <new>
   +
  </new>
  <exclusive>
   yes
  </exclusive>
  <sporty>
   yes
  </sporty>
 </clothing>
 <clothing>
  <id>
   714303745
  </id>
  <name>
   Lacoste Handbags C-7393
  </name>
  <category>
   Handbags
  </category>
  <size>
   XL
  </size>
  <color>
   Синий
  </color>
  <material>
   Шерсть
  </material>
  <price>
   712324
  </price>
  <rating>
   1.56
  </rating>
  <reviews>
   512463
  </reviews>
  <new>
   +
  </new>
  <sporty>
   no
  </sporty>
 </clothing>
 <clothing>
  <id>
   204987126
  </id>
  <name>
   Brooks Handbags F-6107
  </name>
  <category>
   Handbags
  </category>
  <size>
   XL
  </size>
  <color>
   Голубой
  </color>
  <material>
   Полиэстер
  </material>
  <price>
   876864
  </price>
  <rating>
   2.78
  </rating>
  <reviews>
   872174
  </reviews>
  <new>
   -
  </new>
  <sporty>
   no
  </sporty>
 </clothing>
 <clothing>
  <id>
   463373025
  </id>
  <name>
   Puma Jacket K-3256
  </name>
  <category>
   Jacket
  </category>
  <size>
   M
  </size>
  <color>
   Красный
  </color>
  <material>
   Шерсть
  </material>
  <price>
   804403
  </price>
  <rating>
   2.46
  </rating>
  <reviews>
   139108
  </reviews>
  <sporty>
   yes
  </sporty>
 </clothing>
 <clothing>
  <id>
   316190124
  </id>
  <name>
   Brooks Pants A-9219
  </name>
  <category>
   Pants
  </category>
  <size>
   S
  </size>
  <color>
   Красный
  </color>
  <material>
   Полиэстер
  </material>
  <price>
   904314
  </price>
  <rating>
   2.81
  </rating>
  <reviews>
   66806
  </reviews>
  <exclusive>
   no
  </exclusive>
 </clothing>
 <clothing>
  <id>
   681662545
  </id>
  <name>
   Brooks Jacket F-8050
  </name>
  <category>
   Jacket
  </category>
  <size>
   XL
  </size>
  <color>
   Желтый
  </color>
  <material>
   Шерсть
  </material>
  <price>
   861303
  </price>
  <rating>
   4.22
  </rating>
  <reviews>
   975213
  </reviews>
  <new>
   +
  </new>
  <exclusive>
   no
  </exclusive>
  <sporty>
   no
  </sporty>
 </clothing>
</clothing-items>
