<?xml version="1.0" encoding="utf-8"?>
<clothing-items>
 <clothing>
  <id>
   906625586
  </id>
  <name>
   Brooks Pants U-3152
  </name>
  <category>
   Pants
  </category>
  <size>
   XXL
  </size>
  <color>
   Голубой
  </color>
  <material>
   Шелк
  </material>
  <price>
   660502
  </price>
  <rating>
   1.38
  </rating>
  <reviews>
   624600
  </reviews>
  <new>
   -
  </new>
  <exclusive>
   no
  </exclusive>
  <sporty>
   yes
  </sporty>
 </clothing>
 <clothing>
  <id>
   136586078
  </id>
  <name>
   Reebok Shirt J-2011
  </name>
  <category>
   Shirt
  </category>
  <size>
   XXL
  </size>
  <color>
   Фиолетовый
  </color>
  <material>
   Лен
  </material>
  <price>
   572412
  </price>
  <rating>
   2.83
  </rating>
  <reviews>
   835610
  </reviews>
  <new>
   +
  </new>
  <exclusive>
   no
  </exclusive>
  <sporty>
   no
  </sporty>
 </clothing>
 <clothing>
  <id>
   934042664
  </id>
  <name>
   Vans Umbrellas T-7873
  </name>
  <category>
   Umbrellas
  </category>
  <size>
   M
  </size>
  <color>
   Синий
  </color>
  <material>
   Шелк
  </material>
  <price>
   246588
  </price>
  <rating>
   3.47
  </rating>
  <reviews>
   384740
  </reviews>
  <exclusive>
   no
  </exclusive>
  <sporty>
   no
  </sporty>
 </clothing>
 <clothing>
  <id>
   930711278
  </id>
  <name>
   Asics Shoes D-3852
  </name>
  <category>
   Shoes
  </category>
  <size>
   S
  </size>
  <color>
   Красный
  </color>
  <material>
   Нейлон
  </material>
  <price>
   625673
  </price>
  <rating>
   4.84
  </rating>
  <reviews>
   543427
  </reviews>
  <exclusive>
   no
  </exclusive>
  <sporty>
   no
  </sporty>
 </clothing>
 <clothing>
  <id>
   853478852
  </id>
  <name>
   New Balance Skirt U-6445
  </name>
  <category>
   Skirt
  </category>
  <size>
   L
  </size>
  <color>
   Голубой
  </color>
  <material>
   Лен
  </material>
  <price>
   808783
  </price>
  <rating>
   2.53
  </rating>
  <reviews>
   849113
  </reviews>
  <new>
   +
  </new>
  <exclusive>
   yes
  </exclusive>
 </clothing>
 <clothing>
  <id>
   649111888
  </id>
  <name>
   Puma Pants Y-7762
  </name>
  <category>
   Pants
  </category>
  <size>
   L
  </size>
  <color>
   Зеленый
  </color>
  <material>
   Шелк
  </material>
  <price>
   489727
  </price>
  <rating>
   1.25
  </rating>
  <reviews>
   438954
  </reviews>
  <new>
   -
  </new>
  <exclusive>
   yes
  </exclusive>
 </clothing>
 <clothing>
  <id>
   463237304
  </id>
  <name>
   Reebok Hat Z-5050
  </name>
  <category>
   Hat
  </category>
  <size>
   S
  </size>
  <color>
   Зеленый
  </color>
  <material>
   Шерсть
  </material>
  <price>
   304992
  </price>
  <rating>
   4.23
  </rating>
  <reviews>
   714252
  </reviews>
  <sporty>
   no
  </sporty>
 </clothing>
 <clothing>
  <id>
   847330447
  </id>
  <name>
   New Balance Jeans L-2190
  </name>
  <category>
   Jeans
  </category>
  <size>
   M
  </size>
  <color>
   Красный
  </color>
  <material>
   Шерсть
  </material>
  <price>
   779169
  </price>
  <rating>
   1.95
  </rating>
  <reviews>
   302515
  </reviews>
 </clothing>
 <clothing>
  <id>
   809022058
  </id>
  <name>
   Lacoste Hat P-7966
  </name>
  <category>
   Hat
  </category>
  <size>
   XXL
  </size>
  <color>
   Синий
  </color>
  <material>
   Вискоза
  </material>
  <price>
   502442
  </price>
  <rating>
   4.17
  </rating>
  <reviews>
   775691
  </reviews>
  <sporty>
   yes
  </sporty>
 </clothing>
 <clothing>
  <id>
   971421946
  </id>
  <name>
   Brooks Hat O-6469
  </name>
  <category>
   Hat
  </category>
  <size>
   XXL
  </size>
  <color>
   Оранжевый
  </color>
  <material>
   Вискоза
  </material>
  <price>
   505493
  </price>
  <rating>
   4.91
  </rating>
  <reviews>
   615032
  </reviews>
  <exclusive>
   yes
  </exclusive>
 </clothing>
 <clothing>
  <id>
   146542091
  </id>
  <name>
   New Balance Skirt V-9512
  </name>
  <category>
   Skirt
  </category>
  <size>
   L
  </size>
  <color>
   Фиолетовый
  </color>
  <material>
   Кожа
  </material>
  <price>
   562575
  </price>
  <rating>
   3.21
  </rating>
  <reviews>
   597849
  </reviews>
  <new>
   +
  </new>
  <exclusive>
   no
  </exclusive>
 </clothing>
</clothing-items>
