<?xml version="1.0" encoding="utf-8"?>
<clothing-items>
 <clothing>
  <id>
   665758723
  </id>
  <name>
   Ellesse Sweater V-2286
  </name>
  <category>
   Sweater
  </category>
  <size>
   S
  </size>
  <color>
   Фиолетовый
  </color>
  <material>
   Кожа
  </material>
  <price>
   807767
  </price>
  <rating>
   1.01
  </rating>
  <reviews>
   318722
  </reviews>
  <new>
   -
  </new>
  <sporty>
   no
  </sporty>
 </clothing>
 <clothing>
  <id>
   933071449
  </id>
  <name>
   Converse Gloves W-1004
  </name>
  <category>
   Gloves
  </category>
  <size>
   M
  </size>
  <color>
   Зеленый
  </color>
  <material>
   Кожа
  </material>
  <price>
   222735
  </price>
  <rating>
   1.97
  </rating>
  <reviews>
   810748
  </reviews>
  <new>
   -
  </new>
  <exclusive>
   yes
  </exclusive>
  <sporty>
   no
  </sporty>
 </clothing>
 <clothing>
  <id>
   974934713
  </id>
  <name>
   Asics Gloves P-5408
  </name>
  <category>
   Gloves
  </category>
  <size>
   L
  </size>
  <color>
   Желтый
  </color>
  <material>
   Полиэстер
  </material>
  <price>
   772879
  </price>
  <rating>
   3.09
  </rating>
  <reviews>
   843219
  </reviews>
  <exclusive>
   yes
  </exclusive>
 </clothing>
 <clothing>
  <id>
   854313924
  </id>
  <name>
   PleinSport Dress Q-2264
  </name>
  <category>
   Dress
  </category>
  <size>
   L
  </size>
  <color>
   Зеленый
  </color>
  <material>
   Полиэстер
  </material>
  <price>
   780449
  </price>
  <rating>
   1.46
  </rating>
  <reviews>
   782853
  </reviews>
 </clothing>
 <clothing>
  <id>
   847742521
  </id>
  <name>
   Ellesse Sweater O-9942
  </name>
  <category>
   Sweater
  </category>
  <size>
   L
  </size>
  <color>
   Фиолетовый
  </color>
  <material>
   Хлопок
  </material>
  <price>
   367487
  </price>
  <rating>
   1.17
  </rating>
  <reviews>
   514225
  </reviews>
  <exclusive>
   yes
  </exclusive>
 </clothing>
 <clothing>
  <id>
   206794561
  </id>
  <name>
   Nike Sweater M-1877
  </name>
  <category>
   Sweater
  </category>
  <size>
   S
  </size>
  <color>
   Голубой
  </color>
  <material>
   Шелк
  </material>
  <price>
   677706
  </price>
  <rating>
   2.17
  </rating>
  <reviews>
   404752
  </reviews>
  <new>
   +
  </new>
  <exclusive>
   yes
  </exclusive>
 </clothing>
 <clothing>
  <id>
   521678317
  </id>
  <name>
   Adidas Socks V-6145
  </name>
  <category>
   Socks
  </category>
  <size>
   S
  </size>
  <color>
   Красный
  </color>
  <material>
   Нейлон
  </material>
  <price>
   715193
  </price>
  <rating>
   3.51
  </rating>
  <reviews>
   145063
  </reviews>
  <exclusive>
   no
  </exclusive>
  <sporty>
   yes
  </sporty>
 </clothing>
 <clothing>
  <id>
   548096535
  </id>
  <name>
   Reebok Shirt L-3732
  </name>
  <category>
   Shirt
  </category>
  <size>
   L
  </size>
  <color>
   Фиолетовый
  </color>
  <material>
   Лен
  </material>
  <price>
   401348
  </price>
  <rating>
   2.3
  </rating>
  <reviews>
   796790
  </reviews>
  <new>
   +
  </new>
  <exclusive>
   no
  </exclusive>
  <sporty>
   no
  </sporty>
 </clothing>
 <clothing>
  <id>
   383437591
  </id>
  <name>
   Puma Jacket M-3577
  </name>
  <category>
   Jacket
  </category>
  <size>
   XXL
  </size>
  <color>
   Голубой
  </color>
  <material>
   Лен
  </material>
  <price>
   733274
  </price>
  <rating>
   4.85
  </rating>
  <reviews>
   970856
  </reviews>
 </clothing>
 <clothing>
  <id>
   144332051
  </id>
  <name>
   Converse Hat X-3027
  </name>
  <category>
   Hat
  </category>
  <size>
   XL
  </size>
  <color>
   Красный
  </color>
  <material>
   Кожа
  </material>
  <price>
   216015
  </price>
  <rating>
   2.71
  </rating>
  <reviews>
   651608
  </reviews>
  <exclusive>
   yes
  </exclusive>
 </clothing>
 <clothing>
  <id>
   985383996
  </id>
  <name>
   Nike Skirt S-4264
  </name>
  <category>
   Skirt
  </category>
  <size>
   S
  </size>
  <color>
   Синий
  </color>
  <material>
   Полиэстер
  </material>
  <price>
   974755
  </price>
  <rating>
   2.18
  </rating>
  <reviews>
   832430
  </reviews>
  <sporty>
   yes
  </sporty>
 </clothing>
 <clothing>
  <id>
   902078134
  </id>
  <name>
   Adidas Sweater T-7734
  </name>
  <category>
   Sweater
  </category>
  <size>
   XXL
  </size>
  <color>
   Голубой
  </color>
  <material>
   Полиэстер
  </material>
  <price>
   827114
  </price>
  <rating>
   4.51
  </rating>
  <reviews>
   897441
  </reviews>
 </clothing>
 <clothing>
  <id>
   620152822
  </id>
  <name>
   Addidas Jacket M-6545
  </name>
  <category>
   Jacket
  </category>
  <size>
   XL
  </size>
  <color>
   Зеленый
  </color>
  <material>
   Хлопок
  </material>
  <price>
   301575
  </price>
  <rating>
   3.54
  </rating>
  <reviews>
   232947
  </reviews>
  <exclusive>
   no
  </exclusive>
 </clothing>
 <clothing>
  <id>
   901942667
  </id>
  <name>
   Puma Belts W-7018
  </name>
  <category>
   Belts
  </category>
  <size>
   L
  </size>
  <color>
   Зеленый
  </color>
  <material>
   Полиэстер
  </material>
  <price>
   794095
  </price>
  <rating>
   1.46
  </rating>
  <reviews>
   580436
  </reviews>
 </clothing>
 <clothing>
  <id>
   829512772
  </id>
  <name>
   Vans Blouse H-7554
  </name>
  <category>
   Blouse
  </category>
  <size>
   M
  </size>
  <color>
   Голубой
  </color>
  <material>
   Вискоза
  </material>
  <price>
   418981
  </price>
  <rating>
   3.05
  </rating>
  <reviews>
   528239
  </reviews>
  <new>
   -
  </new>
  <sporty>
   no
  </sporty>
 </clothing>
 <clothing>
  <id>
   616083120
  </id>
  <name>
   Lacoste Shirt T-3612
  </name>
  <category>
   Shirt
  </category>
  <size>
   L
  </size>
  <color>
   Фиолетовый
  </color>
  <material>
   Кожа
  </material>
  <price>
   661609
  </price>
  <rating>
   4.32
  </rating>
  <reviews>
   176887
  </reviews>
 </clothing>
 <clothing>
  <id>
   306278472
  </id>
  <name>
   Fila Shoes H-8270
  </name>
  <category>
   Shoes
  </category>
  <size>
   L
  </size>
  <color>
   Желтый
  </color>
  <material>
   Вискоза
  </material>
  <price>
   447230
  </price>
  <rating>
   2.25
  </rating>
  <reviews>
   539724
  </reviews>
 </clothing>
 <clothing>
  <id>
   989504021
  </id>
  <name>
   Addidas Umbrellas N-3151
  </name>
  <category>
   Umbrellas
  </category>
  <size>
   XXL
  </size>
  <color>
   Зеленый
  </color>
  <material>
   Кожа
  </material>
  <price>
   920457
  </price>
  <rating>
   2.86
  </rating>
  <reviews>
   457809
  </reviews>
  <new>
   +
  </new>
 </clothing>
 <clothing>
  <id>
   737219506
  </id>
  <name>
   Fila Shoes Y-4084
  </name>
  <category>
   Shoes
  </category>
  <size>
   L
  </size>
  <color>
   Синий
  </color>
  <material>
   Вискоза
  </material>
  <price>
   729764
  </price>
  <rating>
   3.08
  </rating>
  <reviews>
   142199
  </reviews>
  <new>
   +
  </new>
  <exclusive>
   no
  </exclusive>
  <sporty>
   no
  </sporty>
 </clothing>
 <clothing>
  <id>
   679172295
  </id>
  <name>
   Converse Shirt P-2663
  </name>
  <category>
   Shirt
  </category>
  <size>
   L
  </size>
  <color>
   Голубой
  </color>
  <material>
   Кожа
  </material>
  <price>
   166780
  </price>
  <rating>
   3.92
  </rating>
  <reviews>
   371629
  </reviews>
  <new>
   -
  </new>
  <exclusive>
   no
  </exclusive>
 </clothing>
 <clothing>
  <id>
   645422304
  </id>
  <name>
   Under Armour Handbags A-1208
  </name>
  <category>
   Handbags
  </category>
  <size>
   S
  </size>
  <color>
   Зеленый
  </color>
  <material>
   Полиэстер
  </material>
  <price>
   864735
  </price>
  <rating>
   2.77
  </rating>
  <reviews>
   290259
  </reviews>
  <exclusive>
   no
  </exclusive>
  <sporty>
   yes
  </sporty>
 </clothing>
 <clothing>
  <id>
   118174839
  </id>
  <name>
   Adidas Umbrellas H-2858
  </name>
  <category>
   Umbrellas
  </category>
  <size>
   M
  </size>
  <color>
   Голубой
  </color>
  <material>
   Полиэстер
  </material>
  <price>
   871773
  </price>
  <rating>
   2.92
  </rating>
  <reviews>
   901874
  </reviews>
  <exclusive>
   no
  </exclusive>
  <sporty>
   yes
  </sporty>
 </clothing>
</clothing-items>
