<?xml version="1.0" encoding="utf-8"?>
<clothing-items>
 <clothing>
  <id>
   108279235
  </id>
  <name>
   Fila Shoes J-5359
  </name>
  <category>
   Shoes
  </category>
  <size>
   M
  </size>
  <color>
   Оранжевый
  </color>
  <material>
   Лен
  </material>
  <price>
   824044
  </price>
  <rating>
   4.27
  </rating>
  <reviews>
   187108
  </reviews>
  <exclusive>
   no
  </exclusive>
 </clothing>
 <clothing>
  <id>
   136740978
  </id>
  <name>
   Converse Gloves G-2179
  </name>
  <category>
   Gloves
  </category>
  <size>
   L
  </size>
  <color>
   Синий
  </color>
  <material>
   Полиэстер
  </material>
  <price>
   400969
  </price>
  <rating>
   1.79
  </rating>
  <reviews>
   306157
  </reviews>
  <exclusive>
   yes
  </exclusive>
  <sporty>
   no
  </sporty>
 </clothing>
 <clothing>
  <id>
   395782527
  </id>
  <name>
   PleinSport Belts L-3703
  </name>
  <category>
   Belts
  </category>
  <size>
   S
  </size>
  <color>
   Красный
  </color>
  <material>
   Лен
  </material>
  <price>
   483978
  </price>
  <rating>
   4.02
  </rating>
  <reviews>
   86904
  </reviews>
  <new>
   +
  </new>
  <sporty>
   yes
  </sporty>
 </clothing>
 <clothing>
  <id>
   389705494
  </id>
  <name>
   Addidas Socks H-6131
  </name>
  <category>
   Socks
  </category>
  <size>
   L
  </size>
  <color>
   Красный
  </color>
  <material>
   Шерсть
  </material>
  <price>
   136154
  </price>
  <rating>
   1.08
  </rating>
  <reviews>
   424892
  </reviews>
  <exclusive>
   no
  </exclusive>
  <sporty>
   yes
  </sporty>
 </clothing>
 <clothing>
  <id>
   358361877
  </id>
  <name>
   Converse T-shirt C-3410
  </name>
  <category>
   T-shirt
  </category>
  <size>
   S
  </size>
  <color>
   Голубой
  </color>
  <material>
   Нейлон
  </material>
  <price>
   850387
  </price>
  <rating>
   1.15
  </rating>
  <reviews>
   915790
  </reviews>
  <exclusive>
   yes
  </exclusive>
  <sporty>
   no
  </sporty>
 </clothing>
 <clothing>
  <id>
   448875574
  </id>
  <name>
   New Balance Shoes W-2855
  </name>
  <category>
   Shoes
  </category>
  <size>
   M
  </size>
  <color>
   Желтый
  </color>
  <material>
   Шерсть
  </material>
  <price>
   537630
  </price>
  <rating>
   4.23
  </rating>
  <reviews>
   724450
  </reviews>
  <new>
   -
  </new>
 </clothing>
 <clothing>
  <id>
   722661005
  </id>
  <name>
   Vans Belts X-7119
  </name>
  <category>
   Belts
  </category>
  <size>
   M
  </size>
  <color>
   Фиолетовый
  </color>
  <material>
   Нейлон
  </material>
  <price>
   976580
  </price>
  <rating>
   3.21
  </rating>
  <reviews>
   111587
  </reviews>
  <exclusive>
   yes
  </exclusive>
 </clothing>
 <clothing>
  <id>
   637943324
  </id>
  <name>
   PleinSport Gloves R-5386
  </name>
  <category>
   Gloves
  </category>
  <size>
   S
  </size>
  <color>
   Желтый
  </color>
  <material>
   Шерсть
  </material>
  <price>
   599007
  </price>
  <rating>
   1.13
  </rating>
  <reviews>
   239100
  </reviews>
  <new>
   -
  </new>
 </clothing>
 <clothing>
  <id>
   810364265
  </id>
  <name>
   Ellesse Blouse T-9118
  </name>
  <category>
   Blouse
  </category>
  <size>
   M
  </size>
  <color>
   Красный
  </color>
  <material>
   Лен
  </material>
  <price>
   997206
  </price>
  <rating>
   2.07
  </rating>
  <reviews>
   343910
  </reviews>
  <new>
   -
  </new>
  <exclusive>
   yes
  </exclusive>
 </clothing>
 <clothing>
  <id>
   525552981
  </id>
  <name>
   Puma Umbrellas B-5173
  </name>
  <category>
   Umbrellas
  </category>
  <size>
   S
  </size>
  <color>
   Фиолетовый
  </color>
  <material>
   Лен
  </material>
  <price>
   591864
  </price>
  <rating>
   3.16
  </rating>
  <reviews>
   393746
  </reviews>
  <new>
   -
  </new>
 </clothing>
 <clothing>
  <id>
   618065397
  </id>
  <name>
   Asics Blouse K-2422
  </name>
  <category>
   Blouse
  </category>
  <size>
   XL
  </size>
  <color>
   Зеленый
  </color>
  <material>
   Хлопок
  </material>
  <price>
   943521
  </price>
  <rating>
   4.68
  </rating>
  <reviews>
   291288
  </reviews>
  <exclusive>
   no
  </exclusive>
  <sporty>
   yes
  </sporty>
 </clothing>
 <clothing>
  <id>
   187540911
  </id>
  <name>
   Under Armour Hat K-9856
  </name>
  <category>
   Hat
  </category>
  <size>
   S
  </size>
  <color>
   Фиолетовый
  </color>
  <material>
   Нейлон
  </material>
  <price>
   928516
  </price>
  <rating>
   3.02
  </rating>
  <reviews>
   743074
  </reviews>
  <new>
   -
  </new>
  <sporty>
   yes
  </sporty>
 </clothing>
 <clothing>
  <id>
   362524895
  </id>
  <name>
   Converse Jacket X-2670
  </name>
  <category>
   Jacket
  </category>
  <size>
   S
  </size>
  <color>
   Зеленый
  </color>
  <material>
   Шерсть
  </material>
  <price>
   763956
  </price>
  <rating>
   1.87
  </rating>
  <reviews>
   795702
  </reviews>
  <exclusive>
   yes
  </exclusive>
  <sporty>
   no
  </sporty>
 </clothing>
 <clothing>
  <id>
   176455775
  </id>
  <name>
   Puma Handbags W-7070
  </name>
  <category>
   Handbags
  </category>
  <size>
   XXL
  </size>
  <color>
   Желтый
  </color>
  <material>
   Шелк
  </material>
  <price>
   992346
  </price>
  <rating>
   3.39
  </rating>
  <reviews>
   374490
  </reviews>
  <new>
   -
  </new>
  <exclusive>
   no
  </exclusive>
 </clothing>
 <clothing>
  <id>
   922034954
  </id>
  <name>
   New Balance Blouse I-7448
  </name>
  <category>
   Blouse
  </category>
  <size>
   L
  </size>
  <color>
   Желтый
  </color>
  <material>
   Хлопок
  </material>
  <price>
   578462
  </price>
  <rating>
   1.74
  </rating>
  <reviews>
   348910
  </reviews>
  <new>
   +
  </new>
  <exclusive>
   yes
  </exclusive>
 </clothing>
 <clothing>
  <id>
   733475230
  </id>
  <name>
   Puma Socks A-3350
  </name>
  <category>
   Socks
  </category>
  <size>
   M
  </size>
  <color>
   Оранжевый
  </color>
  <material>
   Лен
  </material>
  <price>
   824069
  </price>
  <rating>
   1.78
  </rating>
  <reviews>
   618278
  </reviews>
  <new>
   +
  </new>
  <exclusive>
   no
  </exclusive>
  <sporty>
   no
  </sporty>
 </clothing>
 <clothing>
  <id>
   106289763
  </id>
  <name>
   Reebok Jacket A-9205
  </name>
  <category>
   Jacket
  </category>
  <size>
   XL
  </size>
  <color>
   Синий
  </color>
  <material>
   Нейлон
  </material>
  <price>
   281840
  </price>
  <rating>
   4.8
  </rating>
  <reviews>
   534144
  </reviews>
  <sporty>
   no
  </sporty>
 </clothing>
 <clothing>
  <id>
   708110235
  </id>
  <name>
   DC Handbags E-9047
  </name>
  <category>
   Handbags
  </category>
  <size>
   XL
  </size>
  <color>
   Красный
  </color>
  <material>
   Хлопок
  </material>
  <price>
   730960
  </price>
  <rating>
   4.84
  </rating>
  <reviews>
   354706
  </reviews>
  <sporty>
   no
  </sporty>
 </clothing>
 <clothing>
  <id>
   572655365
  </id>
  <name>
   Under Armour Pants Q-3173
  </name>
  <category>
   Pants
  </category>
  <size>
   M
  </size>
  <color>
   Фиолетовый
  </color>
  <material>
   Лен
  </material>
  <price>
   197075
  </price>
  <rating>
   2.04
  </rating>
  <reviews>
   768929
  </reviews>
  <sporty>
   yes
  </sporty>
 </clothing>
 <clothing>
  <id>
   621261865
  </id>
  <name>
   Under Armour Sweater T-3853
  </name>
  <category>
   Sweater
  </category>
  <size>
   S
  </size>
  <color>
   Оранжевый
  </color>
  <material>
   Хлопок
  </material>
  <price>
   767465
  </price>
  <rating>
   2.46
  </rating>
  <reviews>
   864662
  </reviews>
  <new>
   -
  </new>
  <sporty>
   yes
  </sporty>
 </clothing>
 <clothing>
  <id>
   817271171
  </id>
  <name>
   Puma Socks M-8223
  </name>
  <category>
   Socks
  </category>
  <size>
   L
  </size>
  <color>
   Фиолетовый
  </color>
  <material>
   Хлопок
  </material>
  <price>
   312442
  </price>
  <rating>
   1.44
  </rating>
  <reviews>
   39772
  </reviews>
  <new>
   +
  </new>
  <exclusive>
   no
  </exclusive>
  <sporty>
   no
  </sporty>
 </clothing>
 <clothing>
  <id>
   314247208
  </id>
  <name>
   Brooks Shirt S-3292
  </name>
  <category>
   Shirt
  </category>
  <size>
   S
  </size>
  <color>
   Голубой
  </color>
  <material>
   Кожа
  </material>
  <price>
   550806
  </price>
  <rating>
   2.29
  </rating>
  <reviews>
   567596
  </reviews>
  <new>
   -
  </new>
  <exclusive>
   no
  </exclusive>
  <sporty>
   no
  </sporty>
 </clothing>
 <clothing>
  <id>
   204271559
  </id>
  <name>
   Brooks Jeans S-9993
  </name>
  <category>
   Jeans
  </category>
  <size>
   XL
  </size>
  <color>
   Оранжевый
  </color>
  <material>
   Хлопок
  </material>
  <price>
   673645
  </price>
  <rating>
   1.22
  </rating>
  <reviews>
   770926
  </reviews>
  <exclusive>
   no
  </exclusive>
 </clothing>
 <clothing>
  <id>
   196115323
  </id>
  <name>
   Reebok Socks B-9051
  </name>
  <category>
   Socks
  </category>
  <size>
   S
  </size>
  <color>
   Синий
  </color>
  <material>
   Хлопок
  </material>
  <price>
   492921
  </price>
  <rating>
   2.83
  </rating>
  <reviews>
   119424
  </reviews>
  <new>
   -
  </new>
  <sporty>
   no
  </sporty>
 </clothing>
 <clothing>
  <id>
   583442545
  </id>
  <name>
   Reebok T-shirt U-7102
  </name>
  <category>
   T-shirt
  </category>
  <size>
   XL
  </size>
  <color>
   Желтый
  </color>
  <material>
   Шерсть
  </material>
  <price>
   656613
  </price>
  <rating>
   3.93
  </rating>
  <reviews>
   760363
  </reviews>
  <new>
   -
  </new>
 </clothing>
 <clothing>
  <id>
   734934181
  </id>
  <name>
   Nike Handbags D-8699
  </name>
  <category>
   Handbags
  </category>
  <size>
   XL
  </size>
  <color>
   Зеленый
  </color>
  <material>
   Шелк
  </material>
  <price>
   229255
  </price>
  <rating>
   4.92
  </rating>
  <reviews>
   625142
  </reviews>
  <exclusive>
   yes
  </exclusive>
  <sporty>
   no
  </sporty>
 </clothing>
 <clothing>
  <id>
   566071230
  </id>
  <name>
   DC Sweater R-6279
  </name>
  <category>
   Sweater
  </category>
  <size>
   L
  </size>
  <color>
   Зеленый
  </color>
  <material>
   Нейлон
  </material>
  <price>
   271949
  </price>
  <rating>
   1.95
  </rating>
  <reviews>
   853998
  </reviews>
  <exclusive>
   no
  </exclusive>
 </clothing>
 <clothing>
  <id>
   809512960
  </id>
  <name>
   Addidas Blouse E-8685
  </name>
  <category>
   Blouse
  </category>
  <size>
   M
  </size>
  <color>
   Зеленый
  </color>
  <material>
   Шерсть
  </material>
  <price>
   947580
  </price>
  <rating>
   1.92
  </rating>
  <reviews>
   756024
  </reviews>
  <new>
   +
  </new>
  <sporty>
   yes
  </sporty>
 </clothing>
 <clothing>
  <id>
   859321433
  </id>
  <name>
   Lacoste Pants K-3370
  </name>
  <category>
   Pants
  </category>
  <size>
   XXL
  </size>
  <color>
   Фиолетовый
  </color>
  <material>
   Лен
  </material>
  <price>
   688146
  </price>
  <rating>
   4.09
  </rating>
  <reviews>
   962676
  </reviews>
  <new>
   +
  </new>
 </clothing>
 <clothing>
  <id>
   643934293
  </id>
  <name>
   DC Socks U-3619
  </name>
  <category>
   Socks
  </category>
  <size>
   XXL
  </size>
  <color>
   Оранжевый
  </color>
  <material>
   Хлопок
  </material>
  <price>
   969326
  </price>
  <rating>
   3.19
  </rating>
  <reviews>
   949460
  </reviews>
  <new>
   -
  </new>
  <exclusive>
   no
  </exclusive>
 </clothing>
</clothing-items>
