<?xml version="1.0" encoding="utf-8"?>
<clothing-items>
 <clothing>
  <id>
   872038400
  </id>
  <name>
   Lacoste Blouse Q-6731
  </name>
  <category>
   Blouse
  </category>
  <size>
   M
  </size>
  <color>
   Желтый
  </color>
  <material>
   Кожа
  </material>
  <price>
   846059
  </price>
  <rating>
   2.83
  </rating>
  <reviews>
   311396
  </reviews>
  <new>
   -
  </new>
 </clothing>
 <clothing>
  <id>
   144942919
  </id>
  <name>
   Fila Dress R-6532
  </name>
  <category>
   Dress
  </category>
  <size>
   XXL
  </size>
  <color>
   Голубой
  </color>
  <material>
   Шерсть
  </material>
  <price>
   731160
  </price>
  <rating>
   4.43
  </rating>
  <reviews>
   198268
  </reviews>
  <new>
   +
  </new>
  <exclusive>
   yes
  </exclusive>
  <sporty>
   yes
  </sporty>
 </clothing>
 <clothing>
  <id>
   976939424
  </id>
  <name>
   Puma T-shirt B-9895
  </name>
  <category>
   T-shirt
  </category>
  <size>
   L
  </size>
  <color>
   Синий
  </color>
  <material>
   Полиэстер
  </material>
  <price>
   598941
  </price>
  <rating>
   1.75
  </rating>
  <reviews>
   962518
  </reviews>
 </clothing>
 <clothing>
  <id>
   408005342
  </id>
  <name>
   Fila Skirt B-2645
  </name>
  <category>
   Skirt
  </category>
  <size>
   S
  </size>
  <color>
   Оранжевый
  </color>
  <material>
   Лен
  </material>
  <price>
   857437
  </price>
  <rating>
   1.17
  </rating>
  <reviews>
   216660
  </reviews>
  <new>
   -
  </new>
  <exclusive>
   yes
  </exclusive>
 </clothing>
 <clothing>
  <id>
   547495667
  </id>
  <name>
   Nike Shirt T-9360
  </name>
  <category>
   Shirt
  </category>
  <size>
   M
  </size>
  <color>
   Синий
  </color>
  <material>
   Лен
  </material>
  <price>
   652531
  </price>
  <rating>
   2.17
  </rating>
  <reviews>
   855102
  </reviews>
 </clothing>
 <clothing>
  <id>
   273536938
  </id>
  <name>
   Converse Blouse S-5035
  </name>
  <category>
   Blouse
  </category>
  <size>
   XXL
  </size>
  <color>
   Желтый
  </color>
  <material>
   Шерсть
  </material>
  <price>
   701742
  </price>
  <rating>
   1.79
  </rating>
  <reviews>
   480531
  </reviews>
  <new>
   -
  </new>
  <exclusive>
   yes
  </exclusive>
  <sporty>
   yes
  </sporty>
 </clothing>
 <clothing>
  <id>
   709948108
  </id>
  <name>
   Addidas Handbags R-2616
  </name>
  <category>
   Handbags
  </category>
  <size>
   XL
  </size>
  <color>
   Фиолетовый
  </color>
  <material>
   Вискоза
  </material>
  <price>
   327752
  </price>
  <rating>
   2.16
  </rating>
  <reviews>
   43437
  </reviews>
  <exclusive>
   no
  </exclusive>
  <sporty>
   no
  </sporty>
 </clothing>
 <clothing>
  <id>
   779438853
  </id>
  <name>
   Reebok Pants U-9201
  </name>
  <category>
   Pants
  </category>
  <size>
   L
  </size>
  <color>
   Оранжевый
  </color>
  <material>
   Полиэстер
  </material>
  <price>
   612396
  </price>
  <rating>
   1.74
  </rating>
  <reviews>
   667928
  </reviews>
  <exclusive>
   no
  </exclusive>
  <sporty>
   no
  </sporty>
 </clothing>
 <clothing>
  <id>
   132151139
  </id>
  <name>
   PleinSport T-shirt I-2665
  </name>
  <category>
   T-shirt
  </category>
  <size>
   S
  </size>
  <color>
   Красный
  </color>
  <material>
   Нейлон
  </material>
  <price>
   954142
  </price>
  <rating>
   2.14
  </rating>
  <reviews>
   819061
  </reviews>
  <new>
   -
  </new>
  <exclusive>
   yes
  </exclusive>
  <sporty>
   no
  </sporty>
 </clothing>
 <clothing>
  <id>
   688990714
  </id>
  <name>
   Puma Handbags T-7288
  </name>
  <category>
   Handbags
  </category>
  <size>
   L
  </size>
  <color>
   Желтый
  </color>
  <material>
   Нейлон
  </material>
  <price>
   435811
  </price>
  <rating>
   1.63
  </rating>
  <reviews>
   655566
  </reviews>
  <new>
   +
  </new>
  <sporty>
   no
  </sporty>
 </clothing>
 <clothing>
  <id>
   880317594
  </id>
  <name>
   Addidas Skirt A-6413
  </name>
  <category>
   Skirt
  </category>
  <size>
   XL
  </size>
  <color>
   Красный
  </color>
  <material>
   Шерсть
  </material>
  <price>
   854296
  </price>
  <rating>
   4.46
  </rating>
  <reviews>
   266005
  </reviews>
  <new>
   -
  </new>
  <exclusive>
   no
  </exclusive>
 </clothing>
 <clothing>
  <id>
   968359660
  </id>
  <name>
   Fila Dress Y-4924
  </name>
  <category>
   Dress
  </category>
  <size>
   XXL
  </size>
  <color>
   Красный
  </color>
  <material>
   Полиэстер
  </material>
  <price>
   216355
  </price>
  <rating>
   1.8
  </rating>
  <reviews>
   538617
  </reviews>
  <exclusive>
   no
  </exclusive>
 </clothing>
 <clothing>
  <id>
   750598265
  </id>
  <name>
   Vans Hat T-6234
  </name>
  <category>
   Hat
  </category>
  <size>
   XL
  </size>
  <color>
   Фиолетовый
  </color>
  <material>
   Лен
  </material>
  <price>
   379729
  </price>
  <rating>
   1.05
  </rating>
  <reviews>
   121877
  </reviews>
  <new>
   -
  </new>
 </clothing>
 <clothing>
  <id>
   492345789
  </id>
  <name>
   Reebok Gloves S-8290
  </name>
  <category>
   Gloves
  </category>
  <size>
   XXL
  </size>
  <color>
   Фиолетовый
  </color>
  <material>
   Нейлон
  </material>
  <price>
   636714
  </price>
  <rating>
   4.57
  </rating>
  <reviews>
   749878
  </reviews>
  <new>
   -
  </new>
 </clothing>
 <clothing>
  <id>
   146197375
  </id>
  <name>
   Nike Shoes O-7835
  </name>
  <category>
   Shoes
  </category>
  <size>
   L
  </size>
  <color>
   Синий
  </color>
  <material>
   Шерсть
  </material>
  <price>
   536798
  </price>
  <rating>
   4.51
  </rating>
  <reviews>
   686646
  </reviews>
  <exclusive>
   no
  </exclusive>
 </clothing>
 <clothing>
  <id>
   423178135
  </id>
  <name>
   Converse Pants L-2647
  </name>
  <category>
   Pants
  </category>
  <size>
   XL
  </size>
  <color>
   Желтый
  </color>
  <material>
   Хлопок
  </material>
  <price>
   738931
  </price>
  <rating>
   3.64
  </rating>
  <reviews>
   785907
  </reviews>
  <new>
   -
  </new>
  <exclusive>
   yes
  </exclusive>
 </clothing>
 <clothing>
  <id>
   655930871
  </id>
  <name>
   Puma Hat N-3804
  </name>
  <category>
   Hat
  </category>
  <size>
   XXL
  </size>
  <color>
   Оранжевый
  </color>
  <material>
   Кожа
  </material>
  <price>
   291431
  </price>
  <rating>
   3.55
  </rating>
  <reviews>
   768585
  </reviews>
  <new>
   -
  </new>
  <exclusive>
   yes
  </exclusive>
  <sporty>
   no
  </sporty>
 </clothing>
 <clothing>
  <id>
   297525578
  </id>
  <name>
   Fila Jeans A-8200
  </name>
  <category>
   Jeans
  </category>
  <size>
   L
  </size>
  <color>
   Оранжевый
  </color>
  <material>
   Шерсть
  </material>
  <price>
   797826
  </price>
  <rating>
   4.46
  </rating>
  <reviews>
   878356
  </reviews>
  <sporty>
   no
  </sporty>
 </clothing>
 <clothing>
  <id>
   211564708
  </id>
  <name>
   Brooks Handbags D-2286
  </name>
  <category>
   Handbags
  </category>
  <size>
   M
  </size>
  <color>
   Зеленый
  </color>
  <material>
   Шелк
  </material>
  <price>
   722473
  </price>
  <rating>
   3.93
  </rating>
  <reviews>
   555801
  </reviews>
  <new>
   -
  </new>
  <exclusive>
   no
  </exclusive>
  <sporty>
   yes
  </sporty>
 </clothing>
 <clothing>
  <id>
   870705528
  </id>
  <name>
   Fila Gloves X-7083
  </name>
  <category>
   Gloves
  </category>
  <size>
   XXL
  </size>
  <color>
   Оранжевый
  </color>
  <material>
   Шерсть
  </material>
  <price>
   320349
  </price>
  <rating>
   2.09
  </rating>
  <reviews>
   504634
  </reviews>
  <new>
   -
  </new>
 </clothing>
 <clothing>
  <id>
   829183959
  </id>
  <name>
   Vans Blouse N-3189
  </name>
  <category>
   Blouse
  </category>
  <size>
   XXL
  </size>
  <color>
   Зеленый
  </color>
  <material>
   Нейлон
  </material>
  <price>
   370321
  </price>
  <rating>
   4.29
  </rating>
  <reviews>
   624852
  </reviews>
  <exclusive>
   no
  </exclusive>
 </clothing>
 <clothing>
  <id>
   709708458
  </id>
  <name>
   Puma Sweater H-6387
  </name>
  <category>
   Sweater
  </category>
  <size>
   XL
  </size>
  <color>
   Голубой
  </color>
  <material>
   Нейлон
  </material>
  <price>
   977851
  </price>
  <rating>
   3.43
  </rating>
  <reviews>
   330523
  </reviews>
  <new>
   -
  </new>
  <exclusive>
   no
  </exclusive>
  <sporty>
   yes
  </sporty>
 </clothing>
 <clothing>
  <id>
   432362671
  </id>
  <name>
   Reebok Jacket F-3454
  </name>
  <category>
   Jacket
  </category>
  <size>
   M
  </size>
  <color>
   Голубой
  </color>
  <material>
   Шерсть
  </material>
  <price>
   519984
  </price>
  <rating>
   3.55
  </rating>
  <reviews>
   540979
  </reviews>
  <new>
   -
  </new>
  <exclusive>
   yes
  </exclusive>
  <sporty>
   yes
  </sporty>
 </clothing>
 <clothing>
  <id>
   276986394
  </id>
  <name>
   Nike Hat W-7189
  </name>
  <category>
   Hat
  </category>
  <size>
   L
  </size>
  <color>
   Голубой
  </color>
  <material>
   Нейлон
  </material>
  <price>
   544344
  </price>
  <rating>
   3.55
  </rating>
  <reviews>
   763278
  </reviews>
  <exclusive>
   no
  </exclusive>
 </clothing>
 <clothing>
  <id>
   731008555
  </id>
  <name>
   Ellesse Jacket F-6038
  </name>
  <category>
   Jacket
  </category>
  <size>
   S
  </size>
  <color>
   Фиолетовый
  </color>
  <material>
   Шелк
  </material>
  <price>
   451366
  </price>
  <rating>
   3.49
  </rating>
  <reviews>
   488165
  </reviews>
  <new>
   -
  </new>
  <exclusive>
   yes
  </exclusive>
 </clothing>
 <clothing>
  <id>
   864543977
  </id>
  <name>
   Converse Dress L-9442
  </name>
  <category>
   Dress
  </category>
  <size>
   S
  </size>
  <color>
   Голубой
  </color>
  <material>
   Нейлон
  </material>
  <price>
   571493
  </price>
  <rating>
   2.24
  </rating>
  <reviews>
   223465
  </reviews>
  <sporty>
   no
  </sporty>
 </clothing>
 <clothing>
  <id>
   629369461
  </id>
  <name>
   Ellesse Belts M-2833
  </name>
  <category>
   Belts
  </category>
  <size>
   L
  </size>
  <color>
   Желтый
  </color>
  <material>
   Хлопок
  </material>
  <price>
   111807
  </price>
  <rating>
   2.44
  </rating>
  <reviews>
   2075
  </reviews>
  <exclusive>
   yes
  </exclusive>
  <sporty>
   yes
  </sporty>
 </clothing>
 <clothing>
  <id>
   104931237
  </id>
  <name>
   Reebok Blouse L-9814
  </name>
  <category>
   Blouse
  </category>
  <size>
   XXL
  </size>
  <color>
   Желтый
  </color>
  <material>
   Шелк
  </material>
  <price>
   299961
  </price>
  <rating>
   2.38
  </rating>
  <reviews>
   730907
  </reviews>
  <new>
   -
  </new>
  <sporty>
   no
  </sporty>
 </clothing>
 <clothing>
  <id>
   293875772
  </id>
  <name>
   Under Armour Belts X-1348
  </name>
  <category>
   Belts
  </category>
  <size>
   M
  </size>
  <color>
   Фиолетовый
  </color>
  <material>
   Шелк
  </material>
  <price>
   208403
  </price>
  <rating>
   3.88
  </rating>
  <reviews>
   599308
  </reviews>
  <exclusive>
   no
  </exclusive>
  <sporty>
   yes
  </sporty>
 </clothing>
 <clothing>
  <id>
   906305539
  </id>
  <name>
   DC T-shirt H-7144
  </name>
  <category>
   T-shirt
  </category>
  <size>
   M
  </size>
  <color>
   Оранжевый
  </color>
  <material>
   Хлопок
  </material>
  <price>
   626410
  </price>
  <rating>
   4.71
  </rating>
  <reviews>
   481423
  </reviews>
  <sporty>
   no
  </sporty>
 </clothing>
 <clothing>
  <id>
   551234724
  </id>
  <name>
   DC Pants M-8544
  </name>
  <category>
   Pants
  </category>
  <size>
   S
  </size>
  <color>
   Желтый
  </color>
  <material>
   Кожа
  </material>
  <price>
   552385
  </price>
  <rating>
   3.91
  </rating>
  <reviews>
   175511
  </reviews>
  <new>
   +
  </new>
  <sporty>
   no
  </sporty>
 </clothing>
 <clothing>
  <id>
   154520022
  </id>
  <name>
   Ellesse Jacket C-3457
  </name>
  <category>
   Jacket
  </category>
  <size>
   XXL
  </size>
  <color>
   Оранжевый
  </color>
  <material>
   Вискоза
  </material>
  <price>
   823848
  </price>
  <rating>
   4.54
  </rating>
  <reviews>
   978031
  </reviews>
  <exclusive>
   yes
  </exclusive>
  <sporty>
   no
  </sporty>
 </clothing>
</clothing-items>
