<?xml version="1.0" encoding="utf-8"?>
<clothing-items>
 <clothing>
  <id>
   510986676
  </id>
  <name>
   Adidas T-shirt G-7995
  </name>
  <category>
   T-shirt
  </category>
  <size>
   XXL
  </size>
  <color>
   Голубой
  </color>
  <material>
   Вискоза
  </material>
  <price>
   531011
  </price>
  <rating>
   1.51
  </rating>
  <reviews>
   306692
  </reviews>
  <new>
   +
  </new>
  <exclusive>
   yes
  </exclusive>
  <sporty>
   no
  </sporty>
 </clothing>
 <clothing>
  <id>
   416344315
  </id>
  <name>
   PleinSport Pants S-4584
  </name>
  <category>
   Pants
  </category>
  <size>
   M
  </size>
  <color>
   Фиолетовый
  </color>
  <material>
   Нейлон
  </material>
  <price>
   685357
  </price>
  <rating>
   4.76
  </rating>
  <reviews>
   2701
  </reviews>
  <sporty>
   no
  </sporty>
 </clothing>
 <clothing>
  <id>
   546079267
  </id>
  <name>
   Under Armour Belts Z-3935
  </name>
  <category>
   Belts
  </category>
  <size>
   M
  </size>
  <color>
   Голубой
  </color>
  <material>
   Полиэстер
  </material>
  <price>
   521448
  </price>
  <rating>
   2.99
  </rating>
  <reviews>
   573150
  </reviews>
  <new>
   +
  </new>
  <exclusive>
   yes
  </exclusive>
  <sporty>
   no
  </sporty>
 </clothing>
 <clothing>
  <id>
   906140435
  </id>
  <name>
   Asics Blouse N-4758
  </name>
  <category>
   Blouse
  </category>
  <size>
   L
  </size>
  <color>
   Оранжевый
  </color>
  <material>
   Шелк
  </material>
  <price>
   371641
  </price>
  <rating>
   2.75
  </rating>
  <reviews>
   176550
  </reviews>
  <new>
   +
  </new>
 </clothing>
 <clothing>
  <id>
   373872025
  </id>
  <name>
   PleinSport Umbrellas O-9822
  </name>
  <category>
   Umbrellas
  </category>
  <size>
   XXL
  </size>
  <color>
   Оранжевый
  </color>
  <material>
   Шелк
  </material>
  <price>
   437315
  </price>
  <rating>
   3.13
  </rating>
  <reviews>
   559734
  </reviews>
  <new>
   +
  </new>
  <exclusive>
   no
  </exclusive>
  <sporty>
   yes
  </sporty>
 </clothing>
 <clothing>
  <id>
   495375214
  </id>
  <name>
   Nike Socks U-9013
  </name>
  <category>
   Socks
  </category>
  <size>
   S
  </size>
  <color>
   Желтый
  </color>
  <material>
   Шелк
  </material>
  <price>
   178291
  </price>
  <rating>
   1.67
  </rating>
  <reviews>
   441752
  </reviews>
  <exclusive>
   no
  </exclusive>
  <sporty>
   yes
  </sporty>
 </clothing>
 <clothing>
  <id>
   491696521
  </id>
  <name>
   Puma Shoes X-9082
  </name>
  <category>
   Shoes
  </category>
  <size>
   S
  </size>
  <color>
   Синий
  </color>
  <material>
   Шерсть
  </material>
  <price>
   729134
  </price>
  <rating>
   1.95
  </rating>
  <reviews>
   70018
  </reviews>
  <new>
   -
  </new>
  <exclusive>
   no
  </exclusive>
 </clothing>
 <clothing>
  <id>
   883792887
  </id>
  <name>
   Asics Jacket A-5824
  </name>
  <category>
   Jacket
  </category>
  <size>
   XL
  </size>
  <color>
   Желтый
  </color>
  <material>
   Кожа
  </material>
  <price>
   378778
  </price>
  <rating>
   1.93
  </rating>
  <reviews>
   321651
  </reviews>
  <new>
   -
  </new>
  <exclusive>
   no
  </exclusive>
  <sporty>
   yes
  </sporty>
 </clothing>
 <clothing>
  <id>
   522046761
  </id>
  <name>
   Vans Skirt E-5966
  </name>
  <category>
   Skirt
  </category>
  <size>
   S
  </size>
  <color>
   Фиолетовый
  </color>
  <material>
   Кожа
  </material>
  <price>
   108186
  </price>
  <rating>
   3.57
  </rating>
  <reviews>
   119525
  </reviews>
  <new>
   -
  </new>
  <exclusive>
   no
  </exclusive>
  <sporty>
   no
  </sporty>
 </clothing>
 <clothing>
  <id>
   686899150
  </id>
  <name>
   Asics Socks C-5968
  </name>
  <category>
   Socks
  </category>
  <size>
   S
  </size>
  <color>
   Фиолетовый
  </color>
  <material>
   Хлопок
  </material>
  <price>
   448625
  </price>
  <rating>
   2.88
  </rating>
  <reviews>
   201372
  </reviews>
  <new>
   -
  </new>
  <exclusive>
   no
  </exclusive>
 </clothing>
 <clothing>
  <id>
   847075835
  </id>
  <name>
   PleinSport Belts J-2182
  </name>
  <category>
   Belts
  </category>
  <size>
   L
  </size>
  <color>
   Синий
  </color>
  <material>
   Кожа
  </material>
  <price>
   928484
  </price>
  <rating>
   1.91
  </rating>
  <reviews>
   30572
  </reviews>
  <new>
   -
  </new>
  <exclusive>
   no
  </exclusive>
  <sporty>
   yes
  </sporty>
 </clothing>
 <clothing>
  <id>
   262871014
  </id>
  <name>
   Asics Jacket P-1807
  </name>
  <category>
   Jacket
  </category>
  <size>
   L
  </size>
  <color>
   Красный
  </color>
  <material>
   Полиэстер
  </material>
  <price>
   401396
  </price>
  <rating>
   3.19
  </rating>
  <reviews>
   472035
  </reviews>
  <new>
   -
  </new>
  <exclusive>
   no
  </exclusive>
 </clothing>
 <clothing>
  <id>
   924896972
  </id>
  <name>
   Converse Hat U-5516
  </name>
  <category>
   Hat
  </category>
  <size>
   L
  </size>
  <color>
   Голубой
  </color>
  <material>
   Вискоза
  </material>
  <price>
   236665
  </price>
  <rating>
   2.8
  </rating>
  <reviews>
   956300
  </reviews>
  <exclusive>
   yes
  </exclusive>
  <sporty>
   yes
  </sporty>
 </clothing>
 <clothing>
  <id>
   676796819
  </id>
  <name>
   Under Armour Hat Z-4626
  </name>
  <category>
   Hat
  </category>
  <size>
   L
  </size>
  <color>
   Фиолетовый
  </color>
  <material>
   Нейлон
  </material>
  <price>
   651728
  </price>
  <rating>
   2.56
  </rating>
  <reviews>
   275473
  </reviews>
  <new>
   -
  </new>
  <exclusive>
   no
  </exclusive>
  <sporty>
   no
  </sporty>
 </clothing>
 <clothing>
  <id>
   525831135
  </id>
  <name>
   Vans Belts Q-9866
  </name>
  <category>
   Belts
  </category>
  <size>
   L
  </size>
  <color>
   Оранжевый
  </color>
  <material>
   Вискоза
  </material>
  <price>
   519734
  </price>
  <rating>
   4.06
  </rating>
  <reviews>
   543948
  </reviews>
  <new>
   +
  </new>
  <sporty>
   no
  </sporty>
 </clothing>
 <clothing>
  <id>
   616038744
  </id>
  <name>
   Adidas Handbags W-1897
  </name>
  <category>
   Handbags
  </category>
  <size>
   XL
  </size>
  <color>
   Синий
  </color>
  <material>
   Вискоза
  </material>
  <price>
   141119
  </price>
  <rating>
   3.0
  </rating>
  <reviews>
   106206
  </reviews>
  <new>
   -
  </new>
 </clothing>
 <clothing>
  <id>
   197075348
  </id>
  <name>
   Lacoste Skirt N-6357
  </name>
  <category>
   Skirt
  </category>
  <size>
   XXL
  </size>
  <color>
   Зеленый
  </color>
  <material>
   Лен
  </material>
  <price>
   939973
  </price>
  <rating>
   1.39
  </rating>
  <reviews>
   953320
  </reviews>
  <exclusive>
   no
  </exclusive>
  <sporty>
   no
  </sporty>
 </clothing>
 <clothing>
  <id>
   893903638
  </id>
  <name>
   Lacoste Sweater B-1755
  </name>
  <category>
   Sweater
  </category>
  <size>
   XXL
  </size>
  <color>
   Красный
  </color>
  <material>
   Лен
  </material>
  <price>
   954471
  </price>
  <rating>
   4.37
  </rating>
  <reviews>
   944011
  </reviews>
  <new>
   +
  </new>
  <exclusive>
   no
  </exclusive>
  <sporty>
   no
  </sporty>
 </clothing>
 <clothing>
  <id>
   882424802
  </id>
  <name>
   Under Armour Shirt Y-9173
  </name>
  <category>
   Shirt
  </category>
  <size>
   XL
  </size>
  <color>
   Синий
  </color>
  <material>
   Полиэстер
  </material>
  <price>
   737746
  </price>
  <rating>
   4.81
  </rating>
  <reviews>
   687411
  </reviews>
  <exclusive>
   no
  </exclusive>
 </clothing>
 <clothing>
  <id>
   713119038
  </id>
  <name>
   Fila Blouse Q-3571
  </name>
  <category>
   Blouse
  </category>
  <size>
   L
  </size>
  <color>
   Оранжевый
  </color>
  <material>
   Лен
  </material>
  <price>
   859907
  </price>
  <rating>
   1.13
  </rating>
  <reviews>
   935452
  </reviews>
  <exclusive>
   yes
  </exclusive>
 </clothing>
 <clothing>
  <id>
   850238510
  </id>
  <name>
   Reebok Pants X-9638
  </name>
  <category>
   Pants
  </category>
  <size>
   XL
  </size>
  <color>
   Синий
  </color>
  <material>
   Хлопок
  </material>
  <price>
   464528
  </price>
  <rating>
   4.29
  </rating>
  <reviews>
   154057
  </reviews>
  <new>
   +
  </new>
  <exclusive>
   yes
  </exclusive>
 </clothing>
 <clothing>
  <id>
   197854085
  </id>
  <name>
   DC Shirt M-3945
  </name>
  <category>
   Shirt
  </category>
  <size>
   XL
  </size>
  <color>
   Желтый
  </color>
  <material>
   Нейлон
  </material>
  <price>
   574243
  </price>
  <rating>
   2.68
  </rating>
  <reviews>
   164178
  </reviews>
  <new>
   -
  </new>
  <exclusive>
   no
  </exclusive>
 </clothing>
 <clothing>
  <id>
   398429168
  </id>
  <name>
   Fila Belts Y-5893
  </name>
  <category>
   Belts
  </category>
  <size>
   M
  </size>
  <color>
   Синий
  </color>
  <material>
   Полиэстер
  </material>
  <price>
   416881
  </price>
  <rating>
   1.87
  </rating>
  <reviews>
   712161
  </reviews>
  <new>
   +
  </new>
  <exclusive>
   yes
  </exclusive>
 </clothing>
 <clothing>
  <id>
   926999907
  </id>
  <name>
   Brooks Skirt O-7902
  </name>
  <category>
   Skirt
  </category>
  <size>
   S
  </size>
  <color>
   Зеленый
  </color>
  <material>
   Хлопок
  </material>
  <price>
   289852
  </price>
  <rating>
   2.26
  </rating>
  <reviews>
   950881
  </reviews>
  <exclusive>
   no
  </exclusive>
 </clothing>
 <clothing>
  <id>
   352963188
  </id>
  <name>
   Converse Blouse N-4317
  </name>
  <category>
   Blouse
  </category>
  <size>
   XL
  </size>
  <color>
   Голубой
  </color>
  <material>
   Нейлон
  </material>
  <price>
   203895
  </price>
  <rating>
   2.63
  </rating>
  <reviews>
   605271
  </reviews>
  <new>
   -
  </new>
  <sporty>
   no
  </sporty>
 </clothing>
 <clothing>
  <id>
   623266905
  </id>
  <name>
   Ellesse Skirt D-8492
  </name>
  <category>
   Skirt
  </category>
  <size>
   XL
  </size>
  <color>
   Зеленый
  </color>
  <material>
   Шелк
  </material>
  <price>
   806554
  </price>
  <rating>
   2.87
  </rating>
  <reviews>
   918664
  </reviews>
  <new>
   +
  </new>
  <exclusive>
   yes
  </exclusive>
  <sporty>
   no
  </sporty>
 </clothing>
 <clothing>
  <id>
   958584623
  </id>
  <name>
   DC Blouse U-5982
  </name>
  <category>
   Blouse
  </category>
  <size>
   L
  </size>
  <color>
   Красный
  </color>
  <material>
   Кожа
  </material>
  <price>
   535157
  </price>
  <rating>
   2.3
  </rating>
  <reviews>
   226584
  </reviews>
  <new>
   +
  </new>
  <sporty>
   no
  </sporty>
 </clothing>
 <clothing>
  <id>
   208898786
  </id>
  <name>
   Nike T-shirt K-7392
  </name>
  <category>
   T-shirt
  </category>
  <size>
   M
  </size>
  <color>
   Фиолетовый
  </color>
  <material>
   Нейлон
  </material>
  <price>
   456126
  </price>
  <rating>
   2.29
  </rating>
  <reviews>
   26434
  </reviews>
  <exclusive>
   yes
  </exclusive>
  <sporty>
   no
  </sporty>
 </clothing>
 <clothing>
  <id>
   220494985
  </id>
  <name>
   Asics Pants G-2315
  </name>
  <category>
   Pants
  </category>
  <size>
   S
  </size>
  <color>
   Синий
  </color>
  <material>
   Шелк
  </material>
  <price>
   349617
  </price>
  <rating>
   2.44
  </rating>
  <reviews>
   919813
  </reviews>
  <exclusive>
   yes
  </exclusive>
  <sporty>
   no
  </sporty>
 </clothing>
 <clothing>
  <id>
   487952193
  </id>
  <name>
   Vans Jacket V-6537
  </name>
  <category>
   Jacket
  </category>
  <size>
   XXL
  </size>
  <color>
   Зеленый
  </color>
  <material>
   Нейлон
  </material>
  <price>
   455759
  </price>
  <rating>
   1.42
  </rating>
  <reviews>
   2286
  </reviews>
  <new>
   -
  </new>
  <exclusive>
   no
  </exclusive>
 </clothing>
 <clothing>
  <id>
   235170098
  </id>
  <name>
   Nike Shoes V-4138
  </name>
  <category>
   Shoes
  </category>
  <size>
   XXL
  </size>
  <color>
   Фиолетовый
  </color>
  <material>
   Кожа
  </material>
  <price>
   740275
  </price>
  <rating>
   3.33
  </rating>
  <reviews>
   707039
  </reviews>
  <new>
   +
  </new>
  <exclusive>
   yes
  </exclusive>
 </clothing>
 <clothing>
  <id>
   885546313
  </id>
  <name>
   Fila Hat N-6200
  </name>
  <category>
   Hat
  </category>
  <size>
   XXL
  </size>
  <color>
   Голубой
  </color>
  <material>
   Полиэстер
  </material>
  <price>
   482968
  </price>
  <rating>
   4.62
  </rating>
  <reviews>
   325467
  </reviews>
  <exclusive>
   no
  </exclusive>
 </clothing>
 <clothing>
  <id>
   979757280
  </id>
  <name>
   Ellesse Handbags Q-5916
  </name>
  <category>
   Handbags
  </category>
  <size>
   XXL
  </size>
  <color>
   Зеленый
  </color>
  <material>
   Нейлон
  </material>
  <price>
   240910
  </price>
  <rating>
   2.6
  </rating>
  <reviews>
   182478
  </reviews>
  <new>
   -
  </new>
  <exclusive>
   yes
  </exclusive>
 </clothing>
 <clothing>
  <id>
   297953504
  </id>
  <name>
   New Balance Dress A-1465
  </name>
  <category>
   Dress
  </category>
  <size>
   XL
  </size>
  <color>
   Желтый
  </color>
  <material>
   Вискоза
  </material>
  <price>
   117438
  </price>
  <rating>
   1.57
  </rating>
  <reviews>
   147277
  </reviews>
  <exclusive>
   yes
  </exclusive>
  <sporty>
   yes
  </sporty>
 </clothing>
 <clothing>
  <id>
   294021904
  </id>
  <name>
   Converse Jacket Q-4901
  </name>
  <category>
   Jacket
  </category>
  <size>
   XL
  </size>
  <color>
   Фиолетовый
  </color>
  <material>
   Шерсть
  </material>
  <price>
   895295
  </price>
  <rating>
   1.46
  </rating>
  <reviews>
   354238
  </reviews>
  <exclusive>
   no
  </exclusive>
 </clothing>
 <clothing>
  <id>
   114281280
  </id>
  <name>
   Converse Shirt Q-6966
  </name>
  <category>
   Shirt
  </category>
  <size>
   XL
  </size>
  <color>
   Голубой
  </color>
  <material>
   Хлопок
  </material>
  <price>
   600531
  </price>
  <rating>
   1.29
  </rating>
  <reviews>
   614449
  </reviews>
  <exclusive>
   no
  </exclusive>
  <sporty>
   yes
  </sporty>
 </clothing>
 <clothing>
  <id>
   412379139
  </id>
  <name>
   Converse Sweater J-1928
  </name>
  <category>
   Sweater
  </category>
  <size>
   S
  </size>
  <color>
   Зеленый
  </color>
  <material>
   Кожа
  </material>
  <price>
   866096
  </price>
  <rating>
   1.18
  </rating>
  <reviews>
   603732
  </reviews>
  <exclusive>
   no
  </exclusive>
  <sporty>
   no
  </sporty>
 </clothing>
 <clothing>
  <id>
   303899937
  </id>
  <name>
   Brooks Jacket S-4716
  </name>
  <category>
   Jacket
  </category>
  <size>
   XXL
  </size>
  <color>
   Красный
  </color>
  <material>
   Полиэстер
  </material>
  <price>
   491518
  </price>
  <rating>
   1.61
  </rating>
  <reviews>
   352032
  </reviews>
  <sporty>
   no
  </sporty>
 </clothing>
 <clothing>
  <id>
   158790213
  </id>
  <name>
   PleinSport Umbrellas Z-4496
  </name>
  <category>
   Umbrellas
  </category>
  <size>
   L
  </size>
  <color>
   Фиолетовый
  </color>
  <material>
   Лен
  </material>
  <price>
   289186
  </price>
  <rating>
   2.22
  </rating>
  <reviews>
   456859
  </reviews>
  <new>
   +
  </new>
  <exclusive>
   no
  </exclusive>
  <sporty>
   yes
  </sporty>
 </clothing>
 <clothing>
  <id>
   711496667
  </id>
  <name>
   Addidas Hat W-4687
  </name>
  <category>
   Hat
  </category>
  <size>
   L
  </size>
  <color>
   Зеленый
  </color>
  <material>
   Нейлон
  </material>
  <price>
   625984
  </price>
  <rating>
   1.19
  </rating>
  <reviews>
   287727
  </reviews>
  <new>
   +
  </new>
  <sporty>
   no
  </sporty>
 </clothing>
 <clothing>
  <id>
   439666322
  </id>
  <name>
   Converse Skirt K-9396
  </name>
  <category>
   Skirt
  </category>
  <size>
   M
  </size>
  <color>
   Красный
  </color>
  <material>
   Кожа
  </material>
  <price>
   550499
  </price>
  <rating>
   1.43
  </rating>
  <reviews>
   312364
  </reviews>
  <new>
   -
  </new>
 </clothing>
 <clothing>
  <id>
   805961534
  </id>
  <name>
   Brooks Umbrellas R-6795
  </name>
  <category>
   Umbrellas
  </category>
  <size>
   XL
  </size>
  <color>
   Голубой
  </color>
  <material>
   Лен
  </material>
  <price>
   401565
  </price>
  <rating>
   1.42
  </rating>
  <reviews>
   548936
  </reviews>
  <exclusive>
   no
  </exclusive>
  <sporty>
   yes
  </sporty>
 </clothing>
 <clothing>
  <id>
   154782738
  </id>
  <name>
   Vans Jeans G-4789
  </name>
  <category>
   Jeans
  </category>
  <size>
   L
  </size>
  <color>
   Голубой
  </color>
  <material>
   Кожа
  </material>
  <price>
   253678
  </price>
  <rating>
   1.4
  </rating>
  <reviews>
   248504
  </reviews>
  <new>
   +
  </new>
  <exclusive>
   no
  </exclusive>
 </clothing>
 <clothing>
  <id>
   507923802
  </id>
  <name>
   Adidas Gloves E-8233
  </name>
  <category>
   Gloves
  </category>
  <size>
   M
  </size>
  <color>
   Красный
  </color>
  <material>
   Кожа
  </material>
  <price>
   796889
  </price>
  <rating>
   2.29
  </rating>
  <reviews>
   802139
  </reviews>
  <new>
   -
  </new>
  <sporty>
   yes
  </sporty>
 </clothing>
 <clothing>
  <id>
   222986005
  </id>
  <name>
   Adidas Sweater U-2770
  </name>
  <category>
   Sweater
  </category>
  <size>
   M
  </size>
  <color>
   Оранжевый
  </color>
  <material>
   Кожа
  </material>
  <price>
   271711
  </price>
  <rating>
   3.97
  </rating>
  <reviews>
   146110
  </reviews>
  <new>
   -
  </new>
  <exclusive>
   no
  </exclusive>
 </clothing>
 <clothing>
  <id>
   856922971
  </id>
  <name>
   Adidas Shirt H-2739
  </name>
  <category>
   Shirt
  </category>
  <size>
   XXL
  </size>
  <color>
   Желтый
  </color>
  <material>
   Шелк
  </material>
  <price>
   499028
  </price>
  <rating>
   2.43
  </rating>
  <reviews>
   581391
  </reviews>
  <new>
   +
  </new>
  <exclusive>
   yes
  </exclusive>
  <sporty>
   yes
  </sporty>
 </clothing>
 <clothing>
  <id>
   989778437
  </id>
  <name>
   Nike Shirt F-7441
  </name>
  <category>
   Shirt
  </category>
  <size>
   M
  </size>
  <color>
   Зеленый
  </color>
  <material>
   Полиэстер
  </material>
  <price>
   600254
  </price>
  <rating>
   4.32
  </rating>
  <reviews>
   886631
  </reviews>
  <exclusive>
   yes
  </exclusive>
 </clothing>
 <clothing>
  <id>
   936490700
  </id>
  <name>
   Adidas Jeans J-7074
  </name>
  <category>
   Jeans
  </category>
  <size>
   S
  </size>
  <color>
   Зеленый
  </color>
  <material>
   Шерсть
  </material>
  <price>
   550506
  </price>
  <rating>
   4.1
  </rating>
  <reviews>
   148384
  </reviews>
  <exclusive>
   no
  </exclusive>
 </clothing>
 <clothing>
  <id>
   981427930
  </id>
  <name>
   PleinSport T-shirt J-4567
  </name>
  <category>
   T-shirt
  </category>
  <size>
   M
  </size>
  <color>
   Зеленый
  </color>
  <material>
   Вискоза
  </material>
  <price>
   550817
  </price>
  <rating>
   3.88
  </rating>
  <reviews>
   592457
  </reviews>
  <new>
   -
  </new>
  <exclusive>
   no
  </exclusive>
 </clothing>
 <clothing>
  <id>
   506471153
  </id>
  <name>
   Ellesse Socks Z-1721
  </name>
  <category>
   Socks
  </category>
  <size>
   XL
  </size>
  <color>
   Зеленый
  </color>
  <material>
   Шелк
  </material>
  <price>
   965091
  </price>
  <rating>
   2.83
  </rating>
  <reviews>
   114614
  </reviews>
  <new>
   -
  </new>
  <exclusive>
   no
  </exclusive>
 </clothing>
</clothing-items>
