<?xml version="1.0" encoding="utf-8"?>
<clothing-items>
 <clothing>
  <id>
   454766149
  </id>
  <name>
   Lacoste Socks Y-1127
  </name>
  <category>
   Socks
  </category>
  <size>
   M
  </size>
  <color>
   Оранжевый
  </color>
  <material>
   Нейлон
  </material>
  <price>
   432747
  </price>
  <rating>
   3.83
  </rating>
  <reviews>
   360748
  </reviews>
  <new>
   +
  </new>
 </clothing>
 <clothing>
  <id>
   395262731
  </id>
  <name>
   Fila Gloves E-5558
  </name>
  <category>
   Gloves
  </category>
  <size>
   L
  </size>
  <color>
   Синий
  </color>
  <material>
   Лен
  </material>
  <price>
   189004
  </price>
  <rating>
   1.28
  </rating>
  <reviews>
   962540
  </reviews>
  <sporty>
   no
  </sporty>
 </clothing>
 <clothing>
  <id>
   449847629
  </id>
  <name>
   Asics Handbags V-4918
  </name>
  <category>
   Handbags
  </category>
  <size>
   XL
  </size>
  <color>
   Оранжевый
  </color>
  <material>
   Лен
  </material>
  <price>
   746288
  </price>
  <rating>
   1.01
  </rating>
  <reviews>
   616586
  </reviews>
  <new>
   -
  </new>
  <exclusive>
   no
  </exclusive>
 </clothing>
 <clothing>
  <id>
   640700481
  </id>
  <name>
   New Balance Sweater K-7821
  </name>
  <category>
   Sweater
  </category>
  <size>
   M
  </size>
  <color>
   Красный
  </color>
  <material>
   Кожа
  </material>
  <price>
   319219
  </price>
  <rating>
   2.49
  </rating>
  <reviews>
   587362
  </reviews>
  <new>
   +
  </new>
  <sporty>
   no
  </sporty>
 </clothing>
 <clothing>
  <id>
   803230341
  </id>
  <name>
   Ellesse Handbags A-6491
  </name>
  <category>
   Handbags
  </category>
  <size>
   M
  </size>
  <color>
   Красный
  </color>
  <material>
   Вискоза
  </material>
  <price>
   489434
  </price>
  <rating>
   3.22
  </rating>
  <reviews>
   790765
  </reviews>
  <new>
   +
  </new>
  <exclusive>
   no
  </exclusive>
  <sporty>
   yes
  </sporty>
 </clothing>
 <clothing>
  <id>
   629272801
  </id>
  <name>
   Vans Blouse S-2176
  </name>
  <category>
   Blouse
  </category>
  <size>
   L
  </size>
  <color>
   Фиолетовый
  </color>
  <material>
   Лен
  </material>
  <price>
   789969
  </price>
  <rating>
   4.29
  </rating>
  <reviews>
   212138
  </reviews>
  <new>
   +
  </new>
  <exclusive>
   no
  </exclusive>
  <sporty>
   yes
  </sporty>
 </clothing>
 <clothing>
  <id>
   971939936
  </id>
  <name>
   Brooks Shirt Y-8441
  </name>
  <category>
   Shirt
  </category>
  <size>
   XXL
  </size>
  <color>
   Фиолетовый
  </color>
  <material>
   Шелк
  </material>
  <price>
   916527
  </price>
  <rating>
   1.19
  </rating>
  <reviews>
   23943
  </reviews>
  <exclusive>
   no
  </exclusive>
 </clothing>
 <clothing>
  <id>
   310061743
  </id>
  <name>
   PleinSport Sweater P-3499
  </name>
  <category>
   Sweater
  </category>
  <size>
   S
  </size>
  <color>
   Фиолетовый
  </color>
  <material>
   Нейлон
  </material>
  <price>
   351313
  </price>
  <rating>
   3.47
  </rating>
  <reviews>
   444460
  </reviews>
  <new>
   -
  </new>
  <exclusive>
   no
  </exclusive>
  <sporty>
   no
  </sporty>
 </clothing>
 <clothing>
  <id>
   105666728
  </id>
  <name>
   New Balance Shoes Q-3742
  </name>
  <category>
   Shoes
  </category>
  <size>
   XL
  </size>
  <color>
   Синий
  </color>
  <material>
   Хлопок
  </material>
  <price>
   420239
  </price>
  <rating>
   4.38
  </rating>
  <reviews>
   659517
  </reviews>
  <new>
   -
  </new>
  <sporty>
   no
  </sporty>
 </clothing>
 <clothing>
  <id>
   150566494
  </id>
  <name>
   Asics Shoes F-4716
  </name>
  <category>
   Shoes
  </category>
  <size>
   M
  </size>
  <color>
   Фиолетовый
  </color>
  <material>
   Кожа
  </material>
  <price>
   130614
  </price>
  <rating>
   1.92
  </rating>
  <reviews>
   653974
  </reviews>
  <new>
   -
  </new>
  <exclusive>
   no
  </exclusive>
 </clothing>
 <clothing>
  <id>
   522393840
  </id>
  <name>
   Brooks Blouse I-2851
  </name>
  <category>
   Blouse
  </category>
  <size>
   XXL
  </size>
  <color>
   Фиолетовый
  </color>
  <material>
   Шерсть
  </material>
  <price>
   909578
  </price>
  <rating>
   2.6
  </rating>
  <reviews>
   250675
  </reviews>
  <new>
   -
  </new>
  <exclusive>
   no
  </exclusive>
  <sporty>
   no
  </sporty>
 </clothing>
 <clothing>
  <id>
   150093960
  </id>
  <name>
   DC Skirt F-6843
  </name>
  <category>
   Skirt
  </category>
  <size>
   L
  </size>
  <color>
   Зеленый
  </color>
  <material>
   Лен
  </material>
  <price>
   413623
  </price>
  <rating>
   4.58
  </rating>
  <reviews>
   801956
  </reviews>
 </clothing>
 <clothing>
  <id>
   949679707
  </id>
  <name>
   New Balance Belts R-4020
  </name>
  <category>
   Belts
  </category>
  <size>
   XXL
  </size>
  <color>
   Фиолетовый
  </color>
  <material>
   Вискоза
  </material>
  <price>
   178792
  </price>
  <rating>
   2.31
  </rating>
  <reviews>
   904433
  </reviews>
  <new>
   +
  </new>
  <sporty>
   no
  </sporty>
 </clothing>
 <clothing>
  <id>
   751807809
  </id>
  <name>
   Ellesse Socks E-3850
  </name>
  <category>
   Socks
  </category>
  <size>
   XXL
  </size>
  <color>
   Синий
  </color>
  <material>
   Шелк
  </material>
  <price>
   728937
  </price>
  <rating>
   4.41
  </rating>
  <reviews>
   883799
  </reviews>
  <new>
   +
  </new>
  <exclusive>
   yes
  </exclusive>
  <sporty>
   no
  </sporty>
 </clothing>
 <clothing>
  <id>
   946839969
  </id>
  <name>
   Vans Jacket S-9664
  </name>
  <category>
   Jacket
  </category>
  <size>
   M
  </size>
  <color>
   Красный
  </color>
  <material>
   Шерсть
  </material>
  <price>
   644167
  </price>
  <rating>
   1.62
  </rating>
  <reviews>
   875656
  </reviews>
  <exclusive>
   yes
  </exclusive>
 </clothing>
 <clothing>
  <id>
   908057366
  </id>
  <name>
   Lacoste Socks N-7154
  </name>
  <category>
   Socks
  </category>
  <size>
   S
  </size>
  <color>
   Красный
  </color>
  <material>
   Шелк
  </material>
  <price>
   472471
  </price>
  <rating>
   2.13
  </rating>
  <reviews>
   774322
  </reviews>
  <new>
   -
  </new>
  <exclusive>
   no
  </exclusive>
 </clothing>
</clothing-items>
