<?xml version="1.0" encoding="utf-8"?>
<clothing-items>
 <clothing>
  <id>
   318143227
  </id>
  <name>
   New Balance Dress E-5281
  </name>
  <category>
   Dress
  </category>
  <size>
   S
  </size>
  <color>
   Фиолетовый
  </color>
  <material>
   Полиэстер
  </material>
  <price>
   602475
  </price>
  <rating>
   3.32
  </rating>
  <reviews>
   739240
  </reviews>
  <new>
   +
  </new>
  <sporty>
   yes
  </sporty>
 </clothing>
 <clothing>
  <id>
   340367408
  </id>
  <name>
   Puma Gloves F-8153
  </name>
  <category>
   Gloves
  </category>
  <size>
   XXL
  </size>
  <color>
   Фиолетовый
  </color>
  <material>
   Кожа
  </material>
  <price>
   999781
  </price>
  <rating>
   1.91
  </rating>
  <reviews>
   543709
  </reviews>
 </clothing>
 <clothing>
  <id>
   763560478
  </id>
  <name>
   Nike Jacket B-5738
  </name>
  <category>
   Jacket
  </category>
  <size>
   XXL
  </size>
  <color>
   Желтый
  </color>
  <material>
   Лен
  </material>
  <price>
   799497
  </price>
  <rating>
   4.13
  </rating>
  <reviews>
   835845
  </reviews>
  <new>
   +
  </new>
  <sporty>
   no
  </sporty>
 </clothing>
 <clothing>
  <id>
   432110478
  </id>
  <name>
   Addidas Handbags O-6420
  </name>
  <category>
   Handbags
  </category>
  <size>
   S
  </size>
  <color>
   Желтый
  </color>
  <material>
   Хлопок
  </material>
  <price>
   509422
  </price>
  <rating>
   2.0
  </rating>
  <reviews>
   136512
  </reviews>
  <new>
   -
  </new>
  <exclusive>
   yes
  </exclusive>
 </clothing>
 <clothing>
  <id>
   644491213
  </id>
  <name>
   Lacoste T-shirt C-2618
  </name>
  <category>
   T-shirt
  </category>
  <size>
   XL
  </size>
  <color>
   Желтый
  </color>
  <material>
   Вискоза
  </material>
  <price>
   161162
  </price>
  <rating>
   1.93
  </rating>
  <reviews>
   334192
  </reviews>
  <new>
   +
  </new>
  <sporty>
   no
  </sporty>
 </clothing>
 <clothing>
  <id>
   409861728
  </id>
  <name>
   Under Armour T-shirt Z-1520
  </name>
  <category>
   T-shirt
  </category>
  <size>
   XL
  </size>
  <color>
   Желтый
  </color>
  <material>
   Кожа
  </material>
  <price>
   912924
  </price>
  <rating>
   3.96
  </rating>
  <reviews>
   408948
  </reviews>
  <new>
   -
  </new>
  <exclusive>
   yes
  </exclusive>
  <sporty>
   no
  </sporty>
 </clothing>
 <clothing>
  <id>
   258668665
  </id>
  <name>
   PleinSport Jacket X-9094
  </name>
  <category>
   Jacket
  </category>
  <size>
   L
  </size>
  <color>
   Желтый
  </color>
  <material>
   Кожа
  </material>
  <price>
   509573
  </price>
  <rating>
   1.97
  </rating>
  <reviews>
   655064
  </reviews>
  <new>
   +
  </new>
  <sporty>
   yes
  </sporty>
 </clothing>
 <clothing>
  <id>
   367720237
  </id>
  <name>
   DC Gloves W-1706
  </name>
  <category>
   Gloves
  </category>
  <size>
   S
  </size>
  <color>
   Фиолетовый
  </color>
  <material>
   Шерсть
  </material>
  <price>
   881238
  </price>
  <rating>
   3.27
  </rating>
  <reviews>
   436901
  </reviews>
 </clothing>
 <clothing>
  <id>
   954096898
  </id>
  <name>
   Vans Blouse T-7619
  </name>
  <category>
   Blouse
  </category>
  <size>
   M
  </size>
  <color>
   Синий
  </color>
  <material>
   Шелк
  </material>
  <price>
   168523
  </price>
  <rating>
   1.26
  </rating>
  <reviews>
   626298
  </reviews>
  <new>
   +
  </new>
  <exclusive>
   no
  </exclusive>
  <sporty>
   no
  </sporty>
 </clothing>
 <clothing>
  <id>
   264878104
  </id>
  <name>
   Addidas Shirt W-4472
  </name>
  <category>
   Shirt
  </category>
  <size>
   XXL
  </size>
  <color>
   Фиолетовый
  </color>
  <material>
   Вискоза
  </material>
  <price>
   909558
  </price>
  <rating>
   1.76
  </rating>
  <reviews>
   348375
  </reviews>
 </clothing>
 <clothing>
  <id>
   171713591
  </id>
  <name>
   New Balance Jacket L-2028
  </name>
  <category>
   Jacket
  </category>
  <size>
   XXL
  </size>
  <color>
   Голубой
  </color>
  <material>
   Хлопок
  </material>
  <price>
   631812
  </price>
  <rating>
   1.02
  </rating>
  <reviews>
   147408
  </reviews>
  <new>
   +
  </new>
  <sporty>
   no
  </sporty>
 </clothing>
 <clothing>
  <id>
   684151301
  </id>
  <name>
   Reebok Skirt C-3954
  </name>
  <category>
   Skirt
  </category>
  <size>
   XXL
  </size>
  <color>
   Синий
  </color>
  <material>
   Шелк
  </material>
  <price>
   995344
  </price>
  <rating>
   3.26
  </rating>
  <reviews>
   370607
  </reviews>
  <new>
   +
  </new>
  <sporty>
   no
  </sporty>
 </clothing>
 <clothing>
  <id>
   354194721
  </id>
  <name>
   Addidas Belts M-8054
  </name>
  <category>
   Belts
  </category>
  <size>
   S
  </size>
  <color>
   Фиолетовый
  </color>
  <material>
   Кожа
  </material>
  <price>
   647977
  </price>
  <rating>
   2.82
  </rating>
  <reviews>
   516286
  </reviews>
  <new>
   +
  </new>
 </clothing>
 <clothing>
  <id>
   468648997
  </id>
  <name>
   Brooks Shirt K-3928
  </name>
  <category>
   Shirt
  </category>
  <size>
   S
  </size>
  <color>
   Красный
  </color>
  <material>
   Лен
  </material>
  <price>
   357511
  </price>
  <rating>
   4.87
  </rating>
  <reviews>
   538727
  </reviews>
  <new>
   +
  </new>
  <exclusive>
   no
  </exclusive>
  <sporty>
   yes
  </sporty>
 </clothing>
</clothing-items>
