<?xml version="1.0" encoding="utf-8"?>
<clothing-items>
 <clothing>
  <id>
   433619831
  </id>
  <name>
   Brooks Skirt H-5650
  </name>
  <category>
   Skirt
  </category>
  <size>
   L
  </size>
  <color>
   Зеленый
  </color>
  <material>
   Лен
  </material>
  <price>
   293540
  </price>
  <rating>
   3.95
  </rating>
  <reviews>
   251651
  </reviews>
  <exclusive>
   no
  </exclusive>
  <sporty>
   yes
  </sporty>
 </clothing>
 <clothing>
  <id>
   529159899
  </id>
  <name>
   Reebok Hat Z-1425
  </name>
  <category>
   Hat
  </category>
  <size>
   XXL
  </size>
  <color>
   Голубой
  </color>
  <material>
   Шелк
  </material>
  <price>
   575990
  </price>
  <rating>
   4.78
  </rating>
  <reviews>
   140233
  </reviews>
  <exclusive>
   no
  </exclusive>
  <sporty>
   yes
  </sporty>
 </clothing>
 <clothing>
  <id>
   550765877
  </id>
  <name>
   Reebok Shirt Z-3510
  </name>
  <category>
   Shirt
  </category>
  <size>
   XXL
  </size>
  <color>
   Фиолетовый
  </color>
  <material>
   Полиэстер
  </material>
  <price>
   952196
  </price>
  <rating>
   1.41
  </rating>
  <reviews>
   868518
  </reviews>
 </clothing>
 <clothing>
  <id>
   323753720
  </id>
  <name>
   Addidas Hat G-6900
  </name>
  <category>
   Hat
  </category>
  <size>
   M
  </size>
  <color>
   Синий
  </color>
  <material>
   Шелк
  </material>
  <price>
   669209
  </price>
  <rating>
   4.22
  </rating>
  <reviews>
   621326
  </reviews>
  <exclusive>
   yes
  </exclusive>
  <sporty>
   no
  </sporty>
 </clothing>
 <clothing>
  <id>
   281599039
  </id>
  <name>
   Under Armour Socks J-5401
  </name>
  <category>
   Socks
  </category>
  <size>
   XXL
  </size>
  <color>
   Оранжевый
  </color>
  <material>
   Лен
  </material>
  <price>
   920853
  </price>
  <rating>
   3.6
  </rating>
  <reviews>
   241339
  </reviews>
  <exclusive>
   no
  </exclusive>
 </clothing>
 <clothing>
  <id>
   384488151
  </id>
  <name>
   Under Armour Skirt H-9847
  </name>
  <category>
   Skirt
  </category>
  <size>
   XL
  </size>
  <color>
   Зеленый
  </color>
  <material>
   Шерсть
  </material>
  <price>
   666043
  </price>
  <rating>
   1.19
  </rating>
  <reviews>
   298058
  </reviews>
  <new>
   -
  </new>
  <sporty>
   yes
  </sporty>
 </clothing>
 <clothing>
  <id>
   886955637
  </id>
  <name>
   Converse Hat J-1806
  </name>
  <category>
   Hat
  </category>
  <size>
   S
  </size>
  <color>
   Зеленый
  </color>
  <material>
   Нейлон
  </material>
  <price>
   560424
  </price>
  <rating>
   1.52
  </rating>
  <reviews>
   758849
  </reviews>
  <new>
   -
  </new>
  <exclusive>
   yes
  </exclusive>
 </clothing>
 <clothing>
  <id>
   223784581
  </id>
  <name>
   Brooks Pants C-6564
  </name>
  <category>
   Pants
  </category>
  <size>
   XXL
  </size>
  <color>
   Синий
  </color>
  <material>
   Шерсть
  </material>
  <price>
   339840
  </price>
  <rating>
   2.62
  </rating>
  <reviews>
   229590
  </reviews>
  <exclusive>
   no
  </exclusive>
  <sporty>
   no
  </sporty>
 </clothing>
 <clothing>
  <id>
   256291033
  </id>
  <name>
   Vans Jeans X-3505
  </name>
  <category>
   Jeans
  </category>
  <size>
   S
  </size>
  <color>
   Зеленый
  </color>
  <material>
   Шерсть
  </material>
  <price>
   474861
  </price>
  <rating>
   1.59
  </rating>
  <reviews>
   562649
  </reviews>
  <new>
   -
  </new>
  <exclusive>
   yes
  </exclusive>
  <sporty>
   no
  </sporty>
 </clothing>
 <clothing>
  <id>
   122129381
  </id>
  <name>
   New Balance Blouse F-4941
  </name>
  <category>
   Blouse
  </category>
  <size>
   S
  </size>
  <color>
   Оранжевый
  </color>
  <material>
   Полиэстер
  </material>
  <price>
   912843
  </price>
  <rating>
   3.34
  </rating>
  <reviews>
   746743
  </reviews>
  <new>
   +
  </new>
  <exclusive>
   yes
  </exclusive>
  <sporty>
   no
  </sporty>
 </clothing>
 <clothing>
  <id>
   865486329
  </id>
  <name>
   Puma Umbrellas E-4589
  </name>
  <category>
   Umbrellas
  </category>
  <size>
   S
  </size>
  <color>
   Желтый
  </color>
  <material>
   Полиэстер
  </material>
  <price>
   858337
  </price>
  <rating>
   2.2
  </rating>
  <reviews>
   623415
  </reviews>
  <new>
   -
  </new>
  <sporty>
   no
  </sporty>
 </clothing>
 <clothing>
  <id>
   650754347
  </id>
  <name>
   Under Armour Belts R-2242
  </name>
  <category>
   Belts
  </category>
  <size>
   S
  </size>
  <color>
   Фиолетовый
  </color>
  <material>
   Хлопок
  </material>
  <price>
   750052
  </price>
  <rating>
   3.91
  </rating>
  <reviews>
   13439
  </reviews>
  <new>
   -
  </new>
 </clothing>
 <clothing>
  <id>
   123222913
  </id>
  <name>
   Vans Shoes L-7325
  </name>
  <category>
   Shoes
  </category>
  <size>
   M
  </size>
  <color>
   Голубой
  </color>
  <material>
   Хлопок
  </material>
  <price>
   933803
  </price>
  <rating>
   1.09
  </rating>
  <reviews>
   428013
  </reviews>
  <new>
   +
  </new>
  <exclusive>
   no
  </exclusive>
  <sporty>
   yes
  </sporty>
 </clothing>
 <clothing>
  <id>
   262281048
  </id>
  <name>
   Reebok Skirt Z-5393
  </name>
  <category>
   Skirt
  </category>
  <size>
   L
  </size>
  <color>
   Желтый
  </color>
  <material>
   Хлопок
  </material>
  <price>
   785868
  </price>
  <rating>
   2.97
  </rating>
  <reviews>
   434722
  </reviews>
 </clothing>
 <clothing>
  <id>
   349966692
  </id>
  <name>
   Ellesse Belts B-7709
  </name>
  <category>
   Belts
  </category>
  <size>
   L
  </size>
  <color>
   Голубой
  </color>
  <material>
   Вискоза
  </material>
  <price>
   281669
  </price>
  <rating>
   2.88
  </rating>
  <reviews>
   34481
  </reviews>
  <new>
   -
  </new>
 </clothing>
 <clothing>
  <id>
   881448921
  </id>
  <name>
   Puma Umbrellas G-6786
  </name>
  <category>
   Umbrellas
  </category>
  <size>
   M
  </size>
  <color>
   Красный
  </color>
  <material>
   Полиэстер
  </material>
  <price>
   873902
  </price>
  <rating>
   1.16
  </rating>
  <reviews>
   238393
  </reviews>
  <exclusive>
   no
  </exclusive>
  <sporty>
   no
  </sporty>
 </clothing>
 <clothing>
  <id>
   814186169
  </id>
  <name>
   PleinSport Blouse M-1427
  </name>
  <category>
   Blouse
  </category>
  <size>
   XXL
  </size>
  <color>
   Голубой
  </color>
  <material>
   Полиэстер
  </material>
  <price>
   515236
  </price>
  <rating>
   4.1
  </rating>
  <reviews>
   322128
  </reviews>
  <new>
   +
  </new>
 </clothing>
 <clothing>
  <id>
   167246293
  </id>
  <name>
   Ellesse Gloves R-4269
  </name>
  <category>
   Gloves
  </category>
  <size>
   XXL
  </size>
  <color>
   Красный
  </color>
  <material>
   Хлопок
  </material>
  <price>
   311107
  </price>
  <rating>
   2.06
  </rating>
  <reviews>
   504741
  </reviews>
  <sporty>
   no
  </sporty>
 </clothing>
 <clothing>
  <id>
   590161856
  </id>
  <name>
   Fila Belts H-1907
  </name>
  <category>
   Belts
  </category>
  <size>
   S
  </size>
  <color>
   Оранжевый
  </color>
  <material>
   Нейлон
  </material>
  <price>
   958958
  </price>
  <rating>
   1.42
  </rating>
  <reviews>
   139313
  </reviews>
  <new>
   -
  </new>
  <exclusive>
   no
  </exclusive>
  <sporty>
   no
  </sporty>
 </clothing>
 <clothing>
  <id>
   924534419
  </id>
  <name>
   Adidas Jacket W-3567
  </name>
  <category>
   Jacket
  </category>
  <size>
   M
  </size>
  <color>
   Голубой
  </color>
  <material>
   Хлопок
  </material>
  <price>
   435336
  </price>
  <rating>
   1.66
  </rating>
  <reviews>
   636921
  </reviews>
  <sporty>
   yes
  </sporty>
 </clothing>
 <clothing>
  <id>
   471435715
  </id>
  <name>
   Nike Umbrellas P-8919
  </name>
  <category>
   Umbrellas
  </category>
  <size>
   XL
  </size>
  <color>
   Голубой
  </color>
  <material>
   Шелк
  </material>
  <price>
   277309
  </price>
  <rating>
   3.84
  </rating>
  <reviews>
   390266
  </reviews>
  <new>
   +
  </new>
  <exclusive>
   no
  </exclusive>
  <sporty>
   yes
  </sporty>
 </clothing>
 <clothing>
  <id>
   443666948
  </id>
  <name>
   Under Armour Gloves S-4240
  </name>
  <category>
   Gloves
  </category>
  <size>
   XXL
  </size>
  <color>
   Фиолетовый
  </color>
  <material>
   Вискоза
  </material>
  <price>
   895006
  </price>
  <rating>
   1.06
  </rating>
  <reviews>
   95648
  </reviews>
  <new>
   -
  </new>
  <exclusive>
   no
  </exclusive>
  <sporty>
   no
  </sporty>
 </clothing>
 <clothing>
  <id>
   822728944
  </id>
  <name>
   Lacoste Gloves H-5170
  </name>
  <category>
   Gloves
  </category>
  <size>
   S
  </size>
  <color>
   Зеленый
  </color>
  <material>
   Кожа
  </material>
  <price>
   901616
  </price>
  <rating>
   4.62
  </rating>
  <reviews>
   819234
  </reviews>
  <new>
   +
  </new>
  <exclusive>
   no
  </exclusive>
  <sporty>
   no
  </sporty>
 </clothing>
 <clothing>
  <id>
   615275934
  </id>
  <name>
   New Balance T-shirt W-4182
  </name>
  <category>
   T-shirt
  </category>
  <size>
   M
  </size>
  <color>
   Зеленый
  </color>
  <material>
   Шерсть
  </material>
  <price>
   843962
  </price>
  <rating>
   2.1
  </rating>
  <reviews>
   859397
  </reviews>
  <new>
   -
  </new>
  <exclusive>
   yes
  </exclusive>
  <sporty>
   no
  </sporty>
 </clothing>
 <clothing>
  <id>
   259642002
  </id>
  <name>
   Vans Jacket G-9393
  </name>
  <category>
   Jacket
  </category>
  <size>
   L
  </size>
  <color>
   Синий
  </color>
  <material>
   Лен
  </material>
  <price>
   342332
  </price>
  <rating>
   3.21
  </rating>
  <reviews>
   556443
  </reviews>
  <exclusive>
   no
  </exclusive>
 </clothing>
 <clothing>
  <id>
   110982564
  </id>
  <name>
   Fila Belts Y-7617
  </name>
  <category>
   Belts
  </category>
  <size>
   M
  </size>
  <color>
   Красный
  </color>
  <material>
   Полиэстер
  </material>
  <price>
   991428
  </price>
  <rating>
   4.14
  </rating>
  <reviews>
   461106
  </reviews>
  <exclusive>
   no
  </exclusive>
  <sporty>
   no
  </sporty>
 </clothing>
 <clothing>
  <id>
   627636726
  </id>
  <name>
   Reebok Umbrellas H-4444
  </name>
  <category>
   Umbrellas
  </category>
  <size>
   M
  </size>
  <color>
   Зеленый
  </color>
  <material>
   Полиэстер
  </material>
  <price>
   861064
  </price>
  <rating>
   1.19
  </rating>
  <reviews>
   870736
  </reviews>
  <new>
   +
  </new>
  <exclusive>
   no
  </exclusive>
 </clothing>
 <clothing>
  <id>
   522477419
  </id>
  <name>
   DC Jacket I-6153
  </name>
  <category>
   Jacket
  </category>
  <size>
   L
  </size>
  <color>
   Оранжевый
  </color>
  <material>
   Нейлон
  </material>
  <price>
   356213
  </price>
  <rating>
   4.37
  </rating>
  <reviews>
   633699
  </reviews>
  <sporty>
   yes
  </sporty>
 </clothing>
 <clothing>
  <id>
   912997439
  </id>
  <name>
   PleinSport Belts H-4330
  </name>
  <category>
   Belts
  </category>
  <size>
   L
  </size>
  <color>
   Оранжевый
  </color>
  <material>
   Кожа
  </material>
  <price>
   956131
  </price>
  <rating>
   4.2
  </rating>
  <reviews>
   657464
  </reviews>
  <new>
   -
  </new>
  <exclusive>
   no
  </exclusive>
  <sporty>
   yes
  </sporty>
 </clothing>
 <clothing>
  <id>
   428076166
  </id>
  <name>
   Addidas Shirt M-6081
  </name>
  <category>
   Shirt
  </category>
  <size>
   XXL
  </size>
  <color>
   Красный
  </color>
  <material>
   Хлопок
  </material>
  <price>
   561318
  </price>
  <rating>
   1.8
  </rating>
  <reviews>
   625820
  </reviews>
  <new>
   +
  </new>
  <exclusive>
   no
  </exclusive>
  <sporty>
   yes
  </sporty>
 </clothing>
 <clothing>
  <id>
   526001628
  </id>
  <name>
   Converse Jacket K-5895
  </name>
  <category>
   Jacket
  </category>
  <size>
   M
  </size>
  <color>
   Синий
  </color>
  <material>
   Хлопок
  </material>
  <price>
   893327
  </price>
  <rating>
   1.78
  </rating>
  <reviews>
   772224
  </reviews>
  <new>
   +
  </new>
  <exclusive>
   yes
  </exclusive>
 </clothing>
</clothing-items>
