<?xml version="1.0" encoding="utf-8"?>
<clothing-items>
 <clothing>
  <id>
   602550633
  </id>
  <name>
   DC Umbrellas D-4380
  </name>
  <category>
   Umbrellas
  </category>
  <size>
   S
  </size>
  <color>
   Желтый
  </color>
  <material>
   Хлопок
  </material>
  <price>
   916190
  </price>
  <rating>
   2.97
  </rating>
  <reviews>
   663124
  </reviews>
  <sporty>
   no
  </sporty>
 </clothing>
 <clothing>
  <id>
   195094708
  </id>
  <name>
   Reebok Jeans S-8345
  </name>
  <category>
   Jeans
  </category>
  <size>
   S
  </size>
  <color>
   Оранжевый
  </color>
  <material>
   Лен
  </material>
  <price>
   132960
  </price>
  <rating>
   2.21
  </rating>
  <reviews>
   361374
  </reviews>
  <exclusive>
   no
  </exclusive>
  <sporty>
   no
  </sporty>
 </clothing>
 <clothing>
  <id>
   404909930
  </id>
  <name>
   Ellesse Pants Z-6847
  </name>
  <category>
   Pants
  </category>
  <size>
   L
  </size>
  <color>
   Желтый
  </color>
  <material>
   Кожа
  </material>
  <price>
   454969
  </price>
  <rating>
   3.66
  </rating>
  <reviews>
   416951
  </reviews>
  <sporty>
   no
  </sporty>
 </clothing>
 <clothing>
  <id>
   684440152
  </id>
  <name>
   DC Blouse I-2698
  </name>
  <category>
   Blouse
  </category>
  <size>
   S
  </size>
  <color>
   Желтый
  </color>
  <material>
   Полиэстер
  </material>
  <price>
   428457
  </price>
  <rating>
   3.72
  </rating>
  <reviews>
   123036
  </reviews>
  <new>
   +
  </new>
  <sporty>
   yes
  </sporty>
 </clothing>
 <clothing>
  <id>
   833252246
  </id>
  <name>
   Lacoste Pants X-4947
  </name>
  <category>
   Pants
  </category>
  <size>
   S
  </size>
  <color>
   Оранжевый
  </color>
  <material>
   Полиэстер
  </material>
  <price>
   417272
  </price>
  <rating>
   2.46
  </rating>
  <reviews>
   530591
  </reviews>
  <exclusive>
   yes
  </exclusive>
 </clothing>
 <clothing>
  <id>
   277985711
  </id>
  <name>
   Converse Belts V-2154
  </name>
  <category>
   Belts
  </category>
  <size>
   L
  </size>
  <color>
   Зеленый
  </color>
  <material>
   Нейлон
  </material>
  <price>
   360632
  </price>
  <rating>
   2.01
  </rating>
  <reviews>
   894422
  </reviews>
 </clothing>
 <clothing>
  <id>
   523636772
  </id>
  <name>
   Puma Dress L-4368
  </name>
  <category>
   Dress
  </category>
  <size>
   XXL
  </size>
  <color>
   Красный
  </color>
  <material>
   Хлопок
  </material>
  <price>
   418172
  </price>
  <rating>
   4.14
  </rating>
  <reviews>
   544713
  </reviews>
  <sporty>
   no
  </sporty>
 </clothing>
 <clothing>
  <id>
   230292265
  </id>
  <name>
   Asics Skirt B-6744
  </name>
  <category>
   Skirt
  </category>
  <size>
   M
  </size>
  <color>
   Зеленый
  </color>
  <material>
   Шелк
  </material>
  <price>
   365834
  </price>
  <rating>
   2.67
  </rating>
  <reviews>
   526238
  </reviews>
  <new>
   -
  </new>
  <exclusive>
   no
  </exclusive>
 </clothing>
 <clothing>
  <id>
   831131355
  </id>
  <name>
   Lacoste Skirt V-7532
  </name>
  <category>
   Skirt
  </category>
  <size>
   XL
  </size>
  <color>
   Синий
  </color>
  <material>
   Полиэстер
  </material>
  <price>
   221819
  </price>
  <rating>
   4.38
  </rating>
  <reviews>
   27087
  </reviews>
  <exclusive>
   yes
  </exclusive>
 </clothing>
 <clothing>
  <id>
   130416989
  </id>
  <name>
   Adidas Shoes Q-2950
  </name>
  <category>
   Shoes
  </category>
  <size>
   L
  </size>
  <color>
   Оранжевый
  </color>
  <material>
   Нейлон
  </material>
  <price>
   644370
  </price>
  <rating>
   1.31
  </rating>
  <reviews>
   82987
  </reviews>
  <new>
   -
  </new>
  <sporty>
   no
  </sporty>
 </clothing>
 <clothing>
  <id>
   442965806
  </id>
  <name>
   Reebok Skirt D-1666
  </name>
  <category>
   Skirt
  </category>
  <size>
   L
  </size>
  <color>
   Фиолетовый
  </color>
  <material>
   Лен
  </material>
  <price>
   329455
  </price>
  <rating>
   4.38
  </rating>
  <reviews>
   517879
  </reviews>
  <exclusive>
   no
  </exclusive>
  <sporty>
   yes
  </sporty>
 </clothing>
 <clothing>
  <id>
   815216811
  </id>
  <name>
   Nike Blouse O-6890
  </name>
  <category>
   Blouse
  </category>
  <size>
   XXL
  </size>
  <color>
   Голубой
  </color>
  <material>
   Вискоза
  </material>
  <price>
   806516
  </price>
  <rating>
   2.24
  </rating>
  <reviews>
   397864
  </reviews>
  <new>
   -
  </new>
  <sporty>
   no
  </sporty>
 </clothing>
 <clothing>
  <id>
   918193609
  </id>
  <name>
   Lacoste Sweater E-4493
  </name>
  <category>
   Sweater
  </category>
  <size>
   S
  </size>
  <color>
   Оранжевый
  </color>
  <material>
   Нейлон
  </material>
  <price>
   844510
  </price>
  <rating>
   4.08
  </rating>
  <reviews>
   760644
  </reviews>
  <new>
   -
  </new>
  <exclusive>
   no
  </exclusive>
 </clothing>
 <clothing>
  <id>
   204382804
  </id>
  <name>
   Converse Blouse D-8218
  </name>
  <category>
   Blouse
  </category>
  <size>
   XXL
  </size>
  <color>
   Фиолетовый
  </color>
  <material>
   Лен
  </material>
  <price>
   767430
  </price>
  <rating>
   2.6
  </rating>
  <reviews>
   200241
  </reviews>
  <new>
   -
  </new>
  <exclusive>
   yes
  </exclusive>
 </clothing>
 <clothing>
  <id>
   428019480
  </id>
  <name>
   PleinSport Skirt T-3814
  </name>
  <category>
   Skirt
  </category>
  <size>
   XXL
  </size>
  <color>
   Оранжевый
  </color>
  <material>
   Шерсть
  </material>
  <price>
   687173
  </price>
  <rating>
   2.76
  </rating>
  <reviews>
   781849
  </reviews>
  <exclusive>
   yes
  </exclusive>
  <sporty>
   yes
  </sporty>
 </clothing>
 <clothing>
  <id>
   131807793
  </id>
  <name>
   New Balance Skirt V-4254
  </name>
  <category>
   Skirt
  </category>
  <size>
   XL
  </size>
  <color>
   Синий
  </color>
  <material>
   Кожа
  </material>
  <price>
   461961
  </price>
  <rating>
   4.99
  </rating>
  <reviews>
   850856
  </reviews>
  <new>
   -
  </new>
  <exclusive>
   no
  </exclusive>
  <sporty>
   yes
  </sporty>
 </clothing>
 <clothing>
  <id>
   752300438
  </id>
  <name>
   PleinSport Pants X-9950
  </name>
  <category>
   Pants
  </category>
  <size>
   S
  </size>
  <color>
   Желтый
  </color>
  <material>
   Вискоза
  </material>
  <price>
   856353
  </price>
  <rating>
   2.79
  </rating>
  <reviews>
   516086
  </reviews>
 </clothing>
 <clothing>
  <id>
   549227624
  </id>
  <name>
   Reebok Jeans W-8389
  </name>
  <category>
   Jeans
  </category>
  <size>
   XL
  </size>
  <color>
   Фиолетовый
  </color>
  <material>
   Шерсть
  </material>
  <price>
   699680
  </price>
  <rating>
   1.97
  </rating>
  <reviews>
   821822
  </reviews>
  <sporty>
   yes
  </sporty>
 </clothing>
 <clothing>
  <id>
   124212356
  </id>
  <name>
   Converse Handbags A-7052
  </name>
  <category>
   Handbags
  </category>
  <size>
   XXL
  </size>
  <color>
   Синий
  </color>
  <material>
   Хлопок
  </material>
  <price>
   857457
  </price>
  <rating>
   3.21
  </rating>
  <reviews>
   721715
  </reviews>
  <new>
   -
  </new>
  <exclusive>
   no
  </exclusive>
  <sporty>
   no
  </sporty>
 </clothing>
 <clothing>
  <id>
   720988207
  </id>
  <name>
   Ellesse Skirt M-7456
  </name>
  <category>
   Skirt
  </category>
  <size>
   L
  </size>
  <color>
   Фиолетовый
  </color>
  <material>
   Лен
  </material>
  <price>
   690823
  </price>
  <rating>
   2.29
  </rating>
  <reviews>
   564194
  </reviews>
  <new>
   -
  </new>
 </clothing>
 <clothing>
  <id>
   313946352
  </id>
  <name>
   Puma Handbags P-7369
  </name>
  <category>
   Handbags
  </category>
  <size>
   M
  </size>
  <color>
   Красный
  </color>
  <material>
   Хлопок
  </material>
  <price>
   935234
  </price>
  <rating>
   4.06
  </rating>
  <reviews>
   96822
  </reviews>
  <new>
   -
  </new>
  <exclusive>
   no
  </exclusive>
  <sporty>
   yes
  </sporty>
 </clothing>
 <clothing>
  <id>
   448336078
  </id>
  <name>
   Fila Blouse L-7396
  </name>
  <category>
   Blouse
  </category>
  <size>
   L
  </size>
  <color>
   Фиолетовый
  </color>
  <material>
   Кожа
  </material>
  <price>
   441718
  </price>
  <rating>
   3.36
  </rating>
  <reviews>
   691883
  </reviews>
  <new>
   -
  </new>
  <sporty>
   yes
  </sporty>
 </clothing>
 <clothing>
  <id>
   633504705
  </id>
  <name>
   Vans Jacket Z-1680
  </name>
  <category>
   Jacket
  </category>
  <size>
   M
  </size>
  <color>
   Зеленый
  </color>
  <material>
   Полиэстер
  </material>
  <price>
   458364
  </price>
  <rating>
   2.07
  </rating>
  <reviews>
   777530
  </reviews>
  <new>
   -
  </new>
  <exclusive>
   yes
  </exclusive>
 </clothing>
 <clothing>
  <id>
   931156380
  </id>
  <name>
   Lacoste Handbags B-4886
  </name>
  <category>
   Handbags
  </category>
  <size>
   L
  </size>
  <color>
   Красный
  </color>
  <material>
   Хлопок
  </material>
  <price>
   870020
  </price>
  <rating>
   4.3
  </rating>
  <reviews>
   331037
  </reviews>
  <new>
   -
  </new>
  <exclusive>
   no
  </exclusive>
 </clothing>
 <clothing>
  <id>
   352710593
  </id>
  <name>
   New Balance Shirt O-8930
  </name>
  <category>
   Shirt
  </category>
  <size>
   L
  </size>
  <color>
   Фиолетовый
  </color>
  <material>
   Лен
  </material>
  <price>
   669872
  </price>
  <rating>
   2.72
  </rating>
  <reviews>
   839276
  </reviews>
  <new>
   -
  </new>
  <exclusive>
   no
  </exclusive>
 </clothing>
 <clothing>
  <id>
   413281367
  </id>
  <name>
   PleinSport Jeans Y-8307
  </name>
  <category>
   Jeans
  </category>
  <size>
   S
  </size>
  <color>
   Красный
  </color>
  <material>
   Нейлон
  </material>
  <price>
   920441
  </price>
  <rating>
   3.9
  </rating>
  <reviews>
   105368
  </reviews>
  <new>
   +
  </new>
  <sporty>
   yes
  </sporty>
 </clothing>
 <clothing>
  <id>
   973330538
  </id>
  <name>
   Nike Blouse S-9045
  </name>
  <category>
   Blouse
  </category>
  <size>
   L
  </size>
  <color>
   Синий
  </color>
  <material>
   Полиэстер
  </material>
  <price>
   206020
  </price>
  <rating>
   3.12
  </rating>
  <reviews>
   97355
  </reviews>
 </clothing>
 <clothing>
  <id>
   925975511
  </id>
  <name>
   Brooks Socks K-3628
  </name>
  <category>
   Socks
  </category>
  <size>
   L
  </size>
  <color>
   Зеленый
  </color>
  <material>
   Шерсть
  </material>
  <price>
   937363
  </price>
  <rating>
   1.5
  </rating>
  <reviews>
   749264
  </reviews>
  <new>
   +
  </new>
  <sporty>
   no
  </sporty>
 </clothing>
 <clothing>
  <id>
   678737625
  </id>
  <name>
   Addidas Shoes J-6363
  </name>
  <category>
   Shoes
  </category>
  <size>
   M
  </size>
  <color>
   Желтый
  </color>
  <material>
   Нейлон
  </material>
  <price>
   788940
  </price>
  <rating>
   3.78
  </rating>
  <reviews>
   958708
  </reviews>
  <exclusive>
   yes
  </exclusive>
  <sporty>
   no
  </sporty>
 </clothing>
 <clothing>
  <id>
   688811486
  </id>
  <name>
   New Balance Socks M-3483
  </name>
  <category>
   Socks
  </category>
  <size>
   XL
  </size>
  <color>
   Оранжевый
  </color>
  <material>
   Полиэстер
  </material>
  <price>
   501578
  </price>
  <rating>
   4.54
  </rating>
  <reviews>
   404656
  </reviews>
  <exclusive>
   yes
  </exclusive>
  <sporty>
   yes
  </sporty>
 </clothing>
 <clothing>
  <id>
   940366691
  </id>
  <name>
   Converse Dress L-9413
  </name>
  <category>
   Dress
  </category>
  <size>
   S
  </size>
  <color>
   Зеленый
  </color>
  <material>
   Нейлон
  </material>
  <price>
   290462
  </price>
  <rating>
   1.75
  </rating>
  <reviews>
   859105
  </reviews>
  <new>
   +
  </new>
  <exclusive>
   no
  </exclusive>
  <sporty>
   yes
  </sporty>
 </clothing>
 <clothing>
  <id>
   560705349
  </id>
  <name>
   Brooks Jacket H-8907
  </name>
  <category>
   Jacket
  </category>
  <size>
   XXL
  </size>
  <color>
   Желтый
  </color>
  <material>
   Хлопок
  </material>
  <price>
   882935
  </price>
  <rating>
   4.83
  </rating>
  <reviews>
   798207
  </reviews>
  <new>
   -
  </new>
  <exclusive>
   yes
  </exclusive>
  <sporty>
   no
  </sporty>
 </clothing>
 <clothing>
  <id>
   479095547
  </id>
  <name>
   Reebok Socks D-2929
  </name>
  <category>
   Socks
  </category>
  <size>
   L
  </size>
  <color>
   Синий
  </color>
  <material>
   Шелк
  </material>
  <price>
   398361
  </price>
  <rating>
   1.45
  </rating>
  <reviews>
   993975
  </reviews>
  <sporty>
   no
  </sporty>
 </clothing>
 <clothing>
  <id>
   197183142
  </id>
  <name>
   DC Dress Z-1517
  </name>
  <category>
   Dress
  </category>
  <size>
   XL
  </size>
  <color>
   Синий
  </color>
  <material>
   Хлопок
  </material>
  <price>
   683961
  </price>
  <rating>
   3.6
  </rating>
  <reviews>
   35271
  </reviews>
 </clothing>
 <clothing>
  <id>
   579385040
  </id>
  <name>
   Under Armour Hat L-5699
  </name>
  <category>
   Hat
  </category>
  <size>
   L
  </size>
  <color>
   Зеленый
  </color>
  <material>
   Нейлон
  </material>
  <price>
   252693
  </price>
  <rating>
   1.23
  </rating>
  <reviews>
   714665
  </reviews>
  <new>
   +
  </new>
  <sporty>
   no
  </sporty>
 </clothing>
 <clothing>
  <id>
   947089230
  </id>
  <name>
   Brooks Umbrellas M-9110
  </name>
  <category>
   Umbrellas
  </category>
  <size>
   XL
  </size>
  <color>
   Синий
  </color>
  <material>
   Шерсть
  </material>
  <price>
   566459
  </price>
  <rating>
   3.26
  </rating>
  <reviews>
   504038
  </reviews>
  <new>
   +
  </new>
  <exclusive>
   no
  </exclusive>
 </clothing>
 <clothing>
  <id>
   304958787
  </id>
  <name>
   Converse Hat F-5698
  </name>
  <category>
   Hat
  </category>
  <size>
   XL
  </size>
  <color>
   Желтый
  </color>
  <material>
   Кожа
  </material>
  <price>
   809746
  </price>
  <rating>
   3.67
  </rating>
  <reviews>
   284367
  </reviews>
  <exclusive>
   yes
  </exclusive>
  <sporty>
   yes
  </sporty>
 </clothing>
 <clothing>
  <id>
   400108293
  </id>
  <name>
   Nike Gloves Q-6169
  </name>
  <category>
   Gloves
  </category>
  <size>
   XL
  </size>
  <color>
   Желтый
  </color>
  <material>
   Лен
  </material>
  <price>
   816161
  </price>
  <rating>
   3.97
  </rating>
  <reviews>
   209171
  </reviews>
  <new>
   +
  </new>
  <exclusive>
   no
  </exclusive>
  <sporty>
   yes
  </sporty>
 </clothing>
 <clothing>
  <id>
   632973706
  </id>
  <name>
   DC Jacket H-7532
  </name>
  <category>
   Jacket
  </category>
  <size>
   L
  </size>
  <color>
   Синий
  </color>
  <material>
   Полиэстер
  </material>
  <price>
   496002
  </price>
  <rating>
   4.68
  </rating>
  <reviews>
   595798
  </reviews>
  <new>
   -
  </new>
  <exclusive>
   no
  </exclusive>
  <sporty>
   no
  </sporty>
 </clothing>
 <clothing>
  <id>
   220751639
  </id>
  <name>
   Brooks Gloves A-1027
  </name>
  <category>
   Gloves
  </category>
  <size>
   XXL
  </size>
  <color>
   Зеленый
  </color>
  <material>
   Нейлон
  </material>
  <price>
   596295
  </price>
  <rating>
   3.84
  </rating>
  <reviews>
   584477
  </reviews>
  <new>
   -
  </new>
  <exclusive>
   yes
  </exclusive>
  <sporty>
   no
  </sporty>
 </clothing>
 <clothing>
  <id>
   708759481
  </id>
  <name>
   Asics Hat Y-9624
  </name>
  <category>
   Hat
  </category>
  <size>
   S
  </size>
  <color>
   Зеленый
  </color>
  <material>
   Кожа
  </material>
  <price>
   653134
  </price>
  <rating>
   3.83
  </rating>
  <reviews>
   477310
  </reviews>
  <new>
   -
  </new>
  <sporty>
   yes
  </sporty>
 </clothing>
</clothing-items>
