<?xml version="1.0" encoding="utf-8"?>
<clothing-items>
 <clothing>
  <id>
   549297680
  </id>
  <name>
   Puma Blouse B-3480
  </name>
  <category>
   Blouse
  </category>
  <size>
   S
  </size>
  <color>
   Красный
  </color>
  <material>
   Шерсть
  </material>
  <price>
   634158
  </price>
  <rating>
   1.05
  </rating>
  <reviews>
   208959
  </reviews>
  <new>
   -
  </new>
  <exclusive>
   no
  </exclusive>
  <sporty>
   yes
  </sporty>
 </clothing>
 <clothing>
  <id>
   544315036
  </id>
  <name>
   Puma Pants O-1029
  </name>
  <category>
   Pants
  </category>
  <size>
   M
  </size>
  <color>
   Оранжевый
  </color>
  <material>
   Полиэстер
  </material>
  <price>
   765486
  </price>
  <rating>
   1.39
  </rating>
  <reviews>
   31982
  </reviews>
  <new>
   -
  </new>
  <sporty>
   no
  </sporty>
 </clothing>
 <clothing>
  <id>
   870962262
  </id>
  <name>
   DC T-shirt V-5549
  </name>
  <category>
   T-shirt
  </category>
  <size>
   M
  </size>
  <color>
   Желтый
  </color>
  <material>
   Вискоза
  </material>
  <price>
   117623
  </price>
  <rating>
   4.24
  </rating>
  <reviews>
   242560
  </reviews>
  <new>
   +
  </new>
  <sporty>
   no
  </sporty>
 </clothing>
 <clothing>
  <id>
   663288137
  </id>
  <name>
   Nike Skirt R-3188
  </name>
  <category>
   Skirt
  </category>
  <size>
   XXL
  </size>
  <color>
   Желтый
  </color>
  <material>
   Нейлон
  </material>
  <price>
   257407
  </price>
  <rating>
   2.3
  </rating>
  <reviews>
   578004
  </reviews>
 </clothing>
 <clothing>
  <id>
   914778956
  </id>
  <name>
   PleinSport Shoes O-8798
  </name>
  <category>
   Shoes
  </category>
  <size>
   XXL
  </size>
  <color>
   Синий
  </color>
  <material>
   Кожа
  </material>
  <price>
   474163
  </price>
  <rating>
   4.58
  </rating>
  <reviews>
   391037
  </reviews>
  <new>
   -
  </new>
  <sporty>
   no
  </sporty>
 </clothing>
 <clothing>
  <id>
   212999528
  </id>
  <name>
   Vans Handbags X-8039
  </name>
  <category>
   Handbags
  </category>
  <size>
   L
  </size>
  <color>
   Желтый
  </color>
  <material>
   Полиэстер
  </material>
  <price>
   315034
  </price>
  <rating>
   4.21
  </rating>
  <reviews>
   548595
  </reviews>
 </clothing>
 <clothing>
  <id>
   326675943
  </id>
  <name>
   Addidas Blouse A-5405
  </name>
  <category>
   Blouse
  </category>
  <size>
   M
  </size>
  <color>
   Красный
  </color>
  <material>
   Лен
  </material>
  <price>
   848496
  </price>
  <rating>
   1.07
  </rating>
  <reviews>
   461155
  </reviews>
  <new>
   -
  </new>
  <exclusive>
   no
  </exclusive>
  <sporty>
   no
  </sporty>
 </clothing>
 <clothing>
  <id>
   379943670
  </id>
  <name>
   Ellesse Sweater T-7523
  </name>
  <category>
   Sweater
  </category>
  <size>
   L
  </size>
  <color>
   Голубой
  </color>
  <material>
   Шерсть
  </material>
  <price>
   358411
  </price>
  <rating>
   2.78
  </rating>
  <reviews>
   490555
  </reviews>
  <new>
   -
  </new>
  <sporty>
   no
  </sporty>
 </clothing>
 <clothing>
  <id>
   700985391
  </id>
  <name>
   Fila Hat N-5955
  </name>
  <category>
   Hat
  </category>
  <size>
   S
  </size>
  <color>
   Фиолетовый
  </color>
  <material>
   Шелк
  </material>
  <price>
   320299
  </price>
  <rating>
   3.7
  </rating>
  <reviews>
   733845
  </reviews>
  <new>
   -
  </new>
  <sporty>
   yes
  </sporty>
 </clothing>
 <clothing>
  <id>
   554098004
  </id>
  <name>
   Under Armour Shoes M-8471
  </name>
  <category>
   Shoes
  </category>
  <size>
   M
  </size>
  <color>
   Желтый
  </color>
  <material>
   Полиэстер
  </material>
  <price>
   386069
  </price>
  <rating>
   4.24
  </rating>
  <reviews>
   786509
  </reviews>
  <new>
   +
  </new>
  <sporty>
   no
  </sporty>
 </clothing>
 <clothing>
  <id>
   893746239
  </id>
  <name>
   Reebok Socks O-9943
  </name>
  <category>
   Socks
  </category>
  <size>
   M
  </size>
  <color>
   Красный
  </color>
  <material>
   Шерсть
  </material>
  <price>
   346749
  </price>
  <rating>
   2.08
  </rating>
  <reviews>
   616127
  </reviews>
  <new>
   +
  </new>
  <exclusive>
   yes
  </exclusive>
  <sporty>
   no
  </sporty>
 </clothing>
 <clothing>
  <id>
   273480020
  </id>
  <name>
   PleinSport Hat H-7074
  </name>
  <category>
   Hat
  </category>
  <size>
   L
  </size>
  <color>
   Фиолетовый
  </color>
  <material>
   Нейлон
  </material>
  <price>
   164501
  </price>
  <rating>
   2.3
  </rating>
  <reviews>
   458256
  </reviews>
  <exclusive>
   yes
  </exclusive>
 </clothing>
 <clothing>
  <id>
   726502443
  </id>
  <name>
   Under Armour T-shirt Q-8063
  </name>
  <category>
   T-shirt
  </category>
  <size>
   XL
  </size>
  <color>
   Синий
  </color>
  <material>
   Шерсть
  </material>
  <price>
   219201
  </price>
  <rating>
   2.42
  </rating>
  <reviews>
   540592
  </reviews>
  <new>
   +
  </new>
  <sporty>
   no
  </sporty>
 </clothing>
 <clothing>
  <id>
   668354219
  </id>
  <name>
   Nike Sweater Q-7044
  </name>
  <category>
   Sweater
  </category>
  <size>
   XL
  </size>
  <color>
   Оранжевый
  </color>
  <material>
   Хлопок
  </material>
  <price>
   237834
  </price>
  <rating>
   4.08
  </rating>
  <reviews>
   767275
  </reviews>
  <new>
   -
  </new>
  <sporty>
   no
  </sporty>
 </clothing>
 <clothing>
  <id>
   886064331
  </id>
  <name>
   Ellesse Jacket K-1577
  </name>
  <category>
   Jacket
  </category>
  <size>
   XL
  </size>
  <color>
   Голубой
  </color>
  <material>
   Нейлон
  </material>
  <price>
   401650
  </price>
  <rating>
   2.98
  </rating>
  <reviews>
   945154
  </reviews>
  <new>
   +
  </new>
  <exclusive>
   no
  </exclusive>
 </clothing>
 <clothing>
  <id>
   889901845
  </id>
  <name>
   Under Armour Skirt E-4079
  </name>
  <category>
   Skirt
  </category>
  <size>
   S
  </size>
  <color>
   Фиолетовый
  </color>
  <material>
   Нейлон
  </material>
  <price>
   875575
  </price>
  <rating>
   3.12
  </rating>
  <reviews>
   858967
  </reviews>
  <new>
   -
  </new>
 </clothing>
 <clothing>
  <id>
   826319342
  </id>
  <name>
   Reebok Umbrellas W-8012
  </name>
  <category>
   Umbrellas
  </category>
  <size>
   XL
  </size>
  <color>
   Красный
  </color>
  <material>
   Шерсть
  </material>
  <price>
   403996
  </price>
  <rating>
   1.13
  </rating>
  <reviews>
   815219
  </reviews>
  <new>
   -
  </new>
  <sporty>
   no
  </sporty>
 </clothing>
 <clothing>
  <id>
   531540490
  </id>
  <name>
   Brooks Gloves P-5807
  </name>
  <category>
   Gloves
  </category>
  <size>
   XL
  </size>
  <color>
   Красный
  </color>
  <material>
   Полиэстер
  </material>
  <price>
   325835
  </price>
  <rating>
   4.29
  </rating>
  <reviews>
   878779
  </reviews>
  <exclusive>
   no
  </exclusive>
  <sporty>
   no
  </sporty>
 </clothing>
 <clothing>
  <id>
   284286422
  </id>
  <name>
   Ellesse T-shirt Q-6061
  </name>
  <category>
   T-shirt
  </category>
  <size>
   M
  </size>
  <color>
   Синий
  </color>
  <material>
   Нейлон
  </material>
  <price>
   518923
  </price>
  <rating>
   1.47
  </rating>
  <reviews>
   749589
  </reviews>
  <sporty>
   no
  </sporty>
 </clothing>
 <clothing>
  <id>
   390318772
  </id>
  <name>
   Fila Shoes P-8998
  </name>
  <category>
   Shoes
  </category>
  <size>
   M
  </size>
  <color>
   Желтый
  </color>
  <material>
   Лен
  </material>
  <price>
   622612
  </price>
  <rating>
   4.15
  </rating>
  <reviews>
   194779
  </reviews>
  <new>
   -
  </new>
  <exclusive>
   no
  </exclusive>
  <sporty>
   no
  </sporty>
 </clothing>
 <clothing>
  <id>
   702937514
  </id>
  <name>
   PleinSport Handbags Z-9558
  </name>
  <category>
   Handbags
  </category>
  <size>
   XXL
  </size>
  <color>
   Зеленый
  </color>
  <material>
   Шелк
  </material>
  <price>
   238702
  </price>
  <rating>
   4.79
  </rating>
  <reviews>
   914349
  </reviews>
  <exclusive>
   yes
  </exclusive>
  <sporty>
   no
  </sporty>
 </clothing>
 <clothing>
  <id>
   426551769
  </id>
  <name>
   Puma Pants V-3262
  </name>
  <category>
   Pants
  </category>
  <size>
   XXL
  </size>
  <color>
   Желтый
  </color>
  <material>
   Вискоза
  </material>
  <price>
   784376
  </price>
  <rating>
   1.97
  </rating>
  <reviews>
   936857
  </reviews>
 </clothing>
 <clothing>
  <id>
   174848713
  </id>
  <name>
   Reebok Dress F-7502
  </name>
  <category>
   Dress
  </category>
  <size>
   XL
  </size>
  <color>
   Оранжевый
  </color>
  <material>
   Лен
  </material>
  <price>
   204188
  </price>
  <rating>
   4.43
  </rating>
  <reviews>
   20190
  </reviews>
  <exclusive>
   yes
  </exclusive>
  <sporty>
   no
  </sporty>
 </clothing>
 <clothing>
  <id>
   906136594
  </id>
  <name>
   PleinSport Skirt G-9745
  </name>
  <category>
   Skirt
  </category>
  <size>
   M
  </size>
  <color>
   Оранжевый
  </color>
  <material>
   Вискоза
  </material>
  <price>
   696533
  </price>
  <rating>
   4.19
  </rating>
  <reviews>
   281708
  </reviews>
  <new>
   +
  </new>
  <sporty>
   no
  </sporty>
 </clothing>
 <clothing>
  <id>
   529127350
  </id>
  <name>
   Brooks T-shirt D-7259
  </name>
  <category>
   T-shirt
  </category>
  <size>
   XL
  </size>
  <color>
   Фиолетовый
  </color>
  <material>
   Нейлон
  </material>
  <price>
   462904
  </price>
  <rating>
   2.98
  </rating>
  <reviews>
   454985
  </reviews>
  <new>
   +
  </new>
  <sporty>
   no
  </sporty>
 </clothing>
 <clothing>
  <id>
   818108817
  </id>
  <name>
   Addidas Handbags U-4293
  </name>
  <category>
   Handbags
  </category>
  <size>
   S
  </size>
  <color>
   Желтый
  </color>
  <material>
   Полиэстер
  </material>
  <price>
   915701
  </price>
  <rating>
   4.33
  </rating>
  <reviews>
   933461
  </reviews>
  <new>
   -
  </new>
 </clothing>
 <clothing>
  <id>
   579782563
  </id>
  <name>
   Reebok Belts S-5476
  </name>
  <category>
   Belts
  </category>
  <size>
   XL
  </size>
  <color>
   Желтый
  </color>
  <material>
   Полиэстер
  </material>
  <price>
   190178
  </price>
  <rating>
   4.42
  </rating>
  <reviews>
   964883
  </reviews>
  <new>
   +
  </new>
  <sporty>
   yes
  </sporty>
 </clothing>
 <clothing>
  <id>
   160566924
  </id>
  <name>
   Adidas Blouse L-2129
  </name>
  <category>
   Blouse
  </category>
  <size>
   M
  </size>
  <color>
   Оранжевый
  </color>
  <material>
   Нейлон
  </material>
  <price>
   464939
  </price>
  <rating>
   3.53
  </rating>
  <reviews>
   412250
  </reviews>
  <new>
   -
  </new>
  <exclusive>
   no
  </exclusive>
  <sporty>
   no
  </sporty>
 </clothing>
 <clothing>
  <id>
   423456936
  </id>
  <name>
   DC Sweater S-2695
  </name>
  <category>
   Sweater
  </category>
  <size>
   M
  </size>
  <color>
   Оранжевый
  </color>
  <material>
   Лен
  </material>
  <price>
   940363
  </price>
  <rating>
   2.77
  </rating>
  <reviews>
   920378
  </reviews>
 </clothing>
 <clothing>
  <id>
   691526610
  </id>
  <name>
   New Balance Jeans V-8382
  </name>
  <category>
   Jeans
  </category>
  <size>
   L
  </size>
  <color>
   Синий
  </color>
  <material>
   Кожа
  </material>
  <price>
   400665
  </price>
  <rating>
   3.51
  </rating>
  <reviews>
   712279
  </reviews>
  <new>
   -
  </new>
  <exclusive>
   yes
  </exclusive>
  <sporty>
   no
  </sporty>
 </clothing>
 <clothing>
  <id>
   993781137
  </id>
  <name>
   Converse T-shirt E-9133
  </name>
  <category>
   T-shirt
  </category>
  <size>
   S
  </size>
  <color>
   Красный
  </color>
  <material>
   Лен
  </material>
  <price>
   887416
  </price>
  <rating>
   4.82
  </rating>
  <reviews>
   269204
  </reviews>
  <sporty>
   no
  </sporty>
 </clothing>
 <clothing>
  <id>
   618015902
  </id>
  <name>
   Under Armour Skirt X-1559
  </name>
  <category>
   Skirt
  </category>
  <size>
   L
  </size>
  <color>
   Желтый
  </color>
  <material>
   Хлопок
  </material>
  <price>
   236962
  </price>
  <rating>
   2.69
  </rating>
  <reviews>
   635001
  </reviews>
  <exclusive>
   no
  </exclusive>
 </clothing>
 <clothing>
  <id>
   399193637
  </id>
  <name>
   Lacoste Skirt U-1941
  </name>
  <category>
   Skirt
  </category>
  <size>
   XXL
  </size>
  <color>
   Фиолетовый
  </color>
  <material>
   Кожа
  </material>
  <price>
   513203
  </price>
  <rating>
   5.0
  </rating>
  <reviews>
   859160
  </reviews>
  <new>
   +
  </new>
  <exclusive>
   no
  </exclusive>
  <sporty>
   no
  </sporty>
 </clothing>
 <clothing>
  <id>
   754108426
  </id>
  <name>
   New Balance Gloves H-9804
  </name>
  <category>
   Gloves
  </category>
  <size>
   M
  </size>
  <color>
   Оранжевый
  </color>
  <material>
   Кожа
  </material>
  <price>
   182632
  </price>
  <rating>
   4.17
  </rating>
  <reviews>
   563151
  </reviews>
  <exclusive>
   no
  </exclusive>
 </clothing>
 <clothing>
  <id>
   868437910
  </id>
  <name>
   Asics Socks R-6833
  </name>
  <category>
   Socks
  </category>
  <size>
   L
  </size>
  <color>
   Желтый
  </color>
  <material>
   Нейлон
  </material>
  <price>
   965158
  </price>
  <rating>
   1.32
  </rating>
  <reviews>
   365653
  </reviews>
  <new>
   +
  </new>
  <sporty>
   yes
  </sporty>
 </clothing>
 <clothing>
  <id>
   640990451
  </id>
  <name>
   Vans Shirt G-5146
  </name>
  <category>
   Shirt
  </category>
  <size>
   XXL
  </size>
  <color>
   Оранжевый
  </color>
  <material>
   Нейлон
  </material>
  <price>
   648409
  </price>
  <rating>
   2.88
  </rating>
  <reviews>
   271248
  </reviews>
  <new>
   +
  </new>
  <exclusive>
   no
  </exclusive>
  <sporty>
   yes
  </sporty>
 </clothing>
 <clothing>
  <id>
   153843390
  </id>
  <name>
   DC Sweater D-9088
  </name>
  <category>
   Sweater
  </category>
  <size>
   S
  </size>
  <color>
   Желтый
  </color>
  <material>
   Хлопок
  </material>
  <price>
   493595
  </price>
  <rating>
   1.05
  </rating>
  <reviews>
   472074
  </reviews>
  <exclusive>
   no
  </exclusive>
  <sporty>
   no
  </sporty>
 </clothing>
 <clothing>
  <id>
   317446548
  </id>
  <name>
   Vans Shirt H-9124
  </name>
  <category>
   Shirt
  </category>
  <size>
   S
  </size>
  <color>
   Зеленый
  </color>
  <material>
   Кожа
  </material>
  <price>
   649464
  </price>
  <rating>
   3.62
  </rating>
  <reviews>
   505433
  </reviews>
  <new>
   -
  </new>
  <sporty>
   yes
  </sporty>
 </clothing>
 <clothing>
  <id>
   814212151
  </id>
  <name>
   DC Shoes R-8106
  </name>
  <category>
   Shoes
  </category>
  <size>
   S
  </size>
  <color>
   Красный
  </color>
  <material>
   Нейлон
  </material>
  <price>
   989525
  </price>
  <rating>
   3.6
  </rating>
  <reviews>
   379705
  </reviews>
  <new>
   +
  </new>
  <exclusive>
   no
  </exclusive>
  <sporty>
   no
  </sporty>
 </clothing>
 <clothing>
  <id>
   797130057
  </id>
  <name>
   New Balance Sweater J-1901
  </name>
  <category>
   Sweater
  </category>
  <size>
   L
  </size>
  <color>
   Желтый
  </color>
  <material>
   Нейлон
  </material>
  <price>
   417676
  </price>
  <rating>
   3.65
  </rating>
  <reviews>
   562221
  </reviews>
  <new>
   +
  </new>
  <exclusive>
   no
  </exclusive>
  <sporty>
   no
  </sporty>
 </clothing>
 <clothing>
  <id>
   206752974
  </id>
  <name>
   Addidas Gloves M-3658
  </name>
  <category>
   Gloves
  </category>
  <size>
   L
  </size>
  <color>
   Красный
  </color>
  <material>
   Шелк
  </material>
  <price>
   646446
  </price>
  <rating>
   3.19
  </rating>
  <reviews>
   274228
  </reviews>
  <sporty>
   yes
  </sporty>
 </clothing>
 <clothing>
  <id>
   485806974
  </id>
  <name>
   Addidas Socks A-4175
  </name>
  <category>
   Socks
  </category>
  <size>
   XXL
  </size>
  <color>
   Желтый
  </color>
  <material>
   Хлопок
  </material>
  <price>
   814956
  </price>
  <rating>
   2.18
  </rating>
  <reviews>
   716360
  </reviews>
  <new>
   +
  </new>
  <exclusive>
   yes
  </exclusive>
  <sporty>
   no
  </sporty>
 </clothing>
</clothing-items>
