<?xml version="1.0" encoding="utf-8"?>
<clothing-items>
 <clothing>
  <id>
   255295912
  </id>
  <name>
   Reebok Handbags C-6660
  </name>
  <category>
   Handbags
  </category>
  <size>
   XL
  </size>
  <color>
   Зеленый
  </color>
  <material>
   Лен
  </material>
  <price>
   275118
  </price>
  <rating>
   3.8
  </rating>
  <reviews>
   381972
  </reviews>
  <new>
   -
  </new>
  <exclusive>
   no
  </exclusive>
  <sporty>
   no
  </sporty>
 </clothing>
 <clothing>
  <id>
   955284756
  </id>
  <name>
   Nike Shirt B-8812
  </name>
  <category>
   Shirt
  </category>
  <size>
   M
  </size>
  <color>
   Красный
  </color>
  <material>
   Шерсть
  </material>
  <price>
   807786
  </price>
  <rating>
   4.34
  </rating>
  <reviews>
   353574
  </reviews>
  <new>
   -
  </new>
  <exclusive>
   no
  </exclusive>
  <sporty>
   yes
  </sporty>
 </clothing>
 <clothing>
  <id>
   863964728
  </id>
  <name>
   Reebok Handbags Q-9999
  </name>
  <category>
   Handbags
  </category>
  <size>
   L
  </size>
  <color>
   Оранжевый
  </color>
  <material>
   Вискоза
  </material>
  <price>
   980911
  </price>
  <rating>
   2.77
  </rating>
  <reviews>
   400508
  </reviews>
  <exclusive>
   no
  </exclusive>
 </clothing>
 <clothing>
  <id>
   514635929
  </id>
  <name>
   Adidas Skirt K-7764
  </name>
  <category>
   Skirt
  </category>
  <size>
   S
  </size>
  <color>
   Желтый
  </color>
  <material>
   Шелк
  </material>
  <price>
   327034
  </price>
  <rating>
   1.34
  </rating>
  <reviews>
   575514
  </reviews>
  <new>
   -
  </new>
  <sporty>
   no
  </sporty>
 </clothing>
 <clothing>
  <id>
   530798341
  </id>
  <name>
   Ellesse Skirt Y-8310
  </name>
  <category>
   Skirt
  </category>
  <size>
   XL
  </size>
  <color>
   Оранжевый
  </color>
  <material>
   Шелк
  </material>
  <price>
   210940
  </price>
  <rating>
   1.43
  </rating>
  <reviews>
   963041
  </reviews>
  <new>
   +
  </new>
  <sporty>
   yes
  </sporty>
 </clothing>
 <clothing>
  <id>
   103474519
  </id>
  <name>
   Reebok T-shirt C-3996
  </name>
  <category>
   T-shirt
  </category>
  <size>
   XXL
  </size>
  <color>
   Красный
  </color>
  <material>
   Шелк
  </material>
  <price>
   231430
  </price>
  <rating>
   4.63
  </rating>
  <reviews>
   503138
  </reviews>
  <new>
   -
  </new>
  <exclusive>
   no
  </exclusive>
  <sporty>
   yes
  </sporty>
 </clothing>
 <clothing>
  <id>
   355195998
  </id>
  <name>
   New Balance Umbrellas J-1659
  </name>
  <category>
   Umbrellas
  </category>
  <size>
   XL
  </size>
  <color>
   Синий
  </color>
  <material>
   Полиэстер
  </material>
  <price>
   813567
  </price>
  <rating>
   4.22
  </rating>
  <reviews>
   947583
  </reviews>
  <new>
   -
  </new>
  <exclusive>
   yes
  </exclusive>
  <sporty>
   no
  </sporty>
 </clothing>
 <clothing>
  <id>
   885748355
  </id>
  <name>
   Ellesse Hat A-1017
  </name>
  <category>
   Hat
  </category>
  <size>
   XL
  </size>
  <color>
   Синий
  </color>
  <material>
   Кожа
  </material>
  <price>
   941666
  </price>
  <rating>
   3.44
  </rating>
  <reviews>
   242436
  </reviews>
  <new>
   +
  </new>
  <exclusive>
   no
  </exclusive>
 </clothing>
 <clothing>
  <id>
   283378929
  </id>
  <name>
   Nike Handbags X-2807
  </name>
  <category>
   Handbags
  </category>
  <size>
   S
  </size>
  <color>
   Голубой
  </color>
  <material>
   Полиэстер
  </material>
  <price>
   303238
  </price>
  <rating>
   3.01
  </rating>
  <reviews>
   311066
  </reviews>
  <exclusive>
   no
  </exclusive>
 </clothing>
 <clothing>
  <id>
   567387290
  </id>
  <name>
   Converse Umbrellas L-5466
  </name>
  <category>
   Umbrellas
  </category>
  <size>
   M
  </size>
  <color>
   Оранжевый
  </color>
  <material>
   Шерсть
  </material>
  <price>
   215045
  </price>
  <rating>
   1.06
  </rating>
  <reviews>
   771776
  </reviews>
  <new>
   -
  </new>
  <exclusive>
   yes
  </exclusive>
 </clothing>
 <clothing>
  <id>
   830884540
  </id>
  <name>
   Lacoste Umbrellas M-1037
  </name>
  <category>
   Umbrellas
  </category>
  <size>
   XL
  </size>
  <color>
   Оранжевый
  </color>
  <material>
   Вискоза
  </material>
  <price>
   951754
  </price>
  <rating>
   2.35
  </rating>
  <reviews>
   102316
  </reviews>
  <new>
   -
  </new>
  <exclusive>
   yes
  </exclusive>
  <sporty>
   no
  </sporty>
 </clothing>
 <clothing>
  <id>
   348903413
  </id>
  <name>
   Adidas Hat W-5196
  </name>
  <category>
   Hat
  </category>
  <size>
   XL
  </size>
  <color>
   Фиолетовый
  </color>
  <material>
   Вискоза
  </material>
  <price>
   262193
  </price>
  <rating>
   1.7
  </rating>
  <reviews>
   108533
  </reviews>
  <exclusive>
   no
  </exclusive>
  <sporty>
   yes
  </sporty>
 </clothing>
 <clothing>
  <id>
   274698761
  </id>
  <name>
   Asics Hat Q-6936
  </name>
  <category>
   Hat
  </category>
  <size>
   L
  </size>
  <color>
   Желтый
  </color>
  <material>
   Лен
  </material>
  <price>
   692671
  </price>
  <rating>
   1.02
  </rating>
  <reviews>
   347902
  </reviews>
  <sporty>
   no
  </sporty>
 </clothing>
 <clothing>
  <id>
   837726577
  </id>
  <name>
   Lacoste Umbrellas G-3660
  </name>
  <category>
   Umbrellas
  </category>
  <size>
   XL
  </size>
  <color>
   Зеленый
  </color>
  <material>
   Шерсть
  </material>
  <price>
   741804
  </price>
  <rating>
   4.27
  </rating>
  <reviews>
   950172
  </reviews>
  <new>
   -
  </new>
  <exclusive>
   yes
  </exclusive>
 </clothing>
 <clothing>
  <id>
   700743131
  </id>
  <name>
   Addidas Hat Q-9890
  </name>
  <category>
   Hat
  </category>
  <size>
   XL
  </size>
  <color>
   Синий
  </color>
  <material>
   Шелк
  </material>
  <price>
   727754
  </price>
  <rating>
   2.94
  </rating>
  <reviews>
   508721
  </reviews>
  <new>
   -
  </new>
  <exclusive>
   no
  </exclusive>
  <sporty>
   no
  </sporty>
 </clothing>
 <clothing>
  <id>
   987405571
  </id>
  <name>
   Addidas Hat Q-7556
  </name>
  <category>
   Hat
  </category>
  <size>
   S
  </size>
  <color>
   Синий
  </color>
  <material>
   Вискоза
  </material>
  <price>
   231182
  </price>
  <rating>
   2.2
  </rating>
  <reviews>
   156541
  </reviews>
  <new>
   -
  </new>
  <exclusive>
   no
  </exclusive>
  <sporty>
   no
  </sporty>
 </clothing>
 <clothing>
  <id>
   855822828
  </id>
  <name>
   Puma T-shirt V-8753
  </name>
  <category>
   T-shirt
  </category>
  <size>
   M
  </size>
  <color>
   Красный
  </color>
  <material>
   Хлопок
  </material>
  <price>
   464747
  </price>
  <rating>
   4.24
  </rating>
  <reviews>
   596410
  </reviews>
  <new>
   -
  </new>
 </clothing>
 <clothing>
  <id>
   335196476
  </id>
  <name>
   New Balance T-shirt G-1329
  </name>
  <category>
   T-shirt
  </category>
  <size>
   M
  </size>
  <color>
   Голубой
  </color>
  <material>
   Шерсть
  </material>
  <price>
   957977
  </price>
  <rating>
   4.54
  </rating>
  <reviews>
   786358
  </reviews>
  <new>
   -
  </new>
 </clothing>
 <clothing>
  <id>
   891224444
  </id>
  <name>
   Converse Hat X-8311
  </name>
  <category>
   Hat
  </category>
  <size>
   XXL
  </size>
  <color>
   Фиолетовый
  </color>
  <material>
   Лен
  </material>
  <price>
   385555
  </price>
  <rating>
   4.96
  </rating>
  <reviews>
   859450
  </reviews>
  <new>
   -
  </new>
  <exclusive>
   no
  </exclusive>
  <sporty>
   yes
  </sporty>
 </clothing>
 <clothing>
  <id>
   721652132
  </id>
  <name>
   Puma T-shirt H-4804
  </name>
  <category>
   T-shirt
  </category>
  <size>
   L
  </size>
  <color>
   Голубой
  </color>
  <material>
   Шерсть
  </material>
  <price>
   536139
  </price>
  <rating>
   1.38
  </rating>
  <reviews>
   664432
  </reviews>
  <new>
   +
  </new>
  <exclusive>
   yes
  </exclusive>
 </clothing>
 <clothing>
  <id>
   903983316
  </id>
  <name>
   DC Hat C-8421
  </name>
  <category>
   Hat
  </category>
  <size>
   M
  </size>
  <color>
   Синий
  </color>
  <material>
   Вискоза
  </material>
  <price>
   724218
  </price>
  <rating>
   4.38
  </rating>
  <reviews>
   466888
  </reviews>
  <exclusive>
   no
  </exclusive>
  <sporty>
   no
  </sporty>
 </clothing>
 <clothing>
  <id>
   970423002
  </id>
  <name>
   Puma Shoes C-5071
  </name>
  <category>
   Shoes
  </category>
  <size>
   L
  </size>
  <color>
   Желтый
  </color>
  <material>
   Хлопок
  </material>
  <price>
   927035
  </price>
  <rating>
   3.02
  </rating>
  <reviews>
   651521
  </reviews>
  <exclusive>
   no
  </exclusive>
  <sporty>
   no
  </sporty>
 </clothing>
 <clothing>
  <id>
   286149490
  </id>
  <name>
   Under Armour Belts K-5282
  </name>
  <category>
   Belts
  </category>
  <size>
   S
  </size>
  <color>
   Желтый
  </color>
  <material>
   Шелк
  </material>
  <price>
   942911
  </price>
  <rating>
   3.58
  </rating>
  <reviews>
   597752
  </reviews>
  <exclusive>
   yes
  </exclusive>
 </clothing>
</clothing-items>
