<?xml version="1.0" encoding="utf-8"?>
<clothing-items>
 <clothing>
  <id>
   323638432
  </id>
  <name>
   DC Skirt B-3905
  </name>
  <category>
   Skirt
  </category>
  <size>
   XXL
  </size>
  <color>
   Синий
  </color>
  <material>
   Полиэстер
  </material>
  <price>
   422456
  </price>
  <rating>
   4.15
  </rating>
  <reviews>
   915399
  </reviews>
  <new>
   +
  </new>
  <exclusive>
   no
  </exclusive>
  <sporty>
   no
  </sporty>
 </clothing>
 <clothing>
  <id>
   578231114
  </id>
  <name>
   Under Armour Belts N-3632
  </name>
  <category>
   Belts
  </category>
  <size>
   XXL
  </size>
  <color>
   Голубой
  </color>
  <material>
   Шелк
  </material>
  <price>
   134073
  </price>
  <rating>
   1.3
  </rating>
  <reviews>
   710118
  </reviews>
  <sporty>
   no
  </sporty>
 </clothing>
 <clothing>
  <id>
   877040067
  </id>
  <name>
   Brooks Umbrellas A-1154
  </name>
  <category>
   Umbrellas
  </category>
  <size>
   XXL
  </size>
  <color>
   Голубой
  </color>
  <material>
   Шелк
  </material>
  <price>
   979426
  </price>
  <rating>
   1.31
  </rating>
  <reviews>
   717999
  </reviews>
  <exclusive>
   no
  </exclusive>
  <sporty>
   yes
  </sporty>
 </clothing>
 <clothing>
  <id>
   610794885
  </id>
  <name>
   Under Armour Umbrellas P-4721
  </name>
  <category>
   Umbrellas
  </category>
  <size>
   S
  </size>
  <color>
   Красный
  </color>
  <material>
   Вискоза
  </material>
  <price>
   337806
  </price>
  <rating>
   1.97
  </rating>
  <reviews>
   619327
  </reviews>
  <new>
   -
  </new>
  <exclusive>
   yes
  </exclusive>
  <sporty>
   yes
  </sporty>
 </clothing>
 <clothing>
  <id>
   568266411
  </id>
  <name>
   Converse Shoes Q-6626
  </name>
  <category>
   Shoes
  </category>
  <size>
   S
  </size>
  <color>
   Красный
  </color>
  <material>
   Полиэстер
  </material>
  <price>
   814235
  </price>
  <rating>
   2.27
  </rating>
  <reviews>
   571741
  </reviews>
  <new>
   +
  </new>
  <exclusive>
   no
  </exclusive>
  <sporty>
   no
  </sporty>
 </clothing>
 <clothing>
  <id>
   446198039
  </id>
  <name>
   Asics Jeans V-2250
  </name>
  <category>
   Jeans
  </category>
  <size>
   XL
  </size>
  <color>
   Голубой
  </color>
  <material>
   Полиэстер
  </material>
  <price>
   838869
  </price>
  <rating>
   3.21
  </rating>
  <reviews>
   874975
  </reviews>
  <new>
   +
  </new>
  <exclusive>
   no
  </exclusive>
 </clothing>
 <clothing>
  <id>
   825617429
  </id>
  <name>
   Converse Skirt T-4752
  </name>
  <category>
   Skirt
  </category>
  <size>
   S
  </size>
  <color>
   Красный
  </color>
  <material>
   Хлопок
  </material>
  <price>
   754340
  </price>
  <rating>
   3.59
  </rating>
  <reviews>
   145222
  </reviews>
 </clothing>
 <clothing>
  <id>
   339724090
  </id>
  <name>
   Brooks Handbags H-3466
  </name>
  <category>
   Handbags
  </category>
  <size>
   L
  </size>
  <color>
   Красный
  </color>
  <material>
   Шелк
  </material>
  <price>
   416304
  </price>
  <rating>
   3.61
  </rating>
  <reviews>
   278980
  </reviews>
  <new>
   +
  </new>
 </clothing>
 <clothing>
  <id>
   371030216
  </id>
  <name>
   Adidas Dress N-4209
  </name>
  <category>
   Dress
  </category>
  <size>
   XL
  </size>
  <color>
   Красный
  </color>
  <material>
   Вискоза
  </material>
  <price>
   205009
  </price>
  <rating>
   3.32
  </rating>
  <reviews>
   82655
  </reviews>
 </clothing>
 <clothing>
  <id>
   116574441
  </id>
  <name>
   Vans Hat A-1560
  </name>
  <category>
   Hat
  </category>
  <size>
   XL
  </size>
  <color>
   Оранжевый
  </color>
  <material>
   Шерсть
  </material>
  <price>
   797571
  </price>
  <rating>
   2.44
  </rating>
  <reviews>
   607007
  </reviews>
  <new>
   -
  </new>
  <sporty>
   yes
  </sporty>
 </clothing>
 <clothing>
  <id>
   273730022
  </id>
  <name>
   New Balance T-shirt F-4748
  </name>
  <category>
   T-shirt
  </category>
  <size>
   M
  </size>
  <color>
   Голубой
  </color>
  <material>
   Кожа
  </material>
  <price>
   585282
  </price>
  <rating>
   4.11
  </rating>
  <reviews>
   32822
  </reviews>
  <exclusive>
   yes
  </exclusive>
  <sporty>
   no
  </sporty>
 </clothing>
 <clothing>
  <id>
   487933935
  </id>
  <name>
   Converse Skirt G-3807
  </name>
  <category>
   Skirt
  </category>
  <size>
   XXL
  </size>
  <color>
   Фиолетовый
  </color>
  <material>
   Нейлон
  </material>
  <price>
   518640
  </price>
  <rating>
   3.93
  </rating>
  <reviews>
   25230
  </reviews>
 </clothing>
 <clothing>
  <id>
   476589572
  </id>
  <name>
   PleinSport Umbrellas M-7335
  </name>
  <category>
   Umbrellas
  </category>
  <size>
   L
  </size>
  <color>
   Зеленый
  </color>
  <material>
   Шерсть
  </material>
  <price>
   226477
  </price>
  <rating>
   3.37
  </rating>
  <reviews>
   972453
  </reviews>
  <new>
   +
  </new>
  <exclusive>
   no
  </exclusive>
 </clothing>
 <clothing>
  <id>
   686876739
  </id>
  <name>
   Addidas Jacket J-8160
  </name>
  <category>
   Jacket
  </category>
  <size>
   S
  </size>
  <color>
   Красный
  </color>
  <material>
   Шелк
  </material>
  <price>
   247469
  </price>
  <rating>
   1.46
  </rating>
  <reviews>
   905426
  </reviews>
  <new>
   +
  </new>
  <sporty>
   no
  </sporty>
 </clothing>
 <clothing>
  <id>
   840892265
  </id>
  <name>
   Nike Pants C-6542
  </name>
  <category>
   Pants
  </category>
  <size>
   XL
  </size>
  <color>
   Фиолетовый
  </color>
  <material>
   Лен
  </material>
  <price>
   425482
  </price>
  <rating>
   2.56
  </rating>
  <reviews>
   726288
  </reviews>
  <new>
   +
  </new>
  <exclusive>
   yes
  </exclusive>
  <sporty>
   no
  </sporty>
 </clothing>
 <clothing>
  <id>
   611374822
  </id>
  <name>
   Ellesse Belts F-9822
  </name>
  <category>
   Belts
  </category>
  <size>
   M
  </size>
  <color>
   Фиолетовый
  </color>
  <material>
   Полиэстер
  </material>
  <price>
   131916
  </price>
  <rating>
   4.91
  </rating>
  <reviews>
   909160
  </reviews>
  <new>
   -
  </new>
  <sporty>
   no
  </sporty>
 </clothing>
 <clothing>
  <id>
   355785361
  </id>
  <name>
   Converse T-shirt B-3819
  </name>
  <category>
   T-shirt
  </category>
  <size>
   XXL
  </size>
  <color>
   Синий
  </color>
  <material>
   Шерсть
  </material>
  <price>
   343474
  </price>
  <rating>
   4.03
  </rating>
  <reviews>
   787706
  </reviews>
  <exclusive>
   no
  </exclusive>
 </clothing>
 <clothing>
  <id>
   128666008
  </id>
  <name>
   Brooks Pants R-5519
  </name>
  <category>
   Pants
  </category>
  <size>
   XL
  </size>
  <color>
   Красный
  </color>
  <material>
   Кожа
  </material>
  <price>
   166284
  </price>
  <rating>
   4.39
  </rating>
  <reviews>
   108986
  </reviews>
  <new>
   -
  </new>
  <sporty>
   no
  </sporty>
 </clothing>
 <clothing>
  <id>
   509805074
  </id>
  <name>
   Nike Shoes Z-3700
  </name>
  <category>
   Shoes
  </category>
  <size>
   XL
  </size>
  <color>
   Синий
  </color>
  <material>
   Кожа
  </material>
  <price>
   725264
  </price>
  <rating>
   4.3
  </rating>
  <reviews>
   994675
  </reviews>
  <new>
   +
  </new>
  <sporty>
   yes
  </sporty>
 </clothing>
 <clothing>
  <id>
   573640940
  </id>
  <name>
   Converse Shirt A-2988
  </name>
  <category>
   Shirt
  </category>
  <size>
   XL
  </size>
  <color>
   Фиолетовый
  </color>
  <material>
   Хлопок
  </material>
  <price>
   677561
  </price>
  <rating>
   1.6
  </rating>
  <reviews>
   452662
  </reviews>
  <new>
   -
  </new>
  <exclusive>
   no
  </exclusive>
 </clothing>
 <clothing>
  <id>
   116002002
  </id>
  <name>
   New Balance Gloves P-3830
  </name>
  <category>
   Gloves
  </category>
  <size>
   L
  </size>
  <color>
   Фиолетовый
  </color>
  <material>
   Вискоза
  </material>
  <price>
   448819
  </price>
  <rating>
   2.47
  </rating>
  <reviews>
   446458
  </reviews>
  <new>
   +
  </new>
 </clothing>
 <clothing>
  <id>
   810461442
  </id>
  <name>
   PleinSport Umbrellas B-2044
  </name>
  <category>
   Umbrellas
  </category>
  <size>
   XL
  </size>
  <color>
   Синий
  </color>
  <material>
   Хлопок
  </material>
  <price>
   195029
  </price>
  <rating>
   2.04
  </rating>
  <reviews>
   410072
  </reviews>
  <new>
   -
  </new>
  <exclusive>
   yes
  </exclusive>
 </clothing>
 <clothing>
  <id>
   411786879
  </id>
  <name>
   Converse Jeans Y-8969
  </name>
  <category>
   Jeans
  </category>
  <size>
   S
  </size>
  <color>
   Оранжевый
  </color>
  <material>
   Кожа
  </material>
  <price>
   465057
  </price>
  <rating>
   4.6
  </rating>
  <reviews>
   443740
  </reviews>
  <new>
   -
  </new>
 </clothing>
 <clothing>
  <id>
   332952206
  </id>
  <name>
   Puma Pants G-8989
  </name>
  <category>
   Pants
  </category>
  <size>
   XL
  </size>
  <color>
   Желтый
  </color>
  <material>
   Лен
  </material>
  <price>
   251452
  </price>
  <rating>
   4.91
  </rating>
  <reviews>
   609742
  </reviews>
  <new>
   -
  </new>
  <sporty>
   yes
  </sporty>
 </clothing>
 <clothing>
  <id>
   203625652
  </id>
  <name>
   Addidas Pants N-4927
  </name>
  <category>
   Pants
  </category>
  <size>
   XL
  </size>
  <color>
   Голубой
  </color>
  <material>
   Лен
  </material>
  <price>
   172697
  </price>
  <rating>
   2.13
  </rating>
  <reviews>
   218887
  </reviews>
  <exclusive>
   no
  </exclusive>
  <sporty>
   no
  </sporty>
 </clothing>
 <clothing>
  <id>
   616192083
  </id>
  <name>
   New Balance Jeans V-9425
  </name>
  <category>
   Jeans
  </category>
  <size>
   M
  </size>
  <color>
   Зеленый
  </color>
  <material>
   Шерсть
  </material>
  <price>
   345836
  </price>
  <rating>
   4.14
  </rating>
  <reviews>
   611971
  </reviews>
  <new>
   -
  </new>
  <exclusive>
   no
  </exclusive>
  <sporty>
   no
  </sporty>
 </clothing>
 <clothing>
  <id>
   494875778
  </id>
  <name>
   Puma Shirt U-6628
  </name>
  <category>
   Shirt
  </category>
  <size>
   S
  </size>
  <color>
   Фиолетовый
  </color>
  <material>
   Шерсть
  </material>
  <price>
   828386
  </price>
  <rating>
   4.01
  </rating>
  <reviews>
   649070
  </reviews>
  <exclusive>
   no
  </exclusive>
 </clothing>
 <clothing>
  <id>
   693857169
  </id>
  <name>
   Reebok Jeans S-2079
  </name>
  <category>
   Jeans
  </category>
  <size>
   M
  </size>
  <color>
   Оранжевый
  </color>
  <material>
   Полиэстер
  </material>
  <price>
   223026
  </price>
  <rating>
   1.16
  </rating>
  <reviews>
   312306
  </reviews>
  <new>
   -
  </new>
 </clothing>
 <clothing>
  <id>
   968098224
  </id>
  <name>
   Brooks Socks H-3248
  </name>
  <category>
   Socks
  </category>
  <size>
   XXL
  </size>
  <color>
   Зеленый
  </color>
  <material>
   Кожа
  </material>
  <price>
   563558
  </price>
  <rating>
   1.29
  </rating>
  <reviews>
   319431
  </reviews>
  <exclusive>
   yes
  </exclusive>
  <sporty>
   no
  </sporty>
 </clothing>
</clothing-items>
