<?xml version="1.0" encoding="utf-8"?>
<clothing-items>
 <clothing>
  <id>
   750170930
  </id>
  <name>
   Reebok Pants P-1361
  </name>
  <category>
   Pants
  </category>
  <size>
   S
  </size>
  <color>
   Фиолетовый
  </color>
  <material>
   Шерсть
  </material>
  <price>
   398237
  </price>
  <rating>
   4.14
  </rating>
  <reviews>
   561761
  </reviews>
  <new>
   +
  </new>
  <exclusive>
   yes
  </exclusive>
  <sporty>
   no
  </sporty>
 </clothing>
 <clothing>
  <id>
   484073770
  </id>
  <name>
   Fila Sweater E-9890
  </name>
  <category>
   Sweater
  </category>
  <size>
   L
  </size>
  <color>
   Желтый
  </color>
  <material>
   Шерсть
  </material>
  <price>
   907309
  </price>
  <rating>
   3.97
  </rating>
  <reviews>
   842517
  </reviews>
  <new>
   -
  </new>
  <sporty>
   no
  </sporty>
 </clothing>
 <clothing>
  <id>
   589192430
  </id>
  <name>
   Adidas Gloves N-3270
  </name>
  <category>
   Gloves
  </category>
  <size>
   XL
  </size>
  <color>
   Голубой
  </color>
  <material>
   Вискоза
  </material>
  <price>
   455281
  </price>
  <rating>
   4.9
  </rating>
  <reviews>
   506851
  </reviews>
 </clothing>
 <clothing>
  <id>
   140218805
  </id>
  <name>
   Vans Jeans L-8094
  </name>
  <category>
   Jeans
  </category>
  <size>
   S
  </size>
  <color>
   Желтый
  </color>
  <material>
   Лен
  </material>
  <price>
   597437
  </price>
  <rating>
   3.13
  </rating>
  <reviews>
   653996
  </reviews>
  <new>
   +
  </new>
  <exclusive>
   no
  </exclusive>
  <sporty>
   yes
  </sporty>
 </clothing>
 <clothing>
  <id>
   740206303
  </id>
  <name>
   New Balance Sweater E-1551
  </name>
  <category>
   Sweater
  </category>
  <size>
   L
  </size>
  <color>
   Фиолетовый
  </color>
  <material>
   Хлопок
  </material>
  <price>
   107885
  </price>
  <rating>
   3.41
  </rating>
  <reviews>
   959584
  </reviews>
  <exclusive>
   yes
  </exclusive>
 </clothing>
 <clothing>
  <id>
   467900554
  </id>
  <name>
   Asics Jeans X-5034
  </name>
  <category>
   Jeans
  </category>
  <size>
   M
  </size>
  <color>
   Желтый
  </color>
  <material>
   Вискоза
  </material>
  <price>
   587568
  </price>
  <rating>
   1.76
  </rating>
  <reviews>
   361799
  </reviews>
  <new>
   -
  </new>
  <exclusive>
   no
  </exclusive>
 </clothing>
 <clothing>
  <id>
   437002261
  </id>
  <name>
   Reebok Dress J-5229
  </name>
  <category>
   Dress
  </category>
  <size>
   S
  </size>
  <color>
   Оранжевый
  </color>
  <material>
   Полиэстер
  </material>
  <price>
   616918
  </price>
  <rating>
   2.61
  </rating>
  <reviews>
   356709
  </reviews>
  <new>
   +
  </new>
  <exclusive>
   no
  </exclusive>
  <sporty>
   no
  </sporty>
 </clothing>
 <clothing>
  <id>
   608999952
  </id>
  <name>
   Adidas Blouse D-4242
  </name>
  <category>
   Blouse
  </category>
  <size>
   XL
  </size>
  <color>
   Зеленый
  </color>
  <material>
   Хлопок
  </material>
  <price>
   123155
  </price>
  <rating>
   3.34
  </rating>
  <reviews>
   773603
  </reviews>
  <new>
   -
  </new>
 </clothing>
 <clothing>
  <id>
   598949562
  </id>
  <name>
   Adidas Jeans L-7433
  </name>
  <category>
   Jeans
  </category>
  <size>
   S
  </size>
  <color>
   Зеленый
  </color>
  <material>
   Полиэстер
  </material>
  <price>
   769678
  </price>
  <rating>
   1.48
  </rating>
  <reviews>
   690182
  </reviews>
  <new>
   -
  </new>
  <exclusive>
   no
  </exclusive>
 </clothing>
 <clothing>
  <id>
   769962628
  </id>
  <name>
   Addidas Shoes Y-5709
  </name>
  <category>
   Shoes
  </category>
  <size>
   L
  </size>
  <color>
   Голубой
  </color>
  <material>
   Полиэстер
  </material>
  <price>
   663548
  </price>
  <rating>
   3.49
  </rating>
  <reviews>
   372693
  </reviews>
  <new>
   -
  </new>
  <exclusive>
   no
  </exclusive>
 </clothing>
 <clothing>
  <id>
   559952102
  </id>
  <name>
   Asics Handbags S-3695
  </name>
  <category>
   Handbags
  </category>
  <size>
   S
  </size>
  <color>
   Зеленый
  </color>
  <material>
   Нейлон
  </material>
  <price>
   970289
  </price>
  <rating>
   4.72
  </rating>
  <reviews>
   105614
  </reviews>
  <new>
   -
  </new>
  <exclusive>
   no
  </exclusive>
  <sporty>
   no
  </sporty>
 </clothing>
 <clothing>
  <id>
   165296756
  </id>
  <name>
   Brooks Gloves T-9418
  </name>
  <category>
   Gloves
  </category>
  <size>
   XL
  </size>
  <color>
   Красный
  </color>
  <material>
   Шелк
  </material>
  <price>
   429477
  </price>
  <rating>
   3.01
  </rating>
  <reviews>
   796120
  </reviews>
  <sporty>
   yes
  </sporty>
 </clothing>
 <clothing>
  <id>
   569836476
  </id>
  <name>
   Reebok Umbrellas D-8796
  </name>
  <category>
   Umbrellas
  </category>
  <size>
   XL
  </size>
  <color>
   Синий
  </color>
  <material>
   Кожа
  </material>
  <price>
   833232
  </price>
  <rating>
   4.53
  </rating>
  <reviews>
   272086
  </reviews>
  <exclusive>
   no
  </exclusive>
 </clothing>
 <clothing>
  <id>
   685147982
  </id>
  <name>
   Vans T-shirt R-4574
  </name>
  <category>
   T-shirt
  </category>
  <size>
   L
  </size>
  <color>
   Желтый
  </color>
  <material>
   Вискоза
  </material>
  <price>
   349851
  </price>
  <rating>
   2.34
  </rating>
  <reviews>
   783933
  </reviews>
  <exclusive>
   no
  </exclusive>
  <sporty>
   no
  </sporty>
 </clothing>
 <clothing>
  <id>
   637586769
  </id>
  <name>
   Under Armour Pants D-4034
  </name>
  <category>
   Pants
  </category>
  <size>
   XXL
  </size>
  <color>
   Синий
  </color>
  <material>
   Шелк
  </material>
  <price>
   697800
  </price>
  <rating>
   2.09
  </rating>
  <reviews>
   128884
  </reviews>
  <exclusive>
   no
  </exclusive>
 </clothing>
 <clothing>
  <id>
   560518497
  </id>
  <name>
   Reebok Socks S-3898
  </name>
  <category>
   Socks
  </category>
  <size>
   L
  </size>
  <color>
   Желтый
  </color>
  <material>
   Вискоза
  </material>
  <price>
   666224
  </price>
  <rating>
   4.47
  </rating>
  <reviews>
   411188
  </reviews>
  <new>
   -
  </new>
  <exclusive>
   no
  </exclusive>
  <sporty>
   no
  </sporty>
 </clothing>
 <clothing>
  <id>
   334669008
  </id>
  <name>
   Adidas Jeans D-4689
  </name>
  <category>
   Jeans
  </category>
  <size>
   L
  </size>
  <color>
   Красный
  </color>
  <material>
   Нейлон
  </material>
  <price>
   425623
  </price>
  <rating>
   1.52
  </rating>
  <reviews>
   586565
  </reviews>
  <exclusive>
   no
  </exclusive>
 </clothing>
 <clothing>
  <id>
   117321118
  </id>
  <name>
   Fila Gloves Q-6641
  </name>
  <category>
   Gloves
  </category>
  <size>
   XL
  </size>
  <color>
   Голубой
  </color>
  <material>
   Полиэстер
  </material>
  <price>
   664847
  </price>
  <rating>
   1.43
  </rating>
  <reviews>
   686412
  </reviews>
  <new>
   +
  </new>
  <sporty>
   no
  </sporty>
 </clothing>
 <clothing>
  <id>
   869401187
  </id>
  <name>
   Vans Blouse L-2815
  </name>
  <category>
   Blouse
  </category>
  <size>
   XL
  </size>
  <color>
   Оранжевый
  </color>
  <material>
   Хлопок
  </material>
  <price>
   319075
  </price>
  <rating>
   3.99
  </rating>
  <reviews>
   827939
  </reviews>
  <sporty>
   yes
  </sporty>
 </clothing>
 <clothing>
  <id>
   464142274
  </id>
  <name>
   Lacoste T-shirt Q-2105
  </name>
  <category>
   T-shirt
  </category>
  <size>
   XXL
  </size>
  <color>
   Голубой
  </color>
  <material>
   Шелк
  </material>
  <price>
   505252
  </price>
  <rating>
   1.12
  </rating>
  <reviews>
   746345
  </reviews>
  <new>
   -
  </new>
  <exclusive>
   yes
  </exclusive>
  <sporty>
   no
  </sporty>
 </clothing>
 <clothing>
  <id>
   402032565
  </id>
  <name>
   Vans Dress H-5808
  </name>
  <category>
   Dress
  </category>
  <size>
   XL
  </size>
  <color>
   Красный
  </color>
  <material>
   Шерсть
  </material>
  <price>
   956120
  </price>
  <rating>
   4.66
  </rating>
  <reviews>
   721773
  </reviews>
  <exclusive>
   yes
  </exclusive>
  <sporty>
   no
  </sporty>
 </clothing>
 <clothing>
  <id>
   137726167
  </id>
  <name>
   Ellesse Jeans R-3797
  </name>
  <category>
   Jeans
  </category>
  <size>
   S
  </size>
  <color>
   Оранжевый
  </color>
  <material>
   Вискоза
  </material>
  <price>
   127904
  </price>
  <rating>
   3.29
  </rating>
  <reviews>
   164696
  </reviews>
  <new>
   -
  </new>
  <exclusive>
   no
  </exclusive>
 </clothing>
 <clothing>
  <id>
   716178707
  </id>
  <name>
   Addidas T-shirt B-4765
  </name>
  <category>
   T-shirt
  </category>
  <size>
   S
  </size>
  <color>
   Голубой
  </color>
  <material>
   Вискоза
  </material>
  <price>
   255792
  </price>
  <rating>
   1.47
  </rating>
  <reviews>
   616851
  </reviews>
  <new>
   -
  </new>
 </clothing>
 <clothing>
  <id>
   754959532
  </id>
  <name>
   Adidas Blouse L-7003
  </name>
  <category>
   Blouse
  </category>
  <size>
   XXL
  </size>
  <color>
   Голубой
  </color>
  <material>
   Кожа
  </material>
  <price>
   864016
  </price>
  <rating>
   2.33
  </rating>
  <reviews>
   593842
  </reviews>
  <new>
   -
  </new>
  <exclusive>
   yes
  </exclusive>
  <sporty>
   yes
  </sporty>
 </clothing>
 <clothing>
  <id>
   419488325
  </id>
  <name>
   New Balance Jacket C-7134
  </name>
  <category>
   Jacket
  </category>
  <size>
   S
  </size>
  <color>
   Красный
  </color>
  <material>
   Вискоза
  </material>
  <price>
   134385
  </price>
  <rating>
   2.72
  </rating>
  <reviews>
   580242
  </reviews>
  <new>
   -
  </new>
  <sporty>
   yes
  </sporty>
 </clothing>
 <clothing>
  <id>
   945048643
  </id>
  <name>
   PleinSport Gloves A-6456
  </name>
  <category>
   Gloves
  </category>
  <size>
   XXL
  </size>
  <color>
   Красный
  </color>
  <material>
   Нейлон
  </material>
  <price>
   922315
  </price>
  <rating>
   3.08
  </rating>
  <reviews>
   126914
  </reviews>
  <new>
   +
  </new>
  <exclusive>
   yes
  </exclusive>
  <sporty>
   no
  </sporty>
 </clothing>
 <clothing>
  <id>
   504493861
  </id>
  <name>
   Under Armour Hat Z-4482
  </name>
  <category>
   Hat
  </category>
  <size>
   M
  </size>
  <color>
   Оранжевый
  </color>
  <material>
   Хлопок
  </material>
  <price>
   710382
  </price>
  <rating>
   1.8
  </rating>
  <reviews>
   474345
  </reviews>
  <new>
   -
  </new>
  <sporty>
   no
  </sporty>
 </clothing>
 <clothing>
  <id>
   667734806
  </id>
  <name>
   New Balance Jeans J-7950
  </name>
  <category>
   Jeans
  </category>
  <size>
   L
  </size>
  <color>
   Синий
  </color>
  <material>
   Шелк
  </material>
  <price>
   328056
  </price>
  <rating>
   3.61
  </rating>
  <reviews>
   541847
  </reviews>
  <exclusive>
   no
  </exclusive>
  <sporty>
   no
  </sporty>
 </clothing>
 <clothing>
  <id>
   292400632
  </id>
  <name>
   Vans Sweater V-2693
  </name>
  <category>
   Sweater
  </category>
  <size>
   M
  </size>
  <color>
   Голубой
  </color>
  <material>
   Лен
  </material>
  <price>
   834146
  </price>
  <rating>
   1.0
  </rating>
  <reviews>
   671753
  </reviews>
  <new>
   -
  </new>
  <exclusive>
   no
  </exclusive>
 </clothing>
 <clothing>
  <id>
   382030926
  </id>
  <name>
   Asics Dress W-8452
  </name>
  <category>
   Dress
  </category>
  <size>
   L
  </size>
  <color>
   Желтый
  </color>
  <material>
   Шелк
  </material>
  <price>
   984665
  </price>
  <rating>
   2.92
  </rating>
  <reviews>
   521025
  </reviews>
  <sporty>
   yes
  </sporty>
 </clothing>
 <clothing>
  <id>
   125302391
  </id>
  <name>
   Brooks Pants H-4922
  </name>
  <category>
   Pants
  </category>
  <size>
   L
  </size>
  <color>
   Красный
  </color>
  <material>
   Вискоза
  </material>
  <price>
   384886
  </price>
  <rating>
   4.89
  </rating>
  <reviews>
   677943
  </reviews>
  <new>
   -
  </new>
  <exclusive>
   no
  </exclusive>
  <sporty>
   yes
  </sporty>
 </clothing>
 <clothing>
  <id>
   856217913
  </id>
  <name>
   Ellesse Shirt Q-3762
  </name>
  <category>
   Shirt
  </category>
  <size>
   L
  </size>
  <color>
   Желтый
  </color>
  <material>
   Шерсть
  </material>
  <price>
   906945
  </price>
  <rating>
   2.13
  </rating>
  <reviews>
   4651
  </reviews>
  <new>
   -
  </new>
  <exclusive>
   no
  </exclusive>
 </clothing>
 <clothing>
  <id>
   404400937
  </id>
  <name>
   PleinSport Handbags U-7680
  </name>
  <category>
   Handbags
  </category>
  <size>
   XL
  </size>
  <color>
   Зеленый
  </color>
  <material>
   Полиэстер
  </material>
  <price>
   781551
  </price>
  <rating>
   2.66
  </rating>
  <reviews>
   142177
  </reviews>
  <new>
   +
  </new>
  <exclusive>
   no
  </exclusive>
 </clothing>
 <clothing>
  <id>
   297954550
  </id>
  <name>
   Fila Jeans Q-8862
  </name>
  <category>
   Jeans
  </category>
  <size>
   XL
  </size>
  <color>
   Синий
  </color>
  <material>
   Нейлон
  </material>
  <price>
   294271
  </price>
  <rating>
   4.73
  </rating>
  <reviews>
   919044
  </reviews>
  <new>
   -
  </new>
  <exclusive>
   no
  </exclusive>
  <sporty>
   no
  </sporty>
 </clothing>
 <clothing>
  <id>
   434169754
  </id>
  <name>
   Lacoste T-shirt N-6087
  </name>
  <category>
   T-shirt
  </category>
  <size>
   XL
  </size>
  <color>
   Голубой
  </color>
  <material>
   Лен
  </material>
  <price>
   560835
  </price>
  <rating>
   2.24
  </rating>
  <reviews>
   495840
  </reviews>
  <new>
   +
  </new>
  <sporty>
   no
  </sporty>
 </clothing>
 <clothing>
  <id>
   700780248
  </id>
  <name>
   Lacoste Handbags W-3576
  </name>
  <category>
   Handbags
  </category>
  <size>
   XXL
  </size>
  <color>
   Желтый
  </color>
  <material>
   Кожа
  </material>
  <price>
   973341
  </price>
  <rating>
   4.4
  </rating>
  <reviews>
   811070
  </reviews>
  <sporty>
   no
  </sporty>
 </clothing>
 <clothing>
  <id>
   703239917
  </id>
  <name>
   Adidas Pants I-8629
  </name>
  <category>
   Pants
  </category>
  <size>
   XXL
  </size>
  <color>
   Красный
  </color>
  <material>
   Лен
  </material>
  <price>
   403606
  </price>
  <rating>
   4.0
  </rating>
  <reviews>
   891041
  </reviews>
  <new>
   -
  </new>
  <sporty>
   yes
  </sporty>
 </clothing>
 <clothing>
  <id>
   641457847
  </id>
  <name>
   Under Armour Belts V-7834
  </name>
  <category>
   Belts
  </category>
  <size>
   M
  </size>
  <color>
   Оранжевый
  </color>
  <material>
   Хлопок
  </material>
  <price>
   847432
  </price>
  <rating>
   4.57
  </rating>
  <reviews>
   452333
  </reviews>
  <sporty>
   no
  </sporty>
 </clothing>
 <clothing>
  <id>
   449894512
  </id>
  <name>
   Vans Shoes I-8775
  </name>
  <category>
   Shoes
  </category>
  <size>
   XL
  </size>
  <color>
   Зеленый
  </color>
  <material>
   Вискоза
  </material>
  <price>
   300233
  </price>
  <rating>
   2.72
  </rating>
  <reviews>
   54971
  </reviews>
  <new>
   +
  </new>
  <sporty>
   no
  </sporty>
 </clothing>
 <clothing>
  <id>
   550868035
  </id>
  <name>
   DC Shirt X-9565
  </name>
  <category>
   Shirt
  </category>
  <size>
   XL
  </size>
  <color>
   Красный
  </color>
  <material>
   Полиэстер
  </material>
  <price>
   395850
  </price>
  <rating>
   2.45
  </rating>
  <reviews>
   523269
  </reviews>
  <new>
   +
  </new>
  <exclusive>
   no
  </exclusive>
  <sporty>
   no
  </sporty>
 </clothing>
</clothing-items>
