<?xml version="1.0" encoding="utf-8"?>
<clothing-items>
 <clothing>
  <id>
   932756266
  </id>
  <name>
   PleinSport Socks J-3655
  </name>
  <category>
   Socks
  </category>
  <size>
   L
  </size>
  <color>
   Фиолетовый
  </color>
  <material>
   Лен
  </material>
  <price>
   150160
  </price>
  <rating>
   4.54
  </rating>
  <reviews>
   590181
  </reviews>
  <new>
   +
  </new>
  <exclusive>
   no
  </exclusive>
  <sporty>
   no
  </sporty>
 </clothing>
 <clothing>
  <id>
   635318562
  </id>
  <name>
   New Balance Umbrellas Z-4020
  </name>
  <category>
   Umbrellas
  </category>
  <size>
   M
  </size>
  <color>
   Фиолетовый
  </color>
  <material>
   Лен
  </material>
  <price>
   219386
  </price>
  <rating>
   3.82
  </rating>
  <reviews>
   235051
  </reviews>
  <new>
   +
  </new>
 </clothing>
 <clothing>
  <id>
   563612296
  </id>
  <name>
   Nike Sweater K-2067
  </name>
  <category>
   Sweater
  </category>
  <size>
   M
  </size>
  <color>
   Желтый
  </color>
  <material>
   Кожа
  </material>
  <price>
   362757
  </price>
  <rating>
   2.8
  </rating>
  <reviews>
   262425
  </reviews>
  <sporty>
   no
  </sporty>
 </clothing>
 <clothing>
  <id>
   450176714
  </id>
  <name>
   Asics Jeans Y-7943
  </name>
  <category>
   Jeans
  </category>
  <size>
   L
  </size>
  <color>
   Оранжевый
  </color>
  <material>
   Вискоза
  </material>
  <price>
   346894
  </price>
  <rating>
   4.6
  </rating>
  <reviews>
   268177
  </reviews>
  <new>
   -
  </new>
  <exclusive>
   yes
  </exclusive>
 </clothing>
 <clothing>
  <id>
   660754978
  </id>
  <name>
   Puma Umbrellas T-5256
  </name>
  <category>
   Umbrellas
  </category>
  <size>
   XL
  </size>
  <color>
   Фиолетовый
  </color>
  <material>
   Шелк
  </material>
  <price>
   242503
  </price>
  <rating>
   1.45
  </rating>
  <reviews>
   613407
  </reviews>
  <sporty>
   no
  </sporty>
 </clothing>
 <clothing>
  <id>
   184548999
  </id>
  <name>
   Puma Sweater A-2070
  </name>
  <category>
   Sweater
  </category>
  <size>
   M
  </size>
  <color>
   Оранжевый
  </color>
  <material>
   Полиэстер
  </material>
  <price>
   406502
  </price>
  <rating>
   1.05
  </rating>
  <reviews>
   11768
  </reviews>
  <new>
   -
  </new>
  <sporty>
   yes
  </sporty>
 </clothing>
 <clothing>
  <id>
   773105410
  </id>
  <name>
   New Balance Hat B-6111
  </name>
  <category>
   Hat
  </category>
  <size>
   S
  </size>
  <color>
   Желтый
  </color>
  <material>
   Лен
  </material>
  <price>
   634977
  </price>
  <rating>
   4.52
  </rating>
  <reviews>
   504728
  </reviews>
  <new>
   -
  </new>
  <sporty>
   yes
  </sporty>
 </clothing>
 <clothing>
  <id>
   232649210
  </id>
  <name>
   Puma Shoes S-1928
  </name>
  <category>
   Shoes
  </category>
  <size>
   XXL
  </size>
  <color>
   Желтый
  </color>
  <material>
   Шерсть
  </material>
  <price>
   170085
  </price>
  <rating>
   4.49
  </rating>
  <reviews>
   351576
  </reviews>
  <new>
   -
  </new>
 </clothing>
 <clothing>
  <id>
   149811437
  </id>
  <name>
   Brooks Sweater V-8335
  </name>
  <category>
   Sweater
  </category>
  <size>
   S
  </size>
  <color>
   Фиолетовый
  </color>
  <material>
   Шерсть
  </material>
  <price>
   903390
  </price>
  <rating>
   3.17
  </rating>
  <reviews>
   624774
  </reviews>
  <sporty>
   yes
  </sporty>
 </clothing>
 <clothing>
  <id>
   798111481
  </id>
  <name>
   Ellesse Umbrellas U-1337
  </name>
  <category>
   Umbrellas
  </category>
  <size>
   S
  </size>
  <color>
   Оранжевый
  </color>
  <material>
   Лен
  </material>
  <price>
   328584
  </price>
  <rating>
   2.71
  </rating>
  <reviews>
   289174
  </reviews>
  <new>
   -
  </new>
  <sporty>
   no
  </sporty>
 </clothing>
 <clothing>
  <id>
   227380641
  </id>
  <name>
   Fila Pants S-2615
  </name>
  <category>
   Pants
  </category>
  <size>
   S
  </size>
  <color>
   Красный
  </color>
  <material>
   Лен
  </material>
  <price>
   306185
  </price>
  <rating>
   4.66
  </rating>
  <reviews>
   240419
  </reviews>
  <new>
   -
  </new>
  <exclusive>
   no
  </exclusive>
  <sporty>
   no
  </sporty>
 </clothing>
 <clothing>
  <id>
   361191020
  </id>
  <name>
   Fila Pants Q-5024
  </name>
  <category>
   Pants
  </category>
  <size>
   S
  </size>
  <color>
   Желтый
  </color>
  <material>
   Полиэстер
  </material>
  <price>
   336787
  </price>
  <rating>
   2.87
  </rating>
  <reviews>
   358364
  </reviews>
  <exclusive>
   yes
  </exclusive>
  <sporty>
   no
  </sporty>
 </clothing>
 <clothing>
  <id>
   935829317
  </id>
  <name>
   Ellesse Gloves J-3279
  </name>
  <category>
   Gloves
  </category>
  <size>
   XL
  </size>
  <color>
   Зеленый
  </color>
  <material>
   Лен
  </material>
  <price>
   815238
  </price>
  <rating>
   2.37
  </rating>
  <reviews>
   67027
  </reviews>
 </clothing>
 <clothing>
  <id>
   270011138
  </id>
  <name>
   Fila Pants W-4280
  </name>
  <category>
   Pants
  </category>
  <size>
   S
  </size>
  <color>
   Фиолетовый
  </color>
  <material>
   Вискоза
  </material>
  <price>
   491958
  </price>
  <rating>
   3.93
  </rating>
  <reviews>
   606696
  </reviews>
  <new>
   +
  </new>
 </clothing>
 <clothing>
  <id>
   507198357
  </id>
  <name>
   Under Armour Hat B-3369
  </name>
  <category>
   Hat
  </category>
  <size>
   M
  </size>
  <color>
   Синий
  </color>
  <material>
   Шелк
  </material>
  <price>
   115609
  </price>
  <rating>
   2.9
  </rating>
  <reviews>
   76856
  </reviews>
  <exclusive>
   no
  </exclusive>
 </clothing>
 <clothing>
  <id>
   329293935
  </id>
  <name>
   Puma Socks P-4166
  </name>
  <category>
   Socks
  </category>
  <size>
   XXL
  </size>
  <color>
   Желтый
  </color>
  <material>
   Кожа
  </material>
  <price>
   255487
  </price>
  <rating>
   2.13
  </rating>
  <reviews>
   985816
  </reviews>
  <exclusive>
   no
  </exclusive>
  <sporty>
   no
  </sporty>
 </clothing>
 <clothing>
  <id>
   974164190
  </id>
  <name>
   DC Shirt B-9391
  </name>
  <category>
   Shirt
  </category>
  <size>
   M
  </size>
  <color>
   Голубой
  </color>
  <material>
   Хлопок
  </material>
  <price>
   197215
  </price>
  <rating>
   3.74
  </rating>
  <reviews>
   235334
  </reviews>
  <new>
   +
  </new>
  <exclusive>
   yes
  </exclusive>
  <sporty>
   yes
  </sporty>
 </clothing>
 <clothing>
  <id>
   432054370
  </id>
  <name>
   Reebok Umbrellas T-1091
  </name>
  <category>
   Umbrellas
  </category>
  <size>
   S
  </size>
  <color>
   Фиолетовый
  </color>
  <material>
   Лен
  </material>
  <price>
   134643
  </price>
  <rating>
   4.4
  </rating>
  <reviews>
   864135
  </reviews>
  <new>
   -
  </new>
  <exclusive>
   yes
  </exclusive>
  <sporty>
   no
  </sporty>
 </clothing>
 <clothing>
  <id>
   791329049
  </id>
  <name>
   Adidas Hat E-3647
  </name>
  <category>
   Hat
  </category>
  <size>
   M
  </size>
  <color>
   Синий
  </color>
  <material>
   Нейлон
  </material>
  <price>
   360719
  </price>
  <rating>
   1.16
  </rating>
  <reviews>
   321635
  </reviews>
  <sporty>
   no
  </sporty>
 </clothing>
 <clothing>
  <id>
   693869736
  </id>
  <name>
   Nike T-shirt G-4251
  </name>
  <category>
   T-shirt
  </category>
  <size>
   S
  </size>
  <color>
   Фиолетовый
  </color>
  <material>
   Шерсть
  </material>
  <price>
   483111
  </price>
  <rating>
   4.74
  </rating>
  <reviews>
   631689
  </reviews>
  <new>
   -
  </new>
  <sporty>
   yes
  </sporty>
 </clothing>
 <clothing>
  <id>
   762557376
  </id>
  <name>
   Nike Belts G-1917
  </name>
  <category>
   Belts
  </category>
  <size>
   XXL
  </size>
  <color>
   Синий
  </color>
  <material>
   Шелк
  </material>
  <price>
   653261
  </price>
  <rating>
   2.01
  </rating>
  <reviews>
   5110
  </reviews>
 </clothing>
 <clothing>
  <id>
   923397001
  </id>
  <name>
   Puma T-shirt Z-9141
  </name>
  <category>
   T-shirt
  </category>
  <size>
   XXL
  </size>
  <color>
   Фиолетовый
  </color>
  <material>
   Вискоза
  </material>
  <price>
   785603
  </price>
  <rating>
   2.6
  </rating>
  <reviews>
   62524
  </reviews>
  <exclusive>
   no
  </exclusive>
 </clothing>
 <clothing>
  <id>
   660129479
  </id>
  <name>
   Ellesse Blouse T-6744
  </name>
  <category>
   Blouse
  </category>
  <size>
   M
  </size>
  <color>
   Желтый
  </color>
  <material>
   Шелк
  </material>
  <price>
   761544
  </price>
  <rating>
   2.77
  </rating>
  <reviews>
   966204
  </reviews>
  <new>
   -
  </new>
  <sporty>
   no
  </sporty>
 </clothing>
 <clothing>
  <id>
   978546245
  </id>
  <name>
   Lacoste Shoes G-5187
  </name>
  <category>
   Shoes
  </category>
  <size>
   L
  </size>
  <color>
   Фиолетовый
  </color>
  <material>
   Лен
  </material>
  <price>
   287885
  </price>
  <rating>
   4.76
  </rating>
  <reviews>
   721517
  </reviews>
  <exclusive>
   yes
  </exclusive>
  <sporty>
   no
  </sporty>
 </clothing>
 <clothing>
  <id>
   680257650
  </id>
  <name>
   Vans Dress J-9253
  </name>
  <category>
   Dress
  </category>
  <size>
   S
  </size>
  <color>
   Желтый
  </color>
  <material>
   Вискоза
  </material>
  <price>
   714133
  </price>
  <rating>
   3.43
  </rating>
  <reviews>
   97979
  </reviews>
  <exclusive>
   no
  </exclusive>
  <sporty>
   no
  </sporty>
 </clothing>
 <clothing>
  <id>
   553140364
  </id>
  <name>
   Adidas Pants J-9033
  </name>
  <category>
   Pants
  </category>
  <size>
   XXL
  </size>
  <color>
   Синий
  </color>
  <material>
   Шелк
  </material>
  <price>
   345673
  </price>
  <rating>
   3.78
  </rating>
  <reviews>
   446577
  </reviews>
  <new>
   -
  </new>
  <exclusive>
   no
  </exclusive>
 </clothing>
 <clothing>
  <id>
   201049409
  </id>
  <name>
   Converse Umbrellas H-7409
  </name>
  <category>
   Umbrellas
  </category>
  <size>
   XXL
  </size>
  <color>
   Красный
  </color>
  <material>
   Шерсть
  </material>
  <price>
   471382
  </price>
  <rating>
   4.66
  </rating>
  <reviews>
   346943
  </reviews>
 </clothing>
 <clothing>
  <id>
   363373534
  </id>
  <name>
   Reebok Shirt T-6482
  </name>
  <category>
   Shirt
  </category>
  <size>
   XL
  </size>
  <color>
   Синий
  </color>
  <material>
   Кожа
  </material>
  <price>
   221290
  </price>
  <rating>
   3.03
  </rating>
  <reviews>
   717718
  </reviews>
 </clothing>
 <clothing>
  <id>
   520086734
  </id>
  <name>
   Asics Blouse E-2073
  </name>
  <category>
   Blouse
  </category>
  <size>
   S
  </size>
  <color>
   Зеленый
  </color>
  <material>
   Кожа
  </material>
  <price>
   247527
  </price>
  <rating>
   3.96
  </rating>
  <reviews>
   135967
  </reviews>
  <new>
   -
  </new>
  <sporty>
   no
  </sporty>
 </clothing>
 <clothing>
  <id>
   806431288
  </id>
  <name>
   Brooks Dress X-2574
  </name>
  <category>
   Dress
  </category>
  <size>
   S
  </size>
  <color>
   Синий
  </color>
  <material>
   Полиэстер
  </material>
  <price>
   576613
  </price>
  <rating>
   4.86
  </rating>
  <reviews>
   758964
  </reviews>
  <exclusive>
   yes
  </exclusive>
 </clothing>
 <clothing>
  <id>
   601085841
  </id>
  <name>
   Ellesse Skirt V-8230
  </name>
  <category>
   Skirt
  </category>
  <size>
   XXL
  </size>
  <color>
   Синий
  </color>
  <material>
   Лен
  </material>
  <price>
   704691
  </price>
  <rating>
   3.52
  </rating>
  <reviews>
   526024
  </reviews>
  <new>
   +
  </new>
  <exclusive>
   yes
  </exclusive>
 </clothing>
 <clothing>
  <id>
   314310935
  </id>
  <name>
   Fila Sweater W-8169
  </name>
  <category>
   Sweater
  </category>
  <size>
   XXL
  </size>
  <color>
   Желтый
  </color>
  <material>
   Нейлон
  </material>
  <price>
   529262
  </price>
  <rating>
   3.66
  </rating>
  <reviews>
   452661
  </reviews>
  <exclusive>
   no
  </exclusive>
  <sporty>
   no
  </sporty>
 </clothing>
 <clothing>
  <id>
   840758770
  </id>
  <name>
   Fila Blouse S-1029
  </name>
  <category>
   Blouse
  </category>
  <size>
   XL
  </size>
  <color>
   Оранжевый
  </color>
  <material>
   Хлопок
  </material>
  <price>
   765696
  </price>
  <rating>
   2.16
  </rating>
  <reviews>
   650188
  </reviews>
  <new>
   +
  </new>
  <sporty>
   yes
  </sporty>
 </clothing>
 <clothing>
  <id>
   596897430
  </id>
  <name>
   Under Armour Handbags O-6778
  </name>
  <category>
   Handbags
  </category>
  <size>
   M
  </size>
  <color>
   Голубой
  </color>
  <material>
   Лен
  </material>
  <price>
   886888
  </price>
  <rating>
   4.19
  </rating>
  <reviews>
   877473
  </reviews>
  <new>
   +
  </new>
  <exclusive>
   no
  </exclusive>
 </clothing>
 <clothing>
  <id>
   537113020
  </id>
  <name>
   DC Jacket R-4478
  </name>
  <category>
   Jacket
  </category>
  <size>
   L
  </size>
  <color>
   Голубой
  </color>
  <material>
   Вискоза
  </material>
  <price>
   902953
  </price>
  <rating>
   1.75
  </rating>
  <reviews>
   997298
  </reviews>
  <new>
   +
  </new>
 </clothing>
 <clothing>
  <id>
   357535351
  </id>
  <name>
   Lacoste Belts L-4122
  </name>
  <category>
   Belts
  </category>
  <size>
   S
  </size>
  <color>
   Красный
  </color>
  <material>
   Шелк
  </material>
  <price>
   206139
  </price>
  <rating>
   2.59
  </rating>
  <reviews>
   206634
  </reviews>
  <new>
   +
  </new>
  <sporty>
   yes
  </sporty>
 </clothing>
 <clothing>
  <id>
   385110272
  </id>
  <name>
   PleinSport Shoes A-1691
  </name>
  <category>
   Shoes
  </category>
  <size>
   L
  </size>
  <color>
   Зеленый
  </color>
  <material>
   Хлопок
  </material>
  <price>
   180555
  </price>
  <rating>
   3.78
  </rating>
  <reviews>
   280120
  </reviews>
  <exclusive>
   yes
  </exclusive>
  <sporty>
   no
  </sporty>
 </clothing>
 <clothing>
  <id>
   569446064
  </id>
  <name>
   Under Armour Belts A-4646
  </name>
  <category>
   Belts
  </category>
  <size>
   S
  </size>
  <color>
   Синий
  </color>
  <material>
   Лен
  </material>
  <price>
   851740
  </price>
  <rating>
   2.1
  </rating>
  <reviews>
   785967
  </reviews>
  <new>
   -
  </new>
  <exclusive>
   no
  </exclusive>
  <sporty>
   no
  </sporty>
 </clothing>
 <clothing>
  <id>
   669569922
  </id>
  <name>
   Nike Skirt F-8288
  </name>
  <category>
   Skirt
  </category>
  <size>
   S
  </size>
  <color>
   Голубой
  </color>
  <material>
   Хлопок
  </material>
  <price>
   507839
  </price>
  <rating>
   3.45
  </rating>
  <reviews>
   563022
  </reviews>
  <new>
   -
  </new>
  <exclusive>
   yes
  </exclusive>
 </clothing>
 <clothing>
  <id>
   603873555
  </id>
  <name>
   Ellesse Pants I-9340
  </name>
  <category>
   Pants
  </category>
  <size>
   S
  </size>
  <color>
   Красный
  </color>
  <material>
   Вискоза
  </material>
  <price>
   464012
  </price>
  <rating>
   3.29
  </rating>
  <reviews>
   957545
  </reviews>
  <new>
   +
  </new>
  <exclusive>
   yes
  </exclusive>
 </clothing>
</clothing-items>
