<?xml version="1.0" encoding="utf-8"?>
<clothing-items>
 <clothing>
  <id>
   115363451
  </id>
  <name>
   Brooks Pants K-8950
  </name>
  <category>
   Pants
  </category>
  <size>
   S
  </size>
  <color>
   Фиолетовый
  </color>
  <material>
   Нейлон
  </material>
  <price>
   917684
  </price>
  <rating>
   2.81
  </rating>
  <reviews>
   537580
  </reviews>
  <new>
   +
  </new>
  <sporty>
   yes
  </sporty>
 </clothing>
 <clothing>
  <id>
   737186270
  </id>
  <name>
   Puma Shirt Q-2860
  </name>
  <category>
   Shirt
  </category>
  <size>
   XXL
  </size>
  <color>
   Фиолетовый
  </color>
  <material>
   Хлопок
  </material>
  <price>
   127189
  </price>
  <rating>
   4.97
  </rating>
  <reviews>
   691459
  </reviews>
  <new>
   -
  </new>
  <exclusive>
   yes
  </exclusive>
  <sporty>
   yes
  </sporty>
 </clothing>
 <clothing>
  <id>
   793180444
  </id>
  <name>
   Adidas Pants P-1414
  </name>
  <category>
   Pants
  </category>
  <size>
   XXL
  </size>
  <color>
   Голубой
  </color>
  <material>
   Хлопок
  </material>
  <price>
   485668
  </price>
  <rating>
   2.84
  </rating>
  <reviews>
   382013
  </reviews>
  <new>
   -
  </new>
 </clothing>
 <clothing>
  <id>
   926716909
  </id>
  <name>
   Brooks Sweater Z-9324
  </name>
  <category>
   Sweater
  </category>
  <size>
   M
  </size>
  <color>
   Голубой
  </color>
  <material>
   Шелк
  </material>
  <price>
   385784
  </price>
  <rating>
   4.43
  </rating>
  <reviews>
   36912
  </reviews>
  <new>
   +
  </new>
  <exclusive>
   yes
  </exclusive>
 </clothing>
 <clothing>
  <id>
   580740732
  </id>
  <name>
   Vans Hat V-2455
  </name>
  <category>
   Hat
  </category>
  <size>
   XXL
  </size>
  <color>
   Красный
  </color>
  <material>
   Вискоза
  </material>
  <price>
   443037
  </price>
  <rating>
   2.85
  </rating>
  <reviews>
   528390
  </reviews>
  <new>
   +
  </new>
  <sporty>
   yes
  </sporty>
 </clothing>
 <clothing>
  <id>
   443205472
  </id>
  <name>
   Addidas Belts E-2220
  </name>
  <category>
   Belts
  </category>
  <size>
   XL
  </size>
  <color>
   Желтый
  </color>
  <material>
   Полиэстер
  </material>
  <price>
   385845
  </price>
  <rating>
   2.03
  </rating>
  <reviews>
   627634
  </reviews>
  <new>
   -
  </new>
  <sporty>
   yes
  </sporty>
 </clothing>
 <clothing>
  <id>
   195148217
  </id>
  <name>
   PleinSport T-shirt I-4858
  </name>
  <category>
   T-shirt
  </category>
  <size>
   XXL
  </size>
  <color>
   Красный
  </color>
  <material>
   Нейлон
  </material>
  <price>
   521822
  </price>
  <rating>
   2.33
  </rating>
  <reviews>
   596147
  </reviews>
  <new>
   +
  </new>
  <exclusive>
   no
  </exclusive>
  <sporty>
   no
  </sporty>
 </clothing>
 <clothing>
  <id>
   368607542
  </id>
  <name>
   PleinSport Dress Q-2039
  </name>
  <category>
   Dress
  </category>
  <size>
   M
  </size>
  <color>
   Зеленый
  </color>
  <material>
   Полиэстер
  </material>
  <price>
   946157
  </price>
  <rating>
   2.72
  </rating>
  <reviews>
   422416
  </reviews>
  <new>
   -
  </new>
 </clothing>
 <clothing>
  <id>
   244084670
  </id>
  <name>
   Vans Belts E-4935
  </name>
  <category>
   Belts
  </category>
  <size>
   XL
  </size>
  <color>
   Зеленый
  </color>
  <material>
   Полиэстер
  </material>
  <price>
   460332
  </price>
  <rating>
   4.04
  </rating>
  <reviews>
   581945
  </reviews>
  <new>
   +
  </new>
  <exclusive>
   yes
  </exclusive>
  <sporty>
   no
  </sporty>
 </clothing>
 <clothing>
  <id>
   439949081
  </id>
  <name>
   Puma Gloves W-3984
  </name>
  <category>
   Gloves
  </category>
  <size>
   L
  </size>
  <color>
   Синий
  </color>
  <material>
   Лен
  </material>
  <price>
   835468
  </price>
  <rating>
   2.84
  </rating>
  <reviews>
   622748
  </reviews>
  <new>
   +
  </new>
 </clothing>
 <clothing>
  <id>
   637920758
  </id>
  <name>
   Puma Hat A-8321
  </name>
  <category>
   Hat
  </category>
  <size>
   XL
  </size>
  <color>
   Фиолетовый
  </color>
  <material>
   Шерсть
  </material>
  <price>
   106904
  </price>
  <rating>
   4.74
  </rating>
  <reviews>
   572107
  </reviews>
  <new>
   +
  </new>
  <exclusive>
   yes
  </exclusive>
 </clothing>
 <clothing>
  <id>
   357821767
  </id>
  <name>
   Fila Blouse H-6307
  </name>
  <category>
   Blouse
  </category>
  <size>
   M
  </size>
  <color>
   Синий
  </color>
  <material>
   Полиэстер
  </material>
  <price>
   302639
  </price>
  <rating>
   2.83
  </rating>
  <reviews>
   343604
  </reviews>
  <new>
   -
  </new>
  <exclusive>
   yes
  </exclusive>
  <sporty>
   no
  </sporty>
 </clothing>
 <clothing>
  <id>
   555992146
  </id>
  <name>
   New Balance Dress I-6360
  </name>
  <category>
   Dress
  </category>
  <size>
   L
  </size>
  <color>
   Голубой
  </color>
  <material>
   Лен
  </material>
  <price>
   849406
  </price>
  <rating>
   3.08
  </rating>
  <reviews>
   96689
  </reviews>
  <new>
   -
  </new>
 </clothing>
 <clothing>
  <id>
   246898863
  </id>
  <name>
   Adidas Jacket M-1791
  </name>
  <category>
   Jacket
  </category>
  <size>
   XXL
  </size>
  <color>
   Оранжевый
  </color>
  <material>
   Вискоза
  </material>
  <price>
   291805
  </price>
  <rating>
   2.65
  </rating>
  <reviews>
   234744
  </reviews>
  <sporty>
   no
  </sporty>
 </clothing>
 <clothing>
  <id>
   628826684
  </id>
  <name>
   Under Armour Shirt V-9347
  </name>
  <category>
   Shirt
  </category>
  <size>
   L
  </size>
  <color>
   Оранжевый
  </color>
  <material>
   Лен
  </material>
  <price>
   683342
  </price>
  <rating>
   1.2
  </rating>
  <reviews>
   94004
  </reviews>
  <new>
   -
  </new>
  <exclusive>
   no
  </exclusive>
 </clothing>
 <clothing>
  <id>
   389451181
  </id>
  <name>
   Converse Pants R-7785
  </name>
  <category>
   Pants
  </category>
  <size>
   XL
  </size>
  <color>
   Фиолетовый
  </color>
  <material>
   Полиэстер
  </material>
  <price>
   548977
  </price>
  <rating>
   3.93
  </rating>
  <reviews>
   887906
  </reviews>
  <sporty>
   yes
  </sporty>
 </clothing>
 <clothing>
  <id>
   735150448
  </id>
  <name>
   PleinSport Hat D-5234
  </name>
  <category>
   Hat
  </category>
  <size>
   XL
  </size>
  <color>
   Зеленый
  </color>
  <material>
   Лен
  </material>
  <price>
   195150
  </price>
  <rating>
   4.6
  </rating>
  <reviews>
   334801
  </reviews>
  <new>
   +
  </new>
 </clothing>
 <clothing>
  <id>
   900849497
  </id>
  <name>
   Reebok Jacket Q-6390
  </name>
  <category>
   Jacket
  </category>
  <size>
   L
  </size>
  <color>
   Голубой
  </color>
  <material>
   Лен
  </material>
  <price>
   546327
  </price>
  <rating>
   2.19
  </rating>
  <reviews>
   375826
  </reviews>
  <new>
   -
  </new>
  <exclusive>
   no
  </exclusive>
  <sporty>
   yes
  </sporty>
 </clothing>
 <clothing>
  <id>
   946262539
  </id>
  <name>
   Adidas Skirt H-8287
  </name>
  <category>
   Skirt
  </category>
  <size>
   M
  </size>
  <color>
   Голубой
  </color>
  <material>
   Кожа
  </material>
  <price>
   800110
  </price>
  <rating>
   3.4
  </rating>
  <reviews>
   831765
  </reviews>
  <new>
   +
  </new>
  <exclusive>
   no
  </exclusive>
 </clothing>
 <clothing>
  <id>
   139274366
  </id>
  <name>
   Vans Belts V-2241
  </name>
  <category>
   Belts
  </category>
  <size>
   L
  </size>
  <color>
   Оранжевый
  </color>
  <material>
   Полиэстер
  </material>
  <price>
   423300
  </price>
  <rating>
   3.92
  </rating>
  <reviews>
   526665
  </reviews>
  <exclusive>
   no
  </exclusive>
 </clothing>
 <clothing>
  <id>
   152403616
  </id>
  <name>
   New Balance Hat U-3076
  </name>
  <category>
   Hat
  </category>
  <size>
   L
  </size>
  <color>
   Красный
  </color>
  <material>
   Хлопок
  </material>
  <price>
   407175
  </price>
  <rating>
   3.08
  </rating>
  <reviews>
   119340
  </reviews>
  <new>
   -
  </new>
  <sporty>
   no
  </sporty>
 </clothing>
 <clothing>
  <id>
   593066173
  </id>
  <name>
   Fila Socks K-5076
  </name>
  <category>
   Socks
  </category>
  <size>
   L
  </size>
  <color>
   Синий
  </color>
  <material>
   Шерсть
  </material>
  <price>
   589963
  </price>
  <rating>
   2.38
  </rating>
  <reviews>
   757153
  </reviews>
  <exclusive>
   yes
  </exclusive>
  <sporty>
   yes
  </sporty>
 </clothing>
 <clothing>
  <id>
   543765092
  </id>
  <name>
   PleinSport Umbrellas G-9476
  </name>
  <category>
   Umbrellas
  </category>
  <size>
   M
  </size>
  <color>
   Голубой
  </color>
  <material>
   Шерсть
  </material>
  <price>
   473468
  </price>
  <rating>
   4.46
  </rating>
  <reviews>
   960734
  </reviews>
  <new>
   -
  </new>
  <sporty>
   yes
  </sporty>
 </clothing>
 <clothing>
  <id>
   263843702
  </id>
  <name>
   Ellesse Sweater T-7969
  </name>
  <category>
   Sweater
  </category>
  <size>
   S
  </size>
  <color>
   Голубой
  </color>
  <material>
   Шелк
  </material>
  <price>
   559076
  </price>
  <rating>
   1.48
  </rating>
  <reviews>
   161846
  </reviews>
  <new>
   +
  </new>
  <exclusive>
   no
  </exclusive>
  <sporty>
   no
  </sporty>
 </clothing>
 <clothing>
  <id>
   119686533
  </id>
  <name>
   Ellesse Hat J-8882
  </name>
  <category>
   Hat
  </category>
  <size>
   L
  </size>
  <color>
   Красный
  </color>
  <material>
   Шерсть
  </material>
  <price>
   113520
  </price>
  <rating>
   1.79
  </rating>
  <reviews>
   492648
  </reviews>
 </clothing>
 <clothing>
  <id>
   513260410
  </id>
  <name>
   DC Gloves L-9492
  </name>
  <category>
   Gloves
  </category>
  <size>
   M
  </size>
  <color>
   Фиолетовый
  </color>
  <material>
   Шерсть
  </material>
  <price>
   248410
  </price>
  <rating>
   2.27
  </rating>
  <reviews>
   582001
  </reviews>
  <new>
   -
  </new>
  <sporty>
   no
  </sporty>
 </clothing>
 <clothing>
  <id>
   823047044
  </id>
  <name>
   Brooks Jeans Y-4874
  </name>
  <category>
   Jeans
  </category>
  <size>
   S
  </size>
  <color>
   Зеленый
  </color>
  <material>
   Шелк
  </material>
  <price>
   879207
  </price>
  <rating>
   4.76
  </rating>
  <reviews>
   803568
  </reviews>
  <sporty>
   no
  </sporty>
 </clothing>
 <clothing>
  <id>
   794197486
  </id>
  <name>
   New Balance Shoes D-5243
  </name>
  <category>
   Shoes
  </category>
  <size>
   L
  </size>
  <color>
   Синий
  </color>
  <material>
   Кожа
  </material>
  <price>
   328100
  </price>
  <rating>
   1.7
  </rating>
  <reviews>
   715650
  </reviews>
  <exclusive>
   yes
  </exclusive>
 </clothing>
</clothing-items>
