<?xml version="1.0" encoding="utf-8"?>
<clothing-items>
 <clothing>
  <id>
   203643930
  </id>
  <name>
   Ellesse Pants H-4990
  </name>
  <category>
   Pants
  </category>
  <size>
   L
  </size>
  <color>
   Красный
  </color>
  <material>
   Шелк
  </material>
  <price>
   844467
  </price>
  <rating>
   4.9
  </rating>
  <reviews>
   636493
  </reviews>
  <new>
   -
  </new>
  <exclusive>
   no
  </exclusive>
  <sporty>
   no
  </sporty>
 </clothing>
 <clothing>
  <id>
   792771172
  </id>
  <name>
   DC Shirt Q-1323
  </name>
  <category>
   Shirt
  </category>
  <size>
   M
  </size>
  <color>
   Голубой
  </color>
  <material>
   Кожа
  </material>
  <price>
   677794
  </price>
  <rating>
   4.03
  </rating>
  <reviews>
   952382
  </reviews>
  <sporty>
   yes
  </sporty>
 </clothing>
 <clothing>
  <id>
   228177107
  </id>
  <name>
   Nike Skirt I-1598
  </name>
  <category>
   Skirt
  </category>
  <size>
   L
  </size>
  <color>
   Оранжевый
  </color>
  <material>
   Кожа
  </material>
  <price>
   294413
  </price>
  <rating>
   3.29
  </rating>
  <reviews>
   562887
  </reviews>
  <new>
   -
  </new>
  <exclusive>
   no
  </exclusive>
  <sporty>
   no
  </sporty>
 </clothing>
 <clothing>
  <id>
   242657718
  </id>
  <name>
   Nike Dress D-3719
  </name>
  <category>
   Dress
  </category>
  <size>
   S
  </size>
  <color>
   Фиолетовый
  </color>
  <material>
   Шелк
  </material>
  <price>
   276464
  </price>
  <rating>
   1.8
  </rating>
  <reviews>
   958928
  </reviews>
  <new>
   -
  </new>
  <sporty>
   no
  </sporty>
 </clothing>
 <clothing>
  <id>
   368785354
  </id>
  <name>
   Converse Shoes C-4045
  </name>
  <category>
   Shoes
  </category>
  <size>
   XXL
  </size>
  <color>
   Красный
  </color>
  <material>
   Кожа
  </material>
  <price>
   673375
  </price>
  <rating>
   4.06
  </rating>
  <reviews>
   889897
  </reviews>
  <exclusive>
   no
  </exclusive>
  <sporty>
   no
  </sporty>
 </clothing>
 <clothing>
  <id>
   277079335
  </id>
  <name>
   Puma Pants C-1679
  </name>
  <category>
   Pants
  </category>
  <size>
   XL
  </size>
  <color>
   Синий
  </color>
  <material>
   Шерсть
  </material>
  <price>
   456103
  </price>
  <rating>
   1.29
  </rating>
  <reviews>
   222821
  </reviews>
  <new>
   +
  </new>
 </clothing>
 <clothing>
  <id>
   817662233
  </id>
  <name>
   Puma Pants C-7465
  </name>
  <category>
   Pants
  </category>
  <size>
   XL
  </size>
  <color>
   Фиолетовый
  </color>
  <material>
   Нейлон
  </material>
  <price>
   179723
  </price>
  <rating>
   3.31
  </rating>
  <reviews>
   367479
  </reviews>
  <new>
   -
  </new>
  <exclusive>
   no
  </exclusive>
 </clothing>
 <clothing>
  <id>
   688385264
  </id>
  <name>
   DC Hat W-8183
  </name>
  <category>
   Hat
  </category>
  <size>
   M
  </size>
  <color>
   Фиолетовый
  </color>
  <material>
   Нейлон
  </material>
  <price>
   924200
  </price>
  <rating>
   2.36
  </rating>
  <reviews>
   619738
  </reviews>
  <new>
   -
  </new>
  <exclusive>
   no
  </exclusive>
  <sporty>
   no
  </sporty>
 </clothing>
 <clothing>
  <id>
   316180651
  </id>
  <name>
   Lacoste T-shirt O-6190
  </name>
  <category>
   T-shirt
  </category>
  <size>
   L
  </size>
  <color>
   Зеленый
  </color>
  <material>
   Кожа
  </material>
  <price>
   867772
  </price>
  <rating>
   1.54
  </rating>
  <reviews>
   403117
  </reviews>
  <new>
   +
  </new>
  <exclusive>
   no
  </exclusive>
 </clothing>
 <clothing>
  <id>
   346746888
  </id>
  <name>
   Nike Handbags A-6480
  </name>
  <category>
   Handbags
  </category>
  <size>
   XXL
  </size>
  <color>
   Фиолетовый
  </color>
  <material>
   Вискоза
  </material>
  <price>
   685980
  </price>
  <rating>
   2.84
  </rating>
  <reviews>
   876682
  </reviews>
  <sporty>
   no
  </sporty>
 </clothing>
 <clothing>
  <id>
   392696823
  </id>
  <name>
   PleinSport Shirt U-8807
  </name>
  <category>
   Shirt
  </category>
  <size>
   XXL
  </size>
  <color>
   Красный
  </color>
  <material>
   Вискоза
  </material>
  <price>
   819995
  </price>
  <rating>
   4.71
  </rating>
  <reviews>
   498965
  </reviews>
  <new>
   +
  </new>
  <exclusive>
   no
  </exclusive>
  <sporty>
   yes
  </sporty>
 </clothing>
 <clothing>
  <id>
   140531034
  </id>
  <name>
   Ellesse Belts X-4560
  </name>
  <category>
   Belts
  </category>
  <size>
   L
  </size>
  <color>
   Фиолетовый
  </color>
  <material>
   Нейлон
  </material>
  <price>
   938395
  </price>
  <rating>
   3.05
  </rating>
  <reviews>
   139709
  </reviews>
  <new>
   -
  </new>
  <exclusive>
   yes
  </exclusive>
  <sporty>
   no
  </sporty>
 </clothing>
 <clothing>
  <id>
   473293099
  </id>
  <name>
   Lacoste Pants C-8754
  </name>
  <category>
   Pants
  </category>
  <size>
   L
  </size>
  <color>
   Фиолетовый
  </color>
  <material>
   Лен
  </material>
  <price>
   652320
  </price>
  <rating>
   2.15
  </rating>
  <reviews>
   586066
  </reviews>
  <exclusive>
   yes
  </exclusive>
 </clothing>
 <clothing>
  <id>
   246646468
  </id>
  <name>
   Reebok Skirt T-3318
  </name>
  <category>
   Skirt
  </category>
  <size>
   M
  </size>
  <color>
   Синий
  </color>
  <material>
   Вискоза
  </material>
  <price>
   424183
  </price>
  <rating>
   1.16
  </rating>
  <reviews>
   86064
  </reviews>
  <exclusive>
   yes
  </exclusive>
  <sporty>
   no
  </sporty>
 </clothing>
 <clothing>
  <id>
   477674660
  </id>
  <name>
   Fila Hat R-9164
  </name>
  <category>
   Hat
  </category>
  <size>
   M
  </size>
  <color>
   Желтый
  </color>
  <material>
   Нейлон
  </material>
  <price>
   672257
  </price>
  <rating>
   1.9
  </rating>
  <reviews>
   144809
  </reviews>
  <new>
   -
  </new>
  <exclusive>
   no
  </exclusive>
  <sporty>
   yes
  </sporty>
 </clothing>
 <clothing>
  <id>
   518978634
  </id>
  <name>
   Nike Umbrellas X-2900
  </name>
  <category>
   Umbrellas
  </category>
  <size>
   XXL
  </size>
  <color>
   Зеленый
  </color>
  <material>
   Хлопок
  </material>
  <price>
   164433
  </price>
  <rating>
   4.81
  </rating>
  <reviews>
   232704
  </reviews>
  <new>
   -
  </new>
  <exclusive>
   yes
  </exclusive>
 </clothing>
 <clothing>
  <id>
   644158205
  </id>
  <name>
   Nike Shoes J-5867
  </name>
  <category>
   Shoes
  </category>
  <size>
   XL
  </size>
  <color>
   Фиолетовый
  </color>
  <material>
   Вискоза
  </material>
  <price>
   680799
  </price>
  <rating>
   2.2
  </rating>
  <reviews>
   533341
  </reviews>
 </clothing>
 <clothing>
  <id>
   145118869
  </id>
  <name>
   Lacoste Handbags U-9836
  </name>
  <category>
   Handbags
  </category>
  <size>
   XL
  </size>
  <color>
   Оранжевый
  </color>
  <material>
   Нейлон
  </material>
  <price>
   754456
  </price>
  <rating>
   2.24
  </rating>
  <reviews>
   798861
  </reviews>
  <new>
   -
  </new>
  <exclusive>
   no
  </exclusive>
  <sporty>
   yes
  </sporty>
 </clothing>
 <clothing>
  <id>
   537055438
  </id>
  <name>
   DC Shirt N-1891
  </name>
  <category>
   Shirt
  </category>
  <size>
   S
  </size>
  <color>
   Фиолетовый
  </color>
  <material>
   Вискоза
  </material>
  <price>
   893825
  </price>
  <rating>
   2.91
  </rating>
  <reviews>
   796148
  </reviews>
  <new>
   -
  </new>
  <exclusive>
   no
  </exclusive>
 </clothing>
 <clothing>
  <id>
   622807311
  </id>
  <name>
   Brooks Pants P-6847
  </name>
  <category>
   Pants
  </category>
  <size>
   XL
  </size>
  <color>
   Оранжевый
  </color>
  <material>
   Шелк
  </material>
  <price>
   379169
  </price>
  <rating>
   3.87
  </rating>
  <reviews>
   260273
  </reviews>
  <sporty>
   no
  </sporty>
 </clothing>
 <clothing>
  <id>
   552364343
  </id>
  <name>
   Adidas Umbrellas P-9694
  </name>
  <category>
   Umbrellas
  </category>
  <size>
   S
  </size>
  <color>
   Оранжевый
  </color>
  <material>
   Полиэстер
  </material>
  <price>
   600403
  </price>
  <rating>
   3.34
  </rating>
  <reviews>
   778541
  </reviews>
  <exclusive>
   no
  </exclusive>
 </clothing>
 <clothing>
  <id>
   377777062
  </id>
  <name>
   Adidas Jeans K-2733
  </name>
  <category>
   Jeans
  </category>
  <size>
   L
  </size>
  <color>
   Зеленый
  </color>
  <material>
   Лен
  </material>
  <price>
   366392
  </price>
  <rating>
   3.27
  </rating>
  <reviews>
   344680
  </reviews>
  <new>
   -
  </new>
  <sporty>
   no
  </sporty>
 </clothing>
 <clothing>
  <id>
   726453447
  </id>
  <name>
   Reebok Gloves Y-9871
  </name>
  <category>
   Gloves
  </category>
  <size>
   XL
  </size>
  <color>
   Красный
  </color>
  <material>
   Шелк
  </material>
  <price>
   204226
  </price>
  <rating>
   4.99
  </rating>
  <reviews>
   365533
  </reviews>
  <new>
   -
  </new>
  <exclusive>
   no
  </exclusive>
  <sporty>
   no
  </sporty>
 </clothing>
 <clothing>
  <id>
   537592339
  </id>
  <name>
   Nike Sweater B-2479
  </name>
  <category>
   Sweater
  </category>
  <size>
   XL
  </size>
  <color>
   Оранжевый
  </color>
  <material>
   Шелк
  </material>
  <price>
   452529
  </price>
  <rating>
   4.18
  </rating>
  <reviews>
   687264
  </reviews>
  <new>
   -
  </new>
 </clothing>
 <clothing>
  <id>
   863229519
  </id>
  <name>
   Adidas Shirt Q-6593
  </name>
  <category>
   Shirt
  </category>
  <size>
   M
  </size>
  <color>
   Желтый
  </color>
  <material>
   Вискоза
  </material>
  <price>
   870759
  </price>
  <rating>
   1.87
  </rating>
  <reviews>
   585136
  </reviews>
  <sporty>
   yes
  </sporty>
 </clothing>
 <clothing>
  <id>
   684557764
  </id>
  <name>
   Nike T-shirt J-3781
  </name>
  <category>
   T-shirt
  </category>
  <size>
   L
  </size>
  <color>
   Фиолетовый
  </color>
  <material>
   Шелк
  </material>
  <price>
   225752
  </price>
  <rating>
   4.11
  </rating>
  <reviews>
   440821
  </reviews>
  <sporty>
   yes
  </sporty>
 </clothing>
 <clothing>
  <id>
   313032994
  </id>
  <name>
   Under Armour Hat D-5308
  </name>
  <category>
   Hat
  </category>
  <size>
   L
  </size>
  <color>
   Красный
  </color>
  <material>
   Шерсть
  </material>
  <price>
   546680
  </price>
  <rating>
   4.62
  </rating>
  <reviews>
   648648
  </reviews>
  <sporty>
   yes
  </sporty>
 </clothing>
 <clothing>
  <id>
   353018274
  </id>
  <name>
   Asics Dress R-4340
  </name>
  <category>
   Dress
  </category>
  <size>
   XL
  </size>
  <color>
   Желтый
  </color>
  <material>
   Нейлон
  </material>
  <price>
   375329
  </price>
  <rating>
   3.42
  </rating>
  <reviews>
   688641
  </reviews>
  <exclusive>
   no
  </exclusive>
  <sporty>
   no
  </sporty>
 </clothing>
 <clothing>
  <id>
   738380105
  </id>
  <name>
   New Balance Gloves A-3781
  </name>
  <category>
   Gloves
  </category>
  <size>
   XL
  </size>
  <color>
   Фиолетовый
  </color>
  <material>
   Нейлон
  </material>
  <price>
   815884
  </price>
  <rating>
   4.69
  </rating>
  <reviews>
   513519
  </reviews>
  <new>
   -
  </new>
 </clothing>
 <clothing>
  <id>
   425981470
  </id>
  <name>
   Puma Belts D-2036
  </name>
  <category>
   Belts
  </category>
  <size>
   L
  </size>
  <color>
   Фиолетовый
  </color>
  <material>
   Нейлон
  </material>
  <price>
   648889
  </price>
  <rating>
   1.2
  </rating>
  <reviews>
   290176
  </reviews>
  <new>
   +
  </new>
 </clothing>
 <clothing>
  <id>
   731206461
  </id>
  <name>
   Brooks Umbrellas F-5377
  </name>
  <category>
   Umbrellas
  </category>
  <size>
   L
  </size>
  <color>
   Синий
  </color>
  <material>
   Полиэстер
  </material>
  <price>
   954267
  </price>
  <rating>
   2.57
  </rating>
  <reviews>
   51634
  </reviews>
  <new>
   +
  </new>
 </clothing>
 <clothing>
  <id>
   366227095
  </id>
  <name>
   Lacoste Dress L-5001
  </name>
  <category>
   Dress
  </category>
  <size>
   L
  </size>
  <color>
   Красный
  </color>
  <material>
   Шерсть
  </material>
  <price>
   306260
  </price>
  <rating>
   1.99
  </rating>
  <reviews>
   180589
  </reviews>
  <exclusive>
   yes
  </exclusive>
 </clothing>
 <clothing>
  <id>
   277840130
  </id>
  <name>
   Adidas Shoes J-6100
  </name>
  <category>
   Shoes
  </category>
  <size>
   S
  </size>
  <color>
   Синий
  </color>
  <material>
   Полиэстер
  </material>
  <price>
   573908
  </price>
  <rating>
   1.31
  </rating>
  <reviews>
   546833
  </reviews>
  <sporty>
   yes
  </sporty>
 </clothing>
 <clothing>
  <id>
   148878853
  </id>
  <name>
   Vans Jacket O-7132
  </name>
  <category>
   Jacket
  </category>
  <size>
   L
  </size>
  <color>
   Красный
  </color>
  <material>
   Хлопок
  </material>
  <price>
   847729
  </price>
  <rating>
   3.94
  </rating>
  <reviews>
   756694
  </reviews>
  <new>
   +
  </new>
  <sporty>
   yes
  </sporty>
 </clothing>
 <clothing>
  <id>
   459547381
  </id>
  <name>
   Asics Shirt V-7832
  </name>
  <category>
   Shirt
  </category>
  <size>
   XL
  </size>
  <color>
   Синий
  </color>
  <material>
   Кожа
  </material>
  <price>
   531468
  </price>
  <rating>
   2.95
  </rating>
  <reviews>
   676170
  </reviews>
  <new>
   -
  </new>
  <sporty>
   no
  </sporty>
 </clothing>
 <clothing>
  <id>
   749586405
  </id>
  <name>
   Under Armour Sweater F-2135
  </name>
  <category>
   Sweater
  </category>
  <size>
   S
  </size>
  <color>
   Зеленый
  </color>
  <material>
   Шелк
  </material>
  <price>
   574755
  </price>
  <rating>
   2.96
  </rating>
  <reviews>
   210558
  </reviews>
  <new>
   -
  </new>
  <exclusive>
   yes
  </exclusive>
 </clothing>
 <clothing>
  <id>
   500051776
  </id>
  <name>
   New Balance Umbrellas U-4640
  </name>
  <category>
   Umbrellas
  </category>
  <size>
   L
  </size>
  <color>
   Оранжевый
  </color>
  <material>
   Лен
  </material>
  <price>
   809688
  </price>
  <rating>
   4.92
  </rating>
  <reviews>
   17370
  </reviews>
  <new>
   -
  </new>
  <sporty>
   yes
  </sporty>
 </clothing>
 <clothing>
  <id>
   898372840
  </id>
  <name>
   Brooks Gloves M-6507
  </name>
  <category>
   Gloves
  </category>
  <size>
   XL
  </size>
  <color>
   Синий
  </color>
  <material>
   Хлопок
  </material>
  <price>
   544206
  </price>
  <rating>
   1.56
  </rating>
  <reviews>
   876207
  </reviews>
 </clothing>
 <clothing>
  <id>
   424611659
  </id>
  <name>
   Under Armour Dress E-6720
  </name>
  <category>
   Dress
  </category>
  <size>
   XL
  </size>
  <color>
   Голубой
  </color>
  <material>
   Шерсть
  </material>
  <price>
   137816
  </price>
  <rating>
   2.94
  </rating>
  <reviews>
   571231
  </reviews>
  <exclusive>
   yes
  </exclusive>
 </clothing>
 <clothing>
  <id>
   589135739
  </id>
  <name>
   Lacoste Sweater H-4823
  </name>
  <category>
   Sweater
  </category>
  <size>
   XL
  </size>
  <color>
   Фиолетовый
  </color>
  <material>
   Нейлон
  </material>
  <price>
   684301
  </price>
  <rating>
   1.74
  </rating>
  <reviews>
   590913
  </reviews>
  <new>
   -
  </new>
 </clothing>
 <clothing>
  <id>
   662272482
  </id>
  <name>
   Reebok Gloves Q-6186
  </name>
  <category>
   Gloves
  </category>
  <size>
   XXL
  </size>
  <color>
   Оранжевый
  </color>
  <material>
   Хлопок
  </material>
  <price>
   561189
  </price>
  <rating>
   3.82
  </rating>
  <reviews>
   748630
  </reviews>
 </clothing>
 <clothing>
  <id>
   370475310
  </id>
  <name>
   DC Dress T-4858
  </name>
  <category>
   Dress
  </category>
  <size>
   XXL
  </size>
  <color>
   Оранжевый
  </color>
  <material>
   Шелк
  </material>
  <price>
   720959
  </price>
  <rating>
   4.74
  </rating>
  <reviews>
   832952
  </reviews>
  <exclusive>
   yes
  </exclusive>
  <sporty>
   yes
  </sporty>
 </clothing>
 <clothing>
  <id>
   359989137
  </id>
  <name>
   Adidas Shoes E-3522
  </name>
  <category>
   Shoes
  </category>
  <size>
   S
  </size>
  <color>
   Синий
  </color>
  <material>
   Шерсть
  </material>
  <price>
   399948
  </price>
  <rating>
   3.86
  </rating>
  <reviews>
   227097
  </reviews>
  <exclusive>
   no
  </exclusive>
  <sporty>
   yes
  </sporty>
 </clothing>
 <clothing>
  <id>
   272402379
  </id>
  <name>
   PleinSport Jeans H-3414
  </name>
  <category>
   Jeans
  </category>
  <size>
   XL
  </size>
  <color>
   Красный
  </color>
  <material>
   Шелк
  </material>
  <price>
   112017
  </price>
  <rating>
   3.98
  </rating>
  <reviews>
   184604
  </reviews>
 </clothing>
 <clothing>
  <id>
   764975510
  </id>
  <name>
   Puma Shirt X-5652
  </name>
  <category>
   Shirt
  </category>
  <size>
   XL
  </size>
  <color>
   Фиолетовый
  </color>
  <material>
   Полиэстер
  </material>
  <price>
   923206
  </price>
  <rating>
   2.69
  </rating>
  <reviews>
   683568
  </reviews>
 </clothing>
</clothing-items>
