<?xml version="1.0" encoding="utf-8"?>
<clothing-items>
 <clothing>
  <id>
   329747236
  </id>
  <name>
   Brooks T-shirt R-2034
  </name>
  <category>
   T-shirt
  </category>
  <size>
   L
  </size>
  <color>
   Фиолетовый
  </color>
  <material>
   Хлопок
  </material>
  <price>
   459529
  </price>
  <rating>
   2.58
  </rating>
  <reviews>
   536723
  </reviews>
  <new>
   +
  </new>
  <exclusive>
   no
  </exclusive>
 </clothing>
 <clothing>
  <id>
   629497446
  </id>
  <name>
   Brooks Gloves X-7698
  </name>
  <category>
   Gloves
  </category>
  <size>
   L
  </size>
  <color>
   Фиолетовый
  </color>
  <material>
   Кожа
  </material>
  <price>
   716998
  </price>
  <rating>
   4.07
  </rating>
  <reviews>
   85630
  </reviews>
  <exclusive>
   no
  </exclusive>
  <sporty>
   yes
  </sporty>
 </clothing>
 <clothing>
  <id>
   453177992
  </id>
  <name>
   Converse Jeans K-4873
  </name>
  <category>
   Jeans
  </category>
  <size>
   XL
  </size>
  <color>
   Зеленый
  </color>
  <material>
   Полиэстер
  </material>
  <price>
   818380
  </price>
  <rating>
   3.35
  </rating>
  <reviews>
   478885
  </reviews>
  <new>
   -
  </new>
  <exclusive>
   no
  </exclusive>
 </clothing>
 <clothing>
  <id>
   608161590
  </id>
  <name>
   PleinSport Sweater Y-4761
  </name>
  <category>
   Sweater
  </category>
  <size>
   L
  </size>
  <color>
   Оранжевый
  </color>
  <material>
   Кожа
  </material>
  <price>
   676039
  </price>
  <rating>
   1.7
  </rating>
  <reviews>
   998335
  </reviews>
  <sporty>
   no
  </sporty>
 </clothing>
 <clothing>
  <id>
   667877677
  </id>
  <name>
   DC Jeans N-9802
  </name>
  <category>
   Jeans
  </category>
  <size>
   M
  </size>
  <color>
   Голубой
  </color>
  <material>
   Хлопок
  </material>
  <price>
   131033
  </price>
  <rating>
   1.27
  </rating>
  <reviews>
   131044
  </reviews>
  <new>
   +
  </new>
  <exclusive>
   no
  </exclusive>
  <sporty>
   yes
  </sporty>
 </clothing>
 <clothing>
  <id>
   434884841
  </id>
  <name>
   Nike Skirt U-1695
  </name>
  <category>
   Skirt
  </category>
  <size>
   XXL
  </size>
  <color>
   Красный
  </color>
  <material>
   Лен
  </material>
  <price>
   865702
  </price>
  <rating>
   1.7
  </rating>
  <reviews>
   755625
  </reviews>
 </clothing>
 <clothing>
  <id>
   494917548
  </id>
  <name>
   Asics Jeans B-6386
  </name>
  <category>
   Jeans
  </category>
  <size>
   XXL
  </size>
  <color>
   Оранжевый
  </color>
  <material>
   Шерсть
  </material>
  <price>
   923654
  </price>
  <rating>
   3.89
  </rating>
  <reviews>
   848857
  </reviews>
  <exclusive>
   no
  </exclusive>
 </clothing>
 <clothing>
  <id>
   702124093
  </id>
  <name>
   Lacoste Pants G-2690
  </name>
  <category>
   Pants
  </category>
  <size>
   XXL
  </size>
  <color>
   Красный
  </color>
  <material>
   Шелк
  </material>
  <price>
   107659
  </price>
  <rating>
   1.7
  </rating>
  <reviews>
   616935
  </reviews>
  <exclusive>
   yes
  </exclusive>
  <sporty>
   no
  </sporty>
 </clothing>
 <clothing>
  <id>
   490912573
  </id>
  <name>
   Adidas Shirt S-3413
  </name>
  <category>
   Shirt
  </category>
  <size>
   L
  </size>
  <color>
   Фиолетовый
  </color>
  <material>
   Шелк
  </material>
  <price>
   912903
  </price>
  <rating>
   4.16
  </rating>
  <reviews>
   15330
  </reviews>
  <new>
   +
  </new>
  <exclusive>
   no
  </exclusive>
 </clothing>
 <clothing>
  <id>
   112284424
  </id>
  <name>
   Puma T-shirt W-3784
  </name>
  <category>
   T-shirt
  </category>
  <size>
   L
  </size>
  <color>
   Фиолетовый
  </color>
  <material>
   Нейлон
  </material>
  <price>
   203282
  </price>
  <rating>
   3.58
  </rating>
  <reviews>
   350787
  </reviews>
  <new>
   -
  </new>
  <exclusive>
   yes
  </exclusive>
 </clothing>
 <clothing>
  <id>
   583823678
  </id>
  <name>
   Brooks Blouse I-5728
  </name>
  <category>
   Blouse
  </category>
  <size>
   M
  </size>
  <color>
   Голубой
  </color>
  <material>
   Хлопок
  </material>
  <price>
   197000
  </price>
  <rating>
   3.65
  </rating>
  <reviews>
   239636
  </reviews>
  <new>
   -
  </new>
  <exclusive>
   no
  </exclusive>
 </clothing>
 <clothing>
  <id>
   684739428
  </id>
  <name>
   PleinSport Blouse I-4322
  </name>
  <category>
   Blouse
  </category>
  <size>
   L
  </size>
  <color>
   Красный
  </color>
  <material>
   Шерсть
  </material>
  <price>
   708346
  </price>
  <rating>
   2.64
  </rating>
  <reviews>
   506425
  </reviews>
  <new>
   +
  </new>
  <exclusive>
   no
  </exclusive>
  <sporty>
   no
  </sporty>
 </clothing>
 <clothing>
  <id>
   772922115
  </id>
  <name>
   Asics Pants C-7084
  </name>
  <category>
   Pants
  </category>
  <size>
   XL
  </size>
  <color>
   Фиолетовый
  </color>
  <material>
   Кожа
  </material>
  <price>
   317091
  </price>
  <rating>
   2.83
  </rating>
  <reviews>
   865078
  </reviews>
  <new>
   -
  </new>
  <exclusive>
   no
  </exclusive>
  <sporty>
   no
  </sporty>
 </clothing>
 <clothing>
  <id>
   255084862
  </id>
  <name>
   Reebok Gloves B-3033
  </name>
  <category>
   Gloves
  </category>
  <size>
   XL
  </size>
  <color>
   Синий
  </color>
  <material>
   Вискоза
  </material>
  <price>
   555914
  </price>
  <rating>
   2.21
  </rating>
  <reviews>
   584731
  </reviews>
  <new>
   -
  </new>
 </clothing>
 <clothing>
  <id>
   265381044
  </id>
  <name>
   Puma Shoes O-7944
  </name>
  <category>
   Shoes
  </category>
  <size>
   L
  </size>
  <color>
   Голубой
  </color>
  <material>
   Вискоза
  </material>
  <price>
   373336
  </price>
  <rating>
   3.12
  </rating>
  <reviews>
   270823
  </reviews>
  <exclusive>
   no
  </exclusive>
 </clothing>
 <clothing>
  <id>
   126008795
  </id>
  <name>
   Brooks Socks D-8260
  </name>
  <category>
   Socks
  </category>
  <size>
   XXL
  </size>
  <color>
   Зеленый
  </color>
  <material>
   Вискоза
  </material>
  <price>
   384083
  </price>
  <rating>
   4.28
  </rating>
  <reviews>
   922897
  </reviews>
  <new>
   -
  </new>
  <sporty>
   yes
  </sporty>
 </clothing>
 <clothing>
  <id>
   451715497
  </id>
  <name>
   Vans Sweater S-3643
  </name>
  <category>
   Sweater
  </category>
  <size>
   M
  </size>
  <color>
   Голубой
  </color>
  <material>
   Вискоза
  </material>
  <price>
   338324
  </price>
  <rating>
   1.44
  </rating>
  <reviews>
   963466
  </reviews>
  <new>
   -
  </new>
 </clothing>
 <clothing>
  <id>
   883032398
  </id>
  <name>
   Asics Sweater A-4975
  </name>
  <category>
   Sweater
  </category>
  <size>
   XL
  </size>
  <color>
   Голубой
  </color>
  <material>
   Кожа
  </material>
  <price>
   917959
  </price>
  <rating>
   3.52
  </rating>
  <reviews>
   709545
  </reviews>
  <new>
   +
  </new>
  <exclusive>
   no
  </exclusive>
  <sporty>
   yes
  </sporty>
 </clothing>
 <clothing>
  <id>
   308437029
  </id>
  <name>
   Ellesse Blouse D-6749
  </name>
  <category>
   Blouse
  </category>
  <size>
   XXL
  </size>
  <color>
   Оранжевый
  </color>
  <material>
   Шерсть
  </material>
  <price>
   597290
  </price>
  <rating>
   2.44
  </rating>
  <reviews>
   555110
  </reviews>
  <exclusive>
   no
  </exclusive>
  <sporty>
   no
  </sporty>
 </clothing>
 <clothing>
  <id>
   195659890
  </id>
  <name>
   Asics Socks N-7716
  </name>
  <category>
   Socks
  </category>
  <size>
   L
  </size>
  <color>
   Зеленый
  </color>
  <material>
   Лен
  </material>
  <price>
   103322
  </price>
  <rating>
   3.3
  </rating>
  <reviews>
   421880
  </reviews>
  <new>
   -
  </new>
  <sporty>
   no
  </sporty>
 </clothing>
 <clothing>
  <id>
   783860177
  </id>
  <name>
   Nike Hat Z-8120
  </name>
  <category>
   Hat
  </category>
  <size>
   L
  </size>
  <color>
   Желтый
  </color>
  <material>
   Хлопок
  </material>
  <price>
   965570
  </price>
  <rating>
   3.64
  </rating>
  <reviews>
   992052
  </reviews>
  <new>
   -
  </new>
  <exclusive>
   no
  </exclusive>
 </clothing>
 <clothing>
  <id>
   552436660
  </id>
  <name>
   Adidas Handbags U-5356
  </name>
  <category>
   Handbags
  </category>
  <size>
   L
  </size>
  <color>
   Оранжевый
  </color>
  <material>
   Хлопок
  </material>
  <price>
   222518
  </price>
  <rating>
   3.05
  </rating>
  <reviews>
   541094
  </reviews>
  <new>
   -
  </new>
  <exclusive>
   no
  </exclusive>
  <sporty>
   no
  </sporty>
 </clothing>
 <clothing>
  <id>
   583978539
  </id>
  <name>
   Adidas Dress Y-8075
  </name>
  <category>
   Dress
  </category>
  <size>
   M
  </size>
  <color>
   Желтый
  </color>
  <material>
   Лен
  </material>
  <price>
   182248
  </price>
  <rating>
   2.96
  </rating>
  <reviews>
   591312
  </reviews>
  <exclusive>
   yes
  </exclusive>
  <sporty>
   no
  </sporty>
 </clothing>
 <clothing>
  <id>
   241919305
  </id>
  <name>
   Under Armour Umbrellas B-7636
  </name>
  <category>
   Umbrellas
  </category>
  <size>
   XL
  </size>
  <color>
   Синий
  </color>
  <material>
   Шелк
  </material>
  <price>
   332639
  </price>
  <rating>
   3.95
  </rating>
  <reviews>
   819770
  </reviews>
  <new>
   -
  </new>
  <exclusive>
   yes
  </exclusive>
 </clothing>
 <clothing>
  <id>
   969654406
  </id>
  <name>
   Converse Jacket K-5971
  </name>
  <category>
   Jacket
  </category>
  <size>
   XL
  </size>
  <color>
   Желтый
  </color>
  <material>
   Хлопок
  </material>
  <price>
   767022
  </price>
  <rating>
   1.59
  </rating>
  <reviews>
   695746
  </reviews>
  <sporty>
   yes
  </sporty>
 </clothing>
 <clothing>
  <id>
   817153696
  </id>
  <name>
   Addidas Shirt P-7661
  </name>
  <category>
   Shirt
  </category>
  <size>
   XL
  </size>
  <color>
   Желтый
  </color>
  <material>
   Полиэстер
  </material>
  <price>
   713587
  </price>
  <rating>
   2.3
  </rating>
  <reviews>
   417780
  </reviews>
  <new>
   -
  </new>
 </clothing>
 <clothing>
  <id>
   338227124
  </id>
  <name>
   Nike Dress S-9840
  </name>
  <category>
   Dress
  </category>
  <size>
   XL
  </size>
  <color>
   Оранжевый
  </color>
  <material>
   Шерсть
  </material>
  <price>
   985707
  </price>
  <rating>
   4.93
  </rating>
  <reviews>
   553221
  </reviews>
  <exclusive>
   no
  </exclusive>
 </clothing>
 <clothing>
  <id>
   651608875
  </id>
  <name>
   DC Pants D-5277
  </name>
  <category>
   Pants
  </category>
  <size>
   XL
  </size>
  <color>
   Оранжевый
  </color>
  <material>
   Хлопок
  </material>
  <price>
   204526
  </price>
  <rating>
   2.07
  </rating>
  <reviews>
   274618
  </reviews>
  <exclusive>
   yes
  </exclusive>
 </clothing>
 <clothing>
  <id>
   261048511
  </id>
  <name>
   Reebok Belts H-1844
  </name>
  <category>
   Belts
  </category>
  <size>
   XXL
  </size>
  <color>
   Фиолетовый
  </color>
  <material>
   Нейлон
  </material>
  <price>
   305984
  </price>
  <rating>
   1.95
  </rating>
  <reviews>
   662964
  </reviews>
 </clothing>
 <clothing>
  <id>
   142115169
  </id>
  <name>
   PleinSport Skirt U-1409
  </name>
  <category>
   Skirt
  </category>
  <size>
   S
  </size>
  <color>
   Желтый
  </color>
  <material>
   Лен
  </material>
  <price>
   741578
  </price>
  <rating>
   2.99
  </rating>
  <reviews>
   135339
  </reviews>
  <new>
   +
  </new>
  <exclusive>
   yes
  </exclusive>
 </clothing>
</clothing-items>
