<?xml version="1.0" encoding="utf-8"?>
<clothing-items>
 <clothing>
  <id>
   248059231
  </id>
  <name>
   New Balance T-shirt Q-5591
  </name>
  <category>
   T-shirt
  </category>
  <size>
   XXL
  </size>
  <color>
   Красный
  </color>
  <material>
   Шелк
  </material>
  <price>
   402075
  </price>
  <rating>
   1.13
  </rating>
  <reviews>
   591726
  </reviews>
  <exclusive>
   no
  </exclusive>
  <sporty>
   yes
  </sporty>
 </clothing>
 <clothing>
  <id>
   733161183
  </id>
  <name>
   Nike Skirt V-6042
  </name>
  <category>
   Skirt
  </category>
  <size>
   L
  </size>
  <color>
   Красный
  </color>
  <material>
   Хлопок
  </material>
  <price>
   416738
  </price>
  <rating>
   1.31
  </rating>
  <reviews>
   227555
  </reviews>
  <sporty>
   no
  </sporty>
 </clothing>
 <clothing>
  <id>
   410572366
  </id>
  <name>
   Adidas Dress M-7130
  </name>
  <category>
   Dress
  </category>
  <size>
   M
  </size>
  <color>
   Фиолетовый
  </color>
  <material>
   Кожа
  </material>
  <price>
   526390
  </price>
  <rating>
   2.02
  </rating>
  <reviews>
   967413
  </reviews>
  <exclusive>
   no
  </exclusive>
 </clothing>
 <clothing>
  <id>
   161724520
  </id>
  <name>
   Under Armour Gloves U-5294
  </name>
  <category>
   Gloves
  </category>
  <size>
   S
  </size>
  <color>
   Красный
  </color>
  <material>
   Лен
  </material>
  <price>
   609226
  </price>
  <rating>
   4.73
  </rating>
  <reviews>
   700230
  </reviews>
  <sporty>
   no
  </sporty>
 </clothing>
 <clothing>
  <id>
   216917991
  </id>
  <name>
   Puma Jeans Q-1889
  </name>
  <category>
   Jeans
  </category>
  <size>
   L
  </size>
  <color>
   Красный
  </color>
  <material>
   Шелк
  </material>
  <price>
   668394
  </price>
  <rating>
   1.95
  </rating>
  <reviews>
   112223
  </reviews>
  <new>
   +
  </new>
  <exclusive>
   yes
  </exclusive>
 </clothing>
 <clothing>
  <id>
   486007838
  </id>
  <name>
   PleinSport Blouse F-2395
  </name>
  <category>
   Blouse
  </category>
  <size>
   S
  </size>
  <color>
   Оранжевый
  </color>
  <material>
   Нейлон
  </material>
  <price>
   205428
  </price>
  <rating>
   3.78
  </rating>
  <reviews>
   427859
  </reviews>
  <new>
   -
  </new>
  <exclusive>
   no
  </exclusive>
  <sporty>
   yes
  </sporty>
 </clothing>
 <clothing>
  <id>
   574091502
  </id>
  <name>
   DC Hat D-3788
  </name>
  <category>
   Hat
  </category>
  <size>
   XL
  </size>
  <color>
   Фиолетовый
  </color>
  <material>
   Лен
  </material>
  <price>
   451457
  </price>
  <rating>
   3.84
  </rating>
  <reviews>
   128497
  </reviews>
  <new>
   -
  </new>
  <exclusive>
   no
  </exclusive>
 </clothing>
 <clothing>
  <id>
   526440484
  </id>
  <name>
   Vans Gloves V-3474
  </name>
  <category>
   Gloves
  </category>
  <size>
   XL
  </size>
  <color>
   Синий
  </color>
  <material>
   Лен
  </material>
  <price>
   843735
  </price>
  <rating>
   1.14
  </rating>
  <reviews>
   937230
  </reviews>
  <sporty>
   no
  </sporty>
 </clothing>
 <clothing>
  <id>
   859036171
  </id>
  <name>
   PleinSport Blouse A-9093
  </name>
  <category>
   Blouse
  </category>
  <size>
   XL
  </size>
  <color>
   Желтый
  </color>
  <material>
   Шелк
  </material>
  <price>
   173337
  </price>
  <rating>
   4.63
  </rating>
  <reviews>
   459110
  </reviews>
  <sporty>
   no
  </sporty>
 </clothing>
 <clothing>
  <id>
   346189409
  </id>
  <name>
   Ellesse Blouse Q-8949
  </name>
  <category>
   Blouse
  </category>
  <size>
   M
  </size>
  <color>
   Голубой
  </color>
  <material>
   Шерсть
  </material>
  <price>
   827875
  </price>
  <rating>
   4.69
  </rating>
  <reviews>
   603785
  </reviews>
  <exclusive>
   yes
  </exclusive>
  <sporty>
   yes
  </sporty>
 </clothing>
 <clothing>
  <id>
   539178435
  </id>
  <name>
   Under Armour Jacket M-6121
  </name>
  <category>
   Jacket
  </category>
  <size>
   M
  </size>
  <color>
   Голубой
  </color>
  <material>
   Шерсть
  </material>
  <price>
   283518
  </price>
  <rating>
   2.8
  </rating>
  <reviews>
   838900
  </reviews>
  <new>
   -
  </new>
  <exclusive>
   no
  </exclusive>
 </clothing>
 <clothing>
  <id>
   704360238
  </id>
  <name>
   DC Shoes Q-7727
  </name>
  <category>
   Shoes
  </category>
  <size>
   M
  </size>
  <color>
   Фиолетовый
  </color>
  <material>
   Полиэстер
  </material>
  <price>
   420570
  </price>
  <rating>
   1.45
  </rating>
  <reviews>
   425041
  </reviews>
  <sporty>
   no
  </sporty>
 </clothing>
 <clothing>
  <id>
   811284126
  </id>
  <name>
   Brooks Shirt F-2306
  </name>
  <category>
   Shirt
  </category>
  <size>
   XL
  </size>
  <color>
   Зеленый
  </color>
  <material>
   Лен
  </material>
  <price>
   147440
  </price>
  <rating>
   3.85
  </rating>
  <reviews>
   568528
  </reviews>
  <new>
   +
  </new>
  <sporty>
   yes
  </sporty>
 </clothing>
 <clothing>
  <id>
   496188616
  </id>
  <name>
   Reebok Jeans T-5083
  </name>
  <category>
   Jeans
  </category>
  <size>
   XL
  </size>
  <color>
   Фиолетовый
  </color>
  <material>
   Лен
  </material>
  <price>
   924813
  </price>
  <rating>
   2.47
  </rating>
  <reviews>
   745393
  </reviews>
 </clothing>
 <clothing>
  <id>
   893677532
  </id>
  <name>
   Nike Umbrellas O-7707
  </name>
  <category>
   Umbrellas
  </category>
  <size>
   XL
  </size>
  <color>
   Зеленый
  </color>
  <material>
   Шерсть
  </material>
  <price>
   767893
  </price>
  <rating>
   3.84
  </rating>
  <reviews>
   272540
  </reviews>
  <new>
   -
  </new>
  <sporty>
   no
  </sporty>
 </clothing>
 <clothing>
  <id>
   555323680
  </id>
  <name>
   Vans Belts M-1232
  </name>
  <category>
   Belts
  </category>
  <size>
   L
  </size>
  <color>
   Красный
  </color>
  <material>
   Нейлон
  </material>
  <price>
   625010
  </price>
  <rating>
   4.31
  </rating>
  <reviews>
   408912
  </reviews>
  <exclusive>
   no
  </exclusive>
  <sporty>
   yes
  </sporty>
 </clothing>
</clothing-items>
