<?xml version="1.0" encoding="utf-8"?>
<clothing-items>
 <clothing>
  <id>
   520787721
  </id>
  <name>
   New Balance Shirt Y-4782
  </name>
  <category>
   Shirt
  </category>
  <size>
   S
  </size>
  <color>
   Синий
  </color>
  <material>
   Полиэстер
  </material>
  <price>
   990465
  </price>
  <rating>
   4.55
  </rating>
  <reviews>
   29980
  </reviews>
  <exclusive>
   no
  </exclusive>
 </clothing>
 <clothing>
  <id>
   779665371
  </id>
  <name>
   Fila Jacket X-9850
  </name>
  <category>
   Jacket
  </category>
  <size>
   XL
  </size>
  <color>
   Фиолетовый
  </color>
  <material>
   Шерсть
  </material>
  <price>
   456519
  </price>
  <rating>
   1.39
  </rating>
  <reviews>
   802471
  </reviews>
  <new>
   +
  </new>
  <exclusive>
   yes
  </exclusive>
  <sporty>
   yes
  </sporty>
 </clothing>
 <clothing>
  <id>
   745815638
  </id>
  <name>
   Reebok Dress R-3847
  </name>
  <category>
   Dress
  </category>
  <size>
   XL
  </size>
  <color>
   Синий
  </color>
  <material>
   Вискоза
  </material>
  <price>
   838119
  </price>
  <rating>
   3.76
  </rating>
  <reviews>
   134779
  </reviews>
  <exclusive>
   yes
  </exclusive>
 </clothing>
 <clothing>
  <id>
   447708042
  </id>
  <name>
   Reebok Blouse W-3603
  </name>
  <category>
   Blouse
  </category>
  <size>
   M
  </size>
  <color>
   Фиолетовый
  </color>
  <material>
   Кожа
  </material>
  <price>
   287472
  </price>
  <rating>
   1.44
  </rating>
  <reviews>
   200583
  </reviews>
  <new>
   -
  </new>
  <exclusive>
   no
  </exclusive>
 </clothing>
 <clothing>
  <id>
   118353909
  </id>
  <name>
   Vans Pants W-9849
  </name>
  <category>
   Pants
  </category>
  <size>
   XXL
  </size>
  <color>
   Красный
  </color>
  <material>
   Нейлон
  </material>
  <price>
   496474
  </price>
  <rating>
   2.14
  </rating>
  <reviews>
   197790
  </reviews>
  <new>
   -
  </new>
  <sporty>
   yes
  </sporty>
 </clothing>
 <clothing>
  <id>
   666669277
  </id>
  <name>
   Under Armour Pants H-3943
  </name>
  <category>
   Pants
  </category>
  <size>
   XXL
  </size>
  <color>
   Зеленый
  </color>
  <material>
   Шелк
  </material>
  <price>
   664818
  </price>
  <rating>
   3.84
  </rating>
  <reviews>
   597139
  </reviews>
  <new>
   +
  </new>
  <sporty>
   no
  </sporty>
 </clothing>
 <clothing>
  <id>
   613843773
  </id>
  <name>
   Converse Pants F-3673
  </name>
  <category>
   Pants
  </category>
  <size>
   L
  </size>
  <color>
   Оранжевый
  </color>
  <material>
   Полиэстер
  </material>
  <price>
   198032
  </price>
  <rating>
   3.87
  </rating>
  <reviews>
   33697
  </reviews>
  <sporty>
   no
  </sporty>
 </clothing>
 <clothing>
  <id>
   107646825
  </id>
  <name>
   Asics Dress L-1014
  </name>
  <category>
   Dress
  </category>
  <size>
   XXL
  </size>
  <color>
   Желтый
  </color>
  <material>
   Хлопок
  </material>
  <price>
   741311
  </price>
  <rating>
   2.83
  </rating>
  <reviews>
   667587
  </reviews>
  <new>
   +
  </new>
  <exclusive>
   no
  </exclusive>
  <sporty>
   no
  </sporty>
 </clothing>
 <clothing>
  <id>
   649969642
  </id>
  <name>
   Converse Jacket Z-5799
  </name>
  <category>
   Jacket
  </category>
  <size>
   S
  </size>
  <color>
   Фиолетовый
  </color>
  <material>
   Лен
  </material>
  <price>
   422770
  </price>
  <rating>
   4.03
  </rating>
  <reviews>
   271854
  </reviews>
  <new>
   -
  </new>
 </clothing>
 <clothing>
  <id>
   176480211
  </id>
  <name>
   Asics Jacket G-7513
  </name>
  <category>
   Jacket
  </category>
  <size>
   XXL
  </size>
  <color>
   Голубой
  </color>
  <material>
   Шелк
  </material>
  <price>
   950820
  </price>
  <rating>
   1.48
  </rating>
  <reviews>
   209024
  </reviews>
 </clothing>
 <clothing>
  <id>
   929241964
  </id>
  <name>
   PleinSport Shoes Q-9453
  </name>
  <category>
   Shoes
  </category>
  <size>
   M
  </size>
  <color>
   Желтый
  </color>
  <material>
   Нейлон
  </material>
  <price>
   425570
  </price>
  <rating>
   3.54
  </rating>
  <reviews>
   333933
  </reviews>
  <new>
   -
  </new>
 </clothing>
 <clothing>
  <id>
   321863656
  </id>
  <name>
   Puma Pants K-3697
  </name>
  <category>
   Pants
  </category>
  <size>
   S
  </size>
  <color>
   Фиолетовый
  </color>
  <material>
   Хлопок
  </material>
  <price>
   256341
  </price>
  <rating>
   2.7
  </rating>
  <reviews>
   617823
  </reviews>
  <new>
   +
  </new>
 </clothing>
 <clothing>
  <id>
   482037356
  </id>
  <name>
   DC Dress E-8402
  </name>
  <category>
   Dress
  </category>
  <size>
   L
  </size>
  <color>
   Фиолетовый
  </color>
  <material>
   Шерсть
  </material>
  <price>
   384246
  </price>
  <rating>
   4.48
  </rating>
  <reviews>
   512324
  </reviews>
  <new>
   -
  </new>
  <sporty>
   no
  </sporty>
 </clothing>
 <clothing>
  <id>
   881448913
  </id>
  <name>
   Converse Jeans A-4336
  </name>
  <category>
   Jeans
  </category>
  <size>
   XL
  </size>
  <color>
   Красный
  </color>
  <material>
   Нейлон
  </material>
  <price>
   222965
  </price>
  <rating>
   1.98
  </rating>
  <reviews>
   516521
  </reviews>
  <new>
   +
  </new>
  <exclusive>
   yes
  </exclusive>
  <sporty>
   no
  </sporty>
 </clothing>
 <clothing>
  <id>
   883764824
  </id>
  <name>
   New Balance Blouse N-8436
  </name>
  <category>
   Blouse
  </category>
  <size>
   XXL
  </size>
  <color>
   Зеленый
  </color>
  <material>
   Хлопок
  </material>
  <price>
   557183
  </price>
  <rating>
   4.04
  </rating>
  <reviews>
   97230
  </reviews>
  <sporty>
   no
  </sporty>
 </clothing>
 <clothing>
  <id>
   326244508
  </id>
  <name>
   Adidas Jeans O-3918
  </name>
  <category>
   Jeans
  </category>
  <size>
   XXL
  </size>
  <color>
   Зеленый
  </color>
  <material>
   Нейлон
  </material>
  <price>
   814465
  </price>
  <rating>
   2.09
  </rating>
  <reviews>
   760378
  </reviews>
  <new>
   +
  </new>
  <exclusive>
   yes
  </exclusive>
 </clothing>
 <clothing>
  <id>
   646315330
  </id>
  <name>
   Asics Umbrellas W-9578
  </name>
  <category>
   Umbrellas
  </category>
  <size>
   S
  </size>
  <color>
   Желтый
  </color>
  <material>
   Хлопок
  </material>
  <price>
   333730
  </price>
  <rating>
   1.57
  </rating>
  <reviews>
   350082
  </reviews>
  <new>
   +
  </new>
  <exclusive>
   no
  </exclusive>
  <sporty>
   no
  </sporty>
 </clothing>
 <clothing>
  <id>
   552204868
  </id>
  <name>
   Under Armour Umbrellas A-1381
  </name>
  <category>
   Umbrellas
  </category>
  <size>
   L
  </size>
  <color>
   Оранжевый
  </color>
  <material>
   Кожа
  </material>
  <price>
   181938
  </price>
  <rating>
   2.4
  </rating>
  <reviews>
   760309
  </reviews>
  <exclusive>
   no
  </exclusive>
  <sporty>
   no
  </sporty>
 </clothing>
 <clothing>
  <id>
   609665045
  </id>
  <name>
   Reebok Umbrellas N-8099
  </name>
  <category>
   Umbrellas
  </category>
  <size>
   M
  </size>
  <color>
   Фиолетовый
  </color>
  <material>
   Хлопок
  </material>
  <price>
   406168
  </price>
  <rating>
   4.71
  </rating>
  <reviews>
   721774
  </reviews>
  <new>
   +
  </new>
  <exclusive>
   no
  </exclusive>
  <sporty>
   no
  </sporty>
 </clothing>
 <clothing>
  <id>
   639888365
  </id>
  <name>
   New Balance Sweater N-3836
  </name>
  <category>
   Sweater
  </category>
  <size>
   S
  </size>
  <color>
   Желтый
  </color>
  <material>
   Кожа
  </material>
  <price>
   612590
  </price>
  <rating>
   4.62
  </rating>
  <reviews>
   927241
  </reviews>
  <sporty>
   yes
  </sporty>
 </clothing>
 <clothing>
  <id>
   777403566
  </id>
  <name>
   Under Armour Shoes X-6575
  </name>
  <category>
   Shoes
  </category>
  <size>
   M
  </size>
  <color>
   Оранжевый
  </color>
  <material>
   Шерсть
  </material>
  <price>
   865280
  </price>
  <rating>
   2.7
  </rating>
  <reviews>
   426850
  </reviews>
  <new>
   +
  </new>
  <exclusive>
   no
  </exclusive>
 </clothing>
 <clothing>
  <id>
   563896358
  </id>
  <name>
   Lacoste Umbrellas C-6407
  </name>
  <category>
   Umbrellas
  </category>
  <size>
   XL
  </size>
  <color>
   Зеленый
  </color>
  <material>
   Вискоза
  </material>
  <price>
   973572
  </price>
  <rating>
   3.43
  </rating>
  <reviews>
   591284
  </reviews>
  <new>
   +
  </new>
  <sporty>
   yes
  </sporty>
 </clothing>
 <clothing>
  <id>
   892675227
  </id>
  <name>
   Asics Shirt R-2413
  </name>
  <category>
   Shirt
  </category>
  <size>
   L
  </size>
  <color>
   Синий
  </color>
  <material>
   Полиэстер
  </material>
  <price>
   442103
  </price>
  <rating>
   3.3
  </rating>
  <reviews>
   460837
  </reviews>
  <new>
   -
  </new>
  <exclusive>
   no
  </exclusive>
 </clothing>
 <clothing>
  <id>
   422187801
  </id>
  <name>
   Puma Shoes U-9142
  </name>
  <category>
   Shoes
  </category>
  <size>
   S
  </size>
  <color>
   Синий
  </color>
  <material>
   Кожа
  </material>
  <price>
   550571
  </price>
  <rating>
   1.41
  </rating>
  <reviews>
   88592
  </reviews>
  <sporty>
   no
  </sporty>
 </clothing>
 <clothing>
  <id>
   806134640
  </id>
  <name>
   Converse Jacket B-3659
  </name>
  <category>
   Jacket
  </category>
  <size>
   L
  </size>
  <color>
   Синий
  </color>
  <material>
   Нейлон
  </material>
  <price>
   151578
  </price>
  <rating>
   4.83
  </rating>
  <reviews>
   765880
  </reviews>
 </clothing>
 <clothing>
  <id>
   419565967
  </id>
  <name>
   Addidas Handbags R-5319
  </name>
  <category>
   Handbags
  </category>
  <size>
   S
  </size>
  <color>
   Фиолетовый
  </color>
  <material>
   Нейлон
  </material>
  <price>
   765888
  </price>
  <rating>
   1.09
  </rating>
  <reviews>
   476438
  </reviews>
  <sporty>
   yes
  </sporty>
 </clothing>
 <clothing>
  <id>
   792436176
  </id>
  <name>
   Lacoste Hat G-8177
  </name>
  <category>
   Hat
  </category>
  <size>
   M
  </size>
  <color>
   Оранжевый
  </color>
  <material>
   Лен
  </material>
  <price>
   897512
  </price>
  <rating>
   4.16
  </rating>
  <reviews>
   178478
  </reviews>
  <sporty>
   no
  </sporty>
 </clothing>
 <clothing>
  <id>
   640541984
  </id>
  <name>
   New Balance Belts O-8288
  </name>
  <category>
   Belts
  </category>
  <size>
   S
  </size>
  <color>
   Желтый
  </color>
  <material>
   Полиэстер
  </material>
  <price>
   815670
  </price>
  <rating>
   4.03
  </rating>
  <reviews>
   262393
  </reviews>
  <new>
   -
  </new>
 </clothing>
 <clothing>
  <id>
   323731491
  </id>
  <name>
   Brooks Skirt G-6772
  </name>
  <category>
   Skirt
  </category>
  <size>
   L
  </size>
  <color>
   Зеленый
  </color>
  <material>
   Полиэстер
  </material>
  <price>
   969073
  </price>
  <rating>
   2.94
  </rating>
  <reviews>
   884083
  </reviews>
  <new>
   -
  </new>
  <exclusive>
   no
  </exclusive>
  <sporty>
   yes
  </sporty>
 </clothing>
 <clothing>
  <id>
   540083457
  </id>
  <name>
   New Balance Jeans Z-1979
  </name>
  <category>
   Jeans
  </category>
  <size>
   XL
  </size>
  <color>
   Желтый
  </color>
  <material>
   Лен
  </material>
  <price>
   634124
  </price>
  <rating>
   1.83
  </rating>
  <reviews>
   473095
  </reviews>
 </clothing>
 <clothing>
  <id>
   496037676
  </id>
  <name>
   New Balance Gloves H-5485
  </name>
  <category>
   Gloves
  </category>
  <size>
   XXL
  </size>
  <color>
   Синий
  </color>
  <material>
   Нейлон
  </material>
  <price>
   873616
  </price>
  <rating>
   3.53
  </rating>
  <reviews>
   393333
  </reviews>
  <new>
   -
  </new>
 </clothing>
 <clothing>
  <id>
   489523322
  </id>
  <name>
   Nike Hat Z-3918
  </name>
  <category>
   Hat
  </category>
  <size>
   M
  </size>
  <color>
   Фиолетовый
  </color>
  <material>
   Кожа
  </material>
  <price>
   417088
  </price>
  <rating>
   5.0
  </rating>
  <reviews>
   358542
  </reviews>
  <exclusive>
   yes
  </exclusive>
  <sporty>
   yes
  </sporty>
 </clothing>
 <clothing>
  <id>
   853493598
  </id>
  <name>
   Vans Umbrellas D-5903
  </name>
  <category>
   Umbrellas
  </category>
  <size>
   XXL
  </size>
  <color>
   Синий
  </color>
  <material>
   Нейлон
  </material>
  <price>
   721698
  </price>
  <rating>
   2.05
  </rating>
  <reviews>
   489499
  </reviews>
  <new>
   +
  </new>
  <exclusive>
   yes
  </exclusive>
  <sporty>
   yes
  </sporty>
 </clothing>
 <clothing>
  <id>
   611321233
  </id>
  <name>
   Converse Handbags M-5546
  </name>
  <category>
   Handbags
  </category>
  <size>
   S
  </size>
  <color>
   Зеленый
  </color>
  <material>
   Кожа
  </material>
  <price>
   160074
  </price>
  <rating>
   4.52
  </rating>
  <reviews>
   771459
  </reviews>
  <new>
   +
  </new>
  <sporty>
   no
  </sporty>
 </clothing>
 <clothing>
  <id>
   448517525
  </id>
  <name>
   PleinSport Jacket F-6790
  </name>
  <category>
   Jacket
  </category>
  <size>
   XL
  </size>
  <color>
   Фиолетовый
  </color>
  <material>
   Шерсть
  </material>
  <price>
   441724
  </price>
  <rating>
   2.94
  </rating>
  <reviews>
   939206
  </reviews>
 </clothing>
 <clothing>
  <id>
   827482659
  </id>
  <name>
   Fila T-shirt H-2002
  </name>
  <category>
   T-shirt
  </category>
  <size>
   XL
  </size>
  <color>
   Фиолетовый
  </color>
  <material>
   Хлопок
  </material>
  <price>
   495409
  </price>
  <rating>
   4.87
  </rating>
  <reviews>
   711677
  </reviews>
  <new>
   -
  </new>
  <exclusive>
   no
  </exclusive>
  <sporty>
   no
  </sporty>
 </clothing>
 <clothing>
  <id>
   254671406
  </id>
  <name>
   Converse Hat W-8257
  </name>
  <category>
   Hat
  </category>
  <size>
   S
  </size>
  <color>
   Красный
  </color>
  <material>
   Шелк
  </material>
  <price>
   149326
  </price>
  <rating>
   3.19
  </rating>
  <reviews>
   276473
  </reviews>
  <new>
   -
  </new>
  <exclusive>
   no
  </exclusive>
 </clothing>
 <clothing>
  <id>
   630445522
  </id>
  <name>
   Brooks Hat J-3044
  </name>
  <category>
   Hat
  </category>
  <size>
   M
  </size>
  <color>
   Оранжевый
  </color>
  <material>
   Нейлон
  </material>
  <price>
   968587
  </price>
  <rating>
   3.82
  </rating>
  <reviews>
   235649
  </reviews>
 </clothing>
 <clothing>
  <id>
   571464710
  </id>
  <name>
   Nike Gloves P-5635
  </name>
  <category>
   Gloves
  </category>
  <size>
   M
  </size>
  <color>
   Красный
  </color>
  <material>
   Вискоза
  </material>
  <price>
   550203
  </price>
  <rating>
   1.28
  </rating>
  <reviews>
   47283
  </reviews>
  <new>
   -
  </new>
  <exclusive>
   no
  </exclusive>
 </clothing>
 <clothing>
  <id>
   870486837
  </id>
  <name>
   Fila Shirt H-3286
  </name>
  <category>
   Shirt
  </category>
  <size>
   S
  </size>
  <color>
   Зеленый
  </color>
  <material>
   Вискоза
  </material>
  <price>
   642284
  </price>
  <rating>
   4.97
  </rating>
  <reviews>
   824194
  </reviews>
  <exclusive>
   yes
  </exclusive>
  <sporty>
   no
  </sporty>
 </clothing>
 <clothing>
  <id>
   101292065
  </id>
  <name>
   Puma T-shirt U-6277
  </name>
  <category>
   T-shirt
  </category>
  <size>
   XXL
  </size>
  <color>
   Оранжевый
  </color>
  <material>
   Вискоза
  </material>
  <price>
   321795
  </price>
  <rating>
   4.36
  </rating>
  <reviews>
   166048
  </reviews>
  <new>
   +
  </new>
 </clothing>
 <clothing>
  <id>
   688293921
  </id>
  <name>
   Nike Hat L-9194
  </name>
  <category>
   Hat
  </category>
  <size>
   M
  </size>
  <color>
   Зеленый
  </color>
  <material>
   Лен
  </material>
  <price>
   891877
  </price>
  <rating>
   2.96
  </rating>
  <reviews>
   262512
  </reviews>
  <new>
   -
  </new>
  <exclusive>
   no
  </exclusive>
  <sporty>
   yes
  </sporty>
 </clothing>
 <clothing>
  <id>
   599227547
  </id>
  <name>
   Puma Sweater R-2479
  </name>
  <category>
   Sweater
  </category>
  <size>
   L
  </size>
  <color>
   Красный
  </color>
  <material>
   Хлопок
  </material>
  <price>
   266863
  </price>
  <rating>
   2.58
  </rating>
  <reviews>
   467506
  </reviews>
  <new>
   +
  </new>
  <exclusive>
   no
  </exclusive>
  <sporty>
   yes
  </sporty>
 </clothing>
 <clothing>
  <id>
   535196191
  </id>
  <name>
   Converse Jacket V-6981
  </name>
  <category>
   Jacket
  </category>
  <size>
   M
  </size>
  <color>
   Синий
  </color>
  <material>
   Кожа
  </material>
  <price>
   970591
  </price>
  <rating>
   4.77
  </rating>
  <reviews>
   150913
  </reviews>
  <exclusive>
   yes
  </exclusive>
  <sporty>
   no
  </sporty>
 </clothing>
 <clothing>
  <id>
   966226390
  </id>
  <name>
   Puma Umbrellas A-1749
  </name>
  <category>
   Umbrellas
  </category>
  <size>
   S
  </size>
  <color>
   Фиолетовый
  </color>
  <material>
   Полиэстер
  </material>
  <price>
   527970
  </price>
  <rating>
   2.83
  </rating>
  <reviews>
   609744
  </reviews>
  <new>
   -
  </new>
  <sporty>
   no
  </sporty>
 </clothing>
 <clothing>
  <id>
   370012539
  </id>
  <name>
   Ellesse Dress V-2681
  </name>
  <category>
   Dress
  </category>
  <size>
   XL
  </size>
  <color>
   Оранжевый
  </color>
  <material>
   Вискоза
  </material>
  <price>
   673771
  </price>
  <rating>
   2.68
  </rating>
  <reviews>
   516211
  </reviews>
  <new>
   +
  </new>
  <exclusive>
   yes
  </exclusive>
  <sporty>
   no
  </sporty>
 </clothing>
 <clothing>
  <id>
   995477736
  </id>
  <name>
   Nike Belts A-8348
  </name>
  <category>
   Belts
  </category>
  <size>
   M
  </size>
  <color>
   Красный
  </color>
  <material>
   Нейлон
  </material>
  <price>
   804435
  </price>
  <rating>
   2.02
  </rating>
  <reviews>
   778114
  </reviews>
  <new>
   +
  </new>
  <exclusive>
   yes
  </exclusive>
  <sporty>
   no
  </sporty>
 </clothing>
 <clothing>
  <id>
   513964798
  </id>
  <name>
   Nike Blouse B-1929
  </name>
  <category>
   Blouse
  </category>
  <size>
   S
  </size>
  <color>
   Зеленый
  </color>
  <material>
   Шелк
  </material>
  <price>
   821768
  </price>
  <rating>
   4.77
  </rating>
  <reviews>
   980017
  </reviews>
  <new>
   -
  </new>
 </clothing>
</clothing-items>
