<?xml version="1.0" encoding="utf-8"?>
<clothing-items>
 <clothing>
  <id>
   532238240
  </id>
  <name>
   Converse Pants O-6439
  </name>
  <category>
   Pants
  </category>
  <size>
   XXL
  </size>
  <color>
   Оранжевый
  </color>
  <material>
   Вискоза
  </material>
  <price>
   123973
  </price>
  <rating>
   1.43
  </rating>
  <reviews>
   428195
  </reviews>
  <new>
   -
  </new>
  <exclusive>
   yes
  </exclusive>
 </clothing>
 <clothing>
  <id>
   314770136
  </id>
  <name>
   New Balance Belts W-4895
  </name>
  <category>
   Belts
  </category>
  <size>
   S
  </size>
  <color>
   Оранжевый
  </color>
  <material>
   Кожа
  </material>
  <price>
   341269
  </price>
  <rating>
   4.31
  </rating>
  <reviews>
   758047
  </reviews>
  <new>
   -
  </new>
  <sporty>
   no
  </sporty>
 </clothing>
 <clothing>
  <id>
   138385837
  </id>
  <name>
   Under Armour Umbrellas E-4514
  </name>
  <category>
   Umbrellas
  </category>
  <size>
   M
  </size>
  <color>
   Синий
  </color>
  <material>
   Вискоза
  </material>
  <price>
   473787
  </price>
  <rating>
   4.42
  </rating>
  <reviews>
   864245
  </reviews>
 </clothing>
 <clothing>
  <id>
   315664111
  </id>
  <name>
   Addidas Hat X-8394
  </name>
  <category>
   Hat
  </category>
  <size>
   M
  </size>
  <color>
   Желтый
  </color>
  <material>
   Шерсть
  </material>
  <price>
   225408
  </price>
  <rating>
   3.45
  </rating>
  <reviews>
   800374
  </reviews>
  <new>
   -
  </new>
  <exclusive>
   yes
  </exclusive>
  <sporty>
   no
  </sporty>
 </clothing>
 <clothing>
  <id>
   691649352
  </id>
  <name>
   Nike Dress M-6243
  </name>
  <category>
   Dress
  </category>
  <size>
   L
  </size>
  <color>
   Желтый
  </color>
  <material>
   Полиэстер
  </material>
  <price>
   302060
  </price>
  <rating>
   3.25
  </rating>
  <reviews>
   125983
  </reviews>
  <exclusive>
   yes
  </exclusive>
  <sporty>
   no
  </sporty>
 </clothing>
 <clothing>
  <id>
   269868841
  </id>
  <name>
   Adidas Gloves T-9877
  </name>
  <category>
   Gloves
  </category>
  <size>
   XXL
  </size>
  <color>
   Оранжевый
  </color>
  <material>
   Хлопок
  </material>
  <price>
   718076
  </price>
  <rating>
   3.56
  </rating>
  <reviews>
   383302
  </reviews>
  <new>
   -
  </new>
  <exclusive>
   yes
  </exclusive>
 </clothing>
 <clothing>
  <id>
   128951948
  </id>
  <name>
   Puma Handbags B-7980
  </name>
  <category>
   Handbags
  </category>
  <size>
   M
  </size>
  <color>
   Оранжевый
  </color>
  <material>
   Полиэстер
  </material>
  <price>
   429431
  </price>
  <rating>
   1.24
  </rating>
  <reviews>
   127204
  </reviews>
  <exclusive>
   no
  </exclusive>
  <sporty>
   yes
  </sporty>
 </clothing>
 <clothing>
  <id>
   125963840
  </id>
  <name>
   Vans Socks G-6049
  </name>
  <category>
   Socks
  </category>
  <size>
   S
  </size>
  <color>
   Желтый
  </color>
  <material>
   Вискоза
  </material>
  <price>
   488222
  </price>
  <rating>
   4.03
  </rating>
  <reviews>
   347711
  </reviews>
  <new>
   -
  </new>
  <sporty>
   no
  </sporty>
 </clothing>
 <clothing>
  <id>
   204215595
  </id>
  <name>
   Converse Pants X-6938
  </name>
  <category>
   Pants
  </category>
  <size>
   S
  </size>
  <color>
   Желтый
  </color>
  <material>
   Вискоза
  </material>
  <price>
   173088
  </price>
  <rating>
   1.56
  </rating>
  <reviews>
   316588
  </reviews>
 </clothing>
 <clothing>
  <id>
   996627660
  </id>
  <name>
   Fila Umbrellas J-7481
  </name>
  <category>
   Umbrellas
  </category>
  <size>
   L
  </size>
  <color>
   Красный
  </color>
  <material>
   Хлопок
  </material>
  <price>
   505512
  </price>
  <rating>
   2.11
  </rating>
  <reviews>
   315736
  </reviews>
  <new>
   -
  </new>
  <exclusive>
   no
  </exclusive>
 </clothing>
 <clothing>
  <id>
   125743342
  </id>
  <name>
   New Balance Pants V-5718
  </name>
  <category>
   Pants
  </category>
  <size>
   XL
  </size>
  <color>
   Синий
  </color>
  <material>
   Кожа
  </material>
  <price>
   869324
  </price>
  <rating>
   4.0
  </rating>
  <reviews>
   852863
  </reviews>
  <new>
   -
  </new>
  <exclusive>
   no
  </exclusive>
  <sporty>
   no
  </sporty>
 </clothing>
 <clothing>
  <id>
   858031105
  </id>
  <name>
   New Balance T-shirt P-2354
  </name>
  <category>
   T-shirt
  </category>
  <size>
   XL
  </size>
  <color>
   Красный
  </color>
  <material>
   Вискоза
  </material>
  <price>
   754227
  </price>
  <rating>
   3.04
  </rating>
  <reviews>
   855957
  </reviews>
  <new>
   +
  </new>
  <sporty>
   no
  </sporty>
 </clothing>
 <clothing>
  <id>
   195682361
  </id>
  <name>
   New Balance Shirt X-4343
  </name>
  <category>
   Shirt
  </category>
  <size>
   XXL
  </size>
  <color>
   Оранжевый
  </color>
  <material>
   Полиэстер
  </material>
  <price>
   424495
  </price>
  <rating>
   4.06
  </rating>
  <reviews>
   827976
  </reviews>
  <new>
   -
  </new>
  <exclusive>
   no
  </exclusive>
  <sporty>
   no
  </sporty>
 </clothing>
 <clothing>
  <id>
   327602096
  </id>
  <name>
   DC Dress G-4633
  </name>
  <category>
   Dress
  </category>
  <size>
   L
  </size>
  <color>
   Красный
  </color>
  <material>
   Шелк
  </material>
  <price>
   158034
  </price>
  <rating>
   2.34
  </rating>
  <reviews>
   484206
  </reviews>
  <new>
   +
  </new>
  <exclusive>
   no
  </exclusive>
 </clothing>
 <clothing>
  <id>
   710728015
  </id>
  <name>
   Reebok Jacket I-1876
  </name>
  <category>
   Jacket
  </category>
  <size>
   XL
  </size>
  <color>
   Красный
  </color>
  <material>
   Шерсть
  </material>
  <price>
   351742
  </price>
  <rating>
   2.68
  </rating>
  <reviews>
   281166
  </reviews>
  <sporty>
   no
  </sporty>
 </clothing>
 <clothing>
  <id>
   966451871
  </id>
  <name>
   Puma Pants Z-2505
  </name>
  <category>
   Pants
  </category>
  <size>
   XL
  </size>
  <color>
   Синий
  </color>
  <material>
   Полиэстер
  </material>
  <price>
   777126
  </price>
  <rating>
   1.92
  </rating>
  <reviews>
   977475
  </reviews>
  <new>
   -
  </new>
  <sporty>
   no
  </sporty>
 </clothing>
 <clothing>
  <id>
   284009860
  </id>
  <name>
   Reebok Shirt N-6221
  </name>
  <category>
   Shirt
  </category>
  <size>
   XXL
  </size>
  <color>
   Зеленый
  </color>
  <material>
   Шелк
  </material>
  <price>
   346660
  </price>
  <rating>
   3.62
  </rating>
  <reviews>
   652688
  </reviews>
  <new>
   +
  </new>
  <exclusive>
   yes
  </exclusive>
  <sporty>
   yes
  </sporty>
 </clothing>
 <clothing>
  <id>
   174569722
  </id>
  <name>
   Brooks Sweater T-5204
  </name>
  <category>
   Sweater
  </category>
  <size>
   S
  </size>
  <color>
   Оранжевый
  </color>
  <material>
   Полиэстер
  </material>
  <price>
   730114
  </price>
  <rating>
   3.77
  </rating>
  <reviews>
   388911
  </reviews>
  <new>
   +
  </new>
 </clothing>
 <clothing>
  <id>
   428886019
  </id>
  <name>
   PleinSport Handbags Z-5853
  </name>
  <category>
   Handbags
  </category>
  <size>
   XL
  </size>
  <color>
   Зеленый
  </color>
  <material>
   Лен
  </material>
  <price>
   728553
  </price>
  <rating>
   4.73
  </rating>
  <reviews>
   788869
  </reviews>
  <new>
   +
  </new>
  <exclusive>
   no
  </exclusive>
  <sporty>
   no
  </sporty>
 </clothing>
 <clothing>
  <id>
   831745879
  </id>
  <name>
   Lacoste Socks T-1117
  </name>
  <category>
   Socks
  </category>
  <size>
   XXL
  </size>
  <color>
   Желтый
  </color>
  <material>
   Шелк
  </material>
  <price>
   730322
  </price>
  <rating>
   4.8
  </rating>
  <reviews>
   615878
  </reviews>
  <new>
   -
  </new>
  <exclusive>
   yes
  </exclusive>
  <sporty>
   yes
  </sporty>
 </clothing>
 <clothing>
  <id>
   199253657
  </id>
  <name>
   Nike Skirt H-6931
  </name>
  <category>
   Skirt
  </category>
  <size>
   XXL
  </size>
  <color>
   Оранжевый
  </color>
  <material>
   Нейлон
  </material>
  <price>
   238570
  </price>
  <rating>
   1.49
  </rating>
  <reviews>
   456330
  </reviews>
  <new>
   -
  </new>
  <sporty>
   no
  </sporty>
 </clothing>
 <clothing>
  <id>
   816016659
  </id>
  <name>
   Reebok Dress V-6699
  </name>
  <category>
   Dress
  </category>
  <size>
   L
  </size>
  <color>
   Зеленый
  </color>
  <material>
   Шелк
  </material>
  <price>
   735795
  </price>
  <rating>
   3.61
  </rating>
  <reviews>
   446418
  </reviews>
  <new>
   -
  </new>
 </clothing>
 <clothing>
  <id>
   395658837
  </id>
  <name>
   Vans Shoes F-4391
  </name>
  <category>
   Shoes
  </category>
  <size>
   M
  </size>
  <color>
   Оранжевый
  </color>
  <material>
   Лен
  </material>
  <price>
   617206
  </price>
  <rating>
   5.0
  </rating>
  <reviews>
   858372
  </reviews>
  <exclusive>
   no
  </exclusive>
 </clothing>
 <clothing>
  <id>
   813846749
  </id>
  <name>
   Nike Jacket I-1673
  </name>
  <category>
   Jacket
  </category>
  <size>
   L
  </size>
  <color>
   Красный
  </color>
  <material>
   Шелк
  </material>
  <price>
   844938
  </price>
  <rating>
   1.71
  </rating>
  <reviews>
   436849
  </reviews>
  <new>
   -
  </new>
  <sporty>
   no
  </sporty>
 </clothing>
 <clothing>
  <id>
   969650755
  </id>
  <name>
   PleinSport Jacket Y-4369
  </name>
  <category>
   Jacket
  </category>
  <size>
   M
  </size>
  <color>
   Синий
  </color>
  <material>
   Хлопок
  </material>
  <price>
   413238
  </price>
  <rating>
   4.6
  </rating>
  <reviews>
   25893
  </reviews>
  <new>
   +
  </new>
  <exclusive>
   no
  </exclusive>
 </clothing>
 <clothing>
  <id>
   438044513
  </id>
  <name>
   Converse Gloves I-5972
  </name>
  <category>
   Gloves
  </category>
  <size>
   S
  </size>
  <color>
   Фиолетовый
  </color>
  <material>
   Хлопок
  </material>
  <price>
   883357
  </price>
  <rating>
   4.16
  </rating>
  <reviews>
   826664
  </reviews>
  <new>
   -
  </new>
  <exclusive>
   no
  </exclusive>
  <sporty>
   no
  </sporty>
 </clothing>
 <clothing>
  <id>
   885562214
  </id>
  <name>
   Nike Dress W-2926
  </name>
  <category>
   Dress
  </category>
  <size>
   S
  </size>
  <color>
   Синий
  </color>
  <material>
   Шелк
  </material>
  <price>
   298138
  </price>
  <rating>
   3.03
  </rating>
  <reviews>
   261710
  </reviews>
  <new>
   -
  </new>
  <exclusive>
   yes
  </exclusive>
  <sporty>
   yes
  </sporty>
 </clothing>
 <clothing>
  <id>
   386661488
  </id>
  <name>
   Converse Dress K-2739
  </name>
  <category>
   Dress
  </category>
  <size>
   XL
  </size>
  <color>
   Синий
  </color>
  <material>
   Кожа
  </material>
  <price>
   449638
  </price>
  <rating>
   1.43
  </rating>
  <reviews>
   195142
  </reviews>
  <new>
   +
  </new>
  <exclusive>
   no
  </exclusive>
  <sporty>
   no
  </sporty>
 </clothing>
 <clothing>
  <id>
   626932216
  </id>
  <name>
   DC Shirt I-1587
  </name>
  <category>
   Shirt
  </category>
  <size>
   M
  </size>
  <color>
   Синий
  </color>
  <material>
   Лен
  </material>
  <price>
   313246
  </price>
  <rating>
   1.33
  </rating>
  <reviews>
   478774
  </reviews>
  <sporty>
   yes
  </sporty>
 </clothing>
 <clothing>
  <id>
   787867083
  </id>
  <name>
   Vans Handbags Y-7569
  </name>
  <category>
   Handbags
  </category>
  <size>
   XL
  </size>
  <color>
   Красный
  </color>
  <material>
   Полиэстер
  </material>
  <price>
   138448
  </price>
  <rating>
   3.87
  </rating>
  <reviews>
   546282
  </reviews>
  <exclusive>
   yes
  </exclusive>
  <sporty>
   no
  </sporty>
 </clothing>
 <clothing>
  <id>
   338841625
  </id>
  <name>
   PleinSport Sweater J-8924
  </name>
  <category>
   Sweater
  </category>
  <size>
   XL
  </size>
  <color>
   Красный
  </color>
  <material>
   Полиэстер
  </material>
  <price>
   761679
  </price>
  <rating>
   2.72
  </rating>
  <reviews>
   495105
  </reviews>
  <new>
   -
  </new>
  <sporty>
   no
  </sporty>
 </clothing>
 <clothing>
  <id>
   152238069
  </id>
  <name>
   Asics Hat P-9180
  </name>
  <category>
   Hat
  </category>
  <size>
   S
  </size>
  <color>
   Желтый
  </color>
  <material>
   Вискоза
  </material>
  <price>
   840069
  </price>
  <rating>
   1.22
  </rating>
  <reviews>
   149326
  </reviews>
  <new>
   +
  </new>
 </clothing>
 <clothing>
  <id>
   336817570
  </id>
  <name>
   New Balance Gloves G-9850
  </name>
  <category>
   Gloves
  </category>
  <size>
   M
  </size>
  <color>
   Желтый
  </color>
  <material>
   Полиэстер
  </material>
  <price>
   972540
  </price>
  <rating>
   2.72
  </rating>
  <reviews>
   585961
  </reviews>
  <new>
   -
  </new>
  <exclusive>
   no
  </exclusive>
  <sporty>
   yes
  </sporty>
 </clothing>
 <clothing>
  <id>
   538552792
  </id>
  <name>
   Asics Pants I-7303
  </name>
  <category>
   Pants
  </category>
  <size>
   M
  </size>
  <color>
   Голубой
  </color>
  <material>
   Кожа
  </material>
  <price>
   315214
  </price>
  <rating>
   1.41
  </rating>
  <reviews>
   460612
  </reviews>
  <new>
   -
  </new>
 </clothing>
 <clothing>
  <id>
   456055568
  </id>
  <name>
   Puma Umbrellas G-4352
  </name>
  <category>
   Umbrellas
  </category>
  <size>
   L
  </size>
  <color>
   Желтый
  </color>
  <material>
   Хлопок
  </material>
  <price>
   912807
  </price>
  <rating>
   4.93
  </rating>
  <reviews>
   773493
  </reviews>
  <new>
   +
  </new>
  <sporty>
   no
  </sporty>
 </clothing>
 <clothing>
  <id>
   251783334
  </id>
  <name>
   Brooks Shirt X-9907
  </name>
  <category>
   Shirt
  </category>
  <size>
   XL
  </size>
  <color>
   Красный
  </color>
  <material>
   Кожа
  </material>
  <price>
   148188
  </price>
  <rating>
   2.26
  </rating>
  <reviews>
   747088
  </reviews>
  <new>
   +
  </new>
  <exclusive>
   no
  </exclusive>
  <sporty>
   yes
  </sporty>
 </clothing>
 <clothing>
  <id>
   692195278
  </id>
  <name>
   Nike Handbags S-2736
  </name>
  <category>
   Handbags
  </category>
  <size>
   L
  </size>
  <color>
   Голубой
  </color>
  <material>
   Полиэстер
  </material>
  <price>
   901427
  </price>
  <rating>
   1.23
  </rating>
  <reviews>
   105540
  </reviews>
  <sporty>
   yes
  </sporty>
 </clothing>
 <clothing>
  <id>
   944240999
  </id>
  <name>
   Converse Gloves F-1961
  </name>
  <category>
   Gloves
  </category>
  <size>
   XXL
  </size>
  <color>
   Фиолетовый
  </color>
  <material>
   Шелк
  </material>
  <price>
   894115
  </price>
  <rating>
   3.11
  </rating>
  <reviews>
   125953
  </reviews>
  <new>
   +
  </new>
  <exclusive>
   no
  </exclusive>
  <sporty>
   yes
  </sporty>
 </clothing>
 <clothing>
  <id>
   976041753
  </id>
  <name>
   DC Socks Z-7747
  </name>
  <category>
   Socks
  </category>
  <size>
   XL
  </size>
  <color>
   Желтый
  </color>
  <material>
   Вискоза
  </material>
  <price>
   210129
  </price>
  <rating>
   4.98
  </rating>
  <reviews>
   29692
  </reviews>
  <new>
   -
  </new>
  <exclusive>
   yes
  </exclusive>
 </clothing>
 <clothing>
  <id>
   521275737
  </id>
  <name>
   New Balance Umbrellas F-6292
  </name>
  <category>
   Umbrellas
  </category>
  <size>
   M
  </size>
  <color>
   Зеленый
  </color>
  <material>
   Вискоза
  </material>
  <price>
   481553
  </price>
  <rating>
   3.3
  </rating>
  <reviews>
   978328
  </reviews>
  <exclusive>
   no
  </exclusive>
 </clothing>
 <clothing>
  <id>
   237056308
  </id>
  <name>
   Reebok Belts Q-2482
  </name>
  <category>
   Belts
  </category>
  <size>
   L
  </size>
  <color>
   Зеленый
  </color>
  <material>
   Шерсть
  </material>
  <price>
   268211
  </price>
  <rating>
   3.85
  </rating>
  <reviews>
   592383
  </reviews>
  <new>
   +
  </new>
  <sporty>
   yes
  </sporty>
 </clothing>
 <clothing>
  <id>
   364513414
  </id>
  <name>
   Brooks Handbags F-9637
  </name>
  <category>
   Handbags
  </category>
  <size>
   XXL
  </size>
  <color>
   Красный
  </color>
  <material>
   Полиэстер
  </material>
  <price>
   359038
  </price>
  <rating>
   2.44
  </rating>
  <reviews>
   789700
  </reviews>
  <new>
   +
  </new>
 </clothing>
</clothing-items>
