<?xml version="1.0" encoding="utf-8"?>
<clothing-items>
 <clothing>
  <id>
   549175890
  </id>
  <name>
   PleinSport Shirt X-2686
  </name>
  <category>
   Shirt
  </category>
  <size>
   S
  </size>
  <color>
   Зеленый
  </color>
  <material>
   Вискоза
  </material>
  <price>
   583039
  </price>
  <rating>
   1.6
  </rating>
  <reviews>
   214155
  </reviews>
  <exclusive>
   yes
  </exclusive>
  <sporty>
   yes
  </sporty>
 </clothing>
 <clothing>
  <id>
   802541790
  </id>
  <name>
   Fila Gloves F-2708
  </name>
  <category>
   Gloves
  </category>
  <size>
   XXL
  </size>
  <color>
   Красный
  </color>
  <material>
   Нейлон
  </material>
  <price>
   154991
  </price>
  <rating>
   2.15
  </rating>
  <reviews>
   205929
  </reviews>
  <new>
   -
  </new>
  <exclusive>
   yes
  </exclusive>
  <sporty>
   no
  </sporty>
 </clothing>
 <clothing>
  <id>
   139024493
  </id>
  <name>
   PleinSport Shirt B-7326
  </name>
  <category>
   Shirt
  </category>
  <size>
   S
  </size>
  <color>
   Синий
  </color>
  <material>
   Хлопок
  </material>
  <price>
   394543
  </price>
  <rating>
   4.52
  </rating>
  <reviews>
   21519
  </reviews>
  <exclusive>
   yes
  </exclusive>
  <sporty>
   no
  </sporty>
 </clothing>
 <clothing>
  <id>
   888064912
  </id>
  <name>
   Puma Hat S-1332
  </name>
  <category>
   Hat
  </category>
  <size>
   XXL
  </size>
  <color>
   Оранжевый
  </color>
  <material>
   Нейлон
  </material>
  <price>
   843474
  </price>
  <rating>
   4.91
  </rating>
  <reviews>
   176651
  </reviews>
  <sporty>
   no
  </sporty>
 </clothing>
 <clothing>
  <id>
   758142332
  </id>
  <name>
   New Balance T-shirt E-4228
  </name>
  <category>
   T-shirt
  </category>
  <size>
   XXL
  </size>
  <color>
   Красный
  </color>
  <material>
   Кожа
  </material>
  <price>
   560102
  </price>
  <rating>
   4.95
  </rating>
  <reviews>
   26893
  </reviews>
  <sporty>
   no
  </sporty>
 </clothing>
 <clothing>
  <id>
   300672923
  </id>
  <name>
   Adidas Umbrellas E-8462
  </name>
  <category>
   Umbrellas
  </category>
  <size>
   XL
  </size>
  <color>
   Красный
  </color>
  <material>
   Хлопок
  </material>
  <price>
   907046
  </price>
  <rating>
   2.65
  </rating>
  <reviews>
   421258
  </reviews>
  <new>
   +
  </new>
  <sporty>
   no
  </sporty>
 </clothing>
 <clothing>
  <id>
   803820142
  </id>
  <name>
   PleinSport Gloves N-9497
  </name>
  <category>
   Gloves
  </category>
  <size>
   S
  </size>
  <color>
   Синий
  </color>
  <material>
   Хлопок
  </material>
  <price>
   846794
  </price>
  <rating>
   3.4
  </rating>
  <reviews>
   757369
  </reviews>
  <exclusive>
   no
  </exclusive>
  <sporty>
   no
  </sporty>
 </clothing>
 <clothing>
  <id>
   444291861
  </id>
  <name>
   Converse Gloves E-5288
  </name>
  <category>
   Gloves
  </category>
  <size>
   XXL
  </size>
  <color>
   Синий
  </color>
  <material>
   Вискоза
  </material>
  <price>
   953375
  </price>
  <rating>
   2.77
  </rating>
  <reviews>
   480560
  </reviews>
  <new>
   -
  </new>
 </clothing>
 <clothing>
  <id>
   308050630
  </id>
  <name>
   Brooks Handbags C-5796
  </name>
  <category>
   Handbags
  </category>
  <size>
   S
  </size>
  <color>
   Красный
  </color>
  <material>
   Кожа
  </material>
  <price>
   223065
  </price>
  <rating>
   1.6
  </rating>
  <reviews>
   507712
  </reviews>
  <new>
   +
  </new>
  <sporty>
   no
  </sporty>
 </clothing>
 <clothing>
  <id>
   818844689
  </id>
  <name>
   Converse Belts R-2626
  </name>
  <category>
   Belts
  </category>
  <size>
   S
  </size>
  <color>
   Синий
  </color>
  <material>
   Кожа
  </material>
  <price>
   423667
  </price>
  <rating>
   3.16
  </rating>
  <reviews>
   941116
  </reviews>
  <exclusive>
   no
  </exclusive>
  <sporty>
   no
  </sporty>
 </clothing>
 <clothing>
  <id>
   262772628
  </id>
  <name>
   Brooks Jacket J-3878
  </name>
  <category>
   Jacket
  </category>
  <size>
   S
  </size>
  <color>
   Голубой
  </color>
  <material>
   Полиэстер
  </material>
  <price>
   590995
  </price>
  <rating>
   1.15
  </rating>
  <reviews>
   586268
  </reviews>
  <new>
   +
  </new>
  <exclusive>
   no
  </exclusive>
  <sporty>
   no
  </sporty>
 </clothing>
 <clothing>
  <id>
   230827421
  </id>
  <name>
   Under Armour Dress I-8698
  </name>
  <category>
   Dress
  </category>
  <size>
   M
  </size>
  <color>
   Синий
  </color>
  <material>
   Вискоза
  </material>
  <price>
   140870
  </price>
  <rating>
   2.94
  </rating>
  <reviews>
   96490
  </reviews>
  <new>
   -
  </new>
  <sporty>
   yes
  </sporty>
 </clothing>
 <clothing>
  <id>
   779678077
  </id>
  <name>
   Brooks Jacket Y-6763
  </name>
  <category>
   Jacket
  </category>
  <size>
   S
  </size>
  <color>
   Оранжевый
  </color>
  <material>
   Кожа
  </material>
  <price>
   711616
  </price>
  <rating>
   4.9
  </rating>
  <reviews>
   630580
  </reviews>
 </clothing>
 <clothing>
  <id>
   924742790
  </id>
  <name>
   New Balance Jeans L-6375
  </name>
  <category>
   Jeans
  </category>
  <size>
   XL
  </size>
  <color>
   Красный
  </color>
  <material>
   Нейлон
  </material>
  <price>
   776405
  </price>
  <rating>
   2.24
  </rating>
  <reviews>
   674096
  </reviews>
  <new>
   -
  </new>
  <exclusive>
   no
  </exclusive>
 </clothing>
 <clothing>
  <id>
   390779765
  </id>
  <name>
   Addidas Skirt E-3419
  </name>
  <category>
   Skirt
  </category>
  <size>
   M
  </size>
  <color>
   Оранжевый
  </color>
  <material>
   Кожа
  </material>
  <price>
   514183
  </price>
  <rating>
   2.44
  </rating>
  <reviews>
   653243
  </reviews>
  <new>
   +
  </new>
  <exclusive>
   no
  </exclusive>
 </clothing>
 <clothing>
  <id>
   973147757
  </id>
  <name>
   DC Belts Z-2816
  </name>
  <category>
   Belts
  </category>
  <size>
   M
  </size>
  <color>
   Синий
  </color>
  <material>
   Вискоза
  </material>
  <price>
   123391
  </price>
  <rating>
   3.37
  </rating>
  <reviews>
   83062
  </reviews>
  <new>
   +
  </new>
  <exclusive>
   no
  </exclusive>
  <sporty>
   no
  </sporty>
 </clothing>
 <clothing>
  <id>
   259823651
  </id>
  <name>
   Asics Socks A-7240
  </name>
  <category>
   Socks
  </category>
  <size>
   M
  </size>
  <color>
   Синий
  </color>
  <material>
   Лен
  </material>
  <price>
   975084
  </price>
  <rating>
   3.93
  </rating>
  <reviews>
   762594
  </reviews>
  <new>
   -
  </new>
 </clothing>
 <clothing>
  <id>
   555557730
  </id>
  <name>
   Nike Handbags A-5731
  </name>
  <category>
   Handbags
  </category>
  <size>
   M
  </size>
  <color>
   Оранжевый
  </color>
  <material>
   Лен
  </material>
  <price>
   695738
  </price>
  <rating>
   1.26
  </rating>
  <reviews>
   212129
  </reviews>
 </clothing>
 <clothing>
  <id>
   827048960
  </id>
  <name>
   New Balance Belts W-4571
  </name>
  <category>
   Belts
  </category>
  <size>
   M
  </size>
  <color>
   Фиолетовый
  </color>
  <material>
   Вискоза
  </material>
  <price>
   619309
  </price>
  <rating>
   4.88
  </rating>
  <reviews>
   139011
  </reviews>
  <new>
   -
  </new>
  <exclusive>
   yes
  </exclusive>
 </clothing>
 <clothing>
  <id>
   717400745
  </id>
  <name>
   Ellesse Jacket B-2226
  </name>
  <category>
   Jacket
  </category>
  <size>
   XL
  </size>
  <color>
   Красный
  </color>
  <material>
   Лен
  </material>
  <price>
   280502
  </price>
  <rating>
   3.12
  </rating>
  <reviews>
   183317
  </reviews>
 </clothing>
 <clothing>
  <id>
   446744982
  </id>
  <name>
   New Balance Handbags Y-4661
  </name>
  <category>
   Handbags
  </category>
  <size>
   M
  </size>
  <color>
   Желтый
  </color>
  <material>
   Хлопок
  </material>
  <price>
   686082
  </price>
  <rating>
   3.87
  </rating>
  <reviews>
   460821
  </reviews>
  <new>
   -
  </new>
  <exclusive>
   no
  </exclusive>
 </clothing>
 <clothing>
  <id>
   445972219
  </id>
  <name>
   Brooks Skirt C-6018
  </name>
  <category>
   Skirt
  </category>
  <size>
   M
  </size>
  <color>
   Фиолетовый
  </color>
  <material>
   Кожа
  </material>
  <price>
   597966
  </price>
  <rating>
   1.46
  </rating>
  <reviews>
   710465
  </reviews>
  <exclusive>
   no
  </exclusive>
  <sporty>
   yes
  </sporty>
 </clothing>
 <clothing>
  <id>
   743860265
  </id>
  <name>
   Vans Skirt R-7726
  </name>
  <category>
   Skirt
  </category>
  <size>
   S
  </size>
  <color>
   Голубой
  </color>
  <material>
   Шерсть
  </material>
  <price>
   726369
  </price>
  <rating>
   4.43
  </rating>
  <reviews>
   695335
  </reviews>
  <new>
   -
  </new>
  <exclusive>
   yes
  </exclusive>
  <sporty>
   yes
  </sporty>
 </clothing>
 <clothing>
  <id>
   223839464
  </id>
  <name>
   Fila Sweater A-1048
  </name>
  <category>
   Sweater
  </category>
  <size>
   XL
  </size>
  <color>
   Синий
  </color>
  <material>
   Хлопок
  </material>
  <price>
   501518
  </price>
  <rating>
   2.61
  </rating>
  <reviews>
   71252
  </reviews>
  <new>
   +
  </new>
  <sporty>
   yes
  </sporty>
 </clothing>
 <clothing>
  <id>
   930286849
  </id>
  <name>
   Ellesse Skirt V-6552
  </name>
  <category>
   Skirt
  </category>
  <size>
   M
  </size>
  <color>
   Желтый
  </color>
  <material>
   Шерсть
  </material>
  <price>
   367591
  </price>
  <rating>
   1.93
  </rating>
  <reviews>
   448113
  </reviews>
  <new>
   -
  </new>
  <exclusive>
   no
  </exclusive>
  <sporty>
   no
  </sporty>
 </clothing>
 <clothing>
  <id>
   409632077
  </id>
  <name>
   PleinSport Pants M-7622
  </name>
  <category>
   Pants
  </category>
  <size>
   XL
  </size>
  <color>
   Зеленый
  </color>
  <material>
   Шелк
  </material>
  <price>
   174745
  </price>
  <rating>
   4.32
  </rating>
  <reviews>
   592673
  </reviews>
  <exclusive>
   no
  </exclusive>
  <sporty>
   yes
  </sporty>
 </clothing>
 <clothing>
  <id>
   207831910
  </id>
  <name>
   New Balance Jacket X-1373
  </name>
  <category>
   Jacket
  </category>
  <size>
   S
  </size>
  <color>
   Синий
  </color>
  <material>
   Кожа
  </material>
  <price>
   597389
  </price>
  <rating>
   2.41
  </rating>
  <reviews>
   447343
  </reviews>
  <new>
   -
  </new>
  <exclusive>
   no
  </exclusive>
 </clothing>
</clothing-items>
