<?xml version="1.0" encoding="utf-8"?>
<clothing-items>
 <clothing>
  <id>
   247037468
  </id>
  <name>
   Lacoste Skirt G-6127
  </name>
  <category>
   Skirt
  </category>
  <size>
   M
  </size>
  <color>
   Синий
  </color>
  <material>
   Нейлон
  </material>
  <price>
   211447
  </price>
  <rating>
   2.82
  </rating>
  <reviews>
   300621
  </reviews>
  <new>
   +
  </new>
 </clothing>
 <clothing>
  <id>
   852843184
  </id>
  <name>
   Under Armour Dress H-2147
  </name>
  <category>
   Dress
  </category>
  <size>
   M
  </size>
  <color>
   Зеленый
  </color>
  <material>
   Вискоза
  </material>
  <price>
   522705
  </price>
  <rating>
   3.17
  </rating>
  <reviews>
   104965
  </reviews>
  <exclusive>
   no
  </exclusive>
 </clothing>
 <clothing>
  <id>
   928000293
  </id>
  <name>
   Ellesse Blouse K-7874
  </name>
  <category>
   Blouse
  </category>
  <size>
   L
  </size>
  <color>
   Оранжевый
  </color>
  <material>
   Лен
  </material>
  <price>
   100652
  </price>
  <rating>
   4.6
  </rating>
  <reviews>
   821622
  </reviews>
  <new>
   +
  </new>
 </clothing>
 <clothing>
  <id>
   414540568
  </id>
  <name>
   Converse Gloves K-4700
  </name>
  <category>
   Gloves
  </category>
  <size>
   S
  </size>
  <color>
   Красный
  </color>
  <material>
   Лен
  </material>
  <price>
   343225
  </price>
  <rating>
   4.45
  </rating>
  <reviews>
   937796
  </reviews>
  <new>
   -
  </new>
 </clothing>
 <clothing>
  <id>
   139899024
  </id>
  <name>
   Puma Hat D-4667
  </name>
  <category>
   Hat
  </category>
  <size>
   M
  </size>
  <color>
   Красный
  </color>
  <material>
   Хлопок
  </material>
  <price>
   800293
  </price>
  <rating>
   1.96
  </rating>
  <reviews>
   950325
  </reviews>
  <exclusive>
   no
  </exclusive>
 </clothing>
 <clothing>
  <id>
   221787540
  </id>
  <name>
   Reebok Pants R-8634
  </name>
  <category>
   Pants
  </category>
  <size>
   XXL
  </size>
  <color>
   Фиолетовый
  </color>
  <material>
   Шерсть
  </material>
  <price>
   313055
  </price>
  <rating>
   4.01
  </rating>
  <reviews>
   6954
  </reviews>
  <new>
   +
  </new>
  <exclusive>
   yes
  </exclusive>
  <sporty>
   no
  </sporty>
 </clothing>
 <clothing>
  <id>
   758442875
  </id>
  <name>
   DC Skirt M-8120
  </name>
  <category>
   Skirt
  </category>
  <size>
   XL
  </size>
  <color>
   Голубой
  </color>
  <material>
   Хлопок
  </material>
  <price>
   697017
  </price>
  <rating>
   1.38
  </rating>
  <reviews>
   906878
  </reviews>
  <exclusive>
   no
  </exclusive>
  <sporty>
   yes
  </sporty>
 </clothing>
 <clothing>
  <id>
   426288205
  </id>
  <name>
   Lacoste Hat T-2560
  </name>
  <category>
   Hat
  </category>
  <size>
   M
  </size>
  <color>
   Желтый
  </color>
  <material>
   Лен
  </material>
  <price>
   343798
  </price>
  <rating>
   2.58
  </rating>
  <reviews>
   61273
  </reviews>
  <new>
   +
  </new>
  <sporty>
   yes
  </sporty>
 </clothing>
 <clothing>
  <id>
   938425092
  </id>
  <name>
   Puma Sweater O-8466
  </name>
  <category>
   Sweater
  </category>
  <size>
   XXL
  </size>
  <color>
   Красный
  </color>
  <material>
   Нейлон
  </material>
  <price>
   598426
  </price>
  <rating>
   3.57
  </rating>
  <reviews>
   568737
  </reviews>
  <new>
   -
  </new>
  <sporty>
   no
  </sporty>
 </clothing>
 <clothing>
  <id>
   134560083
  </id>
  <name>
   DC Umbrellas N-7258
  </name>
  <category>
   Umbrellas
  </category>
  <size>
   M
  </size>
  <color>
   Фиолетовый
  </color>
  <material>
   Лен
  </material>
  <price>
   288171
  </price>
  <rating>
   3.29
  </rating>
  <reviews>
   386946
  </reviews>
  <exclusive>
   no
  </exclusive>
 </clothing>
 <clothing>
  <id>
   975934953
  </id>
  <name>
   Brooks Pants A-9218
  </name>
  <category>
   Pants
  </category>
  <size>
   S
  </size>
  <color>
   Голубой
  </color>
  <material>
   Хлопок
  </material>
  <price>
   598599
  </price>
  <rating>
   3.95
  </rating>
  <reviews>
   504370
  </reviews>
 </clothing>
 <clothing>
  <id>
   713391222
  </id>
  <name>
   Adidas Sweater L-8759
  </name>
  <category>
   Sweater
  </category>
  <size>
   L
  </size>
  <color>
   Оранжевый
  </color>
  <material>
   Шелк
  </material>
  <price>
   123398
  </price>
  <rating>
   2.09
  </rating>
  <reviews>
   307571
  </reviews>
  <exclusive>
   yes
  </exclusive>
 </clothing>
 <clothing>
  <id>
   987087092
  </id>
  <name>
   Adidas Sweater M-2600
  </name>
  <category>
   Sweater
  </category>
  <size>
   M
  </size>
  <color>
   Зеленый
  </color>
  <material>
   Лен
  </material>
  <price>
   200523
  </price>
  <rating>
   4.98
  </rating>
  <reviews>
   531381
  </reviews>
  <new>
   -
  </new>
 </clothing>
 <clothing>
  <id>
   206455667
  </id>
  <name>
   Nike Shoes Y-3303
  </name>
  <category>
   Shoes
  </category>
  <size>
   XXL
  </size>
  <color>
   Оранжевый
  </color>
  <material>
   Нейлон
  </material>
  <price>
   678222
  </price>
  <rating>
   4.61
  </rating>
  <reviews>
   401968
  </reviews>
  <new>
   -
  </new>
  <exclusive>
   no
  </exclusive>
 </clothing>
 <clothing>
  <id>
   177857974
  </id>
  <name>
   Adidas Dress R-1863
  </name>
  <category>
   Dress
  </category>
  <size>
   L
  </size>
  <color>
   Синий
  </color>
  <material>
   Лен
  </material>
  <price>
   686130
  </price>
  <rating>
   3.48
  </rating>
  <reviews>
   220640
  </reviews>
  <new>
   -
  </new>
 </clothing>
 <clothing>
  <id>
   788445011
  </id>
  <name>
   PleinSport Sweater L-7507
  </name>
  <category>
   Sweater
  </category>
  <size>
   S
  </size>
  <color>
   Синий
  </color>
  <material>
   Кожа
  </material>
  <price>
   686510
  </price>
  <rating>
   3.29
  </rating>
  <reviews>
   463304
  </reviews>
 </clothing>
 <clothing>
  <id>
   683522389
  </id>
  <name>
   New Balance Hat X-8615
  </name>
  <category>
   Hat
  </category>
  <size>
   M
  </size>
  <color>
   Фиолетовый
  </color>
  <material>
   Хлопок
  </material>
  <price>
   176028
  </price>
  <rating>
   4.89
  </rating>
  <reviews>
   13207
  </reviews>
  <new>
   -
  </new>
 </clothing>
 <clothing>
  <id>
   764716185
  </id>
  <name>
   Nike Hat L-3355
  </name>
  <category>
   Hat
  </category>
  <size>
   L
  </size>
  <color>
   Голубой
  </color>
  <material>
   Полиэстер
  </material>
  <price>
   759430
  </price>
  <rating>
   3.21
  </rating>
  <reviews>
   880644
  </reviews>
  <new>
   +
  </new>
  <exclusive>
   yes
  </exclusive>
 </clothing>
 <clothing>
  <id>
   327178561
  </id>
  <name>
   Converse Handbags C-9522
  </name>
  <category>
   Handbags
  </category>
  <size>
   M
  </size>
  <color>
   Желтый
  </color>
  <material>
   Шелк
  </material>
  <price>
   746401
  </price>
  <rating>
   2.55
  </rating>
  <reviews>
   605692
  </reviews>
  <new>
   -
  </new>
  <exclusive>
   yes
  </exclusive>
 </clothing>
 <clothing>
  <id>
   222656609
  </id>
  <name>
   Vans Socks U-2481
  </name>
  <category>
   Socks
  </category>
  <size>
   S
  </size>
  <color>
   Зеленый
  </color>
  <material>
   Хлопок
  </material>
  <price>
   459199
  </price>
  <rating>
   4.66
  </rating>
  <reviews>
   112927
  </reviews>
  <new>
   +
  </new>
  <sporty>
   no
  </sporty>
 </clothing>
 <clothing>
  <id>
   602762295
  </id>
  <name>
   Fila Sweater A-8574
  </name>
  <category>
   Sweater
  </category>
  <size>
   L
  </size>
  <color>
   Красный
  </color>
  <material>
   Вискоза
  </material>
  <price>
   691363
  </price>
  <rating>
   2.79
  </rating>
  <reviews>
   876763
  </reviews>
  <new>
   +
  </new>
 </clothing>
 <clothing>
  <id>
   810268366
  </id>
  <name>
   DC Dress K-9589
  </name>
  <category>
   Dress
  </category>
  <size>
   XXL
  </size>
  <color>
   Красный
  </color>
  <material>
   Хлопок
  </material>
  <price>
   432107
  </price>
  <rating>
   1.55
  </rating>
  <reviews>
   731113
  </reviews>
 </clothing>
 <clothing>
  <id>
   591651862
  </id>
  <name>
   Under Armour Sweater S-8806
  </name>
  <category>
   Sweater
  </category>
  <size>
   M
  </size>
  <color>
   Синий
  </color>
  <material>
   Полиэстер
  </material>
  <price>
   182034
  </price>
  <rating>
   1.93
  </rating>
  <reviews>
   160865
  </reviews>
  <new>
   -
  </new>
  <exclusive>
   yes
  </exclusive>
  <sporty>
   yes
  </sporty>
 </clothing>
 <clothing>
  <id>
   556738747
  </id>
  <name>
   Ellesse Dress W-2020
  </name>
  <category>
   Dress
  </category>
  <size>
   L
  </size>
  <color>
   Зеленый
  </color>
  <material>
   Хлопок
  </material>
  <price>
   226799
  </price>
  <rating>
   2.68
  </rating>
  <reviews>
   557150
  </reviews>
  <sporty>
   yes
  </sporty>
 </clothing>
 <clothing>
  <id>
   734695258
  </id>
  <name>
   DC Sweater V-2393
  </name>
  <category>
   Sweater
  </category>
  <size>
   XXL
  </size>
  <color>
   Желтый
  </color>
  <material>
   Кожа
  </material>
  <price>
   860487
  </price>
  <rating>
   1.5
  </rating>
  <reviews>
   14711
  </reviews>
  <sporty>
   no
  </sporty>
 </clothing>
 <clothing>
  <id>
   350827526
  </id>
  <name>
   Vans Pants U-5169
  </name>
  <category>
   Pants
  </category>
  <size>
   M
  </size>
  <color>
   Голубой
  </color>
  <material>
   Кожа
  </material>
  <price>
   936793
  </price>
  <rating>
   4.99
  </rating>
  <reviews>
   12165
  </reviews>
  <new>
   +
  </new>
 </clothing>
 <clothing>
  <id>
   226021809
  </id>
  <name>
   DC Socks D-7288
  </name>
  <category>
   Socks
  </category>
  <size>
   S
  </size>
  <color>
   Зеленый
  </color>
  <material>
   Шерсть
  </material>
  <price>
   308347
  </price>
  <rating>
   4.94
  </rating>
  <reviews>
   638679
  </reviews>
 </clothing>
 <clothing>
  <id>
   882105936
  </id>
  <name>
   New Balance Shoes R-2473
  </name>
  <category>
   Shoes
  </category>
  <size>
   XL
  </size>
  <color>
   Оранжевый
  </color>
  <material>
   Кожа
  </material>
  <price>
   917563
  </price>
  <rating>
   3.32
  </rating>
  <reviews>
   207991
  </reviews>
  <new>
   -
  </new>
  <exclusive>
   no
  </exclusive>
 </clothing>
 <clothing>
  <id>
   567088068
  </id>
  <name>
   Ellesse Pants E-3041
  </name>
  <category>
   Pants
  </category>
  <size>
   M
  </size>
  <color>
   Красный
  </color>
  <material>
   Нейлон
  </material>
  <price>
   717884
  </price>
  <rating>
   4.73
  </rating>
  <reviews>
   92748
  </reviews>
  <new>
   +
  </new>
 </clothing>
 <clothing>
  <id>
   132823564
  </id>
  <name>
   Fila Belts G-6206
  </name>
  <category>
   Belts
  </category>
  <size>
   S
  </size>
  <color>
   Фиолетовый
  </color>
  <material>
   Полиэстер
  </material>
  <price>
   636007
  </price>
  <rating>
   4.95
  </rating>
  <reviews>
   679659
  </reviews>
  <new>
   -
  </new>
 </clothing>
 <clothing>
  <id>
   127406161
  </id>
  <name>
   Brooks Umbrellas G-8473
  </name>
  <category>
   Umbrellas
  </category>
  <size>
   S
  </size>
  <color>
   Желтый
  </color>
  <material>
   Нейлон
  </material>
  <price>
   355113
  </price>
  <rating>
   3.66
  </rating>
  <reviews>
   426659
  </reviews>
  <new>
   -
  </new>
  <exclusive>
   no
  </exclusive>
 </clothing>
 <clothing>
  <id>
   138694689
  </id>
  <name>
   PleinSport Jeans I-8270
  </name>
  <category>
   Jeans
  </category>
  <size>
   L
  </size>
  <color>
   Красный
  </color>
  <material>
   Шелк
  </material>
  <price>
   119348
  </price>
  <rating>
   2.85
  </rating>
  <reviews>
   794641
  </reviews>
  <new>
   -
  </new>
  <sporty>
   yes
  </sporty>
 </clothing>
 <clothing>
  <id>
   343265060
  </id>
  <name>
   New Balance Jeans X-4486
  </name>
  <category>
   Jeans
  </category>
  <size>
   S
  </size>
  <color>
   Фиолетовый
  </color>
  <material>
   Хлопок
  </material>
  <price>
   583338
  </price>
  <rating>
   2.34
  </rating>
  <reviews>
   261190
  </reviews>
  <exclusive>
   no
  </exclusive>
  <sporty>
   yes
  </sporty>
 </clothing>
 <clothing>
  <id>
   386731719
  </id>
  <name>
   Ellesse Pants I-2334
  </name>
  <category>
   Pants
  </category>
  <size>
   XL
  </size>
  <color>
   Красный
  </color>
  <material>
   Лен
  </material>
  <price>
   404925
  </price>
  <rating>
   2.3
  </rating>
  <reviews>
   773514
  </reviews>
  <new>
   +
  </new>
  <exclusive>
   no
  </exclusive>
  <sporty>
   no
  </sporty>
 </clothing>
 <clothing>
  <id>
   564204173
  </id>
  <name>
   Converse Gloves O-8187
  </name>
  <category>
   Gloves
  </category>
  <size>
   S
  </size>
  <color>
   Голубой
  </color>
  <material>
   Лен
  </material>
  <price>
   603751
  </price>
  <rating>
   3.65
  </rating>
  <reviews>
   780084
  </reviews>
  <new>
   -
  </new>
  <exclusive>
   no
  </exclusive>
  <sporty>
   yes
  </sporty>
 </clothing>
 <clothing>
  <id>
   838709475
  </id>
  <name>
   Nike Jacket H-3267
  </name>
  <category>
   Jacket
  </category>
  <size>
   XXL
  </size>
  <color>
   Оранжевый
  </color>
  <material>
   Вискоза
  </material>
  <price>
   111829
  </price>
  <rating>
   4.47
  </rating>
  <reviews>
   202015
  </reviews>
  <new>
   -
  </new>
  <exclusive>
   no
  </exclusive>
  <sporty>
   no
  </sporty>
 </clothing>
 <clothing>
  <id>
   737888376
  </id>
  <name>
   Reebok Umbrellas M-7744
  </name>
  <category>
   Umbrellas
  </category>
  <size>
   S
  </size>
  <color>
   Красный
  </color>
  <material>
   Полиэстер
  </material>
  <price>
   228507
  </price>
  <rating>
   1.0
  </rating>
  <reviews>
   626913
  </reviews>
  <sporty>
   yes
  </sporty>
 </clothing>
 <clothing>
  <id>
   628698974
  </id>
  <name>
   Vans Socks W-9368
  </name>
  <category>
   Socks
  </category>
  <size>
   M
  </size>
  <color>
   Фиолетовый
  </color>
  <material>
   Шелк
  </material>
  <price>
   273653
  </price>
  <rating>
   1.86
  </rating>
  <reviews>
   979613
  </reviews>
  <new>
   -
  </new>
  <exclusive>
   no
  </exclusive>
  <sporty>
   yes
  </sporty>
 </clothing>
 <clothing>
  <id>
   702606551
  </id>
  <name>
   Brooks Shirt U-4846
  </name>
  <category>
   Shirt
  </category>
  <size>
   L
  </size>
  <color>
   Голубой
  </color>
  <material>
   Хлопок
  </material>
  <price>
   432443
  </price>
  <rating>
   3.46
  </rating>
  <reviews>
   611889
  </reviews>
  <new>
   -
  </new>
  <exclusive>
   no
  </exclusive>
 </clothing>
 <clothing>
  <id>
   159441837
  </id>
  <name>
   New Balance Shoes Z-3261
  </name>
  <category>
   Shoes
  </category>
  <size>
   XL
  </size>
  <color>
   Голубой
  </color>
  <material>
   Хлопок
  </material>
  <price>
   379245
  </price>
  <rating>
   2.37
  </rating>
  <reviews>
   508874
  </reviews>
  <exclusive>
   yes
  </exclusive>
 </clothing>
 <clothing>
  <id>
   970370463
  </id>
  <name>
   Under Armour Jacket Z-9010
  </name>
  <category>
   Jacket
  </category>
  <size>
   S
  </size>
  <color>
   Фиолетовый
  </color>
  <material>
   Нейлон
  </material>
  <price>
   627205
  </price>
  <rating>
   1.19
  </rating>
  <reviews>
   983798
  </reviews>
  <exclusive>
   yes
  </exclusive>
  <sporty>
   no
  </sporty>
 </clothing>
 <clothing>
  <id>
   857975030
  </id>
  <name>
   Addidas Blouse L-2142
  </name>
  <category>
   Blouse
  </category>
  <size>
   XXL
  </size>
  <color>
   Оранжевый
  </color>
  <material>
   Шерсть
  </material>
  <price>
   816974
  </price>
  <rating>
   2.88
  </rating>
  <reviews>
   990584
  </reviews>
  <new>
   +
  </new>
  <exclusive>
   yes
  </exclusive>
 </clothing>
 <clothing>
  <id>
   355254450
  </id>
  <name>
   Under Armour Gloves D-5423
  </name>
  <category>
   Gloves
  </category>
  <size>
   S
  </size>
  <color>
   Синий
  </color>
  <material>
   Хлопок
  </material>
  <price>
   143094
  </price>
  <rating>
   4.26
  </rating>
  <reviews>
   565822
  </reviews>
  <new>
   -
  </new>
  <sporty>
   yes
  </sporty>
 </clothing>
 <clothing>
  <id>
   113277080
  </id>
  <name>
   Converse Belts C-2273
  </name>
  <category>
   Belts
  </category>
  <size>
   XL
  </size>
  <color>
   Голубой
  </color>
  <material>
   Хлопок
  </material>
  <price>
   744165
  </price>
  <rating>
   4.04
  </rating>
  <reviews>
   908571
  </reviews>
  <exclusive>
   yes
  </exclusive>
  <sporty>
   yes
  </sporty>
 </clothing>
 <clothing>
  <id>
   426488556
  </id>
  <name>
   Ellesse T-shirt I-4046
  </name>
  <category>
   T-shirt
  </category>
  <size>
   S
  </size>
  <color>
   Фиолетовый
  </color>
  <material>
   Вискоза
  </material>
  <price>
   339448
  </price>
  <rating>
   4.15
  </rating>
  <reviews>
   724128
  </reviews>
  <new>
   -
  </new>
  <sporty>
   no
  </sporty>
 </clothing>
</clothing-items>
