<?xml version="1.0" encoding="utf-8"?>
<clothing-items>
 <clothing>
  <id>
   907276026
  </id>
  <name>
   Reebok Umbrellas E-3376
  </name>
  <category>
   Umbrellas
  </category>
  <size>
   XL
  </size>
  <color>
   Синий
  </color>
  <material>
   Кожа
  </material>
  <price>
   839064
  </price>
  <rating>
   4.75
  </rating>
  <reviews>
   542369
  </reviews>
  <exclusive>
   no
  </exclusive>
  <sporty>
   no
  </sporty>
 </clothing>
 <clothing>
  <id>
   952464595
  </id>
  <name>
   Brooks Handbags F-2491
  </name>
  <category>
   Handbags
  </category>
  <size>
   XXL
  </size>
  <color>
   Зеленый
  </color>
  <material>
   Полиэстер
  </material>
  <price>
   440866
  </price>
  <rating>
   1.49
  </rating>
  <reviews>
   669558
  </reviews>
  <exclusive>
   yes
  </exclusive>
 </clothing>
 <clothing>
  <id>
   734232329
  </id>
  <name>
   Ellesse Hat C-7779
  </name>
  <category>
   Hat
  </category>
  <size>
   M
  </size>
  <color>
   Фиолетовый
  </color>
  <material>
   Вискоза
  </material>
  <price>
   308145
  </price>
  <rating>
   3.92
  </rating>
  <reviews>
   672647
  </reviews>
  <new>
   +
  </new>
  <exclusive>
   no
  </exclusive>
  <sporty>
   no
  </sporty>
 </clothing>
 <clothing>
  <id>
   286433536
  </id>
  <name>
   Nike T-shirt V-7250
  </name>
  <category>
   T-shirt
  </category>
  <size>
   XXL
  </size>
  <color>
   Фиолетовый
  </color>
  <material>
   Шерсть
  </material>
  <price>
   757737
  </price>
  <rating>
   4.83
  </rating>
  <reviews>
   158647
  </reviews>
  <new>
   -
  </new>
  <sporty>
   no
  </sporty>
 </clothing>
 <clothing>
  <id>
   870375480
  </id>
  <name>
   Brooks Socks R-8775
  </name>
  <category>
   Socks
  </category>
  <size>
   L
  </size>
  <color>
   Голубой
  </color>
  <material>
   Шерсть
  </material>
  <price>
   868342
  </price>
  <rating>
   4.93
  </rating>
  <reviews>
   908614
  </reviews>
  <exclusive>
   yes
  </exclusive>
  <sporty>
   yes
  </sporty>
 </clothing>
 <clothing>
  <id>
   465367127
  </id>
  <name>
   New Balance Jeans K-5262
  </name>
  <category>
   Jeans
  </category>
  <size>
   XXL
  </size>
  <color>
   Желтый
  </color>
  <material>
   Нейлон
  </material>
  <price>
   558736
  </price>
  <rating>
   1.24
  </rating>
  <reviews>
   97313
  </reviews>
  <exclusive>
   no
  </exclusive>
 </clothing>
 <clothing>
  <id>
   610577305
  </id>
  <name>
   Asics Dress H-6141
  </name>
  <category>
   Dress
  </category>
  <size>
   L
  </size>
  <color>
   Желтый
  </color>
  <material>
   Шелк
  </material>
  <price>
   617329
  </price>
  <rating>
   2.36
  </rating>
  <reviews>
   687649
  </reviews>
  <new>
   +
  </new>
  <exclusive>
   yes
  </exclusive>
 </clothing>
 <clothing>
  <id>
   826543985
  </id>
  <name>
   Nike Jeans S-6975
  </name>
  <category>
   Jeans
  </category>
  <size>
   XL
  </size>
  <color>
   Голубой
  </color>
  <material>
   Кожа
  </material>
  <price>
   232445
  </price>
  <rating>
   4.33
  </rating>
  <reviews>
   261871
  </reviews>
  <new>
   +
  </new>
 </clothing>
 <clothing>
  <id>
   203760173
  </id>
  <name>
   Puma Hat O-6387
  </name>
  <category>
   Hat
  </category>
  <size>
   L
  </size>
  <color>
   Красный
  </color>
  <material>
   Лен
  </material>
  <price>
   462181
  </price>
  <rating>
   4.92
  </rating>
  <reviews>
   960352
  </reviews>
  <new>
   +
  </new>
  <sporty>
   no
  </sporty>
 </clothing>
 <clothing>
  <id>
   737271378
  </id>
  <name>
   PleinSport Skirt Q-6549
  </name>
  <category>
   Skirt
  </category>
  <size>
   XL
  </size>
  <color>
   Голубой
  </color>
  <material>
   Вискоза
  </material>
  <price>
   885125
  </price>
  <rating>
   4.19
  </rating>
  <reviews>
   258409
  </reviews>
  <new>
   +
  </new>
  <exclusive>
   no
  </exclusive>
  <sporty>
   yes
  </sporty>
 </clothing>
 <clothing>
  <id>
   277476497
  </id>
  <name>
   Nike Hat D-1322
  </name>
  <category>
   Hat
  </category>
  <size>
   L
  </size>
  <color>
   Красный
  </color>
  <material>
   Полиэстер
  </material>
  <price>
   768855
  </price>
  <rating>
   3.02
  </rating>
  <reviews>
   681678
  </reviews>
  <exclusive>
   no
  </exclusive>
  <sporty>
   yes
  </sporty>
 </clothing>
 <clothing>
  <id>
   587041024
  </id>
  <name>
   Lacoste T-shirt T-2389
  </name>
  <category>
   T-shirt
  </category>
  <size>
   XXL
  </size>
  <color>
   Голубой
  </color>
  <material>
   Шелк
  </material>
  <price>
   723437
  </price>
  <rating>
   2.32
  </rating>
  <reviews>
   207332
  </reviews>
  <exclusive>
   yes
  </exclusive>
  <sporty>
   no
  </sporty>
 </clothing>
 <clothing>
  <id>
   881855726
  </id>
  <name>
   PleinSport Socks K-9850
  </name>
  <category>
   Socks
  </category>
  <size>
   L
  </size>
  <color>
   Голубой
  </color>
  <material>
   Полиэстер
  </material>
  <price>
   907996
  </price>
  <rating>
   3.95
  </rating>
  <reviews>
   262252
  </reviews>
  <exclusive>
   yes
  </exclusive>
  <sporty>
   yes
  </sporty>
 </clothing>
 <clothing>
  <id>
   759964910
  </id>
  <name>
   DC Shirt Y-2442
  </name>
  <category>
   Shirt
  </category>
  <size>
   L
  </size>
  <color>
   Оранжевый
  </color>
  <material>
   Лен
  </material>
  <price>
   702623
  </price>
  <rating>
   4.83
  </rating>
  <reviews>
   978476
  </reviews>
  <sporty>
   no
  </sporty>
 </clothing>
 <clothing>
  <id>
   262906781
  </id>
  <name>
   Adidas Umbrellas N-3608
  </name>
  <category>
   Umbrellas
  </category>
  <size>
   S
  </size>
  <color>
   Голубой
  </color>
  <material>
   Кожа
  </material>
  <price>
   807881
  </price>
  <rating>
   3.45
  </rating>
  <reviews>
   790812
  </reviews>
  <new>
   +
  </new>
  <exclusive>
   yes
  </exclusive>
  <sporty>
   no
  </sporty>
 </clothing>
 <clothing>
  <id>
   760351149
  </id>
  <name>
   Reebok Gloves R-9052
  </name>
  <category>
   Gloves
  </category>
  <size>
   L
  </size>
  <color>
   Красный
  </color>
  <material>
   Хлопок
  </material>
  <price>
   476845
  </price>
  <rating>
   1.34
  </rating>
  <reviews>
   84200
  </reviews>
  <exclusive>
   no
  </exclusive>
  <sporty>
   yes
  </sporty>
 </clothing>
 <clothing>
  <id>
   501433819
  </id>
  <name>
   Puma Jeans N-4074
  </name>
  <category>
   Jeans
  </category>
  <size>
   M
  </size>
  <color>
   Фиолетовый
  </color>
  <material>
   Полиэстер
  </material>
  <price>
   557462
  </price>
  <rating>
   4.14
  </rating>
  <reviews>
   742415
  </reviews>
  <new>
   -
  </new>
  <sporty>
   no
  </sporty>
 </clothing>
 <clothing>
  <id>
   502764051
  </id>
  <name>
   Brooks Hat X-6010
  </name>
  <category>
   Hat
  </category>
  <size>
   L
  </size>
  <color>
   Красный
  </color>
  <material>
   Нейлон
  </material>
  <price>
   138970
  </price>
  <rating>
   3.9
  </rating>
  <reviews>
   641866
  </reviews>
  <new>
   +
  </new>
  <sporty>
   yes
  </sporty>
 </clothing>
 <clothing>
  <id>
   370404309
  </id>
  <name>
   Brooks Belts N-4547
  </name>
  <category>
   Belts
  </category>
  <size>
   XXL
  </size>
  <color>
   Зеленый
  </color>
  <material>
   Шерсть
  </material>
  <price>
   638677
  </price>
  <rating>
   4.37
  </rating>
  <reviews>
   145917
  </reviews>
  <exclusive>
   yes
  </exclusive>
  <sporty>
   yes
  </sporty>
 </clothing>
 <clothing>
  <id>
   744420700
  </id>
  <name>
   Ellesse Skirt K-9621
  </name>
  <category>
   Skirt
  </category>
  <size>
   S
  </size>
  <color>
   Оранжевый
  </color>
  <material>
   Вискоза
  </material>
  <price>
   366792
  </price>
  <rating>
   4.43
  </rating>
  <reviews>
   577572
  </reviews>
  <exclusive>
   yes
  </exclusive>
  <sporty>
   no
  </sporty>
 </clothing>
 <clothing>
  <id>
   288383611
  </id>
  <name>
   Brooks Dress S-3137
  </name>
  <category>
   Dress
  </category>
  <size>
   L
  </size>
  <color>
   Красный
  </color>
  <material>
   Нейлон
  </material>
  <price>
   861119
  </price>
  <rating>
   1.89
  </rating>
  <reviews>
   539486
  </reviews>
  <new>
   -
  </new>
  <sporty>
   no
  </sporty>
 </clothing>
 <clothing>
  <id>
   793622386
  </id>
  <name>
   New Balance Jacket X-4826
  </name>
  <category>
   Jacket
  </category>
  <size>
   S
  </size>
  <color>
   Синий
  </color>
  <material>
   Нейлон
  </material>
  <price>
   873993
  </price>
  <rating>
   2.75
  </rating>
  <reviews>
   651175
  </reviews>
  <new>
   -
  </new>
  <sporty>
   no
  </sporty>
 </clothing>
 <clothing>
  <id>
   413823898
  </id>
  <name>
   Under Armour Pants V-2304
  </name>
  <category>
   Pants
  </category>
  <size>
   M
  </size>
  <color>
   Синий
  </color>
  <material>
   Шелк
  </material>
  <price>
   467392
  </price>
  <rating>
   4.2
  </rating>
  <reviews>
   487222
  </reviews>
  <sporty>
   no
  </sporty>
 </clothing>
 <clothing>
  <id>
   838679604
  </id>
  <name>
   Adidas Blouse S-3733
  </name>
  <category>
   Blouse
  </category>
  <size>
   S
  </size>
  <color>
   Голубой
  </color>
  <material>
   Шелк
  </material>
  <price>
   449491
  </price>
  <rating>
   1.57
  </rating>
  <reviews>
   120909
  </reviews>
 </clothing>
 <clothing>
  <id>
   349886142
  </id>
  <name>
   Vans Belts K-7317
  </name>
  <category>
   Belts
  </category>
  <size>
   XXL
  </size>
  <color>
   Желтый
  </color>
  <material>
   Вискоза
  </material>
  <price>
   579076
  </price>
  <rating>
   2.28
  </rating>
  <reviews>
   635311
  </reviews>
  <exclusive>
   yes
  </exclusive>
 </clothing>
 <clothing>
  <id>
   935966072
  </id>
  <name>
   Converse Umbrellas U-1487
  </name>
  <category>
   Umbrellas
  </category>
  <size>
   XXL
  </size>
  <color>
   Желтый
  </color>
  <material>
   Полиэстер
  </material>
  <price>
   384404
  </price>
  <rating>
   1.42
  </rating>
  <reviews>
   147310
  </reviews>
  <new>
   -
  </new>
  <exclusive>
   yes
  </exclusive>
  <sporty>
   no
  </sporty>
 </clothing>
 <clothing>
  <id>
   581311160
  </id>
  <name>
   Adidas Pants F-4708
  </name>
  <category>
   Pants
  </category>
  <size>
   M
  </size>
  <color>
   Красный
  </color>
  <material>
   Нейлон
  </material>
  <price>
   788848
  </price>
  <rating>
   3.41
  </rating>
  <reviews>
   763052
  </reviews>
  <exclusive>
   no
  </exclusive>
  <sporty>
   no
  </sporty>
 </clothing>
 <clothing>
  <id>
   587339063
  </id>
  <name>
   DC Hat J-5784
  </name>
  <category>
   Hat
  </category>
  <size>
   L
  </size>
  <color>
   Голубой
  </color>
  <material>
   Вискоза
  </material>
  <price>
   912145
  </price>
  <rating>
   3.17
  </rating>
  <reviews>
   929859
  </reviews>
  <new>
   -
  </new>
 </clothing>
 <clothing>
  <id>
   932430169
  </id>
  <name>
   Puma Gloves N-1547
  </name>
  <category>
   Gloves
  </category>
  <size>
   XL
  </size>
  <color>
   Зеленый
  </color>
  <material>
   Полиэстер
  </material>
  <price>
   280474
  </price>
  <rating>
   1.49
  </rating>
  <reviews>
   370044
  </reviews>
  <new>
   -
  </new>
  <exclusive>
   no
  </exclusive>
  <sporty>
   yes
  </sporty>
 </clothing>
 <clothing>
  <id>
   214622300
  </id>
  <name>
   Addidas Shirt Y-9497
  </name>
  <category>
   Shirt
  </category>
  <size>
   S
  </size>
  <color>
   Красный
  </color>
  <material>
   Кожа
  </material>
  <price>
   558861
  </price>
  <rating>
   4.0
  </rating>
  <reviews>
   948312
  </reviews>
 </clothing>
 <clothing>
  <id>
   798485443
  </id>
  <name>
   Asics Jacket L-2378
  </name>
  <category>
   Jacket
  </category>
  <size>
   XXL
  </size>
  <color>
   Оранжевый
  </color>
  <material>
   Лен
  </material>
  <price>
   418686
  </price>
  <rating>
   4.89
  </rating>
  <reviews>
   810683
  </reviews>
  <sporty>
   no
  </sporty>
 </clothing>
 <clothing>
  <id>
   589285589
  </id>
  <name>
   Adidas T-shirt L-3669
  </name>
  <category>
   T-shirt
  </category>
  <size>
   XL
  </size>
  <color>
   Красный
  </color>
  <material>
   Шерсть
  </material>
  <price>
   465257
  </price>
  <rating>
   3.98
  </rating>
  <reviews>
   46263
  </reviews>
 </clothing>
 <clothing>
  <id>
   797476341
  </id>
  <name>
   Vans Gloves E-9483
  </name>
  <category>
   Gloves
  </category>
  <size>
   S
  </size>
  <color>
   Оранжевый
  </color>
  <material>
   Лен
  </material>
  <price>
   953373
  </price>
  <rating>
   2.45
  </rating>
  <reviews>
   76071
  </reviews>
  <new>
   -
  </new>
  <exclusive>
   yes
  </exclusive>
  <sporty>
   no
  </sporty>
 </clothing>
</clothing-items>
