<?xml version="1.0" encoding="utf-8"?>
<clothing-items>
 <clothing>
  <id>
   333099103
  </id>
  <name>
   Reebok Socks L-3771
  </name>
  <category>
   Socks
  </category>
  <size>
   L
  </size>
  <color>
   Желтый
  </color>
  <material>
   Нейлон
  </material>
  <price>
   609587
  </price>
  <rating>
   2.03
  </rating>
  <reviews>
   73215
  </reviews>
  <sporty>
   no
  </sporty>
 </clothing>
 <clothing>
  <id>
   506743786
  </id>
  <name>
   Nike T-shirt B-1536
  </name>
  <category>
   T-shirt
  </category>
  <size>
   M
  </size>
  <color>
   Фиолетовый
  </color>
  <material>
   Шелк
  </material>
  <price>
   920890
  </price>
  <rating>
   2.21
  </rating>
  <reviews>
   478313
  </reviews>
  <exclusive>
   yes
  </exclusive>
 </clothing>
 <clothing>
  <id>
   823075129
  </id>
  <name>
   Puma Belts Y-7745
  </name>
  <category>
   Belts
  </category>
  <size>
   L
  </size>
  <color>
   Оранжевый
  </color>
  <material>
   Полиэстер
  </material>
  <price>
   949436
  </price>
  <rating>
   2.58
  </rating>
  <reviews>
   179320
  </reviews>
  <new>
   -
  </new>
 </clothing>
 <clothing>
  <id>
   713781911
  </id>
  <name>
   Converse Jacket S-2049
  </name>
  <category>
   Jacket
  </category>
  <size>
   M
  </size>
  <color>
   Желтый
  </color>
  <material>
   Полиэстер
  </material>
  <price>
   379561
  </price>
  <rating>
   1.5
  </rating>
  <reviews>
   708985
  </reviews>
  <new>
   -
  </new>
  <exclusive>
   no
  </exclusive>
 </clothing>
 <clothing>
  <id>
   305812872
  </id>
  <name>
   Brooks Umbrellas H-8485
  </name>
  <category>
   Umbrellas
  </category>
  <size>
   XL
  </size>
  <color>
   Желтый
  </color>
  <material>
   Полиэстер
  </material>
  <price>
   633197
  </price>
  <rating>
   1.51
  </rating>
  <reviews>
   602822
  </reviews>
  <new>
   +
  </new>
  <exclusive>
   no
  </exclusive>
 </clothing>
 <clothing>
  <id>
   797339737
  </id>
  <name>
   DC T-shirt X-2482
  </name>
  <category>
   T-shirt
  </category>
  <size>
   L
  </size>
  <color>
   Оранжевый
  </color>
  <material>
   Полиэстер
  </material>
  <price>
   959719
  </price>
  <rating>
   4.94
  </rating>
  <reviews>
   228927
  </reviews>
  <new>
   +
  </new>
  <exclusive>
   yes
  </exclusive>
 </clothing>
 <clothing>
  <id>
   393602402
  </id>
  <name>
   Brooks Pants O-9968
  </name>
  <category>
   Pants
  </category>
  <size>
   XXL
  </size>
  <color>
   Красный
  </color>
  <material>
   Кожа
  </material>
  <price>
   240966
  </price>
  <rating>
   1.39
  </rating>
  <reviews>
   926264
  </reviews>
  <new>
   -
  </new>
  <exclusive>
   no
  </exclusive>
  <sporty>
   yes
  </sporty>
 </clothing>
 <clothing>
  <id>
   224972848
  </id>
  <name>
   Asics Pants I-9552
  </name>
  <category>
   Pants
  </category>
  <size>
   XL
  </size>
  <color>
   Оранжевый
  </color>
  <material>
   Нейлон
  </material>
  <price>
   955462
  </price>
  <rating>
   3.17
  </rating>
  <reviews>
   532620
  </reviews>
  <exclusive>
   yes
  </exclusive>
  <sporty>
   no
  </sporty>
 </clothing>
 <clothing>
  <id>
   902057302
  </id>
  <name>
   Reebok Gloves N-2660
  </name>
  <category>
   Gloves
  </category>
  <size>
   S
  </size>
  <color>
   Фиолетовый
  </color>
  <material>
   Хлопок
  </material>
  <price>
   262259
  </price>
  <rating>
   4.93
  </rating>
  <reviews>
   355815
  </reviews>
  <new>
   +
  </new>
  <sporty>
   yes
  </sporty>
 </clothing>
 <clothing>
  <id>
   818460325
  </id>
  <name>
   Lacoste Sweater V-9284
  </name>
  <category>
   Sweater
  </category>
  <size>
   S
  </size>
  <color>
   Голубой
  </color>
  <material>
   Шелк
  </material>
  <price>
   851120
  </price>
  <rating>
   2.09
  </rating>
  <reviews>
   22804
  </reviews>
  <new>
   -
  </new>
  <exclusive>
   no
  </exclusive>
 </clothing>
 <clothing>
  <id>
   194156379
  </id>
  <name>
   New Balance Shoes L-8015
  </name>
  <category>
   Shoes
  </category>
  <size>
   XL
  </size>
  <color>
   Красный
  </color>
  <material>
   Вискоза
  </material>
  <price>
   371958
  </price>
  <rating>
   3.31
  </rating>
  <reviews>
   546738
  </reviews>
  <exclusive>
   no
  </exclusive>
 </clothing>
 <clothing>
  <id>
   368623979
  </id>
  <name>
   PleinSport Socks N-6632
  </name>
  <category>
   Socks
  </category>
  <size>
   S
  </size>
  <color>
   Синий
  </color>
  <material>
   Лен
  </material>
  <price>
   932631
  </price>
  <rating>
   3.24
  </rating>
  <reviews>
   576435
  </reviews>
  <exclusive>
   yes
  </exclusive>
  <sporty>
   no
  </sporty>
 </clothing>
 <clothing>
  <id>
   292461739
  </id>
  <name>
   PleinSport Socks T-8682
  </name>
  <category>
   Socks
  </category>
  <size>
   XXL
  </size>
  <color>
   Желтый
  </color>
  <material>
   Нейлон
  </material>
  <price>
   158866
  </price>
  <rating>
   1.84
  </rating>
  <reviews>
   192780
  </reviews>
 </clothing>
 <clothing>
  <id>
   179564290
  </id>
  <name>
   Adidas Jacket V-9345
  </name>
  <category>
   Jacket
  </category>
  <size>
   XL
  </size>
  <color>
   Зеленый
  </color>
  <material>
   Кожа
  </material>
  <price>
   389299
  </price>
  <rating>
   4.04
  </rating>
  <reviews>
   987802
  </reviews>
  <exclusive>
   yes
  </exclusive>
 </clothing>
 <clothing>
  <id>
   826625886
  </id>
  <name>
   Nike Pants V-2100
  </name>
  <category>
   Pants
  </category>
  <size>
   L
  </size>
  <color>
   Оранжевый
  </color>
  <material>
   Лен
  </material>
  <price>
   912639
  </price>
  <rating>
   3.69
  </rating>
  <reviews>
   674990
  </reviews>
  <new>
   -
  </new>
  <sporty>
   yes
  </sporty>
 </clothing>
 <clothing>
  <id>
   154975230
  </id>
  <name>
   Nike Blouse R-6743
  </name>
  <category>
   Blouse
  </category>
  <size>
   M
  </size>
  <color>
   Голубой
  </color>
  <material>
   Хлопок
  </material>
  <price>
   832590
  </price>
  <rating>
   1.57
  </rating>
  <reviews>
   702625
  </reviews>
  <new>
   +
  </new>
  <sporty>
   no
  </sporty>
 </clothing>
 <clothing>
  <id>
   811999161
  </id>
  <name>
   New Balance Socks I-7312
  </name>
  <category>
   Socks
  </category>
  <size>
   S
  </size>
  <color>
   Зеленый
  </color>
  <material>
   Вискоза
  </material>
  <price>
   316412
  </price>
  <rating>
   2.78
  </rating>
  <reviews>
   563908
  </reviews>
  <new>
   -
  </new>
  <exclusive>
   yes
  </exclusive>
 </clothing>
 <clothing>
  <id>
   547479698
  </id>
  <name>
   Nike Pants A-1879
  </name>
  <category>
   Pants
  </category>
  <size>
   M
  </size>
  <color>
   Зеленый
  </color>
  <material>
   Шелк
  </material>
  <price>
   846547
  </price>
  <rating>
   1.01
  </rating>
  <reviews>
   651035
  </reviews>
  <new>
   +
  </new>
  <exclusive>
   no
  </exclusive>
 </clothing>
 <clothing>
  <id>
   224823767
  </id>
  <name>
   New Balance Jacket C-3643
  </name>
  <category>
   Jacket
  </category>
  <size>
   L
  </size>
  <color>
   Синий
  </color>
  <material>
   Вискоза
  </material>
  <price>
   963429
  </price>
  <rating>
   3.83
  </rating>
  <reviews>
   806705
  </reviews>
  <new>
   -
  </new>
  <exclusive>
   no
  </exclusive>
  <sporty>
   no
  </sporty>
 </clothing>
 <clothing>
  <id>
   508081483
  </id>
  <name>
   Addidas Gloves M-1060
  </name>
  <category>
   Gloves
  </category>
  <size>
   L
  </size>
  <color>
   Фиолетовый
  </color>
  <material>
   Лен
  </material>
  <price>
   370333
  </price>
  <rating>
   4.32
  </rating>
  <reviews>
   517742
  </reviews>
 </clothing>
 <clothing>
  <id>
   247363354
  </id>
  <name>
   Adidas Jeans U-4504
  </name>
  <category>
   Jeans
  </category>
  <size>
   S
  </size>
  <color>
   Оранжевый
  </color>
  <material>
   Полиэстер
  </material>
  <price>
   900287
  </price>
  <rating>
   3.55
  </rating>
  <reviews>
   935600
  </reviews>
  <new>
   +
  </new>
  <exclusive>
   yes
  </exclusive>
  <sporty>
   yes
  </sporty>
 </clothing>
 <clothing>
  <id>
   447007525
  </id>
  <name>
   Asics Umbrellas X-6509
  </name>
  <category>
   Umbrellas
  </category>
  <size>
   L
  </size>
  <color>
   Красный
  </color>
  <material>
   Вискоза
  </material>
  <price>
   159878
  </price>
  <rating>
   2.11
  </rating>
  <reviews>
   97397
  </reviews>
  <exclusive>
   no
  </exclusive>
 </clothing>
 <clothing>
  <id>
   126431543
  </id>
  <name>
   Vans Handbags S-1549
  </name>
  <category>
   Handbags
  </category>
  <size>
   XL
  </size>
  <color>
   Зеленый
  </color>
  <material>
   Шелк
  </material>
  <price>
   614345
  </price>
  <rating>
   3.36
  </rating>
  <reviews>
   50566
  </reviews>
  <exclusive>
   yes
  </exclusive>
 </clothing>
 <clothing>
  <id>
   353258604
  </id>
  <name>
   Puma Hat U-4087
  </name>
  <category>
   Hat
  </category>
  <size>
   XL
  </size>
  <color>
   Оранжевый
  </color>
  <material>
   Вискоза
  </material>
  <price>
   467529
  </price>
  <rating>
   1.87
  </rating>
  <reviews>
   914407
  </reviews>
  <exclusive>
   yes
  </exclusive>
  <sporty>
   no
  </sporty>
 </clothing>
 <clothing>
  <id>
   968474078
  </id>
  <name>
   Asics Jacket W-7145
  </name>
  <category>
   Jacket
  </category>
  <size>
   M
  </size>
  <color>
   Оранжевый
  </color>
  <material>
   Нейлон
  </material>
  <price>
   947393
  </price>
  <rating>
   4.5
  </rating>
  <reviews>
   65637
  </reviews>
  <new>
   -
  </new>
  <sporty>
   no
  </sporty>
 </clothing>
 <clothing>
  <id>
   979140661
  </id>
  <name>
   PleinSport Gloves A-5278
  </name>
  <category>
   Gloves
  </category>
  <size>
   XXL
  </size>
  <color>
   Зеленый
  </color>
  <material>
   Полиэстер
  </material>
  <price>
   482208
  </price>
  <rating>
   2.04
  </rating>
  <reviews>
   258785
  </reviews>
  <new>
   -
  </new>
 </clothing>
 <clothing>
  <id>
   870272659
  </id>
  <name>
   DC Blouse R-2500
  </name>
  <category>
   Blouse
  </category>
  <size>
   XL
  </size>
  <color>
   Оранжевый
  </color>
  <material>
   Нейлон
  </material>
  <price>
   171741
  </price>
  <rating>
   2.72
  </rating>
  <reviews>
   264949
  </reviews>
  <new>
   +
  </new>
  <exclusive>
   no
  </exclusive>
  <sporty>
   yes
  </sporty>
 </clothing>
 <clothing>
  <id>
   465937843
  </id>
  <name>
   DC Umbrellas O-5127
  </name>
  <category>
   Umbrellas
  </category>
  <size>
   S
  </size>
  <color>
   Зеленый
  </color>
  <material>
   Хлопок
  </material>
  <price>
   833332
  </price>
  <rating>
   1.1
  </rating>
  <reviews>
   839559
  </reviews>
  <exclusive>
   yes
  </exclusive>
  <sporty>
   yes
  </sporty>
 </clothing>
 <clothing>
  <id>
   514564558
  </id>
  <name>
   Vans T-shirt R-9230
  </name>
  <category>
   T-shirt
  </category>
  <size>
   M
  </size>
  <color>
   Красный
  </color>
  <material>
   Шерсть
  </material>
  <price>
   503567
  </price>
  <rating>
   3.62
  </rating>
  <reviews>
   727270
  </reviews>
  <sporty>
   no
  </sporty>
 </clothing>
 <clothing>
  <id>
   177230771
  </id>
  <name>
   PleinSport Jacket Y-3029
  </name>
  <category>
   Jacket
  </category>
  <size>
   L
  </size>
  <color>
   Фиолетовый
  </color>
  <material>
   Полиэстер
  </material>
  <price>
   572031
  </price>
  <rating>
   2.76
  </rating>
  <reviews>
   564718
  </reviews>
  <new>
   +
  </new>
  <exclusive>
   no
  </exclusive>
  <sporty>
   no
  </sporty>
 </clothing>
 <clothing>
  <id>
   353436286
  </id>
  <name>
   Addidas Belts I-6948
  </name>
  <category>
   Belts
  </category>
  <size>
   S
  </size>
  <color>
   Фиолетовый
  </color>
  <material>
   Нейлон
  </material>
  <price>
   594334
  </price>
  <rating>
   4.69
  </rating>
  <reviews>
   468196
  </reviews>
  <sporty>
   no
  </sporty>
 </clothing>
 <clothing>
  <id>
   224083692
  </id>
  <name>
   Fila Gloves L-9926
  </name>
  <category>
   Gloves
  </category>
  <size>
   S
  </size>
  <color>
   Голубой
  </color>
  <material>
   Шерсть
  </material>
  <price>
   622809
  </price>
  <rating>
   2.65
  </rating>
  <reviews>
   408734
  </reviews>
  <new>
   -
  </new>
  <exclusive>
   yes
  </exclusive>
  <sporty>
   no
  </sporty>
 </clothing>
 <clothing>
  <id>
   114653415
  </id>
  <name>
   New Balance Sweater Y-6222
  </name>
  <category>
   Sweater
  </category>
  <size>
   M
  </size>
  <color>
   Голубой
  </color>
  <material>
   Нейлон
  </material>
  <price>
   992511
  </price>
  <rating>
   4.48
  </rating>
  <reviews>
   51030
  </reviews>
  <new>
   -
  </new>
  <exclusive>
   no
  </exclusive>
 </clothing>
</clothing-items>
