<?xml version="1.0" encoding="utf-8"?>
<clothing-items>
 <clothing>
  <id>
   514885622
  </id>
  <name>
   Fila Belts V-8583
  </name>
  <category>
   Belts
  </category>
  <size>
   S
  </size>
  <color>
   Оранжевый
  </color>
  <material>
   Кожа
  </material>
  <price>
   382482
  </price>
  <rating>
   3.8
  </rating>
  <reviews>
   986332
  </reviews>
  <sporty>
   yes
  </sporty>
 </clothing>
 <clothing>
  <id>
   558803465
  </id>
  <name>
   Addidas Shirt Q-7368
  </name>
  <category>
   Shirt
  </category>
  <size>
   M
  </size>
  <color>
   Зеленый
  </color>
  <material>
   Полиэстер
  </material>
  <price>
   951203
  </price>
  <rating>
   3.04
  </rating>
  <reviews>
   373277
  </reviews>
  <new>
   -
  </new>
  <sporty>
   yes
  </sporty>
 </clothing>
 <clothing>
  <id>
   129398073
  </id>
  <name>
   Under Armour Belts C-9988
  </name>
  <category>
   Belts
  </category>
  <size>
   XXL
  </size>
  <color>
   Фиолетовый
  </color>
  <material>
   Шерсть
  </material>
  <price>
   265496
  </price>
  <rating>
   1.71
  </rating>
  <reviews>
   400609
  </reviews>
  <new>
   -
  </new>
  <sporty>
   yes
  </sporty>
 </clothing>
 <clothing>
  <id>
   282384948
  </id>
  <name>
   Addidas Handbags E-5753
  </name>
  <category>
   Handbags
  </category>
  <size>
   S
  </size>
  <color>
   Оранжевый
  </color>
  <material>
   Шелк
  </material>
  <price>
   192576
  </price>
  <rating>
   2.77
  </rating>
  <reviews>
   83085
  </reviews>
  <exclusive>
   no
  </exclusive>
  <sporty>
   yes
  </sporty>
 </clothing>
 <clothing>
  <id>
   995326914
  </id>
  <name>
   Puma Shoes E-3396
  </name>
  <category>
   Shoes
  </category>
  <size>
   M
  </size>
  <color>
   Зеленый
  </color>
  <material>
   Нейлон
  </material>
  <price>
   911522
  </price>
  <rating>
   3.59
  </rating>
  <reviews>
   622352
  </reviews>
  <new>
   -
  </new>
  <exclusive>
   no
  </exclusive>
  <sporty>
   yes
  </sporty>
 </clothing>
 <clothing>
  <id>
   759640406
  </id>
  <name>
   Lacoste Shirt U-6788
  </name>
  <category>
   Shirt
  </category>
  <size>
   XL
  </size>
  <color>
   Желтый
  </color>
  <material>
   Нейлон
  </material>
  <price>
   586907
  </price>
  <rating>
   2.81
  </rating>
  <reviews>
   284956
  </reviews>
  <exclusive>
   no
  </exclusive>
 </clothing>
 <clothing>
  <id>
   830061233
  </id>
  <name>
   Adidas Gloves C-7538
  </name>
  <category>
   Gloves
  </category>
  <size>
   S
  </size>
  <color>
   Желтый
  </color>
  <material>
   Шелк
  </material>
  <price>
   864537
  </price>
  <rating>
   2.75
  </rating>
  <reviews>
   61871
  </reviews>
  <exclusive>
   no
  </exclusive>
  <sporty>
   no
  </sporty>
 </clothing>
 <clothing>
  <id>
   265538068
  </id>
  <name>
   Fila Belts X-9611
  </name>
  <category>
   Belts
  </category>
  <size>
   S
  </size>
  <color>
   Оранжевый
  </color>
  <material>
   Нейлон
  </material>
  <price>
   664680
  </price>
  <rating>
   1.54
  </rating>
  <reviews>
   384875
  </reviews>
  <new>
   -
  </new>
  <sporty>
   yes
  </sporty>
 </clothing>
 <clothing>
  <id>
   930325801
  </id>
  <name>
   Nike Umbrellas I-5330
  </name>
  <category>
   Umbrellas
  </category>
  <size>
   L
  </size>
  <color>
   Желтый
  </color>
  <material>
   Нейлон
  </material>
  <price>
   192248
  </price>
  <rating>
   1.46
  </rating>
  <reviews>
   401463
  </reviews>
  <new>
   -
  </new>
  <exclusive>
   yes
  </exclusive>
  <sporty>
   no
  </sporty>
 </clothing>
 <clothing>
  <id>
   305827975
  </id>
  <name>
   Converse Hat O-1383
  </name>
  <category>
   Hat
  </category>
  <size>
   XXL
  </size>
  <color>
   Оранжевый
  </color>
  <material>
   Лен
  </material>
  <price>
   677484
  </price>
  <rating>
   4.23
  </rating>
  <reviews>
   860280
  </reviews>
  <new>
   +
  </new>
  <exclusive>
   yes
  </exclusive>
 </clothing>
 <clothing>
  <id>
   717824554
  </id>
  <name>
   PleinSport Hat W-3688
  </name>
  <category>
   Hat
  </category>
  <size>
   XL
  </size>
  <color>
   Голубой
  </color>
  <material>
   Полиэстер
  </material>
  <price>
   636913
  </price>
  <rating>
   4.23
  </rating>
  <reviews>
   435136
  </reviews>
  <new>
   -
  </new>
  <exclusive>
   no
  </exclusive>
 </clothing>
 <clothing>
  <id>
   602229993
  </id>
  <name>
   Fila Jacket X-3146
  </name>
  <category>
   Jacket
  </category>
  <size>
   L
  </size>
  <color>
   Желтый
  </color>
  <material>
   Шерсть
  </material>
  <price>
   869048
  </price>
  <rating>
   1.57
  </rating>
  <reviews>
   769402
  </reviews>
  <exclusive>
   no
  </exclusive>
 </clothing>
 <clothing>
  <id>
   502268479
  </id>
  <name>
   Brooks Umbrellas S-6981
  </name>
  <category>
   Umbrellas
  </category>
  <size>
   S
  </size>
  <color>
   Желтый
  </color>
  <material>
   Шерсть
  </material>
  <price>
   826004
  </price>
  <rating>
   2.73
  </rating>
  <reviews>
   548218
  </reviews>
  <new>
   +
  </new>
  <exclusive>
   yes
  </exclusive>
  <sporty>
   no
  </sporty>
 </clothing>
 <clothing>
  <id>
   398026016
  </id>
  <name>
   PleinSport Jeans N-5953
  </name>
  <category>
   Jeans
  </category>
  <size>
   M
  </size>
  <color>
   Желтый
  </color>
  <material>
   Кожа
  </material>
  <price>
   757326
  </price>
  <rating>
   1.16
  </rating>
  <reviews>
   587855
  </reviews>
  <exclusive>
   no
  </exclusive>
 </clothing>
 <clothing>
  <id>
   866637251
  </id>
  <name>
   Adidas Belts W-8598
  </name>
  <category>
   Belts
  </category>
  <size>
   S
  </size>
  <color>
   Красный
  </color>
  <material>
   Полиэстер
  </material>
  <price>
   774561
  </price>
  <rating>
   4.94
  </rating>
  <reviews>
   382850
  </reviews>
  <new>
   +
  </new>
  <exclusive>
   yes
  </exclusive>
  <sporty>
   no
  </sporty>
 </clothing>
 <clothing>
  <id>
   306702183
  </id>
  <name>
   Under Armour Umbrellas Z-4861
  </name>
  <category>
   Umbrellas
  </category>
  <size>
   S
  </size>
  <color>
   Оранжевый
  </color>
  <material>
   Хлопок
  </material>
  <price>
   990863
  </price>
  <rating>
   1.73
  </rating>
  <reviews>
   72529
  </reviews>
  <new>
   +
  </new>
 </clothing>
 <clothing>
  <id>
   437605963
  </id>
  <name>
   Under Armour Dress D-8398
  </name>
  <category>
   Dress
  </category>
  <size>
   M
  </size>
  <color>
   Синий
  </color>
  <material>
   Шелк
  </material>
  <price>
   930573
  </price>
  <rating>
   3.35
  </rating>
  <reviews>
   343028
  </reviews>
  <new>
   +
  </new>
  <exclusive>
   no
  </exclusive>
  <sporty>
   yes
  </sporty>
 </clothing>
 <clothing>
  <id>
   738804609
  </id>
  <name>
   Asics Sweater V-2791
  </name>
  <category>
   Sweater
  </category>
  <size>
   M
  </size>
  <color>
   Зеленый
  </color>
  <material>
   Кожа
  </material>
  <price>
   528735
  </price>
  <rating>
   1.69
  </rating>
  <reviews>
   508985
  </reviews>
  <new>
   +
  </new>
  <exclusive>
   no
  </exclusive>
 </clothing>
 <clothing>
  <id>
   343576995
  </id>
  <name>
   Asics Hat W-5229
  </name>
  <category>
   Hat
  </category>
  <size>
   XXL
  </size>
  <color>
   Зеленый
  </color>
  <material>
   Шелк
  </material>
  <price>
   248692
  </price>
  <rating>
   3.74
  </rating>
  <reviews>
   429171
  </reviews>
  <new>
   -
  </new>
  <exclusive>
   no
  </exclusive>
 </clothing>
 <clothing>
  <id>
   119384938
  </id>
  <name>
   New Balance T-shirt K-7532
  </name>
  <category>
   T-shirt
  </category>
  <size>
   L
  </size>
  <color>
   Фиолетовый
  </color>
  <material>
   Шелк
  </material>
  <price>
   811981
  </price>
  <rating>
   5.0
  </rating>
  <reviews>
   294849
  </reviews>
  <sporty>
   yes
  </sporty>
 </clothing>
 <clothing>
  <id>
   562063509
  </id>
  <name>
   Addidas Jacket Z-9624
  </name>
  <category>
   Jacket
  </category>
  <size>
   L
  </size>
  <color>
   Синий
  </color>
  <material>
   Лен
  </material>
  <price>
   148897
  </price>
  <rating>
   2.27
  </rating>
  <reviews>
   540262
  </reviews>
  <new>
   +
  </new>
  <sporty>
   no
  </sporty>
 </clothing>
 <clothing>
  <id>
   553565542
  </id>
  <name>
   Reebok T-shirt V-6560
  </name>
  <category>
   T-shirt
  </category>
  <size>
   L
  </size>
  <color>
   Красный
  </color>
  <material>
   Нейлон
  </material>
  <price>
   726858
  </price>
  <rating>
   1.8
  </rating>
  <reviews>
   505037
  </reviews>
  <exclusive>
   yes
  </exclusive>
  <sporty>
   no
  </sporty>
 </clothing>
 <clothing>
  <id>
   894682132
  </id>
  <name>
   Lacoste Belts E-9400
  </name>
  <category>
   Belts
  </category>
  <size>
   XL
  </size>
  <color>
   Синий
  </color>
  <material>
   Лен
  </material>
  <price>
   901325
  </price>
  <rating>
   2.09
  </rating>
  <reviews>
   540952
  </reviews>
  <new>
   -
  </new>
  <exclusive>
   no
  </exclusive>
  <sporty>
   no
  </sporty>
 </clothing>
 <clothing>
  <id>
   683759033
  </id>
  <name>
   Under Armour Shoes I-5002
  </name>
  <category>
   Shoes
  </category>
  <size>
   M
  </size>
  <color>
   Оранжевый
  </color>
  <material>
   Вискоза
  </material>
  <price>
   493754
  </price>
  <rating>
   4.72
  </rating>
  <reviews>
   229079
  </reviews>
  <exclusive>
   yes
  </exclusive>
 </clothing>
 <clothing>
  <id>
   311576862
  </id>
  <name>
   PleinSport Shirt X-9424
  </name>
  <category>
   Shirt
  </category>
  <size>
   L
  </size>
  <color>
   Зеленый
  </color>
  <material>
   Шерсть
  </material>
  <price>
   293719
  </price>
  <rating>
   1.85
  </rating>
  <reviews>
   492932
  </reviews>
  <sporty>
   no
  </sporty>
 </clothing>
 <clothing>
  <id>
   324269413
  </id>
  <name>
   Addidas Shoes X-9958
  </name>
  <category>
   Shoes
  </category>
  <size>
   L
  </size>
  <color>
   Голубой
  </color>
  <material>
   Шелк
  </material>
  <price>
   342616
  </price>
  <rating>
   3.86
  </rating>
  <reviews>
   999299
  </reviews>
 </clothing>
 <clothing>
  <id>
   972356498
  </id>
  <name>
   Converse Blouse W-7891
  </name>
  <category>
   Blouse
  </category>
  <size>
   L
  </size>
  <color>
   Оранжевый
  </color>
  <material>
   Шерсть
  </material>
  <price>
   375736
  </price>
  <rating>
   4.06
  </rating>
  <reviews>
   992887
  </reviews>
  <new>
   -
  </new>
  <sporty>
   no
  </sporty>
 </clothing>
</clothing-items>
