<?xml version="1.0" encoding="utf-8"?>
<clothing-items>
 <clothing>
  <id>
   110380881
  </id>
  <name>
   PleinSport Jacket H-9483
  </name>
  <category>
   Jacket
  </category>
  <size>
   L
  </size>
  <color>
   Синий
  </color>
  <material>
   Кожа
  </material>
  <price>
   438315
  </price>
  <rating>
   2.43
  </rating>
  <reviews>
   676040
  </reviews>
  <new>
   +
  </new>
  <exclusive>
   yes
  </exclusive>
  <sporty>
   yes
  </sporty>
 </clothing>
 <clothing>
  <id>
   743166873
  </id>
  <name>
   Nike Belts D-6207
  </name>
  <category>
   Belts
  </category>
  <size>
   XXL
  </size>
  <color>
   Синий
  </color>
  <material>
   Хлопок
  </material>
  <price>
   578929
  </price>
  <rating>
   3.29
  </rating>
  <reviews>
   721263
  </reviews>
  <new>
   +
  </new>
  <exclusive>
   yes
  </exclusive>
  <sporty>
   no
  </sporty>
 </clothing>
 <clothing>
  <id>
   673974546
  </id>
  <name>
   Ellesse Shirt O-1111
  </name>
  <category>
   Shirt
  </category>
  <size>
   L
  </size>
  <color>
   Синий
  </color>
  <material>
   Хлопок
  </material>
  <price>
   733850
  </price>
  <rating>
   4.16
  </rating>
  <reviews>
   467832
  </reviews>
  <new>
   +
  </new>
  <exclusive>
   yes
  </exclusive>
  <sporty>
   yes
  </sporty>
 </clothing>
 <clothing>
  <id>
   780323134
  </id>
  <name>
   Reebok Dress S-8401
  </name>
  <category>
   Dress
  </category>
  <size>
   L
  </size>
  <color>
   Синий
  </color>
  <material>
   Кожа
  </material>
  <price>
   810266
  </price>
  <rating>
   1.69
  </rating>
  <reviews>
   494171
  </reviews>
  <new>
   +
  </new>
  <exclusive>
   no
  </exclusive>
  <sporty>
   yes
  </sporty>
 </clothing>
 <clothing>
  <id>
   764473309
  </id>
  <name>
   Brooks Skirt H-3279
  </name>
  <category>
   Skirt
  </category>
  <size>
   L
  </size>
  <color>
   Фиолетовый
  </color>
  <material>
   Лен
  </material>
  <price>
   955144
  </price>
  <rating>
   1.14
  </rating>
  <reviews>
   862813
  </reviews>
  <new>
   -
  </new>
  <exclusive>
   no
  </exclusive>
 </clothing>
 <clothing>
  <id>
   221787187
  </id>
  <name>
   Brooks Socks F-7201
  </name>
  <category>
   Socks
  </category>
  <size>
   S
  </size>
  <color>
   Голубой
  </color>
  <material>
   Лен
  </material>
  <price>
   756578
  </price>
  <rating>
   4.81
  </rating>
  <reviews>
   129054
  </reviews>
  <sporty>
   yes
  </sporty>
 </clothing>
 <clothing>
  <id>
   712224493
  </id>
  <name>
   Brooks Socks U-5277
  </name>
  <category>
   Socks
  </category>
  <size>
   S
  </size>
  <color>
   Желтый
  </color>
  <material>
   Полиэстер
  </material>
  <price>
   912856
  </price>
  <rating>
   3.64
  </rating>
  <reviews>
   809510
  </reviews>
  <new>
   -
  </new>
  <exclusive>
   yes
  </exclusive>
  <sporty>
   yes
  </sporty>
 </clothing>
 <clothing>
  <id>
   945153781
  </id>
  <name>
   DC Skirt R-1422
  </name>
  <category>
   Skirt
  </category>
  <size>
   S
  </size>
  <color>
   Синий
  </color>
  <material>
   Кожа
  </material>
  <price>
   384817
  </price>
  <rating>
   3.1
  </rating>
  <reviews>
   687886
  </reviews>
  <sporty>
   no
  </sporty>
 </clothing>
 <clothing>
  <id>
   951024847
  </id>
  <name>
   Vans Blouse E-7600
  </name>
  <category>
   Blouse
  </category>
  <size>
   M
  </size>
  <color>
   Голубой
  </color>
  <material>
   Хлопок
  </material>
  <price>
   246003
  </price>
  <rating>
   2.53
  </rating>
  <reviews>
   631389
  </reviews>
  <new>
   -
  </new>
  <sporty>
   no
  </sporty>
 </clothing>
 <clothing>
  <id>
   417810865
  </id>
  <name>
   Under Armour Sweater Z-5067
  </name>
  <category>
   Sweater
  </category>
  <size>
   XXL
  </size>
  <color>
   Фиолетовый
  </color>
  <material>
   Нейлон
  </material>
  <price>
   998167
  </price>
  <rating>
   4.7
  </rating>
  <reviews>
   851256
  </reviews>
  <exclusive>
   yes
  </exclusive>
  <sporty>
   no
  </sporty>
 </clothing>
 <clothing>
  <id>
   154954789
  </id>
  <name>
   Fila Jacket O-2450
  </name>
  <category>
   Jacket
  </category>
  <size>
   S
  </size>
  <color>
   Синий
  </color>
  <material>
   Шерсть
  </material>
  <price>
   545473
  </price>
  <rating>
   1.97
  </rating>
  <reviews>
   848526
  </reviews>
  <exclusive>
   no
  </exclusive>
 </clothing>
 <clothing>
  <id>
   676399023
  </id>
  <name>
   DC Jacket W-8627
  </name>
  <category>
   Jacket
  </category>
  <size>
   XL
  </size>
  <color>
   Оранжевый
  </color>
  <material>
   Шерсть
  </material>
  <price>
   501702
  </price>
  <rating>
   4.45
  </rating>
  <reviews>
   245899
  </reviews>
  <sporty>
   no
  </sporty>
 </clothing>
 <clothing>
  <id>
   615838077
  </id>
  <name>
   New Balance Gloves Z-6791
  </name>
  <category>
   Gloves
  </category>
  <size>
   XL
  </size>
  <color>
   Оранжевый
  </color>
  <material>
   Нейлон
  </material>
  <price>
   679559
  </price>
  <rating>
   1.86
  </rating>
  <reviews>
   18017
  </reviews>
  <new>
   -
  </new>
  <sporty>
   yes
  </sporty>
 </clothing>
 <clothing>
  <id>
   904219161
  </id>
  <name>
   Lacoste Dress V-6010
  </name>
  <category>
   Dress
  </category>
  <size>
   M
  </size>
  <color>
   Зеленый
  </color>
  <material>
   Нейлон
  </material>
  <price>
   763373
  </price>
  <rating>
   4.03
  </rating>
  <reviews>
   57091
  </reviews>
 </clothing>
 <clothing>
  <id>
   482810227
  </id>
  <name>
   Ellesse Handbags E-1572
  </name>
  <category>
   Handbags
  </category>
  <size>
   M
  </size>
  <color>
   Фиолетовый
  </color>
  <material>
   Полиэстер
  </material>
  <price>
   680768
  </price>
  <rating>
   1.44
  </rating>
  <reviews>
   376177
  </reviews>
  <new>
   +
  </new>
 </clothing>
 <clothing>
  <id>
   440742683
  </id>
  <name>
   DC Umbrellas U-7513
  </name>
  <category>
   Umbrellas
  </category>
  <size>
   XL
  </size>
  <color>
   Синий
  </color>
  <material>
   Вискоза
  </material>
  <price>
   974649
  </price>
  <rating>
   1.86
  </rating>
  <reviews>
   697549
  </reviews>
  <exclusive>
   yes
  </exclusive>
  <sporty>
   yes
  </sporty>
 </clothing>
 <clothing>
  <id>
   234895249
  </id>
  <name>
   Lacoste Belts H-2385
  </name>
  <category>
   Belts
  </category>
  <size>
   XXL
  </size>
  <color>
   Желтый
  </color>
  <material>
   Хлопок
  </material>
  <price>
   276802
  </price>
  <rating>
   1.4
  </rating>
  <reviews>
   253538
  </reviews>
  <exclusive>
   yes
  </exclusive>
 </clothing>
 <clothing>
  <id>
   236441675
  </id>
  <name>
   Addidas Sweater M-6010
  </name>
  <category>
   Sweater
  </category>
  <size>
   XXL
  </size>
  <color>
   Желтый
  </color>
  <material>
   Полиэстер
  </material>
  <price>
   634277
  </price>
  <rating>
   4.8
  </rating>
  <reviews>
   90676
  </reviews>
  <new>
   -
  </new>
  <sporty>
   no
  </sporty>
 </clothing>
 <clothing>
  <id>
   853846687
  </id>
  <name>
   Lacoste Handbags A-7382
  </name>
  <category>
   Handbags
  </category>
  <size>
   L
  </size>
  <color>
   Зеленый
  </color>
  <material>
   Шелк
  </material>
  <price>
   234270
  </price>
  <rating>
   1.83
  </rating>
  <reviews>
   263485
  </reviews>
  <exclusive>
   no
  </exclusive>
 </clothing>
 <clothing>
  <id>
   835815182
  </id>
  <name>
   Vans Shirt P-7955
  </name>
  <category>
   Shirt
  </category>
  <size>
   L
  </size>
  <color>
   Зеленый
  </color>
  <material>
   Лен
  </material>
  <price>
   213124
  </price>
  <rating>
   4.89
  </rating>
  <reviews>
   998651
  </reviews>
  <exclusive>
   yes
  </exclusive>
  <sporty>
   yes
  </sporty>
 </clothing>
 <clothing>
  <id>
   620678945
  </id>
  <name>
   Brooks Pants Z-2830
  </name>
  <category>
   Pants
  </category>
  <size>
   XL
  </size>
  <color>
   Зеленый
  </color>
  <material>
   Лен
  </material>
  <price>
   114027
  </price>
  <rating>
   1.95
  </rating>
  <reviews>
   522109
  </reviews>
  <new>
   -
  </new>
  <exclusive>
   no
  </exclusive>
  <sporty>
   yes
  </sporty>
 </clothing>
 <clothing>
  <id>
   241860290
  </id>
  <name>
   Adidas Belts K-3189
  </name>
  <category>
   Belts
  </category>
  <size>
   L
  </size>
  <color>
   Желтый
  </color>
  <material>
   Лен
  </material>
  <price>
   279821
  </price>
  <rating>
   2.89
  </rating>
  <reviews>
   129312
  </reviews>
  <new>
   -
  </new>
 </clothing>
 <clothing>
  <id>
   255670932
  </id>
  <name>
   Brooks Gloves Y-5424
  </name>
  <category>
   Gloves
  </category>
  <size>
   XXL
  </size>
  <color>
   Зеленый
  </color>
  <material>
   Шелк
  </material>
  <price>
   172672
  </price>
  <rating>
   3.1
  </rating>
  <reviews>
   949750
  </reviews>
  <new>
   -
  </new>
  <exclusive>
   yes
  </exclusive>
 </clothing>
 <clothing>
  <id>
   976108392
  </id>
  <name>
   Lacoste Hat H-4572
  </name>
  <category>
   Hat
  </category>
  <size>
   M
  </size>
  <color>
   Зеленый
  </color>
  <material>
   Вискоза
  </material>
  <price>
   723537
  </price>
  <rating>
   3.94
  </rating>
  <reviews>
   704329
  </reviews>
  <new>
   -
  </new>
  <exclusive>
   no
  </exclusive>
 </clothing>
 <clothing>
  <id>
   788717977
  </id>
  <name>
   Nike Dress X-3300
  </name>
  <category>
   Dress
  </category>
  <size>
   M
  </size>
  <color>
   Оранжевый
  </color>
  <material>
   Кожа
  </material>
  <price>
   901226
  </price>
  <rating>
   1.35
  </rating>
  <reviews>
   600315
  </reviews>
  <new>
   +
  </new>
  <exclusive>
   no
  </exclusive>
  <sporty>
   yes
  </sporty>
 </clothing>
 <clothing>
  <id>
   655846391
  </id>
  <name>
   Addidas Dress I-7645
  </name>
  <category>
   Dress
  </category>
  <size>
   XXL
  </size>
  <color>
   Желтый
  </color>
  <material>
   Нейлон
  </material>
  <price>
   469516
  </price>
  <rating>
   4.34
  </rating>
  <reviews>
   657671
  </reviews>
  <sporty>
   no
  </sporty>
 </clothing>
 <clothing>
  <id>
   124513603
  </id>
  <name>
   Adidas Socks T-1413
  </name>
  <category>
   Socks
  </category>
  <size>
   XXL
  </size>
  <color>
   Оранжевый
  </color>
  <material>
   Хлопок
  </material>
  <price>
   505726
  </price>
  <rating>
   4.74
  </rating>
  <reviews>
   637092
  </reviews>
  <sporty>
   no
  </sporty>
 </clothing>
 <clothing>
  <id>
   264082933
  </id>
  <name>
   Lacoste T-shirt A-4744
  </name>
  <category>
   T-shirt
  </category>
  <size>
   L
  </size>
  <color>
   Красный
  </color>
  <material>
   Хлопок
  </material>
  <price>
   769069
  </price>
  <rating>
   1.32
  </rating>
  <reviews>
   870255
  </reviews>
  <new>
   -
  </new>
  <exclusive>
   no
  </exclusive>
  <sporty>
   yes
  </sporty>
 </clothing>
 <clothing>
  <id>
   463890115
  </id>
  <name>
   Under Armour Blouse S-9301
  </name>
  <category>
   Blouse
  </category>
  <size>
   XL
  </size>
  <color>
   Синий
  </color>
  <material>
   Лен
  </material>
  <price>
   756078
  </price>
  <rating>
   2.8
  </rating>
  <reviews>
   11149
  </reviews>
  <new>
   +
  </new>
  <exclusive>
   no
  </exclusive>
  <sporty>
   no
  </sporty>
 </clothing>
 <clothing>
  <id>
   831920212
  </id>
  <name>
   Puma Belts Q-2666
  </name>
  <category>
   Belts
  </category>
  <size>
   L
  </size>
  <color>
   Красный
  </color>
  <material>
   Полиэстер
  </material>
  <price>
   193885
  </price>
  <rating>
   2.27
  </rating>
  <reviews>
   188982
  </reviews>
  <new>
   +
  </new>
  <sporty>
   yes
  </sporty>
 </clothing>
 <clothing>
  <id>
   928962368
  </id>
  <name>
   Addidas Pants R-5117
  </name>
  <category>
   Pants
  </category>
  <size>
   XXL
  </size>
  <color>
   Красный
  </color>
  <material>
   Нейлон
  </material>
  <price>
   573825
  </price>
  <rating>
   3.38
  </rating>
  <reviews>
   634898
  </reviews>
  <new>
   +
  </new>
  <exclusive>
   yes
  </exclusive>
  <sporty>
   yes
  </sporty>
 </clothing>
 <clothing>
  <id>
   961227836
  </id>
  <name>
   Asics Jacket V-7364
  </name>
  <category>
   Jacket
  </category>
  <size>
   L
  </size>
  <color>
   Оранжевый
  </color>
  <material>
   Шелк
  </material>
  <price>
   810806
  </price>
  <rating>
   2.28
  </rating>
  <reviews>
   601071
  </reviews>
  <new>
   +
  </new>
  <exclusive>
   no
  </exclusive>
 </clothing>
 <clothing>
  <id>
   717962822
  </id>
  <name>
   Fila Hat J-4726
  </name>
  <category>
   Hat
  </category>
  <size>
   XL
  </size>
  <color>
   Оранжевый
  </color>
  <material>
   Кожа
  </material>
  <price>
   810500
  </price>
  <rating>
   1.42
  </rating>
  <reviews>
   413799
  </reviews>
  <new>
   -
  </new>
  <sporty>
   no
  </sporty>
 </clothing>
 <clothing>
  <id>
   608386133
  </id>
  <name>
   Converse Pants P-8487
  </name>
  <category>
   Pants
  </category>
  <size>
   S
  </size>
  <color>
   Красный
  </color>
  <material>
   Лен
  </material>
  <price>
   821982
  </price>
  <rating>
   4.69
  </rating>
  <reviews>
   964193
  </reviews>
  <exclusive>
   no
  </exclusive>
  <sporty>
   no
  </sporty>
 </clothing>
 <clothing>
  <id>
   533474080
  </id>
  <name>
   New Balance T-shirt G-8372
  </name>
  <category>
   T-shirt
  </category>
  <size>
   S
  </size>
  <color>
   Голубой
  </color>
  <material>
   Полиэстер
  </material>
  <price>
   643716
  </price>
  <rating>
   3.21
  </rating>
  <reviews>
   529502
  </reviews>
  <new>
   +
  </new>
 </clothing>
 <clothing>
  <id>
   836648235
  </id>
  <name>
   Vans Blouse K-5218
  </name>
  <category>
   Blouse
  </category>
  <size>
   XXL
  </size>
  <color>
   Голубой
  </color>
  <material>
   Хлопок
  </material>
  <price>
   238320
  </price>
  <rating>
   2.98
  </rating>
  <reviews>
   939237
  </reviews>
  <exclusive>
   no
  </exclusive>
 </clothing>
 <clothing>
  <id>
   751538476
  </id>
  <name>
   Ellesse Jacket H-3535
  </name>
  <category>
   Jacket
  </category>
  <size>
   M
  </size>
  <color>
   Зеленый
  </color>
  <material>
   Полиэстер
  </material>
  <price>
   289470
  </price>
  <rating>
   4.36
  </rating>
  <reviews>
   815743
  </reviews>
 </clothing>
 <clothing>
  <id>
   450794096
  </id>
  <name>
   Under Armour Skirt I-2172
  </name>
  <category>
   Skirt
  </category>
  <size>
   M
  </size>
  <color>
   Зеленый
  </color>
  <material>
   Нейлон
  </material>
  <price>
   361428
  </price>
  <rating>
   1.97
  </rating>
  <reviews>
   684634
  </reviews>
  <new>
   +
  </new>
 </clothing>
 <clothing>
  <id>
   651208956
  </id>
  <name>
   New Balance Shirt K-2843
  </name>
  <category>
   Shirt
  </category>
  <size>
   XL
  </size>
  <color>
   Голубой
  </color>
  <material>
   Лен
  </material>
  <price>
   962753
  </price>
  <rating>
   1.77
  </rating>
  <reviews>
   389095
  </reviews>
  <new>
   -
  </new>
  <exclusive>
   no
  </exclusive>
 </clothing>
 <clothing>
  <id>
   135103505
  </id>
  <name>
   Ellesse Socks U-4095
  </name>
  <category>
   Socks
  </category>
  <size>
   L
  </size>
  <color>
   Голубой
  </color>
  <material>
   Хлопок
  </material>
  <price>
   977393
  </price>
  <rating>
   3.36
  </rating>
  <reviews>
   990483
  </reviews>
  <new>
   -
  </new>
 </clothing>
 <clothing>
  <id>
   586488096
  </id>
  <name>
   New Balance T-shirt N-7062
  </name>
  <category>
   T-shirt
  </category>
  <size>
   S
  </size>
  <color>
   Оранжевый
  </color>
  <material>
   Шелк
  </material>
  <price>
   312121
  </price>
  <rating>
   4.4
  </rating>
  <reviews>
   451576
  </reviews>
 </clothing>
 <clothing>
  <id>
   718363992
  </id>
  <name>
   Adidas Umbrellas F-6829
  </name>
  <category>
   Umbrellas
  </category>
  <size>
   XXL
  </size>
  <color>
   Синий
  </color>
  <material>
   Шелк
  </material>
  <price>
   813359
  </price>
  <rating>
   3.45
  </rating>
  <reviews>
   555595
  </reviews>
  <new>
   +
  </new>
  <exclusive>
   yes
  </exclusive>
  <sporty>
   no
  </sporty>
 </clothing>
 <clothing>
  <id>
   294745133
  </id>
  <name>
   Adidas Skirt U-2899
  </name>
  <category>
   Skirt
  </category>
  <size>
   S
  </size>
  <color>
   Оранжевый
  </color>
  <material>
   Шелк
  </material>
  <price>
   638825
  </price>
  <rating>
   2.83
  </rating>
  <reviews>
   823265
  </reviews>
  <exclusive>
   no
  </exclusive>
  <sporty>
   no
  </sporty>
 </clothing>
 <clothing>
  <id>
   146448517
  </id>
  <name>
   Converse Hat X-9317
  </name>
  <category>
   Hat
  </category>
  <size>
   L
  </size>
  <color>
   Зеленый
  </color>
  <material>
   Лен
  </material>
  <price>
   751082
  </price>
  <rating>
   3.25
  </rating>
  <reviews>
   850972
  </reviews>
  <sporty>
   no
  </sporty>
 </clothing>
 <clothing>
  <id>
   673539106
  </id>
  <name>
   Fila Shoes M-5023
  </name>
  <category>
   Shoes
  </category>
  <size>
   XXL
  </size>
  <color>
   Желтый
  </color>
  <material>
   Вискоза
  </material>
  <price>
   571198
  </price>
  <rating>
   1.44
  </rating>
  <reviews>
   400224
  </reviews>
  <new>
   -
  </new>
 </clothing>
 <clothing>
  <id>
   445005595
  </id>
  <name>
   Lacoste Shoes Q-4503
  </name>
  <category>
   Shoes
  </category>
  <size>
   S
  </size>
  <color>
   Синий
  </color>
  <material>
   Шерсть
  </material>
  <price>
   671395
  </price>
  <rating>
   2.02
  </rating>
  <reviews>
   389583
  </reviews>
  <exclusive>
   no
  </exclusive>
  <sporty>
   no
  </sporty>
 </clothing>
 <clothing>
  <id>
   315163428
  </id>
  <name>
   DC Hat H-7131
  </name>
  <category>
   Hat
  </category>
  <size>
   XL
  </size>
  <color>
   Красный
  </color>
  <material>
   Нейлон
  </material>
  <price>
   890386
  </price>
  <rating>
   1.64
  </rating>
  <reviews>
   484224
  </reviews>
  <new>
   +
  </new>
  <exclusive>
   no
  </exclusive>
 </clothing>
 <clothing>
  <id>
   243517053
  </id>
  <name>
   Fila Sweater P-5031
  </name>
  <category>
   Sweater
  </category>
  <size>
   S
  </size>
  <color>
   Оранжевый
  </color>
  <material>
   Лен
  </material>
  <price>
   319328
  </price>
  <rating>
   2.24
  </rating>
  <reviews>
   459401
  </reviews>
  <new>
   -
  </new>
  <exclusive>
   no
  </exclusive>
 </clothing>
</clothing-items>
