<?xml version="1.0" encoding="utf-8"?>
<clothing-items>
 <clothing>
  <id>
   875193830
  </id>
  <name>
   Fila Umbrellas U-2958
  </name>
  <category>
   Umbrellas
  </category>
  <size>
   XXL
  </size>
  <color>
   Красный
  </color>
  <material>
   Вискоза
  </material>
  <price>
   203681
  </price>
  <rating>
   2.31
  </rating>
  <reviews>
   96087
  </reviews>
  <new>
   -
  </new>
  <sporty>
   no
  </sporty>
 </clothing>
 <clothing>
  <id>
   500148358
  </id>
  <name>
   New Balance Jacket E-3168
  </name>
  <category>
   Jacket
  </category>
  <size>
   M
  </size>
  <color>
   Красный
  </color>
  <material>
   Лен
  </material>
  <price>
   743033
  </price>
  <rating>
   1.37
  </rating>
  <reviews>
   797474
  </reviews>
  <new>
   -
  </new>
 </clothing>
 <clothing>
  <id>
   331272045
  </id>
  <name>
   Adidas Jacket Z-9090
  </name>
  <category>
   Jacket
  </category>
  <size>
   S
  </size>
  <color>
   Красный
  </color>
  <material>
   Шелк
  </material>
  <price>
   243978
  </price>
  <rating>
   2.06
  </rating>
  <reviews>
   495518
  </reviews>
  <exclusive>
   no
  </exclusive>
  <sporty>
   yes
  </sporty>
 </clothing>
 <clothing>
  <id>
   456747773
  </id>
  <name>
   Addidas T-shirt I-9417
  </name>
  <category>
   T-shirt
  </category>
  <size>
   S
  </size>
  <color>
   Голубой
  </color>
  <material>
   Вискоза
  </material>
  <price>
   742000
  </price>
  <rating>
   2.33
  </rating>
  <reviews>
   650202
  </reviews>
  <new>
   +
  </new>
  <exclusive>
   no
  </exclusive>
  <sporty>
   no
  </sporty>
 </clothing>
 <clothing>
  <id>
   436178117
  </id>
  <name>
   Adidas Jacket K-6864
  </name>
  <category>
   Jacket
  </category>
  <size>
   L
  </size>
  <color>
   Красный
  </color>
  <material>
   Хлопок
  </material>
  <price>
   518821
  </price>
  <rating>
   4.8
  </rating>
  <reviews>
   216489
  </reviews>
  <sporty>
   yes
  </sporty>
 </clothing>
 <clothing>
  <id>
   177568623
  </id>
  <name>
   Adidas Hat R-4149
  </name>
  <category>
   Hat
  </category>
  <size>
   S
  </size>
  <color>
   Желтый
  </color>
  <material>
   Кожа
  </material>
  <price>
   828894
  </price>
  <rating>
   1.23
  </rating>
  <reviews>
   521154
  </reviews>
  <new>
   +
  </new>
  <exclusive>
   yes
  </exclusive>
  <sporty>
   no
  </sporty>
 </clothing>
 <clothing>
  <id>
   316862952
  </id>
  <name>
   PleinSport Sweater E-2794
  </name>
  <category>
   Sweater
  </category>
  <size>
   XL
  </size>
  <color>
   Синий
  </color>
  <material>
   Шерсть
  </material>
  <price>
   854416
  </price>
  <rating>
   3.69
  </rating>
  <reviews>
   448506
  </reviews>
  <new>
   -
  </new>
  <exclusive>
   yes
  </exclusive>
 </clothing>
 <clothing>
  <id>
   193293424
  </id>
  <name>
   Under Armour Gloves V-4632
  </name>
  <category>
   Gloves
  </category>
  <size>
   M
  </size>
  <color>
   Оранжевый
  </color>
  <material>
   Шерсть
  </material>
  <price>
   699215
  </price>
  <rating>
   2.94
  </rating>
  <reviews>
   944976
  </reviews>
  <new>
   +
  </new>
  <sporty>
   yes
  </sporty>
 </clothing>
 <clothing>
  <id>
   131091239
  </id>
  <name>
   PleinSport Blouse O-4030
  </name>
  <category>
   Blouse
  </category>
  <size>
   XL
  </size>
  <color>
   Желтый
  </color>
  <material>
   Шерсть
  </material>
  <price>
   213618
  </price>
  <rating>
   3.91
  </rating>
  <reviews>
   945942
  </reviews>
  <new>
   +
  </new>
 </clothing>
 <clothing>
  <id>
   351178628
  </id>
  <name>
   Vans Gloves W-3391
  </name>
  <category>
   Gloves
  </category>
  <size>
   XL
  </size>
  <color>
   Оранжевый
  </color>
  <material>
   Полиэстер
  </material>
  <price>
   971439
  </price>
  <rating>
   3.85
  </rating>
  <reviews>
   671618
  </reviews>
  <new>
   -
  </new>
  <exclusive>
   no
  </exclusive>
  <sporty>
   yes
  </sporty>
 </clothing>
 <clothing>
  <id>
   792484773
  </id>
  <name>
   Vans Socks B-1189
  </name>
  <category>
   Socks
  </category>
  <size>
   L
  </size>
  <color>
   Красный
  </color>
  <material>
   Нейлон
  </material>
  <price>
   789342
  </price>
  <rating>
   4.54
  </rating>
  <reviews>
   178388
  </reviews>
  <exclusive>
   no
  </exclusive>
 </clothing>
 <clothing>
  <id>
   210760166
  </id>
  <name>
   Adidas Hat S-8545
  </name>
  <category>
   Hat
  </category>
  <size>
   S
  </size>
  <color>
   Фиолетовый
  </color>
  <material>
   Вискоза
  </material>
  <price>
   322855
  </price>
  <rating>
   1.27
  </rating>
  <reviews>
   741769
  </reviews>
  <new>
   -
  </new>
  <sporty>
   yes
  </sporty>
 </clothing>
 <clothing>
  <id>
   155098371
  </id>
  <name>
   Converse Sweater M-9383
  </name>
  <category>
   Sweater
  </category>
  <size>
   L
  </size>
  <color>
   Красный
  </color>
  <material>
   Кожа
  </material>
  <price>
   851841
  </price>
  <rating>
   3.24
  </rating>
  <reviews>
   552446
  </reviews>
  <sporty>
   no
  </sporty>
 </clothing>
 <clothing>
  <id>
   819346808
  </id>
  <name>
   Under Armour Jeans P-2234
  </name>
  <category>
   Jeans
  </category>
  <size>
   S
  </size>
  <color>
   Оранжевый
  </color>
  <material>
   Полиэстер
  </material>
  <price>
   448300
  </price>
  <rating>
   4.35
  </rating>
  <reviews>
   381699
  </reviews>
  <new>
   -
  </new>
  <exclusive>
   yes
  </exclusive>
 </clothing>
 <clothing>
  <id>
   894320075
  </id>
  <name>
   Addidas Pants X-1797
  </name>
  <category>
   Pants
  </category>
  <size>
   L
  </size>
  <color>
   Голубой
  </color>
  <material>
   Шерсть
  </material>
  <price>
   336425
  </price>
  <rating>
   1.24
  </rating>
  <reviews>
   809280
  </reviews>
  <new>
   -
  </new>
 </clothing>
 <clothing>
  <id>
   502341218
  </id>
  <name>
   New Balance T-shirt P-1490
  </name>
  <category>
   T-shirt
  </category>
  <size>
   S
  </size>
  <color>
   Голубой
  </color>
  <material>
   Вискоза
  </material>
  <price>
   468226
  </price>
  <rating>
   4.7
  </rating>
  <reviews>
   101197
  </reviews>
  <exclusive>
   no
  </exclusive>
 </clothing>
 <clothing>
  <id>
   142103522
  </id>
  <name>
   Reebok Dress S-2539
  </name>
  <category>
   Dress
  </category>
  <size>
   S
  </size>
  <color>
   Фиолетовый
  </color>
  <material>
   Шерсть
  </material>
  <price>
   461825
  </price>
  <rating>
   2.76
  </rating>
  <reviews>
   649818
  </reviews>
  <exclusive>
   yes
  </exclusive>
  <sporty>
   no
  </sporty>
 </clothing>
 <clothing>
  <id>
   831195545
  </id>
  <name>
   Vans T-shirt I-5716
  </name>
  <category>
   T-shirt
  </category>
  <size>
   L
  </size>
  <color>
   Зеленый
  </color>
  <material>
   Шерсть
  </material>
  <price>
   880508
  </price>
  <rating>
   3.4
  </rating>
  <reviews>
   964749
  </reviews>
  <new>
   -
  </new>
  <sporty>
   yes
  </sporty>
 </clothing>
 <clothing>
  <id>
   393267812
  </id>
  <name>
   Converse Gloves Z-3529
  </name>
  <category>
   Gloves
  </category>
  <size>
   XXL
  </size>
  <color>
   Красный
  </color>
  <material>
   Полиэстер
  </material>
  <price>
   670798
  </price>
  <rating>
   1.1
  </rating>
  <reviews>
   767421
  </reviews>
  <new>
   -
  </new>
  <exclusive>
   no
  </exclusive>
  <sporty>
   no
  </sporty>
 </clothing>
</clothing-items>
