<?xml version="1.0" encoding="utf-8"?>
<clothing-items>
 <clothing>
  <id>
   704360721
  </id>
  <name>
   Ellesse Skirt H-9005
  </name>
  <category>
   Skirt
  </category>
  <size>
   XL
  </size>
  <color>
   Желтый
  </color>
  <material>
   Шерсть
  </material>
  <price>
   523170
  </price>
  <rating>
   2.52
  </rating>
  <reviews>
   219116
  </reviews>
  <new>
   -
  </new>
  <sporty>
   no
  </sporty>
 </clothing>
 <clothing>
  <id>
   661282709
  </id>
  <name>
   Vans Sweater Q-3140
  </name>
  <category>
   Sweater
  </category>
  <size>
   M
  </size>
  <color>
   Зеленый
  </color>
  <material>
   Шерсть
  </material>
  <price>
   227001
  </price>
  <rating>
   3.75
  </rating>
  <reviews>
   967125
  </reviews>
  <exclusive>
   no
  </exclusive>
  <sporty>
   no
  </sporty>
 </clothing>
 <clothing>
  <id>
   954275859
  </id>
  <name>
   Adidas Sweater U-5483
  </name>
  <category>
   Sweater
  </category>
  <size>
   XL
  </size>
  <color>
   Синий
  </color>
  <material>
   Вискоза
  </material>
  <price>
   998180
  </price>
  <rating>
   3.19
  </rating>
  <reviews>
   248501
  </reviews>
  <exclusive>
   yes
  </exclusive>
  <sporty>
   yes
  </sporty>
 </clothing>
 <clothing>
  <id>
   664606783
  </id>
  <name>
   Under Armour Jeans Q-1214
  </name>
  <category>
   Jeans
  </category>
  <size>
   M
  </size>
  <color>
   Желтый
  </color>
  <material>
   Нейлон
  </material>
  <price>
   491099
  </price>
  <rating>
   1.86
  </rating>
  <reviews>
   342355
  </reviews>
  <new>
   -
  </new>
  <exclusive>
   no
  </exclusive>
  <sporty>
   no
  </sporty>
 </clothing>
 <clothing>
  <id>
   165315487
  </id>
  <name>
   Reebok Skirt V-2090
  </name>
  <category>
   Skirt
  </category>
  <size>
   XL
  </size>
  <color>
   Красный
  </color>
  <material>
   Хлопок
  </material>
  <price>
   206134
  </price>
  <rating>
   4.18
  </rating>
  <reviews>
   89777
  </reviews>
  <exclusive>
   no
  </exclusive>
  <sporty>
   yes
  </sporty>
 </clothing>
 <clothing>
  <id>
   852407939
  </id>
  <name>
   Addidas Shoes Z-1306
  </name>
  <category>
   Shoes
  </category>
  <size>
   M
  </size>
  <color>
   Оранжевый
  </color>
  <material>
   Нейлон
  </material>
  <price>
   242927
  </price>
  <rating>
   1.15
  </rating>
  <reviews>
   323277
  </reviews>
  <new>
   -
  </new>
  <sporty>
   no
  </sporty>
 </clothing>
 <clothing>
  <id>
   874538868
  </id>
  <name>
   Brooks Belts P-8432
  </name>
  <category>
   Belts
  </category>
  <size>
   M
  </size>
  <color>
   Синий
  </color>
  <material>
   Шелк
  </material>
  <price>
   190109
  </price>
  <rating>
   3.77
  </rating>
  <reviews>
   270199
  </reviews>
  <exclusive>
   yes
  </exclusive>
  <sporty>
   no
  </sporty>
 </clothing>
 <clothing>
  <id>
   633229009
  </id>
  <name>
   Adidas Blouse Z-4304
  </name>
  <category>
   Blouse
  </category>
  <size>
   L
  </size>
  <color>
   Оранжевый
  </color>
  <material>
   Шерсть
  </material>
  <price>
   718180
  </price>
  <rating>
   1.19
  </rating>
  <reviews>
   68431
  </reviews>
  <new>
   -
  </new>
  <exclusive>
   yes
  </exclusive>
 </clothing>
 <clothing>
  <id>
   738300789
  </id>
  <name>
   Under Armour Dress G-3101
  </name>
  <category>
   Dress
  </category>
  <size>
   XXL
  </size>
  <color>
   Оранжевый
  </color>
  <material>
   Кожа
  </material>
  <price>
   147932
  </price>
  <rating>
   2.31
  </rating>
  <reviews>
   446414
  </reviews>
  <exclusive>
   no
  </exclusive>
 </clothing>
 <clothing>
  <id>
   155379030
  </id>
  <name>
   Converse Blouse N-6016
  </name>
  <category>
   Blouse
  </category>
  <size>
   XXL
  </size>
  <color>
   Желтый
  </color>
  <material>
   Лен
  </material>
  <price>
   138727
  </price>
  <rating>
   4.29
  </rating>
  <reviews>
   156014
  </reviews>
  <new>
   +
  </new>
  <exclusive>
   yes
  </exclusive>
  <sporty>
   no
  </sporty>
 </clothing>
 <clothing>
  <id>
   692957124
  </id>
  <name>
   Puma Shoes G-4585
  </name>
  <category>
   Shoes
  </category>
  <size>
   XL
  </size>
  <color>
   Фиолетовый
  </color>
  <material>
   Хлопок
  </material>
  <price>
   366476
  </price>
  <rating>
   2.66
  </rating>
  <reviews>
   234627
  </reviews>
  <new>
   +
  </new>
  <sporty>
   no
  </sporty>
 </clothing>
 <clothing>
  <id>
   871276138
  </id>
  <name>
   PleinSport T-shirt Z-5850
  </name>
  <category>
   T-shirt
  </category>
  <size>
   XL
  </size>
  <color>
   Оранжевый
  </color>
  <material>
   Хлопок
  </material>
  <price>
   844382
  </price>
  <rating>
   2.42
  </rating>
  <reviews>
   617031
  </reviews>
 </clothing>
 <clothing>
  <id>
   300232274
  </id>
  <name>
   Converse Umbrellas A-2406
  </name>
  <category>
   Umbrellas
  </category>
  <size>
   S
  </size>
  <color>
   Зеленый
  </color>
  <material>
   Кожа
  </material>
  <price>
   543970
  </price>
  <rating>
   4.43
  </rating>
  <reviews>
   490868
  </reviews>
  <new>
   -
  </new>
  <exclusive>
   no
  </exclusive>
  <sporty>
   no
  </sporty>
 </clothing>
 <clothing>
  <id>
   610152142
  </id>
  <name>
   New Balance T-shirt D-2793
  </name>
  <category>
   T-shirt
  </category>
  <size>
   XXL
  </size>
  <color>
   Зеленый
  </color>
  <material>
   Полиэстер
  </material>
  <price>
   171822
  </price>
  <rating>
   2.54
  </rating>
  <reviews>
   435030
  </reviews>
  <exclusive>
   no
  </exclusive>
  <sporty>
   no
  </sporty>
 </clothing>
 <clothing>
  <id>
   696902711
  </id>
  <name>
   Asics Skirt C-9242
  </name>
  <category>
   Skirt
  </category>
  <size>
   S
  </size>
  <color>
   Зеленый
  </color>
  <material>
   Полиэстер
  </material>
  <price>
   382790
  </price>
  <rating>
   2.51
  </rating>
  <reviews>
   857446
  </reviews>
  <sporty>
   yes
  </sporty>
 </clothing>
 <clothing>
  <id>
   477820936
  </id>
  <name>
   Nike Jeans P-9024
  </name>
  <category>
   Jeans
  </category>
  <size>
   S
  </size>
  <color>
   Голубой
  </color>
  <material>
   Вискоза
  </material>
  <price>
   913871
  </price>
  <rating>
   1.33
  </rating>
  <reviews>
   234759
  </reviews>
  <exclusive>
   no
  </exclusive>
  <sporty>
   no
  </sporty>
 </clothing>
 <clothing>
  <id>
   798613230
  </id>
  <name>
   Brooks Dress W-3340
  </name>
  <category>
   Dress
  </category>
  <size>
   S
  </size>
  <color>
   Зеленый
  </color>
  <material>
   Лен
  </material>
  <price>
   472379
  </price>
  <rating>
   3.15
  </rating>
  <reviews>
   692906
  </reviews>
  <new>
   +
  </new>
  <exclusive>
   yes
  </exclusive>
  <sporty>
   yes
  </sporty>
 </clothing>
 <clothing>
  <id>
   571542681
  </id>
  <name>
   Lacoste Hat B-3988
  </name>
  <category>
   Hat
  </category>
  <size>
   XL
  </size>
  <color>
   Фиолетовый
  </color>
  <material>
   Шерсть
  </material>
  <price>
   689309
  </price>
  <rating>
   2.44
  </rating>
  <reviews>
   931997
  </reviews>
  <new>
   +
  </new>
  <exclusive>
   yes
  </exclusive>
  <sporty>
   yes
  </sporty>
 </clothing>
 <clothing>
  <id>
   826325804
  </id>
  <name>
   Fila Gloves E-2458
  </name>
  <category>
   Gloves
  </category>
  <size>
   XL
  </size>
  <color>
   Зеленый
  </color>
  <material>
   Кожа
  </material>
  <price>
   706198
  </price>
  <rating>
   1.82
  </rating>
  <reviews>
   420734
  </reviews>
 </clothing>
 <clothing>
  <id>
   162501385
  </id>
  <name>
   Brooks Pants S-3022
  </name>
  <category>
   Pants
  </category>
  <size>
   XXL
  </size>
  <color>
   Голубой
  </color>
  <material>
   Нейлон
  </material>
  <price>
   897566
  </price>
  <rating>
   2.18
  </rating>
  <reviews>
   656314
  </reviews>
  <new>
   +
  </new>
  <exclusive>
   yes
  </exclusive>
  <sporty>
   no
  </sporty>
 </clothing>
 <clothing>
  <id>
   432137695
  </id>
  <name>
   Under Armour Pants G-1859
  </name>
  <category>
   Pants
  </category>
  <size>
   L
  </size>
  <color>
   Зеленый
  </color>
  <material>
   Нейлон
  </material>
  <price>
   355021
  </price>
  <rating>
   3.57
  </rating>
  <reviews>
   99273
  </reviews>
  <exclusive>
   no
  </exclusive>
  <sporty>
   yes
  </sporty>
 </clothing>
 <clothing>
  <id>
   732808328
  </id>
  <name>
   Vans Jacket B-2472
  </name>
  <category>
   Jacket
  </category>
  <size>
   L
  </size>
  <color>
   Синий
  </color>
  <material>
   Шерсть
  </material>
  <price>
   644812
  </price>
  <rating>
   3.19
  </rating>
  <reviews>
   341844
  </reviews>
 </clothing>
 <clothing>
  <id>
   851092447
  </id>
  <name>
   Lacoste Shirt F-8038
  </name>
  <category>
   Shirt
  </category>
  <size>
   XXL
  </size>
  <color>
   Красный
  </color>
  <material>
   Вискоза
  </material>
  <price>
   639183
  </price>
  <rating>
   2.2
  </rating>
  <reviews>
   521210
  </reviews>
  <new>
   +
  </new>
  <exclusive>
   no
  </exclusive>
 </clothing>
 <clothing>
  <id>
   213890751
  </id>
  <name>
   Asics Umbrellas A-7198
  </name>
  <category>
   Umbrellas
  </category>
  <size>
   M
  </size>
  <color>
   Красный
  </color>
  <material>
   Полиэстер
  </material>
  <price>
   437976
  </price>
  <rating>
   1.91
  </rating>
  <reviews>
   104211
  </reviews>
  <new>
   +
  </new>
  <exclusive>
   yes
  </exclusive>
 </clothing>
</clothing-items>
