<?xml version="1.0" encoding="utf-8"?>
<clothing-items>
 <clothing>
  <id>
   905701022
  </id>
  <name>
   Converse Umbrellas V-6372
  </name>
  <category>
   Umbrellas
  </category>
  <size>
   S
  </size>
  <color>
   Оранжевый
  </color>
  <material>
   Вискоза
  </material>
  <price>
   442395
  </price>
  <rating>
   1.86
  </rating>
  <reviews>
   992696
  </reviews>
  <new>
   +
  </new>
  <exclusive>
   no
  </exclusive>
 </clothing>
 <clothing>
  <id>
   430877926
  </id>
  <name>
   Fila Shirt R-5278
  </name>
  <category>
   Shirt
  </category>
  <size>
   M
  </size>
  <color>
   Оранжевый
  </color>
  <material>
   Шерсть
  </material>
  <price>
   636363
  </price>
  <rating>
   1.67
  </rating>
  <reviews>
   101366
  </reviews>
  <exclusive>
   no
  </exclusive>
  <sporty>
   no
  </sporty>
 </clothing>
 <clothing>
  <id>
   725985581
  </id>
  <name>
   Addidas Pants Q-4316
  </name>
  <category>
   Pants
  </category>
  <size>
   S
  </size>
  <color>
   Желтый
  </color>
  <material>
   Хлопок
  </material>
  <price>
   698783
  </price>
  <rating>
   4.98
  </rating>
  <reviews>
   274938
  </reviews>
  <exclusive>
   no
  </exclusive>
  <sporty>
   no
  </sporty>
 </clothing>
 <clothing>
  <id>
   725686222
  </id>
  <name>
   Addidas Jacket J-2695
  </name>
  <category>
   Jacket
  </category>
  <size>
   M
  </size>
  <color>
   Зеленый
  </color>
  <material>
   Полиэстер
  </material>
  <price>
   262366
  </price>
  <rating>
   2.22
  </rating>
  <reviews>
   134010
  </reviews>
  <sporty>
   no
  </sporty>
 </clothing>
 <clothing>
  <id>
   113497557
  </id>
  <name>
   Adidas Sweater N-2675
  </name>
  <category>
   Sweater
  </category>
  <size>
   S
  </size>
  <color>
   Зеленый
  </color>
  <material>
   Шерсть
  </material>
  <price>
   880591
  </price>
  <rating>
   4.21
  </rating>
  <reviews>
   252014
  </reviews>
  <new>
   +
  </new>
  <exclusive>
   yes
  </exclusive>
  <sporty>
   yes
  </sporty>
 </clothing>
 <clothing>
  <id>
   513831483
  </id>
  <name>
   Puma Skirt V-3925
  </name>
  <category>
   Skirt
  </category>
  <size>
   XXL
  </size>
  <color>
   Фиолетовый
  </color>
  <material>
   Хлопок
  </material>
  <price>
   599176
  </price>
  <rating>
   2.39
  </rating>
  <reviews>
   943625
  </reviews>
  <new>
   -
  </new>
  <exclusive>
   no
  </exclusive>
  <sporty>
   yes
  </sporty>
 </clothing>
 <clothing>
  <id>
   824965984
  </id>
  <name>
   Lacoste Jacket N-9833
  </name>
  <category>
   Jacket
  </category>
  <size>
   M
  </size>
  <color>
   Голубой
  </color>
  <material>
   Хлопок
  </material>
  <price>
   465365
  </price>
  <rating>
   1.31
  </rating>
  <reviews>
   288974
  </reviews>
  <exclusive>
   yes
  </exclusive>
  <sporty>
   no
  </sporty>
 </clothing>
 <clothing>
  <id>
   185507052
  </id>
  <name>
   Under Armour Handbags S-8068
  </name>
  <category>
   Handbags
  </category>
  <size>
   M
  </size>
  <color>
   Голубой
  </color>
  <material>
   Полиэстер
  </material>
  <price>
   415482
  </price>
  <rating>
   1.68
  </rating>
  <reviews>
   572228
  </reviews>
  <exclusive>
   no
  </exclusive>
 </clothing>
 <clothing>
  <id>
   553674170
  </id>
  <name>
   Asics Jeans M-7982
  </name>
  <category>
   Jeans
  </category>
  <size>
   XXL
  </size>
  <color>
   Зеленый
  </color>
  <material>
   Полиэстер
  </material>
  <price>
   791958
  </price>
  <rating>
   2.7
  </rating>
  <reviews>
   429883
  </reviews>
  <new>
   -
  </new>
  <exclusive>
   yes
  </exclusive>
 </clothing>
 <clothing>
  <id>
   872437236
  </id>
  <name>
   Reebok Belts H-6307
  </name>
  <category>
   Belts
  </category>
  <size>
   S
  </size>
  <color>
   Зеленый
  </color>
  <material>
   Хлопок
  </material>
  <price>
   993880
  </price>
  <rating>
   2.41
  </rating>
  <reviews>
   496428
  </reviews>
  <new>
   -
  </new>
 </clothing>
 <clothing>
  <id>
   382400560
  </id>
  <name>
   New Balance Shoes U-8403
  </name>
  <category>
   Shoes
  </category>
  <size>
   L
  </size>
  <color>
   Оранжевый
  </color>
  <material>
   Шелк
  </material>
  <price>
   401828
  </price>
  <rating>
   4.85
  </rating>
  <reviews>
   445391
  </reviews>
  <new>
   -
  </new>
  <exclusive>
   no
  </exclusive>
  <sporty>
   no
  </sporty>
 </clothing>
 <clothing>
  <id>
   480918999
  </id>
  <name>
   Ellesse Jacket V-8262
  </name>
  <category>
   Jacket
  </category>
  <size>
   L
  </size>
  <color>
   Желтый
  </color>
  <material>
   Полиэстер
  </material>
  <price>
   575236
  </price>
  <rating>
   3.3
  </rating>
  <reviews>
   258417
  </reviews>
  <new>
   +
  </new>
  <exclusive>
   no
  </exclusive>
 </clothing>
 <clothing>
  <id>
   984726921
  </id>
  <name>
   DC Jeans O-8727
  </name>
  <category>
   Jeans
  </category>
  <size>
   XXL
  </size>
  <color>
   Синий
  </color>
  <material>
   Хлопок
  </material>
  <price>
   793498
  </price>
  <rating>
   2.14
  </rating>
  <reviews>
   381528
  </reviews>
  <new>
   +
  </new>
  <exclusive>
   yes
  </exclusive>
  <sporty>
   no
  </sporty>
 </clothing>
 <clothing>
  <id>
   581292715
  </id>
  <name>
   Fila Blouse R-3090
  </name>
  <category>
   Blouse
  </category>
  <size>
   L
  </size>
  <color>
   Оранжевый
  </color>
  <material>
   Лен
  </material>
  <price>
   850375
  </price>
  <rating>
   2.04
  </rating>
  <reviews>
   901251
  </reviews>
  <new>
   -
  </new>
 </clothing>
 <clothing>
  <id>
   711649720
  </id>
  <name>
   Vans Shoes B-6068
  </name>
  <category>
   Shoes
  </category>
  <size>
   S
  </size>
  <color>
   Оранжевый
  </color>
  <material>
   Полиэстер
  </material>
  <price>
   589850
  </price>
  <rating>
   3.19
  </rating>
  <reviews>
   359097
  </reviews>
  <new>
   +
  </new>
 </clothing>
 <clothing>
  <id>
   365252476
  </id>
  <name>
   DC Hat B-8886
  </name>
  <category>
   Hat
  </category>
  <size>
   L
  </size>
  <color>
   Оранжевый
  </color>
  <material>
   Нейлон
  </material>
  <price>
   919303
  </price>
  <rating>
   4.34
  </rating>
  <reviews>
   957228
  </reviews>
  <new>
   +
  </new>
  <exclusive>
   no
  </exclusive>
  <sporty>
   no
  </sporty>
 </clothing>
 <clothing>
  <id>
   933445661
  </id>
  <name>
   Addidas T-shirt L-1430
  </name>
  <category>
   T-shirt
  </category>
  <size>
   S
  </size>
  <color>
   Оранжевый
  </color>
  <material>
   Нейлон
  </material>
  <price>
   450956
  </price>
  <rating>
   2.73
  </rating>
  <reviews>
   246301
  </reviews>
  <exclusive>
   no
  </exclusive>
 </clothing>
 <clothing>
  <id>
   383500860
  </id>
  <name>
   Vans T-shirt V-7038
  </name>
  <category>
   T-shirt
  </category>
  <size>
   S
  </size>
  <color>
   Красный
  </color>
  <material>
   Шерсть
  </material>
  <price>
   109462
  </price>
  <rating>
   2.97
  </rating>
  <reviews>
   763603
  </reviews>
  <exclusive>
   no
  </exclusive>
 </clothing>
 <clothing>
  <id>
   197467506
  </id>
  <name>
   Asics Gloves H-1335
  </name>
  <category>
   Gloves
  </category>
  <size>
   S
  </size>
  <color>
   Синий
  </color>
  <material>
   Шелк
  </material>
  <price>
   766839
  </price>
  <rating>
   4.95
  </rating>
  <reviews>
   493752
  </reviews>
  <new>
   +
  </new>
  <sporty>
   no
  </sporty>
 </clothing>
 <clothing>
  <id>
   532252035
  </id>
  <name>
   PleinSport Blouse B-8879
  </name>
  <category>
   Blouse
  </category>
  <size>
   S
  </size>
  <color>
   Оранжевый
  </color>
  <material>
   Хлопок
  </material>
  <price>
   678273
  </price>
  <rating>
   2.79
  </rating>
  <reviews>
   215434
  </reviews>
  <new>
   -
  </new>
  <exclusive>
   yes
  </exclusive>
  <sporty>
   no
  </sporty>
 </clothing>
 <clothing>
  <id>
   138391578
  </id>
  <name>
   PleinSport T-shirt N-1107
  </name>
  <category>
   T-shirt
  </category>
  <size>
   M
  </size>
  <color>
   Оранжевый
  </color>
  <material>
   Хлопок
  </material>
  <price>
   536095
  </price>
  <rating>
   2.14
  </rating>
  <reviews>
   757351
  </reviews>
 </clothing>
 <clothing>
  <id>
   362368960
  </id>
  <name>
   Adidas Skirt O-3463
  </name>
  <category>
   Skirt
  </category>
  <size>
   S
  </size>
  <color>
   Голубой
  </color>
  <material>
   Полиэстер
  </material>
  <price>
   678767
  </price>
  <rating>
   3.15
  </rating>
  <reviews>
   895655
  </reviews>
  <sporty>
   no
  </sporty>
 </clothing>
 <clothing>
  <id>
   379935765
  </id>
  <name>
   Adidas Jacket T-2642
  </name>
  <category>
   Jacket
  </category>
  <size>
   M
  </size>
  <color>
   Зеленый
  </color>
  <material>
   Шерсть
  </material>
  <price>
   600642
  </price>
  <rating>
   2.1
  </rating>
  <reviews>
   674453
  </reviews>
 </clothing>
 <clothing>
  <id>
   566686569
  </id>
  <name>
   Fila Handbags I-4477
  </name>
  <category>
   Handbags
  </category>
  <size>
   XL
  </size>
  <color>
   Синий
  </color>
  <material>
   Вискоза
  </material>
  <price>
   164203
  </price>
  <rating>
   2.18
  </rating>
  <reviews>
   903343
  </reviews>
  <new>
   -
  </new>
  <sporty>
   yes
  </sporty>
 </clothing>
 <clothing>
  <id>
   459602687
  </id>
  <name>
   Ellesse T-shirt I-3962
  </name>
  <category>
   T-shirt
  </category>
  <size>
   M
  </size>
  <color>
   Оранжевый
  </color>
  <material>
   Лен
  </material>
  <price>
   644288
  </price>
  <rating>
   2.7
  </rating>
  <reviews>
   117228
  </reviews>
  <new>
   +
  </new>
  <exclusive>
   no
  </exclusive>
  <sporty>
   yes
  </sporty>
 </clothing>
 <clothing>
  <id>
   374868360
  </id>
  <name>
   Addidas Hat S-8663
  </name>
  <category>
   Hat
  </category>
  <size>
   XL
  </size>
  <color>
   Зеленый
  </color>
  <material>
   Вискоза
  </material>
  <price>
   615578
  </price>
  <rating>
   2.02
  </rating>
  <reviews>
   655754
  </reviews>
  <new>
   +
  </new>
  <sporty>
   no
  </sporty>
 </clothing>
 <clothing>
  <id>
   290382825
  </id>
  <name>
   Vans Umbrellas P-9262
  </name>
  <category>
   Umbrellas
  </category>
  <size>
   L
  </size>
  <color>
   Зеленый
  </color>
  <material>
   Вискоза
  </material>
  <price>
   383893
  </price>
  <rating>
   4.05
  </rating>
  <reviews>
   164238
  </reviews>
  <new>
   -
  </new>
  <exclusive>
   no
  </exclusive>
  <sporty>
   yes
  </sporty>
 </clothing>
 <clothing>
  <id>
   349579031
  </id>
  <name>
   Converse Blouse B-4653
  </name>
  <category>
   Blouse
  </category>
  <size>
   L
  </size>
  <color>
   Желтый
  </color>
  <material>
   Хлопок
  </material>
  <price>
   762612
  </price>
  <rating>
   2.58
  </rating>
  <reviews>
   299661
  </reviews>
  <new>
   +
  </new>
  <exclusive>
   yes
  </exclusive>
 </clothing>
 <clothing>
  <id>
   668620184
  </id>
  <name>
   Reebok Blouse O-3671
  </name>
  <category>
   Blouse
  </category>
  <size>
   S
  </size>
  <color>
   Оранжевый
  </color>
  <material>
   Кожа
  </material>
  <price>
   970504
  </price>
  <rating>
   4.81
  </rating>
  <reviews>
   44801
  </reviews>
  <new>
   -
  </new>
 </clothing>
 <clothing>
  <id>
   789192084
  </id>
  <name>
   Puma Gloves P-4639
  </name>
  <category>
   Gloves
  </category>
  <size>
   XL
  </size>
  <color>
   Оранжевый
  </color>
  <material>
   Кожа
  </material>
  <price>
   198375
  </price>
  <rating>
   4.02
  </rating>
  <reviews>
   41110
  </reviews>
  <exclusive>
   no
  </exclusive>
  <sporty>
   yes
  </sporty>
 </clothing>
 <clothing>
  <id>
   685919493
  </id>
  <name>
   Asics Hat X-8747
  </name>
  <category>
   Hat
  </category>
  <size>
   L
  </size>
  <color>
   Зеленый
  </color>
  <material>
   Вискоза
  </material>
  <price>
   736398
  </price>
  <rating>
   1.45
  </rating>
  <reviews>
   938518
  </reviews>
  <new>
   -
  </new>
  <sporty>
   no
  </sporty>
 </clothing>
 <clothing>
  <id>
   665380483
  </id>
  <name>
   New Balance Pants U-3823
  </name>
  <category>
   Pants
  </category>
  <size>
   XXL
  </size>
  <color>
   Голубой
  </color>
  <material>
   Шелк
  </material>
  <price>
   364088
  </price>
  <rating>
   4.96
  </rating>
  <reviews>
   479619
  </reviews>
 </clothing>
 <clothing>
  <id>
   301025150
  </id>
  <name>
   Addidas Umbrellas T-9632
  </name>
  <category>
   Umbrellas
  </category>
  <size>
   XL
  </size>
  <color>
   Голубой
  </color>
  <material>
   Шелк
  </material>
  <price>
   156812
  </price>
  <rating>
   4.84
  </rating>
  <reviews>
   396060
  </reviews>
  <exclusive>
   no
  </exclusive>
  <sporty>
   yes
  </sporty>
 </clothing>
 <clothing>
  <id>
   108724274
  </id>
  <name>
   Fila Shirt D-7720
  </name>
  <category>
   Shirt
  </category>
  <size>
   XL
  </size>
  <color>
   Зеленый
  </color>
  <material>
   Хлопок
  </material>
  <price>
   721032
  </price>
  <rating>
   2.58
  </rating>
  <reviews>
   114331
  </reviews>
  <exclusive>
   no
  </exclusive>
  <sporty>
   no
  </sporty>
 </clothing>
 <clothing>
  <id>
   888602422
  </id>
  <name>
   Asics Hat B-8079
  </name>
  <category>
   Hat
  </category>
  <size>
   M
  </size>
  <color>
   Красный
  </color>
  <material>
   Лен
  </material>
  <price>
   970104
  </price>
  <rating>
   1.43
  </rating>
  <reviews>
   266302
  </reviews>
  <new>
   +
  </new>
  <sporty>
   no
  </sporty>
 </clothing>
 <clothing>
  <id>
   754385261
  </id>
  <name>
   Adidas Hat U-2232
  </name>
  <category>
   Hat
  </category>
  <size>
   M
  </size>
  <color>
   Желтый
  </color>
  <material>
   Шерсть
  </material>
  <price>
   225537
  </price>
  <rating>
   2.0
  </rating>
  <reviews>
   733336
  </reviews>
  <sporty>
   no
  </sporty>
 </clothing>
 <clothing>
  <id>
   125406513
  </id>
  <name>
   New Balance Shirt Q-9441
  </name>
  <category>
   Shirt
  </category>
  <size>
   XL
  </size>
  <color>
   Синий
  </color>
  <material>
   Нейлон
  </material>
  <price>
   713480
  </price>
  <rating>
   4.1
  </rating>
  <reviews>
   415150
  </reviews>
  <exclusive>
   yes
  </exclusive>
 </clothing>
 <clothing>
  <id>
   809019783
  </id>
  <name>
   Asics Skirt U-8515
  </name>
  <category>
   Skirt
  </category>
  <size>
   S
  </size>
  <color>
   Фиолетовый
  </color>
  <material>
   Шерсть
  </material>
  <price>
   691560
  </price>
  <rating>
   3.76
  </rating>
  <reviews>
   890640
  </reviews>
  <new>
   +
  </new>
  <sporty>
   no
  </sporty>
 </clothing>
 <clothing>
  <id>
   574821977
  </id>
  <name>
   Brooks Socks T-1985
  </name>
  <category>
   Socks
  </category>
  <size>
   M
  </size>
  <color>
   Оранжевый
  </color>
  <material>
   Хлопок
  </material>
  <price>
   679247
  </price>
  <rating>
   2.39
  </rating>
  <reviews>
   835960
  </reviews>
  <new>
   +
  </new>
 </clothing>
 <clothing>
  <id>
   589478994
  </id>
  <name>
   Vans Jacket E-8710
  </name>
  <category>
   Jacket
  </category>
  <size>
   S
  </size>
  <color>
   Красный
  </color>
  <material>
   Нейлон
  </material>
  <price>
   239694
  </price>
  <rating>
   2.55
  </rating>
  <reviews>
   618720
  </reviews>
  <new>
   +
  </new>
  <sporty>
   no
  </sporty>
 </clothing>
 <clothing>
  <id>
   306151478
  </id>
  <name>
   Brooks Umbrellas S-2825
  </name>
  <category>
   Umbrellas
  </category>
  <size>
   M
  </size>
  <color>
   Фиолетовый
  </color>
  <material>
   Шелк
  </material>
  <price>
   276277
  </price>
  <rating>
   4.65
  </rating>
  <reviews>
   917954
  </reviews>
  <new>
   +
  </new>
  <sporty>
   no
  </sporty>
 </clothing>
 <clothing>
  <id>
   529262438
  </id>
  <name>
   Fila Gloves L-7101
  </name>
  <category>
   Gloves
  </category>
  <size>
   M
  </size>
  <color>
   Фиолетовый
  </color>
  <material>
   Вискоза
  </material>
  <price>
   914634
  </price>
  <rating>
   4.78
  </rating>
  <reviews>
   439965
  </reviews>
  <exclusive>
   yes
  </exclusive>
  <sporty>
   yes
  </sporty>
 </clothing>
 <clothing>
  <id>
   225773537
  </id>
  <name>
   Reebok Skirt L-8896
  </name>
  <category>
   Skirt
  </category>
  <size>
   XL
  </size>
  <color>
   Синий
  </color>
  <material>
   Шелк
  </material>
  <price>
   866492
  </price>
  <rating>
   4.09
  </rating>
  <reviews>
   142984
  </reviews>
  <sporty>
   yes
  </sporty>
 </clothing>
</clothing-items>
