<?xml version="1.0" encoding="utf-8"?>
<clothing-items>
 <clothing>
  <id>
   900099528
  </id>
  <name>
   New Balance Handbags Z-7262
  </name>
  <category>
   Handbags
  </category>
  <size>
   S
  </size>
  <color>
   Желтый
  </color>
  <material>
   Шелк
  </material>
  <price>
   467378
  </price>
  <rating>
   4.15
  </rating>
  <reviews>
   126229
  </reviews>
  <exclusive>
   yes
  </exclusive>
 </clothing>
 <clothing>
  <id>
   591625284
  </id>
  <name>
   Reebok Jacket E-5668
  </name>
  <category>
   Jacket
  </category>
  <size>
   S
  </size>
  <color>
   Желтый
  </color>
  <material>
   Хлопок
  </material>
  <price>
   728749
  </price>
  <rating>
   1.71
  </rating>
  <reviews>
   368122
  </reviews>
  <new>
   -
  </new>
  <exclusive>
   no
  </exclusive>
  <sporty>
   no
  </sporty>
 </clothing>
 <clothing>
  <id>
   202380040
  </id>
  <name>
   New Balance Blouse G-5369
  </name>
  <category>
   Blouse
  </category>
  <size>
   L
  </size>
  <color>
   Оранжевый
  </color>
  <material>
   Шерсть
  </material>
  <price>
   605220
  </price>
  <rating>
   2.89
  </rating>
  <reviews>
   7307
  </reviews>
  <new>
   -
  </new>
  <exclusive>
   yes
  </exclusive>
  <sporty>
   yes
  </sporty>
 </clothing>
 <clothing>
  <id>
   871584834
  </id>
  <name>
   Vans T-shirt U-5302
  </name>
  <category>
   T-shirt
  </category>
  <size>
   M
  </size>
  <color>
   Красный
  </color>
  <material>
   Хлопок
  </material>
  <price>
   173142
  </price>
  <rating>
   1.18
  </rating>
  <reviews>
   975788
  </reviews>
  <new>
   -
  </new>
  <exclusive>
   no
  </exclusive>
 </clothing>
 <clothing>
  <id>
   414543922
  </id>
  <name>
   Reebok Shirt A-9661
  </name>
  <category>
   Shirt
  </category>
  <size>
   XXL
  </size>
  <color>
   Красный
  </color>
  <material>
   Вискоза
  </material>
  <price>
   597693
  </price>
  <rating>
   3.58
  </rating>
  <reviews>
   247104
  </reviews>
  <new>
   -
  </new>
  <exclusive>
   no
  </exclusive>
  <sporty>
   yes
  </sporty>
 </clothing>
 <clothing>
  <id>
   134465870
  </id>
  <name>
   Puma Jeans C-2692
  </name>
  <category>
   Jeans
  </category>
  <size>
   XXL
  </size>
  <color>
   Оранжевый
  </color>
  <material>
   Хлопок
  </material>
  <price>
   521851
  </price>
  <rating>
   2.95
  </rating>
  <reviews>
   364246
  </reviews>
  <new>
   -
  </new>
  <exclusive>
   no
  </exclusive>
  <sporty>
   no
  </sporty>
 </clothing>
 <clothing>
  <id>
   826237155
  </id>
  <name>
   New Balance T-shirt E-2157
  </name>
  <category>
   T-shirt
  </category>
  <size>
   S
  </size>
  <color>
   Оранжевый
  </color>
  <material>
   Хлопок
  </material>
  <price>
   574383
  </price>
  <rating>
   1.58
  </rating>
  <reviews>
   761139
  </reviews>
  <new>
   +
  </new>
  <exclusive>
   yes
  </exclusive>
  <sporty>
   no
  </sporty>
 </clothing>
 <clothing>
  <id>
   732147874
  </id>
  <name>
   Vans Jeans Z-8323
  </name>
  <category>
   Jeans
  </category>
  <size>
   S
  </size>
  <color>
   Фиолетовый
  </color>
  <material>
   Хлопок
  </material>
  <price>
   141745
  </price>
  <rating>
   3.82
  </rating>
  <reviews>
   500135
  </reviews>
  <sporty>
   no
  </sporty>
 </clothing>
 <clothing>
  <id>
   742693172
  </id>
  <name>
   Addidas Jeans U-4528
  </name>
  <category>
   Jeans
  </category>
  <size>
   S
  </size>
  <color>
   Оранжевый
  </color>
  <material>
   Шерсть
  </material>
  <price>
   394721
  </price>
  <rating>
   1.16
  </rating>
  <reviews>
   57141
  </reviews>
  <exclusive>
   no
  </exclusive>
  <sporty>
   yes
  </sporty>
 </clothing>
 <clothing>
  <id>
   106885017
  </id>
  <name>
   New Balance Pants T-9697
  </name>
  <category>
   Pants
  </category>
  <size>
   S
  </size>
  <color>
   Голубой
  </color>
  <material>
   Вискоза
  </material>
  <price>
   874416
  </price>
  <rating>
   4.52
  </rating>
  <reviews>
   344729
  </reviews>
  <new>
   +
  </new>
  <exclusive>
   no
  </exclusive>
 </clothing>
 <clothing>
  <id>
   750747423
  </id>
  <name>
   New Balance Umbrellas U-6403
  </name>
  <category>
   Umbrellas
  </category>
  <size>
   L
  </size>
  <color>
   Желтый
  </color>
  <material>
   Кожа
  </material>
  <price>
   220305
  </price>
  <rating>
   3.77
  </rating>
  <reviews>
   879810
  </reviews>
  <exclusive>
   no
  </exclusive>
  <sporty>
   no
  </sporty>
 </clothing>
 <clothing>
  <id>
   644833173
  </id>
  <name>
   Brooks Socks Q-4056
  </name>
  <category>
   Socks
  </category>
  <size>
   L
  </size>
  <color>
   Красный
  </color>
  <material>
   Шерсть
  </material>
  <price>
   426774
  </price>
  <rating>
   2.47
  </rating>
  <reviews>
   191827
  </reviews>
  <exclusive>
   no
  </exclusive>
 </clothing>
 <clothing>
  <id>
   951259234
  </id>
  <name>
   Under Armour Dress O-7999
  </name>
  <category>
   Dress
  </category>
  <size>
   L
  </size>
  <color>
   Голубой
  </color>
  <material>
   Кожа
  </material>
  <price>
   547735
  </price>
  <rating>
   1.43
  </rating>
  <reviews>
   869560
  </reviews>
  <exclusive>
   no
  </exclusive>
 </clothing>
 <clothing>
  <id>
   507971642
  </id>
  <name>
   Lacoste Blouse Y-8861
  </name>
  <category>
   Blouse
  </category>
  <size>
   XL
  </size>
  <color>
   Синий
  </color>
  <material>
   Нейлон
  </material>
  <price>
   475602
  </price>
  <rating>
   4.51
  </rating>
  <reviews>
   922515
  </reviews>
  <exclusive>
   no
  </exclusive>
  <sporty>
   no
  </sporty>
 </clothing>
 <clothing>
  <id>
   648292603
  </id>
  <name>
   Fila Umbrellas Z-2366
  </name>
  <category>
   Umbrellas
  </category>
  <size>
   M
  </size>
  <color>
   Оранжевый
  </color>
  <material>
   Шелк
  </material>
  <price>
   330691
  </price>
  <rating>
   4.44
  </rating>
  <reviews>
   41943
  </reviews>
  <new>
   +
  </new>
  <sporty>
   yes
  </sporty>
 </clothing>
 <clothing>
  <id>
   672490885
  </id>
  <name>
   Nike Jacket Z-7665
  </name>
  <category>
   Jacket
  </category>
  <size>
   M
  </size>
  <color>
   Оранжевый
  </color>
  <material>
   Шерсть
  </material>
  <price>
   115612
  </price>
  <rating>
   3.91
  </rating>
  <reviews>
   176262
  </reviews>
  <new>
   -
  </new>
  <sporty>
   no
  </sporty>
 </clothing>
 <clothing>
  <id>
   658924411
  </id>
  <name>
   DC Belts R-3799
  </name>
  <category>
   Belts
  </category>
  <size>
   M
  </size>
  <color>
   Желтый
  </color>
  <material>
   Вискоза
  </material>
  <price>
   773504
  </price>
  <rating>
   2.66
  </rating>
  <reviews>
   542289
  </reviews>
  <exclusive>
   yes
  </exclusive>
  <sporty>
   yes
  </sporty>
 </clothing>
 <clothing>
  <id>
   317864737
  </id>
  <name>
   Adidas Skirt X-2724
  </name>
  <category>
   Skirt
  </category>
  <size>
   XXL
  </size>
  <color>
   Голубой
  </color>
  <material>
   Кожа
  </material>
  <price>
   288869
  </price>
  <rating>
   4.19
  </rating>
  <reviews>
   428253
  </reviews>
 </clothing>
 <clothing>
  <id>
   837066957
  </id>
  <name>
   Asics Gloves N-2601
  </name>
  <category>
   Gloves
  </category>
  <size>
   M
  </size>
  <color>
   Зеленый
  </color>
  <material>
   Кожа
  </material>
  <price>
   130539
  </price>
  <rating>
   1.8
  </rating>
  <reviews>
   25097
  </reviews>
  <new>
   -
  </new>
  <exclusive>
   yes
  </exclusive>
  <sporty>
   no
  </sporty>
 </clothing>
 <clothing>
  <id>
   716801035
  </id>
  <name>
   Lacoste Jacket A-9687
  </name>
  <category>
   Jacket
  </category>
  <size>
   L
  </size>
  <color>
   Зеленый
  </color>
  <material>
   Хлопок
  </material>
  <price>
   966645
  </price>
  <rating>
   1.74
  </rating>
  <reviews>
   8836
  </reviews>
  <exclusive>
   no
  </exclusive>
  <sporty>
   no
  </sporty>
 </clothing>
 <clothing>
  <id>
   320890697
  </id>
  <name>
   New Balance Dress O-5888
  </name>
  <category>
   Dress
  </category>
  <size>
   S
  </size>
  <color>
   Оранжевый
  </color>
  <material>
   Нейлон
  </material>
  <price>
   949657
  </price>
  <rating>
   2.2
  </rating>
  <reviews>
   573898
  </reviews>
  <exclusive>
   no
  </exclusive>
  <sporty>
   no
  </sporty>
 </clothing>
 <clothing>
  <id>
   242456696
  </id>
  <name>
   Reebok Dress O-7207
  </name>
  <category>
   Dress
  </category>
  <size>
   S
  </size>
  <color>
   Желтый
  </color>
  <material>
   Кожа
  </material>
  <price>
   248193
  </price>
  <rating>
   4.12
  </rating>
  <reviews>
   523769
  </reviews>
  <exclusive>
   yes
  </exclusive>
  <sporty>
   no
  </sporty>
 </clothing>
 <clothing>
  <id>
   707751649
  </id>
  <name>
   Brooks Socks C-1535
  </name>
  <category>
   Socks
  </category>
  <size>
   S
  </size>
  <color>
   Синий
  </color>
  <material>
   Шелк
  </material>
  <price>
   921123
  </price>
  <rating>
   4.86
  </rating>
  <reviews>
   967293
  </reviews>
  <new>
   +
  </new>
  <sporty>
   yes
  </sporty>
 </clothing>
 <clothing>
  <id>
   930716182
  </id>
  <name>
   Asics Blouse J-4607
  </name>
  <category>
   Blouse
  </category>
  <size>
   S
  </size>
  <color>
   Оранжевый
  </color>
  <material>
   Лен
  </material>
  <price>
   102043
  </price>
  <rating>
   4.94
  </rating>
  <reviews>
   965537
  </reviews>
  <sporty>
   no
  </sporty>
 </clothing>
 <clothing>
  <id>
   270458845
  </id>
  <name>
   Fila Jeans D-3626
  </name>
  <category>
   Jeans
  </category>
  <size>
   XXL
  </size>
  <color>
   Синий
  </color>
  <material>
   Нейлон
  </material>
  <price>
   984362
  </price>
  <rating>
   2.86
  </rating>
  <reviews>
   598413
  </reviews>
 </clothing>
 <clothing>
  <id>
   521179083
  </id>
  <name>
   Lacoste Jacket R-9841
  </name>
  <category>
   Jacket
  </category>
  <size>
   M
  </size>
  <color>
   Красный
  </color>
  <material>
   Полиэстер
  </material>
  <price>
   807608
  </price>
  <rating>
   2.53
  </rating>
  <reviews>
   476274
  </reviews>
  <new>
   -
  </new>
  <sporty>
   yes
  </sporty>
 </clothing>
 <clothing>
  <id>
   397485622
  </id>
  <name>
   Under Armour Hat P-9438
  </name>
  <category>
   Hat
  </category>
  <size>
   M
  </size>
  <color>
   Синий
  </color>
  <material>
   Лен
  </material>
  <price>
   172387
  </price>
  <rating>
   2.3
  </rating>
  <reviews>
   780513
  </reviews>
  <new>
   -
  </new>
 </clothing>
 <clothing>
  <id>
   970864932
  </id>
  <name>
   Converse Shirt X-5649
  </name>
  <category>
   Shirt
  </category>
  <size>
   S
  </size>
  <color>
   Оранжевый
  </color>
  <material>
   Лен
  </material>
  <price>
   936151
  </price>
  <rating>
   3.07
  </rating>
  <reviews>
   287495
  </reviews>
 </clothing>
 <clothing>
  <id>
   434050276
  </id>
  <name>
   Lacoste Shoes A-2125
  </name>
  <category>
   Shoes
  </category>
  <size>
   XL
  </size>
  <color>
   Синий
  </color>
  <material>
   Вискоза
  </material>
  <price>
   307034
  </price>
  <rating>
   3.53
  </rating>
  <reviews>
   541340
  </reviews>
  <new>
   +
  </new>
  <exclusive>
   no
  </exclusive>
  <sporty>
   no
  </sporty>
 </clothing>
 <clothing>
  <id>
   374189658
  </id>
  <name>
   Addidas Blouse P-2635
  </name>
  <category>
   Blouse
  </category>
  <size>
   M
  </size>
  <color>
   Фиолетовый
  </color>
  <material>
   Шелк
  </material>
  <price>
   774052
  </price>
  <rating>
   1.5
  </rating>
  <reviews>
   818514
  </reviews>
  <new>
   -
  </new>
  <exclusive>
   no
  </exclusive>
 </clothing>
 <clothing>
  <id>
   458161990
  </id>
  <name>
   Puma Shirt P-7563
  </name>
  <category>
   Shirt
  </category>
  <size>
   XL
  </size>
  <color>
   Зеленый
  </color>
  <material>
   Шерсть
  </material>
  <price>
   583753
  </price>
  <rating>
   4.11
  </rating>
  <reviews>
   340059
  </reviews>
  <new>
   +
  </new>
  <exclusive>
   no
  </exclusive>
  <sporty>
   yes
  </sporty>
 </clothing>
 <clothing>
  <id>
   958033529
  </id>
  <name>
   Fila Gloves I-1114
  </name>
  <category>
   Gloves
  </category>
  <size>
   S
  </size>
  <color>
   Синий
  </color>
  <material>
   Нейлон
  </material>
  <price>
   908802
  </price>
  <rating>
   4.76
  </rating>
  <reviews>
   767946
  </reviews>
  <exclusive>
   no
  </exclusive>
 </clothing>
 <clothing>
  <id>
   990008627
  </id>
  <name>
   DC Dress F-3355
  </name>
  <category>
   Dress
  </category>
  <size>
   XXL
  </size>
  <color>
   Фиолетовый
  </color>
  <material>
   Кожа
  </material>
  <price>
   760714
  </price>
  <rating>
   4.27
  </rating>
  <reviews>
   587102
  </reviews>
  <new>
   -
  </new>
  <exclusive>
   no
  </exclusive>
  <sporty>
   no
  </sporty>
 </clothing>
 <clothing>
  <id>
   913378066
  </id>
  <name>
   Adidas Handbags D-5983
  </name>
  <category>
   Handbags
  </category>
  <size>
   XXL
  </size>
  <color>
   Синий
  </color>
  <material>
   Кожа
  </material>
  <price>
   214626
  </price>
  <rating>
   2.13
  </rating>
  <reviews>
   198170
  </reviews>
  <exclusive>
   yes
  </exclusive>
  <sporty>
   no
  </sporty>
 </clothing>
 <clothing>
  <id>
   502616846
  </id>
  <name>
   Puma Jeans P-1171
  </name>
  <category>
   Jeans
  </category>
  <size>
   XL
  </size>
  <color>
   Голубой
  </color>
  <material>
   Вискоза
  </material>
  <price>
   490684
  </price>
  <rating>
   2.31
  </rating>
  <reviews>
   451176
  </reviews>
  <sporty>
   no
  </sporty>
 </clothing>
 <clothing>
  <id>
   801521580
  </id>
  <name>
   Fila Hat Z-8721
  </name>
  <category>
   Hat
  </category>
  <size>
   L
  </size>
  <color>
   Синий
  </color>
  <material>
   Полиэстер
  </material>
  <price>
   555609
  </price>
  <rating>
   3.29
  </rating>
  <reviews>
   294071
  </reviews>
  <new>
   -
  </new>
  <sporty>
   no
  </sporty>
 </clothing>
 <clothing>
  <id>
   601143564
  </id>
  <name>
   Under Armour Hat Q-9390
  </name>
  <category>
   Hat
  </category>
  <size>
   XL
  </size>
  <color>
   Фиолетовый
  </color>
  <material>
   Шерсть
  </material>
  <price>
   926515
  </price>
  <rating>
   4.97
  </rating>
  <reviews>
   559270
  </reviews>
  <exclusive>
   no
  </exclusive>
  <sporty>
   no
  </sporty>
 </clothing>
 <clothing>
  <id>
   694946140
  </id>
  <name>
   PleinSport Skirt A-7375
  </name>
  <category>
   Skirt
  </category>
  <size>
   L
  </size>
  <color>
   Оранжевый
  </color>
  <material>
   Лен
  </material>
  <price>
   158587
  </price>
  <rating>
   4.56
  </rating>
  <reviews>
   845193
  </reviews>
  <sporty>
   yes
  </sporty>
 </clothing>
 <clothing>
  <id>
   858526213
  </id>
  <name>
   Vans Skirt T-9072
  </name>
  <category>
   Skirt
  </category>
  <size>
   L
  </size>
  <color>
   Оранжевый
  </color>
  <material>
   Вискоза
  </material>
  <price>
   953699
  </price>
  <rating>
   2.92
  </rating>
  <reviews>
   439733
  </reviews>
  <new>
   +
  </new>
  <exclusive>
   no
  </exclusive>
 </clothing>
 <clothing>
  <id>
   651782151
  </id>
  <name>
   PleinSport Socks J-9516
  </name>
  <category>
   Socks
  </category>
  <size>
   XXL
  </size>
  <color>
   Оранжевый
  </color>
  <material>
   Шерсть
  </material>
  <price>
   792418
  </price>
  <rating>
   4.94
  </rating>
  <reviews>
   986777
  </reviews>
  <new>
   -
  </new>
 </clothing>
 <clothing>
  <id>
   875832495
  </id>
  <name>
   Adidas Dress L-2098
  </name>
  <category>
   Dress
  </category>
  <size>
   M
  </size>
  <color>
   Желтый
  </color>
  <material>
   Полиэстер
  </material>
  <price>
   747592
  </price>
  <rating>
   2.76
  </rating>
  <reviews>
   326201
  </reviews>
  <new>
   -
  </new>
  <exclusive>
   yes
  </exclusive>
  <sporty>
   no
  </sporty>
 </clothing>
 <clothing>
  <id>
   218758445
  </id>
  <name>
   Lacoste Shoes Q-1620
  </name>
  <category>
   Shoes
  </category>
  <size>
   XL
  </size>
  <color>
   Оранжевый
  </color>
  <material>
   Шелк
  </material>
  <price>
   149810
  </price>
  <rating>
   2.0
  </rating>
  <reviews>
   36119
  </reviews>
  <new>
   +
  </new>
  <exclusive>
   yes
  </exclusive>
  <sporty>
   yes
  </sporty>
 </clothing>
 <clothing>
  <id>
   106025711
  </id>
  <name>
   Ellesse Socks Q-1849
  </name>
  <category>
   Socks
  </category>
  <size>
   L
  </size>
  <color>
   Фиолетовый
  </color>
  <material>
   Шелк
  </material>
  <price>
   840399
  </price>
  <rating>
   1.9
  </rating>
  <reviews>
   187397
  </reviews>
  <new>
   -
  </new>
  <exclusive>
   no
  </exclusive>
 </clothing>
</clothing-items>
