<?xml version="1.0" encoding="utf-8"?>
<clothing-items>
 <clothing>
  <id>
   298692693
  </id>
  <name>
   Adidas Jeans W-4552
  </name>
  <category>
   Jeans
  </category>
  <size>
   L
  </size>
  <color>
   Голубой
  </color>
  <material>
   Вискоза
  </material>
  <price>
   876448
  </price>
  <rating>
   1.0
  </rating>
  <reviews>
   871619
  </reviews>
  <exclusive>
   no
  </exclusive>
 </clothing>
 <clothing>
  <id>
   310883812
  </id>
  <name>
   New Balance Dress B-1174
  </name>
  <category>
   Dress
  </category>
  <size>
   S
  </size>
  <color>
   Синий
  </color>
  <material>
   Кожа
  </material>
  <price>
   496282
  </price>
  <rating>
   3.16
  </rating>
  <reviews>
   982779
  </reviews>
  <new>
   +
  </new>
  <exclusive>
   no
  </exclusive>
  <sporty>
   yes
  </sporty>
 </clothing>
 <clothing>
  <id>
   571549692
  </id>
  <name>
   Reebok Dress N-4844
  </name>
  <category>
   Dress
  </category>
  <size>
   M
  </size>
  <color>
   Красный
  </color>
  <material>
   Лен
  </material>
  <price>
   368861
  </price>
  <rating>
   1.77
  </rating>
  <reviews>
   737783
  </reviews>
 </clothing>
 <clothing>
  <id>
   461702987
  </id>
  <name>
   Addidas Shirt S-9967
  </name>
  <category>
   Shirt
  </category>
  <size>
   XL
  </size>
  <color>
   Красный
  </color>
  <material>
   Лен
  </material>
  <price>
   141029
  </price>
  <rating>
   1.73
  </rating>
  <reviews>
   735865
  </reviews>
  <exclusive>
   no
  </exclusive>
 </clothing>
 <clothing>
  <id>
   543002057
  </id>
  <name>
   Lacoste Skirt J-9645
  </name>
  <category>
   Skirt
  </category>
  <size>
   S
  </size>
  <color>
   Фиолетовый
  </color>
  <material>
   Нейлон
  </material>
  <price>
   974956
  </price>
  <rating>
   1.88
  </rating>
  <reviews>
   658441
  </reviews>
  <sporty>
   no
  </sporty>
 </clothing>
 <clothing>
  <id>
   450283269
  </id>
  <name>
   Nike Skirt F-6773
  </name>
  <category>
   Skirt
  </category>
  <size>
   M
  </size>
  <color>
   Голубой
  </color>
  <material>
   Шелк
  </material>
  <price>
   987344
  </price>
  <rating>
   2.4
  </rating>
  <reviews>
   657928
  </reviews>
 </clothing>
 <clothing>
  <id>
   545299118
  </id>
  <name>
   Vans Gloves E-7426
  </name>
  <category>
   Gloves
  </category>
  <size>
   XXL
  </size>
  <color>
   Синий
  </color>
  <material>
   Лен
  </material>
  <price>
   727110
  </price>
  <rating>
   3.42
  </rating>
  <reviews>
   699136
  </reviews>
  <sporty>
   no
  </sporty>
 </clothing>
 <clothing>
  <id>
   758421904
  </id>
  <name>
   Asics Gloves S-7583
  </name>
  <category>
   Gloves
  </category>
  <size>
   S
  </size>
  <color>
   Голубой
  </color>
  <material>
   Хлопок
  </material>
  <price>
   249323
  </price>
  <rating>
   2.77
  </rating>
  <reviews>
   524278
  </reviews>
  <exclusive>
   no
  </exclusive>
  <sporty>
   no
  </sporty>
 </clothing>
 <clothing>
  <id>
   603352868
  </id>
  <name>
   Under Armour Socks G-5482
  </name>
  <category>
   Socks
  </category>
  <size>
   S
  </size>
  <color>
   Зеленый
  </color>
  <material>
   Вискоза
  </material>
  <price>
   240496
  </price>
  <rating>
   4.61
  </rating>
  <reviews>
   701064
  </reviews>
  <new>
   -
  </new>
  <sporty>
   yes
  </sporty>
 </clothing>
 <clothing>
  <id>
   283801645
  </id>
  <name>
   Under Armour Gloves C-2817
  </name>
  <category>
   Gloves
  </category>
  <size>
   L
  </size>
  <color>
   Синий
  </color>
  <material>
   Шерсть
  </material>
  <price>
   437742
  </price>
  <rating>
   4.56
  </rating>
  <reviews>
   654820
  </reviews>
  <new>
   -
  </new>
  <sporty>
   no
  </sporty>
 </clothing>
 <clothing>
  <id>
   634371377
  </id>
  <name>
   Reebok Pants O-7671
  </name>
  <category>
   Pants
  </category>
  <size>
   S
  </size>
  <color>
   Голубой
  </color>
  <material>
   Кожа
  </material>
  <price>
   706848
  </price>
  <rating>
   4.33
  </rating>
  <reviews>
   329941
  </reviews>
  <new>
   +
  </new>
  <sporty>
   no
  </sporty>
 </clothing>
 <clothing>
  <id>
   903751210
  </id>
  <name>
   DC Hat R-3633
  </name>
  <category>
   Hat
  </category>
  <size>
   XXL
  </size>
  <color>
   Синий
  </color>
  <material>
   Вискоза
  </material>
  <price>
   115879
  </price>
  <rating>
   2.45
  </rating>
  <reviews>
   672393
  </reviews>
 </clothing>
 <clothing>
  <id>
   630591655
  </id>
  <name>
   Addidas Pants V-3349
  </name>
  <category>
   Pants
  </category>
  <size>
   XL
  </size>
  <color>
   Фиолетовый
  </color>
  <material>
   Шерсть
  </material>
  <price>
   128854
  </price>
  <rating>
   4.21
  </rating>
  <reviews>
   632055
  </reviews>
  <sporty>
   yes
  </sporty>
 </clothing>
 <clothing>
  <id>
   967193004
  </id>
  <name>
   Under Armour Gloves O-1022
  </name>
  <category>
   Gloves
  </category>
  <size>
   M
  </size>
  <color>
   Голубой
  </color>
  <material>
   Кожа
  </material>
  <price>
   296569
  </price>
  <rating>
   2.82
  </rating>
  <reviews>
   892431
  </reviews>
  <new>
   +
  </new>
  <exclusive>
   no
  </exclusive>
 </clothing>
 <clothing>
  <id>
   208302708
  </id>
  <name>
   Converse Jacket A-7182
  </name>
  <category>
   Jacket
  </category>
  <size>
   L
  </size>
  <color>
   Голубой
  </color>
  <material>
   Кожа
  </material>
  <price>
   966070
  </price>
  <rating>
   2.86
  </rating>
  <reviews>
   614764
  </reviews>
  <exclusive>
   no
  </exclusive>
  <sporty>
   no
  </sporty>
 </clothing>
 <clothing>
  <id>
   312852376
  </id>
  <name>
   Fila Jeans U-3432
  </name>
  <category>
   Jeans
  </category>
  <size>
   XL
  </size>
  <color>
   Оранжевый
  </color>
  <material>
   Вискоза
  </material>
  <price>
   315989
  </price>
  <rating>
   2.94
  </rating>
  <reviews>
   909590
  </reviews>
  <sporty>
   yes
  </sporty>
 </clothing>
 <clothing>
  <id>
   870009148
  </id>
  <name>
   New Balance Jeans F-1856
  </name>
  <category>
   Jeans
  </category>
  <size>
   M
  </size>
  <color>
   Зеленый
  </color>
  <material>
   Полиэстер
  </material>
  <price>
   727762
  </price>
  <rating>
   2.87
  </rating>
  <reviews>
   46930
  </reviews>
  <exclusive>
   yes
  </exclusive>
  <sporty>
   yes
  </sporty>
 </clothing>
 <clothing>
  <id>
   728219923
  </id>
  <name>
   Addidas T-shirt N-5298
  </name>
  <category>
   T-shirt
  </category>
  <size>
   S
  </size>
  <color>
   Зеленый
  </color>
  <material>
   Лен
  </material>
  <price>
   290790
  </price>
  <rating>
   3.01
  </rating>
  <reviews>
   301341
  </reviews>
  <new>
   -
  </new>
  <exclusive>
   no
  </exclusive>
 </clothing>
 <clothing>
  <id>
   376198897
  </id>
  <name>
   Under Armour T-shirt X-4235
  </name>
  <category>
   T-shirt
  </category>
  <size>
   XXL
  </size>
  <color>
   Голубой
  </color>
  <material>
   Шелк
  </material>
  <price>
   292625
  </price>
  <rating>
   4.47
  </rating>
  <reviews>
   103275
  </reviews>
  <new>
   -
  </new>
  <exclusive>
   no
  </exclusive>
 </clothing>
 <clothing>
  <id>
   108993700
  </id>
  <name>
   Ellesse Belts S-1231
  </name>
  <category>
   Belts
  </category>
  <size>
   XL
  </size>
  <color>
   Голубой
  </color>
  <material>
   Полиэстер
  </material>
  <price>
   388428
  </price>
  <rating>
   5.0
  </rating>
  <reviews>
   509814
  </reviews>
  <exclusive>
   no
  </exclusive>
  <sporty>
   no
  </sporty>
 </clothing>
 <clothing>
  <id>
   209013342
  </id>
  <name>
   DC Socks W-6435
  </name>
  <category>
   Socks
  </category>
  <size>
   XXL
  </size>
  <color>
   Синий
  </color>
  <material>
   Лен
  </material>
  <price>
   334160
  </price>
  <rating>
   3.89
  </rating>
  <reviews>
   597161
  </reviews>
  <new>
   +
  </new>
 </clothing>
 <clothing>
  <id>
   553811387
  </id>
  <name>
   Puma Handbags A-3327
  </name>
  <category>
   Handbags
  </category>
  <size>
   XXL
  </size>
  <color>
   Оранжевый
  </color>
  <material>
   Вискоза
  </material>
  <price>
   887159
  </price>
  <rating>
   3.35
  </rating>
  <reviews>
   278171
  </reviews>
  <exclusive>
   no
  </exclusive>
  <sporty>
   yes
  </sporty>
 </clothing>
</clothing-items>
