<?xml version="1.0" encoding="utf-8"?>
<clothing-items>
 <clothing>
  <id>
   457832880
  </id>
  <name>
   Converse Shirt K-5582
  </name>
  <category>
   Shirt
  </category>
  <size>
   XXL
  </size>
  <color>
   Желтый
  </color>
  <material>
   Лен
  </material>
  <price>
   309990
  </price>
  <rating>
   1.83
  </rating>
  <reviews>
   85202
  </reviews>
  <new>
   -
  </new>
  <sporty>
   no
  </sporty>
 </clothing>
 <clothing>
  <id>
   569220404
  </id>
  <name>
   Asics Gloves Y-3112
  </name>
  <category>
   Gloves
  </category>
  <size>
   L
  </size>
  <color>
   Синий
  </color>
  <material>
   Шелк
  </material>
  <price>
   987877
  </price>
  <rating>
   4.47
  </rating>
  <reviews>
   673043
  </reviews>
  <new>
   +
  </new>
  <exclusive>
   no
  </exclusive>
  <sporty>
   yes
  </sporty>
 </clothing>
 <clothing>
  <id>
   742463658
  </id>
  <name>
   Vans Jacket A-6528
  </name>
  <category>
   Jacket
  </category>
  <size>
   S
  </size>
  <color>
   Желтый
  </color>
  <material>
   Кожа
  </material>
  <price>
   414293
  </price>
  <rating>
   3.24
  </rating>
  <reviews>
   303263
  </reviews>
 </clothing>
 <clothing>
  <id>
   302846170
  </id>
  <name>
   Nike Belts Z-9066
  </name>
  <category>
   Belts
  </category>
  <size>
   XXL
  </size>
  <color>
   Фиолетовый
  </color>
  <material>
   Полиэстер
  </material>
  <price>
   700166
  </price>
  <rating>
   3.79
  </rating>
  <reviews>
   529057
  </reviews>
  <new>
   +
  </new>
  <exclusive>
   no
  </exclusive>
  <sporty>
   yes
  </sporty>
 </clothing>
 <clothing>
  <id>
   373150903
  </id>
  <name>
   Ellesse Shoes W-9424
  </name>
  <category>
   Shoes
  </category>
  <size>
   XL
  </size>
  <color>
   Фиолетовый
  </color>
  <material>
   Кожа
  </material>
  <price>
   996345
  </price>
  <rating>
   4.98
  </rating>
  <reviews>
   790144
  </reviews>
  <sporty>
   yes
  </sporty>
 </clothing>
 <clothing>
  <id>
   763890504
  </id>
  <name>
   Brooks Shirt P-2424
  </name>
  <category>
   Shirt
  </category>
  <size>
   XXL
  </size>
  <color>
   Желтый
  </color>
  <material>
   Шелк
  </material>
  <price>
   493465
  </price>
  <rating>
   3.52
  </rating>
  <reviews>
   162231
  </reviews>
  <sporty>
   yes
  </sporty>
 </clothing>
 <clothing>
  <id>
   568679292
  </id>
  <name>
   Brooks Blouse A-6121
  </name>
  <category>
   Blouse
  </category>
  <size>
   L
  </size>
  <color>
   Желтый
  </color>
  <material>
   Лен
  </material>
  <price>
   346706
  </price>
  <rating>
   1.55
  </rating>
  <reviews>
   335400
  </reviews>
  <new>
   -
  </new>
  <exclusive>
   yes
  </exclusive>
  <sporty>
   no
  </sporty>
 </clothing>
 <clothing>
  <id>
   332391081
  </id>
  <name>
   Adidas Skirt B-6632
  </name>
  <category>
   Skirt
  </category>
  <size>
   L
  </size>
  <color>
   Красный
  </color>
  <material>
   Полиэстер
  </material>
  <price>
   172867
  </price>
  <rating>
   3.17
  </rating>
  <reviews>
   933885
  </reviews>
  <new>
   +
  </new>
 </clothing>
 <clothing>
  <id>
   278927106
  </id>
  <name>
   Adidas Skirt C-2636
  </name>
  <category>
   Skirt
  </category>
  <size>
   XL
  </size>
  <color>
   Синий
  </color>
  <material>
   Лен
  </material>
  <price>
   900471
  </price>
  <rating>
   3.66
  </rating>
  <reviews>
   138053
  </reviews>
  <exclusive>
   yes
  </exclusive>
  <sporty>
   yes
  </sporty>
 </clothing>
 <clothing>
  <id>
   270320902
  </id>
  <name>
   Nike T-shirt E-1900
  </name>
  <category>
   T-shirt
  </category>
  <size>
   XL
  </size>
  <color>
   Желтый
  </color>
  <material>
   Шелк
  </material>
  <price>
   490826
  </price>
  <rating>
   3.06
  </rating>
  <reviews>
   536087
  </reviews>
  <new>
   +
  </new>
  <exclusive>
   yes
  </exclusive>
  <sporty>
   yes
  </sporty>
 </clothing>
 <clothing>
  <id>
   119733237
  </id>
  <name>
   Under Armour Blouse K-2718
  </name>
  <category>
   Blouse
  </category>
  <size>
   XXL
  </size>
  <color>
   Голубой
  </color>
  <material>
   Полиэстер
  </material>
  <price>
   847497
  </price>
  <rating>
   2.65
  </rating>
  <reviews>
   285056
  </reviews>
  <exclusive>
   no
  </exclusive>
 </clothing>
 <clothing>
  <id>
   400683199
  </id>
  <name>
   Adidas Blouse J-4510
  </name>
  <category>
   Blouse
  </category>
  <size>
   M
  </size>
  <color>
   Голубой
  </color>
  <material>
   Лен
  </material>
  <price>
   808384
  </price>
  <rating>
   2.91
  </rating>
  <reviews>
   930875
  </reviews>
  <exclusive>
   no
  </exclusive>
  <sporty>
   no
  </sporty>
 </clothing>
 <clothing>
  <id>
   732007452
  </id>
  <name>
   Asics Blouse S-7376
  </name>
  <category>
   Blouse
  </category>
  <size>
   S
  </size>
  <color>
   Желтый
  </color>
  <material>
   Лен
  </material>
  <price>
   334291
  </price>
  <rating>
   2.69
  </rating>
  <reviews>
   917887
  </reviews>
 </clothing>
 <clothing>
  <id>
   700673939
  </id>
  <name>
   Adidas Dress A-9349
  </name>
  <category>
   Dress
  </category>
  <size>
   XL
  </size>
  <color>
   Синий
  </color>
  <material>
   Шелк
  </material>
  <price>
   817419
  </price>
  <rating>
   1.6
  </rating>
  <reviews>
   948008
  </reviews>
  <new>
   +
  </new>
 </clothing>
 <clothing>
  <id>
   410296598
  </id>
  <name>
   Lacoste Jacket P-8917
  </name>
  <category>
   Jacket
  </category>
  <size>
   M
  </size>
  <color>
   Голубой
  </color>
  <material>
   Вискоза
  </material>
  <price>
   565809
  </price>
  <rating>
   2.76
  </rating>
  <reviews>
   488660
  </reviews>
  <new>
   -
  </new>
 </clothing>
 <clothing>
  <id>
   269634610
  </id>
  <name>
   New Balance Umbrellas K-9213
  </name>
  <category>
   Umbrellas
  </category>
  <size>
   S
  </size>
  <color>
   Желтый
  </color>
  <material>
   Полиэстер
  </material>
  <price>
   599860
  </price>
  <rating>
   3.77
  </rating>
  <reviews>
   74730
  </reviews>
  <new>
   +
  </new>
  <sporty>
   yes
  </sporty>
 </clothing>
 <clothing>
  <id>
   596332446
  </id>
  <name>
   Vans Socks A-8123
  </name>
  <category>
   Socks
  </category>
  <size>
   XL
  </size>
  <color>
   Синий
  </color>
  <material>
   Нейлон
  </material>
  <price>
   567050
  </price>
  <rating>
   2.79
  </rating>
  <reviews>
   993740
  </reviews>
  <new>
   +
  </new>
 </clothing>
</clothing-items>
