<?xml version="1.0" encoding="utf-8"?>
<clothing-items>
 <clothing>
  <id>
   311698727
  </id>
  <name>
   Adidas Belts J-6661
  </name>
  <category>
   Belts
  </category>
  <size>
   S
  </size>
  <color>
   Зеленый
  </color>
  <material>
   Хлопок
  </material>
  <price>
   781419
  </price>
  <rating>
   3.21
  </rating>
  <reviews>
   65034
  </reviews>
  <exclusive>
   no
  </exclusive>
 </clothing>
 <clothing>
  <id>
   169901014
  </id>
  <name>
   Brooks Hat P-8897
  </name>
  <category>
   Hat
  </category>
  <size>
   XL
  </size>
  <color>
   Синий
  </color>
  <material>
   Вискоза
  </material>
  <price>
   468674
  </price>
  <rating>
   2.6
  </rating>
  <reviews>
   453983
  </reviews>
  <exclusive>
   no
  </exclusive>
 </clothing>
 <clothing>
  <id>
   232882325
  </id>
  <name>
   Nike Dress Y-5673
  </name>
  <category>
   Dress
  </category>
  <size>
   XL
  </size>
  <color>
   Синий
  </color>
  <material>
   Вискоза
  </material>
  <price>
   855059
  </price>
  <rating>
   4.18
  </rating>
  <reviews>
   11986
  </reviews>
  <new>
   -
  </new>
  <exclusive>
   yes
  </exclusive>
  <sporty>
   no
  </sporty>
 </clothing>
 <clothing>
  <id>
   390538017
  </id>
  <name>
   PleinSport Sweater Y-9595
  </name>
  <category>
   Sweater
  </category>
  <size>
   XXL
  </size>
  <color>
   Оранжевый
  </color>
  <material>
   Лен
  </material>
  <price>
   103525
  </price>
  <rating>
   4.97
  </rating>
  <reviews>
   800821
  </reviews>
  <sporty>
   no
  </sporty>
 </clothing>
 <clothing>
  <id>
   258363308
  </id>
  <name>
   Adidas Shoes N-8294
  </name>
  <category>
   Shoes
  </category>
  <size>
   XXL
  </size>
  <color>
   Зеленый
  </color>
  <material>
   Шерсть
  </material>
  <price>
   437399
  </price>
  <rating>
   1.8
  </rating>
  <reviews>
   183609
  </reviews>
  <new>
   +
  </new>
  <sporty>
   yes
  </sporty>
 </clothing>
 <clothing>
  <id>
   526430086
  </id>
  <name>
   DC Blouse U-1798
  </name>
  <category>
   Blouse
  </category>
  <size>
   L
  </size>
  <color>
   Фиолетовый
  </color>
  <material>
   Нейлон
  </material>
  <price>
   606761
  </price>
  <rating>
   3.22
  </rating>
  <reviews>
   990747
  </reviews>
 </clothing>
 <clothing>
  <id>
   836616471
  </id>
  <name>
   New Balance Jeans X-7657
  </name>
  <category>
   Jeans
  </category>
  <size>
   XXL
  </size>
  <color>
   Красный
  </color>
  <material>
   Вискоза
  </material>
  <price>
   771906
  </price>
  <rating>
   2.17
  </rating>
  <reviews>
   862656
  </reviews>
 </clothing>
 <clothing>
  <id>
   286163631
  </id>
  <name>
   Adidas Jacket I-9627
  </name>
  <category>
   Jacket
  </category>
  <size>
   S
  </size>
  <color>
   Фиолетовый
  </color>
  <material>
   Вискоза
  </material>
  <price>
   346766
  </price>
  <rating>
   2.25
  </rating>
  <reviews>
   472508
  </reviews>
  <new>
   +
  </new>
  <exclusive>
   no
  </exclusive>
 </clothing>
 <clothing>
  <id>
   598286628
  </id>
  <name>
   Adidas Dress W-5624
  </name>
  <category>
   Dress
  </category>
  <size>
   M
  </size>
  <color>
   Красный
  </color>
  <material>
   Кожа
  </material>
  <price>
   677276
  </price>
  <rating>
   1.31
  </rating>
  <reviews>
   556538
  </reviews>
  <new>
   +
  </new>
  <exclusive>
   yes
  </exclusive>
  <sporty>
   no
  </sporty>
 </clothing>
 <clothing>
  <id>
   868134939
  </id>
  <name>
   Ellesse Socks X-1302
  </name>
  <category>
   Socks
  </category>
  <size>
   XXL
  </size>
  <color>
   Оранжевый
  </color>
  <material>
   Полиэстер
  </material>
  <price>
   860989
  </price>
  <rating>
   1.33
  </rating>
  <reviews>
   280340
  </reviews>
 </clothing>
 <clothing>
  <id>
   602973548
  </id>
  <name>
   Lacoste Skirt C-9943
  </name>
  <category>
   Skirt
  </category>
  <size>
   XXL
  </size>
  <color>
   Зеленый
  </color>
  <material>
   Полиэстер
  </material>
  <price>
   534715
  </price>
  <rating>
   3.98
  </rating>
  <reviews>
   363406
  </reviews>
  <new>
   -
  </new>
  <sporty>
   yes
  </sporty>
 </clothing>
 <clothing>
  <id>
   423330567
  </id>
  <name>
   Under Armour Sweater H-7479
  </name>
  <category>
   Sweater
  </category>
  <size>
   M
  </size>
  <color>
   Синий
  </color>
  <material>
   Лен
  </material>
  <price>
   900249
  </price>
  <rating>
   3.73
  </rating>
  <reviews>
   364088
  </reviews>
  <new>
   -
  </new>
  <sporty>
   no
  </sporty>
 </clothing>
 <clothing>
  <id>
   751629687
  </id>
  <name>
   Under Armour Skirt U-5226
  </name>
  <category>
   Skirt
  </category>
  <size>
   S
  </size>
  <color>
   Голубой
  </color>
  <material>
   Хлопок
  </material>
  <price>
   530357
  </price>
  <rating>
   1.89
  </rating>
  <reviews>
   91103
  </reviews>
  <new>
   -
  </new>
  <exclusive>
   yes
  </exclusive>
  <sporty>
   no
  </sporty>
 </clothing>
 <clothing>
  <id>
   183733979
  </id>
  <name>
   PleinSport Pants H-9354
  </name>
  <category>
   Pants
  </category>
  <size>
   L
  </size>
  <color>
   Синий
  </color>
  <material>
   Кожа
  </material>
  <price>
   390193
  </price>
  <rating>
   1.68
  </rating>
  <reviews>
   202130
  </reviews>
  <new>
   +
  </new>
  <sporty>
   no
  </sporty>
 </clothing>
 <clothing>
  <id>
   752019011
  </id>
  <name>
   Converse Blouse S-2844
  </name>
  <category>
   Blouse
  </category>
  <size>
   XL
  </size>
  <color>
   Желтый
  </color>
  <material>
   Кожа
  </material>
  <price>
   607294
  </price>
  <rating>
   1.0
  </rating>
  <reviews>
   229357
  </reviews>
  <new>
   +
  </new>
  <exclusive>
   yes
  </exclusive>
  <sporty>
   no
  </sporty>
 </clothing>
 <clothing>
  <id>
   240381795
  </id>
  <name>
   Lacoste Dress U-1555
  </name>
  <category>
   Dress
  </category>
  <size>
   XXL
  </size>
  <color>
   Голубой
  </color>
  <material>
   Шерсть
  </material>
  <price>
   281075
  </price>
  <rating>
   2.14
  </rating>
  <reviews>
   766707
  </reviews>
  <exclusive>
   no
  </exclusive>
  <sporty>
   yes
  </sporty>
 </clothing>
 <clothing>
  <id>
   240785988
  </id>
  <name>
   Puma Pants P-1523
  </name>
  <category>
   Pants
  </category>
  <size>
   S
  </size>
  <color>
   Зеленый
  </color>
  <material>
   Лен
  </material>
  <price>
   245714
  </price>
  <rating>
   2.18
  </rating>
  <reviews>
   836899
  </reviews>
  <exclusive>
   yes
  </exclusive>
 </clothing>
 <clothing>
  <id>
   236185861
  </id>
  <name>
   Brooks Gloves K-4148
  </name>
  <category>
   Gloves
  </category>
  <size>
   XL
  </size>
  <color>
   Голубой
  </color>
  <material>
   Лен
  </material>
  <price>
   643935
  </price>
  <rating>
   2.39
  </rating>
  <reviews>
   121144
  </reviews>
  <exclusive>
   no
  </exclusive>
  <sporty>
   no
  </sporty>
 </clothing>
 <clothing>
  <id>
   372747328
  </id>
  <name>
   Lacoste T-shirt H-8297
  </name>
  <category>
   T-shirt
  </category>
  <size>
   S
  </size>
  <color>
   Желтый
  </color>
  <material>
   Лен
  </material>
  <price>
   387401
  </price>
  <rating>
   2.55
  </rating>
  <reviews>
   462406
  </reviews>
  <exclusive>
   no
  </exclusive>
  <sporty>
   no
  </sporty>
 </clothing>
 <clothing>
  <id>
   503949632
  </id>
  <name>
   Adidas Jeans F-8569
  </name>
  <category>
   Jeans
  </category>
  <size>
   XL
  </size>
  <color>
   Голубой
  </color>
  <material>
   Лен
  </material>
  <price>
   999329
  </price>
  <rating>
   4.45
  </rating>
  <reviews>
   922141
  </reviews>
  <new>
   +
  </new>
  <exclusive>
   no
  </exclusive>
  <sporty>
   no
  </sporty>
 </clothing>
 <clothing>
  <id>
   631527974
  </id>
  <name>
   Ellesse Shirt X-6811
  </name>
  <category>
   Shirt
  </category>
  <size>
   XXL
  </size>
  <color>
   Красный
  </color>
  <material>
   Хлопок
  </material>
  <price>
   255092
  </price>
  <rating>
   2.33
  </rating>
  <reviews>
   620933
  </reviews>
  <exclusive>
   no
  </exclusive>
  <sporty>
   no
  </sporty>
 </clothing>
 <clothing>
  <id>
   514026216
  </id>
  <name>
   Lacoste Jacket D-5511
  </name>
  <category>
   Jacket
  </category>
  <size>
   XL
  </size>
  <color>
   Оранжевый
  </color>
  <material>
   Нейлон
  </material>
  <price>
   169614
  </price>
  <rating>
   1.01
  </rating>
  <reviews>
   323095
  </reviews>
  <new>
   -
  </new>
  <sporty>
   yes
  </sporty>
 </clothing>
 <clothing>
  <id>
   344662577
  </id>
  <name>
   Brooks Belts X-4786
  </name>
  <category>
   Belts
  </category>
  <size>
   XL
  </size>
  <color>
   Фиолетовый
  </color>
  <material>
   Шерсть
  </material>
  <price>
   609491
  </price>
  <rating>
   2.22
  </rating>
  <reviews>
   407403
  </reviews>
  <exclusive>
   yes
  </exclusive>
 </clothing>
 <clothing>
  <id>
   571343132
  </id>
  <name>
   PleinSport Hat L-1981
  </name>
  <category>
   Hat
  </category>
  <size>
   S
  </size>
  <color>
   Красный
  </color>
  <material>
   Кожа
  </material>
  <price>
   714907
  </price>
  <rating>
   3.61
  </rating>
  <reviews>
   181809
  </reviews>
  <exclusive>
   no
  </exclusive>
  <sporty>
   no
  </sporty>
 </clothing>
 <clothing>
  <id>
   317114931
  </id>
  <name>
   Lacoste Blouse Z-3129
  </name>
  <category>
   Blouse
  </category>
  <size>
   XXL
  </size>
  <color>
   Желтый
  </color>
  <material>
   Шерсть
  </material>
  <price>
   610299
  </price>
  <rating>
   2.13
  </rating>
  <reviews>
   677834
  </reviews>
  <new>
   +
  </new>
  <exclusive>
   no
  </exclusive>
  <sporty>
   no
  </sporty>
 </clothing>
 <clothing>
  <id>
   331651727
  </id>
  <name>
   Nike Umbrellas C-3606
  </name>
  <category>
   Umbrellas
  </category>
  <size>
   XL
  </size>
  <color>
   Синий
  </color>
  <material>
   Лен
  </material>
  <price>
   151079
  </price>
  <rating>
   1.84
  </rating>
  <reviews>
   475637
  </reviews>
  <new>
   -
  </new>
  <sporty>
   no
  </sporty>
 </clothing>
 <clothing>
  <id>
   757617554
  </id>
  <name>
   Nike Handbags W-1417
  </name>
  <category>
   Handbags
  </category>
  <size>
   M
  </size>
  <color>
   Голубой
  </color>
  <material>
   Шерсть
  </material>
  <price>
   180816
  </price>
  <rating>
   3.19
  </rating>
  <reviews>
   48606
  </reviews>
  <new>
   -
  </new>
  <exclusive>
   yes
  </exclusive>
 </clothing>
 <clothing>
  <id>
   179726081
  </id>
  <name>
   Vans Jeans M-7955
  </name>
  <category>
   Jeans
  </category>
  <size>
   XXL
  </size>
  <color>
   Голубой
  </color>
  <material>
   Кожа
  </material>
  <price>
   822195
  </price>
  <rating>
   2.94
  </rating>
  <reviews>
   257964
  </reviews>
  <exclusive>
   no
  </exclusive>
  <sporty>
   yes
  </sporty>
 </clothing>
 <clothing>
  <id>
   562274100
  </id>
  <name>
   Nike Skirt J-5075
  </name>
  <category>
   Skirt
  </category>
  <size>
   XL
  </size>
  <color>
   Фиолетовый
  </color>
  <material>
   Полиэстер
  </material>
  <price>
   395976
  </price>
  <rating>
   2.89
  </rating>
  <reviews>
   546765
  </reviews>
  <new>
   +
  </new>
  <exclusive>
   yes
  </exclusive>
  <sporty>
   yes
  </sporty>
 </clothing>
</clothing-items>
