<?xml version="1.0" encoding="utf-8"?>
<clothing-items>
 <clothing>
  <id>
   463526216
  </id>
  <name>
   Brooks Hat H-9849
  </name>
  <category>
   Hat
  </category>
  <size>
   S
  </size>
  <color>
   Оранжевый
  </color>
  <material>
   Вискоза
  </material>
  <price>
   899997
  </price>
  <rating>
   1.12
  </rating>
  <reviews>
   880774
  </reviews>
  <new>
   -
  </new>
  <sporty>
   yes
  </sporty>
 </clothing>
 <clothing>
  <id>
   539673202
  </id>
  <name>
   Addidas T-shirt M-5487
  </name>
  <category>
   T-shirt
  </category>
  <size>
   XL
  </size>
  <color>
   Синий
  </color>
  <material>
   Шелк
  </material>
  <price>
   908324
  </price>
  <rating>
   4.91
  </rating>
  <reviews>
   738934
  </reviews>
  <sporty>
   no
  </sporty>
 </clothing>
 <clothing>
  <id>
   507641873
  </id>
  <name>
   Converse Jacket X-7542
  </name>
  <category>
   Jacket
  </category>
  <size>
   L
  </size>
  <color>
   Желтый
  </color>
  <material>
   Лен
  </material>
  <price>
   180976
  </price>
  <rating>
   1.81
  </rating>
  <reviews>
   490866
  </reviews>
  <exclusive>
   no
  </exclusive>
 </clothing>
 <clothing>
  <id>
   436044526
  </id>
  <name>
   Reebok Umbrellas R-8091
  </name>
  <category>
   Umbrellas
  </category>
  <size>
   L
  </size>
  <color>
   Фиолетовый
  </color>
  <material>
   Шерсть
  </material>
  <price>
   668054
  </price>
  <rating>
   4.41
  </rating>
  <reviews>
   313917
  </reviews>
  <new>
   -
  </new>
  <exclusive>
   yes
  </exclusive>
  <sporty>
   yes
  </sporty>
 </clothing>
 <clothing>
  <id>
   651862653
  </id>
  <name>
   Adidas Shirt B-6614
  </name>
  <category>
   Shirt
  </category>
  <size>
   M
  </size>
  <color>
   Синий
  </color>
  <material>
   Хлопок
  </material>
  <price>
   565287
  </price>
  <rating>
   2.28
  </rating>
  <reviews>
   946911
  </reviews>
  <new>
   -
  </new>
  <exclusive>
   yes
  </exclusive>
  <sporty>
   yes
  </sporty>
 </clothing>
 <clothing>
  <id>
   411514722
  </id>
  <name>
   Adidas Socks S-5753
  </name>
  <category>
   Socks
  </category>
  <size>
   XXL
  </size>
  <color>
   Оранжевый
  </color>
  <material>
   Нейлон
  </material>
  <price>
   731192
  </price>
  <rating>
   1.57
  </rating>
  <reviews>
   740112
  </reviews>
  <new>
   -
  </new>
  <exclusive>
   yes
  </exclusive>
  <sporty>
   no
  </sporty>
 </clothing>
 <clothing>
  <id>
   254044443
  </id>
  <name>
   Puma Umbrellas L-1064
  </name>
  <category>
   Umbrellas
  </category>
  <size>
   L
  </size>
  <color>
   Фиолетовый
  </color>
  <material>
   Лен
  </material>
  <price>
   731793
  </price>
  <rating>
   2.97
  </rating>
  <reviews>
   710930
  </reviews>
  <new>
   -
  </new>
  <exclusive>
   no
  </exclusive>
  <sporty>
   yes
  </sporty>
 </clothing>
 <clothing>
  <id>
   270123713
  </id>
  <name>
   Reebok T-shirt Q-9242
  </name>
  <category>
   T-shirt
  </category>
  <size>
   XL
  </size>
  <color>
   Голубой
  </color>
  <material>
   Нейлон
  </material>
  <price>
   528793
  </price>
  <rating>
   4.52
  </rating>
  <reviews>
   885652
  </reviews>
  <exclusive>
   no
  </exclusive>
 </clothing>
 <clothing>
  <id>
   459524931
  </id>
  <name>
   Vans Umbrellas U-8854
  </name>
  <category>
   Umbrellas
  </category>
  <size>
   L
  </size>
  <color>
   Синий
  </color>
  <material>
   Кожа
  </material>
  <price>
   481255
  </price>
  <rating>
   4.32
  </rating>
  <reviews>
   156935
  </reviews>
  <sporty>
   no
  </sporty>
 </clothing>
 <clothing>
  <id>
   774152981
  </id>
  <name>
   New Balance Shirt A-5915
  </name>
  <category>
   Shirt
  </category>
  <size>
   XXL
  </size>
  <color>
   Оранжевый
  </color>
  <material>
   Кожа
  </material>
  <price>
   892166
  </price>
  <rating>
   3.22
  </rating>
  <reviews>
   208030
  </reviews>
  <new>
   -
  </new>
  <exclusive>
   no
  </exclusive>
 </clothing>
 <clothing>
  <id>
   775578860
  </id>
  <name>
   Addidas Skirt E-2972
  </name>
  <category>
   Skirt
  </category>
  <size>
   L
  </size>
  <color>
   Оранжевый
  </color>
  <material>
   Шерсть
  </material>
  <price>
   578365
  </price>
  <rating>
   4.4
  </rating>
  <reviews>
   407886
  </reviews>
  <new>
   -
  </new>
  <exclusive>
   no
  </exclusive>
 </clothing>
 <clothing>
  <id>
   569880015
  </id>
  <name>
   Converse Sweater W-3722
  </name>
  <category>
   Sweater
  </category>
  <size>
   XL
  </size>
  <color>
   Красный
  </color>
  <material>
   Кожа
  </material>
  <price>
   837076
  </price>
  <rating>
   2.72
  </rating>
  <reviews>
   347262
  </reviews>
  <new>
   -
  </new>
  <sporty>
   yes
  </sporty>
 </clothing>
 <clothing>
  <id>
   549141546
  </id>
  <name>
   Fila Shirt Y-1964
  </name>
  <category>
   Shirt
  </category>
  <size>
   XXL
  </size>
  <color>
   Синий
  </color>
  <material>
   Полиэстер
  </material>
  <price>
   763003
  </price>
  <rating>
   3.14
  </rating>
  <reviews>
   761263
  </reviews>
  <new>
   -
  </new>
  <exclusive>
   yes
  </exclusive>
 </clothing>
 <clothing>
  <id>
   925529018
  </id>
  <name>
   Adidas Socks Y-3117
  </name>
  <category>
   Socks
  </category>
  <size>
   M
  </size>
  <color>
   Синий
  </color>
  <material>
   Вискоза
  </material>
  <price>
   458670
  </price>
  <rating>
   3.9
  </rating>
  <reviews>
   306876
  </reviews>
  <new>
   -
  </new>
  <exclusive>
   no
  </exclusive>
  <sporty>
   yes
  </sporty>
 </clothing>
 <clothing>
  <id>
   117682899
  </id>
  <name>
   Addidas Hat D-5929
  </name>
  <category>
   Hat
  </category>
  <size>
   L
  </size>
  <color>
   Голубой
  </color>
  <material>
   Нейлон
  </material>
  <price>
   839133
  </price>
  <rating>
   3.14
  </rating>
  <reviews>
   866087
  </reviews>
  <new>
   -
  </new>
  <sporty>
   yes
  </sporty>
 </clothing>
 <clothing>
  <id>
   154031879
  </id>
  <name>
   DC Gloves U-4700
  </name>
  <category>
   Gloves
  </category>
  <size>
   XXL
  </size>
  <color>
   Синий
  </color>
  <material>
   Хлопок
  </material>
  <price>
   289104
  </price>
  <rating>
   1.58
  </rating>
  <reviews>
   339370
  </reviews>
  <new>
   -
  </new>
  <exclusive>
   no
  </exclusive>
  <sporty>
   yes
  </sporty>
 </clothing>
 <clothing>
  <id>
   941120729
  </id>
  <name>
   Vans Socks W-4233
  </name>
  <category>
   Socks
  </category>
  <size>
   L
  </size>
  <color>
   Оранжевый
  </color>
  <material>
   Вискоза
  </material>
  <price>
   671775
  </price>
  <rating>
   3.06
  </rating>
  <reviews>
   983825
  </reviews>
  <new>
   -
  </new>
  <exclusive>
   no
  </exclusive>
  <sporty>
   yes
  </sporty>
 </clothing>
 <clothing>
  <id>
   883947688
  </id>
  <name>
   DC Blouse Y-9859
  </name>
  <category>
   Blouse
  </category>
  <size>
   L
  </size>
  <color>
   Синий
  </color>
  <material>
   Кожа
  </material>
  <price>
   152088
  </price>
  <rating>
   4.27
  </rating>
  <reviews>
   356451
  </reviews>
  <new>
   -
  </new>
  <sporty>
   yes
  </sporty>
 </clothing>
 <clothing>
  <id>
   554194509
  </id>
  <name>
   Reebok Umbrellas Z-9678
  </name>
  <category>
   Umbrellas
  </category>
  <size>
   S
  </size>
  <color>
   Фиолетовый
  </color>
  <material>
   Полиэстер
  </material>
  <price>
   624219
  </price>
  <rating>
   1.69
  </rating>
  <reviews>
   277275
  </reviews>
 </clothing>
 <clothing>
  <id>
   676936622
  </id>
  <name>
   Brooks Handbags G-9411
  </name>
  <category>
   Handbags
  </category>
  <size>
   XL
  </size>
  <color>
   Оранжевый
  </color>
  <material>
   Полиэстер
  </material>
  <price>
   684599
  </price>
  <rating>
   3.82
  </rating>
  <reviews>
   938205
  </reviews>
  <new>
   +
  </new>
  <exclusive>
   yes
  </exclusive>
  <sporty>
   no
  </sporty>
 </clothing>
 <clothing>
  <id>
   112177507
  </id>
  <name>
   Converse Dress C-9903
  </name>
  <category>
   Dress
  </category>
  <size>
   XXL
  </size>
  <color>
   Зеленый
  </color>
  <material>
   Кожа
  </material>
  <price>
   981359
  </price>
  <rating>
   2.51
  </rating>
  <reviews>
   810720
  </reviews>
  <new>
   -
  </new>
  <exclusive>
   no
  </exclusive>
 </clothing>
 <clothing>
  <id>
   155105244
  </id>
  <name>
   Nike Dress G-8908
  </name>
  <category>
   Dress
  </category>
  <size>
   L
  </size>
  <color>
   Голубой
  </color>
  <material>
   Нейлон
  </material>
  <price>
   401096
  </price>
  <rating>
   3.17
  </rating>
  <reviews>
   390335
  </reviews>
  <new>
   +
  </new>
  <exclusive>
   yes
  </exclusive>
  <sporty>
   no
  </sporty>
 </clothing>
 <clothing>
  <id>
   155327998
  </id>
  <name>
   Adidas Jacket C-9517
  </name>
  <category>
   Jacket
  </category>
  <size>
   XL
  </size>
  <color>
   Голубой
  </color>
  <material>
   Нейлон
  </material>
  <price>
   498279
  </price>
  <rating>
   2.8
  </rating>
  <reviews>
   389563
  </reviews>
  <new>
   -
  </new>
  <exclusive>
   no
  </exclusive>
 </clothing>
 <clothing>
  <id>
   777057535
  </id>
  <name>
   Addidas Gloves G-6053
  </name>
  <category>
   Gloves
  </category>
  <size>
   S
  </size>
  <color>
   Оранжевый
  </color>
  <material>
   Нейлон
  </material>
  <price>
   204912
  </price>
  <rating>
   3.87
  </rating>
  <reviews>
   686951
  </reviews>
  <new>
   -
  </new>
  <sporty>
   yes
  </sporty>
 </clothing>
 <clothing>
  <id>
   775894727
  </id>
  <name>
   New Balance T-shirt N-6073
  </name>
  <category>
   T-shirt
  </category>
  <size>
   L
  </size>
  <color>
   Голубой
  </color>
  <material>
   Шелк
  </material>
  <price>
   363939
  </price>
  <rating>
   2.07
  </rating>
  <reviews>
   172186
  </reviews>
  <new>
   +
  </new>
  <exclusive>
   no
  </exclusive>
 </clothing>
 <clothing>
  <id>
   269711541
  </id>
  <name>
   Reebok Blouse U-5348
  </name>
  <category>
   Blouse
  </category>
  <size>
   M
  </size>
  <color>
   Красный
  </color>
  <material>
   Нейлон
  </material>
  <price>
   512379
  </price>
  <rating>
   4.9
  </rating>
  <reviews>
   973233
  </reviews>
  <new>
   -
  </new>
  <exclusive>
   no
  </exclusive>
  <sporty>
   no
  </sporty>
 </clothing>
 <clothing>
  <id>
   696363222
  </id>
  <name>
   Reebok Shirt T-7448
  </name>
  <category>
   Shirt
  </category>
  <size>
   M
  </size>
  <color>
   Оранжевый
  </color>
  <material>
   Полиэстер
  </material>
  <price>
   598731
  </price>
  <rating>
   1.19
  </rating>
  <reviews>
   661330
  </reviews>
 </clothing>
 <clothing>
  <id>
   327272962
  </id>
  <name>
   Lacoste Shoes N-4996
  </name>
  <category>
   Shoes
  </category>
  <size>
   XL
  </size>
  <color>
   Красный
  </color>
  <material>
   Лен
  </material>
  <price>
   789927
  </price>
  <rating>
   2.1
  </rating>
  <reviews>
   205062
  </reviews>
  <new>
   -
  </new>
  <exclusive>
   yes
  </exclusive>
  <sporty>
   no
  </sporty>
 </clothing>
 <clothing>
  <id>
   180125526
  </id>
  <name>
   Under Armour Sweater W-8001
  </name>
  <category>
   Sweater
  </category>
  <size>
   L
  </size>
  <color>
   Зеленый
  </color>
  <material>
   Хлопок
  </material>
  <price>
   438535
  </price>
  <rating>
   3.91
  </rating>
  <reviews>
   346096
  </reviews>
  <new>
   -
  </new>
  <exclusive>
   no
  </exclusive>
 </clothing>
</clothing-items>
