<?xml version="1.0" encoding="utf-8"?>
<clothing-items>
 <clothing>
  <id>
   661742386
  </id>
  <name>
   Ellesse Gloves E-5961
  </name>
  <category>
   Gloves
  </category>
  <size>
   XL
  </size>
  <color>
   Голубой
  </color>
  <material>
   Вискоза
  </material>
  <price>
   658158
  </price>
  <rating>
   4.76
  </rating>
  <reviews>
   168860
  </reviews>
  <new>
   -
  </new>
  <exclusive>
   yes
  </exclusive>
 </clothing>
 <clothing>
  <id>
   290095153
  </id>
  <name>
   Lacoste Shoes Z-4259
  </name>
  <category>
   Shoes
  </category>
  <size>
   XL
  </size>
  <color>
   Желтый
  </color>
  <material>
   Хлопок
  </material>
  <price>
   320931
  </price>
  <rating>
   4.91
  </rating>
  <reviews>
   103839
  </reviews>
  <new>
   -
  </new>
  <exclusive>
   no
  </exclusive>
  <sporty>
   no
  </sporty>
 </clothing>
 <clothing>
  <id>
   764254849
  </id>
  <name>
   PleinSport Skirt O-2137
  </name>
  <category>
   Skirt
  </category>
  <size>
   XXL
  </size>
  <color>
   Фиолетовый
  </color>
  <material>
   Шерсть
  </material>
  <price>
   897919
  </price>
  <rating>
   2.96
  </rating>
  <reviews>
   24553
  </reviews>
  <exclusive>
   no
  </exclusive>
 </clothing>
 <clothing>
  <id>
   614970541
  </id>
  <name>
   Asics T-shirt H-3068
  </name>
  <category>
   T-shirt
  </category>
  <size>
   S
  </size>
  <color>
   Фиолетовый
  </color>
  <material>
   Шерсть
  </material>
  <price>
   942510
  </price>
  <rating>
   1.75
  </rating>
  <reviews>
   92048
  </reviews>
  <new>
   +
  </new>
  <sporty>
   no
  </sporty>
 </clothing>
 <clothing>
  <id>
   443730760
  </id>
  <name>
   Asics Shirt W-3363
  </name>
  <category>
   Shirt
  </category>
  <size>
   M
  </size>
  <color>
   Фиолетовый
  </color>
  <material>
   Хлопок
  </material>
  <price>
   437053
  </price>
  <rating>
   2.02
  </rating>
  <reviews>
   717629
  </reviews>
  <new>
   -
  </new>
  <exclusive>
   no
  </exclusive>
  <sporty>
   yes
  </sporty>
 </clothing>
 <clothing>
  <id>
   588178431
  </id>
  <name>
   Converse T-shirt B-9823
  </name>
  <category>
   T-shirt
  </category>
  <size>
   L
  </size>
  <color>
   Красный
  </color>
  <material>
   Кожа
  </material>
  <price>
   192880
  </price>
  <rating>
   3.89
  </rating>
  <reviews>
   149555
  </reviews>
  <new>
   -
  </new>
  <exclusive>
   yes
  </exclusive>
  <sporty>
   yes
  </sporty>
 </clothing>
 <clothing>
  <id>
   947703490
  </id>
  <name>
   Adidas Gloves E-5083
  </name>
  <category>
   Gloves
  </category>
  <size>
   M
  </size>
  <color>
   Зеленый
  </color>
  <material>
   Кожа
  </material>
  <price>
   125825
  </price>
  <rating>
   2.84
  </rating>
  <reviews>
   667518
  </reviews>
  <new>
   +
  </new>
  <exclusive>
   yes
  </exclusive>
 </clothing>
 <clothing>
  <id>
   312695801
  </id>
  <name>
   Converse Socks K-1503
  </name>
  <category>
   Socks
  </category>
  <size>
   S
  </size>
  <color>
   Красный
  </color>
  <material>
   Лен
  </material>
  <price>
   600251
  </price>
  <rating>
   2.81
  </rating>
  <reviews>
   950036
  </reviews>
  <exclusive>
   no
  </exclusive>
 </clothing>
 <clothing>
  <id>
   262129549
  </id>
  <name>
   Adidas Umbrellas J-5422
  </name>
  <category>
   Umbrellas
  </category>
  <size>
   M
  </size>
  <color>
   Фиолетовый
  </color>
  <material>
   Шелк
  </material>
  <price>
   953515
  </price>
  <rating>
   3.11
  </rating>
  <reviews>
   476286
  </reviews>
  <new>
   +
  </new>
  <exclusive>
   yes
  </exclusive>
  <sporty>
   yes
  </sporty>
 </clothing>
 <clothing>
  <id>
   168848247
  </id>
  <name>
   Brooks Pants P-7942
  </name>
  <category>
   Pants
  </category>
  <size>
   M
  </size>
  <color>
   Голубой
  </color>
  <material>
   Хлопок
  </material>
  <price>
   438776
  </price>
  <rating>
   2.33
  </rating>
  <reviews>
   170621
  </reviews>
  <new>
   -
  </new>
 </clothing>
 <clothing>
  <id>
   620634507
  </id>
  <name>
   Ellesse Jeans G-3021
  </name>
  <category>
   Jeans
  </category>
  <size>
   S
  </size>
  <color>
   Красный
  </color>
  <material>
   Хлопок
  </material>
  <price>
   124508
  </price>
  <rating>
   4.65
  </rating>
  <reviews>
   852368
  </reviews>
  <new>
   -
  </new>
  <exclusive>
   no
  </exclusive>
  <sporty>
   no
  </sporty>
 </clothing>
 <clothing>
  <id>
   751430161
  </id>
  <name>
   PleinSport Sweater S-5456
  </name>
  <category>
   Sweater
  </category>
  <size>
   M
  </size>
  <color>
   Голубой
  </color>
  <material>
   Кожа
  </material>
  <price>
   891906
  </price>
  <rating>
   3.97
  </rating>
  <reviews>
   553300
  </reviews>
  <exclusive>
   no
  </exclusive>
  <sporty>
   no
  </sporty>
 </clothing>
 <clothing>
  <id>
   420312603
  </id>
  <name>
   Vans Handbags A-3818
  </name>
  <category>
   Handbags
  </category>
  <size>
   L
  </size>
  <color>
   Голубой
  </color>
  <material>
   Полиэстер
  </material>
  <price>
   727481
  </price>
  <rating>
   2.37
  </rating>
  <reviews>
   396827
  </reviews>
  <new>
   +
  </new>
  <sporty>
   yes
  </sporty>
 </clothing>
 <clothing>
  <id>
   249726773
  </id>
  <name>
   Nike Jacket Z-4410
  </name>
  <category>
   Jacket
  </category>
  <size>
   XXL
  </size>
  <color>
   Голубой
  </color>
  <material>
   Лен
  </material>
  <price>
   846591
  </price>
  <rating>
   2.14
  </rating>
  <reviews>
   87443
  </reviews>
  <new>
   -
  </new>
  <exclusive>
   yes
  </exclusive>
 </clothing>
 <clothing>
  <id>
   109408724
  </id>
  <name>
   Reebok Skirt X-4262
  </name>
  <category>
   Skirt
  </category>
  <size>
   XL
  </size>
  <color>
   Голубой
  </color>
  <material>
   Кожа
  </material>
  <price>
   137930
  </price>
  <rating>
   4.69
  </rating>
  <reviews>
   952573
  </reviews>
  <new>
   -
  </new>
  <exclusive>
   yes
  </exclusive>
  <sporty>
   yes
  </sporty>
 </clothing>
 <clothing>
  <id>
   204491812
  </id>
  <name>
   Lacoste Belts J-8289
  </name>
  <category>
   Belts
  </category>
  <size>
   XL
  </size>
  <color>
   Желтый
  </color>
  <material>
   Нейлон
  </material>
  <price>
   706606
  </price>
  <rating>
   2.49
  </rating>
  <reviews>
   594278
  </reviews>
  <exclusive>
   no
  </exclusive>
 </clothing>
 <clothing>
  <id>
   899396415
  </id>
  <name>
   DC Skirt L-5268
  </name>
  <category>
   Skirt
  </category>
  <size>
   M
  </size>
  <color>
   Голубой
  </color>
  <material>
   Вискоза
  </material>
  <price>
   657162
  </price>
  <rating>
   1.12
  </rating>
  <reviews>
   514707
  </reviews>
  <exclusive>
   yes
  </exclusive>
 </clothing>
 <clothing>
  <id>
   690848762
  </id>
  <name>
   Ellesse Jeans N-1062
  </name>
  <category>
   Jeans
  </category>
  <size>
   S
  </size>
  <color>
   Желтый
  </color>
  <material>
   Нейлон
  </material>
  <price>
   827718
  </price>
  <rating>
   2.86
  </rating>
  <reviews>
   818027
  </reviews>
  <new>
   -
  </new>
  <exclusive>
   no
  </exclusive>
  <sporty>
   no
  </sporty>
 </clothing>
 <clothing>
  <id>
   435903788
  </id>
  <name>
   Puma Jeans O-7197
  </name>
  <category>
   Jeans
  </category>
  <size>
   L
  </size>
  <color>
   Красный
  </color>
  <material>
   Хлопок
  </material>
  <price>
   467766
  </price>
  <rating>
   1.15
  </rating>
  <reviews>
   261747
  </reviews>
  <new>
   -
  </new>
 </clothing>
 <clothing>
  <id>
   121681593
  </id>
  <name>
   Adidas Skirt O-1095
  </name>
  <category>
   Skirt
  </category>
  <size>
   XXL
  </size>
  <color>
   Желтый
  </color>
  <material>
   Кожа
  </material>
  <price>
   888325
  </price>
  <rating>
   2.08
  </rating>
  <reviews>
   325178
  </reviews>
  <new>
   +
  </new>
  <exclusive>
   no
  </exclusive>
  <sporty>
   no
  </sporty>
 </clothing>
 <clothing>
  <id>
   707100355
  </id>
  <name>
   Asics Skirt N-2235
  </name>
  <category>
   Skirt
  </category>
  <size>
   S
  </size>
  <color>
   Синий
  </color>
  <material>
   Шерсть
  </material>
  <price>
   548493
  </price>
  <rating>
   2.04
  </rating>
  <reviews>
   759630
  </reviews>
  <new>
   -
  </new>
 </clothing>
 <clothing>
  <id>
   123426009
  </id>
  <name>
   Brooks Dress K-1149
  </name>
  <category>
   Dress
  </category>
  <size>
   S
  </size>
  <color>
   Фиолетовый
  </color>
  <material>
   Вискоза
  </material>
  <price>
   409986
  </price>
  <rating>
   4.98
  </rating>
  <reviews>
   835832
  </reviews>
  <exclusive>
   no
  </exclusive>
  <sporty>
   yes
  </sporty>
 </clothing>
 <clothing>
  <id>
   402284113
  </id>
  <name>
   Lacoste Blouse P-9989
  </name>
  <category>
   Blouse
  </category>
  <size>
   S
  </size>
  <color>
   Желтый
  </color>
  <material>
   Полиэстер
  </material>
  <price>
   142892
  </price>
  <rating>
   4.01
  </rating>
  <reviews>
   524344
  </reviews>
  <exclusive>
   yes
  </exclusive>
  <sporty>
   no
  </sporty>
 </clothing>
 <clothing>
  <id>
   718650460
  </id>
  <name>
   PleinSport Pants R-8061
  </name>
  <category>
   Pants
  </category>
  <size>
   XXL
  </size>
  <color>
   Синий
  </color>
  <material>
   Кожа
  </material>
  <price>
   765595
  </price>
  <rating>
   3.02
  </rating>
  <reviews>
   882763
  </reviews>
  <sporty>
   no
  </sporty>
 </clothing>
 <clothing>
  <id>
   612020219
  </id>
  <name>
   DC Socks N-5748
  </name>
  <category>
   Socks
  </category>
  <size>
   XXL
  </size>
  <color>
   Голубой
  </color>
  <material>
   Лен
  </material>
  <price>
   530264
  </price>
  <rating>
   1.77
  </rating>
  <reviews>
   784838
  </reviews>
  <new>
   -
  </new>
  <exclusive>
   no
  </exclusive>
 </clothing>
</clothing-items>
