<?xml version="1.0" encoding="utf-8"?>
<clothing-items>
 <clothing>
  <id>
   352871676
  </id>
  <name>
   PleinSport Hat K-3715
  </name>
  <category>
   Hat
  </category>
  <size>
   XL
  </size>
  <color>
   Голубой
  </color>
  <material>
   Кожа
  </material>
  <price>
   458336
  </price>
  <rating>
   4.78
  </rating>
  <reviews>
   554591
  </reviews>
  <new>
   +
  </new>
  <exclusive>
   no
  </exclusive>
  <sporty>
   yes
  </sporty>
 </clothing>
 <clothing>
  <id>
   844256357
  </id>
  <name>
   Adidas Dress R-2083
  </name>
  <category>
   Dress
  </category>
  <size>
   L
  </size>
  <color>
   Красный
  </color>
  <material>
   Нейлон
  </material>
  <price>
   823658
  </price>
  <rating>
   4.14
  </rating>
  <reviews>
   598865
  </reviews>
  <exclusive>
   yes
  </exclusive>
  <sporty>
   yes
  </sporty>
 </clothing>
 <clothing>
  <id>
   712631385
  </id>
  <name>
   Under Armour Gloves H-5966
  </name>
  <category>
   Gloves
  </category>
  <size>
   S
  </size>
  <color>
   Оранжевый
  </color>
  <material>
   Нейлон
  </material>
  <price>
   433287
  </price>
  <rating>
   1.97
  </rating>
  <reviews>
   390511
  </reviews>
  <new>
   +
  </new>
  <sporty>
   no
  </sporty>
 </clothing>
 <clothing>
  <id>
   922768856
  </id>
  <name>
   New Balance Belts I-2381
  </name>
  <category>
   Belts
  </category>
  <size>
   XXL
  </size>
  <color>
   Синий
  </color>
  <material>
   Шелк
  </material>
  <price>
   613579
  </price>
  <rating>
   1.99
  </rating>
  <reviews>
   88619
  </reviews>
  <sporty>
   yes
  </sporty>
 </clothing>
 <clothing>
  <id>
   481662088
  </id>
  <name>
   Under Armour Jeans Z-2425
  </name>
  <category>
   Jeans
  </category>
  <size>
   XL
  </size>
  <color>
   Фиолетовый
  </color>
  <material>
   Нейлон
  </material>
  <price>
   901417
  </price>
  <rating>
   4.83
  </rating>
  <reviews>
   458848
  </reviews>
 </clothing>
 <clothing>
  <id>
   537430487
  </id>
  <name>
   Brooks Socks X-5895
  </name>
  <category>
   Socks
  </category>
  <size>
   S
  </size>
  <color>
   Голубой
  </color>
  <material>
   Вискоза
  </material>
  <price>
   612132
  </price>
  <rating>
   2.27
  </rating>
  <reviews>
   108325
  </reviews>
  <new>
   -
  </new>
  <exclusive>
   no
  </exclusive>
  <sporty>
   no
  </sporty>
 </clothing>
 <clothing>
  <id>
   763221173
  </id>
  <name>
   Under Armour Gloves H-6715
  </name>
  <category>
   Gloves
  </category>
  <size>
   XL
  </size>
  <color>
   Оранжевый
  </color>
  <material>
   Шелк
  </material>
  <price>
   495548
  </price>
  <rating>
   3.37
  </rating>
  <reviews>
   789374
  </reviews>
  <exclusive>
   no
  </exclusive>
  <sporty>
   no
  </sporty>
 </clothing>
 <clothing>
  <id>
   245567197
  </id>
  <name>
   Nike Handbags A-8915
  </name>
  <category>
   Handbags
  </category>
  <size>
   M
  </size>
  <color>
   Красный
  </color>
  <material>
   Кожа
  </material>
  <price>
   871109
  </price>
  <rating>
   4.66
  </rating>
  <reviews>
   441360
  </reviews>
  <sporty>
   no
  </sporty>
 </clothing>
 <clothing>
  <id>
   765679123
  </id>
  <name>
   New Balance Jacket L-4629
  </name>
  <category>
   Jacket
  </category>
  <size>
   M
  </size>
  <color>
   Желтый
  </color>
  <material>
   Кожа
  </material>
  <price>
   565369
  </price>
  <rating>
   2.82
  </rating>
  <reviews>
   281723
  </reviews>
  <new>
   +
  </new>
  <exclusive>
   no
  </exclusive>
  <sporty>
   yes
  </sporty>
 </clothing>
 <clothing>
  <id>
   840641070
  </id>
  <name>
   Converse Belts L-4768
  </name>
  <category>
   Belts
  </category>
  <size>
   L
  </size>
  <color>
   Оранжевый
  </color>
  <material>
   Полиэстер
  </material>
  <price>
   973134
  </price>
  <rating>
   3.95
  </rating>
  <reviews>
   783480
  </reviews>
 </clothing>
 <clothing>
  <id>
   474704553
  </id>
  <name>
   Converse Blouse B-2793
  </name>
  <category>
   Blouse
  </category>
  <size>
   M
  </size>
  <color>
   Синий
  </color>
  <material>
   Шерсть
  </material>
  <price>
   220244
  </price>
  <rating>
   1.54
  </rating>
  <reviews>
   171526
  </reviews>
  <sporty>
   yes
  </sporty>
 </clothing>
 <clothing>
  <id>
   504061100
  </id>
  <name>
   Nike Jeans H-2129
  </name>
  <category>
   Jeans
  </category>
  <size>
   XL
  </size>
  <color>
   Желтый
  </color>
  <material>
   Шелк
  </material>
  <price>
   517129
  </price>
  <rating>
   1.37
  </rating>
  <reviews>
   81699
  </reviews>
  <new>
   +
  </new>
  <exclusive>
   no
  </exclusive>
 </clothing>
 <clothing>
  <id>
   145946163
  </id>
  <name>
   Adidas Hat K-5283
  </name>
  <category>
   Hat
  </category>
  <size>
   XL
  </size>
  <color>
   Голубой
  </color>
  <material>
   Хлопок
  </material>
  <price>
   162983
  </price>
  <rating>
   1.36
  </rating>
  <reviews>
   953872
  </reviews>
  <new>
   -
  </new>
 </clothing>
 <clothing>
  <id>
   205533405
  </id>
  <name>
   Under Armour Umbrellas X-1388
  </name>
  <category>
   Umbrellas
  </category>
  <size>
   S
  </size>
  <color>
   Фиолетовый
  </color>
  <material>
   Вискоза
  </material>
  <price>
   189101
  </price>
  <rating>
   1.52
  </rating>
  <reviews>
   214385
  </reviews>
  <sporty>
   no
  </sporty>
 </clothing>
 <clothing>
  <id>
   351235496
  </id>
  <name>
   Brooks Skirt H-8293
  </name>
  <category>
   Skirt
  </category>
  <size>
   L
  </size>
  <color>
   Желтый
  </color>
  <material>
   Полиэстер
  </material>
  <price>
   831853
  </price>
  <rating>
   2.12
  </rating>
  <reviews>
   115030
  </reviews>
  <sporty>
   no
  </sporty>
 </clothing>
 <clothing>
  <id>
   604901233
  </id>
  <name>
   Converse Dress M-5114
  </name>
  <category>
   Dress
  </category>
  <size>
   L
  </size>
  <color>
   Зеленый
  </color>
  <material>
   Нейлон
  </material>
  <price>
   752656
  </price>
  <rating>
   2.05
  </rating>
  <reviews>
   77577
  </reviews>
  <new>
   +
  </new>
  <exclusive>
   no
  </exclusive>
  <sporty>
   no
  </sporty>
 </clothing>
 <clothing>
  <id>
   679770588
  </id>
  <name>
   Adidas T-shirt A-1169
  </name>
  <category>
   T-shirt
  </category>
  <size>
   M
  </size>
  <color>
   Оранжевый
  </color>
  <material>
   Нейлон
  </material>
  <price>
   125394
  </price>
  <rating>
   3.35
  </rating>
  <reviews>
   414596
  </reviews>
  <new>
   +
  </new>
 </clothing>
 <clothing>
  <id>
   599321623
  </id>
  <name>
   Puma Pants Z-2489
  </name>
  <category>
   Pants
  </category>
  <size>
   XL
  </size>
  <color>
   Синий
  </color>
  <material>
   Шерсть
  </material>
  <price>
   692760
  </price>
  <rating>
   1.7
  </rating>
  <reviews>
   111240
  </reviews>
  <exclusive>
   yes
  </exclusive>
 </clothing>
 <clothing>
  <id>
   864936713
  </id>
  <name>
   Vans Dress U-9522
  </name>
  <category>
   Dress
  </category>
  <size>
   M
  </size>
  <color>
   Фиолетовый
  </color>
  <material>
   Кожа
  </material>
  <price>
   300337
  </price>
  <rating>
   4.27
  </rating>
  <reviews>
   268841
  </reviews>
  <new>
   -
  </new>
  <exclusive>
   no
  </exclusive>
 </clothing>
 <clothing>
  <id>
   533554975
  </id>
  <name>
   DC Pants L-2668
  </name>
  <category>
   Pants
  </category>
  <size>
   L
  </size>
  <color>
   Зеленый
  </color>
  <material>
   Шерсть
  </material>
  <price>
   832876
  </price>
  <rating>
   1.76
  </rating>
  <reviews>
   825600
  </reviews>
  <new>
   +
  </new>
  <exclusive>
   yes
  </exclusive>
  <sporty>
   no
  </sporty>
 </clothing>
 <clothing>
  <id>
   875327649
  </id>
  <name>
   Asics Jacket J-2233
  </name>
  <category>
   Jacket
  </category>
  <size>
   L
  </size>
  <color>
   Зеленый
  </color>
  <material>
   Полиэстер
  </material>
  <price>
   322429
  </price>
  <rating>
   2.57
  </rating>
  <reviews>
   48524
  </reviews>
  <sporty>
   yes
  </sporty>
 </clothing>
 <clothing>
  <id>
   850871633
  </id>
  <name>
   Under Armour Dress I-3693
  </name>
  <category>
   Dress
  </category>
  <size>
   L
  </size>
  <color>
   Фиолетовый
  </color>
  <material>
   Кожа
  </material>
  <price>
   345861
  </price>
  <rating>
   4.28
  </rating>
  <reviews>
   89912
  </reviews>
  <new>
   -
  </new>
  <exclusive>
   yes
  </exclusive>
  <sporty>
   yes
  </sporty>
 </clothing>
 <clothing>
  <id>
   583048102
  </id>
  <name>
   Nike Umbrellas A-6559
  </name>
  <category>
   Umbrellas
  </category>
  <size>
   XXL
  </size>
  <color>
   Оранжевый
  </color>
  <material>
   Лен
  </material>
  <price>
   184350
  </price>
  <rating>
   3.33
  </rating>
  <reviews>
   673771
  </reviews>
  <sporty>
   no
  </sporty>
 </clothing>
 <clothing>
  <id>
   105756883
  </id>
  <name>
   DC Pants T-1486
  </name>
  <category>
   Pants
  </category>
  <size>
   M
  </size>
  <color>
   Фиолетовый
  </color>
  <material>
   Шелк
  </material>
  <price>
   496777
  </price>
  <rating>
   1.66
  </rating>
  <reviews>
   847697
  </reviews>
  <exclusive>
   yes
  </exclusive>
 </clothing>
 <clothing>
  <id>
   322746364
  </id>
  <name>
   Asics Socks N-9212
  </name>
  <category>
   Socks
  </category>
  <size>
   XXL
  </size>
  <color>
   Желтый
  </color>
  <material>
   Вискоза
  </material>
  <price>
   676479
  </price>
  <rating>
   3.08
  </rating>
  <reviews>
   45167
  </reviews>
  <new>
   +
  </new>
  <exclusive>
   no
  </exclusive>
  <sporty>
   no
  </sporty>
 </clothing>
 <clothing>
  <id>
   804213305
  </id>
  <name>
   Lacoste Jacket Y-5811
  </name>
  <category>
   Jacket
  </category>
  <size>
   XXL
  </size>
  <color>
   Голубой
  </color>
  <material>
   Шелк
  </material>
  <price>
   977202
  </price>
  <rating>
   1.1
  </rating>
  <reviews>
   373213
  </reviews>
  <new>
   -
  </new>
  <sporty>
   no
  </sporty>
 </clothing>
 <clothing>
  <id>
   150576335
  </id>
  <name>
   New Balance Shoes B-1392
  </name>
  <category>
   Shoes
  </category>
  <size>
   XL
  </size>
  <color>
   Зеленый
  </color>
  <material>
   Вискоза
  </material>
  <price>
   208071
  </price>
  <rating>
   4.64
  </rating>
  <reviews>
   52317
  </reviews>
  <exclusive>
   yes
  </exclusive>
  <sporty>
   yes
  </sporty>
 </clothing>
 <clothing>
  <id>
   198687547
  </id>
  <name>
   Nike Sweater S-1269
  </name>
  <category>
   Sweater
  </category>
  <size>
   L
  </size>
  <color>
   Желтый
  </color>
  <material>
   Хлопок
  </material>
  <price>
   111070
  </price>
  <rating>
   1.54
  </rating>
  <reviews>
   157218
  </reviews>
  <exclusive>
   no
  </exclusive>
  <sporty>
   no
  </sporty>
 </clothing>
 <clothing>
  <id>
   692300402
  </id>
  <name>
   Addidas Jacket Z-3311
  </name>
  <category>
   Jacket
  </category>
  <size>
   XXL
  </size>
  <color>
   Фиолетовый
  </color>
  <material>
   Шелк
  </material>
  <price>
   138880
  </price>
  <rating>
   3.19
  </rating>
  <reviews>
   317304
  </reviews>
  <new>
   +
  </new>
  <sporty>
   yes
  </sporty>
 </clothing>
 <clothing>
  <id>
   112943735
  </id>
  <name>
   Brooks Handbags D-8689
  </name>
  <category>
   Handbags
  </category>
  <size>
   XXL
  </size>
  <color>
   Зеленый
  </color>
  <material>
   Вискоза
  </material>
  <price>
   750371
  </price>
  <rating>
   2.88
  </rating>
  <reviews>
   397988
  </reviews>
  <new>
   -
  </new>
 </clothing>
 <clothing>
  <id>
   526343581
  </id>
  <name>
   Under Armour T-shirt L-7598
  </name>
  <category>
   T-shirt
  </category>
  <size>
   L
  </size>
  <color>
   Зеленый
  </color>
  <material>
   Полиэстер
  </material>
  <price>
   853895
  </price>
  <rating>
   2.75
  </rating>
  <reviews>
   491625
  </reviews>
  <new>
   +
  </new>
  <exclusive>
   no
  </exclusive>
  <sporty>
   no
  </sporty>
 </clothing>
 <clothing>
  <id>
   742914222
  </id>
  <name>
   PleinSport Gloves F-8596
  </name>
  <category>
   Gloves
  </category>
  <size>
   XL
  </size>
  <color>
   Синий
  </color>
  <material>
   Кожа
  </material>
  <price>
   349949
  </price>
  <rating>
   2.2
  </rating>
  <reviews>
   873209
  </reviews>
  <new>
   +
  </new>
  <exclusive>
   no
  </exclusive>
  <sporty>
   no
  </sporty>
 </clothing>
 <clothing>
  <id>
   202464959
  </id>
  <name>
   Under Armour Blouse I-6439
  </name>
  <category>
   Blouse
  </category>
  <size>
   XL
  </size>
  <color>
   Синий
  </color>
  <material>
   Лен
  </material>
  <price>
   940825
  </price>
  <rating>
   2.3
  </rating>
  <reviews>
   669849
  </reviews>
  <new>
   -
  </new>
  <exclusive>
   no
  </exclusive>
 </clothing>
 <clothing>
  <id>
   314171761
  </id>
  <name>
   Vans Shirt M-5783
  </name>
  <category>
   Shirt
  </category>
  <size>
   M
  </size>
  <color>
   Синий
  </color>
  <material>
   Лен
  </material>
  <price>
   748351
  </price>
  <rating>
   4.03
  </rating>
  <reviews>
   466750
  </reviews>
  <exclusive>
   no
  </exclusive>
  <sporty>
   yes
  </sporty>
 </clothing>
 <clothing>
  <id>
   162950988
  </id>
  <name>
   New Balance Dress B-4897
  </name>
  <category>
   Dress
  </category>
  <size>
   XXL
  </size>
  <color>
   Зеленый
  </color>
  <material>
   Шерсть
  </material>
  <price>
   499130
  </price>
  <rating>
   4.34
  </rating>
  <reviews>
   318186
  </reviews>
  <exclusive>
   no
  </exclusive>
 </clothing>
 <clothing>
  <id>
   150529076
  </id>
  <name>
   Under Armour Sweater I-4028
  </name>
  <category>
   Sweater
  </category>
  <size>
   S
  </size>
  <color>
   Синий
  </color>
  <material>
   Шерсть
  </material>
  <price>
   117370
  </price>
  <rating>
   2.18
  </rating>
  <reviews>
   773127
  </reviews>
  <new>
   +
  </new>
  <exclusive>
   no
  </exclusive>
 </clothing>
 <clothing>
  <id>
   767050388
  </id>
  <name>
   Fila Belts A-9234
  </name>
  <category>
   Belts
  </category>
  <size>
   L
  </size>
  <color>
   Фиолетовый
  </color>
  <material>
   Вискоза
  </material>
  <price>
   880256
  </price>
  <rating>
   4.11
  </rating>
  <reviews>
   877440
  </reviews>
  <new>
   -
  </new>
  <exclusive>
   no
  </exclusive>
  <sporty>
   no
  </sporty>
 </clothing>
</clothing-items>
