<?xml version="1.0" encoding="utf-8"?>
<clothing-items>
 <clothing>
  <id>
   109821289
  </id>
  <name>
   DC Hat N-9294
  </name>
  <category>
   Hat
  </category>
  <size>
   L
  </size>
  <color>
   Синий
  </color>
  <material>
   Хлопок
  </material>
  <price>
   620723
  </price>
  <rating>
   1.36
  </rating>
  <reviews>
   708924
  </reviews>
  <new>
   -
  </new>
  <exclusive>
   no
  </exclusive>
 </clothing>
 <clothing>
  <id>
   496363354
  </id>
  <name>
   Fila Shirt H-6616
  </name>
  <category>
   Shirt
  </category>
  <size>
   M
  </size>
  <color>
   Зеленый
  </color>
  <material>
   Шелк
  </material>
  <price>
   883446
  </price>
  <rating>
   4.52
  </rating>
  <reviews>
   681054
  </reviews>
  <new>
   -
  </new>
 </clothing>
 <clothing>
  <id>
   791606377
  </id>
  <name>
   Ellesse Skirt Z-3869
  </name>
  <category>
   Skirt
  </category>
  <size>
   L
  </size>
  <color>
   Желтый
  </color>
  <material>
   Шелк
  </material>
  <price>
   662141
  </price>
  <rating>
   4.37
  </rating>
  <reviews>
   610763
  </reviews>
  <exclusive>
   yes
  </exclusive>
  <sporty>
   no
  </sporty>
 </clothing>
 <clothing>
  <id>
   940879535
  </id>
  <name>
   Converse Handbags N-1076
  </name>
  <category>
   Handbags
  </category>
  <size>
   L
  </size>
  <color>
   Фиолетовый
  </color>
  <material>
   Шерсть
  </material>
  <price>
   266429
  </price>
  <rating>
   3.47
  </rating>
  <reviews>
   80232
  </reviews>
  <new>
   +
  </new>
  <exclusive>
   yes
  </exclusive>
 </clothing>
 <clothing>
  <id>
   921352341
  </id>
  <name>
   Reebok Gloves X-9254
  </name>
  <category>
   Gloves
  </category>
  <size>
   L
  </size>
  <color>
   Голубой
  </color>
  <material>
   Шерсть
  </material>
  <price>
   189232
  </price>
  <rating>
   3.68
  </rating>
  <reviews>
   526220
  </reviews>
  <new>
   -
  </new>
  <exclusive>
   no
  </exclusive>
  <sporty>
   no
  </sporty>
 </clothing>
 <clothing>
  <id>
   713930279
  </id>
  <name>
   Lacoste Sweater G-9586
  </name>
  <category>
   Sweater
  </category>
  <size>
   M
  </size>
  <color>
   Желтый
  </color>
  <material>
   Лен
  </material>
  <price>
   135494
  </price>
  <rating>
   1.25
  </rating>
  <reviews>
   912879
  </reviews>
  <new>
   -
  </new>
  <sporty>
   no
  </sporty>
 </clothing>
 <clothing>
  <id>
   365462128
  </id>
  <name>
   Reebok Skirt Y-4607
  </name>
  <category>
   Skirt
  </category>
  <size>
   XXL
  </size>
  <color>
   Красный
  </color>
  <material>
   Полиэстер
  </material>
  <price>
   865965
  </price>
  <rating>
   3.85
  </rating>
  <reviews>
   294303
  </reviews>
  <new>
   +
  </new>
 </clothing>
 <clothing>
  <id>
   347791494
  </id>
  <name>
   DC Shirt J-8165
  </name>
  <category>
   Shirt
  </category>
  <size>
   L
  </size>
  <color>
   Красный
  </color>
  <material>
   Лен
  </material>
  <price>
   484584
  </price>
  <rating>
   3.58
  </rating>
  <reviews>
   768030
  </reviews>
  <new>
   -
  </new>
  <exclusive>
   yes
  </exclusive>
  <sporty>
   no
  </sporty>
 </clothing>
 <clothing>
  <id>
   804555351
  </id>
  <name>
   Converse Jeans K-5746
  </name>
  <category>
   Jeans
  </category>
  <size>
   M
  </size>
  <color>
   Фиолетовый
  </color>
  <material>
   Хлопок
  </material>
  <price>
   761176
  </price>
  <rating>
   2.84
  </rating>
  <reviews>
   924817
  </reviews>
  <new>
   +
  </new>
  <exclusive>
   no
  </exclusive>
  <sporty>
   no
  </sporty>
 </clothing>
 <clothing>
  <id>
   538245767
  </id>
  <name>
   Asics Blouse B-3237
  </name>
  <category>
   Blouse
  </category>
  <size>
   S
  </size>
  <color>
   Голубой
  </color>
  <material>
   Лен
  </material>
  <price>
   905936
  </price>
  <rating>
   3.23
  </rating>
  <reviews>
   627013
  </reviews>
  <exclusive>
   no
  </exclusive>
  <sporty>
   no
  </sporty>
 </clothing>
 <clothing>
  <id>
   475826387
  </id>
  <name>
   Nike Sweater V-7826
  </name>
  <category>
   Sweater
  </category>
  <size>
   XL
  </size>
  <color>
   Красный
  </color>
  <material>
   Вискоза
  </material>
  <price>
   743362
  </price>
  <rating>
   4.48
  </rating>
  <reviews>
   197665
  </reviews>
  <exclusive>
   no
  </exclusive>
 </clothing>
 <clothing>
  <id>
   602217344
  </id>
  <name>
   Adidas Pants W-8539
  </name>
  <category>
   Pants
  </category>
  <size>
   XL
  </size>
  <color>
   Фиолетовый
  </color>
  <material>
   Лен
  </material>
  <price>
   595830
  </price>
  <rating>
   3.74
  </rating>
  <reviews>
   380464
  </reviews>
  <new>
   -
  </new>
  <exclusive>
   yes
  </exclusive>
 </clothing>
 <clothing>
  <id>
   151440717
  </id>
  <name>
   Ellesse Socks C-7018
  </name>
  <category>
   Socks
  </category>
  <size>
   XL
  </size>
  <color>
   Фиолетовый
  </color>
  <material>
   Лен
  </material>
  <price>
   178314
  </price>
  <rating>
   3.8
  </rating>
  <reviews>
   222069
  </reviews>
  <new>
   -
  </new>
  <sporty>
   yes
  </sporty>
 </clothing>
 <clothing>
  <id>
   127781333
  </id>
  <name>
   Nike Shoes X-9560
  </name>
  <category>
   Shoes
  </category>
  <size>
   L
  </size>
  <color>
   Желтый
  </color>
  <material>
   Шелк
  </material>
  <price>
   396017
  </price>
  <rating>
   3.42
  </rating>
  <reviews>
   105734
  </reviews>
  <new>
   +
  </new>
  <sporty>
   yes
  </sporty>
 </clothing>
 <clothing>
  <id>
   974076640
  </id>
  <name>
   Converse Sweater F-7487
  </name>
  <category>
   Sweater
  </category>
  <size>
   XXL
  </size>
  <color>
   Красный
  </color>
  <material>
   Вискоза
  </material>
  <price>
   123873
  </price>
  <rating>
   3.27
  </rating>
  <reviews>
   566920
  </reviews>
  <new>
   -
  </new>
  <exclusive>
   yes
  </exclusive>
  <sporty>
   no
  </sporty>
 </clothing>
 <clothing>
  <id>
   363225683
  </id>
  <name>
   Adidas Jacket Y-5575
  </name>
  <category>
   Jacket
  </category>
  <size>
   M
  </size>
  <color>
   Зеленый
  </color>
  <material>
   Кожа
  </material>
  <price>
   385435
  </price>
  <rating>
   3.05
  </rating>
  <reviews>
   406596
  </reviews>
  <new>
   -
  </new>
  <exclusive>
   yes
  </exclusive>
  <sporty>
   yes
  </sporty>
 </clothing>
 <clothing>
  <id>
   410248880
  </id>
  <name>
   New Balance Shoes E-2780
  </name>
  <category>
   Shoes
  </category>
  <size>
   XXL
  </size>
  <color>
   Фиолетовый
  </color>
  <material>
   Кожа
  </material>
  <price>
   981715
  </price>
  <rating>
   3.43
  </rating>
  <reviews>
   146058
  </reviews>
  <exclusive>
   yes
  </exclusive>
 </clothing>
 <clothing>
  <id>
   101610516
  </id>
  <name>
   New Balance Skirt C-1180
  </name>
  <category>
   Skirt
  </category>
  <size>
   XXL
  </size>
  <color>
   Синий
  </color>
  <material>
   Шелк
  </material>
  <price>
   531026
  </price>
  <rating>
   4.6
  </rating>
  <reviews>
   738654
  </reviews>
  <new>
   -
  </new>
 </clothing>
 <clothing>
  <id>
   812438118
  </id>
  <name>
   Nike Sweater R-1353
  </name>
  <category>
   Sweater
  </category>
  <size>
   L
  </size>
  <color>
   Желтый
  </color>
  <material>
   Шелк
  </material>
  <price>
   437800
  </price>
  <rating>
   3.83
  </rating>
  <reviews>
   755152
  </reviews>
  <new>
   -
  </new>
  <exclusive>
   no
  </exclusive>
 </clothing>
</clothing-items>
