<?xml version="1.0" encoding="utf-8"?>
<clothing-items>
 <clothing>
  <id>
   934206098
  </id>
  <name>
   New Balance Dress N-4176
  </name>
  <category>
   Dress
  </category>
  <size>
   XXL
  </size>
  <color>
   Красный
  </color>
  <material>
   Кожа
  </material>
  <price>
   588805
  </price>
  <rating>
   4.51
  </rating>
  <reviews>
   555066
  </reviews>
  <new>
   -
  </new>
  <exclusive>
   yes
  </exclusive>
  <sporty>
   no
  </sporty>
 </clothing>
 <clothing>
  <id>
   231949903
  </id>
  <name>
   Addidas Jeans M-1580
  </name>
  <category>
   Jeans
  </category>
  <size>
   S
  </size>
  <color>
   Красный
  </color>
  <material>
   Нейлон
  </material>
  <price>
   181427
  </price>
  <rating>
   2.86
  </rating>
  <reviews>
   290689
  </reviews>
 </clothing>
 <clothing>
  <id>
   492159131
  </id>
  <name>
   Nike Jacket H-6398
  </name>
  <category>
   Jacket
  </category>
  <size>
   M
  </size>
  <color>
   Голубой
  </color>
  <material>
   Кожа
  </material>
  <price>
   399298
  </price>
  <rating>
   2.92
  </rating>
  <reviews>
   383778
  </reviews>
  <new>
   +
  </new>
  <exclusive>
   yes
  </exclusive>
  <sporty>
   no
  </sporty>
 </clothing>
 <clothing>
  <id>
   473609279
  </id>
  <name>
   PleinSport Hat L-9983
  </name>
  <category>
   Hat
  </category>
  <size>
   L
  </size>
  <color>
   Зеленый
  </color>
  <material>
   Кожа
  </material>
  <price>
   346725
  </price>
  <rating>
   2.26
  </rating>
  <reviews>
   71550
  </reviews>
  <exclusive>
   no
  </exclusive>
 </clothing>
 <clothing>
  <id>
   848644746
  </id>
  <name>
   Under Armour Handbags O-8049
  </name>
  <category>
   Handbags
  </category>
  <size>
   XL
  </size>
  <color>
   Желтый
  </color>
  <material>
   Лен
  </material>
  <price>
   348775
  </price>
  <rating>
   1.96
  </rating>
  <reviews>
   559754
  </reviews>
 </clothing>
 <clothing>
  <id>
   745953650
  </id>
  <name>
   Vans Belts G-7668
  </name>
  <category>
   Belts
  </category>
  <size>
   XXL
  </size>
  <color>
   Оранжевый
  </color>
  <material>
   Полиэстер
  </material>
  <price>
   646298
  </price>
  <rating>
   4.85
  </rating>
  <reviews>
   731406
  </reviews>
  <new>
   -
  </new>
  <sporty>
   yes
  </sporty>
 </clothing>
 <clothing>
  <id>
   298318425
  </id>
  <name>
   New Balance Socks T-3597
  </name>
  <category>
   Socks
  </category>
  <size>
   S
  </size>
  <color>
   Оранжевый
  </color>
  <material>
   Кожа
  </material>
  <price>
   605610
  </price>
  <rating>
   2.48
  </rating>
  <reviews>
   588179
  </reviews>
  <exclusive>
   no
  </exclusive>
  <sporty>
   yes
  </sporty>
 </clothing>
 <clothing>
  <id>
   875114306
  </id>
  <name>
   Converse Socks W-6504
  </name>
  <category>
   Socks
  </category>
  <size>
   S
  </size>
  <color>
   Фиолетовый
  </color>
  <material>
   Хлопок
  </material>
  <price>
   394842
  </price>
  <rating>
   1.93
  </rating>
  <reviews>
   490919
  </reviews>
  <new>
   -
  </new>
  <exclusive>
   yes
  </exclusive>
 </clothing>
 <clothing>
  <id>
   967573802
  </id>
  <name>
   Converse Gloves U-2654
  </name>
  <category>
   Gloves
  </category>
  <size>
   XL
  </size>
  <color>
   Желтый
  </color>
  <material>
   Шелк
  </material>
  <price>
   307244
  </price>
  <rating>
   1.94
  </rating>
  <reviews>
   332228
  </reviews>
  <new>
   -
  </new>
 </clothing>
 <clothing>
  <id>
   335266932
  </id>
  <name>
   Adidas Umbrellas H-2516
  </name>
  <category>
   Umbrellas
  </category>
  <size>
   XL
  </size>
  <color>
   Голубой
  </color>
  <material>
   Нейлон
  </material>
  <price>
   521695
  </price>
  <rating>
   4.17
  </rating>
  <reviews>
   830511
  </reviews>
  <new>
   +
  </new>
  <sporty>
   no
  </sporty>
 </clothing>
 <clothing>
  <id>
   747530389
  </id>
  <name>
   Vans Umbrellas Y-3104
  </name>
  <category>
   Umbrellas
  </category>
  <size>
   XXL
  </size>
  <color>
   Желтый
  </color>
  <material>
   Вискоза
  </material>
  <price>
   163299
  </price>
  <rating>
   1.15
  </rating>
  <reviews>
   586540
  </reviews>
  <new>
   -
  </new>
  <exclusive>
   yes
  </exclusive>
  <sporty>
   no
  </sporty>
 </clothing>
 <clothing>
  <id>
   679046899
  </id>
  <name>
   Converse Shoes E-9191
  </name>
  <category>
   Shoes
  </category>
  <size>
   XXL
  </size>
  <color>
   Красный
  </color>
  <material>
   Лен
  </material>
  <price>
   194579
  </price>
  <rating>
   4.68
  </rating>
  <reviews>
   242324
  </reviews>
  <sporty>
   yes
  </sporty>
 </clothing>
 <clothing>
  <id>
   651824905
  </id>
  <name>
   Ellesse Umbrellas E-2496
  </name>
  <category>
   Umbrellas
  </category>
  <size>
   XXL
  </size>
  <color>
   Оранжевый
  </color>
  <material>
   Хлопок
  </material>
  <price>
   856684
  </price>
  <rating>
   3.92
  </rating>
  <reviews>
   240617
  </reviews>
  <sporty>
   no
  </sporty>
 </clothing>
 <clothing>
  <id>
   948514237
  </id>
  <name>
   Brooks Socks V-6025
  </name>
  <category>
   Socks
  </category>
  <size>
   S
  </size>
  <color>
   Желтый
  </color>
  <material>
   Вискоза
  </material>
  <price>
   211240
  </price>
  <rating>
   2.62
  </rating>
  <reviews>
   132719
  </reviews>
  <exclusive>
   no
  </exclusive>
 </clothing>
 <clothing>
  <id>
   780413330
  </id>
  <name>
   Puma Handbags P-5346
  </name>
  <category>
   Handbags
  </category>
  <size>
   XL
  </size>
  <color>
   Зеленый
  </color>
  <material>
   Шерсть
  </material>
  <price>
   802736
  </price>
  <rating>
   2.57
  </rating>
  <reviews>
   662662
  </reviews>
  <exclusive>
   no
  </exclusive>
 </clothing>
 <clothing>
  <id>
   615897470
  </id>
  <name>
   Nike Sweater C-9023
  </name>
  <category>
   Sweater
  </category>
  <size>
   XL
  </size>
  <color>
   Синий
  </color>
  <material>
   Нейлон
  </material>
  <price>
   838745
  </price>
  <rating>
   3.3
  </rating>
  <reviews>
   443541
  </reviews>
  <new>
   -
  </new>
 </clothing>
 <clothing>
  <id>
   623560758
  </id>
  <name>
   Addidas Dress N-9502
  </name>
  <category>
   Dress
  </category>
  <size>
   S
  </size>
  <color>
   Фиолетовый
  </color>
  <material>
   Шерсть
  </material>
  <price>
   626725
  </price>
  <rating>
   1.05
  </rating>
  <reviews>
   849566
  </reviews>
  <exclusive>
   yes
  </exclusive>
  <sporty>
   no
  </sporty>
 </clothing>
 <clothing>
  <id>
   757439969
  </id>
  <name>
   DC Jacket G-9109
  </name>
  <category>
   Jacket
  </category>
  <size>
   M
  </size>
  <color>
   Красный
  </color>
  <material>
   Шерсть
  </material>
  <price>
   434069
  </price>
  <rating>
   2.59
  </rating>
  <reviews>
   625319
  </reviews>
  <new>
   +
  </new>
  <sporty>
   no
  </sporty>
 </clothing>
 <clothing>
  <id>
   671443355
  </id>
  <name>
   Reebok Gloves I-5540
  </name>
  <category>
   Gloves
  </category>
  <size>
   M
  </size>
  <color>
   Фиолетовый
  </color>
  <material>
   Шелк
  </material>
  <price>
   602922
  </price>
  <rating>
   2.15
  </rating>
  <reviews>
   716323
  </reviews>
  <exclusive>
   no
  </exclusive>
  <sporty>
   no
  </sporty>
 </clothing>
 <clothing>
  <id>
   467634498
  </id>
  <name>
   Converse Umbrellas D-1689
  </name>
  <category>
   Umbrellas
  </category>
  <size>
   S
  </size>
  <color>
   Фиолетовый
  </color>
  <material>
   Вискоза
  </material>
  <price>
   233549
  </price>
  <rating>
   3.34
  </rating>
  <reviews>
   754773
  </reviews>
 </clothing>
 <clothing>
  <id>
   334630084
  </id>
  <name>
   Under Armour Jacket G-5314
  </name>
  <category>
   Jacket
  </category>
  <size>
   XL
  </size>
  <color>
   Зеленый
  </color>
  <material>
   Шелк
  </material>
  <price>
   907101
  </price>
  <rating>
   2.33
  </rating>
  <reviews>
   361858
  </reviews>
  <new>
   -
  </new>
  <sporty>
   yes
  </sporty>
 </clothing>
</clothing-items>
