<?xml version="1.0" encoding="utf-8"?>
<clothing-items>
 <clothing>
  <id>
   763440448
  </id>
  <name>
   Under Armour Jacket K-9229
  </name>
  <category>
   Jacket
  </category>
  <size>
   L
  </size>
  <color>
   Желтый
  </color>
  <material>
   Вискоза
  </material>
  <price>
   367965
  </price>
  <rating>
   4.55
  </rating>
  <reviews>
   456973
  </reviews>
  <exclusive>
   no
  </exclusive>
  <sporty>
   no
  </sporty>
 </clothing>
 <clothing>
  <id>
   746799568
  </id>
  <name>
   DC Handbags T-5207
  </name>
  <category>
   Handbags
  </category>
  <size>
   XL
  </size>
  <color>
   Фиолетовый
  </color>
  <material>
   Кожа
  </material>
  <price>
   882971
  </price>
  <rating>
   2.62
  </rating>
  <reviews>
   801606
  </reviews>
  <exclusive>
   yes
  </exclusive>
 </clothing>
 <clothing>
  <id>
   728231428
  </id>
  <name>
   Vans Skirt K-2303
  </name>
  <category>
   Skirt
  </category>
  <size>
   M
  </size>
  <color>
   Оранжевый
  </color>
  <material>
   Лен
  </material>
  <price>
   863623
  </price>
  <rating>
   3.31
  </rating>
  <reviews>
   318151
  </reviews>
 </clothing>
 <clothing>
  <id>
   961293949
  </id>
  <name>
   Vans Hat W-2339
  </name>
  <category>
   Hat
  </category>
  <size>
   S
  </size>
  <color>
   Желтый
  </color>
  <material>
   Хлопок
  </material>
  <price>
   792527
  </price>
  <rating>
   1.01
  </rating>
  <reviews>
   860206
  </reviews>
  <new>
   -
  </new>
  <sporty>
   yes
  </sporty>
 </clothing>
 <clothing>
  <id>
   546477066
  </id>
  <name>
   Brooks Skirt C-1774
  </name>
  <category>
   Skirt
  </category>
  <size>
   XXL
  </size>
  <color>
   Голубой
  </color>
  <material>
   Полиэстер
  </material>
  <price>
   510618
  </price>
  <rating>
   3.29
  </rating>
  <reviews>
   413737
  </reviews>
  <new>
   +
  </new>
  <exclusive>
   yes
  </exclusive>
  <sporty>
   yes
  </sporty>
 </clothing>
 <clothing>
  <id>
   432299055
  </id>
  <name>
   Asics Jeans O-3982
  </name>
  <category>
   Jeans
  </category>
  <size>
   XXL
  </size>
  <color>
   Желтый
  </color>
  <material>
   Вискоза
  </material>
  <price>
   612133
  </price>
  <rating>
   2.87
  </rating>
  <reviews>
   983198
  </reviews>
  <sporty>
   no
  </sporty>
 </clothing>
 <clothing>
  <id>
   729142455
  </id>
  <name>
   Vans Sweater Z-7370
  </name>
  <category>
   Sweater
  </category>
  <size>
   XXL
  </size>
  <color>
   Голубой
  </color>
  <material>
   Кожа
  </material>
  <price>
   700987
  </price>
  <rating>
   4.43
  </rating>
  <reviews>
   176765
  </reviews>
  <new>
   +
  </new>
  <exclusive>
   yes
  </exclusive>
 </clothing>
 <clothing>
  <id>
   510062729
  </id>
  <name>
   Vans Hat W-2173
  </name>
  <category>
   Hat
  </category>
  <size>
   L
  </size>
  <color>
   Оранжевый
  </color>
  <material>
   Кожа
  </material>
  <price>
   968305
  </price>
  <rating>
   1.84
  </rating>
  <reviews>
   270388
  </reviews>
  <new>
   -
  </new>
  <exclusive>
   no
  </exclusive>
 </clothing>
 <clothing>
  <id>
   424986652
  </id>
  <name>
   Fila Handbags H-8805
  </name>
  <category>
   Handbags
  </category>
  <size>
   L
  </size>
  <color>
   Синий
  </color>
  <material>
   Нейлон
  </material>
  <price>
   238617
  </price>
  <rating>
   3.83
  </rating>
  <reviews>
   225842
  </reviews>
  <exclusive>
   yes
  </exclusive>
 </clothing>
 <clothing>
  <id>
   203145969
  </id>
  <name>
   Nike Hat E-2163
  </name>
  <category>
   Hat
  </category>
  <size>
   XL
  </size>
  <color>
   Синий
  </color>
  <material>
   Лен
  </material>
  <price>
   307075
  </price>
  <rating>
   4.78
  </rating>
  <reviews>
   719873
  </reviews>
  <new>
   -
  </new>
  <exclusive>
   no
  </exclusive>
 </clothing>
 <clothing>
  <id>
   393303464
  </id>
  <name>
   Lacoste Jacket C-4739
  </name>
  <category>
   Jacket
  </category>
  <size>
   XL
  </size>
  <color>
   Желтый
  </color>
  <material>
   Шерсть
  </material>
  <price>
   332238
  </price>
  <rating>
   3.88
  </rating>
  <reviews>
   557831
  </reviews>
  <exclusive>
   no
  </exclusive>
  <sporty>
   yes
  </sporty>
 </clothing>
 <clothing>
  <id>
   956482064
  </id>
  <name>
   Under Armour Skirt O-3113
  </name>
  <category>
   Skirt
  </category>
  <size>
   L
  </size>
  <color>
   Синий
  </color>
  <material>
   Шерсть
  </material>
  <price>
   179249
  </price>
  <rating>
   3.77
  </rating>
  <reviews>
   499645
  </reviews>
  <sporty>
   yes
  </sporty>
 </clothing>
 <clothing>
  <id>
   384392769
  </id>
  <name>
   DC Dress L-2664
  </name>
  <category>
   Dress
  </category>
  <size>
   S
  </size>
  <color>
   Красный
  </color>
  <material>
   Кожа
  </material>
  <price>
   405283
  </price>
  <rating>
   1.81
  </rating>
  <reviews>
   483142
  </reviews>
  <sporty>
   yes
  </sporty>
 </clothing>
 <clothing>
  <id>
   806358947
  </id>
  <name>
   Vans Socks D-4514
  </name>
  <category>
   Socks
  </category>
  <size>
   XL
  </size>
  <color>
   Красный
  </color>
  <material>
   Полиэстер
  </material>
  <price>
   468809
  </price>
  <rating>
   4.17
  </rating>
  <reviews>
   69077
  </reviews>
  <new>
   +
  </new>
  <exclusive>
   no
  </exclusive>
 </clothing>
 <clothing>
  <id>
   985800837
  </id>
  <name>
   DC Umbrellas D-8185
  </name>
  <category>
   Umbrellas
  </category>
  <size>
   XL
  </size>
  <color>
   Фиолетовый
  </color>
  <material>
   Лен
  </material>
  <price>
   276118
  </price>
  <rating>
   3.92
  </rating>
  <reviews>
   411878
  </reviews>
  <exclusive>
   yes
  </exclusive>
 </clothing>
 <clothing>
  <id>
   117273813
  </id>
  <name>
   Converse Belts Z-9736
  </name>
  <category>
   Belts
  </category>
  <size>
   XL
  </size>
  <color>
   Красный
  </color>
  <material>
   Вискоза
  </material>
  <price>
   180856
  </price>
  <rating>
   1.7
  </rating>
  <reviews>
   521431
  </reviews>
  <exclusive>
   no
  </exclusive>
  <sporty>
   no
  </sporty>
 </clothing>
 <clothing>
  <id>
   882484703
  </id>
  <name>
   Reebok Pants V-9040
  </name>
  <category>
   Pants
  </category>
  <size>
   S
  </size>
  <color>
   Оранжевый
  </color>
  <material>
   Хлопок
  </material>
  <price>
   486371
  </price>
  <rating>
   4.37
  </rating>
  <reviews>
   584986
  </reviews>
  <exclusive>
   no
  </exclusive>
  <sporty>
   no
  </sporty>
 </clothing>
 <clothing>
  <id>
   115350284
  </id>
  <name>
   Fila Socks L-9281
  </name>
  <category>
   Socks
  </category>
  <size>
   S
  </size>
  <color>
   Голубой
  </color>
  <material>
   Хлопок
  </material>
  <price>
   802153
  </price>
  <rating>
   2.07
  </rating>
  <reviews>
   998727
  </reviews>
  <new>
   +
  </new>
 </clothing>
 <clothing>
  <id>
   372170776
  </id>
  <name>
   Brooks Skirt A-6701
  </name>
  <category>
   Skirt
  </category>
  <size>
   M
  </size>
  <color>
   Зеленый
  </color>
  <material>
   Вискоза
  </material>
  <price>
   108017
  </price>
  <rating>
   1.97
  </rating>
  <reviews>
   936934
  </reviews>
 </clothing>
 <clothing>
  <id>
   213728405
  </id>
  <name>
   Adidas T-shirt W-9023
  </name>
  <category>
   T-shirt
  </category>
  <size>
   XL
  </size>
  <color>
   Синий
  </color>
  <material>
   Шерсть
  </material>
  <price>
   608780
  </price>
  <rating>
   4.8
  </rating>
  <reviews>
   49097
  </reviews>
  <new>
   -
  </new>
  <sporty>
   yes
  </sporty>
 </clothing>
 <clothing>
  <id>
   385703313
  </id>
  <name>
   PleinSport Shirt U-9618
  </name>
  <category>
   Shirt
  </category>
  <size>
   S
  </size>
  <color>
   Голубой
  </color>
  <material>
   Хлопок
  </material>
  <price>
   389093
  </price>
  <rating>
   3.39
  </rating>
  <reviews>
   103461
  </reviews>
  <sporty>
   yes
  </sporty>
 </clothing>
 <clothing>
  <id>
   489742972
  </id>
  <name>
   Asics Umbrellas K-5336
  </name>
  <category>
   Umbrellas
  </category>
  <size>
   XXL
  </size>
  <color>
   Голубой
  </color>
  <material>
   Шерсть
  </material>
  <price>
   151069
  </price>
  <rating>
   1.37
  </rating>
  <reviews>
   175910
  </reviews>
 </clothing>
 <clothing>
  <id>
   454122950
  </id>
  <name>
   Puma Umbrellas T-1451
  </name>
  <category>
   Umbrellas
  </category>
  <size>
   XL
  </size>
  <color>
   Голубой
  </color>
  <material>
   Полиэстер
  </material>
  <price>
   752478
  </price>
  <rating>
   1.06
  </rating>
  <reviews>
   912861
  </reviews>
  <new>
   -
  </new>
  <exclusive>
   no
  </exclusive>
  <sporty>
   no
  </sporty>
 </clothing>
 <clothing>
  <id>
   252239920
  </id>
  <name>
   Lacoste Socks E-1077
  </name>
  <category>
   Socks
  </category>
  <size>
   S
  </size>
  <color>
   Зеленый
  </color>
  <material>
   Вискоза
  </material>
  <price>
   687578
  </price>
  <rating>
   1.21
  </rating>
  <reviews>
   376926
  </reviews>
  <new>
   -
  </new>
  <exclusive>
   yes
  </exclusive>
  <sporty>
   no
  </sporty>
 </clothing>
 <clothing>
  <id>
   992567124
  </id>
  <name>
   Fila Jeans P-5806
  </name>
  <category>
   Jeans
  </category>
  <size>
   XXL
  </size>
  <color>
   Голубой
  </color>
  <material>
   Лен
  </material>
  <price>
   478784
  </price>
  <rating>
   2.45
  </rating>
  <reviews>
   536039
  </reviews>
  <sporty>
   yes
  </sporty>
 </clothing>
 <clothing>
  <id>
   851433725
  </id>
  <name>
   Converse Jeans A-3209
  </name>
  <category>
   Jeans
  </category>
  <size>
   S
  </size>
  <color>
   Зеленый
  </color>
  <material>
   Полиэстер
  </material>
  <price>
   908450
  </price>
  <rating>
   3.77
  </rating>
  <reviews>
   575887
  </reviews>
  <sporty>
   no
  </sporty>
 </clothing>
 <clothing>
  <id>
   669041237
  </id>
  <name>
   Fila T-shirt X-2585
  </name>
  <category>
   T-shirt
  </category>
  <size>
   XXL
  </size>
  <color>
   Синий
  </color>
  <material>
   Лен
  </material>
  <price>
   231896
  </price>
  <rating>
   1.28
  </rating>
  <reviews>
   78280
  </reviews>
  <new>
   +
  </new>
 </clothing>
 <clothing>
  <id>
   507468551
  </id>
  <name>
   Nike Shirt N-5056
  </name>
  <category>
   Shirt
  </category>
  <size>
   XL
  </size>
  <color>
   Фиолетовый
  </color>
  <material>
   Вискоза
  </material>
  <price>
   816595
  </price>
  <rating>
   4.37
  </rating>
  <reviews>
   624631
  </reviews>
  <new>
   -
  </new>
  <exclusive>
   no
  </exclusive>
  <sporty>
   no
  </sporty>
 </clothing>
 <clothing>
  <id>
   367985767
  </id>
  <name>
   Nike Jacket R-4900
  </name>
  <category>
   Jacket
  </category>
  <size>
   M
  </size>
  <color>
   Зеленый
  </color>
  <material>
   Нейлон
  </material>
  <price>
   291443
  </price>
  <rating>
   4.66
  </rating>
  <reviews>
   646880
  </reviews>
 </clothing>
 <clothing>
  <id>
   929693373
  </id>
  <name>
   Lacoste Shoes S-8330
  </name>
  <category>
   Shoes
  </category>
  <size>
   S
  </size>
  <color>
   Синий
  </color>
  <material>
   Кожа
  </material>
  <price>
   939857
  </price>
  <rating>
   4.4
  </rating>
  <reviews>
   866022
  </reviews>
  <new>
   +
  </new>
  <exclusive>
   yes
  </exclusive>
  <sporty>
   no
  </sporty>
 </clothing>
 <clothing>
  <id>
   816283981
  </id>
  <name>
   Reebok Blouse N-3414
  </name>
  <category>
   Blouse
  </category>
  <size>
   M
  </size>
  <color>
   Зеленый
  </color>
  <material>
   Кожа
  </material>
  <price>
   107764
  </price>
  <rating>
   4.21
  </rating>
  <reviews>
   144729
  </reviews>
  <new>
   +
  </new>
  <sporty>
   no
  </sporty>
 </clothing>
 <clothing>
  <id>
   106935577
  </id>
  <name>
   New Balance Socks B-8647
  </name>
  <category>
   Socks
  </category>
  <size>
   XL
  </size>
  <color>
   Оранжевый
  </color>
  <material>
   Полиэстер
  </material>
  <price>
   694271
  </price>
  <rating>
   3.28
  </rating>
  <reviews>
   77168
  </reviews>
  <new>
   -
  </new>
  <exclusive>
   yes
  </exclusive>
 </clothing>
 <clothing>
  <id>
   409944931
  </id>
  <name>
   Lacoste Dress S-5539
  </name>
  <category>
   Dress
  </category>
  <size>
   S
  </size>
  <color>
   Голубой
  </color>
  <material>
   Шелк
  </material>
  <price>
   701868
  </price>
  <rating>
   3.35
  </rating>
  <reviews>
   591480
  </reviews>
  <new>
   +
  </new>
 </clothing>
 <clothing>
  <id>
   458980034
  </id>
  <name>
   Ellesse Shoes V-5050
  </name>
  <category>
   Shoes
  </category>
  <size>
   L
  </size>
  <color>
   Оранжевый
  </color>
  <material>
   Шелк
  </material>
  <price>
   986537
  </price>
  <rating>
   4.53
  </rating>
  <reviews>
   695037
  </reviews>
  <exclusive>
   no
  </exclusive>
  <sporty>
   no
  </sporty>
 </clothing>
 <clothing>
  <id>
   382811572
  </id>
  <name>
   Puma Hat Z-1975
  </name>
  <category>
   Hat
  </category>
  <size>
   XL
  </size>
  <color>
   Желтый
  </color>
  <material>
   Вискоза
  </material>
  <price>
   702189
  </price>
  <rating>
   4.85
  </rating>
  <reviews>
   924665
  </reviews>
  <exclusive>
   no
  </exclusive>
  <sporty>
   no
  </sporty>
 </clothing>
 <clothing>
  <id>
   365054667
  </id>
  <name>
   PleinSport Skirt A-8757
  </name>
  <category>
   Skirt
  </category>
  <size>
   XXL
  </size>
  <color>
   Синий
  </color>
  <material>
   Кожа
  </material>
  <price>
   731442
  </price>
  <rating>
   2.18
  </rating>
  <reviews>
   786785
  </reviews>
  <new>
   -
  </new>
  <exclusive>
   yes
  </exclusive>
 </clothing>
 <clothing>
  <id>
   631425416
  </id>
  <name>
   Vans T-shirt A-7044
  </name>
  <category>
   T-shirt
  </category>
  <size>
   M
  </size>
  <color>
   Оранжевый
  </color>
  <material>
   Кожа
  </material>
  <price>
   854964
  </price>
  <rating>
   4.65
  </rating>
  <reviews>
   305465
  </reviews>
  <new>
   +
  </new>
  <exclusive>
   no
  </exclusive>
  <sporty>
   no
  </sporty>
 </clothing>
 <clothing>
  <id>
   887522780
  </id>
  <name>
   Vans Handbags S-6437
  </name>
  <category>
   Handbags
  </category>
  <size>
   XL
  </size>
  <color>
   Красный
  </color>
  <material>
   Нейлон
  </material>
  <price>
   713173
  </price>
  <rating>
   3.55
  </rating>
  <reviews>
   280084
  </reviews>
  <exclusive>
   no
  </exclusive>
  <sporty>
   no
  </sporty>
 </clothing>
 <clothing>
  <id>
   615710208
  </id>
  <name>
   Reebok Blouse U-9193
  </name>
  <category>
   Blouse
  </category>
  <size>
   M
  </size>
  <color>
   Фиолетовый
  </color>
  <material>
   Лен
  </material>
  <price>
   793097
  </price>
  <rating>
   3.71
  </rating>
  <reviews>
   882627
  </reviews>
  <sporty>
   no
  </sporty>
 </clothing>
 <clothing>
  <id>
   463877670
  </id>
  <name>
   PleinSport Jacket U-8765
  </name>
  <category>
   Jacket
  </category>
  <size>
   M
  </size>
  <color>
   Синий
  </color>
  <material>
   Полиэстер
  </material>
  <price>
   949055
  </price>
  <rating>
   2.74
  </rating>
  <reviews>
   35933
  </reviews>
  <new>
   -
  </new>
  <sporty>
   yes
  </sporty>
 </clothing>
 <clothing>
  <id>
   653565976
  </id>
  <name>
   DC Shoes K-8191
  </name>
  <category>
   Shoes
  </category>
  <size>
   L
  </size>
  <color>
   Оранжевый
  </color>
  <material>
   Шелк
  </material>
  <price>
   362394
  </price>
  <rating>
   2.41
  </rating>
  <reviews>
   141077
  </reviews>
  <new>
   +
  </new>
 </clothing>
 <clothing>
  <id>
   850600670
  </id>
  <name>
   Asics Handbags I-5574
  </name>
  <category>
   Handbags
  </category>
  <size>
   S
  </size>
  <color>
   Красный
  </color>
  <material>
   Лен
  </material>
  <price>
   780023
  </price>
  <rating>
   1.03
  </rating>
  <reviews>
   127135
  </reviews>
  <new>
   +
  </new>
  <exclusive>
   yes
  </exclusive>
  <sporty>
   yes
  </sporty>
 </clothing>
 <clothing>
  <id>
   999489035
  </id>
  <name>
   DC Dress V-6132
  </name>
  <category>
   Dress
  </category>
  <size>
   S
  </size>
  <color>
   Красный
  </color>
  <material>
   Вискоза
  </material>
  <price>
   444019
  </price>
  <rating>
   2.38
  </rating>
  <reviews>
   960786
  </reviews>
  <exclusive>
   no
  </exclusive>
  <sporty>
   no
  </sporty>
 </clothing>
 <clothing>
  <id>
   311964068
  </id>
  <name>
   Puma Socks C-1776
  </name>
  <category>
   Socks
  </category>
  <size>
   L
  </size>
  <color>
   Оранжевый
  </color>
  <material>
   Вискоза
  </material>
  <price>
   483297
  </price>
  <rating>
   3.23
  </rating>
  <reviews>
   679880
  </reviews>
  <exclusive>
   yes
  </exclusive>
  <sporty>
   no
  </sporty>
 </clothing>
</clothing-items>
