<?xml version="1.0" encoding="utf-8"?>
<clothing-items>
 <clothing>
  <id>
   749782066
  </id>
  <name>
   Vans Umbrellas C-7388
  </name>
  <category>
   Umbrellas
  </category>
  <size>
   XL
  </size>
  <color>
   Желтый
  </color>
  <material>
   Шелк
  </material>
  <price>
   749284
  </price>
  <rating>
   1.42
  </rating>
  <reviews>
   913251
  </reviews>
  <sporty>
   yes
  </sporty>
 </clothing>
 <clothing>
  <id>
   713869248
  </id>
  <name>
   Fila Hat L-1818
  </name>
  <category>
   Hat
  </category>
  <size>
   XL
  </size>
  <color>
   Красный
  </color>
  <material>
   Вискоза
  </material>
  <price>
   466579
  </price>
  <rating>
   1.5
  </rating>
  <reviews>
   106664
  </reviews>
  <new>
   +
  </new>
  <exclusive>
   no
  </exclusive>
  <sporty>
   yes
  </sporty>
 </clothing>
 <clothing>
  <id>
   144802607
  </id>
  <name>
   Asics Shoes O-4432
  </name>
  <category>
   Shoes
  </category>
  <size>
   S
  </size>
  <color>
   Синий
  </color>
  <material>
   Нейлон
  </material>
  <price>
   354659
  </price>
  <rating>
   1.71
  </rating>
  <reviews>
   27892
  </reviews>
  <exclusive>
   yes
  </exclusive>
 </clothing>
 <clothing>
  <id>
   567342579
  </id>
  <name>
   DC Blouse O-2170
  </name>
  <category>
   Blouse
  </category>
  <size>
   XXL
  </size>
  <color>
   Голубой
  </color>
  <material>
   Шерсть
  </material>
  <price>
   614348
  </price>
  <rating>
   1.73
  </rating>
  <reviews>
   920118
  </reviews>
  <exclusive>
   yes
  </exclusive>
 </clothing>
 <clothing>
  <id>
   428595952
  </id>
  <name>
   Adidas Handbags V-6633
  </name>
  <category>
   Handbags
  </category>
  <size>
   S
  </size>
  <color>
   Голубой
  </color>
  <material>
   Кожа
  </material>
  <price>
   621307
  </price>
  <rating>
   1.43
  </rating>
  <reviews>
   391484
  </reviews>
  <new>
   +
  </new>
  <exclusive>
   no
  </exclusive>
  <sporty>
   no
  </sporty>
 </clothing>
 <clothing>
  <id>
   349058788
  </id>
  <name>
   Brooks Gloves G-2754
  </name>
  <category>
   Gloves
  </category>
  <size>
   L
  </size>
  <color>
   Синий
  </color>
  <material>
   Лен
  </material>
  <price>
   206834
  </price>
  <rating>
   2.48
  </rating>
  <reviews>
   14832
  </reviews>
  <new>
   -
  </new>
 </clothing>
 <clothing>
  <id>
   882523013
  </id>
  <name>
   Reebok Skirt Q-1430
  </name>
  <category>
   Skirt
  </category>
  <size>
   L
  </size>
  <color>
   Красный
  </color>
  <material>
   Нейлон
  </material>
  <price>
   574973
  </price>
  <rating>
   3.37
  </rating>
  <reviews>
   688584
  </reviews>
  <exclusive>
   yes
  </exclusive>
 </clothing>
 <clothing>
  <id>
   231263215
  </id>
  <name>
   Lacoste Dress O-5990
  </name>
  <category>
   Dress
  </category>
  <size>
   S
  </size>
  <color>
   Красный
  </color>
  <material>
   Шелк
  </material>
  <price>
   310437
  </price>
  <rating>
   2.86
  </rating>
  <reviews>
   699632
  </reviews>
  <new>
   -
  </new>
  <exclusive>
   yes
  </exclusive>
 </clothing>
 <clothing>
  <id>
   352064143
  </id>
  <name>
   Reebok Jacket T-2221
  </name>
  <category>
   Jacket
  </category>
  <size>
   S
  </size>
  <color>
   Фиолетовый
  </color>
  <material>
   Шерсть
  </material>
  <price>
   692757
  </price>
  <rating>
   3.04
  </rating>
  <reviews>
   123151
  </reviews>
 </clothing>
 <clothing>
  <id>
   333566145
  </id>
  <name>
   Vans Belts W-2153
  </name>
  <category>
   Belts
  </category>
  <size>
   S
  </size>
  <color>
   Желтый
  </color>
  <material>
   Нейлон
  </material>
  <price>
   788721
  </price>
  <rating>
   1.19
  </rating>
  <reviews>
   178562
  </reviews>
  <new>
   +
  </new>
  <exclusive>
   yes
  </exclusive>
  <sporty>
   no
  </sporty>
 </clothing>
 <clothing>
  <id>
   788961766
  </id>
  <name>
   DC Shoes S-3939
  </name>
  <category>
   Shoes
  </category>
  <size>
   S
  </size>
  <color>
   Фиолетовый
  </color>
  <material>
   Полиэстер
  </material>
  <price>
   923058
  </price>
  <rating>
   3.08
  </rating>
  <reviews>
   495887
  </reviews>
  <new>
   -
  </new>
  <exclusive>
   no
  </exclusive>
 </clothing>
 <clothing>
  <id>
   130572516
  </id>
  <name>
   Ellesse Jacket L-8517
  </name>
  <category>
   Jacket
  </category>
  <size>
   XXL
  </size>
  <color>
   Синий
  </color>
  <material>
   Нейлон
  </material>
  <price>
   431761
  </price>
  <rating>
   1.01
  </rating>
  <reviews>
   535604
  </reviews>
  <new>
   -
  </new>
  <exclusive>
   no
  </exclusive>
 </clothing>
 <clothing>
  <id>
   728794081
  </id>
  <name>
   Adidas Dress Q-3016
  </name>
  <category>
   Dress
  </category>
  <size>
   XXL
  </size>
  <color>
   Красный
  </color>
  <material>
   Кожа
  </material>
  <price>
   544465
  </price>
  <rating>
   3.85
  </rating>
  <reviews>
   709191
  </reviews>
  <sporty>
   yes
  </sporty>
 </clothing>
 <clothing>
  <id>
   316970347
  </id>
  <name>
   Lacoste Shoes M-4747
  </name>
  <category>
   Shoes
  </category>
  <size>
   XXL
  </size>
  <color>
   Голубой
  </color>
  <material>
   Шерсть
  </material>
  <price>
   280512
  </price>
  <rating>
   4.38
  </rating>
  <reviews>
   652001
  </reviews>
  <new>
   -
  </new>
  <exclusive>
   no
  </exclusive>
 </clothing>
 <clothing>
  <id>
   292143512
  </id>
  <name>
   New Balance Shirt Q-2695
  </name>
  <category>
   Shirt
  </category>
  <size>
   XXL
  </size>
  <color>
   Оранжевый
  </color>
  <material>
   Кожа
  </material>
  <price>
   471428
  </price>
  <rating>
   2.39
  </rating>
  <reviews>
   312737
  </reviews>
  <new>
   +
  </new>
  <exclusive>
   no
  </exclusive>
  <sporty>
   no
  </sporty>
 </clothing>
 <clothing>
  <id>
   608968984
  </id>
  <name>
   Under Armour Belts K-6867
  </name>
  <category>
   Belts
  </category>
  <size>
   M
  </size>
  <color>
   Синий
  </color>
  <material>
   Полиэстер
  </material>
  <price>
   305611
  </price>
  <rating>
   1.28
  </rating>
  <reviews>
   670313
  </reviews>
  <exclusive>
   no
  </exclusive>
  <sporty>
   no
  </sporty>
 </clothing>
 <clothing>
  <id>
   941795457
  </id>
  <name>
   Nike Shirt C-2494
  </name>
  <category>
   Shirt
  </category>
  <size>
   M
  </size>
  <color>
   Голубой
  </color>
  <material>
   Кожа
  </material>
  <price>
   421825
  </price>
  <rating>
   4.53
  </rating>
  <reviews>
   737216
  </reviews>
  <new>
   +
  </new>
  <sporty>
   no
  </sporty>
 </clothing>
 <clothing>
  <id>
   896163901
  </id>
  <name>
   Reebok Blouse P-7514
  </name>
  <category>
   Blouse
  </category>
  <size>
   L
  </size>
  <color>
   Оранжевый
  </color>
  <material>
   Шелк
  </material>
  <price>
   213705
  </price>
  <rating>
   4.11
  </rating>
  <reviews>
   864275
  </reviews>
  <exclusive>
   yes
  </exclusive>
  <sporty>
   no
  </sporty>
 </clothing>
 <clothing>
  <id>
   117330736
  </id>
  <name>
   Vans T-shirt Z-4963
  </name>
  <category>
   T-shirt
  </category>
  <size>
   XL
  </size>
  <color>
   Синий
  </color>
  <material>
   Лен
  </material>
  <price>
   938608
  </price>
  <rating>
   4.19
  </rating>
  <reviews>
   103286
  </reviews>
  <new>
   -
  </new>
 </clothing>
 <clothing>
  <id>
   766270223
  </id>
  <name>
   Addidas Socks H-8126
  </name>
  <category>
   Socks
  </category>
  <size>
   XXL
  </size>
  <color>
   Оранжевый
  </color>
  <material>
   Лен
  </material>
  <price>
   192992
  </price>
  <rating>
   3.64
  </rating>
  <reviews>
   533973
  </reviews>
  <new>
   +
  </new>
  <sporty>
   yes
  </sporty>
 </clothing>
 <clothing>
  <id>
   610335185
  </id>
  <name>
   DC Jacket M-8241
  </name>
  <category>
   Jacket
  </category>
  <size>
   M
  </size>
  <color>
   Зеленый
  </color>
  <material>
   Шерсть
  </material>
  <price>
   790824
  </price>
  <rating>
   3.62
  </rating>
  <reviews>
   118265
  </reviews>
  <new>
   +
  </new>
  <exclusive>
   no
  </exclusive>
  <sporty>
   no
  </sporty>
 </clothing>
 <clothing>
  <id>
   834782128
  </id>
  <name>
   Addidas Blouse A-7665
  </name>
  <category>
   Blouse
  </category>
  <size>
   S
  </size>
  <color>
   Оранжевый
  </color>
  <material>
   Нейлон
  </material>
  <price>
   377251
  </price>
  <rating>
   1.46
  </rating>
  <reviews>
   825681
  </reviews>
  <new>
   -
  </new>
  <sporty>
   no
  </sporty>
 </clothing>
 <clothing>
  <id>
   687463203
  </id>
  <name>
   DC Handbags U-2100
  </name>
  <category>
   Handbags
  </category>
  <size>
   M
  </size>
  <color>
   Фиолетовый
  </color>
  <material>
   Нейлон
  </material>
  <price>
   706730
  </price>
  <rating>
   1.95
  </rating>
  <reviews>
   648815
  </reviews>
  <exclusive>
   no
  </exclusive>
  <sporty>
   no
  </sporty>
 </clothing>
 <clothing>
  <id>
   873436672
  </id>
  <name>
   Nike Gloves A-4445
  </name>
  <category>
   Gloves
  </category>
  <size>
   M
  </size>
  <color>
   Красный
  </color>
  <material>
   Полиэстер
  </material>
  <price>
   716518
  </price>
  <rating>
   3.42
  </rating>
  <reviews>
   345813
  </reviews>
  <new>
   +
  </new>
  <exclusive>
   yes
  </exclusive>
 </clothing>
 <clothing>
  <id>
   125150283
  </id>
  <name>
   Nike Skirt A-8887
  </name>
  <category>
   Skirt
  </category>
  <size>
   L
  </size>
  <color>
   Зеленый
  </color>
  <material>
   Вискоза
  </material>
  <price>
   100392
  </price>
  <rating>
   3.08
  </rating>
  <reviews>
   135149
  </reviews>
  <sporty>
   no
  </sporty>
 </clothing>
 <clothing>
  <id>
   964738249
  </id>
  <name>
   New Balance Hat Q-5060
  </name>
  <category>
   Hat
  </category>
  <size>
   S
  </size>
  <color>
   Синий
  </color>
  <material>
   Шелк
  </material>
  <price>
   932299
  </price>
  <rating>
   1.15
  </rating>
  <reviews>
   212350
  </reviews>
  <new>
   -
  </new>
  <exclusive>
   yes
  </exclusive>
  <sporty>
   no
  </sporty>
 </clothing>
 <clothing>
  <id>
   539185556
  </id>
  <name>
   Puma Hat S-3139
  </name>
  <category>
   Hat
  </category>
  <size>
   L
  </size>
  <color>
   Зеленый
  </color>
  <material>
   Нейлон
  </material>
  <price>
   359083
  </price>
  <rating>
   1.16
  </rating>
  <reviews>
   66239
  </reviews>
  <sporty>
   yes
  </sporty>
 </clothing>
 <clothing>
  <id>
   512339532
  </id>
  <name>
   Puma Umbrellas E-6705
  </name>
  <category>
   Umbrellas
  </category>
  <size>
   M
  </size>
  <color>
   Оранжевый
  </color>
  <material>
   Нейлон
  </material>
  <price>
   508126
  </price>
  <rating>
   2.37
  </rating>
  <reviews>
   931707
  </reviews>
  <new>
   +
  </new>
  <sporty>
   no
  </sporty>
 </clothing>
</clothing-items>
