<?xml version="1.0" encoding="utf-8"?>
<clothing-items>
 <clothing>
  <id>
   801878437
  </id>
  <name>
   Vans Socks J-3762
  </name>
  <category>
   Socks
  </category>
  <size>
   S
  </size>
  <color>
   Голубой
  </color>
  <material>
   Хлопок
  </material>
  <price>
   578350
  </price>
  <rating>
   1.94
  </rating>
  <reviews>
   696376
  </reviews>
  <new>
   -
  </new>
  <exclusive>
   no
  </exclusive>
 </clothing>
 <clothing>
  <id>
   606976657
  </id>
  <name>
   Brooks Jeans X-1743
  </name>
  <category>
   Jeans
  </category>
  <size>
   L
  </size>
  <color>
   Синий
  </color>
  <material>
   Полиэстер
  </material>
  <price>
   611291
  </price>
  <rating>
   2.47
  </rating>
  <reviews>
   738376
  </reviews>
  <exclusive>
   yes
  </exclusive>
  <sporty>
   yes
  </sporty>
 </clothing>
 <clothing>
  <id>
   966295182
  </id>
  <name>
   New Balance T-shirt X-4259
  </name>
  <category>
   T-shirt
  </category>
  <size>
   M
  </size>
  <color>
   Желтый
  </color>
  <material>
   Вискоза
  </material>
  <price>
   976485
  </price>
  <rating>
   1.29
  </rating>
  <reviews>
   340633
  </reviews>
  <new>
   +
  </new>
  <exclusive>
   yes
  </exclusive>
  <sporty>
   no
  </sporty>
 </clothing>
 <clothing>
  <id>
   483213997
  </id>
  <name>
   Lacoste Gloves E-3759
  </name>
  <category>
   Gloves
  </category>
  <size>
   XL
  </size>
  <color>
   Оранжевый
  </color>
  <material>
   Кожа
  </material>
  <price>
   415672
  </price>
  <rating>
   3.84
  </rating>
  <reviews>
   724322
  </reviews>
 </clothing>
 <clothing>
  <id>
   973572166
  </id>
  <name>
   Ellesse Belts K-2348
  </name>
  <category>
   Belts
  </category>
  <size>
   L
  </size>
  <color>
   Зеленый
  </color>
  <material>
   Хлопок
  </material>
  <price>
   103184
  </price>
  <rating>
   2.18
  </rating>
  <reviews>
   970460
  </reviews>
 </clothing>
 <clothing>
  <id>
   170843757
  </id>
  <name>
   Adidas Jacket S-3282
  </name>
  <category>
   Jacket
  </category>
  <size>
   M
  </size>
  <color>
   Голубой
  </color>
  <material>
   Хлопок
  </material>
  <price>
   750330
  </price>
  <rating>
   1.54
  </rating>
  <reviews>
   494126
  </reviews>
  <sporty>
   yes
  </sporty>
 </clothing>
 <clothing>
  <id>
   506279088
  </id>
  <name>
   Puma Skirt W-9168
  </name>
  <category>
   Skirt
  </category>
  <size>
   M
  </size>
  <color>
   Синий
  </color>
  <material>
   Хлопок
  </material>
  <price>
   988576
  </price>
  <rating>
   1.06
  </rating>
  <reviews>
   621332
  </reviews>
  <new>
   +
  </new>
  <exclusive>
   yes
  </exclusive>
 </clothing>
 <clothing>
  <id>
   610433979
  </id>
  <name>
   Brooks Pants F-1980
  </name>
  <category>
   Pants
  </category>
  <size>
   XL
  </size>
  <color>
   Голубой
  </color>
  <material>
   Шелк
  </material>
  <price>
   782981
  </price>
  <rating>
   3.59
  </rating>
  <reviews>
   174667
  </reviews>
  <new>
   -
  </new>
  <exclusive>
   no
  </exclusive>
  <sporty>
   no
  </sporty>
 </clothing>
 <clothing>
  <id>
   421276287
  </id>
  <name>
   Puma T-shirt N-1755
  </name>
  <category>
   T-shirt
  </category>
  <size>
   L
  </size>
  <color>
   Желтый
  </color>
  <material>
   Шелк
  </material>
  <price>
   554694
  </price>
  <rating>
   4.09
  </rating>
  <reviews>
   753142
  </reviews>
  <new>
   -
  </new>
  <exclusive>
   yes
  </exclusive>
 </clothing>
 <clothing>
  <id>
   100778463
  </id>
  <name>
   New Balance Pants V-5504
  </name>
  <category>
   Pants
  </category>
  <size>
   M
  </size>
  <color>
   Синий
  </color>
  <material>
   Лен
  </material>
  <price>
   174950
  </price>
  <rating>
   1.34
  </rating>
  <reviews>
   490090
  </reviews>
  <new>
   +
  </new>
  <exclusive>
   yes
  </exclusive>
 </clothing>
 <clothing>
  <id>
   331418191
  </id>
  <name>
   PleinSport Shirt L-8482
  </name>
  <category>
   Shirt
  </category>
  <size>
   L
  </size>
  <color>
   Оранжевый
  </color>
  <material>
   Хлопок
  </material>
  <price>
   872848
  </price>
  <rating>
   4.45
  </rating>
  <reviews>
   915120
  </reviews>
  <new>
   -
  </new>
  <sporty>
   yes
  </sporty>
 </clothing>
 <clothing>
  <id>
   921280772
  </id>
  <name>
   Asics Shirt Z-9852
  </name>
  <category>
   Shirt
  </category>
  <size>
   XXL
  </size>
  <color>
   Желтый
  </color>
  <material>
   Шелк
  </material>
  <price>
   677247
  </price>
  <rating>
   4.3
  </rating>
  <reviews>
   959067
  </reviews>
  <exclusive>
   no
  </exclusive>
 </clothing>
 <clothing>
  <id>
   295791831
  </id>
  <name>
   Adidas Jeans W-9646
  </name>
  <category>
   Jeans
  </category>
  <size>
   S
  </size>
  <color>
   Зеленый
  </color>
  <material>
   Лен
  </material>
  <price>
   308010
  </price>
  <rating>
   1.36
  </rating>
  <reviews>
   876331
  </reviews>
  <new>
   -
  </new>
  <sporty>
   yes
  </sporty>
 </clothing>
 <clothing>
  <id>
   341658622
  </id>
  <name>
   New Balance Pants U-2850
  </name>
  <category>
   Pants
  </category>
  <size>
   XXL
  </size>
  <color>
   Оранжевый
  </color>
  <material>
   Шерсть
  </material>
  <price>
   981848
  </price>
  <rating>
   3.19
  </rating>
  <reviews>
   434799
  </reviews>
  <exclusive>
   no
  </exclusive>
 </clothing>
 <clothing>
  <id>
   435613780
  </id>
  <name>
   Addidas Socks G-1762
  </name>
  <category>
   Socks
  </category>
  <size>
   L
  </size>
  <color>
   Желтый
  </color>
  <material>
   Вискоза
  </material>
  <price>
   532214
  </price>
  <rating>
   3.7
  </rating>
  <reviews>
   442683
  </reviews>
  <new>
   +
  </new>
  <sporty>
   yes
  </sporty>
 </clothing>
 <clothing>
  <id>
   309382421
  </id>
  <name>
   Converse Shoes J-5943
  </name>
  <category>
   Shoes
  </category>
  <size>
   M
  </size>
  <color>
   Оранжевый
  </color>
  <material>
   Полиэстер
  </material>
  <price>
   488949
  </price>
  <rating>
   1.79
  </rating>
  <reviews>
   174571
  </reviews>
  <exclusive>
   yes
  </exclusive>
  <sporty>
   no
  </sporty>
 </clothing>
 <clothing>
  <id>
   771198854
  </id>
  <name>
   Converse Skirt C-2365
  </name>
  <category>
   Skirt
  </category>
  <size>
   M
  </size>
  <color>
   Синий
  </color>
  <material>
   Лен
  </material>
  <price>
   562227
  </price>
  <rating>
   4.03
  </rating>
  <reviews>
   760431
  </reviews>
  <exclusive>
   no
  </exclusive>
  <sporty>
   no
  </sporty>
 </clothing>
 <clothing>
  <id>
   903718022
  </id>
  <name>
   Converse Pants H-8844
  </name>
  <category>
   Pants
  </category>
  <size>
   XXL
  </size>
  <color>
   Синий
  </color>
  <material>
   Кожа
  </material>
  <price>
   539921
  </price>
  <rating>
   1.11
  </rating>
  <reviews>
   583468
  </reviews>
  <new>
   -
  </new>
  <exclusive>
   no
  </exclusive>
 </clothing>
 <clothing>
  <id>
   720950373
  </id>
  <name>
   PleinSport Belts V-3054
  </name>
  <category>
   Belts
  </category>
  <size>
   M
  </size>
  <color>
   Желтый
  </color>
  <material>
   Кожа
  </material>
  <price>
   836801
  </price>
  <rating>
   3.18
  </rating>
  <reviews>
   527247
  </reviews>
  <exclusive>
   no
  </exclusive>
  <sporty>
   no
  </sporty>
 </clothing>
 <clothing>
  <id>
   722837025
  </id>
  <name>
   Brooks Socks J-2089
  </name>
  <category>
   Socks
  </category>
  <size>
   XXL
  </size>
  <color>
   Синий
  </color>
  <material>
   Вискоза
  </material>
  <price>
   911259
  </price>
  <rating>
   3.52
  </rating>
  <reviews>
   865958
  </reviews>
 </clothing>
 <clothing>
  <id>
   809119766
  </id>
  <name>
   Addidas Blouse I-8772
  </name>
  <category>
   Blouse
  </category>
  <size>
   XL
  </size>
  <color>
   Голубой
  </color>
  <material>
   Хлопок
  </material>
  <price>
   480890
  </price>
  <rating>
   1.08
  </rating>
  <reviews>
   286162
  </reviews>
  <new>
   +
  </new>
  <exclusive>
   yes
  </exclusive>
  <sporty>
   no
  </sporty>
 </clothing>
 <clothing>
  <id>
   953934616
  </id>
  <name>
   Reebok T-shirt T-8684
  </name>
  <category>
   T-shirt
  </category>
  <size>
   M
  </size>
  <color>
   Синий
  </color>
  <material>
   Хлопок
  </material>
  <price>
   538733
  </price>
  <rating>
   2.56
  </rating>
  <reviews>
   193694
  </reviews>
  <exclusive>
   yes
  </exclusive>
  <sporty>
   no
  </sporty>
 </clothing>
 <clothing>
  <id>
   332359446
  </id>
  <name>
   PleinSport Jeans K-7499
  </name>
  <category>
   Jeans
  </category>
  <size>
   L
  </size>
  <color>
   Желтый
  </color>
  <material>
   Вискоза
  </material>
  <price>
   235533
  </price>
  <rating>
   1.73
  </rating>
  <reviews>
   505934
  </reviews>
  <new>
   -
  </new>
  <exclusive>
   no
  </exclusive>
  <sporty>
   yes
  </sporty>
 </clothing>
 <clothing>
  <id>
   903846430
  </id>
  <name>
   PleinSport Dress S-6944
  </name>
  <category>
   Dress
  </category>
  <size>
   S
  </size>
  <color>
   Синий
  </color>
  <material>
   Хлопок
  </material>
  <price>
   105462
  </price>
  <rating>
   4.39
  </rating>
  <reviews>
   612057
  </reviews>
  <sporty>
   no
  </sporty>
 </clothing>
 <clothing>
  <id>
   726102029
  </id>
  <name>
   Nike Belts V-6906
  </name>
  <category>
   Belts
  </category>
  <size>
   XXL
  </size>
  <color>
   Синий
  </color>
  <material>
   Кожа
  </material>
  <price>
   541117
  </price>
  <rating>
   2.03
  </rating>
  <reviews>
   826826
  </reviews>
  <new>
   +
  </new>
 </clothing>
 <clothing>
  <id>
   486125055
  </id>
  <name>
   Ellesse Dress A-3324
  </name>
  <category>
   Dress
  </category>
  <size>
   XXL
  </size>
  <color>
   Зеленый
  </color>
  <material>
   Вискоза
  </material>
  <price>
   898048
  </price>
  <rating>
   1.19
  </rating>
  <reviews>
   44163
  </reviews>
  <new>
   -
  </new>
  <exclusive>
   no
  </exclusive>
 </clothing>
 <clothing>
  <id>
   282218402
  </id>
  <name>
   DC Shirt C-5929
  </name>
  <category>
   Shirt
  </category>
  <size>
   XXL
  </size>
  <color>
   Голубой
  </color>
  <material>
   Вискоза
  </material>
  <price>
   519289
  </price>
  <rating>
   1.82
  </rating>
  <reviews>
   382306
  </reviews>
  <new>
   +
  </new>
  <exclusive>
   no
  </exclusive>
  <sporty>
   no
  </sporty>
 </clothing>
 <clothing>
  <id>
   359073442
  </id>
  <name>
   PleinSport Socks R-1630
  </name>
  <category>
   Socks
  </category>
  <size>
   S
  </size>
  <color>
   Синий
  </color>
  <material>
   Полиэстер
  </material>
  <price>
   754504
  </price>
  <rating>
   2.99
  </rating>
  <reviews>
   407245
  </reviews>
  <new>
   +
  </new>
  <exclusive>
   no
  </exclusive>
  <sporty>
   no
  </sporty>
 </clothing>
 <clothing>
  <id>
   384285376
  </id>
  <name>
   Lacoste Blouse P-9318
  </name>
  <category>
   Blouse
  </category>
  <size>
   L
  </size>
  <color>
   Оранжевый
  </color>
  <material>
   Шелк
  </material>
  <price>
   343315
  </price>
  <rating>
   1.7
  </rating>
  <reviews>
   966540
  </reviews>
  <new>
   +
  </new>
  <exclusive>
   no
  </exclusive>
 </clothing>
 <clothing>
  <id>
   294632650
  </id>
  <name>
   Asics Blouse R-4054
  </name>
  <category>
   Blouse
  </category>
  <size>
   XL
  </size>
  <color>
   Зеленый
  </color>
  <material>
   Вискоза
  </material>
  <price>
   446661
  </price>
  <rating>
   1.49
  </rating>
  <reviews>
   615675
  </reviews>
  <exclusive>
   no
  </exclusive>
 </clothing>
</clothing-items>
