<?xml version="1.0" encoding="utf-8"?>
<clothing-items>
 <clothing>
  <id>
   794027767
  </id>
  <name>
   Converse Jacket T-6649
  </name>
  <category>
   Jacket
  </category>
  <size>
   M
  </size>
  <color>
   Желтый
  </color>
  <material>
   Лен
  </material>
  <price>
   994952
  </price>
  <rating>
   1.79
  </rating>
  <reviews>
   876273
  </reviews>
 </clothing>
 <clothing>
  <id>
   516857445
  </id>
  <name>
   Ellesse Skirt S-6438
  </name>
  <category>
   Skirt
  </category>
  <size>
   L
  </size>
  <color>
   Фиолетовый
  </color>
  <material>
   Шерсть
  </material>
  <price>
   221941
  </price>
  <rating>
   4.41
  </rating>
  <reviews>
   988718
  </reviews>
  <exclusive>
   yes
  </exclusive>
  <sporty>
   no
  </sporty>
 </clothing>
 <clothing>
  <id>
   499443844
  </id>
  <name>
   New Balance Socks F-9667
  </name>
  <category>
   Socks
  </category>
  <size>
   L
  </size>
  <color>
   Фиолетовый
  </color>
  <material>
   Кожа
  </material>
  <price>
   339719
  </price>
  <rating>
   2.56
  </rating>
  <reviews>
   884224
  </reviews>
  <new>
   -
  </new>
  <sporty>
   yes
  </sporty>
 </clothing>
 <clothing>
  <id>
   810428696
  </id>
  <name>
   Adidas Belts A-4908
  </name>
  <category>
   Belts
  </category>
  <size>
   XXL
  </size>
  <color>
   Зеленый
  </color>
  <material>
   Кожа
  </material>
  <price>
   654240
  </price>
  <rating>
   4.28
  </rating>
  <reviews>
   112601
  </reviews>
  <new>
   -
  </new>
  <exclusive>
   no
  </exclusive>
  <sporty>
   no
  </sporty>
 </clothing>
 <clothing>
  <id>
   668956585
  </id>
  <name>
   Ellesse Handbags S-6335
  </name>
  <category>
   Handbags
  </category>
  <size>
   L
  </size>
  <color>
   Голубой
  </color>
  <material>
   Нейлон
  </material>
  <price>
   846541
  </price>
  <rating>
   3.58
  </rating>
  <reviews>
   347930
  </reviews>
  <new>
   +
  </new>
  <exclusive>
   yes
  </exclusive>
  <sporty>
   yes
  </sporty>
 </clothing>
 <clothing>
  <id>
   976489743
  </id>
  <name>
   New Balance Dress L-6049
  </name>
  <category>
   Dress
  </category>
  <size>
   XXL
  </size>
  <color>
   Зеленый
  </color>
  <material>
   Шерсть
  </material>
  <price>
   507458
  </price>
  <rating>
   4.89
  </rating>
  <reviews>
   747425
  </reviews>
 </clothing>
 <clothing>
  <id>
   478349321
  </id>
  <name>
   New Balance Pants P-5500
  </name>
  <category>
   Pants
  </category>
  <size>
   S
  </size>
  <color>
   Желтый
  </color>
  <material>
   Лен
  </material>
  <price>
   380006
  </price>
  <rating>
   4.39
  </rating>
  <reviews>
   546833
  </reviews>
  <new>
   -
  </new>
  <exclusive>
   no
  </exclusive>
 </clothing>
 <clothing>
  <id>
   518184336
  </id>
  <name>
   Asics Socks V-5216
  </name>
  <category>
   Socks
  </category>
  <size>
   XL
  </size>
  <color>
   Голубой
  </color>
  <material>
   Полиэстер
  </material>
  <price>
   553864
  </price>
  <rating>
   2.73
  </rating>
  <reviews>
   930650
  </reviews>
  <new>
   +
  </new>
  <exclusive>
   no
  </exclusive>
  <sporty>
   yes
  </sporty>
 </clothing>
 <clothing>
  <id>
   241681336
  </id>
  <name>
   Converse Shoes S-8911
  </name>
  <category>
   Shoes
  </category>
  <size>
   XXL
  </size>
  <color>
   Зеленый
  </color>
  <material>
   Вискоза
  </material>
  <price>
   924120
  </price>
  <rating>
   1.6
  </rating>
  <reviews>
   388824
  </reviews>
  <new>
   -
  </new>
  <sporty>
   no
  </sporty>
 </clothing>
 <clothing>
  <id>
   105621687
  </id>
  <name>
   Adidas Blouse H-3004
  </name>
  <category>
   Blouse
  </category>
  <size>
   XL
  </size>
  <color>
   Красный
  </color>
  <material>
   Вискоза
  </material>
  <price>
   811606
  </price>
  <rating>
   3.49
  </rating>
  <reviews>
   457853
  </reviews>
  <new>
   -
  </new>
  <exclusive>
   no
  </exclusive>
  <sporty>
   yes
  </sporty>
 </clothing>
 <clothing>
  <id>
   819248593
  </id>
  <name>
   Fila Shoes Q-5093
  </name>
  <category>
   Shoes
  </category>
  <size>
   XL
  </size>
  <color>
   Голубой
  </color>
  <material>
   Шерсть
  </material>
  <price>
   617288
  </price>
  <rating>
   4.9
  </rating>
  <reviews>
   895156
  </reviews>
  <new>
   -
  </new>
  <exclusive>
   no
  </exclusive>
  <sporty>
   no
  </sporty>
 </clothing>
 <clothing>
  <id>
   539810232
  </id>
  <name>
   Ellesse Handbags K-4919
  </name>
  <category>
   Handbags
  </category>
  <size>
   L
  </size>
  <color>
   Красный
  </color>
  <material>
   Полиэстер
  </material>
  <price>
   829357
  </price>
  <rating>
   4.35
  </rating>
  <reviews>
   870559
  </reviews>
  <exclusive>
   no
  </exclusive>
  <sporty>
   no
  </sporty>
 </clothing>
 <clothing>
  <id>
   457472532
  </id>
  <name>
   Addidas Sweater J-3736
  </name>
  <category>
   Sweater
  </category>
  <size>
   L
  </size>
  <color>
   Красный
  </color>
  <material>
   Нейлон
  </material>
  <price>
   276508
  </price>
  <rating>
   2.58
  </rating>
  <reviews>
   689248
  </reviews>
  <new>
   -
  </new>
  <exclusive>
   no
  </exclusive>
  <sporty>
   no
  </sporty>
 </clothing>
 <clothing>
  <id>
   223965761
  </id>
  <name>
   Adidas T-shirt P-9205
  </name>
  <category>
   T-shirt
  </category>
  <size>
   XXL
  </size>
  <color>
   Фиолетовый
  </color>
  <material>
   Шерсть
  </material>
  <price>
   437679
  </price>
  <rating>
   4.75
  </rating>
  <reviews>
   953307
  </reviews>
  <new>
   -
  </new>
  <sporty>
   no
  </sporty>
 </clothing>
 <clothing>
  <id>
   133783255
  </id>
  <name>
   Adidas Belts X-3913
  </name>
  <category>
   Belts
  </category>
  <size>
   XL
  </size>
  <color>
   Зеленый
  </color>
  <material>
   Полиэстер
  </material>
  <price>
   551862
  </price>
  <rating>
   1.8
  </rating>
  <reviews>
   773065
  </reviews>
  <new>
   -
  </new>
  <sporty>
   no
  </sporty>
 </clothing>
 <clothing>
  <id>
   529845926
  </id>
  <name>
   DC Hat V-5419
  </name>
  <category>
   Hat
  </category>
  <size>
   XL
  </size>
  <color>
   Фиолетовый
  </color>
  <material>
   Кожа
  </material>
  <price>
   720905
  </price>
  <rating>
   1.68
  </rating>
  <reviews>
   94464
  </reviews>
  <new>
   -
  </new>
  <exclusive>
   no
  </exclusive>
  <sporty>
   no
  </sporty>
 </clothing>
 <clothing>
  <id>
   887510693
  </id>
  <name>
   Converse Shoes P-6474
  </name>
  <category>
   Shoes
  </category>
  <size>
   M
  </size>
  <color>
   Синий
  </color>
  <material>
   Лен
  </material>
  <price>
   454708
  </price>
  <rating>
   2.07
  </rating>
  <reviews>
   422389
  </reviews>
  <new>
   -
  </new>
  <sporty>
   no
  </sporty>
 </clothing>
 <clothing>
  <id>
   377973859
  </id>
  <name>
   Puma T-shirt G-3518
  </name>
  <category>
   T-shirt
  </category>
  <size>
   L
  </size>
  <color>
   Зеленый
  </color>
  <material>
   Полиэстер
  </material>
  <price>
   574538
  </price>
  <rating>
   4.54
  </rating>
  <reviews>
   640776
  </reviews>
 </clothing>
 <clothing>
  <id>
   146936187
  </id>
  <name>
   Vans Jeans C-3011
  </name>
  <category>
   Jeans
  </category>
  <size>
   XL
  </size>
  <color>
   Голубой
  </color>
  <material>
   Шерсть
  </material>
  <price>
   702722
  </price>
  <rating>
   2.37
  </rating>
  <reviews>
   795669
  </reviews>
  <new>
   -
  </new>
 </clothing>
 <clothing>
  <id>
   793837250
  </id>
  <name>
   Vans Jacket K-6332
  </name>
  <category>
   Jacket
  </category>
  <size>
   L
  </size>
  <color>
   Оранжевый
  </color>
  <material>
   Кожа
  </material>
  <price>
   920326
  </price>
  <rating>
   2.91
  </rating>
  <reviews>
   353767
  </reviews>
  <exclusive>
   no
  </exclusive>
  <sporty>
   yes
  </sporty>
 </clothing>
 <clothing>
  <id>
   548487710
  </id>
  <name>
   PleinSport Shoes K-8598
  </name>
  <category>
   Shoes
  </category>
  <size>
   XXL
  </size>
  <color>
   Синий
  </color>
  <material>
   Лен
  </material>
  <price>
   619226
  </price>
  <rating>
   2.95
  </rating>
  <reviews>
   187714
  </reviews>
  <new>
   -
  </new>
  <exclusive>
   yes
  </exclusive>
  <sporty>
   yes
  </sporty>
 </clothing>
 <clothing>
  <id>
   822072358
  </id>
  <name>
   Brooks Dress G-3710
  </name>
  <category>
   Dress
  </category>
  <size>
   XL
  </size>
  <color>
   Оранжевый
  </color>
  <material>
   Нейлон
  </material>
  <price>
   665596
  </price>
  <rating>
   1.57
  </rating>
  <reviews>
   177419
  </reviews>
  <new>
   +
  </new>
  <sporty>
   yes
  </sporty>
 </clothing>
 <clothing>
  <id>
   599708481
  </id>
  <name>
   Fila Dress Z-3099
  </name>
  <category>
   Dress
  </category>
  <size>
   M
  </size>
  <color>
   Красный
  </color>
  <material>
   Лен
  </material>
  <price>
   284142
  </price>
  <rating>
   4.66
  </rating>
  <reviews>
   590764
  </reviews>
  <new>
   -
  </new>
 </clothing>
 <clothing>
  <id>
   878425458
  </id>
  <name>
   Lacoste Dress L-1968
  </name>
  <category>
   Dress
  </category>
  <size>
   XXL
  </size>
  <color>
   Фиолетовый
  </color>
  <material>
   Нейлон
  </material>
  <price>
   931604
  </price>
  <rating>
   4.14
  </rating>
  <reviews>
   195162
  </reviews>
  <sporty>
   yes
  </sporty>
 </clothing>
 <clothing>
  <id>
   525583881
  </id>
  <name>
   Addidas Handbags O-4636
  </name>
  <category>
   Handbags
  </category>
  <size>
   XL
  </size>
  <color>
   Голубой
  </color>
  <material>
   Вискоза
  </material>
  <price>
   233945
  </price>
  <rating>
   1.16
  </rating>
  <reviews>
   143457
  </reviews>
  <new>
   +
  </new>
  <sporty>
   yes
  </sporty>
 </clothing>
 <clothing>
  <id>
   715530982
  </id>
  <name>
   Fila Gloves I-2339
  </name>
  <category>
   Gloves
  </category>
  <size>
   XXL
  </size>
  <color>
   Синий
  </color>
  <material>
   Кожа
  </material>
  <price>
   983437
  </price>
  <rating>
   4.33
  </rating>
  <reviews>
   366254
  </reviews>
  <new>
   -
  </new>
  <exclusive>
   no
  </exclusive>
 </clothing>
 <clothing>
  <id>
   410388718
  </id>
  <name>
   Converse Umbrellas A-2057
  </name>
  <category>
   Umbrellas
  </category>
  <size>
   XL
  </size>
  <color>
   Голубой
  </color>
  <material>
   Шелк
  </material>
  <price>
   539546
  </price>
  <rating>
   4.29
  </rating>
  <reviews>
   388907
  </reviews>
  <new>
   +
  </new>
  <exclusive>
   yes
  </exclusive>
  <sporty>
   yes
  </sporty>
 </clothing>
 <clothing>
  <id>
   197789738
  </id>
  <name>
   Adidas Pants H-6476
  </name>
  <category>
   Pants
  </category>
  <size>
   S
  </size>
  <color>
   Желтый
  </color>
  <material>
   Кожа
  </material>
  <price>
   545801
  </price>
  <rating>
   1.53
  </rating>
  <reviews>
   635701
  </reviews>
  <new>
   -
  </new>
  <exclusive>
   yes
  </exclusive>
  <sporty>
   yes
  </sporty>
 </clothing>
 <clothing>
  <id>
   878778751
  </id>
  <name>
   Adidas Socks D-4933
  </name>
  <category>
   Socks
  </category>
  <size>
   XXL
  </size>
  <color>
   Синий
  </color>
  <material>
   Шерсть
  </material>
  <price>
   692175
  </price>
  <rating>
   3.84
  </rating>
  <reviews>
   36600
  </reviews>
  <exclusive>
   no
  </exclusive>
  <sporty>
   yes
  </sporty>
 </clothing>
 <clothing>
  <id>
   271291062
  </id>
  <name>
   Asics Skirt J-4227
  </name>
  <category>
   Skirt
  </category>
  <size>
   L
  </size>
  <color>
   Желтый
  </color>
  <material>
   Шелк
  </material>
  <price>
   521269
  </price>
  <rating>
   3.71
  </rating>
  <reviews>
   131707
  </reviews>
  <new>
   -
  </new>
  <exclusive>
   yes
  </exclusive>
  <sporty>
   yes
  </sporty>
 </clothing>
 <clothing>
  <id>
   512827350
  </id>
  <name>
   Under Armour T-shirt C-8358
  </name>
  <category>
   T-shirt
  </category>
  <size>
   XL
  </size>
  <color>
   Синий
  </color>
  <material>
   Лен
  </material>
  <price>
   885667
  </price>
  <rating>
   3.63
  </rating>
  <reviews>
   763142
  </reviews>
  <sporty>
   no
  </sporty>
 </clothing>
 <clothing>
  <id>
   228315738
  </id>
  <name>
   Vans Skirt Q-5280
  </name>
  <category>
   Skirt
  </category>
  <size>
   S
  </size>
  <color>
   Красный
  </color>
  <material>
   Вискоза
  </material>
  <price>
   843274
  </price>
  <rating>
   3.98
  </rating>
  <reviews>
   707467
  </reviews>
  <exclusive>
   no
  </exclusive>
  <sporty>
   no
  </sporty>
 </clothing>
 <clothing>
  <id>
   852211490
  </id>
  <name>
   Under Armour Jeans P-3580
  </name>
  <category>
   Jeans
  </category>
  <size>
   L
  </size>
  <color>
   Оранжевый
  </color>
  <material>
   Шелк
  </material>
  <price>
   260773
  </price>
  <rating>
   3.79
  </rating>
  <reviews>
   714720
  </reviews>
  <exclusive>
   no
  </exclusive>
  <sporty>
   yes
  </sporty>
 </clothing>
 <clothing>
  <id>
   847680306
  </id>
  <name>
   Under Armour Jacket D-5199
  </name>
  <category>
   Jacket
  </category>
  <size>
   S
  </size>
  <color>
   Синий
  </color>
  <material>
   Хлопок
  </material>
  <price>
   646358
  </price>
  <rating>
   4.26
  </rating>
  <reviews>
   471084
  </reviews>
  <new>
   -
  </new>
  <exclusive>
   no
  </exclusive>
  <sporty>
   no
  </sporty>
 </clothing>
 <clothing>
  <id>
   644237261
  </id>
  <name>
   Converse T-shirt B-8032
  </name>
  <category>
   T-shirt
  </category>
  <size>
   XXL
  </size>
  <color>
   Фиолетовый
  </color>
  <material>
   Кожа
  </material>
  <price>
   130148
  </price>
  <rating>
   4.88
  </rating>
  <reviews>
   233005
  </reviews>
  <exclusive>
   no
  </exclusive>
 </clothing>
 <clothing>
  <id>
   797276620
  </id>
  <name>
   New Balance Pants M-6814
  </name>
  <category>
   Pants
  </category>
  <size>
   M
  </size>
  <color>
   Желтый
  </color>
  <material>
   Кожа
  </material>
  <price>
   107542
  </price>
  <rating>
   1.6
  </rating>
  <reviews>
   390515
  </reviews>
  <new>
   -
  </new>
 </clothing>
 <clothing>
  <id>
   424057626
  </id>
  <name>
   Brooks Jeans X-1145
  </name>
  <category>
   Jeans
  </category>
  <size>
   S
  </size>
  <color>
   Синий
  </color>
  <material>
   Хлопок
  </material>
  <price>
   102100
  </price>
  <rating>
   3.76
  </rating>
  <reviews>
   494249
  </reviews>
  <exclusive>
   yes
  </exclusive>
  <sporty>
   no
  </sporty>
 </clothing>
</clothing-items>
