<?xml version="1.0" encoding="utf-8"?>
<clothing-items>
 <clothing>
  <id>
   484873143
  </id>
  <name>
   Addidas Dress G-9059
  </name>
  <category>
   Dress
  </category>
  <size>
   XXL
  </size>
  <color>
   Оранжевый
  </color>
  <material>
   Хлопок
  </material>
  <price>
   860555
  </price>
  <rating>
   3.31
  </rating>
  <reviews>
   170802
  </reviews>
  <new>
   +
  </new>
  <exclusive>
   no
  </exclusive>
 </clothing>
 <clothing>
  <id>
   138032348
  </id>
  <name>
   Lacoste Blouse T-9719
  </name>
  <category>
   Blouse
  </category>
  <size>
   M
  </size>
  <color>
   Голубой
  </color>
  <material>
   Кожа
  </material>
  <price>
   417447
  </price>
  <rating>
   4.69
  </rating>
  <reviews>
   637234
  </reviews>
  <new>
   -
  </new>
  <sporty>
   no
  </sporty>
 </clothing>
 <clothing>
  <id>
   568579650
  </id>
  <name>
   Puma Sweater D-7043
  </name>
  <category>
   Sweater
  </category>
  <size>
   L
  </size>
  <color>
   Голубой
  </color>
  <material>
   Вискоза
  </material>
  <price>
   833678
  </price>
  <rating>
   3.62
  </rating>
  <reviews>
   97950
  </reviews>
  <sporty>
   no
  </sporty>
 </clothing>
 <clothing>
  <id>
   353510997
  </id>
  <name>
   Nike Blouse P-3342
  </name>
  <category>
   Blouse
  </category>
  <size>
   M
  </size>
  <color>
   Оранжевый
  </color>
  <material>
   Лен
  </material>
  <price>
   755806
  </price>
  <rating>
   3.17
  </rating>
  <reviews>
   722041
  </reviews>
  <exclusive>
   no
  </exclusive>
 </clothing>
 <clothing>
  <id>
   396210427
  </id>
  <name>
   Fila Sweater N-5728
  </name>
  <category>
   Sweater
  </category>
  <size>
   L
  </size>
  <color>
   Желтый
  </color>
  <material>
   Хлопок
  </material>
  <price>
   677947
  </price>
  <rating>
   3.89
  </rating>
  <reviews>
   967315
  </reviews>
  <exclusive>
   yes
  </exclusive>
  <sporty>
   yes
  </sporty>
 </clothing>
 <clothing>
  <id>
   924871444
  </id>
  <name>
   DC Hat Z-3593
  </name>
  <category>
   Hat
  </category>
  <size>
   S
  </size>
  <color>
   Синий
  </color>
  <material>
   Кожа
  </material>
  <price>
   264894
  </price>
  <rating>
   4.34
  </rating>
  <reviews>
   625510
  </reviews>
  <new>
   -
  </new>
  <exclusive>
   yes
  </exclusive>
  <sporty>
   no
  </sporty>
 </clothing>
 <clothing>
  <id>
   293214883
  </id>
  <name>
   Asics T-shirt N-4131
  </name>
  <category>
   T-shirt
  </category>
  <size>
   XXL
  </size>
  <color>
   Оранжевый
  </color>
  <material>
   Хлопок
  </material>
  <price>
   595765
  </price>
  <rating>
   2.48
  </rating>
  <reviews>
   678521
  </reviews>
  <exclusive>
   no
  </exclusive>
 </clothing>
 <clothing>
  <id>
   729911516
  </id>
  <name>
   Vans Blouse R-8639
  </name>
  <category>
   Blouse
  </category>
  <size>
   S
  </size>
  <color>
   Желтый
  </color>
  <material>
   Вискоза
  </material>
  <price>
   794588
  </price>
  <rating>
   1.48
  </rating>
  <reviews>
   47349
  </reviews>
  <new>
   -
  </new>
  <sporty>
   yes
  </sporty>
 </clothing>
 <clothing>
  <id>
   972100956
  </id>
  <name>
   Lacoste Belts P-7112
  </name>
  <category>
   Belts
  </category>
  <size>
   XXL
  </size>
  <color>
   Зеленый
  </color>
  <material>
   Кожа
  </material>
  <price>
   202825
  </price>
  <rating>
   3.54
  </rating>
  <reviews>
   550746
  </reviews>
  <new>
   -
  </new>
  <sporty>
   no
  </sporty>
 </clothing>
 <clothing>
  <id>
   136113162
  </id>
  <name>
   DC Hat K-9088
  </name>
  <category>
   Hat
  </category>
  <size>
   S
  </size>
  <color>
   Фиолетовый
  </color>
  <material>
   Кожа
  </material>
  <price>
   310032
  </price>
  <rating>
   1.61
  </rating>
  <reviews>
   888242
  </reviews>
  <new>
   -
  </new>
  <sporty>
   no
  </sporty>
 </clothing>
 <clothing>
  <id>
   332847255
  </id>
  <name>
   Lacoste Socks O-1176
  </name>
  <category>
   Socks
  </category>
  <size>
   XL
  </size>
  <color>
   Оранжевый
  </color>
  <material>
   Кожа
  </material>
  <price>
   890726
  </price>
  <rating>
   4.07
  </rating>
  <reviews>
   568627
  </reviews>
  <new>
   +
  </new>
  <sporty>
   no
  </sporty>
 </clothing>
 <clothing>
  <id>
   378896499
  </id>
  <name>
   Nike Sweater M-3538
  </name>
  <category>
   Sweater
  </category>
  <size>
   XXL
  </size>
  <color>
   Оранжевый
  </color>
  <material>
   Хлопок
  </material>
  <price>
   680228
  </price>
  <rating>
   4.16
  </rating>
  <reviews>
   245188
  </reviews>
  <new>
   -
  </new>
  <exclusive>
   no
  </exclusive>
  <sporty>
   yes
  </sporty>
 </clothing>
 <clothing>
  <id>
   335676295
  </id>
  <name>
   Converse Hat K-4776
  </name>
  <category>
   Hat
  </category>
  <size>
   XXL
  </size>
  <color>
   Желтый
  </color>
  <material>
   Вискоза
  </material>
  <price>
   833119
  </price>
  <rating>
   3.68
  </rating>
  <reviews>
   312408
  </reviews>
  <exclusive>
   no
  </exclusive>
 </clothing>
</clothing-items>
