<?xml version="1.0" encoding="utf-8"?>
<clothing-items>
 <clothing>
  <id>
   255686342
  </id>
  <name>
   Fila T-shirt V-1429
  </name>
  <category>
   T-shirt
  </category>
  <size>
   XL
  </size>
  <color>
   Желтый
  </color>
  <material>
   Вискоза
  </material>
  <price>
   946499
  </price>
  <rating>
   2.05
  </rating>
  <reviews>
   134437
  </reviews>
 </clothing>
 <clothing>
  <id>
   258939515
  </id>
  <name>
   Converse Jeans M-2552
  </name>
  <category>
   Jeans
  </category>
  <size>
   S
  </size>
  <color>
   Синий
  </color>
  <material>
   Кожа
  </material>
  <price>
   801154
  </price>
  <rating>
   3.97
  </rating>
  <reviews>
   156421
  </reviews>
  <new>
   -
  </new>
  <exclusive>
   no
  </exclusive>
 </clothing>
 <clothing>
  <id>
   591214565
  </id>
  <name>
   Converse Shoes A-7742
  </name>
  <category>
   Shoes
  </category>
  <size>
   XL
  </size>
  <color>
   Зеленый
  </color>
  <material>
   Кожа
  </material>
  <price>
   224032
  </price>
  <rating>
   3.05
  </rating>
  <reviews>
   34927
  </reviews>
  <new>
   -
  </new>
  <exclusive>
   yes
  </exclusive>
  <sporty>
   no
  </sporty>
 </clothing>
 <clothing>
  <id>
   221065638
  </id>
  <name>
   Brooks Jeans J-1536
  </name>
  <category>
   Jeans
  </category>
  <size>
   M
  </size>
  <color>
   Оранжевый
  </color>
  <material>
   Кожа
  </material>
  <price>
   726854
  </price>
  <rating>
   4.79
  </rating>
  <reviews>
   200555
  </reviews>
  <new>
   -
  </new>
  <exclusive>
   yes
  </exclusive>
 </clothing>
 <clothing>
  <id>
   132775590
  </id>
  <name>
   Brooks Gloves C-2759
  </name>
  <category>
   Gloves
  </category>
  <size>
   M
  </size>
  <color>
   Оранжевый
  </color>
  <material>
   Нейлон
  </material>
  <price>
   125691
  </price>
  <rating>
   3.82
  </rating>
  <reviews>
   110099
  </reviews>
  <new>
   -
  </new>
  <exclusive>
   no
  </exclusive>
  <sporty>
   no
  </sporty>
 </clothing>
 <clothing>
  <id>
   915497242
  </id>
  <name>
   DC Skirt T-4194
  </name>
  <category>
   Skirt
  </category>
  <size>
   XXL
  </size>
  <color>
   Голубой
  </color>
  <material>
   Лен
  </material>
  <price>
   405222
  </price>
  <rating>
   1.64
  </rating>
  <reviews>
   97193
  </reviews>
  <new>
   +
  </new>
  <exclusive>
   no
  </exclusive>
 </clothing>
 <clothing>
  <id>
   817838747
  </id>
  <name>
   PleinSport Shoes C-8031
  </name>
  <category>
   Shoes
  </category>
  <size>
   M
  </size>
  <color>
   Зеленый
  </color>
  <material>
   Нейлон
  </material>
  <price>
   883400
  </price>
  <rating>
   4.9
  </rating>
  <reviews>
   903832
  </reviews>
  <exclusive>
   no
  </exclusive>
  <sporty>
   no
  </sporty>
 </clothing>
 <clothing>
  <id>
   493409685
  </id>
  <name>
   Vans Sweater E-9689
  </name>
  <category>
   Sweater
  </category>
  <size>
   L
  </size>
  <color>
   Красный
  </color>
  <material>
   Вискоза
  </material>
  <price>
   257281
  </price>
  <rating>
   3.7
  </rating>
  <reviews>
   911486
  </reviews>
  <new>
   -
  </new>
  <exclusive>
   no
  </exclusive>
 </clothing>
 <clothing>
  <id>
   717722179
  </id>
  <name>
   Fila Blouse R-2371
  </name>
  <category>
   Blouse
  </category>
  <size>
   XXL
  </size>
  <color>
   Зеленый
  </color>
  <material>
   Хлопок
  </material>
  <price>
   398198
  </price>
  <rating>
   2.12
  </rating>
  <reviews>
   874657
  </reviews>
  <new>
   +
  </new>
  <exclusive>
   no
  </exclusive>
  <sporty>
   yes
  </sporty>
 </clothing>
 <clothing>
  <id>
   604352483
  </id>
  <name>
   Converse Sweater S-4381
  </name>
  <category>
   Sweater
  </category>
  <size>
   XL
  </size>
  <color>
   Оранжевый
  </color>
  <material>
   Кожа
  </material>
  <price>
   146466
  </price>
  <rating>
   2.52
  </rating>
  <reviews>
   614672
  </reviews>
  <exclusive>
   yes
  </exclusive>
  <sporty>
   yes
  </sporty>
 </clothing>
 <clothing>
  <id>
   739419695
  </id>
  <name>
   Adidas Umbrellas R-3412
  </name>
  <category>
   Umbrellas
  </category>
  <size>
   L
  </size>
  <color>
   Красный
  </color>
  <material>
   Полиэстер
  </material>
  <price>
   373269
  </price>
  <rating>
   3.91
  </rating>
  <reviews>
   155309
  </reviews>
  <new>
   +
  </new>
  <exclusive>
   yes
  </exclusive>
  <sporty>
   no
  </sporty>
 </clothing>
 <clothing>
  <id>
   851411321
  </id>
  <name>
   Under Armour Sweater F-8152
  </name>
  <category>
   Sweater
  </category>
  <size>
   L
  </size>
  <color>
   Красный
  </color>
  <material>
   Лен
  </material>
  <price>
   803103
  </price>
  <rating>
   3.04
  </rating>
  <reviews>
   741284
  </reviews>
  <exclusive>
   yes
  </exclusive>
  <sporty>
   yes
  </sporty>
 </clothing>
 <clothing>
  <id>
   942337333
  </id>
  <name>
   Reebok Gloves N-9705
  </name>
  <category>
   Gloves
  </category>
  <size>
   XL
  </size>
  <color>
   Синий
  </color>
  <material>
   Кожа
  </material>
  <price>
   841084
  </price>
  <rating>
   2.1
  </rating>
  <reviews>
   197720
  </reviews>
  <sporty>
   no
  </sporty>
 </clothing>
 <clothing>
  <id>
   140270408
  </id>
  <name>
   Puma Pants X-3936
  </name>
  <category>
   Pants
  </category>
  <size>
   S
  </size>
  <color>
   Желтый
  </color>
  <material>
   Лен
  </material>
  <price>
   263027
  </price>
  <rating>
   2.99
  </rating>
  <reviews>
   267050
  </reviews>
 </clothing>
 <clothing>
  <id>
   284032831
  </id>
  <name>
   Ellesse Shirt J-1080
  </name>
  <category>
   Shirt
  </category>
  <size>
   L
  </size>
  <color>
   Синий
  </color>
  <material>
   Шелк
  </material>
  <price>
   173580
  </price>
  <rating>
   1.18
  </rating>
  <reviews>
   695241
  </reviews>
  <new>
   -
  </new>
  <exclusive>
   no
  </exclusive>
  <sporty>
   no
  </sporty>
 </clothing>
 <clothing>
  <id>
   764652562
  </id>
  <name>
   Adidas Gloves O-8932
  </name>
  <category>
   Gloves
  </category>
  <size>
   S
  </size>
  <color>
   Красный
  </color>
  <material>
   Хлопок
  </material>
  <price>
   237257
  </price>
  <rating>
   1.65
  </rating>
  <reviews>
   546861
  </reviews>
  <sporty>
   no
  </sporty>
 </clothing>
 <clothing>
  <id>
   743469251
  </id>
  <name>
   Adidas Gloves O-1087
  </name>
  <category>
   Gloves
  </category>
  <size>
   M
  </size>
  <color>
   Синий
  </color>
  <material>
   Нейлон
  </material>
  <price>
   671958
  </price>
  <rating>
   2.67
  </rating>
  <reviews>
   748155
  </reviews>
  <exclusive>
   no
  </exclusive>
  <sporty>
   no
  </sporty>
 </clothing>
 <clothing>
  <id>
   570455091
  </id>
  <name>
   Asics Sweater W-3531
  </name>
  <category>
   Sweater
  </category>
  <size>
   XXL
  </size>
  <color>
   Зеленый
  </color>
  <material>
   Вискоза
  </material>
  <price>
   853656
  </price>
  <rating>
   1.96
  </rating>
  <reviews>
   349961
  </reviews>
  <new>
   +
  </new>
  <sporty>
   no
  </sporty>
 </clothing>
 <clothing>
  <id>
   704389537
  </id>
  <name>
   Fila Jacket G-2442
  </name>
  <category>
   Jacket
  </category>
  <size>
   XL
  </size>
  <color>
   Синий
  </color>
  <material>
   Нейлон
  </material>
  <price>
   173772
  </price>
  <rating>
   2.88
  </rating>
  <reviews>
   887870
  </reviews>
  <new>
   +
  </new>
  <sporty>
   yes
  </sporty>
 </clothing>
 <clothing>
  <id>
   249773275
  </id>
  <name>
   Adidas Jacket Y-8828
  </name>
  <category>
   Jacket
  </category>
  <size>
   XL
  </size>
  <color>
   Синий
  </color>
  <material>
   Вискоза
  </material>
  <price>
   356839
  </price>
  <rating>
   4.89
  </rating>
  <reviews>
   156143
  </reviews>
  <new>
   +
  </new>
  <sporty>
   no
  </sporty>
 </clothing>
 <clothing>
  <id>
   228102999
  </id>
  <name>
   Under Armour Dress Q-2439
  </name>
  <category>
   Dress
  </category>
  <size>
   XL
  </size>
  <color>
   Оранжевый
  </color>
  <material>
   Вискоза
  </material>
  <price>
   100296
  </price>
  <rating>
   2.36
  </rating>
  <reviews>
   414050
  </reviews>
  <new>
   -
  </new>
  <sporty>
   yes
  </sporty>
 </clothing>
</clothing-items>
