<?xml version="1.0" encoding="utf-8"?>
<clothing-items>
 <clothing>
  <id>
   199329594
  </id>
  <name>
   Asics Umbrellas I-2270
  </name>
  <category>
   Umbrellas
  </category>
  <size>
   XL
  </size>
  <color>
   Желтый
  </color>
  <material>
   Шелк
  </material>
  <price>
   562050
  </price>
  <rating>
   1.99
  </rating>
  <reviews>
   810089
  </reviews>
  <new>
   +
  </new>
  <exclusive>
   no
  </exclusive>
  <sporty>
   no
  </sporty>
 </clothing>
 <clothing>
  <id>
   374001755
  </id>
  <name>
   Fila Hat P-6904
  </name>
  <category>
   Hat
  </category>
  <size>
   XL
  </size>
  <color>
   Красный
  </color>
  <material>
   Шерсть
  </material>
  <price>
   944617
  </price>
  <rating>
   3.49
  </rating>
  <reviews>
   369820
  </reviews>
  <new>
   +
  </new>
  <exclusive>
   yes
  </exclusive>
  <sporty>
   no
  </sporty>
 </clothing>
 <clothing>
  <id>
   100992987
  </id>
  <name>
   Brooks Jacket B-4185
  </name>
  <category>
   Jacket
  </category>
  <size>
   XXL
  </size>
  <color>
   Зеленый
  </color>
  <material>
   Вискоза
  </material>
  <price>
   713856
  </price>
  <rating>
   1.96
  </rating>
  <reviews>
   335112
  </reviews>
  <new>
   -
  </new>
  <exclusive>
   yes
  </exclusive>
 </clothing>
 <clothing>
  <id>
   659629517
  </id>
  <name>
   Lacoste Skirt U-9403
  </name>
  <category>
   Skirt
  </category>
  <size>
   M
  </size>
  <color>
   Голубой
  </color>
  <material>
   Лен
  </material>
  <price>
   463543
  </price>
  <rating>
   4.52
  </rating>
  <reviews>
   43088
  </reviews>
  <exclusive>
   yes
  </exclusive>
 </clothing>
 <clothing>
  <id>
   798825276
  </id>
  <name>
   DC T-shirt M-5299
  </name>
  <category>
   T-shirt
  </category>
  <size>
   XL
  </size>
  <color>
   Синий
  </color>
  <material>
   Шерсть
  </material>
  <price>
   848486
  </price>
  <rating>
   4.47
  </rating>
  <reviews>
   499205
  </reviews>
  <sporty>
   yes
  </sporty>
 </clothing>
 <clothing>
  <id>
   340868230
  </id>
  <name>
   Fila Blouse S-8082
  </name>
  <category>
   Blouse
  </category>
  <size>
   M
  </size>
  <color>
   Синий
  </color>
  <material>
   Хлопок
  </material>
  <price>
   595539
  </price>
  <rating>
   1.09
  </rating>
  <reviews>
   902948
  </reviews>
  <new>
   -
  </new>
  <sporty>
   yes
  </sporty>
 </clothing>
 <clothing>
  <id>
   604885269
  </id>
  <name>
   PleinSport Umbrellas A-4962
  </name>
  <category>
   Umbrellas
  </category>
  <size>
   M
  </size>
  <color>
   Зеленый
  </color>
  <material>
   Кожа
  </material>
  <price>
   341738
  </price>
  <rating>
   1.39
  </rating>
  <reviews>
   221820
  </reviews>
  <exclusive>
   no
  </exclusive>
  <sporty>
   no
  </sporty>
 </clothing>
 <clothing>
  <id>
   707164189
  </id>
  <name>
   PleinSport Jacket O-5619
  </name>
  <category>
   Jacket
  </category>
  <size>
   XL
  </size>
  <color>
   Желтый
  </color>
  <material>
   Хлопок
  </material>
  <price>
   700343
  </price>
  <rating>
   2.12
  </rating>
  <reviews>
   352127
  </reviews>
  <new>
   -
  </new>
  <exclusive>
   no
  </exclusive>
  <sporty>
   no
  </sporty>
 </clothing>
 <clothing>
  <id>
   120529720
  </id>
  <name>
   Ellesse Hat U-9191
  </name>
  <category>
   Hat
  </category>
  <size>
   L
  </size>
  <color>
   Желтый
  </color>
  <material>
   Нейлон
  </material>
  <price>
   488923
  </price>
  <rating>
   1.96
  </rating>
  <reviews>
   721460
  </reviews>
  <new>
   -
  </new>
  <exclusive>
   no
  </exclusive>
  <sporty>
   yes
  </sporty>
 </clothing>
 <clothing>
  <id>
   550376514
  </id>
  <name>
   Converse Handbags I-8296
  </name>
  <category>
   Handbags
  </category>
  <size>
   S
  </size>
  <color>
   Синий
  </color>
  <material>
   Хлопок
  </material>
  <price>
   984111
  </price>
  <rating>
   1.6
  </rating>
  <reviews>
   274261
  </reviews>
  <new>
   +
  </new>
  <exclusive>
   yes
  </exclusive>
  <sporty>
   no
  </sporty>
 </clothing>
 <clothing>
  <id>
   739687203
  </id>
  <name>
   Brooks Jacket K-2531
  </name>
  <category>
   Jacket
  </category>
  <size>
   L
  </size>
  <color>
   Голубой
  </color>
  <material>
   Хлопок
  </material>
  <price>
   445939
  </price>
  <rating>
   4.51
  </rating>
  <reviews>
   179667
  </reviews>
  <exclusive>
   yes
  </exclusive>
 </clothing>
 <clothing>
  <id>
   730035032
  </id>
  <name>
   Puma Belts Y-9740
  </name>
  <category>
   Belts
  </category>
  <size>
   L
  </size>
  <color>
   Голубой
  </color>
  <material>
   Шелк
  </material>
  <price>
   974723
  </price>
  <rating>
   2.6
  </rating>
  <reviews>
   533719
  </reviews>
  <exclusive>
   yes
  </exclusive>
  <sporty>
   yes
  </sporty>
 </clothing>
 <clothing>
  <id>
   345290571
  </id>
  <name>
   Ellesse Belts F-1093
  </name>
  <category>
   Belts
  </category>
  <size>
   S
  </size>
  <color>
   Голубой
  </color>
  <material>
   Лен
  </material>
  <price>
   653171
  </price>
  <rating>
   2.34
  </rating>
  <reviews>
   858738
  </reviews>
  <exclusive>
   yes
  </exclusive>
  <sporty>
   yes
  </sporty>
 </clothing>
 <clothing>
  <id>
   721887471
  </id>
  <name>
   Under Armour Skirt L-5190
  </name>
  <category>
   Skirt
  </category>
  <size>
   M
  </size>
  <color>
   Желтый
  </color>
  <material>
   Нейлон
  </material>
  <price>
   155288
  </price>
  <rating>
   3.64
  </rating>
  <reviews>
   357784
  </reviews>
  <sporty>
   yes
  </sporty>
 </clothing>
 <clothing>
  <id>
   732887281
  </id>
  <name>
   DC Umbrellas K-4639
  </name>
  <category>
   Umbrellas
  </category>
  <size>
   S
  </size>
  <color>
   Красный
  </color>
  <material>
   Шерсть
  </material>
  <price>
   210696
  </price>
  <rating>
   1.33
  </rating>
  <reviews>
   401228
  </reviews>
  <exclusive>
   yes
  </exclusive>
 </clothing>
 <clothing>
  <id>
   643809164
  </id>
  <name>
   Addidas Skirt X-4529
  </name>
  <category>
   Skirt
  </category>
  <size>
   L
  </size>
  <color>
   Желтый
  </color>
  <material>
   Лен
  </material>
  <price>
   552304
  </price>
  <rating>
   1.2
  </rating>
  <reviews>
   362587
  </reviews>
  <new>
   +
  </new>
  <sporty>
   no
  </sporty>
 </clothing>
 <clothing>
  <id>
   263534878
  </id>
  <name>
   Under Armour Skirt W-9033
  </name>
  <category>
   Skirt
  </category>
  <size>
   XXL
  </size>
  <color>
   Красный
  </color>
  <material>
   Хлопок
  </material>
  <price>
   768284
  </price>
  <rating>
   3.47
  </rating>
  <reviews>
   3029
  </reviews>
  <new>
   -
  </new>
  <sporty>
   no
  </sporty>
 </clothing>
 <clothing>
  <id>
   320085957
  </id>
  <name>
   Fila Belts H-1355
  </name>
  <category>
   Belts
  </category>
  <size>
   XL
  </size>
  <color>
   Желтый
  </color>
  <material>
   Шерсть
  </material>
  <price>
   793772
  </price>
  <rating>
   3.26
  </rating>
  <reviews>
   552854
  </reviews>
 </clothing>
 <clothing>
  <id>
   769758147
  </id>
  <name>
   Asics Sweater O-9193
  </name>
  <category>
   Sweater
  </category>
  <size>
   L
  </size>
  <color>
   Синий
  </color>
  <material>
   Хлопок
  </material>
  <price>
   555753
  </price>
  <rating>
   3.68
  </rating>
  <reviews>
   783216
  </reviews>
  <new>
   -
  </new>
 </clothing>
 <clothing>
  <id>
   117498146
  </id>
  <name>
   Under Armour Jeans O-3380
  </name>
  <category>
   Jeans
  </category>
  <size>
   S
  </size>
  <color>
   Синий
  </color>
  <material>
   Вискоза
  </material>
  <price>
   679776
  </price>
  <rating>
   3.21
  </rating>
  <reviews>
   52519
  </reviews>
  <sporty>
   yes
  </sporty>
 </clothing>
 <clothing>
  <id>
   650834521
  </id>
  <name>
   Lacoste Socks I-5013
  </name>
  <category>
   Socks
  </category>
  <size>
   XL
  </size>
  <color>
   Голубой
  </color>
  <material>
   Шерсть
  </material>
  <price>
   999020
  </price>
  <rating>
   3.54
  </rating>
  <reviews>
   422495
  </reviews>
  <new>
   -
  </new>
  <sporty>
   no
  </sporty>
 </clothing>
 <clothing>
  <id>
   740244640
  </id>
  <name>
   Nike Umbrellas H-6299
  </name>
  <category>
   Umbrellas
  </category>
  <size>
   XXL
  </size>
  <color>
   Фиолетовый
  </color>
  <material>
   Нейлон
  </material>
  <price>
   996480
  </price>
  <rating>
   1.64
  </rating>
  <reviews>
   901424
  </reviews>
  <new>
   -
  </new>
  <exclusive>
   yes
  </exclusive>
 </clothing>
 <clothing>
  <id>
   193468176
  </id>
  <name>
   Converse T-shirt F-8191
  </name>
  <category>
   T-shirt
  </category>
  <size>
   XXL
  </size>
  <color>
   Зеленый
  </color>
  <material>
   Шелк
  </material>
  <price>
   484535
  </price>
  <rating>
   2.06
  </rating>
  <reviews>
   390605
  </reviews>
  <exclusive>
   no
  </exclusive>
  <sporty>
   no
  </sporty>
 </clothing>
 <clothing>
  <id>
   985992094
  </id>
  <name>
   Ellesse T-shirt H-5271
  </name>
  <category>
   T-shirt
  </category>
  <size>
   XL
  </size>
  <color>
   Красный
  </color>
  <material>
   Кожа
  </material>
  <price>
   435699
  </price>
  <rating>
   1.46
  </rating>
  <reviews>
   82573
  </reviews>
  <new>
   -
  </new>
  <exclusive>
   yes
  </exclusive>
 </clothing>
 <clothing>
  <id>
   537718769
  </id>
  <name>
   Under Armour T-shirt S-7667
  </name>
  <category>
   T-shirt
  </category>
  <size>
   M
  </size>
  <color>
   Желтый
  </color>
  <material>
   Шелк
  </material>
  <price>
   152146
  </price>
  <rating>
   3.3
  </rating>
  <reviews>
   655097
  </reviews>
  <new>
   -
  </new>
  <exclusive>
   no
  </exclusive>
 </clothing>
 <clothing>
  <id>
   937337756
  </id>
  <name>
   DC Jacket G-7752
  </name>
  <category>
   Jacket
  </category>
  <size>
   XL
  </size>
  <color>
   Желтый
  </color>
  <material>
   Кожа
  </material>
  <price>
   516753
  </price>
  <rating>
   2.16
  </rating>
  <reviews>
   541093
  </reviews>
  <new>
   -
  </new>
  <sporty>
   yes
  </sporty>
 </clothing>
 <clothing>
  <id>
   710806247
  </id>
  <name>
   Adidas Pants N-3363
  </name>
  <category>
   Pants
  </category>
  <size>
   XL
  </size>
  <color>
   Фиолетовый
  </color>
  <material>
   Шелк
  </material>
  <price>
   230678
  </price>
  <rating>
   1.39
  </rating>
  <reviews>
   997419
  </reviews>
  <sporty>
   no
  </sporty>
 </clothing>
 <clothing>
  <id>
   275550568
  </id>
  <name>
   DC Gloves F-9007
  </name>
  <category>
   Gloves
  </category>
  <size>
   XL
  </size>
  <color>
   Оранжевый
  </color>
  <material>
   Полиэстер
  </material>
  <price>
   246181
  </price>
  <rating>
   2.98
  </rating>
  <reviews>
   249325
  </reviews>
  <new>
   +
  </new>
  <sporty>
   yes
  </sporty>
 </clothing>
 <clothing>
  <id>
   648239023
  </id>
  <name>
   Nike Socks B-9782
  </name>
  <category>
   Socks
  </category>
  <size>
   S
  </size>
  <color>
   Зеленый
  </color>
  <material>
   Шерсть
  </material>
  <price>
   133816
  </price>
  <rating>
   3.48
  </rating>
  <reviews>
   840929
  </reviews>
  <new>
   +
  </new>
  <exclusive>
   no
  </exclusive>
  <sporty>
   no
  </sporty>
 </clothing>
</clothing-items>
