<?xml version="1.0" encoding="utf-8"?>
<clothing-items>
 <clothing>
  <id>
   732869160
  </id>
  <name>
   Addidas Sweater I-2087
  </name>
  <category>
   Sweater
  </category>
  <size>
   S
  </size>
  <color>
   Зеленый
  </color>
  <material>
   Шелк
  </material>
  <price>
   922266
  </price>
  <rating>
   3.18
  </rating>
  <reviews>
   339624
  </reviews>
  <exclusive>
   yes
  </exclusive>
  <sporty>
   no
  </sporty>
 </clothing>
 <clothing>
  <id>
   784490540
  </id>
  <name>
   Lacoste Shirt R-8656
  </name>
  <category>
   Shirt
  </category>
  <size>
   S
  </size>
  <color>
   Синий
  </color>
  <material>
   Хлопок
  </material>
  <price>
   132013
  </price>
  <rating>
   4.24
  </rating>
  <reviews>
   355134
  </reviews>
  <exclusive>
   yes
  </exclusive>
  <sporty>
   no
  </sporty>
 </clothing>
 <clothing>
  <id>
   372405216
  </id>
  <name>
   Vans Shoes Z-8398
  </name>
  <category>
   Shoes
  </category>
  <size>
   L
  </size>
  <color>
   Синий
  </color>
  <material>
   Шерсть
  </material>
  <price>
   570511
  </price>
  <rating>
   1.08
  </rating>
  <reviews>
   994963
  </reviews>
 </clothing>
 <clothing>
  <id>
   588563237
  </id>
  <name>
   Brooks Belts O-9816
  </name>
  <category>
   Belts
  </category>
  <size>
   XXL
  </size>
  <color>
   Красный
  </color>
  <material>
   Кожа
  </material>
  <price>
   563895
  </price>
  <rating>
   1.79
  </rating>
  <reviews>
   17209
  </reviews>
  <new>
   -
  </new>
  <exclusive>
   no
  </exclusive>
 </clothing>
 <clothing>
  <id>
   761814039
  </id>
  <name>
   PleinSport Sweater U-5661
  </name>
  <category>
   Sweater
  </category>
  <size>
   XL
  </size>
  <color>
   Желтый
  </color>
  <material>
   Вискоза
  </material>
  <price>
   638735
  </price>
  <rating>
   2.26
  </rating>
  <reviews>
   214806
  </reviews>
  <new>
   -
  </new>
  <sporty>
   yes
  </sporty>
 </clothing>
 <clothing>
  <id>
   869437289
  </id>
  <name>
   Ellesse Socks X-1567
  </name>
  <category>
   Socks
  </category>
  <size>
   L
  </size>
  <color>
   Желтый
  </color>
  <material>
   Полиэстер
  </material>
  <price>
   683732
  </price>
  <rating>
   1.14
  </rating>
  <reviews>
   760946
  </reviews>
  <exclusive>
   yes
  </exclusive>
  <sporty>
   yes
  </sporty>
 </clothing>
 <clothing>
  <id>
   112980505
  </id>
  <name>
   PleinSport Gloves T-4307
  </name>
  <category>
   Gloves
  </category>
  <size>
   S
  </size>
  <color>
   Зеленый
  </color>
  <material>
   Полиэстер
  </material>
  <price>
   154459
  </price>
  <rating>
   2.3
  </rating>
  <reviews>
   279640
  </reviews>
  <new>
   -
  </new>
  <exclusive>
   no
  </exclusive>
  <sporty>
   no
  </sporty>
 </clothing>
 <clothing>
  <id>
   555691103
  </id>
  <name>
   Converse Pants R-5219
  </name>
  <category>
   Pants
  </category>
  <size>
   XL
  </size>
  <color>
   Фиолетовый
  </color>
  <material>
   Нейлон
  </material>
  <price>
   295860
  </price>
  <rating>
   3.95
  </rating>
  <reviews>
   362069
  </reviews>
  <new>
   +
  </new>
  <exclusive>
   yes
  </exclusive>
 </clothing>
 <clothing>
  <id>
   428149806
  </id>
  <name>
   Vans Hat J-2244
  </name>
  <category>
   Hat
  </category>
  <size>
   S
  </size>
  <color>
   Оранжевый
  </color>
  <material>
   Кожа
  </material>
  <price>
   749540
  </price>
  <rating>
   1.74
  </rating>
  <reviews>
   288923
  </reviews>
  <exclusive>
   yes
  </exclusive>
 </clothing>
 <clothing>
  <id>
   780793821
  </id>
  <name>
   Nike Skirt B-6541
  </name>
  <category>
   Skirt
  </category>
  <size>
   M
  </size>
  <color>
   Голубой
  </color>
  <material>
   Лен
  </material>
  <price>
   589612
  </price>
  <rating>
   4.95
  </rating>
  <reviews>
   189241
  </reviews>
 </clothing>
 <clothing>
  <id>
   952293043
  </id>
  <name>
   Under Armour Hat Y-5873
  </name>
  <category>
   Hat
  </category>
  <size>
   S
  </size>
  <color>
   Фиолетовый
  </color>
  <material>
   Нейлон
  </material>
  <price>
   537071
  </price>
  <rating>
   1.26
  </rating>
  <reviews>
   558148
  </reviews>
  <new>
   -
  </new>
  <exclusive>
   yes
  </exclusive>
  <sporty>
   yes
  </sporty>
 </clothing>
 <clothing>
  <id>
   797055124
  </id>
  <name>
   Fila Jeans D-8912
  </name>
  <category>
   Jeans
  </category>
  <size>
   XXL
  </size>
  <color>
   Оранжевый
  </color>
  <material>
   Полиэстер
  </material>
  <price>
   619621
  </price>
  <rating>
   3.74
  </rating>
  <reviews>
   791706
  </reviews>
  <sporty>
   yes
  </sporty>
 </clothing>
 <clothing>
  <id>
   115131512
  </id>
  <name>
   Under Armour Shirt F-4211
  </name>
  <category>
   Shirt
  </category>
  <size>
   L
  </size>
  <color>
   Зеленый
  </color>
  <material>
   Шерсть
  </material>
  <price>
   146539
  </price>
  <rating>
   3.99
  </rating>
  <reviews>
   308185
  </reviews>
  <new>
   -
  </new>
  <sporty>
   no
  </sporty>
 </clothing>
 <clothing>
  <id>
   830446887
  </id>
  <name>
   Brooks Shoes L-9333
  </name>
  <category>
   Shoes
  </category>
  <size>
   S
  </size>
  <color>
   Синий
  </color>
  <material>
   Кожа
  </material>
  <price>
   502010
  </price>
  <rating>
   2.58
  </rating>
  <reviews>
   456395
  </reviews>
  <exclusive>
   yes
  </exclusive>
  <sporty>
   no
  </sporty>
 </clothing>
 <clothing>
  <id>
   242554040
  </id>
  <name>
   Ellesse Gloves S-4949
  </name>
  <category>
   Gloves
  </category>
  <size>
   XXL
  </size>
  <color>
   Фиолетовый
  </color>
  <material>
   Кожа
  </material>
  <price>
   948298
  </price>
  <rating>
   2.41
  </rating>
  <reviews>
   450494
  </reviews>
  <new>
   +
  </new>
  <sporty>
   no
  </sporty>
 </clothing>
 <clothing>
  <id>
   833534197
  </id>
  <name>
   Vans Shoes I-9849
  </name>
  <category>
   Shoes
  </category>
  <size>
   M
  </size>
  <color>
   Голубой
  </color>
  <material>
   Кожа
  </material>
  <price>
   273077
  </price>
  <rating>
   3.97
  </rating>
  <reviews>
   219911
  </reviews>
  <new>
   -
  </new>
  <sporty>
   no
  </sporty>
 </clothing>
 <clothing>
  <id>
   196329717
  </id>
  <name>
   Nike Jeans X-3759
  </name>
  <category>
   Jeans
  </category>
  <size>
   L
  </size>
  <color>
   Оранжевый
  </color>
  <material>
   Шерсть
  </material>
  <price>
   675815
  </price>
  <rating>
   3.24
  </rating>
  <reviews>
   865100
  </reviews>
  <exclusive>
   yes
  </exclusive>
 </clothing>
 <clothing>
  <id>
   699585339
  </id>
  <name>
   Asics Socks H-6463
  </name>
  <category>
   Socks
  </category>
  <size>
   XXL
  </size>
  <color>
   Зеленый
  </color>
  <material>
   Полиэстер
  </material>
  <price>
   870156
  </price>
  <rating>
   2.73
  </rating>
  <reviews>
   268048
  </reviews>
  <new>
   -
  </new>
  <exclusive>
   yes
  </exclusive>
 </clothing>
 <clothing>
  <id>
   578332427
  </id>
  <name>
   Puma Handbags T-6065
  </name>
  <category>
   Handbags
  </category>
  <size>
   L
  </size>
  <color>
   Красный
  </color>
  <material>
   Полиэстер
  </material>
  <price>
   945893
  </price>
  <rating>
   2.66
  </rating>
  <reviews>
   616739
  </reviews>
  <sporty>
   no
  </sporty>
 </clothing>
 <clothing>
  <id>
   706403382
  </id>
  <name>
   New Balance Jacket N-3626
  </name>
  <category>
   Jacket
  </category>
  <size>
   M
  </size>
  <color>
   Зеленый
  </color>
  <material>
   Вискоза
  </material>
  <price>
   738333
  </price>
  <rating>
   3.47
  </rating>
  <reviews>
   394163
  </reviews>
  <exclusive>
   no
  </exclusive>
  <sporty>
   no
  </sporty>
 </clothing>
 <clothing>
  <id>
   179440470
  </id>
  <name>
   Asics Belts G-4005
  </name>
  <category>
   Belts
  </category>
  <size>
   L
  </size>
  <color>
   Голубой
  </color>
  <material>
   Лен
  </material>
  <price>
   639974
  </price>
  <rating>
   2.22
  </rating>
  <reviews>
   504124
  </reviews>
  <exclusive>
   yes
  </exclusive>
  <sporty>
   yes
  </sporty>
 </clothing>
 <clothing>
  <id>
   184245645
  </id>
  <name>
   Lacoste Belts D-8332
  </name>
  <category>
   Belts
  </category>
  <size>
   XXL
  </size>
  <color>
   Фиолетовый
  </color>
  <material>
   Хлопок
  </material>
  <price>
   992405
  </price>
  <rating>
   1.59
  </rating>
  <reviews>
   781649
  </reviews>
  <new>
   -
  </new>
 </clothing>
 <clothing>
  <id>
   271880410
  </id>
  <name>
   Brooks Shoes P-4277
  </name>
  <category>
   Shoes
  </category>
  <size>
   XL
  </size>
  <color>
   Красный
  </color>
  <material>
   Шелк
  </material>
  <price>
   285007
  </price>
  <rating>
   1.49
  </rating>
  <reviews>
   630643
  </reviews>
 </clothing>
</clothing-items>
