<?xml version="1.0" encoding="utf-8"?>
<clothing-items>
 <clothing>
  <id>
   541244537
  </id>
  <name>
   Under Armour Pants Q-3139
  </name>
  <category>
   Pants
  </category>
  <size>
   XXL
  </size>
  <color>
   Фиолетовый
  </color>
  <material>
   Кожа
  </material>
  <price>
   468664
  </price>
  <rating>
   3.13
  </rating>
  <reviews>
   18493
  </reviews>
  <new>
   -
  </new>
  <exclusive>
   no
  </exclusive>
  <sporty>
   no
  </sporty>
 </clothing>
 <clothing>
  <id>
   295462351
  </id>
  <name>
   Reebok Handbags T-9329
  </name>
  <category>
   Handbags
  </category>
  <size>
   M
  </size>
  <color>
   Фиолетовый
  </color>
  <material>
   Шерсть
  </material>
  <price>
   277927
  </price>
  <rating>
   2.35
  </rating>
  <reviews>
   841759
  </reviews>
  <new>
   -
  </new>
  <exclusive>
   no
  </exclusive>
 </clothing>
 <clothing>
  <id>
   912052236
  </id>
  <name>
   Adidas Gloves E-7344
  </name>
  <category>
   Gloves
  </category>
  <size>
   S
  </size>
  <color>
   Красный
  </color>
  <material>
   Кожа
  </material>
  <price>
   820088
  </price>
  <rating>
   3.9
  </rating>
  <reviews>
   136323
  </reviews>
 </clothing>
 <clothing>
  <id>
   516028251
  </id>
  <name>
   Vans Skirt C-2266
  </name>
  <category>
   Skirt
  </category>
  <size>
   XXL
  </size>
  <color>
   Желтый
  </color>
  <material>
   Шелк
  </material>
  <price>
   383971
  </price>
  <rating>
   4.95
  </rating>
  <reviews>
   324468
  </reviews>
  <new>
   -
  </new>
  <exclusive>
   no
  </exclusive>
  <sporty>
   no
  </sporty>
 </clothing>
 <clothing>
  <id>
   327768144
  </id>
  <name>
   Ellesse Jacket N-7898
  </name>
  <category>
   Jacket
  </category>
  <size>
   M
  </size>
  <color>
   Зеленый
  </color>
  <material>
   Лен
  </material>
  <price>
   641014
  </price>
  <rating>
   2.85
  </rating>
  <reviews>
   223248
  </reviews>
  <new>
   -
  </new>
  <exclusive>
   no
  </exclusive>
 </clothing>
 <clothing>
  <id>
   281474435
  </id>
  <name>
   New Balance Gloves T-4815
  </name>
  <category>
   Gloves
  </category>
  <size>
   L
  </size>
  <color>
   Оранжевый
  </color>
  <material>
   Шерсть
  </material>
  <price>
   284594
  </price>
  <rating>
   3.84
  </rating>
  <reviews>
   198059
  </reviews>
  <new>
   -
  </new>
 </clothing>
 <clothing>
  <id>
   209306095
  </id>
  <name>
   Nike Hat X-3142
  </name>
  <category>
   Hat
  </category>
  <size>
   XXL
  </size>
  <color>
   Оранжевый
  </color>
  <material>
   Хлопок
  </material>
  <price>
   470240
  </price>
  <rating>
   1.25
  </rating>
  <reviews>
   804208
  </reviews>
  <new>
   +
  </new>
  <exclusive>
   no
  </exclusive>
  <sporty>
   no
  </sporty>
 </clothing>
 <clothing>
  <id>
   403150829
  </id>
  <name>
   Vans Gloves X-7688
  </name>
  <category>
   Gloves
  </category>
  <size>
   XXL
  </size>
  <color>
   Фиолетовый
  </color>
  <material>
   Вискоза
  </material>
  <price>
   276277
  </price>
  <rating>
   4.35
  </rating>
  <reviews>
   353497
  </reviews>
  <exclusive>
   no
  </exclusive>
 </clothing>
 <clothing>
  <id>
   442798439
  </id>
  <name>
   Reebok Belts C-3520
  </name>
  <category>
   Belts
  </category>
  <size>
   M
  </size>
  <color>
   Зеленый
  </color>
  <material>
   Вискоза
  </material>
  <price>
   375523
  </price>
  <rating>
   4.37
  </rating>
  <reviews>
   30699
  </reviews>
  <new>
   -
  </new>
  <exclusive>
   yes
  </exclusive>
  <sporty>
   yes
  </sporty>
 </clothing>
 <clothing>
  <id>
   795117077
  </id>
  <name>
   PleinSport Hat Z-2432
  </name>
  <category>
   Hat
  </category>
  <size>
   M
  </size>
  <color>
   Желтый
  </color>
  <material>
   Нейлон
  </material>
  <price>
   606952
  </price>
  <rating>
   3.59
  </rating>
  <reviews>
   990424
  </reviews>
  <new>
   -
  </new>
  <exclusive>
   no
  </exclusive>
 </clothing>
 <clothing>
  <id>
   777980732
  </id>
  <name>
   Reebok Belts V-3562
  </name>
  <category>
   Belts
  </category>
  <size>
   S
  </size>
  <color>
   Синий
  </color>
  <material>
   Вискоза
  </material>
  <price>
   230261
  </price>
  <rating>
   1.33
  </rating>
  <reviews>
   203647
  </reviews>
  <exclusive>
   yes
  </exclusive>
  <sporty>
   yes
  </sporty>
 </clothing>
 <clothing>
  <id>
   288297478
  </id>
  <name>
   Fila Pants Y-2912
  </name>
  <category>
   Pants
  </category>
  <size>
   M
  </size>
  <color>
   Голубой
  </color>
  <material>
   Вискоза
  </material>
  <price>
   664507
  </price>
  <rating>
   3.69
  </rating>
  <reviews>
   575591
  </reviews>
  <sporty>
   no
  </sporty>
 </clothing>
 <clothing>
  <id>
   111754767
  </id>
  <name>
   Adidas Pants E-7210
  </name>
  <category>
   Pants
  </category>
  <size>
   L
  </size>
  <color>
   Синий
  </color>
  <material>
   Шелк
  </material>
  <price>
   875780
  </price>
  <rating>
   4.21
  </rating>
  <reviews>
   620890
  </reviews>
  <exclusive>
   no
  </exclusive>
  <sporty>
   yes
  </sporty>
 </clothing>
 <clothing>
  <id>
   785681858
  </id>
  <name>
   Lacoste Jacket Q-1269
  </name>
  <category>
   Jacket
  </category>
  <size>
   M
  </size>
  <color>
   Фиолетовый
  </color>
  <material>
   Вискоза
  </material>
  <price>
   585958
  </price>
  <rating>
   2.68
  </rating>
  <reviews>
   586774
  </reviews>
  <new>
   -
  </new>
  <exclusive>
   no
  </exclusive>
 </clothing>
 <clothing>
  <id>
   465525018
  </id>
  <name>
   PleinSport T-shirt A-6408
  </name>
  <category>
   T-shirt
  </category>
  <size>
   XL
  </size>
  <color>
   Синий
  </color>
  <material>
   Шерсть
  </material>
  <price>
   747895
  </price>
  <rating>
   2.77
  </rating>
  <reviews>
   767898
  </reviews>
  <new>
   +
  </new>
  <exclusive>
   yes
  </exclusive>
  <sporty>
   no
  </sporty>
 </clothing>
 <clothing>
  <id>
   510754137
  </id>
  <name>
   Lacoste Umbrellas H-1321
  </name>
  <category>
   Umbrellas
  </category>
  <size>
   S
  </size>
  <color>
   Голубой
  </color>
  <material>
   Полиэстер
  </material>
  <price>
   425341
  </price>
  <rating>
   1.2
  </rating>
  <reviews>
   839022
  </reviews>
  <new>
   +
  </new>
  <exclusive>
   no
  </exclusive>
 </clothing>
 <clothing>
  <id>
   982502075
  </id>
  <name>
   Ellesse Jeans Z-8231
  </name>
  <category>
   Jeans
  </category>
  <size>
   S
  </size>
  <color>
   Оранжевый
  </color>
  <material>
   Вискоза
  </material>
  <price>
   565025
  </price>
  <rating>
   3.39
  </rating>
  <reviews>
   879424
  </reviews>
  <new>
   +
  </new>
  <exclusive>
   no
  </exclusive>
  <sporty>
   yes
  </sporty>
 </clothing>
 <clothing>
  <id>
   407018704
  </id>
  <name>
   Under Armour Skirt U-9767
  </name>
  <category>
   Skirt
  </category>
  <size>
   S
  </size>
  <color>
   Оранжевый
  </color>
  <material>
   Хлопок
  </material>
  <price>
   653972
  </price>
  <rating>
   4.71
  </rating>
  <reviews>
   304554
  </reviews>
  <new>
   -
  </new>
 </clothing>
 <clothing>
  <id>
   666151997
  </id>
  <name>
   New Balance Skirt H-7762
  </name>
  <category>
   Skirt
  </category>
  <size>
   XXL
  </size>
  <color>
   Синий
  </color>
  <material>
   Лен
  </material>
  <price>
   638906
  </price>
  <rating>
   1.93
  </rating>
  <reviews>
   779051
  </reviews>
  <exclusive>
   yes
  </exclusive>
  <sporty>
   yes
  </sporty>
 </clothing>
 <clothing>
  <id>
   307092656
  </id>
  <name>
   Brooks Gloves C-8454
  </name>
  <category>
   Gloves
  </category>
  <size>
   S
  </size>
  <color>
   Оранжевый
  </color>
  <material>
   Полиэстер
  </material>
  <price>
   203961
  </price>
  <rating>
   2.75
  </rating>
  <reviews>
   541298
  </reviews>
  <exclusive>
   yes
  </exclusive>
  <sporty>
   yes
  </sporty>
 </clothing>
 <clothing>
  <id>
   406027914
  </id>
  <name>
   Reebok Socks S-9226
  </name>
  <category>
   Socks
  </category>
  <size>
   XXL
  </size>
  <color>
   Желтый
  </color>
  <material>
   Лен
  </material>
  <price>
   369534
  </price>
  <rating>
   2.46
  </rating>
  <reviews>
   430547
  </reviews>
  <sporty>
   no
  </sporty>
 </clothing>
 <clothing>
  <id>
   642918473
  </id>
  <name>
   Asics Socks I-7438
  </name>
  <category>
   Socks
  </category>
  <size>
   M
  </size>
  <color>
   Красный
  </color>
  <material>
   Нейлон
  </material>
  <price>
   170139
  </price>
  <rating>
   2.4
  </rating>
  <reviews>
   397693
  </reviews>
  <new>
   -
  </new>
 </clothing>
 <clothing>
  <id>
   240454361
  </id>
  <name>
   Fila T-shirt Q-4074
  </name>
  <category>
   T-shirt
  </category>
  <size>
   M
  </size>
  <color>
   Желтый
  </color>
  <material>
   Кожа
  </material>
  <price>
   565966
  </price>
  <rating>
   3.34
  </rating>
  <reviews>
   823148
  </reviews>
  <new>
   -
  </new>
  <exclusive>
   no
  </exclusive>
  <sporty>
   no
  </sporty>
 </clothing>
 <clothing>
  <id>
   229442530
  </id>
  <name>
   Nike Socks G-1687
  </name>
  <category>
   Socks
  </category>
  <size>
   XXL
  </size>
  <color>
   Красный
  </color>
  <material>
   Кожа
  </material>
  <price>
   668169
  </price>
  <rating>
   3.54
  </rating>
  <reviews>
   45638
  </reviews>
  <new>
   -
  </new>
 </clothing>
 <clothing>
  <id>
   882822875
  </id>
  <name>
   Under Armour Dress E-6614
  </name>
  <category>
   Dress
  </category>
  <size>
   L
  </size>
  <color>
   Фиолетовый
  </color>
  <material>
   Лен
  </material>
  <price>
   925085
  </price>
  <rating>
   2.34
  </rating>
  <reviews>
   456684
  </reviews>
  <new>
   -
  </new>
  <exclusive>
   no
  </exclusive>
 </clothing>
 <clothing>
  <id>
   370322915
  </id>
  <name>
   Lacoste Socks W-7797
  </name>
  <category>
   Socks
  </category>
  <size>
   XL
  </size>
  <color>
   Зеленый
  </color>
  <material>
   Нейлон
  </material>
  <price>
   806180
  </price>
  <rating>
   3.09
  </rating>
  <reviews>
   15067
  </reviews>
  <exclusive>
   no
  </exclusive>
 </clothing>
 <clothing>
  <id>
   188819704
  </id>
  <name>
   New Balance Umbrellas Q-4573
  </name>
  <category>
   Umbrellas
  </category>
  <size>
   XXL
  </size>
  <color>
   Голубой
  </color>
  <material>
   Кожа
  </material>
  <price>
   550799
  </price>
  <rating>
   4.29
  </rating>
  <reviews>
   279000
  </reviews>
  <sporty>
   yes
  </sporty>
 </clothing>
 <clothing>
  <id>
   713060400
  </id>
  <name>
   Brooks Hat L-3494
  </name>
  <category>
   Hat
  </category>
  <size>
   XXL
  </size>
  <color>
   Зеленый
  </color>
  <material>
   Лен
  </material>
  <price>
   294945
  </price>
  <rating>
   2.02
  </rating>
  <reviews>
   400274
  </reviews>
  <new>
   +
  </new>
  <sporty>
   yes
  </sporty>
 </clothing>
 <clothing>
  <id>
   559921002
  </id>
  <name>
   Brooks Sweater H-6610
  </name>
  <category>
   Sweater
  </category>
  <size>
   L
  </size>
  <color>
   Желтый
  </color>
  <material>
   Хлопок
  </material>
  <price>
   271952
  </price>
  <rating>
   1.47
  </rating>
  <reviews>
   4370
  </reviews>
  <new>
   -
  </new>
  <exclusive>
   no
  </exclusive>
  <sporty>
   no
  </sporty>
 </clothing>
</clothing-items>
