<?xml version="1.0" encoding="utf-8"?>
<clothing-items>
 <clothing>
  <id>
   820012178
  </id>
  <name>
   Converse Pants S-9956
  </name>
  <category>
   Pants
  </category>
  <size>
   XXL
  </size>
  <color>
   Желтый
  </color>
  <material>
   Кожа
  </material>
  <price>
   467291
  </price>
  <rating>
   2.86
  </rating>
  <reviews>
   713586
  </reviews>
  <sporty>
   no
  </sporty>
 </clothing>
 <clothing>
  <id>
   187258146
  </id>
  <name>
   Brooks Umbrellas N-6535
  </name>
  <category>
   Umbrellas
  </category>
  <size>
   M
  </size>
  <color>
   Синий
  </color>
  <material>
   Нейлон
  </material>
  <price>
   698195
  </price>
  <rating>
   2.77
  </rating>
  <reviews>
   340922
  </reviews>
 </clothing>
 <clothing>
  <id>
   548188345
  </id>
  <name>
   Converse Shoes M-5752
  </name>
  <category>
   Shoes
  </category>
  <size>
   XL
  </size>
  <color>
   Голубой
  </color>
  <material>
   Нейлон
  </material>
  <price>
   319010
  </price>
  <rating>
   3.17
  </rating>
  <reviews>
   166930
  </reviews>
  <exclusive>
   yes
  </exclusive>
 </clothing>
 <clothing>
  <id>
   282050105
  </id>
  <name>
   Adidas Skirt I-4660
  </name>
  <category>
   Skirt
  </category>
  <size>
   S
  </size>
  <color>
   Фиолетовый
  </color>
  <material>
   Кожа
  </material>
  <price>
   278309
  </price>
  <rating>
   4.14
  </rating>
  <reviews>
   10171
  </reviews>
  <new>
   -
  </new>
  <exclusive>
   no
  </exclusive>
  <sporty>
   yes
  </sporty>
 </clothing>
 <clothing>
  <id>
   674552755
  </id>
  <name>
   Under Armour Skirt I-4227
  </name>
  <category>
   Skirt
  </category>
  <size>
   XXL
  </size>
  <color>
   Фиолетовый
  </color>
  <material>
   Хлопок
  </material>
  <price>
   592964
  </price>
  <rating>
   4.41
  </rating>
  <reviews>
   828819
  </reviews>
  <new>
   +
  </new>
  <sporty>
   no
  </sporty>
 </clothing>
 <clothing>
  <id>
   767823577
  </id>
  <name>
   Brooks Belts X-9769
  </name>
  <category>
   Belts
  </category>
  <size>
   XXL
  </size>
  <color>
   Оранжевый
  </color>
  <material>
   Хлопок
  </material>
  <price>
   599136
  </price>
  <rating>
   3.57
  </rating>
  <reviews>
   868352
  </reviews>
  <exclusive>
   no
  </exclusive>
 </clothing>
 <clothing>
  <id>
   310216072
  </id>
  <name>
   Ellesse Shoes N-6582
  </name>
  <category>
   Shoes
  </category>
  <size>
   XXL
  </size>
  <color>
   Синий
  </color>
  <material>
   Лен
  </material>
  <price>
   179712
  </price>
  <rating>
   4.18
  </rating>
  <reviews>
   407404
  </reviews>
  <new>
   +
  </new>
 </clothing>
 <clothing>
  <id>
   466189155
  </id>
  <name>
   Addidas Belts P-4265
  </name>
  <category>
   Belts
  </category>
  <size>
   M
  </size>
  <color>
   Красный
  </color>
  <material>
   Лен
  </material>
  <price>
   976887
  </price>
  <rating>
   4.64
  </rating>
  <reviews>
   765761
  </reviews>
 </clothing>
 <clothing>
  <id>
   372925435
  </id>
  <name>
   Brooks Jeans X-8071
  </name>
  <category>
   Jeans
  </category>
  <size>
   XL
  </size>
  <color>
   Оранжевый
  </color>
  <material>
   Полиэстер
  </material>
  <price>
   296848
  </price>
  <rating>
   4.89
  </rating>
  <reviews>
   860436
  </reviews>
  <exclusive>
   yes
  </exclusive>
  <sporty>
   no
  </sporty>
 </clothing>
 <clothing>
  <id>
   937272616
  </id>
  <name>
   Nike Sweater H-2190
  </name>
  <category>
   Sweater
  </category>
  <size>
   XXL
  </size>
  <color>
   Красный
  </color>
  <material>
   Шерсть
  </material>
  <price>
   745077
  </price>
  <rating>
   2.87
  </rating>
  <reviews>
   118446
  </reviews>
  <new>
   -
  </new>
  <exclusive>
   no
  </exclusive>
  <sporty>
   no
  </sporty>
 </clothing>
 <clothing>
  <id>
   733105584
  </id>
  <name>
   Asics Jacket W-1190
  </name>
  <category>
   Jacket
  </category>
  <size>
   L
  </size>
  <color>
   Синий
  </color>
  <material>
   Вискоза
  </material>
  <price>
   654756
  </price>
  <rating>
   1.65
  </rating>
  <reviews>
   549017
  </reviews>
  <new>
   -
  </new>
  <sporty>
   no
  </sporty>
 </clothing>
 <clothing>
  <id>
   992742494
  </id>
  <name>
   Fila Sweater B-1523
  </name>
  <category>
   Sweater
  </category>
  <size>
   XL
  </size>
  <color>
   Голубой
  </color>
  <material>
   Нейлон
  </material>
  <price>
   866238
  </price>
  <rating>
   3.04
  </rating>
  <reviews>
   778130
  </reviews>
  <new>
   -
  </new>
 </clothing>
 <clothing>
  <id>
   795108735
  </id>
  <name>
   Fila T-shirt V-2524
  </name>
  <category>
   T-shirt
  </category>
  <size>
   M
  </size>
  <color>
   Синий
  </color>
  <material>
   Шелк
  </material>
  <price>
   856570
  </price>
  <rating>
   2.86
  </rating>
  <reviews>
   759388
  </reviews>
  <exclusive>
   no
  </exclusive>
 </clothing>
</clothing-items>
