<?xml version="1.0" encoding="utf-8"?>
<clothing-items>
 <clothing>
  <id>
   721592338
  </id>
  <name>
   DC Dress G-9724
  </name>
  <category>
   Dress
  </category>
  <size>
   XXL
  </size>
  <color>
   Оранжевый
  </color>
  <material>
   Шерсть
  </material>
  <price>
   126828
  </price>
  <rating>
   4.74
  </rating>
  <reviews>
   28755
  </reviews>
  <new>
   -
  </new>
  <exclusive>
   yes
  </exclusive>
  <sporty>
   yes
  </sporty>
 </clothing>
 <clothing>
  <id>
   555845674
  </id>
  <name>
   DC Shoes P-4062
  </name>
  <category>
   Shoes
  </category>
  <size>
   L
  </size>
  <color>
   Фиолетовый
  </color>
  <material>
   Вискоза
  </material>
  <price>
   173865
  </price>
  <rating>
   1.36
  </rating>
  <reviews>
   615262
  </reviews>
  <exclusive>
   yes
  </exclusive>
  <sporty>
   yes
  </sporty>
 </clothing>
 <clothing>
  <id>
   724447398
  </id>
  <name>
   Under Armour Hat U-8291
  </name>
  <category>
   Hat
  </category>
  <size>
   M
  </size>
  <color>
   Оранжевый
  </color>
  <material>
   Хлопок
  </material>
  <price>
   813355
  </price>
  <rating>
   4.5
  </rating>
  <reviews>
   12458
  </reviews>
  <exclusive>
   no
  </exclusive>
 </clothing>
 <clothing>
  <id>
   984080764
  </id>
  <name>
   Brooks Socks F-5935
  </name>
  <category>
   Socks
  </category>
  <size>
   XXL
  </size>
  <color>
   Голубой
  </color>
  <material>
   Лен
  </material>
  <price>
   852855
  </price>
  <rating>
   2.57
  </rating>
  <reviews>
   942881
  </reviews>
  <exclusive>
   no
  </exclusive>
  <sporty>
   no
  </sporty>
 </clothing>
 <clothing>
  <id>
   161178233
  </id>
  <name>
   Brooks Skirt U-4293
  </name>
  <category>
   Skirt
  </category>
  <size>
   S
  </size>
  <color>
   Фиолетовый
  </color>
  <material>
   Шерсть
  </material>
  <price>
   231630
  </price>
  <rating>
   3.54
  </rating>
  <reviews>
   124542
  </reviews>
  <new>
   +
  </new>
  <exclusive>
   yes
  </exclusive>
 </clothing>
 <clothing>
  <id>
   951930693
  </id>
  <name>
   Ellesse Socks M-6500
  </name>
  <category>
   Socks
  </category>
  <size>
   M
  </size>
  <color>
   Желтый
  </color>
  <material>
   Хлопок
  </material>
  <price>
   169103
  </price>
  <rating>
   4.18
  </rating>
  <reviews>
   161346
  </reviews>
  <exclusive>
   yes
  </exclusive>
  <sporty>
   yes
  </sporty>
 </clothing>
 <clothing>
  <id>
   968413467
  </id>
  <name>
   Asics Handbags J-5348
  </name>
  <category>
   Handbags
  </category>
  <size>
   M
  </size>
  <color>
   Фиолетовый
  </color>
  <material>
   Полиэстер
  </material>
  <price>
   235528
  </price>
  <rating>
   3.69
  </rating>
  <reviews>
   55410
  </reviews>
  <sporty>
   no
  </sporty>
 </clothing>
 <clothing>
  <id>
   379288868
  </id>
  <name>
   Reebok T-shirt H-8692
  </name>
  <category>
   T-shirt
  </category>
  <size>
   XL
  </size>
  <color>
   Зеленый
  </color>
  <material>
   Хлопок
  </material>
  <price>
   760811
  </price>
  <rating>
   2.65
  </rating>
  <reviews>
   734856
  </reviews>
  <new>
   +
  </new>
  <exclusive>
   yes
  </exclusive>
 </clothing>
 <clothing>
  <id>
   604195784
  </id>
  <name>
   Nike Umbrellas S-6256
  </name>
  <category>
   Umbrellas
  </category>
  <size>
   XL
  </size>
  <color>
   Оранжевый
  </color>
  <material>
   Полиэстер
  </material>
  <price>
   711200
  </price>
  <rating>
   3.13
  </rating>
  <reviews>
   681388
  </reviews>
  <new>
   +
  </new>
  <exclusive>
   no
  </exclusive>
  <sporty>
   yes
  </sporty>
 </clothing>
 <clothing>
  <id>
   830976630
  </id>
  <name>
   Vans Belts H-5751
  </name>
  <category>
   Belts
  </category>
  <size>
   S
  </size>
  <color>
   Синий
  </color>
  <material>
   Шерсть
  </material>
  <price>
   852113
  </price>
  <rating>
   3.55
  </rating>
  <reviews>
   476233
  </reviews>
  <new>
   +
  </new>
  <exclusive>
   yes
  </exclusive>
  <sporty>
   no
  </sporty>
 </clothing>
 <clothing>
  <id>
   167389104
  </id>
  <name>
   Fila Shirt G-8705
  </name>
  <category>
   Shirt
  </category>
  <size>
   M
  </size>
  <color>
   Зеленый
  </color>
  <material>
   Лен
  </material>
  <price>
   157168
  </price>
  <rating>
   1.87
  </rating>
  <reviews>
   995043
  </reviews>
  <new>
   -
  </new>
 </clothing>
 <clothing>
  <id>
   492929641
  </id>
  <name>
   Fila Shoes O-5956
  </name>
  <category>
   Shoes
  </category>
  <size>
   S
  </size>
  <color>
   Желтый
  </color>
  <material>
   Шерсть
  </material>
  <price>
   673384
  </price>
  <rating>
   1.07
  </rating>
  <reviews>
   164651
  </reviews>
  <new>
   +
  </new>
  <exclusive>
   no
  </exclusive>
  <sporty>
   yes
  </sporty>
 </clothing>
 <clothing>
  <id>
   560156895
  </id>
  <name>
   Reebok Shoes B-9315
  </name>
  <category>
   Shoes
  </category>
  <size>
   XXL
  </size>
  <color>
   Красный
  </color>
  <material>
   Хлопок
  </material>
  <price>
   800757
  </price>
  <rating>
   2.96
  </rating>
  <reviews>
   203679
  </reviews>
  <new>
   -
  </new>
  <exclusive>
   no
  </exclusive>
  <sporty>
   no
  </sporty>
 </clothing>
 <clothing>
  <id>
   639063829
  </id>
  <name>
   Fila Socks R-6174
  </name>
  <category>
   Socks
  </category>
  <size>
   L
  </size>
  <color>
   Зеленый
  </color>
  <material>
   Кожа
  </material>
  <price>
   806213
  </price>
  <rating>
   4.3
  </rating>
  <reviews>
   744350
  </reviews>
 </clothing>
 <clothing>
  <id>
   835351538
  </id>
  <name>
   Adidas Skirt R-2824
  </name>
  <category>
   Skirt
  </category>
  <size>
   XXL
  </size>
  <color>
   Оранжевый
  </color>
  <material>
   Вискоза
  </material>
  <price>
   302390
  </price>
  <rating>
   4.11
  </rating>
  <reviews>
   529484
  </reviews>
  <new>
   +
  </new>
  <exclusive>
   no
  </exclusive>
  <sporty>
   no
  </sporty>
 </clothing>
 <clothing>
  <id>
   465266277
  </id>
  <name>
   Under Armour Skirt M-7278
  </name>
  <category>
   Skirt
  </category>
  <size>
   XL
  </size>
  <color>
   Оранжевый
  </color>
  <material>
   Полиэстер
  </material>
  <price>
   759731
  </price>
  <rating>
   2.87
  </rating>
  <reviews>
   476890
  </reviews>
 </clothing>
 <clothing>
  <id>
   709859416
  </id>
  <name>
   Brooks Pants F-4675
  </name>
  <category>
   Pants
  </category>
  <size>
   M
  </size>
  <color>
   Синий
  </color>
  <material>
   Лен
  </material>
  <price>
   909006
  </price>
  <rating>
   1.62
  </rating>
  <reviews>
   786498
  </reviews>
  <exclusive>
   yes
  </exclusive>
 </clothing>
 <clothing>
  <id>
   373904994
  </id>
  <name>
   Reebok Hat S-1932
  </name>
  <category>
   Hat
  </category>
  <size>
   M
  </size>
  <color>
   Оранжевый
  </color>
  <material>
   Полиэстер
  </material>
  <price>
   119449
  </price>
  <rating>
   3.12
  </rating>
  <reviews>
   954294
  </reviews>
  <exclusive>
   no
  </exclusive>
  <sporty>
   yes
  </sporty>
 </clothing>
 <clothing>
  <id>
   701339599
  </id>
  <name>
   Asics Blouse J-1081
  </name>
  <category>
   Blouse
  </category>
  <size>
   XXL
  </size>
  <color>
   Зеленый
  </color>
  <material>
   Кожа
  </material>
  <price>
   939886
  </price>
  <rating>
   3.1
  </rating>
  <reviews>
   718309
  </reviews>
  <new>
   +
  </new>
  <exclusive>
   yes
  </exclusive>
 </clothing>
 <clothing>
  <id>
   848990148
  </id>
  <name>
   Addidas T-shirt A-8494
  </name>
  <category>
   T-shirt
  </category>
  <size>
   XL
  </size>
  <color>
   Зеленый
  </color>
  <material>
   Лен
  </material>
  <price>
   234000
  </price>
  <rating>
   3.82
  </rating>
  <reviews>
   207460
  </reviews>
  <new>
   -
  </new>
  <exclusive>
   yes
  </exclusive>
 </clothing>
</clothing-items>
