<?xml version="1.0" encoding="utf-8"?>
<clothing-items>
 <clothing>
  <id>
   503805723
  </id>
  <name>
   Asics Hat U-3484
  </name>
  <category>
   Hat
  </category>
  <size>
   XXL
  </size>
  <color>
   Синий
  </color>
  <material>
   Вискоза
  </material>
  <price>
   815352
  </price>
  <rating>
   3.88
  </rating>
  <reviews>
   405405
  </reviews>
  <new>
   +
  </new>
  <exclusive>
   no
  </exclusive>
  <sporty>
   no
  </sporty>
 </clothing>
 <clothing>
  <id>
   695306447
  </id>
  <name>
   Under Armour Skirt O-9707
  </name>
  <category>
   Skirt
  </category>
  <size>
   XL
  </size>
  <color>
   Фиолетовый
  </color>
  <material>
   Шерсть
  </material>
  <price>
   860609
  </price>
  <rating>
   4.68
  </rating>
  <reviews>
   677356
  </reviews>
  <new>
   +
  </new>
  <exclusive>
   yes
  </exclusive>
  <sporty>
   no
  </sporty>
 </clothing>
 <clothing>
  <id>
   447559946
  </id>
  <name>
   PleinSport T-shirt V-6315
  </name>
  <category>
   T-shirt
  </category>
  <size>
   XL
  </size>
  <color>
   Оранжевый
  </color>
  <material>
   Лен
  </material>
  <price>
   671448
  </price>
  <rating>
   3.27
  </rating>
  <reviews>
   91543
  </reviews>
 </clothing>
 <clothing>
  <id>
   958353318
  </id>
  <name>
   Lacoste Shoes A-1097
  </name>
  <category>
   Shoes
  </category>
  <size>
   S
  </size>
  <color>
   Голубой
  </color>
  <material>
   Шелк
  </material>
  <price>
   465358
  </price>
  <rating>
   4.86
  </rating>
  <reviews>
   229550
  </reviews>
  <new>
   -
  </new>
  <exclusive>
   no
  </exclusive>
 </clothing>
 <clothing>
  <id>
   894611793
  </id>
  <name>
   Nike Hat S-7130
  </name>
  <category>
   Hat
  </category>
  <size>
   S
  </size>
  <color>
   Зеленый
  </color>
  <material>
   Нейлон
  </material>
  <price>
   369957
  </price>
  <rating>
   2.78
  </rating>
  <reviews>
   205055
  </reviews>
  <sporty>
   yes
  </sporty>
 </clothing>
 <clothing>
  <id>
   636858004
  </id>
  <name>
   Converse Sweater Q-7475
  </name>
  <category>
   Sweater
  </category>
  <size>
   M
  </size>
  <color>
   Зеленый
  </color>
  <material>
   Шелк
  </material>
  <price>
   420243
  </price>
  <rating>
   1.69
  </rating>
  <reviews>
   475854
  </reviews>
  <new>
   +
  </new>
  <sporty>
   no
  </sporty>
 </clothing>
 <clothing>
  <id>
   441369115
  </id>
  <name>
   Lacoste Socks I-3706
  </name>
  <category>
   Socks
  </category>
  <size>
   M
  </size>
  <color>
   Оранжевый
  </color>
  <material>
   Кожа
  </material>
  <price>
   662883
  </price>
  <rating>
   4.02
  </rating>
  <reviews>
   641390
  </reviews>
 </clothing>
 <clothing>
  <id>
   685117423
  </id>
  <name>
   DC Socks G-2397
  </name>
  <category>
   Socks
  </category>
  <size>
   S
  </size>
  <color>
   Оранжевый
  </color>
  <material>
   Полиэстер
  </material>
  <price>
   318185
  </price>
  <rating>
   1.38
  </rating>
  <reviews>
   889788
  </reviews>
  <new>
   +
  </new>
  <exclusive>
   no
  </exclusive>
 </clothing>
 <clothing>
  <id>
   728475577
  </id>
  <name>
   Fila Belts O-1604
  </name>
  <category>
   Belts
  </category>
  <size>
   S
  </size>
  <color>
   Голубой
  </color>
  <material>
   Вискоза
  </material>
  <price>
   844376
  </price>
  <rating>
   2.38
  </rating>
  <reviews>
   739325
  </reviews>
  <new>
   -
  </new>
  <sporty>
   no
  </sporty>
 </clothing>
 <clothing>
  <id>
   815099931
  </id>
  <name>
   Addidas Belts H-2859
  </name>
  <category>
   Belts
  </category>
  <size>
   L
  </size>
  <color>
   Голубой
  </color>
  <material>
   Шелк
  </material>
  <price>
   804429
  </price>
  <rating>
   1.64
  </rating>
  <reviews>
   933199
  </reviews>
  <exclusive>
   no
  </exclusive>
 </clothing>
 <clothing>
  <id>
   250671338
  </id>
  <name>
   Nike Umbrellas Z-1663
  </name>
  <category>
   Umbrellas
  </category>
  <size>
   M
  </size>
  <color>
   Зеленый
  </color>
  <material>
   Шелк
  </material>
  <price>
   957579
  </price>
  <rating>
   3.79
  </rating>
  <reviews>
   256021
  </reviews>
 </clothing>
 <clothing>
  <id>
   698645308
  </id>
  <name>
   DC Blouse S-5543
  </name>
  <category>
   Blouse
  </category>
  <size>
   XXL
  </size>
  <color>
   Голубой
  </color>
  <material>
   Лен
  </material>
  <price>
   741460
  </price>
  <rating>
   4.06
  </rating>
  <reviews>
   322080
  </reviews>
  <exclusive>
   yes
  </exclusive>
  <sporty>
   no
  </sporty>
 </clothing>
 <clothing>
  <id>
   982753119
  </id>
  <name>
   Nike Pants X-5864
  </name>
  <category>
   Pants
  </category>
  <size>
   XL
  </size>
  <color>
   Зеленый
  </color>
  <material>
   Хлопок
  </material>
  <price>
   427097
  </price>
  <rating>
   4.11
  </rating>
  <reviews>
   822620
  </reviews>
  <new>
   -
  </new>
  <exclusive>
   no
  </exclusive>
 </clothing>
 <clothing>
  <id>
   596187456
  </id>
  <name>
   Puma Belts Z-1720
  </name>
  <category>
   Belts
  </category>
  <size>
   XXL
  </size>
  <color>
   Оранжевый
  </color>
  <material>
   Шелк
  </material>
  <price>
   694848
  </price>
  <rating>
   2.6
  </rating>
  <reviews>
   770179
  </reviews>
  <new>
   -
  </new>
  <exclusive>
   no
  </exclusive>
 </clothing>
 <clothing>
  <id>
   708604070
  </id>
  <name>
   Ellesse Dress H-2332
  </name>
  <category>
   Dress
  </category>
  <size>
   L
  </size>
  <color>
   Голубой
  </color>
  <material>
   Хлопок
  </material>
  <price>
   958137
  </price>
  <rating>
   2.43
  </rating>
  <reviews>
   42431
  </reviews>
  <new>
   +
  </new>
  <exclusive>
   yes
  </exclusive>
  <sporty>
   yes
  </sporty>
 </clothing>
</clothing-items>
