<?xml version="1.0" encoding="utf-8"?>
<clothing-items>
 <clothing>
  <id>
   229784008
  </id>
  <name>
   Under Armour Handbags L-3379
  </name>
  <category>
   Handbags
  </category>
  <size>
   XXL
  </size>
  <color>
   Оранжевый
  </color>
  <material>
   Вискоза
  </material>
  <price>
   992495
  </price>
  <rating>
   1.56
  </rating>
  <reviews>
   739259
  </reviews>
  <new>
   -
  </new>
  <exclusive>
   yes
  </exclusive>
 </clothing>
 <clothing>
  <id>
   482634906
  </id>
  <name>
   DC Dress K-8871
  </name>
  <category>
   Dress
  </category>
  <size>
   XXL
  </size>
  <color>
   Голубой
  </color>
  <material>
   Нейлон
  </material>
  <price>
   746257
  </price>
  <rating>
   1.59
  </rating>
  <reviews>
   343354
  </reviews>
  <new>
   +
  </new>
  <exclusive>
   no
  </exclusive>
 </clothing>
 <clothing>
  <id>
   678527026
  </id>
  <name>
   Puma Handbags H-9531
  </name>
  <category>
   Handbags
  </category>
  <size>
   XXL
  </size>
  <color>
   Фиолетовый
  </color>
  <material>
   Шерсть
  </material>
  <price>
   832429
  </price>
  <rating>
   1.49
  </rating>
  <reviews>
   143656
  </reviews>
  <new>
   -
  </new>
  <exclusive>
   yes
  </exclusive>
  <sporty>
   no
  </sporty>
 </clothing>
 <clothing>
  <id>
   902261977
  </id>
  <name>
   Puma Pants I-8966
  </name>
  <category>
   Pants
  </category>
  <size>
   L
  </size>
  <color>
   Желтый
  </color>
  <material>
   Кожа
  </material>
  <price>
   447256
  </price>
  <rating>
   4.47
  </rating>
  <reviews>
   394801
  </reviews>
  <new>
   -
  </new>
 </clothing>
 <clothing>
  <id>
   763274431
  </id>
  <name>
   New Balance Dress F-3638
  </name>
  <category>
   Dress
  </category>
  <size>
   M
  </size>
  <color>
   Красный
  </color>
  <material>
   Лен
  </material>
  <price>
   323568
  </price>
  <rating>
   2.47
  </rating>
  <reviews>
   95576
  </reviews>
  <new>
   +
  </new>
  <sporty>
   yes
  </sporty>
 </clothing>
 <clothing>
  <id>
   433038910
  </id>
  <name>
   Brooks Belts O-2110
  </name>
  <category>
   Belts
  </category>
  <size>
   S
  </size>
  <color>
   Красный
  </color>
  <material>
   Нейлон
  </material>
  <price>
   455632
  </price>
  <rating>
   3.47
  </rating>
  <reviews>
   635691
  </reviews>
 </clothing>
 <clothing>
  <id>
   622092003
  </id>
  <name>
   Puma Socks A-6316
  </name>
  <category>
   Socks
  </category>
  <size>
   L
  </size>
  <color>
   Синий
  </color>
  <material>
   Шерсть
  </material>
  <price>
   430970
  </price>
  <rating>
   3.97
  </rating>
  <reviews>
   554278
  </reviews>
  <exclusive>
   no
  </exclusive>
  <sporty>
   yes
  </sporty>
 </clothing>
 <clothing>
  <id>
   193892704
  </id>
  <name>
   Under Armour Pants C-2930
  </name>
  <category>
   Pants
  </category>
  <size>
   S
  </size>
  <color>
   Красный
  </color>
  <material>
   Шелк
  </material>
  <price>
   614011
  </price>
  <rating>
   3.12
  </rating>
  <reviews>
   23637
  </reviews>
  <new>
   -
  </new>
  <sporty>
   no
  </sporty>
 </clothing>
 <clothing>
  <id>
   780107556
  </id>
  <name>
   New Balance Dress S-7830
  </name>
  <category>
   Dress
  </category>
  <size>
   S
  </size>
  <color>
   Синий
  </color>
  <material>
   Хлопок
  </material>
  <price>
   828528
  </price>
  <rating>
   3.43
  </rating>
  <reviews>
   150195
  </reviews>
  <new>
   -
  </new>
  <exclusive>
   no
  </exclusive>
  <sporty>
   no
  </sporty>
 </clothing>
 <clothing>
  <id>
   334715945
  </id>
  <name>
   Vans Socks F-7192
  </name>
  <category>
   Socks
  </category>
  <size>
   XXL
  </size>
  <color>
   Оранжевый
  </color>
  <material>
   Нейлон
  </material>
  <price>
   781261
  </price>
  <rating>
   3.23
  </rating>
  <reviews>
   264936
  </reviews>
  <new>
   -
  </new>
  <exclusive>
   no
  </exclusive>
 </clothing>
 <clothing>
  <id>
   930260518
  </id>
  <name>
   Reebok Dress P-7943
  </name>
  <category>
   Dress
  </category>
  <size>
   L
  </size>
  <color>
   Голубой
  </color>
  <material>
   Кожа
  </material>
  <price>
   469415
  </price>
  <rating>
   4.36
  </rating>
  <reviews>
   404712
  </reviews>
  <sporty>
   yes
  </sporty>
 </clothing>
 <clothing>
  <id>
   578434578
  </id>
  <name>
   Under Armour Shoes Q-3785
  </name>
  <category>
   Shoes
  </category>
  <size>
   S
  </size>
  <color>
   Красный
  </color>
  <material>
   Нейлон
  </material>
  <price>
   475044
  </price>
  <rating>
   4.8
  </rating>
  <reviews>
   860378
  </reviews>
 </clothing>
 <clothing>
  <id>
   521153824
  </id>
  <name>
   Adidas Shoes D-4144
  </name>
  <category>
   Shoes
  </category>
  <size>
   S
  </size>
  <color>
   Фиолетовый
  </color>
  <material>
   Нейлон
  </material>
  <price>
   473787
  </price>
  <rating>
   4.69
  </rating>
  <reviews>
   741462
  </reviews>
  <new>
   -
  </new>
 </clothing>
 <clothing>
  <id>
   810914997
  </id>
  <name>
   Lacoste Gloves E-8270
  </name>
  <category>
   Gloves
  </category>
  <size>
   L
  </size>
  <color>
   Красный
  </color>
  <material>
   Хлопок
  </material>
  <price>
   697729
  </price>
  <rating>
   3.49
  </rating>
  <reviews>
   779299
  </reviews>
  <new>
   -
  </new>
  <sporty>
   no
  </sporty>
 </clothing>
 <clothing>
  <id>
   743492423
  </id>
  <name>
   Asics T-shirt V-5705
  </name>
  <category>
   T-shirt
  </category>
  <size>
   S
  </size>
  <color>
   Голубой
  </color>
  <material>
   Нейлон
  </material>
  <price>
   271181
  </price>
  <rating>
   2.17
  </rating>
  <reviews>
   838797
  </reviews>
  <new>
   -
  </new>
  <sporty>
   no
  </sporty>
 </clothing>
 <clothing>
  <id>
   887650350
  </id>
  <name>
   Converse Sweater L-7791
  </name>
  <category>
   Sweater
  </category>
  <size>
   M
  </size>
  <color>
   Синий
  </color>
  <material>
   Нейлон
  </material>
  <price>
   871895
  </price>
  <rating>
   2.09
  </rating>
  <reviews>
   897012
  </reviews>
  <exclusive>
   no
  </exclusive>
  <sporty>
   yes
  </sporty>
 </clothing>
 <clothing>
  <id>
   835596344
  </id>
  <name>
   DC Pants G-6106
  </name>
  <category>
   Pants
  </category>
  <size>
   L
  </size>
  <color>
   Желтый
  </color>
  <material>
   Полиэстер
  </material>
  <price>
   890642
  </price>
  <rating>
   1.13
  </rating>
  <reviews>
   153493
  </reviews>
  <new>
   +
  </new>
 </clothing>
 <clothing>
  <id>
   255865060
  </id>
  <name>
   Brooks Blouse J-6937
  </name>
  <category>
   Blouse
  </category>
  <size>
   S
  </size>
  <color>
   Голубой
  </color>
  <material>
   Полиэстер
  </material>
  <price>
   910738
  </price>
  <rating>
   2.48
  </rating>
  <reviews>
   238238
  </reviews>
  <new>
   +
  </new>
  <exclusive>
   yes
  </exclusive>
  <sporty>
   no
  </sporty>
 </clothing>
 <clothing>
  <id>
   150342628
  </id>
  <name>
   Addidas Sweater L-4210
  </name>
  <category>
   Sweater
  </category>
  <size>
   XL
  </size>
  <color>
   Голубой
  </color>
  <material>
   Вискоза
  </material>
  <price>
   671217
  </price>
  <rating>
   4.82
  </rating>
  <reviews>
   97540
  </reviews>
  <new>
   -
  </new>
  <sporty>
   no
  </sporty>
 </clothing>
 <clothing>
  <id>
   698217616
  </id>
  <name>
   Converse Sweater W-2508
  </name>
  <category>
   Sweater
  </category>
  <size>
   L
  </size>
  <color>
   Синий
  </color>
  <material>
   Хлопок
  </material>
  <price>
   682115
  </price>
  <rating>
   3.79
  </rating>
  <reviews>
   750004
  </reviews>
  <new>
   -
  </new>
  <exclusive>
   no
  </exclusive>
 </clothing>
 <clothing>
  <id>
   573665753
  </id>
  <name>
   New Balance Skirt J-6013
  </name>
  <category>
   Skirt
  </category>
  <size>
   XL
  </size>
  <color>
   Оранжевый
  </color>
  <material>
   Шерсть
  </material>
  <price>
   670551
  </price>
  <rating>
   4.29
  </rating>
  <reviews>
   295011
  </reviews>
  <new>
   +
  </new>
  <exclusive>
   yes
  </exclusive>
 </clothing>
 <clothing>
  <id>
   199042840
  </id>
  <name>
   Under Armour Shirt P-4036
  </name>
  <category>
   Shirt
  </category>
  <size>
   S
  </size>
  <color>
   Желтый
  </color>
  <material>
   Кожа
  </material>
  <price>
   245311
  </price>
  <rating>
   1.36
  </rating>
  <reviews>
   469269
  </reviews>
  <new>
   -
  </new>
  <exclusive>
   yes
  </exclusive>
  <sporty>
   yes
  </sporty>
 </clothing>
 <clothing>
  <id>
   683603833
  </id>
  <name>
   Vans Dress R-4246
  </name>
  <category>
   Dress
  </category>
  <size>
   S
  </size>
  <color>
   Зеленый
  </color>
  <material>
   Полиэстер
  </material>
  <price>
   273135
  </price>
  <rating>
   4.51
  </rating>
  <reviews>
   172964
  </reviews>
  <new>
   -
  </new>
  <sporty>
   no
  </sporty>
 </clothing>
 <clothing>
  <id>
   536054018
  </id>
  <name>
   PleinSport Belts T-5219
  </name>
  <category>
   Belts
  </category>
  <size>
   XL
  </size>
  <color>
   Зеленый
  </color>
  <material>
   Лен
  </material>
  <price>
   445369
  </price>
  <rating>
   1.84
  </rating>
  <reviews>
   519889
  </reviews>
  <new>
   +
  </new>
  <exclusive>
   yes
  </exclusive>
  <sporty>
   no
  </sporty>
 </clothing>
 <clothing>
  <id>
   769206486
  </id>
  <name>
   New Balance Blouse Y-7131
  </name>
  <category>
   Blouse
  </category>
  <size>
   L
  </size>
  <color>
   Голубой
  </color>
  <material>
   Полиэстер
  </material>
  <price>
   794743
  </price>
  <rating>
   1.88
  </rating>
  <reviews>
   224023
  </reviews>
  <exclusive>
   no
  </exclusive>
  <sporty>
   no
  </sporty>
 </clothing>
 <clothing>
  <id>
   895777667
  </id>
  <name>
   PleinSport Blouse R-2325
  </name>
  <category>
   Blouse
  </category>
  <size>
   M
  </size>
  <color>
   Синий
  </color>
  <material>
   Хлопок
  </material>
  <price>
   147130
  </price>
  <rating>
   3.08
  </rating>
  <reviews>
   783129
  </reviews>
  <new>
   -
  </new>
  <exclusive>
   yes
  </exclusive>
  <sporty>
   yes
  </sporty>
 </clothing>
 <clothing>
  <id>
   689821972
  </id>
  <name>
   Reebok Hat Q-3727
  </name>
  <category>
   Hat
  </category>
  <size>
   L
  </size>
  <color>
   Оранжевый
  </color>
  <material>
   Вискоза
  </material>
  <price>
   731054
  </price>
  <rating>
   2.99
  </rating>
  <reviews>
   896292
  </reviews>
 </clothing>
 <clothing>
  <id>
   105563327
  </id>
  <name>
   DC Jeans R-4340
  </name>
  <category>
   Jeans
  </category>
  <size>
   M
  </size>
  <color>
   Синий
  </color>
  <material>
   Шелк
  </material>
  <price>
   137543
  </price>
  <rating>
   2.85
  </rating>
  <reviews>
   291964
  </reviews>
  <new>
   +
  </new>
 </clothing>
 <clothing>
  <id>
   867670908
  </id>
  <name>
   Ellesse Hat K-3054
  </name>
  <category>
   Hat
  </category>
  <size>
   L
  </size>
  <color>
   Оранжевый
  </color>
  <material>
   Полиэстер
  </material>
  <price>
   295587
  </price>
  <rating>
   4.19
  </rating>
  <reviews>
   525153
  </reviews>
  <new>
   -
  </new>
  <exclusive>
   no
  </exclusive>
  <sporty>
   no
  </sporty>
 </clothing>
 <clothing>
  <id>
   807722475
  </id>
  <name>
   Fila Handbags W-6670
  </name>
  <category>
   Handbags
  </category>
  <size>
   XXL
  </size>
  <color>
   Красный
  </color>
  <material>
   Шерсть
  </material>
  <price>
   532654
  </price>
  <rating>
   2.26
  </rating>
  <reviews>
   840530
  </reviews>
  <new>
   +
  </new>
 </clothing>
 <clothing>
  <id>
   862554654
  </id>
  <name>
   Puma Shoes K-4784
  </name>
  <category>
   Shoes
  </category>
  <size>
   S
  </size>
  <color>
   Желтый
  </color>
  <material>
   Хлопок
  </material>
  <price>
   717256
  </price>
  <rating>
   2.24
  </rating>
  <reviews>
   979265
  </reviews>
 </clothing>
 <clothing>
  <id>
   572026961
  </id>
  <name>
   Addidas Pants F-7316
  </name>
  <category>
   Pants
  </category>
  <size>
   XL
  </size>
  <color>
   Желтый
  </color>
  <material>
   Кожа
  </material>
  <price>
   505376
  </price>
  <rating>
   1.65
  </rating>
  <reviews>
   667812
  </reviews>
  <exclusive>
   no
  </exclusive>
 </clothing>
 <clothing>
  <id>
   698823582
  </id>
  <name>
   Puma Dress K-3663
  </name>
  <category>
   Dress
  </category>
  <size>
   XL
  </size>
  <color>
   Фиолетовый
  </color>
  <material>
   Шелк
  </material>
  <price>
   491010
  </price>
  <rating>
   3.38
  </rating>
  <reviews>
   396317
  </reviews>
 </clothing>
 <clothing>
  <id>
   850042657
  </id>
  <name>
   Reebok Dress P-5639
  </name>
  <category>
   Dress
  </category>
  <size>
   S
  </size>
  <color>
   Зеленый
  </color>
  <material>
   Вискоза
  </material>
  <price>
   728877
  </price>
  <rating>
   2.36
  </rating>
  <reviews>
   767517
  </reviews>
  <exclusive>
   no
  </exclusive>
 </clothing>
 <clothing>
  <id>
   448369888
  </id>
  <name>
   Addidas Sweater T-1642
  </name>
  <category>
   Sweater
  </category>
  <size>
   S
  </size>
  <color>
   Фиолетовый
  </color>
  <material>
   Хлопок
  </material>
  <price>
   695924
  </price>
  <rating>
   4.88
  </rating>
  <reviews>
   229157
  </reviews>
  <exclusive>
   no
  </exclusive>
 </clothing>
</clothing-items>
