<?xml version="1.0" encoding="utf-8"?>
<clothing-items>
 <clothing>
  <id>
   150751698
  </id>
  <name>
   Ellesse Dress U-2251
  </name>
  <category>
   Dress
  </category>
  <size>
   XXL
  </size>
  <color>
   Желтый
  </color>
  <material>
   Лен
  </material>
  <price>
   331188
  </price>
  <rating>
   2.76
  </rating>
  <reviews>
   266183
  </reviews>
  <new>
   -
  </new>
 </clothing>
 <clothing>
  <id>
   417207624
  </id>
  <name>
   Adidas Hat Z-3715
  </name>
  <category>
   Hat
  </category>
  <size>
   XXL
  </size>
  <color>
   Фиолетовый
  </color>
  <material>
   Шерсть
  </material>
  <price>
   308228
  </price>
  <rating>
   1.2
  </rating>
  <reviews>
   147613
  </reviews>
  <new>
   -
  </new>
  <exclusive>
   no
  </exclusive>
 </clothing>
 <clothing>
  <id>
   885629608
  </id>
  <name>
   Addidas Belts R-7858
  </name>
  <category>
   Belts
  </category>
  <size>
   S
  </size>
  <color>
   Желтый
  </color>
  <material>
   Шелк
  </material>
  <price>
   757828
  </price>
  <rating>
   2.88
  </rating>
  <reviews>
   988276
  </reviews>
  <new>
   -
  </new>
 </clothing>
 <clothing>
  <id>
   182760686
  </id>
  <name>
   Addidas Sweater W-2808
  </name>
  <category>
   Sweater
  </category>
  <size>
   M
  </size>
  <color>
   Фиолетовый
  </color>
  <material>
   Кожа
  </material>
  <price>
   616266
  </price>
  <rating>
   3.5
  </rating>
  <reviews>
   324667
  </reviews>
  <new>
   +
  </new>
  <exclusive>
   yes
  </exclusive>
 </clothing>
 <clothing>
  <id>
   279655453
  </id>
  <name>
   Converse Blouse M-4383
  </name>
  <category>
   Blouse
  </category>
  <size>
   XXL
  </size>
  <color>
   Зеленый
  </color>
  <material>
   Кожа
  </material>
  <price>
   277444
  </price>
  <rating>
   1.54
  </rating>
  <reviews>
   860292
  </reviews>
  <exclusive>
   no
  </exclusive>
  <sporty>
   yes
  </sporty>
 </clothing>
 <clothing>
  <id>
   661907723
  </id>
  <name>
   Reebok Blouse X-3871
  </name>
  <category>
   Blouse
  </category>
  <size>
   M
  </size>
  <color>
   Фиолетовый
  </color>
  <material>
   Полиэстер
  </material>
  <price>
   437983
  </price>
  <rating>
   1.09
  </rating>
  <reviews>
   487813
  </reviews>
  <new>
   +
  </new>
  <sporty>
   no
  </sporty>
 </clothing>
 <clothing>
  <id>
   852226502
  </id>
  <name>
   Under Armour Shirt D-9154
  </name>
  <category>
   Shirt
  </category>
  <size>
   XXL
  </size>
  <color>
   Оранжевый
  </color>
  <material>
   Вискоза
  </material>
  <price>
   632320
  </price>
  <rating>
   1.17
  </rating>
  <reviews>
   694038
  </reviews>
  <new>
   +
  </new>
  <exclusive>
   no
  </exclusive>
  <sporty>
   no
  </sporty>
 </clothing>
 <clothing>
  <id>
   368445457
  </id>
  <name>
   New Balance Jacket B-7665
  </name>
  <category>
   Jacket
  </category>
  <size>
   M
  </size>
  <color>
   Желтый
  </color>
  <material>
   Вискоза
  </material>
  <price>
   400112
  </price>
  <rating>
   1.9
  </rating>
  <reviews>
   907835
  </reviews>
  <new>
   +
  </new>
 </clothing>
 <clothing>
  <id>
   267592483
  </id>
  <name>
   Lacoste Jacket D-1971
  </name>
  <category>
   Jacket
  </category>
  <size>
   L
  </size>
  <color>
   Красный
  </color>
  <material>
   Вискоза
  </material>
  <price>
   773271
  </price>
  <rating>
   1.07
  </rating>
  <reviews>
   101091
  </reviews>
  <new>
   +
  </new>
  <exclusive>
   no
  </exclusive>
  <sporty>
   no
  </sporty>
 </clothing>
 <clothing>
  <id>
   908524821
  </id>
  <name>
   Vans Shirt W-8834
  </name>
  <category>
   Shirt
  </category>
  <size>
   L
  </size>
  <color>
   Зеленый
  </color>
  <material>
   Хлопок
  </material>
  <price>
   261976
  </price>
  <rating>
   1.18
  </rating>
  <reviews>
   950089
  </reviews>
  <exclusive>
   yes
  </exclusive>
  <sporty>
   yes
  </sporty>
 </clothing>
 <clothing>
  <id>
   119037423
  </id>
  <name>
   Asics Pants C-3601
  </name>
  <category>
   Pants
  </category>
  <size>
   XXL
  </size>
  <color>
   Красный
  </color>
  <material>
   Вискоза
  </material>
  <price>
   900738
  </price>
  <rating>
   3.12
  </rating>
  <reviews>
   395787
  </reviews>
  <new>
   +
  </new>
  <exclusive>
   no
  </exclusive>
 </clothing>
 <clothing>
  <id>
   466446320
  </id>
  <name>
   Brooks Blouse T-7978
  </name>
  <category>
   Blouse
  </category>
  <size>
   XL
  </size>
  <color>
   Желтый
  </color>
  <material>
   Лен
  </material>
  <price>
   243837
  </price>
  <rating>
   4.93
  </rating>
  <reviews>
   50191
  </reviews>
  <new>
   -
  </new>
 </clothing>
 <clothing>
  <id>
   549861221
  </id>
  <name>
   DC Blouse D-4449
  </name>
  <category>
   Blouse
  </category>
  <size>
   L
  </size>
  <color>
   Желтый
  </color>
  <material>
   Шерсть
  </material>
  <price>
   391780
  </price>
  <rating>
   3.6
  </rating>
  <reviews>
   588790
  </reviews>
  <exclusive>
   no
  </exclusive>
  <sporty>
   no
  </sporty>
 </clothing>
 <clothing>
  <id>
   989499879
  </id>
  <name>
   Nike Skirt M-3410
  </name>
  <category>
   Skirt
  </category>
  <size>
   XL
  </size>
  <color>
   Синий
  </color>
  <material>
   Вискоза
  </material>
  <price>
   908504
  </price>
  <rating>
   1.74
  </rating>
  <reviews>
   803471
  </reviews>
  <new>
   +
  </new>
  <exclusive>
   no
  </exclusive>
 </clothing>
 <clothing>
  <id>
   800275129
  </id>
  <name>
   Brooks T-shirt Q-8097
  </name>
  <category>
   T-shirt
  </category>
  <size>
   L
  </size>
  <color>
   Красный
  </color>
  <material>
   Шерсть
  </material>
  <price>
   985805
  </price>
  <rating>
   4.03
  </rating>
  <reviews>
   110207
  </reviews>
  <new>
   +
  </new>
 </clothing>
 <clothing>
  <id>
   226432435
  </id>
  <name>
   Nike Shoes J-7546
  </name>
  <category>
   Shoes
  </category>
  <size>
   XL
  </size>
  <color>
   Желтый
  </color>
  <material>
   Шелк
  </material>
  <price>
   161324
  </price>
  <rating>
   1.96
  </rating>
  <reviews>
   438806
  </reviews>
  <new>
   +
  </new>
  <exclusive>
   no
  </exclusive>
  <sporty>
   no
  </sporty>
 </clothing>
 <clothing>
  <id>
   852012969
  </id>
  <name>
   Puma Handbags X-6309
  </name>
  <category>
   Handbags
  </category>
  <size>
   XXL
  </size>
  <color>
   Зеленый
  </color>
  <material>
   Шелк
  </material>
  <price>
   204273
  </price>
  <rating>
   4.71
  </rating>
  <reviews>
   158196
  </reviews>
  <new>
   +
  </new>
  <exclusive>
   no
  </exclusive>
 </clothing>
 <clothing>
  <id>
   145467542
  </id>
  <name>
   Brooks Jacket C-4846
  </name>
  <category>
   Jacket
  </category>
  <size>
   XL
  </size>
  <color>
   Голубой
  </color>
  <material>
   Лен
  </material>
  <price>
   677851
  </price>
  <rating>
   1.79
  </rating>
  <reviews>
   405958
  </reviews>
  <new>
   -
  </new>
  <exclusive>
   yes
  </exclusive>
 </clothing>
 <clothing>
  <id>
   696066624
  </id>
  <name>
   Under Armour Belts B-7312
  </name>
  <category>
   Belts
  </category>
  <size>
   XXL
  </size>
  <color>
   Зеленый
  </color>
  <material>
   Нейлон
  </material>
  <price>
   956432
  </price>
  <rating>
   2.4
  </rating>
  <reviews>
   927822
  </reviews>
  <exclusive>
   yes
  </exclusive>
 </clothing>
 <clothing>
  <id>
   999999861
  </id>
  <name>
   New Balance Blouse P-1942
  </name>
  <category>
   Blouse
  </category>
  <size>
   L
  </size>
  <color>
   Синий
  </color>
  <material>
   Шелк
  </material>
  <price>
   883518
  </price>
  <rating>
   4.72
  </rating>
  <reviews>
   651845
  </reviews>
  <new>
   +
  </new>
  <exclusive>
   no
  </exclusive>
  <sporty>
   no
  </sporty>
 </clothing>
 <clothing>
  <id>
   666176973
  </id>
  <name>
   Ellesse T-shirt E-1688
  </name>
  <category>
   T-shirt
  </category>
  <size>
   L
  </size>
  <color>
   Оранжевый
  </color>
  <material>
   Кожа
  </material>
  <price>
   959998
  </price>
  <rating>
   3.19
  </rating>
  <reviews>
   365490
  </reviews>
  <new>
   +
  </new>
 </clothing>
</clothing-items>
