<?xml version="1.0" encoding="utf-8"?>
<clothing-items>
 <clothing>
  <id>
   631306790
  </id>
  <name>
   Under Armour Hat A-3504
  </name>
  <category>
   Hat
  </category>
  <size>
   S
  </size>
  <color>
   Фиолетовый
  </color>
  <material>
   Лен
  </material>
  <price>
   630450
  </price>
  <rating>
   1.58
  </rating>
  <reviews>
   5205
  </reviews>
 </clothing>
 <clothing>
  <id>
   438508465
  </id>
  <name>
   Puma Jeans L-2113
  </name>
  <category>
   Jeans
  </category>
  <size>
   XXL
  </size>
  <color>
   Фиолетовый
  </color>
  <material>
   Шелк
  </material>
  <price>
   184879
  </price>
  <rating>
   1.64
  </rating>
  <reviews>
   195813
  </reviews>
  <exclusive>
   yes
  </exclusive>
 </clothing>
 <clothing>
  <id>
   857418175
  </id>
  <name>
   Converse Dress L-2112
  </name>
  <category>
   Dress
  </category>
  <size>
   M
  </size>
  <color>
   Красный
  </color>
  <material>
   Нейлон
  </material>
  <price>
   420906
  </price>
  <rating>
   2.3
  </rating>
  <reviews>
   703642
  </reviews>
 </clothing>
 <clothing>
  <id>
   582729613
  </id>
  <name>
   Fila Dress L-3474
  </name>
  <category>
   Dress
  </category>
  <size>
   XXL
  </size>
  <color>
   Голубой
  </color>
  <material>
   Шелк
  </material>
  <price>
   406047
  </price>
  <rating>
   2.34
  </rating>
  <reviews>
   802695
  </reviews>
  <exclusive>
   yes
  </exclusive>
  <sporty>
   yes
  </sporty>
 </clothing>
 <clothing>
  <id>
   516777170
  </id>
  <name>
   Under Armour Jeans J-7044
  </name>
  <category>
   Jeans
  </category>
  <size>
   L
  </size>
  <color>
   Синий
  </color>
  <material>
   Хлопок
  </material>
  <price>
   806035
  </price>
  <rating>
   1.34
  </rating>
  <reviews>
   975683
  </reviews>
  <exclusive>
   yes
  </exclusive>
  <sporty>
   no
  </sporty>
 </clothing>
 <clothing>
  <id>
   781039420
  </id>
  <name>
   Puma Belts B-9580
  </name>
  <category>
   Belts
  </category>
  <size>
   M
  </size>
  <color>
   Зеленый
  </color>
  <material>
   Шелк
  </material>
  <price>
   725920
  </price>
  <rating>
   4.22
  </rating>
  <reviews>
   209412
  </reviews>
  <new>
   +
  </new>
  <exclusive>
   yes
  </exclusive>
  <sporty>
   no
  </sporty>
 </clothing>
 <clothing>
  <id>
   427010336
  </id>
  <name>
   Fila Hat C-4163
  </name>
  <category>
   Hat
  </category>
  <size>
   XL
  </size>
  <color>
   Синий
  </color>
  <material>
   Кожа
  </material>
  <price>
   765801
  </price>
  <rating>
   1.27
  </rating>
  <reviews>
   675437
  </reviews>
  <new>
   +
  </new>
  <sporty>
   no
  </sporty>
 </clothing>
 <clothing>
  <id>
   229094971
  </id>
  <name>
   Brooks Dress J-6876
  </name>
  <category>
   Dress
  </category>
  <size>
   S
  </size>
  <color>
   Оранжевый
  </color>
  <material>
   Вискоза
  </material>
  <price>
   231727
  </price>
  <rating>
   4.12
  </rating>
  <reviews>
   346538
  </reviews>
  <sporty>
   yes
  </sporty>
 </clothing>
 <clothing>
  <id>
   901682405
  </id>
  <name>
   Under Armour Jeans X-9860
  </name>
  <category>
   Jeans
  </category>
  <size>
   XL
  </size>
  <color>
   Желтый
  </color>
  <material>
   Кожа
  </material>
  <price>
   435820
  </price>
  <rating>
   4.38
  </rating>
  <reviews>
   176175
  </reviews>
  <sporty>
   no
  </sporty>
 </clothing>
 <clothing>
  <id>
   186940434
  </id>
  <name>
   Addidas Pants Y-5875
  </name>
  <category>
   Pants
  </category>
  <size>
   L
  </size>
  <color>
   Оранжевый
  </color>
  <material>
   Шелк
  </material>
  <price>
   204130
  </price>
  <rating>
   1.23
  </rating>
  <reviews>
   475434
  </reviews>
  <sporty>
   no
  </sporty>
 </clothing>
 <clothing>
  <id>
   480274226
  </id>
  <name>
   Brooks Shoes H-7567
  </name>
  <category>
   Shoes
  </category>
  <size>
   M
  </size>
  <color>
   Синий
  </color>
  <material>
   Шерсть
  </material>
  <price>
   166014
  </price>
  <rating>
   4.83
  </rating>
  <reviews>
   474446
  </reviews>
  <new>
   +
  </new>
 </clothing>
 <clothing>
  <id>
   268740275
  </id>
  <name>
   Lacoste Jeans Q-7499
  </name>
  <category>
   Jeans
  </category>
  <size>
   XL
  </size>
  <color>
   Оранжевый
  </color>
  <material>
   Лен
  </material>
  <price>
   183350
  </price>
  <rating>
   1.25
  </rating>
  <reviews>
   513723
  </reviews>
 </clothing>
 <clothing>
  <id>
   491844915
  </id>
  <name>
   Vans Jacket G-2177
  </name>
  <category>
   Jacket
  </category>
  <size>
   L
  </size>
  <color>
   Красный
  </color>
  <material>
   Нейлон
  </material>
  <price>
   609626
  </price>
  <rating>
   3.11
  </rating>
  <reviews>
   882209
  </reviews>
  <exclusive>
   no
  </exclusive>
  <sporty>
   no
  </sporty>
 </clothing>
 <clothing>
  <id>
   988392441
  </id>
  <name>
   Converse Blouse O-1206
  </name>
  <category>
   Blouse
  </category>
  <size>
   M
  </size>
  <color>
   Фиолетовый
  </color>
  <material>
   Кожа
  </material>
  <price>
   953975
  </price>
  <rating>
   4.03
  </rating>
  <reviews>
   697504
  </reviews>
  <new>
   +
  </new>
  <sporty>
   yes
  </sporty>
 </clothing>
 <clothing>
  <id>
   204005673
  </id>
  <name>
   Puma Hat B-9740
  </name>
  <category>
   Hat
  </category>
  <size>
   S
  </size>
  <color>
   Оранжевый
  </color>
  <material>
   Шерсть
  </material>
  <price>
   388525
  </price>
  <rating>
   2.6
  </rating>
  <reviews>
   360096
  </reviews>
  <exclusive>
   no
  </exclusive>
  <sporty>
   no
  </sporty>
 </clothing>
 <clothing>
  <id>
   415893584
  </id>
  <name>
   DC Dress T-1828
  </name>
  <category>
   Dress
  </category>
  <size>
   XL
  </size>
  <color>
   Фиолетовый
  </color>
  <material>
   Шерсть
  </material>
  <price>
   798995
  </price>
  <rating>
   1.38
  </rating>
  <reviews>
   656819
  </reviews>
  <exclusive>
   no
  </exclusive>
  <sporty>
   no
  </sporty>
 </clothing>
 <clothing>
  <id>
   403554617
  </id>
  <name>
   Brooks Pants Q-5371
  </name>
  <category>
   Pants
  </category>
  <size>
   S
  </size>
  <color>
   Синий
  </color>
  <material>
   Хлопок
  </material>
  <price>
   935506
  </price>
  <rating>
   2.02
  </rating>
  <reviews>
   967501
  </reviews>
  <new>
   -
  </new>
  <exclusive>
   no
  </exclusive>
  <sporty>
   no
  </sporty>
 </clothing>
 <clothing>
  <id>
   504113309
  </id>
  <name>
   DC Socks I-4225
  </name>
  <category>
   Socks
  </category>
  <size>
   S
  </size>
  <color>
   Фиолетовый
  </color>
  <material>
   Лен
  </material>
  <price>
   921787
  </price>
  <rating>
   4.08
  </rating>
  <reviews>
   9782
  </reviews>
 </clothing>
 <clothing>
  <id>
   932503379
  </id>
  <name>
   PleinSport Jeans D-8205
  </name>
  <category>
   Jeans
  </category>
  <size>
   M
  </size>
  <color>
   Желтый
  </color>
  <material>
   Шелк
  </material>
  <price>
   360184
  </price>
  <rating>
   3.33
  </rating>
  <reviews>
   599641
  </reviews>
  <exclusive>
   yes
  </exclusive>
  <sporty>
   no
  </sporty>
 </clothing>
 <clothing>
  <id>
   705469583
  </id>
  <name>
   Vans Sweater W-5604
  </name>
  <category>
   Sweater
  </category>
  <size>
   L
  </size>
  <color>
   Желтый
  </color>
  <material>
   Вискоза
  </material>
  <price>
   739816
  </price>
  <rating>
   2.52
  </rating>
  <reviews>
   390146
  </reviews>
  <exclusive>
   no
  </exclusive>
  <sporty>
   yes
  </sporty>
 </clothing>
 <clothing>
  <id>
   306713396
  </id>
  <name>
   Converse Belts F-1356
  </name>
  <category>
   Belts
  </category>
  <size>
   S
  </size>
  <color>
   Желтый
  </color>
  <material>
   Вискоза
  </material>
  <price>
   433334
  </price>
  <rating>
   3.31
  </rating>
  <reviews>
   224738
  </reviews>
  <new>
   -
  </new>
  <sporty>
   no
  </sporty>
 </clothing>
 <clothing>
  <id>
   801684390
  </id>
  <name>
   Nike Pants W-6227
  </name>
  <category>
   Pants
  </category>
  <size>
   XL
  </size>
  <color>
   Красный
  </color>
  <material>
   Кожа
  </material>
  <price>
   375461
  </price>
  <rating>
   3.37
  </rating>
  <reviews>
   73487
  </reviews>
  <new>
   +
  </new>
  <exclusive>
   no
  </exclusive>
 </clothing>
 <clothing>
  <id>
   688615486
  </id>
  <name>
   Under Armour Dress I-4196
  </name>
  <category>
   Dress
  </category>
  <size>
   XL
  </size>
  <color>
   Оранжевый
  </color>
  <material>
   Полиэстер
  </material>
  <price>
   554242
  </price>
  <rating>
   2.03
  </rating>
  <reviews>
   170052
  </reviews>
  <new>
   -
  </new>
  <exclusive>
   no
  </exclusive>
  <sporty>
   no
  </sporty>
 </clothing>
 <clothing>
  <id>
   410082289
  </id>
  <name>
   Puma Jeans U-7111
  </name>
  <category>
   Jeans
  </category>
  <size>
   XL
  </size>
  <color>
   Зеленый
  </color>
  <material>
   Нейлон
  </material>
  <price>
   308989
  </price>
  <rating>
   4.89
  </rating>
  <reviews>
   295081
  </reviews>
  <new>
   -
  </new>
  <exclusive>
   no
  </exclusive>
  <sporty>
   yes
  </sporty>
 </clothing>
 <clothing>
  <id>
   618926237
  </id>
  <name>
   Adidas Dress E-9300
  </name>
  <category>
   Dress
  </category>
  <size>
   XXL
  </size>
  <color>
   Голубой
  </color>
  <material>
   Нейлон
  </material>
  <price>
   432895
  </price>
  <rating>
   3.95
  </rating>
  <reviews>
   943926
  </reviews>
  <new>
   -
  </new>
 </clothing>
 <clothing>
  <id>
   581516755
  </id>
  <name>
   Brooks Umbrellas R-4989
  </name>
  <category>
   Umbrellas
  </category>
  <size>
   S
  </size>
  <color>
   Оранжевый
  </color>
  <material>
   Кожа
  </material>
  <price>
   930001
  </price>
  <rating>
   3.44
  </rating>
  <reviews>
   839603
  </reviews>
  <exclusive>
   yes
  </exclusive>
  <sporty>
   no
  </sporty>
 </clothing>
 <clothing>
  <id>
   604692053
  </id>
  <name>
   Lacoste Sweater D-5126
  </name>
  <category>
   Sweater
  </category>
  <size>
   S
  </size>
  <color>
   Синий
  </color>
  <material>
   Шерсть
  </material>
  <price>
   162496
  </price>
  <rating>
   4.51
  </rating>
  <reviews>
   723243
  </reviews>
  <exclusive>
   no
  </exclusive>
  <sporty>
   no
  </sporty>
 </clothing>
 <clothing>
  <id>
   932439474
  </id>
  <name>
   Fila Umbrellas N-9686
  </name>
  <category>
   Umbrellas
  </category>
  <size>
   L
  </size>
  <color>
   Синий
  </color>
  <material>
   Полиэстер
  </material>
  <price>
   733090
  </price>
  <rating>
   2.36
  </rating>
  <reviews>
   186134
  </reviews>
  <new>
   +
  </new>
  <exclusive>
   no
  </exclusive>
 </clothing>
 <clothing>
  <id>
   818491551
  </id>
  <name>
   Adidas Blouse S-9938
  </name>
  <category>
   Blouse
  </category>
  <size>
   S
  </size>
  <color>
   Фиолетовый
  </color>
  <material>
   Лен
  </material>
  <price>
   950234
  </price>
  <rating>
   3.7
  </rating>
  <reviews>
   635931
  </reviews>
  <exclusive>
   no
  </exclusive>
 </clothing>
 <clothing>
  <id>
   562711288
  </id>
  <name>
   New Balance Skirt K-4309
  </name>
  <category>
   Skirt
  </category>
  <size>
   M
  </size>
  <color>
   Желтый
  </color>
  <material>
   Шелк
  </material>
  <price>
   832291
  </price>
  <rating>
   1.95
  </rating>
  <reviews>
   335070
  </reviews>
  <new>
   -
  </new>
  <sporty>
   yes
  </sporty>
 </clothing>
 <clothing>
  <id>
   748878535
  </id>
  <name>
   PleinSport Handbags P-9326
  </name>
  <category>
   Handbags
  </category>
  <size>
   S
  </size>
  <color>
   Зеленый
  </color>
  <material>
   Хлопок
  </material>
  <price>
   918624
  </price>
  <rating>
   4.66
  </rating>
  <reviews>
   745528
  </reviews>
  <new>
   -
  </new>
  <exclusive>
   no
  </exclusive>
  <sporty>
   no
  </sporty>
 </clothing>
 <clothing>
  <id>
   970509560
  </id>
  <name>
   New Balance Handbags D-8320
  </name>
  <category>
   Handbags
  </category>
  <size>
   S
  </size>
  <color>
   Синий
  </color>
  <material>
   Шелк
  </material>
  <price>
   855514
  </price>
  <rating>
   2.62
  </rating>
  <reviews>
   513619
  </reviews>
  <exclusive>
   yes
  </exclusive>
 </clothing>
 <clothing>
  <id>
   232102508
  </id>
  <name>
   Adidas Dress F-6584
  </name>
  <category>
   Dress
  </category>
  <size>
   XXL
  </size>
  <color>
   Голубой
  </color>
  <material>
   Вискоза
  </material>
  <price>
   509169
  </price>
  <rating>
   4.17
  </rating>
  <reviews>
   850639
  </reviews>
  <new>
   -
  </new>
  <sporty>
   no
  </sporty>
 </clothing>
 <clothing>
  <id>
   533754517
  </id>
  <name>
   Puma Handbags U-8757
  </name>
  <category>
   Handbags
  </category>
  <size>
   S
  </size>
  <color>
   Фиолетовый
  </color>
  <material>
   Шерсть
  </material>
  <price>
   779842
  </price>
  <rating>
   2.11
  </rating>
  <reviews>
   574080
  </reviews>
  <exclusive>
   yes
  </exclusive>
  <sporty>
   no
  </sporty>
 </clothing>
 <clothing>
  <id>
   229212514
  </id>
  <name>
   Addidas T-shirt D-3166
  </name>
  <category>
   T-shirt
  </category>
  <size>
   M
  </size>
  <color>
   Красный
  </color>
  <material>
   Хлопок
  </material>
  <price>
   724935
  </price>
  <rating>
   4.51
  </rating>
  <reviews>
   673178
  </reviews>
  <new>
   -
  </new>
  <sporty>
   yes
  </sporty>
 </clothing>
</clothing-items>
