<?xml version="1.0" encoding="utf-8"?>
<clothing-items>
 <clothing>
  <id>
   433848499
  </id>
  <name>
   Asics Dress Q-2573
  </name>
  <category>
   Dress
  </category>
  <size>
   L
  </size>
  <color>
   Синий
  </color>
  <material>
   Полиэстер
  </material>
  <price>
   113889
  </price>
  <rating>
   3.9
  </rating>
  <reviews>
   522366
  </reviews>
  <sporty>
   yes
  </sporty>
 </clothing>
 <clothing>
  <id>
   395874072
  </id>
  <name>
   Converse Belts K-5197
  </name>
  <category>
   Belts
  </category>
  <size>
   M
  </size>
  <color>
   Оранжевый
  </color>
  <material>
   Нейлон
  </material>
  <price>
   251379
  </price>
  <rating>
   4.9
  </rating>
  <reviews>
   634788
  </reviews>
  <exclusive>
   yes
  </exclusive>
  <sporty>
   yes
  </sporty>
 </clothing>
 <clothing>
  <id>
   795692555
  </id>
  <name>
   Converse Gloves X-2006
  </name>
  <category>
   Gloves
  </category>
  <size>
   S
  </size>
  <color>
   Оранжевый
  </color>
  <material>
   Кожа
  </material>
  <price>
   810900
  </price>
  <rating>
   1.41
  </rating>
  <reviews>
   21264
  </reviews>
 </clothing>
 <clothing>
  <id>
   316523863
  </id>
  <name>
   PleinSport Handbags F-5199
  </name>
  <category>
   Handbags
  </category>
  <size>
   L
  </size>
  <color>
   Синий
  </color>
  <material>
   Шелк
  </material>
  <price>
   402755
  </price>
  <rating>
   1.74
  </rating>
  <reviews>
   354724
  </reviews>
  <exclusive>
   yes
  </exclusive>
 </clothing>
 <clothing>
  <id>
   905888629
  </id>
  <name>
   PleinSport Jeans Q-8460
  </name>
  <category>
   Jeans
  </category>
  <size>
   XL
  </size>
  <color>
   Желтый
  </color>
  <material>
   Нейлон
  </material>
  <price>
   515463
  </price>
  <rating>
   4.83
  </rating>
  <reviews>
   161092
  </reviews>
  <new>
   +
  </new>
  <exclusive>
   no
  </exclusive>
 </clothing>
 <clothing>
  <id>
   984363967
  </id>
  <name>
   Nike Pants Y-3714
  </name>
  <category>
   Pants
  </category>
  <size>
   XL
  </size>
  <color>
   Фиолетовый
  </color>
  <material>
   Полиэстер
  </material>
  <price>
   385350
  </price>
  <rating>
   4.15
  </rating>
  <reviews>
   179322
  </reviews>
  <new>
   -
  </new>
  <exclusive>
   yes
  </exclusive>
 </clothing>
 <clothing>
  <id>
   121329694
  </id>
  <name>
   Nike Umbrellas O-4440
  </name>
  <category>
   Umbrellas
  </category>
  <size>
   XXL
  </size>
  <color>
   Голубой
  </color>
  <material>
   Кожа
  </material>
  <price>
   541055
  </price>
  <rating>
   3.7
  </rating>
  <reviews>
   711146
  </reviews>
  <sporty>
   no
  </sporty>
 </clothing>
 <clothing>
  <id>
   905925207
  </id>
  <name>
   Addidas Dress I-4402
  </name>
  <category>
   Dress
  </category>
  <size>
   M
  </size>
  <color>
   Синий
  </color>
  <material>
   Шерсть
  </material>
  <price>
   406306
  </price>
  <rating>
   4.6
  </rating>
  <reviews>
   75109
  </reviews>
  <sporty>
   yes
  </sporty>
 </clothing>
 <clothing>
  <id>
   578977143
  </id>
  <name>
   Nike Socks A-1743
  </name>
  <category>
   Socks
  </category>
  <size>
   L
  </size>
  <color>
   Зеленый
  </color>
  <material>
   Вискоза
  </material>
  <price>
   248283
  </price>
  <rating>
   3.19
  </rating>
  <reviews>
   727943
  </reviews>
  <new>
   -
  </new>
  <exclusive>
   no
  </exclusive>
  <sporty>
   no
  </sporty>
 </clothing>
 <clothing>
  <id>
   268642340
  </id>
  <name>
   Adidas Jacket L-8769
  </name>
  <category>
   Jacket
  </category>
  <size>
   XL
  </size>
  <color>
   Оранжевый
  </color>
  <material>
   Шелк
  </material>
  <price>
   179774
  </price>
  <rating>
   1.01
  </rating>
  <reviews>
   235588
  </reviews>
  <exclusive>
   yes
  </exclusive>
 </clothing>
 <clothing>
  <id>
   374716725
  </id>
  <name>
   Vans Jeans B-6726
  </name>
  <category>
   Jeans
  </category>
  <size>
   S
  </size>
  <color>
   Голубой
  </color>
  <material>
   Вискоза
  </material>
  <price>
   687226
  </price>
  <rating>
   3.89
  </rating>
  <reviews>
   385037
  </reviews>
  <new>
   +
  </new>
  <exclusive>
   no
  </exclusive>
 </clothing>
 <clothing>
  <id>
   441971562
  </id>
  <name>
   Puma Dress B-2746
  </name>
  <category>
   Dress
  </category>
  <size>
   M
  </size>
  <color>
   Желтый
  </color>
  <material>
   Шелк
  </material>
  <price>
   657645
  </price>
  <rating>
   3.45
  </rating>
  <reviews>
   39501
  </reviews>
  <exclusive>
   yes
  </exclusive>
 </clothing>
 <clothing>
  <id>
   585026516
  </id>
  <name>
   Lacoste Jeans H-8595
  </name>
  <category>
   Jeans
  </category>
  <size>
   L
  </size>
  <color>
   Фиолетовый
  </color>
  <material>
   Нейлон
  </material>
  <price>
   410886
  </price>
  <rating>
   4.95
  </rating>
  <reviews>
   542904
  </reviews>
  <new>
   -
  </new>
  <exclusive>
   yes
  </exclusive>
 </clothing>
 <clothing>
  <id>
   602461404
  </id>
  <name>
   Nike Skirt V-6890
  </name>
  <category>
   Skirt
  </category>
  <size>
   L
  </size>
  <color>
   Синий
  </color>
  <material>
   Лен
  </material>
  <price>
   632778
  </price>
  <rating>
   1.17
  </rating>
  <reviews>
   900734
  </reviews>
 </clothing>
 <clothing>
  <id>
   197755613
  </id>
  <name>
   Lacoste Hat K-1703
  </name>
  <category>
   Hat
  </category>
  <size>
   L
  </size>
  <color>
   Желтый
  </color>
  <material>
   Лен
  </material>
  <price>
   629227
  </price>
  <rating>
   2.69
  </rating>
  <reviews>
   998264
  </reviews>
  <new>
   -
  </new>
  <exclusive>
   no
  </exclusive>
 </clothing>
 <clothing>
  <id>
   767786368
  </id>
  <name>
   Converse Handbags W-2931
  </name>
  <category>
   Handbags
  </category>
  <size>
   M
  </size>
  <color>
   Синий
  </color>
  <material>
   Вискоза
  </material>
  <price>
   308175
  </price>
  <rating>
   4.68
  </rating>
  <reviews>
   113899
  </reviews>
  <new>
   -
  </new>
  <sporty>
   no
  </sporty>
 </clothing>
 <clothing>
  <id>
   420612006
  </id>
  <name>
   Brooks Belts I-4922
  </name>
  <category>
   Belts
  </category>
  <size>
   XXL
  </size>
  <color>
   Синий
  </color>
  <material>
   Шелк
  </material>
  <price>
   937825
  </price>
  <rating>
   1.2
  </rating>
  <reviews>
   344765
  </reviews>
  <new>
   +
  </new>
  <sporty>
   yes
  </sporty>
 </clothing>
 <clothing>
  <id>
   447655431
  </id>
  <name>
   DC Jeans S-6127
  </name>
  <category>
   Jeans
  </category>
  <size>
   XXL
  </size>
  <color>
   Красный
  </color>
  <material>
   Лен
  </material>
  <price>
   786322
  </price>
  <rating>
   2.99
  </rating>
  <reviews>
   852452
  </reviews>
  <new>
   -
  </new>
  <sporty>
   no
  </sporty>
 </clothing>
 <clothing>
  <id>
   740470830
  </id>
  <name>
   New Balance Socks F-3264
  </name>
  <category>
   Socks
  </category>
  <size>
   S
  </size>
  <color>
   Фиолетовый
  </color>
  <material>
   Шерсть
  </material>
  <price>
   361592
  </price>
  <rating>
   3.89
  </rating>
  <reviews>
   921234
  </reviews>
  <exclusive>
   no
  </exclusive>
  <sporty>
   yes
  </sporty>
 </clothing>
 <clothing>
  <id>
   694269764
  </id>
  <name>
   Ellesse Handbags E-1531
  </name>
  <category>
   Handbags
  </category>
  <size>
   M
  </size>
  <color>
   Красный
  </color>
  <material>
   Лен
  </material>
  <price>
   383214
  </price>
  <rating>
   1.44
  </rating>
  <reviews>
   943818
  </reviews>
  <new>
   +
  </new>
  <exclusive>
   no
  </exclusive>
 </clothing>
 <clothing>
  <id>
   589786870
  </id>
  <name>
   Brooks Dress F-3375
  </name>
  <category>
   Dress
  </category>
  <size>
   S
  </size>
  <color>
   Голубой
  </color>
  <material>
   Лен
  </material>
  <price>
   249250
  </price>
  <rating>
   1.43
  </rating>
  <reviews>
   67058
  </reviews>
  <new>
   -
  </new>
  <sporty>
   no
  </sporty>
 </clothing>
 <clothing>
  <id>
   632263887
  </id>
  <name>
   Vans Blouse E-8628
  </name>
  <category>
   Blouse
  </category>
  <size>
   XL
  </size>
  <color>
   Голубой
  </color>
  <material>
   Нейлон
  </material>
  <price>
   916313
  </price>
  <rating>
   3.09
  </rating>
  <reviews>
   346793
  </reviews>
  <new>
   -
  </new>
  <exclusive>
   no
  </exclusive>
  <sporty>
   no
  </sporty>
 </clothing>
 <clothing>
  <id>
   720144930
  </id>
  <name>
   Reebok Dress B-3164
  </name>
  <category>
   Dress
  </category>
  <size>
   XXL
  </size>
  <color>
   Синий
  </color>
  <material>
   Полиэстер
  </material>
  <price>
   863708
  </price>
  <rating>
   1.82
  </rating>
  <reviews>
   130105
  </reviews>
  <new>
   +
  </new>
 </clothing>
 <clothing>
  <id>
   956249096
  </id>
  <name>
   Vans Skirt A-4685
  </name>
  <category>
   Skirt
  </category>
  <size>
   L
  </size>
  <color>
   Фиолетовый
  </color>
  <material>
   Шерсть
  </material>
  <price>
   787120
  </price>
  <rating>
   2.46
  </rating>
  <reviews>
   821744
  </reviews>
  <new>
   +
  </new>
  <exclusive>
   no
  </exclusive>
  <sporty>
   no
  </sporty>
 </clothing>
 <clothing>
  <id>
   376698784
  </id>
  <name>
   Nike Umbrellas O-1307
  </name>
  <category>
   Umbrellas
  </category>
  <size>
   M
  </size>
  <color>
   Синий
  </color>
  <material>
   Шерсть
  </material>
  <price>
   724122
  </price>
  <rating>
   1.2
  </rating>
  <reviews>
   426249
  </reviews>
  <exclusive>
   no
  </exclusive>
 </clothing>
 <clothing>
  <id>
   559402680
  </id>
  <name>
   Nike Pants F-1108
  </name>
  <category>
   Pants
  </category>
  <size>
   XXL
  </size>
  <color>
   Синий
  </color>
  <material>
   Полиэстер
  </material>
  <price>
   838049
  </price>
  <rating>
   2.75
  </rating>
  <reviews>
   545671
  </reviews>
  <exclusive>
   no
  </exclusive>
 </clothing>
 <clothing>
  <id>
   977307075
  </id>
  <name>
   Brooks Hat F-3287
  </name>
  <category>
   Hat
  </category>
  <size>
   L
  </size>
  <color>
   Фиолетовый
  </color>
  <material>
   Нейлон
  </material>
  <price>
   935166
  </price>
  <rating>
   2.0
  </rating>
  <reviews>
   688768
  </reviews>
  <new>
   -
  </new>
  <exclusive>
   yes
  </exclusive>
  <sporty>
   no
  </sporty>
 </clothing>
 <clothing>
  <id>
   417172863
  </id>
  <name>
   Ellesse Pants F-4838
  </name>
  <category>
   Pants
  </category>
  <size>
   S
  </size>
  <color>
   Голубой
  </color>
  <material>
   Лен
  </material>
  <price>
   209893
  </price>
  <rating>
   1.67
  </rating>
  <reviews>
   583236
  </reviews>
  <new>
   -
  </new>
 </clothing>
 <clothing>
  <id>
   337360981
  </id>
  <name>
   Puma Gloves K-7223
  </name>
  <category>
   Gloves
  </category>
  <size>
   XXL
  </size>
  <color>
   Оранжевый
  </color>
  <material>
   Вискоза
  </material>
  <price>
   785146
  </price>
  <rating>
   4.71
  </rating>
  <reviews>
   506357
  </reviews>
  <exclusive>
   no
  </exclusive>
  <sporty>
   no
  </sporty>
 </clothing>
</clothing-items>
