<?xml version="1.0" encoding="utf-8"?>
<clothing-items>
 <clothing>
  <id>
   341297949
  </id>
  <name>
   DC Gloves V-3422
  </name>
  <category>
   Gloves
  </category>
  <size>
   XXL
  </size>
  <color>
   Желтый
  </color>
  <material>
   Шерсть
  </material>
  <price>
   253887
  </price>
  <rating>
   2.75
  </rating>
  <reviews>
   922805
  </reviews>
  <new>
   -
  </new>
  <exclusive>
   no
  </exclusive>
 </clothing>
 <clothing>
  <id>
   897109798
  </id>
  <name>
   Reebok Skirt X-6933
  </name>
  <category>
   Skirt
  </category>
  <size>
   M
  </size>
  <color>
   Зеленый
  </color>
  <material>
   Полиэстер
  </material>
  <price>
   442970
  </price>
  <rating>
   4.66
  </rating>
  <reviews>
   699622
  </reviews>
  <exclusive>
   no
  </exclusive>
  <sporty>
   no
  </sporty>
 </clothing>
 <clothing>
  <id>
   322544487
  </id>
  <name>
   Lacoste Belts V-7837
  </name>
  <category>
   Belts
  </category>
  <size>
   L
  </size>
  <color>
   Синий
  </color>
  <material>
   Полиэстер
  </material>
  <price>
   136121
  </price>
  <rating>
   4.28
  </rating>
  <reviews>
   63969
  </reviews>
  <new>
   -
  </new>
  <sporty>
   yes
  </sporty>
 </clothing>
 <clothing>
  <id>
   578848413
  </id>
  <name>
   Puma Socks O-3759
  </name>
  <category>
   Socks
  </category>
  <size>
   XXL
  </size>
  <color>
   Зеленый
  </color>
  <material>
   Нейлон
  </material>
  <price>
   782862
  </price>
  <rating>
   4.92
  </rating>
  <reviews>
   755803
  </reviews>
  <new>
   -
  </new>
  <exclusive>
   no
  </exclusive>
  <sporty>
   no
  </sporty>
 </clothing>
 <clothing>
  <id>
   299569594
  </id>
  <name>
   Puma Skirt X-7958
  </name>
  <category>
   Skirt
  </category>
  <size>
   S
  </size>
  <color>
   Красный
  </color>
  <material>
   Вискоза
  </material>
  <price>
   277519
  </price>
  <rating>
   4.34
  </rating>
  <reviews>
   829270
  </reviews>
  <new>
   -
  </new>
 </clothing>
 <clothing>
  <id>
   822612999
  </id>
  <name>
   PleinSport Socks V-3302
  </name>
  <category>
   Socks
  </category>
  <size>
   S
  </size>
  <color>
   Голубой
  </color>
  <material>
   Лен
  </material>
  <price>
   158116
  </price>
  <rating>
   4.37
  </rating>
  <reviews>
   795757
  </reviews>
  <new>
   -
  </new>
  <exclusive>
   no
  </exclusive>
 </clothing>
 <clothing>
  <id>
   644551384
  </id>
  <name>
   Brooks T-shirt A-6227
  </name>
  <category>
   T-shirt
  </category>
  <size>
   XXL
  </size>
  <color>
   Оранжевый
  </color>
  <material>
   Хлопок
  </material>
  <price>
   378595
  </price>
  <rating>
   2.1
  </rating>
  <reviews>
   986378
  </reviews>
  <new>
   -
  </new>
  <exclusive>
   no
  </exclusive>
  <sporty>
   yes
  </sporty>
 </clothing>
 <clothing>
  <id>
   132886085
  </id>
  <name>
   Adidas Pants E-1228
  </name>
  <category>
   Pants
  </category>
  <size>
   S
  </size>
  <color>
   Оранжевый
  </color>
  <material>
   Шелк
  </material>
  <price>
   909378
  </price>
  <rating>
   2.14
  </rating>
  <reviews>
   185101
  </reviews>
  <new>
   -
  </new>
  <sporty>
   no
  </sporty>
 </clothing>
 <clothing>
  <id>
   159855386
  </id>
  <name>
   Under Armour Shirt K-2601
  </name>
  <category>
   Shirt
  </category>
  <size>
   XXL
  </size>
  <color>
   Фиолетовый
  </color>
  <material>
   Полиэстер
  </material>
  <price>
   684880
  </price>
  <rating>
   1.78
  </rating>
  <reviews>
   368699
  </reviews>
  <sporty>
   yes
  </sporty>
 </clothing>
 <clothing>
  <id>
   343802245
  </id>
  <name>
   Addidas Handbags D-4763
  </name>
  <category>
   Handbags
  </category>
  <size>
   M
  </size>
  <color>
   Фиолетовый
  </color>
  <material>
   Вискоза
  </material>
  <price>
   478393
  </price>
  <rating>
   4.56
  </rating>
  <reviews>
   227452
  </reviews>
  <new>
   -
  </new>
  <sporty>
   yes
  </sporty>
 </clothing>
 <clothing>
  <id>
   520991030
  </id>
  <name>
   Nike Jacket R-2197
  </name>
  <category>
   Jacket
  </category>
  <size>
   M
  </size>
  <color>
   Синий
  </color>
  <material>
   Шелк
  </material>
  <price>
   448826
  </price>
  <rating>
   1.01
  </rating>
  <reviews>
   301016
  </reviews>
  <new>
   +
  </new>
  <sporty>
   no
  </sporty>
 </clothing>
 <clothing>
  <id>
   592706051
  </id>
  <name>
   Addidas Shirt T-2698
  </name>
  <category>
   Shirt
  </category>
  <size>
   M
  </size>
  <color>
   Зеленый
  </color>
  <material>
   Полиэстер
  </material>
  <price>
   363439
  </price>
  <rating>
   3.64
  </rating>
  <reviews>
   781891
  </reviews>
  <exclusive>
   no
  </exclusive>
 </clothing>
 <clothing>
  <id>
   144310857
  </id>
  <name>
   New Balance Dress U-8867
  </name>
  <category>
   Dress
  </category>
  <size>
   S
  </size>
  <color>
   Фиолетовый
  </color>
  <material>
   Нейлон
  </material>
  <price>
   732410
  </price>
  <rating>
   3.75
  </rating>
  <reviews>
   839383
  </reviews>
  <new>
   -
  </new>
 </clothing>
 <clothing>
  <id>
   202296841
  </id>
  <name>
   Asics Dress K-1962
  </name>
  <category>
   Dress
  </category>
  <size>
   XL
  </size>
  <color>
   Голубой
  </color>
  <material>
   Хлопок
  </material>
  <price>
   153642
  </price>
  <rating>
   2.15
  </rating>
  <reviews>
   517239
  </reviews>
  <sporty>
   no
  </sporty>
 </clothing>
 <clothing>
  <id>
   921286095
  </id>
  <name>
   Under Armour Umbrellas B-3190
  </name>
  <category>
   Umbrellas
  </category>
  <size>
   XXL
  </size>
  <color>
   Желтый
  </color>
  <material>
   Лен
  </material>
  <price>
   135085
  </price>
  <rating>
   1.78
  </rating>
  <reviews>
   820502
  </reviews>
  <sporty>
   yes
  </sporty>
 </clothing>
 <clothing>
  <id>
   905708940
  </id>
  <name>
   Fila Shirt S-7478
  </name>
  <category>
   Shirt
  </category>
  <size>
   XL
  </size>
  <color>
   Желтый
  </color>
  <material>
   Хлопок
  </material>
  <price>
   964042
  </price>
  <rating>
   3.57
  </rating>
  <reviews>
   143135
  </reviews>
  <new>
   -
  </new>
  <exclusive>
   no
  </exclusive>
  <sporty>
   no
  </sporty>
 </clothing>
 <clothing>
  <id>
   904612981
  </id>
  <name>
   Ellesse Sweater P-9712
  </name>
  <category>
   Sweater
  </category>
  <size>
   L
  </size>
  <color>
   Фиолетовый
  </color>
  <material>
   Шелк
  </material>
  <price>
   897281
  </price>
  <rating>
   1.48
  </rating>
  <reviews>
   330425
  </reviews>
  <new>
   -
  </new>
  <sporty>
   yes
  </sporty>
 </clothing>
 <clothing>
  <id>
   703557262
  </id>
  <name>
   Puma Jacket J-9008
  </name>
  <category>
   Jacket
  </category>
  <size>
   XXL
  </size>
  <color>
   Синий
  </color>
  <material>
   Лен
  </material>
  <price>
   112345
  </price>
  <rating>
   4.27
  </rating>
  <reviews>
   880335
  </reviews>
  <sporty>
   no
  </sporty>
 </clothing>
 <clothing>
  <id>
   412465151
  </id>
  <name>
   Vans Socks I-5414
  </name>
  <category>
   Socks
  </category>
  <size>
   S
  </size>
  <color>
   Зеленый
  </color>
  <material>
   Лен
  </material>
  <price>
   598124
  </price>
  <rating>
   2.2
  </rating>
  <reviews>
   354897
  </reviews>
  <sporty>
   no
  </sporty>
 </clothing>
 <clothing>
  <id>
   797693709
  </id>
  <name>
   DC Blouse O-5955
  </name>
  <category>
   Blouse
  </category>
  <size>
   M
  </size>
  <color>
   Зеленый
  </color>
  <material>
   Шелк
  </material>
  <price>
   720532
  </price>
  <rating>
   4.92
  </rating>
  <reviews>
   508927
  </reviews>
  <sporty>
   no
  </sporty>
 </clothing>
 <clothing>
  <id>
   547631390
  </id>
  <name>
   Lacoste Umbrellas W-9119
  </name>
  <category>
   Umbrellas
  </category>
  <size>
   XL
  </size>
  <color>
   Красный
  </color>
  <material>
   Вискоза
  </material>
  <price>
   516945
  </price>
  <rating>
   3.25
  </rating>
  <reviews>
   906270
  </reviews>
  <new>
   -
  </new>
  <exclusive>
   no
  </exclusive>
  <sporty>
   no
  </sporty>
 </clothing>
 <clothing>
  <id>
   902562511
  </id>
  <name>
   Adidas Socks X-8713
  </name>
  <category>
   Socks
  </category>
  <size>
   M
  </size>
  <color>
   Желтый
  </color>
  <material>
   Хлопок
  </material>
  <price>
   932955
  </price>
  <rating>
   3.78
  </rating>
  <reviews>
   950506
  </reviews>
  <new>
   -
  </new>
  <exclusive>
   no
  </exclusive>
 </clothing>
 <clothing>
  <id>
   569519143
  </id>
  <name>
   Ellesse Gloves K-8072
  </name>
  <category>
   Gloves
  </category>
  <size>
   XXL
  </size>
  <color>
   Оранжевый
  </color>
  <material>
   Кожа
  </material>
  <price>
   478499
  </price>
  <rating>
   2.0
  </rating>
  <reviews>
   80845
  </reviews>
  <exclusive>
   no
  </exclusive>
  <sporty>
   yes
  </sporty>
 </clothing>
 <clothing>
  <id>
   737644671
  </id>
  <name>
   Adidas Blouse B-9510
  </name>
  <category>
   Blouse
  </category>
  <size>
   L
  </size>
  <color>
   Оранжевый
  </color>
  <material>
   Хлопок
  </material>
  <price>
   179340
  </price>
  <rating>
   4.72
  </rating>
  <reviews>
   454328
  </reviews>
  <exclusive>
   no
  </exclusive>
  <sporty>
   yes
  </sporty>
 </clothing>
 <clothing>
  <id>
   819366015
  </id>
  <name>
   New Balance Gloves L-9234
  </name>
  <category>
   Gloves
  </category>
  <size>
   S
  </size>
  <color>
   Синий
  </color>
  <material>
   Шерсть
  </material>
  <price>
   241626
  </price>
  <rating>
   3.25
  </rating>
  <reviews>
   69750
  </reviews>
 </clothing>
 <clothing>
  <id>
   865204481
  </id>
  <name>
   Addidas Pants F-4264
  </name>
  <category>
   Pants
  </category>
  <size>
   L
  </size>
  <color>
   Фиолетовый
  </color>
  <material>
   Шелк
  </material>
  <price>
   632515
  </price>
  <rating>
   4.53
  </rating>
  <reviews>
   488074
  </reviews>
  <new>
   +
  </new>
  <exclusive>
   no
  </exclusive>
 </clothing>
 <clothing>
  <id>
   495608248
  </id>
  <name>
   Lacoste Belts I-9460
  </name>
  <category>
   Belts
  </category>
  <size>
   XXL
  </size>
  <color>
   Голубой
  </color>
  <material>
   Вискоза
  </material>
  <price>
   634250
  </price>
  <rating>
   1.51
  </rating>
  <reviews>
   664670
  </reviews>
  <new>
   +
  </new>
  <sporty>
   no
  </sporty>
 </clothing>
 <clothing>
  <id>
   931191456
  </id>
  <name>
   Brooks Handbags E-2073
  </name>
  <category>
   Handbags
  </category>
  <size>
   M
  </size>
  <color>
   Оранжевый
  </color>
  <material>
   Вискоза
  </material>
  <price>
   999322
  </price>
  <rating>
   1.31
  </rating>
  <reviews>
   53257
  </reviews>
  <exclusive>
   no
  </exclusive>
  <sporty>
   no
  </sporty>
 </clothing>
 <clothing>
  <id>
   740354123
  </id>
  <name>
   Ellesse Hat E-3277
  </name>
  <category>
   Hat
  </category>
  <size>
   XL
  </size>
  <color>
   Голубой
  </color>
  <material>
   Хлопок
  </material>
  <price>
   460695
  </price>
  <rating>
   4.5
  </rating>
  <reviews>
   127194
  </reviews>
  <new>
   -
  </new>
  <exclusive>
   yes
  </exclusive>
 </clothing>
 <clothing>
  <id>
   917286770
  </id>
  <name>
   Asics Socks Z-1304
  </name>
  <category>
   Socks
  </category>
  <size>
   S
  </size>
  <color>
   Оранжевый
  </color>
  <material>
   Кожа
  </material>
  <price>
   600726
  </price>
  <rating>
   1.37
  </rating>
  <reviews>
   893389
  </reviews>
  <new>
   +
  </new>
  <exclusive>
   no
  </exclusive>
  <sporty>
   yes
  </sporty>
 </clothing>
 <clothing>
  <id>
   882576083
  </id>
  <name>
   Adidas Handbags F-7967
  </name>
  <category>
   Handbags
  </category>
  <size>
   S
  </size>
  <color>
   Зеленый
  </color>
  <material>
   Вискоза
  </material>
  <price>
   935833
  </price>
  <rating>
   1.82
  </rating>
  <reviews>
   939395
  </reviews>
  <new>
   -
  </new>
  <exclusive>
   yes
  </exclusive>
 </clothing>
 <clothing>
  <id>
   842779510
  </id>
  <name>
   Asics Shoes B-5570
  </name>
  <category>
   Shoes
  </category>
  <size>
   S
  </size>
  <color>
   Зеленый
  </color>
  <material>
   Вискоза
  </material>
  <price>
   736207
  </price>
  <rating>
   4.85
  </rating>
  <reviews>
   432037
  </reviews>
  <new>
   -
  </new>
 </clothing>
 <clothing>
  <id>
   632923626
  </id>
  <name>
   DC Handbags K-8400
  </name>
  <category>
   Handbags
  </category>
  <size>
   XXL
  </size>
  <color>
   Желтый
  </color>
  <material>
   Шерсть
  </material>
  <price>
   513991
  </price>
  <rating>
   2.59
  </rating>
  <reviews>
   342662
  </reviews>
  <new>
   -
  </new>
  <sporty>
   yes
  </sporty>
 </clothing>
 <clothing>
  <id>
   241464998
  </id>
  <name>
   Vans Blouse B-8460
  </name>
  <category>
   Blouse
  </category>
  <size>
   L
  </size>
  <color>
   Фиолетовый
  </color>
  <material>
   Шерсть
  </material>
  <price>
   499682
  </price>
  <rating>
   1.41
  </rating>
  <reviews>
   999188
  </reviews>
  <sporty>
   no
  </sporty>
 </clothing>
 <clothing>
  <id>
   100724627
  </id>
  <name>
   Addidas Shoes X-7957
  </name>
  <category>
   Shoes
  </category>
  <size>
   L
  </size>
  <color>
   Синий
  </color>
  <material>
   Хлопок
  </material>
  <price>
   820974
  </price>
  <rating>
   2.57
  </rating>
  <reviews>
   294012
  </reviews>
 </clothing>
 <clothing>
  <id>
   445759827
  </id>
  <name>
   Addidas Umbrellas W-8872
  </name>
  <category>
   Umbrellas
  </category>
  <size>
   L
  </size>
  <color>
   Красный
  </color>
  <material>
   Нейлон
  </material>
  <price>
   877480
  </price>
  <rating>
   1.53
  </rating>
  <reviews>
   746525
  </reviews>
  <exclusive>
   yes
  </exclusive>
  <sporty>
   yes
  </sporty>
 </clothing>
 <clothing>
  <id>
   913870018
  </id>
  <name>
   New Balance Jacket K-5774
  </name>
  <category>
   Jacket
  </category>
  <size>
   XXL
  </size>
  <color>
   Красный
  </color>
  <material>
   Полиэстер
  </material>
  <price>
   411690
  </price>
  <rating>
   4.3
  </rating>
  <reviews>
   305298
  </reviews>
  <exclusive>
   yes
  </exclusive>
  <sporty>
   no
  </sporty>
 </clothing>
 <clothing>
  <id>
   761784075
  </id>
  <name>
   New Balance Umbrellas Z-8790
  </name>
  <category>
   Umbrellas
  </category>
  <size>
   M
  </size>
  <color>
   Голубой
  </color>
  <material>
   Вискоза
  </material>
  <price>
   623077
  </price>
  <rating>
   1.95
  </rating>
  <reviews>
   624742
  </reviews>
  <new>
   -
  </new>
  <sporty>
   no
  </sporty>
 </clothing>
 <clothing>
  <id>
   847227358
  </id>
  <name>
   Ellesse Blouse G-9686
  </name>
  <category>
   Blouse
  </category>
  <size>
   XXL
  </size>
  <color>
   Желтый
  </color>
  <material>
   Шелк
  </material>
  <price>
   169898
  </price>
  <rating>
   2.73
  </rating>
  <reviews>
   357192
  </reviews>
 </clothing>
 <clothing>
  <id>
   935790656
  </id>
  <name>
   Lacoste Sweater O-3446
  </name>
  <category>
   Sweater
  </category>
  <size>
   L
  </size>
  <color>
   Желтый
  </color>
  <material>
   Кожа
  </material>
  <price>
   175126
  </price>
  <rating>
   1.47
  </rating>
  <reviews>
   903169
  </reviews>
  <new>
   -
  </new>
  <exclusive>
   no
  </exclusive>
  <sporty>
   no
  </sporty>
 </clothing>
 <clothing>
  <id>
   600036918
  </id>
  <name>
   Lacoste Belts M-8777
  </name>
  <category>
   Belts
  </category>
  <size>
   L
  </size>
  <color>
   Фиолетовый
  </color>
  <material>
   Хлопок
  </material>
  <price>
   858074
  </price>
  <rating>
   1.15
  </rating>
  <reviews>
   79708
  </reviews>
  <new>
   +
  </new>
  <exclusive>
   no
  </exclusive>
  <sporty>
   no
  </sporty>
 </clothing>
</clothing-items>
