<?xml version="1.0" encoding="utf-8"?>
<clothing-items>
 <clothing>
  <id>
   930097168
  </id>
  <name>
   Brooks Jacket A-4696
  </name>
  <category>
   Jacket
  </category>
  <size>
   M
  </size>
  <color>
   Желтый
  </color>
  <material>
   Лен
  </material>
  <price>
   860759
  </price>
  <rating>
   4.54
  </rating>
  <reviews>
   194261
  </reviews>
  <new>
   -
  </new>
  <exclusive>
   yes
  </exclusive>
  <sporty>
   no
  </sporty>
 </clothing>
 <clothing>
  <id>
   466807232
  </id>
  <name>
   Vans Blouse E-9295
  </name>
  <category>
   Blouse
  </category>
  <size>
   XXL
  </size>
  <color>
   Фиолетовый
  </color>
  <material>
   Нейлон
  </material>
  <price>
   938649
  </price>
  <rating>
   4.91
  </rating>
  <reviews>
   89324
  </reviews>
  <sporty>
   yes
  </sporty>
 </clothing>
 <clothing>
  <id>
   831102219
  </id>
  <name>
   Asics Socks S-7025
  </name>
  <category>
   Socks
  </category>
  <size>
   L
  </size>
  <color>
   Голубой
  </color>
  <material>
   Вискоза
  </material>
  <price>
   270943
  </price>
  <rating>
   2.33
  </rating>
  <reviews>
   464980
  </reviews>
  <new>
   -
  </new>
  <exclusive>
   no
  </exclusive>
  <sporty>
   no
  </sporty>
 </clothing>
 <clothing>
  <id>
   473273081
  </id>
  <name>
   DC Skirt Q-4236
  </name>
  <category>
   Skirt
  </category>
  <size>
   S
  </size>
  <color>
   Оранжевый
  </color>
  <material>
   Шерсть
  </material>
  <price>
   184894
  </price>
  <rating>
   4.76
  </rating>
  <reviews>
   98669
  </reviews>
  <exclusive>
   yes
  </exclusive>
 </clothing>
 <clothing>
  <id>
   674255693
  </id>
  <name>
   Asics Belts I-9208
  </name>
  <category>
   Belts
  </category>
  <size>
   M
  </size>
  <color>
   Зеленый
  </color>
  <material>
   Лен
  </material>
  <price>
   209102
  </price>
  <rating>
   1.12
  </rating>
  <reviews>
   741766
  </reviews>
  <new>
   -
  </new>
  <sporty>
   no
  </sporty>
 </clothing>
 <clothing>
  <id>
   536781155
  </id>
  <name>
   Under Armour Shirt U-6508
  </name>
  <category>
   Shirt
  </category>
  <size>
   XXL
  </size>
  <color>
   Красный
  </color>
  <material>
   Шерсть
  </material>
  <price>
   523604
  </price>
  <rating>
   1.08
  </rating>
  <reviews>
   579355
  </reviews>
  <exclusive>
   no
  </exclusive>
  <sporty>
   no
  </sporty>
 </clothing>
 <clothing>
  <id>
   151568143
  </id>
  <name>
   Adidas Jeans S-7534
  </name>
  <category>
   Jeans
  </category>
  <size>
   M
  </size>
  <color>
   Зеленый
  </color>
  <material>
   Вискоза
  </material>
  <price>
   804825
  </price>
  <rating>
   2.08
  </rating>
  <reviews>
   585746
  </reviews>
  <new>
   -
  </new>
  <sporty>
   no
  </sporty>
 </clothing>
 <clothing>
  <id>
   608392098
  </id>
  <name>
   Fila Handbags W-4451
  </name>
  <category>
   Handbags
  </category>
  <size>
   XL
  </size>
  <color>
   Желтый
  </color>
  <material>
   Нейлон
  </material>
  <price>
   237797
  </price>
  <rating>
   2.51
  </rating>
  <reviews>
   224542
  </reviews>
  <new>
   -
  </new>
  <exclusive>
   no
  </exclusive>
 </clothing>
 <clothing>
  <id>
   535418567
  </id>
  <name>
   Converse Sweater I-6459
  </name>
  <category>
   Sweater
  </category>
  <size>
   S
  </size>
  <color>
   Фиолетовый
  </color>
  <material>
   Нейлон
  </material>
  <price>
   908341
  </price>
  <rating>
   2.37
  </rating>
  <reviews>
   52907
  </reviews>
  <new>
   -
  </new>
  <exclusive>
   yes
  </exclusive>
  <sporty>
   no
  </sporty>
 </clothing>
 <clothing>
  <id>
   763531155
  </id>
  <name>
   Addidas Jacket I-5901
  </name>
  <category>
   Jacket
  </category>
  <size>
   XL
  </size>
  <color>
   Оранжевый
  </color>
  <material>
   Вискоза
  </material>
  <price>
   404215
  </price>
  <rating>
   3.32
  </rating>
  <reviews>
   712175
  </reviews>
  <new>
   -
  </new>
  <sporty>
   yes
  </sporty>
 </clothing>
 <clothing>
  <id>
   490183691
  </id>
  <name>
   Lacoste Skirt V-1435
  </name>
  <category>
   Skirt
  </category>
  <size>
   S
  </size>
  <color>
   Голубой
  </color>
  <material>
   Хлопок
  </material>
  <price>
   719919
  </price>
  <rating>
   1.64
  </rating>
  <reviews>
   102818
  </reviews>
  <new>
   -
  </new>
  <exclusive>
   no
  </exclusive>
  <sporty>
   no
  </sporty>
 </clothing>
 <clothing>
  <id>
   244849675
  </id>
  <name>
   Brooks Hat M-3879
  </name>
  <category>
   Hat
  </category>
  <size>
   S
  </size>
  <color>
   Голубой
  </color>
  <material>
   Кожа
  </material>
  <price>
   533352
  </price>
  <rating>
   4.63
  </rating>
  <reviews>
   711258
  </reviews>
  <new>
   -
  </new>
  <sporty>
   yes
  </sporty>
 </clothing>
 <clothing>
  <id>
   321459525
  </id>
  <name>
   Fila Hat K-9769
  </name>
  <category>
   Hat
  </category>
  <size>
   S
  </size>
  <color>
   Фиолетовый
  </color>
  <material>
   Вискоза
  </material>
  <price>
   953040
  </price>
  <rating>
   1.19
  </rating>
  <reviews>
   325581
  </reviews>
  <new>
   -
  </new>
 </clothing>
 <clothing>
  <id>
   222569024
  </id>
  <name>
   Lacoste Socks Y-2106
  </name>
  <category>
   Socks
  </category>
  <size>
   S
  </size>
  <color>
   Фиолетовый
  </color>
  <material>
   Нейлон
  </material>
  <price>
   366467
  </price>
  <rating>
   2.98
  </rating>
  <reviews>
   470814
  </reviews>
  <exclusive>
   no
  </exclusive>
  <sporty>
   yes
  </sporty>
 </clothing>
 <clothing>
  <id>
   717105664
  </id>
  <name>
   Vans Jeans G-3836
  </name>
  <category>
   Jeans
  </category>
  <size>
   XL
  </size>
  <color>
   Синий
  </color>
  <material>
   Шелк
  </material>
  <price>
   942676
  </price>
  <rating>
   4.7
  </rating>
  <reviews>
   899226
  </reviews>
  <new>
   +
  </new>
 </clothing>
 <clothing>
  <id>
   830970493
  </id>
  <name>
   Nike Blouse J-2767
  </name>
  <category>
   Blouse
  </category>
  <size>
   XXL
  </size>
  <color>
   Фиолетовый
  </color>
  <material>
   Полиэстер
  </material>
  <price>
   967278
  </price>
  <rating>
   4.71
  </rating>
  <reviews>
   565186
  </reviews>
  <new>
   +
  </new>
  <exclusive>
   yes
  </exclusive>
  <sporty>
   no
  </sporty>
 </clothing>
 <clothing>
  <id>
   690251433
  </id>
  <name>
   Asics Socks E-6824
  </name>
  <category>
   Socks
  </category>
  <size>
   XL
  </size>
  <color>
   Голубой
  </color>
  <material>
   Шелк
  </material>
  <price>
   290032
  </price>
  <rating>
   4.43
  </rating>
  <reviews>
   835341
  </reviews>
  <new>
   -
  </new>
  <exclusive>
   no
  </exclusive>
 </clothing>
 <clothing>
  <id>
   933850469
  </id>
  <name>
   Under Armour Shoes F-2207
  </name>
  <category>
   Shoes
  </category>
  <size>
   XL
  </size>
  <color>
   Красный
  </color>
  <material>
   Хлопок
  </material>
  <price>
   870768
  </price>
  <rating>
   2.32
  </rating>
  <reviews>
   362515
  </reviews>
  <new>
   -
  </new>
  <exclusive>
   yes
  </exclusive>
  <sporty>
   yes
  </sporty>
 </clothing>
 <clothing>
  <id>
   611095495
  </id>
  <name>
   Brooks Hat A-4413
  </name>
  <category>
   Hat
  </category>
  <size>
   M
  </size>
  <color>
   Желтый
  </color>
  <material>
   Нейлон
  </material>
  <price>
   438318
  </price>
  <rating>
   2.03
  </rating>
  <reviews>
   580629
  </reviews>
  <new>
   -
  </new>
  <exclusive>
   no
  </exclusive>
  <sporty>
   yes
  </sporty>
 </clothing>
 <clothing>
  <id>
   769119831
  </id>
  <name>
   Brooks Shirt Y-5566
  </name>
  <category>
   Shirt
  </category>
  <size>
   S
  </size>
  <color>
   Синий
  </color>
  <material>
   Шерсть
  </material>
  <price>
   908962
  </price>
  <rating>
   4.82
  </rating>
  <reviews>
   787194
  </reviews>
  <new>
   -
  </new>
  <sporty>
   no
  </sporty>
 </clothing>
 <clothing>
  <id>
   134747020
  </id>
  <name>
   Fila Hat W-8112
  </name>
  <category>
   Hat
  </category>
  <size>
   XL
  </size>
  <color>
   Оранжевый
  </color>
  <material>
   Кожа
  </material>
  <price>
   546927
  </price>
  <rating>
   1.84
  </rating>
  <reviews>
   705904
  </reviews>
  <exclusive>
   no
  </exclusive>
 </clothing>
 <clothing>
  <id>
   305517760
  </id>
  <name>
   Under Armour Jeans C-2542
  </name>
  <category>
   Jeans
  </category>
  <size>
   XXL
  </size>
  <color>
   Голубой
  </color>
  <material>
   Шелк
  </material>
  <price>
   664396
  </price>
  <rating>
   4.47
  </rating>
  <reviews>
   992233
  </reviews>
  <new>
   +
  </new>
  <sporty>
   no
  </sporty>
 </clothing>
 <clothing>
  <id>
   783138319
  </id>
  <name>
   Asics Skirt X-1067
  </name>
  <category>
   Skirt
  </category>
  <size>
   XXL
  </size>
  <color>
   Фиолетовый
  </color>
  <material>
   Шерсть
  </material>
  <price>
   186990
  </price>
  <rating>
   2.25
  </rating>
  <reviews>
   693191
  </reviews>
  <new>
   -
  </new>
 </clothing>
 <clothing>
  <id>
   809343048
  </id>
  <name>
   Vans Socks H-9629
  </name>
  <category>
   Socks
  </category>
  <size>
   XL
  </size>
  <color>
   Оранжевый
  </color>
  <material>
   Кожа
  </material>
  <price>
   688674
  </price>
  <rating>
   3.48
  </rating>
  <reviews>
   943142
  </reviews>
  <sporty>
   yes
  </sporty>
 </clothing>
 <clothing>
  <id>
   269454248
  </id>
  <name>
   Adidas Handbags M-9737
  </name>
  <category>
   Handbags
  </category>
  <size>
   M
  </size>
  <color>
   Желтый
  </color>
  <material>
   Кожа
  </material>
  <price>
   281528
  </price>
  <rating>
   2.86
  </rating>
  <reviews>
   208751
  </reviews>
  <sporty>
   no
  </sporty>
 </clothing>
 <clothing>
  <id>
   636016964
  </id>
  <name>
   Ellesse Sweater F-1408
  </name>
  <category>
   Sweater
  </category>
  <size>
   XXL
  </size>
  <color>
   Зеленый
  </color>
  <material>
   Шелк
  </material>
  <price>
   518273
  </price>
  <rating>
   1.66
  </rating>
  <reviews>
   273495
  </reviews>
  <exclusive>
   no
  </exclusive>
 </clothing>
 <clothing>
  <id>
   711247669
  </id>
  <name>
   Converse Sweater B-2328
  </name>
  <category>
   Sweater
  </category>
  <size>
   M
  </size>
  <color>
   Зеленый
  </color>
  <material>
   Вискоза
  </material>
  <price>
   593880
  </price>
  <rating>
   1.36
  </rating>
  <reviews>
   638331
  </reviews>
  <new>
   +
  </new>
  <sporty>
   no
  </sporty>
 </clothing>
 <clothing>
  <id>
   662344635
  </id>
  <name>
   DC Gloves X-6794
  </name>
  <category>
   Gloves
  </category>
  <size>
   XL
  </size>
  <color>
   Голубой
  </color>
  <material>
   Кожа
  </material>
  <price>
   451388
  </price>
  <rating>
   2.82
  </rating>
  <reviews>
   626393
  </reviews>
  <exclusive>
   yes
  </exclusive>
  <sporty>
   no
  </sporty>
 </clothing>
 <clothing>
  <id>
   959798436
  </id>
  <name>
   Asics Socks Z-1696
  </name>
  <category>
   Socks
  </category>
  <size>
   XL
  </size>
  <color>
   Зеленый
  </color>
  <material>
   Лен
  </material>
  <price>
   575129
  </price>
  <rating>
   4.15
  </rating>
  <reviews>
   563955
  </reviews>
  <exclusive>
   no
  </exclusive>
  <sporty>
   no
  </sporty>
 </clothing>
 <clothing>
  <id>
   691247464
  </id>
  <name>
   Lacoste Umbrellas I-1076
  </name>
  <category>
   Umbrellas
  </category>
  <size>
   L
  </size>
  <color>
   Оранжевый
  </color>
  <material>
   Лен
  </material>
  <price>
   552668
  </price>
  <rating>
   4.92
  </rating>
  <reviews>
   227097
  </reviews>
  <new>
   +
  </new>
  <exclusive>
   no
  </exclusive>
  <sporty>
   no
  </sporty>
 </clothing>
 <clothing>
  <id>
   446867564
  </id>
  <name>
   New Balance Gloves T-4484
  </name>
  <category>
   Gloves
  </category>
  <size>
   L
  </size>
  <color>
   Желтый
  </color>
  <material>
   Лен
  </material>
  <price>
   738187
  </price>
  <rating>
   3.53
  </rating>
  <reviews>
   426671
  </reviews>
  <new>
   -
  </new>
  <exclusive>
   no
  </exclusive>
 </clothing>
 <clothing>
  <id>
   170625378
  </id>
  <name>
   Reebok Sweater M-1512
  </name>
  <category>
   Sweater
  </category>
  <size>
   XL
  </size>
  <color>
   Голубой
  </color>
  <material>
   Нейлон
  </material>
  <price>
   922510
  </price>
  <rating>
   4.11
  </rating>
  <reviews>
   829937
  </reviews>
  <new>
   -
  </new>
  <exclusive>
   no
  </exclusive>
  <sporty>
   no
  </sporty>
 </clothing>
 <clothing>
  <id>
   509012215
  </id>
  <name>
   Brooks Jeans P-5151
  </name>
  <category>
   Jeans
  </category>
  <size>
   S
  </size>
  <color>
   Синий
  </color>
  <material>
   Лен
  </material>
  <price>
   674337
  </price>
  <rating>
   2.62
  </rating>
  <reviews>
   114298
  </reviews>
  <sporty>
   no
  </sporty>
 </clothing>
</clothing-items>
