<?xml version="1.0" encoding="utf-8"?>
<clothing-items>
 <clothing>
  <id>
   970062915
  </id>
  <name>
   Ellesse Skirt L-1273
  </name>
  <category>
   Skirt
  </category>
  <size>
   M
  </size>
  <color>
   Голубой
  </color>
  <material>
   Полиэстер
  </material>
  <price>
   805512
  </price>
  <rating>
   2.23
  </rating>
  <reviews>
   503660
  </reviews>
  <sporty>
   no
  </sporty>
 </clothing>
 <clothing>
  <id>
   938055459
  </id>
  <name>
   Lacoste Belts O-8511
  </name>
  <category>
   Belts
  </category>
  <size>
   S
  </size>
  <color>
   Синий
  </color>
  <material>
   Полиэстер
  </material>
  <price>
   457172
  </price>
  <rating>
   2.46
  </rating>
  <reviews>
   751406
  </reviews>
  <new>
   -
  </new>
  <exclusive>
   no
  </exclusive>
  <sporty>
   no
  </sporty>
 </clothing>
 <clothing>
  <id>
   673947678
  </id>
  <name>
   Vans Jacket O-6260
  </name>
  <category>
   Jacket
  </category>
  <size>
   M
  </size>
  <color>
   Зеленый
  </color>
  <material>
   Кожа
  </material>
  <price>
   545200
  </price>
  <rating>
   1.33
  </rating>
  <reviews>
   727003
  </reviews>
  <new>
   +
  </new>
  <exclusive>
   yes
  </exclusive>
 </clothing>
 <clothing>
  <id>
   525325967
  </id>
  <name>
   Under Armour Handbags T-7114
  </name>
  <category>
   Handbags
  </category>
  <size>
   M
  </size>
  <color>
   Красный
  </color>
  <material>
   Полиэстер
  </material>
  <price>
   422746
  </price>
  <rating>
   1.97
  </rating>
  <reviews>
   917590
  </reviews>
 </clothing>
 <clothing>
  <id>
   252069464
  </id>
  <name>
   DC Jeans Y-5248
  </name>
  <category>
   Jeans
  </category>
  <size>
   XL
  </size>
  <color>
   Голубой
  </color>
  <material>
   Вискоза
  </material>
  <price>
   362935
  </price>
  <rating>
   2.71
  </rating>
  <reviews>
   972281
  </reviews>
 </clothing>
 <clothing>
  <id>
   455373244
  </id>
  <name>
   DC Shoes J-2197
  </name>
  <category>
   Shoes
  </category>
  <size>
   XL
  </size>
  <color>
   Желтый
  </color>
  <material>
   Вискоза
  </material>
  <price>
   573869
  </price>
  <rating>
   2.71
  </rating>
  <reviews>
   101355
  </reviews>
  <exclusive>
   yes
  </exclusive>
 </clothing>
 <clothing>
  <id>
   159032557
  </id>
  <name>
   Puma Blouse Y-6014
  </name>
  <category>
   Blouse
  </category>
  <size>
   L
  </size>
  <color>
   Синий
  </color>
  <material>
   Полиэстер
  </material>
  <price>
   426255
  </price>
  <rating>
   1.17
  </rating>
  <reviews>
   801180
  </reviews>
  <new>
   -
  </new>
  <sporty>
   no
  </sporty>
 </clothing>
 <clothing>
  <id>
   796660717
  </id>
  <name>
   Converse Socks B-6820
  </name>
  <category>
   Socks
  </category>
  <size>
   S
  </size>
  <color>
   Желтый
  </color>
  <material>
   Шелк
  </material>
  <price>
   960035
  </price>
  <rating>
   3.14
  </rating>
  <reviews>
   801284
  </reviews>
  <new>
   -
  </new>
 </clothing>
 <clothing>
  <id>
   195398175
  </id>
  <name>
   Fila Shoes B-4943
  </name>
  <category>
   Shoes
  </category>
  <size>
   XXL
  </size>
  <color>
   Желтый
  </color>
  <material>
   Шерсть
  </material>
  <price>
   989668
  </price>
  <rating>
   1.59
  </rating>
  <reviews>
   63232
  </reviews>
  <new>
   -
  </new>
  <exclusive>
   no
  </exclusive>
 </clothing>
 <clothing>
  <id>
   252019873
  </id>
  <name>
   Puma Hat N-4280
  </name>
  <category>
   Hat
  </category>
  <size>
   M
  </size>
  <color>
   Желтый
  </color>
  <material>
   Полиэстер
  </material>
  <price>
   455195
  </price>
  <rating>
   2.34
  </rating>
  <reviews>
   678248
  </reviews>
  <exclusive>
   yes
  </exclusive>
  <sporty>
   no
  </sporty>
 </clothing>
 <clothing>
  <id>
   193850446
  </id>
  <name>
   Ellesse Shirt U-9997
  </name>
  <category>
   Shirt
  </category>
  <size>
   XL
  </size>
  <color>
   Зеленый
  </color>
  <material>
   Шелк
  </material>
  <price>
   708972
  </price>
  <rating>
   4.24
  </rating>
  <reviews>
   772178
  </reviews>
  <exclusive>
   no
  </exclusive>
  <sporty>
   yes
  </sporty>
 </clothing>
 <clothing>
  <id>
   132891563
  </id>
  <name>
   Asics Shoes Z-8608
  </name>
  <category>
   Shoes
  </category>
  <size>
   M
  </size>
  <color>
   Фиолетовый
  </color>
  <material>
   Полиэстер
  </material>
  <price>
   172016
  </price>
  <rating>
   3.92
  </rating>
  <reviews>
   880632
  </reviews>
  <exclusive>
   yes
  </exclusive>
  <sporty>
   no
  </sporty>
 </clothing>
 <clothing>
  <id>
   343208294
  </id>
  <name>
   Asics Jacket A-8606
  </name>
  <category>
   Jacket
  </category>
  <size>
   S
  </size>
  <color>
   Оранжевый
  </color>
  <material>
   Нейлон
  </material>
  <price>
   614330
  </price>
  <rating>
   4.89
  </rating>
  <reviews>
   537830
  </reviews>
  <new>
   -
  </new>
  <exclusive>
   yes
  </exclusive>
 </clothing>
 <clothing>
  <id>
   991226550
  </id>
  <name>
   Brooks Socks B-7998
  </name>
  <category>
   Socks
  </category>
  <size>
   M
  </size>
  <color>
   Фиолетовый
  </color>
  <material>
   Кожа
  </material>
  <price>
   194873
  </price>
  <rating>
   1.26
  </rating>
  <reviews>
   474726
  </reviews>
  <new>
   +
  </new>
  <exclusive>
   no
  </exclusive>
 </clothing>
 <clothing>
  <id>
   646163336
  </id>
  <name>
   Addidas Skirt D-7722
  </name>
  <category>
   Skirt
  </category>
  <size>
   XXL
  </size>
  <color>
   Красный
  </color>
  <material>
   Шерсть
  </material>
  <price>
   520149
  </price>
  <rating>
   1.29
  </rating>
  <reviews>
   598315
  </reviews>
  <new>
   -
  </new>
  <exclusive>
   no
  </exclusive>
  <sporty>
   no
  </sporty>
 </clothing>
 <clothing>
  <id>
   643735888
  </id>
  <name>
   Addidas T-shirt R-8589
  </name>
  <category>
   T-shirt
  </category>
  <size>
   XXL
  </size>
  <color>
   Оранжевый
  </color>
  <material>
   Шелк
  </material>
  <price>
   364228
  </price>
  <rating>
   2.62
  </rating>
  <reviews>
   670230
  </reviews>
  <exclusive>
   no
  </exclusive>
  <sporty>
   no
  </sporty>
 </clothing>
 <clothing>
  <id>
   628367196
  </id>
  <name>
   Converse Handbags X-1939
  </name>
  <category>
   Handbags
  </category>
  <size>
   XL
  </size>
  <color>
   Зеленый
  </color>
  <material>
   Шелк
  </material>
  <price>
   255341
  </price>
  <rating>
   4.55
  </rating>
  <reviews>
   252126
  </reviews>
  <new>
   +
  </new>
  <exclusive>
   yes
  </exclusive>
 </clothing>
 <clothing>
  <id>
   815505158
  </id>
  <name>
   Fila T-shirt R-8031
  </name>
  <category>
   T-shirt
  </category>
  <size>
   XL
  </size>
  <color>
   Желтый
  </color>
  <material>
   Шерсть
  </material>
  <price>
   136719
  </price>
  <rating>
   4.32
  </rating>
  <reviews>
   300579
  </reviews>
  <sporty>
   yes
  </sporty>
 </clothing>
 <clothing>
  <id>
   629447064
  </id>
  <name>
   Converse Skirt U-4106
  </name>
  <category>
   Skirt
  </category>
  <size>
   S
  </size>
  <color>
   Синий
  </color>
  <material>
   Шелк
  </material>
  <price>
   863507
  </price>
  <rating>
   4.69
  </rating>
  <reviews>
   719484
  </reviews>
  <sporty>
   no
  </sporty>
 </clothing>
 <clothing>
  <id>
   939160231
  </id>
  <name>
   Ellesse Skirt G-3272
  </name>
  <category>
   Skirt
  </category>
  <size>
   XXL
  </size>
  <color>
   Оранжевый
  </color>
  <material>
   Кожа
  </material>
  <price>
   712046
  </price>
  <rating>
   4.02
  </rating>
  <reviews>
   167675
  </reviews>
  <new>
   -
  </new>
  <exclusive>
   no
  </exclusive>
 </clothing>
 <clothing>
  <id>
   321708092
  </id>
  <name>
   Lacoste Shoes G-2758
  </name>
  <category>
   Shoes
  </category>
  <size>
   XXL
  </size>
  <color>
   Синий
  </color>
  <material>
   Нейлон
  </material>
  <price>
   358457
  </price>
  <rating>
   3.08
  </rating>
  <reviews>
   635225
  </reviews>
  <new>
   -
  </new>
  <sporty>
   no
  </sporty>
 </clothing>
 <clothing>
  <id>
   285238036
  </id>
  <name>
   Puma Shoes Z-5211
  </name>
  <category>
   Shoes
  </category>
  <size>
   S
  </size>
  <color>
   Желтый
  </color>
  <material>
   Хлопок
  </material>
  <price>
   451410
  </price>
  <rating>
   2.82
  </rating>
  <reviews>
   483717
  </reviews>
  <new>
   -
  </new>
  <exclusive>
   yes
  </exclusive>
  <sporty>
   yes
  </sporty>
 </clothing>
 <clothing>
  <id>
   819538151
  </id>
  <name>
   Fila Blouse A-1102
  </name>
  <category>
   Blouse
  </category>
  <size>
   L
  </size>
  <color>
   Фиолетовый
  </color>
  <material>
   Вискоза
  </material>
  <price>
   781415
  </price>
  <rating>
   3.47
  </rating>
  <reviews>
   140171
  </reviews>
  <new>
   -
  </new>
 </clothing>
 <clothing>
  <id>
   906745095
  </id>
  <name>
   DC Pants H-3296
  </name>
  <category>
   Pants
  </category>
  <size>
   S
  </size>
  <color>
   Желтый
  </color>
  <material>
   Нейлон
  </material>
  <price>
   985448
  </price>
  <rating>
   2.99
  </rating>
  <reviews>
   675344
  </reviews>
  <exclusive>
   yes
  </exclusive>
 </clothing>
 <clothing>
  <id>
   125612800
  </id>
  <name>
   Reebok Umbrellas H-4961
  </name>
  <category>
   Umbrellas
  </category>
  <size>
   XL
  </size>
  <color>
   Зеленый
  </color>
  <material>
   Хлопок
  </material>
  <price>
   991850
  </price>
  <rating>
   2.26
  </rating>
  <reviews>
   135824
  </reviews>
  <new>
   -
  </new>
  <exclusive>
   no
  </exclusive>
  <sporty>
   yes
  </sporty>
 </clothing>
 <clothing>
  <id>
   673018334
  </id>
  <name>
   Vans Blouse Z-3113
  </name>
  <category>
   Blouse
  </category>
  <size>
   L
  </size>
  <color>
   Желтый
  </color>
  <material>
   Нейлон
  </material>
  <price>
   322248
  </price>
  <rating>
   3.99
  </rating>
  <reviews>
   292986
  </reviews>
  <new>
   +
  </new>
  <exclusive>
   no
  </exclusive>
 </clothing>
 <clothing>
  <id>
   939695150
  </id>
  <name>
   Fila Gloves T-5718
  </name>
  <category>
   Gloves
  </category>
  <size>
   S
  </size>
  <color>
   Голубой
  </color>
  <material>
   Полиэстер
  </material>
  <price>
   578404
  </price>
  <rating>
   1.56
  </rating>
  <reviews>
   592612
  </reviews>
  <sporty>
   yes
  </sporty>
 </clothing>
 <clothing>
  <id>
   699624579
  </id>
  <name>
   Asics Skirt H-5617
  </name>
  <category>
   Skirt
  </category>
  <size>
   S
  </size>
  <color>
   Зеленый
  </color>
  <material>
   Лен
  </material>
  <price>
   702462
  </price>
  <rating>
   1.52
  </rating>
  <reviews>
   881220
  </reviews>
  <new>
   -
  </new>
 </clothing>
 <clothing>
  <id>
   494735465
  </id>
  <name>
   Vans Jacket X-8129
  </name>
  <category>
   Jacket
  </category>
  <size>
   XL
  </size>
  <color>
   Синий
  </color>
  <material>
   Кожа
  </material>
  <price>
   239005
  </price>
  <rating>
   4.2
  </rating>
  <reviews>
   560586
  </reviews>
  <new>
   -
  </new>
  <exclusive>
   no
  </exclusive>
 </clothing>
 <clothing>
  <id>
   162073026
  </id>
  <name>
   PleinSport Shoes W-3042
  </name>
  <category>
   Shoes
  </category>
  <size>
   L
  </size>
  <color>
   Оранжевый
  </color>
  <material>
   Хлопок
  </material>
  <price>
   883743
  </price>
  <rating>
   2.66
  </rating>
  <reviews>
   802080
  </reviews>
  <new>
   +
  </new>
  <exclusive>
   yes
  </exclusive>
  <sporty>
   yes
  </sporty>
 </clothing>
 <clothing>
  <id>
   572226526
  </id>
  <name>
   New Balance Dress T-5895
  </name>
  <category>
   Dress
  </category>
  <size>
   L
  </size>
  <color>
   Оранжевый
  </color>
  <material>
   Шерсть
  </material>
  <price>
   409781
  </price>
  <rating>
   2.37
  </rating>
  <reviews>
   960314
  </reviews>
  <sporty>
   no
  </sporty>
 </clothing>
 <clothing>
  <id>
   935876047
  </id>
  <name>
   Vans Handbags A-1290
  </name>
  <category>
   Handbags
  </category>
  <size>
   S
  </size>
  <color>
   Голубой
  </color>
  <material>
   Кожа
  </material>
  <price>
   557019
  </price>
  <rating>
   3.84
  </rating>
  <reviews>
   460891
  </reviews>
 </clothing>
 <clothing>
  <id>
   780782763
  </id>
  <name>
   PleinSport Jacket N-8927
  </name>
  <category>
   Jacket
  </category>
  <size>
   L
  </size>
  <color>
   Голубой
  </color>
  <material>
   Шерсть
  </material>
  <price>
   815332
  </price>
  <rating>
   4.07
  </rating>
  <reviews>
   591499
  </reviews>
  <new>
   +
  </new>
  <exclusive>
   no
  </exclusive>
 </clothing>
 <clothing>
  <id>
   583924168
  </id>
  <name>
   Brooks Socks L-2519
  </name>
  <category>
   Socks
  </category>
  <size>
   L
  </size>
  <color>
   Зеленый
  </color>
  <material>
   Кожа
  </material>
  <price>
   422970
  </price>
  <rating>
   2.86
  </rating>
  <reviews>
   325902
  </reviews>
 </clothing>
</clothing-items>
