<?xml version="1.0" encoding="utf-8"?>
<clothing-items>
 <clothing>
  <id>
   903890967
  </id>
  <name>
   PleinSport Pants D-8594
  </name>
  <category>
   Pants
  </category>
  <size>
   XXL
  </size>
  <color>
   Зеленый
  </color>
  <material>
   Шерсть
  </material>
  <price>
   848693
  </price>
  <rating>
   2.14
  </rating>
  <reviews>
   976244
  </reviews>
  <exclusive>
   no
  </exclusive>
 </clothing>
 <clothing>
  <id>
   584072677
  </id>
  <name>
   Converse Belts M-5299
  </name>
  <category>
   Belts
  </category>
  <size>
   XL
  </size>
  <color>
   Оранжевый
  </color>
  <material>
   Нейлон
  </material>
  <price>
   108125
  </price>
  <rating>
   3.11
  </rating>
  <reviews>
   498849
  </reviews>
  <exclusive>
   yes
  </exclusive>
  <sporty>
   yes
  </sporty>
 </clothing>
 <clothing>
  <id>
   986164253
  </id>
  <name>
   Converse Pants Y-7962
  </name>
  <category>
   Pants
  </category>
  <size>
   XXL
  </size>
  <color>
   Красный
  </color>
  <material>
   Шерсть
  </material>
  <price>
   552755
  </price>
  <rating>
   2.64
  </rating>
  <reviews>
   864230
  </reviews>
  <exclusive>
   no
  </exclusive>
  <sporty>
   no
  </sporty>
 </clothing>
 <clothing>
  <id>
   131577260
  </id>
  <name>
   Fila Hat B-6259
  </name>
  <category>
   Hat
  </category>
  <size>
   M
  </size>
  <color>
   Оранжевый
  </color>
  <material>
   Кожа
  </material>
  <price>
   574511
  </price>
  <rating>
   3.04
  </rating>
  <reviews>
   618883
  </reviews>
  <new>
   -
  </new>
  <exclusive>
   no
  </exclusive>
  <sporty>
   yes
  </sporty>
 </clothing>
 <clothing>
  <id>
   672284115
  </id>
  <name>
   Brooks Handbags F-2928
  </name>
  <category>
   Handbags
  </category>
  <size>
   M
  </size>
  <color>
   Оранжевый
  </color>
  <material>
   Лен
  </material>
  <price>
   891793
  </price>
  <rating>
   1.89
  </rating>
  <reviews>
   681101
  </reviews>
  <new>
   +
  </new>
  <exclusive>
   no
  </exclusive>
  <sporty>
   yes
  </sporty>
 </clothing>
 <clothing>
  <id>
   939350057
  </id>
  <name>
   Brooks Umbrellas U-7281
  </name>
  <category>
   Umbrellas
  </category>
  <size>
   S
  </size>
  <color>
   Зеленый
  </color>
  <material>
   Шелк
  </material>
  <price>
   357133
  </price>
  <rating>
   3.36
  </rating>
  <reviews>
   91031
  </reviews>
  <exclusive>
   yes
  </exclusive>
  <sporty>
   no
  </sporty>
 </clothing>
 <clothing>
  <id>
   728541480
  </id>
  <name>
   Nike Jeans V-1057
  </name>
  <category>
   Jeans
  </category>
  <size>
   M
  </size>
  <color>
   Желтый
  </color>
  <material>
   Нейлон
  </material>
  <price>
   240915
  </price>
  <rating>
   1.7
  </rating>
  <reviews>
   492866
  </reviews>
  <new>
   -
  </new>
  <exclusive>
   yes
  </exclusive>
  <sporty>
   no
  </sporty>
 </clothing>
 <clothing>
  <id>
   121591645
  </id>
  <name>
   Asics Gloves J-9737
  </name>
  <category>
   Gloves
  </category>
  <size>
   M
  </size>
  <color>
   Голубой
  </color>
  <material>
   Вискоза
  </material>
  <price>
   239257
  </price>
  <rating>
   4.53
  </rating>
  <reviews>
   208130
  </reviews>
  <new>
   -
  </new>
  <exclusive>
   no
  </exclusive>
  <sporty>
   yes
  </sporty>
 </clothing>
 <clothing>
  <id>
   886152651
  </id>
  <name>
   Brooks Blouse K-5776
  </name>
  <category>
   Blouse
  </category>
  <size>
   S
  </size>
  <color>
   Голубой
  </color>
  <material>
   Нейлон
  </material>
  <price>
   970022
  </price>
  <rating>
   1.41
  </rating>
  <reviews>
   345357
  </reviews>
  <new>
   +
  </new>
  <sporty>
   yes
  </sporty>
 </clothing>
 <clothing>
  <id>
   730386468
  </id>
  <name>
   Nike Shirt W-7972
  </name>
  <category>
   Shirt
  </category>
  <size>
   L
  </size>
  <color>
   Оранжевый
  </color>
  <material>
   Шерсть
  </material>
  <price>
   758718
  </price>
  <rating>
   4.87
  </rating>
  <reviews>
   140266
  </reviews>
  <new>
   -
  </new>
 </clothing>
 <clothing>
  <id>
   881320407
  </id>
  <name>
   Addidas Shoes F-3326
  </name>
  <category>
   Shoes
  </category>
  <size>
   L
  </size>
  <color>
   Желтый
  </color>
  <material>
   Вискоза
  </material>
  <price>
   787499
  </price>
  <rating>
   3.21
  </rating>
  <reviews>
   576154
  </reviews>
 </clothing>
 <clothing>
  <id>
   946760594
  </id>
  <name>
   Under Armour Handbags M-5609
  </name>
  <category>
   Handbags
  </category>
  <size>
   XL
  </size>
  <color>
   Зеленый
  </color>
  <material>
   Хлопок
  </material>
  <price>
   870189
  </price>
  <rating>
   3.6
  </rating>
  <reviews>
   944900
  </reviews>
 </clothing>
 <clothing>
  <id>
   479300814
  </id>
  <name>
   Addidas Shirt Q-3590
  </name>
  <category>
   Shirt
  </category>
  <size>
   M
  </size>
  <color>
   Зеленый
  </color>
  <material>
   Шерсть
  </material>
  <price>
   147393
  </price>
  <rating>
   2.62
  </rating>
  <reviews>
   758556
  </reviews>
  <exclusive>
   no
  </exclusive>
  <sporty>
   no
  </sporty>
 </clothing>
 <clothing>
  <id>
   553981943
  </id>
  <name>
   Asics Socks O-5685
  </name>
  <category>
   Socks
  </category>
  <size>
   L
  </size>
  <color>
   Фиолетовый
  </color>
  <material>
   Нейлон
  </material>
  <price>
   628087
  </price>
  <rating>
   2.55
  </rating>
  <reviews>
   958226
  </reviews>
  <new>
   +
  </new>
  <exclusive>
   yes
  </exclusive>
 </clothing>
 <clothing>
  <id>
   932323053
  </id>
  <name>
   Lacoste Belts S-4211
  </name>
  <category>
   Belts
  </category>
  <size>
   S
  </size>
  <color>
   Желтый
  </color>
  <material>
   Хлопок
  </material>
  <price>
   671386
  </price>
  <rating>
   3.01
  </rating>
  <reviews>
   747848
  </reviews>
  <exclusive>
   yes
  </exclusive>
  <sporty>
   yes
  </sporty>
 </clothing>
 <clothing>
  <id>
   929004246
  </id>
  <name>
   PleinSport Gloves E-7413
  </name>
  <category>
   Gloves
  </category>
  <size>
   XL
  </size>
  <color>
   Голубой
  </color>
  <material>
   Кожа
  </material>
  <price>
   565217
  </price>
  <rating>
   1.5
  </rating>
  <reviews>
   758563
  </reviews>
 </clothing>
 <clothing>
  <id>
   349509012
  </id>
  <name>
   Fila Gloves U-6437
  </name>
  <category>
   Gloves
  </category>
  <size>
   XXL
  </size>
  <color>
   Синий
  </color>
  <material>
   Нейлон
  </material>
  <price>
   493538
  </price>
  <rating>
   3.38
  </rating>
  <reviews>
   22120
  </reviews>
  <new>
   +
  </new>
  <exclusive>
   yes
  </exclusive>
  <sporty>
   no
  </sporty>
 </clothing>
 <clothing>
  <id>
   795638203
  </id>
  <name>
   Nike Socks F-9334
  </name>
  <category>
   Socks
  </category>
  <size>
   XL
  </size>
  <color>
   Красный
  </color>
  <material>
   Полиэстер
  </material>
  <price>
   516898
  </price>
  <rating>
   1.28
  </rating>
  <reviews>
   26083
  </reviews>
  <new>
   +
  </new>
  <sporty>
   no
  </sporty>
 </clothing>
 <clothing>
  <id>
   850241369
  </id>
  <name>
   Adidas Hat P-8676
  </name>
  <category>
   Hat
  </category>
  <size>
   XXL
  </size>
  <color>
   Зеленый
  </color>
  <material>
   Полиэстер
  </material>
  <price>
   369357
  </price>
  <rating>
   4.82
  </rating>
  <reviews>
   930627
  </reviews>
  <new>
   +
  </new>
  <sporty>
   no
  </sporty>
 </clothing>
</clothing-items>
