<?xml version="1.0" encoding="utf-8"?>
<clothing-items>
 <clothing>
  <id>
   527096212
  </id>
  <name>
   Brooks Handbags C-5815
  </name>
  <category>
   Handbags
  </category>
  <size>
   XL
  </size>
  <color>
   Синий
  </color>
  <material>
   Хлопок
  </material>
  <price>
   780919
  </price>
  <rating>
   3.25
  </rating>
  <reviews>
   867154
  </reviews>
  <new>
   +
  </new>
  <exclusive>
   no
  </exclusive>
  <sporty>
   yes
  </sporty>
 </clothing>
 <clothing>
  <id>
   980381758
  </id>
  <name>
   Converse Sweater M-6201
  </name>
  <category>
   Sweater
  </category>
  <size>
   XXL
  </size>
  <color>
   Синий
  </color>
  <material>
   Шерсть
  </material>
  <price>
   573603
  </price>
  <rating>
   3.4
  </rating>
  <reviews>
   817419
  </reviews>
  <new>
   -
  </new>
  <exclusive>
   yes
  </exclusive>
  <sporty>
   no
  </sporty>
 </clothing>
 <clothing>
  <id>
   373164683
  </id>
  <name>
   Puma Jacket E-9348
  </name>
  <category>
   Jacket
  </category>
  <size>
   XL
  </size>
  <color>
   Фиолетовый
  </color>
  <material>
   Полиэстер
  </material>
  <price>
   360668
  </price>
  <rating>
   4.99
  </rating>
  <reviews>
   368501
  </reviews>
  <new>
   +
  </new>
  <exclusive>
   no
  </exclusive>
  <sporty>
   no
  </sporty>
 </clothing>
 <clothing>
  <id>
   242217256
  </id>
  <name>
   PleinSport Umbrellas Q-6039
  </name>
  <category>
   Umbrellas
  </category>
  <size>
   M
  </size>
  <color>
   Зеленый
  </color>
  <material>
   Полиэстер
  </material>
  <price>
   984848
  </price>
  <rating>
   3.34
  </rating>
  <reviews>
   204781
  </reviews>
  <new>
   -
  </new>
  <exclusive>
   no
  </exclusive>
 </clothing>
 <clothing>
  <id>
   815640975
  </id>
  <name>
   Under Armour T-shirt R-1743
  </name>
  <category>
   T-shirt
  </category>
  <size>
   M
  </size>
  <color>
   Красный
  </color>
  <material>
   Шерсть
  </material>
  <price>
   969944
  </price>
  <rating>
   4.4
  </rating>
  <reviews>
   50410
  </reviews>
  <new>
   +
  </new>
  <exclusive>
   no
  </exclusive>
  <sporty>
   yes
  </sporty>
 </clothing>
 <clothing>
  <id>
   306822710
  </id>
  <name>
   Reebok Umbrellas F-2945
  </name>
  <category>
   Umbrellas
  </category>
  <size>
   XL
  </size>
  <color>
   Красный
  </color>
  <material>
   Полиэстер
  </material>
  <price>
   115215
  </price>
  <rating>
   2.77
  </rating>
  <reviews>
   19567
  </reviews>
  <exclusive>
   no
  </exclusive>
  <sporty>
   yes
  </sporty>
 </clothing>
 <clothing>
  <id>
   919913799
  </id>
  <name>
   Asics Gloves K-1407
  </name>
  <category>
   Gloves
  </category>
  <size>
   XL
  </size>
  <color>
   Синий
  </color>
  <material>
   Шелк
  </material>
  <price>
   611019
  </price>
  <rating>
   2.35
  </rating>
  <reviews>
   110084
  </reviews>
  <new>
   +
  </new>
  <exclusive>
   yes
  </exclusive>
  <sporty>
   no
  </sporty>
 </clothing>
 <clothing>
  <id>
   309771607
  </id>
  <name>
   Addidas Shoes T-2024
  </name>
  <category>
   Shoes
  </category>
  <size>
   L
  </size>
  <color>
   Голубой
  </color>
  <material>
   Шерсть
  </material>
  <price>
   794068
  </price>
  <rating>
   3.85
  </rating>
  <reviews>
   401829
  </reviews>
  <exclusive>
   yes
  </exclusive>
 </clothing>
 <clothing>
  <id>
   977650723
  </id>
  <name>
   Under Armour Jeans K-3239
  </name>
  <category>
   Jeans
  </category>
  <size>
   S
  </size>
  <color>
   Голубой
  </color>
  <material>
   Полиэстер
  </material>
  <price>
   177086
  </price>
  <rating>
   3.21
  </rating>
  <reviews>
   276054
  </reviews>
  <exclusive>
   yes
  </exclusive>
  <sporty>
   yes
  </sporty>
 </clothing>
 <clothing>
  <id>
   735789552
  </id>
  <name>
   Lacoste Handbags O-8239
  </name>
  <category>
   Handbags
  </category>
  <size>
   XXL
  </size>
  <color>
   Красный
  </color>
  <material>
   Вискоза
  </material>
  <price>
   543529
  </price>
  <rating>
   3.88
  </rating>
  <reviews>
   398717
  </reviews>
  <new>
   -
  </new>
  <exclusive>
   no
  </exclusive>
  <sporty>
   no
  </sporty>
 </clothing>
 <clothing>
  <id>
   969136634
  </id>
  <name>
   Ellesse Shoes E-4337
  </name>
  <category>
   Shoes
  </category>
  <size>
   S
  </size>
  <color>
   Синий
  </color>
  <material>
   Кожа
  </material>
  <price>
   111775
  </price>
  <rating>
   4.91
  </rating>
  <reviews>
   357680
  </reviews>
  <new>
   -
  </new>
  <exclusive>
   no
  </exclusive>
  <sporty>
   yes
  </sporty>
 </clothing>
 <clothing>
  <id>
   691066182
  </id>
  <name>
   Puma Blouse V-8545
  </name>
  <category>
   Blouse
  </category>
  <size>
   S
  </size>
  <color>
   Фиолетовый
  </color>
  <material>
   Нейлон
  </material>
  <price>
   491112
  </price>
  <rating>
   2.8
  </rating>
  <reviews>
   622669
  </reviews>
  <new>
   -
  </new>
  <exclusive>
   no
  </exclusive>
  <sporty>
   no
  </sporty>
 </clothing>
 <clothing>
  <id>
   814104583
  </id>
  <name>
   Asics Jacket W-1444
  </name>
  <category>
   Jacket
  </category>
  <size>
   XL
  </size>
  <color>
   Синий
  </color>
  <material>
   Шелк
  </material>
  <price>
   299234
  </price>
  <rating>
   3.06
  </rating>
  <reviews>
   412816
  </reviews>
  <exclusive>
   no
  </exclusive>
 </clothing>
 <clothing>
  <id>
   664912467
  </id>
  <name>
   New Balance Gloves C-7578
  </name>
  <category>
   Gloves
  </category>
  <size>
   XL
  </size>
  <color>
   Желтый
  </color>
  <material>
   Вискоза
  </material>
  <price>
   950328
  </price>
  <rating>
   2.65
  </rating>
  <reviews>
   14675
  </reviews>
  <new>
   -
  </new>
  <exclusive>
   no
  </exclusive>
  <sporty>
   no
  </sporty>
 </clothing>
 <clothing>
  <id>
   933472869
  </id>
  <name>
   Asics Shoes E-2832
  </name>
  <category>
   Shoes
  </category>
  <size>
   XL
  </size>
  <color>
   Голубой
  </color>
  <material>
   Вискоза
  </material>
  <price>
   292231
  </price>
  <rating>
   2.29
  </rating>
  <reviews>
   748634
  </reviews>
  <exclusive>
   no
  </exclusive>
  <sporty>
   no
  </sporty>
 </clothing>
 <clothing>
  <id>
   972877091
  </id>
  <name>
   Puma Skirt A-5293
  </name>
  <category>
   Skirt
  </category>
  <size>
   L
  </size>
  <color>
   Оранжевый
  </color>
  <material>
   Хлопок
  </material>
  <price>
   661816
  </price>
  <rating>
   4.38
  </rating>
  <reviews>
   820673
  </reviews>
  <new>
   -
  </new>
  <exclusive>
   yes
  </exclusive>
 </clothing>
 <clothing>
  <id>
   645130394
  </id>
  <name>
   Asics Socks X-8049
  </name>
  <category>
   Socks
  </category>
  <size>
   XL
  </size>
  <color>
   Синий
  </color>
  <material>
   Вискоза
  </material>
  <price>
   993608
  </price>
  <rating>
   4.07
  </rating>
  <reviews>
   952721
  </reviews>
  <new>
   -
  </new>
  <sporty>
   yes
  </sporty>
 </clothing>
 <clothing>
  <id>
   821567638
  </id>
  <name>
   Brooks T-shirt O-3080
  </name>
  <category>
   T-shirt
  </category>
  <size>
   XXL
  </size>
  <color>
   Синий
  </color>
  <material>
   Вискоза
  </material>
  <price>
   445766
  </price>
  <rating>
   1.55
  </rating>
  <reviews>
   84436
  </reviews>
  <new>
   -
  </new>
  <exclusive>
   yes
  </exclusive>
  <sporty>
   yes
  </sporty>
 </clothing>
 <clothing>
  <id>
   882549215
  </id>
  <name>
   Converse Handbags N-3139
  </name>
  <category>
   Handbags
  </category>
  <size>
   XL
  </size>
  <color>
   Синий
  </color>
  <material>
   Кожа
  </material>
  <price>
   146106
  </price>
  <rating>
   3.78
  </rating>
  <reviews>
   808384
  </reviews>
  <exclusive>
   no
  </exclusive>
  <sporty>
   no
  </sporty>
 </clothing>
</clothing-items>
