<?xml version="1.0" encoding="utf-8"?>
<clothing-items>
 <clothing>
  <id>
   540853845
  </id>
  <name>
   Fila T-shirt L-2711
  </name>
  <category>
   T-shirt
  </category>
  <size>
   S
  </size>
  <color>
   Красный
  </color>
  <material>
   Полиэстер
  </material>
  <price>
   627341
  </price>
  <rating>
   4.99
  </rating>
  <reviews>
   383510
  </reviews>
  <exclusive>
   no
  </exclusive>
  <sporty>
   no
  </sporty>
 </clothing>
 <clothing>
  <id>
   369038305
  </id>
  <name>
   Brooks Skirt Q-1183
  </name>
  <category>
   Skirt
  </category>
  <size>
   S
  </size>
  <color>
   Оранжевый
  </color>
  <material>
   Кожа
  </material>
  <price>
   210690
  </price>
  <rating>
   1.82
  </rating>
  <reviews>
   73513
  </reviews>
  <new>
   -
  </new>
 </clothing>
 <clothing>
  <id>
   256407086
  </id>
  <name>
   Fila Gloves V-9933
  </name>
  <category>
   Gloves
  </category>
  <size>
   M
  </size>
  <color>
   Голубой
  </color>
  <material>
   Кожа
  </material>
  <price>
   942047
  </price>
  <rating>
   1.26
  </rating>
  <reviews>
   618515
  </reviews>
  <exclusive>
   yes
  </exclusive>
  <sporty>
   no
  </sporty>
 </clothing>
 <clothing>
  <id>
   209023092
  </id>
  <name>
   Brooks Blouse C-4098
  </name>
  <category>
   Blouse
  </category>
  <size>
   S
  </size>
  <color>
   Фиолетовый
  </color>
  <material>
   Нейлон
  </material>
  <price>
   572989
  </price>
  <rating>
   2.06
  </rating>
  <reviews>
   270582
  </reviews>
  <exclusive>
   no
  </exclusive>
 </clothing>
 <clothing>
  <id>
   247486890
  </id>
  <name>
   DC Blouse Z-3890
  </name>
  <category>
   Blouse
  </category>
  <size>
   XXL
  </size>
  <color>
   Желтый
  </color>
  <material>
   Кожа
  </material>
  <price>
   738215
  </price>
  <rating>
   2.62
  </rating>
  <reviews>
   24817
  </reviews>
  <new>
   -
  </new>
  <sporty>
   yes
  </sporty>
 </clothing>
 <clothing>
  <id>
   878971218
  </id>
  <name>
   Nike Blouse D-8279
  </name>
  <category>
   Blouse
  </category>
  <size>
   L
  </size>
  <color>
   Синий
  </color>
  <material>
   Кожа
  </material>
  <price>
   882952
  </price>
  <rating>
   2.57
  </rating>
  <reviews>
   135096
  </reviews>
  <new>
   -
  </new>
 </clothing>
 <clothing>
  <id>
   868200357
  </id>
  <name>
   DC Shoes F-2923
  </name>
  <category>
   Shoes
  </category>
  <size>
   M
  </size>
  <color>
   Желтый
  </color>
  <material>
   Хлопок
  </material>
  <price>
   584159
  </price>
  <rating>
   4.2
  </rating>
  <reviews>
   436037
  </reviews>
  <sporty>
   yes
  </sporty>
 </clothing>
 <clothing>
  <id>
   560677992
  </id>
  <name>
   Ellesse Umbrellas X-1809
  </name>
  <category>
   Umbrellas
  </category>
  <size>
   L
  </size>
  <color>
   Зеленый
  </color>
  <material>
   Лен
  </material>
  <price>
   122013
  </price>
  <rating>
   1.71
  </rating>
  <reviews>
   181091
  </reviews>
  <new>
   -
  </new>
  <sporty>
   no
  </sporty>
 </clothing>
 <clothing>
  <id>
   370361228
  </id>
  <name>
   Reebok Sweater Y-3689
  </name>
  <category>
   Sweater
  </category>
  <size>
   XL
  </size>
  <color>
   Фиолетовый
  </color>
  <material>
   Полиэстер
  </material>
  <price>
   850460
  </price>
  <rating>
   2.45
  </rating>
  <reviews>
   260273
  </reviews>
  <new>
   -
  </new>
  <exclusive>
   yes
  </exclusive>
 </clothing>
 <clothing>
  <id>
   612337101
  </id>
  <name>
   Brooks Sweater T-8494
  </name>
  <category>
   Sweater
  </category>
  <size>
   M
  </size>
  <color>
   Оранжевый
  </color>
  <material>
   Вискоза
  </material>
  <price>
   756068
  </price>
  <rating>
   1.79
  </rating>
  <reviews>
   178285
  </reviews>
  <new>
   -
  </new>
  <exclusive>
   yes
  </exclusive>
  <sporty>
   yes
  </sporty>
 </clothing>
 <clothing>
  <id>
   550317836
  </id>
  <name>
   Puma Hat P-2695
  </name>
  <category>
   Hat
  </category>
  <size>
   L
  </size>
  <color>
   Фиолетовый
  </color>
  <material>
   Кожа
  </material>
  <price>
   415389
  </price>
  <rating>
   4.44
  </rating>
  <reviews>
   728376
  </reviews>
  <new>
   +
  </new>
 </clothing>
</clothing-items>
