<?xml version="1.0" encoding="utf-8"?>
<clothing-items>
 <clothing>
  <id>
   578963178
  </id>
  <name>
   Reebok Jacket E-2063
  </name>
  <category>
   Jacket
  </category>
  <size>
   XXL
  </size>
  <color>
   Зеленый
  </color>
  <material>
   Вискоза
  </material>
  <price>
   337571
  </price>
  <rating>
   4.6
  </rating>
  <reviews>
   529829
  </reviews>
  <new>
   -
  </new>
  <exclusive>
   no
  </exclusive>
 </clothing>
 <clothing>
  <id>
   785808795
  </id>
  <name>
   Nike Sweater W-7608
  </name>
  <category>
   Sweater
  </category>
  <size>
   L
  </size>
  <color>
   Голубой
  </color>
  <material>
   Полиэстер
  </material>
  <price>
   360494
  </price>
  <rating>
   3.9
  </rating>
  <reviews>
   68267
  </reviews>
  <exclusive>
   no
  </exclusive>
 </clothing>
 <clothing>
  <id>
   741954185
  </id>
  <name>
   Lacoste Umbrellas P-2662
  </name>
  <category>
   Umbrellas
  </category>
  <size>
   L
  </size>
  <color>
   Красный
  </color>
  <material>
   Нейлон
  </material>
  <price>
   857699
  </price>
  <rating>
   2.5
  </rating>
  <reviews>
   67696
  </reviews>
  <new>
   -
  </new>
  <sporty>
   yes
  </sporty>
 </clothing>
 <clothing>
  <id>
   265792428
  </id>
  <name>
   Asics Shirt A-2154
  </name>
  <category>
   Shirt
  </category>
  <size>
   XXL
  </size>
  <color>
   Голубой
  </color>
  <material>
   Шерсть
  </material>
  <price>
   190106
  </price>
  <rating>
   4.22
  </rating>
  <reviews>
   427415
  </reviews>
  <new>
   +
  </new>
 </clothing>
 <clothing>
  <id>
   607241973
  </id>
  <name>
   Asics Shoes B-5559
  </name>
  <category>
   Shoes
  </category>
  <size>
   XXL
  </size>
  <color>
   Зеленый
  </color>
  <material>
   Кожа
  </material>
  <price>
   666363
  </price>
  <rating>
   3.55
  </rating>
  <reviews>
   151579
  </reviews>
 </clothing>
 <clothing>
  <id>
   875591467
  </id>
  <name>
   Under Armour Sweater H-2068
  </name>
  <category>
   Sweater
  </category>
  <size>
   S
  </size>
  <color>
   Оранжевый
  </color>
  <material>
   Нейлон
  </material>
  <price>
   427492
  </price>
  <rating>
   4.58
  </rating>
  <reviews>
   296748
  </reviews>
  <new>
   +
  </new>
  <exclusive>
   yes
  </exclusive>
 </clothing>
 <clothing>
  <id>
   608300724
  </id>
  <name>
   Adidas Shirt X-7270
  </name>
  <category>
   Shirt
  </category>
  <size>
   L
  </size>
  <color>
   Голубой
  </color>
  <material>
   Кожа
  </material>
  <price>
   183544
  </price>
  <rating>
   2.26
  </rating>
  <reviews>
   411983
  </reviews>
  <new>
   -
  </new>
  <exclusive>
   yes
  </exclusive>
  <sporty>
   no
  </sporty>
 </clothing>
 <clothing>
  <id>
   198018777
  </id>
  <name>
   Asics Handbags I-6904
  </name>
  <category>
   Handbags
  </category>
  <size>
   XL
  </size>
  <color>
   Фиолетовый
  </color>
  <material>
   Нейлон
  </material>
  <price>
   744025
  </price>
  <rating>
   4.45
  </rating>
  <reviews>
   137242
  </reviews>
  <exclusive>
   no
  </exclusive>
  <sporty>
   no
  </sporty>
 </clothing>
 <clothing>
  <id>
   312832292
  </id>
  <name>
   DC Hat K-1662
  </name>
  <category>
   Hat
  </category>
  <size>
   M
  </size>
  <color>
   Красный
  </color>
  <material>
   Шерсть
  </material>
  <price>
   569966
  </price>
  <rating>
   4.55
  </rating>
  <reviews>
   423347
  </reviews>
  <new>
   -
  </new>
 </clothing>
 <clothing>
  <id>
   601568054
  </id>
  <name>
   Asics Belts G-8951
  </name>
  <category>
   Belts
  </category>
  <size>
   XL
  </size>
  <color>
   Синий
  </color>
  <material>
   Шерсть
  </material>
  <price>
   163016
  </price>
  <rating>
   2.27
  </rating>
  <reviews>
   650252
  </reviews>
  <new>
   +
  </new>
  <exclusive>
   no
  </exclusive>
 </clothing>
 <clothing>
  <id>
   630323242
  </id>
  <name>
   Asics Hat E-1673
  </name>
  <category>
   Hat
  </category>
  <size>
   L
  </size>
  <color>
   Красный
  </color>
  <material>
   Шелк
  </material>
  <price>
   696934
  </price>
  <rating>
   1.83
  </rating>
  <reviews>
   10143
  </reviews>
  <exclusive>
   no
  </exclusive>
  <sporty>
   no
  </sporty>
 </clothing>
 <clothing>
  <id>
   353111005
  </id>
  <name>
   Lacoste Belts J-4537
  </name>
  <category>
   Belts
  </category>
  <size>
   S
  </size>
  <color>
   Синий
  </color>
  <material>
   Нейлон
  </material>
  <price>
   860073
  </price>
  <rating>
   3.23
  </rating>
  <reviews>
   8198
  </reviews>
  <new>
   -
  </new>
 </clothing>
 <clothing>
  <id>
   542348040
  </id>
  <name>
   Brooks Socks J-5187
  </name>
  <category>
   Socks
  </category>
  <size>
   M
  </size>
  <color>
   Зеленый
  </color>
  <material>
   Хлопок
  </material>
  <price>
   522694
  </price>
  <rating>
   4.46
  </rating>
  <reviews>
   560606
  </reviews>
  <new>
   -
  </new>
  <exclusive>
   no
  </exclusive>
 </clothing>
 <clothing>
  <id>
   528701027
  </id>
  <name>
   Adidas T-shirt S-2815
  </name>
  <category>
   T-shirt
  </category>
  <size>
   XXL
  </size>
  <color>
   Синий
  </color>
  <material>
   Нейлон
  </material>
  <price>
   351160
  </price>
  <rating>
   1.47
  </rating>
  <reviews>
   6361
  </reviews>
  <new>
   -
  </new>
  <exclusive>
   no
  </exclusive>
 </clothing>
 <clothing>
  <id>
   589540182
  </id>
  <name>
   Puma Jeans H-2773
  </name>
  <category>
   Jeans
  </category>
  <size>
   S
  </size>
  <color>
   Зеленый
  </color>
  <material>
   Полиэстер
  </material>
  <price>
   603453
  </price>
  <rating>
   1.0
  </rating>
  <reviews>
   407060
  </reviews>
  <new>
   -
  </new>
 </clothing>
 <clothing>
  <id>
   106126097
  </id>
  <name>
   Reebok Jeans K-4764
  </name>
  <category>
   Jeans
  </category>
  <size>
   M
  </size>
  <color>
   Красный
  </color>
  <material>
   Кожа
  </material>
  <price>
   897223
  </price>
  <rating>
   1.66
  </rating>
  <reviews>
   131725
  </reviews>
  <sporty>
   no
  </sporty>
 </clothing>
 <clothing>
  <id>
   706245605
  </id>
  <name>
   Vans Skirt B-3301
  </name>
  <category>
   Skirt
  </category>
  <size>
   S
  </size>
  <color>
   Зеленый
  </color>
  <material>
   Полиэстер
  </material>
  <price>
   524305
  </price>
  <rating>
   2.9
  </rating>
  <reviews>
   422789
  </reviews>
  <exclusive>
   no
  </exclusive>
 </clothing>
 <clothing>
  <id>
   432850441
  </id>
  <name>
   Adidas Gloves Q-2202
  </name>
  <category>
   Gloves
  </category>
  <size>
   XXL
  </size>
  <color>
   Синий
  </color>
  <material>
   Шелк
  </material>
  <price>
   475473
  </price>
  <rating>
   3.1
  </rating>
  <reviews>
   347676
  </reviews>
  <exclusive>
   yes
  </exclusive>
  <sporty>
   yes
  </sporty>
 </clothing>
 <clothing>
  <id>
   578507263
  </id>
  <name>
   DC Hat R-5610
  </name>
  <category>
   Hat
  </category>
  <size>
   S
  </size>
  <color>
   Желтый
  </color>
  <material>
   Нейлон
  </material>
  <price>
   433084
  </price>
  <rating>
   1.72
  </rating>
  <reviews>
   423799
  </reviews>
  <new>
   +
  </new>
  <exclusive>
   yes
  </exclusive>
  <sporty>
   no
  </sporty>
 </clothing>
 <clothing>
  <id>
   751715834
  </id>
  <name>
   Puma Socks R-6143
  </name>
  <category>
   Socks
  </category>
  <size>
   M
  </size>
  <color>
   Синий
  </color>
  <material>
   Нейлон
  </material>
  <price>
   358257
  </price>
  <rating>
   4.52
  </rating>
  <reviews>
   935340
  </reviews>
  <exclusive>
   no
  </exclusive>
  <sporty>
   no
  </sporty>
 </clothing>
 <clothing>
  <id>
   892193463
  </id>
  <name>
   Brooks T-shirt F-9050
  </name>
  <category>
   T-shirt
  </category>
  <size>
   S
  </size>
  <color>
   Синий
  </color>
  <material>
   Полиэстер
  </material>
  <price>
   782730
  </price>
  <rating>
   4.86
  </rating>
  <reviews>
   766459
  </reviews>
  <new>
   +
  </new>
 </clothing>
 <clothing>
  <id>
   615027171
  </id>
  <name>
   Lacoste Jacket P-8374
  </name>
  <category>
   Jacket
  </category>
  <size>
   XL
  </size>
  <color>
   Красный
  </color>
  <material>
   Кожа
  </material>
  <price>
   235280
  </price>
  <rating>
   2.26
  </rating>
  <reviews>
   785776
  </reviews>
  <new>
   +
  </new>
  <sporty>
   no
  </sporty>
 </clothing>
 <clothing>
  <id>
   888393408
  </id>
  <name>
   Nike Hat V-5415
  </name>
  <category>
   Hat
  </category>
  <size>
   S
  </size>
  <color>
   Синий
  </color>
  <material>
   Хлопок
  </material>
  <price>
   733742
  </price>
  <rating>
   4.29
  </rating>
  <reviews>
   162928
  </reviews>
  <new>
   -
  </new>
  <sporty>
   no
  </sporty>
 </clothing>
 <clothing>
  <id>
   781501250
  </id>
  <name>
   New Balance Pants Y-3512
  </name>
  <category>
   Pants
  </category>
  <size>
   XXL
  </size>
  <color>
   Фиолетовый
  </color>
  <material>
   Шелк
  </material>
  <price>
   751214
  </price>
  <rating>
   1.34
  </rating>
  <reviews>
   20870
  </reviews>
  <exclusive>
   no
  </exclusive>
 </clothing>
 <clothing>
  <id>
   679131831
  </id>
  <name>
   Converse Umbrellas M-5069
  </name>
  <category>
   Umbrellas
  </category>
  <size>
   XXL
  </size>
  <color>
   Оранжевый
  </color>
  <material>
   Полиэстер
  </material>
  <price>
   867238
  </price>
  <rating>
   4.6
  </rating>
  <reviews>
   463459
  </reviews>
  <exclusive>
   no
  </exclusive>
  <sporty>
   no
  </sporty>
 </clothing>
 <clothing>
  <id>
   968839746
  </id>
  <name>
   Ellesse T-shirt V-7857
  </name>
  <category>
   T-shirt
  </category>
  <size>
   L
  </size>
  <color>
   Синий
  </color>
  <material>
   Шерсть
  </material>
  <price>
   733937
  </price>
  <rating>
   3.76
  </rating>
  <reviews>
   994227
  </reviews>
  <new>
   +
  </new>
  <exclusive>
   yes
  </exclusive>
 </clothing>
 <clothing>
  <id>
   749426440
  </id>
  <name>
   Vans Belts D-8928
  </name>
  <category>
   Belts
  </category>
  <size>
   XL
  </size>
  <color>
   Голубой
  </color>
  <material>
   Лен
  </material>
  <price>
   485331
  </price>
  <rating>
   2.62
  </rating>
  <reviews>
   442289
  </reviews>
 </clothing>
 <clothing>
  <id>
   116507895
  </id>
  <name>
   New Balance Shoes R-6092
  </name>
  <category>
   Shoes
  </category>
  <size>
   XL
  </size>
  <color>
   Голубой
  </color>
  <material>
   Шелк
  </material>
  <price>
   302346
  </price>
  <rating>
   4.44
  </rating>
  <reviews>
   979170
  </reviews>
  <new>
   -
  </new>
  <sporty>
   yes
  </sporty>
 </clothing>
 <clothing>
  <id>
   774535698
  </id>
  <name>
   Fila Blouse O-9088
  </name>
  <category>
   Blouse
  </category>
  <size>
   XXL
  </size>
  <color>
   Синий
  </color>
  <material>
   Нейлон
  </material>
  <price>
   903273
  </price>
  <rating>
   2.13
  </rating>
  <reviews>
   981549
  </reviews>
  <sporty>
   no
  </sporty>
 </clothing>
 <clothing>
  <id>
   887480969
  </id>
  <name>
   PleinSport Skirt M-4139
  </name>
  <category>
   Skirt
  </category>
  <size>
   S
  </size>
  <color>
   Синий
  </color>
  <material>
   Нейлон
  </material>
  <price>
   273385
  </price>
  <rating>
   2.72
  </rating>
  <reviews>
   915874
  </reviews>
  <new>
   -
  </new>
  <exclusive>
   yes
  </exclusive>
 </clothing>
 <clothing>
  <id>
   997320932
  </id>
  <name>
   Adidas Shirt D-9962
  </name>
  <category>
   Shirt
  </category>
  <size>
   L
  </size>
  <color>
   Красный
  </color>
  <material>
   Нейлон
  </material>
  <price>
   784193
  </price>
  <rating>
   4.99
  </rating>
  <reviews>
   431453
  </reviews>
  <exclusive>
   yes
  </exclusive>
  <sporty>
   yes
  </sporty>
 </clothing>
 <clothing>
  <id>
   191289857
  </id>
  <name>
   Ellesse Shirt J-5515
  </name>
  <category>
   Shirt
  </category>
  <size>
   XL
  </size>
  <color>
   Голубой
  </color>
  <material>
   Хлопок
  </material>
  <price>
   781335
  </price>
  <rating>
   1.66
  </rating>
  <reviews>
   478575
  </reviews>
 </clothing>
 <clothing>
  <id>
   902744179
  </id>
  <name>
   Brooks Jeans N-7530
  </name>
  <category>
   Jeans
  </category>
  <size>
   XL
  </size>
  <color>
   Оранжевый
  </color>
  <material>
   Нейлон
  </material>
  <price>
   223966
  </price>
  <rating>
   4.94
  </rating>
  <reviews>
   20554
  </reviews>
  <new>
   -
  </new>
  <exclusive>
   no
  </exclusive>
  <sporty>
   no
  </sporty>
 </clothing>
 <clothing>
  <id>
   890719424
  </id>
  <name>
   Nike Socks V-5735
  </name>
  <category>
   Socks
  </category>
  <size>
   M
  </size>
  <color>
   Красный
  </color>
  <material>
   Нейлон
  </material>
  <price>
   177029
  </price>
  <rating>
   3.12
  </rating>
  <reviews>
   4311
  </reviews>
  <new>
   -
  </new>
  <exclusive>
   no
  </exclusive>
  <sporty>
   yes
  </sporty>
 </clothing>
 <clothing>
  <id>
   419934485
  </id>
  <name>
   Ellesse Handbags P-6991
  </name>
  <category>
   Handbags
  </category>
  <size>
   XXL
  </size>
  <color>
   Желтый
  </color>
  <material>
   Шерсть
  </material>
  <price>
   910044
  </price>
  <rating>
   2.15
  </rating>
  <reviews>
   851272
  </reviews>
  <sporty>
   no
  </sporty>
 </clothing>
</clothing-items>
