<?xml version="1.0" encoding="utf-8"?>
<clothing-items>
 <clothing>
  <id>
   366936389
  </id>
  <name>
   Brooks Skirt B-8733
  </name>
  <category>
   Skirt
  </category>
  <size>
   L
  </size>
  <color>
   Оранжевый
  </color>
  <material>
   Нейлон
  </material>
  <price>
   830968
  </price>
  <rating>
   2.06
  </rating>
  <reviews>
   974558
  </reviews>
  <new>
   -
  </new>
 </clothing>
 <clothing>
  <id>
   587536240
  </id>
  <name>
   Puma Shoes V-2370
  </name>
  <category>
   Shoes
  </category>
  <size>
   L
  </size>
  <color>
   Синий
  </color>
  <material>
   Шелк
  </material>
  <price>
   818828
  </price>
  <rating>
   3.77
  </rating>
  <reviews>
   666124
  </reviews>
  <new>
   -
  </new>
 </clothing>
 <clothing>
  <id>
   410845183
  </id>
  <name>
   Lacoste Sweater Q-4087
  </name>
  <category>
   Sweater
  </category>
  <size>
   M
  </size>
  <color>
   Красный
  </color>
  <material>
   Вискоза
  </material>
  <price>
   931321
  </price>
  <rating>
   3.64
  </rating>
  <reviews>
   570322
  </reviews>
  <exclusive>
   yes
  </exclusive>
  <sporty>
   no
  </sporty>
 </clothing>
 <clothing>
  <id>
   130714737
  </id>
  <name>
   Ellesse T-shirt M-4475
  </name>
  <category>
   T-shirt
  </category>
  <size>
   XL
  </size>
  <color>
   Желтый
  </color>
  <material>
   Кожа
  </material>
  <price>
   137116
  </price>
  <rating>
   4.77
  </rating>
  <reviews>
   910529
  </reviews>
  <exclusive>
   no
  </exclusive>
 </clothing>
 <clothing>
  <id>
   962789221
  </id>
  <name>
   Ellesse Shoes R-9324
  </name>
  <category>
   Shoes
  </category>
  <size>
   L
  </size>
  <color>
   Зеленый
  </color>
  <material>
   Нейлон
  </material>
  <price>
   328803
  </price>
  <rating>
   3.24
  </rating>
  <reviews>
   98379
  </reviews>
  <sporty>
   yes
  </sporty>
 </clothing>
 <clothing>
  <id>
   104611785
  </id>
  <name>
   Fila Gloves R-7342
  </name>
  <category>
   Gloves
  </category>
  <size>
   XL
  </size>
  <color>
   Желтый
  </color>
  <material>
   Шелк
  </material>
  <price>
   622444
  </price>
  <rating>
   2.17
  </rating>
  <reviews>
   357022
  </reviews>
  <exclusive>
   yes
  </exclusive>
  <sporty>
   no
  </sporty>
 </clothing>
 <clothing>
  <id>
   443189021
  </id>
  <name>
   Asics Hat I-2913
  </name>
  <category>
   Hat
  </category>
  <size>
   L
  </size>
  <color>
   Красный
  </color>
  <material>
   Нейлон
  </material>
  <price>
   580124
  </price>
  <rating>
   1.07
  </rating>
  <reviews>
   44927
  </reviews>
  <sporty>
   yes
  </sporty>
 </clothing>
 <clothing>
  <id>
   813295849
  </id>
  <name>
   Vans Sweater O-8769
  </name>
  <category>
   Sweater
  </category>
  <size>
   XL
  </size>
  <color>
   Синий
  </color>
  <material>
   Нейлон
  </material>
  <price>
   842729
  </price>
  <rating>
   2.17
  </rating>
  <reviews>
   927619
  </reviews>
  <new>
   +
  </new>
  <exclusive>
   yes
  </exclusive>
  <sporty>
   no
  </sporty>
 </clothing>
 <clothing>
  <id>
   647129457
  </id>
  <name>
   Under Armour Pants B-4517
  </name>
  <category>
   Pants
  </category>
  <size>
   L
  </size>
  <color>
   Красный
  </color>
  <material>
   Хлопок
  </material>
  <price>
   133176
  </price>
  <rating>
   1.72
  </rating>
  <reviews>
   230979
  </reviews>
  <exclusive>
   no
  </exclusive>
  <sporty>
   no
  </sporty>
 </clothing>
 <clothing>
  <id>
   928779830
  </id>
  <name>
   PleinSport Jeans Y-1862
  </name>
  <category>
   Jeans
  </category>
  <size>
   S
  </size>
  <color>
   Голубой
  </color>
  <material>
   Вискоза
  </material>
  <price>
   199068
  </price>
  <rating>
   1.62
  </rating>
  <reviews>
   796483
  </reviews>
  <new>
   -
  </new>
  <sporty>
   no
  </sporty>
 </clothing>
 <clothing>
  <id>
   948310115
  </id>
  <name>
   Vans Jacket X-4771
  </name>
  <category>
   Jacket
  </category>
  <size>
   XL
  </size>
  <color>
   Синий
  </color>
  <material>
   Шерсть
  </material>
  <price>
   860715
  </price>
  <rating>
   1.78
  </rating>
  <reviews>
   492834
  </reviews>
  <exclusive>
   no
  </exclusive>
  <sporty>
   no
  </sporty>
 </clothing>
 <clothing>
  <id>
   231877105
  </id>
  <name>
   Brooks Shirt B-4541
  </name>
  <category>
   Shirt
  </category>
  <size>
   S
  </size>
  <color>
   Голубой
  </color>
  <material>
   Кожа
  </material>
  <price>
   794184
  </price>
  <rating>
   1.94
  </rating>
  <reviews>
   506946
  </reviews>
  <exclusive>
   yes
  </exclusive>
  <sporty>
   no
  </sporty>
 </clothing>
 <clothing>
  <id>
   649753693
  </id>
  <name>
   Asics Pants A-1680
  </name>
  <category>
   Pants
  </category>
  <size>
   M
  </size>
  <color>
   Красный
  </color>
  <material>
   Кожа
  </material>
  <price>
   698127
  </price>
  <rating>
   2.66
  </rating>
  <reviews>
   453688
  </reviews>
  <exclusive>
   no
  </exclusive>
 </clothing>
 <clothing>
  <id>
   240306954
  </id>
  <name>
   DC Shoes K-3148
  </name>
  <category>
   Shoes
  </category>
  <size>
   XXL
  </size>
  <color>
   Желтый
  </color>
  <material>
   Хлопок
  </material>
  <price>
   592635
  </price>
  <rating>
   4.12
  </rating>
  <reviews>
   949090
  </reviews>
  <new>
   +
  </new>
  <sporty>
   no
  </sporty>
 </clothing>
 <clothing>
  <id>
   146106926
  </id>
  <name>
   Nike T-shirt S-5505
  </name>
  <category>
   T-shirt
  </category>
  <size>
   L
  </size>
  <color>
   Оранжевый
  </color>
  <material>
   Лен
  </material>
  <price>
   306323
  </price>
  <rating>
   3.47
  </rating>
  <reviews>
   964137
  </reviews>
  <new>
   -
  </new>
 </clothing>
 <clothing>
  <id>
   681377016
  </id>
  <name>
   Nike Sweater L-6529
  </name>
  <category>
   Sweater
  </category>
  <size>
   M
  </size>
  <color>
   Голубой
  </color>
  <material>
   Нейлон
  </material>
  <price>
   223166
  </price>
  <rating>
   4.14
  </rating>
  <reviews>
   986054
  </reviews>
  <exclusive>
   no
  </exclusive>
 </clothing>
 <clothing>
  <id>
   842773252
  </id>
  <name>
   Ellesse Jacket S-5550
  </name>
  <category>
   Jacket
  </category>
  <size>
   S
  </size>
  <color>
   Желтый
  </color>
  <material>
   Шерсть
  </material>
  <price>
   595073
  </price>
  <rating>
   3.62
  </rating>
  <reviews>
   661355
  </reviews>
  <exclusive>
   yes
  </exclusive>
 </clothing>
 <clothing>
  <id>
   308987602
  </id>
  <name>
   Brooks Socks X-1253
  </name>
  <category>
   Socks
  </category>
  <size>
   L
  </size>
  <color>
   Голубой
  </color>
  <material>
   Шерсть
  </material>
  <price>
   992212
  </price>
  <rating>
   4.86
  </rating>
  <reviews>
   505382
  </reviews>
  <exclusive>
   no
  </exclusive>
  <sporty>
   no
  </sporty>
 </clothing>
 <clothing>
  <id>
   485107367
  </id>
  <name>
   New Balance Jacket F-1803
  </name>
  <category>
   Jacket
  </category>
  <size>
   XL
  </size>
  <color>
   Фиолетовый
  </color>
  <material>
   Лен
  </material>
  <price>
   405797
  </price>
  <rating>
   4.55
  </rating>
  <reviews>
   805094
  </reviews>
  <new>
   -
  </new>
 </clothing>
 <clothing>
  <id>
   964661072
  </id>
  <name>
   PleinSport Shirt R-6803
  </name>
  <category>
   Shirt
  </category>
  <size>
   XXL
  </size>
  <color>
   Красный
  </color>
  <material>
   Хлопок
  </material>
  <price>
   105760
  </price>
  <rating>
   3.55
  </rating>
  <reviews>
   121820
  </reviews>
  <new>
   +
  </new>
  <exclusive>
   yes
  </exclusive>
  <sporty>
   no
  </sporty>
 </clothing>
 <clothing>
  <id>
   652978714
  </id>
  <name>
   Vans Handbags R-3937
  </name>
  <category>
   Handbags
  </category>
  <size>
   S
  </size>
  <color>
   Синий
  </color>
  <material>
   Кожа
  </material>
  <price>
   438771
  </price>
  <rating>
   1.13
  </rating>
  <reviews>
   197858
  </reviews>
  <new>
   -
  </new>
  <exclusive>
   no
  </exclusive>
 </clothing>
 <clothing>
  <id>
   444934444
  </id>
  <name>
   Nike Handbags A-6492
  </name>
  <category>
   Handbags
  </category>
  <size>
   XXL
  </size>
  <color>
   Голубой
  </color>
  <material>
   Лен
  </material>
  <price>
   554451
  </price>
  <rating>
   3.24
  </rating>
  <reviews>
   747247
  </reviews>
  <exclusive>
   yes
  </exclusive>
 </clothing>
 <clothing>
  <id>
   969607669
  </id>
  <name>
   Addidas Belts U-7226
  </name>
  <category>
   Belts
  </category>
  <size>
   L
  </size>
  <color>
   Красный
  </color>
  <material>
   Лен
  </material>
  <price>
   567687
  </price>
  <rating>
   4.2
  </rating>
  <reviews>
   299500
  </reviews>
  <exclusive>
   no
  </exclusive>
  <sporty>
   yes
  </sporty>
 </clothing>
</clothing-items>
