<?xml version="1.0" encoding="utf-8"?>
<clothing-items>
 <clothing>
  <id>
   106613972
  </id>
  <name>
   Puma Shirt E-2114
  </name>
  <category>
   Shirt
  </category>
  <size>
   S
  </size>
  <color>
   Фиолетовый
  </color>
  <material>
   Шелк
  </material>
  <price>
   417274
  </price>
  <rating>
   1.41
  </rating>
  <reviews>
   694954
  </reviews>
  <new>
   +
  </new>
  <exclusive>
   no
  </exclusive>
  <sporty>
   no
  </sporty>
 </clothing>
 <clothing>
  <id>
   578435098
  </id>
  <name>
   PleinSport Gloves J-2372
  </name>
  <category>
   Gloves
  </category>
  <size>
   XXL
  </size>
  <color>
   Оранжевый
  </color>
  <material>
   Полиэстер
  </material>
  <price>
   445732
  </price>
  <rating>
   1.8
  </rating>
  <reviews>
   176257
  </reviews>
  <exclusive>
   no
  </exclusive>
 </clothing>
 <clothing>
  <id>
   195171479
  </id>
  <name>
   Lacoste Jeans Y-5609
  </name>
  <category>
   Jeans
  </category>
  <size>
   L
  </size>
  <color>
   Красный
  </color>
  <material>
   Хлопок
  </material>
  <price>
   981255
  </price>
  <rating>
   1.63
  </rating>
  <reviews>
   915029
  </reviews>
  <new>
   -
  </new>
  <exclusive>
   yes
  </exclusive>
  <sporty>
   no
  </sporty>
 </clothing>
 <clothing>
  <id>
   411810244
  </id>
  <name>
   Reebok Blouse D-3809
  </name>
  <category>
   Blouse
  </category>
  <size>
   M
  </size>
  <color>
   Оранжевый
  </color>
  <material>
   Кожа
  </material>
  <price>
   406246
  </price>
  <rating>
   2.87
  </rating>
  <reviews>
   290954
  </reviews>
  <exclusive>
   yes
  </exclusive>
  <sporty>
   no
  </sporty>
 </clothing>
 <clothing>
  <id>
   622167236
  </id>
  <name>
   PleinSport Blouse Z-9222
  </name>
  <category>
   Blouse
  </category>
  <size>
   M
  </size>
  <color>
   Оранжевый
  </color>
  <material>
   Хлопок
  </material>
  <price>
   855510
  </price>
  <rating>
   2.66
  </rating>
  <reviews>
   711413
  </reviews>
  <new>
   -
  </new>
  <sporty>
   no
  </sporty>
 </clothing>
 <clothing>
  <id>
   821301472
  </id>
  <name>
   Lacoste Shoes Q-2938
  </name>
  <category>
   Shoes
  </category>
  <size>
   XL
  </size>
  <color>
   Желтый
  </color>
  <material>
   Лен
  </material>
  <price>
   847354
  </price>
  <rating>
   2.21
  </rating>
  <reviews>
   372425
  </reviews>
 </clothing>
 <clothing>
  <id>
   497153774
  </id>
  <name>
   Puma Hat V-2859
  </name>
  <category>
   Hat
  </category>
  <size>
   M
  </size>
  <color>
   Красный
  </color>
  <material>
   Лен
  </material>
  <price>
   749537
  </price>
  <rating>
   1.15
  </rating>
  <reviews>
   979036
  </reviews>
  <new>
   +
  </new>
  <exclusive>
   yes
  </exclusive>
 </clothing>
 <clothing>
  <id>
   352170089
  </id>
  <name>
   PleinSport Belts F-3436
  </name>
  <category>
   Belts
  </category>
  <size>
   S
  </size>
  <color>
   Зеленый
  </color>
  <material>
   Вискоза
  </material>
  <price>
   305977
  </price>
  <rating>
   3.49
  </rating>
  <reviews>
   360717
  </reviews>
  <new>
   +
  </new>
  <sporty>
   no
  </sporty>
 </clothing>
 <clothing>
  <id>
   409598075
  </id>
  <name>
   Under Armour Pants Q-4905
  </name>
  <category>
   Pants
  </category>
  <size>
   S
  </size>
  <color>
   Красный
  </color>
  <material>
   Вискоза
  </material>
  <price>
   433179
  </price>
  <rating>
   3.43
  </rating>
  <reviews>
   471872
  </reviews>
  <new>
   +
  </new>
  <exclusive>
   yes
  </exclusive>
 </clothing>
 <clothing>
  <id>
   205713905
  </id>
  <name>
   Nike Socks B-1931
  </name>
  <category>
   Socks
  </category>
  <size>
   S
  </size>
  <color>
   Оранжевый
  </color>
  <material>
   Шелк
  </material>
  <price>
   919413
  </price>
  <rating>
   4.14
  </rating>
  <reviews>
   502481
  </reviews>
  <new>
   +
  </new>
  <exclusive>
   no
  </exclusive>
 </clothing>
 <clothing>
  <id>
   966655096
  </id>
  <name>
   Adidas Gloves J-3580
  </name>
  <category>
   Gloves
  </category>
  <size>
   XXL
  </size>
  <color>
   Синий
  </color>
  <material>
   Шелк
  </material>
  <price>
   397936
  </price>
  <rating>
   3.5
  </rating>
  <reviews>
   238290
  </reviews>
 </clothing>
 <clothing>
  <id>
   915776781
  </id>
  <name>
   Reebok Handbags A-2398
  </name>
  <category>
   Handbags
  </category>
  <size>
   L
  </size>
  <color>
   Красный
  </color>
  <material>
   Кожа
  </material>
  <price>
   414548
  </price>
  <rating>
   4.17
  </rating>
  <reviews>
   487205
  </reviews>
  <new>
   -
  </new>
  <exclusive>
   yes
  </exclusive>
 </clothing>
 <clothing>
  <id>
   301413236
  </id>
  <name>
   Converse Umbrellas T-6168
  </name>
  <category>
   Umbrellas
  </category>
  <size>
   L
  </size>
  <color>
   Фиолетовый
  </color>
  <material>
   Шерсть
  </material>
  <price>
   872104
  </price>
  <rating>
   4.47
  </rating>
  <reviews>
   344252
  </reviews>
  <new>
   -
  </new>
  <exclusive>
   no
  </exclusive>
  <sporty>
   no
  </sporty>
 </clothing>
 <clothing>
  <id>
   882469166
  </id>
  <name>
   Ellesse Jeans F-4323
  </name>
  <category>
   Jeans
  </category>
  <size>
   M
  </size>
  <color>
   Фиолетовый
  </color>
  <material>
   Шелк
  </material>
  <price>
   331352
  </price>
  <rating>
   4.81
  </rating>
  <reviews>
   247720
  </reviews>
  <sporty>
   no
  </sporty>
 </clothing>
 <clothing>
  <id>
   742550922
  </id>
  <name>
   PleinSport Shirt Q-9832
  </name>
  <category>
   Shirt
  </category>
  <size>
   S
  </size>
  <color>
   Фиолетовый
  </color>
  <material>
   Шерсть
  </material>
  <price>
   499192
  </price>
  <rating>
   4.01
  </rating>
  <reviews>
   148552
  </reviews>
  <new>
   +
  </new>
  <sporty>
   no
  </sporty>
 </clothing>
 <clothing>
  <id>
   962809882
  </id>
  <name>
   New Balance Hat F-7148
  </name>
  <category>
   Hat
  </category>
  <size>
   XXL
  </size>
  <color>
   Синий
  </color>
  <material>
   Хлопок
  </material>
  <price>
   571010
  </price>
  <rating>
   2.6
  </rating>
  <reviews>
   539482
  </reviews>
  <exclusive>
   yes
  </exclusive>
 </clothing>
 <clothing>
  <id>
   803585296
  </id>
  <name>
   Converse Skirt S-1212
  </name>
  <category>
   Skirt
  </category>
  <size>
   XL
  </size>
  <color>
   Желтый
  </color>
  <material>
   Нейлон
  </material>
  <price>
   477701
  </price>
  <rating>
   1.12
  </rating>
  <reviews>
   34379
  </reviews>
  <new>
   +
  </new>
 </clothing>
 <clothing>
  <id>
   485165929
  </id>
  <name>
   Nike Umbrellas B-4265
  </name>
  <category>
   Umbrellas
  </category>
  <size>
   M
  </size>
  <color>
   Голубой
  </color>
  <material>
   Полиэстер
  </material>
  <price>
   504058
  </price>
  <rating>
   2.72
  </rating>
  <reviews>
   876372
  </reviews>
 </clothing>
 <clothing>
  <id>
   273267115
  </id>
  <name>
   Asics Shoes P-7195
  </name>
  <category>
   Shoes
  </category>
  <size>
   M
  </size>
  <color>
   Красный
  </color>
  <material>
   Шелк
  </material>
  <price>
   998185
  </price>
  <rating>
   2.4
  </rating>
  <reviews>
   930710
  </reviews>
 </clothing>
 <clothing>
  <id>
   328081272
  </id>
  <name>
   Addidas Belts R-5660
  </name>
  <category>
   Belts
  </category>
  <size>
   S
  </size>
  <color>
   Голубой
  </color>
  <material>
   Нейлон
  </material>
  <price>
   278972
  </price>
  <rating>
   1.38
  </rating>
  <reviews>
   184002
  </reviews>
  <new>
   -
  </new>
  <exclusive>
   no
  </exclusive>
  <sporty>
   no
  </sporty>
 </clothing>
 <clothing>
  <id>
   224368973
  </id>
  <name>
   Lacoste Dress T-9022
  </name>
  <category>
   Dress
  </category>
  <size>
   XL
  </size>
  <color>
   Синий
  </color>
  <material>
   Полиэстер
  </material>
  <price>
   738742
  </price>
  <rating>
   3.44
  </rating>
  <reviews>
   206110
  </reviews>
  <new>
   +
  </new>
  <exclusive>
   yes
  </exclusive>
  <sporty>
   yes
  </sporty>
 </clothing>
</clothing-items>
