<?xml version="1.0" encoding="utf-8"?>
<clothing-items>
 <clothing>
  <id>
   742446238
  </id>
  <name>
   Under Armour Dress B-9253
  </name>
  <category>
   Dress
  </category>
  <size>
   L
  </size>
  <color>
   Зеленый
  </color>
  <material>
   Нейлон
  </material>
  <price>
   129203
  </price>
  <rating>
   2.07
  </rating>
  <reviews>
   554520
  </reviews>
  <sporty>
   no
  </sporty>
 </clothing>
 <clothing>
  <id>
   335108869
  </id>
  <name>
   Adidas Socks C-7569
  </name>
  <category>
   Socks
  </category>
  <size>
   L
  </size>
  <color>
   Оранжевый
  </color>
  <material>
   Хлопок
  </material>
  <price>
   161749
  </price>
  <rating>
   1.86
  </rating>
  <reviews>
   573119
  </reviews>
  <new>
   -
  </new>
  <sporty>
   yes
  </sporty>
 </clothing>
 <clothing>
  <id>
   673058074
  </id>
  <name>
   Nike Belts L-3846
  </name>
  <category>
   Belts
  </category>
  <size>
   XXL
  </size>
  <color>
   Синий
  </color>
  <material>
   Хлопок
  </material>
  <price>
   991154
  </price>
  <rating>
   4.93
  </rating>
  <reviews>
   233448
  </reviews>
  <new>
   -
  </new>
  <exclusive>
   no
  </exclusive>
 </clothing>
 <clothing>
  <id>
   609858014
  </id>
  <name>
   Asics Sweater D-7000
  </name>
  <category>
   Sweater
  </category>
  <size>
   XXL
  </size>
  <color>
   Зеленый
  </color>
  <material>
   Вискоза
  </material>
  <price>
   979172
  </price>
  <rating>
   3.03
  </rating>
  <reviews>
   800604
  </reviews>
  <new>
   +
  </new>
 </clothing>
 <clothing>
  <id>
   479765092
  </id>
  <name>
   Vans Skirt K-3151
  </name>
  <category>
   Skirt
  </category>
  <size>
   M
  </size>
  <color>
   Фиолетовый
  </color>
  <material>
   Нейлон
  </material>
  <price>
   506921
  </price>
  <rating>
   3.77
  </rating>
  <reviews>
   479140
  </reviews>
  <new>
   +
  </new>
  <sporty>
   yes
  </sporty>
 </clothing>
 <clothing>
  <id>
   983487689
  </id>
  <name>
   Converse Dress U-6437
  </name>
  <category>
   Dress
  </category>
  <size>
   XXL
  </size>
  <color>
   Фиолетовый
  </color>
  <material>
   Лен
  </material>
  <price>
   870575
  </price>
  <rating>
   1.53
  </rating>
  <reviews>
   354265
  </reviews>
  <exclusive>
   no
  </exclusive>
 </clothing>
 <clothing>
  <id>
   421598980
  </id>
  <name>
   Reebok Belts C-9509
  </name>
  <category>
   Belts
  </category>
  <size>
   XXL
  </size>
  <color>
   Оранжевый
  </color>
  <material>
   Хлопок
  </material>
  <price>
   605209
  </price>
  <rating>
   3.24
  </rating>
  <reviews>
   807287
  </reviews>
  <exclusive>
   no
  </exclusive>
 </clothing>
 <clothing>
  <id>
   988651333
  </id>
  <name>
   Converse Jeans R-7238
  </name>
  <category>
   Jeans
  </category>
  <size>
   M
  </size>
  <color>
   Желтый
  </color>
  <material>
   Кожа
  </material>
  <price>
   283248
  </price>
  <rating>
   4.07
  </rating>
  <reviews>
   370169
  </reviews>
  <new>
   -
  </new>
  <exclusive>
   no
  </exclusive>
  <sporty>
   no
  </sporty>
 </clothing>
 <clothing>
  <id>
   870910498
  </id>
  <name>
   Puma Shoes J-4774
  </name>
  <category>
   Shoes
  </category>
  <size>
   S
  </size>
  <color>
   Фиолетовый
  </color>
  <material>
   Шелк
  </material>
  <price>
   702346
  </price>
  <rating>
   3.68
  </rating>
  <reviews>
   273289
  </reviews>
  <new>
   -
  </new>
 </clothing>
 <clothing>
  <id>
   861285496
  </id>
  <name>
   Reebok Sweater T-2671
  </name>
  <category>
   Sweater
  </category>
  <size>
   XXL
  </size>
  <color>
   Желтый
  </color>
  <material>
   Кожа
  </material>
  <price>
   128198
  </price>
  <rating>
   4.74
  </rating>
  <reviews>
   670409
  </reviews>
  <new>
   +
  </new>
  <exclusive>
   yes
  </exclusive>
 </clothing>
 <clothing>
  <id>
   713988385
  </id>
  <name>
   Lacoste Hat S-9638
  </name>
  <category>
   Hat
  </category>
  <size>
   S
  </size>
  <color>
   Оранжевый
  </color>
  <material>
   Шелк
  </material>
  <price>
   783172
  </price>
  <rating>
   1.95
  </rating>
  <reviews>
   192127
  </reviews>
  <exclusive>
   yes
  </exclusive>
 </clothing>
 <clothing>
  <id>
   722316838
  </id>
  <name>
   Addidas Dress T-8123
  </name>
  <category>
   Dress
  </category>
  <size>
   M
  </size>
  <color>
   Желтый
  </color>
  <material>
   Хлопок
  </material>
  <price>
   234156
  </price>
  <rating>
   3.72
  </rating>
  <reviews>
   45419
  </reviews>
  <new>
   -
  </new>
  <exclusive>
   no
  </exclusive>
  <sporty>
   yes
  </sporty>
 </clothing>
 <clothing>
  <id>
   370528961
  </id>
  <name>
   DC Dress B-6265
  </name>
  <category>
   Dress
  </category>
  <size>
   XL
  </size>
  <color>
   Красный
  </color>
  <material>
   Шелк
  </material>
  <price>
   406277
  </price>
  <rating>
   4.27
  </rating>
  <reviews>
   583234
  </reviews>
  <sporty>
   no
  </sporty>
 </clothing>
 <clothing>
  <id>
   561464780
  </id>
  <name>
   Brooks Shirt N-2478
  </name>
  <category>
   Shirt
  </category>
  <size>
   XXL
  </size>
  <color>
   Зеленый
  </color>
  <material>
   Лен
  </material>
  <price>
   321786
  </price>
  <rating>
   3.54
  </rating>
  <reviews>
   364391
  </reviews>
  <new>
   -
  </new>
  <sporty>
   no
  </sporty>
 </clothing>
 <clothing>
  <id>
   792000547
  </id>
  <name>
   Reebok Shoes D-4655
  </name>
  <category>
   Shoes
  </category>
  <size>
   M
  </size>
  <color>
   Красный
  </color>
  <material>
   Хлопок
  </material>
  <price>
   892431
  </price>
  <rating>
   2.39
  </rating>
  <reviews>
   664778
  </reviews>
  <new>
   -
  </new>
  <exclusive>
   no
  </exclusive>
 </clothing>
 <clothing>
  <id>
   471166662
  </id>
  <name>
   DC Belts O-3850
  </name>
  <category>
   Belts
  </category>
  <size>
   L
  </size>
  <color>
   Синий
  </color>
  <material>
   Нейлон
  </material>
  <price>
   201910
  </price>
  <rating>
   3.37
  </rating>
  <reviews>
   458952
  </reviews>
  <sporty>
   no
  </sporty>
 </clothing>
 <clothing>
  <id>
   144816728
  </id>
  <name>
   Converse Shoes M-6242
  </name>
  <category>
   Shoes
  </category>
  <size>
   XXL
  </size>
  <color>
   Синий
  </color>
  <material>
   Вискоза
  </material>
  <price>
   320576
  </price>
  <rating>
   2.56
  </rating>
  <reviews>
   477650
  </reviews>
  <new>
   +
  </new>
  <exclusive>
   no
  </exclusive>
 </clothing>
 <clothing>
  <id>
   587677052
  </id>
  <name>
   Asics Hat V-3184
  </name>
  <category>
   Hat
  </category>
  <size>
   XXL
  </size>
  <color>
   Синий
  </color>
  <material>
   Шелк
  </material>
  <price>
   706908
  </price>
  <rating>
   4.81
  </rating>
  <reviews>
   979535
  </reviews>
 </clothing>
 <clothing>
  <id>
   458187126
  </id>
  <name>
   Adidas Sweater A-7376
  </name>
  <category>
   Sweater
  </category>
  <size>
   XXL
  </size>
  <color>
   Желтый
  </color>
  <material>
   Шелк
  </material>
  <price>
   625565
  </price>
  <rating>
   4.35
  </rating>
  <reviews>
   894751
  </reviews>
  <new>
   -
  </new>
  <sporty>
   no
  </sporty>
 </clothing>
 <clothing>
  <id>
   786051963
  </id>
  <name>
   PleinSport Jacket W-1374
  </name>
  <category>
   Jacket
  </category>
  <size>
   XL
  </size>
  <color>
   Голубой
  </color>
  <material>
   Вискоза
  </material>
  <price>
   636648
  </price>
  <rating>
   4.81
  </rating>
  <reviews>
   916703
  </reviews>
  <new>
   -
  </new>
  <exclusive>
   no
  </exclusive>
  <sporty>
   no
  </sporty>
 </clothing>
 <clothing>
  <id>
   867442798
  </id>
  <name>
   New Balance Jeans T-2782
  </name>
  <category>
   Jeans
  </category>
  <size>
   L
  </size>
  <color>
   Красный
  </color>
  <material>
   Полиэстер
  </material>
  <price>
   826385
  </price>
  <rating>
   3.25
  </rating>
  <reviews>
   780043
  </reviews>
  <sporty>
   yes
  </sporty>
 </clothing>
 <clothing>
  <id>
   349570203
  </id>
  <name>
   Reebok Jacket R-9889
  </name>
  <category>
   Jacket
  </category>
  <size>
   XL
  </size>
  <color>
   Фиолетовый
  </color>
  <material>
   Лен
  </material>
  <price>
   957273
  </price>
  <rating>
   3.15
  </rating>
  <reviews>
   176726
  </reviews>
  <new>
   +
  </new>
  <exclusive>
   no
  </exclusive>
  <sporty>
   no
  </sporty>
 </clothing>
 <clothing>
  <id>
   950582935
  </id>
  <name>
   Fila Shoes T-7914
  </name>
  <category>
   Shoes
  </category>
  <size>
   L
  </size>
  <color>
   Фиолетовый
  </color>
  <material>
   Полиэстер
  </material>
  <price>
   453296
  </price>
  <rating>
   2.9
  </rating>
  <reviews>
   869262
  </reviews>
  <exclusive>
   no
  </exclusive>
  <sporty>
   no
  </sporty>
 </clothing>
 <clothing>
  <id>
   480377700
  </id>
  <name>
   DC Blouse O-7393
  </name>
  <category>
   Blouse
  </category>
  <size>
   S
  </size>
  <color>
   Синий
  </color>
  <material>
   Вискоза
  </material>
  <price>
   238477
  </price>
  <rating>
   2.37
  </rating>
  <reviews>
   393936
  </reviews>
  <new>
   -
  </new>
 </clothing>
 <clothing>
  <id>
   414407597
  </id>
  <name>
   Lacoste Blouse Q-6520
  </name>
  <category>
   Blouse
  </category>
  <size>
   XL
  </size>
  <color>
   Желтый
  </color>
  <material>
   Вискоза
  </material>
  <price>
   773067
  </price>
  <rating>
   1.55
  </rating>
  <reviews>
   724191
  </reviews>
  <exclusive>
   yes
  </exclusive>
 </clothing>
 <clothing>
  <id>
   885136468
  </id>
  <name>
   Reebok Blouse D-7848
  </name>
  <category>
   Blouse
  </category>
  <size>
   XL
  </size>
  <color>
   Красный
  </color>
  <material>
   Лен
  </material>
  <price>
   110401
  </price>
  <rating>
   4.01
  </rating>
  <reviews>
   166456
  </reviews>
  <new>
   +
  </new>
  <exclusive>
   no
  </exclusive>
  <sporty>
   no
  </sporty>
 </clothing>
 <clothing>
  <id>
   868909518
  </id>
  <name>
   Asics T-shirt H-5198
  </name>
  <category>
   T-shirt
  </category>
  <size>
   XXL
  </size>
  <color>
   Красный
  </color>
  <material>
   Кожа
  </material>
  <price>
   990526
  </price>
  <rating>
   2.75
  </rating>
  <reviews>
   559896
  </reviews>
  <exclusive>
   yes
  </exclusive>
  <sporty>
   no
  </sporty>
 </clothing>
</clothing-items>
