<?xml version="1.0" encoding="utf-8"?>
<clothing-items>
 <clothing>
  <id>
   949910979
  </id>
  <name>
   Ellesse Handbags S-4843
  </name>
  <category>
   Handbags
  </category>
  <size>
   L
  </size>
  <color>
   Красный
  </color>
  <material>
   Вискоза
  </material>
  <price>
   562724
  </price>
  <rating>
   4.38
  </rating>
  <reviews>
   366671
  </reviews>
  <exclusive>
   no
  </exclusive>
 </clothing>
 <clothing>
  <id>
   792921240
  </id>
  <name>
   Vans Skirt C-8479
  </name>
  <category>
   Skirt
  </category>
  <size>
   L
  </size>
  <color>
   Желтый
  </color>
  <material>
   Нейлон
  </material>
  <price>
   361796
  </price>
  <rating>
   1.3
  </rating>
  <reviews>
   429316
  </reviews>
  <new>
   +
  </new>
  <sporty>
   no
  </sporty>
 </clothing>
 <clothing>
  <id>
   799059743
  </id>
  <name>
   Converse Handbags A-8951
  </name>
  <category>
   Handbags
  </category>
  <size>
   XXL
  </size>
  <color>
   Синий
  </color>
  <material>
   Шерсть
  </material>
  <price>
   206768
  </price>
  <rating>
   1.73
  </rating>
  <reviews>
   100337
  </reviews>
  <exclusive>
   no
  </exclusive>
  <sporty>
   no
  </sporty>
 </clothing>
 <clothing>
  <id>
   908358943
  </id>
  <name>
   Brooks Shoes L-1579
  </name>
  <category>
   Shoes
  </category>
  <size>
   XXL
  </size>
  <color>
   Желтый
  </color>
  <material>
   Шерсть
  </material>
  <price>
   825663
  </price>
  <rating>
   3.21
  </rating>
  <reviews>
   798921
  </reviews>
  <exclusive>
   no
  </exclusive>
 </clothing>
 <clothing>
  <id>
   821399893
  </id>
  <name>
   New Balance Shirt X-9281
  </name>
  <category>
   Shirt
  </category>
  <size>
   L
  </size>
  <color>
   Желтый
  </color>
  <material>
   Шерсть
  </material>
  <price>
   263813
  </price>
  <rating>
   2.8
  </rating>
  <reviews>
   431689
  </reviews>
  <new>
   +
  </new>
  <exclusive>
   no
  </exclusive>
  <sporty>
   yes
  </sporty>
 </clothing>
 <clothing>
  <id>
   962265565
  </id>
  <name>
   DC Shirt R-6775
  </name>
  <category>
   Shirt
  </category>
  <size>
   XXL
  </size>
  <color>
   Фиолетовый
  </color>
  <material>
   Полиэстер
  </material>
  <price>
   236751
  </price>
  <rating>
   4.98
  </rating>
  <reviews>
   539903
  </reviews>
  <new>
   +
  </new>
  <sporty>
   yes
  </sporty>
 </clothing>
 <clothing>
  <id>
   602282684
  </id>
  <name>
   Addidas Umbrellas S-3272
  </name>
  <category>
   Umbrellas
  </category>
  <size>
   XXL
  </size>
  <color>
   Синий
  </color>
  <material>
   Полиэстер
  </material>
  <price>
   835090
  </price>
  <rating>
   1.13
  </rating>
  <reviews>
   125618
  </reviews>
  <exclusive>
   no
  </exclusive>
  <sporty>
   no
  </sporty>
 </clothing>
 <clothing>
  <id>
   130740710
  </id>
  <name>
   Adidas Shoes G-2722
  </name>
  <category>
   Shoes
  </category>
  <size>
   S
  </size>
  <color>
   Желтый
  </color>
  <material>
   Вискоза
  </material>
  <price>
   130484
  </price>
  <rating>
   1.92
  </rating>
  <reviews>
   106208
  </reviews>
  <new>
   -
  </new>
  <exclusive>
   no
  </exclusive>
  <sporty>
   no
  </sporty>
 </clothing>
 <clothing>
  <id>
   927342402
  </id>
  <name>
   PleinSport T-shirt Y-5822
  </name>
  <category>
   T-shirt
  </category>
  <size>
   XL
  </size>
  <color>
   Оранжевый
  </color>
  <material>
   Полиэстер
  </material>
  <price>
   818291
  </price>
  <rating>
   1.71
  </rating>
  <reviews>
   825419
  </reviews>
  <exclusive>
   yes
  </exclusive>
  <sporty>
   no
  </sporty>
 </clothing>
 <clothing>
  <id>
   278900035
  </id>
  <name>
   Nike Pants V-4762
  </name>
  <category>
   Pants
  </category>
  <size>
   XXL
  </size>
  <color>
   Голубой
  </color>
  <material>
   Хлопок
  </material>
  <price>
   638935
  </price>
  <rating>
   2.55
  </rating>
  <reviews>
   832571
  </reviews>
  <new>
   -
  </new>
  <exclusive>
   yes
  </exclusive>
  <sporty>
   no
  </sporty>
 </clothing>
 <clothing>
  <id>
   223221644
  </id>
  <name>
   Puma Hat G-1050
  </name>
  <category>
   Hat
  </category>
  <size>
   M
  </size>
  <color>
   Зеленый
  </color>
  <material>
   Полиэстер
  </material>
  <price>
   539883
  </price>
  <rating>
   2.94
  </rating>
  <reviews>
   444719
  </reviews>
  <new>
   -
  </new>
 </clothing>
 <clothing>
  <id>
   403159760
  </id>
  <name>
   PleinSport T-shirt T-6147
  </name>
  <category>
   T-shirt
  </category>
  <size>
   M
  </size>
  <color>
   Голубой
  </color>
  <material>
   Нейлон
  </material>
  <price>
   286699
  </price>
  <rating>
   4.19
  </rating>
  <reviews>
   945144
  </reviews>
  <new>
   +
  </new>
  <exclusive>
   yes
  </exclusive>
  <sporty>
   no
  </sporty>
 </clothing>
 <clothing>
  <id>
   255037080
  </id>
  <name>
   Asics Jeans S-1745
  </name>
  <category>
   Jeans
  </category>
  <size>
   XL
  </size>
  <color>
   Фиолетовый
  </color>
  <material>
   Кожа
  </material>
  <price>
   124906
  </price>
  <rating>
   4.89
  </rating>
  <reviews>
   595209
  </reviews>
  <new>
   +
  </new>
  <exclusive>
   no
  </exclusive>
 </clothing>
 <clothing>
  <id>
   741982908
  </id>
  <name>
   DC Umbrellas H-4564
  </name>
  <category>
   Umbrellas
  </category>
  <size>
   M
  </size>
  <color>
   Фиолетовый
  </color>
  <material>
   Шелк
  </material>
  <price>
   843317
  </price>
  <rating>
   1.74
  </rating>
  <reviews>
   554239
  </reviews>
  <sporty>
   no
  </sporty>
 </clothing>
 <clothing>
  <id>
   527334516
  </id>
  <name>
   Adidas Umbrellas L-4823
  </name>
  <category>
   Umbrellas
  </category>
  <size>
   L
  </size>
  <color>
   Зеленый
  </color>
  <material>
   Вискоза
  </material>
  <price>
   119190
  </price>
  <rating>
   1.58
  </rating>
  <reviews>
   751321
  </reviews>
  <exclusive>
   no
  </exclusive>
  <sporty>
   yes
  </sporty>
 </clothing>
 <clothing>
  <id>
   401990051
  </id>
  <name>
   New Balance Dress Q-2319
  </name>
  <category>
   Dress
  </category>
  <size>
   L
  </size>
  <color>
   Желтый
  </color>
  <material>
   Нейлон
  </material>
  <price>
   834694
  </price>
  <rating>
   4.55
  </rating>
  <reviews>
   932042
  </reviews>
  <new>
   -
  </new>
  <exclusive>
   no
  </exclusive>
  <sporty>
   no
  </sporty>
 </clothing>
 <clothing>
  <id>
   730054725
  </id>
  <name>
   Asics Jeans J-8379
  </name>
  <category>
   Jeans
  </category>
  <size>
   L
  </size>
  <color>
   Зеленый
  </color>
  <material>
   Шелк
  </material>
  <price>
   119504
  </price>
  <rating>
   2.51
  </rating>
  <reviews>
   279336
  </reviews>
  <exclusive>
   no
  </exclusive>
 </clothing>
 <clothing>
  <id>
   478971571
  </id>
  <name>
   Reebok Jeans S-3373
  </name>
  <category>
   Jeans
  </category>
  <size>
   S
  </size>
  <color>
   Зеленый
  </color>
  <material>
   Хлопок
  </material>
  <price>
   317310
  </price>
  <rating>
   4.73
  </rating>
  <reviews>
   893128
  </reviews>
  <exclusive>
   yes
  </exclusive>
 </clothing>
 <clothing>
  <id>
   189487976
  </id>
  <name>
   Lacoste Shoes P-3018
  </name>
  <category>
   Shoes
  </category>
  <size>
   L
  </size>
  <color>
   Красный
  </color>
  <material>
   Полиэстер
  </material>
  <price>
   544841
  </price>
  <rating>
   1.2
  </rating>
  <reviews>
   861128
  </reviews>
  <new>
   -
  </new>
  <exclusive>
   yes
  </exclusive>
  <sporty>
   no
  </sporty>
 </clothing>
 <clothing>
  <id>
   511027237
  </id>
  <name>
   Lacoste Dress C-3612
  </name>
  <category>
   Dress
  </category>
  <size>
   M
  </size>
  <color>
   Фиолетовый
  </color>
  <material>
   Нейлон
  </material>
  <price>
   691194
  </price>
  <rating>
   1.66
  </rating>
  <reviews>
   654104
  </reviews>
  <new>
   -
  </new>
 </clothing>
 <clothing>
  <id>
   730019129
  </id>
  <name>
   Ellesse T-shirt Z-8404
  </name>
  <category>
   T-shirt
  </category>
  <size>
   XL
  </size>
  <color>
   Красный
  </color>
  <material>
   Кожа
  </material>
  <price>
   618191
  </price>
  <rating>
   1.54
  </rating>
  <reviews>
   7408
  </reviews>
  <new>
   -
  </new>
  <sporty>
   no
  </sporty>
 </clothing>
 <clothing>
  <id>
   499310654
  </id>
  <name>
   Ellesse T-shirt U-1508
  </name>
  <category>
   T-shirt
  </category>
  <size>
   S
  </size>
  <color>
   Зеленый
  </color>
  <material>
   Кожа
  </material>
  <price>
   956345
  </price>
  <rating>
   1.7
  </rating>
  <reviews>
   435595
  </reviews>
  <new>
   -
  </new>
  <sporty>
   no
  </sporty>
 </clothing>
</clothing-items>
