<?xml version="1.0" encoding="utf-8"?>
<clothing-items>
 <clothing>
  <id>
   923368312
  </id>
  <name>
   Fila Dress G-8039
  </name>
  <category>
   Dress
  </category>
  <size>
   M
  </size>
  <color>
   Синий
  </color>
  <material>
   Вискоза
  </material>
  <price>
   440918
  </price>
  <rating>
   3.43
  </rating>
  <reviews>
   184645
  </reviews>
  <new>
   +
  </new>
  <sporty>
   no
  </sporty>
 </clothing>
 <clothing>
  <id>
   888594015
  </id>
  <name>
   DC Socks V-9368
  </name>
  <category>
   Socks
  </category>
  <size>
   XXL
  </size>
  <color>
   Синий
  </color>
  <material>
   Хлопок
  </material>
  <price>
   869688
  </price>
  <rating>
   2.61
  </rating>
  <reviews>
   277615
  </reviews>
  <new>
   +
  </new>
 </clothing>
 <clothing>
  <id>
   568551652
  </id>
  <name>
   Vans Skirt O-7304
  </name>
  <category>
   Skirt
  </category>
  <size>
   M
  </size>
  <color>
   Синий
  </color>
  <material>
   Шелк
  </material>
  <price>
   214872
  </price>
  <rating>
   1.39
  </rating>
  <reviews>
   525671
  </reviews>
  <sporty>
   no
  </sporty>
 </clothing>
 <clothing>
  <id>
   340329564
  </id>
  <name>
   Brooks Handbags V-4652
  </name>
  <category>
   Handbags
  </category>
  <size>
   XL
  </size>
  <color>
   Фиолетовый
  </color>
  <material>
   Шелк
  </material>
  <price>
   867227
  </price>
  <rating>
   4.91
  </rating>
  <reviews>
   39319
  </reviews>
  <new>
   -
  </new>
  <exclusive>
   no
  </exclusive>
  <sporty>
   yes
  </sporty>
 </clothing>
 <clothing>
  <id>
   263101915
  </id>
  <name>
   Brooks Skirt E-7297
  </name>
  <category>
   Skirt
  </category>
  <size>
   M
  </size>
  <color>
   Желтый
  </color>
  <material>
   Шелк
  </material>
  <price>
   952554
  </price>
  <rating>
   3.41
  </rating>
  <reviews>
   26726
  </reviews>
 </clothing>
 <clothing>
  <id>
   670726951
  </id>
  <name>
   Adidas Socks T-1514
  </name>
  <category>
   Socks
  </category>
  <size>
   XXL
  </size>
  <color>
   Голубой
  </color>
  <material>
   Нейлон
  </material>
  <price>
   927606
  </price>
  <rating>
   1.83
  </rating>
  <reviews>
   649391
  </reviews>
  <exclusive>
   no
  </exclusive>
  <sporty>
   no
  </sporty>
 </clothing>
 <clothing>
  <id>
   520287255
  </id>
  <name>
   Converse Hat Q-4393
  </name>
  <category>
   Hat
  </category>
  <size>
   M
  </size>
  <color>
   Оранжевый
  </color>
  <material>
   Полиэстер
  </material>
  <price>
   795246
  </price>
  <rating>
   2.04
  </rating>
  <reviews>
   288698
  </reviews>
  <exclusive>
   no
  </exclusive>
  <sporty>
   no
  </sporty>
 </clothing>
 <clothing>
  <id>
   313570876
  </id>
  <name>
   PleinSport Belts J-2275
  </name>
  <category>
   Belts
  </category>
  <size>
   L
  </size>
  <color>
   Фиолетовый
  </color>
  <material>
   Шерсть
  </material>
  <price>
   845575
  </price>
  <rating>
   4.33
  </rating>
  <reviews>
   942770
  </reviews>
  <exclusive>
   no
  </exclusive>
  <sporty>
   no
  </sporty>
 </clothing>
 <clothing>
  <id>
   954710513
  </id>
  <name>
   New Balance Jeans Z-2833
  </name>
  <category>
   Jeans
  </category>
  <size>
   L
  </size>
  <color>
   Красный
  </color>
  <material>
   Лен
  </material>
  <price>
   172857
  </price>
  <rating>
   2.91
  </rating>
  <reviews>
   536180
  </reviews>
  <new>
   +
  </new>
  <exclusive>
   yes
  </exclusive>
  <sporty>
   no
  </sporty>
 </clothing>
 <clothing>
  <id>
   174949084
  </id>
  <name>
   Addidas Skirt V-1338
  </name>
  <category>
   Skirt
  </category>
  <size>
   XXL
  </size>
  <color>
   Синий
  </color>
  <material>
   Хлопок
  </material>
  <price>
   981522
  </price>
  <rating>
   3.29
  </rating>
  <reviews>
   647964
  </reviews>
  <new>
   +
  </new>
  <exclusive>
   no
  </exclusive>
 </clothing>
 <clothing>
  <id>
   587632552
  </id>
  <name>
   New Balance Handbags V-9798
  </name>
  <category>
   Handbags
  </category>
  <size>
   XXL
  </size>
  <color>
   Зеленый
  </color>
  <material>
   Полиэстер
  </material>
  <price>
   217495
  </price>
  <rating>
   1.59
  </rating>
  <reviews>
   530084
  </reviews>
  <new>
   -
  </new>
  <exclusive>
   no
  </exclusive>
  <sporty>
   no
  </sporty>
 </clothing>
 <clothing>
  <id>
   842053602
  </id>
  <name>
   Converse Shoes Q-6413
  </name>
  <category>
   Shoes
  </category>
  <size>
   S
  </size>
  <color>
   Зеленый
  </color>
  <material>
   Вискоза
  </material>
  <price>
   620618
  </price>
  <rating>
   1.81
  </rating>
  <reviews>
   297424
  </reviews>
  <new>
   -
  </new>
 </clothing>
 <clothing>
  <id>
   226687582
  </id>
  <name>
   Brooks Blouse I-5790
  </name>
  <category>
   Blouse
  </category>
  <size>
   L
  </size>
  <color>
   Зеленый
  </color>
  <material>
   Кожа
  </material>
  <price>
   904469
  </price>
  <rating>
   2.62
  </rating>
  <reviews>
   236854
  </reviews>
  <new>
   -
  </new>
  <exclusive>
   no
  </exclusive>
  <sporty>
   no
  </sporty>
 </clothing>
 <clothing>
  <id>
   757717467
  </id>
  <name>
   Asics Handbags X-1117
  </name>
  <category>
   Handbags
  </category>
  <size>
   XL
  </size>
  <color>
   Зеленый
  </color>
  <material>
   Нейлон
  </material>
  <price>
   830189
  </price>
  <rating>
   4.33
  </rating>
  <reviews>
   741535
  </reviews>
  <exclusive>
   yes
  </exclusive>
  <sporty>
   no
  </sporty>
 </clothing>
 <clothing>
  <id>
   486061780
  </id>
  <name>
   Converse T-shirt L-8983
  </name>
  <category>
   T-shirt
  </category>
  <size>
   S
  </size>
  <color>
   Оранжевый
  </color>
  <material>
   Нейлон
  </material>
  <price>
   480913
  </price>
  <rating>
   2.82
  </rating>
  <reviews>
   276169
  </reviews>
  <new>
   -
  </new>
  <sporty>
   yes
  </sporty>
 </clothing>
 <clothing>
  <id>
   131598321
  </id>
  <name>
   Vans Dress T-9973
  </name>
  <category>
   Dress
  </category>
  <size>
   S
  </size>
  <color>
   Оранжевый
  </color>
  <material>
   Шерсть
  </material>
  <price>
   101650
  </price>
  <rating>
   2.26
  </rating>
  <reviews>
   73292
  </reviews>
  <new>
   -
  </new>
  <sporty>
   yes
  </sporty>
 </clothing>
 <clothing>
  <id>
   835083036
  </id>
  <name>
   New Balance Socks I-7901
  </name>
  <category>
   Socks
  </category>
  <size>
   XL
  </size>
  <color>
   Желтый
  </color>
  <material>
   Шерсть
  </material>
  <price>
   388074
  </price>
  <rating>
   1.25
  </rating>
  <reviews>
   871491
  </reviews>
 </clothing>
 <clothing>
  <id>
   640237592
  </id>
  <name>
   Nike Jacket X-8189
  </name>
  <category>
   Jacket
  </category>
  <size>
   M
  </size>
  <color>
   Оранжевый
  </color>
  <material>
   Полиэстер
  </material>
  <price>
   987311
  </price>
  <rating>
   1.23
  </rating>
  <reviews>
   299831
  </reviews>
  <exclusive>
   no
  </exclusive>
  <sporty>
   yes
  </sporty>
 </clothing>
 <clothing>
  <id>
   138807360
  </id>
  <name>
   Addidas Umbrellas C-5217
  </name>
  <category>
   Umbrellas
  </category>
  <size>
   M
  </size>
  <color>
   Зеленый
  </color>
  <material>
   Кожа
  </material>
  <price>
   949075
  </price>
  <rating>
   1.86
  </rating>
  <reviews>
   82094
  </reviews>
  <new>
   -
  </new>
  <exclusive>
   no
  </exclusive>
 </clothing>
 <clothing>
  <id>
   311119583
  </id>
  <name>
   Nike Jeans L-5660
  </name>
  <category>
   Jeans
  </category>
  <size>
   XL
  </size>
  <color>
   Желтый
  </color>
  <material>
   Шерсть
  </material>
  <price>
   371459
  </price>
  <rating>
   2.08
  </rating>
  <reviews>
   567415
  </reviews>
  <new>
   -
  </new>
  <exclusive>
   no
  </exclusive>
  <sporty>
   yes
  </sporty>
 </clothing>
 <clothing>
  <id>
   817064640
  </id>
  <name>
   Under Armour Socks C-5154
  </name>
  <category>
   Socks
  </category>
  <size>
   S
  </size>
  <color>
   Оранжевый
  </color>
  <material>
   Кожа
  </material>
  <price>
   294847
  </price>
  <rating>
   1.04
  </rating>
  <reviews>
   202038
  </reviews>
  <sporty>
   no
  </sporty>
 </clothing>
</clothing-items>
