<?xml version="1.0" encoding="utf-8"?>
<clothing-items>
 <clothing>
  <id>
   848087131
  </id>
  <name>
   Adidas Pants B-4112
  </name>
  <category>
   Pants
  </category>
  <size>
   XXL
  </size>
  <color>
   Зеленый
  </color>
  <material>
   Вискоза
  </material>
  <price>
   971266
  </price>
  <rating>
   3.86
  </rating>
  <reviews>
   185194
  </reviews>
  <exclusive>
   no
  </exclusive>
  <sporty>
   yes
  </sporty>
 </clothing>
 <clothing>
  <id>
   662928144
  </id>
  <name>
   PleinSport Socks N-4033
  </name>
  <category>
   Socks
  </category>
  <size>
   XL
  </size>
  <color>
   Синий
  </color>
  <material>
   Полиэстер
  </material>
  <price>
   653513
  </price>
  <rating>
   1.03
  </rating>
  <reviews>
   895056
  </reviews>
  <new>
   +
  </new>
  <exclusive>
   no
  </exclusive>
 </clothing>
 <clothing>
  <id>
   692841883
  </id>
  <name>
   Ellesse Dress A-2031
  </name>
  <category>
   Dress
  </category>
  <size>
   M
  </size>
  <color>
   Красный
  </color>
  <material>
   Хлопок
  </material>
  <price>
   541017
  </price>
  <rating>
   1.32
  </rating>
  <reviews>
   289026
  </reviews>
  <exclusive>
   no
  </exclusive>
  <sporty>
   yes
  </sporty>
 </clothing>
 <clothing>
  <id>
   170389773
  </id>
  <name>
   PleinSport Jacket J-9301
  </name>
  <category>
   Jacket
  </category>
  <size>
   M
  </size>
  <color>
   Желтый
  </color>
  <material>
   Лен
  </material>
  <price>
   499310
  </price>
  <rating>
   2.86
  </rating>
  <reviews>
   995242
  </reviews>
  <exclusive>
   no
  </exclusive>
  <sporty>
   no
  </sporty>
 </clothing>
 <clothing>
  <id>
   115374215
  </id>
  <name>
   Lacoste Umbrellas V-4116
  </name>
  <category>
   Umbrellas
  </category>
  <size>
   XL
  </size>
  <color>
   Голубой
  </color>
  <material>
   Вискоза
  </material>
  <price>
   122231
  </price>
  <rating>
   3.63
  </rating>
  <reviews>
   298278
  </reviews>
  <new>
   -
  </new>
  <sporty>
   yes
  </sporty>
 </clothing>
 <clothing>
  <id>
   545313161
  </id>
  <name>
   Reebok Jacket Z-1897
  </name>
  <category>
   Jacket
  </category>
  <size>
   XXL
  </size>
  <color>
   Фиолетовый
  </color>
  <material>
   Нейлон
  </material>
  <price>
   677306
  </price>
  <rating>
   1.0
  </rating>
  <reviews>
   597145
  </reviews>
  <exclusive>
   yes
  </exclusive>
  <sporty>
   no
  </sporty>
 </clothing>
 <clothing>
  <id>
   708247692
  </id>
  <name>
   Lacoste Jeans U-6126
  </name>
  <category>
   Jeans
  </category>
  <size>
   S
  </size>
  <color>
   Красный
  </color>
  <material>
   Шерсть
  </material>
  <price>
   460892
  </price>
  <rating>
   3.77
  </rating>
  <reviews>
   489802
  </reviews>
  <new>
   -
  </new>
  <exclusive>
   no
  </exclusive>
  <sporty>
   no
  </sporty>
 </clothing>
 <clothing>
  <id>
   115452609
  </id>
  <name>
   Ellesse Shirt W-1850
  </name>
  <category>
   Shirt
  </category>
  <size>
   L
  </size>
  <color>
   Желтый
  </color>
  <material>
   Шерсть
  </material>
  <price>
   503843
  </price>
  <rating>
   4.3
  </rating>
  <reviews>
   135556
  </reviews>
  <exclusive>
   no
  </exclusive>
  <sporty>
   no
  </sporty>
 </clothing>
 <clothing>
  <id>
   598327785
  </id>
  <name>
   Vans Blouse S-6609
  </name>
  <category>
   Blouse
  </category>
  <size>
   XXL
  </size>
  <color>
   Зеленый
  </color>
  <material>
   Вискоза
  </material>
  <price>
   456292
  </price>
  <rating>
   3.83
  </rating>
  <reviews>
   675130
  </reviews>
 </clothing>
 <clothing>
  <id>
   280822926
  </id>
  <name>
   Ellesse Handbags I-9773
  </name>
  <category>
   Handbags
  </category>
  <size>
   L
  </size>
  <color>
   Желтый
  </color>
  <material>
   Шерсть
  </material>
  <price>
   439929
  </price>
  <rating>
   2.63
  </rating>
  <reviews>
   240674
  </reviews>
 </clothing>
 <clothing>
  <id>
   561181275
  </id>
  <name>
   Addidas Umbrellas J-2398
  </name>
  <category>
   Umbrellas
  </category>
  <size>
   S
  </size>
  <color>
   Желтый
  </color>
  <material>
   Лен
  </material>
  <price>
   590267
  </price>
  <rating>
   3.12
  </rating>
  <reviews>
   444869
  </reviews>
  <exclusive>
   no
  </exclusive>
 </clothing>
 <clothing>
  <id>
   441217740
  </id>
  <name>
   Ellesse Shoes W-6243
  </name>
  <category>
   Shoes
  </category>
  <size>
   L
  </size>
  <color>
   Фиолетовый
  </color>
  <material>
   Вискоза
  </material>
  <price>
   483427
  </price>
  <rating>
   4.44
  </rating>
  <reviews>
   909360
  </reviews>
  <exclusive>
   no
  </exclusive>
  <sporty>
   yes
  </sporty>
 </clothing>
 <clothing>
  <id>
   125286977
  </id>
  <name>
   Vans Socks P-7138
  </name>
  <category>
   Socks
  </category>
  <size>
   XL
  </size>
  <color>
   Оранжевый
  </color>
  <material>
   Полиэстер
  </material>
  <price>
   718524
  </price>
  <rating>
   4.89
  </rating>
  <reviews>
   770418
  </reviews>
  <new>
   +
  </new>
 </clothing>
 <clothing>
  <id>
   423023866
  </id>
  <name>
   Adidas Dress T-8645
  </name>
  <category>
   Dress
  </category>
  <size>
   S
  </size>
  <color>
   Оранжевый
  </color>
  <material>
   Полиэстер
  </material>
  <price>
   330270
  </price>
  <rating>
   2.51
  </rating>
  <reviews>
   277216
  </reviews>
  <new>
   -
  </new>
 </clothing>
 <clothing>
  <id>
   119059962
  </id>
  <name>
   New Balance Jacket I-3784
  </name>
  <category>
   Jacket
  </category>
  <size>
   XXL
  </size>
  <color>
   Желтый
  </color>
  <material>
   Хлопок
  </material>
  <price>
   688632
  </price>
  <rating>
   2.94
  </rating>
  <reviews>
   69976
  </reviews>
  <new>
   +
  </new>
  <sporty>
   no
  </sporty>
 </clothing>
 <clothing>
  <id>
   885226909
  </id>
  <name>
   Reebok Sweater C-6594
  </name>
  <category>
   Sweater
  </category>
  <size>
   L
  </size>
  <color>
   Синий
  </color>
  <material>
   Вискоза
  </material>
  <price>
   611590
  </price>
  <rating>
   2.2
  </rating>
  <reviews>
   884167
  </reviews>
  <new>
   -
  </new>
 </clothing>
 <clothing>
  <id>
   186928965
  </id>
  <name>
   New Balance Shoes Y-2918
  </name>
  <category>
   Shoes
  </category>
  <size>
   M
  </size>
  <color>
   Красный
  </color>
  <material>
   Шерсть
  </material>
  <price>
   248575
  </price>
  <rating>
   3.67
  </rating>
  <reviews>
   202057
  </reviews>
 </clothing>
 <clothing>
  <id>
   491478584
  </id>
  <name>
   Nike Socks K-6654
  </name>
  <category>
   Socks
  </category>
  <size>
   L
  </size>
  <color>
   Синий
  </color>
  <material>
   Шерсть
  </material>
  <price>
   680846
  </price>
  <rating>
   4.17
  </rating>
  <reviews>
   772207
  </reviews>
  <exclusive>
   no
  </exclusive>
  <sporty>
   no
  </sporty>
 </clothing>
 <clothing>
  <id>
   920399968
  </id>
  <name>
   Nike Umbrellas B-7695
  </name>
  <category>
   Umbrellas
  </category>
  <size>
   S
  </size>
  <color>
   Голубой
  </color>
  <material>
   Нейлон
  </material>
  <price>
   453803
  </price>
  <rating>
   3.44
  </rating>
  <reviews>
   172161
  </reviews>
  <new>
   -
  </new>
  <exclusive>
   no
  </exclusive>
  <sporty>
   yes
  </sporty>
 </clothing>
 <clothing>
  <id>
   257040672
  </id>
  <name>
   New Balance Hat K-9012
  </name>
  <category>
   Hat
  </category>
  <size>
   S
  </size>
  <color>
   Оранжевый
  </color>
  <material>
   Кожа
  </material>
  <price>
   371436
  </price>
  <rating>
   1.64
  </rating>
  <reviews>
   610900
  </reviews>
  <new>
   +
  </new>
 </clothing>
 <clothing>
  <id>
   377518573
  </id>
  <name>
   DC Gloves R-1541
  </name>
  <category>
   Gloves
  </category>
  <size>
   XXL
  </size>
  <color>
   Желтый
  </color>
  <material>
   Кожа
  </material>
  <price>
   540314
  </price>
  <rating>
   2.96
  </rating>
  <reviews>
   353494
  </reviews>
  <new>
   +
  </new>
  <exclusive>
   no
  </exclusive>
  <sporty>
   no
  </sporty>
 </clothing>
 <clothing>
  <id>
   614363834
  </id>
  <name>
   Under Armour Handbags U-4623
  </name>
  <category>
   Handbags
  </category>
  <size>
   S
  </size>
  <color>
   Фиолетовый
  </color>
  <material>
   Вискоза
  </material>
  <price>
   958813
  </price>
  <rating>
   3.87
  </rating>
  <reviews>
   534737
  </reviews>
  <new>
   +
  </new>
  <exclusive>
   yes
  </exclusive>
 </clothing>
 <clothing>
  <id>
   287358433
  </id>
  <name>
   DC Umbrellas O-6221
  </name>
  <category>
   Umbrellas
  </category>
  <size>
   L
  </size>
  <color>
   Голубой
  </color>
  <material>
   Шерсть
  </material>
  <price>
   488302
  </price>
  <rating>
   1.15
  </rating>
  <reviews>
   728426
  </reviews>
  <new>
   -
  </new>
  <sporty>
   no
  </sporty>
 </clothing>
 <clothing>
  <id>
   318365726
  </id>
  <name>
   PleinSport Jacket U-5399
  </name>
  <category>
   Jacket
  </category>
  <size>
   XL
  </size>
  <color>
   Синий
  </color>
  <material>
   Нейлон
  </material>
  <price>
   820088
  </price>
  <rating>
   2.11
  </rating>
  <reviews>
   574860
  </reviews>
  <sporty>
   no
  </sporty>
 </clothing>
 <clothing>
  <id>
   848596894
  </id>
  <name>
   Under Armour Handbags P-5945
  </name>
  <category>
   Handbags
  </category>
  <size>
   L
  </size>
  <color>
   Зеленый
  </color>
  <material>
   Шелк
  </material>
  <price>
   933047
  </price>
  <rating>
   3.1
  </rating>
  <reviews>
   575753
  </reviews>
  <new>
   -
  </new>
 </clothing>
 <clothing>
  <id>
   744120130
  </id>
  <name>
   Lacoste Shoes G-9812
  </name>
  <category>
   Shoes
  </category>
  <size>
   S
  </size>
  <color>
   Голубой
  </color>
  <material>
   Кожа
  </material>
  <price>
   247432
  </price>
  <rating>
   4.63
  </rating>
  <reviews>
   305991
  </reviews>
  <sporty>
   yes
  </sporty>
 </clothing>
 <clothing>
  <id>
   757153929
  </id>
  <name>
   Under Armour Skirt G-5609
  </name>
  <category>
   Skirt
  </category>
  <size>
   XXL
  </size>
  <color>
   Фиолетовый
  </color>
  <material>
   Вискоза
  </material>
  <price>
   954899
  </price>
  <rating>
   4.76
  </rating>
  <reviews>
   196311
  </reviews>
  <new>
   +
  </new>
  <exclusive>
   no
  </exclusive>
  <sporty>
   yes
  </sporty>
 </clothing>
 <clothing>
  <id>
   189269568
  </id>
  <name>
   Nike Handbags D-9300
  </name>
  <category>
   Handbags
  </category>
  <size>
   L
  </size>
  <color>
   Желтый
  </color>
  <material>
   Кожа
  </material>
  <price>
   531190
  </price>
  <rating>
   4.04
  </rating>
  <reviews>
   565893
  </reviews>
  <new>
   +
  </new>
  <exclusive>
   no
  </exclusive>
 </clothing>
 <clothing>
  <id>
   408694953
  </id>
  <name>
   New Balance Handbags Y-8298
  </name>
  <category>
   Handbags
  </category>
  <size>
   L
  </size>
  <color>
   Зеленый
  </color>
  <material>
   Кожа
  </material>
  <price>
   356608
  </price>
  <rating>
   1.13
  </rating>
  <reviews>
   865594
  </reviews>
  <new>
   +
  </new>
  <exclusive>
   yes
  </exclusive>
  <sporty>
   no
  </sporty>
 </clothing>
 <clothing>
  <id>
   525194550
  </id>
  <name>
   Brooks Jacket G-8958
  </name>
  <category>
   Jacket
  </category>
  <size>
   L
  </size>
  <color>
   Голубой
  </color>
  <material>
   Вискоза
  </material>
  <price>
   495162
  </price>
  <rating>
   2.03
  </rating>
  <reviews>
   420581
  </reviews>
  <exclusive>
   yes
  </exclusive>
 </clothing>
 <clothing>
  <id>
   190075938
  </id>
  <name>
   Converse Dress S-6215
  </name>
  <category>
   Dress
  </category>
  <size>
   S
  </size>
  <color>
   Синий
  </color>
  <material>
   Нейлон
  </material>
  <price>
   599874
  </price>
  <rating>
   2.21
  </rating>
  <reviews>
   627351
  </reviews>
  <new>
   -
  </new>
  <sporty>
   no
  </sporty>
 </clothing>
 <clothing>
  <id>
   290674392
  </id>
  <name>
   PleinSport T-shirt T-6544
  </name>
  <category>
   T-shirt
  </category>
  <size>
   XXL
  </size>
  <color>
   Красный
  </color>
  <material>
   Шелк
  </material>
  <price>
   497140
  </price>
  <rating>
   1.18
  </rating>
  <reviews>
   728088
  </reviews>
  <new>
   -
  </new>
  <exclusive>
   no
  </exclusive>
  <sporty>
   no
  </sporty>
 </clothing>
 <clothing>
  <id>
   940977287
  </id>
  <name>
   Reebok Belts A-2787
  </name>
  <category>
   Belts
  </category>
  <size>
   XL
  </size>
  <color>
   Голубой
  </color>
  <material>
   Шерсть
  </material>
  <price>
   206638
  </price>
  <rating>
   4.51
  </rating>
  <reviews>
   213026
  </reviews>
  <new>
   +
  </new>
  <sporty>
   yes
  </sporty>
 </clothing>
 <clothing>
  <id>
   909407971
  </id>
  <name>
   Nike Blouse X-4875
  </name>
  <category>
   Blouse
  </category>
  <size>
   L
  </size>
  <color>
   Красный
  </color>
  <material>
   Кожа
  </material>
  <price>
   516562
  </price>
  <rating>
   1.55
  </rating>
  <reviews>
   585012
  </reviews>
  <new>
   -
  </new>
  <sporty>
   yes
  </sporty>
 </clothing>
 <clothing>
  <id>
   785933559
  </id>
  <name>
   Puma Belts Q-5871
  </name>
  <category>
   Belts
  </category>
  <size>
   XXL
  </size>
  <color>
   Фиолетовый
  </color>
  <material>
   Кожа
  </material>
  <price>
   322755
  </price>
  <rating>
   2.25
  </rating>
  <reviews>
   424933
  </reviews>
  <exclusive>
   no
  </exclusive>
 </clothing>
 <clothing>
  <id>
   569740921
  </id>
  <name>
   Asics Shirt J-1427
  </name>
  <category>
   Shirt
  </category>
  <size>
   L
  </size>
  <color>
   Оранжевый
  </color>
  <material>
   Кожа
  </material>
  <price>
   360693
  </price>
  <rating>
   4.01
  </rating>
  <reviews>
   651192
  </reviews>
  <new>
   -
  </new>
 </clothing>
 <clothing>
  <id>
   427049422
  </id>
  <name>
   PleinSport Blouse L-8130
  </name>
  <category>
   Blouse
  </category>
  <size>
   M
  </size>
  <color>
   Голубой
  </color>
  <material>
   Кожа
  </material>
  <price>
   432172
  </price>
  <rating>
   2.53
  </rating>
  <reviews>
   646517
  </reviews>
  <new>
   -
  </new>
  <exclusive>
   yes
  </exclusive>
  <sporty>
   yes
  </sporty>
 </clothing>
 <clothing>
  <id>
   890519175
  </id>
  <name>
   DC Umbrellas O-7647
  </name>
  <category>
   Umbrellas
  </category>
  <size>
   M
  </size>
  <color>
   Зеленый
  </color>
  <material>
   Вискоза
  </material>
  <price>
   502245
  </price>
  <rating>
   2.44
  </rating>
  <reviews>
   380478
  </reviews>
  <new>
   -
  </new>
 </clothing>
 <clothing>
  <id>
   942882984
  </id>
  <name>
   Fila Sweater C-7502
  </name>
  <category>
   Sweater
  </category>
  <size>
   XXL
  </size>
  <color>
   Голубой
  </color>
  <material>
   Шерсть
  </material>
  <price>
   487948
  </price>
  <rating>
   2.7
  </rating>
  <reviews>
   747983
  </reviews>
  <sporty>
   no
  </sporty>
 </clothing>
 <clothing>
  <id>
   614397023
  </id>
  <name>
   Addidas Blouse B-3429
  </name>
  <category>
   Blouse
  </category>
  <size>
   L
  </size>
  <color>
   Фиолетовый
  </color>
  <material>
   Вискоза
  </material>
  <price>
   940562
  </price>
  <rating>
   3.15
  </rating>
  <reviews>
   332975
  </reviews>
  <new>
   -
  </new>
  <exclusive>
   yes
  </exclusive>
 </clothing>
 <clothing>
  <id>
   387000829
  </id>
  <name>
   Adidas Skirt O-7751
  </name>
  <category>
   Skirt
  </category>
  <size>
   S
  </size>
  <color>
   Желтый
  </color>
  <material>
   Шерсть
  </material>
  <price>
   934487
  </price>
  <rating>
   4.38
  </rating>
  <reviews>
   610234
  </reviews>
  <new>
   -
  </new>
  <exclusive>
   no
  </exclusive>
  <sporty>
   no
  </sporty>
 </clothing>
 <clothing>
  <id>
   212784519
  </id>
  <name>
   Under Armour Shoes D-7118
  </name>
  <category>
   Shoes
  </category>
  <size>
   M
  </size>
  <color>
   Желтый
  </color>
  <material>
   Вискоза
  </material>
  <price>
   223924
  </price>
  <rating>
   2.66
  </rating>
  <reviews>
   654885
  </reviews>
  <sporty>
   no
  </sporty>
 </clothing>
 <clothing>
  <id>
   454778455
  </id>
  <name>
   Nike Hat M-3374
  </name>
  <category>
   Hat
  </category>
  <size>
   XXL
  </size>
  <color>
   Красный
  </color>
  <material>
   Хлопок
  </material>
  <price>
   863093
  </price>
  <rating>
   4.92
  </rating>
  <reviews>
   658493
  </reviews>
  <new>
   -
  </new>
  <sporty>
   yes
  </sporty>
 </clothing>
 <clothing>
  <id>
   395627192
  </id>
  <name>
   Converse T-shirt I-2879
  </name>
  <category>
   T-shirt
  </category>
  <size>
   M
  </size>
  <color>
   Голубой
  </color>
  <material>
   Хлопок
  </material>
  <price>
   172357
  </price>
  <rating>
   3.6
  </rating>
  <reviews>
   930308
  </reviews>
  <exclusive>
   yes
  </exclusive>
  <sporty>
   no
  </sporty>
 </clothing>
</clothing-items>
