<?xml version="1.0" encoding="utf-8"?>
<clothing-items>
 <clothing>
  <id>
   951885507
  </id>
  <name>
   Asics Sweater U-5702
  </name>
  <category>
   Sweater
  </category>
  <size>
   XXL
  </size>
  <color>
   Голубой
  </color>
  <material>
   Шерсть
  </material>
  <price>
   519788
  </price>
  <rating>
   4.44
  </rating>
  <reviews>
   713410
  </reviews>
  <exclusive>
   yes
  </exclusive>
  <sporty>
   no
  </sporty>
 </clothing>
 <clothing>
  <id>
   874487349
  </id>
  <name>
   Ellesse T-shirt M-1316
  </name>
  <category>
   T-shirt
  </category>
  <size>
   S
  </size>
  <color>
   Оранжевый
  </color>
  <material>
   Лен
  </material>
  <price>
   316534
  </price>
  <rating>
   2.7
  </rating>
  <reviews>
   615295
  </reviews>
  <new>
   +
  </new>
  <sporty>
   yes
  </sporty>
 </clothing>
 <clothing>
  <id>
   660349825
  </id>
  <name>
   PleinSport Shirt W-5171
  </name>
  <category>
   Shirt
  </category>
  <size>
   L
  </size>
  <color>
   Желтый
  </color>
  <material>
   Кожа
  </material>
  <price>
   478938
  </price>
  <rating>
   3.69
  </rating>
  <reviews>
   138250
  </reviews>
  <new>
   +
  </new>
 </clothing>
 <clothing>
  <id>
   755769691
  </id>
  <name>
   Brooks Jacket Q-3993
  </name>
  <category>
   Jacket
  </category>
  <size>
   XL
  </size>
  <color>
   Синий
  </color>
  <material>
   Кожа
  </material>
  <price>
   122639
  </price>
  <rating>
   1.86
  </rating>
  <reviews>
   370514
  </reviews>
  <exclusive>
   yes
  </exclusive>
  <sporty>
   yes
  </sporty>
 </clothing>
 <clothing>
  <id>
   970085417
  </id>
  <name>
   Lacoste Jacket P-6432
  </name>
  <category>
   Jacket
  </category>
  <size>
   XXL
  </size>
  <color>
   Синий
  </color>
  <material>
   Хлопок
  </material>
  <price>
   112030
  </price>
  <rating>
   1.16
  </rating>
  <reviews>
   74262
  </reviews>
  <new>
   -
  </new>
 </clothing>
 <clothing>
  <id>
   727773022
  </id>
  <name>
   Puma Umbrellas A-8147
  </name>
  <category>
   Umbrellas
  </category>
  <size>
   S
  </size>
  <color>
   Синий
  </color>
  <material>
   Шелк
  </material>
  <price>
   768251
  </price>
  <rating>
   1.32
  </rating>
  <reviews>
   889335
  </reviews>
  <exclusive>
   no
  </exclusive>
  <sporty>
   yes
  </sporty>
 </clothing>
 <clothing>
  <id>
   856717155
  </id>
  <name>
   Vans Jeans Z-6639
  </name>
  <category>
   Jeans
  </category>
  <size>
   L
  </size>
  <color>
   Фиолетовый
  </color>
  <material>
   Шерсть
  </material>
  <price>
   505947
  </price>
  <rating>
   2.84
  </rating>
  <reviews>
   37079
  </reviews>
  <exclusive>
   no
  </exclusive>
 </clothing>
 <clothing>
  <id>
   176067182
  </id>
  <name>
   DC Handbags C-3952
  </name>
  <category>
   Handbags
  </category>
  <size>
   XL
  </size>
  <color>
   Красный
  </color>
  <material>
   Шелк
  </material>
  <price>
   307955
  </price>
  <rating>
   3.54
  </rating>
  <reviews>
   500026
  </reviews>
  <new>
   -
  </new>
 </clothing>
 <clothing>
  <id>
   226045188
  </id>
  <name>
   Ellesse Jacket G-1640
  </name>
  <category>
   Jacket
  </category>
  <size>
   L
  </size>
  <color>
   Синий
  </color>
  <material>
   Кожа
  </material>
  <price>
   715605
  </price>
  <rating>
   4.12
  </rating>
  <reviews>
   793759
  </reviews>
  <sporty>
   yes
  </sporty>
 </clothing>
 <clothing>
  <id>
   209595568
  </id>
  <name>
   Brooks Dress K-2341
  </name>
  <category>
   Dress
  </category>
  <size>
   M
  </size>
  <color>
   Фиолетовый
  </color>
  <material>
   Кожа
  </material>
  <price>
   313191
  </price>
  <rating>
   1.16
  </rating>
  <reviews>
   534520
  </reviews>
  <new>
   -
  </new>
  <exclusive>
   no
  </exclusive>
  <sporty>
   no
  </sporty>
 </clothing>
 <clothing>
  <id>
   722847640
  </id>
  <name>
   Reebok Shirt T-9303
  </name>
  <category>
   Shirt
  </category>
  <size>
   L
  </size>
  <color>
   Зеленый
  </color>
  <material>
   Лен
  </material>
  <price>
   500010
  </price>
  <rating>
   2.74
  </rating>
  <reviews>
   574710
  </reviews>
  <exclusive>
   no
  </exclusive>
  <sporty>
   yes
  </sporty>
 </clothing>
 <clothing>
  <id>
   784423169
  </id>
  <name>
   PleinSport Pants E-2975
  </name>
  <category>
   Pants
  </category>
  <size>
   S
  </size>
  <color>
   Красный
  </color>
  <material>
   Вискоза
  </material>
  <price>
   173359
  </price>
  <rating>
   2.18
  </rating>
  <reviews>
   517831
  </reviews>
  <exclusive>
   no
  </exclusive>
 </clothing>
 <clothing>
  <id>
   277360296
  </id>
  <name>
   Vans Sweater E-8195
  </name>
  <category>
   Sweater
  </category>
  <size>
   M
  </size>
  <color>
   Синий
  </color>
  <material>
   Шерсть
  </material>
  <price>
   280449
  </price>
  <rating>
   2.25
  </rating>
  <reviews>
   311007
  </reviews>
  <exclusive>
   no
  </exclusive>
  <sporty>
   no
  </sporty>
 </clothing>
 <clothing>
  <id>
   153939944
  </id>
  <name>
   Nike Shoes D-4397
  </name>
  <category>
   Shoes
  </category>
  <size>
   XL
  </size>
  <color>
   Фиолетовый
  </color>
  <material>
   Полиэстер
  </material>
  <price>
   695566
  </price>
  <rating>
   3.66
  </rating>
  <reviews>
   434205
  </reviews>
  <new>
   -
  </new>
  <exclusive>
   no
  </exclusive>
  <sporty>
   yes
  </sporty>
 </clothing>
 <clothing>
  <id>
   727275997
  </id>
  <name>
   New Balance Shoes X-1018
  </name>
  <category>
   Shoes
  </category>
  <size>
   L
  </size>
  <color>
   Голубой
  </color>
  <material>
   Нейлон
  </material>
  <price>
   727764
  </price>
  <rating>
   4.09
  </rating>
  <reviews>
   576119
  </reviews>
  <new>
   -
  </new>
  <sporty>
   yes
  </sporty>
 </clothing>
 <clothing>
  <id>
   893567239
  </id>
  <name>
   Lacoste Pants V-8252
  </name>
  <category>
   Pants
  </category>
  <size>
   S
  </size>
  <color>
   Зеленый
  </color>
  <material>
   Нейлон
  </material>
  <price>
   809713
  </price>
  <rating>
   1.04
  </rating>
  <reviews>
   197219
  </reviews>
  <exclusive>
   yes
  </exclusive>
 </clothing>
 <clothing>
  <id>
   221508243
  </id>
  <name>
   Reebok Hat X-3672
  </name>
  <category>
   Hat
  </category>
  <size>
   XL
  </size>
  <color>
   Синий
  </color>
  <material>
   Нейлон
  </material>
  <price>
   644698
  </price>
  <rating>
   4.58
  </rating>
  <reviews>
   133849
  </reviews>
  <new>
   -
  </new>
  <exclusive>
   yes
  </exclusive>
  <sporty>
   yes
  </sporty>
 </clothing>
 <clothing>
  <id>
   744997281
  </id>
  <name>
   New Balance Pants M-5712
  </name>
  <category>
   Pants
  </category>
  <size>
   M
  </size>
  <color>
   Зеленый
  </color>
  <material>
   Лен
  </material>
  <price>
   127892
  </price>
  <rating>
   3.5
  </rating>
  <reviews>
   143468
  </reviews>
  <new>
   -
  </new>
  <exclusive>
   no
  </exclusive>
 </clothing>
 <clothing>
  <id>
   543894001
  </id>
  <name>
   Adidas Dress W-8491
  </name>
  <category>
   Dress
  </category>
  <size>
   XXL
  </size>
  <color>
   Синий
  </color>
  <material>
   Вискоза
  </material>
  <price>
   694023
  </price>
  <rating>
   4.1
  </rating>
  <reviews>
   497510
  </reviews>
  <new>
   -
  </new>
  <sporty>
   yes
  </sporty>
 </clothing>
 <clothing>
  <id>
   136473196
  </id>
  <name>
   Lacoste Socks R-9783
  </name>
  <category>
   Socks
  </category>
  <size>
   XXL
  </size>
  <color>
   Красный
  </color>
  <material>
   Кожа
  </material>
  <price>
   783088
  </price>
  <rating>
   3.28
  </rating>
  <reviews>
   847029
  </reviews>
 </clothing>
 <clothing>
  <id>
   777655538
  </id>
  <name>
   Reebok Socks B-5377
  </name>
  <category>
   Socks
  </category>
  <size>
   M
  </size>
  <color>
   Голубой
  </color>
  <material>
   Полиэстер
  </material>
  <price>
   953473
  </price>
  <rating>
   4.34
  </rating>
  <reviews>
   42686
  </reviews>
  <new>
   -
  </new>
  <exclusive>
   no
  </exclusive>
  <sporty>
   yes
  </sporty>
 </clothing>
 <clothing>
  <id>
   189242576
  </id>
  <name>
   Converse Hat X-3408
  </name>
  <category>
   Hat
  </category>
  <size>
   L
  </size>
  <color>
   Голубой
  </color>
  <material>
   Нейлон
  </material>
  <price>
   165235
  </price>
  <rating>
   1.23
  </rating>
  <reviews>
   947448
  </reviews>
  <new>
   -
  </new>
 </clothing>
 <clothing>
  <id>
   334737028
  </id>
  <name>
   Lacoste Sweater X-9022
  </name>
  <category>
   Sweater
  </category>
  <size>
   XL
  </size>
  <color>
   Голубой
  </color>
  <material>
   Хлопок
  </material>
  <price>
   611417
  </price>
  <rating>
   1.8
  </rating>
  <reviews>
   515887
  </reviews>
  <new>
   -
  </new>
 </clothing>
 <clothing>
  <id>
   896373147
  </id>
  <name>
   Asics Sweater Z-5766
  </name>
  <category>
   Sweater
  </category>
  <size>
   XXL
  </size>
  <color>
   Голубой
  </color>
  <material>
   Нейлон
  </material>
  <price>
   770157
  </price>
  <rating>
   3.96
  </rating>
  <reviews>
   391530
  </reviews>
  <new>
   -
  </new>
  <exclusive>
   yes
  </exclusive>
 </clothing>
 <clothing>
  <id>
   866889875
  </id>
  <name>
   Addidas Hat T-1646
  </name>
  <category>
   Hat
  </category>
  <size>
   L
  </size>
  <color>
   Синий
  </color>
  <material>
   Нейлон
  </material>
  <price>
   608943
  </price>
  <rating>
   4.23
  </rating>
  <reviews>
   795201
  </reviews>
  <new>
   +
  </new>
  <exclusive>
   yes
  </exclusive>
  <sporty>
   no
  </sporty>
 </clothing>
 <clothing>
  <id>
   442129979
  </id>
  <name>
   Lacoste Sweater I-1676
  </name>
  <category>
   Sweater
  </category>
  <size>
   M
  </size>
  <color>
   Голубой
  </color>
  <material>
   Шерсть
  </material>
  <price>
   770259
  </price>
  <rating>
   1.04
  </rating>
  <reviews>
   116894
  </reviews>
  <new>
   +
  </new>
  <sporty>
   no
  </sporty>
 </clothing>
 <clothing>
  <id>
   542435364
  </id>
  <name>
   Vans Blouse R-6909
  </name>
  <category>
   Blouse
  </category>
  <size>
   XXL
  </size>
  <color>
   Синий
  </color>
  <material>
   Лен
  </material>
  <price>
   737459
  </price>
  <rating>
   1.88
  </rating>
  <reviews>
   6337
  </reviews>
  <new>
   -
  </new>
  <exclusive>
   yes
  </exclusive>
 </clothing>
 <clothing>
  <id>
   417339109
  </id>
  <name>
   Brooks Sweater Z-7922
  </name>
  <category>
   Sweater
  </category>
  <size>
   L
  </size>
  <color>
   Оранжевый
  </color>
  <material>
   Вискоза
  </material>
  <price>
   691985
  </price>
  <rating>
   1.16
  </rating>
  <reviews>
   709128
  </reviews>
  <new>
   +
  </new>
  <exclusive>
   yes
  </exclusive>
 </clothing>
 <clothing>
  <id>
   258795974
  </id>
  <name>
   Addidas Handbags Z-4335
  </name>
  <category>
   Handbags
  </category>
  <size>
   M
  </size>
  <color>
   Зеленый
  </color>
  <material>
   Кожа
  </material>
  <price>
   311735
  </price>
  <rating>
   4.68
  </rating>
  <reviews>
   152547
  </reviews>
  <new>
   +
  </new>
  <sporty>
   no
  </sporty>
 </clothing>
 <clothing>
  <id>
   585786149
  </id>
  <name>
   New Balance Jeans V-2978
  </name>
  <category>
   Jeans
  </category>
  <size>
   L
  </size>
  <color>
   Оранжевый
  </color>
  <material>
   Кожа
  </material>
  <price>
   405939
  </price>
  <rating>
   3.66
  </rating>
  <reviews>
   175488
  </reviews>
  <exclusive>
   no
  </exclusive>
 </clothing>
 <clothing>
  <id>
   547734014
  </id>
  <name>
   Asics Sweater V-3004
  </name>
  <category>
   Sweater
  </category>
  <size>
   XXL
  </size>
  <color>
   Красный
  </color>
  <material>
   Вискоза
  </material>
  <price>
   646664
  </price>
  <rating>
   1.75
  </rating>
  <reviews>
   394923
  </reviews>
 </clothing>
 <clothing>
  <id>
   968220188
  </id>
  <name>
   Fila Shirt R-1715
  </name>
  <category>
   Shirt
  </category>
  <size>
   M
  </size>
  <color>
   Фиолетовый
  </color>
  <material>
   Вискоза
  </material>
  <price>
   364719
  </price>
  <rating>
   1.6
  </rating>
  <reviews>
   430036
  </reviews>
  <exclusive>
   no
  </exclusive>
 </clothing>
 <clothing>
  <id>
   117006871
  </id>
  <name>
   Under Armour Pants D-7902
  </name>
  <category>
   Pants
  </category>
  <size>
   S
  </size>
  <color>
   Красный
  </color>
  <material>
   Полиэстер
  </material>
  <price>
   449087
  </price>
  <rating>
   1.56
  </rating>
  <reviews>
   307919
  </reviews>
  <exclusive>
   no
  </exclusive>
  <sporty>
   no
  </sporty>
 </clothing>
 <clothing>
  <id>
   412959347
  </id>
  <name>
   Ellesse Jeans E-4269
  </name>
  <category>
   Jeans
  </category>
  <size>
   M
  </size>
  <color>
   Фиолетовый
  </color>
  <material>
   Шелк
  </material>
  <price>
   336488
  </price>
  <rating>
   2.11
  </rating>
  <reviews>
   685566
  </reviews>
  <new>
   +
  </new>
 </clothing>
 <clothing>
  <id>
   318002587
  </id>
  <name>
   Lacoste Shoes M-2156
  </name>
  <category>
   Shoes
  </category>
  <size>
   XXL
  </size>
  <color>
   Фиолетовый
  </color>
  <material>
   Нейлон
  </material>
  <price>
   329229
  </price>
  <rating>
   4.61
  </rating>
  <reviews>
   14347
  </reviews>
  <new>
   -
  </new>
  <exclusive>
   no
  </exclusive>
  <sporty>
   no
  </sporty>
 </clothing>
 <clothing>
  <id>
   522791208
  </id>
  <name>
   Addidas Shoes J-4493
  </name>
  <category>
   Shoes
  </category>
  <size>
   M
  </size>
  <color>
   Голубой
  </color>
  <material>
   Вискоза
  </material>
  <price>
   797958
  </price>
  <rating>
   3.26
  </rating>
  <reviews>
   400346
  </reviews>
  <new>
   -
  </new>
  <exclusive>
   no
  </exclusive>
 </clothing>
 <clothing>
  <id>
   316690072
  </id>
  <name>
   Under Armour Dress X-8200
  </name>
  <category>
   Dress
  </category>
  <size>
   XL
  </size>
  <color>
   Синий
  </color>
  <material>
   Нейлон
  </material>
  <price>
   888716
  </price>
  <rating>
   3.73
  </rating>
  <reviews>
   669374
  </reviews>
  <new>
   +
  </new>
  <exclusive>
   no
  </exclusive>
  <sporty>
   no
  </sporty>
 </clothing>
 <clothing>
  <id>
   642310874
  </id>
  <name>
   Asics Shoes P-3713
  </name>
  <category>
   Shoes
  </category>
  <size>
   XL
  </size>
  <color>
   Оранжевый
  </color>
  <material>
   Кожа
  </material>
  <price>
   625507
  </price>
  <rating>
   3.43
  </rating>
  <reviews>
   16373
  </reviews>
  <new>
   -
  </new>
 </clothing>
 <clothing>
  <id>
   255247403
  </id>
  <name>
   DC T-shirt T-1684
  </name>
  <category>
   T-shirt
  </category>
  <size>
   M
  </size>
  <color>
   Желтый
  </color>
  <material>
   Шелк
  </material>
  <price>
   854943
  </price>
  <rating>
   1.11
  </rating>
  <reviews>
   758143
  </reviews>
  <new>
   -
  </new>
 </clothing>
 <clothing>
  <id>
   278878877
  </id>
  <name>
   Asics Dress N-1556
  </name>
  <category>
   Dress
  </category>
  <size>
   XL
  </size>
  <color>
   Оранжевый
  </color>
  <material>
   Хлопок
  </material>
  <price>
   634489
  </price>
  <rating>
   3.77
  </rating>
  <reviews>
   819245
  </reviews>
  <exclusive>
   yes
  </exclusive>
 </clothing>
 <clothing>
  <id>
   731736361
  </id>
  <name>
   PleinSport Skirt X-2062
  </name>
  <category>
   Skirt
  </category>
  <size>
   S
  </size>
  <color>
   Голубой
  </color>
  <material>
   Вискоза
  </material>
  <price>
   751800
  </price>
  <rating>
   1.18
  </rating>
  <reviews>
   49996
  </reviews>
  <new>
   -
  </new>
 </clothing>
 <clothing>
  <id>
   257383725
  </id>
  <name>
   Puma Gloves L-7483
  </name>
  <category>
   Gloves
  </category>
  <size>
   M
  </size>
  <color>
   Желтый
  </color>
  <material>
   Кожа
  </material>
  <price>
   953488
  </price>
  <rating>
   2.1
  </rating>
  <reviews>
   119805
  </reviews>
  <new>
   -
  </new>
  <exclusive>
   yes
  </exclusive>
 </clothing>
 <clothing>
  <id>
   704992267
  </id>
  <name>
   Asics Pants A-6457
  </name>
  <category>
   Pants
  </category>
  <size>
   L
  </size>
  <color>
   Голубой
  </color>
  <material>
   Вискоза
  </material>
  <price>
   547233
  </price>
  <rating>
   2.65
  </rating>
  <reviews>
   352141
  </reviews>
  <new>
   -
  </new>
  <exclusive>
   no
  </exclusive>
  <sporty>
   yes
  </sporty>
 </clothing>
</clothing-items>
