<?xml version="1.0" encoding="utf-8"?>
<clothing-items>
 <clothing>
  <id>
   779832523
  </id>
  <name>
   DC Handbags S-1185
  </name>
  <category>
   Handbags
  </category>
  <size>
   S
  </size>
  <color>
   Оранжевый
  </color>
  <material>
   Кожа
  </material>
  <price>
   593459
  </price>
  <rating>
   1.83
  </rating>
  <reviews>
   926583
  </reviews>
 </clothing>
 <clothing>
  <id>
   565039880
  </id>
  <name>
   Addidas Umbrellas W-9392
  </name>
  <category>
   Umbrellas
  </category>
  <size>
   XXL
  </size>
  <color>
   Красный
  </color>
  <material>
   Шерсть
  </material>
  <price>
   217343
  </price>
  <rating>
   1.54
  </rating>
  <reviews>
   870650
  </reviews>
  <sporty>
   no
  </sporty>
 </clothing>
 <clothing>
  <id>
   781034257
  </id>
  <name>
   New Balance Hat Q-9882
  </name>
  <category>
   Hat
  </category>
  <size>
   XL
  </size>
  <color>
   Оранжевый
  </color>
  <material>
   Полиэстер
  </material>
  <price>
   633534
  </price>
  <rating>
   4.41
  </rating>
  <reviews>
   995399
  </reviews>
  <new>
   -
  </new>
  <exclusive>
   no
  </exclusive>
  <sporty>
   no
  </sporty>
 </clothing>
 <clothing>
  <id>
   239893853
  </id>
  <name>
   Adidas Blouse K-2140
  </name>
  <category>
   Blouse
  </category>
  <size>
   XXL
  </size>
  <color>
   Голубой
  </color>
  <material>
   Лен
  </material>
  <price>
   114924
  </price>
  <rating>
   3.83
  </rating>
  <reviews>
   463793
  </reviews>
  <sporty>
   no
  </sporty>
 </clothing>
 <clothing>
  <id>
   698747210
  </id>
  <name>
   PleinSport Skirt E-9010
  </name>
  <category>
   Skirt
  </category>
  <size>
   XXL
  </size>
  <color>
   Оранжевый
  </color>
  <material>
   Кожа
  </material>
  <price>
   344727
  </price>
  <rating>
   2.3
  </rating>
  <reviews>
   784060
  </reviews>
  <new>
   -
  </new>
  <exclusive>
   no
  </exclusive>
  <sporty>
   no
  </sporty>
 </clothing>
 <clothing>
  <id>
   759200670
  </id>
  <name>
   Adidas Jeans D-1803
  </name>
  <category>
   Jeans
  </category>
  <size>
   XXL
  </size>
  <color>
   Фиолетовый
  </color>
  <material>
   Вискоза
  </material>
  <price>
   164184
  </price>
  <rating>
   1.09
  </rating>
  <reviews>
   53609
  </reviews>
  <exclusive>
   yes
  </exclusive>
  <sporty>
   no
  </sporty>
 </clothing>
 <clothing>
  <id>
   347693091
  </id>
  <name>
   Under Armour Hat W-6318
  </name>
  <category>
   Hat
  </category>
  <size>
   XXL
  </size>
  <color>
   Зеленый
  </color>
  <material>
   Шерсть
  </material>
  <price>
   996109
  </price>
  <rating>
   2.83
  </rating>
  <reviews>
   975055
  </reviews>
  <new>
   -
  </new>
  <exclusive>
   yes
  </exclusive>
  <sporty>
   yes
  </sporty>
 </clothing>
 <clothing>
  <id>
   797737596
  </id>
  <name>
   Asics Handbags D-7110
  </name>
  <category>
   Handbags
  </category>
  <size>
   XL
  </size>
  <color>
   Фиолетовый
  </color>
  <material>
   Шерсть
  </material>
  <price>
   265268
  </price>
  <rating>
   4.21
  </rating>
  <reviews>
   889128
  </reviews>
  <exclusive>
   no
  </exclusive>
 </clothing>
 <clothing>
  <id>
   915484407
  </id>
  <name>
   New Balance Dress W-2458
  </name>
  <category>
   Dress
  </category>
  <size>
   L
  </size>
  <color>
   Оранжевый
  </color>
  <material>
   Кожа
  </material>
  <price>
   277394
  </price>
  <rating>
   1.5
  </rating>
  <reviews>
   777069
  </reviews>
  <new>
   +
  </new>
  <exclusive>
   yes
  </exclusive>
  <sporty>
   no
  </sporty>
 </clothing>
 <clothing>
  <id>
   530853986
  </id>
  <name>
   Asics Shoes J-8246
  </name>
  <category>
   Shoes
  </category>
  <size>
   XXL
  </size>
  <color>
   Оранжевый
  </color>
  <material>
   Кожа
  </material>
  <price>
   459185
  </price>
  <rating>
   2.98
  </rating>
  <reviews>
   140270
  </reviews>
  <new>
   +
  </new>
  <exclusive>
   yes
  </exclusive>
 </clothing>
 <clothing>
  <id>
   968211300
  </id>
  <name>
   Fila Jacket X-2244
  </name>
  <category>
   Jacket
  </category>
  <size>
   L
  </size>
  <color>
   Желтый
  </color>
  <material>
   Кожа
  </material>
  <price>
   481511
  </price>
  <rating>
   1.79
  </rating>
  <reviews>
   955299
  </reviews>
  <new>
   -
  </new>
  <exclusive>
   yes
  </exclusive>
  <sporty>
   yes
  </sporty>
 </clothing>
 <clothing>
  <id>
   263889876
  </id>
  <name>
   Reebok Jacket J-7538
  </name>
  <category>
   Jacket
  </category>
  <size>
   S
  </size>
  <color>
   Оранжевый
  </color>
  <material>
   Нейлон
  </material>
  <price>
   371349
  </price>
  <rating>
   3.72
  </rating>
  <reviews>
   946837
  </reviews>
  <sporty>
   yes
  </sporty>
 </clothing>
 <clothing>
  <id>
   463987301
  </id>
  <name>
   PleinSport Jacket F-7335
  </name>
  <category>
   Jacket
  </category>
  <size>
   M
  </size>
  <color>
   Синий
  </color>
  <material>
   Кожа
  </material>
  <price>
   419422
  </price>
  <rating>
   3.25
  </rating>
  <reviews>
   781509
  </reviews>
  <sporty>
   yes
  </sporty>
 </clothing>
 <clothing>
  <id>
   609840952
  </id>
  <name>
   Ellesse Jeans F-6843
  </name>
  <category>
   Jeans
  </category>
  <size>
   XL
  </size>
  <color>
   Синий
  </color>
  <material>
   Лен
  </material>
  <price>
   767319
  </price>
  <rating>
   4.28
  </rating>
  <reviews>
   676522
  </reviews>
  <exclusive>
   no
  </exclusive>
 </clothing>
 <clothing>
  <id>
   328755087
  </id>
  <name>
   PleinSport Shoes B-4891
  </name>
  <category>
   Shoes
  </category>
  <size>
   XXL
  </size>
  <color>
   Голубой
  </color>
  <material>
   Вискоза
  </material>
  <price>
   222913
  </price>
  <rating>
   1.36
  </rating>
  <reviews>
   836240
  </reviews>
  <new>
   +
  </new>
  <exclusive>
   yes
  </exclusive>
 </clothing>
 <clothing>
  <id>
   431568513
  </id>
  <name>
   Ellesse Hat Z-6984
  </name>
  <category>
   Hat
  </category>
  <size>
   XXL
  </size>
  <color>
   Фиолетовый
  </color>
  <material>
   Хлопок
  </material>
  <price>
   348315
  </price>
  <rating>
   1.66
  </rating>
  <reviews>
   760392
  </reviews>
  <sporty>
   no
  </sporty>
 </clothing>
 <clothing>
  <id>
   798242815
  </id>
  <name>
   Nike Hat D-4636
  </name>
  <category>
   Hat
  </category>
  <size>
   M
  </size>
  <color>
   Желтый
  </color>
  <material>
   Шерсть
  </material>
  <price>
   796145
  </price>
  <rating>
   3.22
  </rating>
  <reviews>
   776916
  </reviews>
  <new>
   -
  </new>
  <exclusive>
   yes
  </exclusive>
  <sporty>
   yes
  </sporty>
 </clothing>
 <clothing>
  <id>
   869854286
  </id>
  <name>
   Adidas Blouse T-1927
  </name>
  <category>
   Blouse
  </category>
  <size>
   M
  </size>
  <color>
   Синий
  </color>
  <material>
   Полиэстер
  </material>
  <price>
   318422
  </price>
  <rating>
   2.18
  </rating>
  <reviews>
   563948
  </reviews>
  <new>
   -
  </new>
  <exclusive>
   yes
  </exclusive>
  <sporty>
   yes
  </sporty>
 </clothing>
 <clothing>
  <id>
   426218691
  </id>
  <name>
   Reebok Handbags R-2199
  </name>
  <category>
   Handbags
  </category>
  <size>
   XXL
  </size>
  <color>
   Оранжевый
  </color>
  <material>
   Вискоза
  </material>
  <price>
   163349
  </price>
  <rating>
   2.79
  </rating>
  <reviews>
   69063
  </reviews>
  <exclusive>
   no
  </exclusive>
 </clothing>
 <clothing>
  <id>
   892969236
  </id>
  <name>
   Ellesse Blouse C-4115
  </name>
  <category>
   Blouse
  </category>
  <size>
   XXL
  </size>
  <color>
   Оранжевый
  </color>
  <material>
   Хлопок
  </material>
  <price>
   906667
  </price>
  <rating>
   3.08
  </rating>
  <reviews>
   972104
  </reviews>
  <exclusive>
   yes
  </exclusive>
  <sporty>
   no
  </sporty>
 </clothing>
 <clothing>
  <id>
   924871822
  </id>
  <name>
   Nike Shirt K-4083
  </name>
  <category>
   Shirt
  </category>
  <size>
   L
  </size>
  <color>
   Синий
  </color>
  <material>
   Кожа
  </material>
  <price>
   213717
  </price>
  <rating>
   2.08
  </rating>
  <reviews>
   329478
  </reviews>
  <new>
   -
  </new>
  <exclusive>
   no
  </exclusive>
  <sporty>
   no
  </sporty>
 </clothing>
 <clothing>
  <id>
   801595049
  </id>
  <name>
   Reebok Gloves E-2032
  </name>
  <category>
   Gloves
  </category>
  <size>
   XL
  </size>
  <color>
   Желтый
  </color>
  <material>
   Кожа
  </material>
  <price>
   484530
  </price>
  <rating>
   4.01
  </rating>
  <reviews>
   650868
  </reviews>
  <exclusive>
   yes
  </exclusive>
  <sporty>
   yes
  </sporty>
 </clothing>
 <clothing>
  <id>
   166465182
  </id>
  <name>
   Ellesse Blouse V-4542
  </name>
  <category>
   Blouse
  </category>
  <size>
   S
  </size>
  <color>
   Оранжевый
  </color>
  <material>
   Полиэстер
  </material>
  <price>
   704098
  </price>
  <rating>
   3.55
  </rating>
  <reviews>
   759567
  </reviews>
  <new>
   +
  </new>
  <sporty>
   yes
  </sporty>
 </clothing>
 <clothing>
  <id>
   275771297
  </id>
  <name>
   New Balance Blouse H-7059
  </name>
  <category>
   Blouse
  </category>
  <size>
   XL
  </size>
  <color>
   Зеленый
  </color>
  <material>
   Лен
  </material>
  <price>
   752842
  </price>
  <rating>
   3.21
  </rating>
  <reviews>
   359131
  </reviews>
  <new>
   +
  </new>
 </clothing>
 <clothing>
  <id>
   996227942
  </id>
  <name>
   Brooks Belts G-8212
  </name>
  <category>
   Belts
  </category>
  <size>
   M
  </size>
  <color>
   Красный
  </color>
  <material>
   Вискоза
  </material>
  <price>
   281954
  </price>
  <rating>
   4.57
  </rating>
  <reviews>
   309440
  </reviews>
  <exclusive>
   no
  </exclusive>
  <sporty>
   yes
  </sporty>
 </clothing>
 <clothing>
  <id>
   289869166
  </id>
  <name>
   Reebok Umbrellas Y-2932
  </name>
  <category>
   Umbrellas
  </category>
  <size>
   M
  </size>
  <color>
   Красный
  </color>
  <material>
   Лен
  </material>
  <price>
   924795
  </price>
  <rating>
   3.73
  </rating>
  <reviews>
   615513
  </reviews>
  <new>
   -
  </new>
  <exclusive>
   no
  </exclusive>
 </clothing>
 <clothing>
  <id>
   522001972
  </id>
  <name>
   Under Armour Umbrellas E-4127
  </name>
  <category>
   Umbrellas
  </category>
  <size>
   M
  </size>
  <color>
   Красный
  </color>
  <material>
   Шерсть
  </material>
  <price>
   481610
  </price>
  <rating>
   2.17
  </rating>
  <reviews>
   305443
  </reviews>
  <new>
   -
  </new>
  <exclusive>
   no
  </exclusive>
 </clothing>
</clothing-items>
