<?xml version="1.0" encoding="utf-8"?>
<clothing-items>
 <clothing>
  <id>
   707653854
  </id>
  <name>
   Addidas Umbrellas Q-8115
  </name>
  <category>
   Umbrellas
  </category>
  <size>
   XL
  </size>
  <color>
   Красный
  </color>
  <material>
   Полиэстер
  </material>
  <price>
   112657
  </price>
  <rating>
   3.6
  </rating>
  <reviews>
   671463
  </reviews>
  <exclusive>
   no
  </exclusive>
 </clothing>
 <clothing>
  <id>
   978470098
  </id>
  <name>
   Vans Handbags I-9266
  </name>
  <category>
   Handbags
  </category>
  <size>
   M
  </size>
  <color>
   Оранжевый
  </color>
  <material>
   Кожа
  </material>
  <price>
   316481
  </price>
  <rating>
   4.02
  </rating>
  <reviews>
   719886
  </reviews>
  <new>
   -
  </new>
  <exclusive>
   no
  </exclusive>
 </clothing>
 <clothing>
  <id>
   102885501
  </id>
  <name>
   DC Skirt R-6079
  </name>
  <category>
   Skirt
  </category>
  <size>
   M
  </size>
  <color>
   Синий
  </color>
  <material>
   Хлопок
  </material>
  <price>
   884498
  </price>
  <rating>
   2.01
  </rating>
  <reviews>
   140539
  </reviews>
  <new>
   +
  </new>
  <sporty>
   no
  </sporty>
 </clothing>
 <clothing>
  <id>
   706947073
  </id>
  <name>
   Lacoste Pants V-3131
  </name>
  <category>
   Pants
  </category>
  <size>
   XL
  </size>
  <color>
   Голубой
  </color>
  <material>
   Шелк
  </material>
  <price>
   346269
  </price>
  <rating>
   3.83
  </rating>
  <reviews>
   979544
  </reviews>
  <exclusive>
   yes
  </exclusive>
  <sporty>
   no
  </sporty>
 </clothing>
 <clothing>
  <id>
   471316479
  </id>
  <name>
   Fila Belts J-3596
  </name>
  <category>
   Belts
  </category>
  <size>
   L
  </size>
  <color>
   Зеленый
  </color>
  <material>
   Хлопок
  </material>
  <price>
   327701
  </price>
  <rating>
   3.64
  </rating>
  <reviews>
   330096
  </reviews>
  <new>
   +
  </new>
  <exclusive>
   no
  </exclusive>
 </clothing>
 <clothing>
  <id>
   922029530
  </id>
  <name>
   Vans Handbags Y-8928
  </name>
  <category>
   Handbags
  </category>
  <size>
   L
  </size>
  <color>
   Голубой
  </color>
  <material>
   Кожа
  </material>
  <price>
   737291
  </price>
  <rating>
   3.28
  </rating>
  <reviews>
   59629
  </reviews>
  <new>
   -
  </new>
  <exclusive>
   yes
  </exclusive>
  <sporty>
   no
  </sporty>
 </clothing>
 <clothing>
  <id>
   529937554
  </id>
  <name>
   Nike Shoes Q-9253
  </name>
  <category>
   Shoes
  </category>
  <size>
   XL
  </size>
  <color>
   Зеленый
  </color>
  <material>
   Шелк
  </material>
  <price>
   172741
  </price>
  <rating>
   2.8
  </rating>
  <reviews>
   147481
  </reviews>
  <new>
   +
  </new>
  <exclusive>
   yes
  </exclusive>
 </clothing>
 <clothing>
  <id>
   160606261
  </id>
  <name>
   Under Armour Handbags Z-2604
  </name>
  <category>
   Handbags
  </category>
  <size>
   M
  </size>
  <color>
   Желтый
  </color>
  <material>
   Хлопок
  </material>
  <price>
   682080
  </price>
  <rating>
   1.69
  </rating>
  <reviews>
   79939
  </reviews>
  <new>
   +
  </new>
  <exclusive>
   yes
  </exclusive>
 </clothing>
 <clothing>
  <id>
   689096405
  </id>
  <name>
   Brooks Dress L-9886
  </name>
  <category>
   Dress
  </category>
  <size>
   M
  </size>
  <color>
   Синий
  </color>
  <material>
   Хлопок
  </material>
  <price>
   782869
  </price>
  <rating>
   4.81
  </rating>
  <reviews>
   592420
  </reviews>
 </clothing>
 <clothing>
  <id>
   974989837
  </id>
  <name>
   Under Armour Handbags W-8672
  </name>
  <category>
   Handbags
  </category>
  <size>
   S
  </size>
  <color>
   Фиолетовый
  </color>
  <material>
   Шерсть
  </material>
  <price>
   859045
  </price>
  <rating>
   4.75
  </rating>
  <reviews>
   279209
  </reviews>
  <new>
   -
  </new>
  <exclusive>
   no
  </exclusive>
  <sporty>
   no
  </sporty>
 </clothing>
 <clothing>
  <id>
   306905959
  </id>
  <name>
   Fila Shirt N-6529
  </name>
  <category>
   Shirt
  </category>
  <size>
   XXL
  </size>
  <color>
   Зеленый
  </color>
  <material>
   Хлопок
  </material>
  <price>
   243532
  </price>
  <rating>
   3.17
  </rating>
  <reviews>
   128805
  </reviews>
  <sporty>
   yes
  </sporty>
 </clothing>
 <clothing>
  <id>
   119088353
  </id>
  <name>
   Brooks Sweater W-3260
  </name>
  <category>
   Sweater
  </category>
  <size>
   L
  </size>
  <color>
   Синий
  </color>
  <material>
   Лен
  </material>
  <price>
   500876
  </price>
  <rating>
   2.87
  </rating>
  <reviews>
   956925
  </reviews>
  <sporty>
   yes
  </sporty>
 </clothing>
 <clothing>
  <id>
   229366942
  </id>
  <name>
   Converse Gloves D-9507
  </name>
  <category>
   Gloves
  </category>
  <size>
   XXL
  </size>
  <color>
   Синий
  </color>
  <material>
   Нейлон
  </material>
  <price>
   192209
  </price>
  <rating>
   3.55
  </rating>
  <reviews>
   150294
  </reviews>
  <new>
   -
  </new>
  <exclusive>
   yes
  </exclusive>
 </clothing>
 <clothing>
  <id>
   213498225
  </id>
  <name>
   New Balance Dress P-7700
  </name>
  <category>
   Dress
  </category>
  <size>
   S
  </size>
  <color>
   Красный
  </color>
  <material>
   Нейлон
  </material>
  <price>
   859920
  </price>
  <rating>
   4.25
  </rating>
  <reviews>
   840266
  </reviews>
  <new>
   -
  </new>
  <sporty>
   no
  </sporty>
 </clothing>
 <clothing>
  <id>
   838158631
  </id>
  <name>
   Ellesse Dress R-3722
  </name>
  <category>
   Dress
  </category>
  <size>
   L
  </size>
  <color>
   Голубой
  </color>
  <material>
   Вискоза
  </material>
  <price>
   847466
  </price>
  <rating>
   1.05
  </rating>
  <reviews>
   318390
  </reviews>
  <sporty>
   no
  </sporty>
 </clothing>
 <clothing>
  <id>
   735212815
  </id>
  <name>
   Brooks Umbrellas P-5113
  </name>
  <category>
   Umbrellas
  </category>
  <size>
   S
  </size>
  <color>
   Фиолетовый
  </color>
  <material>
   Полиэстер
  </material>
  <price>
   444623
  </price>
  <rating>
   4.32
  </rating>
  <reviews>
   141965
  </reviews>
  <new>
   -
  </new>
  <exclusive>
   yes
  </exclusive>
  <sporty>
   no
  </sporty>
 </clothing>
 <clothing>
  <id>
   324934365
  </id>
  <name>
   DC Socks P-8875
  </name>
  <category>
   Socks
  </category>
  <size>
   XXL
  </size>
  <color>
   Желтый
  </color>
  <material>
   Хлопок
  </material>
  <price>
   783521
  </price>
  <rating>
   4.18
  </rating>
  <reviews>
   89640
  </reviews>
  <new>
   +
  </new>
 </clothing>
 <clothing>
  <id>
   893492635
  </id>
  <name>
   Brooks Jacket F-5964
  </name>
  <category>
   Jacket
  </category>
  <size>
   L
  </size>
  <color>
   Голубой
  </color>
  <material>
   Шерсть
  </material>
  <price>
   659078
  </price>
  <rating>
   4.07
  </rating>
  <reviews>
   688362
  </reviews>
  <exclusive>
   no
  </exclusive>
  <sporty>
   no
  </sporty>
 </clothing>
 <clothing>
  <id>
   221881939
  </id>
  <name>
   Adidas Jeans C-6514
  </name>
  <category>
   Jeans
  </category>
  <size>
   S
  </size>
  <color>
   Оранжевый
  </color>
  <material>
   Полиэстер
  </material>
  <price>
   443931
  </price>
  <rating>
   1.14
  </rating>
  <reviews>
   706497
  </reviews>
  <exclusive>
   no
  </exclusive>
  <sporty>
   no
  </sporty>
 </clothing>
 <clothing>
  <id>
   617033901
  </id>
  <name>
   Fila Shoes P-2070
  </name>
  <category>
   Shoes
  </category>
  <size>
   XXL
  </size>
  <color>
   Зеленый
  </color>
  <material>
   Полиэстер
  </material>
  <price>
   107224
  </price>
  <rating>
   4.96
  </rating>
  <reviews>
   494356
  </reviews>
  <new>
   -
  </new>
  <exclusive>
   no
  </exclusive>
  <sporty>
   no
  </sporty>
 </clothing>
 <clothing>
  <id>
   977344675
  </id>
  <name>
   Brooks Handbags W-2161
  </name>
  <category>
   Handbags
  </category>
  <size>
   M
  </size>
  <color>
   Фиолетовый
  </color>
  <material>
   Кожа
  </material>
  <price>
   478851
  </price>
  <rating>
   2.29
  </rating>
  <reviews>
   231614
  </reviews>
  <new>
   -
  </new>
  <exclusive>
   yes
  </exclusive>
  <sporty>
   yes
  </sporty>
 </clothing>
 <clothing>
  <id>
   282396106
  </id>
  <name>
   PleinSport Blouse C-6923
  </name>
  <category>
   Blouse
  </category>
  <size>
   XXL
  </size>
  <color>
   Оранжевый
  </color>
  <material>
   Хлопок
  </material>
  <price>
   539213
  </price>
  <rating>
   2.46
  </rating>
  <reviews>
   94883
  </reviews>
  <new>
   -
  </new>
  <exclusive>
   no
  </exclusive>
 </clothing>
 <clothing>
  <id>
   479208950
  </id>
  <name>
   Fila Hat F-5508
  </name>
  <category>
   Hat
  </category>
  <size>
   L
  </size>
  <color>
   Желтый
  </color>
  <material>
   Полиэстер
  </material>
  <price>
   423106
  </price>
  <rating>
   5.0
  </rating>
  <reviews>
   324665
  </reviews>
  <exclusive>
   yes
  </exclusive>
  <sporty>
   no
  </sporty>
 </clothing>
 <clothing>
  <id>
   229674941
  </id>
  <name>
   DC T-shirt D-5416
  </name>
  <category>
   T-shirt
  </category>
  <size>
   M
  </size>
  <color>
   Фиолетовый
  </color>
  <material>
   Хлопок
  </material>
  <price>
   916898
  </price>
  <rating>
   2.83
  </rating>
  <reviews>
   20248
  </reviews>
  <new>
   +
  </new>
  <exclusive>
   no
  </exclusive>
 </clothing>
 <clothing>
  <id>
   710608250
  </id>
  <name>
   Ellesse Shoes O-9454
  </name>
  <category>
   Shoes
  </category>
  <size>
   XXL
  </size>
  <color>
   Синий
  </color>
  <material>
   Полиэстер
  </material>
  <price>
   710546
  </price>
  <rating>
   2.37
  </rating>
  <reviews>
   610925
  </reviews>
  <sporty>
   no
  </sporty>
 </clothing>
 <clothing>
  <id>
   960603946
  </id>
  <name>
   Lacoste Socks B-9581
  </name>
  <category>
   Socks
  </category>
  <size>
   S
  </size>
  <color>
   Фиолетовый
  </color>
  <material>
   Лен
  </material>
  <price>
   398124
  </price>
  <rating>
   1.23
  </rating>
  <reviews>
   356600
  </reviews>
  <sporty>
   no
  </sporty>
 </clothing>
 <clothing>
  <id>
   559574464
  </id>
  <name>
   Fila Pants M-5105
  </name>
  <category>
   Pants
  </category>
  <size>
   M
  </size>
  <color>
   Зеленый
  </color>
  <material>
   Лен
  </material>
  <price>
   233416
  </price>
  <rating>
   3.13
  </rating>
  <reviews>
   408285
  </reviews>
  <exclusive>
   no
  </exclusive>
  <sporty>
   yes
  </sporty>
 </clothing>
 <clothing>
  <id>
   949603323
  </id>
  <name>
   New Balance Belts T-2456
  </name>
  <category>
   Belts
  </category>
  <size>
   S
  </size>
  <color>
   Синий
  </color>
  <material>
   Лен
  </material>
  <price>
   678294
  </price>
  <rating>
   4.27
  </rating>
  <reviews>
   738202
  </reviews>
  <new>
   -
  </new>
  <sporty>
   no
  </sporty>
 </clothing>
 <clothing>
  <id>
   216712460
  </id>
  <name>
   Lacoste Jeans I-4696
  </name>
  <category>
   Jeans
  </category>
  <size>
   S
  </size>
  <color>
   Синий
  </color>
  <material>
   Кожа
  </material>
  <price>
   435750
  </price>
  <rating>
   2.73
  </rating>
  <reviews>
   12751
  </reviews>
  <exclusive>
   no
  </exclusive>
 </clothing>
 <clothing>
  <id>
   318327940
  </id>
  <name>
   Ellesse Gloves F-3711
  </name>
  <category>
   Gloves
  </category>
  <size>
   XL
  </size>
  <color>
   Синий
  </color>
  <material>
   Лен
  </material>
  <price>
   790062
  </price>
  <rating>
   4.3
  </rating>
  <reviews>
   788230
  </reviews>
  <new>
   +
  </new>
  <exclusive>
   no
  </exclusive>
 </clothing>
 <clothing>
  <id>
   820561112
  </id>
  <name>
   Adidas Belts R-7898
  </name>
  <category>
   Belts
  </category>
  <size>
   S
  </size>
  <color>
   Синий
  </color>
  <material>
   Шелк
  </material>
  <price>
   996767
  </price>
  <rating>
   4.43
  </rating>
  <reviews>
   300334
  </reviews>
  <new>
   +
  </new>
  <sporty>
   yes
  </sporty>
 </clothing>
 <clothing>
  <id>
   273381115
  </id>
  <name>
   DC Belts H-1580
  </name>
  <category>
   Belts
  </category>
  <size>
   L
  </size>
  <color>
   Фиолетовый
  </color>
  <material>
   Полиэстер
  </material>
  <price>
   642645
  </price>
  <rating>
   2.78
  </rating>
  <reviews>
   895760
  </reviews>
  <new>
   -
  </new>
  <exclusive>
   no
  </exclusive>
 </clothing>
 <clothing>
  <id>
   470924589
  </id>
  <name>
   Converse T-shirt A-9169
  </name>
  <category>
   T-shirt
  </category>
  <size>
   XL
  </size>
  <color>
   Желтый
  </color>
  <material>
   Хлопок
  </material>
  <price>
   509859
  </price>
  <rating>
   2.99
  </rating>
  <reviews>
   537709
  </reviews>
  <new>
   -
  </new>
  <sporty>
   no
  </sporty>
 </clothing>
 <clothing>
  <id>
   991341162
  </id>
  <name>
   Fila Gloves U-6040
  </name>
  <category>
   Gloves
  </category>
  <size>
   M
  </size>
  <color>
   Голубой
  </color>
  <material>
   Вискоза
  </material>
  <price>
   854670
  </price>
  <rating>
   3.99
  </rating>
  <reviews>
   679879
  </reviews>
  <sporty>
   no
  </sporty>
 </clothing>
 <clothing>
  <id>
   229900076
  </id>
  <name>
   Nike Gloves B-1148
  </name>
  <category>
   Gloves
  </category>
  <size>
   S
  </size>
  <color>
   Фиолетовый
  </color>
  <material>
   Кожа
  </material>
  <price>
   861174
  </price>
  <rating>
   3.76
  </rating>
  <reviews>
   264201
  </reviews>
  <new>
   -
  </new>
  <exclusive>
   yes
  </exclusive>
  <sporty>
   no
  </sporty>
 </clothing>
 <clothing>
  <id>
   767018955
  </id>
  <name>
   Under Armour Jacket E-3201
  </name>
  <category>
   Jacket
  </category>
  <size>
   S
  </size>
  <color>
   Синий
  </color>
  <material>
   Вискоза
  </material>
  <price>
   269901
  </price>
  <rating>
   4.19
  </rating>
  <reviews>
   281410
  </reviews>
  <new>
   -
  </new>
  <exclusive>
   yes
  </exclusive>
  <sporty>
   yes
  </sporty>
 </clothing>
 <clothing>
  <id>
   907848252
  </id>
  <name>
   Vans Handbags X-6765
  </name>
  <category>
   Handbags
  </category>
  <size>
   L
  </size>
  <color>
   Синий
  </color>
  <material>
   Лен
  </material>
  <price>
   600761
  </price>
  <rating>
   3.81
  </rating>
  <reviews>
   1725
  </reviews>
  <new>
   +
  </new>
  <sporty>
   no
  </sporty>
 </clothing>
 <clothing>
  <id>
   162064211
  </id>
  <name>
   DC Jacket F-9030
  </name>
  <category>
   Jacket
  </category>
  <size>
   S
  </size>
  <color>
   Оранжевый
  </color>
  <material>
   Кожа
  </material>
  <price>
   399968
  </price>
  <rating>
   3.39
  </rating>
  <reviews>
   44269
  </reviews>
  <exclusive>
   yes
  </exclusive>
 </clothing>
 <clothing>
  <id>
   735504985
  </id>
  <name>
   PleinSport T-shirt D-2792
  </name>
  <category>
   T-shirt
  </category>
  <size>
   L
  </size>
  <color>
   Зеленый
  </color>
  <material>
   Нейлон
  </material>
  <price>
   408624
  </price>
  <rating>
   1.52
  </rating>
  <reviews>
   348896
  </reviews>
  <sporty>
   no
  </sporty>
 </clothing>
 <clothing>
  <id>
   383915961
  </id>
  <name>
   New Balance Hat A-3147
  </name>
  <category>
   Hat
  </category>
  <size>
   S
  </size>
  <color>
   Синий
  </color>
  <material>
   Шерсть
  </material>
  <price>
   493096
  </price>
  <rating>
   1.43
  </rating>
  <reviews>
   955130
  </reviews>
  <new>
   -
  </new>
  <sporty>
   no
  </sporty>
 </clothing>
 <clothing>
  <id>
   427818155
  </id>
  <name>
   DC Skirt I-7898
  </name>
  <category>
   Skirt
  </category>
  <size>
   S
  </size>
  <color>
   Желтый
  </color>
  <material>
   Хлопок
  </material>
  <price>
   657285
  </price>
  <rating>
   1.7
  </rating>
  <reviews>
   78119
  </reviews>
  <new>
   +
  </new>
 </clothing>
 <clothing>
  <id>
   755122396
  </id>
  <name>
   Addidas Hat Q-1239
  </name>
  <category>
   Hat
  </category>
  <size>
   L
  </size>
  <color>
   Голубой
  </color>
  <material>
   Шелк
  </material>
  <price>
   606092
  </price>
  <rating>
   3.88
  </rating>
  <reviews>
   814645
  </reviews>
  <new>
   +
  </new>
  <exclusive>
   yes
  </exclusive>
  <sporty>
   yes
  </sporty>
 </clothing>
 <clothing>
  <id>
   948498695
  </id>
  <name>
   Adidas Jeans U-5921
  </name>
  <category>
   Jeans
  </category>
  <size>
   L
  </size>
  <color>
   Голубой
  </color>
  <material>
   Шерсть
  </material>
  <price>
   618154
  </price>
  <rating>
   1.64
  </rating>
  <reviews>
   954767
  </reviews>
 </clothing>
 <clothing>
  <id>
   476104816
  </id>
  <name>
   Nike Jacket H-5750
  </name>
  <category>
   Jacket
  </category>
  <size>
   XL
  </size>
  <color>
   Зеленый
  </color>
  <material>
   Хлопок
  </material>
  <price>
   560471
  </price>
  <rating>
   1.24
  </rating>
  <reviews>
   854282
  </reviews>
  <exclusive>
   no
  </exclusive>
  <sporty>
   no
  </sporty>
 </clothing>
</clothing-items>
