<?xml version="1.0" encoding="utf-8"?>
<clothing-items>
 <clothing>
  <id>
   767596522
  </id>
  <name>
   Asics Shirt H-6454
  </name>
  <category>
   Shirt
  </category>
  <size>
   M
  </size>
  <color>
   Желтый
  </color>
  <material>
   Кожа
  </material>
  <price>
   352293
  </price>
  <rating>
   1.23
  </rating>
  <reviews>
   349001
  </reviews>
  <exclusive>
   yes
  </exclusive>
 </clothing>
 <clothing>
  <id>
   319172610
  </id>
  <name>
   Ellesse T-shirt U-9952
  </name>
  <category>
   T-shirt
  </category>
  <size>
   XL
  </size>
  <color>
   Желтый
  </color>
  <material>
   Кожа
  </material>
  <price>
   197719
  </price>
  <rating>
   2.82
  </rating>
  <reviews>
   685744
  </reviews>
  <new>
   -
  </new>
 </clothing>
 <clothing>
  <id>
   919872430
  </id>
  <name>
   New Balance Skirt O-3443
  </name>
  <category>
   Skirt
  </category>
  <size>
   L
  </size>
  <color>
   Оранжевый
  </color>
  <material>
   Полиэстер
  </material>
  <price>
   641081
  </price>
  <rating>
   2.8
  </rating>
  <reviews>
   639765
  </reviews>
  <exclusive>
   yes
  </exclusive>
 </clothing>
 <clothing>
  <id>
   604257868
  </id>
  <name>
   Addidas Umbrellas M-5290
  </name>
  <category>
   Umbrellas
  </category>
  <size>
   XL
  </size>
  <color>
   Красный
  </color>
  <material>
   Хлопок
  </material>
  <price>
   401642
  </price>
  <rating>
   1.52
  </rating>
  <reviews>
   497358
  </reviews>
  <exclusive>
   yes
  </exclusive>
  <sporty>
   no
  </sporty>
 </clothing>
 <clothing>
  <id>
   653179227
  </id>
  <name>
   Ellesse Shoes G-8387
  </name>
  <category>
   Shoes
  </category>
  <size>
   S
  </size>
  <color>
   Оранжевый
  </color>
  <material>
   Нейлон
  </material>
  <price>
   527972
  </price>
  <rating>
   3.57
  </rating>
  <reviews>
   230501
  </reviews>
  <new>
   -
  </new>
  <exclusive>
   no
  </exclusive>
 </clothing>
 <clothing>
  <id>
   578775930
  </id>
  <name>
   Brooks Socks Y-4701
  </name>
  <category>
   Socks
  </category>
  <size>
   S
  </size>
  <color>
   Оранжевый
  </color>
  <material>
   Хлопок
  </material>
  <price>
   469332
  </price>
  <rating>
   3.03
  </rating>
  <reviews>
   756897
  </reviews>
  <new>
   -
  </new>
  <exclusive>
   no
  </exclusive>
  <sporty>
   no
  </sporty>
 </clothing>
 <clothing>
  <id>
   996080369
  </id>
  <name>
   Brooks Hat K-6291
  </name>
  <category>
   Hat
  </category>
  <size>
   L
  </size>
  <color>
   Красный
  </color>
  <material>
   Лен
  </material>
  <price>
   857436
  </price>
  <rating>
   3.81
  </rating>
  <reviews>
   236750
  </reviews>
  <exclusive>
   yes
  </exclusive>
  <sporty>
   yes
  </sporty>
 </clothing>
 <clothing>
  <id>
   223684145
  </id>
  <name>
   Nike Gloves E-7450
  </name>
  <category>
   Gloves
  </category>
  <size>
   L
  </size>
  <color>
   Оранжевый
  </color>
  <material>
   Вискоза
  </material>
  <price>
   466165
  </price>
  <rating>
   4.34
  </rating>
  <reviews>
   301574
  </reviews>
  <new>
   -
  </new>
 </clothing>
 <clothing>
  <id>
   857206031
  </id>
  <name>
   Brooks Jeans R-6837
  </name>
  <category>
   Jeans
  </category>
  <size>
   L
  </size>
  <color>
   Желтый
  </color>
  <material>
   Хлопок
  </material>
  <price>
   474209
  </price>
  <rating>
   1.53
  </rating>
  <reviews>
   374702
  </reviews>
  <exclusive>
   no
  </exclusive>
 </clothing>
 <clothing>
  <id>
   106675368
  </id>
  <name>
   DC Skirt X-1711
  </name>
  <category>
   Skirt
  </category>
  <size>
   XXL
  </size>
  <color>
   Зеленый
  </color>
  <material>
   Вискоза
  </material>
  <price>
   360053
  </price>
  <rating>
   2.96
  </rating>
  <reviews>
   306587
  </reviews>
  <sporty>
   yes
  </sporty>
 </clothing>
 <clothing>
  <id>
   302610868
  </id>
  <name>
   Asics Jeans L-8635
  </name>
  <category>
   Jeans
  </category>
  <size>
   XXL
  </size>
  <color>
   Голубой
  </color>
  <material>
   Нейлон
  </material>
  <price>
   175314
  </price>
  <rating>
   3.55
  </rating>
  <reviews>
   884962
  </reviews>
  <exclusive>
   yes
  </exclusive>
  <sporty>
   no
  </sporty>
 </clothing>
 <clothing>
  <id>
   506787749
  </id>
  <name>
   Lacoste Blouse Z-5045
  </name>
  <category>
   Blouse
  </category>
  <size>
   L
  </size>
  <color>
   Синий
  </color>
  <material>
   Хлопок
  </material>
  <price>
   220741
  </price>
  <rating>
   1.69
  </rating>
  <reviews>
   709101
  </reviews>
 </clothing>
 <clothing>
  <id>
   456395976
  </id>
  <name>
   Adidas Shirt J-4693
  </name>
  <category>
   Shirt
  </category>
  <size>
   XXL
  </size>
  <color>
   Голубой
  </color>
  <material>
   Хлопок
  </material>
  <price>
   935250
  </price>
  <rating>
   2.85
  </rating>
  <reviews>
   309400
  </reviews>
  <new>
   +
  </new>
  <exclusive>
   no
  </exclusive>
 </clothing>
 <clothing>
  <id>
   460899151
  </id>
  <name>
   Ellesse Skirt Q-8641
  </name>
  <category>
   Skirt
  </category>
  <size>
   M
  </size>
  <color>
   Синий
  </color>
  <material>
   Шелк
  </material>
  <price>
   766374
  </price>
  <rating>
   3.25
  </rating>
  <reviews>
   595160
  </reviews>
 </clothing>
 <clothing>
  <id>
   292488975
  </id>
  <name>
   Under Armour Shoes A-5713
  </name>
  <category>
   Shoes
  </category>
  <size>
   S
  </size>
  <color>
   Синий
  </color>
  <material>
   Нейлон
  </material>
  <price>
   563418
  </price>
  <rating>
   4.06
  </rating>
  <reviews>
   992792
  </reviews>
  <new>
   -
  </new>
 </clothing>
 <clothing>
  <id>
   452944084
  </id>
  <name>
   Converse Pants W-6763
  </name>
  <category>
   Pants
  </category>
  <size>
   S
  </size>
  <color>
   Синий
  </color>
  <material>
   Вискоза
  </material>
  <price>
   703245
  </price>
  <rating>
   1.74
  </rating>
  <reviews>
   703546
  </reviews>
  <new>
   +
  </new>
  <sporty>
   no
  </sporty>
 </clothing>
 <clothing>
  <id>
   920736362
  </id>
  <name>
   Vans Shoes M-4331
  </name>
  <category>
   Shoes
  </category>
  <size>
   XXL
  </size>
  <color>
   Голубой
  </color>
  <material>
   Хлопок
  </material>
  <price>
   536959
  </price>
  <rating>
   2.79
  </rating>
  <reviews>
   876421
  </reviews>
  <exclusive>
   no
  </exclusive>
  <sporty>
   no
  </sporty>
 </clothing>
 <clothing>
  <id>
   365331203
  </id>
  <name>
   Vans Blouse H-1273
  </name>
  <category>
   Blouse
  </category>
  <size>
   L
  </size>
  <color>
   Оранжевый
  </color>
  <material>
   Шерсть
  </material>
  <price>
   574206
  </price>
  <rating>
   3.08
  </rating>
  <reviews>
   804809
  </reviews>
  <sporty>
   no
  </sporty>
 </clothing>
 <clothing>
  <id>
   925898959
  </id>
  <name>
   Asics Skirt V-5820
  </name>
  <category>
   Skirt
  </category>
  <size>
   S
  </size>
  <color>
   Оранжевый
  </color>
  <material>
   Вискоза
  </material>
  <price>
   191862
  </price>
  <rating>
   3.01
  </rating>
  <reviews>
   471263
  </reviews>
  <exclusive>
   no
  </exclusive>
  <sporty>
   yes
  </sporty>
 </clothing>
 <clothing>
  <id>
   244833516
  </id>
  <name>
   DC Blouse T-1340
  </name>
  <category>
   Blouse
  </category>
  <size>
   L
  </size>
  <color>
   Красный
  </color>
  <material>
   Вискоза
  </material>
  <price>
   144610
  </price>
  <rating>
   3.72
  </rating>
  <reviews>
   122091
  </reviews>
  <new>
   +
  </new>
 </clothing>
 <clothing>
  <id>
   596412822
  </id>
  <name>
   Under Armour Jacket S-5231
  </name>
  <category>
   Jacket
  </category>
  <size>
   S
  </size>
  <color>
   Желтый
  </color>
  <material>
   Нейлон
  </material>
  <price>
   283913
  </price>
  <rating>
   4.66
  </rating>
  <reviews>
   4599
  </reviews>
  <exclusive>
   no
  </exclusive>
 </clothing>
 <clothing>
  <id>
   482415598
  </id>
  <name>
   Ellesse Dress L-7320
  </name>
  <category>
   Dress
  </category>
  <size>
   XXL
  </size>
  <color>
   Фиолетовый
  </color>
  <material>
   Шелк
  </material>
  <price>
   158025
  </price>
  <rating>
   2.45
  </rating>
  <reviews>
   120884
  </reviews>
  <new>
   +
  </new>
  <exclusive>
   no
  </exclusive>
  <sporty>
   no
  </sporty>
 </clothing>
</clothing-items>
