<?xml version="1.0" encoding="utf-8"?>
<clothing-items>
 <clothing>
  <id>
   982890418
  </id>
  <name>
   Converse Gloves R-9909
  </name>
  <category>
   Gloves
  </category>
  <size>
   S
  </size>
  <color>
   Зеленый
  </color>
  <material>
   Нейлон
  </material>
  <price>
   478943
  </price>
  <rating>
   2.18
  </rating>
  <reviews>
   952693
  </reviews>
  <new>
   +
  </new>
  <exclusive>
   no
  </exclusive>
 </clothing>
 <clothing>
  <id>
   428924492
  </id>
  <name>
   Asics Gloves I-7784
  </name>
  <category>
   Gloves
  </category>
  <size>
   XL
  </size>
  <color>
   Оранжевый
  </color>
  <material>
   Кожа
  </material>
  <price>
   417647
  </price>
  <rating>
   1.3
  </rating>
  <reviews>
   82221
  </reviews>
  <new>
   +
  </new>
  <exclusive>
   no
  </exclusive>
 </clothing>
 <clothing>
  <id>
   535277228
  </id>
  <name>
   New Balance Skirt K-9755
  </name>
  <category>
   Skirt
  </category>
  <size>
   XL
  </size>
  <color>
   Зеленый
  </color>
  <material>
   Полиэстер
  </material>
  <price>
   441495
  </price>
  <rating>
   1.33
  </rating>
  <reviews>
   126718
  </reviews>
  <new>
   -
  </new>
  <sporty>
   no
  </sporty>
 </clothing>
 <clothing>
  <id>
   627163886
  </id>
  <name>
   Vans Belts G-1084
  </name>
  <category>
   Belts
  </category>
  <size>
   S
  </size>
  <color>
   Зеленый
  </color>
  <material>
   Хлопок
  </material>
  <price>
   330462
  </price>
  <rating>
   3.19
  </rating>
  <reviews>
   751840
  </reviews>
  <new>
   -
  </new>
  <sporty>
   no
  </sporty>
 </clothing>
 <clothing>
  <id>
   445024256
  </id>
  <name>
   Vans Pants A-5129
  </name>
  <category>
   Pants
  </category>
  <size>
   L
  </size>
  <color>
   Зеленый
  </color>
  <material>
   Хлопок
  </material>
  <price>
   375083
  </price>
  <rating>
   4.69
  </rating>
  <reviews>
   874605
  </reviews>
  <sporty>
   no
  </sporty>
 </clothing>
 <clothing>
  <id>
   273166853
  </id>
  <name>
   DC Handbags P-5530
  </name>
  <category>
   Handbags
  </category>
  <size>
   XXL
  </size>
  <color>
   Зеленый
  </color>
  <material>
   Вискоза
  </material>
  <price>
   302850
  </price>
  <rating>
   4.85
  </rating>
  <reviews>
   371320
  </reviews>
  <new>
   -
  </new>
  <exclusive>
   no
  </exclusive>
  <sporty>
   no
  </sporty>
 </clothing>
 <clothing>
  <id>
   873193012
  </id>
  <name>
   New Balance Skirt D-3141
  </name>
  <category>
   Skirt
  </category>
  <size>
   XXL
  </size>
  <color>
   Зеленый
  </color>
  <material>
   Шерсть
  </material>
  <price>
   194265
  </price>
  <rating>
   1.35
  </rating>
  <reviews>
   556295
  </reviews>
  <new>
   -
  </new>
  <sporty>
   yes
  </sporty>
 </clothing>
 <clothing>
  <id>
   609739111
  </id>
  <name>
   Reebok Gloves O-1235
  </name>
  <category>
   Gloves
  </category>
  <size>
   L
  </size>
  <color>
   Красный
  </color>
  <material>
   Хлопок
  </material>
  <price>
   451695
  </price>
  <rating>
   3.93
  </rating>
  <reviews>
   6419
  </reviews>
  <new>
   +
  </new>
  <exclusive>
   no
  </exclusive>
 </clothing>
 <clothing>
  <id>
   354744661
  </id>
  <name>
   Lacoste Hat W-5395
  </name>
  <category>
   Hat
  </category>
  <size>
   XXL
  </size>
  <color>
   Синий
  </color>
  <material>
   Хлопок
  </material>
  <price>
   279149
  </price>
  <rating>
   2.15
  </rating>
  <reviews>
   21008
  </reviews>
  <new>
   +
  </new>
  <exclusive>
   no
  </exclusive>
 </clothing>
 <clothing>
  <id>
   642463616
  </id>
  <name>
   PleinSport Jeans T-8383
  </name>
  <category>
   Jeans
  </category>
  <size>
   S
  </size>
  <color>
   Оранжевый
  </color>
  <material>
   Лен
  </material>
  <price>
   787729
  </price>
  <rating>
   2.86
  </rating>
  <reviews>
   299666
  </reviews>
  <new>
   +
  </new>
  <exclusive>
   no
  </exclusive>
  <sporty>
   no
  </sporty>
 </clothing>
 <clothing>
  <id>
   624904023
  </id>
  <name>
   Nike Shoes C-7097
  </name>
  <category>
   Shoes
  </category>
  <size>
   L
  </size>
  <color>
   Желтый
  </color>
  <material>
   Лен
  </material>
  <price>
   253261
  </price>
  <rating>
   2.51
  </rating>
  <reviews>
   842674
  </reviews>
  <new>
   -
  </new>
  <exclusive>
   yes
  </exclusive>
 </clothing>
 <clothing>
  <id>
   777303440
  </id>
  <name>
   New Balance Shoes A-5065
  </name>
  <category>
   Shoes
  </category>
  <size>
   S
  </size>
  <color>
   Желтый
  </color>
  <material>
   Нейлон
  </material>
  <price>
   624107
  </price>
  <rating>
   3.46
  </rating>
  <reviews>
   286680
  </reviews>
  <new>
   -
  </new>
  <exclusive>
   no
  </exclusive>
  <sporty>
   yes
  </sporty>
 </clothing>
 <clothing>
  <id>
   455044361
  </id>
  <name>
   Under Armour Skirt B-7236
  </name>
  <category>
   Skirt
  </category>
  <size>
   XL
  </size>
  <color>
   Желтый
  </color>
  <material>
   Шелк
  </material>
  <price>
   524637
  </price>
  <rating>
   2.11
  </rating>
  <reviews>
   89271
  </reviews>
  <new>
   +
  </new>
  <exclusive>
   yes
  </exclusive>
  <sporty>
   no
  </sporty>
 </clothing>
 <clothing>
  <id>
   421468784
  </id>
  <name>
   Adidas Gloves C-2219
  </name>
  <category>
   Gloves
  </category>
  <size>
   L
  </size>
  <color>
   Фиолетовый
  </color>
  <material>
   Лен
  </material>
  <price>
   773471
  </price>
  <rating>
   3.69
  </rating>
  <reviews>
   674291
  </reviews>
  <sporty>
   yes
  </sporty>
 </clothing>
 <clothing>
  <id>
   209675074
  </id>
  <name>
   Addidas Hat C-7739
  </name>
  <category>
   Hat
  </category>
  <size>
   XXL
  </size>
  <color>
   Голубой
  </color>
  <material>
   Шелк
  </material>
  <price>
   781528
  </price>
  <rating>
   2.22
  </rating>
  <reviews>
   541409
  </reviews>
  <new>
   +
  </new>
  <exclusive>
   no
  </exclusive>
  <sporty>
   yes
  </sporty>
 </clothing>
 <clothing>
  <id>
   528179927
  </id>
  <name>
   PleinSport Skirt W-4427
  </name>
  <category>
   Skirt
  </category>
  <size>
   M
  </size>
  <color>
   Зеленый
  </color>
  <material>
   Шерсть
  </material>
  <price>
   907002
  </price>
  <rating>
   2.55
  </rating>
  <reviews>
   466278
  </reviews>
  <new>
   -
  </new>
  <exclusive>
   no
  </exclusive>
  <sporty>
   no
  </sporty>
 </clothing>
 <clothing>
  <id>
   466428096
  </id>
  <name>
   New Balance Pants K-4072
  </name>
  <category>
   Pants
  </category>
  <size>
   S
  </size>
  <color>
   Желтый
  </color>
  <material>
   Шерсть
  </material>
  <price>
   792518
  </price>
  <rating>
   3.26
  </rating>
  <reviews>
   945617
  </reviews>
  <new>
   -
  </new>
  <exclusive>
   no
  </exclusive>
 </clothing>
 <clothing>
  <id>
   542640296
  </id>
  <name>
   Vans Belts K-3358
  </name>
  <category>
   Belts
  </category>
  <size>
   M
  </size>
  <color>
   Оранжевый
  </color>
  <material>
   Вискоза
  </material>
  <price>
   706826
  </price>
  <rating>
   2.83
  </rating>
  <reviews>
   484835
  </reviews>
  <exclusive>
   yes
  </exclusive>
  <sporty>
   yes
  </sporty>
 </clothing>
 <clothing>
  <id>
   210733996
  </id>
  <name>
   Ellesse Shirt W-8475
  </name>
  <category>
   Shirt
  </category>
  <size>
   XL
  </size>
  <color>
   Красный
  </color>
  <material>
   Кожа
  </material>
  <price>
   257922
  </price>
  <rating>
   4.27
  </rating>
  <reviews>
   576722
  </reviews>
 </clothing>
 <clothing>
  <id>
   746388809
  </id>
  <name>
   Ellesse Jeans F-7570
  </name>
  <category>
   Jeans
  </category>
  <size>
   XL
  </size>
  <color>
   Красный
  </color>
  <material>
   Кожа
  </material>
  <price>
   222379
  </price>
  <rating>
   2.08
  </rating>
  <reviews>
   768187
  </reviews>
  <new>
   +
  </new>
 </clothing>
 <clothing>
  <id>
   290060290
  </id>
  <name>
   Under Armour Sweater U-7324
  </name>
  <category>
   Sweater
  </category>
  <size>
   M
  </size>
  <color>
   Желтый
  </color>
  <material>
   Шерсть
  </material>
  <price>
   375546
  </price>
  <rating>
   4.42
  </rating>
  <reviews>
   933048
  </reviews>
  <new>
   -
  </new>
  <exclusive>
   yes
  </exclusive>
 </clothing>
 <clothing>
  <id>
   591831680
  </id>
  <name>
   Puma Dress Q-9913
  </name>
  <category>
   Dress
  </category>
  <size>
   L
  </size>
  <color>
   Красный
  </color>
  <material>
   Кожа
  </material>
  <price>
   898377
  </price>
  <rating>
   2.38
  </rating>
  <reviews>
   550987
  </reviews>
  <exclusive>
   no
  </exclusive>
 </clothing>
 <clothing>
  <id>
   579123808
  </id>
  <name>
   Addidas Jeans I-8425
  </name>
  <category>
   Jeans
  </category>
  <size>
   XXL
  </size>
  <color>
   Оранжевый
  </color>
  <material>
   Полиэстер
  </material>
  <price>
   869126
  </price>
  <rating>
   1.66
  </rating>
  <reviews>
   38727
  </reviews>
  <new>
   -
  </new>
  <exclusive>
   no
  </exclusive>
  <sporty>
   no
  </sporty>
 </clothing>
 <clothing>
  <id>
   448718802
  </id>
  <name>
   Converse Pants T-1093
  </name>
  <category>
   Pants
  </category>
  <size>
   S
  </size>
  <color>
   Оранжевый
  </color>
  <material>
   Хлопок
  </material>
  <price>
   135932
  </price>
  <rating>
   1.59
  </rating>
  <reviews>
   496818
  </reviews>
  <exclusive>
   no
  </exclusive>
 </clothing>
 <clothing>
  <id>
   630221926
  </id>
  <name>
   DC Gloves R-8491
  </name>
  <category>
   Gloves
  </category>
  <size>
   S
  </size>
  <color>
   Желтый
  </color>
  <material>
   Полиэстер
  </material>
  <price>
   898348
  </price>
  <rating>
   2.63
  </rating>
  <reviews>
   880137
  </reviews>
  <sporty>
   yes
  </sporty>
 </clothing>
 <clothing>
  <id>
   503301504
  </id>
  <name>
   Brooks Shoes D-4913
  </name>
  <category>
   Shoes
  </category>
  <size>
   S
  </size>
  <color>
   Желтый
  </color>
  <material>
   Хлопок
  </material>
  <price>
   383181
  </price>
  <rating>
   2.52
  </rating>
  <reviews>
   731225
  </reviews>
  <new>
   +
  </new>
  <exclusive>
   yes
  </exclusive>
  <sporty>
   no
  </sporty>
 </clothing>
 <clothing>
  <id>
   770251657
  </id>
  <name>
   Adidas Sweater C-3720
  </name>
  <category>
   Sweater
  </category>
  <size>
   L
  </size>
  <color>
   Фиолетовый
  </color>
  <material>
   Вискоза
  </material>
  <price>
   127365
  </price>
  <rating>
   1.65
  </rating>
  <reviews>
   982207
  </reviews>
  <new>
   +
  </new>
  <exclusive>
   no
  </exclusive>
  <sporty>
   yes
  </sporty>
 </clothing>
 <clothing>
  <id>
   632517875
  </id>
  <name>
   Addidas Sweater E-5489
  </name>
  <category>
   Sweater
  </category>
  <size>
   XL
  </size>
  <color>
   Оранжевый
  </color>
  <material>
   Лен
  </material>
  <price>
   835375
  </price>
  <rating>
   2.51
  </rating>
  <reviews>
   450392
  </reviews>
  <new>
   -
  </new>
  <exclusive>
   yes
  </exclusive>
 </clothing>
 <clothing>
  <id>
   374161975
  </id>
  <name>
   Asics Shirt D-1658
  </name>
  <category>
   Shirt
  </category>
  <size>
   S
  </size>
  <color>
   Желтый
  </color>
  <material>
   Кожа
  </material>
  <price>
   338139
  </price>
  <rating>
   2.53
  </rating>
  <reviews>
   876712
  </reviews>
  <new>
   -
  </new>
  <exclusive>
   yes
  </exclusive>
  <sporty>
   no
  </sporty>
 </clothing>
 <clothing>
  <id>
   860901219
  </id>
  <name>
   Adidas Jacket R-3963
  </name>
  <category>
   Jacket
  </category>
  <size>
   XL
  </size>
  <color>
   Красный
  </color>
  <material>
   Кожа
  </material>
  <price>
   406294
  </price>
  <rating>
   3.09
  </rating>
  <reviews>
   62563
  </reviews>
  <new>
   +
  </new>
  <exclusive>
   yes
  </exclusive>
 </clothing>
 <clothing>
  <id>
   963710664
  </id>
  <name>
   New Balance T-shirt N-6263
  </name>
  <category>
   T-shirt
  </category>
  <size>
   XL
  </size>
  <color>
   Желтый
  </color>
  <material>
   Вискоза
  </material>
  <price>
   981764
  </price>
  <rating>
   2.69
  </rating>
  <reviews>
   989037
  </reviews>
  <sporty>
   yes
  </sporty>
 </clothing>
 <clothing>
  <id>
   769828311
  </id>
  <name>
   Converse T-shirt V-6739
  </name>
  <category>
   T-shirt
  </category>
  <size>
   XL
  </size>
  <color>
   Зеленый
  </color>
  <material>
   Лен
  </material>
  <price>
   279024
  </price>
  <rating>
   4.34
  </rating>
  <reviews>
   219395
  </reviews>
  <new>
   -
  </new>
  <sporty>
   no
  </sporty>
 </clothing>
 <clothing>
  <id>
   189644880
  </id>
  <name>
   Converse Jacket P-8196
  </name>
  <category>
   Jacket
  </category>
  <size>
   L
  </size>
  <color>
   Фиолетовый
  </color>
  <material>
   Кожа
  </material>
  <price>
   701779
  </price>
  <rating>
   4.7
  </rating>
  <reviews>
   775744
  </reviews>
  <new>
   -
  </new>
  <sporty>
   yes
  </sporty>
 </clothing>
 <clothing>
  <id>
   649188162
  </id>
  <name>
   Vans Socks R-5514
  </name>
  <category>
   Socks
  </category>
  <size>
   L
  </size>
  <color>
   Фиолетовый
  </color>
  <material>
   Шелк
  </material>
  <price>
   357109
  </price>
  <rating>
   1.72
  </rating>
  <reviews>
   651683
  </reviews>
  <new>
   +
  </new>
  <exclusive>
   yes
  </exclusive>
  <sporty>
   yes
  </sporty>
 </clothing>
 <clothing>
  <id>
   242684670
  </id>
  <name>
   Addidas Pants L-7657
  </name>
  <category>
   Pants
  </category>
  <size>
   L
  </size>
  <color>
   Красный
  </color>
  <material>
   Нейлон
  </material>
  <price>
   372943
  </price>
  <rating>
   1.6
  </rating>
  <reviews>
   111183
  </reviews>
  <exclusive>
   no
  </exclusive>
 </clothing>
 <clothing>
  <id>
   141320324
  </id>
  <name>
   DC Hat P-1954
  </name>
  <category>
   Hat
  </category>
  <size>
   XL
  </size>
  <color>
   Оранжевый
  </color>
  <material>
   Хлопок
  </material>
  <price>
   878788
  </price>
  <rating>
   1.13
  </rating>
  <reviews>
   571613
  </reviews>
  <new>
   -
  </new>
  <sporty>
   yes
  </sporty>
 </clothing>
 <clothing>
  <id>
   829450247
  </id>
  <name>
   Reebok Handbags L-4999
  </name>
  <category>
   Handbags
  </category>
  <size>
   XL
  </size>
  <color>
   Голубой
  </color>
  <material>
   Шелк
  </material>
  <price>
   221742
  </price>
  <rating>
   1.93
  </rating>
  <reviews>
   135174
  </reviews>
  <sporty>
   no
  </sporty>
 </clothing>
</clothing-items>
