<?xml version="1.0" encoding="utf-8"?>
<clothing-items>
 <clothing>
  <id>
   646958922
  </id>
  <name>
   Adidas Skirt F-4693
  </name>
  <category>
   Skirt
  </category>
  <size>
   L
  </size>
  <color>
   Красный
  </color>
  <material>
   Нейлон
  </material>
  <price>
   204698
  </price>
  <rating>
   2.17
  </rating>
  <reviews>
   442346
  </reviews>
  <sporty>
   no
  </sporty>
 </clothing>
 <clothing>
  <id>
   964123258
  </id>
  <name>
   New Balance Blouse F-3305
  </name>
  <category>
   Blouse
  </category>
  <size>
   XL
  </size>
  <color>
   Зеленый
  </color>
  <material>
   Шерсть
  </material>
  <price>
   185302
  </price>
  <rating>
   2.45
  </rating>
  <reviews>
   213954
  </reviews>
  <exclusive>
   no
  </exclusive>
  <sporty>
   yes
  </sporty>
 </clothing>
 <clothing>
  <id>
   681535946
  </id>
  <name>
   Addidas Hat S-8446
  </name>
  <category>
   Hat
  </category>
  <size>
   M
  </size>
  <color>
   Зеленый
  </color>
  <material>
   Полиэстер
  </material>
  <price>
   143164
  </price>
  <rating>
   3.83
  </rating>
  <reviews>
   481324
  </reviews>
  <exclusive>
   no
  </exclusive>
  <sporty>
   no
  </sporty>
 </clothing>
 <clothing>
  <id>
   628477893
  </id>
  <name>
   Nike Belts N-5966
  </name>
  <category>
   Belts
  </category>
  <size>
   XL
  </size>
  <color>
   Зеленый
  </color>
  <material>
   Шерсть
  </material>
  <price>
   363269
  </price>
  <rating>
   1.86
  </rating>
  <reviews>
   874013
  </reviews>
  <new>
   +
  </new>
  <exclusive>
   yes
  </exclusive>
  <sporty>
   yes
  </sporty>
 </clothing>
 <clothing>
  <id>
   512625713
  </id>
  <name>
   Addidas T-shirt B-5500
  </name>
  <category>
   T-shirt
  </category>
  <size>
   L
  </size>
  <color>
   Красный
  </color>
  <material>
   Кожа
  </material>
  <price>
   869235
  </price>
  <rating>
   3.72
  </rating>
  <reviews>
   688380
  </reviews>
  <new>
   -
  </new>
  <exclusive>
   yes
  </exclusive>
  <sporty>
   no
  </sporty>
 </clothing>
 <clothing>
  <id>
   172489138
  </id>
  <name>
   DC Shoes Z-3167
  </name>
  <category>
   Shoes
  </category>
  <size>
   S
  </size>
  <color>
   Фиолетовый
  </color>
  <material>
   Кожа
  </material>
  <price>
   452956
  </price>
  <rating>
   2.18
  </rating>
  <reviews>
   214931
  </reviews>
  <new>
   -
  </new>
  <exclusive>
   no
  </exclusive>
  <sporty>
   no
  </sporty>
 </clothing>
 <clothing>
  <id>
   602231812
  </id>
  <name>
   Lacoste Pants V-6883
  </name>
  <category>
   Pants
  </category>
  <size>
   XL
  </size>
  <color>
   Зеленый
  </color>
  <material>
   Шерсть
  </material>
  <price>
   230737
  </price>
  <rating>
   4.97
  </rating>
  <reviews>
   170973
  </reviews>
  <exclusive>
   yes
  </exclusive>
 </clothing>
 <clothing>
  <id>
   599748867
  </id>
  <name>
   Converse Shoes D-7013
  </name>
  <category>
   Shoes
  </category>
  <size>
   XL
  </size>
  <color>
   Синий
  </color>
  <material>
   Полиэстер
  </material>
  <price>
   708531
  </price>
  <rating>
   1.43
  </rating>
  <reviews>
   982727
  </reviews>
  <exclusive>
   yes
  </exclusive>
 </clothing>
 <clothing>
  <id>
   932060051
  </id>
  <name>
   Addidas Sweater F-1653
  </name>
  <category>
   Sweater
  </category>
  <size>
   M
  </size>
  <color>
   Желтый
  </color>
  <material>
   Шерсть
  </material>
  <price>
   831863
  </price>
  <rating>
   2.41
  </rating>
  <reviews>
   484983
  </reviews>
  <new>
   -
  </new>
  <sporty>
   yes
  </sporty>
 </clothing>
 <clothing>
  <id>
   426942615
  </id>
  <name>
   Lacoste Jacket B-2182
  </name>
  <category>
   Jacket
  </category>
  <size>
   M
  </size>
  <color>
   Синий
  </color>
  <material>
   Шелк
  </material>
  <price>
   429303
  </price>
  <rating>
   1.71
  </rating>
  <reviews>
   472821
  </reviews>
  <new>
   -
  </new>
  <exclusive>
   no
  </exclusive>
  <sporty>
   yes
  </sporty>
 </clothing>
 <clothing>
  <id>
   898136294
  </id>
  <name>
   PleinSport Socks M-1124
  </name>
  <category>
   Socks
  </category>
  <size>
   M
  </size>
  <color>
   Голубой
  </color>
  <material>
   Нейлон
  </material>
  <price>
   526998
  </price>
  <rating>
   2.78
  </rating>
  <reviews>
   495982
  </reviews>
  <exclusive>
   no
  </exclusive>
  <sporty>
   no
  </sporty>
 </clothing>
 <clothing>
  <id>
   214147388
  </id>
  <name>
   DC Belts O-1894
  </name>
  <category>
   Belts
  </category>
  <size>
   L
  </size>
  <color>
   Зеленый
  </color>
  <material>
   Вискоза
  </material>
  <price>
   751272
  </price>
  <rating>
   4.69
  </rating>
  <reviews>
   752208
  </reviews>
  <new>
   -
  </new>
  <exclusive>
   no
  </exclusive>
 </clothing>
 <clothing>
  <id>
   399212116
  </id>
  <name>
   Puma Jacket S-3427
  </name>
  <category>
   Jacket
  </category>
  <size>
   XXL
  </size>
  <color>
   Красный
  </color>
  <material>
   Вискоза
  </material>
  <price>
   796470
  </price>
  <rating>
   2.66
  </rating>
  <reviews>
   530880
  </reviews>
  <new>
   -
  </new>
 </clothing>
 <clothing>
  <id>
   817534529
  </id>
  <name>
   Under Armour Jeans F-6023
  </name>
  <category>
   Jeans
  </category>
  <size>
   S
  </size>
  <color>
   Оранжевый
  </color>
  <material>
   Вискоза
  </material>
  <price>
   189749
  </price>
  <rating>
   2.6
  </rating>
  <reviews>
   64971
  </reviews>
  <new>
   +
  </new>
  <exclusive>
   no
  </exclusive>
  <sporty>
   no
  </sporty>
 </clothing>
 <clothing>
  <id>
   914858680
  </id>
  <name>
   New Balance Handbags U-1833
  </name>
  <category>
   Handbags
  </category>
  <size>
   L
  </size>
  <color>
   Зеленый
  </color>
  <material>
   Хлопок
  </material>
  <price>
   805541
  </price>
  <rating>
   2.41
  </rating>
  <reviews>
   248983
  </reviews>
  <new>
   -
  </new>
  <sporty>
   yes
  </sporty>
 </clothing>
 <clothing>
  <id>
   144902512
  </id>
  <name>
   PleinSport Shoes A-6957
  </name>
  <category>
   Shoes
  </category>
  <size>
   L
  </size>
  <color>
   Красный
  </color>
  <material>
   Нейлон
  </material>
  <price>
   739726
  </price>
  <rating>
   2.37
  </rating>
  <reviews>
   765031
  </reviews>
  <exclusive>
   yes
  </exclusive>
  <sporty>
   no
  </sporty>
 </clothing>
 <clothing>
  <id>
   678650437
  </id>
  <name>
   Nike Hat T-7967
  </name>
  <category>
   Hat
  </category>
  <size>
   S
  </size>
  <color>
   Голубой
  </color>
  <material>
   Полиэстер
  </material>
  <price>
   385510
  </price>
  <rating>
   3.04
  </rating>
  <reviews>
   743298
  </reviews>
  <sporty>
   no
  </sporty>
 </clothing>
 <clothing>
  <id>
   621155309
  </id>
  <name>
   Reebok Jeans D-5986
  </name>
  <category>
   Jeans
  </category>
  <size>
   XL
  </size>
  <color>
   Синий
  </color>
  <material>
   Шерсть
  </material>
  <price>
   746861
  </price>
  <rating>
   1.47
  </rating>
  <reviews>
   371486
  </reviews>
  <exclusive>
   no
  </exclusive>
 </clothing>
 <clothing>
  <id>
   322276973
  </id>
  <name>
   Under Armour Belts X-8093
  </name>
  <category>
   Belts
  </category>
  <size>
   XL
  </size>
  <color>
   Синий
  </color>
  <material>
   Нейлон
  </material>
  <price>
   590978
  </price>
  <rating>
   4.25
  </rating>
  <reviews>
   361946
  </reviews>
  <exclusive>
   yes
  </exclusive>
  <sporty>
   yes
  </sporty>
 </clothing>
 <clothing>
  <id>
   140285175
  </id>
  <name>
   Converse Handbags D-2949
  </name>
  <category>
   Handbags
  </category>
  <size>
   L
  </size>
  <color>
   Желтый
  </color>
  <material>
   Нейлон
  </material>
  <price>
   522725
  </price>
  <rating>
   2.58
  </rating>
  <reviews>
   96354
  </reviews>
  <new>
   -
  </new>
  <sporty>
   no
  </sporty>
 </clothing>
 <clothing>
  <id>
   515315668
  </id>
  <name>
   Addidas Umbrellas L-5167
  </name>
  <category>
   Umbrellas
  </category>
  <size>
   L
  </size>
  <color>
   Голубой
  </color>
  <material>
   Шелк
  </material>
  <price>
   256881
  </price>
  <rating>
   1.17
  </rating>
  <reviews>
   165501
  </reviews>
  <new>
   -
  </new>
  <exclusive>
   no
  </exclusive>
  <sporty>
   yes
  </sporty>
 </clothing>
 <clothing>
  <id>
   917905246
  </id>
  <name>
   Puma Sweater F-3239
  </name>
  <category>
   Sweater
  </category>
  <size>
   XL
  </size>
  <color>
   Синий
  </color>
  <material>
   Шерсть
  </material>
  <price>
   711937
  </price>
  <rating>
   2.86
  </rating>
  <reviews>
   886309
  </reviews>
  <new>
   -
  </new>
  <exclusive>
   no
  </exclusive>
  <sporty>
   no
  </sporty>
 </clothing>
 <clothing>
  <id>
   177246415
  </id>
  <name>
   DC Jeans Q-7262
  </name>
  <category>
   Jeans
  </category>
  <size>
   M
  </size>
  <color>
   Синий
  </color>
  <material>
   Лен
  </material>
  <price>
   232213
  </price>
  <rating>
   3.13
  </rating>
  <reviews>
   975040
  </reviews>
  <exclusive>
   yes
  </exclusive>
  <sporty>
   no
  </sporty>
 </clothing>
 <clothing>
  <id>
   148410655
  </id>
  <name>
   Vans Belts X-1543
  </name>
  <category>
   Belts
  </category>
  <size>
   M
  </size>
  <color>
   Голубой
  </color>
  <material>
   Шелк
  </material>
  <price>
   926602
  </price>
  <rating>
   2.23
  </rating>
  <reviews>
   598797
  </reviews>
  <new>
   +
  </new>
  <exclusive>
   yes
  </exclusive>
 </clothing>
 <clothing>
  <id>
   236070305
  </id>
  <name>
   Lacoste Sweater F-3572
  </name>
  <category>
   Sweater
  </category>
  <size>
   S
  </size>
  <color>
   Красный
  </color>
  <material>
   Полиэстер
  </material>
  <price>
   700499
  </price>
  <rating>
   1.71
  </rating>
  <reviews>
   342707
  </reviews>
  <new>
   -
  </new>
  <exclusive>
   no
  </exclusive>
  <sporty>
   no
  </sporty>
 </clothing>
 <clothing>
  <id>
   687427027
  </id>
  <name>
   Vans Shirt D-2659
  </name>
  <category>
   Shirt
  </category>
  <size>
   L
  </size>
  <color>
   Голубой
  </color>
  <material>
   Лен
  </material>
  <price>
   382790
  </price>
  <rating>
   2.55
  </rating>
  <reviews>
   899778
  </reviews>
  <new>
   -
  </new>
  <exclusive>
   no
  </exclusive>
 </clothing>
 <clothing>
  <id>
   144131718
  </id>
  <name>
   PleinSport Dress V-1756
  </name>
  <category>
   Dress
  </category>
  <size>
   XL
  </size>
  <color>
   Желтый
  </color>
  <material>
   Полиэстер
  </material>
  <price>
   980628
  </price>
  <rating>
   4.43
  </rating>
  <reviews>
   618055
  </reviews>
  <exclusive>
   yes
  </exclusive>
  <sporty>
   yes
  </sporty>
 </clothing>
 <clothing>
  <id>
   526187631
  </id>
  <name>
   Under Armour Belts G-9347
  </name>
  <category>
   Belts
  </category>
  <size>
   M
  </size>
  <color>
   Синий
  </color>
  <material>
   Кожа
  </material>
  <price>
   284731
  </price>
  <rating>
   4.96
  </rating>
  <reviews>
   506870
  </reviews>
  <new>
   +
  </new>
  <exclusive>
   yes
  </exclusive>
  <sporty>
   no
  </sporty>
 </clothing>
 <clothing>
  <id>
   394603028
  </id>
  <name>
   Converse Gloves B-3215
  </name>
  <category>
   Gloves
  </category>
  <size>
   XL
  </size>
  <color>
   Фиолетовый
  </color>
  <material>
   Вискоза
  </material>
  <price>
   701107
  </price>
  <rating>
   3.92
  </rating>
  <reviews>
   930232
  </reviews>
 </clothing>
 <clothing>
  <id>
   885447440
  </id>
  <name>
   Converse T-shirt T-1406
  </name>
  <category>
   T-shirt
  </category>
  <size>
   XXL
  </size>
  <color>
   Фиолетовый
  </color>
  <material>
   Полиэстер
  </material>
  <price>
   142420
  </price>
  <rating>
   2.77
  </rating>
  <reviews>
   821268
  </reviews>
  <new>
   +
  </new>
  <exclusive>
   yes
  </exclusive>
 </clothing>
 <clothing>
  <id>
   949293810
  </id>
  <name>
   Lacoste Skirt O-8016
  </name>
  <category>
   Skirt
  </category>
  <size>
   XL
  </size>
  <color>
   Оранжевый
  </color>
  <material>
   Шерсть
  </material>
  <price>
   300179
  </price>
  <rating>
   1.84
  </rating>
  <reviews>
   882123
  </reviews>
  <new>
   -
  </new>
  <exclusive>
   yes
  </exclusive>
 </clothing>
</clothing-items>
