<?xml version="1.0" encoding="utf-8"?>
<clothing-items>
 <clothing>
  <id>
   107963862
  </id>
  <name>
   Vans Pants J-5091
  </name>
  <category>
   Pants
  </category>
  <size>
   L
  </size>
  <color>
   Красный
  </color>
  <material>
   Нейлон
  </material>
  <price>
   743652
  </price>
  <rating>
   2.17
  </rating>
  <reviews>
   582871
  </reviews>
  <new>
   -
  </new>
  <exclusive>
   no
  </exclusive>
  <sporty>
   no
  </sporty>
 </clothing>
 <clothing>
  <id>
   708586089
  </id>
  <name>
   Ellesse Jeans D-4153
  </name>
  <category>
   Jeans
  </category>
  <size>
   XXL
  </size>
  <color>
   Синий
  </color>
  <material>
   Вискоза
  </material>
  <price>
   961933
  </price>
  <rating>
   1.21
  </rating>
  <reviews>
   301770
  </reviews>
  <new>
   +
  </new>
  <exclusive>
   no
  </exclusive>
 </clothing>
 <clothing>
  <id>
   130572980
  </id>
  <name>
   Fila Shirt R-8563
  </name>
  <category>
   Shirt
  </category>
  <size>
   XL
  </size>
  <color>
   Фиолетовый
  </color>
  <material>
   Кожа
  </material>
  <price>
   948268
  </price>
  <rating>
   3.79
  </rating>
  <reviews>
   556710
  </reviews>
  <new>
   -
  </new>
  <exclusive>
   no
  </exclusive>
 </clothing>
 <clothing>
  <id>
   692115057
  </id>
  <name>
   Vans Sweater O-8570
  </name>
  <category>
   Sweater
  </category>
  <size>
   XL
  </size>
  <color>
   Голубой
  </color>
  <material>
   Лен
  </material>
  <price>
   133192
  </price>
  <rating>
   4.11
  </rating>
  <reviews>
   653069
  </reviews>
  <exclusive>
   no
  </exclusive>
  <sporty>
   no
  </sporty>
 </clothing>
 <clothing>
  <id>
   753159151
  </id>
  <name>
   New Balance Hat W-3596
  </name>
  <category>
   Hat
  </category>
  <size>
   M
  </size>
  <color>
   Синий
  </color>
  <material>
   Вискоза
  </material>
  <price>
   291632
  </price>
  <rating>
   3.63
  </rating>
  <reviews>
   819810
  </reviews>
  <exclusive>
   no
  </exclusive>
  <sporty>
   yes
  </sporty>
 </clothing>
 <clothing>
  <id>
   944304867
  </id>
  <name>
   Fila Dress H-2836
  </name>
  <category>
   Dress
  </category>
  <size>
   XL
  </size>
  <color>
   Голубой
  </color>
  <material>
   Нейлон
  </material>
  <price>
   963947
  </price>
  <rating>
   2.22
  </rating>
  <reviews>
   184085
  </reviews>
  <exclusive>
   yes
  </exclusive>
  <sporty>
   no
  </sporty>
 </clothing>
 <clothing>
  <id>
   517576211
  </id>
  <name>
   Asics Skirt I-8699
  </name>
  <category>
   Skirt
  </category>
  <size>
   XXL
  </size>
  <color>
   Зеленый
  </color>
  <material>
   Шерсть
  </material>
  <price>
   380554
  </price>
  <rating>
   3.06
  </rating>
  <reviews>
   903226
  </reviews>
  <new>
   +
  </new>
  <sporty>
   yes
  </sporty>
 </clothing>
 <clothing>
  <id>
   917019806
  </id>
  <name>
   PleinSport Jacket E-1463
  </name>
  <category>
   Jacket
  </category>
  <size>
   XXL
  </size>
  <color>
   Голубой
  </color>
  <material>
   Лен
  </material>
  <price>
   509636
  </price>
  <rating>
   3.08
  </rating>
  <reviews>
   316480
  </reviews>
  <exclusive>
   yes
  </exclusive>
  <sporty>
   no
  </sporty>
 </clothing>
 <clothing>
  <id>
   158824867
  </id>
  <name>
   Lacoste Dress Z-4385
  </name>
  <category>
   Dress
  </category>
  <size>
   S
  </size>
  <color>
   Оранжевый
  </color>
  <material>
   Шерсть
  </material>
  <price>
   934627
  </price>
  <rating>
   2.73
  </rating>
  <reviews>
   69900
  </reviews>
  <new>
   -
  </new>
  <exclusive>
   no
  </exclusive>
  <sporty>
   yes
  </sporty>
 </clothing>
 <clothing>
  <id>
   876579039
  </id>
  <name>
   Fila Blouse Q-4851
  </name>
  <category>
   Blouse
  </category>
  <size>
   XL
  </size>
  <color>
   Желтый
  </color>
  <material>
   Кожа
  </material>
  <price>
   343567
  </price>
  <rating>
   2.62
  </rating>
  <reviews>
   632610
  </reviews>
  <new>
   -
  </new>
  <exclusive>
   yes
  </exclusive>
 </clothing>
 <clothing>
  <id>
   865786043
  </id>
  <name>
   Nike Blouse B-5933
  </name>
  <category>
   Blouse
  </category>
  <size>
   M
  </size>
  <color>
   Голубой
  </color>
  <material>
   Вискоза
  </material>
  <price>
   937863
  </price>
  <rating>
   3.39
  </rating>
  <reviews>
   175024
  </reviews>
  <new>
   +
  </new>
 </clothing>
 <clothing>
  <id>
   111793864
  </id>
  <name>
   Puma Jacket V-5232
  </name>
  <category>
   Jacket
  </category>
  <size>
   M
  </size>
  <color>
   Желтый
  </color>
  <material>
   Шелк
  </material>
  <price>
   130411
  </price>
  <rating>
   3.38
  </rating>
  <reviews>
   516799
  </reviews>
  <new>
   +
  </new>
  <sporty>
   no
  </sporty>
 </clothing>
 <clothing>
  <id>
   960087856
  </id>
  <name>
   Puma Gloves T-1916
  </name>
  <category>
   Gloves
  </category>
  <size>
   L
  </size>
  <color>
   Фиолетовый
  </color>
  <material>
   Полиэстер
  </material>
  <price>
   366332
  </price>
  <rating>
   1.05
  </rating>
  <reviews>
   181564
  </reviews>
  <new>
   -
  </new>
  <exclusive>
   no
  </exclusive>
  <sporty>
   yes
  </sporty>
 </clothing>
</clothing-items>
