<?xml version="1.0" encoding="utf-8"?>
<clothing-items>
 <clothing>
  <id>
   721075080
  </id>
  <name>
   Converse Dress X-4767
  </name>
  <category>
   Dress
  </category>
  <size>
   L
  </size>
  <color>
   Голубой
  </color>
  <material>
   Вискоза
  </material>
  <price>
   401572
  </price>
  <rating>
   1.85
  </rating>
  <reviews>
   418093
  </reviews>
  <new>
   +
  </new>
  <exclusive>
   no
  </exclusive>
  <sporty>
   no
  </sporty>
 </clothing>
 <clothing>
  <id>
   542266707
  </id>
  <name>
   Fila Gloves P-1368
  </name>
  <category>
   Gloves
  </category>
  <size>
   XL
  </size>
  <color>
   Синий
  </color>
  <material>
   Шелк
  </material>
  <price>
   805739
  </price>
  <rating>
   2.51
  </rating>
  <reviews>
   710194
  </reviews>
  <new>
   -
  </new>
  <sporty>
   no
  </sporty>
 </clothing>
 <clothing>
  <id>
   172910845
  </id>
  <name>
   Adidas Blouse F-6801
  </name>
  <category>
   Blouse
  </category>
  <size>
   M
  </size>
  <color>
   Зеленый
  </color>
  <material>
   Кожа
  </material>
  <price>
   773866
  </price>
  <rating>
   1.11
  </rating>
  <reviews>
   580034
  </reviews>
  <new>
   -
  </new>
 </clothing>
 <clothing>
  <id>
   149317069
  </id>
  <name>
   Lacoste Pants O-2543
  </name>
  <category>
   Pants
  </category>
  <size>
   XXL
  </size>
  <color>
   Желтый
  </color>
  <material>
   Кожа
  </material>
  <price>
   545399
  </price>
  <rating>
   1.87
  </rating>
  <reviews>
   944525
  </reviews>
  <new>
   +
  </new>
  <exclusive>
   no
  </exclusive>
  <sporty>
   no
  </sporty>
 </clothing>
 <clothing>
  <id>
   183879503
  </id>
  <name>
   Reebok Skirt H-6682
  </name>
  <category>
   Skirt
  </category>
  <size>
   M
  </size>
  <color>
   Оранжевый
  </color>
  <material>
   Кожа
  </material>
  <price>
   956349
  </price>
  <rating>
   1.96
  </rating>
  <reviews>
   604265
  </reviews>
  <new>
   +
  </new>
  <exclusive>
   no
  </exclusive>
 </clothing>
 <clothing>
  <id>
   110683470
  </id>
  <name>
   New Balance Handbags G-4182
  </name>
  <category>
   Handbags
  </category>
  <size>
   M
  </size>
  <color>
   Зеленый
  </color>
  <material>
   Шерсть
  </material>
  <price>
   564028
  </price>
  <rating>
   3.73
  </rating>
  <reviews>
   922504
  </reviews>
  <new>
   -
  </new>
  <exclusive>
   no
  </exclusive>
 </clothing>
 <clothing>
  <id>
   795868753
  </id>
  <name>
   Adidas Jeans G-1553
  </name>
  <category>
   Jeans
  </category>
  <size>
   S
  </size>
  <color>
   Голубой
  </color>
  <material>
   Шерсть
  </material>
  <price>
   954702
  </price>
  <rating>
   4.01
  </rating>
  <reviews>
   768916
  </reviews>
  <exclusive>
   yes
  </exclusive>
 </clothing>
 <clothing>
  <id>
   505773821
  </id>
  <name>
   Ellesse Handbags I-3416
  </name>
  <category>
   Handbags
  </category>
  <size>
   M
  </size>
  <color>
   Фиолетовый
  </color>
  <material>
   Шерсть
  </material>
  <price>
   989138
  </price>
  <rating>
   1.76
  </rating>
  <reviews>
   51192
  </reviews>
  <new>
   -
  </new>
 </clothing>
 <clothing>
  <id>
   765267080
  </id>
  <name>
   Adidas Jacket A-2901
  </name>
  <category>
   Jacket
  </category>
  <size>
   L
  </size>
  <color>
   Желтый
  </color>
  <material>
   Полиэстер
  </material>
  <price>
   378341
  </price>
  <rating>
   1.24
  </rating>
  <reviews>
   365379
  </reviews>
  <new>
   +
  </new>
  <sporty>
   yes
  </sporty>
 </clothing>
 <clothing>
  <id>
   251969870
  </id>
  <name>
   Addidas Umbrellas U-9598
  </name>
  <category>
   Umbrellas
  </category>
  <size>
   L
  </size>
  <color>
   Зеленый
  </color>
  <material>
   Нейлон
  </material>
  <price>
   924423
  </price>
  <rating>
   2.55
  </rating>
  <reviews>
   610723
  </reviews>
  <new>
   +
  </new>
  <exclusive>
   no
  </exclusive>
  <sporty>
   no
  </sporty>
 </clothing>
 <clothing>
  <id>
   942264621
  </id>
  <name>
   Brooks Shoes E-8629
  </name>
  <category>
   Shoes
  </category>
  <size>
   S
  </size>
  <color>
   Красный
  </color>
  <material>
   Нейлон
  </material>
  <price>
   281712
  </price>
  <rating>
   1.74
  </rating>
  <reviews>
   836813
  </reviews>
  <new>
   +
  </new>
  <exclusive>
   yes
  </exclusive>
  <sporty>
   no
  </sporty>
 </clothing>
 <clothing>
  <id>
   588128830
  </id>
  <name>
   New Balance Jacket D-6665
  </name>
  <category>
   Jacket
  </category>
  <size>
   M
  </size>
  <color>
   Фиолетовый
  </color>
  <material>
   Вискоза
  </material>
  <price>
   603655
  </price>
  <rating>
   3.71
  </rating>
  <reviews>
   525302
  </reviews>
  <new>
   -
  </new>
  <exclusive>
   no
  </exclusive>
  <sporty>
   yes
  </sporty>
 </clothing>
 <clothing>
  <id>
   317924496
  </id>
  <name>
   Lacoste Jacket D-5749
  </name>
  <category>
   Jacket
  </category>
  <size>
   XXL
  </size>
  <color>
   Голубой
  </color>
  <material>
   Вискоза
  </material>
  <price>
   368233
  </price>
  <rating>
   4.49
  </rating>
  <reviews>
   159537
  </reviews>
  <new>
   -
  </new>
  <exclusive>
   no
  </exclusive>
 </clothing>
 <clothing>
  <id>
   314791243
  </id>
  <name>
   Lacoste T-shirt J-6233
  </name>
  <category>
   T-shirt
  </category>
  <size>
   L
  </size>
  <color>
   Синий
  </color>
  <material>
   Нейлон
  </material>
  <price>
   780411
  </price>
  <rating>
   3.57
  </rating>
  <reviews>
   548837
  </reviews>
  <new>
   +
  </new>
 </clothing>
 <clothing>
  <id>
   695576332
  </id>
  <name>
   Lacoste Socks Y-3359
  </name>
  <category>
   Socks
  </category>
  <size>
   XL
  </size>
  <color>
   Синий
  </color>
  <material>
   Шерсть
  </material>
  <price>
   576983
  </price>
  <rating>
   3.6
  </rating>
  <reviews>
   221103
  </reviews>
  <exclusive>
   yes
  </exclusive>
 </clothing>
 <clothing>
  <id>
   513524792
  </id>
  <name>
   Puma Hat R-8290
  </name>
  <category>
   Hat
  </category>
  <size>
   XL
  </size>
  <color>
   Зеленый
  </color>
  <material>
   Нейлон
  </material>
  <price>
   249908
  </price>
  <rating>
   3.53
  </rating>
  <reviews>
   54297
  </reviews>
  <new>
   +
  </new>
  <sporty>
   no
  </sporty>
 </clothing>
 <clothing>
  <id>
   316125249
  </id>
  <name>
   PleinSport Handbags S-5507
  </name>
  <category>
   Handbags
  </category>
  <size>
   S
  </size>
  <color>
   Зеленый
  </color>
  <material>
   Нейлон
  </material>
  <price>
   960398
  </price>
  <rating>
   2.23
  </rating>
  <reviews>
   535822
  </reviews>
  <new>
   -
  </new>
  <sporty>
   yes
  </sporty>
 </clothing>
 <clothing>
  <id>
   193968342
  </id>
  <name>
   Brooks Gloves C-9150
  </name>
  <category>
   Gloves
  </category>
  <size>
   XL
  </size>
  <color>
   Красный
  </color>
  <material>
   Нейлон
  </material>
  <price>
   526598
  </price>
  <rating>
   3.01
  </rating>
  <reviews>
   558047
  </reviews>
  <new>
   -
  </new>
  <exclusive>
   yes
  </exclusive>
  <sporty>
   yes
  </sporty>
 </clothing>
 <clothing>
  <id>
   247076390
  </id>
  <name>
   Ellesse T-shirt V-9150
  </name>
  <category>
   T-shirt
  </category>
  <size>
   XXL
  </size>
  <color>
   Синий
  </color>
  <material>
   Полиэстер
  </material>
  <price>
   629649
  </price>
  <rating>
   4.01
  </rating>
  <reviews>
   491467
  </reviews>
  <exclusive>
   no
  </exclusive>
  <sporty>
   no
  </sporty>
 </clothing>
 <clothing>
  <id>
   714110385
  </id>
  <name>
   Nike Jacket G-7891
  </name>
  <category>
   Jacket
  </category>
  <size>
   S
  </size>
  <color>
   Голубой
  </color>
  <material>
   Шелк
  </material>
  <price>
   542414
  </price>
  <rating>
   1.72
  </rating>
  <reviews>
   605760
  </reviews>
  <new>
   -
  </new>
  <exclusive>
   no
  </exclusive>
  <sporty>
   yes
  </sporty>
 </clothing>
 <clothing>
  <id>
   201075816
  </id>
  <name>
   Vans Pants T-5940
  </name>
  <category>
   Pants
  </category>
  <size>
   L
  </size>
  <color>
   Желтый
  </color>
  <material>
   Кожа
  </material>
  <price>
   390131
  </price>
  <rating>
   2.71
  </rating>
  <reviews>
   50477
  </reviews>
  <new>
   -
  </new>
  <sporty>
   no
  </sporty>
 </clothing>
 <clothing>
  <id>
   444035233
  </id>
  <name>
   New Balance Socks I-3341
  </name>
  <category>
   Socks
  </category>
  <size>
   XL
  </size>
  <color>
   Красный
  </color>
  <material>
   Хлопок
  </material>
  <price>
   270341
  </price>
  <rating>
   2.56
  </rating>
  <reviews>
   622667
  </reviews>
  <exclusive>
   no
  </exclusive>
  <sporty>
   no
  </sporty>
 </clothing>
 <clothing>
  <id>
   159933457
  </id>
  <name>
   Reebok Jacket Q-6162
  </name>
  <category>
   Jacket
  </category>
  <size>
   L
  </size>
  <color>
   Голубой
  </color>
  <material>
   Лен
  </material>
  <price>
   564139
  </price>
  <rating>
   1.91
  </rating>
  <reviews>
   988042
  </reviews>
  <new>
   +
  </new>
 </clothing>
 <clothing>
  <id>
   600480585
  </id>
  <name>
   Ellesse Blouse I-6196
  </name>
  <category>
   Blouse
  </category>
  <size>
   XXL
  </size>
  <color>
   Желтый
  </color>
  <material>
   Кожа
  </material>
  <price>
   922424
  </price>
  <rating>
   3.12
  </rating>
  <reviews>
   328236
  </reviews>
  <exclusive>
   no
  </exclusive>
  <sporty>
   yes
  </sporty>
 </clothing>
 <clothing>
  <id>
   417419477
  </id>
  <name>
   Ellesse Shoes Z-5684
  </name>
  <category>
   Shoes
  </category>
  <size>
   M
  </size>
  <color>
   Желтый
  </color>
  <material>
   Шелк
  </material>
  <price>
   348898
  </price>
  <rating>
   1.39
  </rating>
  <reviews>
   550238
  </reviews>
  <exclusive>
   no
  </exclusive>
  <sporty>
   no
  </sporty>
 </clothing>
 <clothing>
  <id>
   799544856
  </id>
  <name>
   Reebok Dress L-9859
  </name>
  <category>
   Dress
  </category>
  <size>
   M
  </size>
  <color>
   Голубой
  </color>
  <material>
   Нейлон
  </material>
  <price>
   382080
  </price>
  <rating>
   3.98
  </rating>
  <reviews>
   421186
  </reviews>
  <new>
   +
  </new>
  <exclusive>
   no
  </exclusive>
  <sporty>
   no
  </sporty>
 </clothing>
 <clothing>
  <id>
   589086375
  </id>
  <name>
   Reebok Socks B-4309
  </name>
  <category>
   Socks
  </category>
  <size>
   XXL
  </size>
  <color>
   Зеленый
  </color>
  <material>
   Хлопок
  </material>
  <price>
   818079
  </price>
  <rating>
   4.7
  </rating>
  <reviews>
   899596
  </reviews>
  <new>
   +
  </new>
  <exclusive>
   no
  </exclusive>
  <sporty>
   yes
  </sporty>
 </clothing>
 <clothing>
  <id>
   829775377
  </id>
  <name>
   Vans Gloves C-9404
  </name>
  <category>
   Gloves
  </category>
  <size>
   XXL
  </size>
  <color>
   Фиолетовый
  </color>
  <material>
   Шелк
  </material>
  <price>
   566637
  </price>
  <rating>
   3.44
  </rating>
  <reviews>
   879790
  </reviews>
 </clothing>
 <clothing>
  <id>
   918001813
  </id>
  <name>
   Addidas Gloves F-3477
  </name>
  <category>
   Gloves
  </category>
  <size>
   XXL
  </size>
  <color>
   Оранжевый
  </color>
  <material>
   Вискоза
  </material>
  <price>
   902738
  </price>
  <rating>
   4.39
  </rating>
  <reviews>
   226667
  </reviews>
  <new>
   +
  </new>
  <sporty>
   no
  </sporty>
 </clothing>
 <clothing>
  <id>
   221643178
  </id>
  <name>
   Converse Jeans B-5987
  </name>
  <category>
   Jeans
  </category>
  <size>
   M
  </size>
  <color>
   Голубой
  </color>
  <material>
   Вискоза
  </material>
  <price>
   350954
  </price>
  <rating>
   3.38
  </rating>
  <reviews>
   377818
  </reviews>
  <new>
   -
  </new>
 </clothing>
 <clothing>
  <id>
   210415192
  </id>
  <name>
   Reebok Belts R-4186
  </name>
  <category>
   Belts
  </category>
  <size>
   M
  </size>
  <color>
   Оранжевый
  </color>
  <material>
   Кожа
  </material>
  <price>
   920176
  </price>
  <rating>
   4.27
  </rating>
  <reviews>
   503485
  </reviews>
  <new>
   -
  </new>
  <exclusive>
   no
  </exclusive>
 </clothing>
 <clothing>
  <id>
   905231789
  </id>
  <name>
   Reebok Sweater K-7913
  </name>
  <category>
   Sweater
  </category>
  <size>
   XXL
  </size>
  <color>
   Синий
  </color>
  <material>
   Хлопок
  </material>
  <price>
   307865
  </price>
  <rating>
   1.64
  </rating>
  <reviews>
   898969
  </reviews>
  <exclusive>
   no
  </exclusive>
  <sporty>
   yes
  </sporty>
 </clothing>
 <clothing>
  <id>
   668746465
  </id>
  <name>
   Reebok Shirt J-2016
  </name>
  <category>
   Shirt
  </category>
  <size>
   XL
  </size>
  <color>
   Фиолетовый
  </color>
  <material>
   Шерсть
  </material>
  <price>
   557814
  </price>
  <rating>
   1.35
  </rating>
  <reviews>
   288904
  </reviews>
  <new>
   -
  </new>
 </clothing>
 <clothing>
  <id>
   653792462
  </id>
  <name>
   Asics Sweater I-5399
  </name>
  <category>
   Sweater
  </category>
  <size>
   XXL
  </size>
  <color>
   Фиолетовый
  </color>
  <material>
   Шелк
  </material>
  <price>
   852255
  </price>
  <rating>
   3.53
  </rating>
  <reviews>
   153149
  </reviews>
  <new>
   -
  </new>
  <exclusive>
   no
  </exclusive>
 </clothing>
 <clothing>
  <id>
   741795769
  </id>
  <name>
   Reebok Umbrellas E-7124
  </name>
  <category>
   Umbrellas
  </category>
  <size>
   M
  </size>
  <color>
   Голубой
  </color>
  <material>
   Шелк
  </material>
  <price>
   747035
  </price>
  <rating>
   2.77
  </rating>
  <reviews>
   797879
  </reviews>
  <exclusive>
   no
  </exclusive>
 </clothing>
 <clothing>
  <id>
   368593790
  </id>
  <name>
   Asics Umbrellas M-1693
  </name>
  <category>
   Umbrellas
  </category>
  <size>
   XXL
  </size>
  <color>
   Зеленый
  </color>
  <material>
   Полиэстер
  </material>
  <price>
   233814
  </price>
  <rating>
   2.11
  </rating>
  <reviews>
   910303
  </reviews>
  <new>
   +
  </new>
  <exclusive>
   no
  </exclusive>
 </clothing>
 <clothing>
  <id>
   998660044
  </id>
  <name>
   Reebok Gloves A-8932
  </name>
  <category>
   Gloves
  </category>
  <size>
   L
  </size>
  <color>
   Желтый
  </color>
  <material>
   Шерсть
  </material>
  <price>
   346461
  </price>
  <rating>
   1.31
  </rating>
  <reviews>
   359198
  </reviews>
 </clothing>
 <clothing>
  <id>
   809257764
  </id>
  <name>
   PleinSport Jeans L-2284
  </name>
  <category>
   Jeans
  </category>
  <size>
   L
  </size>
  <color>
   Голубой
  </color>
  <material>
   Шелк
  </material>
  <price>
   451431
  </price>
  <rating>
   2.01
  </rating>
  <reviews>
   42374
  </reviews>
  <new>
   +
  </new>
  <sporty>
   no
  </sporty>
 </clothing>
</clothing-items>
