<?xml version="1.0" encoding="utf-8"?>
<clothing-items>
 <clothing>
  <id>
   225051591
  </id>
  <name>
   DC Blouse B-2249
  </name>
  <category>
   Blouse
  </category>
  <size>
   XXL
  </size>
  <color>
   Красный
  </color>
  <material>
   Хлопок
  </material>
  <price>
   122136
  </price>
  <rating>
   1.24
  </rating>
  <reviews>
   376125
  </reviews>
  <new>
   -
  </new>
 </clothing>
 <clothing>
  <id>
   740580300
  </id>
  <name>
   Brooks Gloves C-7238
  </name>
  <category>
   Gloves
  </category>
  <size>
   M
  </size>
  <color>
   Голубой
  </color>
  <material>
   Кожа
  </material>
  <price>
   274132
  </price>
  <rating>
   4.66
  </rating>
  <reviews>
   774087
  </reviews>
 </clothing>
 <clothing>
  <id>
   791893497
  </id>
  <name>
   Asics Jacket E-1830
  </name>
  <category>
   Jacket
  </category>
  <size>
   XL
  </size>
  <color>
   Фиолетовый
  </color>
  <material>
   Шелк
  </material>
  <price>
   344931
  </price>
  <rating>
   4.8
  </rating>
  <reviews>
   569983
  </reviews>
  <exclusive>
   no
  </exclusive>
  <sporty>
   no
  </sporty>
 </clothing>
 <clothing>
  <id>
   753991016
  </id>
  <name>
   DC Belts K-7467
  </name>
  <category>
   Belts
  </category>
  <size>
   XXL
  </size>
  <color>
   Оранжевый
  </color>
  <material>
   Кожа
  </material>
  <price>
   115404
  </price>
  <rating>
   3.46
  </rating>
  <reviews>
   312824
  </reviews>
  <new>
   +
  </new>
  <sporty>
   no
  </sporty>
 </clothing>
 <clothing>
  <id>
   511712115
  </id>
  <name>
   Adidas Umbrellas E-6892
  </name>
  <category>
   Umbrellas
  </category>
  <size>
   XXL
  </size>
  <color>
   Синий
  </color>
  <material>
   Вискоза
  </material>
  <price>
   765767
  </price>
  <rating>
   3.7
  </rating>
  <reviews>
   730820
  </reviews>
  <exclusive>
   no
  </exclusive>
  <sporty>
   yes
  </sporty>
 </clothing>
 <clothing>
  <id>
   709386470
  </id>
  <name>
   Lacoste Sweater W-9909
  </name>
  <category>
   Sweater
  </category>
  <size>
   M
  </size>
  <color>
   Голубой
  </color>
  <material>
   Кожа
  </material>
  <price>
   760099
  </price>
  <rating>
   1.6
  </rating>
  <reviews>
   866702
  </reviews>
  <new>
   +
  </new>
  <exclusive>
   no
  </exclusive>
  <sporty>
   no
  </sporty>
 </clothing>
 <clothing>
  <id>
   372368390
  </id>
  <name>
   New Balance Socks V-3434
  </name>
  <category>
   Socks
  </category>
  <size>
   S
  </size>
  <color>
   Красный
  </color>
  <material>
   Лен
  </material>
  <price>
   807119
  </price>
  <rating>
   3.24
  </rating>
  <reviews>
   339408
  </reviews>
 </clothing>
 <clothing>
  <id>
   421912379
  </id>
  <name>
   Lacoste T-shirt E-4916
  </name>
  <category>
   T-shirt
  </category>
  <size>
   L
  </size>
  <color>
   Оранжевый
  </color>
  <material>
   Полиэстер
  </material>
  <price>
   734547
  </price>
  <rating>
   3.04
  </rating>
  <reviews>
   326279
  </reviews>
  <sporty>
   yes
  </sporty>
 </clothing>
 <clothing>
  <id>
   779237977
  </id>
  <name>
   PleinSport Hat A-2332
  </name>
  <category>
   Hat
  </category>
  <size>
   M
  </size>
  <color>
   Оранжевый
  </color>
  <material>
   Полиэстер
  </material>
  <price>
   853231
  </price>
  <rating>
   2.42
  </rating>
  <reviews>
   185646
  </reviews>
  <sporty>
   yes
  </sporty>
 </clothing>
 <clothing>
  <id>
   513966802
  </id>
  <name>
   Vans T-shirt P-5197
  </name>
  <category>
   T-shirt
  </category>
  <size>
   L
  </size>
  <color>
   Зеленый
  </color>
  <material>
   Шелк
  </material>
  <price>
   231922
  </price>
  <rating>
   2.16
  </rating>
  <reviews>
   378680
  </reviews>
  <sporty>
   no
  </sporty>
 </clothing>
 <clothing>
  <id>
   712949546
  </id>
  <name>
   Ellesse Blouse V-9380
  </name>
  <category>
   Blouse
  </category>
  <size>
   S
  </size>
  <color>
   Голубой
  </color>
  <material>
   Шелк
  </material>
  <price>
   571895
  </price>
  <rating>
   1.53
  </rating>
  <reviews>
   490837
  </reviews>
  <sporty>
   yes
  </sporty>
 </clothing>
 <clothing>
  <id>
   924997380
  </id>
  <name>
   Fila Socks W-8070
  </name>
  <category>
   Socks
  </category>
  <size>
   M
  </size>
  <color>
   Желтый
  </color>
  <material>
   Кожа
  </material>
  <price>
   586632
  </price>
  <rating>
   4.5
  </rating>
  <reviews>
   46067
  </reviews>
  <new>
   -
  </new>
  <sporty>
   no
  </sporty>
 </clothing>
 <clothing>
  <id>
   466241191
  </id>
  <name>
   Puma Shirt N-8647
  </name>
  <category>
   Shirt
  </category>
  <size>
   S
  </size>
  <color>
   Желтый
  </color>
  <material>
   Нейлон
  </material>
  <price>
   110375
  </price>
  <rating>
   1.91
  </rating>
  <reviews>
   244691
  </reviews>
  <sporty>
   no
  </sporty>
 </clothing>
 <clothing>
  <id>
   473208963
  </id>
  <name>
   Puma Pants E-4763
  </name>
  <category>
   Pants
  </category>
  <size>
   L
  </size>
  <color>
   Желтый
  </color>
  <material>
   Шерсть
  </material>
  <price>
   438378
  </price>
  <rating>
   4.57
  </rating>
  <reviews>
   894434
  </reviews>
  <new>
   -
  </new>
  <exclusive>
   no
  </exclusive>
 </clothing>
 <clothing>
  <id>
   241747466
  </id>
  <name>
   PleinSport Jeans K-6571
  </name>
  <category>
   Jeans
  </category>
  <size>
   S
  </size>
  <color>
   Голубой
  </color>
  <material>
   Шелк
  </material>
  <price>
   584875
  </price>
  <rating>
   1.52
  </rating>
  <reviews>
   924147
  </reviews>
  <new>
   -
  </new>
  <sporty>
   no
  </sporty>
 </clothing>
 <clothing>
  <id>
   569568059
  </id>
  <name>
   New Balance Shirt E-1057
  </name>
  <category>
   Shirt
  </category>
  <size>
   L
  </size>
  <color>
   Зеленый
  </color>
  <material>
   Нейлон
  </material>
  <price>
   694547
  </price>
  <rating>
   1.02
  </rating>
  <reviews>
   363264
  </reviews>
  <new>
   -
  </new>
  <exclusive>
   no
  </exclusive>
 </clothing>
 <clothing>
  <id>
   444016297
  </id>
  <name>
   New Balance Shoes K-7602
  </name>
  <category>
   Shoes
  </category>
  <size>
   L
  </size>
  <color>
   Голубой
  </color>
  <material>
   Полиэстер
  </material>
  <price>
   206923
  </price>
  <rating>
   4.63
  </rating>
  <reviews>
   214708
  </reviews>
  <new>
   +
  </new>
  <sporty>
   yes
  </sporty>
 </clothing>
 <clothing>
  <id>
   821907949
  </id>
  <name>
   Asics Hat U-3064
  </name>
  <category>
   Hat
  </category>
  <size>
   L
  </size>
  <color>
   Голубой
  </color>
  <material>
   Хлопок
  </material>
  <price>
   901961
  </price>
  <rating>
   3.59
  </rating>
  <reviews>
   295103
  </reviews>
  <new>
   -
  </new>
  <exclusive>
   no
  </exclusive>
  <sporty>
   no
  </sporty>
 </clothing>
 <clothing>
  <id>
   213046126
  </id>
  <name>
   Ellesse Shoes X-9813
  </name>
  <category>
   Shoes
  </category>
  <size>
   S
  </size>
  <color>
   Зеленый
  </color>
  <material>
   Вискоза
  </material>
  <price>
   684461
  </price>
  <rating>
   1.22
  </rating>
  <reviews>
   825735
  </reviews>
  <new>
   -
  </new>
  <sporty>
   yes
  </sporty>
 </clothing>
 <clothing>
  <id>
   883291155
  </id>
  <name>
   Reebok Hat D-2389
  </name>
  <category>
   Hat
  </category>
  <size>
   L
  </size>
  <color>
   Фиолетовый
  </color>
  <material>
   Шелк
  </material>
  <price>
   518895
  </price>
  <rating>
   3.92
  </rating>
  <reviews>
   53599
  </reviews>
  <new>
   +
  </new>
 </clothing>
 <clothing>
  <id>
   455173683
  </id>
  <name>
   Addidas Umbrellas N-8563
  </name>
  <category>
   Umbrellas
  </category>
  <size>
   XL
  </size>
  <color>
   Зеленый
  </color>
  <material>
   Лен
  </material>
  <price>
   288540
  </price>
  <rating>
   3.87
  </rating>
  <reviews>
   331691
  </reviews>
 </clothing>
 <clothing>
  <id>
   990986377
  </id>
  <name>
   Addidas Skirt M-8858
  </name>
  <category>
   Skirt
  </category>
  <size>
   L
  </size>
  <color>
   Желтый
  </color>
  <material>
   Лен
  </material>
  <price>
   803868
  </price>
  <rating>
   1.7
  </rating>
  <reviews>
   266440
  </reviews>
  <new>
   +
  </new>
  <exclusive>
   no
  </exclusive>
  <sporty>
   no
  </sporty>
 </clothing>
 <clothing>
  <id>
   997571144
  </id>
  <name>
   Fila Shoes J-1974
  </name>
  <category>
   Shoes
  </category>
  <size>
   L
  </size>
  <color>
   Голубой
  </color>
  <material>
   Полиэстер
  </material>
  <price>
   896550
  </price>
  <rating>
   4.0
  </rating>
  <reviews>
   702702
  </reviews>
  <new>
   -
  </new>
  <exclusive>
   no
  </exclusive>
  <sporty>
   yes
  </sporty>
 </clothing>
</clothing-items>
