<?xml version="1.0" encoding="utf-8"?>
<clothing-items>
 <clothing>
  <id>
   458474935
  </id>
  <name>
   Under Armour Handbags P-1326
  </name>
  <category>
   Handbags
  </category>
  <size>
   M
  </size>
  <color>
   Оранжевый
  </color>
  <material>
   Вискоза
  </material>
  <price>
   579233
  </price>
  <rating>
   3.43
  </rating>
  <reviews>
   50152
  </reviews>
  <new>
   -
  </new>
  <sporty>
   no
  </sporty>
 </clothing>
 <clothing>
  <id>
   418759704
  </id>
  <name>
   Puma Handbags W-6480
  </name>
  <category>
   Handbags
  </category>
  <size>
   XXL
  </size>
  <color>
   Голубой
  </color>
  <material>
   Нейлон
  </material>
  <price>
   554497
  </price>
  <rating>
   1.62
  </rating>
  <reviews>
   822790
  </reviews>
  <new>
   +
  </new>
  <exclusive>
   no
  </exclusive>
  <sporty>
   no
  </sporty>
 </clothing>
 <clothing>
  <id>
   301982646
  </id>
  <name>
   PleinSport Shirt A-6112
  </name>
  <category>
   Shirt
  </category>
  <size>
   L
  </size>
  <color>
   Оранжевый
  </color>
  <material>
   Шерсть
  </material>
  <price>
   643566
  </price>
  <rating>
   3.23
  </rating>
  <reviews>
   864293
  </reviews>
  <new>
   -
  </new>
  <exclusive>
   no
  </exclusive>
  <sporty>
   no
  </sporty>
 </clothing>
 <clothing>
  <id>
   590135302
  </id>
  <name>
   Under Armour Skirt X-6345
  </name>
  <category>
   Skirt
  </category>
  <size>
   M
  </size>
  <color>
   Фиолетовый
  </color>
  <material>
   Вискоза
  </material>
  <price>
   985242
  </price>
  <rating>
   1.87
  </rating>
  <reviews>
   678599
  </reviews>
  <new>
   +
  </new>
  <exclusive>
   yes
  </exclusive>
  <sporty>
   no
  </sporty>
 </clothing>
 <clothing>
  <id>
   447234406
  </id>
  <name>
   DC Jeans I-4878
  </name>
  <category>
   Jeans
  </category>
  <size>
   XL
  </size>
  <color>
   Зеленый
  </color>
  <material>
   Кожа
  </material>
  <price>
   900431
  </price>
  <rating>
   4.93
  </rating>
  <reviews>
   143062
  </reviews>
  <new>
   -
  </new>
  <sporty>
   no
  </sporty>
 </clothing>
 <clothing>
  <id>
   732798408
  </id>
  <name>
   Ellesse Hat R-7913
  </name>
  <category>
   Hat
  </category>
  <size>
   L
  </size>
  <color>
   Зеленый
  </color>
  <material>
   Шерсть
  </material>
  <price>
   439844
  </price>
  <rating>
   3.27
  </rating>
  <reviews>
   559050
  </reviews>
  <new>
   -
  </new>
  <exclusive>
   no
  </exclusive>
  <sporty>
   no
  </sporty>
 </clothing>
 <clothing>
  <id>
   892378936
  </id>
  <name>
   Ellesse Jeans A-5746
  </name>
  <category>
   Jeans
  </category>
  <size>
   M
  </size>
  <color>
   Желтый
  </color>
  <material>
   Шерсть
  </material>
  <price>
   362793
  </price>
  <rating>
   4.5
  </rating>
  <reviews>
   932645
  </reviews>
  <new>
   +
  </new>
  <exclusive>
   no
  </exclusive>
 </clothing>
 <clothing>
  <id>
   659041532
  </id>
  <name>
   Under Armour Blouse H-6813
  </name>
  <category>
   Blouse
  </category>
  <size>
   XXL
  </size>
  <color>
   Зеленый
  </color>
  <material>
   Вискоза
  </material>
  <price>
   659240
  </price>
  <rating>
   1.01
  </rating>
  <reviews>
   142087
  </reviews>
  <new>
   -
  </new>
  <exclusive>
   no
  </exclusive>
  <sporty>
   no
  </sporty>
 </clothing>
 <clothing>
  <id>
   264912080
  </id>
  <name>
   New Balance Blouse Q-6508
  </name>
  <category>
   Blouse
  </category>
  <size>
   M
  </size>
  <color>
   Красный
  </color>
  <material>
   Нейлон
  </material>
  <price>
   321033
  </price>
  <rating>
   4.07
  </rating>
  <reviews>
   896434
  </reviews>
  <new>
   -
  </new>
  <exclusive>
   yes
  </exclusive>
 </clothing>
 <clothing>
  <id>
   783669490
  </id>
  <name>
   DC Blouse U-7455
  </name>
  <category>
   Blouse
  </category>
  <size>
   L
  </size>
  <color>
   Красный
  </color>
  <material>
   Шелк
  </material>
  <price>
   720747
  </price>
  <rating>
   2.36
  </rating>
  <reviews>
   655803
  </reviews>
  <new>
   +
  </new>
  <exclusive>
   yes
  </exclusive>
 </clothing>
 <clothing>
  <id>
   150863862
  </id>
  <name>
   Adidas Pants R-9534
  </name>
  <category>
   Pants
  </category>
  <size>
   XXL
  </size>
  <color>
   Красный
  </color>
  <material>
   Нейлон
  </material>
  <price>
   271850
  </price>
  <rating>
   1.16
  </rating>
  <reviews>
   49493
  </reviews>
  <sporty>
   yes
  </sporty>
 </clothing>
 <clothing>
  <id>
   566923047
  </id>
  <name>
   Adidas Shoes S-2004
  </name>
  <category>
   Shoes
  </category>
  <size>
   L
  </size>
  <color>
   Фиолетовый
  </color>
  <material>
   Лен
  </material>
  <price>
   606006
  </price>
  <rating>
   2.68
  </rating>
  <reviews>
   386239
  </reviews>
  <sporty>
   yes
  </sporty>
 </clothing>
 <clothing>
  <id>
   770730754
  </id>
  <name>
   Ellesse Socks O-8681
  </name>
  <category>
   Socks
  </category>
  <size>
   L
  </size>
  <color>
   Зеленый
  </color>
  <material>
   Нейлон
  </material>
  <price>
   961227
  </price>
  <rating>
   4.22
  </rating>
  <reviews>
   449377
  </reviews>
  <new>
   -
  </new>
  <exclusive>
   yes
  </exclusive>
  <sporty>
   yes
  </sporty>
 </clothing>
 <clothing>
  <id>
   624037054
  </id>
  <name>
   Vans Belts T-7178
  </name>
  <category>
   Belts
  </category>
  <size>
   XL
  </size>
  <color>
   Синий
  </color>
  <material>
   Кожа
  </material>
  <price>
   885301
  </price>
  <rating>
   1.91
  </rating>
  <reviews>
   232826
  </reviews>
 </clothing>
</clothing-items>
