<?xml version="1.0" encoding="utf-8"?>
<clothing-items>
 <clothing>
  <id>
   613286530
  </id>
  <name>
   Under Armour Socks A-7518
  </name>
  <category>
   Socks
  </category>
  <size>
   XL
  </size>
  <color>
   Оранжевый
  </color>
  <material>
   Нейлон
  </material>
  <price>
   588836
  </price>
  <rating>
   3.27
  </rating>
  <reviews>
   32508
  </reviews>
  <sporty>
   no
  </sporty>
 </clothing>
 <clothing>
  <id>
   270749817
  </id>
  <name>
   PleinSport Gloves R-3705
  </name>
  <category>
   Gloves
  </category>
  <size>
   M
  </size>
  <color>
   Красный
  </color>
  <material>
   Нейлон
  </material>
  <price>
   248905
  </price>
  <rating>
   3.14
  </rating>
  <reviews>
   972500
  </reviews>
  <new>
   -
  </new>
  <exclusive>
   no
  </exclusive>
  <sporty>
   yes
  </sporty>
 </clothing>
 <clothing>
  <id>
   178622766
  </id>
  <name>
   Nike Jacket X-5054
  </name>
  <category>
   Jacket
  </category>
  <size>
   M
  </size>
  <color>
   Красный
  </color>
  <material>
   Хлопок
  </material>
  <price>
   887696
  </price>
  <rating>
   1.66
  </rating>
  <reviews>
   994755
  </reviews>
  <exclusive>
   no
  </exclusive>
  <sporty>
   yes
  </sporty>
 </clothing>
 <clothing>
  <id>
   354958543
  </id>
  <name>
   Reebok Skirt H-8921
  </name>
  <category>
   Skirt
  </category>
  <size>
   XL
  </size>
  <color>
   Красный
  </color>
  <material>
   Полиэстер
  </material>
  <price>
   925670
  </price>
  <rating>
   3.91
  </rating>
  <reviews>
   809081
  </reviews>
  <exclusive>
   no
  </exclusive>
 </clothing>
 <clothing>
  <id>
   768392741
  </id>
  <name>
   Nike Dress E-2087
  </name>
  <category>
   Dress
  </category>
  <size>
   M
  </size>
  <color>
   Желтый
  </color>
  <material>
   Полиэстер
  </material>
  <price>
   656019
  </price>
  <rating>
   2.29
  </rating>
  <reviews>
   245619
  </reviews>
  <new>
   -
  </new>
  <sporty>
   no
  </sporty>
 </clothing>
 <clothing>
  <id>
   353418130
  </id>
  <name>
   DC Gloves O-3525
  </name>
  <category>
   Gloves
  </category>
  <size>
   S
  </size>
  <color>
   Желтый
  </color>
  <material>
   Шелк
  </material>
  <price>
   816417
  </price>
  <rating>
   1.21
  </rating>
  <reviews>
   300648
  </reviews>
  <new>
   +
  </new>
  <exclusive>
   yes
  </exclusive>
  <sporty>
   no
  </sporty>
 </clothing>
 <clothing>
  <id>
   161576552
  </id>
  <name>
   Ellesse Jacket J-3849
  </name>
  <category>
   Jacket
  </category>
  <size>
   L
  </size>
  <color>
   Фиолетовый
  </color>
  <material>
   Шерсть
  </material>
  <price>
   105909
  </price>
  <rating>
   4.18
  </rating>
  <reviews>
   747712
  </reviews>
  <new>
   -
  </new>
  <exclusive>
   no
  </exclusive>
  <sporty>
   no
  </sporty>
 </clothing>
 <clothing>
  <id>
   373655166
  </id>
  <name>
   DC Blouse D-8672
  </name>
  <category>
   Blouse
  </category>
  <size>
   XL
  </size>
  <color>
   Желтый
  </color>
  <material>
   Полиэстер
  </material>
  <price>
   224064
  </price>
  <rating>
   4.97
  </rating>
  <reviews>
   551944
  </reviews>
  <sporty>
   yes
  </sporty>
 </clothing>
 <clothing>
  <id>
   322731017
  </id>
  <name>
   Fila Socks L-7132
  </name>
  <category>
   Socks
  </category>
  <size>
   M
  </size>
  <color>
   Зеленый
  </color>
  <material>
   Шелк
  </material>
  <price>
   397934
  </price>
  <rating>
   3.39
  </rating>
  <reviews>
   220373
  </reviews>
  <exclusive>
   no
  </exclusive>
  <sporty>
   yes
  </sporty>
 </clothing>
 <clothing>
  <id>
   911440892
  </id>
  <name>
   Ellesse Handbags R-9267
  </name>
  <category>
   Handbags
  </category>
  <size>
   XL
  </size>
  <color>
   Голубой
  </color>
  <material>
   Полиэстер
  </material>
  <price>
   790697
  </price>
  <rating>
   2.28
  </rating>
  <reviews>
   633474
  </reviews>
  <exclusive>
   yes
  </exclusive>
 </clothing>
 <clothing>
  <id>
   298732050
  </id>
  <name>
   New Balance Jeans P-9854
  </name>
  <category>
   Jeans
  </category>
  <size>
   L
  </size>
  <color>
   Синий
  </color>
  <material>
   Вискоза
  </material>
  <price>
   527816
  </price>
  <rating>
   2.25
  </rating>
  <reviews>
   623292
  </reviews>
  <exclusive>
   no
  </exclusive>
 </clothing>
 <clothing>
  <id>
   684454327
  </id>
  <name>
   Brooks Jacket V-9391
  </name>
  <category>
   Jacket
  </category>
  <size>
   L
  </size>
  <color>
   Желтый
  </color>
  <material>
   Хлопок
  </material>
  <price>
   935500
  </price>
  <rating>
   1.52
  </rating>
  <reviews>
   343557
  </reviews>
 </clothing>
 <clothing>
  <id>
   988934353
  </id>
  <name>
   Addidas Pants I-4129
  </name>
  <category>
   Pants
  </category>
  <size>
   L
  </size>
  <color>
   Голубой
  </color>
  <material>
   Полиэстер
  </material>
  <price>
   580757
  </price>
  <rating>
   4.57
  </rating>
  <reviews>
   749110
  </reviews>
  <sporty>
   no
  </sporty>
 </clothing>
 <clothing>
  <id>
   601823248
  </id>
  <name>
   Addidas Pants B-7396
  </name>
  <category>
   Pants
  </category>
  <size>
   L
  </size>
  <color>
   Синий
  </color>
  <material>
   Лен
  </material>
  <price>
   541991
  </price>
  <rating>
   1.32
  </rating>
  <reviews>
   685714
  </reviews>
  <exclusive>
   yes
  </exclusive>
  <sporty>
   no
  </sporty>
 </clothing>
 <clothing>
  <id>
   790578755
  </id>
  <name>
   Converse Shirt W-7651
  </name>
  <category>
   Shirt
  </category>
  <size>
   M
  </size>
  <color>
   Желтый
  </color>
  <material>
   Полиэстер
  </material>
  <price>
   220854
  </price>
  <rating>
   4.99
  </rating>
  <reviews>
   265717
  </reviews>
  <new>
   +
  </new>
 </clothing>
 <clothing>
  <id>
   745771325
  </id>
  <name>
   Brooks Handbags P-6886
  </name>
  <category>
   Handbags
  </category>
  <size>
   XL
  </size>
  <color>
   Фиолетовый
  </color>
  <material>
   Вискоза
  </material>
  <price>
   800806
  </price>
  <rating>
   3.4
  </rating>
  <reviews>
   116890
  </reviews>
  <sporty>
   no
  </sporty>
 </clothing>
 <clothing>
  <id>
   410877438
  </id>
  <name>
   Lacoste Blouse L-4457
  </name>
  <category>
   Blouse
  </category>
  <size>
   XL
  </size>
  <color>
   Красный
  </color>
  <material>
   Лен
  </material>
  <price>
   280705
  </price>
  <rating>
   2.97
  </rating>
  <reviews>
   845776
  </reviews>
  <exclusive>
   no
  </exclusive>
  <sporty>
   yes
  </sporty>
 </clothing>
 <clothing>
  <id>
   857381894
  </id>
  <name>
   New Balance Dress H-8196
  </name>
  <category>
   Dress
  </category>
  <size>
   XL
  </size>
  <color>
   Синий
  </color>
  <material>
   Шелк
  </material>
  <price>
   655989
  </price>
  <rating>
   3.28
  </rating>
  <reviews>
   753822
  </reviews>
  <new>
   +
  </new>
  <exclusive>
   yes
  </exclusive>
 </clothing>
 <clothing>
  <id>
   176577915
  </id>
  <name>
   Addidas Umbrellas N-9178
  </name>
  <category>
   Umbrellas
  </category>
  <size>
   M
  </size>
  <color>
   Синий
  </color>
  <material>
   Вискоза
  </material>
  <price>
   510543
  </price>
  <rating>
   2.17
  </rating>
  <reviews>
   394108
  </reviews>
  <new>
   -
  </new>
  <exclusive>
   no
  </exclusive>
  <sporty>
   yes
  </sporty>
 </clothing>
 <clothing>
  <id>
   590464241
  </id>
  <name>
   Nike Skirt U-7736
  </name>
  <category>
   Skirt
  </category>
  <size>
   S
  </size>
  <color>
   Желтый
  </color>
  <material>
   Шелк
  </material>
  <price>
   941655
  </price>
  <rating>
   4.38
  </rating>
  <reviews>
   77902
  </reviews>
  <exclusive>
   no
  </exclusive>
  <sporty>
   no
  </sporty>
 </clothing>
 <clothing>
  <id>
   411568623
  </id>
  <name>
   Reebok Jeans Z-4859
  </name>
  <category>
   Jeans
  </category>
  <size>
   M
  </size>
  <color>
   Синий
  </color>
  <material>
   Нейлон
  </material>
  <price>
   211969
  </price>
  <rating>
   1.99
  </rating>
  <reviews>
   73878
  </reviews>
  <new>
   +
  </new>
  <exclusive>
   yes
  </exclusive>
 </clothing>
 <clothing>
  <id>
   904657204
  </id>
  <name>
   Fila Dress H-3116
  </name>
  <category>
   Dress
  </category>
  <size>
   XXL
  </size>
  <color>
   Синий
  </color>
  <material>
   Нейлон
  </material>
  <price>
   488411
  </price>
  <rating>
   3.18
  </rating>
  <reviews>
   602234
  </reviews>
  <sporty>
   no
  </sporty>
 </clothing>
 <clothing>
  <id>
   444398525
  </id>
  <name>
   Adidas Shirt V-3133
  </name>
  <category>
   Shirt
  </category>
  <size>
   L
  </size>
  <color>
   Голубой
  </color>
  <material>
   Полиэстер
  </material>
  <price>
   503740
  </price>
  <rating>
   2.13
  </rating>
  <reviews>
   312052
  </reviews>
  <new>
   +
  </new>
  <exclusive>
   no
  </exclusive>
 </clothing>
 <clothing>
  <id>
   389977971
  </id>
  <name>
   New Balance Hat G-2209
  </name>
  <category>
   Hat
  </category>
  <size>
   XL
  </size>
  <color>
   Оранжевый
  </color>
  <material>
   Шелк
  </material>
  <price>
   885631
  </price>
  <rating>
   2.31
  </rating>
  <reviews>
   695540
  </reviews>
  <new>
   -
  </new>
  <exclusive>
   yes
  </exclusive>
 </clothing>
 <clothing>
  <id>
   327849027
  </id>
  <name>
   DC Shirt L-7159
  </name>
  <category>
   Shirt
  </category>
  <size>
   L
  </size>
  <color>
   Оранжевый
  </color>
  <material>
   Вискоза
  </material>
  <price>
   353607
  </price>
  <rating>
   1.86
  </rating>
  <reviews>
   933041
  </reviews>
  <exclusive>
   no
  </exclusive>
  <sporty>
   yes
  </sporty>
 </clothing>
 <clothing>
  <id>
   637506754
  </id>
  <name>
   Addidas Dress Q-2241
  </name>
  <category>
   Dress
  </category>
  <size>
   XXL
  </size>
  <color>
   Оранжевый
  </color>
  <material>
   Кожа
  </material>
  <price>
   782425
  </price>
  <rating>
   3.6
  </rating>
  <reviews>
   159047
  </reviews>
  <exclusive>
   no
  </exclusive>
  <sporty>
   yes
  </sporty>
 </clothing>
 <clothing>
  <id>
   547519836
  </id>
  <name>
   Asics Skirt C-8617
  </name>
  <category>
   Skirt
  </category>
  <size>
   XXL
  </size>
  <color>
   Синий
  </color>
  <material>
   Хлопок
  </material>
  <price>
   632438
  </price>
  <rating>
   3.55
  </rating>
  <reviews>
   338758
  </reviews>
  <sporty>
   no
  </sporty>
 </clothing>
 <clothing>
  <id>
   462074888
  </id>
  <name>
   Under Armour Jacket A-5672
  </name>
  <category>
   Jacket
  </category>
  <size>
   XXL
  </size>
  <color>
   Зеленый
  </color>
  <material>
   Полиэстер
  </material>
  <price>
   146345
  </price>
  <rating>
   4.65
  </rating>
  <reviews>
   99548
  </reviews>
  <exclusive>
   yes
  </exclusive>
 </clothing>
 <clothing>
  <id>
   923168151
  </id>
  <name>
   Ellesse Umbrellas F-4928
  </name>
  <category>
   Umbrellas
  </category>
  <size>
   S
  </size>
  <color>
   Голубой
  </color>
  <material>
   Шерсть
  </material>
  <price>
   184934
  </price>
  <rating>
   2.04
  </rating>
  <reviews>
   461977
  </reviews>
  <new>
   +
  </new>
  <exclusive>
   no
  </exclusive>
 </clothing>
 <clothing>
  <id>
   348720388
  </id>
  <name>
   Addidas Handbags D-9993
  </name>
  <category>
   Handbags
  </category>
  <size>
   XL
  </size>
  <color>
   Зеленый
  </color>
  <material>
   Шерсть
  </material>
  <price>
   304288
  </price>
  <rating>
   4.11
  </rating>
  <reviews>
   84036
  </reviews>
  <new>
   -
  </new>
  <sporty>
   yes
  </sporty>
 </clothing>
 <clothing>
  <id>
   442256175
  </id>
  <name>
   Asics Handbags E-3276
  </name>
  <category>
   Handbags
  </category>
  <size>
   L
  </size>
  <color>
   Желтый
  </color>
  <material>
   Полиэстер
  </material>
  <price>
   316089
  </price>
  <rating>
   2.25
  </rating>
  <reviews>
   104286
  </reviews>
  <new>
   -
  </new>
 </clothing>
 <clothing>
  <id>
   942345774
  </id>
  <name>
   Addidas Sweater W-4258
  </name>
  <category>
   Sweater
  </category>
  <size>
   XXL
  </size>
  <color>
   Фиолетовый
  </color>
  <material>
   Вискоза
  </material>
  <price>
   701196
  </price>
  <rating>
   2.8
  </rating>
  <reviews>
   639378
  </reviews>
 </clothing>
 <clothing>
  <id>
   220819504
  </id>
  <name>
   PleinSport T-shirt V-5434
  </name>
  <category>
   T-shirt
  </category>
  <size>
   M
  </size>
  <color>
   Фиолетовый
  </color>
  <material>
   Хлопок
  </material>
  <price>
   703404
  </price>
  <rating>
   3.28
  </rating>
  <reviews>
   25408
  </reviews>
  <new>
   +
  </new>
  <exclusive>
   yes
  </exclusive>
  <sporty>
   no
  </sporty>
 </clothing>
 <clothing>
  <id>
   310653223
  </id>
  <name>
   Adidas Blouse P-6563
  </name>
  <category>
   Blouse
  </category>
  <size>
   S
  </size>
  <color>
   Красный
  </color>
  <material>
   Шерсть
  </material>
  <price>
   278837
  </price>
  <rating>
   3.67
  </rating>
  <reviews>
   596364
  </reviews>
  <new>
   -
  </new>
  <exclusive>
   no
  </exclusive>
  <sporty>
   no
  </sporty>
 </clothing>
 <clothing>
  <id>
   537196997
  </id>
  <name>
   Reebok Belts N-1333
  </name>
  <category>
   Belts
  </category>
  <size>
   L
  </size>
  <color>
   Голубой
  </color>
  <material>
   Шелк
  </material>
  <price>
   935072
  </price>
  <rating>
   2.96
  </rating>
  <reviews>
   443188
  </reviews>
  <new>
   -
  </new>
  <exclusive>
   yes
  </exclusive>
  <sporty>
   no
  </sporty>
 </clothing>
 <clothing>
  <id>
   941004266
  </id>
  <name>
   Addidas Pants Q-4558
  </name>
  <category>
   Pants
  </category>
  <size>
   L
  </size>
  <color>
   Синий
  </color>
  <material>
   Шерсть
  </material>
  <price>
   520678
  </price>
  <rating>
   5.0
  </rating>
  <reviews>
   435384
  </reviews>
  <new>
   -
  </new>
  <exclusive>
   no
  </exclusive>
  <sporty>
   no
  </sporty>
 </clothing>
 <clothing>
  <id>
   139475900
  </id>
  <name>
   DC Blouse A-9315
  </name>
  <category>
   Blouse
  </category>
  <size>
   S
  </size>
  <color>
   Синий
  </color>
  <material>
   Шерсть
  </material>
  <price>
   704971
  </price>
  <rating>
   2.51
  </rating>
  <reviews>
   536880
  </reviews>
  <new>
   -
  </new>
  <exclusive>
   no
  </exclusive>
  <sporty>
   yes
  </sporty>
 </clothing>
 <clothing>
  <id>
   935857799
  </id>
  <name>
   Ellesse Hat W-9225
  </name>
  <category>
   Hat
  </category>
  <size>
   S
  </size>
  <color>
   Фиолетовый
  </color>
  <material>
   Полиэстер
  </material>
  <price>
   493126
  </price>
  <rating>
   1.25
  </rating>
  <reviews>
   42179
  </reviews>
  <new>
   +
  </new>
  <exclusive>
   yes
  </exclusive>
  <sporty>
   no
  </sporty>
 </clothing>
 <clothing>
  <id>
   962675877
  </id>
  <name>
   PleinSport Hat K-8584
  </name>
  <category>
   Hat
  </category>
  <size>
   XL
  </size>
  <color>
   Синий
  </color>
  <material>
   Лен
  </material>
  <price>
   942693
  </price>
  <rating>
   4.34
  </rating>
  <reviews>
   994441
  </reviews>
  <exclusive>
   yes
  </exclusive>
  <sporty>
   no
  </sporty>
 </clothing>
 <clothing>
  <id>
   634074894
  </id>
  <name>
   Addidas Gloves H-2127
  </name>
  <category>
   Gloves
  </category>
  <size>
   M
  </size>
  <color>
   Синий
  </color>
  <material>
   Шерсть
  </material>
  <price>
   864369
  </price>
  <rating>
   3.48
  </rating>
  <reviews>
   868754
  </reviews>
  <new>
   -
  </new>
  <sporty>
   yes
  </sporty>
 </clothing>
 <clothing>
  <id>
   776048760
  </id>
  <name>
   New Balance Sweater U-5053
  </name>
  <category>
   Sweater
  </category>
  <size>
   L
  </size>
  <color>
   Зеленый
  </color>
  <material>
   Шерсть
  </material>
  <price>
   277058
  </price>
  <rating>
   1.72
  </rating>
  <reviews>
   3601
  </reviews>
  <new>
   -
  </new>
  <exclusive>
   yes
  </exclusive>
  <sporty>
   yes
  </sporty>
 </clothing>
 <clothing>
  <id>
   127490820
  </id>
  <name>
   Vans Handbags T-9688
  </name>
  <category>
   Handbags
  </category>
  <size>
   XXL
  </size>
  <color>
   Желтый
  </color>
  <material>
   Шелк
  </material>
  <price>
   980897
  </price>
  <rating>
   4.07
  </rating>
  <reviews>
   135337
  </reviews>
  <new>
   -
  </new>
  <exclusive>
   no
  </exclusive>
  <sporty>
   yes
  </sporty>
 </clothing>
 <clothing>
  <id>
   513382704
  </id>
  <name>
   Under Armour Jeans Q-9518
  </name>
  <category>
   Jeans
  </category>
  <size>
   XXL
  </size>
  <color>
   Фиолетовый
  </color>
  <material>
   Вискоза
  </material>
  <price>
   339756
  </price>
  <rating>
   1.38
  </rating>
  <reviews>
   402883
  </reviews>
  <new>
   +
  </new>
  <sporty>
   yes
  </sporty>
 </clothing>
 <clothing>
  <id>
   666266533
  </id>
  <name>
   Addidas Umbrellas R-3073
  </name>
  <category>
   Umbrellas
  </category>
  <size>
   M
  </size>
  <color>
   Красный
  </color>
  <material>
   Кожа
  </material>
  <price>
   799603
  </price>
  <rating>
   4.21
  </rating>
  <reviews>
   98491
  </reviews>
  <new>
   -
  </new>
  <exclusive>
   no
  </exclusive>
  <sporty>
   no
  </sporty>
 </clothing>
 <clothing>
  <id>
   114372446
  </id>
  <name>
   Vans Blouse Z-9877
  </name>
  <category>
   Blouse
  </category>
  <size>
   XL
  </size>
  <color>
   Фиолетовый
  </color>
  <material>
   Шелк
  </material>
  <price>
   355332
  </price>
  <rating>
   2.3
  </rating>
  <reviews>
   844857
  </reviews>
  <new>
   -
  </new>
  <exclusive>
   no
  </exclusive>
 </clothing>
 <clothing>
  <id>
   375051203
  </id>
  <name>
   Adidas Skirt L-6204
  </name>
  <category>
   Skirt
  </category>
  <size>
   L
  </size>
  <color>
   Голубой
  </color>
  <material>
   Шерсть
  </material>
  <price>
   836887
  </price>
  <rating>
   1.79
  </rating>
  <reviews>
   885214
  </reviews>
  <new>
   -
  </new>
  <sporty>
   no
  </sporty>
 </clothing>
 <clothing>
  <id>
   207179257
  </id>
  <name>
   Addidas Shoes R-3439
  </name>
  <category>
   Shoes
  </category>
  <size>
   XL
  </size>
  <color>
   Желтый
  </color>
  <material>
   Шерсть
  </material>
  <price>
   247042
  </price>
  <rating>
   4.01
  </rating>
  <reviews>
   983228
  </reviews>
  <new>
   +
  </new>
  <exclusive>
   yes
  </exclusive>
 </clothing>
 <clothing>
  <id>
   345940739
  </id>
  <name>
   Addidas Handbags F-2098
  </name>
  <category>
   Handbags
  </category>
  <size>
   XL
  </size>
  <color>
   Фиолетовый
  </color>
  <material>
   Шерсть
  </material>
  <price>
   380914
  </price>
  <rating>
   4.65
  </rating>
  <reviews>
   642079
  </reviews>
  <new>
   -
  </new>
 </clothing>
</clothing-items>
