<?xml version="1.0" encoding="utf-8"?>
<clothing-items>
 <clothing>
  <id>
   263642089
  </id>
  <name>
   Ellesse T-shirt Z-2626
  </name>
  <category>
   T-shirt
  </category>
  <size>
   L
  </size>
  <color>
   Фиолетовый
  </color>
  <material>
   Лен
  </material>
  <price>
   113496
  </price>
  <rating>
   3.44
  </rating>
  <reviews>
   107329
  </reviews>
  <new>
   -
  </new>
  <exclusive>
   yes
  </exclusive>
  <sporty>
   yes
  </sporty>
 </clothing>
 <clothing>
  <id>
   285232066
  </id>
  <name>
   Adidas Skirt C-1891
  </name>
  <category>
   Skirt
  </category>
  <size>
   S
  </size>
  <color>
   Желтый
  </color>
  <material>
   Шерсть
  </material>
  <price>
   622671
  </price>
  <rating>
   1.72
  </rating>
  <reviews>
   898898
  </reviews>
  <new>
   +
  </new>
  <exclusive>
   no
  </exclusive>
  <sporty>
   no
  </sporty>
 </clothing>
 <clothing>
  <id>
   631173564
  </id>
  <name>
   Reebok Umbrellas O-8599
  </name>
  <category>
   Umbrellas
  </category>
  <size>
   XXL
  </size>
  <color>
   Фиолетовый
  </color>
  <material>
   Лен
  </material>
  <price>
   905213
  </price>
  <rating>
   2.3
  </rating>
  <reviews>
   585731
  </reviews>
  <new>
   -
  </new>
  <exclusive>
   no
  </exclusive>
  <sporty>
   no
  </sporty>
 </clothing>
 <clothing>
  <id>
   706657401
  </id>
  <name>
   Converse Belts O-2009
  </name>
  <category>
   Belts
  </category>
  <size>
   L
  </size>
  <color>
   Красный
  </color>
  <material>
   Лен
  </material>
  <price>
   769534
  </price>
  <rating>
   4.99
  </rating>
  <reviews>
   935729
  </reviews>
  <exclusive>
   yes
  </exclusive>
  <sporty>
   yes
  </sporty>
 </clothing>
 <clothing>
  <id>
   411771322
  </id>
  <name>
   New Balance Jeans T-4949
  </name>
  <category>
   Jeans
  </category>
  <size>
   S
  </size>
  <color>
   Синий
  </color>
  <material>
   Вискоза
  </material>
  <price>
   584785
  </price>
  <rating>
   2.35
  </rating>
  <reviews>
   665257
  </reviews>
  <new>
   -
  </new>
  <exclusive>
   no
  </exclusive>
  <sporty>
   no
  </sporty>
 </clothing>
 <clothing>
  <id>
   623691984
  </id>
  <name>
   Lacoste Blouse L-3743
  </name>
  <category>
   Blouse
  </category>
  <size>
   L
  </size>
  <color>
   Голубой
  </color>
  <material>
   Кожа
  </material>
  <price>
   556861
  </price>
  <rating>
   2.8
  </rating>
  <reviews>
   650254
  </reviews>
  <exclusive>
   no
  </exclusive>
  <sporty>
   no
  </sporty>
 </clothing>
 <clothing>
  <id>
   811948931
  </id>
  <name>
   PleinSport Handbags I-7094
  </name>
  <category>
   Handbags
  </category>
  <size>
   M
  </size>
  <color>
   Желтый
  </color>
  <material>
   Вискоза
  </material>
  <price>
   453444
  </price>
  <rating>
   1.2
  </rating>
  <reviews>
   516522
  </reviews>
  <new>
   +
  </new>
  <exclusive>
   yes
  </exclusive>
 </clothing>
 <clothing>
  <id>
   255695445
  </id>
  <name>
   Nike Skirt H-4387
  </name>
  <category>
   Skirt
  </category>
  <size>
   M
  </size>
  <color>
   Синий
  </color>
  <material>
   Вискоза
  </material>
  <price>
   660601
  </price>
  <rating>
   3.33
  </rating>
  <reviews>
   643844
  </reviews>
 </clothing>
 <clothing>
  <id>
   201968507
  </id>
  <name>
   Addidas Jacket O-8215
  </name>
  <category>
   Jacket
  </category>
  <size>
   M
  </size>
  <color>
   Синий
  </color>
  <material>
   Шерсть
  </material>
  <price>
   285424
  </price>
  <rating>
   2.62
  </rating>
  <reviews>
   586214
  </reviews>
  <new>
   -
  </new>
  <exclusive>
   no
  </exclusive>
 </clothing>
 <clothing>
  <id>
   667696386
  </id>
  <name>
   Lacoste Dress N-6295
  </name>
  <category>
   Dress
  </category>
  <size>
   M
  </size>
  <color>
   Голубой
  </color>
  <material>
   Хлопок
  </material>
  <price>
   236069
  </price>
  <rating>
   2.1
  </rating>
  <reviews>
   455648
  </reviews>
  <new>
   -
  </new>
  <exclusive>
   no
  </exclusive>
  <sporty>
   no
  </sporty>
 </clothing>
 <clothing>
  <id>
   418016141
  </id>
  <name>
   Vans Belts J-6493
  </name>
  <category>
   Belts
  </category>
  <size>
   L
  </size>
  <color>
   Красный
  </color>
  <material>
   Кожа
  </material>
  <price>
   853323
  </price>
  <rating>
   1.31
  </rating>
  <reviews>
   62441
  </reviews>
  <new>
   +
  </new>
  <sporty>
   yes
  </sporty>
 </clothing>
 <clothing>
  <id>
   287940310
  </id>
  <name>
   Puma Shoes A-5998
  </name>
  <category>
   Shoes
  </category>
  <size>
   L
  </size>
  <color>
   Желтый
  </color>
  <material>
   Шелк
  </material>
  <price>
   899373
  </price>
  <rating>
   3.09
  </rating>
  <reviews>
   21507
  </reviews>
  <new>
   -
  </new>
  <exclusive>
   no
  </exclusive>
 </clothing>
 <clothing>
  <id>
   313456990
  </id>
  <name>
   Puma Blouse M-4416
  </name>
  <category>
   Blouse
  </category>
  <size>
   S
  </size>
  <color>
   Зеленый
  </color>
  <material>
   Лен
  </material>
  <price>
   694379
  </price>
  <rating>
   4.86
  </rating>
  <reviews>
   701560
  </reviews>
  <sporty>
   yes
  </sporty>
 </clothing>
 <clothing>
  <id>
   715821929
  </id>
  <name>
   Puma Gloves O-4203
  </name>
  <category>
   Gloves
  </category>
  <size>
   M
  </size>
  <color>
   Оранжевый
  </color>
  <material>
   Хлопок
  </material>
  <price>
   315628
  </price>
  <rating>
   1.1
  </rating>
  <reviews>
   603878
  </reviews>
  <new>
   -
  </new>
  <exclusive>
   no
  </exclusive>
  <sporty>
   no
  </sporty>
 </clothing>
 <clothing>
  <id>
   661417636
  </id>
  <name>
   Puma Pants K-7390
  </name>
  <category>
   Pants
  </category>
  <size>
   M
  </size>
  <color>
   Оранжевый
  </color>
  <material>
   Вискоза
  </material>
  <price>
   956826
  </price>
  <rating>
   2.83
  </rating>
  <reviews>
   63827
  </reviews>
  <exclusive>
   yes
  </exclusive>
 </clothing>
 <clothing>
  <id>
   241978422
  </id>
  <name>
   Ellesse Shoes L-2835
  </name>
  <category>
   Shoes
  </category>
  <size>
   XL
  </size>
  <color>
   Голубой
  </color>
  <material>
   Кожа
  </material>
  <price>
   173857
  </price>
  <rating>
   3.45
  </rating>
  <reviews>
   225641
  </reviews>
  <new>
   -
  </new>
  <exclusive>
   no
  </exclusive>
  <sporty>
   no
  </sporty>
 </clothing>
 <clothing>
  <id>
   582895793
  </id>
  <name>
   Nike Umbrellas E-9024
  </name>
  <category>
   Umbrellas
  </category>
  <size>
   L
  </size>
  <color>
   Фиолетовый
  </color>
  <material>
   Шерсть
  </material>
  <price>
   630863
  </price>
  <rating>
   3.0
  </rating>
  <reviews>
   347463
  </reviews>
  <new>
   +
  </new>
  <sporty>
   yes
  </sporty>
 </clothing>
 <clothing>
  <id>
   591843603
  </id>
  <name>
   New Balance Blouse N-9871
  </name>
  <category>
   Blouse
  </category>
  <size>
   L
  </size>
  <color>
   Желтый
  </color>
  <material>
   Кожа
  </material>
  <price>
   296591
  </price>
  <rating>
   2.26
  </rating>
  <reviews>
   648495
  </reviews>
  <new>
   -
  </new>
  <sporty>
   yes
  </sporty>
 </clothing>
 <clothing>
  <id>
   807088715
  </id>
  <name>
   Adidas Hat J-4151
  </name>
  <category>
   Hat
  </category>
  <size>
   XL
  </size>
  <color>
   Фиолетовый
  </color>
  <material>
   Хлопок
  </material>
  <price>
   343875
  </price>
  <rating>
   2.19
  </rating>
  <reviews>
   296770
  </reviews>
  <new>
   -
  </new>
  <sporty>
   yes
  </sporty>
 </clothing>
 <clothing>
  <id>
   427926783
  </id>
  <name>
   Brooks Shoes F-4487
  </name>
  <category>
   Shoes
  </category>
  <size>
   XL
  </size>
  <color>
   Красный
  </color>
  <material>
   Хлопок
  </material>
  <price>
   966930
  </price>
  <rating>
   3.96
  </rating>
  <reviews>
   448153
  </reviews>
  <new>
   +
  </new>
  <exclusive>
   no
  </exclusive>
  <sporty>
   no
  </sporty>
 </clothing>
 <clothing>
  <id>
   481477359
  </id>
  <name>
   Addidas Dress R-7760
  </name>
  <category>
   Dress
  </category>
  <size>
   L
  </size>
  <color>
   Синий
  </color>
  <material>
   Кожа
  </material>
  <price>
   806779
  </price>
  <rating>
   1.21
  </rating>
  <reviews>
   571690
  </reviews>
  <sporty>
   yes
  </sporty>
 </clothing>
 <clothing>
  <id>
   941124708
  </id>
  <name>
   Lacoste Hat J-5380
  </name>
  <category>
   Hat
  </category>
  <size>
   S
  </size>
  <color>
   Красный
  </color>
  <material>
   Шерсть
  </material>
  <price>
   953430
  </price>
  <rating>
   2.97
  </rating>
  <reviews>
   972031
  </reviews>
  <new>
   -
  </new>
  <sporty>
   no
  </sporty>
 </clothing>
 <clothing>
  <id>
   997892123
  </id>
  <name>
   PleinSport Dress N-4169
  </name>
  <category>
   Dress
  </category>
  <size>
   XL
  </size>
  <color>
   Синий
  </color>
  <material>
   Нейлон
  </material>
  <price>
   930608
  </price>
  <rating>
   1.13
  </rating>
  <reviews>
   531226
  </reviews>
  <sporty>
   yes
  </sporty>
 </clothing>
 <clothing>
  <id>
   895649794
  </id>
  <name>
   Lacoste Umbrellas Q-3770
  </name>
  <category>
   Umbrellas
  </category>
  <size>
   S
  </size>
  <color>
   Голубой
  </color>
  <material>
   Кожа
  </material>
  <price>
   520855
  </price>
  <rating>
   3.67
  </rating>
  <reviews>
   75660
  </reviews>
  <new>
   +
  </new>
  <exclusive>
   no
  </exclusive>
  <sporty>
   no
  </sporty>
 </clothing>
 <clothing>
  <id>
   617536846
  </id>
  <name>
   Adidas Sweater L-7497
  </name>
  <category>
   Sweater
  </category>
  <size>
   M
  </size>
  <color>
   Красный
  </color>
  <material>
   Кожа
  </material>
  <price>
   528558
  </price>
  <rating>
   4.81
  </rating>
  <reviews>
   426010
  </reviews>
  <exclusive>
   no
  </exclusive>
 </clothing>
 <clothing>
  <id>
   768663638
  </id>
  <name>
   Vans Pants U-7469
  </name>
  <category>
   Pants
  </category>
  <size>
   XL
  </size>
  <color>
   Желтый
  </color>
  <material>
   Шерсть
  </material>
  <price>
   892066
  </price>
  <rating>
   4.89
  </rating>
  <reviews>
   257678
  </reviews>
  <new>
   +
  </new>
  <sporty>
   no
  </sporty>
 </clothing>
 <clothing>
  <id>
   191215740
  </id>
  <name>
   Ellesse Blouse Z-7593
  </name>
  <category>
   Blouse
  </category>
  <size>
   S
  </size>
  <color>
   Синий
  </color>
  <material>
   Шерсть
  </material>
  <price>
   930980
  </price>
  <rating>
   4.2
  </rating>
  <reviews>
   767506
  </reviews>
  <new>
   +
  </new>
  <sporty>
   yes
  </sporty>
 </clothing>
 <clothing>
  <id>
   157788121
  </id>
  <name>
   Adidas Blouse W-5664
  </name>
  <category>
   Blouse
  </category>
  <size>
   L
  </size>
  <color>
   Желтый
  </color>
  <material>
   Шерсть
  </material>
  <price>
   180003
  </price>
  <rating>
   1.66
  </rating>
  <reviews>
   127497
  </reviews>
  <new>
   -
  </new>
  <exclusive>
   yes
  </exclusive>
  <sporty>
   yes
  </sporty>
 </clothing>
 <clothing>
  <id>
   653189843
  </id>
  <name>
   Adidas Hat M-8974
  </name>
  <category>
   Hat
  </category>
  <size>
   XXL
  </size>
  <color>
   Желтый
  </color>
  <material>
   Вискоза
  </material>
  <price>
   841542
  </price>
  <rating>
   4.5
  </rating>
  <reviews>
   345206
  </reviews>
 </clothing>
 <clothing>
  <id>
   999092040
  </id>
  <name>
   Reebok Handbags A-9673
  </name>
  <category>
   Handbags
  </category>
  <size>
   S
  </size>
  <color>
   Красный
  </color>
  <material>
   Хлопок
  </material>
  <price>
   222289
  </price>
  <rating>
   2.4
  </rating>
  <reviews>
   754765
  </reviews>
  <new>
   +
  </new>
  <sporty>
   no
  </sporty>
 </clothing>
 <clothing>
  <id>
   390317083
  </id>
  <name>
   Addidas Pants E-8961
  </name>
  <category>
   Pants
  </category>
  <size>
   L
  </size>
  <color>
   Оранжевый
  </color>
  <material>
   Лен
  </material>
  <price>
   218309
  </price>
  <rating>
   1.39
  </rating>
  <reviews>
   398153
  </reviews>
 </clothing>
 <clothing>
  <id>
   354958423
  </id>
  <name>
   Under Armour Dress F-3800
  </name>
  <category>
   Dress
  </category>
  <size>
   L
  </size>
  <color>
   Голубой
  </color>
  <material>
   Шелк
  </material>
  <price>
   459274
  </price>
  <rating>
   4.4
  </rating>
  <reviews>
   934106
  </reviews>
  <new>
   -
  </new>
  <exclusive>
   yes
  </exclusive>
 </clothing>
 <clothing>
  <id>
   995628887
  </id>
  <name>
   New Balance Jacket C-5043
  </name>
  <category>
   Jacket
  </category>
  <size>
   S
  </size>
  <color>
   Красный
  </color>
  <material>
   Шелк
  </material>
  <price>
   688894
  </price>
  <rating>
   1.43
  </rating>
  <reviews>
   9833
  </reviews>
  <new>
   +
  </new>
  <exclusive>
   yes
  </exclusive>
 </clothing>
 <clothing>
  <id>
   102669372
  </id>
  <name>
   Under Armour Dress F-9465
  </name>
  <category>
   Dress
  </category>
  <size>
   L
  </size>
  <color>
   Голубой
  </color>
  <material>
   Шерсть
  </material>
  <price>
   490804
  </price>
  <rating>
   4.17
  </rating>
  <reviews>
   994503
  </reviews>
 </clothing>
 <clothing>
  <id>
   633212188
  </id>
  <name>
   Ellesse Skirt O-8506
  </name>
  <category>
   Skirt
  </category>
  <size>
   M
  </size>
  <color>
   Голубой
  </color>
  <material>
   Вискоза
  </material>
  <price>
   430042
  </price>
  <rating>
   2.63
  </rating>
  <reviews>
   768728
  </reviews>
 </clothing>
 <clothing>
  <id>
   634963982
  </id>
  <name>
   Nike Dress D-3251
  </name>
  <category>
   Dress
  </category>
  <size>
   L
  </size>
  <color>
   Желтый
  </color>
  <material>
   Шелк
  </material>
  <price>
   844150
  </price>
  <rating>
   1.77
  </rating>
  <reviews>
   139030
  </reviews>
  <exclusive>
   yes
  </exclusive>
  <sporty>
   no
  </sporty>
 </clothing>
 <clothing>
  <id>
   758486825
  </id>
  <name>
   New Balance T-shirt J-6125
  </name>
  <category>
   T-shirt
  </category>
  <size>
   M
  </size>
  <color>
   Оранжевый
  </color>
  <material>
   Шелк
  </material>
  <price>
   351514
  </price>
  <rating>
   2.69
  </rating>
  <reviews>
   85006
  </reviews>
  <new>
   -
  </new>
  <exclusive>
   no
  </exclusive>
  <sporty>
   no
  </sporty>
 </clothing>
 <clothing>
  <id>
   997952203
  </id>
  <name>
   Puma Skirt T-3212
  </name>
  <category>
   Skirt
  </category>
  <size>
   XL
  </size>
  <color>
   Зеленый
  </color>
  <material>
   Шерсть
  </material>
  <price>
   452552
  </price>
  <rating>
   3.52
  </rating>
  <reviews>
   237199
  </reviews>
  <new>
   -
  </new>
  <exclusive>
   no
  </exclusive>
  <sporty>
   no
  </sporty>
 </clothing>
</clothing-items>
