<?xml version="1.0" encoding="utf-8"?>
<clothing-items>
 <clothing>
  <id>
   708286099
  </id>
  <name>
   Lacoste Shoes S-7334
  </name>
  <category>
   Shoes
  </category>
  <size>
   L
  </size>
  <color>
   Красный
  </color>
  <material>
   Полиэстер
  </material>
  <price>
   319341
  </price>
  <rating>
   1.98
  </rating>
  <reviews>
   841592
  </reviews>
  <new>
   -
  </new>
  <exclusive>
   no
  </exclusive>
  <sporty>
   yes
  </sporty>
 </clothing>
 <clothing>
  <id>
   589038449
  </id>
  <name>
   Brooks Socks G-2134
  </name>
  <category>
   Socks
  </category>
  <size>
   M
  </size>
  <color>
   Красный
  </color>
  <material>
   Хлопок
  </material>
  <price>
   538226
  </price>
  <rating>
   1.69
  </rating>
  <reviews>
   847671
  </reviews>
  <new>
   -
  </new>
  <sporty>
   yes
  </sporty>
 </clothing>
 <clothing>
  <id>
   788104669
  </id>
  <name>
   Under Armour Belts U-9421
  </name>
  <category>
   Belts
  </category>
  <size>
   L
  </size>
  <color>
   Желтый
  </color>
  <material>
   Хлопок
  </material>
  <price>
   940880
  </price>
  <rating>
   3.83
  </rating>
  <reviews>
   341275
  </reviews>
  <exclusive>
   no
  </exclusive>
  <sporty>
   no
  </sporty>
 </clothing>
 <clothing>
  <id>
   146150694
  </id>
  <name>
   Puma Dress E-9258
  </name>
  <category>
   Dress
  </category>
  <size>
   M
  </size>
  <color>
   Желтый
  </color>
  <material>
   Лен
  </material>
  <price>
   133345
  </price>
  <rating>
   1.06
  </rating>
  <reviews>
   753650
  </reviews>
  <new>
   -
  </new>
  <exclusive>
   no
  </exclusive>
 </clothing>
 <clothing>
  <id>
   680960057
  </id>
  <name>
   PleinSport Handbags U-7191
  </name>
  <category>
   Handbags
  </category>
  <size>
   M
  </size>
  <color>
   Зеленый
  </color>
  <material>
   Кожа
  </material>
  <price>
   991638
  </price>
  <rating>
   4.11
  </rating>
  <reviews>
   85379
  </reviews>
  <new>
   -
  </new>
  <exclusive>
   no
  </exclusive>
  <sporty>
   yes
  </sporty>
 </clothing>
 <clothing>
  <id>
   212084807
  </id>
  <name>
   Brooks Socks U-3533
  </name>
  <category>
   Socks
  </category>
  <size>
   L
  </size>
  <color>
   Оранжевый
  </color>
  <material>
   Шерсть
  </material>
  <price>
   910197
  </price>
  <rating>
   4.4
  </rating>
  <reviews>
   522559
  </reviews>
  <new>
   -
  </new>
  <exclusive>
   no
  </exclusive>
 </clothing>
 <clothing>
  <id>
   446321012
  </id>
  <name>
   Fila Pants Z-3627
  </name>
  <category>
   Pants
  </category>
  <size>
   S
  </size>
  <color>
   Зеленый
  </color>
  <material>
   Лен
  </material>
  <price>
   944326
  </price>
  <rating>
   3.03
  </rating>
  <reviews>
   801706
  </reviews>
  <new>
   +
  </new>
  <sporty>
   no
  </sporty>
 </clothing>
 <clothing>
  <id>
   560211165
  </id>
  <name>
   PleinSport Handbags Q-7348
  </name>
  <category>
   Handbags
  </category>
  <size>
   L
  </size>
  <color>
   Красный
  </color>
  <material>
   Лен
  </material>
  <price>
   415887
  </price>
  <rating>
   4.2
  </rating>
  <reviews>
   524933
  </reviews>
  <new>
   +
  </new>
 </clothing>
 <clothing>
  <id>
   712182522
  </id>
  <name>
   Fila Jeans T-5806
  </name>
  <category>
   Jeans
  </category>
  <size>
   XL
  </size>
  <color>
   Синий
  </color>
  <material>
   Лен
  </material>
  <price>
   341593
  </price>
  <rating>
   2.78
  </rating>
  <reviews>
   289117
  </reviews>
  <exclusive>
   no
  </exclusive>
  <sporty>
   no
  </sporty>
 </clothing>
 <clothing>
  <id>
   570469907
  </id>
  <name>
   DC Handbags Z-5025
  </name>
  <category>
   Handbags
  </category>
  <size>
   XL
  </size>
  <color>
   Синий
  </color>
  <material>
   Кожа
  </material>
  <price>
   766207
  </price>
  <rating>
   2.14
  </rating>
  <reviews>
   354483
  </reviews>
  <new>
   +
  </new>
 </clothing>
 <clothing>
  <id>
   726460538
  </id>
  <name>
   DC Jeans M-7356
  </name>
  <category>
   Jeans
  </category>
  <size>
   XL
  </size>
  <color>
   Голубой
  </color>
  <material>
   Лен
  </material>
  <price>
   471157
  </price>
  <rating>
   2.76
  </rating>
  <reviews>
   176928
  </reviews>
  <exclusive>
   no
  </exclusive>
  <sporty>
   no
  </sporty>
 </clothing>
 <clothing>
  <id>
   273434833
  </id>
  <name>
   Under Armour Shirt K-8509
  </name>
  <category>
   Shirt
  </category>
  <size>
   L
  </size>
  <color>
   Зеленый
  </color>
  <material>
   Вискоза
  </material>
  <price>
   552207
  </price>
  <rating>
   2.16
  </rating>
  <reviews>
   954714
  </reviews>
 </clothing>
 <clothing>
  <id>
   941390430
  </id>
  <name>
   Nike Skirt A-2620
  </name>
  <category>
   Skirt
  </category>
  <size>
   S
  </size>
  <color>
   Зеленый
  </color>
  <material>
   Шерсть
  </material>
  <price>
   215190
  </price>
  <rating>
   4.31
  </rating>
  <reviews>
   67885
  </reviews>
  <sporty>
   yes
  </sporty>
 </clothing>
 <clothing>
  <id>
   230806616
  </id>
  <name>
   Under Armour Hat E-5611
  </name>
  <category>
   Hat
  </category>
  <size>
   L
  </size>
  <color>
   Голубой
  </color>
  <material>
   Хлопок
  </material>
  <price>
   161827
  </price>
  <rating>
   2.42
  </rating>
  <reviews>
   967885
  </reviews>
  <new>
   -
  </new>
  <sporty>
   yes
  </sporty>
 </clothing>
 <clothing>
  <id>
   121007726
  </id>
  <name>
   Lacoste Hat C-9722
  </name>
  <category>
   Hat
  </category>
  <size>
   M
  </size>
  <color>
   Зеленый
  </color>
  <material>
   Кожа
  </material>
  <price>
   241767
  </price>
  <rating>
   4.65
  </rating>
  <reviews>
   536665
  </reviews>
  <exclusive>
   no
  </exclusive>
  <sporty>
   yes
  </sporty>
 </clothing>
 <clothing>
  <id>
   140469929
  </id>
  <name>
   Converse Shoes D-2388
  </name>
  <category>
   Shoes
  </category>
  <size>
   XL
  </size>
  <color>
   Фиолетовый
  </color>
  <material>
   Лен
  </material>
  <price>
   859770
  </price>
  <rating>
   1.27
  </rating>
  <reviews>
   380136
  </reviews>
  <new>
   +
  </new>
  <sporty>
   yes
  </sporty>
 </clothing>
 <clothing>
  <id>
   569140821
  </id>
  <name>
   Converse Dress W-5150
  </name>
  <category>
   Dress
  </category>
  <size>
   XXL
  </size>
  <color>
   Синий
  </color>
  <material>
   Лен
  </material>
  <price>
   428718
  </price>
  <rating>
   3.26
  </rating>
  <reviews>
   142190
  </reviews>
  <exclusive>
   no
  </exclusive>
  <sporty>
   yes
  </sporty>
 </clothing>
 <clothing>
  <id>
   116575548
  </id>
  <name>
   Asics T-shirt G-8481
  </name>
  <category>
   T-shirt
  </category>
  <size>
   XL
  </size>
  <color>
   Зеленый
  </color>
  <material>
   Нейлон
  </material>
  <price>
   662993
  </price>
  <rating>
   3.33
  </rating>
  <reviews>
   122608
  </reviews>
  <exclusive>
   yes
  </exclusive>
  <sporty>
   yes
  </sporty>
 </clothing>
 <clothing>
  <id>
   290819483
  </id>
  <name>
   Vans Handbags H-8264
  </name>
  <category>
   Handbags
  </category>
  <size>
   L
  </size>
  <color>
   Желтый
  </color>
  <material>
   Кожа
  </material>
  <price>
   995262
  </price>
  <rating>
   2.37
  </rating>
  <reviews>
   439229
  </reviews>
  <exclusive>
   no
  </exclusive>
  <sporty>
   no
  </sporty>
 </clothing>
 <clothing>
  <id>
   542146826
  </id>
  <name>
   Addidas Shoes H-1184
  </name>
  <category>
   Shoes
  </category>
  <size>
   L
  </size>
  <color>
   Голубой
  </color>
  <material>
   Кожа
  </material>
  <price>
   520310
  </price>
  <rating>
   2.17
  </rating>
  <reviews>
   860712
  </reviews>
  <new>
   -
  </new>
  <sporty>
   yes
  </sporty>
 </clothing>
 <clothing>
  <id>
   554979528
  </id>
  <name>
   Brooks Sweater N-6109
  </name>
  <category>
   Sweater
  </category>
  <size>
   M
  </size>
  <color>
   Красный
  </color>
  <material>
   Полиэстер
  </material>
  <price>
   139902
  </price>
  <rating>
   3.69
  </rating>
  <reviews>
   270228
  </reviews>
  <exclusive>
   no
  </exclusive>
 </clothing>
 <clothing>
  <id>
   708827977
  </id>
  <name>
   Adidas Jeans Y-1014
  </name>
  <category>
   Jeans
  </category>
  <size>
   S
  </size>
  <color>
   Голубой
  </color>
  <material>
   Нейлон
  </material>
  <price>
   963081
  </price>
  <rating>
   1.44
  </rating>
  <reviews>
   439689
  </reviews>
  <new>
   -
  </new>
 </clothing>
 <clothing>
  <id>
   883489456
  </id>
  <name>
   DC Jeans J-1504
  </name>
  <category>
   Jeans
  </category>
  <size>
   XL
  </size>
  <color>
   Зеленый
  </color>
  <material>
   Полиэстер
  </material>
  <price>
   403737
  </price>
  <rating>
   1.77
  </rating>
  <reviews>
   934960
  </reviews>
  <new>
   +
  </new>
  <sporty>
   no
  </sporty>
 </clothing>
 <clothing>
  <id>
   453643202
  </id>
  <name>
   Converse Jeans J-7126
  </name>
  <category>
   Jeans
  </category>
  <size>
   L
  </size>
  <color>
   Синий
  </color>
  <material>
   Шелк
  </material>
  <price>
   975453
  </price>
  <rating>
   3.03
  </rating>
  <reviews>
   149665
  </reviews>
  <exclusive>
   no
  </exclusive>
  <sporty>
   no
  </sporty>
 </clothing>
 <clothing>
  <id>
   276007604
  </id>
  <name>
   Asics Shoes D-4157
  </name>
  <category>
   Shoes
  </category>
  <size>
   S
  </size>
  <color>
   Синий
  </color>
  <material>
   Лен
  </material>
  <price>
   365064
  </price>
  <rating>
   4.4
  </rating>
  <reviews>
   53513
  </reviews>
  <new>
   -
  </new>
  <exclusive>
   yes
  </exclusive>
 </clothing>
 <clothing>
  <id>
   516301707
  </id>
  <name>
   New Balance Blouse A-7822
  </name>
  <category>
   Blouse
  </category>
  <size>
   XL
  </size>
  <color>
   Голубой
  </color>
  <material>
   Шелк
  </material>
  <price>
   148003
  </price>
  <rating>
   1.49
  </rating>
  <reviews>
   360513
  </reviews>
  <exclusive>
   no
  </exclusive>
 </clothing>
 <clothing>
  <id>
   789078970
  </id>
  <name>
   Converse Jacket O-6807
  </name>
  <category>
   Jacket
  </category>
  <size>
   XXL
  </size>
  <color>
   Синий
  </color>
  <material>
   Лен
  </material>
  <price>
   298297
  </price>
  <rating>
   2.4
  </rating>
  <reviews>
   126914
  </reviews>
  <sporty>
   yes
  </sporty>
 </clothing>
 <clothing>
  <id>
   670001477
  </id>
  <name>
   Converse Hat Y-7716
  </name>
  <category>
   Hat
  </category>
  <size>
   L
  </size>
  <color>
   Голубой
  </color>
  <material>
   Шелк
  </material>
  <price>
   405224
  </price>
  <rating>
   2.85
  </rating>
  <reviews>
   532063
  </reviews>
  <new>
   +
  </new>
  <exclusive>
   yes
  </exclusive>
  <sporty>
   no
  </sporty>
 </clothing>
 <clothing>
  <id>
   582563502
  </id>
  <name>
   Lacoste Jeans C-7305
  </name>
  <category>
   Jeans
  </category>
  <size>
   S
  </size>
  <color>
   Красный
  </color>
  <material>
   Кожа
  </material>
  <price>
   369436
  </price>
  <rating>
   1.91
  </rating>
  <reviews>
   554719
  </reviews>
  <new>
   -
  </new>
  <exclusive>
   no
  </exclusive>
 </clothing>
 <clothing>
  <id>
   159585469
  </id>
  <name>
   Addidas Hat M-7471
  </name>
  <category>
   Hat
  </category>
  <size>
   L
  </size>
  <color>
   Красный
  </color>
  <material>
   Полиэстер
  </material>
  <price>
   562778
  </price>
  <rating>
   3.05
  </rating>
  <reviews>
   186774
  </reviews>
  <new>
   -
  </new>
  <exclusive>
   yes
  </exclusive>
  <sporty>
   yes
  </sporty>
 </clothing>
 <clothing>
  <id>
   403589404
  </id>
  <name>
   Under Armour Dress H-6093
  </name>
  <category>
   Dress
  </category>
  <size>
   S
  </size>
  <color>
   Оранжевый
  </color>
  <material>
   Полиэстер
  </material>
  <price>
   658541
  </price>
  <rating>
   1.44
  </rating>
  <reviews>
   446117
  </reviews>
  <new>
   +
  </new>
  <exclusive>
   no
  </exclusive>
 </clothing>
 <clothing>
  <id>
   385552392
  </id>
  <name>
   Nike Pants A-9625
  </name>
  <category>
   Pants
  </category>
  <size>
   XL
  </size>
  <color>
   Желтый
  </color>
  <material>
   Шерсть
  </material>
  <price>
   897078
  </price>
  <rating>
   4.43
  </rating>
  <reviews>
   980991
  </reviews>
  <new>
   +
  </new>
  <exclusive>
   yes
  </exclusive>
  <sporty>
   yes
  </sporty>
 </clothing>
 <clothing>
  <id>
   470413003
  </id>
  <name>
   Brooks T-shirt J-5610
  </name>
  <category>
   T-shirt
  </category>
  <size>
   XXL
  </size>
  <color>
   Синий
  </color>
  <material>
   Нейлон
  </material>
  <price>
   460121
  </price>
  <rating>
   1.49
  </rating>
  <reviews>
   110066
  </reviews>
  <exclusive>
   no
  </exclusive>
  <sporty>
   yes
  </sporty>
 </clothing>
 <clothing>
  <id>
   948947411
  </id>
  <name>
   Vans Sweater G-3636
  </name>
  <category>
   Sweater
  </category>
  <size>
   S
  </size>
  <color>
   Фиолетовый
  </color>
  <material>
   Шерсть
  </material>
  <price>
   320123
  </price>
  <rating>
   2.23
  </rating>
  <reviews>
   405597
  </reviews>
  <new>
   -
  </new>
  <exclusive>
   no
  </exclusive>
  <sporty>
   no
  </sporty>
 </clothing>
</clothing-items>
