<?xml version="1.0" encoding="utf-8"?>
<clothing-items>
 <clothing>
  <id>
   477254022
  </id>
  <name>
   Lacoste Skirt D-4460
  </name>
  <category>
   Skirt
  </category>
  <size>
   XXL
  </size>
  <color>
   Зеленый
  </color>
  <material>
   Хлопок
  </material>
  <price>
   559863
  </price>
  <rating>
   3.79
  </rating>
  <reviews>
   601156
  </reviews>
  <exclusive>
   yes
  </exclusive>
  <sporty>
   no
  </sporty>
 </clothing>
 <clothing>
  <id>
   872987972
  </id>
  <name>
   Nike Skirt R-2132
  </name>
  <category>
   Skirt
  </category>
  <size>
   S
  </size>
  <color>
   Оранжевый
  </color>
  <material>
   Шерсть
  </material>
  <price>
   400783
  </price>
  <rating>
   1.53
  </rating>
  <reviews>
   715279
  </reviews>
  <sporty>
   no
  </sporty>
 </clothing>
 <clothing>
  <id>
   603496287
  </id>
  <name>
   Puma Belts G-2050
  </name>
  <category>
   Belts
  </category>
  <size>
   L
  </size>
  <color>
   Голубой
  </color>
  <material>
   Вискоза
  </material>
  <price>
   712560
  </price>
  <rating>
   2.9
  </rating>
  <reviews>
   978431
  </reviews>
  <new>
   -
  </new>
  <sporty>
   no
  </sporty>
 </clothing>
 <clothing>
  <id>
   787870771
  </id>
  <name>
   Addidas Shirt Z-4471
  </name>
  <category>
   Shirt
  </category>
  <size>
   M
  </size>
  <color>
   Голубой
  </color>
  <material>
   Лен
  </material>
  <price>
   102490
  </price>
  <rating>
   2.09
  </rating>
  <reviews>
   694395
  </reviews>
  <exclusive>
   no
  </exclusive>
  <sporty>
   no
  </sporty>
 </clothing>
 <clothing>
  <id>
   198808288
  </id>
  <name>
   Ellesse Hat F-1387
  </name>
  <category>
   Hat
  </category>
  <size>
   XXL
  </size>
  <color>
   Голубой
  </color>
  <material>
   Хлопок
  </material>
  <price>
   313330
  </price>
  <rating>
   2.78
  </rating>
  <reviews>
   994194
  </reviews>
  <new>
   +
  </new>
  <exclusive>
   no
  </exclusive>
 </clothing>
 <clothing>
  <id>
   502452631
  </id>
  <name>
   Under Armour T-shirt Z-9548
  </name>
  <category>
   T-shirt
  </category>
  <size>
   M
  </size>
  <color>
   Фиолетовый
  </color>
  <material>
   Шерсть
  </material>
  <price>
   430192
  </price>
  <rating>
   4.75
  </rating>
  <reviews>
   606044
  </reviews>
  <new>
   -
  </new>
  <sporty>
   no
  </sporty>
 </clothing>
 <clothing>
  <id>
   286598029
  </id>
  <name>
   Under Armour Shirt I-6664
  </name>
  <category>
   Shirt
  </category>
  <size>
   XL
  </size>
  <color>
   Синий
  </color>
  <material>
   Нейлон
  </material>
  <price>
   954682
  </price>
  <rating>
   4.29
  </rating>
  <reviews>
   642960
  </reviews>
  <new>
   -
  </new>
  <exclusive>
   yes
  </exclusive>
  <sporty>
   no
  </sporty>
 </clothing>
 <clothing>
  <id>
   451868167
  </id>
  <name>
   Adidas Blouse P-7360
  </name>
  <category>
   Blouse
  </category>
  <size>
   XXL
  </size>
  <color>
   Красный
  </color>
  <material>
   Нейлон
  </material>
  <price>
   703632
  </price>
  <rating>
   1.39
  </rating>
  <reviews>
   392534
  </reviews>
  <exclusive>
   no
  </exclusive>
 </clothing>
 <clothing>
  <id>
   200718835
  </id>
  <name>
   Ellesse Jeans M-2940
  </name>
  <category>
   Jeans
  </category>
  <size>
   XXL
  </size>
  <color>
   Зеленый
  </color>
  <material>
   Лен
  </material>
  <price>
   270699
  </price>
  <rating>
   3.16
  </rating>
  <reviews>
   624886
  </reviews>
  <exclusive>
   yes
  </exclusive>
  <sporty>
   yes
  </sporty>
 </clothing>
 <clothing>
  <id>
   954015050
  </id>
  <name>
   Puma Sweater E-1504
  </name>
  <category>
   Sweater
  </category>
  <size>
   S
  </size>
  <color>
   Оранжевый
  </color>
  <material>
   Кожа
  </material>
  <price>
   347014
  </price>
  <rating>
   1.27
  </rating>
  <reviews>
   530935
  </reviews>
  <new>
   -
  </new>
  <sporty>
   yes
  </sporty>
 </clothing>
 <clothing>
  <id>
   131011091
  </id>
  <name>
   PleinSport Umbrellas M-7622
  </name>
  <category>
   Umbrellas
  </category>
  <size>
   L
  </size>
  <color>
   Желтый
  </color>
  <material>
   Хлопок
  </material>
  <price>
   395544
  </price>
  <rating>
   3.11
  </rating>
  <reviews>
   646089
  </reviews>
  <new>
   -
  </new>
  <exclusive>
   no
  </exclusive>
  <sporty>
   no
  </sporty>
 </clothing>
 <clothing>
  <id>
   279355276
  </id>
  <name>
   Asics Pants U-8951
  </name>
  <category>
   Pants
  </category>
  <size>
   M
  </size>
  <color>
   Голубой
  </color>
  <material>
   Шерсть
  </material>
  <price>
   168013
  </price>
  <rating>
   2.85
  </rating>
  <reviews>
   658652
  </reviews>
 </clothing>
 <clothing>
  <id>
   565007809
  </id>
  <name>
   Adidas Belts B-4024
  </name>
  <category>
   Belts
  </category>
  <size>
   L
  </size>
  <color>
   Оранжевый
  </color>
  <material>
   Шерсть
  </material>
  <price>
   515144
  </price>
  <rating>
   3.92
  </rating>
  <reviews>
   797199
  </reviews>
  <exclusive>
   no
  </exclusive>
  <sporty>
   no
  </sporty>
 </clothing>
 <clothing>
  <id>
   402929638
  </id>
  <name>
   Fila Handbags Z-8588
  </name>
  <category>
   Handbags
  </category>
  <size>
   L
  </size>
  <color>
   Голубой
  </color>
  <material>
   Нейлон
  </material>
  <price>
   436149
  </price>
  <rating>
   4.39
  </rating>
  <reviews>
   311423
  </reviews>
  <new>
   +
  </new>
  <exclusive>
   no
  </exclusive>
  <sporty>
   yes
  </sporty>
 </clothing>
 <clothing>
  <id>
   538346662
  </id>
  <name>
   Brooks Skirt M-9410
  </name>
  <category>
   Skirt
  </category>
  <size>
   XL
  </size>
  <color>
   Голубой
  </color>
  <material>
   Вискоза
  </material>
  <price>
   159870
  </price>
  <rating>
   1.6
  </rating>
  <reviews>
   106384
  </reviews>
  <exclusive>
   no
  </exclusive>
  <sporty>
   yes
  </sporty>
 </clothing>
 <clothing>
  <id>
   582892848
  </id>
  <name>
   Lacoste Shoes A-2822
  </name>
  <category>
   Shoes
  </category>
  <size>
   XL
  </size>
  <color>
   Синий
  </color>
  <material>
   Лен
  </material>
  <price>
   151814
  </price>
  <rating>
   1.08
  </rating>
  <reviews>
   990205
  </reviews>
  <exclusive>
   no
  </exclusive>
 </clothing>
 <clothing>
  <id>
   262997866
  </id>
  <name>
   Converse Sweater N-7881
  </name>
  <category>
   Sweater
  </category>
  <size>
   XL
  </size>
  <color>
   Синий
  </color>
  <material>
   Кожа
  </material>
  <price>
   683019
  </price>
  <rating>
   4.02
  </rating>
  <reviews>
   628592
  </reviews>
  <sporty>
   no
  </sporty>
 </clothing>
 <clothing>
  <id>
   768278275
  </id>
  <name>
   Puma Jeans E-4076
  </name>
  <category>
   Jeans
  </category>
  <size>
   L
  </size>
  <color>
   Оранжевый
  </color>
  <material>
   Полиэстер
  </material>
  <price>
   739941
  </price>
  <rating>
   1.84
  </rating>
  <reviews>
   421215
  </reviews>
 </clothing>
 <clothing>
  <id>
   952706196
  </id>
  <name>
   Reebok T-shirt W-2798
  </name>
  <category>
   T-shirt
  </category>
  <size>
   L
  </size>
  <color>
   Желтый
  </color>
  <material>
   Полиэстер
  </material>
  <price>
   700888
  </price>
  <rating>
   3.3
  </rating>
  <reviews>
   908773
  </reviews>
  <new>
   +
  </new>
  <exclusive>
   no
  </exclusive>
  <sporty>
   no
  </sporty>
 </clothing>
 <clothing>
  <id>
   698232739
  </id>
  <name>
   Vans Pants E-6070
  </name>
  <category>
   Pants
  </category>
  <size>
   XL
  </size>
  <color>
   Красный
  </color>
  <material>
   Шелк
  </material>
  <price>
   967191
  </price>
  <rating>
   2.56
  </rating>
  <reviews>
   159365
  </reviews>
  <new>
   -
  </new>
 </clothing>
 <clothing>
  <id>
   329742729
  </id>
  <name>
   Ellesse Gloves X-2816
  </name>
  <category>
   Gloves
  </category>
  <size>
   S
  </size>
  <color>
   Синий
  </color>
  <material>
   Полиэстер
  </material>
  <price>
   259731
  </price>
  <rating>
   3.88
  </rating>
  <reviews>
   999273
  </reviews>
 </clothing>
 <clothing>
  <id>
   408158627
  </id>
  <name>
   Under Armour Handbags U-2788
  </name>
  <category>
   Handbags
  </category>
  <size>
   L
  </size>
  <color>
   Желтый
  </color>
  <material>
   Полиэстер
  </material>
  <price>
   372030
  </price>
  <rating>
   2.11
  </rating>
  <reviews>
   985514
  </reviews>
  <new>
   -
  </new>
 </clothing>
</clothing-items>
