<?xml version="1.0" encoding="utf-8"?>
<clothing-items>
 <clothing>
  <id>
   308818172
  </id>
  <name>
   PleinSport Skirt G-1323
  </name>
  <category>
   Skirt
  </category>
  <size>
   M
  </size>
  <color>
   Фиолетовый
  </color>
  <material>
   Шерсть
  </material>
  <price>
   162268
  </price>
  <rating>
   1.7
  </rating>
  <reviews>
   739254
  </reviews>
  <exclusive>
   yes
  </exclusive>
 </clothing>
 <clothing>
  <id>
   352811554
  </id>
  <name>
   New Balance Shoes L-7186
  </name>
  <category>
   Shoes
  </category>
  <size>
   XL
  </size>
  <color>
   Оранжевый
  </color>
  <material>
   Полиэстер
  </material>
  <price>
   824634
  </price>
  <rating>
   3.07
  </rating>
  <reviews>
   26123
  </reviews>
  <new>
   -
  </new>
 </clothing>
 <clothing>
  <id>
   420748629
  </id>
  <name>
   DC Shirt K-3513
  </name>
  <category>
   Shirt
  </category>
  <size>
   S
  </size>
  <color>
   Оранжевый
  </color>
  <material>
   Полиэстер
  </material>
  <price>
   836997
  </price>
  <rating>
   1.98
  </rating>
  <reviews>
   391968
  </reviews>
  <new>
   -
  </new>
  <exclusive>
   no
  </exclusive>
  <sporty>
   yes
  </sporty>
 </clothing>
 <clothing>
  <id>
   227896294
  </id>
  <name>
   Reebok Hat H-8549
  </name>
  <category>
   Hat
  </category>
  <size>
   S
  </size>
  <color>
   Синий
  </color>
  <material>
   Кожа
  </material>
  <price>
   762007
  </price>
  <rating>
   3.39
  </rating>
  <reviews>
   311781
  </reviews>
  <new>
   -
  </new>
  <exclusive>
   yes
  </exclusive>
  <sporty>
   no
  </sporty>
 </clothing>
 <clothing>
  <id>
   593330560
  </id>
  <name>
   Reebok Pants S-7554
  </name>
  <category>
   Pants
  </category>
  <size>
   XXL
  </size>
  <color>
   Красный
  </color>
  <material>
   Кожа
  </material>
  <price>
   790158
  </price>
  <rating>
   3.36
  </rating>
  <reviews>
   914110
  </reviews>
  <new>
   -
  </new>
  <exclusive>
   no
  </exclusive>
 </clothing>
 <clothing>
  <id>
   497296931
  </id>
  <name>
   DC Skirt R-1212
  </name>
  <category>
   Skirt
  </category>
  <size>
   L
  </size>
  <color>
   Желтый
  </color>
  <material>
   Лен
  </material>
  <price>
   827666
  </price>
  <rating>
   2.35
  </rating>
  <reviews>
   229191
  </reviews>
  <new>
   +
  </new>
  <sporty>
   yes
  </sporty>
 </clothing>
 <clothing>
  <id>
   615947520
  </id>
  <name>
   Vans Belts I-1009
  </name>
  <category>
   Belts
  </category>
  <size>
   S
  </size>
  <color>
   Синий
  </color>
  <material>
   Шерсть
  </material>
  <price>
   886409
  </price>
  <rating>
   4.0
  </rating>
  <reviews>
   952811
  </reviews>
  <exclusive>
   yes
  </exclusive>
  <sporty>
   no
  </sporty>
 </clothing>
 <clothing>
  <id>
   374693835
  </id>
  <name>
   DC Umbrellas R-2088
  </name>
  <category>
   Umbrellas
  </category>
  <size>
   M
  </size>
  <color>
   Голубой
  </color>
  <material>
   Полиэстер
  </material>
  <price>
   184355
  </price>
  <rating>
   1.26
  </rating>
  <reviews>
   79778
  </reviews>
  <exclusive>
   no
  </exclusive>
  <sporty>
   no
  </sporty>
 </clothing>
 <clothing>
  <id>
   313369212
  </id>
  <name>
   Vans Blouse N-4493
  </name>
  <category>
   Blouse
  </category>
  <size>
   M
  </size>
  <color>
   Голубой
  </color>
  <material>
   Полиэстер
  </material>
  <price>
   251182
  </price>
  <rating>
   2.04
  </rating>
  <reviews>
   759053
  </reviews>
  <exclusive>
   yes
  </exclusive>
  <sporty>
   yes
  </sporty>
 </clothing>
 <clothing>
  <id>
   878594952
  </id>
  <name>
   Brooks Sweater W-1718
  </name>
  <category>
   Sweater
  </category>
  <size>
   L
  </size>
  <color>
   Синий
  </color>
  <material>
   Вискоза
  </material>
  <price>
   937248
  </price>
  <rating>
   3.17
  </rating>
  <reviews>
   91158
  </reviews>
  <exclusive>
   no
  </exclusive>
 </clothing>
 <clothing>
  <id>
   186287106
  </id>
  <name>
   PleinSport Shoes G-5476
  </name>
  <category>
   Shoes
  </category>
  <size>
   S
  </size>
  <color>
   Зеленый
  </color>
  <material>
   Шерсть
  </material>
  <price>
   154110
  </price>
  <rating>
   3.67
  </rating>
  <reviews>
   808264
  </reviews>
  <exclusive>
   no
  </exclusive>
  <sporty>
   no
  </sporty>
 </clothing>
 <clothing>
  <id>
   627707741
  </id>
  <name>
   Ellesse Skirt Z-8855
  </name>
  <category>
   Skirt
  </category>
  <size>
   L
  </size>
  <color>
   Оранжевый
  </color>
  <material>
   Полиэстер
  </material>
  <price>
   160655
  </price>
  <rating>
   1.83
  </rating>
  <reviews>
   47793
  </reviews>
  <new>
   -
  </new>
  <exclusive>
   no
  </exclusive>
  <sporty>
   no
  </sporty>
 </clothing>
 <clothing>
  <id>
   274864968
  </id>
  <name>
   Brooks Shoes L-7709
  </name>
  <category>
   Shoes
  </category>
  <size>
   L
  </size>
  <color>
   Зеленый
  </color>
  <material>
   Нейлон
  </material>
  <price>
   173897
  </price>
  <rating>
   2.56
  </rating>
  <reviews>
   29595
  </reviews>
  <new>
   -
  </new>
  <exclusive>
   yes
  </exclusive>
 </clothing>
 <clothing>
  <id>
   585125279
  </id>
  <name>
   Lacoste Umbrellas S-8585
  </name>
  <category>
   Umbrellas
  </category>
  <size>
   XL
  </size>
  <color>
   Фиолетовый
  </color>
  <material>
   Полиэстер
  </material>
  <price>
   856194
  </price>
  <rating>
   2.58
  </rating>
  <reviews>
   65220
  </reviews>
 </clothing>
 <clothing>
  <id>
   514200689
  </id>
  <name>
   Lacoste Jeans D-3380
  </name>
  <category>
   Jeans
  </category>
  <size>
   XXL
  </size>
  <color>
   Фиолетовый
  </color>
  <material>
   Полиэстер
  </material>
  <price>
   316909
  </price>
  <rating>
   1.71
  </rating>
  <reviews>
   805540
  </reviews>
 </clothing>
</clothing-items>
