<?xml version="1.0" encoding="utf-8"?>
<clothing-items>
 <clothing>
  <id>
   909082714
  </id>
  <name>
   PleinSport Socks F-1930
  </name>
  <category>
   Socks
  </category>
  <size>
   M
  </size>
  <color>
   Красный
  </color>
  <material>
   Вискоза
  </material>
  <price>
   655739
  </price>
  <rating>
   4.14
  </rating>
  <reviews>
   942357
  </reviews>
  <sporty>
   no
  </sporty>
 </clothing>
 <clothing>
  <id>
   460883741
  </id>
  <name>
   Vans Sweater H-3704
  </name>
  <category>
   Sweater
  </category>
  <size>
   XL
  </size>
  <color>
   Синий
  </color>
  <material>
   Хлопок
  </material>
  <price>
   126103
  </price>
  <rating>
   4.19
  </rating>
  <reviews>
   108211
  </reviews>
  <new>
   -
  </new>
  <exclusive>
   yes
  </exclusive>
  <sporty>
   no
  </sporty>
 </clothing>
 <clothing>
  <id>
   145174836
  </id>
  <name>
   Lacoste Shoes V-8868
  </name>
  <category>
   Shoes
  </category>
  <size>
   XXL
  </size>
  <color>
   Желтый
  </color>
  <material>
   Полиэстер
  </material>
  <price>
   982550
  </price>
  <rating>
   4.15
  </rating>
  <reviews>
   282985
  </reviews>
  <sporty>
   no
  </sporty>
 </clothing>
 <clothing>
  <id>
   699826188
  </id>
  <name>
   Nike Hat X-9997
  </name>
  <category>
   Hat
  </category>
  <size>
   L
  </size>
  <color>
   Голубой
  </color>
  <material>
   Лен
  </material>
  <price>
   424553
  </price>
  <rating>
   2.85
  </rating>
  <reviews>
   901353
  </reviews>
  <new>
   +
  </new>
  <exclusive>
   no
  </exclusive>
  <sporty>
   no
  </sporty>
 </clothing>
 <clothing>
  <id>
   112520824
  </id>
  <name>
   Lacoste T-shirt N-5647
  </name>
  <category>
   T-shirt
  </category>
  <size>
   S
  </size>
  <color>
   Желтый
  </color>
  <material>
   Хлопок
  </material>
  <price>
   930573
  </price>
  <rating>
   1.38
  </rating>
  <reviews>
   578379
  </reviews>
  <new>
   -
  </new>
  <exclusive>
   yes
  </exclusive>
  <sporty>
   no
  </sporty>
 </clothing>
 <clothing>
  <id>
   814836949
  </id>
  <name>
   Converse Gloves G-2187
  </name>
  <category>
   Gloves
  </category>
  <size>
   M
  </size>
  <color>
   Синий
  </color>
  <material>
   Лен
  </material>
  <price>
   396913
  </price>
  <rating>
   4.91
  </rating>
  <reviews>
   866517
  </reviews>
  <exclusive>
   yes
  </exclusive>
  <sporty>
   no
  </sporty>
 </clothing>
 <clothing>
  <id>
   483170176
  </id>
  <name>
   Nike Hat N-5952
  </name>
  <category>
   Hat
  </category>
  <size>
   S
  </size>
  <color>
   Фиолетовый
  </color>
  <material>
   Лен
  </material>
  <price>
   312794
  </price>
  <rating>
   2.02
  </rating>
  <reviews>
   584022
  </reviews>
  <exclusive>
   no
  </exclusive>
 </clothing>
 <clothing>
  <id>
   908683592
  </id>
  <name>
   DC Umbrellas F-7251
  </name>
  <category>
   Umbrellas
  </category>
  <size>
   XXL
  </size>
  <color>
   Синий
  </color>
  <material>
   Вискоза
  </material>
  <price>
   981589
  </price>
  <rating>
   2.09
  </rating>
  <reviews>
   467728
  </reviews>
  <exclusive>
   no
  </exclusive>
  <sporty>
   no
  </sporty>
 </clothing>
 <clothing>
  <id>
   713197856
  </id>
  <name>
   Brooks Hat G-4845
  </name>
  <category>
   Hat
  </category>
  <size>
   XL
  </size>
  <color>
   Синий
  </color>
  <material>
   Нейлон
  </material>
  <price>
   310427
  </price>
  <rating>
   4.74
  </rating>
  <reviews>
   144361
  </reviews>
 </clothing>
 <clothing>
  <id>
   929846983
  </id>
  <name>
   Brooks Pants Y-2911
  </name>
  <category>
   Pants
  </category>
  <size>
   S
  </size>
  <color>
   Голубой
  </color>
  <material>
   Шерсть
  </material>
  <price>
   385043
  </price>
  <rating>
   4.16
  </rating>
  <reviews>
   624342
  </reviews>
  <new>
   +
  </new>
  <exclusive>
   yes
  </exclusive>
  <sporty>
   no
  </sporty>
 </clothing>
</clothing-items>
