<?xml version="1.0" encoding="utf-8"?>
<clothing-items>
 <clothing>
  <id>
   701811149
  </id>
  <name>
   Adidas Shoes O-2248
  </name>
  <category>
   Shoes
  </category>
  <size>
   XXL
  </size>
  <color>
   Фиолетовый
  </color>
  <material>
   Полиэстер
  </material>
  <price>
   411081
  </price>
  <rating>
   4.1
  </rating>
  <reviews>
   851202
  </reviews>
  <new>
   +
  </new>
  <exclusive>
   yes
  </exclusive>
  <sporty>
   no
  </sporty>
 </clothing>
 <clothing>
  <id>
   603800413
  </id>
  <name>
   Nike Socks P-3184
  </name>
  <category>
   Socks
  </category>
  <size>
   M
  </size>
  <color>
   Зеленый
  </color>
  <material>
   Вискоза
  </material>
  <price>
   945600
  </price>
  <rating>
   1.93
  </rating>
  <reviews>
   632088
  </reviews>
  <new>
   -
  </new>
  <exclusive>
   no
  </exclusive>
  <sporty>
   yes
  </sporty>
 </clothing>
 <clothing>
  <id>
   958691316
  </id>
  <name>
   Asics Jacket A-7187
  </name>
  <category>
   Jacket
  </category>
  <size>
   XL
  </size>
  <color>
   Желтый
  </color>
  <material>
   Шелк
  </material>
  <price>
   122126
  </price>
  <rating>
   2.33
  </rating>
  <reviews>
   785200
  </reviews>
  <new>
   +
  </new>
 </clothing>
 <clothing>
  <id>
   149819473
  </id>
  <name>
   New Balance Pants L-5734
  </name>
  <category>
   Pants
  </category>
  <size>
   L
  </size>
  <color>
   Желтый
  </color>
  <material>
   Полиэстер
  </material>
  <price>
   118671
  </price>
  <rating>
   1.43
  </rating>
  <reviews>
   957019
  </reviews>
 </clothing>
 <clothing>
  <id>
   768549127
  </id>
  <name>
   Vans Gloves B-6906
  </name>
  <category>
   Gloves
  </category>
  <size>
   XL
  </size>
  <color>
   Синий
  </color>
  <material>
   Полиэстер
  </material>
  <price>
   485353
  </price>
  <rating>
   1.26
  </rating>
  <reviews>
   521949
  </reviews>
  <exclusive>
   no
  </exclusive>
  <sporty>
   yes
  </sporty>
 </clothing>
 <clothing>
  <id>
   220684823
  </id>
  <name>
   Reebok Umbrellas G-6938
  </name>
  <category>
   Umbrellas
  </category>
  <size>
   XXL
  </size>
  <color>
   Голубой
  </color>
  <material>
   Лен
  </material>
  <price>
   438217
  </price>
  <rating>
   1.72
  </rating>
  <reviews>
   786816
  </reviews>
  <new>
   -
  </new>
 </clothing>
 <clothing>
  <id>
   688548273
  </id>
  <name>
   DC Belts Z-8061
  </name>
  <category>
   Belts
  </category>
  <size>
   M
  </size>
  <color>
   Желтый
  </color>
  <material>
   Шелк
  </material>
  <price>
   177583
  </price>
  <rating>
   1.96
  </rating>
  <reviews>
   818093
  </reviews>
  <exclusive>
   no
  </exclusive>
  <sporty>
   no
  </sporty>
 </clothing>
 <clothing>
  <id>
   718698340
  </id>
  <name>
   DC Pants X-8124
  </name>
  <category>
   Pants
  </category>
  <size>
   S
  </size>
  <color>
   Зеленый
  </color>
  <material>
   Полиэстер
  </material>
  <price>
   330957
  </price>
  <rating>
   1.87
  </rating>
  <reviews>
   436587
  </reviews>
  <exclusive>
   yes
  </exclusive>
  <sporty>
   no
  </sporty>
 </clothing>
 <clothing>
  <id>
   841920785
  </id>
  <name>
   PleinSport Shoes S-9651
  </name>
  <category>
   Shoes
  </category>
  <size>
   XXL
  </size>
  <color>
   Оранжевый
  </color>
  <material>
   Лен
  </material>
  <price>
   293491
  </price>
  <rating>
   3.47
  </rating>
  <reviews>
   206671
  </reviews>
  <new>
   +
  </new>
  <sporty>
   no
  </sporty>
 </clothing>
 <clothing>
  <id>
   655738152
  </id>
  <name>
   Brooks Handbags T-3786
  </name>
  <category>
   Handbags
  </category>
  <size>
   S
  </size>
  <color>
   Синий
  </color>
  <material>
   Полиэстер
  </material>
  <price>
   486800
  </price>
  <rating>
   4.35
  </rating>
  <reviews>
   679626
  </reviews>
  <sporty>
   no
  </sporty>
 </clothing>
 <clothing>
  <id>
   180607452
  </id>
  <name>
   Reebok Jacket H-8115
  </name>
  <category>
   Jacket
  </category>
  <size>
   S
  </size>
  <color>
   Желтый
  </color>
  <material>
   Полиэстер
  </material>
  <price>
   501083
  </price>
  <rating>
   2.22
  </rating>
  <reviews>
   208215
  </reviews>
  <new>
   -
  </new>
  <exclusive>
   no
  </exclusive>
  <sporty>
   no
  </sporty>
 </clothing>
 <clothing>
  <id>
   112219019
  </id>
  <name>
   Addidas Handbags H-6044
  </name>
  <category>
   Handbags
  </category>
  <size>
   XXL
  </size>
  <color>
   Голубой
  </color>
  <material>
   Нейлон
  </material>
  <price>
   318131
  </price>
  <rating>
   2.08
  </rating>
  <reviews>
   944348
  </reviews>
  <new>
   +
  </new>
  <sporty>
   no
  </sporty>
 </clothing>
 <clothing>
  <id>
   533201721
  </id>
  <name>
   Brooks Jeans F-2752
  </name>
  <category>
   Jeans
  </category>
  <size>
   XL
  </size>
  <color>
   Оранжевый
  </color>
  <material>
   Вискоза
  </material>
  <price>
   326571
  </price>
  <rating>
   3.98
  </rating>
  <reviews>
   717475
  </reviews>
  <new>
   -
  </new>
  <exclusive>
   yes
  </exclusive>
 </clothing>
 <clothing>
  <id>
   295963563
  </id>
  <name>
   Under Armour Socks D-5352
  </name>
  <category>
   Socks
  </category>
  <size>
   XXL
  </size>
  <color>
   Зеленый
  </color>
  <material>
   Полиэстер
  </material>
  <price>
   873066
  </price>
  <rating>
   2.71
  </rating>
  <reviews>
   639251
  </reviews>
  <new>
   +
  </new>
  <exclusive>
   no
  </exclusive>
 </clothing>
 <clothing>
  <id>
   402965925
  </id>
  <name>
   Puma Blouse I-4774
  </name>
  <category>
   Blouse
  </category>
  <size>
   XXL
  </size>
  <color>
   Зеленый
  </color>
  <material>
   Вискоза
  </material>
  <price>
   583717
  </price>
  <rating>
   2.34
  </rating>
  <reviews>
   569776
  </reviews>
  <new>
   -
  </new>
  <exclusive>
   yes
  </exclusive>
 </clothing>
 <clothing>
  <id>
   506624321
  </id>
  <name>
   Ellesse Umbrellas C-2147
  </name>
  <category>
   Umbrellas
  </category>
  <size>
   S
  </size>
  <color>
   Зеленый
  </color>
  <material>
   Шелк
  </material>
  <price>
   158576
  </price>
  <rating>
   3.54
  </rating>
  <reviews>
   829908
  </reviews>
  <sporty>
   yes
  </sporty>
 </clothing>
 <clothing>
  <id>
   623828508
  </id>
  <name>
   Nike Jeans J-6305
  </name>
  <category>
   Jeans
  </category>
  <size>
   M
  </size>
  <color>
   Желтый
  </color>
  <material>
   Вискоза
  </material>
  <price>
   965048
  </price>
  <rating>
   2.78
  </rating>
  <reviews>
   149387
  </reviews>
  <new>
   +
  </new>
  <sporty>
   no
  </sporty>
 </clothing>
 <clothing>
  <id>
   810428807
  </id>
  <name>
   Asics Jacket G-4449
  </name>
  <category>
   Jacket
  </category>
  <size>
   S
  </size>
  <color>
   Оранжевый
  </color>
  <material>
   Хлопок
  </material>
  <price>
   366222
  </price>
  <rating>
   2.42
  </rating>
  <reviews>
   869790
  </reviews>
  <new>
   +
  </new>
 </clothing>
 <clothing>
  <id>
   863056357
  </id>
  <name>
   Adidas Shoes L-5589
  </name>
  <category>
   Shoes
  </category>
  <size>
   S
  </size>
  <color>
   Голубой
  </color>
  <material>
   Хлопок
  </material>
  <price>
   609517
  </price>
  <rating>
   1.58
  </rating>
  <reviews>
   187181
  </reviews>
  <exclusive>
   no
  </exclusive>
 </clothing>
 <clothing>
  <id>
   736005916
  </id>
  <name>
   DC Sweater H-2691
  </name>
  <category>
   Sweater
  </category>
  <size>
   XXL
  </size>
  <color>
   Голубой
  </color>
  <material>
   Полиэстер
  </material>
  <price>
   563594
  </price>
  <rating>
   2.2
  </rating>
  <reviews>
   267456
  </reviews>
  <exclusive>
   yes
  </exclusive>
  <sporty>
   yes
  </sporty>
 </clothing>
 <clothing>
  <id>
   545690294
  </id>
  <name>
   Converse Jeans T-7201
  </name>
  <category>
   Jeans
  </category>
  <size>
   S
  </size>
  <color>
   Оранжевый
  </color>
  <material>
   Полиэстер
  </material>
  <price>
   204927
  </price>
  <rating>
   3.22
  </rating>
  <reviews>
   906438
  </reviews>
  <new>
   +
  </new>
  <sporty>
   yes
  </sporty>
 </clothing>
 <clothing>
  <id>
   550586927
  </id>
  <name>
   Reebok Jacket F-1073
  </name>
  <category>
   Jacket
  </category>
  <size>
   M
  </size>
  <color>
   Фиолетовый
  </color>
  <material>
   Хлопок
  </material>
  <price>
   558162
  </price>
  <rating>
   1.64
  </rating>
  <reviews>
   941116
  </reviews>
  <new>
   +
  </new>
  <exclusive>
   yes
  </exclusive>
  <sporty>
   yes
  </sporty>
 </clothing>
 <clothing>
  <id>
   809657982
  </id>
  <name>
   Addidas Pants F-7579
  </name>
  <category>
   Pants
  </category>
  <size>
   L
  </size>
  <color>
   Желтый
  </color>
  <material>
   Нейлон
  </material>
  <price>
   746337
  </price>
  <rating>
   2.62
  </rating>
  <reviews>
   188192
  </reviews>
  <new>
   +
  </new>
 </clothing>
 <clothing>
  <id>
   746261469
  </id>
  <name>
   New Balance Socks S-9424
  </name>
  <category>
   Socks
  </category>
  <size>
   S
  </size>
  <color>
   Фиолетовый
  </color>
  <material>
   Вискоза
  </material>
  <price>
   796395
  </price>
  <rating>
   1.76
  </rating>
  <reviews>
   912361
  </reviews>
  <exclusive>
   yes
  </exclusive>
  <sporty>
   no
  </sporty>
 </clothing>
 <clothing>
  <id>
   509995504
  </id>
  <name>
   Addidas Dress I-3922
  </name>
  <category>
   Dress
  </category>
  <size>
   M
  </size>
  <color>
   Зеленый
  </color>
  <material>
   Хлопок
  </material>
  <price>
   127173
  </price>
  <rating>
   3.44
  </rating>
  <reviews>
   402195
  </reviews>
  <new>
   +
  </new>
 </clothing>
 <clothing>
  <id>
   883155034
  </id>
  <name>
   Nike Shirt O-6270
  </name>
  <category>
   Shirt
  </category>
  <size>
   XL
  </size>
  <color>
   Фиолетовый
  </color>
  <material>
   Нейлон
  </material>
  <price>
   269699
  </price>
  <rating>
   3.9
  </rating>
  <reviews>
   303261
  </reviews>
  <sporty>
   no
  </sporty>
 </clothing>
 <clothing>
  <id>
   249556737
  </id>
  <name>
   Converse Handbags Z-1799
  </name>
  <category>
   Handbags
  </category>
  <size>
   XL
  </size>
  <color>
   Зеленый
  </color>
  <material>
   Кожа
  </material>
  <price>
   665200
  </price>
  <rating>
   3.8
  </rating>
  <reviews>
   799367
  </reviews>
  <new>
   -
  </new>
  <exclusive>
   yes
  </exclusive>
  <sporty>
   no
  </sporty>
 </clothing>
 <clothing>
  <id>
   634266553
  </id>
  <name>
   Asics Hat U-9618
  </name>
  <category>
   Hat
  </category>
  <size>
   M
  </size>
  <color>
   Оранжевый
  </color>
  <material>
   Шерсть
  </material>
  <price>
   761443
  </price>
  <rating>
   2.91
  </rating>
  <reviews>
   332184
  </reviews>
  <new>
   -
  </new>
  <exclusive>
   yes
  </exclusive>
 </clothing>
 <clothing>
  <id>
   896095099
  </id>
  <name>
   Fila Dress D-7454
  </name>
  <category>
   Dress
  </category>
  <size>
   XXL
  </size>
  <color>
   Голубой
  </color>
  <material>
   Кожа
  </material>
  <price>
   357005
  </price>
  <rating>
   3.01
  </rating>
  <reviews>
   306690
  </reviews>
  <new>
   -
  </new>
 </clothing>
 <clothing>
  <id>
   708003299
  </id>
  <name>
   Reebok Hat U-9121
  </name>
  <category>
   Hat
  </category>
  <size>
   M
  </size>
  <color>
   Желтый
  </color>
  <material>
   Лен
  </material>
  <price>
   659919
  </price>
  <rating>
   3.05
  </rating>
  <reviews>
   341496
  </reviews>
  <new>
   -
  </new>
  <exclusive>
   yes
  </exclusive>
  <sporty>
   yes
  </sporty>
 </clothing>
 <clothing>
  <id>
   281250755
  </id>
  <name>
   Nike Shoes O-9373
  </name>
  <category>
   Shoes
  </category>
  <size>
   M
  </size>
  <color>
   Желтый
  </color>
  <material>
   Хлопок
  </material>
  <price>
   705691
  </price>
  <rating>
   2.18
  </rating>
  <reviews>
   934818
  </reviews>
  <exclusive>
   yes
  </exclusive>
 </clothing>
 <clothing>
  <id>
   861418168
  </id>
  <name>
   Reebok Blouse U-4757
  </name>
  <category>
   Blouse
  </category>
  <size>
   XL
  </size>
  <color>
   Желтый
  </color>
  <material>
   Кожа
  </material>
  <price>
   519062
  </price>
  <rating>
   4.48
  </rating>
  <reviews>
   343988
  </reviews>
  <new>
   +
  </new>
  <exclusive>
   no
  </exclusive>
 </clothing>
 <clothing>
  <id>
   899489068
  </id>
  <name>
   Fila Sweater J-3208
  </name>
  <category>
   Sweater
  </category>
  <size>
   S
  </size>
  <color>
   Оранжевый
  </color>
  <material>
   Полиэстер
  </material>
  <price>
   491036
  </price>
  <rating>
   3.31
  </rating>
  <reviews>
   593996
  </reviews>
  <new>
   -
  </new>
  <exclusive>
   no
  </exclusive>
 </clothing>
 <clothing>
  <id>
   339296851
  </id>
  <name>
   DC Sweater S-6497
  </name>
  <category>
   Sweater
  </category>
  <size>
   XL
  </size>
  <color>
   Красный
  </color>
  <material>
   Шелк
  </material>
  <price>
   373753
  </price>
  <rating>
   2.7
  </rating>
  <reviews>
   986489
  </reviews>
  <new>
   +
  </new>
  <exclusive>
   no
  </exclusive>
  <sporty>
   no
  </sporty>
 </clothing>
 <clothing>
  <id>
   490478279
  </id>
  <name>
   Ellesse Dress N-9523
  </name>
  <category>
   Dress
  </category>
  <size>
   S
  </size>
  <color>
   Красный
  </color>
  <material>
   Кожа
  </material>
  <price>
   665302
  </price>
  <rating>
   3.98
  </rating>
  <reviews>
   542938
  </reviews>
  <exclusive>
   no
  </exclusive>
  <sporty>
   yes
  </sporty>
 </clothing>
 <clothing>
  <id>
   992824071
  </id>
  <name>
   Puma Dress U-6988
  </name>
  <category>
   Dress
  </category>
  <size>
   L
  </size>
  <color>
   Синий
  </color>
  <material>
   Полиэстер
  </material>
  <price>
   629811
  </price>
  <rating>
   4.51
  </rating>
  <reviews>
   313890
  </reviews>
  <exclusive>
   yes
  </exclusive>
  <sporty>
   yes
  </sporty>
 </clothing>
 <clothing>
  <id>
   793056061
  </id>
  <name>
   Ellesse Shirt O-1778
  </name>
  <category>
   Shirt
  </category>
  <size>
   L
  </size>
  <color>
   Голубой
  </color>
  <material>
   Вискоза
  </material>
  <price>
   498560
  </price>
  <rating>
   1.11
  </rating>
  <reviews>
   630101
  </reviews>
  <new>
   -
  </new>
 </clothing>
 <clothing>
  <id>
   739679201
  </id>
  <name>
   Lacoste Hat L-9452
  </name>
  <category>
   Hat
  </category>
  <size>
   M
  </size>
  <color>
   Голубой
  </color>
  <material>
   Полиэстер
  </material>
  <price>
   636083
  </price>
  <rating>
   3.38
  </rating>
  <reviews>
   855255
  </reviews>
  <exclusive>
   no
  </exclusive>
  <sporty>
   no
  </sporty>
 </clothing>
 <clothing>
  <id>
   818203822
  </id>
  <name>
   PleinSport Jeans R-9070
  </name>
  <category>
   Jeans
  </category>
  <size>
   S
  </size>
  <color>
   Оранжевый
  </color>
  <material>
   Вискоза
  </material>
  <price>
   522181
  </price>
  <rating>
   2.99
  </rating>
  <reviews>
   87712
  </reviews>
  <sporty>
   yes
  </sporty>
 </clothing>
 <clothing>
  <id>
   377560593
  </id>
  <name>
   Addidas Jeans A-3241
  </name>
  <category>
   Jeans
  </category>
  <size>
   XXL
  </size>
  <color>
   Красный
  </color>
  <material>
   Нейлон
  </material>
  <price>
   242351
  </price>
  <rating>
   4.23
  </rating>
  <reviews>
   46393
  </reviews>
  <exclusive>
   yes
  </exclusive>
  <sporty>
   no
  </sporty>
 </clothing>
 <clothing>
  <id>
   151314688
  </id>
  <name>
   Brooks Jacket G-1867
  </name>
  <category>
   Jacket
  </category>
  <size>
   XXL
  </size>
  <color>
   Красный
  </color>
  <material>
   Нейлон
  </material>
  <price>
   935544
  </price>
  <rating>
   1.8
  </rating>
  <reviews>
   348719
  </reviews>
  <new>
   +
  </new>
  <sporty>
   no
  </sporty>
 </clothing>
 <clothing>
  <id>
   343335647
  </id>
  <name>
   Addidas Umbrellas E-8965
  </name>
  <category>
   Umbrellas
  </category>
  <size>
   L
  </size>
  <color>
   Голубой
  </color>
  <material>
   Вискоза
  </material>
  <price>
   910380
  </price>
  <rating>
   4.83
  </rating>
  <reviews>
   182278
  </reviews>
  <new>
   -
  </new>
  <exclusive>
   no
  </exclusive>
  <sporty>
   yes
  </sporty>
 </clothing>
 <clothing>
  <id>
   270568532
  </id>
  <name>
   Lacoste T-shirt I-3217
  </name>
  <category>
   T-shirt
  </category>
  <size>
   L
  </size>
  <color>
   Фиолетовый
  </color>
  <material>
   Нейлон
  </material>
  <price>
   143972
  </price>
  <rating>
   2.9
  </rating>
  <reviews>
   709172
  </reviews>
 </clothing>
 <clothing>
  <id>
   169489922
  </id>
  <name>
   New Balance Shoes I-8509
  </name>
  <category>
   Shoes
  </category>
  <size>
   S
  </size>
  <color>
   Голубой
  </color>
  <material>
   Шерсть
  </material>
  <price>
   294683
  </price>
  <rating>
   1.01
  </rating>
  <reviews>
   780199
  </reviews>
  <exclusive>
   no
  </exclusive>
  <sporty>
   no
  </sporty>
 </clothing>
 <clothing>
  <id>
   766435359
  </id>
  <name>
   Reebok Skirt S-7744
  </name>
  <category>
   Skirt
  </category>
  <size>
   M
  </size>
  <color>
   Фиолетовый
  </color>
  <material>
   Кожа
  </material>
  <price>
   543633
  </price>
  <rating>
   2.76
  </rating>
  <reviews>
   918233
  </reviews>
  <new>
   -
  </new>
 </clothing>
 <clothing>
  <id>
   131028018
  </id>
  <name>
   Addidas Jacket U-5124
  </name>
  <category>
   Jacket
  </category>
  <size>
   L
  </size>
  <color>
   Желтый
  </color>
  <material>
   Хлопок
  </material>
  <price>
   396301
  </price>
  <rating>
   4.57
  </rating>
  <reviews>
   984500
  </reviews>
 </clothing>
 <clothing>
  <id>
   399131321
  </id>
  <name>
   Nike Jacket C-7969
  </name>
  <category>
   Jacket
  </category>
  <size>
   XXL
  </size>
  <color>
   Синий
  </color>
  <material>
   Кожа
  </material>
  <price>
   444294
  </price>
  <rating>
   4.2
  </rating>
  <reviews>
   24502
  </reviews>
  <new>
   -
  </new>
  <exclusive>
   no
  </exclusive>
 </clothing>
 <clothing>
  <id>
   738210718
  </id>
  <name>
   Asics Shirt G-1865
  </name>
  <category>
   Shirt
  </category>
  <size>
   XL
  </size>
  <color>
   Фиолетовый
  </color>
  <material>
   Вискоза
  </material>
  <price>
   957125
  </price>
  <rating>
   2.99
  </rating>
  <reviews>
   876536
  </reviews>
  <new>
   +
  </new>
 </clothing>
 <clothing>
  <id>
   265025645
  </id>
  <name>
   Puma Belts H-6033
  </name>
  <category>
   Belts
  </category>
  <size>
   M
  </size>
  <color>
   Синий
  </color>
  <material>
   Вискоза
  </material>
  <price>
   159154
  </price>
  <rating>
   4.12
  </rating>
  <reviews>
   824659
  </reviews>
  <new>
   -
  </new>
 </clothing>
</clothing-items>
