<?xml version="1.0" encoding="utf-8"?>
<clothing-items>
 <clothing>
  <id>
   535384690
  </id>
  <name>
   Nike Jeans K-9956
  </name>
  <category>
   Jeans
  </category>
  <size>
   L
  </size>
  <color>
   Оранжевый
  </color>
  <material>
   Шерсть
  </material>
  <price>
   110113
  </price>
  <rating>
   1.23
  </rating>
  <reviews>
   206969
  </reviews>
  <new>
   +
  </new>
  <exclusive>
   no
  </exclusive>
  <sporty>
   no
  </sporty>
 </clothing>
 <clothing>
  <id>
   439269997
  </id>
  <name>
   PleinSport Pants M-4060
  </name>
  <category>
   Pants
  </category>
  <size>
   M
  </size>
  <color>
   Зеленый
  </color>
  <material>
   Хлопок
  </material>
  <price>
   277497
  </price>
  <rating>
   1.26
  </rating>
  <reviews>
   785717
  </reviews>
  <new>
   -
  </new>
  <exclusive>
   yes
  </exclusive>
  <sporty>
   no
  </sporty>
 </clothing>
 <clothing>
  <id>
   312138742
  </id>
  <name>
   Fila Belts E-4614
  </name>
  <category>
   Belts
  </category>
  <size>
   L
  </size>
  <color>
   Синий
  </color>
  <material>
   Полиэстер
  </material>
  <price>
   596434
  </price>
  <rating>
   3.49
  </rating>
  <reviews>
   826519
  </reviews>
  <exclusive>
   no
  </exclusive>
 </clothing>
 <clothing>
  <id>
   194725450
  </id>
  <name>
   New Balance Pants F-2137
  </name>
  <category>
   Pants
  </category>
  <size>
   XXL
  </size>
  <color>
   Голубой
  </color>
  <material>
   Нейлон
  </material>
  <price>
   751031
  </price>
  <rating>
   1.67
  </rating>
  <reviews>
   55638
  </reviews>
  <new>
   -
  </new>
  <exclusive>
   no
  </exclusive>
 </clothing>
 <clothing>
  <id>
   516236610
  </id>
  <name>
   Adidas Jacket W-5479
  </name>
  <category>
   Jacket
  </category>
  <size>
   M
  </size>
  <color>
   Зеленый
  </color>
  <material>
   Вискоза
  </material>
  <price>
   486323
  </price>
  <rating>
   1.15
  </rating>
  <reviews>
   750177
  </reviews>
  <new>
   -
  </new>
  <sporty>
   no
  </sporty>
 </clothing>
 <clothing>
  <id>
   316756671
  </id>
  <name>
   Under Armour Hat S-2748
  </name>
  <category>
   Hat
  </category>
  <size>
   XXL
  </size>
  <color>
   Фиолетовый
  </color>
  <material>
   Шелк
  </material>
  <price>
   810163
  </price>
  <rating>
   2.32
  </rating>
  <reviews>
   683708
  </reviews>
  <exclusive>
   yes
  </exclusive>
 </clothing>
 <clothing>
  <id>
   111930148
  </id>
  <name>
   Puma T-shirt V-6529
  </name>
  <category>
   T-shirt
  </category>
  <size>
   XL
  </size>
  <color>
   Зеленый
  </color>
  <material>
   Полиэстер
  </material>
  <price>
   858592
  </price>
  <rating>
   2.55
  </rating>
  <reviews>
   485441
  </reviews>
  <new>
   +
  </new>
  <exclusive>
   no
  </exclusive>
 </clothing>
 <clothing>
  <id>
   909606546
  </id>
  <name>
   Lacoste Skirt Y-3048
  </name>
  <category>
   Skirt
  </category>
  <size>
   S
  </size>
  <color>
   Желтый
  </color>
  <material>
   Лен
  </material>
  <price>
   636288
  </price>
  <rating>
   1.54
  </rating>
  <reviews>
   290106
  </reviews>
  <new>
   +
  </new>
  <exclusive>
   no
  </exclusive>
  <sporty>
   yes
  </sporty>
 </clothing>
 <clothing>
  <id>
   646350321
  </id>
  <name>
   Adidas Jacket V-4920
  </name>
  <category>
   Jacket
  </category>
  <size>
   L
  </size>
  <color>
   Желтый
  </color>
  <material>
   Полиэстер
  </material>
  <price>
   825104
  </price>
  <rating>
   3.64
  </rating>
  <reviews>
   100784
  </reviews>
  <new>
   -
  </new>
  <exclusive>
   no
  </exclusive>
  <sporty>
   yes
  </sporty>
 </clothing>
 <clothing>
  <id>
   156071192
  </id>
  <name>
   PleinSport Dress D-6712
  </name>
  <category>
   Dress
  </category>
  <size>
   XL
  </size>
  <color>
   Желтый
  </color>
  <material>
   Кожа
  </material>
  <price>
   565738
  </price>
  <rating>
   2.5
  </rating>
  <reviews>
   153999
  </reviews>
  <new>
   -
  </new>
  <sporty>
   no
  </sporty>
 </clothing>
 <clothing>
  <id>
   754877404
  </id>
  <name>
   New Balance Jeans T-5485
  </name>
  <category>
   Jeans
  </category>
  <size>
   S
  </size>
  <color>
   Фиолетовый
  </color>
  <material>
   Нейлон
  </material>
  <price>
   916979
  </price>
  <rating>
   2.16
  </rating>
  <reviews>
   244527
  </reviews>
  <new>
   -
  </new>
  <exclusive>
   yes
  </exclusive>
  <sporty>
   no
  </sporty>
 </clothing>
 <clothing>
  <id>
   604202076
  </id>
  <name>
   Converse Jacket Y-6923
  </name>
  <category>
   Jacket
  </category>
  <size>
   S
  </size>
  <color>
   Фиолетовый
  </color>
  <material>
   Шелк
  </material>
  <price>
   316425
  </price>
  <rating>
   3.1
  </rating>
  <reviews>
   936990
  </reviews>
  <new>
   -
  </new>
  <exclusive>
   no
  </exclusive>
  <sporty>
   yes
  </sporty>
 </clothing>
 <clothing>
  <id>
   481626481
  </id>
  <name>
   Brooks Dress Z-7365
  </name>
  <category>
   Dress
  </category>
  <size>
   XL
  </size>
  <color>
   Оранжевый
  </color>
  <material>
   Лен
  </material>
  <price>
   961008
  </price>
  <rating>
   3.66
  </rating>
  <reviews>
   855016
  </reviews>
  <new>
   -
  </new>
  <sporty>
   no
  </sporty>
 </clothing>
 <clothing>
  <id>
   646322117
  </id>
  <name>
   Puma Socks U-4700
  </name>
  <category>
   Socks
  </category>
  <size>
   L
  </size>
  <color>
   Фиолетовый
  </color>
  <material>
   Хлопок
  </material>
  <price>
   453465
  </price>
  <rating>
   4.33
  </rating>
  <reviews>
   479402
  </reviews>
  <sporty>
   no
  </sporty>
 </clothing>
 <clothing>
  <id>
   518209398
  </id>
  <name>
   Puma Socks U-2043
  </name>
  <category>
   Socks
  </category>
  <size>
   XXL
  </size>
  <color>
   Зеленый
  </color>
  <material>
   Хлопок
  </material>
  <price>
   102757
  </price>
  <rating>
   1.17
  </rating>
  <reviews>
   724924
  </reviews>
  <new>
   +
  </new>
  <sporty>
   no
  </sporty>
 </clothing>
 <clothing>
  <id>
   455987323
  </id>
  <name>
   New Balance Dress Q-2802
  </name>
  <category>
   Dress
  </category>
  <size>
   XL
  </size>
  <color>
   Голубой
  </color>
  <material>
   Шерсть
  </material>
  <price>
   596600
  </price>
  <rating>
   1.62
  </rating>
  <reviews>
   77782
  </reviews>
  <sporty>
   yes
  </sporty>
 </clothing>
 <clothing>
  <id>
   709051942
  </id>
  <name>
   Reebok Sweater R-1453
  </name>
  <category>
   Sweater
  </category>
  <size>
   M
  </size>
  <color>
   Оранжевый
  </color>
  <material>
   Шерсть
  </material>
  <price>
   480950
  </price>
  <rating>
   2.69
  </rating>
  <reviews>
   346008
  </reviews>
  <new>
   +
  </new>
 </clothing>
 <clothing>
  <id>
   932425738
  </id>
  <name>
   Converse Dress S-8335
  </name>
  <category>
   Dress
  </category>
  <size>
   XL
  </size>
  <color>
   Синий
  </color>
  <material>
   Шерсть
  </material>
  <price>
   519178
  </price>
  <rating>
   2.49
  </rating>
  <reviews>
   410522
  </reviews>
  <new>
   +
  </new>
  <sporty>
   yes
  </sporty>
 </clothing>
 <clothing>
  <id>
   155671294
  </id>
  <name>
   Fila Jacket L-4317
  </name>
  <category>
   Jacket
  </category>
  <size>
   XL
  </size>
  <color>
   Желтый
  </color>
  <material>
   Хлопок
  </material>
  <price>
   537363
  </price>
  <rating>
   3.13
  </rating>
  <reviews>
   635173
  </reviews>
  <new>
   -
  </new>
  <sporty>
   no
  </sporty>
 </clothing>
 <clothing>
  <id>
   357078618
  </id>
  <name>
   Lacoste Jacket H-7941
  </name>
  <category>
   Jacket
  </category>
  <size>
   XXL
  </size>
  <color>
   Фиолетовый
  </color>
  <material>
   Лен
  </material>
  <price>
   905139
  </price>
  <rating>
   4.82
  </rating>
  <reviews>
   112382
  </reviews>
 </clothing>
 <clothing>
  <id>
   741373312
  </id>
  <name>
   DC Dress T-6062
  </name>
  <category>
   Dress
  </category>
  <size>
   S
  </size>
  <color>
   Синий
  </color>
  <material>
   Шерсть
  </material>
  <price>
   920251
  </price>
  <rating>
   2.97
  </rating>
  <reviews>
   847821
  </reviews>
  <new>
   -
  </new>
  <exclusive>
   yes
  </exclusive>
 </clothing>
 <clothing>
  <id>
   826612242
  </id>
  <name>
   Puma Pants A-8044
  </name>
  <category>
   Pants
  </category>
  <size>
   XL
  </size>
  <color>
   Голубой
  </color>
  <material>
   Нейлон
  </material>
  <price>
   427561
  </price>
  <rating>
   2.7
  </rating>
  <reviews>
   195793
  </reviews>
  <sporty>
   no
  </sporty>
 </clothing>
 <clothing>
  <id>
   778418563
  </id>
  <name>
   Vans Belts Z-5072
  </name>
  <category>
   Belts
  </category>
  <size>
   S
  </size>
  <color>
   Оранжевый
  </color>
  <material>
   Нейлон
  </material>
  <price>
   761624
  </price>
  <rating>
   4.1
  </rating>
  <reviews>
   972853
  </reviews>
  <exclusive>
   no
  </exclusive>
  <sporty>
   no
  </sporty>
 </clothing>
 <clothing>
  <id>
   813664394
  </id>
  <name>
   Brooks Dress Z-5132
  </name>
  <category>
   Dress
  </category>
  <size>
   XL
  </size>
  <color>
   Желтый
  </color>
  <material>
   Нейлон
  </material>
  <price>
   868398
  </price>
  <rating>
   4.31
  </rating>
  <reviews>
   849881
  </reviews>
  <new>
   +
  </new>
  <exclusive>
   no
  </exclusive>
  <sporty>
   yes
  </sporty>
 </clothing>
 <clothing>
  <id>
   666971669
  </id>
  <name>
   DC Blouse Y-2888
  </name>
  <category>
   Blouse
  </category>
  <size>
   XXL
  </size>
  <color>
   Голубой
  </color>
  <material>
   Лен
  </material>
  <price>
   774225
  </price>
  <rating>
   4.82
  </rating>
  <reviews>
   629136
  </reviews>
  <exclusive>
   yes
  </exclusive>
  <sporty>
   no
  </sporty>
 </clothing>
 <clothing>
  <id>
   636606954
  </id>
  <name>
   Asics Umbrellas N-7470
  </name>
  <category>
   Umbrellas
  </category>
  <size>
   L
  </size>
  <color>
   Голубой
  </color>
  <material>
   Вискоза
  </material>
  <price>
   308470
  </price>
  <rating>
   2.41
  </rating>
  <reviews>
   366800
  </reviews>
  <exclusive>
   yes
  </exclusive>
 </clothing>
 <clothing>
  <id>
   454439485
  </id>
  <name>
   DC Umbrellas I-7678
  </name>
  <category>
   Umbrellas
  </category>
  <size>
   L
  </size>
  <color>
   Красный
  </color>
  <material>
   Нейлон
  </material>
  <price>
   347393
  </price>
  <rating>
   4.9
  </rating>
  <reviews>
   717367
  </reviews>
  <exclusive>
   yes
  </exclusive>
  <sporty>
   no
  </sporty>
 </clothing>
 <clothing>
  <id>
   791369097
  </id>
  <name>
   Addidas T-shirt Z-6792
  </name>
  <category>
   T-shirt
  </category>
  <size>
   XXL
  </size>
  <color>
   Зеленый
  </color>
  <material>
   Полиэстер
  </material>
  <price>
   642561
  </price>
  <rating>
   4.23
  </rating>
  <reviews>
   779860
  </reviews>
  <new>
   -
  </new>
 </clothing>
 <clothing>
  <id>
   955897894
  </id>
  <name>
   Ellesse Socks I-4979
  </name>
  <category>
   Socks
  </category>
  <size>
   M
  </size>
  <color>
   Желтый
  </color>
  <material>
   Шелк
  </material>
  <price>
   453239
  </price>
  <rating>
   1.64
  </rating>
  <reviews>
   655881
  </reviews>
  <sporty>
   no
  </sporty>
 </clothing>
 <clothing>
  <id>
   249112769
  </id>
  <name>
   Fila Dress V-3918
  </name>
  <category>
   Dress
  </category>
  <size>
   XXL
  </size>
  <color>
   Желтый
  </color>
  <material>
   Шерсть
  </material>
  <price>
   233655
  </price>
  <rating>
   3.56
  </rating>
  <reviews>
   372247
  </reviews>
  <exclusive>
   no
  </exclusive>
  <sporty>
   no
  </sporty>
 </clothing>
 <clothing>
  <id>
   887886967
  </id>
  <name>
   Vans Jeans X-4971
  </name>
  <category>
   Jeans
  </category>
  <size>
   L
  </size>
  <color>
   Синий
  </color>
  <material>
   Вискоза
  </material>
  <price>
   787524
  </price>
  <rating>
   3.13
  </rating>
  <reviews>
   612138
  </reviews>
  <new>
   -
  </new>
  <sporty>
   yes
  </sporty>
 </clothing>
 <clothing>
  <id>
   700483456
  </id>
  <name>
   Lacoste Jeans U-3972
  </name>
  <category>
   Jeans
  </category>
  <size>
   S
  </size>
  <color>
   Желтый
  </color>
  <material>
   Вискоза
  </material>
  <price>
   592628
  </price>
  <rating>
   1.16
  </rating>
  <reviews>
   761457
  </reviews>
  <sporty>
   yes
  </sporty>
 </clothing>
 <clothing>
  <id>
   446950262
  </id>
  <name>
   Puma Socks L-8836
  </name>
  <category>
   Socks
  </category>
  <size>
   M
  </size>
  <color>
   Оранжевый
  </color>
  <material>
   Шерсть
  </material>
  <price>
   374434
  </price>
  <rating>
   2.43
  </rating>
  <reviews>
   392103
  </reviews>
  <new>
   +
  </new>
  <exclusive>
   no
  </exclusive>
  <sporty>
   no
  </sporty>
 </clothing>
 <clothing>
  <id>
   143047566
  </id>
  <name>
   Vans Jacket F-3492
  </name>
  <category>
   Jacket
  </category>
  <size>
   L
  </size>
  <color>
   Зеленый
  </color>
  <material>
   Шелк
  </material>
  <price>
   811087
  </price>
  <rating>
   2.49
  </rating>
  <reviews>
   427785
  </reviews>
  <exclusive>
   no
  </exclusive>
  <sporty>
   no
  </sporty>
 </clothing>
 <clothing>
  <id>
   987225690
  </id>
  <name>
   Converse Socks B-8866
  </name>
  <category>
   Socks
  </category>
  <size>
   XL
  </size>
  <color>
   Зеленый
  </color>
  <material>
   Шерсть
  </material>
  <price>
   585129
  </price>
  <rating>
   1.12
  </rating>
  <reviews>
   88765
  </reviews>
 </clothing>
 <clothing>
  <id>
   416168637
  </id>
  <name>
   Nike Jacket X-6308
  </name>
  <category>
   Jacket
  </category>
  <size>
   XXL
  </size>
  <color>
   Синий
  </color>
  <material>
   Полиэстер
  </material>
  <price>
   830421
  </price>
  <rating>
   2.35
  </rating>
  <reviews>
   912712
  </reviews>
  <exclusive>
   no
  </exclusive>
  <sporty>
   no
  </sporty>
 </clothing>
 <clothing>
  <id>
   330203535
  </id>
  <name>
   Fila Sweater J-1112
  </name>
  <category>
   Sweater
  </category>
  <size>
   XL
  </size>
  <color>
   Зеленый
  </color>
  <material>
   Кожа
  </material>
  <price>
   853154
  </price>
  <rating>
   2.93
  </rating>
  <reviews>
   348553
  </reviews>
  <exclusive>
   yes
  </exclusive>
  <sporty>
   no
  </sporty>
 </clothing>
 <clothing>
  <id>
   612292735
  </id>
  <name>
   Converse Skirt X-5702
  </name>
  <category>
   Skirt
  </category>
  <size>
   L
  </size>
  <color>
   Оранжевый
  </color>
  <material>
   Шерсть
  </material>
  <price>
   221672
  </price>
  <rating>
   4.64
  </rating>
  <reviews>
   663695
  </reviews>
  <exclusive>
   no
  </exclusive>
  <sporty>
   yes
  </sporty>
 </clothing>
 <clothing>
  <id>
   130290682
  </id>
  <name>
   Adidas Dress V-8434
  </name>
  <category>
   Dress
  </category>
  <size>
   L
  </size>
  <color>
   Желтый
  </color>
  <material>
   Шерсть
  </material>
  <price>
   153083
  </price>
  <rating>
   1.29
  </rating>
  <reviews>
   422667
  </reviews>
  <new>
   -
  </new>
  <exclusive>
   no
  </exclusive>
  <sporty>
   no
  </sporty>
 </clothing>
 <clothing>
  <id>
   636520856
  </id>
  <name>
   Lacoste Blouse P-9166
  </name>
  <category>
   Blouse
  </category>
  <size>
   S
  </size>
  <color>
   Зеленый
  </color>
  <material>
   Шелк
  </material>
  <price>
   546865
  </price>
  <rating>
   2.7
  </rating>
  <reviews>
   434133
  </reviews>
  <exclusive>
   no
  </exclusive>
 </clothing>
 <clothing>
  <id>
   119712088
  </id>
  <name>
   New Balance Jeans C-3168
  </name>
  <category>
   Jeans
  </category>
  <size>
   M
  </size>
  <color>
   Синий
  </color>
  <material>
   Шерсть
  </material>
  <price>
   331300
  </price>
  <rating>
   3.28
  </rating>
  <reviews>
   996250
  </reviews>
  <new>
   -
  </new>
  <exclusive>
   no
  </exclusive>
 </clothing>
 <clothing>
  <id>
   759317345
  </id>
  <name>
   Ellesse Skirt G-9585
  </name>
  <category>
   Skirt
  </category>
  <size>
   S
  </size>
  <color>
   Голубой
  </color>
  <material>
   Нейлон
  </material>
  <price>
   925807
  </price>
  <rating>
   1.34
  </rating>
  <reviews>
   308986
  </reviews>
  <new>
   -
  </new>
 </clothing>
 <clothing>
  <id>
   944402218
  </id>
  <name>
   Under Armour Umbrellas Q-9172
  </name>
  <category>
   Umbrellas
  </category>
  <size>
   XL
  </size>
  <color>
   Желтый
  </color>
  <material>
   Кожа
  </material>
  <price>
   684853
  </price>
  <rating>
   2.13
  </rating>
  <reviews>
   122867
  </reviews>
  <exclusive>
   no
  </exclusive>
 </clothing>
 <clothing>
  <id>
   994646917
  </id>
  <name>
   New Balance Dress W-2900
  </name>
  <category>
   Dress
  </category>
  <size>
   S
  </size>
  <color>
   Фиолетовый
  </color>
  <material>
   Шерсть
  </material>
  <price>
   443777
  </price>
  <rating>
   1.32
  </rating>
  <reviews>
   392296
  </reviews>
  <sporty>
   no
  </sporty>
 </clothing>
 <clothing>
  <id>
   585912966
  </id>
  <name>
   Puma Hat V-4826
  </name>
  <category>
   Hat
  </category>
  <size>
   XL
  </size>
  <color>
   Зеленый
  </color>
  <material>
   Кожа
  </material>
  <price>
   668856
  </price>
  <rating>
   3.42
  </rating>
  <reviews>
   679963
  </reviews>
 </clothing>
 <clothing>
  <id>
   503011397
  </id>
  <name>
   Nike Sweater S-7878
  </name>
  <category>
   Sweater
  </category>
  <size>
   M
  </size>
  <color>
   Фиолетовый
  </color>
  <material>
   Шерсть
  </material>
  <price>
   369169
  </price>
  <rating>
   2.78
  </rating>
  <reviews>
   425015
  </reviews>
  <new>
   -
  </new>
  <sporty>
   no
  </sporty>
 </clothing>
 <clothing>
  <id>
   952093273
  </id>
  <name>
   Addidas Pants O-2697
  </name>
  <category>
   Pants
  </category>
  <size>
   L
  </size>
  <color>
   Голубой
  </color>
  <material>
   Полиэстер
  </material>
  <price>
   998938
  </price>
  <rating>
   4.76
  </rating>
  <reviews>
   439507
  </reviews>
  <exclusive>
   yes
  </exclusive>
  <sporty>
   no
  </sporty>
 </clothing>
 <clothing>
  <id>
   927074181
  </id>
  <name>
   Lacoste Jeans X-7127
  </name>
  <category>
   Jeans
  </category>
  <size>
   XL
  </size>
  <color>
   Фиолетовый
  </color>
  <material>
   Шерсть
  </material>
  <price>
   926679
  </price>
  <rating>
   3.17
  </rating>
  <reviews>
   461526
  </reviews>
  <sporty>
   no
  </sporty>
 </clothing>
</clothing-items>
