<?xml version="1.0" encoding="utf-8"?>
<clothing-items>
 <clothing>
  <id>
   173559203
  </id>
  <name>
   Ellesse Handbags X-9777
  </name>
  <category>
   Handbags
  </category>
  <size>
   M
  </size>
  <color>
   Оранжевый
  </color>
  <material>
   Нейлон
  </material>
  <price>
   583132
  </price>
  <rating>
   4.19
  </rating>
  <reviews>
   865857
  </reviews>
  <sporty>
   yes
  </sporty>
 </clothing>
 <clothing>
  <id>
   483530075
  </id>
  <name>
   Converse Jacket R-6281
  </name>
  <category>
   Jacket
  </category>
  <size>
   L
  </size>
  <color>
   Оранжевый
  </color>
  <material>
   Нейлон
  </material>
  <price>
   741722
  </price>
  <rating>
   4.36
  </rating>
  <reviews>
   496104
  </reviews>
  <new>
   -
  </new>
  <sporty>
   no
  </sporty>
 </clothing>
 <clothing>
  <id>
   776845419
  </id>
  <name>
   Nike Hat D-3892
  </name>
  <category>
   Hat
  </category>
  <size>
   S
  </size>
  <color>
   Фиолетовый
  </color>
  <material>
   Хлопок
  </material>
  <price>
   895397
  </price>
  <rating>
   1.59
  </rating>
  <reviews>
   831303
  </reviews>
  <new>
   -
  </new>
  <exclusive>
   no
  </exclusive>
 </clothing>
 <clothing>
  <id>
   635628577
  </id>
  <name>
   DC Pants K-8306
  </name>
  <category>
   Pants
  </category>
  <size>
   XXL
  </size>
  <color>
   Оранжевый
  </color>
  <material>
   Лен
  </material>
  <price>
   375651
  </price>
  <rating>
   3.01
  </rating>
  <reviews>
   707360
  </reviews>
  <new>
   -
  </new>
  <exclusive>
   yes
  </exclusive>
  <sporty>
   no
  </sporty>
 </clothing>
 <clothing>
  <id>
   232295173
  </id>
  <name>
   Puma Umbrellas X-7235
  </name>
  <category>
   Umbrellas
  </category>
  <size>
   L
  </size>
  <color>
   Красный
  </color>
  <material>
   Нейлон
  </material>
  <price>
   487200
  </price>
  <rating>
   4.56
  </rating>
  <reviews>
   548614
  </reviews>
  <new>
   -
  </new>
  <sporty>
   no
  </sporty>
 </clothing>
 <clothing>
  <id>
   494520029
  </id>
  <name>
   Under Armour Pants S-9495
  </name>
  <category>
   Pants
  </category>
  <size>
   L
  </size>
  <color>
   Синий
  </color>
  <material>
   Кожа
  </material>
  <price>
   271463
  </price>
  <rating>
   4.7
  </rating>
  <reviews>
   847590
  </reviews>
  <exclusive>
   no
  </exclusive>
 </clothing>
 <clothing>
  <id>
   567348977
  </id>
  <name>
   PleinSport Skirt L-7921
  </name>
  <category>
   Skirt
  </category>
  <size>
   XXL
  </size>
  <color>
   Оранжевый
  </color>
  <material>
   Полиэстер
  </material>
  <price>
   786976
  </price>
  <rating>
   2.54
  </rating>
  <reviews>
   635184
  </reviews>
  <new>
   -
  </new>
  <exclusive>
   no
  </exclusive>
 </clothing>
 <clothing>
  <id>
   513793160
  </id>
  <name>
   Vans Handbags P-5888
  </name>
  <category>
   Handbags
  </category>
  <size>
   S
  </size>
  <color>
   Красный
  </color>
  <material>
   Кожа
  </material>
  <price>
   330726
  </price>
  <rating>
   4.5
  </rating>
  <reviews>
   315091
  </reviews>
  <exclusive>
   yes
  </exclusive>
  <sporty>
   no
  </sporty>
 </clothing>
 <clothing>
  <id>
   913212533
  </id>
  <name>
   PleinSport T-shirt S-4091
  </name>
  <category>
   T-shirt
  </category>
  <size>
   M
  </size>
  <color>
   Фиолетовый
  </color>
  <material>
   Полиэстер
  </material>
  <price>
   817269
  </price>
  <rating>
   2.22
  </rating>
  <reviews>
   559666
  </reviews>
  <new>
   +
  </new>
  <sporty>
   no
  </sporty>
 </clothing>
 <clothing>
  <id>
   704147246
  </id>
  <name>
   Lacoste Hat C-7373
  </name>
  <category>
   Hat
  </category>
  <size>
   XL
  </size>
  <color>
   Оранжевый
  </color>
  <material>
   Кожа
  </material>
  <price>
   426116
  </price>
  <rating>
   3.8
  </rating>
  <reviews>
   415450
  </reviews>
  <new>
   -
  </new>
  <sporty>
   no
  </sporty>
 </clothing>
 <clothing>
  <id>
   941305129
  </id>
  <name>
   Brooks Hat R-3480
  </name>
  <category>
   Hat
  </category>
  <size>
   M
  </size>
  <color>
   Зеленый
  </color>
  <material>
   Лен
  </material>
  <price>
   476757
  </price>
  <rating>
   1.22
  </rating>
  <reviews>
   195572
  </reviews>
  <new>
   -
  </new>
  <sporty>
   yes
  </sporty>
 </clothing>
 <clothing>
  <id>
   570682387
  </id>
  <name>
   DC Shirt K-3416
  </name>
  <category>
   Shirt
  </category>
  <size>
   L
  </size>
  <color>
   Зеленый
  </color>
  <material>
   Хлопок
  </material>
  <price>
   555230
  </price>
  <rating>
   1.71
  </rating>
  <reviews>
   345175
  </reviews>
  <new>
   +
  </new>
  <exclusive>
   yes
  </exclusive>
  <sporty>
   yes
  </sporty>
 </clothing>
 <clothing>
  <id>
   415854705
  </id>
  <name>
   Vans Umbrellas J-9143
  </name>
  <category>
   Umbrellas
  </category>
  <size>
   L
  </size>
  <color>
   Синий
  </color>
  <material>
   Шерсть
  </material>
  <price>
   188116
  </price>
  <rating>
   2.17
  </rating>
  <reviews>
   63710
  </reviews>
  <sporty>
   no
  </sporty>
 </clothing>
 <clothing>
  <id>
   960108023
  </id>
  <name>
   Brooks Jacket M-2816
  </name>
  <category>
   Jacket
  </category>
  <size>
   XXL
  </size>
  <color>
   Фиолетовый
  </color>
  <material>
   Полиэстер
  </material>
  <price>
   559998
  </price>
  <rating>
   4.2
  </rating>
  <reviews>
   190051
  </reviews>
  <new>
   +
  </new>
 </clothing>
 <clothing>
  <id>
   966376698
  </id>
  <name>
   Converse Pants L-5820
  </name>
  <category>
   Pants
  </category>
  <size>
   XXL
  </size>
  <color>
   Красный
  </color>
  <material>
   Хлопок
  </material>
  <price>
   141617
  </price>
  <rating>
   4.66
  </rating>
  <reviews>
   900754
  </reviews>
 </clothing>
 <clothing>
  <id>
   443795380
  </id>
  <name>
   Addidas Sweater D-3949
  </name>
  <category>
   Sweater
  </category>
  <size>
   L
  </size>
  <color>
   Голубой
  </color>
  <material>
   Вискоза
  </material>
  <price>
   375934
  </price>
  <rating>
   2.04
  </rating>
  <reviews>
   798243
  </reviews>
  <sporty>
   no
  </sporty>
 </clothing>
 <clothing>
  <id>
   147671750
  </id>
  <name>
   Puma Handbags T-9748
  </name>
  <category>
   Handbags
  </category>
  <size>
   M
  </size>
  <color>
   Фиолетовый
  </color>
  <material>
   Кожа
  </material>
  <price>
   536657
  </price>
  <rating>
   3.89
  </rating>
  <reviews>
   414419
  </reviews>
  <new>
   +
  </new>
  <exclusive>
   no
  </exclusive>
 </clothing>
 <clothing>
  <id>
   679653882
  </id>
  <name>
   Puma Shoes U-3232
  </name>
  <category>
   Shoes
  </category>
  <size>
   XXL
  </size>
  <color>
   Желтый
  </color>
  <material>
   Нейлон
  </material>
  <price>
   831349
  </price>
  <rating>
   2.01
  </rating>
  <reviews>
   88126
  </reviews>
  <new>
   -
  </new>
  <exclusive>
   no
  </exclusive>
  <sporty>
   yes
  </sporty>
 </clothing>
 <clothing>
  <id>
   295238765
  </id>
  <name>
   Addidas Blouse X-1588
  </name>
  <category>
   Blouse
  </category>
  <size>
   M
  </size>
  <color>
   Оранжевый
  </color>
  <material>
   Вискоза
  </material>
  <price>
   349126
  </price>
  <rating>
   4.36
  </rating>
  <reviews>
   810299
  </reviews>
  <new>
   -
  </new>
  <sporty>
   no
  </sporty>
 </clothing>
 <clothing>
  <id>
   888134163
  </id>
  <name>
   Lacoste T-shirt F-2406
  </name>
  <category>
   T-shirt
  </category>
  <size>
   S
  </size>
  <color>
   Голубой
  </color>
  <material>
   Кожа
  </material>
  <price>
   891192
  </price>
  <rating>
   2.3
  </rating>
  <reviews>
   713923
  </reviews>
  <new>
   +
  </new>
  <exclusive>
   no
  </exclusive>
 </clothing>
 <clothing>
  <id>
   852031803
  </id>
  <name>
   Under Armour Blouse V-1762
  </name>
  <category>
   Blouse
  </category>
  <size>
   S
  </size>
  <color>
   Оранжевый
  </color>
  <material>
   Хлопок
  </material>
  <price>
   312300
  </price>
  <rating>
   4.68
  </rating>
  <reviews>
   847111
  </reviews>
  <exclusive>
   no
  </exclusive>
  <sporty>
   yes
  </sporty>
 </clothing>
 <clothing>
  <id>
   407589208
  </id>
  <name>
   Asics Shoes S-2559
  </name>
  <category>
   Shoes
  </category>
  <size>
   XXL
  </size>
  <color>
   Синий
  </color>
  <material>
   Шелк
  </material>
  <price>
   677993
  </price>
  <rating>
   2.55
  </rating>
  <reviews>
   390707
  </reviews>
  <exclusive>
   no
  </exclusive>
  <sporty>
   no
  </sporty>
 </clothing>
 <clothing>
  <id>
   451180420
  </id>
  <name>
   Nike Shoes H-3772
  </name>
  <category>
   Shoes
  </category>
  <size>
   XL
  </size>
  <color>
   Голубой
  </color>
  <material>
   Хлопок
  </material>
  <price>
   252411
  </price>
  <rating>
   2.13
  </rating>
  <reviews>
   781498
  </reviews>
  <sporty>
   no
  </sporty>
 </clothing>
 <clothing>
  <id>
   371464459
  </id>
  <name>
   Addidas Skirt O-1883
  </name>
  <category>
   Skirt
  </category>
  <size>
   XL
  </size>
  <color>
   Желтый
  </color>
  <material>
   Лен
  </material>
  <price>
   767742
  </price>
  <rating>
   4.82
  </rating>
  <reviews>
   491490
  </reviews>
  <new>
   -
  </new>
  <exclusive>
   yes
  </exclusive>
 </clothing>
 <clothing>
  <id>
   734065151
  </id>
  <name>
   Reebok Umbrellas B-1353
  </name>
  <category>
   Umbrellas
  </category>
  <size>
   M
  </size>
  <color>
   Синий
  </color>
  <material>
   Лен
  </material>
  <price>
   858114
  </price>
  <rating>
   3.91
  </rating>
  <reviews>
   388805
  </reviews>
  <new>
   +
  </new>
  <sporty>
   yes
  </sporty>
 </clothing>
 <clothing>
  <id>
   699577489
  </id>
  <name>
   Under Armour Socks P-3225
  </name>
  <category>
   Socks
  </category>
  <size>
   XXL
  </size>
  <color>
   Голубой
  </color>
  <material>
   Полиэстер
  </material>
  <price>
   715621
  </price>
  <rating>
   3.46
  </rating>
  <reviews>
   378153
  </reviews>
  <exclusive>
   yes
  </exclusive>
  <sporty>
   no
  </sporty>
 </clothing>
 <clothing>
  <id>
   717512382
  </id>
  <name>
   Asics Pants T-3424
  </name>
  <category>
   Pants
  </category>
  <size>
   S
  </size>
  <color>
   Желтый
  </color>
  <material>
   Кожа
  </material>
  <price>
   877196
  </price>
  <rating>
   3.19
  </rating>
  <reviews>
   766217
  </reviews>
  <exclusive>
   no
  </exclusive>
 </clothing>
 <clothing>
  <id>
   934139784
  </id>
  <name>
   Converse Dress B-9364
  </name>
  <category>
   Dress
  </category>
  <size>
   L
  </size>
  <color>
   Голубой
  </color>
  <material>
   Шерсть
  </material>
  <price>
   175783
  </price>
  <rating>
   3.36
  </rating>
  <reviews>
   847191
  </reviews>
  <exclusive>
   no
  </exclusive>
  <sporty>
   yes
  </sporty>
 </clothing>
 <clothing>
  <id>
   176101222
  </id>
  <name>
   Puma Sweater G-1299
  </name>
  <category>
   Sweater
  </category>
  <size>
   S
  </size>
  <color>
   Красный
  </color>
  <material>
   Нейлон
  </material>
  <price>
   395514
  </price>
  <rating>
   4.33
  </rating>
  <reviews>
   432023
  </reviews>
  <sporty>
   no
  </sporty>
 </clothing>
 <clothing>
  <id>
   790665667
  </id>
  <name>
   Fila Shirt J-8923
  </name>
  <category>
   Shirt
  </category>
  <size>
   XL
  </size>
  <color>
   Зеленый
  </color>
  <material>
   Лен
  </material>
  <price>
   732556
  </price>
  <rating>
   4.71
  </rating>
  <reviews>
   204272
  </reviews>
  <exclusive>
   no
  </exclusive>
  <sporty>
   no
  </sporty>
 </clothing>
 <clothing>
  <id>
   528365359
  </id>
  <name>
   Vans Shirt I-8654
  </name>
  <category>
   Shirt
  </category>
  <size>
   XL
  </size>
  <color>
   Зеленый
  </color>
  <material>
   Шелк
  </material>
  <price>
   905783
  </price>
  <rating>
   3.05
  </rating>
  <reviews>
   603139
  </reviews>
  <new>
   -
  </new>
  <sporty>
   yes
  </sporty>
 </clothing>
 <clothing>
  <id>
   365539126
  </id>
  <name>
   Reebok Jacket S-7280
  </name>
  <category>
   Jacket
  </category>
  <size>
   XL
  </size>
  <color>
   Голубой
  </color>
  <material>
   Хлопок
  </material>
  <price>
   534085
  </price>
  <rating>
   3.36
  </rating>
  <reviews>
   192293
  </reviews>
  <new>
   -
  </new>
 </clothing>
 <clothing>
  <id>
   426363937
  </id>
  <name>
   Brooks Jacket Q-9544
  </name>
  <category>
   Jacket
  </category>
  <size>
   L
  </size>
  <color>
   Фиолетовый
  </color>
  <material>
   Лен
  </material>
  <price>
   576092
  </price>
  <rating>
   3.26
  </rating>
  <reviews>
   176364
  </reviews>
  <new>
   +
  </new>
  <sporty>
   no
  </sporty>
 </clothing>
 <clothing>
  <id>
   698172822
  </id>
  <name>
   Addidas Handbags V-2354
  </name>
  <category>
   Handbags
  </category>
  <size>
   L
  </size>
  <color>
   Фиолетовый
  </color>
  <material>
   Хлопок
  </material>
  <price>
   685017
  </price>
  <rating>
   1.93
  </rating>
  <reviews>
   204251
  </reviews>
  <new>
   -
  </new>
 </clothing>
 <clothing>
  <id>
   238440907
  </id>
  <name>
   Converse Jacket D-7452
  </name>
  <category>
   Jacket
  </category>
  <size>
   S
  </size>
  <color>
   Красный
  </color>
  <material>
   Полиэстер
  </material>
  <price>
   948171
  </price>
  <rating>
   2.83
  </rating>
  <reviews>
   932558
  </reviews>
  <new>
   -
  </new>
  <exclusive>
   yes
  </exclusive>
  <sporty>
   no
  </sporty>
 </clothing>
 <clothing>
  <id>
   504499494
  </id>
  <name>
   Addidas T-shirt K-7577
  </name>
  <category>
   T-shirt
  </category>
  <size>
   L
  </size>
  <color>
   Голубой
  </color>
  <material>
   Шелк
  </material>
  <price>
   108089
  </price>
  <rating>
   3.88
  </rating>
  <reviews>
   688956
  </reviews>
  <new>
   +
  </new>
  <sporty>
   yes
  </sporty>
 </clothing>
 <clothing>
  <id>
   203937715
  </id>
  <name>
   Ellesse Blouse W-6597
  </name>
  <category>
   Blouse
  </category>
  <size>
   XL
  </size>
  <color>
   Желтый
  </color>
  <material>
   Нейлон
  </material>
  <price>
   146746
  </price>
  <rating>
   4.47
  </rating>
  <reviews>
   331511
  </reviews>
  <new>
   +
  </new>
  <exclusive>
   yes
  </exclusive>
 </clothing>
 <clothing>
  <id>
   449505725
  </id>
  <name>
   New Balance T-shirt C-3207
  </name>
  <category>
   T-shirt
  </category>
  <size>
   XXL
  </size>
  <color>
   Желтый
  </color>
  <material>
   Шелк
  </material>
  <price>
   780071
  </price>
  <rating>
   3.34
  </rating>
  <reviews>
   542091
  </reviews>
  <exclusive>
   yes
  </exclusive>
 </clothing>
 <clothing>
  <id>
   837884366
  </id>
  <name>
   Addidas Dress A-6477
  </name>
  <category>
   Dress
  </category>
  <size>
   XL
  </size>
  <color>
   Оранжевый
  </color>
  <material>
   Кожа
  </material>
  <price>
   721420
  </price>
  <rating>
   2.38
  </rating>
  <reviews>
   467374
  </reviews>
 </clothing>
</clothing-items>
