<?xml version="1.0" encoding="utf-8"?>
<clothing-items>
 <clothing>
  <id>
   583674852
  </id>
  <name>
   Lacoste Dress V-3393
  </name>
  <category>
   Dress
  </category>
  <size>
   L
  </size>
  <color>
   Фиолетовый
  </color>
  <material>
   Кожа
  </material>
  <price>
   367330
  </price>
  <rating>
   2.68
  </rating>
  <reviews>
   679140
  </reviews>
  <new>
   -
  </new>
  <exclusive>
   yes
  </exclusive>
  <sporty>
   no
  </sporty>
 </clothing>
 <clothing>
  <id>
   829834581
  </id>
  <name>
   Converse Shoes G-1996
  </name>
  <category>
   Shoes
  </category>
  <size>
   M
  </size>
  <color>
   Зеленый
  </color>
  <material>
   Шерсть
  </material>
  <price>
   849049
  </price>
  <rating>
   3.7
  </rating>
  <reviews>
   314840
  </reviews>
  <new>
   -
  </new>
  <exclusive>
   yes
  </exclusive>
  <sporty>
   yes
  </sporty>
 </clothing>
 <clothing>
  <id>
   885185981
  </id>
  <name>
   Asics Sweater C-2002
  </name>
  <category>
   Sweater
  </category>
  <size>
   XL
  </size>
  <color>
   Зеленый
  </color>
  <material>
   Нейлон
  </material>
  <price>
   334805
  </price>
  <rating>
   3.56
  </rating>
  <reviews>
   782359
  </reviews>
  <new>
   +
  </new>
  <exclusive>
   no
  </exclusive>
 </clothing>
 <clothing>
  <id>
   667916920
  </id>
  <name>
   PleinSport Shoes N-8767
  </name>
  <category>
   Shoes
  </category>
  <size>
   XL
  </size>
  <color>
   Голубой
  </color>
  <material>
   Полиэстер
  </material>
  <price>
   537954
  </price>
  <rating>
   2.12
  </rating>
  <reviews>
   52437
  </reviews>
  <new>
   -
  </new>
 </clothing>
 <clothing>
  <id>
   933748365
  </id>
  <name>
   Under Armour Hat Z-5925
  </name>
  <category>
   Hat
  </category>
  <size>
   M
  </size>
  <color>
   Красный
  </color>
  <material>
   Хлопок
  </material>
  <price>
   580798
  </price>
  <rating>
   3.39
  </rating>
  <reviews>
   845089
  </reviews>
  <exclusive>
   no
  </exclusive>
 </clothing>
 <clothing>
  <id>
   408557904
  </id>
  <name>
   Converse Shoes Y-9192
  </name>
  <category>
   Shoes
  </category>
  <size>
   XXL
  </size>
  <color>
   Синий
  </color>
  <material>
   Лен
  </material>
  <price>
   221008
  </price>
  <rating>
   4.9
  </rating>
  <reviews>
   554881
  </reviews>
 </clothing>
 <clothing>
  <id>
   335563914
  </id>
  <name>
   Puma Pants W-5179
  </name>
  <category>
   Pants
  </category>
  <size>
   XL
  </size>
  <color>
   Фиолетовый
  </color>
  <material>
   Шелк
  </material>
  <price>
   124742
  </price>
  <rating>
   4.32
  </rating>
  <reviews>
   594377
  </reviews>
  <new>
   +
  </new>
  <sporty>
   no
  </sporty>
 </clothing>
 <clothing>
  <id>
   522883005
  </id>
  <name>
   Under Armour Handbags U-4978
  </name>
  <category>
   Handbags
  </category>
  <size>
   M
  </size>
  <color>
   Зеленый
  </color>
  <material>
   Кожа
  </material>
  <price>
   564677
  </price>
  <rating>
   3.23
  </rating>
  <reviews>
   193143
  </reviews>
  <new>
   -
  </new>
  <exclusive>
   no
  </exclusive>
 </clothing>
 <clothing>
  <id>
   997739432
  </id>
  <name>
   Nike Shoes C-4446
  </name>
  <category>
   Shoes
  </category>
  <size>
   L
  </size>
  <color>
   Зеленый
  </color>
  <material>
   Нейлон
  </material>
  <price>
   742593
  </price>
  <rating>
   4.8
  </rating>
  <reviews>
   577297
  </reviews>
  <new>
   -
  </new>
 </clothing>
 <clothing>
  <id>
   676894526
  </id>
  <name>
   Converse Handbags T-8347
  </name>
  <category>
   Handbags
  </category>
  <size>
   M
  </size>
  <color>
   Оранжевый
  </color>
  <material>
   Шелк
  </material>
  <price>
   285719
  </price>
  <rating>
   3.67
  </rating>
  <reviews>
   465929
  </reviews>
  <new>
   -
  </new>
  <exclusive>
   yes
  </exclusive>
  <sporty>
   yes
  </sporty>
 </clothing>
 <clothing>
  <id>
   640787608
  </id>
  <name>
   DC Umbrellas J-8929
  </name>
  <category>
   Umbrellas
  </category>
  <size>
   S
  </size>
  <color>
   Желтый
  </color>
  <material>
   Лен
  </material>
  <price>
   429649
  </price>
  <rating>
   4.82
  </rating>
  <reviews>
   518061
  </reviews>
  <sporty>
   no
  </sporty>
 </clothing>
 <clothing>
  <id>
   926956851
  </id>
  <name>
   Asics Pants R-4221
  </name>
  <category>
   Pants
  </category>
  <size>
   S
  </size>
  <color>
   Зеленый
  </color>
  <material>
   Кожа
  </material>
  <price>
   383590
  </price>
  <rating>
   2.27
  </rating>
  <reviews>
   887837
  </reviews>
  <new>
   -
  </new>
  <exclusive>
   yes
  </exclusive>
 </clothing>
 <clothing>
  <id>
   524534106
  </id>
  <name>
   PleinSport Shirt X-9168
  </name>
  <category>
   Shirt
  </category>
  <size>
   XXL
  </size>
  <color>
   Красный
  </color>
  <material>
   Лен
  </material>
  <price>
   672261
  </price>
  <rating>
   1.59
  </rating>
  <reviews>
   540085
  </reviews>
  <new>
   -
  </new>
  <exclusive>
   yes
  </exclusive>
  <sporty>
   yes
  </sporty>
 </clothing>
 <clothing>
  <id>
   513559571
  </id>
  <name>
   DC Handbags E-4546
  </name>
  <category>
   Handbags
  </category>
  <size>
   XXL
  </size>
  <color>
   Синий
  </color>
  <material>
   Кожа
  </material>
  <price>
   564331
  </price>
  <rating>
   1.24
  </rating>
  <reviews>
   50553
  </reviews>
  <exclusive>
   no
  </exclusive>
 </clothing>
 <clothing>
  <id>
   665481632
  </id>
  <name>
   Fila Blouse X-6931
  </name>
  <category>
   Blouse
  </category>
  <size>
   S
  </size>
  <color>
   Оранжевый
  </color>
  <material>
   Шерсть
  </material>
  <price>
   994589
  </price>
  <rating>
   1.37
  </rating>
  <reviews>
   328896
  </reviews>
  <new>
   -
  </new>
 </clothing>
 <clothing>
  <id>
   153183151
  </id>
  <name>
   Adidas Pants M-6781
  </name>
  <category>
   Pants
  </category>
  <size>
   XXL
  </size>
  <color>
   Голубой
  </color>
  <material>
   Кожа
  </material>
  <price>
   830097
  </price>
  <rating>
   4.55
  </rating>
  <reviews>
   993664
  </reviews>
  <new>
   +
  </new>
  <exclusive>
   no
  </exclusive>
  <sporty>
   yes
  </sporty>
 </clothing>
 <clothing>
  <id>
   110396909
  </id>
  <name>
   PleinSport Dress M-5475
  </name>
  <category>
   Dress
  </category>
  <size>
   S
  </size>
  <color>
   Красный
  </color>
  <material>
   Нейлон
  </material>
  <price>
   517887
  </price>
  <rating>
   2.6
  </rating>
  <reviews>
   143990
  </reviews>
 </clothing>
 <clothing>
  <id>
   151456538
  </id>
  <name>
   Lacoste Blouse N-9016
  </name>
  <category>
   Blouse
  </category>
  <size>
   XXL
  </size>
  <color>
   Фиолетовый
  </color>
  <material>
   Шелк
  </material>
  <price>
   766581
  </price>
  <rating>
   3.99
  </rating>
  <reviews>
   986838
  </reviews>
  <exclusive>
   no
  </exclusive>
 </clothing>
 <clothing>
  <id>
   913386909
  </id>
  <name>
   New Balance Pants D-3644
  </name>
  <category>
   Pants
  </category>
  <size>
   S
  </size>
  <color>
   Фиолетовый
  </color>
  <material>
   Полиэстер
  </material>
  <price>
   333987
  </price>
  <rating>
   4.48
  </rating>
  <reviews>
   991092
  </reviews>
  <sporty>
   no
  </sporty>
 </clothing>
 <clothing>
  <id>
   818955183
  </id>
  <name>
   Adidas Umbrellas X-6899
  </name>
  <category>
   Umbrellas
  </category>
  <size>
   L
  </size>
  <color>
   Оранжевый
  </color>
  <material>
   Полиэстер
  </material>
  <price>
   883802
  </price>
  <rating>
   4.02
  </rating>
  <reviews>
   831210
  </reviews>
  <exclusive>
   yes
  </exclusive>
  <sporty>
   yes
  </sporty>
 </clothing>
 <clothing>
  <id>
   162634180
  </id>
  <name>
   Addidas T-shirt P-5378
  </name>
  <category>
   T-shirt
  </category>
  <size>
   S
  </size>
  <color>
   Оранжевый
  </color>
  <material>
   Лен
  </material>
  <price>
   263644
  </price>
  <rating>
   2.59
  </rating>
  <reviews>
   40402
  </reviews>
  <sporty>
   no
  </sporty>
 </clothing>
 <clothing>
  <id>
   832601293
  </id>
  <name>
   Converse Umbrellas M-5530
  </name>
  <category>
   Umbrellas
  </category>
  <size>
   S
  </size>
  <color>
   Желтый
  </color>
  <material>
   Кожа
  </material>
  <price>
   134709
  </price>
  <rating>
   3.76
  </rating>
  <reviews>
   703657
  </reviews>
  <new>
   +
  </new>
  <exclusive>
   no
  </exclusive>
  <sporty>
   yes
  </sporty>
 </clothing>
 <clothing>
  <id>
   759687410
  </id>
  <name>
   New Balance Handbags D-5019
  </name>
  <category>
   Handbags
  </category>
  <size>
   S
  </size>
  <color>
   Голубой
  </color>
  <material>
   Кожа
  </material>
  <price>
   247885
  </price>
  <rating>
   3.43
  </rating>
  <reviews>
   852623
  </reviews>
  <new>
   -
  </new>
  <exclusive>
   no
  </exclusive>
  <sporty>
   no
  </sporty>
 </clothing>
 <clothing>
  <id>
   971732357
  </id>
  <name>
   Nike T-shirt P-4870
  </name>
  <category>
   T-shirt
  </category>
  <size>
   L
  </size>
  <color>
   Красный
  </color>
  <material>
   Шелк
  </material>
  <price>
   610716
  </price>
  <rating>
   2.89
  </rating>
  <reviews>
   678109
  </reviews>
  <exclusive>
   no
  </exclusive>
 </clothing>
 <clothing>
  <id>
   256091737
  </id>
  <name>
   Brooks Socks O-5366
  </name>
  <category>
   Socks
  </category>
  <size>
   XL
  </size>
  <color>
   Зеленый
  </color>
  <material>
   Кожа
  </material>
  <price>
   407777
  </price>
  <rating>
   3.06
  </rating>
  <reviews>
   431438
  </reviews>
  <new>
   -
  </new>
  <exclusive>
   yes
  </exclusive>
 </clothing>
 <clothing>
  <id>
   889321756
  </id>
  <name>
   Ellesse Sweater M-4578
  </name>
  <category>
   Sweater
  </category>
  <size>
   S
  </size>
  <color>
   Зеленый
  </color>
  <material>
   Шерсть
  </material>
  <price>
   539934
  </price>
  <rating>
   1.07
  </rating>
  <reviews>
   705008
  </reviews>
  <exclusive>
   no
  </exclusive>
  <sporty>
   yes
  </sporty>
 </clothing>
 <clothing>
  <id>
   886534690
  </id>
  <name>
   Under Armour Socks G-9900
  </name>
  <category>
   Socks
  </category>
  <size>
   M
  </size>
  <color>
   Зеленый
  </color>
  <material>
   Кожа
  </material>
  <price>
   355538
  </price>
  <rating>
   4.76
  </rating>
  <reviews>
   504488
  </reviews>
  <sporty>
   yes
  </sporty>
 </clothing>
 <clothing>
  <id>
   948528633
  </id>
  <name>
   Lacoste Handbags J-7583
  </name>
  <category>
   Handbags
  </category>
  <size>
   L
  </size>
  <color>
   Фиолетовый
  </color>
  <material>
   Кожа
  </material>
  <price>
   664722
  </price>
  <rating>
   2.75
  </rating>
  <reviews>
   49954
  </reviews>
  <new>
   +
  </new>
  <sporty>
   no
  </sporty>
 </clothing>
 <clothing>
  <id>
   439385681
  </id>
  <name>
   Under Armour Sweater E-6021
  </name>
  <category>
   Sweater
  </category>
  <size>
   L
  </size>
  <color>
   Фиолетовый
  </color>
  <material>
   Лен
  </material>
  <price>
   335979
  </price>
  <rating>
   3.12
  </rating>
  <reviews>
   120778
  </reviews>
 </clothing>
 <clothing>
  <id>
   803657197
  </id>
  <name>
   Lacoste Blouse E-3003
  </name>
  <category>
   Blouse
  </category>
  <size>
   XXL
  </size>
  <color>
   Зеленый
  </color>
  <material>
   Кожа
  </material>
  <price>
   435044
  </price>
  <rating>
   1.96
  </rating>
  <reviews>
   688875
  </reviews>
  <exclusive>
   no
  </exclusive>
 </clothing>
 <clothing>
  <id>
   261680104
  </id>
  <name>
   Reebok Jeans Y-3357
  </name>
  <category>
   Jeans
  </category>
  <size>
   XL
  </size>
  <color>
   Фиолетовый
  </color>
  <material>
   Шелк
  </material>
  <price>
   853745
  </price>
  <rating>
   3.51
  </rating>
  <reviews>
   610284
  </reviews>
  <new>
   +
  </new>
  <exclusive>
   no
  </exclusive>
 </clothing>
 <clothing>
  <id>
   255450497
  </id>
  <name>
   Vans Skirt K-8252
  </name>
  <category>
   Skirt
  </category>
  <size>
   XL
  </size>
  <color>
   Красный
  </color>
  <material>
   Шерсть
  </material>
  <price>
   991552
  </price>
  <rating>
   4.88
  </rating>
  <reviews>
   457082
  </reviews>
  <new>
   +
  </new>
  <exclusive>
   yes
  </exclusive>
  <sporty>
   no
  </sporty>
 </clothing>
 <clothing>
  <id>
   381463073
  </id>
  <name>
   Asics Gloves R-2876
  </name>
  <category>
   Gloves
  </category>
  <size>
   M
  </size>
  <color>
   Оранжевый
  </color>
  <material>
   Вискоза
  </material>
  <price>
   377273
  </price>
  <rating>
   3.89
  </rating>
  <reviews>
   672367
  </reviews>
  <new>
   -
  </new>
  <exclusive>
   yes
  </exclusive>
 </clothing>
 <clothing>
  <id>
   488828735
  </id>
  <name>
   Adidas Shoes F-1104
  </name>
  <category>
   Shoes
  </category>
  <size>
   XL
  </size>
  <color>
   Синий
  </color>
  <material>
   Лен
  </material>
  <price>
   777829
  </price>
  <rating>
   3.31
  </rating>
  <reviews>
   523211
  </reviews>
  <exclusive>
   yes
  </exclusive>
  <sporty>
   yes
  </sporty>
 </clothing>
 <clothing>
  <id>
   520704791
  </id>
  <name>
   Brooks Dress Y-6717
  </name>
  <category>
   Dress
  </category>
  <size>
   S
  </size>
  <color>
   Оранжевый
  </color>
  <material>
   Кожа
  </material>
  <price>
   644213
  </price>
  <rating>
   2.94
  </rating>
  <reviews>
   180651
  </reviews>
  <sporty>
   no
  </sporty>
 </clothing>
 <clothing>
  <id>
   773785096
  </id>
  <name>
   PleinSport Hat Q-6318
  </name>
  <category>
   Hat
  </category>
  <size>
   M
  </size>
  <color>
   Фиолетовый
  </color>
  <material>
   Хлопок
  </material>
  <price>
   519598
  </price>
  <rating>
   1.43
  </rating>
  <reviews>
   956868
  </reviews>
  <new>
   +
  </new>
  <exclusive>
   no
  </exclusive>
  <sporty>
   no
  </sporty>
 </clothing>
 <clothing>
  <id>
   779986956
  </id>
  <name>
   Converse Pants P-2643
  </name>
  <category>
   Pants
  </category>
  <size>
   S
  </size>
  <color>
   Голубой
  </color>
  <material>
   Хлопок
  </material>
  <price>
   381100
  </price>
  <rating>
   4.22
  </rating>
  <reviews>
   873763
  </reviews>
  <new>
   -
  </new>
  <exclusive>
   yes
  </exclusive>
 </clothing>
 <clothing>
  <id>
   723621465
  </id>
  <name>
   Addidas T-shirt Y-5955
  </name>
  <category>
   T-shirt
  </category>
  <size>
   S
  </size>
  <color>
   Зеленый
  </color>
  <material>
   Лен
  </material>
  <price>
   517811
  </price>
  <rating>
   3.78
  </rating>
  <reviews>
   355921
  </reviews>
  <new>
   -
  </new>
 </clothing>
 <clothing>
  <id>
   389580868
  </id>
  <name>
   Lacoste Shirt W-5556
  </name>
  <category>
   Shirt
  </category>
  <size>
   XXL
  </size>
  <color>
   Фиолетовый
  </color>
  <material>
   Кожа
  </material>
  <price>
   259134
  </price>
  <rating>
   4.7
  </rating>
  <reviews>
   594282
  </reviews>
  <exclusive>
   no
  </exclusive>
  <sporty>
   yes
  </sporty>
 </clothing>
 <clothing>
  <id>
   875045615
  </id>
  <name>
   Under Armour Umbrellas C-4738
  </name>
  <category>
   Umbrellas
  </category>
  <size>
   L
  </size>
  <color>
   Синий
  </color>
  <material>
   Шерсть
  </material>
  <price>
   962678
  </price>
  <rating>
   1.58
  </rating>
  <reviews>
   866853
  </reviews>
  <exclusive>
   no
  </exclusive>
 </clothing>
 <clothing>
  <id>
   295777797
  </id>
  <name>
   Asics Sweater Y-9020
  </name>
  <category>
   Sweater
  </category>
  <size>
   L
  </size>
  <color>
   Зеленый
  </color>
  <material>
   Шерсть
  </material>
  <price>
   665948
  </price>
  <rating>
   1.01
  </rating>
  <reviews>
   484884
  </reviews>
  <new>
   -
  </new>
  <sporty>
   no
  </sporty>
 </clothing>
 <clothing>
  <id>
   413413657
  </id>
  <name>
   PleinSport Umbrellas A-1816
  </name>
  <category>
   Umbrellas
  </category>
  <size>
   S
  </size>
  <color>
   Желтый
  </color>
  <material>
   Лен
  </material>
  <price>
   353632
  </price>
  <rating>
   1.82
  </rating>
  <reviews>
   915595
  </reviews>
  <exclusive>
   no
  </exclusive>
  <sporty>
   no
  </sporty>
 </clothing>
 <clothing>
  <id>
   386934400
  </id>
  <name>
   Lacoste Gloves T-7162
  </name>
  <category>
   Gloves
  </category>
  <size>
   S
  </size>
  <color>
   Желтый
  </color>
  <material>
   Лен
  </material>
  <price>
   316508
  </price>
  <rating>
   1.33
  </rating>
  <reviews>
   998195
  </reviews>
  <new>
   -
  </new>
  <exclusive>
   no
  </exclusive>
  <sporty>
   yes
  </sporty>
 </clothing>
</clothing-items>
