<?xml version="1.0" encoding="utf-8"?>
<clothing-items>
 <clothing>
  <id>
   531235003
  </id>
  <name>
   Fila Gloves X-4413
  </name>
  <category>
   Gloves
  </category>
  <size>
   M
  </size>
  <color>
   Оранжевый
  </color>
  <material>
   Кожа
  </material>
  <price>
   193842
  </price>
  <rating>
   4.7
  </rating>
  <reviews>
   607106
  </reviews>
  <exclusive>
   yes
  </exclusive>
  <sporty>
   yes
  </sporty>
 </clothing>
 <clothing>
  <id>
   492161007
  </id>
  <name>
   Reebok Belts E-4067
  </name>
  <category>
   Belts
  </category>
  <size>
   M
  </size>
  <color>
   Желтый
  </color>
  <material>
   Шелк
  </material>
  <price>
   634550
  </price>
  <rating>
   4.88
  </rating>
  <reviews>
   833611
  </reviews>
  <sporty>
   no
  </sporty>
 </clothing>
 <clothing>
  <id>
   712915591
  </id>
  <name>
   Asics Blouse M-3452
  </name>
  <category>
   Blouse
  </category>
  <size>
   M
  </size>
  <color>
   Оранжевый
  </color>
  <material>
   Хлопок
  </material>
  <price>
   158188
  </price>
  <rating>
   4.28
  </rating>
  <reviews>
   181114
  </reviews>
  <new>
   +
  </new>
  <exclusive>
   yes
  </exclusive>
  <sporty>
   no
  </sporty>
 </clothing>
 <clothing>
  <id>
   112398545
  </id>
  <name>
   Converse Belts N-9078
  </name>
  <category>
   Belts
  </category>
  <size>
   M
  </size>
  <color>
   Зеленый
  </color>
  <material>
   Полиэстер
  </material>
  <price>
   940129
  </price>
  <rating>
   4.42
  </rating>
  <reviews>
   122773
  </reviews>
  <new>
   -
  </new>
  <exclusive>
   no
  </exclusive>
  <sporty>
   no
  </sporty>
 </clothing>
 <clothing>
  <id>
   108054289
  </id>
  <name>
   Ellesse Socks B-8627
  </name>
  <category>
   Socks
  </category>
  <size>
   XL
  </size>
  <color>
   Синий
  </color>
  <material>
   Нейлон
  </material>
  <price>
   628880
  </price>
  <rating>
   4.74
  </rating>
  <reviews>
   932084
  </reviews>
 </clothing>
 <clothing>
  <id>
   791853692
  </id>
  <name>
   Vans Sweater C-2103
  </name>
  <category>
   Sweater
  </category>
  <size>
   XXL
  </size>
  <color>
   Желтый
  </color>
  <material>
   Полиэстер
  </material>
  <price>
   219764
  </price>
  <rating>
   1.05
  </rating>
  <reviews>
   915949
  </reviews>
  <new>
   +
  </new>
  <exclusive>
   yes
  </exclusive>
 </clothing>
 <clothing>
  <id>
   504241482
  </id>
  <name>
   Vans Handbags Q-1608
  </name>
  <category>
   Handbags
  </category>
  <size>
   XXL
  </size>
  <color>
   Зеленый
  </color>
  <material>
   Нейлон
  </material>
  <price>
   360890
  </price>
  <rating>
   3.73
  </rating>
  <reviews>
   257470
  </reviews>
  <new>
   +
  </new>
  <exclusive>
   no
  </exclusive>
 </clothing>
 <clothing>
  <id>
   471525327
  </id>
  <name>
   Puma Jacket H-8724
  </name>
  <category>
   Jacket
  </category>
  <size>
   L
  </size>
  <color>
   Желтый
  </color>
  <material>
   Шелк
  </material>
  <price>
   614426
  </price>
  <rating>
   4.77
  </rating>
  <reviews>
   94818
  </reviews>
  <exclusive>
   yes
  </exclusive>
 </clothing>
 <clothing>
  <id>
   897051707
  </id>
  <name>
   Ellesse Belts O-7607
  </name>
  <category>
   Belts
  </category>
  <size>
   S
  </size>
  <color>
   Красный
  </color>
  <material>
   Лен
  </material>
  <price>
   324939
  </price>
  <rating>
   3.45
  </rating>
  <reviews>
   997621
  </reviews>
  <exclusive>
   yes
  </exclusive>
 </clothing>
 <clothing>
  <id>
   458601271
  </id>
  <name>
   Ellesse Hat M-4277
  </name>
  <category>
   Hat
  </category>
  <size>
   XL
  </size>
  <color>
   Желтый
  </color>
  <material>
   Нейлон
  </material>
  <price>
   700821
  </price>
  <rating>
   4.57
  </rating>
  <reviews>
   655059
  </reviews>
  <new>
   -
  </new>
  <exclusive>
   no
  </exclusive>
 </clothing>
 <clothing>
  <id>
   867688345
  </id>
  <name>
   Converse Sweater P-1102
  </name>
  <category>
   Sweater
  </category>
  <size>
   XL
  </size>
  <color>
   Желтый
  </color>
  <material>
   Нейлон
  </material>
  <price>
   599225
  </price>
  <rating>
   2.39
  </rating>
  <reviews>
   937535
  </reviews>
  <exclusive>
   yes
  </exclusive>
  <sporty>
   no
  </sporty>
 </clothing>
 <clothing>
  <id>
   149975706
  </id>
  <name>
   Converse Pants A-8354
  </name>
  <category>
   Pants
  </category>
  <size>
   L
  </size>
  <color>
   Желтый
  </color>
  <material>
   Хлопок
  </material>
  <price>
   510256
  </price>
  <rating>
   1.38
  </rating>
  <reviews>
   732939
  </reviews>
  <exclusive>
   no
  </exclusive>
 </clothing>
 <clothing>
  <id>
   304456862
  </id>
  <name>
   Brooks Blouse T-9872
  </name>
  <category>
   Blouse
  </category>
  <size>
   XL
  </size>
  <color>
   Зеленый
  </color>
  <material>
   Нейлон
  </material>
  <price>
   652801
  </price>
  <rating>
   4.08
  </rating>
  <reviews>
   955026
  </reviews>
  <new>
   -
  </new>
  <exclusive>
   no
  </exclusive>
  <sporty>
   no
  </sporty>
 </clothing>
 <clothing>
  <id>
   339946080
  </id>
  <name>
   Puma Hat S-7268
  </name>
  <category>
   Hat
  </category>
  <size>
   S
  </size>
  <color>
   Желтый
  </color>
  <material>
   Кожа
  </material>
  <price>
   995097
  </price>
  <rating>
   1.27
  </rating>
  <reviews>
   621128
  </reviews>
  <exclusive>
   no
  </exclusive>
  <sporty>
   yes
  </sporty>
 </clothing>
 <clothing>
  <id>
   300214130
  </id>
  <name>
   Vans Jeans J-4276
  </name>
  <category>
   Jeans
  </category>
  <size>
   M
  </size>
  <color>
   Оранжевый
  </color>
  <material>
   Кожа
  </material>
  <price>
   218114
  </price>
  <rating>
   2.92
  </rating>
  <reviews>
   563614
  </reviews>
  <new>
   +
  </new>
  <exclusive>
   no
  </exclusive>
  <sporty>
   yes
  </sporty>
 </clothing>
 <clothing>
  <id>
   100753028
  </id>
  <name>
   Converse Gloves K-7930
  </name>
  <category>
   Gloves
  </category>
  <size>
   XXL
  </size>
  <color>
   Красный
  </color>
  <material>
   Вискоза
  </material>
  <price>
   802472
  </price>
  <rating>
   2.44
  </rating>
  <reviews>
   52219
  </reviews>
  <exclusive>
   yes
  </exclusive>
  <sporty>
   no
  </sporty>
 </clothing>
 <clothing>
  <id>
   605371369
  </id>
  <name>
   Nike Blouse N-2540
  </name>
  <category>
   Blouse
  </category>
  <size>
   XXL
  </size>
  <color>
   Фиолетовый
  </color>
  <material>
   Шерсть
  </material>
  <price>
   494621
  </price>
  <rating>
   4.67
  </rating>
  <reviews>
   281953
  </reviews>
  <new>
   +
  </new>
 </clothing>
 <clothing>
  <id>
   212026164
  </id>
  <name>
   PleinSport Pants P-5463
  </name>
  <category>
   Pants
  </category>
  <size>
   M
  </size>
  <color>
   Голубой
  </color>
  <material>
   Шелк
  </material>
  <price>
   472550
  </price>
  <rating>
   2.58
  </rating>
  <reviews>
   198521
  </reviews>
  <new>
   +
  </new>
 </clothing>
 <clothing>
  <id>
   128064727
  </id>
  <name>
   DC Gloves Z-3972
  </name>
  <category>
   Gloves
  </category>
  <size>
   XL
  </size>
  <color>
   Красный
  </color>
  <material>
   Вискоза
  </material>
  <price>
   828167
  </price>
  <rating>
   3.28
  </rating>
  <reviews>
   28798
  </reviews>
  <new>
   -
  </new>
  <exclusive>
   yes
  </exclusive>
 </clothing>
 <clothing>
  <id>
   755374466
  </id>
  <name>
   Converse Handbags W-5891
  </name>
  <category>
   Handbags
  </category>
  <size>
   S
  </size>
  <color>
   Оранжевый
  </color>
  <material>
   Лен
  </material>
  <price>
   155999
  </price>
  <rating>
   1.23
  </rating>
  <reviews>
   910912
  </reviews>
  <new>
   -
  </new>
 </clothing>
 <clothing>
  <id>
   331211779
  </id>
  <name>
   Lacoste Skirt Q-5812
  </name>
  <category>
   Skirt
  </category>
  <size>
   L
  </size>
  <color>
   Фиолетовый
  </color>
  <material>
   Кожа
  </material>
  <price>
   956806
  </price>
  <rating>
   3.42
  </rating>
  <reviews>
   895199
  </reviews>
  <sporty>
   yes
  </sporty>
 </clothing>
 <clothing>
  <id>
   618767205
  </id>
  <name>
   Lacoste Jeans S-5553
  </name>
  <category>
   Jeans
  </category>
  <size>
   XL
  </size>
  <color>
   Зеленый
  </color>
  <material>
   Шерсть
  </material>
  <price>
   496468
  </price>
  <rating>
   1.1
  </rating>
  <reviews>
   752393
  </reviews>
 </clothing>
 <clothing>
  <id>
   467832721
  </id>
  <name>
   Brooks Handbags M-6776
  </name>
  <category>
   Handbags
  </category>
  <size>
   XXL
  </size>
  <color>
   Фиолетовый
  </color>
  <material>
   Кожа
  </material>
  <price>
   384234
  </price>
  <rating>
   3.64
  </rating>
  <reviews>
   37178
  </reviews>
  <new>
   +
  </new>
  <exclusive>
   no
  </exclusive>
  <sporty>
   no
  </sporty>
 </clothing>
 <clothing>
  <id>
   994954032
  </id>
  <name>
   Ellesse Jeans O-9728
  </name>
  <category>
   Jeans
  </category>
  <size>
   M
  </size>
  <color>
   Зеленый
  </color>
  <material>
   Полиэстер
  </material>
  <price>
   827993
  </price>
  <rating>
   1.35
  </rating>
  <reviews>
   104766
  </reviews>
  <exclusive>
   yes
  </exclusive>
  <sporty>
   no
  </sporty>
 </clothing>
 <clothing>
  <id>
   583262741
  </id>
  <name>
   Adidas Hat W-9775
  </name>
  <category>
   Hat
  </category>
  <size>
   XL
  </size>
  <color>
   Оранжевый
  </color>
  <material>
   Нейлон
  </material>
  <price>
   653005
  </price>
  <rating>
   4.93
  </rating>
  <reviews>
   991367
  </reviews>
  <new>
   -
  </new>
 </clothing>
 <clothing>
  <id>
   815102474
  </id>
  <name>
   PleinSport Sweater A-2605
  </name>
  <category>
   Sweater
  </category>
  <size>
   L
  </size>
  <color>
   Голубой
  </color>
  <material>
   Хлопок
  </material>
  <price>
   944972
  </price>
  <rating>
   3.46
  </rating>
  <reviews>
   147407
  </reviews>
  <sporty>
   no
  </sporty>
 </clothing>
 <clothing>
  <id>
   175498526
  </id>
  <name>
   Puma Sweater S-9779
  </name>
  <category>
   Sweater
  </category>
  <size>
   S
  </size>
  <color>
   Красный
  </color>
  <material>
   Кожа
  </material>
  <price>
   854869
  </price>
  <rating>
   3.97
  </rating>
  <reviews>
   784071
  </reviews>
  <new>
   +
  </new>
  <exclusive>
   yes
  </exclusive>
 </clothing>
 <clothing>
  <id>
   402747988
  </id>
  <name>
   New Balance Jeans I-9155
  </name>
  <category>
   Jeans
  </category>
  <size>
   S
  </size>
  <color>
   Желтый
  </color>
  <material>
   Шелк
  </material>
  <price>
   538487
  </price>
  <rating>
   1.22
  </rating>
  <reviews>
   752652
  </reviews>
  <new>
   +
  </new>
 </clothing>
 <clothing>
  <id>
   953371053
  </id>
  <name>
   Reebok Hat T-7283
  </name>
  <category>
   Hat
  </category>
  <size>
   M
  </size>
  <color>
   Зеленый
  </color>
  <material>
   Нейлон
  </material>
  <price>
   633116
  </price>
  <rating>
   3.94
  </rating>
  <reviews>
   135017
  </reviews>
  <exclusive>
   no
  </exclusive>
  <sporty>
   no
  </sporty>
 </clothing>
 <clothing>
  <id>
   264509450
  </id>
  <name>
   Addidas Jeans B-6209
  </name>
  <category>
   Jeans
  </category>
  <size>
   M
  </size>
  <color>
   Фиолетовый
  </color>
  <material>
   Шерсть
  </material>
  <price>
   346353
  </price>
  <rating>
   2.9
  </rating>
  <reviews>
   994108
  </reviews>
 </clothing>
 <clothing>
  <id>
   927957143
  </id>
  <name>
   Reebok T-shirt C-4686
  </name>
  <category>
   T-shirt
  </category>
  <size>
   M
  </size>
  <color>
   Фиолетовый
  </color>
  <material>
   Кожа
  </material>
  <price>
   832601
  </price>
  <rating>
   3.45
  </rating>
  <reviews>
   389509
  </reviews>
  <sporty>
   yes
  </sporty>
 </clothing>
</clothing-items>
