<?xml version="1.0" encoding="utf-8"?>
<clothing-items>
 <clothing>
  <id>
   494412607
  </id>
  <name>
   Brooks Shoes V-4156
  </name>
  <category>
   Shoes
  </category>
  <size>
   XL
  </size>
  <color>
   Красный
  </color>
  <material>
   Лен
  </material>
  <price>
   813240
  </price>
  <rating>
   3.02
  </rating>
  <reviews>
   571396
  </reviews>
  <exclusive>
   no
  </exclusive>
  <sporty>
   no
  </sporty>
 </clothing>
 <clothing>
  <id>
   702682425
  </id>
  <name>
   New Balance Shoes Q-5701
  </name>
  <category>
   Shoes
  </category>
  <size>
   M
  </size>
  <color>
   Желтый
  </color>
  <material>
   Кожа
  </material>
  <price>
   451155
  </price>
  <rating>
   2.88
  </rating>
  <reviews>
   571396
  </reviews>
  <exclusive>
   no
  </exclusive>
 </clothing>
 <clothing>
  <id>
   510226895
  </id>
  <name>
   Brooks Handbags O-8975
  </name>
  <category>
   Handbags
  </category>
  <size>
   XXL
  </size>
  <color>
   Зеленый
  </color>
  <material>
   Хлопок
  </material>
  <price>
   551261
  </price>
  <rating>
   1.82
  </rating>
  <reviews>
   575632
  </reviews>
  <exclusive>
   yes
  </exclusive>
  <sporty>
   no
  </sporty>
 </clothing>
 <clothing>
  <id>
   919761285
  </id>
  <name>
   New Balance Handbags T-9167
  </name>
  <category>
   Handbags
  </category>
  <size>
   M
  </size>
  <color>
   Синий
  </color>
  <material>
   Кожа
  </material>
  <price>
   285842
  </price>
  <rating>
   1.98
  </rating>
  <reviews>
   805690
  </reviews>
  <new>
   -
  </new>
  <exclusive>
   no
  </exclusive>
  <sporty>
   no
  </sporty>
 </clothing>
 <clothing>
  <id>
   139863763
  </id>
  <name>
   Brooks Sweater Q-4292
  </name>
  <category>
   Sweater
  </category>
  <size>
   M
  </size>
  <color>
   Оранжевый
  </color>
  <material>
   Шерсть
  </material>
  <price>
   115447
  </price>
  <rating>
   2.17
  </rating>
  <reviews>
   13866
  </reviews>
  <new>
   -
  </new>
  <sporty>
   no
  </sporty>
 </clothing>
 <clothing>
  <id>
   605025281
  </id>
  <name>
   Reebok Jacket E-3196
  </name>
  <category>
   Jacket
  </category>
  <size>
   M
  </size>
  <color>
   Красный
  </color>
  <material>
   Кожа
  </material>
  <price>
   346965
  </price>
  <rating>
   4.29
  </rating>
  <reviews>
   827689
  </reviews>
  <exclusive>
   yes
  </exclusive>
  <sporty>
   yes
  </sporty>
 </clothing>
 <clothing>
  <id>
   671128650
  </id>
  <name>
   Under Armour Pants K-3313
  </name>
  <category>
   Pants
  </category>
  <size>
   XXL
  </size>
  <color>
   Красный
  </color>
  <material>
   Шерсть
  </material>
  <price>
   993320
  </price>
  <rating>
   3.8
  </rating>
  <reviews>
   247126
  </reviews>
  <new>
   -
  </new>
  <sporty>
   no
  </sporty>
 </clothing>
 <clothing>
  <id>
   924164625
  </id>
  <name>
   Reebok Pants Y-6689
  </name>
  <category>
   Pants
  </category>
  <size>
   M
  </size>
  <color>
   Фиолетовый
  </color>
  <material>
   Нейлон
  </material>
  <price>
   155889
  </price>
  <rating>
   2.5
  </rating>
  <reviews>
   482532
  </reviews>
  <new>
   -
  </new>
 </clothing>
 <clothing>
  <id>
   601628534
  </id>
  <name>
   Asics Shoes C-8897
  </name>
  <category>
   Shoes
  </category>
  <size>
   L
  </size>
  <color>
   Красный
  </color>
  <material>
   Вискоза
  </material>
  <price>
   518699
  </price>
  <rating>
   1.89
  </rating>
  <reviews>
   731116
  </reviews>
  <new>
   -
  </new>
 </clothing>
 <clothing>
  <id>
   180269301
  </id>
  <name>
   New Balance Jacket T-5027
  </name>
  <category>
   Jacket
  </category>
  <size>
   M
  </size>
  <color>
   Красный
  </color>
  <material>
   Лен
  </material>
  <price>
   162650
  </price>
  <rating>
   4.86
  </rating>
  <reviews>
   548846
  </reviews>
  <exclusive>
   yes
  </exclusive>
 </clothing>
 <clothing>
  <id>
   362171377
  </id>
  <name>
   Puma Gloves P-7140
  </name>
  <category>
   Gloves
  </category>
  <size>
   XXL
  </size>
  <color>
   Красный
  </color>
  <material>
   Хлопок
  </material>
  <price>
   341417
  </price>
  <rating>
   1.87
  </rating>
  <reviews>
   740428
  </reviews>
  <exclusive>
   no
  </exclusive>
  <sporty>
   yes
  </sporty>
 </clothing>
 <clothing>
  <id>
   382333982
  </id>
  <name>
   Fila Shirt U-2604
  </name>
  <category>
   Shirt
  </category>
  <size>
   L
  </size>
  <color>
   Голубой
  </color>
  <material>
   Лен
  </material>
  <price>
   600883
  </price>
  <rating>
   2.04
  </rating>
  <reviews>
   945811
  </reviews>
 </clothing>
 <clothing>
  <id>
   525598123
  </id>
  <name>
   Addidas Umbrellas X-9087
  </name>
  <category>
   Umbrellas
  </category>
  <size>
   L
  </size>
  <color>
   Оранжевый
  </color>
  <material>
   Вискоза
  </material>
  <price>
   358851
  </price>
  <rating>
   4.75
  </rating>
  <reviews>
   110565
  </reviews>
  <new>
   -
  </new>
  <sporty>
   no
  </sporty>
 </clothing>
 <clothing>
  <id>
   387447654
  </id>
  <name>
   Puma Socks Y-3463
  </name>
  <category>
   Socks
  </category>
  <size>
   M
  </size>
  <color>
   Голубой
  </color>
  <material>
   Шерсть
  </material>
  <price>
   274918
  </price>
  <rating>
   4.74
  </rating>
  <reviews>
   236846
  </reviews>
  <sporty>
   yes
  </sporty>
 </clothing>
 <clothing>
  <id>
   674225686
  </id>
  <name>
   Asics Sweater B-6667
  </name>
  <category>
   Sweater
  </category>
  <size>
   M
  </size>
  <color>
   Синий
  </color>
  <material>
   Шерсть
  </material>
  <price>
   256610
  </price>
  <rating>
   3.99
  </rating>
  <reviews>
   128997
  </reviews>
  <exclusive>
   yes
  </exclusive>
  <sporty>
   yes
  </sporty>
 </clothing>
 <clothing>
  <id>
   161293542
  </id>
  <name>
   Nike Hat A-2466
  </name>
  <category>
   Hat
  </category>
  <size>
   S
  </size>
  <color>
   Фиолетовый
  </color>
  <material>
   Полиэстер
  </material>
  <price>
   139770
  </price>
  <rating>
   3.63
  </rating>
  <reviews>
   191959
  </reviews>
  <new>
   -
  </new>
 </clothing>
 <clothing>
  <id>
   276275473
  </id>
  <name>
   Brooks Jacket I-9745
  </name>
  <category>
   Jacket
  </category>
  <size>
   XL
  </size>
  <color>
   Красный
  </color>
  <material>
   Полиэстер
  </material>
  <price>
   123410
  </price>
  <rating>
   1.37
  </rating>
  <reviews>
   453814
  </reviews>
  <new>
   -
  </new>
  <sporty>
   yes
  </sporty>
 </clothing>
 <clothing>
  <id>
   354376710
  </id>
  <name>
   Converse Skirt T-7606
  </name>
  <category>
   Skirt
  </category>
  <size>
   L
  </size>
  <color>
   Голубой
  </color>
  <material>
   Хлопок
  </material>
  <price>
   317517
  </price>
  <rating>
   3.89
  </rating>
  <reviews>
   625174
  </reviews>
 </clothing>
 <clothing>
  <id>
   366903609
  </id>
  <name>
   Fila Jeans V-1341
  </name>
  <category>
   Jeans
  </category>
  <size>
   XL
  </size>
  <color>
   Голубой
  </color>
  <material>
   Кожа
  </material>
  <price>
   280220
  </price>
  <rating>
   4.25
  </rating>
  <reviews>
   319776
  </reviews>
 </clothing>
 <clothing>
  <id>
   275194051
  </id>
  <name>
   Fila Hat J-6720
  </name>
  <category>
   Hat
  </category>
  <size>
   L
  </size>
  <color>
   Красный
  </color>
  <material>
   Лен
  </material>
  <price>
   719791
  </price>
  <rating>
   2.87
  </rating>
  <reviews>
   533070
  </reviews>
  <new>
   +
  </new>
  <exclusive>
   no
  </exclusive>
 </clothing>
 <clothing>
  <id>
   487004605
  </id>
  <name>
   Reebok Handbags K-1442
  </name>
  <category>
   Handbags
  </category>
  <size>
   XXL
  </size>
  <color>
   Голубой
  </color>
  <material>
   Лен
  </material>
  <price>
   363631
  </price>
  <rating>
   4.48
  </rating>
  <reviews>
   982177
  </reviews>
  <new>
   -
  </new>
  <exclusive>
   no
  </exclusive>
  <sporty>
   yes
  </sporty>
 </clothing>
 <clothing>
  <id>
   573884467
  </id>
  <name>
   Nike Blouse C-9543
  </name>
  <category>
   Blouse
  </category>
  <size>
   XXL
  </size>
  <color>
   Оранжевый
  </color>
  <material>
   Кожа
  </material>
  <price>
   212459
  </price>
  <rating>
   2.48
  </rating>
  <reviews>
   851670
  </reviews>
  <new>
   +
  </new>
  <exclusive>
   no
  </exclusive>
  <sporty>
   yes
  </sporty>
 </clothing>
 <clothing>
  <id>
   836342104
  </id>
  <name>
   DC Shoes T-5426
  </name>
  <category>
   Shoes
  </category>
  <size>
   XL
  </size>
  <color>
   Оранжевый
  </color>
  <material>
   Шерсть
  </material>
  <price>
   148540
  </price>
  <rating>
   3.7
  </rating>
  <reviews>
   673649
  </reviews>
  <exclusive>
   no
  </exclusive>
 </clothing>
 <clothing>
  <id>
   585089158
  </id>
  <name>
   Vans Shirt U-7826
  </name>
  <category>
   Shirt
  </category>
  <size>
   L
  </size>
  <color>
   Синий
  </color>
  <material>
   Хлопок
  </material>
  <price>
   608325
  </price>
  <rating>
   2.95
  </rating>
  <reviews>
   701555
  </reviews>
  <new>
   +
  </new>
 </clothing>
 <clothing>
  <id>
   145010473
  </id>
  <name>
   Under Armour Handbags R-7971
  </name>
  <category>
   Handbags
  </category>
  <size>
   L
  </size>
  <color>
   Голубой
  </color>
  <material>
   Шелк
  </material>
  <price>
   241977
  </price>
  <rating>
   2.39
  </rating>
  <reviews>
   793725
  </reviews>
  <sporty>
   no
  </sporty>
 </clothing>
 <clothing>
  <id>
   474357332
  </id>
  <name>
   Fila Belts K-2904
  </name>
  <category>
   Belts
  </category>
  <size>
   XL
  </size>
  <color>
   Голубой
  </color>
  <material>
   Шелк
  </material>
  <price>
   340645
  </price>
  <rating>
   2.55
  </rating>
  <reviews>
   766693
  </reviews>
  <new>
   +
  </new>
  <sporty>
   no
  </sporty>
 </clothing>
 <clothing>
  <id>
   526199253
  </id>
  <name>
   New Balance Umbrellas X-1749
  </name>
  <category>
   Umbrellas
  </category>
  <size>
   L
  </size>
  <color>
   Оранжевый
  </color>
  <material>
   Хлопок
  </material>
  <price>
   110221
  </price>
  <rating>
   4.17
  </rating>
  <reviews>
   65296
  </reviews>
  <new>
   -
  </new>
  <exclusive>
   no
  </exclusive>
  <sporty>
   no
  </sporty>
 </clothing>
 <clothing>
  <id>
   793686643
  </id>
  <name>
   Under Armour Jeans I-8960
  </name>
  <category>
   Jeans
  </category>
  <size>
   XXL
  </size>
  <color>
   Фиолетовый
  </color>
  <material>
   Шерсть
  </material>
  <price>
   985162
  </price>
  <rating>
   4.56
  </rating>
  <reviews>
   879413
  </reviews>
  <exclusive>
   no
  </exclusive>
  <sporty>
   yes
  </sporty>
 </clothing>
 <clothing>
  <id>
   180352017
  </id>
  <name>
   PleinSport Hat F-5214
  </name>
  <category>
   Hat
  </category>
  <size>
   XL
  </size>
  <color>
   Оранжевый
  </color>
  <material>
   Лен
  </material>
  <price>
   548153
  </price>
  <rating>
   2.51
  </rating>
  <reviews>
   838060
  </reviews>
  <new>
   -
  </new>
  <sporty>
   yes
  </sporty>
 </clothing>
 <clothing>
  <id>
   143271843
  </id>
  <name>
   Vans Socks G-9886
  </name>
  <category>
   Socks
  </category>
  <size>
   L
  </size>
  <color>
   Оранжевый
  </color>
  <material>
   Хлопок
  </material>
  <price>
   263575
  </price>
  <rating>
   1.79
  </rating>
  <reviews>
   364778
  </reviews>
  <new>
   -
  </new>
  <exclusive>
   yes
  </exclusive>
  <sporty>
   yes
  </sporty>
 </clothing>
 <clothing>
  <id>
   107375773
  </id>
  <name>
   Brooks Shirt R-4323
  </name>
  <category>
   Shirt
  </category>
  <size>
   M
  </size>
  <color>
   Оранжевый
  </color>
  <material>
   Шерсть
  </material>
  <price>
   362954
  </price>
  <rating>
   1.69
  </rating>
  <reviews>
   706491
  </reviews>
  <new>
   -
  </new>
 </clothing>
 <clothing>
  <id>
   633476052
  </id>
  <name>
   PleinSport Shoes O-6672
  </name>
  <category>
   Shoes
  </category>
  <size>
   S
  </size>
  <color>
   Желтый
  </color>
  <material>
   Шерсть
  </material>
  <price>
   694270
  </price>
  <rating>
   4.22
  </rating>
  <reviews>
   862917
  </reviews>
  <new>
   -
  </new>
  <exclusive>
   yes
  </exclusive>
  <sporty>
   yes
  </sporty>
 </clothing>
 <clothing>
  <id>
   957001745
  </id>
  <name>
   Brooks Dress H-5991
  </name>
  <category>
   Dress
  </category>
  <size>
   M
  </size>
  <color>
   Синий
  </color>
  <material>
   Полиэстер
  </material>
  <price>
   933295
  </price>
  <rating>
   1.91
  </rating>
  <reviews>
   759692
  </reviews>
 </clothing>
 <clothing>
  <id>
   953367158
  </id>
  <name>
   Puma Belts M-4147
  </name>
  <category>
   Belts
  </category>
  <size>
   L
  </size>
  <color>
   Голубой
  </color>
  <material>
   Вискоза
  </material>
  <price>
   191448
  </price>
  <rating>
   3.52
  </rating>
  <reviews>
   37146
  </reviews>
  <exclusive>
   no
  </exclusive>
 </clothing>
 <clothing>
  <id>
   992355241
  </id>
  <name>
   Fila Umbrellas W-5163
  </name>
  <category>
   Umbrellas
  </category>
  <size>
   XL
  </size>
  <color>
   Желтый
  </color>
  <material>
   Лен
  </material>
  <price>
   636951
  </price>
  <rating>
   4.9
  </rating>
  <reviews>
   603023
  </reviews>
  <new>
   +
  </new>
 </clothing>
 <clothing>
  <id>
   197662950
  </id>
  <name>
   PleinSport Jeans L-8743
  </name>
  <category>
   Jeans
  </category>
  <size>
   L
  </size>
  <color>
   Желтый
  </color>
  <material>
   Шерсть
  </material>
  <price>
   431457
  </price>
  <rating>
   1.81
  </rating>
  <reviews>
   35729
  </reviews>
  <exclusive>
   no
  </exclusive>
  <sporty>
   yes
  </sporty>
 </clothing>
 <clothing>
  <id>
   449898373
  </id>
  <name>
   Converse Handbags Q-9323
  </name>
  <category>
   Handbags
  </category>
  <size>
   XL
  </size>
  <color>
   Оранжевый
  </color>
  <material>
   Шерсть
  </material>
  <price>
   759926
  </price>
  <rating>
   2.24
  </rating>
  <reviews>
   455559
  </reviews>
  <new>
   -
  </new>
  <exclusive>
   no
  </exclusive>
  <sporty>
   yes
  </sporty>
 </clothing>
 <clothing>
  <id>
   490332594
  </id>
  <name>
   Reebok Shoes J-7560
  </name>
  <category>
   Shoes
  </category>
  <size>
   L
  </size>
  <color>
   Голубой
  </color>
  <material>
   Хлопок
  </material>
  <price>
   428557
  </price>
  <rating>
   2.45
  </rating>
  <reviews>
   259944
  </reviews>
  <sporty>
   no
  </sporty>
 </clothing>
 <clothing>
  <id>
   449885694
  </id>
  <name>
   Vans Pants P-6388
  </name>
  <category>
   Pants
  </category>
  <size>
   M
  </size>
  <color>
   Фиолетовый
  </color>
  <material>
   Нейлон
  </material>
  <price>
   543401
  </price>
  <rating>
   2.42
  </rating>
  <reviews>
   22697
  </reviews>
  <new>
   +
  </new>
  <exclusive>
   yes
  </exclusive>
 </clothing>
 <clothing>
  <id>
   987503205
  </id>
  <name>
   Vans Jeans A-7052
  </name>
  <category>
   Jeans
  </category>
  <size>
   XL
  </size>
  <color>
   Зеленый
  </color>
  <material>
   Кожа
  </material>
  <price>
   890930
  </price>
  <rating>
   4.43
  </rating>
  <reviews>
   958677
  </reviews>
 </clothing>
 <clothing>
  <id>
   685426675
  </id>
  <name>
   Converse Socks K-1211
  </name>
  <category>
   Socks
  </category>
  <size>
   M
  </size>
  <color>
   Зеленый
  </color>
  <material>
   Шерсть
  </material>
  <price>
   609455
  </price>
  <rating>
   2.76
  </rating>
  <reviews>
   4876
  </reviews>
  <new>
   -
  </new>
  <exclusive>
   no
  </exclusive>
  <sporty>
   no
  </sporty>
 </clothing>
 <clothing>
  <id>
   190131863
  </id>
  <name>
   DC Gloves Y-8914
  </name>
  <category>
   Gloves
  </category>
  <size>
   XL
  </size>
  <color>
   Зеленый
  </color>
  <material>
   Шерсть
  </material>
  <price>
   100422
  </price>
  <rating>
   3.12
  </rating>
  <reviews>
   886266
  </reviews>
  <new>
   -
  </new>
 </clothing>
 <clothing>
  <id>
   808778824
  </id>
  <name>
   Fila Skirt V-8570
  </name>
  <category>
   Skirt
  </category>
  <size>
   S
  </size>
  <color>
   Зеленый
  </color>
  <material>
   Нейлон
  </material>
  <price>
   784696
  </price>
  <rating>
   2.69
  </rating>
  <reviews>
   618149
  </reviews>
  <exclusive>
   no
  </exclusive>
  <sporty>
   yes
  </sporty>
 </clothing>
 <clothing>
  <id>
   230845983
  </id>
  <name>
   Converse Pants K-6530
  </name>
  <category>
   Pants
  </category>
  <size>
   XL
  </size>
  <color>
   Голубой
  </color>
  <material>
   Хлопок
  </material>
  <price>
   825542
  </price>
  <rating>
   4.41
  </rating>
  <reviews>
   311759
  </reviews>
  <new>
   +
  </new>
  <exclusive>
   yes
  </exclusive>
  <sporty>
   no
  </sporty>
 </clothing>
 <clothing>
  <id>
   302537247
  </id>
  <name>
   Adidas Jacket R-4229
  </name>
  <category>
   Jacket
  </category>
  <size>
   M
  </size>
  <color>
   Оранжевый
  </color>
  <material>
   Шелк
  </material>
  <price>
   267119
  </price>
  <rating>
   4.78
  </rating>
  <reviews>
   82204
  </reviews>
  <exclusive>
   yes
  </exclusive>
  <sporty>
   yes
  </sporty>
 </clothing>
 <clothing>
  <id>
   857848738
  </id>
  <name>
   Nike Jeans R-2924
  </name>
  <category>
   Jeans
  </category>
  <size>
   XL
  </size>
  <color>
   Голубой
  </color>
  <material>
   Лен
  </material>
  <price>
   932521
  </price>
  <rating>
   1.57
  </rating>
  <reviews>
   753640
  </reviews>
  <new>
   +
  </new>
  <sporty>
   no
  </sporty>
 </clothing>
 <clothing>
  <id>
   845460659
  </id>
  <name>
   Under Armour Belts S-6953
  </name>
  <category>
   Belts
  </category>
  <size>
   M
  </size>
  <color>
   Красный
  </color>
  <material>
   Вискоза
  </material>
  <price>
   943746
  </price>
  <rating>
   3.81
  </rating>
  <reviews>
   131471
  </reviews>
  <exclusive>
   yes
  </exclusive>
  <sporty>
   yes
  </sporty>
 </clothing>
</clothing-items>
