<?xml version="1.0" encoding="utf-8"?>
<clothing-items>
 <clothing>
  <id>
   864332673
  </id>
  <name>
   DC Socks C-8821
  </name>
  <category>
   Socks
  </category>
  <size>
   S
  </size>
  <color>
   Красный
  </color>
  <material>
   Лен
  </material>
  <price>
   515690
  </price>
  <rating>
   2.18
  </rating>
  <reviews>
   781637
  </reviews>
  <new>
   +
  </new>
  <sporty>
   no
  </sporty>
 </clothing>
 <clothing>
  <id>
   995895563
  </id>
  <name>
   Adidas Hat H-3925
  </name>
  <category>
   Hat
  </category>
  <size>
   XXL
  </size>
  <color>
   Голубой
  </color>
  <material>
   Полиэстер
  </material>
  <price>
   475475
  </price>
  <rating>
   1.96
  </rating>
  <reviews>
   145696
  </reviews>
  <new>
   -
  </new>
  <exclusive>
   no
  </exclusive>
  <sporty>
   yes
  </sporty>
 </clothing>
 <clothing>
  <id>
   805595215
  </id>
  <name>
   Vans Jeans O-1784
  </name>
  <category>
   Jeans
  </category>
  <size>
   XXL
  </size>
  <color>
   Фиолетовый
  </color>
  <material>
   Вискоза
  </material>
  <price>
   285787
  </price>
  <rating>
   2.15
  </rating>
  <reviews>
   582409
  </reviews>
  <new>
   +
  </new>
  <exclusive>
   yes
  </exclusive>
 </clothing>
 <clothing>
  <id>
   379008846
  </id>
  <name>
   Under Armour Shoes P-1340
  </name>
  <category>
   Shoes
  </category>
  <size>
   XL
  </size>
  <color>
   Желтый
  </color>
  <material>
   Хлопок
  </material>
  <price>
   969684
  </price>
  <rating>
   4.87
  </rating>
  <reviews>
   605919
  </reviews>
  <exclusive>
   no
  </exclusive>
  <sporty>
   no
  </sporty>
 </clothing>
 <clothing>
  <id>
   565337819
  </id>
  <name>
   Brooks Jacket C-6611
  </name>
  <category>
   Jacket
  </category>
  <size>
   XL
  </size>
  <color>
   Оранжевый
  </color>
  <material>
   Полиэстер
  </material>
  <price>
   729031
  </price>
  <rating>
   3.57
  </rating>
  <reviews>
   766082
  </reviews>
  <new>
   -
  </new>
  <exclusive>
   yes
  </exclusive>
 </clothing>
 <clothing>
  <id>
   498783606
  </id>
  <name>
   Ellesse Socks H-7520
  </name>
  <category>
   Socks
  </category>
  <size>
   S
  </size>
  <color>
   Голубой
  </color>
  <material>
   Шерсть
  </material>
  <price>
   783415
  </price>
  <rating>
   4.52
  </rating>
  <reviews>
   598518
  </reviews>
  <new>
   -
  </new>
  <sporty>
   no
  </sporty>
 </clothing>
 <clothing>
  <id>
   208539989
  </id>
  <name>
   Lacoste Handbags M-6286
  </name>
  <category>
   Handbags
  </category>
  <size>
   M
  </size>
  <color>
   Фиолетовый
  </color>
  <material>
   Шелк
  </material>
  <price>
   914861
  </price>
  <rating>
   3.47
  </rating>
  <reviews>
   38578
  </reviews>
  <exclusive>
   yes
  </exclusive>
  <sporty>
   no
  </sporty>
 </clothing>
 <clothing>
  <id>
   835824747
  </id>
  <name>
   Lacoste Belts K-4665
  </name>
  <category>
   Belts
  </category>
  <size>
   XXL
  </size>
  <color>
   Синий
  </color>
  <material>
   Хлопок
  </material>
  <price>
   479414
  </price>
  <rating>
   1.61
  </rating>
  <reviews>
   200091
  </reviews>
  <new>
   +
  </new>
  <exclusive>
   no
  </exclusive>
 </clothing>
 <clothing>
  <id>
   330060620
  </id>
  <name>
   Ellesse Umbrellas G-4230
  </name>
  <category>
   Umbrellas
  </category>
  <size>
   S
  </size>
  <color>
   Голубой
  </color>
  <material>
   Лен
  </material>
  <price>
   491930
  </price>
  <rating>
   2.4
  </rating>
  <reviews>
   763896
  </reviews>
  <new>
   -
  </new>
  <exclusive>
   no
  </exclusive>
 </clothing>
 <clothing>
  <id>
   220355006
  </id>
  <name>
   PleinSport Shoes I-4190
  </name>
  <category>
   Shoes
  </category>
  <size>
   M
  </size>
  <color>
   Фиолетовый
  </color>
  <material>
   Вискоза
  </material>
  <price>
   294464
  </price>
  <rating>
   2.38
  </rating>
  <reviews>
   79888
  </reviews>
  <new>
   +
  </new>
  <exclusive>
   no
  </exclusive>
  <sporty>
   yes
  </sporty>
 </clothing>
 <clothing>
  <id>
   118850941
  </id>
  <name>
   Vans Umbrellas F-7373
  </name>
  <category>
   Umbrellas
  </category>
  <size>
   M
  </size>
  <color>
   Оранжевый
  </color>
  <material>
   Вискоза
  </material>
  <price>
   361956
  </price>
  <rating>
   3.83
  </rating>
  <reviews>
   160922
  </reviews>
  <new>
   -
  </new>
  <exclusive>
   yes
  </exclusive>
 </clothing>
 <clothing>
  <id>
   506239599
  </id>
  <name>
   Ellesse Shoes F-2192
  </name>
  <category>
   Shoes
  </category>
  <size>
   L
  </size>
  <color>
   Желтый
  </color>
  <material>
   Хлопок
  </material>
  <price>
   230543
  </price>
  <rating>
   3.18
  </rating>
  <reviews>
   583432
  </reviews>
  <new>
   -
  </new>
  <exclusive>
   yes
  </exclusive>
 </clothing>
 <clothing>
  <id>
   684759544
  </id>
  <name>
   Asics Socks W-4789
  </name>
  <category>
   Socks
  </category>
  <size>
   L
  </size>
  <color>
   Зеленый
  </color>
  <material>
   Нейлон
  </material>
  <price>
   725519
  </price>
  <rating>
   2.56
  </rating>
  <reviews>
   510891
  </reviews>
  <sporty>
   no
  </sporty>
 </clothing>
 <clothing>
  <id>
   642426034
  </id>
  <name>
   Nike Umbrellas R-4341
  </name>
  <category>
   Umbrellas
  </category>
  <size>
   XL
  </size>
  <color>
   Оранжевый
  </color>
  <material>
   Шерсть
  </material>
  <price>
   320150
  </price>
  <rating>
   3.84
  </rating>
  <reviews>
   782596
  </reviews>
  <new>
   -
  </new>
  <exclusive>
   no
  </exclusive>
  <sporty>
   no
  </sporty>
 </clothing>
 <clothing>
  <id>
   631700697
  </id>
  <name>
   Asics Gloves K-9754
  </name>
  <category>
   Gloves
  </category>
  <size>
   S
  </size>
  <color>
   Синий
  </color>
  <material>
   Кожа
  </material>
  <price>
   443357
  </price>
  <rating>
   4.91
  </rating>
  <reviews>
   398340
  </reviews>
  <new>
   +
  </new>
  <exclusive>
   yes
  </exclusive>
 </clothing>
 <clothing>
  <id>
   703907836
  </id>
  <name>
   Under Armour Shirt X-9077
  </name>
  <category>
   Shirt
  </category>
  <size>
   L
  </size>
  <color>
   Красный
  </color>
  <material>
   Вискоза
  </material>
  <price>
   399785
  </price>
  <rating>
   3.77
  </rating>
  <reviews>
   271956
  </reviews>
  <new>
   -
  </new>
  <exclusive>
   no
  </exclusive>
 </clothing>
 <clothing>
  <id>
   617935187
  </id>
  <name>
   Nike Blouse O-2038
  </name>
  <category>
   Blouse
  </category>
  <size>
   M
  </size>
  <color>
   Желтый
  </color>
  <material>
   Шерсть
  </material>
  <price>
   206059
  </price>
  <rating>
   3.14
  </rating>
  <reviews>
   725750
  </reviews>
  <new>
   -
  </new>
  <sporty>
   no
  </sporty>
 </clothing>
 <clothing>
  <id>
   959370415
  </id>
  <name>
   Addidas Shirt Y-2826
  </name>
  <category>
   Shirt
  </category>
  <size>
   XL
  </size>
  <color>
   Синий
  </color>
  <material>
   Полиэстер
  </material>
  <price>
   729833
  </price>
  <rating>
   4.49
  </rating>
  <reviews>
   325490
  </reviews>
  <new>
   +
  </new>
  <exclusive>
   yes
  </exclusive>
  <sporty>
   yes
  </sporty>
 </clothing>
 <clothing>
  <id>
   480133001
  </id>
  <name>
   Nike Hat P-6154
  </name>
  <category>
   Hat
  </category>
  <size>
   M
  </size>
  <color>
   Оранжевый
  </color>
  <material>
   Нейлон
  </material>
  <price>
   474180
  </price>
  <rating>
   2.72
  </rating>
  <reviews>
   469090
  </reviews>
  <sporty>
   no
  </sporty>
 </clothing>
 <clothing>
  <id>
   680616041
  </id>
  <name>
   DC Hat K-3250
  </name>
  <category>
   Hat
  </category>
  <size>
   XL
  </size>
  <color>
   Синий
  </color>
  <material>
   Шерсть
  </material>
  <price>
   734276
  </price>
  <rating>
   1.23
  </rating>
  <reviews>
   383143
  </reviews>
  <new>
   +
  </new>
  <exclusive>
   no
  </exclusive>
 </clothing>
 <clothing>
  <id>
   824829742
  </id>
  <name>
   Ellesse T-shirt B-4325
  </name>
  <category>
   T-shirt
  </category>
  <size>
   XXL
  </size>
  <color>
   Зеленый
  </color>
  <material>
   Лен
  </material>
  <price>
   958157
  </price>
  <rating>
   3.83
  </rating>
  <reviews>
   128356
  </reviews>
 </clothing>
 <clothing>
  <id>
   197273222
  </id>
  <name>
   DC Pants L-2683
  </name>
  <category>
   Pants
  </category>
  <size>
   XL
  </size>
  <color>
   Красный
  </color>
  <material>
   Кожа
  </material>
  <price>
   291116
  </price>
  <rating>
   2.59
  </rating>
  <reviews>
   130164
  </reviews>
 </clothing>
 <clothing>
  <id>
   251971762
  </id>
  <name>
   Vans Jeans D-6225
  </name>
  <category>
   Jeans
  </category>
  <size>
   XXL
  </size>
  <color>
   Оранжевый
  </color>
  <material>
   Шелк
  </material>
  <price>
   473769
  </price>
  <rating>
   2.71
  </rating>
  <reviews>
   76192
  </reviews>
  <sporty>
   yes
  </sporty>
 </clothing>
 <clothing>
  <id>
   244899105
  </id>
  <name>
   DC Gloves E-4088
  </name>
  <category>
   Gloves
  </category>
  <size>
   M
  </size>
  <color>
   Зеленый
  </color>
  <material>
   Нейлон
  </material>
  <price>
   511140
  </price>
  <rating>
   1.18
  </rating>
  <reviews>
   494482
  </reviews>
  <new>
   +
  </new>
 </clothing>
 <clothing>
  <id>
   839204687
  </id>
  <name>
   Under Armour Belts J-4510
  </name>
  <category>
   Belts
  </category>
  <size>
   M
  </size>
  <color>
   Оранжевый
  </color>
  <material>
   Хлопок
  </material>
  <price>
   500172
  </price>
  <rating>
   4.36
  </rating>
  <reviews>
   642758
  </reviews>
  <new>
   -
  </new>
  <exclusive>
   no
  </exclusive>
 </clothing>
 <clothing>
  <id>
   901578027
  </id>
  <name>
   PleinSport Skirt V-8206
  </name>
  <category>
   Skirt
  </category>
  <size>
   XL
  </size>
  <color>
   Красный
  </color>
  <material>
   Шерсть
  </material>
  <price>
   652305
  </price>
  <rating>
   1.48
  </rating>
  <reviews>
   73758
  </reviews>
  <new>
   +
  </new>
  <exclusive>
   no
  </exclusive>
 </clothing>
 <clothing>
  <id>
   825148694
  </id>
  <name>
   Fila Socks E-9129
  </name>
  <category>
   Socks
  </category>
  <size>
   XL
  </size>
  <color>
   Фиолетовый
  </color>
  <material>
   Шерсть
  </material>
  <price>
   641016
  </price>
  <rating>
   4.59
  </rating>
  <reviews>
   91117
  </reviews>
 </clothing>
 <clothing>
  <id>
   116714922
  </id>
  <name>
   Fila Socks A-6320
  </name>
  <category>
   Socks
  </category>
  <size>
   XXL
  </size>
  <color>
   Желтый
  </color>
  <material>
   Полиэстер
  </material>
  <price>
   844608
  </price>
  <rating>
   3.71
  </rating>
  <reviews>
   443854
  </reviews>
 </clothing>
 <clothing>
  <id>
   120462187
  </id>
  <name>
   Ellesse T-shirt K-6777
  </name>
  <category>
   T-shirt
  </category>
  <size>
   XL
  </size>
  <color>
   Желтый
  </color>
  <material>
   Шелк
  </material>
  <price>
   336313
  </price>
  <rating>
   3.16
  </rating>
  <reviews>
   456019
  </reviews>
 </clothing>
 <clothing>
  <id>
   569238855
  </id>
  <name>
   Fila Jeans M-6829
  </name>
  <category>
   Jeans
  </category>
  <size>
   S
  </size>
  <color>
   Фиолетовый
  </color>
  <material>
   Полиэстер
  </material>
  <price>
   232967
  </price>
  <rating>
   2.4
  </rating>
  <reviews>
   116126
  </reviews>
  <new>
   +
  </new>
  <exclusive>
   no
  </exclusive>
  <sporty>
   yes
  </sporty>
 </clothing>
 <clothing>
  <id>
   845098057
  </id>
  <name>
   Fila Handbags U-2747
  </name>
  <category>
   Handbags
  </category>
  <size>
   S
  </size>
  <color>
   Синий
  </color>
  <material>
   Лен
  </material>
  <price>
   495419
  </price>
  <rating>
   1.66
  </rating>
  <reviews>
   686218
  </reviews>
  <new>
   -
  </new>
  <exclusive>
   yes
  </exclusive>
 </clothing>
 <clothing>
  <id>
   670988102
  </id>
  <name>
   Under Armour Shoes M-8550
  </name>
  <category>
   Shoes
  </category>
  <size>
   XL
  </size>
  <color>
   Оранжевый
  </color>
  <material>
   Шерсть
  </material>
  <price>
   228482
  </price>
  <rating>
   2.98
  </rating>
  <reviews>
   966260
  </reviews>
  <exclusive>
   no
  </exclusive>
  <sporty>
   no
  </sporty>
 </clothing>
 <clothing>
  <id>
   364393725
  </id>
  <name>
   New Balance Belts Y-3058
  </name>
  <category>
   Belts
  </category>
  <size>
   M
  </size>
  <color>
   Голубой
  </color>
  <material>
   Полиэстер
  </material>
  <price>
   922832
  </price>
  <rating>
   2.52
  </rating>
  <reviews>
   77706
  </reviews>
  <new>
   -
  </new>
  <exclusive>
   no
  </exclusive>
  <sporty>
   no
  </sporty>
 </clothing>
 <clothing>
  <id>
   918233198
  </id>
  <name>
   Reebok Sweater S-4321
  </name>
  <category>
   Sweater
  </category>
  <size>
   M
  </size>
  <color>
   Красный
  </color>
  <material>
   Хлопок
  </material>
  <price>
   472707
  </price>
  <rating>
   4.48
  </rating>
  <reviews>
   731207
  </reviews>
  <new>
   -
  </new>
  <exclusive>
   yes
  </exclusive>
  <sporty>
   no
  </sporty>
 </clothing>
 <clothing>
  <id>
   904133382
  </id>
  <name>
   Brooks Jeans A-9817
  </name>
  <category>
   Jeans
  </category>
  <size>
   XL
  </size>
  <color>
   Зеленый
  </color>
  <material>
   Нейлон
  </material>
  <price>
   436102
  </price>
  <rating>
   2.7
  </rating>
  <reviews>
   966557
  </reviews>
  <new>
   -
  </new>
  <exclusive>
   no
  </exclusive>
 </clothing>
 <clothing>
  <id>
   450263079
  </id>
  <name>
   Puma Jacket V-6963
  </name>
  <category>
   Jacket
  </category>
  <size>
   XL
  </size>
  <color>
   Оранжевый
  </color>
  <material>
   Лен
  </material>
  <price>
   852360
  </price>
  <rating>
   1.05
  </rating>
  <reviews>
   385332
  </reviews>
  <new>
   +
  </new>
  <exclusive>
   no
  </exclusive>
  <sporty>
   no
  </sporty>
 </clothing>
 <clothing>
  <id>
   886367439
  </id>
  <name>
   Ellesse Shoes H-5319
  </name>
  <category>
   Shoes
  </category>
  <size>
   L
  </size>
  <color>
   Фиолетовый
  </color>
  <material>
   Шелк
  </material>
  <price>
   259617
  </price>
  <rating>
   1.39
  </rating>
  <reviews>
   398028
  </reviews>
  <exclusive>
   yes
  </exclusive>
 </clothing>
 <clothing>
  <id>
   900035389
  </id>
  <name>
   Addidas Dress E-2234
  </name>
  <category>
   Dress
  </category>
  <size>
   M
  </size>
  <color>
   Синий
  </color>
  <material>
   Вискоза
  </material>
  <price>
   928991
  </price>
  <rating>
   2.46
  </rating>
  <reviews>
   332597
  </reviews>
  <exclusive>
   no
  </exclusive>
  <sporty>
   no
  </sporty>
 </clothing>
 <clothing>
  <id>
   401133413
  </id>
  <name>
   DC Jacket N-5148
  </name>
  <category>
   Jacket
  </category>
  <size>
   XXL
  </size>
  <color>
   Синий
  </color>
  <material>
   Кожа
  </material>
  <price>
   467194
  </price>
  <rating>
   3.89
  </rating>
  <reviews>
   528697
  </reviews>
  <new>
   -
  </new>
  <exclusive>
   no
  </exclusive>
 </clothing>
 <clothing>
  <id>
   270190969
  </id>
  <name>
   Vans Dress R-1538
  </name>
  <category>
   Dress
  </category>
  <size>
   S
  </size>
  <color>
   Фиолетовый
  </color>
  <material>
   Лен
  </material>
  <price>
   537894
  </price>
  <rating>
   1.05
  </rating>
  <reviews>
   107579
  </reviews>
  <exclusive>
   no
  </exclusive>
  <sporty>
   no
  </sporty>
 </clothing>
</clothing-items>
