<?xml version="1.0" encoding="utf-8"?>
<clothing-items>
 <clothing>
  <id>
   440789795
  </id>
  <name>
   Brooks Jeans W-4190
  </name>
  <category>
   Jeans
  </category>
  <size>
   XL
  </size>
  <color>
   Голубой
  </color>
  <material>
   Кожа
  </material>
  <price>
   100950
  </price>
  <rating>
   3.8
  </rating>
  <reviews>
   138896
  </reviews>
  <sporty>
   yes
  </sporty>
 </clothing>
 <clothing>
  <id>
   299479819
  </id>
  <name>
   Under Armour Pants N-8132
  </name>
  <category>
   Pants
  </category>
  <size>
   XL
  </size>
  <color>
   Голубой
  </color>
  <material>
   Вискоза
  </material>
  <price>
   544387
  </price>
  <rating>
   1.8
  </rating>
  <reviews>
   59269
  </reviews>
  <new>
   +
  </new>
  <exclusive>
   yes
  </exclusive>
 </clothing>
 <clothing>
  <id>
   702940793
  </id>
  <name>
   Ellesse Handbags F-1915
  </name>
  <category>
   Handbags
  </category>
  <size>
   M
  </size>
  <color>
   Синий
  </color>
  <material>
   Нейлон
  </material>
  <price>
   318225
  </price>
  <rating>
   2.64
  </rating>
  <reviews>
   110483
  </reviews>
  <exclusive>
   yes
  </exclusive>
 </clothing>
 <clothing>
  <id>
   106422514
  </id>
  <name>
   Vans Dress C-8254
  </name>
  <category>
   Dress
  </category>
  <size>
   S
  </size>
  <color>
   Оранжевый
  </color>
  <material>
   Вискоза
  </material>
  <price>
   688561
  </price>
  <rating>
   4.26
  </rating>
  <reviews>
   917395
  </reviews>
  <new>
   +
  </new>
  <exclusive>
   yes
  </exclusive>
 </clothing>
 <clothing>
  <id>
   594579436
  </id>
  <name>
   Vans Socks U-1368
  </name>
  <category>
   Socks
  </category>
  <size>
   M
  </size>
  <color>
   Оранжевый
  </color>
  <material>
   Нейлон
  </material>
  <price>
   298101
  </price>
  <rating>
   4.04
  </rating>
  <reviews>
   120563
  </reviews>
  <exclusive>
   yes
  </exclusive>
 </clothing>
 <clothing>
  <id>
   984626171
  </id>
  <name>
   Lacoste Sweater E-8885
  </name>
  <category>
   Sweater
  </category>
  <size>
   XXL
  </size>
  <color>
   Красный
  </color>
  <material>
   Лен
  </material>
  <price>
   805279
  </price>
  <rating>
   2.73
  </rating>
  <reviews>
   918811
  </reviews>
  <new>
   -
  </new>
  <exclusive>
   yes
  </exclusive>
  <sporty>
   no
  </sporty>
 </clothing>
 <clothing>
  <id>
   508136828
  </id>
  <name>
   Brooks Umbrellas A-2524
  </name>
  <category>
   Umbrellas
  </category>
  <size>
   M
  </size>
  <color>
   Фиолетовый
  </color>
  <material>
   Лен
  </material>
  <price>
   132995
  </price>
  <rating>
   2.77
  </rating>
  <reviews>
   433439
  </reviews>
 </clothing>
 <clothing>
  <id>
   257554270
  </id>
  <name>
   Vans Dress B-4881
  </name>
  <category>
   Dress
  </category>
  <size>
   L
  </size>
  <color>
   Фиолетовый
  </color>
  <material>
   Полиэстер
  </material>
  <price>
   590192
  </price>
  <rating>
   1.34
  </rating>
  <reviews>
   990232
  </reviews>
  <exclusive>
   yes
  </exclusive>
 </clothing>
 <clothing>
  <id>
   222544673
  </id>
  <name>
   Asics Jeans M-8432
  </name>
  <category>
   Jeans
  </category>
  <size>
   M
  </size>
  <color>
   Зеленый
  </color>
  <material>
   Полиэстер
  </material>
  <price>
   978409
  </price>
  <rating>
   3.91
  </rating>
  <reviews>
   294211
  </reviews>
  <new>
   -
  </new>
  <sporty>
   yes
  </sporty>
 </clothing>
 <clothing>
  <id>
   316642658
  </id>
  <name>
   Addidas Pants N-4138
  </name>
  <category>
   Pants
  </category>
  <size>
   L
  </size>
  <color>
   Синий
  </color>
  <material>
   Лен
  </material>
  <price>
   474261
  </price>
  <rating>
   2.12
  </rating>
  <reviews>
   368464
  </reviews>
  <new>
   +
  </new>
  <sporty>
   no
  </sporty>
 </clothing>
 <clothing>
  <id>
   851334416
  </id>
  <name>
   Fila Skirt F-8105
  </name>
  <category>
   Skirt
  </category>
  <size>
   M
  </size>
  <color>
   Фиолетовый
  </color>
  <material>
   Шелк
  </material>
  <price>
   748745
  </price>
  <rating>
   4.67
  </rating>
  <reviews>
   701445
  </reviews>
  <new>
   -
  </new>
  <exclusive>
   no
  </exclusive>
  <sporty>
   yes
  </sporty>
 </clothing>
 <clothing>
  <id>
   932009211
  </id>
  <name>
   Under Armour T-shirt B-2037
  </name>
  <category>
   T-shirt
  </category>
  <size>
   XXL
  </size>
  <color>
   Красный
  </color>
  <material>
   Нейлон
  </material>
  <price>
   988289
  </price>
  <rating>
   2.79
  </rating>
  <reviews>
   606552
  </reviews>
  <new>
   +
  </new>
  <exclusive>
   no
  </exclusive>
  <sporty>
   no
  </sporty>
 </clothing>
 <clothing>
  <id>
   552766871
  </id>
  <name>
   Adidas Gloves E-9698
  </name>
  <category>
   Gloves
  </category>
  <size>
   XXL
  </size>
  <color>
   Голубой
  </color>
  <material>
   Хлопок
  </material>
  <price>
   727491
  </price>
  <rating>
   2.96
  </rating>
  <reviews>
   127313
  </reviews>
  <new>
   +
  </new>
 </clothing>
 <clothing>
  <id>
   413325304
  </id>
  <name>
   Ellesse Jeans U-1490
  </name>
  <category>
   Jeans
  </category>
  <size>
   L
  </size>
  <color>
   Зеленый
  </color>
  <material>
   Шерсть
  </material>
  <price>
   135544
  </price>
  <rating>
   4.05
  </rating>
  <reviews>
   636630
  </reviews>
  <exclusive>
   no
  </exclusive>
  <sporty>
   no
  </sporty>
 </clothing>
 <clothing>
  <id>
   433215154
  </id>
  <name>
   Converse Blouse O-6937
  </name>
  <category>
   Blouse
  </category>
  <size>
   S
  </size>
  <color>
   Зеленый
  </color>
  <material>
   Хлопок
  </material>
  <price>
   588814
  </price>
  <rating>
   3.69
  </rating>
  <reviews>
   562190
  </reviews>
  <new>
   +
  </new>
 </clothing>
</clothing-items>
