<?xml version="1.0" encoding="utf-8"?>
<clothing-items>
 <clothing>
  <id>
   330363147
  </id>
  <name>
   Vans Handbags L-3917
  </name>
  <category>
   Handbags
  </category>
  <size>
   XXL
  </size>
  <color>
   Оранжевый
  </color>
  <material>
   Хлопок
  </material>
  <price>
   315076
  </price>
  <rating>
   2.62
  </rating>
  <reviews>
   650643
  </reviews>
  <exclusive>
   no
  </exclusive>
  <sporty>
   no
  </sporty>
 </clothing>
 <clothing>
  <id>
   496287758
  </id>
  <name>
   Addidas Shoes R-3071
  </name>
  <category>
   Shoes
  </category>
  <size>
   XL
  </size>
  <color>
   Голубой
  </color>
  <material>
   Лен
  </material>
  <price>
   501642
  </price>
  <rating>
   4.6
  </rating>
  <reviews>
   97140
  </reviews>
  <new>
   +
  </new>
  <exclusive>
   no
  </exclusive>
  <sporty>
   yes
  </sporty>
 </clothing>
 <clothing>
  <id>
   504140732
  </id>
  <name>
   Vans Shoes Y-7348
  </name>
  <category>
   Shoes
  </category>
  <size>
   M
  </size>
  <color>
   Зеленый
  </color>
  <material>
   Лен
  </material>
  <price>
   999306
  </price>
  <rating>
   2.66
  </rating>
  <reviews>
   875650
  </reviews>
  <new>
   -
  </new>
 </clothing>
 <clothing>
  <id>
   133213292
  </id>
  <name>
   Addidas Hat A-6031
  </name>
  <category>
   Hat
  </category>
  <size>
   XL
  </size>
  <color>
   Голубой
  </color>
  <material>
   Шелк
  </material>
  <price>
   351961
  </price>
  <rating>
   2.05
  </rating>
  <reviews>
   707485
  </reviews>
  <sporty>
   yes
  </sporty>
 </clothing>
 <clothing>
  <id>
   115978160
  </id>
  <name>
   PleinSport Blouse V-6293
  </name>
  <category>
   Blouse
  </category>
  <size>
   XL
  </size>
  <color>
   Желтый
  </color>
  <material>
   Нейлон
  </material>
  <price>
   817005
  </price>
  <rating>
   1.83
  </rating>
  <reviews>
   410119
  </reviews>
  <new>
   +
  </new>
 </clothing>
 <clothing>
  <id>
   757492699
  </id>
  <name>
   Ellesse Gloves C-6804
  </name>
  <category>
   Gloves
  </category>
  <size>
   XXL
  </size>
  <color>
   Желтый
  </color>
  <material>
   Лен
  </material>
  <price>
   597206
  </price>
  <rating>
   1.42
  </rating>
  <reviews>
   389048
  </reviews>
  <new>
   +
  </new>
  <exclusive>
   no
  </exclusive>
  <sporty>
   yes
  </sporty>
 </clothing>
 <clothing>
  <id>
   843243272
  </id>
  <name>
   PleinSport T-shirt I-2280
  </name>
  <category>
   T-shirt
  </category>
  <size>
   L
  </size>
  <color>
   Зеленый
  </color>
  <material>
   Полиэстер
  </material>
  <price>
   806826
  </price>
  <rating>
   1.07
  </rating>
  <reviews>
   838097
  </reviews>
  <sporty>
   yes
  </sporty>
 </clothing>
 <clothing>
  <id>
   879016664
  </id>
  <name>
   Nike Shoes S-5593
  </name>
  <category>
   Shoes
  </category>
  <size>
   S
  </size>
  <color>
   Зеленый
  </color>
  <material>
   Шелк
  </material>
  <price>
   755353
  </price>
  <rating>
   3.24
  </rating>
  <reviews>
   457539
  </reviews>
  <new>
   -
  </new>
  <sporty>
   no
  </sporty>
 </clothing>
 <clothing>
  <id>
   760058569
  </id>
  <name>
   DC Umbrellas V-2603
  </name>
  <category>
   Umbrellas
  </category>
  <size>
   S
  </size>
  <color>
   Голубой
  </color>
  <material>
   Шелк
  </material>
  <price>
   240167
  </price>
  <rating>
   1.57
  </rating>
  <reviews>
   813203
  </reviews>
  <new>
   -
  </new>
  <exclusive>
   no
  </exclusive>
 </clothing>
 <clothing>
  <id>
   221192848
  </id>
  <name>
   Fila Socks N-6302
  </name>
  <category>
   Socks
  </category>
  <size>
   L
  </size>
  <color>
   Зеленый
  </color>
  <material>
   Шелк
  </material>
  <price>
   795376
  </price>
  <rating>
   1.17
  </rating>
  <reviews>
   653172
  </reviews>
  <new>
   +
  </new>
  <exclusive>
   no
  </exclusive>
 </clothing>
 <clothing>
  <id>
   931441948
  </id>
  <name>
   Fila Dress T-3051
  </name>
  <category>
   Dress
  </category>
  <size>
   M
  </size>
  <color>
   Оранжевый
  </color>
  <material>
   Полиэстер
  </material>
  <price>
   708640
  </price>
  <rating>
   3.69
  </rating>
  <reviews>
   303393
  </reviews>
  <new>
   +
  </new>
  <sporty>
   no
  </sporty>
 </clothing>
 <clothing>
  <id>
   557592978
  </id>
  <name>
   Lacoste Skirt H-1916
  </name>
  <category>
   Skirt
  </category>
  <size>
   S
  </size>
  <color>
   Фиолетовый
  </color>
  <material>
   Хлопок
  </material>
  <price>
   402710
  </price>
  <rating>
   4.8
  </rating>
  <reviews>
   585344
  </reviews>
  <exclusive>
   yes
  </exclusive>
 </clothing>
 <clothing>
  <id>
   733448237
  </id>
  <name>
   DC T-shirt L-2525
  </name>
  <category>
   T-shirt
  </category>
  <size>
   L
  </size>
  <color>
   Красный
  </color>
  <material>
   Вискоза
  </material>
  <price>
   783630
  </price>
  <rating>
   3.69
  </rating>
  <reviews>
   34569
  </reviews>
  <exclusive>
   no
  </exclusive>
  <sporty>
   yes
  </sporty>
 </clothing>
 <clothing>
  <id>
   622645369
  </id>
  <name>
   Reebok Sweater K-6034
  </name>
  <category>
   Sweater
  </category>
  <size>
   XL
  </size>
  <color>
   Синий
  </color>
  <material>
   Лен
  </material>
  <price>
   791727
  </price>
  <rating>
   3.28
  </rating>
  <reviews>
   457625
  </reviews>
  <new>
   +
  </new>
  <sporty>
   no
  </sporty>
 </clothing>
 <clothing>
  <id>
   143442686
  </id>
  <name>
   Under Armour Blouse F-1519
  </name>
  <category>
   Blouse
  </category>
  <size>
   L
  </size>
  <color>
   Синий
  </color>
  <material>
   Кожа
  </material>
  <price>
   656415
  </price>
  <rating>
   4.55
  </rating>
  <reviews>
   31877
  </reviews>
  <new>
   -
  </new>
  <exclusive>
   yes
  </exclusive>
 </clothing>
 <clothing>
  <id>
   619234727
  </id>
  <name>
   New Balance Handbags I-4191
  </name>
  <category>
   Handbags
  </category>
  <size>
   XL
  </size>
  <color>
   Зеленый
  </color>
  <material>
   Нейлон
  </material>
  <price>
   683319
  </price>
  <rating>
   2.09
  </rating>
  <reviews>
   416407
  </reviews>
  <exclusive>
   no
  </exclusive>
 </clothing>
 <clothing>
  <id>
   925616941
  </id>
  <name>
   Nike Socks G-3696
  </name>
  <category>
   Socks
  </category>
  <size>
   M
  </size>
  <color>
   Оранжевый
  </color>
  <material>
   Кожа
  </material>
  <price>
   163076
  </price>
  <rating>
   3.14
  </rating>
  <reviews>
   72366
  </reviews>
  <exclusive>
   no
  </exclusive>
 </clothing>
 <clothing>
  <id>
   632660925
  </id>
  <name>
   Vans Jeans O-9032
  </name>
  <category>
   Jeans
  </category>
  <size>
   M
  </size>
  <color>
   Красный
  </color>
  <material>
   Шелк
  </material>
  <price>
   496411
  </price>
  <rating>
   2.46
  </rating>
  <reviews>
   547682
  </reviews>
  <new>
   -
  </new>
  <sporty>
   no
  </sporty>
 </clothing>
 <clothing>
  <id>
   146000930
  </id>
  <name>
   Converse Socks U-2426
  </name>
  <category>
   Socks
  </category>
  <size>
   XXL
  </size>
  <color>
   Зеленый
  </color>
  <material>
   Полиэстер
  </material>
  <price>
   872019
  </price>
  <rating>
   4.44
  </rating>
  <reviews>
   416417
  </reviews>
  <exclusive>
   yes
  </exclusive>
  <sporty>
   yes
  </sporty>
 </clothing>
 <clothing>
  <id>
   766683924
  </id>
  <name>
   New Balance Handbags M-5771
  </name>
  <category>
   Handbags
  </category>
  <size>
   L
  </size>
  <color>
   Красный
  </color>
  <material>
   Кожа
  </material>
  <price>
   316776
  </price>
  <rating>
   4.76
  </rating>
  <reviews>
   943487
  </reviews>
  <new>
   -
  </new>
 </clothing>
 <clothing>
  <id>
   119360949
  </id>
  <name>
   Lacoste Jacket C-9671
  </name>
  <category>
   Jacket
  </category>
  <size>
   XL
  </size>
  <color>
   Красный
  </color>
  <material>
   Кожа
  </material>
  <price>
   366384
  </price>
  <rating>
   2.88
  </rating>
  <reviews>
   962668
  </reviews>
  <exclusive>
   no
  </exclusive>
  <sporty>
   no
  </sporty>
 </clothing>
 <clothing>
  <id>
   517460760
  </id>
  <name>
   Adidas Socks L-1613
  </name>
  <category>
   Socks
  </category>
  <size>
   XL
  </size>
  <color>
   Оранжевый
  </color>
  <material>
   Шелк
  </material>
  <price>
   336697
  </price>
  <rating>
   2.93
  </rating>
  <reviews>
   62466
  </reviews>
  <sporty>
   no
  </sporty>
 </clothing>
 <clothing>
  <id>
   623846565
  </id>
  <name>
   DC Belts K-4988
  </name>
  <category>
   Belts
  </category>
  <size>
   XXL
  </size>
  <color>
   Фиолетовый
  </color>
  <material>
   Кожа
  </material>
  <price>
   235147
  </price>
  <rating>
   4.58
  </rating>
  <reviews>
   128647
  </reviews>
  <new>
   -
  </new>
 </clothing>
 <clothing>
  <id>
   280994139
  </id>
  <name>
   New Balance Dress U-1274
  </name>
  <category>
   Dress
  </category>
  <size>
   XL
  </size>
  <color>
   Синий
  </color>
  <material>
   Шелк
  </material>
  <price>
   482785
  </price>
  <rating>
   4.41
  </rating>
  <reviews>
   980704
  </reviews>
  <exclusive>
   yes
  </exclusive>
 </clothing>
 <clothing>
  <id>
   974452477
  </id>
  <name>
   Adidas Shirt Q-7244
  </name>
  <category>
   Shirt
  </category>
  <size>
   XXL
  </size>
  <color>
   Синий
  </color>
  <material>
   Кожа
  </material>
  <price>
   164576
  </price>
  <rating>
   1.68
  </rating>
  <reviews>
   556697
  </reviews>
  <new>
   +
  </new>
  <exclusive>
   yes
  </exclusive>
  <sporty>
   no
  </sporty>
 </clothing>
 <clothing>
  <id>
   861115941
  </id>
  <name>
   Lacoste Jeans M-4892
  </name>
  <category>
   Jeans
  </category>
  <size>
   XL
  </size>
  <color>
   Красный
  </color>
  <material>
   Лен
  </material>
  <price>
   127226
  </price>
  <rating>
   3.22
  </rating>
  <reviews>
   695587
  </reviews>
  <exclusive>
   no
  </exclusive>
  <sporty>
   yes
  </sporty>
 </clothing>
</clothing-items>
