<?xml version="1.0" encoding="utf-8"?>
<clothing-items>
 <clothing>
  <id>
   135892116
  </id>
  <name>
   Fila Shirt L-8422
  </name>
  <category>
   Shirt
  </category>
  <size>
   L
  </size>
  <color>
   Зеленый
  </color>
  <material>
   Лен
  </material>
  <price>
   351396
  </price>
  <rating>
   2.45
  </rating>
  <reviews>
   374096
  </reviews>
  <sporty>
   no
  </sporty>
 </clothing>
 <clothing>
  <id>
   871969875
  </id>
  <name>
   Puma Dress N-8429
  </name>
  <category>
   Dress
  </category>
  <size>
   M
  </size>
  <color>
   Синий
  </color>
  <material>
   Шерсть
  </material>
  <price>
   956846
  </price>
  <rating>
   3.1
  </rating>
  <reviews>
   219766
  </reviews>
  <exclusive>
   no
  </exclusive>
  <sporty>
   no
  </sporty>
 </clothing>
 <clothing>
  <id>
   123815114
  </id>
  <name>
   Under Armour Pants F-1814
  </name>
  <category>
   Pants
  </category>
  <size>
   S
  </size>
  <color>
   Желтый
  </color>
  <material>
   Хлопок
  </material>
  <price>
   326769
  </price>
  <rating>
   2.57
  </rating>
  <reviews>
   423560
  </reviews>
  <exclusive>
   yes
  </exclusive>
 </clothing>
 <clothing>
  <id>
   789353362
  </id>
  <name>
   Adidas Sweater D-3270
  </name>
  <category>
   Sweater
  </category>
  <size>
   S
  </size>
  <color>
   Зеленый
  </color>
  <material>
   Шелк
  </material>
  <price>
   997109
  </price>
  <rating>
   2.33
  </rating>
  <reviews>
   762896
  </reviews>
  <new>
   -
  </new>
  <exclusive>
   no
  </exclusive>
  <sporty>
   no
  </sporty>
 </clothing>
 <clothing>
  <id>
   241631896
  </id>
  <name>
   Ellesse Shirt O-3351
  </name>
  <category>
   Shirt
  </category>
  <size>
   L
  </size>
  <color>
   Фиолетовый
  </color>
  <material>
   Шелк
  </material>
  <price>
   226083
  </price>
  <rating>
   3.97
  </rating>
  <reviews>
   72997
  </reviews>
  <new>
   -
  </new>
  <exclusive>
   no
  </exclusive>
  <sporty>
   yes
  </sporty>
 </clothing>
 <clothing>
  <id>
   267784500
  </id>
  <name>
   Vans Gloves L-9453
  </name>
  <category>
   Gloves
  </category>
  <size>
   L
  </size>
  <color>
   Голубой
  </color>
  <material>
   Нейлон
  </material>
  <price>
   707429
  </price>
  <rating>
   2.73
  </rating>
  <reviews>
   135468
  </reviews>
  <exclusive>
   no
  </exclusive>
  <sporty>
   no
  </sporty>
 </clothing>
 <clothing>
  <id>
   130959214
  </id>
  <name>
   PleinSport Sweater C-8955
  </name>
  <category>
   Sweater
  </category>
  <size>
   S
  </size>
  <color>
   Фиолетовый
  </color>
  <material>
   Шелк
  </material>
  <price>
   633919
  </price>
  <rating>
   3.09
  </rating>
  <reviews>
   218102
  </reviews>
  <new>
   -
  </new>
  <exclusive>
   yes
  </exclusive>
 </clothing>
 <clothing>
  <id>
   231883476
  </id>
  <name>
   Ellesse Jeans G-5035
  </name>
  <category>
   Jeans
  </category>
  <size>
   XL
  </size>
  <color>
   Синий
  </color>
  <material>
   Полиэстер
  </material>
  <price>
   723344
  </price>
  <rating>
   4.27
  </rating>
  <reviews>
   213824
  </reviews>
  <new>
   -
  </new>
  <exclusive>
   yes
  </exclusive>
 </clothing>
 <clothing>
  <id>
   370372105
  </id>
  <name>
   DC Handbags I-2459
  </name>
  <category>
   Handbags
  </category>
  <size>
   M
  </size>
  <color>
   Красный
  </color>
  <material>
   Шелк
  </material>
  <price>
   897792
  </price>
  <rating>
   4.92
  </rating>
  <reviews>
   643151
  </reviews>
  <new>
   -
  </new>
  <exclusive>
   yes
  </exclusive>
  <sporty>
   yes
  </sporty>
 </clothing>
 <clothing>
  <id>
   913359877
  </id>
  <name>
   Fila Umbrellas X-6119
  </name>
  <category>
   Umbrellas
  </category>
  <size>
   S
  </size>
  <color>
   Голубой
  </color>
  <material>
   Полиэстер
  </material>
  <price>
   695808
  </price>
  <rating>
   2.37
  </rating>
  <reviews>
   100588
  </reviews>
  <new>
   -
  </new>
  <exclusive>
   yes
  </exclusive>
  <sporty>
   no
  </sporty>
 </clothing>
 <clothing>
  <id>
   490604094
  </id>
  <name>
   Ellesse Jeans A-9285
  </name>
  <category>
   Jeans
  </category>
  <size>
   M
  </size>
  <color>
   Желтый
  </color>
  <material>
   Шелк
  </material>
  <price>
   848560
  </price>
  <rating>
   1.33
  </rating>
  <reviews>
   244017
  </reviews>
  <new>
   -
  </new>
  <exclusive>
   yes
  </exclusive>
 </clothing>
</clothing-items>
