<?xml version="1.0" encoding="utf-8"?>
<clothing-items>
 <clothing>
  <id>
   522735364
  </id>
  <name>
   PleinSport Blouse Z-8159
  </name>
  <category>
   Blouse
  </category>
  <size>
   L
  </size>
  <color>
   Оранжевый
  </color>
  <material>
   Кожа
  </material>
  <price>
   340962
  </price>
  <rating>
   2.87
  </rating>
  <reviews>
   496631
  </reviews>
  <exclusive>
   yes
  </exclusive>
  <sporty>
   no
  </sporty>
 </clothing>
 <clothing>
  <id>
   410522668
  </id>
  <name>
   Reebok Sweater J-6448
  </name>
  <category>
   Sweater
  </category>
  <size>
   XXL
  </size>
  <color>
   Синий
  </color>
  <material>
   Нейлон
  </material>
  <price>
   851771
  </price>
  <rating>
   3.34
  </rating>
  <reviews>
   664322
  </reviews>
  <new>
   -
  </new>
  <exclusive>
   no
  </exclusive>
  <sporty>
   yes
  </sporty>
 </clothing>
 <clothing>
  <id>
   327044546
  </id>
  <name>
   Fila Dress J-8074
  </name>
  <category>
   Dress
  </category>
  <size>
   XL
  </size>
  <color>
   Синий
  </color>
  <material>
   Кожа
  </material>
  <price>
   605063
  </price>
  <rating>
   2.99
  </rating>
  <reviews>
   38133
  </reviews>
  <exclusive>
   no
  </exclusive>
  <sporty>
   no
  </sporty>
 </clothing>
 <clothing>
  <id>
   337713879
  </id>
  <name>
   Asics Dress J-1932
  </name>
  <category>
   Dress
  </category>
  <size>
   S
  </size>
  <color>
   Голубой
  </color>
  <material>
   Шерсть
  </material>
  <price>
   522592
  </price>
  <rating>
   2.12
  </rating>
  <reviews>
   122007
  </reviews>
  <sporty>
   no
  </sporty>
 </clothing>
 <clothing>
  <id>
   773112206
  </id>
  <name>
   Brooks Handbags C-2852
  </name>
  <category>
   Handbags
  </category>
  <size>
   L
  </size>
  <color>
   Желтый
  </color>
  <material>
   Вискоза
  </material>
  <price>
   971587
  </price>
  <rating>
   4.68
  </rating>
  <reviews>
   700068
  </reviews>
 </clothing>
 <clothing>
  <id>
   789538064
  </id>
  <name>
   Reebok Umbrellas J-9965
  </name>
  <category>
   Umbrellas
  </category>
  <size>
   M
  </size>
  <color>
   Желтый
  </color>
  <material>
   Шелк
  </material>
  <price>
   866824
  </price>
  <rating>
   2.89
  </rating>
  <reviews>
   151350
  </reviews>
  <new>
   +
  </new>
  <exclusive>
   no
  </exclusive>
 </clothing>
 <clothing>
  <id>
   740629198
  </id>
  <name>
   Addidas T-shirt S-2440
  </name>
  <category>
   T-shirt
  </category>
  <size>
   S
  </size>
  <color>
   Фиолетовый
  </color>
  <material>
   Полиэстер
  </material>
  <price>
   131979
  </price>
  <rating>
   1.16
  </rating>
  <reviews>
   122344
  </reviews>
  <sporty>
   no
  </sporty>
 </clothing>
 <clothing>
  <id>
   776303674
  </id>
  <name>
   Fila Dress B-2230
  </name>
  <category>
   Dress
  </category>
  <size>
   XXL
  </size>
  <color>
   Желтый
  </color>
  <material>
   Нейлон
  </material>
  <price>
   349543
  </price>
  <rating>
   1.81
  </rating>
  <reviews>
   614627
  </reviews>
  <new>
   -
  </new>
  <exclusive>
   no
  </exclusive>
 </clothing>
 <clothing>
  <id>
   771649255
  </id>
  <name>
   Puma Sweater I-6141
  </name>
  <category>
   Sweater
  </category>
  <size>
   XXL
  </size>
  <color>
   Оранжевый
  </color>
  <material>
   Хлопок
  </material>
  <price>
   330402
  </price>
  <rating>
   1.36
  </rating>
  <reviews>
   30129
  </reviews>
 </clothing>
 <clothing>
  <id>
   361198254
  </id>
  <name>
   Under Armour Belts E-8310
  </name>
  <category>
   Belts
  </category>
  <size>
   M
  </size>
  <color>
   Желтый
  </color>
  <material>
   Хлопок
  </material>
  <price>
   646056
  </price>
  <rating>
   3.3
  </rating>
  <reviews>
   13108
  </reviews>
  <new>
   -
  </new>
  <exclusive>
   no
  </exclusive>
 </clothing>
 <clothing>
  <id>
   383784042
  </id>
  <name>
   Lacoste Gloves B-7873
  </name>
  <category>
   Gloves
  </category>
  <size>
   L
  </size>
  <color>
   Фиолетовый
  </color>
  <material>
   Хлопок
  </material>
  <price>
   324889
  </price>
  <rating>
   2.92
  </rating>
  <reviews>
   112964
  </reviews>
  <exclusive>
   no
  </exclusive>
  <sporty>
   yes
  </sporty>
 </clothing>
 <clothing>
  <id>
   226419490
  </id>
  <name>
   DC T-shirt K-7940
  </name>
  <category>
   T-shirt
  </category>
  <size>
   XL
  </size>
  <color>
   Зеленый
  </color>
  <material>
   Лен
  </material>
  <price>
   376597
  </price>
  <rating>
   1.7
  </rating>
  <reviews>
   190660
  </reviews>
  <new>
   -
  </new>
  <sporty>
   yes
  </sporty>
 </clothing>
 <clothing>
  <id>
   685842075
  </id>
  <name>
   Vans Pants G-3386
  </name>
  <category>
   Pants
  </category>
  <size>
   S
  </size>
  <color>
   Оранжевый
  </color>
  <material>
   Шелк
  </material>
  <price>
   334900
  </price>
  <rating>
   1.74
  </rating>
  <reviews>
   841371
  </reviews>
  <new>
   -
  </new>
  <exclusive>
   yes
  </exclusive>
  <sporty>
   no
  </sporty>
 </clothing>
 <clothing>
  <id>
   396821952
  </id>
  <name>
   Addidas Handbags K-1658
  </name>
  <category>
   Handbags
  </category>
  <size>
   XL
  </size>
  <color>
   Синий
  </color>
  <material>
   Шелк
  </material>
  <price>
   686766
  </price>
  <rating>
   3.38
  </rating>
  <reviews>
   706963
  </reviews>
  <exclusive>
   yes
  </exclusive>
 </clothing>
 <clothing>
  <id>
   207607898
  </id>
  <name>
   New Balance Socks Z-9318
  </name>
  <category>
   Socks
  </category>
  <size>
   XL
  </size>
  <color>
   Желтый
  </color>
  <material>
   Полиэстер
  </material>
  <price>
   786561
  </price>
  <rating>
   1.83
  </rating>
  <reviews>
   258949
  </reviews>
  <new>
   -
  </new>
  <exclusive>
   yes
  </exclusive>
  <sporty>
   yes
  </sporty>
 </clothing>
 <clothing>
  <id>
   280257597
  </id>
  <name>
   Reebok T-shirt K-4932
  </name>
  <category>
   T-shirt
  </category>
  <size>
   XL
  </size>
  <color>
   Красный
  </color>
  <material>
   Шелк
  </material>
  <price>
   172640
  </price>
  <rating>
   1.04
  </rating>
  <reviews>
   545349
  </reviews>
  <exclusive>
   yes
  </exclusive>
 </clothing>
 <clothing>
  <id>
   776407178
  </id>
  <name>
   Brooks Dress R-1218
  </name>
  <category>
   Dress
  </category>
  <size>
   XL
  </size>
  <color>
   Голубой
  </color>
  <material>
   Кожа
  </material>
  <price>
   478479
  </price>
  <rating>
   1.64
  </rating>
  <reviews>
   953737
  </reviews>
  <new>
   +
  </new>
  <exclusive>
   no
  </exclusive>
 </clothing>
 <clothing>
  <id>
   782800654
  </id>
  <name>
   Asics Shoes J-3630
  </name>
  <category>
   Shoes
  </category>
  <size>
   XL
  </size>
  <color>
   Зеленый
  </color>
  <material>
   Шерсть
  </material>
  <price>
   489784
  </price>
  <rating>
   1.77
  </rating>
  <reviews>
   312555
  </reviews>
  <new>
   -
  </new>
  <sporty>
   no
  </sporty>
 </clothing>
 <clothing>
  <id>
   993762805
  </id>
  <name>
   Vans Handbags Y-3318
  </name>
  <category>
   Handbags
  </category>
  <size>
   L
  </size>
  <color>
   Желтый
  </color>
  <material>
   Шерсть
  </material>
  <price>
   702643
  </price>
  <rating>
   4.52
  </rating>
  <reviews>
   691846
  </reviews>
  <new>
   +
  </new>
  <sporty>
   no
  </sporty>
 </clothing>
 <clothing>
  <id>
   208026489
  </id>
  <name>
   Lacoste Belts P-8873
  </name>
  <category>
   Belts
  </category>
  <size>
   XL
  </size>
  <color>
   Желтый
  </color>
  <material>
   Вискоза
  </material>
  <price>
   941335
  </price>
  <rating>
   1.35
  </rating>
  <reviews>
   471967
  </reviews>
 </clothing>
 <clothing>
  <id>
   108411422
  </id>
  <name>
   Ellesse Socks N-4992
  </name>
  <category>
   Socks
  </category>
  <size>
   M
  </size>
  <color>
   Фиолетовый
  </color>
  <material>
   Хлопок
  </material>
  <price>
   608590
  </price>
  <rating>
   2.2
  </rating>
  <reviews>
   295915
  </reviews>
  <new>
   -
  </new>
  <exclusive>
   no
  </exclusive>
  <sporty>
   no
  </sporty>
 </clothing>
 <clothing>
  <id>
   648857131
  </id>
  <name>
   Asics Pants I-2185
  </name>
  <category>
   Pants
  </category>
  <size>
   S
  </size>
  <color>
   Желтый
  </color>
  <material>
   Шерсть
  </material>
  <price>
   363229
  </price>
  <rating>
   4.4
  </rating>
  <reviews>
   10021
  </reviews>
  <exclusive>
   no
  </exclusive>
  <sporty>
   yes
  </sporty>
 </clothing>
 <clothing>
  <id>
   887915813
  </id>
  <name>
   Adidas Pants V-5754
  </name>
  <category>
   Pants
  </category>
  <size>
   XXL
  </size>
  <color>
   Синий
  </color>
  <material>
   Шелк
  </material>
  <price>
   494353
  </price>
  <rating>
   4.03
  </rating>
  <reviews>
   397544
  </reviews>
 </clothing>
 <clothing>
  <id>
   772258323
  </id>
  <name>
   Vans Umbrellas F-1352
  </name>
  <category>
   Umbrellas
  </category>
  <size>
   L
  </size>
  <color>
   Оранжевый
  </color>
  <material>
   Лен
  </material>
  <price>
   385495
  </price>
  <rating>
   1.32
  </rating>
  <reviews>
   785929
  </reviews>
  <sporty>
   no
  </sporty>
 </clothing>
 <clothing>
  <id>
   127676368
  </id>
  <name>
   Asics Skirt X-3673
  </name>
  <category>
   Skirt
  </category>
  <size>
   L
  </size>
  <color>
   Красный
  </color>
  <material>
   Нейлон
  </material>
  <price>
   252704
  </price>
  <rating>
   3.69
  </rating>
  <reviews>
   214754
  </reviews>
  <new>
   -
  </new>
  <exclusive>
   yes
  </exclusive>
  <sporty>
   no
  </sporty>
 </clothing>
 <clothing>
  <id>
   906465424
  </id>
  <name>
   Nike Blouse N-8499
  </name>
  <category>
   Blouse
  </category>
  <size>
   L
  </size>
  <color>
   Зеленый
  </color>
  <material>
   Лен
  </material>
  <price>
   806544
  </price>
  <rating>
   2.16
  </rating>
  <reviews>
   515371
  </reviews>
  <new>
   +
  </new>
  <sporty>
   yes
  </sporty>
 </clothing>
 <clothing>
  <id>
   879827472
  </id>
  <name>
   Asics Shirt A-2436
  </name>
  <category>
   Shirt
  </category>
  <size>
   L
  </size>
  <color>
   Красный
  </color>
  <material>
   Шерсть
  </material>
  <price>
   637123
  </price>
  <rating>
   1.21
  </rating>
  <reviews>
   271132
  </reviews>
  <new>
   +
  </new>
  <exclusive>
   no
  </exclusive>
 </clothing>
 <clothing>
  <id>
   977988744
  </id>
  <name>
   New Balance Jeans N-5933
  </name>
  <category>
   Jeans
  </category>
  <size>
   L
  </size>
  <color>
   Зеленый
  </color>
  <material>
   Шелк
  </material>
  <price>
   921372
  </price>
  <rating>
   1.93
  </rating>
  <reviews>
   519763
  </reviews>
  <new>
   -
  </new>
  <exclusive>
   no
  </exclusive>
 </clothing>
 <clothing>
  <id>
   309016671
  </id>
  <name>
   DC Shoes N-2462
  </name>
  <category>
   Shoes
  </category>
  <size>
   L
  </size>
  <color>
   Фиолетовый
  </color>
  <material>
   Вискоза
  </material>
  <price>
   937298
  </price>
  <rating>
   1.7
  </rating>
  <reviews>
   746658
  </reviews>
  <exclusive>
   yes
  </exclusive>
  <sporty>
   yes
  </sporty>
 </clothing>
 <clothing>
  <id>
   407372545
  </id>
  <name>
   Adidas Jeans I-5861
  </name>
  <category>
   Jeans
  </category>
  <size>
   XL
  </size>
  <color>
   Красный
  </color>
  <material>
   Вискоза
  </material>
  <price>
   874540
  </price>
  <rating>
   4.58
  </rating>
  <reviews>
   123009
  </reviews>
 </clothing>
 <clothing>
  <id>
   936966706
  </id>
  <name>
   Nike Umbrellas N-3456
  </name>
  <category>
   Umbrellas
  </category>
  <size>
   XL
  </size>
  <color>
   Красный
  </color>
  <material>
   Шелк
  </material>
  <price>
   516143
  </price>
  <rating>
   4.82
  </rating>
  <reviews>
   96219
  </reviews>
  <exclusive>
   yes
  </exclusive>
  <sporty>
   yes
  </sporty>
 </clothing>
 <clothing>
  <id>
   831854417
  </id>
  <name>
   Nike Jeans K-1985
  </name>
  <category>
   Jeans
  </category>
  <size>
   XXL
  </size>
  <color>
   Красный
  </color>
  <material>
   Лен
  </material>
  <price>
   314918
  </price>
  <rating>
   2.28
  </rating>
  <reviews>
   31838
  </reviews>
 </clothing>
</clothing-items>
