<?xml version="1.0" encoding="utf-8"?>
<clothing-items>
 <clothing>
  <id>
   890101264
  </id>
  <name>
   Nike Shoes X-1162
  </name>
  <category>
   Shoes
  </category>
  <size>
   S
  </size>
  <color>
   Оранжевый
  </color>
  <material>
   Шелк
  </material>
  <price>
   697959
  </price>
  <rating>
   3.52
  </rating>
  <reviews>
   231501
  </reviews>
  <new>
   -
  </new>
  <sporty>
   yes
  </sporty>
 </clothing>
 <clothing>
  <id>
   774934861
  </id>
  <name>
   Reebok Hat K-8271
  </name>
  <category>
   Hat
  </category>
  <size>
   XL
  </size>
  <color>
   Голубой
  </color>
  <material>
   Полиэстер
  </material>
  <price>
   634675
  </price>
  <rating>
   3.06
  </rating>
  <reviews>
   828754
  </reviews>
  <new>
   +
  </new>
  <exclusive>
   no
  </exclusive>
  <sporty>
   yes
  </sporty>
 </clothing>
 <clothing>
  <id>
   938174268
  </id>
  <name>
   New Balance Handbags L-2254
  </name>
  <category>
   Handbags
  </category>
  <size>
   M
  </size>
  <color>
   Голубой
  </color>
  <material>
   Лен
  </material>
  <price>
   343676
  </price>
  <rating>
   3.28
  </rating>
  <reviews>
   932862
  </reviews>
  <new>
   -
  </new>
  <sporty>
   yes
  </sporty>
 </clothing>
 <clothing>
  <id>
   490790230
  </id>
  <name>
   Addidas Jacket S-4413
  </name>
  <category>
   Jacket
  </category>
  <size>
   M
  </size>
  <color>
   Голубой
  </color>
  <material>
   Кожа
  </material>
  <price>
   911719
  </price>
  <rating>
   2.21
  </rating>
  <reviews>
   429439
  </reviews>
  <exclusive>
   no
  </exclusive>
  <sporty>
   yes
  </sporty>
 </clothing>
 <clothing>
  <id>
   186686922
  </id>
  <name>
   Brooks Blouse F-5839
  </name>
  <category>
   Blouse
  </category>
  <size>
   XXL
  </size>
  <color>
   Оранжевый
  </color>
  <material>
   Нейлон
  </material>
  <price>
   160489
  </price>
  <rating>
   3.98
  </rating>
  <reviews>
   626776
  </reviews>
  <new>
   -
  </new>
  <exclusive>
   yes
  </exclusive>
  <sporty>
   yes
  </sporty>
 </clothing>
 <clothing>
  <id>
   711251639
  </id>
  <name>
   Ellesse Gloves E-5194
  </name>
  <category>
   Gloves
  </category>
  <size>
   XL
  </size>
  <color>
   Красный
  </color>
  <material>
   Шелк
  </material>
  <price>
   541926
  </price>
  <rating>
   4.49
  </rating>
  <reviews>
   950151
  </reviews>
  <new>
   +
  </new>
  <exclusive>
   no
  </exclusive>
 </clothing>
 <clothing>
  <id>
   815548873
  </id>
  <name>
   Converse Hat K-5755
  </name>
  <category>
   Hat
  </category>
  <size>
   XXL
  </size>
  <color>
   Голубой
  </color>
  <material>
   Лен
  </material>
  <price>
   938247
  </price>
  <rating>
   4.21
  </rating>
  <reviews>
   842372
  </reviews>
  <new>
   +
  </new>
 </clothing>
 <clothing>
  <id>
   615654512
  </id>
  <name>
   Asics Umbrellas I-4458
  </name>
  <category>
   Umbrellas
  </category>
  <size>
   XXL
  </size>
  <color>
   Красный
  </color>
  <material>
   Шелк
  </material>
  <price>
   673006
  </price>
  <rating>
   4.12
  </rating>
  <reviews>
   454716
  </reviews>
  <sporty>
   yes
  </sporty>
 </clothing>
 <clothing>
  <id>
   585846625
  </id>
  <name>
   Converse T-shirt N-5699
  </name>
  <category>
   T-shirt
  </category>
  <size>
   XXL
  </size>
  <color>
   Красный
  </color>
  <material>
   Вискоза
  </material>
  <price>
   199659
  </price>
  <rating>
   4.14
  </rating>
  <reviews>
   943692
  </reviews>
  <new>
   -
  </new>
  <sporty>
   no
  </sporty>
 </clothing>
 <clothing>
  <id>
   949545550
  </id>
  <name>
   DC Belts Q-3191
  </name>
  <category>
   Belts
  </category>
  <size>
   XL
  </size>
  <color>
   Зеленый
  </color>
  <material>
   Нейлон
  </material>
  <price>
   148996
  </price>
  <rating>
   2.55
  </rating>
  <reviews>
   176056
  </reviews>
  <new>
   -
  </new>
  <exclusive>
   yes
  </exclusive>
 </clothing>
 <clothing>
  <id>
   720434870
  </id>
  <name>
   Vans Belts B-2094
  </name>
  <category>
   Belts
  </category>
  <size>
   XXL
  </size>
  <color>
   Оранжевый
  </color>
  <material>
   Шелк
  </material>
  <price>
   783673
  </price>
  <rating>
   3.64
  </rating>
  <reviews>
   138676
  </reviews>
  <new>
   +
  </new>
  <exclusive>
   yes
  </exclusive>
  <sporty>
   yes
  </sporty>
 </clothing>
 <clothing>
  <id>
   723219861
  </id>
  <name>
   Adidas T-shirt H-9348
  </name>
  <category>
   T-shirt
  </category>
  <size>
   XL
  </size>
  <color>
   Синий
  </color>
  <material>
   Кожа
  </material>
  <price>
   219735
  </price>
  <rating>
   4.28
  </rating>
  <reviews>
   387970
  </reviews>
  <new>
   +
  </new>
  <exclusive>
   yes
  </exclusive>
 </clothing>
 <clothing>
  <id>
   452892665
  </id>
  <name>
   Ellesse Skirt R-3514
  </name>
  <category>
   Skirt
  </category>
  <size>
   S
  </size>
  <color>
   Оранжевый
  </color>
  <material>
   Вискоза
  </material>
  <price>
   455154
  </price>
  <rating>
   2.58
  </rating>
  <reviews>
   334837
  </reviews>
 </clothing>
 <clothing>
  <id>
   551467325
  </id>
  <name>
   PleinSport Pants J-9517
  </name>
  <category>
   Pants
  </category>
  <size>
   L
  </size>
  <color>
   Голубой
  </color>
  <material>
   Лен
  </material>
  <price>
   849853
  </price>
  <rating>
   2.83
  </rating>
  <reviews>
   366808
  </reviews>
  <new>
   -
  </new>
  <exclusive>
   no
  </exclusive>
 </clothing>
 <clothing>
  <id>
   225403223
  </id>
  <name>
   Addidas Socks D-6617
  </name>
  <category>
   Socks
  </category>
  <size>
   XXL
  </size>
  <color>
   Красный
  </color>
  <material>
   Полиэстер
  </material>
  <price>
   227110
  </price>
  <rating>
   3.22
  </rating>
  <reviews>
   282687
  </reviews>
 </clothing>
 <clothing>
  <id>
   319950327
  </id>
  <name>
   Ellesse Belts U-5106
  </name>
  <category>
   Belts
  </category>
  <size>
   S
  </size>
  <color>
   Синий
  </color>
  <material>
   Кожа
  </material>
  <price>
   720939
  </price>
  <rating>
   2.47
  </rating>
  <reviews>
   807984
  </reviews>
  <exclusive>
   no
  </exclusive>
 </clothing>
 <clothing>
  <id>
   577572663
  </id>
  <name>
   Adidas Handbags S-7309
  </name>
  <category>
   Handbags
  </category>
  <size>
   XL
  </size>
  <color>
   Фиолетовый
  </color>
  <material>
   Полиэстер
  </material>
  <price>
   798071
  </price>
  <rating>
   3.73
  </rating>
  <reviews>
   628802
  </reviews>
  <new>
   -
  </new>
  <exclusive>
   yes
  </exclusive>
  <sporty>
   no
  </sporty>
 </clothing>
 <clothing>
  <id>
   948944804
  </id>
  <name>
   Brooks Skirt D-3277
  </name>
  <category>
   Skirt
  </category>
  <size>
   S
  </size>
  <color>
   Голубой
  </color>
  <material>
   Лен
  </material>
  <price>
   147382
  </price>
  <rating>
   4.79
  </rating>
  <reviews>
   288530
  </reviews>
  <sporty>
   yes
  </sporty>
 </clothing>
 <clothing>
  <id>
   927597346
  </id>
  <name>
   DC Gloves A-7574
  </name>
  <category>
   Gloves
  </category>
  <size>
   M
  </size>
  <color>
   Синий
  </color>
  <material>
   Лен
  </material>
  <price>
   365680
  </price>
  <rating>
   1.69
  </rating>
  <reviews>
   818194
  </reviews>
  <sporty>
   yes
  </sporty>
 </clothing>
 <clothing>
  <id>
   961078943
  </id>
  <name>
   Under Armour Handbags U-7586
  </name>
  <category>
   Handbags
  </category>
  <size>
   XXL
  </size>
  <color>
   Синий
  </color>
  <material>
   Шелк
  </material>
  <price>
   979871
  </price>
  <rating>
   4.62
  </rating>
  <reviews>
   140052
  </reviews>
 </clothing>
 <clothing>
  <id>
   337428469
  </id>
  <name>
   Converse T-shirt N-6476
  </name>
  <category>
   T-shirt
  </category>
  <size>
   XXL
  </size>
  <color>
   Голубой
  </color>
  <material>
   Полиэстер
  </material>
  <price>
   369837
  </price>
  <rating>
   4.67
  </rating>
  <reviews>
   239894
  </reviews>
  <new>
   +
  </new>
  <exclusive>
   no
  </exclusive>
 </clothing>
 <clothing>
  <id>
   195568743
  </id>
  <name>
   Addidas Jeans W-6161
  </name>
  <category>
   Jeans
  </category>
  <size>
   XL
  </size>
  <color>
   Голубой
  </color>
  <material>
   Вискоза
  </material>
  <price>
   167223
  </price>
  <rating>
   3.92
  </rating>
  <reviews>
   817745
  </reviews>
  <new>
   +
  </new>
 </clothing>
 <clothing>
  <id>
   500031607
  </id>
  <name>
   New Balance Shoes K-3033
  </name>
  <category>
   Shoes
  </category>
  <size>
   L
  </size>
  <color>
   Красный
  </color>
  <material>
   Кожа
  </material>
  <price>
   775439
  </price>
  <rating>
   3.89
  </rating>
  <reviews>
   561139
  </reviews>
  <new>
   +
  </new>
  <sporty>
   no
  </sporty>
 </clothing>
</clothing-items>
