<?xml version="1.0" encoding="utf-8"?>
<clothing-items>
 <clothing>
  <id>
   281817579
  </id>
  <name>
   Lacoste Socks J-1058
  </name>
  <category>
   Socks
  </category>
  <size>
   XL
  </size>
  <color>
   Зеленый
  </color>
  <material>
   Вискоза
  </material>
  <price>
   828459
  </price>
  <rating>
   4.61
  </rating>
  <reviews>
   142205
  </reviews>
  <new>
   +
  </new>
  <exclusive>
   no
  </exclusive>
  <sporty>
   yes
  </sporty>
 </clothing>
 <clothing>
  <id>
   917826105
  </id>
  <name>
   PleinSport Jacket N-7625
  </name>
  <category>
   Jacket
  </category>
  <size>
   M
  </size>
  <color>
   Зеленый
  </color>
  <material>
   Хлопок
  </material>
  <price>
   971004
  </price>
  <rating>
   1.96
  </rating>
  <reviews>
   136726
  </reviews>
 </clothing>
 <clothing>
  <id>
   588174776
  </id>
  <name>
   PleinSport Socks G-7806
  </name>
  <category>
   Socks
  </category>
  <size>
   L
  </size>
  <color>
   Желтый
  </color>
  <material>
   Лен
  </material>
  <price>
   344718
  </price>
  <rating>
   2.77
  </rating>
  <reviews>
   719225
  </reviews>
  <new>
   -
  </new>
  <sporty>
   no
  </sporty>
 </clothing>
 <clothing>
  <id>
   439200452
  </id>
  <name>
   Puma Gloves W-7355
  </name>
  <category>
   Gloves
  </category>
  <size>
   M
  </size>
  <color>
   Оранжевый
  </color>
  <material>
   Нейлон
  </material>
  <price>
   306795
  </price>
  <rating>
   2.74
  </rating>
  <reviews>
   568738
  </reviews>
  <new>
   -
  </new>
  <exclusive>
   no
  </exclusive>
  <sporty>
   no
  </sporty>
 </clothing>
 <clothing>
  <id>
   692984993
  </id>
  <name>
   PleinSport Belts N-5084
  </name>
  <category>
   Belts
  </category>
  <size>
   XL
  </size>
  <color>
   Красный
  </color>
  <material>
   Кожа
  </material>
  <price>
   476406
  </price>
  <rating>
   2.73
  </rating>
  <reviews>
   986547
  </reviews>
  <new>
   -
  </new>
  <exclusive>
   yes
  </exclusive>
 </clothing>
 <clothing>
  <id>
   621790290
  </id>
  <name>
   DC Socks S-9120
  </name>
  <category>
   Socks
  </category>
  <size>
   XL
  </size>
  <color>
   Зеленый
  </color>
  <material>
   Кожа
  </material>
  <price>
   308624
  </price>
  <rating>
   1.04
  </rating>
  <reviews>
   154355
  </reviews>
  <sporty>
   no
  </sporty>
 </clothing>
 <clothing>
  <id>
   300907865
  </id>
  <name>
   Vans Blouse O-9938
  </name>
  <category>
   Blouse
  </category>
  <size>
   S
  </size>
  <color>
   Красный
  </color>
  <material>
   Полиэстер
  </material>
  <price>
   415384
  </price>
  <rating>
   1.65
  </rating>
  <reviews>
   70104
  </reviews>
  <new>
   -
  </new>
 </clothing>
 <clothing>
  <id>
   892025986
  </id>
  <name>
   Reebok Handbags A-6744
  </name>
  <category>
   Handbags
  </category>
  <size>
   S
  </size>
  <color>
   Оранжевый
  </color>
  <material>
   Шерсть
  </material>
  <price>
   801436
  </price>
  <rating>
   1.85
  </rating>
  <reviews>
   9539
  </reviews>
  <new>
   -
  </new>
 </clothing>
 <clothing>
  <id>
   218936837
  </id>
  <name>
   Lacoste Shoes Z-5162
  </name>
  <category>
   Shoes
  </category>
  <size>
   M
  </size>
  <color>
   Зеленый
  </color>
  <material>
   Кожа
  </material>
  <price>
   915331
  </price>
  <rating>
   1.55
  </rating>
  <reviews>
   987489
  </reviews>
  <new>
   +
  </new>
  <exclusive>
   no
  </exclusive>
 </clothing>
 <clothing>
  <id>
   372622814
  </id>
  <name>
   Asics Pants P-3709
  </name>
  <category>
   Pants
  </category>
  <size>
   M
  </size>
  <color>
   Оранжевый
  </color>
  <material>
   Шелк
  </material>
  <price>
   244390
  </price>
  <rating>
   1.04
  </rating>
  <reviews>
   174161
  </reviews>
 </clothing>
 <clothing>
  <id>
   159002867
  </id>
  <name>
   Reebok Umbrellas V-1102
  </name>
  <category>
   Umbrellas
  </category>
  <size>
   XXL
  </size>
  <color>
   Оранжевый
  </color>
  <material>
   Нейлон
  </material>
  <price>
   710623
  </price>
  <rating>
   1.64
  </rating>
  <reviews>
   144715
  </reviews>
  <new>
   -
  </new>
 </clothing>
 <clothing>
  <id>
   480245897
  </id>
  <name>
   Asics Handbags W-3058
  </name>
  <category>
   Handbags
  </category>
  <size>
   XXL
  </size>
  <color>
   Синий
  </color>
  <material>
   Хлопок
  </material>
  <price>
   536984
  </price>
  <rating>
   1.08
  </rating>
  <reviews>
   411087
  </reviews>
  <new>
   -
  </new>
  <exclusive>
   yes
  </exclusive>
  <sporty>
   yes
  </sporty>
 </clothing>
 <clothing>
  <id>
   149632100
  </id>
  <name>
   Asics Gloves P-6792
  </name>
  <category>
   Gloves
  </category>
  <size>
   XL
  </size>
  <color>
   Голубой
  </color>
  <material>
   Шерсть
  </material>
  <price>
   105943
  </price>
  <rating>
   1.54
  </rating>
  <reviews>
   347221
  </reviews>
  <new>
   +
  </new>
  <sporty>
   no
  </sporty>
 </clothing>
 <clothing>
  <id>
   892469357
  </id>
  <name>
   Fila Shirt S-6161
  </name>
  <category>
   Shirt
  </category>
  <size>
   XXL
  </size>
  <color>
   Желтый
  </color>
  <material>
   Шерсть
  </material>
  <price>
   593051
  </price>
  <rating>
   1.21
  </rating>
  <reviews>
   848999
  </reviews>
  <exclusive>
   no
  </exclusive>
  <sporty>
   yes
  </sporty>
 </clothing>
 <clothing>
  <id>
   361046221
  </id>
  <name>
   Puma Shirt E-6602
  </name>
  <category>
   Shirt
  </category>
  <size>
   L
  </size>
  <color>
   Зеленый
  </color>
  <material>
   Лен
  </material>
  <price>
   173016
  </price>
  <rating>
   2.92
  </rating>
  <reviews>
   703833
  </reviews>
  <exclusive>
   no
  </exclusive>
 </clothing>
 <clothing>
  <id>
   810048249
  </id>
  <name>
   Vans T-shirt Z-9190
  </name>
  <category>
   T-shirt
  </category>
  <size>
   L
  </size>
  <color>
   Оранжевый
  </color>
  <material>
   Вискоза
  </material>
  <price>
   599782
  </price>
  <rating>
   4.9
  </rating>
  <reviews>
   921207
  </reviews>
  <exclusive>
   yes
  </exclusive>
 </clothing>
 <clothing>
  <id>
   866099424
  </id>
  <name>
   PleinSport Umbrellas I-6624
  </name>
  <category>
   Umbrellas
  </category>
  <size>
   M
  </size>
  <color>
   Фиолетовый
  </color>
  <material>
   Кожа
  </material>
  <price>
   798343
  </price>
  <rating>
   3.96
  </rating>
  <reviews>
   365902
  </reviews>
  <new>
   +
  </new>
  <exclusive>
   yes
  </exclusive>
 </clothing>
 <clothing>
  <id>
   971436637
  </id>
  <name>
   Vans Skirt J-7707
  </name>
  <category>
   Skirt
  </category>
  <size>
   L
  </size>
  <color>
   Фиолетовый
  </color>
  <material>
   Шелк
  </material>
  <price>
   360739
  </price>
  <rating>
   3.78
  </rating>
  <reviews>
   718239
  </reviews>
  <new>
   +
  </new>
  <exclusive>
   no
  </exclusive>
 </clothing>
 <clothing>
  <id>
   226165021
  </id>
  <name>
   New Balance Gloves H-9758
  </name>
  <category>
   Gloves
  </category>
  <size>
   XXL
  </size>
  <color>
   Оранжевый
  </color>
  <material>
   Хлопок
  </material>
  <price>
   545427
  </price>
  <rating>
   1.01
  </rating>
  <reviews>
   625105
  </reviews>
  <new>
   -
  </new>
 </clothing>
 <clothing>
  <id>
   674615168
  </id>
  <name>
   PleinSport T-shirt N-5867
  </name>
  <category>
   T-shirt
  </category>
  <size>
   S
  </size>
  <color>
   Фиолетовый
  </color>
  <material>
   Кожа
  </material>
  <price>
   636367
  </price>
  <rating>
   2.32
  </rating>
  <reviews>
   85737
  </reviews>
  <new>
   -
  </new>
  <exclusive>
   yes
  </exclusive>
 </clothing>
 <clothing>
  <id>
   685235916
  </id>
  <name>
   Adidas Shirt R-8492
  </name>
  <category>
   Shirt
  </category>
  <size>
   L
  </size>
  <color>
   Красный
  </color>
  <material>
   Лен
  </material>
  <price>
   201850
  </price>
  <rating>
   1.42
  </rating>
  <reviews>
   243494
  </reviews>
  <exclusive>
   no
  </exclusive>
 </clothing>
 <clothing>
  <id>
   156904474
  </id>
  <name>
   Adidas Belts G-9984
  </name>
  <category>
   Belts
  </category>
  <size>
   L
  </size>
  <color>
   Оранжевый
  </color>
  <material>
   Шелк
  </material>
  <price>
   442255
  </price>
  <rating>
   3.49
  </rating>
  <reviews>
   452306
  </reviews>
  <new>
   -
  </new>
  <exclusive>
   no
  </exclusive>
  <sporty>
   no
  </sporty>
 </clothing>
 <clothing>
  <id>
   637345689
  </id>
  <name>
   Lacoste Sweater H-1463
  </name>
  <category>
   Sweater
  </category>
  <size>
   L
  </size>
  <color>
   Синий
  </color>
  <material>
   Полиэстер
  </material>
  <price>
   695521
  </price>
  <rating>
   1.96
  </rating>
  <reviews>
   982925
  </reviews>
  <new>
   -
  </new>
 </clothing>
 <clothing>
  <id>
   205763700
  </id>
  <name>
   Under Armour Pants D-4752
  </name>
  <category>
   Pants
  </category>
  <size>
   S
  </size>
  <color>
   Зеленый
  </color>
  <material>
   Кожа
  </material>
  <price>
   962620
  </price>
  <rating>
   3.45
  </rating>
  <reviews>
   966606
  </reviews>
  <new>
   -
  </new>
  <exclusive>
   yes
  </exclusive>
 </clothing>
 <clothing>
  <id>
   155680975
  </id>
  <name>
   New Balance Jacket G-4924
  </name>
  <category>
   Jacket
  </category>
  <size>
   XL
  </size>
  <color>
   Оранжевый
  </color>
  <material>
   Хлопок
  </material>
  <price>
   872087
  </price>
  <rating>
   4.79
  </rating>
  <reviews>
   227339
  </reviews>
 </clothing>
 <clothing>
  <id>
   789988278
  </id>
  <name>
   Vans T-shirt T-2595
  </name>
  <category>
   T-shirt
  </category>
  <size>
   M
  </size>
  <color>
   Оранжевый
  </color>
  <material>
   Хлопок
  </material>
  <price>
   346346
  </price>
  <rating>
   5.0
  </rating>
  <reviews>
   714131
  </reviews>
  <new>
   +
  </new>
  <sporty>
   yes
  </sporty>
 </clothing>
 <clothing>
  <id>
   284926823
  </id>
  <name>
   Addidas Blouse N-2742
  </name>
  <category>
   Blouse
  </category>
  <size>
   M
  </size>
  <color>
   Оранжевый
  </color>
  <material>
   Шерсть
  </material>
  <price>
   779752
  </price>
  <rating>
   2.45
  </rating>
  <reviews>
   50685
  </reviews>
  <new>
   -
  </new>
  <exclusive>
   no
  </exclusive>
 </clothing>
 <clothing>
  <id>
   709858651
  </id>
  <name>
   Brooks Pants F-5590
  </name>
  <category>
   Pants
  </category>
  <size>
   M
  </size>
  <color>
   Фиолетовый
  </color>
  <material>
   Вискоза
  </material>
  <price>
   896834
  </price>
  <rating>
   1.13
  </rating>
  <reviews>
   7501
  </reviews>
  <exclusive>
   no
  </exclusive>
  <sporty>
   no
  </sporty>
 </clothing>
 <clothing>
  <id>
   629264082
  </id>
  <name>
   Nike Umbrellas N-7661
  </name>
  <category>
   Umbrellas
  </category>
  <size>
   XL
  </size>
  <color>
   Голубой
  </color>
  <material>
   Шелк
  </material>
  <price>
   267107
  </price>
  <rating>
   1.39
  </rating>
  <reviews>
   503617
  </reviews>
  <new>
   -
  </new>
  <sporty>
   yes
  </sporty>
 </clothing>
 <clothing>
  <id>
   475166880
  </id>
  <name>
   Under Armour Handbags K-3882
  </name>
  <category>
   Handbags
  </category>
  <size>
   S
  </size>
  <color>
   Желтый
  </color>
  <material>
   Вискоза
  </material>
  <price>
   843931
  </price>
  <rating>
   3.17
  </rating>
  <reviews>
   398541
  </reviews>
  <new>
   +
  </new>
  <exclusive>
   no
  </exclusive>
  <sporty>
   no
  </sporty>
 </clothing>
 <clothing>
  <id>
   393775437
  </id>
  <name>
   Adidas Umbrellas Z-1132
  </name>
  <category>
   Umbrellas
  </category>
  <size>
   XL
  </size>
  <color>
   Голубой
  </color>
  <material>
   Полиэстер
  </material>
  <price>
   213788
  </price>
  <rating>
   2.35
  </rating>
  <reviews>
   161688
  </reviews>
  <new>
   -
  </new>
  <exclusive>
   no
  </exclusive>
  <sporty>
   yes
  </sporty>
 </clothing>
 <clothing>
  <id>
   609104536
  </id>
  <name>
   DC Sweater P-7677
  </name>
  <category>
   Sweater
  </category>
  <size>
   S
  </size>
  <color>
   Голубой
  </color>
  <material>
   Вискоза
  </material>
  <price>
   144210
  </price>
  <rating>
   4.02
  </rating>
  <reviews>
   567058
  </reviews>
  <new>
   +
  </new>
  <sporty>
   no
  </sporty>
 </clothing>
 <clothing>
  <id>
   354630562
  </id>
  <name>
   Lacoste Shoes Q-2276
  </name>
  <category>
   Shoes
  </category>
  <size>
   XL
  </size>
  <color>
   Желтый
  </color>
  <material>
   Кожа
  </material>
  <price>
   309659
  </price>
  <rating>
   3.78
  </rating>
  <reviews>
   587369
  </reviews>
  <new>
   -
  </new>
  <sporty>
   no
  </sporty>
 </clothing>
 <clothing>
  <id>
   112462963
  </id>
  <name>
   Adidas Dress U-7304
  </name>
  <category>
   Dress
  </category>
  <size>
   L
  </size>
  <color>
   Зеленый
  </color>
  <material>
   Хлопок
  </material>
  <price>
   141670
  </price>
  <rating>
   1.31
  </rating>
  <reviews>
   307625
  </reviews>
  <exclusive>
   no
  </exclusive>
  <sporty>
   yes
  </sporty>
 </clothing>
 <clothing>
  <id>
   835837672
  </id>
  <name>
   Asics Shoes J-1960
  </name>
  <category>
   Shoes
  </category>
  <size>
   L
  </size>
  <color>
   Зеленый
  </color>
  <material>
   Лен
  </material>
  <price>
   183739
  </price>
  <rating>
   1.46
  </rating>
  <reviews>
   918400
  </reviews>
  <new>
   -
  </new>
  <exclusive>
   yes
  </exclusive>
  <sporty>
   no
  </sporty>
 </clothing>
 <clothing>
  <id>
   613638864
  </id>
  <name>
   Adidas Handbags V-2035
  </name>
  <category>
   Handbags
  </category>
  <size>
   XXL
  </size>
  <color>
   Оранжевый
  </color>
  <material>
   Лен
  </material>
  <price>
   800440
  </price>
  <rating>
   2.75
  </rating>
  <reviews>
   450291
  </reviews>
  <new>
   -
  </new>
  <exclusive>
   yes
  </exclusive>
 </clothing>
</clothing-items>
