<?xml version="1.0" encoding="utf-8"?>
<clothing-items>
 <clothing>
  <id>
   976399470
  </id>
  <name>
   Under Armour Shoes G-5764
  </name>
  <category>
   Shoes
  </category>
  <size>
   XXL
  </size>
  <color>
   Желтый
  </color>
  <material>
   Шерсть
  </material>
  <price>
   149256
  </price>
  <rating>
   4.98
  </rating>
  <reviews>
   23359
  </reviews>
 </clothing>
 <clothing>
  <id>
   464355460
  </id>
  <name>
   Adidas Jacket H-2661
  </name>
  <category>
   Jacket
  </category>
  <size>
   XXL
  </size>
  <color>
   Красный
  </color>
  <material>
   Шелк
  </material>
  <price>
   722539
  </price>
  <rating>
   3.34
  </rating>
  <reviews>
   453607
  </reviews>
  <new>
   +
  </new>
  <exclusive>
   no
  </exclusive>
  <sporty>
   no
  </sporty>
 </clothing>
 <clothing>
  <id>
   533400350
  </id>
  <name>
   Lacoste Hat O-9650
  </name>
  <category>
   Hat
  </category>
  <size>
   S
  </size>
  <color>
   Синий
  </color>
  <material>
   Вискоза
  </material>
  <price>
   307531
  </price>
  <rating>
   3.79
  </rating>
  <reviews>
   63880
  </reviews>
 </clothing>
 <clothing>
  <id>
   912059968
  </id>
  <name>
   Reebok Jeans L-5304
  </name>
  <category>
   Jeans
  </category>
  <size>
   XXL
  </size>
  <color>
   Фиолетовый
  </color>
  <material>
   Лен
  </material>
  <price>
   355015
  </price>
  <rating>
   1.26
  </rating>
  <reviews>
   981485
  </reviews>
  <exclusive>
   yes
  </exclusive>
  <sporty>
   yes
  </sporty>
 </clothing>
 <clothing>
  <id>
   472972108
  </id>
  <name>
   Under Armour Gloves C-8806
  </name>
  <category>
   Gloves
  </category>
  <size>
   XXL
  </size>
  <color>
   Зеленый
  </color>
  <material>
   Лен
  </material>
  <price>
   814035
  </price>
  <rating>
   1.92
  </rating>
  <reviews>
   159106
  </reviews>
  <sporty>
   no
  </sporty>
 </clothing>
 <clothing>
  <id>
   654576835
  </id>
  <name>
   New Balance Skirt K-9807
  </name>
  <category>
   Skirt
  </category>
  <size>
   L
  </size>
  <color>
   Фиолетовый
  </color>
  <material>
   Шерсть
  </material>
  <price>
   208343
  </price>
  <rating>
   2.47
  </rating>
  <reviews>
   616596
  </reviews>
 </clothing>
 <clothing>
  <id>
   515366818
  </id>
  <name>
   Nike Umbrellas F-2281
  </name>
  <category>
   Umbrellas
  </category>
  <size>
   S
  </size>
  <color>
   Синий
  </color>
  <material>
   Шерсть
  </material>
  <price>
   286032
  </price>
  <rating>
   4.11
  </rating>
  <reviews>
   27217
  </reviews>
  <exclusive>
   no
  </exclusive>
 </clothing>
 <clothing>
  <id>
   548718067
  </id>
  <name>
   Under Armour Dress J-1583
  </name>
  <category>
   Dress
  </category>
  <size>
   L
  </size>
  <color>
   Зеленый
  </color>
  <material>
   Кожа
  </material>
  <price>
   868403
  </price>
  <rating>
   1.82
  </rating>
  <reviews>
   998891
  </reviews>
  <new>
   -
  </new>
  <exclusive>
   no
  </exclusive>
  <sporty>
   no
  </sporty>
 </clothing>
 <clothing>
  <id>
   415799534
  </id>
  <name>
   New Balance Jeans U-2615
  </name>
  <category>
   Jeans
  </category>
  <size>
   S
  </size>
  <color>
   Фиолетовый
  </color>
  <material>
   Лен
  </material>
  <price>
   699892
  </price>
  <rating>
   3.69
  </rating>
  <reviews>
   827221
  </reviews>
  <exclusive>
   no
  </exclusive>
  <sporty>
   no
  </sporty>
 </clothing>
 <clothing>
  <id>
   146442610
  </id>
  <name>
   Asics Blouse G-9715
  </name>
  <category>
   Blouse
  </category>
  <size>
   S
  </size>
  <color>
   Желтый
  </color>
  <material>
   Шерсть
  </material>
  <price>
   865618
  </price>
  <rating>
   2.35
  </rating>
  <reviews>
   838365
  </reviews>
  <new>
   -
  </new>
  <exclusive>
   no
  </exclusive>
  <sporty>
   no
  </sporty>
 </clothing>
 <clothing>
  <id>
   990396401
  </id>
  <name>
   Addidas Gloves I-2296
  </name>
  <category>
   Gloves
  </category>
  <size>
   S
  </size>
  <color>
   Голубой
  </color>
  <material>
   Кожа
  </material>
  <price>
   374349
  </price>
  <rating>
   4.0
  </rating>
  <reviews>
   434504
  </reviews>
  <new>
   -
  </new>
  <exclusive>
   no
  </exclusive>
 </clothing>
 <clothing>
  <id>
   353435587
  </id>
  <name>
   Ellesse T-shirt B-5342
  </name>
  <category>
   T-shirt
  </category>
  <size>
   S
  </size>
  <color>
   Синий
  </color>
  <material>
   Нейлон
  </material>
  <price>
   953834
  </price>
  <rating>
   2.44
  </rating>
  <reviews>
   945965
  </reviews>
  <exclusive>
   no
  </exclusive>
  <sporty>
   no
  </sporty>
 </clothing>
 <clothing>
  <id>
   529781297
  </id>
  <name>
   Puma Blouse Q-2332
  </name>
  <category>
   Blouse
  </category>
  <size>
   S
  </size>
  <color>
   Синий
  </color>
  <material>
   Полиэстер
  </material>
  <price>
   260943
  </price>
  <rating>
   1.19
  </rating>
  <reviews>
   586060
  </reviews>
  <exclusive>
   no
  </exclusive>
  <sporty>
   yes
  </sporty>
 </clothing>
 <clothing>
  <id>
   216339962
  </id>
  <name>
   Brooks Jeans I-3621
  </name>
  <category>
   Jeans
  </category>
  <size>
   XL
  </size>
  <color>
   Фиолетовый
  </color>
  <material>
   Нейлон
  </material>
  <price>
   759204
  </price>
  <rating>
   4.07
  </rating>
  <reviews>
   759752
  </reviews>
  <exclusive>
   no
  </exclusive>
 </clothing>
 <clothing>
  <id>
   522808569
  </id>
  <name>
   Reebok Shoes T-4801
  </name>
  <category>
   Shoes
  </category>
  <size>
   S
  </size>
  <color>
   Голубой
  </color>
  <material>
   Хлопок
  </material>
  <price>
   851185
  </price>
  <rating>
   3.2
  </rating>
  <reviews>
   38275
  </reviews>
  <new>
   -
  </new>
 </clothing>
 <clothing>
  <id>
   286258599
  </id>
  <name>
   Vans Skirt A-4823
  </name>
  <category>
   Skirt
  </category>
  <size>
   S
  </size>
  <color>
   Фиолетовый
  </color>
  <material>
   Хлопок
  </material>
  <price>
   561298
  </price>
  <rating>
   1.42
  </rating>
  <reviews>
   55871
  </reviews>
  <new>
   +
  </new>
 </clothing>
 <clothing>
  <id>
   605832282
  </id>
  <name>
   Nike Skirt Y-1787
  </name>
  <category>
   Skirt
  </category>
  <size>
   XL
  </size>
  <color>
   Желтый
  </color>
  <material>
   Кожа
  </material>
  <price>
   396265
  </price>
  <rating>
   4.74
  </rating>
  <reviews>
   500651
  </reviews>
  <exclusive>
   yes
  </exclusive>
  <sporty>
   no
  </sporty>
 </clothing>
 <clothing>
  <id>
   593502057
  </id>
  <name>
   Fila Sweater F-3080
  </name>
  <category>
   Sweater
  </category>
  <size>
   XXL
  </size>
  <color>
   Оранжевый
  </color>
  <material>
   Нейлон
  </material>
  <price>
   915597
  </price>
  <rating>
   4.8
  </rating>
  <reviews>
   895957
  </reviews>
  <new>
   -
  </new>
  <exclusive>
   yes
  </exclusive>
  <sporty>
   yes
  </sporty>
 </clothing>
 <clothing>
  <id>
   533570329
  </id>
  <name>
   Brooks Sweater G-7562
  </name>
  <category>
   Sweater
  </category>
  <size>
   L
  </size>
  <color>
   Фиолетовый
  </color>
  <material>
   Шелк
  </material>
  <price>
   426853
  </price>
  <rating>
   1.72
  </rating>
  <reviews>
   367732
  </reviews>
  <new>
   -
  </new>
  <sporty>
   no
  </sporty>
 </clothing>
 <clothing>
  <id>
   609395258
  </id>
  <name>
   Addidas Gloves S-6440
  </name>
  <category>
   Gloves
  </category>
  <size>
   L
  </size>
  <color>
   Зеленый
  </color>
  <material>
   Нейлон
  </material>
  <price>
   738818
  </price>
  <rating>
   3.15
  </rating>
  <reviews>
   127676
  </reviews>
 </clothing>
 <clothing>
  <id>
   128132163
  </id>
  <name>
   Converse Socks Q-8048
  </name>
  <category>
   Socks
  </category>
  <size>
   XL
  </size>
  <color>
   Желтый
  </color>
  <material>
   Полиэстер
  </material>
  <price>
   560244
  </price>
  <rating>
   4.55
  </rating>
  <reviews>
   58786
  </reviews>
  <sporty>
   yes
  </sporty>
 </clothing>
 <clothing>
  <id>
   133426577
  </id>
  <name>
   Asics Jacket I-2987
  </name>
  <category>
   Jacket
  </category>
  <size>
   XL
  </size>
  <color>
   Фиолетовый
  </color>
  <material>
   Шелк
  </material>
  <price>
   117953
  </price>
  <rating>
   1.46
  </rating>
  <reviews>
   769945
  </reviews>
  <sporty>
   no
  </sporty>
 </clothing>
 <clothing>
  <id>
   664923046
  </id>
  <name>
   Under Armour Jeans R-3614
  </name>
  <category>
   Jeans
  </category>
  <size>
   M
  </size>
  <color>
   Синий
  </color>
  <material>
   Полиэстер
  </material>
  <price>
   700944
  </price>
  <rating>
   2.37
  </rating>
  <reviews>
   403293
  </reviews>
  <new>
   +
  </new>
  <exclusive>
   yes
  </exclusive>
 </clothing>
 <clothing>
  <id>
   929731330
  </id>
  <name>
   Converse Hat E-5901
  </name>
  <category>
   Hat
  </category>
  <size>
   L
  </size>
  <color>
   Синий
  </color>
  <material>
   Полиэстер
  </material>
  <price>
   725425
  </price>
  <rating>
   3.92
  </rating>
  <reviews>
   187306
  </reviews>
  <new>
   -
  </new>
  <exclusive>
   no
  </exclusive>
  <sporty>
   no
  </sporty>
 </clothing>
 <clothing>
  <id>
   111576894
  </id>
  <name>
   Under Armour Pants X-4846
  </name>
  <category>
   Pants
  </category>
  <size>
   L
  </size>
  <color>
   Красный
  </color>
  <material>
   Шелк
  </material>
  <price>
   557274
  </price>
  <rating>
   1.19
  </rating>
  <reviews>
   418187
  </reviews>
  <new>
   +
  </new>
  <exclusive>
   no
  </exclusive>
  <sporty>
   yes
  </sporty>
 </clothing>
 <clothing>
  <id>
   748348798
  </id>
  <name>
   PleinSport Blouse C-5474
  </name>
  <category>
   Blouse
  </category>
  <size>
   L
  </size>
  <color>
   Зеленый
  </color>
  <material>
   Шерсть
  </material>
  <price>
   409171
  </price>
  <rating>
   2.77
  </rating>
  <reviews>
   393222
  </reviews>
 </clothing>
 <clothing>
  <id>
   821543796
  </id>
  <name>
   New Balance Jacket X-2762
  </name>
  <category>
   Jacket
  </category>
  <size>
   XXL
  </size>
  <color>
   Желтый
  </color>
  <material>
   Шерсть
  </material>
  <price>
   672313
  </price>
  <rating>
   1.33
  </rating>
  <reviews>
   947174
  </reviews>
  <exclusive>
   no
  </exclusive>
 </clothing>
 <clothing>
  <id>
   871401403
  </id>
  <name>
   Converse Pants W-3789
  </name>
  <category>
   Pants
  </category>
  <size>
   M
  </size>
  <color>
   Синий
  </color>
  <material>
   Кожа
  </material>
  <price>
   454576
  </price>
  <rating>
   2.81
  </rating>
  <reviews>
   801842
  </reviews>
  <new>
   -
  </new>
  <exclusive>
   yes
  </exclusive>
  <sporty>
   yes
  </sporty>
 </clothing>
 <clothing>
  <id>
   669881413
  </id>
  <name>
   Lacoste Umbrellas R-4720
  </name>
  <category>
   Umbrellas
  </category>
  <size>
   XXL
  </size>
  <color>
   Синий
  </color>
  <material>
   Хлопок
  </material>
  <price>
   913881
  </price>
  <rating>
   4.4
  </rating>
  <reviews>
   231749
  </reviews>
  <new>
   +
  </new>
  <exclusive>
   yes
  </exclusive>
  <sporty>
   no
  </sporty>
 </clothing>
 <clothing>
  <id>
   999211406
  </id>
  <name>
   Fila Belts W-8542
  </name>
  <category>
   Belts
  </category>
  <size>
   S
  </size>
  <color>
   Зеленый
  </color>
  <material>
   Шелк
  </material>
  <price>
   588656
  </price>
  <rating>
   1.44
  </rating>
  <reviews>
   437538
  </reviews>
  <exclusive>
   yes
  </exclusive>
 </clothing>
 <clothing>
  <id>
   122313830
  </id>
  <name>
   Nike Jacket Y-5654
  </name>
  <category>
   Jacket
  </category>
  <size>
   M
  </size>
  <color>
   Оранжевый
  </color>
  <material>
   Полиэстер
  </material>
  <price>
   790314
  </price>
  <rating>
   3.29
  </rating>
  <reviews>
   260974
  </reviews>
  <sporty>
   no
  </sporty>
 </clothing>
 <clothing>
  <id>
   422646203
  </id>
  <name>
   Ellesse Handbags C-6223
  </name>
  <category>
   Handbags
  </category>
  <size>
   S
  </size>
  <color>
   Фиолетовый
  </color>
  <material>
   Лен
  </material>
  <price>
   108348
  </price>
  <rating>
   3.92
  </rating>
  <reviews>
   217976
  </reviews>
  <new>
   +
  </new>
 </clothing>
 <clothing>
  <id>
   356356363
  </id>
  <name>
   Fila Jeans I-6383
  </name>
  <category>
   Jeans
  </category>
  <size>
   XL
  </size>
  <color>
   Желтый
  </color>
  <material>
   Шерсть
  </material>
  <price>
   220556
  </price>
  <rating>
   4.12
  </rating>
  <reviews>
   615246
  </reviews>
  <new>
   +
  </new>
  <sporty>
   yes
  </sporty>
 </clothing>
 <clothing>
  <id>
   922472120
  </id>
  <name>
   Lacoste Pants X-5958
  </name>
  <category>
   Pants
  </category>
  <size>
   XXL
  </size>
  <color>
   Оранжевый
  </color>
  <material>
   Полиэстер
  </material>
  <price>
   674566
  </price>
  <rating>
   2.99
  </rating>
  <reviews>
   184221
  </reviews>
  <sporty>
   yes
  </sporty>
 </clothing>
 <clothing>
  <id>
   228519280
  </id>
  <name>
   Nike Socks H-3530
  </name>
  <category>
   Socks
  </category>
  <size>
   M
  </size>
  <color>
   Красный
  </color>
  <material>
   Нейлон
  </material>
  <price>
   781196
  </price>
  <rating>
   4.62
  </rating>
  <reviews>
   657439
  </reviews>
  <new>
   +
  </new>
  <sporty>
   no
  </sporty>
 </clothing>
 <clothing>
  <id>
   367438756
  </id>
  <name>
   Ellesse Pants G-4294
  </name>
  <category>
   Pants
  </category>
  <size>
   S
  </size>
  <color>
   Желтый
  </color>
  <material>
   Лен
  </material>
  <price>
   998489
  </price>
  <rating>
   1.17
  </rating>
  <reviews>
   383418
  </reviews>
  <new>
   +
  </new>
  <exclusive>
   yes
  </exclusive>
  <sporty>
   no
  </sporty>
 </clothing>
</clothing-items>
