<?xml version="1.0" encoding="utf-8"?>
<clothing-items>
 <clothing>
  <id>
   964189390
  </id>
  <name>
   Puma Shirt K-4336
  </name>
  <category>
   Shirt
  </category>
  <size>
   XXL
  </size>
  <color>
   Желтый
  </color>
  <material>
   Лен
  </material>
  <price>
   884852
  </price>
  <rating>
   3.97
  </rating>
  <reviews>
   829721
  </reviews>
  <sporty>
   no
  </sporty>
 </clothing>
 <clothing>
  <id>
   798699481
  </id>
  <name>
   Ellesse T-shirt D-4435
  </name>
  <category>
   T-shirt
  </category>
  <size>
   XL
  </size>
  <color>
   Фиолетовый
  </color>
  <material>
   Кожа
  </material>
  <price>
   927363
  </price>
  <rating>
   2.83
  </rating>
  <reviews>
   481623
  </reviews>
  <new>
   +
  </new>
 </clothing>
 <clothing>
  <id>
   658109653
  </id>
  <name>
   Adidas Shoes B-1167
  </name>
  <category>
   Shoes
  </category>
  <size>
   S
  </size>
  <color>
   Голубой
  </color>
  <material>
   Полиэстер
  </material>
  <price>
   853970
  </price>
  <rating>
   1.04
  </rating>
  <reviews>
   864762
  </reviews>
  <new>
   -
  </new>
  <sporty>
   yes
  </sporty>
 </clothing>
 <clothing>
  <id>
   404518275
  </id>
  <name>
   Asics Dress B-9186
  </name>
  <category>
   Dress
  </category>
  <size>
   M
  </size>
  <color>
   Голубой
  </color>
  <material>
   Шелк
  </material>
  <price>
   397775
  </price>
  <rating>
   1.63
  </rating>
  <reviews>
   179615
  </reviews>
  <new>
   +
  </new>
  <exclusive>
   no
  </exclusive>
  <sporty>
   yes
  </sporty>
 </clothing>
 <clothing>
  <id>
   791003311
  </id>
  <name>
   Addidas Umbrellas G-8993
  </name>
  <category>
   Umbrellas
  </category>
  <size>
   XXL
  </size>
  <color>
   Оранжевый
  </color>
  <material>
   Полиэстер
  </material>
  <price>
   804250
  </price>
  <rating>
   1.78
  </rating>
  <reviews>
   920560
  </reviews>
  <exclusive>
   no
  </exclusive>
  <sporty>
   no
  </sporty>
 </clothing>
 <clothing>
  <id>
   502185265
  </id>
  <name>
   Asics Umbrellas L-8142
  </name>
  <category>
   Umbrellas
  </category>
  <size>
   M
  </size>
  <color>
   Фиолетовый
  </color>
  <material>
   Вискоза
  </material>
  <price>
   689191
  </price>
  <rating>
   3.87
  </rating>
  <reviews>
   921080
  </reviews>
  <new>
   +
  </new>
  <exclusive>
   no
  </exclusive>
  <sporty>
   no
  </sporty>
 </clothing>
 <clothing>
  <id>
   906189685
  </id>
  <name>
   Nike Dress R-4276
  </name>
  <category>
   Dress
  </category>
  <size>
   S
  </size>
  <color>
   Зеленый
  </color>
  <material>
   Полиэстер
  </material>
  <price>
   506503
  </price>
  <rating>
   1.59
  </rating>
  <reviews>
   682633
  </reviews>
  <exclusive>
   yes
  </exclusive>
  <sporty>
   yes
  </sporty>
 </clothing>
 <clothing>
  <id>
   417706194
  </id>
  <name>
   Fila Blouse V-6493
  </name>
  <category>
   Blouse
  </category>
  <size>
   M
  </size>
  <color>
   Голубой
  </color>
  <material>
   Шерсть
  </material>
  <price>
   769655
  </price>
  <rating>
   1.08
  </rating>
  <reviews>
   896614
  </reviews>
  <new>
   +
  </new>
  <sporty>
   no
  </sporty>
 </clothing>
 <clothing>
  <id>
   760668772
  </id>
  <name>
   Puma Skirt K-3460
  </name>
  <category>
   Skirt
  </category>
  <size>
   L
  </size>
  <color>
   Оранжевый
  </color>
  <material>
   Шерсть
  </material>
  <price>
   730677
  </price>
  <rating>
   1.47
  </rating>
  <reviews>
   312143
  </reviews>
  <new>
   -
  </new>
  <sporty>
   no
  </sporty>
 </clothing>
 <clothing>
  <id>
   439988360
  </id>
  <name>
   Brooks Socks D-8563
  </name>
  <category>
   Socks
  </category>
  <size>
   S
  </size>
  <color>
   Желтый
  </color>
  <material>
   Шелк
  </material>
  <price>
   682611
  </price>
  <rating>
   3.35
  </rating>
  <reviews>
   730621
  </reviews>
  <new>
   +
  </new>
  <exclusive>
   no
  </exclusive>
 </clothing>
 <clothing>
  <id>
   457382781
  </id>
  <name>
   Addidas Socks Z-6788
  </name>
  <category>
   Socks
  </category>
  <size>
   XXL
  </size>
  <color>
   Синий
  </color>
  <material>
   Нейлон
  </material>
  <price>
   162845
  </price>
  <rating>
   1.22
  </rating>
  <reviews>
   529873
  </reviews>
  <exclusive>
   no
  </exclusive>
  <sporty>
   yes
  </sporty>
 </clothing>
 <clothing>
  <id>
   249683974
  </id>
  <name>
   Puma Umbrellas G-3577
  </name>
  <category>
   Umbrellas
  </category>
  <size>
   XL
  </size>
  <color>
   Синий
  </color>
  <material>
   Кожа
  </material>
  <price>
   667385
  </price>
  <rating>
   4.44
  </rating>
  <reviews>
   594579
  </reviews>
  <new>
   -
  </new>
  <exclusive>
   yes
  </exclusive>
 </clothing>
 <clothing>
  <id>
   952086473
  </id>
  <name>
   Vans Blouse A-1826
  </name>
  <category>
   Blouse
  </category>
  <size>
   S
  </size>
  <color>
   Красный
  </color>
  <material>
   Кожа
  </material>
  <price>
   514229
  </price>
  <rating>
   3.73
  </rating>
  <reviews>
   347207
  </reviews>
  <exclusive>
   yes
  </exclusive>
 </clothing>
 <clothing>
  <id>
   515751008
  </id>
  <name>
   Lacoste Umbrellas L-7878
  </name>
  <category>
   Umbrellas
  </category>
  <size>
   S
  </size>
  <color>
   Фиолетовый
  </color>
  <material>
   Шелк
  </material>
  <price>
   256246
  </price>
  <rating>
   1.61
  </rating>
  <reviews>
   692792
  </reviews>
  <new>
   +
  </new>
  <exclusive>
   no
  </exclusive>
  <sporty>
   no
  </sporty>
 </clothing>
 <clothing>
  <id>
   334582640
  </id>
  <name>
   New Balance Dress D-7033
  </name>
  <category>
   Dress
  </category>
  <size>
   L
  </size>
  <color>
   Желтый
  </color>
  <material>
   Шелк
  </material>
  <price>
   136425
  </price>
  <rating>
   2.29
  </rating>
  <reviews>
   182139
  </reviews>
 </clothing>
 <clothing>
  <id>
   217330835
  </id>
  <name>
   Fila Blouse Z-8883
  </name>
  <category>
   Blouse
  </category>
  <size>
   M
  </size>
  <color>
   Синий
  </color>
  <material>
   Шерсть
  </material>
  <price>
   522926
  </price>
  <rating>
   2.94
  </rating>
  <reviews>
   145654
  </reviews>
  <new>
   +
  </new>
  <exclusive>
   no
  </exclusive>
  <sporty>
   yes
  </sporty>
 </clothing>
 <clothing>
  <id>
   338752202
  </id>
  <name>
   Nike Shirt B-2933
  </name>
  <category>
   Shirt
  </category>
  <size>
   M
  </size>
  <color>
   Синий
  </color>
  <material>
   Полиэстер
  </material>
  <price>
   810879
  </price>
  <rating>
   3.61
  </rating>
  <reviews>
   997421
  </reviews>
  <new>
   +
  </new>
  <exclusive>
   no
  </exclusive>
  <sporty>
   no
  </sporty>
 </clothing>
 <clothing>
  <id>
   170632872
  </id>
  <name>
   Addidas Pants T-2234
  </name>
  <category>
   Pants
  </category>
  <size>
   XL
  </size>
  <color>
   Зеленый
  </color>
  <material>
   Лен
  </material>
  <price>
   904450
  </price>
  <rating>
   4.0
  </rating>
  <reviews>
   204198
  </reviews>
  <new>
   +
  </new>
  <exclusive>
   yes
  </exclusive>
 </clothing>
 <clothing>
  <id>
   194142103
  </id>
  <name>
   Reebok Hat E-2983
  </name>
  <category>
   Hat
  </category>
  <size>
   L
  </size>
  <color>
   Фиолетовый
  </color>
  <material>
   Хлопок
  </material>
  <price>
   836008
  </price>
  <rating>
   3.59
  </rating>
  <reviews>
   296041
  </reviews>
 </clothing>
 <clothing>
  <id>
   946896316
  </id>
  <name>
   Converse Jeans H-9160
  </name>
  <category>
   Jeans
  </category>
  <size>
   S
  </size>
  <color>
   Желтый
  </color>
  <material>
   Шелк
  </material>
  <price>
   934656
  </price>
  <rating>
   3.84
  </rating>
  <reviews>
   276731
  </reviews>
  <new>
   +
  </new>
  <sporty>
   no
  </sporty>
 </clothing>
 <clothing>
  <id>
   138093367
  </id>
  <name>
   PleinSport Shirt W-7666
  </name>
  <category>
   Shirt
  </category>
  <size>
   XL
  </size>
  <color>
   Фиолетовый
  </color>
  <material>
   Шелк
  </material>
  <price>
   682530
  </price>
  <rating>
   1.16
  </rating>
  <reviews>
   771187
  </reviews>
  <new>
   -
  </new>
  <exclusive>
   yes
  </exclusive>
 </clothing>
 <clothing>
  <id>
   341943413
  </id>
  <name>
   Fila Jacket A-3391
  </name>
  <category>
   Jacket
  </category>
  <size>
   M
  </size>
  <color>
   Фиолетовый
  </color>
  <material>
   Кожа
  </material>
  <price>
   924891
  </price>
  <rating>
   4.07
  </rating>
  <reviews>
   826137
  </reviews>
  <sporty>
   yes
  </sporty>
 </clothing>
 <clothing>
  <id>
   867413068
  </id>
  <name>
   Brooks Umbrellas K-2420
  </name>
  <category>
   Umbrellas
  </category>
  <size>
   XL
  </size>
  <color>
   Оранжевый
  </color>
  <material>
   Полиэстер
  </material>
  <price>
   613456
  </price>
  <rating>
   2.55
  </rating>
  <reviews>
   497199
  </reviews>
  <new>
   +
  </new>
  <exclusive>
   no
  </exclusive>
  <sporty>
   yes
  </sporty>
 </clothing>
 <clothing>
  <id>
   522011012
  </id>
  <name>
   Puma Socks X-3162
  </name>
  <category>
   Socks
  </category>
  <size>
   S
  </size>
  <color>
   Зеленый
  </color>
  <material>
   Шелк
  </material>
  <price>
   484666
  </price>
  <rating>
   2.46
  </rating>
  <reviews>
   957843
  </reviews>
  <new>
   -
  </new>
  <exclusive>
   no
  </exclusive>
  <sporty>
   yes
  </sporty>
 </clothing>
 <clothing>
  <id>
   680317655
  </id>
  <name>
   Ellesse Jeans M-4245
  </name>
  <category>
   Jeans
  </category>
  <size>
   XXL
  </size>
  <color>
   Красный
  </color>
  <material>
   Вискоза
  </material>
  <price>
   271724
  </price>
  <rating>
   4.2
  </rating>
  <reviews>
   550525
  </reviews>
  <new>
   -
  </new>
  <exclusive>
   no
  </exclusive>
  <sporty>
   no
  </sporty>
 </clothing>
 <clothing>
  <id>
   438768672
  </id>
  <name>
   New Balance Dress N-9273
  </name>
  <category>
   Dress
  </category>
  <size>
   XXL
  </size>
  <color>
   Желтый
  </color>
  <material>
   Шелк
  </material>
  <price>
   574107
  </price>
  <rating>
   1.21
  </rating>
  <reviews>
   841755
  </reviews>
  <sporty>
   no
  </sporty>
 </clothing>
 <clothing>
  <id>
   944896841
  </id>
  <name>
   Nike Skirt V-4883
  </name>
  <category>
   Skirt
  </category>
  <size>
   M
  </size>
  <color>
   Синий
  </color>
  <material>
   Лен
  </material>
  <price>
   173106
  </price>
  <rating>
   2.99
  </rating>
  <reviews>
   764642
  </reviews>
  <exclusive>
   no
  </exclusive>
  <sporty>
   yes
  </sporty>
 </clothing>
 <clothing>
  <id>
   300624459
  </id>
  <name>
   PleinSport Shoes Q-8603
  </name>
  <category>
   Shoes
  </category>
  <size>
   XL
  </size>
  <color>
   Оранжевый
  </color>
  <material>
   Хлопок
  </material>
  <price>
   912312
  </price>
  <rating>
   1.47
  </rating>
  <reviews>
   815698
  </reviews>
  <new>
   +
  </new>
 </clothing>
 <clothing>
  <id>
   477511083
  </id>
  <name>
   Brooks T-shirt J-2783
  </name>
  <category>
   T-shirt
  </category>
  <size>
   L
  </size>
  <color>
   Синий
  </color>
  <material>
   Хлопок
  </material>
  <price>
   432792
  </price>
  <rating>
   1.22
  </rating>
  <reviews>
   243500
  </reviews>
  <sporty>
   yes
  </sporty>
 </clothing>
 <clothing>
  <id>
   475582615
  </id>
  <name>
   Puma Socks G-3294
  </name>
  <category>
   Socks
  </category>
  <size>
   XL
  </size>
  <color>
   Желтый
  </color>
  <material>
   Лен
  </material>
  <price>
   853167
  </price>
  <rating>
   1.6
  </rating>
  <reviews>
   326226
  </reviews>
  <new>
   -
  </new>
  <exclusive>
   yes
  </exclusive>
 </clothing>
 <clothing>
  <id>
   982285356
  </id>
  <name>
   Under Armour Blouse J-1069
  </name>
  <category>
   Blouse
  </category>
  <size>
   XL
  </size>
  <color>
   Фиолетовый
  </color>
  <material>
   Лен
  </material>
  <price>
   108594
  </price>
  <rating>
   1.23
  </rating>
  <reviews>
   207400
  </reviews>
  <new>
   -
  </new>
  <sporty>
   yes
  </sporty>
 </clothing>
</clothing-items>
