<?xml version="1.0" encoding="utf-8"?>
<clothing-items>
 <clothing>
  <id>
   692877998
  </id>
  <name>
   Brooks Shoes J-6234
  </name>
  <category>
   Shoes
  </category>
  <size>
   M
  </size>
  <color>
   Голубой
  </color>
  <material>
   Вискоза
  </material>
  <price>
   533951
  </price>
  <rating>
   3.13
  </rating>
  <reviews>
   691786
  </reviews>
  <exclusive>
   yes
  </exclusive>
  <sporty>
   yes
  </sporty>
 </clothing>
 <clothing>
  <id>
   200285335
  </id>
  <name>
   Fila Shoes W-3784
  </name>
  <category>
   Shoes
  </category>
  <size>
   L
  </size>
  <color>
   Оранжевый
  </color>
  <material>
   Хлопок
  </material>
  <price>
   945238
  </price>
  <rating>
   1.76
  </rating>
  <reviews>
   183447
  </reviews>
  <new>
   +
  </new>
  <exclusive>
   no
  </exclusive>
  <sporty>
   no
  </sporty>
 </clothing>
 <clothing>
  <id>
   797951397
  </id>
  <name>
   Reebok Jacket I-6667
  </name>
  <category>
   Jacket
  </category>
  <size>
   XXL
  </size>
  <color>
   Фиолетовый
  </color>
  <material>
   Полиэстер
  </material>
  <price>
   113484
  </price>
  <rating>
   3.82
  </rating>
  <reviews>
   278166
  </reviews>
  <new>
   -
  </new>
  <exclusive>
   no
  </exclusive>
 </clothing>
 <clothing>
  <id>
   288979412
  </id>
  <name>
   DC Blouse F-6415
  </name>
  <category>
   Blouse
  </category>
  <size>
   L
  </size>
  <color>
   Голубой
  </color>
  <material>
   Шелк
  </material>
  <price>
   196119
  </price>
  <rating>
   2.3
  </rating>
  <reviews>
   236913
  </reviews>
  <sporty>
   yes
  </sporty>
 </clothing>
 <clothing>
  <id>
   934287358
  </id>
  <name>
   Adidas Shirt V-8317
  </name>
  <category>
   Shirt
  </category>
  <size>
   S
  </size>
  <color>
   Красный
  </color>
  <material>
   Нейлон
  </material>
  <price>
   632612
  </price>
  <rating>
   1.84
  </rating>
  <reviews>
   29466
  </reviews>
 </clothing>
 <clothing>
  <id>
   317219816
  </id>
  <name>
   Reebok Blouse T-8477
  </name>
  <category>
   Blouse
  </category>
  <size>
   XXL
  </size>
  <color>
   Зеленый
  </color>
  <material>
   Нейлон
  </material>
  <price>
   472879
  </price>
  <rating>
   3.5
  </rating>
  <reviews>
   226676
  </reviews>
  <new>
   -
  </new>
  <sporty>
   no
  </sporty>
 </clothing>
 <clothing>
  <id>
   282370227
  </id>
  <name>
   Lacoste Shirt H-7791
  </name>
  <category>
   Shirt
  </category>
  <size>
   L
  </size>
  <color>
   Синий
  </color>
  <material>
   Полиэстер
  </material>
  <price>
   371415
  </price>
  <rating>
   3.67
  </rating>
  <reviews>
   169602
  </reviews>
  <sporty>
   yes
  </sporty>
 </clothing>
 <clothing>
  <id>
   695542277
  </id>
  <name>
   Vans Belts Z-8195
  </name>
  <category>
   Belts
  </category>
  <size>
   L
  </size>
  <color>
   Зеленый
  </color>
  <material>
   Лен
  </material>
  <price>
   798764
  </price>
  <rating>
   2.05
  </rating>
  <reviews>
   73096
  </reviews>
 </clothing>
 <clothing>
  <id>
   923013717
  </id>
  <name>
   Reebok Blouse F-5490
  </name>
  <category>
   Blouse
  </category>
  <size>
   L
  </size>
  <color>
   Голубой
  </color>
  <material>
   Вискоза
  </material>
  <price>
   336408
  </price>
  <rating>
   4.64
  </rating>
  <reviews>
   590633
  </reviews>
  <new>
   +
  </new>
  <exclusive>
   no
  </exclusive>
  <sporty>
   yes
  </sporty>
 </clothing>
 <clothing>
  <id>
   933333245
  </id>
  <name>
   Fila Belts W-4067
  </name>
  <category>
   Belts
  </category>
  <size>
   S
  </size>
  <color>
   Голубой
  </color>
  <material>
   Нейлон
  </material>
  <price>
   899347
  </price>
  <rating>
   4.2
  </rating>
  <reviews>
   142476
  </reviews>
  <sporty>
   no
  </sporty>
 </clothing>
 <clothing>
  <id>
   701519151
  </id>
  <name>
   Reebok Gloves H-8063
  </name>
  <category>
   Gloves
  </category>
  <size>
   S
  </size>
  <color>
   Зеленый
  </color>
  <material>
   Лен
  </material>
  <price>
   606073
  </price>
  <rating>
   3.18
  </rating>
  <reviews>
   318326
  </reviews>
  <new>
   +
  </new>
  <sporty>
   yes
  </sporty>
 </clothing>
 <clothing>
  <id>
   367203626
  </id>
  <name>
   Reebok Umbrellas Q-2489
  </name>
  <category>
   Umbrellas
  </category>
  <size>
   XL
  </size>
  <color>
   Голубой
  </color>
  <material>
   Шерсть
  </material>
  <price>
   585360
  </price>
  <rating>
   4.05
  </rating>
  <reviews>
   903890
  </reviews>
  <new>
   +
  </new>
  <exclusive>
   no
  </exclusive>
  <sporty>
   no
  </sporty>
 </clothing>
 <clothing>
  <id>
   130426081
  </id>
  <name>
   Ellesse T-shirt W-4368
  </name>
  <category>
   T-shirt
  </category>
  <size>
   L
  </size>
  <color>
   Фиолетовый
  </color>
  <material>
   Вискоза
  </material>
  <price>
   179064
  </price>
  <rating>
   3.94
  </rating>
  <reviews>
   725465
  </reviews>
  <new>
   -
  </new>
  <sporty>
   yes
  </sporty>
 </clothing>
 <clothing>
  <id>
   203083653
  </id>
  <name>
   New Balance Blouse C-4432
  </name>
  <category>
   Blouse
  </category>
  <size>
   M
  </size>
  <color>
   Голубой
  </color>
  <material>
   Нейлон
  </material>
  <price>
   630671
  </price>
  <rating>
   2.43
  </rating>
  <reviews>
   411781
  </reviews>
  <new>
   +
  </new>
  <sporty>
   no
  </sporty>
 </clothing>
 <clothing>
  <id>
   665042265
  </id>
  <name>
   Adidas Dress O-8257
  </name>
  <category>
   Dress
  </category>
  <size>
   M
  </size>
  <color>
   Голубой
  </color>
  <material>
   Шелк
  </material>
  <price>
   227598
  </price>
  <rating>
   3.37
  </rating>
  <reviews>
   557121
  </reviews>
  <new>
   +
  </new>
  <exclusive>
   yes
  </exclusive>
  <sporty>
   no
  </sporty>
 </clothing>
 <clothing>
  <id>
   391738777
  </id>
  <name>
   Lacoste Socks W-2861
  </name>
  <category>
   Socks
  </category>
  <size>
   XL
  </size>
  <color>
   Фиолетовый
  </color>
  <material>
   Нейлон
  </material>
  <price>
   652382
  </price>
  <rating>
   3.88
  </rating>
  <reviews>
   788853
  </reviews>
  <exclusive>
   no
  </exclusive>
 </clothing>
 <clothing>
  <id>
   388500094
  </id>
  <name>
   Asics Sweater D-3973
  </name>
  <category>
   Sweater
  </category>
  <size>
   XXL
  </size>
  <color>
   Фиолетовый
  </color>
  <material>
   Шелк
  </material>
  <price>
   970053
  </price>
  <rating>
   2.91
  </rating>
  <reviews>
   996832
  </reviews>
  <new>
   -
  </new>
  <exclusive>
   yes
  </exclusive>
 </clothing>
 <clothing>
  <id>
   853271866
  </id>
  <name>
   Fila Gloves E-2131
  </name>
  <category>
   Gloves
  </category>
  <size>
   XXL
  </size>
  <color>
   Синий
  </color>
  <material>
   Вискоза
  </material>
  <price>
   154381
  </price>
  <rating>
   2.44
  </rating>
  <reviews>
   921910
  </reviews>
 </clothing>
 <clothing>
  <id>
   945371582
  </id>
  <name>
   Reebok Pants Q-5431
  </name>
  <category>
   Pants
  </category>
  <size>
   L
  </size>
  <color>
   Желтый
  </color>
  <material>
   Полиэстер
  </material>
  <price>
   538646
  </price>
  <rating>
   4.33
  </rating>
  <reviews>
   170430
  </reviews>
  <exclusive>
   no
  </exclusive>
 </clothing>
 <clothing>
  <id>
   834559371
  </id>
  <name>
   Lacoste Umbrellas W-6620
  </name>
  <category>
   Umbrellas
  </category>
  <size>
   L
  </size>
  <color>
   Красный
  </color>
  <material>
   Вискоза
  </material>
  <price>
   410810
  </price>
  <rating>
   4.21
  </rating>
  <reviews>
   972753
  </reviews>
  <new>
   +
  </new>
  <sporty>
   yes
  </sporty>
 </clothing>
 <clothing>
  <id>
   442174475
  </id>
  <name>
   Adidas Jacket O-1055
  </name>
  <category>
   Jacket
  </category>
  <size>
   S
  </size>
  <color>
   Фиолетовый
  </color>
  <material>
   Вискоза
  </material>
  <price>
   311489
  </price>
  <rating>
   4.33
  </rating>
  <reviews>
   135102
  </reviews>
  <sporty>
   no
  </sporty>
 </clothing>
 <clothing>
  <id>
   375630188
  </id>
  <name>
   Puma Gloves Y-9588
  </name>
  <category>
   Gloves
  </category>
  <size>
   M
  </size>
  <color>
   Фиолетовый
  </color>
  <material>
   Шерсть
  </material>
  <price>
   771316
  </price>
  <rating>
   3.81
  </rating>
  <reviews>
   711281
  </reviews>
 </clothing>
 <clothing>
  <id>
   196077187
  </id>
  <name>
   Reebok Gloves L-7346
  </name>
  <category>
   Gloves
  </category>
  <size>
   XXL
  </size>
  <color>
   Голубой
  </color>
  <material>
   Шерсть
  </material>
  <price>
   330980
  </price>
  <rating>
   1.3
  </rating>
  <reviews>
   589874
  </reviews>
  <new>
   -
  </new>
  <sporty>
   no
  </sporty>
 </clothing>
 <clothing>
  <id>
   175565501
  </id>
  <name>
   Addidas Shoes X-4020
  </name>
  <category>
   Shoes
  </category>
  <size>
   S
  </size>
  <color>
   Оранжевый
  </color>
  <material>
   Хлопок
  </material>
  <price>
   990847
  </price>
  <rating>
   4.2
  </rating>
  <reviews>
   178145
  </reviews>
 </clothing>
 <clothing>
  <id>
   881299135
  </id>
  <name>
   Adidas Pants S-2894
  </name>
  <category>
   Pants
  </category>
  <size>
   S
  </size>
  <color>
   Голубой
  </color>
  <material>
   Лен
  </material>
  <price>
   723265
  </price>
  <rating>
   2.26
  </rating>
  <reviews>
   673379
  </reviews>
  <new>
   -
  </new>
  <exclusive>
   no
  </exclusive>
  <sporty>
   no
  </sporty>
 </clothing>
 <clothing>
  <id>
   770347966
  </id>
  <name>
   Under Armour Pants F-3212
  </name>
  <category>
   Pants
  </category>
  <size>
   S
  </size>
  <color>
   Желтый
  </color>
  <material>
   Лен
  </material>
  <price>
   837613
  </price>
  <rating>
   4.36
  </rating>
  <reviews>
   781736
  </reviews>
  <exclusive>
   no
  </exclusive>
  <sporty>
   no
  </sporty>
 </clothing>
 <clothing>
  <id>
   159790921
  </id>
  <name>
   Vans Jacket A-3253
  </name>
  <category>
   Jacket
  </category>
  <size>
   L
  </size>
  <color>
   Зеленый
  </color>
  <material>
   Лен
  </material>
  <price>
   427526
  </price>
  <rating>
   4.03
  </rating>
  <reviews>
   724739
  </reviews>
  <new>
   -
  </new>
  <exclusive>
   no
  </exclusive>
  <sporty>
   no
  </sporty>
 </clothing>
 <clothing>
  <id>
   125807935
  </id>
  <name>
   Converse Handbags J-6665
  </name>
  <category>
   Handbags
  </category>
  <size>
   S
  </size>
  <color>
   Оранжевый
  </color>
  <material>
   Кожа
  </material>
  <price>
   776341
  </price>
  <rating>
   3.11
  </rating>
  <reviews>
   315364
  </reviews>
  <new>
   -
  </new>
 </clothing>
</clothing-items>
