<?xml version="1.0" encoding="utf-8"?>
<clothing-items>
 <clothing>
  <id>
   902097928
  </id>
  <name>
   Vans Shirt B-6277
  </name>
  <category>
   Shirt
  </category>
  <size>
   L
  </size>
  <color>
   Синий
  </color>
  <material>
   Кожа
  </material>
  <price>
   913370
  </price>
  <rating>
   2.86
  </rating>
  <reviews>
   646235
  </reviews>
  <new>
   -
  </new>
 </clothing>
 <clothing>
  <id>
   842115387
  </id>
  <name>
   Nike Umbrellas J-8018
  </name>
  <category>
   Umbrellas
  </category>
  <size>
   L
  </size>
  <color>
   Красный
  </color>
  <material>
   Кожа
  </material>
  <price>
   102106
  </price>
  <rating>
   3.64
  </rating>
  <reviews>
   613592
  </reviews>
  <sporty>
   yes
  </sporty>
 </clothing>
 <clothing>
  <id>
   547775643
  </id>
  <name>
   Puma T-shirt T-8257
  </name>
  <category>
   T-shirt
  </category>
  <size>
   XL
  </size>
  <color>
   Оранжевый
  </color>
  <material>
   Шерсть
  </material>
  <price>
   601533
  </price>
  <rating>
   2.92
  </rating>
  <reviews>
   638208
  </reviews>
  <exclusive>
   yes
  </exclusive>
 </clothing>
 <clothing>
  <id>
   304907386
  </id>
  <name>
   Converse Jeans J-6427
  </name>
  <category>
   Jeans
  </category>
  <size>
   S
  </size>
  <color>
   Желтый
  </color>
  <material>
   Шелк
  </material>
  <price>
   441217
  </price>
  <rating>
   3.04
  </rating>
  <reviews>
   258478
  </reviews>
  <new>
   +
  </new>
 </clothing>
 <clothing>
  <id>
   842053526
  </id>
  <name>
   Puma Shirt I-7210
  </name>
  <category>
   Shirt
  </category>
  <size>
   XL
  </size>
  <color>
   Синий
  </color>
  <material>
   Вискоза
  </material>
  <price>
   229990
  </price>
  <rating>
   2.34
  </rating>
  <reviews>
   889193
  </reviews>
  <new>
   -
  </new>
 </clothing>
 <clothing>
  <id>
   582539099
  </id>
  <name>
   Reebok Socks K-4460
  </name>
  <category>
   Socks
  </category>
  <size>
   L
  </size>
  <color>
   Красный
  </color>
  <material>
   Нейлон
  </material>
  <price>
   301334
  </price>
  <rating>
   1.02
  </rating>
  <reviews>
   44108
  </reviews>
  <sporty>
   no
  </sporty>
 </clothing>
 <clothing>
  <id>
   612791389
  </id>
  <name>
   Puma T-shirt A-8542
  </name>
  <category>
   T-shirt
  </category>
  <size>
   XL
  </size>
  <color>
   Синий
  </color>
  <material>
   Шелк
  </material>
  <price>
   392814
  </price>
  <rating>
   4.81
  </rating>
  <reviews>
   750490
  </reviews>
  <exclusive>
   no
  </exclusive>
 </clothing>
 <clothing>
  <id>
   612546858
  </id>
  <name>
   Addidas T-shirt B-2787
  </name>
  <category>
   T-shirt
  </category>
  <size>
   S
  </size>
  <color>
   Голубой
  </color>
  <material>
   Кожа
  </material>
  <price>
   492713
  </price>
  <rating>
   3.92
  </rating>
  <reviews>
   174232
  </reviews>
 </clothing>
 <clothing>
  <id>
   465558560
  </id>
  <name>
   Reebok Skirt F-2503
  </name>
  <category>
   Skirt
  </category>
  <size>
   XXL
  </size>
  <color>
   Оранжевый
  </color>
  <material>
   Хлопок
  </material>
  <price>
   896139
  </price>
  <rating>
   2.98
  </rating>
  <reviews>
   322520
  </reviews>
  <new>
   -
  </new>
  <sporty>
   no
  </sporty>
 </clothing>
 <clothing>
  <id>
   977797139
  </id>
  <name>
   Brooks Belts O-6980
  </name>
  <category>
   Belts
  </category>
  <size>
   L
  </size>
  <color>
   Желтый
  </color>
  <material>
   Лен
  </material>
  <price>
   890092
  </price>
  <rating>
   2.5
  </rating>
  <reviews>
   232252
  </reviews>
  <new>
   +
  </new>
  <exclusive>
   no
  </exclusive>
  <sporty>
   no
  </sporty>
 </clothing>
 <clothing>
  <id>
   710579009
  </id>
  <name>
   Nike Jacket Q-9075
  </name>
  <category>
   Jacket
  </category>
  <size>
   M
  </size>
  <color>
   Зеленый
  </color>
  <material>
   Хлопок
  </material>
  <price>
   931296
  </price>
  <rating>
   1.4
  </rating>
  <reviews>
   981745
  </reviews>
  <new>
   -
  </new>
  <exclusive>
   yes
  </exclusive>
  <sporty>
   yes
  </sporty>
 </clothing>
 <clothing>
  <id>
   175051698
  </id>
  <name>
   Converse Blouse D-9054
  </name>
  <category>
   Blouse
  </category>
  <size>
   XL
  </size>
  <color>
   Голубой
  </color>
  <material>
   Вискоза
  </material>
  <price>
   300592
  </price>
  <rating>
   1.3
  </rating>
  <reviews>
   826269
  </reviews>
  <new>
   +
  </new>
  <exclusive>
   no
  </exclusive>
  <sporty>
   no
  </sporty>
 </clothing>
 <clothing>
  <id>
   859853945
  </id>
  <name>
   Fila Jeans Y-8280
  </name>
  <category>
   Jeans
  </category>
  <size>
   S
  </size>
  <color>
   Желтый
  </color>
  <material>
   Кожа
  </material>
  <price>
   822046
  </price>
  <rating>
   3.57
  </rating>
  <reviews>
   267904
  </reviews>
 </clothing>
 <clothing>
  <id>
   955212836
  </id>
  <name>
   Fila T-shirt V-5474
  </name>
  <category>
   T-shirt
  </category>
  <size>
   L
  </size>
  <color>
   Красный
  </color>
  <material>
   Вискоза
  </material>
  <price>
   261689
  </price>
  <rating>
   2.04
  </rating>
  <reviews>
   102531
  </reviews>
  <new>
   +
  </new>
  <exclusive>
   no
  </exclusive>
 </clothing>
 <clothing>
  <id>
   325464234
  </id>
  <name>
   Asics T-shirt C-3957
  </name>
  <category>
   T-shirt
  </category>
  <size>
   S
  </size>
  <color>
   Зеленый
  </color>
  <material>
   Шелк
  </material>
  <price>
   306393
  </price>
  <rating>
   1.96
  </rating>
  <reviews>
   910952
  </reviews>
  <new>
   +
  </new>
  <exclusive>
   no
  </exclusive>
 </clothing>
 <clothing>
  <id>
   129166442
  </id>
  <name>
   Asics Sweater A-9441
  </name>
  <category>
   Sweater
  </category>
  <size>
   S
  </size>
  <color>
   Зеленый
  </color>
  <material>
   Хлопок
  </material>
  <price>
   831672
  </price>
  <rating>
   3.51
  </rating>
  <reviews>
   346053
  </reviews>
  <new>
   -
  </new>
  <sporty>
   no
  </sporty>
 </clothing>
 <clothing>
  <id>
   639380313
  </id>
  <name>
   Adidas Sweater I-8851
  </name>
  <category>
   Sweater
  </category>
  <size>
   L
  </size>
  <color>
   Синий
  </color>
  <material>
   Шерсть
  </material>
  <price>
   258599
  </price>
  <rating>
   3.74
  </rating>
  <reviews>
   245816
  </reviews>
  <new>
   -
  </new>
  <exclusive>
   yes
  </exclusive>
  <sporty>
   no
  </sporty>
 </clothing>
 <clothing>
  <id>
   411621774
  </id>
  <name>
   Nike Umbrellas J-2653
  </name>
  <category>
   Umbrellas
  </category>
  <size>
   M
  </size>
  <color>
   Синий
  </color>
  <material>
   Полиэстер
  </material>
  <price>
   703816
  </price>
  <rating>
   2.89
  </rating>
  <reviews>
   808454
  </reviews>
  <new>
   -
  </new>
  <exclusive>
   no
  </exclusive>
 </clothing>
 <clothing>
  <id>
   584126310
  </id>
  <name>
   Lacoste Skirt X-6241
  </name>
  <category>
   Skirt
  </category>
  <size>
   M
  </size>
  <color>
   Фиолетовый
  </color>
  <material>
   Нейлон
  </material>
  <price>
   613608
  </price>
  <rating>
   4.85
  </rating>
  <reviews>
   980988
  </reviews>
  <new>
   -
  </new>
 </clothing>
 <clothing>
  <id>
   879105982
  </id>
  <name>
   Addidas Hat S-8001
  </name>
  <category>
   Hat
  </category>
  <size>
   XXL
  </size>
  <color>
   Фиолетовый
  </color>
  <material>
   Лен
  </material>
  <price>
   589511
  </price>
  <rating>
   3.57
  </rating>
  <reviews>
   267211
  </reviews>
  <exclusive>
   no
  </exclusive>
  <sporty>
   yes
  </sporty>
 </clothing>
 <clothing>
  <id>
   878915833
  </id>
  <name>
   Reebok Shirt T-1094
  </name>
  <category>
   Shirt
  </category>
  <size>
   L
  </size>
  <color>
   Фиолетовый
  </color>
  <material>
   Лен
  </material>
  <price>
   594752
  </price>
  <rating>
   2.6
  </rating>
  <reviews>
   669187
  </reviews>
  <exclusive>
   yes
  </exclusive>
 </clothing>
 <clothing>
  <id>
   759900973
  </id>
  <name>
   PleinSport Sweater J-8630
  </name>
  <category>
   Sweater
  </category>
  <size>
   XL
  </size>
  <color>
   Фиолетовый
  </color>
  <material>
   Хлопок
  </material>
  <price>
   559415
  </price>
  <rating>
   3.18
  </rating>
  <reviews>
   798632
  </reviews>
  <exclusive>
   no
  </exclusive>
 </clothing>
 <clothing>
  <id>
   309009432
  </id>
  <name>
   Lacoste Hat Q-7886
  </name>
  <category>
   Hat
  </category>
  <size>
   L
  </size>
  <color>
   Зеленый
  </color>
  <material>
   Хлопок
  </material>
  <price>
   583468
  </price>
  <rating>
   1.64
  </rating>
  <reviews>
   222089
  </reviews>
  <new>
   -
  </new>
  <exclusive>
   yes
  </exclusive>
  <sporty>
   yes
  </sporty>
 </clothing>
 <clothing>
  <id>
   226007204
  </id>
  <name>
   Puma Hat H-9470
  </name>
  <category>
   Hat
  </category>
  <size>
   XXL
  </size>
  <color>
   Зеленый
  </color>
  <material>
   Вискоза
  </material>
  <price>
   745187
  </price>
  <rating>
   3.71
  </rating>
  <reviews>
   736454
  </reviews>
  <sporty>
   no
  </sporty>
 </clothing>
 <clothing>
  <id>
   962543854
  </id>
  <name>
   Under Armour Handbags U-6490
  </name>
  <category>
   Handbags
  </category>
  <size>
   M
  </size>
  <color>
   Красный
  </color>
  <material>
   Кожа
  </material>
  <price>
   930635
  </price>
  <rating>
   4.37
  </rating>
  <reviews>
   397694
  </reviews>
  <new>
   +
  </new>
  <exclusive>
   yes
  </exclusive>
 </clothing>
</clothing-items>
