<?xml version="1.0" encoding="utf-8"?>
<clothing-items>
 <clothing>
  <id>
   299632499
  </id>
  <name>
   Reebok Umbrellas R-3857
  </name>
  <category>
   Umbrellas
  </category>
  <size>
   S
  </size>
  <color>
   Фиолетовый
  </color>
  <material>
   Шерсть
  </material>
  <price>
   965792
  </price>
  <rating>
   2.38
  </rating>
  <reviews>
   50674
  </reviews>
  <exclusive>
   no
  </exclusive>
  <sporty>
   no
  </sporty>
 </clothing>
 <clothing>
  <id>
   214219934
  </id>
  <name>
   Asics Shoes V-9665
  </name>
  <category>
   Shoes
  </category>
  <size>
   M
  </size>
  <color>
   Красный
  </color>
  <material>
   Вискоза
  </material>
  <price>
   854650
  </price>
  <rating>
   2.66
  </rating>
  <reviews>
   468151
  </reviews>
  <sporty>
   no
  </sporty>
 </clothing>
 <clothing>
  <id>
   761036379
  </id>
  <name>
   Asics Blouse S-6749
  </name>
  <category>
   Blouse
  </category>
  <size>
   L
  </size>
  <color>
   Синий
  </color>
  <material>
   Шерсть
  </material>
  <price>
   101179
  </price>
  <rating>
   1.33
  </rating>
  <reviews>
   504453
  </reviews>
  <new>
   -
  </new>
 </clothing>
 <clothing>
  <id>
   685922710
  </id>
  <name>
   Adidas Skirt S-9919
  </name>
  <category>
   Skirt
  </category>
  <size>
   M
  </size>
  <color>
   Синий
  </color>
  <material>
   Лен
  </material>
  <price>
   482613
  </price>
  <rating>
   2.5
  </rating>
  <reviews>
   166332
  </reviews>
  <new>
   -
  </new>
  <exclusive>
   yes
  </exclusive>
 </clothing>
 <clothing>
  <id>
   994253885
  </id>
  <name>
   Converse Jacket X-3227
  </name>
  <category>
   Jacket
  </category>
  <size>
   S
  </size>
  <color>
   Желтый
  </color>
  <material>
   Вискоза
  </material>
  <price>
   571034
  </price>
  <rating>
   4.49
  </rating>
  <reviews>
   213768
  </reviews>
  <new>
   -
  </new>
  <exclusive>
   no
  </exclusive>
 </clothing>
 <clothing>
  <id>
   123410658
  </id>
  <name>
   DC Blouse E-4439
  </name>
  <category>
   Blouse
  </category>
  <size>
   XL
  </size>
  <color>
   Голубой
  </color>
  <material>
   Вискоза
  </material>
  <price>
   909184
  </price>
  <rating>
   2.81
  </rating>
  <reviews>
   692829
  </reviews>
  <new>
   -
  </new>
  <exclusive>
   yes
  </exclusive>
  <sporty>
   yes
  </sporty>
 </clothing>
 <clothing>
  <id>
   678818432
  </id>
  <name>
   Nike Skirt B-1771
  </name>
  <category>
   Skirt
  </category>
  <size>
   XXL
  </size>
  <color>
   Фиолетовый
  </color>
  <material>
   Вискоза
  </material>
  <price>
   853252
  </price>
  <rating>
   3.13
  </rating>
  <reviews>
   863858
  </reviews>
  <exclusive>
   no
  </exclusive>
  <sporty>
   yes
  </sporty>
 </clothing>
 <clothing>
  <id>
   177011147
  </id>
  <name>
   Addidas Hat J-4534
  </name>
  <category>
   Hat
  </category>
  <size>
   XL
  </size>
  <color>
   Красный
  </color>
  <material>
   Шерсть
  </material>
  <price>
   656469
  </price>
  <rating>
   2.44
  </rating>
  <reviews>
   715019
  </reviews>
  <new>
   +
  </new>
  <sporty>
   no
  </sporty>
 </clothing>
 <clothing>
  <id>
   681612248
  </id>
  <name>
   New Balance Jacket F-3460
  </name>
  <category>
   Jacket
  </category>
  <size>
   S
  </size>
  <color>
   Фиолетовый
  </color>
  <material>
   Лен
  </material>
  <price>
   492385
  </price>
  <rating>
   1.45
  </rating>
  <reviews>
   929728
  </reviews>
  <sporty>
   no
  </sporty>
 </clothing>
 <clothing>
  <id>
   640997410
  </id>
  <name>
   Converse Socks D-9882
  </name>
  <category>
   Socks
  </category>
  <size>
   XXL
  </size>
  <color>
   Голубой
  </color>
  <material>
   Лен
  </material>
  <price>
   144815
  </price>
  <rating>
   3.6
  </rating>
  <reviews>
   684452
  </reviews>
  <new>
   +
  </new>
 </clothing>
 <clothing>
  <id>
   514073211
  </id>
  <name>
   Lacoste Dress U-2774
  </name>
  <category>
   Dress
  </category>
  <size>
   XXL
  </size>
  <color>
   Синий
  </color>
  <material>
   Вискоза
  </material>
  <price>
   801056
  </price>
  <rating>
   1.84
  </rating>
  <reviews>
   686848
  </reviews>
 </clothing>
 <clothing>
  <id>
   729330639
  </id>
  <name>
   Under Armour Shirt W-8269
  </name>
  <category>
   Shirt
  </category>
  <size>
   L
  </size>
  <color>
   Фиолетовый
  </color>
  <material>
   Шерсть
  </material>
  <price>
   296914
  </price>
  <rating>
   4.55
  </rating>
  <reviews>
   429355
  </reviews>
  <exclusive>
   no
  </exclusive>
  <sporty>
   no
  </sporty>
 </clothing>
 <clothing>
  <id>
   415708713
  </id>
  <name>
   Adidas Jeans Y-1766
  </name>
  <category>
   Jeans
  </category>
  <size>
   M
  </size>
  <color>
   Синий
  </color>
  <material>
   Хлопок
  </material>
  <price>
   590764
  </price>
  <rating>
   2.17
  </rating>
  <reviews>
   216673
  </reviews>
  <exclusive>
   yes
  </exclusive>
 </clothing>
 <clothing>
  <id>
   494349980
  </id>
  <name>
   New Balance Blouse B-7107
  </name>
  <category>
   Blouse
  </category>
  <size>
   XL
  </size>
  <color>
   Красный
  </color>
  <material>
   Шелк
  </material>
  <price>
   996427
  </price>
  <rating>
   3.28
  </rating>
  <reviews>
   838451
  </reviews>
  <sporty>
   yes
  </sporty>
 </clothing>
</clothing-items>
