<?xml version="1.0" encoding="utf-8"?>
<clothing-items>
 <clothing>
  <id>
   549567462
  </id>
  <name>
   Converse Shoes A-6695
  </name>
  <category>
   Shoes
  </category>
  <size>
   XXL
  </size>
  <color>
   Оранжевый
  </color>
  <material>
   Нейлон
  </material>
  <price>
   637971
  </price>
  <rating>
   1.44
  </rating>
  <reviews>
   323803
  </reviews>
  <new>
   +
  </new>
  <exclusive>
   yes
  </exclusive>
 </clothing>
 <clothing>
  <id>
   247866704
  </id>
  <name>
   Converse Pants O-3478
  </name>
  <category>
   Pants
  </category>
  <size>
   XL
  </size>
  <color>
   Желтый
  </color>
  <material>
   Полиэстер
  </material>
  <price>
   943619
  </price>
  <rating>
   4.57
  </rating>
  <reviews>
   671211
  </reviews>
  <new>
   +
  </new>
  <exclusive>
   no
  </exclusive>
  <sporty>
   yes
  </sporty>
 </clothing>
 <clothing>
  <id>
   573141039
  </id>
  <name>
   Brooks Handbags D-2846
  </name>
  <category>
   Handbags
  </category>
  <size>
   XL
  </size>
  <color>
   Голубой
  </color>
  <material>
   Шерсть
  </material>
  <price>
   251953
  </price>
  <rating>
   4.25
  </rating>
  <reviews>
   456050
  </reviews>
  <exclusive>
   yes
  </exclusive>
 </clothing>
 <clothing>
  <id>
   142709270
  </id>
  <name>
   Brooks Shirt K-8800
  </name>
  <category>
   Shirt
  </category>
  <size>
   L
  </size>
  <color>
   Оранжевый
  </color>
  <material>
   Лен
  </material>
  <price>
   651726
  </price>
  <rating>
   2.13
  </rating>
  <reviews>
   517210
  </reviews>
  <sporty>
   no
  </sporty>
 </clothing>
 <clothing>
  <id>
   115253859
  </id>
  <name>
   Fila Jacket W-2352
  </name>
  <category>
   Jacket
  </category>
  <size>
   XL
  </size>
  <color>
   Оранжевый
  </color>
  <material>
   Вискоза
  </material>
  <price>
   292253
  </price>
  <rating>
   1.07
  </rating>
  <reviews>
   558348
  </reviews>
  <new>
   +
  </new>
  <exclusive>
   no
  </exclusive>
 </clothing>
 <clothing>
  <id>
   453430183
  </id>
  <name>
   New Balance T-shirt A-6935
  </name>
  <category>
   T-shirt
  </category>
  <size>
   L
  </size>
  <color>
   Синий
  </color>
  <material>
   Вискоза
  </material>
  <price>
   973138
  </price>
  <rating>
   3.15
  </rating>
  <reviews>
   618291
  </reviews>
  <new>
   +
  </new>
  <sporty>
   no
  </sporty>
 </clothing>
 <clothing>
  <id>
   364315404
  </id>
  <name>
   Adidas Sweater D-6808
  </name>
  <category>
   Sweater
  </category>
  <size>
   M
  </size>
  <color>
   Голубой
  </color>
  <material>
   Шерсть
  </material>
  <price>
   346511
  </price>
  <rating>
   2.54
  </rating>
  <reviews>
   486941
  </reviews>
  <new>
   -
  </new>
  <exclusive>
   yes
  </exclusive>
  <sporty>
   yes
  </sporty>
 </clothing>
 <clothing>
  <id>
   749929434
  </id>
  <name>
   DC Handbags F-7747
  </name>
  <category>
   Handbags
  </category>
  <size>
   S
  </size>
  <color>
   Красный
  </color>
  <material>
   Лен
  </material>
  <price>
   610772
  </price>
  <rating>
   3.36
  </rating>
  <reviews>
   91523
  </reviews>
  <exclusive>
   no
  </exclusive>
  <sporty>
   yes
  </sporty>
 </clothing>
 <clothing>
  <id>
   803855649
  </id>
  <name>
   Ellesse Belts N-1229
  </name>
  <category>
   Belts
  </category>
  <size>
   XXL
  </size>
  <color>
   Желтый
  </color>
  <material>
   Лен
  </material>
  <price>
   278731
  </price>
  <rating>
   4.78
  </rating>
  <reviews>
   19081
  </reviews>
  <new>
   -
  </new>
  <exclusive>
   no
  </exclusive>
  <sporty>
   no
  </sporty>
 </clothing>
 <clothing>
  <id>
   164754570
  </id>
  <name>
   Converse Jacket P-7283
  </name>
  <category>
   Jacket
  </category>
  <size>
   S
  </size>
  <color>
   Красный
  </color>
  <material>
   Кожа
  </material>
  <price>
   522002
  </price>
  <rating>
   2.04
  </rating>
  <reviews>
   213143
  </reviews>
  <exclusive>
   no
  </exclusive>
 </clothing>
 <clothing>
  <id>
   853020013
  </id>
  <name>
   Fila Belts E-2507
  </name>
  <category>
   Belts
  </category>
  <size>
   XL
  </size>
  <color>
   Красный
  </color>
  <material>
   Полиэстер
  </material>
  <price>
   300800
  </price>
  <rating>
   2.3
  </rating>
  <reviews>
   279028
  </reviews>
  <exclusive>
   no
  </exclusive>
 </clothing>
 <clothing>
  <id>
   710506031
  </id>
  <name>
   Converse Jacket K-3960
  </name>
  <category>
   Jacket
  </category>
  <size>
   XXL
  </size>
  <color>
   Желтый
  </color>
  <material>
   Полиэстер
  </material>
  <price>
   574265
  </price>
  <rating>
   1.67
  </rating>
  <reviews>
   7693
  </reviews>
  <exclusive>
   yes
  </exclusive>
 </clothing>
 <clothing>
  <id>
   746970480
  </id>
  <name>
   Reebok Belts R-9288
  </name>
  <category>
   Belts
  </category>
  <size>
   XL
  </size>
  <color>
   Синий
  </color>
  <material>
   Нейлон
  </material>
  <price>
   530487
  </price>
  <rating>
   3.22
  </rating>
  <reviews>
   787638
  </reviews>
  <new>
   -
  </new>
  <exclusive>
   yes
  </exclusive>
  <sporty>
   no
  </sporty>
 </clothing>
 <clothing>
  <id>
   880150828
  </id>
  <name>
   Converse Shirt P-6459
  </name>
  <category>
   Shirt
  </category>
  <size>
   M
  </size>
  <color>
   Красный
  </color>
  <material>
   Шелк
  </material>
  <price>
   499726
  </price>
  <rating>
   4.34
  </rating>
  <reviews>
   352132
  </reviews>
  <new>
   -
  </new>
  <exclusive>
   yes
  </exclusive>
  <sporty>
   no
  </sporty>
 </clothing>
 <clothing>
  <id>
   914651233
  </id>
  <name>
   Converse Sweater Q-7431
  </name>
  <category>
   Sweater
  </category>
  <size>
   XL
  </size>
  <color>
   Желтый
  </color>
  <material>
   Лен
  </material>
  <price>
   412567
  </price>
  <rating>
   3.47
  </rating>
  <reviews>
   319010
  </reviews>
  <exclusive>
   no
  </exclusive>
 </clothing>
 <clothing>
  <id>
   257690483
  </id>
  <name>
   Adidas Socks H-1073
  </name>
  <category>
   Socks
  </category>
  <size>
   L
  </size>
  <color>
   Желтый
  </color>
  <material>
   Шерсть
  </material>
  <price>
   903794
  </price>
  <rating>
   1.38
  </rating>
  <reviews>
   159198
  </reviews>
  <new>
   +
  </new>
  <exclusive>
   no
  </exclusive>
  <sporty>
   yes
  </sporty>
 </clothing>
 <clothing>
  <id>
   227677603
  </id>
  <name>
   Ellesse Blouse P-6314
  </name>
  <category>
   Blouse
  </category>
  <size>
   XL
  </size>
  <color>
   Зеленый
  </color>
  <material>
   Лен
  </material>
  <price>
   729450
  </price>
  <rating>
   2.89
  </rating>
  <reviews>
   599247
  </reviews>
  <new>
   +
  </new>
  <exclusive>
   no
  </exclusive>
 </clothing>
 <clothing>
  <id>
   456797072
  </id>
  <name>
   PleinSport Jeans K-1626
  </name>
  <category>
   Jeans
  </category>
  <size>
   XL
  </size>
  <color>
   Красный
  </color>
  <material>
   Полиэстер
  </material>
  <price>
   717182
  </price>
  <rating>
   1.51
  </rating>
  <reviews>
   564711
  </reviews>
 </clothing>
 <clothing>
  <id>
   900726589
  </id>
  <name>
   Fila Hat D-4066
  </name>
  <category>
   Hat
  </category>
  <size>
   XL
  </size>
  <color>
   Синий
  </color>
  <material>
   Шелк
  </material>
  <price>
   795051
  </price>
  <rating>
   1.85
  </rating>
  <reviews>
   469831
  </reviews>
  <new>
   -
  </new>
  <exclusive>
   no
  </exclusive>
  <sporty>
   yes
  </sporty>
 </clothing>
 <clothing>
  <id>
   820681612
  </id>
  <name>
   Lacoste Socks L-5547
  </name>
  <category>
   Socks
  </category>
  <size>
   XXL
  </size>
  <color>
   Фиолетовый
  </color>
  <material>
   Нейлон
  </material>
  <price>
   483303
  </price>
  <rating>
   2.04
  </rating>
  <reviews>
   170007
  </reviews>
  <new>
   +
  </new>
  <exclusive>
   yes
  </exclusive>
 </clothing>
 <clothing>
  <id>
   142926878
  </id>
  <name>
   Converse Umbrellas I-5053
  </name>
  <category>
   Umbrellas
  </category>
  <size>
   XL
  </size>
  <color>
   Желтый
  </color>
  <material>
   Вискоза
  </material>
  <price>
   666172
  </price>
  <rating>
   1.56
  </rating>
  <reviews>
   315804
  </reviews>
  <new>
   -
  </new>
  <exclusive>
   yes
  </exclusive>
  <sporty>
   yes
  </sporty>
 </clothing>
 <clothing>
  <id>
   514562048
  </id>
  <name>
   Addidas Shoes V-2906
  </name>
  <category>
   Shoes
  </category>
  <size>
   XL
  </size>
  <color>
   Голубой
  </color>
  <material>
   Нейлон
  </material>
  <price>
   612928
  </price>
  <rating>
   4.71
  </rating>
  <reviews>
   75582
  </reviews>
  <sporty>
   no
  </sporty>
 </clothing>
 <clothing>
  <id>
   907103833
  </id>
  <name>
   Puma Skirt Y-9536
  </name>
  <category>
   Skirt
  </category>
  <size>
   L
  </size>
  <color>
   Оранжевый
  </color>
  <material>
   Вискоза
  </material>
  <price>
   654834
  </price>
  <rating>
   2.93
  </rating>
  <reviews>
   865784
  </reviews>
  <exclusive>
   no
  </exclusive>
 </clothing>
 <clothing>
  <id>
   736863696
  </id>
  <name>
   Adidas Jacket I-1340
  </name>
  <category>
   Jacket
  </category>
  <size>
   XL
  </size>
  <color>
   Оранжевый
  </color>
  <material>
   Нейлон
  </material>
  <price>
   823685
  </price>
  <rating>
   3.53
  </rating>
  <reviews>
   750810
  </reviews>
  <new>
   -
  </new>
  <sporty>
   yes
  </sporty>
 </clothing>
 <clothing>
  <id>
   577429020
  </id>
  <name>
   Reebok Sweater P-6336
  </name>
  <category>
   Sweater
  </category>
  <size>
   XL
  </size>
  <color>
   Фиолетовый
  </color>
  <material>
   Кожа
  </material>
  <price>
   112350
  </price>
  <rating>
   1.94
  </rating>
  <reviews>
   290796
  </reviews>
  <exclusive>
   yes
  </exclusive>
 </clothing>
 <clothing>
  <id>
   709338194
  </id>
  <name>
   Lacoste Gloves T-1743
  </name>
  <category>
   Gloves
  </category>
  <size>
   XL
  </size>
  <color>
   Зеленый
  </color>
  <material>
   Кожа
  </material>
  <price>
   887620
  </price>
  <rating>
   2.64
  </rating>
  <reviews>
   403137
  </reviews>
  <new>
   -
  </new>
 </clothing>
 <clothing>
  <id>
   965930668
  </id>
  <name>
   Lacoste Sweater Y-1118
  </name>
  <category>
   Sweater
  </category>
  <size>
   XXL
  </size>
  <color>
   Оранжевый
  </color>
  <material>
   Шелк
  </material>
  <price>
   147726
  </price>
  <rating>
   4.2
  </rating>
  <reviews>
   571608
  </reviews>
  <exclusive>
   yes
  </exclusive>
 </clothing>
 <clothing>
  <id>
   108351936
  </id>
  <name>
   Adidas Dress U-9871
  </name>
  <category>
   Dress
  </category>
  <size>
   M
  </size>
  <color>
   Красный
  </color>
  <material>
   Нейлон
  </material>
  <price>
   183247
  </price>
  <rating>
   3.8
  </rating>
  <reviews>
   243783
  </reviews>
  <exclusive>
   yes
  </exclusive>
  <sporty>
   no
  </sporty>
 </clothing>
 <clothing>
  <id>
   557177735
  </id>
  <name>
   Lacoste Belts F-7211
  </name>
  <category>
   Belts
  </category>
  <size>
   XXL
  </size>
  <color>
   Оранжевый
  </color>
  <material>
   Нейлон
  </material>
  <price>
   764133
  </price>
  <rating>
   2.33
  </rating>
  <reviews>
   947401
  </reviews>
  <new>
   -
  </new>
  <sporty>
   no
  </sporty>
 </clothing>
 <clothing>
  <id>
   859765112
  </id>
  <name>
   Brooks Umbrellas T-3074
  </name>
  <category>
   Umbrellas
  </category>
  <size>
   XL
  </size>
  <color>
   Фиолетовый
  </color>
  <material>
   Вискоза
  </material>
  <price>
   246862
  </price>
  <rating>
   2.48
  </rating>
  <reviews>
   900835
  </reviews>
  <new>
   +
  </new>
  <sporty>
   no
  </sporty>
 </clothing>
 <clothing>
  <id>
   846955286
  </id>
  <name>
   Under Armour Gloves E-3877
  </name>
  <category>
   Gloves
  </category>
  <size>
   L
  </size>
  <color>
   Фиолетовый
  </color>
  <material>
   Кожа
  </material>
  <price>
   452762
  </price>
  <rating>
   2.05
  </rating>
  <reviews>
   675301
  </reviews>
 </clothing>
 <clothing>
  <id>
   716351709
  </id>
  <name>
   Ellesse Blouse L-2445
  </name>
  <category>
   Blouse
  </category>
  <size>
   M
  </size>
  <color>
   Фиолетовый
  </color>
  <material>
   Шерсть
  </material>
  <price>
   727716
  </price>
  <rating>
   1.53
  </rating>
  <reviews>
   512028
  </reviews>
  <new>
   +
  </new>
 </clothing>
 <clothing>
  <id>
   690170098
  </id>
  <name>
   Converse T-shirt E-7560
  </name>
  <category>
   T-shirt
  </category>
  <size>
   XL
  </size>
  <color>
   Зеленый
  </color>
  <material>
   Полиэстер
  </material>
  <price>
   215252
  </price>
  <rating>
   3.42
  </rating>
  <reviews>
   501005
  </reviews>
  <exclusive>
   yes
  </exclusive>
  <sporty>
   no
  </sporty>
 </clothing>
 <clothing>
  <id>
   827352616
  </id>
  <name>
   Brooks Umbrellas O-9736
  </name>
  <category>
   Umbrellas
  </category>
  <size>
   XL
  </size>
  <color>
   Красный
  </color>
  <material>
   Вискоза
  </material>
  <price>
   216470
  </price>
  <rating>
   4.25
  </rating>
  <reviews>
   362389
  </reviews>
  <sporty>
   no
  </sporty>
 </clothing>
 <clothing>
  <id>
   117846306
  </id>
  <name>
   DC Shirt I-1777
  </name>
  <category>
   Shirt
  </category>
  <size>
   S
  </size>
  <color>
   Зеленый
  </color>
  <material>
   Хлопок
  </material>
  <price>
   512364
  </price>
  <rating>
   4.22
  </rating>
  <reviews>
   501636
  </reviews>
  <new>
   -
  </new>
 </clothing>
 <clothing>
  <id>
   933538176
  </id>
  <name>
   Reebok Sweater L-1492
  </name>
  <category>
   Sweater
  </category>
  <size>
   S
  </size>
  <color>
   Желтый
  </color>
  <material>
   Нейлон
  </material>
  <price>
   224364
  </price>
  <rating>
   1.76
  </rating>
  <reviews>
   881052
  </reviews>
  <new>
   -
  </new>
  <sporty>
   yes
  </sporty>
 </clothing>
 <clothing>
  <id>
   802933668
  </id>
  <name>
   Puma Blouse G-3538
  </name>
  <category>
   Blouse
  </category>
  <size>
   M
  </size>
  <color>
   Оранжевый
  </color>
  <material>
   Лен
  </material>
  <price>
   847440
  </price>
  <rating>
   4.75
  </rating>
  <reviews>
   297691
  </reviews>
  <new>
   -
  </new>
  <exclusive>
   no
  </exclusive>
 </clothing>
 <clothing>
  <id>
   778642915
  </id>
  <name>
   Ellesse Skirt Y-7869
  </name>
  <category>
   Skirt
  </category>
  <size>
   XL
  </size>
  <color>
   Красный
  </color>
  <material>
   Вискоза
  </material>
  <price>
   385153
  </price>
  <rating>
   3.0
  </rating>
  <reviews>
   82706
  </reviews>
  <exclusive>
   yes
  </exclusive>
  <sporty>
   no
  </sporty>
 </clothing>
 <clothing>
  <id>
   765014133
  </id>
  <name>
   Reebok Hat X-7711
  </name>
  <category>
   Hat
  </category>
  <size>
   M
  </size>
  <color>
   Синий
  </color>
  <material>
   Шелк
  </material>
  <price>
   534531
  </price>
  <rating>
   1.36
  </rating>
  <reviews>
   49570
  </reviews>
  <sporty>
   yes
  </sporty>
 </clothing>
 <clothing>
  <id>
   110388450
  </id>
  <name>
   New Balance Handbags R-1458
  </name>
  <category>
   Handbags
  </category>
  <size>
   L
  </size>
  <color>
   Синий
  </color>
  <material>
   Шелк
  </material>
  <price>
   471665
  </price>
  <rating>
   1.23
  </rating>
  <reviews>
   546918
  </reviews>
  <new>
   -
  </new>
  <exclusive>
   yes
  </exclusive>
  <sporty>
   yes
  </sporty>
 </clothing>
 <clothing>
  <id>
   777766243
  </id>
  <name>
   Adidas Umbrellas Y-6547
  </name>
  <category>
   Umbrellas
  </category>
  <size>
   XXL
  </size>
  <color>
   Оранжевый
  </color>
  <material>
   Вискоза
  </material>
  <price>
   474956
  </price>
  <rating>
   2.33
  </rating>
  <reviews>
   431480
  </reviews>
 </clothing>
 <clothing>
  <id>
   188899572
  </id>
  <name>
   Asics Hat C-4036
  </name>
  <category>
   Hat
  </category>
  <size>
   S
  </size>
  <color>
   Оранжевый
  </color>
  <material>
   Хлопок
  </material>
  <price>
   790178
  </price>
  <rating>
   4.12
  </rating>
  <reviews>
   976422
  </reviews>
  <exclusive>
   yes
  </exclusive>
 </clothing>
 <clothing>
  <id>
   294077160
  </id>
  <name>
   Fila T-shirt E-8979
  </name>
  <category>
   T-shirt
  </category>
  <size>
   S
  </size>
  <color>
   Красный
  </color>
  <material>
   Хлопок
  </material>
  <price>
   760100
  </price>
  <rating>
   2.88
  </rating>
  <reviews>
   959452
  </reviews>
  <new>
   -
  </new>
  <sporty>
   yes
  </sporty>
 </clothing>
 <clothing>
  <id>
   162842544
  </id>
  <name>
   Vans Dress S-8034
  </name>
  <category>
   Dress
  </category>
  <size>
   XXL
  </size>
  <color>
   Синий
  </color>
  <material>
   Кожа
  </material>
  <price>
   713487
  </price>
  <rating>
   2.19
  </rating>
  <reviews>
   457148
  </reviews>
  <new>
   +
  </new>
  <exclusive>
   yes
  </exclusive>
 </clothing>
 <clothing>
  <id>
   776356793
  </id>
  <name>
   Addidas Shirt H-7824
  </name>
  <category>
   Shirt
  </category>
  <size>
   M
  </size>
  <color>
   Синий
  </color>
  <material>
   Кожа
  </material>
  <price>
   113252
  </price>
  <rating>
   4.74
  </rating>
  <reviews>
   614138
  </reviews>
  <new>
   -
  </new>
  <exclusive>
   no
  </exclusive>
  <sporty>
   no
  </sporty>
 </clothing>
 <clothing>
  <id>
   875958153
  </id>
  <name>
   Under Armour Socks A-2613
  </name>
  <category>
   Socks
  </category>
  <size>
   L
  </size>
  <color>
   Оранжевый
  </color>
  <material>
   Шелк
  </material>
  <price>
   551339
  </price>
  <rating>
   2.46
  </rating>
  <reviews>
   704091
  </reviews>
  <new>
   +
  </new>
  <sporty>
   yes
  </sporty>
 </clothing>
</clothing-items>
