<?xml version="1.0" encoding="utf-8"?>
<clothing-items>
 <clothing>
  <id>
   462349219
  </id>
  <name>
   Puma Pants B-1828
  </name>
  <category>
   Pants
  </category>
  <size>
   L
  </size>
  <color>
   Оранжевый
  </color>
  <material>
   Шерсть
  </material>
  <price>
   723829
  </price>
  <rating>
   3.77
  </rating>
  <reviews>
   392293
  </reviews>
  <new>
   +
  </new>
  <exclusive>
   no
  </exclusive>
 </clothing>
 <clothing>
  <id>
   483823452
  </id>
  <name>
   New Balance Shoes H-8174
  </name>
  <category>
   Shoes
  </category>
  <size>
   L
  </size>
  <color>
   Голубой
  </color>
  <material>
   Кожа
  </material>
  <price>
   304208
  </price>
  <rating>
   2.45
  </rating>
  <reviews>
   369014
  </reviews>
  <sporty>
   no
  </sporty>
 </clothing>
 <clothing>
  <id>
   333182223
  </id>
  <name>
   Vans Socks S-6556
  </name>
  <category>
   Socks
  </category>
  <size>
   XXL
  </size>
  <color>
   Фиолетовый
  </color>
  <material>
   Нейлон
  </material>
  <price>
   212022
  </price>
  <rating>
   4.06
  </rating>
  <reviews>
   885998
  </reviews>
  <new>
   +
  </new>
  <exclusive>
   yes
  </exclusive>
  <sporty>
   yes
  </sporty>
 </clothing>
 <clothing>
  <id>
   473706391
  </id>
  <name>
   Brooks Sweater T-1091
  </name>
  <category>
   Sweater
  </category>
  <size>
   XXL
  </size>
  <color>
   Желтый
  </color>
  <material>
   Лен
  </material>
  <price>
   685071
  </price>
  <rating>
   2.34
  </rating>
  <reviews>
   941201
  </reviews>
  <new>
   +
  </new>
  <exclusive>
   yes
  </exclusive>
  <sporty>
   yes
  </sporty>
 </clothing>
 <clothing>
  <id>
   707595857
  </id>
  <name>
   Addidas Socks X-8645
  </name>
  <category>
   Socks
  </category>
  <size>
   XXL
  </size>
  <color>
   Красный
  </color>
  <material>
   Лен
  </material>
  <price>
   808660
  </price>
  <rating>
   1.67
  </rating>
  <reviews>
   617761
  </reviews>
  <new>
   +
  </new>
  <sporty>
   no
  </sporty>
 </clothing>
 <clothing>
  <id>
   345735735
  </id>
  <name>
   Under Armour Umbrellas G-4686
  </name>
  <category>
   Umbrellas
  </category>
  <size>
   S
  </size>
  <color>
   Оранжевый
  </color>
  <material>
   Хлопок
  </material>
  <price>
   209761
  </price>
  <rating>
   3.21
  </rating>
  <reviews>
   93917
  </reviews>
  <new>
   -
  </new>
  <exclusive>
   no
  </exclusive>
 </clothing>
 <clothing>
  <id>
   603183319
  </id>
  <name>
   New Balance Jacket I-6977
  </name>
  <category>
   Jacket
  </category>
  <size>
   M
  </size>
  <color>
   Голубой
  </color>
  <material>
   Полиэстер
  </material>
  <price>
   422726
  </price>
  <rating>
   2.01
  </rating>
  <reviews>
   22895
  </reviews>
  <sporty>
   yes
  </sporty>
 </clothing>
 <clothing>
  <id>
   154287682
  </id>
  <name>
   Reebok Socks D-3763
  </name>
  <category>
   Socks
  </category>
  <size>
   M
  </size>
  <color>
   Зеленый
  </color>
  <material>
   Хлопок
  </material>
  <price>
   350770
  </price>
  <rating>
   2.56
  </rating>
  <reviews>
   378435
  </reviews>
  <new>
   -
  </new>
  <sporty>
   no
  </sporty>
 </clothing>
 <clothing>
  <id>
   223011483
  </id>
  <name>
   Addidas Hat O-5727
  </name>
  <category>
   Hat
  </category>
  <size>
   M
  </size>
  <color>
   Желтый
  </color>
  <material>
   Хлопок
  </material>
  <price>
   360690
  </price>
  <rating>
   2.45
  </rating>
  <reviews>
   805424
  </reviews>
  <new>
   -
  </new>
  <exclusive>
   no
  </exclusive>
 </clothing>
 <clothing>
  <id>
   542364845
  </id>
  <name>
   Ellesse Jeans F-5198
  </name>
  <category>
   Jeans
  </category>
  <size>
   XXL
  </size>
  <color>
   Оранжевый
  </color>
  <material>
   Лен
  </material>
  <price>
   620777
  </price>
  <rating>
   4.25
  </rating>
  <reviews>
   874402
  </reviews>
  <new>
   +
  </new>
 </clothing>
 <clothing>
  <id>
   281251399
  </id>
  <name>
   Brooks Blouse X-5548
  </name>
  <category>
   Blouse
  </category>
  <size>
   M
  </size>
  <color>
   Оранжевый
  </color>
  <material>
   Шелк
  </material>
  <price>
   817371
  </price>
  <rating>
   3.12
  </rating>
  <reviews>
   967225
  </reviews>
  <exclusive>
   no
  </exclusive>
  <sporty>
   no
  </sporty>
 </clothing>
 <clothing>
  <id>
   468204271
  </id>
  <name>
   Brooks Sweater Z-4151
  </name>
  <category>
   Sweater
  </category>
  <size>
   XL
  </size>
  <color>
   Желтый
  </color>
  <material>
   Шерсть
  </material>
  <price>
   175063
  </price>
  <rating>
   1.71
  </rating>
  <reviews>
   641828
  </reviews>
  <new>
   -
  </new>
  <exclusive>
   no
  </exclusive>
  <sporty>
   yes
  </sporty>
 </clothing>
 <clothing>
  <id>
   362333864
  </id>
  <name>
   Brooks Jacket H-5201
  </name>
  <category>
   Jacket
  </category>
  <size>
   L
  </size>
  <color>
   Голубой
  </color>
  <material>
   Лен
  </material>
  <price>
   591576
  </price>
  <rating>
   3.07
  </rating>
  <reviews>
   135674
  </reviews>
  <new>
   -
  </new>
  <exclusive>
   no
  </exclusive>
  <sporty>
   yes
  </sporty>
 </clothing>
 <clothing>
  <id>
   168252645
  </id>
  <name>
   Fila Handbags Y-7381
  </name>
  <category>
   Handbags
  </category>
  <size>
   S
  </size>
  <color>
   Оранжевый
  </color>
  <material>
   Нейлон
  </material>
  <price>
   145828
  </price>
  <rating>
   2.08
  </rating>
  <reviews>
   573882
  </reviews>
  <new>
   -
  </new>
  <exclusive>
   yes
  </exclusive>
  <sporty>
   yes
  </sporty>
 </clothing>
 <clothing>
  <id>
   282874902
  </id>
  <name>
   Adidas Belts V-4064
  </name>
  <category>
   Belts
  </category>
  <size>
   S
  </size>
  <color>
   Желтый
  </color>
  <material>
   Нейлон
  </material>
  <price>
   408812
  </price>
  <rating>
   1.62
  </rating>
  <reviews>
   560828
  </reviews>
  <exclusive>
   no
  </exclusive>
 </clothing>
 <clothing>
  <id>
   299324168
  </id>
  <name>
   Reebok Pants A-2107
  </name>
  <category>
   Pants
  </category>
  <size>
   XL
  </size>
  <color>
   Фиолетовый
  </color>
  <material>
   Хлопок
  </material>
  <price>
   526140
  </price>
  <rating>
   2.0
  </rating>
  <reviews>
   194445
  </reviews>
  <new>
   -
  </new>
 </clothing>
 <clothing>
  <id>
   120277930
  </id>
  <name>
   Converse Umbrellas B-9050
  </name>
  <category>
   Umbrellas
  </category>
  <size>
   M
  </size>
  <color>
   Голубой
  </color>
  <material>
   Шелк
  </material>
  <price>
   624707
  </price>
  <rating>
   1.04
  </rating>
  <reviews>
   509025
  </reviews>
  <exclusive>
   no
  </exclusive>
  <sporty>
   yes
  </sporty>
 </clothing>
 <clothing>
  <id>
   771973752
  </id>
  <name>
   Asics Blouse P-8732
  </name>
  <category>
   Blouse
  </category>
  <size>
   XL
  </size>
  <color>
   Желтый
  </color>
  <material>
   Шелк
  </material>
  <price>
   922053
  </price>
  <rating>
   4.95
  </rating>
  <reviews>
   592039
  </reviews>
  <new>
   +
  </new>
 </clothing>
 <clothing>
  <id>
   358413416
  </id>
  <name>
   Puma Jeans E-7281
  </name>
  <category>
   Jeans
  </category>
  <size>
   S
  </size>
  <color>
   Зеленый
  </color>
  <material>
   Шерсть
  </material>
  <price>
   451152
  </price>
  <rating>
   2.04
  </rating>
  <reviews>
   409934
  </reviews>
 </clothing>
 <clothing>
  <id>
   235849877
  </id>
  <name>
   New Balance Sweater W-7909
  </name>
  <category>
   Sweater
  </category>
  <size>
   XXL
  </size>
  <color>
   Синий
  </color>
  <material>
   Вискоза
  </material>
  <price>
   535318
  </price>
  <rating>
   1.19
  </rating>
  <reviews>
   549171
  </reviews>
  <exclusive>
   no
  </exclusive>
 </clothing>
 <clothing>
  <id>
   271994119
  </id>
  <name>
   Lacoste Shoes Q-5216
  </name>
  <category>
   Shoes
  </category>
  <size>
   S
  </size>
  <color>
   Зеленый
  </color>
  <material>
   Нейлон
  </material>
  <price>
   508530
  </price>
  <rating>
   3.1
  </rating>
  <reviews>
   753493
  </reviews>
  <new>
   +
  </new>
  <exclusive>
   no
  </exclusive>
  <sporty>
   no
  </sporty>
 </clothing>
 <clothing>
  <id>
   369990600
  </id>
  <name>
   Adidas Skirt W-4734
  </name>
  <category>
   Skirt
  </category>
  <size>
   XL
  </size>
  <color>
   Зеленый
  </color>
  <material>
   Шелк
  </material>
  <price>
   207215
  </price>
  <rating>
   4.37
  </rating>
  <reviews>
   672342
  </reviews>
  <exclusive>
   yes
  </exclusive>
  <sporty>
   no
  </sporty>
 </clothing>
 <clothing>
  <id>
   903791838
  </id>
  <name>
   Vans Jacket K-3621
  </name>
  <category>
   Jacket
  </category>
  <size>
   XL
  </size>
  <color>
   Зеленый
  </color>
  <material>
   Хлопок
  </material>
  <price>
   167331
  </price>
  <rating>
   2.96
  </rating>
  <reviews>
   767359
  </reviews>
  <new>
   +
  </new>
  <exclusive>
   no
  </exclusive>
 </clothing>
 <clothing>
  <id>
   164357122
  </id>
  <name>
   Addidas Pants W-4618
  </name>
  <category>
   Pants
  </category>
  <size>
   XXL
  </size>
  <color>
   Зеленый
  </color>
  <material>
   Хлопок
  </material>
  <price>
   411725
  </price>
  <rating>
   3.37
  </rating>
  <reviews>
   702341
  </reviews>
  <new>
   -
  </new>
  <sporty>
   yes
  </sporty>
 </clothing>
 <clothing>
  <id>
   465322295
  </id>
  <name>
   Vans Umbrellas Z-7881
  </name>
  <category>
   Umbrellas
  </category>
  <size>
   S
  </size>
  <color>
   Фиолетовый
  </color>
  <material>
   Хлопок
  </material>
  <price>
   415794
  </price>
  <rating>
   3.83
  </rating>
  <reviews>
   916739
  </reviews>
  <exclusive>
   no
  </exclusive>
  <sporty>
   yes
  </sporty>
 </clothing>
 <clothing>
  <id>
   409426142
  </id>
  <name>
   Converse Skirt O-2635
  </name>
  <category>
   Skirt
  </category>
  <size>
   XL
  </size>
  <color>
   Желтый
  </color>
  <material>
   Кожа
  </material>
  <price>
   875818
  </price>
  <rating>
   1.36
  </rating>
  <reviews>
   189957
  </reviews>
  <new>
   -
  </new>
 </clothing>
 <clothing>
  <id>
   510258904
  </id>
  <name>
   Converse Sweater R-9057
  </name>
  <category>
   Sweater
  </category>
  <size>
   L
  </size>
  <color>
   Желтый
  </color>
  <material>
   Шерсть
  </material>
  <price>
   625399
  </price>
  <rating>
   1.59
  </rating>
  <reviews>
   806523
  </reviews>
  <exclusive>
   no
  </exclusive>
  <sporty>
   no
  </sporty>
 </clothing>
 <clothing>
  <id>
   822716838
  </id>
  <name>
   Converse Jacket E-5225
  </name>
  <category>
   Jacket
  </category>
  <size>
   S
  </size>
  <color>
   Фиолетовый
  </color>
  <material>
   Хлопок
  </material>
  <price>
   861108
  </price>
  <rating>
   3.26
  </rating>
  <reviews>
   577316
  </reviews>
  <exclusive>
   yes
  </exclusive>
  <sporty>
   no
  </sporty>
 </clothing>
 <clothing>
  <id>
   701583536
  </id>
  <name>
   Lacoste Umbrellas O-6769
  </name>
  <category>
   Umbrellas
  </category>
  <size>
   L
  </size>
  <color>
   Синий
  </color>
  <material>
   Вискоза
  </material>
  <price>
   422681
  </price>
  <rating>
   1.76
  </rating>
  <reviews>
   27699
  </reviews>
  <exclusive>
   no
  </exclusive>
 </clothing>
 <clothing>
  <id>
   369678289
  </id>
  <name>
   Nike Hat C-8878
  </name>
  <category>
   Hat
  </category>
  <size>
   XXL
  </size>
  <color>
   Фиолетовый
  </color>
  <material>
   Лен
  </material>
  <price>
   299771
  </price>
  <rating>
   2.43
  </rating>
  <reviews>
   372764
  </reviews>
  <new>
   -
  </new>
 </clothing>
 <clothing>
  <id>
   814557306
  </id>
  <name>
   Nike Pants N-7048
  </name>
  <category>
   Pants
  </category>
  <size>
   XL
  </size>
  <color>
   Синий
  </color>
  <material>
   Шерсть
  </material>
  <price>
   143245
  </price>
  <rating>
   1.09
  </rating>
  <reviews>
   654824
  </reviews>
  <new>
   -
  </new>
 </clothing>
 <clothing>
  <id>
   190438299
  </id>
  <name>
   New Balance Shirt L-5701
  </name>
  <category>
   Shirt
  </category>
  <size>
   XL
  </size>
  <color>
   Оранжевый
  </color>
  <material>
   Лен
  </material>
  <price>
   724247
  </price>
  <rating>
   1.65
  </rating>
  <reviews>
   723894
  </reviews>
  <new>
   -
  </new>
  <sporty>
   no
  </sporty>
 </clothing>
 <clothing>
  <id>
   646374488
  </id>
  <name>
   Ellesse Umbrellas N-1653
  </name>
  <category>
   Umbrellas
  </category>
  <size>
   XXL
  </size>
  <color>
   Желтый
  </color>
  <material>
   Шелк
  </material>
  <price>
   848006
  </price>
  <rating>
   1.2
  </rating>
  <reviews>
   67647
  </reviews>
  <new>
   +
  </new>
 </clothing>
 <clothing>
  <id>
   564214850
  </id>
  <name>
   Ellesse Jacket K-9563
  </name>
  <category>
   Jacket
  </category>
  <size>
   M
  </size>
  <color>
   Зеленый
  </color>
  <material>
   Шерсть
  </material>
  <price>
   308570
  </price>
  <rating>
   4.87
  </rating>
  <reviews>
   256254
  </reviews>
  <exclusive>
   no
  </exclusive>
  <sporty>
   yes
  </sporty>
 </clothing>
 <clothing>
  <id>
   477020077
  </id>
  <name>
   Adidas Belts M-5227
  </name>
  <category>
   Belts
  </category>
  <size>
   M
  </size>
  <color>
   Красный
  </color>
  <material>
   Шерсть
  </material>
  <price>
   334255
  </price>
  <rating>
   4.97
  </rating>
  <reviews>
   561718
  </reviews>
  <exclusive>
   no
  </exclusive>
  <sporty>
   no
  </sporty>
 </clothing>
 <clothing>
  <id>
   201107100
  </id>
  <name>
   Lacoste Socks D-4030
  </name>
  <category>
   Socks
  </category>
  <size>
   M
  </size>
  <color>
   Оранжевый
  </color>
  <material>
   Кожа
  </material>
  <price>
   207854
  </price>
  <rating>
   1.97
  </rating>
  <reviews>
   350908
  </reviews>
  <exclusive>
   yes
  </exclusive>
  <sporty>
   yes
  </sporty>
 </clothing>
 <clothing>
  <id>
   657812702
  </id>
  <name>
   Lacoste Gloves F-6926
  </name>
  <category>
   Gloves
  </category>
  <size>
   XXL
  </size>
  <color>
   Голубой
  </color>
  <material>
   Шерсть
  </material>
  <price>
   985930
  </price>
  <rating>
   2.23
  </rating>
  <reviews>
   120140
  </reviews>
  <new>
   -
  </new>
  <sporty>
   no
  </sporty>
 </clothing>
 <clothing>
  <id>
   605794717
  </id>
  <name>
   Brooks Skirt T-9931
  </name>
  <category>
   Skirt
  </category>
  <size>
   M
  </size>
  <color>
   Синий
  </color>
  <material>
   Полиэстер
  </material>
  <price>
   655346
  </price>
  <rating>
   1.6
  </rating>
  <reviews>
   590390
  </reviews>
  <exclusive>
   no
  </exclusive>
 </clothing>
 <clothing>
  <id>
   519845581
  </id>
  <name>
   Puma Socks P-4706
  </name>
  <category>
   Socks
  </category>
  <size>
   XL
  </size>
  <color>
   Фиолетовый
  </color>
  <material>
   Лен
  </material>
  <price>
   977015
  </price>
  <rating>
   1.38
  </rating>
  <reviews>
   694041
  </reviews>
  <new>
   -
  </new>
  <sporty>
   no
  </sporty>
 </clothing>
 <clothing>
  <id>
   899292470
  </id>
  <name>
   Lacoste Sweater C-5874
  </name>
  <category>
   Sweater
  </category>
  <size>
   S
  </size>
  <color>
   Синий
  </color>
  <material>
   Лен
  </material>
  <price>
   446200
  </price>
  <rating>
   4.83
  </rating>
  <reviews>
   147661
  </reviews>
  <new>
   -
  </new>
  <sporty>
   no
  </sporty>
 </clothing>
 <clothing>
  <id>
   816239172
  </id>
  <name>
   Converse Belts M-5002
  </name>
  <category>
   Belts
  </category>
  <size>
   M
  </size>
  <color>
   Фиолетовый
  </color>
  <material>
   Кожа
  </material>
  <price>
   881359
  </price>
  <rating>
   1.96
  </rating>
  <reviews>
   888496
  </reviews>
  <new>
   +
  </new>
  <exclusive>
   yes
  </exclusive>
  <sporty>
   no
  </sporty>
 </clothing>
 <clothing>
  <id>
   905131358
  </id>
  <name>
   Fila Jacket V-8987
  </name>
  <category>
   Jacket
  </category>
  <size>
   S
  </size>
  <color>
   Желтый
  </color>
  <material>
   Вискоза
  </material>
  <price>
   629928
  </price>
  <rating>
   4.13
  </rating>
  <reviews>
   167059
  </reviews>
  <exclusive>
   yes
  </exclusive>
 </clothing>
 <clothing>
  <id>
   359224187
  </id>
  <name>
   Adidas Gloves O-8094
  </name>
  <category>
   Gloves
  </category>
  <size>
   M
  </size>
  <color>
   Оранжевый
  </color>
  <material>
   Шерсть
  </material>
  <price>
   182935
  </price>
  <rating>
   3.53
  </rating>
  <reviews>
   905299
  </reviews>
  <new>
   +
  </new>
 </clothing>
 <clothing>
  <id>
   293249355
  </id>
  <name>
   Asics Belts J-5094
  </name>
  <category>
   Belts
  </category>
  <size>
   L
  </size>
  <color>
   Красный
  </color>
  <material>
   Вискоза
  </material>
  <price>
   646930
  </price>
  <rating>
   1.6
  </rating>
  <reviews>
   41269
  </reviews>
  <new>
   -
  </new>
  <sporty>
   yes
  </sporty>
 </clothing>
 <clothing>
  <id>
   203063944
  </id>
  <name>
   DC Jacket Z-3895
  </name>
  <category>
   Jacket
  </category>
  <size>
   XXL
  </size>
  <color>
   Оранжевый
  </color>
  <material>
   Полиэстер
  </material>
  <price>
   647498
  </price>
  <rating>
   3.83
  </rating>
  <reviews>
   732028
  </reviews>
  <new>
   +
  </new>
  <exclusive>
   yes
  </exclusive>
 </clothing>
</clothing-items>
