<?xml version="1.0" encoding="utf-8"?>
<clothing-items>
 <clothing>
  <id>
   208780076
  </id>
  <name>
   Brooks T-shirt T-1982
  </name>
  <category>
   T-shirt
  </category>
  <size>
   M
  </size>
  <color>
   Фиолетовый
  </color>
  <material>
   Полиэстер
  </material>
  <price>
   568264
  </price>
  <rating>
   3.94
  </rating>
  <reviews>
   617368
  </reviews>
  <new>
   -
  </new>
  <sporty>
   no
  </sporty>
 </clothing>
 <clothing>
  <id>
   663391655
  </id>
  <name>
   Vans Dress E-1896
  </name>
  <category>
   Dress
  </category>
  <size>
   XL
  </size>
  <color>
   Голубой
  </color>
  <material>
   Нейлон
  </material>
  <price>
   212189
  </price>
  <rating>
   2.82
  </rating>
  <reviews>
   406153
  </reviews>
  <new>
   -
  </new>
  <exclusive>
   yes
  </exclusive>
 </clothing>
 <clothing>
  <id>
   679678292
  </id>
  <name>
   Nike Pants Z-4367
  </name>
  <category>
   Pants
  </category>
  <size>
   L
  </size>
  <color>
   Желтый
  </color>
  <material>
   Полиэстер
  </material>
  <price>
   540014
  </price>
  <rating>
   2.67
  </rating>
  <reviews>
   775086
  </reviews>
 </clothing>
 <clothing>
  <id>
   678656128
  </id>
  <name>
   Addidas Socks T-7588
  </name>
  <category>
   Socks
  </category>
  <size>
   L
  </size>
  <color>
   Оранжевый
  </color>
  <material>
   Нейлон
  </material>
  <price>
   495988
  </price>
  <rating>
   3.57
  </rating>
  <reviews>
   978386
  </reviews>
  <exclusive>
   yes
  </exclusive>
  <sporty>
   yes
  </sporty>
 </clothing>
 <clothing>
  <id>
   957412046
  </id>
  <name>
   Nike Shoes Q-6283
  </name>
  <category>
   Shoes
  </category>
  <size>
   S
  </size>
  <color>
   Фиолетовый
  </color>
  <material>
   Лен
  </material>
  <price>
   913097
  </price>
  <rating>
   4.64
  </rating>
  <reviews>
   746026
  </reviews>
  <sporty>
   yes
  </sporty>
 </clothing>
 <clothing>
  <id>
   504631102
  </id>
  <name>
   Addidas Blouse Q-4384
  </name>
  <category>
   Blouse
  </category>
  <size>
   S
  </size>
  <color>
   Зеленый
  </color>
  <material>
   Нейлон
  </material>
  <price>
   326580
  </price>
  <rating>
   3.43
  </rating>
  <reviews>
   321367
  </reviews>
  <new>
   -
  </new>
  <sporty>
   no
  </sporty>
 </clothing>
 <clothing>
  <id>
   764009344
  </id>
  <name>
   Asics Jeans F-3497
  </name>
  <category>
   Jeans
  </category>
  <size>
   M
  </size>
  <color>
   Фиолетовый
  </color>
  <material>
   Кожа
  </material>
  <price>
   458803
  </price>
  <rating>
   1.87
  </rating>
  <reviews>
   339499
  </reviews>
  <new>
   -
  </new>
  <exclusive>
   yes
  </exclusive>
  <sporty>
   yes
  </sporty>
 </clothing>
 <clothing>
  <id>
   953213119
  </id>
  <name>
   Addidas Gloves B-1424
  </name>
  <category>
   Gloves
  </category>
  <size>
   S
  </size>
  <color>
   Голубой
  </color>
  <material>
   Лен
  </material>
  <price>
   257797
  </price>
  <rating>
   2.2
  </rating>
  <reviews>
   435420
  </reviews>
 </clothing>
 <clothing>
  <id>
   851206990
  </id>
  <name>
   New Balance Gloves T-9282
  </name>
  <category>
   Gloves
  </category>
  <size>
   XL
  </size>
  <color>
   Синий
  </color>
  <material>
   Кожа
  </material>
  <price>
   665152
  </price>
  <rating>
   3.38
  </rating>
  <reviews>
   329011
  </reviews>
  <exclusive>
   no
  </exclusive>
 </clothing>
 <clothing>
  <id>
   164150534
  </id>
  <name>
   New Balance Gloves U-5315
  </name>
  <category>
   Gloves
  </category>
  <size>
   XL
  </size>
  <color>
   Синий
  </color>
  <material>
   Нейлон
  </material>
  <price>
   106047
  </price>
  <rating>
   3.97
  </rating>
  <reviews>
   778015
  </reviews>
  <new>
   -
  </new>
 </clothing>
 <clothing>
  <id>
   699524498
  </id>
  <name>
   Addidas Jacket D-8693
  </name>
  <category>
   Jacket
  </category>
  <size>
   M
  </size>
  <color>
   Желтый
  </color>
  <material>
   Хлопок
  </material>
  <price>
   652442
  </price>
  <rating>
   4.14
  </rating>
  <reviews>
   374223
  </reviews>
  <new>
   +
  </new>
  <sporty>
   no
  </sporty>
 </clothing>
 <clothing>
  <id>
   636299402
  </id>
  <name>
   Asics Belts N-8683
  </name>
  <category>
   Belts
  </category>
  <size>
   XXL
  </size>
  <color>
   Фиолетовый
  </color>
  <material>
   Полиэстер
  </material>
  <price>
   468010
  </price>
  <rating>
   1.65
  </rating>
  <reviews>
   356471
  </reviews>
  <new>
   -
  </new>
  <exclusive>
   yes
  </exclusive>
 </clothing>
 <clothing>
  <id>
   422110894
  </id>
  <name>
   DC Jacket C-3668
  </name>
  <category>
   Jacket
  </category>
  <size>
   M
  </size>
  <color>
   Красный
  </color>
  <material>
   Вискоза
  </material>
  <price>
   802249
  </price>
  <rating>
   3.56
  </rating>
  <reviews>
   350080
  </reviews>
  <sporty>
   no
  </sporty>
 </clothing>
 <clothing>
  <id>
   457258227
  </id>
  <name>
   Converse T-shirt A-5489
  </name>
  <category>
   T-shirt
  </category>
  <size>
   M
  </size>
  <color>
   Оранжевый
  </color>
  <material>
   Шелк
  </material>
  <price>
   178157
  </price>
  <rating>
   4.75
  </rating>
  <reviews>
   573743
  </reviews>
  <new>
   -
  </new>
  <exclusive>
   no
  </exclusive>
 </clothing>
 <clothing>
  <id>
   236035562
  </id>
  <name>
   Fila Handbags C-8416
  </name>
  <category>
   Handbags
  </category>
  <size>
   M
  </size>
  <color>
   Оранжевый
  </color>
  <material>
   Нейлон
  </material>
  <price>
   170735
  </price>
  <rating>
   3.87
  </rating>
  <reviews>
   415939
  </reviews>
  <new>
   -
  </new>
  <exclusive>
   yes
  </exclusive>
 </clothing>
 <clothing>
  <id>
   526850664
  </id>
  <name>
   Addidas Pants W-9856
  </name>
  <category>
   Pants
  </category>
  <size>
   S
  </size>
  <color>
   Зеленый
  </color>
  <material>
   Лен
  </material>
  <price>
   857948
  </price>
  <rating>
   1.27
  </rating>
  <reviews>
   385039
  </reviews>
  <new>
   -
  </new>
  <sporty>
   yes
  </sporty>
 </clothing>
 <clothing>
  <id>
   611445326
  </id>
  <name>
   New Balance Hat N-1161
  </name>
  <category>
   Hat
  </category>
  <size>
   XL
  </size>
  <color>
   Оранжевый
  </color>
  <material>
   Полиэстер
  </material>
  <price>
   275684
  </price>
  <rating>
   3.3
  </rating>
  <reviews>
   649442
  </reviews>
  <new>
   -
  </new>
  <exclusive>
   no
  </exclusive>
  <sporty>
   yes
  </sporty>
 </clothing>
 <clothing>
  <id>
   792218728
  </id>
  <name>
   Under Armour Dress Y-4975
  </name>
  <category>
   Dress
  </category>
  <size>
   XXL
  </size>
  <color>
   Голубой
  </color>
  <material>
   Шелк
  </material>
  <price>
   257917
  </price>
  <rating>
   1.64
  </rating>
  <reviews>
   217504
  </reviews>
  <exclusive>
   yes
  </exclusive>
 </clothing>
 <clothing>
  <id>
   692178592
  </id>
  <name>
   Asics Blouse C-5260
  </name>
  <category>
   Blouse
  </category>
  <size>
   M
  </size>
  <color>
   Красный
  </color>
  <material>
   Полиэстер
  </material>
  <price>
   864284
  </price>
  <rating>
   1.52
  </rating>
  <reviews>
   857612
  </reviews>
  <new>
   -
  </new>
  <sporty>
   no
  </sporty>
 </clothing>
 <clothing>
  <id>
   646747921
  </id>
  <name>
   Under Armour Sweater K-9791
  </name>
  <category>
   Sweater
  </category>
  <size>
   XL
  </size>
  <color>
   Красный
  </color>
  <material>
   Хлопок
  </material>
  <price>
   744254
  </price>
  <rating>
   1.62
  </rating>
  <reviews>
   969859
  </reviews>
 </clothing>
 <clothing>
  <id>
   421869726
  </id>
  <name>
   Addidas Umbrellas K-9361
  </name>
  <category>
   Umbrellas
  </category>
  <size>
   XXL
  </size>
  <color>
   Красный
  </color>
  <material>
   Нейлон
  </material>
  <price>
   222786
  </price>
  <rating>
   3.51
  </rating>
  <reviews>
   220851
  </reviews>
  <new>
   +
  </new>
  <exclusive>
   no
  </exclusive>
  <sporty>
   no
  </sporty>
 </clothing>
 <clothing>
  <id>
   748418640
  </id>
  <name>
   DC Shoes M-9484
  </name>
  <category>
   Shoes
  </category>
  <size>
   L
  </size>
  <color>
   Желтый
  </color>
  <material>
   Вискоза
  </material>
  <price>
   288841
  </price>
  <rating>
   4.15
  </rating>
  <reviews>
   265357
  </reviews>
  <exclusive>
   no
  </exclusive>
  <sporty>
   no
  </sporty>
 </clothing>
 <clothing>
  <id>
   881726568
  </id>
  <name>
   Fila Jacket Q-7559
  </name>
  <category>
   Jacket
  </category>
  <size>
   S
  </size>
  <color>
   Зеленый
  </color>
  <material>
   Лен
  </material>
  <price>
   778844
  </price>
  <rating>
   1.53
  </rating>
  <reviews>
   287621
  </reviews>
  <new>
   +
  </new>
 </clothing>
 <clothing>
  <id>
   597571347
  </id>
  <name>
   Lacoste Belts A-2726
  </name>
  <category>
   Belts
  </category>
  <size>
   S
  </size>
  <color>
   Зеленый
  </color>
  <material>
   Нейлон
  </material>
  <price>
   811984
  </price>
  <rating>
   3.13
  </rating>
  <reviews>
   571877
  </reviews>
  <sporty>
   yes
  </sporty>
 </clothing>
 <clothing>
  <id>
   659109920
  </id>
  <name>
   Reebok Handbags W-7369
  </name>
  <category>
   Handbags
  </category>
  <size>
   L
  </size>
  <color>
   Желтый
  </color>
  <material>
   Лен
  </material>
  <price>
   963468
  </price>
  <rating>
   2.99
  </rating>
  <reviews>
   364392
  </reviews>
  <new>
   +
  </new>
  <exclusive>
   no
  </exclusive>
  <sporty>
   no
  </sporty>
 </clothing>
 <clothing>
  <id>
   353911153
  </id>
  <name>
   Converse Dress P-4633
  </name>
  <category>
   Dress
  </category>
  <size>
   XXL
  </size>
  <color>
   Красный
  </color>
  <material>
   Шерсть
  </material>
  <price>
   229466
  </price>
  <rating>
   2.51
  </rating>
  <reviews>
   591868
  </reviews>
  <new>
   -
  </new>
  <exclusive>
   no
  </exclusive>
 </clothing>
 <clothing>
  <id>
   160460685
  </id>
  <name>
   Under Armour Skirt E-2608
  </name>
  <category>
   Skirt
  </category>
  <size>
   S
  </size>
  <color>
   Синий
  </color>
  <material>
   Вискоза
  </material>
  <price>
   865329
  </price>
  <rating>
   2.58
  </rating>
  <reviews>
   236527
  </reviews>
  <exclusive>
   yes
  </exclusive>
 </clothing>
 <clothing>
  <id>
   702729525
  </id>
  <name>
   Lacoste Umbrellas N-2271
  </name>
  <category>
   Umbrellas
  </category>
  <size>
   S
  </size>
  <color>
   Голубой
  </color>
  <material>
   Вискоза
  </material>
  <price>
   989252
  </price>
  <rating>
   3.58
  </rating>
  <reviews>
   269292
  </reviews>
  <new>
   +
  </new>
 </clothing>
 <clothing>
  <id>
   464881048
  </id>
  <name>
   Vans Skirt Q-6199
  </name>
  <category>
   Skirt
  </category>
  <size>
   XL
  </size>
  <color>
   Желтый
  </color>
  <material>
   Вискоза
  </material>
  <price>
   739670
  </price>
  <rating>
   1.9
  </rating>
  <reviews>
   673187
  </reviews>
  <exclusive>
   yes
  </exclusive>
 </clothing>
 <clothing>
  <id>
   633909948
  </id>
  <name>
   Ellesse Sweater Z-1365
  </name>
  <category>
   Sweater
  </category>
  <size>
   XL
  </size>
  <color>
   Желтый
  </color>
  <material>
   Лен
  </material>
  <price>
   137989
  </price>
  <rating>
   3.91
  </rating>
  <reviews>
   848993
  </reviews>
  <sporty>
   no
  </sporty>
 </clothing>
 <clothing>
  <id>
   160203221
  </id>
  <name>
   Under Armour Belts O-8654
  </name>
  <category>
   Belts
  </category>
  <size>
   XL
  </size>
  <color>
   Желтый
  </color>
  <material>
   Полиэстер
  </material>
  <price>
   364681
  </price>
  <rating>
   2.84
  </rating>
  <reviews>
   635073
  </reviews>
  <new>
   +
  </new>
  <sporty>
   yes
  </sporty>
 </clothing>
 <clothing>
  <id>
   810444041
  </id>
  <name>
   Vans Sweater L-7559
  </name>
  <category>
   Sweater
  </category>
  <size>
   S
  </size>
  <color>
   Голубой
  </color>
  <material>
   Шерсть
  </material>
  <price>
   655555
  </price>
  <rating>
   1.33
  </rating>
  <reviews>
   922663
  </reviews>
  <new>
   +
  </new>
  <exclusive>
   no
  </exclusive>
  <sporty>
   yes
  </sporty>
 </clothing>
 <clothing>
  <id>
   816755508
  </id>
  <name>
   Lacoste Sweater A-6035
  </name>
  <category>
   Sweater
  </category>
  <size>
   S
  </size>
  <color>
   Красный
  </color>
  <material>
   Вискоза
  </material>
  <price>
   398850
  </price>
  <rating>
   2.68
  </rating>
  <reviews>
   588788
  </reviews>
  <new>
   -
  </new>
  <exclusive>
   yes
  </exclusive>
  <sporty>
   no
  </sporty>
 </clothing>
 <clothing>
  <id>
   561747441
  </id>
  <name>
   DC Gloves F-3084
  </name>
  <category>
   Gloves
  </category>
  <size>
   S
  </size>
  <color>
   Оранжевый
  </color>
  <material>
   Лен
  </material>
  <price>
   968289
  </price>
  <rating>
   1.75
  </rating>
  <reviews>
   504020
  </reviews>
  <new>
   -
  </new>
  <exclusive>
   yes
  </exclusive>
 </clothing>
 <clothing>
  <id>
   736765885
  </id>
  <name>
   Adidas Blouse Y-3459
  </name>
  <category>
   Blouse
  </category>
  <size>
   L
  </size>
  <color>
   Зеленый
  </color>
  <material>
   Шерсть
  </material>
  <price>
   172300
  </price>
  <rating>
   3.53
  </rating>
  <reviews>
   574790
  </reviews>
  <exclusive>
   yes
  </exclusive>
 </clothing>
 <clothing>
  <id>
   983535910
  </id>
  <name>
   Ellesse Sweater J-4203
  </name>
  <category>
   Sweater
  </category>
  <size>
   S
  </size>
  <color>
   Желтый
  </color>
  <material>
   Шелк
  </material>
  <price>
   716816
  </price>
  <rating>
   1.51
  </rating>
  <reviews>
   540218
  </reviews>
  <exclusive>
   no
  </exclusive>
 </clothing>
 <clothing>
  <id>
   828062531
  </id>
  <name>
   Nike Belts D-5971
  </name>
  <category>
   Belts
  </category>
  <size>
   XXL
  </size>
  <color>
   Оранжевый
  </color>
  <material>
   Лен
  </material>
  <price>
   122016
  </price>
  <rating>
   3.53
  </rating>
  <reviews>
   383693
  </reviews>
  <exclusive>
   yes
  </exclusive>
 </clothing>
 <clothing>
  <id>
   545834234
  </id>
  <name>
   Converse Hat R-4653
  </name>
  <category>
   Hat
  </category>
  <size>
   L
  </size>
  <color>
   Оранжевый
  </color>
  <material>
   Полиэстер
  </material>
  <price>
   605996
  </price>
  <rating>
   4.07
  </rating>
  <reviews>
   11738
  </reviews>
  <new>
   -
  </new>
  <exclusive>
   yes
  </exclusive>
 </clothing>
 <clothing>
  <id>
   589718712
  </id>
  <name>
   New Balance Shoes Q-6571
  </name>
  <category>
   Shoes
  </category>
  <size>
   M
  </size>
  <color>
   Фиолетовый
  </color>
  <material>
   Шелк
  </material>
  <price>
   220481
  </price>
  <rating>
   2.63
  </rating>
  <reviews>
   466928
  </reviews>
  <new>
   -
  </new>
  <exclusive>
   yes
  </exclusive>
  <sporty>
   yes
  </sporty>
 </clothing>
 <clothing>
  <id>
   251423585
  </id>
  <name>
   PleinSport Umbrellas Z-9045
  </name>
  <category>
   Umbrellas
  </category>
  <size>
   XL
  </size>
  <color>
   Голубой
  </color>
  <material>
   Хлопок
  </material>
  <price>
   453812
  </price>
  <rating>
   1.66
  </rating>
  <reviews>
   382757
  </reviews>
 </clothing>
 <clothing>
  <id>
   218837270
  </id>
  <name>
   Asics T-shirt R-5571
  </name>
  <category>
   T-shirt
  </category>
  <size>
   M
  </size>
  <color>
   Зеленый
  </color>
  <material>
   Полиэстер
  </material>
  <price>
   344775
  </price>
  <rating>
   3.67
  </rating>
  <reviews>
   417810
  </reviews>
  <exclusive>
   yes
  </exclusive>
  <sporty>
   no
  </sporty>
 </clothing>
 <clothing>
  <id>
   267084319
  </id>
  <name>
   Puma Blouse O-4792
  </name>
  <category>
   Blouse
  </category>
  <size>
   M
  </size>
  <color>
   Синий
  </color>
  <material>
   Кожа
  </material>
  <price>
   214802
  </price>
  <rating>
   2.4
  </rating>
  <reviews>
   4675
  </reviews>
  <new>
   +
  </new>
  <exclusive>
   no
  </exclusive>
 </clothing>
 <clothing>
  <id>
   826069362
  </id>
  <name>
   Ellesse Belts L-2707
  </name>
  <category>
   Belts
  </category>
  <size>
   L
  </size>
  <color>
   Желтый
  </color>
  <material>
   Шелк
  </material>
  <price>
   375242
  </price>
  <rating>
   1.46
  </rating>
  <reviews>
   30619
  </reviews>
  <new>
   +
  </new>
  <exclusive>
   yes
  </exclusive>
 </clothing>
 <clothing>
  <id>
   763182501
  </id>
  <name>
   Addidas Shoes J-7144
  </name>
  <category>
   Shoes
  </category>
  <size>
   XXL
  </size>
  <color>
   Фиолетовый
  </color>
  <material>
   Лен
  </material>
  <price>
   647641
  </price>
  <rating>
   1.11
  </rating>
  <reviews>
   448151
  </reviews>
  <new>
   -
  </new>
  <exclusive>
   yes
  </exclusive>
  <sporty>
   yes
  </sporty>
 </clothing>
 <clothing>
  <id>
   639407528
  </id>
  <name>
   Nike Jeans U-8621
  </name>
  <category>
   Jeans
  </category>
  <size>
   L
  </size>
  <color>
   Желтый
  </color>
  <material>
   Лен
  </material>
  <price>
   328392
  </price>
  <rating>
   1.14
  </rating>
  <reviews>
   347376
  </reviews>
  <new>
   -
  </new>
  <exclusive>
   no
  </exclusive>
 </clothing>
 <clothing>
  <id>
   888904056
  </id>
  <name>
   Nike Sweater L-4133
  </name>
  <category>
   Sweater
  </category>
  <size>
   XXL
  </size>
  <color>
   Желтый
  </color>
  <material>
   Лен
  </material>
  <price>
   435112
  </price>
  <rating>
   3.02
  </rating>
  <reviews>
   438621
  </reviews>
  <new>
   +
  </new>
 </clothing>
 <clothing>
  <id>
   749542795
  </id>
  <name>
   Ellesse Shoes I-8784
  </name>
  <category>
   Shoes
  </category>
  <size>
   XL
  </size>
  <color>
   Желтый
  </color>
  <material>
   Полиэстер
  </material>
  <price>
   896155
  </price>
  <rating>
   4.84
  </rating>
  <reviews>
   803307
  </reviews>
  <new>
   +
  </new>
  <exclusive>
   no
  </exclusive>
 </clothing>
 <clothing>
  <id>
   922691175
  </id>
  <name>
   Converse Skirt V-6479
  </name>
  <category>
   Skirt
  </category>
  <size>
   XXL
  </size>
  <color>
   Оранжевый
  </color>
  <material>
   Лен
  </material>
  <price>
   581496
  </price>
  <rating>
   2.34
  </rating>
  <reviews>
   77876
  </reviews>
  <new>
   +
  </new>
 </clothing>
 <clothing>
  <id>
   901350991
  </id>
  <name>
   Vans T-shirt P-4967
  </name>
  <category>
   T-shirt
  </category>
  <size>
   S
  </size>
  <color>
   Желтый
  </color>
  <material>
   Шерсть
  </material>
  <price>
   118907
  </price>
  <rating>
   2.29
  </rating>
  <reviews>
   242855
  </reviews>
  <sporty>
   no
  </sporty>
 </clothing>
 <clothing>
  <id>
   828297304
  </id>
  <name>
   Ellesse Gloves T-8752
  </name>
  <category>
   Gloves
  </category>
  <size>
   XXL
  </size>
  <color>
   Оранжевый
  </color>
  <material>
   Шерсть
  </material>
  <price>
   153141
  </price>
  <rating>
   2.95
  </rating>
  <reviews>
   961534
  </reviews>
  <new>
   +
  </new>
  <sporty>
   yes
  </sporty>
 </clothing>
</clothing-items>
