<?xml version="1.0" encoding="utf-8"?>
<clothing-items>
 <clothing>
  <id>
   416578655
  </id>
  <name>
   Brooks Jacket Q-6809
  </name>
  <category>
   Jacket
  </category>
  <size>
   M
  </size>
  <color>
   Зеленый
  </color>
  <material>
   Нейлон
  </material>
  <price>
   835584
  </price>
  <rating>
   4.32
  </rating>
  <reviews>
   95316
  </reviews>
  <exclusive>
   no
  </exclusive>
 </clothing>
 <clothing>
  <id>
   403135583
  </id>
  <name>
   Under Armour Shirt Z-3758
  </name>
  <category>
   Shirt
  </category>
  <size>
   XXL
  </size>
  <color>
   Зеленый
  </color>
  <material>
   Полиэстер
  </material>
  <price>
   238767
  </price>
  <rating>
   1.65
  </rating>
  <reviews>
   862322
  </reviews>
  <new>
   -
  </new>
  <exclusive>
   yes
  </exclusive>
 </clothing>
 <clothing>
  <id>
   756237130
  </id>
  <name>
   Addidas Sweater L-3243
  </name>
  <category>
   Sweater
  </category>
  <size>
   XL
  </size>
  <color>
   Голубой
  </color>
  <material>
   Вискоза
  </material>
  <price>
   552934
  </price>
  <rating>
   2.79
  </rating>
  <reviews>
   14930
  </reviews>
  <new>
   -
  </new>
  <sporty>
   no
  </sporty>
 </clothing>
 <clothing>
  <id>
   892013797
  </id>
  <name>
   DC Belts V-7115
  </name>
  <category>
   Belts
  </category>
  <size>
   S
  </size>
  <color>
   Красный
  </color>
  <material>
   Вискоза
  </material>
  <price>
   692103
  </price>
  <rating>
   3.63
  </rating>
  <reviews>
   470212
  </reviews>
  <new>
   -
  </new>
  <sporty>
   no
  </sporty>
 </clothing>
 <clothing>
  <id>
   341220327
  </id>
  <name>
   Nike Dress N-6294
  </name>
  <category>
   Dress
  </category>
  <size>
   S
  </size>
  <color>
   Зеленый
  </color>
  <material>
   Вискоза
  </material>
  <price>
   854381
  </price>
  <rating>
   3.86
  </rating>
  <reviews>
   674154
  </reviews>
  <exclusive>
   no
  </exclusive>
  <sporty>
   no
  </sporty>
 </clothing>
 <clothing>
  <id>
   917940068
  </id>
  <name>
   Puma Pants V-5703
  </name>
  <category>
   Pants
  </category>
  <size>
   XL
  </size>
  <color>
   Голубой
  </color>
  <material>
   Вискоза
  </material>
  <price>
   105569
  </price>
  <rating>
   2.5
  </rating>
  <reviews>
   516213
  </reviews>
  <new>
   -
  </new>
  <sporty>
   no
  </sporty>
 </clothing>
 <clothing>
  <id>
   173349625
  </id>
  <name>
   PleinSport Blouse F-8635
  </name>
  <category>
   Blouse
  </category>
  <size>
   XXL
  </size>
  <color>
   Фиолетовый
  </color>
  <material>
   Шерсть
  </material>
  <price>
   902303
  </price>
  <rating>
   2.44
  </rating>
  <reviews>
   737971
  </reviews>
  <sporty>
   no
  </sporty>
 </clothing>
 <clothing>
  <id>
   924162756
  </id>
  <name>
   Brooks Gloves N-1914
  </name>
  <category>
   Gloves
  </category>
  <size>
   XXL
  </size>
  <color>
   Синий
  </color>
  <material>
   Лен
  </material>
  <price>
   167461
  </price>
  <rating>
   2.43
  </rating>
  <reviews>
   169336
  </reviews>
  <exclusive>
   no
  </exclusive>
  <sporty>
   no
  </sporty>
 </clothing>
 <clothing>
  <id>
   534546392
  </id>
  <name>
   PleinSport Shoes X-1220
  </name>
  <category>
   Shoes
  </category>
  <size>
   XXL
  </size>
  <color>
   Красный
  </color>
  <material>
   Нейлон
  </material>
  <price>
   800024
  </price>
  <rating>
   3.84
  </rating>
  <reviews>
   391667
  </reviews>
  <exclusive>
   no
  </exclusive>
  <sporty>
   yes
  </sporty>
 </clothing>
 <clothing>
  <id>
   355568908
  </id>
  <name>
   Lacoste Belts X-1851
  </name>
  <category>
   Belts
  </category>
  <size>
   L
  </size>
  <color>
   Оранжевый
  </color>
  <material>
   Шерсть
  </material>
  <price>
   685129
  </price>
  <rating>
   1.98
  </rating>
  <reviews>
   679978
  </reviews>
  <exclusive>
   no
  </exclusive>
 </clothing>
 <clothing>
  <id>
   110615662
  </id>
  <name>
   Reebok Belts A-7654
  </name>
  <category>
   Belts
  </category>
  <size>
   L
  </size>
  <color>
   Зеленый
  </color>
  <material>
   Хлопок
  </material>
  <price>
   335438
  </price>
  <rating>
   3.6
  </rating>
  <reviews>
   431759
  </reviews>
  <new>
   -
  </new>
  <exclusive>
   yes
  </exclusive>
 </clothing>
 <clothing>
  <id>
   967107472
  </id>
  <name>
   PleinSport Shoes I-6049
  </name>
  <category>
   Shoes
  </category>
  <size>
   S
  </size>
  <color>
   Красный
  </color>
  <material>
   Полиэстер
  </material>
  <price>
   842093
  </price>
  <rating>
   1.02
  </rating>
  <reviews>
   244513
  </reviews>
 </clothing>
 <clothing>
  <id>
   558068923
  </id>
  <name>
   New Balance Jacket Y-3523
  </name>
  <category>
   Jacket
  </category>
  <size>
   M
  </size>
  <color>
   Желтый
  </color>
  <material>
   Вискоза
  </material>
  <price>
   719197
  </price>
  <rating>
   4.59
  </rating>
  <reviews>
   732675
  </reviews>
  <new>
   -
  </new>
  <exclusive>
   no
  </exclusive>
  <sporty>
   no
  </sporty>
 </clothing>
 <clothing>
  <id>
   421979395
  </id>
  <name>
   Ellesse Jacket V-4749
  </name>
  <category>
   Jacket
  </category>
  <size>
   XL
  </size>
  <color>
   Красный
  </color>
  <material>
   Шелк
  </material>
  <price>
   364796
  </price>
  <rating>
   4.04
  </rating>
  <reviews>
   464253
  </reviews>
  <new>
   -
  </new>
  <exclusive>
   yes
  </exclusive>
  <sporty>
   no
  </sporty>
 </clothing>
 <clothing>
  <id>
   583158710
  </id>
  <name>
   New Balance Gloves J-7583
  </name>
  <category>
   Gloves
  </category>
  <size>
   M
  </size>
  <color>
   Красный
  </color>
  <material>
   Полиэстер
  </material>
  <price>
   394038
  </price>
  <rating>
   1.13
  </rating>
  <reviews>
   560628
  </reviews>
  <exclusive>
   no
  </exclusive>
  <sporty>
   no
  </sporty>
 </clothing>
 <clothing>
  <id>
   587967629
  </id>
  <name>
   Under Armour Handbags G-6048
  </name>
  <category>
   Handbags
  </category>
  <size>
   S
  </size>
  <color>
   Желтый
  </color>
  <material>
   Нейлон
  </material>
  <price>
   137745
  </price>
  <rating>
   3.26
  </rating>
  <reviews>
   898956
  </reviews>
  <sporty>
   no
  </sporty>
 </clothing>
</clothing-items>
