<?xml version="1.0" encoding="utf-8"?>
<clothing-items>
 <clothing>
  <id>
   859627090
  </id>
  <name>
   Addidas Handbags D-2802
  </name>
  <category>
   Handbags
  </category>
  <size>
   XXL
  </size>
  <color>
   Зеленый
  </color>
  <material>
   Кожа
  </material>
  <price>
   400608
  </price>
  <rating>
   2.94
  </rating>
  <reviews>
   965753
  </reviews>
  <exclusive>
   no
  </exclusive>
  <sporty>
   yes
  </sporty>
 </clothing>
 <clothing>
  <id>
   710124745
  </id>
  <name>
   Fila Skirt F-7928
  </name>
  <category>
   Skirt
  </category>
  <size>
   XXL
  </size>
  <color>
   Зеленый
  </color>
  <material>
   Шерсть
  </material>
  <price>
   308034
  </price>
  <rating>
   3.63
  </rating>
  <reviews>
   981786
  </reviews>
  <new>
   -
  </new>
  <sporty>
   no
  </sporty>
 </clothing>
 <clothing>
  <id>
   625579772
  </id>
  <name>
   Adidas Skirt X-1719
  </name>
  <category>
   Skirt
  </category>
  <size>
   L
  </size>
  <color>
   Красный
  </color>
  <material>
   Лен
  </material>
  <price>
   497481
  </price>
  <rating>
   1.33
  </rating>
  <reviews>
   596307
  </reviews>
  <sporty>
   no
  </sporty>
 </clothing>
 <clothing>
  <id>
   535934073
  </id>
  <name>
   Nike T-shirt B-2942
  </name>
  <category>
   T-shirt
  </category>
  <size>
   XL
  </size>
  <color>
   Синий
  </color>
  <material>
   Хлопок
  </material>
  <price>
   715161
  </price>
  <rating>
   3.76
  </rating>
  <reviews>
   210250
  </reviews>
  <exclusive>
   yes
  </exclusive>
  <sporty>
   yes
  </sporty>
 </clothing>
 <clothing>
  <id>
   287322477
  </id>
  <name>
   Adidas Shirt S-9031
  </name>
  <category>
   Shirt
  </category>
  <size>
   S
  </size>
  <color>
   Красный
  </color>
  <material>
   Кожа
  </material>
  <price>
   575278
  </price>
  <rating>
   4.04
  </rating>
  <reviews>
   495573
  </reviews>
  <new>
   -
  </new>
  <exclusive>
   yes
  </exclusive>
  <sporty>
   yes
  </sporty>
 </clothing>
 <clothing>
  <id>
   652270317
  </id>
  <name>
   Addidas Gloves A-8715
  </name>
  <category>
   Gloves
  </category>
  <size>
   XXL
  </size>
  <color>
   Оранжевый
  </color>
  <material>
   Нейлон
  </material>
  <price>
   982758
  </price>
  <rating>
   3.95
  </rating>
  <reviews>
   639708
  </reviews>
  <new>
   -
  </new>
  <sporty>
   no
  </sporty>
 </clothing>
 <clothing>
  <id>
   267979581
  </id>
  <name>
   Ellesse Shoes Q-1737
  </name>
  <category>
   Shoes
  </category>
  <size>
   XXL
  </size>
  <color>
   Желтый
  </color>
  <material>
   Шерсть
  </material>
  <price>
   607934
  </price>
  <rating>
   4.99
  </rating>
  <reviews>
   290811
  </reviews>
  <new>
   +
  </new>
  <exclusive>
   no
  </exclusive>
  <sporty>
   no
  </sporty>
 </clothing>
 <clothing>
  <id>
   538504119
  </id>
  <name>
   PleinSport Belts S-5303
  </name>
  <category>
   Belts
  </category>
  <size>
   L
  </size>
  <color>
   Фиолетовый
  </color>
  <material>
   Полиэстер
  </material>
  <price>
   892999
  </price>
  <rating>
   2.68
  </rating>
  <reviews>
   566161
  </reviews>
  <exclusive>
   yes
  </exclusive>
  <sporty>
   no
  </sporty>
 </clothing>
 <clothing>
  <id>
   165006728
  </id>
  <name>
   Converse Shoes N-4270
  </name>
  <category>
   Shoes
  </category>
  <size>
   XL
  </size>
  <color>
   Голубой
  </color>
  <material>
   Шелк
  </material>
  <price>
   812883
  </price>
  <rating>
   2.18
  </rating>
  <reviews>
   970419
  </reviews>
  <new>
   -
  </new>
  <exclusive>
   yes
  </exclusive>
  <sporty>
   no
  </sporty>
 </clothing>
 <clothing>
  <id>
   843408667
  </id>
  <name>
   Addidas Gloves F-1732
  </name>
  <category>
   Gloves
  </category>
  <size>
   XXL
  </size>
  <color>
   Синий
  </color>
  <material>
   Кожа
  </material>
  <price>
   538255
  </price>
  <rating>
   4.7
  </rating>
  <reviews>
   67161
  </reviews>
  <new>
   +
  </new>
  <sporty>
   yes
  </sporty>
 </clothing>
 <clothing>
  <id>
   364225993
  </id>
  <name>
   Reebok Dress M-9627
  </name>
  <category>
   Dress
  </category>
  <size>
   XXL
  </size>
  <color>
   Желтый
  </color>
  <material>
   Шерсть
  </material>
  <price>
   908412
  </price>
  <rating>
   4.21
  </rating>
  <reviews>
   866261
  </reviews>
  <new>
   +
  </new>
  <sporty>
   yes
  </sporty>
 </clothing>
 <clothing>
  <id>
   578317519
  </id>
  <name>
   Brooks Blouse V-1524
  </name>
  <category>
   Blouse
  </category>
  <size>
   XXL
  </size>
  <color>
   Желтый
  </color>
  <material>
   Лен
  </material>
  <price>
   740832
  </price>
  <rating>
   1.37
  </rating>
  <reviews>
   932177
  </reviews>
  <new>
   -
  </new>
  <exclusive>
   yes
  </exclusive>
  <sporty>
   yes
  </sporty>
 </clothing>
 <clothing>
  <id>
   927019473
  </id>
  <name>
   Lacoste Hat O-7174
  </name>
  <category>
   Hat
  </category>
  <size>
   XXL
  </size>
  <color>
   Оранжевый
  </color>
  <material>
   Вискоза
  </material>
  <price>
   667389
  </price>
  <rating>
   2.45
  </rating>
  <reviews>
   831067
  </reviews>
  <new>
   -
  </new>
  <exclusive>
   no
  </exclusive>
  <sporty>
   yes
  </sporty>
 </clothing>
 <clothing>
  <id>
   635320959
  </id>
  <name>
   Under Armour Gloves V-5758
  </name>
  <category>
   Gloves
  </category>
  <size>
   XL
  </size>
  <color>
   Желтый
  </color>
  <material>
   Хлопок
  </material>
  <price>
   127358
  </price>
  <rating>
   1.7
  </rating>
  <reviews>
   51923
  </reviews>
  <new>
   +
  </new>
  <exclusive>
   yes
  </exclusive>
  <sporty>
   no
  </sporty>
 </clothing>
 <clothing>
  <id>
   220146539
  </id>
  <name>
   Puma Skirt X-3898
  </name>
  <category>
   Skirt
  </category>
  <size>
   M
  </size>
  <color>
   Красный
  </color>
  <material>
   Лен
  </material>
  <price>
   888301
  </price>
  <rating>
   4.31
  </rating>
  <reviews>
   308932
  </reviews>
 </clothing>
 <clothing>
  <id>
   722745679
  </id>
  <name>
   Puma Jeans N-8813
  </name>
  <category>
   Jeans
  </category>
  <size>
   L
  </size>
  <color>
   Фиолетовый
  </color>
  <material>
   Лен
  </material>
  <price>
   629501
  </price>
  <rating>
   2.58
  </rating>
  <reviews>
   697851
  </reviews>
  <new>
   -
  </new>
  <exclusive>
   no
  </exclusive>
  <sporty>
   no
  </sporty>
 </clothing>
 <clothing>
  <id>
   190852484
  </id>
  <name>
   Brooks Socks X-7191
  </name>
  <category>
   Socks
  </category>
  <size>
   S
  </size>
  <color>
   Желтый
  </color>
  <material>
   Хлопок
  </material>
  <price>
   311426
  </price>
  <rating>
   2.58
  </rating>
  <reviews>
   65357
  </reviews>
  <exclusive>
   no
  </exclusive>
  <sporty>
   yes
  </sporty>
 </clothing>
 <clothing>
  <id>
   349501963
  </id>
  <name>
   Addidas T-shirt D-6776
  </name>
  <category>
   T-shirt
  </category>
  <size>
   XXL
  </size>
  <color>
   Красный
  </color>
  <material>
   Шелк
  </material>
  <price>
   988164
  </price>
  <rating>
   3.82
  </rating>
  <reviews>
   135044
  </reviews>
  <new>
   -
  </new>
  <exclusive>
   yes
  </exclusive>
  <sporty>
   no
  </sporty>
 </clothing>
 <clothing>
  <id>
   584254072
  </id>
  <name>
   Under Armour T-shirt B-8594
  </name>
  <category>
   T-shirt
  </category>
  <size>
   XXL
  </size>
  <color>
   Зеленый
  </color>
  <material>
   Хлопок
  </material>
  <price>
   777592
  </price>
  <rating>
   4.57
  </rating>
  <reviews>
   28201
  </reviews>
 </clothing>
 <clothing>
  <id>
   743063905
  </id>
  <name>
   Fila Belts A-8593
  </name>
  <category>
   Belts
  </category>
  <size>
   XXL
  </size>
  <color>
   Оранжевый
  </color>
  <material>
   Полиэстер
  </material>
  <price>
   894682
  </price>
  <rating>
   1.71
  </rating>
  <reviews>
   110230
  </reviews>
  <new>
   +
  </new>
  <exclusive>
   no
  </exclusive>
  <sporty>
   yes
  </sporty>
 </clothing>
 <clothing>
  <id>
   928451793
  </id>
  <name>
   Addidas Dress O-2353
  </name>
  <category>
   Dress
  </category>
  <size>
   XXL
  </size>
  <color>
   Зеленый
  </color>
  <material>
   Кожа
  </material>
  <price>
   437627
  </price>
  <rating>
   4.07
  </rating>
  <reviews>
   454129
  </reviews>
  <sporty>
   yes
  </sporty>
 </clothing>
 <clothing>
  <id>
   111208607
  </id>
  <name>
   Nike Shirt I-9391
  </name>
  <category>
   Shirt
  </category>
  <size>
   XXL
  </size>
  <color>
   Желтый
  </color>
  <material>
   Хлопок
  </material>
  <price>
   268176
  </price>
  <rating>
   4.51
  </rating>
  <reviews>
   70753
  </reviews>
  <new>
   -
  </new>
  <sporty>
   no
  </sporty>
 </clothing>
 <clothing>
  <id>
   807297481
  </id>
  <name>
   Lacoste Shoes R-8453
  </name>
  <category>
   Shoes
  </category>
  <size>
   L
  </size>
  <color>
   Желтый
  </color>
  <material>
   Хлопок
  </material>
  <price>
   196009
  </price>
  <rating>
   3.22
  </rating>
  <reviews>
   567199
  </reviews>
  <new>
   +
  </new>
  <exclusive>
   no
  </exclusive>
 </clothing>
 <clothing>
  <id>
   987216595
  </id>
  <name>
   New Balance Jacket U-2531
  </name>
  <category>
   Jacket
  </category>
  <size>
   L
  </size>
  <color>
   Фиолетовый
  </color>
  <material>
   Хлопок
  </material>
  <price>
   937200
  </price>
  <rating>
   4.04
  </rating>
  <reviews>
   117050
  </reviews>
  <new>
   +
  </new>
  <exclusive>
   yes
  </exclusive>
  <sporty>
   yes
  </sporty>
 </clothing>
 <clothing>
  <id>
   674785989
  </id>
  <name>
   Nike Blouse R-5539
  </name>
  <category>
   Blouse
  </category>
  <size>
   S
  </size>
  <color>
   Фиолетовый
  </color>
  <material>
   Шерсть
  </material>
  <price>
   905777
  </price>
  <rating>
   4.38
  </rating>
  <reviews>
   626462
  </reviews>
 </clothing>
 <clothing>
  <id>
   328336532
  </id>
  <name>
   New Balance Umbrellas S-5536
  </name>
  <category>
   Umbrellas
  </category>
  <size>
   S
  </size>
  <color>
   Фиолетовый
  </color>
  <material>
   Кожа
  </material>
  <price>
   497492
  </price>
  <rating>
   3.11
  </rating>
  <reviews>
   220726
  </reviews>
  <new>
   +
  </new>
  <exclusive>
   yes
  </exclusive>
  <sporty>
   no
  </sporty>
 </clothing>
 <clothing>
  <id>
   266235472
  </id>
  <name>
   Vans Sweater Q-8529
  </name>
  <category>
   Sweater
  </category>
  <size>
   L
  </size>
  <color>
   Желтый
  </color>
  <material>
   Кожа
  </material>
  <price>
   108267
  </price>
  <rating>
   2.53
  </rating>
  <reviews>
   487684
  </reviews>
  <new>
   -
  </new>
  <exclusive>
   no
  </exclusive>
  <sporty>
   no
  </sporty>
 </clothing>
 <clothing>
  <id>
   600781754
  </id>
  <name>
   DC Sweater B-8000
  </name>
  <category>
   Sweater
  </category>
  <size>
   L
  </size>
  <color>
   Голубой
  </color>
  <material>
   Вискоза
  </material>
  <price>
   417435
  </price>
  <rating>
   1.01
  </rating>
  <reviews>
   772042
  </reviews>
  <new>
   +
  </new>
  <exclusive>
   no
  </exclusive>
  <sporty>
   no
  </sporty>
 </clothing>
</clothing-items>
