<?xml version="1.0" encoding="utf-8"?>
<clothing-items>
 <clothing>
  <id>
   445815512
  </id>
  <name>
   Reebok Jacket O-1868
  </name>
  <category>
   Jacket
  </category>
  <size>
   L
  </size>
  <color>
   Оранжевый
  </color>
  <material>
   Полиэстер
  </material>
  <price>
   907216
  </price>
  <rating>
   2.93
  </rating>
  <reviews>
   652290
  </reviews>
  <new>
   +
  </new>
  <exclusive>
   no
  </exclusive>
  <sporty>
   no
  </sporty>
 </clothing>
 <clothing>
  <id>
   982907510
  </id>
  <name>
   Addidas Gloves K-8493
  </name>
  <category>
   Gloves
  </category>
  <size>
   S
  </size>
  <color>
   Зеленый
  </color>
  <material>
   Полиэстер
  </material>
  <price>
   957802
  </price>
  <rating>
   4.37
  </rating>
  <reviews>
   144915
  </reviews>
 </clothing>
 <clothing>
  <id>
   176511296
  </id>
  <name>
   PleinSport Gloves F-2507
  </name>
  <category>
   Gloves
  </category>
  <size>
   L
  </size>
  <color>
   Зеленый
  </color>
  <material>
   Шерсть
  </material>
  <price>
   432928
  </price>
  <rating>
   4.73
  </rating>
  <reviews>
   698553
  </reviews>
  <exclusive>
   no
  </exclusive>
  <sporty>
   no
  </sporty>
 </clothing>
 <clothing>
  <id>
   957618231
  </id>
  <name>
   Under Armour Belts O-1222
  </name>
  <category>
   Belts
  </category>
  <size>
   L
  </size>
  <color>
   Оранжевый
  </color>
  <material>
   Полиэстер
  </material>
  <price>
   456564
  </price>
  <rating>
   2.81
  </rating>
  <reviews>
   939759
  </reviews>
  <new>
   -
  </new>
  <sporty>
   yes
  </sporty>
 </clothing>
 <clothing>
  <id>
   857937950
  </id>
  <name>
   Nike Sweater I-1293
  </name>
  <category>
   Sweater
  </category>
  <size>
   XL
  </size>
  <color>
   Синий
  </color>
  <material>
   Кожа
  </material>
  <price>
   414537
  </price>
  <rating>
   4.15
  </rating>
  <reviews>
   289718
  </reviews>
  <exclusive>
   yes
  </exclusive>
 </clothing>
 <clothing>
  <id>
   918492027
  </id>
  <name>
   Lacoste Dress J-2686
  </name>
  <category>
   Dress
  </category>
  <size>
   S
  </size>
  <color>
   Зеленый
  </color>
  <material>
   Хлопок
  </material>
  <price>
   279608
  </price>
  <rating>
   1.23
  </rating>
  <reviews>
   432450
  </reviews>
  <new>
   -
  </new>
  <exclusive>
   yes
  </exclusive>
  <sporty>
   yes
  </sporty>
 </clothing>
 <clothing>
  <id>
   208899603
  </id>
  <name>
   Lacoste Shirt N-9185
  </name>
  <category>
   Shirt
  </category>
  <size>
   XL
  </size>
  <color>
   Голубой
  </color>
  <material>
   Нейлон
  </material>
  <price>
   952231
  </price>
  <rating>
   1.07
  </rating>
  <reviews>
   533371
  </reviews>
  <exclusive>
   yes
  </exclusive>
 </clothing>
 <clothing>
  <id>
   179953858
  </id>
  <name>
   PleinSport Gloves I-1285
  </name>
  <category>
   Gloves
  </category>
  <size>
   L
  </size>
  <color>
   Желтый
  </color>
  <material>
   Шерсть
  </material>
  <price>
   734662
  </price>
  <rating>
   2.34
  </rating>
  <reviews>
   706112
  </reviews>
  <exclusive>
   no
  </exclusive>
 </clothing>
 <clothing>
  <id>
   239581609
  </id>
  <name>
   Puma Handbags O-1579
  </name>
  <category>
   Handbags
  </category>
  <size>
   XL
  </size>
  <color>
   Оранжевый
  </color>
  <material>
   Хлопок
  </material>
  <price>
   153470
  </price>
  <rating>
   3.22
  </rating>
  <reviews>
   487329
  </reviews>
  <new>
   -
  </new>
  <exclusive>
   yes
  </exclusive>
 </clothing>
 <clothing>
  <id>
   545802570
  </id>
  <name>
   PleinSport Hat X-3982
  </name>
  <category>
   Hat
  </category>
  <size>
   XL
  </size>
  <color>
   Красный
  </color>
  <material>
   Полиэстер
  </material>
  <price>
   312085
  </price>
  <rating>
   3.39
  </rating>
  <reviews>
   632994
  </reviews>
  <new>
   +
  </new>
  <exclusive>
   no
  </exclusive>
  <sporty>
   no
  </sporty>
 </clothing>
 <clothing>
  <id>
   258757092
  </id>
  <name>
   Asics T-shirt S-1684
  </name>
  <category>
   T-shirt
  </category>
  <size>
   S
  </size>
  <color>
   Фиолетовый
  </color>
  <material>
   Полиэстер
  </material>
  <price>
   812159
  </price>
  <rating>
   3.34
  </rating>
  <reviews>
   82053
  </reviews>
  <new>
   +
  </new>
  <exclusive>
   yes
  </exclusive>
  <sporty>
   no
  </sporty>
 </clothing>
 <clothing>
  <id>
   970288013
  </id>
  <name>
   Addidas Umbrellas X-1906
  </name>
  <category>
   Umbrellas
  </category>
  <size>
   M
  </size>
  <color>
   Голубой
  </color>
  <material>
   Полиэстер
  </material>
  <price>
   277265
  </price>
  <rating>
   4.12
  </rating>
  <reviews>
   437562
  </reviews>
  <new>
   +
  </new>
  <exclusive>
   yes
  </exclusive>
  <sporty>
   no
  </sporty>
 </clothing>
 <clothing>
  <id>
   104895037
  </id>
  <name>
   Converse Hat S-5616
  </name>
  <category>
   Hat
  </category>
  <size>
   L
  </size>
  <color>
   Зеленый
  </color>
  <material>
   Хлопок
  </material>
  <price>
   884456
  </price>
  <rating>
   2.45
  </rating>
  <reviews>
   276089
  </reviews>
  <new>
   -
  </new>
 </clothing>
 <clothing>
  <id>
   909251085
  </id>
  <name>
   Adidas Sweater Z-4056
  </name>
  <category>
   Sweater
  </category>
  <size>
   M
  </size>
  <color>
   Фиолетовый
  </color>
  <material>
   Хлопок
  </material>
  <price>
   354886
  </price>
  <rating>
   1.8
  </rating>
  <reviews>
   878148
  </reviews>
  <sporty>
   no
  </sporty>
 </clothing>
 <clothing>
  <id>
   537651228
  </id>
  <name>
   Ellesse Shirt D-8278
  </name>
  <category>
   Shirt
  </category>
  <size>
   XL
  </size>
  <color>
   Голубой
  </color>
  <material>
   Шерсть
  </material>
  <price>
   327103
  </price>
  <rating>
   1.34
  </rating>
  <reviews>
   229039
  </reviews>
  <new>
   -
  </new>
 </clothing>
 <clothing>
  <id>
   734002487
  </id>
  <name>
   Asics Dress P-2806
  </name>
  <category>
   Dress
  </category>
  <size>
   S
  </size>
  <color>
   Синий
  </color>
  <material>
   Шелк
  </material>
  <price>
   430199
  </price>
  <rating>
   3.61
  </rating>
  <reviews>
   659701
  </reviews>
  <new>
   -
  </new>
 </clothing>
 <clothing>
  <id>
   478764022
  </id>
  <name>
   Converse Jacket C-7036
  </name>
  <category>
   Jacket
  </category>
  <size>
   M
  </size>
  <color>
   Фиолетовый
  </color>
  <material>
   Кожа
  </material>
  <price>
   407907
  </price>
  <rating>
   4.01
  </rating>
  <reviews>
   40615
  </reviews>
  <new>
   -
  </new>
  <sporty>
   no
  </sporty>
 </clothing>
 <clothing>
  <id>
   851566753
  </id>
  <name>
   Adidas Gloves B-4110
  </name>
  <category>
   Gloves
  </category>
  <size>
   XL
  </size>
  <color>
   Синий
  </color>
  <material>
   Полиэстер
  </material>
  <price>
   819432
  </price>
  <rating>
   3.79
  </rating>
  <reviews>
   118372
  </reviews>
 </clothing>
 <clothing>
  <id>
   762546162
  </id>
  <name>
   Lacoste Jeans R-8265
  </name>
  <category>
   Jeans
  </category>
  <size>
   S
  </size>
  <color>
   Синий
  </color>
  <material>
   Полиэстер
  </material>
  <price>
   490670
  </price>
  <rating>
   3.53
  </rating>
  <reviews>
   866684
  </reviews>
 </clothing>
 <clothing>
  <id>
   557029015
  </id>
  <name>
   New Balance T-shirt C-8065
  </name>
  <category>
   T-shirt
  </category>
  <size>
   S
  </size>
  <color>
   Зеленый
  </color>
  <material>
   Нейлон
  </material>
  <price>
   777470
  </price>
  <rating>
   1.26
  </rating>
  <reviews>
   549700
  </reviews>
  <sporty>
   yes
  </sporty>
 </clothing>
 <clothing>
  <id>
   128973173
  </id>
  <name>
   Addidas Socks N-6009
  </name>
  <category>
   Socks
  </category>
  <size>
   XL
  </size>
  <color>
   Желтый
  </color>
  <material>
   Полиэстер
  </material>
  <price>
   236334
  </price>
  <rating>
   2.08
  </rating>
  <reviews>
   195694
  </reviews>
  <new>
   +
  </new>
  <sporty>
   no
  </sporty>
 </clothing>
 <clothing>
  <id>
   690042045
  </id>
  <name>
   New Balance Blouse M-2262
  </name>
  <category>
   Blouse
  </category>
  <size>
   L
  </size>
  <color>
   Красный
  </color>
  <material>
   Вискоза
  </material>
  <price>
   982723
  </price>
  <rating>
   1.52
  </rating>
  <reviews>
   256025
  </reviews>
  <exclusive>
   no
  </exclusive>
 </clothing>
 <clothing>
  <id>
   631158556
  </id>
  <name>
   Converse Hat M-2282
  </name>
  <category>
   Hat
  </category>
  <size>
   L
  </size>
  <color>
   Синий
  </color>
  <material>
   Шелк
  </material>
  <price>
   469253
  </price>
  <rating>
   3.72
  </rating>
  <reviews>
   168901
  </reviews>
  <new>
   +
  </new>
 </clothing>
 <clothing>
  <id>
   795201428
  </id>
  <name>
   Fila Shirt N-9997
  </name>
  <category>
   Shirt
  </category>
  <size>
   XL
  </size>
  <color>
   Синий
  </color>
  <material>
   Кожа
  </material>
  <price>
   642863
  </price>
  <rating>
   4.7
  </rating>
  <reviews>
   811274
  </reviews>
  <new>
   +
  </new>
  <exclusive>
   yes
  </exclusive>
 </clothing>
 <clothing>
  <id>
   222028211
  </id>
  <name>
   Converse T-shirt B-2062
  </name>
  <category>
   T-shirt
  </category>
  <size>
   XXL
  </size>
  <color>
   Синий
  </color>
  <material>
   Шелк
  </material>
  <price>
   153190
  </price>
  <rating>
   3.49
  </rating>
  <reviews>
   78723
  </reviews>
 </clothing>
 <clothing>
  <id>
   616183412
  </id>
  <name>
   Fila Skirt S-9422
  </name>
  <category>
   Skirt
  </category>
  <size>
   M
  </size>
  <color>
   Голубой
  </color>
  <material>
   Полиэстер
  </material>
  <price>
   462485
  </price>
  <rating>
   2.79
  </rating>
  <reviews>
   251910
  </reviews>
  <new>
   +
  </new>
  <sporty>
   no
  </sporty>
 </clothing>
 <clothing>
  <id>
   825763766
  </id>
  <name>
   PleinSport Skirt S-5936
  </name>
  <category>
   Skirt
  </category>
  <size>
   M
  </size>
  <color>
   Голубой
  </color>
  <material>
   Полиэстер
  </material>
  <price>
   711201
  </price>
  <rating>
   2.42
  </rating>
  <reviews>
   558405
  </reviews>
  <sporty>
   no
  </sporty>
 </clothing>
 <clothing>
  <id>
   656451583
  </id>
  <name>
   Addidas Blouse J-9844
  </name>
  <category>
   Blouse
  </category>
  <size>
   S
  </size>
  <color>
   Красный
  </color>
  <material>
   Нейлон
  </material>
  <price>
   255426
  </price>
  <rating>
   3.81
  </rating>
  <reviews>
   961573
  </reviews>
  <new>
   -
  </new>
  <exclusive>
   yes
  </exclusive>
 </clothing>
 <clothing>
  <id>
   116781116
  </id>
  <name>
   New Balance Gloves C-7823
  </name>
  <category>
   Gloves
  </category>
  <size>
   L
  </size>
  <color>
   Зеленый
  </color>
  <material>
   Вискоза
  </material>
  <price>
   383343
  </price>
  <rating>
   3.66
  </rating>
  <reviews>
   672845
  </reviews>
  <sporty>
   yes
  </sporty>
 </clothing>
 <clothing>
  <id>
   915324121
  </id>
  <name>
   Addidas Handbags C-7282
  </name>
  <category>
   Handbags
  </category>
  <size>
   XL
  </size>
  <color>
   Оранжевый
  </color>
  <material>
   Хлопок
  </material>
  <price>
   563460
  </price>
  <rating>
   4.32
  </rating>
  <reviews>
   535169
  </reviews>
  <new>
   -
  </new>
  <exclusive>
   no
  </exclusive>
  <sporty>
   no
  </sporty>
 </clothing>
 <clothing>
  <id>
   461641731
  </id>
  <name>
   Ellesse Sweater F-7692
  </name>
  <category>
   Sweater
  </category>
  <size>
   S
  </size>
  <color>
   Голубой
  </color>
  <material>
   Лен
  </material>
  <price>
   925082
  </price>
  <rating>
   3.34
  </rating>
  <reviews>
   483658
  </reviews>
  <new>
   +
  </new>
 </clothing>
 <clothing>
  <id>
   484130159
  </id>
  <name>
   Vans Sweater U-8927
  </name>
  <category>
   Sweater
  </category>
  <size>
   S
  </size>
  <color>
   Красный
  </color>
  <material>
   Шелк
  </material>
  <price>
   787462
  </price>
  <rating>
   2.62
  </rating>
  <reviews>
   384280
  </reviews>
  <new>
   -
  </new>
  <exclusive>
   no
  </exclusive>
  <sporty>
   yes
  </sporty>
 </clothing>
 <clothing>
  <id>
   270676208
  </id>
  <name>
   Converse Skirt Q-3072
  </name>
  <category>
   Skirt
  </category>
  <size>
   L
  </size>
  <color>
   Зеленый
  </color>
  <material>
   Лен
  </material>
  <price>
   825921
  </price>
  <rating>
   1.99
  </rating>
  <reviews>
   966822
  </reviews>
  <new>
   -
  </new>
  <sporty>
   no
  </sporty>
 </clothing>
 <clothing>
  <id>
   825737085
  </id>
  <name>
   Under Armour Skirt X-8036
  </name>
  <category>
   Skirt
  </category>
  <size>
   XL
  </size>
  <color>
   Оранжевый
  </color>
  <material>
   Вискоза
  </material>
  <price>
   867526
  </price>
  <rating>
   3.93
  </rating>
  <reviews>
   541839
  </reviews>
  <new>
   -
  </new>
  <sporty>
   no
  </sporty>
 </clothing>
 <clothing>
  <id>
   818282188
  </id>
  <name>
   New Balance Shirt V-8912
  </name>
  <category>
   Shirt
  </category>
  <size>
   XXL
  </size>
  <color>
   Голубой
  </color>
  <material>
   Хлопок
  </material>
  <price>
   953881
  </price>
  <rating>
   1.24
  </rating>
  <reviews>
   190401
  </reviews>
  <exclusive>
   yes
  </exclusive>
  <sporty>
   no
  </sporty>
 </clothing>
 <clothing>
  <id>
   672034144
  </id>
  <name>
   Asics T-shirt Q-7343
  </name>
  <category>
   T-shirt
  </category>
  <size>
   L
  </size>
  <color>
   Желтый
  </color>
  <material>
   Полиэстер
  </material>
  <price>
   387902
  </price>
  <rating>
   1.67
  </rating>
  <reviews>
   175673
  </reviews>
  <exclusive>
   yes
  </exclusive>
  <sporty>
   yes
  </sporty>
 </clothing>
 <clothing>
  <id>
   760318345
  </id>
  <name>
   Ellesse Sweater Z-2987
  </name>
  <category>
   Sweater
  </category>
  <size>
   S
  </size>
  <color>
   Желтый
  </color>
  <material>
   Шелк
  </material>
  <price>
   100315
  </price>
  <rating>
   4.92
  </rating>
  <reviews>
   851837
  </reviews>
  <new>
   -
  </new>
  <sporty>
   no
  </sporty>
 </clothing>
 <clothing>
  <id>
   801442489
  </id>
  <name>
   Under Armour Pants K-1818
  </name>
  <category>
   Pants
  </category>
  <size>
   XXL
  </size>
  <color>
   Голубой
  </color>
  <material>
   Лен
  </material>
  <price>
   284278
  </price>
  <rating>
   3.51
  </rating>
  <reviews>
   449820
  </reviews>
  <exclusive>
   yes
  </exclusive>
  <sporty>
   yes
  </sporty>
 </clothing>
 <clothing>
  <id>
   926093958
  </id>
  <name>
   Brooks Handbags Z-7339
  </name>
  <category>
   Handbags
  </category>
  <size>
   XXL
  </size>
  <color>
   Оранжевый
  </color>
  <material>
   Шерсть
  </material>
  <price>
   514940
  </price>
  <rating>
   3.14
  </rating>
  <reviews>
   573539
  </reviews>
  <new>
   -
  </new>
  <sporty>
   no
  </sporty>
 </clothing>
 <clothing>
  <id>
   678708195
  </id>
  <name>
   Vans Belts X-7457
  </name>
  <category>
   Belts
  </category>
  <size>
   M
  </size>
  <color>
   Оранжевый
  </color>
  <material>
   Вискоза
  </material>
  <price>
   302158
  </price>
  <rating>
   1.35
  </rating>
  <reviews>
   112414
  </reviews>
  <new>
   +
  </new>
  <exclusive>
   no
  </exclusive>
 </clothing>
 <clothing>
  <id>
   103360633
  </id>
  <name>
   Vans Socks Z-9748
  </name>
  <category>
   Socks
  </category>
  <size>
   XXL
  </size>
  <color>
   Оранжевый
  </color>
  <material>
   Кожа
  </material>
  <price>
   502027
  </price>
  <rating>
   3.76
  </rating>
  <reviews>
   184745
  </reviews>
  <new>
   +
  </new>
  <exclusive>
   no
  </exclusive>
 </clothing>
 <clothing>
  <id>
   818679420
  </id>
  <name>
   PleinSport Sweater J-7289
  </name>
  <category>
   Sweater
  </category>
  <size>
   M
  </size>
  <color>
   Синий
  </color>
  <material>
   Шелк
  </material>
  <price>
   672375
  </price>
  <rating>
   3.29
  </rating>
  <reviews>
   757981
  </reviews>
  <new>
   -
  </new>
  <exclusive>
   no
  </exclusive>
  <sporty>
   no
  </sporty>
 </clothing>
 <clothing>
  <id>
   589713588
  </id>
  <name>
   Vans Handbags X-5908
  </name>
  <category>
   Handbags
  </category>
  <size>
   XL
  </size>
  <color>
   Оранжевый
  </color>
  <material>
   Лен
  </material>
  <price>
   929272
  </price>
  <rating>
   1.21
  </rating>
  <reviews>
   950334
  </reviews>
  <new>
   +
  </new>
  <sporty>
   yes
  </sporty>
 </clothing>
 <clothing>
  <id>
   921642256
  </id>
  <name>
   Reebok Sweater U-4529
  </name>
  <category>
   Sweater
  </category>
  <size>
   M
  </size>
  <color>
   Желтый
  </color>
  <material>
   Полиэстер
  </material>
  <price>
   224762
  </price>
  <rating>
   3.76
  </rating>
  <reviews>
   744789
  </reviews>
  <new>
   -
  </new>
  <sporty>
   no
  </sporty>
 </clothing>
 <clothing>
  <id>
   372721299
  </id>
  <name>
   Vans T-shirt R-9756
  </name>
  <category>
   T-shirt
  </category>
  <size>
   M
  </size>
  <color>
   Зеленый
  </color>
  <material>
   Хлопок
  </material>
  <price>
   812587
  </price>
  <rating>
   1.54
  </rating>
  <reviews>
   197478
  </reviews>
  <sporty>
   yes
  </sporty>
 </clothing>
 <clothing>
  <id>
   512188252
  </id>
  <name>
   Addidas Pants I-7134
  </name>
  <category>
   Pants
  </category>
  <size>
   M
  </size>
  <color>
   Зеленый
  </color>
  <material>
   Шерсть
  </material>
  <price>
   412780
  </price>
  <rating>
   3.01
  </rating>
  <reviews>
   795820
  </reviews>
  <new>
   -
  </new>
  <exclusive>
   no
  </exclusive>
  <sporty>
   yes
  </sporty>
 </clothing>
 <clothing>
  <id>
   940520943
  </id>
  <name>
   Vans Socks J-7998
  </name>
  <category>
   Socks
  </category>
  <size>
   XXL
  </size>
  <color>
   Зеленый
  </color>
  <material>
   Лен
  </material>
  <price>
   229180
  </price>
  <rating>
   1.76
  </rating>
  <reviews>
   591293
  </reviews>
  <new>
   -
  </new>
  <sporty>
   yes
  </sporty>
 </clothing>
 <clothing>
  <id>
   764171952
  </id>
  <name>
   Ellesse Gloves J-9726
  </name>
  <category>
   Gloves
  </category>
  <size>
   M
  </size>
  <color>
   Голубой
  </color>
  <material>
   Шерсть
  </material>
  <price>
   459117
  </price>
  <rating>
   2.5
  </rating>
  <reviews>
   15255
  </reviews>
  <new>
   -
  </new>
  <exclusive>
   yes
  </exclusive>
  <sporty>
   no
  </sporty>
 </clothing>
 <clothing>
  <id>
   484714087
  </id>
  <name>
   Reebok Shoes A-4762
  </name>
  <category>
   Shoes
  </category>
  <size>
   M
  </size>
  <color>
   Голубой
  </color>
  <material>
   Кожа
  </material>
  <price>
   498434
  </price>
  <rating>
   2.9
  </rating>
  <reviews>
   609057
  </reviews>
  <new>
   +
  </new>
 </clothing>
 <clothing>
  <id>
   459061033
  </id>
  <name>
   New Balance Socks E-8398
  </name>
  <category>
   Socks
  </category>
  <size>
   S
  </size>
  <color>
   Фиолетовый
  </color>
  <material>
   Шелк
  </material>
  <price>
   853732
  </price>
  <rating>
   4.43
  </rating>
  <reviews>
   121066
  </reviews>
  <exclusive>
   no
  </exclusive>
 </clothing>
</clothing-items>
