<?xml version="1.0" encoding="utf-8"?>
<clothing-items>
 <clothing>
  <id>
   354909641
  </id>
  <name>
   Converse Blouse F-9725
  </name>
  <category>
   Blouse
  </category>
  <size>
   XXL
  </size>
  <color>
   Оранжевый
  </color>
  <material>
   Полиэстер
  </material>
  <price>
   148224
  </price>
  <rating>
   1.49
  </rating>
  <reviews>
   805953
  </reviews>
  <exclusive>
   no
  </exclusive>
  <sporty>
   no
  </sporty>
 </clothing>
 <clothing>
  <id>
   147394273
  </id>
  <name>
   Brooks Handbags X-4652
  </name>
  <category>
   Handbags
  </category>
  <size>
   XXL
  </size>
  <color>
   Оранжевый
  </color>
  <material>
   Шерсть
  </material>
  <price>
   466495
  </price>
  <rating>
   2.73
  </rating>
  <reviews>
   932415
  </reviews>
  <new>
   +
  </new>
  <sporty>
   yes
  </sporty>
 </clothing>
 <clothing>
  <id>
   399795953
  </id>
  <name>
   Lacoste Umbrellas K-4643
  </name>
  <category>
   Umbrellas
  </category>
  <size>
   L
  </size>
  <color>
   Оранжевый
  </color>
  <material>
   Лен
  </material>
  <price>
   502066
  </price>
  <rating>
   3.45
  </rating>
  <reviews>
   811444
  </reviews>
 </clothing>
 <clothing>
  <id>
   144734156
  </id>
  <name>
   Converse Hat U-9940
  </name>
  <category>
   Hat
  </category>
  <size>
   XXL
  </size>
  <color>
   Красный
  </color>
  <material>
   Шелк
  </material>
  <price>
   702566
  </price>
  <rating>
   2.38
  </rating>
  <reviews>
   419618
  </reviews>
  <exclusive>
   no
  </exclusive>
  <sporty>
   yes
  </sporty>
 </clothing>
 <clothing>
  <id>
   739299019
  </id>
  <name>
   Adidas Sweater Z-6924
  </name>
  <category>
   Sweater
  </category>
  <size>
   S
  </size>
  <color>
   Желтый
  </color>
  <material>
   Нейлон
  </material>
  <price>
   505820
  </price>
  <rating>
   3.21
  </rating>
  <reviews>
   800686
  </reviews>
  <exclusive>
   yes
  </exclusive>
 </clothing>
 <clothing>
  <id>
   399551564
  </id>
  <name>
   Adidas Shoes Z-7564
  </name>
  <category>
   Shoes
  </category>
  <size>
   XXL
  </size>
  <color>
   Красный
  </color>
  <material>
   Хлопок
  </material>
  <price>
   391214
  </price>
  <rating>
   2.28
  </rating>
  <reviews>
   80600
  </reviews>
  <new>
   +
  </new>
  <exclusive>
   no
  </exclusive>
  <sporty>
   no
  </sporty>
 </clothing>
 <clothing>
  <id>
   127012312
  </id>
  <name>
   Reebok Sweater C-2039
  </name>
  <category>
   Sweater
  </category>
  <size>
   XL
  </size>
  <color>
   Голубой
  </color>
  <material>
   Лен
  </material>
  <price>
   208180
  </price>
  <rating>
   4.9
  </rating>
  <reviews>
   275171
  </reviews>
  <new>
   -
  </new>
  <sporty>
   no
  </sporty>
 </clothing>
 <clothing>
  <id>
   963601301
  </id>
  <name>
   PleinSport Jacket H-9881
  </name>
  <category>
   Jacket
  </category>
  <size>
   L
  </size>
  <color>
   Желтый
  </color>
  <material>
   Кожа
  </material>
  <price>
   767574
  </price>
  <rating>
   4.63
  </rating>
  <reviews>
   51399
  </reviews>
  <new>
   +
  </new>
 </clothing>
 <clothing>
  <id>
   408515245
  </id>
  <name>
   Lacoste Shoes M-3467
  </name>
  <category>
   Shoes
  </category>
  <size>
   L
  </size>
  <color>
   Синий
  </color>
  <material>
   Шерсть
  </material>
  <price>
   809544
  </price>
  <rating>
   1.9
  </rating>
  <reviews>
   245799
  </reviews>
  <new>
   -
  </new>
  <exclusive>
   yes
  </exclusive>
 </clothing>
 <clothing>
  <id>
   314032175
  </id>
  <name>
   Under Armour Belts B-6674
  </name>
  <category>
   Belts
  </category>
  <size>
   XXL
  </size>
  <color>
   Фиолетовый
  </color>
  <material>
   Лен
  </material>
  <price>
   181019
  </price>
  <rating>
   2.73
  </rating>
  <reviews>
   702842
  </reviews>
  <new>
   -
  </new>
  <exclusive>
   no
  </exclusive>
 </clothing>
 <clothing>
  <id>
   475930082
  </id>
  <name>
   Asics Gloves E-1245
  </name>
  <category>
   Gloves
  </category>
  <size>
   L
  </size>
  <color>
   Желтый
  </color>
  <material>
   Вискоза
  </material>
  <price>
   137222
  </price>
  <rating>
   2.09
  </rating>
  <reviews>
   484418
  </reviews>
  <new>
   -
  </new>
  <exclusive>
   no
  </exclusive>
  <sporty>
   no
  </sporty>
 </clothing>
 <clothing>
  <id>
   723311078
  </id>
  <name>
   Addidas Sweater J-2344
  </name>
  <category>
   Sweater
  </category>
  <size>
   M
  </size>
  <color>
   Голубой
  </color>
  <material>
   Кожа
  </material>
  <price>
   575583
  </price>
  <rating>
   2.74
  </rating>
  <reviews>
   996704
  </reviews>
  <new>
   -
  </new>
  <exclusive>
   no
  </exclusive>
 </clothing>
 <clothing>
  <id>
   384600304
  </id>
  <name>
   Nike Skirt U-7218
  </name>
  <category>
   Skirt
  </category>
  <size>
   L
  </size>
  <color>
   Желтый
  </color>
  <material>
   Полиэстер
  </material>
  <price>
   375090
  </price>
  <rating>
   1.06
  </rating>
  <reviews>
   700014
  </reviews>
  <new>
   -
  </new>
  <exclusive>
   no
  </exclusive>
 </clothing>
 <clothing>
  <id>
   708232735
  </id>
  <name>
   New Balance Sweater T-2651
  </name>
  <category>
   Sweater
  </category>
  <size>
   M
  </size>
  <color>
   Синий
  </color>
  <material>
   Кожа
  </material>
  <price>
   702595
  </price>
  <rating>
   1.62
  </rating>
  <reviews>
   192418
  </reviews>
  <new>
   -
  </new>
  <sporty>
   no
  </sporty>
 </clothing>
 <clothing>
  <id>
   785030524
  </id>
  <name>
   Ellesse Jacket M-8606
  </name>
  <category>
   Jacket
  </category>
  <size>
   XXL
  </size>
  <color>
   Голубой
  </color>
  <material>
   Шерсть
  </material>
  <price>
   986015
  </price>
  <rating>
   2.35
  </rating>
  <reviews>
   345261
  </reviews>
  <new>
   +
  </new>
  <sporty>
   no
  </sporty>
 </clothing>
</clothing-items>
