<?xml version="1.0" encoding="utf-8"?>
<clothing-items>
 <clothing>
  <id>
   129773486
  </id>
  <name>
   Lacoste Umbrellas U-9869
  </name>
  <category>
   Umbrellas
  </category>
  <size>
   S
  </size>
  <color>
   Зеленый
  </color>
  <material>
   Шелк
  </material>
  <price>
   686955
  </price>
  <rating>
   2.48
  </rating>
  <reviews>
   278405
  </reviews>
 </clothing>
 <clothing>
  <id>
   579510000
  </id>
  <name>
   Ellesse Gloves H-7755
  </name>
  <category>
   Gloves
  </category>
  <size>
   XL
  </size>
  <color>
   Оранжевый
  </color>
  <material>
   Кожа
  </material>
  <price>
   901934
  </price>
  <rating>
   2.71
  </rating>
  <reviews>
   601904
  </reviews>
  <new>
   -
  </new>
  <sporty>
   no
  </sporty>
 </clothing>
 <clothing>
  <id>
   141445686
  </id>
  <name>
   New Balance Socks T-4474
  </name>
  <category>
   Socks
  </category>
  <size>
   M
  </size>
  <color>
   Голубой
  </color>
  <material>
   Нейлон
  </material>
  <price>
   986998
  </price>
  <rating>
   2.87
  </rating>
  <reviews>
   986138
  </reviews>
 </clothing>
 <clothing>
  <id>
   212610997
  </id>
  <name>
   Fila Handbags I-1076
  </name>
  <category>
   Handbags
  </category>
  <size>
   L
  </size>
  <color>
   Оранжевый
  </color>
  <material>
   Хлопок
  </material>
  <price>
   143844
  </price>
  <rating>
   4.76
  </rating>
  <reviews>
   881182
  </reviews>
 </clothing>
 <clothing>
  <id>
   150196136
  </id>
  <name>
   Brooks Jeans W-3917
  </name>
  <category>
   Jeans
  </category>
  <size>
   XL
  </size>
  <color>
   Зеленый
  </color>
  <material>
   Хлопок
  </material>
  <price>
   274836
  </price>
  <rating>
   2.25
  </rating>
  <reviews>
   810560
  </reviews>
  <new>
   -
  </new>
 </clothing>
 <clothing>
  <id>
   427840155
  </id>
  <name>
   New Balance Dress V-7202
  </name>
  <category>
   Dress
  </category>
  <size>
   M
  </size>
  <color>
   Желтый
  </color>
  <material>
   Нейлон
  </material>
  <price>
   472361
  </price>
  <rating>
   3.03
  </rating>
  <reviews>
   847497
  </reviews>
  <exclusive>
   no
  </exclusive>
  <sporty>
   no
  </sporty>
 </clothing>
 <clothing>
  <id>
   568830940
  </id>
  <name>
   Converse Sweater H-9720
  </name>
  <category>
   Sweater
  </category>
  <size>
   S
  </size>
  <color>
   Красный
  </color>
  <material>
   Лен
  </material>
  <price>
   830034
  </price>
  <rating>
   3.28
  </rating>
  <reviews>
   399446
  </reviews>
  <exclusive>
   yes
  </exclusive>
 </clothing>
 <clothing>
  <id>
   145019973
  </id>
  <name>
   Lacoste Jeans I-7206
  </name>
  <category>
   Jeans
  </category>
  <size>
   S
  </size>
  <color>
   Зеленый
  </color>
  <material>
   Нейлон
  </material>
  <price>
   274672
  </price>
  <rating>
   2.29
  </rating>
  <reviews>
   910103
  </reviews>
  <sporty>
   no
  </sporty>
 </clothing>
 <clothing>
  <id>
   597192592
  </id>
  <name>
   Nike Sweater J-8217
  </name>
  <category>
   Sweater
  </category>
  <size>
   L
  </size>
  <color>
   Зеленый
  </color>
  <material>
   Шелк
  </material>
  <price>
   234172
  </price>
  <rating>
   3.13
  </rating>
  <reviews>
   957312
  </reviews>
  <new>
   +
  </new>
  <exclusive>
   no
  </exclusive>
  <sporty>
   no
  </sporty>
 </clothing>
 <clothing>
  <id>
   815714497
  </id>
  <name>
   Under Armour Shirt F-1764
  </name>
  <category>
   Shirt
  </category>
  <size>
   M
  </size>
  <color>
   Синий
  </color>
  <material>
   Лен
  </material>
  <price>
   785705
  </price>
  <rating>
   1.96
  </rating>
  <reviews>
   306119
  </reviews>
  <new>
   +
  </new>
  <exclusive>
   no
  </exclusive>
 </clothing>
 <clothing>
  <id>
   927792277
  </id>
  <name>
   DC Gloves B-8770
  </name>
  <category>
   Gloves
  </category>
  <size>
   M
  </size>
  <color>
   Голубой
  </color>
  <material>
   Шерсть
  </material>
  <price>
   423058
  </price>
  <rating>
   4.4
  </rating>
  <reviews>
   640133
  </reviews>
 </clothing>
 <clothing>
  <id>
   663531855
  </id>
  <name>
   Vans Blouse N-7871
  </name>
  <category>
   Blouse
  </category>
  <size>
   S
  </size>
  <color>
   Фиолетовый
  </color>
  <material>
   Кожа
  </material>
  <price>
   711702
  </price>
  <rating>
   3.84
  </rating>
  <reviews>
   579721
  </reviews>
  <new>
   -
  </new>
  <exclusive>
   yes
  </exclusive>
  <sporty>
   yes
  </sporty>
 </clothing>
 <clothing>
  <id>
   204233792
  </id>
  <name>
   Asics Shoes L-5564
  </name>
  <category>
   Shoes
  </category>
  <size>
   XXL
  </size>
  <color>
   Синий
  </color>
  <material>
   Полиэстер
  </material>
  <price>
   918607
  </price>
  <rating>
   4.84
  </rating>
  <reviews>
   259345
  </reviews>
  <new>
   -
  </new>
  <sporty>
   no
  </sporty>
 </clothing>
 <clothing>
  <id>
   364847207
  </id>
  <name>
   PleinSport Handbags R-8198
  </name>
  <category>
   Handbags
  </category>
  <size>
   M
  </size>
  <color>
   Голубой
  </color>
  <material>
   Шелк
  </material>
  <price>
   811333
  </price>
  <rating>
   2.55
  </rating>
  <reviews>
   907447
  </reviews>
  <sporty>
   no
  </sporty>
 </clothing>
 <clothing>
  <id>
   472970612
  </id>
  <name>
   Puma Blouse N-3490
  </name>
  <category>
   Blouse
  </category>
  <size>
   XL
  </size>
  <color>
   Желтый
  </color>
  <material>
   Нейлон
  </material>
  <price>
   961153
  </price>
  <rating>
   3.15
  </rating>
  <reviews>
   862412
  </reviews>
  <new>
   +
  </new>
  <exclusive>
   no
  </exclusive>
  <sporty>
   no
  </sporty>
 </clothing>
 <clothing>
  <id>
   787292093
  </id>
  <name>
   Fila Dress L-8042
  </name>
  <category>
   Dress
  </category>
  <size>
   XL
  </size>
  <color>
   Желтый
  </color>
  <material>
   Полиэстер
  </material>
  <price>
   193020
  </price>
  <rating>
   2.41
  </rating>
  <reviews>
   831742
  </reviews>
  <exclusive>
   yes
  </exclusive>
  <sporty>
   no
  </sporty>
 </clothing>
 <clothing>
  <id>
   953366392
  </id>
  <name>
   PleinSport Shirt D-3272
  </name>
  <category>
   Shirt
  </category>
  <size>
   XXL
  </size>
  <color>
   Красный
  </color>
  <material>
   Кожа
  </material>
  <price>
   255718
  </price>
  <rating>
   1.8
  </rating>
  <reviews>
   655512
  </reviews>
  <new>
   -
  </new>
  <exclusive>
   yes
  </exclusive>
  <sporty>
   yes
  </sporty>
 </clothing>
 <clothing>
  <id>
   258974544
  </id>
  <name>
   Puma Pants M-9098
  </name>
  <category>
   Pants
  </category>
  <size>
   M
  </size>
  <color>
   Желтый
  </color>
  <material>
   Шелк
  </material>
  <price>
   518063
  </price>
  <rating>
   1.51
  </rating>
  <reviews>
   665168
  </reviews>
  <new>
   -
  </new>
  <exclusive>
   yes
  </exclusive>
 </clothing>
 <clothing>
  <id>
   623522135
  </id>
  <name>
   Adidas Jeans T-5569
  </name>
  <category>
   Jeans
  </category>
  <size>
   L
  </size>
  <color>
   Желтый
  </color>
  <material>
   Кожа
  </material>
  <price>
   684367
  </price>
  <rating>
   1.8
  </rating>
  <reviews>
   434401
  </reviews>
  <new>
   +
  </new>
  <exclusive>
   yes
  </exclusive>
  <sporty>
   no
  </sporty>
 </clothing>
 <clothing>
  <id>
   822696345
  </id>
  <name>
   Vans Blouse X-4068
  </name>
  <category>
   Blouse
  </category>
  <size>
   S
  </size>
  <color>
   Фиолетовый
  </color>
  <material>
   Лен
  </material>
  <price>
   454084
  </price>
  <rating>
   2.53
  </rating>
  <reviews>
   422453
  </reviews>
  <exclusive>
   yes
  </exclusive>
  <sporty>
   yes
  </sporty>
 </clothing>
 <clothing>
  <id>
   259834679
  </id>
  <name>
   DC Jeans L-7323
  </name>
  <category>
   Jeans
  </category>
  <size>
   XL
  </size>
  <color>
   Синий
  </color>
  <material>
   Хлопок
  </material>
  <price>
   577899
  </price>
  <rating>
   3.94
  </rating>
  <reviews>
   119438
  </reviews>
  <new>
   +
  </new>
  <sporty>
   yes
  </sporty>
 </clothing>
 <clothing>
  <id>
   314867156
  </id>
  <name>
   Reebok Dress B-5547
  </name>
  <category>
   Dress
  </category>
  <size>
   L
  </size>
  <color>
   Синий
  </color>
  <material>
   Лен
  </material>
  <price>
   579464
  </price>
  <rating>
   3.7
  </rating>
  <reviews>
   688085
  </reviews>
  <new>
   -
  </new>
  <exclusive>
   no
  </exclusive>
 </clothing>
 <clothing>
  <id>
   852652348
  </id>
  <name>
   Adidas Jeans N-1489
  </name>
  <category>
   Jeans
  </category>
  <size>
   S
  </size>
  <color>
   Красный
  </color>
  <material>
   Шерсть
  </material>
  <price>
   176198
  </price>
  <rating>
   1.6
  </rating>
  <reviews>
   670965
  </reviews>
  <exclusive>
   yes
  </exclusive>
 </clothing>
 <clothing>
  <id>
   139732660
  </id>
  <name>
   Fila Shirt H-4935
  </name>
  <category>
   Shirt
  </category>
  <size>
   L
  </size>
  <color>
   Синий
  </color>
  <material>
   Хлопок
  </material>
  <price>
   221347
  </price>
  <rating>
   3.84
  </rating>
  <reviews>
   557405
  </reviews>
  <new>
   -
  </new>
  <exclusive>
   yes
  </exclusive>
  <sporty>
   yes
  </sporty>
 </clothing>
 <clothing>
  <id>
   569866286
  </id>
  <name>
   Addidas Pants D-6907
  </name>
  <category>
   Pants
  </category>
  <size>
   M
  </size>
  <color>
   Фиолетовый
  </color>
  <material>
   Нейлон
  </material>
  <price>
   305040
  </price>
  <rating>
   2.83
  </rating>
  <reviews>
   486474
  </reviews>
  <new>
   +
  </new>
  <exclusive>
   no
  </exclusive>
 </clothing>
</clothing-items>
