<?xml version="1.0" encoding="utf-8"?>
<clothing-items>
 <clothing>
  <id>
   238590720
  </id>
  <name>
   Puma T-shirt Q-5232
  </name>
  <category>
   T-shirt
  </category>
  <size>
   XXL
  </size>
  <color>
   Оранжевый
  </color>
  <material>
   Кожа
  </material>
  <price>
   455085
  </price>
  <rating>
   3.84
  </rating>
  <reviews>
   842204
  </reviews>
 </clothing>
 <clothing>
  <id>
   769010262
  </id>
  <name>
   New Balance Dress J-5910
  </name>
  <category>
   Dress
  </category>
  <size>
   M
  </size>
  <color>
   Красный
  </color>
  <material>
   Лен
  </material>
  <price>
   808234
  </price>
  <rating>
   3.82
  </rating>
  <reviews>
   942070
  </reviews>
  <exclusive>
   no
  </exclusive>
  <sporty>
   yes
  </sporty>
 </clothing>
 <clothing>
  <id>
   617650801
  </id>
  <name>
   Ellesse Jacket K-4893
  </name>
  <category>
   Jacket
  </category>
  <size>
   XL
  </size>
  <color>
   Голубой
  </color>
  <material>
   Нейлон
  </material>
  <price>
   642457
  </price>
  <rating>
   1.79
  </rating>
  <reviews>
   633958
  </reviews>
  <sporty>
   yes
  </sporty>
 </clothing>
 <clothing>
  <id>
   973850025
  </id>
  <name>
   Asics Gloves L-6903
  </name>
  <category>
   Gloves
  </category>
  <size>
   XXL
  </size>
  <color>
   Зеленый
  </color>
  <material>
   Нейлон
  </material>
  <price>
   496832
  </price>
  <rating>
   4.14
  </rating>
  <reviews>
   333393
  </reviews>
  <sporty>
   no
  </sporty>
 </clothing>
 <clothing>
  <id>
   284835891
  </id>
  <name>
   Lacoste T-shirt V-1058
  </name>
  <category>
   T-shirt
  </category>
  <size>
   L
  </size>
  <color>
   Красный
  </color>
  <material>
   Нейлон
  </material>
  <price>
   112388
  </price>
  <rating>
   1.73
  </rating>
  <reviews>
   412736
  </reviews>
  <new>
   +
  </new>
  <sporty>
   yes
  </sporty>
 </clothing>
 <clothing>
  <id>
   673765980
  </id>
  <name>
   Fila Belts Q-4607
  </name>
  <category>
   Belts
  </category>
  <size>
   XL
  </size>
  <color>
   Зеленый
  </color>
  <material>
   Нейлон
  </material>
  <price>
   204601
  </price>
  <rating>
   4.49
  </rating>
  <reviews>
   323389
  </reviews>
  <new>
   -
  </new>
  <sporty>
   no
  </sporty>
 </clothing>
 <clothing>
  <id>
   909593925
  </id>
  <name>
   PleinSport Sweater M-8165
  </name>
  <category>
   Sweater
  </category>
  <size>
   M
  </size>
  <color>
   Желтый
  </color>
  <material>
   Вискоза
  </material>
  <price>
   502137
  </price>
  <rating>
   4.26
  </rating>
  <reviews>
   473362
  </reviews>
  <new>
   -
  </new>
  <exclusive>
   no
  </exclusive>
  <sporty>
   no
  </sporty>
 </clothing>
 <clothing>
  <id>
   176524644
  </id>
  <name>
   Puma Jeans Y-5422
  </name>
  <category>
   Jeans
  </category>
  <size>
   M
  </size>
  <color>
   Фиолетовый
  </color>
  <material>
   Вискоза
  </material>
  <price>
   325296
  </price>
  <rating>
   2.87
  </rating>
  <reviews>
   77206
  </reviews>
  <new>
   +
  </new>
  <exclusive>
   no
  </exclusive>
  <sporty>
   no
  </sporty>
 </clothing>
 <clothing>
  <id>
   897232740
  </id>
  <name>
   Nike Jacket B-9868
  </name>
  <category>
   Jacket
  </category>
  <size>
   M
  </size>
  <color>
   Зеленый
  </color>
  <material>
   Вискоза
  </material>
  <price>
   245089
  </price>
  <rating>
   4.51
  </rating>
  <reviews>
   260212
  </reviews>
  <new>
   +
  </new>
  <exclusive>
   yes
  </exclusive>
  <sporty>
   no
  </sporty>
 </clothing>
 <clothing>
  <id>
   528336901
  </id>
  <name>
   Asics Skirt D-6821
  </name>
  <category>
   Skirt
  </category>
  <size>
   XL
  </size>
  <color>
   Голубой
  </color>
  <material>
   Кожа
  </material>
  <price>
   310770
  </price>
  <rating>
   1.6
  </rating>
  <reviews>
   42278
  </reviews>
  <new>
   -
  </new>
 </clothing>
 <clothing>
  <id>
   711388752
  </id>
  <name>
   Vans Shirt N-3448
  </name>
  <category>
   Shirt
  </category>
  <size>
   M
  </size>
  <color>
   Зеленый
  </color>
  <material>
   Вискоза
  </material>
  <price>
   929883
  </price>
  <rating>
   1.72
  </rating>
  <reviews>
   969821
  </reviews>
  <exclusive>
   yes
  </exclusive>
  <sporty>
   no
  </sporty>
 </clothing>
 <clothing>
  <id>
   454294730
  </id>
  <name>
   New Balance Jeans H-9593
  </name>
  <category>
   Jeans
  </category>
  <size>
   S
  </size>
  <color>
   Синий
  </color>
  <material>
   Кожа
  </material>
  <price>
   708745
  </price>
  <rating>
   4.7
  </rating>
  <reviews>
   465928
  </reviews>
  <exclusive>
   yes
  </exclusive>
  <sporty>
   no
  </sporty>
 </clothing>
 <clothing>
  <id>
   209761467
  </id>
  <name>
   Vans Skirt U-6280
  </name>
  <category>
   Skirt
  </category>
  <size>
   XXL
  </size>
  <color>
   Желтый
  </color>
  <material>
   Шелк
  </material>
  <price>
   410947
  </price>
  <rating>
   4.54
  </rating>
  <reviews>
   311823
  </reviews>
  <new>
   -
  </new>
  <exclusive>
   no
  </exclusive>
  <sporty>
   yes
  </sporty>
 </clothing>
 <clothing>
  <id>
   544336038
  </id>
  <name>
   Converse Belts O-2382
  </name>
  <category>
   Belts
  </category>
  <size>
   XL
  </size>
  <color>
   Фиолетовый
  </color>
  <material>
   Шерсть
  </material>
  <price>
   727482
  </price>
  <rating>
   2.77
  </rating>
  <reviews>
   646782
  </reviews>
  <new>
   -
  </new>
  <exclusive>
   yes
  </exclusive>
  <sporty>
   yes
  </sporty>
 </clothing>
 <clothing>
  <id>
   413289140
  </id>
  <name>
   Reebok Dress N-9579
  </name>
  <category>
   Dress
  </category>
  <size>
   S
  </size>
  <color>
   Зеленый
  </color>
  <material>
   Лен
  </material>
  <price>
   919921
  </price>
  <rating>
   4.41
  </rating>
  <reviews>
   980377
  </reviews>
  <new>
   -
  </new>
  <sporty>
   yes
  </sporty>
 </clothing>
 <clothing>
  <id>
   738530804
  </id>
  <name>
   New Balance Belts E-6057
  </name>
  <category>
   Belts
  </category>
  <size>
   M
  </size>
  <color>
   Синий
  </color>
  <material>
   Хлопок
  </material>
  <price>
   820849
  </price>
  <rating>
   2.39
  </rating>
  <reviews>
   771225
  </reviews>
  <new>
   -
  </new>
  <exclusive>
   no
  </exclusive>
  <sporty>
   no
  </sporty>
 </clothing>
 <clothing>
  <id>
   691627519
  </id>
  <name>
   Nike Handbags Q-3687
  </name>
  <category>
   Handbags
  </category>
  <size>
   S
  </size>
  <color>
   Красный
  </color>
  <material>
   Нейлон
  </material>
  <price>
   170533
  </price>
  <rating>
   1.84
  </rating>
  <reviews>
   908334
  </reviews>
  <sporty>
   no
  </sporty>
 </clothing>
 <clothing>
  <id>
   662612523
  </id>
  <name>
   Puma Hat Q-5168
  </name>
  <category>
   Hat
  </category>
  <size>
   XXL
  </size>
  <color>
   Синий
  </color>
  <material>
   Нейлон
  </material>
  <price>
   815534
  </price>
  <rating>
   4.38
  </rating>
  <reviews>
   928349
  </reviews>
 </clothing>
 <clothing>
  <id>
   105782730
  </id>
  <name>
   Addidas Shirt Z-4132
  </name>
  <category>
   Shirt
  </category>
  <size>
   S
  </size>
  <color>
   Синий
  </color>
  <material>
   Кожа
  </material>
  <price>
   616983
  </price>
  <rating>
   3.22
  </rating>
  <reviews>
   991722
  </reviews>
  <exclusive>
   no
  </exclusive>
  <sporty>
   no
  </sporty>
 </clothing>
 <clothing>
  <id>
   284102928
  </id>
  <name>
   Under Armour Handbags B-2709
  </name>
  <category>
   Handbags
  </category>
  <size>
   S
  </size>
  <color>
   Голубой
  </color>
  <material>
   Полиэстер
  </material>
  <price>
   320212
  </price>
  <rating>
   3.49
  </rating>
  <reviews>
   295890
  </reviews>
  <new>
   +
  </new>
  <sporty>
   no
  </sporty>
 </clothing>
 <clothing>
  <id>
   756343668
  </id>
  <name>
   Vans Jacket Z-3568
  </name>
  <category>
   Jacket
  </category>
  <size>
   XL
  </size>
  <color>
   Синий
  </color>
  <material>
   Хлопок
  </material>
  <price>
   129622
  </price>
  <rating>
   3.42
  </rating>
  <reviews>
   147142
  </reviews>
  <exclusive>
   yes
  </exclusive>
  <sporty>
   no
  </sporty>
 </clothing>
 <clothing>
  <id>
   343013588
  </id>
  <name>
   Addidas Shoes O-6003
  </name>
  <category>
   Shoes
  </category>
  <size>
   XXL
  </size>
  <color>
   Голубой
  </color>
  <material>
   Лен
  </material>
  <price>
   169337
  </price>
  <rating>
   1.79
  </rating>
  <reviews>
   406002
  </reviews>
  <new>
   -
  </new>
  <exclusive>
   no
  </exclusive>
  <sporty>
   yes
  </sporty>
 </clothing>
 <clothing>
  <id>
   471471323
  </id>
  <name>
   Nike Shirt U-3984
  </name>
  <category>
   Shirt
  </category>
  <size>
   M
  </size>
  <color>
   Красный
  </color>
  <material>
   Вискоза
  </material>
  <price>
   192103
  </price>
  <rating>
   1.46
  </rating>
  <reviews>
   37758
  </reviews>
  <new>
   +
  </new>
 </clothing>
 <clothing>
  <id>
   432415337
  </id>
  <name>
   Adidas Skirt P-8695
  </name>
  <category>
   Skirt
  </category>
  <size>
   M
  </size>
  <color>
   Желтый
  </color>
  <material>
   Полиэстер
  </material>
  <price>
   782854
  </price>
  <rating>
   2.36
  </rating>
  <reviews>
   292863
  </reviews>
  <new>
   +
  </new>
  <exclusive>
   no
  </exclusive>
  <sporty>
   yes
  </sporty>
 </clothing>
 <clothing>
  <id>
   486107269
  </id>
  <name>
   Puma Belts M-1675
  </name>
  <category>
   Belts
  </category>
  <size>
   L
  </size>
  <color>
   Фиолетовый
  </color>
  <material>
   Лен
  </material>
  <price>
   240509
  </price>
  <rating>
   1.24
  </rating>
  <reviews>
   676864
  </reviews>
  <exclusive>
   yes
  </exclusive>
  <sporty>
   yes
  </sporty>
 </clothing>
 <clothing>
  <id>
   678613149
  </id>
  <name>
   Adidas Shirt B-7288
  </name>
  <category>
   Shirt
  </category>
  <size>
   S
  </size>
  <color>
   Зеленый
  </color>
  <material>
   Нейлон
  </material>
  <price>
   679728
  </price>
  <rating>
   1.15
  </rating>
  <reviews>
   892763
  </reviews>
  <new>
   -
  </new>
  <exclusive>
   no
  </exclusive>
  <sporty>
   yes
  </sporty>
 </clothing>
 <clothing>
  <id>
   446407391
  </id>
  <name>
   Nike Pants P-6712
  </name>
  <category>
   Pants
  </category>
  <size>
   M
  </size>
  <color>
   Голубой
  </color>
  <material>
   Вискоза
  </material>
  <price>
   773693
  </price>
  <rating>
   3.61
  </rating>
  <reviews>
   298472
  </reviews>
  <exclusive>
   yes
  </exclusive>
  <sporty>
   yes
  </sporty>
 </clothing>
 <clothing>
  <id>
   169788676
  </id>
  <name>
   Reebok Sweater O-7823
  </name>
  <category>
   Sweater
  </category>
  <size>
   S
  </size>
  <color>
   Голубой
  </color>
  <material>
   Лен
  </material>
  <price>
   284961
  </price>
  <rating>
   4.82
  </rating>
  <reviews>
   252084
  </reviews>
  <new>
   -
  </new>
  <exclusive>
   yes
  </exclusive>
  <sporty>
   yes
  </sporty>
 </clothing>
 <clothing>
  <id>
   234132803
  </id>
  <name>
   Addidas Handbags B-3189
  </name>
  <category>
   Handbags
  </category>
  <size>
   L
  </size>
  <color>
   Желтый
  </color>
  <material>
   Полиэстер
  </material>
  <price>
   330211
  </price>
  <rating>
   2.0
  </rating>
  <reviews>
   683121
  </reviews>
  <new>
   -
  </new>
  <exclusive>
   yes
  </exclusive>
  <sporty>
   no
  </sporty>
 </clothing>
 <clothing>
  <id>
   279418095
  </id>
  <name>
   Brooks Hat N-6620
  </name>
  <category>
   Hat
  </category>
  <size>
   XL
  </size>
  <color>
   Красный
  </color>
  <material>
   Хлопок
  </material>
  <price>
   966744
  </price>
  <rating>
   3.19
  </rating>
  <reviews>
   473490
  </reviews>
  <new>
   +
  </new>
 </clothing>
</clothing-items>
