<?xml version="1.0" encoding="utf-8"?>
<clothing-items>
 <clothing>
  <id>
   604069904
  </id>
  <name>
   Fila Skirt I-1412
  </name>
  <category>
   Skirt
  </category>
  <size>
   XL
  </size>
  <color>
   Желтый
  </color>
  <material>
   Шелк
  </material>
  <price>
   651604
  </price>
  <rating>
   1.42
  </rating>
  <reviews>
   426033
  </reviews>
  <new>
   -
  </new>
  <exclusive>
   yes
  </exclusive>
 </clothing>
 <clothing>
  <id>
   151808073
  </id>
  <name>
   Ellesse Belts Y-3082
  </name>
  <category>
   Belts
  </category>
  <size>
   XL
  </size>
  <color>
   Красный
  </color>
  <material>
   Хлопок
  </material>
  <price>
   746421
  </price>
  <rating>
   1.81
  </rating>
  <reviews>
   992188
  </reviews>
  <exclusive>
   yes
  </exclusive>
 </clothing>
 <clothing>
  <id>
   727863895
  </id>
  <name>
   New Balance Pants X-2299
  </name>
  <category>
   Pants
  </category>
  <size>
   S
  </size>
  <color>
   Голубой
  </color>
  <material>
   Лен
  </material>
  <price>
   928103
  </price>
  <rating>
   2.64
  </rating>
  <reviews>
   971328
  </reviews>
  <new>
   -
  </new>
  <exclusive>
   yes
  </exclusive>
 </clothing>
 <clothing>
  <id>
   929393525
  </id>
  <name>
   Lacoste Umbrellas Y-4125
  </name>
  <category>
   Umbrellas
  </category>
  <size>
   S
  </size>
  <color>
   Голубой
  </color>
  <material>
   Шелк
  </material>
  <price>
   861584
  </price>
  <rating>
   3.78
  </rating>
  <reviews>
   485703
  </reviews>
  <new>
   -
  </new>
  <sporty>
   no
  </sporty>
 </clothing>
 <clothing>
  <id>
   637541927
  </id>
  <name>
   Converse Blouse G-6239
  </name>
  <category>
   Blouse
  </category>
  <size>
   XXL
  </size>
  <color>
   Фиолетовый
  </color>
  <material>
   Нейлон
  </material>
  <price>
   217721
  </price>
  <rating>
   1.41
  </rating>
  <reviews>
   5629
  </reviews>
  <exclusive>
   yes
  </exclusive>
  <sporty>
   no
  </sporty>
 </clothing>
 <clothing>
  <id>
   422465338
  </id>
  <name>
   Vans Gloves G-4801
  </name>
  <category>
   Gloves
  </category>
  <size>
   XXL
  </size>
  <color>
   Красный
  </color>
  <material>
   Шелк
  </material>
  <price>
   852360
  </price>
  <rating>
   3.68
  </rating>
  <reviews>
   633890
  </reviews>
 </clothing>
 <clothing>
  <id>
   678969020
  </id>
  <name>
   Addidas Umbrellas F-9423
  </name>
  <category>
   Umbrellas
  </category>
  <size>
   XXL
  </size>
  <color>
   Синий
  </color>
  <material>
   Полиэстер
  </material>
  <price>
   131707
  </price>
  <rating>
   1.91
  </rating>
  <reviews>
   127793
  </reviews>
  <new>
   +
  </new>
  <exclusive>
   no
  </exclusive>
  <sporty>
   yes
  </sporty>
 </clothing>
 <clothing>
  <id>
   467663204
  </id>
  <name>
   PleinSport Jeans Y-8001
  </name>
  <category>
   Jeans
  </category>
  <size>
   L
  </size>
  <color>
   Желтый
  </color>
  <material>
   Полиэстер
  </material>
  <price>
   284111
  </price>
  <rating>
   4.96
  </rating>
  <reviews>
   866188
  </reviews>
  <new>
   -
  </new>
  <exclusive>
   no
  </exclusive>
  <sporty>
   yes
  </sporty>
 </clothing>
 <clothing>
  <id>
   861692013
  </id>
  <name>
   DC Dress V-2008
  </name>
  <category>
   Dress
  </category>
  <size>
   S
  </size>
  <color>
   Голубой
  </color>
  <material>
   Шелк
  </material>
  <price>
   524974
  </price>
  <rating>
   4.11
  </rating>
  <reviews>
   347959
  </reviews>
  <exclusive>
   no
  </exclusive>
  <sporty>
   yes
  </sporty>
 </clothing>
 <clothing>
  <id>
   524569031
  </id>
  <name>
   Adidas Jeans R-9563
  </name>
  <category>
   Jeans
  </category>
  <size>
   XL
  </size>
  <color>
   Голубой
  </color>
  <material>
   Лен
  </material>
  <price>
   541752
  </price>
  <rating>
   3.17
  </rating>
  <reviews>
   61219
  </reviews>
  <new>
   +
  </new>
  <exclusive>
   yes
  </exclusive>
  <sporty>
   no
  </sporty>
 </clothing>
 <clothing>
  <id>
   285433359
  </id>
  <name>
   New Balance Shoes V-1382
  </name>
  <category>
   Shoes
  </category>
  <size>
   S
  </size>
  <color>
   Зеленый
  </color>
  <material>
   Шелк
  </material>
  <price>
   809401
  </price>
  <rating>
   1.35
  </rating>
  <reviews>
   911269
  </reviews>
  <exclusive>
   yes
  </exclusive>
 </clothing>
 <clothing>
  <id>
   650809629
  </id>
  <name>
   New Balance Jacket Y-6607
  </name>
  <category>
   Jacket
  </category>
  <size>
   XXL
  </size>
  <color>
   Красный
  </color>
  <material>
   Вискоза
  </material>
  <price>
   978907
  </price>
  <rating>
   3.84
  </rating>
  <reviews>
   561374
  </reviews>
  <new>
   +
  </new>
  <exclusive>
   no
  </exclusive>
  <sporty>
   no
  </sporty>
 </clothing>
 <clothing>
  <id>
   571564483
  </id>
  <name>
   Fila Skirt F-8273
  </name>
  <category>
   Skirt
  </category>
  <size>
   S
  </size>
  <color>
   Фиолетовый
  </color>
  <material>
   Лен
  </material>
  <price>
   678777
  </price>
  <rating>
   1.97
  </rating>
  <reviews>
   230425
  </reviews>
  <new>
   +
  </new>
  <exclusive>
   yes
  </exclusive>
  <sporty>
   yes
  </sporty>
 </clothing>
 <clothing>
  <id>
   682568038
  </id>
  <name>
   New Balance Skirt Z-8567
  </name>
  <category>
   Skirt
  </category>
  <size>
   XL
  </size>
  <color>
   Красный
  </color>
  <material>
   Нейлон
  </material>
  <price>
   321646
  </price>
  <rating>
   4.23
  </rating>
  <reviews>
   716170
  </reviews>
  <new>
   -
  </new>
  <sporty>
   no
  </sporty>
 </clothing>
 <clothing>
  <id>
   565446929
  </id>
  <name>
   Brooks Umbrellas V-1047
  </name>
  <category>
   Umbrellas
  </category>
  <size>
   L
  </size>
  <color>
   Фиолетовый
  </color>
  <material>
   Шерсть
  </material>
  <price>
   997206
  </price>
  <rating>
   4.16
  </rating>
  <reviews>
   795522
  </reviews>
  <new>
   -
  </new>
 </clothing>
 <clothing>
  <id>
   962809313
  </id>
  <name>
   Reebok T-shirt R-1222
  </name>
  <category>
   T-shirt
  </category>
  <size>
   XL
  </size>
  <color>
   Желтый
  </color>
  <material>
   Кожа
  </material>
  <price>
   523786
  </price>
  <rating>
   4.94
  </rating>
  <reviews>
   342402
  </reviews>
 </clothing>
 <clothing>
  <id>
   248383456
  </id>
  <name>
   PleinSport Jacket C-4094
  </name>
  <category>
   Jacket
  </category>
  <size>
   XXL
  </size>
  <color>
   Синий
  </color>
  <material>
   Вискоза
  </material>
  <price>
   164758
  </price>
  <rating>
   2.21
  </rating>
  <reviews>
   379961
  </reviews>
  <exclusive>
   yes
  </exclusive>
 </clothing>
 <clothing>
  <id>
   575305237
  </id>
  <name>
   Vans Skirt H-2876
  </name>
  <category>
   Skirt
  </category>
  <size>
   L
  </size>
  <color>
   Голубой
  </color>
  <material>
   Кожа
  </material>
  <price>
   881084
  </price>
  <rating>
   4.73
  </rating>
  <reviews>
   840561
  </reviews>
  <new>
   +
  </new>
 </clothing>
 <clothing>
  <id>
   314766917
  </id>
  <name>
   Fila T-shirt E-3581
  </name>
  <category>
   T-shirt
  </category>
  <size>
   XL
  </size>
  <color>
   Синий
  </color>
  <material>
   Шелк
  </material>
  <price>
   977822
  </price>
  <rating>
   4.67
  </rating>
  <reviews>
   645817
  </reviews>
 </clothing>
</clothing-items>
