<?xml version="1.0" encoding="utf-8"?>
<clothing-items>
 <clothing>
  <id>
   110709100
  </id>
  <name>
   Addidas Shoes B-7988
  </name>
  <category>
   Shoes
  </category>
  <size>
   M
  </size>
  <color>
   Синий
  </color>
  <material>
   Лен
  </material>
  <price>
   480163
  </price>
  <rating>
   2.13
  </rating>
  <reviews>
   205536
  </reviews>
  <new>
   +
  </new>
  <exclusive>
   no
  </exclusive>
  <sporty>
   no
  </sporty>
 </clothing>
 <clothing>
  <id>
   536134896
  </id>
  <name>
   New Balance Blouse O-7177
  </name>
  <category>
   Blouse
  </category>
  <size>
   S
  </size>
  <color>
   Желтый
  </color>
  <material>
   Шелк
  </material>
  <price>
   438268
  </price>
  <rating>
   3.09
  </rating>
  <reviews>
   407270
  </reviews>
  <new>
   -
  </new>
  <sporty>
   yes
  </sporty>
 </clothing>
 <clothing>
  <id>
   418653890
  </id>
  <name>
   Asics Sweater Z-3952
  </name>
  <category>
   Sweater
  </category>
  <size>
   XL
  </size>
  <color>
   Желтый
  </color>
  <material>
   Шелк
  </material>
  <price>
   259601
  </price>
  <rating>
   2.86
  </rating>
  <reviews>
   698800
  </reviews>
  <new>
   +
  </new>
  <sporty>
   no
  </sporty>
 </clothing>
 <clothing>
  <id>
   716285444
  </id>
  <name>
   Converse T-shirt I-6671
  </name>
  <category>
   T-shirt
  </category>
  <size>
   L
  </size>
  <color>
   Синий
  </color>
  <material>
   Шерсть
  </material>
  <price>
   445851
  </price>
  <rating>
   4.12
  </rating>
  <reviews>
   378664
  </reviews>
  <sporty>
   yes
  </sporty>
 </clothing>
 <clothing>
  <id>
   252790875
  </id>
  <name>
   Adidas Shirt V-1117
  </name>
  <category>
   Shirt
  </category>
  <size>
   S
  </size>
  <color>
   Голубой
  </color>
  <material>
   Вискоза
  </material>
  <price>
   348350
  </price>
  <rating>
   3.12
  </rating>
  <reviews>
   96192
  </reviews>
  <exclusive>
   no
  </exclusive>
  <sporty>
   no
  </sporty>
 </clothing>
 <clothing>
  <id>
   788542465
  </id>
  <name>
   Lacoste Pants W-4302
  </name>
  <category>
   Pants
  </category>
  <size>
   M
  </size>
  <color>
   Оранжевый
  </color>
  <material>
   Шерсть
  </material>
  <price>
   825138
  </price>
  <rating>
   2.21
  </rating>
  <reviews>
   277557
  </reviews>
  <exclusive>
   no
  </exclusive>
  <sporty>
   no
  </sporty>
 </clothing>
 <clothing>
  <id>
   582426781
  </id>
  <name>
   Vans Umbrellas S-4127
  </name>
  <category>
   Umbrellas
  </category>
  <size>
   S
  </size>
  <color>
   Зеленый
  </color>
  <material>
   Лен
  </material>
  <price>
   143711
  </price>
  <rating>
   1.34
  </rating>
  <reviews>
   786960
  </reviews>
  <new>
   +
  </new>
  <sporty>
   yes
  </sporty>
 </clothing>
 <clothing>
  <id>
   769832604
  </id>
  <name>
   Vans T-shirt Q-5424
  </name>
  <category>
   T-shirt
  </category>
  <size>
   S
  </size>
  <color>
   Голубой
  </color>
  <material>
   Вискоза
  </material>
  <price>
   729642
  </price>
  <rating>
   4.21
  </rating>
  <reviews>
   723164
  </reviews>
  <exclusive>
   yes
  </exclusive>
 </clothing>
 <clothing>
  <id>
   900099539
  </id>
  <name>
   Brooks Hat X-1457
  </name>
  <category>
   Hat
  </category>
  <size>
   S
  </size>
  <color>
   Фиолетовый
  </color>
  <material>
   Кожа
  </material>
  <price>
   539010
  </price>
  <rating>
   2.47
  </rating>
  <reviews>
   817030
  </reviews>
 </clothing>
 <clothing>
  <id>
   119326024
  </id>
  <name>
   Converse Sweater T-6250
  </name>
  <category>
   Sweater
  </category>
  <size>
   XL
  </size>
  <color>
   Зеленый
  </color>
  <material>
   Шелк
  </material>
  <price>
   733961
  </price>
  <rating>
   2.54
  </rating>
  <reviews>
   455143
  </reviews>
  <new>
   +
  </new>
  <exclusive>
   no
  </exclusive>
  <sporty>
   no
  </sporty>
 </clothing>
 <clothing>
  <id>
   670303613
  </id>
  <name>
   Ellesse Dress T-9713
  </name>
  <category>
   Dress
  </category>
  <size>
   L
  </size>
  <color>
   Зеленый
  </color>
  <material>
   Шерсть
  </material>
  <price>
   293727
  </price>
  <rating>
   3.81
  </rating>
  <reviews>
   538919
  </reviews>
  <new>
   -
  </new>
  <sporty>
   no
  </sporty>
 </clothing>
 <clothing>
  <id>
   776751781
  </id>
  <name>
   Fila Skirt B-3062
  </name>
  <category>
   Skirt
  </category>
  <size>
   XL
  </size>
  <color>
   Синий
  </color>
  <material>
   Кожа
  </material>
  <price>
   360290
  </price>
  <rating>
   1.87
  </rating>
  <reviews>
   462575
  </reviews>
  <exclusive>
   no
  </exclusive>
  <sporty>
   no
  </sporty>
 </clothing>
 <clothing>
  <id>
   157252867
  </id>
  <name>
   Fila Handbags F-2249
  </name>
  <category>
   Handbags
  </category>
  <size>
   XXL
  </size>
  <color>
   Фиолетовый
  </color>
  <material>
   Хлопок
  </material>
  <price>
   923016
  </price>
  <rating>
   4.43
  </rating>
  <reviews>
   910017
  </reviews>
  <exclusive>
   yes
  </exclusive>
  <sporty>
   yes
  </sporty>
 </clothing>
 <clothing>
  <id>
   863944547
  </id>
  <name>
   Addidas Pants X-7320
  </name>
  <category>
   Pants
  </category>
  <size>
   M
  </size>
  <color>
   Фиолетовый
  </color>
  <material>
   Шерсть
  </material>
  <price>
   497760
  </price>
  <rating>
   3.21
  </rating>
  <reviews>
   413750
  </reviews>
  <new>
   +
  </new>
 </clothing>
 <clothing>
  <id>
   458997052
  </id>
  <name>
   Addidas Gloves Y-2110
  </name>
  <category>
   Gloves
  </category>
  <size>
   L
  </size>
  <color>
   Синий
  </color>
  <material>
   Шерсть
  </material>
  <price>
   137744
  </price>
  <rating>
   2.29
  </rating>
  <reviews>
   444082
  </reviews>
  <exclusive>
   no
  </exclusive>
 </clothing>
 <clothing>
  <id>
   127091126
  </id>
  <name>
   Addidas Handbags U-6625
  </name>
  <category>
   Handbags
  </category>
  <size>
   XXL
  </size>
  <color>
   Красный
  </color>
  <material>
   Вискоза
  </material>
  <price>
   876194
  </price>
  <rating>
   1.22
  </rating>
  <reviews>
   404657
  </reviews>
  <new>
   +
  </new>
  <sporty>
   no
  </sporty>
 </clothing>
 <clothing>
  <id>
   753508392
  </id>
  <name>
   New Balance Socks L-4576
  </name>
  <category>
   Socks
  </category>
  <size>
   L
  </size>
  <color>
   Красный
  </color>
  <material>
   Кожа
  </material>
  <price>
   648075
  </price>
  <rating>
   1.32
  </rating>
  <reviews>
   432820
  </reviews>
 </clothing>
 <clothing>
  <id>
   562762042
  </id>
  <name>
   New Balance Shirt Z-1476
  </name>
  <category>
   Shirt
  </category>
  <size>
   S
  </size>
  <color>
   Красный
  </color>
  <material>
   Вискоза
  </material>
  <price>
   813495
  </price>
  <rating>
   2.39
  </rating>
  <reviews>
   225465
  </reviews>
  <new>
   +
  </new>
 </clothing>
 <clothing>
  <id>
   706999893
  </id>
  <name>
   New Balance Pants P-9962
  </name>
  <category>
   Pants
  </category>
  <size>
   L
  </size>
  <color>
   Фиолетовый
  </color>
  <material>
   Лен
  </material>
  <price>
   814456
  </price>
  <rating>
   1.35
  </rating>
  <reviews>
   126366
  </reviews>
  <new>
   -
  </new>
  <exclusive>
   no
  </exclusive>
 </clothing>
 <clothing>
  <id>
   687061351
  </id>
  <name>
   Converse Pants F-3633
  </name>
  <category>
   Pants
  </category>
  <size>
   XL
  </size>
  <color>
   Красный
  </color>
  <material>
   Хлопок
  </material>
  <price>
   922484
  </price>
  <rating>
   1.37
  </rating>
  <reviews>
   708448
  </reviews>
  <new>
   +
  </new>
  <exclusive>
   no
  </exclusive>
  <sporty>
   no
  </sporty>
 </clothing>
 <clothing>
  <id>
   929028337
  </id>
  <name>
   Reebok Blouse E-5922
  </name>
  <category>
   Blouse
  </category>
  <size>
   XXL
  </size>
  <color>
   Красный
  </color>
  <material>
   Шерсть
  </material>
  <price>
   173200
  </price>
  <rating>
   4.2
  </rating>
  <reviews>
   678815
  </reviews>
  <new>
   +
  </new>
  <sporty>
   no
  </sporty>
 </clothing>
 <clothing>
  <id>
   799533539
  </id>
  <name>
   Reebok Jeans W-5670
  </name>
  <category>
   Jeans
  </category>
  <size>
   XXL
  </size>
  <color>
   Голубой
  </color>
  <material>
   Вискоза
  </material>
  <price>
   163753
  </price>
  <rating>
   1.32
  </rating>
  <reviews>
   498204
  </reviews>
  <new>
   -
  </new>
  <sporty>
   no
  </sporty>
 </clothing>
 <clothing>
  <id>
   488763960
  </id>
  <name>
   Nike Hat U-8532
  </name>
  <category>
   Hat
  </category>
  <size>
   S
  </size>
  <color>
   Красный
  </color>
  <material>
   Нейлон
  </material>
  <price>
   574342
  </price>
  <rating>
   2.68
  </rating>
  <reviews>
   101982
  </reviews>
  <exclusive>
   yes
  </exclusive>
 </clothing>
 <clothing>
  <id>
   841016681
  </id>
  <name>
   DC T-shirt Z-3471
  </name>
  <category>
   T-shirt
  </category>
  <size>
   XXL
  </size>
  <color>
   Синий
  </color>
  <material>
   Хлопок
  </material>
  <price>
   387397
  </price>
  <rating>
   1.45
  </rating>
  <reviews>
   103434
  </reviews>
  <new>
   -
  </new>
  <sporty>
   no
  </sporty>
 </clothing>
 <clothing>
  <id>
   812596284
  </id>
  <name>
   DC T-shirt L-7703
  </name>
  <category>
   T-shirt
  </category>
  <size>
   XXL
  </size>
  <color>
   Фиолетовый
  </color>
  <material>
   Лен
  </material>
  <price>
   697128
  </price>
  <rating>
   3.14
  </rating>
  <reviews>
   857579
  </reviews>
  <new>
   -
  </new>
  <exclusive>
   no
  </exclusive>
 </clothing>
 <clothing>
  <id>
   154811392
  </id>
  <name>
   Vans Hat X-8597
  </name>
  <category>
   Hat
  </category>
  <size>
   M
  </size>
  <color>
   Оранжевый
  </color>
  <material>
   Шерсть
  </material>
  <price>
   273401
  </price>
  <rating>
   2.74
  </rating>
  <reviews>
   816894
  </reviews>
  <new>
   -
  </new>
  <exclusive>
   yes
  </exclusive>
  <sporty>
   yes
  </sporty>
 </clothing>
 <clothing>
  <id>
   387014251
  </id>
  <name>
   Brooks Shirt O-6844
  </name>
  <category>
   Shirt
  </category>
  <size>
   XXL
  </size>
  <color>
   Зеленый
  </color>
  <material>
   Полиэстер
  </material>
  <price>
   450882
  </price>
  <rating>
   3.69
  </rating>
  <reviews>
   815120
  </reviews>
  <new>
   -
  </new>
  <exclusive>
   no
  </exclusive>
  <sporty>
   no
  </sporty>
 </clothing>
 <clothing>
  <id>
   828538759
  </id>
  <name>
   Fila Jeans G-1118
  </name>
  <category>
   Jeans
  </category>
  <size>
   S
  </size>
  <color>
   Красный
  </color>
  <material>
   Вискоза
  </material>
  <price>
   169035
  </price>
  <rating>
   4.73
  </rating>
  <reviews>
   702694
  </reviews>
  <new>
   -
  </new>
  <exclusive>
   no
  </exclusive>
  <sporty>
   yes
  </sporty>
 </clothing>
 <clothing>
  <id>
   598640961
  </id>
  <name>
   Vans Shirt N-4585
  </name>
  <category>
   Shirt
  </category>
  <size>
   M
  </size>
  <color>
   Красный
  </color>
  <material>
   Нейлон
  </material>
  <price>
   245077
  </price>
  <rating>
   1.7
  </rating>
  <reviews>
   249831
  </reviews>
 </clothing>
 <clothing>
  <id>
   646171851
  </id>
  <name>
   Puma Shirt B-1605
  </name>
  <category>
   Shirt
  </category>
  <size>
   XXL
  </size>
  <color>
   Синий
  </color>
  <material>
   Шелк
  </material>
  <price>
   947392
  </price>
  <rating>
   1.36
  </rating>
  <reviews>
   684791
  </reviews>
  <new>
   -
  </new>
  <sporty>
   yes
  </sporty>
 </clothing>
 <clothing>
  <id>
   247968553
  </id>
  <name>
   Vans Blouse H-5595
  </name>
  <category>
   Blouse
  </category>
  <size>
   S
  </size>
  <color>
   Оранжевый
  </color>
  <material>
   Нейлон
  </material>
  <price>
   153933
  </price>
  <rating>
   1.22
  </rating>
  <reviews>
   574572
  </reviews>
 </clothing>
 <clothing>
  <id>
   517681382
  </id>
  <name>
   DC Dress N-5091
  </name>
  <category>
   Dress
  </category>
  <size>
   XL
  </size>
  <color>
   Желтый
  </color>
  <material>
   Шелк
  </material>
  <price>
   485285
  </price>
  <rating>
   2.18
  </rating>
  <reviews>
   548686
  </reviews>
  <exclusive>
   no
  </exclusive>
  <sporty>
   yes
  </sporty>
 </clothing>
 <clothing>
  <id>
   134509377
  </id>
  <name>
   New Balance Pants Y-9966
  </name>
  <category>
   Pants
  </category>
  <size>
   M
  </size>
  <color>
   Желтый
  </color>
  <material>
   Хлопок
  </material>
  <price>
   393085
  </price>
  <rating>
   3.37
  </rating>
  <reviews>
   825698
  </reviews>
  <new>
   +
  </new>
  <exclusive>
   no
  </exclusive>
  <sporty>
   yes
  </sporty>
 </clothing>
 <clothing>
  <id>
   903636486
  </id>
  <name>
   PleinSport Dress E-1861
  </name>
  <category>
   Dress
  </category>
  <size>
   M
  </size>
  <color>
   Зеленый
  </color>
  <material>
   Лен
  </material>
  <price>
   193809
  </price>
  <rating>
   3.25
  </rating>
  <reviews>
   417579
  </reviews>
  <new>
   +
  </new>
  <sporty>
   no
  </sporty>
 </clothing>
 <clothing>
  <id>
   559576215
  </id>
  <name>
   Vans Shirt G-1194
  </name>
  <category>
   Shirt
  </category>
  <size>
   S
  </size>
  <color>
   Синий
  </color>
  <material>
   Кожа
  </material>
  <price>
   431409
  </price>
  <rating>
   4.53
  </rating>
  <reviews>
   289904
  </reviews>
 </clothing>
 <clothing>
  <id>
   470172935
  </id>
  <name>
   Brooks Jacket S-5657
  </name>
  <category>
   Jacket
  </category>
  <size>
   S
  </size>
  <color>
   Оранжевый
  </color>
  <material>
   Кожа
  </material>
  <price>
   310452
  </price>
  <rating>
   3.73
  </rating>
  <reviews>
   63173
  </reviews>
  <new>
   +
  </new>
  <sporty>
   no
  </sporty>
 </clothing>
 <clothing>
  <id>
   198042633
  </id>
  <name>
   Puma Belts B-9108
  </name>
  <category>
   Belts
  </category>
  <size>
   M
  </size>
  <color>
   Голубой
  </color>
  <material>
   Лен
  </material>
  <price>
   433554
  </price>
  <rating>
   3.34
  </rating>
  <reviews>
   826324
  </reviews>
  <new>
   +
  </new>
  <sporty>
   no
  </sporty>
 </clothing>
 <clothing>
  <id>
   134833056
  </id>
  <name>
   Addidas Umbrellas A-6916
  </name>
  <category>
   Umbrellas
  </category>
  <size>
   XXL
  </size>
  <color>
   Голубой
  </color>
  <material>
   Кожа
  </material>
  <price>
   437657
  </price>
  <rating>
   1.09
  </rating>
  <reviews>
   505500
  </reviews>
  <new>
   +
  </new>
  <sporty>
   yes
  </sporty>
 </clothing>
 <clothing>
  <id>
   374081716
  </id>
  <name>
   Under Armour Pants A-2257
  </name>
  <category>
   Pants
  </category>
  <size>
   L
  </size>
  <color>
   Синий
  </color>
  <material>
   Шелк
  </material>
  <price>
   392855
  </price>
  <rating>
   4.74
  </rating>
  <reviews>
   674125
  </reviews>
  <sporty>
   no
  </sporty>
 </clothing>
 <clothing>
  <id>
   914659482
  </id>
  <name>
   Puma Handbags V-4368
  </name>
  <category>
   Handbags
  </category>
  <size>
   M
  </size>
  <color>
   Желтый
  </color>
  <material>
   Хлопок
  </material>
  <price>
   671896
  </price>
  <rating>
   2.69
  </rating>
  <reviews>
   401813
  </reviews>
  <exclusive>
   no
  </exclusive>
 </clothing>
 <clothing>
  <id>
   658926565
  </id>
  <name>
   Puma Skirt X-5145
  </name>
  <category>
   Skirt
  </category>
  <size>
   XL
  </size>
  <color>
   Красный
  </color>
  <material>
   Полиэстер
  </material>
  <price>
   884932
  </price>
  <rating>
   3.01
  </rating>
  <reviews>
   985489
  </reviews>
  <sporty>
   no
  </sporty>
 </clothing>
 <clothing>
  <id>
   629490992
  </id>
  <name>
   Brooks Shirt A-8845
  </name>
  <category>
   Shirt
  </category>
  <size>
   XL
  </size>
  <color>
   Голубой
  </color>
  <material>
   Шелк
  </material>
  <price>
   618530
  </price>
  <rating>
   1.3
  </rating>
  <reviews>
   537467
  </reviews>
  <new>
   +
  </new>
  <sporty>
   no
  </sporty>
 </clothing>
 <clothing>
  <id>
   956169963
  </id>
  <name>
   Asics Sweater F-8911
  </name>
  <category>
   Sweater
  </category>
  <size>
   XL
  </size>
  <color>
   Фиолетовый
  </color>
  <material>
   Нейлон
  </material>
  <price>
   190102
  </price>
  <rating>
   3.45
  </rating>
  <reviews>
   958739
  </reviews>
  <exclusive>
   yes
  </exclusive>
 </clothing>
 <clothing>
  <id>
   344921850
  </id>
  <name>
   Asics Umbrellas V-2926
  </name>
  <category>
   Umbrellas
  </category>
  <size>
   M
  </size>
  <color>
   Синий
  </color>
  <material>
   Вискоза
  </material>
  <price>
   142615
  </price>
  <rating>
   3.08
  </rating>
  <reviews>
   86897
  </reviews>
  <new>
   -
  </new>
  <exclusive>
   no
  </exclusive>
 </clothing>
 <clothing>
  <id>
   467210742
  </id>
  <name>
   Adidas Socks D-7962
  </name>
  <category>
   Socks
  </category>
  <size>
   XXL
  </size>
  <color>
   Голубой
  </color>
  <material>
   Шерсть
  </material>
  <price>
   812644
  </price>
  <rating>
   3.62
  </rating>
  <reviews>
   727279
  </reviews>
  <exclusive>
   no
  </exclusive>
  <sporty>
   yes
  </sporty>
 </clothing>
 <clothing>
  <id>
   808903298
  </id>
  <name>
   Brooks Jacket N-8319
  </name>
  <category>
   Jacket
  </category>
  <size>
   L
  </size>
  <color>
   Фиолетовый
  </color>
  <material>
   Лен
  </material>
  <price>
   435475
  </price>
  <rating>
   3.69
  </rating>
  <reviews>
   528585
  </reviews>
 </clothing>
 <clothing>
  <id>
   534330962
  </id>
  <name>
   Fila Skirt V-1972
  </name>
  <category>
   Skirt
  </category>
  <size>
   XL
  </size>
  <color>
   Фиолетовый
  </color>
  <material>
   Кожа
  </material>
  <price>
   384221
  </price>
  <rating>
   4.6
  </rating>
  <reviews>
   282128
  </reviews>
  <new>
   -
  </new>
  <exclusive>
   yes
  </exclusive>
  <sporty>
   no
  </sporty>
 </clothing>
 <clothing>
  <id>
   378992435
  </id>
  <name>
   Reebok Handbags X-5056
  </name>
  <category>
   Handbags
  </category>
  <size>
   M
  </size>
  <color>
   Фиолетовый
  </color>
  <material>
   Кожа
  </material>
  <price>
   263381
  </price>
  <rating>
   4.98
  </rating>
  <reviews>
   24611
  </reviews>
  <new>
   -
  </new>
  <exclusive>
   no
  </exclusive>
  <sporty>
   yes
  </sporty>
 </clothing>
 <clothing>
  <id>
   333749896
  </id>
  <name>
   Vans Umbrellas X-1507
  </name>
  <category>
   Umbrellas
  </category>
  <size>
   XXL
  </size>
  <color>
   Фиолетовый
  </color>
  <material>
   Вискоза
  </material>
  <price>
   929190
  </price>
  <rating>
   4.2
  </rating>
  <reviews>
   319763
  </reviews>
  <new>
   +
  </new>
  <exclusive>
   no
  </exclusive>
  <sporty>
   no
  </sporty>
 </clothing>
 <clothing>
  <id>
   877490334
  </id>
  <name>
   Vans Jeans Z-8910
  </name>
  <category>
   Jeans
  </category>
  <size>
   S
  </size>
  <color>
   Фиолетовый
  </color>
  <material>
   Хлопок
  </material>
  <price>
   339499
  </price>
  <rating>
   4.44
  </rating>
  <reviews>
   50953
  </reviews>
  <new>
   -
  </new>
  <exclusive>
   no
  </exclusive>
  <sporty>
   yes
  </sporty>
 </clothing>
</clothing-items>
