<?xml version="1.0" encoding="utf-8"?>
<clothing-items>
 <clothing>
  <id>
   631875159
  </id>
  <name>
   DC Shirt X-7401
  </name>
  <category>
   Shirt
  </category>
  <size>
   L
  </size>
  <color>
   Красный
  </color>
  <material>
   Полиэстер
  </material>
  <price>
   438210
  </price>
  <rating>
   4.1
  </rating>
  <reviews>
   884081
  </reviews>
  <new>
   +
  </new>
  <exclusive>
   no
  </exclusive>
  <sporty>
   yes
  </sporty>
 </clothing>
 <clothing>
  <id>
   415439312
  </id>
  <name>
   Brooks Dress G-7919
  </name>
  <category>
   Dress
  </category>
  <size>
   L
  </size>
  <color>
   Голубой
  </color>
  <material>
   Полиэстер
  </material>
  <price>
   465286
  </price>
  <rating>
   4.73
  </rating>
  <reviews>
   654307
  </reviews>
  <exclusive>
   no
  </exclusive>
 </clothing>
 <clothing>
  <id>
   871284750
  </id>
  <name>
   Under Armour Dress T-6879
  </name>
  <category>
   Dress
  </category>
  <size>
   XL
  </size>
  <color>
   Красный
  </color>
  <material>
   Хлопок
  </material>
  <price>
   659318
  </price>
  <rating>
   3.36
  </rating>
  <reviews>
   394168
  </reviews>
  <new>
   +
  </new>
  <exclusive>
   yes
  </exclusive>
  <sporty>
   no
  </sporty>
 </clothing>
 <clothing>
  <id>
   813328065
  </id>
  <name>
   Ellesse Shirt H-6702
  </name>
  <category>
   Shirt
  </category>
  <size>
   XL
  </size>
  <color>
   Желтый
  </color>
  <material>
   Шелк
  </material>
  <price>
   443512
  </price>
  <rating>
   1.71
  </rating>
  <reviews>
   494961
  </reviews>
  <new>
   -
  </new>
  <sporty>
   no
  </sporty>
 </clothing>
 <clothing>
  <id>
   392348720
  </id>
  <name>
   New Balance Blouse S-5996
  </name>
  <category>
   Blouse
  </category>
  <size>
   S
  </size>
  <color>
   Зеленый
  </color>
  <material>
   Шелк
  </material>
  <price>
   730473
  </price>
  <rating>
   1.01
  </rating>
  <reviews>
   967577
  </reviews>
  <new>
   -
  </new>
  <exclusive>
   yes
  </exclusive>
  <sporty>
   yes
  </sporty>
 </clothing>
 <clothing>
  <id>
   331816536
  </id>
  <name>
   DC Pants N-8769
  </name>
  <category>
   Pants
  </category>
  <size>
   XL
  </size>
  <color>
   Желтый
  </color>
  <material>
   Шелк
  </material>
  <price>
   243123
  </price>
  <rating>
   3.26
  </rating>
  <reviews>
   889438
  </reviews>
  <new>
   +
  </new>
 </clothing>
 <clothing>
  <id>
   305857315
  </id>
  <name>
   Ellesse Jacket S-9613
  </name>
  <category>
   Jacket
  </category>
  <size>
   S
  </size>
  <color>
   Оранжевый
  </color>
  <material>
   Кожа
  </material>
  <price>
   185606
  </price>
  <rating>
   1.65
  </rating>
  <reviews>
   49243
  </reviews>
  <exclusive>
   yes
  </exclusive>
  <sporty>
   no
  </sporty>
 </clothing>
 <clothing>
  <id>
   125527222
  </id>
  <name>
   DC Belts Q-8017
  </name>
  <category>
   Belts
  </category>
  <size>
   S
  </size>
  <color>
   Желтый
  </color>
  <material>
   Шерсть
  </material>
  <price>
   565969
  </price>
  <rating>
   1.63
  </rating>
  <reviews>
   173870
  </reviews>
  <new>
   -
  </new>
  <exclusive>
   yes
  </exclusive>
 </clothing>
 <clothing>
  <id>
   222503766
  </id>
  <name>
   PleinSport Belts X-9342
  </name>
  <category>
   Belts
  </category>
  <size>
   L
  </size>
  <color>
   Синий
  </color>
  <material>
   Хлопок
  </material>
  <price>
   971345
  </price>
  <rating>
   2.08
  </rating>
  <reviews>
   379129
  </reviews>
  <new>
   -
  </new>
  <sporty>
   yes
  </sporty>
 </clothing>
 <clothing>
  <id>
   568678751
  </id>
  <name>
   Addidas Jeans E-7551
  </name>
  <category>
   Jeans
  </category>
  <size>
   S
  </size>
  <color>
   Красный
  </color>
  <material>
   Шерсть
  </material>
  <price>
   819610
  </price>
  <rating>
   4.83
  </rating>
  <reviews>
   755721
  </reviews>
  <new>
   -
  </new>
  <sporty>
   yes
  </sporty>
 </clothing>
 <clothing>
  <id>
   334815563
  </id>
  <name>
   Adidas Socks H-6642
  </name>
  <category>
   Socks
  </category>
  <size>
   S
  </size>
  <color>
   Голубой
  </color>
  <material>
   Шелк
  </material>
  <price>
   334119
  </price>
  <rating>
   3.29
  </rating>
  <reviews>
   767775
  </reviews>
  <exclusive>
   no
  </exclusive>
  <sporty>
   no
  </sporty>
 </clothing>
 <clothing>
  <id>
   832156549
  </id>
  <name>
   Reebok T-shirt P-5824
  </name>
  <category>
   T-shirt
  </category>
  <size>
   L
  </size>
  <color>
   Фиолетовый
  </color>
  <material>
   Кожа
  </material>
  <price>
   183243
  </price>
  <rating>
   4.02
  </rating>
  <reviews>
   422821
  </reviews>
  <new>
   -
  </new>
  <exclusive>
   yes
  </exclusive>
 </clothing>
 <clothing>
  <id>
   838016563
  </id>
  <name>
   Under Armour Jacket P-8073
  </name>
  <category>
   Jacket
  </category>
  <size>
   XXL
  </size>
  <color>
   Оранжевый
  </color>
  <material>
   Лен
  </material>
  <price>
   572172
  </price>
  <rating>
   3.31
  </rating>
  <reviews>
   935927
  </reviews>
  <exclusive>
   no
  </exclusive>
  <sporty>
   yes
  </sporty>
 </clothing>
 <clothing>
  <id>
   537396294
  </id>
  <name>
   Reebok T-shirt H-5295
  </name>
  <category>
   T-shirt
  </category>
  <size>
   XXL
  </size>
  <color>
   Зеленый
  </color>
  <material>
   Шерсть
  </material>
  <price>
   882169
  </price>
  <rating>
   3.69
  </rating>
  <reviews>
   326050
  </reviews>
  <new>
   -
  </new>
  <exclusive>
   no
  </exclusive>
  <sporty>
   no
  </sporty>
 </clothing>
 <clothing>
  <id>
   683570035
  </id>
  <name>
   Asics Shirt V-6794
  </name>
  <category>
   Shirt
  </category>
  <size>
   S
  </size>
  <color>
   Желтый
  </color>
  <material>
   Шерсть
  </material>
  <price>
   866541
  </price>
  <rating>
   4.59
  </rating>
  <reviews>
   74404
  </reviews>
  <new>
   +
  </new>
 </clothing>
 <clothing>
  <id>
   998723892
  </id>
  <name>
   Puma Pants J-1741
  </name>
  <category>
   Pants
  </category>
  <size>
   XL
  </size>
  <color>
   Желтый
  </color>
  <material>
   Шерсть
  </material>
  <price>
   525568
  </price>
  <rating>
   4.67
  </rating>
  <reviews>
   502745
  </reviews>
  <new>
   -
  </new>
  <exclusive>
   yes
  </exclusive>
 </clothing>
 <clothing>
  <id>
   511181011
  </id>
  <name>
   Vans Shirt Q-2962
  </name>
  <category>
   Shirt
  </category>
  <size>
   L
  </size>
  <color>
   Голубой
  </color>
  <material>
   Хлопок
  </material>
  <price>
   704932
  </price>
  <rating>
   2.83
  </rating>
  <reviews>
   74716
  </reviews>
 </clothing>
 <clothing>
  <id>
   219898615
  </id>
  <name>
   DC Belts U-3353
  </name>
  <category>
   Belts
  </category>
  <size>
   S
  </size>
  <color>
   Красный
  </color>
  <material>
   Полиэстер
  </material>
  <price>
   817355
  </price>
  <rating>
   3.03
  </rating>
  <reviews>
   807910
  </reviews>
  <new>
   -
  </new>
  <sporty>
   no
  </sporty>
 </clothing>
 <clothing>
  <id>
   391747800
  </id>
  <name>
   DC T-shirt O-7793
  </name>
  <category>
   T-shirt
  </category>
  <size>
   S
  </size>
  <color>
   Оранжевый
  </color>
  <material>
   Шерсть
  </material>
  <price>
   777522
  </price>
  <rating>
   2.94
  </rating>
  <reviews>
   838729
  </reviews>
  <exclusive>
   no
  </exclusive>
 </clothing>
 <clothing>
  <id>
   309971470
  </id>
  <name>
   Asics Pants E-3102
  </name>
  <category>
   Pants
  </category>
  <size>
   M
  </size>
  <color>
   Синий
  </color>
  <material>
   Нейлон
  </material>
  <price>
   319933
  </price>
  <rating>
   3.27
  </rating>
  <reviews>
   595579
  </reviews>
  <exclusive>
   no
  </exclusive>
  <sporty>
   no
  </sporty>
 </clothing>
 <clothing>
  <id>
   272068469
  </id>
  <name>
   Lacoste Shirt D-1754
  </name>
  <category>
   Shirt
  </category>
  <size>
   M
  </size>
  <color>
   Фиолетовый
  </color>
  <material>
   Хлопок
  </material>
  <price>
   233993
  </price>
  <rating>
   4.89
  </rating>
  <reviews>
   136740
  </reviews>
  <new>
   -
  </new>
 </clothing>
 <clothing>
  <id>
   140961942
  </id>
  <name>
   DC T-shirt M-4748
  </name>
  <category>
   T-shirt
  </category>
  <size>
   XXL
  </size>
  <color>
   Фиолетовый
  </color>
  <material>
   Полиэстер
  </material>
  <price>
   182416
  </price>
  <rating>
   1.35
  </rating>
  <reviews>
   535991
  </reviews>
  <new>
   +
  </new>
 </clothing>
 <clothing>
  <id>
   314139486
  </id>
  <name>
   Vans Hat D-2276
  </name>
  <category>
   Hat
  </category>
  <size>
   XXL
  </size>
  <color>
   Желтый
  </color>
  <material>
   Полиэстер
  </material>
  <price>
   320636
  </price>
  <rating>
   2.4
  </rating>
  <reviews>
   734042
  </reviews>
  <sporty>
   no
  </sporty>
 </clothing>
 <clothing>
  <id>
   795277085
  </id>
  <name>
   PleinSport Jacket M-1295
  </name>
  <category>
   Jacket
  </category>
  <size>
   XXL
  </size>
  <color>
   Голубой
  </color>
  <material>
   Хлопок
  </material>
  <price>
   423814
  </price>
  <rating>
   1.74
  </rating>
  <reviews>
   22722
  </reviews>
  <exclusive>
   no
  </exclusive>
  <sporty>
   no
  </sporty>
 </clothing>
 <clothing>
  <id>
   492255973
  </id>
  <name>
   Fila Shirt H-9795
  </name>
  <category>
   Shirt
  </category>
  <size>
   L
  </size>
  <color>
   Фиолетовый
  </color>
  <material>
   Полиэстер
  </material>
  <price>
   880373
  </price>
  <rating>
   1.38
  </rating>
  <reviews>
   270433
  </reviews>
  <new>
   +
  </new>
  <exclusive>
   yes
  </exclusive>
  <sporty>
   yes
  </sporty>
 </clothing>
 <clothing>
  <id>
   525296310
  </id>
  <name>
   Reebok Dress O-1333
  </name>
  <category>
   Dress
  </category>
  <size>
   XXL
  </size>
  <color>
   Желтый
  </color>
  <material>
   Шерсть
  </material>
  <price>
   530580
  </price>
  <rating>
   3.49
  </rating>
  <reviews>
   665975
  </reviews>
  <exclusive>
   no
  </exclusive>
  <sporty>
   yes
  </sporty>
 </clothing>
 <clothing>
  <id>
   497984491
  </id>
  <name>
   Addidas Dress N-7094
  </name>
  <category>
   Dress
  </category>
  <size>
   XXL
  </size>
  <color>
   Желтый
  </color>
  <material>
   Лен
  </material>
  <price>
   878034
  </price>
  <rating>
   3.77
  </rating>
  <reviews>
   328678
  </reviews>
  <new>
   -
  </new>
 </clothing>
 <clothing>
  <id>
   666792023
  </id>
  <name>
   Nike Belts B-9585
  </name>
  <category>
   Belts
  </category>
  <size>
   M
  </size>
  <color>
   Оранжевый
  </color>
  <material>
   Вискоза
  </material>
  <price>
   232813
  </price>
  <rating>
   2.0
  </rating>
  <reviews>
   358912
  </reviews>
  <new>
   +
  </new>
 </clothing>
 <clothing>
  <id>
   980963282
  </id>
  <name>
   Nike Belts O-7868
  </name>
  <category>
   Belts
  </category>
  <size>
   M
  </size>
  <color>
   Фиолетовый
  </color>
  <material>
   Нейлон
  </material>
  <price>
   176318
  </price>
  <rating>
   2.4
  </rating>
  <reviews>
   594763
  </reviews>
  <exclusive>
   no
  </exclusive>
  <sporty>
   no
  </sporty>
 </clothing>
 <clothing>
  <id>
   926334559
  </id>
  <name>
   Fila Shirt R-6468
  </name>
  <category>
   Shirt
  </category>
  <size>
   L
  </size>
  <color>
   Фиолетовый
  </color>
  <material>
   Шерсть
  </material>
  <price>
   754952
  </price>
  <rating>
   3.1
  </rating>
  <reviews>
   649838
  </reviews>
  <new>
   +
  </new>
  <sporty>
   no
  </sporty>
 </clothing>
 <clothing>
  <id>
   360675913
  </id>
  <name>
   Fila Sweater E-2827
  </name>
  <category>
   Sweater
  </category>
  <size>
   L
  </size>
  <color>
   Красный
  </color>
  <material>
   Лен
  </material>
  <price>
   483791
  </price>
  <rating>
   4.39
  </rating>
  <reviews>
   116959
  </reviews>
  <sporty>
   no
  </sporty>
 </clothing>
 <clothing>
  <id>
   560859456
  </id>
  <name>
   Ellesse Umbrellas Q-4223
  </name>
  <category>
   Umbrellas
  </category>
  <size>
   S
  </size>
  <color>
   Голубой
  </color>
  <material>
   Вискоза
  </material>
  <price>
   195663
  </price>
  <rating>
   3.12
  </rating>
  <reviews>
   44260
  </reviews>
 </clothing>
 <clothing>
  <id>
   741624244
  </id>
  <name>
   Addidas Blouse O-2102
  </name>
  <category>
   Blouse
  </category>
  <size>
   S
  </size>
  <color>
   Оранжевый
  </color>
  <material>
   Лен
  </material>
  <price>
   907590
  </price>
  <rating>
   1.19
  </rating>
  <reviews>
   89985
  </reviews>
  <new>
   -
  </new>
  <exclusive>
   yes
  </exclusive>
  <sporty>
   no
  </sporty>
 </clothing>
 <clothing>
  <id>
   282491599
  </id>
  <name>
   New Balance Skirt E-3649
  </name>
  <category>
   Skirt
  </category>
  <size>
   M
  </size>
  <color>
   Оранжевый
  </color>
  <material>
   Нейлон
  </material>
  <price>
   160144
  </price>
  <rating>
   4.92
  </rating>
  <reviews>
   556805
  </reviews>
  <exclusive>
   no
  </exclusive>
  <sporty>
   no
  </sporty>
 </clothing>
 <clothing>
  <id>
   899129961
  </id>
  <name>
   Reebok Pants G-6570
  </name>
  <category>
   Pants
  </category>
  <size>
   L
  </size>
  <color>
   Голубой
  </color>
  <material>
   Хлопок
  </material>
  <price>
   463454
  </price>
  <rating>
   2.51
  </rating>
  <reviews>
   409656
  </reviews>
  <new>
   +
  </new>
  <sporty>
   yes
  </sporty>
 </clothing>
 <clothing>
  <id>
   149531697
  </id>
  <name>
   Addidas Umbrellas T-9615
  </name>
  <category>
   Umbrellas
  </category>
  <size>
   S
  </size>
  <color>
   Фиолетовый
  </color>
  <material>
   Нейлон
  </material>
  <price>
   343467
  </price>
  <rating>
   1.9
  </rating>
  <reviews>
   646647
  </reviews>
  <sporty>
   no
  </sporty>
 </clothing>
 <clothing>
  <id>
   293538786
  </id>
  <name>
   Nike Blouse J-1097
  </name>
  <category>
   Blouse
  </category>
  <size>
   M
  </size>
  <color>
   Зеленый
  </color>
  <material>
   Шелк
  </material>
  <price>
   724763
  </price>
  <rating>
   4.33
  </rating>
  <reviews>
   243694
  </reviews>
  <new>
   -
  </new>
  <sporty>
   yes
  </sporty>
 </clothing>
 <clothing>
  <id>
   750661119
  </id>
  <name>
   Converse Socks X-2190
  </name>
  <category>
   Socks
  </category>
  <size>
   XXL
  </size>
  <color>
   Голубой
  </color>
  <material>
   Нейлон
  </material>
  <price>
   213544
  </price>
  <rating>
   4.26
  </rating>
  <reviews>
   712447
  </reviews>
  <exclusive>
   no
  </exclusive>
  <sporty>
   yes
  </sporty>
 </clothing>
 <clothing>
  <id>
   109644966
  </id>
  <name>
   Reebok Blouse X-9336
  </name>
  <category>
   Blouse
  </category>
  <size>
   M
  </size>
  <color>
   Желтый
  </color>
  <material>
   Нейлон
  </material>
  <price>
   772887
  </price>
  <rating>
   1.5
  </rating>
  <reviews>
   770194
  </reviews>
  <new>
   -
  </new>
  <exclusive>
   no
  </exclusive>
 </clothing>
 <clothing>
  <id>
   532941394
  </id>
  <name>
   Fila Hat L-8732
  </name>
  <category>
   Hat
  </category>
  <size>
   L
  </size>
  <color>
   Оранжевый
  </color>
  <material>
   Шерсть
  </material>
  <price>
   101633
  </price>
  <rating>
   4.14
  </rating>
  <reviews>
   667578
  </reviews>
  <new>
   -
  </new>
  <exclusive>
   yes
  </exclusive>
  <sporty>
   yes
  </sporty>
 </clothing>
 <clothing>
  <id>
   856113861
  </id>
  <name>
   DC Shirt K-9461
  </name>
  <category>
   Shirt
  </category>
  <size>
   L
  </size>
  <color>
   Оранжевый
  </color>
  <material>
   Нейлон
  </material>
  <price>
   375104
  </price>
  <rating>
   4.83
  </rating>
  <reviews>
   290434
  </reviews>
  <new>
   -
  </new>
  <exclusive>
   no
  </exclusive>
 </clothing>
 <clothing>
  <id>
   451075410
  </id>
  <name>
   Converse Skirt T-7894
  </name>
  <category>
   Skirt
  </category>
  <size>
   M
  </size>
  <color>
   Оранжевый
  </color>
  <material>
   Полиэстер
  </material>
  <price>
   946960
  </price>
  <rating>
   1.69
  </rating>
  <reviews>
   658785
  </reviews>
  <sporty>
   yes
  </sporty>
 </clothing>
 <clothing>
  <id>
   653061861
  </id>
  <name>
   DC Belts G-4829
  </name>
  <category>
   Belts
  </category>
  <size>
   XXL
  </size>
  <color>
   Зеленый
  </color>
  <material>
   Шерсть
  </material>
  <price>
   232379
  </price>
  <rating>
   4.58
  </rating>
  <reviews>
   780032
  </reviews>
  <exclusive>
   yes
  </exclusive>
 </clothing>
 <clothing>
  <id>
   819736624
  </id>
  <name>
   Converse Blouse G-6901
  </name>
  <category>
   Blouse
  </category>
  <size>
   M
  </size>
  <color>
   Желтый
  </color>
  <material>
   Шерсть
  </material>
  <price>
   835600
  </price>
  <rating>
   3.94
  </rating>
  <reviews>
   467127
  </reviews>
  <sporty>
   yes
  </sporty>
 </clothing>
 <clothing>
  <id>
   629841709
  </id>
  <name>
   New Balance Gloves Z-6633
  </name>
  <category>
   Gloves
  </category>
  <size>
   M
  </size>
  <color>
   Фиолетовый
  </color>
  <material>
   Кожа
  </material>
  <price>
   582649
  </price>
  <rating>
   2.3
  </rating>
  <reviews>
   711257
  </reviews>
  <new>
   -
  </new>
  <sporty>
   yes
  </sporty>
 </clothing>
 <clothing>
  <id>
   577138683
  </id>
  <name>
   Ellesse Socks L-6549
  </name>
  <category>
   Socks
  </category>
  <size>
   L
  </size>
  <color>
   Оранжевый
  </color>
  <material>
   Шерсть
  </material>
  <price>
   583477
  </price>
  <rating>
   1.91
  </rating>
  <reviews>
   485337
  </reviews>
  <sporty>
   yes
  </sporty>
 </clothing>
 <clothing>
  <id>
   482402975
  </id>
  <name>
   Vans Blouse Y-6696
  </name>
  <category>
   Blouse
  </category>
  <size>
   L
  </size>
  <color>
   Фиолетовый
  </color>
  <material>
   Хлопок
  </material>
  <price>
   789789
  </price>
  <rating>
   3.66
  </rating>
  <reviews>
   692110
  </reviews>
  <new>
   -
  </new>
  <exclusive>
   no
  </exclusive>
  <sporty>
   yes
  </sporty>
 </clothing>
 <clothing>
  <id>
   557851425
  </id>
  <name>
   Under Armour Shoes Q-3074
  </name>
  <category>
   Shoes
  </category>
  <size>
   M
  </size>
  <color>
   Фиолетовый
  </color>
  <material>
   Шерсть
  </material>
  <price>
   235798
  </price>
  <rating>
   1.53
  </rating>
  <reviews>
   215954
  </reviews>
  <new>
   +
  </new>
  <sporty>
   yes
  </sporty>
 </clothing>
</clothing-items>
