<?xml version="1.0" encoding="utf-8"?>
<clothing-items>
 <clothing>
  <id>
   348159706
  </id>
  <name>
   Under Armour Shoes R-7691
  </name>
  <category>
   Shoes
  </category>
  <size>
   M
  </size>
  <color>
   Голубой
  </color>
  <material>
   Полиэстер
  </material>
  <price>
   829525
  </price>
  <rating>
   4.73
  </rating>
  <reviews>
   986127
  </reviews>
  <new>
   +
  </new>
  <exclusive>
   yes
  </exclusive>
  <sporty>
   yes
  </sporty>
 </clothing>
 <clothing>
  <id>
   461934030
  </id>
  <name>
   New Balance Gloves B-8986
  </name>
  <category>
   Gloves
  </category>
  <size>
   M
  </size>
  <color>
   Фиолетовый
  </color>
  <material>
   Хлопок
  </material>
  <price>
   448844
  </price>
  <rating>
   4.97
  </rating>
  <reviews>
   665941
  </reviews>
  <new>
   -
  </new>
  <sporty>
   no
  </sporty>
 </clothing>
 <clothing>
  <id>
   372599548
  </id>
  <name>
   Adidas Umbrellas Y-5247
  </name>
  <category>
   Umbrellas
  </category>
  <size>
   M
  </size>
  <color>
   Фиолетовый
  </color>
  <material>
   Лен
  </material>
  <price>
   163815
  </price>
  <rating>
   4.9
  </rating>
  <reviews>
   346232
  </reviews>
  <exclusive>
   no
  </exclusive>
  <sporty>
   yes
  </sporty>
 </clothing>
 <clothing>
  <id>
   374427007
  </id>
  <name>
   Lacoste Pants D-6886
  </name>
  <category>
   Pants
  </category>
  <size>
   XL
  </size>
  <color>
   Зеленый
  </color>
  <material>
   Шелк
  </material>
  <price>
   979016
  </price>
  <rating>
   3.45
  </rating>
  <reviews>
   665527
  </reviews>
  <new>
   +
  </new>
  <exclusive>
   yes
  </exclusive>
 </clothing>
 <clothing>
  <id>
   697987999
  </id>
  <name>
   PleinSport Blouse P-3380
  </name>
  <category>
   Blouse
  </category>
  <size>
   XL
  </size>
  <color>
   Желтый
  </color>
  <material>
   Полиэстер
  </material>
  <price>
   269873
  </price>
  <rating>
   1.99
  </rating>
  <reviews>
   393523
  </reviews>
  <new>
   -
  </new>
  <exclusive>
   yes
  </exclusive>
  <sporty>
   no
  </sporty>
 </clothing>
 <clothing>
  <id>
   975298157
  </id>
  <name>
   Vans Dress L-8780
  </name>
  <category>
   Dress
  </category>
  <size>
   L
  </size>
  <color>
   Красный
  </color>
  <material>
   Нейлон
  </material>
  <price>
   845701
  </price>
  <rating>
   3.31
  </rating>
  <reviews>
   185970
  </reviews>
 </clothing>
 <clothing>
  <id>
   896656328
  </id>
  <name>
   New Balance Socks H-6467
  </name>
  <category>
   Socks
  </category>
  <size>
   L
  </size>
  <color>
   Голубой
  </color>
  <material>
   Кожа
  </material>
  <price>
   561277
  </price>
  <rating>
   2.06
  </rating>
  <reviews>
   950758
  </reviews>
  <exclusive>
   no
  </exclusive>
  <sporty>
   no
  </sporty>
 </clothing>
 <clothing>
  <id>
   431378113
  </id>
  <name>
   New Balance Skirt A-9640
  </name>
  <category>
   Skirt
  </category>
  <size>
   M
  </size>
  <color>
   Оранжевый
  </color>
  <material>
   Вискоза
  </material>
  <price>
   426492
  </price>
  <rating>
   4.98
  </rating>
  <reviews>
   109061
  </reviews>
  <exclusive>
   no
  </exclusive>
  <sporty>
   yes
  </sporty>
 </clothing>
 <clothing>
  <id>
   453513126
  </id>
  <name>
   Brooks Socks Y-5024
  </name>
  <category>
   Socks
  </category>
  <size>
   M
  </size>
  <color>
   Зеленый
  </color>
  <material>
   Лен
  </material>
  <price>
   540958
  </price>
  <rating>
   1.32
  </rating>
  <reviews>
   240293
  </reviews>
  <exclusive>
   yes
  </exclusive>
  <sporty>
   yes
  </sporty>
 </clothing>
 <clothing>
  <id>
   765869022
  </id>
  <name>
   Puma Shirt C-8961
  </name>
  <category>
   Shirt
  </category>
  <size>
   L
  </size>
  <color>
   Синий
  </color>
  <material>
   Шерсть
  </material>
  <price>
   974722
  </price>
  <rating>
   3.3
  </rating>
  <reviews>
   121416
  </reviews>
  <sporty>
   yes
  </sporty>
 </clothing>
 <clothing>
  <id>
   273470249
  </id>
  <name>
   Lacoste Socks I-7671
  </name>
  <category>
   Socks
  </category>
  <size>
   M
  </size>
  <color>
   Синий
  </color>
  <material>
   Кожа
  </material>
  <price>
   778663
  </price>
  <rating>
   2.19
  </rating>
  <reviews>
   131736
  </reviews>
  <new>
   +
  </new>
  <exclusive>
   no
  </exclusive>
  <sporty>
   yes
  </sporty>
 </clothing>
 <clothing>
  <id>
   497774367
  </id>
  <name>
   Puma Blouse P-5724
  </name>
  <category>
   Blouse
  </category>
  <size>
   S
  </size>
  <color>
   Оранжевый
  </color>
  <material>
   Шелк
  </material>
  <price>
   721809
  </price>
  <rating>
   4.9
  </rating>
  <reviews>
   303719
  </reviews>
  <exclusive>
   no
  </exclusive>
 </clothing>
 <clothing>
  <id>
   173571703
  </id>
  <name>
   Addidas Socks Y-7310
  </name>
  <category>
   Socks
  </category>
  <size>
   XXL
  </size>
  <color>
   Зеленый
  </color>
  <material>
   Лен
  </material>
  <price>
   231934
  </price>
  <rating>
   3.76
  </rating>
  <reviews>
   677760
  </reviews>
  <new>
   -
  </new>
  <exclusive>
   no
  </exclusive>
  <sporty>
   yes
  </sporty>
 </clothing>
 <clothing>
  <id>
   423439449
  </id>
  <name>
   DC Handbags Q-9751
  </name>
  <category>
   Handbags
  </category>
  <size>
   L
  </size>
  <color>
   Желтый
  </color>
  <material>
   Лен
  </material>
  <price>
   792296
  </price>
  <rating>
   1.88
  </rating>
  <reviews>
   962418
  </reviews>
  <new>
   +
  </new>
 </clothing>
 <clothing>
  <id>
   728821718
  </id>
  <name>
   Asics Hat O-8311
  </name>
  <category>
   Hat
  </category>
  <size>
   M
  </size>
  <color>
   Красный
  </color>
  <material>
   Шелк
  </material>
  <price>
   376104
  </price>
  <rating>
   3.51
  </rating>
  <reviews>
   209083
  </reviews>
  <new>
   +
  </new>
  <exclusive>
   yes
  </exclusive>
  <sporty>
   yes
  </sporty>
 </clothing>
 <clothing>
  <id>
   338147350
  </id>
  <name>
   Adidas Hat Q-9403
  </name>
  <category>
   Hat
  </category>
  <size>
   XL
  </size>
  <color>
   Синий
  </color>
  <material>
   Лен
  </material>
  <price>
   948040
  </price>
  <rating>
   2.83
  </rating>
  <reviews>
   996263
  </reviews>
  <new>
   -
  </new>
 </clothing>
 <clothing>
  <id>
   730737895
  </id>
  <name>
   Nike Sweater T-9757
  </name>
  <category>
   Sweater
  </category>
  <size>
   L
  </size>
  <color>
   Желтый
  </color>
  <material>
   Полиэстер
  </material>
  <price>
   897105
  </price>
  <rating>
   2.38
  </rating>
  <reviews>
   469842
  </reviews>
  <new>
   +
  </new>
 </clothing>
 <clothing>
  <id>
   361701158
  </id>
  <name>
   Under Armour T-shirt W-5788
  </name>
  <category>
   T-shirt
  </category>
  <size>
   XXL
  </size>
  <color>
   Зеленый
  </color>
  <material>
   Нейлон
  </material>
  <price>
   751791
  </price>
  <rating>
   4.47
  </rating>
  <reviews>
   851188
  </reviews>
  <new>
   -
  </new>
  <exclusive>
   yes
  </exclusive>
 </clothing>
 <clothing>
  <id>
   615771484
  </id>
  <name>
   PleinSport Dress G-5391
  </name>
  <category>
   Dress
  </category>
  <size>
   S
  </size>
  <color>
   Красный
  </color>
  <material>
   Вискоза
  </material>
  <price>
   249293
  </price>
  <rating>
   3.46
  </rating>
  <reviews>
   578409
  </reviews>
  <new>
   -
  </new>
  <sporty>
   no
  </sporty>
 </clothing>
 <clothing>
  <id>
   498155784
  </id>
  <name>
   New Balance Jacket B-4648
  </name>
  <category>
   Jacket
  </category>
  <size>
   XXL
  </size>
  <color>
   Оранжевый
  </color>
  <material>
   Нейлон
  </material>
  <price>
   946446
  </price>
  <rating>
   3.67
  </rating>
  <reviews>
   787232
  </reviews>
  <exclusive>
   no
  </exclusive>
  <sporty>
   no
  </sporty>
 </clothing>
 <clothing>
  <id>
   645123295
  </id>
  <name>
   Reebok Jacket T-2811
  </name>
  <category>
   Jacket
  </category>
  <size>
   XL
  </size>
  <color>
   Фиолетовый
  </color>
  <material>
   Лен
  </material>
  <price>
   599389
  </price>
  <rating>
   2.23
  </rating>
  <reviews>
   839381
  </reviews>
  <new>
   -
  </new>
  <exclusive>
   no
  </exclusive>
 </clothing>
 <clothing>
  <id>
   849031693
  </id>
  <name>
   New Balance Socks R-5107
  </name>
  <category>
   Socks
  </category>
  <size>
   L
  </size>
  <color>
   Желтый
  </color>
  <material>
   Хлопок
  </material>
  <price>
   674705
  </price>
  <rating>
   1.14
  </rating>
  <reviews>
   921352
  </reviews>
  <new>
   +
  </new>
 </clothing>
 <clothing>
  <id>
   795491356
  </id>
  <name>
   Nike Shoes Y-5676
  </name>
  <category>
   Shoes
  </category>
  <size>
   XL
  </size>
  <color>
   Зеленый
  </color>
  <material>
   Хлопок
  </material>
  <price>
   439153
  </price>
  <rating>
   4.1
  </rating>
  <reviews>
   728822
  </reviews>
  <new>
   -
  </new>
  <exclusive>
   no
  </exclusive>
  <sporty>
   no
  </sporty>
 </clothing>
 <clothing>
  <id>
   392648574
  </id>
  <name>
   Puma Shoes C-5223
  </name>
  <category>
   Shoes
  </category>
  <size>
   XL
  </size>
  <color>
   Красный
  </color>
  <material>
   Полиэстер
  </material>
  <price>
   617964
  </price>
  <rating>
   3.18
  </rating>
  <reviews>
   114705
  </reviews>
  <new>
   +
  </new>
  <exclusive>
   yes
  </exclusive>
  <sporty>
   yes
  </sporty>
 </clothing>
 <clothing>
  <id>
   447587892
  </id>
  <name>
   Brooks Blouse T-5642
  </name>
  <category>
   Blouse
  </category>
  <size>
   XXL
  </size>
  <color>
   Желтый
  </color>
  <material>
   Полиэстер
  </material>
  <price>
   723185
  </price>
  <rating>
   2.81
  </rating>
  <reviews>
   571519
  </reviews>
  <sporty>
   yes
  </sporty>
 </clothing>
 <clothing>
  <id>
   270416599
  </id>
  <name>
   PleinSport Gloves H-6555
  </name>
  <category>
   Gloves
  </category>
  <size>
   XL
  </size>
  <color>
   Зеленый
  </color>
  <material>
   Нейлон
  </material>
  <price>
   607036
  </price>
  <rating>
   3.59
  </rating>
  <reviews>
   646892
  </reviews>
  <exclusive>
   yes
  </exclusive>
 </clothing>
 <clothing>
  <id>
   638607772
  </id>
  <name>
   New Balance Handbags R-5387
  </name>
  <category>
   Handbags
  </category>
  <size>
   S
  </size>
  <color>
   Синий
  </color>
  <material>
   Шелк
  </material>
  <price>
   252137
  </price>
  <rating>
   1.12
  </rating>
  <reviews>
   636453
  </reviews>
  <new>
   -
  </new>
  <sporty>
   no
  </sporty>
 </clothing>
 <clothing>
  <id>
   349160474
  </id>
  <name>
   Fila Socks G-5257
  </name>
  <category>
   Socks
  </category>
  <size>
   XL
  </size>
  <color>
   Оранжевый
  </color>
  <material>
   Хлопок
  </material>
  <price>
   967759
  </price>
  <rating>
   1.68
  </rating>
  <reviews>
   623807
  </reviews>
  <exclusive>
   yes
  </exclusive>
 </clothing>
 <clothing>
  <id>
   449861381
  </id>
  <name>
   Under Armour Pants L-3865
  </name>
  <category>
   Pants
  </category>
  <size>
   XXL
  </size>
  <color>
   Фиолетовый
  </color>
  <material>
   Полиэстер
  </material>
  <price>
   859669
  </price>
  <rating>
   2.83
  </rating>
  <reviews>
   821834
  </reviews>
  <sporty>
   no
  </sporty>
 </clothing>
 <clothing>
  <id>
   400023935
  </id>
  <name>
   New Balance Blouse D-1056
  </name>
  <category>
   Blouse
  </category>
  <size>
   S
  </size>
  <color>
   Голубой
  </color>
  <material>
   Лен
  </material>
  <price>
   495490
  </price>
  <rating>
   4.45
  </rating>
  <reviews>
   990230
  </reviews>
  <exclusive>
   no
  </exclusive>
  <sporty>
   yes
  </sporty>
 </clothing>
 <clothing>
  <id>
   429692519
  </id>
  <name>
   Lacoste Dress A-8839
  </name>
  <category>
   Dress
  </category>
  <size>
   L
  </size>
  <color>
   Голубой
  </color>
  <material>
   Шелк
  </material>
  <price>
   634095
  </price>
  <rating>
   2.97
  </rating>
  <reviews>
   701067
  </reviews>
  <new>
   +
  </new>
  <exclusive>
   yes
  </exclusive>
 </clothing>
 <clothing>
  <id>
   590914190
  </id>
  <name>
   Converse T-shirt G-4229
  </name>
  <category>
   T-shirt
  </category>
  <size>
   M
  </size>
  <color>
   Зеленый
  </color>
  <material>
   Шерсть
  </material>
  <price>
   343780
  </price>
  <rating>
   2.76
  </rating>
  <reviews>
   353300
  </reviews>
  <exclusive>
   yes
  </exclusive>
  <sporty>
   no
  </sporty>
 </clothing>
 <clothing>
  <id>
   423261807
  </id>
  <name>
   Under Armour Dress F-5386
  </name>
  <category>
   Dress
  </category>
  <size>
   S
  </size>
  <color>
   Оранжевый
  </color>
  <material>
   Кожа
  </material>
  <price>
   114216
  </price>
  <rating>
   3.71
  </rating>
  <reviews>
   529380
  </reviews>
  <new>
   +
  </new>
  <exclusive>
   yes
  </exclusive>
  <sporty>
   yes
  </sporty>
 </clothing>
 <clothing>
  <id>
   229287212
  </id>
  <name>
   Reebok Jacket O-8453
  </name>
  <category>
   Jacket
  </category>
  <size>
   M
  </size>
  <color>
   Голубой
  </color>
  <material>
   Кожа
  </material>
  <price>
   945696
  </price>
  <rating>
   4.29
  </rating>
  <reviews>
   774548
  </reviews>
  <new>
   -
  </new>
 </clothing>
 <clothing>
  <id>
   501989934
  </id>
  <name>
   Lacoste Hat B-5599
  </name>
  <category>
   Hat
  </category>
  <size>
   M
  </size>
  <color>
   Синий
  </color>
  <material>
   Вискоза
  </material>
  <price>
   970326
  </price>
  <rating>
   1.09
  </rating>
  <reviews>
   149574
  </reviews>
  <exclusive>
   yes
  </exclusive>
  <sporty>
   no
  </sporty>
 </clothing>
 <clothing>
  <id>
   122294017
  </id>
  <name>
   Under Armour Socks R-3043
  </name>
  <category>
   Socks
  </category>
  <size>
   XL
  </size>
  <color>
   Оранжевый
  </color>
  <material>
   Вискоза
  </material>
  <price>
   798245
  </price>
  <rating>
   3.45
  </rating>
  <reviews>
   329410
  </reviews>
  <new>
   +
  </new>
  <exclusive>
   no
  </exclusive>
  <sporty>
   no
  </sporty>
 </clothing>
 <clothing>
  <id>
   917981635
  </id>
  <name>
   Lacoste Skirt D-3225
  </name>
  <category>
   Skirt
  </category>
  <size>
   M
  </size>
  <color>
   Синий
  </color>
  <material>
   Вискоза
  </material>
  <price>
   486050
  </price>
  <rating>
   1.39
  </rating>
  <reviews>
   237296
  </reviews>
  <exclusive>
   no
  </exclusive>
  <sporty>
   no
  </sporty>
 </clothing>
 <clothing>
  <id>
   772806323
  </id>
  <name>
   Converse Hat I-3411
  </name>
  <category>
   Hat
  </category>
  <size>
   XL
  </size>
  <color>
   Красный
  </color>
  <material>
   Кожа
  </material>
  <price>
   165121
  </price>
  <rating>
   1.29
  </rating>
  <reviews>
   440136
  </reviews>
  <sporty>
   yes
  </sporty>
 </clothing>
 <clothing>
  <id>
   101228473
  </id>
  <name>
   Addidas Blouse L-6864
  </name>
  <category>
   Blouse
  </category>
  <size>
   L
  </size>
  <color>
   Оранжевый
  </color>
  <material>
   Шелк
  </material>
  <price>
   600585
  </price>
  <rating>
   1.73
  </rating>
  <reviews>
   182225
  </reviews>
  <exclusive>
   yes
  </exclusive>
  <sporty>
   no
  </sporty>
 </clothing>
 <clothing>
  <id>
   417429923
  </id>
  <name>
   Brooks Shoes V-4492
  </name>
  <category>
   Shoes
  </category>
  <size>
   XL
  </size>
  <color>
   Синий
  </color>
  <material>
   Хлопок
  </material>
  <price>
   427103
  </price>
  <rating>
   1.22
  </rating>
  <reviews>
   701092
  </reviews>
 </clothing>
 <clothing>
  <id>
   467792984
  </id>
  <name>
   Under Armour Gloves F-5795
  </name>
  <category>
   Gloves
  </category>
  <size>
   S
  </size>
  <color>
   Голубой
  </color>
  <material>
   Кожа
  </material>
  <price>
   166862
  </price>
  <rating>
   2.91
  </rating>
  <reviews>
   332702
  </reviews>
  <exclusive>
   no
  </exclusive>
  <sporty>
   no
  </sporty>
 </clothing>
 <clothing>
  <id>
   319523422
  </id>
  <name>
   Under Armour T-shirt N-7240
  </name>
  <category>
   T-shirt
  </category>
  <size>
   XL
  </size>
  <color>
   Синий
  </color>
  <material>
   Лен
  </material>
  <price>
   305725
  </price>
  <rating>
   1.02
  </rating>
  <reviews>
   89612
  </reviews>
  <exclusive>
   no
  </exclusive>
 </clothing>
 <clothing>
  <id>
   871256091
  </id>
  <name>
   Adidas Dress T-7859
  </name>
  <category>
   Dress
  </category>
  <size>
   XXL
  </size>
  <color>
   Синий
  </color>
  <material>
   Кожа
  </material>
  <price>
   270573
  </price>
  <rating>
   1.34
  </rating>
  <reviews>
   769556
  </reviews>
  <exclusive>
   no
  </exclusive>
 </clothing>
 <clothing>
  <id>
   551622559
  </id>
  <name>
   PleinSport Hat E-1976
  </name>
  <category>
   Hat
  </category>
  <size>
   S
  </size>
  <color>
   Красный
  </color>
  <material>
   Вискоза
  </material>
  <price>
   833820
  </price>
  <rating>
   3.36
  </rating>
  <reviews>
   680618
  </reviews>
  <new>
   -
  </new>
  <exclusive>
   no
  </exclusive>
  <sporty>
   no
  </sporty>
 </clothing>
 <clothing>
  <id>
   761144228
  </id>
  <name>
   Lacoste Jacket O-1157
  </name>
  <category>
   Jacket
  </category>
  <size>
   XXL
  </size>
  <color>
   Фиолетовый
  </color>
  <material>
   Нейлон
  </material>
  <price>
   736503
  </price>
  <rating>
   2.0
  </rating>
  <reviews>
   750078
  </reviews>
  <exclusive>
   no
  </exclusive>
 </clothing>
 <clothing>
  <id>
   690402069
  </id>
  <name>
   Addidas Umbrellas U-3922
  </name>
  <category>
   Umbrellas
  </category>
  <size>
   XL
  </size>
  <color>
   Желтый
  </color>
  <material>
   Кожа
  </material>
  <price>
   188499
  </price>
  <rating>
   4.52
  </rating>
  <reviews>
   102316
  </reviews>
  <new>
   +
  </new>
  <exclusive>
   no
  </exclusive>
  <sporty>
   yes
  </sporty>
 </clothing>
 <clothing>
  <id>
   313816513
  </id>
  <name>
   Under Armour Shirt P-4044
  </name>
  <category>
   Shirt
  </category>
  <size>
   L
  </size>
  <color>
   Зеленый
  </color>
  <material>
   Полиэстер
  </material>
  <price>
   787551
  </price>
  <rating>
   1.99
  </rating>
  <reviews>
   490489
  </reviews>
  <new>
   +
  </new>
  <sporty>
   no
  </sporty>
 </clothing>
 <clothing>
  <id>
   759387866
  </id>
  <name>
   Converse Shirt F-4416
  </name>
  <category>
   Shirt
  </category>
  <size>
   M
  </size>
  <color>
   Голубой
  </color>
  <material>
   Хлопок
  </material>
  <price>
   129085
  </price>
  <rating>
   1.15
  </rating>
  <reviews>
   438391
  </reviews>
  <exclusive>
   no
  </exclusive>
  <sporty>
   no
  </sporty>
 </clothing>
 <clothing>
  <id>
   539373520
  </id>
  <name>
   Nike Skirt U-7037
  </name>
  <category>
   Skirt
  </category>
  <size>
   XXL
  </size>
  <color>
   Синий
  </color>
  <material>
   Кожа
  </material>
  <price>
   381173
  </price>
  <rating>
   1.44
  </rating>
  <reviews>
   656430
  </reviews>
  <new>
   +
  </new>
  <exclusive>
   no
  </exclusive>
  <sporty>
   no
  </sporty>
 </clothing>
 <clothing>
  <id>
   115739544
  </id>
  <name>
   Adidas Jeans N-4752
  </name>
  <category>
   Jeans
  </category>
  <size>
   XL
  </size>
  <color>
   Желтый
  </color>
  <material>
   Шерсть
  </material>
  <price>
   207475
  </price>
  <rating>
   3.03
  </rating>
  <reviews>
   157457
  </reviews>
  <new>
   +
  </new>
  <exclusive>
   no
  </exclusive>
  <sporty>
   yes
  </sporty>
 </clothing>
</clothing-items>
