<?xml version="1.0" encoding="utf-8"?>
<clothing-items>
 <clothing>
  <id>
   192903045
  </id>
  <name>
   Vans T-shirt L-9547
  </name>
  <category>
   T-shirt
  </category>
  <size>
   XXL
  </size>
  <color>
   Фиолетовый
  </color>
  <material>
   Нейлон
  </material>
  <price>
   622720
  </price>
  <rating>
   3.87
  </rating>
  <reviews>
   233763
  </reviews>
  <sporty>
   yes
  </sporty>
 </clothing>
 <clothing>
  <id>
   189469021
  </id>
  <name>
   Addidas T-shirt B-4748
  </name>
  <category>
   T-shirt
  </category>
  <size>
   L
  </size>
  <color>
   Красный
  </color>
  <material>
   Хлопок
  </material>
  <price>
   854320
  </price>
  <rating>
   2.39
  </rating>
  <reviews>
   555282
  </reviews>
 </clothing>
 <clothing>
  <id>
   351835215
  </id>
  <name>
   Addidas Gloves N-1771
  </name>
  <category>
   Gloves
  </category>
  <size>
   S
  </size>
  <color>
   Оранжевый
  </color>
  <material>
   Вискоза
  </material>
  <price>
   482929
  </price>
  <rating>
   2.19
  </rating>
  <reviews>
   535659
  </reviews>
  <sporty>
   no
  </sporty>
 </clothing>
 <clothing>
  <id>
   155507800
  </id>
  <name>
   DC Belts T-8234
  </name>
  <category>
   Belts
  </category>
  <size>
   S
  </size>
  <color>
   Фиолетовый
  </color>
  <material>
   Вискоза
  </material>
  <price>
   562101
  </price>
  <rating>
   2.61
  </rating>
  <reviews>
   455523
  </reviews>
  <new>
   +
  </new>
  <exclusive>
   yes
  </exclusive>
 </clothing>
 <clothing>
  <id>
   222184258
  </id>
  <name>
   Addidas Socks E-1568
  </name>
  <category>
   Socks
  </category>
  <size>
   XL
  </size>
  <color>
   Голубой
  </color>
  <material>
   Хлопок
  </material>
  <price>
   950213
  </price>
  <rating>
   1.87
  </rating>
  <reviews>
   968981
  </reviews>
  <new>
   +
  </new>
  <exclusive>
   no
  </exclusive>
 </clothing>
 <clothing>
  <id>
   161073505
  </id>
  <name>
   DC Jacket N-6908
  </name>
  <category>
   Jacket
  </category>
  <size>
   XL
  </size>
  <color>
   Зеленый
  </color>
  <material>
   Шелк
  </material>
  <price>
   809624
  </price>
  <rating>
   4.85
  </rating>
  <reviews>
   299199
  </reviews>
 </clothing>
 <clothing>
  <id>
   328935318
  </id>
  <name>
   PleinSport Pants Y-6358
  </name>
  <category>
   Pants
  </category>
  <size>
   L
  </size>
  <color>
   Голубой
  </color>
  <material>
   Шелк
  </material>
  <price>
   626000
  </price>
  <rating>
   4.82
  </rating>
  <reviews>
   134819
  </reviews>
  <new>
   -
  </new>
  <exclusive>
   no
  </exclusive>
  <sporty>
   yes
  </sporty>
 </clothing>
 <clothing>
  <id>
   866994341
  </id>
  <name>
   New Balance T-shirt H-5710
  </name>
  <category>
   T-shirt
  </category>
  <size>
   XL
  </size>
  <color>
   Желтый
  </color>
  <material>
   Кожа
  </material>
  <price>
   644745
  </price>
  <rating>
   4.44
  </rating>
  <reviews>
   686098
  </reviews>
  <new>
   -
  </new>
  <sporty>
   yes
  </sporty>
 </clothing>
 <clothing>
  <id>
   253966635
  </id>
  <name>
   Asics Sweater D-2901
  </name>
  <category>
   Sweater
  </category>
  <size>
   M
  </size>
  <color>
   Красный
  </color>
  <material>
   Полиэстер
  </material>
  <price>
   279472
  </price>
  <rating>
   1.65
  </rating>
  <reviews>
   131247
  </reviews>
  <sporty>
   yes
  </sporty>
 </clothing>
 <clothing>
  <id>
   385977302
  </id>
  <name>
   Under Armour Skirt G-5362
  </name>
  <category>
   Skirt
  </category>
  <size>
   M
  </size>
  <color>
   Синий
  </color>
  <material>
   Шелк
  </material>
  <price>
   746661
  </price>
  <rating>
   3.94
  </rating>
  <reviews>
   565374
  </reviews>
  <new>
   -
  </new>
  <exclusive>
   yes
  </exclusive>
 </clothing>
 <clothing>
  <id>
   752574652
  </id>
  <name>
   Converse Jeans K-4305
  </name>
  <category>
   Jeans
  </category>
  <size>
   XXL
  </size>
  <color>
   Синий
  </color>
  <material>
   Лен
  </material>
  <price>
   223978
  </price>
  <rating>
   2.68
  </rating>
  <reviews>
   321647
  </reviews>
  <new>
   -
  </new>
  <sporty>
   no
  </sporty>
 </clothing>
 <clothing>
  <id>
   469816262
  </id>
  <name>
   Under Armour Hat S-1783
  </name>
  <category>
   Hat
  </category>
  <size>
   L
  </size>
  <color>
   Голубой
  </color>
  <material>
   Вискоза
  </material>
  <price>
   271286
  </price>
  <rating>
   3.95
  </rating>
  <reviews>
   146831
  </reviews>
  <exclusive>
   yes
  </exclusive>
 </clothing>
 <clothing>
  <id>
   339480243
  </id>
  <name>
   Brooks Jeans O-7335
  </name>
  <category>
   Jeans
  </category>
  <size>
   XXL
  </size>
  <color>
   Желтый
  </color>
  <material>
   Нейлон
  </material>
  <price>
   864276
  </price>
  <rating>
   1.34
  </rating>
  <reviews>
   226911
  </reviews>
  <exclusive>
   no
  </exclusive>
 </clothing>
</clothing-items>
