<?xml version="1.0" encoding="utf-8"?>
<clothing-items>
 <clothing>
  <id>
   992779977
  </id>
  <name>
   Brooks Umbrellas U-9240
  </name>
  <category>
   Umbrellas
  </category>
  <size>
   XXL
  </size>
  <color>
   Фиолетовый
  </color>
  <material>
   Хлопок
  </material>
  <price>
   965584
  </price>
  <rating>
   2.33
  </rating>
  <reviews>
   56679
  </reviews>
  <new>
   -
  </new>
  <sporty>
   yes
  </sporty>
 </clothing>
 <clothing>
  <id>
   870646458
  </id>
  <name>
   Addidas Gloves X-1978
  </name>
  <category>
   Gloves
  </category>
  <size>
   XL
  </size>
  <color>
   Оранжевый
  </color>
  <material>
   Лен
  </material>
  <price>
   887398
  </price>
  <rating>
   4.59
  </rating>
  <reviews>
   659894
  </reviews>
  <new>
   -
  </new>
  <exclusive>
   no
  </exclusive>
  <sporty>
   no
  </sporty>
 </clothing>
 <clothing>
  <id>
   490090383
  </id>
  <name>
   Reebok Jacket D-4106
  </name>
  <category>
   Jacket
  </category>
  <size>
   XXL
  </size>
  <color>
   Оранжевый
  </color>
  <material>
   Полиэстер
  </material>
  <price>
   723914
  </price>
  <rating>
   1.85
  </rating>
  <reviews>
   997744
  </reviews>
  <new>
   +
  </new>
  <exclusive>
   no
  </exclusive>
  <sporty>
   no
  </sporty>
 </clothing>
 <clothing>
  <id>
   995002552
  </id>
  <name>
   Ellesse Pants V-8497
  </name>
  <category>
   Pants
  </category>
  <size>
   M
  </size>
  <color>
   Голубой
  </color>
  <material>
   Хлопок
  </material>
  <price>
   528017
  </price>
  <rating>
   4.77
  </rating>
  <reviews>
   168453
  </reviews>
  <new>
   -
  </new>
  <exclusive>
   no
  </exclusive>
  <sporty>
   no
  </sporty>
 </clothing>
 <clothing>
  <id>
   921870590
  </id>
  <name>
   Asics Dress C-3515
  </name>
  <category>
   Dress
  </category>
  <size>
   L
  </size>
  <color>
   Желтый
  </color>
  <material>
   Шелк
  </material>
  <price>
   740972
  </price>
  <rating>
   1.57
  </rating>
  <reviews>
   612741
  </reviews>
  <new>
   -
  </new>
  <sporty>
   no
  </sporty>
 </clothing>
 <clothing>
  <id>
   621163358
  </id>
  <name>
   Nike Belts W-7046
  </name>
  <category>
   Belts
  </category>
  <size>
   M
  </size>
  <color>
   Фиолетовый
  </color>
  <material>
   Шелк
  </material>
  <price>
   703721
  </price>
  <rating>
   2.96
  </rating>
  <reviews>
   460203
  </reviews>
 </clothing>
 <clothing>
  <id>
   142837036
  </id>
  <name>
   Fila Belts V-6956
  </name>
  <category>
   Belts
  </category>
  <size>
   XL
  </size>
  <color>
   Желтый
  </color>
  <material>
   Полиэстер
  </material>
  <price>
   685406
  </price>
  <rating>
   4.26
  </rating>
  <reviews>
   678041
  </reviews>
  <new>
   +
  </new>
  <sporty>
   yes
  </sporty>
 </clothing>
 <clothing>
  <id>
   356516804
  </id>
  <name>
   Addidas Shirt W-4883
  </name>
  <category>
   Shirt
  </category>
  <size>
   S
  </size>
  <color>
   Красный
  </color>
  <material>
   Шерсть
  </material>
  <price>
   368462
  </price>
  <rating>
   3.89
  </rating>
  <reviews>
   616937
  </reviews>
  <exclusive>
   no
  </exclusive>
  <sporty>
   no
  </sporty>
 </clothing>
 <clothing>
  <id>
   645382653
  </id>
  <name>
   DC Pants O-7815
  </name>
  <category>
   Pants
  </category>
  <size>
   L
  </size>
  <color>
   Зеленый
  </color>
  <material>
   Кожа
  </material>
  <price>
   363675
  </price>
  <rating>
   4.8
  </rating>
  <reviews>
   505662
  </reviews>
  <new>
   -
  </new>
 </clothing>
 <clothing>
  <id>
   809779262
  </id>
  <name>
   Addidas Handbags N-2885
  </name>
  <category>
   Handbags
  </category>
  <size>
   S
  </size>
  <color>
   Красный
  </color>
  <material>
   Шелк
  </material>
  <price>
   275223
  </price>
  <rating>
   2.48
  </rating>
  <reviews>
   702670
  </reviews>
  <new>
   -
  </new>
  <exclusive>
   no
  </exclusive>
  <sporty>
   no
  </sporty>
 </clothing>
 <clothing>
  <id>
   329449889
  </id>
  <name>
   Lacoste Umbrellas G-1012
  </name>
  <category>
   Umbrellas
  </category>
  <size>
   L
  </size>
  <color>
   Синий
  </color>
  <material>
   Лен
  </material>
  <price>
   257518
  </price>
  <rating>
   2.11
  </rating>
  <reviews>
   231158
  </reviews>
  <exclusive>
   no
  </exclusive>
 </clothing>
 <clothing>
  <id>
   774015062
  </id>
  <name>
   New Balance Pants Q-6669
  </name>
  <category>
   Pants
  </category>
  <size>
   XL
  </size>
  <color>
   Желтый
  </color>
  <material>
   Хлопок
  </material>
  <price>
   695515
  </price>
  <rating>
   1.96
  </rating>
  <reviews>
   604849
  </reviews>
  <new>
   -
  </new>
  <sporty>
   yes
  </sporty>
 </clothing>
 <clothing>
  <id>
   490822595
  </id>
  <name>
   Nike Hat H-8349
  </name>
  <category>
   Hat
  </category>
  <size>
   XL
  </size>
  <color>
   Синий
  </color>
  <material>
   Шерсть
  </material>
  <price>
   568718
  </price>
  <rating>
   1.94
  </rating>
  <reviews>
   510942
  </reviews>
  <exclusive>
   no
  </exclusive>
  <sporty>
   yes
  </sporty>
 </clothing>
 <clothing>
  <id>
   774875134
  </id>
  <name>
   Ellesse Shirt S-9710
  </name>
  <category>
   Shirt
  </category>
  <size>
   XL
  </size>
  <color>
   Фиолетовый
  </color>
  <material>
   Нейлон
  </material>
  <price>
   569881
  </price>
  <rating>
   3.89
  </rating>
  <reviews>
   79011
  </reviews>
  <exclusive>
   yes
  </exclusive>
 </clothing>
 <clothing>
  <id>
   686226224
  </id>
  <name>
   Vans Shoes D-3171
  </name>
  <category>
   Shoes
  </category>
  <size>
   L
  </size>
  <color>
   Красный
  </color>
  <material>
   Полиэстер
  </material>
  <price>
   920229
  </price>
  <rating>
   4.18
  </rating>
  <reviews>
   325051
  </reviews>
  <exclusive>
   no
  </exclusive>
  <sporty>
   yes
  </sporty>
 </clothing>
 <clothing>
  <id>
   160848133
  </id>
  <name>
   Adidas T-shirt L-5081
  </name>
  <category>
   T-shirt
  </category>
  <size>
   S
  </size>
  <color>
   Красный
  </color>
  <material>
   Лен
  </material>
  <price>
   252966
  </price>
  <rating>
   4.88
  </rating>
  <reviews>
   15199
  </reviews>
  <exclusive>
   yes
  </exclusive>
 </clothing>
 <clothing>
  <id>
   541007624
  </id>
  <name>
   Fila Handbags R-8855
  </name>
  <category>
   Handbags
  </category>
  <size>
   XL
  </size>
  <color>
   Красный
  </color>
  <material>
   Полиэстер
  </material>
  <price>
   145429
  </price>
  <rating>
   3.22
  </rating>
  <reviews>
   102363
  </reviews>
  <new>
   -
  </new>
  <exclusive>
   yes
  </exclusive>
 </clothing>
 <clothing>
  <id>
   958388111
  </id>
  <name>
   Addidas Gloves Y-5616
  </name>
  <category>
   Gloves
  </category>
  <size>
   XXL
  </size>
  <color>
   Красный
  </color>
  <material>
   Кожа
  </material>
  <price>
   343370
  </price>
  <rating>
   1.6
  </rating>
  <reviews>
   884626
  </reviews>
  <new>
   +
  </new>
  <exclusive>
   no
  </exclusive>
  <sporty>
   no
  </sporty>
 </clothing>
 <clothing>
  <id>
   203603295
  </id>
  <name>
   Lacoste Dress G-8954
  </name>
  <category>
   Dress
  </category>
  <size>
   M
  </size>
  <color>
   Синий
  </color>
  <material>
   Кожа
  </material>
  <price>
   660676
  </price>
  <rating>
   2.42
  </rating>
  <reviews>
   567493
  </reviews>
  <exclusive>
   no
  </exclusive>
  <sporty>
   no
  </sporty>
 </clothing>
 <clothing>
  <id>
   505961951
  </id>
  <name>
   Fila Jacket A-6582
  </name>
  <category>
   Jacket
  </category>
  <size>
   XXL
  </size>
  <color>
   Зеленый
  </color>
  <material>
   Кожа
  </material>
  <price>
   490002
  </price>
  <rating>
   2.82
  </rating>
  <reviews>
   763344
  </reviews>
  <new>
   -
  </new>
  <exclusive>
   no
  </exclusive>
  <sporty>
   no
  </sporty>
 </clothing>
 <clothing>
  <id>
   948102676
  </id>
  <name>
   Asics Blouse D-3817
  </name>
  <category>
   Blouse
  </category>
  <size>
   XXL
  </size>
  <color>
   Синий
  </color>
  <material>
   Нейлон
  </material>
  <price>
   110186
  </price>
  <rating>
   1.31
  </rating>
  <reviews>
   816708
  </reviews>
  <new>
   -
  </new>
  <exclusive>
   no
  </exclusive>
  <sporty>
   no
  </sporty>
 </clothing>
 <clothing>
  <id>
   203814369
  </id>
  <name>
   Vans Hat J-7622
  </name>
  <category>
   Hat
  </category>
  <size>
   M
  </size>
  <color>
   Голубой
  </color>
  <material>
   Вискоза
  </material>
  <price>
   243860
  </price>
  <rating>
   3.31
  </rating>
  <reviews>
   313820
  </reviews>
  <exclusive>
   yes
  </exclusive>
 </clothing>
 <clothing>
  <id>
   513031816
  </id>
  <name>
   New Balance Jacket M-8891
  </name>
  <category>
   Jacket
  </category>
  <size>
   XL
  </size>
  <color>
   Синий
  </color>
  <material>
   Вискоза
  </material>
  <price>
   641403
  </price>
  <rating>
   2.35
  </rating>
  <reviews>
   743172
  </reviews>
  <exclusive>
   no
  </exclusive>
  <sporty>
   yes
  </sporty>
 </clothing>
 <clothing>
  <id>
   924802150
  </id>
  <name>
   Ellesse Shirt G-6183
  </name>
  <category>
   Shirt
  </category>
  <size>
   L
  </size>
  <color>
   Синий
  </color>
  <material>
   Шелк
  </material>
  <price>
   609337
  </price>
  <rating>
   2.4
  </rating>
  <reviews>
   501201
  </reviews>
  <sporty>
   yes
  </sporty>
 </clothing>
 <clothing>
  <id>
   983315604
  </id>
  <name>
   New Balance Blouse Y-5756
  </name>
  <category>
   Blouse
  </category>
  <size>
   M
  </size>
  <color>
   Зеленый
  </color>
  <material>
   Хлопок
  </material>
  <price>
   921269
  </price>
  <rating>
   2.14
  </rating>
  <reviews>
   8689
  </reviews>
  <new>
   -
  </new>
  <exclusive>
   yes
  </exclusive>
  <sporty>
   no
  </sporty>
 </clothing>
 <clothing>
  <id>
   827367871
  </id>
  <name>
   Adidas T-shirt V-7663
  </name>
  <category>
   T-shirt
  </category>
  <size>
   XXL
  </size>
  <color>
   Оранжевый
  </color>
  <material>
   Шелк
  </material>
  <price>
   931467
  </price>
  <rating>
   1.43
  </rating>
  <reviews>
   485033
  </reviews>
  <new>
   +
  </new>
  <exclusive>
   no
  </exclusive>
  <sporty>
   yes
  </sporty>
 </clothing>
 <clothing>
  <id>
   470759548
  </id>
  <name>
   Vans Shirt O-8810
  </name>
  <category>
   Shirt
  </category>
  <size>
   L
  </size>
  <color>
   Фиолетовый
  </color>
  <material>
   Хлопок
  </material>
  <price>
   937328
  </price>
  <rating>
   3.25
  </rating>
  <reviews>
   917918
  </reviews>
  <exclusive>
   no
  </exclusive>
  <sporty>
   no
  </sporty>
 </clothing>
 <clothing>
  <id>
   125958954
  </id>
  <name>
   Fila Pants J-7815
  </name>
  <category>
   Pants
  </category>
  <size>
   S
  </size>
  <color>
   Красный
  </color>
  <material>
   Хлопок
  </material>
  <price>
   449610
  </price>
  <rating>
   4.57
  </rating>
  <reviews>
   217560
  </reviews>
  <new>
   +
  </new>
 </clothing>
 <clothing>
  <id>
   680073787
  </id>
  <name>
   Addidas Blouse C-6486
  </name>
  <category>
   Blouse
  </category>
  <size>
   XL
  </size>
  <color>
   Оранжевый
  </color>
  <material>
   Нейлон
  </material>
  <price>
   255068
  </price>
  <rating>
   2.11
  </rating>
  <reviews>
   688583
  </reviews>
  <exclusive>
   no
  </exclusive>
  <sporty>
   no
  </sporty>
 </clothing>
 <clothing>
  <id>
   586871105
  </id>
  <name>
   Nike Sweater D-6092
  </name>
  <category>
   Sweater
  </category>
  <size>
   XL
  </size>
  <color>
   Оранжевый
  </color>
  <material>
   Вискоза
  </material>
  <price>
   796449
  </price>
  <rating>
   2.61
  </rating>
  <reviews>
   13617
  </reviews>
  <new>
   -
  </new>
  <exclusive>
   no
  </exclusive>
  <sporty>
   yes
  </sporty>
 </clothing>
 <clothing>
  <id>
   286257464
  </id>
  <name>
   Under Armour Hat T-3836
  </name>
  <category>
   Hat
  </category>
  <size>
   M
  </size>
  <color>
   Синий
  </color>
  <material>
   Нейлон
  </material>
  <price>
   987832
  </price>
  <rating>
   2.02
  </rating>
  <reviews>
   961397
  </reviews>
  <sporty>
   no
  </sporty>
 </clothing>
 <clothing>
  <id>
   145931252
  </id>
  <name>
   Ellesse Handbags W-3440
  </name>
  <category>
   Handbags
  </category>
  <size>
   XL
  </size>
  <color>
   Фиолетовый
  </color>
  <material>
   Кожа
  </material>
  <price>
   366069
  </price>
  <rating>
   4.62
  </rating>
  <reviews>
   461695
  </reviews>
  <new>
   -
  </new>
  <exclusive>
   no
  </exclusive>
  <sporty>
   no
  </sporty>
 </clothing>
 <clothing>
  <id>
   574380959
  </id>
  <name>
   Nike Pants P-4285
  </name>
  <category>
   Pants
  </category>
  <size>
   M
  </size>
  <color>
   Желтый
  </color>
  <material>
   Кожа
  </material>
  <price>
   794836
  </price>
  <rating>
   2.38
  </rating>
  <reviews>
   188073
  </reviews>
  <sporty>
   yes
  </sporty>
 </clothing>
 <clothing>
  <id>
   752469843
  </id>
  <name>
   New Balance T-shirt U-2345
  </name>
  <category>
   T-shirt
  </category>
  <size>
   M
  </size>
  <color>
   Оранжевый
  </color>
  <material>
   Нейлон
  </material>
  <price>
   188175
  </price>
  <rating>
   3.43
  </rating>
  <reviews>
   846919
  </reviews>
  <new>
   -
  </new>
  <exclusive>
   yes
  </exclusive>
  <sporty>
   yes
  </sporty>
 </clothing>
 <clothing>
  <id>
   372766467
  </id>
  <name>
   Fila Gloves B-1019
  </name>
  <category>
   Gloves
  </category>
  <size>
   XL
  </size>
  <color>
   Фиолетовый
  </color>
  <material>
   Вискоза
  </material>
  <price>
   498906
  </price>
  <rating>
   2.75
  </rating>
  <reviews>
   193185
  </reviews>
  <new>
   -
  </new>
  <sporty>
   no
  </sporty>
 </clothing>
 <clothing>
  <id>
   262511096
  </id>
  <name>
   Addidas Handbags K-4370
  </name>
  <category>
   Handbags
  </category>
  <size>
   S
  </size>
  <color>
   Желтый
  </color>
  <material>
   Шерсть
  </material>
  <price>
   853944
  </price>
  <rating>
   2.56
  </rating>
  <reviews>
   661022
  </reviews>
  <new>
   +
  </new>
  <exclusive>
   yes
  </exclusive>
 </clothing>
 <clothing>
  <id>
   334705745
  </id>
  <name>
   New Balance Jeans U-3840
  </name>
  <category>
   Jeans
  </category>
  <size>
   XL
  </size>
  <color>
   Синий
  </color>
  <material>
   Полиэстер
  </material>
  <price>
   181518
  </price>
  <rating>
   1.18
  </rating>
  <reviews>
   617557
  </reviews>
  <sporty>
   no
  </sporty>
 </clothing>
 <clothing>
  <id>
   816032059
  </id>
  <name>
   Converse Gloves Q-9895
  </name>
  <category>
   Gloves
  </category>
  <size>
   S
  </size>
  <color>
   Фиолетовый
  </color>
  <material>
   Шерсть
  </material>
  <price>
   625350
  </price>
  <rating>
   2.15
  </rating>
  <reviews>
   352159
  </reviews>
 </clothing>
 <clothing>
  <id>
   858439256
  </id>
  <name>
   Ellesse Skirt H-5499
  </name>
  <category>
   Skirt
  </category>
  <size>
   L
  </size>
  <color>
   Желтый
  </color>
  <material>
   Нейлон
  </material>
  <price>
   177771
  </price>
  <rating>
   3.25
  </rating>
  <reviews>
   255869
  </reviews>
  <new>
   -
  </new>
  <exclusive>
   no
  </exclusive>
 </clothing>
 <clothing>
  <id>
   785847087
  </id>
  <name>
   Reebok T-shirt H-8966
  </name>
  <category>
   T-shirt
  </category>
  <size>
   S
  </size>
  <color>
   Голубой
  </color>
  <material>
   Полиэстер
  </material>
  <price>
   111036
  </price>
  <rating>
   2.94
  </rating>
  <reviews>
   807241
  </reviews>
  <exclusive>
   no
  </exclusive>
  <sporty>
   yes
  </sporty>
 </clothing>
 <clothing>
  <id>
   940961089
  </id>
  <name>
   Puma Skirt C-8164
  </name>
  <category>
   Skirt
  </category>
  <size>
   XXL
  </size>
  <color>
   Оранжевый
  </color>
  <material>
   Вискоза
  </material>
  <price>
   161724
  </price>
  <rating>
   4.55
  </rating>
  <reviews>
   27743
  </reviews>
  <exclusive>
   no
  </exclusive>
 </clothing>
 <clothing>
  <id>
   519055108
  </id>
  <name>
   Under Armour Umbrellas E-4381
  </name>
  <category>
   Umbrellas
  </category>
  <size>
   L
  </size>
  <color>
   Синий
  </color>
  <material>
   Шелк
  </material>
  <price>
   427982
  </price>
  <rating>
   2.57
  </rating>
  <reviews>
   222361
  </reviews>
  <exclusive>
   no
  </exclusive>
  <sporty>
   yes
  </sporty>
 </clothing>
 <clothing>
  <id>
   143913231
  </id>
  <name>
   Lacoste Hat Q-4034
  </name>
  <category>
   Hat
  </category>
  <size>
   L
  </size>
  <color>
   Зеленый
  </color>
  <material>
   Вискоза
  </material>
  <price>
   878328
  </price>
  <rating>
   4.43
  </rating>
  <reviews>
   661662
  </reviews>
  <new>
   -
  </new>
  <exclusive>
   yes
  </exclusive>
  <sporty>
   no
  </sporty>
 </clothing>
 <clothing>
  <id>
   207244230
  </id>
  <name>
   Ellesse Skirt O-5644
  </name>
  <category>
   Skirt
  </category>
  <size>
   S
  </size>
  <color>
   Синий
  </color>
  <material>
   Нейлон
  </material>
  <price>
   108033
  </price>
  <rating>
   3.6
  </rating>
  <reviews>
   608854
  </reviews>
  <new>
   -
  </new>
 </clothing>
 <clothing>
  <id>
   531984640
  </id>
  <name>
   Nike Umbrellas J-5116
  </name>
  <category>
   Umbrellas
  </category>
  <size>
   XL
  </size>
  <color>
   Голубой
  </color>
  <material>
   Шерсть
  </material>
  <price>
   828519
  </price>
  <rating>
   4.38
  </rating>
  <reviews>
   459845
  </reviews>
 </clothing>
 <clothing>
  <id>
   975121888
  </id>
  <name>
   Adidas Dress L-5182
  </name>
  <category>
   Dress
  </category>
  <size>
   S
  </size>
  <color>
   Зеленый
  </color>
  <material>
   Шелк
  </material>
  <price>
   551884
  </price>
  <rating>
   2.44
  </rating>
  <reviews>
   611860
  </reviews>
  <new>
   +
  </new>
  <exclusive>
   no
  </exclusive>
  <sporty>
   no
  </sporty>
 </clothing>
 <clothing>
  <id>
   180115556
  </id>
  <name>
   Ellesse Jacket S-3804
  </name>
  <category>
   Jacket
  </category>
  <size>
   M
  </size>
  <color>
   Красный
  </color>
  <material>
   Кожа
  </material>
  <price>
   485895
  </price>
  <rating>
   2.78
  </rating>
  <reviews>
   25824
  </reviews>
  <new>
   -
  </new>
  <exclusive>
   no
  </exclusive>
 </clothing>
</clothing-items>
