<?xml version="1.0" encoding="utf-8"?>
<clothing-items>
 <clothing>
  <id>
   692475800
  </id>
  <name>
   Puma T-shirt W-7907
  </name>
  <category>
   T-shirt
  </category>
  <size>
   XXL
  </size>
  <color>
   Синий
  </color>
  <material>
   Шерсть
  </material>
  <price>
   790867
  </price>
  <rating>
   3.53
  </rating>
  <reviews>
   950859
  </reviews>
  <new>
   -
  </new>
  <exclusive>
   yes
  </exclusive>
 </clothing>
 <clothing>
  <id>
   109479906
  </id>
  <name>
   Reebok Gloves O-3253
  </name>
  <category>
   Gloves
  </category>
  <size>
   L
  </size>
  <color>
   Голубой
  </color>
  <material>
   Полиэстер
  </material>
  <price>
   412099
  </price>
  <rating>
   2.39
  </rating>
  <reviews>
   572077
  </reviews>
  <new>
   -
  </new>
  <sporty>
   no
  </sporty>
 </clothing>
 <clothing>
  <id>
   879731345
  </id>
  <name>
   PleinSport Sweater Z-9876
  </name>
  <category>
   Sweater
  </category>
  <size>
   S
  </size>
  <color>
   Зеленый
  </color>
  <material>
   Шерсть
  </material>
  <price>
   897857
  </price>
  <rating>
   1.5
  </rating>
  <reviews>
   964541
  </reviews>
  <new>
   +
  </new>
  <exclusive>
   no
  </exclusive>
 </clothing>
 <clothing>
  <id>
   264694593
  </id>
  <name>
   PleinSport Sweater M-7100
  </name>
  <category>
   Sweater
  </category>
  <size>
   S
  </size>
  <color>
   Красный
  </color>
  <material>
   Лен
  </material>
  <price>
   673571
  </price>
  <rating>
   2.47
  </rating>
  <reviews>
   894070
  </reviews>
  <new>
   -
  </new>
  <exclusive>
   no
  </exclusive>
 </clothing>
 <clothing>
  <id>
   131782018
  </id>
  <name>
   Reebok Shoes N-5685
  </name>
  <category>
   Shoes
  </category>
  <size>
   XXL
  </size>
  <color>
   Синий
  </color>
  <material>
   Нейлон
  </material>
  <price>
   429805
  </price>
  <rating>
   2.7
  </rating>
  <reviews>
   762553
  </reviews>
  <exclusive>
   no
  </exclusive>
 </clothing>
 <clothing>
  <id>
   799825232
  </id>
  <name>
   Asics Pants X-8922
  </name>
  <category>
   Pants
  </category>
  <size>
   S
  </size>
  <color>
   Красный
  </color>
  <material>
   Нейлон
  </material>
  <price>
   849744
  </price>
  <rating>
   2.93
  </rating>
  <reviews>
   66298
  </reviews>
  <new>
   -
  </new>
  <exclusive>
   no
  </exclusive>
  <sporty>
   no
  </sporty>
 </clothing>
 <clothing>
  <id>
   111243687
  </id>
  <name>
   DC Hat C-6048
  </name>
  <category>
   Hat
  </category>
  <size>
   XL
  </size>
  <color>
   Красный
  </color>
  <material>
   Кожа
  </material>
  <price>
   819547
  </price>
  <rating>
   2.58
  </rating>
  <reviews>
   548934
  </reviews>
  <new>
   -
  </new>
  <exclusive>
   no
  </exclusive>
  <sporty>
   no
  </sporty>
 </clothing>
 <clothing>
  <id>
   360394764
  </id>
  <name>
   Asics Pants F-2462
  </name>
  <category>
   Pants
  </category>
  <size>
   XL
  </size>
  <color>
   Фиолетовый
  </color>
  <material>
   Вискоза
  </material>
  <price>
   851733
  </price>
  <rating>
   1.93
  </rating>
  <reviews>
   922997
  </reviews>
  <sporty>
   no
  </sporty>
 </clothing>
 <clothing>
  <id>
   719216270
  </id>
  <name>
   Asics Skirt P-6217
  </name>
  <category>
   Skirt
  </category>
  <size>
   M
  </size>
  <color>
   Фиолетовый
  </color>
  <material>
   Хлопок
  </material>
  <price>
   856257
  </price>
  <rating>
   4.81
  </rating>
  <reviews>
   382421
  </reviews>
  <new>
   -
  </new>
  <sporty>
   yes
  </sporty>
 </clothing>
 <clothing>
  <id>
   896995441
  </id>
  <name>
   Under Armour Socks W-4646
  </name>
  <category>
   Socks
  </category>
  <size>
   M
  </size>
  <color>
   Желтый
  </color>
  <material>
   Нейлон
  </material>
  <price>
   339890
  </price>
  <rating>
   1.09
  </rating>
  <reviews>
   185888
  </reviews>
  <new>
   -
  </new>
  <exclusive>
   yes
  </exclusive>
  <sporty>
   no
  </sporty>
 </clothing>
 <clothing>
  <id>
   902687119
  </id>
  <name>
   Asics Shirt H-8808
  </name>
  <category>
   Shirt
  </category>
  <size>
   XL
  </size>
  <color>
   Синий
  </color>
  <material>
   Шерсть
  </material>
  <price>
   140074
  </price>
  <rating>
   2.47
  </rating>
  <reviews>
   483534
  </reviews>
  <new>
   -
  </new>
  <exclusive>
   yes
  </exclusive>
  <sporty>
   no
  </sporty>
 </clothing>
 <clothing>
  <id>
   865559895
  </id>
  <name>
   Reebok Handbags W-5503
  </name>
  <category>
   Handbags
  </category>
  <size>
   XL
  </size>
  <color>
   Желтый
  </color>
  <material>
   Вискоза
  </material>
  <price>
   689858
  </price>
  <rating>
   2.36
  </rating>
  <reviews>
   763161
  </reviews>
  <exclusive>
   no
  </exclusive>
  <sporty>
   no
  </sporty>
 </clothing>
 <clothing>
  <id>
   189761088
  </id>
  <name>
   Converse Pants S-9259
  </name>
  <category>
   Pants
  </category>
  <size>
   L
  </size>
  <color>
   Синий
  </color>
  <material>
   Нейлон
  </material>
  <price>
   281657
  </price>
  <rating>
   2.06
  </rating>
  <reviews>
   467590
  </reviews>
  <new>
   -
  </new>
 </clothing>
 <clothing>
  <id>
   579571653
  </id>
  <name>
   New Balance Skirt Z-9332
  </name>
  <category>
   Skirt
  </category>
  <size>
   XXL
  </size>
  <color>
   Оранжевый
  </color>
  <material>
   Полиэстер
  </material>
  <price>
   680073
  </price>
  <rating>
   1.99
  </rating>
  <reviews>
   800892
  </reviews>
  <new>
   +
  </new>
 </clothing>
 <clothing>
  <id>
   666399319
  </id>
  <name>
   Adidas Skirt M-8704
  </name>
  <category>
   Skirt
  </category>
  <size>
   L
  </size>
  <color>
   Оранжевый
  </color>
  <material>
   Шелк
  </material>
  <price>
   500888
  </price>
  <rating>
   1.89
  </rating>
  <reviews>
   868875
  </reviews>
  <sporty>
   no
  </sporty>
 </clothing>
 <clothing>
  <id>
   252877753
  </id>
  <name>
   Brooks T-shirt U-5782
  </name>
  <category>
   T-shirt
  </category>
  <size>
   XL
  </size>
  <color>
   Синий
  </color>
  <material>
   Шелк
  </material>
  <price>
   167488
  </price>
  <rating>
   3.74
  </rating>
  <reviews>
   296632
  </reviews>
  <new>
   -
  </new>
  <exclusive>
   no
  </exclusive>
  <sporty>
   no
  </sporty>
 </clothing>
 <clothing>
  <id>
   504310155
  </id>
  <name>
   Brooks Blouse I-7401
  </name>
  <category>
   Blouse
  </category>
  <size>
   L
  </size>
  <color>
   Зеленый
  </color>
  <material>
   Лен
  </material>
  <price>
   600567
  </price>
  <rating>
   4.05
  </rating>
  <reviews>
   141680
  </reviews>
  <exclusive>
   no
  </exclusive>
  <sporty>
   no
  </sporty>
 </clothing>
 <clothing>
  <id>
   957166891
  </id>
  <name>
   Vans Gloves B-2002
  </name>
  <category>
   Gloves
  </category>
  <size>
   L
  </size>
  <color>
   Фиолетовый
  </color>
  <material>
   Лен
  </material>
  <price>
   853552
  </price>
  <rating>
   2.61
  </rating>
  <reviews>
   909212
  </reviews>
 </clothing>
 <clothing>
  <id>
   879349656
  </id>
  <name>
   Converse Blouse N-7100
  </name>
  <category>
   Blouse
  </category>
  <size>
   XXL
  </size>
  <color>
   Оранжевый
  </color>
  <material>
   Шерсть
  </material>
  <price>
   228469
  </price>
  <rating>
   2.83
  </rating>
  <reviews>
   354048
  </reviews>
  <new>
   +
  </new>
  <exclusive>
   no
  </exclusive>
  <sporty>
   no
  </sporty>
 </clothing>
 <clothing>
  <id>
   132102943
  </id>
  <name>
   Puma Hat L-7382
  </name>
  <category>
   Hat
  </category>
  <size>
   XL
  </size>
  <color>
   Желтый
  </color>
  <material>
   Полиэстер
  </material>
  <price>
   616166
  </price>
  <rating>
   3.64
  </rating>
  <reviews>
   856639
  </reviews>
  <new>
   +
  </new>
  <sporty>
   yes
  </sporty>
 </clothing>
 <clothing>
  <id>
   815316499
  </id>
  <name>
   New Balance Pants D-9220
  </name>
  <category>
   Pants
  </category>
  <size>
   XL
  </size>
  <color>
   Оранжевый
  </color>
  <material>
   Шерсть
  </material>
  <price>
   452858
  </price>
  <rating>
   1.92
  </rating>
  <reviews>
   214870
  </reviews>
  <new>
   +
  </new>
  <exclusive>
   yes
  </exclusive>
  <sporty>
   yes
  </sporty>
 </clothing>
 <clothing>
  <id>
   340233994
  </id>
  <name>
   Vans Umbrellas V-6532
  </name>
  <category>
   Umbrellas
  </category>
  <size>
   L
  </size>
  <color>
   Оранжевый
  </color>
  <material>
   Вискоза
  </material>
  <price>
   326337
  </price>
  <rating>
   3.57
  </rating>
  <reviews>
   339473
  </reviews>
  <new>
   +
  </new>
 </clothing>
 <clothing>
  <id>
   383578505
  </id>
  <name>
   Lacoste Handbags C-3919
  </name>
  <category>
   Handbags
  </category>
  <size>
   S
  </size>
  <color>
   Голубой
  </color>
  <material>
   Лен
  </material>
  <price>
   179321
  </price>
  <rating>
   4.69
  </rating>
  <reviews>
   903518
  </reviews>
  <new>
   -
  </new>
  <exclusive>
   no
  </exclusive>
  <sporty>
   no
  </sporty>
 </clothing>
 <clothing>
  <id>
   594896864
  </id>
  <name>
   Under Armour Jeans A-7864
  </name>
  <category>
   Jeans
  </category>
  <size>
   M
  </size>
  <color>
   Фиолетовый
  </color>
  <material>
   Кожа
  </material>
  <price>
   611199
  </price>
  <rating>
   1.42
  </rating>
  <reviews>
   334034
  </reviews>
  <new>
   -
  </new>
  <exclusive>
   yes
  </exclusive>
  <sporty>
   no
  </sporty>
 </clothing>
 <clothing>
  <id>
   232231008
  </id>
  <name>
   Asics Jeans N-2842
  </name>
  <category>
   Jeans
  </category>
  <size>
   M
  </size>
  <color>
   Оранжевый
  </color>
  <material>
   Хлопок
  </material>
  <price>
   248235
  </price>
  <rating>
   2.79
  </rating>
  <reviews>
   844367
  </reviews>
  <exclusive>
   no
  </exclusive>
  <sporty>
   no
  </sporty>
 </clothing>
 <clothing>
  <id>
   597388284
  </id>
  <name>
   Nike Jeans X-3790
  </name>
  <category>
   Jeans
  </category>
  <size>
   M
  </size>
  <color>
   Оранжевый
  </color>
  <material>
   Шелк
  </material>
  <price>
   186820
  </price>
  <rating>
   4.24
  </rating>
  <reviews>
   999470
  </reviews>
  <new>
   +
  </new>
 </clothing>
 <clothing>
  <id>
   811462026
  </id>
  <name>
   DC Skirt C-2903
  </name>
  <category>
   Skirt
  </category>
  <size>
   XL
  </size>
  <color>
   Голубой
  </color>
  <material>
   Шелк
  </material>
  <price>
   894987
  </price>
  <rating>
   2.71
  </rating>
  <reviews>
   780113
  </reviews>
  <sporty>
   yes
  </sporty>
 </clothing>
 <clothing>
  <id>
   175312063
  </id>
  <name>
   Asics Socks W-4166
  </name>
  <category>
   Socks
  </category>
  <size>
   XL
  </size>
  <color>
   Зеленый
  </color>
  <material>
   Лен
  </material>
  <price>
   594110
  </price>
  <rating>
   2.24
  </rating>
  <reviews>
   399398
  </reviews>
  <new>
   -
  </new>
  <sporty>
   no
  </sporty>
 </clothing>
 <clothing>
  <id>
   532926171
  </id>
  <name>
   PleinSport Belts U-2095
  </name>
  <category>
   Belts
  </category>
  <size>
   L
  </size>
  <color>
   Синий
  </color>
  <material>
   Шерсть
  </material>
  <price>
   846154
  </price>
  <rating>
   4.69
  </rating>
  <reviews>
   505324
  </reviews>
  <new>
   +
  </new>
  <exclusive>
   yes
  </exclusive>
 </clothing>
 <clothing>
  <id>
   728383113
  </id>
  <name>
   Brooks Belts V-8156
  </name>
  <category>
   Belts
  </category>
  <size>
   XXL
  </size>
  <color>
   Синий
  </color>
  <material>
   Полиэстер
  </material>
  <price>
   808860
  </price>
  <rating>
   2.41
  </rating>
  <reviews>
   374623
  </reviews>
 </clothing>
 <clothing>
  <id>
   299194371
  </id>
  <name>
   Converse Skirt E-5247
  </name>
  <category>
   Skirt
  </category>
  <size>
   L
  </size>
  <color>
   Зеленый
  </color>
  <material>
   Вискоза
  </material>
  <price>
   552323
  </price>
  <rating>
   1.27
  </rating>
  <reviews>
   759815
  </reviews>
  <new>
   +
  </new>
  <exclusive>
   no
  </exclusive>
  <sporty>
   yes
  </sporty>
 </clothing>
 <clothing>
  <id>
   254038878
  </id>
  <name>
   Fila Handbags S-2450
  </name>
  <category>
   Handbags
  </category>
  <size>
   S
  </size>
  <color>
   Фиолетовый
  </color>
  <material>
   Лен
  </material>
  <price>
   276676
  </price>
  <rating>
   1.26
  </rating>
  <reviews>
   545455
  </reviews>
  <new>
   -
  </new>
 </clothing>
 <clothing>
  <id>
   722993435
  </id>
  <name>
   Brooks Pants T-8448
  </name>
  <category>
   Pants
  </category>
  <size>
   M
  </size>
  <color>
   Фиолетовый
  </color>
  <material>
   Кожа
  </material>
  <price>
   341053
  </price>
  <rating>
   1.38
  </rating>
  <reviews>
   912750
  </reviews>
  <exclusive>
   yes
  </exclusive>
 </clothing>
 <clothing>
  <id>
   154356073
  </id>
  <name>
   Ellesse Socks C-8812
  </name>
  <category>
   Socks
  </category>
  <size>
   S
  </size>
  <color>
   Оранжевый
  </color>
  <material>
   Вискоза
  </material>
  <price>
   205397
  </price>
  <rating>
   4.33
  </rating>
  <reviews>
   224705
  </reviews>
 </clothing>
</clothing-items>
