<?xml version="1.0" encoding="utf-8"?>
<clothing-items>
 <clothing>
  <id>
   900109674
  </id>
  <name>
   Reebok Socks O-8144
  </name>
  <category>
   Socks
  </category>
  <size>
   XL
  </size>
  <color>
   Голубой
  </color>
  <material>
   Вискоза
  </material>
  <price>
   586251
  </price>
  <rating>
   3.66
  </rating>
  <reviews>
   59460
  </reviews>
  <new>
   -
  </new>
  <sporty>
   no
  </sporty>
 </clothing>
 <clothing>
  <id>
   937084738
  </id>
  <name>
   Nike Shirt O-2115
  </name>
  <category>
   Shirt
  </category>
  <size>
   M
  </size>
  <color>
   Голубой
  </color>
  <material>
   Шерсть
  </material>
  <price>
   666755
  </price>
  <rating>
   3.5
  </rating>
  <reviews>
   683335
  </reviews>
  <exclusive>
   yes
  </exclusive>
  <sporty>
   no
  </sporty>
 </clothing>
 <clothing>
  <id>
   426458909
  </id>
  <name>
   Converse Gloves U-1729
  </name>
  <category>
   Gloves
  </category>
  <size>
   L
  </size>
  <color>
   Желтый
  </color>
  <material>
   Лен
  </material>
  <price>
   306431
  </price>
  <rating>
   3.45
  </rating>
  <reviews>
   457634
  </reviews>
  <new>
   -
  </new>
  <sporty>
   yes
  </sporty>
 </clothing>
 <clothing>
  <id>
   345924432
  </id>
  <name>
   Reebok Pants E-6900
  </name>
  <category>
   Pants
  </category>
  <size>
   L
  </size>
  <color>
   Оранжевый
  </color>
  <material>
   Шерсть
  </material>
  <price>
   275296
  </price>
  <rating>
   1.0
  </rating>
  <reviews>
   286498
  </reviews>
  <new>
   +
  </new>
 </clothing>
 <clothing>
  <id>
   299864348
  </id>
  <name>
   Reebok Shoes P-5855
  </name>
  <category>
   Shoes
  </category>
  <size>
   S
  </size>
  <color>
   Голубой
  </color>
  <material>
   Нейлон
  </material>
  <price>
   747653
  </price>
  <rating>
   4.08
  </rating>
  <reviews>
   692988
  </reviews>
  <new>
   -
  </new>
  <exclusive>
   no
  </exclusive>
 </clothing>
 <clothing>
  <id>
   127858931
  </id>
  <name>
   DC Shirt A-1003
  </name>
  <category>
   Shirt
  </category>
  <size>
   XXL
  </size>
  <color>
   Красный
  </color>
  <material>
   Лен
  </material>
  <price>
   617473
  </price>
  <rating>
   4.97
  </rating>
  <reviews>
   56431
  </reviews>
  <sporty>
   no
  </sporty>
 </clothing>
 <clothing>
  <id>
   345528093
  </id>
  <name>
   Lacoste Handbags G-4909
  </name>
  <category>
   Handbags
  </category>
  <size>
   S
  </size>
  <color>
   Синий
  </color>
  <material>
   Шелк
  </material>
  <price>
   594970
  </price>
  <rating>
   2.26
  </rating>
  <reviews>
   74165
  </reviews>
 </clothing>
 <clothing>
  <id>
   289585295
  </id>
  <name>
   Addidas Dress V-2296
  </name>
  <category>
   Dress
  </category>
  <size>
   M
  </size>
  <color>
   Красный
  </color>
  <material>
   Шерсть
  </material>
  <price>
   701510
  </price>
  <rating>
   3.5
  </rating>
  <reviews>
   753445
  </reviews>
  <new>
   -
  </new>
  <exclusive>
   no
  </exclusive>
 </clothing>
 <clothing>
  <id>
   964477402
  </id>
  <name>
   Asics Umbrellas T-7753
  </name>
  <category>
   Umbrellas
  </category>
  <size>
   S
  </size>
  <color>
   Голубой
  </color>
  <material>
   Шелк
  </material>
  <price>
   808437
  </price>
  <rating>
   2.47
  </rating>
  <reviews>
   75420
  </reviews>
  <new>
   +
  </new>
  <sporty>
   no
  </sporty>
 </clothing>
 <clothing>
  <id>
   113750858
  </id>
  <name>
   DC Blouse B-3380
  </name>
  <category>
   Blouse
  </category>
  <size>
   XL
  </size>
  <color>
   Фиолетовый
  </color>
  <material>
   Кожа
  </material>
  <price>
   532578
  </price>
  <rating>
   2.89
  </rating>
  <reviews>
   189664
  </reviews>
  <exclusive>
   yes
  </exclusive>
  <sporty>
   yes
  </sporty>
 </clothing>
 <clothing>
  <id>
   768333896
  </id>
  <name>
   DC Pants C-6947
  </name>
  <category>
   Pants
  </category>
  <size>
   XXL
  </size>
  <color>
   Голубой
  </color>
  <material>
   Шерсть
  </material>
  <price>
   987437
  </price>
  <rating>
   2.32
  </rating>
  <reviews>
   68442
  </reviews>
  <new>
   -
  </new>
 </clothing>
 <clothing>
  <id>
   399441593
  </id>
  <name>
   Puma Belts F-8775
  </name>
  <category>
   Belts
  </category>
  <size>
   M
  </size>
  <color>
   Желтый
  </color>
  <material>
   Хлопок
  </material>
  <price>
   514156
  </price>
  <rating>
   3.65
  </rating>
  <reviews>
   357446
  </reviews>
  <new>
   -
  </new>
  <exclusive>
   no
  </exclusive>
  <sporty>
   no
  </sporty>
 </clothing>
 <clothing>
  <id>
   326804158
  </id>
  <name>
   Fila Pants Z-6137
  </name>
  <category>
   Pants
  </category>
  <size>
   S
  </size>
  <color>
   Синий
  </color>
  <material>
   Кожа
  </material>
  <price>
   567946
  </price>
  <rating>
   1.02
  </rating>
  <reviews>
   340986
  </reviews>
  <new>
   +
  </new>
  <sporty>
   yes
  </sporty>
 </clothing>
 <clothing>
  <id>
   518060964
  </id>
  <name>
   Ellesse Sweater W-8099
  </name>
  <category>
   Sweater
  </category>
  <size>
   M
  </size>
  <color>
   Красный
  </color>
  <material>
   Полиэстер
  </material>
  <price>
   353278
  </price>
  <rating>
   3.21
  </rating>
  <reviews>
   642482
  </reviews>
  <new>
   -
  </new>
  <exclusive>
   no
  </exclusive>
 </clothing>
 <clothing>
  <id>
   447431546
  </id>
  <name>
   Adidas Jeans H-1856
  </name>
  <category>
   Jeans
  </category>
  <size>
   XXL
  </size>
  <color>
   Красный
  </color>
  <material>
   Кожа
  </material>
  <price>
   485562
  </price>
  <rating>
   1.43
  </rating>
  <reviews>
   506315
  </reviews>
  <new>
   +
  </new>
  <sporty>
   no
  </sporty>
 </clothing>
 <clothing>
  <id>
   960348472
  </id>
  <name>
   New Balance Jacket M-1941
  </name>
  <category>
   Jacket
  </category>
  <size>
   M
  </size>
  <color>
   Голубой
  </color>
  <material>
   Шерсть
  </material>
  <price>
   707353
  </price>
  <rating>
   2.63
  </rating>
  <reviews>
   923187
  </reviews>
  <new>
   -
  </new>
 </clothing>
 <clothing>
  <id>
   928627792
  </id>
  <name>
   Addidas Umbrellas X-8350
  </name>
  <category>
   Umbrellas
  </category>
  <size>
   S
  </size>
  <color>
   Голубой
  </color>
  <material>
   Кожа
  </material>
  <price>
   565680
  </price>
  <rating>
   3.05
  </rating>
  <reviews>
   47097
  </reviews>
  <new>
   +
  </new>
  <sporty>
   no
  </sporty>
 </clothing>
 <clothing>
  <id>
   233267713
  </id>
  <name>
   Addidas Sweater B-3743
  </name>
  <category>
   Sweater
  </category>
  <size>
   XXL
  </size>
  <color>
   Оранжевый
  </color>
  <material>
   Шерсть
  </material>
  <price>
   761853
  </price>
  <rating>
   1.39
  </rating>
  <reviews>
   470002
  </reviews>
  <sporty>
   no
  </sporty>
 </clothing>
 <clothing>
  <id>
   770492138
  </id>
  <name>
   Lacoste Skirt D-8631
  </name>
  <category>
   Skirt
  </category>
  <size>
   XL
  </size>
  <color>
   Красный
  </color>
  <material>
   Полиэстер
  </material>
  <price>
   596363
  </price>
  <rating>
   1.21
  </rating>
  <reviews>
   112364
  </reviews>
 </clothing>
 <clothing>
  <id>
   877578621
  </id>
  <name>
   Vans Socks J-8625
  </name>
  <category>
   Socks
  </category>
  <size>
   XL
  </size>
  <color>
   Голубой
  </color>
  <material>
   Шерсть
  </material>
  <price>
   529722
  </price>
  <rating>
   4.56
  </rating>
  <reviews>
   686083
  </reviews>
  <new>
   +
  </new>
  <exclusive>
   no
  </exclusive>
 </clothing>
 <clothing>
  <id>
   946575632
  </id>
  <name>
   New Balance T-shirt M-8937
  </name>
  <category>
   T-shirt
  </category>
  <size>
   S
  </size>
  <color>
   Синий
  </color>
  <material>
   Нейлон
  </material>
  <price>
   491179
  </price>
  <rating>
   3.35
  </rating>
  <reviews>
   700308
  </reviews>
  <exclusive>
   no
  </exclusive>
  <sporty>
   no
  </sporty>
 </clothing>
 <clothing>
  <id>
   145761894
  </id>
  <name>
   DC Shirt L-6194
  </name>
  <category>
   Shirt
  </category>
  <size>
   L
  </size>
  <color>
   Зеленый
  </color>
  <material>
   Кожа
  </material>
  <price>
   414270
  </price>
  <rating>
   3.16
  </rating>
  <reviews>
   110211
  </reviews>
  <exclusive>
   yes
  </exclusive>
  <sporty>
   no
  </sporty>
 </clothing>
 <clothing>
  <id>
   904419610
  </id>
  <name>
   Nike Jacket H-6876
  </name>
  <category>
   Jacket
  </category>
  <size>
   XL
  </size>
  <color>
   Голубой
  </color>
  <material>
   Лен
  </material>
  <price>
   412776
  </price>
  <rating>
   3.97
  </rating>
  <reviews>
   173610
  </reviews>
  <new>
   -
  </new>
  <exclusive>
   yes
  </exclusive>
  <sporty>
   yes
  </sporty>
 </clothing>
</clothing-items>
