<?xml version="1.0" encoding="utf-8"?>
<clothing-items>
 <clothing>
  <id>
   118832634
  </id>
  <name>
   DC Skirt S-7189
  </name>
  <category>
   Skirt
  </category>
  <size>
   XL
  </size>
  <color>
   Фиолетовый
  </color>
  <material>
   Хлопок
  </material>
  <price>
   987958
  </price>
  <rating>
   4.59
  </rating>
  <reviews>
   224590
  </reviews>
  <new>
   +
  </new>
  <exclusive>
   no
  </exclusive>
  <sporty>
   yes
  </sporty>
 </clothing>
 <clothing>
  <id>
   118471417
  </id>
  <name>
   Reebok Socks X-5131
  </name>
  <category>
   Socks
  </category>
  <size>
   L
  </size>
  <color>
   Голубой
  </color>
  <material>
   Лен
  </material>
  <price>
   844284
  </price>
  <rating>
   4.81
  </rating>
  <reviews>
   617623
  </reviews>
  <new>
   -
  </new>
  <exclusive>
   yes
  </exclusive>
 </clothing>
 <clothing>
  <id>
   829116540
  </id>
  <name>
   Addidas Blouse K-7950
  </name>
  <category>
   Blouse
  </category>
  <size>
   M
  </size>
  <color>
   Голубой
  </color>
  <material>
   Полиэстер
  </material>
  <price>
   201581
  </price>
  <rating>
   3.73
  </rating>
  <reviews>
   703863
  </reviews>
  <exclusive>
   no
  </exclusive>
  <sporty>
   yes
  </sporty>
 </clothing>
 <clothing>
  <id>
   845420596
  </id>
  <name>
   PleinSport Shirt Y-4687
  </name>
  <category>
   Shirt
  </category>
  <size>
   M
  </size>
  <color>
   Желтый
  </color>
  <material>
   Шелк
  </material>
  <price>
   422874
  </price>
  <rating>
   1.26
  </rating>
  <reviews>
   202151
  </reviews>
  <exclusive>
   yes
  </exclusive>
  <sporty>
   no
  </sporty>
 </clothing>
 <clothing>
  <id>
   207470831
  </id>
  <name>
   Reebok Jeans V-6519
  </name>
  <category>
   Jeans
  </category>
  <size>
   L
  </size>
  <color>
   Синий
  </color>
  <material>
   Полиэстер
  </material>
  <price>
   201093
  </price>
  <rating>
   4.47
  </rating>
  <reviews>
   755467
  </reviews>
  <new>
   +
  </new>
  <exclusive>
   no
  </exclusive>
  <sporty>
   no
  </sporty>
 </clothing>
 <clothing>
  <id>
   658700266
  </id>
  <name>
   DC Umbrellas F-3599
  </name>
  <category>
   Umbrellas
  </category>
  <size>
   S
  </size>
  <color>
   Фиолетовый
  </color>
  <material>
   Лен
  </material>
  <price>
   381844
  </price>
  <rating>
   2.71
  </rating>
  <reviews>
   273083
  </reviews>
  <exclusive>
   no
  </exclusive>
  <sporty>
   no
  </sporty>
 </clothing>
 <clothing>
  <id>
   960222591
  </id>
  <name>
   Ellesse Gloves K-4211
  </name>
  <category>
   Gloves
  </category>
  <size>
   XXL
  </size>
  <color>
   Синий
  </color>
  <material>
   Кожа
  </material>
  <price>
   727978
  </price>
  <rating>
   2.57
  </rating>
  <reviews>
   945432
  </reviews>
  <new>
   -
  </new>
  <sporty>
   no
  </sporty>
 </clothing>
 <clothing>
  <id>
   799544439
  </id>
  <name>
   Adidas Dress P-2293
  </name>
  <category>
   Dress
  </category>
  <size>
   S
  </size>
  <color>
   Оранжевый
  </color>
  <material>
   Кожа
  </material>
  <price>
   683334
  </price>
  <rating>
   4.42
  </rating>
  <reviews>
   103289
  </reviews>
  <new>
   -
  </new>
  <exclusive>
   no
  </exclusive>
 </clothing>
 <clothing>
  <id>
   266226330
  </id>
  <name>
   Addidas Gloves Z-2366
  </name>
  <category>
   Gloves
  </category>
  <size>
   L
  </size>
  <color>
   Голубой
  </color>
  <material>
   Вискоза
  </material>
  <price>
   663607
  </price>
  <rating>
   2.48
  </rating>
  <reviews>
   635207
  </reviews>
  <exclusive>
   no
  </exclusive>
  <sporty>
   yes
  </sporty>
 </clothing>
 <clothing>
  <id>
   801373031
  </id>
  <name>
   Adidas Blouse F-6870
  </name>
  <category>
   Blouse
  </category>
  <size>
   L
  </size>
  <color>
   Оранжевый
  </color>
  <material>
   Кожа
  </material>
  <price>
   754410
  </price>
  <rating>
   1.57
  </rating>
  <reviews>
   701536
  </reviews>
  <new>
   +
  </new>
  <exclusive>
   no
  </exclusive>
  <sporty>
   no
  </sporty>
 </clothing>
 <clothing>
  <id>
   656273676
  </id>
  <name>
   Lacoste Socks X-7096
  </name>
  <category>
   Socks
  </category>
  <size>
   L
  </size>
  <color>
   Зеленый
  </color>
  <material>
   Хлопок
  </material>
  <price>
   124604
  </price>
  <rating>
   1.01
  </rating>
  <reviews>
   658402
  </reviews>
  <new>
   +
  </new>
  <sporty>
   no
  </sporty>
 </clothing>
 <clothing>
  <id>
   994822595
  </id>
  <name>
   Asics Dress G-9153
  </name>
  <category>
   Dress
  </category>
  <size>
   XXL
  </size>
  <color>
   Голубой
  </color>
  <material>
   Шерсть
  </material>
  <price>
   652304
  </price>
  <rating>
   3.69
  </rating>
  <reviews>
   787489
  </reviews>
 </clothing>
 <clothing>
  <id>
   918367720
  </id>
  <name>
   Nike Sweater B-3934
  </name>
  <category>
   Sweater
  </category>
  <size>
   XXL
  </size>
  <color>
   Желтый
  </color>
  <material>
   Лен
  </material>
  <price>
   921029
  </price>
  <rating>
   3.59
  </rating>
  <reviews>
   449266
  </reviews>
  <exclusive>
   yes
  </exclusive>
  <sporty>
   no
  </sporty>
 </clothing>
 <clothing>
  <id>
   567252289
  </id>
  <name>
   Nike Handbags V-1059
  </name>
  <category>
   Handbags
  </category>
  <size>
   XXL
  </size>
  <color>
   Синий
  </color>
  <material>
   Нейлон
  </material>
  <price>
   353867
  </price>
  <rating>
   3.96
  </rating>
  <reviews>
   675008
  </reviews>
  <new>
   -
  </new>
  <sporty>
   yes
  </sporty>
 </clothing>
 <clothing>
  <id>
   328083351
  </id>
  <name>
   Lacoste Jeans A-9704
  </name>
  <category>
   Jeans
  </category>
  <size>
   XXL
  </size>
  <color>
   Желтый
  </color>
  <material>
   Вискоза
  </material>
  <price>
   884126
  </price>
  <rating>
   2.58
  </rating>
  <reviews>
   126260
  </reviews>
  <exclusive>
   yes
  </exclusive>
 </clothing>
 <clothing>
  <id>
   455686556
  </id>
  <name>
   Lacoste Skirt A-8993
  </name>
  <category>
   Skirt
  </category>
  <size>
   M
  </size>
  <color>
   Фиолетовый
  </color>
  <material>
   Шерсть
  </material>
  <price>
   105650
  </price>
  <rating>
   2.93
  </rating>
  <reviews>
   170708
  </reviews>
  <exclusive>
   yes
  </exclusive>
  <sporty>
   yes
  </sporty>
 </clothing>
</clothing-items>
