<?xml version="1.0" encoding="utf-8"?>
<clothing-items>
 <clothing>
  <id>
   128522710
  </id>
  <name>
   New Balance Hat M-2088
  </name>
  <category>
   Hat
  </category>
  <size>
   M
  </size>
  <color>
   Оранжевый
  </color>
  <material>
   Полиэстер
  </material>
  <price>
   302852
  </price>
  <rating>
   2.83
  </rating>
  <reviews>
   669336
  </reviews>
  <new>
   +
  </new>
 </clothing>
 <clothing>
  <id>
   442774278
  </id>
  <name>
   Adidas Blouse V-1622
  </name>
  <category>
   Blouse
  </category>
  <size>
   XL
  </size>
  <color>
   Фиолетовый
  </color>
  <material>
   Кожа
  </material>
  <price>
   895148
  </price>
  <rating>
   1.81
  </rating>
  <reviews>
   327349
  </reviews>
  <new>
   +
  </new>
  <exclusive>
   yes
  </exclusive>
  <sporty>
   no
  </sporty>
 </clothing>
 <clothing>
  <id>
   117886681
  </id>
  <name>
   Vans T-shirt L-5712
  </name>
  <category>
   T-shirt
  </category>
  <size>
   L
  </size>
  <color>
   Фиолетовый
  </color>
  <material>
   Кожа
  </material>
  <price>
   405108
  </price>
  <rating>
   4.89
  </rating>
  <reviews>
   618402
  </reviews>
  <new>
   -
  </new>
  <exclusive>
   yes
  </exclusive>
  <sporty>
   no
  </sporty>
 </clothing>
 <clothing>
  <id>
   400208685
  </id>
  <name>
   Vans Jacket H-6953
  </name>
  <category>
   Jacket
  </category>
  <size>
   S
  </size>
  <color>
   Желтый
  </color>
  <material>
   Нейлон
  </material>
  <price>
   214460
  </price>
  <rating>
   4.8
  </rating>
  <reviews>
   837202
  </reviews>
  <new>
   +
  </new>
  <sporty>
   yes
  </sporty>
 </clothing>
 <clothing>
  <id>
   217759417
  </id>
  <name>
   New Balance Handbags E-9320
  </name>
  <category>
   Handbags
  </category>
  <size>
   XXL
  </size>
  <color>
   Оранжевый
  </color>
  <material>
   Кожа
  </material>
  <price>
   489379
  </price>
  <rating>
   1.03
  </rating>
  <reviews>
   962159
  </reviews>
  <sporty>
   yes
  </sporty>
 </clothing>
 <clothing>
  <id>
   121074619
  </id>
  <name>
   Under Armour Jeans X-6907
  </name>
  <category>
   Jeans
  </category>
  <size>
   XXL
  </size>
  <color>
   Красный
  </color>
  <material>
   Шелк
  </material>
  <price>
   803915
  </price>
  <rating>
   2.46
  </rating>
  <reviews>
   799900
  </reviews>
  <new>
   -
  </new>
  <sporty>
   no
  </sporty>
 </clothing>
 <clothing>
  <id>
   392681995
  </id>
  <name>
   Ellesse Blouse W-8573
  </name>
  <category>
   Blouse
  </category>
  <size>
   M
  </size>
  <color>
   Желтый
  </color>
  <material>
   Лен
  </material>
  <price>
   691814
  </price>
  <rating>
   2.36
  </rating>
  <reviews>
   397320
  </reviews>
  <new>
   +
  </new>
  <sporty>
   no
  </sporty>
 </clothing>
 <clothing>
  <id>
   927636784
  </id>
  <name>
   New Balance T-shirt C-5593
  </name>
  <category>
   T-shirt
  </category>
  <size>
   XXL
  </size>
  <color>
   Голубой
  </color>
  <material>
   Вискоза
  </material>
  <price>
   887565
  </price>
  <rating>
   2.66
  </rating>
  <reviews>
   955955
  </reviews>
  <exclusive>
   no
  </exclusive>
 </clothing>
 <clothing>
  <id>
   951514988
  </id>
  <name>
   Puma Shirt R-2426
  </name>
  <category>
   Shirt
  </category>
  <size>
   M
  </size>
  <color>
   Желтый
  </color>
  <material>
   Вискоза
  </material>
  <price>
   100128
  </price>
  <rating>
   2.77
  </rating>
  <reviews>
   367100
  </reviews>
  <sporty>
   no
  </sporty>
 </clothing>
 <clothing>
  <id>
   902601937
  </id>
  <name>
   Puma Blouse X-5678
  </name>
  <category>
   Blouse
  </category>
  <size>
   L
  </size>
  <color>
   Зеленый
  </color>
  <material>
   Лен
  </material>
  <price>
   743237
  </price>
  <rating>
   4.48
  </rating>
  <reviews>
   650237
  </reviews>
  <new>
   -
  </new>
  <exclusive>
   no
  </exclusive>
  <sporty>
   no
  </sporty>
 </clothing>
</clothing-items>
