<?xml version="1.0" encoding="utf-8"?>
<clothing-items>
 <clothing>
  <id>
   440984876
  </id>
  <name>
   Asics Socks I-6598
  </name>
  <category>
   Socks
  </category>
  <size>
   S
  </size>
  <color>
   Фиолетовый
  </color>
  <material>
   Шелк
  </material>
  <price>
   712496
  </price>
  <rating>
   1.53
  </rating>
  <reviews>
   731816
  </reviews>
  <exclusive>
   no
  </exclusive>
  <sporty>
   no
  </sporty>
 </clothing>
 <clothing>
  <id>
   799162643
  </id>
  <name>
   Reebok Shoes D-7288
  </name>
  <category>
   Shoes
  </category>
  <size>
   L
  </size>
  <color>
   Голубой
  </color>
  <material>
   Хлопок
  </material>
  <price>
   103817
  </price>
  <rating>
   4.69
  </rating>
  <reviews>
   797189
  </reviews>
  <new>
   -
  </new>
  <exclusive>
   no
  </exclusive>
 </clothing>
 <clothing>
  <id>
   123619882
  </id>
  <name>
   Ellesse Shoes Z-8719
  </name>
  <category>
   Shoes
  </category>
  <size>
   M
  </size>
  <color>
   Красный
  </color>
  <material>
   Шерсть
  </material>
  <price>
   160713
  </price>
  <rating>
   3.19
  </rating>
  <reviews>
   509999
  </reviews>
  <new>
   -
  </new>
 </clothing>
 <clothing>
  <id>
   112675497
  </id>
  <name>
   Puma Gloves C-2929
  </name>
  <category>
   Gloves
  </category>
  <size>
   XL
  </size>
  <color>
   Фиолетовый
  </color>
  <material>
   Шерсть
  </material>
  <price>
   657111
  </price>
  <rating>
   3.59
  </rating>
  <reviews>
   96940
  </reviews>
  <new>
   -
  </new>
 </clothing>
 <clothing>
  <id>
   514152545
  </id>
  <name>
   Puma Handbags R-4972
  </name>
  <category>
   Handbags
  </category>
  <size>
   XL
  </size>
  <color>
   Красный
  </color>
  <material>
   Кожа
  </material>
  <price>
   894754
  </price>
  <rating>
   4.39
  </rating>
  <reviews>
   28126
  </reviews>
  <exclusive>
   yes
  </exclusive>
  <sporty>
   no
  </sporty>
 </clothing>
 <clothing>
  <id>
   459191060
  </id>
  <name>
   Nike Pants M-1023
  </name>
  <category>
   Pants
  </category>
  <size>
   XL
  </size>
  <color>
   Голубой
  </color>
  <material>
   Лен
  </material>
  <price>
   531311
  </price>
  <rating>
   1.73
  </rating>
  <reviews>
   545226
  </reviews>
  <new>
   +
  </new>
 </clothing>
 <clothing>
  <id>
   928046069
  </id>
  <name>
   Puma Belts O-2349
  </name>
  <category>
   Belts
  </category>
  <size>
   M
  </size>
  <color>
   Голубой
  </color>
  <material>
   Шелк
  </material>
  <price>
   727549
  </price>
  <rating>
   3.71
  </rating>
  <reviews>
   82331
  </reviews>
  <new>
   -
  </new>
  <sporty>
   no
  </sporty>
 </clothing>
 <clothing>
  <id>
   998496390
  </id>
  <name>
   Lacoste Shoes U-8569
  </name>
  <category>
   Shoes
  </category>
  <size>
   S
  </size>
  <color>
   Голубой
  </color>
  <material>
   Шелк
  </material>
  <price>
   974846
  </price>
  <rating>
   1.99
  </rating>
  <reviews>
   83452
  </reviews>
 </clothing>
 <clothing>
  <id>
   521595539
  </id>
  <name>
   Converse Umbrellas Y-2940
  </name>
  <category>
   Umbrellas
  </category>
  <size>
   M
  </size>
  <color>
   Фиолетовый
  </color>
  <material>
   Шелк
  </material>
  <price>
   949037
  </price>
  <rating>
   3.96
  </rating>
  <reviews>
   802848
  </reviews>
  <new>
   -
  </new>
  <exclusive>
   no
  </exclusive>
 </clothing>
 <clothing>
  <id>
   630766810
  </id>
  <name>
   Vans Umbrellas C-5361
  </name>
  <category>
   Umbrellas
  </category>
  <size>
   XL
  </size>
  <color>
   Зеленый
  </color>
  <material>
   Шелк
  </material>
  <price>
   497737
  </price>
  <rating>
   1.14
  </rating>
  <reviews>
   393082
  </reviews>
  <exclusive>
   no
  </exclusive>
 </clothing>
 <clothing>
  <id>
   590200284
  </id>
  <name>
   DC Belts K-1239
  </name>
  <category>
   Belts
  </category>
  <size>
   L
  </size>
  <color>
   Фиолетовый
  </color>
  <material>
   Кожа
  </material>
  <price>
   409860
  </price>
  <rating>
   3.73
  </rating>
  <reviews>
   479348
  </reviews>
  <new>
   -
  </new>
  <exclusive>
   no
  </exclusive>
 </clothing>
 <clothing>
  <id>
   336329300
  </id>
  <name>
   Adidas Belts L-4553
  </name>
  <category>
   Belts
  </category>
  <size>
   XXL
  </size>
  <color>
   Голубой
  </color>
  <material>
   Шелк
  </material>
  <price>
   600777
  </price>
  <rating>
   2.72
  </rating>
  <reviews>
   819271
  </reviews>
  <sporty>
   yes
  </sporty>
 </clothing>
 <clothing>
  <id>
   616754067
  </id>
  <name>
   Under Armour T-shirt G-9706
  </name>
  <category>
   T-shirt
  </category>
  <size>
   XL
  </size>
  <color>
   Синий
  </color>
  <material>
   Кожа
  </material>
  <price>
   597972
  </price>
  <rating>
   2.88
  </rating>
  <reviews>
   777230
  </reviews>
  <new>
   +
  </new>
  <exclusive>
   yes
  </exclusive>
  <sporty>
   yes
  </sporty>
 </clothing>
 <clothing>
  <id>
   432535483
  </id>
  <name>
   Reebok Shoes F-2501
  </name>
  <category>
   Shoes
  </category>
  <size>
   XXL
  </size>
  <color>
   Фиолетовый
  </color>
  <material>
   Кожа
  </material>
  <price>
   590809
  </price>
  <rating>
   1.68
  </rating>
  <reviews>
   895368
  </reviews>
  <sporty>
   yes
  </sporty>
 </clothing>
 <clothing>
  <id>
   226128525
  </id>
  <name>
   Converse Skirt W-5257
  </name>
  <category>
   Skirt
  </category>
  <size>
   L
  </size>
  <color>
   Оранжевый
  </color>
  <material>
   Нейлон
  </material>
  <price>
   676757
  </price>
  <rating>
   3.31
  </rating>
  <reviews>
   928396
  </reviews>
  <new>
   -
  </new>
  <sporty>
   yes
  </sporty>
 </clothing>
 <clothing>
  <id>
   713570899
  </id>
  <name>
   PleinSport Dress I-2965
  </name>
  <category>
   Dress
  </category>
  <size>
   S
  </size>
  <color>
   Красный
  </color>
  <material>
   Полиэстер
  </material>
  <price>
   225783
  </price>
  <rating>
   4.11
  </rating>
  <reviews>
   99929
  </reviews>
  <new>
   -
  </new>
 </clothing>
 <clothing>
  <id>
   772090502
  </id>
  <name>
   New Balance Umbrellas T-9513
  </name>
  <category>
   Umbrellas
  </category>
  <size>
   M
  </size>
  <color>
   Зеленый
  </color>
  <material>
   Шелк
  </material>
  <price>
   597219
  </price>
  <rating>
   4.49
  </rating>
  <reviews>
   28917
  </reviews>
  <new>
   +
  </new>
  <sporty>
   yes
  </sporty>
 </clothing>
 <clothing>
  <id>
   729000572
  </id>
  <name>
   Vans Sweater B-9411
  </name>
  <category>
   Sweater
  </category>
  <size>
   XL
  </size>
  <color>
   Голубой
  </color>
  <material>
   Хлопок
  </material>
  <price>
   238639
  </price>
  <rating>
   3.38
  </rating>
  <reviews>
   889854
  </reviews>
  <exclusive>
   no
  </exclusive>
 </clothing>
 <clothing>
  <id>
   289904398
  </id>
  <name>
   Reebok Shirt K-6208
  </name>
  <category>
   Shirt
  </category>
  <size>
   S
  </size>
  <color>
   Фиолетовый
  </color>
  <material>
   Хлопок
  </material>
  <price>
   721802
  </price>
  <rating>
   1.14
  </rating>
  <reviews>
   577210
  </reviews>
  <new>
   -
  </new>
  <sporty>
   no
  </sporty>
 </clothing>
 <clothing>
  <id>
   564771463
  </id>
  <name>
   Converse Belts B-1457
  </name>
  <category>
   Belts
  </category>
  <size>
   XL
  </size>
  <color>
   Желтый
  </color>
  <material>
   Шерсть
  </material>
  <price>
   760134
  </price>
  <rating>
   3.68
  </rating>
  <reviews>
   434594
  </reviews>
 </clothing>
 <clothing>
  <id>
   504627243
  </id>
  <name>
   Nike Blouse B-2773
  </name>
  <category>
   Blouse
  </category>
  <size>
   S
  </size>
  <color>
   Оранжевый
  </color>
  <material>
   Шерсть
  </material>
  <price>
   308922
  </price>
  <rating>
   4.33
  </rating>
  <reviews>
   713637
  </reviews>
  <new>
   +
  </new>
  <exclusive>
   no
  </exclusive>
  <sporty>
   yes
  </sporty>
 </clothing>
 <clothing>
  <id>
   289331362
  </id>
  <name>
   Vans Jacket S-8162
  </name>
  <category>
   Jacket
  </category>
  <size>
   XL
  </size>
  <color>
   Голубой
  </color>
  <material>
   Полиэстер
  </material>
  <price>
   867179
  </price>
  <rating>
   4.7
  </rating>
  <reviews>
   166762
  </reviews>
  <new>
   -
  </new>
 </clothing>
 <clothing>
  <id>
   308123615
  </id>
  <name>
   Converse Jacket M-8424
  </name>
  <category>
   Jacket
  </category>
  <size>
   S
  </size>
  <color>
   Фиолетовый
  </color>
  <material>
   Полиэстер
  </material>
  <price>
   245944
  </price>
  <rating>
   3.73
  </rating>
  <reviews>
   321260
  </reviews>
  <new>
   +
  </new>
  <sporty>
   no
  </sporty>
 </clothing>
 <clothing>
  <id>
   669217376
  </id>
  <name>
   Under Armour Pants Q-5394
  </name>
  <category>
   Pants
  </category>
  <size>
   M
  </size>
  <color>
   Желтый
  </color>
  <material>
   Лен
  </material>
  <price>
   566933
  </price>
  <rating>
   1.47
  </rating>
  <reviews>
   953010
  </reviews>
  <new>
   -
  </new>
 </clothing>
 <clothing>
  <id>
   660577233
  </id>
  <name>
   PleinSport Gloves L-9605
  </name>
  <category>
   Gloves
  </category>
  <size>
   XXL
  </size>
  <color>
   Зеленый
  </color>
  <material>
   Хлопок
  </material>
  <price>
   371789
  </price>
  <rating>
   2.62
  </rating>
  <reviews>
   952049
  </reviews>
  <new>
   -
  </new>
  <sporty>
   yes
  </sporty>
 </clothing>
 <clothing>
  <id>
   707707286
  </id>
  <name>
   PleinSport T-shirt W-9237
  </name>
  <category>
   T-shirt
  </category>
  <size>
   XXL
  </size>
  <color>
   Красный
  </color>
  <material>
   Лен
  </material>
  <price>
   429391
  </price>
  <rating>
   4.95
  </rating>
  <reviews>
   169598
  </reviews>
  <new>
   +
  </new>
 </clothing>
 <clothing>
  <id>
   130317610
  </id>
  <name>
   New Balance Shirt W-2622
  </name>
  <category>
   Shirt
  </category>
  <size>
   XXL
  </size>
  <color>
   Зеленый
  </color>
  <material>
   Кожа
  </material>
  <price>
   165209
  </price>
  <rating>
   3.37
  </rating>
  <reviews>
   881378
  </reviews>
 </clothing>
 <clothing>
  <id>
   556264042
  </id>
  <name>
   DC Hat B-8273
  </name>
  <category>
   Hat
  </category>
  <size>
   L
  </size>
  <color>
   Голубой
  </color>
  <material>
   Хлопок
  </material>
  <price>
   452502
  </price>
  <rating>
   4.65
  </rating>
  <reviews>
   351564
  </reviews>
  <new>
   -
  </new>
  <sporty>
   no
  </sporty>
 </clothing>
 <clothing>
  <id>
   694252299
  </id>
  <name>
   Puma T-shirt A-9071
  </name>
  <category>
   T-shirt
  </category>
  <size>
   XXL
  </size>
  <color>
   Красный
  </color>
  <material>
   Хлопок
  </material>
  <price>
   601278
  </price>
  <rating>
   3.83
  </rating>
  <reviews>
   191437
  </reviews>
  <new>
   -
  </new>
  <exclusive>
   yes
  </exclusive>
  <sporty>
   no
  </sporty>
 </clothing>
 <clothing>
  <id>
   899626315
  </id>
  <name>
   Vans Skirt K-2074
  </name>
  <category>
   Skirt
  </category>
  <size>
   S
  </size>
  <color>
   Голубой
  </color>
  <material>
   Кожа
  </material>
  <price>
   256482
  </price>
  <rating>
   4.53
  </rating>
  <reviews>
   916916
  </reviews>
  <sporty>
   no
  </sporty>
 </clothing>
 <clothing>
  <id>
   361357837
  </id>
  <name>
   New Balance Blouse M-7332
  </name>
  <category>
   Blouse
  </category>
  <size>
   S
  </size>
  <color>
   Голубой
  </color>
  <material>
   Вискоза
  </material>
  <price>
   425778
  </price>
  <rating>
   3.26
  </rating>
  <reviews>
   51595
  </reviews>
  <new>
   -
  </new>
  <exclusive>
   yes
  </exclusive>
 </clothing>
 <clothing>
  <id>
   437453329
  </id>
  <name>
   Puma Handbags L-7558
  </name>
  <category>
   Handbags
  </category>
  <size>
   XXL
  </size>
  <color>
   Желтый
  </color>
  <material>
   Полиэстер
  </material>
  <price>
   844422
  </price>
  <rating>
   3.89
  </rating>
  <reviews>
   811293
  </reviews>
  <new>
   +
  </new>
  <exclusive>
   yes
  </exclusive>
 </clothing>
 <clothing>
  <id>
   137133286
  </id>
  <name>
   Puma Jacket D-3407
  </name>
  <category>
   Jacket
  </category>
  <size>
   L
  </size>
  <color>
   Зеленый
  </color>
  <material>
   Хлопок
  </material>
  <price>
   284174
  </price>
  <rating>
   3.65
  </rating>
  <reviews>
   909393
  </reviews>
  <new>
   -
  </new>
 </clothing>
 <clothing>
  <id>
   497025462
  </id>
  <name>
   Addidas Hat S-6500
  </name>
  <category>
   Hat
  </category>
  <size>
   M
  </size>
  <color>
   Фиолетовый
  </color>
  <material>
   Хлопок
  </material>
  <price>
   774429
  </price>
  <rating>
   3.16
  </rating>
  <reviews>
   267051
  </reviews>
  <new>
   -
  </new>
  <sporty>
   no
  </sporty>
 </clothing>
</clothing-items>
