<?xml version="1.0" encoding="utf-8"?>
<clothing-items>
 <clothing>
  <id>
   980588301
  </id>
  <name>
   PleinSport Socks D-2585
  </name>
  <category>
   Socks
  </category>
  <size>
   XXL
  </size>
  <color>
   Желтый
  </color>
  <material>
   Полиэстер
  </material>
  <price>
   379713
  </price>
  <rating>
   1.63
  </rating>
  <reviews>
   714062
  </reviews>
  <new>
   -
  </new>
 </clothing>
 <clothing>
  <id>
   906978420
  </id>
  <name>
   Lacoste Gloves T-7752
  </name>
  <category>
   Gloves
  </category>
  <size>
   XL
  </size>
  <color>
   Красный
  </color>
  <material>
   Кожа
  </material>
  <price>
   957191
  </price>
  <rating>
   4.93
  </rating>
  <reviews>
   44780
  </reviews>
  <new>
   +
  </new>
 </clothing>
 <clothing>
  <id>
   519453191
  </id>
  <name>
   Fila Socks F-7569
  </name>
  <category>
   Socks
  </category>
  <size>
   L
  </size>
  <color>
   Синий
  </color>
  <material>
   Шерсть
  </material>
  <price>
   126517
  </price>
  <rating>
   3.25
  </rating>
  <reviews>
   989612
  </reviews>
  <new>
   -
  </new>
 </clothing>
 <clothing>
  <id>
   734206595
  </id>
  <name>
   Fila Jacket N-4184
  </name>
  <category>
   Jacket
  </category>
  <size>
   M
  </size>
  <color>
   Красный
  </color>
  <material>
   Полиэстер
  </material>
  <price>
   761420
  </price>
  <rating>
   3.53
  </rating>
  <reviews>
   967641
  </reviews>
  <new>
   -
  </new>
  <exclusive>
   no
  </exclusive>
  <sporty>
   no
  </sporty>
 </clothing>
 <clothing>
  <id>
   966138653
  </id>
  <name>
   DC T-shirt L-4977
  </name>
  <category>
   T-shirt
  </category>
  <size>
   M
  </size>
  <color>
   Голубой
  </color>
  <material>
   Вискоза
  </material>
  <price>
   180977
  </price>
  <rating>
   1.41
  </rating>
  <reviews>
   441207
  </reviews>
  <exclusive>
   no
  </exclusive>
  <sporty>
   no
  </sporty>
 </clothing>
 <clothing>
  <id>
   273117510
  </id>
  <name>
   Fila Skirt T-7764
  </name>
  <category>
   Skirt
  </category>
  <size>
   L
  </size>
  <color>
   Желтый
  </color>
  <material>
   Кожа
  </material>
  <price>
   971954
  </price>
  <rating>
   2.35
  </rating>
  <reviews>
   758545
  </reviews>
  <new>
   +
  </new>
  <exclusive>
   no
  </exclusive>
  <sporty>
   no
  </sporty>
 </clothing>
 <clothing>
  <id>
   833676199
  </id>
  <name>
   Under Armour Umbrellas N-1850
  </name>
  <category>
   Umbrellas
  </category>
  <size>
   XXL
  </size>
  <color>
   Желтый
  </color>
  <material>
   Шелк
  </material>
  <price>
   328545
  </price>
  <rating>
   2.7
  </rating>
  <reviews>
   155945
  </reviews>
  <exclusive>
   no
  </exclusive>
  <sporty>
   yes
  </sporty>
 </clothing>
 <clothing>
  <id>
   308660721
  </id>
  <name>
   Reebok Sweater E-7754
  </name>
  <category>
   Sweater
  </category>
  <size>
   XXL
  </size>
  <color>
   Желтый
  </color>
  <material>
   Полиэстер
  </material>
  <price>
   758038
  </price>
  <rating>
   4.5
  </rating>
  <reviews>
   129571
  </reviews>
  <new>
   +
  </new>
  <exclusive>
   yes
  </exclusive>
  <sporty>
   no
  </sporty>
 </clothing>
 <clothing>
  <id>
   762493016
  </id>
  <name>
   Adidas T-shirt E-9928
  </name>
  <category>
   T-shirt
  </category>
  <size>
   L
  </size>
  <color>
   Фиолетовый
  </color>
  <material>
   Вискоза
  </material>
  <price>
   838240
  </price>
  <rating>
   2.6
  </rating>
  <reviews>
   47675
  </reviews>
  <new>
   +
  </new>
  <exclusive>
   no
  </exclusive>
  <sporty>
   no
  </sporty>
 </clothing>
 <clothing>
  <id>
   101712313
  </id>
  <name>
   Asics Socks P-1888
  </name>
  <category>
   Socks
  </category>
  <size>
   S
  </size>
  <color>
   Голубой
  </color>
  <material>
   Лен
  </material>
  <price>
   498593
  </price>
  <rating>
   2.33
  </rating>
  <reviews>
   930253
  </reviews>
  <new>
   +
  </new>
  <exclusive>
   no
  </exclusive>
 </clothing>
 <clothing>
  <id>
   113266063
  </id>
  <name>
   Brooks Jacket Z-7091
  </name>
  <category>
   Jacket
  </category>
  <size>
   XL
  </size>
  <color>
   Зеленый
  </color>
  <material>
   Полиэстер
  </material>
  <price>
   605830
  </price>
  <rating>
   1.85
  </rating>
  <reviews>
   719524
  </reviews>
  <new>
   -
  </new>
  <exclusive>
   no
  </exclusive>
  <sporty>
   yes
  </sporty>
 </clothing>
 <clothing>
  <id>
   273175604
  </id>
  <name>
   Asics Jeans R-5175
  </name>
  <category>
   Jeans
  </category>
  <size>
   S
  </size>
  <color>
   Оранжевый
  </color>
  <material>
   Вискоза
  </material>
  <price>
   700430
  </price>
  <rating>
   3.17
  </rating>
  <reviews>
   927216
  </reviews>
 </clothing>
 <clothing>
  <id>
   353347004
  </id>
  <name>
   Addidas T-shirt R-9246
  </name>
  <category>
   T-shirt
  </category>
  <size>
   XXL
  </size>
  <color>
   Фиолетовый
  </color>
  <material>
   Полиэстер
  </material>
  <price>
   277652
  </price>
  <rating>
   2.71
  </rating>
  <reviews>
   589183
  </reviews>
 </clothing>
 <clothing>
  <id>
   862808479
  </id>
  <name>
   Fila Dress A-1594
  </name>
  <category>
   Dress
  </category>
  <size>
   M
  </size>
  <color>
   Оранжевый
  </color>
  <material>
   Полиэстер
  </material>
  <price>
   954870
  </price>
  <rating>
   2.95
  </rating>
  <reviews>
   759393
  </reviews>
  <new>
   -
  </new>
 </clothing>
 <clothing>
  <id>
   875045822
  </id>
  <name>
   Vans Shirt X-6914
  </name>
  <category>
   Shirt
  </category>
  <size>
   S
  </size>
  <color>
   Фиолетовый
  </color>
  <material>
   Лен
  </material>
  <price>
   869334
  </price>
  <rating>
   1.06
  </rating>
  <reviews>
   362266
  </reviews>
  <new>
   -
  </new>
  <exclusive>
   yes
  </exclusive>
 </clothing>
 <clothing>
  <id>
   512154384
  </id>
  <name>
   DC Belts W-1098
  </name>
  <category>
   Belts
  </category>
  <size>
   XL
  </size>
  <color>
   Красный
  </color>
  <material>
   Лен
  </material>
  <price>
   942254
  </price>
  <rating>
   1.48
  </rating>
  <reviews>
   201216
  </reviews>
  <sporty>
   no
  </sporty>
 </clothing>
 <clothing>
  <id>
   737190597
  </id>
  <name>
   Nike Handbags M-7869
  </name>
  <category>
   Handbags
  </category>
  <size>
   L
  </size>
  <color>
   Голубой
  </color>
  <material>
   Нейлон
  </material>
  <price>
   923789
  </price>
  <rating>
   4.73
  </rating>
  <reviews>
   263494
  </reviews>
  <sporty>
   no
  </sporty>
 </clothing>
 <clothing>
  <id>
   298637402
  </id>
  <name>
   Ellesse Umbrellas X-3941
  </name>
  <category>
   Umbrellas
  </category>
  <size>
   L
  </size>
  <color>
   Оранжевый
  </color>
  <material>
   Шелк
  </material>
  <price>
   342630
  </price>
  <rating>
   2.19
  </rating>
  <reviews>
   971414
  </reviews>
  <new>
   -
  </new>
 </clothing>
 <clothing>
  <id>
   575193972
  </id>
  <name>
   Converse T-shirt Z-9848
  </name>
  <category>
   T-shirt
  </category>
  <size>
   L
  </size>
  <color>
   Зеленый
  </color>
  <material>
   Кожа
  </material>
  <price>
   506829
  </price>
  <rating>
   4.85
  </rating>
  <reviews>
   864772
  </reviews>
 </clothing>
</clothing-items>
