<?xml version="1.0" encoding="utf-8"?>
<clothing-items>
 <clothing>
  <id>
   939244298
  </id>
  <name>
   PleinSport Handbags G-6375
  </name>
  <category>
   Handbags
  </category>
  <size>
   M
  </size>
  <color>
   Желтый
  </color>
  <material>
   Полиэстер
  </material>
  <price>
   292960
  </price>
  <rating>
   4.14
  </rating>
  <reviews>
   49870
  </reviews>
  <new>
   +
  </new>
  <sporty>
   yes
  </sporty>
 </clothing>
 <clothing>
  <id>
   397891341
  </id>
  <name>
   New Balance Dress D-3750
  </name>
  <category>
   Dress
  </category>
  <size>
   XL
  </size>
  <color>
   Красный
  </color>
  <material>
   Шерсть
  </material>
  <price>
   882852
  </price>
  <rating>
   1.41
  </rating>
  <reviews>
   431444
  </reviews>
  <sporty>
   no
  </sporty>
 </clothing>
 <clothing>
  <id>
   660252995
  </id>
  <name>
   Puma Handbags G-5721
  </name>
  <category>
   Handbags
  </category>
  <size>
   XL
  </size>
  <color>
   Синий
  </color>
  <material>
   Шелк
  </material>
  <price>
   669984
  </price>
  <rating>
   3.55
  </rating>
  <reviews>
   541928
  </reviews>
  <new>
   -
  </new>
  <exclusive>
   no
  </exclusive>
  <sporty>
   no
  </sporty>
 </clothing>
 <clothing>
  <id>
   392290709
  </id>
  <name>
   Nike T-shirt O-6807
  </name>
  <category>
   T-shirt
  </category>
  <size>
   S
  </size>
  <color>
   Оранжевый
  </color>
  <material>
   Кожа
  </material>
  <price>
   679327
  </price>
  <rating>
   1.14
  </rating>
  <reviews>
   254850
  </reviews>
  <new>
   -
  </new>
  <sporty>
   yes
  </sporty>
 </clothing>
 <clothing>
  <id>
   719086903
  </id>
  <name>
   Vans Jeans Z-8237
  </name>
  <category>
   Jeans
  </category>
  <size>
   S
  </size>
  <color>
   Красный
  </color>
  <material>
   Шерсть
  </material>
  <price>
   952567
  </price>
  <rating>
   3.66
  </rating>
  <reviews>
   65178
  </reviews>
  <exclusive>
   no
  </exclusive>
  <sporty>
   no
  </sporty>
 </clothing>
 <clothing>
  <id>
   504232351
  </id>
  <name>
   Brooks T-shirt M-9808
  </name>
  <category>
   T-shirt
  </category>
  <size>
   XXL
  </size>
  <color>
   Фиолетовый
  </color>
  <material>
   Хлопок
  </material>
  <price>
   312321
  </price>
  <rating>
   4.96
  </rating>
  <reviews>
   791120
  </reviews>
  <exclusive>
   no
  </exclusive>
 </clothing>
 <clothing>
  <id>
   966573651
  </id>
  <name>
   Lacoste Shirt O-1889
  </name>
  <category>
   Shirt
  </category>
  <size>
   XL
  </size>
  <color>
   Зеленый
  </color>
  <material>
   Шерсть
  </material>
  <price>
   487497
  </price>
  <rating>
   1.46
  </rating>
  <reviews>
   794226
  </reviews>
  <exclusive>
   no
  </exclusive>
 </clothing>
 <clothing>
  <id>
   733192135
  </id>
  <name>
   DC Jeans A-1290
  </name>
  <category>
   Jeans
  </category>
  <size>
   XXL
  </size>
  <color>
   Голубой
  </color>
  <material>
   Шелк
  </material>
  <price>
   749296
  </price>
  <rating>
   2.33
  </rating>
  <reviews>
   194935
  </reviews>
  <sporty>
   yes
  </sporty>
 </clothing>
 <clothing>
  <id>
   546390790
  </id>
  <name>
   New Balance Blouse P-8513
  </name>
  <category>
   Blouse
  </category>
  <size>
   M
  </size>
  <color>
   Красный
  </color>
  <material>
   Вискоза
  </material>
  <price>
   807483
  </price>
  <rating>
   2.0
  </rating>
  <reviews>
   233636
  </reviews>
  <exclusive>
   yes
  </exclusive>
 </clothing>
 <clothing>
  <id>
   791744934
  </id>
  <name>
   Converse Shoes F-3976
  </name>
  <category>
   Shoes
  </category>
  <size>
   M
  </size>
  <color>
   Голубой
  </color>
  <material>
   Полиэстер
  </material>
  <price>
   312079
  </price>
  <rating>
   1.12
  </rating>
  <reviews>
   559879
  </reviews>
  <new>
   -
  </new>
  <exclusive>
   no
  </exclusive>
  <sporty>
   yes
  </sporty>
 </clothing>
 <clothing>
  <id>
   535736647
  </id>
  <name>
   Ellesse Skirt A-9187
  </name>
  <category>
   Skirt
  </category>
  <size>
   L
  </size>
  <color>
   Красный
  </color>
  <material>
   Полиэстер
  </material>
  <price>
   193012
  </price>
  <rating>
   1.8
  </rating>
  <reviews>
   947799
  </reviews>
  <new>
   -
  </new>
  <exclusive>
   yes
  </exclusive>
 </clothing>
 <clothing>
  <id>
   471708363
  </id>
  <name>
   Fila Shirt T-5880
  </name>
  <category>
   Shirt
  </category>
  <size>
   L
  </size>
  <color>
   Голубой
  </color>
  <material>
   Нейлон
  </material>
  <price>
   650467
  </price>
  <rating>
   4.78
  </rating>
  <reviews>
   153529
  </reviews>
  <exclusive>
   yes
  </exclusive>
  <sporty>
   no
  </sporty>
 </clothing>
 <clothing>
  <id>
   418302225
  </id>
  <name>
   Puma T-shirt A-9682
  </name>
  <category>
   T-shirt
  </category>
  <size>
   L
  </size>
  <color>
   Зеленый
  </color>
  <material>
   Шелк
  </material>
  <price>
   998109
  </price>
  <rating>
   2.81
  </rating>
  <reviews>
   768530
  </reviews>
 </clothing>
 <clothing>
  <id>
   686602925
  </id>
  <name>
   New Balance Sweater N-6328
  </name>
  <category>
   Sweater
  </category>
  <size>
   S
  </size>
  <color>
   Синий
  </color>
  <material>
   Кожа
  </material>
  <price>
   963492
  </price>
  <rating>
   3.89
  </rating>
  <reviews>
   808595
  </reviews>
  <exclusive>
   yes
  </exclusive>
  <sporty>
   no
  </sporty>
 </clothing>
 <clothing>
  <id>
   191089585
  </id>
  <name>
   Ellesse Umbrellas W-3783
  </name>
  <category>
   Umbrellas
  </category>
  <size>
   M
  </size>
  <color>
   Фиолетовый
  </color>
  <material>
   Лен
  </material>
  <price>
   749385
  </price>
  <rating>
   2.06
  </rating>
  <reviews>
   981294
  </reviews>
  <exclusive>
   no
  </exclusive>
 </clothing>
 <clothing>
  <id>
   509683011
  </id>
  <name>
   Vans Socks B-7011
  </name>
  <category>
   Socks
  </category>
  <size>
   XL
  </size>
  <color>
   Оранжевый
  </color>
  <material>
   Кожа
  </material>
  <price>
   548944
  </price>
  <rating>
   1.59
  </rating>
  <reviews>
   984473
  </reviews>
  <sporty>
   yes
  </sporty>
 </clothing>
 <clothing>
  <id>
   591538191
  </id>
  <name>
   Addidas Shirt D-4724
  </name>
  <category>
   Shirt
  </category>
  <size>
   XL
  </size>
  <color>
   Красный
  </color>
  <material>
   Кожа
  </material>
  <price>
   554500
  </price>
  <rating>
   4.52
  </rating>
  <reviews>
   994783
  </reviews>
  <exclusive>
   no
  </exclusive>
 </clothing>
 <clothing>
  <id>
   810001808
  </id>
  <name>
   Converse Sweater F-2284
  </name>
  <category>
   Sweater
  </category>
  <size>
   L
  </size>
  <color>
   Синий
  </color>
  <material>
   Полиэстер
  </material>
  <price>
   528388
  </price>
  <rating>
   3.5
  </rating>
  <reviews>
   748877
  </reviews>
 </clothing>
 <clothing>
  <id>
   254707434
  </id>
  <name>
   Asics Jeans R-7551
  </name>
  <category>
   Jeans
  </category>
  <size>
   L
  </size>
  <color>
   Фиолетовый
  </color>
  <material>
   Вискоза
  </material>
  <price>
   455930
  </price>
  <rating>
   1.75
  </rating>
  <reviews>
   833016
  </reviews>
  <exclusive>
   no
  </exclusive>
  <sporty>
   yes
  </sporty>
 </clothing>
 <clothing>
  <id>
   992577407
  </id>
  <name>
   Ellesse Handbags S-6779
  </name>
  <category>
   Handbags
  </category>
  <size>
   L
  </size>
  <color>
   Фиолетовый
  </color>
  <material>
   Хлопок
  </material>
  <price>
   732440
  </price>
  <rating>
   1.84
  </rating>
  <reviews>
   236822
  </reviews>
  <exclusive>
   no
  </exclusive>
 </clothing>
 <clothing>
  <id>
   215326397
  </id>
  <name>
   Fila Socks R-5839
  </name>
  <category>
   Socks
  </category>
  <size>
   L
  </size>
  <color>
   Фиолетовый
  </color>
  <material>
   Хлопок
  </material>
  <price>
   965905
  </price>
  <rating>
   2.5
  </rating>
  <reviews>
   576424
  </reviews>
  <new>
   +
  </new>
  <sporty>
   no
  </sporty>
 </clothing>
 <clothing>
  <id>
   666140331
  </id>
  <name>
   Puma Sweater X-2722
  </name>
  <category>
   Sweater
  </category>
  <size>
   XXL
  </size>
  <color>
   Фиолетовый
  </color>
  <material>
   Кожа
  </material>
  <price>
   823949
  </price>
  <rating>
   2.4
  </rating>
  <reviews>
   778888
  </reviews>
  <new>
   -
  </new>
  <sporty>
   no
  </sporty>
 </clothing>
 <clothing>
  <id>
   915795040
  </id>
  <name>
   Fila Dress S-9540
  </name>
  <category>
   Dress
  </category>
  <size>
   M
  </size>
  <color>
   Синий
  </color>
  <material>
   Шерсть
  </material>
  <price>
   472649
  </price>
  <rating>
   4.78
  </rating>
  <reviews>
   270369
  </reviews>
  <exclusive>
   no
  </exclusive>
  <sporty>
   yes
  </sporty>
 </clothing>
 <clothing>
  <id>
   457510849
  </id>
  <name>
   Reebok Dress U-5800
  </name>
  <category>
   Dress
  </category>
  <size>
   XL
  </size>
  <color>
   Оранжевый
  </color>
  <material>
   Нейлон
  </material>
  <price>
   289862
  </price>
  <rating>
   1.91
  </rating>
  <reviews>
   562179
  </reviews>
  <sporty>
   yes
  </sporty>
 </clothing>
 <clothing>
  <id>
   619602854
  </id>
  <name>
   DC Jacket O-5004
  </name>
  <category>
   Jacket
  </category>
  <size>
   S
  </size>
  <color>
   Красный
  </color>
  <material>
   Шелк
  </material>
  <price>
   481566
  </price>
  <rating>
   4.54
  </rating>
  <reviews>
   547089
  </reviews>
  <new>
   -
  </new>
  <sporty>
   no
  </sporty>
 </clothing>
 <clothing>
  <id>
   606090837
  </id>
  <name>
   Brooks Jeans S-7699
  </name>
  <category>
   Jeans
  </category>
  <size>
   S
  </size>
  <color>
   Голубой
  </color>
  <material>
   Нейлон
  </material>
  <price>
   345151
  </price>
  <rating>
   4.58
  </rating>
  <reviews>
   82438
  </reviews>
  <exclusive>
   yes
  </exclusive>
  <sporty>
   yes
  </sporty>
 </clothing>
 <clothing>
  <id>
   660788529
  </id>
  <name>
   Nike Pants I-6066
  </name>
  <category>
   Pants
  </category>
  <size>
   XXL
  </size>
  <color>
   Желтый
  </color>
  <material>
   Нейлон
  </material>
  <price>
   113534
  </price>
  <rating>
   4.41
  </rating>
  <reviews>
   547979
  </reviews>
  <new>
   +
  </new>
  <exclusive>
   yes
  </exclusive>
  <sporty>
   yes
  </sporty>
 </clothing>
 <clothing>
  <id>
   696700533
  </id>
  <name>
   Under Armour Blouse J-8488
  </name>
  <category>
   Blouse
  </category>
  <size>
   M
  </size>
  <color>
   Красный
  </color>
  <material>
   Шерсть
  </material>
  <price>
   403464
  </price>
  <rating>
   2.22
  </rating>
  <reviews>
   112253
  </reviews>
  <exclusive>
   yes
  </exclusive>
 </clothing>
 <clothing>
  <id>
   185150136
  </id>
  <name>
   Vans Shoes Q-6686
  </name>
  <category>
   Shoes
  </category>
  <size>
   S
  </size>
  <color>
   Желтый
  </color>
  <material>
   Шелк
  </material>
  <price>
   491576
  </price>
  <rating>
   4.43
  </rating>
  <reviews>
   425745
  </reviews>
  <sporty>
   yes
  </sporty>
 </clothing>
 <clothing>
  <id>
   826672997
  </id>
  <name>
   PleinSport Jeans R-4549
  </name>
  <category>
   Jeans
  </category>
  <size>
   M
  </size>
  <color>
   Голубой
  </color>
  <material>
   Лен
  </material>
  <price>
   114706
  </price>
  <rating>
   1.56
  </rating>
  <reviews>
   188491
  </reviews>
  <exclusive>
   no
  </exclusive>
  <sporty>
   yes
  </sporty>
 </clothing>
 <clothing>
  <id>
   756328712
  </id>
  <name>
   PleinSport T-shirt M-3857
  </name>
  <category>
   T-shirt
  </category>
  <size>
   M
  </size>
  <color>
   Красный
  </color>
  <material>
   Хлопок
  </material>
  <price>
   460518
  </price>
  <rating>
   1.07
  </rating>
  <reviews>
   52994
  </reviews>
  <new>
   -
  </new>
  <exclusive>
   yes
  </exclusive>
  <sporty>
   no
  </sporty>
 </clothing>
 <clothing>
  <id>
   925376523
  </id>
  <name>
   Brooks Gloves I-8324
  </name>
  <category>
   Gloves
  </category>
  <size>
   S
  </size>
  <color>
   Зеленый
  </color>
  <material>
   Вискоза
  </material>
  <price>
   267920
  </price>
  <rating>
   1.17
  </rating>
  <reviews>
   727508
  </reviews>
  <new>
   -
  </new>
  <sporty>
   no
  </sporty>
 </clothing>
 <clothing>
  <id>
   321386060
  </id>
  <name>
   PleinSport Belts O-7879
  </name>
  <category>
   Belts
  </category>
  <size>
   L
  </size>
  <color>
   Зеленый
  </color>
  <material>
   Шелк
  </material>
  <price>
   720757
  </price>
  <rating>
   3.1
  </rating>
  <reviews>
   440484
  </reviews>
  <new>
   +
  </new>
  <exclusive>
   yes
  </exclusive>
  <sporty>
   yes
  </sporty>
 </clothing>
 <clothing>
  <id>
   855434593
  </id>
  <name>
   Brooks Belts M-3548
  </name>
  <category>
   Belts
  </category>
  <size>
   S
  </size>
  <color>
   Желтый
  </color>
  <material>
   Шелк
  </material>
  <price>
   533024
  </price>
  <rating>
   2.6
  </rating>
  <reviews>
   254972
  </reviews>
  <new>
   -
  </new>
  <exclusive>
   yes
  </exclusive>
 </clothing>
</clothing-items>
