<?xml version="1.0" encoding="utf-8"?>
<clothing-items>
 <clothing>
  <id>
   790030812
  </id>
  <name>
   Brooks Sweater Q-8540
  </name>
  <category>
   Sweater
  </category>
  <size>
   XXL
  </size>
  <color>
   Оранжевый
  </color>
  <material>
   Полиэстер
  </material>
  <price>
   503601
  </price>
  <rating>
   3.48
  </rating>
  <reviews>
   291616
  </reviews>
  <new>
   -
  </new>
  <exclusive>
   no
  </exclusive>
 </clothing>
 <clothing>
  <id>
   295459493
  </id>
  <name>
   New Balance T-shirt L-4891
  </name>
  <category>
   T-shirt
  </category>
  <size>
   XXL
  </size>
  <color>
   Красный
  </color>
  <material>
   Шерсть
  </material>
  <price>
   587025
  </price>
  <rating>
   4.11
  </rating>
  <reviews>
   385702
  </reviews>
  <new>
   -
  </new>
  <exclusive>
   no
  </exclusive>
  <sporty>
   no
  </sporty>
 </clothing>
 <clothing>
  <id>
   601716064
  </id>
  <name>
   Vans Pants R-3357
  </name>
  <category>
   Pants
  </category>
  <size>
   L
  </size>
  <color>
   Оранжевый
  </color>
  <material>
   Хлопок
  </material>
  <price>
   488167
  </price>
  <rating>
   2.78
  </rating>
  <reviews>
   300592
  </reviews>
  <new>
   -
  </new>
  <exclusive>
   no
  </exclusive>
  <sporty>
   no
  </sporty>
 </clothing>
 <clothing>
  <id>
   726077972
  </id>
  <name>
   Lacoste Socks R-5805
  </name>
  <category>
   Socks
  </category>
  <size>
   XXL
  </size>
  <color>
   Красный
  </color>
  <material>
   Кожа
  </material>
  <price>
   689552
  </price>
  <rating>
   3.73
  </rating>
  <reviews>
   839444
  </reviews>
  <new>
   -
  </new>
  <exclusive>
   yes
  </exclusive>
  <sporty>
   yes
  </sporty>
 </clothing>
 <clothing>
  <id>
   204989820
  </id>
  <name>
   Brooks Handbags Z-4266
  </name>
  <category>
   Handbags
  </category>
  <size>
   L
  </size>
  <color>
   Желтый
  </color>
  <material>
   Вискоза
  </material>
  <price>
   131094
  </price>
  <rating>
   1.71
  </rating>
  <reviews>
   532577
  </reviews>
  <new>
   +
  </new>
  <exclusive>
   no
  </exclusive>
  <sporty>
   no
  </sporty>
 </clothing>
 <clothing>
  <id>
   110823445
  </id>
  <name>
   Fila Handbags O-4988
  </name>
  <category>
   Handbags
  </category>
  <size>
   S
  </size>
  <color>
   Голубой
  </color>
  <material>
   Полиэстер
  </material>
  <price>
   610702
  </price>
  <rating>
   3.24
  </rating>
  <reviews>
   253524
  </reviews>
  <new>
   +
  </new>
 </clothing>
 <clothing>
  <id>
   186095608
  </id>
  <name>
   Addidas Dress N-6725
  </name>
  <category>
   Dress
  </category>
  <size>
   XL
  </size>
  <color>
   Фиолетовый
  </color>
  <material>
   Хлопок
  </material>
  <price>
   503524
  </price>
  <rating>
   2.25
  </rating>
  <reviews>
   740191
  </reviews>
  <new>
   +
  </new>
  <exclusive>
   yes
  </exclusive>
  <sporty>
   yes
  </sporty>
 </clothing>
 <clothing>
  <id>
   655278680
  </id>
  <name>
   Puma Shirt S-8570
  </name>
  <category>
   Shirt
  </category>
  <size>
   M
  </size>
  <color>
   Зеленый
  </color>
  <material>
   Вискоза
  </material>
  <price>
   339325
  </price>
  <rating>
   3.26
  </rating>
  <reviews>
   232023
  </reviews>
 </clothing>
 <clothing>
  <id>
   892124501
  </id>
  <name>
   PleinSport Skirt G-8604
  </name>
  <category>
   Skirt
  </category>
  <size>
   L
  </size>
  <color>
   Красный
  </color>
  <material>
   Кожа
  </material>
  <price>
   645406
  </price>
  <rating>
   3.78
  </rating>
  <reviews>
   435482
  </reviews>
  <new>
   -
  </new>
 </clothing>
 <clothing>
  <id>
   974976626
  </id>
  <name>
   Lacoste Shirt P-6837
  </name>
  <category>
   Shirt
  </category>
  <size>
   M
  </size>
  <color>
   Голубой
  </color>
  <material>
   Шелк
  </material>
  <price>
   731403
  </price>
  <rating>
   1.78
  </rating>
  <reviews>
   195126
  </reviews>
  <sporty>
   yes
  </sporty>
 </clothing>
 <clothing>
  <id>
   592056517
  </id>
  <name>
   Adidas Belts V-6107
  </name>
  <category>
   Belts
  </category>
  <size>
   S
  </size>
  <color>
   Оранжевый
  </color>
  <material>
   Лен
  </material>
  <price>
   938911
  </price>
  <rating>
   1.85
  </rating>
  <reviews>
   908487
  </reviews>
  <new>
   +
  </new>
  <exclusive>
   no
  </exclusive>
 </clothing>
 <clothing>
  <id>
   839775151
  </id>
  <name>
   Ellesse Belts J-7285
  </name>
  <category>
   Belts
  </category>
  <size>
   M
  </size>
  <color>
   Голубой
  </color>
  <material>
   Лен
  </material>
  <price>
   351350
  </price>
  <rating>
   4.13
  </rating>
  <reviews>
   516956
  </reviews>
  <new>
   +
  </new>
  <sporty>
   no
  </sporty>
 </clothing>
 <clothing>
  <id>
   652076867
  </id>
  <name>
   Lacoste T-shirt B-7755
  </name>
  <category>
   T-shirt
  </category>
  <size>
   S
  </size>
  <color>
   Фиолетовый
  </color>
  <material>
   Полиэстер
  </material>
  <price>
   264465
  </price>
  <rating>
   2.89
  </rating>
  <reviews>
   201086
  </reviews>
  <new>
   +
  </new>
  <sporty>
   no
  </sporty>
 </clothing>
 <clothing>
  <id>
   574320137
  </id>
  <name>
   Ellesse Jacket U-4096
  </name>
  <category>
   Jacket
  </category>
  <size>
   M
  </size>
  <color>
   Желтый
  </color>
  <material>
   Лен
  </material>
  <price>
   119525
  </price>
  <rating>
   1.26
  </rating>
  <reviews>
   766118
  </reviews>
  <new>
   -
  </new>
  <exclusive>
   yes
  </exclusive>
  <sporty>
   no
  </sporty>
 </clothing>
 <clothing>
  <id>
   112193703
  </id>
  <name>
   Puma Shoes D-5674
  </name>
  <category>
   Shoes
  </category>
  <size>
   M
  </size>
  <color>
   Красный
  </color>
  <material>
   Лен
  </material>
  <price>
   730751
  </price>
  <rating>
   4.13
  </rating>
  <reviews>
   865305
  </reviews>
  <exclusive>
   no
  </exclusive>
  <sporty>
   no
  </sporty>
 </clothing>
</clothing-items>
