<?xml version="1.0" encoding="utf-8"?>
<clothing-items>
 <clothing>
  <id>
   381541479
  </id>
  <name>
   Addidas Shoes K-2663
  </name>
  <category>
   Shoes
  </category>
  <size>
   XL
  </size>
  <color>
   Синий
  </color>
  <material>
   Лен
  </material>
  <price>
   449174
  </price>
  <rating>
   1.92
  </rating>
  <reviews>
   179972
  </reviews>
  <new>
   +
  </new>
  <exclusive>
   no
  </exclusive>
 </clothing>
 <clothing>
  <id>
   785836518
  </id>
  <name>
   Reebok Socks N-8887
  </name>
  <category>
   Socks
  </category>
  <size>
   M
  </size>
  <color>
   Оранжевый
  </color>
  <material>
   Шелк
  </material>
  <price>
   878692
  </price>
  <rating>
   1.73
  </rating>
  <reviews>
   295534
  </reviews>
  <exclusive>
   yes
  </exclusive>
  <sporty>
   no
  </sporty>
 </clothing>
 <clothing>
  <id>
   642791431
  </id>
  <name>
   DC Skirt X-8419
  </name>
  <category>
   Skirt
  </category>
  <size>
   XXL
  </size>
  <color>
   Синий
  </color>
  <material>
   Полиэстер
  </material>
  <price>
   469708
  </price>
  <rating>
   4.17
  </rating>
  <reviews>
   856453
  </reviews>
  <exclusive>
   yes
  </exclusive>
 </clothing>
 <clothing>
  <id>
   818066995
  </id>
  <name>
   New Balance Blouse Z-8187
  </name>
  <category>
   Blouse
  </category>
  <size>
   XXL
  </size>
  <color>
   Желтый
  </color>
  <material>
   Вискоза
  </material>
  <price>
   650116
  </price>
  <rating>
   3.68
  </rating>
  <reviews>
   538783
  </reviews>
  <exclusive>
   yes
  </exclusive>
  <sporty>
   no
  </sporty>
 </clothing>
 <clothing>
  <id>
   405893726
  </id>
  <name>
   Addidas Jacket C-5942
  </name>
  <category>
   Jacket
  </category>
  <size>
   M
  </size>
  <color>
   Красный
  </color>
  <material>
   Кожа
  </material>
  <price>
   291030
  </price>
  <rating>
   1.56
  </rating>
  <reviews>
   644235
  </reviews>
  <sporty>
   no
  </sporty>
 </clothing>
 <clothing>
  <id>
   538524546
  </id>
  <name>
   Addidas Belts O-6730
  </name>
  <category>
   Belts
  </category>
  <size>
   S
  </size>
  <color>
   Красный
  </color>
  <material>
   Вискоза
  </material>
  <price>
   608609
  </price>
  <rating>
   2.8
  </rating>
  <reviews>
   365593
  </reviews>
  <new>
   -
  </new>
 </clothing>
 <clothing>
  <id>
   210741095
  </id>
  <name>
   Fila Blouse N-4516
  </name>
  <category>
   Blouse
  </category>
  <size>
   S
  </size>
  <color>
   Оранжевый
  </color>
  <material>
   Вискоза
  </material>
  <price>
   981274
  </price>
  <rating>
   3.88
  </rating>
  <reviews>
   883901
  </reviews>
  <new>
   +
  </new>
  <exclusive>
   yes
  </exclusive>
 </clothing>
 <clothing>
  <id>
   656575685
  </id>
  <name>
   Under Armour Socks Y-8094
  </name>
  <category>
   Socks
  </category>
  <size>
   S
  </size>
  <color>
   Голубой
  </color>
  <material>
   Хлопок
  </material>
  <price>
   794228
  </price>
  <rating>
   1.18
  </rating>
  <reviews>
   416243
  </reviews>
  <new>
   +
  </new>
  <exclusive>
   yes
  </exclusive>
  <sporty>
   yes
  </sporty>
 </clothing>
 <clothing>
  <id>
   424749194
  </id>
  <name>
   DC Sweater R-1436
  </name>
  <category>
   Sweater
  </category>
  <size>
   L
  </size>
  <color>
   Желтый
  </color>
  <material>
   Вискоза
  </material>
  <price>
   642768
  </price>
  <rating>
   1.98
  </rating>
  <reviews>
   773236
  </reviews>
  <new>
   -
  </new>
  <exclusive>
   yes
  </exclusive>
  <sporty>
   yes
  </sporty>
 </clothing>
 <clothing>
  <id>
   234651668
  </id>
  <name>
   New Balance Jeans V-6282
  </name>
  <category>
   Jeans
  </category>
  <size>
   M
  </size>
  <color>
   Зеленый
  </color>
  <material>
   Нейлон
  </material>
  <price>
   497182
  </price>
  <rating>
   2.31
  </rating>
  <reviews>
   264526
  </reviews>
  <new>
   -
  </new>
  <sporty>
   yes
  </sporty>
 </clothing>
 <clothing>
  <id>
   672790228
  </id>
  <name>
   DC Skirt V-5915
  </name>
  <category>
   Skirt
  </category>
  <size>
   XL
  </size>
  <color>
   Желтый
  </color>
  <material>
   Кожа
  </material>
  <price>
   499067
  </price>
  <rating>
   1.92
  </rating>
  <reviews>
   623679
  </reviews>
  <exclusive>
   no
  </exclusive>
 </clothing>
 <clothing>
  <id>
   821348855
  </id>
  <name>
   Addidas Pants F-3856
  </name>
  <category>
   Pants
  </category>
  <size>
   M
  </size>
  <color>
   Голубой
  </color>
  <material>
   Лен
  </material>
  <price>
   257909
  </price>
  <rating>
   1.24
  </rating>
  <reviews>
   847756
  </reviews>
  <new>
   -
  </new>
  <exclusive>
   no
  </exclusive>
  <sporty>
   yes
  </sporty>
 </clothing>
 <clothing>
  <id>
   937825872
  </id>
  <name>
   Nike Umbrellas B-2567
  </name>
  <category>
   Umbrellas
  </category>
  <size>
   S
  </size>
  <color>
   Синий
  </color>
  <material>
   Хлопок
  </material>
  <price>
   325580
  </price>
  <rating>
   1.51
  </rating>
  <reviews>
   338769
  </reviews>
  <sporty>
   no
  </sporty>
 </clothing>
 <clothing>
  <id>
   818837176
  </id>
  <name>
   Addidas Jeans G-7666
  </name>
  <category>
   Jeans
  </category>
  <size>
   M
  </size>
  <color>
   Голубой
  </color>
  <material>
   Хлопок
  </material>
  <price>
   320391
  </price>
  <rating>
   3.93
  </rating>
  <reviews>
   812988
  </reviews>
  <new>
   -
  </new>
 </clothing>
 <clothing>
  <id>
   103616428
  </id>
  <name>
   New Balance Belts G-9084
  </name>
  <category>
   Belts
  </category>
  <size>
   XXL
  </size>
  <color>
   Оранжевый
  </color>
  <material>
   Шерсть
  </material>
  <price>
   467889
  </price>
  <rating>
   1.98
  </rating>
  <reviews>
   33565
  </reviews>
  <new>
   -
  </new>
  <exclusive>
   no
  </exclusive>
  <sporty>
   yes
  </sporty>
 </clothing>
 <clothing>
  <id>
   717324519
  </id>
  <name>
   Converse Shoes V-6390
  </name>
  <category>
   Shoes
  </category>
  <size>
   M
  </size>
  <color>
   Оранжевый
  </color>
  <material>
   Шелк
  </material>
  <price>
   602920
  </price>
  <rating>
   1.92
  </rating>
  <reviews>
   92778
  </reviews>
  <new>
   +
  </new>
  <sporty>
   no
  </sporty>
 </clothing>
 <clothing>
  <id>
   625793905
  </id>
  <name>
   Brooks Socks I-8026
  </name>
  <category>
   Socks
  </category>
  <size>
   L
  </size>
  <color>
   Зеленый
  </color>
  <material>
   Шелк
  </material>
  <price>
   315287
  </price>
  <rating>
   1.73
  </rating>
  <reviews>
   567165
  </reviews>
  <sporty>
   yes
  </sporty>
 </clothing>
 <clothing>
  <id>
   339399325
  </id>
  <name>
   Ellesse Blouse U-3264
  </name>
  <category>
   Blouse
  </category>
  <size>
   XL
  </size>
  <color>
   Фиолетовый
  </color>
  <material>
   Вискоза
  </material>
  <price>
   847092
  </price>
  <rating>
   3.63
  </rating>
  <reviews>
   802581
  </reviews>
  <exclusive>
   no
  </exclusive>
 </clothing>
 <clothing>
  <id>
   583976394
  </id>
  <name>
   Nike Pants U-8461
  </name>
  <category>
   Pants
  </category>
  <size>
   S
  </size>
  <color>
   Фиолетовый
  </color>
  <material>
   Хлопок
  </material>
  <price>
   374748
  </price>
  <rating>
   4.26
  </rating>
  <reviews>
   869337
  </reviews>
  <new>
   +
  </new>
  <exclusive>
   yes
  </exclusive>
  <sporty>
   no
  </sporty>
 </clothing>
 <clothing>
  <id>
   728963242
  </id>
  <name>
   Converse Shirt A-5737
  </name>
  <category>
   Shirt
  </category>
  <size>
   XXL
  </size>
  <color>
   Желтый
  </color>
  <material>
   Полиэстер
  </material>
  <price>
   455636
  </price>
  <rating>
   4.22
  </rating>
  <reviews>
   883771
  </reviews>
  <new>
   -
  </new>
 </clothing>
 <clothing>
  <id>
   691508133
  </id>
  <name>
   Lacoste Belts X-4150
  </name>
  <category>
   Belts
  </category>
  <size>
   L
  </size>
  <color>
   Голубой
  </color>
  <material>
   Лен
  </material>
  <price>
   856193
  </price>
  <rating>
   2.4
  </rating>
  <reviews>
   32782
  </reviews>
  <exclusive>
   no
  </exclusive>
 </clothing>
 <clothing>
  <id>
   213559098
  </id>
  <name>
   PleinSport Handbags F-9783
  </name>
  <category>
   Handbags
  </category>
  <size>
   M
  </size>
  <color>
   Зеленый
  </color>
  <material>
   Хлопок
  </material>
  <price>
   281852
  </price>
  <rating>
   3.87
  </rating>
  <reviews>
   979196
  </reviews>
  <exclusive>
   yes
  </exclusive>
 </clothing>
 <clothing>
  <id>
   181416846
  </id>
  <name>
   Lacoste Jeans U-3575
  </name>
  <category>
   Jeans
  </category>
  <size>
   XXL
  </size>
  <color>
   Зеленый
  </color>
  <material>
   Шерсть
  </material>
  <price>
   566982
  </price>
  <rating>
   4.16
  </rating>
  <reviews>
   372836
  </reviews>
  <new>
   +
  </new>
  <exclusive>
   no
  </exclusive>
  <sporty>
   no
  </sporty>
 </clothing>
 <clothing>
  <id>
   530557408
  </id>
  <name>
   PleinSport Blouse W-8621
  </name>
  <category>
   Blouse
  </category>
  <size>
   S
  </size>
  <color>
   Красный
  </color>
  <material>
   Шерсть
  </material>
  <price>
   695769
  </price>
  <rating>
   2.38
  </rating>
  <reviews>
   725849
  </reviews>
  <new>
   +
  </new>
  <exclusive>
   yes
  </exclusive>
 </clothing>
 <clothing>
  <id>
   809079572
  </id>
  <name>
   Fila Shoes X-4275
  </name>
  <category>
   Shoes
  </category>
  <size>
   XL
  </size>
  <color>
   Оранжевый
  </color>
  <material>
   Кожа
  </material>
  <price>
   190394
  </price>
  <rating>
   1.71
  </rating>
  <reviews>
   624316
  </reviews>
  <new>
   -
  </new>
  <exclusive>
   no
  </exclusive>
 </clothing>
 <clothing>
  <id>
   376931469
  </id>
  <name>
   Converse Dress A-2875
  </name>
  <category>
   Dress
  </category>
  <size>
   XXL
  </size>
  <color>
   Голубой
  </color>
  <material>
   Лен
  </material>
  <price>
   551667
  </price>
  <rating>
   1.17
  </rating>
  <reviews>
   662644
  </reviews>
  <exclusive>
   no
  </exclusive>
  <sporty>
   yes
  </sporty>
 </clothing>
 <clothing>
  <id>
   230085935
  </id>
  <name>
   Addidas Pants U-5406
  </name>
  <category>
   Pants
  </category>
  <size>
   XXL
  </size>
  <color>
   Фиолетовый
  </color>
  <material>
   Хлопок
  </material>
  <price>
   616553
  </price>
  <rating>
   4.0
  </rating>
  <reviews>
   413892
  </reviews>
  <exclusive>
   yes
  </exclusive>
 </clothing>
 <clothing>
  <id>
   332735997
  </id>
  <name>
   Puma Hat Y-2089
  </name>
  <category>
   Hat
  </category>
  <size>
   L
  </size>
  <color>
   Желтый
  </color>
  <material>
   Нейлон
  </material>
  <price>
   487924
  </price>
  <rating>
   4.33
  </rating>
  <reviews>
   184977
  </reviews>
  <exclusive>
   yes
  </exclusive>
 </clothing>
 <clothing>
  <id>
   329104854
  </id>
  <name>
   Under Armour Skirt V-9580
  </name>
  <category>
   Skirt
  </category>
  <size>
   XXL
  </size>
  <color>
   Желтый
  </color>
  <material>
   Кожа
  </material>
  <price>
   286788
  </price>
  <rating>
   3.28
  </rating>
  <reviews>
   300050
  </reviews>
  <new>
   -
  </new>
  <exclusive>
   no
  </exclusive>
  <sporty>
   no
  </sporty>
 </clothing>
 <clothing>
  <id>
   810685371
  </id>
  <name>
   Reebok Shirt F-6517
  </name>
  <category>
   Shirt
  </category>
  <size>
   XXL
  </size>
  <color>
   Синий
  </color>
  <material>
   Кожа
  </material>
  <price>
   974921
  </price>
  <rating>
   1.84
  </rating>
  <reviews>
   105320
  </reviews>
  <new>
   -
  </new>
  <sporty>
   yes
  </sporty>
 </clothing>
 <clothing>
  <id>
   174529045
  </id>
  <name>
   Lacoste Blouse O-6855
  </name>
  <category>
   Blouse
  </category>
  <size>
   M
  </size>
  <color>
   Желтый
  </color>
  <material>
   Нейлон
  </material>
  <price>
   202164
  </price>
  <rating>
   2.41
  </rating>
  <reviews>
   943666
  </reviews>
  <exclusive>
   yes
  </exclusive>
  <sporty>
   no
  </sporty>
 </clothing>
 <clothing>
  <id>
   458945523
  </id>
  <name>
   Under Armour Dress J-3824
  </name>
  <category>
   Dress
  </category>
  <size>
   XXL
  </size>
  <color>
   Синий
  </color>
  <material>
   Полиэстер
  </material>
  <price>
   111766
  </price>
  <rating>
   4.44
  </rating>
  <reviews>
   327290
  </reviews>
  <new>
   +
  </new>
 </clothing>
 <clothing>
  <id>
   514213675
  </id>
  <name>
   DC Belts W-5059
  </name>
  <category>
   Belts
  </category>
  <size>
   S
  </size>
  <color>
   Оранжевый
  </color>
  <material>
   Вискоза
  </material>
  <price>
   451748
  </price>
  <rating>
   3.78
  </rating>
  <reviews>
   642271
  </reviews>
  <exclusive>
   yes
  </exclusive>
 </clothing>
 <clothing>
  <id>
   388172413
  </id>
  <name>
   Vans Shoes L-8783
  </name>
  <category>
   Shoes
  </category>
  <size>
   S
  </size>
  <color>
   Голубой
  </color>
  <material>
   Вискоза
  </material>
  <price>
   484805
  </price>
  <rating>
   3.14
  </rating>
  <reviews>
   768103
  </reviews>
  <new>
   -
  </new>
 </clothing>
 <clothing>
  <id>
   481552486
  </id>
  <name>
   Brooks Belts Q-2893
  </name>
  <category>
   Belts
  </category>
  <size>
   S
  </size>
  <color>
   Синий
  </color>
  <material>
   Лен
  </material>
  <price>
   573922
  </price>
  <rating>
   2.54
  </rating>
  <reviews>
   492180
  </reviews>
 </clothing>
 <clothing>
  <id>
   841813908
  </id>
  <name>
   Adidas Gloves Z-8209
  </name>
  <category>
   Gloves
  </category>
  <size>
   S
  </size>
  <color>
   Фиолетовый
  </color>
  <material>
   Нейлон
  </material>
  <price>
   296056
  </price>
  <rating>
   4.4
  </rating>
  <reviews>
   622925
  </reviews>
  <new>
   +
  </new>
  <exclusive>
   yes
  </exclusive>
 </clothing>
 <clothing>
  <id>
   236308840
  </id>
  <name>
   Adidas Umbrellas H-4210
  </name>
  <category>
   Umbrellas
  </category>
  <size>
   S
  </size>
  <color>
   Голубой
  </color>
  <material>
   Вискоза
  </material>
  <price>
   101699
  </price>
  <rating>
   2.22
  </rating>
  <reviews>
   439471
  </reviews>
  <exclusive>
   no
  </exclusive>
 </clothing>
 <clothing>
  <id>
   229892642
  </id>
  <name>
   Brooks Dress X-6377
  </name>
  <category>
   Dress
  </category>
  <size>
   S
  </size>
  <color>
   Зеленый
  </color>
  <material>
   Кожа
  </material>
  <price>
   427401
  </price>
  <rating>
   3.55
  </rating>
  <reviews>
   367579
  </reviews>
  <new>
   +
  </new>
  <exclusive>
   no
  </exclusive>
 </clothing>
 <clothing>
  <id>
   583448278
  </id>
  <name>
   Vans Belts D-9247
  </name>
  <category>
   Belts
  </category>
  <size>
   XL
  </size>
  <color>
   Зеленый
  </color>
  <material>
   Шерсть
  </material>
  <price>
   476359
  </price>
  <rating>
   1.44
  </rating>
  <reviews>
   531721
  </reviews>
  <new>
   -
  </new>
  <exclusive>
   no
  </exclusive>
  <sporty>
   no
  </sporty>
 </clothing>
 <clothing>
  <id>
   852436485
  </id>
  <name>
   Converse Shoes D-6192
  </name>
  <category>
   Shoes
  </category>
  <size>
   M
  </size>
  <color>
   Синий
  </color>
  <material>
   Хлопок
  </material>
  <price>
   336422
  </price>
  <rating>
   3.45
  </rating>
  <reviews>
   2138
  </reviews>
 </clothing>
 <clothing>
  <id>
   253405738
  </id>
  <name>
   Ellesse Sweater K-5935
  </name>
  <category>
   Sweater
  </category>
  <size>
   S
  </size>
  <color>
   Оранжевый
  </color>
  <material>
   Хлопок
  </material>
  <price>
   605447
  </price>
  <rating>
   2.31
  </rating>
  <reviews>
   522744
  </reviews>
  <exclusive>
   no
  </exclusive>
 </clothing>
 <clothing>
  <id>
   163624747
  </id>
  <name>
   DC Blouse K-5623
  </name>
  <category>
   Blouse
  </category>
  <size>
   M
  </size>
  <color>
   Зеленый
  </color>
  <material>
   Полиэстер
  </material>
  <price>
   330919
  </price>
  <rating>
   2.54
  </rating>
  <reviews>
   660708
  </reviews>
  <new>
   -
  </new>
  <exclusive>
   no
  </exclusive>
  <sporty>
   no
  </sporty>
 </clothing>
 <clothing>
  <id>
   528854154
  </id>
  <name>
   Ellesse Handbags W-2668
  </name>
  <category>
   Handbags
  </category>
  <size>
   M
  </size>
  <color>
   Оранжевый
  </color>
  <material>
   Шелк
  </material>
  <price>
   917527
  </price>
  <rating>
   4.43
  </rating>
  <reviews>
   926375
  </reviews>
  <new>
   +
  </new>
 </clothing>
 <clothing>
  <id>
   157609221
  </id>
  <name>
   Vans Jacket D-4253
  </name>
  <category>
   Jacket
  </category>
  <size>
   XL
  </size>
  <color>
   Голубой
  </color>
  <material>
   Шелк
  </material>
  <price>
   224761
  </price>
  <rating>
   2.48
  </rating>
  <reviews>
   379984
  </reviews>
  <sporty>
   yes
  </sporty>
 </clothing>
</clothing-items>
