<?xml version="1.0" encoding="utf-8"?>
<clothing-items>
 <clothing>
  <id>
   419860735
  </id>
  <name>
   Brooks Shirt Y-1638
  </name>
  <category>
   Shirt
  </category>
  <size>
   XL
  </size>
  <color>
   Оранжевый
  </color>
  <material>
   Шелк
  </material>
  <price>
   602651
  </price>
  <rating>
   4.29
  </rating>
  <reviews>
   917570
  </reviews>
  <new>
   -
  </new>
  <sporty>
   no
  </sporty>
 </clothing>
 <clothing>
  <id>
   702249913
  </id>
  <name>
   Fila Hat N-6500
  </name>
  <category>
   Hat
  </category>
  <size>
   S
  </size>
  <color>
   Желтый
  </color>
  <material>
   Вискоза
  </material>
  <price>
   579227
  </price>
  <rating>
   4.5
  </rating>
  <reviews>
   510803
  </reviews>
  <new>
   -
  </new>
  <exclusive>
   no
  </exclusive>
 </clothing>
 <clothing>
  <id>
   479025124
  </id>
  <name>
   Nike Gloves S-4735
  </name>
  <category>
   Gloves
  </category>
  <size>
   XL
  </size>
  <color>
   Красный
  </color>
  <material>
   Нейлон
  </material>
  <price>
   744902
  </price>
  <rating>
   3.14
  </rating>
  <reviews>
   376443
  </reviews>
  <new>
   +
  </new>
  <sporty>
   no
  </sporty>
 </clothing>
 <clothing>
  <id>
   780930092
  </id>
  <name>
   Ellesse T-shirt X-5728
  </name>
  <category>
   T-shirt
  </category>
  <size>
   XXL
  </size>
  <color>
   Голубой
  </color>
  <material>
   Полиэстер
  </material>
  <price>
   227034
  </price>
  <rating>
   4.14
  </rating>
  <reviews>
   515908
  </reviews>
  <new>
   -
  </new>
  <sporty>
   no
  </sporty>
 </clothing>
 <clothing>
  <id>
   880024801
  </id>
  <name>
   Ellesse Handbags Y-6697
  </name>
  <category>
   Handbags
  </category>
  <size>
   XL
  </size>
  <color>
   Голубой
  </color>
  <material>
   Нейлон
  </material>
  <price>
   418310
  </price>
  <rating>
   2.84
  </rating>
  <reviews>
   258445
  </reviews>
  <exclusive>
   no
  </exclusive>
  <sporty>
   no
  </sporty>
 </clothing>
 <clothing>
  <id>
   559977345
  </id>
  <name>
   Vans Gloves W-6558
  </name>
  <category>
   Gloves
  </category>
  <size>
   XL
  </size>
  <color>
   Синий
  </color>
  <material>
   Шелк
  </material>
  <price>
   913908
  </price>
  <rating>
   2.6
  </rating>
  <reviews>
   753656
  </reviews>
  <exclusive>
   no
  </exclusive>
 </clothing>
 <clothing>
  <id>
   730665556
  </id>
  <name>
   Reebok Shoes G-8076
  </name>
  <category>
   Shoes
  </category>
  <size>
   L
  </size>
  <color>
   Фиолетовый
  </color>
  <material>
   Шелк
  </material>
  <price>
   613204
  </price>
  <rating>
   4.56
  </rating>
  <reviews>
   363009
  </reviews>
  <new>
   -
  </new>
 </clothing>
 <clothing>
  <id>
   515174547
  </id>
  <name>
   Reebok Gloves B-4504
  </name>
  <category>
   Gloves
  </category>
  <size>
   XL
  </size>
  <color>
   Зеленый
  </color>
  <material>
   Шелк
  </material>
  <price>
   935277
  </price>
  <rating>
   1.39
  </rating>
  <reviews>
   154242
  </reviews>
  <exclusive>
   yes
  </exclusive>
  <sporty>
   no
  </sporty>
 </clothing>
 <clothing>
  <id>
   814901724
  </id>
  <name>
   Brooks Handbags S-8534
  </name>
  <category>
   Handbags
  </category>
  <size>
   L
  </size>
  <color>
   Желтый
  </color>
  <material>
   Вискоза
  </material>
  <price>
   196876
  </price>
  <rating>
   2.15
  </rating>
  <reviews>
   382384
  </reviews>
  <sporty>
   yes
  </sporty>
 </clothing>
 <clothing>
  <id>
   652755581
  </id>
  <name>
   Fila Belts F-8172
  </name>
  <category>
   Belts
  </category>
  <size>
   XL
  </size>
  <color>
   Красный
  </color>
  <material>
   Нейлон
  </material>
  <price>
   815482
  </price>
  <rating>
   1.46
  </rating>
  <reviews>
   74136
  </reviews>
  <exclusive>
   yes
  </exclusive>
 </clothing>
 <clothing>
  <id>
   625794502
  </id>
  <name>
   Addidas Socks V-4400
  </name>
  <category>
   Socks
  </category>
  <size>
   XL
  </size>
  <color>
   Фиолетовый
  </color>
  <material>
   Лен
  </material>
  <price>
   517857
  </price>
  <rating>
   4.64
  </rating>
  <reviews>
   153733
  </reviews>
  <exclusive>
   no
  </exclusive>
 </clothing>
 <clothing>
  <id>
   940842924
  </id>
  <name>
   Ellesse Skirt Y-5524
  </name>
  <category>
   Skirt
  </category>
  <size>
   M
  </size>
  <color>
   Голубой
  </color>
  <material>
   Нейлон
  </material>
  <price>
   809827
  </price>
  <rating>
   3.3
  </rating>
  <reviews>
   969971
  </reviews>
 </clothing>
 <clothing>
  <id>
   563595149
  </id>
  <name>
   Under Armour Hat Q-3417
  </name>
  <category>
   Hat
  </category>
  <size>
   XXL
  </size>
  <color>
   Желтый
  </color>
  <material>
   Нейлон
  </material>
  <price>
   293305
  </price>
  <rating>
   3.3
  </rating>
  <reviews>
   98599
  </reviews>
  <exclusive>
   yes
  </exclusive>
  <sporty>
   no
  </sporty>
 </clothing>
 <clothing>
  <id>
   289196642
  </id>
  <name>
   Ellesse Socks O-2675
  </name>
  <category>
   Socks
  </category>
  <size>
   XXL
  </size>
  <color>
   Желтый
  </color>
  <material>
   Хлопок
  </material>
  <price>
   923259
  </price>
  <rating>
   1.29
  </rating>
  <reviews>
   314992
  </reviews>
  <exclusive>
   yes
  </exclusive>
  <sporty>
   yes
  </sporty>
 </clothing>
 <clothing>
  <id>
   660959470
  </id>
  <name>
   DC Skirt A-6707
  </name>
  <category>
   Skirt
  </category>
  <size>
   L
  </size>
  <color>
   Фиолетовый
  </color>
  <material>
   Шерсть
  </material>
  <price>
   356709
  </price>
  <rating>
   2.53
  </rating>
  <reviews>
   469848
  </reviews>
  <exclusive>
   yes
  </exclusive>
  <sporty>
   no
  </sporty>
 </clothing>
 <clothing>
  <id>
   917237813
  </id>
  <name>
   Asics T-shirt N-2495
  </name>
  <category>
   T-shirt
  </category>
  <size>
   L
  </size>
  <color>
   Красный
  </color>
  <material>
   Полиэстер
  </material>
  <price>
   347143
  </price>
  <rating>
   4.36
  </rating>
  <reviews>
   489467
  </reviews>
  <exclusive>
   no
  </exclusive>
  <sporty>
   yes
  </sporty>
 </clothing>
 <clothing>
  <id>
   971995437
  </id>
  <name>
   Converse Jacket D-3330
  </name>
  <category>
   Jacket
  </category>
  <size>
   L
  </size>
  <color>
   Синий
  </color>
  <material>
   Шелк
  </material>
  <price>
   469910
  </price>
  <rating>
   4.79
  </rating>
  <reviews>
   661298
  </reviews>
  <new>
   +
  </new>
  <sporty>
   yes
  </sporty>
 </clothing>
 <clothing>
  <id>
   838936914
  </id>
  <name>
   PleinSport Blouse Z-8339
  </name>
  <category>
   Blouse
  </category>
  <size>
   XL
  </size>
  <color>
   Желтый
  </color>
  <material>
   Нейлон
  </material>
  <price>
   636560
  </price>
  <rating>
   4.8
  </rating>
  <reviews>
   152830
  </reviews>
  <new>
   -
  </new>
 </clothing>
 <clothing>
  <id>
   746283636
  </id>
  <name>
   Reebok Pants Z-7943
  </name>
  <category>
   Pants
  </category>
  <size>
   L
  </size>
  <color>
   Зеленый
  </color>
  <material>
   Кожа
  </material>
  <price>
   187800
  </price>
  <rating>
   1.57
  </rating>
  <reviews>
   996136
  </reviews>
  <new>
   -
  </new>
  <exclusive>
   no
  </exclusive>
 </clothing>
 <clothing>
  <id>
   761651188
  </id>
  <name>
   PleinSport Handbags V-4030
  </name>
  <category>
   Handbags
  </category>
  <size>
   M
  </size>
  <color>
   Красный
  </color>
  <material>
   Шерсть
  </material>
  <price>
   987830
  </price>
  <rating>
   2.71
  </rating>
  <reviews>
   244511
  </reviews>
  <new>
   -
  </new>
  <exclusive>
   yes
  </exclusive>
  <sporty>
   no
  </sporty>
 </clothing>
 <clothing>
  <id>
   190552804
  </id>
  <name>
   Converse Hat C-9780
  </name>
  <category>
   Hat
  </category>
  <size>
   XL
  </size>
  <color>
   Зеленый
  </color>
  <material>
   Полиэстер
  </material>
  <price>
   878186
  </price>
  <rating>
   2.84
  </rating>
  <reviews>
   624924
  </reviews>
  <new>
   -
  </new>
  <sporty>
   no
  </sporty>
 </clothing>
 <clothing>
  <id>
   648946554
  </id>
  <name>
   Lacoste Jeans A-6245
  </name>
  <category>
   Jeans
  </category>
  <size>
   XXL
  </size>
  <color>
   Желтый
  </color>
  <material>
   Шелк
  </material>
  <price>
   239702
  </price>
  <rating>
   4.0
  </rating>
  <reviews>
   19583
  </reviews>
  <exclusive>
   yes
  </exclusive>
  <sporty>
   yes
  </sporty>
 </clothing>
 <clothing>
  <id>
   724177258
  </id>
  <name>
   Ellesse Sweater B-2446
  </name>
  <category>
   Sweater
  </category>
  <size>
   XL
  </size>
  <color>
   Желтый
  </color>
  <material>
   Нейлон
  </material>
  <price>
   587591
  </price>
  <rating>
   4.07
  </rating>
  <reviews>
   467363
  </reviews>
  <new>
   -
  </new>
  <exclusive>
   yes
  </exclusive>
  <sporty>
   no
  </sporty>
 </clothing>
 <clothing>
  <id>
   763576048
  </id>
  <name>
   Lacoste Belts H-5213
  </name>
  <category>
   Belts
  </category>
  <size>
   XXL
  </size>
  <color>
   Красный
  </color>
  <material>
   Вискоза
  </material>
  <price>
   896934
  </price>
  <rating>
   1.44
  </rating>
  <reviews>
   629217
  </reviews>
  <new>
   -
  </new>
 </clothing>
</clothing-items>
