<?xml version="1.0" encoding="utf-8"?>
<clothing-items>
 <clothing>
  <id>
   941944453
  </id>
  <name>
   Lacoste Shirt S-8178
  </name>
  <category>
   Shirt
  </category>
  <size>
   L
  </size>
  <color>
   Зеленый
  </color>
  <material>
   Нейлон
  </material>
  <price>
   599410
  </price>
  <rating>
   4.05
  </rating>
  <reviews>
   942531
  </reviews>
  <new>
   -
  </new>
  <sporty>
   no
  </sporty>
 </clothing>
 <clothing>
  <id>
   540627944
  </id>
  <name>
   Asics Shoes V-3688
  </name>
  <category>
   Shoes
  </category>
  <size>
   S
  </size>
  <color>
   Оранжевый
  </color>
  <material>
   Полиэстер
  </material>
  <price>
   563174
  </price>
  <rating>
   2.78
  </rating>
  <reviews>
   337141
  </reviews>
 </clothing>
 <clothing>
  <id>
   762705157
  </id>
  <name>
   Converse Belts R-5934
  </name>
  <category>
   Belts
  </category>
  <size>
   L
  </size>
  <color>
   Оранжевый
  </color>
  <material>
   Нейлон
  </material>
  <price>
   556661
  </price>
  <rating>
   3.02
  </rating>
  <reviews>
   947872
  </reviews>
  <new>
   +
  </new>
  <exclusive>
   no
  </exclusive>
  <sporty>
   no
  </sporty>
 </clothing>
 <clothing>
  <id>
   707146510
  </id>
  <name>
   Asics Shoes S-7672
  </name>
  <category>
   Shoes
  </category>
  <size>
   M
  </size>
  <color>
   Зеленый
  </color>
  <material>
   Нейлон
  </material>
  <price>
   171601
  </price>
  <rating>
   2.17
  </rating>
  <reviews>
   19975
  </reviews>
  <new>
   +
  </new>
  <sporty>
   no
  </sporty>
 </clothing>
 <clothing>
  <id>
   835546130
  </id>
  <name>
   PleinSport Blouse S-7027
  </name>
  <category>
   Blouse
  </category>
  <size>
   L
  </size>
  <color>
   Желтый
  </color>
  <material>
   Вискоза
  </material>
  <price>
   142289
  </price>
  <rating>
   3.53
  </rating>
  <reviews>
   529239
  </reviews>
  <new>
   -
  </new>
  <exclusive>
   yes
  </exclusive>
  <sporty>
   no
  </sporty>
 </clothing>
 <clothing>
  <id>
   457267921
  </id>
  <name>
   Ellesse Jacket Q-5838
  </name>
  <category>
   Jacket
  </category>
  <size>
   M
  </size>
  <color>
   Желтый
  </color>
  <material>
   Хлопок
  </material>
  <price>
   850525
  </price>
  <rating>
   1.98
  </rating>
  <reviews>
   596076
  </reviews>
  <exclusive>
   yes
  </exclusive>
  <sporty>
   no
  </sporty>
 </clothing>
 <clothing>
  <id>
   585349055
  </id>
  <name>
   Reebok Pants Q-6521
  </name>
  <category>
   Pants
  </category>
  <size>
   XXL
  </size>
  <color>
   Голубой
  </color>
  <material>
   Шерсть
  </material>
  <price>
   745820
  </price>
  <rating>
   3.72
  </rating>
  <reviews>
   340242
  </reviews>
  <sporty>
   yes
  </sporty>
 </clothing>
 <clothing>
  <id>
   477926421
  </id>
  <name>
   New Balance Pants O-8309
  </name>
  <category>
   Pants
  </category>
  <size>
   XL
  </size>
  <color>
   Оранжевый
  </color>
  <material>
   Кожа
  </material>
  <price>
   249667
  </price>
  <rating>
   1.58
  </rating>
  <reviews>
   10831
  </reviews>
  <new>
   -
  </new>
  <exclusive>
   no
  </exclusive>
  <sporty>
   no
  </sporty>
 </clothing>
 <clothing>
  <id>
   800831439
  </id>
  <name>
   Vans Skirt N-5745
  </name>
  <category>
   Skirt
  </category>
  <size>
   XXL
  </size>
  <color>
   Фиолетовый
  </color>
  <material>
   Нейлон
  </material>
  <price>
   831807
  </price>
  <rating>
   3.98
  </rating>
  <reviews>
   665006
  </reviews>
  <new>
   -
  </new>
  <exclusive>
   no
  </exclusive>
  <sporty>
   yes
  </sporty>
 </clothing>
 <clothing>
  <id>
   799762593
  </id>
  <name>
   Addidas Handbags V-7238
  </name>
  <category>
   Handbags
  </category>
  <size>
   XL
  </size>
  <color>
   Зеленый
  </color>
  <material>
   Шерсть
  </material>
  <price>
   427176
  </price>
  <rating>
   4.18
  </rating>
  <reviews>
   23665
  </reviews>
  <new>
   +
  </new>
 </clothing>
 <clothing>
  <id>
   654756067
  </id>
  <name>
   Adidas Shirt V-2698
  </name>
  <category>
   Shirt
  </category>
  <size>
   M
  </size>
  <color>
   Желтый
  </color>
  <material>
   Шерсть
  </material>
  <price>
   763457
  </price>
  <rating>
   2.21
  </rating>
  <reviews>
   537584
  </reviews>
  <new>
   -
  </new>
  <exclusive>
   yes
  </exclusive>
 </clothing>
 <clothing>
  <id>
   364904069
  </id>
  <name>
   Puma Gloves J-7401
  </name>
  <category>
   Gloves
  </category>
  <size>
   L
  </size>
  <color>
   Голубой
  </color>
  <material>
   Шерсть
  </material>
  <price>
   244275
  </price>
  <rating>
   3.0
  </rating>
  <reviews>
   991166
  </reviews>
  <sporty>
   yes
  </sporty>
 </clothing>
 <clothing>
  <id>
   756436871
  </id>
  <name>
   New Balance Umbrellas O-9547
  </name>
  <category>
   Umbrellas
  </category>
  <size>
   S
  </size>
  <color>
   Голубой
  </color>
  <material>
   Кожа
  </material>
  <price>
   730207
  </price>
  <rating>
   3.43
  </rating>
  <reviews>
   293764
  </reviews>
 </clothing>
 <clothing>
  <id>
   610068768
  </id>
  <name>
   Addidas Hat I-6398
  </name>
  <category>
   Hat
  </category>
  <size>
   M
  </size>
  <color>
   Голубой
  </color>
  <material>
   Вискоза
  </material>
  <price>
   298823
  </price>
  <rating>
   3.2
  </rating>
  <reviews>
   268474
  </reviews>
  <new>
   -
  </new>
  <exclusive>
   no
  </exclusive>
  <sporty>
   yes
  </sporty>
 </clothing>
 <clothing>
  <id>
   612066298
  </id>
  <name>
   PleinSport Jeans Z-4588
  </name>
  <category>
   Jeans
  </category>
  <size>
   XL
  </size>
  <color>
   Желтый
  </color>
  <material>
   Вискоза
  </material>
  <price>
   306395
  </price>
  <rating>
   3.51
  </rating>
  <reviews>
   926746
  </reviews>
  <new>
   +
  </new>
  <exclusive>
   yes
  </exclusive>
  <sporty>
   no
  </sporty>
 </clothing>
 <clothing>
  <id>
   954235835
  </id>
  <name>
   Adidas Socks G-2702
  </name>
  <category>
   Socks
  </category>
  <size>
   XXL
  </size>
  <color>
   Желтый
  </color>
  <material>
   Нейлон
  </material>
  <price>
   919430
  </price>
  <rating>
   2.37
  </rating>
  <reviews>
   126681
  </reviews>
  <exclusive>
   yes
  </exclusive>
 </clothing>
 <clothing>
  <id>
   403435205
  </id>
  <name>
   Adidas T-shirt S-1861
  </name>
  <category>
   T-shirt
  </category>
  <size>
   S
  </size>
  <color>
   Красный
  </color>
  <material>
   Хлопок
  </material>
  <price>
   238532
  </price>
  <rating>
   3.97
  </rating>
  <reviews>
   147896
  </reviews>
  <sporty>
   no
  </sporty>
 </clothing>
 <clothing>
  <id>
   440115132
  </id>
  <name>
   Adidas Hat K-6229
  </name>
  <category>
   Hat
  </category>
  <size>
   XXL
  </size>
  <color>
   Фиолетовый
  </color>
  <material>
   Кожа
  </material>
  <price>
   216617
  </price>
  <rating>
   2.98
  </rating>
  <reviews>
   140990
  </reviews>
  <new>
   -
  </new>
  <exclusive>
   no
  </exclusive>
 </clothing>
 <clothing>
  <id>
   137135999
  </id>
  <name>
   Nike T-shirt U-7837
  </name>
  <category>
   T-shirt
  </category>
  <size>
   L
  </size>
  <color>
   Фиолетовый
  </color>
  <material>
   Вискоза
  </material>
  <price>
   377596
  </price>
  <rating>
   4.77
  </rating>
  <reviews>
   468190
  </reviews>
  <new>
   +
  </new>
  <exclusive>
   no
  </exclusive>
 </clothing>
 <clothing>
  <id>
   579589942
  </id>
  <name>
   Fila Gloves F-7951
  </name>
  <category>
   Gloves
  </category>
  <size>
   M
  </size>
  <color>
   Желтый
  </color>
  <material>
   Шелк
  </material>
  <price>
   944218
  </price>
  <rating>
   2.37
  </rating>
  <reviews>
   286083
  </reviews>
  <exclusive>
   yes
  </exclusive>
 </clothing>
 <clothing>
  <id>
   242052788
  </id>
  <name>
   Addidas Umbrellas H-5270
  </name>
  <category>
   Umbrellas
  </category>
  <size>
   XL
  </size>
  <color>
   Желтый
  </color>
  <material>
   Нейлон
  </material>
  <price>
   366823
  </price>
  <rating>
   2.73
  </rating>
  <reviews>
   537350
  </reviews>
  <new>
   +
  </new>
  <exclusive>
   no
  </exclusive>
  <sporty>
   no
  </sporty>
 </clothing>
 <clothing>
  <id>
   540552828
  </id>
  <name>
   Puma Sweater Y-1693
  </name>
  <category>
   Sweater
  </category>
  <size>
   M
  </size>
  <color>
   Оранжевый
  </color>
  <material>
   Вискоза
  </material>
  <price>
   891087
  </price>
  <rating>
   4.35
  </rating>
  <reviews>
   740254
  </reviews>
  <exclusive>
   no
  </exclusive>
  <sporty>
   no
  </sporty>
 </clothing>
 <clothing>
  <id>
   878478282
  </id>
  <name>
   DC Jeans R-5520
  </name>
  <category>
   Jeans
  </category>
  <size>
   XL
  </size>
  <color>
   Синий
  </color>
  <material>
   Лен
  </material>
  <price>
   809500
  </price>
  <rating>
   2.25
  </rating>
  <reviews>
   63157
  </reviews>
  <sporty>
   no
  </sporty>
 </clothing>
 <clothing>
  <id>
   148513958
  </id>
  <name>
   Vans Sweater I-9134
  </name>
  <category>
   Sweater
  </category>
  <size>
   XL
  </size>
  <color>
   Красный
  </color>
  <material>
   Шерсть
  </material>
  <price>
   104753
  </price>
  <rating>
   3.61
  </rating>
  <reviews>
   835303
  </reviews>
  <new>
   +
  </new>
  <sporty>
   yes
  </sporty>
 </clothing>
 <clothing>
  <id>
   454498545
  </id>
  <name>
   Ellesse T-shirt Y-4332
  </name>
  <category>
   T-shirt
  </category>
  <size>
   M
  </size>
  <color>
   Фиолетовый
  </color>
  <material>
   Нейлон
  </material>
  <price>
   245476
  </price>
  <rating>
   2.53
  </rating>
  <reviews>
   536468
  </reviews>
  <exclusive>
   yes
  </exclusive>
  <sporty>
   no
  </sporty>
 </clothing>
 <clothing>
  <id>
   717881623
  </id>
  <name>
   Ellesse Shirt Z-8318
  </name>
  <category>
   Shirt
  </category>
  <size>
   XXL
  </size>
  <color>
   Фиолетовый
  </color>
  <material>
   Лен
  </material>
  <price>
   723167
  </price>
  <rating>
   4.51
  </rating>
  <reviews>
   963214
  </reviews>
  <new>
   +
  </new>
  <exclusive>
   yes
  </exclusive>
  <sporty>
   no
  </sporty>
 </clothing>
 <clothing>
  <id>
   187728053
  </id>
  <name>
   New Balance Handbags T-1688
  </name>
  <category>
   Handbags
  </category>
  <size>
   XL
  </size>
  <color>
   Оранжевый
  </color>
  <material>
   Шелк
  </material>
  <price>
   528469
  </price>
  <rating>
   3.62
  </rating>
  <reviews>
   384763
  </reviews>
  <new>
   +
  </new>
  <exclusive>
   yes
  </exclusive>
  <sporty>
   no
  </sporty>
 </clothing>
 <clothing>
  <id>
   515805447
  </id>
  <name>
   DC Belts W-2831
  </name>
  <category>
   Belts
  </category>
  <size>
   S
  </size>
  <color>
   Зеленый
  </color>
  <material>
   Нейлон
  </material>
  <price>
   969101
  </price>
  <rating>
   3.58
  </rating>
  <reviews>
   752743
  </reviews>
  <new>
   +
  </new>
  <exclusive>
   no
  </exclusive>
  <sporty>
   no
  </sporty>
 </clothing>
 <clothing>
  <id>
   687647251
  </id>
  <name>
   Adidas Shoes O-5334
  </name>
  <category>
   Shoes
  </category>
  <size>
   XXL
  </size>
  <color>
   Оранжевый
  </color>
  <material>
   Хлопок
  </material>
  <price>
   852441
  </price>
  <rating>
   2.25
  </rating>
  <reviews>
   624841
  </reviews>
  <exclusive>
   no
  </exclusive>
  <sporty>
   yes
  </sporty>
 </clothing>
 <clothing>
  <id>
   609833909
  </id>
  <name>
   DC T-shirt F-4585
  </name>
  <category>
   T-shirt
  </category>
  <size>
   L
  </size>
  <color>
   Зеленый
  </color>
  <material>
   Нейлон
  </material>
  <price>
   838932
  </price>
  <rating>
   3.54
  </rating>
  <reviews>
   754065
  </reviews>
  <new>
   -
  </new>
  <sporty>
   yes
  </sporty>
 </clothing>
 <clothing>
  <id>
   891824738
  </id>
  <name>
   Under Armour Umbrellas R-2615
  </name>
  <category>
   Umbrellas
  </category>
  <size>
   M
  </size>
  <color>
   Оранжевый
  </color>
  <material>
   Шелк
  </material>
  <price>
   737056
  </price>
  <rating>
   4.82
  </rating>
  <reviews>
   886834
  </reviews>
  <new>
   -
  </new>
  <exclusive>
   yes
  </exclusive>
 </clothing>
 <clothing>
  <id>
   789028471
  </id>
  <name>
   PleinSport Shirt K-5578
  </name>
  <category>
   Shirt
  </category>
  <size>
   XXL
  </size>
  <color>
   Желтый
  </color>
  <material>
   Лен
  </material>
  <price>
   420574
  </price>
  <rating>
   1.12
  </rating>
  <reviews>
   754553
  </reviews>
  <new>
   -
  </new>
  <sporty>
   no
  </sporty>
 </clothing>
 <clothing>
  <id>
   819983836
  </id>
  <name>
   DC Hat M-4312
  </name>
  <category>
   Hat
  </category>
  <size>
   XXL
  </size>
  <color>
   Голубой
  </color>
  <material>
   Хлопок
  </material>
  <price>
   484909
  </price>
  <rating>
   2.31
  </rating>
  <reviews>
   523932
  </reviews>
  <new>
   -
  </new>
  <exclusive>
   no
  </exclusive>
  <sporty>
   yes
  </sporty>
 </clothing>
 <clothing>
  <id>
   137467772
  </id>
  <name>
   DC Sweater J-4512
  </name>
  <category>
   Sweater
  </category>
  <size>
   S
  </size>
  <color>
   Фиолетовый
  </color>
  <material>
   Шерсть
  </material>
  <price>
   290268
  </price>
  <rating>
   3.05
  </rating>
  <reviews>
   874630
  </reviews>
  <new>
   +
  </new>
  <sporty>
   no
  </sporty>
 </clothing>
 <clothing>
  <id>
   129917610
  </id>
  <name>
   Adidas Sweater L-1756
  </name>
  <category>
   Sweater
  </category>
  <size>
   XXL
  </size>
  <color>
   Синий
  </color>
  <material>
   Кожа
  </material>
  <price>
   699671
  </price>
  <rating>
   4.86
  </rating>
  <reviews>
   527649
  </reviews>
  <exclusive>
   no
  </exclusive>
  <sporty>
   yes
  </sporty>
 </clothing>
 <clothing>
  <id>
   151287874
  </id>
  <name>
   Adidas Gloves H-1519
  </name>
  <category>
   Gloves
  </category>
  <size>
   M
  </size>
  <color>
   Фиолетовый
  </color>
  <material>
   Полиэстер
  </material>
  <price>
   136734
  </price>
  <rating>
   1.81
  </rating>
  <reviews>
   349455
  </reviews>
  <new>
   +
  </new>
  <exclusive>
   yes
  </exclusive>
  <sporty>
   no
  </sporty>
 </clothing>
 <clothing>
  <id>
   427841507
  </id>
  <name>
   Under Armour Hat L-4376
  </name>
  <category>
   Hat
  </category>
  <size>
   S
  </size>
  <color>
   Синий
  </color>
  <material>
   Шелк
  </material>
  <price>
   521889
  </price>
  <rating>
   2.03
  </rating>
  <reviews>
   914591
  </reviews>
 </clothing>
 <clothing>
  <id>
   401843577
  </id>
  <name>
   Vans Dress L-8899
  </name>
  <category>
   Dress
  </category>
  <size>
   S
  </size>
  <color>
   Желтый
  </color>
  <material>
   Шелк
  </material>
  <price>
   382463
  </price>
  <rating>
   1.31
  </rating>
  <reviews>
   842123
  </reviews>
  <sporty>
   no
  </sporty>
 </clothing>
 <clothing>
  <id>
   445798769
  </id>
  <name>
   Addidas Socks O-5794
  </name>
  <category>
   Socks
  </category>
  <size>
   S
  </size>
  <color>
   Желтый
  </color>
  <material>
   Хлопок
  </material>
  <price>
   663874
  </price>
  <rating>
   4.41
  </rating>
  <reviews>
   365014
  </reviews>
  <new>
   +
  </new>
  <exclusive>
   yes
  </exclusive>
 </clothing>
 <clothing>
  <id>
   308151279
  </id>
  <name>
   Brooks Skirt S-7799
  </name>
  <category>
   Skirt
  </category>
  <size>
   XL
  </size>
  <color>
   Красный
  </color>
  <material>
   Вискоза
  </material>
  <price>
   626657
  </price>
  <rating>
   1.07
  </rating>
  <reviews>
   322446
  </reviews>
  <new>
   -
  </new>
  <exclusive>
   yes
  </exclusive>
  <sporty>
   no
  </sporty>
 </clothing>
 <clothing>
  <id>
   807713030
  </id>
  <name>
   Adidas Jacket I-2982
  </name>
  <category>
   Jacket
  </category>
  <size>
   XXL
  </size>
  <color>
   Фиолетовый
  </color>
  <material>
   Шерсть
  </material>
  <price>
   262801
  </price>
  <rating>
   1.13
  </rating>
  <reviews>
   519472
  </reviews>
  <new>
   -
  </new>
  <sporty>
   yes
  </sporty>
 </clothing>
 <clothing>
  <id>
   708187688
  </id>
  <name>
   Fila Skirt O-5444
  </name>
  <category>
   Skirt
  </category>
  <size>
   XL
  </size>
  <color>
   Красный
  </color>
  <material>
   Шерсть
  </material>
  <price>
   840344
  </price>
  <rating>
   1.02
  </rating>
  <reviews>
   963690
  </reviews>
  <new>
   -
  </new>
  <exclusive>
   no
  </exclusive>
 </clothing>
 <clothing>
  <id>
   911548161
  </id>
  <name>
   Vans Gloves U-8796
  </name>
  <category>
   Gloves
  </category>
  <size>
   XL
  </size>
  <color>
   Синий
  </color>
  <material>
   Шерсть
  </material>
  <price>
   715067
  </price>
  <rating>
   4.83
  </rating>
  <reviews>
   104343
  </reviews>
  <exclusive>
   no
  </exclusive>
 </clothing>
 <clothing>
  <id>
   730246738
  </id>
  <name>
   Fila Sweater G-7671
  </name>
  <category>
   Sweater
  </category>
  <size>
   L
  </size>
  <color>
   Синий
  </color>
  <material>
   Хлопок
  </material>
  <price>
   468058
  </price>
  <rating>
   3.76
  </rating>
  <reviews>
   663105
  </reviews>
 </clothing>
 <clothing>
  <id>
   611983974
  </id>
  <name>
   Lacoste Handbags L-3062
  </name>
  <category>
   Handbags
  </category>
  <size>
   M
  </size>
  <color>
   Оранжевый
  </color>
  <material>
   Хлопок
  </material>
  <price>
   342542
  </price>
  <rating>
   4.45
  </rating>
  <reviews>
   445783
  </reviews>
  <new>
   -
  </new>
  <sporty>
   no
  </sporty>
 </clothing>
 <clothing>
  <id>
   737413827
  </id>
  <name>
   New Balance Handbags Q-1653
  </name>
  <category>
   Handbags
  </category>
  <size>
   XXL
  </size>
  <color>
   Фиолетовый
  </color>
  <material>
   Полиэстер
  </material>
  <price>
   404153
  </price>
  <rating>
   4.28
  </rating>
  <reviews>
   690153
  </reviews>
  <exclusive>
   no
  </exclusive>
  <sporty>
   yes
  </sporty>
 </clothing>
 <clothing>
  <id>
   433529537
  </id>
  <name>
   Converse Dress L-6417
  </name>
  <category>
   Dress
  </category>
  <size>
   S
  </size>
  <color>
   Желтый
  </color>
  <material>
   Хлопок
  </material>
  <price>
   506284
  </price>
  <rating>
   4.79
  </rating>
  <reviews>
   336926
  </reviews>
  <new>
   -
  </new>
 </clothing>
 <clothing>
  <id>
   134829273
  </id>
  <name>
   Vans Handbags O-5709
  </name>
  <category>
   Handbags
  </category>
  <size>
   XL
  </size>
  <color>
   Зеленый
  </color>
  <material>
   Полиэстер
  </material>
  <price>
   517263
  </price>
  <rating>
   2.69
  </rating>
  <reviews>
   191746
  </reviews>
 </clothing>
 <clothing>
  <id>
   979131268
  </id>
  <name>
   Fila Socks Q-1848
  </name>
  <category>
   Socks
  </category>
  <size>
   L
  </size>
  <color>
   Желтый
  </color>
  <material>
   Нейлон
  </material>
  <price>
   434340
  </price>
  <rating>
   4.2
  </rating>
  <reviews>
   742571
  </reviews>
  <exclusive>
   yes
  </exclusive>
  <sporty>
   no
  </sporty>
 </clothing>
 <clothing>
  <id>
   330680193
  </id>
  <name>
   Vans Shoes V-7011
  </name>
  <category>
   Shoes
  </category>
  <size>
   M
  </size>
  <color>
   Красный
  </color>
  <material>
   Кожа
  </material>
  <price>
   985231
  </price>
  <rating>
   3.03
  </rating>
  <reviews>
   791859
  </reviews>
 </clothing>
</clothing-items>
