<?xml version="1.0" encoding="utf-8"?>
<clothing-items>
 <clothing>
  <id>
   493217752
  </id>
  <name>
   PleinSport Belts I-5160
  </name>
  <category>
   Belts
  </category>
  <size>
   L
  </size>
  <color>
   Зеленый
  </color>
  <material>
   Лен
  </material>
  <price>
   801670
  </price>
  <rating>
   1.44
  </rating>
  <reviews>
   711278
  </reviews>
  <exclusive>
   yes
  </exclusive>
 </clothing>
 <clothing>
  <id>
   495393263
  </id>
  <name>
   Brooks Hat A-6987
  </name>
  <category>
   Hat
  </category>
  <size>
   XXL
  </size>
  <color>
   Фиолетовый
  </color>
  <material>
   Кожа
  </material>
  <price>
   621864
  </price>
  <rating>
   4.56
  </rating>
  <reviews>
   649858
  </reviews>
  <new>
   +
  </new>
  <exclusive>
   yes
  </exclusive>
  <sporty>
   no
  </sporty>
 </clothing>
 <clothing>
  <id>
   354698971
  </id>
  <name>
   PleinSport Blouse G-4682
  </name>
  <category>
   Blouse
  </category>
  <size>
   M
  </size>
  <color>
   Красный
  </color>
  <material>
   Полиэстер
  </material>
  <price>
   509197
  </price>
  <rating>
   2.76
  </rating>
  <reviews>
   641739
  </reviews>
  <new>
   +
  </new>
  <exclusive>
   yes
  </exclusive>
  <sporty>
   no
  </sporty>
 </clothing>
 <clothing>
  <id>
   387226831
  </id>
  <name>
   Adidas Gloves N-4099
  </name>
  <category>
   Gloves
  </category>
  <size>
   L
  </size>
  <color>
   Красный
  </color>
  <material>
   Полиэстер
  </material>
  <price>
   316928
  </price>
  <rating>
   1.94
  </rating>
  <reviews>
   167441
  </reviews>
  <new>
   +
  </new>
  <exclusive>
   no
  </exclusive>
 </clothing>
 <clothing>
  <id>
   527037303
  </id>
  <name>
   Converse Pants G-8410
  </name>
  <category>
   Pants
  </category>
  <size>
   XL
  </size>
  <color>
   Красный
  </color>
  <material>
   Полиэстер
  </material>
  <price>
   700691
  </price>
  <rating>
   1.59
  </rating>
  <reviews>
   371774
  </reviews>
  <sporty>
   no
  </sporty>
 </clothing>
 <clothing>
  <id>
   265597786
  </id>
  <name>
   Reebok Skirt W-3053
  </name>
  <category>
   Skirt
  </category>
  <size>
   L
  </size>
  <color>
   Желтый
  </color>
  <material>
   Лен
  </material>
  <price>
   947837
  </price>
  <rating>
   4.84
  </rating>
  <reviews>
   371626
  </reviews>
  <new>
   -
  </new>
  <sporty>
   yes
  </sporty>
 </clothing>
 <clothing>
  <id>
   591758303
  </id>
  <name>
   New Balance Dress A-1742
  </name>
  <category>
   Dress
  </category>
  <size>
   XXL
  </size>
  <color>
   Фиолетовый
  </color>
  <material>
   Кожа
  </material>
  <price>
   763489
  </price>
  <rating>
   2.44
  </rating>
  <reviews>
   759965
  </reviews>
  <exclusive>
   yes
  </exclusive>
 </clothing>
 <clothing>
  <id>
   969107626
  </id>
  <name>
   Reebok Shoes P-4807
  </name>
  <category>
   Shoes
  </category>
  <size>
   M
  </size>
  <color>
   Желтый
  </color>
  <material>
   Шелк
  </material>
  <price>
   508385
  </price>
  <rating>
   4.33
  </rating>
  <reviews>
   883440
  </reviews>
  <new>
   +
  </new>
  <exclusive>
   no
  </exclusive>
  <sporty>
   no
  </sporty>
 </clothing>
 <clothing>
  <id>
   269628262
  </id>
  <name>
   Addidas Jeans S-5881
  </name>
  <category>
   Jeans
  </category>
  <size>
   XL
  </size>
  <color>
   Фиолетовый
  </color>
  <material>
   Полиэстер
  </material>
  <price>
   153718
  </price>
  <rating>
   1.43
  </rating>
  <reviews>
   499890
  </reviews>
  <new>
   +
  </new>
 </clothing>
 <clothing>
  <id>
   826636091
  </id>
  <name>
   Brooks Skirt Z-9483
  </name>
  <category>
   Skirt
  </category>
  <size>
   XL
  </size>
  <color>
   Оранжевый
  </color>
  <material>
   Полиэстер
  </material>
  <price>
   157881
  </price>
  <rating>
   3.96
  </rating>
  <reviews>
   927310
  </reviews>
  <exclusive>
   no
  </exclusive>
  <sporty>
   no
  </sporty>
 </clothing>
 <clothing>
  <id>
   500872048
  </id>
  <name>
   DC Socks K-4007
  </name>
  <category>
   Socks
  </category>
  <size>
   L
  </size>
  <color>
   Синий
  </color>
  <material>
   Нейлон
  </material>
  <price>
   988683
  </price>
  <rating>
   3.72
  </rating>
  <reviews>
   939520
  </reviews>
  <new>
   +
  </new>
  <exclusive>
   yes
  </exclusive>
 </clothing>
 <clothing>
  <id>
   740929565
  </id>
  <name>
   Puma Jacket B-2488
  </name>
  <category>
   Jacket
  </category>
  <size>
   S
  </size>
  <color>
   Оранжевый
  </color>
  <material>
   Кожа
  </material>
  <price>
   828974
  </price>
  <rating>
   3.46
  </rating>
  <reviews>
   866338
  </reviews>
  <sporty>
   yes
  </sporty>
 </clothing>
 <clothing>
  <id>
   258648487
  </id>
  <name>
   New Balance Hat V-5960
  </name>
  <category>
   Hat
  </category>
  <size>
   XXL
  </size>
  <color>
   Синий
  </color>
  <material>
   Шелк
  </material>
  <price>
   422183
  </price>
  <rating>
   3.54
  </rating>
  <reviews>
   716134
  </reviews>
  <new>
   +
  </new>
  <exclusive>
   no
  </exclusive>
  <sporty>
   no
  </sporty>
 </clothing>
 <clothing>
  <id>
   647212329
  </id>
  <name>
   PleinSport Gloves D-5519
  </name>
  <category>
   Gloves
  </category>
  <size>
   S
  </size>
  <color>
   Синий
  </color>
  <material>
   Хлопок
  </material>
  <price>
   438673
  </price>
  <rating>
   1.76
  </rating>
  <reviews>
   776637
  </reviews>
  <new>
   -
  </new>
  <exclusive>
   yes
  </exclusive>
  <sporty>
   no
  </sporty>
 </clothing>
 <clothing>
  <id>
   896592698
  </id>
  <name>
   Brooks Shirt A-2402
  </name>
  <category>
   Shirt
  </category>
  <size>
   M
  </size>
  <color>
   Голубой
  </color>
  <material>
   Нейлон
  </material>
  <price>
   565701
  </price>
  <rating>
   1.71
  </rating>
  <reviews>
   853083
  </reviews>
 </clothing>
 <clothing>
  <id>
   319756875
  </id>
  <name>
   Lacoste Jacket C-1444
  </name>
  <category>
   Jacket
  </category>
  <size>
   XXL
  </size>
  <color>
   Голубой
  </color>
  <material>
   Вискоза
  </material>
  <price>
   741417
  </price>
  <rating>
   4.92
  </rating>
  <reviews>
   274949
  </reviews>
  <exclusive>
   no
  </exclusive>
  <sporty>
   yes
  </sporty>
 </clothing>
 <clothing>
  <id>
   166535758
  </id>
  <name>
   DC Pants Q-5060
  </name>
  <category>
   Pants
  </category>
  <size>
   XXL
  </size>
  <color>
   Зеленый
  </color>
  <material>
   Лен
  </material>
  <price>
   490647
  </price>
  <rating>
   3.35
  </rating>
  <reviews>
   385959
  </reviews>
  <exclusive>
   yes
  </exclusive>
  <sporty>
   yes
  </sporty>
 </clothing>
 <clothing>
  <id>
   607210386
  </id>
  <name>
   Under Armour Shoes N-3128
  </name>
  <category>
   Shoes
  </category>
  <size>
   S
  </size>
  <color>
   Фиолетовый
  </color>
  <material>
   Кожа
  </material>
  <price>
   581742
  </price>
  <rating>
   1.11
  </rating>
  <reviews>
   296610
  </reviews>
  <sporty>
   no
  </sporty>
 </clothing>
 <clothing>
  <id>
   326448022
  </id>
  <name>
   Lacoste Umbrellas G-6840
  </name>
  <category>
   Umbrellas
  </category>
  <size>
   XXL
  </size>
  <color>
   Красный
  </color>
  <material>
   Нейлон
  </material>
  <price>
   114620
  </price>
  <rating>
   4.53
  </rating>
  <reviews>
   55744
  </reviews>
  <new>
   +
  </new>
  <exclusive>
   no
  </exclusive>
  <sporty>
   yes
  </sporty>
 </clothing>
 <clothing>
  <id>
   558570183
  </id>
  <name>
   DC Sweater J-4892
  </name>
  <category>
   Sweater
  </category>
  <size>
   L
  </size>
  <color>
   Синий
  </color>
  <material>
   Шерсть
  </material>
  <price>
   104529
  </price>
  <rating>
   4.9
  </rating>
  <reviews>
   272559
  </reviews>
  <new>
   +
  </new>
  <exclusive>
   no
  </exclusive>
  <sporty>
   yes
  </sporty>
 </clothing>
 <clothing>
  <id>
   650109642
  </id>
  <name>
   Lacoste Shoes I-4190
  </name>
  <category>
   Shoes
  </category>
  <size>
   XL
  </size>
  <color>
   Красный
  </color>
  <material>
   Кожа
  </material>
  <price>
   482972
  </price>
  <rating>
   2.05
  </rating>
  <reviews>
   440603
  </reviews>
  <exclusive>
   no
  </exclusive>
 </clothing>
</clothing-items>
