<?xml version="1.0" encoding="utf-8"?>
<clothing-items>
 <clothing>
  <id>
   461856424
  </id>
  <name>
   Fila Gloves D-5033
  </name>
  <category>
   Gloves
  </category>
  <size>
   L
  </size>
  <color>
   Синий
  </color>
  <material>
   Полиэстер
  </material>
  <price>
   359564
  </price>
  <rating>
   3.14
  </rating>
  <reviews>
   352982
  </reviews>
  <exclusive>
   yes
  </exclusive>
  <sporty>
   no
  </sporty>
 </clothing>
 <clothing>
  <id>
   564495909
  </id>
  <name>
   Vans Handbags S-2230
  </name>
  <category>
   Handbags
  </category>
  <size>
   L
  </size>
  <color>
   Фиолетовый
  </color>
  <material>
   Лен
  </material>
  <price>
   630318
  </price>
  <rating>
   2.24
  </rating>
  <reviews>
   413848
  </reviews>
  <exclusive>
   yes
  </exclusive>
 </clothing>
 <clothing>
  <id>
   585926035
  </id>
  <name>
   DC Jeans G-9790
  </name>
  <category>
   Jeans
  </category>
  <size>
   L
  </size>
  <color>
   Зеленый
  </color>
  <material>
   Лен
  </material>
  <price>
   817893
  </price>
  <rating>
   4.67
  </rating>
  <reviews>
   227168
  </reviews>
  <sporty>
   no
  </sporty>
 </clothing>
 <clothing>
  <id>
   713790817
  </id>
  <name>
   Lacoste Sweater F-2439
  </name>
  <category>
   Sweater
  </category>
  <size>
   S
  </size>
  <color>
   Желтый
  </color>
  <material>
   Кожа
  </material>
  <price>
   123009
  </price>
  <rating>
   3.37
  </rating>
  <reviews>
   171541
  </reviews>
  <new>
   -
  </new>
  <exclusive>
   no
  </exclusive>
  <sporty>
   yes
  </sporty>
 </clothing>
 <clothing>
  <id>
   518455980
  </id>
  <name>
   PleinSport Skirt K-6822
  </name>
  <category>
   Skirt
  </category>
  <size>
   M
  </size>
  <color>
   Оранжевый
  </color>
  <material>
   Вискоза
  </material>
  <price>
   235198
  </price>
  <rating>
   2.3
  </rating>
  <reviews>
   555856
  </reviews>
  <new>
   -
  </new>
  <sporty>
   no
  </sporty>
 </clothing>
 <clothing>
  <id>
   985485492
  </id>
  <name>
   Reebok T-shirt K-4645
  </name>
  <category>
   T-shirt
  </category>
  <size>
   L
  </size>
  <color>
   Голубой
  </color>
  <material>
   Вискоза
  </material>
  <price>
   257950
  </price>
  <rating>
   4.57
  </rating>
  <reviews>
   774395
  </reviews>
  <new>
   +
  </new>
  <exclusive>
   yes
  </exclusive>
  <sporty>
   yes
  </sporty>
 </clothing>
 <clothing>
  <id>
   463180434
  </id>
  <name>
   Asics Blouse K-8876
  </name>
  <category>
   Blouse
  </category>
  <size>
   M
  </size>
  <color>
   Синий
  </color>
  <material>
   Полиэстер
  </material>
  <price>
   650661
  </price>
  <rating>
   3.94
  </rating>
  <reviews>
   534367
  </reviews>
  <sporty>
   yes
  </sporty>
 </clothing>
 <clothing>
  <id>
   253394946
  </id>
  <name>
   Asics Shoes Q-4795
  </name>
  <category>
   Shoes
  </category>
  <size>
   L
  </size>
  <color>
   Желтый
  </color>
  <material>
   Шерсть
  </material>
  <price>
   740564
  </price>
  <rating>
   2.91
  </rating>
  <reviews>
   304264
  </reviews>
  <new>
   -
  </new>
  <exclusive>
   yes
  </exclusive>
  <sporty>
   yes
  </sporty>
 </clothing>
 <clothing>
  <id>
   934352637
  </id>
  <name>
   New Balance Dress R-8983
  </name>
  <category>
   Dress
  </category>
  <size>
   M
  </size>
  <color>
   Желтый
  </color>
  <material>
   Лен
  </material>
  <price>
   333829
  </price>
  <rating>
   2.06
  </rating>
  <reviews>
   917259
  </reviews>
  <new>
   +
  </new>
  <exclusive>
   no
  </exclusive>
  <sporty>
   yes
  </sporty>
 </clothing>
 <clothing>
  <id>
   967984054
  </id>
  <name>
   New Balance Handbags N-9110
  </name>
  <category>
   Handbags
  </category>
  <size>
   S
  </size>
  <color>
   Голубой
  </color>
  <material>
   Кожа
  </material>
  <price>
   572126
  </price>
  <rating>
   2.07
  </rating>
  <reviews>
   956999
  </reviews>
  <new>
   -
  </new>
  <exclusive>
   no
  </exclusive>
 </clothing>
 <clothing>
  <id>
   996509824
  </id>
  <name>
   DC Sweater V-5745
  </name>
  <category>
   Sweater
  </category>
  <size>
   L
  </size>
  <color>
   Синий
  </color>
  <material>
   Шелк
  </material>
  <price>
   687693
  </price>
  <rating>
   4.39
  </rating>
  <reviews>
   860996
  </reviews>
  <exclusive>
   no
  </exclusive>
 </clothing>
 <clothing>
  <id>
   922197949
  </id>
  <name>
   Vans Socks L-5071
  </name>
  <category>
   Socks
  </category>
  <size>
   XL
  </size>
  <color>
   Красный
  </color>
  <material>
   Шерсть
  </material>
  <price>
   849377
  </price>
  <rating>
   1.36
  </rating>
  <reviews>
   608614
  </reviews>
  <new>
   +
  </new>
  <exclusive>
   no
  </exclusive>
  <sporty>
   no
  </sporty>
 </clothing>
 <clothing>
  <id>
   144988313
  </id>
  <name>
   PleinSport Belts U-4463
  </name>
  <category>
   Belts
  </category>
  <size>
   XXL
  </size>
  <color>
   Фиолетовый
  </color>
  <material>
   Полиэстер
  </material>
  <price>
   473193
  </price>
  <rating>
   4.04
  </rating>
  <reviews>
   588632
  </reviews>
  <sporty>
   no
  </sporty>
 </clothing>
 <clothing>
  <id>
   747276065
  </id>
  <name>
   Lacoste T-shirt D-7855
  </name>
  <category>
   T-shirt
  </category>
  <size>
   M
  </size>
  <color>
   Зеленый
  </color>
  <material>
   Вискоза
  </material>
  <price>
   502917
  </price>
  <rating>
   1.14
  </rating>
  <reviews>
   393023
  </reviews>
  <new>
   +
  </new>
  <exclusive>
   no
  </exclusive>
 </clothing>
 <clothing>
  <id>
   933731594
  </id>
  <name>
   DC Skirt O-9164
  </name>
  <category>
   Skirt
  </category>
  <size>
   XXL
  </size>
  <color>
   Голубой
  </color>
  <material>
   Вискоза
  </material>
  <price>
   462555
  </price>
  <rating>
   1.93
  </rating>
  <reviews>
   275699
  </reviews>
  <new>
   +
  </new>
 </clothing>
 <clothing>
  <id>
   879026862
  </id>
  <name>
   Addidas Umbrellas Q-2772
  </name>
  <category>
   Umbrellas
  </category>
  <size>
   XL
  </size>
  <color>
   Красный
  </color>
  <material>
   Вискоза
  </material>
  <price>
   988294
  </price>
  <rating>
   2.05
  </rating>
  <reviews>
   696705
  </reviews>
  <exclusive>
   no
  </exclusive>
 </clothing>
 <clothing>
  <id>
   860111128
  </id>
  <name>
   Addidas Socks O-6003
  </name>
  <category>
   Socks
  </category>
  <size>
   M
  </size>
  <color>
   Голубой
  </color>
  <material>
   Шерсть
  </material>
  <price>
   578568
  </price>
  <rating>
   4.78
  </rating>
  <reviews>
   744487
  </reviews>
 </clothing>
 <clothing>
  <id>
   721229680
  </id>
  <name>
   DC T-shirt P-9489
  </name>
  <category>
   T-shirt
  </category>
  <size>
   L
  </size>
  <color>
   Оранжевый
  </color>
  <material>
   Нейлон
  </material>
  <price>
   203856
  </price>
  <rating>
   2.59
  </rating>
  <reviews>
   556265
  </reviews>
  <new>
   -
  </new>
  <exclusive>
   no
  </exclusive>
 </clothing>
 <clothing>
  <id>
   215504279
  </id>
  <name>
   Ellesse T-shirt O-3977
  </name>
  <category>
   T-shirt
  </category>
  <size>
   XL
  </size>
  <color>
   Желтый
  </color>
  <material>
   Кожа
  </material>
  <price>
   108778
  </price>
  <rating>
   1.71
  </rating>
  <reviews>
   953024
  </reviews>
  <new>
   -
  </new>
  <sporty>
   yes
  </sporty>
 </clothing>
 <clothing>
  <id>
   584776658
  </id>
  <name>
   Asics Blouse W-1124
  </name>
  <category>
   Blouse
  </category>
  <size>
   M
  </size>
  <color>
   Голубой
  </color>
  <material>
   Шерсть
  </material>
  <price>
   522943
  </price>
  <rating>
   1.11
  </rating>
  <reviews>
   398791
  </reviews>
  <new>
   +
  </new>
  <exclusive>
   no
  </exclusive>
  <sporty>
   no
  </sporty>
 </clothing>
 <clothing>
  <id>
   557437638
  </id>
  <name>
   Vans Sweater X-8123
  </name>
  <category>
   Sweater
  </category>
  <size>
   XL
  </size>
  <color>
   Красный
  </color>
  <material>
   Нейлон
  </material>
  <price>
   474258
  </price>
  <rating>
   3.05
  </rating>
  <reviews>
   141434
  </reviews>
  <new>
   +
  </new>
  <exclusive>
   no
  </exclusive>
  <sporty>
   no
  </sporty>
 </clothing>
 <clothing>
  <id>
   194745278
  </id>
  <name>
   Adidas Socks U-6509
  </name>
  <category>
   Socks
  </category>
  <size>
   L
  </size>
  <color>
   Зеленый
  </color>
  <material>
   Шелк
  </material>
  <price>
   601014
  </price>
  <rating>
   3.8
  </rating>
  <reviews>
   994350
  </reviews>
  <new>
   -
  </new>
  <sporty>
   yes
  </sporty>
 </clothing>
 <clothing>
  <id>
   107615073
  </id>
  <name>
   Brooks T-shirt W-4423
  </name>
  <category>
   T-shirt
  </category>
  <size>
   XL
  </size>
  <color>
   Оранжевый
  </color>
  <material>
   Шерсть
  </material>
  <price>
   692575
  </price>
  <rating>
   3.88
  </rating>
  <reviews>
   290771
  </reviews>
  <new>
   -
  </new>
  <exclusive>
   no
  </exclusive>
 </clothing>
 <clothing>
  <id>
   514495066
  </id>
  <name>
   Puma Gloves V-8781
  </name>
  <category>
   Gloves
  </category>
  <size>
   XL
  </size>
  <color>
   Синий
  </color>
  <material>
   Шелк
  </material>
  <price>
   920144
  </price>
  <rating>
   4.69
  </rating>
  <reviews>
   61476
  </reviews>
  <exclusive>
   yes
  </exclusive>
  <sporty>
   no
  </sporty>
 </clothing>
 <clothing>
  <id>
   481548727
  </id>
  <name>
   New Balance Gloves J-7332
  </name>
  <category>
   Gloves
  </category>
  <size>
   S
  </size>
  <color>
   Синий
  </color>
  <material>
   Нейлон
  </material>
  <price>
   707811
  </price>
  <rating>
   3.94
  </rating>
  <reviews>
   492122
  </reviews>
  <exclusive>
   yes
  </exclusive>
  <sporty>
   no
  </sporty>
 </clothing>
 <clothing>
  <id>
   863921618
  </id>
  <name>
   Reebok Socks B-1422
  </name>
  <category>
   Socks
  </category>
  <size>
   M
  </size>
  <color>
   Зеленый
  </color>
  <material>
   Шелк
  </material>
  <price>
   530443
  </price>
  <rating>
   1.76
  </rating>
  <reviews>
   635365
  </reviews>
  <exclusive>
   yes
  </exclusive>
  <sporty>
   no
  </sporty>
 </clothing>
 <clothing>
  <id>
   705767425
  </id>
  <name>
   Vans Blouse S-2902
  </name>
  <category>
   Blouse
  </category>
  <size>
   XXL
  </size>
  <color>
   Фиолетовый
  </color>
  <material>
   Кожа
  </material>
  <price>
   929307
  </price>
  <rating>
   1.3
  </rating>
  <reviews>
   14337
  </reviews>
  <new>
   +
  </new>
  <exclusive>
   no
  </exclusive>
 </clothing>
 <clothing>
  <id>
   269540207
  </id>
  <name>
   Lacoste Jeans T-8107
  </name>
  <category>
   Jeans
  </category>
  <size>
   M
  </size>
  <color>
   Голубой
  </color>
  <material>
   Вискоза
  </material>
  <price>
   877880
  </price>
  <rating>
   3.9
  </rating>
  <reviews>
   32621
  </reviews>
 </clothing>
 <clothing>
  <id>
   385414499
  </id>
  <name>
   DC T-shirt A-5223
  </name>
  <category>
   T-shirt
  </category>
  <size>
   XL
  </size>
  <color>
   Красный
  </color>
  <material>
   Полиэстер
  </material>
  <price>
   805130
  </price>
  <rating>
   2.01
  </rating>
  <reviews>
   316329
  </reviews>
  <exclusive>
   no
  </exclusive>
  <sporty>
   yes
  </sporty>
 </clothing>
 <clothing>
  <id>
   449017148
  </id>
  <name>
   Vans Hat X-7622
  </name>
  <category>
   Hat
  </category>
  <size>
   S
  </size>
  <color>
   Зеленый
  </color>
  <material>
   Шерсть
  </material>
  <price>
   605982
  </price>
  <rating>
   4.67
  </rating>
  <reviews>
   14200
  </reviews>
  <new>
   -
  </new>
  <exclusive>
   no
  </exclusive>
 </clothing>
 <clothing>
  <id>
   119871444
  </id>
  <name>
   Ellesse Handbags Z-8897
  </name>
  <category>
   Handbags
  </category>
  <size>
   S
  </size>
  <color>
   Синий
  </color>
  <material>
   Шелк
  </material>
  <price>
   496472
  </price>
  <rating>
   2.16
  </rating>
  <reviews>
   176132
  </reviews>
  <new>
   +
  </new>
  <sporty>
   no
  </sporty>
 </clothing>
 <clothing>
  <id>
   513150766
  </id>
  <name>
   Fila Sweater N-8726
  </name>
  <category>
   Sweater
  </category>
  <size>
   S
  </size>
  <color>
   Зеленый
  </color>
  <material>
   Кожа
  </material>
  <price>
   570979
  </price>
  <rating>
   2.17
  </rating>
  <reviews>
   857454
  </reviews>
  <new>
   +
  </new>
  <exclusive>
   no
  </exclusive>
  <sporty>
   no
  </sporty>
 </clothing>
 <clothing>
  <id>
   542505175
  </id>
  <name>
   Reebok Hat X-8470
  </name>
  <category>
   Hat
  </category>
  <size>
   M
  </size>
  <color>
   Оранжевый
  </color>
  <material>
   Кожа
  </material>
  <price>
   735735
  </price>
  <rating>
   3.74
  </rating>
  <reviews>
   835797
  </reviews>
  <sporty>
   yes
  </sporty>
 </clothing>
 <clothing>
  <id>
   631434399
  </id>
  <name>
   Puma Jacket V-5259
  </name>
  <category>
   Jacket
  </category>
  <size>
   M
  </size>
  <color>
   Зеленый
  </color>
  <material>
   Вискоза
  </material>
  <price>
   885964
  </price>
  <rating>
   2.61
  </rating>
  <reviews>
   654443
  </reviews>
  <new>
   +
  </new>
  <exclusive>
   yes
  </exclusive>
  <sporty>
   yes
  </sporty>
 </clothing>
 <clothing>
  <id>
   681951155
  </id>
  <name>
   Ellesse Blouse L-7970
  </name>
  <category>
   Blouse
  </category>
  <size>
   S
  </size>
  <color>
   Фиолетовый
  </color>
  <material>
   Шерсть
  </material>
  <price>
   981834
  </price>
  <rating>
   4.37
  </rating>
  <reviews>
   549182
  </reviews>
  <sporty>
   no
  </sporty>
 </clothing>
 <clothing>
  <id>
   293587811
  </id>
  <name>
   DC Dress S-5248
  </name>
  <category>
   Dress
  </category>
  <size>
   L
  </size>
  <color>
   Зеленый
  </color>
  <material>
   Нейлон
  </material>
  <price>
   715872
  </price>
  <rating>
   2.97
  </rating>
  <reviews>
   334037
  </reviews>
 </clothing>
 <clothing>
  <id>
   448358491
  </id>
  <name>
   Adidas T-shirt H-9277
  </name>
  <category>
   T-shirt
  </category>
  <size>
   M
  </size>
  <color>
   Голубой
  </color>
  <material>
   Хлопок
  </material>
  <price>
   598440
  </price>
  <rating>
   2.48
  </rating>
  <reviews>
   387414
  </reviews>
  <sporty>
   no
  </sporty>
 </clothing>
</clothing-items>
