<?xml version="1.0" encoding="utf-8"?>
<clothing-items>
 <clothing>
  <id>
   969245280
  </id>
  <name>
   DC Pants L-2592
  </name>
  <category>
   Pants
  </category>
  <size>
   XXL
  </size>
  <color>
   Оранжевый
  </color>
  <material>
   Хлопок
  </material>
  <price>
   737587
  </price>
  <rating>
   4.76
  </rating>
  <reviews>
   668660
  </reviews>
 </clothing>
 <clothing>
  <id>
   739612903
  </id>
  <name>
   Fila Jeans W-7778
  </name>
  <category>
   Jeans
  </category>
  <size>
   L
  </size>
  <color>
   Желтый
  </color>
  <material>
   Кожа
  </material>
  <price>
   866155
  </price>
  <rating>
   3.27
  </rating>
  <reviews>
   605896
  </reviews>
  <new>
   -
  </new>
  <exclusive>
   no
  </exclusive>
  <sporty>
   yes
  </sporty>
 </clothing>
 <clothing>
  <id>
   630404131
  </id>
  <name>
   Asics Gloves A-2221
  </name>
  <category>
   Gloves
  </category>
  <size>
   XL
  </size>
  <color>
   Фиолетовый
  </color>
  <material>
   Шерсть
  </material>
  <price>
   353042
  </price>
  <rating>
   4.24
  </rating>
  <reviews>
   795095
  </reviews>
  <exclusive>
   yes
  </exclusive>
 </clothing>
 <clothing>
  <id>
   367724228
  </id>
  <name>
   PleinSport Shirt E-3527
  </name>
  <category>
   Shirt
  </category>
  <size>
   L
  </size>
  <color>
   Оранжевый
  </color>
  <material>
   Шелк
  </material>
  <price>
   632577
  </price>
  <rating>
   1.13
  </rating>
  <reviews>
   847557
  </reviews>
  <new>
   +
  </new>
  <exclusive>
   no
  </exclusive>
  <sporty>
   yes
  </sporty>
 </clothing>
 <clothing>
  <id>
   877789990
  </id>
  <name>
   Asics Jeans N-3793
  </name>
  <category>
   Jeans
  </category>
  <size>
   M
  </size>
  <color>
   Фиолетовый
  </color>
  <material>
   Нейлон
  </material>
  <price>
   275150
  </price>
  <rating>
   2.25
  </rating>
  <reviews>
   759152
  </reviews>
  <new>
   +
  </new>
  <exclusive>
   no
  </exclusive>
  <sporty>
   yes
  </sporty>
 </clothing>
 <clothing>
  <id>
   803038077
  </id>
  <name>
   Lacoste Skirt T-4492
  </name>
  <category>
   Skirt
  </category>
  <size>
   S
  </size>
  <color>
   Фиолетовый
  </color>
  <material>
   Нейлон
  </material>
  <price>
   155460
  </price>
  <rating>
   4.88
  </rating>
  <reviews>
   748611
  </reviews>
  <exclusive>
   yes
  </exclusive>
 </clothing>
 <clothing>
  <id>
   816913176
  </id>
  <name>
   New Balance Jacket F-5728
  </name>
  <category>
   Jacket
  </category>
  <size>
   S
  </size>
  <color>
   Голубой
  </color>
  <material>
   Кожа
  </material>
  <price>
   919508
  </price>
  <rating>
   2.21
  </rating>
  <reviews>
   139127
  </reviews>
  <new>
   -
  </new>
  <sporty>
   no
  </sporty>
 </clothing>
 <clothing>
  <id>
   617568344
  </id>
  <name>
   Ellesse Blouse M-8554
  </name>
  <category>
   Blouse
  </category>
  <size>
   XL
  </size>
  <color>
   Фиолетовый
  </color>
  <material>
   Нейлон
  </material>
  <price>
   373058
  </price>
  <rating>
   2.33
  </rating>
  <reviews>
   330494
  </reviews>
  <new>
   +
  </new>
  <exclusive>
   yes
  </exclusive>
 </clothing>
 <clothing>
  <id>
   129391125
  </id>
  <name>
   Reebok Pants A-9403
  </name>
  <category>
   Pants
  </category>
  <size>
   M
  </size>
  <color>
   Оранжевый
  </color>
  <material>
   Шерсть
  </material>
  <price>
   244095
  </price>
  <rating>
   1.72
  </rating>
  <reviews>
   880012
  </reviews>
  <exclusive>
   no
  </exclusive>
  <sporty>
   yes
  </sporty>
 </clothing>
 <clothing>
  <id>
   318959960
  </id>
  <name>
   Converse Belts D-7709
  </name>
  <category>
   Belts
  </category>
  <size>
   L
  </size>
  <color>
   Желтый
  </color>
  <material>
   Шерсть
  </material>
  <price>
   499820
  </price>
  <rating>
   4.78
  </rating>
  <reviews>
   571908
  </reviews>
 </clothing>
 <clothing>
  <id>
   328777076
  </id>
  <name>
   PleinSport Jeans G-5929
  </name>
  <category>
   Jeans
  </category>
  <size>
   XL
  </size>
  <color>
   Зеленый
  </color>
  <material>
   Шелк
  </material>
  <price>
   932838
  </price>
  <rating>
   1.27
  </rating>
  <reviews>
   19925
  </reviews>
  <new>
   +
  </new>
  <exclusive>
   no
  </exclusive>
 </clothing>
 <clothing>
  <id>
   978891399
  </id>
  <name>
   New Balance Shirt E-9087
  </name>
  <category>
   Shirt
  </category>
  <size>
   L
  </size>
  <color>
   Фиолетовый
  </color>
  <material>
   Шерсть
  </material>
  <price>
   653689
  </price>
  <rating>
   3.38
  </rating>
  <reviews>
   337819
  </reviews>
  <new>
   +
  </new>
 </clothing>
 <clothing>
  <id>
   748444106
  </id>
  <name>
   Under Armour Dress Q-2163
  </name>
  <category>
   Dress
  </category>
  <size>
   XXL
  </size>
  <color>
   Красный
  </color>
  <material>
   Лен
  </material>
  <price>
   642295
  </price>
  <rating>
   2.59
  </rating>
  <reviews>
   122194
  </reviews>
  <new>
   -
  </new>
  <sporty>
   no
  </sporty>
 </clothing>
 <clothing>
  <id>
   647257944
  </id>
  <name>
   Puma Belts B-3176
  </name>
  <category>
   Belts
  </category>
  <size>
   M
  </size>
  <color>
   Синий
  </color>
  <material>
   Хлопок
  </material>
  <price>
   200219
  </price>
  <rating>
   3.99
  </rating>
  <reviews>
   916739
  </reviews>
  <new>
   +
  </new>
  <exclusive>
   no
  </exclusive>
 </clothing>
 <clothing>
  <id>
   664475373
  </id>
  <name>
   Addidas Handbags R-3796
  </name>
  <category>
   Handbags
  </category>
  <size>
   L
  </size>
  <color>
   Желтый
  </color>
  <material>
   Лен
  </material>
  <price>
   911656
  </price>
  <rating>
   3.8
  </rating>
  <reviews>
   607250
  </reviews>
  <new>
   +
  </new>
  <sporty>
   no
  </sporty>
 </clothing>
 <clothing>
  <id>
   117653827
  </id>
  <name>
   Fila Dress R-8826
  </name>
  <category>
   Dress
  </category>
  <size>
   XL
  </size>
  <color>
   Желтый
  </color>
  <material>
   Вискоза
  </material>
  <price>
   647090
  </price>
  <rating>
   2.97
  </rating>
  <reviews>
   164206
  </reviews>
  <new>
   -
  </new>
  <sporty>
   yes
  </sporty>
 </clothing>
 <clothing>
  <id>
   114442845
  </id>
  <name>
   Vans Socks N-4102
  </name>
  <category>
   Socks
  </category>
  <size>
   M
  </size>
  <color>
   Синий
  </color>
  <material>
   Кожа
  </material>
  <price>
   204436
  </price>
  <rating>
   1.5
  </rating>
  <reviews>
   343020
  </reviews>
  <new>
   -
  </new>
  <sporty>
   no
  </sporty>
 </clothing>
 <clothing>
  <id>
   866868774
  </id>
  <name>
   Converse Shirt P-2529
  </name>
  <category>
   Shirt
  </category>
  <size>
   M
  </size>
  <color>
   Фиолетовый
  </color>
  <material>
   Кожа
  </material>
  <price>
   198849
  </price>
  <rating>
   4.12
  </rating>
  <reviews>
   714768
  </reviews>
  <new>
   -
  </new>
  <sporty>
   yes
  </sporty>
 </clothing>
 <clothing>
  <id>
   730081787
  </id>
  <name>
   Converse Skirt K-2279
  </name>
  <category>
   Skirt
  </category>
  <size>
   S
  </size>
  <color>
   Желтый
  </color>
  <material>
   Вискоза
  </material>
  <price>
   651229
  </price>
  <rating>
   3.77
  </rating>
  <reviews>
   232975
  </reviews>
  <new>
   +
  </new>
  <exclusive>
   no
  </exclusive>
 </clothing>
 <clothing>
  <id>
   309067248
  </id>
  <name>
   PleinSport Hat L-8480
  </name>
  <category>
   Hat
  </category>
  <size>
   L
  </size>
  <color>
   Зеленый
  </color>
  <material>
   Лен
  </material>
  <price>
   854892
  </price>
  <rating>
   2.46
  </rating>
  <reviews>
   578118
  </reviews>
  <exclusive>
   yes
  </exclusive>
  <sporty>
   yes
  </sporty>
 </clothing>
 <clothing>
  <id>
   452072861
  </id>
  <name>
   Brooks Umbrellas U-4281
  </name>
  <category>
   Umbrellas
  </category>
  <size>
   XL
  </size>
  <color>
   Зеленый
  </color>
  <material>
   Нейлон
  </material>
  <price>
   688535
  </price>
  <rating>
   1.22
  </rating>
  <reviews>
   5500
  </reviews>
  <new>
   -
  </new>
  <sporty>
   yes
  </sporty>
 </clothing>
</clothing-items>
