<?xml version="1.0" encoding="utf-8"?>
<clothing-items>
 <clothing>
  <id>
   336040313
  </id>
  <name>
   Addidas T-shirt A-1388
  </name>
  <category>
   T-shirt
  </category>
  <size>
   M
  </size>
  <color>
   Оранжевый
  </color>
  <material>
   Вискоза
  </material>
  <price>
   732582
  </price>
  <rating>
   4.3
  </rating>
  <reviews>
   505678
  </reviews>
  <exclusive>
   no
  </exclusive>
 </clothing>
 <clothing>
  <id>
   745232068
  </id>
  <name>
   Puma T-shirt W-1266
  </name>
  <category>
   T-shirt
  </category>
  <size>
   L
  </size>
  <color>
   Красный
  </color>
  <material>
   Хлопок
  </material>
  <price>
   579031
  </price>
  <rating>
   2.27
  </rating>
  <reviews>
   645758
  </reviews>
 </clothing>
 <clothing>
  <id>
   527083895
  </id>
  <name>
   Reebok Shoes S-6212
  </name>
  <category>
   Shoes
  </category>
  <size>
   M
  </size>
  <color>
   Желтый
  </color>
  <material>
   Шелк
  </material>
  <price>
   711716
  </price>
  <rating>
   4.69
  </rating>
  <reviews>
   664797
  </reviews>
  <sporty>
   yes
  </sporty>
 </clothing>
 <clothing>
  <id>
   242577744
  </id>
  <name>
   Addidas Hat K-5366
  </name>
  <category>
   Hat
  </category>
  <size>
   XXL
  </size>
  <color>
   Оранжевый
  </color>
  <material>
   Шелк
  </material>
  <price>
   250821
  </price>
  <rating>
   3.31
  </rating>
  <reviews>
   572985
  </reviews>
  <exclusive>
   yes
  </exclusive>
 </clothing>
 <clothing>
  <id>
   565466446
  </id>
  <name>
   PleinSport Hat T-7796
  </name>
  <category>
   Hat
  </category>
  <size>
   XXL
  </size>
  <color>
   Фиолетовый
  </color>
  <material>
   Шелк
  </material>
  <price>
   787178
  </price>
  <rating>
   1.1
  </rating>
  <reviews>
   435089
  </reviews>
  <exclusive>
   no
  </exclusive>
 </clothing>
 <clothing>
  <id>
   620261347
  </id>
  <name>
   Ellesse Pants F-1858
  </name>
  <category>
   Pants
  </category>
  <size>
   M
  </size>
  <color>
   Зеленый
  </color>
  <material>
   Нейлон
  </material>
  <price>
   935566
  </price>
  <rating>
   2.51
  </rating>
  <reviews>
   237600
  </reviews>
  <new>
   +
  </new>
  <exclusive>
   no
  </exclusive>
  <sporty>
   no
  </sporty>
 </clothing>
 <clothing>
  <id>
   335752293
  </id>
  <name>
   Nike Skirt G-7697
  </name>
  <category>
   Skirt
  </category>
  <size>
   L
  </size>
  <color>
   Голубой
  </color>
  <material>
   Шерсть
  </material>
  <price>
   335686
  </price>
  <rating>
   2.85
  </rating>
  <reviews>
   412095
  </reviews>
  <exclusive>
   no
  </exclusive>
  <sporty>
   no
  </sporty>
 </clothing>
 <clothing>
  <id>
   926556025
  </id>
  <name>
   Ellesse T-shirt R-2801
  </name>
  <category>
   T-shirt
  </category>
  <size>
   XXL
  </size>
  <color>
   Красный
  </color>
  <material>
   Шерсть
  </material>
  <price>
   973626
  </price>
  <rating>
   1.36
  </rating>
  <reviews>
   296397
  </reviews>
  <new>
   -
  </new>
  <sporty>
   yes
  </sporty>
 </clothing>
 <clothing>
  <id>
   290209481
  </id>
  <name>
   PleinSport Shirt Y-7021
  </name>
  <category>
   Shirt
  </category>
  <size>
   XL
  </size>
  <color>
   Голубой
  </color>
  <material>
   Вискоза
  </material>
  <price>
   596923
  </price>
  <rating>
   3.23
  </rating>
  <reviews>
   645106
  </reviews>
  <new>
   -
  </new>
  <sporty>
   no
  </sporty>
 </clothing>
 <clothing>
  <id>
   241217379
  </id>
  <name>
   PleinSport Belts N-7246
  </name>
  <category>
   Belts
  </category>
  <size>
   S
  </size>
  <color>
   Фиолетовый
  </color>
  <material>
   Полиэстер
  </material>
  <price>
   363668
  </price>
  <rating>
   3.11
  </rating>
  <reviews>
   541701
  </reviews>
  <sporty>
   no
  </sporty>
 </clothing>
 <clothing>
  <id>
   138409762
  </id>
  <name>
   Asics Gloves T-1610
  </name>
  <category>
   Gloves
  </category>
  <size>
   XL
  </size>
  <color>
   Оранжевый
  </color>
  <material>
   Хлопок
  </material>
  <price>
   109045
  </price>
  <rating>
   1.52
  </rating>
  <reviews>
   281049
  </reviews>
  <exclusive>
   yes
  </exclusive>
  <sporty>
   yes
  </sporty>
 </clothing>
 <clothing>
  <id>
   948970565
  </id>
  <name>
   Fila Dress J-9354
  </name>
  <category>
   Dress
  </category>
  <size>
   M
  </size>
  <color>
   Фиолетовый
  </color>
  <material>
   Шерсть
  </material>
  <price>
   416027
  </price>
  <rating>
   3.54
  </rating>
  <reviews>
   418527
  </reviews>
  <new>
   +
  </new>
  <exclusive>
   yes
  </exclusive>
 </clothing>
 <clothing>
  <id>
   529522907
  </id>
  <name>
   Nike T-shirt F-7927
  </name>
  <category>
   T-shirt
  </category>
  <size>
   S
  </size>
  <color>
   Оранжевый
  </color>
  <material>
   Хлопок
  </material>
  <price>
   352916
  </price>
  <rating>
   3.03
  </rating>
  <reviews>
   199159
  </reviews>
  <exclusive>
   no
  </exclusive>
 </clothing>
 <clothing>
  <id>
   602357203
  </id>
  <name>
   Asics Belts A-7121
  </name>
  <category>
   Belts
  </category>
  <size>
   M
  </size>
  <color>
   Зеленый
  </color>
  <material>
   Лен
  </material>
  <price>
   477878
  </price>
  <rating>
   1.21
  </rating>
  <reviews>
   185990
  </reviews>
  <new>
   +
  </new>
  <sporty>
   yes
  </sporty>
 </clothing>
 <clothing>
  <id>
   523729112
  </id>
  <name>
   Converse Skirt O-6130
  </name>
  <category>
   Skirt
  </category>
  <size>
   M
  </size>
  <color>
   Зеленый
  </color>
  <material>
   Шелк
  </material>
  <price>
   599060
  </price>
  <rating>
   4.27
  </rating>
  <reviews>
   608111
  </reviews>
  <new>
   -
  </new>
 </clothing>
 <clothing>
  <id>
   527438787
  </id>
  <name>
   Adidas Blouse N-9376
  </name>
  <category>
   Blouse
  </category>
  <size>
   M
  </size>
  <color>
   Голубой
  </color>
  <material>
   Полиэстер
  </material>
  <price>
   420417
  </price>
  <rating>
   4.51
  </rating>
  <reviews>
   760741
  </reviews>
  <exclusive>
   yes
  </exclusive>
 </clothing>
 <clothing>
  <id>
   596568592
  </id>
  <name>
   Brooks Belts W-3180
  </name>
  <category>
   Belts
  </category>
  <size>
   L
  </size>
  <color>
   Синий
  </color>
  <material>
   Хлопок
  </material>
  <price>
   718720
  </price>
  <rating>
   3.24
  </rating>
  <reviews>
   26656
  </reviews>
  <new>
   -
  </new>
  <exclusive>
   yes
  </exclusive>
  <sporty>
   no
  </sporty>
 </clothing>
 <clothing>
  <id>
   434168134
  </id>
  <name>
   Puma Blouse M-6959
  </name>
  <category>
   Blouse
  </category>
  <size>
   XXL
  </size>
  <color>
   Синий
  </color>
  <material>
   Хлопок
  </material>
  <price>
   656148
  </price>
  <rating>
   2.69
  </rating>
  <reviews>
   349857
  </reviews>
  <exclusive>
   no
  </exclusive>
 </clothing>
 <clothing>
  <id>
   921460341
  </id>
  <name>
   Brooks Jacket P-3375
  </name>
  <category>
   Jacket
  </category>
  <size>
   S
  </size>
  <color>
   Желтый
  </color>
  <material>
   Полиэстер
  </material>
  <price>
   193041
  </price>
  <rating>
   5.0
  </rating>
  <reviews>
   700885
  </reviews>
  <new>
   +
  </new>
  <sporty>
   no
  </sporty>
 </clothing>
 <clothing>
  <id>
   755610083
  </id>
  <name>
   Puma Pants D-4428
  </name>
  <category>
   Pants
  </category>
  <size>
   M
  </size>
  <color>
   Зеленый
  </color>
  <material>
   Лен
  </material>
  <price>
   485325
  </price>
  <rating>
   1.3
  </rating>
  <reviews>
   560257
  </reviews>
  <new>
   -
  </new>
  <exclusive>
   yes
  </exclusive>
 </clothing>
 <clothing>
  <id>
   415218778
  </id>
  <name>
   Addidas Gloves L-4067
  </name>
  <category>
   Gloves
  </category>
  <size>
   XL
  </size>
  <color>
   Красный
  </color>
  <material>
   Шерсть
  </material>
  <price>
   817388
  </price>
  <rating>
   3.96
  </rating>
  <reviews>
   326995
  </reviews>
  <sporty>
   no
  </sporty>
 </clothing>
 <clothing>
  <id>
   671113452
  </id>
  <name>
   PleinSport Hat C-9785
  </name>
  <category>
   Hat
  </category>
  <size>
   L
  </size>
  <color>
   Синий
  </color>
  <material>
   Вискоза
  </material>
  <price>
   305308
  </price>
  <rating>
   2.95
  </rating>
  <reviews>
   618572
  </reviews>
  <new>
   +
  </new>
  <exclusive>
   yes
  </exclusive>
 </clothing>
 <clothing>
  <id>
   431644210
  </id>
  <name>
   DC T-shirt G-7681
  </name>
  <category>
   T-shirt
  </category>
  <size>
   XL
  </size>
  <color>
   Желтый
  </color>
  <material>
   Вискоза
  </material>
  <price>
   598530
  </price>
  <rating>
   4.0
  </rating>
  <reviews>
   288899
  </reviews>
  <new>
   -
  </new>
 </clothing>
 <clothing>
  <id>
   498176283
  </id>
  <name>
   Asics Jacket H-9044
  </name>
  <category>
   Jacket
  </category>
  <size>
   S
  </size>
  <color>
   Фиолетовый
  </color>
  <material>
   Вискоза
  </material>
  <price>
   405760
  </price>
  <rating>
   4.08
  </rating>
  <reviews>
   996889
  </reviews>
  <new>
   +
  </new>
  <exclusive>
   yes
  </exclusive>
  <sporty>
   yes
  </sporty>
 </clothing>
 <clothing>
  <id>
   998555839
  </id>
  <name>
   PleinSport Skirt C-7143
  </name>
  <category>
   Skirt
  </category>
  <size>
   S
  </size>
  <color>
   Оранжевый
  </color>
  <material>
   Полиэстер
  </material>
  <price>
   895562
  </price>
  <rating>
   2.23
  </rating>
  <reviews>
   46606
  </reviews>
  <new>
   +
  </new>
  <exclusive>
   no
  </exclusive>
 </clothing>
 <clothing>
  <id>
   865030642
  </id>
  <name>
   Vans Handbags V-1148
  </name>
  <category>
   Handbags
  </category>
  <size>
   S
  </size>
  <color>
   Зеленый
  </color>
  <material>
   Лен
  </material>
  <price>
   249607
  </price>
  <rating>
   1.52
  </rating>
  <reviews>
   883993
  </reviews>
  <new>
   +
  </new>
 </clothing>
 <clothing>
  <id>
   231510416
  </id>
  <name>
   Under Armour Dress J-9600
  </name>
  <category>
   Dress
  </category>
  <size>
   XXL
  </size>
  <color>
   Голубой
  </color>
  <material>
   Лен
  </material>
  <price>
   862099
  </price>
  <rating>
   2.69
  </rating>
  <reviews>
   752151
  </reviews>
  <new>
   +
  </new>
  <exclusive>
   no
  </exclusive>
  <sporty>
   yes
  </sporty>
 </clothing>
 <clothing>
  <id>
   656389042
  </id>
  <name>
   Reebok Shoes E-8530
  </name>
  <category>
   Shoes
  </category>
  <size>
   XXL
  </size>
  <color>
   Красный
  </color>
  <material>
   Кожа
  </material>
  <price>
   710732
  </price>
  <rating>
   1.79
  </rating>
  <reviews>
   885849
  </reviews>
 </clothing>
 <clothing>
  <id>
   208017653
  </id>
  <name>
   Nike Umbrellas W-1670
  </name>
  <category>
   Umbrellas
  </category>
  <size>
   M
  </size>
  <color>
   Оранжевый
  </color>
  <material>
   Шерсть
  </material>
  <price>
   938609
  </price>
  <rating>
   3.17
  </rating>
  <reviews>
   130373
  </reviews>
  <new>
   -
  </new>
  <exclusive>
   no
  </exclusive>
 </clothing>
 <clothing>
  <id>
   975112944
  </id>
  <name>
   Puma Hat L-8831
  </name>
  <category>
   Hat
  </category>
  <size>
   L
  </size>
  <color>
   Оранжевый
  </color>
  <material>
   Кожа
  </material>
  <price>
   826233
  </price>
  <rating>
   4.09
  </rating>
  <reviews>
   435131
  </reviews>
  <sporty>
   yes
  </sporty>
 </clothing>
 <clothing>
  <id>
   461216885
  </id>
  <name>
   Asics Blouse H-1307
  </name>
  <category>
   Blouse
  </category>
  <size>
   M
  </size>
  <color>
   Зеленый
  </color>
  <material>
   Нейлон
  </material>
  <price>
   378259
  </price>
  <rating>
   2.16
  </rating>
  <reviews>
   528893
  </reviews>
  <new>
   +
  </new>
  <exclusive>
   yes
  </exclusive>
  <sporty>
   no
  </sporty>
 </clothing>
 <clothing>
  <id>
   976646954
  </id>
  <name>
   Vans Hat D-2324
  </name>
  <category>
   Hat
  </category>
  <size>
   XL
  </size>
  <color>
   Зеленый
  </color>
  <material>
   Нейлон
  </material>
  <price>
   855526
  </price>
  <rating>
   4.78
  </rating>
  <reviews>
   594923
  </reviews>
  <new>
   +
  </new>
  <exclusive>
   yes
  </exclusive>
 </clothing>
 <clothing>
  <id>
   916724741
  </id>
  <name>
   Under Armour T-shirt H-9335
  </name>
  <category>
   T-shirt
  </category>
  <size>
   L
  </size>
  <color>
   Зеленый
  </color>
  <material>
   Шерсть
  </material>
  <price>
   746119
  </price>
  <rating>
   4.7
  </rating>
  <reviews>
   152851
  </reviews>
  <new>
   -
  </new>
  <exclusive>
   no
  </exclusive>
  <sporty>
   no
  </sporty>
 </clothing>
 <clothing>
  <id>
   733705486
  </id>
  <name>
   Vans Umbrellas W-3453
  </name>
  <category>
   Umbrellas
  </category>
  <size>
   XL
  </size>
  <color>
   Синий
  </color>
  <material>
   Шерсть
  </material>
  <price>
   763823
  </price>
  <rating>
   1.99
  </rating>
  <reviews>
   638026
  </reviews>
  <new>
   +
  </new>
 </clothing>
 <clothing>
  <id>
   962437196
  </id>
  <name>
   Lacoste Shirt U-9629
  </name>
  <category>
   Shirt
  </category>
  <size>
   XXL
  </size>
  <color>
   Фиолетовый
  </color>
  <material>
   Хлопок
  </material>
  <price>
   928260
  </price>
  <rating>
   4.71
  </rating>
  <reviews>
   378942
  </reviews>
  <new>
   +
  </new>
 </clothing>
 <clothing>
  <id>
   621822086
  </id>
  <name>
   Converse Sweater T-3649
  </name>
  <category>
   Sweater
  </category>
  <size>
   L
  </size>
  <color>
   Красный
  </color>
  <material>
   Шелк
  </material>
  <price>
   425841
  </price>
  <rating>
   3.24
  </rating>
  <reviews>
   977763
  </reviews>
  <new>
   +
  </new>
  <exclusive>
   yes
  </exclusive>
  <sporty>
   no
  </sporty>
 </clothing>
 <clothing>
  <id>
   169040365
  </id>
  <name>
   Converse Belts O-4083
  </name>
  <category>
   Belts
  </category>
  <size>
   S
  </size>
  <color>
   Красный
  </color>
  <material>
   Шерсть
  </material>
  <price>
   866436
  </price>
  <rating>
   3.08
  </rating>
  <reviews>
   125607
  </reviews>
  <exclusive>
   yes
  </exclusive>
  <sporty>
   no
  </sporty>
 </clothing>
 <clothing>
  <id>
   342233251
  </id>
  <name>
   New Balance Jacket R-1963
  </name>
  <category>
   Jacket
  </category>
  <size>
   XXL
  </size>
  <color>
   Синий
  </color>
  <material>
   Шерсть
  </material>
  <price>
   325667
  </price>
  <rating>
   4.52
  </rating>
  <reviews>
   136652
  </reviews>
  <new>
   -
  </new>
  <exclusive>
   no
  </exclusive>
 </clothing>
 <clothing>
  <id>
   582150219
  </id>
  <name>
   Nike Belts Y-9527
  </name>
  <category>
   Belts
  </category>
  <size>
   XXL
  </size>
  <color>
   Фиолетовый
  </color>
  <material>
   Хлопок
  </material>
  <price>
   181272
  </price>
  <rating>
   4.36
  </rating>
  <reviews>
   797908
  </reviews>
  <new>
   -
  </new>
  <exclusive>
   no
  </exclusive>
  <sporty>
   yes
  </sporty>
 </clothing>
 <clothing>
  <id>
   632250702
  </id>
  <name>
   Asics Gloves T-1571
  </name>
  <category>
   Gloves
  </category>
  <size>
   S
  </size>
  <color>
   Фиолетовый
  </color>
  <material>
   Полиэстер
  </material>
  <price>
   787985
  </price>
  <rating>
   1.72
  </rating>
  <reviews>
   567138
  </reviews>
 </clothing>
 <clothing>
  <id>
   326070900
  </id>
  <name>
   Converse Shoes B-1014
  </name>
  <category>
   Shoes
  </category>
  <size>
   S
  </size>
  <color>
   Красный
  </color>
  <material>
   Хлопок
  </material>
  <price>
   387100
  </price>
  <rating>
   1.44
  </rating>
  <reviews>
   51669
  </reviews>
  <new>
   -
  </new>
  <exclusive>
   no
  </exclusive>
  <sporty>
   no
  </sporty>
 </clothing>
 <clothing>
  <id>
   433101422
  </id>
  <name>
   Lacoste T-shirt A-5020
  </name>
  <category>
   T-shirt
  </category>
  <size>
   M
  </size>
  <color>
   Синий
  </color>
  <material>
   Шелк
  </material>
  <price>
   379685
  </price>
  <rating>
   1.7
  </rating>
  <reviews>
   872959
  </reviews>
  <new>
   -
  </new>
 </clothing>
 <clothing>
  <id>
   891206018
  </id>
  <name>
   Addidas Shirt S-7395
  </name>
  <category>
   Shirt
  </category>
  <size>
   L
  </size>
  <color>
   Желтый
  </color>
  <material>
   Вискоза
  </material>
  <price>
   794863
  </price>
  <rating>
   2.97
  </rating>
  <reviews>
   113790
  </reviews>
  <new>
   -
  </new>
  <exclusive>
   yes
  </exclusive>
 </clothing>
 <clothing>
  <id>
   978694108
  </id>
  <name>
   Reebok Shoes I-8184
  </name>
  <category>
   Shoes
  </category>
  <size>
   XXL
  </size>
  <color>
   Зеленый
  </color>
  <material>
   Нейлон
  </material>
  <price>
   601409
  </price>
  <rating>
   4.6
  </rating>
  <reviews>
   57075
  </reviews>
  <new>
   +
  </new>
  <sporty>
   no
  </sporty>
 </clothing>
 <clothing>
  <id>
   445210508
  </id>
  <name>
   DC Sweater G-6982
  </name>
  <category>
   Sweater
  </category>
  <size>
   XXL
  </size>
  <color>
   Зеленый
  </color>
  <material>
   Полиэстер
  </material>
  <price>
   258398
  </price>
  <rating>
   1.62
  </rating>
  <reviews>
   869466
  </reviews>
  <exclusive>
   no
  </exclusive>
 </clothing>
</clothing-items>
