<?xml version="1.0" encoding="utf-8"?>
<clothing-items>
 <clothing>
  <id>
   497358053
  </id>
  <name>
   DC Jacket K-6968
  </name>
  <category>
   Jacket
  </category>
  <size>
   L
  </size>
  <color>
   Голубой
  </color>
  <material>
   Полиэстер
  </material>
  <price>
   769344
  </price>
  <rating>
   3.23
  </rating>
  <reviews>
   615892
  </reviews>
  <new>
   -
  </new>
 </clothing>
 <clothing>
  <id>
   907339817
  </id>
  <name>
   Nike T-shirt A-9407
  </name>
  <category>
   T-shirt
  </category>
  <size>
   L
  </size>
  <color>
   Красный
  </color>
  <material>
   Кожа
  </material>
  <price>
   375809
  </price>
  <rating>
   4.41
  </rating>
  <reviews>
   721248
  </reviews>
  <new>
   -
  </new>
  <exclusive>
   no
  </exclusive>
  <sporty>
   yes
  </sporty>
 </clothing>
 <clothing>
  <id>
   495486941
  </id>
  <name>
   Addidas Blouse P-5063
  </name>
  <category>
   Blouse
  </category>
  <size>
   M
  </size>
  <color>
   Синий
  </color>
  <material>
   Шерсть
  </material>
  <price>
   207141
  </price>
  <rating>
   4.96
  </rating>
  <reviews>
   223484
  </reviews>
  <new>
   -
  </new>
  <exclusive>
   no
  </exclusive>
 </clothing>
 <clothing>
  <id>
   863811399
  </id>
  <name>
   Puma Umbrellas J-1906
  </name>
  <category>
   Umbrellas
  </category>
  <size>
   S
  </size>
  <color>
   Фиолетовый
  </color>
  <material>
   Лен
  </material>
  <price>
   507114
  </price>
  <rating>
   4.96
  </rating>
  <reviews>
   779847
  </reviews>
  <exclusive>
   yes
  </exclusive>
 </clothing>
 <clothing>
  <id>
   612369941
  </id>
  <name>
   Vans Hat C-5042
  </name>
  <category>
   Hat
  </category>
  <size>
   L
  </size>
  <color>
   Синий
  </color>
  <material>
   Шерсть
  </material>
  <price>
   468150
  </price>
  <rating>
   3.83
  </rating>
  <reviews>
   405886
  </reviews>
  <sporty>
   yes
  </sporty>
 </clothing>
 <clothing>
  <id>
   868948857
  </id>
  <name>
   New Balance T-shirt H-1054
  </name>
  <category>
   T-shirt
  </category>
  <size>
   S
  </size>
  <color>
   Фиолетовый
  </color>
  <material>
   Кожа
  </material>
  <price>
   126822
  </price>
  <rating>
   1.79
  </rating>
  <reviews>
   21299
  </reviews>
  <new>
   -
  </new>
  <exclusive>
   no
  </exclusive>
 </clothing>
 <clothing>
  <id>
   723806988
  </id>
  <name>
   DC Skirt Z-5938
  </name>
  <category>
   Skirt
  </category>
  <size>
   XXL
  </size>
  <color>
   Фиолетовый
  </color>
  <material>
   Нейлон
  </material>
  <price>
   689894
  </price>
  <rating>
   4.26
  </rating>
  <reviews>
   404730
  </reviews>
  <exclusive>
   yes
  </exclusive>
  <sporty>
   no
  </sporty>
 </clothing>
 <clothing>
  <id>
   220230823
  </id>
  <name>
   DC Sweater A-7379
  </name>
  <category>
   Sweater
  </category>
  <size>
   M
  </size>
  <color>
   Зеленый
  </color>
  <material>
   Кожа
  </material>
  <price>
   261209
  </price>
  <rating>
   1.71
  </rating>
  <reviews>
   630914
  </reviews>
  <exclusive>
   yes
  </exclusive>
  <sporty>
   no
  </sporty>
 </clothing>
 <clothing>
  <id>
   483588614
  </id>
  <name>
   DC Shirt I-9518
  </name>
  <category>
   Shirt
  </category>
  <size>
   M
  </size>
  <color>
   Голубой
  </color>
  <material>
   Вискоза
  </material>
  <price>
   989078
  </price>
  <rating>
   2.02
  </rating>
  <reviews>
   288238
  </reviews>
  <new>
   -
  </new>
 </clothing>
 <clothing>
  <id>
   627478899
  </id>
  <name>
   Ellesse Gloves P-8819
  </name>
  <category>
   Gloves
  </category>
  <size>
   L
  </size>
  <color>
   Синий
  </color>
  <material>
   Полиэстер
  </material>
  <price>
   152685
  </price>
  <rating>
   3.09
  </rating>
  <reviews>
   358275
  </reviews>
  <exclusive>
   no
  </exclusive>
  <sporty>
   no
  </sporty>
 </clothing>
 <clothing>
  <id>
   208062616
  </id>
  <name>
   Lacoste Blouse Y-1474
  </name>
  <category>
   Blouse
  </category>
  <size>
   S
  </size>
  <color>
   Оранжевый
  </color>
  <material>
   Шерсть
  </material>
  <price>
   216024
  </price>
  <rating>
   4.12
  </rating>
  <reviews>
   265444
  </reviews>
  <new>
   -
  </new>
  <sporty>
   yes
  </sporty>
 </clothing>
 <clothing>
  <id>
   265127517
  </id>
  <name>
   Lacoste Blouse M-7090
  </name>
  <category>
   Blouse
  </category>
  <size>
   XL
  </size>
  <color>
   Зеленый
  </color>
  <material>
   Хлопок
  </material>
  <price>
   798803
  </price>
  <rating>
   4.34
  </rating>
  <reviews>
   27257
  </reviews>
  <exclusive>
   no
  </exclusive>
 </clothing>
 <clothing>
  <id>
   767398127
  </id>
  <name>
   Nike Gloves K-1179
  </name>
  <category>
   Gloves
  </category>
  <size>
   XXL
  </size>
  <color>
   Зеленый
  </color>
  <material>
   Шерсть
  </material>
  <price>
   366158
  </price>
  <rating>
   4.52
  </rating>
  <reviews>
   689096
  </reviews>
  <new>
   -
  </new>
 </clothing>
 <clothing>
  <id>
   941615083
  </id>
  <name>
   Puma Jeans H-4528
  </name>
  <category>
   Jeans
  </category>
  <size>
   M
  </size>
  <color>
   Фиолетовый
  </color>
  <material>
   Хлопок
  </material>
  <price>
   756814
  </price>
  <rating>
   4.43
  </rating>
  <reviews>
   708697
  </reviews>
  <exclusive>
   no
  </exclusive>
 </clothing>
 <clothing>
  <id>
   802993582
  </id>
  <name>
   PleinSport Shoes F-7704
  </name>
  <category>
   Shoes
  </category>
  <size>
   M
  </size>
  <color>
   Фиолетовый
  </color>
  <material>
   Хлопок
  </material>
  <price>
   616896
  </price>
  <rating>
   4.36
  </rating>
  <reviews>
   824975
  </reviews>
  <exclusive>
   no
  </exclusive>
  <sporty>
   yes
  </sporty>
 </clothing>
 <clothing>
  <id>
   385119498
  </id>
  <name>
   Ellesse Hat D-9515
  </name>
  <category>
   Hat
  </category>
  <size>
   M
  </size>
  <color>
   Оранжевый
  </color>
  <material>
   Лен
  </material>
  <price>
   117981
  </price>
  <rating>
   2.52
  </rating>
  <reviews>
   905334
  </reviews>
  <new>
   -
  </new>
  <sporty>
   yes
  </sporty>
 </clothing>
 <clothing>
  <id>
   160850645
  </id>
  <name>
   Vans Jacket D-6013
  </name>
  <category>
   Jacket
  </category>
  <size>
   XXL
  </size>
  <color>
   Красный
  </color>
  <material>
   Шелк
  </material>
  <price>
   566723
  </price>
  <rating>
   1.43
  </rating>
  <reviews>
   551136
  </reviews>
  <new>
   -
  </new>
  <sporty>
   yes
  </sporty>
 </clothing>
 <clothing>
  <id>
   970771560
  </id>
  <name>
   Addidas Umbrellas W-2033
  </name>
  <category>
   Umbrellas
  </category>
  <size>
   L
  </size>
  <color>
   Зеленый
  </color>
  <material>
   Хлопок
  </material>
  <price>
   311288
  </price>
  <rating>
   4.86
  </rating>
  <reviews>
   256866
  </reviews>
  <new>
   -
  </new>
  <sporty>
   yes
  </sporty>
 </clothing>
 <clothing>
  <id>
   493727799
  </id>
  <name>
   Under Armour Blouse X-2720
  </name>
  <category>
   Blouse
  </category>
  <size>
   XL
  </size>
  <color>
   Желтый
  </color>
  <material>
   Вискоза
  </material>
  <price>
   291696
  </price>
  <rating>
   4.06
  </rating>
  <reviews>
   275131
  </reviews>
  <sporty>
   no
  </sporty>
 </clothing>
 <clothing>
  <id>
   675698552
  </id>
  <name>
   Asics T-shirt Z-4093
  </name>
  <category>
   T-shirt
  </category>
  <size>
   L
  </size>
  <color>
   Зеленый
  </color>
  <material>
   Нейлон
  </material>
  <price>
   748710
  </price>
  <rating>
   1.7
  </rating>
  <reviews>
   261830
  </reviews>
  <new>
   -
  </new>
 </clothing>
 <clothing>
  <id>
   598703271
  </id>
  <name>
   Converse Blouse U-1727
  </name>
  <category>
   Blouse
  </category>
  <size>
   XXL
  </size>
  <color>
   Фиолетовый
  </color>
  <material>
   Нейлон
  </material>
  <price>
   419134
  </price>
  <rating>
   3.82
  </rating>
  <reviews>
   109372
  </reviews>
  <exclusive>
   no
  </exclusive>
  <sporty>
   no
  </sporty>
 </clothing>
 <clothing>
  <id>
   860850966
  </id>
  <name>
   Under Armour Jeans F-5826
  </name>
  <category>
   Jeans
  </category>
  <size>
   S
  </size>
  <color>
   Оранжевый
  </color>
  <material>
   Полиэстер
  </material>
  <price>
   313794
  </price>
  <rating>
   4.84
  </rating>
  <reviews>
   487239
  </reviews>
  <exclusive>
   no
  </exclusive>
  <sporty>
   no
  </sporty>
 </clothing>
 <clothing>
  <id>
   594448749
  </id>
  <name>
   Asics Sweater T-9868
  </name>
  <category>
   Sweater
  </category>
  <size>
   S
  </size>
  <color>
   Голубой
  </color>
  <material>
   Шелк
  </material>
  <price>
   634023
  </price>
  <rating>
   3.73
  </rating>
  <reviews>
   899008
  </reviews>
  <exclusive>
   no
  </exclusive>
  <sporty>
   no
  </sporty>
 </clothing>
 <clothing>
  <id>
   877040497
  </id>
  <name>
   Lacoste Umbrellas Y-8758
  </name>
  <category>
   Umbrellas
  </category>
  <size>
   L
  </size>
  <color>
   Красный
  </color>
  <material>
   Кожа
  </material>
  <price>
   777809
  </price>
  <rating>
   2.35
  </rating>
  <reviews>
   777320
  </reviews>
  <new>
   +
  </new>
  <sporty>
   yes
  </sporty>
 </clothing>
 <clothing>
  <id>
   532999583
  </id>
  <name>
   DC Shoes B-1956
  </name>
  <category>
   Shoes
  </category>
  <size>
   S
  </size>
  <color>
   Зеленый
  </color>
  <material>
   Нейлон
  </material>
  <price>
   983948
  </price>
  <rating>
   3.64
  </rating>
  <reviews>
   166864
  </reviews>
  <new>
   +
  </new>
  <sporty>
   yes
  </sporty>
 </clothing>
 <clothing>
  <id>
   618974797
  </id>
  <name>
   Brooks Pants C-3566
  </name>
  <category>
   Pants
  </category>
  <size>
   S
  </size>
  <color>
   Зеленый
  </color>
  <material>
   Полиэстер
  </material>
  <price>
   462032
  </price>
  <rating>
   4.98
  </rating>
  <reviews>
   686348
  </reviews>
  <new>
   -
  </new>
  <exclusive>
   yes
  </exclusive>
  <sporty>
   yes
  </sporty>
 </clothing>
 <clothing>
  <id>
   997640423
  </id>
  <name>
   Addidas Dress J-9642
  </name>
  <category>
   Dress
  </category>
  <size>
   M
  </size>
  <color>
   Голубой
  </color>
  <material>
   Нейлон
  </material>
  <price>
   836738
  </price>
  <rating>
   1.74
  </rating>
  <reviews>
   798406
  </reviews>
  <new>
   -
  </new>
 </clothing>
 <clothing>
  <id>
   488457315
  </id>
  <name>
   Adidas Handbags U-8166
  </name>
  <category>
   Handbags
  </category>
  <size>
   L
  </size>
  <color>
   Зеленый
  </color>
  <material>
   Шелк
  </material>
  <price>
   522456
  </price>
  <rating>
   2.73
  </rating>
  <reviews>
   851597
  </reviews>
  <new>
   -
  </new>
  <exclusive>
   no
  </exclusive>
  <sporty>
   yes
  </sporty>
 </clothing>
 <clothing>
  <id>
   639942850
  </id>
  <name>
   Nike Jeans Y-2396
  </name>
  <category>
   Jeans
  </category>
  <size>
   XL
  </size>
  <color>
   Оранжевый
  </color>
  <material>
   Нейлон
  </material>
  <price>
   849469
  </price>
  <rating>
   2.06
  </rating>
  <reviews>
   423738
  </reviews>
  <sporty>
   no
  </sporty>
 </clothing>
 <clothing>
  <id>
   744036861
  </id>
  <name>
   Lacoste Sweater S-7212
  </name>
  <category>
   Sweater
  </category>
  <size>
   L
  </size>
  <color>
   Красный
  </color>
  <material>
   Лен
  </material>
  <price>
   447998
  </price>
  <rating>
   3.69
  </rating>
  <reviews>
   630941
  </reviews>
  <new>
   -
  </new>
  <exclusive>
   yes
  </exclusive>
 </clothing>
 <clothing>
  <id>
   193439627
  </id>
  <name>
   Converse Skirt F-5722
  </name>
  <category>
   Skirt
  </category>
  <size>
   XL
  </size>
  <color>
   Синий
  </color>
  <material>
   Шерсть
  </material>
  <price>
   296075
  </price>
  <rating>
   2.18
  </rating>
  <reviews>
   74022
  </reviews>
  <exclusive>
   yes
  </exclusive>
  <sporty>
   no
  </sporty>
 </clothing>
 <clothing>
  <id>
   870844898
  </id>
  <name>
   Converse Pants D-7776
  </name>
  <category>
   Pants
  </category>
  <size>
   L
  </size>
  <color>
   Зеленый
  </color>
  <material>
   Хлопок
  </material>
  <price>
   101342
  </price>
  <rating>
   2.99
  </rating>
  <reviews>
   947979
  </reviews>
  <new>
   -
  </new>
  <sporty>
   yes
  </sporty>
 </clothing>
 <clothing>
  <id>
   715577516
  </id>
  <name>
   DC Skirt R-3664
  </name>
  <category>
   Skirt
  </category>
  <size>
   L
  </size>
  <color>
   Оранжевый
  </color>
  <material>
   Лен
  </material>
  <price>
   700896
  </price>
  <rating>
   5.0
  </rating>
  <reviews>
   695262
  </reviews>
  <exclusive>
   no
  </exclusive>
 </clothing>
 <clothing>
  <id>
   949655123
  </id>
  <name>
   New Balance Belts H-4209
  </name>
  <category>
   Belts
  </category>
  <size>
   XXL
  </size>
  <color>
   Желтый
  </color>
  <material>
   Шелк
  </material>
  <price>
   485774
  </price>
  <rating>
   2.23
  </rating>
  <reviews>
   138689
  </reviews>
  <new>
   -
  </new>
  <exclusive>
   yes
  </exclusive>
 </clothing>
 <clothing>
  <id>
   562075129
  </id>
  <name>
   Brooks Shirt H-7966
  </name>
  <category>
   Shirt
  </category>
  <size>
   S
  </size>
  <color>
   Желтый
  </color>
  <material>
   Кожа
  </material>
  <price>
   776132
  </price>
  <rating>
   3.61
  </rating>
  <reviews>
   155771
  </reviews>
  <new>
   -
  </new>
 </clothing>
 <clothing>
  <id>
   710278323
  </id>
  <name>
   Puma Belts E-2373
  </name>
  <category>
   Belts
  </category>
  <size>
   S
  </size>
  <color>
   Синий
  </color>
  <material>
   Полиэстер
  </material>
  <price>
   947395
  </price>
  <rating>
   1.62
  </rating>
  <reviews>
   488056
  </reviews>
  <new>
   -
  </new>
  <exclusive>
   no
  </exclusive>
 </clothing>
 <clothing>
  <id>
   790321195
  </id>
  <name>
   Addidas Skirt F-6554
  </name>
  <category>
   Skirt
  </category>
  <size>
   XL
  </size>
  <color>
   Голубой
  </color>
  <material>
   Полиэстер
  </material>
  <price>
   625485
  </price>
  <rating>
   1.29
  </rating>
  <reviews>
   381770
  </reviews>
  <new>
   +
  </new>
  <exclusive>
   no
  </exclusive>
  <sporty>
   no
  </sporty>
 </clothing>
</clothing-items>
