<?xml version="1.0" encoding="utf-8"?>
<clothing-items>
 <clothing>
  <id>
   511749151
  </id>
  <name>
   Adidas Hat Z-8603
  </name>
  <category>
   Hat
  </category>
  <size>
   L
  </size>
  <color>
   Желтый
  </color>
  <material>
   Кожа
  </material>
  <price>
   495319
  </price>
  <rating>
   1.34
  </rating>
  <reviews>
   568436
  </reviews>
  <exclusive>
   no
  </exclusive>
 </clothing>
 <clothing>
  <id>
   444008685
  </id>
  <name>
   Under Armour Umbrellas B-9762
  </name>
  <category>
   Umbrellas
  </category>
  <size>
   XL
  </size>
  <color>
   Фиолетовый
  </color>
  <material>
   Кожа
  </material>
  <price>
   219133
  </price>
  <rating>
   4.57
  </rating>
  <reviews>
   355423
  </reviews>
  <new>
   +
  </new>
  <sporty>
   yes
  </sporty>
 </clothing>
 <clothing>
  <id>
   573980057
  </id>
  <name>
   Nike Socks E-2034
  </name>
  <category>
   Socks
  </category>
  <size>
   XXL
  </size>
  <color>
   Красный
  </color>
  <material>
   Лен
  </material>
  <price>
   232911
  </price>
  <rating>
   1.23
  </rating>
  <reviews>
   772444
  </reviews>
  <sporty>
   yes
  </sporty>
 </clothing>
 <clothing>
  <id>
   998663451
  </id>
  <name>
   Vans Sweater J-3347
  </name>
  <category>
   Sweater
  </category>
  <size>
   XXL
  </size>
  <color>
   Красный
  </color>
  <material>
   Хлопок
  </material>
  <price>
   651339
  </price>
  <rating>
   3.93
  </rating>
  <reviews>
   289029
  </reviews>
  <new>
   -
  </new>
  <exclusive>
   no
  </exclusive>
 </clothing>
 <clothing>
  <id>
   901128037
  </id>
  <name>
   Fila Pants R-4840
  </name>
  <category>
   Pants
  </category>
  <size>
   XXL
  </size>
  <color>
   Зеленый
  </color>
  <material>
   Шерсть
  </material>
  <price>
   162398
  </price>
  <rating>
   2.85
  </rating>
  <reviews>
   860518
  </reviews>
  <new>
   -
  </new>
  <exclusive>
   no
  </exclusive>
  <sporty>
   no
  </sporty>
 </clothing>
 <clothing>
  <id>
   745762414
  </id>
  <name>
   Fila Socks C-6933
  </name>
  <category>
   Socks
  </category>
  <size>
   XL
  </size>
  <color>
   Зеленый
  </color>
  <material>
   Лен
  </material>
  <price>
   923747
  </price>
  <rating>
   3.2
  </rating>
  <reviews>
   388156
  </reviews>
  <new>
   +
  </new>
  <exclusive>
   yes
  </exclusive>
  <sporty>
   yes
  </sporty>
 </clothing>
 <clothing>
  <id>
   522489139
  </id>
  <name>
   Adidas Jeans N-5108
  </name>
  <category>
   Jeans
  </category>
  <size>
   L
  </size>
  <color>
   Фиолетовый
  </color>
  <material>
   Шерсть
  </material>
  <price>
   859811
  </price>
  <rating>
   4.28
  </rating>
  <reviews>
   982963
  </reviews>
  <new>
   -
  </new>
  <exclusive>
   no
  </exclusive>
  <sporty>
   no
  </sporty>
 </clothing>
 <clothing>
  <id>
   258585426
  </id>
  <name>
   Lacoste Pants X-7975
  </name>
  <category>
   Pants
  </category>
  <size>
   XL
  </size>
  <color>
   Голубой
  </color>
  <material>
   Лен
  </material>
  <price>
   950288
  </price>
  <rating>
   3.9
  </rating>
  <reviews>
   672162
  </reviews>
  <new>
   -
  </new>
  <sporty>
   no
  </sporty>
 </clothing>
 <clothing>
  <id>
   600624114
  </id>
  <name>
   Converse Shoes O-7931
  </name>
  <category>
   Shoes
  </category>
  <size>
   S
  </size>
  <color>
   Синий
  </color>
  <material>
   Шерсть
  </material>
  <price>
   662535
  </price>
  <rating>
   2.99
  </rating>
  <reviews>
   410128
  </reviews>
  <exclusive>
   no
  </exclusive>
  <sporty>
   yes
  </sporty>
 </clothing>
 <clothing>
  <id>
   991895540
  </id>
  <name>
   Vans Belts X-7667
  </name>
  <category>
   Belts
  </category>
  <size>
   XXL
  </size>
  <color>
   Голубой
  </color>
  <material>
   Кожа
  </material>
  <price>
   197294
  </price>
  <rating>
   3.61
  </rating>
  <reviews>
   263091
  </reviews>
  <new>
   +
  </new>
  <exclusive>
   no
  </exclusive>
 </clothing>
 <clothing>
  <id>
   461877767
  </id>
  <name>
   Fila Dress L-6977
  </name>
  <category>
   Dress
  </category>
  <size>
   S
  </size>
  <color>
   Голубой
  </color>
  <material>
   Шелк
  </material>
  <price>
   112560
  </price>
  <rating>
   1.49
  </rating>
  <reviews>
   897421
  </reviews>
  <new>
   -
  </new>
  <exclusive>
   yes
  </exclusive>
 </clothing>
 <clothing>
  <id>
   659190312
  </id>
  <name>
   Vans Jacket R-5416
  </name>
  <category>
   Jacket
  </category>
  <size>
   XXL
  </size>
  <color>
   Красный
  </color>
  <material>
   Кожа
  </material>
  <price>
   284429
  </price>
  <rating>
   4.65
  </rating>
  <reviews>
   409366
  </reviews>
  <exclusive>
   no
  </exclusive>
 </clothing>
 <clothing>
  <id>
   773486519
  </id>
  <name>
   Ellesse Skirt B-2276
  </name>
  <category>
   Skirt
  </category>
  <size>
   XL
  </size>
  <color>
   Голубой
  </color>
  <material>
   Полиэстер
  </material>
  <price>
   258051
  </price>
  <rating>
   4.43
  </rating>
  <reviews>
   494112
  </reviews>
  <exclusive>
   yes
  </exclusive>
 </clothing>
 <clothing>
  <id>
   417063495
  </id>
  <name>
   DC Umbrellas Q-9953
  </name>
  <category>
   Umbrellas
  </category>
  <size>
   XXL
  </size>
  <color>
   Голубой
  </color>
  <material>
   Шерсть
  </material>
  <price>
   925590
  </price>
  <rating>
   2.51
  </rating>
  <reviews>
   894745
  </reviews>
  <new>
   -
  </new>
  <exclusive>
   yes
  </exclusive>
 </clothing>
 <clothing>
  <id>
   670821661
  </id>
  <name>
   Brooks Jacket L-7796
  </name>
  <category>
   Jacket
  </category>
  <size>
   S
  </size>
  <color>
   Желтый
  </color>
  <material>
   Нейлон
  </material>
  <price>
   980235
  </price>
  <rating>
   3.63
  </rating>
  <reviews>
   441266
  </reviews>
  <new>
   +
  </new>
 </clothing>
 <clothing>
  <id>
   106270143
  </id>
  <name>
   Converse T-shirt P-5683
  </name>
  <category>
   T-shirt
  </category>
  <size>
   XL
  </size>
  <color>
   Синий
  </color>
  <material>
   Кожа
  </material>
  <price>
   794622
  </price>
  <rating>
   1.54
  </rating>
  <reviews>
   562351
  </reviews>
  <new>
   -
  </new>
  <exclusive>
   yes
  </exclusive>
  <sporty>
   yes
  </sporty>
 </clothing>
 <clothing>
  <id>
   296566439
  </id>
  <name>
   Addidas T-shirt U-3177
  </name>
  <category>
   T-shirt
  </category>
  <size>
   L
  </size>
  <color>
   Оранжевый
  </color>
  <material>
   Кожа
  </material>
  <price>
   968767
  </price>
  <rating>
   4.2
  </rating>
  <reviews>
   791631
  </reviews>
  <new>
   +
  </new>
  <exclusive>
   yes
  </exclusive>
  <sporty>
   no
  </sporty>
 </clothing>
 <clothing>
  <id>
   885703408
  </id>
  <name>
   Fila Skirt M-9266
  </name>
  <category>
   Skirt
  </category>
  <size>
   XL
  </size>
  <color>
   Фиолетовый
  </color>
  <material>
   Хлопок
  </material>
  <price>
   672611
  </price>
  <rating>
   3.1
  </rating>
  <reviews>
   526618
  </reviews>
  <new>
   +
  </new>
  <exclusive>
   no
  </exclusive>
  <sporty>
   no
  </sporty>
 </clothing>
 <clothing>
  <id>
   517221929
  </id>
  <name>
   DC Blouse T-3307
  </name>
  <category>
   Blouse
  </category>
  <size>
   XXL
  </size>
  <color>
   Зеленый
  </color>
  <material>
   Шелк
  </material>
  <price>
   953468
  </price>
  <rating>
   1.47
  </rating>
  <reviews>
   861051
  </reviews>
  <new>
   -
  </new>
 </clothing>
 <clothing>
  <id>
   951087494
  </id>
  <name>
   Brooks Pants Q-1062
  </name>
  <category>
   Pants
  </category>
  <size>
   L
  </size>
  <color>
   Зеленый
  </color>
  <material>
   Хлопок
  </material>
  <price>
   391708
  </price>
  <rating>
   2.74
  </rating>
  <reviews>
   357171
  </reviews>
  <new>
   -
  </new>
  <exclusive>
   no
  </exclusive>
  <sporty>
   no
  </sporty>
 </clothing>
</clothing-items>
