<?xml version="1.0" encoding="utf-8"?>
<clothing-items>
 <clothing>
  <id>
   755773357
  </id>
  <name>
   Reebok Belts I-4424
  </name>
  <category>
   Belts
  </category>
  <size>
   M
  </size>
  <color>
   Голубой
  </color>
  <material>
   Вискоза
  </material>
  <price>
   452476
  </price>
  <rating>
   2.6
  </rating>
  <reviews>
   363263
  </reviews>
  <new>
   -
  </new>
 </clothing>
 <clothing>
  <id>
   738174883
  </id>
  <name>
   Asics Skirt N-7358
  </name>
  <category>
   Skirt
  </category>
  <size>
   XL
  </size>
  <color>
   Зеленый
  </color>
  <material>
   Шерсть
  </material>
  <price>
   320622
  </price>
  <rating>
   4.86
  </rating>
  <reviews>
   771612
  </reviews>
  <new>
   -
  </new>
  <sporty>
   no
  </sporty>
 </clothing>
 <clothing>
  <id>
   904776096
  </id>
  <name>
   Lacoste Shirt P-4737
  </name>
  <category>
   Shirt
  </category>
  <size>
   XXL
  </size>
  <color>
   Фиолетовый
  </color>
  <material>
   Полиэстер
  </material>
  <price>
   238365
  </price>
  <rating>
   3.6
  </rating>
  <reviews>
   985167
  </reviews>
  <new>
   +
  </new>
  <exclusive>
   yes
  </exclusive>
 </clothing>
 <clothing>
  <id>
   315000445
  </id>
  <name>
   Lacoste Handbags D-5530
  </name>
  <category>
   Handbags
  </category>
  <size>
   XXL
  </size>
  <color>
   Зеленый
  </color>
  <material>
   Шелк
  </material>
  <price>
   182341
  </price>
  <rating>
   2.8
  </rating>
  <reviews>
   941896
  </reviews>
  <sporty>
   yes
  </sporty>
 </clothing>
 <clothing>
  <id>
   458839011
  </id>
  <name>
   Reebok Gloves T-9845
  </name>
  <category>
   Gloves
  </category>
  <size>
   L
  </size>
  <color>
   Зеленый
  </color>
  <material>
   Лен
  </material>
  <price>
   331408
  </price>
  <rating>
   1.46
  </rating>
  <reviews>
   979332
  </reviews>
  <exclusive>
   no
  </exclusive>
 </clothing>
 <clothing>
  <id>
   775115769
  </id>
  <name>
   Puma Blouse H-2238
  </name>
  <category>
   Blouse
  </category>
  <size>
   L
  </size>
  <color>
   Оранжевый
  </color>
  <material>
   Нейлон
  </material>
  <price>
   349792
  </price>
  <rating>
   2.19
  </rating>
  <reviews>
   456849
  </reviews>
 </clothing>
 <clothing>
  <id>
   583023200
  </id>
  <name>
   Nike Hat V-2371
  </name>
  <category>
   Hat
  </category>
  <size>
   XXL
  </size>
  <color>
   Зеленый
  </color>
  <material>
   Шелк
  </material>
  <price>
   624434
  </price>
  <rating>
   1.12
  </rating>
  <reviews>
   73557
  </reviews>
  <exclusive>
   yes
  </exclusive>
 </clothing>
 <clothing>
  <id>
   274556378
  </id>
  <name>
   Under Armour Umbrellas L-8652
  </name>
  <category>
   Umbrellas
  </category>
  <size>
   M
  </size>
  <color>
   Синий
  </color>
  <material>
   Нейлон
  </material>
  <price>
   180032
  </price>
  <rating>
   2.86
  </rating>
  <reviews>
   354279
  </reviews>
  <new>
   -
  </new>
 </clothing>
 <clothing>
  <id>
   100340223
  </id>
  <name>
   New Balance Jeans H-3365
  </name>
  <category>
   Jeans
  </category>
  <size>
   S
  </size>
  <color>
   Зеленый
  </color>
  <material>
   Лен
  </material>
  <price>
   900980
  </price>
  <rating>
   4.04
  </rating>
  <reviews>
   363583
  </reviews>
  <new>
   -
  </new>
  <exclusive>
   yes
  </exclusive>
  <sporty>
   no
  </sporty>
 </clothing>
 <clothing>
  <id>
   793418250
  </id>
  <name>
   New Balance Umbrellas U-6010
  </name>
  <category>
   Umbrellas
  </category>
  <size>
   M
  </size>
  <color>
   Зеленый
  </color>
  <material>
   Хлопок
  </material>
  <price>
   374742
  </price>
  <rating>
   1.48
  </rating>
  <reviews>
   223675
  </reviews>
  <new>
   -
  </new>
  <sporty>
   no
  </sporty>
 </clothing>
 <clothing>
  <id>
   743209967
  </id>
  <name>
   Fila Blouse F-5575
  </name>
  <category>
   Blouse
  </category>
  <size>
   M
  </size>
  <color>
   Оранжевый
  </color>
  <material>
   Хлопок
  </material>
  <price>
   205784
  </price>
  <rating>
   2.34
  </rating>
  <reviews>
   511746
  </reviews>
  <new>
   -
  </new>
  <exclusive>
   yes
  </exclusive>
  <sporty>
   no
  </sporty>
 </clothing>
 <clothing>
  <id>
   905274892
  </id>
  <name>
   Ellesse Socks T-7198
  </name>
  <category>
   Socks
  </category>
  <size>
   L
  </size>
  <color>
   Фиолетовый
  </color>
  <material>
   Вискоза
  </material>
  <price>
   762679
  </price>
  <rating>
   2.89
  </rating>
  <reviews>
   910100
  </reviews>
  <new>
   -
  </new>
 </clothing>
 <clothing>
  <id>
   705980560
  </id>
  <name>
   Reebok T-shirt A-8677
  </name>
  <category>
   T-shirt
  </category>
  <size>
   XL
  </size>
  <color>
   Красный
  </color>
  <material>
   Нейлон
  </material>
  <price>
   996510
  </price>
  <rating>
   1.4
  </rating>
  <reviews>
   757178
  </reviews>
  <new>
   -
  </new>
 </clothing>
 <clothing>
  <id>
   471846139
  </id>
  <name>
   Brooks Handbags U-3396
  </name>
  <category>
   Handbags
  </category>
  <size>
   S
  </size>
  <color>
   Фиолетовый
  </color>
  <material>
   Лен
  </material>
  <price>
   258014
  </price>
  <rating>
   3.89
  </rating>
  <reviews>
   637505
  </reviews>
  <new>
   +
  </new>
  <sporty>
   no
  </sporty>
 </clothing>
 <clothing>
  <id>
   551826756
  </id>
  <name>
   Under Armour Shoes O-6360
  </name>
  <category>
   Shoes
  </category>
  <size>
   M
  </size>
  <color>
   Синий
  </color>
  <material>
   Вискоза
  </material>
  <price>
   766383
  </price>
  <rating>
   2.52
  </rating>
  <reviews>
   924126
  </reviews>
  <new>
   -
  </new>
  <sporty>
   no
  </sporty>
 </clothing>
</clothing-items>
