<?xml version="1.0" encoding="utf-8"?>
<clothing-items>
 <clothing>
  <id>
   115792778
  </id>
  <name>
   DC Dress Q-7993
  </name>
  <category>
   Dress
  </category>
  <size>
   XL
  </size>
  <color>
   Зеленый
  </color>
  <material>
   Нейлон
  </material>
  <price>
   901838
  </price>
  <rating>
   1.11
  </rating>
  <reviews>
   462483
  </reviews>
  <new>
   +
  </new>
  <exclusive>
   yes
  </exclusive>
  <sporty>
   no
  </sporty>
 </clothing>
 <clothing>
  <id>
   854834046
  </id>
  <name>
   Puma Jacket R-2754
  </name>
  <category>
   Jacket
  </category>
  <size>
   XXL
  </size>
  <color>
   Синий
  </color>
  <material>
   Вискоза
  </material>
  <price>
   190947
  </price>
  <rating>
   3.82
  </rating>
  <reviews>
   48594
  </reviews>
  <new>
   -
  </new>
  <sporty>
   yes
  </sporty>
 </clothing>
 <clothing>
  <id>
   800687456
  </id>
  <name>
   Lacoste Sweater F-4094
  </name>
  <category>
   Sweater
  </category>
  <size>
   L
  </size>
  <color>
   Красный
  </color>
  <material>
   Шелк
  </material>
  <price>
   349297
  </price>
  <rating>
   1.1
  </rating>
  <reviews>
   174429
  </reviews>
  <new>
   +
  </new>
  <exclusive>
   no
  </exclusive>
  <sporty>
   yes
  </sporty>
 </clothing>
 <clothing>
  <id>
   720953100
  </id>
  <name>
   Ellesse Pants M-2842
  </name>
  <category>
   Pants
  </category>
  <size>
   XXL
  </size>
  <color>
   Красный
  </color>
  <material>
   Кожа
  </material>
  <price>
   112746
  </price>
  <rating>
   2.75
  </rating>
  <reviews>
   358670
  </reviews>
  <new>
   +
  </new>
  <exclusive>
   yes
  </exclusive>
  <sporty>
   no
  </sporty>
 </clothing>
 <clothing>
  <id>
   445075955
  </id>
  <name>
   Vans Hat V-6214
  </name>
  <category>
   Hat
  </category>
  <size>
   XL
  </size>
  <color>
   Зеленый
  </color>
  <material>
   Полиэстер
  </material>
  <price>
   602865
  </price>
  <rating>
   2.9
  </rating>
  <reviews>
   249221
  </reviews>
  <exclusive>
   yes
  </exclusive>
  <sporty>
   yes
  </sporty>
 </clothing>
 <clothing>
  <id>
   622558505
  </id>
  <name>
   DC Skirt I-2979
  </name>
  <category>
   Skirt
  </category>
  <size>
   M
  </size>
  <color>
   Желтый
  </color>
  <material>
   Вискоза
  </material>
  <price>
   756877
  </price>
  <rating>
   3.59
  </rating>
  <reviews>
   774777
  </reviews>
  <new>
   +
  </new>
  <exclusive>
   yes
  </exclusive>
 </clothing>
 <clothing>
  <id>
   589751151
  </id>
  <name>
   Vans Skirt F-9444
  </name>
  <category>
   Skirt
  </category>
  <size>
   S
  </size>
  <color>
   Зеленый
  </color>
  <material>
   Шерсть
  </material>
  <price>
   401265
  </price>
  <rating>
   1.29
  </rating>
  <reviews>
   421015
  </reviews>
  <new>
   -
  </new>
  <exclusive>
   no
  </exclusive>
 </clothing>
 <clothing>
  <id>
   150980480
  </id>
  <name>
   Nike T-shirt S-1701
  </name>
  <category>
   T-shirt
  </category>
  <size>
   XL
  </size>
  <color>
   Фиолетовый
  </color>
  <material>
   Полиэстер
  </material>
  <price>
   951752
  </price>
  <rating>
   4.74
  </rating>
  <reviews>
   776024
  </reviews>
  <new>
   -
  </new>
  <exclusive>
   yes
  </exclusive>
  <sporty>
   no
  </sporty>
 </clothing>
 <clothing>
  <id>
   120061214
  </id>
  <name>
   Under Armour Skirt I-7146
  </name>
  <category>
   Skirt
  </category>
  <size>
   L
  </size>
  <color>
   Голубой
  </color>
  <material>
   Полиэстер
  </material>
  <price>
   821891
  </price>
  <rating>
   3.13
  </rating>
  <reviews>
   246437
  </reviews>
  <sporty>
   no
  </sporty>
 </clothing>
 <clothing>
  <id>
   574016926
  </id>
  <name>
   Ellesse Gloves W-6384
  </name>
  <category>
   Gloves
  </category>
  <size>
   M
  </size>
  <color>
   Красный
  </color>
  <material>
   Лен
  </material>
  <price>
   733664
  </price>
  <rating>
   1.25
  </rating>
  <reviews>
   660814
  </reviews>
  <sporty>
   yes
  </sporty>
 </clothing>
 <clothing>
  <id>
   856041899
  </id>
  <name>
   Nike Umbrellas P-8951
  </name>
  <category>
   Umbrellas
  </category>
  <size>
   XXL
  </size>
  <color>
   Желтый
  </color>
  <material>
   Кожа
  </material>
  <price>
   198180
  </price>
  <rating>
   2.75
  </rating>
  <reviews>
   315405
  </reviews>
  <new>
   +
  </new>
  <sporty>
   no
  </sporty>
 </clothing>
 <clothing>
  <id>
   862217513
  </id>
  <name>
   Nike Jacket Z-3483
  </name>
  <category>
   Jacket
  </category>
  <size>
   L
  </size>
  <color>
   Красный
  </color>
  <material>
   Хлопок
  </material>
  <price>
   287853
  </price>
  <rating>
   3.22
  </rating>
  <reviews>
   224856
  </reviews>
  <new>
   +
  </new>
  <exclusive>
   no
  </exclusive>
  <sporty>
   yes
  </sporty>
 </clothing>
 <clothing>
  <id>
   276085987
  </id>
  <name>
   Adidas T-shirt V-8778
  </name>
  <category>
   T-shirt
  </category>
  <size>
   XXL
  </size>
  <color>
   Фиолетовый
  </color>
  <material>
   Лен
  </material>
  <price>
   969601
  </price>
  <rating>
   1.07
  </rating>
  <reviews>
   314503
  </reviews>
 </clothing>
 <clothing>
  <id>
   750844237
  </id>
  <name>
   Asics Belts V-5108
  </name>
  <category>
   Belts
  </category>
  <size>
   M
  </size>
  <color>
   Желтый
  </color>
  <material>
   Кожа
  </material>
  <price>
   692897
  </price>
  <rating>
   3.88
  </rating>
  <reviews>
   810573
  </reviews>
  <new>
   +
  </new>
  <exclusive>
   no
  </exclusive>
 </clothing>
 <clothing>
  <id>
   672464060
  </id>
  <name>
   Lacoste Umbrellas P-3740
  </name>
  <category>
   Umbrellas
  </category>
  <size>
   L
  </size>
  <color>
   Синий
  </color>
  <material>
   Кожа
  </material>
  <price>
   493214
  </price>
  <rating>
   1.94
  </rating>
  <reviews>
   81072
  </reviews>
  <new>
   -
  </new>
  <exclusive>
   no
  </exclusive>
  <sporty>
   no
  </sporty>
 </clothing>
 <clothing>
  <id>
   836894434
  </id>
  <name>
   Fila Shirt B-4227
  </name>
  <category>
   Shirt
  </category>
  <size>
   S
  </size>
  <color>
   Красный
  </color>
  <material>
   Лен
  </material>
  <price>
   490052
  </price>
  <rating>
   2.51
  </rating>
  <reviews>
   117110
  </reviews>
  <new>
   -
  </new>
  <sporty>
   no
  </sporty>
 </clothing>
 <clothing>
  <id>
   257259429
  </id>
  <name>
   Lacoste Shirt M-5343
  </name>
  <category>
   Shirt
  </category>
  <size>
   S
  </size>
  <color>
   Желтый
  </color>
  <material>
   Лен
  </material>
  <price>
   258961
  </price>
  <rating>
   1.65
  </rating>
  <reviews>
   847655
  </reviews>
  <exclusive>
   yes
  </exclusive>
  <sporty>
   no
  </sporty>
 </clothing>
 <clothing>
  <id>
   309943577
  </id>
  <name>
   Nike Umbrellas C-5899
  </name>
  <category>
   Umbrellas
  </category>
  <size>
   S
  </size>
  <color>
   Желтый
  </color>
  <material>
   Шерсть
  </material>
  <price>
   929472
  </price>
  <rating>
   1.47
  </rating>
  <reviews>
   417229
  </reviews>
  <new>
   -
  </new>
  <exclusive>
   yes
  </exclusive>
 </clothing>
 <clothing>
  <id>
   721669406
  </id>
  <name>
   New Balance Skirt Z-9613
  </name>
  <category>
   Skirt
  </category>
  <size>
   M
  </size>
  <color>
   Оранжевый
  </color>
  <material>
   Шелк
  </material>
  <price>
   447251
  </price>
  <rating>
   2.99
  </rating>
  <reviews>
   769951
  </reviews>
  <exclusive>
   no
  </exclusive>
 </clothing>
 <clothing>
  <id>
   710116377
  </id>
  <name>
   PleinSport Handbags X-2684
  </name>
  <category>
   Handbags
  </category>
  <size>
   M
  </size>
  <color>
   Оранжевый
  </color>
  <material>
   Шелк
  </material>
  <price>
   677681
  </price>
  <rating>
   3.08
  </rating>
  <reviews>
   955523
  </reviews>
  <new>
   -
  </new>
  <sporty>
   no
  </sporty>
 </clothing>
 <clothing>
  <id>
   526869570
  </id>
  <name>
   Vans Pants T-1666
  </name>
  <category>
   Pants
  </category>
  <size>
   L
  </size>
  <color>
   Оранжевый
  </color>
  <material>
   Нейлон
  </material>
  <price>
   933834
  </price>
  <rating>
   3.77
  </rating>
  <reviews>
   715097
  </reviews>
  <new>
   +
  </new>
  <sporty>
   yes
  </sporty>
 </clothing>
</clothing-items>
