<?xml version="1.0" encoding="utf-8"?>
<clothing-items>
 <clothing>
  <id>
   264900668
  </id>
  <name>
   Ellesse Jeans D-3609
  </name>
  <category>
   Jeans
  </category>
  <size>
   S
  </size>
  <color>
   Фиолетовый
  </color>
  <material>
   Хлопок
  </material>
  <price>
   319142
  </price>
  <rating>
   3.6
  </rating>
  <reviews>
   587985
  </reviews>
  <new>
   -
  </new>
  <exclusive>
   no
  </exclusive>
  <sporty>
   no
  </sporty>
 </clothing>
 <clothing>
  <id>
   481719227
  </id>
  <name>
   DC Skirt U-8300
  </name>
  <category>
   Skirt
  </category>
  <size>
   XXL
  </size>
  <color>
   Желтый
  </color>
  <material>
   Лен
  </material>
  <price>
   119136
  </price>
  <rating>
   3.0
  </rating>
  <reviews>
   949023
  </reviews>
  <exclusive>
   no
  </exclusive>
  <sporty>
   yes
  </sporty>
 </clothing>
 <clothing>
  <id>
   969595076
  </id>
  <name>
   Puma Pants Y-5077
  </name>
  <category>
   Pants
  </category>
  <size>
   M
  </size>
  <color>
   Желтый
  </color>
  <material>
   Лен
  </material>
  <price>
   777781
  </price>
  <rating>
   2.91
  </rating>
  <reviews>
   879838
  </reviews>
  <exclusive>
   no
  </exclusive>
 </clothing>
 <clothing>
  <id>
   616144202
  </id>
  <name>
   Lacoste T-shirt A-4401
  </name>
  <category>
   T-shirt
  </category>
  <size>
   S
  </size>
  <color>
   Фиолетовый
  </color>
  <material>
   Вискоза
  </material>
  <price>
   687660
  </price>
  <rating>
   4.67
  </rating>
  <reviews>
   569048
  </reviews>
 </clothing>
 <clothing>
  <id>
   803360912
  </id>
  <name>
   Asics Gloves L-8314
  </name>
  <category>
   Gloves
  </category>
  <size>
   XL
  </size>
  <color>
   Зеленый
  </color>
  <material>
   Вискоза
  </material>
  <price>
   621036
  </price>
  <rating>
   4.01
  </rating>
  <reviews>
   616160
  </reviews>
  <new>
   +
  </new>
 </clothing>
 <clothing>
  <id>
   335834946
  </id>
  <name>
   Nike Shoes O-6412
  </name>
  <category>
   Shoes
  </category>
  <size>
   XL
  </size>
  <color>
   Синий
  </color>
  <material>
   Шерсть
  </material>
  <price>
   575277
  </price>
  <rating>
   4.65
  </rating>
  <reviews>
   291532
  </reviews>
  <exclusive>
   yes
  </exclusive>
  <sporty>
   no
  </sporty>
 </clothing>
 <clothing>
  <id>
   854538318
  </id>
  <name>
   Fila Jeans G-7570
  </name>
  <category>
   Jeans
  </category>
  <size>
   XL
  </size>
  <color>
   Фиолетовый
  </color>
  <material>
   Нейлон
  </material>
  <price>
   734801
  </price>
  <rating>
   3.92
  </rating>
  <reviews>
   528306
  </reviews>
  <exclusive>
   yes
  </exclusive>
  <sporty>
   yes
  </sporty>
 </clothing>
 <clothing>
  <id>
   938296793
  </id>
  <name>
   Vans Jacket W-4050
  </name>
  <category>
   Jacket
  </category>
  <size>
   L
  </size>
  <color>
   Голубой
  </color>
  <material>
   Хлопок
  </material>
  <price>
   861912
  </price>
  <rating>
   1.85
  </rating>
  <reviews>
   910953
  </reviews>
  <new>
   +
  </new>
  <exclusive>
   yes
  </exclusive>
 </clothing>
 <clothing>
  <id>
   763676952
  </id>
  <name>
   Fila Hat Y-8116
  </name>
  <category>
   Hat
  </category>
  <size>
   M
  </size>
  <color>
   Фиолетовый
  </color>
  <material>
   Кожа
  </material>
  <price>
   371638
  </price>
  <rating>
   4.14
  </rating>
  <reviews>
   437599
  </reviews>
  <new>
   +
  </new>
  <sporty>
   yes
  </sporty>
 </clothing>
 <clothing>
  <id>
   764008522
  </id>
  <name>
   Puma Jacket K-6733
  </name>
  <category>
   Jacket
  </category>
  <size>
   L
  </size>
  <color>
   Голубой
  </color>
  <material>
   Шерсть
  </material>
  <price>
   290287
  </price>
  <rating>
   3.83
  </rating>
  <reviews>
   763072
  </reviews>
  <new>
   +
  </new>
  <exclusive>
   no
  </exclusive>
  <sporty>
   yes
  </sporty>
 </clothing>
 <clothing>
  <id>
   126465542
  </id>
  <name>
   Nike Dress T-7319
  </name>
  <category>
   Dress
  </category>
  <size>
   XL
  </size>
  <color>
   Оранжевый
  </color>
  <material>
   Хлопок
  </material>
  <price>
   162880
  </price>
  <rating>
   3.17
  </rating>
  <reviews>
   900466
  </reviews>
  <new>
   -
  </new>
  <exclusive>
   no
  </exclusive>
  <sporty>
   yes
  </sporty>
 </clothing>
 <clothing>
  <id>
   486840321
  </id>
  <name>
   Addidas Dress H-1202
  </name>
  <category>
   Dress
  </category>
  <size>
   XL
  </size>
  <color>
   Зеленый
  </color>
  <material>
   Шелк
  </material>
  <price>
   893906
  </price>
  <rating>
   4.4
  </rating>
  <reviews>
   691671
  </reviews>
  <sporty>
   no
  </sporty>
 </clothing>
 <clothing>
  <id>
   289331932
  </id>
  <name>
   Converse T-shirt E-1288
  </name>
  <category>
   T-shirt
  </category>
  <size>
   XXL
  </size>
  <color>
   Желтый
  </color>
  <material>
   Кожа
  </material>
  <price>
   123364
  </price>
  <rating>
   3.46
  </rating>
  <reviews>
   997536
  </reviews>
  <sporty>
   no
  </sporty>
 </clothing>
 <clothing>
  <id>
   229343592
  </id>
  <name>
   Under Armour Umbrellas D-3996
  </name>
  <category>
   Umbrellas
  </category>
  <size>
   M
  </size>
  <color>
   Красный
  </color>
  <material>
   Хлопок
  </material>
  <price>
   422978
  </price>
  <rating>
   1.89
  </rating>
  <reviews>
   847836
  </reviews>
  <new>
   +
  </new>
  <exclusive>
   no
  </exclusive>
  <sporty>
   no
  </sporty>
 </clothing>
 <clothing>
  <id>
   207426578
  </id>
  <name>
   Puma Gloves E-2541
  </name>
  <category>
   Gloves
  </category>
  <size>
   XL
  </size>
  <color>
   Зеленый
  </color>
  <material>
   Вискоза
  </material>
  <price>
   622215
  </price>
  <rating>
   4.23
  </rating>
  <reviews>
   905787
  </reviews>
  <sporty>
   no
  </sporty>
 </clothing>
 <clothing>
  <id>
   408000173
  </id>
  <name>
   Reebok T-shirt I-2108
  </name>
  <category>
   T-shirt
  </category>
  <size>
   M
  </size>
  <color>
   Красный
  </color>
  <material>
   Шелк
  </material>
  <price>
   618054
  </price>
  <rating>
   1.28
  </rating>
  <reviews>
   694815
  </reviews>
 </clothing>
 <clothing>
  <id>
   203676528
  </id>
  <name>
   DC Hat S-2920
  </name>
  <category>
   Hat
  </category>
  <size>
   XXL
  </size>
  <color>
   Синий
  </color>
  <material>
   Нейлон
  </material>
  <price>
   289533
  </price>
  <rating>
   3.29
  </rating>
  <reviews>
   60308
  </reviews>
  <new>
   +
  </new>
  <sporty>
   no
  </sporty>
 </clothing>
 <clothing>
  <id>
   356415181
  </id>
  <name>
   Addidas Shirt M-7410
  </name>
  <category>
   Shirt
  </category>
  <size>
   XXL
  </size>
  <color>
   Голубой
  </color>
  <material>
   Полиэстер
  </material>
  <price>
   245011
  </price>
  <rating>
   3.29
  </rating>
  <reviews>
   413826
  </reviews>
  <exclusive>
   yes
  </exclusive>
  <sporty>
   no
  </sporty>
 </clothing>
 <clothing>
  <id>
   369986610
  </id>
  <name>
   Lacoste Pants T-3504
  </name>
  <category>
   Pants
  </category>
  <size>
   S
  </size>
  <color>
   Синий
  </color>
  <material>
   Вискоза
  </material>
  <price>
   458866
  </price>
  <rating>
   4.86
  </rating>
  <reviews>
   720891
  </reviews>
  <new>
   +
  </new>
  <exclusive>
   no
  </exclusive>
 </clothing>
 <clothing>
  <id>
   921346220
  </id>
  <name>
   Vans Socks V-1703
  </name>
  <category>
   Socks
  </category>
  <size>
   S
  </size>
  <color>
   Оранжевый
  </color>
  <material>
   Шерсть
  </material>
  <price>
   323057
  </price>
  <rating>
   3.03
  </rating>
  <reviews>
   686988
  </reviews>
  <new>
   +
  </new>
  <exclusive>
   no
  </exclusive>
  <sporty>
   yes
  </sporty>
 </clothing>
 <clothing>
  <id>
   124729895
  </id>
  <name>
   New Balance Dress Z-3027
  </name>
  <category>
   Dress
  </category>
  <size>
   L
  </size>
  <color>
   Синий
  </color>
  <material>
   Нейлон
  </material>
  <price>
   114105
  </price>
  <rating>
   4.7
  </rating>
  <reviews>
   448953
  </reviews>
  <new>
   -
  </new>
  <exclusive>
   no
  </exclusive>
  <sporty>
   yes
  </sporty>
 </clothing>
 <clothing>
  <id>
   934406120
  </id>
  <name>
   Puma Socks H-3333
  </name>
  <category>
   Socks
  </category>
  <size>
   XL
  </size>
  <color>
   Желтый
  </color>
  <material>
   Кожа
  </material>
  <price>
   791903
  </price>
  <rating>
   2.84
  </rating>
  <reviews>
   218222
  </reviews>
  <new>
   -
  </new>
  <sporty>
   yes
  </sporty>
 </clothing>
 <clothing>
  <id>
   532355281
  </id>
  <name>
   PleinSport Shirt J-7234
  </name>
  <category>
   Shirt
  </category>
  <size>
   XXL
  </size>
  <color>
   Оранжевый
  </color>
  <material>
   Шерсть
  </material>
  <price>
   654418
  </price>
  <rating>
   4.36
  </rating>
  <reviews>
   689622
  </reviews>
  <sporty>
   yes
  </sporty>
 </clothing>
 <clothing>
  <id>
   237735664
  </id>
  <name>
   Adidas Shirt Q-4847
  </name>
  <category>
   Shirt
  </category>
  <size>
   S
  </size>
  <color>
   Зеленый
  </color>
  <material>
   Кожа
  </material>
  <price>
   537403
  </price>
  <rating>
   1.9
  </rating>
  <reviews>
   913171
  </reviews>
  <new>
   +
  </new>
  <exclusive>
   no
  </exclusive>
  <sporty>
   no
  </sporty>
 </clothing>
 <clothing>
  <id>
   618671290
  </id>
  <name>
   Lacoste Belts I-9753
  </name>
  <category>
   Belts
  </category>
  <size>
   XL
  </size>
  <color>
   Желтый
  </color>
  <material>
   Кожа
  </material>
  <price>
   622143
  </price>
  <rating>
   4.93
  </rating>
  <reviews>
   390215
  </reviews>
  <exclusive>
   yes
  </exclusive>
  <sporty>
   no
  </sporty>
 </clothing>
 <clothing>
  <id>
   665096690
  </id>
  <name>
   New Balance Handbags D-5965
  </name>
  <category>
   Handbags
  </category>
  <size>
   M
  </size>
  <color>
   Голубой
  </color>
  <material>
   Шерсть
  </material>
  <price>
   483709
  </price>
  <rating>
   3.81
  </rating>
  <reviews>
   702291
  </reviews>
  <new>
   -
  </new>
  <exclusive>
   no
  </exclusive>
  <sporty>
   no
  </sporty>
 </clothing>
 <clothing>
  <id>
   399444373
  </id>
  <name>
   Brooks Gloves N-9910
  </name>
  <category>
   Gloves
  </category>
  <size>
   M
  </size>
  <color>
   Красный
  </color>
  <material>
   Лен
  </material>
  <price>
   546260
  </price>
  <rating>
   3.07
  </rating>
  <reviews>
   201898
  </reviews>
  <new>
   -
  </new>
  <sporty>
   no
  </sporty>
 </clothing>
 <clothing>
  <id>
   787752650
  </id>
  <name>
   DC Gloves P-7644
  </name>
  <category>
   Gloves
  </category>
  <size>
   M
  </size>
  <color>
   Зеленый
  </color>
  <material>
   Шелк
  </material>
  <price>
   962116
  </price>
  <rating>
   4.78
  </rating>
  <reviews>
   857105
  </reviews>
  <new>
   -
  </new>
  <sporty>
   no
  </sporty>
 </clothing>
 <clothing>
  <id>
   118763926
  </id>
  <name>
   Fila Shoes V-4832
  </name>
  <category>
   Shoes
  </category>
  <size>
   M
  </size>
  <color>
   Синий
  </color>
  <material>
   Хлопок
  </material>
  <price>
   743437
  </price>
  <rating>
   4.66
  </rating>
  <reviews>
   990116
  </reviews>
  <new>
   -
  </new>
  <exclusive>
   no
  </exclusive>
  <sporty>
   no
  </sporty>
 </clothing>
 <clothing>
  <id>
   500374788
  </id>
  <name>
   Asics Socks A-5456
  </name>
  <category>
   Socks
  </category>
  <size>
   XXL
  </size>
  <color>
   Голубой
  </color>
  <material>
   Шерсть
  </material>
  <price>
   845979
  </price>
  <rating>
   3.39
  </rating>
  <reviews>
   884929
  </reviews>
  <new>
   +
  </new>
  <exclusive>
   yes
  </exclusive>
  <sporty>
   no
  </sporty>
 </clothing>
 <clothing>
  <id>
   889953756
  </id>
  <name>
   Under Armour Belts U-1707
  </name>
  <category>
   Belts
  </category>
  <size>
   S
  </size>
  <color>
   Синий
  </color>
  <material>
   Вискоза
  </material>
  <price>
   180874
  </price>
  <rating>
   4.21
  </rating>
  <reviews>
   181274
  </reviews>
 </clothing>
 <clothing>
  <id>
   595950478
  </id>
  <name>
   Brooks Umbrellas V-5290
  </name>
  <category>
   Umbrellas
  </category>
  <size>
   L
  </size>
  <color>
   Зеленый
  </color>
  <material>
   Шелк
  </material>
  <price>
   550059
  </price>
  <rating>
   2.51
  </rating>
  <reviews>
   140549
  </reviews>
  <new>
   -
  </new>
  <sporty>
   yes
  </sporty>
 </clothing>
 <clothing>
  <id>
   124406528
  </id>
  <name>
   Vans Blouse Z-6306
  </name>
  <category>
   Blouse
  </category>
  <size>
   S
  </size>
  <color>
   Желтый
  </color>
  <material>
   Кожа
  </material>
  <price>
   535261
  </price>
  <rating>
   4.08
  </rating>
  <reviews>
   610298
  </reviews>
  <new>
   -
  </new>
  <exclusive>
   yes
  </exclusive>
  <sporty>
   no
  </sporty>
 </clothing>
 <clothing>
  <id>
   810141311
  </id>
  <name>
   Asics Belts R-8982
  </name>
  <category>
   Belts
  </category>
  <size>
   XXL
  </size>
  <color>
   Зеленый
  </color>
  <material>
   Полиэстер
  </material>
  <price>
   393126
  </price>
  <rating>
   2.35
  </rating>
  <reviews>
   599567
  </reviews>
  <new>
   -
  </new>
  <exclusive>
   no
  </exclusive>
  <sporty>
   yes
  </sporty>
 </clothing>
 <clothing>
  <id>
   373071889
  </id>
  <name>
   Under Armour Shoes D-9766
  </name>
  <category>
   Shoes
  </category>
  <size>
   XXL
  </size>
  <color>
   Красный
  </color>
  <material>
   Хлопок
  </material>
  <price>
   870067
  </price>
  <rating>
   4.09
  </rating>
  <reviews>
   850316
  </reviews>
  <new>
   +
  </new>
  <sporty>
   yes
  </sporty>
 </clothing>
 <clothing>
  <id>
   125595949
  </id>
  <name>
   Ellesse Shoes Z-8567
  </name>
  <category>
   Shoes
  </category>
  <size>
   XXL
  </size>
  <color>
   Оранжевый
  </color>
  <material>
   Кожа
  </material>
  <price>
   705770
  </price>
  <rating>
   1.67
  </rating>
  <reviews>
   300991
  </reviews>
  <exclusive>
   no
  </exclusive>
  <sporty>
   yes
  </sporty>
 </clothing>
 <clothing>
  <id>
   899765069
  </id>
  <name>
   Asics Jacket S-2559
  </name>
  <category>
   Jacket
  </category>
  <size>
   M
  </size>
  <color>
   Красный
  </color>
  <material>
   Шелк
  </material>
  <price>
   331531
  </price>
  <rating>
   4.44
  </rating>
  <reviews>
   379161
  </reviews>
  <exclusive>
   no
  </exclusive>
  <sporty>
   no
  </sporty>
 </clothing>
 <clothing>
  <id>
   959607123
  </id>
  <name>
   Brooks Hat N-9199
  </name>
  <category>
   Hat
  </category>
  <size>
   M
  </size>
  <color>
   Зеленый
  </color>
  <material>
   Шелк
  </material>
  <price>
   365644
  </price>
  <rating>
   3.78
  </rating>
  <reviews>
   852832
  </reviews>
  <new>
   -
  </new>
  <exclusive>
   no
  </exclusive>
  <sporty>
   no
  </sporty>
 </clothing>
 <clothing>
  <id>
   899741764
  </id>
  <name>
   Nike Sweater G-9390
  </name>
  <category>
   Sweater
  </category>
  <size>
   XXL
  </size>
  <color>
   Голубой
  </color>
  <material>
   Лен
  </material>
  <price>
   920601
  </price>
  <rating>
   3.95
  </rating>
  <reviews>
   544976
  </reviews>
  <new>
   -
  </new>
  <exclusive>
   no
  </exclusive>
  <sporty>
   no
  </sporty>
 </clothing>
 <clothing>
  <id>
   400806078
  </id>
  <name>
   Puma Sweater R-1670
  </name>
  <category>
   Sweater
  </category>
  <size>
   L
  </size>
  <color>
   Синий
  </color>
  <material>
   Вискоза
  </material>
  <price>
   806480
  </price>
  <rating>
   4.65
  </rating>
  <reviews>
   938294
  </reviews>
  <new>
   -
  </new>
  <exclusive>
   no
  </exclusive>
 </clothing>
 <clothing>
  <id>
   713401026
  </id>
  <name>
   Ellesse Skirt F-3787
  </name>
  <category>
   Skirt
  </category>
  <size>
   M
  </size>
  <color>
   Оранжевый
  </color>
  <material>
   Вискоза
  </material>
  <price>
   391759
  </price>
  <rating>
   4.05
  </rating>
  <reviews>
   325793
  </reviews>
  <exclusive>
   no
  </exclusive>
 </clothing>
 <clothing>
  <id>
   909851491
  </id>
  <name>
   Nike Skirt S-2288
  </name>
  <category>
   Skirt
  </category>
  <size>
   XXL
  </size>
  <color>
   Синий
  </color>
  <material>
   Полиэстер
  </material>
  <price>
   515823
  </price>
  <rating>
   4.64
  </rating>
  <reviews>
   382010
  </reviews>
  <sporty>
   no
  </sporty>
 </clothing>
 <clothing>
  <id>
   138035940
  </id>
  <name>
   Fila Gloves E-9265
  </name>
  <category>
   Gloves
  </category>
  <size>
   L
  </size>
  <color>
   Зеленый
  </color>
  <material>
   Вискоза
  </material>
  <price>
   747791
  </price>
  <rating>
   2.48
  </rating>
  <reviews>
   526375
  </reviews>
  <exclusive>
   yes
  </exclusive>
 </clothing>
 <clothing>
  <id>
   874796792
  </id>
  <name>
   New Balance Jacket A-1154
  </name>
  <category>
   Jacket
  </category>
  <size>
   XL
  </size>
  <color>
   Зеленый
  </color>
  <material>
   Нейлон
  </material>
  <price>
   354238
  </price>
  <rating>
   4.53
  </rating>
  <reviews>
   717214
  </reviews>
  <new>
   +
  </new>
  <exclusive>
   yes
  </exclusive>
 </clothing>
 <clothing>
  <id>
   459765780
  </id>
  <name>
   Fila Dress H-8800
  </name>
  <category>
   Dress
  </category>
  <size>
   XXL
  </size>
  <color>
   Оранжевый
  </color>
  <material>
   Хлопок
  </material>
  <price>
   567893
  </price>
  <rating>
   4.66
  </rating>
  <reviews>
   684730
  </reviews>
  <sporty>
   no
  </sporty>
 </clothing>
 <clothing>
  <id>
   766326102
  </id>
  <name>
   Lacoste Gloves B-9514
  </name>
  <category>
   Gloves
  </category>
  <size>
   M
  </size>
  <color>
   Оранжевый
  </color>
  <material>
   Хлопок
  </material>
  <price>
   230550
  </price>
  <rating>
   2.44
  </rating>
  <reviews>
   206349
  </reviews>
  <exclusive>
   yes
  </exclusive>
 </clothing>
</clothing-items>
