<?xml version="1.0" encoding="utf-8"?>
<clothing-items>
 <clothing>
  <id>
   550072572
  </id>
  <name>
   Lacoste Jeans X-7958
  </name>
  <category>
   Jeans
  </category>
  <size>
   L
  </size>
  <color>
   Оранжевый
  </color>
  <material>
   Шелк
  </material>
  <price>
   633341
  </price>
  <rating>
   2.94
  </rating>
  <reviews>
   364524
  </reviews>
  <new>
   +
  </new>
 </clothing>
 <clothing>
  <id>
   578513839
  </id>
  <name>
   Nike Sweater A-7871
  </name>
  <category>
   Sweater
  </category>
  <size>
   L
  </size>
  <color>
   Зеленый
  </color>
  <material>
   Шерсть
  </material>
  <price>
   775672
  </price>
  <rating>
   3.13
  </rating>
  <reviews>
   805181
  </reviews>
  <new>
   +
  </new>
  <exclusive>
   yes
  </exclusive>
 </clothing>
 <clothing>
  <id>
   299041962
  </id>
  <name>
   Brooks Umbrellas E-6084
  </name>
  <category>
   Umbrellas
  </category>
  <size>
   S
  </size>
  <color>
   Зеленый
  </color>
  <material>
   Хлопок
  </material>
  <price>
   733582
  </price>
  <rating>
   4.4
  </rating>
  <reviews>
   665829
  </reviews>
  <new>
   -
  </new>
  <exclusive>
   yes
  </exclusive>
 </clothing>
 <clothing>
  <id>
   559211188
  </id>
  <name>
   Lacoste Dress K-2019
  </name>
  <category>
   Dress
  </category>
  <size>
   XL
  </size>
  <color>
   Оранжевый
  </color>
  <material>
   Кожа
  </material>
  <price>
   429092
  </price>
  <rating>
   2.95
  </rating>
  <reviews>
   524387
  </reviews>
  <exclusive>
   yes
  </exclusive>
 </clothing>
 <clothing>
  <id>
   740287596
  </id>
  <name>
   Vans Skirt G-2886
  </name>
  <category>
   Skirt
  </category>
  <size>
   XL
  </size>
  <color>
   Синий
  </color>
  <material>
   Шелк
  </material>
  <price>
   371379
  </price>
  <rating>
   3.4
  </rating>
  <reviews>
   796761
  </reviews>
  <exclusive>
   no
  </exclusive>
  <sporty>
   no
  </sporty>
 </clothing>
 <clothing>
  <id>
   313394600
  </id>
  <name>
   PleinSport Blouse C-4088
  </name>
  <category>
   Blouse
  </category>
  <size>
   XXL
  </size>
  <color>
   Желтый
  </color>
  <material>
   Лен
  </material>
  <price>
   540365
  </price>
  <rating>
   1.26
  </rating>
  <reviews>
   786641
  </reviews>
  <exclusive>
   no
  </exclusive>
 </clothing>
 <clothing>
  <id>
   756624804
  </id>
  <name>
   Reebok Umbrellas F-2035
  </name>
  <category>
   Umbrellas
  </category>
  <size>
   M
  </size>
  <color>
   Оранжевый
  </color>
  <material>
   Кожа
  </material>
  <price>
   117329
  </price>
  <rating>
   2.39
  </rating>
  <reviews>
   478201
  </reviews>
  <exclusive>
   no
  </exclusive>
  <sporty>
   no
  </sporty>
 </clothing>
 <clothing>
  <id>
   427746403
  </id>
  <name>
   Under Armour Sweater S-3312
  </name>
  <category>
   Sweater
  </category>
  <size>
   S
  </size>
  <color>
   Синий
  </color>
  <material>
   Хлопок
  </material>
  <price>
   251341
  </price>
  <rating>
   1.55
  </rating>
  <reviews>
   731471
  </reviews>
  <sporty>
   no
  </sporty>
 </clothing>
 <clothing>
  <id>
   103369627
  </id>
  <name>
   Lacoste Belts U-3558
  </name>
  <category>
   Belts
  </category>
  <size>
   M
  </size>
  <color>
   Фиолетовый
  </color>
  <material>
   Шерсть
  </material>
  <price>
   170781
  </price>
  <rating>
   3.44
  </rating>
  <reviews>
   959399
  </reviews>
  <new>
   -
  </new>
  <exclusive>
   yes
  </exclusive>
  <sporty>
   no
  </sporty>
 </clothing>
 <clothing>
  <id>
   504176627
  </id>
  <name>
   Asics Blouse J-9092
  </name>
  <category>
   Blouse
  </category>
  <size>
   L
  </size>
  <color>
   Синий
  </color>
  <material>
   Полиэстер
  </material>
  <price>
   292126
  </price>
  <rating>
   2.18
  </rating>
  <reviews>
   716400
  </reviews>
  <exclusive>
   no
  </exclusive>
  <sporty>
   no
  </sporty>
 </clothing>
 <clothing>
  <id>
   439314401
  </id>
  <name>
   Under Armour Umbrellas N-4267
  </name>
  <category>
   Umbrellas
  </category>
  <size>
   L
  </size>
  <color>
   Фиолетовый
  </color>
  <material>
   Вискоза
  </material>
  <price>
   584771
  </price>
  <rating>
   4.54
  </rating>
  <reviews>
   124703
  </reviews>
  <new>
   -
  </new>
  <sporty>
   no
  </sporty>
 </clothing>
 <clothing>
  <id>
   537656069
  </id>
  <name>
   Adidas Shoes K-4810
  </name>
  <category>
   Shoes
  </category>
  <size>
   XL
  </size>
  <color>
   Фиолетовый
  </color>
  <material>
   Полиэстер
  </material>
  <price>
   717389
  </price>
  <rating>
   4.97
  </rating>
  <reviews>
   753718
  </reviews>
  <new>
   -
  </new>
  <exclusive>
   no
  </exclusive>
  <sporty>
   no
  </sporty>
 </clothing>
 <clothing>
  <id>
   641909247
  </id>
  <name>
   Ellesse Pants U-4987
  </name>
  <category>
   Pants
  </category>
  <size>
   L
  </size>
  <color>
   Зеленый
  </color>
  <material>
   Нейлон
  </material>
  <price>
   659319
  </price>
  <rating>
   2.52
  </rating>
  <reviews>
   820990
  </reviews>
  <new>
   +
  </new>
  <sporty>
   no
  </sporty>
 </clothing>
 <clothing>
  <id>
   999285736
  </id>
  <name>
   Converse Umbrellas D-5250
  </name>
  <category>
   Umbrellas
  </category>
  <size>
   XL
  </size>
  <color>
   Зеленый
  </color>
  <material>
   Хлопок
  </material>
  <price>
   162636
  </price>
  <rating>
   3.38
  </rating>
  <reviews>
   727296
  </reviews>
  <new>
   +
  </new>
  <exclusive>
   no
  </exclusive>
  <sporty>
   yes
  </sporty>
 </clothing>
 <clothing>
  <id>
   133603712
  </id>
  <name>
   Reebok Blouse C-6624
  </name>
  <category>
   Blouse
  </category>
  <size>
   M
  </size>
  <color>
   Голубой
  </color>
  <material>
   Нейлон
  </material>
  <price>
   929411
  </price>
  <rating>
   2.77
  </rating>
  <reviews>
   382461
  </reviews>
  <sporty>
   no
  </sporty>
 </clothing>
 <clothing>
  <id>
   182192982
  </id>
  <name>
   Addidas Jeans F-2835
  </name>
  <category>
   Jeans
  </category>
  <size>
   XL
  </size>
  <color>
   Фиолетовый
  </color>
  <material>
   Лен
  </material>
  <price>
   233969
  </price>
  <rating>
   3.21
  </rating>
  <reviews>
   752539
  </reviews>
  <new>
   -
  </new>
  <exclusive>
   yes
  </exclusive>
 </clothing>
 <clothing>
  <id>
   333859347
  </id>
  <name>
   Under Armour Belts A-9195
  </name>
  <category>
   Belts
  </category>
  <size>
   S
  </size>
  <color>
   Голубой
  </color>
  <material>
   Вискоза
  </material>
  <price>
   318793
  </price>
  <rating>
   4.61
  </rating>
  <reviews>
   103125
  </reviews>
  <new>
   +
  </new>
  <exclusive>
   no
  </exclusive>
  <sporty>
   yes
  </sporty>
 </clothing>
</clothing-items>
