<?xml version="1.0" encoding="utf-8"?>
<clothing-items>
 <clothing>
  <id>
   837716787
  </id>
  <name>
   Reebok T-shirt K-6435
  </name>
  <category>
   T-shirt
  </category>
  <size>
   XL
  </size>
  <color>
   Зеленый
  </color>
  <material>
   Лен
  </material>
  <price>
   867675
  </price>
  <rating>
   2.98
  </rating>
  <reviews>
   656688
  </reviews>
  <new>
   -
  </new>
  <exclusive>
   yes
  </exclusive>
  <sporty>
   yes
  </sporty>
 </clothing>
 <clothing>
  <id>
   929418310
  </id>
  <name>
   Vans Umbrellas C-6172
  </name>
  <category>
   Umbrellas
  </category>
  <size>
   M
  </size>
  <color>
   Красный
  </color>
  <material>
   Полиэстер
  </material>
  <price>
   525380
  </price>
  <rating>
   4.66
  </rating>
  <reviews>
   906227
  </reviews>
  <new>
   +
  </new>
 </clothing>
 <clothing>
  <id>
   616274052
  </id>
  <name>
   Adidas Hat F-2540
  </name>
  <category>
   Hat
  </category>
  <size>
   L
  </size>
  <color>
   Голубой
  </color>
  <material>
   Кожа
  </material>
  <price>
   173777
  </price>
  <rating>
   3.42
  </rating>
  <reviews>
   334847
  </reviews>
  <new>
   -
  </new>
  <sporty>
   no
  </sporty>
 </clothing>
 <clothing>
  <id>
   740310935
  </id>
  <name>
   Ellesse Socks M-8942
  </name>
  <category>
   Socks
  </category>
  <size>
   S
  </size>
  <color>
   Синий
  </color>
  <material>
   Лен
  </material>
  <price>
   602401
  </price>
  <rating>
   4.32
  </rating>
  <reviews>
   865472
  </reviews>
  <new>
   -
  </new>
  <exclusive>
   no
  </exclusive>
  <sporty>
   no
  </sporty>
 </clothing>
 <clothing>
  <id>
   242503783
  </id>
  <name>
   Fila Blouse B-6503
  </name>
  <category>
   Blouse
  </category>
  <size>
   L
  </size>
  <color>
   Оранжевый
  </color>
  <material>
   Нейлон
  </material>
  <price>
   828794
  </price>
  <rating>
   1.95
  </rating>
  <reviews>
   891616
  </reviews>
  <new>
   -
  </new>
  <exclusive>
   yes
  </exclusive>
 </clothing>
 <clothing>
  <id>
   736141527
  </id>
  <name>
   Asics Blouse B-6452
  </name>
  <category>
   Blouse
  </category>
  <size>
   S
  </size>
  <color>
   Красный
  </color>
  <material>
   Шерсть
  </material>
  <price>
   726064
  </price>
  <rating>
   2.98
  </rating>
  <reviews>
   619971
  </reviews>
  <exclusive>
   yes
  </exclusive>
 </clothing>
 <clothing>
  <id>
   654528547
  </id>
  <name>
   Converse Hat E-6657
  </name>
  <category>
   Hat
  </category>
  <size>
   XXL
  </size>
  <color>
   Оранжевый
  </color>
  <material>
   Кожа
  </material>
  <price>
   274364
  </price>
  <rating>
   2.13
  </rating>
  <reviews>
   849705
  </reviews>
  <sporty>
   no
  </sporty>
 </clothing>
 <clothing>
  <id>
   142691148
  </id>
  <name>
   Reebok Jeans M-5241
  </name>
  <category>
   Jeans
  </category>
  <size>
   M
  </size>
  <color>
   Желтый
  </color>
  <material>
   Вискоза
  </material>
  <price>
   540702
  </price>
  <rating>
   1.53
  </rating>
  <reviews>
   271792
  </reviews>
  <new>
   +
  </new>
 </clothing>
 <clothing>
  <id>
   906260692
  </id>
  <name>
   Vans Handbags K-3402
  </name>
  <category>
   Handbags
  </category>
  <size>
   L
  </size>
  <color>
   Голубой
  </color>
  <material>
   Шелк
  </material>
  <price>
   944341
  </price>
  <rating>
   4.54
  </rating>
  <reviews>
   382618
  </reviews>
  <new>
   +
  </new>
  <exclusive>
   yes
  </exclusive>
  <sporty>
   no
  </sporty>
 </clothing>
 <clothing>
  <id>
   212637497
  </id>
  <name>
   Addidas Shirt V-8284
  </name>
  <category>
   Shirt
  </category>
  <size>
   M
  </size>
  <color>
   Желтый
  </color>
  <material>
   Нейлон
  </material>
  <price>
   237660
  </price>
  <rating>
   1.58
  </rating>
  <reviews>
   490585
  </reviews>
  <new>
   +
  </new>
  <sporty>
   no
  </sporty>
 </clothing>
 <clothing>
  <id>
   730881720
  </id>
  <name>
   PleinSport T-shirt L-9616
  </name>
  <category>
   T-shirt
  </category>
  <size>
   S
  </size>
  <color>
   Красный
  </color>
  <material>
   Кожа
  </material>
  <price>
   406228
  </price>
  <rating>
   4.31
  </rating>
  <reviews>
   186426
  </reviews>
  <new>
   -
  </new>
  <exclusive>
   no
  </exclusive>
  <sporty>
   yes
  </sporty>
 </clothing>
 <clothing>
  <id>
   388215400
  </id>
  <name>
   New Balance Blouse D-6216
  </name>
  <category>
   Blouse
  </category>
  <size>
   XXL
  </size>
  <color>
   Зеленый
  </color>
  <material>
   Шерсть
  </material>
  <price>
   340293
  </price>
  <rating>
   2.67
  </rating>
  <reviews>
   49362
  </reviews>
  <new>
   -
  </new>
  <exclusive>
   yes
  </exclusive>
 </clothing>
 <clothing>
  <id>
   792367105
  </id>
  <name>
   Reebok Jeans Y-9440
  </name>
  <category>
   Jeans
  </category>
  <size>
   L
  </size>
  <color>
   Фиолетовый
  </color>
  <material>
   Лен
  </material>
  <price>
   908238
  </price>
  <rating>
   3.69
  </rating>
  <reviews>
   214075
  </reviews>
  <exclusive>
   no
  </exclusive>
 </clothing>
 <clothing>
  <id>
   498546359
  </id>
  <name>
   DC Dress H-3576
  </name>
  <category>
   Dress
  </category>
  <size>
   XL
  </size>
  <color>
   Зеленый
  </color>
  <material>
   Кожа
  </material>
  <price>
   941558
  </price>
  <rating>
   1.43
  </rating>
  <reviews>
   41534
  </reviews>
  <new>
   +
  </new>
  <sporty>
   no
  </sporty>
 </clothing>
 <clothing>
  <id>
   570436289
  </id>
  <name>
   Vans Skirt M-1555
  </name>
  <category>
   Skirt
  </category>
  <size>
   L
  </size>
  <color>
   Красный
  </color>
  <material>
   Полиэстер
  </material>
  <price>
   836094
  </price>
  <rating>
   2.59
  </rating>
  <reviews>
   796236
  </reviews>
  <new>
   +
  </new>
  <sporty>
   yes
  </sporty>
 </clothing>
 <clothing>
  <id>
   634483467
  </id>
  <name>
   Fila Hat L-3089
  </name>
  <category>
   Hat
  </category>
  <size>
   S
  </size>
  <color>
   Желтый
  </color>
  <material>
   Нейлон
  </material>
  <price>
   314208
  </price>
  <rating>
   4.91
  </rating>
  <reviews>
   750723
  </reviews>
  <exclusive>
   no
  </exclusive>
 </clothing>
 <clothing>
  <id>
   559178509
  </id>
  <name>
   Reebok Shirt U-2870
  </name>
  <category>
   Shirt
  </category>
  <size>
   S
  </size>
  <color>
   Красный
  </color>
  <material>
   Полиэстер
  </material>
  <price>
   410346
  </price>
  <rating>
   1.33
  </rating>
  <reviews>
   757605
  </reviews>
  <exclusive>
   no
  </exclusive>
 </clothing>
 <clothing>
  <id>
   926108772
  </id>
  <name>
   Vans Jacket L-6760
  </name>
  <category>
   Jacket
  </category>
  <size>
   S
  </size>
  <color>
   Голубой
  </color>
  <material>
   Шерсть
  </material>
  <price>
   218709
  </price>
  <rating>
   3.41
  </rating>
  <reviews>
   251752
  </reviews>
  <new>
   +
  </new>
  <exclusive>
   no
  </exclusive>
  <sporty>
   yes
  </sporty>
 </clothing>
 <clothing>
  <id>
   953178319
  </id>
  <name>
   Adidas Dress N-8506
  </name>
  <category>
   Dress
  </category>
  <size>
   L
  </size>
  <color>
   Зеленый
  </color>
  <material>
   Нейлон
  </material>
  <price>
   301055
  </price>
  <rating>
   2.0
  </rating>
  <reviews>
   364438
  </reviews>
  <exclusive>
   no
  </exclusive>
  <sporty>
   yes
  </sporty>
 </clothing>
 <clothing>
  <id>
   724554536
  </id>
  <name>
   Ellesse Blouse L-5623
  </name>
  <category>
   Blouse
  </category>
  <size>
   XL
  </size>
  <color>
   Синий
  </color>
  <material>
   Вискоза
  </material>
  <price>
   916303
  </price>
  <rating>
   1.29
  </rating>
  <reviews>
   994073
  </reviews>
  <new>
   -
  </new>
  <exclusive>
   no
  </exclusive>
  <sporty>
   no
  </sporty>
 </clothing>
 <clothing>
  <id>
   713253271
  </id>
  <name>
   Asics Belts U-9916
  </name>
  <category>
   Belts
  </category>
  <size>
   S
  </size>
  <color>
   Красный
  </color>
  <material>
   Лен
  </material>
  <price>
   160643
  </price>
  <rating>
   2.19
  </rating>
  <reviews>
   594929
  </reviews>
  <new>
   -
  </new>
  <exclusive>
   no
  </exclusive>
  <sporty>
   no
  </sporty>
 </clothing>
 <clothing>
  <id>
   829363340
  </id>
  <name>
   Converse Skirt P-3059
  </name>
  <category>
   Skirt
  </category>
  <size>
   M
  </size>
  <color>
   Красный
  </color>
  <material>
   Лен
  </material>
  <price>
   552847
  </price>
  <rating>
   4.52
  </rating>
  <reviews>
   523636
  </reviews>
  <new>
   -
  </new>
  <sporty>
   yes
  </sporty>
 </clothing>
 <clothing>
  <id>
   916724370
  </id>
  <name>
   New Balance T-shirt N-7692
  </name>
  <category>
   T-shirt
  </category>
  <size>
   XL
  </size>
  <color>
   Синий
  </color>
  <material>
   Нейлон
  </material>
  <price>
   238326
  </price>
  <rating>
   3.35
  </rating>
  <reviews>
   462427
  </reviews>
  <new>
   +
  </new>
  <exclusive>
   yes
  </exclusive>
 </clothing>
 <clothing>
  <id>
   410924771
  </id>
  <name>
   Addidas Handbags A-4097
  </name>
  <category>
   Handbags
  </category>
  <size>
   S
  </size>
  <color>
   Желтый
  </color>
  <material>
   Хлопок
  </material>
  <price>
   904058
  </price>
  <rating>
   4.81
  </rating>
  <reviews>
   969633
  </reviews>
  <new>
   -
  </new>
  <sporty>
   no
  </sporty>
 </clothing>
 <clothing>
  <id>
   775214809
  </id>
  <name>
   Lacoste Pants D-1198
  </name>
  <category>
   Pants
  </category>
  <size>
   M
  </size>
  <color>
   Оранжевый
  </color>
  <material>
   Нейлон
  </material>
  <price>
   790554
  </price>
  <rating>
   4.46
  </rating>
  <reviews>
   184917
  </reviews>
  <exclusive>
   no
  </exclusive>
  <sporty>
   yes
  </sporty>
 </clothing>
 <clothing>
  <id>
   596602446
  </id>
  <name>
   DC T-shirt H-4445
  </name>
  <category>
   T-shirt
  </category>
  <size>
   XL
  </size>
  <color>
   Оранжевый
  </color>
  <material>
   Кожа
  </material>
  <price>
   392392
  </price>
  <rating>
   4.18
  </rating>
  <reviews>
   305657
  </reviews>
  <sporty>
   yes
  </sporty>
 </clothing>
 <clothing>
  <id>
   401462375
  </id>
  <name>
   Reebok Jacket B-4328
  </name>
  <category>
   Jacket
  </category>
  <size>
   S
  </size>
  <color>
   Синий
  </color>
  <material>
   Шерсть
  </material>
  <price>
   937624
  </price>
  <rating>
   2.06
  </rating>
  <reviews>
   879417
  </reviews>
  <new>
   +
  </new>
 </clothing>
 <clothing>
  <id>
   813426913
  </id>
  <name>
   Converse Jacket C-8609
  </name>
  <category>
   Jacket
  </category>
  <size>
   L
  </size>
  <color>
   Фиолетовый
  </color>
  <material>
   Нейлон
  </material>
  <price>
   194857
  </price>
  <rating>
   2.58
  </rating>
  <reviews>
   767910
  </reviews>
  <new>
   -
  </new>
  <exclusive>
   no
  </exclusive>
 </clothing>
 <clothing>
  <id>
   957699637
  </id>
  <name>
   Under Armour Sweater S-9474
  </name>
  <category>
   Sweater
  </category>
  <size>
   M
  </size>
  <color>
   Красный
  </color>
  <material>
   Шерсть
  </material>
  <price>
   693406
  </price>
  <rating>
   2.31
  </rating>
  <reviews>
   51508
  </reviews>
  <new>
   +
  </new>
  <exclusive>
   yes
  </exclusive>
 </clothing>
 <clothing>
  <id>
   682693656
  </id>
  <name>
   Nike Umbrellas U-2301
  </name>
  <category>
   Umbrellas
  </category>
  <size>
   M
  </size>
  <color>
   Фиолетовый
  </color>
  <material>
   Нейлон
  </material>
  <price>
   617726
  </price>
  <rating>
   1.78
  </rating>
  <reviews>
   913232
  </reviews>
  <new>
   -
  </new>
  <exclusive>
   no
  </exclusive>
  <sporty>
   yes
  </sporty>
 </clothing>
 <clothing>
  <id>
   476025268
  </id>
  <name>
   Vans Jacket U-2132
  </name>
  <category>
   Jacket
  </category>
  <size>
   S
  </size>
  <color>
   Голубой
  </color>
  <material>
   Нейлон
  </material>
  <price>
   895029
  </price>
  <rating>
   2.67
  </rating>
  <reviews>
   31344
  </reviews>
  <sporty>
   no
  </sporty>
 </clothing>
 <clothing>
  <id>
   870243281
  </id>
  <name>
   Reebok Pants N-2597
  </name>
  <category>
   Pants
  </category>
  <size>
   S
  </size>
  <color>
   Фиолетовый
  </color>
  <material>
   Вискоза
  </material>
  <price>
   554326
  </price>
  <rating>
   3.31
  </rating>
  <reviews>
   387452
  </reviews>
  <sporty>
   yes
  </sporty>
 </clothing>
 <clothing>
  <id>
   257577043
  </id>
  <name>
   Brooks Hat Z-2892
  </name>
  <category>
   Hat
  </category>
  <size>
   S
  </size>
  <color>
   Зеленый
  </color>
  <material>
   Шерсть
  </material>
  <price>
   873110
  </price>
  <rating>
   2.32
  </rating>
  <reviews>
   761231
  </reviews>
  <sporty>
   yes
  </sporty>
 </clothing>
 <clothing>
  <id>
   628179211
  </id>
  <name>
   Addidas Dress V-1796
  </name>
  <category>
   Dress
  </category>
  <size>
   L
  </size>
  <color>
   Голубой
  </color>
  <material>
   Вискоза
  </material>
  <price>
   160972
  </price>
  <rating>
   4.9
  </rating>
  <reviews>
   578606
  </reviews>
  <new>
   -
  </new>
  <exclusive>
   yes
  </exclusive>
 </clothing>
 <clothing>
  <id>
   524604700
  </id>
  <name>
   Asics Handbags J-2230
  </name>
  <category>
   Handbags
  </category>
  <size>
   M
  </size>
  <color>
   Фиолетовый
  </color>
  <material>
   Полиэстер
  </material>
  <price>
   532617
  </price>
  <rating>
   1.75
  </rating>
  <reviews>
   111883
  </reviews>
  <new>
   -
  </new>
  <sporty>
   yes
  </sporty>
 </clothing>
 <clothing>
  <id>
   874939010
  </id>
  <name>
   Asics Pants I-2729
  </name>
  <category>
   Pants
  </category>
  <size>
   L
  </size>
  <color>
   Зеленый
  </color>
  <material>
   Полиэстер
  </material>
  <price>
   689735
  </price>
  <rating>
   2.43
  </rating>
  <reviews>
   406676
  </reviews>
  <new>
   -
  </new>
  <sporty>
   yes
  </sporty>
 </clothing>
 <clothing>
  <id>
   499647649
  </id>
  <name>
   Brooks Jacket L-8591
  </name>
  <category>
   Jacket
  </category>
  <size>
   XL
  </size>
  <color>
   Фиолетовый
  </color>
  <material>
   Вискоза
  </material>
  <price>
   887826
  </price>
  <rating>
   1.06
  </rating>
  <reviews>
   905696
  </reviews>
  <new>
   +
  </new>
 </clothing>
 <clothing>
  <id>
   155026533
  </id>
  <name>
   Puma Jeans K-1086
  </name>
  <category>
   Jeans
  </category>
  <size>
   XL
  </size>
  <color>
   Фиолетовый
  </color>
  <material>
   Лен
  </material>
  <price>
   266826
  </price>
  <rating>
   3.57
  </rating>
  <reviews>
   671229
  </reviews>
  <sporty>
   no
  </sporty>
 </clothing>
 <clothing>
  <id>
   668566471
  </id>
  <name>
   Under Armour Belts T-7123
  </name>
  <category>
   Belts
  </category>
  <size>
   XL
  </size>
  <color>
   Зеленый
  </color>
  <material>
   Хлопок
  </material>
  <price>
   370702
  </price>
  <rating>
   3.16
  </rating>
  <reviews>
   510563
  </reviews>
  <new>
   -
  </new>
  <sporty>
   yes
  </sporty>
 </clothing>
 <clothing>
  <id>
   669420620
  </id>
  <name>
   Nike Jacket R-9004
  </name>
  <category>
   Jacket
  </category>
  <size>
   XL
  </size>
  <color>
   Фиолетовый
  </color>
  <material>
   Нейлон
  </material>
  <price>
   990076
  </price>
  <rating>
   3.47
  </rating>
  <reviews>
   132455
  </reviews>
 </clothing>
 <clothing>
  <id>
   113101906
  </id>
  <name>
   Under Armour Hat B-3552
  </name>
  <category>
   Hat
  </category>
  <size>
   S
  </size>
  <color>
   Синий
  </color>
  <material>
   Шерсть
  </material>
  <price>
   176957
  </price>
  <rating>
   3.41
  </rating>
  <reviews>
   363302
  </reviews>
  <exclusive>
   yes
  </exclusive>
 </clothing>
 <clothing>
  <id>
   503453138
  </id>
  <name>
   Ellesse Skirt C-4525
  </name>
  <category>
   Skirt
  </category>
  <size>
   L
  </size>
  <color>
   Оранжевый
  </color>
  <material>
   Нейлон
  </material>
  <price>
   841984
  </price>
  <rating>
   3.56
  </rating>
  <reviews>
   376297
  </reviews>
  <exclusive>
   no
  </exclusive>
  <sporty>
   no
  </sporty>
 </clothing>
 <clothing>
  <id>
   597817583
  </id>
  <name>
   Under Armour Pants S-3827
  </name>
  <category>
   Pants
  </category>
  <size>
   M
  </size>
  <color>
   Красный
  </color>
  <material>
   Кожа
  </material>
  <price>
   250415
  </price>
  <rating>
   2.78
  </rating>
  <reviews>
   687606
  </reviews>
  <new>
   +
  </new>
 </clothing>
 <clothing>
  <id>
   462157252
  </id>
  <name>
   Adidas Gloves O-6314
  </name>
  <category>
   Gloves
  </category>
  <size>
   XL
  </size>
  <color>
   Голубой
  </color>
  <material>
   Шерсть
  </material>
  <price>
   180754
  </price>
  <rating>
   1.01
  </rating>
  <reviews>
   944544
  </reviews>
  <new>
   +
  </new>
  <sporty>
   yes
  </sporty>
 </clothing>
 <clothing>
  <id>
   900564770
  </id>
  <name>
   DC Dress D-8979
  </name>
  <category>
   Dress
  </category>
  <size>
   M
  </size>
  <color>
   Желтый
  </color>
  <material>
   Шелк
  </material>
  <price>
   630885
  </price>
  <rating>
   1.41
  </rating>
  <reviews>
   428569
  </reviews>
  <exclusive>
   no
  </exclusive>
 </clothing>
 <clothing>
  <id>
   414365841
  </id>
  <name>
   Vans Dress M-4834
  </name>
  <category>
   Dress
  </category>
  <size>
   XL
  </size>
  <color>
   Фиолетовый
  </color>
  <material>
   Вискоза
  </material>
  <price>
   949592
  </price>
  <rating>
   1.23
  </rating>
  <reviews>
   50492
  </reviews>
  <new>
   -
  </new>
  <exclusive>
   no
  </exclusive>
  <sporty>
   yes
  </sporty>
 </clothing>
 <clothing>
  <id>
   702531865
  </id>
  <name>
   Adidas Belts T-4821
  </name>
  <category>
   Belts
  </category>
  <size>
   L
  </size>
  <color>
   Голубой
  </color>
  <material>
   Шелк
  </material>
  <price>
   441499
  </price>
  <rating>
   2.96
  </rating>
  <reviews>
   947139
  </reviews>
  <exclusive>
   no
  </exclusive>
  <sporty>
   no
  </sporty>
 </clothing>
 <clothing>
  <id>
   652532319
  </id>
  <name>
   New Balance Sweater S-9083
  </name>
  <category>
   Sweater
  </category>
  <size>
   S
  </size>
  <color>
   Желтый
  </color>
  <material>
   Шерсть
  </material>
  <price>
   356278
  </price>
  <rating>
   4.84
  </rating>
  <reviews>
   612120
  </reviews>
  <new>
   -
  </new>
 </clothing>
</clothing-items>
