<?xml version="1.0" encoding="utf-8"?>
<clothing-items>
 <clothing>
  <id>
   724163210
  </id>
  <name>
   Reebok Shoes Z-2984
  </name>
  <category>
   Shoes
  </category>
  <size>
   XXL
  </size>
  <color>
   Зеленый
  </color>
  <material>
   Шелк
  </material>
  <price>
   604041
  </price>
  <rating>
   1.67
  </rating>
  <reviews>
   891463
  </reviews>
 </clothing>
 <clothing>
  <id>
   625503184
  </id>
  <name>
   Fila Umbrellas B-2612
  </name>
  <category>
   Umbrellas
  </category>
  <size>
   L
  </size>
  <color>
   Фиолетовый
  </color>
  <material>
   Хлопок
  </material>
  <price>
   174479
  </price>
  <rating>
   4.64
  </rating>
  <reviews>
   477570
  </reviews>
  <new>
   +
  </new>
  <exclusive>
   no
  </exclusive>
  <sporty>
   no
  </sporty>
 </clothing>
 <clothing>
  <id>
   819615197
  </id>
  <name>
   Adidas Hat C-5029
  </name>
  <category>
   Hat
  </category>
  <size>
   M
  </size>
  <color>
   Синий
  </color>
  <material>
   Шерсть
  </material>
  <price>
   531491
  </price>
  <rating>
   1.73
  </rating>
  <reviews>
   187078
  </reviews>
  <exclusive>
   no
  </exclusive>
 </clothing>
 <clothing>
  <id>
   208202653
  </id>
  <name>
   Under Armour Blouse P-2236
  </name>
  <category>
   Blouse
  </category>
  <size>
   XL
  </size>
  <color>
   Голубой
  </color>
  <material>
   Хлопок
  </material>
  <price>
   998649
  </price>
  <rating>
   3.01
  </rating>
  <reviews>
   733476
  </reviews>
  <exclusive>
   no
  </exclusive>
 </clothing>
 <clothing>
  <id>
   971099754
  </id>
  <name>
   Ellesse Jeans E-3157
  </name>
  <category>
   Jeans
  </category>
  <size>
   XL
  </size>
  <color>
   Синий
  </color>
  <material>
   Полиэстер
  </material>
  <price>
   578956
  </price>
  <rating>
   1.97
  </rating>
  <reviews>
   464111
  </reviews>
  <sporty>
   yes
  </sporty>
 </clothing>
 <clothing>
  <id>
   674040119
  </id>
  <name>
   Vans Umbrellas W-5086
  </name>
  <category>
   Umbrellas
  </category>
  <size>
   XL
  </size>
  <color>
   Оранжевый
  </color>
  <material>
   Кожа
  </material>
  <price>
   732567
  </price>
  <rating>
   4.96
  </rating>
  <reviews>
   671917
  </reviews>
  <exclusive>
   yes
  </exclusive>
 </clothing>
 <clothing>
  <id>
   677779183
  </id>
  <name>
   Puma Jacket X-3968
  </name>
  <category>
   Jacket
  </category>
  <size>
   XL
  </size>
  <color>
   Синий
  </color>
  <material>
   Шелк
  </material>
  <price>
   909589
  </price>
  <rating>
   1.47
  </rating>
  <reviews>
   664811
  </reviews>
  <sporty>
   no
  </sporty>
 </clothing>
 <clothing>
  <id>
   472840136
  </id>
  <name>
   DC Socks K-1219
  </name>
  <category>
   Socks
  </category>
  <size>
   XL
  </size>
  <color>
   Желтый
  </color>
  <material>
   Полиэстер
  </material>
  <price>
   265711
  </price>
  <rating>
   1.3
  </rating>
  <reviews>
   370942
  </reviews>
  <new>
   +
  </new>
  <exclusive>
   no
  </exclusive>
  <sporty>
   no
  </sporty>
 </clothing>
 <clothing>
  <id>
   937478824
  </id>
  <name>
   Puma Shirt H-7787
  </name>
  <category>
   Shirt
  </category>
  <size>
   S
  </size>
  <color>
   Желтый
  </color>
  <material>
   Нейлон
  </material>
  <price>
   398918
  </price>
  <rating>
   1.74
  </rating>
  <reviews>
   908123
  </reviews>
  <new>
   +
  </new>
  <exclusive>
   no
  </exclusive>
  <sporty>
   yes
  </sporty>
 </clothing>
 <clothing>
  <id>
   510032704
  </id>
  <name>
   Brooks Blouse R-4766
  </name>
  <category>
   Blouse
  </category>
  <size>
   L
  </size>
  <color>
   Синий
  </color>
  <material>
   Полиэстер
  </material>
  <price>
   367204
  </price>
  <rating>
   4.32
  </rating>
  <reviews>
   674528
  </reviews>
  <new>
   -
  </new>
  <exclusive>
   no
  </exclusive>
  <sporty>
   yes
  </sporty>
 </clothing>
 <clothing>
  <id>
   178377389
  </id>
  <name>
   Fila Sweater L-5906
  </name>
  <category>
   Sweater
  </category>
  <size>
   XL
  </size>
  <color>
   Синий
  </color>
  <material>
   Шерсть
  </material>
  <price>
   525127
  </price>
  <rating>
   2.29
  </rating>
  <reviews>
   75998
  </reviews>
  <new>
   +
  </new>
  <exclusive>
   yes
  </exclusive>
 </clothing>
 <clothing>
  <id>
   530723847
  </id>
  <name>
   Vans Skirt K-5404
  </name>
  <category>
   Skirt
  </category>
  <size>
   XL
  </size>
  <color>
   Голубой
  </color>
  <material>
   Нейлон
  </material>
  <price>
   585681
  </price>
  <rating>
   3.43
  </rating>
  <reviews>
   960193
  </reviews>
  <exclusive>
   yes
  </exclusive>
 </clothing>
 <clothing>
  <id>
   702032126
  </id>
  <name>
   Vans Gloves U-5162
  </name>
  <category>
   Gloves
  </category>
  <size>
   S
  </size>
  <color>
   Голубой
  </color>
  <material>
   Нейлон
  </material>
  <price>
   838064
  </price>
  <rating>
   3.84
  </rating>
  <reviews>
   546028
  </reviews>
  <sporty>
   no
  </sporty>
 </clothing>
 <clothing>
  <id>
   578742903
  </id>
  <name>
   Under Armour Dress A-8847
  </name>
  <category>
   Dress
  </category>
  <size>
   M
  </size>
  <color>
   Голубой
  </color>
  <material>
   Шелк
  </material>
  <price>
   772262
  </price>
  <rating>
   4.48
  </rating>
  <reviews>
   634089
  </reviews>
  <sporty>
   yes
  </sporty>
 </clothing>
 <clothing>
  <id>
   156235061
  </id>
  <name>
   PleinSport Skirt P-8283
  </name>
  <category>
   Skirt
  </category>
  <size>
   S
  </size>
  <color>
   Оранжевый
  </color>
  <material>
   Хлопок
  </material>
  <price>
   674513
  </price>
  <rating>
   2.93
  </rating>
  <reviews>
   277548
  </reviews>
  <sporty>
   yes
  </sporty>
 </clothing>
 <clothing>
  <id>
   441083852
  </id>
  <name>
   DC Jeans F-8558
  </name>
  <category>
   Jeans
  </category>
  <size>
   M
  </size>
  <color>
   Голубой
  </color>
  <material>
   Хлопок
  </material>
  <price>
   701971
  </price>
  <rating>
   1.58
  </rating>
  <reviews>
   458708
  </reviews>
  <new>
   -
  </new>
  <exclusive>
   no
  </exclusive>
 </clothing>
 <clothing>
  <id>
   246755071
  </id>
  <name>
   Brooks Shoes Q-3327
  </name>
  <category>
   Shoes
  </category>
  <size>
   L
  </size>
  <color>
   Желтый
  </color>
  <material>
   Кожа
  </material>
  <price>
   343051
  </price>
  <rating>
   4.94
  </rating>
  <reviews>
   491383
  </reviews>
  <new>
   +
  </new>
 </clothing>
 <clothing>
  <id>
   184673615
  </id>
  <name>
   Asics Umbrellas N-7649
  </name>
  <category>
   Umbrellas
  </category>
  <size>
   M
  </size>
  <color>
   Желтый
  </color>
  <material>
   Кожа
  </material>
  <price>
   729532
  </price>
  <rating>
   2.96
  </rating>
  <reviews>
   855764
  </reviews>
  <new>
   +
  </new>
  <exclusive>
   no
  </exclusive>
  <sporty>
   no
  </sporty>
 </clothing>
 <clothing>
  <id>
   543227459
  </id>
  <name>
   Converse Jacket O-8449
  </name>
  <category>
   Jacket
  </category>
  <size>
   XL
  </size>
  <color>
   Зеленый
  </color>
  <material>
   Кожа
  </material>
  <price>
   748799
  </price>
  <rating>
   4.86
  </rating>
  <reviews>
   248731
  </reviews>
  <new>
   -
  </new>
  <sporty>
   no
  </sporty>
 </clothing>
 <clothing>
  <id>
   780965037
  </id>
  <name>
   Vans Handbags I-7559
  </name>
  <category>
   Handbags
  </category>
  <size>
   L
  </size>
  <color>
   Голубой
  </color>
  <material>
   Хлопок
  </material>
  <price>
   503225
  </price>
  <rating>
   3.75
  </rating>
  <reviews>
   184140
  </reviews>
  <new>
   +
  </new>
  <exclusive>
   yes
  </exclusive>
 </clothing>
 <clothing>
  <id>
   436353811
  </id>
  <name>
   Brooks Jeans R-7323
  </name>
  <category>
   Jeans
  </category>
  <size>
   XXL
  </size>
  <color>
   Зеленый
  </color>
  <material>
   Шерсть
  </material>
  <price>
   223014
  </price>
  <rating>
   4.28
  </rating>
  <reviews>
   470370
  </reviews>
  <new>
   -
  </new>
  <exclusive>
   yes
  </exclusive>
  <sporty>
   no
  </sporty>
 </clothing>
 <clothing>
  <id>
   355679816
  </id>
  <name>
   Puma Hat F-1253
  </name>
  <category>
   Hat
  </category>
  <size>
   XL
  </size>
  <color>
   Голубой
  </color>
  <material>
   Вискоза
  </material>
  <price>
   122300
  </price>
  <rating>
   4.35
  </rating>
  <reviews>
   814262
  </reviews>
  <exclusive>
   no
  </exclusive>
  <sporty>
   no
  </sporty>
 </clothing>
 <clothing>
  <id>
   182500458
  </id>
  <name>
   New Balance Gloves O-3300
  </name>
  <category>
   Gloves
  </category>
  <size>
   M
  </size>
  <color>
   Желтый
  </color>
  <material>
   Нейлон
  </material>
  <price>
   158050
  </price>
  <rating>
   1.63
  </rating>
  <reviews>
   470205
  </reviews>
  <sporty>
   no
  </sporty>
 </clothing>
 <clothing>
  <id>
   734723761
  </id>
  <name>
   DC Dress Z-3148
  </name>
  <category>
   Dress
  </category>
  <size>
   S
  </size>
  <color>
   Оранжевый
  </color>
  <material>
   Нейлон
  </material>
  <price>
   690341
  </price>
  <rating>
   2.47
  </rating>
  <reviews>
   716976
  </reviews>
  <exclusive>
   no
  </exclusive>
  <sporty>
   no
  </sporty>
 </clothing>
 <clothing>
  <id>
   770526698
  </id>
  <name>
   Addidas Jacket U-3061
  </name>
  <category>
   Jacket
  </category>
  <size>
   XXL
  </size>
  <color>
   Синий
  </color>
  <material>
   Вискоза
  </material>
  <price>
   912431
  </price>
  <rating>
   4.86
  </rating>
  <reviews>
   306687
  </reviews>
  <new>
   -
  </new>
  <sporty>
   no
  </sporty>
 </clothing>
 <clothing>
  <id>
   810586156
  </id>
  <name>
   Fila Hat B-8624
  </name>
  <category>
   Hat
  </category>
  <size>
   XXL
  </size>
  <color>
   Желтый
  </color>
  <material>
   Шелк
  </material>
  <price>
   788320
  </price>
  <rating>
   1.76
  </rating>
  <reviews>
   922727
  </reviews>
  <exclusive>
   no
  </exclusive>
  <sporty>
   no
  </sporty>
 </clothing>
 <clothing>
  <id>
   227570123
  </id>
  <name>
   PleinSport T-shirt F-9005
  </name>
  <category>
   T-shirt
  </category>
  <size>
   M
  </size>
  <color>
   Желтый
  </color>
  <material>
   Вискоза
  </material>
  <price>
   730528
  </price>
  <rating>
   2.86
  </rating>
  <reviews>
   438333
  </reviews>
  <exclusive>
   yes
  </exclusive>
  <sporty>
   no
  </sporty>
 </clothing>
 <clothing>
  <id>
   988869392
  </id>
  <name>
   Adidas Jacket C-9826
  </name>
  <category>
   Jacket
  </category>
  <size>
   L
  </size>
  <color>
   Оранжевый
  </color>
  <material>
   Полиэстер
  </material>
  <price>
   497203
  </price>
  <rating>
   2.73
  </rating>
  <reviews>
   51339
  </reviews>
  <new>
   -
  </new>
  <exclusive>
   yes
  </exclusive>
 </clothing>
 <clothing>
  <id>
   907400546
  </id>
  <name>
   Fila Belts R-8704
  </name>
  <category>
   Belts
  </category>
  <size>
   S
  </size>
  <color>
   Зеленый
  </color>
  <material>
   Вискоза
  </material>
  <price>
   803441
  </price>
  <rating>
   1.69
  </rating>
  <reviews>
   466181
  </reviews>
  <new>
   -
  </new>
  <exclusive>
   yes
  </exclusive>
  <sporty>
   no
  </sporty>
 </clothing>
 <clothing>
  <id>
   586686489
  </id>
  <name>
   Addidas T-shirt G-9316
  </name>
  <category>
   T-shirt
  </category>
  <size>
   XL
  </size>
  <color>
   Красный
  </color>
  <material>
   Полиэстер
  </material>
  <price>
   646253
  </price>
  <rating>
   2.51
  </rating>
  <reviews>
   57432
  </reviews>
  <sporty>
   no
  </sporty>
 </clothing>
 <clothing>
  <id>
   417066289
  </id>
  <name>
   DC Handbags R-3320
  </name>
  <category>
   Handbags
  </category>
  <size>
   L
  </size>
  <color>
   Зеленый
  </color>
  <material>
   Шелк
  </material>
  <price>
   746016
  </price>
  <rating>
   4.96
  </rating>
  <reviews>
   938716
  </reviews>
  <exclusive>
   no
  </exclusive>
 </clothing>
</clothing-items>
