<?xml version="1.0" encoding="utf-8"?>
<clothing-items>
 <clothing>
  <id>
   990147221
  </id>
  <name>
   Puma Shirt E-4447
  </name>
  <category>
   Shirt
  </category>
  <size>
   XL
  </size>
  <color>
   Синий
  </color>
  <material>
   Шерсть
  </material>
  <price>
   952092
  </price>
  <rating>
   1.57
  </rating>
  <reviews>
   825988
  </reviews>
  <new>
   +
  </new>
  <exclusive>
   no
  </exclusive>
  <sporty>
   yes
  </sporty>
 </clothing>
 <clothing>
  <id>
   770696086
  </id>
  <name>
   Addidas Gloves R-1824
  </name>
  <category>
   Gloves
  </category>
  <size>
   S
  </size>
  <color>
   Оранжевый
  </color>
  <material>
   Лен
  </material>
  <price>
   658362
  </price>
  <rating>
   1.65
  </rating>
  <reviews>
   931454
  </reviews>
  <new>
   +
  </new>
  <exclusive>
   yes
  </exclusive>
 </clothing>
 <clothing>
  <id>
   888572487
  </id>
  <name>
   Puma Gloves X-5205
  </name>
  <category>
   Gloves
  </category>
  <size>
   M
  </size>
  <color>
   Желтый
  </color>
  <material>
   Кожа
  </material>
  <price>
   694096
  </price>
  <rating>
   2.63
  </rating>
  <reviews>
   353600
  </reviews>
  <new>
   -
  </new>
  <sporty>
   no
  </sporty>
 </clothing>
 <clothing>
  <id>
   239840409
  </id>
  <name>
   Ellesse Gloves Y-6803
  </name>
  <category>
   Gloves
  </category>
  <size>
   XXL
  </size>
  <color>
   Голубой
  </color>
  <material>
   Полиэстер
  </material>
  <price>
   376590
  </price>
  <rating>
   2.18
  </rating>
  <reviews>
   342701
  </reviews>
 </clothing>
 <clothing>
  <id>
   387758918
  </id>
  <name>
   Fila Shirt J-3780
  </name>
  <category>
   Shirt
  </category>
  <size>
   M
  </size>
  <color>
   Красный
  </color>
  <material>
   Полиэстер
  </material>
  <price>
   999669
  </price>
  <rating>
   3.29
  </rating>
  <reviews>
   825089
  </reviews>
  <new>
   -
  </new>
  <exclusive>
   yes
  </exclusive>
  <sporty>
   no
  </sporty>
 </clothing>
 <clothing>
  <id>
   992547841
  </id>
  <name>
   DC Umbrellas Z-7783
  </name>
  <category>
   Umbrellas
  </category>
  <size>
   M
  </size>
  <color>
   Фиолетовый
  </color>
  <material>
   Шерсть
  </material>
  <price>
   337291
  </price>
  <rating>
   2.39
  </rating>
  <reviews>
   256457
  </reviews>
  <new>
   +
  </new>
 </clothing>
 <clothing>
  <id>
   204331341
  </id>
  <name>
   Vans Skirt P-3229
  </name>
  <category>
   Skirt
  </category>
  <size>
   XXL
  </size>
  <color>
   Зеленый
  </color>
  <material>
   Полиэстер
  </material>
  <price>
   553277
  </price>
  <rating>
   1.64
  </rating>
  <reviews>
   39919
  </reviews>
  <new>
   -
  </new>
  <exclusive>
   no
  </exclusive>
 </clothing>
 <clothing>
  <id>
   161544767
  </id>
  <name>
   Ellesse Dress J-1649
  </name>
  <category>
   Dress
  </category>
  <size>
   XL
  </size>
  <color>
   Фиолетовый
  </color>
  <material>
   Вискоза
  </material>
  <price>
   694486
  </price>
  <rating>
   2.24
  </rating>
  <reviews>
   447320
  </reviews>
  <new>
   -
  </new>
  <exclusive>
   no
  </exclusive>
 </clothing>
 <clothing>
  <id>
   575344086
  </id>
  <name>
   DC Belts O-8017
  </name>
  <category>
   Belts
  </category>
  <size>
   XL
  </size>
  <color>
   Синий
  </color>
  <material>
   Кожа
  </material>
  <price>
   831575
  </price>
  <rating>
   1.22
  </rating>
  <reviews>
   905452
  </reviews>
  <new>
   -
  </new>
  <exclusive>
   yes
  </exclusive>
 </clothing>
 <clothing>
  <id>
   442373518
  </id>
  <name>
   Reebok Jacket F-1132
  </name>
  <category>
   Jacket
  </category>
  <size>
   S
  </size>
  <color>
   Красный
  </color>
  <material>
   Вискоза
  </material>
  <price>
   812030
  </price>
  <rating>
   4.88
  </rating>
  <reviews>
   787222
  </reviews>
  <new>
   +
  </new>
  <sporty>
   yes
  </sporty>
 </clothing>
 <clothing>
  <id>
   726060862
  </id>
  <name>
   Nike Shirt C-8207
  </name>
  <category>
   Shirt
  </category>
  <size>
   S
  </size>
  <color>
   Зеленый
  </color>
  <material>
   Лен
  </material>
  <price>
   976254
  </price>
  <rating>
   1.77
  </rating>
  <reviews>
   252453
  </reviews>
  <exclusive>
   no
  </exclusive>
 </clothing>
 <clothing>
  <id>
   153579713
  </id>
  <name>
   Reebok Socks A-1552
  </name>
  <category>
   Socks
  </category>
  <size>
   M
  </size>
  <color>
   Синий
  </color>
  <material>
   Лен
  </material>
  <price>
   221437
  </price>
  <rating>
   3.06
  </rating>
  <reviews>
   359030
  </reviews>
  <new>
   +
  </new>
  <exclusive>
   no
  </exclusive>
  <sporty>
   no
  </sporty>
 </clothing>
 <clothing>
  <id>
   324670231
  </id>
  <name>
   Converse Umbrellas K-9066
  </name>
  <category>
   Umbrellas
  </category>
  <size>
   L
  </size>
  <color>
   Оранжевый
  </color>
  <material>
   Кожа
  </material>
  <price>
   744272
  </price>
  <rating>
   1.79
  </rating>
  <reviews>
   916455
  </reviews>
  <new>
   -
  </new>
  <sporty>
   yes
  </sporty>
 </clothing>
 <clothing>
  <id>
   741145476
  </id>
  <name>
   Fila Jacket A-3239
  </name>
  <category>
   Jacket
  </category>
  <size>
   XXL
  </size>
  <color>
   Красный
  </color>
  <material>
   Хлопок
  </material>
  <price>
   438189
  </price>
  <rating>
   2.9
  </rating>
  <reviews>
   153184
  </reviews>
  <new>
   -
  </new>
  <exclusive>
   no
  </exclusive>
  <sporty>
   no
  </sporty>
 </clothing>
 <clothing>
  <id>
   945655562
  </id>
  <name>
   Under Armour Sweater P-7795
  </name>
  <category>
   Sweater
  </category>
  <size>
   XL
  </size>
  <color>
   Фиолетовый
  </color>
  <material>
   Шерсть
  </material>
  <price>
   153936
  </price>
  <rating>
   1.41
  </rating>
  <reviews>
   8935
  </reviews>
  <exclusive>
   no
  </exclusive>
  <sporty>
   yes
  </sporty>
 </clothing>
 <clothing>
  <id>
   235493639
  </id>
  <name>
   Puma Jacket X-2457
  </name>
  <category>
   Jacket
  </category>
  <size>
   XL
  </size>
  <color>
   Синий
  </color>
  <material>
   Шелк
  </material>
  <price>
   790516
  </price>
  <rating>
   4.12
  </rating>
  <reviews>
   784649
  </reviews>
  <exclusive>
   no
  </exclusive>
  <sporty>
   no
  </sporty>
 </clothing>
 <clothing>
  <id>
   914204963
  </id>
  <name>
   Addidas Hat X-2661
  </name>
  <category>
   Hat
  </category>
  <size>
   XXL
  </size>
  <color>
   Зеленый
  </color>
  <material>
   Шелк
  </material>
  <price>
   652413
  </price>
  <rating>
   4.82
  </rating>
  <reviews>
   346813
  </reviews>
  <new>
   -
  </new>
 </clothing>
 <clothing>
  <id>
   729812262
  </id>
  <name>
   New Balance Handbags B-5335
  </name>
  <category>
   Handbags
  </category>
  <size>
   L
  </size>
  <color>
   Оранжевый
  </color>
  <material>
   Лен
  </material>
  <price>
   453438
  </price>
  <rating>
   3.82
  </rating>
  <reviews>
   247407
  </reviews>
  <new>
   +
  </new>
  <exclusive>
   no
  </exclusive>
  <sporty>
   yes
  </sporty>
 </clothing>
 <clothing>
  <id>
   512309961
  </id>
  <name>
   Lacoste Pants W-7300
  </name>
  <category>
   Pants
  </category>
  <size>
   XXL
  </size>
  <color>
   Красный
  </color>
  <material>
   Хлопок
  </material>
  <price>
   365932
  </price>
  <rating>
   1.47
  </rating>
  <reviews>
   113086
  </reviews>
  <new>
   -
  </new>
  <exclusive>
   yes
  </exclusive>
  <sporty>
   no
  </sporty>
 </clothing>
 <clothing>
  <id>
   650167758
  </id>
  <name>
   Puma Skirt Q-1639
  </name>
  <category>
   Skirt
  </category>
  <size>
   XXL
  </size>
  <color>
   Синий
  </color>
  <material>
   Полиэстер
  </material>
  <price>
   592018
  </price>
  <rating>
   1.3
  </rating>
  <reviews>
   512452
  </reviews>
  <exclusive>
   no
  </exclusive>
  <sporty>
   no
  </sporty>
 </clothing>
 <clothing>
  <id>
   568410357
  </id>
  <name>
   Nike Shoes A-8119
  </name>
  <category>
   Shoes
  </category>
  <size>
   M
  </size>
  <color>
   Оранжевый
  </color>
  <material>
   Шелк
  </material>
  <price>
   417081
  </price>
  <rating>
   4.19
  </rating>
  <reviews>
   666933
  </reviews>
  <new>
   -
  </new>
  <exclusive>
   yes
  </exclusive>
 </clothing>
 <clothing>
  <id>
   394695910
  </id>
  <name>
   Brooks Shirt E-8939
  </name>
  <category>
   Shirt
  </category>
  <size>
   M
  </size>
  <color>
   Голубой
  </color>
  <material>
   Шелк
  </material>
  <price>
   220839
  </price>
  <rating>
   3.3
  </rating>
  <reviews>
   587046
  </reviews>
  <new>
   -
  </new>
  <exclusive>
   no
  </exclusive>
  <sporty>
   no
  </sporty>
 </clothing>
 <clothing>
  <id>
   296575013
  </id>
  <name>
   Lacoste Shoes J-2504
  </name>
  <category>
   Shoes
  </category>
  <size>
   M
  </size>
  <color>
   Синий
  </color>
  <material>
   Полиэстер
  </material>
  <price>
   561407
  </price>
  <rating>
   4.59
  </rating>
  <reviews>
   665464
  </reviews>
  <exclusive>
   no
  </exclusive>
 </clothing>
 <clothing>
  <id>
   378023123
  </id>
  <name>
   Addidas Belts H-1217
  </name>
  <category>
   Belts
  </category>
  <size>
   M
  </size>
  <color>
   Синий
  </color>
  <material>
   Шерсть
  </material>
  <price>
   961839
  </price>
  <rating>
   4.49
  </rating>
  <reviews>
   905518
  </reviews>
  <new>
   +
  </new>
  <exclusive>
   no
  </exclusive>
  <sporty>
   yes
  </sporty>
 </clothing>
 <clothing>
  <id>
   464197565
  </id>
  <name>
   Nike Sweater E-1182
  </name>
  <category>
   Sweater
  </category>
  <size>
   S
  </size>
  <color>
   Красный
  </color>
  <material>
   Нейлон
  </material>
  <price>
   429923
  </price>
  <rating>
   2.48
  </rating>
  <reviews>
   820147
  </reviews>
  <sporty>
   no
  </sporty>
 </clothing>
 <clothing>
  <id>
   141485296
  </id>
  <name>
   Addidas T-shirt L-1020
  </name>
  <category>
   T-shirt
  </category>
  <size>
   S
  </size>
  <color>
   Зеленый
  </color>
  <material>
   Нейлон
  </material>
  <price>
   136698
  </price>
  <rating>
   2.45
  </rating>
  <reviews>
   371204
  </reviews>
  <new>
   +
  </new>
  <exclusive>
   yes
  </exclusive>
  <sporty>
   no
  </sporty>
 </clothing>
 <clothing>
  <id>
   820103617
  </id>
  <name>
   Reebok Shirt U-3650
  </name>
  <category>
   Shirt
  </category>
  <size>
   L
  </size>
  <color>
   Желтый
  </color>
  <material>
   Шелк
  </material>
  <price>
   944625
  </price>
  <rating>
   1.52
  </rating>
  <reviews>
   231572
  </reviews>
  <sporty>
   no
  </sporty>
 </clothing>
 <clothing>
  <id>
   648606011
  </id>
  <name>
   Addidas Sweater J-9497
  </name>
  <category>
   Sweater
  </category>
  <size>
   XL
  </size>
  <color>
   Синий
  </color>
  <material>
   Вискоза
  </material>
  <price>
   999750
  </price>
  <rating>
   3.45
  </rating>
  <reviews>
   708930
  </reviews>
  <exclusive>
   yes
  </exclusive>
 </clothing>
 <clothing>
  <id>
   225038749
  </id>
  <name>
   Nike Socks R-8275
  </name>
  <category>
   Socks
  </category>
  <size>
   L
  </size>
  <color>
   Красный
  </color>
  <material>
   Шерсть
  </material>
  <price>
   577502
  </price>
  <rating>
   2.2
  </rating>
  <reviews>
   720844
  </reviews>
  <exclusive>
   yes
  </exclusive>
  <sporty>
   no
  </sporty>
 </clothing>
 <clothing>
  <id>
   413055047
  </id>
  <name>
   PleinSport Socks N-6847
  </name>
  <category>
   Socks
  </category>
  <size>
   S
  </size>
  <color>
   Желтый
  </color>
  <material>
   Лен
  </material>
  <price>
   550214
  </price>
  <rating>
   3.09
  </rating>
  <reviews>
   860895
  </reviews>
  <new>
   +
  </new>
  <exclusive>
   yes
  </exclusive>
  <sporty>
   yes
  </sporty>
 </clothing>
 <clothing>
  <id>
   762164227
  </id>
  <name>
   Lacoste Umbrellas I-8357
  </name>
  <category>
   Umbrellas
  </category>
  <size>
   S
  </size>
  <color>
   Голубой
  </color>
  <material>
   Хлопок
  </material>
  <price>
   166600
  </price>
  <rating>
   3.79
  </rating>
  <reviews>
   325553
  </reviews>
  <new>
   +
  </new>
  <exclusive>
   no
  </exclusive>
  <sporty>
   yes
  </sporty>
 </clothing>
 <clothing>
  <id>
   439164293
  </id>
  <name>
   Addidas Hat M-5463
  </name>
  <category>
   Hat
  </category>
  <size>
   XXL
  </size>
  <color>
   Голубой
  </color>
  <material>
   Хлопок
  </material>
  <price>
   601668
  </price>
  <rating>
   4.9
  </rating>
  <reviews>
   743830
  </reviews>
  <exclusive>
   yes
  </exclusive>
 </clothing>
 <clothing>
  <id>
   922831783
  </id>
  <name>
   Puma Belts J-1360
  </name>
  <category>
   Belts
  </category>
  <size>
   XL
  </size>
  <color>
   Оранжевый
  </color>
  <material>
   Полиэстер
  </material>
  <price>
   923816
  </price>
  <rating>
   4.63
  </rating>
  <reviews>
   533737
  </reviews>
  <exclusive>
   yes
  </exclusive>
 </clothing>
 <clothing>
  <id>
   418396601
  </id>
  <name>
   Brooks Shoes Z-4151
  </name>
  <category>
   Shoes
  </category>
  <size>
   L
  </size>
  <color>
   Зеленый
  </color>
  <material>
   Кожа
  </material>
  <price>
   330660
  </price>
  <rating>
   1.76
  </rating>
  <reviews>
   968807
  </reviews>
  <new>
   +
  </new>
 </clothing>
 <clothing>
  <id>
   632048012
  </id>
  <name>
   Asics Jacket I-8828
  </name>
  <category>
   Jacket
  </category>
  <size>
   XXL
  </size>
  <color>
   Голубой
  </color>
  <material>
   Вискоза
  </material>
  <price>
   278348
  </price>
  <rating>
   2.18
  </rating>
  <reviews>
   497249
  </reviews>
  <new>
   +
  </new>
  <exclusive>
   no
  </exclusive>
 </clothing>
 <clothing>
  <id>
   898224590
  </id>
  <name>
   Vans Sweater F-4935
  </name>
  <category>
   Sweater
  </category>
  <size>
   XL
  </size>
  <color>
   Желтый
  </color>
  <material>
   Кожа
  </material>
  <price>
   926479
  </price>
  <rating>
   2.09
  </rating>
  <reviews>
   725937
  </reviews>
  <new>
   -
  </new>
  <exclusive>
   no
  </exclusive>
  <sporty>
   no
  </sporty>
 </clothing>
 <clothing>
  <id>
   260868774
  </id>
  <name>
   Adidas Gloves E-4311
  </name>
  <category>
   Gloves
  </category>
  <size>
   S
  </size>
  <color>
   Желтый
  </color>
  <material>
   Вискоза
  </material>
  <price>
   514597
  </price>
  <rating>
   4.23
  </rating>
  <reviews>
   924323
  </reviews>
  <exclusive>
   yes
  </exclusive>
 </clothing>
 <clothing>
  <id>
   641562346
  </id>
  <name>
   Addidas Belts B-6924
  </name>
  <category>
   Belts
  </category>
  <size>
   S
  </size>
  <color>
   Желтый
  </color>
  <material>
   Шерсть
  </material>
  <price>
   554799
  </price>
  <rating>
   1.98
  </rating>
  <reviews>
   334800
  </reviews>
  <exclusive>
   yes
  </exclusive>
 </clothing>
</clothing-items>
