<?xml version="1.0" encoding="utf-8"?>
<clothing-items>
 <clothing>
  <id>
   344613073
  </id>
  <name>
   PleinSport Sweater L-4738
  </name>
  <category>
   Sweater
  </category>
  <size>
   M
  </size>
  <color>
   Желтый
  </color>
  <material>
   Вискоза
  </material>
  <price>
   803246
  </price>
  <rating>
   1.51
  </rating>
  <reviews>
   347413
  </reviews>
  <new>
   +
  </new>
  <sporty>
   yes
  </sporty>
 </clothing>
 <clothing>
  <id>
   354970668
  </id>
  <name>
   PleinSport Shoes N-3492
  </name>
  <category>
   Shoes
  </category>
  <size>
   L
  </size>
  <color>
   Оранжевый
  </color>
  <material>
   Кожа
  </material>
  <price>
   133568
  </price>
  <rating>
   2.15
  </rating>
  <reviews>
   736921
  </reviews>
  <new>
   -
  </new>
  <exclusive>
   no
  </exclusive>
 </clothing>
 <clothing>
  <id>
   944901582
  </id>
  <name>
   DC Pants T-8929
  </name>
  <category>
   Pants
  </category>
  <size>
   XL
  </size>
  <color>
   Фиолетовый
  </color>
  <material>
   Кожа
  </material>
  <price>
   625357
  </price>
  <rating>
   2.85
  </rating>
  <reviews>
   873973
  </reviews>
  <new>
   +
  </new>
  <exclusive>
   no
  </exclusive>
  <sporty>
   no
  </sporty>
 </clothing>
 <clothing>
  <id>
   585146619
  </id>
  <name>
   Asics Socks C-9265
  </name>
  <category>
   Socks
  </category>
  <size>
   M
  </size>
  <color>
   Голубой
  </color>
  <material>
   Нейлон
  </material>
  <price>
   649749
  </price>
  <rating>
   2.44
  </rating>
  <reviews>
   94193
  </reviews>
  <new>
   +
  </new>
  <exclusive>
   no
  </exclusive>
  <sporty>
   yes
  </sporty>
 </clothing>
 <clothing>
  <id>
   493545181
  </id>
  <name>
   Vans Socks J-8012
  </name>
  <category>
   Socks
  </category>
  <size>
   XXL
  </size>
  <color>
   Зеленый
  </color>
  <material>
   Нейлон
  </material>
  <price>
   601488
  </price>
  <rating>
   4.71
  </rating>
  <reviews>
   96967
  </reviews>
  <new>
   -
  </new>
  <exclusive>
   no
  </exclusive>
  <sporty>
   no
  </sporty>
 </clothing>
 <clothing>
  <id>
   220173152
  </id>
  <name>
   Ellesse Hat B-5095
  </name>
  <category>
   Hat
  </category>
  <size>
   M
  </size>
  <color>
   Голубой
  </color>
  <material>
   Нейлон
  </material>
  <price>
   616042
  </price>
  <rating>
   2.9
  </rating>
  <reviews>
   305263
  </reviews>
  <new>
   +
  </new>
  <exclusive>
   no
  </exclusive>
  <sporty>
   yes
  </sporty>
 </clothing>
 <clothing>
  <id>
   308233823
  </id>
  <name>
   Fila Socks W-8877
  </name>
  <category>
   Socks
  </category>
  <size>
   XXL
  </size>
  <color>
   Зеленый
  </color>
  <material>
   Полиэстер
  </material>
  <price>
   233630
  </price>
  <rating>
   1.92
  </rating>
  <reviews>
   674999
  </reviews>
  <exclusive>
   yes
  </exclusive>
 </clothing>
 <clothing>
  <id>
   996080819
  </id>
  <name>
   Converse Umbrellas C-9852
  </name>
  <category>
   Umbrellas
  </category>
  <size>
   L
  </size>
  <color>
   Желтый
  </color>
  <material>
   Шерсть
  </material>
  <price>
   120464
  </price>
  <rating>
   4.35
  </rating>
  <reviews>
   661653
  </reviews>
  <exclusive>
   no
  </exclusive>
 </clothing>
 <clothing>
  <id>
   810064679
  </id>
  <name>
   New Balance Dress H-6100
  </name>
  <category>
   Dress
  </category>
  <size>
   L
  </size>
  <color>
   Красный
  </color>
  <material>
   Шерсть
  </material>
  <price>
   746396
  </price>
  <rating>
   3.12
  </rating>
  <reviews>
   951460
  </reviews>
  <sporty>
   no
  </sporty>
 </clothing>
 <clothing>
  <id>
   435416903
  </id>
  <name>
   Vans Belts W-2888
  </name>
  <category>
   Belts
  </category>
  <size>
   S
  </size>
  <color>
   Голубой
  </color>
  <material>
   Нейлон
  </material>
  <price>
   159299
  </price>
  <rating>
   1.08
  </rating>
  <reviews>
   939424
  </reviews>
  <new>
   +
  </new>
  <exclusive>
   no
  </exclusive>
  <sporty>
   yes
  </sporty>
 </clothing>
</clothing-items>
