<?xml version="1.0" encoding="utf-8"?>
<clothing-items>
 <clothing>
  <id>
   962622837
  </id>
  <name>
   Asics Jacket A-9595
  </name>
  <category>
   Jacket
  </category>
  <size>
   XXL
  </size>
  <color>
   Синий
  </color>
  <material>
   Шерсть
  </material>
  <price>
   362577
  </price>
  <rating>
   4.16
  </rating>
  <reviews>
   985361
  </reviews>
  <new>
   -
  </new>
  <sporty>
   yes
  </sporty>
 </clothing>
 <clothing>
  <id>
   194474934
  </id>
  <name>
   DC Gloves K-9368
  </name>
  <category>
   Gloves
  </category>
  <size>
   L
  </size>
  <color>
   Голубой
  </color>
  <material>
   Шерсть
  </material>
  <price>
   319129
  </price>
  <rating>
   1.31
  </rating>
  <reviews>
   472559
  </reviews>
  <new>
   -
  </new>
  <exclusive>
   yes
  </exclusive>
  <sporty>
   no
  </sporty>
 </clothing>
 <clothing>
  <id>
   313754920
  </id>
  <name>
   DC Hat X-6623
  </name>
  <category>
   Hat
  </category>
  <size>
   XL
  </size>
  <color>
   Желтый
  </color>
  <material>
   Полиэстер
  </material>
  <price>
   457036
  </price>
  <rating>
   3.19
  </rating>
  <reviews>
   210679
  </reviews>
  <new>
   -
  </new>
 </clothing>
 <clothing>
  <id>
   102191032
  </id>
  <name>
   PleinSport Shirt E-6914
  </name>
  <category>
   Shirt
  </category>
  <size>
   XL
  </size>
  <color>
   Синий
  </color>
  <material>
   Вискоза
  </material>
  <price>
   652155
  </price>
  <rating>
   3.58
  </rating>
  <reviews>
   273007
  </reviews>
  <exclusive>
   no
  </exclusive>
  <sporty>
   no
  </sporty>
 </clothing>
 <clothing>
  <id>
   387301793
  </id>
  <name>
   Nike Dress J-2233
  </name>
  <category>
   Dress
  </category>
  <size>
   M
  </size>
  <color>
   Фиолетовый
  </color>
  <material>
   Хлопок
  </material>
  <price>
   695129
  </price>
  <rating>
   2.63
  </rating>
  <reviews>
   633234
  </reviews>
  <new>
   +
  </new>
  <exclusive>
   no
  </exclusive>
 </clothing>
 <clothing>
  <id>
   107777582
  </id>
  <name>
   Adidas T-shirt S-3721
  </name>
  <category>
   T-shirt
  </category>
  <size>
   XL
  </size>
  <color>
   Голубой
  </color>
  <material>
   Шелк
  </material>
  <price>
   337905
  </price>
  <rating>
   1.97
  </rating>
  <reviews>
   604676
  </reviews>
  <new>
   -
  </new>
 </clothing>
 <clothing>
  <id>
   293355154
  </id>
  <name>
   Adidas Hat J-3241
  </name>
  <category>
   Hat
  </category>
  <size>
   XXL
  </size>
  <color>
   Голубой
  </color>
  <material>
   Шелк
  </material>
  <price>
   692582
  </price>
  <rating>
   4.28
  </rating>
  <reviews>
   19336
  </reviews>
  <exclusive>
   no
  </exclusive>
  <sporty>
   yes
  </sporty>
 </clothing>
 <clothing>
  <id>
   764420156
  </id>
  <name>
   Asics Gloves R-5250
  </name>
  <category>
   Gloves
  </category>
  <size>
   M
  </size>
  <color>
   Красный
  </color>
  <material>
   Шелк
  </material>
  <price>
   316624
  </price>
  <rating>
   2.68
  </rating>
  <reviews>
   518818
  </reviews>
  <sporty>
   yes
  </sporty>
 </clothing>
 <clothing>
  <id>
   639130697
  </id>
  <name>
   Reebok Jacket K-3801
  </name>
  <category>
   Jacket
  </category>
  <size>
   M
  </size>
  <color>
   Оранжевый
  </color>
  <material>
   Вискоза
  </material>
  <price>
   448134
  </price>
  <rating>
   1.52
  </rating>
  <reviews>
   147525
  </reviews>
  <new>
   -
  </new>
  <sporty>
   no
  </sporty>
 </clothing>
 <clothing>
  <id>
   255329551
  </id>
  <name>
   Converse Shoes O-8095
  </name>
  <category>
   Shoes
  </category>
  <size>
   M
  </size>
  <color>
   Голубой
  </color>
  <material>
   Шелк
  </material>
  <price>
   965028
  </price>
  <rating>
   2.91
  </rating>
  <reviews>
   788445
  </reviews>
  <new>
   +
  </new>
  <sporty>
   yes
  </sporty>
 </clothing>
 <clothing>
  <id>
   994218991
  </id>
  <name>
   Converse Belts L-3702
  </name>
  <category>
   Belts
  </category>
  <size>
   M
  </size>
  <color>
   Голубой
  </color>
  <material>
   Хлопок
  </material>
  <price>
   233708
  </price>
  <rating>
   2.19
  </rating>
  <reviews>
   298304
  </reviews>
  <new>
   +
  </new>
  <exclusive>
   no
  </exclusive>
  <sporty>
   no
  </sporty>
 </clothing>
</clothing-items>
