<?xml version="1.0" encoding="utf-8"?>
<clothing-items>
 <clothing>
  <id>
   530505933
  </id>
  <name>
   Vans Umbrellas A-7783
  </name>
  <category>
   Umbrellas
  </category>
  <size>
   XL
  </size>
  <color>
   Желтый
  </color>
  <material>
   Хлопок
  </material>
  <price>
   367573
  </price>
  <rating>
   4.38
  </rating>
  <reviews>
   386226
  </reviews>
  <exclusive>
   no
  </exclusive>
  <sporty>
   no
  </sporty>
 </clothing>
 <clothing>
  <id>
   337887331
  </id>
  <name>
   Ellesse T-shirt C-4937
  </name>
  <category>
   T-shirt
  </category>
  <size>
   S
  </size>
  <color>
   Зеленый
  </color>
  <material>
   Хлопок
  </material>
  <price>
   254562
  </price>
  <rating>
   3.08
  </rating>
  <reviews>
   570294
  </reviews>
  <sporty>
   yes
  </sporty>
 </clothing>
 <clothing>
  <id>
   408940747
  </id>
  <name>
   PleinSport Jeans L-1403
  </name>
  <category>
   Jeans
  </category>
  <size>
   M
  </size>
  <color>
   Оранжевый
  </color>
  <material>
   Шелк
  </material>
  <price>
   167910
  </price>
  <rating>
   1.45
  </rating>
  <reviews>
   770039
  </reviews>
  <new>
   -
  </new>
  <sporty>
   no
  </sporty>
 </clothing>
 <clothing>
  <id>
   589053068
  </id>
  <name>
   Adidas Belts C-9438
  </name>
  <category>
   Belts
  </category>
  <size>
   M
  </size>
  <color>
   Фиолетовый
  </color>
  <material>
   Лен
  </material>
  <price>
   413928
  </price>
  <rating>
   3.24
  </rating>
  <reviews>
   490770
  </reviews>
  <new>
   -
  </new>
 </clothing>
 <clothing>
  <id>
   594556424
  </id>
  <name>
   PleinSport Pants I-2008
  </name>
  <category>
   Pants
  </category>
  <size>
   XL
  </size>
  <color>
   Синий
  </color>
  <material>
   Шелк
  </material>
  <price>
   554018
  </price>
  <rating>
   2.73
  </rating>
  <reviews>
   811185
  </reviews>
  <new>
   -
  </new>
  <sporty>
   yes
  </sporty>
 </clothing>
 <clothing>
  <id>
   601964872
  </id>
  <name>
   Under Armour Blouse G-9309
  </name>
  <category>
   Blouse
  </category>
  <size>
   L
  </size>
  <color>
   Красный
  </color>
  <material>
   Шерсть
  </material>
  <price>
   938014
  </price>
  <rating>
   4.71
  </rating>
  <reviews>
   186375
  </reviews>
  <new>
   +
  </new>
  <exclusive>
   no
  </exclusive>
 </clothing>
 <clothing>
  <id>
   161329034
  </id>
  <name>
   Puma Shoes C-2530
  </name>
  <category>
   Shoes
  </category>
  <size>
   XXL
  </size>
  <color>
   Фиолетовый
  </color>
  <material>
   Хлопок
  </material>
  <price>
   620819
  </price>
  <rating>
   1.51
  </rating>
  <reviews>
   54503
  </reviews>
  <new>
   +
  </new>
  <sporty>
   no
  </sporty>
 </clothing>
 <clothing>
  <id>
   191626887
  </id>
  <name>
   Reebok Sweater M-2232
  </name>
  <category>
   Sweater
  </category>
  <size>
   S
  </size>
  <color>
   Голубой
  </color>
  <material>
   Шелк
  </material>
  <price>
   418666
  </price>
  <rating>
   1.86
  </rating>
  <reviews>
   976960
  </reviews>
  <new>
   +
  </new>
  <exclusive>
   yes
  </exclusive>
 </clothing>
 <clothing>
  <id>
   913055809
  </id>
  <name>
   Converse Jeans A-9174
  </name>
  <category>
   Jeans
  </category>
  <size>
   XXL
  </size>
  <color>
   Оранжевый
  </color>
  <material>
   Полиэстер
  </material>
  <price>
   237705
  </price>
  <rating>
   3.95
  </rating>
  <reviews>
   464551
  </reviews>
  <new>
   +
  </new>
  <sporty>
   no
  </sporty>
 </clothing>
 <clothing>
  <id>
   216436129
  </id>
  <name>
   Puma Dress C-9418
  </name>
  <category>
   Dress
  </category>
  <size>
   XL
  </size>
  <color>
   Фиолетовый
  </color>
  <material>
   Полиэстер
  </material>
  <price>
   414117
  </price>
  <rating>
   1.8
  </rating>
  <reviews>
   671728
  </reviews>
  <exclusive>
   no
  </exclusive>
  <sporty>
   no
  </sporty>
 </clothing>
 <clothing>
  <id>
   241698249
  </id>
  <name>
   PleinSport Socks C-6242
  </name>
  <category>
   Socks
  </category>
  <size>
   S
  </size>
  <color>
   Зеленый
  </color>
  <material>
   Шелк
  </material>
  <price>
   232295
  </price>
  <rating>
   2.09
  </rating>
  <reviews>
   493032
  </reviews>
  <exclusive>
   no
  </exclusive>
  <sporty>
   yes
  </sporty>
 </clothing>
 <clothing>
  <id>
   897374599
  </id>
  <name>
   Under Armour Jeans M-9233
  </name>
  <category>
   Jeans
  </category>
  <size>
   XL
  </size>
  <color>
   Фиолетовый
  </color>
  <material>
   Лен
  </material>
  <price>
   575294
  </price>
  <rating>
   2.02
  </rating>
  <reviews>
   440480
  </reviews>
  <new>
   +
  </new>
  <exclusive>
   yes
  </exclusive>
  <sporty>
   yes
  </sporty>
 </clothing>
 <clothing>
  <id>
   854605273
  </id>
  <name>
   New Balance Jacket C-9084
  </name>
  <category>
   Jacket
  </category>
  <size>
   S
  </size>
  <color>
   Красный
  </color>
  <material>
   Кожа
  </material>
  <price>
   192958
  </price>
  <rating>
   1.42
  </rating>
  <reviews>
   433795
  </reviews>
  <exclusive>
   no
  </exclusive>
  <sporty>
   no
  </sporty>
 </clothing>
 <clothing>
  <id>
   515541721
  </id>
  <name>
   Adidas Gloves O-7270
  </name>
  <category>
   Gloves
  </category>
  <size>
   XL
  </size>
  <color>
   Зеленый
  </color>
  <material>
   Вискоза
  </material>
  <price>
   822385
  </price>
  <rating>
   3.38
  </rating>
  <reviews>
   128050
  </reviews>
  <new>
   -
  </new>
  <exclusive>
   yes
  </exclusive>
 </clothing>
 <clothing>
  <id>
   843624236
  </id>
  <name>
   Brooks Sweater I-1126
  </name>
  <category>
   Sweater
  </category>
  <size>
   S
  </size>
  <color>
   Желтый
  </color>
  <material>
   Шерсть
  </material>
  <price>
   837422
  </price>
  <rating>
   2.97
  </rating>
  <reviews>
   103607
  </reviews>
  <new>
   -
  </new>
  <exclusive>
   yes
  </exclusive>
 </clothing>
 <clothing>
  <id>
   461539630
  </id>
  <name>
   Vans Gloves J-1824
  </name>
  <category>
   Gloves
  </category>
  <size>
   M
  </size>
  <color>
   Голубой
  </color>
  <material>
   Лен
  </material>
  <price>
   121937
  </price>
  <rating>
   4.23
  </rating>
  <reviews>
   974686
  </reviews>
  <new>
   -
  </new>
  <exclusive>
   no
  </exclusive>
  <sporty>
   no
  </sporty>
 </clothing>
 <clothing>
  <id>
   791396343
  </id>
  <name>
   Converse T-shirt R-1402
  </name>
  <category>
   T-shirt
  </category>
  <size>
   XXL
  </size>
  <color>
   Синий
  </color>
  <material>
   Хлопок
  </material>
  <price>
   978375
  </price>
  <rating>
   4.29
  </rating>
  <reviews>
   311534
  </reviews>
  <new>
   +
  </new>
  <sporty>
   yes
  </sporty>
 </clothing>
 <clothing>
  <id>
   674001721
  </id>
  <name>
   Vans Shirt T-1315
  </name>
  <category>
   Shirt
  </category>
  <size>
   XXL
  </size>
  <color>
   Голубой
  </color>
  <material>
   Вискоза
  </material>
  <price>
   950916
  </price>
  <rating>
   3.44
  </rating>
  <reviews>
   3917
  </reviews>
  <new>
   -
  </new>
  <exclusive>
   no
  </exclusive>
 </clothing>
 <clothing>
  <id>
   683336958
  </id>
  <name>
   Asics T-shirt W-4111
  </name>
  <category>
   T-shirt
  </category>
  <size>
   L
  </size>
  <color>
   Оранжевый
  </color>
  <material>
   Шелк
  </material>
  <price>
   694982
  </price>
  <rating>
   1.01
  </rating>
  <reviews>
   996394
  </reviews>
  <sporty>
   no
  </sporty>
 </clothing>
 <clothing>
  <id>
   560988985
  </id>
  <name>
   Lacoste Jeans V-5421
  </name>
  <category>
   Jeans
  </category>
  <size>
   S
  </size>
  <color>
   Фиолетовый
  </color>
  <material>
   Шелк
  </material>
  <price>
   723533
  </price>
  <rating>
   1.73
  </rating>
  <reviews>
   170218
  </reviews>
  <exclusive>
   no
  </exclusive>
  <sporty>
   no
  </sporty>
 </clothing>
 <clothing>
  <id>
   920713072
  </id>
  <name>
   Vans Shoes F-1274
  </name>
  <category>
   Shoes
  </category>
  <size>
   M
  </size>
  <color>
   Красный
  </color>
  <material>
   Полиэстер
  </material>
  <price>
   314877
  </price>
  <rating>
   1.97
  </rating>
  <reviews>
   974348
  </reviews>
 </clothing>
 <clothing>
  <id>
   139863128
  </id>
  <name>
   Adidas Sweater C-8380
  </name>
  <category>
   Sweater
  </category>
  <size>
   S
  </size>
  <color>
   Оранжевый
  </color>
  <material>
   Полиэстер
  </material>
  <price>
   866898
  </price>
  <rating>
   3.5
  </rating>
  <reviews>
   381854
  </reviews>
  <new>
   -
  </new>
  <exclusive>
   yes
  </exclusive>
 </clothing>
 <clothing>
  <id>
   506431186
  </id>
  <name>
   Vans Umbrellas P-9864
  </name>
  <category>
   Umbrellas
  </category>
  <size>
   M
  </size>
  <color>
   Оранжевый
  </color>
  <material>
   Лен
  </material>
  <price>
   651919
  </price>
  <rating>
   2.68
  </rating>
  <reviews>
   93232
  </reviews>
  <new>
   -
  </new>
  <sporty>
   yes
  </sporty>
 </clothing>
 <clothing>
  <id>
   104292339
  </id>
  <name>
   Nike Dress I-5652
  </name>
  <category>
   Dress
  </category>
  <size>
   M
  </size>
  <color>
   Желтый
  </color>
  <material>
   Вискоза
  </material>
  <price>
   881780
  </price>
  <rating>
   2.27
  </rating>
  <reviews>
   202630
  </reviews>
  <exclusive>
   yes
  </exclusive>
  <sporty>
   no
  </sporty>
 </clothing>
 <clothing>
  <id>
   924862640
  </id>
  <name>
   DC Jacket H-5140
  </name>
  <category>
   Jacket
  </category>
  <size>
   S
  </size>
  <color>
   Оранжевый
  </color>
  <material>
   Полиэстер
  </material>
  <price>
   727239
  </price>
  <rating>
   3.57
  </rating>
  <reviews>
   41826
  </reviews>
  <new>
   -
  </new>
  <sporty>
   no
  </sporty>
 </clothing>
 <clothing>
  <id>
   718667294
  </id>
  <name>
   Puma Jacket X-3455
  </name>
  <category>
   Jacket
  </category>
  <size>
   L
  </size>
  <color>
   Голубой
  </color>
  <material>
   Лен
  </material>
  <price>
   809863
  </price>
  <rating>
   4.91
  </rating>
  <reviews>
   906569
  </reviews>
  <new>
   -
  </new>
  <exclusive>
   yes
  </exclusive>
 </clothing>
 <clothing>
  <id>
   766257983
  </id>
  <name>
   Fila Gloves N-1283
  </name>
  <category>
   Gloves
  </category>
  <size>
   S
  </size>
  <color>
   Фиолетовый
  </color>
  <material>
   Нейлон
  </material>
  <price>
   782242
  </price>
  <rating>
   3.89
  </rating>
  <reviews>
   881562
  </reviews>
  <new>
   +
  </new>
  <sporty>
   no
  </sporty>
 </clothing>
</clothing-items>
