<?xml version="1.0" encoding="utf-8"?>
<clothing-items>
 <clothing>
  <id>
   324957287
  </id>
  <name>
   New Balance Jeans V-1341
  </name>
  <category>
   Jeans
  </category>
  <size>
   S
  </size>
  <color>
   Голубой
  </color>
  <material>
   Нейлон
  </material>
  <price>
   807699
  </price>
  <rating>
   2.88
  </rating>
  <reviews>
   944414
  </reviews>
  <new>
   -
  </new>
  <exclusive>
   yes
  </exclusive>
  <sporty>
   no
  </sporty>
 </clothing>
 <clothing>
  <id>
   730422042
  </id>
  <name>
   Under Armour Jacket Z-1249
  </name>
  <category>
   Jacket
  </category>
  <size>
   M
  </size>
  <color>
   Фиолетовый
  </color>
  <material>
   Кожа
  </material>
  <price>
   950945
  </price>
  <rating>
   3.44
  </rating>
  <reviews>
   703340
  </reviews>
  <new>
   +
  </new>
  <exclusive>
   yes
  </exclusive>
  <sporty>
   yes
  </sporty>
 </clothing>
 <clothing>
  <id>
   180654481
  </id>
  <name>
   Addidas Dress H-5927
  </name>
  <category>
   Dress
  </category>
  <size>
   L
  </size>
  <color>
   Синий
  </color>
  <material>
   Шелк
  </material>
  <price>
   529365
  </price>
  <rating>
   1.09
  </rating>
  <reviews>
   515452
  </reviews>
  <new>
   -
  </new>
  <exclusive>
   yes
  </exclusive>
  <sporty>
   yes
  </sporty>
 </clothing>
 <clothing>
  <id>
   820066408
  </id>
  <name>
   Nike Jacket V-3340
  </name>
  <category>
   Jacket
  </category>
  <size>
   S
  </size>
  <color>
   Синий
  </color>
  <material>
   Лен
  </material>
  <price>
   805763
  </price>
  <rating>
   3.22
  </rating>
  <reviews>
   212523
  </reviews>
  <new>
   +
  </new>
  <sporty>
   yes
  </sporty>
 </clothing>
 <clothing>
  <id>
   311865546
  </id>
  <name>
   Asics Hat D-8801
  </name>
  <category>
   Hat
  </category>
  <size>
   S
  </size>
  <color>
   Фиолетовый
  </color>
  <material>
   Нейлон
  </material>
  <price>
   128045
  </price>
  <rating>
   3.06
  </rating>
  <reviews>
   956970
  </reviews>
  <new>
   -
  </new>
  <exclusive>
   no
  </exclusive>
  <sporty>
   no
  </sporty>
 </clothing>
 <clothing>
  <id>
   326784827
  </id>
  <name>
   Ellesse Shirt U-1062
  </name>
  <category>
   Shirt
  </category>
  <size>
   XL
  </size>
  <color>
   Красный
  </color>
  <material>
   Шерсть
  </material>
  <price>
   609002
  </price>
  <rating>
   4.81
  </rating>
  <reviews>
   946728
  </reviews>
  <new>
   +
  </new>
  <sporty>
   no
  </sporty>
 </clothing>
 <clothing>
  <id>
   143699825
  </id>
  <name>
   DC Skirt K-8020
  </name>
  <category>
   Skirt
  </category>
  <size>
   S
  </size>
  <color>
   Голубой
  </color>
  <material>
   Шерсть
  </material>
  <price>
   731138
  </price>
  <rating>
   2.53
  </rating>
  <reviews>
   478484
  </reviews>
  <new>
   +
  </new>
  <exclusive>
   yes
  </exclusive>
  <sporty>
   yes
  </sporty>
 </clothing>
 <clothing>
  <id>
   220250581
  </id>
  <name>
   Nike Handbags Z-3504
  </name>
  <category>
   Handbags
  </category>
  <size>
   XXL
  </size>
  <color>
   Синий
  </color>
  <material>
   Нейлон
  </material>
  <price>
   586524
  </price>
  <rating>
   4.61
  </rating>
  <reviews>
   295809
  </reviews>
  <new>
   -
  </new>
  <exclusive>
   no
  </exclusive>
  <sporty>
   yes
  </sporty>
 </clothing>
 <clothing>
  <id>
   557060076
  </id>
  <name>
   Ellesse Skirt L-7633
  </name>
  <category>
   Skirt
  </category>
  <size>
   XL
  </size>
  <color>
   Оранжевый
  </color>
  <material>
   Нейлон
  </material>
  <price>
   381424
  </price>
  <rating>
   2.97
  </rating>
  <reviews>
   153282
  </reviews>
  <new>
   -
  </new>
  <exclusive>
   no
  </exclusive>
  <sporty>
   no
  </sporty>
 </clothing>
 <clothing>
  <id>
   261474211
  </id>
  <name>
   New Balance Dress K-8200
  </name>
  <category>
   Dress
  </category>
  <size>
   L
  </size>
  <color>
   Желтый
  </color>
  <material>
   Шерсть
  </material>
  <price>
   432946
  </price>
  <rating>
   4.18
  </rating>
  <reviews>
   599074
  </reviews>
  <exclusive>
   yes
  </exclusive>
  <sporty>
   no
  </sporty>
 </clothing>
 <clothing>
  <id>
   998006546
  </id>
  <name>
   Fila Shoes F-6845
  </name>
  <category>
   Shoes
  </category>
  <size>
   L
  </size>
  <color>
   Фиолетовый
  </color>
  <material>
   Полиэстер
  </material>
  <price>
   650207
  </price>
  <rating>
   1.01
  </rating>
  <reviews>
   871618
  </reviews>
  <exclusive>
   no
  </exclusive>
  <sporty>
   yes
  </sporty>
 </clothing>
 <clothing>
  <id>
   675175891
  </id>
  <name>
   New Balance Pants Q-1512
  </name>
  <category>
   Pants
  </category>
  <size>
   XXL
  </size>
  <color>
   Зеленый
  </color>
  <material>
   Нейлон
  </material>
  <price>
   492022
  </price>
  <rating>
   1.62
  </rating>
  <reviews>
   688664
  </reviews>
  <new>
   -
  </new>
  <exclusive>
   no
  </exclusive>
 </clothing>
 <clothing>
  <id>
   533242377
  </id>
  <name>
   Asics Shirt E-2532
  </name>
  <category>
   Shirt
  </category>
  <size>
   L
  </size>
  <color>
   Синий
  </color>
  <material>
   Шелк
  </material>
  <price>
   706572
  </price>
  <rating>
   4.22
  </rating>
  <reviews>
   246282
  </reviews>
  <new>
   -
  </new>
  <exclusive>
   no
  </exclusive>
 </clothing>
 <clothing>
  <id>
   982149859
  </id>
  <name>
   Under Armour Pants M-2599
  </name>
  <category>
   Pants
  </category>
  <size>
   M
  </size>
  <color>
   Красный
  </color>
  <material>
   Полиэстер
  </material>
  <price>
   759144
  </price>
  <rating>
   4.11
  </rating>
  <reviews>
   177409
  </reviews>
  <new>
   +
  </new>
  <exclusive>
   no
  </exclusive>
  <sporty>
   yes
  </sporty>
 </clothing>
 <clothing>
  <id>
   262587416
  </id>
  <name>
   Under Armour Hat C-3945
  </name>
  <category>
   Hat
  </category>
  <size>
   L
  </size>
  <color>
   Желтый
  </color>
  <material>
   Шерсть
  </material>
  <price>
   887925
  </price>
  <rating>
   2.16
  </rating>
  <reviews>
   378260
  </reviews>
  <new>
   -
  </new>
  <exclusive>
   yes
  </exclusive>
  <sporty>
   yes
  </sporty>
 </clothing>
 <clothing>
  <id>
   660008303
  </id>
  <name>
   Converse Skirt P-7513
  </name>
  <category>
   Skirt
  </category>
  <size>
   M
  </size>
  <color>
   Оранжевый
  </color>
  <material>
   Вискоза
  </material>
  <price>
   142103
  </price>
  <rating>
   2.3
  </rating>
  <reviews>
   551056
  </reviews>
  <exclusive>
   yes
  </exclusive>
  <sporty>
   yes
  </sporty>
 </clothing>
 <clothing>
  <id>
   901092145
  </id>
  <name>
   Addidas Hat B-4571
  </name>
  <category>
   Hat
  </category>
  <size>
   XXL
  </size>
  <color>
   Желтый
  </color>
  <material>
   Нейлон
  </material>
  <price>
   475166
  </price>
  <rating>
   2.3
  </rating>
  <reviews>
   302187
  </reviews>
  <new>
   -
  </new>
  <exclusive>
   yes
  </exclusive>
  <sporty>
   no
  </sporty>
 </clothing>
 <clothing>
  <id>
   290546065
  </id>
  <name>
   Asics Jacket G-9379
  </name>
  <category>
   Jacket
  </category>
  <size>
   M
  </size>
  <color>
   Синий
  </color>
  <material>
   Полиэстер
  </material>
  <price>
   533003
  </price>
  <rating>
   3.33
  </rating>
  <reviews>
   547507
  </reviews>
  <new>
   -
  </new>
  <exclusive>
   no
  </exclusive>
 </clothing>
 <clothing>
  <id>
   237131398
  </id>
  <name>
   Puma Umbrellas N-3561
  </name>
  <category>
   Umbrellas
  </category>
  <size>
   L
  </size>
  <color>
   Красный
  </color>
  <material>
   Нейлон
  </material>
  <price>
   274494
  </price>
  <rating>
   3.41
  </rating>
  <reviews>
   611427
  </reviews>
  <exclusive>
   yes
  </exclusive>
  <sporty>
   no
  </sporty>
 </clothing>
 <clothing>
  <id>
   139203823
  </id>
  <name>
   Puma Hat J-2324
  </name>
  <category>
   Hat
  </category>
  <size>
   XXL
  </size>
  <color>
   Синий
  </color>
  <material>
   Кожа
  </material>
  <price>
   853518
  </price>
  <rating>
   1.51
  </rating>
  <reviews>
   681018
  </reviews>
  <new>
   -
  </new>
  <sporty>
   no
  </sporty>
 </clothing>
 <clothing>
  <id>
   721765787
  </id>
  <name>
   Fila Socks K-5124
  </name>
  <category>
   Socks
  </category>
  <size>
   L
  </size>
  <color>
   Зеленый
  </color>
  <material>
   Шелк
  </material>
  <price>
   543194
  </price>
  <rating>
   4.57
  </rating>
  <reviews>
   613569
  </reviews>
  <exclusive>
   no
  </exclusive>
 </clothing>
 <clothing>
  <id>
   641756428
  </id>
  <name>
   Fila Jacket F-2785
  </name>
  <category>
   Jacket
  </category>
  <size>
   L
  </size>
  <color>
   Синий
  </color>
  <material>
   Лен
  </material>
  <price>
   927972
  </price>
  <rating>
   2.54
  </rating>
  <reviews>
   703052
  </reviews>
  <exclusive>
   no
  </exclusive>
 </clothing>
 <clothing>
  <id>
   280176301
  </id>
  <name>
   Adidas Pants Z-8122
  </name>
  <category>
   Pants
  </category>
  <size>
   S
  </size>
  <color>
   Голубой
  </color>
  <material>
   Полиэстер
  </material>
  <price>
   305282
  </price>
  <rating>
   2.62
  </rating>
  <reviews>
   34404
  </reviews>
  <new>
   +
  </new>
 </clothing>
 <clothing>
  <id>
   159067519
  </id>
  <name>
   New Balance Belts J-1661
  </name>
  <category>
   Belts
  </category>
  <size>
   L
  </size>
  <color>
   Фиолетовый
  </color>
  <material>
   Шелк
  </material>
  <price>
   375348
  </price>
  <rating>
   3.41
  </rating>
  <reviews>
   922289
  </reviews>
  <new>
   -
  </new>
 </clothing>
 <clothing>
  <id>
   552767100
  </id>
  <name>
   Converse Hat Q-8160
  </name>
  <category>
   Hat
  </category>
  <size>
   XXL
  </size>
  <color>
   Зеленый
  </color>
  <material>
   Полиэстер
  </material>
  <price>
   342483
  </price>
  <rating>
   2.86
  </rating>
  <reviews>
   36551
  </reviews>
  <new>
   -
  </new>
  <exclusive>
   no
  </exclusive>
  <sporty>
   yes
  </sporty>
 </clothing>
 <clothing>
  <id>
   663955964
  </id>
  <name>
   Converse Hat T-5574
  </name>
  <category>
   Hat
  </category>
  <size>
   S
  </size>
  <color>
   Зеленый
  </color>
  <material>
   Шелк
  </material>
  <price>
   121673
  </price>
  <rating>
   3.18
  </rating>
  <reviews>
   350009
  </reviews>
  <exclusive>
   no
  </exclusive>
  <sporty>
   no
  </sporty>
 </clothing>
 <clothing>
  <id>
   488110780
  </id>
  <name>
   PleinSport T-shirt H-3538
  </name>
  <category>
   T-shirt
  </category>
  <size>
   S
  </size>
  <color>
   Оранжевый
  </color>
  <material>
   Хлопок
  </material>
  <price>
   811826
  </price>
  <rating>
   3.77
  </rating>
  <reviews>
   772075
  </reviews>
  <new>
   -
  </new>
  <exclusive>
   no
  </exclusive>
 </clothing>
 <clothing>
  <id>
   223773370
  </id>
  <name>
   Lacoste T-shirt L-7968
  </name>
  <category>
   T-shirt
  </category>
  <size>
   M
  </size>
  <color>
   Оранжевый
  </color>
  <material>
   Полиэстер
  </material>
  <price>
   528572
  </price>
  <rating>
   1.73
  </rating>
  <reviews>
   896754
  </reviews>
  <new>
   +
  </new>
  <exclusive>
   yes
  </exclusive>
 </clothing>
 <clothing>
  <id>
   207245136
  </id>
  <name>
   Nike Gloves M-7630
  </name>
  <category>
   Gloves
  </category>
  <size>
   L
  </size>
  <color>
   Желтый
  </color>
  <material>
   Шерсть
  </material>
  <price>
   818174
  </price>
  <rating>
   2.15
  </rating>
  <reviews>
   733283
  </reviews>
  <new>
   -
  </new>
  <exclusive>
   no
  </exclusive>
  <sporty>
   yes
  </sporty>
 </clothing>
 <clothing>
  <id>
   703882404
  </id>
  <name>
   Lacoste Handbags Y-3259
  </name>
  <category>
   Handbags
  </category>
  <size>
   S
  </size>
  <color>
   Оранжевый
  </color>
  <material>
   Лен
  </material>
  <price>
   365949
  </price>
  <rating>
   2.63
  </rating>
  <reviews>
   995757
  </reviews>
 </clothing>
 <clothing>
  <id>
   478722604
  </id>
  <name>
   Vans Skirt F-8115
  </name>
  <category>
   Skirt
  </category>
  <size>
   L
  </size>
  <color>
   Желтый
  </color>
  <material>
   Кожа
  </material>
  <price>
   888131
  </price>
  <rating>
   4.68
  </rating>
  <reviews>
   249132
  </reviews>
  <sporty>
   yes
  </sporty>
 </clothing>
 <clothing>
  <id>
   354164750
  </id>
  <name>
   Vans Pants L-8804
  </name>
  <category>
   Pants
  </category>
  <size>
   XL
  </size>
  <color>
   Оранжевый
  </color>
  <material>
   Хлопок
  </material>
  <price>
   497090
  </price>
  <rating>
   2.14
  </rating>
  <reviews>
   290383
  </reviews>
  <exclusive>
   no
  </exclusive>
 </clothing>
 <clothing>
  <id>
   344321037
  </id>
  <name>
   DC T-shirt B-9901
  </name>
  <category>
   T-shirt
  </category>
  <size>
   M
  </size>
  <color>
   Фиолетовый
  </color>
  <material>
   Шелк
  </material>
  <price>
   171335
  </price>
  <rating>
   4.04
  </rating>
  <reviews>
   573163
  </reviews>
  <new>
   -
  </new>
  <exclusive>
   yes
  </exclusive>
  <sporty>
   yes
  </sporty>
 </clothing>
 <clothing>
  <id>
   712612554
  </id>
  <name>
   Under Armour Pants Z-2086
  </name>
  <category>
   Pants
  </category>
  <size>
   L
  </size>
  <color>
   Оранжевый
  </color>
  <material>
   Хлопок
  </material>
  <price>
   277607
  </price>
  <rating>
   4.48
  </rating>
  <reviews>
   364371
  </reviews>
  <sporty>
   no
  </sporty>
 </clothing>
 <clothing>
  <id>
   976151586
  </id>
  <name>
   Asics Blouse D-9936
  </name>
  <category>
   Blouse
  </category>
  <size>
   S
  </size>
  <color>
   Красный
  </color>
  <material>
   Шерсть
  </material>
  <price>
   616649
  </price>
  <rating>
   4.64
  </rating>
  <reviews>
   909720
  </reviews>
  <exclusive>
   yes
  </exclusive>
  <sporty>
   no
  </sporty>
 </clothing>
 <clothing>
  <id>
   719557845
  </id>
  <name>
   Puma Pants G-2869
  </name>
  <category>
   Pants
  </category>
  <size>
   L
  </size>
  <color>
   Зеленый
  </color>
  <material>
   Шелк
  </material>
  <price>
   416587
  </price>
  <rating>
   1.53
  </rating>
  <reviews>
   8530
  </reviews>
  <sporty>
   no
  </sporty>
 </clothing>
 <clothing>
  <id>
   352959427
  </id>
  <name>
   Reebok Socks R-5538
  </name>
  <category>
   Socks
  </category>
  <size>
   XXL
  </size>
  <color>
   Синий
  </color>
  <material>
   Шерсть
  </material>
  <price>
   877700
  </price>
  <rating>
   2.45
  </rating>
  <reviews>
   780103
  </reviews>
  <new>
   -
  </new>
  <exclusive>
   no
  </exclusive>
  <sporty>
   no
  </sporty>
 </clothing>
 <clothing>
  <id>
   760930034
  </id>
  <name>
   Puma T-shirt F-1415
  </name>
  <category>
   T-shirt
  </category>
  <size>
   S
  </size>
  <color>
   Оранжевый
  </color>
  <material>
   Вискоза
  </material>
  <price>
   380960
  </price>
  <rating>
   2.46
  </rating>
  <reviews>
   17235
  </reviews>
  <exclusive>
   yes
  </exclusive>
 </clothing>
 <clothing>
  <id>
   502784416
  </id>
  <name>
   Brooks Sweater Y-9852
  </name>
  <category>
   Sweater
  </category>
  <size>
   XXL
  </size>
  <color>
   Оранжевый
  </color>
  <material>
   Лен
  </material>
  <price>
   797983
  </price>
  <rating>
   3.65
  </rating>
  <reviews>
   268473
  </reviews>
  <exclusive>
   yes
  </exclusive>
  <sporty>
   no
  </sporty>
 </clothing>
 <clothing>
  <id>
   499350915
  </id>
  <name>
   Reebok T-shirt W-3920
  </name>
  <category>
   T-shirt
  </category>
  <size>
   XL
  </size>
  <color>
   Синий
  </color>
  <material>
   Шерсть
  </material>
  <price>
   292811
  </price>
  <rating>
   4.02
  </rating>
  <reviews>
   795671
  </reviews>
  <new>
   +
  </new>
  <exclusive>
   no
  </exclusive>
 </clothing>
 <clothing>
  <id>
   684920304
  </id>
  <name>
   Under Armour Blouse N-9006
  </name>
  <category>
   Blouse
  </category>
  <size>
   M
  </size>
  <color>
   Оранжевый
  </color>
  <material>
   Лен
  </material>
  <price>
   625966
  </price>
  <rating>
   1.4
  </rating>
  <reviews>
   716010
  </reviews>
  <exclusive>
   yes
  </exclusive>
 </clothing>
 <clothing>
  <id>
   475929915
  </id>
  <name>
   Vans Jacket P-3385
  </name>
  <category>
   Jacket
  </category>
  <size>
   S
  </size>
  <color>
   Синий
  </color>
  <material>
   Лен
  </material>
  <price>
   509152
  </price>
  <rating>
   4.13
  </rating>
  <reviews>
   449715
  </reviews>
 </clothing>
 <clothing>
  <id>
   101510136
  </id>
  <name>
   Vans Belts E-3784
  </name>
  <category>
   Belts
  </category>
  <size>
   XXL
  </size>
  <color>
   Красный
  </color>
  <material>
   Хлопок
  </material>
  <price>
   897392
  </price>
  <rating>
   4.82
  </rating>
  <reviews>
   222277
  </reviews>
  <exclusive>
   no
  </exclusive>
 </clothing>
 <clothing>
  <id>
   642278436
  </id>
  <name>
   Reebok Jeans O-5536
  </name>
  <category>
   Jeans
  </category>
  <size>
   S
  </size>
  <color>
   Зеленый
  </color>
  <material>
   Кожа
  </material>
  <price>
   447847
  </price>
  <rating>
   3.01
  </rating>
  <reviews>
   853018
  </reviews>
  <new>
   -
  </new>
  <exclusive>
   yes
  </exclusive>
 </clothing>
</clothing-items>
