<?xml version="1.0" encoding="utf-8"?>
<clothing-items>
 <clothing>
  <id>
   553142506
  </id>
  <name>
   Nike Skirt H-4750
  </name>
  <category>
   Skirt
  </category>
  <size>
   S
  </size>
  <color>
   Фиолетовый
  </color>
  <material>
   Нейлон
  </material>
  <price>
   693651
  </price>
  <rating>
   1.1
  </rating>
  <reviews>
   986048
  </reviews>
 </clothing>
 <clothing>
  <id>
   309422783
  </id>
  <name>
   Ellesse Jacket L-3950
  </name>
  <category>
   Jacket
  </category>
  <size>
   XL
  </size>
  <color>
   Зеленый
  </color>
  <material>
   Полиэстер
  </material>
  <price>
   814643
  </price>
  <rating>
   2.33
  </rating>
  <reviews>
   258515
  </reviews>
  <exclusive>
   no
  </exclusive>
  <sporty>
   no
  </sporty>
 </clothing>
 <clothing>
  <id>
   543029029
  </id>
  <name>
   Reebok Socks G-6016
  </name>
  <category>
   Socks
  </category>
  <size>
   L
  </size>
  <color>
   Голубой
  </color>
  <material>
   Вискоза
  </material>
  <price>
   234210
  </price>
  <rating>
   3.21
  </rating>
  <reviews>
   576430
  </reviews>
  <new>
   -
  </new>
  <exclusive>
   yes
  </exclusive>
 </clothing>
 <clothing>
  <id>
   101042238
  </id>
  <name>
   Ellesse Hat S-5805
  </name>
  <category>
   Hat
  </category>
  <size>
   L
  </size>
  <color>
   Голубой
  </color>
  <material>
   Нейлон
  </material>
  <price>
   250397
  </price>
  <rating>
   4.7
  </rating>
  <reviews>
   260211
  </reviews>
 </clothing>
 <clothing>
  <id>
   986458271
  </id>
  <name>
   Fila Sweater Y-5014
  </name>
  <category>
   Sweater
  </category>
  <size>
   XXL
  </size>
  <color>
   Синий
  </color>
  <material>
   Кожа
  </material>
  <price>
   498556
  </price>
  <rating>
   1.32
  </rating>
  <reviews>
   916449
  </reviews>
  <new>
   +
  </new>
  <exclusive>
   no
  </exclusive>
  <sporty>
   no
  </sporty>
 </clothing>
 <clothing>
  <id>
   862967726
  </id>
  <name>
   Puma Handbags C-3541
  </name>
  <category>
   Handbags
  </category>
  <size>
   S
  </size>
  <color>
   Зеленый
  </color>
  <material>
   Вискоза
  </material>
  <price>
   429779
  </price>
  <rating>
   4.06
  </rating>
  <reviews>
   882144
  </reviews>
  <exclusive>
   no
  </exclusive>
  <sporty>
   no
  </sporty>
 </clothing>
 <clothing>
  <id>
   937887303
  </id>
  <name>
   Lacoste Shoes W-3481
  </name>
  <category>
   Shoes
  </category>
  <size>
   S
  </size>
  <color>
   Оранжевый
  </color>
  <material>
   Шерсть
  </material>
  <price>
   756223
  </price>
  <rating>
   3.37
  </rating>
  <reviews>
   320361
  </reviews>
  <exclusive>
   yes
  </exclusive>
  <sporty>
   no
  </sporty>
 </clothing>
 <clothing>
  <id>
   493827814
  </id>
  <name>
   Brooks Sweater T-7542
  </name>
  <category>
   Sweater
  </category>
  <size>
   XL
  </size>
  <color>
   Зеленый
  </color>
  <material>
   Кожа
  </material>
  <price>
   534593
  </price>
  <rating>
   3.16
  </rating>
  <reviews>
   29844
  </reviews>
  <new>
   +
  </new>
 </clothing>
 <clothing>
  <id>
   853656475
  </id>
  <name>
   Fila Shoes F-2793
  </name>
  <category>
   Shoes
  </category>
  <size>
   M
  </size>
  <color>
   Желтый
  </color>
  <material>
   Хлопок
  </material>
  <price>
   880415
  </price>
  <rating>
   4.32
  </rating>
  <reviews>
   649692
  </reviews>
  <new>
   -
  </new>
 </clothing>
 <clothing>
  <id>
   665872516
  </id>
  <name>
   PleinSport Blouse C-1816
  </name>
  <category>
   Blouse
  </category>
  <size>
   L
  </size>
  <color>
   Голубой
  </color>
  <material>
   Вискоза
  </material>
  <price>
   287121
  </price>
  <rating>
   1.76
  </rating>
  <reviews>
   332109
  </reviews>
 </clothing>
</clothing-items>
