<?xml version="1.0" encoding="utf-8"?>
<clothing-items>
 <clothing>
  <id>
   203767400
  </id>
  <name>
   Lacoste Blouse A-9725
  </name>
  <category>
   Blouse
  </category>
  <size>
   M
  </size>
  <color>
   Синий
  </color>
  <material>
   Нейлон
  </material>
  <price>
   842963
  </price>
  <rating>
   2.22
  </rating>
  <reviews>
   70406
  </reviews>
  <new>
   -
  </new>
  <exclusive>
   no
  </exclusive>
  <sporty>
   yes
  </sporty>
 </clothing>
 <clothing>
  <id>
   820590025
  </id>
  <name>
   Vans Jacket N-4035
  </name>
  <category>
   Jacket
  </category>
  <size>
   L
  </size>
  <color>
   Красный
  </color>
  <material>
   Полиэстер
  </material>
  <price>
   964306
  </price>
  <rating>
   3.26
  </rating>
  <reviews>
   616422
  </reviews>
  <exclusive>
   no
  </exclusive>
  <sporty>
   no
  </sporty>
 </clothing>
 <clothing>
  <id>
   369992971
  </id>
  <name>
   Adidas Hat Q-3988
  </name>
  <category>
   Hat
  </category>
  <size>
   L
  </size>
  <color>
   Красный
  </color>
  <material>
   Кожа
  </material>
  <price>
   176398
  </price>
  <rating>
   4.47
  </rating>
  <reviews>
   86012
  </reviews>
  <new>
   -
  </new>
  <exclusive>
   no
  </exclusive>
  <sporty>
   yes
  </sporty>
 </clothing>
 <clothing>
  <id>
   298964967
  </id>
  <name>
   Vans Hat K-5496
  </name>
  <category>
   Hat
  </category>
  <size>
   XXL
  </size>
  <color>
   Зеленый
  </color>
  <material>
   Шерсть
  </material>
  <price>
   500356
  </price>
  <rating>
   1.81
  </rating>
  <reviews>
   379785
  </reviews>
  <new>
   -
  </new>
  <sporty>
   no
  </sporty>
 </clothing>
 <clothing>
  <id>
   456040178
  </id>
  <name>
   Vans Hat B-6513
  </name>
  <category>
   Hat
  </category>
  <size>
   L
  </size>
  <color>
   Синий
  </color>
  <material>
   Лен
  </material>
  <price>
   921903
  </price>
  <rating>
   2.86
  </rating>
  <reviews>
   562827
  </reviews>
  <new>
   -
  </new>
 </clothing>
 <clothing>
  <id>
   660570763
  </id>
  <name>
   Converse Shoes U-2480
  </name>
  <category>
   Shoes
  </category>
  <size>
   L
  </size>
  <color>
   Синий
  </color>
  <material>
   Вискоза
  </material>
  <price>
   371058
  </price>
  <rating>
   4.83
  </rating>
  <reviews>
   175371
  </reviews>
  <new>
   -
  </new>
 </clothing>
 <clothing>
  <id>
   522451371
  </id>
  <name>
   Fila T-shirt R-3008
  </name>
  <category>
   T-shirt
  </category>
  <size>
   M
  </size>
  <color>
   Красный
  </color>
  <material>
   Шелк
  </material>
  <price>
   832794
  </price>
  <rating>
   4.71
  </rating>
  <reviews>
   819096
  </reviews>
  <new>
   +
  </new>
 </clothing>
 <clothing>
  <id>
   264150059
  </id>
  <name>
   PleinSport Dress C-9750
  </name>
  <category>
   Dress
  </category>
  <size>
   XXL
  </size>
  <color>
   Оранжевый
  </color>
  <material>
   Шелк
  </material>
  <price>
   235541
  </price>
  <rating>
   3.73
  </rating>
  <reviews>
   610955
  </reviews>
  <exclusive>
   no
  </exclusive>
 </clothing>
 <clothing>
  <id>
   784722356
  </id>
  <name>
   Asics Shoes B-2290
  </name>
  <category>
   Shoes
  </category>
  <size>
   S
  </size>
  <color>
   Фиолетовый
  </color>
  <material>
   Полиэстер
  </material>
  <price>
   592437
  </price>
  <rating>
   4.63
  </rating>
  <reviews>
   937643
  </reviews>
  <exclusive>
   no
  </exclusive>
  <sporty>
   no
  </sporty>
 </clothing>
 <clothing>
  <id>
   715196011
  </id>
  <name>
   Addidas T-shirt A-5314
  </name>
  <category>
   T-shirt
  </category>
  <size>
   M
  </size>
  <color>
   Зеленый
  </color>
  <material>
   Нейлон
  </material>
  <price>
   202442
  </price>
  <rating>
   1.62
  </rating>
  <reviews>
   814229
  </reviews>
  <new>
   +
  </new>
  <exclusive>
   no
  </exclusive>
  <sporty>
   no
  </sporty>
 </clothing>
 <clothing>
  <id>
   484861594
  </id>
  <name>
   Ellesse Socks Q-2793
  </name>
  <category>
   Socks
  </category>
  <size>
   L
  </size>
  <color>
   Синий
  </color>
  <material>
   Вискоза
  </material>
  <price>
   924907
  </price>
  <rating>
   4.6
  </rating>
  <reviews>
   468252
  </reviews>
  <exclusive>
   no
  </exclusive>
  <sporty>
   no
  </sporty>
 </clothing>
 <clothing>
  <id>
   824699061
  </id>
  <name>
   Converse Sweater A-6931
  </name>
  <category>
   Sweater
  </category>
  <size>
   S
  </size>
  <color>
   Желтый
  </color>
  <material>
   Вискоза
  </material>
  <price>
   421518
  </price>
  <rating>
   3.11
  </rating>
  <reviews>
   111033
  </reviews>
  <exclusive>
   no
  </exclusive>
  <sporty>
   yes
  </sporty>
 </clothing>
 <clothing>
  <id>
   937626744
  </id>
  <name>
   Puma Shirt C-9263
  </name>
  <category>
   Shirt
  </category>
  <size>
   S
  </size>
  <color>
   Желтый
  </color>
  <material>
   Нейлон
  </material>
  <price>
   206560
  </price>
  <rating>
   4.01
  </rating>
  <reviews>
   2505
  </reviews>
 </clothing>
 <clothing>
  <id>
   191998620
  </id>
  <name>
   Adidas Jacket R-7992
  </name>
  <category>
   Jacket
  </category>
  <size>
   M
  </size>
  <color>
   Оранжевый
  </color>
  <material>
   Шерсть
  </material>
  <price>
   114469
  </price>
  <rating>
   1.97
  </rating>
  <reviews>
   567695
  </reviews>
 </clothing>
 <clothing>
  <id>
   318982525
  </id>
  <name>
   Converse Gloves E-8992
  </name>
  <category>
   Gloves
  </category>
  <size>
   S
  </size>
  <color>
   Синий
  </color>
  <material>
   Нейлон
  </material>
  <price>
   334844
  </price>
  <rating>
   2.06
  </rating>
  <reviews>
   939171
  </reviews>
  <exclusive>
   yes
  </exclusive>
  <sporty>
   yes
  </sporty>
 </clothing>
 <clothing>
  <id>
   499768228
  </id>
  <name>
   Ellesse Shoes G-6881
  </name>
  <category>
   Shoes
  </category>
  <size>
   M
  </size>
  <color>
   Красный
  </color>
  <material>
   Лен
  </material>
  <price>
   767272
  </price>
  <rating>
   3.65
  </rating>
  <reviews>
   353472
  </reviews>
 </clothing>
 <clothing>
  <id>
   744804993
  </id>
  <name>
   New Balance Handbags Y-5117
  </name>
  <category>
   Handbags
  </category>
  <size>
   L
  </size>
  <color>
   Синий
  </color>
  <material>
   Нейлон
  </material>
  <price>
   310649
  </price>
  <rating>
   4.72
  </rating>
  <reviews>
   316699
  </reviews>
 </clothing>
 <clothing>
  <id>
   518157315
  </id>
  <name>
   Fila Socks Z-9392
  </name>
  <category>
   Socks
  </category>
  <size>
   S
  </size>
  <color>
   Голубой
  </color>
  <material>
   Полиэстер
  </material>
  <price>
   570550
  </price>
  <rating>
   2.02
  </rating>
  <reviews>
   322490
  </reviews>
  <new>
   -
  </new>
  <exclusive>
   no
  </exclusive>
  <sporty>
   yes
  </sporty>
 </clothing>
 <clothing>
  <id>
   150796085
  </id>
  <name>
   PleinSport Skirt D-4580
  </name>
  <category>
   Skirt
  </category>
  <size>
   XXL
  </size>
  <color>
   Желтый
  </color>
  <material>
   Полиэстер
  </material>
  <price>
   722192
  </price>
  <rating>
   4.01
  </rating>
  <reviews>
   955869
  </reviews>
  <new>
   +
  </new>
 </clothing>
 <clothing>
  <id>
   823970520
  </id>
  <name>
   PleinSport Shirt B-7386
  </name>
  <category>
   Shirt
  </category>
  <size>
   XL
  </size>
  <color>
   Желтый
  </color>
  <material>
   Нейлон
  </material>
  <price>
   997940
  </price>
  <rating>
   2.21
  </rating>
  <reviews>
   48926
  </reviews>
  <sporty>
   yes
  </sporty>
 </clothing>
 <clothing>
  <id>
   837488556
  </id>
  <name>
   Addidas Dress D-5308
  </name>
  <category>
   Dress
  </category>
  <size>
   S
  </size>
  <color>
   Синий
  </color>
  <material>
   Кожа
  </material>
  <price>
   378600
  </price>
  <rating>
   1.66
  </rating>
  <reviews>
   379391
  </reviews>
  <new>
   +
  </new>
  <exclusive>
   yes
  </exclusive>
 </clothing>
 <clothing>
  <id>
   603231356
  </id>
  <name>
   Reebok Belts Y-9073
  </name>
  <category>
   Belts
  </category>
  <size>
   L
  </size>
  <color>
   Желтый
  </color>
  <material>
   Вискоза
  </material>
  <price>
   231144
  </price>
  <rating>
   3.79
  </rating>
  <reviews>
   835974
  </reviews>
  <exclusive>
   no
  </exclusive>
 </clothing>
 <clothing>
  <id>
   452865811
  </id>
  <name>
   Ellesse Dress L-5292
  </name>
  <category>
   Dress
  </category>
  <size>
   M
  </size>
  <color>
   Оранжевый
  </color>
  <material>
   Шерсть
  </material>
  <price>
   496695
  </price>
  <rating>
   2.35
  </rating>
  <reviews>
   762419
  </reviews>
  <new>
   +
  </new>
  <exclusive>
   no
  </exclusive>
 </clothing>
 <clothing>
  <id>
   482119665
  </id>
  <name>
   Nike Jeans K-1911
  </name>
  <category>
   Jeans
  </category>
  <size>
   S
  </size>
  <color>
   Оранжевый
  </color>
  <material>
   Нейлон
  </material>
  <price>
   207282
  </price>
  <rating>
   1.66
  </rating>
  <reviews>
   937786
  </reviews>
  <exclusive>
   no
  </exclusive>
  <sporty>
   yes
  </sporty>
 </clothing>
 <clothing>
  <id>
   681346913
  </id>
  <name>
   Addidas Hat X-7900
  </name>
  <category>
   Hat
  </category>
  <size>
   L
  </size>
  <color>
   Красный
  </color>
  <material>
   Нейлон
  </material>
  <price>
   901257
  </price>
  <rating>
   4.36
  </rating>
  <reviews>
   284243
  </reviews>
  <new>
   +
  </new>
  <sporty>
   no
  </sporty>
 </clothing>
 <clothing>
  <id>
   297749927
  </id>
  <name>
   Puma Blouse C-1755
  </name>
  <category>
   Blouse
  </category>
  <size>
   XL
  </size>
  <color>
   Голубой
  </color>
  <material>
   Лен
  </material>
  <price>
   605336
  </price>
  <rating>
   2.92
  </rating>
  <reviews>
   630420
  </reviews>
  <new>
   -
  </new>
  <exclusive>
   no
  </exclusive>
 </clothing>
 <clothing>
  <id>
   731969465
  </id>
  <name>
   Converse Socks T-6032
  </name>
  <category>
   Socks
  </category>
  <size>
   S
  </size>
  <color>
   Синий
  </color>
  <material>
   Вискоза
  </material>
  <price>
   599712
  </price>
  <rating>
   2.1
  </rating>
  <reviews>
   913659
  </reviews>
  <exclusive>
   no
  </exclusive>
  <sporty>
   yes
  </sporty>
 </clothing>
 <clothing>
  <id>
   610175976
  </id>
  <name>
   Ellesse Jeans M-5274
  </name>
  <category>
   Jeans
  </category>
  <size>
   L
  </size>
  <color>
   Желтый
  </color>
  <material>
   Лен
  </material>
  <price>
   174360
  </price>
  <rating>
   4.58
  </rating>
  <reviews>
   268436
  </reviews>
  <new>
   +
  </new>
  <exclusive>
   no
  </exclusive>
  <sporty>
   no
  </sporty>
 </clothing>
 <clothing>
  <id>
   657520865
  </id>
  <name>
   Brooks Shoes U-1618
  </name>
  <category>
   Shoes
  </category>
  <size>
   XL
  </size>
  <color>
   Желтый
  </color>
  <material>
   Хлопок
  </material>
  <price>
   754627
  </price>
  <rating>
   2.86
  </rating>
  <reviews>
   81979
  </reviews>
  <new>
   +
  </new>
  <sporty>
   no
  </sporty>
 </clothing>
 <clothing>
  <id>
   113040628
  </id>
  <name>
   Brooks Jeans I-6673
  </name>
  <category>
   Jeans
  </category>
  <size>
   XL
  </size>
  <color>
   Желтый
  </color>
  <material>
   Хлопок
  </material>
  <price>
   966366
  </price>
  <rating>
   3.92
  </rating>
  <reviews>
   830608
  </reviews>
  <exclusive>
   no
  </exclusive>
  <sporty>
   no
  </sporty>
 </clothing>
 <clothing>
  <id>
   216323573
  </id>
  <name>
   DC Hat G-8319
  </name>
  <category>
   Hat
  </category>
  <size>
   XL
  </size>
  <color>
   Фиолетовый
  </color>
  <material>
   Полиэстер
  </material>
  <price>
   996701
  </price>
  <rating>
   4.73
  </rating>
  <reviews>
   640938
  </reviews>
  <exclusive>
   yes
  </exclusive>
  <sporty>
   yes
  </sporty>
 </clothing>
 <clothing>
  <id>
   493399964
  </id>
  <name>
   Vans Shirt D-1600
  </name>
  <category>
   Shirt
  </category>
  <size>
   S
  </size>
  <color>
   Синий
  </color>
  <material>
   Вискоза
  </material>
  <price>
   616729
  </price>
  <rating>
   4.9
  </rating>
  <reviews>
   941850
  </reviews>
  <new>
   +
  </new>
  <exclusive>
   no
  </exclusive>
 </clothing>
 <clothing>
  <id>
   603677104
  </id>
  <name>
   Converse Dress O-2468
  </name>
  <category>
   Dress
  </category>
  <size>
   XL
  </size>
  <color>
   Желтый
  </color>
  <material>
   Хлопок
  </material>
  <price>
   831100
  </price>
  <rating>
   4.85
  </rating>
  <reviews>
   771109
  </reviews>
  <new>
   -
  </new>
  <sporty>
   yes
  </sporty>
 </clothing>
 <clothing>
  <id>
   657396797
  </id>
  <name>
   Ellesse T-shirt C-7580
  </name>
  <category>
   T-shirt
  </category>
  <size>
   L
  </size>
  <color>
   Зеленый
  </color>
  <material>
   Шелк
  </material>
  <price>
   837523
  </price>
  <rating>
   1.47
  </rating>
  <reviews>
   206736
  </reviews>
  <new>
   -
  </new>
  <exclusive>
   no
  </exclusive>
 </clothing>
 <clothing>
  <id>
   179644421
  </id>
  <name>
   Addidas Shirt Y-9308
  </name>
  <category>
   Shirt
  </category>
  <size>
   L
  </size>
  <color>
   Красный
  </color>
  <material>
   Нейлон
  </material>
  <price>
   638842
  </price>
  <rating>
   3.24
  </rating>
  <reviews>
   270328
  </reviews>
  <exclusive>
   yes
  </exclusive>
  <sporty>
   yes
  </sporty>
 </clothing>
 <clothing>
  <id>
   121357029
  </id>
  <name>
   Ellesse Hat F-1779
  </name>
  <category>
   Hat
  </category>
  <size>
   S
  </size>
  <color>
   Желтый
  </color>
  <material>
   Шелк
  </material>
  <price>
   675135
  </price>
  <rating>
   2.42
  </rating>
  <reviews>
   742308
  </reviews>
  <exclusive>
   no
  </exclusive>
  <sporty>
   yes
  </sporty>
 </clothing>
 <clothing>
  <id>
   266379435
  </id>
  <name>
   New Balance Socks Y-7530
  </name>
  <category>
   Socks
  </category>
  <size>
   XXL
  </size>
  <color>
   Синий
  </color>
  <material>
   Полиэстер
  </material>
  <price>
   349244
  </price>
  <rating>
   4.23
  </rating>
  <reviews>
   582231
  </reviews>
 </clothing>
 <clothing>
  <id>
   816593836
  </id>
  <name>
   Nike Umbrellas E-5028
  </name>
  <category>
   Umbrellas
  </category>
  <size>
   M
  </size>
  <color>
   Желтый
  </color>
  <material>
   Лен
  </material>
  <price>
   581119
  </price>
  <rating>
   2.19
  </rating>
  <reviews>
   200923
  </reviews>
  <new>
   -
  </new>
  <exclusive>
   no
  </exclusive>
  <sporty>
   yes
  </sporty>
 </clothing>
 <clothing>
  <id>
   755821261
  </id>
  <name>
   PleinSport Shirt Z-3169
  </name>
  <category>
   Shirt
  </category>
  <size>
   S
  </size>
  <color>
   Красный
  </color>
  <material>
   Нейлон
  </material>
  <price>
   546035
  </price>
  <rating>
   4.12
  </rating>
  <reviews>
   221831
  </reviews>
  <new>
   -
  </new>
  <exclusive>
   yes
  </exclusive>
  <sporty>
   no
  </sporty>
 </clothing>
 <clothing>
  <id>
   312814756
  </id>
  <name>
   Under Armour Shirt H-8662
  </name>
  <category>
   Shirt
  </category>
  <size>
   S
  </size>
  <color>
   Оранжевый
  </color>
  <material>
   Лен
  </material>
  <price>
   554379
  </price>
  <rating>
   2.23
  </rating>
  <reviews>
   570243
  </reviews>
 </clothing>
 <clothing>
  <id>
   372256477
  </id>
  <name>
   Fila Skirt L-1763
  </name>
  <category>
   Skirt
  </category>
  <size>
   XL
  </size>
  <color>
   Зеленый
  </color>
  <material>
   Полиэстер
  </material>
  <price>
   349809
  </price>
  <rating>
   1.01
  </rating>
  <reviews>
   286322
  </reviews>
  <new>
   +
  </new>
 </clothing>
 <clothing>
  <id>
   283574416
  </id>
  <name>
   Brooks T-shirt J-4754
  </name>
  <category>
   T-shirt
  </category>
  <size>
   S
  </size>
  <color>
   Желтый
  </color>
  <material>
   Полиэстер
  </material>
  <price>
   638651
  </price>
  <rating>
   4.6
  </rating>
  <reviews>
   912243
  </reviews>
  <new>
   -
  </new>
  <sporty>
   yes
  </sporty>
 </clothing>
 <clothing>
  <id>
   643769953
  </id>
  <name>
   Puma Dress N-1135
  </name>
  <category>
   Dress
  </category>
  <size>
   S
  </size>
  <color>
   Голубой
  </color>
  <material>
   Нейлон
  </material>
  <price>
   388026
  </price>
  <rating>
   4.84
  </rating>
  <reviews>
   477747
  </reviews>
  <new>
   +
  </new>
  <exclusive>
   no
  </exclusive>
  <sporty>
   no
  </sporty>
 </clothing>
 <clothing>
  <id>
   847924543
  </id>
  <name>
   Asics Skirt B-8850
  </name>
  <category>
   Skirt
  </category>
  <size>
   L
  </size>
  <color>
   Желтый
  </color>
  <material>
   Шерсть
  </material>
  <price>
   204019
  </price>
  <rating>
   2.98
  </rating>
  <reviews>
   797927
  </reviews>
  <new>
   -
  </new>
  <exclusive>
   no
  </exclusive>
  <sporty>
   no
  </sporty>
 </clothing>
 <clothing>
  <id>
   207436323
  </id>
  <name>
   Under Armour Belts X-3182
  </name>
  <category>
   Belts
  </category>
  <size>
   L
  </size>
  <color>
   Красный
  </color>
  <material>
   Шелк
  </material>
  <price>
   277668
  </price>
  <rating>
   3.08
  </rating>
  <reviews>
   347549
  </reviews>
 </clothing>
 <clothing>
  <id>
   157155323
  </id>
  <name>
   Brooks Shoes N-1895
  </name>
  <category>
   Shoes
  </category>
  <size>
   XXL
  </size>
  <color>
   Фиолетовый
  </color>
  <material>
   Лен
  </material>
  <price>
   201711
  </price>
  <rating>
   1.9
  </rating>
  <reviews>
   447505
  </reviews>
  <exclusive>
   yes
  </exclusive>
 </clothing>
 <clothing>
  <id>
   478210124
  </id>
  <name>
   Under Armour Belts X-6329
  </name>
  <category>
   Belts
  </category>
  <size>
   M
  </size>
  <color>
   Оранжевый
  </color>
  <material>
   Хлопок
  </material>
  <price>
   289276
  </price>
  <rating>
   3.67
  </rating>
  <reviews>
   812441
  </reviews>
  <new>
   +
  </new>
  <exclusive>
   yes
  </exclusive>
 </clothing>
</clothing-items>
