<?xml version="1.0" encoding="utf-8"?>
<clothing-items>
 <clothing>
  <id>
   450983894
  </id>
  <name>
   Reebok Hat U-1347
  </name>
  <category>
   Hat
  </category>
  <size>
   XXL
  </size>
  <color>
   Синий
  </color>
  <material>
   Нейлон
  </material>
  <price>
   351929
  </price>
  <rating>
   4.61
  </rating>
  <reviews>
   972129
  </reviews>
 </clothing>
 <clothing>
  <id>
   516811718
  </id>
  <name>
   Reebok Blouse X-3480
  </name>
  <category>
   Blouse
  </category>
  <size>
   L
  </size>
  <color>
   Фиолетовый
  </color>
  <material>
   Хлопок
  </material>
  <price>
   558752
  </price>
  <rating>
   3.17
  </rating>
  <reviews>
   310382
  </reviews>
  <new>
   +
  </new>
  <sporty>
   no
  </sporty>
 </clothing>
 <clothing>
  <id>
   625595802
  </id>
  <name>
   New Balance Shirt W-8750
  </name>
  <category>
   Shirt
  </category>
  <size>
   S
  </size>
  <color>
   Голубой
  </color>
  <material>
   Нейлон
  </material>
  <price>
   220846
  </price>
  <rating>
   2.17
  </rating>
  <reviews>
   508790
  </reviews>
  <exclusive>
   no
  </exclusive>
  <sporty>
   yes
  </sporty>
 </clothing>
 <clothing>
  <id>
   906956597
  </id>
  <name>
   Vans Shoes Z-4867
  </name>
  <category>
   Shoes
  </category>
  <size>
   S
  </size>
  <color>
   Голубой
  </color>
  <material>
   Полиэстер
  </material>
  <price>
   582182
  </price>
  <rating>
   4.87
  </rating>
  <reviews>
   235675
  </reviews>
  <exclusive>
   no
  </exclusive>
 </clothing>
 <clothing>
  <id>
   581413366
  </id>
  <name>
   Reebok Blouse D-2514
  </name>
  <category>
   Blouse
  </category>
  <size>
   XL
  </size>
  <color>
   Оранжевый
  </color>
  <material>
   Кожа
  </material>
  <price>
   931562
  </price>
  <rating>
   1.9
  </rating>
  <reviews>
   897584
  </reviews>
  <exclusive>
   yes
  </exclusive>
 </clothing>
 <clothing>
  <id>
   433646988
  </id>
  <name>
   Vans Jeans L-6225
  </name>
  <category>
   Jeans
  </category>
  <size>
   XXL
  </size>
  <color>
   Фиолетовый
  </color>
  <material>
   Вискоза
  </material>
  <price>
   170872
  </price>
  <rating>
   4.31
  </rating>
  <reviews>
   903244
  </reviews>
  <exclusive>
   no
  </exclusive>
  <sporty>
   yes
  </sporty>
 </clothing>
 <clothing>
  <id>
   815696288
  </id>
  <name>
   Puma Blouse V-1153
  </name>
  <category>
   Blouse
  </category>
  <size>
   XL
  </size>
  <color>
   Оранжевый
  </color>
  <material>
   Шелк
  </material>
  <price>
   448752
  </price>
  <rating>
   1.12
  </rating>
  <reviews>
   825338
  </reviews>
  <new>
   -
  </new>
  <exclusive>
   yes
  </exclusive>
  <sporty>
   yes
  </sporty>
 </clothing>
 <clothing>
  <id>
   428903917
  </id>
  <name>
   Converse Pants F-3675
  </name>
  <category>
   Pants
  </category>
  <size>
   XXL
  </size>
  <color>
   Голубой
  </color>
  <material>
   Нейлон
  </material>
  <price>
   122516
  </price>
  <rating>
   3.84
  </rating>
  <reviews>
   437392
  </reviews>
  <exclusive>
   no
  </exclusive>
  <sporty>
   yes
  </sporty>
 </clothing>
 <clothing>
  <id>
   940188841
  </id>
  <name>
   Addidas Jeans M-8704
  </name>
  <category>
   Jeans
  </category>
  <size>
   S
  </size>
  <color>
   Голубой
  </color>
  <material>
   Лен
  </material>
  <price>
   297073
  </price>
  <rating>
   1.55
  </rating>
  <reviews>
   270865
  </reviews>
  <exclusive>
   yes
  </exclusive>
 </clothing>
 <clothing>
  <id>
   107603278
  </id>
  <name>
   Addidas Gloves T-6298
  </name>
  <category>
   Gloves
  </category>
  <size>
   S
  </size>
  <color>
   Зеленый
  </color>
  <material>
   Лен
  </material>
  <price>
   761636
  </price>
  <rating>
   2.18
  </rating>
  <reviews>
   208568
  </reviews>
  <exclusive>
   yes
  </exclusive>
  <sporty>
   no
  </sporty>
 </clothing>
 <clothing>
  <id>
   442623761
  </id>
  <name>
   Lacoste Handbags E-7568
  </name>
  <category>
   Handbags
  </category>
  <size>
   XXL
  </size>
  <color>
   Фиолетовый
  </color>
  <material>
   Нейлон
  </material>
  <price>
   434792
  </price>
  <rating>
   3.53
  </rating>
  <reviews>
   331117
  </reviews>
  <new>
   +
  </new>
  <exclusive>
   yes
  </exclusive>
  <sporty>
   no
  </sporty>
 </clothing>
 <clothing>
  <id>
   745991810
  </id>
  <name>
   DC Skirt A-4485
  </name>
  <category>
   Skirt
  </category>
  <size>
   XXL
  </size>
  <color>
   Оранжевый
  </color>
  <material>
   Полиэстер
  </material>
  <price>
   383275
  </price>
  <rating>
   2.13
  </rating>
  <reviews>
   235972
  </reviews>
  <new>
   +
  </new>
  <exclusive>
   yes
  </exclusive>
  <sporty>
   no
  </sporty>
 </clothing>
 <clothing>
  <id>
   124002595
  </id>
  <name>
   DC Socks S-6388
  </name>
  <category>
   Socks
  </category>
  <size>
   S
  </size>
  <color>
   Зеленый
  </color>
  <material>
   Шелк
  </material>
  <price>
   164196
  </price>
  <rating>
   4.73
  </rating>
  <reviews>
   462935
  </reviews>
  <new>
   +
  </new>
  <exclusive>
   no
  </exclusive>
 </clothing>
 <clothing>
  <id>
   385183000
  </id>
  <name>
   Addidas Socks G-7023
  </name>
  <category>
   Socks
  </category>
  <size>
   L
  </size>
  <color>
   Фиолетовый
  </color>
  <material>
   Полиэстер
  </material>
  <price>
   804994
  </price>
  <rating>
   3.17
  </rating>
  <reviews>
   166573
  </reviews>
  <new>
   +
  </new>
  <exclusive>
   no
  </exclusive>
  <sporty>
   yes
  </sporty>
 </clothing>
 <clothing>
  <id>
   401035718
  </id>
  <name>
   Under Armour Jacket D-2328
  </name>
  <category>
   Jacket
  </category>
  <size>
   XXL
  </size>
  <color>
   Фиолетовый
  </color>
  <material>
   Шерсть
  </material>
  <price>
   147157
  </price>
  <rating>
   4.47
  </rating>
  <reviews>
   152555
  </reviews>
  <exclusive>
   yes
  </exclusive>
  <sporty>
   yes
  </sporty>
 </clothing>
 <clothing>
  <id>
   445817204
  </id>
  <name>
   Puma Jeans N-8326
  </name>
  <category>
   Jeans
  </category>
  <size>
   XL
  </size>
  <color>
   Фиолетовый
  </color>
  <material>
   Лен
  </material>
  <price>
   602989
  </price>
  <rating>
   3.78
  </rating>
  <reviews>
   803323
  </reviews>
  <exclusive>
   no
  </exclusive>
  <sporty>
   no
  </sporty>
 </clothing>
 <clothing>
  <id>
   951829371
  </id>
  <name>
   Under Armour Skirt X-5119
  </name>
  <category>
   Skirt
  </category>
  <size>
   S
  </size>
  <color>
   Зеленый
  </color>
  <material>
   Шерсть
  </material>
  <price>
   364207
  </price>
  <rating>
   4.47
  </rating>
  <reviews>
   285601
  </reviews>
  <new>
   +
  </new>
  <exclusive>
   yes
  </exclusive>
 </clothing>
 <clothing>
  <id>
   725041992
  </id>
  <name>
   Adidas Belts A-5229
  </name>
  <category>
   Belts
  </category>
  <size>
   L
  </size>
  <color>
   Красный
  </color>
  <material>
   Вискоза
  </material>
  <price>
   787787
  </price>
  <rating>
   4.6
  </rating>
  <reviews>
   46177
  </reviews>
  <exclusive>
   no
  </exclusive>
  <sporty>
   no
  </sporty>
 </clothing>
 <clothing>
  <id>
   944336225
  </id>
  <name>
   Vans Gloves X-5625
  </name>
  <category>
   Gloves
  </category>
  <size>
   L
  </size>
  <color>
   Синий
  </color>
  <material>
   Нейлон
  </material>
  <price>
   535537
  </price>
  <rating>
   1.85
  </rating>
  <reviews>
   788122
  </reviews>
  <new>
   -
  </new>
  <exclusive>
   no
  </exclusive>
  <sporty>
   yes
  </sporty>
 </clothing>
 <clothing>
  <id>
   266959881
  </id>
  <name>
   Puma Handbags V-8135
  </name>
  <category>
   Handbags
  </category>
  <size>
   XL
  </size>
  <color>
   Зеленый
  </color>
  <material>
   Полиэстер
  </material>
  <price>
   826807
  </price>
  <rating>
   4.02
  </rating>
  <reviews>
   862145
  </reviews>
  <new>
   +
  </new>
  <exclusive>
   no
  </exclusive>
  <sporty>
   yes
  </sporty>
 </clothing>
 <clothing>
  <id>
   743770680
  </id>
  <name>
   Under Armour Sweater Q-5211
  </name>
  <category>
   Sweater
  </category>
  <size>
   S
  </size>
  <color>
   Желтый
  </color>
  <material>
   Шерсть
  </material>
  <price>
   745353
  </price>
  <rating>
   1.34
  </rating>
  <reviews>
   616397
  </reviews>
  <new>
   -
  </new>
  <exclusive>
   yes
  </exclusive>
 </clothing>
 <clothing>
  <id>
   316234082
  </id>
  <name>
   Adidas Pants H-7958
  </name>
  <category>
   Pants
  </category>
  <size>
   L
  </size>
  <color>
   Зеленый
  </color>
  <material>
   Полиэстер
  </material>
  <price>
   920536
  </price>
  <rating>
   1.77
  </rating>
  <reviews>
   546037
  </reviews>
  <new>
   +
  </new>
  <exclusive>
   yes
  </exclusive>
  <sporty>
   no
  </sporty>
 </clothing>
 <clothing>
  <id>
   557241381
  </id>
  <name>
   New Balance Jacket P-1190
  </name>
  <category>
   Jacket
  </category>
  <size>
   L
  </size>
  <color>
   Желтый
  </color>
  <material>
   Вискоза
  </material>
  <price>
   933740
  </price>
  <rating>
   1.39
  </rating>
  <reviews>
   382166
  </reviews>
  <new>
   -
  </new>
  <exclusive>
   yes
  </exclusive>
  <sporty>
   no
  </sporty>
 </clothing>
 <clothing>
  <id>
   264095421
  </id>
  <name>
   PleinSport Sweater U-8755
  </name>
  <category>
   Sweater
  </category>
  <size>
   XL
  </size>
  <color>
   Красный
  </color>
  <material>
   Кожа
  </material>
  <price>
   325484
  </price>
  <rating>
   1.95
  </rating>
  <reviews>
   797305
  </reviews>
 </clothing>
 <clothing>
  <id>
   393379490
  </id>
  <name>
   DC Socks U-9530
  </name>
  <category>
   Socks
  </category>
  <size>
   S
  </size>
  <color>
   Зеленый
  </color>
  <material>
   Шелк
  </material>
  <price>
   168914
  </price>
  <rating>
   3.88
  </rating>
  <reviews>
   948054
  </reviews>
  <sporty>
   no
  </sporty>
 </clothing>
 <clothing>
  <id>
   254870837
  </id>
  <name>
   New Balance Pants L-5138
  </name>
  <category>
   Pants
  </category>
  <size>
   S
  </size>
  <color>
   Фиолетовый
  </color>
  <material>
   Полиэстер
  </material>
  <price>
   622948
  </price>
  <rating>
   3.41
  </rating>
  <reviews>
   374414
  </reviews>
  <exclusive>
   yes
  </exclusive>
  <sporty>
   no
  </sporty>
 </clothing>
 <clothing>
  <id>
   856700125
  </id>
  <name>
   DC Handbags B-4373
  </name>
  <category>
   Handbags
  </category>
  <size>
   S
  </size>
  <color>
   Голубой
  </color>
  <material>
   Шерсть
  </material>
  <price>
   303576
  </price>
  <rating>
   2.42
  </rating>
  <reviews>
   275413
  </reviews>
  <exclusive>
   yes
  </exclusive>
  <sporty>
   no
  </sporty>
 </clothing>
 <clothing>
  <id>
   378580518
  </id>
  <name>
   Brooks Handbags C-5795
  </name>
  <category>
   Handbags
  </category>
  <size>
   M
  </size>
  <color>
   Желтый
  </color>
  <material>
   Шелк
  </material>
  <price>
   745661
  </price>
  <rating>
   4.15
  </rating>
  <reviews>
   962977
  </reviews>
  <new>
   -
  </new>
 </clothing>
 <clothing>
  <id>
   109064525
  </id>
  <name>
   Adidas T-shirt I-1184
  </name>
  <category>
   T-shirt
  </category>
  <size>
   XL
  </size>
  <color>
   Голубой
  </color>
  <material>
   Нейлон
  </material>
  <price>
   271280
  </price>
  <rating>
   3.14
  </rating>
  <reviews>
   965250
  </reviews>
  <exclusive>
   no
  </exclusive>
 </clothing>
</clothing-items>
