<?xml version="1.0" encoding="utf-8"?>
<clothing-items>
 <clothing>
  <id>
   482029341
  </id>
  <name>
   Under Armour Socks K-1583
  </name>
  <category>
   Socks
  </category>
  <size>
   L
  </size>
  <color>
   Оранжевый
  </color>
  <material>
   Шерсть
  </material>
  <price>
   397776
  </price>
  <rating>
   2.0
  </rating>
  <reviews>
   374135
  </reviews>
  <new>
   -
  </new>
  <exclusive>
   no
  </exclusive>
 </clothing>
 <clothing>
  <id>
   750297104
  </id>
  <name>
   Puma Sweater U-3788
  </name>
  <category>
   Sweater
  </category>
  <size>
   XXL
  </size>
  <color>
   Синий
  </color>
  <material>
   Лен
  </material>
  <price>
   957334
  </price>
  <rating>
   4.56
  </rating>
  <reviews>
   602719
  </reviews>
  <new>
   +
  </new>
  <sporty>
   no
  </sporty>
 </clothing>
 <clothing>
  <id>
   703159891
  </id>
  <name>
   Adidas Umbrellas Y-6096
  </name>
  <category>
   Umbrellas
  </category>
  <size>
   M
  </size>
  <color>
   Оранжевый
  </color>
  <material>
   Лен
  </material>
  <price>
   344691
  </price>
  <rating>
   1.75
  </rating>
  <reviews>
   304335
  </reviews>
  <sporty>
   no
  </sporty>
 </clothing>
 <clothing>
  <id>
   768470723
  </id>
  <name>
   Addidas Umbrellas Y-4673
  </name>
  <category>
   Umbrellas
  </category>
  <size>
   S
  </size>
  <color>
   Желтый
  </color>
  <material>
   Лен
  </material>
  <price>
   514207
  </price>
  <rating>
   2.65
  </rating>
  <reviews>
   782140
  </reviews>
  <new>
   -
  </new>
  <exclusive>
   no
  </exclusive>
  <sporty>
   no
  </sporty>
 </clothing>
 <clothing>
  <id>
   336648355
  </id>
  <name>
   Ellesse Blouse G-8886
  </name>
  <category>
   Blouse
  </category>
  <size>
   XXL
  </size>
  <color>
   Голубой
  </color>
  <material>
   Шерсть
  </material>
  <price>
   825716
  </price>
  <rating>
   3.49
  </rating>
  <reviews>
   505681
  </reviews>
 </clothing>
 <clothing>
  <id>
   564889101
  </id>
  <name>
   Lacoste Gloves W-2256
  </name>
  <category>
   Gloves
  </category>
  <size>
   S
  </size>
  <color>
   Синий
  </color>
  <material>
   Хлопок
  </material>
  <price>
   582228
  </price>
  <rating>
   3.56
  </rating>
  <reviews>
   432344
  </reviews>
  <exclusive>
   no
  </exclusive>
 </clothing>
 <clothing>
  <id>
   715971736
  </id>
  <name>
   Converse Dress G-1808
  </name>
  <category>
   Dress
  </category>
  <size>
   M
  </size>
  <color>
   Голубой
  </color>
  <material>
   Шерсть
  </material>
  <price>
   249698
  </price>
  <rating>
   2.33
  </rating>
  <reviews>
   243670
  </reviews>
  <exclusive>
   yes
  </exclusive>
  <sporty>
   no
  </sporty>
 </clothing>
 <clothing>
  <id>
   522250543
  </id>
  <name>
   Converse Hat D-5112
  </name>
  <category>
   Hat
  </category>
  <size>
   S
  </size>
  <color>
   Оранжевый
  </color>
  <material>
   Хлопок
  </material>
  <price>
   516960
  </price>
  <rating>
   2.51
  </rating>
  <reviews>
   239953
  </reviews>
  <new>
   -
  </new>
  <exclusive>
   no
  </exclusive>
  <sporty>
   yes
  </sporty>
 </clothing>
 <clothing>
  <id>
   800761431
  </id>
  <name>
   PleinSport Socks N-5894
  </name>
  <category>
   Socks
  </category>
  <size>
   XXL
  </size>
  <color>
   Фиолетовый
  </color>
  <material>
   Кожа
  </material>
  <price>
   259026
  </price>
  <rating>
   4.81
  </rating>
  <reviews>
   875477
  </reviews>
  <exclusive>
   no
  </exclusive>
  <sporty>
   no
  </sporty>
 </clothing>
 <clothing>
  <id>
   893300184
  </id>
  <name>
   Vans Socks C-8909
  </name>
  <category>
   Socks
  </category>
  <size>
   XL
  </size>
  <color>
   Оранжевый
  </color>
  <material>
   Шелк
  </material>
  <price>
   915542
  </price>
  <rating>
   2.61
  </rating>
  <reviews>
   745394
  </reviews>
  <new>
   +
  </new>
  <exclusive>
   no
  </exclusive>
  <sporty>
   no
  </sporty>
 </clothing>
 <clothing>
  <id>
   566378919
  </id>
  <name>
   Vans Pants P-1652
  </name>
  <category>
   Pants
  </category>
  <size>
   M
  </size>
  <color>
   Синий
  </color>
  <material>
   Вискоза
  </material>
  <price>
   752810
  </price>
  <rating>
   2.14
  </rating>
  <reviews>
   552420
  </reviews>
  <exclusive>
   yes
  </exclusive>
 </clothing>
 <clothing>
  <id>
   155458155
  </id>
  <name>
   DC Hat O-2064
  </name>
  <category>
   Hat
  </category>
  <size>
   XL
  </size>
  <color>
   Синий
  </color>
  <material>
   Шелк
  </material>
  <price>
   792384
  </price>
  <rating>
   2.95
  </rating>
  <reviews>
   468757
  </reviews>
  <new>
   +
  </new>
 </clothing>
 <clothing>
  <id>
   317592670
  </id>
  <name>
   Converse Pants T-5540
  </name>
  <category>
   Pants
  </category>
  <size>
   S
  </size>
  <color>
   Оранжевый
  </color>
  <material>
   Нейлон
  </material>
  <price>
   352525
  </price>
  <rating>
   4.07
  </rating>
  <reviews>
   754498
  </reviews>
  <new>
   -
  </new>
 </clothing>
 <clothing>
  <id>
   172895977
  </id>
  <name>
   Asics Jacket Y-1239
  </name>
  <category>
   Jacket
  </category>
  <size>
   L
  </size>
  <color>
   Оранжевый
  </color>
  <material>
   Кожа
  </material>
  <price>
   371418
  </price>
  <rating>
   2.44
  </rating>
  <reviews>
   879640
  </reviews>
  <sporty>
   no
  </sporty>
 </clothing>
 <clothing>
  <id>
   344440863
  </id>
  <name>
   DC Gloves O-1049
  </name>
  <category>
   Gloves
  </category>
  <size>
   XXL
  </size>
  <color>
   Желтый
  </color>
  <material>
   Вискоза
  </material>
  <price>
   410970
  </price>
  <rating>
   1.21
  </rating>
  <reviews>
   226447
  </reviews>
  <new>
   +
  </new>
  <exclusive>
   no
  </exclusive>
 </clothing>
 <clothing>
  <id>
   802370112
  </id>
  <name>
   DC Gloves X-2212
  </name>
  <category>
   Gloves
  </category>
  <size>
   XL
  </size>
  <color>
   Оранжевый
  </color>
  <material>
   Кожа
  </material>
  <price>
   644273
  </price>
  <rating>
   2.91
  </rating>
  <reviews>
   637930
  </reviews>
  <new>
   -
  </new>
  <sporty>
   no
  </sporty>
 </clothing>
 <clothing>
  <id>
   580409645
  </id>
  <name>
   Ellesse Shoes N-4913
  </name>
  <category>
   Shoes
  </category>
  <size>
   XL
  </size>
  <color>
   Голубой
  </color>
  <material>
   Кожа
  </material>
  <price>
   257247
  </price>
  <rating>
   1.85
  </rating>
  <reviews>
   935107
  </reviews>
  <exclusive>
   no
  </exclusive>
  <sporty>
   yes
  </sporty>
 </clothing>
 <clothing>
  <id>
   696866644
  </id>
  <name>
   Adidas Hat T-6255
  </name>
  <category>
   Hat
  </category>
  <size>
   XL
  </size>
  <color>
   Фиолетовый
  </color>
  <material>
   Шелк
  </material>
  <price>
   441044
  </price>
  <rating>
   3.0
  </rating>
  <reviews>
   165204
  </reviews>
  <new>
   +
  </new>
  <sporty>
   yes
  </sporty>
 </clothing>
 <clothing>
  <id>
   599291900
  </id>
  <name>
   Puma Hat S-5738
  </name>
  <category>
   Hat
  </category>
  <size>
   XXL
  </size>
  <color>
   Оранжевый
  </color>
  <material>
   Хлопок
  </material>
  <price>
   724774
  </price>
  <rating>
   1.34
  </rating>
  <reviews>
   424888
  </reviews>
  <new>
   +
  </new>
  <sporty>
   no
  </sporty>
 </clothing>
 <clothing>
  <id>
   808289700
  </id>
  <name>
   DC Gloves Z-7776
  </name>
  <category>
   Gloves
  </category>
  <size>
   S
  </size>
  <color>
   Голубой
  </color>
  <material>
   Кожа
  </material>
  <price>
   523923
  </price>
  <rating>
   4.12
  </rating>
  <reviews>
   654189
  </reviews>
  <new>
   +
  </new>
 </clothing>
 <clothing>
  <id>
   378712085
  </id>
  <name>
   Adidas Blouse Q-4723
  </name>
  <category>
   Blouse
  </category>
  <size>
   M
  </size>
  <color>
   Красный
  </color>
  <material>
   Хлопок
  </material>
  <price>
   953243
  </price>
  <rating>
   1.64
  </rating>
  <reviews>
   718060
  </reviews>
  <new>
   -
  </new>
  <exclusive>
   yes
  </exclusive>
 </clothing>
 <clothing>
  <id>
   423482263
  </id>
  <name>
   Reebok Pants C-3869
  </name>
  <category>
   Pants
  </category>
  <size>
   L
  </size>
  <color>
   Фиолетовый
  </color>
  <material>
   Полиэстер
  </material>
  <price>
   582951
  </price>
  <rating>
   1.03
  </rating>
  <reviews>
   736110
  </reviews>
  <sporty>
   no
  </sporty>
 </clothing>
 <clothing>
  <id>
   194329127
  </id>
  <name>
   Adidas Sweater M-6509
  </name>
  <category>
   Sweater
  </category>
  <size>
   S
  </size>
  <color>
   Красный
  </color>
  <material>
   Кожа
  </material>
  <price>
   287128
  </price>
  <rating>
   4.76
  </rating>
  <reviews>
   709889
  </reviews>
  <sporty>
   no
  </sporty>
 </clothing>
 <clothing>
  <id>
   696733915
  </id>
  <name>
   Fila Handbags T-4502
  </name>
  <category>
   Handbags
  </category>
  <size>
   S
  </size>
  <color>
   Желтый
  </color>
  <material>
   Нейлон
  </material>
  <price>
   967221
  </price>
  <rating>
   2.53
  </rating>
  <reviews>
   291315
  </reviews>
  <new>
   -
  </new>
  <exclusive>
   no
  </exclusive>
  <sporty>
   no
  </sporty>
 </clothing>
 <clothing>
  <id>
   108574259
  </id>
  <name>
   Asics Socks L-7759
  </name>
  <category>
   Socks
  </category>
  <size>
   M
  </size>
  <color>
   Синий
  </color>
  <material>
   Шерсть
  </material>
  <price>
   617359
  </price>
  <rating>
   1.04
  </rating>
  <reviews>
   833944
  </reviews>
  <new>
   -
  </new>
 </clothing>
 <clothing>
  <id>
   120237185
  </id>
  <name>
   Brooks Handbags V-6825
  </name>
  <category>
   Handbags
  </category>
  <size>
   M
  </size>
  <color>
   Фиолетовый
  </color>
  <material>
   Вискоза
  </material>
  <price>
   590802
  </price>
  <rating>
   4.51
  </rating>
  <reviews>
   290842
  </reviews>
  <sporty>
   no
  </sporty>
 </clothing>
 <clothing>
  <id>
   209329948
  </id>
  <name>
   Fila Belts N-5866
  </name>
  <category>
   Belts
  </category>
  <size>
   S
  </size>
  <color>
   Красный
  </color>
  <material>
   Нейлон
  </material>
  <price>
   273445
  </price>
  <rating>
   3.33
  </rating>
  <reviews>
   725072
  </reviews>
  <sporty>
   no
  </sporty>
 </clothing>
 <clothing>
  <id>
   682632254
  </id>
  <name>
   Converse Belts U-9945
  </name>
  <category>
   Belts
  </category>
  <size>
   L
  </size>
  <color>
   Красный
  </color>
  <material>
   Шерсть
  </material>
  <price>
   204681
  </price>
  <rating>
   1.1
  </rating>
  <reviews>
   63580
  </reviews>
  <new>
   +
  </new>
  <exclusive>
   no
  </exclusive>
  <sporty>
   yes
  </sporty>
 </clothing>
 <clothing>
  <id>
   404100290
  </id>
  <name>
   Reebok Jacket R-4755
  </name>
  <category>
   Jacket
  </category>
  <size>
   S
  </size>
  <color>
   Красный
  </color>
  <material>
   Шерсть
  </material>
  <price>
   740173
  </price>
  <rating>
   2.65
  </rating>
  <reviews>
   57761
  </reviews>
  <new>
   +
  </new>
  <exclusive>
   no
  </exclusive>
  <sporty>
   yes
  </sporty>
 </clothing>
 <clothing>
  <id>
   622774369
  </id>
  <name>
   Lacoste Gloves A-6985
  </name>
  <category>
   Gloves
  </category>
  <size>
   XL
  </size>
  <color>
   Оранжевый
  </color>
  <material>
   Вискоза
  </material>
  <price>
   509227
  </price>
  <rating>
   3.19
  </rating>
  <reviews>
   588826
  </reviews>
  <exclusive>
   no
  </exclusive>
  <sporty>
   yes
  </sporty>
 </clothing>
 <clothing>
  <id>
   767259770
  </id>
  <name>
   New Balance Jeans I-1693
  </name>
  <category>
   Jeans
  </category>
  <size>
   S
  </size>
  <color>
   Фиолетовый
  </color>
  <material>
   Шерсть
  </material>
  <price>
   854908
  </price>
  <rating>
   3.58
  </rating>
  <reviews>
   332895
  </reviews>
  <new>
   +
  </new>
  <exclusive>
   yes
  </exclusive>
 </clothing>
 <clothing>
  <id>
   706444450
  </id>
  <name>
   Adidas Sweater F-7503
  </name>
  <category>
   Sweater
  </category>
  <size>
   XXL
  </size>
  <color>
   Зеленый
  </color>
  <material>
   Лен
  </material>
  <price>
   299986
  </price>
  <rating>
   4.3
  </rating>
  <reviews>
   681148
  </reviews>
  <exclusive>
   no
  </exclusive>
  <sporty>
   no
  </sporty>
 </clothing>
 <clothing>
  <id>
   205881790
  </id>
  <name>
   Reebok Socks V-7259
  </name>
  <category>
   Socks
  </category>
  <size>
   S
  </size>
  <color>
   Желтый
  </color>
  <material>
   Вискоза
  </material>
  <price>
   319611
  </price>
  <rating>
   1.61
  </rating>
  <reviews>
   348819
  </reviews>
  <exclusive>
   no
  </exclusive>
 </clothing>
 <clothing>
  <id>
   987778473
  </id>
  <name>
   Brooks Shoes V-3798
  </name>
  <category>
   Shoes
  </category>
  <size>
   XL
  </size>
  <color>
   Красный
  </color>
  <material>
   Полиэстер
  </material>
  <price>
   859701
  </price>
  <rating>
   3.8
  </rating>
  <reviews>
   39536
  </reviews>
  <new>
   +
  </new>
  <exclusive>
   yes
  </exclusive>
  <sporty>
   yes
  </sporty>
 </clothing>
 <clothing>
  <id>
   372785832
  </id>
  <name>
   Asics Pants T-4398
  </name>
  <category>
   Pants
  </category>
  <size>
   S
  </size>
  <color>
   Фиолетовый
  </color>
  <material>
   Вискоза
  </material>
  <price>
   380001
  </price>
  <rating>
   4.85
  </rating>
  <reviews>
   863495
  </reviews>
  <new>
   -
  </new>
  <sporty>
   yes
  </sporty>
 </clothing>
 <clothing>
  <id>
   190227568
  </id>
  <name>
   Converse Jeans Z-4909
  </name>
  <category>
   Jeans
  </category>
  <size>
   L
  </size>
  <color>
   Красный
  </color>
  <material>
   Шелк
  </material>
  <price>
   150161
  </price>
  <rating>
   2.17
  </rating>
  <reviews>
   841122
  </reviews>
  <new>
   +
  </new>
  <exclusive>
   no
  </exclusive>
  <sporty>
   no
  </sporty>
 </clothing>
 <clothing>
  <id>
   515785883
  </id>
  <name>
   PleinSport Socks D-8331
  </name>
  <category>
   Socks
  </category>
  <size>
   L
  </size>
  <color>
   Красный
  </color>
  <material>
   Нейлон
  </material>
  <price>
   293955
  </price>
  <rating>
   3.02
  </rating>
  <reviews>
   640779
  </reviews>
  <exclusive>
   yes
  </exclusive>
  <sporty>
   no
  </sporty>
 </clothing>
 <clothing>
  <id>
   626848923
  </id>
  <name>
   Brooks Jacket W-5180
  </name>
  <category>
   Jacket
  </category>
  <size>
   XL
  </size>
  <color>
   Желтый
  </color>
  <material>
   Вискоза
  </material>
  <price>
   573792
  </price>
  <rating>
   3.97
  </rating>
  <reviews>
   728412
  </reviews>
  <exclusive>
   no
  </exclusive>
  <sporty>
   yes
  </sporty>
 </clothing>
 <clothing>
  <id>
   131664491
  </id>
  <name>
   Adidas Shirt X-3580
  </name>
  <category>
   Shirt
  </category>
  <size>
   L
  </size>
  <color>
   Зеленый
  </color>
  <material>
   Лен
  </material>
  <price>
   210490
  </price>
  <rating>
   3.48
  </rating>
  <reviews>
   718674
  </reviews>
  <new>
   -
  </new>
  <exclusive>
   no
  </exclusive>
 </clothing>
 <clothing>
  <id>
   715638883
  </id>
  <name>
   Reebok Jacket N-6769
  </name>
  <category>
   Jacket
  </category>
  <size>
   L
  </size>
  <color>
   Зеленый
  </color>
  <material>
   Нейлон
  </material>
  <price>
   496295
  </price>
  <rating>
   4.62
  </rating>
  <reviews>
   744713
  </reviews>
  <exclusive>
   yes
  </exclusive>
 </clothing>
 <clothing>
  <id>
   760399933
  </id>
  <name>
   PleinSport Jeans W-9455
  </name>
  <category>
   Jeans
  </category>
  <size>
   XXL
  </size>
  <color>
   Зеленый
  </color>
  <material>
   Кожа
  </material>
  <price>
   409216
  </price>
  <rating>
   1.74
  </rating>
  <reviews>
   641837
  </reviews>
  <new>
   -
  </new>
  <exclusive>
   no
  </exclusive>
  <sporty>
   no
  </sporty>
 </clothing>
 <clothing>
  <id>
   767184758
  </id>
  <name>
   New Balance Skirt Y-5143
  </name>
  <category>
   Skirt
  </category>
  <size>
   S
  </size>
  <color>
   Голубой
  </color>
  <material>
   Шелк
  </material>
  <price>
   438149
  </price>
  <rating>
   3.53
  </rating>
  <reviews>
   322023
  </reviews>
  <new>
   +
  </new>
  <exclusive>
   yes
  </exclusive>
  <sporty>
   no
  </sporty>
 </clothing>
 <clothing>
  <id>
   844200634
  </id>
  <name>
   Converse Handbags Z-1835
  </name>
  <category>
   Handbags
  </category>
  <size>
   M
  </size>
  <color>
   Синий
  </color>
  <material>
   Лен
  </material>
  <price>
   104889
  </price>
  <rating>
   1.39
  </rating>
  <reviews>
   334268
  </reviews>
  <exclusive>
   no
  </exclusive>
  <sporty>
   yes
  </sporty>
 </clothing>
</clothing-items>
