<?xml version="1.0" encoding="utf-8"?>
<clothing-items>
 <clothing>
  <id>
   374383023
  </id>
  <name>
   PleinSport Sweater U-6329
  </name>
  <category>
   Sweater
  </category>
  <size>
   L
  </size>
  <color>
   Голубой
  </color>
  <material>
   Полиэстер
  </material>
  <price>
   170069
  </price>
  <rating>
   3.83
  </rating>
  <reviews>
   283431
  </reviews>
  <new>
   +
  </new>
  <exclusive>
   no
  </exclusive>
 </clothing>
 <clothing>
  <id>
   682113994
  </id>
  <name>
   Converse Socks W-4490
  </name>
  <category>
   Socks
  </category>
  <size>
   XL
  </size>
  <color>
   Синий
  </color>
  <material>
   Кожа
  </material>
  <price>
   531504
  </price>
  <rating>
   2.31
  </rating>
  <reviews>
   528664
  </reviews>
  <exclusive>
   no
  </exclusive>
 </clothing>
 <clothing>
  <id>
   321769598
  </id>
  <name>
   PleinSport Hat K-1245
  </name>
  <category>
   Hat
  </category>
  <size>
   L
  </size>
  <color>
   Зеленый
  </color>
  <material>
   Шерсть
  </material>
  <price>
   436852
  </price>
  <rating>
   2.93
  </rating>
  <reviews>
   904768
  </reviews>
  <new>
   -
  </new>
  <sporty>
   no
  </sporty>
 </clothing>
 <clothing>
  <id>
   544019212
  </id>
  <name>
   Fila Sweater X-6145
  </name>
  <category>
   Sweater
  </category>
  <size>
   XL
  </size>
  <color>
   Красный
  </color>
  <material>
   Кожа
  </material>
  <price>
   121560
  </price>
  <rating>
   4.7
  </rating>
  <reviews>
   435830
  </reviews>
  <sporty>
   yes
  </sporty>
 </clothing>
 <clothing>
  <id>
   429133565
  </id>
  <name>
   Adidas Gloves Q-4509
  </name>
  <category>
   Gloves
  </category>
  <size>
   XL
  </size>
  <color>
   Голубой
  </color>
  <material>
   Шелк
  </material>
  <price>
   121328
  </price>
  <rating>
   4.98
  </rating>
  <reviews>
   923859
  </reviews>
  <new>
   +
  </new>
  <sporty>
   yes
  </sporty>
 </clothing>
 <clothing>
  <id>
   433196917
  </id>
  <name>
   Nike Sweater I-8675
  </name>
  <category>
   Sweater
  </category>
  <size>
   L
  </size>
  <color>
   Зеленый
  </color>
  <material>
   Лен
  </material>
  <price>
   621181
  </price>
  <rating>
   3.98
  </rating>
  <reviews>
   578309
  </reviews>
  <exclusive>
   no
  </exclusive>
  <sporty>
   yes
  </sporty>
 </clothing>
 <clothing>
  <id>
   995074615
  </id>
  <name>
   Converse Socks V-8832
  </name>
  <category>
   Socks
  </category>
  <size>
   XXL
  </size>
  <color>
   Синий
  </color>
  <material>
   Шелк
  </material>
  <price>
   514300
  </price>
  <rating>
   1.82
  </rating>
  <reviews>
   779303
  </reviews>
 </clothing>
 <clothing>
  <id>
   876526647
  </id>
  <name>
   Reebok Pants G-2704
  </name>
  <category>
   Pants
  </category>
  <size>
   XXL
  </size>
  <color>
   Желтый
  </color>
  <material>
   Вискоза
  </material>
  <price>
   474907
  </price>
  <rating>
   2.0
  </rating>
  <reviews>
   682442
  </reviews>
  <sporty>
   no
  </sporty>
 </clothing>
 <clothing>
  <id>
   379928935
  </id>
  <name>
   DC Skirt H-5377
  </name>
  <category>
   Skirt
  </category>
  <size>
   L
  </size>
  <color>
   Голубой
  </color>
  <material>
   Полиэстер
  </material>
  <price>
   332730
  </price>
  <rating>
   4.32
  </rating>
  <reviews>
   427991
  </reviews>
  <new>
   -
  </new>
  <sporty>
   yes
  </sporty>
 </clothing>
 <clothing>
  <id>
   490402102
  </id>
  <name>
   Converse Dress Z-2109
  </name>
  <category>
   Dress
  </category>
  <size>
   XXL
  </size>
  <color>
   Желтый
  </color>
  <material>
   Шерсть
  </material>
  <price>
   462798
  </price>
  <rating>
   2.8
  </rating>
  <reviews>
   726063
  </reviews>
  <exclusive>
   no
  </exclusive>
 </clothing>
 <clothing>
  <id>
   786484311
  </id>
  <name>
   Converse Dress J-3179
  </name>
  <category>
   Dress
  </category>
  <size>
   XL
  </size>
  <color>
   Синий
  </color>
  <material>
   Шелк
  </material>
  <price>
   408795
  </price>
  <rating>
   2.49
  </rating>
  <reviews>
   655307
  </reviews>
  <new>
   +
  </new>
  <exclusive>
   no
  </exclusive>
 </clothing>
 <clothing>
  <id>
   161441228
  </id>
  <name>
   Vans Hat W-5332
  </name>
  <category>
   Hat
  </category>
  <size>
   L
  </size>
  <color>
   Голубой
  </color>
  <material>
   Кожа
  </material>
  <price>
   855659
  </price>
  <rating>
   4.96
  </rating>
  <reviews>
   797762
  </reviews>
  <exclusive>
   no
  </exclusive>
  <sporty>
   no
  </sporty>
 </clothing>
 <clothing>
  <id>
   216480540
  </id>
  <name>
   Converse Hat M-9013
  </name>
  <category>
   Hat
  </category>
  <size>
   S
  </size>
  <color>
   Оранжевый
  </color>
  <material>
   Полиэстер
  </material>
  <price>
   639964
  </price>
  <rating>
   3.16
  </rating>
  <reviews>
   450172
  </reviews>
  <exclusive>
   no
  </exclusive>
  <sporty>
   no
  </sporty>
 </clothing>
 <clothing>
  <id>
   296508926
  </id>
  <name>
   New Balance Skirt X-4517
  </name>
  <category>
   Skirt
  </category>
  <size>
   L
  </size>
  <color>
   Оранжевый
  </color>
  <material>
   Хлопок
  </material>
  <price>
   822846
  </price>
  <rating>
   4.59
  </rating>
  <reviews>
   546113
  </reviews>
  <new>
   -
  </new>
  <exclusive>
   yes
  </exclusive>
  <sporty>
   no
  </sporty>
 </clothing>
 <clothing>
  <id>
   560744435
  </id>
  <name>
   PleinSport Belts J-5421
  </name>
  <category>
   Belts
  </category>
  <size>
   M
  </size>
  <color>
   Голубой
  </color>
  <material>
   Шелк
  </material>
  <price>
   992878
  </price>
  <rating>
   3.45
  </rating>
  <reviews>
   225089
  </reviews>
 </clothing>
 <clothing>
  <id>
   205765600
  </id>
  <name>
   Converse Dress H-4080
  </name>
  <category>
   Dress
  </category>
  <size>
   M
  </size>
  <color>
   Фиолетовый
  </color>
  <material>
   Хлопок
  </material>
  <price>
   221591
  </price>
  <rating>
   3.95
  </rating>
  <reviews>
   861126
  </reviews>
  <new>
   +
  </new>
  <exclusive>
   no
  </exclusive>
  <sporty>
   no
  </sporty>
 </clothing>
 <clothing>
  <id>
   314317782
  </id>
  <name>
   Lacoste Belts B-8286
  </name>
  <category>
   Belts
  </category>
  <size>
   L
  </size>
  <color>
   Красный
  </color>
  <material>
   Вискоза
  </material>
  <price>
   665501
  </price>
  <rating>
   3.78
  </rating>
  <reviews>
   54949
  </reviews>
  <new>
   +
  </new>
  <exclusive>
   yes
  </exclusive>
  <sporty>
   yes
  </sporty>
 </clothing>
 <clothing>
  <id>
   819105185
  </id>
  <name>
   New Balance Socks L-9619
  </name>
  <category>
   Socks
  </category>
  <size>
   M
  </size>
  <color>
   Зеленый
  </color>
  <material>
   Вискоза
  </material>
  <price>
   493860
  </price>
  <rating>
   1.33
  </rating>
  <reviews>
   854277
  </reviews>
  <new>
   -
  </new>
  <exclusive>
   yes
  </exclusive>
  <sporty>
   yes
  </sporty>
 </clothing>
 <clothing>
  <id>
   447790216
  </id>
  <name>
   Nike Socks F-7725
  </name>
  <category>
   Socks
  </category>
  <size>
   S
  </size>
  <color>
   Фиолетовый
  </color>
  <material>
   Лен
  </material>
  <price>
   313387
  </price>
  <rating>
   3.02
  </rating>
  <reviews>
   446591
  </reviews>
  <sporty>
   yes
  </sporty>
 </clothing>
 <clothing>
  <id>
   413748992
  </id>
  <name>
   Vans Umbrellas L-1952
  </name>
  <category>
   Umbrellas
  </category>
  <size>
   S
  </size>
  <color>
   Оранжевый
  </color>
  <material>
   Кожа
  </material>
  <price>
   681687
  </price>
  <rating>
   3.69
  </rating>
  <reviews>
   105729
  </reviews>
  <new>
   -
  </new>
  <exclusive>
   yes
  </exclusive>
  <sporty>
   no
  </sporty>
 </clothing>
 <clothing>
  <id>
   724143913
  </id>
  <name>
   PleinSport Handbags P-7635
  </name>
  <category>
   Handbags
  </category>
  <size>
   S
  </size>
  <color>
   Желтый
  </color>
  <material>
   Шерсть
  </material>
  <price>
   743917
  </price>
  <rating>
   4.72
  </rating>
  <reviews>
   795468
  </reviews>
  <new>
   -
  </new>
  <exclusive>
   yes
  </exclusive>
 </clothing>
 <clothing>
  <id>
   889612683
  </id>
  <name>
   Nike Handbags A-9387
  </name>
  <category>
   Handbags
  </category>
  <size>
   XXL
  </size>
  <color>
   Оранжевый
  </color>
  <material>
   Кожа
  </material>
  <price>
   215269
  </price>
  <rating>
   3.1
  </rating>
  <reviews>
   788742
  </reviews>
  <new>
   -
  </new>
  <exclusive>
   yes
  </exclusive>
  <sporty>
   no
  </sporty>
 </clothing>
 <clothing>
  <id>
   424117997
  </id>
  <name>
   New Balance Dress Z-5717
  </name>
  <category>
   Dress
  </category>
  <size>
   XXL
  </size>
  <color>
   Зеленый
  </color>
  <material>
   Нейлон
  </material>
  <price>
   907744
  </price>
  <rating>
   2.45
  </rating>
  <reviews>
   260557
  </reviews>
  <new>
   -
  </new>
  <exclusive>
   no
  </exclusive>
 </clothing>
 <clothing>
  <id>
   201722040
  </id>
  <name>
   Vans Jacket C-9668
  </name>
  <category>
   Jacket
  </category>
  <size>
   XXL
  </size>
  <color>
   Зеленый
  </color>
  <material>
   Шелк
  </material>
  <price>
   130930
  </price>
  <rating>
   1.07
  </rating>
  <reviews>
   215912
  </reviews>
  <exclusive>
   yes
  </exclusive>
  <sporty>
   no
  </sporty>
 </clothing>
 <clothing>
  <id>
   767662946
  </id>
  <name>
   Vans Blouse E-1395
  </name>
  <category>
   Blouse
  </category>
  <size>
   XL
  </size>
  <color>
   Фиолетовый
  </color>
  <material>
   Хлопок
  </material>
  <price>
   148206
  </price>
  <rating>
   1.69
  </rating>
  <reviews>
   257853
  </reviews>
  <new>
   +
  </new>
  <exclusive>
   yes
  </exclusive>
  <sporty>
   yes
  </sporty>
 </clothing>
 <clothing>
  <id>
   195713090
  </id>
  <name>
   Adidas Pants U-3974
  </name>
  <category>
   Pants
  </category>
  <size>
   M
  </size>
  <color>
   Оранжевый
  </color>
  <material>
   Шелк
  </material>
  <price>
   132668
  </price>
  <rating>
   2.67
  </rating>
  <reviews>
   484940
  </reviews>
  <sporty>
   no
  </sporty>
 </clothing>
 <clothing>
  <id>
   676673443
  </id>
  <name>
   Puma Jacket B-6784
  </name>
  <category>
   Jacket
  </category>
  <size>
   XXL
  </size>
  <color>
   Голубой
  </color>
  <material>
   Хлопок
  </material>
  <price>
   437752
  </price>
  <rating>
   3.92
  </rating>
  <reviews>
   937013
  </reviews>
  <new>
   +
  </new>
  <exclusive>
   yes
  </exclusive>
  <sporty>
   yes
  </sporty>
 </clothing>
 <clothing>
  <id>
   518580074
  </id>
  <name>
   New Balance Jacket I-1036
  </name>
  <category>
   Jacket
  </category>
  <size>
   L
  </size>
  <color>
   Красный
  </color>
  <material>
   Вискоза
  </material>
  <price>
   967214
  </price>
  <rating>
   1.45
  </rating>
  <reviews>
   330911
  </reviews>
  <new>
   -
  </new>
 </clothing>
 <clothing>
  <id>
   745621071
  </id>
  <name>
   Lacoste T-shirt L-4712
  </name>
  <category>
   T-shirt
  </category>
  <size>
   M
  </size>
  <color>
   Голубой
  </color>
  <material>
   Полиэстер
  </material>
  <price>
   490147
  </price>
  <rating>
   3.28
  </rating>
  <reviews>
   366621
  </reviews>
  <exclusive>
   yes
  </exclusive>
  <sporty>
   no
  </sporty>
 </clothing>
 <clothing>
  <id>
   847400968
  </id>
  <name>
   PleinSport Shirt D-1953
  </name>
  <category>
   Shirt
  </category>
  <size>
   M
  </size>
  <color>
   Желтый
  </color>
  <material>
   Вискоза
  </material>
  <price>
   127862
  </price>
  <rating>
   1.15
  </rating>
  <reviews>
   920383
  </reviews>
  <exclusive>
   yes
  </exclusive>
  <sporty>
   no
  </sporty>
 </clothing>
 <clothing>
  <id>
   657817137
  </id>
  <name>
   Nike Shirt O-9275
  </name>
  <category>
   Shirt
  </category>
  <size>
   XL
  </size>
  <color>
   Красный
  </color>
  <material>
   Полиэстер
  </material>
  <price>
   215762
  </price>
  <rating>
   3.05
  </rating>
  <reviews>
   644555
  </reviews>
  <new>
   +
  </new>
 </clothing>
 <clothing>
  <id>
   391072295
  </id>
  <name>
   DC T-shirt A-6693
  </name>
  <category>
   T-shirt
  </category>
  <size>
   XXL
  </size>
  <color>
   Красный
  </color>
  <material>
   Шелк
  </material>
  <price>
   760139
  </price>
  <rating>
   1.98
  </rating>
  <reviews>
   660804
  </reviews>
  <exclusive>
   no
  </exclusive>
  <sporty>
   no
  </sporty>
 </clothing>
 <clothing>
  <id>
   653057053
  </id>
  <name>
   Vans Belts B-8699
  </name>
  <category>
   Belts
  </category>
  <size>
   L
  </size>
  <color>
   Желтый
  </color>
  <material>
   Полиэстер
  </material>
  <price>
   566515
  </price>
  <rating>
   2.14
  </rating>
  <reviews>
   189151
  </reviews>
  <exclusive>
   yes
  </exclusive>
  <sporty>
   yes
  </sporty>
 </clothing>
 <clothing>
  <id>
   686134475
  </id>
  <name>
   Fila Belts L-7692
  </name>
  <category>
   Belts
  </category>
  <size>
   L
  </size>
  <color>
   Синий
  </color>
  <material>
   Кожа
  </material>
  <price>
   899740
  </price>
  <rating>
   1.98
  </rating>
  <reviews>
   63191
  </reviews>
  <sporty>
   yes
  </sporty>
 </clothing>
 <clothing>
  <id>
   828586589
  </id>
  <name>
   Asics Hat H-2406
  </name>
  <category>
   Hat
  </category>
  <size>
   L
  </size>
  <color>
   Оранжевый
  </color>
  <material>
   Шерсть
  </material>
  <price>
   402880
  </price>
  <rating>
   4.67
  </rating>
  <reviews>
   380745
  </reviews>
 </clothing>
 <clothing>
  <id>
   869893465
  </id>
  <name>
   PleinSport Sweater I-8728
  </name>
  <category>
   Sweater
  </category>
  <size>
   M
  </size>
  <color>
   Голубой
  </color>
  <material>
   Лен
  </material>
  <price>
   505895
  </price>
  <rating>
   4.25
  </rating>
  <reviews>
   422040
  </reviews>
  <new>
   -
  </new>
  <exclusive>
   no
  </exclusive>
  <sporty>
   yes
  </sporty>
 </clothing>
</clothing-items>
