<?xml version="1.0" encoding="utf-8"?>
<clothing-items>
 <clothing>
  <id>
   641839793
  </id>
  <name>
   Addidas Handbags P-8033
  </name>
  <category>
   Handbags
  </category>
  <size>
   M
  </size>
  <color>
   Желтый
  </color>
  <material>
   Шерсть
  </material>
  <price>
   843409
  </price>
  <rating>
   3.8
  </rating>
  <reviews>
   573188
  </reviews>
  <new>
   +
  </new>
  <sporty>
   no
  </sporty>
 </clothing>
 <clothing>
  <id>
   887672555
  </id>
  <name>
   Brooks Jeans I-7138
  </name>
  <category>
   Jeans
  </category>
  <size>
   XXL
  </size>
  <color>
   Фиолетовый
  </color>
  <material>
   Вискоза
  </material>
  <price>
   421377
  </price>
  <rating>
   3.42
  </rating>
  <reviews>
   923458
  </reviews>
  <exclusive>
   yes
  </exclusive>
  <sporty>
   no
  </sporty>
 </clothing>
 <clothing>
  <id>
   507581856
  </id>
  <name>
   Under Armour Shoes W-2725
  </name>
  <category>
   Shoes
  </category>
  <size>
   M
  </size>
  <color>
   Желтый
  </color>
  <material>
   Шелк
  </material>
  <price>
   730963
  </price>
  <rating>
   2.89
  </rating>
  <reviews>
   885223
  </reviews>
  <new>
   +
  </new>
  <exclusive>
   no
  </exclusive>
 </clothing>
 <clothing>
  <id>
   552253505
  </id>
  <name>
   Brooks Shoes X-5180
  </name>
  <category>
   Shoes
  </category>
  <size>
   XL
  </size>
  <color>
   Оранжевый
  </color>
  <material>
   Шелк
  </material>
  <price>
   681284
  </price>
  <rating>
   3.15
  </rating>
  <reviews>
   946991
  </reviews>
  <sporty>
   no
  </sporty>
 </clothing>
 <clothing>
  <id>
   471700576
  </id>
  <name>
   Addidas T-shirt X-9545
  </name>
  <category>
   T-shirt
  </category>
  <size>
   S
  </size>
  <color>
   Фиолетовый
  </color>
  <material>
   Лен
  </material>
  <price>
   202129
  </price>
  <rating>
   4.96
  </rating>
  <reviews>
   170265
  </reviews>
  <new>
   -
  </new>
  <exclusive>
   yes
  </exclusive>
 </clothing>
 <clothing>
  <id>
   784069647
  </id>
  <name>
   Lacoste T-shirt Q-3759
  </name>
  <category>
   T-shirt
  </category>
  <size>
   XL
  </size>
  <color>
   Красный
  </color>
  <material>
   Нейлон
  </material>
  <price>
   900052
  </price>
  <rating>
   3.46
  </rating>
  <reviews>
   252809
  </reviews>
  <exclusive>
   yes
  </exclusive>
 </clothing>
 <clothing>
  <id>
   371607159
  </id>
  <name>
   Nike Pants J-7485
  </name>
  <category>
   Pants
  </category>
  <size>
   XXL
  </size>
  <color>
   Синий
  </color>
  <material>
   Полиэстер
  </material>
  <price>
   528160
  </price>
  <rating>
   3.51
  </rating>
  <reviews>
   658870
  </reviews>
  <new>
   +
  </new>
  <sporty>
   no
  </sporty>
 </clothing>
 <clothing>
  <id>
   711902912
  </id>
  <name>
   New Balance Hat L-9615
  </name>
  <category>
   Hat
  </category>
  <size>
   M
  </size>
  <color>
   Голубой
  </color>
  <material>
   Кожа
  </material>
  <price>
   301558
  </price>
  <rating>
   4.28
  </rating>
  <reviews>
   75078
  </reviews>
  <exclusive>
   yes
  </exclusive>
 </clothing>
 <clothing>
  <id>
   891199093
  </id>
  <name>
   Fila Pants O-4726
  </name>
  <category>
   Pants
  </category>
  <size>
   M
  </size>
  <color>
   Желтый
  </color>
  <material>
   Шерсть
  </material>
  <price>
   279641
  </price>
  <rating>
   1.4
  </rating>
  <reviews>
   102782
  </reviews>
  <new>
   +
  </new>
  <exclusive>
   no
  </exclusive>
  <sporty>
   yes
  </sporty>
 </clothing>
 <clothing>
  <id>
   649997288
  </id>
  <name>
   Addidas Dress X-3121
  </name>
  <category>
   Dress
  </category>
  <size>
   XL
  </size>
  <color>
   Красный
  </color>
  <material>
   Кожа
  </material>
  <price>
   924689
  </price>
  <rating>
   3.6
  </rating>
  <reviews>
   861205
  </reviews>
  <exclusive>
   yes
  </exclusive>
  <sporty>
   no
  </sporty>
 </clothing>
 <clothing>
  <id>
   879468360
  </id>
  <name>
   Fila Dress Y-1536
  </name>
  <category>
   Dress
  </category>
  <size>
   XL
  </size>
  <color>
   Желтый
  </color>
  <material>
   Кожа
  </material>
  <price>
   649548
  </price>
  <rating>
   1.22
  </rating>
  <reviews>
   914566
  </reviews>
  <exclusive>
   yes
  </exclusive>
  <sporty>
   yes
  </sporty>
 </clothing>
 <clothing>
  <id>
   569734567
  </id>
  <name>
   Ellesse Blouse I-5926
  </name>
  <category>
   Blouse
  </category>
  <size>
   XXL
  </size>
  <color>
   Голубой
  </color>
  <material>
   Полиэстер
  </material>
  <price>
   935844
  </price>
  <rating>
   2.49
  </rating>
  <reviews>
   968058
  </reviews>
  <exclusive>
   yes
  </exclusive>
 </clothing>
 <clothing>
  <id>
   242379991
  </id>
  <name>
   Ellesse Socks X-1727
  </name>
  <category>
   Socks
  </category>
  <size>
   XL
  </size>
  <color>
   Фиолетовый
  </color>
  <material>
   Шерсть
  </material>
  <price>
   580351
  </price>
  <rating>
   1.5
  </rating>
  <reviews>
   685611
  </reviews>
  <sporty>
   yes
  </sporty>
 </clothing>
 <clothing>
  <id>
   830336102
  </id>
  <name>
   Nike T-shirt Z-9102
  </name>
  <category>
   T-shirt
  </category>
  <size>
   L
  </size>
  <color>
   Синий
  </color>
  <material>
   Шелк
  </material>
  <price>
   813125
  </price>
  <rating>
   4.72
  </rating>
  <reviews>
   315731
  </reviews>
  <sporty>
   no
  </sporty>
 </clothing>
 <clothing>
  <id>
   473663053
  </id>
  <name>
   Lacoste Dress M-7430
  </name>
  <category>
   Dress
  </category>
  <size>
   XXL
  </size>
  <color>
   Синий
  </color>
  <material>
   Хлопок
  </material>
  <price>
   392298
  </price>
  <rating>
   2.79
  </rating>
  <reviews>
   433600
  </reviews>
  <new>
   +
  </new>
  <sporty>
   yes
  </sporty>
 </clothing>
 <clothing>
  <id>
   182146120
  </id>
  <name>
   Converse T-shirt U-8107
  </name>
  <category>
   T-shirt
  </category>
  <size>
   L
  </size>
  <color>
   Оранжевый
  </color>
  <material>
   Нейлон
  </material>
  <price>
   431195
  </price>
  <rating>
   2.53
  </rating>
  <reviews>
   336969
  </reviews>
  <new>
   -
  </new>
  <exclusive>
   no
  </exclusive>
  <sporty>
   yes
  </sporty>
 </clothing>
 <clothing>
  <id>
   610643771
  </id>
  <name>
   Brooks Sweater Z-5931
  </name>
  <category>
   Sweater
  </category>
  <size>
   XXL
  </size>
  <color>
   Фиолетовый
  </color>
  <material>
   Хлопок
  </material>
  <price>
   218649
  </price>
  <rating>
   2.1
  </rating>
  <reviews>
   704586
  </reviews>
  <new>
   -
  </new>
  <exclusive>
   yes
  </exclusive>
  <sporty>
   no
  </sporty>
 </clothing>
 <clothing>
  <id>
   448034689
  </id>
  <name>
   Addidas Blouse J-9273
  </name>
  <category>
   Blouse
  </category>
  <size>
   L
  </size>
  <color>
   Голубой
  </color>
  <material>
   Вискоза
  </material>
  <price>
   459287
  </price>
  <rating>
   4.53
  </rating>
  <reviews>
   66578
  </reviews>
  <new>
   -
  </new>
  <exclusive>
   no
  </exclusive>
 </clothing>
 <clothing>
  <id>
   181182027
  </id>
  <name>
   Nike Shoes Q-2468
  </name>
  <category>
   Shoes
  </category>
  <size>
   XL
  </size>
  <color>
   Фиолетовый
  </color>
  <material>
   Нейлон
  </material>
  <price>
   592832
  </price>
  <rating>
   2.78
  </rating>
  <reviews>
   170334
  </reviews>
  <sporty>
   no
  </sporty>
 </clothing>
 <clothing>
  <id>
   629311506
  </id>
  <name>
   Adidas Jacket Z-3080
  </name>
  <category>
   Jacket
  </category>
  <size>
   XXL
  </size>
  <color>
   Желтый
  </color>
  <material>
   Вискоза
  </material>
  <price>
   505527
  </price>
  <rating>
   2.63
  </rating>
  <reviews>
   384219
  </reviews>
  <exclusive>
   no
  </exclusive>
 </clothing>
 <clothing>
  <id>
   330882824
  </id>
  <name>
   Puma Handbags L-2636
  </name>
  <category>
   Handbags
  </category>
  <size>
   S
  </size>
  <color>
   Зеленый
  </color>
  <material>
   Кожа
  </material>
  <price>
   306486
  </price>
  <rating>
   2.69
  </rating>
  <reviews>
   620538
  </reviews>
  <exclusive>
   no
  </exclusive>
 </clothing>
 <clothing>
  <id>
   927034889
  </id>
  <name>
   DC Shirt J-4471
  </name>
  <category>
   Shirt
  </category>
  <size>
   XL
  </size>
  <color>
   Синий
  </color>
  <material>
   Шерсть
  </material>
  <price>
   588244
  </price>
  <rating>
   3.19
  </rating>
  <reviews>
   540484
  </reviews>
  <exclusive>
   no
  </exclusive>
  <sporty>
   no
  </sporty>
 </clothing>
 <clothing>
  <id>
   283886038
  </id>
  <name>
   PleinSport Jeans O-5675
  </name>
  <category>
   Jeans
  </category>
  <size>
   S
  </size>
  <color>
   Зеленый
  </color>
  <material>
   Вискоза
  </material>
  <price>
   444422
  </price>
  <rating>
   3.08
  </rating>
  <reviews>
   923661
  </reviews>
  <new>
   -
  </new>
 </clothing>
 <clothing>
  <id>
   504553420
  </id>
  <name>
   Puma Belts M-8169
  </name>
  <category>
   Belts
  </category>
  <size>
   S
  </size>
  <color>
   Голубой
  </color>
  <material>
   Полиэстер
  </material>
  <price>
   522595
  </price>
  <rating>
   2.8
  </rating>
  <reviews>
   529022
  </reviews>
 </clothing>
 <clothing>
  <id>
   202892553
  </id>
  <name>
   PleinSport Handbags Y-1619
  </name>
  <category>
   Handbags
  </category>
  <size>
   S
  </size>
  <color>
   Оранжевый
  </color>
  <material>
   Шелк
  </material>
  <price>
   263921
  </price>
  <rating>
   4.14
  </rating>
  <reviews>
   106738
  </reviews>
  <new>
   +
  </new>
 </clothing>
 <clothing>
  <id>
   402566018
  </id>
  <name>
   Adidas Sweater D-8946
  </name>
  <category>
   Sweater
  </category>
  <size>
   XL
  </size>
  <color>
   Желтый
  </color>
  <material>
   Лен
  </material>
  <price>
   666630
  </price>
  <rating>
   3.44
  </rating>
  <reviews>
   435561
  </reviews>
  <new>
   -
  </new>
  <exclusive>
   yes
  </exclusive>
  <sporty>
   yes
  </sporty>
 </clothing>
 <clothing>
  <id>
   238676123
  </id>
  <name>
   DC Gloves U-5283
  </name>
  <category>
   Gloves
  </category>
  <size>
   M
  </size>
  <color>
   Фиолетовый
  </color>
  <material>
   Шелк
  </material>
  <price>
   769239
  </price>
  <rating>
   2.75
  </rating>
  <reviews>
   936461
  </reviews>
  <sporty>
   yes
  </sporty>
 </clothing>
 <clothing>
  <id>
   995217577
  </id>
  <name>
   Converse T-shirt N-7543
  </name>
  <category>
   T-shirt
  </category>
  <size>
   XXL
  </size>
  <color>
   Желтый
  </color>
  <material>
   Хлопок
  </material>
  <price>
   433057
  </price>
  <rating>
   4.67
  </rating>
  <reviews>
   505565
  </reviews>
  <new>
   -
  </new>
  <exclusive>
   no
  </exclusive>
 </clothing>
 <clothing>
  <id>
   812625480
  </id>
  <name>
   New Balance Sweater Y-5542
  </name>
  <category>
   Sweater
  </category>
  <size>
   XL
  </size>
  <color>
   Синий
  </color>
  <material>
   Нейлон
  </material>
  <price>
   215209
  </price>
  <rating>
   4.91
  </rating>
  <reviews>
   148860
  </reviews>
  <sporty>
   no
  </sporty>
 </clothing>
 <clothing>
  <id>
   448821794
  </id>
  <name>
   Lacoste Jacket V-9101
  </name>
  <category>
   Jacket
  </category>
  <size>
   M
  </size>
  <color>
   Зеленый
  </color>
  <material>
   Полиэстер
  </material>
  <price>
   795785
  </price>
  <rating>
   1.43
  </rating>
  <reviews>
   132151
  </reviews>
  <new>
   -
  </new>
  <exclusive>
   no
  </exclusive>
  <sporty>
   no
  </sporty>
 </clothing>
 <clothing>
  <id>
   145711061
  </id>
  <name>
   Brooks Shoes R-3462
  </name>
  <category>
   Shoes
  </category>
  <size>
   XL
  </size>
  <color>
   Красный
  </color>
  <material>
   Вискоза
  </material>
  <price>
   913303
  </price>
  <rating>
   4.95
  </rating>
  <reviews>
   875939
  </reviews>
  <new>
   -
  </new>
  <sporty>
   no
  </sporty>
 </clothing>
 <clothing>
  <id>
   615178272
  </id>
  <name>
   Addidas Sweater G-9207
  </name>
  <category>
   Sweater
  </category>
  <size>
   M
  </size>
  <color>
   Голубой
  </color>
  <material>
   Вискоза
  </material>
  <price>
   331910
  </price>
  <rating>
   2.35
  </rating>
  <reviews>
   72022
  </reviews>
  <new>
   -
  </new>
  <sporty>
   no
  </sporty>
 </clothing>
 <clothing>
  <id>
   808619286
  </id>
  <name>
   Converse Jacket C-5961
  </name>
  <category>
   Jacket
  </category>
  <size>
   S
  </size>
  <color>
   Красный
  </color>
  <material>
   Шерсть
  </material>
  <price>
   591620
  </price>
  <rating>
   2.85
  </rating>
  <reviews>
   626693
  </reviews>
  <new>
   +
  </new>
 </clothing>
 <clothing>
  <id>
   442537243
  </id>
  <name>
   Asics Belts J-8488
  </name>
  <category>
   Belts
  </category>
  <size>
   XL
  </size>
  <color>
   Фиолетовый
  </color>
  <material>
   Вискоза
  </material>
  <price>
   720917
  </price>
  <rating>
   1.65
  </rating>
  <reviews>
   832603
  </reviews>
  <new>
   -
  </new>
  <sporty>
   no
  </sporty>
 </clothing>
 <clothing>
  <id>
   186141392
  </id>
  <name>
   Reebok Umbrellas U-1651
  </name>
  <category>
   Umbrellas
  </category>
  <size>
   L
  </size>
  <color>
   Красный
  </color>
  <material>
   Лен
  </material>
  <price>
   663353
  </price>
  <rating>
   4.67
  </rating>
  <reviews>
   420742
  </reviews>
  <new>
   -
  </new>
  <exclusive>
   no
  </exclusive>
 </clothing>
 <clothing>
  <id>
   833192591
  </id>
  <name>
   New Balance Skirt U-2414
  </name>
  <category>
   Skirt
  </category>
  <size>
   S
  </size>
  <color>
   Голубой
  </color>
  <material>
   Кожа
  </material>
  <price>
   931578
  </price>
  <rating>
   1.48
  </rating>
  <reviews>
   590291
  </reviews>
  <new>
   -
  </new>
 </clothing>
</clothing-items>
