<?xml version="1.0" encoding="utf-8"?>
<clothing-items>
 <clothing>
  <id>
   608949621
  </id>
  <name>
   Reebok Jacket A-1954
  </name>
  <category>
   Jacket
  </category>
  <size>
   L
  </size>
  <color>
   Красный
  </color>
  <material>
   Нейлон
  </material>
  <price>
   481581
  </price>
  <rating>
   3.88
  </rating>
  <reviews>
   873627
  </reviews>
  <new>
   -
  </new>
  <exclusive>
   no
  </exclusive>
  <sporty>
   yes
  </sporty>
 </clothing>
 <clothing>
  <id>
   980903160
  </id>
  <name>
   Nike Umbrellas E-2497
  </name>
  <category>
   Umbrellas
  </category>
  <size>
   XXL
  </size>
  <color>
   Голубой
  </color>
  <material>
   Полиэстер
  </material>
  <price>
   103771
  </price>
  <rating>
   1.72
  </rating>
  <reviews>
   145262
  </reviews>
  <new>
   -
  </new>
 </clothing>
 <clothing>
  <id>
   717904006
  </id>
  <name>
   Vans Jacket R-6007
  </name>
  <category>
   Jacket
  </category>
  <size>
   XL
  </size>
  <color>
   Желтый
  </color>
  <material>
   Шелк
  </material>
  <price>
   425724
  </price>
  <rating>
   3.01
  </rating>
  <reviews>
   506884
  </reviews>
  <new>
   +
  </new>
  <sporty>
   yes
  </sporty>
 </clothing>
 <clothing>
  <id>
   783900290
  </id>
  <name>
   Reebok Jacket O-3264
  </name>
  <category>
   Jacket
  </category>
  <size>
   S
  </size>
  <color>
   Оранжевый
  </color>
  <material>
   Хлопок
  </material>
  <price>
   653114
  </price>
  <rating>
   2.03
  </rating>
  <reviews>
   588698
  </reviews>
  <new>
   -
  </new>
  <sporty>
   yes
  </sporty>
 </clothing>
 <clothing>
  <id>
   368298493
  </id>
  <name>
   Under Armour Skirt G-8309
  </name>
  <category>
   Skirt
  </category>
  <size>
   XXL
  </size>
  <color>
   Синий
  </color>
  <material>
   Нейлон
  </material>
  <price>
   985951
  </price>
  <rating>
   1.66
  </rating>
  <reviews>
   514584
  </reviews>
  <new>
   -
  </new>
  <exclusive>
   yes
  </exclusive>
  <sporty>
   no
  </sporty>
 </clothing>
 <clothing>
  <id>
   306724137
  </id>
  <name>
   Ellesse Socks S-4867
  </name>
  <category>
   Socks
  </category>
  <size>
   S
  </size>
  <color>
   Голубой
  </color>
  <material>
   Лен
  </material>
  <price>
   894735
  </price>
  <rating>
   4.34
  </rating>
  <reviews>
   175036
  </reviews>
  <sporty>
   yes
  </sporty>
 </clothing>
 <clothing>
  <id>
   945177710
  </id>
  <name>
   Asics Umbrellas S-2568
  </name>
  <category>
   Umbrellas
  </category>
  <size>
   XL
  </size>
  <color>
   Красный
  </color>
  <material>
   Шерсть
  </material>
  <price>
   331347
  </price>
  <rating>
   4.04
  </rating>
  <reviews>
   586837
  </reviews>
  <new>
   -
  </new>
  <exclusive>
   no
  </exclusive>
 </clothing>
 <clothing>
  <id>
   198442337
  </id>
  <name>
   Vans T-shirt R-6388
  </name>
  <category>
   T-shirt
  </category>
  <size>
   L
  </size>
  <color>
   Желтый
  </color>
  <material>
   Кожа
  </material>
  <price>
   952715
  </price>
  <rating>
   1.3
  </rating>
  <reviews>
   440058
  </reviews>
  <new>
   +
  </new>
  <sporty>
   yes
  </sporty>
 </clothing>
 <clothing>
  <id>
   262283387
  </id>
  <name>
   Reebok Skirt H-9514
  </name>
  <category>
   Skirt
  </category>
  <size>
   L
  </size>
  <color>
   Красный
  </color>
  <material>
   Нейлон
  </material>
  <price>
   675765
  </price>
  <rating>
   4.42
  </rating>
  <reviews>
   700293
  </reviews>
  <exclusive>
   no
  </exclusive>
  <sporty>
   no
  </sporty>
 </clothing>
 <clothing>
  <id>
   798236526
  </id>
  <name>
   Addidas Skirt D-5746
  </name>
  <category>
   Skirt
  </category>
  <size>
   M
  </size>
  <color>
   Голубой
  </color>
  <material>
   Хлопок
  </material>
  <price>
   864963
  </price>
  <rating>
   1.41
  </rating>
  <reviews>
   597353
  </reviews>
  <new>
   -
  </new>
 </clothing>
 <clothing>
  <id>
   828407366
  </id>
  <name>
   New Balance Jacket Y-6054
  </name>
  <category>
   Jacket
  </category>
  <size>
   XXL
  </size>
  <color>
   Оранжевый
  </color>
  <material>
   Кожа
  </material>
  <price>
   346158
  </price>
  <rating>
   1.69
  </rating>
  <reviews>
   626352
  </reviews>
  <new>
   -
  </new>
  <sporty>
   yes
  </sporty>
 </clothing>
 <clothing>
  <id>
   219239597
  </id>
  <name>
   Fila Belts K-9348
  </name>
  <category>
   Belts
  </category>
  <size>
   M
  </size>
  <color>
   Оранжевый
  </color>
  <material>
   Полиэстер
  </material>
  <price>
   160367
  </price>
  <rating>
   3.27
  </rating>
  <reviews>
   847986
  </reviews>
  <new>
   +
  </new>
  <exclusive>
   yes
  </exclusive>
 </clothing>
 <clothing>
  <id>
   818433838
  </id>
  <name>
   Brooks Socks U-4336
  </name>
  <category>
   Socks
  </category>
  <size>
   S
  </size>
  <color>
   Красный
  </color>
  <material>
   Вискоза
  </material>
  <price>
   258241
  </price>
  <rating>
   3.08
  </rating>
  <reviews>
   569482
  </reviews>
  <new>
   -
  </new>
 </clothing>
 <clothing>
  <id>
   948832728
  </id>
  <name>
   Under Armour Socks Z-6208
  </name>
  <category>
   Socks
  </category>
  <size>
   XL
  </size>
  <color>
   Желтый
  </color>
  <material>
   Хлопок
  </material>
  <price>
   900297
  </price>
  <rating>
   1.27
  </rating>
  <reviews>
   644644
  </reviews>
  <exclusive>
   no
  </exclusive>
  <sporty>
   no
  </sporty>
 </clothing>
 <clothing>
  <id>
   739929415
  </id>
  <name>
   Vans Belts D-6394
  </name>
  <category>
   Belts
  </category>
  <size>
   L
  </size>
  <color>
   Оранжевый
  </color>
  <material>
   Кожа
  </material>
  <price>
   265728
  </price>
  <rating>
   4.87
  </rating>
  <reviews>
   292902
  </reviews>
  <exclusive>
   yes
  </exclusive>
 </clothing>
 <clothing>
  <id>
   534331509
  </id>
  <name>
   Addidas Shoes D-4587
  </name>
  <category>
   Shoes
  </category>
  <size>
   S
  </size>
  <color>
   Оранжевый
  </color>
  <material>
   Лен
  </material>
  <price>
   493989
  </price>
  <rating>
   1.59
  </rating>
  <reviews>
   75365
  </reviews>
  <new>
   +
  </new>
  <exclusive>
   no
  </exclusive>
 </clothing>
 <clothing>
  <id>
   636939615
  </id>
  <name>
   Brooks Gloves S-4593
  </name>
  <category>
   Gloves
  </category>
  <size>
   L
  </size>
  <color>
   Синий
  </color>
  <material>
   Лен
  </material>
  <price>
   803123
  </price>
  <rating>
   3.77
  </rating>
  <reviews>
   144125
  </reviews>
  <exclusive>
   no
  </exclusive>
  <sporty>
   yes
  </sporty>
 </clothing>
 <clothing>
  <id>
   279708587
  </id>
  <name>
   Fila Jacket J-6839
  </name>
  <category>
   Jacket
  </category>
  <size>
   S
  </size>
  <color>
   Оранжевый
  </color>
  <material>
   Кожа
  </material>
  <price>
   705501
  </price>
  <rating>
   1.73
  </rating>
  <reviews>
   748598
  </reviews>
  <sporty>
   yes
  </sporty>
 </clothing>
 <clothing>
  <id>
   139369356
  </id>
  <name>
   Converse Handbags P-6868
  </name>
  <category>
   Handbags
  </category>
  <size>
   XL
  </size>
  <color>
   Голубой
  </color>
  <material>
   Хлопок
  </material>
  <price>
   703030
  </price>
  <rating>
   1.34
  </rating>
  <reviews>
   677572
  </reviews>
  <exclusive>
   no
  </exclusive>
  <sporty>
   no
  </sporty>
 </clothing>
 <clothing>
  <id>
   418884892
  </id>
  <name>
   Converse Jacket F-5444
  </name>
  <category>
   Jacket
  </category>
  <size>
   M
  </size>
  <color>
   Красный
  </color>
  <material>
   Полиэстер
  </material>
  <price>
   637627
  </price>
  <rating>
   4.85
  </rating>
  <reviews>
   878570
  </reviews>
  <new>
   -
  </new>
  <exclusive>
   yes
  </exclusive>
  <sporty>
   yes
  </sporty>
 </clothing>
 <clothing>
  <id>
   417575110
  </id>
  <name>
   Adidas Jeans K-5940
  </name>
  <category>
   Jeans
  </category>
  <size>
   XXL
  </size>
  <color>
   Желтый
  </color>
  <material>
   Шелк
  </material>
  <price>
   782197
  </price>
  <rating>
   1.27
  </rating>
  <reviews>
   501176
  </reviews>
  <exclusive>
   no
  </exclusive>
  <sporty>
   no
  </sporty>
 </clothing>
 <clothing>
  <id>
   525922315
  </id>
  <name>
   Converse Skirt B-5917
  </name>
  <category>
   Skirt
  </category>
  <size>
   XL
  </size>
  <color>
   Красный
  </color>
  <material>
   Хлопок
  </material>
  <price>
   680193
  </price>
  <rating>
   2.41
  </rating>
  <reviews>
   162954
  </reviews>
  <new>
   -
  </new>
  <exclusive>
   yes
  </exclusive>
  <sporty>
   yes
  </sporty>
 </clothing>
 <clothing>
  <id>
   132704207
  </id>
  <name>
   Asics Sweater D-6665
  </name>
  <category>
   Sweater
  </category>
  <size>
   L
  </size>
  <color>
   Голубой
  </color>
  <material>
   Кожа
  </material>
  <price>
   480249
  </price>
  <rating>
   4.77
  </rating>
  <reviews>
   308990
  </reviews>
  <new>
   +
  </new>
  <sporty>
   no
  </sporty>
 </clothing>
</clothing-items>
