<?xml version="1.0" encoding="utf-8"?>
<clothing-items>
 <clothing>
  <id>
   678818373
  </id>
  <name>
   Vans Belts D-5079
  </name>
  <category>
   Belts
  </category>
  <size>
   S
  </size>
  <color>
   Синий
  </color>
  <material>
   Вискоза
  </material>
  <price>
   334102
  </price>
  <rating>
   2.29
  </rating>
  <reviews>
   133617
  </reviews>
  <new>
   +
  </new>
  <exclusive>
   yes
  </exclusive>
  <sporty>
   no
  </sporty>
 </clothing>
 <clothing>
  <id>
   276746315
  </id>
  <name>
   Puma T-shirt C-3442
  </name>
  <category>
   T-shirt
  </category>
  <size>
   S
  </size>
  <color>
   Желтый
  </color>
  <material>
   Шелк
  </material>
  <price>
   609131
  </price>
  <rating>
   1.77
  </rating>
  <reviews>
   219361
  </reviews>
  <exclusive>
   no
  </exclusive>
 </clothing>
 <clothing>
  <id>
   376024414
  </id>
  <name>
   Adidas Skirt C-2988
  </name>
  <category>
   Skirt
  </category>
  <size>
   XL
  </size>
  <color>
   Красный
  </color>
  <material>
   Шерсть
  </material>
  <price>
   284252
  </price>
  <rating>
   2.04
  </rating>
  <reviews>
   764022
  </reviews>
  <new>
   +
  </new>
 </clothing>
 <clothing>
  <id>
   120482265
  </id>
  <name>
   New Balance T-shirt S-1223
  </name>
  <category>
   T-shirt
  </category>
  <size>
   XL
  </size>
  <color>
   Красный
  </color>
  <material>
   Нейлон
  </material>
  <price>
   681670
  </price>
  <rating>
   1.49
  </rating>
  <reviews>
   922740
  </reviews>
  <exclusive>
   yes
  </exclusive>
  <sporty>
   no
  </sporty>
 </clothing>
 <clothing>
  <id>
   135221003
  </id>
  <name>
   Ellesse Dress P-9073
  </name>
  <category>
   Dress
  </category>
  <size>
   XXL
  </size>
  <color>
   Голубой
  </color>
  <material>
   Шелк
  </material>
  <price>
   550846
  </price>
  <rating>
   4.13
  </rating>
  <reviews>
   818801
  </reviews>
  <new>
   -
  </new>
  <exclusive>
   yes
  </exclusive>
  <sporty>
   no
  </sporty>
 </clothing>
 <clothing>
  <id>
   595922137
  </id>
  <name>
   Nike Gloves X-4847
  </name>
  <category>
   Gloves
  </category>
  <size>
   L
  </size>
  <color>
   Красный
  </color>
  <material>
   Кожа
  </material>
  <price>
   244253
  </price>
  <rating>
   4.14
  </rating>
  <reviews>
   375241
  </reviews>
 </clothing>
 <clothing>
  <id>
   941485881
  </id>
  <name>
   Addidas Jacket T-2098
  </name>
  <category>
   Jacket
  </category>
  <size>
   M
  </size>
  <color>
   Зеленый
  </color>
  <material>
   Лен
  </material>
  <price>
   421637
  </price>
  <rating>
   1.24
  </rating>
  <reviews>
   787429
  </reviews>
  <exclusive>
   no
  </exclusive>
  <sporty>
   yes
  </sporty>
 </clothing>
 <clothing>
  <id>
   687893431
  </id>
  <name>
   Asics Jacket W-1946
  </name>
  <category>
   Jacket
  </category>
  <size>
   L
  </size>
  <color>
   Желтый
  </color>
  <material>
   Вискоза
  </material>
  <price>
   213832
  </price>
  <rating>
   4.56
  </rating>
  <reviews>
   70542
  </reviews>
  <new>
   -
  </new>
  <exclusive>
   no
  </exclusive>
 </clothing>
 <clothing>
  <id>
   715292389
  </id>
  <name>
   Vans Pants Z-2089
  </name>
  <category>
   Pants
  </category>
  <size>
   L
  </size>
  <color>
   Фиолетовый
  </color>
  <material>
   Хлопок
  </material>
  <price>
   754337
  </price>
  <rating>
   1.53
  </rating>
  <reviews>
   315950
  </reviews>
  <new>
   +
  </new>
  <exclusive>
   no
  </exclusive>
  <sporty>
   no
  </sporty>
 </clothing>
 <clothing>
  <id>
   648983448
  </id>
  <name>
   Adidas Pants V-9974
  </name>
  <category>
   Pants
  </category>
  <size>
   M
  </size>
  <color>
   Зеленый
  </color>
  <material>
   Нейлон
  </material>
  <price>
   960594
  </price>
  <rating>
   3.04
  </rating>
  <reviews>
   162522
  </reviews>
  <new>
   -
  </new>
  <sporty>
   no
  </sporty>
 </clothing>
 <clothing>
  <id>
   826048663
  </id>
  <name>
   Fila Gloves L-6800
  </name>
  <category>
   Gloves
  </category>
  <size>
   XXL
  </size>
  <color>
   Зеленый
  </color>
  <material>
   Вискоза
  </material>
  <price>
   790297
  </price>
  <rating>
   1.27
  </rating>
  <reviews>
   692506
  </reviews>
  <new>
   -
  </new>
  <exclusive>
   yes
  </exclusive>
 </clothing>
 <clothing>
  <id>
   237926112
  </id>
  <name>
   Addidas Blouse Y-4073
  </name>
  <category>
   Blouse
  </category>
  <size>
   M
  </size>
  <color>
   Желтый
  </color>
  <material>
   Кожа
  </material>
  <price>
   211913
  </price>
  <rating>
   4.35
  </rating>
  <reviews>
   783996
  </reviews>
  <exclusive>
   no
  </exclusive>
 </clothing>
 <clothing>
  <id>
   738546765
  </id>
  <name>
   New Balance Gloves P-1249
  </name>
  <category>
   Gloves
  </category>
  <size>
   S
  </size>
  <color>
   Зеленый
  </color>
  <material>
   Шелк
  </material>
  <price>
   388509
  </price>
  <rating>
   1.39
  </rating>
  <reviews>
   366131
  </reviews>
  <sporty>
   no
  </sporty>
 </clothing>
 <clothing>
  <id>
   758798649
  </id>
  <name>
   Asics Pants E-7203
  </name>
  <category>
   Pants
  </category>
  <size>
   XXL
  </size>
  <color>
   Красный
  </color>
  <material>
   Шелк
  </material>
  <price>
   618381
  </price>
  <rating>
   1.79
  </rating>
  <reviews>
   781360
  </reviews>
  <new>
   -
  </new>
  <sporty>
   no
  </sporty>
 </clothing>
 <clothing>
  <id>
   952173315
  </id>
  <name>
   Adidas Handbags H-5549
  </name>
  <category>
   Handbags
  </category>
  <size>
   S
  </size>
  <color>
   Красный
  </color>
  <material>
   Кожа
  </material>
  <price>
   426557
  </price>
  <rating>
   3.21
  </rating>
  <reviews>
   447528
  </reviews>
  <new>
   +
  </new>
 </clothing>
 <clothing>
  <id>
   551265609
  </id>
  <name>
   Nike Shoes K-6766
  </name>
  <category>
   Shoes
  </category>
  <size>
   S
  </size>
  <color>
   Красный
  </color>
  <material>
   Шелк
  </material>
  <price>
   676147
  </price>
  <rating>
   4.89
  </rating>
  <reviews>
   651637
  </reviews>
  <new>
   -
  </new>
 </clothing>
 <clothing>
  <id>
   826624839
  </id>
  <name>
   Adidas Handbags L-5565
  </name>
  <category>
   Handbags
  </category>
  <size>
   S
  </size>
  <color>
   Оранжевый
  </color>
  <material>
   Полиэстер
  </material>
  <price>
   516892
  </price>
  <rating>
   3.22
  </rating>
  <reviews>
   676376
  </reviews>
  <exclusive>
   yes
  </exclusive>
 </clothing>
 <clothing>
  <id>
   709335967
  </id>
  <name>
   DC Hat F-2395
  </name>
  <category>
   Hat
  </category>
  <size>
   XXL
  </size>
  <color>
   Фиолетовый
  </color>
  <material>
   Лен
  </material>
  <price>
   106904
  </price>
  <rating>
   1.27
  </rating>
  <reviews>
   325516
  </reviews>
  <sporty>
   yes
  </sporty>
 </clothing>
 <clothing>
  <id>
   813539516
  </id>
  <name>
   Under Armour Socks F-5904
  </name>
  <category>
   Socks
  </category>
  <size>
   XXL
  </size>
  <color>
   Фиолетовый
  </color>
  <material>
   Полиэстер
  </material>
  <price>
   370054
  </price>
  <rating>
   4.13
  </rating>
  <reviews>
   87493
  </reviews>
  <new>
   -
  </new>
  <exclusive>
   yes
  </exclusive>
 </clothing>
 <clothing>
  <id>
   450748385
  </id>
  <name>
   New Balance Dress X-3235
  </name>
  <category>
   Dress
  </category>
  <size>
   S
  </size>
  <color>
   Оранжевый
  </color>
  <material>
   Вискоза
  </material>
  <price>
   140060
  </price>
  <rating>
   4.21
  </rating>
  <reviews>
   482582
  </reviews>
  <new>
   -
  </new>
  <exclusive>
   yes
  </exclusive>
 </clothing>
 <clothing>
  <id>
   529487102
  </id>
  <name>
   Vans Belts U-8490
  </name>
  <category>
   Belts
  </category>
  <size>
   XXL
  </size>
  <color>
   Синий
  </color>
  <material>
   Вискоза
  </material>
  <price>
   199230
  </price>
  <rating>
   3.84
  </rating>
  <reviews>
   498616
  </reviews>
  <new>
   -
  </new>
  <exclusive>
   no
  </exclusive>
 </clothing>
 <clothing>
  <id>
   672573559
  </id>
  <name>
   Vans Jeans V-7181
  </name>
  <category>
   Jeans
  </category>
  <size>
   S
  </size>
  <color>
   Фиолетовый
  </color>
  <material>
   Кожа
  </material>
  <price>
   510952
  </price>
  <rating>
   3.82
  </rating>
  <reviews>
   298208
  </reviews>
  <new>
   +
  </new>
  <sporty>
   no
  </sporty>
 </clothing>
 <clothing>
  <id>
   155422797
  </id>
  <name>
   Puma Dress J-2805
  </name>
  <category>
   Dress
  </category>
  <size>
   M
  </size>
  <color>
   Голубой
  </color>
  <material>
   Вискоза
  </material>
  <price>
   761045
  </price>
  <rating>
   2.38
  </rating>
  <reviews>
   202766
  </reviews>
  <new>
   +
  </new>
  <exclusive>
   yes
  </exclusive>
 </clothing>
 <clothing>
  <id>
   317199251
  </id>
  <name>
   Converse Gloves M-7151
  </name>
  <category>
   Gloves
  </category>
  <size>
   M
  </size>
  <color>
   Голубой
  </color>
  <material>
   Шелк
  </material>
  <price>
   615453
  </price>
  <rating>
   1.98
  </rating>
  <reviews>
   784861
  </reviews>
  <sporty>
   no
  </sporty>
 </clothing>
 <clothing>
  <id>
   792032444
  </id>
  <name>
   Puma Hat Z-9936
  </name>
  <category>
   Hat
  </category>
  <size>
   L
  </size>
  <color>
   Зеленый
  </color>
  <material>
   Кожа
  </material>
  <price>
   331824
  </price>
  <rating>
   3.7
  </rating>
  <reviews>
   770121
  </reviews>
  <new>
   -
  </new>
 </clothing>
 <clothing>
  <id>
   266143222
  </id>
  <name>
   Brooks Handbags W-6782
  </name>
  <category>
   Handbags
  </category>
  <size>
   XXL
  </size>
  <color>
   Желтый
  </color>
  <material>
   Вискоза
  </material>
  <price>
   249772
  </price>
  <rating>
   3.45
  </rating>
  <reviews>
   444763
  </reviews>
  <exclusive>
   no
  </exclusive>
  <sporty>
   yes
  </sporty>
 </clothing>
 <clothing>
  <id>
   140355162
  </id>
  <name>
   Vans T-shirt Z-1589
  </name>
  <category>
   T-shirt
  </category>
  <size>
   S
  </size>
  <color>
   Фиолетовый
  </color>
  <material>
   Вискоза
  </material>
  <price>
   155311
  </price>
  <rating>
   1.52
  </rating>
  <reviews>
   255172
  </reviews>
  <new>
   +
  </new>
  <exclusive>
   no
  </exclusive>
  <sporty>
   no
  </sporty>
 </clothing>
 <clothing>
  <id>
   105156156
  </id>
  <name>
   Converse Belts V-5656
  </name>
  <category>
   Belts
  </category>
  <size>
   L
  </size>
  <color>
   Зеленый
  </color>
  <material>
   Полиэстер
  </material>
  <price>
   643066
  </price>
  <rating>
   1.96
  </rating>
  <reviews>
   527816
  </reviews>
  <new>
   -
  </new>
  <exclusive>
   no
  </exclusive>
  <sporty>
   no
  </sporty>
 </clothing>
 <clothing>
  <id>
   509073848
  </id>
  <name>
   PleinSport Pants P-2502
  </name>
  <category>
   Pants
  </category>
  <size>
   L
  </size>
  <color>
   Фиолетовый
  </color>
  <material>
   Нейлон
  </material>
  <price>
   729112
  </price>
  <rating>
   2.44
  </rating>
  <reviews>
   808215
  </reviews>
  <new>
   -
  </new>
  <exclusive>
   no
  </exclusive>
  <sporty>
   yes
  </sporty>
 </clothing>
 <clothing>
  <id>
   584473787
  </id>
  <name>
   Lacoste Skirt Y-2797
  </name>
  <category>
   Skirt
  </category>
  <size>
   M
  </size>
  <color>
   Желтый
  </color>
  <material>
   Кожа
  </material>
  <price>
   754300
  </price>
  <rating>
   1.3
  </rating>
  <reviews>
   904777
  </reviews>
  <exclusive>
   yes
  </exclusive>
 </clothing>
 <clothing>
  <id>
   931270001
  </id>
  <name>
   Under Armour Jeans Z-2541
  </name>
  <category>
   Jeans
  </category>
  <size>
   XXL
  </size>
  <color>
   Желтый
  </color>
  <material>
   Лен
  </material>
  <price>
   846933
  </price>
  <rating>
   3.29
  </rating>
  <reviews>
   47299
  </reviews>
  <new>
   -
  </new>
  <sporty>
   no
  </sporty>
 </clothing>
 <clothing>
  <id>
   466613191
  </id>
  <name>
   Addidas Hat D-8327
  </name>
  <category>
   Hat
  </category>
  <size>
   L
  </size>
  <color>
   Зеленый
  </color>
  <material>
   Нейлон
  </material>
  <price>
   987186
  </price>
  <rating>
   1.14
  </rating>
  <reviews>
   804898
  </reviews>
  <new>
   -
  </new>
 </clothing>
 <clothing>
  <id>
   770993509
  </id>
  <name>
   Asics Belts E-4733
  </name>
  <category>
   Belts
  </category>
  <size>
   XL
  </size>
  <color>
   Синий
  </color>
  <material>
   Хлопок
  </material>
  <price>
   428187
  </price>
  <rating>
   3.19
  </rating>
  <reviews>
   121483
  </reviews>
  <new>
   -
  </new>
  <exclusive>
   no
  </exclusive>
 </clothing>
 <clothing>
  <id>
   410762729
  </id>
  <name>
   Ellesse Shirt T-1526
  </name>
  <category>
   Shirt
  </category>
  <size>
   M
  </size>
  <color>
   Оранжевый
  </color>
  <material>
   Нейлон
  </material>
  <price>
   194972
  </price>
  <rating>
   2.16
  </rating>
  <reviews>
   481716
  </reviews>
  <new>
   +
  </new>
  <sporty>
   no
  </sporty>
 </clothing>
 <clothing>
  <id>
   830637964
  </id>
  <name>
   Puma Belts E-7304
  </name>
  <category>
   Belts
  </category>
  <size>
   XXL
  </size>
  <color>
   Красный
  </color>
  <material>
   Шелк
  </material>
  <price>
   616235
  </price>
  <rating>
   4.56
  </rating>
  <reviews>
   27496
  </reviews>
  <new>
   +
  </new>
  <sporty>
   no
  </sporty>
 </clothing>
 <clothing>
  <id>
   994518356
  </id>
  <name>
   PleinSport T-shirt R-1609
  </name>
  <category>
   T-shirt
  </category>
  <size>
   XL
  </size>
  <color>
   Красный
  </color>
  <material>
   Хлопок
  </material>
  <price>
   846220
  </price>
  <rating>
   1.4
  </rating>
  <reviews>
   103488
  </reviews>
  <new>
   -
  </new>
  <exclusive>
   no
  </exclusive>
 </clothing>
 <clothing>
  <id>
   164465142
  </id>
  <name>
   Ellesse Blouse Q-8847
  </name>
  <category>
   Blouse
  </category>
  <size>
   L
  </size>
  <color>
   Красный
  </color>
  <material>
   Шерсть
  </material>
  <price>
   537367
  </price>
  <rating>
   1.47
  </rating>
  <reviews>
   138846
  </reviews>
  <sporty>
   yes
  </sporty>
 </clothing>
 <clothing>
  <id>
   513548955
  </id>
  <name>
   Converse Pants G-7225
  </name>
  <category>
   Pants
  </category>
  <size>
   S
  </size>
  <color>
   Синий
  </color>
  <material>
   Шерсть
  </material>
  <price>
   168478
  </price>
  <rating>
   2.87
  </rating>
  <reviews>
   557992
  </reviews>
  <exclusive>
   yes
  </exclusive>
  <sporty>
   no
  </sporty>
 </clothing>
 <clothing>
  <id>
   357048637
  </id>
  <name>
   Reebok Hat V-7164
  </name>
  <category>
   Hat
  </category>
  <size>
   M
  </size>
  <color>
   Голубой
  </color>
  <material>
   Хлопок
  </material>
  <price>
   234010
  </price>
  <rating>
   3.41
  </rating>
  <reviews>
   207965
  </reviews>
  <new>
   -
  </new>
  <exclusive>
   no
  </exclusive>
  <sporty>
   yes
  </sporty>
 </clothing>
 <clothing>
  <id>
   844382819
  </id>
  <name>
   Nike Shoes K-4234
  </name>
  <category>
   Shoes
  </category>
  <size>
   S
  </size>
  <color>
   Красный
  </color>
  <material>
   Шелк
  </material>
  <price>
   903384
  </price>
  <rating>
   3.36
  </rating>
  <reviews>
   107465
  </reviews>
  <exclusive>
   yes
  </exclusive>
  <sporty>
   no
  </sporty>
 </clothing>
 <clothing>
  <id>
   873276105
  </id>
  <name>
   Reebok Dress U-7620
  </name>
  <category>
   Dress
  </category>
  <size>
   XL
  </size>
  <color>
   Фиолетовый
  </color>
  <material>
   Хлопок
  </material>
  <price>
   118252
  </price>
  <rating>
   1.83
  </rating>
  <reviews>
   887706
  </reviews>
  <new>
   -
  </new>
 </clothing>
 <clothing>
  <id>
   133260689
  </id>
  <name>
   DC Jacket P-5250
  </name>
  <category>
   Jacket
  </category>
  <size>
   XL
  </size>
  <color>
   Фиолетовый
  </color>
  <material>
   Лен
  </material>
  <price>
   395663
  </price>
  <rating>
   4.64
  </rating>
  <reviews>
   741432
  </reviews>
  <new>
   -
  </new>
  <exclusive>
   no
  </exclusive>
  <sporty>
   yes
  </sporty>
 </clothing>
 <clothing>
  <id>
   692111177
  </id>
  <name>
   New Balance Sweater C-7691
  </name>
  <category>
   Sweater
  </category>
  <size>
   XXL
  </size>
  <color>
   Красный
  </color>
  <material>
   Полиэстер
  </material>
  <price>
   118856
  </price>
  <rating>
   1.17
  </rating>
  <reviews>
   262407
  </reviews>
  <exclusive>
   no
  </exclusive>
 </clothing>
</clothing-items>
