<?xml version="1.0" encoding="utf-8"?>
<clothing-items>
 <clothing>
  <id>
   508164513
  </id>
  <name>
   Brooks Shirt A-8576
  </name>
  <category>
   Shirt
  </category>
  <size>
   M
  </size>
  <color>
   Красный
  </color>
  <material>
   Лен
  </material>
  <price>
   974182
  </price>
  <rating>
   1.96
  </rating>
  <reviews>
   998082
  </reviews>
  <exclusive>
   no
  </exclusive>
  <sporty>
   no
  </sporty>
 </clothing>
 <clothing>
  <id>
   377328986
  </id>
  <name>
   Asics Skirt U-7833
  </name>
  <category>
   Skirt
  </category>
  <size>
   XXL
  </size>
  <color>
   Голубой
  </color>
  <material>
   Лен
  </material>
  <price>
   493205
  </price>
  <rating>
   1.23
  </rating>
  <reviews>
   355906
  </reviews>
  <exclusive>
   yes
  </exclusive>
 </clothing>
 <clothing>
  <id>
   481760375
  </id>
  <name>
   Addidas Belts R-5044
  </name>
  <category>
   Belts
  </category>
  <size>
   XXL
  </size>
  <color>
   Фиолетовый
  </color>
  <material>
   Кожа
  </material>
  <price>
   740907
  </price>
  <rating>
   3.53
  </rating>
  <reviews>
   502786
  </reviews>
  <sporty>
   no
  </sporty>
 </clothing>
 <clothing>
  <id>
   317457609
  </id>
  <name>
   Puma Sweater V-8550
  </name>
  <category>
   Sweater
  </category>
  <size>
   S
  </size>
  <color>
   Фиолетовый
  </color>
  <material>
   Вискоза
  </material>
  <price>
   178606
  </price>
  <rating>
   1.27
  </rating>
  <reviews>
   119267
  </reviews>
  <new>
   +
  </new>
  <exclusive>
   no
  </exclusive>
 </clothing>
 <clothing>
  <id>
   312844712
  </id>
  <name>
   Nike Handbags T-2374
  </name>
  <category>
   Handbags
  </category>
  <size>
   XXL
  </size>
  <color>
   Оранжевый
  </color>
  <material>
   Шелк
  </material>
  <price>
   684797
  </price>
  <rating>
   1.24
  </rating>
  <reviews>
   762246
  </reviews>
  <new>
   -
  </new>
  <exclusive>
   yes
  </exclusive>
  <sporty>
   no
  </sporty>
 </clothing>
 <clothing>
  <id>
   543992633
  </id>
  <name>
   Brooks Gloves I-2321
  </name>
  <category>
   Gloves
  </category>
  <size>
   XXL
  </size>
  <color>
   Голубой
  </color>
  <material>
   Вискоза
  </material>
  <price>
   179172
  </price>
  <rating>
   3.54
  </rating>
  <reviews>
   547372
  </reviews>
  <new>
   +
  </new>
  <exclusive>
   no
  </exclusive>
  <sporty>
   yes
  </sporty>
 </clothing>
 <clothing>
  <id>
   207082120
  </id>
  <name>
   Ellesse T-shirt Q-7077
  </name>
  <category>
   T-shirt
  </category>
  <size>
   M
  </size>
  <color>
   Зеленый
  </color>
  <material>
   Полиэстер
  </material>
  <price>
   688260
  </price>
  <rating>
   3.18
  </rating>
  <reviews>
   687029
  </reviews>
  <new>
   -
  </new>
  <exclusive>
   yes
  </exclusive>
 </clothing>
 <clothing>
  <id>
   328438748
  </id>
  <name>
   Vans Blouse L-2864
  </name>
  <category>
   Blouse
  </category>
  <size>
   S
  </size>
  <color>
   Желтый
  </color>
  <material>
   Полиэстер
  </material>
  <price>
   334129
  </price>
  <rating>
   1.19
  </rating>
  <reviews>
   860557
  </reviews>
  <new>
   +
  </new>
  <sporty>
   yes
  </sporty>
 </clothing>
 <clothing>
  <id>
   816923621
  </id>
  <name>
   Fila Skirt L-2505
  </name>
  <category>
   Skirt
  </category>
  <size>
   L
  </size>
  <color>
   Оранжевый
  </color>
  <material>
   Нейлон
  </material>
  <price>
   506025
  </price>
  <rating>
   4.04
  </rating>
  <reviews>
   985916
  </reviews>
  <new>
   -
  </new>
  <exclusive>
   no
  </exclusive>
  <sporty>
   yes
  </sporty>
 </clothing>
 <clothing>
  <id>
   825311645
  </id>
  <name>
   Puma Umbrellas S-3460
  </name>
  <category>
   Umbrellas
  </category>
  <size>
   M
  </size>
  <color>
   Оранжевый
  </color>
  <material>
   Полиэстер
  </material>
  <price>
   857891
  </price>
  <rating>
   4.29
  </rating>
  <reviews>
   199632
  </reviews>
  <exclusive>
   no
  </exclusive>
 </clothing>
 <clothing>
  <id>
   401562630
  </id>
  <name>
   Fila Umbrellas N-9900
  </name>
  <category>
   Umbrellas
  </category>
  <size>
   XXL
  </size>
  <color>
   Голубой
  </color>
  <material>
   Лен
  </material>
  <price>
   412996
  </price>
  <rating>
   3.11
  </rating>
  <reviews>
   326100
  </reviews>
  <exclusive>
   no
  </exclusive>
  <sporty>
   no
  </sporty>
 </clothing>
 <clothing>
  <id>
   766539930
  </id>
  <name>
   Reebok Jacket X-7083
  </name>
  <category>
   Jacket
  </category>
  <size>
   M
  </size>
  <color>
   Голубой
  </color>
  <material>
   Вискоза
  </material>
  <price>
   877325
  </price>
  <rating>
   3.61
  </rating>
  <reviews>
   405103
  </reviews>
  <new>
   -
  </new>
  <exclusive>
   yes
  </exclusive>
  <sporty>
   yes
  </sporty>
 </clothing>
 <clothing>
  <id>
   444982367
  </id>
  <name>
   Lacoste Blouse K-1010
  </name>
  <category>
   Blouse
  </category>
  <size>
   XL
  </size>
  <color>
   Красный
  </color>
  <material>
   Шерсть
  </material>
  <price>
   229127
  </price>
  <rating>
   2.3
  </rating>
  <reviews>
   205811
  </reviews>
  <exclusive>
   yes
  </exclusive>
 </clothing>
 <clothing>
  <id>
   448122131
  </id>
  <name>
   Asics Handbags Z-8607
  </name>
  <category>
   Handbags
  </category>
  <size>
   M
  </size>
  <color>
   Красный
  </color>
  <material>
   Полиэстер
  </material>
  <price>
   499434
  </price>
  <rating>
   1.38
  </rating>
  <reviews>
   518380
  </reviews>
  <exclusive>
   yes
  </exclusive>
  <sporty>
   yes
  </sporty>
 </clothing>
 <clothing>
  <id>
   615404820
  </id>
  <name>
   Vans Jeans D-6789
  </name>
  <category>
   Jeans
  </category>
  <size>
   S
  </size>
  <color>
   Желтый
  </color>
  <material>
   Хлопок
  </material>
  <price>
   233927
  </price>
  <rating>
   4.02
  </rating>
  <reviews>
   482719
  </reviews>
  <new>
   -
  </new>
  <exclusive>
   no
  </exclusive>
  <sporty>
   no
  </sporty>
 </clothing>
 <clothing>
  <id>
   565031003
  </id>
  <name>
   PleinSport Shoes A-4177
  </name>
  <category>
   Shoes
  </category>
  <size>
   XXL
  </size>
  <color>
   Желтый
  </color>
  <material>
   Вискоза
  </material>
  <price>
   640267
  </price>
  <rating>
   1.05
  </rating>
  <reviews>
   872876
  </reviews>
  <new>
   -
  </new>
  <sporty>
   yes
  </sporty>
 </clothing>
 <clothing>
  <id>
   134549412
  </id>
  <name>
   PleinSport Jeans K-1472
  </name>
  <category>
   Jeans
  </category>
  <size>
   S
  </size>
  <color>
   Голубой
  </color>
  <material>
   Шелк
  </material>
  <price>
   225371
  </price>
  <rating>
   3.57
  </rating>
  <reviews>
   749880
  </reviews>
  <new>
   +
  </new>
  <exclusive>
   no
  </exclusive>
  <sporty>
   yes
  </sporty>
 </clothing>
 <clothing>
  <id>
   961209785
  </id>
  <name>
   Addidas Pants N-1101
  </name>
  <category>
   Pants
  </category>
  <size>
   XXL
  </size>
  <color>
   Красный
  </color>
  <material>
   Вискоза
  </material>
  <price>
   131917
  </price>
  <rating>
   2.53
  </rating>
  <reviews>
   426044
  </reviews>
  <exclusive>
   yes
  </exclusive>
  <sporty>
   yes
  </sporty>
 </clothing>
 <clothing>
  <id>
   963342015
  </id>
  <name>
   Asics Skirt B-5351
  </name>
  <category>
   Skirt
  </category>
  <size>
   M
  </size>
  <color>
   Зеленый
  </color>
  <material>
   Полиэстер
  </material>
  <price>
   617489
  </price>
  <rating>
   2.21
  </rating>
  <reviews>
   92807
  </reviews>
  <new>
   -
  </new>
 </clothing>
 <clothing>
  <id>
   887910931
  </id>
  <name>
   Lacoste Umbrellas M-8210
  </name>
  <category>
   Umbrellas
  </category>
  <size>
   S
  </size>
  <color>
   Красный
  </color>
  <material>
   Нейлон
  </material>
  <price>
   960403
  </price>
  <rating>
   3.8
  </rating>
  <reviews>
   653942
  </reviews>
  <new>
   +
  </new>
  <exclusive>
   no
  </exclusive>
 </clothing>
 <clothing>
  <id>
   364317220
  </id>
  <name>
   DC Jacket U-3140
  </name>
  <category>
   Jacket
  </category>
  <size>
   S
  </size>
  <color>
   Синий
  </color>
  <material>
   Нейлон
  </material>
  <price>
   671833
  </price>
  <rating>
   4.58
  </rating>
  <reviews>
   757964
  </reviews>
  <exclusive>
   no
  </exclusive>
  <sporty>
   yes
  </sporty>
 </clothing>
 <clothing>
  <id>
   175654889
  </id>
  <name>
   Puma Belts S-3874
  </name>
  <category>
   Belts
  </category>
  <size>
   L
  </size>
  <color>
   Зеленый
  </color>
  <material>
   Полиэстер
  </material>
  <price>
   109602
  </price>
  <rating>
   4.58
  </rating>
  <reviews>
   180182
  </reviews>
  <new>
   +
  </new>
  <exclusive>
   no
  </exclusive>
  <sporty>
   yes
  </sporty>
 </clothing>
</clothing-items>
