<?xml version="1.0" encoding="utf-8"?>
<clothing-items>
 <clothing>
  <id>
   939998795
  </id>
  <name>
   Lacoste Skirt W-1178
  </name>
  <category>
   Skirt
  </category>
  <size>
   XXL
  </size>
  <color>
   Желтый
  </color>
  <material>
   Кожа
  </material>
  <price>
   220579
  </price>
  <rating>
   4.15
  </rating>
  <reviews>
   433894
  </reviews>
  <new>
   -
  </new>
  <exclusive>
   no
  </exclusive>
  <sporty>
   yes
  </sporty>
 </clothing>
 <clothing>
  <id>
   887183356
  </id>
  <name>
   Brooks Shirt K-6423
  </name>
  <category>
   Shirt
  </category>
  <size>
   XXL
  </size>
  <color>
   Фиолетовый
  </color>
  <material>
   Полиэстер
  </material>
  <price>
   260239
  </price>
  <rating>
   3.89
  </rating>
  <reviews>
   170177
  </reviews>
  <new>
   -
  </new>
  <exclusive>
   yes
  </exclusive>
  <sporty>
   no
  </sporty>
 </clothing>
 <clothing>
  <id>
   771203672
  </id>
  <name>
   Asics Handbags N-2748
  </name>
  <category>
   Handbags
  </category>
  <size>
   XXL
  </size>
  <color>
   Зеленый
  </color>
  <material>
   Хлопок
  </material>
  <price>
   397993
  </price>
  <rating>
   3.97
  </rating>
  <reviews>
   469918
  </reviews>
  <exclusive>
   yes
  </exclusive>
  <sporty>
   no
  </sporty>
 </clothing>
 <clothing>
  <id>
   389011180
  </id>
  <name>
   PleinSport Sweater W-4632
  </name>
  <category>
   Sweater
  </category>
  <size>
   XXL
  </size>
  <color>
   Синий
  </color>
  <material>
   Шелк
  </material>
  <price>
   730470
  </price>
  <rating>
   2.09
  </rating>
  <reviews>
   634112
  </reviews>
  <sporty>
   no
  </sporty>
 </clothing>
 <clothing>
  <id>
   389735788
  </id>
  <name>
   Ellesse Belts X-2963
  </name>
  <category>
   Belts
  </category>
  <size>
   XXL
  </size>
  <color>
   Фиолетовый
  </color>
  <material>
   Шерсть
  </material>
  <price>
   619916
  </price>
  <rating>
   1.7
  </rating>
  <reviews>
   21243
  </reviews>
  <new>
   -
  </new>
  <sporty>
   no
  </sporty>
 </clothing>
 <clothing>
  <id>
   398814154
  </id>
  <name>
   Vans Belts D-1505
  </name>
  <category>
   Belts
  </category>
  <size>
   XXL
  </size>
  <color>
   Красный
  </color>
  <material>
   Лен
  </material>
  <price>
   207129
  </price>
  <rating>
   4.49
  </rating>
  <reviews>
   202786
  </reviews>
  <exclusive>
   no
  </exclusive>
 </clothing>
 <clothing>
  <id>
   974331702
  </id>
  <name>
   Ellesse Skirt T-7311
  </name>
  <category>
   Skirt
  </category>
  <size>
   M
  </size>
  <color>
   Оранжевый
  </color>
  <material>
   Лен
  </material>
  <price>
   992596
  </price>
  <rating>
   4.67
  </rating>
  <reviews>
   887686
  </reviews>
  <exclusive>
   no
  </exclusive>
  <sporty>
   yes
  </sporty>
 </clothing>
 <clothing>
  <id>
   722609891
  </id>
  <name>
   Converse Shoes Z-8043
  </name>
  <category>
   Shoes
  </category>
  <size>
   XL
  </size>
  <color>
   Красный
  </color>
  <material>
   Шерсть
  </material>
  <price>
   491032
  </price>
  <rating>
   2.31
  </rating>
  <reviews>
   475338
  </reviews>
  <new>
   +
  </new>
  <exclusive>
   yes
  </exclusive>
  <sporty>
   no
  </sporty>
 </clothing>
 <clothing>
  <id>
   243407736
  </id>
  <name>
   Under Armour Hat R-3764
  </name>
  <category>
   Hat
  </category>
  <size>
   XL
  </size>
  <color>
   Голубой
  </color>
  <material>
   Вискоза
  </material>
  <price>
   334972
  </price>
  <rating>
   4.63
  </rating>
  <reviews>
   787875
  </reviews>
  <new>
   -
  </new>
  <exclusive>
   no
  </exclusive>
 </clothing>
 <clothing>
  <id>
   700026517
  </id>
  <name>
   Lacoste Blouse A-9887
  </name>
  <category>
   Blouse
  </category>
  <size>
   XXL
  </size>
  <color>
   Зеленый
  </color>
  <material>
   Вискоза
  </material>
  <price>
   231044
  </price>
  <rating>
   1.23
  </rating>
  <reviews>
   977970
  </reviews>
  <exclusive>
   no
  </exclusive>
 </clothing>
</clothing-items>
