<?xml version="1.0" encoding="utf-8"?>
<clothing-items>
 <clothing>
  <id>
   551549652
  </id>
  <name>
   Under Armour Pants P-4101
  </name>
  <category>
   Pants
  </category>
  <size>
   L
  </size>
  <color>
   Зеленый
  </color>
  <material>
   Хлопок
  </material>
  <price>
   719094
  </price>
  <rating>
   2.22
  </rating>
  <reviews>
   521832
  </reviews>
  <new>
   +
  </new>
  <sporty>
   no
  </sporty>
 </clothing>
 <clothing>
  <id>
   531300137
  </id>
  <name>
   Reebok Skirt F-1621
  </name>
  <category>
   Skirt
  </category>
  <size>
   XL
  </size>
  <color>
   Синий
  </color>
  <material>
   Кожа
  </material>
  <price>
   189719
  </price>
  <rating>
   3.26
  </rating>
  <reviews>
   383027
  </reviews>
  <new>
   +
  </new>
  <exclusive>
   yes
  </exclusive>
 </clothing>
 <clothing>
  <id>
   277482471
  </id>
  <name>
   Lacoste Dress J-2895
  </name>
  <category>
   Dress
  </category>
  <size>
   XXL
  </size>
  <color>
   Синий
  </color>
  <material>
   Полиэстер
  </material>
  <price>
   284088
  </price>
  <rating>
   3.66
  </rating>
  <reviews>
   533434
  </reviews>
  <new>
   -
  </new>
  <exclusive>
   yes
  </exclusive>
  <sporty>
   no
  </sporty>
 </clothing>
 <clothing>
  <id>
   207586106
  </id>
  <name>
   Nike Umbrellas E-3972
  </name>
  <category>
   Umbrellas
  </category>
  <size>
   XXL
  </size>
  <color>
   Фиолетовый
  </color>
  <material>
   Вискоза
  </material>
  <price>
   217184
  </price>
  <rating>
   3.1
  </rating>
  <reviews>
   950024
  </reviews>
  <new>
   -
  </new>
 </clothing>
 <clothing>
  <id>
   542507508
  </id>
  <name>
   Addidas Umbrellas B-1998
  </name>
  <category>
   Umbrellas
  </category>
  <size>
   XXL
  </size>
  <color>
   Желтый
  </color>
  <material>
   Шерсть
  </material>
  <price>
   984325
  </price>
  <rating>
   2.25
  </rating>
  <reviews>
   139193
  </reviews>
  <new>
   -
  </new>
  <exclusive>
   yes
  </exclusive>
 </clothing>
 <clothing>
  <id>
   996554295
  </id>
  <name>
   Converse Umbrellas G-7037
  </name>
  <category>
   Umbrellas
  </category>
  <size>
   S
  </size>
  <color>
   Желтый
  </color>
  <material>
   Вискоза
  </material>
  <price>
   599671
  </price>
  <rating>
   2.13
  </rating>
  <reviews>
   583431
  </reviews>
  <new>
   -
  </new>
  <exclusive>
   no
  </exclusive>
  <sporty>
   no
  </sporty>
 </clothing>
 <clothing>
  <id>
   731622711
  </id>
  <name>
   Puma Hat T-1483
  </name>
  <category>
   Hat
  </category>
  <size>
   S
  </size>
  <color>
   Зеленый
  </color>
  <material>
   Лен
  </material>
  <price>
   973705
  </price>
  <rating>
   3.61
  </rating>
  <reviews>
   36310
  </reviews>
  <new>
   -
  </new>
  <exclusive>
   no
  </exclusive>
  <sporty>
   yes
  </sporty>
 </clothing>
 <clothing>
  <id>
   288573061
  </id>
  <name>
   Asics Dress J-7874
  </name>
  <category>
   Dress
  </category>
  <size>
   S
  </size>
  <color>
   Красный
  </color>
  <material>
   Шерсть
  </material>
  <price>
   184250
  </price>
  <rating>
   4.63
  </rating>
  <reviews>
   611633
  </reviews>
  <exclusive>
   yes
  </exclusive>
 </clothing>
 <clothing>
  <id>
   942786823
  </id>
  <name>
   Reebok Blouse N-1127
  </name>
  <category>
   Blouse
  </category>
  <size>
   XL
  </size>
  <color>
   Оранжевый
  </color>
  <material>
   Вискоза
  </material>
  <price>
   958488
  </price>
  <rating>
   1.69
  </rating>
  <reviews>
   479901
  </reviews>
  <new>
   -
  </new>
  <exclusive>
   no
  </exclusive>
  <sporty>
   yes
  </sporty>
 </clothing>
 <clothing>
  <id>
   450943040
  </id>
  <name>
   Puma Skirt X-7767
  </name>
  <category>
   Skirt
  </category>
  <size>
   XXL
  </size>
  <color>
   Желтый
  </color>
  <material>
   Шерсть
  </material>
  <price>
   913640
  </price>
  <rating>
   1.66
  </rating>
  <reviews>
   114215
  </reviews>
 </clothing>
 <clothing>
  <id>
   272987753
  </id>
  <name>
   Under Armour Gloves M-8122
  </name>
  <category>
   Gloves
  </category>
  <size>
   XL
  </size>
  <color>
   Синий
  </color>
  <material>
   Хлопок
  </material>
  <price>
   595132
  </price>
  <rating>
   4.58
  </rating>
  <reviews>
   740492
  </reviews>
  <new>
   -
  </new>
  <sporty>
   no
  </sporty>
 </clothing>
 <clothing>
  <id>
   939910276
  </id>
  <name>
   Ellesse Pants Z-8994
  </name>
  <category>
   Pants
  </category>
  <size>
   S
  </size>
  <color>
   Фиолетовый
  </color>
  <material>
   Шелк
  </material>
  <price>
   126478
  </price>
  <rating>
   3.53
  </rating>
  <reviews>
   531222
  </reviews>
  <new>
   +
  </new>
  <exclusive>
   yes
  </exclusive>
 </clothing>
 <clothing>
  <id>
   657480054
  </id>
  <name>
   Asics Dress T-2732
  </name>
  <category>
   Dress
  </category>
  <size>
   L
  </size>
  <color>
   Голубой
  </color>
  <material>
   Шерсть
  </material>
  <price>
   545911
  </price>
  <rating>
   4.57
  </rating>
  <reviews>
   841530
  </reviews>
  <new>
   -
  </new>
  <exclusive>
   yes
  </exclusive>
  <sporty>
   no
  </sporty>
 </clothing>
 <clothing>
  <id>
   964381982
  </id>
  <name>
   Adidas Shirt M-6575
  </name>
  <category>
   Shirt
  </category>
  <size>
   M
  </size>
  <color>
   Зеленый
  </color>
  <material>
   Лен
  </material>
  <price>
   976872
  </price>
  <rating>
   3.93
  </rating>
  <reviews>
   167380
  </reviews>
  <new>
   -
  </new>
  <sporty>
   yes
  </sporty>
 </clothing>
 <clothing>
  <id>
   766776739
  </id>
  <name>
   Lacoste Blouse J-9456
  </name>
  <category>
   Blouse
  </category>
  <size>
   XXL
  </size>
  <color>
   Синий
  </color>
  <material>
   Лен
  </material>
  <price>
   124454
  </price>
  <rating>
   4.92
  </rating>
  <reviews>
   36480
  </reviews>
  <new>
   +
  </new>
  <exclusive>
   yes
  </exclusive>
  <sporty>
   yes
  </sporty>
 </clothing>
 <clothing>
  <id>
   446513848
  </id>
  <name>
   Puma Jeans X-1913
  </name>
  <category>
   Jeans
  </category>
  <size>
   M
  </size>
  <color>
   Голубой
  </color>
  <material>
   Лен
  </material>
  <price>
   657759
  </price>
  <rating>
   4.8
  </rating>
  <reviews>
   568105
  </reviews>
 </clothing>
 <clothing>
  <id>
   639412060
  </id>
  <name>
   Reebok Shoes J-4216
  </name>
  <category>
   Shoes
  </category>
  <size>
   M
  </size>
  <color>
   Оранжевый
  </color>
  <material>
   Шерсть
  </material>
  <price>
   304934
  </price>
  <rating>
   4.64
  </rating>
  <reviews>
   823425
  </reviews>
  <new>
   -
  </new>
  <exclusive>
   no
  </exclusive>
  <sporty>
   no
  </sporty>
 </clothing>
 <clothing>
  <id>
   258072859
  </id>
  <name>
   Addidas Pants T-5317
  </name>
  <category>
   Pants
  </category>
  <size>
   L
  </size>
  <color>
   Зеленый
  </color>
  <material>
   Кожа
  </material>
  <price>
   605823
  </price>
  <rating>
   3.8
  </rating>
  <reviews>
   794586
  </reviews>
  <new>
   -
  </new>
  <exclusive>
   no
  </exclusive>
  <sporty>
   no
  </sporty>
 </clothing>
 <clothing>
  <id>
   505016307
  </id>
  <name>
   Converse Gloves C-5764
  </name>
  <category>
   Gloves
  </category>
  <size>
   M
  </size>
  <color>
   Голубой
  </color>
  <material>
   Вискоза
  </material>
  <price>
   337715
  </price>
  <rating>
   4.77
  </rating>
  <reviews>
   269320
  </reviews>
  <new>
   +
  </new>
  <exclusive>
   yes
  </exclusive>
  <sporty>
   no
  </sporty>
 </clothing>
 <clothing>
  <id>
   830877292
  </id>
  <name>
   Nike Skirt Y-9488
  </name>
  <category>
   Skirt
  </category>
  <size>
   L
  </size>
  <color>
   Оранжевый
  </color>
  <material>
   Нейлон
  </material>
  <price>
   563536
  </price>
  <rating>
   2.48
  </rating>
  <reviews>
   421461
  </reviews>
 </clothing>
 <clothing>
  <id>
   652012666
  </id>
  <name>
   Puma Dress E-4037
  </name>
  <category>
   Dress
  </category>
  <size>
   XL
  </size>
  <color>
   Голубой
  </color>
  <material>
   Кожа
  </material>
  <price>
   260686
  </price>
  <rating>
   4.44
  </rating>
  <reviews>
   890123
  </reviews>
  <exclusive>
   yes
  </exclusive>
  <sporty>
   no
  </sporty>
 </clothing>
 <clothing>
  <id>
   152692352
  </id>
  <name>
   Adidas Gloves F-7325
  </name>
  <category>
   Gloves
  </category>
  <size>
   M
  </size>
  <color>
   Оранжевый
  </color>
  <material>
   Вискоза
  </material>
  <price>
   381025
  </price>
  <rating>
   4.55
  </rating>
  <reviews>
   429167
  </reviews>
  <new>
   +
  </new>
  <sporty>
   no
  </sporty>
 </clothing>
 <clothing>
  <id>
   579184499
  </id>
  <name>
   Addidas Socks T-4473
  </name>
  <category>
   Socks
  </category>
  <size>
   L
  </size>
  <color>
   Желтый
  </color>
  <material>
   Лен
  </material>
  <price>
   766876
  </price>
  <rating>
   2.86
  </rating>
  <reviews>
   684273
  </reviews>
  <new>
   +
  </new>
  <exclusive>
   yes
  </exclusive>
  <sporty>
   yes
  </sporty>
 </clothing>
 <clothing>
  <id>
   107380122
  </id>
  <name>
   PleinSport Shirt A-1727
  </name>
  <category>
   Shirt
  </category>
  <size>
   L
  </size>
  <color>
   Желтый
  </color>
  <material>
   Кожа
  </material>
  <price>
   580607
  </price>
  <rating>
   1.59
  </rating>
  <reviews>
   109552
  </reviews>
  <new>
   -
  </new>
  <exclusive>
   yes
  </exclusive>
  <sporty>
   no
  </sporty>
 </clothing>
 <clothing>
  <id>
   511889993
  </id>
  <name>
   Ellesse Jacket Q-3675
  </name>
  <category>
   Jacket
  </category>
  <size>
   XXL
  </size>
  <color>
   Красный
  </color>
  <material>
   Вискоза
  </material>
  <price>
   719427
  </price>
  <rating>
   2.6
  </rating>
  <reviews>
   974047
  </reviews>
  <sporty>
   no
  </sporty>
 </clothing>
 <clothing>
  <id>
   433339114
  </id>
  <name>
   Vans Skirt D-8835
  </name>
  <category>
   Skirt
  </category>
  <size>
   M
  </size>
  <color>
   Зеленый
  </color>
  <material>
   Кожа
  </material>
  <price>
   697920
  </price>
  <rating>
   3.71
  </rating>
  <reviews>
   70518
  </reviews>
  <new>
   +
  </new>
  <exclusive>
   yes
  </exclusive>
  <sporty>
   no
  </sporty>
 </clothing>
 <clothing>
  <id>
   981919578
  </id>
  <name>
   Ellesse Shoes V-5880
  </name>
  <category>
   Shoes
  </category>
  <size>
   M
  </size>
  <color>
   Красный
  </color>
  <material>
   Кожа
  </material>
  <price>
   466997
  </price>
  <rating>
   4.18
  </rating>
  <reviews>
   166308
  </reviews>
  <new>
   +
  </new>
  <exclusive>
   yes
  </exclusive>
 </clothing>
 <clothing>
  <id>
   544759980
  </id>
  <name>
   DC Pants X-2328
  </name>
  <category>
   Pants
  </category>
  <size>
   M
  </size>
  <color>
   Оранжевый
  </color>
  <material>
   Хлопок
  </material>
  <price>
   701511
  </price>
  <rating>
   1.08
  </rating>
  <reviews>
   357828
  </reviews>
  <new>
   +
  </new>
 </clothing>
</clothing-items>
