<?xml version="1.0" encoding="utf-8"?>
<clothing-items>
 <clothing>
  <id>
   820144851
  </id>
  <name>
   PleinSport Sweater F-2785
  </name>
  <category>
   Sweater
  </category>
  <size>
   M
  </size>
  <color>
   Желтый
  </color>
  <material>
   Шерсть
  </material>
  <price>
   350322
  </price>
  <rating>
   2.24
  </rating>
  <reviews>
   423524
  </reviews>
 </clothing>
 <clothing>
  <id>
   897041545
  </id>
  <name>
   Brooks Shirt Q-9508
  </name>
  <category>
   Shirt
  </category>
  <size>
   XL
  </size>
  <color>
   Фиолетовый
  </color>
  <material>
   Полиэстер
  </material>
  <price>
   838753
  </price>
  <rating>
   4.26
  </rating>
  <reviews>
   927122
  </reviews>
  <sporty>
   no
  </sporty>
 </clothing>
 <clothing>
  <id>
   672565075
  </id>
  <name>
   Reebok Dress Y-1462
  </name>
  <category>
   Dress
  </category>
  <size>
   S
  </size>
  <color>
   Синий
  </color>
  <material>
   Вискоза
  </material>
  <price>
   440999
  </price>
  <rating>
   2.81
  </rating>
  <reviews>
   394068
  </reviews>
  <new>
   -
  </new>
  <sporty>
   no
  </sporty>
 </clothing>
 <clothing>
  <id>
   331399133
  </id>
  <name>
   Under Armour Dress J-5738
  </name>
  <category>
   Dress
  </category>
  <size>
   L
  </size>
  <color>
   Зеленый
  </color>
  <material>
   Кожа
  </material>
  <price>
   767976
  </price>
  <rating>
   1.15
  </rating>
  <reviews>
   639268
  </reviews>
 </clothing>
 <clothing>
  <id>
   976300927
  </id>
  <name>
   Puma Socks C-1613
  </name>
  <category>
   Socks
  </category>
  <size>
   S
  </size>
  <color>
   Зеленый
  </color>
  <material>
   Шерсть
  </material>
  <price>
   385572
  </price>
  <rating>
   3.42
  </rating>
  <reviews>
   905849
  </reviews>
  <new>
   -
  </new>
  <exclusive>
   yes
  </exclusive>
 </clothing>
 <clothing>
  <id>
   907823142
  </id>
  <name>
   New Balance Socks K-6221
  </name>
  <category>
   Socks
  </category>
  <size>
   M
  </size>
  <color>
   Голубой
  </color>
  <material>
   Кожа
  </material>
  <price>
   155438
  </price>
  <rating>
   2.93
  </rating>
  <reviews>
   362455
  </reviews>
  <new>
   -
  </new>
 </clothing>
 <clothing>
  <id>
   576048758
  </id>
  <name>
   Asics Umbrellas B-6535
  </name>
  <category>
   Umbrellas
  </category>
  <size>
   M
  </size>
  <color>
   Красный
  </color>
  <material>
   Вискоза
  </material>
  <price>
   150488
  </price>
  <rating>
   4.02
  </rating>
  <reviews>
   154465
  </reviews>
  <new>
   -
  </new>
  <exclusive>
   no
  </exclusive>
 </clothing>
 <clothing>
  <id>
   355676930
  </id>
  <name>
   Asics Shirt S-1651
  </name>
  <category>
   Shirt
  </category>
  <size>
   XL
  </size>
  <color>
   Фиолетовый
  </color>
  <material>
   Нейлон
  </material>
  <price>
   165253
  </price>
  <rating>
   3.32
  </rating>
  <reviews>
   511709
  </reviews>
  <sporty>
   yes
  </sporty>
 </clothing>
 <clothing>
  <id>
   795831461
  </id>
  <name>
   PleinSport Jacket W-3017
  </name>
  <category>
   Jacket
  </category>
  <size>
   S
  </size>
  <color>
   Зеленый
  </color>
  <material>
   Шерсть
  </material>
  <price>
   143675
  </price>
  <rating>
   3.95
  </rating>
  <reviews>
   234126
  </reviews>
  <sporty>
   no
  </sporty>
 </clothing>
 <clothing>
  <id>
   840214002
  </id>
  <name>
   PleinSport Sweater A-3543
  </name>
  <category>
   Sweater
  </category>
  <size>
   L
  </size>
  <color>
   Синий
  </color>
  <material>
   Вискоза
  </material>
  <price>
   726810
  </price>
  <rating>
   4.08
  </rating>
  <reviews>
   945162
  </reviews>
  <new>
   -
  </new>
  <exclusive>
   no
  </exclusive>
 </clothing>
 <clothing>
  <id>
   165001897
  </id>
  <name>
   Brooks Pants M-3496
  </name>
  <category>
   Pants
  </category>
  <size>
   XL
  </size>
  <color>
   Синий
  </color>
  <material>
   Вискоза
  </material>
  <price>
   215367
  </price>
  <rating>
   1.14
  </rating>
  <reviews>
   461933
  </reviews>
  <new>
   -
  </new>
  <exclusive>
   yes
  </exclusive>
 </clothing>
 <clothing>
  <id>
   772081360
  </id>
  <name>
   Vans T-shirt E-6895
  </name>
  <category>
   T-shirt
  </category>
  <size>
   L
  </size>
  <color>
   Фиолетовый
  </color>
  <material>
   Хлопок
  </material>
  <price>
   258006
  </price>
  <rating>
   3.94
  </rating>
  <reviews>
   386101
  </reviews>
  <new>
   +
  </new>
  <exclusive>
   no
  </exclusive>
  <sporty>
   no
  </sporty>
 </clothing>
 <clothing>
  <id>
   730976599
  </id>
  <name>
   Brooks Sweater C-5587
  </name>
  <category>
   Sweater
  </category>
  <size>
   XL
  </size>
  <color>
   Голубой
  </color>
  <material>
   Лен
  </material>
  <price>
   810781
  </price>
  <rating>
   4.81
  </rating>
  <reviews>
   950904
  </reviews>
  <new>
   -
  </new>
  <exclusive>
   no
  </exclusive>
 </clothing>
 <clothing>
  <id>
   477148971
  </id>
  <name>
   Asics Shirt M-4728
  </name>
  <category>
   Shirt
  </category>
  <size>
   XXL
  </size>
  <color>
   Оранжевый
  </color>
  <material>
   Вискоза
  </material>
  <price>
   828575
  </price>
  <rating>
   3.74
  </rating>
  <reviews>
   211873
  </reviews>
  <exclusive>
   no
  </exclusive>
 </clothing>
 <clothing>
  <id>
   695594753
  </id>
  <name>
   Reebok Blouse M-1899
  </name>
  <category>
   Blouse
  </category>
  <size>
   S
  </size>
  <color>
   Оранжевый
  </color>
  <material>
   Лен
  </material>
  <price>
   988984
  </price>
  <rating>
   4.39
  </rating>
  <reviews>
   656260
  </reviews>
  <new>
   +
  </new>
 </clothing>
 <clothing>
  <id>
   754057728
  </id>
  <name>
   Lacoste Pants S-3181
  </name>
  <category>
   Pants
  </category>
  <size>
   XL
  </size>
  <color>
   Красный
  </color>
  <material>
   Кожа
  </material>
  <price>
   411011
  </price>
  <rating>
   2.64
  </rating>
  <reviews>
   317829
  </reviews>
  <new>
   -
  </new>
  <exclusive>
   no
  </exclusive>
  <sporty>
   yes
  </sporty>
 </clothing>
 <clothing>
  <id>
   453722085
  </id>
  <name>
   Adidas T-shirt N-3262
  </name>
  <category>
   T-shirt
  </category>
  <size>
   L
  </size>
  <color>
   Желтый
  </color>
  <material>
   Лен
  </material>
  <price>
   794146
  </price>
  <rating>
   1.65
  </rating>
  <reviews>
   512451
  </reviews>
  <new>
   -
  </new>
  <sporty>
   yes
  </sporty>
 </clothing>
 <clothing>
  <id>
   292536975
  </id>
  <name>
   Addidas Belts K-1912
  </name>
  <category>
   Belts
  </category>
  <size>
   XL
  </size>
  <color>
   Желтый
  </color>
  <material>
   Лен
  </material>
  <price>
   632880
  </price>
  <rating>
   1.19
  </rating>
  <reviews>
   96672
  </reviews>
  <new>
   +
  </new>
  <exclusive>
   no
  </exclusive>
  <sporty>
   no
  </sporty>
 </clothing>
 <clothing>
  <id>
   317686150
  </id>
  <name>
   Ellesse Shoes D-5207
  </name>
  <category>
   Shoes
  </category>
  <size>
   M
  </size>
  <color>
   Красный
  </color>
  <material>
   Кожа
  </material>
  <price>
   372706
  </price>
  <rating>
   2.89
  </rating>
  <reviews>
   62843
  </reviews>
  <exclusive>
   no
  </exclusive>
  <sporty>
   yes
  </sporty>
 </clothing>
 <clothing>
  <id>
   121606050
  </id>
  <name>
   Puma Dress Y-8637
  </name>
  <category>
   Dress
  </category>
  <size>
   L
  </size>
  <color>
   Зеленый
  </color>
  <material>
   Нейлон
  </material>
  <price>
   397496
  </price>
  <rating>
   2.87
  </rating>
  <reviews>
   939727
  </reviews>
  <exclusive>
   yes
  </exclusive>
  <sporty>
   yes
  </sporty>
 </clothing>
 <clothing>
  <id>
   347658192
  </id>
  <name>
   Vans Socks S-2704
  </name>
  <category>
   Socks
  </category>
  <size>
   XXL
  </size>
  <color>
   Синий
  </color>
  <material>
   Лен
  </material>
  <price>
   369876
  </price>
  <rating>
   1.78
  </rating>
  <reviews>
   985372
  </reviews>
  <new>
   +
  </new>
 </clothing>
 <clothing>
  <id>
   132939421
  </id>
  <name>
   Puma Umbrellas I-3049
  </name>
  <category>
   Umbrellas
  </category>
  <size>
   L
  </size>
  <color>
   Желтый
  </color>
  <material>
   Лен
  </material>
  <price>
   843378
  </price>
  <rating>
   2.69
  </rating>
  <reviews>
   428130
  </reviews>
  <new>
   -
  </new>
  <sporty>
   yes
  </sporty>
 </clothing>
 <clothing>
  <id>
   234799861
  </id>
  <name>
   Nike Shoes D-8104
  </name>
  <category>
   Shoes
  </category>
  <size>
   M
  </size>
  <color>
   Фиолетовый
  </color>
  <material>
   Шерсть
  </material>
  <price>
   472469
  </price>
  <rating>
   3.98
  </rating>
  <reviews>
   380984
  </reviews>
  <new>
   -
  </new>
  <exclusive>
   yes
  </exclusive>
  <sporty>
   no
  </sporty>
 </clothing>
 <clothing>
  <id>
   431356791
  </id>
  <name>
   Addidas Hat K-1026
  </name>
  <category>
   Hat
  </category>
  <size>
   S
  </size>
  <color>
   Зеленый
  </color>
  <material>
   Полиэстер
  </material>
  <price>
   299746
  </price>
  <rating>
   1.25
  </rating>
  <reviews>
   80797
  </reviews>
  <sporty>
   yes
  </sporty>
 </clothing>
 <clothing>
  <id>
   821407776
  </id>
  <name>
   Vans Skirt S-6940
  </name>
  <category>
   Skirt
  </category>
  <size>
   M
  </size>
  <color>
   Зеленый
  </color>
  <material>
   Лен
  </material>
  <price>
   155087
  </price>
  <rating>
   2.59
  </rating>
  <reviews>
   825933
  </reviews>
  <new>
   +
  </new>
  <exclusive>
   yes
  </exclusive>
  <sporty>
   yes
  </sporty>
 </clothing>
 <clothing>
  <id>
   366600183
  </id>
  <name>
   Fila Handbags R-2329
  </name>
  <category>
   Handbags
  </category>
  <size>
   XXL
  </size>
  <color>
   Желтый
  </color>
  <material>
   Нейлон
  </material>
  <price>
   855541
  </price>
  <rating>
   2.82
  </rating>
  <reviews>
   192943
  </reviews>
  <new>
   -
  </new>
  <exclusive>
   yes
  </exclusive>
 </clothing>
 <clothing>
  <id>
   808124141
  </id>
  <name>
   DC Jeans U-8829
  </name>
  <category>
   Jeans
  </category>
  <size>
   M
  </size>
  <color>
   Голубой
  </color>
  <material>
   Нейлон
  </material>
  <price>
   886037
  </price>
  <rating>
   2.5
  </rating>
  <reviews>
   412985
  </reviews>
  <exclusive>
   yes
  </exclusive>
  <sporty>
   no
  </sporty>
 </clothing>
 <clothing>
  <id>
   722975695
  </id>
  <name>
   Nike Belts A-5499
  </name>
  <category>
   Belts
  </category>
  <size>
   S
  </size>
  <color>
   Красный
  </color>
  <material>
   Кожа
  </material>
  <price>
   684215
  </price>
  <rating>
   2.27
  </rating>
  <reviews>
   409028
  </reviews>
  <new>
   +
  </new>
  <exclusive>
   yes
  </exclusive>
 </clothing>
</clothing-items>
