<?xml version="1.0" encoding="utf-8"?>
<clothing-items>
 <clothing>
  <id>
   676827259
  </id>
  <name>
   Ellesse Blouse F-7651
  </name>
  <category>
   Blouse
  </category>
  <size>
   XL
  </size>
  <color>
   Синий
  </color>
  <material>
   Шелк
  </material>
  <price>
   114010
  </price>
  <rating>
   3.02
  </rating>
  <reviews>
   180194
  </reviews>
  <exclusive>
   yes
  </exclusive>
 </clothing>
 <clothing>
  <id>
   447574498
  </id>
  <name>
   DC Pants B-5466
  </name>
  <category>
   Pants
  </category>
  <size>
   S
  </size>
  <color>
   Синий
  </color>
  <material>
   Кожа
  </material>
  <price>
   106722
  </price>
  <rating>
   3.13
  </rating>
  <reviews>
   960267
  </reviews>
  <new>
   +
  </new>
 </clothing>
 <clothing>
  <id>
   971000632
  </id>
  <name>
   DC Umbrellas X-8879
  </name>
  <category>
   Umbrellas
  </category>
  <size>
   XXL
  </size>
  <color>
   Желтый
  </color>
  <material>
   Вискоза
  </material>
  <price>
   226370
  </price>
  <rating>
   1.85
  </rating>
  <reviews>
   311852
  </reviews>
  <new>
   +
  </new>
  <exclusive>
   yes
  </exclusive>
 </clothing>
 <clothing>
  <id>
   367346440
  </id>
  <name>
   DC Gloves T-2753
  </name>
  <category>
   Gloves
  </category>
  <size>
   XXL
  </size>
  <color>
   Зеленый
  </color>
  <material>
   Хлопок
  </material>
  <price>
   124033
  </price>
  <rating>
   4.4
  </rating>
  <reviews>
   915071
  </reviews>
 </clothing>
 <clothing>
  <id>
   268134408
  </id>
  <name>
   Vans Shoes P-9695
  </name>
  <category>
   Shoes
  </category>
  <size>
   S
  </size>
  <color>
   Зеленый
  </color>
  <material>
   Шерсть
  </material>
  <price>
   471486
  </price>
  <rating>
   1.15
  </rating>
  <reviews>
   692771
  </reviews>
  <sporty>
   no
  </sporty>
 </clothing>
 <clothing>
  <id>
   864265206
  </id>
  <name>
   Nike Sweater T-1779
  </name>
  <category>
   Sweater
  </category>
  <size>
   XXL
  </size>
  <color>
   Зеленый
  </color>
  <material>
   Полиэстер
  </material>
  <price>
   770152
  </price>
  <rating>
   2.16
  </rating>
  <reviews>
   334473
  </reviews>
  <exclusive>
   no
  </exclusive>
  <sporty>
   no
  </sporty>
 </clothing>
 <clothing>
  <id>
   486483929
  </id>
  <name>
   Asics T-shirt N-8282
  </name>
  <category>
   T-shirt
  </category>
  <size>
   XXL
  </size>
  <color>
   Красный
  </color>
  <material>
   Вискоза
  </material>
  <price>
   227799
  </price>
  <rating>
   2.74
  </rating>
  <reviews>
   882180
  </reviews>
  <new>
   +
  </new>
  <exclusive>
   no
  </exclusive>
 </clothing>
 <clothing>
  <id>
   405008588
  </id>
  <name>
   Under Armour Hat L-5785
  </name>
  <category>
   Hat
  </category>
  <size>
   L
  </size>
  <color>
   Оранжевый
  </color>
  <material>
   Кожа
  </material>
  <price>
   106003
  </price>
  <rating>
   1.49
  </rating>
  <reviews>
   359230
  </reviews>
  <new>
   +
  </new>
  <exclusive>
   no
  </exclusive>
  <sporty>
   no
  </sporty>
 </clothing>
 <clothing>
  <id>
   299592269
  </id>
  <name>
   Nike Hat Z-3580
  </name>
  <category>
   Hat
  </category>
  <size>
   M
  </size>
  <color>
   Красный
  </color>
  <material>
   Полиэстер
  </material>
  <price>
   918755
  </price>
  <rating>
   1.86
  </rating>
  <reviews>
   452464
  </reviews>
  <exclusive>
   no
  </exclusive>
  <sporty>
   no
  </sporty>
 </clothing>
 <clothing>
  <id>
   545257334
  </id>
  <name>
   Converse Umbrellas L-5201
  </name>
  <category>
   Umbrellas
  </category>
  <size>
   M
  </size>
  <color>
   Голубой
  </color>
  <material>
   Лен
  </material>
  <price>
   226036
  </price>
  <rating>
   2.3
  </rating>
  <reviews>
   162010
  </reviews>
  <exclusive>
   no
  </exclusive>
  <sporty>
   no
  </sporty>
 </clothing>
 <clothing>
  <id>
   375959497
  </id>
  <name>
   PleinSport Gloves C-8410
  </name>
  <category>
   Gloves
  </category>
  <size>
   L
  </size>
  <color>
   Голубой
  </color>
  <material>
   Хлопок
  </material>
  <price>
   597605
  </price>
  <rating>
   3.68
  </rating>
  <reviews>
   547914
  </reviews>
  <exclusive>
   no
  </exclusive>
  <sporty>
   yes
  </sporty>
 </clothing>
 <clothing>
  <id>
   480770542
  </id>
  <name>
   Nike Umbrellas J-7275
  </name>
  <category>
   Umbrellas
  </category>
  <size>
   L
  </size>
  <color>
   Желтый
  </color>
  <material>
   Шерсть
  </material>
  <price>
   121082
  </price>
  <rating>
   1.85
  </rating>
  <reviews>
   593912
  </reviews>
  <sporty>
   no
  </sporty>
 </clothing>
 <clothing>
  <id>
   421210845
  </id>
  <name>
   Ellesse Umbrellas W-1151
  </name>
  <category>
   Umbrellas
  </category>
  <size>
   L
  </size>
  <color>
   Голубой
  </color>
  <material>
   Нейлон
  </material>
  <price>
   931011
  </price>
  <rating>
   3.61
  </rating>
  <reviews>
   949686
  </reviews>
  <new>
   -
  </new>
  <sporty>
   no
  </sporty>
 </clothing>
 <clothing>
  <id>
   197758908
  </id>
  <name>
   Ellesse Belts N-2073
  </name>
  <category>
   Belts
  </category>
  <size>
   M
  </size>
  <color>
   Голубой
  </color>
  <material>
   Шелк
  </material>
  <price>
   301255
  </price>
  <rating>
   1.78
  </rating>
  <reviews>
   17771
  </reviews>
  <sporty>
   yes
  </sporty>
 </clothing>
 <clothing>
  <id>
   360881644
  </id>
  <name>
   New Balance Jacket N-7868
  </name>
  <category>
   Jacket
  </category>
  <size>
   S
  </size>
  <color>
   Желтый
  </color>
  <material>
   Нейлон
  </material>
  <price>
   390022
  </price>
  <rating>
   1.99
  </rating>
  <reviews>
   178640
  </reviews>
  <new>
   -
  </new>
  <exclusive>
   no
  </exclusive>
  <sporty>
   yes
  </sporty>
 </clothing>
 <clothing>
  <id>
   424555481
  </id>
  <name>
   Fila Jeans T-6612
  </name>
  <category>
   Jeans
  </category>
  <size>
   XXL
  </size>
  <color>
   Оранжевый
  </color>
  <material>
   Вискоза
  </material>
  <price>
   139723
  </price>
  <rating>
   3.5
  </rating>
  <reviews>
   343047
  </reviews>
  <new>
   +
  </new>
  <sporty>
   no
  </sporty>
 </clothing>
 <clothing>
  <id>
   657902644
  </id>
  <name>
   Fila T-shirt D-4394
  </name>
  <category>
   T-shirt
  </category>
  <size>
   S
  </size>
  <color>
   Фиолетовый
  </color>
  <material>
   Лен
  </material>
  <price>
   729703
  </price>
  <rating>
   3.0
  </rating>
  <reviews>
   70093
  </reviews>
  <exclusive>
   yes
  </exclusive>
 </clothing>
 <clothing>
  <id>
   665229701
  </id>
  <name>
   Vans T-shirt W-7118
  </name>
  <category>
   T-shirt
  </category>
  <size>
   XXL
  </size>
  <color>
   Фиолетовый
  </color>
  <material>
   Шелк
  </material>
  <price>
   467411
  </price>
  <rating>
   1.29
  </rating>
  <reviews>
   488475
  </reviews>
  <sporty>
   no
  </sporty>
 </clothing>
 <clothing>
  <id>
   893454719
  </id>
  <name>
   Lacoste Handbags O-4560
  </name>
  <category>
   Handbags
  </category>
  <size>
   XXL
  </size>
  <color>
   Зеленый
  </color>
  <material>
   Кожа
  </material>
  <price>
   380321
  </price>
  <rating>
   1.04
  </rating>
  <reviews>
   4210
  </reviews>
  <new>
   -
  </new>
  <exclusive>
   yes
  </exclusive>
  <sporty>
   yes
  </sporty>
 </clothing>
 <clothing>
  <id>
   844621478
  </id>
  <name>
   Ellesse Umbrellas T-7657
  </name>
  <category>
   Umbrellas
  </category>
  <size>
   M
  </size>
  <color>
   Оранжевый
  </color>
  <material>
   Вискоза
  </material>
  <price>
   270430
  </price>
  <rating>
   1.17
  </rating>
  <reviews>
   169350
  </reviews>
  <exclusive>
   yes
  </exclusive>
  <sporty>
   no
  </sporty>
 </clothing>
 <clothing>
  <id>
   424590493
  </id>
  <name>
   Fila Socks S-1207
  </name>
  <category>
   Socks
  </category>
  <size>
   S
  </size>
  <color>
   Красный
  </color>
  <material>
   Хлопок
  </material>
  <price>
   167038
  </price>
  <rating>
   4.66
  </rating>
  <reviews>
   473603
  </reviews>
  <new>
   -
  </new>
  <sporty>
   no
  </sporty>
 </clothing>
 <clothing>
  <id>
   423610638
  </id>
  <name>
   Vans Gloves P-2417
  </name>
  <category>
   Gloves
  </category>
  <size>
   XXL
  </size>
  <color>
   Голубой
  </color>
  <material>
   Лен
  </material>
  <price>
   358833
  </price>
  <rating>
   3.7
  </rating>
  <reviews>
   436039
  </reviews>
  <exclusive>
   yes
  </exclusive>
  <sporty>
   yes
  </sporty>
 </clothing>
 <clothing>
  <id>
   891872815
  </id>
  <name>
   Adidas Jacket P-1646
  </name>
  <category>
   Jacket
  </category>
  <size>
   M
  </size>
  <color>
   Красный
  </color>
  <material>
   Лен
  </material>
  <price>
   406778
  </price>
  <rating>
   2.41
  </rating>
  <reviews>
   939811
  </reviews>
  <new>
   +
  </new>
  <sporty>
   no
  </sporty>
 </clothing>
 <clothing>
  <id>
   522791433
  </id>
  <name>
   Lacoste Belts P-4372
  </name>
  <category>
   Belts
  </category>
  <size>
   XL
  </size>
  <color>
   Желтый
  </color>
  <material>
   Вискоза
  </material>
  <price>
   946883
  </price>
  <rating>
   4.03
  </rating>
  <reviews>
   290672
  </reviews>
  <new>
   +
  </new>
  <sporty>
   yes
  </sporty>
 </clothing>
 <clothing>
  <id>
   521960408
  </id>
  <name>
   Addidas Blouse Z-9924
  </name>
  <category>
   Blouse
  </category>
  <size>
   XXL
  </size>
  <color>
   Красный
  </color>
  <material>
   Нейлон
  </material>
  <price>
   688179
  </price>
  <rating>
   4.91
  </rating>
  <reviews>
   635645
  </reviews>
  <exclusive>
   no
  </exclusive>
  <sporty>
   no
  </sporty>
 </clothing>
 <clothing>
  <id>
   807326700
  </id>
  <name>
   Nike Dress J-4580
  </name>
  <category>
   Dress
  </category>
  <size>
   XL
  </size>
  <color>
   Синий
  </color>
  <material>
   Хлопок
  </material>
  <price>
   390561
  </price>
  <rating>
   4.96
  </rating>
  <reviews>
   114871
  </reviews>
  <new>
   +
  </new>
  <exclusive>
   no
  </exclusive>
 </clothing>
 <clothing>
  <id>
   703671915
  </id>
  <name>
   Asics Blouse F-1984
  </name>
  <category>
   Blouse
  </category>
  <size>
   XL
  </size>
  <color>
   Оранжевый
  </color>
  <material>
   Шелк
  </material>
  <price>
   421680
  </price>
  <rating>
   1.4
  </rating>
  <reviews>
   526898
  </reviews>
  <new>
   -
  </new>
  <sporty>
   yes
  </sporty>
 </clothing>
 <clothing>
  <id>
   209453895
  </id>
  <name>
   Addidas Belts A-5216
  </name>
  <category>
   Belts
  </category>
  <size>
   XXL
  </size>
  <color>
   Красный
  </color>
  <material>
   Хлопок
  </material>
  <price>
   385502
  </price>
  <rating>
   2.46
  </rating>
  <reviews>
   162386
  </reviews>
  <new>
   -
  </new>
  <sporty>
   yes
  </sporty>
 </clothing>
 <clothing>
  <id>
   618754868
  </id>
  <name>
   Reebok Shirt K-3202
  </name>
  <category>
   Shirt
  </category>
  <size>
   M
  </size>
  <color>
   Оранжевый
  </color>
  <material>
   Кожа
  </material>
  <price>
   662881
  </price>
  <rating>
   1.86
  </rating>
  <reviews>
   256670
  </reviews>
  <sporty>
   yes
  </sporty>
 </clothing>
 <clothing>
  <id>
   436343604
  </id>
  <name>
   PleinSport Skirt X-3961
  </name>
  <category>
   Skirt
  </category>
  <size>
   XL
  </size>
  <color>
   Красный
  </color>
  <material>
   Лен
  </material>
  <price>
   624163
  </price>
  <rating>
   4.99
  </rating>
  <reviews>
   194020
  </reviews>
  <new>
   -
  </new>
  <exclusive>
   no
  </exclusive>
  <sporty>
   yes
  </sporty>
 </clothing>
 <clothing>
  <id>
   839535781
  </id>
  <name>
   DC Shirt K-2309
  </name>
  <category>
   Shirt
  </category>
  <size>
   XXL
  </size>
  <color>
   Голубой
  </color>
  <material>
   Шелк
  </material>
  <price>
   804994
  </price>
  <rating>
   1.08
  </rating>
  <reviews>
   730882
  </reviews>
  <exclusive>
   no
  </exclusive>
 </clothing>
 <clothing>
  <id>
   156745172
  </id>
  <name>
   Vans Shoes V-6902
  </name>
  <category>
   Shoes
  </category>
  <size>
   XXL
  </size>
  <color>
   Фиолетовый
  </color>
  <material>
   Шелк
  </material>
  <price>
   528970
  </price>
  <rating>
   2.19
  </rating>
  <reviews>
   65360
  </reviews>
  <exclusive>
   no
  </exclusive>
 </clothing>
 <clothing>
  <id>
   975779840
  </id>
  <name>
   Fila Jacket L-2474
  </name>
  <category>
   Jacket
  </category>
  <size>
   XL
  </size>
  <color>
   Голубой
  </color>
  <material>
   Вискоза
  </material>
  <price>
   655605
  </price>
  <rating>
   3.93
  </rating>
  <reviews>
   176578
  </reviews>
 </clothing>
 <clothing>
  <id>
   459710524
  </id>
  <name>
   Brooks Gloves E-6871
  </name>
  <category>
   Gloves
  </category>
  <size>
   XXL
  </size>
  <color>
   Зеленый
  </color>
  <material>
   Лен
  </material>
  <price>
   440410
  </price>
  <rating>
   2.85
  </rating>
  <reviews>
   428627
  </reviews>
  <exclusive>
   no
  </exclusive>
  <sporty>
   yes
  </sporty>
 </clothing>
 <clothing>
  <id>
   450935651
  </id>
  <name>
   Ellesse Handbags K-2580
  </name>
  <category>
   Handbags
  </category>
  <size>
   S
  </size>
  <color>
   Красный
  </color>
  <material>
   Полиэстер
  </material>
  <price>
   645391
  </price>
  <rating>
   4.26
  </rating>
  <reviews>
   566143
  </reviews>
  <sporty>
   yes
  </sporty>
 </clothing>
 <clothing>
  <id>
   179113533
  </id>
  <name>
   Puma Hat T-1932
  </name>
  <category>
   Hat
  </category>
  <size>
   L
  </size>
  <color>
   Зеленый
  </color>
  <material>
   Нейлон
  </material>
  <price>
   769877
  </price>
  <rating>
   2.67
  </rating>
  <reviews>
   720892
  </reviews>
  <exclusive>
   yes
  </exclusive>
  <sporty>
   yes
  </sporty>
 </clothing>
 <clothing>
  <id>
   411511036
  </id>
  <name>
   Fila Jeans B-8257
  </name>
  <category>
   Jeans
  </category>
  <size>
   S
  </size>
  <color>
   Красный
  </color>
  <material>
   Вискоза
  </material>
  <price>
   851686
  </price>
  <rating>
   3.28
  </rating>
  <reviews>
   366190
  </reviews>
  <sporty>
   yes
  </sporty>
 </clothing>
 <clothing>
  <id>
   320534604
  </id>
  <name>
   Asics Belts J-6436
  </name>
  <category>
   Belts
  </category>
  <size>
   S
  </size>
  <color>
   Желтый
  </color>
  <material>
   Кожа
  </material>
  <price>
   223399
  </price>
  <rating>
   1.94
  </rating>
  <reviews>
   884509
  </reviews>
  <exclusive>
   no
  </exclusive>
  <sporty>
   no
  </sporty>
 </clothing>
 <clothing>
  <id>
   337293723
  </id>
  <name>
   Reebok Pants W-6068
  </name>
  <category>
   Pants
  </category>
  <size>
   L
  </size>
  <color>
   Оранжевый
  </color>
  <material>
   Полиэстер
  </material>
  <price>
   771509
  </price>
  <rating>
   2.25
  </rating>
  <reviews>
   418046
  </reviews>
  <new>
   -
  </new>
  <sporty>
   yes
  </sporty>
 </clothing>
 <clothing>
  <id>
   497202377
  </id>
  <name>
   Vans Pants Q-5300
  </name>
  <category>
   Pants
  </category>
  <size>
   M
  </size>
  <color>
   Зеленый
  </color>
  <material>
   Шелк
  </material>
  <price>
   157189
  </price>
  <rating>
   3.82
  </rating>
  <reviews>
   762057
  </reviews>
  <new>
   -
  </new>
  <exclusive>
   yes
  </exclusive>
  <sporty>
   no
  </sporty>
 </clothing>
 <clothing>
  <id>
   246232778
  </id>
  <name>
   Ellesse Jacket F-4690
  </name>
  <category>
   Jacket
  </category>
  <size>
   XXL
  </size>
  <color>
   Синий
  </color>
  <material>
   Шелк
  </material>
  <price>
   680656
  </price>
  <rating>
   5.0
  </rating>
  <reviews>
   471231
  </reviews>
 </clothing>
 <clothing>
  <id>
   973368307
  </id>
  <name>
   Ellesse Socks Y-7902
  </name>
  <category>
   Socks
  </category>
  <size>
   S
  </size>
  <color>
   Желтый
  </color>
  <material>
   Кожа
  </material>
  <price>
   280807
  </price>
  <rating>
   1.47
  </rating>
  <reviews>
   945634
  </reviews>
  <sporty>
   yes
  </sporty>
 </clothing>
 <clothing>
  <id>
   627237086
  </id>
  <name>
   Lacoste Skirt F-2155
  </name>
  <category>
   Skirt
  </category>
  <size>
   M
  </size>
  <color>
   Фиолетовый
  </color>
  <material>
   Шелк
  </material>
  <price>
   327271
  </price>
  <rating>
   1.58
  </rating>
  <reviews>
   761520
  </reviews>
 </clothing>
 <clothing>
  <id>
   466738907
  </id>
  <name>
   Asics Umbrellas N-7793
  </name>
  <category>
   Umbrellas
  </category>
  <size>
   S
  </size>
  <color>
   Синий
  </color>
  <material>
   Нейлон
  </material>
  <price>
   150920
  </price>
  <rating>
   3.82
  </rating>
  <reviews>
   138548
  </reviews>
  <new>
   -
  </new>
  <exclusive>
   no
  </exclusive>
  <sporty>
   no
  </sporty>
 </clothing>
 <clothing>
  <id>
   985042848
  </id>
  <name>
   New Balance Socks Z-5034
  </name>
  <category>
   Socks
  </category>
  <size>
   M
  </size>
  <color>
   Голубой
  </color>
  <material>
   Шелк
  </material>
  <price>
   175971
  </price>
  <rating>
   3.6
  </rating>
  <reviews>
   820391
  </reviews>
  <new>
   +
  </new>
  <exclusive>
   yes
  </exclusive>
 </clothing>
</clothing-items>
