<?xml version="1.0" encoding="utf-8"?>
<clothing-items>
 <clothing>
  <id>
   415463570
  </id>
  <name>
   DC Gloves Z-7432
  </name>
  <category>
   Gloves
  </category>
  <size>
   M
  </size>
  <color>
   Оранжевый
  </color>
  <material>
   Лен
  </material>
  <price>
   545477
  </price>
  <rating>
   3.54
  </rating>
  <reviews>
   574152
  </reviews>
  <new>
   +
  </new>
 </clothing>
 <clothing>
  <id>
   873812419
  </id>
  <name>
   Lacoste Umbrellas V-6096
  </name>
  <category>
   Umbrellas
  </category>
  <size>
   S
  </size>
  <color>
   Голубой
  </color>
  <material>
   Шелк
  </material>
  <price>
   679318
  </price>
  <rating>
   1.05
  </rating>
  <reviews>
   159516
  </reviews>
  <new>
   +
  </new>
  <exclusive>
   no
  </exclusive>
 </clothing>
 <clothing>
  <id>
   154417053
  </id>
  <name>
   Lacoste Hat J-5673
  </name>
  <category>
   Hat
  </category>
  <size>
   XXL
  </size>
  <color>
   Зеленый
  </color>
  <material>
   Хлопок
  </material>
  <price>
   248524
  </price>
  <rating>
   4.88
  </rating>
  <reviews>
   635724
  </reviews>
  <new>
   -
  </new>
  <exclusive>
   yes
  </exclusive>
 </clothing>
 <clothing>
  <id>
   459993385
  </id>
  <name>
   Adidas Jacket G-4749
  </name>
  <category>
   Jacket
  </category>
  <size>
   L
  </size>
  <color>
   Оранжевый
  </color>
  <material>
   Шерсть
  </material>
  <price>
   876324
  </price>
  <rating>
   2.39
  </rating>
  <reviews>
   869651
  </reviews>
  <new>
   -
  </new>
  <exclusive>
   yes
  </exclusive>
  <sporty>
   yes
  </sporty>
 </clothing>
 <clothing>
  <id>
   812191848
  </id>
  <name>
   DC Belts B-3128
  </name>
  <category>
   Belts
  </category>
  <size>
   XXL
  </size>
  <color>
   Синий
  </color>
  <material>
   Лен
  </material>
  <price>
   295233
  </price>
  <rating>
   1.69
  </rating>
  <reviews>
   735292
  </reviews>
  <new>
   +
  </new>
  <sporty>
   no
  </sporty>
 </clothing>
 <clothing>
  <id>
   119186343
  </id>
  <name>
   Lacoste Pants R-1013
  </name>
  <category>
   Pants
  </category>
  <size>
   S
  </size>
  <color>
   Зеленый
  </color>
  <material>
   Шелк
  </material>
  <price>
   386842
  </price>
  <rating>
   3.93
  </rating>
  <reviews>
   165083
  </reviews>
  <sporty>
   no
  </sporty>
 </clothing>
 <clothing>
  <id>
   475070958
  </id>
  <name>
   DC Sweater R-1560
  </name>
  <category>
   Sweater
  </category>
  <size>
   XXL
  </size>
  <color>
   Синий
  </color>
  <material>
   Лен
  </material>
  <price>
   310646
  </price>
  <rating>
   1.08
  </rating>
  <reviews>
   102441
  </reviews>
  <exclusive>
   no
  </exclusive>
  <sporty>
   yes
  </sporty>
 </clothing>
 <clothing>
  <id>
   560770521
  </id>
  <name>
   New Balance Shirt Y-5491
  </name>
  <category>
   Shirt
  </category>
  <size>
   XXL
  </size>
  <color>
   Голубой
  </color>
  <material>
   Шелк
  </material>
  <price>
   292684
  </price>
  <rating>
   4.88
  </rating>
  <reviews>
   616025
  </reviews>
  <exclusive>
   yes
  </exclusive>
 </clothing>
 <clothing>
  <id>
   412842112
  </id>
  <name>
   DC Gloves W-9759
  </name>
  <category>
   Gloves
  </category>
  <size>
   S
  </size>
  <color>
   Фиолетовый
  </color>
  <material>
   Нейлон
  </material>
  <price>
   651064
  </price>
  <rating>
   1.33
  </rating>
  <reviews>
   445474
  </reviews>
  <new>
   -
  </new>
  <sporty>
   no
  </sporty>
 </clothing>
 <clothing>
  <id>
   389307705
  </id>
  <name>
   Adidas Umbrellas V-1528
  </name>
  <category>
   Umbrellas
  </category>
  <size>
   S
  </size>
  <color>
   Зеленый
  </color>
  <material>
   Хлопок
  </material>
  <price>
   888809
  </price>
  <rating>
   4.02
  </rating>
  <reviews>
   914703
  </reviews>
  <exclusive>
   no
  </exclusive>
  <sporty>
   yes
  </sporty>
 </clothing>
 <clothing>
  <id>
   926953453
  </id>
  <name>
   Vans Shoes D-9328
  </name>
  <category>
   Shoes
  </category>
  <size>
   XXL
  </size>
  <color>
   Зеленый
  </color>
  <material>
   Полиэстер
  </material>
  <price>
   433843
  </price>
  <rating>
   2.72
  </rating>
  <reviews>
   694908
  </reviews>
  <new>
   -
  </new>
  <exclusive>
   yes
  </exclusive>
  <sporty>
   no
  </sporty>
 </clothing>
 <clothing>
  <id>
   914311023
  </id>
  <name>
   Brooks Hat S-3755
  </name>
  <category>
   Hat
  </category>
  <size>
   XL
  </size>
  <color>
   Зеленый
  </color>
  <material>
   Шерсть
  </material>
  <price>
   665867
  </price>
  <rating>
   2.99
  </rating>
  <reviews>
   548732
  </reviews>
  <new>
   +
  </new>
  <exclusive>
   yes
  </exclusive>
 </clothing>
 <clothing>
  <id>
   761240654
  </id>
  <name>
   Converse Dress V-1882
  </name>
  <category>
   Dress
  </category>
  <size>
   L
  </size>
  <color>
   Желтый
  </color>
  <material>
   Шерсть
  </material>
  <price>
   196646
  </price>
  <rating>
   2.42
  </rating>
  <reviews>
   596557
  </reviews>
  <exclusive>
   yes
  </exclusive>
  <sporty>
   no
  </sporty>
 </clothing>
 <clothing>
  <id>
   728136989
  </id>
  <name>
   Addidas Dress J-2925
  </name>
  <category>
   Dress
  </category>
  <size>
   S
  </size>
  <color>
   Оранжевый
  </color>
  <material>
   Шерсть
  </material>
  <price>
   434168
  </price>
  <rating>
   2.11
  </rating>
  <reviews>
   960044
  </reviews>
  <sporty>
   no
  </sporty>
 </clothing>
</clothing-items>
