<?xml version="1.0" encoding="utf-8"?>
<clothing-items>
 <clothing>
  <id>
   301245688
  </id>
  <name>
   PleinSport Blouse S-9903
  </name>
  <category>
   Blouse
  </category>
  <size>
   XXL
  </size>
  <color>
   Голубой
  </color>
  <material>
   Лен
  </material>
  <price>
   951999
  </price>
  <rating>
   3.19
  </rating>
  <reviews>
   652267
  </reviews>
  <exclusive>
   no
  </exclusive>
 </clothing>
 <clothing>
  <id>
   130694606
  </id>
  <name>
   Lacoste Shirt R-1710
  </name>
  <category>
   Shirt
  </category>
  <size>
   XL
  </size>
  <color>
   Красный
  </color>
  <material>
   Шелк
  </material>
  <price>
   316172
  </price>
  <rating>
   2.32
  </rating>
  <reviews>
   344799
  </reviews>
  <exclusive>
   no
  </exclusive>
  <sporty>
   no
  </sporty>
 </clothing>
 <clothing>
  <id>
   140720273
  </id>
  <name>
   DC Pants G-3318
  </name>
  <category>
   Pants
  </category>
  <size>
   XXL
  </size>
  <color>
   Желтый
  </color>
  <material>
   Шелк
  </material>
  <price>
   317276
  </price>
  <rating>
   1.13
  </rating>
  <reviews>
   721017
  </reviews>
  <new>
   -
  </new>
  <exclusive>
   yes
  </exclusive>
  <sporty>
   yes
  </sporty>
 </clothing>
 <clothing>
  <id>
   346536844
  </id>
  <name>
   Lacoste Shoes T-2476
  </name>
  <category>
   Shoes
  </category>
  <size>
   XXL
  </size>
  <color>
   Фиолетовый
  </color>
  <material>
   Нейлон
  </material>
  <price>
   241708
  </price>
  <rating>
   3.97
  </rating>
  <reviews>
   308814
  </reviews>
  <new>
   -
  </new>
  <exclusive>
   no
  </exclusive>
  <sporty>
   no
  </sporty>
 </clothing>
 <clothing>
  <id>
   611327035
  </id>
  <name>
   Adidas Jacket N-4327
  </name>
  <category>
   Jacket
  </category>
  <size>
   L
  </size>
  <color>
   Желтый
  </color>
  <material>
   Нейлон
  </material>
  <price>
   527602
  </price>
  <rating>
   4.1
  </rating>
  <reviews>
   977343
  </reviews>
  <new>
   +
  </new>
  <sporty>
   yes
  </sporty>
 </clothing>
 <clothing>
  <id>
   287455563
  </id>
  <name>
   Puma Hat G-4807
  </name>
  <category>
   Hat
  </category>
  <size>
   XL
  </size>
  <color>
   Голубой
  </color>
  <material>
   Шерсть
  </material>
  <price>
   399299
  </price>
  <rating>
   1.3
  </rating>
  <reviews>
   951438
  </reviews>
  <new>
   -
  </new>
  <sporty>
   yes
  </sporty>
 </clothing>
 <clothing>
  <id>
   811922959
  </id>
  <name>
   Ellesse Pants J-5784
  </name>
  <category>
   Pants
  </category>
  <size>
   S
  </size>
  <color>
   Оранжевый
  </color>
  <material>
   Вискоза
  </material>
  <price>
   902567
  </price>
  <rating>
   1.4
  </rating>
  <reviews>
   364010
  </reviews>
  <exclusive>
   no
  </exclusive>
 </clothing>
 <clothing>
  <id>
   217099521
  </id>
  <name>
   Reebok Jacket R-8302
  </name>
  <category>
   Jacket
  </category>
  <size>
   XL
  </size>
  <color>
   Синий
  </color>
  <material>
   Лен
  </material>
  <price>
   596453
  </price>
  <rating>
   4.49
  </rating>
  <reviews>
   834983
  </reviews>
  <new>
   +
  </new>
  <sporty>
   no
  </sporty>
 </clothing>
 <clothing>
  <id>
   742195764
  </id>
  <name>
   Under Armour Jacket E-6318
  </name>
  <category>
   Jacket
  </category>
  <size>
   M
  </size>
  <color>
   Синий
  </color>
  <material>
   Шелк
  </material>
  <price>
   852376
  </price>
  <rating>
   3.84
  </rating>
  <reviews>
   580670
  </reviews>
  <new>
   -
  </new>
  <exclusive>
   yes
  </exclusive>
  <sporty>
   no
  </sporty>
 </clothing>
 <clothing>
  <id>
   870818453
  </id>
  <name>
   PleinSport Dress M-7196
  </name>
  <category>
   Dress
  </category>
  <size>
   XXL
  </size>
  <color>
   Зеленый
  </color>
  <material>
   Хлопок
  </material>
  <price>
   597531
  </price>
  <rating>
   2.15
  </rating>
  <reviews>
   148648
  </reviews>
  <sporty>
   no
  </sporty>
 </clothing>
 <clothing>
  <id>
   754791771
  </id>
  <name>
   Ellesse Sweater G-8278
  </name>
  <category>
   Sweater
  </category>
  <size>
   L
  </size>
  <color>
   Красный
  </color>
  <material>
   Лен
  </material>
  <price>
   987986
  </price>
  <rating>
   2.07
  </rating>
  <reviews>
   326603
  </reviews>
  <new>
   +
  </new>
  <exclusive>
   no
  </exclusive>
 </clothing>
 <clothing>
  <id>
   637498171
  </id>
  <name>
   Brooks Blouse D-5977
  </name>
  <category>
   Blouse
  </category>
  <size>
   S
  </size>
  <color>
   Желтый
  </color>
  <material>
   Нейлон
  </material>
  <price>
   232097
  </price>
  <rating>
   1.9
  </rating>
  <reviews>
   364489
  </reviews>
  <new>
   -
  </new>
  <exclusive>
   yes
  </exclusive>
 </clothing>
 <clothing>
  <id>
   762923171
  </id>
  <name>
   Asics T-shirt E-5970
  </name>
  <category>
   T-shirt
  </category>
  <size>
   S
  </size>
  <color>
   Зеленый
  </color>
  <material>
   Вискоза
  </material>
  <price>
   975907
  </price>
  <rating>
   1.29
  </rating>
  <reviews>
   414005
  </reviews>
  <new>
   +
  </new>
  <exclusive>
   no
  </exclusive>
  <sporty>
   no
  </sporty>
 </clothing>
 <clothing>
  <id>
   753419619
  </id>
  <name>
   DC Skirt Y-3430
  </name>
  <category>
   Skirt
  </category>
  <size>
   XL
  </size>
  <color>
   Фиолетовый
  </color>
  <material>
   Полиэстер
  </material>
  <price>
   638710
  </price>
  <rating>
   2.05
  </rating>
  <reviews>
   157769
  </reviews>
  <new>
   +
  </new>
  <exclusive>
   yes
  </exclusive>
  <sporty>
   no
  </sporty>
 </clothing>
 <clothing>
  <id>
   144216132
  </id>
  <name>
   Vans Hat Z-8714
  </name>
  <category>
   Hat
  </category>
  <size>
   S
  </size>
  <color>
   Фиолетовый
  </color>
  <material>
   Кожа
  </material>
  <price>
   103030
  </price>
  <rating>
   1.76
  </rating>
  <reviews>
   739704
  </reviews>
  <new>
   -
  </new>
  <exclusive>
   no
  </exclusive>
 </clothing>
 <clothing>
  <id>
   710891415
  </id>
  <name>
   Adidas Gloves K-4731
  </name>
  <category>
   Gloves
  </category>
  <size>
   S
  </size>
  <color>
   Синий
  </color>
  <material>
   Полиэстер
  </material>
  <price>
   894921
  </price>
  <rating>
   1.6
  </rating>
  <reviews>
   569358
  </reviews>
  <exclusive>
   yes
  </exclusive>
  <sporty>
   yes
  </sporty>
 </clothing>
 <clothing>
  <id>
   872498519
  </id>
  <name>
   Lacoste Shoes F-5607
  </name>
  <category>
   Shoes
  </category>
  <size>
   S
  </size>
  <color>
   Оранжевый
  </color>
  <material>
   Полиэстер
  </material>
  <price>
   879306
  </price>
  <rating>
   1.56
  </rating>
  <reviews>
   581993
  </reviews>
  <new>
   -
  </new>
  <sporty>
   yes
  </sporty>
 </clothing>
 <clothing>
  <id>
   433784984
  </id>
  <name>
   Ellesse Jacket U-9121
  </name>
  <category>
   Jacket
  </category>
  <size>
   L
  </size>
  <color>
   Голубой
  </color>
  <material>
   Шелк
  </material>
  <price>
   523543
  </price>
  <rating>
   1.13
  </rating>
  <reviews>
   721997
  </reviews>
  <exclusive>
   yes
  </exclusive>
 </clothing>
 <clothing>
  <id>
   870934989
  </id>
  <name>
   Ellesse Jacket V-7344
  </name>
  <category>
   Jacket
  </category>
  <size>
   S
  </size>
  <color>
   Зеленый
  </color>
  <material>
   Вискоза
  </material>
  <price>
   751980
  </price>
  <rating>
   2.04
  </rating>
  <reviews>
   762213
  </reviews>
  <new>
   -
  </new>
  <sporty>
   no
  </sporty>
 </clothing>
 <clothing>
  <id>
   556178043
  </id>
  <name>
   Adidas Hat S-2392
  </name>
  <category>
   Hat
  </category>
  <size>
   M
  </size>
  <color>
   Желтый
  </color>
  <material>
   Вискоза
  </material>
  <price>
   964619
  </price>
  <rating>
   2.97
  </rating>
  <reviews>
   564205
  </reviews>
  <new>
   -
  </new>
  <exclusive>
   no
  </exclusive>
 </clothing>
 <clothing>
  <id>
   180364367
  </id>
  <name>
   Brooks Sweater K-7248
  </name>
  <category>
   Sweater
  </category>
  <size>
   M
  </size>
  <color>
   Желтый
  </color>
  <material>
   Хлопок
  </material>
  <price>
   718956
  </price>
  <rating>
   3.24
  </rating>
  <reviews>
   942832
  </reviews>
  <new>
   +
  </new>
 </clothing>
 <clothing>
  <id>
   957702365
  </id>
  <name>
   Converse T-shirt O-3058
  </name>
  <category>
   T-shirt
  </category>
  <size>
   XXL
  </size>
  <color>
   Фиолетовый
  </color>
  <material>
   Вискоза
  </material>
  <price>
   678176
  </price>
  <rating>
   1.52
  </rating>
  <reviews>
   608093
  </reviews>
  <new>
   -
  </new>
  <sporty>
   yes
  </sporty>
 </clothing>
 <clothing>
  <id>
   134828232
  </id>
  <name>
   Brooks Sweater Z-3527
  </name>
  <category>
   Sweater
  </category>
  <size>
   L
  </size>
  <color>
   Зеленый
  </color>
  <material>
   Шелк
  </material>
  <price>
   733801
  </price>
  <rating>
   2.07
  </rating>
  <reviews>
   796517
  </reviews>
  <exclusive>
   yes
  </exclusive>
  <sporty>
   no
  </sporty>
 </clothing>
 <clothing>
  <id>
   749352862
  </id>
  <name>
   Asics Shoes Z-7423
  </name>
  <category>
   Shoes
  </category>
  <size>
   M
  </size>
  <color>
   Желтый
  </color>
  <material>
   Вискоза
  </material>
  <price>
   353350
  </price>
  <rating>
   4.57
  </rating>
  <reviews>
   570612
  </reviews>
  <new>
   -
  </new>
  <exclusive>
   no
  </exclusive>
 </clothing>
 <clothing>
  <id>
   569755828
  </id>
  <name>
   DC Skirt F-7463
  </name>
  <category>
   Skirt
  </category>
  <size>
   XL
  </size>
  <color>
   Фиолетовый
  </color>
  <material>
   Полиэстер
  </material>
  <price>
   397250
  </price>
  <rating>
   1.1
  </rating>
  <reviews>
   223432
  </reviews>
  <new>
   -
  </new>
  <exclusive>
   no
  </exclusive>
  <sporty>
   no
  </sporty>
 </clothing>
 <clothing>
  <id>
   500431404
  </id>
  <name>
   PleinSport Blouse P-9569
  </name>
  <category>
   Blouse
  </category>
  <size>
   XL
  </size>
  <color>
   Оранжевый
  </color>
  <material>
   Нейлон
  </material>
  <price>
   516347
  </price>
  <rating>
   2.93
  </rating>
  <reviews>
   687555
  </reviews>
  <new>
   -
  </new>
  <exclusive>
   no
  </exclusive>
  <sporty>
   no
  </sporty>
 </clothing>
 <clothing>
  <id>
   672712952
  </id>
  <name>
   Vans T-shirt O-3301
  </name>
  <category>
   T-shirt
  </category>
  <size>
   L
  </size>
  <color>
   Желтый
  </color>
  <material>
   Лен
  </material>
  <price>
   829328
  </price>
  <rating>
   1.23
  </rating>
  <reviews>
   39156
  </reviews>
 </clothing>
 <clothing>
  <id>
   346352331
  </id>
  <name>
   Vans Handbags K-8285
  </name>
  <category>
   Handbags
  </category>
  <size>
   M
  </size>
  <color>
   Синий
  </color>
  <material>
   Вискоза
  </material>
  <price>
   417899
  </price>
  <rating>
   3.96
  </rating>
  <reviews>
   764276
  </reviews>
  <new>
   +
  </new>
  <exclusive>
   yes
  </exclusive>
  <sporty>
   yes
  </sporty>
 </clothing>
 <clothing>
  <id>
   662278592
  </id>
  <name>
   Reebok Socks G-3307
  </name>
  <category>
   Socks
  </category>
  <size>
   L
  </size>
  <color>
   Синий
  </color>
  <material>
   Хлопок
  </material>
  <price>
   240658
  </price>
  <rating>
   4.68
  </rating>
  <reviews>
   85502
  </reviews>
  <new>
   -
  </new>
  <exclusive>
   no
  </exclusive>
 </clothing>
 <clothing>
  <id>
   744976332
  </id>
  <name>
   Asics Socks H-1547
  </name>
  <category>
   Socks
  </category>
  <size>
   L
  </size>
  <color>
   Оранжевый
  </color>
  <material>
   Кожа
  </material>
  <price>
   610735
  </price>
  <rating>
   3.01
  </rating>
  <reviews>
   283262
  </reviews>
  <new>
   +
  </new>
  <exclusive>
   no
  </exclusive>
  <sporty>
   no
  </sporty>
 </clothing>
</clothing-items>
