<?xml version="1.0" encoding="utf-8"?>
<clothing-items>
 <clothing>
  <id>
   943735081
  </id>
  <name>
   Under Armour Skirt A-7814
  </name>
  <category>
   Skirt
  </category>
  <size>
   L
  </size>
  <color>
   Желтый
  </color>
  <material>
   Хлопок
  </material>
  <price>
   438554
  </price>
  <rating>
   4.62
  </rating>
  <reviews>
   989958
  </reviews>
  <new>
   -
  </new>
  <sporty>
   no
  </sporty>
 </clothing>
 <clothing>
  <id>
   939116845
  </id>
  <name>
   Vans Handbags Q-2304
  </name>
  <category>
   Handbags
  </category>
  <size>
   M
  </size>
  <color>
   Синий
  </color>
  <material>
   Хлопок
  </material>
  <price>
   858908
  </price>
  <rating>
   3.96
  </rating>
  <reviews>
   273116
  </reviews>
  <new>
   -
  </new>
  <sporty>
   yes
  </sporty>
 </clothing>
 <clothing>
  <id>
   177509108
  </id>
  <name>
   Puma Gloves J-8079
  </name>
  <category>
   Gloves
  </category>
  <size>
   M
  </size>
  <color>
   Фиолетовый
  </color>
  <material>
   Лен
  </material>
  <price>
   467593
  </price>
  <rating>
   3.44
  </rating>
  <reviews>
   955004
  </reviews>
  <exclusive>
   no
  </exclusive>
  <sporty>
   no
  </sporty>
 </clothing>
 <clothing>
  <id>
   534594053
  </id>
  <name>
   Addidas Belts R-3563
  </name>
  <category>
   Belts
  </category>
  <size>
   L
  </size>
  <color>
   Красный
  </color>
  <material>
   Полиэстер
  </material>
  <price>
   275887
  </price>
  <rating>
   2.98
  </rating>
  <reviews>
   586936
  </reviews>
  <exclusive>
   no
  </exclusive>
  <sporty>
   no
  </sporty>
 </clothing>
 <clothing>
  <id>
   185370664
  </id>
  <name>
   Adidas Sweater C-6917
  </name>
  <category>
   Sweater
  </category>
  <size>
   XL
  </size>
  <color>
   Голубой
  </color>
  <material>
   Нейлон
  </material>
  <price>
   519521
  </price>
  <rating>
   1.46
  </rating>
  <reviews>
   227484
  </reviews>
  <new>
   -
  </new>
  <sporty>
   yes
  </sporty>
 </clothing>
 <clothing>
  <id>
   574572547
  </id>
  <name>
   Adidas Gloves Y-5291
  </name>
  <category>
   Gloves
  </category>
  <size>
   S
  </size>
  <color>
   Красный
  </color>
  <material>
   Полиэстер
  </material>
  <price>
   909346
  </price>
  <rating>
   2.74
  </rating>
  <reviews>
   454202
  </reviews>
  <new>
   +
  </new>
 </clothing>
 <clothing>
  <id>
   351341458
  </id>
  <name>
   Puma Pants X-1859
  </name>
  <category>
   Pants
  </category>
  <size>
   XL
  </size>
  <color>
   Синий
  </color>
  <material>
   Вискоза
  </material>
  <price>
   902199
  </price>
  <rating>
   2.69
  </rating>
  <reviews>
   344876
  </reviews>
  <new>
   -
  </new>
  <exclusive>
   no
  </exclusive>
  <sporty>
   yes
  </sporty>
 </clothing>
 <clothing>
  <id>
   780109196
  </id>
  <name>
   Puma Dress V-8064
  </name>
  <category>
   Dress
  </category>
  <size>
   L
  </size>
  <color>
   Синий
  </color>
  <material>
   Полиэстер
  </material>
  <price>
   698949
  </price>
  <rating>
   3.87
  </rating>
  <reviews>
   784900
  </reviews>
  <new>
   -
  </new>
  <exclusive>
   no
  </exclusive>
  <sporty>
   yes
  </sporty>
 </clothing>
 <clothing>
  <id>
   278122791
  </id>
  <name>
   Fila Shoes Z-2204
  </name>
  <category>
   Shoes
  </category>
  <size>
   L
  </size>
  <color>
   Желтый
  </color>
  <material>
   Шелк
  </material>
  <price>
   477916
  </price>
  <rating>
   1.12
  </rating>
  <reviews>
   4745
  </reviews>
  <exclusive>
   no
  </exclusive>
  <sporty>
   no
  </sporty>
 </clothing>
 <clothing>
  <id>
   242653089
  </id>
  <name>
   Brooks Sweater X-3672
  </name>
  <category>
   Sweater
  </category>
  <size>
   S
  </size>
  <color>
   Красный
  </color>
  <material>
   Вискоза
  </material>
  <price>
   535696
  </price>
  <rating>
   4.02
  </rating>
  <reviews>
   276097
  </reviews>
  <new>
   -
  </new>
  <sporty>
   yes
  </sporty>
 </clothing>
 <clothing>
  <id>
   290387938
  </id>
  <name>
   Ellesse Dress V-1288
  </name>
  <category>
   Dress
  </category>
  <size>
   L
  </size>
  <color>
   Оранжевый
  </color>
  <material>
   Хлопок
  </material>
  <price>
   137379
  </price>
  <rating>
   4.74
  </rating>
  <reviews>
   705313
  </reviews>
  <sporty>
   no
  </sporty>
 </clothing>
 <clothing>
  <id>
   559012003
  </id>
  <name>
   Fila Jacket T-2529
  </name>
  <category>
   Jacket
  </category>
  <size>
   XXL
  </size>
  <color>
   Оранжевый
  </color>
  <material>
   Хлопок
  </material>
  <price>
   741834
  </price>
  <rating>
   4.12
  </rating>
  <reviews>
   538862
  </reviews>
  <new>
   -
  </new>
  <sporty>
   no
  </sporty>
 </clothing>
 <clothing>
  <id>
   820981500
  </id>
  <name>
   Adidas Blouse B-7736
  </name>
  <category>
   Blouse
  </category>
  <size>
   XL
  </size>
  <color>
   Синий
  </color>
  <material>
   Полиэстер
  </material>
  <price>
   700185
  </price>
  <rating>
   4.89
  </rating>
  <reviews>
   75639
  </reviews>
  <sporty>
   yes
  </sporty>
 </clothing>
 <clothing>
  <id>
   527087035
  </id>
  <name>
   Adidas Sweater Z-1849
  </name>
  <category>
   Sweater
  </category>
  <size>
   M
  </size>
  <color>
   Синий
  </color>
  <material>
   Шелк
  </material>
  <price>
   240133
  </price>
  <rating>
   3.19
  </rating>
  <reviews>
   886090
  </reviews>
  <new>
   -
  </new>
  <sporty>
   no
  </sporty>
 </clothing>
 <clothing>
  <id>
   977401784
  </id>
  <name>
   DC Belts K-5237
  </name>
  <category>
   Belts
  </category>
  <size>
   XL
  </size>
  <color>
   Фиолетовый
  </color>
  <material>
   Кожа
  </material>
  <price>
   881236
  </price>
  <rating>
   3.65
  </rating>
  <reviews>
   276463
  </reviews>
  <new>
   +
  </new>
  <sporty>
   no
  </sporty>
 </clothing>
 <clothing>
  <id>
   944334724
  </id>
  <name>
   Addidas Shoes E-8147
  </name>
  <category>
   Shoes
  </category>
  <size>
   M
  </size>
  <color>
   Голубой
  </color>
  <material>
   Лен
  </material>
  <price>
   302803
  </price>
  <rating>
   4.47
  </rating>
  <reviews>
   41479
  </reviews>
  <new>
   -
  </new>
  <sporty>
   no
  </sporty>
 </clothing>
 <clothing>
  <id>
   236629129
  </id>
  <name>
   DC Handbags C-1058
  </name>
  <category>
   Handbags
  </category>
  <size>
   XXL
  </size>
  <color>
   Оранжевый
  </color>
  <material>
   Шелк
  </material>
  <price>
   363003
  </price>
  <rating>
   1.68
  </rating>
  <reviews>
   236998
  </reviews>
  <sporty>
   yes
  </sporty>
 </clothing>
 <clothing>
  <id>
   810811100
  </id>
  <name>
   Under Armour Blouse V-9403
  </name>
  <category>
   Blouse
  </category>
  <size>
   S
  </size>
  <color>
   Оранжевый
  </color>
  <material>
   Шерсть
  </material>
  <price>
   685641
  </price>
  <rating>
   2.02
  </rating>
  <reviews>
   727036
  </reviews>
  <new>
   +
  </new>
  <exclusive>
   yes
  </exclusive>
 </clothing>
 <clothing>
  <id>
   161387095
  </id>
  <name>
   Vans Shoes C-4371
  </name>
  <category>
   Shoes
  </category>
  <size>
   L
  </size>
  <color>
   Зеленый
  </color>
  <material>
   Лен
  </material>
  <price>
   101855
  </price>
  <rating>
   1.71
  </rating>
  <reviews>
   145276
  </reviews>
  <exclusive>
   no
  </exclusive>
 </clothing>
 <clothing>
  <id>
   400567377
  </id>
  <name>
   Nike Umbrellas G-2206
  </name>
  <category>
   Umbrellas
  </category>
  <size>
   L
  </size>
  <color>
   Фиолетовый
  </color>
  <material>
   Шерсть
  </material>
  <price>
   103620
  </price>
  <rating>
   3.8
  </rating>
  <reviews>
   214160
  </reviews>
  <new>
   -
  </new>
  <exclusive>
   yes
  </exclusive>
  <sporty>
   no
  </sporty>
 </clothing>
 <clothing>
  <id>
   569192142
  </id>
  <name>
   Converse Gloves C-1961
  </name>
  <category>
   Gloves
  </category>
  <size>
   L
  </size>
  <color>
   Фиолетовый
  </color>
  <material>
   Вискоза
  </material>
  <price>
   233853
  </price>
  <rating>
   3.32
  </rating>
  <reviews>
   627328
  </reviews>
  <exclusive>
   no
  </exclusive>
  <sporty>
   no
  </sporty>
 </clothing>
 <clothing>
  <id>
   566603280
  </id>
  <name>
   Addidas Blouse X-9944
  </name>
  <category>
   Blouse
  </category>
  <size>
   S
  </size>
  <color>
   Оранжевый
  </color>
  <material>
   Шерсть
  </material>
  <price>
   812817
  </price>
  <rating>
   1.7
  </rating>
  <reviews>
   677043
  </reviews>
  <exclusive>
   no
  </exclusive>
  <sporty>
   no
  </sporty>
 </clothing>
 <clothing>
  <id>
   840908508
  </id>
  <name>
   Vans Shoes N-7460
  </name>
  <category>
   Shoes
  </category>
  <size>
   XL
  </size>
  <color>
   Фиолетовый
  </color>
  <material>
   Лен
  </material>
  <price>
   549728
  </price>
  <rating>
   2.62
  </rating>
  <reviews>
   810146
  </reviews>
 </clothing>
 <clothing>
  <id>
   366924862
  </id>
  <name>
   Ellesse Umbrellas Y-4564
  </name>
  <category>
   Umbrellas
  </category>
  <size>
   S
  </size>
  <color>
   Фиолетовый
  </color>
  <material>
   Вискоза
  </material>
  <price>
   925889
  </price>
  <rating>
   1.19
  </rating>
  <reviews>
   719088
  </reviews>
  <exclusive>
   yes
  </exclusive>
 </clothing>
 <clothing>
  <id>
   290864712
  </id>
  <name>
   Brooks Umbrellas G-6881
  </name>
  <category>
   Umbrellas
  </category>
  <size>
   S
  </size>
  <color>
   Желтый
  </color>
  <material>
   Хлопок
  </material>
  <price>
   498106
  </price>
  <rating>
   3.08
  </rating>
  <reviews>
   190257
  </reviews>
  <new>
   -
  </new>
 </clothing>
 <clothing>
  <id>
   549802443
  </id>
  <name>
   Brooks Gloves S-5022
  </name>
  <category>
   Gloves
  </category>
  <size>
   XXL
  </size>
  <color>
   Красный
  </color>
  <material>
   Вискоза
  </material>
  <price>
   354749
  </price>
  <rating>
   1.21
  </rating>
  <reviews>
   979366
  </reviews>
  <new>
   -
  </new>
  <sporty>
   no
  </sporty>
 </clothing>
 <clothing>
  <id>
   265113193
  </id>
  <name>
   Ellesse Shoes E-5332
  </name>
  <category>
   Shoes
  </category>
  <size>
   XXL
  </size>
  <color>
   Красный
  </color>
  <material>
   Кожа
  </material>
  <price>
   753747
  </price>
  <rating>
   1.28
  </rating>
  <reviews>
   546425
  </reviews>
  <new>
   -
  </new>
  <exclusive>
   yes
  </exclusive>
  <sporty>
   yes
  </sporty>
 </clothing>
 <clothing>
  <id>
   952254589
  </id>
  <name>
   PleinSport Belts A-9013
  </name>
  <category>
   Belts
  </category>
  <size>
   M
  </size>
  <color>
   Голубой
  </color>
  <material>
   Хлопок
  </material>
  <price>
   222742
  </price>
  <rating>
   2.82
  </rating>
  <reviews>
   280402
  </reviews>
  <new>
   -
  </new>
  <sporty>
   no
  </sporty>
 </clothing>
 <clothing>
  <id>
   714122658
  </id>
  <name>
   Asics Shirt Z-5447
  </name>
  <category>
   Shirt
  </category>
  <size>
   M
  </size>
  <color>
   Синий
  </color>
  <material>
   Хлопок
  </material>
  <price>
   551428
  </price>
  <rating>
   3.73
  </rating>
  <reviews>
   8389
  </reviews>
  <new>
   +
  </new>
  <exclusive>
   no
  </exclusive>
 </clothing>
 <clothing>
  <id>
   720321252
  </id>
  <name>
   New Balance Blouse F-6355
  </name>
  <category>
   Blouse
  </category>
  <size>
   XL
  </size>
  <color>
   Зеленый
  </color>
  <material>
   Лен
  </material>
  <price>
   532376
  </price>
  <rating>
   3.37
  </rating>
  <reviews>
   3389
  </reviews>
  <new>
   +
  </new>
  <exclusive>
   yes
  </exclusive>
  <sporty>
   yes
  </sporty>
 </clothing>
</clothing-items>
