<?xml version="1.0" encoding="utf-8"?>
<clothing-items>
 <clothing>
  <id>
   435477762
  </id>
  <name>
   Puma Belts I-8804
  </name>
  <category>
   Belts
  </category>
  <size>
   XXL
  </size>
  <color>
   Оранжевый
  </color>
  <material>
   Нейлон
  </material>
  <price>
   674721
  </price>
  <rating>
   2.23
  </rating>
  <reviews>
   245160
  </reviews>
  <exclusive>
   yes
  </exclusive>
  <sporty>
   no
  </sporty>
 </clothing>
 <clothing>
  <id>
   546012754
  </id>
  <name>
   Under Armour Handbags A-2444
  </name>
  <category>
   Handbags
  </category>
  <size>
   S
  </size>
  <color>
   Желтый
  </color>
  <material>
   Кожа
  </material>
  <price>
   593896
  </price>
  <rating>
   3.3
  </rating>
  <reviews>
   612394
  </reviews>
  <sporty>
   yes
  </sporty>
 </clothing>
 <clothing>
  <id>
   894417954
  </id>
  <name>
   Ellesse Dress Z-8506
  </name>
  <category>
   Dress
  </category>
  <size>
   M
  </size>
  <color>
   Фиолетовый
  </color>
  <material>
   Хлопок
  </material>
  <price>
   862206
  </price>
  <rating>
   3.66
  </rating>
  <reviews>
   622009
  </reviews>
  <exclusive>
   yes
  </exclusive>
  <sporty>
   no
  </sporty>
 </clothing>
 <clothing>
  <id>
   270984020
  </id>
  <name>
   Lacoste Gloves D-6784
  </name>
  <category>
   Gloves
  </category>
  <size>
   L
  </size>
  <color>
   Желтый
  </color>
  <material>
   Вискоза
  </material>
  <price>
   892046
  </price>
  <rating>
   2.1
  </rating>
  <reviews>
   39187
  </reviews>
 </clothing>
 <clothing>
  <id>
   586799332
  </id>
  <name>
   Converse Skirt G-3358
  </name>
  <category>
   Skirt
  </category>
  <size>
   L
  </size>
  <color>
   Синий
  </color>
  <material>
   Вискоза
  </material>
  <price>
   407303
  </price>
  <rating>
   1.02
  </rating>
  <reviews>
   679728
  </reviews>
 </clothing>
 <clothing>
  <id>
   874465333
  </id>
  <name>
   Asics Sweater E-4560
  </name>
  <category>
   Sweater
  </category>
  <size>
   L
  </size>
  <color>
   Синий
  </color>
  <material>
   Шелк
  </material>
  <price>
   910765
  </price>
  <rating>
   2.55
  </rating>
  <reviews>
   880971
  </reviews>
  <new>
   -
  </new>
 </clothing>
 <clothing>
  <id>
   302049579
  </id>
  <name>
   Converse Jeans C-5563
  </name>
  <category>
   Jeans
  </category>
  <size>
   L
  </size>
  <color>
   Желтый
  </color>
  <material>
   Лен
  </material>
  <price>
   150183
  </price>
  <rating>
   3.04
  </rating>
  <reviews>
   955363
  </reviews>
  <exclusive>
   yes
  </exclusive>
  <sporty>
   yes
  </sporty>
 </clothing>
 <clothing>
  <id>
   971168378
  </id>
  <name>
   Asics Pants S-3132
  </name>
  <category>
   Pants
  </category>
  <size>
   M
  </size>
  <color>
   Желтый
  </color>
  <material>
   Полиэстер
  </material>
  <price>
   941978
  </price>
  <rating>
   2.84
  </rating>
  <reviews>
   345452
  </reviews>
  <new>
   +
  </new>
  <sporty>
   no
  </sporty>
 </clothing>
 <clothing>
  <id>
   418987073
  </id>
  <name>
   Fila Jeans W-4375
  </name>
  <category>
   Jeans
  </category>
  <size>
   XXL
  </size>
  <color>
   Оранжевый
  </color>
  <material>
   Шелк
  </material>
  <price>
   236650
  </price>
  <rating>
   1.02
  </rating>
  <reviews>
   128567
  </reviews>
  <exclusive>
   no
  </exclusive>
  <sporty>
   no
  </sporty>
 </clothing>
 <clothing>
  <id>
   505797405
  </id>
  <name>
   Fila Socks W-7362
  </name>
  <category>
   Socks
  </category>
  <size>
   S
  </size>
  <color>
   Желтый
  </color>
  <material>
   Полиэстер
  </material>
  <price>
   848086
  </price>
  <rating>
   4.66
  </rating>
  <reviews>
   784034
  </reviews>
  <new>
   +
  </new>
  <exclusive>
   yes
  </exclusive>
  <sporty>
   no
  </sporty>
 </clothing>
 <clothing>
  <id>
   632598859
  </id>
  <name>
   Nike T-shirt V-5560
  </name>
  <category>
   T-shirt
  </category>
  <size>
   L
  </size>
  <color>
   Синий
  </color>
  <material>
   Шерсть
  </material>
  <price>
   816115
  </price>
  <rating>
   3.63
  </rating>
  <reviews>
   774319
  </reviews>
  <exclusive>
   yes
  </exclusive>
  <sporty>
   yes
  </sporty>
 </clothing>
 <clothing>
  <id>
   870999150
  </id>
  <name>
   Lacoste Handbags R-4887
  </name>
  <category>
   Handbags
  </category>
  <size>
   XXL
  </size>
  <color>
   Зеленый
  </color>
  <material>
   Лен
  </material>
  <price>
   168373
  </price>
  <rating>
   4.3
  </rating>
  <reviews>
   657839
  </reviews>
  <new>
   +
  </new>
 </clothing>
 <clothing>
  <id>
   303075749
  </id>
  <name>
   Ellesse Jacket K-9924
  </name>
  <category>
   Jacket
  </category>
  <size>
   L
  </size>
  <color>
   Желтый
  </color>
  <material>
   Кожа
  </material>
  <price>
   883897
  </price>
  <rating>
   3.39
  </rating>
  <reviews>
   809217
  </reviews>
  <new>
   +
  </new>
  <sporty>
   yes
  </sporty>
 </clothing>
 <clothing>
  <id>
   323062679
  </id>
  <name>
   Under Armour Gloves S-5459
  </name>
  <category>
   Gloves
  </category>
  <size>
   M
  </size>
  <color>
   Желтый
  </color>
  <material>
   Лен
  </material>
  <price>
   570073
  </price>
  <rating>
   2.76
  </rating>
  <reviews>
   289818
  </reviews>
  <new>
   -
  </new>
  <sporty>
   no
  </sporty>
 </clothing>
 <clothing>
  <id>
   962259044
  </id>
  <name>
   Nike Sweater Z-3011
  </name>
  <category>
   Sweater
  </category>
  <size>
   S
  </size>
  <color>
   Красный
  </color>
  <material>
   Шерсть
  </material>
  <price>
   396884
  </price>
  <rating>
   5.0
  </rating>
  <reviews>
   739650
  </reviews>
  <new>
   -
  </new>
  <exclusive>
   no
  </exclusive>
  <sporty>
   yes
  </sporty>
 </clothing>
 <clothing>
  <id>
   268956438
  </id>
  <name>
   Puma Dress F-6461
  </name>
  <category>
   Dress
  </category>
  <size>
   S
  </size>
  <color>
   Синий
  </color>
  <material>
   Шерсть
  </material>
  <price>
   637412
  </price>
  <rating>
   1.18
  </rating>
  <reviews>
   518256
  </reviews>
  <exclusive>
   no
  </exclusive>
  <sporty>
   yes
  </sporty>
 </clothing>
 <clothing>
  <id>
   428460585
  </id>
  <name>
   Puma Sweater I-1177
  </name>
  <category>
   Sweater
  </category>
  <size>
   L
  </size>
  <color>
   Фиолетовый
  </color>
  <material>
   Нейлон
  </material>
  <price>
   322487
  </price>
  <rating>
   1.73
  </rating>
  <reviews>
   895682
  </reviews>
  <exclusive>
   no
  </exclusive>
 </clothing>
 <clothing>
  <id>
   623613895
  </id>
  <name>
   Lacoste Jeans P-5828
  </name>
  <category>
   Jeans
  </category>
  <size>
   S
  </size>
  <color>
   Голубой
  </color>
  <material>
   Кожа
  </material>
  <price>
   314527
  </price>
  <rating>
   4.43
  </rating>
  <reviews>
   915580
  </reviews>
  <exclusive>
   yes
  </exclusive>
  <sporty>
   no
  </sporty>
 </clothing>
 <clothing>
  <id>
   938310164
  </id>
  <name>
   Asics Gloves D-9573
  </name>
  <category>
   Gloves
  </category>
  <size>
   XL
  </size>
  <color>
   Синий
  </color>
  <material>
   Нейлон
  </material>
  <price>
   619992
  </price>
  <rating>
   3.14
  </rating>
  <reviews>
   197505
  </reviews>
  <exclusive>
   no
  </exclusive>
  <sporty>
   yes
  </sporty>
 </clothing>
 <clothing>
  <id>
   560935198
  </id>
  <name>
   Vans T-shirt E-5848
  </name>
  <category>
   T-shirt
  </category>
  <size>
   L
  </size>
  <color>
   Фиолетовый
  </color>
  <material>
   Шелк
  </material>
  <price>
   388682
  </price>
  <rating>
   2.8
  </rating>
  <reviews>
   309204
  </reviews>
  <new>
   -
  </new>
  <exclusive>
   no
  </exclusive>
 </clothing>
 <clothing>
  <id>
   137711062
  </id>
  <name>
   Adidas T-shirt G-4388
  </name>
  <category>
   T-shirt
  </category>
  <size>
   M
  </size>
  <color>
   Голубой
  </color>
  <material>
   Лен
  </material>
  <price>
   701876
  </price>
  <rating>
   1.25
  </rating>
  <reviews>
   826548
  </reviews>
  <new>
   -
  </new>
  <sporty>
   no
  </sporty>
 </clothing>
 <clothing>
  <id>
   369560582
  </id>
  <name>
   Adidas Dress Z-5572
  </name>
  <category>
   Dress
  </category>
  <size>
   XL
  </size>
  <color>
   Синий
  </color>
  <material>
   Вискоза
  </material>
  <price>
   243283
  </price>
  <rating>
   2.75
  </rating>
  <reviews>
   328926
  </reviews>
  <new>
   +
  </new>
  <exclusive>
   no
  </exclusive>
 </clothing>
 <clothing>
  <id>
   299424408
  </id>
  <name>
   Adidas Socks K-6528
  </name>
  <category>
   Socks
  </category>
  <size>
   S
  </size>
  <color>
   Голубой
  </color>
  <material>
   Шерсть
  </material>
  <price>
   394629
  </price>
  <rating>
   3.02
  </rating>
  <reviews>
   655160
  </reviews>
  <exclusive>
   no
  </exclusive>
 </clothing>
 <clothing>
  <id>
   254139552
  </id>
  <name>
   Nike Blouse N-6846
  </name>
  <category>
   Blouse
  </category>
  <size>
   XL
  </size>
  <color>
   Оранжевый
  </color>
  <material>
   Кожа
  </material>
  <price>
   898698
  </price>
  <rating>
   4.64
  </rating>
  <reviews>
   812947
  </reviews>
  <new>
   +
  </new>
  <sporty>
   yes
  </sporty>
 </clothing>
 <clothing>
  <id>
   951057967
  </id>
  <name>
   Nike Pants C-1134
  </name>
  <category>
   Pants
  </category>
  <size>
   XXL
  </size>
  <color>
   Желтый
  </color>
  <material>
   Шерсть
  </material>
  <price>
   738615
  </price>
  <rating>
   2.79
  </rating>
  <reviews>
   256067
  </reviews>
  <new>
   +
  </new>
  <exclusive>
   yes
  </exclusive>
 </clothing>
 <clothing>
  <id>
   307170775
  </id>
  <name>
   Converse Shoes V-7207
  </name>
  <category>
   Shoes
  </category>
  <size>
   XXL
  </size>
  <color>
   Оранжевый
  </color>
  <material>
   Нейлон
  </material>
  <price>
   515252
  </price>
  <rating>
   3.56
  </rating>
  <reviews>
   672191
  </reviews>
  <exclusive>
   no
  </exclusive>
  <sporty>
   yes
  </sporty>
 </clothing>
 <clothing>
  <id>
   933071034
  </id>
  <name>
   Converse Socks R-9614
  </name>
  <category>
   Socks
  </category>
  <size>
   M
  </size>
  <color>
   Голубой
  </color>
  <material>
   Шерсть
  </material>
  <price>
   819106
  </price>
  <rating>
   2.14
  </rating>
  <reviews>
   686518
  </reviews>
  <new>
   -
  </new>
  <exclusive>
   yes
  </exclusive>
  <sporty>
   no
  </sporty>
 </clothing>
 <clothing>
  <id>
   317802686
  </id>
  <name>
   Under Armour Socks U-8585
  </name>
  <category>
   Socks
  </category>
  <size>
   XL
  </size>
  <color>
   Красный
  </color>
  <material>
   Хлопок
  </material>
  <price>
   735459
  </price>
  <rating>
   3.03
  </rating>
  <reviews>
   344775
  </reviews>
  <new>
   +
  </new>
 </clothing>
 <clothing>
  <id>
   632186841
  </id>
  <name>
   PleinSport Handbags L-6806
  </name>
  <category>
   Handbags
  </category>
  <size>
   S
  </size>
  <color>
   Фиолетовый
  </color>
  <material>
   Кожа
  </material>
  <price>
   235607
  </price>
  <rating>
   2.8
  </rating>
  <reviews>
   949353
  </reviews>
  <sporty>
   no
  </sporty>
 </clothing>
 <clothing>
  <id>
   333736492
  </id>
  <name>
   Ellesse Jacket E-2367
  </name>
  <category>
   Jacket
  </category>
  <size>
   L
  </size>
  <color>
   Красный
  </color>
  <material>
   Шерсть
  </material>
  <price>
   777229
  </price>
  <rating>
   2.06
  </rating>
  <reviews>
   58540
  </reviews>
  <exclusive>
   yes
  </exclusive>
  <sporty>
   yes
  </sporty>
 </clothing>
 <clothing>
  <id>
   225637144
  </id>
  <name>
   Under Armour Hat Z-9933
  </name>
  <category>
   Hat
  </category>
  <size>
   M
  </size>
  <color>
   Синий
  </color>
  <material>
   Хлопок
  </material>
  <price>
   741348
  </price>
  <rating>
   4.64
  </rating>
  <reviews>
   448625
  </reviews>
  <new>
   +
  </new>
 </clothing>
 <clothing>
  <id>
   565733465
  </id>
  <name>
   Nike Umbrellas H-9889
  </name>
  <category>
   Umbrellas
  </category>
  <size>
   L
  </size>
  <color>
   Фиолетовый
  </color>
  <material>
   Хлопок
  </material>
  <price>
   640292
  </price>
  <rating>
   4.26
  </rating>
  <reviews>
   515843
  </reviews>
  <exclusive>
   yes
  </exclusive>
  <sporty>
   no
  </sporty>
 </clothing>
 <clothing>
  <id>
   281741279
  </id>
  <name>
   PleinSport Shoes O-2670
  </name>
  <category>
   Shoes
  </category>
  <size>
   XXL
  </size>
  <color>
   Красный
  </color>
  <material>
   Шелк
  </material>
  <price>
   302411
  </price>
  <rating>
   3.41
  </rating>
  <reviews>
   793175
  </reviews>
  <exclusive>
   no
  </exclusive>
  <sporty>
   no
  </sporty>
 </clothing>
 <clothing>
  <id>
   508404433
  </id>
  <name>
   Lacoste Handbags W-8780
  </name>
  <category>
   Handbags
  </category>
  <size>
   S
  </size>
  <color>
   Оранжевый
  </color>
  <material>
   Полиэстер
  </material>
  <price>
   638713
  </price>
  <rating>
   1.31
  </rating>
  <reviews>
   960596
  </reviews>
  <new>
   -
  </new>
  <exclusive>
   yes
  </exclusive>
 </clothing>
</clothing-items>
