<?xml version="1.0" encoding="utf-8"?>
<clothing-items>
 <clothing>
  <id>
   634738999
  </id>
  <name>
   Lacoste Jacket V-8325
  </name>
  <category>
   Jacket
  </category>
  <size>
   S
  </size>
  <color>
   Голубой
  </color>
  <material>
   Нейлон
  </material>
  <price>
   150350
  </price>
  <rating>
   2.36
  </rating>
  <reviews>
   627408
  </reviews>
  <new>
   -
  </new>
  <exclusive>
   yes
  </exclusive>
 </clothing>
 <clothing>
  <id>
   359986726
  </id>
  <name>
   Vans Hat R-3153
  </name>
  <category>
   Hat
  </category>
  <size>
   L
  </size>
  <color>
   Желтый
  </color>
  <material>
   Шерсть
  </material>
  <price>
   767568
  </price>
  <rating>
   1.39
  </rating>
  <reviews>
   178166
  </reviews>
  <new>
   +
  </new>
  <exclusive>
   yes
  </exclusive>
 </clothing>
 <clothing>
  <id>
   222654449
  </id>
  <name>
   Asics Sweater C-7873
  </name>
  <category>
   Sweater
  </category>
  <size>
   L
  </size>
  <color>
   Желтый
  </color>
  <material>
   Лен
  </material>
  <price>
   138913
  </price>
  <rating>
   2.48
  </rating>
  <reviews>
   910684
  </reviews>
  <exclusive>
   no
  </exclusive>
  <sporty>
   no
  </sporty>
 </clothing>
 <clothing>
  <id>
   117364633
  </id>
  <name>
   Addidas Blouse Q-9332
  </name>
  <category>
   Blouse
  </category>
  <size>
   S
  </size>
  <color>
   Оранжевый
  </color>
  <material>
   Полиэстер
  </material>
  <price>
   552275
  </price>
  <rating>
   1.59
  </rating>
  <reviews>
   436743
  </reviews>
  <new>
   -
  </new>
  <exclusive>
   no
  </exclusive>
  <sporty>
   no
  </sporty>
 </clothing>
 <clothing>
  <id>
   642234419
  </id>
  <name>
   Brooks Handbags Z-3359
  </name>
  <category>
   Handbags
  </category>
  <size>
   M
  </size>
  <color>
   Зеленый
  </color>
  <material>
   Хлопок
  </material>
  <price>
   939029
  </price>
  <rating>
   1.41
  </rating>
  <reviews>
   489185
  </reviews>
  <new>
   -
  </new>
  <exclusive>
   no
  </exclusive>
  <sporty>
   no
  </sporty>
 </clothing>
 <clothing>
  <id>
   500115184
  </id>
  <name>
   Puma Shoes U-6908
  </name>
  <category>
   Shoes
  </category>
  <size>
   S
  </size>
  <color>
   Синий
  </color>
  <material>
   Кожа
  </material>
  <price>
   267046
  </price>
  <rating>
   4.1
  </rating>
  <reviews>
   321910
  </reviews>
  <sporty>
   no
  </sporty>
 </clothing>
 <clothing>
  <id>
   688233602
  </id>
  <name>
   Converse Gloves I-4546
  </name>
  <category>
   Gloves
  </category>
  <size>
   XXL
  </size>
  <color>
   Красный
  </color>
  <material>
   Лен
  </material>
  <price>
   195120
  </price>
  <rating>
   1.99
  </rating>
  <reviews>
   630858
  </reviews>
  <sporty>
   no
  </sporty>
 </clothing>
 <clothing>
  <id>
   511361080
  </id>
  <name>
   Under Armour Umbrellas K-4080
  </name>
  <category>
   Umbrellas
  </category>
  <size>
   L
  </size>
  <color>
   Голубой
  </color>
  <material>
   Нейлон
  </material>
  <price>
   766782
  </price>
  <rating>
   1.87
  </rating>
  <reviews>
   910081
  </reviews>
  <new>
   -
  </new>
  <exclusive>
   no
  </exclusive>
  <sporty>
   no
  </sporty>
 </clothing>
 <clothing>
  <id>
   163028904
  </id>
  <name>
   Lacoste Umbrellas U-5408
  </name>
  <category>
   Umbrellas
  </category>
  <size>
   XXL
  </size>
  <color>
   Фиолетовый
  </color>
  <material>
   Лен
  </material>
  <price>
   466162
  </price>
  <rating>
   2.9
  </rating>
  <reviews>
   296552
  </reviews>
  <new>
   -
  </new>
  <sporty>
   yes
  </sporty>
 </clothing>
 <clothing>
  <id>
   471670797
  </id>
  <name>
   Converse Dress Q-8183
  </name>
  <category>
   Dress
  </category>
  <size>
   M
  </size>
  <color>
   Зеленый
  </color>
  <material>
   Шелк
  </material>
  <price>
   177113
  </price>
  <rating>
   1.2
  </rating>
  <reviews>
   714575
  </reviews>
  <new>
   -
  </new>
 </clothing>
 <clothing>
  <id>
   730093278
  </id>
  <name>
   Adidas Umbrellas H-3059
  </name>
  <category>
   Umbrellas
  </category>
  <size>
   L
  </size>
  <color>
   Желтый
  </color>
  <material>
   Полиэстер
  </material>
  <price>
   344983
  </price>
  <rating>
   2.01
  </rating>
  <reviews>
   443187
  </reviews>
  <exclusive>
   no
  </exclusive>
 </clothing>
 <clothing>
  <id>
   599896037
  </id>
  <name>
   Nike Skirt F-6031
  </name>
  <category>
   Skirt
  </category>
  <size>
   S
  </size>
  <color>
   Голубой
  </color>
  <material>
   Шерсть
  </material>
  <price>
   494064
  </price>
  <rating>
   2.96
  </rating>
  <reviews>
   626728
  </reviews>
  <new>
   -
  </new>
  <exclusive>
   no
  </exclusive>
  <sporty>
   no
  </sporty>
 </clothing>
 <clothing>
  <id>
   616241509
  </id>
  <name>
   Puma Hat R-6769
  </name>
  <category>
   Hat
  </category>
  <size>
   XL
  </size>
  <color>
   Голубой
  </color>
  <material>
   Нейлон
  </material>
  <price>
   942863
  </price>
  <rating>
   3.85
  </rating>
  <reviews>
   737469
  </reviews>
  <exclusive>
   yes
  </exclusive>
  <sporty>
   yes
  </sporty>
 </clothing>
 <clothing>
  <id>
   954505147
  </id>
  <name>
   Asics Socks Q-8726
  </name>
  <category>
   Socks
  </category>
  <size>
   L
  </size>
  <color>
   Оранжевый
  </color>
  <material>
   Шерсть
  </material>
  <price>
   239774
  </price>
  <rating>
   1.63
  </rating>
  <reviews>
   796358
  </reviews>
  <new>
   -
  </new>
  <exclusive>
   no
  </exclusive>
 </clothing>
 <clothing>
  <id>
   995180863
  </id>
  <name>
   Adidas Gloves V-2706
  </name>
  <category>
   Gloves
  </category>
  <size>
   XL
  </size>
  <color>
   Красный
  </color>
  <material>
   Шелк
  </material>
  <price>
   457288
  </price>
  <rating>
   3.03
  </rating>
  <reviews>
   366121
  </reviews>
  <new>
   -
  </new>
 </clothing>
 <clothing>
  <id>
   296929587
  </id>
  <name>
   Under Armour Socks D-9950
  </name>
  <category>
   Socks
  </category>
  <size>
   L
  </size>
  <color>
   Красный
  </color>
  <material>
   Хлопок
  </material>
  <price>
   722148
  </price>
  <rating>
   4.66
  </rating>
  <reviews>
   566665
  </reviews>
  <new>
   +
  </new>
  <sporty>
   no
  </sporty>
 </clothing>
 <clothing>
  <id>
   998140275
  </id>
  <name>
   Puma Shoes O-1070
  </name>
  <category>
   Shoes
  </category>
  <size>
   M
  </size>
  <color>
   Фиолетовый
  </color>
  <material>
   Кожа
  </material>
  <price>
   993084
  </price>
  <rating>
   1.42
  </rating>
  <reviews>
   101139
  </reviews>
  <new>
   -
  </new>
  <exclusive>
   no
  </exclusive>
 </clothing>
 <clothing>
  <id>
   851766981
  </id>
  <name>
   Addidas Belts J-5087
  </name>
  <category>
   Belts
  </category>
  <size>
   M
  </size>
  <color>
   Оранжевый
  </color>
  <material>
   Шерсть
  </material>
  <price>
   745383
  </price>
  <rating>
   3.52
  </rating>
  <reviews>
   109588
  </reviews>
  <new>
   -
  </new>
  <exclusive>
   no
  </exclusive>
 </clothing>
 <clothing>
  <id>
   908185336
  </id>
  <name>
   DC Gloves E-2762
  </name>
  <category>
   Gloves
  </category>
  <size>
   XXL
  </size>
  <color>
   Фиолетовый
  </color>
  <material>
   Хлопок
  </material>
  <price>
   827667
  </price>
  <rating>
   1.67
  </rating>
  <reviews>
   660317
  </reviews>
  <new>
   -
  </new>
  <exclusive>
   yes
  </exclusive>
 </clothing>
 <clothing>
  <id>
   437575132
  </id>
  <name>
   Nike Jeans N-6173
  </name>
  <category>
   Jeans
  </category>
  <size>
   S
  </size>
  <color>
   Красный
  </color>
  <material>
   Полиэстер
  </material>
  <price>
   333847
  </price>
  <rating>
   3.85
  </rating>
  <reviews>
   31845
  </reviews>
  <exclusive>
   yes
  </exclusive>
 </clothing>
 <clothing>
  <id>
   544680101
  </id>
  <name>
   Nike Shoes H-3461
  </name>
  <category>
   Shoes
  </category>
  <size>
   M
  </size>
  <color>
   Красный
  </color>
  <material>
   Шелк
  </material>
  <price>
   150456
  </price>
  <rating>
   2.46
  </rating>
  <reviews>
   733102
  </reviews>
  <new>
   +
  </new>
  <exclusive>
   yes
  </exclusive>
  <sporty>
   yes
  </sporty>
 </clothing>
 <clothing>
  <id>
   126960538
  </id>
  <name>
   PleinSport Pants K-4264
  </name>
  <category>
   Pants
  </category>
  <size>
   S
  </size>
  <color>
   Оранжевый
  </color>
  <material>
   Нейлон
  </material>
  <price>
   330854
  </price>
  <rating>
   2.3
  </rating>
  <reviews>
   689068
  </reviews>
 </clothing>
 <clothing>
  <id>
   651320283
  </id>
  <name>
   Addidas Pants T-4594
  </name>
  <category>
   Pants
  </category>
  <size>
   XL
  </size>
  <color>
   Оранжевый
  </color>
  <material>
   Кожа
  </material>
  <price>
   575813
  </price>
  <rating>
   2.18
  </rating>
  <reviews>
   89363
  </reviews>
  <sporty>
   yes
  </sporty>
 </clothing>
 <clothing>
  <id>
   167626325
  </id>
  <name>
   Asics Blouse O-5590
  </name>
  <category>
   Blouse
  </category>
  <size>
   M
  </size>
  <color>
   Зеленый
  </color>
  <material>
   Лен
  </material>
  <price>
   906308
  </price>
  <rating>
   4.72
  </rating>
  <reviews>
   787815
  </reviews>
  <new>
   +
  </new>
  <exclusive>
   no
  </exclusive>
  <sporty>
   yes
  </sporty>
 </clothing>
 <clothing>
  <id>
   297920788
  </id>
  <name>
   Vans Belts N-2129
  </name>
  <category>
   Belts
  </category>
  <size>
   S
  </size>
  <color>
   Зеленый
  </color>
  <material>
   Нейлон
  </material>
  <price>
   785966
  </price>
  <rating>
   4.4
  </rating>
  <reviews>
   985768
  </reviews>
  <new>
   -
  </new>
  <exclusive>
   no
  </exclusive>
  <sporty>
   no
  </sporty>
 </clothing>
 <clothing>
  <id>
   189319051
  </id>
  <name>
   Ellesse Belts W-9837
  </name>
  <category>
   Belts
  </category>
  <size>
   S
  </size>
  <color>
   Красный
  </color>
  <material>
   Полиэстер
  </material>
  <price>
   404421
  </price>
  <rating>
   1.23
  </rating>
  <reviews>
   766893
  </reviews>
  <new>
   +
  </new>
  <exclusive>
   yes
  </exclusive>
  <sporty>
   yes
  </sporty>
 </clothing>
 <clothing>
  <id>
   751490560
  </id>
  <name>
   Addidas Umbrellas N-4162
  </name>
  <category>
   Umbrellas
  </category>
  <size>
   L
  </size>
  <color>
   Зеленый
  </color>
  <material>
   Нейлон
  </material>
  <price>
   817503
  </price>
  <rating>
   3.26
  </rating>
  <reviews>
   680276
  </reviews>
  <exclusive>
   yes
  </exclusive>
 </clothing>
 <clothing>
  <id>
   546809354
  </id>
  <name>
   Under Armour Dress F-8630
  </name>
  <category>
   Dress
  </category>
  <size>
   S
  </size>
  <color>
   Красный
  </color>
  <material>
   Вискоза
  </material>
  <price>
   173257
  </price>
  <rating>
   3.71
  </rating>
  <reviews>
   948651
  </reviews>
  <exclusive>
   no
  </exclusive>
  <sporty>
   no
  </sporty>
 </clothing>
 <clothing>
  <id>
   485413080
  </id>
  <name>
   PleinSport Blouse I-5582
  </name>
  <category>
   Blouse
  </category>
  <size>
   S
  </size>
  <color>
   Желтый
  </color>
  <material>
   Шелк
  </material>
  <price>
   506817
  </price>
  <rating>
   4.26
  </rating>
  <reviews>
   524955
  </reviews>
  <exclusive>
   yes
  </exclusive>
  <sporty>
   no
  </sporty>
 </clothing>
 <clothing>
  <id>
   237500253
  </id>
  <name>
   Under Armour Umbrellas N-8087
  </name>
  <category>
   Umbrellas
  </category>
  <size>
   XL
  </size>
  <color>
   Оранжевый
  </color>
  <material>
   Нейлон
  </material>
  <price>
   198171
  </price>
  <rating>
   2.88
  </rating>
  <reviews>
   547920
  </reviews>
  <new>
   +
  </new>
  <exclusive>
   no
  </exclusive>
 </clothing>
 <clothing>
  <id>
   262868080
  </id>
  <name>
   Vans Jeans O-4202
  </name>
  <category>
   Jeans
  </category>
  <size>
   L
  </size>
  <color>
   Оранжевый
  </color>
  <material>
   Вискоза
  </material>
  <price>
   880240
  </price>
  <rating>
   3.76
  </rating>
  <reviews>
   360314
  </reviews>
  <new>
   -
  </new>
  <exclusive>
   no
  </exclusive>
  <sporty>
   yes
  </sporty>
 </clothing>
 <clothing>
  <id>
   141316421
  </id>
  <name>
   Vans Shoes Q-3137
  </name>
  <category>
   Shoes
  </category>
  <size>
   M
  </size>
  <color>
   Фиолетовый
  </color>
  <material>
   Нейлон
  </material>
  <price>
   571284
  </price>
  <rating>
   2.78
  </rating>
  <reviews>
   393922
  </reviews>
 </clothing>
 <clothing>
  <id>
   232598642
  </id>
  <name>
   Reebok Blouse G-6356
  </name>
  <category>
   Blouse
  </category>
  <size>
   XL
  </size>
  <color>
   Синий
  </color>
  <material>
   Кожа
  </material>
  <price>
   511824
  </price>
  <rating>
   3.97
  </rating>
  <reviews>
   457776
  </reviews>
  <new>
   +
  </new>
  <sporty>
   no
  </sporty>
 </clothing>
 <clothing>
  <id>
   265869640
  </id>
  <name>
   New Balance Dress I-7108
  </name>
  <category>
   Dress
  </category>
  <size>
   XL
  </size>
  <color>
   Голубой
  </color>
  <material>
   Шелк
  </material>
  <price>
   472347
  </price>
  <rating>
   1.76
  </rating>
  <reviews>
   960076
  </reviews>
  <new>
   -
  </new>
  <exclusive>
   no
  </exclusive>
  <sporty>
   no
  </sporty>
 </clothing>
 <clothing>
  <id>
   403697317
  </id>
  <name>
   Addidas Gloves S-5984
  </name>
  <category>
   Gloves
  </category>
  <size>
   XXL
  </size>
  <color>
   Голубой
  </color>
  <material>
   Вискоза
  </material>
  <price>
   788931
  </price>
  <rating>
   4.47
  </rating>
  <reviews>
   500227
  </reviews>
 </clothing>
 <clothing>
  <id>
   455271160
  </id>
  <name>
   Fila Umbrellas H-8972
  </name>
  <category>
   Umbrellas
  </category>
  <size>
   XL
  </size>
  <color>
   Голубой
  </color>
  <material>
   Хлопок
  </material>
  <price>
   933488
  </price>
  <rating>
   1.05
  </rating>
  <reviews>
   328099
  </reviews>
  <new>
   +
  </new>
  <exclusive>
   yes
  </exclusive>
 </clothing>
 <clothing>
  <id>
   880797120
  </id>
  <name>
   Puma Shirt P-3830
  </name>
  <category>
   Shirt
  </category>
  <size>
   XL
  </size>
  <color>
   Оранжевый
  </color>
  <material>
   Нейлон
  </material>
  <price>
   904488
  </price>
  <rating>
   3.02
  </rating>
  <reviews>
   980777
  </reviews>
  <new>
   +
  </new>
  <exclusive>
   no
  </exclusive>
  <sporty>
   no
  </sporty>
 </clothing>
 <clothing>
  <id>
   989006495
  </id>
  <name>
   DC Blouse M-2511
  </name>
  <category>
   Blouse
  </category>
  <size>
   M
  </size>
  <color>
   Синий
  </color>
  <material>
   Лен
  </material>
  <price>
   774709
  </price>
  <rating>
   3.19
  </rating>
  <reviews>
   58187
  </reviews>
  <new>
   -
  </new>
  <exclusive>
   yes
  </exclusive>
 </clothing>
 <clothing>
  <id>
   643269134
  </id>
  <name>
   Converse Gloves B-3633
  </name>
  <category>
   Gloves
  </category>
  <size>
   XL
  </size>
  <color>
   Оранжевый
  </color>
  <material>
   Хлопок
  </material>
  <price>
   644512
  </price>
  <rating>
   1.71
  </rating>
  <reviews>
   201957
  </reviews>
  <sporty>
   no
  </sporty>
 </clothing>
 <clothing>
  <id>
   124581488
  </id>
  <name>
   Ellesse Blouse Q-2261
  </name>
  <category>
   Blouse
  </category>
  <size>
   L
  </size>
  <color>
   Оранжевый
  </color>
  <material>
   Хлопок
  </material>
  <price>
   707122
  </price>
  <rating>
   3.81
  </rating>
  <reviews>
   332939
  </reviews>
  <sporty>
   no
  </sporty>
 </clothing>
 <clothing>
  <id>
   777024691
  </id>
  <name>
   Converse Hat E-7675
  </name>
  <category>
   Hat
  </category>
  <size>
   S
  </size>
  <color>
   Фиолетовый
  </color>
  <material>
   Шелк
  </material>
  <price>
   286360
  </price>
  <rating>
   3.41
  </rating>
  <reviews>
   761765
  </reviews>
 </clothing>
 <clothing>
  <id>
   983767354
  </id>
  <name>
   Fila Umbrellas M-7717
  </name>
  <category>
   Umbrellas
  </category>
  <size>
   XXL
  </size>
  <color>
   Фиолетовый
  </color>
  <material>
   Полиэстер
  </material>
  <price>
   826791
  </price>
  <rating>
   3.59
  </rating>
  <reviews>
   826348
  </reviews>
  <new>
   +
  </new>
  <sporty>
   no
  </sporty>
 </clothing>
 <clothing>
  <id>
   892595719
  </id>
  <name>
   Asics Socks A-7542
  </name>
  <category>
   Socks
  </category>
  <size>
   M
  </size>
  <color>
   Зеленый
  </color>
  <material>
   Кожа
  </material>
  <price>
   146199
  </price>
  <rating>
   3.54
  </rating>
  <reviews>
   94384
  </reviews>
 </clothing>
</clothing-items>
