<?xml version="1.0" encoding="utf-8"?>
<clothing-items>
 <clothing>
  <id>
   319530203
  </id>
  <name>
   Asics Hat A-1993
  </name>
  <category>
   Hat
  </category>
  <size>
   XXL
  </size>
  <color>
   Синий
  </color>
  <material>
   Лен
  </material>
  <price>
   179045
  </price>
  <rating>
   4.06
  </rating>
  <reviews>
   102598
  </reviews>
  <new>
   -
  </new>
  <sporty>
   no
  </sporty>
 </clothing>
 <clothing>
  <id>
   955131134
  </id>
  <name>
   Vans Shoes M-6297
  </name>
  <category>
   Shoes
  </category>
  <size>
   L
  </size>
  <color>
   Зеленый
  </color>
  <material>
   Шелк
  </material>
  <price>
   186133
  </price>
  <rating>
   1.43
  </rating>
  <reviews>
   929228
  </reviews>
  <new>
   -
  </new>
  <exclusive>
   no
  </exclusive>
 </clothing>
 <clothing>
  <id>
   479119672
  </id>
  <name>
   Fila Hat X-9494
  </name>
  <category>
   Hat
  </category>
  <size>
   S
  </size>
  <color>
   Желтый
  </color>
  <material>
   Хлопок
  </material>
  <price>
   534273
  </price>
  <rating>
   3.26
  </rating>
  <reviews>
   623644
  </reviews>
  <exclusive>
   no
  </exclusive>
 </clothing>
 <clothing>
  <id>
   543389802
  </id>
  <name>
   Addidas Pants M-1212
  </name>
  <category>
   Pants
  </category>
  <size>
   L
  </size>
  <color>
   Синий
  </color>
  <material>
   Лен
  </material>
  <price>
   776933
  </price>
  <rating>
   2.13
  </rating>
  <reviews>
   120607
  </reviews>
 </clothing>
 <clothing>
  <id>
   750487637
  </id>
  <name>
   Lacoste Shirt M-5234
  </name>
  <category>
   Shirt
  </category>
  <size>
   XXL
  </size>
  <color>
   Голубой
  </color>
  <material>
   Полиэстер
  </material>
  <price>
   230835
  </price>
  <rating>
   3.88
  </rating>
  <reviews>
   467823
  </reviews>
 </clothing>
 <clothing>
  <id>
   527751159
  </id>
  <name>
   Reebok Handbags P-5824
  </name>
  <category>
   Handbags
  </category>
  <size>
   M
  </size>
  <color>
   Синий
  </color>
  <material>
   Нейлон
  </material>
  <price>
   348113
  </price>
  <rating>
   1.55
  </rating>
  <reviews>
   680661
  </reviews>
  <new>
   -
  </new>
  <exclusive>
   yes
  </exclusive>
 </clothing>
 <clothing>
  <id>
   124246800
  </id>
  <name>
   Lacoste Skirt V-9492
  </name>
  <category>
   Skirt
  </category>
  <size>
   M
  </size>
  <color>
   Желтый
  </color>
  <material>
   Хлопок
  </material>
  <price>
   172123
  </price>
  <rating>
   1.84
  </rating>
  <reviews>
   857636
  </reviews>
  <new>
   -
  </new>
  <exclusive>
   yes
  </exclusive>
  <sporty>
   yes
  </sporty>
 </clothing>
 <clothing>
  <id>
   974580962
  </id>
  <name>
   Brooks Handbags W-4984
  </name>
  <category>
   Handbags
  </category>
  <size>
   L
  </size>
  <color>
   Желтый
  </color>
  <material>
   Шелк
  </material>
  <price>
   714878
  </price>
  <rating>
   3.07
  </rating>
  <reviews>
   741865
  </reviews>
  <exclusive>
   no
  </exclusive>
  <sporty>
   no
  </sporty>
 </clothing>
 <clothing>
  <id>
   198975870
  </id>
  <name>
   Nike Blouse B-5139
  </name>
  <category>
   Blouse
  </category>
  <size>
   L
  </size>
  <color>
   Фиолетовый
  </color>
  <material>
   Шелк
  </material>
  <price>
   717522
  </price>
  <rating>
   4.24
  </rating>
  <reviews>
   590515
  </reviews>
  <new>
   -
  </new>
  <sporty>
   no
  </sporty>
 </clothing>
 <clothing>
  <id>
   113725298
  </id>
  <name>
   Under Armour Jacket V-4318
  </name>
  <category>
   Jacket
  </category>
  <size>
   L
  </size>
  <color>
   Красный
  </color>
  <material>
   Лен
  </material>
  <price>
   133755
  </price>
  <rating>
   3.25
  </rating>
  <reviews>
   612578
  </reviews>
  <new>
   +
  </new>
  <exclusive>
   no
  </exclusive>
  <sporty>
   yes
  </sporty>
 </clothing>
 <clothing>
  <id>
   739681592
  </id>
  <name>
   Brooks Jeans R-4754
  </name>
  <category>
   Jeans
  </category>
  <size>
   XXL
  </size>
  <color>
   Оранжевый
  </color>
  <material>
   Нейлон
  </material>
  <price>
   878259
  </price>
  <rating>
   2.27
  </rating>
  <reviews>
   881793
  </reviews>
  <new>
   -
  </new>
  <exclusive>
   no
  </exclusive>
  <sporty>
   no
  </sporty>
 </clothing>
 <clothing>
  <id>
   312739076
  </id>
  <name>
   Puma Jeans Z-8236
  </name>
  <category>
   Jeans
  </category>
  <size>
   M
  </size>
  <color>
   Фиолетовый
  </color>
  <material>
   Лен
  </material>
  <price>
   438324
  </price>
  <rating>
   3.23
  </rating>
  <reviews>
   981125
  </reviews>
  <new>
   -
  </new>
  <exclusive>
   yes
  </exclusive>
  <sporty>
   yes
  </sporty>
 </clothing>
 <clothing>
  <id>
   663514457
  </id>
  <name>
   Under Armour Shoes Y-4726
  </name>
  <category>
   Shoes
  </category>
  <size>
   XL
  </size>
  <color>
   Зеленый
  </color>
  <material>
   Вискоза
  </material>
  <price>
   252031
  </price>
  <rating>
   4.32
  </rating>
  <reviews>
   595932
  </reviews>
  <sporty>
   no
  </sporty>
 </clothing>
 <clothing>
  <id>
   296728457
  </id>
  <name>
   Converse Handbags Y-6152
  </name>
  <category>
   Handbags
  </category>
  <size>
   M
  </size>
  <color>
   Желтый
  </color>
  <material>
   Шелк
  </material>
  <price>
   447887
  </price>
  <rating>
   3.76
  </rating>
  <reviews>
   190467
  </reviews>
  <exclusive>
   no
  </exclusive>
  <sporty>
   no
  </sporty>
 </clothing>
 <clothing>
  <id>
   418240700
  </id>
  <name>
   PleinSport Sweater V-2881
  </name>
  <category>
   Sweater
  </category>
  <size>
   XXL
  </size>
  <color>
   Синий
  </color>
  <material>
   Кожа
  </material>
  <price>
   373915
  </price>
  <rating>
   1.59
  </rating>
  <reviews>
   958202
  </reviews>
  <new>
   -
  </new>
  <exclusive>
   yes
  </exclusive>
  <sporty>
   no
  </sporty>
 </clothing>
 <clothing>
  <id>
   345083204
  </id>
  <name>
   Puma Umbrellas Z-8765
  </name>
  <category>
   Umbrellas
  </category>
  <size>
   M
  </size>
  <color>
   Зеленый
  </color>
  <material>
   Вискоза
  </material>
  <price>
   350927
  </price>
  <rating>
   4.69
  </rating>
  <reviews>
   515614
  </reviews>
  <sporty>
   no
  </sporty>
 </clothing>
 <clothing>
  <id>
   956843986
  </id>
  <name>
   Brooks Gloves Z-8697
  </name>
  <category>
   Gloves
  </category>
  <size>
   XXL
  </size>
  <color>
   Красный
  </color>
  <material>
   Шерсть
  </material>
  <price>
   105110
  </price>
  <rating>
   4.2
  </rating>
  <reviews>
   552189
  </reviews>
  <exclusive>
   no
  </exclusive>
  <sporty>
   yes
  </sporty>
 </clothing>
 <clothing>
  <id>
   146275640
  </id>
  <name>
   Reebok T-shirt X-6589
  </name>
  <category>
   T-shirt
  </category>
  <size>
   S
  </size>
  <color>
   Желтый
  </color>
  <material>
   Кожа
  </material>
  <price>
   207487
  </price>
  <rating>
   1.8
  </rating>
  <reviews>
   842493
  </reviews>
  <new>
   +
  </new>
  <exclusive>
   no
  </exclusive>
  <sporty>
   yes
  </sporty>
 </clothing>
 <clothing>
  <id>
   801650514
  </id>
  <name>
   Adidas Shirt D-9442
  </name>
  <category>
   Shirt
  </category>
  <size>
   M
  </size>
  <color>
   Зеленый
  </color>
  <material>
   Нейлон
  </material>
  <price>
   924964
  </price>
  <rating>
   2.46
  </rating>
  <reviews>
   909488
  </reviews>
  <exclusive>
   yes
  </exclusive>
  <sporty>
   yes
  </sporty>
 </clothing>
 <clothing>
  <id>
   788394590
  </id>
  <name>
   Asics Pants I-6614
  </name>
  <category>
   Pants
  </category>
  <size>
   M
  </size>
  <color>
   Оранжевый
  </color>
  <material>
   Лен
  </material>
  <price>
   607861
  </price>
  <rating>
   3.31
  </rating>
  <reviews>
   701457
  </reviews>
 </clothing>
 <clothing>
  <id>
   373615861
  </id>
  <name>
   Ellesse Socks C-5891
  </name>
  <category>
   Socks
  </category>
  <size>
   M
  </size>
  <color>
   Фиолетовый
  </color>
  <material>
   Шерсть
  </material>
  <price>
   636410
  </price>
  <rating>
   4.79
  </rating>
  <reviews>
   502558
  </reviews>
  <exclusive>
   yes
  </exclusive>
 </clothing>
 <clothing>
  <id>
   920439444
  </id>
  <name>
   Asics Blouse I-6548
  </name>
  <category>
   Blouse
  </category>
  <size>
   L
  </size>
  <color>
   Голубой
  </color>
  <material>
   Шерсть
  </material>
  <price>
   422777
  </price>
  <rating>
   1.92
  </rating>
  <reviews>
   536207
  </reviews>
 </clothing>
 <clothing>
  <id>
   672615355
  </id>
  <name>
   Ellesse Dress L-7213
  </name>
  <category>
   Dress
  </category>
  <size>
   XL
  </size>
  <color>
   Оранжевый
  </color>
  <material>
   Шелк
  </material>
  <price>
   413014
  </price>
  <rating>
   4.06
  </rating>
  <reviews>
   739379
  </reviews>
  <new>
   +
  </new>
  <exclusive>
   no
  </exclusive>
  <sporty>
   no
  </sporty>
 </clothing>
 <clothing>
  <id>
   105061157
  </id>
  <name>
   Converse Handbags S-9225
  </name>
  <category>
   Handbags
  </category>
  <size>
   XXL
  </size>
  <color>
   Фиолетовый
  </color>
  <material>
   Лен
  </material>
  <price>
   963371
  </price>
  <rating>
   1.31
  </rating>
  <reviews>
   158577
  </reviews>
  <exclusive>
   no
  </exclusive>
  <sporty>
   no
  </sporty>
 </clothing>
 <clothing>
  <id>
   630809467
  </id>
  <name>
   Reebok Dress F-6780
  </name>
  <category>
   Dress
  </category>
  <size>
   XXL
  </size>
  <color>
   Оранжевый
  </color>
  <material>
   Кожа
  </material>
  <price>
   711768
  </price>
  <rating>
   1.97
  </rating>
  <reviews>
   588456
  </reviews>
  <new>
   +
  </new>
  <exclusive>
   yes
  </exclusive>
  <sporty>
   no
  </sporty>
 </clothing>
 <clothing>
  <id>
   371363850
  </id>
  <name>
   New Balance Handbags A-7836
  </name>
  <category>
   Handbags
  </category>
  <size>
   S
  </size>
  <color>
   Оранжевый
  </color>
  <material>
   Лен
  </material>
  <price>
   226218
  </price>
  <rating>
   1.47
  </rating>
  <reviews>
   615305
  </reviews>
  <sporty>
   no
  </sporty>
 </clothing>
 <clothing>
  <id>
   444105751
  </id>
  <name>
   Asics Skirt U-5040
  </name>
  <category>
   Skirt
  </category>
  <size>
   M
  </size>
  <color>
   Оранжевый
  </color>
  <material>
   Вискоза
  </material>
  <price>
   316507
  </price>
  <rating>
   1.81
  </rating>
  <reviews>
   554358
  </reviews>
  <new>
   +
  </new>
  <exclusive>
   no
  </exclusive>
 </clothing>
 <clothing>
  <id>
   820106270
  </id>
  <name>
   Brooks Belts F-5399
  </name>
  <category>
   Belts
  </category>
  <size>
   L
  </size>
  <color>
   Оранжевый
  </color>
  <material>
   Шерсть
  </material>
  <price>
   380128
  </price>
  <rating>
   2.46
  </rating>
  <reviews>
   33386
  </reviews>
  <new>
   +
  </new>
  <exclusive>
   no
  </exclusive>
 </clothing>
 <clothing>
  <id>
   975235510
  </id>
  <name>
   Reebok Pants D-3589
  </name>
  <category>
   Pants
  </category>
  <size>
   XXL
  </size>
  <color>
   Зеленый
  </color>
  <material>
   Нейлон
  </material>
  <price>
   444288
  </price>
  <rating>
   2.98
  </rating>
  <reviews>
   787627
  </reviews>
  <exclusive>
   yes
  </exclusive>
  <sporty>
   yes
  </sporty>
 </clothing>
 <clothing>
  <id>
   124443885
  </id>
  <name>
   Ellesse Handbags M-5019
  </name>
  <category>
   Handbags
  </category>
  <size>
   M
  </size>
  <color>
   Желтый
  </color>
  <material>
   Шерсть
  </material>
  <price>
   280594
  </price>
  <rating>
   4.13
  </rating>
  <reviews>
   511244
  </reviews>
 </clothing>
 <clothing>
  <id>
   270886674
  </id>
  <name>
   Brooks Hat B-5935
  </name>
  <category>
   Hat
  </category>
  <size>
   M
  </size>
  <color>
   Фиолетовый
  </color>
  <material>
   Лен
  </material>
  <price>
   347533
  </price>
  <rating>
   4.05
  </rating>
  <reviews>
   7406
  </reviews>
  <new>
   -
  </new>
 </clothing>
 <clothing>
  <id>
   916669808
  </id>
  <name>
   Under Armour Belts C-9738
  </name>
  <category>
   Belts
  </category>
  <size>
   L
  </size>
  <color>
   Желтый
  </color>
  <material>
   Вискоза
  </material>
  <price>
   300115
  </price>
  <rating>
   1.5
  </rating>
  <reviews>
   196923
  </reviews>
  <new>
   -
  </new>
  <exclusive>
   no
  </exclusive>
  <sporty>
   no
  </sporty>
 </clothing>
 <clothing>
  <id>
   837389657
  </id>
  <name>
   Under Armour Belts H-1658
  </name>
  <category>
   Belts
  </category>
  <size>
   L
  </size>
  <color>
   Оранжевый
  </color>
  <material>
   Нейлон
  </material>
  <price>
   393643
  </price>
  <rating>
   2.8
  </rating>
  <reviews>
   949371
  </reviews>
  <exclusive>
   no
  </exclusive>
  <sporty>
   yes
  </sporty>
 </clothing>
 <clothing>
  <id>
   499079685
  </id>
  <name>
   Addidas Hat F-2017
  </name>
  <category>
   Hat
  </category>
  <size>
   XL
  </size>
  <color>
   Красный
  </color>
  <material>
   Хлопок
  </material>
  <price>
   612353
  </price>
  <rating>
   2.77
  </rating>
  <reviews>
   374840
  </reviews>
  <new>
   +
  </new>
  <exclusive>
   no
  </exclusive>
 </clothing>
 <clothing>
  <id>
   809723633
  </id>
  <name>
   Addidas Handbags H-3642
  </name>
  <category>
   Handbags
  </category>
  <size>
   XXL
  </size>
  <color>
   Голубой
  </color>
  <material>
   Шелк
  </material>
  <price>
   182190
  </price>
  <rating>
   4.78
  </rating>
  <reviews>
   797355
  </reviews>
  <new>
   -
  </new>
  <exclusive>
   no
  </exclusive>
 </clothing>
 <clothing>
  <id>
   300765556
  </id>
  <name>
   Ellesse Gloves V-5464
  </name>
  <category>
   Gloves
  </category>
  <size>
   L
  </size>
  <color>
   Голубой
  </color>
  <material>
   Шелк
  </material>
  <price>
   778297
  </price>
  <rating>
   4.81
  </rating>
  <reviews>
   132322
  </reviews>
  <new>
   -
  </new>
  <exclusive>
   no
  </exclusive>
  <sporty>
   yes
  </sporty>
 </clothing>
</clothing-items>
