<?xml version="1.0" encoding="utf-8"?>
<clothing-items>
 <clothing>
  <id>
   744652468
  </id>
  <name>
   Reebok Shirt P-8266
  </name>
  <category>
   Shirt
  </category>
  <size>
   S
  </size>
  <color>
   Голубой
  </color>
  <material>
   Полиэстер
  </material>
  <price>
   598635
  </price>
  <rating>
   2.39
  </rating>
  <reviews>
   835929
  </reviews>
  <new>
   +
  </new>
  <sporty>
   yes
  </sporty>
 </clothing>
 <clothing>
  <id>
   937863232
  </id>
  <name>
   Fila Jacket C-8035
  </name>
  <category>
   Jacket
  </category>
  <size>
   L
  </size>
  <color>
   Красный
  </color>
  <material>
   Шерсть
  </material>
  <price>
   337160
  </price>
  <rating>
   2.63
  </rating>
  <reviews>
   678703
  </reviews>
  <new>
   -
  </new>
  <sporty>
   no
  </sporty>
 </clothing>
 <clothing>
  <id>
   254561112
  </id>
  <name>
   Ellesse Socks J-4188
  </name>
  <category>
   Socks
  </category>
  <size>
   L
  </size>
  <color>
   Оранжевый
  </color>
  <material>
   Лен
  </material>
  <price>
   281538
  </price>
  <rating>
   3.02
  </rating>
  <reviews>
   135179
  </reviews>
  <new>
   -
  </new>
 </clothing>
 <clothing>
  <id>
   315260863
  </id>
  <name>
   DC T-shirt W-8712
  </name>
  <category>
   T-shirt
  </category>
  <size>
   L
  </size>
  <color>
   Оранжевый
  </color>
  <material>
   Кожа
  </material>
  <price>
   449335
  </price>
  <rating>
   2.17
  </rating>
  <reviews>
   76103
  </reviews>
  <sporty>
   no
  </sporty>
 </clothing>
 <clothing>
  <id>
   442113056
  </id>
  <name>
   Vans Shirt Z-8657
  </name>
  <category>
   Shirt
  </category>
  <size>
   M
  </size>
  <color>
   Желтый
  </color>
  <material>
   Кожа
  </material>
  <price>
   360559
  </price>
  <rating>
   4.64
  </rating>
  <reviews>
   882914
  </reviews>
  <exclusive>
   no
  </exclusive>
  <sporty>
   no
  </sporty>
 </clothing>
 <clothing>
  <id>
   545325898
  </id>
  <name>
   Vans Shoes A-7261
  </name>
  <category>
   Shoes
  </category>
  <size>
   L
  </size>
  <color>
   Желтый
  </color>
  <material>
   Вискоза
  </material>
  <price>
   156883
  </price>
  <rating>
   4.55
  </rating>
  <reviews>
   931446
  </reviews>
 </clothing>
 <clothing>
  <id>
   312075716
  </id>
  <name>
   New Balance Skirt A-9749
  </name>
  <category>
   Skirt
  </category>
  <size>
   XXL
  </size>
  <color>
   Синий
  </color>
  <material>
   Нейлон
  </material>
  <price>
   307945
  </price>
  <rating>
   4.91
  </rating>
  <reviews>
   1861
  </reviews>
  <exclusive>
   no
  </exclusive>
  <sporty>
   no
  </sporty>
 </clothing>
 <clothing>
  <id>
   128683892
  </id>
  <name>
   Addidas Handbags X-9552
  </name>
  <category>
   Handbags
  </category>
  <size>
   S
  </size>
  <color>
   Фиолетовый
  </color>
  <material>
   Шерсть
  </material>
  <price>
   318505
  </price>
  <rating>
   1.41
  </rating>
  <reviews>
   638077
  </reviews>
  <new>
   +
  </new>
  <exclusive>
   no
  </exclusive>
 </clothing>
 <clothing>
  <id>
   575854557
  </id>
  <name>
   Fila Jeans A-5786
  </name>
  <category>
   Jeans
  </category>
  <size>
   L
  </size>
  <color>
   Синий
  </color>
  <material>
   Кожа
  </material>
  <price>
   655844
  </price>
  <rating>
   2.73
  </rating>
  <reviews>
   755485
  </reviews>
  <new>
   +
  </new>
  <exclusive>
   no
  </exclusive>
 </clothing>
 <clothing>
  <id>
   691609417
  </id>
  <name>
   Asics Jacket B-5019
  </name>
  <category>
   Jacket
  </category>
  <size>
   S
  </size>
  <color>
   Голубой
  </color>
  <material>
   Полиэстер
  </material>
  <price>
   609237
  </price>
  <rating>
   4.8
  </rating>
  <reviews>
   994830
  </reviews>
  <sporty>
   yes
  </sporty>
 </clothing>
 <clothing>
  <id>
   446141186
  </id>
  <name>
   Fila Shirt O-7700
  </name>
  <category>
   Shirt
  </category>
  <size>
   XXL
  </size>
  <color>
   Зеленый
  </color>
  <material>
   Хлопок
  </material>
  <price>
   450489
  </price>
  <rating>
   2.53
  </rating>
  <reviews>
   963381
  </reviews>
  <new>
   -
  </new>
  <sporty>
   yes
  </sporty>
 </clothing>
 <clothing>
  <id>
   162026939
  </id>
  <name>
   Vans Socks O-7811
  </name>
  <category>
   Socks
  </category>
  <size>
   XXL
  </size>
  <color>
   Оранжевый
  </color>
  <material>
   Кожа
  </material>
  <price>
   362648
  </price>
  <rating>
   1.7
  </rating>
  <reviews>
   238438
  </reviews>
  <new>
   -
  </new>
  <sporty>
   no
  </sporty>
 </clothing>
 <clothing>
  <id>
   358870522
  </id>
  <name>
   DC Sweater S-8673
  </name>
  <category>
   Sweater
  </category>
  <size>
   M
  </size>
  <color>
   Красный
  </color>
  <material>
   Хлопок
  </material>
  <price>
   826796
  </price>
  <rating>
   1.77
  </rating>
  <reviews>
   58610
  </reviews>
  <new>
   +
  </new>
  <exclusive>
   no
  </exclusive>
  <sporty>
   no
  </sporty>
 </clothing>
 <clothing>
  <id>
   540345233
  </id>
  <name>
   Under Armour Belts P-3155
  </name>
  <category>
   Belts
  </category>
  <size>
   XL
  </size>
  <color>
   Зеленый
  </color>
  <material>
   Шерсть
  </material>
  <price>
   629742
  </price>
  <rating>
   3.11
  </rating>
  <reviews>
   76301
  </reviews>
  <new>
   -
  </new>
  <exclusive>
   yes
  </exclusive>
  <sporty>
   no
  </sporty>
 </clothing>
 <clothing>
  <id>
   247470531
  </id>
  <name>
   Nike Shirt W-8255
  </name>
  <category>
   Shirt
  </category>
  <size>
   S
  </size>
  <color>
   Голубой
  </color>
  <material>
   Шерсть
  </material>
  <price>
   421117
  </price>
  <rating>
   3.25
  </rating>
  <reviews>
   263375
  </reviews>
  <sporty>
   no
  </sporty>
 </clothing>
 <clothing>
  <id>
   147415787
  </id>
  <name>
   Vans Jeans W-7784
  </name>
  <category>
   Jeans
  </category>
  <size>
   XL
  </size>
  <color>
   Зеленый
  </color>
  <material>
   Нейлон
  </material>
  <price>
   613488
  </price>
  <rating>
   2.95
  </rating>
  <reviews>
   476017
  </reviews>
  <exclusive>
   no
  </exclusive>
  <sporty>
   no
  </sporty>
 </clothing>
 <clothing>
  <id>
   333926103
  </id>
  <name>
   Under Armour Gloves X-3772
  </name>
  <category>
   Gloves
  </category>
  <size>
   S
  </size>
  <color>
   Зеленый
  </color>
  <material>
   Лен
  </material>
  <price>
   897451
  </price>
  <rating>
   3.13
  </rating>
  <reviews>
   392284
  </reviews>
  <exclusive>
   no
  </exclusive>
  <sporty>
   yes
  </sporty>
 </clothing>
 <clothing>
  <id>
   378328749
  </id>
  <name>
   DC Gloves I-5885
  </name>
  <category>
   Gloves
  </category>
  <size>
   M
  </size>
  <color>
   Желтый
  </color>
  <material>
   Полиэстер
  </material>
  <price>
   650981
  </price>
  <rating>
   3.57
  </rating>
  <reviews>
   137304
  </reviews>
  <new>
   -
  </new>
  <exclusive>
   yes
  </exclusive>
 </clothing>
 <clothing>
  <id>
   615431514
  </id>
  <name>
   Adidas Shirt C-3213
  </name>
  <category>
   Shirt
  </category>
  <size>
   L
  </size>
  <color>
   Желтый
  </color>
  <material>
   Кожа
  </material>
  <price>
   520041
  </price>
  <rating>
   2.97
  </rating>
  <reviews>
   236128
  </reviews>
  <sporty>
   no
  </sporty>
 </clothing>
 <clothing>
  <id>
   757661821
  </id>
  <name>
   DC Shirt L-4101
  </name>
  <category>
   Shirt
  </category>
  <size>
   M
  </size>
  <color>
   Зеленый
  </color>
  <material>
   Хлопок
  </material>
  <price>
   185654
  </price>
  <rating>
   1.79
  </rating>
  <reviews>
   193076
  </reviews>
  <exclusive>
   no
  </exclusive>
  <sporty>
   no
  </sporty>
 </clothing>
 <clothing>
  <id>
   893308230
  </id>
  <name>
   Reebok Socks O-3958
  </name>
  <category>
   Socks
  </category>
  <size>
   L
  </size>
  <color>
   Оранжевый
  </color>
  <material>
   Вискоза
  </material>
  <price>
   719455
  </price>
  <rating>
   4.03
  </rating>
  <reviews>
   301920
  </reviews>
  <new>
   +
  </new>
  <sporty>
   yes
  </sporty>
 </clothing>
 <clothing>
  <id>
   150348617
  </id>
  <name>
   Addidas Belts Z-1376
  </name>
  <category>
   Belts
  </category>
  <size>
   XL
  </size>
  <color>
   Голубой
  </color>
  <material>
   Вискоза
  </material>
  <price>
   616340
  </price>
  <rating>
   4.05
  </rating>
  <reviews>
   366758
  </reviews>
  <new>
   +
  </new>
 </clothing>
 <clothing>
  <id>
   844744013
  </id>
  <name>
   Puma Jacket Y-3950
  </name>
  <category>
   Jacket
  </category>
  <size>
   L
  </size>
  <color>
   Красный
  </color>
  <material>
   Нейлон
  </material>
  <price>
   914922
  </price>
  <rating>
   3.35
  </rating>
  <reviews>
   982155
  </reviews>
  <sporty>
   yes
  </sporty>
 </clothing>
</clothing-items>
