<?xml version="1.0" encoding="utf-8"?>
<clothing-items>
 <clothing>
  <id>
   370886383
  </id>
  <name>
   Adidas Umbrellas A-5820
  </name>
  <category>
   Umbrellas
  </category>
  <size>
   M
  </size>
  <color>
   Фиолетовый
  </color>
  <material>
   Шелк
  </material>
  <price>
   962126
  </price>
  <rating>
   1.46
  </rating>
  <reviews>
   100741
  </reviews>
  <sporty>
   no
  </sporty>
 </clothing>
 <clothing>
  <id>
   559740072
  </id>
  <name>
   Vans Shoes M-8798
  </name>
  <category>
   Shoes
  </category>
  <size>
   XL
  </size>
  <color>
   Оранжевый
  </color>
  <material>
   Шерсть
  </material>
  <price>
   278933
  </price>
  <rating>
   2.58
  </rating>
  <reviews>
   548008
  </reviews>
  <new>
   +
  </new>
  <exclusive>
   yes
  </exclusive>
 </clothing>
 <clothing>
  <id>
   267341955
  </id>
  <name>
   Under Armour Handbags Y-6530
  </name>
  <category>
   Handbags
  </category>
  <size>
   XL
  </size>
  <color>
   Фиолетовый
  </color>
  <material>
   Шелк
  </material>
  <price>
   250971
  </price>
  <rating>
   3.85
  </rating>
  <reviews>
   963002
  </reviews>
 </clothing>
 <clothing>
  <id>
   514453029
  </id>
  <name>
   Reebok Blouse E-6653
  </name>
  <category>
   Blouse
  </category>
  <size>
   M
  </size>
  <color>
   Желтый
  </color>
  <material>
   Шерсть
  </material>
  <price>
   822190
  </price>
  <rating>
   4.33
  </rating>
  <reviews>
   51665
  </reviews>
  <new>
   -
  </new>
  <exclusive>
   no
  </exclusive>
  <sporty>
   no
  </sporty>
 </clothing>
 <clothing>
  <id>
   380361474
  </id>
  <name>
   Nike Hat E-4945
  </name>
  <category>
   Hat
  </category>
  <size>
   L
  </size>
  <color>
   Желтый
  </color>
  <material>
   Шелк
  </material>
  <price>
   108668
  </price>
  <rating>
   3.89
  </rating>
  <reviews>
   354302
  </reviews>
  <sporty>
   no
  </sporty>
 </clothing>
 <clothing>
  <id>
   776206917
  </id>
  <name>
   Adidas Blouse D-7711
  </name>
  <category>
   Blouse
  </category>
  <size>
   XXL
  </size>
  <color>
   Желтый
  </color>
  <material>
   Кожа
  </material>
  <price>
   603127
  </price>
  <rating>
   1.54
  </rating>
  <reviews>
   405806
  </reviews>
  <exclusive>
   no
  </exclusive>
 </clothing>
 <clothing>
  <id>
   543013262
  </id>
  <name>
   Under Armour Belts R-6947
  </name>
  <category>
   Belts
  </category>
  <size>
   M
  </size>
  <color>
   Фиолетовый
  </color>
  <material>
   Нейлон
  </material>
  <price>
   735587
  </price>
  <rating>
   4.79
  </rating>
  <reviews>
   310490
  </reviews>
  <new>
   -
  </new>
  <exclusive>
   no
  </exclusive>
  <sporty>
   no
  </sporty>
 </clothing>
 <clothing>
  <id>
   553601947
  </id>
  <name>
   Adidas Blouse G-3841
  </name>
  <category>
   Blouse
  </category>
  <size>
   XL
  </size>
  <color>
   Фиолетовый
  </color>
  <material>
   Хлопок
  </material>
  <price>
   671040
  </price>
  <rating>
   2.45
  </rating>
  <reviews>
   938653
  </reviews>
  <new>
   -
  </new>
  <sporty>
   no
  </sporty>
 </clothing>
 <clothing>
  <id>
   262458440
  </id>
  <name>
   Addidas Hat P-9852
  </name>
  <category>
   Hat
  </category>
  <size>
   L
  </size>
  <color>
   Оранжевый
  </color>
  <material>
   Полиэстер
  </material>
  <price>
   211722
  </price>
  <rating>
   4.09
  </rating>
  <reviews>
   195247
  </reviews>
  <new>
   -
  </new>
 </clothing>
 <clothing>
  <id>
   838585048
  </id>
  <name>
   Addidas Dress E-5627
  </name>
  <category>
   Dress
  </category>
  <size>
   M
  </size>
  <color>
   Зеленый
  </color>
  <material>
   Шерсть
  </material>
  <price>
   853528
  </price>
  <rating>
   3.07
  </rating>
  <reviews>
   990280
  </reviews>
  <new>
   +
  </new>
  <sporty>
   no
  </sporty>
 </clothing>
 <clothing>
  <id>
   831291705
  </id>
  <name>
   Asics Jeans B-5299
  </name>
  <category>
   Jeans
  </category>
  <size>
   XXL
  </size>
  <color>
   Фиолетовый
  </color>
  <material>
   Хлопок
  </material>
  <price>
   999844
  </price>
  <rating>
   1.8
  </rating>
  <reviews>
   592691
  </reviews>
  <sporty>
   yes
  </sporty>
 </clothing>
 <clothing>
  <id>
   549983720
  </id>
  <name>
   PleinSport Umbrellas I-9046
  </name>
  <category>
   Umbrellas
  </category>
  <size>
   S
  </size>
  <color>
   Голубой
  </color>
  <material>
   Лен
  </material>
  <price>
   876432
  </price>
  <rating>
   3.93
  </rating>
  <reviews>
   443260
  </reviews>
  <new>
   -
  </new>
  <sporty>
   yes
  </sporty>
 </clothing>
 <clothing>
  <id>
   137214601
  </id>
  <name>
   Fila Jeans A-6196
  </name>
  <category>
   Jeans
  </category>
  <size>
   M
  </size>
  <color>
   Желтый
  </color>
  <material>
   Хлопок
  </material>
  <price>
   150755
  </price>
  <rating>
   3.12
  </rating>
  <reviews>
   921345
  </reviews>
  <new>
   +
  </new>
  <sporty>
   no
  </sporty>
 </clothing>
 <clothing>
  <id>
   879179814
  </id>
  <name>
   Fila Blouse K-7742
  </name>
  <category>
   Blouse
  </category>
  <size>
   XXL
  </size>
  <color>
   Голубой
  </color>
  <material>
   Шелк
  </material>
  <price>
   659621
  </price>
  <rating>
   3.1
  </rating>
  <reviews>
   385045
  </reviews>
 </clothing>
 <clothing>
  <id>
   789349125
  </id>
  <name>
   Under Armour Shoes M-2776
  </name>
  <category>
   Shoes
  </category>
  <size>
   XL
  </size>
  <color>
   Фиолетовый
  </color>
  <material>
   Шерсть
  </material>
  <price>
   710981
  </price>
  <rating>
   1.99
  </rating>
  <reviews>
   920319
  </reviews>
 </clothing>
 <clothing>
  <id>
   563207971
  </id>
  <name>
   Addidas Blouse E-3332
  </name>
  <category>
   Blouse
  </category>
  <size>
   M
  </size>
  <color>
   Зеленый
  </color>
  <material>
   Полиэстер
  </material>
  <price>
   589467
  </price>
  <rating>
   1.83
  </rating>
  <reviews>
   288093
  </reviews>
  <exclusive>
   yes
  </exclusive>
  <sporty>
   no
  </sporty>
 </clothing>
 <clothing>
  <id>
   753271997
  </id>
  <name>
   New Balance Dress K-8122
  </name>
  <category>
   Dress
  </category>
  <size>
   M
  </size>
  <color>
   Желтый
  </color>
  <material>
   Шерсть
  </material>
  <price>
   199302
  </price>
  <rating>
   2.33
  </rating>
  <reviews>
   272875
  </reviews>
  <exclusive>
   no
  </exclusive>
 </clothing>
 <clothing>
  <id>
   121212753
  </id>
  <name>
   Lacoste Socks P-1507
  </name>
  <category>
   Socks
  </category>
  <size>
   XXL
  </size>
  <color>
   Красный
  </color>
  <material>
   Вискоза
  </material>
  <price>
   860995
  </price>
  <rating>
   3.13
  </rating>
  <reviews>
   705020
  </reviews>
  <exclusive>
   no
  </exclusive>
  <sporty>
   no
  </sporty>
 </clothing>
 <clothing>
  <id>
   346699987
  </id>
  <name>
   New Balance Shirt F-8369
  </name>
  <category>
   Shirt
  </category>
  <size>
   XXL
  </size>
  <color>
   Красный
  </color>
  <material>
   Шерсть
  </material>
  <price>
   984862
  </price>
  <rating>
   2.09
  </rating>
  <reviews>
   579567
  </reviews>
  <new>
   -
  </new>
  <sporty>
   yes
  </sporty>
 </clothing>
 <clothing>
  <id>
   353626725
  </id>
  <name>
   Addidas Skirt P-5072
  </name>
  <category>
   Skirt
  </category>
  <size>
   XL
  </size>
  <color>
   Голубой
  </color>
  <material>
   Кожа
  </material>
  <price>
   817652
  </price>
  <rating>
   3.7
  </rating>
  <reviews>
   391101
  </reviews>
 </clothing>
 <clothing>
  <id>
   848265318
  </id>
  <name>
   Adidas Hat H-2261
  </name>
  <category>
   Hat
  </category>
  <size>
   S
  </size>
  <color>
   Синий
  </color>
  <material>
   Шелк
  </material>
  <price>
   530623
  </price>
  <rating>
   4.46
  </rating>
  <reviews>
   315510
  </reviews>
 </clothing>
 <clothing>
  <id>
   923564671
  </id>
  <name>
   Nike Socks W-2470
  </name>
  <category>
   Socks
  </category>
  <size>
   M
  </size>
  <color>
   Оранжевый
  </color>
  <material>
   Шерсть
  </material>
  <price>
   457912
  </price>
  <rating>
   4.36
  </rating>
  <reviews>
   492302
  </reviews>
  <new>
   -
  </new>
  <exclusive>
   no
  </exclusive>
  <sporty>
   no
  </sporty>
 </clothing>
 <clothing>
  <id>
   155342340
  </id>
  <name>
   Fila Socks K-2314
  </name>
  <category>
   Socks
  </category>
  <size>
   XXL
  </size>
  <color>
   Синий
  </color>
  <material>
   Полиэстер
  </material>
  <price>
   777295
  </price>
  <rating>
   4.74
  </rating>
  <reviews>
   468752
  </reviews>
 </clothing>
 <clothing>
  <id>
   740677481
  </id>
  <name>
   Under Armour T-shirt F-1921
  </name>
  <category>
   T-shirt
  </category>
  <size>
   XL
  </size>
  <color>
   Фиолетовый
  </color>
  <material>
   Шелк
  </material>
  <price>
   727946
  </price>
  <rating>
   3.13
  </rating>
  <reviews>
   438061
  </reviews>
  <new>
   +
  </new>
  <exclusive>
   no
  </exclusive>
 </clothing>
 <clothing>
  <id>
   336716235
  </id>
  <name>
   Ellesse Jeans L-4246
  </name>
  <category>
   Jeans
  </category>
  <size>
   L
  </size>
  <color>
   Оранжевый
  </color>
  <material>
   Вискоза
  </material>
  <price>
   325425
  </price>
  <rating>
   2.4
  </rating>
  <reviews>
   68900
  </reviews>
  <exclusive>
   no
  </exclusive>
  <sporty>
   no
  </sporty>
 </clothing>
 <clothing>
  <id>
   763279664
  </id>
  <name>
   Vans Jacket B-5758
  </name>
  <category>
   Jacket
  </category>
  <size>
   S
  </size>
  <color>
   Желтый
  </color>
  <material>
   Шерсть
  </material>
  <price>
   304032
  </price>
  <rating>
   2.96
  </rating>
  <reviews>
   866634
  </reviews>
  <new>
   -
  </new>
  <sporty>
   yes
  </sporty>
 </clothing>
 <clothing>
  <id>
   179368090
  </id>
  <name>
   PleinSport Jacket L-1271
  </name>
  <category>
   Jacket
  </category>
  <size>
   S
  </size>
  <color>
   Зеленый
  </color>
  <material>
   Нейлон
  </material>
  <price>
   586631
  </price>
  <rating>
   1.56
  </rating>
  <reviews>
   808603
  </reviews>
  <new>
   -
  </new>
  <exclusive>
   no
  </exclusive>
  <sporty>
   yes
  </sporty>
 </clothing>
 <clothing>
  <id>
   855520324
  </id>
  <name>
   Ellesse Umbrellas B-1118
  </name>
  <category>
   Umbrellas
  </category>
  <size>
   M
  </size>
  <color>
   Синий
  </color>
  <material>
   Вискоза
  </material>
  <price>
   441090
  </price>
  <rating>
   2.69
  </rating>
  <reviews>
   190780
  </reviews>
  <new>
   -
  </new>
  <exclusive>
   no
  </exclusive>
  <sporty>
   no
  </sporty>
 </clothing>
 <clothing>
  <id>
   346600239
  </id>
  <name>
   New Balance Hat R-6416
  </name>
  <category>
   Hat
  </category>
  <size>
   XXL
  </size>
  <color>
   Фиолетовый
  </color>
  <material>
   Шелк
  </material>
  <price>
   363031
  </price>
  <rating>
   3.64
  </rating>
  <reviews>
   321365
  </reviews>
  <new>
   +
  </new>
  <sporty>
   no
  </sporty>
 </clothing>
 <clothing>
  <id>
   692173100
  </id>
  <name>
   Brooks Shirt E-2790
  </name>
  <category>
   Shirt
  </category>
  <size>
   XL
  </size>
  <color>
   Фиолетовый
  </color>
  <material>
   Полиэстер
  </material>
  <price>
   543470
  </price>
  <rating>
   4.78
  </rating>
  <reviews>
   639067
  </reviews>
  <new>
   -
  </new>
  <exclusive>
   yes
  </exclusive>
 </clothing>
 <clothing>
  <id>
   921501141
  </id>
  <name>
   DC Socks A-5515
  </name>
  <category>
   Socks
  </category>
  <size>
   XL
  </size>
  <color>
   Синий
  </color>
  <material>
   Вискоза
  </material>
  <price>
   233244
  </price>
  <rating>
   2.5
  </rating>
  <reviews>
   784769
  </reviews>
  <new>
   -
  </new>
  <exclusive>
   no
  </exclusive>
 </clothing>
 <clothing>
  <id>
   364873020
  </id>
  <name>
   Puma Dress Q-9648
  </name>
  <category>
   Dress
  </category>
  <size>
   L
  </size>
  <color>
   Фиолетовый
  </color>
  <material>
   Шелк
  </material>
  <price>
   930706
  </price>
  <rating>
   2.76
  </rating>
  <reviews>
   156384
  </reviews>
  <new>
   +
  </new>
 </clothing>
 <clothing>
  <id>
   754421393
  </id>
  <name>
   PleinSport Hat J-7545
  </name>
  <category>
   Hat
  </category>
  <size>
   M
  </size>
  <color>
   Синий
  </color>
  <material>
   Нейлон
  </material>
  <price>
   240983
  </price>
  <rating>
   1.49
  </rating>
  <reviews>
   24445
  </reviews>
  <new>
   +
  </new>
  <sporty>
   yes
  </sporty>
 </clothing>
 <clothing>
  <id>
   680740977
  </id>
  <name>
   Puma Jeans F-4813
  </name>
  <category>
   Jeans
  </category>
  <size>
   XXL
  </size>
  <color>
   Фиолетовый
  </color>
  <material>
   Кожа
  </material>
  <price>
   319211
  </price>
  <rating>
   1.02
  </rating>
  <reviews>
   76889
  </reviews>
  <exclusive>
   yes
  </exclusive>
 </clothing>
 <clothing>
  <id>
   276540490
  </id>
  <name>
   Brooks Handbags O-9246
  </name>
  <category>
   Handbags
  </category>
  <size>
   XL
  </size>
  <color>
   Красный
  </color>
  <material>
   Нейлон
  </material>
  <price>
   154018
  </price>
  <rating>
   2.57
  </rating>
  <reviews>
   200349
  </reviews>
  <new>
   +
  </new>
  <exclusive>
   yes
  </exclusive>
  <sporty>
   yes
  </sporty>
 </clothing>
 <clothing>
  <id>
   491154150
  </id>
  <name>
   Fila Shoes Y-6271
  </name>
  <category>
   Shoes
  </category>
  <size>
   XL
  </size>
  <color>
   Красный
  </color>
  <material>
   Нейлон
  </material>
  <price>
   412952
  </price>
  <rating>
   3.98
  </rating>
  <reviews>
   18297
  </reviews>
  <exclusive>
   yes
  </exclusive>
  <sporty>
   yes
  </sporty>
 </clothing>
 <clothing>
  <id>
   450288214
  </id>
  <name>
   Converse Sweater B-7953
  </name>
  <category>
   Sweater
  </category>
  <size>
   XL
  </size>
  <color>
   Зеленый
  </color>
  <material>
   Лен
  </material>
  <price>
   114494
  </price>
  <rating>
   3.06
  </rating>
  <reviews>
   153887
  </reviews>
  <new>
   +
  </new>
  <exclusive>
   no
  </exclusive>
 </clothing>
 <clothing>
  <id>
   322978647
  </id>
  <name>
   Lacoste Blouse H-3676
  </name>
  <category>
   Blouse
  </category>
  <size>
   XXL
  </size>
  <color>
   Оранжевый
  </color>
  <material>
   Полиэстер
  </material>
  <price>
   453241
  </price>
  <rating>
   2.6
  </rating>
  <reviews>
   781515
  </reviews>
  <exclusive>
   yes
  </exclusive>
  <sporty>
   no
  </sporty>
 </clothing>
 <clothing>
  <id>
   257600157
  </id>
  <name>
   Converse Shirt R-4970
  </name>
  <category>
   Shirt
  </category>
  <size>
   XXL
  </size>
  <color>
   Оранжевый
  </color>
  <material>
   Полиэстер
  </material>
  <price>
   779793
  </price>
  <rating>
   3.17
  </rating>
  <reviews>
   313545
  </reviews>
  <exclusive>
   no
  </exclusive>
  <sporty>
   no
  </sporty>
 </clothing>
 <clothing>
  <id>
   709640694
  </id>
  <name>
   New Balance Jeans M-5335
  </name>
  <category>
   Jeans
  </category>
  <size>
   XL
  </size>
  <color>
   Голубой
  </color>
  <material>
   Шелк
  </material>
  <price>
   569939
  </price>
  <rating>
   4.48
  </rating>
  <reviews>
   802680
  </reviews>
  <new>
   -
  </new>
  <exclusive>
   no
  </exclusive>
 </clothing>
 <clothing>
  <id>
   641183790
  </id>
  <name>
   Fila Handbags Z-7315
  </name>
  <category>
   Handbags
  </category>
  <size>
   L
  </size>
  <color>
   Фиолетовый
  </color>
  <material>
   Шелк
  </material>
  <price>
   825730
  </price>
  <rating>
   3.93
  </rating>
  <reviews>
   660895
  </reviews>
  <new>
   -
  </new>
 </clothing>
 <clothing>
  <id>
   277558041
  </id>
  <name>
   Fila Jeans S-4875
  </name>
  <category>
   Jeans
  </category>
  <size>
   XL
  </size>
  <color>
   Оранжевый
  </color>
  <material>
   Лен
  </material>
  <price>
   835014
  </price>
  <rating>
   3.74
  </rating>
  <reviews>
   169279
  </reviews>
  <sporty>
   yes
  </sporty>
 </clothing>
 <clothing>
  <id>
   532494474
  </id>
  <name>
   Adidas Hat E-3512
  </name>
  <category>
   Hat
  </category>
  <size>
   S
  </size>
  <color>
   Желтый
  </color>
  <material>
   Полиэстер
  </material>
  <price>
   876945
  </price>
  <rating>
   4.91
  </rating>
  <reviews>
   464535
  </reviews>
  <new>
   -
  </new>
 </clothing>
 <clothing>
  <id>
   417064496
  </id>
  <name>
   Vans Hat Q-5973
  </name>
  <category>
   Hat
  </category>
  <size>
   XL
  </size>
  <color>
   Синий
  </color>
  <material>
   Нейлон
  </material>
  <price>
   872412
  </price>
  <rating>
   4.3
  </rating>
  <reviews>
   591278
  </reviews>
  <new>
   -
  </new>
  <exclusive>
   yes
  </exclusive>
 </clothing>
 <clothing>
  <id>
   278096030
  </id>
  <name>
   PleinSport Pants R-9913
  </name>
  <category>
   Pants
  </category>
  <size>
   M
  </size>
  <color>
   Фиолетовый
  </color>
  <material>
   Вискоза
  </material>
  <price>
   352732
  </price>
  <rating>
   3.99
  </rating>
  <reviews>
   917754
  </reviews>
  <exclusive>
   yes
  </exclusive>
 </clothing>
 <clothing>
  <id>
   536000480
  </id>
  <name>
   Lacoste Pants E-3393
  </name>
  <category>
   Pants
  </category>
  <size>
   M
  </size>
  <color>
   Оранжевый
  </color>
  <material>
   Хлопок
  </material>
  <price>
   865864
  </price>
  <rating>
   1.08
  </rating>
  <reviews>
   329010
  </reviews>
  <new>
   -
  </new>
  <exclusive>
   yes
  </exclusive>
  <sporty>
   no
  </sporty>
 </clothing>
 <clothing>
  <id>
   289138710
  </id>
  <name>
   Vans Sweater E-1545
  </name>
  <category>
   Sweater
  </category>
  <size>
   XL
  </size>
  <color>
   Синий
  </color>
  <material>
   Шелк
  </material>
  <price>
   471797
  </price>
  <rating>
   4.96
  </rating>
  <reviews>
   685989
  </reviews>
  <new>
   +
  </new>
  <sporty>
   no
  </sporty>
 </clothing>
</clothing-items>
