<?xml version="1.0" encoding="utf-8"?>
<clothing-items>
 <clothing>
  <id>
   676346736
  </id>
  <name>
   Adidas Skirt W-1860
  </name>
  <category>
   Skirt
  </category>
  <size>
   XXL
  </size>
  <color>
   Зеленый
  </color>
  <material>
   Полиэстер
  </material>
  <price>
   499537
  </price>
  <rating>
   4.45
  </rating>
  <reviews>
   273733
  </reviews>
  <exclusive>
   yes
  </exclusive>
  <sporty>
   no
  </sporty>
 </clothing>
 <clothing>
  <id>
   534624855
  </id>
  <name>
   Asics Shoes L-1976
  </name>
  <category>
   Shoes
  </category>
  <size>
   S
  </size>
  <color>
   Оранжевый
  </color>
  <material>
   Лен
  </material>
  <price>
   635839
  </price>
  <rating>
   3.72
  </rating>
  <reviews>
   517643
  </reviews>
  <exclusive>
   no
  </exclusive>
  <sporty>
   no
  </sporty>
 </clothing>
 <clothing>
  <id>
   796483617
  </id>
  <name>
   Brooks Blouse B-8806
  </name>
  <category>
   Blouse
  </category>
  <size>
   M
  </size>
  <color>
   Фиолетовый
  </color>
  <material>
   Хлопок
  </material>
  <price>
   323940
  </price>
  <rating>
   2.5
  </rating>
  <reviews>
   766828
  </reviews>
  <exclusive>
   yes
  </exclusive>
 </clothing>
 <clothing>
  <id>
   847498975
  </id>
  <name>
   DC Hat G-1378
  </name>
  <category>
   Hat
  </category>
  <size>
   XL
  </size>
  <color>
   Голубой
  </color>
  <material>
   Хлопок
  </material>
  <price>
   505672
  </price>
  <rating>
   1.94
  </rating>
  <reviews>
   506051
  </reviews>
  <new>
   -
  </new>
  <exclusive>
   no
  </exclusive>
 </clothing>
 <clothing>
  <id>
   133598576
  </id>
  <name>
   Fila Dress C-3738
  </name>
  <category>
   Dress
  </category>
  <size>
   S
  </size>
  <color>
   Фиолетовый
  </color>
  <material>
   Шелк
  </material>
  <price>
   246448
  </price>
  <rating>
   2.87
  </rating>
  <reviews>
   894918
  </reviews>
  <exclusive>
   no
  </exclusive>
 </clothing>
 <clothing>
  <id>
   852228019
  </id>
  <name>
   Fila Socks F-8216
  </name>
  <category>
   Socks
  </category>
  <size>
   M
  </size>
  <color>
   Зеленый
  </color>
  <material>
   Вискоза
  </material>
  <price>
   721766
  </price>
  <rating>
   3.38
  </rating>
  <reviews>
   610702
  </reviews>
  <exclusive>
   no
  </exclusive>
 </clothing>
 <clothing>
  <id>
   453006744
  </id>
  <name>
   New Balance Jeans T-2499
  </name>
  <category>
   Jeans
  </category>
  <size>
   XXL
  </size>
  <color>
   Зеленый
  </color>
  <material>
   Нейлон
  </material>
  <price>
   132016
  </price>
  <rating>
   3.47
  </rating>
  <reviews>
   503678
  </reviews>
 </clothing>
 <clothing>
  <id>
   923345337
  </id>
  <name>
   Fila Sweater E-4174
  </name>
  <category>
   Sweater
  </category>
  <size>
   S
  </size>
  <color>
   Желтый
  </color>
  <material>
   Хлопок
  </material>
  <price>
   152324
  </price>
  <rating>
   1.64
  </rating>
  <reviews>
   345934
  </reviews>
  <new>
   +
  </new>
  <exclusive>
   yes
  </exclusive>
  <sporty>
   no
  </sporty>
 </clothing>
 <clothing>
  <id>
   194909288
  </id>
  <name>
   Asics Handbags V-8731
  </name>
  <category>
   Handbags
  </category>
  <size>
   XL
  </size>
  <color>
   Фиолетовый
  </color>
  <material>
   Кожа
  </material>
  <price>
   860788
  </price>
  <rating>
   1.34
  </rating>
  <reviews>
   861587
  </reviews>
 </clothing>
 <clothing>
  <id>
   991718981
  </id>
  <name>
   Adidas Jeans Z-1728
  </name>
  <category>
   Jeans
  </category>
  <size>
   XL
  </size>
  <color>
   Зеленый
  </color>
  <material>
   Шелк
  </material>
  <price>
   788143
  </price>
  <rating>
   3.6
  </rating>
  <reviews>
   595471
  </reviews>
  <exclusive>
   no
  </exclusive>
 </clothing>
 <clothing>
  <id>
   492261720
  </id>
  <name>
   PleinSport Handbags M-1409
  </name>
  <category>
   Handbags
  </category>
  <size>
   XXL
  </size>
  <color>
   Голубой
  </color>
  <material>
   Нейлон
  </material>
  <price>
   172096
  </price>
  <rating>
   1.67
  </rating>
  <reviews>
   773639
  </reviews>
  <new>
   +
  </new>
  <exclusive>
   no
  </exclusive>
 </clothing>
 <clothing>
  <id>
   907567683
  </id>
  <name>
   Addidas Hat Z-9917
  </name>
  <category>
   Hat
  </category>
  <size>
   M
  </size>
  <color>
   Желтый
  </color>
  <material>
   Лен
  </material>
  <price>
   725811
  </price>
  <rating>
   1.04
  </rating>
  <reviews>
   989946
  </reviews>
  <new>
   -
  </new>
  <exclusive>
   no
  </exclusive>
  <sporty>
   yes
  </sporty>
 </clothing>
 <clothing>
  <id>
   599253122
  </id>
  <name>
   Converse Handbags J-1048
  </name>
  <category>
   Handbags
  </category>
  <size>
   S
  </size>
  <color>
   Голубой
  </color>
  <material>
   Шелк
  </material>
  <price>
   275381
  </price>
  <rating>
   1.31
  </rating>
  <reviews>
   155670
  </reviews>
  <new>
   -
  </new>
  <exclusive>
   no
  </exclusive>
 </clothing>
 <clothing>
  <id>
   295497275
  </id>
  <name>
   Addidas Gloves I-8076
  </name>
  <category>
   Gloves
  </category>
  <size>
   XL
  </size>
  <color>
   Фиолетовый
  </color>
  <material>
   Хлопок
  </material>
  <price>
   163825
  </price>
  <rating>
   1.63
  </rating>
  <reviews>
   363497
  </reviews>
  <new>
   -
  </new>
  <exclusive>
   no
  </exclusive>
  <sporty>
   yes
  </sporty>
 </clothing>
 <clothing>
  <id>
   923085669
  </id>
  <name>
   Fila Blouse Y-1048
  </name>
  <category>
   Blouse
  </category>
  <size>
   L
  </size>
  <color>
   Голубой
  </color>
  <material>
   Кожа
  </material>
  <price>
   244374
  </price>
  <rating>
   3.17
  </rating>
  <reviews>
   656697
  </reviews>
  <sporty>
   yes
  </sporty>
 </clothing>
 <clothing>
  <id>
   916054698
  </id>
  <name>
   Vans Hat V-1285
  </name>
  <category>
   Hat
  </category>
  <size>
   XXL
  </size>
  <color>
   Зеленый
  </color>
  <material>
   Вискоза
  </material>
  <price>
   304928
  </price>
  <rating>
   1.72
  </rating>
  <reviews>
   103009
  </reviews>
  <sporty>
   no
  </sporty>
 </clothing>
 <clothing>
  <id>
   625774908
  </id>
  <name>
   Adidas Handbags S-7628
  </name>
  <category>
   Handbags
  </category>
  <size>
   XXL
  </size>
  <color>
   Синий
  </color>
  <material>
   Нейлон
  </material>
  <price>
   424008
  </price>
  <rating>
   1.3
  </rating>
  <reviews>
   641051
  </reviews>
  <new>
   +
  </new>
  <exclusive>
   yes
  </exclusive>
 </clothing>
 <clothing>
  <id>
   714534200
  </id>
  <name>
   DC Jacket E-5909
  </name>
  <category>
   Jacket
  </category>
  <size>
   XXL
  </size>
  <color>
   Зеленый
  </color>
  <material>
   Шерсть
  </material>
  <price>
   914158
  </price>
  <rating>
   2.92
  </rating>
  <reviews>
   972257
  </reviews>
  <exclusive>
   yes
  </exclusive>
  <sporty>
   no
  </sporty>
 </clothing>
 <clothing>
  <id>
   784334845
  </id>
  <name>
   Adidas Pants N-3354
  </name>
  <category>
   Pants
  </category>
  <size>
   XXL
  </size>
  <color>
   Фиолетовый
  </color>
  <material>
   Нейлон
  </material>
  <price>
   636740
  </price>
  <rating>
   3.5
  </rating>
  <reviews>
   161072
  </reviews>
  <exclusive>
   yes
  </exclusive>
 </clothing>
 <clothing>
  <id>
   766949123
  </id>
  <name>
   Reebok Shirt P-4617
  </name>
  <category>
   Shirt
  </category>
  <size>
   XL
  </size>
  <color>
   Оранжевый
  </color>
  <material>
   Лен
  </material>
  <price>
   764539
  </price>
  <rating>
   4.02
  </rating>
  <reviews>
   276972
  </reviews>
  <new>
   +
  </new>
  <exclusive>
   no
  </exclusive>
 </clothing>
 <clothing>
  <id>
   711917348
  </id>
  <name>
   Ellesse Hat G-2426
  </name>
  <category>
   Hat
  </category>
  <size>
   S
  </size>
  <color>
   Голубой
  </color>
  <material>
   Шелк
  </material>
  <price>
   210919
  </price>
  <rating>
   3.21
  </rating>
  <reviews>
   224689
  </reviews>
  <sporty>
   no
  </sporty>
 </clothing>
 <clothing>
  <id>
   317933502
  </id>
  <name>
   Adidas Dress B-5939
  </name>
  <category>
   Dress
  </category>
  <size>
   XL
  </size>
  <color>
   Голубой
  </color>
  <material>
   Лен
  </material>
  <price>
   880902
  </price>
  <rating>
   2.06
  </rating>
  <reviews>
   337036
  </reviews>
  <new>
   -
  </new>
  <exclusive>
   no
  </exclusive>
  <sporty>
   yes
  </sporty>
 </clothing>
 <clothing>
  <id>
   982236133
  </id>
  <name>
   Reebok Handbags U-7839
  </name>
  <category>
   Handbags
  </category>
  <size>
   M
  </size>
  <color>
   Оранжевый
  </color>
  <material>
   Хлопок
  </material>
  <price>
   635777
  </price>
  <rating>
   2.7
  </rating>
  <reviews>
   577856
  </reviews>
  <new>
   -
  </new>
  <exclusive>
   no
  </exclusive>
 </clothing>
 <clothing>
  <id>
   456913437
  </id>
  <name>
   Lacoste Jacket Q-6556
  </name>
  <category>
   Jacket
  </category>
  <size>
   XL
  </size>
  <color>
   Оранжевый
  </color>
  <material>
   Лен
  </material>
  <price>
   308249
  </price>
  <rating>
   3.07
  </rating>
  <reviews>
   746049
  </reviews>
  <new>
   -
  </new>
  <exclusive>
   no
  </exclusive>
  <sporty>
   no
  </sporty>
 </clothing>
 <clothing>
  <id>
   854374540
  </id>
  <name>
   Ellesse Sweater A-2780
  </name>
  <category>
   Sweater
  </category>
  <size>
   S
  </size>
  <color>
   Голубой
  </color>
  <material>
   Полиэстер
  </material>
  <price>
   504151
  </price>
  <rating>
   2.43
  </rating>
  <reviews>
   610528
  </reviews>
  <new>
   -
  </new>
  <sporty>
   yes
  </sporty>
 </clothing>
 <clothing>
  <id>
   813261516
  </id>
  <name>
   PleinSport Sweater F-9872
  </name>
  <category>
   Sweater
  </category>
  <size>
   L
  </size>
  <color>
   Красный
  </color>
  <material>
   Шерсть
  </material>
  <price>
   865650
  </price>
  <rating>
   1.36
  </rating>
  <reviews>
   628844
  </reviews>
  <exclusive>
   no
  </exclusive>
 </clothing>
 <clothing>
  <id>
   793765667
  </id>
  <name>
   DC Skirt T-9844
  </name>
  <category>
   Skirt
  </category>
  <size>
   XXL
  </size>
  <color>
   Оранжевый
  </color>
  <material>
   Лен
  </material>
  <price>
   394822
  </price>
  <rating>
   4.15
  </rating>
  <reviews>
   512960
  </reviews>
  <new>
   +
  </new>
  <exclusive>
   no
  </exclusive>
  <sporty>
   no
  </sporty>
 </clothing>
 <clothing>
  <id>
   383484483
  </id>
  <name>
   Adidas Shoes W-2974
  </name>
  <category>
   Shoes
  </category>
  <size>
   M
  </size>
  <color>
   Голубой
  </color>
  <material>
   Лен
  </material>
  <price>
   608487
  </price>
  <rating>
   4.72
  </rating>
  <reviews>
   386155
  </reviews>
  <new>
   +
  </new>
  <sporty>
   no
  </sporty>
 </clothing>
 <clothing>
  <id>
   244589977
  </id>
  <name>
   New Balance Handbags C-5553
  </name>
  <category>
   Handbags
  </category>
  <size>
   XXL
  </size>
  <color>
   Фиолетовый
  </color>
  <material>
   Шерсть
  </material>
  <price>
   303138
  </price>
  <rating>
   3.12
  </rating>
  <reviews>
   160798
  </reviews>
 </clothing>
 <clothing>
  <id>
   581423018
  </id>
  <name>
   Fila Shoes Y-5443
  </name>
  <category>
   Shoes
  </category>
  <size>
   S
  </size>
  <color>
   Оранжевый
  </color>
  <material>
   Полиэстер
  </material>
  <price>
   382507
  </price>
  <rating>
   1.71
  </rating>
  <reviews>
   132057
  </reviews>
  <exclusive>
   no
  </exclusive>
  <sporty>
   yes
  </sporty>
 </clothing>
 <clothing>
  <id>
   286003030
  </id>
  <name>
   Adidas Gloves C-6762
  </name>
  <category>
   Gloves
  </category>
  <size>
   XL
  </size>
  <color>
   Голубой
  </color>
  <material>
   Шерсть
  </material>
  <price>
   161055
  </price>
  <rating>
   1.4
  </rating>
  <reviews>
   760884
  </reviews>
  <new>
   -
  </new>
  <exclusive>
   yes
  </exclusive>
  <sporty>
   yes
  </sporty>
 </clothing>
 <clothing>
  <id>
   977573367
  </id>
  <name>
   Fila Skirt T-9076
  </name>
  <category>
   Skirt
  </category>
  <size>
   S
  </size>
  <color>
   Голубой
  </color>
  <material>
   Хлопок
  </material>
  <price>
   594764
  </price>
  <rating>
   1.97
  </rating>
  <reviews>
   981415
  </reviews>
  <exclusive>
   no
  </exclusive>
 </clothing>
 <clothing>
  <id>
   364166982
  </id>
  <name>
   New Balance Pants S-2945
  </name>
  <category>
   Pants
  </category>
  <size>
   M
  </size>
  <color>
   Оранжевый
  </color>
  <material>
   Шерсть
  </material>
  <price>
   840098
  </price>
  <rating>
   4.47
  </rating>
  <reviews>
   288564
  </reviews>
  <sporty>
   yes
  </sporty>
 </clothing>
 <clothing>
  <id>
   151450832
  </id>
  <name>
   Brooks Gloves B-1903
  </name>
  <category>
   Gloves
  </category>
  <size>
   XXL
  </size>
  <color>
   Желтый
  </color>
  <material>
   Лен
  </material>
  <price>
   958954
  </price>
  <rating>
   3.89
  </rating>
  <reviews>
   845446
  </reviews>
  <new>
   -
  </new>
 </clothing>
 <clothing>
  <id>
   797596307
  </id>
  <name>
   Vans Sweater H-6162
  </name>
  <category>
   Sweater
  </category>
  <size>
   XXL
  </size>
  <color>
   Красный
  </color>
  <material>
   Кожа
  </material>
  <price>
   370012
  </price>
  <rating>
   1.84
  </rating>
  <reviews>
   790265
  </reviews>
  <exclusive>
   no
  </exclusive>
 </clothing>
 <clothing>
  <id>
   856332612
  </id>
  <name>
   PleinSport Jacket B-5973
  </name>
  <category>
   Jacket
  </category>
  <size>
   XXL
  </size>
  <color>
   Синий
  </color>
  <material>
   Шелк
  </material>
  <price>
   387868
  </price>
  <rating>
   1.73
  </rating>
  <reviews>
   229239
  </reviews>
  <exclusive>
   yes
  </exclusive>
  <sporty>
   no
  </sporty>
 </clothing>
 <clothing>
  <id>
   823737781
  </id>
  <name>
   Lacoste Jeans F-2763
  </name>
  <category>
   Jeans
  </category>
  <size>
   L
  </size>
  <color>
   Зеленый
  </color>
  <material>
   Нейлон
  </material>
  <price>
   282491
  </price>
  <rating>
   1.83
  </rating>
  <reviews>
   110619
  </reviews>
  <new>
   +
  </new>
  <exclusive>
   no
  </exclusive>
  <sporty>
   yes
  </sporty>
 </clothing>
 <clothing>
  <id>
   158611464
  </id>
  <name>
   Puma Jacket U-2176
  </name>
  <category>
   Jacket
  </category>
  <size>
   S
  </size>
  <color>
   Зеленый
  </color>
  <material>
   Вискоза
  </material>
  <price>
   814533
  </price>
  <rating>
   3.94
  </rating>
  <reviews>
   545959
  </reviews>
  <new>
   -
  </new>
 </clothing>
 <clothing>
  <id>
   930389874
  </id>
  <name>
   Addidas Sweater H-7514
  </name>
  <category>
   Sweater
  </category>
  <size>
   XL
  </size>
  <color>
   Оранжевый
  </color>
  <material>
   Вискоза
  </material>
  <price>
   589529
  </price>
  <rating>
   4.47
  </rating>
  <reviews>
   138460
  </reviews>
  <new>
   -
  </new>
  <exclusive>
   yes
  </exclusive>
  <sporty>
   no
  </sporty>
 </clothing>
 <clothing>
  <id>
   866344728
  </id>
  <name>
   Asics T-shirt M-9990
  </name>
  <category>
   T-shirt
  </category>
  <size>
   L
  </size>
  <color>
   Красный
  </color>
  <material>
   Вискоза
  </material>
  <price>
   809185
  </price>
  <rating>
   2.19
  </rating>
  <reviews>
   987533
  </reviews>
  <exclusive>
   no
  </exclusive>
  <sporty>
   no
  </sporty>
 </clothing>
 <clothing>
  <id>
   201070149
  </id>
  <name>
   Fila Handbags C-6488
  </name>
  <category>
   Handbags
  </category>
  <size>
   XXL
  </size>
  <color>
   Оранжевый
  </color>
  <material>
   Вискоза
  </material>
  <price>
   102759
  </price>
  <rating>
   4.63
  </rating>
  <reviews>
   804113
  </reviews>
  <sporty>
   yes
  </sporty>
 </clothing>
 <clothing>
  <id>
   442725141
  </id>
  <name>
   Under Armour Hat P-2950
  </name>
  <category>
   Hat
  </category>
  <size>
   L
  </size>
  <color>
   Синий
  </color>
  <material>
   Вискоза
  </material>
  <price>
   882796
  </price>
  <rating>
   1.51
  </rating>
  <reviews>
   151359
  </reviews>
  <exclusive>
   no
  </exclusive>
  <sporty>
   yes
  </sporty>
 </clothing>
 <clothing>
  <id>
   288049081
  </id>
  <name>
   Ellesse Pants Q-9352
  </name>
  <category>
   Pants
  </category>
  <size>
   XXL
  </size>
  <color>
   Голубой
  </color>
  <material>
   Шелк
  </material>
  <price>
   507663
  </price>
  <rating>
   2.54
  </rating>
  <reviews>
   586129
  </reviews>
  <new>
   +
  </new>
  <sporty>
   yes
  </sporty>
 </clothing>
 <clothing>
  <id>
   251817551
  </id>
  <name>
   Converse Belts R-3297
  </name>
  <category>
   Belts
  </category>
  <size>
   L
  </size>
  <color>
   Голубой
  </color>
  <material>
   Хлопок
  </material>
  <price>
   369306
  </price>
  <rating>
   3.98
  </rating>
  <reviews>
   815686
  </reviews>
  <exclusive>
   yes
  </exclusive>
  <sporty>
   no
  </sporty>
 </clothing>
 <clothing>
  <id>
   863716691
  </id>
  <name>
   Asics Blouse W-2811
  </name>
  <category>
   Blouse
  </category>
  <size>
   S
  </size>
  <color>
   Голубой
  </color>
  <material>
   Полиэстер
  </material>
  <price>
   351382
  </price>
  <rating>
   4.74
  </rating>
  <reviews>
   159555
  </reviews>
 </clothing>
 <clothing>
  <id>
   180425324
  </id>
  <name>
   Fila Belts E-2537
  </name>
  <category>
   Belts
  </category>
  <size>
   S
  </size>
  <color>
   Голубой
  </color>
  <material>
   Шерсть
  </material>
  <price>
   624128
  </price>
  <rating>
   4.29
  </rating>
  <reviews>
   495734
  </reviews>
  <new>
   -
  </new>
  <exclusive>
   no
  </exclusive>
  <sporty>
   yes
  </sporty>
 </clothing>
 <clothing>
  <id>
   147248480
  </id>
  <name>
   PleinSport Sweater B-5366
  </name>
  <category>
   Sweater
  </category>
  <size>
   L
  </size>
  <color>
   Зеленый
  </color>
  <material>
   Лен
  </material>
  <price>
   605735
  </price>
  <rating>
   3.33
  </rating>
  <reviews>
   968523
  </reviews>
  <new>
   -
  </new>
 </clothing>
 <clothing>
  <id>
   675206390
  </id>
  <name>
   Asics Hat O-9112
  </name>
  <category>
   Hat
  </category>
  <size>
   XL
  </size>
  <color>
   Голубой
  </color>
  <material>
   Лен
  </material>
  <price>
   992463
  </price>
  <rating>
   1.19
  </rating>
  <reviews>
   234317
  </reviews>
  <exclusive>
   no
  </exclusive>
 </clothing>
 <clothing>
  <id>
   230824656
  </id>
  <name>
   Asics Hat E-1885
  </name>
  <category>
   Hat
  </category>
  <size>
   XL
  </size>
  <color>
   Красный
  </color>
  <material>
   Хлопок
  </material>
  <price>
   404644
  </price>
  <rating>
   2.3
  </rating>
  <reviews>
   521154
  </reviews>
  <new>
   +
  </new>
  <sporty>
   yes
  </sporty>
 </clothing>
 <clothing>
  <id>
   272078735
  </id>
  <name>
   PleinSport Shoes S-8522
  </name>
  <category>
   Shoes
  </category>
  <size>
   M
  </size>
  <color>
   Синий
  </color>
  <material>
   Нейлон
  </material>
  <price>
   651063
  </price>
  <rating>
   1.36
  </rating>
  <reviews>
   976524
  </reviews>
  <new>
   -
  </new>
  <exclusive>
   no
  </exclusive>
  <sporty>
   no
  </sporty>
 </clothing>
</clothing-items>
