<?xml version="1.0" encoding="utf-8"?>
<clothing-items>
 <clothing>
  <id>
   704184104
  </id>
  <name>
   Asics Umbrellas F-3504
  </name>
  <category>
   Umbrellas
  </category>
  <size>
   L
  </size>
  <color>
   Фиолетовый
  </color>
  <material>
   Лен
  </material>
  <price>
   283935
  </price>
  <rating>
   1.62
  </rating>
  <reviews>
   368343
  </reviews>
  <new>
   -
  </new>
  <sporty>
   no
  </sporty>
 </clothing>
 <clothing>
  <id>
   113831722
  </id>
  <name>
   Puma Pants C-8871
  </name>
  <category>
   Pants
  </category>
  <size>
   L
  </size>
  <color>
   Фиолетовый
  </color>
  <material>
   Лен
  </material>
  <price>
   391287
  </price>
  <rating>
   3.12
  </rating>
  <reviews>
   133212
  </reviews>
  <exclusive>
   yes
  </exclusive>
  <sporty>
   yes
  </sporty>
 </clothing>
 <clothing>
  <id>
   739670617
  </id>
  <name>
   DC Socks F-2677
  </name>
  <category>
   Socks
  </category>
  <size>
   M
  </size>
  <color>
   Желтый
  </color>
  <material>
   Нейлон
  </material>
  <price>
   696769
  </price>
  <rating>
   1.45
  </rating>
  <reviews>
   47741
  </reviews>
  <sporty>
   no
  </sporty>
 </clothing>
 <clothing>
  <id>
   364750835
  </id>
  <name>
   Vans Socks J-6798
  </name>
  <category>
   Socks
  </category>
  <size>
   S
  </size>
  <color>
   Фиолетовый
  </color>
  <material>
   Шерсть
  </material>
  <price>
   770276
  </price>
  <rating>
   4.43
  </rating>
  <reviews>
   932457
  </reviews>
  <new>
   -
  </new>
 </clothing>
 <clothing>
  <id>
   999215403
  </id>
  <name>
   Addidas Handbags W-6591
  </name>
  <category>
   Handbags
  </category>
  <size>
   L
  </size>
  <color>
   Синий
  </color>
  <material>
   Хлопок
  </material>
  <price>
   195010
  </price>
  <rating>
   3.8
  </rating>
  <reviews>
   7543
  </reviews>
  <new>
   +
  </new>
  <exclusive>
   no
  </exclusive>
 </clothing>
 <clothing>
  <id>
   226219764
  </id>
  <name>
   Adidas Umbrellas E-4922
  </name>
  <category>
   Umbrellas
  </category>
  <size>
   XL
  </size>
  <color>
   Красный
  </color>
  <material>
   Шелк
  </material>
  <price>
   925096
  </price>
  <rating>
   1.71
  </rating>
  <reviews>
   829792
  </reviews>
  <exclusive>
   no
  </exclusive>
  <sporty>
   no
  </sporty>
 </clothing>
 <clothing>
  <id>
   439597547
  </id>
  <name>
   Reebok Shirt Y-7730
  </name>
  <category>
   Shirt
  </category>
  <size>
   XXL
  </size>
  <color>
   Синий
  </color>
  <material>
   Нейлон
  </material>
  <price>
   579475
  </price>
  <rating>
   2.98
  </rating>
  <reviews>
   194995
  </reviews>
  <sporty>
   yes
  </sporty>
 </clothing>
 <clothing>
  <id>
   297594505
  </id>
  <name>
   Reebok Shirt F-6585
  </name>
  <category>
   Shirt
  </category>
  <size>
   XXL
  </size>
  <color>
   Красный
  </color>
  <material>
   Нейлон
  </material>
  <price>
   189184
  </price>
  <rating>
   1.52
  </rating>
  <reviews>
   25445
  </reviews>
  <new>
   -
  </new>
  <sporty>
   yes
  </sporty>
 </clothing>
 <clothing>
  <id>
   743021755
  </id>
  <name>
   Asics Shirt F-3404
  </name>
  <category>
   Shirt
  </category>
  <size>
   XL
  </size>
  <color>
   Голубой
  </color>
  <material>
   Хлопок
  </material>
  <price>
   832854
  </price>
  <rating>
   3.24
  </rating>
  <reviews>
   400519
  </reviews>
  <exclusive>
   no
  </exclusive>
 </clothing>
 <clothing>
  <id>
   649147348
  </id>
  <name>
   Ellesse Dress V-6256
  </name>
  <category>
   Dress
  </category>
  <size>
   S
  </size>
  <color>
   Желтый
  </color>
  <material>
   Полиэстер
  </material>
  <price>
   410181
  </price>
  <rating>
   1.84
  </rating>
  <reviews>
   935878
  </reviews>
  <exclusive>
   yes
  </exclusive>
  <sporty>
   yes
  </sporty>
 </clothing>
 <clothing>
  <id>
   212653531
  </id>
  <name>
   Adidas Gloves W-8286
  </name>
  <category>
   Gloves
  </category>
  <size>
   XXL
  </size>
  <color>
   Зеленый
  </color>
  <material>
   Вискоза
  </material>
  <price>
   607822
  </price>
  <rating>
   1.36
  </rating>
  <reviews>
   603087
  </reviews>
  <sporty>
   yes
  </sporty>
 </clothing>
 <clothing>
  <id>
   529090178
  </id>
  <name>
   Lacoste Skirt V-3912
  </name>
  <category>
   Skirt
  </category>
  <size>
   M
  </size>
  <color>
   Фиолетовый
  </color>
  <material>
   Хлопок
  </material>
  <price>
   262822
  </price>
  <rating>
   1.4
  </rating>
  <reviews>
   942637
  </reviews>
  <sporty>
   no
  </sporty>
 </clothing>
 <clothing>
  <id>
   199354121
  </id>
  <name>
   Fila Handbags D-7641
  </name>
  <category>
   Handbags
  </category>
  <size>
   XXL
  </size>
  <color>
   Синий
  </color>
  <material>
   Шерсть
  </material>
  <price>
   409058
  </price>
  <rating>
   1.57
  </rating>
  <reviews>
   263167
  </reviews>
  <new>
   +
  </new>
  <exclusive>
   no
  </exclusive>
 </clothing>
 <clothing>
  <id>
   173375153
  </id>
  <name>
   Asics Shoes R-2289
  </name>
  <category>
   Shoes
  </category>
  <size>
   XXL
  </size>
  <color>
   Желтый
  </color>
  <material>
   Лен
  </material>
  <price>
   128030
  </price>
  <rating>
   1.27
  </rating>
  <reviews>
   269551
  </reviews>
  <exclusive>
   no
  </exclusive>
 </clothing>
 <clothing>
  <id>
   857568667
  </id>
  <name>
   Addidas Socks C-1085
  </name>
  <category>
   Socks
  </category>
  <size>
   L
  </size>
  <color>
   Голубой
  </color>
  <material>
   Вискоза
  </material>
  <price>
   526208
  </price>
  <rating>
   4.29
  </rating>
  <reviews>
   531163
  </reviews>
  <new>
   +
  </new>
  <exclusive>
   no
  </exclusive>
  <sporty>
   no
  </sporty>
 </clothing>
 <clothing>
  <id>
   842988890
  </id>
  <name>
   Addidas Sweater K-2729
  </name>
  <category>
   Sweater
  </category>
  <size>
   M
  </size>
  <color>
   Оранжевый
  </color>
  <material>
   Нейлон
  </material>
  <price>
   679236
  </price>
  <rating>
   1.65
  </rating>
  <reviews>
   290509
  </reviews>
  <exclusive>
   no
  </exclusive>
 </clothing>
 <clothing>
  <id>
   252467782
  </id>
  <name>
   Ellesse Shirt Q-4354
  </name>
  <category>
   Shirt
  </category>
  <size>
   XL
  </size>
  <color>
   Красный
  </color>
  <material>
   Шерсть
  </material>
  <price>
   761223
  </price>
  <rating>
   4.74
  </rating>
  <reviews>
   611164
  </reviews>
  <new>
   +
  </new>
  <exclusive>
   yes
  </exclusive>
  <sporty>
   yes
  </sporty>
 </clothing>
 <clothing>
  <id>
   550340714
  </id>
  <name>
   Addidas Socks Y-8454
  </name>
  <category>
   Socks
  </category>
  <size>
   XXL
  </size>
  <color>
   Оранжевый
  </color>
  <material>
   Кожа
  </material>
  <price>
   212412
  </price>
  <rating>
   4.59
  </rating>
  <reviews>
   589185
  </reviews>
  <new>
   -
  </new>
  <exclusive>
   yes
  </exclusive>
 </clothing>
 <clothing>
  <id>
   662597048
  </id>
  <name>
   Reebok Pants D-2719
  </name>
  <category>
   Pants
  </category>
  <size>
   L
  </size>
  <color>
   Красный
  </color>
  <material>
   Хлопок
  </material>
  <price>
   141207
  </price>
  <rating>
   5.0
  </rating>
  <reviews>
   428873
  </reviews>
  <new>
   -
  </new>
  <exclusive>
   yes
  </exclusive>
  <sporty>
   no
  </sporty>
 </clothing>
 <clothing>
  <id>
   658605440
  </id>
  <name>
   Brooks Belts H-8895
  </name>
  <category>
   Belts
  </category>
  <size>
   XL
  </size>
  <color>
   Синий
  </color>
  <material>
   Шерсть
  </material>
  <price>
   918128
  </price>
  <rating>
   4.23
  </rating>
  <reviews>
   244914
  </reviews>
  <exclusive>
   no
  </exclusive>
 </clothing>
 <clothing>
  <id>
   515460853
  </id>
  <name>
   Under Armour Hat H-7851
  </name>
  <category>
   Hat
  </category>
  <size>
   S
  </size>
  <color>
   Красный
  </color>
  <material>
   Шерсть
  </material>
  <price>
   405888
  </price>
  <rating>
   2.15
  </rating>
  <reviews>
   247575
  </reviews>
  <new>
   +
  </new>
  <exclusive>
   yes
  </exclusive>
 </clothing>
 <clothing>
  <id>
   317514510
  </id>
  <name>
   Brooks Blouse H-7916
  </name>
  <category>
   Blouse
  </category>
  <size>
   XXL
  </size>
  <color>
   Зеленый
  </color>
  <material>
   Шерсть
  </material>
  <price>
   344455
  </price>
  <rating>
   2.62
  </rating>
  <reviews>
   216787
  </reviews>
  <new>
   +
  </new>
 </clothing>
 <clothing>
  <id>
   667673296
  </id>
  <name>
   Addidas Socks N-8411
  </name>
  <category>
   Socks
  </category>
  <size>
   M
  </size>
  <color>
   Желтый
  </color>
  <material>
   Хлопок
  </material>
  <price>
   780242
  </price>
  <rating>
   2.38
  </rating>
  <reviews>
   494764
  </reviews>
  <new>
   +
  </new>
  <exclusive>
   no
  </exclusive>
  <sporty>
   yes
  </sporty>
 </clothing>
 <clothing>
  <id>
   482293474
  </id>
  <name>
   Ellesse Gloves O-9755
  </name>
  <category>
   Gloves
  </category>
  <size>
   L
  </size>
  <color>
   Фиолетовый
  </color>
  <material>
   Полиэстер
  </material>
  <price>
   204468
  </price>
  <rating>
   2.48
  </rating>
  <reviews>
   387588
  </reviews>
  <exclusive>
   no
  </exclusive>
 </clothing>
 <clothing>
  <id>
   740821500
  </id>
  <name>
   New Balance Hat Y-9979
  </name>
  <category>
   Hat
  </category>
  <size>
   S
  </size>
  <color>
   Фиолетовый
  </color>
  <material>
   Вискоза
  </material>
  <price>
   217927
  </price>
  <rating>
   3.86
  </rating>
  <reviews>
   837493
  </reviews>
  <new>
   -
  </new>
  <sporty>
   yes
  </sporty>
 </clothing>
 <clothing>
  <id>
   571494467
  </id>
  <name>
   Addidas Shirt M-7747
  </name>
  <category>
   Shirt
  </category>
  <size>
   XXL
  </size>
  <color>
   Голубой
  </color>
  <material>
   Шерсть
  </material>
  <price>
   616610
  </price>
  <rating>
   2.38
  </rating>
  <reviews>
   232753
  </reviews>
  <new>
   -
  </new>
 </clothing>
 <clothing>
  <id>
   625435696
  </id>
  <name>
   New Balance Sweater D-7193
  </name>
  <category>
   Sweater
  </category>
  <size>
   XXL
  </size>
  <color>
   Оранжевый
  </color>
  <material>
   Кожа
  </material>
  <price>
   318793
  </price>
  <rating>
   1.55
  </rating>
  <reviews>
   979855
  </reviews>
  <new>
   -
  </new>
  <exclusive>
   no
  </exclusive>
  <sporty>
   no
  </sporty>
 </clothing>
 <clothing>
  <id>
   926569155
  </id>
  <name>
   Reebok Sweater P-1397
  </name>
  <category>
   Sweater
  </category>
  <size>
   L
  </size>
  <color>
   Фиолетовый
  </color>
  <material>
   Хлопок
  </material>
  <price>
   869943
  </price>
  <rating>
   4.36
  </rating>
  <reviews>
   174014
  </reviews>
  <new>
   -
  </new>
  <sporty>
   yes
  </sporty>
 </clothing>
 <clothing>
  <id>
   603980085
  </id>
  <name>
   Addidas Sweater Q-4440
  </name>
  <category>
   Sweater
  </category>
  <size>
   XXL
  </size>
  <color>
   Фиолетовый
  </color>
  <material>
   Вискоза
  </material>
  <price>
   521941
  </price>
  <rating>
   4.57
  </rating>
  <reviews>
   616816
  </reviews>
  <exclusive>
   no
  </exclusive>
 </clothing>
 <clothing>
  <id>
   175253926
  </id>
  <name>
   Addidas Jeans E-9180
  </name>
  <category>
   Jeans
  </category>
  <size>
   S
  </size>
  <color>
   Голубой
  </color>
  <material>
   Шелк
  </material>
  <price>
   246176
  </price>
  <rating>
   4.73
  </rating>
  <reviews>
   243943
  </reviews>
  <new>
   -
  </new>
  <exclusive>
   no
  </exclusive>
 </clothing>
</clothing-items>
