<?xml version="1.0" encoding="utf-8"?>
<clothing-items>
 <clothing>
  <id>
   337023986
  </id>
  <name>
   Fila Belts G-5396
  </name>
  <category>
   Belts
  </category>
  <size>
   S
  </size>
  <color>
   Желтый
  </color>
  <material>
   Полиэстер
  </material>
  <price>
   176450
  </price>
  <rating>
   4.34
  </rating>
  <reviews>
   785968
  </reviews>
  <exclusive>
   no
  </exclusive>
  <sporty>
   yes
  </sporty>
 </clothing>
 <clothing>
  <id>
   131774167
  </id>
  <name>
   Nike Jeans D-1233
  </name>
  <category>
   Jeans
  </category>
  <size>
   XL
  </size>
  <color>
   Красный
  </color>
  <material>
   Вискоза
  </material>
  <price>
   751011
  </price>
  <rating>
   1.58
  </rating>
  <reviews>
   22966
  </reviews>
  <new>
   +
  </new>
  <sporty>
   no
  </sporty>
 </clothing>
 <clothing>
  <id>
   381098283
  </id>
  <name>
   Vans Skirt F-6522
  </name>
  <category>
   Skirt
  </category>
  <size>
   M
  </size>
  <color>
   Красный
  </color>
  <material>
   Лен
  </material>
  <price>
   507660
  </price>
  <rating>
   4.41
  </rating>
  <reviews>
   58941
  </reviews>
  <sporty>
   yes
  </sporty>
 </clothing>
 <clothing>
  <id>
   758305797
  </id>
  <name>
   Nike Sweater N-9278
  </name>
  <category>
   Sweater
  </category>
  <size>
   XXL
  </size>
  <color>
   Голубой
  </color>
  <material>
   Хлопок
  </material>
  <price>
   295692
  </price>
  <rating>
   1.46
  </rating>
  <reviews>
   73033
  </reviews>
  <new>
   -
  </new>
  <exclusive>
   no
  </exclusive>
  <sporty>
   no
  </sporty>
 </clothing>
 <clothing>
  <id>
   598293436
  </id>
  <name>
   Vans Jeans Y-3281
  </name>
  <category>
   Jeans
  </category>
  <size>
   L
  </size>
  <color>
   Оранжевый
  </color>
  <material>
   Кожа
  </material>
  <price>
   133703
  </price>
  <rating>
   2.56
  </rating>
  <reviews>
   307641
  </reviews>
  <exclusive>
   yes
  </exclusive>
 </clothing>
 <clothing>
  <id>
   699359802
  </id>
  <name>
   Addidas Handbags U-9738
  </name>
  <category>
   Handbags
  </category>
  <size>
   XXL
  </size>
  <color>
   Оранжевый
  </color>
  <material>
   Шерсть
  </material>
  <price>
   540983
  </price>
  <rating>
   2.95
  </rating>
  <reviews>
   419681
  </reviews>
  <exclusive>
   yes
  </exclusive>
  <sporty>
   yes
  </sporty>
 </clothing>
 <clothing>
  <id>
   494079527
  </id>
  <name>
   Vans Skirt M-5710
  </name>
  <category>
   Skirt
  </category>
  <size>
   S
  </size>
  <color>
   Красный
  </color>
  <material>
   Кожа
  </material>
  <price>
   507260
  </price>
  <rating>
   3.11
  </rating>
  <reviews>
   931079
  </reviews>
  <new>
   -
  </new>
  <sporty>
   no
  </sporty>
 </clothing>
 <clothing>
  <id>
   812131653
  </id>
  <name>
   Nike Sweater F-8983
  </name>
  <category>
   Sweater
  </category>
  <size>
   XL
  </size>
  <color>
   Желтый
  </color>
  <material>
   Кожа
  </material>
  <price>
   953697
  </price>
  <rating>
   3.12
  </rating>
  <reviews>
   41343
  </reviews>
  <new>
   -
  </new>
  <exclusive>
   no
  </exclusive>
  <sporty>
   no
  </sporty>
 </clothing>
 <clothing>
  <id>
   490738838
  </id>
  <name>
   Reebok Handbags X-9429
  </name>
  <category>
   Handbags
  </category>
  <size>
   L
  </size>
  <color>
   Синий
  </color>
  <material>
   Шелк
  </material>
  <price>
   243022
  </price>
  <rating>
   3.09
  </rating>
  <reviews>
   880091
  </reviews>
  <new>
   -
  </new>
  <exclusive>
   yes
  </exclusive>
  <sporty>
   yes
  </sporty>
 </clothing>
 <clothing>
  <id>
   315068074
  </id>
  <name>
   DC Socks R-5950
  </name>
  <category>
   Socks
  </category>
  <size>
   XL
  </size>
  <color>
   Желтый
  </color>
  <material>
   Кожа
  </material>
  <price>
   275688
  </price>
  <rating>
   2.53
  </rating>
  <reviews>
   303547
  </reviews>
  <exclusive>
   yes
  </exclusive>
  <sporty>
   no
  </sporty>
 </clothing>
 <clothing>
  <id>
   526611823
  </id>
  <name>
   Brooks Gloves N-6230
  </name>
  <category>
   Gloves
  </category>
  <size>
   XXL
  </size>
  <color>
   Синий
  </color>
  <material>
   Полиэстер
  </material>
  <price>
   772082
  </price>
  <rating>
   3.35
  </rating>
  <reviews>
   246146
  </reviews>
  <new>
   -
  </new>
  <exclusive>
   no
  </exclusive>
  <sporty>
   yes
  </sporty>
 </clothing>
 <clothing>
  <id>
   980458905
  </id>
  <name>
   Adidas Shoes Y-3687
  </name>
  <category>
   Shoes
  </category>
  <size>
   S
  </size>
  <color>
   Оранжевый
  </color>
  <material>
   Кожа
  </material>
  <price>
   864752
  </price>
  <rating>
   4.19
  </rating>
  <reviews>
   79558
  </reviews>
 </clothing>
 <clothing>
  <id>
   175451416
  </id>
  <name>
   Nike Belts K-2997
  </name>
  <category>
   Belts
  </category>
  <size>
   M
  </size>
  <color>
   Зеленый
  </color>
  <material>
   Лен
  </material>
  <price>
   646721
  </price>
  <rating>
   3.77
  </rating>
  <reviews>
   758054
  </reviews>
  <new>
   -
  </new>
  <exclusive>
   yes
  </exclusive>
 </clothing>
 <clothing>
  <id>
   874707208
  </id>
  <name>
   Converse Skirt D-9883
  </name>
  <category>
   Skirt
  </category>
  <size>
   L
  </size>
  <color>
   Фиолетовый
  </color>
  <material>
   Лен
  </material>
  <price>
   503641
  </price>
  <rating>
   1.69
  </rating>
  <reviews>
   457954
  </reviews>
  <new>
   -
  </new>
  <sporty>
   no
  </sporty>
 </clothing>
 <clothing>
  <id>
   827459350
  </id>
  <name>
   Addidas Jacket G-4762
  </name>
  <category>
   Jacket
  </category>
  <size>
   S
  </size>
  <color>
   Голубой
  </color>
  <material>
   Нейлон
  </material>
  <price>
   336956
  </price>
  <rating>
   3.45
  </rating>
  <reviews>
   800799
  </reviews>
  <sporty>
   no
  </sporty>
 </clothing>
 <clothing>
  <id>
   276903290
  </id>
  <name>
   New Balance Pants X-4865
  </name>
  <category>
   Pants
  </category>
  <size>
   XL
  </size>
  <color>
   Фиолетовый
  </color>
  <material>
   Лен
  </material>
  <price>
   881578
  </price>
  <rating>
   3.38
  </rating>
  <reviews>
   372705
  </reviews>
  <new>
   -
  </new>
  <exclusive>
   yes
  </exclusive>
  <sporty>
   no
  </sporty>
 </clothing>
 <clothing>
  <id>
   959829278
  </id>
  <name>
   Ellesse Jacket A-5729
  </name>
  <category>
   Jacket
  </category>
  <size>
   XL
  </size>
  <color>
   Голубой
  </color>
  <material>
   Нейлон
  </material>
  <price>
   373178
  </price>
  <rating>
   3.57
  </rating>
  <reviews>
   978150
  </reviews>
  <new>
   -
  </new>
  <exclusive>
   yes
  </exclusive>
 </clothing>
 <clothing>
  <id>
   922017217
  </id>
  <name>
   Ellesse Shirt P-8799
  </name>
  <category>
   Shirt
  </category>
  <size>
   L
  </size>
  <color>
   Красный
  </color>
  <material>
   Шерсть
  </material>
  <price>
   167479
  </price>
  <rating>
   4.62
  </rating>
  <reviews>
   92392
  </reviews>
  <sporty>
   no
  </sporty>
 </clothing>
 <clothing>
  <id>
   962972221
  </id>
  <name>
   Fila Blouse Z-3067
  </name>
  <category>
   Blouse
  </category>
  <size>
   S
  </size>
  <color>
   Красный
  </color>
  <material>
   Кожа
  </material>
  <price>
   448236
  </price>
  <rating>
   1.25
  </rating>
  <reviews>
   436629
  </reviews>
  <exclusive>
   yes
  </exclusive>
 </clothing>
 <clothing>
  <id>
   748467579
  </id>
  <name>
   Adidas Blouse C-9269
  </name>
  <category>
   Blouse
  </category>
  <size>
   S
  </size>
  <color>
   Синий
  </color>
  <material>
   Вискоза
  </material>
  <price>
   219638
  </price>
  <rating>
   3.13
  </rating>
  <reviews>
   192594
  </reviews>
  <new>
   +
  </new>
  <exclusive>
   no
  </exclusive>
  <sporty>
   no
  </sporty>
 </clothing>
 <clothing>
  <id>
   589640866
  </id>
  <name>
   Addidas T-shirt Q-6620
  </name>
  <category>
   T-shirt
  </category>
  <size>
   XXL
  </size>
  <color>
   Желтый
  </color>
  <material>
   Шерсть
  </material>
  <price>
   299838
  </price>
  <rating>
   1.56
  </rating>
  <reviews>
   521533
  </reviews>
  <exclusive>
   no
  </exclusive>
  <sporty>
   yes
  </sporty>
 </clothing>
 <clothing>
  <id>
   408345259
  </id>
  <name>
   Lacoste Blouse S-2089
  </name>
  <category>
   Blouse
  </category>
  <size>
   M
  </size>
  <color>
   Голубой
  </color>
  <material>
   Кожа
  </material>
  <price>
   606840
  </price>
  <rating>
   1.84
  </rating>
  <reviews>
   49093
  </reviews>
  <exclusive>
   no
  </exclusive>
  <sporty>
   yes
  </sporty>
 </clothing>
 <clothing>
  <id>
   454725847
  </id>
  <name>
   Addidas Jacket J-4218
  </name>
  <category>
   Jacket
  </category>
  <size>
   S
  </size>
  <color>
   Синий
  </color>
  <material>
   Вискоза
  </material>
  <price>
   105015
  </price>
  <rating>
   2.24
  </rating>
  <reviews>
   70723
  </reviews>
  <exclusive>
   no
  </exclusive>
 </clothing>
 <clothing>
  <id>
   271197960
  </id>
  <name>
   Addidas Pants W-7976
  </name>
  <category>
   Pants
  </category>
  <size>
   L
  </size>
  <color>
   Голубой
  </color>
  <material>
   Хлопок
  </material>
  <price>
   787945
  </price>
  <rating>
   3.01
  </rating>
  <reviews>
   672620
  </reviews>
  <new>
   +
  </new>
  <exclusive>
   yes
  </exclusive>
 </clothing>
 <clothing>
  <id>
   221502337
  </id>
  <name>
   PleinSport Hat M-4155
  </name>
  <category>
   Hat
  </category>
  <size>
   XL
  </size>
  <color>
   Фиолетовый
  </color>
  <material>
   Лен
  </material>
  <price>
   734564
  </price>
  <rating>
   2.98
  </rating>
  <reviews>
   835317
  </reviews>
  <new>
   -
  </new>
  <sporty>
   no
  </sporty>
 </clothing>
 <clothing>
  <id>
   873092997
  </id>
  <name>
   Converse Sweater U-5848
  </name>
  <category>
   Sweater
  </category>
  <size>
   S
  </size>
  <color>
   Голубой
  </color>
  <material>
   Полиэстер
  </material>
  <price>
   703602
  </price>
  <rating>
   4.82
  </rating>
  <reviews>
   12789
  </reviews>
  <exclusive>
   yes
  </exclusive>
  <sporty>
   yes
  </sporty>
 </clothing>
 <clothing>
  <id>
   371316211
  </id>
  <name>
   Lacoste Shirt U-9970
  </name>
  <category>
   Shirt
  </category>
  <size>
   S
  </size>
  <color>
   Голубой
  </color>
  <material>
   Шерсть
  </material>
  <price>
   280869
  </price>
  <rating>
   3.57
  </rating>
  <reviews>
   163185
  </reviews>
  <new>
   +
  </new>
 </clothing>
 <clothing>
  <id>
   298065203
  </id>
  <name>
   Adidas Shirt E-3472
  </name>
  <category>
   Shirt
  </category>
  <size>
   XXL
  </size>
  <color>
   Синий
  </color>
  <material>
   Нейлон
  </material>
  <price>
   729968
  </price>
  <rating>
   1.71
  </rating>
  <reviews>
   110022
  </reviews>
  <new>
   -
  </new>
  <exclusive>
   no
  </exclusive>
 </clothing>
 <clothing>
  <id>
   208356862
  </id>
  <name>
   Asics Jeans C-7957
  </name>
  <category>
   Jeans
  </category>
  <size>
   L
  </size>
  <color>
   Зеленый
  </color>
  <material>
   Шерсть
  </material>
  <price>
   452026
  </price>
  <rating>
   2.76
  </rating>
  <reviews>
   899942
  </reviews>
  <new>
   +
  </new>
 </clothing>
</clothing-items>
