<?xml version="1.0" encoding="utf-8"?>
<clothing-items>
 <clothing>
  <id>
   193490249
  </id>
  <name>
   Lacoste Handbags J-6601
  </name>
  <category>
   Handbags
  </category>
  <size>
   M
  </size>
  <color>
   Синий
  </color>
  <material>
   Полиэстер
  </material>
  <price>
   355203
  </price>
  <rating>
   3.16
  </rating>
  <reviews>
   403037
  </reviews>
  <new>
   -
  </new>
 </clothing>
 <clothing>
  <id>
   762542149
  </id>
  <name>
   DC Umbrellas M-2023
  </name>
  <category>
   Umbrellas
  </category>
  <size>
   L
  </size>
  <color>
   Красный
  </color>
  <material>
   Лен
  </material>
  <price>
   649366
  </price>
  <rating>
   4.41
  </rating>
  <reviews>
   696355
  </reviews>
 </clothing>
 <clothing>
  <id>
   304200248
  </id>
  <name>
   Addidas Gloves R-1816
  </name>
  <category>
   Gloves
  </category>
  <size>
   XL
  </size>
  <color>
   Фиолетовый
  </color>
  <material>
   Полиэстер
  </material>
  <price>
   242826
  </price>
  <rating>
   4.1
  </rating>
  <reviews>
   668004
  </reviews>
 </clothing>
 <clothing>
  <id>
   592121112
  </id>
  <name>
   Asics Shirt R-9277
  </name>
  <category>
   Shirt
  </category>
  <size>
   XXL
  </size>
  <color>
   Оранжевый
  </color>
  <material>
   Шелк
  </material>
  <price>
   572055
  </price>
  <rating>
   4.55
  </rating>
  <reviews>
   90045
  </reviews>
  <new>
   -
  </new>
  <exclusive>
   no
  </exclusive>
  <sporty>
   no
  </sporty>
 </clothing>
 <clothing>
  <id>
   580603282
  </id>
  <name>
   Converse Shirt W-6095
  </name>
  <category>
   Shirt
  </category>
  <size>
   L
  </size>
  <color>
   Желтый
  </color>
  <material>
   Шелк
  </material>
  <price>
   719505
  </price>
  <rating>
   4.98
  </rating>
  <reviews>
   150798
  </reviews>
  <new>
   +
  </new>
 </clothing>
 <clothing>
  <id>
   719019602
  </id>
  <name>
   Addidas Shirt X-3329
  </name>
  <category>
   Shirt
  </category>
  <size>
   XXL
  </size>
  <color>
   Желтый
  </color>
  <material>
   Шелк
  </material>
  <price>
   622464
  </price>
  <rating>
   1.67
  </rating>
  <reviews>
   722402
  </reviews>
  <exclusive>
   yes
  </exclusive>
 </clothing>
 <clothing>
  <id>
   623427625
  </id>
  <name>
   Reebok Jeans R-5200
  </name>
  <category>
   Jeans
  </category>
  <size>
   XXL
  </size>
  <color>
   Красный
  </color>
  <material>
   Лен
  </material>
  <price>
   665070
  </price>
  <rating>
   4.64
  </rating>
  <reviews>
   809922
  </reviews>
  <new>
   -
  </new>
  <exclusive>
   yes
  </exclusive>
  <sporty>
   no
  </sporty>
 </clothing>
 <clothing>
  <id>
   271712045
  </id>
  <name>
   Fila Umbrellas J-7651
  </name>
  <category>
   Umbrellas
  </category>
  <size>
   L
  </size>
  <color>
   Оранжевый
  </color>
  <material>
   Полиэстер
  </material>
  <price>
   392284
  </price>
  <rating>
   2.58
  </rating>
  <reviews>
   3943
  </reviews>
  <new>
   -
  </new>
  <exclusive>
   yes
  </exclusive>
  <sporty>
   no
  </sporty>
 </clothing>
 <clothing>
  <id>
   600573548
  </id>
  <name>
   Adidas T-shirt K-1344
  </name>
  <category>
   T-shirt
  </category>
  <size>
   S
  </size>
  <color>
   Зеленый
  </color>
  <material>
   Хлопок
  </material>
  <price>
   352700
  </price>
  <rating>
   4.33
  </rating>
  <reviews>
   909804
  </reviews>
  <exclusive>
   no
  </exclusive>
  <sporty>
   no
  </sporty>
 </clothing>
 <clothing>
  <id>
   863285292
  </id>
  <name>
   Reebok T-shirt N-9702
  </name>
  <category>
   T-shirt
  </category>
  <size>
   M
  </size>
  <color>
   Фиолетовый
  </color>
  <material>
   Шелк
  </material>
  <price>
   638638
  </price>
  <rating>
   1.67
  </rating>
  <reviews>
   399545
  </reviews>
  <sporty>
   no
  </sporty>
 </clothing>
 <clothing>
  <id>
   618818628
  </id>
  <name>
   Vans Dress Y-1728
  </name>
  <category>
   Dress
  </category>
  <size>
   XL
  </size>
  <color>
   Красный
  </color>
  <material>
   Лен
  </material>
  <price>
   348839
  </price>
  <rating>
   4.45
  </rating>
  <reviews>
   736273
  </reviews>
  <sporty>
   no
  </sporty>
 </clothing>
 <clothing>
  <id>
   276858355
  </id>
  <name>
   Nike Belts I-6967
  </name>
  <category>
   Belts
  </category>
  <size>
   L
  </size>
  <color>
   Синий
  </color>
  <material>
   Вискоза
  </material>
  <price>
   506214
  </price>
  <rating>
   3.2
  </rating>
  <reviews>
   461261
  </reviews>
  <new>
   +
  </new>
  <sporty>
   yes
  </sporty>
 </clothing>
 <clothing>
  <id>
   265476636
  </id>
  <name>
   Adidas Jeans G-6631
  </name>
  <category>
   Jeans
  </category>
  <size>
   XXL
  </size>
  <color>
   Фиолетовый
  </color>
  <material>
   Полиэстер
  </material>
  <price>
   703061
  </price>
  <rating>
   4.72
  </rating>
  <reviews>
   656059
  </reviews>
  <new>
   -
  </new>
  <sporty>
   no
  </sporty>
 </clothing>
 <clothing>
  <id>
   315629379
  </id>
  <name>
   Nike Dress Z-5338
  </name>
  <category>
   Dress
  </category>
  <size>
   L
  </size>
  <color>
   Оранжевый
  </color>
  <material>
   Лен
  </material>
  <price>
   186898
  </price>
  <rating>
   2.92
  </rating>
  <reviews>
   822187
  </reviews>
  <new>
   -
  </new>
  <sporty>
   no
  </sporty>
 </clothing>
 <clothing>
  <id>
   507449504
  </id>
  <name>
   Under Armour Umbrellas K-6810
  </name>
  <category>
   Umbrellas
  </category>
  <size>
   M
  </size>
  <color>
   Фиолетовый
  </color>
  <material>
   Нейлон
  </material>
  <price>
   136655
  </price>
  <rating>
   4.86
  </rating>
  <reviews>
   451557
  </reviews>
  <exclusive>
   yes
  </exclusive>
 </clothing>
 <clothing>
  <id>
   692477715
  </id>
  <name>
   Under Armour Skirt P-2210
  </name>
  <category>
   Skirt
  </category>
  <size>
   XXL
  </size>
  <color>
   Оранжевый
  </color>
  <material>
   Вискоза
  </material>
  <price>
   358734
  </price>
  <rating>
   2.9
  </rating>
  <reviews>
   606510
  </reviews>
  <new>
   -
  </new>
 </clothing>
 <clothing>
  <id>
   852823402
  </id>
  <name>
   PleinSport Skirt W-7847
  </name>
  <category>
   Skirt
  </category>
  <size>
   XXL
  </size>
  <color>
   Фиолетовый
  </color>
  <material>
   Шерсть
  </material>
  <price>
   946303
  </price>
  <rating>
   2.23
  </rating>
  <reviews>
   156706
  </reviews>
  <new>
   -
  </new>
  <sporty>
   no
  </sporty>
 </clothing>
 <clothing>
  <id>
   888006588
  </id>
  <name>
   Converse Dress Z-3026
  </name>
  <category>
   Dress
  </category>
  <size>
   S
  </size>
  <color>
   Желтый
  </color>
  <material>
   Кожа
  </material>
  <price>
   576360
  </price>
  <rating>
   2.99
  </rating>
  <reviews>
   390128
  </reviews>
  <new>
   -
  </new>
  <exclusive>
   no
  </exclusive>
  <sporty>
   no
  </sporty>
 </clothing>
 <clothing>
  <id>
   650263248
  </id>
  <name>
   Asics T-shirt M-3788
  </name>
  <category>
   T-shirt
  </category>
  <size>
   L
  </size>
  <color>
   Голубой
  </color>
  <material>
   Шелк
  </material>
  <price>
   887357
  </price>
  <rating>
   4.44
  </rating>
  <reviews>
   37466
  </reviews>
  <new>
   -
  </new>
  <exclusive>
   no
  </exclusive>
 </clothing>
 <clothing>
  <id>
   838616412
  </id>
  <name>
   Fila Jacket K-1547
  </name>
  <category>
   Jacket
  </category>
  <size>
   XL
  </size>
  <color>
   Желтый
  </color>
  <material>
   Шелк
  </material>
  <price>
   170507
  </price>
  <rating>
   2.8
  </rating>
  <reviews>
   780001
  </reviews>
  <new>
   -
  </new>
  <exclusive>
   no
  </exclusive>
  <sporty>
   no
  </sporty>
 </clothing>
 <clothing>
  <id>
   211528532
  </id>
  <name>
   Lacoste Socks T-5751
  </name>
  <category>
   Socks
  </category>
  <size>
   S
  </size>
  <color>
   Синий
  </color>
  <material>
   Шелк
  </material>
  <price>
   707910
  </price>
  <rating>
   4.35
  </rating>
  <reviews>
   236226
  </reviews>
  <exclusive>
   no
  </exclusive>
 </clothing>
 <clothing>
  <id>
   186868944
  </id>
  <name>
   Under Armour Umbrellas E-8504
  </name>
  <category>
   Umbrellas
  </category>
  <size>
   M
  </size>
  <color>
   Желтый
  </color>
  <material>
   Нейлон
  </material>
  <price>
   388515
  </price>
  <rating>
   1.16
  </rating>
  <reviews>
   746191
  </reviews>
  <new>
   +
  </new>
  <sporty>
   yes
  </sporty>
 </clothing>
 <clothing>
  <id>
   915460144
  </id>
  <name>
   Adidas Skirt J-4601
  </name>
  <category>
   Skirt
  </category>
  <size>
   S
  </size>
  <color>
   Желтый
  </color>
  <material>
   Лен
  </material>
  <price>
   425805
  </price>
  <rating>
   1.41
  </rating>
  <reviews>
   160497
  </reviews>
 </clothing>
 <clothing>
  <id>
   521203046
  </id>
  <name>
   DC Hat Z-3075
  </name>
  <category>
   Hat
  </category>
  <size>
   XXL
  </size>
  <color>
   Красный
  </color>
  <material>
   Кожа
  </material>
  <price>
   914296
  </price>
  <rating>
   1.28
  </rating>
  <reviews>
   364288
  </reviews>
  <sporty>
   no
  </sporty>
 </clothing>
 <clothing>
  <id>
   378655493
  </id>
  <name>
   Reebok Umbrellas B-7283
  </name>
  <category>
   Umbrellas
  </category>
  <size>
   XXL
  </size>
  <color>
   Синий
  </color>
  <material>
   Хлопок
  </material>
  <price>
   796133
  </price>
  <rating>
   1.88
  </rating>
  <reviews>
   623174
  </reviews>
  <exclusive>
   no
  </exclusive>
  <sporty>
   no
  </sporty>
 </clothing>
 <clothing>
  <id>
   702218419
  </id>
  <name>
   Brooks Jacket E-1651
  </name>
  <category>
   Jacket
  </category>
  <size>
   XXL
  </size>
  <color>
   Фиолетовый
  </color>
  <material>
   Хлопок
  </material>
  <price>
   257715
  </price>
  <rating>
   1.26
  </rating>
  <reviews>
   841565
  </reviews>
  <new>
   +
  </new>
 </clothing>
 <clothing>
  <id>
   544613674
  </id>
  <name>
   Brooks Skirt O-7250
  </name>
  <category>
   Skirt
  </category>
  <size>
   M
  </size>
  <color>
   Красный
  </color>
  <material>
   Хлопок
  </material>
  <price>
   497301
  </price>
  <rating>
   3.22
  </rating>
  <reviews>
   85089
  </reviews>
  <new>
   -
  </new>
  <sporty>
   no
  </sporty>
 </clothing>
</clothing-items>
