<?xml version="1.0" encoding="utf-8"?>
<clothing-items>
 <clothing>
  <id>
   972036824
  </id>
  <name>
   Nike Jacket R-9286
  </name>
  <category>
   Jacket
  </category>
  <size>
   XL
  </size>
  <color>
   Синий
  </color>
  <material>
   Нейлон
  </material>
  <price>
   977151
  </price>
  <rating>
   3.95
  </rating>
  <reviews>
   515809
  </reviews>
  <exclusive>
   no
  </exclusive>
 </clothing>
 <clothing>
  <id>
   818870963
  </id>
  <name>
   New Balance Belts A-5693
  </name>
  <category>
   Belts
  </category>
  <size>
   S
  </size>
  <color>
   Голубой
  </color>
  <material>
   Шелк
  </material>
  <price>
   858210
  </price>
  <rating>
   4.98
  </rating>
  <reviews>
   181934
  </reviews>
  <new>
   -
  </new>
  <exclusive>
   no
  </exclusive>
 </clothing>
 <clothing>
  <id>
   657732865
  </id>
  <name>
   DC Dress M-5897
  </name>
  <category>
   Dress
  </category>
  <size>
   XXL
  </size>
  <color>
   Фиолетовый
  </color>
  <material>
   Полиэстер
  </material>
  <price>
   699575
  </price>
  <rating>
   1.33
  </rating>
  <reviews>
   183573
  </reviews>
  <new>
   -
  </new>
  <sporty>
   yes
  </sporty>
 </clothing>
 <clothing>
  <id>
   909838053
  </id>
  <name>
   Puma Pants U-5516
  </name>
  <category>
   Pants
  </category>
  <size>
   M
  </size>
  <color>
   Красный
  </color>
  <material>
   Шерсть
  </material>
  <price>
   117513
  </price>
  <rating>
   3.56
  </rating>
  <reviews>
   313869
  </reviews>
  <sporty>
   no
  </sporty>
 </clothing>
 <clothing>
  <id>
   763394874
  </id>
  <name>
   Under Armour Gloves U-7739
  </name>
  <category>
   Gloves
  </category>
  <size>
   S
  </size>
  <color>
   Красный
  </color>
  <material>
   Шелк
  </material>
  <price>
   958767
  </price>
  <rating>
   1.64
  </rating>
  <reviews>
   566956
  </reviews>
  <new>
   -
  </new>
  <exclusive>
   no
  </exclusive>
  <sporty>
   no
  </sporty>
 </clothing>
 <clothing>
  <id>
   248587631
  </id>
  <name>
   Asics Sweater T-4642
  </name>
  <category>
   Sweater
  </category>
  <size>
   L
  </size>
  <color>
   Голубой
  </color>
  <material>
   Шерсть
  </material>
  <price>
   445601
  </price>
  <rating>
   3.49
  </rating>
  <reviews>
   460585
  </reviews>
  <sporty>
   yes
  </sporty>
 </clothing>
 <clothing>
  <id>
   363709216
  </id>
  <name>
   Addidas Skirt O-7110
  </name>
  <category>
   Skirt
  </category>
  <size>
   XXL
  </size>
  <color>
   Оранжевый
  </color>
  <material>
   Нейлон
  </material>
  <price>
   461011
  </price>
  <rating>
   3.63
  </rating>
  <reviews>
   795891
  </reviews>
  <exclusive>
   no
  </exclusive>
  <sporty>
   yes
  </sporty>
 </clothing>
 <clothing>
  <id>
   286948481
  </id>
  <name>
   PleinSport Belts E-2733
  </name>
  <category>
   Belts
  </category>
  <size>
   M
  </size>
  <color>
   Оранжевый
  </color>
  <material>
   Нейлон
  </material>
  <price>
   325330
  </price>
  <rating>
   2.89
  </rating>
  <reviews>
   648040
  </reviews>
  <new>
   +
  </new>
  <exclusive>
   yes
  </exclusive>
  <sporty>
   no
  </sporty>
 </clothing>
 <clothing>
  <id>
   309837711
  </id>
  <name>
   Adidas Handbags H-4969
  </name>
  <category>
   Handbags
  </category>
  <size>
   M
  </size>
  <color>
   Голубой
  </color>
  <material>
   Нейлон
  </material>
  <price>
   296032
  </price>
  <rating>
   4.0
  </rating>
  <reviews>
   975831
  </reviews>
  <new>
   +
  </new>
  <sporty>
   no
  </sporty>
 </clothing>
 <clothing>
  <id>
   929046371
  </id>
  <name>
   Vans Jeans M-8041
  </name>
  <category>
   Jeans
  </category>
  <size>
   S
  </size>
  <color>
   Красный
  </color>
  <material>
   Хлопок
  </material>
  <price>
   647516
  </price>
  <rating>
   1.96
  </rating>
  <reviews>
   493600
  </reviews>
  <new>
   +
  </new>
  <exclusive>
   yes
  </exclusive>
 </clothing>
 <clothing>
  <id>
   604839498
  </id>
  <name>
   DC Jeans T-2683
  </name>
  <category>
   Jeans
  </category>
  <size>
   L
  </size>
  <color>
   Зеленый
  </color>
  <material>
   Вискоза
  </material>
  <price>
   538981
  </price>
  <rating>
   4.73
  </rating>
  <reviews>
   616750
  </reviews>
  <new>
   -
  </new>
  <exclusive>
   yes
  </exclusive>
 </clothing>
 <clothing>
  <id>
   401028404
  </id>
  <name>
   Puma Belts K-7008
  </name>
  <category>
   Belts
  </category>
  <size>
   S
  </size>
  <color>
   Красный
  </color>
  <material>
   Кожа
  </material>
  <price>
   855413
  </price>
  <rating>
   2.28
  </rating>
  <reviews>
   966413
  </reviews>
  <exclusive>
   yes
  </exclusive>
  <sporty>
   no
  </sporty>
 </clothing>
 <clothing>
  <id>
   153823180
  </id>
  <name>
   Under Armour Shirt F-8018
  </name>
  <category>
   Shirt
  </category>
  <size>
   S
  </size>
  <color>
   Синий
  </color>
  <material>
   Лен
  </material>
  <price>
   761778
  </price>
  <rating>
   3.23
  </rating>
  <reviews>
   404324
  </reviews>
  <sporty>
   no
  </sporty>
 </clothing>
 <clothing>
  <id>
   827404926
  </id>
  <name>
   Brooks Sweater F-7633
  </name>
  <category>
   Sweater
  </category>
  <size>
   XXL
  </size>
  <color>
   Красный
  </color>
  <material>
   Шерсть
  </material>
  <price>
   489311
  </price>
  <rating>
   3.41
  </rating>
  <reviews>
   866322
  </reviews>
  <new>
   +
  </new>
  <exclusive>
   no
  </exclusive>
 </clothing>
 <clothing>
  <id>
   557211964
  </id>
  <name>
   PleinSport T-shirt X-1048
  </name>
  <category>
   T-shirt
  </category>
  <size>
   XL
  </size>
  <color>
   Оранжевый
  </color>
  <material>
   Вискоза
  </material>
  <price>
   271587
  </price>
  <rating>
   3.55
  </rating>
  <reviews>
   419996
  </reviews>
  <new>
   -
  </new>
  <exclusive>
   yes
  </exclusive>
  <sporty>
   no
  </sporty>
 </clothing>
</clothing-items>
