<?xml version="1.0" encoding="utf-8"?>
<clothing-items>
 <clothing>
  <id>
   401828587
  </id>
  <name>
   PleinSport Shoes I-3279
  </name>
  <category>
   Shoes
  </category>
  <size>
   L
  </size>
  <color>
   Зеленый
  </color>
  <material>
   Шерсть
  </material>
  <price>
   937454
  </price>
  <rating>
   3.63
  </rating>
  <reviews>
   224552
  </reviews>
  <new>
   +
  </new>
  <exclusive>
   no
  </exclusive>
  <sporty>
   no
  </sporty>
 </clothing>
 <clothing>
  <id>
   827327437
  </id>
  <name>
   Nike Jacket L-7118
  </name>
  <category>
   Jacket
  </category>
  <size>
   M
  </size>
  <color>
   Зеленый
  </color>
  <material>
   Лен
  </material>
  <price>
   928455
  </price>
  <rating>
   3.14
  </rating>
  <reviews>
   218309
  </reviews>
  <new>
   -
  </new>
  <sporty>
   no
  </sporty>
 </clothing>
 <clothing>
  <id>
   642570123
  </id>
  <name>
   Addidas Belts P-4063
  </name>
  <category>
   Belts
  </category>
  <size>
   L
  </size>
  <color>
   Красный
  </color>
  <material>
   Вискоза
  </material>
  <price>
   396939
  </price>
  <rating>
   4.4
  </rating>
  <reviews>
   823583
  </reviews>
  <exclusive>
   yes
  </exclusive>
  <sporty>
   no
  </sporty>
 </clothing>
 <clothing>
  <id>
   876119721
  </id>
  <name>
   Reebok Shirt V-1836
  </name>
  <category>
   Shirt
  </category>
  <size>
   L
  </size>
  <color>
   Голубой
  </color>
  <material>
   Кожа
  </material>
  <price>
   466750
  </price>
  <rating>
   2.18
  </rating>
  <reviews>
   935200
  </reviews>
  <new>
   -
  </new>
  <exclusive>
   no
  </exclusive>
 </clothing>
 <clothing>
  <id>
   796467379
  </id>
  <name>
   Asics Handbags W-5226
  </name>
  <category>
   Handbags
  </category>
  <size>
   M
  </size>
  <color>
   Оранжевый
  </color>
  <material>
   Вискоза
  </material>
  <price>
   575621
  </price>
  <rating>
   3.21
  </rating>
  <reviews>
   227700
  </reviews>
 </clothing>
 <clothing>
  <id>
   143999633
  </id>
  <name>
   Under Armour Umbrellas F-1714
  </name>
  <category>
   Umbrellas
  </category>
  <size>
   M
  </size>
  <color>
   Синий
  </color>
  <material>
   Лен
  </material>
  <price>
   150219
  </price>
  <rating>
   1.2
  </rating>
  <reviews>
   220207
  </reviews>
 </clothing>
 <clothing>
  <id>
   456232686
  </id>
  <name>
   PleinSport Umbrellas R-5966
  </name>
  <category>
   Umbrellas
  </category>
  <size>
   M
  </size>
  <color>
   Желтый
  </color>
  <material>
   Вискоза
  </material>
  <price>
   459905
  </price>
  <rating>
   4.05
  </rating>
  <reviews>
   573101
  </reviews>
  <new>
   -
  </new>
  <exclusive>
   no
  </exclusive>
  <sporty>
   yes
  </sporty>
 </clothing>
 <clothing>
  <id>
   239790963
  </id>
  <name>
   New Balance Skirt A-1637
  </name>
  <category>
   Skirt
  </category>
  <size>
   S
  </size>
  <color>
   Зеленый
  </color>
  <material>
   Вискоза
  </material>
  <price>
   374665
  </price>
  <rating>
   2.74
  </rating>
  <reviews>
   626557
  </reviews>
 </clothing>
 <clothing>
  <id>
   732919399
  </id>
  <name>
   Fila Belts W-4628
  </name>
  <category>
   Belts
  </category>
  <size>
   S
  </size>
  <color>
   Голубой
  </color>
  <material>
   Хлопок
  </material>
  <price>
   795724
  </price>
  <rating>
   1.23
  </rating>
  <reviews>
   311105
  </reviews>
  <sporty>
   no
  </sporty>
 </clothing>
 <clothing>
  <id>
   854094703
  </id>
  <name>
   Ellesse Belts S-3076
  </name>
  <category>
   Belts
  </category>
  <size>
   L
  </size>
  <color>
   Зеленый
  </color>
  <material>
   Шелк
  </material>
  <price>
   384411
  </price>
  <rating>
   3.84
  </rating>
  <reviews>
   226187
  </reviews>
  <new>
   +
  </new>
 </clothing>
 <clothing>
  <id>
   291612996
  </id>
  <name>
   Reebok Dress L-3713
  </name>
  <category>
   Dress
  </category>
  <size>
   XL
  </size>
  <color>
   Фиолетовый
  </color>
  <material>
   Нейлон
  </material>
  <price>
   888842
  </price>
  <rating>
   1.8
  </rating>
  <reviews>
   550046
  </reviews>
  <new>
   -
  </new>
  <exclusive>
   yes
  </exclusive>
  <sporty>
   no
  </sporty>
 </clothing>
 <clothing>
  <id>
   472462850
  </id>
  <name>
   Lacoste Belts L-9732
  </name>
  <category>
   Belts
  </category>
  <size>
   M
  </size>
  <color>
   Желтый
  </color>
  <material>
   Шерсть
  </material>
  <price>
   264185
  </price>
  <rating>
   4.46
  </rating>
  <reviews>
   297226
  </reviews>
  <new>
   -
  </new>
  <exclusive>
   no
  </exclusive>
  <sporty>
   yes
  </sporty>
 </clothing>
 <clothing>
  <id>
   848192161
  </id>
  <name>
   Ellesse Handbags A-4531
  </name>
  <category>
   Handbags
  </category>
  <size>
   XXL
  </size>
  <color>
   Желтый
  </color>
  <material>
   Лен
  </material>
  <price>
   481959
  </price>
  <rating>
   4.63
  </rating>
  <reviews>
   845334
  </reviews>
  <new>
   -
  </new>
 </clothing>
 <clothing>
  <id>
   482754153
  </id>
  <name>
   Converse T-shirt T-2720
  </name>
  <category>
   T-shirt
  </category>
  <size>
   XL
  </size>
  <color>
   Желтый
  </color>
  <material>
   Шерсть
  </material>
  <price>
   541041
  </price>
  <rating>
   3.9
  </rating>
  <reviews>
   276986
  </reviews>
  <new>
   -
  </new>
  <sporty>
   yes
  </sporty>
 </clothing>
 <clothing>
  <id>
   750983370
  </id>
  <name>
   Nike Shoes Z-2220
  </name>
  <category>
   Shoes
  </category>
  <size>
   XL
  </size>
  <color>
   Синий
  </color>
  <material>
   Вискоза
  </material>
  <price>
   509676
  </price>
  <rating>
   1.01
  </rating>
  <reviews>
   962474
  </reviews>
  <new>
   +
  </new>
  <exclusive>
   yes
  </exclusive>
 </clothing>
 <clothing>
  <id>
   437509353
  </id>
  <name>
   Under Armour Sweater G-8565
  </name>
  <category>
   Sweater
  </category>
  <size>
   S
  </size>
  <color>
   Зеленый
  </color>
  <material>
   Лен
  </material>
  <price>
   102176
  </price>
  <rating>
   3.89
  </rating>
  <reviews>
   573889
  </reviews>
  <sporty>
   no
  </sporty>
 </clothing>
 <clothing>
  <id>
   517412450
  </id>
  <name>
   PleinSport Sweater H-7862
  </name>
  <category>
   Sweater
  </category>
  <size>
   S
  </size>
  <color>
   Желтый
  </color>
  <material>
   Кожа
  </material>
  <price>
   832853
  </price>
  <rating>
   2.57
  </rating>
  <reviews>
   627250
  </reviews>
  <new>
   -
  </new>
  <exclusive>
   no
  </exclusive>
  <sporty>
   no
  </sporty>
 </clothing>
 <clothing>
  <id>
   800757742
  </id>
  <name>
   Addidas Skirt O-5909
  </name>
  <category>
   Skirt
  </category>
  <size>
   M
  </size>
  <color>
   Желтый
  </color>
  <material>
   Полиэстер
  </material>
  <price>
   705430
  </price>
  <rating>
   1.91
  </rating>
  <reviews>
   231586
  </reviews>
  <new>
   +
  </new>
  <sporty>
   no
  </sporty>
 </clothing>
 <clothing>
  <id>
   873247495
  </id>
  <name>
   Converse Jacket D-8913
  </name>
  <category>
   Jacket
  </category>
  <size>
   S
  </size>
  <color>
   Синий
  </color>
  <material>
   Вискоза
  </material>
  <price>
   442695
  </price>
  <rating>
   1.23
  </rating>
  <reviews>
   373831
  </reviews>
  <exclusive>
   no
  </exclusive>
  <sporty>
   no
  </sporty>
 </clothing>
 <clothing>
  <id>
   396711766
  </id>
  <name>
   Puma Skirt X-5532
  </name>
  <category>
   Skirt
  </category>
  <size>
   M
  </size>
  <color>
   Зеленый
  </color>
  <material>
   Полиэстер
  </material>
  <price>
   655465
  </price>
  <rating>
   1.1
  </rating>
  <reviews>
   995797
  </reviews>
  <exclusive>
   yes
  </exclusive>
  <sporty>
   yes
  </sporty>
 </clothing>
 <clothing>
  <id>
   802040519
  </id>
  <name>
   Nike Dress Q-9631
  </name>
  <category>
   Dress
  </category>
  <size>
   XL
  </size>
  <color>
   Оранжевый
  </color>
  <material>
   Нейлон
  </material>
  <price>
   562443
  </price>
  <rating>
   2.85
  </rating>
  <reviews>
   89073
  </reviews>
 </clothing>
 <clothing>
  <id>
   843802491
  </id>
  <name>
   Ellesse Gloves K-4683
  </name>
  <category>
   Gloves
  </category>
  <size>
   S
  </size>
  <color>
   Оранжевый
  </color>
  <material>
   Шерсть
  </material>
  <price>
   376870
  </price>
  <rating>
   4.64
  </rating>
  <reviews>
   254971
  </reviews>
  <exclusive>
   no
  </exclusive>
 </clothing>
 <clothing>
  <id>
   553810050
  </id>
  <name>
   New Balance Dress I-8501
  </name>
  <category>
   Dress
  </category>
  <size>
   S
  </size>
  <color>
   Зеленый
  </color>
  <material>
   Вискоза
  </material>
  <price>
   668061
  </price>
  <rating>
   1.28
  </rating>
  <reviews>
   214046
  </reviews>
  <new>
   +
  </new>
  <exclusive>
   no
  </exclusive>
 </clothing>
 <clothing>
  <id>
   982905294
  </id>
  <name>
   Brooks T-shirt W-8246
  </name>
  <category>
   T-shirt
  </category>
  <size>
   M
  </size>
  <color>
   Красный
  </color>
  <material>
   Полиэстер
  </material>
  <price>
   590723
  </price>
  <rating>
   4.97
  </rating>
  <reviews>
   374972
  </reviews>
  <new>
   -
  </new>
  <exclusive>
   yes
  </exclusive>
 </clothing>
 <clothing>
  <id>
   497779621
  </id>
  <name>
   Nike Blouse Y-5711
  </name>
  <category>
   Blouse
  </category>
  <size>
   XL
  </size>
  <color>
   Голубой
  </color>
  <material>
   Лен
  </material>
  <price>
   353044
  </price>
  <rating>
   1.12
  </rating>
  <reviews>
   852395
  </reviews>
  <sporty>
   no
  </sporty>
 </clothing>
</clothing-items>
