<?xml version="1.0" encoding="utf-8"?>
<clothing-items>
 <clothing>
  <id>
   802200122
  </id>
  <name>
   New Balance Gloves L-5602
  </name>
  <category>
   Gloves
  </category>
  <size>
   S
  </size>
  <color>
   Оранжевый
  </color>
  <material>
   Хлопок
  </material>
  <price>
   807819
  </price>
  <rating>
   1.25
  </rating>
  <reviews>
   498988
  </reviews>
  <exclusive>
   yes
  </exclusive>
  <sporty>
   no
  </sporty>
 </clothing>
 <clothing>
  <id>
   228529041
  </id>
  <name>
   Ellesse T-shirt A-7777
  </name>
  <category>
   T-shirt
  </category>
  <size>
   XXL
  </size>
  <color>
   Оранжевый
  </color>
  <material>
   Кожа
  </material>
  <price>
   904500
  </price>
  <rating>
   4.77
  </rating>
  <reviews>
   444438
  </reviews>
  <new>
   +
  </new>
  <exclusive>
   no
  </exclusive>
  <sporty>
   no
  </sporty>
 </clothing>
 <clothing>
  <id>
   832283038
  </id>
  <name>
   Puma Socks I-3079
  </name>
  <category>
   Socks
  </category>
  <size>
   XL
  </size>
  <color>
   Голубой
  </color>
  <material>
   Шерсть
  </material>
  <price>
   731841
  </price>
  <rating>
   2.81
  </rating>
  <reviews>
   232673
  </reviews>
  <new>
   +
  </new>
  <exclusive>
   no
  </exclusive>
  <sporty>
   no
  </sporty>
 </clothing>
 <clothing>
  <id>
   100954384
  </id>
  <name>
   Addidas Pants F-5313
  </name>
  <category>
   Pants
  </category>
  <size>
   M
  </size>
  <color>
   Желтый
  </color>
  <material>
   Полиэстер
  </material>
  <price>
   890542
  </price>
  <rating>
   2.59
  </rating>
  <reviews>
   686520
  </reviews>
  <new>
   -
  </new>
  <exclusive>
   no
  </exclusive>
  <sporty>
   yes
  </sporty>
 </clothing>
 <clothing>
  <id>
   675959465
  </id>
  <name>
   Nike Pants W-4887
  </name>
  <category>
   Pants
  </category>
  <size>
   M
  </size>
  <color>
   Желтый
  </color>
  <material>
   Шерсть
  </material>
  <price>
   774257
  </price>
  <rating>
   2.45
  </rating>
  <reviews>
   194969
  </reviews>
  <new>
   -
  </new>
  <exclusive>
   no
  </exclusive>
  <sporty>
   yes
  </sporty>
 </clothing>
 <clothing>
  <id>
   498591353
  </id>
  <name>
   Puma Hat Z-4758
  </name>
  <category>
   Hat
  </category>
  <size>
   M
  </size>
  <color>
   Зеленый
  </color>
  <material>
   Полиэстер
  </material>
  <price>
   595304
  </price>
  <rating>
   4.42
  </rating>
  <reviews>
   6418
  </reviews>
  <exclusive>
   yes
  </exclusive>
 </clothing>
 <clothing>
  <id>
   248904020
  </id>
  <name>
   Ellesse Jacket E-5173
  </name>
  <category>
   Jacket
  </category>
  <size>
   XXL
  </size>
  <color>
   Оранжевый
  </color>
  <material>
   Шерсть
  </material>
  <price>
   621242
  </price>
  <rating>
   3.94
  </rating>
  <reviews>
   31104
  </reviews>
  <new>
   +
  </new>
  <exclusive>
   no
  </exclusive>
  <sporty>
   yes
  </sporty>
 </clothing>
 <clothing>
  <id>
   948493421
  </id>
  <name>
   Nike Socks L-6773
  </name>
  <category>
   Socks
  </category>
  <size>
   S
  </size>
  <color>
   Голубой
  </color>
  <material>
   Вискоза
  </material>
  <price>
   950621
  </price>
  <rating>
   1.68
  </rating>
  <reviews>
   68267
  </reviews>
 </clothing>
 <clothing>
  <id>
   635242586
  </id>
  <name>
   Asics Dress N-6169
  </name>
  <category>
   Dress
  </category>
  <size>
   M
  </size>
  <color>
   Голубой
  </color>
  <material>
   Кожа
  </material>
  <price>
   271120
  </price>
  <rating>
   3.28
  </rating>
  <reviews>
   366437
  </reviews>
  <new>
   -
  </new>
  <sporty>
   yes
  </sporty>
 </clothing>
 <clothing>
  <id>
   493121933
  </id>
  <name>
   Nike Shoes F-1668
  </name>
  <category>
   Shoes
  </category>
  <size>
   XL
  </size>
  <color>
   Красный
  </color>
  <material>
   Нейлон
  </material>
  <price>
   929130
  </price>
  <rating>
   2.8
  </rating>
  <reviews>
   268758
  </reviews>
  <exclusive>
   no
  </exclusive>
  <sporty>
   no
  </sporty>
 </clothing>
 <clothing>
  <id>
   925359647
  </id>
  <name>
   Addidas Socks L-8475
  </name>
  <category>
   Socks
  </category>
  <size>
   S
  </size>
  <color>
   Оранжевый
  </color>
  <material>
   Полиэстер
  </material>
  <price>
   375639
  </price>
  <rating>
   4.19
  </rating>
  <reviews>
   737001
  </reviews>
  <new>
   -
  </new>
  <sporty>
   yes
  </sporty>
 </clothing>
</clothing-items>
