<?xml version="1.0" encoding="utf-8"?>
<clothing-items>
 <clothing>
  <id>
   704879240
  </id>
  <name>
   Brooks Pants N-6206
  </name>
  <category>
   Pants
  </category>
  <size>
   M
  </size>
  <color>
   Красный
  </color>
  <material>
   Нейлон
  </material>
  <price>
   839289
  </price>
  <rating>
   2.72
  </rating>
  <reviews>
   431373
  </reviews>
  <new>
   +
  </new>
  <exclusive>
   yes
  </exclusive>
  <sporty>
   no
  </sporty>
 </clothing>
 <clothing>
  <id>
   214832979
  </id>
  <name>
   Under Armour Handbags N-8153
  </name>
  <category>
   Handbags
  </category>
  <size>
   XL
  </size>
  <color>
   Синий
  </color>
  <material>
   Нейлон
  </material>
  <price>
   290071
  </price>
  <rating>
   4.2
  </rating>
  <reviews>
   191681
  </reviews>
  <exclusive>
   yes
  </exclusive>
  <sporty>
   no
  </sporty>
 </clothing>
 <clothing>
  <id>
   671902758
  </id>
  <name>
   Nike Jacket Y-3451
  </name>
  <category>
   Jacket
  </category>
  <size>
   XL
  </size>
  <color>
   Красный
  </color>
  <material>
   Полиэстер
  </material>
  <price>
   771648
  </price>
  <rating>
   2.43
  </rating>
  <reviews>
   271436
  </reviews>
  <new>
   -
  </new>
  <exclusive>
   yes
  </exclusive>
  <sporty>
   no
  </sporty>
 </clothing>
 <clothing>
  <id>
   543778129
  </id>
  <name>
   Vans Skirt P-2454
  </name>
  <category>
   Skirt
  </category>
  <size>
   L
  </size>
  <color>
   Голубой
  </color>
  <material>
   Нейлон
  </material>
  <price>
   467335
  </price>
  <rating>
   2.96
  </rating>
  <reviews>
   348949
  </reviews>
  <new>
   -
  </new>
  <exclusive>
   yes
  </exclusive>
 </clothing>
 <clothing>
  <id>
   372557166
  </id>
  <name>
   Asics Skirt W-3204
  </name>
  <category>
   Skirt
  </category>
  <size>
   XL
  </size>
  <color>
   Красный
  </color>
  <material>
   Лен
  </material>
  <price>
   301006
  </price>
  <rating>
   2.92
  </rating>
  <reviews>
   208410
  </reviews>
  <new>
   -
  </new>
  <sporty>
   no
  </sporty>
 </clothing>
 <clothing>
  <id>
   119888599
  </id>
  <name>
   Reebok Umbrellas B-7078
  </name>
  <category>
   Umbrellas
  </category>
  <size>
   XL
  </size>
  <color>
   Оранжевый
  </color>
  <material>
   Полиэстер
  </material>
  <price>
   607747
  </price>
  <rating>
   3.9
  </rating>
  <reviews>
   789820
  </reviews>
  <sporty>
   no
  </sporty>
 </clothing>
 <clothing>
  <id>
   692193909
  </id>
  <name>
   Fila Skirt X-2189
  </name>
  <category>
   Skirt
  </category>
  <size>
   XL
  </size>
  <color>
   Оранжевый
  </color>
  <material>
   Вискоза
  </material>
  <price>
   846094
  </price>
  <rating>
   1.26
  </rating>
  <reviews>
   818141
  </reviews>
  <new>
   -
  </new>
  <exclusive>
   yes
  </exclusive>
 </clothing>
 <clothing>
  <id>
   301868526
  </id>
  <name>
   Ellesse Jacket E-4957
  </name>
  <category>
   Jacket
  </category>
  <size>
   XL
  </size>
  <color>
   Желтый
  </color>
  <material>
   Вискоза
  </material>
  <price>
   297709
  </price>
  <rating>
   4.65
  </rating>
  <reviews>
   552578
  </reviews>
  <exclusive>
   no
  </exclusive>
 </clothing>
 <clothing>
  <id>
   410247217
  </id>
  <name>
   Brooks Umbrellas D-9230
  </name>
  <category>
   Umbrellas
  </category>
  <size>
   S
  </size>
  <color>
   Красный
  </color>
  <material>
   Лен
  </material>
  <price>
   782540
  </price>
  <rating>
   1.39
  </rating>
  <reviews>
   732207
  </reviews>
  <new>
   -
  </new>
 </clothing>
 <clothing>
  <id>
   791469159
  </id>
  <name>
   New Balance Blouse A-9232
  </name>
  <category>
   Blouse
  </category>
  <size>
   S
  </size>
  <color>
   Красный
  </color>
  <material>
   Полиэстер
  </material>
  <price>
   738877
  </price>
  <rating>
   1.96
  </rating>
  <reviews>
   975714
  </reviews>
  <new>
   +
  </new>
  <exclusive>
   yes
  </exclusive>
 </clothing>
</clothing-items>
