<?xml version="1.0" encoding="utf-8"?>
<clothing-items>
 <clothing>
  <id>
   689734634
  </id>
  <name>
   Nike Shoes S-1092
  </name>
  <category>
   Shoes
  </category>
  <size>
   S
  </size>
  <color>
   Зеленый
  </color>
  <material>
   Нейлон
  </material>
  <price>
   893111
  </price>
  <rating>
   4.52
  </rating>
  <reviews>
   70418
  </reviews>
  <sporty>
   yes
  </sporty>
 </clothing>
 <clothing>
  <id>
   641113320
  </id>
  <name>
   Vans Shirt V-4641
  </name>
  <category>
   Shirt
  </category>
  <size>
   XL
  </size>
  <color>
   Фиолетовый
  </color>
  <material>
   Шелк
  </material>
  <price>
   293931
  </price>
  <rating>
   4.38
  </rating>
  <reviews>
   169610
  </reviews>
  <new>
   +
  </new>
  <exclusive>
   no
  </exclusive>
  <sporty>
   no
  </sporty>
 </clothing>
 <clothing>
  <id>
   589658013
  </id>
  <name>
   Under Armour Socks G-7538
  </name>
  <category>
   Socks
  </category>
  <size>
   XL
  </size>
  <color>
   Голубой
  </color>
  <material>
   Нейлон
  </material>
  <price>
   840748
  </price>
  <rating>
   4.62
  </rating>
  <reviews>
   147285
  </reviews>
  <new>
   +
  </new>
  <exclusive>
   no
  </exclusive>
  <sporty>
   yes
  </sporty>
 </clothing>
 <clothing>
  <id>
   456519073
  </id>
  <name>
   Nike Skirt P-3924
  </name>
  <category>
   Skirt
  </category>
  <size>
   M
  </size>
  <color>
   Оранжевый
  </color>
  <material>
   Хлопок
  </material>
  <price>
   484541
  </price>
  <rating>
   3.2
  </rating>
  <reviews>
   669362
  </reviews>
  <new>
   -
  </new>
  <exclusive>
   no
  </exclusive>
 </clothing>
 <clothing>
  <id>
   125099234
  </id>
  <name>
   Nike Handbags L-6292
  </name>
  <category>
   Handbags
  </category>
  <size>
   XXL
  </size>
  <color>
   Желтый
  </color>
  <material>
   Кожа
  </material>
  <price>
   264278
  </price>
  <rating>
   1.41
  </rating>
  <reviews>
   772497
  </reviews>
  <sporty>
   no
  </sporty>
 </clothing>
 <clothing>
  <id>
   485206236
  </id>
  <name>
   PleinSport Gloves X-2108
  </name>
  <category>
   Gloves
  </category>
  <size>
   S
  </size>
  <color>
   Фиолетовый
  </color>
  <material>
   Хлопок
  </material>
  <price>
   265621
  </price>
  <rating>
   2.26
  </rating>
  <reviews>
   90692
  </reviews>
  <new>
   +
  </new>
  <exclusive>
   yes
  </exclusive>
 </clothing>
 <clothing>
  <id>
   230299876
  </id>
  <name>
   Nike Skirt M-4001
  </name>
  <category>
   Skirt
  </category>
  <size>
   L
  </size>
  <color>
   Зеленый
  </color>
  <material>
   Нейлон
  </material>
  <price>
   143270
  </price>
  <rating>
   4.86
  </rating>
  <reviews>
   205933
  </reviews>
  <new>
   -
  </new>
 </clothing>
 <clothing>
  <id>
   909151137
  </id>
  <name>
   Puma Socks D-3482
  </name>
  <category>
   Socks
  </category>
  <size>
   S
  </size>
  <color>
   Зеленый
  </color>
  <material>
   Шелк
  </material>
  <price>
   267699
  </price>
  <rating>
   3.42
  </rating>
  <reviews>
   914458
  </reviews>
  <new>
   -
  </new>
 </clothing>
 <clothing>
  <id>
   225438515
  </id>
  <name>
   Fila Jeans I-5415
  </name>
  <category>
   Jeans
  </category>
  <size>
   S
  </size>
  <color>
   Синий
  </color>
  <material>
   Шелк
  </material>
  <price>
   190637
  </price>
  <rating>
   2.19
  </rating>
  <reviews>
   634748
  </reviews>
  <new>
   -
  </new>
 </clothing>
 <clothing>
  <id>
   873942444
  </id>
  <name>
   Brooks Pants N-9761
  </name>
  <category>
   Pants
  </category>
  <size>
   M
  </size>
  <color>
   Оранжевый
  </color>
  <material>
   Нейлон
  </material>
  <price>
   966203
  </price>
  <rating>
   1.71
  </rating>
  <reviews>
   686753
  </reviews>
  <new>
   +
  </new>
  <sporty>
   no
  </sporty>
 </clothing>
 <clothing>
  <id>
   688138840
  </id>
  <name>
   DC Jeans Z-9978
  </name>
  <category>
   Jeans
  </category>
  <size>
   L
  </size>
  <color>
   Синий
  </color>
  <material>
   Шерсть
  </material>
  <price>
   319715
  </price>
  <rating>
   3.25
  </rating>
  <reviews>
   672175
  </reviews>
  <new>
   +
  </new>
  <exclusive>
   no
  </exclusive>
  <sporty>
   no
  </sporty>
 </clothing>
 <clothing>
  <id>
   820858907
  </id>
  <name>
   Lacoste Umbrellas M-5779
  </name>
  <category>
   Umbrellas
  </category>
  <size>
   L
  </size>
  <color>
   Красный
  </color>
  <material>
   Вискоза
  </material>
  <price>
   779001
  </price>
  <rating>
   1.12
  </rating>
  <reviews>
   272832
  </reviews>
  <new>
   -
  </new>
  <exclusive>
   no
  </exclusive>
  <sporty>
   no
  </sporty>
 </clothing>
 <clothing>
  <id>
   486510847
  </id>
  <name>
   Fila Socks X-6560
  </name>
  <category>
   Socks
  </category>
  <size>
   XL
  </size>
  <color>
   Синий
  </color>
  <material>
   Вискоза
  </material>
  <price>
   387515
  </price>
  <rating>
   2.25
  </rating>
  <reviews>
   562161
  </reviews>
  <new>
   -
  </new>
  <sporty>
   yes
  </sporty>
 </clothing>
 <clothing>
  <id>
   238110552
  </id>
  <name>
   Brooks Blouse K-8446
  </name>
  <category>
   Blouse
  </category>
  <size>
   S
  </size>
  <color>
   Красный
  </color>
  <material>
   Шерсть
  </material>
  <price>
   702576
  </price>
  <rating>
   3.55
  </rating>
  <reviews>
   521082
  </reviews>
  <exclusive>
   yes
  </exclusive>
 </clothing>
 <clothing>
  <id>
   107744564
  </id>
  <name>
   Ellesse Dress X-1426
  </name>
  <category>
   Dress
  </category>
  <size>
   L
  </size>
  <color>
   Оранжевый
  </color>
  <material>
   Кожа
  </material>
  <price>
   272597
  </price>
  <rating>
   3.84
  </rating>
  <reviews>
   395563
  </reviews>
  <new>
   +
  </new>
  <sporty>
   no
  </sporty>
 </clothing>
 <clothing>
  <id>
   497257974
  </id>
  <name>
   Fila Skirt K-7369
  </name>
  <category>
   Skirt
  </category>
  <size>
   S
  </size>
  <color>
   Фиолетовый
  </color>
  <material>
   Полиэстер
  </material>
  <price>
   197450
  </price>
  <rating>
   4.08
  </rating>
  <reviews>
   737497
  </reviews>
  <new>
   -
  </new>
  <sporty>
   yes
  </sporty>
 </clothing>
 <clothing>
  <id>
   481723904
  </id>
  <name>
   New Balance Umbrellas T-1988
  </name>
  <category>
   Umbrellas
  </category>
  <size>
   L
  </size>
  <color>
   Синий
  </color>
  <material>
   Шелк
  </material>
  <price>
   495329
  </price>
  <rating>
   4.87
  </rating>
  <reviews>
   175179
  </reviews>
  <new>
   +
  </new>
  <sporty>
   yes
  </sporty>
 </clothing>
 <clothing>
  <id>
   839107478
  </id>
  <name>
   Fila Hat G-7648
  </name>
  <category>
   Hat
  </category>
  <size>
   XL
  </size>
  <color>
   Фиолетовый
  </color>
  <material>
   Шерсть
  </material>
  <price>
   258654
  </price>
  <rating>
   4.86
  </rating>
  <reviews>
   153230
  </reviews>
  <sporty>
   no
  </sporty>
 </clothing>
 <clothing>
  <id>
   944496874
  </id>
  <name>
   New Balance Belts T-8428
  </name>
  <category>
   Belts
  </category>
  <size>
   M
  </size>
  <color>
   Желтый
  </color>
  <material>
   Лен
  </material>
  <price>
   851971
  </price>
  <rating>
   3.77
  </rating>
  <reviews>
   554780
  </reviews>
  <new>
   +
  </new>
  <exclusive>
   no
  </exclusive>
  <sporty>
   no
  </sporty>
 </clothing>
 <clothing>
  <id>
   449251834
  </id>
  <name>
   Lacoste Pants B-6063
  </name>
  <category>
   Pants
  </category>
  <size>
   XXL
  </size>
  <color>
   Желтый
  </color>
  <material>
   Шелк
  </material>
  <price>
   137922
  </price>
  <rating>
   3.13
  </rating>
  <reviews>
   698131
  </reviews>
  <exclusive>
   no
  </exclusive>
  <sporty>
   yes
  </sporty>
 </clothing>
 <clothing>
  <id>
   984783687
  </id>
  <name>
   New Balance Gloves P-2255
  </name>
  <category>
   Gloves
  </category>
  <size>
   L
  </size>
  <color>
   Зеленый
  </color>
  <material>
   Лен
  </material>
  <price>
   745041
  </price>
  <rating>
   3.13
  </rating>
  <reviews>
   783356
  </reviews>
  <sporty>
   no
  </sporty>
 </clothing>
 <clothing>
  <id>
   198931658
  </id>
  <name>
   Addidas Dress I-7009
  </name>
  <category>
   Dress
  </category>
  <size>
   M
  </size>
  <color>
   Зеленый
  </color>
  <material>
   Шерсть
  </material>
  <price>
   417624
  </price>
  <rating>
   4.84
  </rating>
  <reviews>
   355312
  </reviews>
  <exclusive>
   yes
  </exclusive>
 </clothing>
 <clothing>
  <id>
   406523696
  </id>
  <name>
   Asics Shirt J-1291
  </name>
  <category>
   Shirt
  </category>
  <size>
   M
  </size>
  <color>
   Синий
  </color>
  <material>
   Полиэстер
  </material>
  <price>
   777478
  </price>
  <rating>
   2.16
  </rating>
  <reviews>
   127812
  </reviews>
  <new>
   -
  </new>
  <exclusive>
   yes
  </exclusive>
  <sporty>
   no
  </sporty>
 </clothing>
 <clothing>
  <id>
   473773474
  </id>
  <name>
   Nike Dress E-1526
  </name>
  <category>
   Dress
  </category>
  <size>
   M
  </size>
  <color>
   Зеленый
  </color>
  <material>
   Шелк
  </material>
  <price>
   875631
  </price>
  <rating>
   2.91
  </rating>
  <reviews>
   112600
  </reviews>
  <new>
   -
  </new>
  <exclusive>
   no
  </exclusive>
 </clothing>
 <clothing>
  <id>
   452966726
  </id>
  <name>
   Nike Sweater U-6868
  </name>
  <category>
   Sweater
  </category>
  <size>
   S
  </size>
  <color>
   Оранжевый
  </color>
  <material>
   Хлопок
  </material>
  <price>
   811595
  </price>
  <rating>
   2.88
  </rating>
  <reviews>
   122104
  </reviews>
 </clothing>
 <clothing>
  <id>
   622651915
  </id>
  <name>
   Puma Belts Y-7897
  </name>
  <category>
   Belts
  </category>
  <size>
   S
  </size>
  <color>
   Красный
  </color>
  <material>
   Лен
  </material>
  <price>
   521970
  </price>
  <rating>
   2.82
  </rating>
  <reviews>
   613853
  </reviews>
  <exclusive>
   yes
  </exclusive>
  <sporty>
   no
  </sporty>
 </clothing>
</clothing-items>
