<?xml version="1.0" encoding="utf-8"?>
<clothing-items>
 <clothing>
  <id>
   999065158
  </id>
  <name>
   Lacoste Jeans E-9891
  </name>
  <category>
   Jeans
  </category>
  <size>
   M
  </size>
  <color>
   Голубой
  </color>
  <material>
   Кожа
  </material>
  <price>
   495792
  </price>
  <rating>
   3.3
  </rating>
  <reviews>
   390779
  </reviews>
  <new>
   -
  </new>
  <exclusive>
   yes
  </exclusive>
  <sporty>
   yes
  </sporty>
 </clothing>
 <clothing>
  <id>
   403337758
  </id>
  <name>
   New Balance Shirt N-1091
  </name>
  <category>
   Shirt
  </category>
  <size>
   XXL
  </size>
  <color>
   Зеленый
  </color>
  <material>
   Кожа
  </material>
  <price>
   973703
  </price>
  <rating>
   4.41
  </rating>
  <reviews>
   648408
  </reviews>
  <sporty>
   no
  </sporty>
 </clothing>
 <clothing>
  <id>
   424269003
  </id>
  <name>
   Lacoste Shoes Z-5742
  </name>
  <category>
   Shoes
  </category>
  <size>
   S
  </size>
  <color>
   Оранжевый
  </color>
  <material>
   Полиэстер
  </material>
  <price>
   135558
  </price>
  <rating>
   2.88
  </rating>
  <reviews>
   622924
  </reviews>
  <new>
   -
  </new>
 </clothing>
 <clothing>
  <id>
   778536716
  </id>
  <name>
   Asics Skirt I-4833
  </name>
  <category>
   Skirt
  </category>
  <size>
   L
  </size>
  <color>
   Голубой
  </color>
  <material>
   Нейлон
  </material>
  <price>
   120979
  </price>
  <rating>
   2.51
  </rating>
  <reviews>
   618006
  </reviews>
  <exclusive>
   yes
  </exclusive>
 </clothing>
 <clothing>
  <id>
   125097981
  </id>
  <name>
   PleinSport Shoes M-5001
  </name>
  <category>
   Shoes
  </category>
  <size>
   L
  </size>
  <color>
   Желтый
  </color>
  <material>
   Лен
  </material>
  <price>
   284694
  </price>
  <rating>
   4.46
  </rating>
  <reviews>
   282510
  </reviews>
  <new>
   +
  </new>
 </clothing>
 <clothing>
  <id>
   686942303
  </id>
  <name>
   Under Armour Handbags C-2975
  </name>
  <category>
   Handbags
  </category>
  <size>
   L
  </size>
  <color>
   Красный
  </color>
  <material>
   Полиэстер
  </material>
  <price>
   977222
  </price>
  <rating>
   1.13
  </rating>
  <reviews>
   12918
  </reviews>
  <new>
   -
  </new>
 </clothing>
 <clothing>
  <id>
   917510772
  </id>
  <name>
   DC Hat N-6584
  </name>
  <category>
   Hat
  </category>
  <size>
   XL
  </size>
  <color>
   Красный
  </color>
  <material>
   Нейлон
  </material>
  <price>
   996690
  </price>
  <rating>
   3.88
  </rating>
  <reviews>
   386303
  </reviews>
  <new>
   -
  </new>
  <exclusive>
   yes
  </exclusive>
  <sporty>
   yes
  </sporty>
 </clothing>
 <clothing>
  <id>
   299915457
  </id>
  <name>
   DC Hat I-6297
  </name>
  <category>
   Hat
  </category>
  <size>
   M
  </size>
  <color>
   Голубой
  </color>
  <material>
   Нейлон
  </material>
  <price>
   377076
  </price>
  <rating>
   1.71
  </rating>
  <reviews>
   569925
  </reviews>
 </clothing>
 <clothing>
  <id>
   338117418
  </id>
  <name>
   New Balance Jeans C-1493
  </name>
  <category>
   Jeans
  </category>
  <size>
   M
  </size>
  <color>
   Фиолетовый
  </color>
  <material>
   Кожа
  </material>
  <price>
   732581
  </price>
  <rating>
   1.64
  </rating>
  <reviews>
   818285
  </reviews>
  <sporty>
   yes
  </sporty>
 </clothing>
 <clothing>
  <id>
   268458620
  </id>
  <name>
   PleinSport Jacket H-4823
  </name>
  <category>
   Jacket
  </category>
  <size>
   M
  </size>
  <color>
   Синий
  </color>
  <material>
   Кожа
  </material>
  <price>
   912283
  </price>
  <rating>
   4.75
  </rating>
  <reviews>
   636742
  </reviews>
  <new>
   +
  </new>
 </clothing>
 <clothing>
  <id>
   199179710
  </id>
  <name>
   Puma Jeans E-5076
  </name>
  <category>
   Jeans
  </category>
  <size>
   XL
  </size>
  <color>
   Зеленый
  </color>
  <material>
   Лен
  </material>
  <price>
   150883
  </price>
  <rating>
   2.53
  </rating>
  <reviews>
   700950
  </reviews>
  <exclusive>
   no
  </exclusive>
  <sporty>
   no
  </sporty>
 </clothing>
 <clothing>
  <id>
   922336517
  </id>
  <name>
   PleinSport Gloves W-4733
  </name>
  <category>
   Gloves
  </category>
  <size>
   XL
  </size>
  <color>
   Красный
  </color>
  <material>
   Хлопок
  </material>
  <price>
   122680
  </price>
  <rating>
   4.81
  </rating>
  <reviews>
   614717
  </reviews>
  <exclusive>
   yes
  </exclusive>
  <sporty>
   no
  </sporty>
 </clothing>
 <clothing>
  <id>
   165603835
  </id>
  <name>
   Nike Belts H-5454
  </name>
  <category>
   Belts
  </category>
  <size>
   L
  </size>
  <color>
   Оранжевый
  </color>
  <material>
   Вискоза
  </material>
  <price>
   503562
  </price>
  <rating>
   4.15
  </rating>
  <reviews>
   650085
  </reviews>
  <new>
   -
  </new>
 </clothing>
 <clothing>
  <id>
   723288179
  </id>
  <name>
   Reebok Blouse T-5162
  </name>
  <category>
   Blouse
  </category>
  <size>
   XXL
  </size>
  <color>
   Зеленый
  </color>
  <material>
   Полиэстер
  </material>
  <price>
   552267
  </price>
  <rating>
   4.3
  </rating>
  <reviews>
   95698
  </reviews>
  <new>
   -
  </new>
  <exclusive>
   no
  </exclusive>
 </clothing>
 <clothing>
  <id>
   801421064
  </id>
  <name>
   Fila Dress Y-6050
  </name>
  <category>
   Dress
  </category>
  <size>
   L
  </size>
  <color>
   Красный
  </color>
  <material>
   Шерсть
  </material>
  <price>
   802089
  </price>
  <rating>
   2.09
  </rating>
  <reviews>
   942254
  </reviews>
 </clothing>
 <clothing>
  <id>
   480063881
  </id>
  <name>
   Ellesse Umbrellas G-1694
  </name>
  <category>
   Umbrellas
  </category>
  <size>
   L
  </size>
  <color>
   Зеленый
  </color>
  <material>
   Лен
  </material>
  <price>
   404658
  </price>
  <rating>
   4.29
  </rating>
  <reviews>
   68652
  </reviews>
  <new>
   +
  </new>
 </clothing>
 <clothing>
  <id>
   314416604
  </id>
  <name>
   Asics Skirt H-6076
  </name>
  <category>
   Skirt
  </category>
  <size>
   L
  </size>
  <color>
   Синий
  </color>
  <material>
   Полиэстер
  </material>
  <price>
   532403
  </price>
  <rating>
   4.43
  </rating>
  <reviews>
   922480
  </reviews>
  <new>
   -
  </new>
  <exclusive>
   yes
  </exclusive>
  <sporty>
   no
  </sporty>
 </clothing>
 <clothing>
  <id>
   186304201
  </id>
  <name>
   Adidas Jacket F-3392
  </name>
  <category>
   Jacket
  </category>
  <size>
   XXL
  </size>
  <color>
   Красный
  </color>
  <material>
   Кожа
  </material>
  <price>
   446318
  </price>
  <rating>
   3.94
  </rating>
  <reviews>
   533893
  </reviews>
  <exclusive>
   no
  </exclusive>
  <sporty>
   yes
  </sporty>
 </clothing>
 <clothing>
  <id>
   339691063
  </id>
  <name>
   Ellesse Blouse Z-7048
  </name>
  <category>
   Blouse
  </category>
  <size>
   S
  </size>
  <color>
   Оранжевый
  </color>
  <material>
   Вискоза
  </material>
  <price>
   723055
  </price>
  <rating>
   4.45
  </rating>
  <reviews>
   955582
  </reviews>
  <new>
   +
  </new>
 </clothing>
 <clothing>
  <id>
   830745115
  </id>
  <name>
   Nike Dress I-8722
  </name>
  <category>
   Dress
  </category>
  <size>
   L
  </size>
  <color>
   Фиолетовый
  </color>
  <material>
   Кожа
  </material>
  <price>
   463664
  </price>
  <rating>
   2.99
  </rating>
  <reviews>
   879925
  </reviews>
  <new>
   -
  </new>
  <exclusive>
   no
  </exclusive>
  <sporty>
   yes
  </sporty>
 </clothing>
 <clothing>
  <id>
   173145310
  </id>
  <name>
   Converse Dress N-7236
  </name>
  <category>
   Dress
  </category>
  <size>
   L
  </size>
  <color>
   Оранжевый
  </color>
  <material>
   Шелк
  </material>
  <price>
   223726
  </price>
  <rating>
   1.13
  </rating>
  <reviews>
   688684
  </reviews>
  <new>
   +
  </new>
  <sporty>
   yes
  </sporty>
 </clothing>
 <clothing>
  <id>
   651213229
  </id>
  <name>
   Fila Umbrellas P-4660
  </name>
  <category>
   Umbrellas
  </category>
  <size>
   XL
  </size>
  <color>
   Голубой
  </color>
  <material>
   Кожа
  </material>
  <price>
   866313
  </price>
  <rating>
   2.52
  </rating>
  <reviews>
   24574
  </reviews>
  <sporty>
   yes
  </sporty>
 </clothing>
 <clothing>
  <id>
   656925830
  </id>
  <name>
   Brooks Umbrellas Z-3280
  </name>
  <category>
   Umbrellas
  </category>
  <size>
   L
  </size>
  <color>
   Зеленый
  </color>
  <material>
   Шелк
  </material>
  <price>
   613240
  </price>
  <rating>
   4.88
  </rating>
  <reviews>
   887255
  </reviews>
 </clothing>
 <clothing>
  <id>
   921952658
  </id>
  <name>
   Fila Hat O-9280
  </name>
  <category>
   Hat
  </category>
  <size>
   M
  </size>
  <color>
   Зеленый
  </color>
  <material>
   Полиэстер
  </material>
  <price>
   496794
  </price>
  <rating>
   1.33
  </rating>
  <reviews>
   791290
  </reviews>
  <sporty>
   no
  </sporty>
 </clothing>
 <clothing>
  <id>
   966296936
  </id>
  <name>
   Asics Jeans L-3996
  </name>
  <category>
   Jeans
  </category>
  <size>
   XXL
  </size>
  <color>
   Желтый
  </color>
  <material>
   Шелк
  </material>
  <price>
   589271
  </price>
  <rating>
   2.25
  </rating>
  <reviews>
   738223
  </reviews>
  <new>
   -
  </new>
  <sporty>
   no
  </sporty>
 </clothing>
 <clothing>
  <id>
   139978242
  </id>
  <name>
   Lacoste Sweater N-8054
  </name>
  <category>
   Sweater
  </category>
  <size>
   XL
  </size>
  <color>
   Желтый
  </color>
  <material>
   Полиэстер
  </material>
  <price>
   574228
  </price>
  <rating>
   1.47
  </rating>
  <reviews>
   894330
  </reviews>
  <new>
   -
  </new>
  <exclusive>
   no
  </exclusive>
  <sporty>
   no
  </sporty>
 </clothing>
 <clothing>
  <id>
   582979386
  </id>
  <name>
   Brooks Gloves L-7375
  </name>
  <category>
   Gloves
  </category>
  <size>
   L
  </size>
  <color>
   Зеленый
  </color>
  <material>
   Хлопок
  </material>
  <price>
   795930
  </price>
  <rating>
   1.15
  </rating>
  <reviews>
   867200
  </reviews>
  <new>
   -
  </new>
  <sporty>
   no
  </sporty>
 </clothing>
 <clothing>
  <id>
   974131002
  </id>
  <name>
   Nike Belts L-3454
  </name>
  <category>
   Belts
  </category>
  <size>
   L
  </size>
  <color>
   Голубой
  </color>
  <material>
   Полиэстер
  </material>
  <price>
   145043
  </price>
  <rating>
   1.96
  </rating>
  <reviews>
   362824
  </reviews>
  <new>
   -
  </new>
  <exclusive>
   no
  </exclusive>
 </clothing>
</clothing-items>
