<?xml version="1.0" encoding="utf-8"?>
<clothing-items>
 <clothing>
  <id>
   949388318
  </id>
  <name>
   DC Sweater W-2196
  </name>
  <category>
   Sweater
  </category>
  <size>
   L
  </size>
  <color>
   Желтый
  </color>
  <material>
   Вискоза
  </material>
  <price>
   589052
  </price>
  <rating>
   2.11
  </rating>
  <reviews>
   121178
  </reviews>
  <new>
   -
  </new>
  <sporty>
   yes
  </sporty>
 </clothing>
 <clothing>
  <id>
   165924935
  </id>
  <name>
   New Balance Sweater S-8668
  </name>
  <category>
   Sweater
  </category>
  <size>
   XL
  </size>
  <color>
   Желтый
  </color>
  <material>
   Вискоза
  </material>
  <price>
   183027
  </price>
  <rating>
   4.21
  </rating>
  <reviews>
   450675
  </reviews>
  <exclusive>
   yes
  </exclusive>
 </clothing>
 <clothing>
  <id>
   550923308
  </id>
  <name>
   Ellesse Hat S-9564
  </name>
  <category>
   Hat
  </category>
  <size>
   M
  </size>
  <color>
   Синий
  </color>
  <material>
   Лен
  </material>
  <price>
   930268
  </price>
  <rating>
   1.18
  </rating>
  <reviews>
   595018
  </reviews>
  <new>
   +
  </new>
  <exclusive>
   no
  </exclusive>
 </clothing>
 <clothing>
  <id>
   415516166
  </id>
  <name>
   DC Hat O-3722
  </name>
  <category>
   Hat
  </category>
  <size>
   M
  </size>
  <color>
   Желтый
  </color>
  <material>
   Нейлон
  </material>
  <price>
   173650
  </price>
  <rating>
   2.31
  </rating>
  <reviews>
   784395
  </reviews>
  <new>
   +
  </new>
  <exclusive>
   yes
  </exclusive>
 </clothing>
 <clothing>
  <id>
   638876555
  </id>
  <name>
   Nike Dress M-4351
  </name>
  <category>
   Dress
  </category>
  <size>
   XXL
  </size>
  <color>
   Красный
  </color>
  <material>
   Нейлон
  </material>
  <price>
   566330
  </price>
  <rating>
   3.73
  </rating>
  <reviews>
   985089
  </reviews>
  <exclusive>
   no
  </exclusive>
 </clothing>
 <clothing>
  <id>
   718336485
  </id>
  <name>
   Ellesse Hat C-3900
  </name>
  <category>
   Hat
  </category>
  <size>
   S
  </size>
  <color>
   Красный
  </color>
  <material>
   Нейлон
  </material>
  <price>
   411484
  </price>
  <rating>
   1.56
  </rating>
  <reviews>
   283682
  </reviews>
  <sporty>
   no
  </sporty>
 </clothing>
 <clothing>
  <id>
   554734984
  </id>
  <name>
   Nike Jacket Z-1832
  </name>
  <category>
   Jacket
  </category>
  <size>
   M
  </size>
  <color>
   Фиолетовый
  </color>
  <material>
   Нейлон
  </material>
  <price>
   474309
  </price>
  <rating>
   1.7
  </rating>
  <reviews>
   265953
  </reviews>
  <new>
   +
  </new>
  <sporty>
   no
  </sporty>
 </clothing>
 <clothing>
  <id>
   218710012
  </id>
  <name>
   Ellesse Jeans Y-8020
  </name>
  <category>
   Jeans
  </category>
  <size>
   L
  </size>
  <color>
   Синий
  </color>
  <material>
   Хлопок
  </material>
  <price>
   519639
  </price>
  <rating>
   4.88
  </rating>
  <reviews>
   145704
  </reviews>
  <new>
   +
  </new>
  <exclusive>
   no
  </exclusive>
 </clothing>
 <clothing>
  <id>
   662106045
  </id>
  <name>
   Asics Dress U-8810
  </name>
  <category>
   Dress
  </category>
  <size>
   M
  </size>
  <color>
   Синий
  </color>
  <material>
   Шерсть
  </material>
  <price>
   840878
  </price>
  <rating>
   4.58
  </rating>
  <reviews>
   818630
  </reviews>
  <exclusive>
   no
  </exclusive>
 </clothing>
 <clothing>
  <id>
   654377749
  </id>
  <name>
   Puma Belts R-9711
  </name>
  <category>
   Belts
  </category>
  <size>
   L
  </size>
  <color>
   Голубой
  </color>
  <material>
   Лен
  </material>
  <price>
   203941
  </price>
  <rating>
   4.5
  </rating>
  <reviews>
   181229
  </reviews>
 </clothing>
 <clothing>
  <id>
   231428088
  </id>
  <name>
   PleinSport T-shirt T-6711
  </name>
  <category>
   T-shirt
  </category>
  <size>
   L
  </size>
  <color>
   Желтый
  </color>
  <material>
   Вискоза
  </material>
  <price>
   451576
  </price>
  <rating>
   2.73
  </rating>
  <reviews>
   563908
  </reviews>
  <new>
   +
  </new>
  <exclusive>
   yes
  </exclusive>
  <sporty>
   yes
  </sporty>
 </clothing>
 <clothing>
  <id>
   827892717
  </id>
  <name>
   Nike T-shirt A-4345
  </name>
  <category>
   T-shirt
  </category>
  <size>
   M
  </size>
  <color>
   Красный
  </color>
  <material>
   Шелк
  </material>
  <price>
   786655
  </price>
  <rating>
   2.64
  </rating>
  <reviews>
   165244
  </reviews>
  <exclusive>
   no
  </exclusive>
  <sporty>
   no
  </sporty>
 </clothing>
 <clothing>
  <id>
   417615823
  </id>
  <name>
   Lacoste Jacket L-5475
  </name>
  <category>
   Jacket
  </category>
  <size>
   S
  </size>
  <color>
   Голубой
  </color>
  <material>
   Лен
  </material>
  <price>
   476070
  </price>
  <rating>
   3.25
  </rating>
  <reviews>
   192039
  </reviews>
  <new>
   +
  </new>
  <exclusive>
   yes
  </exclusive>
 </clothing>
 <clothing>
  <id>
   546049560
  </id>
  <name>
   Addidas Blouse M-2675
  </name>
  <category>
   Blouse
  </category>
  <size>
   XL
  </size>
  <color>
   Голубой
  </color>
  <material>
   Шелк
  </material>
  <price>
   322807
  </price>
  <rating>
   1.82
  </rating>
  <reviews>
   513246
  </reviews>
  <new>
   -
  </new>
  <sporty>
   no
  </sporty>
 </clothing>
 <clothing>
  <id>
   329970351
  </id>
  <name>
   Nike Skirt N-6116
  </name>
  <category>
   Skirt
  </category>
  <size>
   XL
  </size>
  <color>
   Оранжевый
  </color>
  <material>
   Лен
  </material>
  <price>
   441329
  </price>
  <rating>
   2.58
  </rating>
  <reviews>
   846718
  </reviews>
  <new>
   +
  </new>
  <exclusive>
   no
  </exclusive>
 </clothing>
 <clothing>
  <id>
   973780222
  </id>
  <name>
   Under Armour Socks L-4781
  </name>
  <category>
   Socks
  </category>
  <size>
   XL
  </size>
  <color>
   Синий
  </color>
  <material>
   Лен
  </material>
  <price>
   383941
  </price>
  <rating>
   3.78
  </rating>
  <reviews>
   76208
  </reviews>
  <new>
   -
  </new>
  <exclusive>
   yes
  </exclusive>
  <sporty>
   no
  </sporty>
 </clothing>
 <clothing>
  <id>
   715627480
  </id>
  <name>
   Puma Skirt C-3323
  </name>
  <category>
   Skirt
  </category>
  <size>
   M
  </size>
  <color>
   Фиолетовый
  </color>
  <material>
   Вискоза
  </material>
  <price>
   596919
  </price>
  <rating>
   4.78
  </rating>
  <reviews>
   322379
  </reviews>
 </clothing>
 <clothing>
  <id>
   154896934
  </id>
  <name>
   Asics Hat E-9305
  </name>
  <category>
   Hat
  </category>
  <size>
   S
  </size>
  <color>
   Оранжевый
  </color>
  <material>
   Шелк
  </material>
  <price>
   299343
  </price>
  <rating>
   2.51
  </rating>
  <reviews>
   552917
  </reviews>
  <exclusive>
   no
  </exclusive>
  <sporty>
   no
  </sporty>
 </clothing>
</clothing-items>
