<?xml version="1.0" encoding="utf-8"?>
<clothing-items>
 <clothing>
  <id>
   567429617
  </id>
  <name>
   DC Hat N-6709
  </name>
  <category>
   Hat
  </category>
  <size>
   XL
  </size>
  <color>
   Синий
  </color>
  <material>
   Шерсть
  </material>
  <price>
   639932
  </price>
  <rating>
   3.07
  </rating>
  <reviews>
   55270
  </reviews>
  <new>
   +
  </new>
  <exclusive>
   yes
  </exclusive>
 </clothing>
 <clothing>
  <id>
   364815591
  </id>
  <name>
   Puma Gloves Y-7073
  </name>
  <category>
   Gloves
  </category>
  <size>
   L
  </size>
  <color>
   Красный
  </color>
  <material>
   Полиэстер
  </material>
  <price>
   601947
  </price>
  <rating>
   4.38
  </rating>
  <reviews>
   943074
  </reviews>
  <new>
   +
  </new>
 </clothing>
 <clothing>
  <id>
   570194459
  </id>
  <name>
   PleinSport T-shirt U-1356
  </name>
  <category>
   T-shirt
  </category>
  <size>
   M
  </size>
  <color>
   Оранжевый
  </color>
  <material>
   Шелк
  </material>
  <price>
   529046
  </price>
  <rating>
   3.86
  </rating>
  <reviews>
   653454
  </reviews>
  <exclusive>
   no
  </exclusive>
 </clothing>
 <clothing>
  <id>
   158558446
  </id>
  <name>
   Fila Belts V-8063
  </name>
  <category>
   Belts
  </category>
  <size>
   XXL
  </size>
  <color>
   Голубой
  </color>
  <material>
   Шелк
  </material>
  <price>
   965293
  </price>
  <rating>
   1.26
  </rating>
  <reviews>
   164512
  </reviews>
  <sporty>
   yes
  </sporty>
 </clothing>
 <clothing>
  <id>
   524990299
  </id>
  <name>
   Fila Pants X-2796
  </name>
  <category>
   Pants
  </category>
  <size>
   XXL
  </size>
  <color>
   Голубой
  </color>
  <material>
   Полиэстер
  </material>
  <price>
   793065
  </price>
  <rating>
   3.33
  </rating>
  <reviews>
   231690
  </reviews>
  <exclusive>
   yes
  </exclusive>
  <sporty>
   yes
  </sporty>
 </clothing>
 <clothing>
  <id>
   984782908
  </id>
  <name>
   Fila Socks U-1502
  </name>
  <category>
   Socks
  </category>
  <size>
   XL
  </size>
  <color>
   Фиолетовый
  </color>
  <material>
   Шерсть
  </material>
  <price>
   302603
  </price>
  <rating>
   2.28
  </rating>
  <reviews>
   756450
  </reviews>
  <new>
   -
  </new>
 </clothing>
 <clothing>
  <id>
   679695989
  </id>
  <name>
   Lacoste Umbrellas U-8985
  </name>
  <category>
   Umbrellas
  </category>
  <size>
   S
  </size>
  <color>
   Синий
  </color>
  <material>
   Вискоза
  </material>
  <price>
   608776
  </price>
  <rating>
   3.99
  </rating>
  <reviews>
   656024
  </reviews>
 </clothing>
 <clothing>
  <id>
   965213667
  </id>
  <name>
   Vans T-shirt E-4140
  </name>
  <category>
   T-shirt
  </category>
  <size>
   S
  </size>
  <color>
   Оранжевый
  </color>
  <material>
   Вискоза
  </material>
  <price>
   331058
  </price>
  <rating>
   4.58
  </rating>
  <reviews>
   453049
  </reviews>
  <new>
   +
  </new>
  <sporty>
   no
  </sporty>
 </clothing>
 <clothing>
  <id>
   838764984
  </id>
  <name>
   Reebok T-shirt I-7918
  </name>
  <category>
   T-shirt
  </category>
  <size>
   XL
  </size>
  <color>
   Желтый
  </color>
  <material>
   Хлопок
  </material>
  <price>
   834077
  </price>
  <rating>
   1.26
  </rating>
  <reviews>
   795048
  </reviews>
  <new>
   -
  </new>
  <sporty>
   no
  </sporty>
 </clothing>
 <clothing>
  <id>
   404468848
  </id>
  <name>
   Nike Jacket U-2056
  </name>
  <category>
   Jacket
  </category>
  <size>
   XXL
  </size>
  <color>
   Желтый
  </color>
  <material>
   Кожа
  </material>
  <price>
   375464
  </price>
  <rating>
   4.83
  </rating>
  <reviews>
   780435
  </reviews>
  <new>
   +
  </new>
  <sporty>
   no
  </sporty>
 </clothing>
 <clothing>
  <id>
   162333708
  </id>
  <name>
   Ellesse Handbags I-5484
  </name>
  <category>
   Handbags
  </category>
  <size>
   S
  </size>
  <color>
   Синий
  </color>
  <material>
   Лен
  </material>
  <price>
   202923
  </price>
  <rating>
   3.01
  </rating>
  <reviews>
   200259
  </reviews>
  <sporty>
   no
  </sporty>
 </clothing>
 <clothing>
  <id>
   857589634
  </id>
  <name>
   Under Armour Blouse B-3872
  </name>
  <category>
   Blouse
  </category>
  <size>
   M
  </size>
  <color>
   Красный
  </color>
  <material>
   Кожа
  </material>
  <price>
   693029
  </price>
  <rating>
   1.42
  </rating>
  <reviews>
   936593
  </reviews>
  <new>
   +
  </new>
  <exclusive>
   no
  </exclusive>
  <sporty>
   no
  </sporty>
 </clothing>
 <clothing>
  <id>
   973564094
  </id>
  <name>
   DC Belts F-8775
  </name>
  <category>
   Belts
  </category>
  <size>
   M
  </size>
  <color>
   Оранжевый
  </color>
  <material>
   Шерсть
  </material>
  <price>
   702866
  </price>
  <rating>
   3.63
  </rating>
  <reviews>
   328727
  </reviews>
  <exclusive>
   yes
  </exclusive>
 </clothing>
 <clothing>
  <id>
   983151847
  </id>
  <name>
   Under Armour Umbrellas K-8749
  </name>
  <category>
   Umbrellas
  </category>
  <size>
   XL
  </size>
  <color>
   Красный
  </color>
  <material>
   Вискоза
  </material>
  <price>
   882457
  </price>
  <rating>
   4.69
  </rating>
  <reviews>
   417210
  </reviews>
  <new>
   -
  </new>
  <exclusive>
   no
  </exclusive>
  <sporty>
   yes
  </sporty>
 </clothing>
 <clothing>
  <id>
   208666798
  </id>
  <name>
   Reebok Jacket I-8663
  </name>
  <category>
   Jacket
  </category>
  <size>
   XL
  </size>
  <color>
   Голубой
  </color>
  <material>
   Нейлон
  </material>
  <price>
   709723
  </price>
  <rating>
   3.53
  </rating>
  <reviews>
   381118
  </reviews>
  <sporty>
   yes
  </sporty>
 </clothing>
 <clothing>
  <id>
   921459405
  </id>
  <name>
   Ellesse Sweater V-9556
  </name>
  <category>
   Sweater
  </category>
  <size>
   M
  </size>
  <color>
   Красный
  </color>
  <material>
   Вискоза
  </material>
  <price>
   148609
  </price>
  <rating>
   1.06
  </rating>
  <reviews>
   760710
  </reviews>
  <new>
   -
  </new>
  <exclusive>
   no
  </exclusive>
  <sporty>
   no
  </sporty>
 </clothing>
 <clothing>
  <id>
   217812996
  </id>
  <name>
   Asics Skirt C-5312
  </name>
  <category>
   Skirt
  </category>
  <size>
   XL
  </size>
  <color>
   Фиолетовый
  </color>
  <material>
   Лен
  </material>
  <price>
   628538
  </price>
  <rating>
   3.02
  </rating>
  <reviews>
   706361
  </reviews>
  <new>
   -
  </new>
  <exclusive>
   yes
  </exclusive>
  <sporty>
   no
  </sporty>
 </clothing>
 <clothing>
  <id>
   323974363
  </id>
  <name>
   New Balance Skirt P-1513
  </name>
  <category>
   Skirt
  </category>
  <size>
   XXL
  </size>
  <color>
   Зеленый
  </color>
  <material>
   Кожа
  </material>
  <price>
   217880
  </price>
  <rating>
   1.58
  </rating>
  <reviews>
   576596
  </reviews>
  <new>
   -
  </new>
  <exclusive>
   no
  </exclusive>
  <sporty>
   no
  </sporty>
 </clothing>
 <clothing>
  <id>
   384876167
  </id>
  <name>
   Ellesse Jacket D-8723
  </name>
  <category>
   Jacket
  </category>
  <size>
   S
  </size>
  <color>
   Синий
  </color>
  <material>
   Шерсть
  </material>
  <price>
   735384
  </price>
  <rating>
   4.32
  </rating>
  <reviews>
   137089
  </reviews>
  <new>
   -
  </new>
  <exclusive>
   yes
  </exclusive>
 </clothing>
 <clothing>
  <id>
   530327328
  </id>
  <name>
   Under Armour Skirt U-5036
  </name>
  <category>
   Skirt
  </category>
  <size>
   M
  </size>
  <color>
   Оранжевый
  </color>
  <material>
   Хлопок
  </material>
  <price>
   604540
  </price>
  <rating>
   1.89
  </rating>
  <reviews>
   576206
  </reviews>
  <sporty>
   no
  </sporty>
 </clothing>
 <clothing>
  <id>
   867444800
  </id>
  <name>
   Fila Skirt A-2929
  </name>
  <category>
   Skirt
  </category>
  <size>
   XXL
  </size>
  <color>
   Голубой
  </color>
  <material>
   Вискоза
  </material>
  <price>
   395038
  </price>
  <rating>
   2.29
  </rating>
  <reviews>
   469925
  </reviews>
  <exclusive>
   no
  </exclusive>
 </clothing>
 <clothing>
  <id>
   543438860
  </id>
  <name>
   Ellesse Jeans C-8689
  </name>
  <category>
   Jeans
  </category>
  <size>
   XXL
  </size>
  <color>
   Синий
  </color>
  <material>
   Хлопок
  </material>
  <price>
   835723
  </price>
  <rating>
   1.62
  </rating>
  <reviews>
   715275
  </reviews>
 </clothing>
 <clothing>
  <id>
   143931166
  </id>
  <name>
   Adidas Gloves T-2536
  </name>
  <category>
   Gloves
  </category>
  <size>
   XXL
  </size>
  <color>
   Синий
  </color>
  <material>
   Вискоза
  </material>
  <price>
   829244
  </price>
  <rating>
   4.52
  </rating>
  <reviews>
   887084
  </reviews>
  <sporty>
   yes
  </sporty>
 </clothing>
</clothing-items>
