<?xml version="1.0" encoding="utf-8"?>
<clothing-items>
 <clothing>
  <id>
   626439678
  </id>
  <name>
   Adidas Sweater I-5827
  </name>
  <category>
   Sweater
  </category>
  <size>
   L
  </size>
  <color>
   Желтый
  </color>
  <material>
   Нейлон
  </material>
  <price>
   688088
  </price>
  <rating>
   3.31
  </rating>
  <reviews>
   545702
  </reviews>
  <new>
   -
  </new>
  <exclusive>
   no
  </exclusive>
 </clothing>
 <clothing>
  <id>
   806193073
  </id>
  <name>
   Puma Jeans E-4822
  </name>
  <category>
   Jeans
  </category>
  <size>
   M
  </size>
  <color>
   Голубой
  </color>
  <material>
   Нейлон
  </material>
  <price>
   703887
  </price>
  <rating>
   4.45
  </rating>
  <reviews>
   664316
  </reviews>
  <new>
   +
  </new>
  <exclusive>
   no
  </exclusive>
  <sporty>
   yes
  </sporty>
 </clothing>
 <clothing>
  <id>
   449748526
  </id>
  <name>
   Vans Belts O-4592
  </name>
  <category>
   Belts
  </category>
  <size>
   XXL
  </size>
  <color>
   Оранжевый
  </color>
  <material>
   Кожа
  </material>
  <price>
   620843
  </price>
  <rating>
   2.64
  </rating>
  <reviews>
   26795
  </reviews>
  <new>
   -
  </new>
  <exclusive>
   yes
  </exclusive>
  <sporty>
   yes
  </sporty>
 </clothing>
 <clothing>
  <id>
   121419283
  </id>
  <name>
   Ellesse Blouse J-3139
  </name>
  <category>
   Blouse
  </category>
  <size>
   XXL
  </size>
  <color>
   Красный
  </color>
  <material>
   Шерсть
  </material>
  <price>
   539820
  </price>
  <rating>
   3.08
  </rating>
  <reviews>
   349393
  </reviews>
  <exclusive>
   yes
  </exclusive>
  <sporty>
   no
  </sporty>
 </clothing>
 <clothing>
  <id>
   376893344
  </id>
  <name>
   Lacoste Jacket R-6125
  </name>
  <category>
   Jacket
  </category>
  <size>
   XXL
  </size>
  <color>
   Желтый
  </color>
  <material>
   Шерсть
  </material>
  <price>
   595027
  </price>
  <rating>
   4.16
  </rating>
  <reviews>
   885062
  </reviews>
  <exclusive>
   no
  </exclusive>
 </clothing>
 <clothing>
  <id>
   748785750
  </id>
  <name>
   Under Armour Jeans P-8119
  </name>
  <category>
   Jeans
  </category>
  <size>
   L
  </size>
  <color>
   Голубой
  </color>
  <material>
   Нейлон
  </material>
  <price>
   133452
  </price>
  <rating>
   1.11
  </rating>
  <reviews>
   391272
  </reviews>
  <new>
   +
  </new>
  <exclusive>
   yes
  </exclusive>
 </clothing>
 <clothing>
  <id>
   441317012
  </id>
  <name>
   Fila Shoes P-2111
  </name>
  <category>
   Shoes
  </category>
  <size>
   M
  </size>
  <color>
   Оранжевый
  </color>
  <material>
   Полиэстер
  </material>
  <price>
   234467
  </price>
  <rating>
   3.99
  </rating>
  <reviews>
   794176
  </reviews>
  <new>
   -
  </new>
  <exclusive>
   no
  </exclusive>
 </clothing>
 <clothing>
  <id>
   512996399
  </id>
  <name>
   Addidas Socks T-8781
  </name>
  <category>
   Socks
  </category>
  <size>
   S
  </size>
  <color>
   Голубой
  </color>
  <material>
   Хлопок
  </material>
  <price>
   450009
  </price>
  <rating>
   2.79
  </rating>
  <reviews>
   805385
  </reviews>
  <exclusive>
   yes
  </exclusive>
 </clothing>
 <clothing>
  <id>
   248463749
  </id>
  <name>
   Ellesse Hat W-7510
  </name>
  <category>
   Hat
  </category>
  <size>
   XL
  </size>
  <color>
   Фиолетовый
  </color>
  <material>
   Лен
  </material>
  <price>
   125175
  </price>
  <rating>
   2.47
  </rating>
  <reviews>
   702636
  </reviews>
  <new>
   -
  </new>
 </clothing>
 <clothing>
  <id>
   695442027
  </id>
  <name>
   Reebok Shirt J-1290
  </name>
  <category>
   Shirt
  </category>
  <size>
   XL
  </size>
  <color>
   Красный
  </color>
  <material>
   Вискоза
  </material>
  <price>
   333461
  </price>
  <rating>
   2.33
  </rating>
  <reviews>
   470554
  </reviews>
  <exclusive>
   no
  </exclusive>
 </clothing>
 <clothing>
  <id>
   818740533
  </id>
  <name>
   Asics Blouse U-3843
  </name>
  <category>
   Blouse
  </category>
  <size>
   XXL
  </size>
  <color>
   Синий
  </color>
  <material>
   Кожа
  </material>
  <price>
   551934
  </price>
  <rating>
   3.97
  </rating>
  <reviews>
   971861
  </reviews>
  <new>
   -
  </new>
  <exclusive>
   no
  </exclusive>
  <sporty>
   yes
  </sporty>
 </clothing>
 <clothing>
  <id>
   460015296
  </id>
  <name>
   Converse Umbrellas P-5925
  </name>
  <category>
   Umbrellas
  </category>
  <size>
   S
  </size>
  <color>
   Фиолетовый
  </color>
  <material>
   Шерсть
  </material>
  <price>
   289663
  </price>
  <rating>
   4.39
  </rating>
  <reviews>
   5216
  </reviews>
  <new>
   -
  </new>
  <exclusive>
   no
  </exclusive>
  <sporty>
   no
  </sporty>
 </clothing>
 <clothing>
  <id>
   911087748
  </id>
  <name>
   Reebok Hat E-7283
  </name>
  <category>
   Hat
  </category>
  <size>
   L
  </size>
  <color>
   Зеленый
  </color>
  <material>
   Шелк
  </material>
  <price>
   662156
  </price>
  <rating>
   4.55
  </rating>
  <reviews>
   562449
  </reviews>
  <exclusive>
   no
  </exclusive>
  <sporty>
   no
  </sporty>
 </clothing>
</clothing-items>
