<?xml version="1.0" encoding="utf-8"?>
<clothing-items>
 <clothing>
  <id>
   943025133
  </id>
  <name>
   Nike Gloves N-3108
  </name>
  <category>
   Gloves
  </category>
  <size>
   M
  </size>
  <color>
   Голубой
  </color>
  <material>
   Хлопок
  </material>
  <price>
   636434
  </price>
  <rating>
   1.43
  </rating>
  <reviews>
   606393
  </reviews>
  <new>
   -
  </new>
  <exclusive>
   no
  </exclusive>
  <sporty>
   yes
  </sporty>
 </clothing>
 <clothing>
  <id>
   496891487
  </id>
  <name>
   DC Sweater K-6528
  </name>
  <category>
   Sweater
  </category>
  <size>
   S
  </size>
  <color>
   Оранжевый
  </color>
  <material>
   Полиэстер
  </material>
  <price>
   694207
  </price>
  <rating>
   4.27
  </rating>
  <reviews>
   73436
  </reviews>
  <new>
   -
  </new>
  <exclusive>
   no
  </exclusive>
  <sporty>
   yes
  </sporty>
 </clothing>
 <clothing>
  <id>
   991303756
  </id>
  <name>
   DC Umbrellas S-6875
  </name>
  <category>
   Umbrellas
  </category>
  <size>
   XL
  </size>
  <color>
   Фиолетовый
  </color>
  <material>
   Шерсть
  </material>
  <price>
   561887
  </price>
  <rating>
   1.03
  </rating>
  <reviews>
   47835
  </reviews>
  <exclusive>
   yes
  </exclusive>
 </clothing>
 <clothing>
  <id>
   717383024
  </id>
  <name>
   Ellesse Jacket T-6435
  </name>
  <category>
   Jacket
  </category>
  <size>
   XXL
  </size>
  <color>
   Зеленый
  </color>
  <material>
   Шерсть
  </material>
  <price>
   170166
  </price>
  <rating>
   3.27
  </rating>
  <reviews>
   264824
  </reviews>
  <new>
   +
  </new>
  <exclusive>
   no
  </exclusive>
  <sporty>
   yes
  </sporty>
 </clothing>
 <clothing>
  <id>
   723914313
  </id>
  <name>
   Addidas Socks E-3439
  </name>
  <category>
   Socks
  </category>
  <size>
   XL
  </size>
  <color>
   Синий
  </color>
  <material>
   Кожа
  </material>
  <price>
   955540
  </price>
  <rating>
   1.64
  </rating>
  <reviews>
   845829
  </reviews>
  <new>
   +
  </new>
  <exclusive>
   no
  </exclusive>
  <sporty>
   no
  </sporty>
 </clothing>
 <clothing>
  <id>
   150829283
  </id>
  <name>
   Fila Blouse M-7509
  </name>
  <category>
   Blouse
  </category>
  <size>
   S
  </size>
  <color>
   Оранжевый
  </color>
  <material>
   Шелк
  </material>
  <price>
   206295
  </price>
  <rating>
   3.81
  </rating>
  <reviews>
   299413
  </reviews>
 </clothing>
 <clothing>
  <id>
   532336046
  </id>
  <name>
   Converse Hat Q-1987
  </name>
  <category>
   Hat
  </category>
  <size>
   XL
  </size>
  <color>
   Фиолетовый
  </color>
  <material>
   Полиэстер
  </material>
  <price>
   989092
  </price>
  <rating>
   2.63
  </rating>
  <reviews>
   411185
  </reviews>
  <new>
   -
  </new>
  <sporty>
   yes
  </sporty>
 </clothing>
 <clothing>
  <id>
   169555920
  </id>
  <name>
   Adidas Shoes V-3511
  </name>
  <category>
   Shoes
  </category>
  <size>
   M
  </size>
  <color>
   Синий
  </color>
  <material>
   Полиэстер
  </material>
  <price>
   805139
  </price>
  <rating>
   1.09
  </rating>
  <reviews>
   202799
  </reviews>
  <exclusive>
   no
  </exclusive>
 </clothing>
 <clothing>
  <id>
   448541799
  </id>
  <name>
   Converse Dress K-3099
  </name>
  <category>
   Dress
  </category>
  <size>
   XL
  </size>
  <color>
   Голубой
  </color>
  <material>
   Нейлон
  </material>
  <price>
   806301
  </price>
  <rating>
   1.59
  </rating>
  <reviews>
   260396
  </reviews>
  <new>
   +
  </new>
 </clothing>
 <clothing>
  <id>
   713790739
  </id>
  <name>
   Brooks Handbags D-4906
  </name>
  <category>
   Handbags
  </category>
  <size>
   XL
  </size>
  <color>
   Фиолетовый
  </color>
  <material>
   Хлопок
  </material>
  <price>
   111578
  </price>
  <rating>
   3.45
  </rating>
  <reviews>
   809629
  </reviews>
  <exclusive>
   yes
  </exclusive>
  <sporty>
   no
  </sporty>
 </clothing>
 <clothing>
  <id>
   451698848
  </id>
  <name>
   Lacoste Gloves F-2208
  </name>
  <category>
   Gloves
  </category>
  <size>
   S
  </size>
  <color>
   Голубой
  </color>
  <material>
   Шерсть
  </material>
  <price>
   672543
  </price>
  <rating>
   1.31
  </rating>
  <reviews>
   452281
  </reviews>
  <new>
   +
  </new>
 </clothing>
 <clothing>
  <id>
   242423502
  </id>
  <name>
   New Balance Shirt V-3156
  </name>
  <category>
   Shirt
  </category>
  <size>
   XXL
  </size>
  <color>
   Желтый
  </color>
  <material>
   Вискоза
  </material>
  <price>
   812256
  </price>
  <rating>
   4.18
  </rating>
  <reviews>
   417773
  </reviews>
  <exclusive>
   no
  </exclusive>
  <sporty>
   yes
  </sporty>
 </clothing>
 <clothing>
  <id>
   527112408
  </id>
  <name>
   PleinSport Dress L-1175
  </name>
  <category>
   Dress
  </category>
  <size>
   XXL
  </size>
  <color>
   Желтый
  </color>
  <material>
   Шелк
  </material>
  <price>
   974079
  </price>
  <rating>
   1.22
  </rating>
  <reviews>
   291305
  </reviews>
  <new>
   -
  </new>
  <exclusive>
   no
  </exclusive>
 </clothing>
 <clothing>
  <id>
   113222697
  </id>
  <name>
   New Balance T-shirt R-4576
  </name>
  <category>
   T-shirt
  </category>
  <size>
   XL
  </size>
  <color>
   Зеленый
  </color>
  <material>
   Полиэстер
  </material>
  <price>
   763557
  </price>
  <rating>
   4.44
  </rating>
  <reviews>
   170116
  </reviews>
  <new>
   +
  </new>
  <sporty>
   no
  </sporty>
 </clothing>
 <clothing>
  <id>
   713138796
  </id>
  <name>
   Brooks Dress L-9767
  </name>
  <category>
   Dress
  </category>
  <size>
   L
  </size>
  <color>
   Зеленый
  </color>
  <material>
   Лен
  </material>
  <price>
   300818
  </price>
  <rating>
   1.41
  </rating>
  <reviews>
   557243
  </reviews>
  <sporty>
   yes
  </sporty>
 </clothing>
 <clothing>
  <id>
   160953137
  </id>
  <name>
   PleinSport T-shirt L-1753
  </name>
  <category>
   T-shirt
  </category>
  <size>
   XL
  </size>
  <color>
   Зеленый
  </color>
  <material>
   Шерсть
  </material>
  <price>
   462196
  </price>
  <rating>
   2.3
  </rating>
  <reviews>
   557101
  </reviews>
  <exclusive>
   no
  </exclusive>
  <sporty>
   yes
  </sporty>
 </clothing>
 <clothing>
  <id>
   382808157
  </id>
  <name>
   Reebok Shoes O-2495
  </name>
  <category>
   Shoes
  </category>
  <size>
   L
  </size>
  <color>
   Красный
  </color>
  <material>
   Полиэстер
  </material>
  <price>
   160673
  </price>
  <rating>
   3.92
  </rating>
  <reviews>
   488391
  </reviews>
  <exclusive>
   no
  </exclusive>
  <sporty>
   yes
  </sporty>
 </clothing>
 <clothing>
  <id>
   626438506
  </id>
  <name>
   Reebok Pants F-3012
  </name>
  <category>
   Pants
  </category>
  <size>
   S
  </size>
  <color>
   Оранжевый
  </color>
  <material>
   Нейлон
  </material>
  <price>
   788827
  </price>
  <rating>
   4.89
  </rating>
  <reviews>
   979343
  </reviews>
  <exclusive>
   yes
  </exclusive>
  <sporty>
   no
  </sporty>
 </clothing>
 <clothing>
  <id>
   678821233
  </id>
  <name>
   New Balance Shirt G-3612
  </name>
  <category>
   Shirt
  </category>
  <size>
   XL
  </size>
  <color>
   Зеленый
  </color>
  <material>
   Нейлон
  </material>
  <price>
   456994
  </price>
  <rating>
   2.42
  </rating>
  <reviews>
   928390
  </reviews>
  <exclusive>
   yes
  </exclusive>
 </clothing>
 <clothing>
  <id>
   105940139
  </id>
  <name>
   DC Dress X-4806
  </name>
  <category>
   Dress
  </category>
  <size>
   L
  </size>
  <color>
   Желтый
  </color>
  <material>
   Шерсть
  </material>
  <price>
   912388
  </price>
  <rating>
   3.08
  </rating>
  <reviews>
   642195
  </reviews>
  <new>
   -
  </new>
  <exclusive>
   no
  </exclusive>
 </clothing>
 <clothing>
  <id>
   668622700
  </id>
  <name>
   Adidas Jeans M-7772
  </name>
  <category>
   Jeans
  </category>
  <size>
   S
  </size>
  <color>
   Синий
  </color>
  <material>
   Кожа
  </material>
  <price>
   849782
  </price>
  <rating>
   1.45
  </rating>
  <reviews>
   445290
  </reviews>
 </clothing>
 <clothing>
  <id>
   920938103
  </id>
  <name>
   Addidas T-shirt R-5268
  </name>
  <category>
   T-shirt
  </category>
  <size>
   XL
  </size>
  <color>
   Желтый
  </color>
  <material>
   Вискоза
  </material>
  <price>
   403959
  </price>
  <rating>
   3.11
  </rating>
  <reviews>
   126840
  </reviews>
  <new>
   +
  </new>
  <exclusive>
   no
  </exclusive>
  <sporty>
   no
  </sporty>
 </clothing>
 <clothing>
  <id>
   155129058
  </id>
  <name>
   Asics Socks F-8371
  </name>
  <category>
   Socks
  </category>
  <size>
   XL
  </size>
  <color>
   Красный
  </color>
  <material>
   Нейлон
  </material>
  <price>
   418471
  </price>
  <rating>
   1.6
  </rating>
  <reviews>
   669492
  </reviews>
  <new>
   -
  </new>
  <exclusive>
   no
  </exclusive>
  <sporty>
   no
  </sporty>
 </clothing>
 <clothing>
  <id>
   722410438
  </id>
  <name>
   Nike Handbags X-6517
  </name>
  <category>
   Handbags
  </category>
  <size>
   XL
  </size>
  <color>
   Зеленый
  </color>
  <material>
   Лен
  </material>
  <price>
   220837
  </price>
  <rating>
   4.3
  </rating>
  <reviews>
   299616
  </reviews>
  <new>
   -
  </new>
  <exclusive>
   no
  </exclusive>
  <sporty>
   yes
  </sporty>
 </clothing>
 <clothing>
  <id>
   768907135
  </id>
  <name>
   PleinSport Umbrellas I-8862
  </name>
  <category>
   Umbrellas
  </category>
  <size>
   M
  </size>
  <color>
   Фиолетовый
  </color>
  <material>
   Лен
  </material>
  <price>
   357089
  </price>
  <rating>
   3.38
  </rating>
  <reviews>
   792187
  </reviews>
  <new>
   -
  </new>
  <exclusive>
   no
  </exclusive>
  <sporty>
   no
  </sporty>
 </clothing>
 <clothing>
  <id>
   928724819
  </id>
  <name>
   Fila T-shirt M-4478
  </name>
  <category>
   T-shirt
  </category>
  <size>
   XL
  </size>
  <color>
   Красный
  </color>
  <material>
   Шерсть
  </material>
  <price>
   714738
  </price>
  <rating>
   3.06
  </rating>
  <reviews>
   527813
  </reviews>
  <new>
   -
  </new>
  <exclusive>
   no
  </exclusive>
 </clothing>
 <clothing>
  <id>
   644949216
  </id>
  <name>
   Adidas T-shirt C-2679
  </name>
  <category>
   T-shirt
  </category>
  <size>
   S
  </size>
  <color>
   Оранжевый
  </color>
  <material>
   Хлопок
  </material>
  <price>
   158264
  </price>
  <rating>
   2.53
  </rating>
  <reviews>
   428553
  </reviews>
  <new>
   +
  </new>
  <exclusive>
   no
  </exclusive>
  <sporty>
   no
  </sporty>
 </clothing>
 <clothing>
  <id>
   547201885
  </id>
  <name>
   Nike Shoes X-5452
  </name>
  <category>
   Shoes
  </category>
  <size>
   M
  </size>
  <color>
   Красный
  </color>
  <material>
   Нейлон
  </material>
  <price>
   853870
  </price>
  <rating>
   2.99
  </rating>
  <reviews>
   776292
  </reviews>
  <new>
   -
  </new>
  <exclusive>
   no
  </exclusive>
 </clothing>
 <clothing>
  <id>
   501848752
  </id>
  <name>
   Fila Skirt N-7347
  </name>
  <category>
   Skirt
  </category>
  <size>
   L
  </size>
  <color>
   Красный
  </color>
  <material>
   Хлопок
  </material>
  <price>
   149474
  </price>
  <rating>
   4.09
  </rating>
  <reviews>
   384661
  </reviews>
  <new>
   +
  </new>
  <sporty>
   yes
  </sporty>
 </clothing>
 <clothing>
  <id>
   243947024
  </id>
  <name>
   Asics Umbrellas N-8767
  </name>
  <category>
   Umbrellas
  </category>
  <size>
   L
  </size>
  <color>
   Оранжевый
  </color>
  <material>
   Полиэстер
  </material>
  <price>
   938365
  </price>
  <rating>
   3.98
  </rating>
  <reviews>
   349143
  </reviews>
  <new>
   -
  </new>
  <sporty>
   yes
  </sporty>
 </clothing>
 <clothing>
  <id>
   998813957
  </id>
  <name>
   Puma T-shirt Z-8086
  </name>
  <category>
   T-shirt
  </category>
  <size>
   XL
  </size>
  <color>
   Фиолетовый
  </color>
  <material>
   Кожа
  </material>
  <price>
   638110
  </price>
  <rating>
   1.75
  </rating>
  <reviews>
   322852
  </reviews>
  <exclusive>
   no
  </exclusive>
  <sporty>
   yes
  </sporty>
 </clothing>
 <clothing>
  <id>
   908918001
  </id>
  <name>
   Fila Jeans T-1581
  </name>
  <category>
   Jeans
  </category>
  <size>
   S
  </size>
  <color>
   Фиолетовый
  </color>
  <material>
   Шерсть
  </material>
  <price>
   608484
  </price>
  <rating>
   2.78
  </rating>
  <reviews>
   823545
  </reviews>
  <exclusive>
   no
  </exclusive>
  <sporty>
   no
  </sporty>
 </clothing>
 <clothing>
  <id>
   866398582
  </id>
  <name>
   PleinSport Handbags Z-2218
  </name>
  <category>
   Handbags
  </category>
  <size>
   M
  </size>
  <color>
   Голубой
  </color>
  <material>
   Лен
  </material>
  <price>
   859333
  </price>
  <rating>
   4.09
  </rating>
  <reviews>
   388562
  </reviews>
  <exclusive>
   no
  </exclusive>
  <sporty>
   yes
  </sporty>
 </clothing>
 <clothing>
  <id>
   430413644
  </id>
  <name>
   PleinSport Shirt F-3222
  </name>
  <category>
   Shirt
  </category>
  <size>
   M
  </size>
  <color>
   Красный
  </color>
  <material>
   Полиэстер
  </material>
  <price>
   268130
  </price>
  <rating>
   4.86
  </rating>
  <reviews>
   585108
  </reviews>
  <new>
   -
  </new>
  <exclusive>
   yes
  </exclusive>
 </clothing>
 <clothing>
  <id>
   873117609
  </id>
  <name>
   Brooks Gloves E-1086
  </name>
  <category>
   Gloves
  </category>
  <size>
   XL
  </size>
  <color>
   Фиолетовый
  </color>
  <material>
   Шерсть
  </material>
  <price>
   270934
  </price>
  <rating>
   1.55
  </rating>
  <reviews>
   304165
  </reviews>
  <exclusive>
   no
  </exclusive>
  <sporty>
   yes
  </sporty>
 </clothing>
 <clothing>
  <id>
   773731855
  </id>
  <name>
   Puma Shirt M-8888
  </name>
  <category>
   Shirt
  </category>
  <size>
   XXL
  </size>
  <color>
   Голубой
  </color>
  <material>
   Нейлон
  </material>
  <price>
   801535
  </price>
  <rating>
   2.04
  </rating>
  <reviews>
   26592
  </reviews>
  <new>
   -
  </new>
 </clothing>
 <clothing>
  <id>
   309099730
  </id>
  <name>
   Puma Blouse Q-4122
  </name>
  <category>
   Blouse
  </category>
  <size>
   L
  </size>
  <color>
   Желтый
  </color>
  <material>
   Шелк
  </material>
  <price>
   336874
  </price>
  <rating>
   3.13
  </rating>
  <reviews>
   759798
  </reviews>
  <new>
   +
  </new>
  <sporty>
   no
  </sporty>
 </clothing>
 <clothing>
  <id>
   257718051
  </id>
  <name>
   Under Armour Shoes Y-9277
  </name>
  <category>
   Shoes
  </category>
  <size>
   XL
  </size>
  <color>
   Оранжевый
  </color>
  <material>
   Полиэстер
  </material>
  <price>
   726150
  </price>
  <rating>
   1.72
  </rating>
  <reviews>
   323004
  </reviews>
  <new>
   +
  </new>
  <sporty>
   yes
  </sporty>
 </clothing>
 <clothing>
  <id>
   210482679
  </id>
  <name>
   Addidas T-shirt I-7797
  </name>
  <category>
   T-shirt
  </category>
  <size>
   S
  </size>
  <color>
   Фиолетовый
  </color>
  <material>
   Шелк
  </material>
  <price>
   489259
  </price>
  <rating>
   2.98
  </rating>
  <reviews>
   788598
  </reviews>
  <exclusive>
   no
  </exclusive>
  <sporty>
   no
  </sporty>
 </clothing>
 <clothing>
  <id>
   472357752
  </id>
  <name>
   Nike Belts K-5835
  </name>
  <category>
   Belts
  </category>
  <size>
   L
  </size>
  <color>
   Синий
  </color>
  <material>
   Полиэстер
  </material>
  <price>
   403055
  </price>
  <rating>
   3.98
  </rating>
  <reviews>
   714784
  </reviews>
  <new>
   -
  </new>
  <sporty>
   yes
  </sporty>
 </clothing>
 <clothing>
  <id>
   996410346
  </id>
  <name>
   New Balance Shirt M-1534
  </name>
  <category>
   Shirt
  </category>
  <size>
   XXL
  </size>
  <color>
   Синий
  </color>
  <material>
   Полиэстер
  </material>
  <price>
   407765
  </price>
  <rating>
   4.36
  </rating>
  <reviews>
   586856
  </reviews>
  <new>
   -
  </new>
 </clothing>
 <clothing>
  <id>
   564327515
  </id>
  <name>
   Nike Shirt K-1454
  </name>
  <category>
   Shirt
  </category>
  <size>
   XXL
  </size>
  <color>
   Красный
  </color>
  <material>
   Нейлон
  </material>
  <price>
   746904
  </price>
  <rating>
   3.04
  </rating>
  <reviews>
   586757
  </reviews>
  <sporty>
   no
  </sporty>
 </clothing>
 <clothing>
  <id>
   399579636
  </id>
  <name>
   PleinSport Blouse I-6862
  </name>
  <category>
   Blouse
  </category>
  <size>
   XXL
  </size>
  <color>
   Синий
  </color>
  <material>
   Нейлон
  </material>
  <price>
   282010
  </price>
  <rating>
   3.96
  </rating>
  <reviews>
   723524
  </reviews>
  <new>
   +
  </new>
  <exclusive>
   yes
  </exclusive>
  <sporty>
   no
  </sporty>
 </clothing>
</clothing-items>
