<?xml version="1.0" encoding="utf-8"?>
<clothing-items>
 <clothing>
  <id>
   411119260
  </id>
  <name>
   Adidas Jeans U-9598
  </name>
  <category>
   Jeans
  </category>
  <size>
   XL
  </size>
  <color>
   Голубой
  </color>
  <material>
   Полиэстер
  </material>
  <price>
   553140
  </price>
  <rating>
   2.6
  </rating>
  <reviews>
   868851
  </reviews>
  <new>
   -
  </new>
  <sporty>
   no
  </sporty>
 </clothing>
 <clothing>
  <id>
   747961602
  </id>
  <name>
   Addidas Socks H-4266
  </name>
  <category>
   Socks
  </category>
  <size>
   L
  </size>
  <color>
   Желтый
  </color>
  <material>
   Нейлон
  </material>
  <price>
   948096
  </price>
  <rating>
   2.84
  </rating>
  <reviews>
   445336
  </reviews>
  <sporty>
   no
  </sporty>
 </clothing>
 <clothing>
  <id>
   311071712
  </id>
  <name>
   New Balance T-shirt C-7277
  </name>
  <category>
   T-shirt
  </category>
  <size>
   S
  </size>
  <color>
   Желтый
  </color>
  <material>
   Шелк
  </material>
  <price>
   904120
  </price>
  <rating>
   4.17
  </rating>
  <reviews>
   724616
  </reviews>
  <exclusive>
   yes
  </exclusive>
 </clothing>
 <clothing>
  <id>
   669645260
  </id>
  <name>
   Brooks Dress G-1804
  </name>
  <category>
   Dress
  </category>
  <size>
   M
  </size>
  <color>
   Синий
  </color>
  <material>
   Шелк
  </material>
  <price>
   537249
  </price>
  <rating>
   2.45
  </rating>
  <reviews>
   764739
  </reviews>
  <exclusive>
   no
  </exclusive>
  <sporty>
   yes
  </sporty>
 </clothing>
 <clothing>
  <id>
   273476795
  </id>
  <name>
   Vans Pants H-9313
  </name>
  <category>
   Pants
  </category>
  <size>
   XL
  </size>
  <color>
   Голубой
  </color>
  <material>
   Кожа
  </material>
  <price>
   374412
  </price>
  <rating>
   4.64
  </rating>
  <reviews>
   55061
  </reviews>
  <new>
   +
  </new>
  <exclusive>
   no
  </exclusive>
  <sporty>
   yes
  </sporty>
 </clothing>
 <clothing>
  <id>
   750020831
  </id>
  <name>
   Vans Umbrellas S-3454
  </name>
  <category>
   Umbrellas
  </category>
  <size>
   XL
  </size>
  <color>
   Голубой
  </color>
  <material>
   Хлопок
  </material>
  <price>
   974941
  </price>
  <rating>
   3.12
  </rating>
  <reviews>
   448656
  </reviews>
  <new>
   +
  </new>
  <exclusive>
   yes
  </exclusive>
  <sporty>
   yes
  </sporty>
 </clothing>
 <clothing>
  <id>
   913420407
  </id>
  <name>
   Nike Sweater H-8566
  </name>
  <category>
   Sweater
  </category>
  <size>
   M
  </size>
  <color>
   Оранжевый
  </color>
  <material>
   Кожа
  </material>
  <price>
   495305
  </price>
  <rating>
   2.85
  </rating>
  <reviews>
   149838
  </reviews>
  <new>
   -
  </new>
  <sporty>
   yes
  </sporty>
 </clothing>
 <clothing>
  <id>
   287348029
  </id>
  <name>
   Ellesse Skirt L-5515
  </name>
  <category>
   Skirt
  </category>
  <size>
   XXL
  </size>
  <color>
   Синий
  </color>
  <material>
   Полиэстер
  </material>
  <price>
   510897
  </price>
  <rating>
   3.47
  </rating>
  <reviews>
   840998
  </reviews>
  <new>
   -
  </new>
  <sporty>
   no
  </sporty>
 </clothing>
 <clothing>
  <id>
   493924471
  </id>
  <name>
   PleinSport Skirt S-8027
  </name>
  <category>
   Skirt
  </category>
  <size>
   XXL
  </size>
  <color>
   Красный
  </color>
  <material>
   Полиэстер
  </material>
  <price>
   230890
  </price>
  <rating>
   3.07
  </rating>
  <reviews>
   179004
  </reviews>
  <new>
   -
  </new>
  <sporty>
   no
  </sporty>
 </clothing>
 <clothing>
  <id>
   493688993
  </id>
  <name>
   Fila Shoes F-2135
  </name>
  <category>
   Shoes
  </category>
  <size>
   XL
  </size>
  <color>
   Фиолетовый
  </color>
  <material>
   Шелк
  </material>
  <price>
   200797
  </price>
  <rating>
   3.75
  </rating>
  <reviews>
   445510
  </reviews>
  <sporty>
   no
  </sporty>
 </clothing>
 <clothing>
  <id>
   873961961
  </id>
  <name>
   Brooks Socks Z-4377
  </name>
  <category>
   Socks
  </category>
  <size>
   XL
  </size>
  <color>
   Желтый
  </color>
  <material>
   Шелк
  </material>
  <price>
   931100
  </price>
  <rating>
   2.39
  </rating>
  <reviews>
   468504
  </reviews>
  <new>
   +
  </new>
  <sporty>
   no
  </sporty>
 </clothing>
 <clothing>
  <id>
   386453411
  </id>
  <name>
   Reebok Umbrellas W-2979
  </name>
  <category>
   Umbrellas
  </category>
  <size>
   L
  </size>
  <color>
   Фиолетовый
  </color>
  <material>
   Лен
  </material>
  <price>
   612810
  </price>
  <rating>
   3.7
  </rating>
  <reviews>
   766025
  </reviews>
  <new>
   -
  </new>
  <exclusive>
   yes
  </exclusive>
  <sporty>
   no
  </sporty>
 </clothing>
 <clothing>
  <id>
   436632143
  </id>
  <name>
   Under Armour Shoes D-9909
  </name>
  <category>
   Shoes
  </category>
  <size>
   M
  </size>
  <color>
   Красный
  </color>
  <material>
   Шерсть
  </material>
  <price>
   537682
  </price>
  <rating>
   4.85
  </rating>
  <reviews>
   51464
  </reviews>
  <new>
   -
  </new>
  <sporty>
   yes
  </sporty>
 </clothing>
 <clothing>
  <id>
   325584662
  </id>
  <name>
   Brooks Skirt J-6135
  </name>
  <category>
   Skirt
  </category>
  <size>
   S
  </size>
  <color>
   Голубой
  </color>
  <material>
   Шерсть
  </material>
  <price>
   600848
  </price>
  <rating>
   2.64
  </rating>
  <reviews>
   186668
  </reviews>
  <new>
   +
  </new>
 </clothing>
 <clothing>
  <id>
   966756131
  </id>
  <name>
   Converse Hat M-5499
  </name>
  <category>
   Hat
  </category>
  <size>
   L
  </size>
  <color>
   Оранжевый
  </color>
  <material>
   Шелк
  </material>
  <price>
   787806
  </price>
  <rating>
   3.47
  </rating>
  <reviews>
   46153
  </reviews>
  <new>
   -
  </new>
  <sporty>
   no
  </sporty>
 </clothing>
 <clothing>
  <id>
   791383689
  </id>
  <name>
   Fila Gloves A-1059
  </name>
  <category>
   Gloves
  </category>
  <size>
   S
  </size>
  <color>
   Оранжевый
  </color>
  <material>
   Нейлон
  </material>
  <price>
   151245
  </price>
  <rating>
   3.48
  </rating>
  <reviews>
   985762
  </reviews>
  <exclusive>
   yes
  </exclusive>
  <sporty>
   yes
  </sporty>
 </clothing>
 <clothing>
  <id>
   809584925
  </id>
  <name>
   Lacoste Jeans D-8339
  </name>
  <category>
   Jeans
  </category>
  <size>
   M
  </size>
  <color>
   Синий
  </color>
  <material>
   Хлопок
  </material>
  <price>
   931651
  </price>
  <rating>
   3.09
  </rating>
  <reviews>
   199366
  </reviews>
  <new>
   -
  </new>
  <exclusive>
   no
  </exclusive>
 </clothing>
 <clothing>
  <id>
   203533865
  </id>
  <name>
   Lacoste T-shirt Y-8477
  </name>
  <category>
   T-shirt
  </category>
  <size>
   M
  </size>
  <color>
   Оранжевый
  </color>
  <material>
   Полиэстер
  </material>
  <price>
   635761
  </price>
  <rating>
   1.66
  </rating>
  <reviews>
   399483
  </reviews>
  <new>
   +
  </new>
  <exclusive>
   no
  </exclusive>
  <sporty>
   yes
  </sporty>
 </clothing>
 <clothing>
  <id>
   729816064
  </id>
  <name>
   Lacoste Pants S-8319
  </name>
  <category>
   Pants
  </category>
  <size>
   S
  </size>
  <color>
   Желтый
  </color>
  <material>
   Нейлон
  </material>
  <price>
   996786
  </price>
  <rating>
   2.8
  </rating>
  <reviews>
   614067
  </reviews>
  <new>
   +
  </new>
  <exclusive>
   yes
  </exclusive>
  <sporty>
   no
  </sporty>
 </clothing>
 <clothing>
  <id>
   880155948
  </id>
  <name>
   Nike Blouse J-1107
  </name>
  <category>
   Blouse
  </category>
  <size>
   XL
  </size>
  <color>
   Оранжевый
  </color>
  <material>
   Хлопок
  </material>
  <price>
   959397
  </price>
  <rating>
   2.22
  </rating>
  <reviews>
   731966
  </reviews>
  <new>
   -
  </new>
  <exclusive>
   no
  </exclusive>
  <sporty>
   yes
  </sporty>
 </clothing>
 <clothing>
  <id>
   332018571
  </id>
  <name>
   New Balance Blouse S-2968
  </name>
  <category>
   Blouse
  </category>
  <size>
   L
  </size>
  <color>
   Зеленый
  </color>
  <material>
   Лен
  </material>
  <price>
   603183
  </price>
  <rating>
   3.28
  </rating>
  <reviews>
   115475
  </reviews>
  <new>
   +
  </new>
 </clothing>
</clothing-items>
