<?xml version="1.0" encoding="utf-8"?>
<clothing-items>
 <clothing>
  <id>
   792555847
  </id>
  <name>
   Nike Dress A-2417
  </name>
  <category>
   Dress
  </category>
  <size>
   L
  </size>
  <color>
   Красный
  </color>
  <material>
   Кожа
  </material>
  <price>
   408748
  </price>
  <rating>
   1.63
  </rating>
  <reviews>
   318718
  </reviews>
  <new>
   +
  </new>
  <exclusive>
   no
  </exclusive>
  <sporty>
   no
  </sporty>
 </clothing>
 <clothing>
  <id>
   546805813
  </id>
  <name>
   Converse Socks S-3724
  </name>
  <category>
   Socks
  </category>
  <size>
   XL
  </size>
  <color>
   Желтый
  </color>
  <material>
   Полиэстер
  </material>
  <price>
   332456
  </price>
  <rating>
   4.13
  </rating>
  <reviews>
   635300
  </reviews>
  <new>
   +
  </new>
  <exclusive>
   yes
  </exclusive>
 </clothing>
 <clothing>
  <id>
   111182137
  </id>
  <name>
   Nike Shirt W-9155
  </name>
  <category>
   Shirt
  </category>
  <size>
   L
  </size>
  <color>
   Фиолетовый
  </color>
  <material>
   Вискоза
  </material>
  <price>
   951825
  </price>
  <rating>
   2.08
  </rating>
  <reviews>
   283836
  </reviews>
  <new>
   +
  </new>
  <exclusive>
   no
  </exclusive>
 </clothing>
 <clothing>
  <id>
   203421191
  </id>
  <name>
   DC Socks Q-2889
  </name>
  <category>
   Socks
  </category>
  <size>
   S
  </size>
  <color>
   Желтый
  </color>
  <material>
   Кожа
  </material>
  <price>
   982396
  </price>
  <rating>
   3.94
  </rating>
  <reviews>
   223826
  </reviews>
  <new>
   +
  </new>
  <sporty>
   no
  </sporty>
 </clothing>
 <clothing>
  <id>
   138270047
  </id>
  <name>
   Lacoste Umbrellas A-2518
  </name>
  <category>
   Umbrellas
  </category>
  <size>
   XXL
  </size>
  <color>
   Желтый
  </color>
  <material>
   Хлопок
  </material>
  <price>
   419060
  </price>
  <rating>
   1.21
  </rating>
  <reviews>
   318959
  </reviews>
  <new>
   +
  </new>
  <exclusive>
   no
  </exclusive>
  <sporty>
   no
  </sporty>
 </clothing>
 <clothing>
  <id>
   981117717
  </id>
  <name>
   Addidas Shirt F-4919
  </name>
  <category>
   Shirt
  </category>
  <size>
   S
  </size>
  <color>
   Синий
  </color>
  <material>
   Шелк
  </material>
  <price>
   282241
  </price>
  <rating>
   4.98
  </rating>
  <reviews>
   97400
  </reviews>
  <new>
   -
  </new>
  <exclusive>
   no
  </exclusive>
 </clothing>
 <clothing>
  <id>
   703835249
  </id>
  <name>
   New Balance Skirt Y-1002
  </name>
  <category>
   Skirt
  </category>
  <size>
   XL
  </size>
  <color>
   Зеленый
  </color>
  <material>
   Лен
  </material>
  <price>
   981747
  </price>
  <rating>
   4.43
  </rating>
  <reviews>
   480573
  </reviews>
  <exclusive>
   no
  </exclusive>
 </clothing>
 <clothing>
  <id>
   922126442
  </id>
  <name>
   Brooks Sweater I-4914
  </name>
  <category>
   Sweater
  </category>
  <size>
   XXL
  </size>
  <color>
   Фиолетовый
  </color>
  <material>
   Лен
  </material>
  <price>
   690279
  </price>
  <rating>
   2.07
  </rating>
  <reviews>
   834748
  </reviews>
  <new>
   +
  </new>
  <exclusive>
   yes
  </exclusive>
 </clothing>
 <clothing>
  <id>
   863775821
  </id>
  <name>
   Under Armour Handbags H-8952
  </name>
  <category>
   Handbags
  </category>
  <size>
   L
  </size>
  <color>
   Красный
  </color>
  <material>
   Шерсть
  </material>
  <price>
   654882
  </price>
  <rating>
   4.37
  </rating>
  <reviews>
   466870
  </reviews>
  <exclusive>
   no
  </exclusive>
 </clothing>
 <clothing>
  <id>
   551448958
  </id>
  <name>
   DC Shirt M-2236
  </name>
  <category>
   Shirt
  </category>
  <size>
   L
  </size>
  <color>
   Голубой
  </color>
  <material>
   Кожа
  </material>
  <price>
   691700
  </price>
  <rating>
   3.97
  </rating>
  <reviews>
   988980
  </reviews>
  <new>
   +
  </new>
  <exclusive>
   yes
  </exclusive>
 </clothing>
 <clothing>
  <id>
   257599604
  </id>
  <name>
   Converse Gloves T-1077
  </name>
  <category>
   Gloves
  </category>
  <size>
   M
  </size>
  <color>
   Голубой
  </color>
  <material>
   Шерсть
  </material>
  <price>
   723451
  </price>
  <rating>
   2.49
  </rating>
  <reviews>
   840209
  </reviews>
  <exclusive>
   no
  </exclusive>
  <sporty>
   yes
  </sporty>
 </clothing>
 <clothing>
  <id>
   347615137
  </id>
  <name>
   Lacoste Blouse W-8716
  </name>
  <category>
   Blouse
  </category>
  <size>
   XXL
  </size>
  <color>
   Фиолетовый
  </color>
  <material>
   Шелк
  </material>
  <price>
   987175
  </price>
  <rating>
   1.16
  </rating>
  <reviews>
   560986
  </reviews>
  <new>
   -
  </new>
 </clothing>
 <clothing>
  <id>
   659707475
  </id>
  <name>
   Reebok Umbrellas K-6651
  </name>
  <category>
   Umbrellas
  </category>
  <size>
   XXL
  </size>
  <color>
   Фиолетовый
  </color>
  <material>
   Кожа
  </material>
  <price>
   135010
  </price>
  <rating>
   4.48
  </rating>
  <reviews>
   180647
  </reviews>
 </clothing>
 <clothing>
  <id>
   648126215
  </id>
  <name>
   Converse Jeans Z-7791
  </name>
  <category>
   Jeans
  </category>
  <size>
   XXL
  </size>
  <color>
   Желтый
  </color>
  <material>
   Кожа
  </material>
  <price>
   211112
  </price>
  <rating>
   3.51
  </rating>
  <reviews>
   335850
  </reviews>
  <sporty>
   no
  </sporty>
 </clothing>
 <clothing>
  <id>
   365607255
  </id>
  <name>
   Fila Skirt X-2052
  </name>
  <category>
   Skirt
  </category>
  <size>
   XL
  </size>
  <color>
   Фиолетовый
  </color>
  <material>
   Кожа
  </material>
  <price>
   441814
  </price>
  <rating>
   1.05
  </rating>
  <reviews>
   245251
  </reviews>
  <exclusive>
   no
  </exclusive>
 </clothing>
 <clothing>
  <id>
   731586764
  </id>
  <name>
   Puma Pants S-7976
  </name>
  <category>
   Pants
  </category>
  <size>
   M
  </size>
  <color>
   Красный
  </color>
  <material>
   Вискоза
  </material>
  <price>
   243185
  </price>
  <rating>
   3.14
  </rating>
  <reviews>
   859954
  </reviews>
  <new>
   +
  </new>
 </clothing>
 <clothing>
  <id>
   291035328
  </id>
  <name>
   Converse Gloves T-9630
  </name>
  <category>
   Gloves
  </category>
  <size>
   S
  </size>
  <color>
   Фиолетовый
  </color>
  <material>
   Хлопок
  </material>
  <price>
   675048
  </price>
  <rating>
   3.53
  </rating>
  <reviews>
   949445
  </reviews>
  <new>
   -
  </new>
  <exclusive>
   yes
  </exclusive>
  <sporty>
   no
  </sporty>
 </clothing>
 <clothing>
  <id>
   917968989
  </id>
  <name>
   Converse Jacket V-1555
  </name>
  <category>
   Jacket
  </category>
  <size>
   L
  </size>
  <color>
   Синий
  </color>
  <material>
   Нейлон
  </material>
  <price>
   166632
  </price>
  <rating>
   2.79
  </rating>
  <reviews>
   965873
  </reviews>
  <new>
   -
  </new>
  <exclusive>
   yes
  </exclusive>
  <sporty>
   no
  </sporty>
 </clothing>
 <clothing>
  <id>
   507207880
  </id>
  <name>
   Reebok Belts V-5046
  </name>
  <category>
   Belts
  </category>
  <size>
   XL
  </size>
  <color>
   Красный
  </color>
  <material>
   Шелк
  </material>
  <price>
   399594
  </price>
  <rating>
   2.1
  </rating>
  <reviews>
   596208
  </reviews>
  <new>
   -
  </new>
  <sporty>
   no
  </sporty>
 </clothing>
 <clothing>
  <id>
   197904394
  </id>
  <name>
   Vans Pants G-7882
  </name>
  <category>
   Pants
  </category>
  <size>
   XXL
  </size>
  <color>
   Зеленый
  </color>
  <material>
   Вискоза
  </material>
  <price>
   170292
  </price>
  <rating>
   1.16
  </rating>
  <reviews>
   718083
  </reviews>
  <new>
   +
  </new>
 </clothing>
 <clothing>
  <id>
   819849314
  </id>
  <name>
   Vans Umbrellas H-6205
  </name>
  <category>
   Umbrellas
  </category>
  <size>
   L
  </size>
  <color>
   Голубой
  </color>
  <material>
   Шелк
  </material>
  <price>
   373245
  </price>
  <rating>
   3.05
  </rating>
  <reviews>
   833176
  </reviews>
  <new>
   -
  </new>
  <exclusive>
   no
  </exclusive>
  <sporty>
   yes
  </sporty>
 </clothing>
 <clothing>
  <id>
   856801207
  </id>
  <name>
   Adidas Shirt G-7310
  </name>
  <category>
   Shirt
  </category>
  <size>
   XXL
  </size>
  <color>
   Оранжевый
  </color>
  <material>
   Лен
  </material>
  <price>
   886766
  </price>
  <rating>
   1.6
  </rating>
  <reviews>
   659675
  </reviews>
  <new>
   -
  </new>
  <exclusive>
   no
  </exclusive>
 </clothing>
 <clothing>
  <id>
   965809157
  </id>
  <name>
   Reebok Jeans U-7918
  </name>
  <category>
   Jeans
  </category>
  <size>
   XL
  </size>
  <color>
   Оранжевый
  </color>
  <material>
   Кожа
  </material>
  <price>
   364539
  </price>
  <rating>
   1.92
  </rating>
  <reviews>
   343716
  </reviews>
  <new>
   +
  </new>
 </clothing>
 <clothing>
  <id>
   636415000
  </id>
  <name>
   DC Pants Y-1698
  </name>
  <category>
   Pants
  </category>
  <size>
   XXL
  </size>
  <color>
   Фиолетовый
  </color>
  <material>
   Шерсть
  </material>
  <price>
   423548
  </price>
  <rating>
   3.4
  </rating>
  <reviews>
   469953
  </reviews>
  <new>
   +
  </new>
  <exclusive>
   yes
  </exclusive>
 </clothing>
 <clothing>
  <id>
   946520462
  </id>
  <name>
   Ellesse T-shirt N-9323
  </name>
  <category>
   T-shirt
  </category>
  <size>
   M
  </size>
  <color>
   Желтый
  </color>
  <material>
   Шелк
  </material>
  <price>
   413651
  </price>
  <rating>
   3.37
  </rating>
  <reviews>
   810007
  </reviews>
  <sporty>
   yes
  </sporty>
 </clothing>
 <clothing>
  <id>
   675802707
  </id>
  <name>
   Ellesse Socks L-6570
  </name>
  <category>
   Socks
  </category>
  <size>
   M
  </size>
  <color>
   Синий
  </color>
  <material>
   Шелк
  </material>
  <price>
   748724
  </price>
  <rating>
   3.29
  </rating>
  <reviews>
   754048
  </reviews>
  <new>
   -
  </new>
  <exclusive>
   yes
  </exclusive>
  <sporty>
   no
  </sporty>
 </clothing>
 <clothing>
  <id>
   735052501
  </id>
  <name>
   Puma Jacket E-9356
  </name>
  <category>
   Jacket
  </category>
  <size>
   M
  </size>
  <color>
   Зеленый
  </color>
  <material>
   Лен
  </material>
  <price>
   817315
  </price>
  <rating>
   4.75
  </rating>
  <reviews>
   275326
  </reviews>
  <new>
   -
  </new>
  <sporty>
   no
  </sporty>
 </clothing>
 <clothing>
  <id>
   256746277
  </id>
  <name>
   Addidas Skirt R-8126
  </name>
  <category>
   Skirt
  </category>
  <size>
   XXL
  </size>
  <color>
   Синий
  </color>
  <material>
   Шерсть
  </material>
  <price>
   838767
  </price>
  <rating>
   1.18
  </rating>
  <reviews>
   57056
  </reviews>
 </clothing>
 <clothing>
  <id>
   890382436
  </id>
  <name>
   Converse Gloves A-1248
  </name>
  <category>
   Gloves
  </category>
  <size>
   XXL
  </size>
  <color>
   Синий
  </color>
  <material>
   Вискоза
  </material>
  <price>
   983502
  </price>
  <rating>
   1.74
  </rating>
  <reviews>
   974271
  </reviews>
  <exclusive>
   yes
  </exclusive>
  <sporty>
   no
  </sporty>
 </clothing>
 <clothing>
  <id>
   546824597
  </id>
  <name>
   Nike Shoes J-9169
  </name>
  <category>
   Shoes
  </category>
  <size>
   XXL
  </size>
  <color>
   Голубой
  </color>
  <material>
   Шерсть
  </material>
  <price>
   310619
  </price>
  <rating>
   3.98
  </rating>
  <reviews>
   654407
  </reviews>
  <exclusive>
   yes
  </exclusive>
  <sporty>
   no
  </sporty>
 </clothing>
 <clothing>
  <id>
   984086688
  </id>
  <name>
   Puma Shoes F-1117
  </name>
  <category>
   Shoes
  </category>
  <size>
   M
  </size>
  <color>
   Голубой
  </color>
  <material>
   Нейлон
  </material>
  <price>
   993191
  </price>
  <rating>
   2.21
  </rating>
  <reviews>
   14221
  </reviews>
  <new>
   +
  </new>
  <sporty>
   yes
  </sporty>
 </clothing>
 <clothing>
  <id>
   954239570
  </id>
  <name>
   Addidas Sweater L-3013
  </name>
  <category>
   Sweater
  </category>
  <size>
   M
  </size>
  <color>
   Оранжевый
  </color>
  <material>
   Шерсть
  </material>
  <price>
   953688
  </price>
  <rating>
   3.52
  </rating>
  <reviews>
   458179
  </reviews>
  <sporty>
   yes
  </sporty>
 </clothing>
 <clothing>
  <id>
   493017861
  </id>
  <name>
   Converse Belts G-1673
  </name>
  <category>
   Belts
  </category>
  <size>
   L
  </size>
  <color>
   Красный
  </color>
  <material>
   Шелк
  </material>
  <price>
   813559
  </price>
  <rating>
   2.83
  </rating>
  <reviews>
   668650
  </reviews>
  <new>
   +
  </new>
  <exclusive>
   yes
  </exclusive>
 </clothing>
 <clothing>
  <id>
   886737447
  </id>
  <name>
   Adidas Jeans G-9448
  </name>
  <category>
   Jeans
  </category>
  <size>
   L
  </size>
  <color>
   Фиолетовый
  </color>
  <material>
   Вискоза
  </material>
  <price>
   914035
  </price>
  <rating>
   1.68
  </rating>
  <reviews>
   846086
  </reviews>
  <new>
   -
  </new>
  <exclusive>
   yes
  </exclusive>
  <sporty>
   no
  </sporty>
 </clothing>
 <clothing>
  <id>
   178276738
  </id>
  <name>
   Adidas Handbags H-5570
  </name>
  <category>
   Handbags
  </category>
  <size>
   XL
  </size>
  <color>
   Красный
  </color>
  <material>
   Лен
  </material>
  <price>
   388958
  </price>
  <rating>
   1.59
  </rating>
  <reviews>
   662482
  </reviews>
  <new>
   -
  </new>
  <exclusive>
   yes
  </exclusive>
  <sporty>
   yes
  </sporty>
 </clothing>
 <clothing>
  <id>
   295143249
  </id>
  <name>
   PleinSport Dress N-9158
  </name>
  <category>
   Dress
  </category>
  <size>
   L
  </size>
  <color>
   Красный
  </color>
  <material>
   Шерсть
  </material>
  <price>
   489301
  </price>
  <rating>
   4.04
  </rating>
  <reviews>
   824035
  </reviews>
  <new>
   -
  </new>
 </clothing>
 <clothing>
  <id>
   354956640
  </id>
  <name>
   Ellesse Shirt A-5329
  </name>
  <category>
   Shirt
  </category>
  <size>
   XXL
  </size>
  <color>
   Синий
  </color>
  <material>
   Вискоза
  </material>
  <price>
   714209
  </price>
  <rating>
   4.87
  </rating>
  <reviews>
   31750
  </reviews>
  <new>
   +
  </new>
  <sporty>
   yes
  </sporty>
 </clothing>
 <clothing>
  <id>
   599342701
  </id>
  <name>
   Converse Shirt H-1408
  </name>
  <category>
   Shirt
  </category>
  <size>
   XL
  </size>
  <color>
   Желтый
  </color>
  <material>
   Лен
  </material>
  <price>
   390420
  </price>
  <rating>
   3.06
  </rating>
  <reviews>
   978187
  </reviews>
  <new>
   -
  </new>
  <exclusive>
   yes
  </exclusive>
 </clothing>
 <clothing>
  <id>
   251358221
  </id>
  <name>
   Fila Gloves T-9182
  </name>
  <category>
   Gloves
  </category>
  <size>
   L
  </size>
  <color>
   Желтый
  </color>
  <material>
   Кожа
  </material>
  <price>
   432890
  </price>
  <rating>
   1.47
  </rating>
  <reviews>
   426787
  </reviews>
  <new>
   +
  </new>
  <exclusive>
   no
  </exclusive>
  <sporty>
   no
  </sporty>
 </clothing>
 <clothing>
  <id>
   381176120
  </id>
  <name>
   Addidas Jeans A-2357
  </name>
  <category>
   Jeans
  </category>
  <size>
   XXL
  </size>
  <color>
   Красный
  </color>
  <material>
   Полиэстер
  </material>
  <price>
   487650
  </price>
  <rating>
   4.52
  </rating>
  <reviews>
   154477
  </reviews>
  <exclusive>
   yes
  </exclusive>
 </clothing>
 <clothing>
  <id>
   938626431
  </id>
  <name>
   Brooks Hat P-5083
  </name>
  <category>
   Hat
  </category>
  <size>
   L
  </size>
  <color>
   Желтый
  </color>
  <material>
   Полиэстер
  </material>
  <price>
   810635
  </price>
  <rating>
   4.95
  </rating>
  <reviews>
   788193
  </reviews>
  <exclusive>
   yes
  </exclusive>
 </clothing>
 <clothing>
  <id>
   378147548
  </id>
  <name>
   Puma Jeans Z-1667
  </name>
  <category>
   Jeans
  </category>
  <size>
   S
  </size>
  <color>
   Голубой
  </color>
  <material>
   Шерсть
  </material>
  <price>
   524323
  </price>
  <rating>
   3.72
  </rating>
  <reviews>
   640226
  </reviews>
  <exclusive>
   yes
  </exclusive>
 </clothing>
 <clothing>
  <id>
   421819145
  </id>
  <name>
   Under Armour Hat W-2002
  </name>
  <category>
   Hat
  </category>
  <size>
   XL
  </size>
  <color>
   Красный
  </color>
  <material>
   Кожа
  </material>
  <price>
   755622
  </price>
  <rating>
   3.88
  </rating>
  <reviews>
   467462
  </reviews>
  <sporty>
   yes
  </sporty>
 </clothing>
 <clothing>
  <id>
   239300258
  </id>
  <name>
   New Balance Jeans B-1482
  </name>
  <category>
   Jeans
  </category>
  <size>
   S
  </size>
  <color>
   Фиолетовый
  </color>
  <material>
   Кожа
  </material>
  <price>
   858065
  </price>
  <rating>
   4.27
  </rating>
  <reviews>
   673878
  </reviews>
  <exclusive>
   no
  </exclusive>
 </clothing>
</clothing-items>
