<?xml version="1.0" encoding="utf-8"?>
<clothing-items>
 <clothing>
  <id>
   231925616
  </id>
  <name>
   Asics Pants R-6700
  </name>
  <category>
   Pants
  </category>
  <size>
   L
  </size>
  <color>
   Оранжевый
  </color>
  <material>
   Кожа
  </material>
  <price>
   746717
  </price>
  <rating>
   4.8
  </rating>
  <reviews>
   144626
  </reviews>
  <new>
   -
  </new>
  <exclusive>
   yes
  </exclusive>
  <sporty>
   no
  </sporty>
 </clothing>
 <clothing>
  <id>
   717284695
  </id>
  <name>
   PleinSport Gloves M-1418
  </name>
  <category>
   Gloves
  </category>
  <size>
   XL
  </size>
  <color>
   Зеленый
  </color>
  <material>
   Хлопок
  </material>
  <price>
   400949
  </price>
  <rating>
   3.17
  </rating>
  <reviews>
   467768
  </reviews>
  <new>
   -
  </new>
  <exclusive>
   yes
  </exclusive>
 </clothing>
 <clothing>
  <id>
   277501351
  </id>
  <name>
   Nike T-shirt Z-3928
  </name>
  <category>
   T-shirt
  </category>
  <size>
   XXL
  </size>
  <color>
   Фиолетовый
  </color>
  <material>
   Кожа
  </material>
  <price>
   263482
  </price>
  <rating>
   4.4
  </rating>
  <reviews>
   17191
  </reviews>
  <exclusive>
   no
  </exclusive>
 </clothing>
 <clothing>
  <id>
   688681969
  </id>
  <name>
   Reebok Umbrellas B-8787
  </name>
  <category>
   Umbrellas
  </category>
  <size>
   XL
  </size>
  <color>
   Оранжевый
  </color>
  <material>
   Хлопок
  </material>
  <price>
   937997
  </price>
  <rating>
   3.41
  </rating>
  <reviews>
   70888
  </reviews>
  <sporty>
   yes
  </sporty>
 </clothing>
 <clothing>
  <id>
   559763585
  </id>
  <name>
   Ellesse Blouse D-3686
  </name>
  <category>
   Blouse
  </category>
  <size>
   S
  </size>
  <color>
   Зеленый
  </color>
  <material>
   Хлопок
  </material>
  <price>
   284199
  </price>
  <rating>
   2.12
  </rating>
  <reviews>
   597649
  </reviews>
  <new>
   +
  </new>
  <exclusive>
   yes
  </exclusive>
  <sporty>
   yes
  </sporty>
 </clothing>
 <clothing>
  <id>
   396272570
  </id>
  <name>
   Brooks Pants J-4970
  </name>
  <category>
   Pants
  </category>
  <size>
   XXL
  </size>
  <color>
   Желтый
  </color>
  <material>
   Лен
  </material>
  <price>
   672172
  </price>
  <rating>
   1.58
  </rating>
  <reviews>
   590686
  </reviews>
  <new>
   +
  </new>
  <exclusive>
   no
  </exclusive>
  <sporty>
   no
  </sporty>
 </clothing>
 <clothing>
  <id>
   818433742
  </id>
  <name>
   Lacoste Belts D-3752
  </name>
  <category>
   Belts
  </category>
  <size>
   XL
  </size>
  <color>
   Красный
  </color>
  <material>
   Полиэстер
  </material>
  <price>
   889259
  </price>
  <rating>
   1.5
  </rating>
  <reviews>
   348575
  </reviews>
  <new>
   +
  </new>
  <exclusive>
   yes
  </exclusive>
 </clothing>
 <clothing>
  <id>
   966862566
  </id>
  <name>
   Converse Socks X-8382
  </name>
  <category>
   Socks
  </category>
  <size>
   S
  </size>
  <color>
   Зеленый
  </color>
  <material>
   Шелк
  </material>
  <price>
   831085
  </price>
  <rating>
   2.44
  </rating>
  <reviews>
   106189
  </reviews>
  <exclusive>
   yes
  </exclusive>
  <sporty>
   no
  </sporty>
 </clothing>
 <clothing>
  <id>
   502504577
  </id>
  <name>
   Reebok Belts Y-9119
  </name>
  <category>
   Belts
  </category>
  <size>
   XL
  </size>
  <color>
   Фиолетовый
  </color>
  <material>
   Нейлон
  </material>
  <price>
   158067
  </price>
  <rating>
   2.02
  </rating>
  <reviews>
   345020
  </reviews>
  <new>
   +
  </new>
 </clothing>
 <clothing>
  <id>
   474498988
  </id>
  <name>
   Nike Shirt H-7703
  </name>
  <category>
   Shirt
  </category>
  <size>
   S
  </size>
  <color>
   Голубой
  </color>
  <material>
   Кожа
  </material>
  <price>
   143898
  </price>
  <rating>
   1.15
  </rating>
  <reviews>
   5514
  </reviews>
  <new>
   +
  </new>
 </clothing>
 <clothing>
  <id>
   327118771
  </id>
  <name>
   Fila Sweater B-5775
  </name>
  <category>
   Sweater
  </category>
  <size>
   L
  </size>
  <color>
   Голубой
  </color>
  <material>
   Нейлон
  </material>
  <price>
   303021
  </price>
  <rating>
   3.76
  </rating>
  <reviews>
   231691
  </reviews>
  <new>
   -
  </new>
  <exclusive>
   no
  </exclusive>
 </clothing>
 <clothing>
  <id>
   719510791
  </id>
  <name>
   Converse Handbags F-8788
  </name>
  <category>
   Handbags
  </category>
  <size>
   M
  </size>
  <color>
   Голубой
  </color>
  <material>
   Кожа
  </material>
  <price>
   867785
  </price>
  <rating>
   2.78
  </rating>
  <reviews>
   668007
  </reviews>
  <new>
   +
  </new>
  <sporty>
   no
  </sporty>
 </clothing>
</clothing-items>
