<?xml version="1.0" encoding="utf-8"?>
<clothing-items>
 <clothing>
  <id>
   359040832
  </id>
  <name>
   Ellesse Blouse Z-9186
  </name>
  <category>
   Blouse
  </category>
  <size>
   XL
  </size>
  <color>
   Голубой
  </color>
  <material>
   Шелк
  </material>
  <price>
   157111
  </price>
  <rating>
   4.68
  </rating>
  <reviews>
   582213
  </reviews>
  <new>
   +
  </new>
  <sporty>
   no
  </sporty>
 </clothing>
 <clothing>
  <id>
   393419380
  </id>
  <name>
   Lacoste Umbrellas W-5666
  </name>
  <category>
   Umbrellas
  </category>
  <size>
   S
  </size>
  <color>
   Желтый
  </color>
  <material>
   Нейлон
  </material>
  <price>
   111002
  </price>
  <rating>
   2.12
  </rating>
  <reviews>
   876139
  </reviews>
  <new>
   -
  </new>
  <exclusive>
   yes
  </exclusive>
  <sporty>
   no
  </sporty>
 </clothing>
 <clothing>
  <id>
   420581838
  </id>
  <name>
   Adidas Blouse Y-5789
  </name>
  <category>
   Blouse
  </category>
  <size>
   L
  </size>
  <color>
   Фиолетовый
  </color>
  <material>
   Шелк
  </material>
  <price>
   262130
  </price>
  <rating>
   1.58
  </rating>
  <reviews>
   373608
  </reviews>
  <exclusive>
   no
  </exclusive>
  <sporty>
   no
  </sporty>
 </clothing>
 <clothing>
  <id>
   326433556
  </id>
  <name>
   Vans Blouse O-9415
  </name>
  <category>
   Blouse
  </category>
  <size>
   S
  </size>
  <color>
   Желтый
  </color>
  <material>
   Полиэстер
  </material>
  <price>
   136643
  </price>
  <rating>
   2.78
  </rating>
  <reviews>
   541181
  </reviews>
  <new>
   -
  </new>
  <sporty>
   no
  </sporty>
 </clothing>
 <clothing>
  <id>
   316129312
  </id>
  <name>
   Vans Pants E-9126
  </name>
  <category>
   Pants
  </category>
  <size>
   XXL
  </size>
  <color>
   Голубой
  </color>
  <material>
   Лен
  </material>
  <price>
   214165
  </price>
  <rating>
   3.39
  </rating>
  <reviews>
   330122
  </reviews>
  <exclusive>
   no
  </exclusive>
 </clothing>
 <clothing>
  <id>
   979284314
  </id>
  <name>
   Nike Jacket Z-9667
  </name>
  <category>
   Jacket
  </category>
  <size>
   S
  </size>
  <color>
   Голубой
  </color>
  <material>
   Лен
  </material>
  <price>
   576835
  </price>
  <rating>
   4.2
  </rating>
  <reviews>
   926505
  </reviews>
  <sporty>
   no
  </sporty>
 </clothing>
 <clothing>
  <id>
   393748288
  </id>
  <name>
   Addidas Shoes C-2666
  </name>
  <category>
   Shoes
  </category>
  <size>
   M
  </size>
  <color>
   Фиолетовый
  </color>
  <material>
   Лен
  </material>
  <price>
   846344
  </price>
  <rating>
   1.41
  </rating>
  <reviews>
   308001
  </reviews>
  <sporty>
   no
  </sporty>
 </clothing>
 <clothing>
  <id>
   552706748
  </id>
  <name>
   Under Armour Jeans J-4147
  </name>
  <category>
   Jeans
  </category>
  <size>
   S
  </size>
  <color>
   Оранжевый
  </color>
  <material>
   Нейлон
  </material>
  <price>
   653156
  </price>
  <rating>
   3.56
  </rating>
  <reviews>
   311301
  </reviews>
 </clothing>
 <clothing>
  <id>
   256883865
  </id>
  <name>
   Reebok Jeans B-2380
  </name>
  <category>
   Jeans
  </category>
  <size>
   XXL
  </size>
  <color>
   Синий
  </color>
  <material>
   Шелк
  </material>
  <price>
   432210
  </price>
  <rating>
   4.31
  </rating>
  <reviews>
   428502
  </reviews>
  <new>
   +
  </new>
  <sporty>
   no
  </sporty>
 </clothing>
 <clothing>
  <id>
   676304768
  </id>
  <name>
   Adidas Blouse M-3267
  </name>
  <category>
   Blouse
  </category>
  <size>
   XXL
  </size>
  <color>
   Фиолетовый
  </color>
  <material>
   Нейлон
  </material>
  <price>
   707700
  </price>
  <rating>
   2.99
  </rating>
  <reviews>
   752343
  </reviews>
  <new>
   +
  </new>
  <exclusive>
   yes
  </exclusive>
 </clothing>
 <clothing>
  <id>
   824492944
  </id>
  <name>
   Adidas Socks O-4563
  </name>
  <category>
   Socks
  </category>
  <size>
   XXL
  </size>
  <color>
   Красный
  </color>
  <material>
   Хлопок
  </material>
  <price>
   449409
  </price>
  <rating>
   2.41
  </rating>
  <reviews>
   823313
  </reviews>
  <new>
   -
  </new>
  <sporty>
   no
  </sporty>
 </clothing>
 <clothing>
  <id>
   978050782
  </id>
  <name>
   DC Pants M-9441
  </name>
  <category>
   Pants
  </category>
  <size>
   S
  </size>
  <color>
   Синий
  </color>
  <material>
   Шерсть
  </material>
  <price>
   248854
  </price>
  <rating>
   1.96
  </rating>
  <reviews>
   70313
  </reviews>
  <sporty>
   no
  </sporty>
 </clothing>
 <clothing>
  <id>
   236093782
  </id>
  <name>
   Reebok T-shirt W-4468
  </name>
  <category>
   T-shirt
  </category>
  <size>
   XXL
  </size>
  <color>
   Фиолетовый
  </color>
  <material>
   Шерсть
  </material>
  <price>
   642949
  </price>
  <rating>
   1.62
  </rating>
  <reviews>
   552176
  </reviews>
  <new>
   -
  </new>
  <sporty>
   no
  </sporty>
 </clothing>
 <clothing>
  <id>
   195007637
  </id>
  <name>
   Reebok T-shirt F-4943
  </name>
  <category>
   T-shirt
  </category>
  <size>
   M
  </size>
  <color>
   Желтый
  </color>
  <material>
   Кожа
  </material>
  <price>
   880857
  </price>
  <rating>
   2.5
  </rating>
  <reviews>
   658959
  </reviews>
  <new>
   -
  </new>
  <sporty>
   no
  </sporty>
 </clothing>
 <clothing>
  <id>
   669709882
  </id>
  <name>
   DC Shirt N-6657
  </name>
  <category>
   Shirt
  </category>
  <size>
   XXL
  </size>
  <color>
   Фиолетовый
  </color>
  <material>
   Полиэстер
  </material>
  <price>
   180400
  </price>
  <rating>
   2.76
  </rating>
  <reviews>
   897250
  </reviews>
  <new>
   -
  </new>
  <exclusive>
   no
  </exclusive>
  <sporty>
   no
  </sporty>
 </clothing>
 <clothing>
  <id>
   878351804
  </id>
  <name>
   Addidas Shirt G-6408
  </name>
  <category>
   Shirt
  </category>
  <size>
   XXL
  </size>
  <color>
   Синий
  </color>
  <material>
   Шерсть
  </material>
  <price>
   248613
  </price>
  <rating>
   4.61
  </rating>
  <reviews>
   600248
  </reviews>
  <new>
   +
  </new>
  <exclusive>
   no
  </exclusive>
  <sporty>
   no
  </sporty>
 </clothing>
 <clothing>
  <id>
   236838797
  </id>
  <name>
   Brooks Handbags G-4024
  </name>
  <category>
   Handbags
  </category>
  <size>
   XL
  </size>
  <color>
   Оранжевый
  </color>
  <material>
   Шерсть
  </material>
  <price>
   607330
  </price>
  <rating>
   2.95
  </rating>
  <reviews>
   944861
  </reviews>
  <exclusive>
   no
  </exclusive>
 </clothing>
 <clothing>
  <id>
   404687708
  </id>
  <name>
   Adidas Sweater O-7708
  </name>
  <category>
   Sweater
  </category>
  <size>
   XL
  </size>
  <color>
   Оранжевый
  </color>
  <material>
   Лен
  </material>
  <price>
   141047
  </price>
  <rating>
   4.17
  </rating>
  <reviews>
   644242
  </reviews>
  <new>
   -
  </new>
  <exclusive>
   yes
  </exclusive>
 </clothing>
 <clothing>
  <id>
   940627639
  </id>
  <name>
   Fila Skirt V-5007
  </name>
  <category>
   Skirt
  </category>
  <size>
   XL
  </size>
  <color>
   Желтый
  </color>
  <material>
   Шерсть
  </material>
  <price>
   644075
  </price>
  <rating>
   4.45
  </rating>
  <reviews>
   499743
  </reviews>
  <sporty>
   no
  </sporty>
 </clothing>
 <clothing>
  <id>
   981482684
  </id>
  <name>
   DC Belts H-8319
  </name>
  <category>
   Belts
  </category>
  <size>
   XXL
  </size>
  <color>
   Фиолетовый
  </color>
  <material>
   Лен
  </material>
  <price>
   120091
  </price>
  <rating>
   5.0
  </rating>
  <reviews>
   161279
  </reviews>
  <new>
   -
  </new>
  <exclusive>
   yes
  </exclusive>
  <sporty>
   no
  </sporty>
 </clothing>
 <clothing>
  <id>
   132222008
  </id>
  <name>
   Nike Handbags H-1317
  </name>
  <category>
   Handbags
  </category>
  <size>
   S
  </size>
  <color>
   Фиолетовый
  </color>
  <material>
   Хлопок
  </material>
  <price>
   962396
  </price>
  <rating>
   3.21
  </rating>
  <reviews>
   445124
  </reviews>
  <new>
   -
  </new>
  <exclusive>
   yes
  </exclusive>
 </clothing>
 <clothing>
  <id>
   615751985
  </id>
  <name>
   Brooks Dress E-6474
  </name>
  <category>
   Dress
  </category>
  <size>
   L
  </size>
  <color>
   Зеленый
  </color>
  <material>
   Шерсть
  </material>
  <price>
   447069
  </price>
  <rating>
   2.9
  </rating>
  <reviews>
   903651
  </reviews>
  <new>
   -
  </new>
  <exclusive>
   no
  </exclusive>
 </clothing>
 <clothing>
  <id>
   277724395
  </id>
  <name>
   DC Jeans K-2350
  </name>
  <category>
   Jeans
  </category>
  <size>
   XXL
  </size>
  <color>
   Красный
  </color>
  <material>
   Шерсть
  </material>
  <price>
   749714
  </price>
  <rating>
   3.29
  </rating>
  <reviews>
   411364
  </reviews>
 </clothing>
 <clothing>
  <id>
   108904957
  </id>
  <name>
   PleinSport Sweater D-9937
  </name>
  <category>
   Sweater
  </category>
  <size>
   M
  </size>
  <color>
   Красный
  </color>
  <material>
   Шелк
  </material>
  <price>
   338737
  </price>
  <rating>
   4.77
  </rating>
  <reviews>
   169131
  </reviews>
  <new>
   +
  </new>
  <exclusive>
   no
  </exclusive>
  <sporty>
   no
  </sporty>
 </clothing>
 <clothing>
  <id>
   743277214
  </id>
  <name>
   Reebok Jacket A-1410
  </name>
  <category>
   Jacket
  </category>
  <size>
   S
  </size>
  <color>
   Оранжевый
  </color>
  <material>
   Вискоза
  </material>
  <price>
   803156
  </price>
  <rating>
   2.9
  </rating>
  <reviews>
   700941
  </reviews>
  <new>
   +
  </new>
  <exclusive>
   no
  </exclusive>
  <sporty>
   no
  </sporty>
 </clothing>
 <clothing>
  <id>
   264968201
  </id>
  <name>
   Nike Hat X-9005
  </name>
  <category>
   Hat
  </category>
  <size>
   L
  </size>
  <color>
   Зеленый
  </color>
  <material>
   Хлопок
  </material>
  <price>
   104746
  </price>
  <rating>
   1.66
  </rating>
  <reviews>
   936869
  </reviews>
  <new>
   -
  </new>
 </clothing>
 <clothing>
  <id>
   580474489
  </id>
  <name>
   Asics Blouse M-6100
  </name>
  <category>
   Blouse
  </category>
  <size>
   XL
  </size>
  <color>
   Красный
  </color>
  <material>
   Кожа
  </material>
  <price>
   567837
  </price>
  <rating>
   3.53
  </rating>
  <reviews>
   116960
  </reviews>
  <new>
   -
  </new>
  <sporty>
   no
  </sporty>
 </clothing>
 <clothing>
  <id>
   149147492
  </id>
  <name>
   New Balance Shoes J-6878
  </name>
  <category>
   Shoes
  </category>
  <size>
   M
  </size>
  <color>
   Фиолетовый
  </color>
  <material>
   Вискоза
  </material>
  <price>
   527557
  </price>
  <rating>
   2.89
  </rating>
  <reviews>
   491992
  </reviews>
  <exclusive>
   no
  </exclusive>
  <sporty>
   yes
  </sporty>
 </clothing>
 <clothing>
  <id>
   532023014
  </id>
  <name>
   Nike Handbags Z-6183
  </name>
  <category>
   Handbags
  </category>
  <size>
   L
  </size>
  <color>
   Фиолетовый
  </color>
  <material>
   Вискоза
  </material>
  <price>
   733880
  </price>
  <rating>
   1.06
  </rating>
  <reviews>
   836243
  </reviews>
  <new>
   +
  </new>
  <sporty>
   no
  </sporty>
 </clothing>
</clothing-items>
