<?xml version="1.0" encoding="utf-8"?>
<clothing-items>
 <clothing>
  <id>
   250197184
  </id>
  <name>
   Converse Gloves V-7992
  </name>
  <category>
   Gloves
  </category>
  <size>
   S
  </size>
  <color>
   Красный
  </color>
  <material>
   Полиэстер
  </material>
  <price>
   247161
  </price>
  <rating>
   3.84
  </rating>
  <reviews>
   731353
  </reviews>
  <new>
   -
  </new>
  <exclusive>
   no
  </exclusive>
  <sporty>
   no
  </sporty>
 </clothing>
 <clothing>
  <id>
   895562383
  </id>
  <name>
   Nike Shoes O-7198
  </name>
  <category>
   Shoes
  </category>
  <size>
   L
  </size>
  <color>
   Красный
  </color>
  <material>
   Хлопок
  </material>
  <price>
   143878
  </price>
  <rating>
   4.24
  </rating>
  <reviews>
   137726
  </reviews>
  <new>
   +
  </new>
  <sporty>
   yes
  </sporty>
 </clothing>
 <clothing>
  <id>
   356509740
  </id>
  <name>
   New Balance Belts Q-7203
  </name>
  <category>
   Belts
  </category>
  <size>
   S
  </size>
  <color>
   Желтый
  </color>
  <material>
   Шелк
  </material>
  <price>
   778030
  </price>
  <rating>
   2.31
  </rating>
  <reviews>
   8119
  </reviews>
  <new>
   -
  </new>
  <exclusive>
   yes
  </exclusive>
  <sporty>
   yes
  </sporty>
 </clothing>
 <clothing>
  <id>
   199508073
  </id>
  <name>
   PleinSport Socks C-6363
  </name>
  <category>
   Socks
  </category>
  <size>
   XL
  </size>
  <color>
   Фиолетовый
  </color>
  <material>
   Шелк
  </material>
  <price>
   927904
  </price>
  <rating>
   4.44
  </rating>
  <reviews>
   178449
  </reviews>
  <new>
   +
  </new>
  <exclusive>
   no
  </exclusive>
  <sporty>
   yes
  </sporty>
 </clothing>
 <clothing>
  <id>
   413750346
  </id>
  <name>
   Fila Gloves U-4488
  </name>
  <category>
   Gloves
  </category>
  <size>
   S
  </size>
  <color>
   Красный
  </color>
  <material>
   Хлопок
  </material>
  <price>
   945921
  </price>
  <rating>
   2.98
  </rating>
  <reviews>
   108949
  </reviews>
  <exclusive>
   yes
  </exclusive>
 </clothing>
 <clothing>
  <id>
   980580298
  </id>
  <name>
   Under Armour Gloves I-6642
  </name>
  <category>
   Gloves
  </category>
  <size>
   L
  </size>
  <color>
   Синий
  </color>
  <material>
   Лен
  </material>
  <price>
   598023
  </price>
  <rating>
   4.76
  </rating>
  <reviews>
   531594
  </reviews>
  <new>
   +
  </new>
  <exclusive>
   no
  </exclusive>
 </clothing>
 <clothing>
  <id>
   189560245
  </id>
  <name>
   DC Handbags R-2629
  </name>
  <category>
   Handbags
  </category>
  <size>
   L
  </size>
  <color>
   Оранжевый
  </color>
  <material>
   Хлопок
  </material>
  <price>
   260105
  </price>
  <rating>
   4.94
  </rating>
  <reviews>
   694763
  </reviews>
  <new>
   -
  </new>
  <exclusive>
   no
  </exclusive>
  <sporty>
   yes
  </sporty>
 </clothing>
 <clothing>
  <id>
   447487463
  </id>
  <name>
   Converse Hat E-3675
  </name>
  <category>
   Hat
  </category>
  <size>
   L
  </size>
  <color>
   Оранжевый
  </color>
  <material>
   Кожа
  </material>
  <price>
   294602
  </price>
  <rating>
   3.45
  </rating>
  <reviews>
   833263
  </reviews>
  <new>
   +
  </new>
  <exclusive>
   no
  </exclusive>
 </clothing>
 <clothing>
  <id>
   958894045
  </id>
  <name>
   Puma Skirt H-1682
  </name>
  <category>
   Skirt
  </category>
  <size>
   S
  </size>
  <color>
   Синий
  </color>
  <material>
   Шелк
  </material>
  <price>
   695578
  </price>
  <rating>
   3.54
  </rating>
  <reviews>
   863458
  </reviews>
  <new>
   -
  </new>
  <sporty>
   yes
  </sporty>
 </clothing>
 <clothing>
  <id>
   115101782
  </id>
  <name>
   Reebok Hat D-8599
  </name>
  <category>
   Hat
  </category>
  <size>
   S
  </size>
  <color>
   Оранжевый
  </color>
  <material>
   Лен
  </material>
  <price>
   934107
  </price>
  <rating>
   1.76
  </rating>
  <reviews>
   445559
  </reviews>
  <new>
   -
  </new>
  <exclusive>
   yes
  </exclusive>
 </clothing>
 <clothing>
  <id>
   401652791
  </id>
  <name>
   Brooks Jeans U-4237
  </name>
  <category>
   Jeans
  </category>
  <size>
   M
  </size>
  <color>
   Фиолетовый
  </color>
  <material>
   Лен
  </material>
  <price>
   858789
  </price>
  <rating>
   2.31
  </rating>
  <reviews>
   39507
  </reviews>
  <new>
   -
  </new>
  <exclusive>
   yes
  </exclusive>
  <sporty>
   yes
  </sporty>
 </clothing>
 <clothing>
  <id>
   714130396
  </id>
  <name>
   Adidas Gloves L-8889
  </name>
  <category>
   Gloves
  </category>
  <size>
   S
  </size>
  <color>
   Фиолетовый
  </color>
  <material>
   Шелк
  </material>
  <price>
   428652
  </price>
  <rating>
   4.61
  </rating>
  <reviews>
   107101
  </reviews>
 </clothing>
 <clothing>
  <id>
   682143873
  </id>
  <name>
   Reebok T-shirt C-3690
  </name>
  <category>
   T-shirt
  </category>
  <size>
   XXL
  </size>
  <color>
   Зеленый
  </color>
  <material>
   Лен
  </material>
  <price>
   845388
  </price>
  <rating>
   2.89
  </rating>
  <reviews>
   223419
  </reviews>
  <new>
   -
  </new>
  <exclusive>
   yes
  </exclusive>
 </clothing>
 <clothing>
  <id>
   136915302
  </id>
  <name>
   Converse Jeans D-9814
  </name>
  <category>
   Jeans
  </category>
  <size>
   XXL
  </size>
  <color>
   Синий
  </color>
  <material>
   Хлопок
  </material>
  <price>
   500641
  </price>
  <rating>
   1.92
  </rating>
  <reviews>
   647791
  </reviews>
  <new>
   +
  </new>
 </clothing>
 <clothing>
  <id>
   289255896
  </id>
  <name>
   PleinSport Socks X-2610
  </name>
  <category>
   Socks
  </category>
  <size>
   M
  </size>
  <color>
   Фиолетовый
  </color>
  <material>
   Хлопок
  </material>
  <price>
   876493
  </price>
  <rating>
   1.65
  </rating>
  <reviews>
   36892
  </reviews>
  <new>
   -
  </new>
  <exclusive>
   no
  </exclusive>
  <sporty>
   no
  </sporty>
 </clothing>
 <clothing>
  <id>
   750909286
  </id>
  <name>
   Ellesse Umbrellas H-1170
  </name>
  <category>
   Umbrellas
  </category>
  <size>
   XXL
  </size>
  <color>
   Желтый
  </color>
  <material>
   Лен
  </material>
  <price>
   286617
  </price>
  <rating>
   1.36
  </rating>
  <reviews>
   308471
  </reviews>
 </clothing>
 <clothing>
  <id>
   550687223
  </id>
  <name>
   PleinSport Skirt G-3145
  </name>
  <category>
   Skirt
  </category>
  <size>
   S
  </size>
  <color>
   Зеленый
  </color>
  <material>
   Кожа
  </material>
  <price>
   480459
  </price>
  <rating>
   3.29
  </rating>
  <reviews>
   956870
  </reviews>
  <exclusive>
   yes
  </exclusive>
 </clothing>
 <clothing>
  <id>
   508738339
  </id>
  <name>
   Puma Hat Y-4469
  </name>
  <category>
   Hat
  </category>
  <size>
   XXL
  </size>
  <color>
   Голубой
  </color>
  <material>
   Вискоза
  </material>
  <price>
   772074
  </price>
  <rating>
   4.06
  </rating>
  <reviews>
   313922
  </reviews>
  <exclusive>
   no
  </exclusive>
  <sporty>
   no
  </sporty>
 </clothing>
 <clothing>
  <id>
   597484956
  </id>
  <name>
   New Balance Jacket I-1117
  </name>
  <category>
   Jacket
  </category>
  <size>
   L
  </size>
  <color>
   Зеленый
  </color>
  <material>
   Шерсть
  </material>
  <price>
   252598
  </price>
  <rating>
   3.72
  </rating>
  <reviews>
   444654
  </reviews>
  <new>
   -
  </new>
  <sporty>
   no
  </sporty>
 </clothing>
 <clothing>
  <id>
   830086640
  </id>
  <name>
   Adidas Umbrellas P-5641
  </name>
  <category>
   Umbrellas
  </category>
  <size>
   S
  </size>
  <color>
   Синий
  </color>
  <material>
   Шерсть
  </material>
  <price>
   625846
  </price>
  <rating>
   3.98
  </rating>
  <reviews>
   4524
  </reviews>
  <exclusive>
   no
  </exclusive>
 </clothing>
 <clothing>
  <id>
   720745859
  </id>
  <name>
   Brooks Hat L-1876
  </name>
  <category>
   Hat
  </category>
  <size>
   XL
  </size>
  <color>
   Голубой
  </color>
  <material>
   Шерсть
  </material>
  <price>
   595843
  </price>
  <rating>
   4.45
  </rating>
  <reviews>
   734563
  </reviews>
  <new>
   +
  </new>
  <exclusive>
   no
  </exclusive>
  <sporty>
   no
  </sporty>
 </clothing>
</clothing-items>
