<?xml version="1.0" encoding="utf-8"?>
<clothing-items>
 <clothing>
  <id>
   530771766
  </id>
  <name>
   Converse Jacket Z-7356
  </name>
  <category>
   Jacket
  </category>
  <size>
   L
  </size>
  <color>
   Красный
  </color>
  <material>
   Кожа
  </material>
  <price>
   848288
  </price>
  <rating>
   2.9
  </rating>
  <reviews>
   373208
  </reviews>
  <new>
   -
  </new>
  <sporty>
   no
  </sporty>
 </clothing>
 <clothing>
  <id>
   329703118
  </id>
  <name>
   Adidas Jacket J-3973
  </name>
  <category>
   Jacket
  </category>
  <size>
   S
  </size>
  <color>
   Голубой
  </color>
  <material>
   Нейлон
  </material>
  <price>
   125798
  </price>
  <rating>
   3.25
  </rating>
  <reviews>
   898994
  </reviews>
  <new>
   -
  </new>
  <sporty>
   no
  </sporty>
 </clothing>
 <clothing>
  <id>
   170486940
  </id>
  <name>
   Asics Gloves P-7800
  </name>
  <category>
   Gloves
  </category>
  <size>
   S
  </size>
  <color>
   Красный
  </color>
  <material>
   Шелк
  </material>
  <price>
   170947
  </price>
  <rating>
   2.96
  </rating>
  <reviews>
   869001
  </reviews>
  <new>
   +
  </new>
 </clothing>
 <clothing>
  <id>
   150623694
  </id>
  <name>
   Brooks Blouse B-3399
  </name>
  <category>
   Blouse
  </category>
  <size>
   XL
  </size>
  <color>
   Синий
  </color>
  <material>
   Шелк
  </material>
  <price>
   751843
  </price>
  <rating>
   4.61
  </rating>
  <reviews>
   294861
  </reviews>
  <sporty>
   no
  </sporty>
 </clothing>
 <clothing>
  <id>
   685322337
  </id>
  <name>
   DC Hat X-9810
  </name>
  <category>
   Hat
  </category>
  <size>
   M
  </size>
  <color>
   Фиолетовый
  </color>
  <material>
   Шерсть
  </material>
  <price>
   811285
  </price>
  <rating>
   4.91
  </rating>
  <reviews>
   653020
  </reviews>
  <exclusive>
   no
  </exclusive>
  <sporty>
   no
  </sporty>
 </clothing>
 <clothing>
  <id>
   657615658
  </id>
  <name>
   Vans Handbags A-5801
  </name>
  <category>
   Handbags
  </category>
  <size>
   S
  </size>
  <color>
   Фиолетовый
  </color>
  <material>
   Шелк
  </material>
  <price>
   344350
  </price>
  <rating>
   2.79
  </rating>
  <reviews>
   632136
  </reviews>
  <new>
   +
  </new>
  <exclusive>
   no
  </exclusive>
 </clothing>
 <clothing>
  <id>
   203959245
  </id>
  <name>
   PleinSport Skirt R-1777
  </name>
  <category>
   Skirt
  </category>
  <size>
   XL
  </size>
  <color>
   Зеленый
  </color>
  <material>
   Шерсть
  </material>
  <price>
   383796
  </price>
  <rating>
   3.65
  </rating>
  <reviews>
   727551
  </reviews>
  <new>
   +
  </new>
  <exclusive>
   no
  </exclusive>
  <sporty>
   no
  </sporty>
 </clothing>
 <clothing>
  <id>
   582262371
  </id>
  <name>
   Lacoste Skirt Y-8856
  </name>
  <category>
   Skirt
  </category>
  <size>
   M
  </size>
  <color>
   Зеленый
  </color>
  <material>
   Шерсть
  </material>
  <price>
   307402
  </price>
  <rating>
   1.22
  </rating>
  <reviews>
   468597
  </reviews>
  <sporty>
   yes
  </sporty>
 </clothing>
 <clothing>
  <id>
   370430290
  </id>
  <name>
   Under Armour Pants V-3523
  </name>
  <category>
   Pants
  </category>
  <size>
   XL
  </size>
  <color>
   Красный
  </color>
  <material>
   Нейлон
  </material>
  <price>
   391783
  </price>
  <rating>
   1.34
  </rating>
  <reviews>
   652040
  </reviews>
  <exclusive>
   no
  </exclusive>
  <sporty>
   no
  </sporty>
 </clothing>
 <clothing>
  <id>
   787332449
  </id>
  <name>
   New Balance Belts Y-5088
  </name>
  <category>
   Belts
  </category>
  <size>
   XXL
  </size>
  <color>
   Фиолетовый
  </color>
  <material>
   Нейлон
  </material>
  <price>
   117138
  </price>
  <rating>
   3.81
  </rating>
  <reviews>
   271141
  </reviews>
  <exclusive>
   yes
  </exclusive>
  <sporty>
   no
  </sporty>
 </clothing>
 <clothing>
  <id>
   466503639
  </id>
  <name>
   Vans Gloves F-2820
  </name>
  <category>
   Gloves
  </category>
  <size>
   S
  </size>
  <color>
   Красный
  </color>
  <material>
   Шерсть
  </material>
  <price>
   142450
  </price>
  <rating>
   1.73
  </rating>
  <reviews>
   556329
  </reviews>
  <exclusive>
   no
  </exclusive>
  <sporty>
   no
  </sporty>
 </clothing>
 <clothing>
  <id>
   355221206
  </id>
  <name>
   Brooks Jeans F-3976
  </name>
  <category>
   Jeans
  </category>
  <size>
   XXL
  </size>
  <color>
   Зеленый
  </color>
  <material>
   Шерсть
  </material>
  <price>
   872615
  </price>
  <rating>
   3.72
  </rating>
  <reviews>
   130346
  </reviews>
  <new>
   +
  </new>
  <exclusive>
   no
  </exclusive>
 </clothing>
 <clothing>
  <id>
   953561754
  </id>
  <name>
   New Balance Blouse Q-6839
  </name>
  <category>
   Blouse
  </category>
  <size>
   XL
  </size>
  <color>
   Оранжевый
  </color>
  <material>
   Нейлон
  </material>
  <price>
   769113
  </price>
  <rating>
   3.8
  </rating>
  <reviews>
   507553
  </reviews>
  <new>
   -
  </new>
 </clothing>
 <clothing>
  <id>
   664860421
  </id>
  <name>
   Vans Jeans N-3351
  </name>
  <category>
   Jeans
  </category>
  <size>
   S
  </size>
  <color>
   Фиолетовый
  </color>
  <material>
   Кожа
  </material>
  <price>
   509628
  </price>
  <rating>
   1.11
  </rating>
  <reviews>
   515877
  </reviews>
  <new>
   +
  </new>
  <exclusive>
   no
  </exclusive>
  <sporty>
   no
  </sporty>
 </clothing>
 <clothing>
  <id>
   900551853
  </id>
  <name>
   PleinSport Shirt Q-7882
  </name>
  <category>
   Shirt
  </category>
  <size>
   XXL
  </size>
  <color>
   Желтый
  </color>
  <material>
   Шелк
  </material>
  <price>
   729950
  </price>
  <rating>
   1.72
  </rating>
  <reviews>
   833638
  </reviews>
  <new>
   -
  </new>
  <sporty>
   no
  </sporty>
 </clothing>
 <clothing>
  <id>
   971271137
  </id>
  <name>
   Nike Socks N-5854
  </name>
  <category>
   Socks
  </category>
  <size>
   S
  </size>
  <color>
   Фиолетовый
  </color>
  <material>
   Вискоза
  </material>
  <price>
   398667
  </price>
  <rating>
   3.79
  </rating>
  <reviews>
   592131
  </reviews>
  <new>
   -
  </new>
  <exclusive>
   no
  </exclusive>
  <sporty>
   no
  </sporty>
 </clothing>
 <clothing>
  <id>
   568063402
  </id>
  <name>
   New Balance Skirt W-9274
  </name>
  <category>
   Skirt
  </category>
  <size>
   XL
  </size>
  <color>
   Синий
  </color>
  <material>
   Лен
  </material>
  <price>
   925928
  </price>
  <rating>
   2.7
  </rating>
  <reviews>
   893040
  </reviews>
  <new>
   -
  </new>
  <exclusive>
   yes
  </exclusive>
  <sporty>
   no
  </sporty>
 </clothing>
 <clothing>
  <id>
   327211410
  </id>
  <name>
   New Balance Shoes V-3886
  </name>
  <category>
   Shoes
  </category>
  <size>
   M
  </size>
  <color>
   Синий
  </color>
  <material>
   Шелк
  </material>
  <price>
   484452
  </price>
  <rating>
   1.53
  </rating>
  <reviews>
   623292
  </reviews>
  <sporty>
   no
  </sporty>
 </clothing>
 <clothing>
  <id>
   102797730
  </id>
  <name>
   DC Jacket S-1373
  </name>
  <category>
   Jacket
  </category>
  <size>
   XXL
  </size>
  <color>
   Красный
  </color>
  <material>
   Кожа
  </material>
  <price>
   812871
  </price>
  <rating>
   3.93
  </rating>
  <reviews>
   701849
  </reviews>
  <sporty>
   no
  </sporty>
 </clothing>
 <clothing>
  <id>
   431387204
  </id>
  <name>
   Nike Shoes B-1544
  </name>
  <category>
   Shoes
  </category>
  <size>
   S
  </size>
  <color>
   Фиолетовый
  </color>
  <material>
   Вискоза
  </material>
  <price>
   507696
  </price>
  <rating>
   1.35
  </rating>
  <reviews>
   171199
  </reviews>
  <sporty>
   no
  </sporty>
 </clothing>
 <clothing>
  <id>
   387386651
  </id>
  <name>
   Lacoste T-shirt G-1369
  </name>
  <category>
   T-shirt
  </category>
  <size>
   XL
  </size>
  <color>
   Оранжевый
  </color>
  <material>
   Нейлон
  </material>
  <price>
   141254
  </price>
  <rating>
   2.14
  </rating>
  <reviews>
   139462
  </reviews>
  <new>
   +
  </new>
  <exclusive>
   yes
  </exclusive>
 </clothing>
 <clothing>
  <id>
   151916061
  </id>
  <name>
   Adidas Hat H-6052
  </name>
  <category>
   Hat
  </category>
  <size>
   XL
  </size>
  <color>
   Зеленый
  </color>
  <material>
   Шелк
  </material>
  <price>
   659584
  </price>
  <rating>
   3.97
  </rating>
  <reviews>
   222814
  </reviews>
  <new>
   +
  </new>
  <sporty>
   no
  </sporty>
 </clothing>
 <clothing>
  <id>
   530830403
  </id>
  <name>
   DC Belts I-7307
  </name>
  <category>
   Belts
  </category>
  <size>
   XXL
  </size>
  <color>
   Красный
  </color>
  <material>
   Лен
  </material>
  <price>
   209580
  </price>
  <rating>
   4.62
  </rating>
  <reviews>
   40951
  </reviews>
  <new>
   -
  </new>
  <exclusive>
   yes
  </exclusive>
  <sporty>
   no
  </sporty>
 </clothing>
</clothing-items>
