<?xml version="1.0" encoding="utf-8"?>
<clothing-items>
 <clothing>
  <id>
   761760260
  </id>
  <name>
   Asics Hat P-6799
  </name>
  <category>
   Hat
  </category>
  <size>
   XXL
  </size>
  <color>
   Голубой
  </color>
  <material>
   Полиэстер
  </material>
  <price>
   724113
  </price>
  <rating>
   4.3
  </rating>
  <reviews>
   48449
  </reviews>
  <new>
   +
  </new>
  <exclusive>
   no
  </exclusive>
 </clothing>
 <clothing>
  <id>
   470919301
  </id>
  <name>
   Under Armour Gloves R-7595
  </name>
  <category>
   Gloves
  </category>
  <size>
   M
  </size>
  <color>
   Красный
  </color>
  <material>
   Шерсть
  </material>
  <price>
   454175
  </price>
  <rating>
   1.72
  </rating>
  <reviews>
   336642
  </reviews>
 </clothing>
 <clothing>
  <id>
   378273632
  </id>
  <name>
   Ellesse Handbags U-2848
  </name>
  <category>
   Handbags
  </category>
  <size>
   S
  </size>
  <color>
   Желтый
  </color>
  <material>
   Хлопок
  </material>
  <price>
   701419
  </price>
  <rating>
   4.09
  </rating>
  <reviews>
   536620
  </reviews>
  <new>
   +
  </new>
  <exclusive>
   yes
  </exclusive>
 </clothing>
 <clothing>
  <id>
   665811825
  </id>
  <name>
   Under Armour Jeans T-4735
  </name>
  <category>
   Jeans
  </category>
  <size>
   XXL
  </size>
  <color>
   Красный
  </color>
  <material>
   Полиэстер
  </material>
  <price>
   396191
  </price>
  <rating>
   2.78
  </rating>
  <reviews>
   476562
  </reviews>
  <new>
   -
  </new>
  <exclusive>
   no
  </exclusive>
 </clothing>
 <clothing>
  <id>
   195012195
  </id>
  <name>
   New Balance Hat E-4065
  </name>
  <category>
   Hat
  </category>
  <size>
   XXL
  </size>
  <color>
   Желтый
  </color>
  <material>
   Нейлон
  </material>
  <price>
   187153
  </price>
  <rating>
   4.64
  </rating>
  <reviews>
   438540
  </reviews>
  <new>
   -
  </new>
  <sporty>
   yes
  </sporty>
 </clothing>
 <clothing>
  <id>
   472454551
  </id>
  <name>
   Vans Jeans Y-3350
  </name>
  <category>
   Jeans
  </category>
  <size>
   S
  </size>
  <color>
   Зеленый
  </color>
  <material>
   Шерсть
  </material>
  <price>
   119132
  </price>
  <rating>
   1.77
  </rating>
  <reviews>
   225691
  </reviews>
  <new>
   -
  </new>
 </clothing>
 <clothing>
  <id>
   245026205
  </id>
  <name>
   New Balance Handbags G-9782
  </name>
  <category>
   Handbags
  </category>
  <size>
   M
  </size>
  <color>
   Синий
  </color>
  <material>
   Кожа
  </material>
  <price>
   818553
  </price>
  <rating>
   1.77
  </rating>
  <reviews>
   292902
  </reviews>
  <new>
   -
  </new>
  <exclusive>
   no
  </exclusive>
 </clothing>
 <clothing>
  <id>
   164215357
  </id>
  <name>
   Reebok Dress I-2935
  </name>
  <category>
   Dress
  </category>
  <size>
   L
  </size>
  <color>
   Фиолетовый
  </color>
  <material>
   Вискоза
  </material>
  <price>
   131338
  </price>
  <rating>
   4.71
  </rating>
  <reviews>
   822200
  </reviews>
  <sporty>
   no
  </sporty>
 </clothing>
 <clothing>
  <id>
   206353139
  </id>
  <name>
   Reebok Shirt Z-7638
  </name>
  <category>
   Shirt
  </category>
  <size>
   XXL
  </size>
  <color>
   Голубой
  </color>
  <material>
   Кожа
  </material>
  <price>
   651241
  </price>
  <rating>
   3.66
  </rating>
  <reviews>
   448384
  </reviews>
  <new>
   -
  </new>
  <sporty>
   no
  </sporty>
 </clothing>
 <clothing>
  <id>
   549294043
  </id>
  <name>
   Ellesse Skirt B-2844
  </name>
  <category>
   Skirt
  </category>
  <size>
   M
  </size>
  <color>
   Зеленый
  </color>
  <material>
   Нейлон
  </material>
  <price>
   675034
  </price>
  <rating>
   2.81
  </rating>
  <reviews>
   907693
  </reviews>
  <new>
   -
  </new>
  <exclusive>
   no
  </exclusive>
  <sporty>
   yes
  </sporty>
 </clothing>
 <clothing>
  <id>
   571787143
  </id>
  <name>
   Asics Socks U-9226
  </name>
  <category>
   Socks
  </category>
  <size>
   S
  </size>
  <color>
   Синий
  </color>
  <material>
   Лен
  </material>
  <price>
   328271
  </price>
  <rating>
   5.0
  </rating>
  <reviews>
   201999
  </reviews>
  <exclusive>
   yes
  </exclusive>
  <sporty>
   no
  </sporty>
 </clothing>
 <clothing>
  <id>
   574992095
  </id>
  <name>
   Brooks Sweater S-7485
  </name>
  <category>
   Sweater
  </category>
  <size>
   XXL
  </size>
  <color>
   Оранжевый
  </color>
  <material>
   Вискоза
  </material>
  <price>
   203908
  </price>
  <rating>
   1.3
  </rating>
  <reviews>
   30337
  </reviews>
  <new>
   -
  </new>
  <exclusive>
   no
  </exclusive>
  <sporty>
   no
  </sporty>
 </clothing>
 <clothing>
  <id>
   589625005
  </id>
  <name>
   Brooks T-shirt C-4651
  </name>
  <category>
   T-shirt
  </category>
  <size>
   M
  </size>
  <color>
   Зеленый
  </color>
  <material>
   Кожа
  </material>
  <price>
   965341
  </price>
  <rating>
   4.36
  </rating>
  <reviews>
   217348
  </reviews>
  <new>
   -
  </new>
  <exclusive>
   no
  </exclusive>
  <sporty>
   no
  </sporty>
 </clothing>
 <clothing>
  <id>
   842996940
  </id>
  <name>
   Vans Pants J-3808
  </name>
  <category>
   Pants
  </category>
  <size>
   XXL
  </size>
  <color>
   Фиолетовый
  </color>
  <material>
   Лен
  </material>
  <price>
   890442
  </price>
  <rating>
   4.12
  </rating>
  <reviews>
   415535
  </reviews>
  <sporty>
   yes
  </sporty>
 </clothing>
 <clothing>
  <id>
   766388470
  </id>
  <name>
   Brooks Hat O-1011
  </name>
  <category>
   Hat
  </category>
  <size>
   S
  </size>
  <color>
   Голубой
  </color>
  <material>
   Лен
  </material>
  <price>
   243589
  </price>
  <rating>
   4.39
  </rating>
  <reviews>
   888494
  </reviews>
  <new>
   +
  </new>
  <exclusive>
   no
  </exclusive>
 </clothing>
 <clothing>
  <id>
   752163359
  </id>
  <name>
   Lacoste Hat J-3672
  </name>
  <category>
   Hat
  </category>
  <size>
   M
  </size>
  <color>
   Красный
  </color>
  <material>
   Шерсть
  </material>
  <price>
   455530
  </price>
  <rating>
   2.75
  </rating>
  <reviews>
   768486
  </reviews>
  <exclusive>
   yes
  </exclusive>
  <sporty>
   no
  </sporty>
 </clothing>
 <clothing>
  <id>
   987343415
  </id>
  <name>
   Reebok Pants Z-3668
  </name>
  <category>
   Pants
  </category>
  <size>
   S
  </size>
  <color>
   Синий
  </color>
  <material>
   Хлопок
  </material>
  <price>
   953444
  </price>
  <rating>
   3.44
  </rating>
  <reviews>
   672532
  </reviews>
  <new>
   +
  </new>
 </clothing>
 <clothing>
  <id>
   825493418
  </id>
  <name>
   Ellesse Dress Y-7736
  </name>
  <category>
   Dress
  </category>
  <size>
   XL
  </size>
  <color>
   Красный
  </color>
  <material>
   Нейлон
  </material>
  <price>
   161706
  </price>
  <rating>
   3.91
  </rating>
  <reviews>
   741478
  </reviews>
  <exclusive>
   yes
  </exclusive>
  <sporty>
   no
  </sporty>
 </clothing>
 <clothing>
  <id>
   712222797
  </id>
  <name>
   New Balance Belts G-1345
  </name>
  <category>
   Belts
  </category>
  <size>
   XXL
  </size>
  <color>
   Голубой
  </color>
  <material>
   Полиэстер
  </material>
  <price>
   287467
  </price>
  <rating>
   1.33
  </rating>
  <reviews>
   442304
  </reviews>
  <exclusive>
   no
  </exclusive>
  <sporty>
   yes
  </sporty>
 </clothing>
</clothing-items>
