<?xml version="1.0" encoding="utf-8"?>
<clothing-items>
 <clothing>
  <id>
   766180784
  </id>
  <name>
   Adidas Umbrellas C-1850
  </name>
  <category>
   Umbrellas
  </category>
  <size>
   L
  </size>
  <color>
   Синий
  </color>
  <material>
   Кожа
  </material>
  <price>
   919742
  </price>
  <rating>
   2.54
  </rating>
  <reviews>
   290859
  </reviews>
  <new>
   +
  </new>
  <exclusive>
   yes
  </exclusive>
  <sporty>
   no
  </sporty>
 </clothing>
 <clothing>
  <id>
   554714196
  </id>
  <name>
   PleinSport Jacket B-6943
  </name>
  <category>
   Jacket
  </category>
  <size>
   XXL
  </size>
  <color>
   Зеленый
  </color>
  <material>
   Нейлон
  </material>
  <price>
   660474
  </price>
  <rating>
   2.01
  </rating>
  <reviews>
   182557
  </reviews>
  <new>
   -
  </new>
  <exclusive>
   no
  </exclusive>
 </clothing>
 <clothing>
  <id>
   965748226
  </id>
  <name>
   PleinSport Dress J-5040
  </name>
  <category>
   Dress
  </category>
  <size>
   L
  </size>
  <color>
   Зеленый
  </color>
  <material>
   Кожа
  </material>
  <price>
   336264
  </price>
  <rating>
   1.02
  </rating>
  <reviews>
   991658
  </reviews>
  <new>
   -
  </new>
  <exclusive>
   no
  </exclusive>
  <sporty>
   no
  </sporty>
 </clothing>
 <clothing>
  <id>
   240858803
  </id>
  <name>
   PleinSport Sweater C-9222
  </name>
  <category>
   Sweater
  </category>
  <size>
   XXL
  </size>
  <color>
   Красный
  </color>
  <material>
   Шелк
  </material>
  <price>
   286643
  </price>
  <rating>
   4.96
  </rating>
  <reviews>
   840332
  </reviews>
  <new>
   -
  </new>
  <sporty>
   no
  </sporty>
 </clothing>
 <clothing>
  <id>
   383264083
  </id>
  <name>
   New Balance Gloves L-2567
  </name>
  <category>
   Gloves
  </category>
  <size>
   S
  </size>
  <color>
   Желтый
  </color>
  <material>
   Полиэстер
  </material>
  <price>
   828581
  </price>
  <rating>
   3.19
  </rating>
  <reviews>
   837297
  </reviews>
  <exclusive>
   yes
  </exclusive>
  <sporty>
   yes
  </sporty>
 </clothing>
 <clothing>
  <id>
   266782797
  </id>
  <name>
   Brooks Jeans Y-7394
  </name>
  <category>
   Jeans
  </category>
  <size>
   XL
  </size>
  <color>
   Голубой
  </color>
  <material>
   Лен
  </material>
  <price>
   838553
  </price>
  <rating>
   1.62
  </rating>
  <reviews>
   981813
  </reviews>
  <new>
   -
  </new>
  <exclusive>
   no
  </exclusive>
  <sporty>
   yes
  </sporty>
 </clothing>
 <clothing>
  <id>
   448669091
  </id>
  <name>
   Asics Gloves U-8308
  </name>
  <category>
   Gloves
  </category>
  <size>
   M
  </size>
  <color>
   Оранжевый
  </color>
  <material>
   Кожа
  </material>
  <price>
   771529
  </price>
  <rating>
   2.69
  </rating>
  <reviews>
   407034
  </reviews>
  <exclusive>
   no
  </exclusive>
  <sporty>
   yes
  </sporty>
 </clothing>
 <clothing>
  <id>
   788876197
  </id>
  <name>
   Fila Handbags S-2740
  </name>
  <category>
   Handbags
  </category>
  <size>
   S
  </size>
  <color>
   Зеленый
  </color>
  <material>
   Хлопок
  </material>
  <price>
   133433
  </price>
  <rating>
   3.54
  </rating>
  <reviews>
   345391
  </reviews>
  <exclusive>
   yes
  </exclusive>
  <sporty>
   no
  </sporty>
 </clothing>
 <clothing>
  <id>
   498587267
  </id>
  <name>
   New Balance Handbags V-8749
  </name>
  <category>
   Handbags
  </category>
  <size>
   L
  </size>
  <color>
   Синий
  </color>
  <material>
   Хлопок
  </material>
  <price>
   464581
  </price>
  <rating>
   1.33
  </rating>
  <reviews>
   478971
  </reviews>
  <exclusive>
   no
  </exclusive>
  <sporty>
   no
  </sporty>
 </clothing>
 <clothing>
  <id>
   929868087
  </id>
  <name>
   Vans Dress B-2897
  </name>
  <category>
   Dress
  </category>
  <size>
   XXL
  </size>
  <color>
   Оранжевый
  </color>
  <material>
   Нейлон
  </material>
  <price>
   904919
  </price>
  <rating>
   4.96
  </rating>
  <reviews>
   873216
  </reviews>
  <new>
   +
  </new>
  <sporty>
   no
  </sporty>
 </clothing>
 <clothing>
  <id>
   337664881
  </id>
  <name>
   DC Jeans E-1076
  </name>
  <category>
   Jeans
  </category>
  <size>
   S
  </size>
  <color>
   Красный
  </color>
  <material>
   Вискоза
  </material>
  <price>
   626011
  </price>
  <rating>
   1.83
  </rating>
  <reviews>
   92503
  </reviews>
  <exclusive>
   no
  </exclusive>
  <sporty>
   no
  </sporty>
 </clothing>
 <clothing>
  <id>
   457588375
  </id>
  <name>
   Under Armour Pants E-9634
  </name>
  <category>
   Pants
  </category>
  <size>
   S
  </size>
  <color>
   Голубой
  </color>
  <material>
   Хлопок
  </material>
  <price>
   491210
  </price>
  <rating>
   3.42
  </rating>
  <reviews>
   167237
  </reviews>
  <exclusive>
   yes
  </exclusive>
 </clothing>
 <clothing>
  <id>
   946705492
  </id>
  <name>
   Asics Socks J-8226
  </name>
  <category>
   Socks
  </category>
  <size>
   XXL
  </size>
  <color>
   Красный
  </color>
  <material>
   Лен
  </material>
  <price>
   595983
  </price>
  <rating>
   2.02
  </rating>
  <reviews>
   182913
  </reviews>
  <new>
   -
  </new>
  <sporty>
   yes
  </sporty>
 </clothing>
 <clothing>
  <id>
   329073143
  </id>
  <name>
   Adidas Shirt V-4505
  </name>
  <category>
   Shirt
  </category>
  <size>
   L
  </size>
  <color>
   Желтый
  </color>
  <material>
   Шерсть
  </material>
  <price>
   743821
  </price>
  <rating>
   2.53
  </rating>
  <reviews>
   355387
  </reviews>
  <new>
   -
  </new>
 </clothing>
 <clothing>
  <id>
   565204280
  </id>
  <name>
   Reebok Belts T-6715
  </name>
  <category>
   Belts
  </category>
  <size>
   L
  </size>
  <color>
   Красный
  </color>
  <material>
   Полиэстер
  </material>
  <price>
   532865
  </price>
  <rating>
   4.98
  </rating>
  <reviews>
   747069
  </reviews>
  <new>
   +
  </new>
  <exclusive>
   no
  </exclusive>
  <sporty>
   yes
  </sporty>
 </clothing>
 <clothing>
  <id>
   586479127
  </id>
  <name>
   Lacoste Skirt R-5224
  </name>
  <category>
   Skirt
  </category>
  <size>
   S
  </size>
  <color>
   Оранжевый
  </color>
  <material>
   Полиэстер
  </material>
  <price>
   211228
  </price>
  <rating>
   2.66
  </rating>
  <reviews>
   608852
  </reviews>
  <new>
   +
  </new>
  <exclusive>
   no
  </exclusive>
 </clothing>
 <clothing>
  <id>
   486052159
  </id>
  <name>
   Puma Blouse P-2735
  </name>
  <category>
   Blouse
  </category>
  <size>
   XXL
  </size>
  <color>
   Синий
  </color>
  <material>
   Шерсть
  </material>
  <price>
   281219
  </price>
  <rating>
   3.25
  </rating>
  <reviews>
   783259
  </reviews>
  <exclusive>
   no
  </exclusive>
  <sporty>
   yes
  </sporty>
 </clothing>
 <clothing>
  <id>
   366308223
  </id>
  <name>
   PleinSport Umbrellas S-9289
  </name>
  <category>
   Umbrellas
  </category>
  <size>
   S
  </size>
  <color>
   Желтый
  </color>
  <material>
   Нейлон
  </material>
  <price>
   697468
  </price>
  <rating>
   3.52
  </rating>
  <reviews>
   343963
  </reviews>
  <new>
   -
  </new>
  <exclusive>
   yes
  </exclusive>
 </clothing>
 <clothing>
  <id>
   914356489
  </id>
  <name>
   DC Sweater Y-3735
  </name>
  <category>
   Sweater
  </category>
  <size>
   S
  </size>
  <color>
   Зеленый
  </color>
  <material>
   Нейлон
  </material>
  <price>
   333401
  </price>
  <rating>
   3.0
  </rating>
  <reviews>
   517831
  </reviews>
  <new>
   -
  </new>
 </clothing>
 <clothing>
  <id>
   309401054
  </id>
  <name>
   Lacoste T-shirt Z-4094
  </name>
  <category>
   T-shirt
  </category>
  <size>
   L
  </size>
  <color>
   Оранжевый
  </color>
  <material>
   Хлопок
  </material>
  <price>
   587336
  </price>
  <rating>
   3.89
  </rating>
  <reviews>
   667928
  </reviews>
 </clothing>
 <clothing>
  <id>
   304084272
  </id>
  <name>
   Addidas Blouse Z-9152
  </name>
  <category>
   Blouse
  </category>
  <size>
   XL
  </size>
  <color>
   Зеленый
  </color>
  <material>
   Хлопок
  </material>
  <price>
   704753
  </price>
  <rating>
   3.84
  </rating>
  <reviews>
   570707
  </reviews>
  <new>
   +
  </new>
  <exclusive>
   no
  </exclusive>
  <sporty>
   no
  </sporty>
 </clothing>
 <clothing>
  <id>
   419192537
  </id>
  <name>
   Addidas Shoes R-3716
  </name>
  <category>
   Shoes
  </category>
  <size>
   XXL
  </size>
  <color>
   Зеленый
  </color>
  <material>
   Нейлон
  </material>
  <price>
   390740
  </price>
  <rating>
   4.36
  </rating>
  <reviews>
   696301
  </reviews>
  <sporty>
   no
  </sporty>
 </clothing>
 <clothing>
  <id>
   919639328
  </id>
  <name>
   PleinSport Skirt G-3099
  </name>
  <category>
   Skirt
  </category>
  <size>
   XXL
  </size>
  <color>
   Голубой
  </color>
  <material>
   Шерсть
  </material>
  <price>
   211472
  </price>
  <rating>
   4.74
  </rating>
  <reviews>
   346348
  </reviews>
  <new>
   -
  </new>
 </clothing>
 <clothing>
  <id>
   788331989
  </id>
  <name>
   Brooks Handbags B-7929
  </name>
  <category>
   Handbags
  </category>
  <size>
   L
  </size>
  <color>
   Желтый
  </color>
  <material>
   Шерсть
  </material>
  <price>
   334966
  </price>
  <rating>
   1.14
  </rating>
  <reviews>
   889110
  </reviews>
  <new>
   -
  </new>
 </clothing>
 <clothing>
  <id>
   331121907
  </id>
  <name>
   Converse Shoes R-9483
  </name>
  <category>
   Shoes
  </category>
  <size>
   S
  </size>
  <color>
   Фиолетовый
  </color>
  <material>
   Полиэстер
  </material>
  <price>
   309915
  </price>
  <rating>
   4.39
  </rating>
  <reviews>
   842898
  </reviews>
 </clothing>
 <clothing>
  <id>
   568769695
  </id>
  <name>
   Converse Shoes P-8819
  </name>
  <category>
   Shoes
  </category>
  <size>
   XL
  </size>
  <color>
   Оранжевый
  </color>
  <material>
   Шелк
  </material>
  <price>
   330544
  </price>
  <rating>
   4.61
  </rating>
  <reviews>
   518322
  </reviews>
  <new>
   -
  </new>
  <sporty>
   yes
  </sporty>
 </clothing>
 <clothing>
  <id>
   728884916
  </id>
  <name>
   Addidas Handbags D-5124
  </name>
  <category>
   Handbags
  </category>
  <size>
   L
  </size>
  <color>
   Зеленый
  </color>
  <material>
   Шерсть
  </material>
  <price>
   455186
  </price>
  <rating>
   3.7
  </rating>
  <reviews>
   822793
  </reviews>
  <exclusive>
   yes
  </exclusive>
  <sporty>
   no
  </sporty>
 </clothing>
 <clothing>
  <id>
   633158521
  </id>
  <name>
   Asics Handbags J-1453
  </name>
  <category>
   Handbags
  </category>
  <size>
   S
  </size>
  <color>
   Красный
  </color>
  <material>
   Шерсть
  </material>
  <price>
   100227
  </price>
  <rating>
   3.71
  </rating>
  <reviews>
   548772
  </reviews>
  <new>
   -
  </new>
  <exclusive>
   no
  </exclusive>
 </clothing>
 <clothing>
  <id>
   363656362
  </id>
  <name>
   DC Skirt I-4571
  </name>
  <category>
   Skirt
  </category>
  <size>
   XXL
  </size>
  <color>
   Фиолетовый
  </color>
  <material>
   Вискоза
  </material>
  <price>
   802031
  </price>
  <rating>
   2.59
  </rating>
  <reviews>
   369558
  </reviews>
  <sporty>
   no
  </sporty>
 </clothing>
 <clothing>
  <id>
   934645076
  </id>
  <name>
   Brooks Jacket R-7343
  </name>
  <category>
   Jacket
  </category>
  <size>
   L
  </size>
  <color>
   Фиолетовый
  </color>
  <material>
   Вискоза
  </material>
  <price>
   410970
  </price>
  <rating>
   1.77
  </rating>
  <reviews>
   662737
  </reviews>
 </clothing>
 <clothing>
  <id>
   234229046
  </id>
  <name>
   Nike Pants O-4334
  </name>
  <category>
   Pants
  </category>
  <size>
   XL
  </size>
  <color>
   Зеленый
  </color>
  <material>
   Хлопок
  </material>
  <price>
   429751
  </price>
  <rating>
   4.83
  </rating>
  <reviews>
   126561
  </reviews>
  <exclusive>
   yes
  </exclusive>
  <sporty>
   no
  </sporty>
 </clothing>
 <clothing>
  <id>
   509862478
  </id>
  <name>
   Asics Dress J-7169
  </name>
  <category>
   Dress
  </category>
  <size>
   L
  </size>
  <color>
   Зеленый
  </color>
  <material>
   Шерсть
  </material>
  <price>
   835400
  </price>
  <rating>
   1.18
  </rating>
  <reviews>
   9553
  </reviews>
  <new>
   +
  </new>
  <exclusive>
   no
  </exclusive>
 </clothing>
 <clothing>
  <id>
   873910333
  </id>
  <name>
   Fila Handbags V-4195
  </name>
  <category>
   Handbags
  </category>
  <size>
   XXL
  </size>
  <color>
   Синий
  </color>
  <material>
   Нейлон
  </material>
  <price>
   165371
  </price>
  <rating>
   2.49
  </rating>
  <reviews>
   402472
  </reviews>
 </clothing>
 <clothing>
  <id>
   619320546
  </id>
  <name>
   Adidas Umbrellas X-9762
  </name>
  <category>
   Umbrellas
  </category>
  <size>
   S
  </size>
  <color>
   Оранжевый
  </color>
  <material>
   Шелк
  </material>
  <price>
   834883
  </price>
  <rating>
   4.71
  </rating>
  <reviews>
   901406
  </reviews>
  <exclusive>
   yes
  </exclusive>
  <sporty>
   no
  </sporty>
 </clothing>
 <clothing>
  <id>
   727067351
  </id>
  <name>
   PleinSport Socks M-9014
  </name>
  <category>
   Socks
  </category>
  <size>
   L
  </size>
  <color>
   Фиолетовый
  </color>
  <material>
   Кожа
  </material>
  <price>
   643514
  </price>
  <rating>
   3.44
  </rating>
  <reviews>
   386922
  </reviews>
  <new>
   -
  </new>
  <exclusive>
   no
  </exclusive>
 </clothing>
 <clothing>
  <id>
   444643762
  </id>
  <name>
   New Balance Jeans O-4858
  </name>
  <category>
   Jeans
  </category>
  <size>
   XL
  </size>
  <color>
   Зеленый
  </color>
  <material>
   Полиэстер
  </material>
  <price>
   837492
  </price>
  <rating>
   3.46
  </rating>
  <reviews>
   364106
  </reviews>
  <new>
   +
  </new>
  <exclusive>
   no
  </exclusive>
  <sporty>
   no
  </sporty>
 </clothing>
 <clothing>
  <id>
   491332189
  </id>
  <name>
   Vans Umbrellas A-5630
  </name>
  <category>
   Umbrellas
  </category>
  <size>
   S
  </size>
  <color>
   Голубой
  </color>
  <material>
   Полиэстер
  </material>
  <price>
   326798
  </price>
  <rating>
   3.88
  </rating>
  <reviews>
   833480
  </reviews>
  <sporty>
   no
  </sporty>
 </clothing>
 <clothing>
  <id>
   729652138
  </id>
  <name>
   Puma Hat N-7246
  </name>
  <category>
   Hat
  </category>
  <size>
   M
  </size>
  <color>
   Синий
  </color>
  <material>
   Полиэстер
  </material>
  <price>
   646345
  </price>
  <rating>
   3.35
  </rating>
  <reviews>
   240369
  </reviews>
  <exclusive>
   yes
  </exclusive>
 </clothing>
 <clothing>
  <id>
   157531774
  </id>
  <name>
   Fila Shoes Q-5938
  </name>
  <category>
   Shoes
  </category>
  <size>
   XXL
  </size>
  <color>
   Фиолетовый
  </color>
  <material>
   Лен
  </material>
  <price>
   199534
  </price>
  <rating>
   2.91
  </rating>
  <reviews>
   347583
  </reviews>
  <exclusive>
   yes
  </exclusive>
  <sporty>
   no
  </sporty>
 </clothing>
 <clothing>
  <id>
   253799393
  </id>
  <name>
   Puma Dress O-7772
  </name>
  <category>
   Dress
  </category>
  <size>
   S
  </size>
  <color>
   Желтый
  </color>
  <material>
   Лен
  </material>
  <price>
   449934
  </price>
  <rating>
   3.89
  </rating>
  <reviews>
   552372
  </reviews>
  <new>
   +
  </new>
  <exclusive>
   no
  </exclusive>
 </clothing>
 <clothing>
  <id>
   744460828
  </id>
  <name>
   DC Jeans Q-2513
  </name>
  <category>
   Jeans
  </category>
  <size>
   XL
  </size>
  <color>
   Желтый
  </color>
  <material>
   Кожа
  </material>
  <price>
   800653
  </price>
  <rating>
   3.41
  </rating>
  <reviews>
   243561
  </reviews>
 </clothing>
 <clothing>
  <id>
   498509305
  </id>
  <name>
   Under Armour Pants C-7971
  </name>
  <category>
   Pants
  </category>
  <size>
   L
  </size>
  <color>
   Оранжевый
  </color>
  <material>
   Полиэстер
  </material>
  <price>
   860592
  </price>
  <rating>
   1.9
  </rating>
  <reviews>
   176680
  </reviews>
  <new>
   -
  </new>
  <exclusive>
   yes
  </exclusive>
 </clothing>
 <clothing>
  <id>
   477764071
  </id>
  <name>
   Fila Shirt G-6685
  </name>
  <category>
   Shirt
  </category>
  <size>
   L
  </size>
  <color>
   Голубой
  </color>
  <material>
   Нейлон
  </material>
  <price>
   613970
  </price>
  <rating>
   3.63
  </rating>
  <reviews>
   75828
  </reviews>
  <new>
   -
  </new>
  <exclusive>
   no
  </exclusive>
  <sporty>
   no
  </sporty>
 </clothing>
</clothing-items>
