<?xml version="1.0" encoding="utf-8"?>
<clothing-items>
 <clothing>
  <id>
   249448652
  </id>
  <name>
   Reebok Skirt X-7364
  </name>
  <category>
   Skirt
  </category>
  <size>
   XXL
  </size>
  <color>
   Синий
  </color>
  <material>
   Кожа
  </material>
  <price>
   348879
  </price>
  <rating>
   3.6
  </rating>
  <reviews>
   97870
  </reviews>
  <sporty>
   no
  </sporty>
 </clothing>
 <clothing>
  <id>
   892838995
  </id>
  <name>
   Under Armour Handbags R-5128
  </name>
  <category>
   Handbags
  </category>
  <size>
   M
  </size>
  <color>
   Голубой
  </color>
  <material>
   Нейлон
  </material>
  <price>
   726255
  </price>
  <rating>
   2.81
  </rating>
  <reviews>
   364073
  </reviews>
  <new>
   +
  </new>
  <exclusive>
   yes
  </exclusive>
 </clothing>
 <clothing>
  <id>
   471996599
  </id>
  <name>
   Fila Shoes V-9227
  </name>
  <category>
   Shoes
  </category>
  <size>
   XL
  </size>
  <color>
   Красный
  </color>
  <material>
   Лен
  </material>
  <price>
   246392
  </price>
  <rating>
   1.55
  </rating>
  <reviews>
   675321
  </reviews>
  <new>
   -
  </new>
  <exclusive>
   no
  </exclusive>
  <sporty>
   no
  </sporty>
 </clothing>
 <clothing>
  <id>
   366360394
  </id>
  <name>
   Addidas Belts Z-1384
  </name>
  <category>
   Belts
  </category>
  <size>
   M
  </size>
  <color>
   Синий
  </color>
  <material>
   Вискоза
  </material>
  <price>
   714229
  </price>
  <rating>
   4.61
  </rating>
  <reviews>
   393621
  </reviews>
  <new>
   -
  </new>
  <exclusive>
   no
  </exclusive>
 </clothing>
 <clothing>
  <id>
   854407007
  </id>
  <name>
   Fila Gloves L-3150
  </name>
  <category>
   Gloves
  </category>
  <size>
   XXL
  </size>
  <color>
   Красный
  </color>
  <material>
   Нейлон
  </material>
  <price>
   876087
  </price>
  <rating>
   4.54
  </rating>
  <reviews>
   404249
  </reviews>
  <new>
   +
  </new>
  <exclusive>
   no
  </exclusive>
  <sporty>
   yes
  </sporty>
 </clothing>
 <clothing>
  <id>
   589195849
  </id>
  <name>
   DC Skirt T-7797
  </name>
  <category>
   Skirt
  </category>
  <size>
   XL
  </size>
  <color>
   Голубой
  </color>
  <material>
   Шерсть
  </material>
  <price>
   277279
  </price>
  <rating>
   3.44
  </rating>
  <reviews>
   921605
  </reviews>
  <exclusive>
   no
  </exclusive>
 </clothing>
 <clothing>
  <id>
   399453980
  </id>
  <name>
   DC Gloves U-8088
  </name>
  <category>
   Gloves
  </category>
  <size>
   XL
  </size>
  <color>
   Фиолетовый
  </color>
  <material>
   Кожа
  </material>
  <price>
   951143
  </price>
  <rating>
   1.24
  </rating>
  <reviews>
   519275
  </reviews>
  <new>
   -
  </new>
 </clothing>
 <clothing>
  <id>
   904293609
  </id>
  <name>
   Addidas Shirt T-8165
  </name>
  <category>
   Shirt
  </category>
  <size>
   XL
  </size>
  <color>
   Синий
  </color>
  <material>
   Шерсть
  </material>
  <price>
   147615
  </price>
  <rating>
   2.41
  </rating>
  <reviews>
   376231
  </reviews>
  <new>
   -
  </new>
 </clothing>
 <clothing>
  <id>
   518903927
  </id>
  <name>
   Asics Handbags I-6612
  </name>
  <category>
   Handbags
  </category>
  <size>
   S
  </size>
  <color>
   Голубой
  </color>
  <material>
   Лен
  </material>
  <price>
   359977
  </price>
  <rating>
   4.41
  </rating>
  <reviews>
   914458
  </reviews>
  <exclusive>
   yes
  </exclusive>
  <sporty>
   yes
  </sporty>
 </clothing>
 <clothing>
  <id>
   703533596
  </id>
  <name>
   Asics Handbags F-4838
  </name>
  <category>
   Handbags
  </category>
  <size>
   S
  </size>
  <color>
   Синий
  </color>
  <material>
   Лен
  </material>
  <price>
   594106
  </price>
  <rating>
   3.67
  </rating>
  <reviews>
   481242
  </reviews>
  <exclusive>
   no
  </exclusive>
  <sporty>
   yes
  </sporty>
 </clothing>
 <clothing>
  <id>
   371641741
  </id>
  <name>
   Vans Jacket R-6623
  </name>
  <category>
   Jacket
  </category>
  <size>
   XL
  </size>
  <color>
   Оранжевый
  </color>
  <material>
   Хлопок
  </material>
  <price>
   945952
  </price>
  <rating>
   2.71
  </rating>
  <reviews>
   133515
  </reviews>
  <exclusive>
   yes
  </exclusive>
  <sporty>
   yes
  </sporty>
 </clothing>
 <clothing>
  <id>
   216891527
  </id>
  <name>
   Asics Skirt A-8712
  </name>
  <category>
   Skirt
  </category>
  <size>
   M
  </size>
  <color>
   Красный
  </color>
  <material>
   Шелк
  </material>
  <price>
   216823
  </price>
  <rating>
   1.12
  </rating>
  <reviews>
   28486
  </reviews>
  <new>
   -
  </new>
  <exclusive>
   no
  </exclusive>
  <sporty>
   no
  </sporty>
 </clothing>
 <clothing>
  <id>
   853322295
  </id>
  <name>
   Nike Belts Q-3166
  </name>
  <category>
   Belts
  </category>
  <size>
   XXL
  </size>
  <color>
   Синий
  </color>
  <material>
   Нейлон
  </material>
  <price>
   670468
  </price>
  <rating>
   1.89
  </rating>
  <reviews>
   852562
  </reviews>
 </clothing>
 <clothing>
  <id>
   620156690
  </id>
  <name>
   Under Armour Gloves H-8066
  </name>
  <category>
   Gloves
  </category>
  <size>
   M
  </size>
  <color>
   Фиолетовый
  </color>
  <material>
   Шерсть
  </material>
  <price>
   282455
  </price>
  <rating>
   1.73
  </rating>
  <reviews>
   811147
  </reviews>
  <new>
   -
  </new>
  <exclusive>
   yes
  </exclusive>
  <sporty>
   yes
  </sporty>
 </clothing>
 <clothing>
  <id>
   290153113
  </id>
  <name>
   Puma Blouse N-5865
  </name>
  <category>
   Blouse
  </category>
  <size>
   S
  </size>
  <color>
   Оранжевый
  </color>
  <material>
   Лен
  </material>
  <price>
   672848
  </price>
  <rating>
   1.49
  </rating>
  <reviews>
   219079
  </reviews>
  <exclusive>
   no
  </exclusive>
 </clothing>
 <clothing>
  <id>
   690710617
  </id>
  <name>
   Nike Blouse D-9528
  </name>
  <category>
   Blouse
  </category>
  <size>
   S
  </size>
  <color>
   Голубой
  </color>
  <material>
   Шерсть
  </material>
  <price>
   664506
  </price>
  <rating>
   1.02
  </rating>
  <reviews>
   56810
  </reviews>
  <new>
   -
  </new>
  <exclusive>
   no
  </exclusive>
 </clothing>
 <clothing>
  <id>
   625954529
  </id>
  <name>
   Lacoste Jacket R-2277
  </name>
  <category>
   Jacket
  </category>
  <size>
   XL
  </size>
  <color>
   Синий
  </color>
  <material>
   Нейлон
  </material>
  <price>
   943789
  </price>
  <rating>
   3.14
  </rating>
  <reviews>
   532571
  </reviews>
  <new>
   -
  </new>
  <exclusive>
   yes
  </exclusive>
  <sporty>
   yes
  </sporty>
 </clothing>
 <clothing>
  <id>
   999385699
  </id>
  <name>
   Addidas Sweater T-2209
  </name>
  <category>
   Sweater
  </category>
  <size>
   M
  </size>
  <color>
   Красный
  </color>
  <material>
   Шелк
  </material>
  <price>
   283903
  </price>
  <rating>
   2.71
  </rating>
  <reviews>
   240892
  </reviews>
  <exclusive>
   no
  </exclusive>
 </clothing>
 <clothing>
  <id>
   152375078
  </id>
  <name>
   Reebok Pants W-1618
  </name>
  <category>
   Pants
  </category>
  <size>
   S
  </size>
  <color>
   Голубой
  </color>
  <material>
   Лен
  </material>
  <price>
   889540
  </price>
  <rating>
   4.63
  </rating>
  <reviews>
   865187
  </reviews>
  <new>
   +
  </new>
  <exclusive>
   no
  </exclusive>
 </clothing>
</clothing-items>
