<?xml version="1.0" encoding="utf-8"?>
<clothing-items>
 <clothing>
  <id>
   439172700
  </id>
  <name>
   Puma Blouse Z-9905
  </name>
  <category>
   Blouse
  </category>
  <size>
   XL
  </size>
  <color>
   Голубой
  </color>
  <material>
   Хлопок
  </material>
  <price>
   636387
  </price>
  <rating>
   4.63
  </rating>
  <reviews>
   115909
  </reviews>
  <new>
   +
  </new>
  <sporty>
   yes
  </sporty>
 </clothing>
 <clothing>
  <id>
   728551633
  </id>
  <name>
   DC T-shirt I-5305
  </name>
  <category>
   T-shirt
  </category>
  <size>
   XL
  </size>
  <color>
   Желтый
  </color>
  <material>
   Шелк
  </material>
  <price>
   250393
  </price>
  <rating>
   3.98
  </rating>
  <reviews>
   365140
  </reviews>
  <new>
   -
  </new>
 </clothing>
 <clothing>
  <id>
   370927432
  </id>
  <name>
   Brooks Jeans V-8783
  </name>
  <category>
   Jeans
  </category>
  <size>
   M
  </size>
  <color>
   Голубой
  </color>
  <material>
   Шелк
  </material>
  <price>
   519832
  </price>
  <rating>
   3.79
  </rating>
  <reviews>
   130354
  </reviews>
  <new>
   -
  </new>
 </clothing>
 <clothing>
  <id>
   269379264
  </id>
  <name>
   Adidas Gloves E-9915
  </name>
  <category>
   Gloves
  </category>
  <size>
   S
  </size>
  <color>
   Голубой
  </color>
  <material>
   Лен
  </material>
  <price>
   713848
  </price>
  <rating>
   4.24
  </rating>
  <reviews>
   342724
  </reviews>
  <new>
   +
  </new>
  <exclusive>
   no
  </exclusive>
 </clothing>
 <clothing>
  <id>
   291686883
  </id>
  <name>
   Adidas Skirt F-9063
  </name>
  <category>
   Skirt
  </category>
  <size>
   XXL
  </size>
  <color>
   Зеленый
  </color>
  <material>
   Лен
  </material>
  <price>
   633969
  </price>
  <rating>
   2.22
  </rating>
  <reviews>
   365728
  </reviews>
  <exclusive>
   no
  </exclusive>
  <sporty>
   no
  </sporty>
 </clothing>
 <clothing>
  <id>
   411995827
  </id>
  <name>
   Asics Pants E-8530
  </name>
  <category>
   Pants
  </category>
  <size>
   XL
  </size>
  <color>
   Желтый
  </color>
  <material>
   Полиэстер
  </material>
  <price>
   322533
  </price>
  <rating>
   1.24
  </rating>
  <reviews>
   796924
  </reviews>
  <new>
   +
  </new>
  <exclusive>
   yes
  </exclusive>
 </clothing>
 <clothing>
  <id>
   967430723
  </id>
  <name>
   Adidas Socks Z-1633
  </name>
  <category>
   Socks
  </category>
  <size>
   XXL
  </size>
  <color>
   Красный
  </color>
  <material>
   Нейлон
  </material>
  <price>
   340705
  </price>
  <rating>
   1.42
  </rating>
  <reviews>
   848498
  </reviews>
  <exclusive>
   no
  </exclusive>
 </clothing>
 <clothing>
  <id>
   509873619
  </id>
  <name>
   Adidas Dress O-5738
  </name>
  <category>
   Dress
  </category>
  <size>
   L
  </size>
  <color>
   Синий
  </color>
  <material>
   Кожа
  </material>
  <price>
   456058
  </price>
  <rating>
   2.15
  </rating>
  <reviews>
   841256
  </reviews>
  <new>
   +
  </new>
  <exclusive>
   yes
  </exclusive>
 </clothing>
 <clothing>
  <id>
   685752960
  </id>
  <name>
   PleinSport Dress B-5799
  </name>
  <category>
   Dress
  </category>
  <size>
   XL
  </size>
  <color>
   Голубой
  </color>
  <material>
   Вискоза
  </material>
  <price>
   458299
  </price>
  <rating>
   1.33
  </rating>
  <reviews>
   344126
  </reviews>
  <new>
   +
  </new>
  <exclusive>
   no
  </exclusive>
 </clothing>
 <clothing>
  <id>
   372964012
  </id>
  <name>
   Reebok Pants R-8113
  </name>
  <category>
   Pants
  </category>
  <size>
   XXL
  </size>
  <color>
   Красный
  </color>
  <material>
   Шелк
  </material>
  <price>
   124313
  </price>
  <rating>
   1.03
  </rating>
  <reviews>
   26735
  </reviews>
  <exclusive>
   no
  </exclusive>
  <sporty>
   no
  </sporty>
 </clothing>
 <clothing>
  <id>
   537923483
  </id>
  <name>
   Asics Umbrellas Z-9872
  </name>
  <category>
   Umbrellas
  </category>
  <size>
   M
  </size>
  <color>
   Желтый
  </color>
  <material>
   Вискоза
  </material>
  <price>
   489226
  </price>
  <rating>
   3.02
  </rating>
  <reviews>
   601224
  </reviews>
  <new>
   -
  </new>
  <exclusive>
   no
  </exclusive>
  <sporty>
   no
  </sporty>
 </clothing>
 <clothing>
  <id>
   901628883
  </id>
  <name>
   Ellesse Belts D-5217
  </name>
  <category>
   Belts
  </category>
  <size>
   S
  </size>
  <color>
   Синий
  </color>
  <material>
   Полиэстер
  </material>
  <price>
   577035
  </price>
  <rating>
   2.19
  </rating>
  <reviews>
   271023
  </reviews>
  <new>
   +
  </new>
 </clothing>
 <clothing>
  <id>
   546461772
  </id>
  <name>
   New Balance Umbrellas L-7982
  </name>
  <category>
   Umbrellas
  </category>
  <size>
   M
  </size>
  <color>
   Фиолетовый
  </color>
  <material>
   Хлопок
  </material>
  <price>
   306805
  </price>
  <rating>
   3.57
  </rating>
  <reviews>
   142370
  </reviews>
  <exclusive>
   no
  </exclusive>
  <sporty>
   no
  </sporty>
 </clothing>
 <clothing>
  <id>
   430877955
  </id>
  <name>
   Brooks Jeans H-3759
  </name>
  <category>
   Jeans
  </category>
  <size>
   M
  </size>
  <color>
   Оранжевый
  </color>
  <material>
   Кожа
  </material>
  <price>
   161789
  </price>
  <rating>
   3.91
  </rating>
  <reviews>
   337988
  </reviews>
  <new>
   -
  </new>
  <sporty>
   no
  </sporty>
 </clothing>
 <clothing>
  <id>
   205225275
  </id>
  <name>
   PleinSport Dress P-8818
  </name>
  <category>
   Dress
  </category>
  <size>
   S
  </size>
  <color>
   Желтый
  </color>
  <material>
   Полиэстер
  </material>
  <price>
   938138
  </price>
  <rating>
   4.24
  </rating>
  <reviews>
   819058
  </reviews>
  <new>
   -
  </new>
  <exclusive>
   yes
  </exclusive>
  <sporty>
   yes
  </sporty>
 </clothing>
 <clothing>
  <id>
   316409693
  </id>
  <name>
   Vans Belts G-8953
  </name>
  <category>
   Belts
  </category>
  <size>
   XXL
  </size>
  <color>
   Желтый
  </color>
  <material>
   Вискоза
  </material>
  <price>
   966808
  </price>
  <rating>
   3.93
  </rating>
  <reviews>
   205672
  </reviews>
  <new>
   -
  </new>
 </clothing>
 <clothing>
  <id>
   668937881
  </id>
  <name>
   Adidas T-shirt H-1260
  </name>
  <category>
   T-shirt
  </category>
  <size>
   XL
  </size>
  <color>
   Зеленый
  </color>
  <material>
   Лен
  </material>
  <price>
   442650
  </price>
  <rating>
   2.91
  </rating>
  <reviews>
   807252
  </reviews>
  <new>
   -
  </new>
  <sporty>
   no
  </sporty>
 </clothing>
 <clothing>
  <id>
   478501411
  </id>
  <name>
   PleinSport Shoes I-4118
  </name>
  <category>
   Shoes
  </category>
  <size>
   M
  </size>
  <color>
   Оранжевый
  </color>
  <material>
   Шерсть
  </material>
  <price>
   164235
  </price>
  <rating>
   1.95
  </rating>
  <reviews>
   72994
  </reviews>
  <exclusive>
   yes
  </exclusive>
  <sporty>
   no
  </sporty>
 </clothing>
 <clothing>
  <id>
   903921382
  </id>
  <name>
   Nike Dress A-7604
  </name>
  <category>
   Dress
  </category>
  <size>
   XXL
  </size>
  <color>
   Фиолетовый
  </color>
  <material>
   Шелк
  </material>
  <price>
   386816
  </price>
  <rating>
   4.76
  </rating>
  <reviews>
   437915
  </reviews>
  <exclusive>
   yes
  </exclusive>
  <sporty>
   yes
  </sporty>
 </clothing>
 <clothing>
  <id>
   136114416
  </id>
  <name>
   Lacoste Shoes B-1812
  </name>
  <category>
   Shoes
  </category>
  <size>
   XL
  </size>
  <color>
   Синий
  </color>
  <material>
   Вискоза
  </material>
  <price>
   482803
  </price>
  <rating>
   1.24
  </rating>
  <reviews>
   36603
  </reviews>
 </clothing>
 <clothing>
  <id>
   655030327
  </id>
  <name>
   Brooks Umbrellas B-5371
  </name>
  <category>
   Umbrellas
  </category>
  <size>
   S
  </size>
  <color>
   Красный
  </color>
  <material>
   Вискоза
  </material>
  <price>
   382957
  </price>
  <rating>
   2.77
  </rating>
  <reviews>
   147159
  </reviews>
  <new>
   -
  </new>
  <sporty>
   yes
  </sporty>
 </clothing>
 <clothing>
  <id>
   742262370
  </id>
  <name>
   Asics Socks J-1904
  </name>
  <category>
   Socks
  </category>
  <size>
   S
  </size>
  <color>
   Зеленый
  </color>
  <material>
   Нейлон
  </material>
  <price>
   903329
  </price>
  <rating>
   3.17
  </rating>
  <reviews>
   140366
  </reviews>
 </clothing>
 <clothing>
  <id>
   875302262
  </id>
  <name>
   Brooks Gloves A-8616
  </name>
  <category>
   Gloves
  </category>
  <size>
   S
  </size>
  <color>
   Красный
  </color>
  <material>
   Лен
  </material>
  <price>
   101238
  </price>
  <rating>
   4.24
  </rating>
  <reviews>
   610346
  </reviews>
  <exclusive>
   no
  </exclusive>
  <sporty>
   no
  </sporty>
 </clothing>
 <clothing>
  <id>
   169047617
  </id>
  <name>
   Converse Pants T-8865
  </name>
  <category>
   Pants
  </category>
  <size>
   XXL
  </size>
  <color>
   Зеленый
  </color>
  <material>
   Лен
  </material>
  <price>
   906941
  </price>
  <rating>
   1.55
  </rating>
  <reviews>
   365727
  </reviews>
 </clothing>
 <clothing>
  <id>
   910318900
  </id>
  <name>
   Puma Blouse B-7453
  </name>
  <category>
   Blouse
  </category>
  <size>
   M
  </size>
  <color>
   Фиолетовый
  </color>
  <material>
   Хлопок
  </material>
  <price>
   575542
  </price>
  <rating>
   1.93
  </rating>
  <reviews>
   112946
  </reviews>
  <new>
   -
  </new>
  <exclusive>
   no
  </exclusive>
 </clothing>
 <clothing>
  <id>
   154354493
  </id>
  <name>
   Under Armour T-shirt M-8951
  </name>
  <category>
   T-shirt
  </category>
  <size>
   S
  </size>
  <color>
   Фиолетовый
  </color>
  <material>
   Нейлон
  </material>
  <price>
   750006
  </price>
  <rating>
   3.66
  </rating>
  <reviews>
   984346
  </reviews>
  <new>
   -
  </new>
  <exclusive>
   no
  </exclusive>
 </clothing>
 <clothing>
  <id>
   974002530
  </id>
  <name>
   Addidas Skirt F-4002
  </name>
  <category>
   Skirt
  </category>
  <size>
   XL
  </size>
  <color>
   Фиолетовый
  </color>
  <material>
   Кожа
  </material>
  <price>
   442840
  </price>
  <rating>
   1.48
  </rating>
  <reviews>
   38129
  </reviews>
  <exclusive>
   no
  </exclusive>
  <sporty>
   yes
  </sporty>
 </clothing>
 <clothing>
  <id>
   533540811
  </id>
  <name>
   Ellesse Sweater L-7798
  </name>
  <category>
   Sweater
  </category>
  <size>
   XL
  </size>
  <color>
   Голубой
  </color>
  <material>
   Нейлон
  </material>
  <price>
   609397
  </price>
  <rating>
   2.08
  </rating>
  <reviews>
   969211
  </reviews>
  <new>
   +
  </new>
  <sporty>
   yes
  </sporty>
 </clothing>
 <clothing>
  <id>
   972847319
  </id>
  <name>
   Addidas Umbrellas E-1495
  </name>
  <category>
   Umbrellas
  </category>
  <size>
   M
  </size>
  <color>
   Фиолетовый
  </color>
  <material>
   Полиэстер
  </material>
  <price>
   659009
  </price>
  <rating>
   3.56
  </rating>
  <reviews>
   86380
  </reviews>
  <new>
   -
  </new>
  <exclusive>
   yes
  </exclusive>
  <sporty>
   no
  </sporty>
 </clothing>
 <clothing>
  <id>
   368367975
  </id>
  <name>
   Nike Hat K-3750
  </name>
  <category>
   Hat
  </category>
  <size>
   M
  </size>
  <color>
   Красный
  </color>
  <material>
   Шелк
  </material>
  <price>
   835407
  </price>
  <rating>
   1.16
  </rating>
  <reviews>
   905317
  </reviews>
  <new>
   +
  </new>
  <exclusive>
   yes
  </exclusive>
  <sporty>
   no
  </sporty>
 </clothing>
 <clothing>
  <id>
   887882246
  </id>
  <name>
   Puma Shirt D-3765
  </name>
  <category>
   Shirt
  </category>
  <size>
   M
  </size>
  <color>
   Красный
  </color>
  <material>
   Вискоза
  </material>
  <price>
   690926
  </price>
  <rating>
   3.8
  </rating>
  <reviews>
   955460
  </reviews>
  <exclusive>
   no
  </exclusive>
  <sporty>
   no
  </sporty>
 </clothing>
 <clothing>
  <id>
   548290580
  </id>
  <name>
   Under Armour Hat Y-5203
  </name>
  <category>
   Hat
  </category>
  <size>
   S
  </size>
  <color>
   Зеленый
  </color>
  <material>
   Шерсть
  </material>
  <price>
   842896
  </price>
  <rating>
   1.94
  </rating>
  <reviews>
   816934
  </reviews>
  <new>
   -
  </new>
  <exclusive>
   no
  </exclusive>
  <sporty>
   yes
  </sporty>
 </clothing>
 <clothing>
  <id>
   335434876
  </id>
  <name>
   New Balance Sweater L-8799
  </name>
  <category>
   Sweater
  </category>
  <size>
   XL
  </size>
  <color>
   Оранжевый
  </color>
  <material>
   Шелк
  </material>
  <price>
   522578
  </price>
  <rating>
   1.68
  </rating>
  <reviews>
   143315
  </reviews>
  <new>
   +
  </new>
  <exclusive>
   no
  </exclusive>
  <sporty>
   yes
  </sporty>
 </clothing>
 <clothing>
  <id>
   746411046
  </id>
  <name>
   Lacoste Sweater N-4490
  </name>
  <category>
   Sweater
  </category>
  <size>
   M
  </size>
  <color>
   Фиолетовый
  </color>
  <material>
   Кожа
  </material>
  <price>
   368379
  </price>
  <rating>
   1.17
  </rating>
  <reviews>
   452812
  </reviews>
  <new>
   -
  </new>
  <exclusive>
   no
  </exclusive>
  <sporty>
   yes
  </sporty>
 </clothing>
 <clothing>
  <id>
   675381222
  </id>
  <name>
   Fila Hat Y-6562
  </name>
  <category>
   Hat
  </category>
  <size>
   XXL
  </size>
  <color>
   Красный
  </color>
  <material>
   Нейлон
  </material>
  <price>
   516844
  </price>
  <rating>
   3.9
  </rating>
  <reviews>
   245165
  </reviews>
  <new>
   -
  </new>
 </clothing>
 <clothing>
  <id>
   102342490
  </id>
  <name>
   Asics Jeans R-2142
  </name>
  <category>
   Jeans
  </category>
  <size>
   M
  </size>
  <color>
   Желтый
  </color>
  <material>
   Лен
  </material>
  <price>
   487739
  </price>
  <rating>
   1.07
  </rating>
  <reviews>
   123044
  </reviews>
  <new>
   +
  </new>
  <exclusive>
   yes
  </exclusive>
 </clothing>
 <clothing>
  <id>
   731877530
  </id>
  <name>
   Adidas Jeans P-5191
  </name>
  <category>
   Jeans
  </category>
  <size>
   L
  </size>
  <color>
   Оранжевый
  </color>
  <material>
   Полиэстер
  </material>
  <price>
   854510
  </price>
  <rating>
   1.59
  </rating>
  <reviews>
   27968
  </reviews>
  <new>
   -
  </new>
  <exclusive>
   no
  </exclusive>
  <sporty>
   no
  </sporty>
 </clothing>
 <clothing>
  <id>
   506495013
  </id>
  <name>
   Under Armour Hat Z-8605
  </name>
  <category>
   Hat
  </category>
  <size>
   S
  </size>
  <color>
   Оранжевый
  </color>
  <material>
   Лен
  </material>
  <price>
   118757
  </price>
  <rating>
   4.68
  </rating>
  <reviews>
   681236
  </reviews>
  <new>
   -
  </new>
 </clothing>
 <clothing>
  <id>
   243337078
  </id>
  <name>
   Fila Dress A-4374
  </name>
  <category>
   Dress
  </category>
  <size>
   XL
  </size>
  <color>
   Оранжевый
  </color>
  <material>
   Лен
  </material>
  <price>
   990491
  </price>
  <rating>
   3.17
  </rating>
  <reviews>
   716130
  </reviews>
  <exclusive>
   yes
  </exclusive>
  <sporty>
   yes
  </sporty>
 </clothing>
 <clothing>
  <id>
   369591879
  </id>
  <name>
   Vans Shirt Z-1308
  </name>
  <category>
   Shirt
  </category>
  <size>
   XL
  </size>
  <color>
   Голубой
  </color>
  <material>
   Вискоза
  </material>
  <price>
   324735
  </price>
  <rating>
   2.0
  </rating>
  <reviews>
   978001
  </reviews>
  <new>
   +
  </new>
  <sporty>
   no
  </sporty>
 </clothing>
 <clothing>
  <id>
   541365093
  </id>
  <name>
   PleinSport Dress K-9903
  </name>
  <category>
   Dress
  </category>
  <size>
   M
  </size>
  <color>
   Фиолетовый
  </color>
  <material>
   Кожа
  </material>
  <price>
   746479
  </price>
  <rating>
   1.98
  </rating>
  <reviews>
   92875
  </reviews>
  <exclusive>
   yes
  </exclusive>
 </clothing>
 <clothing>
  <id>
   525846537
  </id>
  <name>
   Puma Sweater Q-7483
  </name>
  <category>
   Sweater
  </category>
  <size>
   XL
  </size>
  <color>
   Голубой
  </color>
  <material>
   Хлопок
  </material>
  <price>
   459978
  </price>
  <rating>
   2.35
  </rating>
  <reviews>
   843281
  </reviews>
  <new>
   -
  </new>
  <exclusive>
   yes
  </exclusive>
  <sporty>
   no
  </sporty>
 </clothing>
 <clothing>
  <id>
   901582506
  </id>
  <name>
   Adidas Pants X-6772
  </name>
  <category>
   Pants
  </category>
  <size>
   M
  </size>
  <color>
   Желтый
  </color>
  <material>
   Полиэстер
  </material>
  <price>
   488363
  </price>
  <rating>
   1.42
  </rating>
  <reviews>
   71170
  </reviews>
  <new>
   +
  </new>
  <sporty>
   yes
  </sporty>
 </clothing>
 <clothing>
  <id>
   264228408
  </id>
  <name>
   Brooks Sweater U-6346
  </name>
  <category>
   Sweater
  </category>
  <size>
   XL
  </size>
  <color>
   Голубой
  </color>
  <material>
   Кожа
  </material>
  <price>
   671171
  </price>
  <rating>
   4.4
  </rating>
  <reviews>
   491919
  </reviews>
  <new>
   +
  </new>
  <exclusive>
   yes
  </exclusive>
  <sporty>
   no
  </sporty>
 </clothing>
 <clothing>
  <id>
   997443999
  </id>
  <name>
   Puma Blouse N-8413
  </name>
  <category>
   Blouse
  </category>
  <size>
   L
  </size>
  <color>
   Оранжевый
  </color>
  <material>
   Шелк
  </material>
  <price>
   806411
  </price>
  <rating>
   3.93
  </rating>
  <reviews>
   458375
  </reviews>
  <new>
   -
  </new>
  <exclusive>
   no
  </exclusive>
  <sporty>
   no
  </sporty>
 </clothing>
 <clothing>
  <id>
   907970064
  </id>
  <name>
   New Balance Gloves J-9159
  </name>
  <category>
   Gloves
  </category>
  <size>
   XL
  </size>
  <color>
   Оранжевый
  </color>
  <material>
   Шерсть
  </material>
  <price>
   291382
  </price>
  <rating>
   2.35
  </rating>
  <reviews>
   777886
  </reviews>
  <new>
   +
  </new>
  <sporty>
   no
  </sporty>
 </clothing>
 <clothing>
  <id>
   914603272
  </id>
  <name>
   New Balance Handbags I-1481
  </name>
  <category>
   Handbags
  </category>
  <size>
   L
  </size>
  <color>
   Зеленый
  </color>
  <material>
   Лен
  </material>
  <price>
   803292
  </price>
  <rating>
   3.6
  </rating>
  <reviews>
   594917
  </reviews>
  <new>
   +
  </new>
 </clothing>
 <clothing>
  <id>
   480147467
  </id>
  <name>
   Under Armour Blouse O-2118
  </name>
  <category>
   Blouse
  </category>
  <size>
   L
  </size>
  <color>
   Синий
  </color>
  <material>
   Кожа
  </material>
  <price>
   491283
  </price>
  <rating>
   3.46
  </rating>
  <reviews>
   691805
  </reviews>
  <new>
   -
  </new>
 </clothing>
</clothing-items>
