<?xml version="1.0" encoding="utf-8"?>
<clothing-items>
 <clothing>
  <id>
   202161829
  </id>
  <name>
   Addidas T-shirt C-7006
  </name>
  <category>
   T-shirt
  </category>
  <size>
   XXL
  </size>
  <color>
   Синий
  </color>
  <material>
   Шерсть
  </material>
  <price>
   332836
  </price>
  <rating>
   2.75
  </rating>
  <reviews>
   827202
  </reviews>
  <exclusive>
   no
  </exclusive>
  <sporty>
   yes
  </sporty>
 </clothing>
 <clothing>
  <id>
   868670150
  </id>
  <name>
   Addidas T-shirt E-8547
  </name>
  <category>
   T-shirt
  </category>
  <size>
   L
  </size>
  <color>
   Фиолетовый
  </color>
  <material>
   Лен
  </material>
  <price>
   664589
  </price>
  <rating>
   1.91
  </rating>
  <reviews>
   641070
  </reviews>
  <new>
   -
  </new>
  <exclusive>
   yes
  </exclusive>
  <sporty>
   no
  </sporty>
 </clothing>
 <clothing>
  <id>
   735932889
  </id>
  <name>
   Fila Sweater R-1398
  </name>
  <category>
   Sweater
  </category>
  <size>
   XXL
  </size>
  <color>
   Голубой
  </color>
  <material>
   Вискоза
  </material>
  <price>
   797333
  </price>
  <rating>
   1.66
  </rating>
  <reviews>
   8787
  </reviews>
  <new>
   -
  </new>
  <exclusive>
   no
  </exclusive>
  <sporty>
   yes
  </sporty>
 </clothing>
 <clothing>
  <id>
   169355815
  </id>
  <name>
   Adidas Blouse S-6038
  </name>
  <category>
   Blouse
  </category>
  <size>
   XXL
  </size>
  <color>
   Оранжевый
  </color>
  <material>
   Нейлон
  </material>
  <price>
   843349
  </price>
  <rating>
   4.17
  </rating>
  <reviews>
   631684
  </reviews>
  <exclusive>
   no
  </exclusive>
  <sporty>
   no
  </sporty>
 </clothing>
 <clothing>
  <id>
   491558739
  </id>
  <name>
   Nike Dress I-1181
  </name>
  <category>
   Dress
  </category>
  <size>
   XL
  </size>
  <color>
   Голубой
  </color>
  <material>
   Хлопок
  </material>
  <price>
   724972
  </price>
  <rating>
   2.69
  </rating>
  <reviews>
   316516
  </reviews>
  <new>
   -
  </new>
  <sporty>
   yes
  </sporty>
 </clothing>
 <clothing>
  <id>
   143192341
  </id>
  <name>
   Under Armour Pants M-9379
  </name>
  <category>
   Pants
  </category>
  <size>
   XXL
  </size>
  <color>
   Желтый
  </color>
  <material>
   Нейлон
  </material>
  <price>
   323724
  </price>
  <rating>
   1.02
  </rating>
  <reviews>
   153466
  </reviews>
  <new>
   -
  </new>
  <sporty>
   yes
  </sporty>
 </clothing>
 <clothing>
  <id>
   149472919
  </id>
  <name>
   Under Armour Umbrellas D-1404
  </name>
  <category>
   Umbrellas
  </category>
  <size>
   M
  </size>
  <color>
   Зеленый
  </color>
  <material>
   Лен
  </material>
  <price>
   532639
  </price>
  <rating>
   4.74
  </rating>
  <reviews>
   377336
  </reviews>
  <new>
   -
  </new>
 </clothing>
 <clothing>
  <id>
   752654942
  </id>
  <name>
   Adidas Hat V-6724
  </name>
  <category>
   Hat
  </category>
  <size>
   L
  </size>
  <color>
   Желтый
  </color>
  <material>
   Кожа
  </material>
  <price>
   380187
  </price>
  <rating>
   4.78
  </rating>
  <reviews>
   429532
  </reviews>
  <exclusive>
   yes
  </exclusive>
  <sporty>
   no
  </sporty>
 </clothing>
 <clothing>
  <id>
   763871930
  </id>
  <name>
   Addidas Jacket P-8278
  </name>
  <category>
   Jacket
  </category>
  <size>
   S
  </size>
  <color>
   Красный
  </color>
  <material>
   Полиэстер
  </material>
  <price>
   498398
  </price>
  <rating>
   2.87
  </rating>
  <reviews>
   962321
  </reviews>
  <new>
   +
  </new>
  <exclusive>
   yes
  </exclusive>
 </clothing>
 <clothing>
  <id>
   390787312
  </id>
  <name>
   Under Armour Gloves K-1697
  </name>
  <category>
   Gloves
  </category>
  <size>
   L
  </size>
  <color>
   Синий
  </color>
  <material>
   Кожа
  </material>
  <price>
   375308
  </price>
  <rating>
   4.94
  </rating>
  <reviews>
   181160
  </reviews>
  <new>
   -
  </new>
  <exclusive>
   yes
  </exclusive>
  <sporty>
   no
  </sporty>
 </clothing>
 <clothing>
  <id>
   796391107
  </id>
  <name>
   Vans Sweater D-3062
  </name>
  <category>
   Sweater
  </category>
  <size>
   M
  </size>
  <color>
   Оранжевый
  </color>
  <material>
   Вискоза
  </material>
  <price>
   948968
  </price>
  <rating>
   1.43
  </rating>
  <reviews>
   205888
  </reviews>
  <new>
   -
  </new>
  <sporty>
   no
  </sporty>
 </clothing>
 <clothing>
  <id>
   699823914
  </id>
  <name>
   Nike Jeans B-8441
  </name>
  <category>
   Jeans
  </category>
  <size>
   S
  </size>
  <color>
   Оранжевый
  </color>
  <material>
   Кожа
  </material>
  <price>
   304544
  </price>
  <rating>
   1.73
  </rating>
  <reviews>
   779229
  </reviews>
  <new>
   -
  </new>
  <sporty>
   no
  </sporty>
 </clothing>
 <clothing>
  <id>
   295996087
  </id>
  <name>
   Fila Skirt W-3414
  </name>
  <category>
   Skirt
  </category>
  <size>
   M
  </size>
  <color>
   Синий
  </color>
  <material>
   Лен
  </material>
  <price>
   173024
  </price>
  <rating>
   4.42
  </rating>
  <reviews>
   461705
  </reviews>
  <exclusive>
   yes
  </exclusive>
  <sporty>
   no
  </sporty>
 </clothing>
 <clothing>
  <id>
   846689406
  </id>
  <name>
   Converse Socks I-6799
  </name>
  <category>
   Socks
  </category>
  <size>
   XXL
  </size>
  <color>
   Зеленый
  </color>
  <material>
   Шелк
  </material>
  <price>
   446902
  </price>
  <rating>
   3.07
  </rating>
  <reviews>
   858656
  </reviews>
  <new>
   +
  </new>
  <exclusive>
   yes
  </exclusive>
  <sporty>
   no
  </sporty>
 </clothing>
 <clothing>
  <id>
   561142595
  </id>
  <name>
   Fila Sweater U-9998
  </name>
  <category>
   Sweater
  </category>
  <size>
   XXL
  </size>
  <color>
   Фиолетовый
  </color>
  <material>
   Шерсть
  </material>
  <price>
   186904
  </price>
  <rating>
   1.73
  </rating>
  <reviews>
   149484
  </reviews>
  <exclusive>
   yes
  </exclusive>
 </clothing>
 <clothing>
  <id>
   428146184
  </id>
  <name>
   New Balance Pants Q-2154
  </name>
  <category>
   Pants
  </category>
  <size>
   S
  </size>
  <color>
   Оранжевый
  </color>
  <material>
   Кожа
  </material>
  <price>
   835713
  </price>
  <rating>
   1.92
  </rating>
  <reviews>
   82056
  </reviews>
  <new>
   +
  </new>
  <sporty>
   no
  </sporty>
 </clothing>
 <clothing>
  <id>
   441538568
  </id>
  <name>
   Puma Jacket I-7378
  </name>
  <category>
   Jacket
  </category>
  <size>
   XXL
  </size>
  <color>
   Красный
  </color>
  <material>
   Нейлон
  </material>
  <price>
   180312
  </price>
  <rating>
   1.88
  </rating>
  <reviews>
   551333
  </reviews>
  <new>
   -
  </new>
 </clothing>
 <clothing>
  <id>
   450693108
  </id>
  <name>
   Under Armour Belts A-1602
  </name>
  <category>
   Belts
  </category>
  <size>
   S
  </size>
  <color>
   Желтый
  </color>
  <material>
   Лен
  </material>
  <price>
   384569
  </price>
  <rating>
   2.99
  </rating>
  <reviews>
   592216
  </reviews>
  <new>
   -
  </new>
  <sporty>
   no
  </sporty>
 </clothing>
 <clothing>
  <id>
   528843381
  </id>
  <name>
   Vans Skirt E-3117
  </name>
  <category>
   Skirt
  </category>
  <size>
   M
  </size>
  <color>
   Синий
  </color>
  <material>
   Полиэстер
  </material>
  <price>
   621751
  </price>
  <rating>
   3.72
  </rating>
  <reviews>
   245858
  </reviews>
  <new>
   -
  </new>
  <exclusive>
   no
  </exclusive>
 </clothing>
 <clothing>
  <id>
   364012029
  </id>
  <name>
   Reebok Socks R-8382
  </name>
  <category>
   Socks
  </category>
  <size>
   L
  </size>
  <color>
   Красный
  </color>
  <material>
   Хлопок
  </material>
  <price>
   971652
  </price>
  <rating>
   2.23
  </rating>
  <reviews>
   111045
  </reviews>
  <new>
   -
  </new>
  <exclusive>
   no
  </exclusive>
 </clothing>
 <clothing>
  <id>
   168977945
  </id>
  <name>
   Addidas T-shirt V-8548
  </name>
  <category>
   T-shirt
  </category>
  <size>
   M
  </size>
  <color>
   Фиолетовый
  </color>
  <material>
   Нейлон
  </material>
  <price>
   992492
  </price>
  <rating>
   2.07
  </rating>
  <reviews>
   677990
  </reviews>
  <new>
   -
  </new>
  <exclusive>
   no
  </exclusive>
  <sporty>
   no
  </sporty>
 </clothing>
 <clothing>
  <id>
   172149278
  </id>
  <name>
   Adidas Jacket Q-2129
  </name>
  <category>
   Jacket
  </category>
  <size>
   L
  </size>
  <color>
   Желтый
  </color>
  <material>
   Кожа
  </material>
  <price>
   869614
  </price>
  <rating>
   4.77
  </rating>
  <reviews>
   698004
  </reviews>
  <exclusive>
   no
  </exclusive>
 </clothing>
 <clothing>
  <id>
   462332277
  </id>
  <name>
   Asics Hat L-9330
  </name>
  <category>
   Hat
  </category>
  <size>
   XXL
  </size>
  <color>
   Голубой
  </color>
  <material>
   Хлопок
  </material>
  <price>
   817860
  </price>
  <rating>
   2.97
  </rating>
  <reviews>
   63953
  </reviews>
  <new>
   +
  </new>
 </clothing>
 <clothing>
  <id>
   205811456
  </id>
  <name>
   Brooks Gloves Q-9940
  </name>
  <category>
   Gloves
  </category>
  <size>
   XL
  </size>
  <color>
   Красный
  </color>
  <material>
   Шерсть
  </material>
  <price>
   137827
  </price>
  <rating>
   4.32
  </rating>
  <reviews>
   78411
  </reviews>
  <exclusive>
   no
  </exclusive>
  <sporty>
   yes
  </sporty>
 </clothing>
 <clothing>
  <id>
   858180427
  </id>
  <name>
   Addidas Umbrellas Y-5366
  </name>
  <category>
   Umbrellas
  </category>
  <size>
   XXL
  </size>
  <color>
   Фиолетовый
  </color>
  <material>
   Шерсть
  </material>
  <price>
   225554
  </price>
  <rating>
   4.62
  </rating>
  <reviews>
   510327
  </reviews>
  <new>
   -
  </new>
  <sporty>
   no
  </sporty>
 </clothing>
 <clothing>
  <id>
   845990629
  </id>
  <name>
   Addidas Skirt T-8751
  </name>
  <category>
   Skirt
  </category>
  <size>
   XL
  </size>
  <color>
   Голубой
  </color>
  <material>
   Нейлон
  </material>
  <price>
   221885
  </price>
  <rating>
   2.76
  </rating>
  <reviews>
   6709
  </reviews>
  <sporty>
   no
  </sporty>
 </clothing>
 <clothing>
  <id>
   462284810
  </id>
  <name>
   Nike T-shirt Q-1295
  </name>
  <category>
   T-shirt
  </category>
  <size>
   XXL
  </size>
  <color>
   Синий
  </color>
  <material>
   Лен
  </material>
  <price>
   243632
  </price>
  <rating>
   2.08
  </rating>
  <reviews>
   745506
  </reviews>
  <sporty>
   no
  </sporty>
 </clothing>
 <clothing>
  <id>
   488690388
  </id>
  <name>
   Vans Belts O-6911
  </name>
  <category>
   Belts
  </category>
  <size>
   XL
  </size>
  <color>
   Оранжевый
  </color>
  <material>
   Шелк
  </material>
  <price>
   729674
  </price>
  <rating>
   4.61
  </rating>
  <reviews>
   820247
  </reviews>
  <exclusive>
   yes
  </exclusive>
  <sporty>
   yes
  </sporty>
 </clothing>
 <clothing>
  <id>
   974478997
  </id>
  <name>
   Fila Dress Z-9630
  </name>
  <category>
   Dress
  </category>
  <size>
   XXL
  </size>
  <color>
   Красный
  </color>
  <material>
   Кожа
  </material>
  <price>
   163241
  </price>
  <rating>
   2.73
  </rating>
  <reviews>
   318887
  </reviews>
  <exclusive>
   yes
  </exclusive>
 </clothing>
 <clothing>
  <id>
   140341890
  </id>
  <name>
   Vans Hat U-9758
  </name>
  <category>
   Hat
  </category>
  <size>
   XXL
  </size>
  <color>
   Зеленый
  </color>
  <material>
   Вискоза
  </material>
  <price>
   430642
  </price>
  <rating>
   4.44
  </rating>
  <reviews>
   130459
  </reviews>
  <new>
   -
  </new>
  <exclusive>
   no
  </exclusive>
  <sporty>
   no
  </sporty>
 </clothing>
 <clothing>
  <id>
   462044165
  </id>
  <name>
   Converse Belts L-2007
  </name>
  <category>
   Belts
  </category>
  <size>
   M
  </size>
  <color>
   Синий
  </color>
  <material>
   Вискоза
  </material>
  <price>
   269349
  </price>
  <rating>
   2.54
  </rating>
  <reviews>
   540720
  </reviews>
  <sporty>
   yes
  </sporty>
 </clothing>
 <clothing>
  <id>
   356569748
  </id>
  <name>
   Addidas Hat T-6562
  </name>
  <category>
   Hat
  </category>
  <size>
   S
  </size>
  <color>
   Оранжевый
  </color>
  <material>
   Лен
  </material>
  <price>
   800606
  </price>
  <rating>
   3.7
  </rating>
  <reviews>
   70543
  </reviews>
  <new>
   -
  </new>
 </clothing>
 <clothing>
  <id>
   473314533
  </id>
  <name>
   Nike Jeans S-6338
  </name>
  <category>
   Jeans
  </category>
  <size>
   S
  </size>
  <color>
   Фиолетовый
  </color>
  <material>
   Хлопок
  </material>
  <price>
   285956
  </price>
  <rating>
   2.81
  </rating>
  <reviews>
   983641
  </reviews>
  <new>
   -
  </new>
  <exclusive>
   no
  </exclusive>
  <sporty>
   no
  </sporty>
 </clothing>
</clothing-items>
