<?xml version="1.0" encoding="utf-8"?>
<clothing-items>
 <clothing>
  <id>
   541195925
  </id>
  <name>
   PleinSport Skirt Y-7734
  </name>
  <category>
   Skirt
  </category>
  <size>
   L
  </size>
  <color>
   Красный
  </color>
  <material>
   Кожа
  </material>
  <price>
   710131
  </price>
  <rating>
   1.36
  </rating>
  <reviews>
   745290
  </reviews>
  <new>
   +
  </new>
  <exclusive>
   no
  </exclusive>
  <sporty>
   no
  </sporty>
 </clothing>
 <clothing>
  <id>
   806769735
  </id>
  <name>
   Under Armour Handbags L-9871
  </name>
  <category>
   Handbags
  </category>
  <size>
   XL
  </size>
  <color>
   Фиолетовый
  </color>
  <material>
   Кожа
  </material>
  <price>
   199959
  </price>
  <rating>
   1.35
  </rating>
  <reviews>
   69248
  </reviews>
  <new>
   +
  </new>
  <sporty>
   no
  </sporty>
 </clothing>
 <clothing>
  <id>
   599812697
  </id>
  <name>
   PleinSport Dress E-1049
  </name>
  <category>
   Dress
  </category>
  <size>
   L
  </size>
  <color>
   Голубой
  </color>
  <material>
   Шелк
  </material>
  <price>
   910088
  </price>
  <rating>
   3.83
  </rating>
  <reviews>
   584382
  </reviews>
  <sporty>
   no
  </sporty>
 </clothing>
 <clothing>
  <id>
   802540163
  </id>
  <name>
   Vans Hat F-9663
  </name>
  <category>
   Hat
  </category>
  <size>
   XL
  </size>
  <color>
   Зеленый
  </color>
  <material>
   Вискоза
  </material>
  <price>
   580431
  </price>
  <rating>
   2.11
  </rating>
  <reviews>
   690604
  </reviews>
  <new>
   -
  </new>
  <exclusive>
   no
  </exclusive>
  <sporty>
   yes
  </sporty>
 </clothing>
 <clothing>
  <id>
   521688787
  </id>
  <name>
   Converse Handbags G-5193
  </name>
  <category>
   Handbags
  </category>
  <size>
   XL
  </size>
  <color>
   Фиолетовый
  </color>
  <material>
   Лен
  </material>
  <price>
   830982
  </price>
  <rating>
   2.85
  </rating>
  <reviews>
   504571
  </reviews>
  <exclusive>
   no
  </exclusive>
  <sporty>
   no
  </sporty>
 </clothing>
 <clothing>
  <id>
   841886952
  </id>
  <name>
   Adidas Hat K-3184
  </name>
  <category>
   Hat
  </category>
  <size>
   XL
  </size>
  <color>
   Голубой
  </color>
  <material>
   Полиэстер
  </material>
  <price>
   648572
  </price>
  <rating>
   4.13
  </rating>
  <reviews>
   17805
  </reviews>
  <exclusive>
   no
  </exclusive>
 </clothing>
 <clothing>
  <id>
   362940278
  </id>
  <name>
   PleinSport Dress E-4555
  </name>
  <category>
   Dress
  </category>
  <size>
   XL
  </size>
  <color>
   Красный
  </color>
  <material>
   Шерсть
  </material>
  <price>
   785738
  </price>
  <rating>
   2.17
  </rating>
  <reviews>
   997708
  </reviews>
  <new>
   -
  </new>
  <exclusive>
   no
  </exclusive>
  <sporty>
   no
  </sporty>
 </clothing>
 <clothing>
  <id>
   845309432
  </id>
  <name>
   Adidas Blouse F-7762
  </name>
  <category>
   Blouse
  </category>
  <size>
   S
  </size>
  <color>
   Красный
  </color>
  <material>
   Хлопок
  </material>
  <price>
   748440
  </price>
  <rating>
   2.06
  </rating>
  <reviews>
   831050
  </reviews>
  <exclusive>
   yes
  </exclusive>
  <sporty>
   no
  </sporty>
 </clothing>
 <clothing>
  <id>
   905464147
  </id>
  <name>
   Adidas T-shirt U-9450
  </name>
  <category>
   T-shirt
  </category>
  <size>
   XL
  </size>
  <color>
   Зеленый
  </color>
  <material>
   Полиэстер
  </material>
  <price>
   302683
  </price>
  <rating>
   2.75
  </rating>
  <reviews>
   786556
  </reviews>
  <new>
   -
  </new>
  <sporty>
   yes
  </sporty>
 </clothing>
 <clothing>
  <id>
   231703227
  </id>
  <name>
   PleinSport Sweater N-5877
  </name>
  <category>
   Sweater
  </category>
  <size>
   L
  </size>
  <color>
   Синий
  </color>
  <material>
   Полиэстер
  </material>
  <price>
   613290
  </price>
  <rating>
   3.74
  </rating>
  <reviews>
   4738
  </reviews>
 </clothing>
 <clothing>
  <id>
   768250676
  </id>
  <name>
   Lacoste Handbags A-4842
  </name>
  <category>
   Handbags
  </category>
  <size>
   S
  </size>
  <color>
   Оранжевый
  </color>
  <material>
   Хлопок
  </material>
  <price>
   240479
  </price>
  <rating>
   2.41
  </rating>
  <reviews>
   312562
  </reviews>
  <new>
   +
  </new>
  <exclusive>
   no
  </exclusive>
  <sporty>
   no
  </sporty>
 </clothing>
 <clothing>
  <id>
   797616124
  </id>
  <name>
   Lacoste Umbrellas T-3869
  </name>
  <category>
   Umbrellas
  </category>
  <size>
   XL
  </size>
  <color>
   Оранжевый
  </color>
  <material>
   Нейлон
  </material>
  <price>
   631393
  </price>
  <rating>
   2.41
  </rating>
  <reviews>
   649309
  </reviews>
  <exclusive>
   yes
  </exclusive>
  <sporty>
   yes
  </sporty>
 </clothing>
 <clothing>
  <id>
   313060892
  </id>
  <name>
   Addidas Blouse N-4339
  </name>
  <category>
   Blouse
  </category>
  <size>
   XXL
  </size>
  <color>
   Оранжевый
  </color>
  <material>
   Полиэстер
  </material>
  <price>
   635066
  </price>
  <rating>
   1.73
  </rating>
  <reviews>
   676269
  </reviews>
 </clothing>
 <clothing>
  <id>
   330353471
  </id>
  <name>
   Fila Handbags E-1936
  </name>
  <category>
   Handbags
  </category>
  <size>
   XXL
  </size>
  <color>
   Оранжевый
  </color>
  <material>
   Кожа
  </material>
  <price>
   155458
  </price>
  <rating>
   2.62
  </rating>
  <reviews>
   302187
  </reviews>
  <new>
   +
  </new>
  <exclusive>
   no
  </exclusive>
 </clothing>
 <clothing>
  <id>
   328728628
  </id>
  <name>
   New Balance T-shirt C-8033
  </name>
  <category>
   T-shirt
  </category>
  <size>
   M
  </size>
  <color>
   Зеленый
  </color>
  <material>
   Шелк
  </material>
  <price>
   121351
  </price>
  <rating>
   3.45
  </rating>
  <reviews>
   868731
  </reviews>
  <exclusive>
   no
  </exclusive>
  <sporty>
   no
  </sporty>
 </clothing>
 <clothing>
  <id>
   406050010
  </id>
  <name>
   New Balance Jeans A-3761
  </name>
  <category>
   Jeans
  </category>
  <size>
   XL
  </size>
  <color>
   Голубой
  </color>
  <material>
   Нейлон
  </material>
  <price>
   217451
  </price>
  <rating>
   2.86
  </rating>
  <reviews>
   210971
  </reviews>
  <new>
   +
  </new>
  <sporty>
   no
  </sporty>
 </clothing>
 <clothing>
  <id>
   581043886
  </id>
  <name>
   Reebok Socks M-6601
  </name>
  <category>
   Socks
  </category>
  <size>
   L
  </size>
  <color>
   Голубой
  </color>
  <material>
   Вискоза
  </material>
  <price>
   146145
  </price>
  <rating>
   3.38
  </rating>
  <reviews>
   182440
  </reviews>
  <sporty>
   yes
  </sporty>
 </clothing>
 <clothing>
  <id>
   928850533
  </id>
  <name>
   Reebok Hat D-7158
  </name>
  <category>
   Hat
  </category>
  <size>
   M
  </size>
  <color>
   Синий
  </color>
  <material>
   Кожа
  </material>
  <price>
   339478
  </price>
  <rating>
   4.74
  </rating>
  <reviews>
   366283
  </reviews>
  <new>
   -
  </new>
  <exclusive>
   yes
  </exclusive>
  <sporty>
   no
  </sporty>
 </clothing>
 <clothing>
  <id>
   975301487
  </id>
  <name>
   DC Pants V-2445
  </name>
  <category>
   Pants
  </category>
  <size>
   M
  </size>
  <color>
   Фиолетовый
  </color>
  <material>
   Полиэстер
  </material>
  <price>
   476420
  </price>
  <rating>
   4.08
  </rating>
  <reviews>
   634734
  </reviews>
  <new>
   -
  </new>
  <exclusive>
   no
  </exclusive>
  <sporty>
   no
  </sporty>
 </clothing>
 <clothing>
  <id>
   371185196
  </id>
  <name>
   Under Armour Umbrellas Q-6650
  </name>
  <category>
   Umbrellas
  </category>
  <size>
   M
  </size>
  <color>
   Фиолетовый
  </color>
  <material>
   Нейлон
  </material>
  <price>
   359916
  </price>
  <rating>
   4.46
  </rating>
  <reviews>
   337448
  </reviews>
  <new>
   -
  </new>
 </clothing>
 <clothing>
  <id>
   320499557
  </id>
  <name>
   Converse Jeans T-5174
  </name>
  <category>
   Jeans
  </category>
  <size>
   M
  </size>
  <color>
   Фиолетовый
  </color>
  <material>
   Кожа
  </material>
  <price>
   218047
  </price>
  <rating>
   1.91
  </rating>
  <reviews>
   485489
  </reviews>
  <new>
   -
  </new>
  <exclusive>
   no
  </exclusive>
 </clothing>
 <clothing>
  <id>
   938437349
  </id>
  <name>
   Nike Shoes T-5270
  </name>
  <category>
   Shoes
  </category>
  <size>
   XXL
  </size>
  <color>
   Зеленый
  </color>
  <material>
   Нейлон
  </material>
  <price>
   498240
  </price>
  <rating>
   3.58
  </rating>
  <reviews>
   735579
  </reviews>
  <new>
   -
  </new>
  <exclusive>
   no
  </exclusive>
  <sporty>
   no
  </sporty>
 </clothing>
 <clothing>
  <id>
   878363895
  </id>
  <name>
   Puma Blouse S-9269
  </name>
  <category>
   Blouse
  </category>
  <size>
   XXL
  </size>
  <color>
   Красный
  </color>
  <material>
   Нейлон
  </material>
  <price>
   348893
  </price>
  <rating>
   3.73
  </rating>
  <reviews>
   835444
  </reviews>
  <new>
   +
  </new>
  <sporty>
   no
  </sporty>
 </clothing>
</clothing-items>
