<?xml version="1.0" encoding="utf-8"?>
<clothing-items>
 <clothing>
  <id>
   604312713
  </id>
  <name>
   Asics T-shirt M-6556
  </name>
  <category>
   T-shirt
  </category>
  <size>
   XL
  </size>
  <color>
   Зеленый
  </color>
  <material>
   Нейлон
  </material>
  <price>
   740871
  </price>
  <rating>
   1.69
  </rating>
  <reviews>
   443384
  </reviews>
  <new>
   +
  </new>
  <exclusive>
   yes
  </exclusive>
  <sporty>
   no
  </sporty>
 </clothing>
 <clothing>
  <id>
   780202658
  </id>
  <name>
   Addidas Umbrellas F-4097
  </name>
  <category>
   Umbrellas
  </category>
  <size>
   L
  </size>
  <color>
   Фиолетовый
  </color>
  <material>
   Лен
  </material>
  <price>
   724660
  </price>
  <rating>
   4.21
  </rating>
  <reviews>
   130112
  </reviews>
  <exclusive>
   yes
  </exclusive>
  <sporty>
   yes
  </sporty>
 </clothing>
 <clothing>
  <id>
   421071495
  </id>
  <name>
   Vans Blouse T-1784
  </name>
  <category>
   Blouse
  </category>
  <size>
   XL
  </size>
  <color>
   Оранжевый
  </color>
  <material>
   Кожа
  </material>
  <price>
   502268
  </price>
  <rating>
   4.15
  </rating>
  <reviews>
   741758
  </reviews>
  <new>
   -
  </new>
  <sporty>
   yes
  </sporty>
 </clothing>
 <clothing>
  <id>
   123975051
  </id>
  <name>
   Ellesse Gloves U-2662
  </name>
  <category>
   Gloves
  </category>
  <size>
   M
  </size>
  <color>
   Голубой
  </color>
  <material>
   Кожа
  </material>
  <price>
   621303
  </price>
  <rating>
   2.98
  </rating>
  <reviews>
   134270
  </reviews>
  <exclusive>
   yes
  </exclusive>
  <sporty>
   yes
  </sporty>
 </clothing>
 <clothing>
  <id>
   525095812
  </id>
  <name>
   Lacoste Blouse Y-9104
  </name>
  <category>
   Blouse
  </category>
  <size>
   M
  </size>
  <color>
   Фиолетовый
  </color>
  <material>
   Лен
  </material>
  <price>
   954139
  </price>
  <rating>
   3.01
  </rating>
  <reviews>
   220439
  </reviews>
  <exclusive>
   yes
  </exclusive>
 </clothing>
 <clothing>
  <id>
   361320630
  </id>
  <name>
   Ellesse Hat H-3610
  </name>
  <category>
   Hat
  </category>
  <size>
   L
  </size>
  <color>
   Красный
  </color>
  <material>
   Полиэстер
  </material>
  <price>
   325634
  </price>
  <rating>
   1.78
  </rating>
  <reviews>
   51343
  </reviews>
  <new>
   +
  </new>
  <exclusive>
   yes
  </exclusive>
 </clothing>
 <clothing>
  <id>
   706679169
  </id>
  <name>
   Asics T-shirt X-3199
  </name>
  <category>
   T-shirt
  </category>
  <size>
   XXL
  </size>
  <color>
   Оранжевый
  </color>
  <material>
   Кожа
  </material>
  <price>
   492271
  </price>
  <rating>
   3.98
  </rating>
  <reviews>
   347304
  </reviews>
  <new>
   -
  </new>
 </clothing>
 <clothing>
  <id>
   857020572
  </id>
  <name>
   New Balance Umbrellas K-3859
  </name>
  <category>
   Umbrellas
  </category>
  <size>
   S
  </size>
  <color>
   Фиолетовый
  </color>
  <material>
   Шелк
  </material>
  <price>
   499011
  </price>
  <rating>
   2.92
  </rating>
  <reviews>
   719104
  </reviews>
  <exclusive>
   yes
  </exclusive>
  <sporty>
   no
  </sporty>
 </clothing>
 <clothing>
  <id>
   590771505
  </id>
  <name>
   Ellesse Sweater U-9872
  </name>
  <category>
   Sweater
  </category>
  <size>
   L
  </size>
  <color>
   Синий
  </color>
  <material>
   Полиэстер
  </material>
  <price>
   987445
  </price>
  <rating>
   4.72
  </rating>
  <reviews>
   128889
  </reviews>
  <exclusive>
   no
  </exclusive>
 </clothing>
 <clothing>
  <id>
   586143918
  </id>
  <name>
   Vans Sweater W-5038
  </name>
  <category>
   Sweater
  </category>
  <size>
   XL
  </size>
  <color>
   Фиолетовый
  </color>
  <material>
   Кожа
  </material>
  <price>
   117070
  </price>
  <rating>
   1.22
  </rating>
  <reviews>
   204886
  </reviews>
  <exclusive>
   yes
  </exclusive>
 </clothing>
 <clothing>
  <id>
   255237953
  </id>
  <name>
   Vans Shoes Y-5028
  </name>
  <category>
   Shoes
  </category>
  <size>
   M
  </size>
  <color>
   Зеленый
  </color>
  <material>
   Лен
  </material>
  <price>
   749136
  </price>
  <rating>
   3.24
  </rating>
  <reviews>
   300465
  </reviews>
  <new>
   +
  </new>
 </clothing>
 <clothing>
  <id>
   696823304
  </id>
  <name>
   Puma Jeans O-3573
  </name>
  <category>
   Jeans
  </category>
  <size>
   S
  </size>
  <color>
   Синий
  </color>
  <material>
   Вискоза
  </material>
  <price>
   899834
  </price>
  <rating>
   4.78
  </rating>
  <reviews>
   817302
  </reviews>
  <new>
   -
  </new>
  <sporty>
   yes
  </sporty>
 </clothing>
 <clothing>
  <id>
   810790045
  </id>
  <name>
   Puma Shoes P-6271
  </name>
  <category>
   Shoes
  </category>
  <size>
   S
  </size>
  <color>
   Красный
  </color>
  <material>
   Шелк
  </material>
  <price>
   258662
  </price>
  <rating>
   3.34
  </rating>
  <reviews>
   109276
  </reviews>
  <exclusive>
   no
  </exclusive>
 </clothing>
 <clothing>
  <id>
   694465317
  </id>
  <name>
   Nike Hat W-7319
  </name>
  <category>
   Hat
  </category>
  <size>
   L
  </size>
  <color>
   Красный
  </color>
  <material>
   Хлопок
  </material>
  <price>
   970015
  </price>
  <rating>
   2.96
  </rating>
  <reviews>
   608772
  </reviews>
  <new>
   -
  </new>
  <exclusive>
   no
  </exclusive>
 </clothing>
 <clothing>
  <id>
   798169855
  </id>
  <name>
   New Balance Dress W-4421
  </name>
  <category>
   Dress
  </category>
  <size>
   L
  </size>
  <color>
   Зеленый
  </color>
  <material>
   Шелк
  </material>
  <price>
   390976
  </price>
  <rating>
   4.73
  </rating>
  <reviews>
   256498
  </reviews>
  <new>
   -
  </new>
  <exclusive>
   no
  </exclusive>
 </clothing>
 <clothing>
  <id>
   407929241
  </id>
  <name>
   Under Armour T-shirt P-3079
  </name>
  <category>
   T-shirt
  </category>
  <size>
   L
  </size>
  <color>
   Голубой
  </color>
  <material>
   Полиэстер
  </material>
  <price>
   990207
  </price>
  <rating>
   1.12
  </rating>
  <reviews>
   126671
  </reviews>
  <new>
   -
  </new>
  <exclusive>
   no
  </exclusive>
 </clothing>
 <clothing>
  <id>
   388891193
  </id>
  <name>
   PleinSport Sweater T-6632
  </name>
  <category>
   Sweater
  </category>
  <size>
   M
  </size>
  <color>
   Фиолетовый
  </color>
  <material>
   Кожа
  </material>
  <price>
   964223
  </price>
  <rating>
   1.12
  </rating>
  <reviews>
   899767
  </reviews>
  <new>
   -
  </new>
  <exclusive>
   yes
  </exclusive>
 </clothing>
 <clothing>
  <id>
   637540899
  </id>
  <name>
   Under Armour Dress D-2730
  </name>
  <category>
   Dress
  </category>
  <size>
   L
  </size>
  <color>
   Желтый
  </color>
  <material>
   Кожа
  </material>
  <price>
   110694
  </price>
  <rating>
   3.29
  </rating>
  <reviews>
   961252
  </reviews>
  <exclusive>
   no
  </exclusive>
  <sporty>
   yes
  </sporty>
 </clothing>
 <clothing>
  <id>
   247963461
  </id>
  <name>
   Brooks Jeans K-3031
  </name>
  <category>
   Jeans
  </category>
  <size>
   S
  </size>
  <color>
   Желтый
  </color>
  <material>
   Вискоза
  </material>
  <price>
   968127
  </price>
  <rating>
   1.16
  </rating>
  <reviews>
   386084
  </reviews>
  <new>
   +
  </new>
  <exclusive>
   no
  </exclusive>
 </clothing>
 <clothing>
  <id>
   654116738
  </id>
  <name>
   Lacoste Dress T-2405
  </name>
  <category>
   Dress
  </category>
  <size>
   XL
  </size>
  <color>
   Зеленый
  </color>
  <material>
   Вискоза
  </material>
  <price>
   990681
  </price>
  <rating>
   1.02
  </rating>
  <reviews>
   658143
  </reviews>
  <exclusive>
   no
  </exclusive>
 </clothing>
 <clothing>
  <id>
   657014183
  </id>
  <name>
   Vans Blouse F-4740
  </name>
  <category>
   Blouse
  </category>
  <size>
   M
  </size>
  <color>
   Оранжевый
  </color>
  <material>
   Нейлон
  </material>
  <price>
   949999
  </price>
  <rating>
   1.13
  </rating>
  <reviews>
   7418
  </reviews>
  <exclusive>
   no
  </exclusive>
 </clothing>
 <clothing>
  <id>
   800721159
  </id>
  <name>
   Vans Jeans I-4102
  </name>
  <category>
   Jeans
  </category>
  <size>
   XL
  </size>
  <color>
   Фиолетовый
  </color>
  <material>
   Шелк
  </material>
  <price>
   676149
  </price>
  <rating>
   4.14
  </rating>
  <reviews>
   350834
  </reviews>
  <new>
   -
  </new>
  <sporty>
   no
  </sporty>
 </clothing>
 <clothing>
  <id>
   371351139
  </id>
  <name>
   Vans Skirt K-7051
  </name>
  <category>
   Skirt
  </category>
  <size>
   L
  </size>
  <color>
   Синий
  </color>
  <material>
   Шерсть
  </material>
  <price>
   439446
  </price>
  <rating>
   4.86
  </rating>
  <reviews>
   220561
  </reviews>
  <exclusive>
   no
  </exclusive>
  <sporty>
   no
  </sporty>
 </clothing>
 <clothing>
  <id>
   228116161
  </id>
  <name>
   Fila Jacket S-1217
  </name>
  <category>
   Jacket
  </category>
  <size>
   M
  </size>
  <color>
   Зеленый
  </color>
  <material>
   Полиэстер
  </material>
  <price>
   314529
  </price>
  <rating>
   4.18
  </rating>
  <reviews>
   199701
  </reviews>
  <new>
   -
  </new>
  <exclusive>
   no
  </exclusive>
 </clothing>
 <clothing>
  <id>
   384491092
  </id>
  <name>
   New Balance Blouse S-2119
  </name>
  <category>
   Blouse
  </category>
  <size>
   XXL
  </size>
  <color>
   Голубой
  </color>
  <material>
   Шелк
  </material>
  <price>
   947201
  </price>
  <rating>
   4.24
  </rating>
  <reviews>
   627942
  </reviews>
  <new>
   +
  </new>
 </clothing>
</clothing-items>
