<?xml version="1.0" encoding="utf-8"?>
<clothing-items>
 <clothing>
  <id>
   617895271
  </id>
  <name>
   Fila T-shirt L-9654
  </name>
  <category>
   T-shirt
  </category>
  <size>
   S
  </size>
  <color>
   Красный
  </color>
  <material>
   Хлопок
  </material>
  <price>
   704457
  </price>
  <rating>
   1.49
  </rating>
  <reviews>
   714881
  </reviews>
  <exclusive>
   yes
  </exclusive>
 </clothing>
 <clothing>
  <id>
   103503954
  </id>
  <name>
   Converse Skirt S-2169
  </name>
  <category>
   Skirt
  </category>
  <size>
   M
  </size>
  <color>
   Фиолетовый
  </color>
  <material>
   Шерсть
  </material>
  <price>
   371174
  </price>
  <rating>
   4.22
  </rating>
  <reviews>
   252960
  </reviews>
  <new>
   -
  </new>
  <exclusive>
   no
  </exclusive>
  <sporty>
   no
  </sporty>
 </clothing>
 <clothing>
  <id>
   971973114
  </id>
  <name>
   Converse T-shirt O-8239
  </name>
  <category>
   T-shirt
  </category>
  <size>
   L
  </size>
  <color>
   Красный
  </color>
  <material>
   Нейлон
  </material>
  <price>
   190365
  </price>
  <rating>
   1.38
  </rating>
  <reviews>
   103419
  </reviews>
  <new>
   +
  </new>
  <exclusive>
   yes
  </exclusive>
  <sporty>
   yes
  </sporty>
 </clothing>
 <clothing>
  <id>
   860426175
  </id>
  <name>
   Adidas Umbrellas Y-7425
  </name>
  <category>
   Umbrellas
  </category>
  <size>
   XXL
  </size>
  <color>
   Желтый
  </color>
  <material>
   Хлопок
  </material>
  <price>
   527209
  </price>
  <rating>
   3.0
  </rating>
  <reviews>
   745477
  </reviews>
  <new>
   -
  </new>
  <exclusive>
   yes
  </exclusive>
  <sporty>
   no
  </sporty>
 </clothing>
 <clothing>
  <id>
   332968475
  </id>
  <name>
   Lacoste Gloves A-2743
  </name>
  <category>
   Gloves
  </category>
  <size>
   XL
  </size>
  <color>
   Голубой
  </color>
  <material>
   Кожа
  </material>
  <price>
   840769
  </price>
  <rating>
   1.15
  </rating>
  <reviews>
   585678
  </reviews>
  <new>
   +
  </new>
 </clothing>
 <clothing>
  <id>
   388986555
  </id>
  <name>
   Adidas Socks G-1315
  </name>
  <category>
   Socks
  </category>
  <size>
   XXL
  </size>
  <color>
   Красный
  </color>
  <material>
   Шерсть
  </material>
  <price>
   629551
  </price>
  <rating>
   1.19
  </rating>
  <reviews>
   280288
  </reviews>
  <new>
   -
  </new>
  <exclusive>
   no
  </exclusive>
  <sporty>
   no
  </sporty>
 </clothing>
 <clothing>
  <id>
   922080318
  </id>
  <name>
   Under Armour Umbrellas W-2970
  </name>
  <category>
   Umbrellas
  </category>
  <size>
   XXL
  </size>
  <color>
   Оранжевый
  </color>
  <material>
   Нейлон
  </material>
  <price>
   743818
  </price>
  <rating>
   3.35
  </rating>
  <reviews>
   97853
  </reviews>
  <new>
   -
  </new>
 </clothing>
 <clothing>
  <id>
   799177814
  </id>
  <name>
   Puma Shirt I-3085
  </name>
  <category>
   Shirt
  </category>
  <size>
   S
  </size>
  <color>
   Голубой
  </color>
  <material>
   Вискоза
  </material>
  <price>
   841082
  </price>
  <rating>
   2.56
  </rating>
  <reviews>
   83990
  </reviews>
  <new>
   -
  </new>
  <exclusive>
   no
  </exclusive>
  <sporty>
   no
  </sporty>
 </clothing>
 <clothing>
  <id>
   942607119
  </id>
  <name>
   Under Armour Hat R-4068
  </name>
  <category>
   Hat
  </category>
  <size>
   M
  </size>
  <color>
   Красный
  </color>
  <material>
   Шелк
  </material>
  <price>
   514059
  </price>
  <rating>
   2.43
  </rating>
  <reviews>
   469083
  </reviews>
  <new>
   +
  </new>
  <exclusive>
   no
  </exclusive>
  <sporty>
   no
  </sporty>
 </clothing>
 <clothing>
  <id>
   134340766
  </id>
  <name>
   Under Armour Gloves X-1119
  </name>
  <category>
   Gloves
  </category>
  <size>
   M
  </size>
  <color>
   Оранжевый
  </color>
  <material>
   Нейлон
  </material>
  <price>
   205150
  </price>
  <rating>
   3.62
  </rating>
  <reviews>
   867816
  </reviews>
  <new>
   +
  </new>
  <exclusive>
   no
  </exclusive>
  <sporty>
   no
  </sporty>
 </clothing>
 <clothing>
  <id>
   158615115
  </id>
  <name>
   PleinSport T-shirt Z-6655
  </name>
  <category>
   T-shirt
  </category>
  <size>
   S
  </size>
  <color>
   Оранжевый
  </color>
  <material>
   Нейлон
  </material>
  <price>
   227996
  </price>
  <rating>
   2.68
  </rating>
  <reviews>
   565608
  </reviews>
  <new>
   -
  </new>
 </clothing>
 <clothing>
  <id>
   197295268
  </id>
  <name>
   Converse Jacket E-9749
  </name>
  <category>
   Jacket
  </category>
  <size>
   L
  </size>
  <color>
   Фиолетовый
  </color>
  <material>
   Кожа
  </material>
  <price>
   451217
  </price>
  <rating>
   4.76
  </rating>
  <reviews>
   366907
  </reviews>
  <sporty>
   no
  </sporty>
 </clothing>
 <clothing>
  <id>
   287018714
  </id>
  <name>
   Fila Pants C-7783
  </name>
  <category>
   Pants
  </category>
  <size>
   M
  </size>
  <color>
   Желтый
  </color>
  <material>
   Шерсть
  </material>
  <price>
   468843
  </price>
  <rating>
   1.85
  </rating>
  <reviews>
   390349
  </reviews>
  <exclusive>
   yes
  </exclusive>
  <sporty>
   yes
  </sporty>
 </clothing>
 <clothing>
  <id>
   422764737
  </id>
  <name>
   Under Armour Blouse X-4555
  </name>
  <category>
   Blouse
  </category>
  <size>
   XXL
  </size>
  <color>
   Фиолетовый
  </color>
  <material>
   Шерсть
  </material>
  <price>
   491007
  </price>
  <rating>
   3.98
  </rating>
  <reviews>
   331391
  </reviews>
  <exclusive>
   yes
  </exclusive>
  <sporty>
   no
  </sporty>
 </clothing>
 <clothing>
  <id>
   193640122
  </id>
  <name>
   DC Pants E-4021
  </name>
  <category>
   Pants
  </category>
  <size>
   M
  </size>
  <color>
   Оранжевый
  </color>
  <material>
   Хлопок
  </material>
  <price>
   209389
  </price>
  <rating>
   4.83
  </rating>
  <reviews>
   822620
  </reviews>
  <new>
   -
  </new>
  <sporty>
   no
  </sporty>
 </clothing>
 <clothing>
  <id>
   573995735
  </id>
  <name>
   Lacoste T-shirt T-7812
  </name>
  <category>
   T-shirt
  </category>
  <size>
   XL
  </size>
  <color>
   Красный
  </color>
  <material>
   Лен
  </material>
  <price>
   235291
  </price>
  <rating>
   2.03
  </rating>
  <reviews>
   506644
  </reviews>
 </clothing>
 <clothing>
  <id>
   898861852
  </id>
  <name>
   Under Armour Jeans J-7291
  </name>
  <category>
   Jeans
  </category>
  <size>
   S
  </size>
  <color>
   Желтый
  </color>
  <material>
   Кожа
  </material>
  <price>
   682119
  </price>
  <rating>
   2.23
  </rating>
  <reviews>
   457594
  </reviews>
 </clothing>
 <clothing>
  <id>
   327134289
  </id>
  <name>
   Fila Shirt F-1846
  </name>
  <category>
   Shirt
  </category>
  <size>
   L
  </size>
  <color>
   Оранжевый
  </color>
  <material>
   Хлопок
  </material>
  <price>
   982519
  </price>
  <rating>
   4.53
  </rating>
  <reviews>
   666148
  </reviews>
  <new>
   -
  </new>
  <exclusive>
   no
  </exclusive>
 </clothing>
 <clothing>
  <id>
   611466754
  </id>
  <name>
   Asics Blouse J-8462
  </name>
  <category>
   Blouse
  </category>
  <size>
   L
  </size>
  <color>
   Желтый
  </color>
  <material>
   Вискоза
  </material>
  <price>
   303011
  </price>
  <rating>
   1.51
  </rating>
  <reviews>
   675684
  </reviews>
  <new>
   +
  </new>
  <exclusive>
   no
  </exclusive>
  <sporty>
   yes
  </sporty>
 </clothing>
 <clothing>
  <id>
   718387299
  </id>
  <name>
   Vans Socks W-4376
  </name>
  <category>
   Socks
  </category>
  <size>
   M
  </size>
  <color>
   Красный
  </color>
  <material>
   Шерсть
  </material>
  <price>
   825985
  </price>
  <rating>
   2.74
  </rating>
  <reviews>
   803936
  </reviews>
  <new>
   +
  </new>
 </clothing>
 <clothing>
  <id>
   249035472
  </id>
  <name>
   Nike Sweater X-6805
  </name>
  <category>
   Sweater
  </category>
  <size>
   S
  </size>
  <color>
   Синий
  </color>
  <material>
   Хлопок
  </material>
  <price>
   332152
  </price>
  <rating>
   3.96
  </rating>
  <reviews>
   904468
  </reviews>
  <sporty>
   yes
  </sporty>
 </clothing>
 <clothing>
  <id>
   529011882
  </id>
  <name>
   PleinSport Handbags Q-9015
  </name>
  <category>
   Handbags
  </category>
  <size>
   S
  </size>
  <color>
   Оранжевый
  </color>
  <material>
   Лен
  </material>
  <price>
   534869
  </price>
  <rating>
   4.91
  </rating>
  <reviews>
   130213
  </reviews>
  <new>
   +
  </new>
 </clothing>
 <clothing>
  <id>
   741236061
  </id>
  <name>
   New Balance Dress F-1033
  </name>
  <category>
   Dress
  </category>
  <size>
   XXL
  </size>
  <color>
   Зеленый
  </color>
  <material>
   Вискоза
  </material>
  <price>
   388623
  </price>
  <rating>
   4.24
  </rating>
  <reviews>
   890243
  </reviews>
  <new>
   -
  </new>
  <sporty>
   no
  </sporty>
 </clothing>
 <clothing>
  <id>
   191486119
  </id>
  <name>
   PleinSport Belts H-9133
  </name>
  <category>
   Belts
  </category>
  <size>
   XXL
  </size>
  <color>
   Фиолетовый
  </color>
  <material>
   Хлопок
  </material>
  <price>
   709249
  </price>
  <rating>
   1.76
  </rating>
  <reviews>
   584560
  </reviews>
  <new>
   -
  </new>
  <exclusive>
   no
  </exclusive>
 </clothing>
 <clothing>
  <id>
   549465628
  </id>
  <name>
   Brooks Gloves B-7399
  </name>
  <category>
   Gloves
  </category>
  <size>
   M
  </size>
  <color>
   Голубой
  </color>
  <material>
   Шелк
  </material>
  <price>
   330243
  </price>
  <rating>
   3.96
  </rating>
  <reviews>
   978818
  </reviews>
  <new>
   -
  </new>
  <exclusive>
   no
  </exclusive>
  <sporty>
   yes
  </sporty>
 </clothing>
 <clothing>
  <id>
   356938136
  </id>
  <name>
   PleinSport Skirt Z-7899
  </name>
  <category>
   Skirt
  </category>
  <size>
   L
  </size>
  <color>
   Оранжевый
  </color>
  <material>
   Вискоза
  </material>
  <price>
   183978
  </price>
  <rating>
   3.91
  </rating>
  <reviews>
   734419
  </reviews>
  <exclusive>
   no
  </exclusive>
 </clothing>
 <clothing>
  <id>
   275848297
  </id>
  <name>
   Brooks T-shirt L-5803
  </name>
  <category>
   T-shirt
  </category>
  <size>
   S
  </size>
  <color>
   Голубой
  </color>
  <material>
   Шерсть
  </material>
  <price>
   857974
  </price>
  <rating>
   2.07
  </rating>
  <reviews>
   855834
  </reviews>
  <exclusive>
   no
  </exclusive>
 </clothing>
 <clothing>
  <id>
   227402846
  </id>
  <name>
   Addidas Sweater R-6091
  </name>
  <category>
   Sweater
  </category>
  <size>
   M
  </size>
  <color>
   Фиолетовый
  </color>
  <material>
   Полиэстер
  </material>
  <price>
   190609
  </price>
  <rating>
   2.05
  </rating>
  <reviews>
   761124
  </reviews>
  <new>
   -
  </new>
  <exclusive>
   yes
  </exclusive>
  <sporty>
   yes
  </sporty>
 </clothing>
 <clothing>
  <id>
   248073250
  </id>
  <name>
   DC Hat S-3395
  </name>
  <category>
   Hat
  </category>
  <size>
   L
  </size>
  <color>
   Оранжевый
  </color>
  <material>
   Шелк
  </material>
  <price>
   470333
  </price>
  <rating>
   3.97
  </rating>
  <reviews>
   952869
  </reviews>
  <exclusive>
   yes
  </exclusive>
  <sporty>
   no
  </sporty>
 </clothing>
 <clothing>
  <id>
   645287343
  </id>
  <name>
   New Balance Handbags R-7070
  </name>
  <category>
   Handbags
  </category>
  <size>
   XXL
  </size>
  <color>
   Синий
  </color>
  <material>
   Полиэстер
  </material>
  <price>
   709268
  </price>
  <rating>
   2.82
  </rating>
  <reviews>
   8557
  </reviews>
  <new>
   -
  </new>
  <exclusive>
   no
  </exclusive>
 </clothing>
 <clothing>
  <id>
   438426203
  </id>
  <name>
   New Balance T-shirt K-4290
  </name>
  <category>
   T-shirt
  </category>
  <size>
   M
  </size>
  <color>
   Желтый
  </color>
  <material>
   Вискоза
  </material>
  <price>
   233788
  </price>
  <rating>
   1.62
  </rating>
  <reviews>
   393295
  </reviews>
  <sporty>
   yes
  </sporty>
 </clothing>
 <clothing>
  <id>
   972130946
  </id>
  <name>
   Asics Skirt J-7830
  </name>
  <category>
   Skirt
  </category>
  <size>
   M
  </size>
  <color>
   Синий
  </color>
  <material>
   Кожа
  </material>
  <price>
   775044
  </price>
  <rating>
   4.15
  </rating>
  <reviews>
   283050
  </reviews>
  <new>
   -
  </new>
  <sporty>
   no
  </sporty>
 </clothing>
 <clothing>
  <id>
   926967590
  </id>
  <name>
   Under Armour Shirt G-7079
  </name>
  <category>
   Shirt
  </category>
  <size>
   M
  </size>
  <color>
   Голубой
  </color>
  <material>
   Шерсть
  </material>
  <price>
   350946
  </price>
  <rating>
   4.49
  </rating>
  <reviews>
   782429
  </reviews>
  <exclusive>
   no
  </exclusive>
 </clothing>
 <clothing>
  <id>
   407791418
  </id>
  <name>
   Adidas Gloves I-6543
  </name>
  <category>
   Gloves
  </category>
  <size>
   XXL
  </size>
  <color>
   Красный
  </color>
  <material>
   Нейлон
  </material>
  <price>
   492246
  </price>
  <rating>
   2.9
  </rating>
  <reviews>
   216812
  </reviews>
  <exclusive>
   yes
  </exclusive>
  <sporty>
   no
  </sporty>
 </clothing>
 <clothing>
  <id>
   263671967
  </id>
  <name>
   Vans Hat D-1992
  </name>
  <category>
   Hat
  </category>
  <size>
   S
  </size>
  <color>
   Синий
  </color>
  <material>
   Вискоза
  </material>
  <price>
   105259
  </price>
  <rating>
   2.96
  </rating>
  <reviews>
   596460
  </reviews>
  <new>
   -
  </new>
  <exclusive>
   no
  </exclusive>
 </clothing>
 <clothing>
  <id>
   883923265
  </id>
  <name>
   Addidas Shoes X-8803
  </name>
  <category>
   Shoes
  </category>
  <size>
   XL
  </size>
  <color>
   Фиолетовый
  </color>
  <material>
   Полиэстер
  </material>
  <price>
   655843
  </price>
  <rating>
   3.81
  </rating>
  <reviews>
   773467
  </reviews>
 </clothing>
 <clothing>
  <id>
   207372993
  </id>
  <name>
   Puma Sweater U-6541
  </name>
  <category>
   Sweater
  </category>
  <size>
   XL
  </size>
  <color>
   Зеленый
  </color>
  <material>
   Нейлон
  </material>
  <price>
   691404
  </price>
  <rating>
   4.97
  </rating>
  <reviews>
   645611
  </reviews>
  <new>
   +
  </new>
  <sporty>
   yes
  </sporty>
 </clothing>
 <clothing>
  <id>
   905120147
  </id>
  <name>
   Brooks T-shirt M-1956
  </name>
  <category>
   T-shirt
  </category>
  <size>
   L
  </size>
  <color>
   Фиолетовый
  </color>
  <material>
   Вискоза
  </material>
  <price>
   907043
  </price>
  <rating>
   1.99
  </rating>
  <reviews>
   875867
  </reviews>
  <sporty>
   no
  </sporty>
 </clothing>
 <clothing>
  <id>
   244185397
  </id>
  <name>
   Brooks Gloves E-7007
  </name>
  <category>
   Gloves
  </category>
  <size>
   XL
  </size>
  <color>
   Голубой
  </color>
  <material>
   Шерсть
  </material>
  <price>
   314123
  </price>
  <rating>
   2.06
  </rating>
  <reviews>
   176311
  </reviews>
  <exclusive>
   no
  </exclusive>
  <sporty>
   yes
  </sporty>
 </clothing>
 <clothing>
  <id>
   395289608
  </id>
  <name>
   PleinSport Hat F-6522
  </name>
  <category>
   Hat
  </category>
  <size>
   XXL
  </size>
  <color>
   Красный
  </color>
  <material>
   Вискоза
  </material>
  <price>
   380078
  </price>
  <rating>
   4.42
  </rating>
  <reviews>
   855680
  </reviews>
  <exclusive>
   yes
  </exclusive>
  <sporty>
   no
  </sporty>
 </clothing>
 <clothing>
  <id>
   764005954
  </id>
  <name>
   Puma Handbags A-7459
  </name>
  <category>
   Handbags
  </category>
  <size>
   XXL
  </size>
  <color>
   Голубой
  </color>
  <material>
   Кожа
  </material>
  <price>
   316621
  </price>
  <rating>
   1.93
  </rating>
  <reviews>
   735091
  </reviews>
  <new>
   -
  </new>
  <exclusive>
   yes
  </exclusive>
  <sporty>
   no
  </sporty>
 </clothing>
 <clothing>
  <id>
   300992967
  </id>
  <name>
   Adidas Skirt V-9769
  </name>
  <category>
   Skirt
  </category>
  <size>
   XL
  </size>
  <color>
   Синий
  </color>
  <material>
   Нейлон
  </material>
  <price>
   610025
  </price>
  <rating>
   3.38
  </rating>
  <reviews>
   630958
  </reviews>
 </clothing>
 <clothing>
  <id>
   701041898
  </id>
  <name>
   Lacoste Sweater F-3739
  </name>
  <category>
   Sweater
  </category>
  <size>
   L
  </size>
  <color>
   Голубой
  </color>
  <material>
   Вискоза
  </material>
  <price>
   930206
  </price>
  <rating>
   3.88
  </rating>
  <reviews>
   859785
  </reviews>
 </clothing>
 <clothing>
  <id>
   859268688
  </id>
  <name>
   Brooks Sweater R-3532
  </name>
  <category>
   Sweater
  </category>
  <size>
   XL
  </size>
  <color>
   Голубой
  </color>
  <material>
   Нейлон
  </material>
  <price>
   344340
  </price>
  <rating>
   3.87
  </rating>
  <reviews>
   562328
  </reviews>
  <new>
   +
  </new>
  <exclusive>
   yes
  </exclusive>
 </clothing>
 <clothing>
  <id>
   745483875
  </id>
  <name>
   Brooks Jeans J-1770
  </name>
  <category>
   Jeans
  </category>
  <size>
   S
  </size>
  <color>
   Фиолетовый
  </color>
  <material>
   Шелк
  </material>
  <price>
   537443
  </price>
  <rating>
   3.5
  </rating>
  <reviews>
   89289
  </reviews>
  <new>
   -
  </new>
  <sporty>
   yes
  </sporty>
 </clothing>
 <clothing>
  <id>
   816406331
  </id>
  <name>
   Asics Pants X-2884
  </name>
  <category>
   Pants
  </category>
  <size>
   M
  </size>
  <color>
   Зеленый
  </color>
  <material>
   Шерсть
  </material>
  <price>
   888535
  </price>
  <rating>
   1.68
  </rating>
  <reviews>
   959283
  </reviews>
  <new>
   -
  </new>
 </clothing>
</clothing-items>
