<?xml version="1.0" encoding="utf-8"?>
<clothing-items>
 <clothing>
  <id>
   346568576
  </id>
  <name>
   DC Dress P-8801
  </name>
  <category>
   Dress
  </category>
  <size>
   M
  </size>
  <color>
   Желтый
  </color>
  <material>
   Хлопок
  </material>
  <price>
   162755
  </price>
  <rating>
   1.44
  </rating>
  <reviews>
   339005
  </reviews>
  <new>
   -
  </new>
  <exclusive>
   yes
  </exclusive>
 </clothing>
 <clothing>
  <id>
   726461787
  </id>
  <name>
   Puma Dress S-5635
  </name>
  <category>
   Dress
  </category>
  <size>
   S
  </size>
  <color>
   Красный
  </color>
  <material>
   Кожа
  </material>
  <price>
   297528
  </price>
  <rating>
   4.76
  </rating>
  <reviews>
   821841
  </reviews>
  <new>
   +
  </new>
  <exclusive>
   no
  </exclusive>
  <sporty>
   no
  </sporty>
 </clothing>
 <clothing>
  <id>
   664880573
  </id>
  <name>
   Lacoste Jeans Z-6729
  </name>
  <category>
   Jeans
  </category>
  <size>
   XXL
  </size>
  <color>
   Красный
  </color>
  <material>
   Шерсть
  </material>
  <price>
   615496
  </price>
  <rating>
   4.58
  </rating>
  <reviews>
   630921
  </reviews>
  <new>
   +
  </new>
  <exclusive>
   yes
  </exclusive>
  <sporty>
   no
  </sporty>
 </clothing>
 <clothing>
  <id>
   430077825
  </id>
  <name>
   PleinSport Pants R-4519
  </name>
  <category>
   Pants
  </category>
  <size>
   L
  </size>
  <color>
   Красный
  </color>
  <material>
   Шерсть
  </material>
  <price>
   401554
  </price>
  <rating>
   2.25
  </rating>
  <reviews>
   114223
  </reviews>
  <new>
   -
  </new>
  <exclusive>
   no
  </exclusive>
 </clothing>
 <clothing>
  <id>
   944037008
  </id>
  <name>
   PleinSport T-shirt B-9843
  </name>
  <category>
   T-shirt
  </category>
  <size>
   XL
  </size>
  <color>
   Фиолетовый
  </color>
  <material>
   Лен
  </material>
  <price>
   163573
  </price>
  <rating>
   1.31
  </rating>
  <reviews>
   719951
  </reviews>
  <exclusive>
   no
  </exclusive>
 </clothing>
 <clothing>
  <id>
   672214098
  </id>
  <name>
   Ellesse Blouse N-3121
  </name>
  <category>
   Blouse
  </category>
  <size>
   S
  </size>
  <color>
   Оранжевый
  </color>
  <material>
   Лен
  </material>
  <price>
   484946
  </price>
  <rating>
   1.72
  </rating>
  <reviews>
   674460
  </reviews>
  <new>
   +
  </new>
  <exclusive>
   no
  </exclusive>
  <sporty>
   no
  </sporty>
 </clothing>
 <clothing>
  <id>
   579487613
  </id>
  <name>
   Vans Hat L-6528
  </name>
  <category>
   Hat
  </category>
  <size>
   L
  </size>
  <color>
   Фиолетовый
  </color>
  <material>
   Полиэстер
  </material>
  <price>
   523559
  </price>
  <rating>
   1.98
  </rating>
  <reviews>
   129080
  </reviews>
  <new>
   +
  </new>
  <sporty>
   no
  </sporty>
 </clothing>
 <clothing>
  <id>
   435070628
  </id>
  <name>
   Under Armour Gloves B-8461
  </name>
  <category>
   Gloves
  </category>
  <size>
   XL
  </size>
  <color>
   Синий
  </color>
  <material>
   Шерсть
  </material>
  <price>
   228741
  </price>
  <rating>
   4.62
  </rating>
  <reviews>
   828069
  </reviews>
  <new>
   +
  </new>
  <exclusive>
   no
  </exclusive>
  <sporty>
   no
  </sporty>
 </clothing>
 <clothing>
  <id>
   334399816
  </id>
  <name>
   Nike Sweater P-3144
  </name>
  <category>
   Sweater
  </category>
  <size>
   XL
  </size>
  <color>
   Фиолетовый
  </color>
  <material>
   Нейлон
  </material>
  <price>
   233657
  </price>
  <rating>
   1.65
  </rating>
  <reviews>
   482047
  </reviews>
  <exclusive>
   yes
  </exclusive>
 </clothing>
 <clothing>
  <id>
   376733076
  </id>
  <name>
   Converse T-shirt X-2406
  </name>
  <category>
   T-shirt
  </category>
  <size>
   XXL
  </size>
  <color>
   Голубой
  </color>
  <material>
   Кожа
  </material>
  <price>
   869091
  </price>
  <rating>
   4.37
  </rating>
  <reviews>
   749987
  </reviews>
  <sporty>
   no
  </sporty>
 </clothing>
 <clothing>
  <id>
   183704631
  </id>
  <name>
   Converse Sweater D-2791
  </name>
  <category>
   Sweater
  </category>
  <size>
   L
  </size>
  <color>
   Фиолетовый
  </color>
  <material>
   Шерсть
  </material>
  <price>
   659604
  </price>
  <rating>
   4.6
  </rating>
  <reviews>
   290092
  </reviews>
  <new>
   -
  </new>
  <sporty>
   yes
  </sporty>
 </clothing>
 <clothing>
  <id>
   842119307
  </id>
  <name>
   Puma Socks T-9885
  </name>
  <category>
   Socks
  </category>
  <size>
   M
  </size>
  <color>
   Красный
  </color>
  <material>
   Полиэстер
  </material>
  <price>
   911486
  </price>
  <rating>
   4.58
  </rating>
  <reviews>
   293077
  </reviews>
  <exclusive>
   yes
  </exclusive>
 </clothing>
 <clothing>
  <id>
   953316554
  </id>
  <name>
   PleinSport Handbags W-4217
  </name>
  <category>
   Handbags
  </category>
  <size>
   M
  </size>
  <color>
   Оранжевый
  </color>
  <material>
   Вискоза
  </material>
  <price>
   200571
  </price>
  <rating>
   2.68
  </rating>
  <reviews>
   851467
  </reviews>
  <new>
   -
  </new>
  <sporty>
   no
  </sporty>
 </clothing>
 <clothing>
  <id>
   989280763
  </id>
  <name>
   PleinSport Handbags U-9702
  </name>
  <category>
   Handbags
  </category>
  <size>
   XXL
  </size>
  <color>
   Желтый
  </color>
  <material>
   Шелк
  </material>
  <price>
   553215
  </price>
  <rating>
   1.89
  </rating>
  <reviews>
   255908
  </reviews>
  <exclusive>
   yes
  </exclusive>
  <sporty>
   no
  </sporty>
 </clothing>
 <clothing>
  <id>
   186654423
  </id>
  <name>
   Converse Socks E-6267
  </name>
  <category>
   Socks
  </category>
  <size>
   S
  </size>
  <color>
   Синий
  </color>
  <material>
   Шерсть
  </material>
  <price>
   902014
  </price>
  <rating>
   1.94
  </rating>
  <reviews>
   74345
  </reviews>
  <new>
   -
  </new>
  <exclusive>
   no
  </exclusive>
 </clothing>
 <clothing>
  <id>
   221012135
  </id>
  <name>
   Nike Sweater X-2097
  </name>
  <category>
   Sweater
  </category>
  <size>
   M
  </size>
  <color>
   Оранжевый
  </color>
  <material>
   Лен
  </material>
  <price>
   118022
  </price>
  <rating>
   4.01
  </rating>
  <reviews>
   575556
  </reviews>
  <new>
   -
  </new>
  <exclusive>
   no
  </exclusive>
 </clothing>
 <clothing>
  <id>
   390346521
  </id>
  <name>
   DC Dress G-5122
  </name>
  <category>
   Dress
  </category>
  <size>
   L
  </size>
  <color>
   Синий
  </color>
  <material>
   Вискоза
  </material>
  <price>
   174539
  </price>
  <rating>
   2.98
  </rating>
  <reviews>
   911482
  </reviews>
  <new>
   -
  </new>
  <sporty>
   no
  </sporty>
 </clothing>
 <clothing>
  <id>
   496197692
  </id>
  <name>
   Vans Umbrellas Z-6510
  </name>
  <category>
   Umbrellas
  </category>
  <size>
   XL
  </size>
  <color>
   Синий
  </color>
  <material>
   Хлопок
  </material>
  <price>
   459997
  </price>
  <rating>
   3.9
  </rating>
  <reviews>
   413400
  </reviews>
  <new>
   -
  </new>
  <sporty>
   yes
  </sporty>
 </clothing>
 <clothing>
  <id>
   844725226
  </id>
  <name>
   Adidas Socks Y-4942
  </name>
  <category>
   Socks
  </category>
  <size>
   XXL
  </size>
  <color>
   Голубой
  </color>
  <material>
   Лен
  </material>
  <price>
   592978
  </price>
  <rating>
   3.64
  </rating>
  <reviews>
   68364
  </reviews>
  <sporty>
   no
  </sporty>
 </clothing>
 <clothing>
  <id>
   457419805
  </id>
  <name>
   Fila Hat E-3802
  </name>
  <category>
   Hat
  </category>
  <size>
   L
  </size>
  <color>
   Синий
  </color>
  <material>
   Шерсть
  </material>
  <price>
   902680
  </price>
  <rating>
   3.91
  </rating>
  <reviews>
   861950
  </reviews>
  <exclusive>
   no
  </exclusive>
  <sporty>
   yes
  </sporty>
 </clothing>
 <clothing>
  <id>
   622320555
  </id>
  <name>
   Adidas Handbags V-1258
  </name>
  <category>
   Handbags
  </category>
  <size>
   S
  </size>
  <color>
   Зеленый
  </color>
  <material>
   Кожа
  </material>
  <price>
   755535
  </price>
  <rating>
   4.65
  </rating>
  <reviews>
   131061
  </reviews>
  <new>
   -
  </new>
  <exclusive>
   no
  </exclusive>
  <sporty>
   no
  </sporty>
 </clothing>
 <clothing>
  <id>
   520356770
  </id>
  <name>
   Addidas Skirt A-7257
  </name>
  <category>
   Skirt
  </category>
  <size>
   S
  </size>
  <color>
   Желтый
  </color>
  <material>
   Хлопок
  </material>
  <price>
   507688
  </price>
  <rating>
   2.16
  </rating>
  <reviews>
   975158
  </reviews>
  <new>
   +
  </new>
  <exclusive>
   yes
  </exclusive>
  <sporty>
   no
  </sporty>
 </clothing>
 <clothing>
  <id>
   895636345
  </id>
  <name>
   Fila Hat B-8816
  </name>
  <category>
   Hat
  </category>
  <size>
   M
  </size>
  <color>
   Фиолетовый
  </color>
  <material>
   Лен
  </material>
  <price>
   597719
  </price>
  <rating>
   4.83
  </rating>
  <reviews>
   828309
  </reviews>
  <exclusive>
   no
  </exclusive>
 </clothing>
 <clothing>
  <id>
   530942042
  </id>
  <name>
   DC Blouse C-2378
  </name>
  <category>
   Blouse
  </category>
  <size>
   L
  </size>
  <color>
   Зеленый
  </color>
  <material>
   Кожа
  </material>
  <price>
   583631
  </price>
  <rating>
   2.96
  </rating>
  <reviews>
   832380
  </reviews>
  <new>
   -
  </new>
  <exclusive>
   no
  </exclusive>
  <sporty>
   no
  </sporty>
 </clothing>
 <clothing>
  <id>
   189940547
  </id>
  <name>
   Nike Pants O-3894
  </name>
  <category>
   Pants
  </category>
  <size>
   S
  </size>
  <color>
   Оранжевый
  </color>
  <material>
   Нейлон
  </material>
  <price>
   487603
  </price>
  <rating>
   4.48
  </rating>
  <reviews>
   634263
  </reviews>
  <sporty>
   no
  </sporty>
 </clothing>
 <clothing>
  <id>
   195780794
  </id>
  <name>
   Converse Pants G-1854
  </name>
  <category>
   Pants
  </category>
  <size>
   S
  </size>
  <color>
   Фиолетовый
  </color>
  <material>
   Шерсть
  </material>
  <price>
   853403
  </price>
  <rating>
   1.74
  </rating>
  <reviews>
   864047
  </reviews>
  <exclusive>
   no
  </exclusive>
  <sporty>
   no
  </sporty>
 </clothing>
 <clothing>
  <id>
   673282893
  </id>
  <name>
   Brooks Hat O-2778
  </name>
  <category>
   Hat
  </category>
  <size>
   L
  </size>
  <color>
   Синий
  </color>
  <material>
   Кожа
  </material>
  <price>
   897319
  </price>
  <rating>
   1.57
  </rating>
  <reviews>
   152860
  </reviews>
 </clothing>
 <clothing>
  <id>
   973745443
  </id>
  <name>
   Asics Hat E-1041
  </name>
  <category>
   Hat
  </category>
  <size>
   XXL
  </size>
  <color>
   Голубой
  </color>
  <material>
   Лен
  </material>
  <price>
   386481
  </price>
  <rating>
   1.24
  </rating>
  <reviews>
   162595
  </reviews>
  <sporty>
   yes
  </sporty>
 </clothing>
 <clothing>
  <id>
   805514200
  </id>
  <name>
   Ellesse Blouse O-5436
  </name>
  <category>
   Blouse
  </category>
  <size>
   XL
  </size>
  <color>
   Фиолетовый
  </color>
  <material>
   Шелк
  </material>
  <price>
   458853
  </price>
  <rating>
   3.45
  </rating>
  <reviews>
   875986
  </reviews>
  <exclusive>
   no
  </exclusive>
  <sporty>
   no
  </sporty>
 </clothing>
 <clothing>
  <id>
   729144717
  </id>
  <name>
   Fila Blouse M-6510
  </name>
  <category>
   Blouse
  </category>
  <size>
   XXL
  </size>
  <color>
   Синий
  </color>
  <material>
   Лен
  </material>
  <price>
   345155
  </price>
  <rating>
   3.05
  </rating>
  <reviews>
   30231
  </reviews>
  <new>
   +
  </new>
  <exclusive>
   no
  </exclusive>
 </clothing>
 <clothing>
  <id>
   185121068
  </id>
  <name>
   Brooks Handbags G-5698
  </name>
  <category>
   Handbags
  </category>
  <size>
   S
  </size>
  <color>
   Оранжевый
  </color>
  <material>
   Шерсть
  </material>
  <price>
   666106
  </price>
  <rating>
   1.04
  </rating>
  <reviews>
   702416
  </reviews>
  <new>
   -
  </new>
  <exclusive>
   yes
  </exclusive>
 </clothing>
 <clothing>
  <id>
   525563119
  </id>
  <name>
   Nike Pants V-5161
  </name>
  <category>
   Pants
  </category>
  <size>
   XL
  </size>
  <color>
   Красный
  </color>
  <material>
   Хлопок
  </material>
  <price>
   598264
  </price>
  <rating>
   3.6
  </rating>
  <reviews>
   958688
  </reviews>
  <new>
   +
  </new>
 </clothing>
 <clothing>
  <id>
   342640159
  </id>
  <name>
   Vans Gloves E-4451
  </name>
  <category>
   Gloves
  </category>
  <size>
   XL
  </size>
  <color>
   Оранжевый
  </color>
  <material>
   Шелк
  </material>
  <price>
   663803
  </price>
  <rating>
   2.97
  </rating>
  <reviews>
   673315
  </reviews>
  <new>
   +
  </new>
  <exclusive>
   yes
  </exclusive>
  <sporty>
   no
  </sporty>
 </clothing>
 <clothing>
  <id>
   861686208
  </id>
  <name>
   Adidas Gloves T-2001
  </name>
  <category>
   Gloves
  </category>
  <size>
   XXL
  </size>
  <color>
   Оранжевый
  </color>
  <material>
   Хлопок
  </material>
  <price>
   799307
  </price>
  <rating>
   4.08
  </rating>
  <reviews>
   807331
  </reviews>
  <new>
   -
  </new>
  <exclusive>
   no
  </exclusive>
 </clothing>
 <clothing>
  <id>
   411024207
  </id>
  <name>
   Puma Pants N-5223
  </name>
  <category>
   Pants
  </category>
  <size>
   XL
  </size>
  <color>
   Желтый
  </color>
  <material>
   Шерсть
  </material>
  <price>
   982760
  </price>
  <rating>
   4.63
  </rating>
  <reviews>
   308304
  </reviews>
  <new>
   +
  </new>
  <exclusive>
   no
  </exclusive>
  <sporty>
   no
  </sporty>
 </clothing>
 <clothing>
  <id>
   462677636
  </id>
  <name>
   Under Armour Shoes B-2007
  </name>
  <category>
   Shoes
  </category>
  <size>
   M
  </size>
  <color>
   Фиолетовый
  </color>
  <material>
   Кожа
  </material>
  <price>
   497764
  </price>
  <rating>
   4.18
  </rating>
  <reviews>
   967113
  </reviews>
  <sporty>
   no
  </sporty>
 </clothing>
 <clothing>
  <id>
   848354558
  </id>
  <name>
   Adidas Shoes Z-3140
  </name>
  <category>
   Shoes
  </category>
  <size>
   XL
  </size>
  <color>
   Желтый
  </color>
  <material>
   Кожа
  </material>
  <price>
   316764
  </price>
  <rating>
   4.71
  </rating>
  <reviews>
   600890
  </reviews>
  <exclusive>
   yes
  </exclusive>
  <sporty>
   no
  </sporty>
 </clothing>
 <clothing>
  <id>
   347286906
  </id>
  <name>
   Ellesse Gloves O-9756
  </name>
  <category>
   Gloves
  </category>
  <size>
   XXL
  </size>
  <color>
   Желтый
  </color>
  <material>
   Шелк
  </material>
  <price>
   963986
  </price>
  <rating>
   3.44
  </rating>
  <reviews>
   842500
  </reviews>
  <new>
   +
  </new>
  <exclusive>
   no
  </exclusive>
  <sporty>
   no
  </sporty>
 </clothing>
 <clothing>
  <id>
   543083762
  </id>
  <name>
   PleinSport Umbrellas X-2681
  </name>
  <category>
   Umbrellas
  </category>
  <size>
   L
  </size>
  <color>
   Голубой
  </color>
  <material>
   Вискоза
  </material>
  <price>
   831342
  </price>
  <rating>
   2.19
  </rating>
  <reviews>
   615753
  </reviews>
  <new>
   -
  </new>
  <exclusive>
   no
  </exclusive>
  <sporty>
   no
  </sporty>
 </clothing>
 <clothing>
  <id>
   847109204
  </id>
  <name>
   Nike Umbrellas Z-9762
  </name>
  <category>
   Umbrellas
  </category>
  <size>
   M
  </size>
  <color>
   Голубой
  </color>
  <material>
   Шелк
  </material>
  <price>
   979556
  </price>
  <rating>
   4.5
  </rating>
  <reviews>
   596139
  </reviews>
  <new>
   +
  </new>
 </clothing>
 <clothing>
  <id>
   800039194
  </id>
  <name>
   Under Armour Pants B-3265
  </name>
  <category>
   Pants
  </category>
  <size>
   M
  </size>
  <color>
   Оранжевый
  </color>
  <material>
   Кожа
  </material>
  <price>
   430640
  </price>
  <rating>
   3.94
  </rating>
  <reviews>
   400756
  </reviews>
  <new>
   -
  </new>
  <sporty>
   no
  </sporty>
 </clothing>
 <clothing>
  <id>
   676220198
  </id>
  <name>
   Fila Umbrellas D-6478
  </name>
  <category>
   Umbrellas
  </category>
  <size>
   XL
  </size>
  <color>
   Красный
  </color>
  <material>
   Нейлон
  </material>
  <price>
   203664
  </price>
  <rating>
   4.26
  </rating>
  <reviews>
   461156
  </reviews>
  <new>
   -
  </new>
  <exclusive>
   no
  </exclusive>
  <sporty>
   no
  </sporty>
 </clothing>
 <clothing>
  <id>
   561086652
  </id>
  <name>
   Fila Shoes O-6142
  </name>
  <category>
   Shoes
  </category>
  <size>
   XXL
  </size>
  <color>
   Синий
  </color>
  <material>
   Полиэстер
  </material>
  <price>
   125864
  </price>
  <rating>
   2.12
  </rating>
  <reviews>
   764105
  </reviews>
  <new>
   +
  </new>
  <exclusive>
   yes
  </exclusive>
 </clothing>
 <clothing>
  <id>
   299414257
  </id>
  <name>
   Converse Dress D-1493
  </name>
  <category>
   Dress
  </category>
  <size>
   XL
  </size>
  <color>
   Голубой
  </color>
  <material>
   Кожа
  </material>
  <price>
   246158
  </price>
  <rating>
   4.37
  </rating>
  <reviews>
   726715
  </reviews>
  <new>
   +
  </new>
 </clothing>
 <clothing>
  <id>
   247699024
  </id>
  <name>
   Adidas Gloves I-3628
  </name>
  <category>
   Gloves
  </category>
  <size>
   XXL
  </size>
  <color>
   Желтый
  </color>
  <material>
   Нейлон
  </material>
  <price>
   167697
  </price>
  <rating>
   4.94
  </rating>
  <reviews>
   411095
  </reviews>
  <new>
   -
  </new>
  <exclusive>
   no
  </exclusive>
  <sporty>
   yes
  </sporty>
 </clothing>
 <clothing>
  <id>
   558365649
  </id>
  <name>
   Nike Jeans T-5767
  </name>
  <category>
   Jeans
  </category>
  <size>
   XL
  </size>
  <color>
   Красный
  </color>
  <material>
   Полиэстер
  </material>
  <price>
   529109
  </price>
  <rating>
   3.47
  </rating>
  <reviews>
   311038
  </reviews>
  <new>
   -
  </new>
  <exclusive>
   yes
  </exclusive>
  <sporty>
   no
  </sporty>
 </clothing>
</clothing-items>
