<?xml version="1.0" encoding="utf-8"?>
<clothing-items>
 <clothing>
  <id>
   681440786
  </id>
  <name>
   PleinSport Dress P-3649
  </name>
  <category>
   Dress
  </category>
  <size>
   XL
  </size>
  <color>
   Фиолетовый
  </color>
  <material>
   Полиэстер
  </material>
  <price>
   269288
  </price>
  <rating>
   3.88
  </rating>
  <reviews>
   700581
  </reviews>
  <sporty>
   yes
  </sporty>
 </clothing>
 <clothing>
  <id>
   253595250
  </id>
  <name>
   Adidas Shirt D-8632
  </name>
  <category>
   Shirt
  </category>
  <size>
   XXL
  </size>
  <color>
   Оранжевый
  </color>
  <material>
   Нейлон
  </material>
  <price>
   730911
  </price>
  <rating>
   1.74
  </rating>
  <reviews>
   602068
  </reviews>
  <exclusive>
   yes
  </exclusive>
  <sporty>
   yes
  </sporty>
 </clothing>
 <clothing>
  <id>
   928713779
  </id>
  <name>
   Fila Shoes L-8452
  </name>
  <category>
   Shoes
  </category>
  <size>
   XL
  </size>
  <color>
   Голубой
  </color>
  <material>
   Лен
  </material>
  <price>
   524019
  </price>
  <rating>
   1.74
  </rating>
  <reviews>
   394428
  </reviews>
  <new>
   +
  </new>
  <exclusive>
   yes
  </exclusive>
 </clothing>
 <clothing>
  <id>
   180522965
  </id>
  <name>
   Vans Socks U-5657
  </name>
  <category>
   Socks
  </category>
  <size>
   L
  </size>
  <color>
   Синий
  </color>
  <material>
   Хлопок
  </material>
  <price>
   257560
  </price>
  <rating>
   4.44
  </rating>
  <reviews>
   164024
  </reviews>
  <new>
   +
  </new>
  <sporty>
   yes
  </sporty>
 </clothing>
 <clothing>
  <id>
   839598903
  </id>
  <name>
   Addidas Hat X-3428
  </name>
  <category>
   Hat
  </category>
  <size>
   XXL
  </size>
  <color>
   Зеленый
  </color>
  <material>
   Шелк
  </material>
  <price>
   532857
  </price>
  <rating>
   3.5
  </rating>
  <reviews>
   876507
  </reviews>
  <exclusive>
   no
  </exclusive>
  <sporty>
   yes
  </sporty>
 </clothing>
 <clothing>
  <id>
   113711537
  </id>
  <name>
   Reebok Shirt G-8987
  </name>
  <category>
   Shirt
  </category>
  <size>
   XL
  </size>
  <color>
   Зеленый
  </color>
  <material>
   Хлопок
  </material>
  <price>
   962223
  </price>
  <rating>
   2.76
  </rating>
  <reviews>
   175097
  </reviews>
  <exclusive>
   yes
  </exclusive>
 </clothing>
 <clothing>
  <id>
   726015922
  </id>
  <name>
   Puma Hat T-2365
  </name>
  <category>
   Hat
  </category>
  <size>
   L
  </size>
  <color>
   Красный
  </color>
  <material>
   Вискоза
  </material>
  <price>
   949760
  </price>
  <rating>
   2.66
  </rating>
  <reviews>
   973905
  </reviews>
  <exclusive>
   no
  </exclusive>
  <sporty>
   no
  </sporty>
 </clothing>
 <clothing>
  <id>
   271036137
  </id>
  <name>
   Ellesse Dress X-5194
  </name>
  <category>
   Dress
  </category>
  <size>
   XXL
  </size>
  <color>
   Фиолетовый
  </color>
  <material>
   Вискоза
  </material>
  <price>
   298111
  </price>
  <rating>
   4.8
  </rating>
  <reviews>
   749167
  </reviews>
  <new>
   -
  </new>
  <exclusive>
   yes
  </exclusive>
  <sporty>
   no
  </sporty>
 </clothing>
 <clothing>
  <id>
   204591929
  </id>
  <name>
   Lacoste Shirt G-5241
  </name>
  <category>
   Shirt
  </category>
  <size>
   S
  </size>
  <color>
   Красный
  </color>
  <material>
   Лен
  </material>
  <price>
   501950
  </price>
  <rating>
   1.9
  </rating>
  <reviews>
   653104
  </reviews>
  <sporty>
   no
  </sporty>
 </clothing>
 <clothing>
  <id>
   152724822
  </id>
  <name>
   DC Hat P-3175
  </name>
  <category>
   Hat
  </category>
  <size>
   XXL
  </size>
  <color>
   Желтый
  </color>
  <material>
   Лен
  </material>
  <price>
   129254
  </price>
  <rating>
   4.6
  </rating>
  <reviews>
   405380
  </reviews>
  <exclusive>
   no
  </exclusive>
  <sporty>
   no
  </sporty>
 </clothing>
 <clothing>
  <id>
   212060006
  </id>
  <name>
   Asics Sweater B-8675
  </name>
  <category>
   Sweater
  </category>
  <size>
   M
  </size>
  <color>
   Желтый
  </color>
  <material>
   Хлопок
  </material>
  <price>
   642925
  </price>
  <rating>
   4.21
  </rating>
  <reviews>
   422183
  </reviews>
  <exclusive>
   no
  </exclusive>
 </clothing>
 <clothing>
  <id>
   486913807
  </id>
  <name>
   Brooks Jacket S-1349
  </name>
  <category>
   Jacket
  </category>
  <size>
   L
  </size>
  <color>
   Красный
  </color>
  <material>
   Кожа
  </material>
  <price>
   659013
  </price>
  <rating>
   2.64
  </rating>
  <reviews>
   868905
  </reviews>
  <sporty>
   no
  </sporty>
 </clothing>
 <clothing>
  <id>
   716992768
  </id>
  <name>
   Addidas Shirt C-1007
  </name>
  <category>
   Shirt
  </category>
  <size>
   S
  </size>
  <color>
   Желтый
  </color>
  <material>
   Шерсть
  </material>
  <price>
   639318
  </price>
  <rating>
   2.74
  </rating>
  <reviews>
   34386
  </reviews>
  <new>
   +
  </new>
  <exclusive>
   no
  </exclusive>
  <sporty>
   yes
  </sporty>
 </clothing>
 <clothing>
  <id>
   721130016
  </id>
  <name>
   New Balance Socks P-7191
  </name>
  <category>
   Socks
  </category>
  <size>
   S
  </size>
  <color>
   Фиолетовый
  </color>
  <material>
   Полиэстер
  </material>
  <price>
   439870
  </price>
  <rating>
   3.82
  </rating>
  <reviews>
   650649
  </reviews>
  <new>
   -
  </new>
  <exclusive>
   no
  </exclusive>
  <sporty>
   no
  </sporty>
 </clothing>
 <clothing>
  <id>
   294839305
  </id>
  <name>
   Fila Hat H-3147
  </name>
  <category>
   Hat
  </category>
  <size>
   M
  </size>
  <color>
   Зеленый
  </color>
  <material>
   Лен
  </material>
  <price>
   974311
  </price>
  <rating>
   4.14
  </rating>
  <reviews>
   536523
  </reviews>
  <new>
   +
  </new>
  <exclusive>
   no
  </exclusive>
  <sporty>
   no
  </sporty>
 </clothing>
 <clothing>
  <id>
   998456405
  </id>
  <name>
   Addidas Shirt N-3939
  </name>
  <category>
   Shirt
  </category>
  <size>
   M
  </size>
  <color>
   Желтый
  </color>
  <material>
   Кожа
  </material>
  <price>
   436881
  </price>
  <rating>
   2.93
  </rating>
  <reviews>
   723197
  </reviews>
  <new>
   +
  </new>
  <exclusive>
   yes
  </exclusive>
  <sporty>
   yes
  </sporty>
 </clothing>
 <clothing>
  <id>
   355580710
  </id>
  <name>
   Under Armour Pants B-6534
  </name>
  <category>
   Pants
  </category>
  <size>
   L
  </size>
  <color>
   Синий
  </color>
  <material>
   Вискоза
  </material>
  <price>
   371200
  </price>
  <rating>
   2.75
  </rating>
  <reviews>
   579683
  </reviews>
  <new>
   +
  </new>
  <exclusive>
   no
  </exclusive>
  <sporty>
   yes
  </sporty>
 </clothing>
 <clothing>
  <id>
   845006735
  </id>
  <name>
   Ellesse Shoes E-3863
  </name>
  <category>
   Shoes
  </category>
  <size>
   S
  </size>
  <color>
   Фиолетовый
  </color>
  <material>
   Лен
  </material>
  <price>
   518934
  </price>
  <rating>
   2.47
  </rating>
  <reviews>
   20943
  </reviews>
  <new>
   +
  </new>
  <sporty>
   yes
  </sporty>
 </clothing>
 <clothing>
  <id>
   815544946
  </id>
  <name>
   Nike Blouse Q-1684
  </name>
  <category>
   Blouse
  </category>
  <size>
   XXL
  </size>
  <color>
   Зеленый
  </color>
  <material>
   Вискоза
  </material>
  <price>
   828818
  </price>
  <rating>
   4.65
  </rating>
  <reviews>
   91789
  </reviews>
  <exclusive>
   no
  </exclusive>
 </clothing>
 <clothing>
  <id>
   915978180
  </id>
  <name>
   New Balance Umbrellas H-8959
  </name>
  <category>
   Umbrellas
  </category>
  <size>
   XL
  </size>
  <color>
   Фиолетовый
  </color>
  <material>
   Шелк
  </material>
  <price>
   525636
  </price>
  <rating>
   2.62
  </rating>
  <reviews>
   430189
  </reviews>
  <exclusive>
   no
  </exclusive>
  <sporty>
   yes
  </sporty>
 </clothing>
 <clothing>
  <id>
   318389337
  </id>
  <name>
   Asics Shirt T-1095
  </name>
  <category>
   Shirt
  </category>
  <size>
   S
  </size>
  <color>
   Зеленый
  </color>
  <material>
   Лен
  </material>
  <price>
   577395
  </price>
  <rating>
   3.58
  </rating>
  <reviews>
   460851
  </reviews>
  <sporty>
   no
  </sporty>
 </clothing>
</clothing-items>
