<?xml version="1.0" encoding="utf-8"?>
<clothing-items>
 <clothing>
  <id>
   130551050
  </id>
  <name>
   Vans Gloves D-5121
  </name>
  <category>
   Gloves
  </category>
  <size>
   XL
  </size>
  <color>
   Голубой
  </color>
  <material>
   Кожа
  </material>
  <price>
   901952
  </price>
  <rating>
   2.71
  </rating>
  <reviews>
   448047
  </reviews>
  <exclusive>
   yes
  </exclusive>
 </clothing>
 <clothing>
  <id>
   381636725
  </id>
  <name>
   Asics Pants Y-7550
  </name>
  <category>
   Pants
  </category>
  <size>
   XL
  </size>
  <color>
   Голубой
  </color>
  <material>
   Шелк
  </material>
  <price>
   225891
  </price>
  <rating>
   2.66
  </rating>
  <reviews>
   20212
  </reviews>
  <new>
   +
  </new>
  <sporty>
   yes
  </sporty>
 </clothing>
 <clothing>
  <id>
   900427729
  </id>
  <name>
   Addidas Handbags Z-8880
  </name>
  <category>
   Handbags
  </category>
  <size>
   XL
  </size>
  <color>
   Голубой
  </color>
  <material>
   Шерсть
  </material>
  <price>
   938654
  </price>
  <rating>
   1.97
  </rating>
  <reviews>
   225414
  </reviews>
 </clothing>
 <clothing>
  <id>
   569658577
  </id>
  <name>
   Converse Umbrellas W-3608
  </name>
  <category>
   Umbrellas
  </category>
  <size>
   XL
  </size>
  <color>
   Желтый
  </color>
  <material>
   Вискоза
  </material>
  <price>
   180447
  </price>
  <rating>
   1.71
  </rating>
  <reviews>
   502177
  </reviews>
  <new>
   -
  </new>
  <exclusive>
   no
  </exclusive>
  <sporty>
   no
  </sporty>
 </clothing>
 <clothing>
  <id>
   658358198
  </id>
  <name>
   Asics Jacket P-9776
  </name>
  <category>
   Jacket
  </category>
  <size>
   L
  </size>
  <color>
   Зеленый
  </color>
  <material>
   Вискоза
  </material>
  <price>
   353663
  </price>
  <rating>
   4.58
  </rating>
  <reviews>
   442933
  </reviews>
  <exclusive>
   yes
  </exclusive>
  <sporty>
   no
  </sporty>
 </clothing>
 <clothing>
  <id>
   162520755
  </id>
  <name>
   PleinSport Pants A-5039
  </name>
  <category>
   Pants
  </category>
  <size>
   XXL
  </size>
  <color>
   Оранжевый
  </color>
  <material>
   Хлопок
  </material>
  <price>
   837030
  </price>
  <rating>
   1.37
  </rating>
  <reviews>
   692095
  </reviews>
  <new>
   +
  </new>
  <exclusive>
   yes
  </exclusive>
 </clothing>
 <clothing>
  <id>
   533733040
  </id>
  <name>
   Reebok Sweater V-7005
  </name>
  <category>
   Sweater
  </category>
  <size>
   XL
  </size>
  <color>
   Красный
  </color>
  <material>
   Лен
  </material>
  <price>
   429025
  </price>
  <rating>
   4.15
  </rating>
  <reviews>
   607770
  </reviews>
  <new>
   -
  </new>
  <sporty>
   no
  </sporty>
 </clothing>
 <clothing>
  <id>
   206893877
  </id>
  <name>
   Addidas Handbags K-1648
  </name>
  <category>
   Handbags
  </category>
  <size>
   M
  </size>
  <color>
   Синий
  </color>
  <material>
   Кожа
  </material>
  <price>
   511057
  </price>
  <rating>
   3.16
  </rating>
  <reviews>
   398832
  </reviews>
  <new>
   +
  </new>
 </clothing>
 <clothing>
  <id>
   105595610
  </id>
  <name>
   Fila Shoes A-2928
  </name>
  <category>
   Shoes
  </category>
  <size>
   M
  </size>
  <color>
   Синий
  </color>
  <material>
   Шелк
  </material>
  <price>
   774407
  </price>
  <rating>
   2.97
  </rating>
  <reviews>
   362530
  </reviews>
  <exclusive>
   no
  </exclusive>
 </clothing>
 <clothing>
  <id>
   837830535
  </id>
  <name>
   PleinSport Shoes P-7266
  </name>
  <category>
   Shoes
  </category>
  <size>
   XL
  </size>
  <color>
   Желтый
  </color>
  <material>
   Шерсть
  </material>
  <price>
   185773
  </price>
  <rating>
   2.69
  </rating>
  <reviews>
   2174
  </reviews>
  <new>
   -
  </new>
  <exclusive>
   no
  </exclusive>
  <sporty>
   yes
  </sporty>
 </clothing>
 <clothing>
  <id>
   611839801
  </id>
  <name>
   PleinSport Gloves S-8342
  </name>
  <category>
   Gloves
  </category>
  <size>
   XL
  </size>
  <color>
   Синий
  </color>
  <material>
   Хлопок
  </material>
  <price>
   625290
  </price>
  <rating>
   4.32
  </rating>
  <reviews>
   587063
  </reviews>
  <new>
   -
  </new>
  <exclusive>
   no
  </exclusive>
 </clothing>
 <clothing>
  <id>
   105082922
  </id>
  <name>
   Fila Umbrellas H-1615
  </name>
  <category>
   Umbrellas
  </category>
  <size>
   XL
  </size>
  <color>
   Красный
  </color>
  <material>
   Нейлон
  </material>
  <price>
   154681
  </price>
  <rating>
   2.81
  </rating>
  <reviews>
   429470
  </reviews>
  <new>
   +
  </new>
  <exclusive>
   yes
  </exclusive>
 </clothing>
 <clothing>
  <id>
   593512375
  </id>
  <name>
   Under Armour Jacket A-3862
  </name>
  <category>
   Jacket
  </category>
  <size>
   XL
  </size>
  <color>
   Желтый
  </color>
  <material>
   Вискоза
  </material>
  <price>
   681508
  </price>
  <rating>
   2.73
  </rating>
  <reviews>
   292686
  </reviews>
  <new>
   -
  </new>
 </clothing>
 <clothing>
  <id>
   844471975
  </id>
  <name>
   DC Shoes I-3978
  </name>
  <category>
   Shoes
  </category>
  <size>
   M
  </size>
  <color>
   Голубой
  </color>
  <material>
   Шерсть
  </material>
  <price>
   930650
  </price>
  <rating>
   3.36
  </rating>
  <reviews>
   193001
  </reviews>
  <new>
   +
  </new>
  <exclusive>
   yes
  </exclusive>
  <sporty>
   no
  </sporty>
 </clothing>
</clothing-items>
