<?xml version="1.0" encoding="utf-8"?>
<clothing-items>
 <clothing>
  <id>
   584719994
  </id>
  <name>
   Asics Hat J-8398
  </name>
  <category>
   Hat
  </category>
  <size>
   XL
  </size>
  <color>
   Голубой
  </color>
  <material>
   Вискоза
  </material>
  <price>
   289023
  </price>
  <rating>
   3.12
  </rating>
  <reviews>
   684695
  </reviews>
  <new>
   -
  </new>
  <exclusive>
   yes
  </exclusive>
 </clothing>
 <clothing>
  <id>
   841682380
  </id>
  <name>
   Brooks Hat H-4775
  </name>
  <category>
   Hat
  </category>
  <size>
   M
  </size>
  <color>
   Оранжевый
  </color>
  <material>
   Вискоза
  </material>
  <price>
   962453
  </price>
  <rating>
   1.04
  </rating>
  <reviews>
   466712
  </reviews>
 </clothing>
 <clothing>
  <id>
   642034972
  </id>
  <name>
   Nike Jacket T-7522
  </name>
  <category>
   Jacket
  </category>
  <size>
   S
  </size>
  <color>
   Зеленый
  </color>
  <material>
   Полиэстер
  </material>
  <price>
   486867
  </price>
  <rating>
   4.16
  </rating>
  <reviews>
   141510
  </reviews>
  <exclusive>
   no
  </exclusive>
  <sporty>
   no
  </sporty>
 </clothing>
 <clothing>
  <id>
   330926906
  </id>
  <name>
   Addidas Belts Q-1864
  </name>
  <category>
   Belts
  </category>
  <size>
   XL
  </size>
  <color>
   Оранжевый
  </color>
  <material>
   Полиэстер
  </material>
  <price>
   392731
  </price>
  <rating>
   1.88
  </rating>
  <reviews>
   842324
  </reviews>
  <new>
   -
  </new>
  <exclusive>
   no
  </exclusive>
 </clothing>
 <clothing>
  <id>
   857638634
  </id>
  <name>
   Brooks Belts D-5390
  </name>
  <category>
   Belts
  </category>
  <size>
   XXL
  </size>
  <color>
   Зеленый
  </color>
  <material>
   Нейлон
  </material>
  <price>
   962902
  </price>
  <rating>
   3.78
  </rating>
  <reviews>
   396788
  </reviews>
  <new>
   -
  </new>
  <exclusive>
   yes
  </exclusive>
 </clothing>
 <clothing>
  <id>
   716596148
  </id>
  <name>
   Fila Jeans C-9105
  </name>
  <category>
   Jeans
  </category>
  <size>
   S
  </size>
  <color>
   Фиолетовый
  </color>
  <material>
   Вискоза
  </material>
  <price>
   493226
  </price>
  <rating>
   1.3
  </rating>
  <reviews>
   607374
  </reviews>
  <sporty>
   no
  </sporty>
 </clothing>
 <clothing>
  <id>
   464160440
  </id>
  <name>
   Lacoste Blouse G-8967
  </name>
  <category>
   Blouse
  </category>
  <size>
   S
  </size>
  <color>
   Фиолетовый
  </color>
  <material>
   Кожа
  </material>
  <price>
   912300
  </price>
  <rating>
   3.67
  </rating>
  <reviews>
   206817
  </reviews>
  <new>
   +
  </new>
  <exclusive>
   yes
  </exclusive>
  <sporty>
   yes
  </sporty>
 </clothing>
 <clothing>
  <id>
   695337173
  </id>
  <name>
   Nike Belts V-6293
  </name>
  <category>
   Belts
  </category>
  <size>
   S
  </size>
  <color>
   Синий
  </color>
  <material>
   Полиэстер
  </material>
  <price>
   148126
  </price>
  <rating>
   2.79
  </rating>
  <reviews>
   360270
  </reviews>
  <new>
   +
  </new>
  <exclusive>
   yes
  </exclusive>
  <sporty>
   yes
  </sporty>
 </clothing>
 <clothing>
  <id>
   498127951
  </id>
  <name>
   PleinSport Gloves O-9309
  </name>
  <category>
   Gloves
  </category>
  <size>
   L
  </size>
  <color>
   Желтый
  </color>
  <material>
   Шерсть
  </material>
  <price>
   380766
  </price>
  <rating>
   1.53
  </rating>
  <reviews>
   794387
  </reviews>
  <exclusive>
   no
  </exclusive>
 </clothing>
 <clothing>
  <id>
   358597459
  </id>
  <name>
   Ellesse Shirt S-2772
  </name>
  <category>
   Shirt
  </category>
  <size>
   XL
  </size>
  <color>
   Желтый
  </color>
  <material>
   Шерсть
  </material>
  <price>
   639012
  </price>
  <rating>
   2.24
  </rating>
  <reviews>
   948968
  </reviews>
  <new>
   -
  </new>
  <exclusive>
   no
  </exclusive>
  <sporty>
   yes
  </sporty>
 </clothing>
 <clothing>
  <id>
   981316695
  </id>
  <name>
   Reebok Skirt Z-6294
  </name>
  <category>
   Skirt
  </category>
  <size>
   XL
  </size>
  <color>
   Желтый
  </color>
  <material>
   Лен
  </material>
  <price>
   617581
  </price>
  <rating>
   1.93
  </rating>
  <reviews>
   248855
  </reviews>
  <sporty>
   yes
  </sporty>
 </clothing>
 <clothing>
  <id>
   971946688
  </id>
  <name>
   Addidas Umbrellas Z-7438
  </name>
  <category>
   Umbrellas
  </category>
  <size>
   XL
  </size>
  <color>
   Оранжевый
  </color>
  <material>
   Шелк
  </material>
  <price>
   782607
  </price>
  <rating>
   1.53
  </rating>
  <reviews>
   849559
  </reviews>
  <new>
   -
  </new>
  <exclusive>
   no
  </exclusive>
  <sporty>
   yes
  </sporty>
 </clothing>
 <clothing>
  <id>
   538321790
  </id>
  <name>
   Reebok Shirt X-5703
  </name>
  <category>
   Shirt
  </category>
  <size>
   L
  </size>
  <color>
   Оранжевый
  </color>
  <material>
   Шерсть
  </material>
  <price>
   643182
  </price>
  <rating>
   4.8
  </rating>
  <reviews>
   73766
  </reviews>
  <new>
   +
  </new>
  <exclusive>
   no
  </exclusive>
 </clothing>
 <clothing>
  <id>
   657271081
  </id>
  <name>
   Fila Pants T-3075
  </name>
  <category>
   Pants
  </category>
  <size>
   L
  </size>
  <color>
   Голубой
  </color>
  <material>
   Шерсть
  </material>
  <price>
   380515
  </price>
  <rating>
   4.21
  </rating>
  <reviews>
   505318
  </reviews>
  <new>
   -
  </new>
  <exclusive>
   yes
  </exclusive>
  <sporty>
   no
  </sporty>
 </clothing>
 <clothing>
  <id>
   544808141
  </id>
  <name>
   Nike Skirt R-8866
  </name>
  <category>
   Skirt
  </category>
  <size>
   L
  </size>
  <color>
   Желтый
  </color>
  <material>
   Хлопок
  </material>
  <price>
   447082
  </price>
  <rating>
   2.34
  </rating>
  <reviews>
   575090
  </reviews>
  <exclusive>
   yes
  </exclusive>
 </clothing>
 <clothing>
  <id>
   630684990
  </id>
  <name>
   Brooks Shoes V-9198
  </name>
  <category>
   Shoes
  </category>
  <size>
   XL
  </size>
  <color>
   Зеленый
  </color>
  <material>
   Шерсть
  </material>
  <price>
   570503
  </price>
  <rating>
   2.79
  </rating>
  <reviews>
   184771
  </reviews>
  <new>
   -
  </new>
  <exclusive>
   no
  </exclusive>
  <sporty>
   no
  </sporty>
 </clothing>
 <clothing>
  <id>
   747675877
  </id>
  <name>
   Under Armour Jeans T-4728
  </name>
  <category>
   Jeans
  </category>
  <size>
   S
  </size>
  <color>
   Зеленый
  </color>
  <material>
   Кожа
  </material>
  <price>
   779649
  </price>
  <rating>
   4.92
  </rating>
  <reviews>
   203206
  </reviews>
  <new>
   -
  </new>
  <exclusive>
   no
  </exclusive>
 </clothing>
 <clothing>
  <id>
   452789920
  </id>
  <name>
   Converse Gloves V-5928
  </name>
  <category>
   Gloves
  </category>
  <size>
   XXL
  </size>
  <color>
   Желтый
  </color>
  <material>
   Лен
  </material>
  <price>
   685533
  </price>
  <rating>
   2.2
  </rating>
  <reviews>
   738961
  </reviews>
  <new>
   +
  </new>
 </clothing>
 <clothing>
  <id>
   657733116
  </id>
  <name>
   Reebok Belts W-9858
  </name>
  <category>
   Belts
  </category>
  <size>
   XL
  </size>
  <color>
   Желтый
  </color>
  <material>
   Кожа
  </material>
  <price>
   585198
  </price>
  <rating>
   2.71
  </rating>
  <reviews>
   729352
  </reviews>
  <new>
   +
  </new>
  <exclusive>
   no
  </exclusive>
  <sporty>
   yes
  </sporty>
 </clothing>
 <clothing>
  <id>
   550260649
  </id>
  <name>
   Asics Umbrellas V-8995
  </name>
  <category>
   Umbrellas
  </category>
  <size>
   XL
  </size>
  <color>
   Красный
  </color>
  <material>
   Шелк
  </material>
  <price>
   879890
  </price>
  <rating>
   4.3
  </rating>
  <reviews>
   734696
  </reviews>
 </clothing>
 <clothing>
  <id>
   500250176
  </id>
  <name>
   Puma Skirt S-1773
  </name>
  <category>
   Skirt
  </category>
  <size>
   XL
  </size>
  <color>
   Синий
  </color>
  <material>
   Кожа
  </material>
  <price>
   833390
  </price>
  <rating>
   4.26
  </rating>
  <reviews>
   599749
  </reviews>
  <exclusive>
   no
  </exclusive>
  <sporty>
   yes
  </sporty>
 </clothing>
 <clothing>
  <id>
   827295461
  </id>
  <name>
   Puma Blouse K-7425
  </name>
  <category>
   Blouse
  </category>
  <size>
   L
  </size>
  <color>
   Синий
  </color>
  <material>
   Шелк
  </material>
  <price>
   792457
  </price>
  <rating>
   1.99
  </rating>
  <reviews>
   164151
  </reviews>
  <sporty>
   yes
  </sporty>
 </clothing>
 <clothing>
  <id>
   280626393
  </id>
  <name>
   Puma Socks Y-7492
  </name>
  <category>
   Socks
  </category>
  <size>
   XXL
  </size>
  <color>
   Оранжевый
  </color>
  <material>
   Полиэстер
  </material>
  <price>
   728749
  </price>
  <rating>
   1.52
  </rating>
  <reviews>
   846533
  </reviews>
  <sporty>
   yes
  </sporty>
 </clothing>
 <clothing>
  <id>
   254057839
  </id>
  <name>
   Asics Dress X-5397
  </name>
  <category>
   Dress
  </category>
  <size>
   L
  </size>
  <color>
   Голубой
  </color>
  <material>
   Лен
  </material>
  <price>
   950877
  </price>
  <rating>
   3.67
  </rating>
  <reviews>
   593963
  </reviews>
  <sporty>
   yes
  </sporty>
 </clothing>
</clothing-items>
