<?xml version="1.0" encoding="utf-8"?>
<clothing-items>
 <clothing>
  <id>
   238645792
  </id>
  <name>
   Reebok Shoes E-5552
  </name>
  <category>
   Shoes
  </category>
  <size>
   XL
  </size>
  <color>
   Фиолетовый
  </color>
  <material>
   Шелк
  </material>
  <price>
   323085
  </price>
  <rating>
   4.86
  </rating>
  <reviews>
   272582
  </reviews>
  <new>
   +
  </new>
  <exclusive>
   no
  </exclusive>
  <sporty>
   no
  </sporty>
 </clothing>
 <clothing>
  <id>
   339161125
  </id>
  <name>
   Converse Jeans I-3540
  </name>
  <category>
   Jeans
  </category>
  <size>
   L
  </size>
  <color>
   Оранжевый
  </color>
  <material>
   Лен
  </material>
  <price>
   158177
  </price>
  <rating>
   2.78
  </rating>
  <reviews>
   187958
  </reviews>
  <new>
   +
  </new>
  <sporty>
   yes
  </sporty>
 </clothing>
 <clothing>
  <id>
   182208858
  </id>
  <name>
   Nike Socks W-8883
  </name>
  <category>
   Socks
  </category>
  <size>
   S
  </size>
  <color>
   Голубой
  </color>
  <material>
   Хлопок
  </material>
  <price>
   860882
  </price>
  <rating>
   4.61
  </rating>
  <reviews>
   768205
  </reviews>
  <new>
   -
  </new>
  <exclusive>
   no
  </exclusive>
  <sporty>
   yes
  </sporty>
 </clothing>
 <clothing>
  <id>
   913804649
  </id>
  <name>
   Asics Handbags B-5315
  </name>
  <category>
   Handbags
  </category>
  <size>
   XL
  </size>
  <color>
   Оранжевый
  </color>
  <material>
   Полиэстер
  </material>
  <price>
   961782
  </price>
  <rating>
   1.72
  </rating>
  <reviews>
   158074
  </reviews>
  <new>
   -
  </new>
  <exclusive>
   no
  </exclusive>
  <sporty>
   no
  </sporty>
 </clothing>
 <clothing>
  <id>
   947474828
  </id>
  <name>
   Addidas Pants D-7730
  </name>
  <category>
   Pants
  </category>
  <size>
   S
  </size>
  <color>
   Желтый
  </color>
  <material>
   Кожа
  </material>
  <price>
   936626
  </price>
  <rating>
   3.22
  </rating>
  <reviews>
   794919
  </reviews>
  <new>
   +
  </new>
  <exclusive>
   yes
  </exclusive>
 </clothing>
 <clothing>
  <id>
   798723238
  </id>
  <name>
   Vans Pants G-1644
  </name>
  <category>
   Pants
  </category>
  <size>
   L
  </size>
  <color>
   Фиолетовый
  </color>
  <material>
   Вискоза
  </material>
  <price>
   666371
  </price>
  <rating>
   1.74
  </rating>
  <reviews>
   207496
  </reviews>
  <exclusive>
   yes
  </exclusive>
 </clothing>
 <clothing>
  <id>
   131195049
  </id>
  <name>
   Converse Sweater E-9052
  </name>
  <category>
   Sweater
  </category>
  <size>
   L
  </size>
  <color>
   Оранжевый
  </color>
  <material>
   Хлопок
  </material>
  <price>
   806889
  </price>
  <rating>
   1.35
  </rating>
  <reviews>
   548572
  </reviews>
  <exclusive>
   yes
  </exclusive>
  <sporty>
   no
  </sporty>
 </clothing>
 <clothing>
  <id>
   358209924
  </id>
  <name>
   Reebok Skirt X-5149
  </name>
  <category>
   Skirt
  </category>
  <size>
   S
  </size>
  <color>
   Зеленый
  </color>
  <material>
   Хлопок
  </material>
  <price>
   186243
  </price>
  <rating>
   2.41
  </rating>
  <reviews>
   53593
  </reviews>
  <new>
   -
  </new>
  <exclusive>
   no
  </exclusive>
  <sporty>
   no
  </sporty>
 </clothing>
 <clothing>
  <id>
   198532793
  </id>
  <name>
   Reebok Skirt L-1219
  </name>
  <category>
   Skirt
  </category>
  <size>
   L
  </size>
  <color>
   Зеленый
  </color>
  <material>
   Хлопок
  </material>
  <price>
   440208
  </price>
  <rating>
   1.65
  </rating>
  <reviews>
   423010
  </reviews>
  <new>
   +
  </new>
  <exclusive>
   no
  </exclusive>
 </clothing>
 <clothing>
  <id>
   673346127
  </id>
  <name>
   PleinSport Gloves J-6435
  </name>
  <category>
   Gloves
  </category>
  <size>
   L
  </size>
  <color>
   Фиолетовый
  </color>
  <material>
   Кожа
  </material>
  <price>
   104015
  </price>
  <rating>
   3.7
  </rating>
  <reviews>
   700378
  </reviews>
  <new>
   +
  </new>
  <exclusive>
   no
  </exclusive>
 </clothing>
 <clothing>
  <id>
   378228015
  </id>
  <name>
   Vans Jeans X-4306
  </name>
  <category>
   Jeans
  </category>
  <size>
   XL
  </size>
  <color>
   Красный
  </color>
  <material>
   Шерсть
  </material>
  <price>
   757117
  </price>
  <rating>
   4.16
  </rating>
  <reviews>
   311537
  </reviews>
  <new>
   -
  </new>
  <exclusive>
   no
  </exclusive>
 </clothing>
 <clothing>
  <id>
   431295921
  </id>
  <name>
   Reebok Shirt I-9351
  </name>
  <category>
   Shirt
  </category>
  <size>
   XXL
  </size>
  <color>
   Голубой
  </color>
  <material>
   Кожа
  </material>
  <price>
   195613
  </price>
  <rating>
   1.95
  </rating>
  <reviews>
   258665
  </reviews>
  <exclusive>
   yes
  </exclusive>
  <sporty>
   no
  </sporty>
 </clothing>
 <clothing>
  <id>
   399644311
  </id>
  <name>
   Under Armour T-shirt C-9910
  </name>
  <category>
   T-shirt
  </category>
  <size>
   M
  </size>
  <color>
   Голубой
  </color>
  <material>
   Шерсть
  </material>
  <price>
   503076
  </price>
  <rating>
   1.83
  </rating>
  <reviews>
   250425
  </reviews>
  <new>
   -
  </new>
  <exclusive>
   yes
  </exclusive>
 </clothing>
 <clothing>
  <id>
   436305026
  </id>
  <name>
   Converse Dress T-5787
  </name>
  <category>
   Dress
  </category>
  <size>
   XXL
  </size>
  <color>
   Синий
  </color>
  <material>
   Шерсть
  </material>
  <price>
   608311
  </price>
  <rating>
   3.53
  </rating>
  <reviews>
   492920
  </reviews>
  <new>
   +
  </new>
  <exclusive>
   no
  </exclusive>
 </clothing>
 <clothing>
  <id>
   803982753
  </id>
  <name>
   New Balance Skirt P-2657
  </name>
  <category>
   Skirt
  </category>
  <size>
   M
  </size>
  <color>
   Красный
  </color>
  <material>
   Лен
  </material>
  <price>
   433751
  </price>
  <rating>
   3.99
  </rating>
  <reviews>
   475330
  </reviews>
  <exclusive>
   yes
  </exclusive>
 </clothing>
 <clothing>
  <id>
   201399633
  </id>
  <name>
   Addidas Shirt J-5810
  </name>
  <category>
   Shirt
  </category>
  <size>
   XXL
  </size>
  <color>
   Фиолетовый
  </color>
  <material>
   Лен
  </material>
  <price>
   308338
  </price>
  <rating>
   2.2
  </rating>
  <reviews>
   440746
  </reviews>
  <exclusive>
   no
  </exclusive>
 </clothing>
 <clothing>
  <id>
   970862140
  </id>
  <name>
   PleinSport Hat Y-2854
  </name>
  <category>
   Hat
  </category>
  <size>
   M
  </size>
  <color>
   Синий
  </color>
  <material>
   Вискоза
  </material>
  <price>
   727850
  </price>
  <rating>
   4.2
  </rating>
  <reviews>
   46412
  </reviews>
  <new>
   +
  </new>
  <exclusive>
   no
  </exclusive>
  <sporty>
   no
  </sporty>
 </clothing>
 <clothing>
  <id>
   990313666
  </id>
  <name>
   Fila Shoes R-9020
  </name>
  <category>
   Shoes
  </category>
  <size>
   L
  </size>
  <color>
   Синий
  </color>
  <material>
   Вискоза
  </material>
  <price>
   542043
  </price>
  <rating>
   1.77
  </rating>
  <reviews>
   243714
  </reviews>
  <new>
   -
  </new>
  <sporty>
   no
  </sporty>
 </clothing>
 <clothing>
  <id>
   274614981
  </id>
  <name>
   Under Armour Shirt C-3789
  </name>
  <category>
   Shirt
  </category>
  <size>
   S
  </size>
  <color>
   Красный
  </color>
  <material>
   Хлопок
  </material>
  <price>
   867706
  </price>
  <rating>
   1.02
  </rating>
  <reviews>
   920149
  </reviews>
  <new>
   +
  </new>
  <exclusive>
   yes
  </exclusive>
  <sporty>
   no
  </sporty>
 </clothing>
 <clothing>
  <id>
   233774999
  </id>
  <name>
   Asics Jeans W-5176
  </name>
  <category>
   Jeans
  </category>
  <size>
   XL
  </size>
  <color>
   Оранжевый
  </color>
  <material>
   Полиэстер
  </material>
  <price>
   489125
  </price>
  <rating>
   1.02
  </rating>
  <reviews>
   358147
  </reviews>
  <new>
   -
  </new>
  <exclusive>
   yes
  </exclusive>
 </clothing>
 <clothing>
  <id>
   523779894
  </id>
  <name>
   Adidas Jacket G-2722
  </name>
  <category>
   Jacket
  </category>
  <size>
   M
  </size>
  <color>
   Синий
  </color>
  <material>
   Шелк
  </material>
  <price>
   553913
  </price>
  <rating>
   3.69
  </rating>
  <reviews>
   87825
  </reviews>
 </clothing>
 <clothing>
  <id>
   540849535
  </id>
  <name>
   Brooks Pants P-2252
  </name>
  <category>
   Pants
  </category>
  <size>
   M
  </size>
  <color>
   Фиолетовый
  </color>
  <material>
   Лен
  </material>
  <price>
   101296
  </price>
  <rating>
   4.94
  </rating>
  <reviews>
   314220
  </reviews>
  <new>
   -
  </new>
  <exclusive>
   yes
  </exclusive>
 </clothing>
 <clothing>
  <id>
   589119977
  </id>
  <name>
   Reebok Blouse D-7785
  </name>
  <category>
   Blouse
  </category>
  <size>
   S
  </size>
  <color>
   Оранжевый
  </color>
  <material>
   Шелк
  </material>
  <price>
   408685
  </price>
  <rating>
   4.21
  </rating>
  <reviews>
   261805
  </reviews>
  <new>
   -
  </new>
 </clothing>
 <clothing>
  <id>
   742539154
  </id>
  <name>
   New Balance Shoes A-6600
  </name>
  <category>
   Shoes
  </category>
  <size>
   L
  </size>
  <color>
   Фиолетовый
  </color>
  <material>
   Лен
  </material>
  <price>
   936333
  </price>
  <rating>
   1.88
  </rating>
  <reviews>
   490218
  </reviews>
  <new>
   -
  </new>
  <exclusive>
   yes
  </exclusive>
 </clothing>
 <clothing>
  <id>
   131627738
  </id>
  <name>
   Addidas Gloves K-3314
  </name>
  <category>
   Gloves
  </category>
  <size>
   XXL
  </size>
  <color>
   Синий
  </color>
  <material>
   Шерсть
  </material>
  <price>
   858080
  </price>
  <rating>
   4.81
  </rating>
  <reviews>
   466445
  </reviews>
  <new>
   +
  </new>
  <exclusive>
   yes
  </exclusive>
 </clothing>
 <clothing>
  <id>
   722276291
  </id>
  <name>
   Nike Skirt N-8210
  </name>
  <category>
   Skirt
  </category>
  <size>
   L
  </size>
  <color>
   Красный
  </color>
  <material>
   Шелк
  </material>
  <price>
   847036
  </price>
  <rating>
   4.07
  </rating>
  <reviews>
   240658
  </reviews>
  <new>
   +
  </new>
  <sporty>
   yes
  </sporty>
 </clothing>
 <clothing>
  <id>
   834680117
  </id>
  <name>
   PleinSport Shoes N-2640
  </name>
  <category>
   Shoes
  </category>
  <size>
   L
  </size>
  <color>
   Оранжевый
  </color>
  <material>
   Вискоза
  </material>
  <price>
   786333
  </price>
  <rating>
   4.58
  </rating>
  <reviews>
   934253
  </reviews>
  <exclusive>
   no
  </exclusive>
  <sporty>
   no
  </sporty>
 </clothing>
 <clothing>
  <id>
   666465129
  </id>
  <name>
   PleinSport Belts Y-2913
  </name>
  <category>
   Belts
  </category>
  <size>
   S
  </size>
  <color>
   Синий
  </color>
  <material>
   Хлопок
  </material>
  <price>
   632951
  </price>
  <rating>
   3.0
  </rating>
  <reviews>
   812828
  </reviews>
  <new>
   -
  </new>
  <sporty>
   no
  </sporty>
 </clothing>
</clothing-items>
