<?xml version="1.0" encoding="utf-8"?>
<clothing-items>
 <clothing>
  <id>
   502420525
  </id>
  <name>
   Brooks Shirt N-5902
  </name>
  <category>
   Shirt
  </category>
  <size>
   XXL
  </size>
  <color>
   Голубой
  </color>
  <material>
   Кожа
  </material>
  <price>
   995604
  </price>
  <rating>
   1.12
  </rating>
  <reviews>
   787390
  </reviews>
  <exclusive>
   no
  </exclusive>
 </clothing>
 <clothing>
  <id>
   365960732
  </id>
  <name>
   Addidas Handbags E-6138
  </name>
  <category>
   Handbags
  </category>
  <size>
   L
  </size>
  <color>
   Голубой
  </color>
  <material>
   Вискоза
  </material>
  <price>
   169123
  </price>
  <rating>
   3.18
  </rating>
  <reviews>
   660958
  </reviews>
  <new>
   +
  </new>
  <exclusive>
   no
  </exclusive>
  <sporty>
   no
  </sporty>
 </clothing>
 <clothing>
  <id>
   141415186
  </id>
  <name>
   Nike Belts Q-7202
  </name>
  <category>
   Belts
  </category>
  <size>
   L
  </size>
  <color>
   Зеленый
  </color>
  <material>
   Шелк
  </material>
  <price>
   901750
  </price>
  <rating>
   1.58
  </rating>
  <reviews>
   420508
  </reviews>
  <exclusive>
   no
  </exclusive>
 </clothing>
 <clothing>
  <id>
   201909779
  </id>
  <name>
   Asics Blouse L-4497
  </name>
  <category>
   Blouse
  </category>
  <size>
   L
  </size>
  <color>
   Оранжевый
  </color>
  <material>
   Нейлон
  </material>
  <price>
   477211
  </price>
  <rating>
   4.52
  </rating>
  <reviews>
   367212
  </reviews>
  <sporty>
   no
  </sporty>
 </clothing>
 <clothing>
  <id>
   665712628
  </id>
  <name>
   Ellesse Gloves Z-8765
  </name>
  <category>
   Gloves
  </category>
  <size>
   S
  </size>
  <color>
   Голубой
  </color>
  <material>
   Кожа
  </material>
  <price>
   647457
  </price>
  <rating>
   1.39
  </rating>
  <reviews>
   934009
  </reviews>
  <new>
   -
  </new>
 </clothing>
 <clothing>
  <id>
   721504811
  </id>
  <name>
   PleinSport Dress H-7915
  </name>
  <category>
   Dress
  </category>
  <size>
   M
  </size>
  <color>
   Фиолетовый
  </color>
  <material>
   Полиэстер
  </material>
  <price>
   579044
  </price>
  <rating>
   3.36
  </rating>
  <reviews>
   189435
  </reviews>
  <new>
   +
  </new>
  <sporty>
   no
  </sporty>
 </clothing>
 <clothing>
  <id>
   173722496
  </id>
  <name>
   Brooks Dress W-4246
  </name>
  <category>
   Dress
  </category>
  <size>
   S
  </size>
  <color>
   Зеленый
  </color>
  <material>
   Полиэстер
  </material>
  <price>
   265538
  </price>
  <rating>
   3.03
  </rating>
  <reviews>
   961382
  </reviews>
  <new>
   -
  </new>
  <exclusive>
   yes
  </exclusive>
 </clothing>
 <clothing>
  <id>
   334698254
  </id>
  <name>
   Fila Hat J-9901
  </name>
  <category>
   Hat
  </category>
  <size>
   S
  </size>
  <color>
   Оранжевый
  </color>
  <material>
   Кожа
  </material>
  <price>
   765914
  </price>
  <rating>
   4.26
  </rating>
  <reviews>
   643593
  </reviews>
 </clothing>
 <clothing>
  <id>
   118889950
  </id>
  <name>
   PleinSport Sweater X-5428
  </name>
  <category>
   Sweater
  </category>
  <size>
   S
  </size>
  <color>
   Фиолетовый
  </color>
  <material>
   Хлопок
  </material>
  <price>
   465037
  </price>
  <rating>
   3.91
  </rating>
  <reviews>
   45648
  </reviews>
  <new>
   +
  </new>
  <sporty>
   no
  </sporty>
 </clothing>
 <clothing>
  <id>
   325986925
  </id>
  <name>
   New Balance T-shirt E-7750
  </name>
  <category>
   T-shirt
  </category>
  <size>
   XXL
  </size>
  <color>
   Желтый
  </color>
  <material>
   Шерсть
  </material>
  <price>
   281939
  </price>
  <rating>
   1.95
  </rating>
  <reviews>
   86893
  </reviews>
  <new>
   -
  </new>
  <sporty>
   yes
  </sporty>
 </clothing>
 <clothing>
  <id>
   978763564
  </id>
  <name>
   Lacoste Dress Q-9450
  </name>
  <category>
   Dress
  </category>
  <size>
   L
  </size>
  <color>
   Голубой
  </color>
  <material>
   Нейлон
  </material>
  <price>
   601689
  </price>
  <rating>
   4.05
  </rating>
  <reviews>
   810472
  </reviews>
  <new>
   +
  </new>
  <sporty>
   no
  </sporty>
 </clothing>
 <clothing>
  <id>
   957064355
  </id>
  <name>
   Lacoste Shoes N-9645
  </name>
  <category>
   Shoes
  </category>
  <size>
   XL
  </size>
  <color>
   Голубой
  </color>
  <material>
   Полиэстер
  </material>
  <price>
   609176
  </price>
  <rating>
   1.56
  </rating>
  <reviews>
   847152
  </reviews>
  <new>
   +
  </new>
 </clothing>
 <clothing>
  <id>
   357664521
  </id>
  <name>
   Fila Gloves A-8331
  </name>
  <category>
   Gloves
  </category>
  <size>
   XXL
  </size>
  <color>
   Синий
  </color>
  <material>
   Хлопок
  </material>
  <price>
   991075
  </price>
  <rating>
   2.7
  </rating>
  <reviews>
   784128
  </reviews>
  <exclusive>
   no
  </exclusive>
  <sporty>
   no
  </sporty>
 </clothing>
 <clothing>
  <id>
   718098934
  </id>
  <name>
   Addidas Shirt T-9060
  </name>
  <category>
   Shirt
  </category>
  <size>
   S
  </size>
  <color>
   Голубой
  </color>
  <material>
   Вискоза
  </material>
  <price>
   986310
  </price>
  <rating>
   4.28
  </rating>
  <reviews>
   66355
  </reviews>
  <sporty>
   no
  </sporty>
 </clothing>
 <clothing>
  <id>
   593716499
  </id>
  <name>
   Reebok Shoes G-9421
  </name>
  <category>
   Shoes
  </category>
  <size>
   XL
  </size>
  <color>
   Желтый
  </color>
  <material>
   Кожа
  </material>
  <price>
   121054
  </price>
  <rating>
   4.43
  </rating>
  <reviews>
   966890
  </reviews>
  <sporty>
   no
  </sporty>
 </clothing>
 <clothing>
  <id>
   607717696
  </id>
  <name>
   DC Jacket U-5564
  </name>
  <category>
   Jacket
  </category>
  <size>
   XL
  </size>
  <color>
   Синий
  </color>
  <material>
   Лен
  </material>
  <price>
   570109
  </price>
  <rating>
   4.8
  </rating>
  <reviews>
   31041
  </reviews>
 </clothing>
 <clothing>
  <id>
   712273012
  </id>
  <name>
   Under Armour Gloves F-1329
  </name>
  <category>
   Gloves
  </category>
  <size>
   XL
  </size>
  <color>
   Желтый
  </color>
  <material>
   Нейлон
  </material>
  <price>
   542895
  </price>
  <rating>
   1.78
  </rating>
  <reviews>
   171962
  </reviews>
  <new>
   -
  </new>
  <sporty>
   yes
  </sporty>
 </clothing>
 <clothing>
  <id>
   406928274
  </id>
  <name>
   Converse Sweater P-4294
  </name>
  <category>
   Sweater
  </category>
  <size>
   XXL
  </size>
  <color>
   Красный
  </color>
  <material>
   Хлопок
  </material>
  <price>
   810923
  </price>
  <rating>
   1.06
  </rating>
  <reviews>
   339987
  </reviews>
  <new>
   +
  </new>
  <sporty>
   no
  </sporty>
 </clothing>
 <clothing>
  <id>
   470080130
  </id>
  <name>
   Addidas Handbags Z-9051
  </name>
  <category>
   Handbags
  </category>
  <size>
   XXL
  </size>
  <color>
   Голубой
  </color>
  <material>
   Кожа
  </material>
  <price>
   429875
  </price>
  <rating>
   2.26
  </rating>
  <reviews>
   635684
  </reviews>
  <new>
   +
  </new>
  <exclusive>
   no
  </exclusive>
 </clothing>
 <clothing>
  <id>
   246625499
  </id>
  <name>
   Adidas Jacket I-9752
  </name>
  <category>
   Jacket
  </category>
  <size>
   L
  </size>
  <color>
   Желтый
  </color>
  <material>
   Нейлон
  </material>
  <price>
   854634
  </price>
  <rating>
   4.94
  </rating>
  <reviews>
   361446
  </reviews>
  <sporty>
   yes
  </sporty>
 </clothing>
 <clothing>
  <id>
   971207385
  </id>
  <name>
   Vans Sweater S-7197
  </name>
  <category>
   Sweater
  </category>
  <size>
   XXL
  </size>
  <color>
   Красный
  </color>
  <material>
   Шелк
  </material>
  <price>
   729096
  </price>
  <rating>
   2.49
  </rating>
  <reviews>
   647726
  </reviews>
  <sporty>
   yes
  </sporty>
 </clothing>
 <clothing>
  <id>
   631196876
  </id>
  <name>
   New Balance Umbrellas X-5398
  </name>
  <category>
   Umbrellas
  </category>
  <size>
   S
  </size>
  <color>
   Фиолетовый
  </color>
  <material>
   Хлопок
  </material>
  <price>
   509861
  </price>
  <rating>
   3.95
  </rating>
  <reviews>
   17121
  </reviews>
  <new>
   -
  </new>
  <exclusive>
   yes
  </exclusive>
 </clothing>
 <clothing>
  <id>
   407719184
  </id>
  <name>
   Addidas Hat W-5070
  </name>
  <category>
   Hat
  </category>
  <size>
   S
  </size>
  <color>
   Голубой
  </color>
  <material>
   Хлопок
  </material>
  <price>
   293410
  </price>
  <rating>
   2.09
  </rating>
  <reviews>
   102087
  </reviews>
  <exclusive>
   no
  </exclusive>
  <sporty>
   no
  </sporty>
 </clothing>
 <clothing>
  <id>
   313844852
  </id>
  <name>
   Puma Jacket F-2352
  </name>
  <category>
   Jacket
  </category>
  <size>
   M
  </size>
  <color>
   Голубой
  </color>
  <material>
   Вискоза
  </material>
  <price>
   115401
  </price>
  <rating>
   3.02
  </rating>
  <reviews>
   522657
  </reviews>
  <exclusive>
   no
  </exclusive>
  <sporty>
   no
  </sporty>
 </clothing>
 <clothing>
  <id>
   631851593
  </id>
  <name>
   Asics Shirt V-8982
  </name>
  <category>
   Shirt
  </category>
  <size>
   L
  </size>
  <color>
   Голубой
  </color>
  <material>
   Полиэстер
  </material>
  <price>
   312882
  </price>
  <rating>
   3.94
  </rating>
  <reviews>
   966176
  </reviews>
 </clothing>
 <clothing>
  <id>
   305144884
  </id>
  <name>
   Vans Shoes H-2684
  </name>
  <category>
   Shoes
  </category>
  <size>
   XXL
  </size>
  <color>
   Зеленый
  </color>
  <material>
   Полиэстер
  </material>
  <price>
   890660
  </price>
  <rating>
   3.21
  </rating>
  <reviews>
   80361
  </reviews>
  <exclusive>
   yes
  </exclusive>
 </clothing>
 <clothing>
  <id>
   815634616
  </id>
  <name>
   Brooks Hat C-3322
  </name>
  <category>
   Hat
  </category>
  <size>
   L
  </size>
  <color>
   Фиолетовый
  </color>
  <material>
   Кожа
  </material>
  <price>
   854548
  </price>
  <rating>
   4.65
  </rating>
  <reviews>
   513685
  </reviews>
  <exclusive>
   no
  </exclusive>
  <sporty>
   no
  </sporty>
 </clothing>
 <clothing>
  <id>
   754618669
  </id>
  <name>
   Lacoste Dress G-6322
  </name>
  <category>
   Dress
  </category>
  <size>
   L
  </size>
  <color>
   Фиолетовый
  </color>
  <material>
   Полиэстер
  </material>
  <price>
   191019
  </price>
  <rating>
   4.02
  </rating>
  <reviews>
   100432
  </reviews>
  <new>
   +
  </new>
  <exclusive>
   yes
  </exclusive>
  <sporty>
   yes
  </sporty>
 </clothing>
 <clothing>
  <id>
   908629300
  </id>
  <name>
   Fila Shirt N-7295
  </name>
  <category>
   Shirt
  </category>
  <size>
   S
  </size>
  <color>
   Зеленый
  </color>
  <material>
   Шелк
  </material>
  <price>
   233817
  </price>
  <rating>
   3.92
  </rating>
  <reviews>
   999384
  </reviews>
  <new>
   +
  </new>
  <exclusive>
   yes
  </exclusive>
  <sporty>
   no
  </sporty>
 </clothing>
 <clothing>
  <id>
   741056902
  </id>
  <name>
   Brooks Sweater J-1217
  </name>
  <category>
   Sweater
  </category>
  <size>
   XL
  </size>
  <color>
   Красный
  </color>
  <material>
   Шелк
  </material>
  <price>
   889276
  </price>
  <rating>
   3.08
  </rating>
  <reviews>
   103463
  </reviews>
  <new>
   -
  </new>
  <sporty>
   no
  </sporty>
 </clothing>
 <clothing>
  <id>
   139197207
  </id>
  <name>
   Asics Hat N-8071
  </name>
  <category>
   Hat
  </category>
  <size>
   XL
  </size>
  <color>
   Желтый
  </color>
  <material>
   Шелк
  </material>
  <price>
   940078
  </price>
  <rating>
   3.67
  </rating>
  <reviews>
   634827
  </reviews>
 </clothing>
 <clothing>
  <id>
   564793182
  </id>
  <name>
   New Balance Blouse T-4375
  </name>
  <category>
   Blouse
  </category>
  <size>
   L
  </size>
  <color>
   Фиолетовый
  </color>
  <material>
   Полиэстер
  </material>
  <price>
   470319
  </price>
  <rating>
   3.63
  </rating>
  <reviews>
   599542
  </reviews>
  <new>
   -
  </new>
  <exclusive>
   yes
  </exclusive>
 </clothing>
 <clothing>
  <id>
   198011531
  </id>
  <name>
   Lacoste Umbrellas C-1430
  </name>
  <category>
   Umbrellas
  </category>
  <size>
   S
  </size>
  <color>
   Оранжевый
  </color>
  <material>
   Полиэстер
  </material>
  <price>
   516765
  </price>
  <rating>
   1.83
  </rating>
  <reviews>
   349271
  </reviews>
  <new>
   +
  </new>
  <exclusive>
   no
  </exclusive>
  <sporty>
   no
  </sporty>
 </clothing>
 <clothing>
  <id>
   728632879
  </id>
  <name>
   DC Jeans B-7292
  </name>
  <category>
   Jeans
  </category>
  <size>
   M
  </size>
  <color>
   Оранжевый
  </color>
  <material>
   Шерсть
  </material>
  <price>
   478265
  </price>
  <rating>
   3.17
  </rating>
  <reviews>
   736754
  </reviews>
  <new>
   -
  </new>
  <sporty>
   no
  </sporty>
 </clothing>
 <clothing>
  <id>
   876460875
  </id>
  <name>
   Vans Sweater D-9016
  </name>
  <category>
   Sweater
  </category>
  <size>
   S
  </size>
  <color>
   Синий
  </color>
  <material>
   Лен
  </material>
  <price>
   408763
  </price>
  <rating>
   1.84
  </rating>
  <reviews>
   370753
  </reviews>
  <new>
   -
  </new>
  <exclusive>
   yes
  </exclusive>
 </clothing>
 <clothing>
  <id>
   213014455
  </id>
  <name>
   Adidas Hat U-8868
  </name>
  <category>
   Hat
  </category>
  <size>
   XL
  </size>
  <color>
   Фиолетовый
  </color>
  <material>
   Лен
  </material>
  <price>
   524239
  </price>
  <rating>
   1.7
  </rating>
  <reviews>
   383069
  </reviews>
  <exclusive>
   yes
  </exclusive>
  <sporty>
   no
  </sporty>
 </clothing>
 <clothing>
  <id>
   980396946
  </id>
  <name>
   Ellesse Socks G-8093
  </name>
  <category>
   Socks
  </category>
  <size>
   S
  </size>
  <color>
   Зеленый
  </color>
  <material>
   Шерсть
  </material>
  <price>
   469854
  </price>
  <rating>
   4.59
  </rating>
  <reviews>
   379486
  </reviews>
 </clothing>
 <clothing>
  <id>
   134794524
  </id>
  <name>
   Puma Belts U-5079
  </name>
  <category>
   Belts
  </category>
  <size>
   S
  </size>
  <color>
   Желтый
  </color>
  <material>
   Хлопок
  </material>
  <price>
   969211
  </price>
  <rating>
   3.34
  </rating>
  <reviews>
   429453
  </reviews>
  <new>
   +
  </new>
  <exclusive>
   no
  </exclusive>
 </clothing>
</clothing-items>
