<?xml version="1.0" encoding="utf-8"?>
<clothing-items>
 <clothing>
  <id>
   693709570
  </id>
  <name>
   Brooks Pants E-5333
  </name>
  <category>
   Pants
  </category>
  <size>
   M
  </size>
  <color>
   Голубой
  </color>
  <material>
   Хлопок
  </material>
  <price>
   907577
  </price>
  <rating>
   4.72
  </rating>
  <reviews>
   466154
  </reviews>
  <new>
   -
  </new>
  <exclusive>
   no
  </exclusive>
 </clothing>
 <clothing>
  <id>
   440587766
  </id>
  <name>
   Reebok Shirt P-1007
  </name>
  <category>
   Shirt
  </category>
  <size>
   L
  </size>
  <color>
   Зеленый
  </color>
  <material>
   Нейлон
  </material>
  <price>
   607945
  </price>
  <rating>
   1.6
  </rating>
  <reviews>
   577478
  </reviews>
  <new>
   -
  </new>
 </clothing>
 <clothing>
  <id>
   971485199
  </id>
  <name>
   Adidas Gloves B-9777
  </name>
  <category>
   Gloves
  </category>
  <size>
   S
  </size>
  <color>
   Красный
  </color>
  <material>
   Шерсть
  </material>
  <price>
   275884
  </price>
  <rating>
   2.06
  </rating>
  <reviews>
   42036
  </reviews>
  <exclusive>
   yes
  </exclusive>
  <sporty>
   no
  </sporty>
 </clothing>
 <clothing>
  <id>
   512212850
  </id>
  <name>
   PleinSport Sweater U-3146
  </name>
  <category>
   Sweater
  </category>
  <size>
   XXL
  </size>
  <color>
   Фиолетовый
  </color>
  <material>
   Шелк
  </material>
  <price>
   179259
  </price>
  <rating>
   4.16
  </rating>
  <reviews>
   156246
  </reviews>
  <sporty>
   no
  </sporty>
 </clothing>
 <clothing>
  <id>
   219174078
  </id>
  <name>
   Nike Skirt A-9741
  </name>
  <category>
   Skirt
  </category>
  <size>
   M
  </size>
  <color>
   Красный
  </color>
  <material>
   Хлопок
  </material>
  <price>
   856930
  </price>
  <rating>
   4.39
  </rating>
  <reviews>
   706103
  </reviews>
  <new>
   +
  </new>
  <exclusive>
   yes
  </exclusive>
 </clothing>
 <clothing>
  <id>
   395616089
  </id>
  <name>
   Reebok Shirt I-1751
  </name>
  <category>
   Shirt
  </category>
  <size>
   L
  </size>
  <color>
   Голубой
  </color>
  <material>
   Полиэстер
  </material>
  <price>
   891541
  </price>
  <rating>
   2.31
  </rating>
  <reviews>
   450696
  </reviews>
  <exclusive>
   yes
  </exclusive>
  <sporty>
   no
  </sporty>
 </clothing>
 <clothing>
  <id>
   853641978
  </id>
  <name>
   Converse Shirt P-2134
  </name>
  <category>
   Shirt
  </category>
  <size>
   XL
  </size>
  <color>
   Красный
  </color>
  <material>
   Лен
  </material>
  <price>
   551611
  </price>
  <rating>
   1.45
  </rating>
  <reviews>
   888536
  </reviews>
  <new>
   +
  </new>
  <sporty>
   yes
  </sporty>
 </clothing>
 <clothing>
  <id>
   566744731
  </id>
  <name>
   Adidas Jacket R-4008
  </name>
  <category>
   Jacket
  </category>
  <size>
   XL
  </size>
  <color>
   Желтый
  </color>
  <material>
   Полиэстер
  </material>
  <price>
   296577
  </price>
  <rating>
   3.87
  </rating>
  <reviews>
   168814
  </reviews>
  <exclusive>
   no
  </exclusive>
  <sporty>
   no
  </sporty>
 </clothing>
 <clothing>
  <id>
   472219869
  </id>
  <name>
   Adidas T-shirt F-6073
  </name>
  <category>
   T-shirt
  </category>
  <size>
   XL
  </size>
  <color>
   Красный
  </color>
  <material>
   Кожа
  </material>
  <price>
   468112
  </price>
  <rating>
   1.39
  </rating>
  <reviews>
   534621
  </reviews>
  <new>
   +
  </new>
  <exclusive>
   no
  </exclusive>
  <sporty>
   yes
  </sporty>
 </clothing>
 <clothing>
  <id>
   905518635
  </id>
  <name>
   Puma Belts X-2743
  </name>
  <category>
   Belts
  </category>
  <size>
   XL
  </size>
  <color>
   Голубой
  </color>
  <material>
   Вискоза
  </material>
  <price>
   644453
  </price>
  <rating>
   4.5
  </rating>
  <reviews>
   434525
  </reviews>
  <exclusive>
   yes
  </exclusive>
  <sporty>
   no
  </sporty>
 </clothing>
 <clothing>
  <id>
   774061739
  </id>
  <name>
   Puma Shirt O-5963
  </name>
  <category>
   Shirt
  </category>
  <size>
   XXL
  </size>
  <color>
   Фиолетовый
  </color>
  <material>
   Полиэстер
  </material>
  <price>
   230293
  </price>
  <rating>
   1.09
  </rating>
  <reviews>
   722103
  </reviews>
  <new>
   +
  </new>
 </clothing>
 <clothing>
  <id>
   502821515
  </id>
  <name>
   DC Pants K-2916
  </name>
  <category>
   Pants
  </category>
  <size>
   M
  </size>
  <color>
   Синий
  </color>
  <material>
   Кожа
  </material>
  <price>
   447260
  </price>
  <rating>
   2.11
  </rating>
  <reviews>
   627523
  </reviews>
  <exclusive>
   no
  </exclusive>
  <sporty>
   no
  </sporty>
 </clothing>
 <clothing>
  <id>
   918638729
  </id>
  <name>
   Converse Jeans T-2532
  </name>
  <category>
   Jeans
  </category>
  <size>
   L
  </size>
  <color>
   Красный
  </color>
  <material>
   Кожа
  </material>
  <price>
   770633
  </price>
  <rating>
   2.04
  </rating>
  <reviews>
   890742
  </reviews>
  <new>
   +
  </new>
  <exclusive>
   no
  </exclusive>
 </clothing>
 <clothing>
  <id>
   147029033
  </id>
  <name>
   Asics Socks Z-1195
  </name>
  <category>
   Socks
  </category>
  <size>
   L
  </size>
  <color>
   Фиолетовый
  </color>
  <material>
   Кожа
  </material>
  <price>
   382596
  </price>
  <rating>
   4.34
  </rating>
  <reviews>
   180343
  </reviews>
  <new>
   +
  </new>
  <exclusive>
   no
  </exclusive>
  <sporty>
   no
  </sporty>
 </clothing>
 <clothing>
  <id>
   786750969
  </id>
  <name>
   Adidas Blouse I-6129
  </name>
  <category>
   Blouse
  </category>
  <size>
   L
  </size>
  <color>
   Оранжевый
  </color>
  <material>
   Вискоза
  </material>
  <price>
   547061
  </price>
  <rating>
   4.22
  </rating>
  <reviews>
   92531
  </reviews>
  <exclusive>
   no
  </exclusive>
 </clothing>
 <clothing>
  <id>
   401211723
  </id>
  <name>
   Fila Shoes R-6536
  </name>
  <category>
   Shoes
  </category>
  <size>
   L
  </size>
  <color>
   Синий
  </color>
  <material>
   Хлопок
  </material>
  <price>
   982249
  </price>
  <rating>
   4.12
  </rating>
  <reviews>
   841384
  </reviews>
  <new>
   -
  </new>
  <exclusive>
   no
  </exclusive>
  <sporty>
   no
  </sporty>
 </clothing>
 <clothing>
  <id>
   754775167
  </id>
  <name>
   Fila Hat K-6360
  </name>
  <category>
   Hat
  </category>
  <size>
   L
  </size>
  <color>
   Голубой
  </color>
  <material>
   Лен
  </material>
  <price>
   810702
  </price>
  <rating>
   1.8
  </rating>
  <reviews>
   736851
  </reviews>
  <new>
   -
  </new>
  <sporty>
   no
  </sporty>
 </clothing>
 <clothing>
  <id>
   855557338
  </id>
  <name>
   Under Armour Hat A-7814
  </name>
  <category>
   Hat
  </category>
  <size>
   XL
  </size>
  <color>
   Голубой
  </color>
  <material>
   Лен
  </material>
  <price>
   103386
  </price>
  <rating>
   4.22
  </rating>
  <reviews>
   30844
  </reviews>
  <new>
   +
  </new>
 </clothing>
 <clothing>
  <id>
   261628938
  </id>
  <name>
   Ellesse Handbags C-5945
  </name>
  <category>
   Handbags
  </category>
  <size>
   XXL
  </size>
  <color>
   Синий
  </color>
  <material>
   Кожа
  </material>
  <price>
   239034
  </price>
  <rating>
   2.22
  </rating>
  <reviews>
   677920
  </reviews>
  <new>
   +
  </new>
 </clothing>
 <clothing>
  <id>
   372794564
  </id>
  <name>
   PleinSport T-shirt A-1056
  </name>
  <category>
   T-shirt
  </category>
  <size>
   XL
  </size>
  <color>
   Синий
  </color>
  <material>
   Нейлон
  </material>
  <price>
   291965
  </price>
  <rating>
   2.13
  </rating>
  <reviews>
   177167
  </reviews>
  <new>
   -
  </new>
  <sporty>
   no
  </sporty>
 </clothing>
 <clothing>
  <id>
   499744212
  </id>
  <name>
   Lacoste Sweater J-7589
  </name>
  <category>
   Sweater
  </category>
  <size>
   XL
  </size>
  <color>
   Оранжевый
  </color>
  <material>
   Нейлон
  </material>
  <price>
   750196
  </price>
  <rating>
   3.38
  </rating>
  <reviews>
   590771
  </reviews>
  <exclusive>
   no
  </exclusive>
 </clothing>
 <clothing>
  <id>
   610586524
  </id>
  <name>
   PleinSport Sweater Y-5901
  </name>
  <category>
   Sweater
  </category>
  <size>
   XXL
  </size>
  <color>
   Фиолетовый
  </color>
  <material>
   Нейлон
  </material>
  <price>
   726184
  </price>
  <rating>
   1.12
  </rating>
  <reviews>
   357695
  </reviews>
  <new>
   -
  </new>
  <sporty>
   no
  </sporty>
 </clothing>
 <clothing>
  <id>
   158210717
  </id>
  <name>
   Adidas Umbrellas V-4499
  </name>
  <category>
   Umbrellas
  </category>
  <size>
   S
  </size>
  <color>
   Красный
  </color>
  <material>
   Полиэстер
  </material>
  <price>
   329562
  </price>
  <rating>
   1.88
  </rating>
  <reviews>
   145317
  </reviews>
 </clothing>
 <clothing>
  <id>
   588168126
  </id>
  <name>
   PleinSport Jacket F-7035
  </name>
  <category>
   Jacket
  </category>
  <size>
   XL
  </size>
  <color>
   Оранжевый
  </color>
  <material>
   Нейлон
  </material>
  <price>
   313752
  </price>
  <rating>
   4.51
  </rating>
  <reviews>
   972785
  </reviews>
 </clothing>
 <clothing>
  <id>
   248078955
  </id>
  <name>
   Asics Dress Z-9666
  </name>
  <category>
   Dress
  </category>
  <size>
   L
  </size>
  <color>
   Оранжевый
  </color>
  <material>
   Кожа
  </material>
  <price>
   243044
  </price>
  <rating>
   2.74
  </rating>
  <reviews>
   642796
  </reviews>
  <new>
   -
  </new>
  <exclusive>
   yes
  </exclusive>
 </clothing>
 <clothing>
  <id>
   383220981
  </id>
  <name>
   Adidas Gloves X-2942
  </name>
  <category>
   Gloves
  </category>
  <size>
   S
  </size>
  <color>
   Красный
  </color>
  <material>
   Хлопок
  </material>
  <price>
   915469
  </price>
  <rating>
   3.13
  </rating>
  <reviews>
   986043
  </reviews>
  <exclusive>
   no
  </exclusive>
  <sporty>
   no
  </sporty>
 </clothing>
 <clothing>
  <id>
   834110850
  </id>
  <name>
   Fila Socks A-3725
  </name>
  <category>
   Socks
  </category>
  <size>
   M
  </size>
  <color>
   Фиолетовый
  </color>
  <material>
   Полиэстер
  </material>
  <price>
   371146
  </price>
  <rating>
   2.63
  </rating>
  <reviews>
   684948
  </reviews>
  <new>
   -
  </new>
  <exclusive>
   yes
  </exclusive>
  <sporty>
   yes
  </sporty>
 </clothing>
 <clothing>
  <id>
   670610896
  </id>
  <name>
   Under Armour Umbrellas U-6198
  </name>
  <category>
   Umbrellas
  </category>
  <size>
   XL
  </size>
  <color>
   Зеленый
  </color>
  <material>
   Полиэстер
  </material>
  <price>
   776116
  </price>
  <rating>
   4.36
  </rating>
  <reviews>
   654084
  </reviews>
  <new>
   -
  </new>
  <exclusive>
   no
  </exclusive>
 </clothing>
 <clothing>
  <id>
   858597683
  </id>
  <name>
   Adidas Skirt L-1871
  </name>
  <category>
   Skirt
  </category>
  <size>
   M
  </size>
  <color>
   Зеленый
  </color>
  <material>
   Кожа
  </material>
  <price>
   273527
  </price>
  <rating>
   1.56
  </rating>
  <reviews>
   320819
  </reviews>
  <exclusive>
   yes
  </exclusive>
 </clothing>
 <clothing>
  <id>
   774726805
  </id>
  <name>
   Asics Sweater S-5460
  </name>
  <category>
   Sweater
  </category>
  <size>
   XXL
  </size>
  <color>
   Желтый
  </color>
  <material>
   Полиэстер
  </material>
  <price>
   956670
  </price>
  <rating>
   4.51
  </rating>
  <reviews>
   821016
  </reviews>
  <sporty>
   no
  </sporty>
 </clothing>
 <clothing>
  <id>
   314840597
  </id>
  <name>
   Ellesse Jacket A-2343
  </name>
  <category>
   Jacket
  </category>
  <size>
   L
  </size>
  <color>
   Фиолетовый
  </color>
  <material>
   Нейлон
  </material>
  <price>
   773434
  </price>
  <rating>
   2.68
  </rating>
  <reviews>
   35419
  </reviews>
  <new>
   -
  </new>
 </clothing>
 <clothing>
  <id>
   131259580
  </id>
  <name>
   Addidas Shirt Q-4196
  </name>
  <category>
   Shirt
  </category>
  <size>
   XXL
  </size>
  <color>
   Желтый
  </color>
  <material>
   Шелк
  </material>
  <price>
   523217
  </price>
  <rating>
   3.11
  </rating>
  <reviews>
   452568
  </reviews>
  <new>
   -
  </new>
  <sporty>
   yes
  </sporty>
 </clothing>
 <clothing>
  <id>
   774803581
  </id>
  <name>
   Fila Shoes H-5459
  </name>
  <category>
   Shoes
  </category>
  <size>
   L
  </size>
  <color>
   Голубой
  </color>
  <material>
   Полиэстер
  </material>
  <price>
   337045
  </price>
  <rating>
   4.4
  </rating>
  <reviews>
   294599
  </reviews>
  <new>
   -
  </new>
 </clothing>
 <clothing>
  <id>
   681048340
  </id>
  <name>
   Fila Belts Q-2187
  </name>
  <category>
   Belts
  </category>
  <size>
   XL
  </size>
  <color>
   Желтый
  </color>
  <material>
   Вискоза
  </material>
  <price>
   851037
  </price>
  <rating>
   3.14
  </rating>
  <reviews>
   251904
  </reviews>
  <exclusive>
   no
  </exclusive>
  <sporty>
   yes
  </sporty>
 </clothing>
 <clothing>
  <id>
   393222918
  </id>
  <name>
   Puma Umbrellas V-5032
  </name>
  <category>
   Umbrellas
  </category>
  <size>
   XL
  </size>
  <color>
   Синий
  </color>
  <material>
   Полиэстер
  </material>
  <price>
   407701
  </price>
  <rating>
   1.66
  </rating>
  <reviews>
   427462
  </reviews>
  <exclusive>
   no
  </exclusive>
  <sporty>
   yes
  </sporty>
 </clothing>
 <clothing>
  <id>
   755788667
  </id>
  <name>
   Reebok Belts H-4376
  </name>
  <category>
   Belts
  </category>
  <size>
   L
  </size>
  <color>
   Зеленый
  </color>
  <material>
   Лен
  </material>
  <price>
   749959
  </price>
  <rating>
   4.84
  </rating>
  <reviews>
   338526
  </reviews>
  <new>
   -
  </new>
  <exclusive>
   no
  </exclusive>
 </clothing>
 <clothing>
  <id>
   609539622
  </id>
  <name>
   Lacoste Umbrellas M-4372
  </name>
  <category>
   Umbrellas
  </category>
  <size>
   XL
  </size>
  <color>
   Синий
  </color>
  <material>
   Нейлон
  </material>
  <price>
   460927
  </price>
  <rating>
   4.03
  </rating>
  <reviews>
   401645
  </reviews>
 </clothing>
 <clothing>
  <id>
   848159201
  </id>
  <name>
   Ellesse Umbrellas J-1859
  </name>
  <category>
   Umbrellas
  </category>
  <size>
   M
  </size>
  <color>
   Оранжевый
  </color>
  <material>
   Вискоза
  </material>
  <price>
   463131
  </price>
  <rating>
   3.23
  </rating>
  <reviews>
   900952
  </reviews>
  <new>
   +
  </new>
  <exclusive>
   yes
  </exclusive>
 </clothing>
 <clothing>
  <id>
   285664443
  </id>
  <name>
   Addidas Handbags O-1249
  </name>
  <category>
   Handbags
  </category>
  <size>
   L
  </size>
  <color>
   Синий
  </color>
  <material>
   Шелк
  </material>
  <price>
   166232
  </price>
  <rating>
   1.23
  </rating>
  <reviews>
   913356
  </reviews>
  <new>
   +
  </new>
  <exclusive>
   yes
  </exclusive>
 </clothing>
</clothing-items>
