<?xml version="1.0" encoding="utf-8"?>
<clothing-items>
 <clothing>
  <id>
   163832218
  </id>
  <name>
   Vans Dress V-3126
  </name>
  <category>
   Dress
  </category>
  <size>
   S
  </size>
  <color>
   Синий
  </color>
  <material>
   Лен
  </material>
  <price>
   538885
  </price>
  <rating>
   4.66
  </rating>
  <reviews>
   260472
  </reviews>
  <exclusive>
   no
  </exclusive>
  <sporty>
   no
  </sporty>
 </clothing>
 <clothing>
  <id>
   583721702
  </id>
  <name>
   Lacoste Jeans X-9335
  </name>
  <category>
   Jeans
  </category>
  <size>
   XL
  </size>
  <color>
   Синий
  </color>
  <material>
   Полиэстер
  </material>
  <price>
   756922
  </price>
  <rating>
   3.06
  </rating>
  <reviews>
   999242
  </reviews>
  <new>
   -
  </new>
  <exclusive>
   no
  </exclusive>
  <sporty>
   no
  </sporty>
 </clothing>
 <clothing>
  <id>
   833706167
  </id>
  <name>
   Converse Hat M-2360
  </name>
  <category>
   Hat
  </category>
  <size>
   L
  </size>
  <color>
   Синий
  </color>
  <material>
   Шелк
  </material>
  <price>
   898137
  </price>
  <rating>
   2.17
  </rating>
  <reviews>
   990866
  </reviews>
  <sporty>
   yes
  </sporty>
 </clothing>
 <clothing>
  <id>
   950325300
  </id>
  <name>
   Addidas Skirt W-4630
  </name>
  <category>
   Skirt
  </category>
  <size>
   XL
  </size>
  <color>
   Синий
  </color>
  <material>
   Шелк
  </material>
  <price>
   350130
  </price>
  <rating>
   1.34
  </rating>
  <reviews>
   838985
  </reviews>
  <new>
   -
  </new>
 </clothing>
 <clothing>
  <id>
   448895096
  </id>
  <name>
   PleinSport Shirt M-6250
  </name>
  <category>
   Shirt
  </category>
  <size>
   L
  </size>
  <color>
   Голубой
  </color>
  <material>
   Хлопок
  </material>
  <price>
   451615
  </price>
  <rating>
   3.48
  </rating>
  <reviews>
   358924
  </reviews>
  <new>
   -
  </new>
  <exclusive>
   no
  </exclusive>
  <sporty>
   yes
  </sporty>
 </clothing>
 <clothing>
  <id>
   845130445
  </id>
  <name>
   Fila Socks I-7637
  </name>
  <category>
   Socks
  </category>
  <size>
   S
  </size>
  <color>
   Зеленый
  </color>
  <material>
   Нейлон
  </material>
  <price>
   725690
  </price>
  <rating>
   2.68
  </rating>
  <reviews>
   136569
  </reviews>
  <exclusive>
   no
  </exclusive>
  <sporty>
   no
  </sporty>
 </clothing>
 <clothing>
  <id>
   118661882
  </id>
  <name>
   Lacoste Jacket W-9975
  </name>
  <category>
   Jacket
  </category>
  <size>
   XXL
  </size>
  <color>
   Красный
  </color>
  <material>
   Вискоза
  </material>
  <price>
   843038
  </price>
  <rating>
   3.27
  </rating>
  <reviews>
   469672
  </reviews>
  <new>
   -
  </new>
  <exclusive>
   yes
  </exclusive>
  <sporty>
   yes
  </sporty>
 </clothing>
 <clothing>
  <id>
   671456442
  </id>
  <name>
   New Balance Belts G-3316
  </name>
  <category>
   Belts
  </category>
  <size>
   XXL
  </size>
  <color>
   Синий
  </color>
  <material>
   Кожа
  </material>
  <price>
   452009
  </price>
  <rating>
   1.99
  </rating>
  <reviews>
   176758
  </reviews>
  <new>
   -
  </new>
 </clothing>
 <clothing>
  <id>
   975485128
  </id>
  <name>
   New Balance Pants Z-6927
  </name>
  <category>
   Pants
  </category>
  <size>
   L
  </size>
  <color>
   Желтый
  </color>
  <material>
   Полиэстер
  </material>
  <price>
   110622
  </price>
  <rating>
   3.85
  </rating>
  <reviews>
   636978
  </reviews>
  <sporty>
   yes
  </sporty>
 </clothing>
 <clothing>
  <id>
   622533029
  </id>
  <name>
   Addidas Sweater G-5422
  </name>
  <category>
   Sweater
  </category>
  <size>
   XXL
  </size>
  <color>
   Красный
  </color>
  <material>
   Шерсть
  </material>
  <price>
   353384
  </price>
  <rating>
   4.53
  </rating>
  <reviews>
   193858
  </reviews>
  <new>
   +
  </new>
 </clothing>
 <clothing>
  <id>
   522353930
  </id>
  <name>
   New Balance Umbrellas L-3908
  </name>
  <category>
   Umbrellas
  </category>
  <size>
   M
  </size>
  <color>
   Фиолетовый
  </color>
  <material>
   Вискоза
  </material>
  <price>
   179526
  </price>
  <rating>
   3.24
  </rating>
  <reviews>
   753053
  </reviews>
  <new>
   -
  </new>
  <exclusive>
   no
  </exclusive>
 </clothing>
 <clothing>
  <id>
   666194903
  </id>
  <name>
   Addidas Hat X-3596
  </name>
  <category>
   Hat
  </category>
  <size>
   S
  </size>
  <color>
   Зеленый
  </color>
  <material>
   Полиэстер
  </material>
  <price>
   564375
  </price>
  <rating>
   2.12
  </rating>
  <reviews>
   348497
  </reviews>
  <new>
   -
  </new>
  <exclusive>
   yes
  </exclusive>
  <sporty>
   yes
  </sporty>
 </clothing>
</clothing-items>
