<?xml version="1.0" encoding="utf-8"?>
<clothing-items>
 <clothing>
  <id>
   323966501
  </id>
  <name>
   Converse Jacket V-1120
  </name>
  <category>
   Jacket
  </category>
  <size>
   XL
  </size>
  <color>
   Оранжевый
  </color>
  <material>
   Лен
  </material>
  <price>
   305080
  </price>
  <rating>
   1.47
  </rating>
  <reviews>
   435003
  </reviews>
  <new>
   +
  </new>
  <exclusive>
   no
  </exclusive>
 </clothing>
 <clothing>
  <id>
   661075976
  </id>
  <name>
   Puma Pants P-7596
  </name>
  <category>
   Pants
  </category>
  <size>
   XXL
  </size>
  <color>
   Фиолетовый
  </color>
  <material>
   Хлопок
  </material>
  <price>
   705429
  </price>
  <rating>
   1.13
  </rating>
  <reviews>
   57710
  </reviews>
  <new>
   -
  </new>
  <exclusive>
   yes
  </exclusive>
  <sporty>
   yes
  </sporty>
 </clothing>
 <clothing>
  <id>
   101586236
  </id>
  <name>
   Converse Blouse B-5927
  </name>
  <category>
   Blouse
  </category>
  <size>
   L
  </size>
  <color>
   Красный
  </color>
  <material>
   Хлопок
  </material>
  <price>
   182567
  </price>
  <rating>
   1.0
  </rating>
  <reviews>
   88324
  </reviews>
  <new>
   +
  </new>
  <sporty>
   yes
  </sporty>
 </clothing>
 <clothing>
  <id>
   781554446
  </id>
  <name>
   Converse Umbrellas Z-9097
  </name>
  <category>
   Umbrellas
  </category>
  <size>
   M
  </size>
  <color>
   Фиолетовый
  </color>
  <material>
   Лен
  </material>
  <price>
   392768
  </price>
  <rating>
   3.89
  </rating>
  <reviews>
   529226
  </reviews>
  <new>
   -
  </new>
  <exclusive>
   no
  </exclusive>
  <sporty>
   no
  </sporty>
 </clothing>
 <clothing>
  <id>
   389229433
  </id>
  <name>
   Reebok T-shirt A-8773
  </name>
  <category>
   T-shirt
  </category>
  <size>
   XL
  </size>
  <color>
   Синий
  </color>
  <material>
   Шелк
  </material>
  <price>
   546390
  </price>
  <rating>
   3.01
  </rating>
  <reviews>
   421113
  </reviews>
  <exclusive>
   no
  </exclusive>
  <sporty>
   yes
  </sporty>
 </clothing>
 <clothing>
  <id>
   277147157
  </id>
  <name>
   Reebok Umbrellas D-3174
  </name>
  <category>
   Umbrellas
  </category>
  <size>
   L
  </size>
  <color>
   Красный
  </color>
  <material>
   Вискоза
  </material>
  <price>
   159645
  </price>
  <rating>
   4.32
  </rating>
  <reviews>
   674179
  </reviews>
  <new>
   -
  </new>
  <sporty>
   yes
  </sporty>
 </clothing>
 <clothing>
  <id>
   683286086
  </id>
  <name>
   Addidas Skirt J-2517
  </name>
  <category>
   Skirt
  </category>
  <size>
   L
  </size>
  <color>
   Синий
  </color>
  <material>
   Нейлон
  </material>
  <price>
   970496
  </price>
  <rating>
   4.5
  </rating>
  <reviews>
   652673
  </reviews>
  <exclusive>
   no
  </exclusive>
  <sporty>
   yes
  </sporty>
 </clothing>
 <clothing>
  <id>
   998353062
  </id>
  <name>
   Under Armour Handbags A-4147
  </name>
  <category>
   Handbags
  </category>
  <size>
   XL
  </size>
  <color>
   Оранжевый
  </color>
  <material>
   Лен
  </material>
  <price>
   836162
  </price>
  <rating>
   4.01
  </rating>
  <reviews>
   609670
  </reviews>
  <new>
   -
  </new>
  <exclusive>
   no
  </exclusive>
 </clothing>
 <clothing>
  <id>
   824232616
  </id>
  <name>
   Converse Pants S-8402
  </name>
  <category>
   Pants
  </category>
  <size>
   L
  </size>
  <color>
   Красный
  </color>
  <material>
   Шерсть
  </material>
  <price>
   626141
  </price>
  <rating>
   3.12
  </rating>
  <reviews>
   920401
  </reviews>
  <new>
   -
  </new>
  <sporty>
   no
  </sporty>
 </clothing>
 <clothing>
  <id>
   152399887
  </id>
  <name>
   Under Armour Shirt U-1415
  </name>
  <category>
   Shirt
  </category>
  <size>
   S
  </size>
  <color>
   Голубой
  </color>
  <material>
   Кожа
  </material>
  <price>
   797871
  </price>
  <rating>
   3.32
  </rating>
  <reviews>
   402410
  </reviews>
  <new>
   -
  </new>
  <exclusive>
   no
  </exclusive>
 </clothing>
 <clothing>
  <id>
   464894342
  </id>
  <name>
   Converse Dress G-5943
  </name>
  <category>
   Dress
  </category>
  <size>
   S
  </size>
  <color>
   Зеленый
  </color>
  <material>
   Полиэстер
  </material>
  <price>
   866598
  </price>
  <rating>
   1.29
  </rating>
  <reviews>
   265786
  </reviews>
  <new>
   +
  </new>
  <exclusive>
   yes
  </exclusive>
  <sporty>
   no
  </sporty>
 </clothing>
 <clothing>
  <id>
   657749969
  </id>
  <name>
   Ellesse Shoes H-6112
  </name>
  <category>
   Shoes
  </category>
  <size>
   L
  </size>
  <color>
   Оранжевый
  </color>
  <material>
   Лен
  </material>
  <price>
   322231
  </price>
  <rating>
   1.7
  </rating>
  <reviews>
   502137
  </reviews>
  <new>
   -
  </new>
 </clothing>
 <clothing>
  <id>
   565494067
  </id>
  <name>
   Nike Hat Q-5186
  </name>
  <category>
   Hat
  </category>
  <size>
   XL
  </size>
  <color>
   Оранжевый
  </color>
  <material>
   Шелк
  </material>
  <price>
   222198
  </price>
  <rating>
   2.81
  </rating>
  <reviews>
   237472
  </reviews>
  <exclusive>
   no
  </exclusive>
 </clothing>
 <clothing>
  <id>
   272432259
  </id>
  <name>
   Under Armour Shirt G-9336
  </name>
  <category>
   Shirt
  </category>
  <size>
   XXL
  </size>
  <color>
   Голубой
  </color>
  <material>
   Вискоза
  </material>
  <price>
   669984
  </price>
  <rating>
   2.11
  </rating>
  <reviews>
   135852
  </reviews>
  <sporty>
   no
  </sporty>
 </clothing>
 <clothing>
  <id>
   685725528
  </id>
  <name>
   Reebok Hat N-6314
  </name>
  <category>
   Hat
  </category>
  <size>
   XL
  </size>
  <color>
   Голубой
  </color>
  <material>
   Вискоза
  </material>
  <price>
   620216
  </price>
  <rating>
   4.96
  </rating>
  <reviews>
   475650
  </reviews>
  <new>
   -
  </new>
  <sporty>
   yes
  </sporty>
 </clothing>
 <clothing>
  <id>
   355948085
  </id>
  <name>
   Ellesse Hat A-4345
  </name>
  <category>
   Hat
  </category>
  <size>
   S
  </size>
  <color>
   Оранжевый
  </color>
  <material>
   Шерсть
  </material>
  <price>
   446596
  </price>
  <rating>
   3.77
  </rating>
  <reviews>
   637097
  </reviews>
  <sporty>
   no
  </sporty>
 </clothing>
 <clothing>
  <id>
   401488330
  </id>
  <name>
   Fila Jacket T-4148
  </name>
  <category>
   Jacket
  </category>
  <size>
   XL
  </size>
  <color>
   Желтый
  </color>
  <material>
   Кожа
  </material>
  <price>
   309147
  </price>
  <rating>
   3.56
  </rating>
  <reviews>
   419671
  </reviews>
  <exclusive>
   no
  </exclusive>
 </clothing>
 <clothing>
  <id>
   337805629
  </id>
  <name>
   Converse Jacket A-5303
  </name>
  <category>
   Jacket
  </category>
  <size>
   S
  </size>
  <color>
   Желтый
  </color>
  <material>
   Кожа
  </material>
  <price>
   445665
  </price>
  <rating>
   3.51
  </rating>
  <reviews>
   813856
  </reviews>
  <new>
   -
  </new>
  <exclusive>
   no
  </exclusive>
  <sporty>
   no
  </sporty>
 </clothing>
 <clothing>
  <id>
   279397010
  </id>
  <name>
   Lacoste Hat X-4063
  </name>
  <category>
   Hat
  </category>
  <size>
   M
  </size>
  <color>
   Желтый
  </color>
  <material>
   Шелк
  </material>
  <price>
   581081
  </price>
  <rating>
   2.31
  </rating>
  <reviews>
   299740
  </reviews>
  <new>
   -
  </new>
  <exclusive>
   no
  </exclusive>
 </clothing>
 <clothing>
  <id>
   143151325
  </id>
  <name>
   Asics Hat N-8543
  </name>
  <category>
   Hat
  </category>
  <size>
   L
  </size>
  <color>
   Голубой
  </color>
  <material>
   Лен
  </material>
  <price>
   527087
  </price>
  <rating>
   4.37
  </rating>
  <reviews>
   602737
  </reviews>
  <exclusive>
   no
  </exclusive>
  <sporty>
   no
  </sporty>
 </clothing>
 <clothing>
  <id>
   983016083
  </id>
  <name>
   PleinSport Blouse I-9533
  </name>
  <category>
   Blouse
  </category>
  <size>
   L
  </size>
  <color>
   Красный
  </color>
  <material>
   Нейлон
  </material>
  <price>
   796290
  </price>
  <rating>
   2.76
  </rating>
  <reviews>
   478586
  </reviews>
  <exclusive>
   no
  </exclusive>
  <sporty>
   yes
  </sporty>
 </clothing>
 <clothing>
  <id>
   387082003
  </id>
  <name>
   New Balance Hat O-7101
  </name>
  <category>
   Hat
  </category>
  <size>
   XXL
  </size>
  <color>
   Желтый
  </color>
  <material>
   Шелк
  </material>
  <price>
   503733
  </price>
  <rating>
   2.54
  </rating>
  <reviews>
   647196
  </reviews>
  <new>
   -
  </new>
  <sporty>
   yes
  </sporty>
 </clothing>
 <clothing>
  <id>
   532224192
  </id>
  <name>
   New Balance Belts S-6235
  </name>
  <category>
   Belts
  </category>
  <size>
   XL
  </size>
  <color>
   Оранжевый
  </color>
  <material>
   Хлопок
  </material>
  <price>
   567253
  </price>
  <rating>
   3.62
  </rating>
  <reviews>
   616727
  </reviews>
 </clothing>
 <clothing>
  <id>
   596985792
  </id>
  <name>
   Vans Belts T-8211
  </name>
  <category>
   Belts
  </category>
  <size>
   L
  </size>
  <color>
   Оранжевый
  </color>
  <material>
   Лен
  </material>
  <price>
   803936
  </price>
  <rating>
   1.82
  </rating>
  <reviews>
   898654
  </reviews>
  <exclusive>
   no
  </exclusive>
 </clothing>
 <clothing>
  <id>
   437994075
  </id>
  <name>
   Converse T-shirt T-4406
  </name>
  <category>
   T-shirt
  </category>
  <size>
   S
  </size>
  <color>
   Зеленый
  </color>
  <material>
   Хлопок
  </material>
  <price>
   729649
  </price>
  <rating>
   2.94
  </rating>
  <reviews>
   407693
  </reviews>
  <sporty>
   no
  </sporty>
 </clothing>
 <clothing>
  <id>
   110700760
  </id>
  <name>
   Lacoste T-shirt I-8023
  </name>
  <category>
   T-shirt
  </category>
  <size>
   L
  </size>
  <color>
   Голубой
  </color>
  <material>
   Нейлон
  </material>
  <price>
   648784
  </price>
  <rating>
   2.19
  </rating>
  <reviews>
   466327
  </reviews>
  <new>
   +
  </new>
  <exclusive>
   yes
  </exclusive>
 </clothing>
 <clothing>
  <id>
   487428710
  </id>
  <name>
   Lacoste Jeans D-7104
  </name>
  <category>
   Jeans
  </category>
  <size>
   S
  </size>
  <color>
   Оранжевый
  </color>
  <material>
   Шелк
  </material>
  <price>
   659349
  </price>
  <rating>
   4.86
  </rating>
  <reviews>
   475082
  </reviews>
  <exclusive>
   yes
  </exclusive>
  <sporty>
   no
  </sporty>
 </clothing>
 <clothing>
  <id>
   780077342
  </id>
  <name>
   Lacoste Skirt F-3394
  </name>
  <category>
   Skirt
  </category>
  <size>
   XL
  </size>
  <color>
   Красный
  </color>
  <material>
   Вискоза
  </material>
  <price>
   394624
  </price>
  <rating>
   3.11
  </rating>
  <reviews>
   225713
  </reviews>
  <new>
   -
  </new>
  <exclusive>
   yes
  </exclusive>
  <sporty>
   yes
  </sporty>
 </clothing>
 <clothing>
  <id>
   655371485
  </id>
  <name>
   PleinSport Shirt Z-8760
  </name>
  <category>
   Shirt
  </category>
  <size>
   M
  </size>
  <color>
   Зеленый
  </color>
  <material>
   Шелк
  </material>
  <price>
   882780
  </price>
  <rating>
   1.41
  </rating>
  <reviews>
   580503
  </reviews>
  <new>
   +
  </new>
  <exclusive>
   yes
  </exclusive>
  <sporty>
   no
  </sporty>
 </clothing>
 <clothing>
  <id>
   516534257
  </id>
  <name>
   Reebok Hat L-5473
  </name>
  <category>
   Hat
  </category>
  <size>
   L
  </size>
  <color>
   Оранжевый
  </color>
  <material>
   Хлопок
  </material>
  <price>
   739160
  </price>
  <rating>
   1.93
  </rating>
  <reviews>
   408565
  </reviews>
  <sporty>
   yes
  </sporty>
 </clothing>
 <clothing>
  <id>
   416086087
  </id>
  <name>
   Lacoste Shoes T-7762
  </name>
  <category>
   Shoes
  </category>
  <size>
   S
  </size>
  <color>
   Красный
  </color>
  <material>
   Хлопок
  </material>
  <price>
   651694
  </price>
  <rating>
   4.19
  </rating>
  <reviews>
   211274
  </reviews>
  <new>
   +
  </new>
  <sporty>
   yes
  </sporty>
 </clothing>
 <clothing>
  <id>
   899272445
  </id>
  <name>
   PleinSport Sweater R-2786
  </name>
  <category>
   Sweater
  </category>
  <size>
   S
  </size>
  <color>
   Голубой
  </color>
  <material>
   Нейлон
  </material>
  <price>
   419180
  </price>
  <rating>
   4.83
  </rating>
  <reviews>
   916765
  </reviews>
  <exclusive>
   yes
  </exclusive>
  <sporty>
   no
  </sporty>
 </clothing>
 <clothing>
  <id>
   315229665
  </id>
  <name>
   Nike Gloves Y-5487
  </name>
  <category>
   Gloves
  </category>
  <size>
   M
  </size>
  <color>
   Желтый
  </color>
  <material>
   Шелк
  </material>
  <price>
   661994
  </price>
  <rating>
   3.96
  </rating>
  <reviews>
   228575
  </reviews>
  <new>
   -
  </new>
  <exclusive>
   no
  </exclusive>
 </clothing>
 <clothing>
  <id>
   294388553
  </id>
  <name>
   Asics Socks Q-4540
  </name>
  <category>
   Socks
  </category>
  <size>
   XL
  </size>
  <color>
   Фиолетовый
  </color>
  <material>
   Полиэстер
  </material>
  <price>
   982322
  </price>
  <rating>
   4.73
  </rating>
  <reviews>
   946290
  </reviews>
  <sporty>
   yes
  </sporty>
 </clothing>
 <clothing>
  <id>
   805959750
  </id>
  <name>
   Brooks Pants T-2779
  </name>
  <category>
   Pants
  </category>
  <size>
   XL
  </size>
  <color>
   Зеленый
  </color>
  <material>
   Шелк
  </material>
  <price>
   377191
  </price>
  <rating>
   2.6
  </rating>
  <reviews>
   899033
  </reviews>
  <new>
   -
  </new>
  <exclusive>
   no
  </exclusive>
 </clothing>
 <clothing>
  <id>
   589775895
  </id>
  <name>
   Puma Blouse V-4668
  </name>
  <category>
   Blouse
  </category>
  <size>
   S
  </size>
  <color>
   Зеленый
  </color>
  <material>
   Лен
  </material>
  <price>
   862784
  </price>
  <rating>
   1.56
  </rating>
  <reviews>
   687692
  </reviews>
  <new>
   -
  </new>
  <exclusive>
   yes
  </exclusive>
  <sporty>
   no
  </sporty>
 </clothing>
 <clothing>
  <id>
   667892423
  </id>
  <name>
   Nike Jeans V-3389
  </name>
  <category>
   Jeans
  </category>
  <size>
   M
  </size>
  <color>
   Голубой
  </color>
  <material>
   Лен
  </material>
  <price>
   973918
  </price>
  <rating>
   2.98
  </rating>
  <reviews>
   928031
  </reviews>
  <new>
   +
  </new>
  <exclusive>
   yes
  </exclusive>
  <sporty>
   yes
  </sporty>
 </clothing>
 <clothing>
  <id>
   966330373
  </id>
  <name>
   New Balance Dress M-8608
  </name>
  <category>
   Dress
  </category>
  <size>
   M
  </size>
  <color>
   Желтый
  </color>
  <material>
   Нейлон
  </material>
  <price>
   115586
  </price>
  <rating>
   4.08
  </rating>
  <reviews>
   116306
  </reviews>
  <new>
   +
  </new>
  <exclusive>
   yes
  </exclusive>
 </clothing>
 <clothing>
  <id>
   610808360
  </id>
  <name>
   Adidas T-shirt B-2742
  </name>
  <category>
   T-shirt
  </category>
  <size>
   XXL
  </size>
  <color>
   Голубой
  </color>
  <material>
   Шелк
  </material>
  <price>
   175757
  </price>
  <rating>
   4.9
  </rating>
  <reviews>
   988338
  </reviews>
  <new>
   +
  </new>
  <sporty>
   no
  </sporty>
 </clothing>
 <clothing>
  <id>
   919530904
  </id>
  <name>
   Lacoste Gloves C-5995
  </name>
  <category>
   Gloves
  </category>
  <size>
   XXL
  </size>
  <color>
   Желтый
  </color>
  <material>
   Шелк
  </material>
  <price>
   932498
  </price>
  <rating>
   1.12
  </rating>
  <reviews>
   69789
  </reviews>
  <exclusive>
   no
  </exclusive>
  <sporty>
   yes
  </sporty>
 </clothing>
 <clothing>
  <id>
   395258825
  </id>
  <name>
   Converse Jeans Y-8269
  </name>
  <category>
   Jeans
  </category>
  <size>
   L
  </size>
  <color>
   Фиолетовый
  </color>
  <material>
   Хлопок
  </material>
  <price>
   433172
  </price>
  <rating>
   2.86
  </rating>
  <reviews>
   344950
  </reviews>
  <new>
   +
  </new>
  <exclusive>
   no
  </exclusive>
  <sporty>
   yes
  </sporty>
 </clothing>
 <clothing>
  <id>
   345656102
  </id>
  <name>
   Nike Gloves G-8110
  </name>
  <category>
   Gloves
  </category>
  <size>
   M
  </size>
  <color>
   Синий
  </color>
  <material>
   Полиэстер
  </material>
  <price>
   187368
  </price>
  <rating>
   1.67
  </rating>
  <reviews>
   711810
  </reviews>
  <sporty>
   yes
  </sporty>
 </clothing>
 <clothing>
  <id>
   399920079
  </id>
  <name>
   Reebok Socks M-3344
  </name>
  <category>
   Socks
  </category>
  <size>
   XXL
  </size>
  <color>
   Фиолетовый
  </color>
  <material>
   Хлопок
  </material>
  <price>
   596809
  </price>
  <rating>
   4.56
  </rating>
  <reviews>
   993127
  </reviews>
  <new>
   +
  </new>
  <exclusive>
   yes
  </exclusive>
  <sporty>
   yes
  </sporty>
 </clothing>
 <clothing>
  <id>
   611815296
  </id>
  <name>
   PleinSport Handbags Y-7994
  </name>
  <category>
   Handbags
  </category>
  <size>
   XXL
  </size>
  <color>
   Фиолетовый
  </color>
  <material>
   Хлопок
  </material>
  <price>
   110752
  </price>
  <rating>
   4.4
  </rating>
  <reviews>
   559293
  </reviews>
  <exclusive>
   yes
  </exclusive>
 </clothing>
 <clothing>
  <id>
   868382686
  </id>
  <name>
   Adidas T-shirt B-3950
  </name>
  <category>
   T-shirt
  </category>
  <size>
   XL
  </size>
  <color>
   Зеленый
  </color>
  <material>
   Шелк
  </material>
  <price>
   958772
  </price>
  <rating>
   3.83
  </rating>
  <reviews>
   328711
  </reviews>
  <new>
   -
  </new>
 </clothing>
 <clothing>
  <id>
   137930704
  </id>
  <name>
   Ellesse T-shirt N-4511
  </name>
  <category>
   T-shirt
  </category>
  <size>
   L
  </size>
  <color>
   Оранжевый
  </color>
  <material>
   Кожа
  </material>
  <price>
   631615
  </price>
  <rating>
   3.11
  </rating>
  <reviews>
   422848
  </reviews>
  <new>
   -
  </new>
 </clothing>
 <clothing>
  <id>
   371099286
  </id>
  <name>
   Addidas Umbrellas X-6418
  </name>
  <category>
   Umbrellas
  </category>
  <size>
   XXL
  </size>
  <color>
   Оранжевый
  </color>
  <material>
   Шелк
  </material>
  <price>
   295065
  </price>
  <rating>
   3.96
  </rating>
  <reviews>
   332448
  </reviews>
  <new>
   -
  </new>
  <sporty>
   no
  </sporty>
 </clothing>
</clothing-items>
