<?xml version="1.0" encoding="utf-8"?>
<clothing-items>
 <clothing>
  <id>
   433197470
  </id>
  <name>
   DC Skirt S-8548
  </name>
  <category>
   Skirt
  </category>
  <size>
   XXL
  </size>
  <color>
   Красный
  </color>
  <material>
   Лен
  </material>
  <price>
   305770
  </price>
  <rating>
   4.28
  </rating>
  <reviews>
   955588
  </reviews>
  <exclusive>
   no
  </exclusive>
  <sporty>
   yes
  </sporty>
 </clothing>
 <clothing>
  <id>
   811761432
  </id>
  <name>
   Addidas Blouse T-8986
  </name>
  <category>
   Blouse
  </category>
  <size>
   L
  </size>
  <color>
   Оранжевый
  </color>
  <material>
   Кожа
  </material>
  <price>
   357010
  </price>
  <rating>
   1.85
  </rating>
  <reviews>
   19730
  </reviews>
  <exclusive>
   no
  </exclusive>
  <sporty>
   yes
  </sporty>
 </clothing>
 <clothing>
  <id>
   561187349
  </id>
  <name>
   New Balance Pants P-6242
  </name>
  <category>
   Pants
  </category>
  <size>
   M
  </size>
  <color>
   Желтый
  </color>
  <material>
   Лен
  </material>
  <price>
   502732
  </price>
  <rating>
   3.48
  </rating>
  <reviews>
   591304
  </reviews>
  <new>
   -
  </new>
 </clothing>
 <clothing>
  <id>
   365119269
  </id>
  <name>
   Reebok Socks G-7289
  </name>
  <category>
   Socks
  </category>
  <size>
   S
  </size>
  <color>
   Фиолетовый
  </color>
  <material>
   Вискоза
  </material>
  <price>
   496925
  </price>
  <rating>
   2.19
  </rating>
  <reviews>
   165093
  </reviews>
  <exclusive>
   no
  </exclusive>
 </clothing>
 <clothing>
  <id>
   501545452
  </id>
  <name>
   Lacoste Sweater Q-3544
  </name>
  <category>
   Sweater
  </category>
  <size>
   XXL
  </size>
  <color>
   Зеленый
  </color>
  <material>
   Лен
  </material>
  <price>
   298708
  </price>
  <rating>
   2.86
  </rating>
  <reviews>
   826755
  </reviews>
  <new>
   -
  </new>
  <exclusive>
   no
  </exclusive>
 </clothing>
 <clothing>
  <id>
   614568865
  </id>
  <name>
   Fila T-shirt O-4925
  </name>
  <category>
   T-shirt
  </category>
  <size>
   L
  </size>
  <color>
   Голубой
  </color>
  <material>
   Нейлон
  </material>
  <price>
   281310
  </price>
  <rating>
   4.05
  </rating>
  <reviews>
   415563
  </reviews>
  <new>
   +
  </new>
 </clothing>
 <clothing>
  <id>
   282725129
  </id>
  <name>
   New Balance Dress A-5079
  </name>
  <category>
   Dress
  </category>
  <size>
   XXL
  </size>
  <color>
   Зеленый
  </color>
  <material>
   Вискоза
  </material>
  <price>
   144453
  </price>
  <rating>
   4.06
  </rating>
  <reviews>
   700898
  </reviews>
  <new>
   -
  </new>
 </clothing>
 <clothing>
  <id>
   151839517
  </id>
  <name>
   Under Armour Blouse W-1842
  </name>
  <category>
   Blouse
  </category>
  <size>
   L
  </size>
  <color>
   Зеленый
  </color>
  <material>
   Хлопок
  </material>
  <price>
   875657
  </price>
  <rating>
   3.65
  </rating>
  <reviews>
   652440
  </reviews>
  <new>
   -
  </new>
  <sporty>
   no
  </sporty>
 </clothing>
 <clothing>
  <id>
   129374662
  </id>
  <name>
   PleinSport Sweater I-9075
  </name>
  <category>
   Sweater
  </category>
  <size>
   L
  </size>
  <color>
   Фиолетовый
  </color>
  <material>
   Полиэстер
  </material>
  <price>
   304080
  </price>
  <rating>
   3.99
  </rating>
  <reviews>
   978742
  </reviews>
  <new>
   -
  </new>
  <exclusive>
   no
  </exclusive>
  <sporty>
   no
  </sporty>
 </clothing>
 <clothing>
  <id>
   950663999
  </id>
  <name>
   Converse Shirt S-1977
  </name>
  <category>
   Shirt
  </category>
  <size>
   XL
  </size>
  <color>
   Синий
  </color>
  <material>
   Кожа
  </material>
  <price>
   395366
  </price>
  <rating>
   4.66
  </rating>
  <reviews>
   728348
  </reviews>
  <new>
   -
  </new>
  <sporty>
   yes
  </sporty>
 </clothing>
 <clothing>
  <id>
   161277819
  </id>
  <name>
   DC Belts A-2039
  </name>
  <category>
   Belts
  </category>
  <size>
   XL
  </size>
  <color>
   Желтый
  </color>
  <material>
   Лен
  </material>
  <price>
   711890
  </price>
  <rating>
   4.81
  </rating>
  <reviews>
   606943
  </reviews>
  <exclusive>
   yes
  </exclusive>
 </clothing>
 <clothing>
  <id>
   774942301
  </id>
  <name>
   PleinSport Hat V-4288
  </name>
  <category>
   Hat
  </category>
  <size>
   S
  </size>
  <color>
   Оранжевый
  </color>
  <material>
   Хлопок
  </material>
  <price>
   912736
  </price>
  <rating>
   1.53
  </rating>
  <reviews>
   363531
  </reviews>
  <new>
   -
  </new>
  <sporty>
   no
  </sporty>
 </clothing>
 <clothing>
  <id>
   518006763
  </id>
  <name>
   Under Armour Shoes R-6853
  </name>
  <category>
   Shoes
  </category>
  <size>
   S
  </size>
  <color>
   Желтый
  </color>
  <material>
   Лен
  </material>
  <price>
   195936
  </price>
  <rating>
   4.61
  </rating>
  <reviews>
   98770
  </reviews>
  <exclusive>
   yes
  </exclusive>
  <sporty>
   yes
  </sporty>
 </clothing>
 <clothing>
  <id>
   636546412
  </id>
  <name>
   DC Umbrellas I-9762
  </name>
  <category>
   Umbrellas
  </category>
  <size>
   L
  </size>
  <color>
   Фиолетовый
  </color>
  <material>
   Полиэстер
  </material>
  <price>
   666491
  </price>
  <rating>
   2.34
  </rating>
  <reviews>
   578766
  </reviews>
  <exclusive>
   no
  </exclusive>
  <sporty>
   no
  </sporty>
 </clothing>
 <clothing>
  <id>
   418012622
  </id>
  <name>
   Addidas Gloves N-9767
  </name>
  <category>
   Gloves
  </category>
  <size>
   XL
  </size>
  <color>
   Голубой
  </color>
  <material>
   Шелк
  </material>
  <price>
   983985
  </price>
  <rating>
   4.86
  </rating>
  <reviews>
   564885
  </reviews>
  <new>
   -
  </new>
  <exclusive>
   no
  </exclusive>
  <sporty>
   no
  </sporty>
 </clothing>
 <clothing>
  <id>
   677938322
  </id>
  <name>
   Under Armour Handbags E-8049
  </name>
  <category>
   Handbags
  </category>
  <size>
   XXL
  </size>
  <color>
   Синий
  </color>
  <material>
   Шерсть
  </material>
  <price>
   630444
  </price>
  <rating>
   1.61
  </rating>
  <reviews>
   195307
  </reviews>
 </clothing>
 <clothing>
  <id>
   936034258
  </id>
  <name>
   Nike Blouse F-7153
  </name>
  <category>
   Blouse
  </category>
  <size>
   XL
  </size>
  <color>
   Голубой
  </color>
  <material>
   Полиэстер
  </material>
  <price>
   232115
  </price>
  <rating>
   1.37
  </rating>
  <reviews>
   92634
  </reviews>
  <sporty>
   yes
  </sporty>
 </clothing>
 <clothing>
  <id>
   156871994
  </id>
  <name>
   Puma Blouse U-4434
  </name>
  <category>
   Blouse
  </category>
  <size>
   XL
  </size>
  <color>
   Оранжевый
  </color>
  <material>
   Хлопок
  </material>
  <price>
   767256
  </price>
  <rating>
   1.85
  </rating>
  <reviews>
   453843
  </reviews>
  <new>
   -
  </new>
  <exclusive>
   yes
  </exclusive>
 </clothing>
 <clothing>
  <id>
   661563003
  </id>
  <name>
   New Balance Skirt U-5792
  </name>
  <category>
   Skirt
  </category>
  <size>
   XL
  </size>
  <color>
   Оранжевый
  </color>
  <material>
   Хлопок
  </material>
  <price>
   136465
  </price>
  <rating>
   1.32
  </rating>
  <reviews>
   836508
  </reviews>
  <sporty>
   yes
  </sporty>
 </clothing>
 <clothing>
  <id>
   914348989
  </id>
  <name>
   Vans Pants F-2596
  </name>
  <category>
   Pants
  </category>
  <size>
   XXL
  </size>
  <color>
   Фиолетовый
  </color>
  <material>
   Лен
  </material>
  <price>
   245699
  </price>
  <rating>
   4.3
  </rating>
  <reviews>
   495709
  </reviews>
 </clothing>
 <clothing>
  <id>
   936694367
  </id>
  <name>
   DC Hat C-6828
  </name>
  <category>
   Hat
  </category>
  <size>
   XL
  </size>
  <color>
   Голубой
  </color>
  <material>
   Лен
  </material>
  <price>
   229793
  </price>
  <rating>
   4.69
  </rating>
  <reviews>
   50474
  </reviews>
  <new>
   +
  </new>
  <exclusive>
   no
  </exclusive>
 </clothing>
 <clothing>
  <id>
   950405348
  </id>
  <name>
   Addidas Shirt X-8203
  </name>
  <category>
   Shirt
  </category>
  <size>
   M
  </size>
  <color>
   Желтый
  </color>
  <material>
   Шелк
  </material>
  <price>
   819003
  </price>
  <rating>
   2.59
  </rating>
  <reviews>
   459363
  </reviews>
  <new>
   +
  </new>
  <exclusive>
   no
  </exclusive>
  <sporty>
   no
  </sporty>
 </clothing>
 <clothing>
  <id>
   717385438
  </id>
  <name>
   Reebok Jacket A-2599
  </name>
  <category>
   Jacket
  </category>
  <size>
   M
  </size>
  <color>
   Красный
  </color>
  <material>
   Нейлон
  </material>
  <price>
   329616
  </price>
  <rating>
   4.34
  </rating>
  <reviews>
   480299
  </reviews>
 </clothing>
 <clothing>
  <id>
   385698028
  </id>
  <name>
   Brooks Sweater Z-7638
  </name>
  <category>
   Sweater
  </category>
  <size>
   L
  </size>
  <color>
   Синий
  </color>
  <material>
   Шерсть
  </material>
  <price>
   761189
  </price>
  <rating>
   4.06
  </rating>
  <reviews>
   52691
  </reviews>
  <new>
   +
  </new>
  <exclusive>
   no
  </exclusive>
  <sporty>
   no
  </sporty>
 </clothing>
 <clothing>
  <id>
   946611116
  </id>
  <name>
   Nike Jacket X-1109
  </name>
  <category>
   Jacket
  </category>
  <size>
   L
  </size>
  <color>
   Зеленый
  </color>
  <material>
   Полиэстер
  </material>
  <price>
   221094
  </price>
  <rating>
   3.64
  </rating>
  <reviews>
   969324
  </reviews>
  <new>
   -
  </new>
  <sporty>
   no
  </sporty>
 </clothing>
</clothing-items>
