<?xml version="1.0" encoding="utf-8"?>
<clothing-items>
 <clothing>
  <id>
   860276333
  </id>
  <name>
   Vans Umbrellas H-2439
  </name>
  <category>
   Umbrellas
  </category>
  <size>
   M
  </size>
  <color>
   Голубой
  </color>
  <material>
   Полиэстер
  </material>
  <price>
   361856
  </price>
  <rating>
   1.6
  </rating>
  <reviews>
   664790
  </reviews>
  <new>
   -
  </new>
  <exclusive>
   no
  </exclusive>
  <sporty>
   no
  </sporty>
 </clothing>
 <clothing>
  <id>
   342733057
  </id>
  <name>
   Fila Jeans O-3708
  </name>
  <category>
   Jeans
  </category>
  <size>
   XXL
  </size>
  <color>
   Синий
  </color>
  <material>
   Нейлон
  </material>
  <price>
   850771
  </price>
  <rating>
   1.06
  </rating>
  <reviews>
   136208
  </reviews>
  <sporty>
   yes
  </sporty>
 </clothing>
 <clothing>
  <id>
   594492007
  </id>
  <name>
   New Balance Blouse A-6547
  </name>
  <category>
   Blouse
  </category>
  <size>
   S
  </size>
  <color>
   Зеленый
  </color>
  <material>
   Кожа
  </material>
  <price>
   428180
  </price>
  <rating>
   3.12
  </rating>
  <reviews>
   504492
  </reviews>
  <new>
   -
  </new>
  <exclusive>
   no
  </exclusive>
  <sporty>
   yes
  </sporty>
 </clothing>
 <clothing>
  <id>
   255489195
  </id>
  <name>
   Puma Shoes E-8218
  </name>
  <category>
   Shoes
  </category>
  <size>
   XL
  </size>
  <color>
   Зеленый
  </color>
  <material>
   Кожа
  </material>
  <price>
   976376
  </price>
  <rating>
   4.41
  </rating>
  <reviews>
   542204
  </reviews>
  <sporty>
   yes
  </sporty>
 </clothing>
 <clothing>
  <id>
   525039986
  </id>
  <name>
   Puma Jacket P-1438
  </name>
  <category>
   Jacket
  </category>
  <size>
   M
  </size>
  <color>
   Зеленый
  </color>
  <material>
   Кожа
  </material>
  <price>
   239671
  </price>
  <rating>
   2.32
  </rating>
  <reviews>
   535715
  </reviews>
  <new>
   -
  </new>
  <sporty>
   no
  </sporty>
 </clothing>
 <clothing>
  <id>
   896532375
  </id>
  <name>
   Adidas T-shirt A-4362
  </name>
  <category>
   T-shirt
  </category>
  <size>
   XXL
  </size>
  <color>
   Фиолетовый
  </color>
  <material>
   Кожа
  </material>
  <price>
   407410
  </price>
  <rating>
   1.91
  </rating>
  <reviews>
   104040
  </reviews>
  <sporty>
   no
  </sporty>
 </clothing>
 <clothing>
  <id>
   920101337
  </id>
  <name>
   Vans Hat M-4077
  </name>
  <category>
   Hat
  </category>
  <size>
   XL
  </size>
  <color>
   Синий
  </color>
  <material>
   Кожа
  </material>
  <price>
   696845
  </price>
  <rating>
   2.06
  </rating>
  <reviews>
   420516
  </reviews>
  <new>
   -
  </new>
  <exclusive>
   no
  </exclusive>
 </clothing>
 <clothing>
  <id>
   498587558
  </id>
  <name>
   Adidas Jeans G-7007
  </name>
  <category>
   Jeans
  </category>
  <size>
   XXL
  </size>
  <color>
   Фиолетовый
  </color>
  <material>
   Хлопок
  </material>
  <price>
   888233
  </price>
  <rating>
   1.99
  </rating>
  <reviews>
   848116
  </reviews>
  <new>
   -
  </new>
  <exclusive>
   no
  </exclusive>
  <sporty>
   no
  </sporty>
 </clothing>
 <clothing>
  <id>
   948812543
  </id>
  <name>
   Lacoste Hat E-8459
  </name>
  <category>
   Hat
  </category>
  <size>
   S
  </size>
  <color>
   Оранжевый
  </color>
  <material>
   Вискоза
  </material>
  <price>
   582209
  </price>
  <rating>
   3.05
  </rating>
  <reviews>
   96579
  </reviews>
  <new>
   -
  </new>
  <sporty>
   yes
  </sporty>
 </clothing>
 <clothing>
  <id>
   203704541
  </id>
  <name>
   New Balance Handbags O-2464
  </name>
  <category>
   Handbags
  </category>
  <size>
   M
  </size>
  <color>
   Синий
  </color>
  <material>
   Шерсть
  </material>
  <price>
   775050
  </price>
  <rating>
   2.73
  </rating>
  <reviews>
   227870
  </reviews>
  <exclusive>
   yes
  </exclusive>
  <sporty>
   no
  </sporty>
 </clothing>
 <clothing>
  <id>
   521362286
  </id>
  <name>
   Under Armour Gloves R-1349
  </name>
  <category>
   Gloves
  </category>
  <size>
   L
  </size>
  <color>
   Синий
  </color>
  <material>
   Шерсть
  </material>
  <price>
   873033
  </price>
  <rating>
   4.09
  </rating>
  <reviews>
   329168
  </reviews>
  <new>
   +
  </new>
  <exclusive>
   yes
  </exclusive>
 </clothing>
 <clothing>
  <id>
   523012937
  </id>
  <name>
   PleinSport Sweater W-2261
  </name>
  <category>
   Sweater
  </category>
  <size>
   M
  </size>
  <color>
   Красный
  </color>
  <material>
   Шелк
  </material>
  <price>
   971728
  </price>
  <rating>
   1.33
  </rating>
  <reviews>
   639610
  </reviews>
  <new>
   +
  </new>
  <sporty>
   no
  </sporty>
 </clothing>
 <clothing>
  <id>
   827266988
  </id>
  <name>
   New Balance Socks R-9493
  </name>
  <category>
   Socks
  </category>
  <size>
   XL
  </size>
  <color>
   Красный
  </color>
  <material>
   Лен
  </material>
  <price>
   737523
  </price>
  <rating>
   4.3
  </rating>
  <reviews>
   631578
  </reviews>
  <sporty>
   no
  </sporty>
 </clothing>
 <clothing>
  <id>
   722748485
  </id>
  <name>
   New Balance Shoes F-8110
  </name>
  <category>
   Shoes
  </category>
  <size>
   XXL
  </size>
  <color>
   Фиолетовый
  </color>
  <material>
   Шелк
  </material>
  <price>
   196854
  </price>
  <rating>
   2.98
  </rating>
  <reviews>
   50193
  </reviews>
  <new>
   -
  </new>
 </clothing>
 <clothing>
  <id>
   449257266
  </id>
  <name>
   Puma Handbags B-3016
  </name>
  <category>
   Handbags
  </category>
  <size>
   M
  </size>
  <color>
   Желтый
  </color>
  <material>
   Шелк
  </material>
  <price>
   461478
  </price>
  <rating>
   1.62
  </rating>
  <reviews>
   417595
  </reviews>
  <new>
   -
  </new>
  <exclusive>
   no
  </exclusive>
  <sporty>
   no
  </sporty>
 </clothing>
 <clothing>
  <id>
   634575209
  </id>
  <name>
   Nike Blouse H-9201
  </name>
  <category>
   Blouse
  </category>
  <size>
   M
  </size>
  <color>
   Голубой
  </color>
  <material>
   Шелк
  </material>
  <price>
   647478
  </price>
  <rating>
   3.58
  </rating>
  <reviews>
   937035
  </reviews>
  <new>
   +
  </new>
  <exclusive>
   yes
  </exclusive>
 </clothing>
 <clothing>
  <id>
   500979948
  </id>
  <name>
   Brooks Sweater V-7789
  </name>
  <category>
   Sweater
  </category>
  <size>
   XXL
  </size>
  <color>
   Оранжевый
  </color>
  <material>
   Лен
  </material>
  <price>
   529577
  </price>
  <rating>
   4.21
  </rating>
  <reviews>
   848998
  </reviews>
  <sporty>
   no
  </sporty>
 </clothing>
 <clothing>
  <id>
   871252831
  </id>
  <name>
   Adidas Shirt Y-6096
  </name>
  <category>
   Shirt
  </category>
  <size>
   XXL
  </size>
  <color>
   Красный
  </color>
  <material>
   Вискоза
  </material>
  <price>
   709486
  </price>
  <rating>
   2.77
  </rating>
  <reviews>
   697563
  </reviews>
  <new>
   -
  </new>
  <exclusive>
   yes
  </exclusive>
 </clothing>
 <clothing>
  <id>
   466178706
  </id>
  <name>
   New Balance Skirt X-2279
  </name>
  <category>
   Skirt
  </category>
  <size>
   L
  </size>
  <color>
   Синий
  </color>
  <material>
   Нейлон
  </material>
  <price>
   807683
  </price>
  <rating>
   4.16
  </rating>
  <reviews>
   260821
  </reviews>
  <exclusive>
   no
  </exclusive>
 </clothing>
 <clothing>
  <id>
   713359937
  </id>
  <name>
   New Balance Shoes T-3208
  </name>
  <category>
   Shoes
  </category>
  <size>
   XXL
  </size>
  <color>
   Зеленый
  </color>
  <material>
   Шелк
  </material>
  <price>
   316225
  </price>
  <rating>
   1.87
  </rating>
  <reviews>
   193639
  </reviews>
  <new>
   +
  </new>
  <sporty>
   no
  </sporty>
 </clothing>
 <clothing>
  <id>
   220439774
  </id>
  <name>
   Adidas Jeans W-7166
  </name>
  <category>
   Jeans
  </category>
  <size>
   XL
  </size>
  <color>
   Фиолетовый
  </color>
  <material>
   Шелк
  </material>
  <price>
   757760
  </price>
  <rating>
   3.46
  </rating>
  <reviews>
   276475
  </reviews>
 </clothing>
 <clothing>
  <id>
   359252767
  </id>
  <name>
   Addidas Skirt R-4094
  </name>
  <category>
   Skirt
  </category>
  <size>
   L
  </size>
  <color>
   Оранжевый
  </color>
  <material>
   Вискоза
  </material>
  <price>
   213118
  </price>
  <rating>
   1.37
  </rating>
  <reviews>
   614375
  </reviews>
  <exclusive>
   yes
  </exclusive>
  <sporty>
   yes
  </sporty>
 </clothing>
 <clothing>
  <id>
   520467730
  </id>
  <name>
   Under Armour T-shirt Q-1426
  </name>
  <category>
   T-shirt
  </category>
  <size>
   S
  </size>
  <color>
   Синий
  </color>
  <material>
   Полиэстер
  </material>
  <price>
   428580
  </price>
  <rating>
   4.56
  </rating>
  <reviews>
   123049
  </reviews>
  <new>
   +
  </new>
  <sporty>
   yes
  </sporty>
 </clothing>
 <clothing>
  <id>
   184761827
  </id>
  <name>
   Fila Hat F-3684
  </name>
  <category>
   Hat
  </category>
  <size>
   L
  </size>
  <color>
   Фиолетовый
  </color>
  <material>
   Вискоза
  </material>
  <price>
   239696
  </price>
  <rating>
   4.7
  </rating>
  <reviews>
   623729
  </reviews>
  <exclusive>
   no
  </exclusive>
  <sporty>
   no
  </sporty>
 </clothing>
 <clothing>
  <id>
   246968000
  </id>
  <name>
   Nike Jacket D-9853
  </name>
  <category>
   Jacket
  </category>
  <size>
   XXL
  </size>
  <color>
   Синий
  </color>
  <material>
   Шелк
  </material>
  <price>
   749744
  </price>
  <rating>
   2.51
  </rating>
  <reviews>
   891135
  </reviews>
  <new>
   -
  </new>
  <sporty>
   no
  </sporty>
 </clothing>
 <clothing>
  <id>
   190452500
  </id>
  <name>
   Puma Dress I-8503
  </name>
  <category>
   Dress
  </category>
  <size>
   M
  </size>
  <color>
   Оранжевый
  </color>
  <material>
   Нейлон
  </material>
  <price>
   300798
  </price>
  <rating>
   1.11
  </rating>
  <reviews>
   782268
  </reviews>
  <new>
   +
  </new>
  <sporty>
   no
  </sporty>
 </clothing>
 <clothing>
  <id>
   773297152
  </id>
  <name>
   Adidas Pants Q-3611
  </name>
  <category>
   Pants
  </category>
  <size>
   XL
  </size>
  <color>
   Желтый
  </color>
  <material>
   Вискоза
  </material>
  <price>
   922622
  </price>
  <rating>
   4.4
  </rating>
  <reviews>
   856188
  </reviews>
  <new>
   -
  </new>
  <sporty>
   no
  </sporty>
 </clothing>
 <clothing>
  <id>
   560317044
  </id>
  <name>
   Reebok Pants B-9669
  </name>
  <category>
   Pants
  </category>
  <size>
   M
  </size>
  <color>
   Фиолетовый
  </color>
  <material>
   Лен
  </material>
  <price>
   366320
  </price>
  <rating>
   3.07
  </rating>
  <reviews>
   289323
  </reviews>
  <sporty>
   no
  </sporty>
 </clothing>
 <clothing>
  <id>
   136657806
  </id>
  <name>
   PleinSport Umbrellas S-3644
  </name>
  <category>
   Umbrellas
  </category>
  <size>
   M
  </size>
  <color>
   Желтый
  </color>
  <material>
   Нейлон
  </material>
  <price>
   669036
  </price>
  <rating>
   4.02
  </rating>
  <reviews>
   943414
  </reviews>
  <new>
   +
  </new>
 </clothing>
 <clothing>
  <id>
   200729972
  </id>
  <name>
   Under Armour Dress S-1452
  </name>
  <category>
   Dress
  </category>
  <size>
   S
  </size>
  <color>
   Голубой
  </color>
  <material>
   Полиэстер
  </material>
  <price>
   757122
  </price>
  <rating>
   3.38
  </rating>
  <reviews>
   385797
  </reviews>
  <exclusive>
   yes
  </exclusive>
 </clothing>
 <clothing>
  <id>
   469543143
  </id>
  <name>
   Puma Blouse C-7273
  </name>
  <category>
   Blouse
  </category>
  <size>
   XXL
  </size>
  <color>
   Фиолетовый
  </color>
  <material>
   Шелк
  </material>
  <price>
   825795
  </price>
  <rating>
   2.77
  </rating>
  <reviews>
   720129
  </reviews>
  <new>
   +
  </new>
 </clothing>
 <clothing>
  <id>
   402028848
  </id>
  <name>
   PleinSport Blouse N-8253
  </name>
  <category>
   Blouse
  </category>
  <size>
   S
  </size>
  <color>
   Синий
  </color>
  <material>
   Полиэстер
  </material>
  <price>
   372931
  </price>
  <rating>
   4.75
  </rating>
  <reviews>
   713301
  </reviews>
  <new>
   -
  </new>
  <exclusive>
   yes
  </exclusive>
  <sporty>
   yes
  </sporty>
 </clothing>
 <clothing>
  <id>
   690480921
  </id>
  <name>
   DC Dress Y-2991
  </name>
  <category>
   Dress
  </category>
  <size>
   S
  </size>
  <color>
   Голубой
  </color>
  <material>
   Вискоза
  </material>
  <price>
   497609
  </price>
  <rating>
   3.01
  </rating>
  <reviews>
   304868
  </reviews>
  <new>
   -
  </new>
  <sporty>
   yes
  </sporty>
 </clothing>
 <clothing>
  <id>
   763202952
  </id>
  <name>
   Asics Sweater J-4712
  </name>
  <category>
   Sweater
  </category>
  <size>
   XL
  </size>
  <color>
   Красный
  </color>
  <material>
   Хлопок
  </material>
  <price>
   222598
  </price>
  <rating>
   4.16
  </rating>
  <reviews>
   188530
  </reviews>
  <new>
   -
  </new>
  <exclusive>
   no
  </exclusive>
 </clothing>
 <clothing>
  <id>
   223192264
  </id>
  <name>
   Under Armour Shoes R-4294
  </name>
  <category>
   Shoes
  </category>
  <size>
   L
  </size>
  <color>
   Голубой
  </color>
  <material>
   Полиэстер
  </material>
  <price>
   849173
  </price>
  <rating>
   3.77
  </rating>
  <reviews>
   651049
  </reviews>
  <sporty>
   no
  </sporty>
 </clothing>
 <clothing>
  <id>
   361684970
  </id>
  <name>
   Lacoste Socks R-3300
  </name>
  <category>
   Socks
  </category>
  <size>
   XXL
  </size>
  <color>
   Оранжевый
  </color>
  <material>
   Полиэстер
  </material>
  <price>
   204577
  </price>
  <rating>
   2.77
  </rating>
  <reviews>
   715358
  </reviews>
  <sporty>
   yes
  </sporty>
 </clothing>
 <clothing>
  <id>
   169393980
  </id>
  <name>
   DC Shoes Q-9492
  </name>
  <category>
   Shoes
  </category>
  <size>
   S
  </size>
  <color>
   Фиолетовый
  </color>
  <material>
   Хлопок
  </material>
  <price>
   145121
  </price>
  <rating>
   4.69
  </rating>
  <reviews>
   941584
  </reviews>
  <new>
   -
  </new>
  <exclusive>
   no
  </exclusive>
 </clothing>
 <clothing>
  <id>
   230453362
  </id>
  <name>
   DC Gloves A-8101
  </name>
  <category>
   Gloves
  </category>
  <size>
   XXL
  </size>
  <color>
   Синий
  </color>
  <material>
   Хлопок
  </material>
  <price>
   437336
  </price>
  <rating>
   2.94
  </rating>
  <reviews>
   788323
  </reviews>
  <exclusive>
   yes
  </exclusive>
  <sporty>
   yes
  </sporty>
 </clothing>
 <clothing>
  <id>
   146136606
  </id>
  <name>
   DC Jacket M-1398
  </name>
  <category>
   Jacket
  </category>
  <size>
   M
  </size>
  <color>
   Желтый
  </color>
  <material>
   Кожа
  </material>
  <price>
   147325
  </price>
  <rating>
   3.92
  </rating>
  <reviews>
   678546
  </reviews>
 </clothing>
 <clothing>
  <id>
   739325704
  </id>
  <name>
   Adidas Blouse P-2117
  </name>
  <category>
   Blouse
  </category>
  <size>
   M
  </size>
  <color>
   Желтый
  </color>
  <material>
   Вискоза
  </material>
  <price>
   374075
  </price>
  <rating>
   1.91
  </rating>
  <reviews>
   124176
  </reviews>
  <sporty>
   yes
  </sporty>
 </clothing>
 <clothing>
  <id>
   711666489
  </id>
  <name>
   Puma Shirt Z-2819
  </name>
  <category>
   Shirt
  </category>
  <size>
   XXL
  </size>
  <color>
   Оранжевый
  </color>
  <material>
   Кожа
  </material>
  <price>
   435470
  </price>
  <rating>
   2.87
  </rating>
  <reviews>
   284125
  </reviews>
  <new>
   +
  </new>
  <exclusive>
   yes
  </exclusive>
 </clothing>
 <clothing>
  <id>
   180642167
  </id>
  <name>
   PleinSport Jacket Y-9653
  </name>
  <category>
   Jacket
  </category>
  <size>
   XL
  </size>
  <color>
   Красный
  </color>
  <material>
   Шерсть
  </material>
  <price>
   439140
  </price>
  <rating>
   4.98
  </rating>
  <reviews>
   96019
  </reviews>
  <exclusive>
   no
  </exclusive>
  <sporty>
   no
  </sporty>
 </clothing>
</clothing-items>
