<?xml version="1.0" encoding="utf-8"?>
<clothing-items>
 <clothing>
  <id>
   737922948
  </id>
  <name>
   Converse Blouse V-5659
  </name>
  <category>
   Blouse
  </category>
  <size>
   XXL
  </size>
  <color>
   Желтый
  </color>
  <material>
   Вискоза
  </material>
  <price>
   840696
  </price>
  <rating>
   1.31
  </rating>
  <reviews>
   434748
  </reviews>
  <exclusive>
   no
  </exclusive>
 </clothing>
 <clothing>
  <id>
   721294660
  </id>
  <name>
   Reebok Pants Z-1759
  </name>
  <category>
   Pants
  </category>
  <size>
   XL
  </size>
  <color>
   Оранжевый
  </color>
  <material>
   Вискоза
  </material>
  <price>
   744839
  </price>
  <rating>
   3.75
  </rating>
  <reviews>
   810297
  </reviews>
  <new>
   -
  </new>
  <exclusive>
   no
  </exclusive>
 </clothing>
 <clothing>
  <id>
   998287181
  </id>
  <name>
   Lacoste Hat A-9468
  </name>
  <category>
   Hat
  </category>
  <size>
   XL
  </size>
  <color>
   Оранжевый
  </color>
  <material>
   Лен
  </material>
  <price>
   774930
  </price>
  <rating>
   4.13
  </rating>
  <reviews>
   845858
  </reviews>
  <exclusive>
   no
  </exclusive>
  <sporty>
   yes
  </sporty>
 </clothing>
 <clothing>
  <id>
   885173892
  </id>
  <name>
   Nike Umbrellas X-8020
  </name>
  <category>
   Umbrellas
  </category>
  <size>
   M
  </size>
  <color>
   Зеленый
  </color>
  <material>
   Хлопок
  </material>
  <price>
   269333
  </price>
  <rating>
   3.3
  </rating>
  <reviews>
   97858
  </reviews>
 </clothing>
 <clothing>
  <id>
   875645116
  </id>
  <name>
   Addidas Blouse L-9399
  </name>
  <category>
   Blouse
  </category>
  <size>
   S
  </size>
  <color>
   Голубой
  </color>
  <material>
   Лен
  </material>
  <price>
   245863
  </price>
  <rating>
   3.63
  </rating>
  <reviews>
   487565
  </reviews>
  <exclusive>
   no
  </exclusive>
 </clothing>
 <clothing>
  <id>
   897202563
  </id>
  <name>
   Brooks Hat U-5064
  </name>
  <category>
   Hat
  </category>
  <size>
   L
  </size>
  <color>
   Зеленый
  </color>
  <material>
   Полиэстер
  </material>
  <price>
   574147
  </price>
  <rating>
   3.53
  </rating>
  <reviews>
   74451
  </reviews>
  <new>
   +
  </new>
  <exclusive>
   yes
  </exclusive>
 </clothing>
 <clothing>
  <id>
   289831216
  </id>
  <name>
   Vans T-shirt S-8091
  </name>
  <category>
   T-shirt
  </category>
  <size>
   M
  </size>
  <color>
   Красный
  </color>
  <material>
   Лен
  </material>
  <price>
   703609
  </price>
  <rating>
   4.56
  </rating>
  <reviews>
   450133
  </reviews>
  <new>
   -
  </new>
  <exclusive>
   no
  </exclusive>
  <sporty>
   no
  </sporty>
 </clothing>
 <clothing>
  <id>
   239510639
  </id>
  <name>
   New Balance Skirt N-4525
  </name>
  <category>
   Skirt
  </category>
  <size>
   L
  </size>
  <color>
   Желтый
  </color>
  <material>
   Хлопок
  </material>
  <price>
   845001
  </price>
  <rating>
   2.04
  </rating>
  <reviews>
   878711
  </reviews>
  <new>
   +
  </new>
  <exclusive>
   no
  </exclusive>
  <sporty>
   no
  </sporty>
 </clothing>
 <clothing>
  <id>
   903876400
  </id>
  <name>
   Adidas Shoes F-4518
  </name>
  <category>
   Shoes
  </category>
  <size>
   XL
  </size>
  <color>
   Желтый
  </color>
  <material>
   Полиэстер
  </material>
  <price>
   798527
  </price>
  <rating>
   2.72
  </rating>
  <reviews>
   568698
  </reviews>
  <exclusive>
   no
  </exclusive>
 </clothing>
 <clothing>
  <id>
   316221750
  </id>
  <name>
   Ellesse T-shirt N-9086
  </name>
  <category>
   T-shirt
  </category>
  <size>
   XXL
  </size>
  <color>
   Красный
  </color>
  <material>
   Лен
  </material>
  <price>
   401921
  </price>
  <rating>
   2.24
  </rating>
  <reviews>
   76573
  </reviews>
  <sporty>
   no
  </sporty>
 </clothing>
 <clothing>
  <id>
   188225237
  </id>
  <name>
   Fila Belts K-1642
  </name>
  <category>
   Belts
  </category>
  <size>
   XL
  </size>
  <color>
   Синий
  </color>
  <material>
   Хлопок
  </material>
  <price>
   932305
  </price>
  <rating>
   4.41
  </rating>
  <reviews>
   658733
  </reviews>
  <new>
   -
  </new>
 </clothing>
 <clothing>
  <id>
   270282196
  </id>
  <name>
   Adidas Belts H-6114
  </name>
  <category>
   Belts
  </category>
  <size>
   XL
  </size>
  <color>
   Фиолетовый
  </color>
  <material>
   Полиэстер
  </material>
  <price>
   801827
  </price>
  <rating>
   1.03
  </rating>
  <reviews>
   736930
  </reviews>
  <new>
   -
  </new>
  <sporty>
   no
  </sporty>
 </clothing>
 <clothing>
  <id>
   473680967
  </id>
  <name>
   Nike Hat I-3584
  </name>
  <category>
   Hat
  </category>
  <size>
   L
  </size>
  <color>
   Зеленый
  </color>
  <material>
   Кожа
  </material>
  <price>
   493668
  </price>
  <rating>
   1.35
  </rating>
  <reviews>
   866755
  </reviews>
  <exclusive>
   no
  </exclusive>
  <sporty>
   no
  </sporty>
 </clothing>
 <clothing>
  <id>
   144091932
  </id>
  <name>
   Addidas T-shirt P-1336
  </name>
  <category>
   T-shirt
  </category>
  <size>
   XXL
  </size>
  <color>
   Голубой
  </color>
  <material>
   Хлопок
  </material>
  <price>
   639023
  </price>
  <rating>
   1.65
  </rating>
  <reviews>
   80407
  </reviews>
  <new>
   +
  </new>
  <sporty>
   yes
  </sporty>
 </clothing>
 <clothing>
  <id>
   216867905
  </id>
  <name>
   Asics Socks H-3695
  </name>
  <category>
   Socks
  </category>
  <size>
   M
  </size>
  <color>
   Красный
  </color>
  <material>
   Лен
  </material>
  <price>
   215426
  </price>
  <rating>
   3.03
  </rating>
  <reviews>
   281658
  </reviews>
  <sporty>
   yes
  </sporty>
 </clothing>
 <clothing>
  <id>
   923051791
  </id>
  <name>
   DC Pants F-2030
  </name>
  <category>
   Pants
  </category>
  <size>
   XXL
  </size>
  <color>
   Синий
  </color>
  <material>
   Кожа
  </material>
  <price>
   855572
  </price>
  <rating>
   3.38
  </rating>
  <reviews>
   982634
  </reviews>
  <sporty>
   yes
  </sporty>
 </clothing>
 <clothing>
  <id>
   818039394
  </id>
  <name>
   Addidas Sweater M-4700
  </name>
  <category>
   Sweater
  </category>
  <size>
   S
  </size>
  <color>
   Зеленый
  </color>
  <material>
   Нейлон
  </material>
  <price>
   780038
  </price>
  <rating>
   1.98
  </rating>
  <reviews>
   1437
  </reviews>
  <exclusive>
   no
  </exclusive>
  <sporty>
   no
  </sporty>
 </clothing>
</clothing-items>
