<?xml version="1.0" encoding="utf-8"?>
<clothing-items>
 <clothing>
  <id>
   706615910
  </id>
  <name>
   Brooks Gloves W-2275
  </name>
  <category>
   Gloves
  </category>
  <size>
   XXL
  </size>
  <color>
   Фиолетовый
  </color>
  <material>
   Кожа
  </material>
  <price>
   461211
  </price>
  <rating>
   2.55
  </rating>
  <reviews>
   450062
  </reviews>
  <sporty>
   yes
  </sporty>
 </clothing>
 <clothing>
  <id>
   253159208
  </id>
  <name>
   Puma Shoes V-4128
  </name>
  <category>
   Shoes
  </category>
  <size>
   M
  </size>
  <color>
   Голубой
  </color>
  <material>
   Лен
  </material>
  <price>
   940658
  </price>
  <rating>
   2.06
  </rating>
  <reviews>
   110546
  </reviews>
  <new>
   +
  </new>
 </clothing>
 <clothing>
  <id>
   690499380
  </id>
  <name>
   Ellesse Shoes E-9633
  </name>
  <category>
   Shoes
  </category>
  <size>
   XXL
  </size>
  <color>
   Красный
  </color>
  <material>
   Вискоза
  </material>
  <price>
   563132
  </price>
  <rating>
   1.69
  </rating>
  <reviews>
   776760
  </reviews>
  <exclusive>
   no
  </exclusive>
  <sporty>
   no
  </sporty>
 </clothing>
 <clothing>
  <id>
   705374514
  </id>
  <name>
   Adidas Belts O-6081
  </name>
  <category>
   Belts
  </category>
  <size>
   L
  </size>
  <color>
   Зеленый
  </color>
  <material>
   Хлопок
  </material>
  <price>
   274750
  </price>
  <rating>
   4.05
  </rating>
  <reviews>
   826355
  </reviews>
  <new>
   -
  </new>
  <sporty>
   yes
  </sporty>
 </clothing>
 <clothing>
  <id>
   960340230
  </id>
  <name>
   Under Armour Handbags W-1531
  </name>
  <category>
   Handbags
  </category>
  <size>
   M
  </size>
  <color>
   Оранжевый
  </color>
  <material>
   Шерсть
  </material>
  <price>
   175158
  </price>
  <rating>
   3.81
  </rating>
  <reviews>
   173484
  </reviews>
 </clothing>
 <clothing>
  <id>
   824167628
  </id>
  <name>
   PleinSport Blouse A-8828
  </name>
  <category>
   Blouse
  </category>
  <size>
   S
  </size>
  <color>
   Красный
  </color>
  <material>
   Полиэстер
  </material>
  <price>
   785027
  </price>
  <rating>
   2.78
  </rating>
  <reviews>
   64746
  </reviews>
  <exclusive>
   no
  </exclusive>
 </clothing>
 <clothing>
  <id>
   155139929
  </id>
  <name>
   Vans Handbags I-1169
  </name>
  <category>
   Handbags
  </category>
  <size>
   XL
  </size>
  <color>
   Фиолетовый
  </color>
  <material>
   Лен
  </material>
  <price>
   923089
  </price>
  <rating>
   1.93
  </rating>
  <reviews>
   869000
  </reviews>
  <new>
   +
  </new>
  <exclusive>
   no
  </exclusive>
  <sporty>
   no
  </sporty>
 </clothing>
 <clothing>
  <id>
   101011166
  </id>
  <name>
   New Balance Dress R-4360
  </name>
  <category>
   Dress
  </category>
  <size>
   L
  </size>
  <color>
   Фиолетовый
  </color>
  <material>
   Лен
  </material>
  <price>
   275081
  </price>
  <rating>
   1.3
  </rating>
  <reviews>
   466903
  </reviews>
  <exclusive>
   yes
  </exclusive>
  <sporty>
   no
  </sporty>
 </clothing>
 <clothing>
  <id>
   851169640
  </id>
  <name>
   Vans Sweater J-1760
  </name>
  <category>
   Sweater
  </category>
  <size>
   XL
  </size>
  <color>
   Голубой
  </color>
  <material>
   Шелк
  </material>
  <price>
   709257
  </price>
  <rating>
   2.63
  </rating>
  <reviews>
   636336
  </reviews>
  <exclusive>
   yes
  </exclusive>
  <sporty>
   yes
  </sporty>
 </clothing>
 <clothing>
  <id>
   107069848
  </id>
  <name>
   New Balance Shoes R-1363
  </name>
  <category>
   Shoes
  </category>
  <size>
   M
  </size>
  <color>
   Голубой
  </color>
  <material>
   Нейлон
  </material>
  <price>
   321716
  </price>
  <rating>
   4.75
  </rating>
  <reviews>
   553187
  </reviews>
  <exclusive>
   no
  </exclusive>
  <sporty>
   no
  </sporty>
 </clothing>
 <clothing>
  <id>
   582898102
  </id>
  <name>
   Converse Jeans P-9721
  </name>
  <category>
   Jeans
  </category>
  <size>
   L
  </size>
  <color>
   Зеленый
  </color>
  <material>
   Нейлон
  </material>
  <price>
   278005
  </price>
  <rating>
   2.14
  </rating>
  <reviews>
   36999
  </reviews>
  <sporty>
   yes
  </sporty>
 </clothing>
 <clothing>
  <id>
   417615071
  </id>
  <name>
   Addidas Blouse L-7392
  </name>
  <category>
   Blouse
  </category>
  <size>
   M
  </size>
  <color>
   Оранжевый
  </color>
  <material>
   Нейлон
  </material>
  <price>
   266811
  </price>
  <rating>
   2.88
  </rating>
  <reviews>
   506513
  </reviews>
  <new>
   -
  </new>
  <exclusive>
   no
  </exclusive>
  <sporty>
   yes
  </sporty>
 </clothing>
 <clothing>
  <id>
   682366433
  </id>
  <name>
   Lacoste Gloves S-9152
  </name>
  <category>
   Gloves
  </category>
  <size>
   L
  </size>
  <color>
   Зеленый
  </color>
  <material>
   Лен
  </material>
  <price>
   132444
  </price>
  <rating>
   1.77
  </rating>
  <reviews>
   292176
  </reviews>
  <sporty>
   no
  </sporty>
 </clothing>
 <clothing>
  <id>
   328935546
  </id>
  <name>
   DC Dress R-8342
  </name>
  <category>
   Dress
  </category>
  <size>
   S
  </size>
  <color>
   Фиолетовый
  </color>
  <material>
   Нейлон
  </material>
  <price>
   778811
  </price>
  <rating>
   4.19
  </rating>
  <reviews>
   598269
  </reviews>
  <exclusive>
   no
  </exclusive>
  <sporty>
   no
  </sporty>
 </clothing>
 <clothing>
  <id>
   192937370
  </id>
  <name>
   Asics Blouse M-4279
  </name>
  <category>
   Blouse
  </category>
  <size>
   L
  </size>
  <color>
   Голубой
  </color>
  <material>
   Лен
  </material>
  <price>
   123473
  </price>
  <rating>
   2.19
  </rating>
  <reviews>
   712081
  </reviews>
  <exclusive>
   yes
  </exclusive>
  <sporty>
   no
  </sporty>
 </clothing>
 <clothing>
  <id>
   540094266
  </id>
  <name>
   Brooks Skirt Y-2892
  </name>
  <category>
   Skirt
  </category>
  <size>
   M
  </size>
  <color>
   Желтый
  </color>
  <material>
   Нейлон
  </material>
  <price>
   689962
  </price>
  <rating>
   2.0
  </rating>
  <reviews>
   431157
  </reviews>
  <exclusive>
   yes
  </exclusive>
  <sporty>
   no
  </sporty>
 </clothing>
 <clothing>
  <id>
   446621431
  </id>
  <name>
   Nike Shirt X-1727
  </name>
  <category>
   Shirt
  </category>
  <size>
   L
  </size>
  <color>
   Зеленый
  </color>
  <material>
   Хлопок
  </material>
  <price>
   172579
  </price>
  <rating>
   2.35
  </rating>
  <reviews>
   220168
  </reviews>
  <exclusive>
   yes
  </exclusive>
 </clothing>
 <clothing>
  <id>
   361789054
  </id>
  <name>
   Lacoste Sweater P-7424
  </name>
  <category>
   Sweater
  </category>
  <size>
   XL
  </size>
  <color>
   Фиолетовый
  </color>
  <material>
   Хлопок
  </material>
  <price>
   837465
  </price>
  <rating>
   3.47
  </rating>
  <reviews>
   119369
  </reviews>
  <new>
   -
  </new>
  <exclusive>
   yes
  </exclusive>
 </clothing>
 <clothing>
  <id>
   731475244
  </id>
  <name>
   Nike Shoes A-1746
  </name>
  <category>
   Shoes
  </category>
  <size>
   L
  </size>
  <color>
   Голубой
  </color>
  <material>
   Полиэстер
  </material>
  <price>
   414095
  </price>
  <rating>
   1.43
  </rating>
  <reviews>
   782490
  </reviews>
  <sporty>
   yes
  </sporty>
 </clothing>
 <clothing>
  <id>
   710272987
  </id>
  <name>
   PleinSport Umbrellas B-2260
  </name>
  <category>
   Umbrellas
  </category>
  <size>
   L
  </size>
  <color>
   Красный
  </color>
  <material>
   Кожа
  </material>
  <price>
   848245
  </price>
  <rating>
   3.73
  </rating>
  <reviews>
   142629
  </reviews>
  <new>
   -
  </new>
  <exclusive>
   no
  </exclusive>
 </clothing>
 <clothing>
  <id>
   645570254
  </id>
  <name>
   Vans Pants L-1051
  </name>
  <category>
   Pants
  </category>
  <size>
   XXL
  </size>
  <color>
   Фиолетовый
  </color>
  <material>
   Вискоза
  </material>
  <price>
   199732
  </price>
  <rating>
   4.77
  </rating>
  <reviews>
   905470
  </reviews>
  <exclusive>
   no
  </exclusive>
 </clothing>
 <clothing>
  <id>
   249515207
  </id>
  <name>
   Addidas Hat G-8783
  </name>
  <category>
   Hat
  </category>
  <size>
   M
  </size>
  <color>
   Фиолетовый
  </color>
  <material>
   Шелк
  </material>
  <price>
   245334
  </price>
  <rating>
   3.81
  </rating>
  <reviews>
   152126
  </reviews>
  <exclusive>
   no
  </exclusive>
 </clothing>
 <clothing>
  <id>
   508121618
  </id>
  <name>
   Ellesse Jacket F-2678
  </name>
  <category>
   Jacket
  </category>
  <size>
   L
  </size>
  <color>
   Желтый
  </color>
  <material>
   Нейлон
  </material>
  <price>
   619303
  </price>
  <rating>
   1.66
  </rating>
  <reviews>
   852203
  </reviews>
  <new>
   -
  </new>
  <exclusive>
   no
  </exclusive>
 </clothing>
 <clothing>
  <id>
   716492405
  </id>
  <name>
   DC Hat M-1588
  </name>
  <category>
   Hat
  </category>
  <size>
   M
  </size>
  <color>
   Синий
  </color>
  <material>
   Кожа
  </material>
  <price>
   886859
  </price>
  <rating>
   2.37
  </rating>
  <reviews>
   914847
  </reviews>
  <exclusive>
   no
  </exclusive>
  <sporty>
   no
  </sporty>
 </clothing>
 <clothing>
  <id>
   385479570
  </id>
  <name>
   Reebok Pants S-4083
  </name>
  <category>
   Pants
  </category>
  <size>
   XL
  </size>
  <color>
   Желтый
  </color>
  <material>
   Шерсть
  </material>
  <price>
   342437
  </price>
  <rating>
   4.9
  </rating>
  <reviews>
   506178
  </reviews>
  <new>
   -
  </new>
  <sporty>
   no
  </sporty>
 </clothing>
</clothing-items>
