<?xml version="1.0" encoding="utf-8"?>
<clothing-items>
 <clothing>
  <id>
   937068527
  </id>
  <name>
   Puma Socks S-3504
  </name>
  <category>
   Socks
  </category>
  <size>
   XL
  </size>
  <color>
   Желтый
  </color>
  <material>
   Вискоза
  </material>
  <price>
   191900
  </price>
  <rating>
   2.21
  </rating>
  <reviews>
   146949
  </reviews>
  <new>
   -
  </new>
 </clothing>
 <clothing>
  <id>
   184984047
  </id>
  <name>
   Puma Shoes P-8565
  </name>
  <category>
   Shoes
  </category>
  <size>
   M
  </size>
  <color>
   Синий
  </color>
  <material>
   Шелк
  </material>
  <price>
   527515
  </price>
  <rating>
   1.54
  </rating>
  <reviews>
   69586
  </reviews>
  <new>
   -
  </new>
  <exclusive>
   no
  </exclusive>
  <sporty>
   no
  </sporty>
 </clothing>
 <clothing>
  <id>
   390733805
  </id>
  <name>
   PleinSport Sweater A-8485
  </name>
  <category>
   Sweater
  </category>
  <size>
   L
  </size>
  <color>
   Зеленый
  </color>
  <material>
   Хлопок
  </material>
  <price>
   158217
  </price>
  <rating>
   2.15
  </rating>
  <reviews>
   623263
  </reviews>
  <new>
   -
  </new>
  <sporty>
   no
  </sporty>
 </clothing>
 <clothing>
  <id>
   160467034
  </id>
  <name>
   Addidas Sweater D-7353
  </name>
  <category>
   Sweater
  </category>
  <size>
   XXL
  </size>
  <color>
   Фиолетовый
  </color>
  <material>
   Полиэстер
  </material>
  <price>
   554512
  </price>
  <rating>
   2.88
  </rating>
  <reviews>
   767909
  </reviews>
  <new>
   +
  </new>
  <exclusive>
   yes
  </exclusive>
 </clothing>
 <clothing>
  <id>
   631992514
  </id>
  <name>
   Nike Belts G-7338
  </name>
  <category>
   Belts
  </category>
  <size>
   L
  </size>
  <color>
   Фиолетовый
  </color>
  <material>
   Лен
  </material>
  <price>
   485957
  </price>
  <rating>
   4.88
  </rating>
  <reviews>
   607632
  </reviews>
  <new>
   +
  </new>
  <sporty>
   no
  </sporty>
 </clothing>
 <clothing>
  <id>
   653927751
  </id>
  <name>
   Converse Shoes M-7622
  </name>
  <category>
   Shoes
  </category>
  <size>
   L
  </size>
  <color>
   Голубой
  </color>
  <material>
   Нейлон
  </material>
  <price>
   409261
  </price>
  <rating>
   4.53
  </rating>
  <reviews>
   16446
  </reviews>
  <new>
   -
  </new>
 </clothing>
 <clothing>
  <id>
   386681320
  </id>
  <name>
   Fila Dress W-9672
  </name>
  <category>
   Dress
  </category>
  <size>
   M
  </size>
  <color>
   Фиолетовый
  </color>
  <material>
   Кожа
  </material>
  <price>
   919932
  </price>
  <rating>
   4.31
  </rating>
  <reviews>
   254560
  </reviews>
  <exclusive>
   yes
  </exclusive>
  <sporty>
   no
  </sporty>
 </clothing>
 <clothing>
  <id>
   126535245
  </id>
  <name>
   Adidas Sweater C-7368
  </name>
  <category>
   Sweater
  </category>
  <size>
   S
  </size>
  <color>
   Красный
  </color>
  <material>
   Кожа
  </material>
  <price>
   993985
  </price>
  <rating>
   1.18
  </rating>
  <reviews>
   169146
  </reviews>
  <new>
   -
  </new>
  <exclusive>
   no
  </exclusive>
  <sporty>
   yes
  </sporty>
 </clothing>
 <clothing>
  <id>
   631086806
  </id>
  <name>
   New Balance T-shirt E-1284
  </name>
  <category>
   T-shirt
  </category>
  <size>
   M
  </size>
  <color>
   Фиолетовый
  </color>
  <material>
   Шерсть
  </material>
  <price>
   467664
  </price>
  <rating>
   3.47
  </rating>
  <reviews>
   359064
  </reviews>
  <exclusive>
   no
  </exclusive>
 </clothing>
 <clothing>
  <id>
   118322135
  </id>
  <name>
   Ellesse Sweater S-9043
  </name>
  <category>
   Sweater
  </category>
  <size>
   L
  </size>
  <color>
   Синий
  </color>
  <material>
   Вискоза
  </material>
  <price>
   883485
  </price>
  <rating>
   4.67
  </rating>
  <reviews>
   241563
  </reviews>
  <new>
   +
  </new>
 </clothing>
 <clothing>
  <id>
   876480667
  </id>
  <name>
   Under Armour Pants L-1923
  </name>
  <category>
   Pants
  </category>
  <size>
   XXL
  </size>
  <color>
   Оранжевый
  </color>
  <material>
   Шелк
  </material>
  <price>
   776282
  </price>
  <rating>
   4.01
  </rating>
  <reviews>
   847136
  </reviews>
  <new>
   -
  </new>
 </clothing>
 <clothing>
  <id>
   530989497
  </id>
  <name>
   New Balance Jacket U-7069
  </name>
  <category>
   Jacket
  </category>
  <size>
   M
  </size>
  <color>
   Фиолетовый
  </color>
  <material>
   Вискоза
  </material>
  <price>
   873709
  </price>
  <rating>
   3.08
  </rating>
  <reviews>
   572225
  </reviews>
  <new>
   +
  </new>
  <exclusive>
   yes
  </exclusive>
  <sporty>
   yes
  </sporty>
 </clothing>
 <clothing>
  <id>
   291181484
  </id>
  <name>
   Brooks Dress L-9593
  </name>
  <category>
   Dress
  </category>
  <size>
   XXL
  </size>
  <color>
   Красный
  </color>
  <material>
   Вискоза
  </material>
  <price>
   405474
  </price>
  <rating>
   4.51
  </rating>
  <reviews>
   508228
  </reviews>
  <new>
   +
  </new>
 </clothing>
 <clothing>
  <id>
   601016823
  </id>
  <name>
   Ellesse Socks G-5253
  </name>
  <category>
   Socks
  </category>
  <size>
   XL
  </size>
  <color>
   Красный
  </color>
  <material>
   Кожа
  </material>
  <price>
   738469
  </price>
  <rating>
   2.9
  </rating>
  <reviews>
   213611
  </reviews>
  <new>
   -
  </new>
  <sporty>
   no
  </sporty>
 </clothing>
 <clothing>
  <id>
   397572110
  </id>
  <name>
   Nike Sweater O-9335
  </name>
  <category>
   Sweater
  </category>
  <size>
   XL
  </size>
  <color>
   Синий
  </color>
  <material>
   Шерсть
  </material>
  <price>
   348379
  </price>
  <rating>
   3.7
  </rating>
  <reviews>
   489059
  </reviews>
  <new>
   -
  </new>
  <exclusive>
   yes
  </exclusive>
 </clothing>
 <clothing>
  <id>
   366803385
  </id>
  <name>
   Lacoste Jacket P-9191
  </name>
  <category>
   Jacket
  </category>
  <size>
   L
  </size>
  <color>
   Синий
  </color>
  <material>
   Полиэстер
  </material>
  <price>
   680751
  </price>
  <rating>
   3.47
  </rating>
  <reviews>
   856081
  </reviews>
  <new>
   +
  </new>
  <exclusive>
   no
  </exclusive>
  <sporty>
   no
  </sporty>
 </clothing>
 <clothing>
  <id>
   130721910
  </id>
  <name>
   Lacoste Dress O-5074
  </name>
  <category>
   Dress
  </category>
  <size>
   XXL
  </size>
  <color>
   Красный
  </color>
  <material>
   Нейлон
  </material>
  <price>
   241616
  </price>
  <rating>
   1.44
  </rating>
  <reviews>
   525044
  </reviews>
  <sporty>
   yes
  </sporty>
 </clothing>
 <clothing>
  <id>
   229289385
  </id>
  <name>
   DC Umbrellas Y-1441
  </name>
  <category>
   Umbrellas
  </category>
  <size>
   XL
  </size>
  <color>
   Красный
  </color>
  <material>
   Кожа
  </material>
  <price>
   104282
  </price>
  <rating>
   1.32
  </rating>
  <reviews>
   722875
  </reviews>
  <new>
   -
  </new>
 </clothing>
 <clothing>
  <id>
   842758862
  </id>
  <name>
   Ellesse Umbrellas M-9345
  </name>
  <category>
   Umbrellas
  </category>
  <size>
   M
  </size>
  <color>
   Оранжевый
  </color>
  <material>
   Полиэстер
  </material>
  <price>
   139042
  </price>
  <rating>
   3.51
  </rating>
  <reviews>
   364466
  </reviews>
  <new>
   -
  </new>
  <sporty>
   yes
  </sporty>
 </clothing>
 <clothing>
  <id>
   969398227
  </id>
  <name>
   PleinSport Pants D-7383
  </name>
  <category>
   Pants
  </category>
  <size>
   XXL
  </size>
  <color>
   Красный
  </color>
  <material>
   Хлопок
  </material>
  <price>
   982317
  </price>
  <rating>
   3.06
  </rating>
  <reviews>
   64538
  </reviews>
  <exclusive>
   yes
  </exclusive>
 </clothing>
 <clothing>
  <id>
   976487899
  </id>
  <name>
   Asics Dress F-8380
  </name>
  <category>
   Dress
  </category>
  <size>
   L
  </size>
  <color>
   Голубой
  </color>
  <material>
   Шелк
  </material>
  <price>
   463009
  </price>
  <rating>
   1.12
  </rating>
  <reviews>
   387179
  </reviews>
 </clothing>
 <clothing>
  <id>
   630251426
  </id>
  <name>
   Nike Jacket X-1739
  </name>
  <category>
   Jacket
  </category>
  <size>
   M
  </size>
  <color>
   Синий
  </color>
  <material>
   Кожа
  </material>
  <price>
   147807
  </price>
  <rating>
   1.2
  </rating>
  <reviews>
   144831
  </reviews>
  <new>
   +
  </new>
  <exclusive>
   no
  </exclusive>
 </clothing>
 <clothing>
  <id>
   277923653
  </id>
  <name>
   Under Armour Gloves G-9451
  </name>
  <category>
   Gloves
  </category>
  <size>
   S
  </size>
  <color>
   Голубой
  </color>
  <material>
   Шелк
  </material>
  <price>
   160225
  </price>
  <rating>
   1.76
  </rating>
  <reviews>
   161437
  </reviews>
  <new>
   -
  </new>
  <sporty>
   no
  </sporty>
 </clothing>
 <clothing>
  <id>
   897591828
  </id>
  <name>
   Reebok Pants N-2964
  </name>
  <category>
   Pants
  </category>
  <size>
   L
  </size>
  <color>
   Оранжевый
  </color>
  <material>
   Нейлон
  </material>
  <price>
   155271
  </price>
  <rating>
   2.03
  </rating>
  <reviews>
   420983
  </reviews>
  <new>
   +
  </new>
 </clothing>
 <clothing>
  <id>
   639361081
  </id>
  <name>
   New Balance Hat P-9373
  </name>
  <category>
   Hat
  </category>
  <size>
   L
  </size>
  <color>
   Оранжевый
  </color>
  <material>
   Шелк
  </material>
  <price>
   933075
  </price>
  <rating>
   2.64
  </rating>
  <reviews>
   294612
  </reviews>
  <new>
   -
  </new>
  <exclusive>
   no
  </exclusive>
 </clothing>
 <clothing>
  <id>
   375690655
  </id>
  <name>
   DC Shirt Q-6293
  </name>
  <category>
   Shirt
  </category>
  <size>
   M
  </size>
  <color>
   Красный
  </color>
  <material>
   Полиэстер
  </material>
  <price>
   377433
  </price>
  <rating>
   2.11
  </rating>
  <reviews>
   915552
  </reviews>
  <sporty>
   yes
  </sporty>
 </clothing>
 <clothing>
  <id>
   797575484
  </id>
  <name>
   Asics Shirt T-7647
  </name>
  <category>
   Shirt
  </category>
  <size>
   L
  </size>
  <color>
   Фиолетовый
  </color>
  <material>
   Кожа
  </material>
  <price>
   575642
  </price>
  <rating>
   4.39
  </rating>
  <reviews>
   395755
  </reviews>
  <new>
   +
  </new>
  <exclusive>
   no
  </exclusive>
  <sporty>
   no
  </sporty>
 </clothing>
 <clothing>
  <id>
   434047074
  </id>
  <name>
   Vans Shoes Q-7793
  </name>
  <category>
   Shoes
  </category>
  <size>
   XXL
  </size>
  <color>
   Оранжевый
  </color>
  <material>
   Хлопок
  </material>
  <price>
   620214
  </price>
  <rating>
   2.93
  </rating>
  <reviews>
   136727
  </reviews>
  <exclusive>
   yes
  </exclusive>
 </clothing>
 <clothing>
  <id>
   285631406
  </id>
  <name>
   PleinSport Jeans S-6441
  </name>
  <category>
   Jeans
  </category>
  <size>
   XXL
  </size>
  <color>
   Красный
  </color>
  <material>
   Нейлон
  </material>
  <price>
   921729
  </price>
  <rating>
   3.01
  </rating>
  <reviews>
   400911
  </reviews>
  <new>
   -
  </new>
  <exclusive>
   yes
  </exclusive>
 </clothing>
 <clothing>
  <id>
   757657199
  </id>
  <name>
   Addidas Socks J-3164
  </name>
  <category>
   Socks
  </category>
  <size>
   XL
  </size>
  <color>
   Голубой
  </color>
  <material>
   Полиэстер
  </material>
  <price>
   509399
  </price>
  <rating>
   3.52
  </rating>
  <reviews>
   553844
  </reviews>
  <sporty>
   yes
  </sporty>
 </clothing>
 <clothing>
  <id>
   915936686
  </id>
  <name>
   DC Hat U-2128
  </name>
  <category>
   Hat
  </category>
  <size>
   XXL
  </size>
  <color>
   Зеленый
  </color>
  <material>
   Шерсть
  </material>
  <price>
   211498
  </price>
  <rating>
   2.81
  </rating>
  <reviews>
   423496
  </reviews>
  <new>
   +
  </new>
  <sporty>
   no
  </sporty>
 </clothing>
 <clothing>
  <id>
   396980370
  </id>
  <name>
   DC Pants B-6337
  </name>
  <category>
   Pants
  </category>
  <size>
   S
  </size>
  <color>
   Красный
  </color>
  <material>
   Шерсть
  </material>
  <price>
   189231
  </price>
  <rating>
   2.36
  </rating>
  <reviews>
   600563
  </reviews>
  <new>
   +
  </new>
  <exclusive>
   no
  </exclusive>
 </clothing>
 <clothing>
  <id>
   355060521
  </id>
  <name>
   PleinSport Sweater H-1431
  </name>
  <category>
   Sweater
  </category>
  <size>
   XL
  </size>
  <color>
   Красный
  </color>
  <material>
   Нейлон
  </material>
  <price>
   962046
  </price>
  <rating>
   4.84
  </rating>
  <reviews>
   173422
  </reviews>
  <new>
   +
  </new>
  <exclusive>
   yes
  </exclusive>
  <sporty>
   no
  </sporty>
 </clothing>
 <clothing>
  <id>
   357123190
  </id>
  <name>
   New Balance Handbags E-3882
  </name>
  <category>
   Handbags
  </category>
  <size>
   L
  </size>
  <color>
   Желтый
  </color>
  <material>
   Кожа
  </material>
  <price>
   619047
  </price>
  <rating>
   1.06
  </rating>
  <reviews>
   978664
  </reviews>
  <new>
   +
  </new>
  <exclusive>
   yes
  </exclusive>
  <sporty>
   yes
  </sporty>
 </clothing>
 <clothing>
  <id>
   411934763
  </id>
  <name>
   Converse Handbags B-9340
  </name>
  <category>
   Handbags
  </category>
  <size>
   XL
  </size>
  <color>
   Голубой
  </color>
  <material>
   Лен
  </material>
  <price>
   991590
  </price>
  <rating>
   4.87
  </rating>
  <reviews>
   533918
  </reviews>
  <new>
   -
  </new>
  <exclusive>
   no
  </exclusive>
  <sporty>
   no
  </sporty>
 </clothing>
 <clothing>
  <id>
   969077746
  </id>
  <name>
   Puma Jacket Q-7408
  </name>
  <category>
   Jacket
  </category>
  <size>
   S
  </size>
  <color>
   Красный
  </color>
  <material>
   Шерсть
  </material>
  <price>
   171521
  </price>
  <rating>
   3.84
  </rating>
  <reviews>
   474097
  </reviews>
  <new>
   -
  </new>
  <sporty>
   yes
  </sporty>
 </clothing>
 <clothing>
  <id>
   619173170
  </id>
  <name>
   DC Skirt N-6909
  </name>
  <category>
   Skirt
  </category>
  <size>
   S
  </size>
  <color>
   Оранжевый
  </color>
  <material>
   Кожа
  </material>
  <price>
   548141
  </price>
  <rating>
   3.83
  </rating>
  <reviews>
   638035
  </reviews>
  <sporty>
   no
  </sporty>
 </clothing>
 <clothing>
  <id>
   649064822
  </id>
  <name>
   New Balance T-shirt N-7987
  </name>
  <category>
   T-shirt
  </category>
  <size>
   M
  </size>
  <color>
   Красный
  </color>
  <material>
   Лен
  </material>
  <price>
   632871
  </price>
  <rating>
   3.36
  </rating>
  <reviews>
   405463
  </reviews>
  <new>
   +
  </new>
  <exclusive>
   no
  </exclusive>
  <sporty>
   yes
  </sporty>
 </clothing>
 <clothing>
  <id>
   890173557
  </id>
  <name>
   Lacoste Gloves Z-1163
  </name>
  <category>
   Gloves
  </category>
  <size>
   XXL
  </size>
  <color>
   Голубой
  </color>
  <material>
   Шелк
  </material>
  <price>
   226554
  </price>
  <rating>
   4.23
  </rating>
  <reviews>
   10946
  </reviews>
  <exclusive>
   no
  </exclusive>
  <sporty>
   yes
  </sporty>
 </clothing>
 <clothing>
  <id>
   887593705
  </id>
  <name>
   Converse Belts N-3249
  </name>
  <category>
   Belts
  </category>
  <size>
   XXL
  </size>
  <color>
   Красный
  </color>
  <material>
   Нейлон
  </material>
  <price>
   529455
  </price>
  <rating>
   3.89
  </rating>
  <reviews>
   250828
  </reviews>
  <new>
   -
  </new>
  <sporty>
   yes
  </sporty>
 </clothing>
 <clothing>
  <id>
   472295966
  </id>
  <name>
   New Balance Jeans T-7013
  </name>
  <category>
   Jeans
  </category>
  <size>
   M
  </size>
  <color>
   Зеленый
  </color>
  <material>
   Полиэстер
  </material>
  <price>
   306786
  </price>
  <rating>
   1.15
  </rating>
  <reviews>
   520582
  </reviews>
  <new>
   -
  </new>
 </clothing>
 <clothing>
  <id>
   660691446
  </id>
  <name>
   PleinSport Gloves S-8345
  </name>
  <category>
   Gloves
  </category>
  <size>
   M
  </size>
  <color>
   Синий
  </color>
  <material>
   Нейлон
  </material>
  <price>
   908669
  </price>
  <rating>
   2.76
  </rating>
  <reviews>
   171534
  </reviews>
  <new>
   -
  </new>
  <exclusive>
   yes
  </exclusive>
 </clothing>
</clothing-items>
