<?xml version="1.0" encoding="utf-8"?>
<clothing-items>
 <clothing>
  <id>
   814411755
  </id>
  <name>
   Asics Jeans H-5593
  </name>
  <category>
   Jeans
  </category>
  <size>
   S
  </size>
  <color>
   Фиолетовый
  </color>
  <material>
   Полиэстер
  </material>
  <price>
   132639
  </price>
  <rating>
   2.77
  </rating>
  <reviews>
   666790
  </reviews>
  <exclusive>
   yes
  </exclusive>
 </clothing>
 <clothing>
  <id>
   744603263
  </id>
  <name>
   Converse Umbrellas I-8585
  </name>
  <category>
   Umbrellas
  </category>
  <size>
   XL
  </size>
  <color>
   Фиолетовый
  </color>
  <material>
   Шелк
  </material>
  <price>
   460813
  </price>
  <rating>
   1.04
  </rating>
  <reviews>
   213344
  </reviews>
  <new>
   +
  </new>
  <exclusive>
   no
  </exclusive>
  <sporty>
   no
  </sporty>
 </clothing>
 <clothing>
  <id>
   123813898
  </id>
  <name>
   Converse Shirt X-5929
  </name>
  <category>
   Shirt
  </category>
  <size>
   L
  </size>
  <color>
   Фиолетовый
  </color>
  <material>
   Кожа
  </material>
  <price>
   359587
  </price>
  <rating>
   2.98
  </rating>
  <reviews>
   431015
  </reviews>
  <new>
   -
  </new>
  <exclusive>
   yes
  </exclusive>
  <sporty>
   yes
  </sporty>
 </clothing>
 <clothing>
  <id>
   503996125
  </id>
  <name>
   Lacoste Skirt J-5571
  </name>
  <category>
   Skirt
  </category>
  <size>
   L
  </size>
  <color>
   Фиолетовый
  </color>
  <material>
   Лен
  </material>
  <price>
   672753
  </price>
  <rating>
   1.66
  </rating>
  <reviews>
   553261
  </reviews>
  <exclusive>
   no
  </exclusive>
  <sporty>
   no
  </sporty>
 </clothing>
 <clothing>
  <id>
   668468724
  </id>
  <name>
   Fila Skirt J-6162
  </name>
  <category>
   Skirt
  </category>
  <size>
   XXL
  </size>
  <color>
   Красный
  </color>
  <material>
   Хлопок
  </material>
  <price>
   904024
  </price>
  <rating>
   4.89
  </rating>
  <reviews>
   498203
  </reviews>
  <sporty>
   yes
  </sporty>
 </clothing>
 <clothing>
  <id>
   225713075
  </id>
  <name>
   New Balance Dress Z-7353
  </name>
  <category>
   Dress
  </category>
  <size>
   L
  </size>
  <color>
   Синий
  </color>
  <material>
   Полиэстер
  </material>
  <price>
   758728
  </price>
  <rating>
   2.95
  </rating>
  <reviews>
   835915
  </reviews>
  <exclusive>
   yes
  </exclusive>
  <sporty>
   no
  </sporty>
 </clothing>
 <clothing>
  <id>
   775002967
  </id>
  <name>
   Lacoste Umbrellas A-9678
  </name>
  <category>
   Umbrellas
  </category>
  <size>
   S
  </size>
  <color>
   Красный
  </color>
  <material>
   Кожа
  </material>
  <price>
   413132
  </price>
  <rating>
   3.27
  </rating>
  <reviews>
   768995
  </reviews>
  <sporty>
   no
  </sporty>
 </clothing>
 <clothing>
  <id>
   610966126
  </id>
  <name>
   Addidas Hat E-7403
  </name>
  <category>
   Hat
  </category>
  <size>
   XL
  </size>
  <color>
   Желтый
  </color>
  <material>
   Нейлон
  </material>
  <price>
   955002
  </price>
  <rating>
   2.12
  </rating>
  <reviews>
   582876
  </reviews>
  <exclusive>
   no
  </exclusive>
  <sporty>
   no
  </sporty>
 </clothing>
 <clothing>
  <id>
   212836879
  </id>
  <name>
   Puma Handbags O-3582
  </name>
  <category>
   Handbags
  </category>
  <size>
   XL
  </size>
  <color>
   Красный
  </color>
  <material>
   Хлопок
  </material>
  <price>
   441353
  </price>
  <rating>
   4.04
  </rating>
  <reviews>
   835405
  </reviews>
  <new>
   +
  </new>
  <exclusive>
   no
  </exclusive>
  <sporty>
   no
  </sporty>
 </clothing>
 <clothing>
  <id>
   551737402
  </id>
  <name>
   Reebok Hat J-1652
  </name>
  <category>
   Hat
  </category>
  <size>
   XL
  </size>
  <color>
   Голубой
  </color>
  <material>
   Полиэстер
  </material>
  <price>
   717015
  </price>
  <rating>
   4.23
  </rating>
  <reviews>
   74049
  </reviews>
  <exclusive>
   no
  </exclusive>
 </clothing>
 <clothing>
  <id>
   109135814
  </id>
  <name>
   Asics Shoes B-9051
  </name>
  <category>
   Shoes
  </category>
  <size>
   S
  </size>
  <color>
   Красный
  </color>
  <material>
   Лен
  </material>
  <price>
   734768
  </price>
  <rating>
   1.21
  </rating>
  <reviews>
   501419
  </reviews>
  <new>
   -
  </new>
  <sporty>
   yes
  </sporty>
 </clothing>
 <clothing>
  <id>
   200312306
  </id>
  <name>
   Adidas Shirt Q-9939
  </name>
  <category>
   Shirt
  </category>
  <size>
   M
  </size>
  <color>
   Фиолетовый
  </color>
  <material>
   Кожа
  </material>
  <price>
   782610
  </price>
  <rating>
   2.47
  </rating>
  <reviews>
   171753
  </reviews>
  <sporty>
   yes
  </sporty>
 </clothing>
 <clothing>
  <id>
   740439680
  </id>
  <name>
   Asics T-shirt Q-3020
  </name>
  <category>
   T-shirt
  </category>
  <size>
   XL
  </size>
  <color>
   Синий
  </color>
  <material>
   Нейлон
  </material>
  <price>
   432338
  </price>
  <rating>
   2.28
  </rating>
  <reviews>
   521550
  </reviews>
  <new>
   -
  </new>
  <sporty>
   no
  </sporty>
 </clothing>
 <clothing>
  <id>
   141503476
  </id>
  <name>
   Converse T-shirt R-1660
  </name>
  <category>
   T-shirt
  </category>
  <size>
   L
  </size>
  <color>
   Красный
  </color>
  <material>
   Шерсть
  </material>
  <price>
   838324
  </price>
  <rating>
   2.35
  </rating>
  <reviews>
   24707
  </reviews>
  <new>
   -
  </new>
 </clothing>
 <clothing>
  <id>
   711908310
  </id>
  <name>
   Converse Jacket Q-1563
  </name>
  <category>
   Jacket
  </category>
  <size>
   L
  </size>
  <color>
   Зеленый
  </color>
  <material>
   Нейлон
  </material>
  <price>
   735870
  </price>
  <rating>
   3.99
  </rating>
  <reviews>
   525018
  </reviews>
  <exclusive>
   no
  </exclusive>
  <sporty>
   no
  </sporty>
 </clothing>
 <clothing>
  <id>
   492943408
  </id>
  <name>
   Addidas Gloves J-8136
  </name>
  <category>
   Gloves
  </category>
  <size>
   L
  </size>
  <color>
   Желтый
  </color>
  <material>
   Шелк
  </material>
  <price>
   389486
  </price>
  <rating>
   2.46
  </rating>
  <reviews>
   297305
  </reviews>
  <exclusive>
   no
  </exclusive>
  <sporty>
   yes
  </sporty>
 </clothing>
 <clothing>
  <id>
   703580529
  </id>
  <name>
   Adidas Shirt Z-5209
  </name>
  <category>
   Shirt
  </category>
  <size>
   XL
  </size>
  <color>
   Фиолетовый
  </color>
  <material>
   Полиэстер
  </material>
  <price>
   291702
  </price>
  <rating>
   2.02
  </rating>
  <reviews>
   43959
  </reviews>
  <new>
   -
  </new>
  <sporty>
   yes
  </sporty>
 </clothing>
 <clothing>
  <id>
   885549914
  </id>
  <name>
   New Balance Dress G-3033
  </name>
  <category>
   Dress
  </category>
  <size>
   XXL
  </size>
  <color>
   Красный
  </color>
  <material>
   Вискоза
  </material>
  <price>
   666049
  </price>
  <rating>
   1.76
  </rating>
  <reviews>
   517306
  </reviews>
  <exclusive>
   no
  </exclusive>
 </clothing>
 <clothing>
  <id>
   541876604
  </id>
  <name>
   Nike Pants P-6723
  </name>
  <category>
   Pants
  </category>
  <size>
   M
  </size>
  <color>
   Фиолетовый
  </color>
  <material>
   Полиэстер
  </material>
  <price>
   549883
  </price>
  <rating>
   4.18
  </rating>
  <reviews>
   457181
  </reviews>
  <exclusive>
   no
  </exclusive>
 </clothing>
 <clothing>
  <id>
   273975208
  </id>
  <name>
   PleinSport Sweater E-3641
  </name>
  <category>
   Sweater
  </category>
  <size>
   L
  </size>
  <color>
   Синий
  </color>
  <material>
   Полиэстер
  </material>
  <price>
   261677
  </price>
  <rating>
   2.77
  </rating>
  <reviews>
   557878
  </reviews>
  <new>
   +
  </new>
  <sporty>
   no
  </sporty>
 </clothing>
 <clothing>
  <id>
   931503494
  </id>
  <name>
   Brooks Dress X-5086
  </name>
  <category>
   Dress
  </category>
  <size>
   M
  </size>
  <color>
   Оранжевый
  </color>
  <material>
   Вискоза
  </material>
  <price>
   883078
  </price>
  <rating>
   4.79
  </rating>
  <reviews>
   16266
  </reviews>
  <new>
   +
  </new>
  <exclusive>
   yes
  </exclusive>
 </clothing>
 <clothing>
  <id>
   616096276
  </id>
  <name>
   Adidas Jeans E-7122
  </name>
  <category>
   Jeans
  </category>
  <size>
   S
  </size>
  <color>
   Красный
  </color>
  <material>
   Нейлон
  </material>
  <price>
   219161
  </price>
  <rating>
   1.23
  </rating>
  <reviews>
   183372
  </reviews>
  <exclusive>
   no
  </exclusive>
  <sporty>
   yes
  </sporty>
 </clothing>
 <clothing>
  <id>
   317347417
  </id>
  <name>
   PleinSport Belts W-8817
  </name>
  <category>
   Belts
  </category>
  <size>
   XL
  </size>
  <color>
   Красный
  </color>
  <material>
   Хлопок
  </material>
  <price>
   447877
  </price>
  <rating>
   1.32
  </rating>
  <reviews>
   860722
  </reviews>
  <new>
   -
  </new>
  <sporty>
   yes
  </sporty>
 </clothing>
 <clothing>
  <id>
   250929588
  </id>
  <name>
   Lacoste Hat B-4005
  </name>
  <category>
   Hat
  </category>
  <size>
   S
  </size>
  <color>
   Синий
  </color>
  <material>
   Лен
  </material>
  <price>
   498926
  </price>
  <rating>
   4.59
  </rating>
  <reviews>
   737477
  </reviews>
  <new>
   +
  </new>
 </clothing>
 <clothing>
  <id>
   700693702
  </id>
  <name>
   Brooks Skirt R-7793
  </name>
  <category>
   Skirt
  </category>
  <size>
   M
  </size>
  <color>
   Голубой
  </color>
  <material>
   Вискоза
  </material>
  <price>
   636707
  </price>
  <rating>
   1.82
  </rating>
  <reviews>
   202822
  </reviews>
  <new>
   +
  </new>
  <exclusive>
   yes
  </exclusive>
  <sporty>
   yes
  </sporty>
 </clothing>
 <clothing>
  <id>
   915913526
  </id>
  <name>
   Brooks Jacket S-9648
  </name>
  <category>
   Jacket
  </category>
  <size>
   S
  </size>
  <color>
   Фиолетовый
  </color>
  <material>
   Полиэстер
  </material>
  <price>
   904188
  </price>
  <rating>
   2.11
  </rating>
  <reviews>
   740510
  </reviews>
  <exclusive>
   yes
  </exclusive>
  <sporty>
   no
  </sporty>
 </clothing>
 <clothing>
  <id>
   391684633
  </id>
  <name>
   Reebok Dress X-8470
  </name>
  <category>
   Dress
  </category>
  <size>
   M
  </size>
  <color>
   Синий
  </color>
  <material>
   Нейлон
  </material>
  <price>
   740364
  </price>
  <rating>
   4.22
  </rating>
  <reviews>
   664072
  </reviews>
  <exclusive>
   no
  </exclusive>
  <sporty>
   yes
  </sporty>
 </clothing>
 <clothing>
  <id>
   607430239
  </id>
  <name>
   Addidas Jeans L-2979
  </name>
  <category>
   Jeans
  </category>
  <size>
   S
  </size>
  <color>
   Зеленый
  </color>
  <material>
   Хлопок
  </material>
  <price>
   664213
  </price>
  <rating>
   3.03
  </rating>
  <reviews>
   566856
  </reviews>
  <new>
   -
  </new>
  <exclusive>
   no
  </exclusive>
  <sporty>
   yes
  </sporty>
 </clothing>
</clothing-items>
