<?xml version="1.0" encoding="utf-8"?>
<clothing-items>
 <clothing>
  <id>
   803736279
  </id>
  <name>
   Vans Gloves M-5757
  </name>
  <category>
   Gloves
  </category>
  <size>
   XXL
  </size>
  <color>
   Голубой
  </color>
  <material>
   Шелк
  </material>
  <price>
   242405
  </price>
  <rating>
   1.59
  </rating>
  <reviews>
   244686
  </reviews>
  <exclusive>
   no
  </exclusive>
 </clothing>
 <clothing>
  <id>
   870928331
  </id>
  <name>
   Nike Hat Q-9494
  </name>
  <category>
   Hat
  </category>
  <size>
   L
  </size>
  <color>
   Синий
  </color>
  <material>
   Нейлон
  </material>
  <price>
   837876
  </price>
  <rating>
   3.0
  </rating>
  <reviews>
   104524
  </reviews>
  <new>
   +
  </new>
 </clothing>
 <clothing>
  <id>
   948556013
  </id>
  <name>
   New Balance Jacket J-7034
  </name>
  <category>
   Jacket
  </category>
  <size>
   M
  </size>
  <color>
   Желтый
  </color>
  <material>
   Вискоза
  </material>
  <price>
   870189
  </price>
  <rating>
   5.0
  </rating>
  <reviews>
   260608
  </reviews>
  <new>
   -
  </new>
  <exclusive>
   no
  </exclusive>
  <sporty>
   no
  </sporty>
 </clothing>
 <clothing>
  <id>
   549077744
  </id>
  <name>
   Addidas Jacket M-4149
  </name>
  <category>
   Jacket
  </category>
  <size>
   M
  </size>
  <color>
   Красный
  </color>
  <material>
   Шелк
  </material>
  <price>
   701782
  </price>
  <rating>
   3.54
  </rating>
  <reviews>
   45513
  </reviews>
  <new>
   -
  </new>
  <exclusive>
   yes
  </exclusive>
 </clothing>
 <clothing>
  <id>
   815667703
  </id>
  <name>
   Addidas Socks S-3401
  </name>
  <category>
   Socks
  </category>
  <size>
   S
  </size>
  <color>
   Голубой
  </color>
  <material>
   Хлопок
  </material>
  <price>
   986289
  </price>
  <rating>
   1.19
  </rating>
  <reviews>
   214340
  </reviews>
  <new>
   -
  </new>
  <sporty>
   no
  </sporty>
 </clothing>
 <clothing>
  <id>
   486748076
  </id>
  <name>
   Under Armour Socks F-4342
  </name>
  <category>
   Socks
  </category>
  <size>
   S
  </size>
  <color>
   Синий
  </color>
  <material>
   Шелк
  </material>
  <price>
   904084
  </price>
  <rating>
   4.05
  </rating>
  <reviews>
   581711
  </reviews>
  <exclusive>
   yes
  </exclusive>
  <sporty>
   no
  </sporty>
 </clothing>
 <clothing>
  <id>
   360023757
  </id>
  <name>
   New Balance Jeans Y-4856
  </name>
  <category>
   Jeans
  </category>
  <size>
   M
  </size>
  <color>
   Зеленый
  </color>
  <material>
   Лен
  </material>
  <price>
   319695
  </price>
  <rating>
   2.23
  </rating>
  <reviews>
   138880
  </reviews>
  <exclusive>
   no
  </exclusive>
  <sporty>
   no
  </sporty>
 </clothing>
 <clothing>
  <id>
   730509940
  </id>
  <name>
   Reebok Shoes C-1448
  </name>
  <category>
   Shoes
  </category>
  <size>
   S
  </size>
  <color>
   Оранжевый
  </color>
  <material>
   Кожа
  </material>
  <price>
   663585
  </price>
  <rating>
   4.63
  </rating>
  <reviews>
   532051
  </reviews>
 </clothing>
 <clothing>
  <id>
   152958850
  </id>
  <name>
   Asics Hat M-8204
  </name>
  <category>
   Hat
  </category>
  <size>
   XL
  </size>
  <color>
   Оранжевый
  </color>
  <material>
   Кожа
  </material>
  <price>
   251635
  </price>
  <rating>
   4.06
  </rating>
  <reviews>
   194523
  </reviews>
  <new>
   -
  </new>
  <exclusive>
   yes
  </exclusive>
  <sporty>
   no
  </sporty>
 </clothing>
 <clothing>
  <id>
   272774238
  </id>
  <name>
   DC Socks P-7967
  </name>
  <category>
   Socks
  </category>
  <size>
   XL
  </size>
  <color>
   Зеленый
  </color>
  <material>
   Полиэстер
  </material>
  <price>
   375029
  </price>
  <rating>
   4.5
  </rating>
  <reviews>
   213692
  </reviews>
 </clothing>
 <clothing>
  <id>
   335097090
  </id>
  <name>
   Asics Shoes I-2177
  </name>
  <category>
   Shoes
  </category>
  <size>
   M
  </size>
  <color>
   Синий
  </color>
  <material>
   Лен
  </material>
  <price>
   532196
  </price>
  <rating>
   4.8
  </rating>
  <reviews>
   812500
  </reviews>
  <new>
   +
  </new>
  <sporty>
   yes
  </sporty>
 </clothing>
 <clothing>
  <id>
   821742240
  </id>
  <name>
   DC Gloves T-3497
  </name>
  <category>
   Gloves
  </category>
  <size>
   S
  </size>
  <color>
   Красный
  </color>
  <material>
   Лен
  </material>
  <price>
   899552
  </price>
  <rating>
   2.22
  </rating>
  <reviews>
   489707
  </reviews>
  <new>
   +
  </new>
 </clothing>
 <clothing>
  <id>
   166127898
  </id>
  <name>
   Brooks Socks T-3849
  </name>
  <category>
   Socks
  </category>
  <size>
   XL
  </size>
  <color>
   Синий
  </color>
  <material>
   Шелк
  </material>
  <price>
   160496
  </price>
  <rating>
   3.36
  </rating>
  <reviews>
   725124
  </reviews>
  <exclusive>
   no
  </exclusive>
  <sporty>
   no
  </sporty>
 </clothing>
 <clothing>
  <id>
   608751097
  </id>
  <name>
   DC Jacket M-3727
  </name>
  <category>
   Jacket
  </category>
  <size>
   M
  </size>
  <color>
   Голубой
  </color>
  <material>
   Шерсть
  </material>
  <price>
   621091
  </price>
  <rating>
   3.08
  </rating>
  <reviews>
   401255
  </reviews>
  <exclusive>
   yes
  </exclusive>
  <sporty>
   no
  </sporty>
 </clothing>
 <clothing>
  <id>
   673650442
  </id>
  <name>
   Adidas Jeans Z-2736
  </name>
  <category>
   Jeans
  </category>
  <size>
   L
  </size>
  <color>
   Синий
  </color>
  <material>
   Шелк
  </material>
  <price>
   541736
  </price>
  <rating>
   1.43
  </rating>
  <reviews>
   359051
  </reviews>
  <exclusive>
   no
  </exclusive>
 </clothing>
 <clothing>
  <id>
   239743711
  </id>
  <name>
   Nike Blouse O-6006
  </name>
  <category>
   Blouse
  </category>
  <size>
   XL
  </size>
  <color>
   Зеленый
  </color>
  <material>
   Полиэстер
  </material>
  <price>
   896265
  </price>
  <rating>
   2.49
  </rating>
  <reviews>
   607708
  </reviews>
  <exclusive>
   yes
  </exclusive>
 </clothing>
 <clothing>
  <id>
   846839094
  </id>
  <name>
   Lacoste Blouse E-2047
  </name>
  <category>
   Blouse
  </category>
  <size>
   XL
  </size>
  <color>
   Желтый
  </color>
  <material>
   Лен
  </material>
  <price>
   774007
  </price>
  <rating>
   3.5
  </rating>
  <reviews>
   56417
  </reviews>
  <new>
   -
  </new>
 </clothing>
 <clothing>
  <id>
   903683048
  </id>
  <name>
   Brooks Belts D-6208
  </name>
  <category>
   Belts
  </category>
  <size>
   XL
  </size>
  <color>
   Зеленый
  </color>
  <material>
   Кожа
  </material>
  <price>
   591962
  </price>
  <rating>
   1.33
  </rating>
  <reviews>
   893340
  </reviews>
  <new>
   -
  </new>
  <exclusive>
   yes
  </exclusive>
 </clothing>
 <clothing>
  <id>
   184897057
  </id>
  <name>
   Nike Hat H-7755
  </name>
  <category>
   Hat
  </category>
  <size>
   M
  </size>
  <color>
   Фиолетовый
  </color>
  <material>
   Кожа
  </material>
  <price>
   645354
  </price>
  <rating>
   2.43
  </rating>
  <reviews>
   326624
  </reviews>
 </clothing>
 <clothing>
  <id>
   475813391
  </id>
  <name>
   Asics Umbrellas R-8417
  </name>
  <category>
   Umbrellas
  </category>
  <size>
   L
  </size>
  <color>
   Зеленый
  </color>
  <material>
   Хлопок
  </material>
  <price>
   458578
  </price>
  <rating>
   2.74
  </rating>
  <reviews>
   989682
  </reviews>
  <new>
   +
  </new>
  <exclusive>
   yes
  </exclusive>
 </clothing>
 <clothing>
  <id>
   695563405
  </id>
  <name>
   Ellesse Shoes M-7867
  </name>
  <category>
   Shoes
  </category>
  <size>
   L
  </size>
  <color>
   Желтый
  </color>
  <material>
   Лен
  </material>
  <price>
   366769
  </price>
  <rating>
   3.14
  </rating>
  <reviews>
   185524
  </reviews>
  <sporty>
   no
  </sporty>
 </clothing>
 <clothing>
  <id>
   771238077
  </id>
  <name>
   Converse Dress T-5415
  </name>
  <category>
   Dress
  </category>
  <size>
   S
  </size>
  <color>
   Оранжевый
  </color>
  <material>
   Лен
  </material>
  <price>
   674858
  </price>
  <rating>
   2.56
  </rating>
  <reviews>
   859699
  </reviews>
  <new>
   -
  </new>
  <exclusive>
   yes
  </exclusive>
  <sporty>
   no
  </sporty>
 </clothing>
 <clothing>
  <id>
   446518417
  </id>
  <name>
   Under Armour Jacket R-7944
  </name>
  <category>
   Jacket
  </category>
  <size>
   S
  </size>
  <color>
   Оранжевый
  </color>
  <material>
   Полиэстер
  </material>
  <price>
   801504
  </price>
  <rating>
   1.59
  </rating>
  <reviews>
   438293
  </reviews>
  <new>
   -
  </new>
  <sporty>
   no
  </sporty>
 </clothing>
 <clothing>
  <id>
   364783521
  </id>
  <name>
   Ellesse Belts Z-8897
  </name>
  <category>
   Belts
  </category>
  <size>
   L
  </size>
  <color>
   Голубой
  </color>
  <material>
   Нейлон
  </material>
  <price>
   269902
  </price>
  <rating>
   3.1
  </rating>
  <reviews>
   176138
  </reviews>
  <sporty>
   no
  </sporty>
 </clothing>
 <clothing>
  <id>
   534963571
  </id>
  <name>
   Adidas Pants O-2778
  </name>
  <category>
   Pants
  </category>
  <size>
   L
  </size>
  <color>
   Желтый
  </color>
  <material>
   Нейлон
  </material>
  <price>
   897812
  </price>
  <rating>
   2.5
  </rating>
  <reviews>
   49405
  </reviews>
  <sporty>
   no
  </sporty>
 </clothing>
 <clothing>
  <id>
   205824235
  </id>
  <name>
   Reebok Belts V-5422
  </name>
  <category>
   Belts
  </category>
  <size>
   XXL
  </size>
  <color>
   Желтый
  </color>
  <material>
   Вискоза
  </material>
  <price>
   394350
  </price>
  <rating>
   4.54
  </rating>
  <reviews>
   171026
  </reviews>
 </clothing>
 <clothing>
  <id>
   482183031
  </id>
  <name>
   Vans Belts V-8940
  </name>
  <category>
   Belts
  </category>
  <size>
   XL
  </size>
  <color>
   Оранжевый
  </color>
  <material>
   Полиэстер
  </material>
  <price>
   998669
  </price>
  <rating>
   4.25
  </rating>
  <reviews>
   102781
  </reviews>
  <new>
   -
  </new>
  <sporty>
   no
  </sporty>
 </clothing>
 <clothing>
  <id>
   658184814
  </id>
  <name>
   New Balance Umbrellas D-3822
  </name>
  <category>
   Umbrellas
  </category>
  <size>
   M
  </size>
  <color>
   Синий
  </color>
  <material>
   Кожа
  </material>
  <price>
   858999
  </price>
  <rating>
   4.63
  </rating>
  <reviews>
   3313
  </reviews>
  <exclusive>
   no
  </exclusive>
  <sporty>
   yes
  </sporty>
 </clothing>
 <clothing>
  <id>
   399940224
  </id>
  <name>
   Converse T-shirt Q-7811
  </name>
  <category>
   T-shirt
  </category>
  <size>
   M
  </size>
  <color>
   Зеленый
  </color>
  <material>
   Шерсть
  </material>
  <price>
   480027
  </price>
  <rating>
   3.51
  </rating>
  <reviews>
   144182
  </reviews>
  <exclusive>
   yes
  </exclusive>
 </clothing>
 <clothing>
  <id>
   777257246
  </id>
  <name>
   Lacoste Shoes Y-6467
  </name>
  <category>
   Shoes
  </category>
  <size>
   XL
  </size>
  <color>
   Синий
  </color>
  <material>
   Шелк
  </material>
  <price>
   341663
  </price>
  <rating>
   1.58
  </rating>
  <reviews>
   796917
  </reviews>
  <sporty>
   no
  </sporty>
 </clothing>
 <clothing>
  <id>
   889827677
  </id>
  <name>
   Under Armour Jacket T-9326
  </name>
  <category>
   Jacket
  </category>
  <size>
   L
  </size>
  <color>
   Голубой
  </color>
  <material>
   Шерсть
  </material>
  <price>
   608141
  </price>
  <rating>
   3.01
  </rating>
  <reviews>
   488088
  </reviews>
  <sporty>
   yes
  </sporty>
 </clothing>
 <clothing>
  <id>
   929468080
  </id>
  <name>
   Converse Socks Z-8131
  </name>
  <category>
   Socks
  </category>
  <size>
   M
  </size>
  <color>
   Синий
  </color>
  <material>
   Полиэстер
  </material>
  <price>
   210870
  </price>
  <rating>
   1.33
  </rating>
  <reviews>
   344775
  </reviews>
 </clothing>
 <clothing>
  <id>
   979989177
  </id>
  <name>
   PleinSport Jeans I-5892
  </name>
  <category>
   Jeans
  </category>
  <size>
   XXL
  </size>
  <color>
   Оранжевый
  </color>
  <material>
   Хлопок
  </material>
  <price>
   903252
  </price>
  <rating>
   1.14
  </rating>
  <reviews>
   55032
  </reviews>
 </clothing>
 <clothing>
  <id>
   570651577
  </id>
  <name>
   Under Armour Jeans I-8648
  </name>
  <category>
   Jeans
  </category>
  <size>
   L
  </size>
  <color>
   Желтый
  </color>
  <material>
   Кожа
  </material>
  <price>
   441766
  </price>
  <rating>
   1.78
  </rating>
  <reviews>
   929913
  </reviews>
  <new>
   +
  </new>
 </clothing>
 <clothing>
  <id>
   450656382
  </id>
  <name>
   Reebok Shirt V-7865
  </name>
  <category>
   Shirt
  </category>
  <size>
   XXL
  </size>
  <color>
   Голубой
  </color>
  <material>
   Лен
  </material>
  <price>
   129610
  </price>
  <rating>
   3.5
  </rating>
  <reviews>
   571572
  </reviews>
  <new>
   +
  </new>
  <exclusive>
   yes
  </exclusive>
  <sporty>
   yes
  </sporty>
 </clothing>
 <clothing>
  <id>
   760578213
  </id>
  <name>
   Addidas Pants T-4090
  </name>
  <category>
   Pants
  </category>
  <size>
   M
  </size>
  <color>
   Красный
  </color>
  <material>
   Хлопок
  </material>
  <price>
   134975
  </price>
  <rating>
   3.78
  </rating>
  <reviews>
   294314
  </reviews>
  <new>
   -
  </new>
  <exclusive>
   yes
  </exclusive>
 </clothing>
 <clothing>
  <id>
   597106124
  </id>
  <name>
   Vans Belts N-9881
  </name>
  <category>
   Belts
  </category>
  <size>
   S
  </size>
  <color>
   Желтый
  </color>
  <material>
   Хлопок
  </material>
  <price>
   677916
  </price>
  <rating>
   2.85
  </rating>
  <reviews>
   470342
  </reviews>
  <new>
   -
  </new>
  <exclusive>
   yes
  </exclusive>
  <sporty>
   no
  </sporty>
 </clothing>
 <clothing>
  <id>
   863873010
  </id>
  <name>
   Addidas Handbags X-2969
  </name>
  <category>
   Handbags
  </category>
  <size>
   XL
  </size>
  <color>
   Красный
  </color>
  <material>
   Кожа
  </material>
  <price>
   944758
  </price>
  <rating>
   3.02
  </rating>
  <reviews>
   919683
  </reviews>
  <new>
   +
  </new>
  <sporty>
   no
  </sporty>
 </clothing>
 <clothing>
  <id>
   588915783
  </id>
  <name>
   Fila Skirt T-1836
  </name>
  <category>
   Skirt
  </category>
  <size>
   XL
  </size>
  <color>
   Синий
  </color>
  <material>
   Кожа
  </material>
  <price>
   913772
  </price>
  <rating>
   4.77
  </rating>
  <reviews>
   437269
  </reviews>
  <new>
   -
  </new>
  <exclusive>
   no
  </exclusive>
 </clothing>
 <clothing>
  <id>
   597515422
  </id>
  <name>
   Converse Sweater T-5906
  </name>
  <category>
   Sweater
  </category>
  <size>
   M
  </size>
  <color>
   Красный
  </color>
  <material>
   Лен
  </material>
  <price>
   138336
  </price>
  <rating>
   1.33
  </rating>
  <reviews>
   934321
  </reviews>
  <sporty>
   no
  </sporty>
 </clothing>
 <clothing>
  <id>
   789721301
  </id>
  <name>
   Fila T-shirt T-3370
  </name>
  <category>
   T-shirt
  </category>
  <size>
   XL
  </size>
  <color>
   Фиолетовый
  </color>
  <material>
   Хлопок
  </material>
  <price>
   828473
  </price>
  <rating>
   1.58
  </rating>
  <reviews>
   959440
  </reviews>
  <exclusive>
   yes
  </exclusive>
  <sporty>
   yes
  </sporty>
 </clothing>
 <clothing>
  <id>
   573403428
  </id>
  <name>
   Puma Jeans A-4759
  </name>
  <category>
   Jeans
  </category>
  <size>
   XL
  </size>
  <color>
   Фиолетовый
  </color>
  <material>
   Шелк
  </material>
  <price>
   368546
  </price>
  <rating>
   3.55
  </rating>
  <reviews>
   569339
  </reviews>
  <new>
   -
  </new>
  <sporty>
   no
  </sporty>
 </clothing>
 <clothing>
  <id>
   427268254
  </id>
  <name>
   Vans Hat F-6162
  </name>
  <category>
   Hat
  </category>
  <size>
   M
  </size>
  <color>
   Зеленый
  </color>
  <material>
   Лен
  </material>
  <price>
   201607
  </price>
  <rating>
   2.95
  </rating>
  <reviews>
   568922
  </reviews>
  <new>
   -
  </new>
  <exclusive>
   yes
  </exclusive>
 </clothing>
 <clothing>
  <id>
   115924004
  </id>
  <name>
   Asics Gloves T-8453
  </name>
  <category>
   Gloves
  </category>
  <size>
   XL
  </size>
  <color>
   Синий
  </color>
  <material>
   Полиэстер
  </material>
  <price>
   713694
  </price>
  <rating>
   1.74
  </rating>
  <reviews>
   852528
  </reviews>
  <new>
   -
  </new>
 </clothing>
 <clothing>
  <id>
   632050667
  </id>
  <name>
   Under Armour T-shirt B-7754
  </name>
  <category>
   T-shirt
  </category>
  <size>
   M
  </size>
  <color>
   Желтый
  </color>
  <material>
   Хлопок
  </material>
  <price>
   970744
  </price>
  <rating>
   2.62
  </rating>
  <reviews>
   600205
  </reviews>
  <exclusive>
   no
  </exclusive>
  <sporty>
   no
  </sporty>
 </clothing>
 <clothing>
  <id>
   655779444
  </id>
  <name>
   Converse Skirt F-1563
  </name>
  <category>
   Skirt
  </category>
  <size>
   XXL
  </size>
  <color>
   Желтый
  </color>
  <material>
   Шелк
  </material>
  <price>
   848494
  </price>
  <rating>
   2.02
  </rating>
  <reviews>
   800200
  </reviews>
  <new>
   -
  </new>
  <exclusive>
   no
  </exclusive>
  <sporty>
   yes
  </sporty>
 </clothing>
 <clothing>
  <id>
   173554868
  </id>
  <name>
   Ellesse Jeans T-7625
  </name>
  <category>
   Jeans
  </category>
  <size>
   XXL
  </size>
  <color>
   Синий
  </color>
  <material>
   Вискоза
  </material>
  <price>
   396000
  </price>
  <rating>
   4.67
  </rating>
  <reviews>
   519076
  </reviews>
  <new>
   +
  </new>
 </clothing>
</clothing-items>
