<?xml version="1.0" encoding="utf-8"?>
<clothing-items>
 <clothing>
  <id>
   488505695
  </id>
  <name>
   Brooks Shoes G-1656
  </name>
  <category>
   Shoes
  </category>
  <size>
   XXL
  </size>
  <color>
   Оранжевый
  </color>
  <material>
   Шерсть
  </material>
  <price>
   901961
  </price>
  <rating>
   4.86
  </rating>
  <reviews>
   955493
  </reviews>
  <sporty>
   no
  </sporty>
 </clothing>
 <clothing>
  <id>
   460804679
  </id>
  <name>
   Lacoste Sweater O-9036
  </name>
  <category>
   Sweater
  </category>
  <size>
   XXL
  </size>
  <color>
   Оранжевый
  </color>
  <material>
   Лен
  </material>
  <price>
   689726
  </price>
  <rating>
   3.85
  </rating>
  <reviews>
   28175
  </reviews>
  <exclusive>
   yes
  </exclusive>
 </clothing>
 <clothing>
  <id>
   931454840
  </id>
  <name>
   Ellesse Pants I-7915
  </name>
  <category>
   Pants
  </category>
  <size>
   XL
  </size>
  <color>
   Оранжевый
  </color>
  <material>
   Шелк
  </material>
  <price>
   356107
  </price>
  <rating>
   2.39
  </rating>
  <reviews>
   656653
  </reviews>
  <new>
   +
  </new>
  <exclusive>
   no
  </exclusive>
  <sporty>
   no
  </sporty>
 </clothing>
 <clothing>
  <id>
   979236996
  </id>
  <name>
   DC Blouse K-7196
  </name>
  <category>
   Blouse
  </category>
  <size>
   XL
  </size>
  <color>
   Красный
  </color>
  <material>
   Полиэстер
  </material>
  <price>
   311390
  </price>
  <rating>
   4.36
  </rating>
  <reviews>
   850165
  </reviews>
  <new>
   +
  </new>
 </clothing>
 <clothing>
  <id>
   268945174
  </id>
  <name>
   New Balance Shoes Q-6989
  </name>
  <category>
   Shoes
  </category>
  <size>
   XXL
  </size>
  <color>
   Красный
  </color>
  <material>
   Кожа
  </material>
  <price>
   955859
  </price>
  <rating>
   3.4
  </rating>
  <reviews>
   332714
  </reviews>
  <exclusive>
   yes
  </exclusive>
  <sporty>
   no
  </sporty>
 </clothing>
 <clothing>
  <id>
   447227331
  </id>
  <name>
   Fila T-shirt H-5805
  </name>
  <category>
   T-shirt
  </category>
  <size>
   M
  </size>
  <color>
   Оранжевый
  </color>
  <material>
   Лен
  </material>
  <price>
   795596
  </price>
  <rating>
   2.47
  </rating>
  <reviews>
   896170
  </reviews>
  <new>
   +
  </new>
  <sporty>
   no
  </sporty>
 </clothing>
 <clothing>
  <id>
   110280812
  </id>
  <name>
   DC Hat P-3094
  </name>
  <category>
   Hat
  </category>
  <size>
   L
  </size>
  <color>
   Зеленый
  </color>
  <material>
   Нейлон
  </material>
  <price>
   978260
  </price>
  <rating>
   3.74
  </rating>
  <reviews>
   624711
  </reviews>
  <exclusive>
   no
  </exclusive>
  <sporty>
   no
  </sporty>
 </clothing>
 <clothing>
  <id>
   513385548
  </id>
  <name>
   Addidas Jeans M-7645
  </name>
  <category>
   Jeans
  </category>
  <size>
   M
  </size>
  <color>
   Желтый
  </color>
  <material>
   Лен
  </material>
  <price>
   607606
  </price>
  <rating>
   1.64
  </rating>
  <reviews>
   385136
  </reviews>
  <new>
   -
  </new>
  <exclusive>
   no
  </exclusive>
  <sporty>
   yes
  </sporty>
 </clothing>
 <clothing>
  <id>
   220326321
  </id>
  <name>
   Under Armour Jacket F-8593
  </name>
  <category>
   Jacket
  </category>
  <size>
   XL
  </size>
  <color>
   Красный
  </color>
  <material>
   Хлопок
  </material>
  <price>
   283918
  </price>
  <rating>
   3.1
  </rating>
  <reviews>
   677326
  </reviews>
  <new>
   +
  </new>
  <sporty>
   no
  </sporty>
 </clothing>
 <clothing>
  <id>
   333206048
  </id>
  <name>
   Addidas Blouse T-1129
  </name>
  <category>
   Blouse
  </category>
  <size>
   XXL
  </size>
  <color>
   Оранжевый
  </color>
  <material>
   Вискоза
  </material>
  <price>
   590060
  </price>
  <rating>
   4.85
  </rating>
  <reviews>
   576519
  </reviews>
  <new>
   -
  </new>
  <sporty>
   no
  </sporty>
 </clothing>
 <clothing>
  <id>
   696395131
  </id>
  <name>
   New Balance Handbags F-9810
  </name>
  <category>
   Handbags
  </category>
  <size>
   L
  </size>
  <color>
   Зеленый
  </color>
  <material>
   Лен
  </material>
  <price>
   122382
  </price>
  <rating>
   1.52
  </rating>
  <reviews>
   142920
  </reviews>
  <new>
   -
  </new>
  <exclusive>
   no
  </exclusive>
 </clothing>
 <clothing>
  <id>
   253209412
  </id>
  <name>
   Asics Socks I-6026
  </name>
  <category>
   Socks
  </category>
  <size>
   XXL
  </size>
  <color>
   Красный
  </color>
  <material>
   Хлопок
  </material>
  <price>
   973313
  </price>
  <rating>
   4.6
  </rating>
  <reviews>
   35579
  </reviews>
  <new>
   +
  </new>
  <exclusive>
   no
  </exclusive>
  <sporty>
   no
  </sporty>
 </clothing>
 <clothing>
  <id>
   561247267
  </id>
  <name>
   Reebok Umbrellas W-1302
  </name>
  <category>
   Umbrellas
  </category>
  <size>
   M
  </size>
  <color>
   Голубой
  </color>
  <material>
   Хлопок
  </material>
  <price>
   303466
  </price>
  <rating>
   2.53
  </rating>
  <reviews>
   161709
  </reviews>
  <new>
   +
  </new>
  <exclusive>
   yes
  </exclusive>
  <sporty>
   no
  </sporty>
 </clothing>
 <clothing>
  <id>
   641475908
  </id>
  <name>
   DC Gloves V-4104
  </name>
  <category>
   Gloves
  </category>
  <size>
   XXL
  </size>
  <color>
   Красный
  </color>
  <material>
   Вискоза
  </material>
  <price>
   120327
  </price>
  <rating>
   2.34
  </rating>
  <reviews>
   289198
  </reviews>
 </clothing>
 <clothing>
  <id>
   918672937
  </id>
  <name>
   Ellesse Shoes H-1406
  </name>
  <category>
   Shoes
  </category>
  <size>
   XXL
  </size>
  <color>
   Голубой
  </color>
  <material>
   Хлопок
  </material>
  <price>
   676532
  </price>
  <rating>
   2.98
  </rating>
  <reviews>
   68250
  </reviews>
  <new>
   +
  </new>
  <sporty>
   no
  </sporty>
 </clothing>
 <clothing>
  <id>
   358460608
  </id>
  <name>
   Puma Shirt Q-5550
  </name>
  <category>
   Shirt
  </category>
  <size>
   XXL
  </size>
  <color>
   Желтый
  </color>
  <material>
   Нейлон
  </material>
  <price>
   151560
  </price>
  <rating>
   4.5
  </rating>
  <reviews>
   274954
  </reviews>
  <exclusive>
   no
  </exclusive>
  <sporty>
   yes
  </sporty>
 </clothing>
 <clothing>
  <id>
   628545900
  </id>
  <name>
   PleinSport Blouse Q-1171
  </name>
  <category>
   Blouse
  </category>
  <size>
   L
  </size>
  <color>
   Красный
  </color>
  <material>
   Полиэстер
  </material>
  <price>
   924007
  </price>
  <rating>
   3.39
  </rating>
  <reviews>
   342908
  </reviews>
  <sporty>
   no
  </sporty>
 </clothing>
 <clothing>
  <id>
   915174828
  </id>
  <name>
   Fila Shirt O-8078
  </name>
  <category>
   Shirt
  </category>
  <size>
   M
  </size>
  <color>
   Желтый
  </color>
  <material>
   Шерсть
  </material>
  <price>
   526600
  </price>
  <rating>
   3.96
  </rating>
  <reviews>
   358190
  </reviews>
 </clothing>
 <clothing>
  <id>
   560414476
  </id>
  <name>
   Vans Jacket K-3255
  </name>
  <category>
   Jacket
  </category>
  <size>
   L
  </size>
  <color>
   Красный
  </color>
  <material>
   Вискоза
  </material>
  <price>
   177901
  </price>
  <rating>
   3.97
  </rating>
  <reviews>
   276820
  </reviews>
  <new>
   -
  </new>
  <exclusive>
   yes
  </exclusive>
 </clothing>
 <clothing>
  <id>
   411923820
  </id>
  <name>
   PleinSport Shirt U-7975
  </name>
  <category>
   Shirt
  </category>
  <size>
   M
  </size>
  <color>
   Синий
  </color>
  <material>
   Шерсть
  </material>
  <price>
   577066
  </price>
  <rating>
   4.36
  </rating>
  <reviews>
   707204
  </reviews>
  <new>
   -
  </new>
  <exclusive>
   no
  </exclusive>
  <sporty>
   no
  </sporty>
 </clothing>
 <clothing>
  <id>
   937463228
  </id>
  <name>
   Nike Umbrellas D-6346
  </name>
  <category>
   Umbrellas
  </category>
  <size>
   XL
  </size>
  <color>
   Фиолетовый
  </color>
  <material>
   Шерсть
  </material>
  <price>
   549119
  </price>
  <rating>
   2.09
  </rating>
  <reviews>
   772850
  </reviews>
  <new>
   -
  </new>
  <exclusive>
   no
  </exclusive>
  <sporty>
   no
  </sporty>
 </clothing>
 <clothing>
  <id>
   688409260
  </id>
  <name>
   New Balance Handbags V-6909
  </name>
  <category>
   Handbags
  </category>
  <size>
   XXL
  </size>
  <color>
   Красный
  </color>
  <material>
   Нейлон
  </material>
  <price>
   843491
  </price>
  <rating>
   3.33
  </rating>
  <reviews>
   301931
  </reviews>
  <new>
   +
  </new>
 </clothing>
 <clothing>
  <id>
   106875747
  </id>
  <name>
   Reebok Gloves N-2663
  </name>
  <category>
   Gloves
  </category>
  <size>
   XL
  </size>
  <color>
   Зеленый
  </color>
  <material>
   Полиэстер
  </material>
  <price>
   669107
  </price>
  <rating>
   2.1
  </rating>
  <reviews>
   713552
  </reviews>
  <new>
   +
  </new>
  <exclusive>
   no
  </exclusive>
  <sporty>
   no
  </sporty>
 </clothing>
 <clothing>
  <id>
   771877976
  </id>
  <name>
   Reebok Skirt F-4470
  </name>
  <category>
   Skirt
  </category>
  <size>
   XL
  </size>
  <color>
   Фиолетовый
  </color>
  <material>
   Нейлон
  </material>
  <price>
   944515
  </price>
  <rating>
   4.65
  </rating>
  <reviews>
   721366
  </reviews>
  <new>
   -
  </new>
  <exclusive>
   no
  </exclusive>
  <sporty>
   no
  </sporty>
 </clothing>
 <clothing>
  <id>
   109942038
  </id>
  <name>
   Adidas Belts R-7375
  </name>
  <category>
   Belts
  </category>
  <size>
   L
  </size>
  <color>
   Фиолетовый
  </color>
  <material>
   Полиэстер
  </material>
  <price>
   738016
  </price>
  <rating>
   2.89
  </rating>
  <reviews>
   200373
  </reviews>
  <new>
   +
  </new>
 </clothing>
 <clothing>
  <id>
   670481079
  </id>
  <name>
   Puma T-shirt N-8669
  </name>
  <category>
   T-shirt
  </category>
  <size>
   S
  </size>
  <color>
   Синий
  </color>
  <material>
   Вискоза
  </material>
  <price>
   613545
  </price>
  <rating>
   1.19
  </rating>
  <reviews>
   682823
  </reviews>
 </clothing>
 <clothing>
  <id>
   235854025
  </id>
  <name>
   Ellesse Sweater Z-7222
  </name>
  <category>
   Sweater
  </category>
  <size>
   XL
  </size>
  <color>
   Зеленый
  </color>
  <material>
   Лен
  </material>
  <price>
   168042
  </price>
  <rating>
   1.63
  </rating>
  <reviews>
   478769
  </reviews>
  <new>
   -
  </new>
 </clothing>
 <clothing>
  <id>
   200768902
  </id>
  <name>
   Puma Gloves O-7244
  </name>
  <category>
   Gloves
  </category>
  <size>
   L
  </size>
  <color>
   Синий
  </color>
  <material>
   Нейлон
  </material>
  <price>
   869529
  </price>
  <rating>
   4.81
  </rating>
  <reviews>
   155059
  </reviews>
  <new>
   -
  </new>
 </clothing>
 <clothing>
  <id>
   174344713
  </id>
  <name>
   New Balance Jeans R-2930
  </name>
  <category>
   Jeans
  </category>
  <size>
   XXL
  </size>
  <color>
   Голубой
  </color>
  <material>
   Кожа
  </material>
  <price>
   449764
  </price>
  <rating>
   1.87
  </rating>
  <reviews>
   122699
  </reviews>
  <new>
   -
  </new>
  <exclusive>
   no
  </exclusive>
  <sporty>
   yes
  </sporty>
 </clothing>
 <clothing>
  <id>
   637287654
  </id>
  <name>
   DC Shoes L-3460
  </name>
  <category>
   Shoes
  </category>
  <size>
   S
  </size>
  <color>
   Оранжевый
  </color>
  <material>
   Нейлон
  </material>
  <price>
   228350
  </price>
  <rating>
   3.26
  </rating>
  <reviews>
   24238
  </reviews>
  <exclusive>
   yes
  </exclusive>
 </clothing>
 <clothing>
  <id>
   771661317
  </id>
  <name>
   New Balance Gloves B-8412
  </name>
  <category>
   Gloves
  </category>
  <size>
   XL
  </size>
  <color>
   Желтый
  </color>
  <material>
   Кожа
  </material>
  <price>
   700524
  </price>
  <rating>
   4.77
  </rating>
  <reviews>
   630467
  </reviews>
  <new>
   -
  </new>
 </clothing>
 <clothing>
  <id>
   485310451
  </id>
  <name>
   Adidas Shoes G-7518
  </name>
  <category>
   Shoes
  </category>
  <size>
   XL
  </size>
  <color>
   Оранжевый
  </color>
  <material>
   Хлопок
  </material>
  <price>
   149150
  </price>
  <rating>
   3.32
  </rating>
  <reviews>
   845208
  </reviews>
  <exclusive>
   no
  </exclusive>
 </clothing>
 <clothing>
  <id>
   731836526
  </id>
  <name>
   Addidas Sweater T-5662
  </name>
  <category>
   Sweater
  </category>
  <size>
   L
  </size>
  <color>
   Фиолетовый
  </color>
  <material>
   Шелк
  </material>
  <price>
   334173
  </price>
  <rating>
   2.48
  </rating>
  <reviews>
   870848
  </reviews>
  <new>
   -
  </new>
  <exclusive>
   no
  </exclusive>
  <sporty>
   no
  </sporty>
 </clothing>
 <clothing>
  <id>
   128035171
  </id>
  <name>
   Brooks Jeans L-4941
  </name>
  <category>
   Jeans
  </category>
  <size>
   L
  </size>
  <color>
   Желтый
  </color>
  <material>
   Хлопок
  </material>
  <price>
   766473
  </price>
  <rating>
   4.68
  </rating>
  <reviews>
   519060
  </reviews>
  <exclusive>
   no
  </exclusive>
  <sporty>
   no
  </sporty>
 </clothing>
 <clothing>
  <id>
   876674638
  </id>
  <name>
   Reebok Shirt U-8057
  </name>
  <category>
   Shirt
  </category>
  <size>
   S
  </size>
  <color>
   Голубой
  </color>
  <material>
   Нейлон
  </material>
  <price>
   665485
  </price>
  <rating>
   2.47
  </rating>
  <reviews>
   502084
  </reviews>
  <new>
   -
  </new>
 </clothing>
 <clothing>
  <id>
   354610065
  </id>
  <name>
   Ellesse Belts Q-6581
  </name>
  <category>
   Belts
  </category>
  <size>
   XXL
  </size>
  <color>
   Оранжевый
  </color>
  <material>
   Кожа
  </material>
  <price>
   653156
  </price>
  <rating>
   4.36
  </rating>
  <reviews>
   851201
  </reviews>
  <new>
   +
  </new>
  <sporty>
   no
  </sporty>
 </clothing>
 <clothing>
  <id>
   937596557
  </id>
  <name>
   PleinSport Hat D-2863
  </name>
  <category>
   Hat
  </category>
  <size>
   S
  </size>
  <color>
   Красный
  </color>
  <material>
   Вискоза
  </material>
  <price>
   242452
  </price>
  <rating>
   1.88
  </rating>
  <reviews>
   843061
  </reviews>
  <sporty>
   no
  </sporty>
 </clothing>
 <clothing>
  <id>
   962584930
  </id>
  <name>
   PleinSport Dress Q-5829
  </name>
  <category>
   Dress
  </category>
  <size>
   L
  </size>
  <color>
   Оранжевый
  </color>
  <material>
   Кожа
  </material>
  <price>
   327031
  </price>
  <rating>
   4.94
  </rating>
  <reviews>
   93736
  </reviews>
  <exclusive>
   yes
  </exclusive>
  <sporty>
   no
  </sporty>
 </clothing>
 <clothing>
  <id>
   430183365
  </id>
  <name>
   Nike Belts W-3244
  </name>
  <category>
   Belts
  </category>
  <size>
   XL
  </size>
  <color>
   Красный
  </color>
  <material>
   Нейлон
  </material>
  <price>
   381823
  </price>
  <rating>
   2.58
  </rating>
  <reviews>
   310494
  </reviews>
  <new>
   -
  </new>
 </clothing>
 <clothing>
  <id>
   872583785
  </id>
  <name>
   Ellesse Dress P-9831
  </name>
  <category>
   Dress
  </category>
  <size>
   XL
  </size>
  <color>
   Оранжевый
  </color>
  <material>
   Хлопок
  </material>
  <price>
   310332
  </price>
  <rating>
   3.21
  </rating>
  <reviews>
   71293
  </reviews>
  <new>
   -
  </new>
  <sporty>
   yes
  </sporty>
 </clothing>
 <clothing>
  <id>
   788428122
  </id>
  <name>
   Ellesse Hat N-3907
  </name>
  <category>
   Hat
  </category>
  <size>
   S
  </size>
  <color>
   Желтый
  </color>
  <material>
   Лен
  </material>
  <price>
   299513
  </price>
  <rating>
   2.63
  </rating>
  <reviews>
   487997
  </reviews>
  <new>
   -
  </new>
  <exclusive>
   no
  </exclusive>
 </clothing>
 <clothing>
  <id>
   293122249
  </id>
  <name>
   Converse Shirt Z-2483
  </name>
  <category>
   Shirt
  </category>
  <size>
   XL
  </size>
  <color>
   Синий
  </color>
  <material>
   Полиэстер
  </material>
  <price>
   219613
  </price>
  <rating>
   4.18
  </rating>
  <reviews>
   551291
  </reviews>
 </clothing>
 <clothing>
  <id>
   987283203
  </id>
  <name>
   Reebok T-shirt T-8273
  </name>
  <category>
   T-shirt
  </category>
  <size>
   L
  </size>
  <color>
   Синий
  </color>
  <material>
   Полиэстер
  </material>
  <price>
   532283
  </price>
  <rating>
   2.86
  </rating>
  <reviews>
   479371
  </reviews>
  <exclusive>
   yes
  </exclusive>
 </clothing>
 <clothing>
  <id>
   717468290
  </id>
  <name>
   Converse Belts I-2887
  </name>
  <category>
   Belts
  </category>
  <size>
   S
  </size>
  <color>
   Голубой
  </color>
  <material>
   Шелк
  </material>
  <price>
   989301
  </price>
  <rating>
   1.25
  </rating>
  <reviews>
   395255
  </reviews>
  <exclusive>
   yes
  </exclusive>
 </clothing>
 <clothing>
  <id>
   874152307
  </id>
  <name>
   PleinSport Skirt U-8401
  </name>
  <category>
   Skirt
  </category>
  <size>
   XL
  </size>
  <color>
   Голубой
  </color>
  <material>
   Полиэстер
  </material>
  <price>
   145610
  </price>
  <rating>
   4.7
  </rating>
  <reviews>
   480962
  </reviews>
  <exclusive>
   yes
  </exclusive>
  <sporty>
   yes
  </sporty>
 </clothing>
 <clothing>
  <id>
   730547251
  </id>
  <name>
   Ellesse Handbags N-3172
  </name>
  <category>
   Handbags
  </category>
  <size>
   XXL
  </size>
  <color>
   Красный
  </color>
  <material>
   Нейлон
  </material>
  <price>
   623912
  </price>
  <rating>
   2.42
  </rating>
  <reviews>
   81299
  </reviews>
  <new>
   +
  </new>
  <exclusive>
   yes
  </exclusive>
  <sporty>
   yes
  </sporty>
 </clothing>
 <clothing>
  <id>
   444695948
  </id>
  <name>
   Asics Skirt V-9118
  </name>
  <category>
   Skirt
  </category>
  <size>
   M
  </size>
  <color>
   Оранжевый
  </color>
  <material>
   Шерсть
  </material>
  <price>
   494470
  </price>
  <rating>
   2.1
  </rating>
  <reviews>
   858286
  </reviews>
  <new>
   -
  </new>
  <exclusive>
   no
  </exclusive>
  <sporty>
   yes
  </sporty>
 </clothing>
</clothing-items>
