<?xml version="1.0" encoding="utf-8"?>
<clothing-items>
 <clothing>
  <id>
   861995450
  </id>
  <name>
   Reebok Umbrellas M-3338
  </name>
  <category>
   Umbrellas
  </category>
  <size>
   M
  </size>
  <color>
   Голубой
  </color>
  <material>
   Шелк
  </material>
  <price>
   849300
  </price>
  <rating>
   2.32
  </rating>
  <reviews>
   440649
  </reviews>
  <exclusive>
   yes
  </exclusive>
  <sporty>
   no
  </sporty>
 </clothing>
 <clothing>
  <id>
   500448251
  </id>
  <name>
   New Balance Belts M-7696
  </name>
  <category>
   Belts
  </category>
  <size>
   L
  </size>
  <color>
   Оранжевый
  </color>
  <material>
   Кожа
  </material>
  <price>
   941634
  </price>
  <rating>
   1.83
  </rating>
  <reviews>
   629380
  </reviews>
  <new>
   -
  </new>
  <exclusive>
   no
  </exclusive>
  <sporty>
   yes
  </sporty>
 </clothing>
 <clothing>
  <id>
   589022406
  </id>
  <name>
   Under Armour Dress N-8631
  </name>
  <category>
   Dress
  </category>
  <size>
   XXL
  </size>
  <color>
   Зеленый
  </color>
  <material>
   Полиэстер
  </material>
  <price>
   692231
  </price>
  <rating>
   4.37
  </rating>
  <reviews>
   485068
  </reviews>
 </clothing>
 <clothing>
  <id>
   223951943
  </id>
  <name>
   Lacoste Jeans B-6633
  </name>
  <category>
   Jeans
  </category>
  <size>
   M
  </size>
  <color>
   Красный
  </color>
  <material>
   Хлопок
  </material>
  <price>
   793947
  </price>
  <rating>
   3.61
  </rating>
  <reviews>
   416481
  </reviews>
  <new>
   +
  </new>
  <exclusive>
   no
  </exclusive>
  <sporty>
   yes
  </sporty>
 </clothing>
 <clothing>
  <id>
   108736603
  </id>
  <name>
   Nike T-shirt Z-3154
  </name>
  <category>
   T-shirt
  </category>
  <size>
   S
  </size>
  <color>
   Фиолетовый
  </color>
  <material>
   Лен
  </material>
  <price>
   605382
  </price>
  <rating>
   1.1
  </rating>
  <reviews>
   357075
  </reviews>
  <new>
   -
  </new>
  <exclusive>
   no
  </exclusive>
  <sporty>
   no
  </sporty>
 </clothing>
 <clothing>
  <id>
   438697113
  </id>
  <name>
   Puma Jacket A-8472
  </name>
  <category>
   Jacket
  </category>
  <size>
   XXL
  </size>
  <color>
   Красный
  </color>
  <material>
   Хлопок
  </material>
  <price>
   285445
  </price>
  <rating>
   3.41
  </rating>
  <reviews>
   575637
  </reviews>
  <new>
   -
  </new>
  <sporty>
   yes
  </sporty>
 </clothing>
 <clothing>
  <id>
   832243455
  </id>
  <name>
   Puma Pants Q-1646
  </name>
  <category>
   Pants
  </category>
  <size>
   L
  </size>
  <color>
   Синий
  </color>
  <material>
   Хлопок
  </material>
  <price>
   352741
  </price>
  <rating>
   2.52
  </rating>
  <reviews>
   218909
  </reviews>
  <new>
   -
  </new>
  <exclusive>
   no
  </exclusive>
  <sporty>
   no
  </sporty>
 </clothing>
 <clothing>
  <id>
   156381990
  </id>
  <name>
   Ellesse T-shirt P-5177
  </name>
  <category>
   T-shirt
  </category>
  <size>
   S
  </size>
  <color>
   Красный
  </color>
  <material>
   Шелк
  </material>
  <price>
   852936
  </price>
  <rating>
   2.86
  </rating>
  <reviews>
   83144
  </reviews>
  <sporty>
   no
  </sporty>
 </clothing>
 <clothing>
  <id>
   960092891
  </id>
  <name>
   PleinSport Belts D-5515
  </name>
  <category>
   Belts
  </category>
  <size>
   S
  </size>
  <color>
   Желтый
  </color>
  <material>
   Полиэстер
  </material>
  <price>
   627706
  </price>
  <rating>
   4.03
  </rating>
  <reviews>
   903795
  </reviews>
  <new>
   +
  </new>
 </clothing>
 <clothing>
  <id>
   940026503
  </id>
  <name>
   Brooks Umbrellas G-6806
  </name>
  <category>
   Umbrellas
  </category>
  <size>
   L
  </size>
  <color>
   Синий
  </color>
  <material>
   Вискоза
  </material>
  <price>
   360314
  </price>
  <rating>
   2.63
  </rating>
  <reviews>
   788621
  </reviews>
  <new>
   +
  </new>
  <exclusive>
   yes
  </exclusive>
 </clothing>
 <clothing>
  <id>
   417433177
  </id>
  <name>
   Under Armour Sweater Q-8513
  </name>
  <category>
   Sweater
  </category>
  <size>
   S
  </size>
  <color>
   Синий
  </color>
  <material>
   Нейлон
  </material>
  <price>
   239564
  </price>
  <rating>
   2.21
  </rating>
  <reviews>
   626321
  </reviews>
  <new>
   +
  </new>
  <exclusive>
   yes
  </exclusive>
  <sporty>
   no
  </sporty>
 </clothing>
 <clothing>
  <id>
   509016919
  </id>
  <name>
   Converse Shoes V-8382
  </name>
  <category>
   Shoes
  </category>
  <size>
   XL
  </size>
  <color>
   Желтый
  </color>
  <material>
   Хлопок
  </material>
  <price>
   780839
  </price>
  <rating>
   4.6
  </rating>
  <reviews>
   319807
  </reviews>
  <new>
   +
  </new>
  <exclusive>
   yes
  </exclusive>
 </clothing>
 <clothing>
  <id>
   212933721
  </id>
  <name>
   Nike T-shirt N-3272
  </name>
  <category>
   T-shirt
  </category>
  <size>
   M
  </size>
  <color>
   Красный
  </color>
  <material>
   Хлопок
  </material>
  <price>
   136588
  </price>
  <rating>
   1.56
  </rating>
  <reviews>
   273583
  </reviews>
  <new>
   +
  </new>
  <exclusive>
   yes
  </exclusive>
 </clothing>
 <clothing>
  <id>
   863668412
  </id>
  <name>
   Adidas Shirt M-9866
  </name>
  <category>
   Shirt
  </category>
  <size>
   L
  </size>
  <color>
   Красный
  </color>
  <material>
   Нейлон
  </material>
  <price>
   373254
  </price>
  <rating>
   3.64
  </rating>
  <reviews>
   108640
  </reviews>
  <new>
   +
  </new>
  <exclusive>
   no
  </exclusive>
  <sporty>
   no
  </sporty>
 </clothing>
 <clothing>
  <id>
   185601445
  </id>
  <name>
   Puma Gloves T-3623
  </name>
  <category>
   Gloves
  </category>
  <size>
   S
  </size>
  <color>
   Синий
  </color>
  <material>
   Хлопок
  </material>
  <price>
   474200
  </price>
  <rating>
   3.87
  </rating>
  <reviews>
   816640
  </reviews>
  <new>
   +
  </new>
 </clothing>
 <clothing>
  <id>
   140294281
  </id>
  <name>
   Under Armour Pants D-3961
  </name>
  <category>
   Pants
  </category>
  <size>
   S
  </size>
  <color>
   Оранжевый
  </color>
  <material>
   Вискоза
  </material>
  <price>
   883474
  </price>
  <rating>
   4.6
  </rating>
  <reviews>
   92471
  </reviews>
  <sporty>
   no
  </sporty>
 </clothing>
 <clothing>
  <id>
   774099340
  </id>
  <name>
   Lacoste Hat V-1601
  </name>
  <category>
   Hat
  </category>
  <size>
   XL
  </size>
  <color>
   Оранжевый
  </color>
  <material>
   Хлопок
  </material>
  <price>
   650499
  </price>
  <rating>
   2.74
  </rating>
  <reviews>
   29812
  </reviews>
  <new>
   -
  </new>
  <exclusive>
   yes
  </exclusive>
  <sporty>
   no
  </sporty>
 </clothing>
 <clothing>
  <id>
   827105832
  </id>
  <name>
   Converse Skirt M-1777
  </name>
  <category>
   Skirt
  </category>
  <size>
   XL
  </size>
  <color>
   Фиолетовый
  </color>
  <material>
   Шелк
  </material>
  <price>
   952674
  </price>
  <rating>
   4.9
  </rating>
  <reviews>
   402766
  </reviews>
  <sporty>
   no
  </sporty>
 </clothing>
 <clothing>
  <id>
   671118581
  </id>
  <name>
   Fila Shoes N-7136
  </name>
  <category>
   Shoes
  </category>
  <size>
   L
  </size>
  <color>
   Синий
  </color>
  <material>
   Кожа
  </material>
  <price>
   542997
  </price>
  <rating>
   4.88
  </rating>
  <reviews>
   907974
  </reviews>
  <exclusive>
   no
  </exclusive>
  <sporty>
   no
  </sporty>
 </clothing>
 <clothing>
  <id>
   372957987
  </id>
  <name>
   Brooks Hat V-7329
  </name>
  <category>
   Hat
  </category>
  <size>
   S
  </size>
  <color>
   Голубой
  </color>
  <material>
   Вискоза
  </material>
  <price>
   699135
  </price>
  <rating>
   4.92
  </rating>
  <reviews>
   484110
  </reviews>
  <new>
   -
  </new>
 </clothing>
 <clothing>
  <id>
   866106957
  </id>
  <name>
   Nike Dress C-1303
  </name>
  <category>
   Dress
  </category>
  <size>
   L
  </size>
  <color>
   Синий
  </color>
  <material>
   Шелк
  </material>
  <price>
   378586
  </price>
  <rating>
   1.54
  </rating>
  <reviews>
   576138
  </reviews>
  <exclusive>
   yes
  </exclusive>
  <sporty>
   no
  </sporty>
 </clothing>
 <clothing>
  <id>
   961927418
  </id>
  <name>
   Adidas Blouse A-4523
  </name>
  <category>
   Blouse
  </category>
  <size>
   L
  </size>
  <color>
   Голубой
  </color>
  <material>
   Хлопок
  </material>
  <price>
   139009
  </price>
  <rating>
   2.39
  </rating>
  <reviews>
   390315
  </reviews>
  <exclusive>
   no
  </exclusive>
  <sporty>
   yes
  </sporty>
 </clothing>
 <clothing>
  <id>
   977679748
  </id>
  <name>
   Asics Belts M-5963
  </name>
  <category>
   Belts
  </category>
  <size>
   M
  </size>
  <color>
   Голубой
  </color>
  <material>
   Нейлон
  </material>
  <price>
   229494
  </price>
  <rating>
   2.11
  </rating>
  <reviews>
   647668
  </reviews>
  <new>
   +
  </new>
  <exclusive>
   yes
  </exclusive>
  <sporty>
   yes
  </sporty>
 </clothing>
 <clothing>
  <id>
   425387233
  </id>
  <name>
   Puma Shoes P-7793
  </name>
  <category>
   Shoes
  </category>
  <size>
   S
  </size>
  <color>
   Синий
  </color>
  <material>
   Лен
  </material>
  <price>
   549076
  </price>
  <rating>
   2.31
  </rating>
  <reviews>
   164776
  </reviews>
  <new>
   -
  </new>
  <exclusive>
   yes
  </exclusive>
 </clothing>
 <clothing>
  <id>
   655110036
  </id>
  <name>
   Fila Gloves Z-2815
  </name>
  <category>
   Gloves
  </category>
  <size>
   M
  </size>
  <color>
   Зеленый
  </color>
  <material>
   Шелк
  </material>
  <price>
   466566
  </price>
  <rating>
   4.16
  </rating>
  <reviews>
   927659
  </reviews>
 </clothing>
 <clothing>
  <id>
   207441524
  </id>
  <name>
   Puma Jacket W-4064
  </name>
  <category>
   Jacket
  </category>
  <size>
   XXL
  </size>
  <color>
   Зеленый
  </color>
  <material>
   Шелк
  </material>
  <price>
   959348
  </price>
  <rating>
   4.06
  </rating>
  <reviews>
   849251
  </reviews>
  <new>
   +
  </new>
 </clothing>
 <clothing>
  <id>
   411956664
  </id>
  <name>
   Lacoste Shirt Z-5388
  </name>
  <category>
   Shirt
  </category>
  <size>
   M
  </size>
  <color>
   Желтый
  </color>
  <material>
   Полиэстер
  </material>
  <price>
   631241
  </price>
  <rating>
   2.87
  </rating>
  <reviews>
   548172
  </reviews>
  <sporty>
   no
  </sporty>
 </clothing>
 <clothing>
  <id>
   989880722
  </id>
  <name>
   Reebok Sweater P-5495
  </name>
  <category>
   Sweater
  </category>
  <size>
   XL
  </size>
  <color>
   Голубой
  </color>
  <material>
   Полиэстер
  </material>
  <price>
   808648
  </price>
  <rating>
   1.57
  </rating>
  <reviews>
   403801
  </reviews>
  <sporty>
   yes
  </sporty>
 </clothing>
 <clothing>
  <id>
   488631678
  </id>
  <name>
   Addidas Belts N-6739
  </name>
  <category>
   Belts
  </category>
  <size>
   XXL
  </size>
  <color>
   Фиолетовый
  </color>
  <material>
   Полиэстер
  </material>
  <price>
   502297
  </price>
  <rating>
   3.28
  </rating>
  <reviews>
   847722
  </reviews>
  <sporty>
   no
  </sporty>
 </clothing>
 <clothing>
  <id>
   212601978
  </id>
  <name>
   Brooks Shirt E-7051
  </name>
  <category>
   Shirt
  </category>
  <size>
   L
  </size>
  <color>
   Красный
  </color>
  <material>
   Шелк
  </material>
  <price>
   170933
  </price>
  <rating>
   1.03
  </rating>
  <reviews>
   289147
  </reviews>
  <new>
   -
  </new>
  <sporty>
   no
  </sporty>
 </clothing>
 <clothing>
  <id>
   258576113
  </id>
  <name>
   Ellesse Jeans W-4730
  </name>
  <category>
   Jeans
  </category>
  <size>
   M
  </size>
  <color>
   Фиолетовый
  </color>
  <material>
   Полиэстер
  </material>
  <price>
   915904
  </price>
  <rating>
   2.81
  </rating>
  <reviews>
   827479
  </reviews>
  <new>
   +
  </new>
  <exclusive>
   no
  </exclusive>
 </clothing>
 <clothing>
  <id>
   342963985
  </id>
  <name>
   DC Shoes A-6508
  </name>
  <category>
   Shoes
  </category>
  <size>
   L
  </size>
  <color>
   Фиолетовый
  </color>
  <material>
   Нейлон
  </material>
  <price>
   711453
  </price>
  <rating>
   1.61
  </rating>
  <reviews>
   744923
  </reviews>
  <exclusive>
   no
  </exclusive>
  <sporty>
   no
  </sporty>
 </clothing>
 <clothing>
  <id>
   950944058
  </id>
  <name>
   Reebok Blouse R-8500
  </name>
  <category>
   Blouse
  </category>
  <size>
   XXL
  </size>
  <color>
   Желтый
  </color>
  <material>
   Хлопок
  </material>
  <price>
   427619
  </price>
  <rating>
   1.02
  </rating>
  <reviews>
   217797
  </reviews>
  <new>
   +
  </new>
  <sporty>
   no
  </sporty>
 </clothing>
 <clothing>
  <id>
   277368421
  </id>
  <name>
   Nike Pants N-3350
  </name>
  <category>
   Pants
  </category>
  <size>
   XL
  </size>
  <color>
   Оранжевый
  </color>
  <material>
   Шерсть
  </material>
  <price>
   873594
  </price>
  <rating>
   4.18
  </rating>
  <reviews>
   920783
  </reviews>
  <new>
   +
  </new>
  <exclusive>
   no
  </exclusive>
  <sporty>
   no
  </sporty>
 </clothing>
 <clothing>
  <id>
   955694835
  </id>
  <name>
   New Balance Jacket H-2642
  </name>
  <category>
   Jacket
  </category>
  <size>
   XL
  </size>
  <color>
   Желтый
  </color>
  <material>
   Лен
  </material>
  <price>
   395295
  </price>
  <rating>
   4.35
  </rating>
  <reviews>
   975936
  </reviews>
  <new>
   +
  </new>
  <exclusive>
   no
  </exclusive>
 </clothing>
 <clothing>
  <id>
   594105680
  </id>
  <name>
   Addidas Socks L-5769
  </name>
  <category>
   Socks
  </category>
  <size>
   L
  </size>
  <color>
   Зеленый
  </color>
  <material>
   Полиэстер
  </material>
  <price>
   718478
  </price>
  <rating>
   2.69
  </rating>
  <reviews>
   950907
  </reviews>
  <sporty>
   no
  </sporty>
 </clothing>
 <clothing>
  <id>
   117947065
  </id>
  <name>
   PleinSport Jeans J-6448
  </name>
  <category>
   Jeans
  </category>
  <size>
   M
  </size>
  <color>
   Красный
  </color>
  <material>
   Нейлон
  </material>
  <price>
   737830
  </price>
  <rating>
   4.98
  </rating>
  <reviews>
   174450
  </reviews>
  <new>
   -
  </new>
 </clothing>
 <clothing>
  <id>
   690993748
  </id>
  <name>
   Puma Skirt S-2174
  </name>
  <category>
   Skirt
  </category>
  <size>
   S
  </size>
  <color>
   Зеленый
  </color>
  <material>
   Полиэстер
  </material>
  <price>
   901454
  </price>
  <rating>
   1.24
  </rating>
  <reviews>
   840988
  </reviews>
  <new>
   +
  </new>
  <exclusive>
   no
  </exclusive>
  <sporty>
   no
  </sporty>
 </clothing>
 <clothing>
  <id>
   831657124
  </id>
  <name>
   Adidas Pants K-3725
  </name>
  <category>
   Pants
  </category>
  <size>
   L
  </size>
  <color>
   Оранжевый
  </color>
  <material>
   Полиэстер
  </material>
  <price>
   315840
  </price>
  <rating>
   3.41
  </rating>
  <reviews>
   902954
  </reviews>
  <new>
   +
  </new>
  <exclusive>
   yes
  </exclusive>
  <sporty>
   yes
  </sporty>
 </clothing>
 <clothing>
  <id>
   173074292
  </id>
  <name>
   PleinSport Dress V-3146
  </name>
  <category>
   Dress
  </category>
  <size>
   L
  </size>
  <color>
   Голубой
  </color>
  <material>
   Лен
  </material>
  <price>
   200555
  </price>
  <rating>
   3.31
  </rating>
  <reviews>
   863371
  </reviews>
  <new>
   -
  </new>
 </clothing>
 <clothing>
  <id>
   258522307
  </id>
  <name>
   Lacoste Socks J-9802
  </name>
  <category>
   Socks
  </category>
  <size>
   XL
  </size>
  <color>
   Оранжевый
  </color>
  <material>
   Полиэстер
  </material>
  <price>
   566170
  </price>
  <rating>
   1.96
  </rating>
  <reviews>
   76255
  </reviews>
  <new>
   +
  </new>
  <exclusive>
   no
  </exclusive>
 </clothing>
 <clothing>
  <id>
   525264290
  </id>
  <name>
   Fila Belts F-1907
  </name>
  <category>
   Belts
  </category>
  <size>
   XL
  </size>
  <color>
   Зеленый
  </color>
  <material>
   Нейлон
  </material>
  <price>
   485645
  </price>
  <rating>
   1.66
  </rating>
  <reviews>
   933358
  </reviews>
  <new>
   -
  </new>
  <exclusive>
   yes
  </exclusive>
  <sporty>
   no
  </sporty>
 </clothing>
 <clothing>
  <id>
   427244064
  </id>
  <name>
   Lacoste Dress N-8812
  </name>
  <category>
   Dress
  </category>
  <size>
   XL
  </size>
  <color>
   Голубой
  </color>
  <material>
   Полиэстер
  </material>
  <price>
   540754
  </price>
  <rating>
   1.78
  </rating>
  <reviews>
   685506
  </reviews>
 </clothing>
 <clothing>
  <id>
   144327858
  </id>
  <name>
   Converse Shoes Q-6053
  </name>
  <category>
   Shoes
  </category>
  <size>
   M
  </size>
  <color>
   Голубой
  </color>
  <material>
   Вискоза
  </material>
  <price>
   841203
  </price>
  <rating>
   2.95
  </rating>
  <reviews>
   2710
  </reviews>
  <new>
   -
  </new>
  <sporty>
   no
  </sporty>
 </clothing>
</clothing-items>
