<?xml version="1.0" encoding="utf-8"?>
<clothing-items>
 <clothing>
  <id>
   754004494
  </id>
  <name>
   Lacoste Dress I-6674
  </name>
  <category>
   Dress
  </category>
  <size>
   XL
  </size>
  <color>
   Оранжевый
  </color>
  <material>
   Шерсть
  </material>
  <price>
   898081
  </price>
  <rating>
   2.1
  </rating>
  <reviews>
   283698
  </reviews>
  <new>
   -
  </new>
  <sporty>
   no
  </sporty>
 </clothing>
 <clothing>
  <id>
   124741820
  </id>
  <name>
   Asics Socks G-4582
  </name>
  <category>
   Socks
  </category>
  <size>
   XXL
  </size>
  <color>
   Желтый
  </color>
  <material>
   Полиэстер
  </material>
  <price>
   109283
  </price>
  <rating>
   1.2
  </rating>
  <reviews>
   51880
  </reviews>
  <exclusive>
   no
  </exclusive>
  <sporty>
   yes
  </sporty>
 </clothing>
 <clothing>
  <id>
   465415835
  </id>
  <name>
   Lacoste Blouse H-1769
  </name>
  <category>
   Blouse
  </category>
  <size>
   XL
  </size>
  <color>
   Желтый
  </color>
  <material>
   Лен
  </material>
  <price>
   301274
  </price>
  <rating>
   2.02
  </rating>
  <reviews>
   671972
  </reviews>
  <new>
   -
  </new>
  <exclusive>
   no
  </exclusive>
  <sporty>
   yes
  </sporty>
 </clothing>
 <clothing>
  <id>
   519494223
  </id>
  <name>
   DC Skirt O-5726
  </name>
  <category>
   Skirt
  </category>
  <size>
   XXL
  </size>
  <color>
   Фиолетовый
  </color>
  <material>
   Шерсть
  </material>
  <price>
   282030
  </price>
  <rating>
   1.93
  </rating>
  <reviews>
   66543
  </reviews>
  <new>
   -
  </new>
 </clothing>
 <clothing>
  <id>
   624722531
  </id>
  <name>
   DC Umbrellas A-7061
  </name>
  <category>
   Umbrellas
  </category>
  <size>
   XXL
  </size>
  <color>
   Синий
  </color>
  <material>
   Лен
  </material>
  <price>
   639411
  </price>
  <rating>
   2.52
  </rating>
  <reviews>
   317214
  </reviews>
  <new>
   +
  </new>
  <exclusive>
   yes
  </exclusive>
  <sporty>
   no
  </sporty>
 </clothing>
 <clothing>
  <id>
   751583475
  </id>
  <name>
   Puma Dress Z-3598
  </name>
  <category>
   Dress
  </category>
  <size>
   M
  </size>
  <color>
   Зеленый
  </color>
  <material>
   Кожа
  </material>
  <price>
   726543
  </price>
  <rating>
   1.11
  </rating>
  <reviews>
   924753
  </reviews>
  <new>
   +
  </new>
  <exclusive>
   yes
  </exclusive>
  <sporty>
   yes
  </sporty>
 </clothing>
 <clothing>
  <id>
   870438979
  </id>
  <name>
   Addidas Gloves V-8601
  </name>
  <category>
   Gloves
  </category>
  <size>
   L
  </size>
  <color>
   Желтый
  </color>
  <material>
   Полиэстер
  </material>
  <price>
   286608
  </price>
  <rating>
   2.51
  </rating>
  <reviews>
   844774
  </reviews>
  <new>
   -
  </new>
 </clothing>
 <clothing>
  <id>
   424452404
  </id>
  <name>
   New Balance Hat D-4810
  </name>
  <category>
   Hat
  </category>
  <size>
   L
  </size>
  <color>
   Зеленый
  </color>
  <material>
   Лен
  </material>
  <price>
   257922
  </price>
  <rating>
   1.87
  </rating>
  <reviews>
   837435
  </reviews>
  <new>
   -
  </new>
  <exclusive>
   yes
  </exclusive>
 </clothing>
 <clothing>
  <id>
   655337059
  </id>
  <name>
   DC Pants I-2407
  </name>
  <category>
   Pants
  </category>
  <size>
   M
  </size>
  <color>
   Оранжевый
  </color>
  <material>
   Шерсть
  </material>
  <price>
   987488
  </price>
  <rating>
   4.83
  </rating>
  <reviews>
   944183
  </reviews>
  <new>
   -
  </new>
  <exclusive>
   no
  </exclusive>
  <sporty>
   no
  </sporty>
 </clothing>
 <clothing>
  <id>
   785073178
  </id>
  <name>
   Converse Pants C-3445
  </name>
  <category>
   Pants
  </category>
  <size>
   L
  </size>
  <color>
   Синий
  </color>
  <material>
   Нейлон
  </material>
  <price>
   303516
  </price>
  <rating>
   1.73
  </rating>
  <reviews>
   501771
  </reviews>
  <new>
   +
  </new>
  <exclusive>
   yes
  </exclusive>
  <sporty>
   no
  </sporty>
 </clothing>
 <clothing>
  <id>
   741793839
  </id>
  <name>
   PleinSport Gloves G-1709
  </name>
  <category>
   Gloves
  </category>
  <size>
   XXL
  </size>
  <color>
   Красный
  </color>
  <material>
   Кожа
  </material>
  <price>
   715635
  </price>
  <rating>
   4.82
  </rating>
  <reviews>
   709125
  </reviews>
  <new>
   -
  </new>
  <sporty>
   no
  </sporty>
 </clothing>
 <clothing>
  <id>
   227481448
  </id>
  <name>
   Fila Sweater Q-5888
  </name>
  <category>
   Sweater
  </category>
  <size>
   XXL
  </size>
  <color>
   Желтый
  </color>
  <material>
   Шелк
  </material>
  <price>
   674790
  </price>
  <rating>
   3.7
  </rating>
  <reviews>
   196417
  </reviews>
  <new>
   -
  </new>
  <exclusive>
   no
  </exclusive>
  <sporty>
   no
  </sporty>
 </clothing>
 <clothing>
  <id>
   851781419
  </id>
  <name>
   Ellesse Shirt H-7619
  </name>
  <category>
   Shirt
  </category>
  <size>
   S
  </size>
  <color>
   Красный
  </color>
  <material>
   Полиэстер
  </material>
  <price>
   856089
  </price>
  <rating>
   4.32
  </rating>
  <reviews>
   508879
  </reviews>
  <new>
   -
  </new>
 </clothing>
 <clothing>
  <id>
   113838093
  </id>
  <name>
   Addidas Sweater N-8389
  </name>
  <category>
   Sweater
  </category>
  <size>
   S
  </size>
  <color>
   Голубой
  </color>
  <material>
   Хлопок
  </material>
  <price>
   242753
  </price>
  <rating>
   4.66
  </rating>
  <reviews>
   771899
  </reviews>
  <new>
   -
  </new>
  <exclusive>
   no
  </exclusive>
 </clothing>
 <clothing>
  <id>
   514533482
  </id>
  <name>
   Nike Shirt N-8658
  </name>
  <category>
   Shirt
  </category>
  <size>
   L
  </size>
  <color>
   Зеленый
  </color>
  <material>
   Хлопок
  </material>
  <price>
   158305
  </price>
  <rating>
   2.4
  </rating>
  <reviews>
   536461
  </reviews>
  <new>
   -
  </new>
  <exclusive>
   no
  </exclusive>
 </clothing>
 <clothing>
  <id>
   364542512
  </id>
  <name>
   Reebok Belts L-6711
  </name>
  <category>
   Belts
  </category>
  <size>
   S
  </size>
  <color>
   Красный
  </color>
  <material>
   Вискоза
  </material>
  <price>
   993654
  </price>
  <rating>
   1.06
  </rating>
  <reviews>
   659549
  </reviews>
  <new>
   +
  </new>
  <exclusive>
   no
  </exclusive>
 </clothing>
 <clothing>
  <id>
   614122090
  </id>
  <name>
   Under Armour Shoes Z-6364
  </name>
  <category>
   Shoes
  </category>
  <size>
   XL
  </size>
  <color>
   Оранжевый
  </color>
  <material>
   Лен
  </material>
  <price>
   540852
  </price>
  <rating>
   3.73
  </rating>
  <reviews>
   484514
  </reviews>
  <new>
   +
  </new>
 </clothing>
 <clothing>
  <id>
   600435740
  </id>
  <name>
   Reebok Sweater E-6790
  </name>
  <category>
   Sweater
  </category>
  <size>
   XXL
  </size>
  <color>
   Синий
  </color>
  <material>
   Кожа
  </material>
  <price>
   101170
  </price>
  <rating>
   3.11
  </rating>
  <reviews>
   153064
  </reviews>
  <sporty>
   no
  </sporty>
 </clothing>
 <clothing>
  <id>
   322064588
  </id>
  <name>
   PleinSport Jeans G-4277
  </name>
  <category>
   Jeans
  </category>
  <size>
   S
  </size>
  <color>
   Желтый
  </color>
  <material>
   Хлопок
  </material>
  <price>
   812449
  </price>
  <rating>
   3.88
  </rating>
  <reviews>
   320488
  </reviews>
  <sporty>
   no
  </sporty>
 </clothing>
 <clothing>
  <id>
   664129394
  </id>
  <name>
   Under Armour Gloves C-5382
  </name>
  <category>
   Gloves
  </category>
  <size>
   L
  </size>
  <color>
   Желтый
  </color>
  <material>
   Шелк
  </material>
  <price>
   339624
  </price>
  <rating>
   3.97
  </rating>
  <reviews>
   334987
  </reviews>
  <new>
   +
  </new>
  <exclusive>
   yes
  </exclusive>
  <sporty>
   no
  </sporty>
 </clothing>
 <clothing>
  <id>
   674031407
  </id>
  <name>
   Ellesse Handbags I-6510
  </name>
  <category>
   Handbags
  </category>
  <size>
   S
  </size>
  <color>
   Синий
  </color>
  <material>
   Шерсть
  </material>
  <price>
   252492
  </price>
  <rating>
   1.93
  </rating>
  <reviews>
   342255
  </reviews>
  <new>
   +
  </new>
  <sporty>
   yes
  </sporty>
 </clothing>
 <clothing>
  <id>
   684249641
  </id>
  <name>
   Asics Umbrellas R-4013
  </name>
  <category>
   Umbrellas
  </category>
  <size>
   XXL
  </size>
  <color>
   Фиолетовый
  </color>
  <material>
   Шелк
  </material>
  <price>
   905011
  </price>
  <rating>
   3.15
  </rating>
  <reviews>
   882199
  </reviews>
  <exclusive>
   yes
  </exclusive>
  <sporty>
   no
  </sporty>
 </clothing>
 <clothing>
  <id>
   192018838
  </id>
  <name>
   Addidas Blouse W-3754
  </name>
  <category>
   Blouse
  </category>
  <size>
   S
  </size>
  <color>
   Голубой
  </color>
  <material>
   Лен
  </material>
  <price>
   686297
  </price>
  <rating>
   1.71
  </rating>
  <reviews>
   118376
  </reviews>
  <sporty>
   yes
  </sporty>
 </clothing>
 <clothing>
  <id>
   441424245
  </id>
  <name>
   Addidas Shirt U-3462
  </name>
  <category>
   Shirt
  </category>
  <size>
   XXL
  </size>
  <color>
   Зеленый
  </color>
  <material>
   Нейлон
  </material>
  <price>
   991410
  </price>
  <rating>
   3.68
  </rating>
  <reviews>
   818302
  </reviews>
  <new>
   -
  </new>
 </clothing>
 <clothing>
  <id>
   863040616
  </id>
  <name>
   Nike Blouse K-9004
  </name>
  <category>
   Blouse
  </category>
  <size>
   M
  </size>
  <color>
   Желтый
  </color>
  <material>
   Хлопок
  </material>
  <price>
   376504
  </price>
  <rating>
   3.1
  </rating>
  <reviews>
   941334
  </reviews>
  <new>
   +
  </new>
  <exclusive>
   no
  </exclusive>
  <sporty>
   yes
  </sporty>
 </clothing>
 <clothing>
  <id>
   467566991
  </id>
  <name>
   Brooks Hat O-3948
  </name>
  <category>
   Hat
  </category>
  <size>
   M
  </size>
  <color>
   Голубой
  </color>
  <material>
   Лен
  </material>
  <price>
   230102
  </price>
  <rating>
   4.23
  </rating>
  <reviews>
   459392
  </reviews>
  <new>
   +
  </new>
  <sporty>
   no
  </sporty>
 </clothing>
 <clothing>
  <id>
   180825716
  </id>
  <name>
   New Balance Handbags M-8609
  </name>
  <category>
   Handbags
  </category>
  <size>
   XL
  </size>
  <color>
   Желтый
  </color>
  <material>
   Хлопок
  </material>
  <price>
   841730
  </price>
  <rating>
   1.59
  </rating>
  <reviews>
   953252
  </reviews>
  <new>
   -
  </new>
  <exclusive>
   no
  </exclusive>
  <sporty>
   yes
  </sporty>
 </clothing>
</clothing-items>
