<?xml version="1.0" encoding="utf-8"?>
<clothing-items>
 <clothing>
  <id>
   507652376
  </id>
  <name>
   Puma Blouse F-8755
  </name>
  <category>
   Blouse
  </category>
  <size>
   XL
  </size>
  <color>
   Фиолетовый
  </color>
  <material>
   Лен
  </material>
  <price>
   205326
  </price>
  <rating>
   3.31
  </rating>
  <reviews>
   176931
  </reviews>
  <new>
   -
  </new>
  <exclusive>
   no
  </exclusive>
  <sporty>
   yes
  </sporty>
 </clothing>
 <clothing>
  <id>
   741563089
  </id>
  <name>
   New Balance Belts H-5055
  </name>
  <category>
   Belts
  </category>
  <size>
   XL
  </size>
  <color>
   Зеленый
  </color>
  <material>
   Вискоза
  </material>
  <price>
   565971
  </price>
  <rating>
   1.08
  </rating>
  <reviews>
   287538
  </reviews>
  <new>
   -
  </new>
  <exclusive>
   no
  </exclusive>
  <sporty>
   no
  </sporty>
 </clothing>
 <clothing>
  <id>
   961476060
  </id>
  <name>
   Addidas Jacket Y-8744
  </name>
  <category>
   Jacket
  </category>
  <size>
   M
  </size>
  <color>
   Голубой
  </color>
  <material>
   Нейлон
  </material>
  <price>
   385244
  </price>
  <rating>
   4.16
  </rating>
  <reviews>
   741710
  </reviews>
  <new>
   -
  </new>
  <sporty>
   no
  </sporty>
 </clothing>
 <clothing>
  <id>
   632942226
  </id>
  <name>
   Brooks T-shirt N-5373
  </name>
  <category>
   T-shirt
  </category>
  <size>
   S
  </size>
  <color>
   Оранжевый
  </color>
  <material>
   Шерсть
  </material>
  <price>
   752030
  </price>
  <rating>
   1.33
  </rating>
  <reviews>
   892706
  </reviews>
  <new>
   -
  </new>
  <exclusive>
   no
  </exclusive>
  <sporty>
   yes
  </sporty>
 </clothing>
 <clothing>
  <id>
   299559631
  </id>
  <name>
   Ellesse Shirt P-6297
  </name>
  <category>
   Shirt
  </category>
  <size>
   L
  </size>
  <color>
   Синий
  </color>
  <material>
   Нейлон
  </material>
  <price>
   192695
  </price>
  <rating>
   4.65
  </rating>
  <reviews>
   895308
  </reviews>
  <new>
   -
  </new>
  <exclusive>
   no
  </exclusive>
  <sporty>
   no
  </sporty>
 </clothing>
 <clothing>
  <id>
   809596943
  </id>
  <name>
   PleinSport Sweater X-9140
  </name>
  <category>
   Sweater
  </category>
  <size>
   L
  </size>
  <color>
   Голубой
  </color>
  <material>
   Шерсть
  </material>
  <price>
   804484
  </price>
  <rating>
   1.19
  </rating>
  <reviews>
   607754
  </reviews>
  <new>
   -
  </new>
  <exclusive>
   no
  </exclusive>
 </clothing>
 <clothing>
  <id>
   982363074
  </id>
  <name>
   Reebok Jeans A-4782
  </name>
  <category>
   Jeans
  </category>
  <size>
   L
  </size>
  <color>
   Оранжевый
  </color>
  <material>
   Шелк
  </material>
  <price>
   485241
  </price>
  <rating>
   4.02
  </rating>
  <reviews>
   668004
  </reviews>
  <new>
   -
  </new>
  <exclusive>
   yes
  </exclusive>
  <sporty>
   no
  </sporty>
 </clothing>
 <clothing>
  <id>
   207159738
  </id>
  <name>
   Adidas Sweater H-2359
  </name>
  <category>
   Sweater
  </category>
  <size>
   M
  </size>
  <color>
   Оранжевый
  </color>
  <material>
   Шерсть
  </material>
  <price>
   422751
  </price>
  <rating>
   2.22
  </rating>
  <reviews>
   755086
  </reviews>
  <sporty>
   yes
  </sporty>
 </clothing>
 <clothing>
  <id>
   595973917
  </id>
  <name>
   Adidas Socks R-5431
  </name>
  <category>
   Socks
  </category>
  <size>
   L
  </size>
  <color>
   Оранжевый
  </color>
  <material>
   Шелк
  </material>
  <price>
   939691
  </price>
  <rating>
   2.02
  </rating>
  <reviews>
   340914
  </reviews>
  <new>
   +
  </new>
  <exclusive>
   no
  </exclusive>
 </clothing>
 <clothing>
  <id>
   368528535
  </id>
  <name>
   Adidas Handbags Z-6125
  </name>
  <category>
   Handbags
  </category>
  <size>
   M
  </size>
  <color>
   Оранжевый
  </color>
  <material>
   Нейлон
  </material>
  <price>
   268403
  </price>
  <rating>
   4.47
  </rating>
  <reviews>
   682131
  </reviews>
  <new>
   -
  </new>
 </clothing>
 <clothing>
  <id>
   699259516
  </id>
  <name>
   Nike Gloves N-4857
  </name>
  <category>
   Gloves
  </category>
  <size>
   S
  </size>
  <color>
   Голубой
  </color>
  <material>
   Шерсть
  </material>
  <price>
   930391
  </price>
  <rating>
   2.79
  </rating>
  <reviews>
   201281
  </reviews>
 </clothing>
 <clothing>
  <id>
   454837684
  </id>
  <name>
   New Balance Shirt Z-9536
  </name>
  <category>
   Shirt
  </category>
  <size>
   XL
  </size>
  <color>
   Красный
  </color>
  <material>
   Полиэстер
  </material>
  <price>
   823159
  </price>
  <rating>
   1.59
  </rating>
  <reviews>
   876432
  </reviews>
  <exclusive>
   no
  </exclusive>
 </clothing>
 <clothing>
  <id>
   762899906
  </id>
  <name>
   Adidas Shoes N-5183
  </name>
  <category>
   Shoes
  </category>
  <size>
   L
  </size>
  <color>
   Синий
  </color>
  <material>
   Лен
  </material>
  <price>
   162909
  </price>
  <rating>
   2.99
  </rating>
  <reviews>
   42412
  </reviews>
  <exclusive>
   yes
  </exclusive>
 </clothing>
 <clothing>
  <id>
   454084267
  </id>
  <name>
   Addidas Hat C-9192
  </name>
  <category>
   Hat
  </category>
  <size>
   XL
  </size>
  <color>
   Фиолетовый
  </color>
  <material>
   Шерсть
  </material>
  <price>
   115083
  </price>
  <rating>
   1.21
  </rating>
  <reviews>
   886893
  </reviews>
  <sporty>
   no
  </sporty>
 </clothing>
 <clothing>
  <id>
   888854345
  </id>
  <name>
   Under Armour Pants M-5279
  </name>
  <category>
   Pants
  </category>
  <size>
   S
  </size>
  <color>
   Оранжевый
  </color>
  <material>
   Лен
  </material>
  <price>
   733587
  </price>
  <rating>
   1.16
  </rating>
  <reviews>
   359734
  </reviews>
  <new>
   -
  </new>
  <exclusive>
   yes
  </exclusive>
  <sporty>
   yes
  </sporty>
 </clothing>
 <clothing>
  <id>
   571708901
  </id>
  <name>
   Asics Pants X-8746
  </name>
  <category>
   Pants
  </category>
  <size>
   XXL
  </size>
  <color>
   Фиолетовый
  </color>
  <material>
   Кожа
  </material>
  <price>
   492389
  </price>
  <rating>
   4.41
  </rating>
  <reviews>
   529946
  </reviews>
  <exclusive>
   no
  </exclusive>
  <sporty>
   yes
  </sporty>
 </clothing>
 <clothing>
  <id>
   120613951
  </id>
  <name>
   Addidas Socks O-4810
  </name>
  <category>
   Socks
  </category>
  <size>
   L
  </size>
  <color>
   Фиолетовый
  </color>
  <material>
   Лен
  </material>
  <price>
   376684
  </price>
  <rating>
   3.26
  </rating>
  <reviews>
   271660
  </reviews>
  <new>
   +
  </new>
 </clothing>
 <clothing>
  <id>
   885505642
  </id>
  <name>
   Lacoste Gloves Y-5317
  </name>
  <category>
   Gloves
  </category>
  <size>
   XL
  </size>
  <color>
   Оранжевый
  </color>
  <material>
   Вискоза
  </material>
  <price>
   429223
  </price>
  <rating>
   4.78
  </rating>
  <reviews>
   200735
  </reviews>
  <exclusive>
   yes
  </exclusive>
 </clothing>
 <clothing>
  <id>
   192565563
  </id>
  <name>
   New Balance Skirt H-4501
  </name>
  <category>
   Skirt
  </category>
  <size>
   XXL
  </size>
  <color>
   Оранжевый
  </color>
  <material>
   Хлопок
  </material>
  <price>
   685925
  </price>
  <rating>
   1.4
  </rating>
  <reviews>
   113051
  </reviews>
  <new>
   +
  </new>
  <exclusive>
   yes
  </exclusive>
  <sporty>
   no
  </sporty>
 </clothing>
 <clothing>
  <id>
   305128857
  </id>
  <name>
   Converse Dress T-3213
  </name>
  <category>
   Dress
  </category>
  <size>
   XXL
  </size>
  <color>
   Оранжевый
  </color>
  <material>
   Шелк
  </material>
  <price>
   714518
  </price>
  <rating>
   4.73
  </rating>
  <reviews>
   559336
  </reviews>
  <new>
   +
  </new>
 </clothing>
 <clothing>
  <id>
   501007291
  </id>
  <name>
   Ellesse Dress Q-7134
  </name>
  <category>
   Dress
  </category>
  <size>
   XXL
  </size>
  <color>
   Синий
  </color>
  <material>
   Хлопок
  </material>
  <price>
   662896
  </price>
  <rating>
   2.56
  </rating>
  <reviews>
   444690
  </reviews>
  <new>
   -
  </new>
 </clothing>
 <clothing>
  <id>
   104288748
  </id>
  <name>
   New Balance Dress W-5215
  </name>
  <category>
   Dress
  </category>
  <size>
   M
  </size>
  <color>
   Синий
  </color>
  <material>
   Шерсть
  </material>
  <price>
   430916
  </price>
  <rating>
   2.34
  </rating>
  <reviews>
   449951
  </reviews>
 </clothing>
 <clothing>
  <id>
   369088265
  </id>
  <name>
   Puma Sweater W-3230
  </name>
  <category>
   Sweater
  </category>
  <size>
   XXL
  </size>
  <color>
   Зеленый
  </color>
  <material>
   Полиэстер
  </material>
  <price>
   273434
  </price>
  <rating>
   2.35
  </rating>
  <reviews>
   838856
  </reviews>
  <new>
   +
  </new>
 </clothing>
 <clothing>
  <id>
   901005804
  </id>
  <name>
   Brooks Belts P-5679
  </name>
  <category>
   Belts
  </category>
  <size>
   XL
  </size>
  <color>
   Синий
  </color>
  <material>
   Хлопок
  </material>
  <price>
   241780
  </price>
  <rating>
   4.14
  </rating>
  <reviews>
   474818
  </reviews>
  <new>
   +
  </new>
 </clothing>
 <clothing>
  <id>
   275967304
  </id>
  <name>
   Puma Belts A-2351
  </name>
  <category>
   Belts
  </category>
  <size>
   L
  </size>
  <color>
   Красный
  </color>
  <material>
   Хлопок
  </material>
  <price>
   708172
  </price>
  <rating>
   4.35
  </rating>
  <reviews>
   979606
  </reviews>
  <new>
   -
  </new>
  <exclusive>
   no
  </exclusive>
  <sporty>
   no
  </sporty>
 </clothing>
 <clothing>
  <id>
   590538446
  </id>
  <name>
   PleinSport Handbags L-3035
  </name>
  <category>
   Handbags
  </category>
  <size>
   XL
  </size>
  <color>
   Желтый
  </color>
  <material>
   Кожа
  </material>
  <price>
   418831
  </price>
  <rating>
   4.43
  </rating>
  <reviews>
   819023
  </reviews>
  <exclusive>
   no
  </exclusive>
 </clothing>
 <clothing>
  <id>
   551925403
  </id>
  <name>
   Converse Handbags M-8321
  </name>
  <category>
   Handbags
  </category>
  <size>
   XXL
  </size>
  <color>
   Фиолетовый
  </color>
  <material>
   Лен
  </material>
  <price>
   704203
  </price>
  <rating>
   2.87
  </rating>
  <reviews>
   887651
  </reviews>
  <new>
   -
  </new>
  <exclusive>
   yes
  </exclusive>
  <sporty>
   no
  </sporty>
 </clothing>
 <clothing>
  <id>
   854797295
  </id>
  <name>
   PleinSport Sweater T-3918
  </name>
  <category>
   Sweater
  </category>
  <size>
   XL
  </size>
  <color>
   Фиолетовый
  </color>
  <material>
   Шерсть
  </material>
  <price>
   956968
  </price>
  <rating>
   3.66
  </rating>
  <reviews>
   813379
  </reviews>
  <new>
   +
  </new>
  <sporty>
   yes
  </sporty>
 </clothing>
 <clothing>
  <id>
   729238682
  </id>
  <name>
   Under Armour Handbags U-5215
  </name>
  <category>
   Handbags
  </category>
  <size>
   XL
  </size>
  <color>
   Желтый
  </color>
  <material>
   Нейлон
  </material>
  <price>
   665261
  </price>
  <rating>
   2.84
  </rating>
  <reviews>
   330087
  </reviews>
  <new>
   -
  </new>
  <exclusive>
   yes
  </exclusive>
 </clothing>
 <clothing>
  <id>
   111135907
  </id>
  <name>
   Nike Sweater N-7824
  </name>
  <category>
   Sweater
  </category>
  <size>
   XL
  </size>
  <color>
   Фиолетовый
  </color>
  <material>
   Нейлон
  </material>
  <price>
   933142
  </price>
  <rating>
   3.35
  </rating>
  <reviews>
   973772
  </reviews>
  <exclusive>
   no
  </exclusive>
 </clothing>
 <clothing>
  <id>
   226783505
  </id>
  <name>
   Lacoste Dress H-1825
  </name>
  <category>
   Dress
  </category>
  <size>
   L
  </size>
  <color>
   Красный
  </color>
  <material>
   Лен
  </material>
  <price>
   306700
  </price>
  <rating>
   1.68
  </rating>
  <reviews>
   537367
  </reviews>
  <new>
   -
  </new>
  <exclusive>
   yes
  </exclusive>
  <sporty>
   no
  </sporty>
 </clothing>
 <clothing>
  <id>
   450290171
  </id>
  <name>
   Converse Gloves J-8789
  </name>
  <category>
   Gloves
  </category>
  <size>
   M
  </size>
  <color>
   Красный
  </color>
  <material>
   Полиэстер
  </material>
  <price>
   858164
  </price>
  <rating>
   4.29
  </rating>
  <reviews>
   585667
  </reviews>
  <new>
   -
  </new>
  <exclusive>
   yes
  </exclusive>
 </clothing>
</clothing-items>
