<?xml version="1.0" encoding="utf-8"?>
<clothing-items>
 <clothing>
  <id>
   344319674
  </id>
  <name>
   Fila Hat G-4691
  </name>
  <category>
   Hat
  </category>
  <size>
   M
  </size>
  <color>
   Зеленый
  </color>
  <material>
   Вискоза
  </material>
  <price>
   694148
  </price>
  <rating>
   4.12
  </rating>
  <reviews>
   870531
  </reviews>
  <new>
   -
  </new>
  <exclusive>
   no
  </exclusive>
  <sporty>
   no
  </sporty>
 </clothing>
 <clothing>
  <id>
   846056582
  </id>
  <name>
   Addidas Jeans W-3486
  </name>
  <category>
   Jeans
  </category>
  <size>
   M
  </size>
  <color>
   Фиолетовый
  </color>
  <material>
   Нейлон
  </material>
  <price>
   250093
  </price>
  <rating>
   1.09
  </rating>
  <reviews>
   669361
  </reviews>
  <sporty>
   yes
  </sporty>
 </clothing>
 <clothing>
  <id>
   824356167
  </id>
  <name>
   PleinSport Jeans T-1244
  </name>
  <category>
   Jeans
  </category>
  <size>
   M
  </size>
  <color>
   Красный
  </color>
  <material>
   Нейлон
  </material>
  <price>
   840099
  </price>
  <rating>
   2.74
  </rating>
  <reviews>
   976478
  </reviews>
  <new>
   +
  </new>
  <exclusive>
   yes
  </exclusive>
  <sporty>
   yes
  </sporty>
 </clothing>
 <clothing>
  <id>
   806821200
  </id>
  <name>
   Nike Skirt M-9147
  </name>
  <category>
   Skirt
  </category>
  <size>
   L
  </size>
  <color>
   Зеленый
  </color>
  <material>
   Хлопок
  </material>
  <price>
   673250
  </price>
  <rating>
   2.78
  </rating>
  <reviews>
   909272
  </reviews>
  <exclusive>
   yes
  </exclusive>
  <sporty>
   no
  </sporty>
 </clothing>
 <clothing>
  <id>
   728037154
  </id>
  <name>
   Lacoste Jeans S-8373
  </name>
  <category>
   Jeans
  </category>
  <size>
   XL
  </size>
  <color>
   Синий
  </color>
  <material>
   Лен
  </material>
  <price>
   323427
  </price>
  <rating>
   4.2
  </rating>
  <reviews>
   926840
  </reviews>
  <new>
   -
  </new>
 </clothing>
 <clothing>
  <id>
   742979085
  </id>
  <name>
   Brooks Umbrellas I-3167
  </name>
  <category>
   Umbrellas
  </category>
  <size>
   XL
  </size>
  <color>
   Зеленый
  </color>
  <material>
   Шелк
  </material>
  <price>
   729413
  </price>
  <rating>
   2.85
  </rating>
  <reviews>
   761277
  </reviews>
  <new>
   +
  </new>
 </clothing>
 <clothing>
  <id>
   463507381
  </id>
  <name>
   Lacoste Handbags W-5968
  </name>
  <category>
   Handbags
  </category>
  <size>
   S
  </size>
  <color>
   Зеленый
  </color>
  <material>
   Лен
  </material>
  <price>
   836662
  </price>
  <rating>
   1.29
  </rating>
  <reviews>
   10458
  </reviews>
  <new>
   +
  </new>
  <exclusive>
   no
  </exclusive>
  <sporty>
   yes
  </sporty>
 </clothing>
 <clothing>
  <id>
   695187350
  </id>
  <name>
   Puma Skirt N-3198
  </name>
  <category>
   Skirt
  </category>
  <size>
   XL
  </size>
  <color>
   Зеленый
  </color>
  <material>
   Кожа
  </material>
  <price>
   874207
  </price>
  <rating>
   1.82
  </rating>
  <reviews>
   77377
  </reviews>
 </clothing>
 <clothing>
  <id>
   639963067
  </id>
  <name>
   Fila Dress C-2655
  </name>
  <category>
   Dress
  </category>
  <size>
   S
  </size>
  <color>
   Красный
  </color>
  <material>
   Шерсть
  </material>
  <price>
   162901
  </price>
  <rating>
   4.61
  </rating>
  <reviews>
   817768
  </reviews>
  <new>
   -
  </new>
  <exclusive>
   no
  </exclusive>
  <sporty>
   no
  </sporty>
 </clothing>
 <clothing>
  <id>
   163076109
  </id>
  <name>
   New Balance Skirt C-4819
  </name>
  <category>
   Skirt
  </category>
  <size>
   M
  </size>
  <color>
   Красный
  </color>
  <material>
   Полиэстер
  </material>
  <price>
   203386
  </price>
  <rating>
   1.02
  </rating>
  <reviews>
   233690
  </reviews>
  <new>
   +
  </new>
  <sporty>
   no
  </sporty>
 </clothing>
 <clothing>
  <id>
   339456342
  </id>
  <name>
   DC Shoes D-1293
  </name>
  <category>
   Shoes
  </category>
  <size>
   L
  </size>
  <color>
   Желтый
  </color>
  <material>
   Лен
  </material>
  <price>
   358451
  </price>
  <rating>
   1.25
  </rating>
  <reviews>
   541452
  </reviews>
  <new>
   -
  </new>
  <exclusive>
   no
  </exclusive>
  <sporty>
   yes
  </sporty>
 </clothing>
 <clothing>
  <id>
   154773712
  </id>
  <name>
   Adidas Belts C-5009
  </name>
  <category>
   Belts
  </category>
  <size>
   L
  </size>
  <color>
   Синий
  </color>
  <material>
   Шерсть
  </material>
  <price>
   520514
  </price>
  <rating>
   2.66
  </rating>
  <reviews>
   770453
  </reviews>
  <new>
   -
  </new>
  <exclusive>
   yes
  </exclusive>
  <sporty>
   no
  </sporty>
 </clothing>
 <clothing>
  <id>
   418458989
  </id>
  <name>
   New Balance Belts G-4175
  </name>
  <category>
   Belts
  </category>
  <size>
   L
  </size>
  <color>
   Голубой
  </color>
  <material>
   Вискоза
  </material>
  <price>
   212899
  </price>
  <rating>
   3.61
  </rating>
  <reviews>
   213288
  </reviews>
  <new>
   +
  </new>
  <sporty>
   no
  </sporty>
 </clothing>
 <clothing>
  <id>
   547687750
  </id>
  <name>
   Vans Skirt Z-2371
  </name>
  <category>
   Skirt
  </category>
  <size>
   XL
  </size>
  <color>
   Фиолетовый
  </color>
  <material>
   Вискоза
  </material>
  <price>
   463316
  </price>
  <rating>
   4.01
  </rating>
  <reviews>
   353887
  </reviews>
  <new>
   +
  </new>
  <exclusive>
   yes
  </exclusive>
 </clothing>
 <clothing>
  <id>
   404240857
  </id>
  <name>
   DC Handbags G-8866
  </name>
  <category>
   Handbags
  </category>
  <size>
   XL
  </size>
  <color>
   Желтый
  </color>
  <material>
   Лен
  </material>
  <price>
   308615
  </price>
  <rating>
   4.68
  </rating>
  <reviews>
   540109
  </reviews>
  <exclusive>
   no
  </exclusive>
  <sporty>
   no
  </sporty>
 </clothing>
 <clothing>
  <id>
   580782043
  </id>
  <name>
   Puma Umbrellas K-1960
  </name>
  <category>
   Umbrellas
  </category>
  <size>
   L
  </size>
  <color>
   Оранжевый
  </color>
  <material>
   Полиэстер
  </material>
  <price>
   372815
  </price>
  <rating>
   1.24
  </rating>
  <reviews>
   298309
  </reviews>
 </clothing>
 <clothing>
  <id>
   857021706
  </id>
  <name>
   Asics Blouse O-1698
  </name>
  <category>
   Blouse
  </category>
  <size>
   XXL
  </size>
  <color>
   Фиолетовый
  </color>
  <material>
   Шерсть
  </material>
  <price>
   399774
  </price>
  <rating>
   1.29
  </rating>
  <reviews>
   762402
  </reviews>
  <new>
   -
  </new>
  <sporty>
   no
  </sporty>
 </clothing>
 <clothing>
  <id>
   165660075
  </id>
  <name>
   Reebok Jacket A-5811
  </name>
  <category>
   Jacket
  </category>
  <size>
   L
  </size>
  <color>
   Фиолетовый
  </color>
  <material>
   Нейлон
  </material>
  <price>
   843960
  </price>
  <rating>
   1.47
  </rating>
  <reviews>
   589448
  </reviews>
  <exclusive>
   yes
  </exclusive>
  <sporty>
   no
  </sporty>
 </clothing>
 <clothing>
  <id>
   406310018
  </id>
  <name>
   Fila Blouse O-5844
  </name>
  <category>
   Blouse
  </category>
  <size>
   L
  </size>
  <color>
   Фиолетовый
  </color>
  <material>
   Вискоза
  </material>
  <price>
   965667
  </price>
  <rating>
   3.05
  </rating>
  <reviews>
   306505
  </reviews>
  <exclusive>
   no
  </exclusive>
 </clothing>
 <clothing>
  <id>
   879840364
  </id>
  <name>
   Puma Socks K-7658
  </name>
  <category>
   Socks
  </category>
  <size>
   XXL
  </size>
  <color>
   Фиолетовый
  </color>
  <material>
   Лен
  </material>
  <price>
   116087
  </price>
  <rating>
   1.06
  </rating>
  <reviews>
   10732
  </reviews>
  <new>
   -
  </new>
  <sporty>
   yes
  </sporty>
 </clothing>
 <clothing>
  <id>
   774193630
  </id>
  <name>
   Ellesse Blouse S-8941
  </name>
  <category>
   Blouse
  </category>
  <size>
   XL
  </size>
  <color>
   Желтый
  </color>
  <material>
   Кожа
  </material>
  <price>
   953861
  </price>
  <rating>
   1.14
  </rating>
  <reviews>
   311981
  </reviews>
  <new>
   -
  </new>
  <exclusive>
   yes
  </exclusive>
  <sporty>
   no
  </sporty>
 </clothing>
 <clothing>
  <id>
   950503894
  </id>
  <name>
   Under Armour Umbrellas A-6341
  </name>
  <category>
   Umbrellas
  </category>
  <size>
   L
  </size>
  <color>
   Зеленый
  </color>
  <material>
   Нейлон
  </material>
  <price>
   574730
  </price>
  <rating>
   4.33
  </rating>
  <reviews>
   758054
  </reviews>
  <exclusive>
   yes
  </exclusive>
  <sporty>
   yes
  </sporty>
 </clothing>
 <clothing>
  <id>
   187842521
  </id>
  <name>
   Addidas Blouse H-7005
  </name>
  <category>
   Blouse
  </category>
  <size>
   L
  </size>
  <color>
   Желтый
  </color>
  <material>
   Лен
  </material>
  <price>
   393879
  </price>
  <rating>
   4.09
  </rating>
  <reviews>
   638308
  </reviews>
  <sporty>
   yes
  </sporty>
 </clothing>
 <clothing>
  <id>
   960446173
  </id>
  <name>
   Ellesse Shoes I-3444
  </name>
  <category>
   Shoes
  </category>
  <size>
   XL
  </size>
  <color>
   Фиолетовый
  </color>
  <material>
   Шерсть
  </material>
  <price>
   422774
  </price>
  <rating>
   2.53
  </rating>
  <reviews>
   456221
  </reviews>
  <new>
   +
  </new>
 </clothing>
 <clothing>
  <id>
   271511447
  </id>
  <name>
   Fila Jeans R-8793
  </name>
  <category>
   Jeans
  </category>
  <size>
   XL
  </size>
  <color>
   Оранжевый
  </color>
  <material>
   Вискоза
  </material>
  <price>
   442487
  </price>
  <rating>
   3.67
  </rating>
  <reviews>
   471958
  </reviews>
  <new>
   -
  </new>
  <exclusive>
   yes
  </exclusive>
 </clothing>
 <clothing>
  <id>
   409748603
  </id>
  <name>
   Nike Hat Y-4929
  </name>
  <category>
   Hat
  </category>
  <size>
   L
  </size>
  <color>
   Желтый
  </color>
  <material>
   Лен
  </material>
  <price>
   647661
  </price>
  <rating>
   2.85
  </rating>
  <reviews>
   40673
  </reviews>
  <exclusive>
   yes
  </exclusive>
  <sporty>
   no
  </sporty>
 </clothing>
 <clothing>
  <id>
   929437458
  </id>
  <name>
   Under Armour Handbags C-5959
  </name>
  <category>
   Handbags
  </category>
  <size>
   L
  </size>
  <color>
   Голубой
  </color>
  <material>
   Шелк
  </material>
  <price>
   151786
  </price>
  <rating>
   3.18
  </rating>
  <reviews>
   14500
  </reviews>
  <new>
   -
  </new>
  <sporty>
   no
  </sporty>
 </clothing>
 <clothing>
  <id>
   140486076
  </id>
  <name>
   Nike Belts Q-1078
  </name>
  <category>
   Belts
  </category>
  <size>
   XL
  </size>
  <color>
   Голубой
  </color>
  <material>
   Хлопок
  </material>
  <price>
   520788
  </price>
  <rating>
   1.37
  </rating>
  <reviews>
   154848
  </reviews>
  <new>
   +
  </new>
  <exclusive>
   no
  </exclusive>
  <sporty>
   yes
  </sporty>
 </clothing>
 <clothing>
  <id>
   375355098
  </id>
  <name>
   Under Armour Belts E-9061
  </name>
  <category>
   Belts
  </category>
  <size>
   XXL
  </size>
  <color>
   Желтый
  </color>
  <material>
   Кожа
  </material>
  <price>
   453615
  </price>
  <rating>
   1.71
  </rating>
  <reviews>
   28985
  </reviews>
  <new>
   -
  </new>
  <sporty>
   no
  </sporty>
 </clothing>
 <clothing>
  <id>
   117900986
  </id>
  <name>
   Lacoste Dress E-1206
  </name>
  <category>
   Dress
  </category>
  <size>
   XL
  </size>
  <color>
   Голубой
  </color>
  <material>
   Кожа
  </material>
  <price>
   456613
  </price>
  <rating>
   3.58
  </rating>
  <reviews>
   290784
  </reviews>
  <new>
   -
  </new>
  <exclusive>
   yes
  </exclusive>
  <sporty>
   no
  </sporty>
 </clothing>
 <clothing>
  <id>
   710589101
  </id>
  <name>
   DC Skirt A-9261
  </name>
  <category>
   Skirt
  </category>
  <size>
   S
  </size>
  <color>
   Оранжевый
  </color>
  <material>
   Хлопок
  </material>
  <price>
   908934
  </price>
  <rating>
   4.79
  </rating>
  <reviews>
   247363
  </reviews>
  <sporty>
   no
  </sporty>
 </clothing>
 <clothing>
  <id>
   298681354
  </id>
  <name>
   PleinSport T-shirt T-8134
  </name>
  <category>
   T-shirt
  </category>
  <size>
   L
  </size>
  <color>
   Голубой
  </color>
  <material>
   Лен
  </material>
  <price>
   871229
  </price>
  <rating>
   4.33
  </rating>
  <reviews>
   675170
  </reviews>
  <new>
   -
  </new>
  <sporty>
   yes
  </sporty>
 </clothing>
 <clothing>
  <id>
   664958016
  </id>
  <name>
   Reebok Shoes V-3508
  </name>
  <category>
   Shoes
  </category>
  <size>
   S
  </size>
  <color>
   Зеленый
  </color>
  <material>
   Шерсть
  </material>
  <price>
   458498
  </price>
  <rating>
   2.04
  </rating>
  <reviews>
   578256
  </reviews>
  <new>
   -
  </new>
  <exclusive>
   yes
  </exclusive>
  <sporty>
   yes
  </sporty>
 </clothing>
 <clothing>
  <id>
   910689562
  </id>
  <name>
   Brooks Pants Y-6925
  </name>
  <category>
   Pants
  </category>
  <size>
   M
  </size>
  <color>
   Голубой
  </color>
  <material>
   Кожа
  </material>
  <price>
   712177
  </price>
  <rating>
   1.35
  </rating>
  <reviews>
   798176
  </reviews>
  <new>
   +
  </new>
  <exclusive>
   no
  </exclusive>
 </clothing>
 <clothing>
  <id>
   843600155
  </id>
  <name>
   Fila Belts L-9899
  </name>
  <category>
   Belts
  </category>
  <size>
   XL
  </size>
  <color>
   Желтый
  </color>
  <material>
   Нейлон
  </material>
  <price>
   234185
  </price>
  <rating>
   1.39
  </rating>
  <reviews>
   37604
  </reviews>
  <new>
   -
  </new>
  <sporty>
   yes
  </sporty>
 </clothing>
 <clothing>
  <id>
   124719578
  </id>
  <name>
   Lacoste Pants C-4909
  </name>
  <category>
   Pants
  </category>
  <size>
   M
  </size>
  <color>
   Оранжевый
  </color>
  <material>
   Вискоза
  </material>
  <price>
   886427
  </price>
  <rating>
   1.0
  </rating>
  <reviews>
   349319
  </reviews>
  <sporty>
   no
  </sporty>
 </clothing>
 <clothing>
  <id>
   475911988
  </id>
  <name>
   Lacoste T-shirt V-8720
  </name>
  <category>
   T-shirt
  </category>
  <size>
   XL
  </size>
  <color>
   Красный
  </color>
  <material>
   Полиэстер
  </material>
  <price>
   154055
  </price>
  <rating>
   4.7
  </rating>
  <reviews>
   170351
  </reviews>
  <new>
   -
  </new>
  <sporty>
   no
  </sporty>
 </clothing>
 <clothing>
  <id>
   889022806
  </id>
  <name>
   Converse Dress F-9467
  </name>
  <category>
   Dress
  </category>
  <size>
   S
  </size>
  <color>
   Голубой
  </color>
  <material>
   Шерсть
  </material>
  <price>
   603900
  </price>
  <rating>
   3.86
  </rating>
  <reviews>
   739474
  </reviews>
  <new>
   +
  </new>
  <exclusive>
   no
  </exclusive>
 </clothing>
 <clothing>
  <id>
   630081075
  </id>
  <name>
   Fila Socks N-4913
  </name>
  <category>
   Socks
  </category>
  <size>
   L
  </size>
  <color>
   Фиолетовый
  </color>
  <material>
   Лен
  </material>
  <price>
   653568
  </price>
  <rating>
   1.93
  </rating>
  <reviews>
   622316
  </reviews>
  <exclusive>
   no
  </exclusive>
  <sporty>
   no
  </sporty>
 </clothing>
 <clothing>
  <id>
   842929434
  </id>
  <name>
   Nike Handbags P-4910
  </name>
  <category>
   Handbags
  </category>
  <size>
   S
  </size>
  <color>
   Зеленый
  </color>
  <material>
   Хлопок
  </material>
  <price>
   551603
  </price>
  <rating>
   4.09
  </rating>
  <reviews>
   698179
  </reviews>
 </clothing>
</clothing-items>
