<?xml version="1.0" encoding="utf-8"?>
<clothing-items>
 <clothing>
  <id>
   700062429
  </id>
  <name>
   PleinSport Belts H-1946
  </name>
  <category>
   Belts
  </category>
  <size>
   M
  </size>
  <color>
   Голубой
  </color>
  <material>
   Шелк
  </material>
  <price>
   710519
  </price>
  <rating>
   3.46
  </rating>
  <reviews>
   879377
  </reviews>
  <new>
   +
  </new>
 </clothing>
 <clothing>
  <id>
   344878560
  </id>
  <name>
   Ellesse Dress X-4214
  </name>
  <category>
   Dress
  </category>
  <size>
   S
  </size>
  <color>
   Желтый
  </color>
  <material>
   Шерсть
  </material>
  <price>
   610291
  </price>
  <rating>
   1.84
  </rating>
  <reviews>
   577225
  </reviews>
  <exclusive>
   no
  </exclusive>
  <sporty>
   no
  </sporty>
 </clothing>
 <clothing>
  <id>
   702933796
  </id>
  <name>
   Adidas Skirt A-4035
  </name>
  <category>
   Skirt
  </category>
  <size>
   XL
  </size>
  <color>
   Синий
  </color>
  <material>
   Кожа
  </material>
  <price>
   457927
  </price>
  <rating>
   1.16
  </rating>
  <reviews>
   705903
  </reviews>
  <new>
   +
  </new>
  <exclusive>
   yes
  </exclusive>
  <sporty>
   no
  </sporty>
 </clothing>
 <clothing>
  <id>
   522826360
  </id>
  <name>
   Puma T-shirt T-8673
  </name>
  <category>
   T-shirt
  </category>
  <size>
   XL
  </size>
  <color>
   Оранжевый
  </color>
  <material>
   Полиэстер
  </material>
  <price>
   701794
  </price>
  <rating>
   3.52
  </rating>
  <reviews>
   377741
  </reviews>
  <exclusive>
   no
  </exclusive>
  <sporty>
   no
  </sporty>
 </clothing>
 <clothing>
  <id>
   106119819
  </id>
  <name>
   New Balance Belts G-3701
  </name>
  <category>
   Belts
  </category>
  <size>
   XXL
  </size>
  <color>
   Желтый
  </color>
  <material>
   Кожа
  </material>
  <price>
   960366
  </price>
  <rating>
   3.59
  </rating>
  <reviews>
   470835
  </reviews>
  <new>
   -
  </new>
  <sporty>
   yes
  </sporty>
 </clothing>
 <clothing>
  <id>
   574194343
  </id>
  <name>
   Reebok Blouse M-2895
  </name>
  <category>
   Blouse
  </category>
  <size>
   XXL
  </size>
  <color>
   Красный
  </color>
  <material>
   Хлопок
  </material>
  <price>
   500065
  </price>
  <rating>
   1.48
  </rating>
  <reviews>
   231591
  </reviews>
  <exclusive>
   no
  </exclusive>
 </clothing>
 <clothing>
  <id>
   563281601
  </id>
  <name>
   Puma T-shirt J-1755
  </name>
  <category>
   T-shirt
  </category>
  <size>
   S
  </size>
  <color>
   Голубой
  </color>
  <material>
   Полиэстер
  </material>
  <price>
   126016
  </price>
  <rating>
   1.16
  </rating>
  <reviews>
   161440
  </reviews>
  <new>
   -
  </new>
  <exclusive>
   no
  </exclusive>
 </clothing>
 <clothing>
  <id>
   601662678
  </id>
  <name>
   Reebok Jeans Z-6972
  </name>
  <category>
   Jeans
  </category>
  <size>
   S
  </size>
  <color>
   Желтый
  </color>
  <material>
   Шелк
  </material>
  <price>
   243072
  </price>
  <rating>
   4.21
  </rating>
  <reviews>
   966706
  </reviews>
  <new>
   +
  </new>
  <exclusive>
   no
  </exclusive>
  <sporty>
   no
  </sporty>
 </clothing>
 <clothing>
  <id>
   494328687
  </id>
  <name>
   Adidas Sweater F-5871
  </name>
  <category>
   Sweater
  </category>
  <size>
   L
  </size>
  <color>
   Зеленый
  </color>
  <material>
   Лен
  </material>
  <price>
   943031
  </price>
  <rating>
   4.98
  </rating>
  <reviews>
   49406
  </reviews>
  <new>
   +
  </new>
  <sporty>
   no
  </sporty>
 </clothing>
 <clothing>
  <id>
   163421626
  </id>
  <name>
   Ellesse Shirt B-6368
  </name>
  <category>
   Shirt
  </category>
  <size>
   XXL
  </size>
  <color>
   Синий
  </color>
  <material>
   Шерсть
  </material>
  <price>
   665076
  </price>
  <rating>
   3.76
  </rating>
  <reviews>
   161498
  </reviews>
  <new>
   -
  </new>
  <sporty>
   no
  </sporty>
 </clothing>
 <clothing>
  <id>
   305551993
  </id>
  <name>
   Asics Skirt B-4090
  </name>
  <category>
   Skirt
  </category>
  <size>
   S
  </size>
  <color>
   Голубой
  </color>
  <material>
   Вискоза
  </material>
  <price>
   555861
  </price>
  <rating>
   1.21
  </rating>
  <reviews>
   885684
  </reviews>
  <exclusive>
   yes
  </exclusive>
 </clothing>
 <clothing>
  <id>
   540411405
  </id>
  <name>
   Adidas Pants I-6776
  </name>
  <category>
   Pants
  </category>
  <size>
   M
  </size>
  <color>
   Голубой
  </color>
  <material>
   Шерсть
  </material>
  <price>
   887858
  </price>
  <rating>
   2.55
  </rating>
  <reviews>
   42488
  </reviews>
  <new>
   +
  </new>
  <exclusive>
   yes
  </exclusive>
  <sporty>
   yes
  </sporty>
 </clothing>
 <clothing>
  <id>
   180977198
  </id>
  <name>
   Nike Socks C-1823
  </name>
  <category>
   Socks
  </category>
  <size>
   S
  </size>
  <color>
   Зеленый
  </color>
  <material>
   Вискоза
  </material>
  <price>
   528852
  </price>
  <rating>
   2.42
  </rating>
  <reviews>
   713125
  </reviews>
  <new>
   +
  </new>
  <exclusive>
   yes
  </exclusive>
  <sporty>
   no
  </sporty>
 </clothing>
 <clothing>
  <id>
   736437773
  </id>
  <name>
   Under Armour Dress S-8777
  </name>
  <category>
   Dress
  </category>
  <size>
   M
  </size>
  <color>
   Фиолетовый
  </color>
  <material>
   Хлопок
  </material>
  <price>
   693633
  </price>
  <rating>
   4.5
  </rating>
  <reviews>
   783126
  </reviews>
 </clothing>
 <clothing>
  <id>
   578848287
  </id>
  <name>
   Brooks Socks F-3399
  </name>
  <category>
   Socks
  </category>
  <size>
   XL
  </size>
  <color>
   Желтый
  </color>
  <material>
   Шелк
  </material>
  <price>
   939457
  </price>
  <rating>
   3.18
  </rating>
  <reviews>
   6825
  </reviews>
  <exclusive>
   yes
  </exclusive>
  <sporty>
   yes
  </sporty>
 </clothing>
 <clothing>
  <id>
   491924930
  </id>
  <name>
   Vans Shoes R-6038
  </name>
  <category>
   Shoes
  </category>
  <size>
   XXL
  </size>
  <color>
   Оранжевый
  </color>
  <material>
   Вискоза
  </material>
  <price>
   706268
  </price>
  <rating>
   2.77
  </rating>
  <reviews>
   424719
  </reviews>
 </clothing>
 <clothing>
  <id>
   671796180
  </id>
  <name>
   DC Jeans C-2915
  </name>
  <category>
   Jeans
  </category>
  <size>
   S
  </size>
  <color>
   Фиолетовый
  </color>
  <material>
   Шелк
  </material>
  <price>
   857478
  </price>
  <rating>
   2.88
  </rating>
  <reviews>
   610413
  </reviews>
  <new>
   +
  </new>
  <exclusive>
   yes
  </exclusive>
 </clothing>
 <clothing>
  <id>
   616069208
  </id>
  <name>
   Asics Blouse H-8674
  </name>
  <category>
   Blouse
  </category>
  <size>
   M
  </size>
  <color>
   Зеленый
  </color>
  <material>
   Шерсть
  </material>
  <price>
   165814
  </price>
  <rating>
   2.1
  </rating>
  <reviews>
   624431
  </reviews>
  <new>
   -
  </new>
  <sporty>
   yes
  </sporty>
 </clothing>
 <clothing>
  <id>
   513477852
  </id>
  <name>
   PleinSport Hat E-6666
  </name>
  <category>
   Hat
  </category>
  <size>
   S
  </size>
  <color>
   Синий
  </color>
  <material>
   Шелк
  </material>
  <price>
   881483
  </price>
  <rating>
   2.66
  </rating>
  <reviews>
   806558
  </reviews>
  <new>
   -
  </new>
  <exclusive>
   no
  </exclusive>
 </clothing>
 <clothing>
  <id>
   896166700
  </id>
  <name>
   Under Armour Skirt J-2311
  </name>
  <category>
   Skirt
  </category>
  <size>
   XXL
  </size>
  <color>
   Оранжевый
  </color>
  <material>
   Лен
  </material>
  <price>
   740862
  </price>
  <rating>
   3.44
  </rating>
  <reviews>
   463021
  </reviews>
  <new>
   -
  </new>
  <sporty>
   no
  </sporty>
 </clothing>
 <clothing>
  <id>
   851107066
  </id>
  <name>
   Brooks Umbrellas B-8476
  </name>
  <category>
   Umbrellas
  </category>
  <size>
   S
  </size>
  <color>
   Красный
  </color>
  <material>
   Шерсть
  </material>
  <price>
   932346
  </price>
  <rating>
   4.44
  </rating>
  <reviews>
   560969
  </reviews>
  <new>
   -
  </new>
  <sporty>
   yes
  </sporty>
 </clothing>
 <clothing>
  <id>
   715493954
  </id>
  <name>
   PleinSport Handbags Q-6614
  </name>
  <category>
   Handbags
  </category>
  <size>
   S
  </size>
  <color>
   Желтый
  </color>
  <material>
   Хлопок
  </material>
  <price>
   215313
  </price>
  <rating>
   3.18
  </rating>
  <reviews>
   348509
  </reviews>
  <exclusive>
   yes
  </exclusive>
  <sporty>
   no
  </sporty>
 </clothing>
 <clothing>
  <id>
   828926281
  </id>
  <name>
   Addidas Sweater E-7097
  </name>
  <category>
   Sweater
  </category>
  <size>
   L
  </size>
  <color>
   Желтый
  </color>
  <material>
   Хлопок
  </material>
  <price>
   105000
  </price>
  <rating>
   3.33
  </rating>
  <reviews>
   889119
  </reviews>
  <new>
   +
  </new>
  <exclusive>
   no
  </exclusive>
  <sporty>
   no
  </sporty>
 </clothing>
 <clothing>
  <id>
   463125554
  </id>
  <name>
   Brooks T-shirt H-4370
  </name>
  <category>
   T-shirt
  </category>
  <size>
   L
  </size>
  <color>
   Желтый
  </color>
  <material>
   Хлопок
  </material>
  <price>
   199699
  </price>
  <rating>
   4.94
  </rating>
  <reviews>
   874839
  </reviews>
  <new>
   -
  </new>
  <exclusive>
   no
  </exclusive>
  <sporty>
   no
  </sporty>
 </clothing>
 <clothing>
  <id>
   571393622
  </id>
  <name>
   Lacoste Shoes X-7378
  </name>
  <category>
   Shoes
  </category>
  <size>
   S
  </size>
  <color>
   Желтый
  </color>
  <material>
   Хлопок
  </material>
  <price>
   626654
  </price>
  <rating>
   1.01
  </rating>
  <reviews>
   720609
  </reviews>
  <new>
   -
  </new>
  <sporty>
   yes
  </sporty>
 </clothing>
 <clothing>
  <id>
   967730266
  </id>
  <name>
   Reebok Shirt M-5843
  </name>
  <category>
   Shirt
  </category>
  <size>
   XXL
  </size>
  <color>
   Желтый
  </color>
  <material>
   Кожа
  </material>
  <price>
   958812
  </price>
  <rating>
   1.44
  </rating>
  <reviews>
   779910
  </reviews>
  <exclusive>
   yes
  </exclusive>
  <sporty>
   yes
  </sporty>
 </clothing>
 <clothing>
  <id>
   987132495
  </id>
  <name>
   Addidas Hat N-1636
  </name>
  <category>
   Hat
  </category>
  <size>
   XL
  </size>
  <color>
   Красный
  </color>
  <material>
   Хлопок
  </material>
  <price>
   526348
  </price>
  <rating>
   4.61
  </rating>
  <reviews>
   542139
  </reviews>
  <exclusive>
   yes
  </exclusive>
  <sporty>
   no
  </sporty>
 </clothing>
 <clothing>
  <id>
   210792179
  </id>
  <name>
   Vans T-shirt T-8000
  </name>
  <category>
   T-shirt
  </category>
  <size>
   S
  </size>
  <color>
   Желтый
  </color>
  <material>
   Хлопок
  </material>
  <price>
   685862
  </price>
  <rating>
   3.79
  </rating>
  <reviews>
   415726
  </reviews>
  <new>
   -
  </new>
 </clothing>
 <clothing>
  <id>
   764628107
  </id>
  <name>
   Asics Gloves R-5274
  </name>
  <category>
   Gloves
  </category>
  <size>
   S
  </size>
  <color>
   Оранжевый
  </color>
  <material>
   Кожа
  </material>
  <price>
   961995
  </price>
  <rating>
   1.74
  </rating>
  <reviews>
   934771
  </reviews>
  <sporty>
   no
  </sporty>
 </clothing>
 <clothing>
  <id>
   233252653
  </id>
  <name>
   Reebok Belts N-5964
  </name>
  <category>
   Belts
  </category>
  <size>
   XL
  </size>
  <color>
   Зеленый
  </color>
  <material>
   Шерсть
  </material>
  <price>
   175432
  </price>
  <rating>
   3.73
  </rating>
  <reviews>
   724851
  </reviews>
  <new>
   -
  </new>
  <sporty>
   yes
  </sporty>
 </clothing>
 <clothing>
  <id>
   619641912
  </id>
  <name>
   Converse Umbrellas O-6008
  </name>
  <category>
   Umbrellas
  </category>
  <size>
   S
  </size>
  <color>
   Желтый
  </color>
  <material>
   Лен
  </material>
  <price>
   940025
  </price>
  <rating>
   1.12
  </rating>
  <reviews>
   900095
  </reviews>
  <new>
   +
  </new>
  <exclusive>
   no
  </exclusive>
 </clothing>
 <clothing>
  <id>
   606240051
  </id>
  <name>
   Asics Shoes C-1179
  </name>
  <category>
   Shoes
  </category>
  <size>
   M
  </size>
  <color>
   Красный
  </color>
  <material>
   Кожа
  </material>
  <price>
   849542
  </price>
  <rating>
   2.47
  </rating>
  <reviews>
   83195
  </reviews>
  <new>
   -
  </new>
 </clothing>
 <clothing>
  <id>
   217675498
  </id>
  <name>
   Under Armour Blouse Q-6445
  </name>
  <category>
   Blouse
  </category>
  <size>
   L
  </size>
  <color>
   Синий
  </color>
  <material>
   Хлопок
  </material>
  <price>
   900627
  </price>
  <rating>
   3.87
  </rating>
  <reviews>
   235830
  </reviews>
  <new>
   -
  </new>
  <exclusive>
   no
  </exclusive>
 </clothing>
 <clothing>
  <id>
   960412291
  </id>
  <name>
   Vans Handbags D-4341
  </name>
  <category>
   Handbags
  </category>
  <size>
   XXL
  </size>
  <color>
   Желтый
  </color>
  <material>
   Вискоза
  </material>
  <price>
   976221
  </price>
  <rating>
   1.08
  </rating>
  <reviews>
   686091
  </reviews>
  <exclusive>
   no
  </exclusive>
  <sporty>
   yes
  </sporty>
 </clothing>
 <clothing>
  <id>
   517419945
  </id>
  <name>
   New Balance Sweater Z-1936
  </name>
  <category>
   Sweater
  </category>
  <size>
   M
  </size>
  <color>
   Оранжевый
  </color>
  <material>
   Хлопок
  </material>
  <price>
   486918
  </price>
  <rating>
   3.47
  </rating>
  <reviews>
   465821
  </reviews>
  <new>
   -
  </new>
  <exclusive>
   no
  </exclusive>
 </clothing>
 <clothing>
  <id>
   284320343
  </id>
  <name>
   Lacoste Shoes G-8123
  </name>
  <category>
   Shoes
  </category>
  <size>
   XXL
  </size>
  <color>
   Оранжевый
  </color>
  <material>
   Лен
  </material>
  <price>
   363843
  </price>
  <rating>
   4.54
  </rating>
  <reviews>
   539815
  </reviews>
  <new>
   +
  </new>
  <exclusive>
   no
  </exclusive>
 </clothing>
 <clothing>
  <id>
   330923331
  </id>
  <name>
   Reebok Shirt W-2989
  </name>
  <category>
   Shirt
  </category>
  <size>
   M
  </size>
  <color>
   Оранжевый
  </color>
  <material>
   Лен
  </material>
  <price>
   386412
  </price>
  <rating>
   3.98
  </rating>
  <reviews>
   910037
  </reviews>
  <exclusive>
   yes
  </exclusive>
  <sporty>
   no
  </sporty>
 </clothing>
 <clothing>
  <id>
   767203997
  </id>
  <name>
   PleinSport Sweater X-6860
  </name>
  <category>
   Sweater
  </category>
  <size>
   XXL
  </size>
  <color>
   Красный
  </color>
  <material>
   Кожа
  </material>
  <price>
   464461
  </price>
  <rating>
   2.25
  </rating>
  <reviews>
   963792
  </reviews>
  <new>
   -
  </new>
  <exclusive>
   no
  </exclusive>
 </clothing>
 <clothing>
  <id>
   898873570
  </id>
  <name>
   Brooks Jacket H-9881
  </name>
  <category>
   Jacket
  </category>
  <size>
   S
  </size>
  <color>
   Голубой
  </color>
  <material>
   Вискоза
  </material>
  <price>
   287821
  </price>
  <rating>
   3.33
  </rating>
  <reviews>
   890453
  </reviews>
  <exclusive>
   no
  </exclusive>
 </clothing>
 <clothing>
  <id>
   924743866
  </id>
  <name>
   New Balance Umbrellas V-2373
  </name>
  <category>
   Umbrellas
  </category>
  <size>
   L
  </size>
  <color>
   Зеленый
  </color>
  <material>
   Хлопок
  </material>
  <price>
   921297
  </price>
  <rating>
   3.25
  </rating>
  <reviews>
   395294
  </reviews>
  <sporty>
   no
  </sporty>
 </clothing>
</clothing-items>
