<?xml version="1.0" encoding="utf-8"?>
<clothing-items>
 <clothing>
  <id>
   705144804
  </id>
  <name>
   Brooks Belts V-3983
  </name>
  <category>
   Belts
  </category>
  <size>
   L
  </size>
  <color>
   Желтый
  </color>
  <material>
   Шерсть
  </material>
  <price>
   502514
  </price>
  <rating>
   4.01
  </rating>
  <reviews>
   589711
  </reviews>
  <exclusive>
   no
  </exclusive>
  <sporty>
   yes
  </sporty>
 </clothing>
 <clothing>
  <id>
   563150191
  </id>
  <name>
   Adidas Sweater R-2630
  </name>
  <category>
   Sweater
  </category>
  <size>
   M
  </size>
  <color>
   Зеленый
  </color>
  <material>
   Лен
  </material>
  <price>
   852441
  </price>
  <rating>
   1.5
  </rating>
  <reviews>
   472276
  </reviews>
  <new>
   -
  </new>
 </clothing>
 <clothing>
  <id>
   821556384
  </id>
  <name>
   Lacoste Socks P-7337
  </name>
  <category>
   Socks
  </category>
  <size>
   XL
  </size>
  <color>
   Красный
  </color>
  <material>
   Вискоза
  </material>
  <price>
   172784
  </price>
  <rating>
   1.42
  </rating>
  <reviews>
   686470
  </reviews>
  <new>
   -
  </new>
  <exclusive>
   yes
  </exclusive>
  <sporty>
   yes
  </sporty>
 </clothing>
 <clothing>
  <id>
   579004007
  </id>
  <name>
   Nike Hat H-9868
  </name>
  <category>
   Hat
  </category>
  <size>
   M
  </size>
  <color>
   Голубой
  </color>
  <material>
   Вискоза
  </material>
  <price>
   449998
  </price>
  <rating>
   1.56
  </rating>
  <reviews>
   676703
  </reviews>
  <new>
   -
  </new>
  <exclusive>
   yes
  </exclusive>
  <sporty>
   no
  </sporty>
 </clothing>
 <clothing>
  <id>
   849307635
  </id>
  <name>
   Reebok Blouse G-7392
  </name>
  <category>
   Blouse
  </category>
  <size>
   L
  </size>
  <color>
   Голубой
  </color>
  <material>
   Лен
  </material>
  <price>
   593920
  </price>
  <rating>
   2.83
  </rating>
  <reviews>
   514327
  </reviews>
  <new>
   -
  </new>
  <exclusive>
   no
  </exclusive>
  <sporty>
   yes
  </sporty>
 </clothing>
 <clothing>
  <id>
   382910337
  </id>
  <name>
   Converse Gloves E-9108
  </name>
  <category>
   Gloves
  </category>
  <size>
   XXL
  </size>
  <color>
   Красный
  </color>
  <material>
   Хлопок
  </material>
  <price>
   930565
  </price>
  <rating>
   2.27
  </rating>
  <reviews>
   720803
  </reviews>
  <new>
   -
  </new>
  <exclusive>
   no
  </exclusive>
 </clothing>
 <clothing>
  <id>
   689993774
  </id>
  <name>
   Reebok Pants V-9690
  </name>
  <category>
   Pants
  </category>
  <size>
   L
  </size>
  <color>
   Оранжевый
  </color>
  <material>
   Шерсть
  </material>
  <price>
   479986
  </price>
  <rating>
   1.2
  </rating>
  <reviews>
   846776
  </reviews>
  <new>
   -
  </new>
  <exclusive>
   yes
  </exclusive>
  <sporty>
   yes
  </sporty>
 </clothing>
 <clothing>
  <id>
   688500929
  </id>
  <name>
   Under Armour Pants E-5042
  </name>
  <category>
   Pants
  </category>
  <size>
   M
  </size>
  <color>
   Зеленый
  </color>
  <material>
   Вискоза
  </material>
  <price>
   858464
  </price>
  <rating>
   1.27
  </rating>
  <reviews>
   938507
  </reviews>
  <new>
   +
  </new>
  <exclusive>
   no
  </exclusive>
  <sporty>
   no
  </sporty>
 </clothing>
 <clothing>
  <id>
   762446246
  </id>
  <name>
   DC Jeans D-1279
  </name>
  <category>
   Jeans
  </category>
  <size>
   L
  </size>
  <color>
   Синий
  </color>
  <material>
   Вискоза
  </material>
  <price>
   378768
  </price>
  <rating>
   1.32
  </rating>
  <reviews>
   717565
  </reviews>
  <new>
   -
  </new>
  <exclusive>
   no
  </exclusive>
 </clothing>
 <clothing>
  <id>
   581070296
  </id>
  <name>
   Lacoste Gloves P-5301
  </name>
  <category>
   Gloves
  </category>
  <size>
   XXL
  </size>
  <color>
   Зеленый
  </color>
  <material>
   Кожа
  </material>
  <price>
   889206
  </price>
  <rating>
   3.28
  </rating>
  <reviews>
   574263
  </reviews>
  <new>
   +
  </new>
  <sporty>
   yes
  </sporty>
 </clothing>
 <clothing>
  <id>
   891588212
  </id>
  <name>
   New Balance Socks R-4505
  </name>
  <category>
   Socks
  </category>
  <size>
   XXL
  </size>
  <color>
   Голубой
  </color>
  <material>
   Вискоза
  </material>
  <price>
   384369
  </price>
  <rating>
   1.27
  </rating>
  <reviews>
   703767
  </reviews>
  <sporty>
   no
  </sporty>
 </clothing>
 <clothing>
  <id>
   826610107
  </id>
  <name>
   DC Blouse P-9730
  </name>
  <category>
   Blouse
  </category>
  <size>
   L
  </size>
  <color>
   Синий
  </color>
  <material>
   Полиэстер
  </material>
  <price>
   601498
  </price>
  <rating>
   3.65
  </rating>
  <reviews>
   101463
  </reviews>
  <new>
   +
  </new>
 </clothing>
 <clothing>
  <id>
   359128303
  </id>
  <name>
   Adidas Belts N-8973
  </name>
  <category>
   Belts
  </category>
  <size>
   M
  </size>
  <color>
   Голубой
  </color>
  <material>
   Хлопок
  </material>
  <price>
   222762
  </price>
  <rating>
   3.75
  </rating>
  <reviews>
   637817
  </reviews>
  <exclusive>
   yes
  </exclusive>
 </clothing>
 <clothing>
  <id>
   627216687
  </id>
  <name>
   Adidas Jacket Y-3652
  </name>
  <category>
   Jacket
  </category>
  <size>
   XL
  </size>
  <color>
   Зеленый
  </color>
  <material>
   Кожа
  </material>
  <price>
   798175
  </price>
  <rating>
   3.09
  </rating>
  <reviews>
   338579
  </reviews>
  <new>
   -
  </new>
  <sporty>
   no
  </sporty>
 </clothing>
 <clothing>
  <id>
   161178519
  </id>
  <name>
   Vans Belts S-8908
  </name>
  <category>
   Belts
  </category>
  <size>
   L
  </size>
  <color>
   Фиолетовый
  </color>
  <material>
   Хлопок
  </material>
  <price>
   218783
  </price>
  <rating>
   4.98
  </rating>
  <reviews>
   642095
  </reviews>
  <new>
   +
  </new>
 </clothing>
 <clothing>
  <id>
   516507353
  </id>
  <name>
   Fila Belts Y-4801
  </name>
  <category>
   Belts
  </category>
  <size>
   L
  </size>
  <color>
   Желтый
  </color>
  <material>
   Хлопок
  </material>
  <price>
   476293
  </price>
  <rating>
   3.52
  </rating>
  <reviews>
   967124
  </reviews>
  <new>
   +
  </new>
  <sporty>
   no
  </sporty>
 </clothing>
 <clothing>
  <id>
   858542436
  </id>
  <name>
   Nike T-shirt M-1773
  </name>
  <category>
   T-shirt
  </category>
  <size>
   M
  </size>
  <color>
   Фиолетовый
  </color>
  <material>
   Лен
  </material>
  <price>
   353369
  </price>
  <rating>
   2.24
  </rating>
  <reviews>
   201879
  </reviews>
  <exclusive>
   no
  </exclusive>
  <sporty>
   yes
  </sporty>
 </clothing>
 <clothing>
  <id>
   190713586
  </id>
  <name>
   Brooks T-shirt Y-8054
  </name>
  <category>
   T-shirt
  </category>
  <size>
   L
  </size>
  <color>
   Зеленый
  </color>
  <material>
   Полиэстер
  </material>
  <price>
   298510
  </price>
  <rating>
   4.61
  </rating>
  <reviews>
   577907
  </reviews>
  <exclusive>
   no
  </exclusive>
  <sporty>
   yes
  </sporty>
 </clothing>
 <clothing>
  <id>
   584994173
  </id>
  <name>
   Ellesse Shoes G-5135
  </name>
  <category>
   Shoes
  </category>
  <size>
   XL
  </size>
  <color>
   Желтый
  </color>
  <material>
   Шерсть
  </material>
  <price>
   431316
  </price>
  <rating>
   4.47
  </rating>
  <reviews>
   93530
  </reviews>
  <new>
   -
  </new>
 </clothing>
 <clothing>
  <id>
   896089406
  </id>
  <name>
   DC Dress O-8007
  </name>
  <category>
   Dress
  </category>
  <size>
   M
  </size>
  <color>
   Фиолетовый
  </color>
  <material>
   Кожа
  </material>
  <price>
   532844
  </price>
  <rating>
   1.2
  </rating>
  <reviews>
   835028
  </reviews>
  <new>
   -
  </new>
  <exclusive>
   no
  </exclusive>
  <sporty>
   no
  </sporty>
 </clothing>
</clothing-items>
