<?xml version="1.0" encoding="utf-8"?>
<clothing-items>
 <clothing>
  <id>
   715038612
  </id>
  <name>
   Nike Jacket E-5314
  </name>
  <category>
   Jacket
  </category>
  <size>
   L
  </size>
  <color>
   Зеленый
  </color>
  <material>
   Полиэстер
  </material>
  <price>
   455830
  </price>
  <rating>
   3.21
  </rating>
  <reviews>
   388602
  </reviews>
  <new>
   -
  </new>
  <exclusive>
   yes
  </exclusive>
  <sporty>
   no
  </sporty>
 </clothing>
 <clothing>
  <id>
   855658265
  </id>
  <name>
   Brooks Skirt Y-3764
  </name>
  <category>
   Skirt
  </category>
  <size>
   L
  </size>
  <color>
   Голубой
  </color>
  <material>
   Вискоза
  </material>
  <price>
   197319
  </price>
  <rating>
   3.45
  </rating>
  <reviews>
   446097
  </reviews>
  <new>
   -
  </new>
  <exclusive>
   yes
  </exclusive>
  <sporty>
   no
  </sporty>
 </clothing>
 <clothing>
  <id>
   105591581
  </id>
  <name>
   Adidas Umbrellas X-8292
  </name>
  <category>
   Umbrellas
  </category>
  <size>
   XL
  </size>
  <color>
   Голубой
  </color>
  <material>
   Хлопок
  </material>
  <price>
   655628
  </price>
  <rating>
   4.2
  </rating>
  <reviews>
   920490
  </reviews>
  <new>
   +
  </new>
  <exclusive>
   no
  </exclusive>
  <sporty>
   yes
  </sporty>
 </clothing>
 <clothing>
  <id>
   481739882
  </id>
  <name>
   Fila Socks U-9677
  </name>
  <category>
   Socks
  </category>
  <size>
   L
  </size>
  <color>
   Фиолетовый
  </color>
  <material>
   Вискоза
  </material>
  <price>
   766127
  </price>
  <rating>
   4.18
  </rating>
  <reviews>
   79607
  </reviews>
  <new>
   -
  </new>
  <sporty>
   no
  </sporty>
 </clothing>
 <clothing>
  <id>
   886864499
  </id>
  <name>
   Asics Pants E-5787
  </name>
  <category>
   Pants
  </category>
  <size>
   XXL
  </size>
  <color>
   Оранжевый
  </color>
  <material>
   Полиэстер
  </material>
  <price>
   986689
  </price>
  <rating>
   3.14
  </rating>
  <reviews>
   499758
  </reviews>
  <exclusive>
   no
  </exclusive>
  <sporty>
   yes
  </sporty>
 </clothing>
 <clothing>
  <id>
   768790145
  </id>
  <name>
   Adidas Dress O-4171
  </name>
  <category>
   Dress
  </category>
  <size>
   XXL
  </size>
  <color>
   Красный
  </color>
  <material>
   Вискоза
  </material>
  <price>
   733621
  </price>
  <rating>
   3.16
  </rating>
  <reviews>
   340874
  </reviews>
  <new>
   -
  </new>
  <sporty>
   yes
  </sporty>
 </clothing>
 <clothing>
  <id>
   759893906
  </id>
  <name>
   Fila Skirt X-5890
  </name>
  <category>
   Skirt
  </category>
  <size>
   XL
  </size>
  <color>
   Синий
  </color>
  <material>
   Шелк
  </material>
  <price>
   247609
  </price>
  <rating>
   4.69
  </rating>
  <reviews>
   415778
  </reviews>
  <new>
   +
  </new>
  <exclusive>
   yes
  </exclusive>
 </clothing>
 <clothing>
  <id>
   867475681
  </id>
  <name>
   Ellesse Jacket V-2226
  </name>
  <category>
   Jacket
  </category>
  <size>
   S
  </size>
  <color>
   Голубой
  </color>
  <material>
   Хлопок
  </material>
  <price>
   306795
  </price>
  <rating>
   2.88
  </rating>
  <reviews>
   492943
  </reviews>
  <sporty>
   no
  </sporty>
 </clothing>
 <clothing>
  <id>
   682047893
  </id>
  <name>
   DC Dress R-9855
  </name>
  <category>
   Dress
  </category>
  <size>
   M
  </size>
  <color>
   Голубой
  </color>
  <material>
   Вискоза
  </material>
  <price>
   650850
  </price>
  <rating>
   2.15
  </rating>
  <reviews>
   472944
  </reviews>
  <new>
   -
  </new>
 </clothing>
 <clothing>
  <id>
   615959625
  </id>
  <name>
   Addidas Skirt T-5393
  </name>
  <category>
   Skirt
  </category>
  <size>
   S
  </size>
  <color>
   Синий
  </color>
  <material>
   Кожа
  </material>
  <price>
   751221
  </price>
  <rating>
   1.96
  </rating>
  <reviews>
   864729
  </reviews>
  <new>
   -
  </new>
  <sporty>
   yes
  </sporty>
 </clothing>
 <clothing>
  <id>
   863810981
  </id>
  <name>
   Brooks Jeans O-9095
  </name>
  <category>
   Jeans
  </category>
  <size>
   S
  </size>
  <color>
   Голубой
  </color>
  <material>
   Шерсть
  </material>
  <price>
   549874
  </price>
  <rating>
   1.32
  </rating>
  <reviews>
   202185
  </reviews>
  <new>
   +
  </new>
  <exclusive>
   yes
  </exclusive>
  <sporty>
   no
  </sporty>
 </clothing>
 <clothing>
  <id>
   381731491
  </id>
  <name>
   Addidas Hat O-1387
  </name>
  <category>
   Hat
  </category>
  <size>
   M
  </size>
  <color>
   Красный
  </color>
  <material>
   Шелк
  </material>
  <price>
   309679
  </price>
  <rating>
   4.73
  </rating>
  <reviews>
   560145
  </reviews>
  <new>
   -
  </new>
  <exclusive>
   no
  </exclusive>
 </clothing>
 <clothing>
  <id>
   665779616
  </id>
  <name>
   Converse Jeans K-5648
  </name>
  <category>
   Jeans
  </category>
  <size>
   XL
  </size>
  <color>
   Фиолетовый
  </color>
  <material>
   Шерсть
  </material>
  <price>
   797737
  </price>
  <rating>
   1.65
  </rating>
  <reviews>
   724719
  </reviews>
  <new>
   -
  </new>
  <exclusive>
   no
  </exclusive>
  <sporty>
   no
  </sporty>
 </clothing>
 <clothing>
  <id>
   646729963
  </id>
  <name>
   Lacoste Jacket Z-5883
  </name>
  <category>
   Jacket
  </category>
  <size>
   M
  </size>
  <color>
   Зеленый
  </color>
  <material>
   Хлопок
  </material>
  <price>
   788150
  </price>
  <rating>
   4.47
  </rating>
  <reviews>
   614890
  </reviews>
  <new>
   -
  </new>
  <sporty>
   yes
  </sporty>
 </clothing>
 <clothing>
  <id>
   942460957
  </id>
  <name>
   Fila T-shirt W-7990
  </name>
  <category>
   T-shirt
  </category>
  <size>
   XXL
  </size>
  <color>
   Желтый
  </color>
  <material>
   Лен
  </material>
  <price>
   972861
  </price>
  <rating>
   1.1
  </rating>
  <reviews>
   862249
  </reviews>
  <new>
   -
  </new>
 </clothing>
 <clothing>
  <id>
   390621740
  </id>
  <name>
   Vans Pants Q-2841
  </name>
  <category>
   Pants
  </category>
  <size>
   L
  </size>
  <color>
   Красный
  </color>
  <material>
   Полиэстер
  </material>
  <price>
   156933
  </price>
  <rating>
   3.89
  </rating>
  <reviews>
   274334
  </reviews>
  <exclusive>
   no
  </exclusive>
  <sporty>
   no
  </sporty>
 </clothing>
 <clothing>
  <id>
   655165914
  </id>
  <name>
   Addidas Jeans M-8820
  </name>
  <category>
   Jeans
  </category>
  <size>
   XXL
  </size>
  <color>
   Синий
  </color>
  <material>
   Шерсть
  </material>
  <price>
   988640
  </price>
  <rating>
   3.97
  </rating>
  <reviews>
   375413
  </reviews>
  <new>
   +
  </new>
  <exclusive>
   yes
  </exclusive>
  <sporty>
   yes
  </sporty>
 </clothing>
 <clothing>
  <id>
   894778565
  </id>
  <name>
   Lacoste Sweater Z-1612
  </name>
  <category>
   Sweater
  </category>
  <size>
   S
  </size>
  <color>
   Зеленый
  </color>
  <material>
   Шерсть
  </material>
  <price>
   987095
  </price>
  <rating>
   1.41
  </rating>
  <reviews>
   170596
  </reviews>
 </clothing>
 <clothing>
  <id>
   445889697
  </id>
  <name>
   Asics T-shirt Q-5391
  </name>
  <category>
   T-shirt
  </category>
  <size>
   M
  </size>
  <color>
   Оранжевый
  </color>
  <material>
   Хлопок
  </material>
  <price>
   122912
  </price>
  <rating>
   4.3
  </rating>
  <reviews>
   81295
  </reviews>
  <new>
   -
  </new>
  <sporty>
   yes
  </sporty>
 </clothing>
 <clothing>
  <id>
   334280519
  </id>
  <name>
   Ellesse Skirt Q-7027
  </name>
  <category>
   Skirt
  </category>
  <size>
   XL
  </size>
  <color>
   Желтый
  </color>
  <material>
   Нейлон
  </material>
  <price>
   348167
  </price>
  <rating>
   1.64
  </rating>
  <reviews>
   421583
  </reviews>
  <new>
   +
  </new>
  <exclusive>
   no
  </exclusive>
 </clothing>
 <clothing>
  <id>
   581283820
  </id>
  <name>
   Ellesse Gloves G-5594
  </name>
  <category>
   Gloves
  </category>
  <size>
   L
  </size>
  <color>
   Желтый
  </color>
  <material>
   Хлопок
  </material>
  <price>
   305880
  </price>
  <rating>
   2.26
  </rating>
  <reviews>
   513180
  </reviews>
  <new>
   +
  </new>
  <sporty>
   yes
  </sporty>
 </clothing>
 <clothing>
  <id>
   672385781
  </id>
  <name>
   Adidas T-shirt G-1471
  </name>
  <category>
   T-shirt
  </category>
  <size>
   M
  </size>
  <color>
   Синий
  </color>
  <material>
   Хлопок
  </material>
  <price>
   207874
  </price>
  <rating>
   1.05
  </rating>
  <reviews>
   885943
  </reviews>
  <new>
   +
  </new>
  <exclusive>
   yes
  </exclusive>
  <sporty>
   no
  </sporty>
 </clothing>
 <clothing>
  <id>
   848511089
  </id>
  <name>
   PleinSport Jacket U-8185
  </name>
  <category>
   Jacket
  </category>
  <size>
   XXL
  </size>
  <color>
   Голубой
  </color>
  <material>
   Полиэстер
  </material>
  <price>
   431589
  </price>
  <rating>
   1.28
  </rating>
  <reviews>
   150558
  </reviews>
  <sporty>
   no
  </sporty>
 </clothing>
 <clothing>
  <id>
   545010844
  </id>
  <name>
   Under Armour Dress I-3061
  </name>
  <category>
   Dress
  </category>
  <size>
   S
  </size>
  <color>
   Фиолетовый
  </color>
  <material>
   Лен
  </material>
  <price>
   282282
  </price>
  <rating>
   3.26
  </rating>
  <reviews>
   316401
  </reviews>
  <exclusive>
   no
  </exclusive>
 </clothing>
 <clothing>
  <id>
   924887163
  </id>
  <name>
   Brooks Socks E-9518
  </name>
  <category>
   Socks
  </category>
  <size>
   S
  </size>
  <color>
   Голубой
  </color>
  <material>
   Хлопок
  </material>
  <price>
   924947
  </price>
  <rating>
   3.23
  </rating>
  <reviews>
   167515
  </reviews>
  <new>
   -
  </new>
 </clothing>
 <clothing>
  <id>
   593549694
  </id>
  <name>
   Lacoste Socks B-2746
  </name>
  <category>
   Socks
  </category>
  <size>
   XXL
  </size>
  <color>
   Фиолетовый
  </color>
  <material>
   Хлопок
  </material>
  <price>
   238691
  </price>
  <rating>
   4.35
  </rating>
  <reviews>
   349873
  </reviews>
  <new>
   -
  </new>
  <exclusive>
   no
  </exclusive>
  <sporty>
   yes
  </sporty>
 </clothing>
 <clothing>
  <id>
   131212414
  </id>
  <name>
   Nike Jeans G-4056
  </name>
  <category>
   Jeans
  </category>
  <size>
   L
  </size>
  <color>
   Голубой
  </color>
  <material>
   Лен
  </material>
  <price>
   203992
  </price>
  <rating>
   3.14
  </rating>
  <reviews>
   829282
  </reviews>
  <exclusive>
   yes
  </exclusive>
  <sporty>
   no
  </sporty>
 </clothing>
 <clothing>
  <id>
   709164741
  </id>
  <name>
   Brooks Shoes V-8705
  </name>
  <category>
   Shoes
  </category>
  <size>
   M
  </size>
  <color>
   Синий
  </color>
  <material>
   Вискоза
  </material>
  <price>
   575129
  </price>
  <rating>
   2.58
  </rating>
  <reviews>
   590881
  </reviews>
  <new>
   +
  </new>
  <exclusive>
   yes
  </exclusive>
 </clothing>
 <clothing>
  <id>
   850781580
  </id>
  <name>
   Vans Pants Z-4800
  </name>
  <category>
   Pants
  </category>
  <size>
   L
  </size>
  <color>
   Желтый
  </color>
  <material>
   Нейлон
  </material>
  <price>
   264580
  </price>
  <rating>
   1.91
  </rating>
  <reviews>
   693353
  </reviews>
  <new>
   -
  </new>
  <exclusive>
   yes
  </exclusive>
  <sporty>
   yes
  </sporty>
 </clothing>
 <clothing>
  <id>
   109007601
  </id>
  <name>
   Adidas Gloves E-2093
  </name>
  <category>
   Gloves
  </category>
  <size>
   XL
  </size>
  <color>
   Оранжевый
  </color>
  <material>
   Полиэстер
  </material>
  <price>
   205051
  </price>
  <rating>
   1.04
  </rating>
  <reviews>
   757267
  </reviews>
  <exclusive>
   no
  </exclusive>
  <sporty>
   yes
  </sporty>
 </clothing>
 <clothing>
  <id>
   930565384
  </id>
  <name>
   Lacoste Dress Q-5475
  </name>
  <category>
   Dress
  </category>
  <size>
   S
  </size>
  <color>
   Красный
  </color>
  <material>
   Кожа
  </material>
  <price>
   212994
  </price>
  <rating>
   2.13
  </rating>
  <reviews>
   143188
  </reviews>
  <new>
   -
  </new>
  <exclusive>
   no
  </exclusive>
  <sporty>
   no
  </sporty>
 </clothing>
 <clothing>
  <id>
   984195641
  </id>
  <name>
   Brooks Jacket T-7845
  </name>
  <category>
   Jacket
  </category>
  <size>
   L
  </size>
  <color>
   Желтый
  </color>
  <material>
   Полиэстер
  </material>
  <price>
   963805
  </price>
  <rating>
   2.26
  </rating>
  <reviews>
   152618
  </reviews>
  <sporty>
   no
  </sporty>
 </clothing>
 <clothing>
  <id>
   862301794
  </id>
  <name>
   Converse Umbrellas Q-7158
  </name>
  <category>
   Umbrellas
  </category>
  <size>
   XXL
  </size>
  <color>
   Желтый
  </color>
  <material>
   Нейлон
  </material>
  <price>
   470823
  </price>
  <rating>
   3.0
  </rating>
  <reviews>
   630315
  </reviews>
  <exclusive>
   no
  </exclusive>
 </clothing>
 <clothing>
  <id>
   388948104
  </id>
  <name>
   New Balance T-shirt Q-6892
  </name>
  <category>
   T-shirt
  </category>
  <size>
   M
  </size>
  <color>
   Красный
  </color>
  <material>
   Хлопок
  </material>
  <price>
   490516
  </price>
  <rating>
   4.93
  </rating>
  <reviews>
   75800
  </reviews>
  <new>
   -
  </new>
  <exclusive>
   yes
  </exclusive>
  <sporty>
   yes
  </sporty>
 </clothing>
 <clothing>
  <id>
   802353333
  </id>
  <name>
   Asics Socks O-1151
  </name>
  <category>
   Socks
  </category>
  <size>
   M
  </size>
  <color>
   Желтый
  </color>
  <material>
   Полиэстер
  </material>
  <price>
   551462
  </price>
  <rating>
   3.91
  </rating>
  <reviews>
   357570
  </reviews>
  <new>
   +
  </new>
  <exclusive>
   no
  </exclusive>
 </clothing>
 <clothing>
  <id>
   270864035
  </id>
  <name>
   Adidas Pants Y-3187
  </name>
  <category>
   Pants
  </category>
  <size>
   M
  </size>
  <color>
   Синий
  </color>
  <material>
   Вискоза
  </material>
  <price>
   518876
  </price>
  <rating>
   3.82
  </rating>
  <reviews>
   919080
  </reviews>
  <new>
   -
  </new>
 </clothing>
 <clothing>
  <id>
   174500450
  </id>
  <name>
   Addidas Handbags V-5626
  </name>
  <category>
   Handbags
  </category>
  <size>
   M
  </size>
  <color>
   Синий
  </color>
  <material>
   Нейлон
  </material>
  <price>
   493806
  </price>
  <rating>
   2.52
  </rating>
  <reviews>
   362457
  </reviews>
  <sporty>
   no
  </sporty>
 </clothing>
 <clothing>
  <id>
   167785580
  </id>
  <name>
   Brooks Belts S-5678
  </name>
  <category>
   Belts
  </category>
  <size>
   XXL
  </size>
  <color>
   Голубой
  </color>
  <material>
   Шерсть
  </material>
  <price>
   581541
  </price>
  <rating>
   3.78
  </rating>
  <reviews>
   643353
  </reviews>
  <exclusive>
   yes
  </exclusive>
 </clothing>
 <clothing>
  <id>
   392843889
  </id>
  <name>
   Vans Handbags K-8824
  </name>
  <category>
   Handbags
  </category>
  <size>
   L
  </size>
  <color>
   Красный
  </color>
  <material>
   Хлопок
  </material>
  <price>
   106689
  </price>
  <rating>
   3.22
  </rating>
  <reviews>
   813463
  </reviews>
  <new>
   -
  </new>
  <exclusive>
   no
  </exclusive>
  <sporty>
   no
  </sporty>
 </clothing>
 <clothing>
  <id>
   338765167
  </id>
  <name>
   Under Armour T-shirt H-1874
  </name>
  <category>
   T-shirt
  </category>
  <size>
   S
  </size>
  <color>
   Синий
  </color>
  <material>
   Шерсть
  </material>
  <price>
   276423
  </price>
  <rating>
   4.64
  </rating>
  <reviews>
   72087
  </reviews>
  <sporty>
   no
  </sporty>
 </clothing>
 <clothing>
  <id>
   845073046
  </id>
  <name>
   PleinSport Jeans B-4749
  </name>
  <category>
   Jeans
  </category>
  <size>
   M
  </size>
  <color>
   Оранжевый
  </color>
  <material>
   Хлопок
  </material>
  <price>
   924732
  </price>
  <rating>
   3.16
  </rating>
  <reviews>
   736026
  </reviews>
 </clothing>
 <clothing>
  <id>
   436479506
  </id>
  <name>
   Nike Jacket Y-5097
  </name>
  <category>
   Jacket
  </category>
  <size>
   XL
  </size>
  <color>
   Синий
  </color>
  <material>
   Шерсть
  </material>
  <price>
   513617
  </price>
  <rating>
   4.95
  </rating>
  <reviews>
   501175
  </reviews>
  <exclusive>
   no
  </exclusive>
 </clothing>
 <clothing>
  <id>
   110926713
  </id>
  <name>
   Converse Pants G-7224
  </name>
  <category>
   Pants
  </category>
  <size>
   XL
  </size>
  <color>
   Синий
  </color>
  <material>
   Шерсть
  </material>
  <price>
   200194
  </price>
  <rating>
   2.1
  </rating>
  <reviews>
   930986
  </reviews>
  <new>
   +
  </new>
  <sporty>
   no
  </sporty>
 </clothing>
 <clothing>
  <id>
   482902246
  </id>
  <name>
   New Balance Umbrellas F-4647
  </name>
  <category>
   Umbrellas
  </category>
  <size>
   XXL
  </size>
  <color>
   Синий
  </color>
  <material>
   Шерсть
  </material>
  <price>
   723438
  </price>
  <rating>
   2.86
  </rating>
  <reviews>
   119754
  </reviews>
  <new>
   -
  </new>
 </clothing>
 <clothing>
  <id>
   726262186
  </id>
  <name>
   Brooks Handbags W-7283
  </name>
  <category>
   Handbags
  </category>
  <size>
   L
  </size>
  <color>
   Голубой
  </color>
  <material>
   Шелк
  </material>
  <price>
   409846
  </price>
  <rating>
   4.24
  </rating>
  <reviews>
   995843
  </reviews>
  <new>
   -
  </new>
  <exclusive>
   no
  </exclusive>
  <sporty>
   no
  </sporty>
 </clothing>
 <clothing>
  <id>
   780981437
  </id>
  <name>
   Ellesse Gloves V-8917
  </name>
  <category>
   Gloves
  </category>
  <size>
   XL
  </size>
  <color>
   Голубой
  </color>
  <material>
   Шелк
  </material>
  <price>
   732554
  </price>
  <rating>
   2.32
  </rating>
  <reviews>
   458071
  </reviews>
  <new>
   -
  </new>
  <exclusive>
   no
  </exclusive>
  <sporty>
   no
  </sporty>
 </clothing>
 <clothing>
  <id>
   548940698
  </id>
  <name>
   Asics Jacket H-1050
  </name>
  <category>
   Jacket
  </category>
  <size>
   M
  </size>
  <color>
   Желтый
  </color>
  <material>
   Нейлон
  </material>
  <price>
   446641
  </price>
  <rating>
   2.6
  </rating>
  <reviews>
   927492
  </reviews>
  <new>
   +
  </new>
  <exclusive>
   yes
  </exclusive>
  <sporty>
   yes
  </sporty>
 </clothing>
</clothing-items>
