<?xml version="1.0" encoding="utf-8"?>
<clothing-items>
 <clothing>
  <id>
   678994539
  </id>
  <name>
   Nike Socks Z-4252
  </name>
  <category>
   Socks
  </category>
  <size>
   L
  </size>
  <color>
   Голубой
  </color>
  <material>
   Нейлон
  </material>
  <price>
   304396
  </price>
  <rating>
   3.55
  </rating>
  <reviews>
   411224
  </reviews>
  <new>
   +
  </new>
 </clothing>
 <clothing>
  <id>
   571746856
  </id>
  <name>
   DC Gloves E-9675
  </name>
  <category>
   Gloves
  </category>
  <size>
   S
  </size>
  <color>
   Оранжевый
  </color>
  <material>
   Шерсть
  </material>
  <price>
   461664
  </price>
  <rating>
   1.26
  </rating>
  <reviews>
   620843
  </reviews>
  <exclusive>
   yes
  </exclusive>
 </clothing>
 <clothing>
  <id>
   758338863
  </id>
  <name>
   Fila Dress S-7882
  </name>
  <category>
   Dress
  </category>
  <size>
   M
  </size>
  <color>
   Синий
  </color>
  <material>
   Нейлон
  </material>
  <price>
   866961
  </price>
  <rating>
   2.51
  </rating>
  <reviews>
   227940
  </reviews>
  <new>
   -
  </new>
  <sporty>
   no
  </sporty>
 </clothing>
 <clothing>
  <id>
   849770017
  </id>
  <name>
   Puma Blouse B-5930
  </name>
  <category>
   Blouse
  </category>
  <size>
   XL
  </size>
  <color>
   Желтый
  </color>
  <material>
   Лен
  </material>
  <price>
   269543
  </price>
  <rating>
   3.05
  </rating>
  <reviews>
   429340
  </reviews>
  <new>
   +
  </new>
  <exclusive>
   no
  </exclusive>
  <sporty>
   yes
  </sporty>
 </clothing>
 <clothing>
  <id>
   339417294
  </id>
  <name>
   Nike Shirt K-9566
  </name>
  <category>
   Shirt
  </category>
  <size>
   XL
  </size>
  <color>
   Красный
  </color>
  <material>
   Вискоза
  </material>
  <price>
   493749
  </price>
  <rating>
   4.68
  </rating>
  <reviews>
   377159
  </reviews>
  <exclusive>
   no
  </exclusive>
  <sporty>
   no
  </sporty>
 </clothing>
 <clothing>
  <id>
   334215019
  </id>
  <name>
   Vans Skirt K-7845
  </name>
  <category>
   Skirt
  </category>
  <size>
   XXL
  </size>
  <color>
   Оранжевый
  </color>
  <material>
   Нейлон
  </material>
  <price>
   310239
  </price>
  <rating>
   4.67
  </rating>
  <reviews>
   171473
  </reviews>
 </clothing>
 <clothing>
  <id>
   441296615
  </id>
  <name>
   Asics Jacket Q-5929
  </name>
  <category>
   Jacket
  </category>
  <size>
   XL
  </size>
  <color>
   Зеленый
  </color>
  <material>
   Полиэстер
  </material>
  <price>
   832751
  </price>
  <rating>
   1.08
  </rating>
  <reviews>
   256089
  </reviews>
 </clothing>
 <clothing>
  <id>
   798505762
  </id>
  <name>
   Asics Socks C-4296
  </name>
  <category>
   Socks
  </category>
  <size>
   L
  </size>
  <color>
   Желтый
  </color>
  <material>
   Лен
  </material>
  <price>
   676751
  </price>
  <rating>
   1.41
  </rating>
  <reviews>
   92387
  </reviews>
  <new>
   +
  </new>
  <sporty>
   no
  </sporty>
 </clothing>
 <clothing>
  <id>
   736124306
  </id>
  <name>
   Ellesse Jacket G-3003
  </name>
  <category>
   Jacket
  </category>
  <size>
   XXL
  </size>
  <color>
   Синий
  </color>
  <material>
   Шерсть
  </material>
  <price>
   720590
  </price>
  <rating>
   1.09
  </rating>
  <reviews>
   612115
  </reviews>
  <sporty>
   no
  </sporty>
 </clothing>
 <clothing>
  <id>
   661067249
  </id>
  <name>
   Addidas Socks B-1005
  </name>
  <category>
   Socks
  </category>
  <size>
   L
  </size>
  <color>
   Фиолетовый
  </color>
  <material>
   Лен
  </material>
  <price>
   310630
  </price>
  <rating>
   3.23
  </rating>
  <reviews>
   563040
  </reviews>
 </clothing>
 <clothing>
  <id>
   706253831
  </id>
  <name>
   Puma Jacket J-2068
  </name>
  <category>
   Jacket
  </category>
  <size>
   XL
  </size>
  <color>
   Желтый
  </color>
  <material>
   Кожа
  </material>
  <price>
   868119
  </price>
  <rating>
   1.11
  </rating>
  <reviews>
   965173
  </reviews>
  <new>
   -
  </new>
  <exclusive>
   yes
  </exclusive>
 </clothing>
 <clothing>
  <id>
   447686095
  </id>
  <name>
   Reebok Jeans K-4904
  </name>
  <category>
   Jeans
  </category>
  <size>
   L
  </size>
  <color>
   Зеленый
  </color>
  <material>
   Нейлон
  </material>
  <price>
   530475
  </price>
  <rating>
   3.8
  </rating>
  <reviews>
   134677
  </reviews>
  <new>
   -
  </new>
 </clothing>
 <clothing>
  <id>
   690128308
  </id>
  <name>
   Brooks Dress B-5393
  </name>
  <category>
   Dress
  </category>
  <size>
   XXL
  </size>
  <color>
   Синий
  </color>
  <material>
   Вискоза
  </material>
  <price>
   933301
  </price>
  <rating>
   1.81
  </rating>
  <reviews>
   545566
  </reviews>
  <new>
   +
  </new>
  <exclusive>
   no
  </exclusive>
 </clothing>
 <clothing>
  <id>
   392534025
  </id>
  <name>
   Adidas Sweater G-2531
  </name>
  <category>
   Sweater
  </category>
  <size>
   L
  </size>
  <color>
   Оранжевый
  </color>
  <material>
   Кожа
  </material>
  <price>
   390669
  </price>
  <rating>
   1.29
  </rating>
  <reviews>
   835588
  </reviews>
  <new>
   -
  </new>
  <exclusive>
   no
  </exclusive>
  <sporty>
   no
  </sporty>
 </clothing>
 <clothing>
  <id>
   162935522
  </id>
  <name>
   Fila Sweater F-7207
  </name>
  <category>
   Sweater
  </category>
  <size>
   M
  </size>
  <color>
   Желтый
  </color>
  <material>
   Лен
  </material>
  <price>
   899505
  </price>
  <rating>
   3.0
  </rating>
  <reviews>
   459122
  </reviews>
  <new>
   -
  </new>
  <sporty>
   yes
  </sporty>
 </clothing>
 <clothing>
  <id>
   357198736
  </id>
  <name>
   Lacoste Socks Q-5509
  </name>
  <category>
   Socks
  </category>
  <size>
   XXL
  </size>
  <color>
   Синий
  </color>
  <material>
   Шелк
  </material>
  <price>
   270211
  </price>
  <rating>
   1.48
  </rating>
  <reviews>
   391450
  </reviews>
  <new>
   -
  </new>
  <exclusive>
   no
  </exclusive>
  <sporty>
   no
  </sporty>
 </clothing>
 <clothing>
  <id>
   810895922
  </id>
  <name>
   Brooks Dress S-8165
  </name>
  <category>
   Dress
  </category>
  <size>
   L
  </size>
  <color>
   Голубой
  </color>
  <material>
   Шерсть
  </material>
  <price>
   315130
  </price>
  <rating>
   3.21
  </rating>
  <reviews>
   258186
  </reviews>
  <new>
   -
  </new>
 </clothing>
 <clothing>
  <id>
   261242945
  </id>
  <name>
   Fila Sweater D-3944
  </name>
  <category>
   Sweater
  </category>
  <size>
   XL
  </size>
  <color>
   Фиолетовый
  </color>
  <material>
   Полиэстер
  </material>
  <price>
   112136
  </price>
  <rating>
   1.76
  </rating>
  <reviews>
   553152
  </reviews>
  <exclusive>
   no
  </exclusive>
 </clothing>
 <clothing>
  <id>
   689506926
  </id>
  <name>
   Under Armour Skirt J-2196
  </name>
  <category>
   Skirt
  </category>
  <size>
   S
  </size>
  <color>
   Желтый
  </color>
  <material>
   Шелк
  </material>
  <price>
   865498
  </price>
  <rating>
   2.03
  </rating>
  <reviews>
   398979
  </reviews>
  <exclusive>
   no
  </exclusive>
 </clothing>
 <clothing>
  <id>
   642006041
  </id>
  <name>
   Reebok Shirt C-3861
  </name>
  <category>
   Shirt
  </category>
  <size>
   XXL
  </size>
  <color>
   Зеленый
  </color>
  <material>
   Кожа
  </material>
  <price>
   521979
  </price>
  <rating>
   1.71
  </rating>
  <reviews>
   339244
  </reviews>
  <exclusive>
   no
  </exclusive>
 </clothing>
 <clothing>
  <id>
   739757572
  </id>
  <name>
   Lacoste Umbrellas V-4133
  </name>
  <category>
   Umbrellas
  </category>
  <size>
   XL
  </size>
  <color>
   Оранжевый
  </color>
  <material>
   Хлопок
  </material>
  <price>
   467213
  </price>
  <rating>
   2.35
  </rating>
  <reviews>
   626992
  </reviews>
  <new>
   +
  </new>
  <exclusive>
   yes
  </exclusive>
  <sporty>
   no
  </sporty>
 </clothing>
 <clothing>
  <id>
   112175978
  </id>
  <name>
   Adidas Jeans G-9844
  </name>
  <category>
   Jeans
  </category>
  <size>
   M
  </size>
  <color>
   Голубой
  </color>
  <material>
   Полиэстер
  </material>
  <price>
   446199
  </price>
  <rating>
   4.61
  </rating>
  <reviews>
   925564
  </reviews>
  <exclusive>
   yes
  </exclusive>
  <sporty>
   no
  </sporty>
 </clothing>
 <clothing>
  <id>
   273980949
  </id>
  <name>
   DC Socks Z-1121
  </name>
  <category>
   Socks
  </category>
  <size>
   M
  </size>
  <color>
   Желтый
  </color>
  <material>
   Полиэстер
  </material>
  <price>
   153062
  </price>
  <rating>
   2.61
  </rating>
  <reviews>
   130281
  </reviews>
  <new>
   -
  </new>
  <exclusive>
   no
  </exclusive>
 </clothing>
 <clothing>
  <id>
   692716912
  </id>
  <name>
   New Balance Umbrellas G-4276
  </name>
  <category>
   Umbrellas
  </category>
  <size>
   XXL
  </size>
  <color>
   Голубой
  </color>
  <material>
   Вискоза
  </material>
  <price>
   713264
  </price>
  <rating>
   1.52
  </rating>
  <reviews>
   549618
  </reviews>
  <new>
   -
  </new>
  <exclusive>
   no
  </exclusive>
  <sporty>
   no
  </sporty>
 </clothing>
 <clothing>
  <id>
   268043083
  </id>
  <name>
   Converse Handbags K-2343
  </name>
  <category>
   Handbags
  </category>
  <size>
   XL
  </size>
  <color>
   Красный
  </color>
  <material>
   Шелк
  </material>
  <price>
   255958
  </price>
  <rating>
   2.45
  </rating>
  <reviews>
   614236
  </reviews>
  <new>
   -
  </new>
  <exclusive>
   no
  </exclusive>
  <sporty>
   yes
  </sporty>
 </clothing>
</clothing-items>
