<?xml version="1.0" encoding="utf-8"?>
<clothing-items>
 <clothing>
  <id>
   201910766
  </id>
  <name>
   Nike Belts Y-8848
  </name>
  <category>
   Belts
  </category>
  <size>
   S
  </size>
  <color>
   Зеленый
  </color>
  <material>
   Нейлон
  </material>
  <price>
   609896
  </price>
  <rating>
   3.56
  </rating>
  <reviews>
   401956
  </reviews>
 </clothing>
 <clothing>
  <id>
   647801534
  </id>
  <name>
   Addidas Pants H-1104
  </name>
  <category>
   Pants
  </category>
  <size>
   S
  </size>
  <color>
   Оранжевый
  </color>
  <material>
   Кожа
  </material>
  <price>
   140374
  </price>
  <rating>
   1.78
  </rating>
  <reviews>
   981746
  </reviews>
  <new>
   -
  </new>
  <sporty>
   yes
  </sporty>
 </clothing>
 <clothing>
  <id>
   958350254
  </id>
  <name>
   Vans Umbrellas H-5029
  </name>
  <category>
   Umbrellas
  </category>
  <size>
   XL
  </size>
  <color>
   Красный
  </color>
  <material>
   Хлопок
  </material>
  <price>
   751018
  </price>
  <rating>
   3.76
  </rating>
  <reviews>
   247239
  </reviews>
  <sporty>
   yes
  </sporty>
 </clothing>
 <clothing>
  <id>
   475336628
  </id>
  <name>
   PleinSport Shirt J-8851
  </name>
  <category>
   Shirt
  </category>
  <size>
   L
  </size>
  <color>
   Синий
  </color>
  <material>
   Полиэстер
  </material>
  <price>
   565832
  </price>
  <rating>
   4.11
  </rating>
  <reviews>
   315901
  </reviews>
  <new>
   -
  </new>
  <exclusive>
   no
  </exclusive>
 </clothing>
 <clothing>
  <id>
   828455474
  </id>
  <name>
   PleinSport Skirt H-1382
  </name>
  <category>
   Skirt
  </category>
  <size>
   L
  </size>
  <color>
   Голубой
  </color>
  <material>
   Нейлон
  </material>
  <price>
   170870
  </price>
  <rating>
   2.47
  </rating>
  <reviews>
   391982
  </reviews>
  <new>
   +
  </new>
  <exclusive>
   yes
  </exclusive>
 </clothing>
 <clothing>
  <id>
   595932596
  </id>
  <name>
   Lacoste Hat I-2854
  </name>
  <category>
   Hat
  </category>
  <size>
   XXL
  </size>
  <color>
   Красный
  </color>
  <material>
   Лен
  </material>
  <price>
   455990
  </price>
  <rating>
   1.71
  </rating>
  <reviews>
   984741
  </reviews>
  <new>
   -
  </new>
 </clothing>
 <clothing>
  <id>
   554819832
  </id>
  <name>
   Brooks Pants K-4387
  </name>
  <category>
   Pants
  </category>
  <size>
   M
  </size>
  <color>
   Оранжевый
  </color>
  <material>
   Шелк
  </material>
  <price>
   902545
  </price>
  <rating>
   1.57
  </rating>
  <reviews>
   979799
  </reviews>
 </clothing>
 <clothing>
  <id>
   301859527
  </id>
  <name>
   Nike Hat R-5109
  </name>
  <category>
   Hat
  </category>
  <size>
   XXL
  </size>
  <color>
   Зеленый
  </color>
  <material>
   Шелк
  </material>
  <price>
   244128
  </price>
  <rating>
   3.93
  </rating>
  <reviews>
   254427
  </reviews>
  <new>
   -
  </new>
  <sporty>
   no
  </sporty>
 </clothing>
 <clothing>
  <id>
   857153078
  </id>
  <name>
   Vans Gloves B-2841
  </name>
  <category>
   Gloves
  </category>
  <size>
   M
  </size>
  <color>
   Красный
  </color>
  <material>
   Нейлон
  </material>
  <price>
   441091
  </price>
  <rating>
   4.34
  </rating>
  <reviews>
   37092
  </reviews>
  <exclusive>
   yes
  </exclusive>
 </clothing>
 <clothing>
  <id>
   540944963
  </id>
  <name>
   Vans Shoes L-8934
  </name>
  <category>
   Shoes
  </category>
  <size>
   M
  </size>
  <color>
   Желтый
  </color>
  <material>
   Полиэстер
  </material>
  <price>
   694062
  </price>
  <rating>
   1.77
  </rating>
  <reviews>
   585973
  </reviews>
  <new>
   +
  </new>
  <exclusive>
   no
  </exclusive>
  <sporty>
   no
  </sporty>
 </clothing>
 <clothing>
  <id>
   272920957
  </id>
  <name>
   Reebok Sweater C-6494
  </name>
  <category>
   Sweater
  </category>
  <size>
   M
  </size>
  <color>
   Красный
  </color>
  <material>
   Лен
  </material>
  <price>
   420834
  </price>
  <rating>
   2.99
  </rating>
  <reviews>
   477732
  </reviews>
  <exclusive>
   yes
  </exclusive>
 </clothing>
 <clothing>
  <id>
   421989844
  </id>
  <name>
   Addidas Hat M-8513
  </name>
  <category>
   Hat
  </category>
  <size>
   M
  </size>
  <color>
   Зеленый
  </color>
  <material>
   Вискоза
  </material>
  <price>
   241185
  </price>
  <rating>
   2.37
  </rating>
  <reviews>
   682787
  </reviews>
 </clothing>
 <clothing>
  <id>
   163632951
  </id>
  <name>
   Puma Hat F-8291
  </name>
  <category>
   Hat
  </category>
  <size>
   L
  </size>
  <color>
   Синий
  </color>
  <material>
   Полиэстер
  </material>
  <price>
   139067
  </price>
  <rating>
   1.42
  </rating>
  <reviews>
   764416
  </reviews>
  <new>
   +
  </new>
  <exclusive>
   no
  </exclusive>
 </clothing>
 <clothing>
  <id>
   183589273
  </id>
  <name>
   Adidas Socks Y-2412
  </name>
  <category>
   Socks
  </category>
  <size>
   XXL
  </size>
  <color>
   Голубой
  </color>
  <material>
   Хлопок
  </material>
  <price>
   408601
  </price>
  <rating>
   1.88
  </rating>
  <reviews>
   684541
  </reviews>
  <new>
   -
  </new>
  <exclusive>
   yes
  </exclusive>
  <sporty>
   no
  </sporty>
 </clothing>
 <clothing>
  <id>
   304056682
  </id>
  <name>
   Nike Hat S-7863
  </name>
  <category>
   Hat
  </category>
  <size>
   L
  </size>
  <color>
   Зеленый
  </color>
  <material>
   Вискоза
  </material>
  <price>
   401714
  </price>
  <rating>
   2.15
  </rating>
  <reviews>
   401737
  </reviews>
  <new>
   +
  </new>
  <exclusive>
   no
  </exclusive>
 </clothing>
 <clothing>
  <id>
   238300486
  </id>
  <name>
   Converse Blouse O-5826
  </name>
  <category>
   Blouse
  </category>
  <size>
   XXL
  </size>
  <color>
   Фиолетовый
  </color>
  <material>
   Лен
  </material>
  <price>
   708055
  </price>
  <rating>
   4.36
  </rating>
  <reviews>
   392788
  </reviews>
  <new>
   +
  </new>
  <exclusive>
   no
  </exclusive>
  <sporty>
   no
  </sporty>
 </clothing>
 <clothing>
  <id>
   575200845
  </id>
  <name>
   Fila Hat L-1635
  </name>
  <category>
   Hat
  </category>
  <size>
   S
  </size>
  <color>
   Красный
  </color>
  <material>
   Хлопок
  </material>
  <price>
   993797
  </price>
  <rating>
   4.56
  </rating>
  <reviews>
   986862
  </reviews>
  <new>
   +
  </new>
  <sporty>
   no
  </sporty>
 </clothing>
 <clothing>
  <id>
   252398562
  </id>
  <name>
   Puma Jacket B-6531
  </name>
  <category>
   Jacket
  </category>
  <size>
   XL
  </size>
  <color>
   Желтый
  </color>
  <material>
   Кожа
  </material>
  <price>
   777764
  </price>
  <rating>
   1.83
  </rating>
  <reviews>
   454374
  </reviews>
  <new>
   -
  </new>
  <exclusive>
   no
  </exclusive>
 </clothing>
 <clothing>
  <id>
   500758243
  </id>
  <name>
   Lacoste Skirt L-7985
  </name>
  <category>
   Skirt
  </category>
  <size>
   M
  </size>
  <color>
   Оранжевый
  </color>
  <material>
   Шелк
  </material>
  <price>
   939482
  </price>
  <rating>
   3.6
  </rating>
  <reviews>
   94756
  </reviews>
  <new>
   -
  </new>
  <exclusive>
   yes
  </exclusive>
 </clothing>
 <clothing>
  <id>
   696746884
  </id>
  <name>
   Asics Socks M-5734
  </name>
  <category>
   Socks
  </category>
  <size>
   M
  </size>
  <color>
   Зеленый
  </color>
  <material>
   Лен
  </material>
  <price>
   459266
  </price>
  <rating>
   2.34
  </rating>
  <reviews>
   814748
  </reviews>
  <exclusive>
   no
  </exclusive>
  <sporty>
   yes
  </sporty>
 </clothing>
 <clothing>
  <id>
   240744797
  </id>
  <name>
   DC Shirt R-5861
  </name>
  <category>
   Shirt
  </category>
  <size>
   XL
  </size>
  <color>
   Синий
  </color>
  <material>
   Хлопок
  </material>
  <price>
   665824
  </price>
  <rating>
   4.83
  </rating>
  <reviews>
   461989
  </reviews>
  <new>
   +
  </new>
  <sporty>
   no
  </sporty>
 </clothing>
 <clothing>
  <id>
   852369055
  </id>
  <name>
   Fila Blouse H-2344
  </name>
  <category>
   Blouse
  </category>
  <size>
   XXL
  </size>
  <color>
   Голубой
  </color>
  <material>
   Хлопок
  </material>
  <price>
   968147
  </price>
  <rating>
   4.19
  </rating>
  <reviews>
   316562
  </reviews>
  <new>
   -
  </new>
  <exclusive>
   yes
  </exclusive>
  <sporty>
   no
  </sporty>
 </clothing>
 <clothing>
  <id>
   123377100
  </id>
  <name>
   Under Armour Hat L-1840
  </name>
  <category>
   Hat
  </category>
  <size>
   XL
  </size>
  <color>
   Синий
  </color>
  <material>
   Нейлон
  </material>
  <price>
   364128
  </price>
  <rating>
   3.47
  </rating>
  <reviews>
   951986
  </reviews>
  <new>
   -
  </new>
  <exclusive>
   no
  </exclusive>
 </clothing>
 <clothing>
  <id>
   898365444
  </id>
  <name>
   PleinSport Shirt J-3195
  </name>
  <category>
   Shirt
  </category>
  <size>
   L
  </size>
  <color>
   Синий
  </color>
  <material>
   Шелк
  </material>
  <price>
   269092
  </price>
  <rating>
   4.23
  </rating>
  <reviews>
   591918
  </reviews>
 </clothing>
 <clothing>
  <id>
   443884006
  </id>
  <name>
   Nike Hat R-3016
  </name>
  <category>
   Hat
  </category>
  <size>
   S
  </size>
  <color>
   Желтый
  </color>
  <material>
   Вискоза
  </material>
  <price>
   199282
  </price>
  <rating>
   2.86
  </rating>
  <reviews>
   573505
  </reviews>
  <exclusive>
   no
  </exclusive>
 </clothing>
 <clothing>
  <id>
   365903539
  </id>
  <name>
   Fila Shirt G-2702
  </name>
  <category>
   Shirt
  </category>
  <size>
   XL
  </size>
  <color>
   Зеленый
  </color>
  <material>
   Шелк
  </material>
  <price>
   393064
  </price>
  <rating>
   2.55
  </rating>
  <reviews>
   333404
  </reviews>
  <exclusive>
   no
  </exclusive>
  <sporty>
   no
  </sporty>
 </clothing>
 <clothing>
  <id>
   346247717
  </id>
  <name>
   Vans Sweater E-8524
  </name>
  <category>
   Sweater
  </category>
  <size>
   S
  </size>
  <color>
   Желтый
  </color>
  <material>
   Хлопок
  </material>
  <price>
   269470
  </price>
  <rating>
   4.4
  </rating>
  <reviews>
   536868
  </reviews>
  <new>
   -
  </new>
  <sporty>
   yes
  </sporty>
 </clothing>
 <clothing>
  <id>
   249261471
  </id>
  <name>
   PleinSport Shirt U-3869
  </name>
  <category>
   Shirt
  </category>
  <size>
   XL
  </size>
  <color>
   Синий
  </color>
  <material>
   Вискоза
  </material>
  <price>
   738847
  </price>
  <rating>
   4.77
  </rating>
  <reviews>
   483669
  </reviews>
  <exclusive>
   no
  </exclusive>
 </clothing>
 <clothing>
  <id>
   102529167
  </id>
  <name>
   Reebok T-shirt Q-7081
  </name>
  <category>
   T-shirt
  </category>
  <size>
   M
  </size>
  <color>
   Зеленый
  </color>
  <material>
   Нейлон
  </material>
  <price>
   160318
  </price>
  <rating>
   2.24
  </rating>
  <reviews>
   551025
  </reviews>
  <new>
   -
  </new>
  <exclusive>
   yes
  </exclusive>
 </clothing>
 <clothing>
  <id>
   327623058
  </id>
  <name>
   New Balance Blouse C-1260
  </name>
  <category>
   Blouse
  </category>
  <size>
   S
  </size>
  <color>
   Желтый
  </color>
  <material>
   Шерсть
  </material>
  <price>
   103698
  </price>
  <rating>
   2.6
  </rating>
  <reviews>
   721968
  </reviews>
 </clothing>
 <clothing>
  <id>
   411911391
  </id>
  <name>
   PleinSport Sweater E-8724
  </name>
  <category>
   Sweater
  </category>
  <size>
   XXL
  </size>
  <color>
   Фиолетовый
  </color>
  <material>
   Нейлон
  </material>
  <price>
   811575
  </price>
  <rating>
   2.07
  </rating>
  <reviews>
   518035
  </reviews>
  <new>
   +
  </new>
  <exclusive>
   no
  </exclusive>
  <sporty>
   no
  </sporty>
 </clothing>
 <clothing>
  <id>
   989744720
  </id>
  <name>
   New Balance T-shirt D-2168
  </name>
  <category>
   T-shirt
  </category>
  <size>
   L
  </size>
  <color>
   Зеленый
  </color>
  <material>
   Хлопок
  </material>
  <price>
   624130
  </price>
  <rating>
   2.91
  </rating>
  <reviews>
   179155
  </reviews>
  <new>
   -
  </new>
  <exclusive>
   no
  </exclusive>
  <sporty>
   no
  </sporty>
 </clothing>
 <clothing>
  <id>
   910670400
  </id>
  <name>
   Adidas Belts J-4984
  </name>
  <category>
   Belts
  </category>
  <size>
   XXL
  </size>
  <color>
   Фиолетовый
  </color>
  <material>
   Шелк
  </material>
  <price>
   946951
  </price>
  <rating>
   4.41
  </rating>
  <reviews>
   408205
  </reviews>
  <exclusive>
   yes
  </exclusive>
  <sporty>
   no
  </sporty>
 </clothing>
 <clothing>
  <id>
   314977617
  </id>
  <name>
   Fila Socks O-3285
  </name>
  <category>
   Socks
  </category>
  <size>
   XL
  </size>
  <color>
   Зеленый
  </color>
  <material>
   Хлопок
  </material>
  <price>
   542748
  </price>
  <rating>
   1.18
  </rating>
  <reviews>
   331529
  </reviews>
  <new>
   -
  </new>
 </clothing>
 <clothing>
  <id>
   987087037
  </id>
  <name>
   Lacoste Belts L-1937
  </name>
  <category>
   Belts
  </category>
  <size>
   XXL
  </size>
  <color>
   Оранжевый
  </color>
  <material>
   Вискоза
  </material>
  <price>
   703050
  </price>
  <rating>
   3.51
  </rating>
  <reviews>
   139510
  </reviews>
  <new>
   +
  </new>
  <exclusive>
   no
  </exclusive>
  <sporty>
   no
  </sporty>
 </clothing>
 <clothing>
  <id>
   243294504
  </id>
  <name>
   DC Jacket Y-6239
  </name>
  <category>
   Jacket
  </category>
  <size>
   XL
  </size>
  <color>
   Зеленый
  </color>
  <material>
   Нейлон
  </material>
  <price>
   360675
  </price>
  <rating>
   1.89
  </rating>
  <reviews>
   838906
  </reviews>
  <new>
   -
  </new>
  <sporty>
   no
  </sporty>
 </clothing>
 <clothing>
  <id>
   526585182
  </id>
  <name>
   Converse T-shirt D-8422
  </name>
  <category>
   T-shirt
  </category>
  <size>
   L
  </size>
  <color>
   Красный
  </color>
  <material>
   Полиэстер
  </material>
  <price>
   241984
  </price>
  <rating>
   1.31
  </rating>
  <reviews>
   353312
  </reviews>
  <new>
   -
  </new>
 </clothing>
 <clothing>
  <id>
   701898667
  </id>
  <name>
   New Balance Jeans D-4586
  </name>
  <category>
   Jeans
  </category>
  <size>
   S
  </size>
  <color>
   Желтый
  </color>
  <material>
   Лен
  </material>
  <price>
   636608
  </price>
  <rating>
   1.66
  </rating>
  <reviews>
   818019
  </reviews>
  <new>
   +
  </new>
  <exclusive>
   yes
  </exclusive>
  <sporty>
   no
  </sporty>
 </clothing>
 <clothing>
  <id>
   262522672
  </id>
  <name>
   Nike T-shirt N-5276
  </name>
  <category>
   T-shirt
  </category>
  <size>
   XL
  </size>
  <color>
   Оранжевый
  </color>
  <material>
   Шелк
  </material>
  <price>
   338782
  </price>
  <rating>
   3.94
  </rating>
  <reviews>
   584170
  </reviews>
  <new>
   -
  </new>
  <exclusive>
   no
  </exclusive>
  <sporty>
   no
  </sporty>
 </clothing>
 <clothing>
  <id>
   326632831
  </id>
  <name>
   Fila Hat E-2498
  </name>
  <category>
   Hat
  </category>
  <size>
   M
  </size>
  <color>
   Синий
  </color>
  <material>
   Нейлон
  </material>
  <price>
   357862
  </price>
  <rating>
   3.68
  </rating>
  <reviews>
   476152
  </reviews>
  <new>
   -
  </new>
  <sporty>
   no
  </sporty>
 </clothing>
 <clothing>
  <id>
   332346358
  </id>
  <name>
   Fila Dress N-1825
  </name>
  <category>
   Dress
  </category>
  <size>
   XXL
  </size>
  <color>
   Зеленый
  </color>
  <material>
   Лен
  </material>
  <price>
   398651
  </price>
  <rating>
   3.37
  </rating>
  <reviews>
   263482
  </reviews>
  <new>
   -
  </new>
  <exclusive>
   yes
  </exclusive>
 </clothing>
 <clothing>
  <id>
   763483839
  </id>
  <name>
   Brooks Blouse L-1662
  </name>
  <category>
   Blouse
  </category>
  <size>
   L
  </size>
  <color>
   Красный
  </color>
  <material>
   Шерсть
  </material>
  <price>
   207794
  </price>
  <rating>
   2.3
  </rating>
  <reviews>
   486865
  </reviews>
  <new>
   -
  </new>
 </clothing>
 <clothing>
  <id>
   960392268
  </id>
  <name>
   New Balance Socks Y-6289
  </name>
  <category>
   Socks
  </category>
  <size>
   XXL
  </size>
  <color>
   Синий
  </color>
  <material>
   Вискоза
  </material>
  <price>
   543896
  </price>
  <rating>
   4.28
  </rating>
  <reviews>
   609140
  </reviews>
  <new>
   +
  </new>
  <exclusive>
   no
  </exclusive>
  <sporty>
   yes
  </sporty>
 </clothing>
 <clothing>
  <id>
   431550400
  </id>
  <name>
   DC Hat G-2250
  </name>
  <category>
   Hat
  </category>
  <size>
   L
  </size>
  <color>
   Голубой
  </color>
  <material>
   Шелк
  </material>
  <price>
   845111
  </price>
  <rating>
   1.78
  </rating>
  <reviews>
   472705
  </reviews>
  <sporty>
   no
  </sporty>
 </clothing>
</clothing-items>
