<?xml version="1.0" encoding="utf-8"?>
<clothing-items>
 <clothing>
  <id>
   424744334
  </id>
  <name>
   Reebok Blouse I-4865
  </name>
  <category>
   Blouse
  </category>
  <size>
   XL
  </size>
  <color>
   Желтый
  </color>
  <material>
   Лен
  </material>
  <price>
   458805
  </price>
  <rating>
   1.73
  </rating>
  <reviews>
   20033
  </reviews>
  <new>
   +
  </new>
 </clothing>
 <clothing>
  <id>
   947447027
  </id>
  <name>
   Adidas Sweater B-6583
  </name>
  <category>
   Sweater
  </category>
  <size>
   XXL
  </size>
  <color>
   Оранжевый
  </color>
  <material>
   Хлопок
  </material>
  <price>
   678659
  </price>
  <rating>
   1.38
  </rating>
  <reviews>
   604012
  </reviews>
  <new>
   -
  </new>
  <sporty>
   no
  </sporty>
 </clothing>
 <clothing>
  <id>
   262902369
  </id>
  <name>
   Ellesse Hat R-5612
  </name>
  <category>
   Hat
  </category>
  <size>
   L
  </size>
  <color>
   Оранжевый
  </color>
  <material>
   Шерсть
  </material>
  <price>
   825753
  </price>
  <rating>
   1.99
  </rating>
  <reviews>
   999664
  </reviews>
  <exclusive>
   yes
  </exclusive>
 </clothing>
 <clothing>
  <id>
   841997178
  </id>
  <name>
   Addidas Shoes Q-8290
  </name>
  <category>
   Shoes
  </category>
  <size>
   XXL
  </size>
  <color>
   Зеленый
  </color>
  <material>
   Кожа
  </material>
  <price>
   621774
  </price>
  <rating>
   1.73
  </rating>
  <reviews>
   32248
  </reviews>
 </clothing>
 <clothing>
  <id>
   696449516
  </id>
  <name>
   Ellesse Jeans V-8624
  </name>
  <category>
   Jeans
  </category>
  <size>
   XXL
  </size>
  <color>
   Желтый
  </color>
  <material>
   Кожа
  </material>
  <price>
   293220
  </price>
  <rating>
   2.9
  </rating>
  <reviews>
   56875
  </reviews>
  <new>
   -
  </new>
  <sporty>
   yes
  </sporty>
 </clothing>
 <clothing>
  <id>
   145205534
  </id>
  <name>
   Converse T-shirt P-2780
  </name>
  <category>
   T-shirt
  </category>
  <size>
   XXL
  </size>
  <color>
   Голубой
  </color>
  <material>
   Хлопок
  </material>
  <price>
   455931
  </price>
  <rating>
   1.65
  </rating>
  <reviews>
   258906
  </reviews>
  <sporty>
   no
  </sporty>
 </clothing>
 <clothing>
  <id>
   632600847
  </id>
  <name>
   Brooks Hat P-3023
  </name>
  <category>
   Hat
  </category>
  <size>
   S
  </size>
  <color>
   Фиолетовый
  </color>
  <material>
   Лен
  </material>
  <price>
   297218
  </price>
  <rating>
   3.2
  </rating>
  <reviews>
   599082
  </reviews>
  <new>
   +
  </new>
  <sporty>
   no
  </sporty>
 </clothing>
 <clothing>
  <id>
   395809549
  </id>
  <name>
   Addidas Shirt Q-5877
  </name>
  <category>
   Shirt
  </category>
  <size>
   XL
  </size>
  <color>
   Желтый
  </color>
  <material>
   Шерсть
  </material>
  <price>
   373796
  </price>
  <rating>
   4.27
  </rating>
  <reviews>
   938489
  </reviews>
  <exclusive>
   no
  </exclusive>
  <sporty>
   yes
  </sporty>
 </clothing>
 <clothing>
  <id>
   745735441
  </id>
  <name>
   Ellesse Umbrellas Z-7323
  </name>
  <category>
   Umbrellas
  </category>
  <size>
   XL
  </size>
  <color>
   Оранжевый
  </color>
  <material>
   Кожа
  </material>
  <price>
   761553
  </price>
  <rating>
   2.26
  </rating>
  <reviews>
   643948
  </reviews>
  <new>
   -
  </new>
  <exclusive>
   yes
  </exclusive>
  <sporty>
   yes
  </sporty>
 </clothing>
 <clothing>
  <id>
   996507569
  </id>
  <name>
   Addidas Shoes K-5450
  </name>
  <category>
   Shoes
  </category>
  <size>
   M
  </size>
  <color>
   Желтый
  </color>
  <material>
   Нейлон
  </material>
  <price>
   720187
  </price>
  <rating>
   4.08
  </rating>
  <reviews>
   44366
  </reviews>
  <exclusive>
   no
  </exclusive>
 </clothing>
 <clothing>
  <id>
   950761416
  </id>
  <name>
   Adidas Handbags D-1129
  </name>
  <category>
   Handbags
  </category>
  <size>
   L
  </size>
  <color>
   Голубой
  </color>
  <material>
   Вискоза
  </material>
  <price>
   527509
  </price>
  <rating>
   2.44
  </rating>
  <reviews>
   593556
  </reviews>
  <new>
   -
  </new>
  <exclusive>
   yes
  </exclusive>
 </clothing>
 <clothing>
  <id>
   219432624
  </id>
  <name>
   Adidas Belts O-1950
  </name>
  <category>
   Belts
  </category>
  <size>
   XXL
  </size>
  <color>
   Оранжевый
  </color>
  <material>
   Шелк
  </material>
  <price>
   482346
  </price>
  <rating>
   1.92
  </rating>
  <reviews>
   504726
  </reviews>
  <new>
   -
  </new>
  <sporty>
   no
  </sporty>
 </clothing>
 <clothing>
  <id>
   156713552
  </id>
  <name>
   Puma Socks B-7954
  </name>
  <category>
   Socks
  </category>
  <size>
   S
  </size>
  <color>
   Голубой
  </color>
  <material>
   Вискоза
  </material>
  <price>
   925045
  </price>
  <rating>
   2.78
  </rating>
  <reviews>
   419415
  </reviews>
  <new>
   +
  </new>
  <exclusive>
   no
  </exclusive>
 </clothing>
 <clothing>
  <id>
   803317189
  </id>
  <name>
   PleinSport Shirt D-1493
  </name>
  <category>
   Shirt
  </category>
  <size>
   S
  </size>
  <color>
   Красный
  </color>
  <material>
   Шелк
  </material>
  <price>
   955646
  </price>
  <rating>
   2.87
  </rating>
  <reviews>
   831782
  </reviews>
  <new>
   -
  </new>
  <sporty>
   yes
  </sporty>
 </clothing>
 <clothing>
  <id>
   591656358
  </id>
  <name>
   Lacoste Umbrellas T-3614
  </name>
  <category>
   Umbrellas
  </category>
  <size>
   XXL
  </size>
  <color>
   Синий
  </color>
  <material>
   Вискоза
  </material>
  <price>
   574366
  </price>
  <rating>
   3.54
  </rating>
  <reviews>
   124338
  </reviews>
 </clothing>
 <clothing>
  <id>
   216697550
  </id>
  <name>
   DC Dress W-3546
  </name>
  <category>
   Dress
  </category>
  <size>
   M
  </size>
  <color>
   Фиолетовый
  </color>
  <material>
   Хлопок
  </material>
  <price>
   410682
  </price>
  <rating>
   3.51
  </rating>
  <reviews>
   931574
  </reviews>
  <exclusive>
   yes
  </exclusive>
 </clothing>
 <clothing>
  <id>
   286467139
  </id>
  <name>
   DC Hat Z-5493
  </name>
  <category>
   Hat
  </category>
  <size>
   L
  </size>
  <color>
   Голубой
  </color>
  <material>
   Лен
  </material>
  <price>
   376786
  </price>
  <rating>
   3.18
  </rating>
  <reviews>
   481405
  </reviews>
  <exclusive>
   no
  </exclusive>
  <sporty>
   no
  </sporty>
 </clothing>
 <clothing>
  <id>
   141520802
  </id>
  <name>
   Converse Gloves E-2321
  </name>
  <category>
   Gloves
  </category>
  <size>
   S
  </size>
  <color>
   Оранжевый
  </color>
  <material>
   Шелк
  </material>
  <price>
   991923
  </price>
  <rating>
   1.02
  </rating>
  <reviews>
   881779
  </reviews>
  <new>
   -
  </new>
  <sporty>
   yes
  </sporty>
 </clothing>
 <clothing>
  <id>
   687134827
  </id>
  <name>
   Addidas Shirt A-1643
  </name>
  <category>
   Shirt
  </category>
  <size>
   XL
  </size>
  <color>
   Голубой
  </color>
  <material>
   Нейлон
  </material>
  <price>
   116534
  </price>
  <rating>
   2.41
  </rating>
  <reviews>
   603145
  </reviews>
  <sporty>
   yes
  </sporty>
 </clothing>
 <clothing>
  <id>
   816655016
  </id>
  <name>
   Addidas Umbrellas L-2826
  </name>
  <category>
   Umbrellas
  </category>
  <size>
   L
  </size>
  <color>
   Фиолетовый
  </color>
  <material>
   Шерсть
  </material>
  <price>
   515503
  </price>
  <rating>
   2.85
  </rating>
  <reviews>
   932917
  </reviews>
  <new>
   +
  </new>
  <exclusive>
   yes
  </exclusive>
 </clothing>
 <clothing>
  <id>
   695673153
  </id>
  <name>
   Under Armour Umbrellas M-3599
  </name>
  <category>
   Umbrellas
  </category>
  <size>
   S
  </size>
  <color>
   Фиолетовый
  </color>
  <material>
   Полиэстер
  </material>
  <price>
   434805
  </price>
  <rating>
   1.32
  </rating>
  <reviews>
   242362
  </reviews>
  <new>
   -
  </new>
  <sporty>
   no
  </sporty>
 </clothing>
 <clothing>
  <id>
   110108542
  </id>
  <name>
   Lacoste Dress F-6708
  </name>
  <category>
   Dress
  </category>
  <size>
   XXL
  </size>
  <color>
   Зеленый
  </color>
  <material>
   Шерсть
  </material>
  <price>
   413097
  </price>
  <rating>
   4.14
  </rating>
  <reviews>
   727543
  </reviews>
  <new>
   -
  </new>
  <sporty>
   no
  </sporty>
 </clothing>
 <clothing>
  <id>
   858415549
  </id>
  <name>
   Ellesse Jeans W-2710
  </name>
  <category>
   Jeans
  </category>
  <size>
   S
  </size>
  <color>
   Фиолетовый
  </color>
  <material>
   Кожа
  </material>
  <price>
   308413
  </price>
  <rating>
   3.94
  </rating>
  <reviews>
   924253
  </reviews>
  <new>
   +
  </new>
  <exclusive>
   no
  </exclusive>
  <sporty>
   yes
  </sporty>
 </clothing>
 <clothing>
  <id>
   259469713
  </id>
  <name>
   Adidas Hat F-8715
  </name>
  <category>
   Hat
  </category>
  <size>
   S
  </size>
  <color>
   Оранжевый
  </color>
  <material>
   Шелк
  </material>
  <price>
   421093
  </price>
  <rating>
   3.05
  </rating>
  <reviews>
   228473
  </reviews>
  <sporty>
   no
  </sporty>
 </clothing>
 <clothing>
  <id>
   867535711
  </id>
  <name>
   DC Hat X-1952
  </name>
  <category>
   Hat
  </category>
  <size>
   M
  </size>
  <color>
   Синий
  </color>
  <material>
   Нейлон
  </material>
  <price>
   316708
  </price>
  <rating>
   2.8
  </rating>
  <reviews>
   293218
  </reviews>
  <sporty>
   no
  </sporty>
 </clothing>
 <clothing>
  <id>
   287343913
  </id>
  <name>
   DC Skirt I-5805
  </name>
  <category>
   Skirt
  </category>
  <size>
   XL
  </size>
  <color>
   Оранжевый
  </color>
  <material>
   Шелк
  </material>
  <price>
   612106
  </price>
  <rating>
   2.41
  </rating>
  <reviews>
   227926
  </reviews>
  <new>
   -
  </new>
  <exclusive>
   yes
  </exclusive>
  <sporty>
   no
  </sporty>
 </clothing>
 <clothing>
  <id>
   104392218
  </id>
  <name>
   Vans Dress E-9265
  </name>
  <category>
   Dress
  </category>
  <size>
   XL
  </size>
  <color>
   Красный
  </color>
  <material>
   Полиэстер
  </material>
  <price>
   717800
  </price>
  <rating>
   4.84
  </rating>
  <reviews>
   799313
  </reviews>
  <sporty>
   no
  </sporty>
 </clothing>
 <clothing>
  <id>
   624337851
  </id>
  <name>
   Nike Skirt O-4453
  </name>
  <category>
   Skirt
  </category>
  <size>
   M
  </size>
  <color>
   Зеленый
  </color>
  <material>
   Вискоза
  </material>
  <price>
   838250
  </price>
  <rating>
   2.74
  </rating>
  <reviews>
   344255
  </reviews>
  <new>
   -
  </new>
  <sporty>
   yes
  </sporty>
 </clothing>
 <clothing>
  <id>
   981175798
  </id>
  <name>
   Adidas Socks E-5965
  </name>
  <category>
   Socks
  </category>
  <size>
   XL
  </size>
  <color>
   Желтый
  </color>
  <material>
   Шелк
  </material>
  <price>
   505894
  </price>
  <rating>
   3.41
  </rating>
  <reviews>
   870430
  </reviews>
  <new>
   +
  </new>
  <exclusive>
   yes
  </exclusive>
  <sporty>
   no
  </sporty>
 </clothing>
 <clothing>
  <id>
   369233084
  </id>
  <name>
   DC Shoes M-3226
  </name>
  <category>
   Shoes
  </category>
  <size>
   S
  </size>
  <color>
   Синий
  </color>
  <material>
   Шелк
  </material>
  <price>
   100483
  </price>
  <rating>
   4.96
  </rating>
  <reviews>
   793072
  </reviews>
  <exclusive>
   yes
  </exclusive>
 </clothing>
 <clothing>
  <id>
   596219873
  </id>
  <name>
   Addidas Jeans Z-1897
  </name>
  <category>
   Jeans
  </category>
  <size>
   L
  </size>
  <color>
   Оранжевый
  </color>
  <material>
   Лен
  </material>
  <price>
   594711
  </price>
  <rating>
   1.65
  </rating>
  <reviews>
   856542
  </reviews>
  <sporty>
   no
  </sporty>
 </clothing>
</clothing-items>
