<?xml version="1.0" encoding="utf-8"?>
<clothing-items>
 <clothing>
  <id>
   999617205
  </id>
  <name>
   Fila Shoes M-6390
  </name>
  <category>
   Shoes
  </category>
  <size>
   XXL
  </size>
  <color>
   Красный
  </color>
  <material>
   Шелк
  </material>
  <price>
   632000
  </price>
  <rating>
   3.77
  </rating>
  <reviews>
   461561
  </reviews>
  <new>
   -
  </new>
  <exclusive>
   yes
  </exclusive>
 </clothing>
 <clothing>
  <id>
   895357177
  </id>
  <name>
   Asics Socks D-9109
  </name>
  <category>
   Socks
  </category>
  <size>
   S
  </size>
  <color>
   Синий
  </color>
  <material>
   Лен
  </material>
  <price>
   784459
  </price>
  <rating>
   2.31
  </rating>
  <reviews>
   381822
  </reviews>
  <exclusive>
   yes
  </exclusive>
 </clothing>
 <clothing>
  <id>
   975744618
  </id>
  <name>
   Vans Hat K-1763
  </name>
  <category>
   Hat
  </category>
  <size>
   XL
  </size>
  <color>
   Голубой
  </color>
  <material>
   Нейлон
  </material>
  <price>
   459148
  </price>
  <rating>
   1.82
  </rating>
  <reviews>
   939748
  </reviews>
  <new>
   +
  </new>
  <sporty>
   no
  </sporty>
 </clothing>
 <clothing>
  <id>
   617604724
  </id>
  <name>
   Reebok Sweater D-5504
  </name>
  <category>
   Sweater
  </category>
  <size>
   S
  </size>
  <color>
   Синий
  </color>
  <material>
   Вискоза
  </material>
  <price>
   121067
  </price>
  <rating>
   3.11
  </rating>
  <reviews>
   749794
  </reviews>
  <sporty>
   no
  </sporty>
 </clothing>
 <clothing>
  <id>
   413046028
  </id>
  <name>
   Vans Skirt J-3336
  </name>
  <category>
   Skirt
  </category>
  <size>
   XXL
  </size>
  <color>
   Голубой
  </color>
  <material>
   Кожа
  </material>
  <price>
   801996
  </price>
  <rating>
   4.34
  </rating>
  <reviews>
   524910
  </reviews>
  <new>
   -
  </new>
  <exclusive>
   yes
  </exclusive>
  <sporty>
   no
  </sporty>
 </clothing>
 <clothing>
  <id>
   825505178
  </id>
  <name>
   Nike Skirt W-5402
  </name>
  <category>
   Skirt
  </category>
  <size>
   M
  </size>
  <color>
   Оранжевый
  </color>
  <material>
   Хлопок
  </material>
  <price>
   594367
  </price>
  <rating>
   2.4
  </rating>
  <reviews>
   496684
  </reviews>
 </clothing>
 <clothing>
  <id>
   336603617
  </id>
  <name>
   Ellesse Shoes Z-9378
  </name>
  <category>
   Shoes
  </category>
  <size>
   XXL
  </size>
  <color>
   Оранжевый
  </color>
  <material>
   Вискоза
  </material>
  <price>
   257447
  </price>
  <rating>
   4.07
  </rating>
  <reviews>
   610734
  </reviews>
  <sporty>
   no
  </sporty>
 </clothing>
 <clothing>
  <id>
   739733812
  </id>
  <name>
   Vans Jeans F-2875
  </name>
  <category>
   Jeans
  </category>
  <size>
   M
  </size>
  <color>
   Голубой
  </color>
  <material>
   Шерсть
  </material>
  <price>
   318052
  </price>
  <rating>
   1.86
  </rating>
  <reviews>
   365744
  </reviews>
  <new>
   -
  </new>
  <sporty>
   no
  </sporty>
 </clothing>
 <clothing>
  <id>
   610374944
  </id>
  <name>
   Reebok Jeans T-7883
  </name>
  <category>
   Jeans
  </category>
  <size>
   M
  </size>
  <color>
   Синий
  </color>
  <material>
   Хлопок
  </material>
  <price>
   574254
  </price>
  <rating>
   3.37
  </rating>
  <reviews>
   326456
  </reviews>
  <sporty>
   no
  </sporty>
 </clothing>
 <clothing>
  <id>
   822324724
  </id>
  <name>
   Fila Gloves U-1451
  </name>
  <category>
   Gloves
  </category>
  <size>
   XL
  </size>
  <color>
   Красный
  </color>
  <material>
   Полиэстер
  </material>
  <price>
   143944
  </price>
  <rating>
   1.75
  </rating>
  <reviews>
   920703
  </reviews>
  <sporty>
   no
  </sporty>
 </clothing>
 <clothing>
  <id>
   308957057
  </id>
  <name>
   PleinSport Jeans F-5306
  </name>
  <category>
   Jeans
  </category>
  <size>
   XL
  </size>
  <color>
   Фиолетовый
  </color>
  <material>
   Хлопок
  </material>
  <price>
   894117
  </price>
  <rating>
   2.04
  </rating>
  <reviews>
   416298
  </reviews>
  <new>
   +
  </new>
 </clothing>
 <clothing>
  <id>
   352578360
  </id>
  <name>
   Under Armour Blouse P-9169
  </name>
  <category>
   Blouse
  </category>
  <size>
   S
  </size>
  <color>
   Желтый
  </color>
  <material>
   Шелк
  </material>
  <price>
   527251
  </price>
  <rating>
   3.22
  </rating>
  <reviews>
   210568
  </reviews>
  <sporty>
   no
  </sporty>
 </clothing>
</clothing-items>
