<?xml version="1.0" encoding="utf-8"?>
<clothing-items>
 <clothing>
  <id>
   786450839
  </id>
  <name>
   Adidas Jeans E-1890
  </name>
  <category>
   Jeans
  </category>
  <size>
   XL
  </size>
  <color>
   Синий
  </color>
  <material>
   Полиэстер
  </material>
  <price>
   839806
  </price>
  <rating>
   2.5
  </rating>
  <reviews>
   851738
  </reviews>
  <new>
   +
  </new>
 </clothing>
 <clothing>
  <id>
   589823168
  </id>
  <name>
   Ellesse Jacket F-6514
  </name>
  <category>
   Jacket
  </category>
  <size>
   S
  </size>
  <color>
   Оранжевый
  </color>
  <material>
   Вискоза
  </material>
  <price>
   721384
  </price>
  <rating>
   2.31
  </rating>
  <reviews>
   526726
  </reviews>
  <new>
   -
  </new>
  <exclusive>
   no
  </exclusive>
  <sporty>
   no
  </sporty>
 </clothing>
 <clothing>
  <id>
   465232612
  </id>
  <name>
   Lacoste T-shirt R-1746
  </name>
  <category>
   T-shirt
  </category>
  <size>
   L
  </size>
  <color>
   Голубой
  </color>
  <material>
   Полиэстер
  </material>
  <price>
   962922
  </price>
  <rating>
   2.39
  </rating>
  <reviews>
   50879
  </reviews>
  <new>
   -
  </new>
  <exclusive>
   no
  </exclusive>
  <sporty>
   yes
  </sporty>
 </clothing>
 <clothing>
  <id>
   725105456
  </id>
  <name>
   Puma Umbrellas U-9595
  </name>
  <category>
   Umbrellas
  </category>
  <size>
   XXL
  </size>
  <color>
   Красный
  </color>
  <material>
   Шелк
  </material>
  <price>
   118870
  </price>
  <rating>
   4.97
  </rating>
  <reviews>
   393458
  </reviews>
  <exclusive>
   yes
  </exclusive>
 </clothing>
 <clothing>
  <id>
   839517206
  </id>
  <name>
   Asics Umbrellas I-2076
  </name>
  <category>
   Umbrellas
  </category>
  <size>
   L
  </size>
  <color>
   Желтый
  </color>
  <material>
   Вискоза
  </material>
  <price>
   911217
  </price>
  <rating>
   2.06
  </rating>
  <reviews>
   118416
  </reviews>
  <exclusive>
   yes
  </exclusive>
  <sporty>
   yes
  </sporty>
 </clothing>
 <clothing>
  <id>
   838479643
  </id>
  <name>
   DC Pants Z-3656
  </name>
  <category>
   Pants
  </category>
  <size>
   L
  </size>
  <color>
   Голубой
  </color>
  <material>
   Лен
  </material>
  <price>
   706506
  </price>
  <rating>
   2.25
  </rating>
  <reviews>
   344855
  </reviews>
  <new>
   +
  </new>
  <exclusive>
   yes
  </exclusive>
  <sporty>
   no
  </sporty>
 </clothing>
 <clothing>
  <id>
   700654671
  </id>
  <name>
   Reebok Skirt R-4073
  </name>
  <category>
   Skirt
  </category>
  <size>
   XXL
  </size>
  <color>
   Оранжевый
  </color>
  <material>
   Шелк
  </material>
  <price>
   285286
  </price>
  <rating>
   3.48
  </rating>
  <reviews>
   696641
  </reviews>
  <exclusive>
   yes
  </exclusive>
 </clothing>
 <clothing>
  <id>
   253190109
  </id>
  <name>
   Ellesse Jeans B-7112
  </name>
  <category>
   Jeans
  </category>
  <size>
   XL
  </size>
  <color>
   Красный
  </color>
  <material>
   Вискоза
  </material>
  <price>
   410955
  </price>
  <rating>
   1.01
  </rating>
  <reviews>
   848311
  </reviews>
  <new>
   -
  </new>
  <exclusive>
   yes
  </exclusive>
  <sporty>
   yes
  </sporty>
 </clothing>
 <clothing>
  <id>
   285678805
  </id>
  <name>
   Puma Gloves K-5327
  </name>
  <category>
   Gloves
  </category>
  <size>
   M
  </size>
  <color>
   Голубой
  </color>
  <material>
   Вискоза
  </material>
  <price>
   557994
  </price>
  <rating>
   2.2
  </rating>
  <reviews>
   746143
  </reviews>
  <new>
   -
  </new>
  <exclusive>
   no
  </exclusive>
  <sporty>
   yes
  </sporty>
 </clothing>
 <clothing>
  <id>
   379310952
  </id>
  <name>
   Adidas Skirt D-5280
  </name>
  <category>
   Skirt
  </category>
  <size>
   L
  </size>
  <color>
   Зеленый
  </color>
  <material>
   Шелк
  </material>
  <price>
   385157
  </price>
  <rating>
   2.36
  </rating>
  <reviews>
   326399
  </reviews>
  <exclusive>
   yes
  </exclusive>
 </clothing>
 <clothing>
  <id>
   351387824
  </id>
  <name>
   Under Armour Umbrellas L-2128
  </name>
  <category>
   Umbrellas
  </category>
  <size>
   XL
  </size>
  <color>
   Фиолетовый
  </color>
  <material>
   Кожа
  </material>
  <price>
   388947
  </price>
  <rating>
   2.62
  </rating>
  <reviews>
   795623
  </reviews>
  <exclusive>
   no
  </exclusive>
  <sporty>
   no
  </sporty>
 </clothing>
 <clothing>
  <id>
   931398220
  </id>
  <name>
   Brooks Pants W-1790
  </name>
  <category>
   Pants
  </category>
  <size>
   XL
  </size>
  <color>
   Красный
  </color>
  <material>
   Вискоза
  </material>
  <price>
   953244
  </price>
  <rating>
   1.74
  </rating>
  <reviews>
   554996
  </reviews>
  <new>
   -
  </new>
  <exclusive>
   no
  </exclusive>
  <sporty>
   yes
  </sporty>
 </clothing>
 <clothing>
  <id>
   229415767
  </id>
  <name>
   PleinSport Hat S-1145
  </name>
  <category>
   Hat
  </category>
  <size>
   XXL
  </size>
  <color>
   Оранжевый
  </color>
  <material>
   Вискоза
  </material>
  <price>
   870955
  </price>
  <rating>
   4.84
  </rating>
  <reviews>
   15682
  </reviews>
  <new>
   -
  </new>
  <exclusive>
   no
  </exclusive>
  <sporty>
   yes
  </sporty>
 </clothing>
 <clothing>
  <id>
   171273322
  </id>
  <name>
   Adidas Gloves E-9875
  </name>
  <category>
   Gloves
  </category>
  <size>
   XXL
  </size>
  <color>
   Красный
  </color>
  <material>
   Кожа
  </material>
  <price>
   641767
  </price>
  <rating>
   1.96
  </rating>
  <reviews>
   486444
  </reviews>
  <new>
   +
  </new>
  <sporty>
   no
  </sporty>
 </clothing>
 <clothing>
  <id>
   492544803
  </id>
  <name>
   Reebok Pants H-9680
  </name>
  <category>
   Pants
  </category>
  <size>
   XXL
  </size>
  <color>
   Зеленый
  </color>
  <material>
   Нейлон
  </material>
  <price>
   840951
  </price>
  <rating>
   3.64
  </rating>
  <reviews>
   919651
  </reviews>
  <exclusive>
   yes
  </exclusive>
  <sporty>
   no
  </sporty>
 </clothing>
 <clothing>
  <id>
   665021511
  </id>
  <name>
   Nike Shirt F-5483
  </name>
  <category>
   Shirt
  </category>
  <size>
   L
  </size>
  <color>
   Синий
  </color>
  <material>
   Нейлон
  </material>
  <price>
   289569
  </price>
  <rating>
   1.93
  </rating>
  <reviews>
   836432
  </reviews>
  <new>
   -
  </new>
  <exclusive>
   no
  </exclusive>
  <sporty>
   no
  </sporty>
 </clothing>
 <clothing>
  <id>
   771049450
  </id>
  <name>
   Lacoste Handbags P-3276
  </name>
  <category>
   Handbags
  </category>
  <size>
   M
  </size>
  <color>
   Синий
  </color>
  <material>
   Хлопок
  </material>
  <price>
   240998
  </price>
  <rating>
   1.3
  </rating>
  <reviews>
   458929
  </reviews>
  <new>
   -
  </new>
 </clothing>
 <clothing>
  <id>
   801230965
  </id>
  <name>
   Puma Handbags F-4692
  </name>
  <category>
   Handbags
  </category>
  <size>
   XXL
  </size>
  <color>
   Оранжевый
  </color>
  <material>
   Шелк
  </material>
  <price>
   863084
  </price>
  <rating>
   3.56
  </rating>
  <reviews>
   461517
  </reviews>
  <exclusive>
   no
  </exclusive>
  <sporty>
   yes
  </sporty>
 </clothing>
 <clothing>
  <id>
   237892770
  </id>
  <name>
   PleinSport Blouse K-4258
  </name>
  <category>
   Blouse
  </category>
  <size>
   XXL
  </size>
  <color>
   Синий
  </color>
  <material>
   Хлопок
  </material>
  <price>
   113725
  </price>
  <rating>
   1.85
  </rating>
  <reviews>
   692121
  </reviews>
  <new>
   +
  </new>
  <exclusive>
   no
  </exclusive>
  <sporty>
   no
  </sporty>
 </clothing>
 <clothing>
  <id>
   510120909
  </id>
  <name>
   Reebok Shoes M-4069
  </name>
  <category>
   Shoes
  </category>
  <size>
   XXL
  </size>
  <color>
   Синий
  </color>
  <material>
   Лен
  </material>
  <price>
   545846
  </price>
  <rating>
   4.02
  </rating>
  <reviews>
   67120
  </reviews>
  <new>
   -
  </new>
  <exclusive>
   no
  </exclusive>
  <sporty>
   yes
  </sporty>
 </clothing>
 <clothing>
  <id>
   960511064
  </id>
  <name>
   DC Sweater B-1731
  </name>
  <category>
   Sweater
  </category>
  <size>
   XL
  </size>
  <color>
   Синий
  </color>
  <material>
   Хлопок
  </material>
  <price>
   931446
  </price>
  <rating>
   2.85
  </rating>
  <reviews>
   790118
  </reviews>
  <exclusive>
   no
  </exclusive>
  <sporty>
   no
  </sporty>
 </clothing>
 <clothing>
  <id>
   291580120
  </id>
  <name>
   Adidas Umbrellas C-1760
  </name>
  <category>
   Umbrellas
  </category>
  <size>
   XL
  </size>
  <color>
   Голубой
  </color>
  <material>
   Хлопок
  </material>
  <price>
   782837
  </price>
  <rating>
   4.56
  </rating>
  <reviews>
   332274
  </reviews>
 </clothing>
</clothing-items>
