<?xml version="1.0" encoding="utf-8"?>
<clothing-items>
 <clothing>
  <id>
   731137569
  </id>
  <name>
   Addidas Sweater U-6722
  </name>
  <category>
   Sweater
  </category>
  <size>
   M
  </size>
  <color>
   Голубой
  </color>
  <material>
   Вискоза
  </material>
  <price>
   197108
  </price>
  <rating>
   4.53
  </rating>
  <reviews>
   406187
  </reviews>
  <new>
   -
  </new>
  <exclusive>
   yes
  </exclusive>
  <sporty>
   no
  </sporty>
 </clothing>
 <clothing>
  <id>
   782567347
  </id>
  <name>
   Addidas Dress H-6202
  </name>
  <category>
   Dress
  </category>
  <size>
   S
  </size>
  <color>
   Голубой
  </color>
  <material>
   Шелк
  </material>
  <price>
   206695
  </price>
  <rating>
   4.68
  </rating>
  <reviews>
   368736
  </reviews>
  <new>
   +
  </new>
  <sporty>
   no
  </sporty>
 </clothing>
 <clothing>
  <id>
   284403085
  </id>
  <name>
   Lacoste Socks J-1644
  </name>
  <category>
   Socks
  </category>
  <size>
   S
  </size>
  <color>
   Синий
  </color>
  <material>
   Кожа
  </material>
  <price>
   791990
  </price>
  <rating>
   2.19
  </rating>
  <reviews>
   343470
  </reviews>
  <exclusive>
   no
  </exclusive>
  <sporty>
   yes
  </sporty>
 </clothing>
 <clothing>
  <id>
   743462226
  </id>
  <name>
   Under Armour Umbrellas C-8793
  </name>
  <category>
   Umbrellas
  </category>
  <size>
   M
  </size>
  <color>
   Синий
  </color>
  <material>
   Шелк
  </material>
  <price>
   205753
  </price>
  <rating>
   4.87
  </rating>
  <reviews>
   461462
  </reviews>
  <new>
   +
  </new>
  <sporty>
   no
  </sporty>
 </clothing>
 <clothing>
  <id>
   661786680
  </id>
  <name>
   Ellesse Blouse H-1613
  </name>
  <category>
   Blouse
  </category>
  <size>
   M
  </size>
  <color>
   Зеленый
  </color>
  <material>
   Нейлон
  </material>
  <price>
   630703
  </price>
  <rating>
   4.0
  </rating>
  <reviews>
   295437
  </reviews>
  <new>
   +
  </new>
 </clothing>
 <clothing>
  <id>
   581544797
  </id>
  <name>
   Ellesse Blouse K-7527
  </name>
  <category>
   Blouse
  </category>
  <size>
   XL
  </size>
  <color>
   Синий
  </color>
  <material>
   Вискоза
  </material>
  <price>
   717217
  </price>
  <rating>
   3.99
  </rating>
  <reviews>
   250230
  </reviews>
  <exclusive>
   yes
  </exclusive>
  <sporty>
   no
  </sporty>
 </clothing>
 <clothing>
  <id>
   400447587
  </id>
  <name>
   Reebok Handbags J-5373
  </name>
  <category>
   Handbags
  </category>
  <size>
   XL
  </size>
  <color>
   Синий
  </color>
  <material>
   Шелк
  </material>
  <price>
   969347
  </price>
  <rating>
   3.05
  </rating>
  <reviews>
   191521
  </reviews>
  <new>
   +
  </new>
  <exclusive>
   no
  </exclusive>
 </clothing>
 <clothing>
  <id>
   629877154
  </id>
  <name>
   Ellesse Jacket H-6772
  </name>
  <category>
   Jacket
  </category>
  <size>
   XL
  </size>
  <color>
   Желтый
  </color>
  <material>
   Хлопок
  </material>
  <price>
   154703
  </price>
  <rating>
   3.5
  </rating>
  <reviews>
   737349
  </reviews>
  <new>
   +
  </new>
 </clothing>
 <clothing>
  <id>
   599838353
  </id>
  <name>
   Brooks Jacket X-7096
  </name>
  <category>
   Jacket
  </category>
  <size>
   L
  </size>
  <color>
   Фиолетовый
  </color>
  <material>
   Лен
  </material>
  <price>
   859054
  </price>
  <rating>
   3.64
  </rating>
  <reviews>
   864180
  </reviews>
  <new>
   +
  </new>
  <exclusive>
   no
  </exclusive>
 </clothing>
 <clothing>
  <id>
   593440816
  </id>
  <name>
   Converse Jeans D-6935
  </name>
  <category>
   Jeans
  </category>
  <size>
   XL
  </size>
  <color>
   Фиолетовый
  </color>
  <material>
   Кожа
  </material>
  <price>
   281774
  </price>
  <rating>
   2.55
  </rating>
  <reviews>
   721000
  </reviews>
  <new>
   +
  </new>
  <exclusive>
   yes
  </exclusive>
  <sporty>
   no
  </sporty>
 </clothing>
 <clothing>
  <id>
   992382054
  </id>
  <name>
   New Balance Dress Y-2270
  </name>
  <category>
   Dress
  </category>
  <size>
   S
  </size>
  <color>
   Красный
  </color>
  <material>
   Шелк
  </material>
  <price>
   100196
  </price>
  <rating>
   1.15
  </rating>
  <reviews>
   673957
  </reviews>
  <new>
   +
  </new>
  <exclusive>
   yes
  </exclusive>
  <sporty>
   no
  </sporty>
 </clothing>
 <clothing>
  <id>
   313926795
  </id>
  <name>
   DC Belts H-4840
  </name>
  <category>
   Belts
  </category>
  <size>
   L
  </size>
  <color>
   Синий
  </color>
  <material>
   Нейлон
  </material>
  <price>
   622354
  </price>
  <rating>
   4.23
  </rating>
  <reviews>
   992914
  </reviews>
  <sporty>
   no
  </sporty>
 </clothing>
 <clothing>
  <id>
   403931921
  </id>
  <name>
   Asics T-shirt T-1500
  </name>
  <category>
   T-shirt
  </category>
  <size>
   XL
  </size>
  <color>
   Синий
  </color>
  <material>
   Нейлон
  </material>
  <price>
   878403
  </price>
  <rating>
   3.29
  </rating>
  <reviews>
   351466
  </reviews>
  <new>
   +
  </new>
  <exclusive>
   no
  </exclusive>
  <sporty>
   no
  </sporty>
 </clothing>
 <clothing>
  <id>
   148909674
  </id>
  <name>
   Asics Sweater W-9285
  </name>
  <category>
   Sweater
  </category>
  <size>
   L
  </size>
  <color>
   Желтый
  </color>
  <material>
   Хлопок
  </material>
  <price>
   583811
  </price>
  <rating>
   1.34
  </rating>
  <reviews>
   830916
  </reviews>
  <new>
   -
  </new>
  <sporty>
   no
  </sporty>
 </clothing>
 <clothing>
  <id>
   453917175
  </id>
  <name>
   Nike Skirt E-5869
  </name>
  <category>
   Skirt
  </category>
  <size>
   XL
  </size>
  <color>
   Красный
  </color>
  <material>
   Хлопок
  </material>
  <price>
   213772
  </price>
  <rating>
   2.7
  </rating>
  <reviews>
   931387
  </reviews>
  <new>
   +
  </new>
 </clothing>
 <clothing>
  <id>
   805967610
  </id>
  <name>
   Asics Shoes U-8977
  </name>
  <category>
   Shoes
  </category>
  <size>
   S
  </size>
  <color>
   Желтый
  </color>
  <material>
   Кожа
  </material>
  <price>
   821830
  </price>
  <rating>
   2.2
  </rating>
  <reviews>
   958482
  </reviews>
  <exclusive>
   no
  </exclusive>
  <sporty>
   yes
  </sporty>
 </clothing>
 <clothing>
  <id>
   299481234
  </id>
  <name>
   New Balance Dress S-9970
  </name>
  <category>
   Dress
  </category>
  <size>
   L
  </size>
  <color>
   Синий
  </color>
  <material>
   Вискоза
  </material>
  <price>
   122153
  </price>
  <rating>
   3.72
  </rating>
  <reviews>
   946301
  </reviews>
  <new>
   +
  </new>
  <sporty>
   no
  </sporty>
 </clothing>
 <clothing>
  <id>
   459604506
  </id>
  <name>
   Fila Blouse V-2787
  </name>
  <category>
   Blouse
  </category>
  <size>
   S
  </size>
  <color>
   Зеленый
  </color>
  <material>
   Шерсть
  </material>
  <price>
   535551
  </price>
  <rating>
   3.46
  </rating>
  <reviews>
   247770
  </reviews>
  <new>
   -
  </new>
  <exclusive>
   yes
  </exclusive>
  <sporty>
   no
  </sporty>
 </clothing>
 <clothing>
  <id>
   950610699
  </id>
  <name>
   Lacoste Shoes A-3209
  </name>
  <category>
   Shoes
  </category>
  <size>
   XL
  </size>
  <color>
   Зеленый
  </color>
  <material>
   Шелк
  </material>
  <price>
   102496
  </price>
  <rating>
   2.47
  </rating>
  <reviews>
   602246
  </reviews>
  <exclusive>
   yes
  </exclusive>
 </clothing>
 <clothing>
  <id>
   724809939
  </id>
  <name>
   Adidas Pants G-6235
  </name>
  <category>
   Pants
  </category>
  <size>
   M
  </size>
  <color>
   Желтый
  </color>
  <material>
   Нейлон
  </material>
  <price>
   449993
  </price>
  <rating>
   1.39
  </rating>
  <reviews>
   169053
  </reviews>
  <sporty>
   no
  </sporty>
 </clothing>
</clothing-items>
