<?xml version="1.0" encoding="utf-8"?>
<clothing-items>
 <clothing>
  <id>
   721944545
  </id>
  <name>
   Puma Gloves G-5998
  </name>
  <category>
   Gloves
  </category>
  <size>
   S
  </size>
  <color>
   Голубой
  </color>
  <material>
   Шелк
  </material>
  <price>
   689097
  </price>
  <rating>
   1.06
  </rating>
  <reviews>
   202276
  </reviews>
  <new>
   -
  </new>
  <exclusive>
   no
  </exclusive>
 </clothing>
 <clothing>
  <id>
   486897920
  </id>
  <name>
   Adidas Hat F-3370
  </name>
  <category>
   Hat
  </category>
  <size>
   XL
  </size>
  <color>
   Фиолетовый
  </color>
  <material>
   Шелк
  </material>
  <price>
   650342
  </price>
  <rating>
   1.71
  </rating>
  <reviews>
   559607
  </reviews>
  <new>
   -
  </new>
  <exclusive>
   yes
  </exclusive>
  <sporty>
   yes
  </sporty>
 </clothing>
 <clothing>
  <id>
   411438881
  </id>
  <name>
   New Balance Sweater L-5101
  </name>
  <category>
   Sweater
  </category>
  <size>
   S
  </size>
  <color>
   Голубой
  </color>
  <material>
   Лен
  </material>
  <price>
   780765
  </price>
  <rating>
   2.19
  </rating>
  <reviews>
   939109
  </reviews>
  <exclusive>
   no
  </exclusive>
  <sporty>
   no
  </sporty>
 </clothing>
 <clothing>
  <id>
   104812667
  </id>
  <name>
   Nike Sweater S-6348
  </name>
  <category>
   Sweater
  </category>
  <size>
   XXL
  </size>
  <color>
   Голубой
  </color>
  <material>
   Лен
  </material>
  <price>
   476063
  </price>
  <rating>
   2.71
  </rating>
  <reviews>
   311728
  </reviews>
  <new>
   -
  </new>
  <sporty>
   yes
  </sporty>
 </clothing>
 <clothing>
  <id>
   508710743
  </id>
  <name>
   DC Jacket F-5732
  </name>
  <category>
   Jacket
  </category>
  <size>
   M
  </size>
  <color>
   Желтый
  </color>
  <material>
   Шелк
  </material>
  <price>
   398282
  </price>
  <rating>
   3.3
  </rating>
  <reviews>
   174071
  </reviews>
  <new>
   +
  </new>
  <exclusive>
   no
  </exclusive>
  <sporty>
   no
  </sporty>
 </clothing>
 <clothing>
  <id>
   741225344
  </id>
  <name>
   Nike Socks Q-1140
  </name>
  <category>
   Socks
  </category>
  <size>
   L
  </size>
  <color>
   Желтый
  </color>
  <material>
   Полиэстер
  </material>
  <price>
   610302
  </price>
  <rating>
   3.26
  </rating>
  <reviews>
   440910
  </reviews>
  <new>
   +
  </new>
  <exclusive>
   no
  </exclusive>
  <sporty>
   no
  </sporty>
 </clothing>
 <clothing>
  <id>
   369480803
  </id>
  <name>
   Fila Umbrellas D-1031
  </name>
  <category>
   Umbrellas
  </category>
  <size>
   M
  </size>
  <color>
   Фиолетовый
  </color>
  <material>
   Лен
  </material>
  <price>
   492967
  </price>
  <rating>
   4.35
  </rating>
  <reviews>
   974099
  </reviews>
  <new>
   -
  </new>
  <sporty>
   no
  </sporty>
 </clothing>
 <clothing>
  <id>
   464306201
  </id>
  <name>
   Converse Shirt L-7432
  </name>
  <category>
   Shirt
  </category>
  <size>
   L
  </size>
  <color>
   Зеленый
  </color>
  <material>
   Вискоза
  </material>
  <price>
   581405
  </price>
  <rating>
   3.14
  </rating>
  <reviews>
   708905
  </reviews>
  <new>
   +
  </new>
  <sporty>
   no
  </sporty>
 </clothing>
 <clothing>
  <id>
   944015062
  </id>
  <name>
   Lacoste Handbags Z-6384
  </name>
  <category>
   Handbags
  </category>
  <size>
   S
  </size>
  <color>
   Красный
  </color>
  <material>
   Кожа
  </material>
  <price>
   132637
  </price>
  <rating>
   1.77
  </rating>
  <reviews>
   769975
  </reviews>
  <new>
   +
  </new>
  <sporty>
   no
  </sporty>
 </clothing>
 <clothing>
  <id>
   150208157
  </id>
  <name>
   Puma Skirt S-9354
  </name>
  <category>
   Skirt
  </category>
  <size>
   XXL
  </size>
  <color>
   Голубой
  </color>
  <material>
   Шелк
  </material>
  <price>
   484570
  </price>
  <rating>
   2.69
  </rating>
  <reviews>
   900245
  </reviews>
  <sporty>
   no
  </sporty>
 </clothing>
 <clothing>
  <id>
   861131801
  </id>
  <name>
   Puma Jeans S-1219
  </name>
  <category>
   Jeans
  </category>
  <size>
   L
  </size>
  <color>
   Красный
  </color>
  <material>
   Полиэстер
  </material>
  <price>
   590198
  </price>
  <rating>
   1.81
  </rating>
  <reviews>
   524944
  </reviews>
  <new>
   -
  </new>
  <exclusive>
   yes
  </exclusive>
  <sporty>
   no
  </sporty>
 </clothing>
 <clothing>
  <id>
   326307312
  </id>
  <name>
   Brooks Sweater M-6991
  </name>
  <category>
   Sweater
  </category>
  <size>
   XL
  </size>
  <color>
   Оранжевый
  </color>
  <material>
   Нейлон
  </material>
  <price>
   939251
  </price>
  <rating>
   1.7
  </rating>
  <reviews>
   665937
  </reviews>
  <new>
   -
  </new>
  <exclusive>
   no
  </exclusive>
  <sporty>
   no
  </sporty>
 </clothing>
 <clothing>
  <id>
   578517481
  </id>
  <name>
   Nike Belts X-1867
  </name>
  <category>
   Belts
  </category>
  <size>
   L
  </size>
  <color>
   Синий
  </color>
  <material>
   Шерсть
  </material>
  <price>
   896775
  </price>
  <rating>
   4.3
  </rating>
  <reviews>
   153278
  </reviews>
  <new>
   +
  </new>
  <exclusive>
   yes
  </exclusive>
  <sporty>
   no
  </sporty>
 </clothing>
 <clothing>
  <id>
   237257866
  </id>
  <name>
   Asics Umbrellas Z-3154
  </name>
  <category>
   Umbrellas
  </category>
  <size>
   XXL
  </size>
  <color>
   Фиолетовый
  </color>
  <material>
   Кожа
  </material>
  <price>
   828721
  </price>
  <rating>
   4.79
  </rating>
  <reviews>
   283028
  </reviews>
  <new>
   -
  </new>
  <exclusive>
   no
  </exclusive>
  <sporty>
   no
  </sporty>
 </clothing>
 <clothing>
  <id>
   272327621
  </id>
  <name>
   Vans Jeans V-9909
  </name>
  <category>
   Jeans
  </category>
  <size>
   L
  </size>
  <color>
   Оранжевый
  </color>
  <material>
   Лен
  </material>
  <price>
   595048
  </price>
  <rating>
   4.08
  </rating>
  <reviews>
   916121
  </reviews>
  <new>
   +
  </new>
  <exclusive>
   yes
  </exclusive>
 </clothing>
 <clothing>
  <id>
   899022890
  </id>
  <name>
   Fila Handbags C-2254
  </name>
  <category>
   Handbags
  </category>
  <size>
   XXL
  </size>
  <color>
   Голубой
  </color>
  <material>
   Нейлон
  </material>
  <price>
   216974
  </price>
  <rating>
   2.63
  </rating>
  <reviews>
   287400
  </reviews>
  <new>
   +
  </new>
 </clothing>
 <clothing>
  <id>
   628868145
  </id>
  <name>
   Lacoste Shirt M-1506
  </name>
  <category>
   Shirt
  </category>
  <size>
   L
  </size>
  <color>
   Фиолетовый
  </color>
  <material>
   Шерсть
  </material>
  <price>
   306346
  </price>
  <rating>
   1.16
  </rating>
  <reviews>
   927358
  </reviews>
  <new>
   -
  </new>
  <exclusive>
   yes
  </exclusive>
 </clothing>
 <clothing>
  <id>
   985881209
  </id>
  <name>
   Puma Dress H-6424
  </name>
  <category>
   Dress
  </category>
  <size>
   L
  </size>
  <color>
   Голубой
  </color>
  <material>
   Кожа
  </material>
  <price>
   576125
  </price>
  <rating>
   2.81
  </rating>
  <reviews>
   973971
  </reviews>
  <exclusive>
   yes
  </exclusive>
 </clothing>
 <clothing>
  <id>
   773461010
  </id>
  <name>
   Puma Belts A-4483
  </name>
  <category>
   Belts
  </category>
  <size>
   M
  </size>
  <color>
   Желтый
  </color>
  <material>
   Полиэстер
  </material>
  <price>
   903643
  </price>
  <rating>
   2.16
  </rating>
  <reviews>
   360392
  </reviews>
  <exclusive>
   yes
  </exclusive>
 </clothing>
 <clothing>
  <id>
   981306051
  </id>
  <name>
   Adidas T-shirt E-7069
  </name>
  <category>
   T-shirt
  </category>
  <size>
   XL
  </size>
  <color>
   Зеленый
  </color>
  <material>
   Хлопок
  </material>
  <price>
   352774
  </price>
  <rating>
   4.76
  </rating>
  <reviews>
   835041
  </reviews>
  <exclusive>
   no
  </exclusive>
  <sporty>
   no
  </sporty>
 </clothing>
 <clothing>
  <id>
   625351065
  </id>
  <name>
   Vans Jacket P-7553
  </name>
  <category>
   Jacket
  </category>
  <size>
   M
  </size>
  <color>
   Фиолетовый
  </color>
  <material>
   Вискоза
  </material>
  <price>
   204956
  </price>
  <rating>
   1.3
  </rating>
  <reviews>
   560548
  </reviews>
  <new>
   +
  </new>
  <sporty>
   yes
  </sporty>
 </clothing>
 <clothing>
  <id>
   485618336
  </id>
  <name>
   Fila Shoes Z-1031
  </name>
  <category>
   Shoes
  </category>
  <size>
   XL
  </size>
  <color>
   Оранжевый
  </color>
  <material>
   Шерсть
  </material>
  <price>
   442003
  </price>
  <rating>
   2.41
  </rating>
  <reviews>
   202650
  </reviews>
  <new>
   -
  </new>
 </clothing>
 <clothing>
  <id>
   194763482
  </id>
  <name>
   New Balance Skirt P-7642
  </name>
  <category>
   Skirt
  </category>
  <size>
   XL
  </size>
  <color>
   Оранжевый
  </color>
  <material>
   Хлопок
  </material>
  <price>
   668371
  </price>
  <rating>
   3.49
  </rating>
  <reviews>
   27128
  </reviews>
  <sporty>
   yes
  </sporty>
 </clothing>
 <clothing>
  <id>
   748130653
  </id>
  <name>
   Addidas Sweater R-5911
  </name>
  <category>
   Sweater
  </category>
  <size>
   S
  </size>
  <color>
   Красный
  </color>
  <material>
   Шелк
  </material>
  <price>
   332962
  </price>
  <rating>
   1.26
  </rating>
  <reviews>
   171988
  </reviews>
  <new>
   -
  </new>
 </clothing>
 <clothing>
  <id>
   565400083
  </id>
  <name>
   Nike Shoes Z-1092
  </name>
  <category>
   Shoes
  </category>
  <size>
   L
  </size>
  <color>
   Фиолетовый
  </color>
  <material>
   Нейлон
  </material>
  <price>
   901742
  </price>
  <rating>
   2.59
  </rating>
  <reviews>
   874040
  </reviews>
  <new>
   -
  </new>
 </clothing>
 <clothing>
  <id>
   269503020
  </id>
  <name>
   Under Armour Dress K-2390
  </name>
  <category>
   Dress
  </category>
  <size>
   XL
  </size>
  <color>
   Синий
  </color>
  <material>
   Шерсть
  </material>
  <price>
   176117
  </price>
  <rating>
   4.26
  </rating>
  <reviews>
   128094
  </reviews>
  <new>
   +
  </new>
  <exclusive>
   no
  </exclusive>
  <sporty>
   no
  </sporty>
 </clothing>
 <clothing>
  <id>
   734290750
  </id>
  <name>
   Vans Socks Z-7765
  </name>
  <category>
   Socks
  </category>
  <size>
   XL
  </size>
  <color>
   Оранжевый
  </color>
  <material>
   Лен
  </material>
  <price>
   833301
  </price>
  <rating>
   2.14
  </rating>
  <reviews>
   486423
  </reviews>
  <sporty>
   yes
  </sporty>
 </clothing>
</clothing-items>
