<?xml version="1.0" encoding="utf-8"?>
<clothing-items>
 <clothing>
  <id>
   405992582
  </id>
  <name>
   Under Armour Shoes E-6716
  </name>
  <category>
   Shoes
  </category>
  <size>
   M
  </size>
  <color>
   Голубой
  </color>
  <material>
   Кожа
  </material>
  <price>
   751649
  </price>
  <rating>
   4.04
  </rating>
  <reviews>
   664892
  </reviews>
  <exclusive>
   yes
  </exclusive>
  <sporty>
   no
  </sporty>
 </clothing>
 <clothing>
  <id>
   926785027
  </id>
  <name>
   Converse Jeans A-6588
  </name>
  <category>
   Jeans
  </category>
  <size>
   XXL
  </size>
  <color>
   Голубой
  </color>
  <material>
   Лен
  </material>
  <price>
   364205
  </price>
  <rating>
   2.33
  </rating>
  <reviews>
   302627
  </reviews>
  <new>
   -
  </new>
 </clothing>
 <clothing>
  <id>
   559358559
  </id>
  <name>
   Addidas Handbags I-2642
  </name>
  <category>
   Handbags
  </category>
  <size>
   XL
  </size>
  <color>
   Красный
  </color>
  <material>
   Нейлон
  </material>
  <price>
   920136
  </price>
  <rating>
   2.83
  </rating>
  <reviews>
   496668
  </reviews>
  <new>
   +
  </new>
  <sporty>
   no
  </sporty>
 </clothing>
 <clothing>
  <id>
   130176714
  </id>
  <name>
   Brooks Socks Q-8419
  </name>
  <category>
   Socks
  </category>
  <size>
   L
  </size>
  <color>
   Голубой
  </color>
  <material>
   Нейлон
  </material>
  <price>
   724243
  </price>
  <rating>
   3.95
  </rating>
  <reviews>
   151364
  </reviews>
  <sporty>
   no
  </sporty>
 </clothing>
 <clothing>
  <id>
   512582414
  </id>
  <name>
   Brooks Shoes L-1837
  </name>
  <category>
   Shoes
  </category>
  <size>
   L
  </size>
  <color>
   Зеленый
  </color>
  <material>
   Полиэстер
  </material>
  <price>
   987853
  </price>
  <rating>
   4.51
  </rating>
  <reviews>
   205711
  </reviews>
  <new>
   -
  </new>
  <exclusive>
   yes
  </exclusive>
 </clothing>
 <clothing>
  <id>
   802408020
  </id>
  <name>
   Fila Jeans Q-9638
  </name>
  <category>
   Jeans
  </category>
  <size>
   L
  </size>
  <color>
   Фиолетовый
  </color>
  <material>
   Шелк
  </material>
  <price>
   985580
  </price>
  <rating>
   1.36
  </rating>
  <reviews>
   522655
  </reviews>
  <new>
   -
  </new>
  <sporty>
   yes
  </sporty>
 </clothing>
 <clothing>
  <id>
   722052426
  </id>
  <name>
   Reebok Jacket B-1661
  </name>
  <category>
   Jacket
  </category>
  <size>
   M
  </size>
  <color>
   Зеленый
  </color>
  <material>
   Лен
  </material>
  <price>
   667076
  </price>
  <rating>
   3.36
  </rating>
  <reviews>
   235100
  </reviews>
  <new>
   +
  </new>
  <exclusive>
   no
  </exclusive>
 </clothing>
 <clothing>
  <id>
   410545630
  </id>
  <name>
   Fila Shirt V-6889
  </name>
  <category>
   Shirt
  </category>
  <size>
   XL
  </size>
  <color>
   Голубой
  </color>
  <material>
   Кожа
  </material>
  <price>
   283145
  </price>
  <rating>
   4.96
  </rating>
  <reviews>
   890375
  </reviews>
  <exclusive>
   yes
  </exclusive>
 </clothing>
 <clothing>
  <id>
   634719216
  </id>
  <name>
   Puma Shoes O-8716
  </name>
  <category>
   Shoes
  </category>
  <size>
   S
  </size>
  <color>
   Фиолетовый
  </color>
  <material>
   Нейлон
  </material>
  <price>
   703538
  </price>
  <rating>
   2.98
  </rating>
  <reviews>
   486348
  </reviews>
  <sporty>
   no
  </sporty>
 </clothing>
 <clothing>
  <id>
   315388498
  </id>
  <name>
   Asics Hat T-6640
  </name>
  <category>
   Hat
  </category>
  <size>
   XL
  </size>
  <color>
   Зеленый
  </color>
  <material>
   Полиэстер
  </material>
  <price>
   278708
  </price>
  <rating>
   3.46
  </rating>
  <reviews>
   479626
  </reviews>
  <sporty>
   yes
  </sporty>
 </clothing>
 <clothing>
  <id>
   322602289
  </id>
  <name>
   Fila Blouse D-2840
  </name>
  <category>
   Blouse
  </category>
  <size>
   XL
  </size>
  <color>
   Голубой
  </color>
  <material>
   Полиэстер
  </material>
  <price>
   788001
  </price>
  <rating>
   4.67
  </rating>
  <reviews>
   490557
  </reviews>
 </clothing>
 <clothing>
  <id>
   867531968
  </id>
  <name>
   Addidas Shirt V-2235
  </name>
  <category>
   Shirt
  </category>
  <size>
   XL
  </size>
  <color>
   Фиолетовый
  </color>
  <material>
   Хлопок
  </material>
  <price>
   342726
  </price>
  <rating>
   1.69
  </rating>
  <reviews>
   492662
  </reviews>
  <new>
   -
  </new>
  <exclusive>
   no
  </exclusive>
  <sporty>
   no
  </sporty>
 </clothing>
 <clothing>
  <id>
   300559806
  </id>
  <name>
   DC Socks Q-5480
  </name>
  <category>
   Socks
  </category>
  <size>
   XL
  </size>
  <color>
   Красный
  </color>
  <material>
   Хлопок
  </material>
  <price>
   421783
  </price>
  <rating>
   3.16
  </rating>
  <reviews>
   577937
  </reviews>
  <new>
   -
  </new>
  <sporty>
   yes
  </sporty>
 </clothing>
 <clothing>
  <id>
   953349685
  </id>
  <name>
   Puma Jeans N-3479
  </name>
  <category>
   Jeans
  </category>
  <size>
   M
  </size>
  <color>
   Голубой
  </color>
  <material>
   Нейлон
  </material>
  <price>
   916712
  </price>
  <rating>
   4.89
  </rating>
  <reviews>
   62161
  </reviews>
 </clothing>
 <clothing>
  <id>
   846527157
  </id>
  <name>
   Puma Skirt D-6543
  </name>
  <category>
   Skirt
  </category>
  <size>
   M
  </size>
  <color>
   Синий
  </color>
  <material>
   Шелк
  </material>
  <price>
   554612
  </price>
  <rating>
   1.39
  </rating>
  <reviews>
   595102
  </reviews>
  <new>
   -
  </new>
  <exclusive>
   no
  </exclusive>
  <sporty>
   no
  </sporty>
 </clothing>
 <clothing>
  <id>
   900857808
  </id>
  <name>
   Addidas Shoes F-9864
  </name>
  <category>
   Shoes
  </category>
  <size>
   S
  </size>
  <color>
   Зеленый
  </color>
  <material>
   Шерсть
  </material>
  <price>
   339505
  </price>
  <rating>
   4.8
  </rating>
  <reviews>
   685719
  </reviews>
  <exclusive>
   no
  </exclusive>
  <sporty>
   yes
  </sporty>
 </clothing>
 <clothing>
  <id>
   101047593
  </id>
  <name>
   Lacoste Jeans Q-9258
  </name>
  <category>
   Jeans
  </category>
  <size>
   S
  </size>
  <color>
   Зеленый
  </color>
  <material>
   Хлопок
  </material>
  <price>
   613876
  </price>
  <rating>
   4.97
  </rating>
  <reviews>
   281245
  </reviews>
  <new>
   +
  </new>
  <exclusive>
   no
  </exclusive>
 </clothing>
 <clothing>
  <id>
   410676491
  </id>
  <name>
   Adidas Shoes J-1924
  </name>
  <category>
   Shoes
  </category>
  <size>
   XL
  </size>
  <color>
   Оранжевый
  </color>
  <material>
   Вискоза
  </material>
  <price>
   170444
  </price>
  <rating>
   1.12
  </rating>
  <reviews>
   838548
  </reviews>
  <new>
   +
  </new>
  <exclusive>
   yes
  </exclusive>
  <sporty>
   yes
  </sporty>
 </clothing>
 <clothing>
  <id>
   971252643
  </id>
  <name>
   Addidas Blouse M-3082
  </name>
  <category>
   Blouse
  </category>
  <size>
   XXL
  </size>
  <color>
   Голубой
  </color>
  <material>
   Полиэстер
  </material>
  <price>
   780069
  </price>
  <rating>
   1.84
  </rating>
  <reviews>
   881410
  </reviews>
  <exclusive>
   no
  </exclusive>
  <sporty>
   no
  </sporty>
 </clothing>
 <clothing>
  <id>
   429394243
  </id>
  <name>
   Ellesse Shirt U-4210
  </name>
  <category>
   Shirt
  </category>
  <size>
   L
  </size>
  <color>
   Фиолетовый
  </color>
  <material>
   Нейлон
  </material>
  <price>
   359071
  </price>
  <rating>
   4.22
  </rating>
  <reviews>
   286262
  </reviews>
  <new>
   -
  </new>
  <sporty>
   no
  </sporty>
 </clothing>
 <clothing>
  <id>
   484307542
  </id>
  <name>
   Under Armour Umbrellas Q-8028
  </name>
  <category>
   Umbrellas
  </category>
  <size>
   S
  </size>
  <color>
   Синий
  </color>
  <material>
   Хлопок
  </material>
  <price>
   781389
  </price>
  <rating>
   2.62
  </rating>
  <reviews>
   416080
  </reviews>
  <new>
   -
  </new>
  <exclusive>
   yes
  </exclusive>
  <sporty>
   no
  </sporty>
 </clothing>
</clothing-items>
