<?xml version="1.0" encoding="utf-8"?>
<clothing-items>
 <clothing>
  <id>
   673629939
  </id>
  <name>
   Converse Gloves C-9570
  </name>
  <category>
   Gloves
  </category>
  <size>
   XL
  </size>
  <color>
   Синий
  </color>
  <material>
   Полиэстер
  </material>
  <price>
   700590
  </price>
  <rating>
   4.35
  </rating>
  <reviews>
   387629
  </reviews>
  <new>
   -
  </new>
  <exclusive>
   yes
  </exclusive>
 </clothing>
 <clothing>
  <id>
   116842863
  </id>
  <name>
   Reebok Jacket M-1496
  </name>
  <category>
   Jacket
  </category>
  <size>
   L
  </size>
  <color>
   Голубой
  </color>
  <material>
   Шелк
  </material>
  <price>
   932530
  </price>
  <rating>
   1.96
  </rating>
  <reviews>
   882376
  </reviews>
  <new>
   -
  </new>
  <sporty>
   yes
  </sporty>
 </clothing>
 <clothing>
  <id>
   389246667
  </id>
  <name>
   Puma Hat M-1121
  </name>
  <category>
   Hat
  </category>
  <size>
   L
  </size>
  <color>
   Красный
  </color>
  <material>
   Шерсть
  </material>
  <price>
   132875
  </price>
  <rating>
   3.64
  </rating>
  <reviews>
   768050
  </reviews>
  <new>
   +
  </new>
  <exclusive>
   yes
  </exclusive>
  <sporty>
   yes
  </sporty>
 </clothing>
 <clothing>
  <id>
   646768877
  </id>
  <name>
   Nike Jacket X-9497
  </name>
  <category>
   Jacket
  </category>
  <size>
   XL
  </size>
  <color>
   Красный
  </color>
  <material>
   Хлопок
  </material>
  <price>
   478661
  </price>
  <rating>
   2.63
  </rating>
  <reviews>
   242362
  </reviews>
  <new>
   +
  </new>
  <sporty>
   yes
  </sporty>
 </clothing>
 <clothing>
  <id>
   518068442
  </id>
  <name>
   Asics Socks M-8314
  </name>
  <category>
   Socks
  </category>
  <size>
   S
  </size>
  <color>
   Красный
  </color>
  <material>
   Хлопок
  </material>
  <price>
   378629
  </price>
  <rating>
   4.59
  </rating>
  <reviews>
   622047
  </reviews>
  <new>
   -
  </new>
 </clothing>
 <clothing>
  <id>
   489816370
  </id>
  <name>
   Ellesse Umbrellas I-9502
  </name>
  <category>
   Umbrellas
  </category>
  <size>
   S
  </size>
  <color>
   Синий
  </color>
  <material>
   Полиэстер
  </material>
  <price>
   554821
  </price>
  <rating>
   3.37
  </rating>
  <reviews>
   868141
  </reviews>
  <new>
   -
  </new>
  <exclusive>
   no
  </exclusive>
  <sporty>
   no
  </sporty>
 </clothing>
 <clothing>
  <id>
   845188412
  </id>
  <name>
   Brooks Jeans J-6074
  </name>
  <category>
   Jeans
  </category>
  <size>
   XXL
  </size>
  <color>
   Зеленый
  </color>
  <material>
   Лен
  </material>
  <price>
   990744
  </price>
  <rating>
   1.44
  </rating>
  <reviews>
   798888
  </reviews>
  <exclusive>
   yes
  </exclusive>
  <sporty>
   yes
  </sporty>
 </clothing>
 <clothing>
  <id>
   302921520
  </id>
  <name>
   Puma T-shirt K-6872
  </name>
  <category>
   T-shirt
  </category>
  <size>
   S
  </size>
  <color>
   Оранжевый
  </color>
  <material>
   Шерсть
  </material>
  <price>
   305256
  </price>
  <rating>
   1.76
  </rating>
  <reviews>
   725359
  </reviews>
 </clothing>
 <clothing>
  <id>
   733399056
  </id>
  <name>
   Under Armour Shoes W-5033
  </name>
  <category>
   Shoes
  </category>
  <size>
   L
  </size>
  <color>
   Красный
  </color>
  <material>
   Кожа
  </material>
  <price>
   321381
  </price>
  <rating>
   3.54
  </rating>
  <reviews>
   221447
  </reviews>
  <sporty>
   yes
  </sporty>
 </clothing>
 <clothing>
  <id>
   276236781
  </id>
  <name>
   DC Socks O-9396
  </name>
  <category>
   Socks
  </category>
  <size>
   M
  </size>
  <color>
   Зеленый
  </color>
  <material>
   Вискоза
  </material>
  <price>
   651687
  </price>
  <rating>
   4.58
  </rating>
  <reviews>
   904551
  </reviews>
  <new>
   +
  </new>
  <exclusive>
   yes
  </exclusive>
  <sporty>
   yes
  </sporty>
 </clothing>
 <clothing>
  <id>
   153958015
  </id>
  <name>
   Ellesse Dress R-6082
  </name>
  <category>
   Dress
  </category>
  <size>
   S
  </size>
  <color>
   Зеленый
  </color>
  <material>
   Полиэстер
  </material>
  <price>
   359547
  </price>
  <rating>
   3.37
  </rating>
  <reviews>
   293832
  </reviews>
  <exclusive>
   yes
  </exclusive>
  <sporty>
   yes
  </sporty>
 </clothing>
 <clothing>
  <id>
   841820188
  </id>
  <name>
   Lacoste T-shirt T-1846
  </name>
  <category>
   T-shirt
  </category>
  <size>
   S
  </size>
  <color>
   Желтый
  </color>
  <material>
   Шерсть
  </material>
  <price>
   751727
  </price>
  <rating>
   3.01
  </rating>
  <reviews>
   71996
  </reviews>
  <exclusive>
   no
  </exclusive>
 </clothing>
 <clothing>
  <id>
   403754568
  </id>
  <name>
   DC Belts X-6216
  </name>
  <category>
   Belts
  </category>
  <size>
   M
  </size>
  <color>
   Фиолетовый
  </color>
  <material>
   Шерсть
  </material>
  <price>
   141261
  </price>
  <rating>
   1.59
  </rating>
  <reviews>
   463474
  </reviews>
  <new>
   -
  </new>
  <exclusive>
   yes
  </exclusive>
  <sporty>
   no
  </sporty>
 </clothing>
 <clothing>
  <id>
   202703554
  </id>
  <name>
   Vans Umbrellas Y-3309
  </name>
  <category>
   Umbrellas
  </category>
  <size>
   XL
  </size>
  <color>
   Голубой
  </color>
  <material>
   Шерсть
  </material>
  <price>
   489301
  </price>
  <rating>
   3.79
  </rating>
  <reviews>
   73919
  </reviews>
  <new>
   +
  </new>
  <exclusive>
   no
  </exclusive>
  <sporty>
   yes
  </sporty>
 </clothing>
 <clothing>
  <id>
   433881816
  </id>
  <name>
   PleinSport Pants Z-4160
  </name>
  <category>
   Pants
  </category>
  <size>
   XL
  </size>
  <color>
   Желтый
  </color>
  <material>
   Кожа
  </material>
  <price>
   200245
  </price>
  <rating>
   1.42
  </rating>
  <reviews>
   105955
  </reviews>
  <new>
   -
  </new>
  <exclusive>
   no
  </exclusive>
  <sporty>
   no
  </sporty>
 </clothing>
 <clothing>
  <id>
   629169446
  </id>
  <name>
   New Balance Jacket V-9707
  </name>
  <category>
   Jacket
  </category>
  <size>
   S
  </size>
  <color>
   Желтый
  </color>
  <material>
   Шелк
  </material>
  <price>
   953164
  </price>
  <rating>
   3.94
  </rating>
  <reviews>
   454551
  </reviews>
  <new>
   +
  </new>
  <exclusive>
   no
  </exclusive>
  <sporty>
   no
  </sporty>
 </clothing>
 <clothing>
  <id>
   900290699
  </id>
  <name>
   PleinSport Belts I-7919
  </name>
  <category>
   Belts
  </category>
  <size>
   L
  </size>
  <color>
   Оранжевый
  </color>
  <material>
   Полиэстер
  </material>
  <price>
   216257
  </price>
  <rating>
   3.22
  </rating>
  <reviews>
   992477
  </reviews>
  <exclusive>
   no
  </exclusive>
 </clothing>
 <clothing>
  <id>
   112827918
  </id>
  <name>
   Ellesse Jeans Y-8014
  </name>
  <category>
   Jeans
  </category>
  <size>
   XXL
  </size>
  <color>
   Оранжевый
  </color>
  <material>
   Вискоза
  </material>
  <price>
   636861
  </price>
  <rating>
   4.82
  </rating>
  <reviews>
   980595
  </reviews>
  <exclusive>
   no
  </exclusive>
 </clothing>
 <clothing>
  <id>
   201322183
  </id>
  <name>
   Puma Dress E-4942
  </name>
  <category>
   Dress
  </category>
  <size>
   XL
  </size>
  <color>
   Голубой
  </color>
  <material>
   Шерсть
  </material>
  <price>
   676401
  </price>
  <rating>
   1.01
  </rating>
  <reviews>
   720334
  </reviews>
  <exclusive>
   no
  </exclusive>
  <sporty>
   no
  </sporty>
 </clothing>
 <clothing>
  <id>
   430461486
  </id>
  <name>
   PleinSport Handbags K-1885
  </name>
  <category>
   Handbags
  </category>
  <size>
   XXL
  </size>
  <color>
   Фиолетовый
  </color>
  <material>
   Нейлон
  </material>
  <price>
   291135
  </price>
  <rating>
   3.24
  </rating>
  <reviews>
   261248
  </reviews>
  <new>
   -
  </new>
  <exclusive>
   no
  </exclusive>
  <sporty>
   no
  </sporty>
 </clothing>
 <clothing>
  <id>
   426839753
  </id>
  <name>
   New Balance Skirt L-7257
  </name>
  <category>
   Skirt
  </category>
  <size>
   M
  </size>
  <color>
   Красный
  </color>
  <material>
   Шелк
  </material>
  <price>
   723781
  </price>
  <rating>
   3.73
  </rating>
  <reviews>
   345596
  </reviews>
  <new>
   +
  </new>
 </clothing>
 <clothing>
  <id>
   332261723
  </id>
  <name>
   Lacoste Gloves Z-2556
  </name>
  <category>
   Gloves
  </category>
  <size>
   S
  </size>
  <color>
   Голубой
  </color>
  <material>
   Вискоза
  </material>
  <price>
   527530
  </price>
  <rating>
   4.9
  </rating>
  <reviews>
   955210
  </reviews>
  <new>
   +
  </new>
  <exclusive>
   no
  </exclusive>
  <sporty>
   yes
  </sporty>
 </clothing>
 <clothing>
  <id>
   475239099
  </id>
  <name>
   Adidas Socks M-6657
  </name>
  <category>
   Socks
  </category>
  <size>
   XL
  </size>
  <color>
   Фиолетовый
  </color>
  <material>
   Шерсть
  </material>
  <price>
   906728
  </price>
  <rating>
   4.03
  </rating>
  <reviews>
   196489
  </reviews>
  <new>
   -
  </new>
  <exclusive>
   no
  </exclusive>
 </clothing>
 <clothing>
  <id>
   889894800
  </id>
  <name>
   Fila Handbags P-3225
  </name>
  <category>
   Handbags
  </category>
  <size>
   S
  </size>
  <color>
   Фиолетовый
  </color>
  <material>
   Шерсть
  </material>
  <price>
   932094
  </price>
  <rating>
   4.95
  </rating>
  <reviews>
   246430
  </reviews>
  <sporty>
   no
  </sporty>
 </clothing>
 <clothing>
  <id>
   996182163
  </id>
  <name>
   Nike Socks G-3624
  </name>
  <category>
   Socks
  </category>
  <size>
   XL
  </size>
  <color>
   Зеленый
  </color>
  <material>
   Кожа
  </material>
  <price>
   772895
  </price>
  <rating>
   1.74
  </rating>
  <reviews>
   749676
  </reviews>
  <new>
   -
  </new>
  <exclusive>
   no
  </exclusive>
 </clothing>
 <clothing>
  <id>
   421538681
  </id>
  <name>
   New Balance Shoes H-9712
  </name>
  <category>
   Shoes
  </category>
  <size>
   XXL
  </size>
  <color>
   Фиолетовый
  </color>
  <material>
   Нейлон
  </material>
  <price>
   627480
  </price>
  <rating>
   2.78
  </rating>
  <reviews>
   841604
  </reviews>
  <sporty>
   no
  </sporty>
 </clothing>
 <clothing>
  <id>
   665743270
  </id>
  <name>
   Reebok Jacket N-6021
  </name>
  <category>
   Jacket
  </category>
  <size>
   S
  </size>
  <color>
   Желтый
  </color>
  <material>
   Шерсть
  </material>
  <price>
   718523
  </price>
  <rating>
   3.08
  </rating>
  <reviews>
   539199
  </reviews>
  <new>
   -
  </new>
  <exclusive>
   no
  </exclusive>
  <sporty>
   yes
  </sporty>
 </clothing>
 <clothing>
  <id>
   336002970
  </id>
  <name>
   Ellesse Blouse A-2196
  </name>
  <category>
   Blouse
  </category>
  <size>
   XXL
  </size>
  <color>
   Зеленый
  </color>
  <material>
   Шерсть
  </material>
  <price>
   213330
  </price>
  <rating>
   4.11
  </rating>
  <reviews>
   680593
  </reviews>
  <sporty>
   yes
  </sporty>
 </clothing>
 <clothing>
  <id>
   771696498
  </id>
  <name>
   Nike Skirt I-2052
  </name>
  <category>
   Skirt
  </category>
  <size>
   XXL
  </size>
  <color>
   Фиолетовый
  </color>
  <material>
   Шерсть
  </material>
  <price>
   590512
  </price>
  <rating>
   2.46
  </rating>
  <reviews>
   832044
  </reviews>
  <exclusive>
   yes
  </exclusive>
 </clothing>
 <clothing>
  <id>
   489809093
  </id>
  <name>
   Adidas Jacket D-9867
  </name>
  <category>
   Jacket
  </category>
  <size>
   L
  </size>
  <color>
   Желтый
  </color>
  <material>
   Лен
  </material>
  <price>
   726001
  </price>
  <rating>
   1.2
  </rating>
  <reviews>
   437615
  </reviews>
  <new>
   +
  </new>
  <exclusive>
   yes
  </exclusive>
  <sporty>
   no
  </sporty>
 </clothing>
 <clothing>
  <id>
   652997117
  </id>
  <name>
   Nike Skirt D-8387
  </name>
  <category>
   Skirt
  </category>
  <size>
   XXL
  </size>
  <color>
   Фиолетовый
  </color>
  <material>
   Нейлон
  </material>
  <price>
   636437
  </price>
  <rating>
   1.57
  </rating>
  <reviews>
   855865
  </reviews>
  <new>
   +
  </new>
  <exclusive>
   no
  </exclusive>
  <sporty>
   no
  </sporty>
 </clothing>
 <clothing>
  <id>
   185413284
  </id>
  <name>
   Brooks Handbags Q-6195
  </name>
  <category>
   Handbags
  </category>
  <size>
   XL
  </size>
  <color>
   Зеленый
  </color>
  <material>
   Лен
  </material>
  <price>
   782767
  </price>
  <rating>
   1.39
  </rating>
  <reviews>
   849307
  </reviews>
  <new>
   +
  </new>
  <exclusive>
   no
  </exclusive>
  <sporty>
   no
  </sporty>
 </clothing>
 <clothing>
  <id>
   852883206
  </id>
  <name>
   Asics Gloves Q-3425
  </name>
  <category>
   Gloves
  </category>
  <size>
   S
  </size>
  <color>
   Оранжевый
  </color>
  <material>
   Нейлон
  </material>
  <price>
   318103
  </price>
  <rating>
   3.22
  </rating>
  <reviews>
   877543
  </reviews>
  <new>
   -
  </new>
  <sporty>
   yes
  </sporty>
 </clothing>
 <clothing>
  <id>
   780778001
  </id>
  <name>
   Asics Jacket H-7141
  </name>
  <category>
   Jacket
  </category>
  <size>
   S
  </size>
  <color>
   Красный
  </color>
  <material>
   Полиэстер
  </material>
  <price>
   560990
  </price>
  <rating>
   2.1
  </rating>
  <reviews>
   569181
  </reviews>
  <new>
   -
  </new>
  <exclusive>
   no
  </exclusive>
  <sporty>
   yes
  </sporty>
 </clothing>
 <clothing>
  <id>
   775475244
  </id>
  <name>
   DC Jeans R-2489
  </name>
  <category>
   Jeans
  </category>
  <size>
   L
  </size>
  <color>
   Красный
  </color>
  <material>
   Полиэстер
  </material>
  <price>
   643655
  </price>
  <rating>
   4.74
  </rating>
  <reviews>
   776001
  </reviews>
  <exclusive>
   no
  </exclusive>
  <sporty>
   no
  </sporty>
 </clothing>
</clothing-items>
