<?xml version="1.0" encoding="utf-8"?>
<clothing-items>
 <clothing>
  <id>
   457084676
  </id>
  <name>
   DC Skirt D-6244
  </name>
  <category>
   Skirt
  </category>
  <size>
   M
  </size>
  <color>
   Голубой
  </color>
  <material>
   Шелк
  </material>
  <price>
   346127
  </price>
  <rating>
   4.07
  </rating>
  <reviews>
   380183
  </reviews>
 </clothing>
 <clothing>
  <id>
   938844418
  </id>
  <name>
   Converse Gloves N-4321
  </name>
  <category>
   Gloves
  </category>
  <size>
   L
  </size>
  <color>
   Оранжевый
  </color>
  <material>
   Вискоза
  </material>
  <price>
   137942
  </price>
  <rating>
   3.26
  </rating>
  <reviews>
   62452
  </reviews>
  <new>
   -
  </new>
  <exclusive>
   no
  </exclusive>
 </clothing>
 <clothing>
  <id>
   913770640
  </id>
  <name>
   Lacoste Skirt L-9775
  </name>
  <category>
   Skirt
  </category>
  <size>
   S
  </size>
  <color>
   Желтый
  </color>
  <material>
   Шелк
  </material>
  <price>
   618875
  </price>
  <rating>
   4.64
  </rating>
  <reviews>
   724639
  </reviews>
  <new>
   -
  </new>
  <exclusive>
   no
  </exclusive>
 </clothing>
 <clothing>
  <id>
   489487063
  </id>
  <name>
   Adidas T-shirt Y-2336
  </name>
  <category>
   T-shirt
  </category>
  <size>
   M
  </size>
  <color>
   Синий
  </color>
  <material>
   Полиэстер
  </material>
  <price>
   260906
  </price>
  <rating>
   2.16
  </rating>
  <reviews>
   570762
  </reviews>
  <exclusive>
   yes
  </exclusive>
 </clothing>
 <clothing>
  <id>
   900121557
  </id>
  <name>
   Under Armour Jeans M-1103
  </name>
  <category>
   Jeans
  </category>
  <size>
   L
  </size>
  <color>
   Желтый
  </color>
  <material>
   Вискоза
  </material>
  <price>
   544364
  </price>
  <rating>
   2.61
  </rating>
  <reviews>
   604387
  </reviews>
 </clothing>
 <clothing>
  <id>
   865155912
  </id>
  <name>
   Nike Gloves S-7553
  </name>
  <category>
   Gloves
  </category>
  <size>
   XXL
  </size>
  <color>
   Голубой
  </color>
  <material>
   Шелк
  </material>
  <price>
   739168
  </price>
  <rating>
   4.0
  </rating>
  <reviews>
   403158
  </reviews>
  <new>
   -
  </new>
  <exclusive>
   no
  </exclusive>
  <sporty>
   no
  </sporty>
 </clothing>
 <clothing>
  <id>
   306809854
  </id>
  <name>
   Addidas Belts T-6659
  </name>
  <category>
   Belts
  </category>
  <size>
   S
  </size>
  <color>
   Красный
  </color>
  <material>
   Вискоза
  </material>
  <price>
   501263
  </price>
  <rating>
   2.64
  </rating>
  <reviews>
   926686
  </reviews>
  <exclusive>
   yes
  </exclusive>
 </clothing>
 <clothing>
  <id>
   724122006
  </id>
  <name>
   Converse Jacket W-5433
  </name>
  <category>
   Jacket
  </category>
  <size>
   L
  </size>
  <color>
   Желтый
  </color>
  <material>
   Хлопок
  </material>
  <price>
   758300
  </price>
  <rating>
   2.75
  </rating>
  <reviews>
   616225
  </reviews>
  <sporty>
   yes
  </sporty>
 </clothing>
 <clothing>
  <id>
   570017039
  </id>
  <name>
   Reebok Handbags B-9951
  </name>
  <category>
   Handbags
  </category>
  <size>
   L
  </size>
  <color>
   Синий
  </color>
  <material>
   Лен
  </material>
  <price>
   869132
  </price>
  <rating>
   3.79
  </rating>
  <reviews>
   199339
  </reviews>
  <exclusive>
   yes
  </exclusive>
  <sporty>
   yes
  </sporty>
 </clothing>
 <clothing>
  <id>
   462065923
  </id>
  <name>
   PleinSport Jacket D-6555
  </name>
  <category>
   Jacket
  </category>
  <size>
   L
  </size>
  <color>
   Голубой
  </color>
  <material>
   Полиэстер
  </material>
  <price>
   100147
  </price>
  <rating>
   2.25
  </rating>
  <reviews>
   344493
  </reviews>
  <sporty>
   no
  </sporty>
 </clothing>
 <clothing>
  <id>
   182295892
  </id>
  <name>
   Adidas Dress O-2112
  </name>
  <category>
   Dress
  </category>
  <size>
   XL
  </size>
  <color>
   Красный
  </color>
  <material>
   Шерсть
  </material>
  <price>
   811518
  </price>
  <rating>
   4.94
  </rating>
  <reviews>
   706118
  </reviews>
  <new>
   +
  </new>
  <exclusive>
   no
  </exclusive>
 </clothing>
 <clothing>
  <id>
   151853313
  </id>
  <name>
   Nike Skirt O-6845
  </name>
  <category>
   Skirt
  </category>
  <size>
   XL
  </size>
  <color>
   Фиолетовый
  </color>
  <material>
   Шерсть
  </material>
  <price>
   382650
  </price>
  <rating>
   2.5
  </rating>
  <reviews>
   278453
  </reviews>
  <exclusive>
   yes
  </exclusive>
  <sporty>
   no
  </sporty>
 </clothing>
 <clothing>
  <id>
   645267814
  </id>
  <name>
   Ellesse Blouse Q-3999
  </name>
  <category>
   Blouse
  </category>
  <size>
   M
  </size>
  <color>
   Фиолетовый
  </color>
  <material>
   Нейлон
  </material>
  <price>
   756126
  </price>
  <rating>
   4.13
  </rating>
  <reviews>
   900241
  </reviews>
  <new>
   -
  </new>
  <exclusive>
   yes
  </exclusive>
  <sporty>
   no
  </sporty>
 </clothing>
 <clothing>
  <id>
   638344004
  </id>
  <name>
   Brooks Gloves C-4164
  </name>
  <category>
   Gloves
  </category>
  <size>
   XL
  </size>
  <color>
   Желтый
  </color>
  <material>
   Хлопок
  </material>
  <price>
   405532
  </price>
  <rating>
   1.86
  </rating>
  <reviews>
   59939
  </reviews>
  <exclusive>
   no
  </exclusive>
 </clothing>
 <clothing>
  <id>
   192146470
  </id>
  <name>
   Ellesse Dress L-4545
  </name>
  <category>
   Dress
  </category>
  <size>
   M
  </size>
  <color>
   Голубой
  </color>
  <material>
   Полиэстер
  </material>
  <price>
   640475
  </price>
  <rating>
   1.46
  </rating>
  <reviews>
   642095
  </reviews>
  <new>
   +
  </new>
  <exclusive>
   no
  </exclusive>
  <sporty>
   no
  </sporty>
 </clothing>
 <clothing>
  <id>
   151902890
  </id>
  <name>
   Adidas Blouse Z-8549
  </name>
  <category>
   Blouse
  </category>
  <size>
   S
  </size>
  <color>
   Фиолетовый
  </color>
  <material>
   Лен
  </material>
  <price>
   400171
  </price>
  <rating>
   1.18
  </rating>
  <reviews>
   621705
  </reviews>
  <sporty>
   no
  </sporty>
 </clothing>
 <clothing>
  <id>
   799095225
  </id>
  <name>
   DC Sweater N-5870
  </name>
  <category>
   Sweater
  </category>
  <size>
   XXL
  </size>
  <color>
   Фиолетовый
  </color>
  <material>
   Шелк
  </material>
  <price>
   893072
  </price>
  <rating>
   4.58
  </rating>
  <reviews>
   152968
  </reviews>
  <new>
   -
  </new>
  <exclusive>
   no
  </exclusive>
  <sporty>
   no
  </sporty>
 </clothing>
 <clothing>
  <id>
   844037831
  </id>
  <name>
   Ellesse Shirt Q-2373
  </name>
  <category>
   Shirt
  </category>
  <size>
   L
  </size>
  <color>
   Синий
  </color>
  <material>
   Хлопок
  </material>
  <price>
   173790
  </price>
  <rating>
   3.91
  </rating>
  <reviews>
   101719
  </reviews>
 </clothing>
 <clothing>
  <id>
   429766367
  </id>
  <name>
   New Balance Blouse Y-2084
  </name>
  <category>
   Blouse
  </category>
  <size>
   M
  </size>
  <color>
   Желтый
  </color>
  <material>
   Полиэстер
  </material>
  <price>
   806957
  </price>
  <rating>
   1.6
  </rating>
  <reviews>
   911442
  </reviews>
  <new>
   -
  </new>
 </clothing>
 <clothing>
  <id>
   101742610
  </id>
  <name>
   Brooks Skirt I-8851
  </name>
  <category>
   Skirt
  </category>
  <size>
   XXL
  </size>
  <color>
   Зеленый
  </color>
  <material>
   Кожа
  </material>
  <price>
   669053
  </price>
  <rating>
   3.89
  </rating>
  <reviews>
   92530
  </reviews>
  <new>
   -
  </new>
  <exclusive>
   no
  </exclusive>
  <sporty>
   no
  </sporty>
 </clothing>
 <clothing>
  <id>
   371105996
  </id>
  <name>
   Lacoste Shoes P-2805
  </name>
  <category>
   Shoes
  </category>
  <size>
   M
  </size>
  <color>
   Зеленый
  </color>
  <material>
   Шелк
  </material>
  <price>
   827016
  </price>
  <rating>
   2.97
  </rating>
  <reviews>
   433461
  </reviews>
  <new>
   -
  </new>
 </clothing>
 <clothing>
  <id>
   909828802
  </id>
  <name>
   Asics Hat N-6649
  </name>
  <category>
   Hat
  </category>
  <size>
   S
  </size>
  <color>
   Синий
  </color>
  <material>
   Кожа
  </material>
  <price>
   247719
  </price>
  <rating>
   1.12
  </rating>
  <reviews>
   322264
  </reviews>
  <exclusive>
   no
  </exclusive>
  <sporty>
   yes
  </sporty>
 </clothing>
 <clothing>
  <id>
   696445873
  </id>
  <name>
   Lacoste Hat Y-9958
  </name>
  <category>
   Hat
  </category>
  <size>
   L
  </size>
  <color>
   Желтый
  </color>
  <material>
   Шерсть
  </material>
  <price>
   279857
  </price>
  <rating>
   3.55
  </rating>
  <reviews>
   92626
  </reviews>
  <new>
   -
  </new>
  <exclusive>
   yes
  </exclusive>
  <sporty>
   yes
  </sporty>
 </clothing>
 <clothing>
  <id>
   372801298
  </id>
  <name>
   Ellesse Hat E-6119
  </name>
  <category>
   Hat
  </category>
  <size>
   XL
  </size>
  <color>
   Красный
  </color>
  <material>
   Нейлон
  </material>
  <price>
   114838
  </price>
  <rating>
   4.0
  </rating>
  <reviews>
   565266
  </reviews>
  <new>
   -
  </new>
  <exclusive>
   yes
  </exclusive>
 </clothing>
 <clothing>
  <id>
   489832624
  </id>
  <name>
   Addidas Jeans P-4482
  </name>
  <category>
   Jeans
  </category>
  <size>
   XL
  </size>
  <color>
   Синий
  </color>
  <material>
   Шерсть
  </material>
  <price>
   520963
  </price>
  <rating>
   1.61
  </rating>
  <reviews>
   350337
  </reviews>
  <exclusive>
   yes
  </exclusive>
  <sporty>
   no
  </sporty>
 </clothing>
 <clothing>
  <id>
   338599278
  </id>
  <name>
   Puma T-shirt A-2987
  </name>
  <category>
   T-shirt
  </category>
  <size>
   L
  </size>
  <color>
   Красный
  </color>
  <material>
   Лен
  </material>
  <price>
   167393
  </price>
  <rating>
   2.35
  </rating>
  <reviews>
   399192
  </reviews>
 </clothing>
 <clothing>
  <id>
   980866623
  </id>
  <name>
   Addidas Jeans F-8162
  </name>
  <category>
   Jeans
  </category>
  <size>
   S
  </size>
  <color>
   Голубой
  </color>
  <material>
   Шелк
  </material>
  <price>
   679427
  </price>
  <rating>
   1.45
  </rating>
  <reviews>
   534666
  </reviews>
  <new>
   -
  </new>
  <sporty>
   yes
  </sporty>
 </clothing>
 <clothing>
  <id>
   722060066
  </id>
  <name>
   Puma Dress F-1369
  </name>
  <category>
   Dress
  </category>
  <size>
   M
  </size>
  <color>
   Зеленый
  </color>
  <material>
   Кожа
  </material>
  <price>
   131890
  </price>
  <rating>
   1.17
  </rating>
  <reviews>
   554845
  </reviews>
  <new>
   -
  </new>
  <exclusive>
   no
  </exclusive>
 </clothing>
 <clothing>
  <id>
   636697179
  </id>
  <name>
   Under Armour Belts T-1326
  </name>
  <category>
   Belts
  </category>
  <size>
   S
  </size>
  <color>
   Зеленый
  </color>
  <material>
   Хлопок
  </material>
  <price>
   301693
  </price>
  <rating>
   1.02
  </rating>
  <reviews>
   761700
  </reviews>
  <new>
   -
  </new>
  <exclusive>
   no
  </exclusive>
  <sporty>
   no
  </sporty>
 </clothing>
 <clothing>
  <id>
   808546688
  </id>
  <name>
   Vans Jeans Q-7959
  </name>
  <category>
   Jeans
  </category>
  <size>
   M
  </size>
  <color>
   Фиолетовый
  </color>
  <material>
   Лен
  </material>
  <price>
   411834
  </price>
  <rating>
   3.17
  </rating>
  <reviews>
   927811
  </reviews>
  <new>
   +
  </new>
 </clothing>
 <clothing>
  <id>
   287217829
  </id>
  <name>
   Adidas T-shirt D-7554
  </name>
  <category>
   T-shirt
  </category>
  <size>
   S
  </size>
  <color>
   Фиолетовый
  </color>
  <material>
   Шелк
  </material>
  <price>
   262068
  </price>
  <rating>
   2.07
  </rating>
  <reviews>
   550378
  </reviews>
  <new>
   +
  </new>
  <exclusive>
   yes
  </exclusive>
  <sporty>
   no
  </sporty>
 </clothing>
 <clothing>
  <id>
   274741850
  </id>
  <name>
   Asics Blouse S-3592
  </name>
  <category>
   Blouse
  </category>
  <size>
   XL
  </size>
  <color>
   Голубой
  </color>
  <material>
   Шерсть
  </material>
  <price>
   849816
  </price>
  <rating>
   4.54
  </rating>
  <reviews>
   377730
  </reviews>
  <new>
   +
  </new>
  <exclusive>
   no
  </exclusive>
  <sporty>
   yes
  </sporty>
 </clothing>
 <clothing>
  <id>
   840688213
  </id>
  <name>
   Adidas Belts Q-2108
  </name>
  <category>
   Belts
  </category>
  <size>
   XL
  </size>
  <color>
   Голубой
  </color>
  <material>
   Кожа
  </material>
  <price>
   117401
  </price>
  <rating>
   2.05
  </rating>
  <reviews>
   816654
  </reviews>
  <new>
   +
  </new>
  <exclusive>
   no
  </exclusive>
  <sporty>
   no
  </sporty>
 </clothing>
 <clothing>
  <id>
   227412000
  </id>
  <name>
   Puma Jeans A-4781
  </name>
  <category>
   Jeans
  </category>
  <size>
   M
  </size>
  <color>
   Синий
  </color>
  <material>
   Лен
  </material>
  <price>
   267263
  </price>
  <rating>
   5.0
  </rating>
  <reviews>
   687371
  </reviews>
 </clothing>
 <clothing>
  <id>
   695273693
  </id>
  <name>
   Vans Hat Y-6018
  </name>
  <category>
   Hat
  </category>
  <size>
   M
  </size>
  <color>
   Красный
  </color>
  <material>
   Нейлон
  </material>
  <price>
   675643
  </price>
  <rating>
   3.53
  </rating>
  <reviews>
   804085
  </reviews>
  <sporty>
   no
  </sporty>
 </clothing>
 <clothing>
  <id>
   919852875
  </id>
  <name>
   Brooks Shoes Z-8357
  </name>
  <category>
   Shoes
  </category>
  <size>
   XXL
  </size>
  <color>
   Фиолетовый
  </color>
  <material>
   Хлопок
  </material>
  <price>
   887135
  </price>
  <rating>
   2.49
  </rating>
  <reviews>
   355306
  </reviews>
  <exclusive>
   yes
  </exclusive>
 </clothing>
 <clothing>
  <id>
   969587198
  </id>
  <name>
   Under Armour Jacket S-5106
  </name>
  <category>
   Jacket
  </category>
  <size>
   XXL
  </size>
  <color>
   Фиолетовый
  </color>
  <material>
   Нейлон
  </material>
  <price>
   290825
  </price>
  <rating>
   2.18
  </rating>
  <reviews>
   459455
  </reviews>
  <new>
   -
  </new>
  <exclusive>
   yes
  </exclusive>
  <sporty>
   no
  </sporty>
 </clothing>
 <clothing>
  <id>
   488547149
  </id>
  <name>
   Nike Belts V-5180
  </name>
  <category>
   Belts
  </category>
  <size>
   XL
  </size>
  <color>
   Оранжевый
  </color>
  <material>
   Лен
  </material>
  <price>
   290362
  </price>
  <rating>
   1.22
  </rating>
  <reviews>
   336300
  </reviews>
  <new>
   -
  </new>
  <exclusive>
   no
  </exclusive>
  <sporty>
   no
  </sporty>
 </clothing>
 <clothing>
  <id>
   249972216
  </id>
  <name>
   Asics Dress D-7086
  </name>
  <category>
   Dress
  </category>
  <size>
   M
  </size>
  <color>
   Красный
  </color>
  <material>
   Кожа
  </material>
  <price>
   147075
  </price>
  <rating>
   1.58
  </rating>
  <reviews>
   208607
  </reviews>
  <new>
   +
  </new>
  <exclusive>
   no
  </exclusive>
  <sporty>
   yes
  </sporty>
 </clothing>
 <clothing>
  <id>
   286725756
  </id>
  <name>
   Lacoste Skirt L-6038
  </name>
  <category>
   Skirt
  </category>
  <size>
   S
  </size>
  <color>
   Фиолетовый
  </color>
  <material>
   Шелк
  </material>
  <price>
   345315
  </price>
  <rating>
   4.87
  </rating>
  <reviews>
   530823
  </reviews>
  <new>
   -
  </new>
  <sporty>
   no
  </sporty>
 </clothing>
 <clothing>
  <id>
   606095803
  </id>
  <name>
   PleinSport Belts I-2951
  </name>
  <category>
   Belts
  </category>
  <size>
   M
  </size>
  <color>
   Зеленый
  </color>
  <material>
   Лен
  </material>
  <price>
   844288
  </price>
  <rating>
   3.64
  </rating>
  <reviews>
   191632
  </reviews>
 </clothing>
 <clothing>
  <id>
   909044656
  </id>
  <name>
   Addidas Belts H-8972
  </name>
  <category>
   Belts
  </category>
  <size>
   S
  </size>
  <color>
   Голубой
  </color>
  <material>
   Лен
  </material>
  <price>
   467143
  </price>
  <rating>
   3.79
  </rating>
  <reviews>
   56693
  </reviews>
  <new>
   +
  </new>
  <exclusive>
   yes
  </exclusive>
 </clothing>
 <clothing>
  <id>
   456884585
  </id>
  <name>
   Asics Shoes D-9606
  </name>
  <category>
   Shoes
  </category>
  <size>
   L
  </size>
  <color>
   Красный
  </color>
  <material>
   Шерсть
  </material>
  <price>
   847712
  </price>
  <rating>
   2.5
  </rating>
  <reviews>
   912307
  </reviews>
  <exclusive>
   no
  </exclusive>
  <sporty>
   yes
  </sporty>
 </clothing>
 <clothing>
  <id>
   984142779
  </id>
  <name>
   Ellesse Sweater G-5484
  </name>
  <category>
   Sweater
  </category>
  <size>
   L
  </size>
  <color>
   Голубой
  </color>
  <material>
   Вискоза
  </material>
  <price>
   314204
  </price>
  <rating>
   4.84
  </rating>
  <reviews>
   921554
  </reviews>
  <new>
   -
  </new>
  <exclusive>
   yes
  </exclusive>
  <sporty>
   yes
  </sporty>
 </clothing>
</clothing-items>
