<?xml version="1.0" encoding="utf-8"?>
<clothing-items>
 <clothing>
  <id>
   576599394
  </id>
  <name>
   New Balance Blouse N-3468
  </name>
  <category>
   Blouse
  </category>
  <size>
   XL
  </size>
  <color>
   Желтый
  </color>
  <material>
   Шерсть
  </material>
  <price>
   441517
  </price>
  <rating>
   1.79
  </rating>
  <reviews>
   336825
  </reviews>
  <new>
   +
  </new>
  <sporty>
   no
  </sporty>
 </clothing>
 <clothing>
  <id>
   541149206
  </id>
  <name>
   Reebok Skirt E-6151
  </name>
  <category>
   Skirt
  </category>
  <size>
   S
  </size>
  <color>
   Голубой
  </color>
  <material>
   Лен
  </material>
  <price>
   284855
  </price>
  <rating>
   4.59
  </rating>
  <reviews>
   353221
  </reviews>
  <new>
   +
  </new>
  <sporty>
   no
  </sporty>
 </clothing>
 <clothing>
  <id>
   936078257
  </id>
  <name>
   Brooks Gloves F-5466
  </name>
  <category>
   Gloves
  </category>
  <size>
   XXL
  </size>
  <color>
   Голубой
  </color>
  <material>
   Нейлон
  </material>
  <price>
   357611
  </price>
  <rating>
   1.96
  </rating>
  <reviews>
   982619
  </reviews>
  <new>
   -
  </new>
  <exclusive>
   no
  </exclusive>
  <sporty>
   yes
  </sporty>
 </clothing>
 <clothing>
  <id>
   165842150
  </id>
  <name>
   Vans Pants Y-7835
  </name>
  <category>
   Pants
  </category>
  <size>
   XL
  </size>
  <color>
   Зеленый
  </color>
  <material>
   Лен
  </material>
  <price>
   321140
  </price>
  <rating>
   3.05
  </rating>
  <reviews>
   803897
  </reviews>
  <new>
   +
  </new>
  <exclusive>
   no
  </exclusive>
 </clothing>
 <clothing>
  <id>
   138485404
  </id>
  <name>
   Asics Gloves E-1792
  </name>
  <category>
   Gloves
  </category>
  <size>
   L
  </size>
  <color>
   Зеленый
  </color>
  <material>
   Вискоза
  </material>
  <price>
   939658
  </price>
  <rating>
   2.67
  </rating>
  <reviews>
   171946
  </reviews>
 </clothing>
 <clothing>
  <id>
   989295287
  </id>
  <name>
   Reebok Shoes O-1863
  </name>
  <category>
   Shoes
  </category>
  <size>
   M
  </size>
  <color>
   Красный
  </color>
  <material>
   Полиэстер
  </material>
  <price>
   495803
  </price>
  <rating>
   1.2
  </rating>
  <reviews>
   769088
  </reviews>
  <new>
   +
  </new>
 </clothing>
 <clothing>
  <id>
   350674874
  </id>
  <name>
   Ellesse Belts Q-5831
  </name>
  <category>
   Belts
  </category>
  <size>
   S
  </size>
  <color>
   Фиолетовый
  </color>
  <material>
   Лен
  </material>
  <price>
   599331
  </price>
  <rating>
   2.65
  </rating>
  <reviews>
   675658
  </reviews>
  <exclusive>
   no
  </exclusive>
  <sporty>
   yes
  </sporty>
 </clothing>
 <clothing>
  <id>
   439988830
  </id>
  <name>
   Adidas Skirt H-5312
  </name>
  <category>
   Skirt
  </category>
  <size>
   XL
  </size>
  <color>
   Красный
  </color>
  <material>
   Нейлон
  </material>
  <price>
   166883
  </price>
  <rating>
   1.78
  </rating>
  <reviews>
   573717
  </reviews>
  <new>
   +
  </new>
  <exclusive>
   yes
  </exclusive>
 </clothing>
 <clothing>
  <id>
   829001236
  </id>
  <name>
   Lacoste Umbrellas T-5542
  </name>
  <category>
   Umbrellas
  </category>
  <size>
   XL
  </size>
  <color>
   Голубой
  </color>
  <material>
   Шелк
  </material>
  <price>
   318753
  </price>
  <rating>
   1.49
  </rating>
  <reviews>
   202976
  </reviews>
  <new>
   -
  </new>
 </clothing>
 <clothing>
  <id>
   561692530
  </id>
  <name>
   Vans Skirt I-1720
  </name>
  <category>
   Skirt
  </category>
  <size>
   L
  </size>
  <color>
   Желтый
  </color>
  <material>
   Кожа
  </material>
  <price>
   167481
  </price>
  <rating>
   2.55
  </rating>
  <reviews>
   592636
  </reviews>
  <new>
   -
  </new>
  <exclusive>
   no
  </exclusive>
  <sporty>
   yes
  </sporty>
 </clothing>
 <clothing>
  <id>
   837306764
  </id>
  <name>
   Puma T-shirt H-2746
  </name>
  <category>
   T-shirt
  </category>
  <size>
   L
  </size>
  <color>
   Фиолетовый
  </color>
  <material>
   Хлопок
  </material>
  <price>
   722407
  </price>
  <rating>
   1.81
  </rating>
  <reviews>
   611031
  </reviews>
  <new>
   -
  </new>
  <exclusive>
   yes
  </exclusive>
  <sporty>
   no
  </sporty>
 </clothing>
 <clothing>
  <id>
   936867540
  </id>
  <name>
   Fila Pants Q-2094
  </name>
  <category>
   Pants
  </category>
  <size>
   S
  </size>
  <color>
   Зеленый
  </color>
  <material>
   Шелк
  </material>
  <price>
   601895
  </price>
  <rating>
   4.73
  </rating>
  <reviews>
   367206
  </reviews>
  <new>
   -
  </new>
  <exclusive>
   yes
  </exclusive>
 </clothing>
 <clothing>
  <id>
   227867815
  </id>
  <name>
   Under Armour Dress R-7210
  </name>
  <category>
   Dress
  </category>
  <size>
   XXL
  </size>
  <color>
   Фиолетовый
  </color>
  <material>
   Лен
  </material>
  <price>
   718079
  </price>
  <rating>
   2.82
  </rating>
  <reviews>
   706062
  </reviews>
  <exclusive>
   no
  </exclusive>
 </clothing>
 <clothing>
  <id>
   471852741
  </id>
  <name>
   Puma Dress R-7105
  </name>
  <category>
   Dress
  </category>
  <size>
   M
  </size>
  <color>
   Голубой
  </color>
  <material>
   Вискоза
  </material>
  <price>
   777769
  </price>
  <rating>
   2.51
  </rating>
  <reviews>
   561949
  </reviews>
  <new>
   +
  </new>
  <sporty>
   no
  </sporty>
 </clothing>
 <clothing>
  <id>
   202302095
  </id>
  <name>
   Addidas Belts T-7033
  </name>
  <category>
   Belts
  </category>
  <size>
   XL
  </size>
  <color>
   Желтый
  </color>
  <material>
   Кожа
  </material>
  <price>
   490407
  </price>
  <rating>
   3.37
  </rating>
  <reviews>
   220285
  </reviews>
  <new>
   +
  </new>
  <exclusive>
   no
  </exclusive>
 </clothing>
 <clothing>
  <id>
   534267996
  </id>
  <name>
   DC Skirt S-8263
  </name>
  <category>
   Skirt
  </category>
  <size>
   XXL
  </size>
  <color>
   Синий
  </color>
  <material>
   Хлопок
  </material>
  <price>
   165317
  </price>
  <rating>
   4.21
  </rating>
  <reviews>
   209986
  </reviews>
  <exclusive>
   yes
  </exclusive>
  <sporty>
   yes
  </sporty>
 </clothing>
 <clothing>
  <id>
   706891242
  </id>
  <name>
   Nike Pants D-3649
  </name>
  <category>
   Pants
  </category>
  <size>
   S
  </size>
  <color>
   Голубой
  </color>
  <material>
   Хлопок
  </material>
  <price>
   615410
  </price>
  <rating>
   2.98
  </rating>
  <reviews>
   422383
  </reviews>
  <new>
   +
  </new>
  <exclusive>
   no
  </exclusive>
 </clothing>
 <clothing>
  <id>
   922230521
  </id>
  <name>
   Lacoste T-shirt J-6932
  </name>
  <category>
   T-shirt
  </category>
  <size>
   L
  </size>
  <color>
   Фиолетовый
  </color>
  <material>
   Нейлон
  </material>
  <price>
   697157
  </price>
  <rating>
   1.6
  </rating>
  <reviews>
   460028
  </reviews>
  <sporty>
   no
  </sporty>
 </clothing>
 <clothing>
  <id>
   360235460
  </id>
  <name>
   Ellesse Shirt L-4983
  </name>
  <category>
   Shirt
  </category>
  <size>
   XL
  </size>
  <color>
   Оранжевый
  </color>
  <material>
   Лен
  </material>
  <price>
   410654
  </price>
  <rating>
   3.85
  </rating>
  <reviews>
   191535
  </reviews>
  <new>
   -
  </new>
  <exclusive>
   no
  </exclusive>
 </clothing>
 <clothing>
  <id>
   213046880
  </id>
  <name>
   Asics Socks R-6114
  </name>
  <category>
   Socks
  </category>
  <size>
   XL
  </size>
  <color>
   Синий
  </color>
  <material>
   Шерсть
  </material>
  <price>
   428326
  </price>
  <rating>
   2.78
  </rating>
  <reviews>
   44232
  </reviews>
  <new>
   -
  </new>
  <exclusive>
   no
  </exclusive>
  <sporty>
   yes
  </sporty>
 </clothing>
 <clothing>
  <id>
   977942762
  </id>
  <name>
   PleinSport Hat D-2613
  </name>
  <category>
   Hat
  </category>
  <size>
   XL
  </size>
  <color>
   Оранжевый
  </color>
  <material>
   Хлопок
  </material>
  <price>
   803495
  </price>
  <rating>
   2.79
  </rating>
  <reviews>
   179550
  </reviews>
  <new>
   -
  </new>
  <exclusive>
   no
  </exclusive>
 </clothing>
 <clothing>
  <id>
   680540448
  </id>
  <name>
   Vans Hat V-4598
  </name>
  <category>
   Hat
  </category>
  <size>
   L
  </size>
  <color>
   Красный
  </color>
  <material>
   Хлопок
  </material>
  <price>
   779524
  </price>
  <rating>
   4.52
  </rating>
  <reviews>
   457991
  </reviews>
  <exclusive>
   yes
  </exclusive>
  <sporty>
   yes
  </sporty>
 </clothing>
 <clothing>
  <id>
   949421322
  </id>
  <name>
   Brooks Blouse L-1724
  </name>
  <category>
   Blouse
  </category>
  <size>
   XL
  </size>
  <color>
   Желтый
  </color>
  <material>
   Полиэстер
  </material>
  <price>
   113705
  </price>
  <rating>
   4.05
  </rating>
  <reviews>
   234736
  </reviews>
  <new>
   +
  </new>
  <sporty>
   yes
  </sporty>
 </clothing>
 <clothing>
  <id>
   704922865
  </id>
  <name>
   DC Jacket V-9544
  </name>
  <category>
   Jacket
  </category>
  <size>
   M
  </size>
  <color>
   Синий
  </color>
  <material>
   Шелк
  </material>
  <price>
   737361
  </price>
  <rating>
   3.6
  </rating>
  <reviews>
   20017
  </reviews>
  <exclusive>
   no
  </exclusive>
 </clothing>
 <clothing>
  <id>
   660864430
  </id>
  <name>
   Vans Belts J-8390
  </name>
  <category>
   Belts
  </category>
  <size>
   XXL
  </size>
  <color>
   Оранжевый
  </color>
  <material>
   Шелк
  </material>
  <price>
   226758
  </price>
  <rating>
   1.04
  </rating>
  <reviews>
   794569
  </reviews>
  <sporty>
   yes
  </sporty>
 </clothing>
 <clothing>
  <id>
   996445751
  </id>
  <name>
   PleinSport Skirt Y-8339
  </name>
  <category>
   Skirt
  </category>
  <size>
   M
  </size>
  <color>
   Синий
  </color>
  <material>
   Шерсть
  </material>
  <price>
   676315
  </price>
  <rating>
   2.49
  </rating>
  <reviews>
   366792
  </reviews>
  <new>
   +
  </new>
  <exclusive>
   no
  </exclusive>
  <sporty>
   yes
  </sporty>
 </clothing>
 <clothing>
  <id>
   289695916
  </id>
  <name>
   New Balance Hat A-4691
  </name>
  <category>
   Hat
  </category>
  <size>
   S
  </size>
  <color>
   Синий
  </color>
  <material>
   Полиэстер
  </material>
  <price>
   680849
  </price>
  <rating>
   2.89
  </rating>
  <reviews>
   918141
  </reviews>
  <new>
   -
  </new>
  <exclusive>
   yes
  </exclusive>
  <sporty>
   no
  </sporty>
 </clothing>
 <clothing>
  <id>
   747529286
  </id>
  <name>
   Lacoste Umbrellas E-6574
  </name>
  <category>
   Umbrellas
  </category>
  <size>
   XL
  </size>
  <color>
   Голубой
  </color>
  <material>
   Лен
  </material>
  <price>
   714939
  </price>
  <rating>
   1.63
  </rating>
  <reviews>
   890197
  </reviews>
  <new>
   -
  </new>
 </clothing>
 <clothing>
  <id>
   995116043
  </id>
  <name>
   Vans Gloves N-1597
  </name>
  <category>
   Gloves
  </category>
  <size>
   XL
  </size>
  <color>
   Желтый
  </color>
  <material>
   Шерсть
  </material>
  <price>
   717271
  </price>
  <rating>
   1.09
  </rating>
  <reviews>
   78825
  </reviews>
  <new>
   -
  </new>
  <exclusive>
   no
  </exclusive>
 </clothing>
 <clothing>
  <id>
   974151153
  </id>
  <name>
   Brooks T-shirt A-7398
  </name>
  <category>
   T-shirt
  </category>
  <size>
   XXL
  </size>
  <color>
   Синий
  </color>
  <material>
   Кожа
  </material>
  <price>
   845354
  </price>
  <rating>
   3.62
  </rating>
  <reviews>
   563783
  </reviews>
  <new>
   -
  </new>
  <sporty>
   no
  </sporty>
 </clothing>
 <clothing>
  <id>
   944629624
  </id>
  <name>
   Lacoste Skirt D-2899
  </name>
  <category>
   Skirt
  </category>
  <size>
   XL
  </size>
  <color>
   Оранжевый
  </color>
  <material>
   Хлопок
  </material>
  <price>
   450487
  </price>
  <rating>
   2.34
  </rating>
  <reviews>
   276873
  </reviews>
  <new>
   -
  </new>
 </clothing>
 <clothing>
  <id>
   443494706
  </id>
  <name>
   Reebok Pants B-6990
  </name>
  <category>
   Pants
  </category>
  <size>
   XL
  </size>
  <color>
   Оранжевый
  </color>
  <material>
   Полиэстер
  </material>
  <price>
   883237
  </price>
  <rating>
   2.74
  </rating>
  <reviews>
   391823
  </reviews>
  <new>
   +
  </new>
  <exclusive>
   no
  </exclusive>
  <sporty>
   no
  </sporty>
 </clothing>
 <clothing>
  <id>
   195237308
  </id>
  <name>
   Puma Umbrellas X-1991
  </name>
  <category>
   Umbrellas
  </category>
  <size>
   XXL
  </size>
  <color>
   Красный
  </color>
  <material>
   Хлопок
  </material>
  <price>
   873913
  </price>
  <rating>
   1.42
  </rating>
  <reviews>
   256272
  </reviews>
  <exclusive>
   yes
  </exclusive>
 </clothing>
 <clothing>
  <id>
   191300550
  </id>
  <name>
   Ellesse Jacket M-9104
  </name>
  <category>
   Jacket
  </category>
  <size>
   L
  </size>
  <color>
   Красный
  </color>
  <material>
   Хлопок
  </material>
  <price>
   484895
  </price>
  <rating>
   2.54
  </rating>
  <reviews>
   56717
  </reviews>
  <new>
   +
  </new>
 </clothing>
 <clothing>
  <id>
   780122849
  </id>
  <name>
   Lacoste Dress O-5707
  </name>
  <category>
   Dress
  </category>
  <size>
   XXL
  </size>
  <color>
   Желтый
  </color>
  <material>
   Лен
  </material>
  <price>
   865193
  </price>
  <rating>
   1.37
  </rating>
  <reviews>
   602935
  </reviews>
  <exclusive>
   yes
  </exclusive>
 </clothing>
 <clothing>
  <id>
   125967316
  </id>
  <name>
   DC Jacket V-3092
  </name>
  <category>
   Jacket
  </category>
  <size>
   S
  </size>
  <color>
   Фиолетовый
  </color>
  <material>
   Хлопок
  </material>
  <price>
   784539
  </price>
  <rating>
   1.86
  </rating>
  <reviews>
   389152
  </reviews>
  <exclusive>
   no
  </exclusive>
  <sporty>
   no
  </sporty>
 </clothing>
 <clothing>
  <id>
   180047924
  </id>
  <name>
   Converse Socks A-9305
  </name>
  <category>
   Socks
  </category>
  <size>
   M
  </size>
  <color>
   Голубой
  </color>
  <material>
   Полиэстер
  </material>
  <price>
   626112
  </price>
  <rating>
   3.19
  </rating>
  <reviews>
   17680
  </reviews>
  <new>
   -
  </new>
  <sporty>
   yes
  </sporty>
 </clothing>
 <clothing>
  <id>
   295080314
  </id>
  <name>
   Nike Belts O-9837
  </name>
  <category>
   Belts
  </category>
  <size>
   M
  </size>
  <color>
   Красный
  </color>
  <material>
   Вискоза
  </material>
  <price>
   631051
  </price>
  <rating>
   3.03
  </rating>
  <reviews>
   324368
  </reviews>
  <new>
   +
  </new>
  <exclusive>
   no
  </exclusive>
  <sporty>
   yes
  </sporty>
 </clothing>
 <clothing>
  <id>
   666965832
  </id>
  <name>
   Brooks Pants G-4990
  </name>
  <category>
   Pants
  </category>
  <size>
   XL
  </size>
  <color>
   Фиолетовый
  </color>
  <material>
   Кожа
  </material>
  <price>
   839485
  </price>
  <rating>
   3.62
  </rating>
  <reviews>
   861576
  </reviews>
  <new>
   +
  </new>
  <sporty>
   no
  </sporty>
 </clothing>
 <clothing>
  <id>
   516533593
  </id>
  <name>
   Asics Skirt D-3819
  </name>
  <category>
   Skirt
  </category>
  <size>
   XL
  </size>
  <color>
   Синий
  </color>
  <material>
   Лен
  </material>
  <price>
   509396
  </price>
  <rating>
   4.46
  </rating>
  <reviews>
   187451
  </reviews>
  <new>
   -
  </new>
  <exclusive>
   no
  </exclusive>
  <sporty>
   no
  </sporty>
 </clothing>
 <clothing>
  <id>
   326915468
  </id>
  <name>
   Ellesse Gloves H-7131
  </name>
  <category>
   Gloves
  </category>
  <size>
   XL
  </size>
  <color>
   Голубой
  </color>
  <material>
   Полиэстер
  </material>
  <price>
   981012
  </price>
  <rating>
   2.84
  </rating>
  <reviews>
   649094
  </reviews>
  <new>
   +
  </new>
  <sporty>
   no
  </sporty>
 </clothing>
 <clothing>
  <id>
   712846333
  </id>
  <name>
   Converse Shoes G-9829
  </name>
  <category>
   Shoes
  </category>
  <size>
   XL
  </size>
  <color>
   Фиолетовый
  </color>
  <material>
   Шелк
  </material>
  <price>
   294529
  </price>
  <rating>
   2.02
  </rating>
  <reviews>
   537043
  </reviews>
  <new>
   -
  </new>
  <exclusive>
   no
  </exclusive>
  <sporty>
   yes
  </sporty>
 </clothing>
 <clothing>
  <id>
   557398000
  </id>
  <name>
   Adidas Belts U-8500
  </name>
  <category>
   Belts
  </category>
  <size>
   XXL
  </size>
  <color>
   Зеленый
  </color>
  <material>
   Полиэстер
  </material>
  <price>
   786744
  </price>
  <rating>
   3.74
  </rating>
  <reviews>
   389289
  </reviews>
  <exclusive>
   yes
  </exclusive>
  <sporty>
   no
  </sporty>
 </clothing>
 <clothing>
  <id>
   304929914
  </id>
  <name>
   Nike Shoes F-4402
  </name>
  <category>
   Shoes
  </category>
  <size>
   M
  </size>
  <color>
   Оранжевый
  </color>
  <material>
   Лен
  </material>
  <price>
   112082
  </price>
  <rating>
   4.35
  </rating>
  <reviews>
   424483
  </reviews>
  <exclusive>
   no
  </exclusive>
  <sporty>
   yes
  </sporty>
 </clothing>
 <clothing>
  <id>
   555852214
  </id>
  <name>
   DC T-shirt E-2873
  </name>
  <category>
   T-shirt
  </category>
  <size>
   S
  </size>
  <color>
   Голубой
  </color>
  <material>
   Нейлон
  </material>
  <price>
   936315
  </price>
  <rating>
   3.02
  </rating>
  <reviews>
   468108
  </reviews>
  <new>
   -
  </new>
  <exclusive>
   yes
  </exclusive>
 </clothing>
</clothing-items>
