<?xml version="1.0" encoding="utf-8"?>
<clothing-items>
 <clothing>
  <id>
   432379026
  </id>
  <name>
   Nike T-shirt R-3778
  </name>
  <category>
   T-shirt
  </category>
  <size>
   XL
  </size>
  <color>
   Зеленый
  </color>
  <material>
   Вискоза
  </material>
  <price>
   250561
  </price>
  <rating>
   3.02
  </rating>
  <reviews>
   160447
  </reviews>
  <exclusive>
   no
  </exclusive>
  <sporty>
   no
  </sporty>
 </clothing>
 <clothing>
  <id>
   114590005
  </id>
  <name>
   DC T-shirt Z-7008
  </name>
  <category>
   T-shirt
  </category>
  <size>
   XL
  </size>
  <color>
   Красный
  </color>
  <material>
   Шерсть
  </material>
  <price>
   119330
  </price>
  <rating>
   3.85
  </rating>
  <reviews>
   332395
  </reviews>
  <exclusive>
   yes
  </exclusive>
 </clothing>
 <clothing>
  <id>
   313557053
  </id>
  <name>
   DC Shirt L-7716
  </name>
  <category>
   Shirt
  </category>
  <size>
   L
  </size>
  <color>
   Голубой
  </color>
  <material>
   Полиэстер
  </material>
  <price>
   371531
  </price>
  <rating>
   1.24
  </rating>
  <reviews>
   234334
  </reviews>
  <new>
   +
  </new>
  <exclusive>
   yes
  </exclusive>
 </clothing>
 <clothing>
  <id>
   714214780
  </id>
  <name>
   Asics Belts E-4327
  </name>
  <category>
   Belts
  </category>
  <size>
   XXL
  </size>
  <color>
   Желтый
  </color>
  <material>
   Шерсть
  </material>
  <price>
   211076
  </price>
  <rating>
   1.49
  </rating>
  <reviews>
   393663
  </reviews>
  <new>
   -
  </new>
  <sporty>
   no
  </sporty>
 </clothing>
 <clothing>
  <id>
   375987627
  </id>
  <name>
   Fila Jeans J-4739
  </name>
  <category>
   Jeans
  </category>
  <size>
   L
  </size>
  <color>
   Фиолетовый
  </color>
  <material>
   Шелк
  </material>
  <price>
   643742
  </price>
  <rating>
   3.94
  </rating>
  <reviews>
   960804
  </reviews>
  <new>
   -
  </new>
  <sporty>
   yes
  </sporty>
 </clothing>
 <clothing>
  <id>
   195384486
  </id>
  <name>
   Vans Handbags X-5951
  </name>
  <category>
   Handbags
  </category>
  <size>
   L
  </size>
  <color>
   Желтый
  </color>
  <material>
   Лен
  </material>
  <price>
   179274
  </price>
  <rating>
   3.57
  </rating>
  <reviews>
   542574
  </reviews>
  <exclusive>
   yes
  </exclusive>
  <sporty>
   no
  </sporty>
 </clothing>
 <clothing>
  <id>
   475729404
  </id>
  <name>
   Nike Blouse G-4214
  </name>
  <category>
   Blouse
  </category>
  <size>
   M
  </size>
  <color>
   Оранжевый
  </color>
  <material>
   Шерсть
  </material>
  <price>
   233320
  </price>
  <rating>
   2.4
  </rating>
  <reviews>
   759565
  </reviews>
  <exclusive>
   no
  </exclusive>
  <sporty>
   no
  </sporty>
 </clothing>
 <clothing>
  <id>
   162473402
  </id>
  <name>
   Vans Jacket R-3473
  </name>
  <category>
   Jacket
  </category>
  <size>
   S
  </size>
  <color>
   Синий
  </color>
  <material>
   Вискоза
  </material>
  <price>
   999891
  </price>
  <rating>
   3.14
  </rating>
  <reviews>
   461527
  </reviews>
  <sporty>
   no
  </sporty>
 </clothing>
 <clothing>
  <id>
   927226031
  </id>
  <name>
   DC Gloves J-5219
  </name>
  <category>
   Gloves
  </category>
  <size>
   M
  </size>
  <color>
   Голубой
  </color>
  <material>
   Хлопок
  </material>
  <price>
   629279
  </price>
  <rating>
   3.09
  </rating>
  <reviews>
   984436
  </reviews>
  <new>
   -
  </new>
  <exclusive>
   no
  </exclusive>
 </clothing>
 <clothing>
  <id>
   187514960
  </id>
  <name>
   Fila Shoes U-3271
  </name>
  <category>
   Shoes
  </category>
  <size>
   XL
  </size>
  <color>
   Оранжевый
  </color>
  <material>
   Нейлон
  </material>
  <price>
   288525
  </price>
  <rating>
   2.66
  </rating>
  <reviews>
   469303
  </reviews>
  <new>
   +
  </new>
  <exclusive>
   yes
  </exclusive>
 </clothing>
 <clothing>
  <id>
   684672672
  </id>
  <name>
   Puma Gloves S-1387
  </name>
  <category>
   Gloves
  </category>
  <size>
   XL
  </size>
  <color>
   Зеленый
  </color>
  <material>
   Кожа
  </material>
  <price>
   430241
  </price>
  <rating>
   2.56
  </rating>
  <reviews>
   298594
  </reviews>
  <new>
   -
  </new>
  <exclusive>
   no
  </exclusive>
 </clothing>
 <clothing>
  <id>
   495501937
  </id>
  <name>
   Puma Hat F-3268
  </name>
  <category>
   Hat
  </category>
  <size>
   XXL
  </size>
  <color>
   Оранжевый
  </color>
  <material>
   Полиэстер
  </material>
  <price>
   482396
  </price>
  <rating>
   4.04
  </rating>
  <reviews>
   384194
  </reviews>
  <new>
   -
  </new>
  <exclusive>
   no
  </exclusive>
  <sporty>
   yes
  </sporty>
 </clothing>
 <clothing>
  <id>
   408399013
  </id>
  <name>
   Nike Handbags S-4632
  </name>
  <category>
   Handbags
  </category>
  <size>
   XL
  </size>
  <color>
   Оранжевый
  </color>
  <material>
   Шерсть
  </material>
  <price>
   554712
  </price>
  <rating>
   2.9
  </rating>
  <reviews>
   433142
  </reviews>
  <exclusive>
   no
  </exclusive>
  <sporty>
   no
  </sporty>
 </clothing>
 <clothing>
  <id>
   542257171
  </id>
  <name>
   Nike T-shirt X-7969
  </name>
  <category>
   T-shirt
  </category>
  <size>
   XXL
  </size>
  <color>
   Желтый
  </color>
  <material>
   Шерсть
  </material>
  <price>
   491029
  </price>
  <rating>
   3.04
  </rating>
  <reviews>
   482508
  </reviews>
  <new>
   -
  </new>
  <exclusive>
   yes
  </exclusive>
  <sporty>
   no
  </sporty>
 </clothing>
 <clothing>
  <id>
   840947922
  </id>
  <name>
   New Balance Shirt W-5142
  </name>
  <category>
   Shirt
  </category>
  <size>
   L
  </size>
  <color>
   Желтый
  </color>
  <material>
   Шелк
  </material>
  <price>
   661457
  </price>
  <rating>
   3.28
  </rating>
  <reviews>
   816820
  </reviews>
  <new>
   -
  </new>
 </clothing>
 <clothing>
  <id>
   663963630
  </id>
  <name>
   Reebok Handbags P-7601
  </name>
  <category>
   Handbags
  </category>
  <size>
   S
  </size>
  <color>
   Зеленый
  </color>
  <material>
   Нейлон
  </material>
  <price>
   736306
  </price>
  <rating>
   4.92
  </rating>
  <reviews>
   368717
  </reviews>
  <exclusive>
   yes
  </exclusive>
  <sporty>
   yes
  </sporty>
 </clothing>
 <clothing>
  <id>
   298803535
  </id>
  <name>
   Under Armour Jeans G-9390
  </name>
  <category>
   Jeans
  </category>
  <size>
   XXL
  </size>
  <color>
   Желтый
  </color>
  <material>
   Хлопок
  </material>
  <price>
   918500
  </price>
  <rating>
   4.27
  </rating>
  <reviews>
   482818
  </reviews>
  <exclusive>
   no
  </exclusive>
  <sporty>
   yes
  </sporty>
 </clothing>
 <clothing>
  <id>
   523517588
  </id>
  <name>
   Under Armour Umbrellas L-8965
  </name>
  <category>
   Umbrellas
  </category>
  <size>
   XL
  </size>
  <color>
   Зеленый
  </color>
  <material>
   Хлопок
  </material>
  <price>
   168315
  </price>
  <rating>
   4.36
  </rating>
  <reviews>
   804895
  </reviews>
  <sporty>
   no
  </sporty>
 </clothing>
 <clothing>
  <id>
   844098736
  </id>
  <name>
   Converse Socks W-1699
  </name>
  <category>
   Socks
  </category>
  <size>
   M
  </size>
  <color>
   Фиолетовый
  </color>
  <material>
   Полиэстер
  </material>
  <price>
   122098
  </price>
  <rating>
   3.57
  </rating>
  <reviews>
   653591
  </reviews>
  <new>
   -
  </new>
  <exclusive>
   no
  </exclusive>
  <sporty>
   no
  </sporty>
 </clothing>
 <clothing>
  <id>
   633578287
  </id>
  <name>
   Brooks Pants W-3191
  </name>
  <category>
   Pants
  </category>
  <size>
   XL
  </size>
  <color>
   Голубой
  </color>
  <material>
   Лен
  </material>
  <price>
   903316
  </price>
  <rating>
   2.78
  </rating>
  <reviews>
   605488
  </reviews>
  <new>
   -
  </new>
  <exclusive>
   no
  </exclusive>
  <sporty>
   yes
  </sporty>
 </clothing>
 <clothing>
  <id>
   456948112
  </id>
  <name>
   Addidas Hat K-1863
  </name>
  <category>
   Hat
  </category>
  <size>
   L
  </size>
  <color>
   Синий
  </color>
  <material>
   Шелк
  </material>
  <price>
   575056
  </price>
  <rating>
   2.43
  </rating>
  <reviews>
   264211
  </reviews>
  <exclusive>
   no
  </exclusive>
  <sporty>
   no
  </sporty>
 </clothing>
 <clothing>
  <id>
   999500652
  </id>
  <name>
   Converse Jacket J-8431
  </name>
  <category>
   Jacket
  </category>
  <size>
   L
  </size>
  <color>
   Фиолетовый
  </color>
  <material>
   Хлопок
  </material>
  <price>
   640722
  </price>
  <rating>
   4.83
  </rating>
  <reviews>
   847801
  </reviews>
  <new>
   +
  </new>
  <exclusive>
   no
  </exclusive>
 </clothing>
 <clothing>
  <id>
   303157903
  </id>
  <name>
   New Balance Umbrellas R-1015
  </name>
  <category>
   Umbrellas
  </category>
  <size>
   S
  </size>
  <color>
   Голубой
  </color>
  <material>
   Шелк
  </material>
  <price>
   462597
  </price>
  <rating>
   3.2
  </rating>
  <reviews>
   542408
  </reviews>
  <new>
   -
  </new>
  <exclusive>
   no
  </exclusive>
 </clothing>
</clothing-items>
