<?xml version="1.0" encoding="utf-8"?>
<clothing-items>
 <clothing>
  <id>
   756078760
  </id>
  <name>
   Vans Belts W-6560
  </name>
  <category>
   Belts
  </category>
  <size>
   L
  </size>
  <color>
   Голубой
  </color>
  <material>
   Шерсть
  </material>
  <price>
   716941
  </price>
  <rating>
   2.65
  </rating>
  <reviews>
   846523
  </reviews>
 </clothing>
 <clothing>
  <id>
   889774362
  </id>
  <name>
   Ellesse Skirt G-4105
  </name>
  <category>
   Skirt
  </category>
  <size>
   L
  </size>
  <color>
   Синий
  </color>
  <material>
   Лен
  </material>
  <price>
   404456
  </price>
  <rating>
   1.43
  </rating>
  <reviews>
   854112
  </reviews>
  <new>
   -
  </new>
  <exclusive>
   yes
  </exclusive>
 </clothing>
 <clothing>
  <id>
   704941869
  </id>
  <name>
   DC Shoes S-2089
  </name>
  <category>
   Shoes
  </category>
  <size>
   L
  </size>
  <color>
   Желтый
  </color>
  <material>
   Кожа
  </material>
  <price>
   892734
  </price>
  <rating>
   4.88
  </rating>
  <reviews>
   949501
  </reviews>
  <exclusive>
   yes
  </exclusive>
 </clothing>
 <clothing>
  <id>
   904706183
  </id>
  <name>
   Brooks Hat R-2305
  </name>
  <category>
   Hat
  </category>
  <size>
   S
  </size>
  <color>
   Фиолетовый
  </color>
  <material>
   Вискоза
  </material>
  <price>
   546722
  </price>
  <rating>
   4.95
  </rating>
  <reviews>
   483686
  </reviews>
  <exclusive>
   yes
  </exclusive>
 </clothing>
 <clothing>
  <id>
   387398188
  </id>
  <name>
   PleinSport Jeans N-9533
  </name>
  <category>
   Jeans
  </category>
  <size>
   L
  </size>
  <color>
   Фиолетовый
  </color>
  <material>
   Полиэстер
  </material>
  <price>
   653390
  </price>
  <rating>
   4.87
  </rating>
  <reviews>
   66866
  </reviews>
  <exclusive>
   no
  </exclusive>
  <sporty>
   yes
  </sporty>
 </clothing>
 <clothing>
  <id>
   279202898
  </id>
  <name>
   Adidas Jacket U-9475
  </name>
  <category>
   Jacket
  </category>
  <size>
   M
  </size>
  <color>
   Фиолетовый
  </color>
  <material>
   Хлопок
  </material>
  <price>
   722061
  </price>
  <rating>
   4.37
  </rating>
  <reviews>
   621197
  </reviews>
  <exclusive>
   yes
  </exclusive>
  <sporty>
   no
  </sporty>
 </clothing>
 <clothing>
  <id>
   579973678
  </id>
  <name>
   Brooks Socks P-9843
  </name>
  <category>
   Socks
  </category>
  <size>
   L
  </size>
  <color>
   Зеленый
  </color>
  <material>
   Полиэстер
  </material>
  <price>
   611923
  </price>
  <rating>
   4.96
  </rating>
  <reviews>
   716059
  </reviews>
  <new>
   -
  </new>
 </clothing>
 <clothing>
  <id>
   393423290
  </id>
  <name>
   Reebok Pants K-1157
  </name>
  <category>
   Pants
  </category>
  <size>
   L
  </size>
  <color>
   Голубой
  </color>
  <material>
   Хлопок
  </material>
  <price>
   737918
  </price>
  <rating>
   1.14
  </rating>
  <reviews>
   150419
  </reviews>
  <exclusive>
   no
  </exclusive>
  <sporty>
   yes
  </sporty>
 </clothing>
 <clothing>
  <id>
   292970537
  </id>
  <name>
   New Balance Umbrellas W-7837
  </name>
  <category>
   Umbrellas
  </category>
  <size>
   XXL
  </size>
  <color>
   Синий
  </color>
  <material>
   Хлопок
  </material>
  <price>
   645183
  </price>
  <rating>
   3.59
  </rating>
  <reviews>
   587504
  </reviews>
  <new>
   +
  </new>
  <exclusive>
   no
  </exclusive>
  <sporty>
   yes
  </sporty>
 </clothing>
 <clothing>
  <id>
   426346334
  </id>
  <name>
   PleinSport Pants K-2910
  </name>
  <category>
   Pants
  </category>
  <size>
   XXL
  </size>
  <color>
   Синий
  </color>
  <material>
   Кожа
  </material>
  <price>
   411424
  </price>
  <rating>
   1.31
  </rating>
  <reviews>
   365289
  </reviews>
  <new>
   -
  </new>
  <sporty>
   yes
  </sporty>
 </clothing>
 <clothing>
  <id>
   409847028
  </id>
  <name>
   Lacoste Handbags A-3221
  </name>
  <category>
   Handbags
  </category>
  <size>
   M
  </size>
  <color>
   Голубой
  </color>
  <material>
   Нейлон
  </material>
  <price>
   447047
  </price>
  <rating>
   3.71
  </rating>
  <reviews>
   350213
  </reviews>
  <new>
   -
  </new>
  <exclusive>
   no
  </exclusive>
  <sporty>
   no
  </sporty>
 </clothing>
 <clothing>
  <id>
   743404447
  </id>
  <name>
   Ellesse Socks S-9985
  </name>
  <category>
   Socks
  </category>
  <size>
   M
  </size>
  <color>
   Фиолетовый
  </color>
  <material>
   Полиэстер
  </material>
  <price>
   999813
  </price>
  <rating>
   3.53
  </rating>
  <reviews>
   56560
  </reviews>
  <new>
   -
  </new>
  <sporty>
   no
  </sporty>
 </clothing>
 <clothing>
  <id>
   774605794
  </id>
  <name>
   Brooks Gloves G-5831
  </name>
  <category>
   Gloves
  </category>
  <size>
   XXL
  </size>
  <color>
   Голубой
  </color>
  <material>
   Нейлон
  </material>
  <price>
   561714
  </price>
  <rating>
   2.62
  </rating>
  <reviews>
   17726
  </reviews>
  <new>
   -
  </new>
 </clothing>
 <clothing>
  <id>
   658506323
  </id>
  <name>
   DC Pants N-9175
  </name>
  <category>
   Pants
  </category>
  <size>
   M
  </size>
  <color>
   Желтый
  </color>
  <material>
   Шелк
  </material>
  <price>
   388821
  </price>
  <rating>
   2.32
  </rating>
  <reviews>
   338684
  </reviews>
  <exclusive>
   yes
  </exclusive>
 </clothing>
 <clothing>
  <id>
   304724601
  </id>
  <name>
   Addidas Jacket Y-7454
  </name>
  <category>
   Jacket
  </category>
  <size>
   XL
  </size>
  <color>
   Зеленый
  </color>
  <material>
   Лен
  </material>
  <price>
   806171
  </price>
  <rating>
   3.7
  </rating>
  <reviews>
   701030
  </reviews>
  <new>
   -
  </new>
  <exclusive>
   no
  </exclusive>
 </clothing>
 <clothing>
  <id>
   612719294
  </id>
  <name>
   New Balance Socks N-8749
  </name>
  <category>
   Socks
  </category>
  <size>
   XL
  </size>
  <color>
   Голубой
  </color>
  <material>
   Шерсть
  </material>
  <price>
   146863
  </price>
  <rating>
   4.42
  </rating>
  <reviews>
   748927
  </reviews>
  <new>
   -
  </new>
  <exclusive>
   no
  </exclusive>
  <sporty>
   no
  </sporty>
 </clothing>
 <clothing>
  <id>
   827031379
  </id>
  <name>
   PleinSport Gloves E-8187
  </name>
  <category>
   Gloves
  </category>
  <size>
   S
  </size>
  <color>
   Оранжевый
  </color>
  <material>
   Лен
  </material>
  <price>
   568687
  </price>
  <rating>
   3.34
  </rating>
  <reviews>
   15691
  </reviews>
 </clothing>
 <clothing>
  <id>
   146100656
  </id>
  <name>
   Asics Blouse Q-5905
  </name>
  <category>
   Blouse
  </category>
  <size>
   XXL
  </size>
  <color>
   Синий
  </color>
  <material>
   Хлопок
  </material>
  <price>
   309202
  </price>
  <rating>
   3.63
  </rating>
  <reviews>
   275312
  </reviews>
  <new>
   -
  </new>
  <exclusive>
   no
  </exclusive>
 </clothing>
 <clothing>
  <id>
   279702422
  </id>
  <name>
   Asics Gloves U-5141
  </name>
  <category>
   Gloves
  </category>
  <size>
   M
  </size>
  <color>
   Зеленый
  </color>
  <material>
   Вискоза
  </material>
  <price>
   775679
  </price>
  <rating>
   1.59
  </rating>
  <reviews>
   980080
  </reviews>
  <new>
   -
  </new>
  <sporty>
   no
  </sporty>
 </clothing>
 <clothing>
  <id>
   266468347
  </id>
  <name>
   Brooks Jacket I-7059
  </name>
  <category>
   Jacket
  </category>
  <size>
   L
  </size>
  <color>
   Оранжевый
  </color>
  <material>
   Хлопок
  </material>
  <price>
   638829
  </price>
  <rating>
   3.89
  </rating>
  <reviews>
   403220
  </reviews>
  <new>
   -
  </new>
 </clothing>
 <clothing>
  <id>
   834857459
  </id>
  <name>
   Adidas Pants H-9205
  </name>
  <category>
   Pants
  </category>
  <size>
   XXL
  </size>
  <color>
   Синий
  </color>
  <material>
   Шелк
  </material>
  <price>
   386388
  </price>
  <rating>
   1.31
  </rating>
  <reviews>
   514729
  </reviews>
  <new>
   -
  </new>
  <exclusive>
   no
  </exclusive>
  <sporty>
   no
  </sporty>
 </clothing>
 <clothing>
  <id>
   547769404
  </id>
  <name>
   Adidas Sweater W-7168
  </name>
  <category>
   Sweater
  </category>
  <size>
   L
  </size>
  <color>
   Красный
  </color>
  <material>
   Шерсть
  </material>
  <price>
   894595
  </price>
  <rating>
   1.75
  </rating>
  <reviews>
   797009
  </reviews>
  <new>
   -
  </new>
 </clothing>
 <clothing>
  <id>
   378711929
  </id>
  <name>
   Brooks Pants F-3054
  </name>
  <category>
   Pants
  </category>
  <size>
   M
  </size>
  <color>
   Желтый
  </color>
  <material>
   Полиэстер
  </material>
  <price>
   507586
  </price>
  <rating>
   4.0
  </rating>
  <reviews>
   503335
  </reviews>
  <exclusive>
   yes
  </exclusive>
 </clothing>
 <clothing>
  <id>
   278876245
  </id>
  <name>
   Lacoste Umbrellas E-8432
  </name>
  <category>
   Umbrellas
  </category>
  <size>
   XL
  </size>
  <color>
   Фиолетовый
  </color>
  <material>
   Нейлон
  </material>
  <price>
   211956
  </price>
  <rating>
   4.78
  </rating>
  <reviews>
   860231
  </reviews>
  <new>
   -
  </new>
 </clothing>
 <clothing>
  <id>
   782124836
  </id>
  <name>
   DC Shirt H-9592
  </name>
  <category>
   Shirt
  </category>
  <size>
   M
  </size>
  <color>
   Оранжевый
  </color>
  <material>
   Кожа
  </material>
  <price>
   114302
  </price>
  <rating>
   1.91
  </rating>
  <reviews>
   957072
  </reviews>
  <new>
   +
  </new>
  <exclusive>
   no
  </exclusive>
  <sporty>
   yes
  </sporty>
 </clothing>
 <clothing>
  <id>
   261510348
  </id>
  <name>
   Addidas Jeans V-4819
  </name>
  <category>
   Jeans
  </category>
  <size>
   L
  </size>
  <color>
   Синий
  </color>
  <material>
   Нейлон
  </material>
  <price>
   837578
  </price>
  <rating>
   1.77
  </rating>
  <reviews>
   730917
  </reviews>
  <new>
   -
  </new>
  <exclusive>
   yes
  </exclusive>
 </clothing>
 <clothing>
  <id>
   224275407
  </id>
  <name>
   Reebok Dress X-4130
  </name>
  <category>
   Dress
  </category>
  <size>
   S
  </size>
  <color>
   Зеленый
  </color>
  <material>
   Полиэстер
  </material>
  <price>
   179610
  </price>
  <rating>
   2.97
  </rating>
  <reviews>
   639010
  </reviews>
  <new>
   +
  </new>
  <exclusive>
   no
  </exclusive>
 </clothing>
 <clothing>
  <id>
   413247933
  </id>
  <name>
   Lacoste Blouse N-7276
  </name>
  <category>
   Blouse
  </category>
  <size>
   XXL
  </size>
  <color>
   Оранжевый
  </color>
  <material>
   Полиэстер
  </material>
  <price>
   790373
  </price>
  <rating>
   1.35
  </rating>
  <reviews>
   985752
  </reviews>
  <new>
   +
  </new>
  <exclusive>
   yes
  </exclusive>
  <sporty>
   yes
  </sporty>
 </clothing>
</clothing-items>
