<?xml version="1.0" encoding="utf-8"?>
<clothing-items>
 <clothing>
  <id>
   438226839
  </id>
  <name>
   PleinSport Hat S-2338
  </name>
  <category>
   Hat
  </category>
  <size>
   XXL
  </size>
  <color>
   Голубой
  </color>
  <material>
   Лен
  </material>
  <price>
   298432
  </price>
  <rating>
   4.19
  </rating>
  <reviews>
   40501
  </reviews>
  <new>
   -
  </new>
  <exclusive>
   no
  </exclusive>
  <sporty>
   no
  </sporty>
 </clothing>
 <clothing>
  <id>
   569799658
  </id>
  <name>
   DC Shoes W-9151
  </name>
  <category>
   Shoes
  </category>
  <size>
   XXL
  </size>
  <color>
   Синий
  </color>
  <material>
   Нейлон
  </material>
  <price>
   557977
  </price>
  <rating>
   1.98
  </rating>
  <reviews>
   973201
  </reviews>
  <exclusive>
   no
  </exclusive>
 </clothing>
 <clothing>
  <id>
   885934066
  </id>
  <name>
   Brooks Jacket O-7056
  </name>
  <category>
   Jacket
  </category>
  <size>
   M
  </size>
  <color>
   Зеленый
  </color>
  <material>
   Кожа
  </material>
  <price>
   402328
  </price>
  <rating>
   1.55
  </rating>
  <reviews>
   585625
  </reviews>
  <new>
   -
  </new>
  <exclusive>
   no
  </exclusive>
 </clothing>
 <clothing>
  <id>
   960802889
  </id>
  <name>
   Vans Sweater R-6980
  </name>
  <category>
   Sweater
  </category>
  <size>
   XXL
  </size>
  <color>
   Фиолетовый
  </color>
  <material>
   Полиэстер
  </material>
  <price>
   722163
  </price>
  <rating>
   4.67
  </rating>
  <reviews>
   942152
  </reviews>
  <exclusive>
   yes
  </exclusive>
  <sporty>
   no
  </sporty>
 </clothing>
 <clothing>
  <id>
   870161349
  </id>
  <name>
   Converse Jeans G-4201
  </name>
  <category>
   Jeans
  </category>
  <size>
   M
  </size>
  <color>
   Фиолетовый
  </color>
  <material>
   Полиэстер
  </material>
  <price>
   339721
  </price>
  <rating>
   4.3
  </rating>
  <reviews>
   854160
  </reviews>
  <new>
   +
  </new>
  <exclusive>
   yes
  </exclusive>
 </clothing>
 <clothing>
  <id>
   977457290
  </id>
  <name>
   Puma Socks U-9858
  </name>
  <category>
   Socks
  </category>
  <size>
   L
  </size>
  <color>
   Оранжевый
  </color>
  <material>
   Полиэстер
  </material>
  <price>
   131784
  </price>
  <rating>
   4.89
  </rating>
  <reviews>
   379654
  </reviews>
  <new>
   -
  </new>
  <sporty>
   no
  </sporty>
 </clothing>
 <clothing>
  <id>
   771423134
  </id>
  <name>
   Converse Hat M-9119
  </name>
  <category>
   Hat
  </category>
  <size>
   S
  </size>
  <color>
   Синий
  </color>
  <material>
   Кожа
  </material>
  <price>
   711413
  </price>
  <rating>
   4.32
  </rating>
  <reviews>
   202458
  </reviews>
  <new>
   -
  </new>
  <exclusive>
   yes
  </exclusive>
  <sporty>
   no
  </sporty>
 </clothing>
 <clothing>
  <id>
   668902651
  </id>
  <name>
   Vans Skirt E-8231
  </name>
  <category>
   Skirt
  </category>
  <size>
   L
  </size>
  <color>
   Фиолетовый
  </color>
  <material>
   Нейлон
  </material>
  <price>
   426909
  </price>
  <rating>
   1.05
  </rating>
  <reviews>
   619589
  </reviews>
  <exclusive>
   no
  </exclusive>
  <sporty>
   yes
  </sporty>
 </clothing>
 <clothing>
  <id>
   949052212
  </id>
  <name>
   Nike Handbags O-8897
  </name>
  <category>
   Handbags
  </category>
  <size>
   M
  </size>
  <color>
   Красный
  </color>
  <material>
   Кожа
  </material>
  <price>
   796665
  </price>
  <rating>
   1.57
  </rating>
  <reviews>
   852245
  </reviews>
  <new>
   -
  </new>
  <exclusive>
   no
  </exclusive>
 </clothing>
 <clothing>
  <id>
   252989194
  </id>
  <name>
   New Balance Socks C-9440
  </name>
  <category>
   Socks
  </category>
  <size>
   S
  </size>
  <color>
   Оранжевый
  </color>
  <material>
   Шелк
  </material>
  <price>
   949335
  </price>
  <rating>
   1.35
  </rating>
  <reviews>
   547848
  </reviews>
  <exclusive>
   no
  </exclusive>
  <sporty>
   yes
  </sporty>
 </clothing>
 <clothing>
  <id>
   793654935
  </id>
  <name>
   Nike Skirt I-4417
  </name>
  <category>
   Skirt
  </category>
  <size>
   XL
  </size>
  <color>
   Голубой
  </color>
  <material>
   Хлопок
  </material>
  <price>
   854199
  </price>
  <rating>
   1.09
  </rating>
  <reviews>
   565334
  </reviews>
  <new>
   -
  </new>
  <exclusive>
   no
  </exclusive>
 </clothing>
 <clothing>
  <id>
   533097738
  </id>
  <name>
   Under Armour Skirt B-7569
  </name>
  <category>
   Skirt
  </category>
  <size>
   S
  </size>
  <color>
   Зеленый
  </color>
  <material>
   Лен
  </material>
  <price>
   500382
  </price>
  <rating>
   2.41
  </rating>
  <reviews>
   444002
  </reviews>
  <new>
   -
  </new>
 </clothing>
 <clothing>
  <id>
   516767535
  </id>
  <name>
   Converse Skirt V-8794
  </name>
  <category>
   Skirt
  </category>
  <size>
   XL
  </size>
  <color>
   Синий
  </color>
  <material>
   Кожа
  </material>
  <price>
   948474
  </price>
  <rating>
   2.97
  </rating>
  <reviews>
   411938
  </reviews>
  <exclusive>
   yes
  </exclusive>
  <sporty>
   no
  </sporty>
 </clothing>
 <clothing>
  <id>
   518348272
  </id>
  <name>
   Ellesse Jacket X-2725
  </name>
  <category>
   Jacket
  </category>
  <size>
   XL
  </size>
  <color>
   Желтый
  </color>
  <material>
   Шелк
  </material>
  <price>
   208022
  </price>
  <rating>
   4.64
  </rating>
  <reviews>
   13018
  </reviews>
  <new>
   -
  </new>
  <exclusive>
   no
  </exclusive>
 </clothing>
 <clothing>
  <id>
   475992470
  </id>
  <name>
   PleinSport Belts G-3387
  </name>
  <category>
   Belts
  </category>
  <size>
   L
  </size>
  <color>
   Желтый
  </color>
  <material>
   Хлопок
  </material>
  <price>
   729420
  </price>
  <rating>
   4.79
  </rating>
  <reviews>
   639340
  </reviews>
  <new>
   -
  </new>
  <exclusive>
   no
  </exclusive>
  <sporty>
   no
  </sporty>
 </clothing>
 <clothing>
  <id>
   459534145
  </id>
  <name>
   Reebok T-shirt G-3529
  </name>
  <category>
   T-shirt
  </category>
  <size>
   XXL
  </size>
  <color>
   Голубой
  </color>
  <material>
   Полиэстер
  </material>
  <price>
   921852
  </price>
  <rating>
   1.68
  </rating>
  <reviews>
   740351
  </reviews>
  <new>
   +
  </new>
  <exclusive>
   no
  </exclusive>
 </clothing>
 <clothing>
  <id>
   964474413
  </id>
  <name>
   Addidas Dress D-5599
  </name>
  <category>
   Dress
  </category>
  <size>
   S
  </size>
  <color>
   Зеленый
  </color>
  <material>
   Кожа
  </material>
  <price>
   900490
  </price>
  <rating>
   3.45
  </rating>
  <reviews>
   544010
  </reviews>
  <exclusive>
   no
  </exclusive>
 </clothing>
 <clothing>
  <id>
   794816585
  </id>
  <name>
   PleinSport Skirt H-1928
  </name>
  <category>
   Skirt
  </category>
  <size>
   S
  </size>
  <color>
   Голубой
  </color>
  <material>
   Вискоза
  </material>
  <price>
   678630
  </price>
  <rating>
   1.13
  </rating>
  <reviews>
   728021
  </reviews>
  <new>
   -
  </new>
  <exclusive>
   no
  </exclusive>
 </clothing>
 <clothing>
  <id>
   906182490
  </id>
  <name>
   DC Jacket Y-8191
  </name>
  <category>
   Jacket
  </category>
  <size>
   M
  </size>
  <color>
   Фиолетовый
  </color>
  <material>
   Кожа
  </material>
  <price>
   529499
  </price>
  <rating>
   3.92
  </rating>
  <reviews>
   632161
  </reviews>
  <exclusive>
   yes
  </exclusive>
 </clothing>
 <clothing>
  <id>
   409605345
  </id>
  <name>
   Puma Blouse A-1929
  </name>
  <category>
   Blouse
  </category>
  <size>
   XXL
  </size>
  <color>
   Фиолетовый
  </color>
  <material>
   Полиэстер
  </material>
  <price>
   823530
  </price>
  <rating>
   4.23
  </rating>
  <reviews>
   432160
  </reviews>
  <exclusive>
   yes
  </exclusive>
 </clothing>
 <clothing>
  <id>
   550596562
  </id>
  <name>
   Under Armour Shirt G-6604
  </name>
  <category>
   Shirt
  </category>
  <size>
   XL
  </size>
  <color>
   Синий
  </color>
  <material>
   Лен
  </material>
  <price>
   563745
  </price>
  <rating>
   1.45
  </rating>
  <reviews>
   21593
  </reviews>
  <new>
   -
  </new>
  <exclusive>
   yes
  </exclusive>
  <sporty>
   yes
  </sporty>
 </clothing>
 <clothing>
  <id>
   249552052
  </id>
  <name>
   DC Skirt J-5517
  </name>
  <category>
   Skirt
  </category>
  <size>
   S
  </size>
  <color>
   Красный
  </color>
  <material>
   Вискоза
  </material>
  <price>
   827146
  </price>
  <rating>
   3.9
  </rating>
  <reviews>
   630243
  </reviews>
  <sporty>
   no
  </sporty>
 </clothing>
 <clothing>
  <id>
   375066753
  </id>
  <name>
   Converse Handbags I-2075
  </name>
  <category>
   Handbags
  </category>
  <size>
   XXL
  </size>
  <color>
   Голубой
  </color>
  <material>
   Хлопок
  </material>
  <price>
   693006
  </price>
  <rating>
   2.97
  </rating>
  <reviews>
   654795
  </reviews>
  <exclusive>
   no
  </exclusive>
 </clothing>
 <clothing>
  <id>
   449369683
  </id>
  <name>
   DC Hat K-9228
  </name>
  <category>
   Hat
  </category>
  <size>
   S
  </size>
  <color>
   Зеленый
  </color>
  <material>
   Вискоза
  </material>
  <price>
   997552
  </price>
  <rating>
   4.64
  </rating>
  <reviews>
   377905
  </reviews>
  <new>
   -
  </new>
 </clothing>
 <clothing>
  <id>
   933518743
  </id>
  <name>
   Reebok T-shirt Q-7064
  </name>
  <category>
   T-shirt
  </category>
  <size>
   XXL
  </size>
  <color>
   Желтый
  </color>
  <material>
   Вискоза
  </material>
  <price>
   724774
  </price>
  <rating>
   5.0
  </rating>
  <reviews>
   444780
  </reviews>
  <new>
   +
  </new>
 </clothing>
 <clothing>
  <id>
   503597896
  </id>
  <name>
   DC Jacket P-1377
  </name>
  <category>
   Jacket
  </category>
  <size>
   S
  </size>
  <color>
   Желтый
  </color>
  <material>
   Хлопок
  </material>
  <price>
   544317
  </price>
  <rating>
   2.26
  </rating>
  <reviews>
   219747
  </reviews>
  <exclusive>
   no
  </exclusive>
  <sporty>
   no
  </sporty>
 </clothing>
 <clothing>
  <id>
   288658543
  </id>
  <name>
   Puma Skirt H-7841
  </name>
  <category>
   Skirt
  </category>
  <size>
   M
  </size>
  <color>
   Фиолетовый
  </color>
  <material>
   Нейлон
  </material>
  <price>
   364363
  </price>
  <rating>
   1.14
  </rating>
  <reviews>
   135708
  </reviews>
  <new>
   -
  </new>
  <exclusive>
   no
  </exclusive>
  <sporty>
   yes
  </sporty>
 </clothing>
 <clothing>
  <id>
   429688797
  </id>
  <name>
   DC Hat D-1990
  </name>
  <category>
   Hat
  </category>
  <size>
   XL
  </size>
  <color>
   Оранжевый
  </color>
  <material>
   Шерсть
  </material>
  <price>
   718045
  </price>
  <rating>
   4.29
  </rating>
  <reviews>
   862581
  </reviews>
  <new>
   -
  </new>
 </clothing>
 <clothing>
  <id>
   896929305
  </id>
  <name>
   New Balance Handbags R-3296
  </name>
  <category>
   Handbags
  </category>
  <size>
   S
  </size>
  <color>
   Фиолетовый
  </color>
  <material>
   Хлопок
  </material>
  <price>
   687631
  </price>
  <rating>
   1.51
  </rating>
  <reviews>
   857670
  </reviews>
  <exclusive>
   yes
  </exclusive>
  <sporty>
   no
  </sporty>
 </clothing>
 <clothing>
  <id>
   114302331
  </id>
  <name>
   Ellesse Jacket I-9111
  </name>
  <category>
   Jacket
  </category>
  <size>
   M
  </size>
  <color>
   Зеленый
  </color>
  <material>
   Шерсть
  </material>
  <price>
   815677
  </price>
  <rating>
   1.5
  </rating>
  <reviews>
   567501
  </reviews>
  <new>
   -
  </new>
  <exclusive>
   yes
  </exclusive>
  <sporty>
   yes
  </sporty>
 </clothing>
 <clothing>
  <id>
   912537003
  </id>
  <name>
   New Balance Skirt V-6575
  </name>
  <category>
   Skirt
  </category>
  <size>
   XXL
  </size>
  <color>
   Зеленый
  </color>
  <material>
   Вискоза
  </material>
  <price>
   599892
  </price>
  <rating>
   2.97
  </rating>
  <reviews>
   659117
  </reviews>
  <exclusive>
   yes
  </exclusive>
  <sporty>
   yes
  </sporty>
 </clothing>
 <clothing>
  <id>
   509015743
  </id>
  <name>
   Addidas Sweater R-1237
  </name>
  <category>
   Sweater
  </category>
  <size>
   XL
  </size>
  <color>
   Желтый
  </color>
  <material>
   Лен
  </material>
  <price>
   258899
  </price>
  <rating>
   1.49
  </rating>
  <reviews>
   837318
  </reviews>
 </clothing>
 <clothing>
  <id>
   296833598
  </id>
  <name>
   Puma Jeans X-6526
  </name>
  <category>
   Jeans
  </category>
  <size>
   S
  </size>
  <color>
   Желтый
  </color>
  <material>
   Шелк
  </material>
  <price>
   423823
  </price>
  <rating>
   1.14
  </rating>
  <reviews>
   632403
  </reviews>
  <new>
   +
  </new>
  <exclusive>
   no
  </exclusive>
 </clothing>
 <clothing>
  <id>
   473806359
  </id>
  <name>
   Ellesse Handbags X-5512
  </name>
  <category>
   Handbags
  </category>
  <size>
   M
  </size>
  <color>
   Желтый
  </color>
  <material>
   Полиэстер
  </material>
  <price>
   279325
  </price>
  <rating>
   1.44
  </rating>
  <reviews>
   334941
  </reviews>
  <sporty>
   no
  </sporty>
 </clothing>
 <clothing>
  <id>
   459439077
  </id>
  <name>
   New Balance T-shirt U-9985
  </name>
  <category>
   T-shirt
  </category>
  <size>
   XL
  </size>
  <color>
   Красный
  </color>
  <material>
   Нейлон
  </material>
  <price>
   948051
  </price>
  <rating>
   1.29
  </rating>
  <reviews>
   746264
  </reviews>
  <new>
   -
  </new>
 </clothing>
 <clothing>
  <id>
   788656084
  </id>
  <name>
   Nike Jeans L-5036
  </name>
  <category>
   Jeans
  </category>
  <size>
   XXL
  </size>
  <color>
   Оранжевый
  </color>
  <material>
   Лен
  </material>
  <price>
   312089
  </price>
  <rating>
   4.54
  </rating>
  <reviews>
   300211
  </reviews>
  <sporty>
   no
  </sporty>
 </clothing>
</clothing-items>
