<?xml version="1.0" encoding="utf-8"?>
<clothing-items>
 <clothing>
  <id>
   769087491
  </id>
  <name>
   Under Armour Gloves G-2025
  </name>
  <category>
   Gloves
  </category>
  <size>
   S
  </size>
  <color>
   Желтый
  </color>
  <material>
   Полиэстер
  </material>
  <price>
   376017
  </price>
  <rating>
   1.37
  </rating>
  <reviews>
   423918
  </reviews>
  <sporty>
   no
  </sporty>
 </clothing>
 <clothing>
  <id>
   449224835
  </id>
  <name>
   Addidas Pants G-6942
  </name>
  <category>
   Pants
  </category>
  <size>
   S
  </size>
  <color>
   Красный
  </color>
  <material>
   Полиэстер
  </material>
  <price>
   372554
  </price>
  <rating>
   1.41
  </rating>
  <reviews>
   606663
  </reviews>
  <new>
   +
  </new>
  <sporty>
   yes
  </sporty>
 </clothing>
 <clothing>
  <id>
   473000545
  </id>
  <name>
   Converse Socks Z-5892
  </name>
  <category>
   Socks
  </category>
  <size>
   XXL
  </size>
  <color>
   Голубой
  </color>
  <material>
   Шелк
  </material>
  <price>
   384271
  </price>
  <rating>
   5.0
  </rating>
  <reviews>
   559325
  </reviews>
  <new>
   +
  </new>
 </clothing>
 <clothing>
  <id>
   138590082
  </id>
  <name>
   Converse Hat R-1522
  </name>
  <category>
   Hat
  </category>
  <size>
   XXL
  </size>
  <color>
   Зеленый
  </color>
  <material>
   Вискоза
  </material>
  <price>
   514413
  </price>
  <rating>
   2.84
  </rating>
  <reviews>
   860633
  </reviews>
  <new>
   +
  </new>
 </clothing>
 <clothing>
  <id>
   252606402
  </id>
  <name>
   Ellesse Shirt S-1903
  </name>
  <category>
   Shirt
  </category>
  <size>
   S
  </size>
  <color>
   Зеленый
  </color>
  <material>
   Полиэстер
  </material>
  <price>
   302687
  </price>
  <rating>
   1.16
  </rating>
  <reviews>
   880666
  </reviews>
  <new>
   -
  </new>
  <sporty>
   yes
  </sporty>
 </clothing>
 <clothing>
  <id>
   798465052
  </id>
  <name>
   Ellesse Handbags S-8540
  </name>
  <category>
   Handbags
  </category>
  <size>
   XXL
  </size>
  <color>
   Зеленый
  </color>
  <material>
   Вискоза
  </material>
  <price>
   633115
  </price>
  <rating>
   1.54
  </rating>
  <reviews>
   911947
  </reviews>
  <new>
   -
  </new>
  <exclusive>
   no
  </exclusive>
 </clothing>
 <clothing>
  <id>
   590604782
  </id>
  <name>
   Asics Pants E-6919
  </name>
  <category>
   Pants
  </category>
  <size>
   S
  </size>
  <color>
   Синий
  </color>
  <material>
   Шерсть
  </material>
  <price>
   929484
  </price>
  <rating>
   3.1
  </rating>
  <reviews>
   127064
  </reviews>
  <new>
   -
  </new>
  <sporty>
   no
  </sporty>
 </clothing>
 <clothing>
  <id>
   752250011
  </id>
  <name>
   Reebok Shirt K-1699
  </name>
  <category>
   Shirt
  </category>
  <size>
   XL
  </size>
  <color>
   Синий
  </color>
  <material>
   Шелк
  </material>
  <price>
   644815
  </price>
  <rating>
   1.85
  </rating>
  <reviews>
   538793
  </reviews>
  <new>
   -
  </new>
  <exclusive>
   no
  </exclusive>
 </clothing>
 <clothing>
  <id>
   471223151
  </id>
  <name>
   Puma T-shirt M-8134
  </name>
  <category>
   T-shirt
  </category>
  <size>
   S
  </size>
  <color>
   Голубой
  </color>
  <material>
   Хлопок
  </material>
  <price>
   416651
  </price>
  <rating>
   1.56
  </rating>
  <reviews>
   609135
  </reviews>
  <new>
   -
  </new>
  <exclusive>
   yes
  </exclusive>
  <sporty>
   no
  </sporty>
 </clothing>
 <clothing>
  <id>
   124303858
  </id>
  <name>
   Brooks Skirt A-9407
  </name>
  <category>
   Skirt
  </category>
  <size>
   XXL
  </size>
  <color>
   Зеленый
  </color>
  <material>
   Кожа
  </material>
  <price>
   545813
  </price>
  <rating>
   1.81
  </rating>
  <reviews>
   97038
  </reviews>
  <new>
   -
  </new>
  <exclusive>
   no
  </exclusive>
 </clothing>
 <clothing>
  <id>
   501156634
  </id>
  <name>
   Adidas Socks W-7673
  </name>
  <category>
   Socks
  </category>
  <size>
   M
  </size>
  <color>
   Голубой
  </color>
  <material>
   Хлопок
  </material>
  <price>
   962501
  </price>
  <rating>
   4.62
  </rating>
  <reviews>
   470475
  </reviews>
  <new>
   +
  </new>
  <sporty>
   yes
  </sporty>
 </clothing>
 <clothing>
  <id>
   469334805
  </id>
  <name>
   Lacoste Skirt O-9039
  </name>
  <category>
   Skirt
  </category>
  <size>
   XXL
  </size>
  <color>
   Желтый
  </color>
  <material>
   Лен
  </material>
  <price>
   110992
  </price>
  <rating>
   4.58
  </rating>
  <reviews>
   884909
  </reviews>
  <new>
   +
  </new>
  <exclusive>
   no
  </exclusive>
  <sporty>
   yes
  </sporty>
 </clothing>
 <clothing>
  <id>
   898766797
  </id>
  <name>
   Puma Dress F-2170
  </name>
  <category>
   Dress
  </category>
  <size>
   XXL
  </size>
  <color>
   Красный
  </color>
  <material>
   Лен
  </material>
  <price>
   339223
  </price>
  <rating>
   4.12
  </rating>
  <reviews>
   27879
  </reviews>
  <exclusive>
   no
  </exclusive>
  <sporty>
   no
  </sporty>
 </clothing>
 <clothing>
  <id>
   634662975
  </id>
  <name>
   Fila Hat F-5393
  </name>
  <category>
   Hat
  </category>
  <size>
   L
  </size>
  <color>
   Голубой
  </color>
  <material>
   Вискоза
  </material>
  <price>
   925642
  </price>
  <rating>
   4.01
  </rating>
  <reviews>
   631382
  </reviews>
  <new>
   -
  </new>
  <exclusive>
   yes
  </exclusive>
  <sporty>
   yes
  </sporty>
 </clothing>
 <clothing>
  <id>
   397269505
  </id>
  <name>
   PleinSport Handbags M-1506
  </name>
  <category>
   Handbags
  </category>
  <size>
   M
  </size>
  <color>
   Синий
  </color>
  <material>
   Вискоза
  </material>
  <price>
   626223
  </price>
  <rating>
   4.89
  </rating>
  <reviews>
   69344
  </reviews>
  <new>
   -
  </new>
 </clothing>
 <clothing>
  <id>
   497539658
  </id>
  <name>
   Lacoste Belts V-2312
  </name>
  <category>
   Belts
  </category>
  <size>
   XXL
  </size>
  <color>
   Голубой
  </color>
  <material>
   Хлопок
  </material>
  <price>
   559390
  </price>
  <rating>
   2.05
  </rating>
  <reviews>
   384406
  </reviews>
  <exclusive>
   no
  </exclusive>
 </clothing>
</clothing-items>
