<?xml version="1.0" encoding="utf-8"?>
<clothing-items>
 <clothing>
  <id>
   512001807
  </id>
  <name>
   Brooks Gloves F-8017
  </name>
  <category>
   Gloves
  </category>
  <size>
   M
  </size>
  <color>
   Оранжевый
  </color>
  <material>
   Полиэстер
  </material>
  <price>
   993380
  </price>
  <rating>
   3.92
  </rating>
  <reviews>
   192207
  </reviews>
 </clothing>
 <clothing>
  <id>
   578352504
  </id>
  <name>
   Vans Hat B-6665
  </name>
  <category>
   Hat
  </category>
  <size>
   L
  </size>
  <color>
   Голубой
  </color>
  <material>
   Шерсть
  </material>
  <price>
   491255
  </price>
  <rating>
   3.78
  </rating>
  <reviews>
   211496
  </reviews>
  <new>
   +
  </new>
  <exclusive>
   yes
  </exclusive>
  <sporty>
   no
  </sporty>
 </clothing>
 <clothing>
  <id>
   844625276
  </id>
  <name>
   Under Armour Blouse N-2865
  </name>
  <category>
   Blouse
  </category>
  <size>
   XL
  </size>
  <color>
   Желтый
  </color>
  <material>
   Нейлон
  </material>
  <price>
   250021
  </price>
  <rating>
   2.36
  </rating>
  <reviews>
   327043
  </reviews>
  <new>
   -
  </new>
  <sporty>
   yes
  </sporty>
 </clothing>
 <clothing>
  <id>
   183282279
  </id>
  <name>
   Vans Handbags S-3531
  </name>
  <category>
   Handbags
  </category>
  <size>
   S
  </size>
  <color>
   Оранжевый
  </color>
  <material>
   Полиэстер
  </material>
  <price>
   759792
  </price>
  <rating>
   3.01
  </rating>
  <reviews>
   27524
  </reviews>
  <new>
   +
  </new>
  <exclusive>
   no
  </exclusive>
  <sporty>
   yes
  </sporty>
 </clothing>
 <clothing>
  <id>
   805492134
  </id>
  <name>
   Ellesse T-shirt B-1896
  </name>
  <category>
   T-shirt
  </category>
  <size>
   S
  </size>
  <color>
   Голубой
  </color>
  <material>
   Хлопок
  </material>
  <price>
   778323
  </price>
  <rating>
   1.16
  </rating>
  <reviews>
   646690
  </reviews>
  <sporty>
   yes
  </sporty>
 </clothing>
 <clothing>
  <id>
   941938227
  </id>
  <name>
   Addidas Jeans T-8616
  </name>
  <category>
   Jeans
  </category>
  <size>
   XL
  </size>
  <color>
   Синий
  </color>
  <material>
   Лен
  </material>
  <price>
   947476
  </price>
  <rating>
   2.2
  </rating>
  <reviews>
   222413
  </reviews>
  <new>
   +
  </new>
 </clothing>
 <clothing>
  <id>
   456603826
  </id>
  <name>
   Vans Shirt D-9956
  </name>
  <category>
   Shirt
  </category>
  <size>
   M
  </size>
  <color>
   Желтый
  </color>
  <material>
   Кожа
  </material>
  <price>
   263544
  </price>
  <rating>
   2.87
  </rating>
  <reviews>
   493495
  </reviews>
  <new>
   +
  </new>
  <exclusive>
   no
  </exclusive>
  <sporty>
   no
  </sporty>
 </clothing>
 <clothing>
  <id>
   491537402
  </id>
  <name>
   Asics Umbrellas R-5124
  </name>
  <category>
   Umbrellas
  </category>
  <size>
   M
  </size>
  <color>
   Голубой
  </color>
  <material>
   Нейлон
  </material>
  <price>
   429012
  </price>
  <rating>
   4.92
  </rating>
  <reviews>
   515505
  </reviews>
  <exclusive>
   no
  </exclusive>
 </clothing>
 <clothing>
  <id>
   528591315
  </id>
  <name>
   Brooks Pants N-7649
  </name>
  <category>
   Pants
  </category>
  <size>
   S
  </size>
  <color>
   Красный
  </color>
  <material>
   Шелк
  </material>
  <price>
   447348
  </price>
  <rating>
   2.09
  </rating>
  <reviews>
   515490
  </reviews>
  <new>
   -
  </new>
  <exclusive>
   no
  </exclusive>
  <sporty>
   no
  </sporty>
 </clothing>
 <clothing>
  <id>
   699408452
  </id>
  <name>
   New Balance Dress L-8119
  </name>
  <category>
   Dress
  </category>
  <size>
   S
  </size>
  <color>
   Красный
  </color>
  <material>
   Кожа
  </material>
  <price>
   440187
  </price>
  <rating>
   1.69
  </rating>
  <reviews>
   212831
  </reviews>
  <exclusive>
   no
  </exclusive>
  <sporty>
   no
  </sporty>
 </clothing>
 <clothing>
  <id>
   336815916
  </id>
  <name>
   Adidas Socks X-4661
  </name>
  <category>
   Socks
  </category>
  <size>
   M
  </size>
  <color>
   Красный
  </color>
  <material>
   Шелк
  </material>
  <price>
   757539
  </price>
  <rating>
   3.88
  </rating>
  <reviews>
   656622
  </reviews>
  <exclusive>
   no
  </exclusive>
 </clothing>
 <clothing>
  <id>
   783574048
  </id>
  <name>
   Reebok Belts C-9366
  </name>
  <category>
   Belts
  </category>
  <size>
   S
  </size>
  <color>
   Желтый
  </color>
  <material>
   Хлопок
  </material>
  <price>
   252737
  </price>
  <rating>
   4.36
  </rating>
  <reviews>
   542438
  </reviews>
  <sporty>
   yes
  </sporty>
 </clothing>
 <clothing>
  <id>
   128103390
  </id>
  <name>
   Lacoste Dress R-4523
  </name>
  <category>
   Dress
  </category>
  <size>
   XXL
  </size>
  <color>
   Синий
  </color>
  <material>
   Полиэстер
  </material>
  <price>
   354636
  </price>
  <rating>
   1.84
  </rating>
  <reviews>
   886802
  </reviews>
  <new>
   -
  </new>
  <exclusive>
   yes
  </exclusive>
 </clothing>
 <clothing>
  <id>
   712057864
  </id>
  <name>
   Brooks Handbags Q-6564
  </name>
  <category>
   Handbags
  </category>
  <size>
   XXL
  </size>
  <color>
   Желтый
  </color>
  <material>
   Лен
  </material>
  <price>
   642028
  </price>
  <rating>
   4.95
  </rating>
  <reviews>
   835083
  </reviews>
  <new>
   -
  </new>
  <exclusive>
   yes
  </exclusive>
  <sporty>
   no
  </sporty>
 </clothing>
 <clothing>
  <id>
   825595557
  </id>
  <name>
   Ellesse Handbags O-2859
  </name>
  <category>
   Handbags
  </category>
  <size>
   L
  </size>
  <color>
   Красный
  </color>
  <material>
   Вискоза
  </material>
  <price>
   349246
  </price>
  <rating>
   4.36
  </rating>
  <reviews>
   456345
  </reviews>
  <new>
   +
  </new>
  <sporty>
   yes
  </sporty>
 </clothing>
 <clothing>
  <id>
   246283667
  </id>
  <name>
   New Balance Pants D-5651
  </name>
  <category>
   Pants
  </category>
  <size>
   XL
  </size>
  <color>
   Оранжевый
  </color>
  <material>
   Кожа
  </material>
  <price>
   548585
  </price>
  <rating>
   1.83
  </rating>
  <reviews>
   651125
  </reviews>
  <sporty>
   no
  </sporty>
 </clothing>
 <clothing>
  <id>
   875184710
  </id>
  <name>
   Reebok Dress T-3004
  </name>
  <category>
   Dress
  </category>
  <size>
   XL
  </size>
  <color>
   Зеленый
  </color>
  <material>
   Шерсть
  </material>
  <price>
   186185
  </price>
  <rating>
   1.85
  </rating>
  <reviews>
   126264
  </reviews>
  <new>
   -
  </new>
  <exclusive>
   yes
  </exclusive>
 </clothing>
 <clothing>
  <id>
   667434659
  </id>
  <name>
   Lacoste Jacket T-6763
  </name>
  <category>
   Jacket
  </category>
  <size>
   S
  </size>
  <color>
   Красный
  </color>
  <material>
   Полиэстер
  </material>
  <price>
   283518
  </price>
  <rating>
   4.71
  </rating>
  <reviews>
   131770
  </reviews>
  <new>
   -
  </new>
  <sporty>
   yes
  </sporty>
 </clothing>
 <clothing>
  <id>
   339849155
  </id>
  <name>
   Nike Gloves C-7455
  </name>
  <category>
   Gloves
  </category>
  <size>
   XL
  </size>
  <color>
   Голубой
  </color>
  <material>
   Полиэстер
  </material>
  <price>
   517730
  </price>
  <rating>
   2.67
  </rating>
  <reviews>
   244232
  </reviews>
  <new>
   -
  </new>
  <exclusive>
   yes
  </exclusive>
  <sporty>
   yes
  </sporty>
 </clothing>
 <clothing>
  <id>
   916443824
  </id>
  <name>
   Lacoste Handbags K-2382
  </name>
  <category>
   Handbags
  </category>
  <size>
   XL
  </size>
  <color>
   Голубой
  </color>
  <material>
   Шелк
  </material>
  <price>
   222634
  </price>
  <rating>
   2.52
  </rating>
  <reviews>
   348144
  </reviews>
  <new>
   -
  </new>
  <exclusive>
   no
  </exclusive>
 </clothing>
 <clothing>
  <id>
   725311158
  </id>
  <name>
   Under Armour Handbags E-1291
  </name>
  <category>
   Handbags
  </category>
  <size>
   L
  </size>
  <color>
   Желтый
  </color>
  <material>
   Шелк
  </material>
  <price>
   928626
  </price>
  <rating>
   2.93
  </rating>
  <reviews>
   428295
  </reviews>
  <exclusive>
   no
  </exclusive>
  <sporty>
   no
  </sporty>
 </clothing>
 <clothing>
  <id>
   453172134
  </id>
  <name>
   DC Gloves R-4032
  </name>
  <category>
   Gloves
  </category>
  <size>
   M
  </size>
  <color>
   Желтый
  </color>
  <material>
   Вискоза
  </material>
  <price>
   491407
  </price>
  <rating>
   2.87
  </rating>
  <reviews>
   393651
  </reviews>
  <new>
   -
  </new>
  <exclusive>
   yes
  </exclusive>
  <sporty>
   no
  </sporty>
 </clothing>
 <clothing>
  <id>
   930515026
  </id>
  <name>
   DC Sweater J-7929
  </name>
  <category>
   Sweater
  </category>
  <size>
   M
  </size>
  <color>
   Голубой
  </color>
  <material>
   Хлопок
  </material>
  <price>
   218314
  </price>
  <rating>
   4.3
  </rating>
  <reviews>
   958558
  </reviews>
  <sporty>
   no
  </sporty>
 </clothing>
 <clothing>
  <id>
   675549695
  </id>
  <name>
   DC Umbrellas V-1069
  </name>
  <category>
   Umbrellas
  </category>
  <size>
   M
  </size>
  <color>
   Зеленый
  </color>
  <material>
   Кожа
  </material>
  <price>
   303438
  </price>
  <rating>
   2.97
  </rating>
  <reviews>
   856040
  </reviews>
  <exclusive>
   yes
  </exclusive>
  <sporty>
   no
  </sporty>
 </clothing>
 <clothing>
  <id>
   849319705
  </id>
  <name>
   Ellesse Sweater P-8780
  </name>
  <category>
   Sweater
  </category>
  <size>
   XL
  </size>
  <color>
   Синий
  </color>
  <material>
   Шерсть
  </material>
  <price>
   844322
  </price>
  <rating>
   4.43
  </rating>
  <reviews>
   393398
  </reviews>
  <new>
   -
  </new>
  <exclusive>
   yes
  </exclusive>
  <sporty>
   yes
  </sporty>
 </clothing>
 <clothing>
  <id>
   306003089
  </id>
  <name>
   Adidas Dress W-1575
  </name>
  <category>
   Dress
  </category>
  <size>
   XL
  </size>
  <color>
   Красный
  </color>
  <material>
   Нейлон
  </material>
  <price>
   440357
  </price>
  <rating>
   4.2
  </rating>
  <reviews>
   395045
  </reviews>
  <new>
   -
  </new>
  <exclusive>
   no
  </exclusive>
 </clothing>
 <clothing>
  <id>
   806825895
  </id>
  <name>
   New Balance Umbrellas L-1901
  </name>
  <category>
   Umbrellas
  </category>
  <size>
   S
  </size>
  <color>
   Красный
  </color>
  <material>
   Нейлон
  </material>
  <price>
   211833
  </price>
  <rating>
   2.84
  </rating>
  <reviews>
   741571
  </reviews>
  <new>
   +
  </new>
  <exclusive>
   no
  </exclusive>
  <sporty>
   no
  </sporty>
 </clothing>
 <clothing>
  <id>
   619581654
  </id>
  <name>
   Vans Blouse D-2570
  </name>
  <category>
   Blouse
  </category>
  <size>
   M
  </size>
  <color>
   Оранжевый
  </color>
  <material>
   Кожа
  </material>
  <price>
   631181
  </price>
  <rating>
   4.25
  </rating>
  <reviews>
   181913
  </reviews>
  <new>
   -
  </new>
  <exclusive>
   no
  </exclusive>
 </clothing>
 <clothing>
  <id>
   939203373
  </id>
  <name>
   DC Socks M-1340
  </name>
  <category>
   Socks
  </category>
  <size>
   L
  </size>
  <color>
   Фиолетовый
  </color>
  <material>
   Вискоза
  </material>
  <price>
   252125
  </price>
  <rating>
   3.09
  </rating>
  <reviews>
   915621
  </reviews>
  <sporty>
   no
  </sporty>
 </clothing>
 <clothing>
  <id>
   652886787
  </id>
  <name>
   Puma Socks A-6961
  </name>
  <category>
   Socks
  </category>
  <size>
   XXL
  </size>
  <color>
   Зеленый
  </color>
  <material>
   Нейлон
  </material>
  <price>
   329213
  </price>
  <rating>
   2.89
  </rating>
  <reviews>
   340392
  </reviews>
  <new>
   +
  </new>
  <sporty>
   no
  </sporty>
 </clothing>
 <clothing>
  <id>
   905867329
  </id>
  <name>
   DC Shoes K-7854
  </name>
  <category>
   Shoes
  </category>
  <size>
   S
  </size>
  <color>
   Голубой
  </color>
  <material>
   Хлопок
  </material>
  <price>
   675127
  </price>
  <rating>
   2.33
  </rating>
  <reviews>
   240624
  </reviews>
  <new>
   -
  </new>
  <sporty>
   no
  </sporty>
 </clothing>
 <clothing>
  <id>
   400422832
  </id>
  <name>
   Brooks Gloves J-9757
  </name>
  <category>
   Gloves
  </category>
  <size>
   M
  </size>
  <color>
   Желтый
  </color>
  <material>
   Шелк
  </material>
  <price>
   206453
  </price>
  <rating>
   4.42
  </rating>
  <reviews>
   421981
  </reviews>
  <new>
   +
  </new>
  <sporty>
   no
  </sporty>
 </clothing>
 <clothing>
  <id>
   671145631
  </id>
  <name>
   Vans Jeans Q-7925
  </name>
  <category>
   Jeans
  </category>
  <size>
   XXL
  </size>
  <color>
   Голубой
  </color>
  <material>
   Шелк
  </material>
  <price>
   924143
  </price>
  <rating>
   3.39
  </rating>
  <reviews>
   424966
  </reviews>
  <new>
   -
  </new>
  <sporty>
   no
  </sporty>
 </clothing>
 <clothing>
  <id>
   982607077
  </id>
  <name>
   Ellesse Shirt V-2647
  </name>
  <category>
   Shirt
  </category>
  <size>
   S
  </size>
  <color>
   Фиолетовый
  </color>
  <material>
   Кожа
  </material>
  <price>
   952826
  </price>
  <rating>
   1.25
  </rating>
  <reviews>
   59133
  </reviews>
  <new>
   -
  </new>
  <sporty>
   yes
  </sporty>
 </clothing>
 <clothing>
  <id>
   895935055
  </id>
  <name>
   Addidas Hat S-5019
  </name>
  <category>
   Hat
  </category>
  <size>
   M
  </size>
  <color>
   Красный
  </color>
  <material>
   Лен
  </material>
  <price>
   914212
  </price>
  <rating>
   4.83
  </rating>
  <reviews>
   615476
  </reviews>
  <new>
   -
  </new>
 </clothing>
 <clothing>
  <id>
   344912276
  </id>
  <name>
   Nike Dress C-9509
  </name>
  <category>
   Dress
  </category>
  <size>
   XL
  </size>
  <color>
   Оранжевый
  </color>
  <material>
   Полиэстер
  </material>
  <price>
   630158
  </price>
  <rating>
   3.93
  </rating>
  <reviews>
   179287
  </reviews>
 </clothing>
 <clothing>
  <id>
   882765003
  </id>
  <name>
   Under Armour Hat D-9730
  </name>
  <category>
   Hat
  </category>
  <size>
   XL
  </size>
  <color>
   Синий
  </color>
  <material>
   Вискоза
  </material>
  <price>
   799236
  </price>
  <rating>
   1.08
  </rating>
  <reviews>
   865929
  </reviews>
  <new>
   +
  </new>
  <exclusive>
   yes
  </exclusive>
  <sporty>
   yes
  </sporty>
 </clothing>
 <clothing>
  <id>
   969576119
  </id>
  <name>
   Asics Jacket A-6672
  </name>
  <category>
   Jacket
  </category>
  <size>
   S
  </size>
  <color>
   Фиолетовый
  </color>
  <material>
   Хлопок
  </material>
  <price>
   919815
  </price>
  <rating>
   2.46
  </rating>
  <reviews>
   669231
  </reviews>
 </clothing>
 <clothing>
  <id>
   592377130
  </id>
  <name>
   Fila T-shirt I-6796
  </name>
  <category>
   T-shirt
  </category>
  <size>
   XXL
  </size>
  <color>
   Голубой
  </color>
  <material>
   Шерсть
  </material>
  <price>
   398324
  </price>
  <rating>
   4.2
  </rating>
  <reviews>
   854638
  </reviews>
  <new>
   -
  </new>
 </clothing>
</clothing-items>
