<?xml version="1.0" encoding="utf-8"?>
<clothing-items>
 <clothing>
  <id>
   349537443
  </id>
  <name>
   Brooks Skirt W-1551
  </name>
  <category>
   Skirt
  </category>
  <size>
   XL
  </size>
  <color>
   Красный
  </color>
  <material>
   Хлопок
  </material>
  <price>
   688922
  </price>
  <rating>
   1.19
  </rating>
  <reviews>
   281683
  </reviews>
  <sporty>
   no
  </sporty>
 </clothing>
 <clothing>
  <id>
   526060668
  </id>
  <name>
   Asics T-shirt S-3967
  </name>
  <category>
   T-shirt
  </category>
  <size>
   L
  </size>
  <color>
   Красный
  </color>
  <material>
   Хлопок
  </material>
  <price>
   870467
  </price>
  <rating>
   2.71
  </rating>
  <reviews>
   16722
  </reviews>
  <new>
   +
  </new>
  <sporty>
   yes
  </sporty>
 </clothing>
 <clothing>
  <id>
   284383167
  </id>
  <name>
   Puma Handbags R-3667
  </name>
  <category>
   Handbags
  </category>
  <size>
   M
  </size>
  <color>
   Оранжевый
  </color>
  <material>
   Шерсть
  </material>
  <price>
   206788
  </price>
  <rating>
   3.23
  </rating>
  <reviews>
   216609
  </reviews>
  <new>
   +
  </new>
  <sporty>
   yes
  </sporty>
 </clothing>
 <clothing>
  <id>
   986014832
  </id>
  <name>
   Asics Blouse O-8922
  </name>
  <category>
   Blouse
  </category>
  <size>
   M
  </size>
  <color>
   Зеленый
  </color>
  <material>
   Лен
  </material>
  <price>
   263742
  </price>
  <rating>
   4.18
  </rating>
  <reviews>
   78984
  </reviews>
  <new>
   +
  </new>
 </clothing>
 <clothing>
  <id>
   182866745
  </id>
  <name>
   Ellesse Hat A-4041
  </name>
  <category>
   Hat
  </category>
  <size>
   XXL
  </size>
  <color>
   Оранжевый
  </color>
  <material>
   Вискоза
  </material>
  <price>
   233946
  </price>
  <rating>
   3.54
  </rating>
  <reviews>
   29707
  </reviews>
  <exclusive>
   yes
  </exclusive>
  <sporty>
   yes
  </sporty>
 </clothing>
 <clothing>
  <id>
   959152941
  </id>
  <name>
   Puma Handbags S-7188
  </name>
  <category>
   Handbags
  </category>
  <size>
   XL
  </size>
  <color>
   Оранжевый
  </color>
  <material>
   Шерсть
  </material>
  <price>
   245254
  </price>
  <rating>
   3.17
  </rating>
  <reviews>
   341794
  </reviews>
  <new>
   +
  </new>
  <exclusive>
   no
  </exclusive>
 </clothing>
 <clothing>
  <id>
   448154199
  </id>
  <name>
   Nike Jeans H-8659
  </name>
  <category>
   Jeans
  </category>
  <size>
   M
  </size>
  <color>
   Фиолетовый
  </color>
  <material>
   Кожа
  </material>
  <price>
   233360
  </price>
  <rating>
   3.71
  </rating>
  <reviews>
   925102
  </reviews>
 </clothing>
 <clothing>
  <id>
   741135678
  </id>
  <name>
   Fila Handbags Q-7583
  </name>
  <category>
   Handbags
  </category>
  <size>
   L
  </size>
  <color>
   Красный
  </color>
  <material>
   Хлопок
  </material>
  <price>
   599305
  </price>
  <rating>
   2.77
  </rating>
  <reviews>
   596808
  </reviews>
  <new>
   -
  </new>
  <exclusive>
   yes
  </exclusive>
 </clothing>
 <clothing>
  <id>
   290752714
  </id>
  <name>
   Nike Jacket I-6416
  </name>
  <category>
   Jacket
  </category>
  <size>
   XXL
  </size>
  <color>
   Желтый
  </color>
  <material>
   Хлопок
  </material>
  <price>
   512664
  </price>
  <rating>
   3.69
  </rating>
  <reviews>
   669999
  </reviews>
  <sporty>
   yes
  </sporty>
 </clothing>
 <clothing>
  <id>
   659314321
  </id>
  <name>
   Puma Jacket M-2710
  </name>
  <category>
   Jacket
  </category>
  <size>
   L
  </size>
  <color>
   Фиолетовый
  </color>
  <material>
   Шерсть
  </material>
  <price>
   819672
  </price>
  <rating>
   3.61
  </rating>
  <reviews>
   457355
  </reviews>
  <sporty>
   no
  </sporty>
 </clothing>
 <clothing>
  <id>
   702377489
  </id>
  <name>
   Addidas T-shirt O-5871
  </name>
  <category>
   T-shirt
  </category>
  <size>
   L
  </size>
  <color>
   Зеленый
  </color>
  <material>
   Лен
  </material>
  <price>
   501483
  </price>
  <rating>
   1.67
  </rating>
  <reviews>
   141576
  </reviews>
  <sporty>
   yes
  </sporty>
 </clothing>
 <clothing>
  <id>
   655189995
  </id>
  <name>
   Fila Blouse B-8569
  </name>
  <category>
   Blouse
  </category>
  <size>
   S
  </size>
  <color>
   Голубой
  </color>
  <material>
   Хлопок
  </material>
  <price>
   583364
  </price>
  <rating>
   3.61
  </rating>
  <reviews>
   907688
  </reviews>
  <sporty>
   no
  </sporty>
 </clothing>
 <clothing>
  <id>
   748372971
  </id>
  <name>
   Adidas Socks K-2328
  </name>
  <category>
   Socks
  </category>
  <size>
   M
  </size>
  <color>
   Синий
  </color>
  <material>
   Лен
  </material>
  <price>
   217662
  </price>
  <rating>
   2.35
  </rating>
  <reviews>
   928955
  </reviews>
  <new>
   -
  </new>
  <exclusive>
   yes
  </exclusive>
  <sporty>
   yes
  </sporty>
 </clothing>
 <clothing>
  <id>
   611603712
  </id>
  <name>
   Lacoste Umbrellas N-3415
  </name>
  <category>
   Umbrellas
  </category>
  <size>
   L
  </size>
  <color>
   Желтый
  </color>
  <material>
   Полиэстер
  </material>
  <price>
   864716
  </price>
  <rating>
   1.07
  </rating>
  <reviews>
   195062
  </reviews>
  <new>
   -
  </new>
 </clothing>
 <clothing>
  <id>
   577565578
  </id>
  <name>
   Adidas Dress J-5317
  </name>
  <category>
   Dress
  </category>
  <size>
   S
  </size>
  <color>
   Желтый
  </color>
  <material>
   Лен
  </material>
  <price>
   424548
  </price>
  <rating>
   1.64
  </rating>
  <reviews>
   633809
  </reviews>
  <new>
   -
  </new>
  <exclusive>
   no
  </exclusive>
  <sporty>
   yes
  </sporty>
 </clothing>
 <clothing>
  <id>
   146074857
  </id>
  <name>
   New Balance T-shirt R-2164
  </name>
  <category>
   T-shirt
  </category>
  <size>
   XXL
  </size>
  <color>
   Голубой
  </color>
  <material>
   Хлопок
  </material>
  <price>
   188249
  </price>
  <rating>
   2.76
  </rating>
  <reviews>
   477214
  </reviews>
 </clothing>
 <clothing>
  <id>
   933784809
  </id>
  <name>
   Under Armour Umbrellas V-6983
  </name>
  <category>
   Umbrellas
  </category>
  <size>
   L
  </size>
  <color>
   Желтый
  </color>
  <material>
   Вискоза
  </material>
  <price>
   169718
  </price>
  <rating>
   1.29
  </rating>
  <reviews>
   581452
  </reviews>
  <new>
   -
  </new>
  <sporty>
   no
  </sporty>
 </clothing>
 <clothing>
  <id>
   137743669
  </id>
  <name>
   New Balance Shoes X-5735
  </name>
  <category>
   Shoes
  </category>
  <size>
   S
  </size>
  <color>
   Оранжевый
  </color>
  <material>
   Кожа
  </material>
  <price>
   271201
  </price>
  <rating>
   1.49
  </rating>
  <reviews>
   756114
  </reviews>
  <new>
   -
  </new>
  <sporty>
   no
  </sporty>
 </clothing>
 <clothing>
  <id>
   816108579
  </id>
  <name>
   DC Umbrellas F-4966
  </name>
  <category>
   Umbrellas
  </category>
  <size>
   L
  </size>
  <color>
   Зеленый
  </color>
  <material>
   Шерсть
  </material>
  <price>
   951371
  </price>
  <rating>
   2.95
  </rating>
  <reviews>
   799340
  </reviews>
  <new>
   +
  </new>
 </clothing>
 <clothing>
  <id>
   864776836
  </id>
  <name>
   Reebok Hat U-3580
  </name>
  <category>
   Hat
  </category>
  <size>
   XL
  </size>
  <color>
   Желтый
  </color>
  <material>
   Шелк
  </material>
  <price>
   928446
  </price>
  <rating>
   2.57
  </rating>
  <reviews>
   184131
  </reviews>
  <exclusive>
   no
  </exclusive>
  <sporty>
   no
  </sporty>
 </clothing>
 <clothing>
  <id>
   911502880
  </id>
  <name>
   Brooks Sweater N-4418
  </name>
  <category>
   Sweater
  </category>
  <size>
   M
  </size>
  <color>
   Зеленый
  </color>
  <material>
   Нейлон
  </material>
  <price>
   390585
  </price>
  <rating>
   3.52
  </rating>
  <reviews>
   589079
  </reviews>
  <new>
   -
  </new>
  <exclusive>
   yes
  </exclusive>
  <sporty>
   yes
  </sporty>
 </clothing>
 <clothing>
  <id>
   261612776
  </id>
  <name>
   PleinSport Blouse F-9977
  </name>
  <category>
   Blouse
  </category>
  <size>
   S
  </size>
  <color>
   Синий
  </color>
  <material>
   Нейлон
  </material>
  <price>
   534904
  </price>
  <rating>
   4.05
  </rating>
  <reviews>
   32562
  </reviews>
  <new>
   -
  </new>
  <exclusive>
   no
  </exclusive>
  <sporty>
   no
  </sporty>
 </clothing>
 <clothing>
  <id>
   768101314
  </id>
  <name>
   DC Jacket X-4335
  </name>
  <category>
   Jacket
  </category>
  <size>
   L
  </size>
  <color>
   Оранжевый
  </color>
  <material>
   Полиэстер
  </material>
  <price>
   331685
  </price>
  <rating>
   3.31
  </rating>
  <reviews>
   715597
  </reviews>
  <new>
   -
  </new>
  <exclusive>
   no
  </exclusive>
  <sporty>
   yes
  </sporty>
 </clothing>
 <clothing>
  <id>
   671722007
  </id>
  <name>
   Reebok Shirt Z-9606
  </name>
  <category>
   Shirt
  </category>
  <size>
   M
  </size>
  <color>
   Красный
  </color>
  <material>
   Вискоза
  </material>
  <price>
   488464
  </price>
  <rating>
   3.94
  </rating>
  <reviews>
   367626
  </reviews>
  <new>
   -
  </new>
  <sporty>
   yes
  </sporty>
 </clothing>
 <clothing>
  <id>
   538193594
  </id>
  <name>
   PleinSport Handbags K-5279
  </name>
  <category>
   Handbags
  </category>
  <size>
   L
  </size>
  <color>
   Голубой
  </color>
  <material>
   Нейлон
  </material>
  <price>
   182736
  </price>
  <rating>
   3.66
  </rating>
  <reviews>
   868488
  </reviews>
  <exclusive>
   no
  </exclusive>
  <sporty>
   no
  </sporty>
 </clothing>
 <clothing>
  <id>
   930915191
  </id>
  <name>
   Adidas Dress V-9617
  </name>
  <category>
   Dress
  </category>
  <size>
   XL
  </size>
  <color>
   Зеленый
  </color>
  <material>
   Вискоза
  </material>
  <price>
   223424
  </price>
  <rating>
   3.75
  </rating>
  <reviews>
   417033
  </reviews>
  <exclusive>
   no
  </exclusive>
  <sporty>
   no
  </sporty>
 </clothing>
 <clothing>
  <id>
   264082115
  </id>
  <name>
   Under Armour T-shirt I-9005
  </name>
  <category>
   T-shirt
  </category>
  <size>
   XL
  </size>
  <color>
   Оранжевый
  </color>
  <material>
   Кожа
  </material>
  <price>
   227105
  </price>
  <rating>
   2.95
  </rating>
  <reviews>
   444821
  </reviews>
  <sporty>
   yes
  </sporty>
 </clothing>
 <clothing>
  <id>
   757161445
  </id>
  <name>
   New Balance Jeans F-4965
  </name>
  <category>
   Jeans
  </category>
  <size>
   XL
  </size>
  <color>
   Оранжевый
  </color>
  <material>
   Шелк
  </material>
  <price>
   488344
  </price>
  <rating>
   2.86
  </rating>
  <reviews>
   198865
  </reviews>
  <exclusive>
   no
  </exclusive>
  <sporty>
   no
  </sporty>
 </clothing>
 <clothing>
  <id>
   463547961
  </id>
  <name>
   Vans Skirt D-7323
  </name>
  <category>
   Skirt
  </category>
  <size>
   XL
  </size>
  <color>
   Красный
  </color>
  <material>
   Шерсть
  </material>
  <price>
   769598
  </price>
  <rating>
   4.14
  </rating>
  <reviews>
   529634
  </reviews>
  <new>
   +
  </new>
  <exclusive>
   yes
  </exclusive>
 </clothing>
 <clothing>
  <id>
   915157967
  </id>
  <name>
   Under Armour Belts S-1260
  </name>
  <category>
   Belts
  </category>
  <size>
   XXL
  </size>
  <color>
   Оранжевый
  </color>
  <material>
   Хлопок
  </material>
  <price>
   688363
  </price>
  <rating>
   4.84
  </rating>
  <reviews>
   288330
  </reviews>
 </clothing>
 <clothing>
  <id>
   825398318
  </id>
  <name>
   Adidas Gloves M-3701
  </name>
  <category>
   Gloves
  </category>
  <size>
   XL
  </size>
  <color>
   Зеленый
  </color>
  <material>
   Нейлон
  </material>
  <price>
   146351
  </price>
  <rating>
   3.3
  </rating>
  <reviews>
   519676
  </reviews>
  <exclusive>
   yes
  </exclusive>
 </clothing>
</clothing-items>
