<?xml version="1.0" encoding="utf-8"?>
<clothing-items>
 <clothing>
  <id>
   740269676
  </id>
  <name>
   Lacoste T-shirt C-3044
  </name>
  <category>
   T-shirt
  </category>
  <size>
   S
  </size>
  <color>
   Фиолетовый
  </color>
  <material>
   Шерсть
  </material>
  <price>
   532076
  </price>
  <rating>
   3.54
  </rating>
  <reviews>
   181097
  </reviews>
  <new>
   -
  </new>
 </clothing>
 <clothing>
  <id>
   792415530
  </id>
  <name>
   Under Armour Skirt T-5634
  </name>
  <category>
   Skirt
  </category>
  <size>
   XXL
  </size>
  <color>
   Красный
  </color>
  <material>
   Лен
  </material>
  <price>
   992684
  </price>
  <rating>
   3.9
  </rating>
  <reviews>
   319452
  </reviews>
  <new>
   -
  </new>
  <exclusive>
   yes
  </exclusive>
 </clothing>
 <clothing>
  <id>
   553442640
  </id>
  <name>
   Asics Belts B-5755
  </name>
  <category>
   Belts
  </category>
  <size>
   M
  </size>
  <color>
   Синий
  </color>
  <material>
   Хлопок
  </material>
  <price>
   391468
  </price>
  <rating>
   2.73
  </rating>
  <reviews>
   877642
  </reviews>
  <new>
   -
  </new>
  <exclusive>
   yes
  </exclusive>
  <sporty>
   no
  </sporty>
 </clothing>
 <clothing>
  <id>
   427591310
  </id>
  <name>
   Brooks Hat P-5132
  </name>
  <category>
   Hat
  </category>
  <size>
   M
  </size>
  <color>
   Голубой
  </color>
  <material>
   Кожа
  </material>
  <price>
   461418
  </price>
  <rating>
   4.61
  </rating>
  <reviews>
   52734
  </reviews>
  <exclusive>
   yes
  </exclusive>
  <sporty>
   no
  </sporty>
 </clothing>
 <clothing>
  <id>
   652043516
  </id>
  <name>
   Ellesse Jeans O-8360
  </name>
  <category>
   Jeans
  </category>
  <size>
   XXL
  </size>
  <color>
   Фиолетовый
  </color>
  <material>
   Шерсть
  </material>
  <price>
   424868
  </price>
  <rating>
   3.81
  </rating>
  <reviews>
   889818
  </reviews>
  <new>
   -
  </new>
  <exclusive>
   no
  </exclusive>
  <sporty>
   yes
  </sporty>
 </clothing>
 <clothing>
  <id>
   769481327
  </id>
  <name>
   Lacoste Blouse G-4281
  </name>
  <category>
   Blouse
  </category>
  <size>
   M
  </size>
  <color>
   Синий
  </color>
  <material>
   Вискоза
  </material>
  <price>
   562865
  </price>
  <rating>
   1.46
  </rating>
  <reviews>
   930933
  </reviews>
  <new>
   -
  </new>
  <exclusive>
   yes
  </exclusive>
  <sporty>
   yes
  </sporty>
 </clothing>
 <clothing>
  <id>
   165395488
  </id>
  <name>
   DC Jeans M-6403
  </name>
  <category>
   Jeans
  </category>
  <size>
   L
  </size>
  <color>
   Фиолетовый
  </color>
  <material>
   Хлопок
  </material>
  <price>
   525222
  </price>
  <rating>
   5.0
  </rating>
  <reviews>
   346922
  </reviews>
  <new>
   -
  </new>
  <sporty>
   yes
  </sporty>
 </clothing>
 <clothing>
  <id>
   607194007
  </id>
  <name>
   Reebok Jeans A-8941
  </name>
  <category>
   Jeans
  </category>
  <size>
   XXL
  </size>
  <color>
   Фиолетовый
  </color>
  <material>
   Хлопок
  </material>
  <price>
   282342
  </price>
  <rating>
   3.71
  </rating>
  <reviews>
   584763
  </reviews>
  <new>
   -
  </new>
  <exclusive>
   no
  </exclusive>
  <sporty>
   yes
  </sporty>
 </clothing>
 <clothing>
  <id>
   791249708
  </id>
  <name>
   Vans Socks N-2365
  </name>
  <category>
   Socks
  </category>
  <size>
   XL
  </size>
  <color>
   Синий
  </color>
  <material>
   Лен
  </material>
  <price>
   521233
  </price>
  <rating>
   4.21
  </rating>
  <reviews>
   402182
  </reviews>
  <exclusive>
   yes
  </exclusive>
 </clothing>
 <clothing>
  <id>
   866759718
  </id>
  <name>
   Fila Sweater F-3666
  </name>
  <category>
   Sweater
  </category>
  <size>
   XL
  </size>
  <color>
   Желтый
  </color>
  <material>
   Вискоза
  </material>
  <price>
   726947
  </price>
  <rating>
   4.87
  </rating>
  <reviews>
   569232
  </reviews>
  <sporty>
   no
  </sporty>
 </clothing>
 <clothing>
  <id>
   420679395
  </id>
  <name>
   Ellesse Umbrellas K-7035
  </name>
  <category>
   Umbrellas
  </category>
  <size>
   XXL
  </size>
  <color>
   Зеленый
  </color>
  <material>
   Полиэстер
  </material>
  <price>
   874134
  </price>
  <rating>
   1.32
  </rating>
  <reviews>
   879213
  </reviews>
  <exclusive>
   no
  </exclusive>
 </clothing>
 <clothing>
  <id>
   410894831
  </id>
  <name>
   Asics Skirt W-8503
  </name>
  <category>
   Skirt
  </category>
  <size>
   L
  </size>
  <color>
   Голубой
  </color>
  <material>
   Кожа
  </material>
  <price>
   434410
  </price>
  <rating>
   2.39
  </rating>
  <reviews>
   45866
  </reviews>
  <exclusive>
   yes
  </exclusive>
 </clothing>
 <clothing>
  <id>
   813629802
  </id>
  <name>
   Lacoste Shirt Q-3538
  </name>
  <category>
   Shirt
  </category>
  <size>
   L
  </size>
  <color>
   Красный
  </color>
  <material>
   Нейлон
  </material>
  <price>
   885092
  </price>
  <rating>
   1.95
  </rating>
  <reviews>
   221200
  </reviews>
  <exclusive>
   yes
  </exclusive>
  <sporty>
   yes
  </sporty>
 </clothing>
 <clothing>
  <id>
   227888286
  </id>
  <name>
   Addidas Blouse F-1802
  </name>
  <category>
   Blouse
  </category>
  <size>
   M
  </size>
  <color>
   Синий
  </color>
  <material>
   Шерсть
  </material>
  <price>
   439390
  </price>
  <rating>
   4.88
  </rating>
  <reviews>
   180924
  </reviews>
  <exclusive>
   yes
  </exclusive>
 </clothing>
 <clothing>
  <id>
   808102582
  </id>
  <name>
   New Balance Umbrellas J-2905
  </name>
  <category>
   Umbrellas
  </category>
  <size>
   L
  </size>
  <color>
   Фиолетовый
  </color>
  <material>
   Шерсть
  </material>
  <price>
   126798
  </price>
  <rating>
   1.94
  </rating>
  <reviews>
   541133
  </reviews>
  <exclusive>
   yes
  </exclusive>
 </clothing>
 <clothing>
  <id>
   532640770
  </id>
  <name>
   Adidas Blouse W-6563
  </name>
  <category>
   Blouse
  </category>
  <size>
   M
  </size>
  <color>
   Желтый
  </color>
  <material>
   Полиэстер
  </material>
  <price>
   813072
  </price>
  <rating>
   1.96
  </rating>
  <reviews>
   830747
  </reviews>
  <new>
   -
  </new>
  <exclusive>
   no
  </exclusive>
 </clothing>
 <clothing>
  <id>
   165189354
  </id>
  <name>
   Addidas Dress B-2494
  </name>
  <category>
   Dress
  </category>
  <size>
   L
  </size>
  <color>
   Зеленый
  </color>
  <material>
   Шелк
  </material>
  <price>
   973285
  </price>
  <rating>
   4.78
  </rating>
  <reviews>
   587814
  </reviews>
  <exclusive>
   yes
  </exclusive>
  <sporty>
   yes
  </sporty>
 </clothing>
 <clothing>
  <id>
   677148823
  </id>
  <name>
   Ellesse T-shirt M-7977
  </name>
  <category>
   T-shirt
  </category>
  <size>
   M
  </size>
  <color>
   Желтый
  </color>
  <material>
   Нейлон
  </material>
  <price>
   894660
  </price>
  <rating>
   2.51
  </rating>
  <reviews>
   855398
  </reviews>
  <new>
   +
  </new>
  <sporty>
   no
  </sporty>
 </clothing>
 <clothing>
  <id>
   261036391
  </id>
  <name>
   New Balance Skirt A-4871
  </name>
  <category>
   Skirt
  </category>
  <size>
   M
  </size>
  <color>
   Желтый
  </color>
  <material>
   Кожа
  </material>
  <price>
   709362
  </price>
  <rating>
   3.07
  </rating>
  <reviews>
   158458
  </reviews>
  <sporty>
   no
  </sporty>
 </clothing>
</clothing-items>
