<?xml version="1.0" encoding="utf-8"?>
<clothing-items>
 <clothing>
  <id>
   987145654
  </id>
  <name>
   Under Armour Pants Q-4022
  </name>
  <category>
   Pants
  </category>
  <size>
   XXL
  </size>
  <color>
   Красный
  </color>
  <material>
   Хлопок
  </material>
  <price>
   616727
  </price>
  <rating>
   3.28
  </rating>
  <reviews>
   655979
  </reviews>
  <new>
   +
  </new>
  <exclusive>
   no
  </exclusive>
  <sporty>
   no
  </sporty>
 </clothing>
 <clothing>
  <id>
   433697554
  </id>
  <name>
   Converse Jacket E-5867
  </name>
  <category>
   Jacket
  </category>
  <size>
   L
  </size>
  <color>
   Желтый
  </color>
  <material>
   Полиэстер
  </material>
  <price>
   171102
  </price>
  <rating>
   3.48
  </rating>
  <reviews>
   38185
  </reviews>
  <new>
   -
  </new>
  <sporty>
   no
  </sporty>
 </clothing>
 <clothing>
  <id>
   535438274
  </id>
  <name>
   Addidas Socks A-9446
  </name>
  <category>
   Socks
  </category>
  <size>
   L
  </size>
  <color>
   Оранжевый
  </color>
  <material>
   Хлопок
  </material>
  <price>
   841262
  </price>
  <rating>
   1.48
  </rating>
  <reviews>
   278406
  </reviews>
  <new>
   -
  </new>
  <exclusive>
   yes
  </exclusive>
 </clothing>
 <clothing>
  <id>
   155171104
  </id>
  <name>
   Fila Shirt C-8049
  </name>
  <category>
   Shirt
  </category>
  <size>
   M
  </size>
  <color>
   Желтый
  </color>
  <material>
   Шелк
  </material>
  <price>
   703620
  </price>
  <rating>
   1.7
  </rating>
  <reviews>
   422912
  </reviews>
  <new>
   +
  </new>
  <exclusive>
   no
  </exclusive>
  <sporty>
   no
  </sporty>
 </clothing>
 <clothing>
  <id>
   689860107
  </id>
  <name>
   Addidas Shoes S-2923
  </name>
  <category>
   Shoes
  </category>
  <size>
   XL
  </size>
  <color>
   Красный
  </color>
  <material>
   Шерсть
  </material>
  <price>
   561194
  </price>
  <rating>
   4.22
  </rating>
  <reviews>
   223816
  </reviews>
  <new>
   -
  </new>
 </clothing>
 <clothing>
  <id>
   589785975
  </id>
  <name>
   Vans Pants O-8061
  </name>
  <category>
   Pants
  </category>
  <size>
   XXL
  </size>
  <color>
   Голубой
  </color>
  <material>
   Кожа
  </material>
  <price>
   369664
  </price>
  <rating>
   4.96
  </rating>
  <reviews>
   984038
  </reviews>
  <new>
   -
  </new>
 </clothing>
 <clothing>
  <id>
   514605035
  </id>
  <name>
   Fila Belts Z-3221
  </name>
  <category>
   Belts
  </category>
  <size>
   S
  </size>
  <color>
   Синий
  </color>
  <material>
   Кожа
  </material>
  <price>
   613857
  </price>
  <rating>
   2.48
  </rating>
  <reviews>
   414308
  </reviews>
  <sporty>
   yes
  </sporty>
 </clothing>
 <clothing>
  <id>
   971960949
  </id>
  <name>
   PleinSport Jacket X-5253
  </name>
  <category>
   Jacket
  </category>
  <size>
   XXL
  </size>
  <color>
   Фиолетовый
  </color>
  <material>
   Нейлон
  </material>
  <price>
   793607
  </price>
  <rating>
   3.62
  </rating>
  <reviews>
   584957
  </reviews>
  <exclusive>
   no
  </exclusive>
 </clothing>
 <clothing>
  <id>
   537173878
  </id>
  <name>
   Converse Dress A-3003
  </name>
  <category>
   Dress
  </category>
  <size>
   M
  </size>
  <color>
   Зеленый
  </color>
  <material>
   Хлопок
  </material>
  <price>
   788838
  </price>
  <rating>
   4.9
  </rating>
  <reviews>
   616784
  </reviews>
  <new>
   -
  </new>
  <exclusive>
   no
  </exclusive>
  <sporty>
   no
  </sporty>
 </clothing>
 <clothing>
  <id>
   593157575
  </id>
  <name>
   Puma Shoes M-7540
  </name>
  <category>
   Shoes
  </category>
  <size>
   XXL
  </size>
  <color>
   Оранжевый
  </color>
  <material>
   Нейлон
  </material>
  <price>
   127164
  </price>
  <rating>
   1.86
  </rating>
  <reviews>
   867398
  </reviews>
  <exclusive>
   no
  </exclusive>
 </clothing>
 <clothing>
  <id>
   648375708
  </id>
  <name>
   Vans Jacket V-6343
  </name>
  <category>
   Jacket
  </category>
  <size>
   L
  </size>
  <color>
   Зеленый
  </color>
  <material>
   Кожа
  </material>
  <price>
   668222
  </price>
  <rating>
   1.78
  </rating>
  <reviews>
   131481
  </reviews>
  <exclusive>
   no
  </exclusive>
  <sporty>
   yes
  </sporty>
 </clothing>
 <clothing>
  <id>
   757168592
  </id>
  <name>
   Vans Shoes X-8535
  </name>
  <category>
   Shoes
  </category>
  <size>
   M
  </size>
  <color>
   Голубой
  </color>
  <material>
   Полиэстер
  </material>
  <price>
   948434
  </price>
  <rating>
   4.05
  </rating>
  <reviews>
   334896
  </reviews>
  <new>
   -
  </new>
 </clothing>
 <clothing>
  <id>
   779854520
  </id>
  <name>
   Addidas Umbrellas J-4324
  </name>
  <category>
   Umbrellas
  </category>
  <size>
   M
  </size>
  <color>
   Зеленый
  </color>
  <material>
   Шерсть
  </material>
  <price>
   807835
  </price>
  <rating>
   4.99
  </rating>
  <reviews>
   622632
  </reviews>
  <new>
   -
  </new>
 </clothing>
 <clothing>
  <id>
   741582376
  </id>
  <name>
   PleinSport Umbrellas V-2598
  </name>
  <category>
   Umbrellas
  </category>
  <size>
   XXL
  </size>
  <color>
   Желтый
  </color>
  <material>
   Кожа
  </material>
  <price>
   123242
  </price>
  <rating>
   1.52
  </rating>
  <reviews>
   885696
  </reviews>
  <new>
   -
  </new>
  <exclusive>
   yes
  </exclusive>
  <sporty>
   no
  </sporty>
 </clothing>
</clothing-items>
