<?xml version="1.0" encoding="utf-8"?>
<clothing-items>
 <clothing>
  <id>
   137080711
  </id>
  <name>
   Asics Blouse Z-3183
  </name>
  <category>
   Blouse
  </category>
  <size>
   XXL
  </size>
  <color>
   Зеленый
  </color>
  <material>
   Нейлон
  </material>
  <price>
   860969
  </price>
  <rating>
   1.79
  </rating>
  <reviews>
   986481
  </reviews>
  <exclusive>
   no
  </exclusive>
 </clothing>
 <clothing>
  <id>
   990643213
  </id>
  <name>
   Converse Pants V-2296
  </name>
  <category>
   Pants
  </category>
  <size>
   L
  </size>
  <color>
   Зеленый
  </color>
  <material>
   Лен
  </material>
  <price>
   962176
  </price>
  <rating>
   3.35
  </rating>
  <reviews>
   252835
  </reviews>
  <exclusive>
   yes
  </exclusive>
 </clothing>
 <clothing>
  <id>
   777454912
  </id>
  <name>
   Fila Sweater N-9112
  </name>
  <category>
   Sweater
  </category>
  <size>
   S
  </size>
  <color>
   Зеленый
  </color>
  <material>
   Кожа
  </material>
  <price>
   690984
  </price>
  <rating>
   3.35
  </rating>
  <reviews>
   956404
  </reviews>
  <sporty>
   yes
  </sporty>
 </clothing>
 <clothing>
  <id>
   765811101
  </id>
  <name>
   Puma Gloves H-5305
  </name>
  <category>
   Gloves
  </category>
  <size>
   XL
  </size>
  <color>
   Синий
  </color>
  <material>
   Лен
  </material>
  <price>
   594517
  </price>
  <rating>
   2.66
  </rating>
  <reviews>
   294570
  </reviews>
  <exclusive>
   yes
  </exclusive>
  <sporty>
   no
  </sporty>
 </clothing>
 <clothing>
  <id>
   855898212
  </id>
  <name>
   New Balance Belts Q-6147
  </name>
  <category>
   Belts
  </category>
  <size>
   S
  </size>
  <color>
   Фиолетовый
  </color>
  <material>
   Вискоза
  </material>
  <price>
   593485
  </price>
  <rating>
   2.08
  </rating>
  <reviews>
   486018
  </reviews>
 </clothing>
 <clothing>
  <id>
   929170038
  </id>
  <name>
   Addidas Umbrellas Z-3372
  </name>
  <category>
   Umbrellas
  </category>
  <size>
   S
  </size>
  <color>
   Желтый
  </color>
  <material>
   Полиэстер
  </material>
  <price>
   738803
  </price>
  <rating>
   2.22
  </rating>
  <reviews>
   217332
  </reviews>
  <new>
   -
  </new>
  <exclusive>
   no
  </exclusive>
  <sporty>
   yes
  </sporty>
 </clothing>
 <clothing>
  <id>
   935405302
  </id>
  <name>
   New Balance Pants Q-1032
  </name>
  <category>
   Pants
  </category>
  <size>
   S
  </size>
  <color>
   Синий
  </color>
  <material>
   Нейлон
  </material>
  <price>
   969131
  </price>
  <rating>
   2.14
  </rating>
  <reviews>
   214078
  </reviews>
  <exclusive>
   no
  </exclusive>
 </clothing>
 <clothing>
  <id>
   542734414
  </id>
  <name>
   Under Armour Shirt Y-6206
  </name>
  <category>
   Shirt
  </category>
  <size>
   S
  </size>
  <color>
   Красный
  </color>
  <material>
   Вискоза
  </material>
  <price>
   514848
  </price>
  <rating>
   1.55
  </rating>
  <reviews>
   596109
  </reviews>
  <new>
   +
  </new>
  <exclusive>
   yes
  </exclusive>
 </clothing>
 <clothing>
  <id>
   405718525
  </id>
  <name>
   Adidas T-shirt J-9692
  </name>
  <category>
   T-shirt
  </category>
  <size>
   M
  </size>
  <color>
   Оранжевый
  </color>
  <material>
   Хлопок
  </material>
  <price>
   959803
  </price>
  <rating>
   4.88
  </rating>
  <reviews>
   283014
  </reviews>
  <exclusive>
   yes
  </exclusive>
  <sporty>
   no
  </sporty>
 </clothing>
 <clothing>
  <id>
   296915009
  </id>
  <name>
   New Balance Skirt W-4902
  </name>
  <category>
   Skirt
  </category>
  <size>
   L
  </size>
  <color>
   Голубой
  </color>
  <material>
   Хлопок
  </material>
  <price>
   241385
  </price>
  <rating>
   1.11
  </rating>
  <reviews>
   163431
  </reviews>
  <new>
   -
  </new>
  <exclusive>
   no
  </exclusive>
  <sporty>
   yes
  </sporty>
 </clothing>
 <clothing>
  <id>
   139354801
  </id>
  <name>
   Reebok Jeans G-4032
  </name>
  <category>
   Jeans
  </category>
  <size>
   S
  </size>
  <color>
   Синий
  </color>
  <material>
   Кожа
  </material>
  <price>
   350334
  </price>
  <rating>
   1.65
  </rating>
  <reviews>
   175526
  </reviews>
  <new>
   -
  </new>
  <sporty>
   no
  </sporty>
 </clothing>
 <clothing>
  <id>
   285091723
  </id>
  <name>
   Nike Handbags C-3969
  </name>
  <category>
   Handbags
  </category>
  <size>
   M
  </size>
  <color>
   Красный
  </color>
  <material>
   Кожа
  </material>
  <price>
   951387
  </price>
  <rating>
   1.1
  </rating>
  <reviews>
   931150
  </reviews>
 </clothing>
 <clothing>
  <id>
   702931884
  </id>
  <name>
   Fila Umbrellas V-4296
  </name>
  <category>
   Umbrellas
  </category>
  <size>
   XL
  </size>
  <color>
   Оранжевый
  </color>
  <material>
   Шелк
  </material>
  <price>
   486641
  </price>
  <rating>
   4.94
  </rating>
  <reviews>
   88413
  </reviews>
  <new>
   -
  </new>
  <exclusive>
   no
  </exclusive>
 </clothing>
 <clothing>
  <id>
   102133655
  </id>
  <name>
   PleinSport Pants H-2103
  </name>
  <category>
   Pants
  </category>
  <size>
   XXL
  </size>
  <color>
   Голубой
  </color>
  <material>
   Шелк
  </material>
  <price>
   511390
  </price>
  <rating>
   4.92
  </rating>
  <reviews>
   1346
  </reviews>
  <sporty>
   yes
  </sporty>
 </clothing>
 <clothing>
  <id>
   913991318
  </id>
  <name>
   Ellesse Jacket T-1623
  </name>
  <category>
   Jacket
  </category>
  <size>
   S
  </size>
  <color>
   Оранжевый
  </color>
  <material>
   Вискоза
  </material>
  <price>
   476665
  </price>
  <rating>
   1.38
  </rating>
  <reviews>
   314413
  </reviews>
  <new>
   -
  </new>
 </clothing>
 <clothing>
  <id>
   133811416
  </id>
  <name>
   Lacoste Skirt W-9526
  </name>
  <category>
   Skirt
  </category>
  <size>
   XL
  </size>
  <color>
   Фиолетовый
  </color>
  <material>
   Вискоза
  </material>
  <price>
   309951
  </price>
  <rating>
   3.71
  </rating>
  <reviews>
   766347
  </reviews>
  <exclusive>
   yes
  </exclusive>
 </clothing>
 <clothing>
  <id>
   687093089
  </id>
  <name>
   PleinSport Umbrellas X-1763
  </name>
  <category>
   Umbrellas
  </category>
  <size>
   L
  </size>
  <color>
   Желтый
  </color>
  <material>
   Шерсть
  </material>
  <price>
   160761
  </price>
  <rating>
   3.46
  </rating>
  <reviews>
   184488
  </reviews>
  <new>
   -
  </new>
  <sporty>
   no
  </sporty>
 </clothing>
 <clothing>
  <id>
   298312825
  </id>
  <name>
   Under Armour Shoes O-6113
  </name>
  <category>
   Shoes
  </category>
  <size>
   XXL
  </size>
  <color>
   Зеленый
  </color>
  <material>
   Лен
  </material>
  <price>
   694268
  </price>
  <rating>
   3.26
  </rating>
  <reviews>
   613271
  </reviews>
  <new>
   +
  </new>
 </clothing>
 <clothing>
  <id>
   398279999
  </id>
  <name>
   Puma Shirt W-2039
  </name>
  <category>
   Shirt
  </category>
  <size>
   S
  </size>
  <color>
   Голубой
  </color>
  <material>
   Лен
  </material>
  <price>
   403244
  </price>
  <rating>
   1.14
  </rating>
  <reviews>
   585540
  </reviews>
  <new>
   -
  </new>
  <sporty>
   yes
  </sporty>
 </clothing>
 <clothing>
  <id>
   636265307
  </id>
  <name>
   Adidas Jeans I-4763
  </name>
  <category>
   Jeans
  </category>
  <size>
   M
  </size>
  <color>
   Голубой
  </color>
  <material>
   Хлопок
  </material>
  <price>
   458598
  </price>
  <rating>
   1.02
  </rating>
  <reviews>
   44178
  </reviews>
  <exclusive>
   no
  </exclusive>
  <sporty>
   no
  </sporty>
 </clothing>
 <clothing>
  <id>
   669393656
  </id>
  <name>
   Vans Hat U-9500
  </name>
  <category>
   Hat
  </category>
  <size>
   S
  </size>
  <color>
   Синий
  </color>
  <material>
   Шелк
  </material>
  <price>
   230065
  </price>
  <rating>
   3.33
  </rating>
  <reviews>
   993436
  </reviews>
  <new>
   +
  </new>
  <exclusive>
   no
  </exclusive>
  <sporty>
   no
  </sporty>
 </clothing>
 <clothing>
  <id>
   427155635
  </id>
  <name>
   Puma T-shirt P-7036
  </name>
  <category>
   T-shirt
  </category>
  <size>
   XL
  </size>
  <color>
   Голубой
  </color>
  <material>
   Шерсть
  </material>
  <price>
   762710
  </price>
  <rating>
   4.17
  </rating>
  <reviews>
   788851
  </reviews>
  <exclusive>
   yes
  </exclusive>
  <sporty>
   no
  </sporty>
 </clothing>
 <clothing>
  <id>
   701586740
  </id>
  <name>
   Converse Gloves U-1703
  </name>
  <category>
   Gloves
  </category>
  <size>
   M
  </size>
  <color>
   Синий
  </color>
  <material>
   Нейлон
  </material>
  <price>
   312481
  </price>
  <rating>
   4.71
  </rating>
  <reviews>
   746296
  </reviews>
  <new>
   -
  </new>
  <exclusive>
   no
  </exclusive>
 </clothing>
 <clothing>
  <id>
   735643092
  </id>
  <name>
   PleinSport Pants T-2460
  </name>
  <category>
   Pants
  </category>
  <size>
   XXL
  </size>
  <color>
   Зеленый
  </color>
  <material>
   Лен
  </material>
  <price>
   881022
  </price>
  <rating>
   2.2
  </rating>
  <reviews>
   832369
  </reviews>
  <new>
   -
  </new>
  <exclusive>
   no
  </exclusive>
  <sporty>
   no
  </sporty>
 </clothing>
 <clothing>
  <id>
   194930758
  </id>
  <name>
   Adidas Belts H-6193
  </name>
  <category>
   Belts
  </category>
  <size>
   XL
  </size>
  <color>
   Фиолетовый
  </color>
  <material>
   Нейлон
  </material>
  <price>
   730138
  </price>
  <rating>
   4.73
  </rating>
  <reviews>
   212801
  </reviews>
  <new>
   +
  </new>
  <sporty>
   no
  </sporty>
 </clothing>
</clothing-items>
