<?xml version="1.0" encoding="utf-8"?>
<clothing-items>
 <clothing>
  <id>
   236668067
  </id>
  <name>
   Reebok Umbrellas O-2512
  </name>
  <category>
   Umbrellas
  </category>
  <size>
   M
  </size>
  <color>
   Оранжевый
  </color>
  <material>
   Кожа
  </material>
  <price>
   691531
  </price>
  <rating>
   2.8
  </rating>
  <reviews>
   366081
  </reviews>
  <sporty>
   no
  </sporty>
 </clothing>
 <clothing>
  <id>
   645823931
  </id>
  <name>
   Fila Dress P-1727
  </name>
  <category>
   Dress
  </category>
  <size>
   XXL
  </size>
  <color>
   Красный
  </color>
  <material>
   Вискоза
  </material>
  <price>
   352751
  </price>
  <rating>
   4.15
  </rating>
  <reviews>
   720837
  </reviews>
  <new>
   -
  </new>
  <exclusive>
   yes
  </exclusive>
  <sporty>
   no
  </sporty>
 </clothing>
 <clothing>
  <id>
   935089702
  </id>
  <name>
   Lacoste Belts B-3410
  </name>
  <category>
   Belts
  </category>
  <size>
   M
  </size>
  <color>
   Желтый
  </color>
  <material>
   Кожа
  </material>
  <price>
   157217
  </price>
  <rating>
   1.83
  </rating>
  <reviews>
   398222
  </reviews>
  <new>
   -
  </new>
  <exclusive>
   no
  </exclusive>
 </clothing>
 <clothing>
  <id>
   771817726
  </id>
  <name>
   New Balance Umbrellas N-3373
  </name>
  <category>
   Umbrellas
  </category>
  <size>
   M
  </size>
  <color>
   Красный
  </color>
  <material>
   Кожа
  </material>
  <price>
   323739
  </price>
  <rating>
   1.34
  </rating>
  <reviews>
   980293
  </reviews>
  <new>
   +
  </new>
  <exclusive>
   no
  </exclusive>
 </clothing>
 <clothing>
  <id>
   121792239
  </id>
  <name>
   Under Armour Pants I-7100
  </name>
  <category>
   Pants
  </category>
  <size>
   L
  </size>
  <color>
   Синий
  </color>
  <material>
   Хлопок
  </material>
  <price>
   255367
  </price>
  <rating>
   2.62
  </rating>
  <reviews>
   675475
  </reviews>
  <new>
   +
  </new>
  <sporty>
   no
  </sporty>
 </clothing>
 <clothing>
  <id>
   965011095
  </id>
  <name>
   Addidas Hat P-1115
  </name>
  <category>
   Hat
  </category>
  <size>
   XXL
  </size>
  <color>
   Зеленый
  </color>
  <material>
   Хлопок
  </material>
  <price>
   455118
  </price>
  <rating>
   3.21
  </rating>
  <reviews>
   307190
  </reviews>
  <exclusive>
   no
  </exclusive>
 </clothing>
 <clothing>
  <id>
   689865853
  </id>
  <name>
   Adidas Hat S-6205
  </name>
  <category>
   Hat
  </category>
  <size>
   XXL
  </size>
  <color>
   Желтый
  </color>
  <material>
   Шерсть
  </material>
  <price>
   266640
  </price>
  <rating>
   3.63
  </rating>
  <reviews>
   467306
  </reviews>
  <new>
   -
  </new>
 </clothing>
 <clothing>
  <id>
   121227291
  </id>
  <name>
   Nike Sweater J-6126
  </name>
  <category>
   Sweater
  </category>
  <size>
   S
  </size>
  <color>
   Зеленый
  </color>
  <material>
   Полиэстер
  </material>
  <price>
   511092
  </price>
  <rating>
   1.02
  </rating>
  <reviews>
   840426
  </reviews>
  <new>
   +
  </new>
  <exclusive>
   no
  </exclusive>
  <sporty>
   yes
  </sporty>
 </clothing>
 <clothing>
  <id>
   484400926
  </id>
  <name>
   Vans Pants X-5251
  </name>
  <category>
   Pants
  </category>
  <size>
   XL
  </size>
  <color>
   Синий
  </color>
  <material>
   Вискоза
  </material>
  <price>
   542748
  </price>
  <rating>
   4.5
  </rating>
  <reviews>
   698292
  </reviews>
  <new>
   -
  </new>
  <exclusive>
   no
  </exclusive>
 </clothing>
 <clothing>
  <id>
   990960690
  </id>
  <name>
   Ellesse Sweater T-7114
  </name>
  <category>
   Sweater
  </category>
  <size>
   XXL
  </size>
  <color>
   Красный
  </color>
  <material>
   Хлопок
  </material>
  <price>
   692697
  </price>
  <rating>
   1.09
  </rating>
  <reviews>
   758390
  </reviews>
  <new>
   -
  </new>
  <exclusive>
   no
  </exclusive>
  <sporty>
   no
  </sporty>
 </clothing>
 <clothing>
  <id>
   501524623
  </id>
  <name>
   Asics Sweater V-8725
  </name>
  <category>
   Sweater
  </category>
  <size>
   S
  </size>
  <color>
   Синий
  </color>
  <material>
   Шерсть
  </material>
  <price>
   520044
  </price>
  <rating>
   3.63
  </rating>
  <reviews>
   39868
  </reviews>
 </clothing>
 <clothing>
  <id>
   400366670
  </id>
  <name>
   Ellesse Handbags F-5222
  </name>
  <category>
   Handbags
  </category>
  <size>
   XL
  </size>
  <color>
   Красный
  </color>
  <material>
   Шерсть
  </material>
  <price>
   508040
  </price>
  <rating>
   2.85
  </rating>
  <reviews>
   954663
  </reviews>
  <exclusive>
   yes
  </exclusive>
 </clothing>
 <clothing>
  <id>
   247385711
  </id>
  <name>
   PleinSport Umbrellas W-1263
  </name>
  <category>
   Umbrellas
  </category>
  <size>
   S
  </size>
  <color>
   Оранжевый
  </color>
  <material>
   Нейлон
  </material>
  <price>
   692576
  </price>
  <rating>
   1.78
  </rating>
  <reviews>
   286181
  </reviews>
  <new>
   -
  </new>
  <sporty>
   no
  </sporty>
 </clothing>
 <clothing>
  <id>
   138347413
  </id>
  <name>
   DC Sweater S-8692
  </name>
  <category>
   Sweater
  </category>
  <size>
   L
  </size>
  <color>
   Оранжевый
  </color>
  <material>
   Хлопок
  </material>
  <price>
   314230
  </price>
  <rating>
   2.28
  </rating>
  <reviews>
   299695
  </reviews>
  <new>
   -
  </new>
  <exclusive>
   no
  </exclusive>
  <sporty>
   no
  </sporty>
 </clothing>
 <clothing>
  <id>
   478310470
  </id>
  <name>
   Ellesse Umbrellas R-3212
  </name>
  <category>
   Umbrellas
  </category>
  <size>
   XXL
  </size>
  <color>
   Зеленый
  </color>
  <material>
   Кожа
  </material>
  <price>
   359257
  </price>
  <rating>
   4.1
  </rating>
  <reviews>
   676295
  </reviews>
  <sporty>
   no
  </sporty>
 </clothing>
 <clothing>
  <id>
   871316072
  </id>
  <name>
   Ellesse Shoes M-8047
  </name>
  <category>
   Shoes
  </category>
  <size>
   L
  </size>
  <color>
   Фиолетовый
  </color>
  <material>
   Шелк
  </material>
  <price>
   228657
  </price>
  <rating>
   2.27
  </rating>
  <reviews>
   180260
  </reviews>
  <exclusive>
   no
  </exclusive>
  <sporty>
   yes
  </sporty>
 </clothing>
 <clothing>
  <id>
   143657114
  </id>
  <name>
   Ellesse Skirt M-4423
  </name>
  <category>
   Skirt
  </category>
  <size>
   S
  </size>
  <color>
   Фиолетовый
  </color>
  <material>
   Полиэстер
  </material>
  <price>
   276900
  </price>
  <rating>
   4.78
  </rating>
  <reviews>
   303823
  </reviews>
  <sporty>
   yes
  </sporty>
 </clothing>
 <clothing>
  <id>
   144753802
  </id>
  <name>
   Converse Handbags V-5765
  </name>
  <category>
   Handbags
  </category>
  <size>
   XL
  </size>
  <color>
   Оранжевый
  </color>
  <material>
   Вискоза
  </material>
  <price>
   364519
  </price>
  <rating>
   2.08
  </rating>
  <reviews>
   341246
  </reviews>
  <new>
   +
  </new>
  <exclusive>
   no
  </exclusive>
  <sporty>
   no
  </sporty>
 </clothing>
 <clothing>
  <id>
   709270703
  </id>
  <name>
   Adidas Umbrellas S-2093
  </name>
  <category>
   Umbrellas
  </category>
  <size>
   S
  </size>
  <color>
   Красный
  </color>
  <material>
   Полиэстер
  </material>
  <price>
   310411
  </price>
  <rating>
   1.85
  </rating>
  <reviews>
   973631
  </reviews>
  <exclusive>
   no
  </exclusive>
 </clothing>
 <clothing>
  <id>
   213498137
  </id>
  <name>
   DC Gloves E-3943
  </name>
  <category>
   Gloves
  </category>
  <size>
   M
  </size>
  <color>
   Синий
  </color>
  <material>
   Шерсть
  </material>
  <price>
   203405
  </price>
  <rating>
   3.64
  </rating>
  <reviews>
   314130
  </reviews>
 </clothing>
 <clothing>
  <id>
   162130534
  </id>
  <name>
   Asics Skirt Q-6164
  </name>
  <category>
   Skirt
  </category>
  <size>
   L
  </size>
  <color>
   Оранжевый
  </color>
  <material>
   Шелк
  </material>
  <price>
   556917
  </price>
  <rating>
   1.31
  </rating>
  <reviews>
   16193
  </reviews>
  <new>
   -
  </new>
  <exclusive>
   yes
  </exclusive>
  <sporty>
   yes
  </sporty>
 </clothing>
 <clothing>
  <id>
   512054548
  </id>
  <name>
   Reebok Skirt Q-2579
  </name>
  <category>
   Skirt
  </category>
  <size>
   S
  </size>
  <color>
   Зеленый
  </color>
  <material>
   Лен
  </material>
  <price>
   888546
  </price>
  <rating>
   4.3
  </rating>
  <reviews>
   354514
  </reviews>
  <exclusive>
   no
  </exclusive>
  <sporty>
   no
  </sporty>
 </clothing>
 <clothing>
  <id>
   838727456
  </id>
  <name>
   Reebok Hat T-8127
  </name>
  <category>
   Hat
  </category>
  <size>
   S
  </size>
  <color>
   Синий
  </color>
  <material>
   Кожа
  </material>
  <price>
   980453
  </price>
  <rating>
   3.39
  </rating>
  <reviews>
   872998
  </reviews>
  <new>
   -
  </new>
  <sporty>
   no
  </sporty>
 </clothing>
 <clothing>
  <id>
   281680795
  </id>
  <name>
   PleinSport Sweater E-2878
  </name>
  <category>
   Sweater
  </category>
  <size>
   XL
  </size>
  <color>
   Фиолетовый
  </color>
  <material>
   Вискоза
  </material>
  <price>
   265726
  </price>
  <rating>
   4.89
  </rating>
  <reviews>
   670533
  </reviews>
  <sporty>
   no
  </sporty>
 </clothing>
 <clothing>
  <id>
   612442121
  </id>
  <name>
   Reebok Skirt J-3550
  </name>
  <category>
   Skirt
  </category>
  <size>
   S
  </size>
  <color>
   Красный
  </color>
  <material>
   Нейлон
  </material>
  <price>
   968563
  </price>
  <rating>
   2.37
  </rating>
  <reviews>
   233448
  </reviews>
 </clothing>
 <clothing>
  <id>
   921617028
  </id>
  <name>
   New Balance Pants U-7099
  </name>
  <category>
   Pants
  </category>
  <size>
   XXL
  </size>
  <color>
   Зеленый
  </color>
  <material>
   Полиэстер
  </material>
  <price>
   517723
  </price>
  <rating>
   3.13
  </rating>
  <reviews>
   580068
  </reviews>
  <new>
   +
  </new>
  <exclusive>
   yes
  </exclusive>
  <sporty>
   no
  </sporty>
 </clothing>
 <clothing>
  <id>
   211768364
  </id>
  <name>
   Adidas Hat N-3238
  </name>
  <category>
   Hat
  </category>
  <size>
   XL
  </size>
  <color>
   Желтый
  </color>
  <material>
   Полиэстер
  </material>
  <price>
   769998
  </price>
  <rating>
   2.34
  </rating>
  <reviews>
   109286
  </reviews>
  <sporty>
   no
  </sporty>
 </clothing>
 <clothing>
  <id>
   834963217
  </id>
  <name>
   Puma Socks C-8501
  </name>
  <category>
   Socks
  </category>
  <size>
   S
  </size>
  <color>
   Желтый
  </color>
  <material>
   Полиэстер
  </material>
  <price>
   901668
  </price>
  <rating>
   3.14
  </rating>
  <reviews>
   642492
  </reviews>
  <sporty>
   no
  </sporty>
 </clothing>
 <clothing>
  <id>
   833035502
  </id>
  <name>
   New Balance Gloves H-3467
  </name>
  <category>
   Gloves
  </category>
  <size>
   S
  </size>
  <color>
   Красный
  </color>
  <material>
   Шерсть
  </material>
  <price>
   998727
  </price>
  <rating>
   3.2
  </rating>
  <reviews>
   977274
  </reviews>
  <sporty>
   no
  </sporty>
 </clothing>
 <clothing>
  <id>
   256966253
  </id>
  <name>
   PleinSport Jacket A-8864
  </name>
  <category>
   Jacket
  </category>
  <size>
   XXL
  </size>
  <color>
   Голубой
  </color>
  <material>
   Шелк
  </material>
  <price>
   723185
  </price>
  <rating>
   3.54
  </rating>
  <reviews>
   820384
  </reviews>
  <new>
   +
  </new>
  <sporty>
   yes
  </sporty>
 </clothing>
 <clothing>
  <id>
   919671016
  </id>
  <name>
   Reebok Socks F-7514
  </name>
  <category>
   Socks
  </category>
  <size>
   L
  </size>
  <color>
   Красный
  </color>
  <material>
   Нейлон
  </material>
  <price>
   693974
  </price>
  <rating>
   1.43
  </rating>
  <reviews>
   488340
  </reviews>
  <exclusive>
   no
  </exclusive>
 </clothing>
 <clothing>
  <id>
   523986647
  </id>
  <name>
   Ellesse Jacket U-4206
  </name>
  <category>
   Jacket
  </category>
  <size>
   S
  </size>
  <color>
   Синий
  </color>
  <material>
   Шелк
  </material>
  <price>
   362278
  </price>
  <rating>
   2.63
  </rating>
  <reviews>
   242537
  </reviews>
  <new>
   +
  </new>
  <exclusive>
   no
  </exclusive>
 </clothing>
 <clothing>
  <id>
   990207690
  </id>
  <name>
   Brooks Socks B-3407
  </name>
  <category>
   Socks
  </category>
  <size>
   M
  </size>
  <color>
   Желтый
  </color>
  <material>
   Шелк
  </material>
  <price>
   325165
  </price>
  <rating>
   2.87
  </rating>
  <reviews>
   726879
  </reviews>
  <new>
   -
  </new>
  <exclusive>
   no
  </exclusive>
 </clothing>
 <clothing>
  <id>
   804307630
  </id>
  <name>
   Lacoste Umbrellas N-1352
  </name>
  <category>
   Umbrellas
  </category>
  <size>
   XXL
  </size>
  <color>
   Зеленый
  </color>
  <material>
   Шерсть
  </material>
  <price>
   388492
  </price>
  <rating>
   4.45
  </rating>
  <reviews>
   768490
  </reviews>
  <new>
   -
  </new>
  <exclusive>
   yes
  </exclusive>
 </clothing>
 <clothing>
  <id>
   803334069
  </id>
  <name>
   Brooks T-shirt U-2248
  </name>
  <category>
   T-shirt
  </category>
  <size>
   XL
  </size>
  <color>
   Фиолетовый
  </color>
  <material>
   Вискоза
  </material>
  <price>
   874641
  </price>
  <rating>
   3.35
  </rating>
  <reviews>
   90151
  </reviews>
  <new>
   +
  </new>
  <exclusive>
   yes
  </exclusive>
  <sporty>
   yes
  </sporty>
 </clothing>
</clothing-items>
