<?xml version="1.0" encoding="utf-8"?>
<clothing-items>
 <clothing>
  <id>
   403310448
  </id>
  <name>
   Reebok Dress H-6953
  </name>
  <category>
   Dress
  </category>
  <size>
   M
  </size>
  <color>
   Желтый
  </color>
  <material>
   Шерсть
  </material>
  <price>
   872622
  </price>
  <rating>
   4.59
  </rating>
  <reviews>
   618690
  </reviews>
  <new>
   -
  </new>
  <exclusive>
   no
  </exclusive>
  <sporty>
   no
  </sporty>
 </clothing>
 <clothing>
  <id>
   471778295
  </id>
  <name>
   Fila Jacket S-9767
  </name>
  <category>
   Jacket
  </category>
  <size>
   S
  </size>
  <color>
   Голубой
  </color>
  <material>
   Вискоза
  </material>
  <price>
   877160
  </price>
  <rating>
   1.03
  </rating>
  <reviews>
   477570
  </reviews>
  <sporty>
   no
  </sporty>
 </clothing>
 <clothing>
  <id>
   390975752
  </id>
  <name>
   Under Armour Shoes M-4612
  </name>
  <category>
   Shoes
  </category>
  <size>
   L
  </size>
  <color>
   Желтый
  </color>
  <material>
   Лен
  </material>
  <price>
   706511
  </price>
  <rating>
   4.38
  </rating>
  <reviews>
   572684
  </reviews>
  <new>
   -
  </new>
 </clothing>
 <clothing>
  <id>
   338291134
  </id>
  <name>
   DC Gloves O-3975
  </name>
  <category>
   Gloves
  </category>
  <size>
   S
  </size>
  <color>
   Желтый
  </color>
  <material>
   Хлопок
  </material>
  <price>
   941731
  </price>
  <rating>
   2.06
  </rating>
  <reviews>
   561561
  </reviews>
  <new>
   +
  </new>
 </clothing>
 <clothing>
  <id>
   252960844
  </id>
  <name>
   Reebok Pants W-9237
  </name>
  <category>
   Pants
  </category>
  <size>
   XXL
  </size>
  <color>
   Синий
  </color>
  <material>
   Полиэстер
  </material>
  <price>
   465382
  </price>
  <rating>
   4.25
  </rating>
  <reviews>
   717334
  </reviews>
  <exclusive>
   yes
  </exclusive>
  <sporty>
   yes
  </sporty>
 </clothing>
 <clothing>
  <id>
   321105022
  </id>
  <name>
   Fila Handbags G-1634
  </name>
  <category>
   Handbags
  </category>
  <size>
   S
  </size>
  <color>
   Зеленый
  </color>
  <material>
   Полиэстер
  </material>
  <price>
   392880
  </price>
  <rating>
   3.99
  </rating>
  <reviews>
   493778
  </reviews>
 </clothing>
 <clothing>
  <id>
   265962797
  </id>
  <name>
   Under Armour Blouse L-2657
  </name>
  <category>
   Blouse
  </category>
  <size>
   M
  </size>
  <color>
   Оранжевый
  </color>
  <material>
   Лен
  </material>
  <price>
   623839
  </price>
  <rating>
   3.84
  </rating>
  <reviews>
   352818
  </reviews>
  <new>
   -
  </new>
  <exclusive>
   no
  </exclusive>
  <sporty>
   no
  </sporty>
 </clothing>
 <clothing>
  <id>
   912483555
  </id>
  <name>
   Converse Belts C-2837
  </name>
  <category>
   Belts
  </category>
  <size>
   XL
  </size>
  <color>
   Оранжевый
  </color>
  <material>
   Вискоза
  </material>
  <price>
   921965
  </price>
  <rating>
   4.17
  </rating>
  <reviews>
   529139
  </reviews>
  <exclusive>
   yes
  </exclusive>
 </clothing>
 <clothing>
  <id>
   750265964
  </id>
  <name>
   Puma Handbags S-3966
  </name>
  <category>
   Handbags
  </category>
  <size>
   L
  </size>
  <color>
   Красный
  </color>
  <material>
   Лен
  </material>
  <price>
   515200
  </price>
  <rating>
   4.31
  </rating>
  <reviews>
   244641
  </reviews>
  <new>
   -
  </new>
  <exclusive>
   no
  </exclusive>
  <sporty>
   yes
  </sporty>
 </clothing>
 <clothing>
  <id>
   376254709
  </id>
  <name>
   Ellesse Jeans I-8286
  </name>
  <category>
   Jeans
  </category>
  <size>
   XXL
  </size>
  <color>
   Зеленый
  </color>
  <material>
   Вискоза
  </material>
  <price>
   143325
  </price>
  <rating>
   3.54
  </rating>
  <reviews>
   681482
  </reviews>
  <sporty>
   yes
  </sporty>
 </clothing>
 <clothing>
  <id>
   138312802
  </id>
  <name>
   Fila Dress F-9527
  </name>
  <category>
   Dress
  </category>
  <size>
   S
  </size>
  <color>
   Оранжевый
  </color>
  <material>
   Нейлон
  </material>
  <price>
   552391
  </price>
  <rating>
   4.43
  </rating>
  <reviews>
   103358
  </reviews>
  <new>
   +
  </new>
  <exclusive>
   no
  </exclusive>
  <sporty>
   no
  </sporty>
 </clothing>
 <clothing>
  <id>
   543462532
  </id>
  <name>
   Puma Umbrellas I-5020
  </name>
  <category>
   Umbrellas
  </category>
  <size>
   XXL
  </size>
  <color>
   Красный
  </color>
  <material>
   Полиэстер
  </material>
  <price>
   535903
  </price>
  <rating>
   4.75
  </rating>
  <reviews>
   982004
  </reviews>
  <new>
   +
  </new>
 </clothing>
 <clothing>
  <id>
   741753150
  </id>
  <name>
   Reebok Gloves R-7010
  </name>
  <category>
   Gloves
  </category>
  <size>
   S
  </size>
  <color>
   Красный
  </color>
  <material>
   Кожа
  </material>
  <price>
   324225
  </price>
  <rating>
   1.58
  </rating>
  <reviews>
   903699
  </reviews>
  <exclusive>
   no
  </exclusive>
  <sporty>
   no
  </sporty>
 </clothing>
 <clothing>
  <id>
   915543775
  </id>
  <name>
   Adidas Shirt J-4922
  </name>
  <category>
   Shirt
  </category>
  <size>
   M
  </size>
  <color>
   Желтый
  </color>
  <material>
   Хлопок
  </material>
  <price>
   855277
  </price>
  <rating>
   3.95
  </rating>
  <reviews>
   972604
  </reviews>
  <new>
   +
  </new>
  <exclusive>
   no
  </exclusive>
 </clothing>
</clothing-items>
