<?xml version="1.0" encoding="utf-8"?>
<clothing-items>
 <clothing>
  <id>
   168320542
  </id>
  <name>
   Fila Hat O-4769
  </name>
  <category>
   Hat
  </category>
  <size>
   XXL
  </size>
  <color>
   Фиолетовый
  </color>
  <material>
   Нейлон
  </material>
  <price>
   277814
  </price>
  <rating>
   2.56
  </rating>
  <reviews>
   795763
  </reviews>
  <new>
   +
  </new>
  <exclusive>
   yes
  </exclusive>
 </clothing>
 <clothing>
  <id>
   675298903
  </id>
  <name>
   Fila Hat J-3325
  </name>
  <category>
   Hat
  </category>
  <size>
   XL
  </size>
  <color>
   Оранжевый
  </color>
  <material>
   Шерсть
  </material>
  <price>
   992459
  </price>
  <rating>
   3.39
  </rating>
  <reviews>
   648024
  </reviews>
  <new>
   +
  </new>
  <exclusive>
   yes
  </exclusive>
  <sporty>
   no
  </sporty>
 </clothing>
 <clothing>
  <id>
   894647369
  </id>
  <name>
   DC Hat G-3380
  </name>
  <category>
   Hat
  </category>
  <size>
   S
  </size>
  <color>
   Голубой
  </color>
  <material>
   Хлопок
  </material>
  <price>
   709594
  </price>
  <rating>
   1.58
  </rating>
  <reviews>
   731811
  </reviews>
  <new>
   +
  </new>
 </clothing>
 <clothing>
  <id>
   825055706
  </id>
  <name>
   Fila Hat W-2811
  </name>
  <category>
   Hat
  </category>
  <size>
   XL
  </size>
  <color>
   Зеленый
  </color>
  <material>
   Кожа
  </material>
  <price>
   117726
  </price>
  <rating>
   3.92
  </rating>
  <reviews>
   735237
  </reviews>
  <sporty>
   no
  </sporty>
 </clothing>
 <clothing>
  <id>
   804289026
  </id>
  <name>
   Fila Shirt W-2066
  </name>
  <category>
   Shirt
  </category>
  <size>
   XXL
  </size>
  <color>
   Фиолетовый
  </color>
  <material>
   Шерсть
  </material>
  <price>
   329001
  </price>
  <rating>
   3.23
  </rating>
  <reviews>
   540333
  </reviews>
  <new>
   +
  </new>
  <exclusive>
   no
  </exclusive>
  <sporty>
   yes
  </sporty>
 </clothing>
 <clothing>
  <id>
   181352722
  </id>
  <name>
   Reebok Jeans S-6128
  </name>
  <category>
   Jeans
  </category>
  <size>
   L
  </size>
  <color>
   Голубой
  </color>
  <material>
   Шелк
  </material>
  <price>
   831733
  </price>
  <rating>
   4.91
  </rating>
  <reviews>
   32454
  </reviews>
 </clothing>
 <clothing>
  <id>
   976466166
  </id>
  <name>
   Under Armour Gloves A-7463
  </name>
  <category>
   Gloves
  </category>
  <size>
   XL
  </size>
  <color>
   Зеленый
  </color>
  <material>
   Полиэстер
  </material>
  <price>
   315632
  </price>
  <rating>
   1.07
  </rating>
  <reviews>
   502935
  </reviews>
  <new>
   -
  </new>
 </clothing>
 <clothing>
  <id>
   453027269
  </id>
  <name>
   Adidas Jacket N-9188
  </name>
  <category>
   Jacket
  </category>
  <size>
   XXL
  </size>
  <color>
   Голубой
  </color>
  <material>
   Шелк
  </material>
  <price>
   349286
  </price>
  <rating>
   3.83
  </rating>
  <reviews>
   38662
  </reviews>
  <exclusive>
   no
  </exclusive>
  <sporty>
   yes
  </sporty>
 </clothing>
 <clothing>
  <id>
   705580054
  </id>
  <name>
   Vans Gloves V-1304
  </name>
  <category>
   Gloves
  </category>
  <size>
   L
  </size>
  <color>
   Голубой
  </color>
  <material>
   Лен
  </material>
  <price>
   304847
  </price>
  <rating>
   4.15
  </rating>
  <reviews>
   941501
  </reviews>
  <exclusive>
   yes
  </exclusive>
 </clothing>
 <clothing>
  <id>
   155868357
  </id>
  <name>
   Vans Socks T-3331
  </name>
  <category>
   Socks
  </category>
  <size>
   L
  </size>
  <color>
   Голубой
  </color>
  <material>
   Нейлон
  </material>
  <price>
   519907
  </price>
  <rating>
   1.97
  </rating>
  <reviews>
   305172
  </reviews>
  <new>
   -
  </new>
  <exclusive>
   no
  </exclusive>
  <sporty>
   yes
  </sporty>
 </clothing>
 <clothing>
  <id>
   448803974
  </id>
  <name>
   Puma Shoes P-1402
  </name>
  <category>
   Shoes
  </category>
  <size>
   L
  </size>
  <color>
   Фиолетовый
  </color>
  <material>
   Полиэстер
  </material>
  <price>
   772105
  </price>
  <rating>
   3.67
  </rating>
  <reviews>
   927913
  </reviews>
  <new>
   -
  </new>
  <sporty>
   no
  </sporty>
 </clothing>
 <clothing>
  <id>
   234679676
  </id>
  <name>
   Addidas Skirt U-5456
  </name>
  <category>
   Skirt
  </category>
  <size>
   L
  </size>
  <color>
   Желтый
  </color>
  <material>
   Нейлон
  </material>
  <price>
   878516
  </price>
  <rating>
   1.58
  </rating>
  <reviews>
   318147
  </reviews>
  <new>
   -
  </new>
  <exclusive>
   yes
  </exclusive>
  <sporty>
   yes
  </sporty>
 </clothing>
 <clothing>
  <id>
   462426916
  </id>
  <name>
   Under Armour Skirt S-2800
  </name>
  <category>
   Skirt
  </category>
  <size>
   XL
  </size>
  <color>
   Синий
  </color>
  <material>
   Шелк
  </material>
  <price>
   815936
  </price>
  <rating>
   2.75
  </rating>
  <reviews>
   800007
  </reviews>
  <new>
   +
  </new>
  <sporty>
   no
  </sporty>
 </clothing>
 <clothing>
  <id>
   586250320
  </id>
  <name>
   Vans Belts M-9802
  </name>
  <category>
   Belts
  </category>
  <size>
   M
  </size>
  <color>
   Оранжевый
  </color>
  <material>
   Шерсть
  </material>
  <price>
   336734
  </price>
  <rating>
   2.41
  </rating>
  <reviews>
   628823
  </reviews>
  <new>
   +
  </new>
  <sporty>
   yes
  </sporty>
 </clothing>
 <clothing>
  <id>
   426610911
  </id>
  <name>
   Lacoste Shoes F-1837
  </name>
  <category>
   Shoes
  </category>
  <size>
   XL
  </size>
  <color>
   Фиолетовый
  </color>
  <material>
   Лен
  </material>
  <price>
   892381
  </price>
  <rating>
   1.71
  </rating>
  <reviews>
   166943
  </reviews>
  <sporty>
   no
  </sporty>
 </clothing>
 <clothing>
  <id>
   506146780
  </id>
  <name>
   Addidas Hat F-7915
  </name>
  <category>
   Hat
  </category>
  <size>
   S
  </size>
  <color>
   Желтый
  </color>
  <material>
   Шелк
  </material>
  <price>
   460569
  </price>
  <rating>
   3.41
  </rating>
  <reviews>
   148065
  </reviews>
  <new>
   -
  </new>
  <sporty>
   no
  </sporty>
 </clothing>
 <clothing>
  <id>
   811741842
  </id>
  <name>
   Asics Blouse G-5420
  </name>
  <category>
   Blouse
  </category>
  <size>
   XXL
  </size>
  <color>
   Красный
  </color>
  <material>
   Шерсть
  </material>
  <price>
   552470
  </price>
  <rating>
   2.74
  </rating>
  <reviews>
   741783
  </reviews>
  <exclusive>
   no
  </exclusive>
 </clothing>
 <clothing>
  <id>
   679413056
  </id>
  <name>
   Lacoste Socks X-5940
  </name>
  <category>
   Socks
  </category>
  <size>
   M
  </size>
  <color>
   Фиолетовый
  </color>
  <material>
   Хлопок
  </material>
  <price>
   397439
  </price>
  <rating>
   1.88
  </rating>
  <reviews>
   465960
  </reviews>
  <new>
   +
  </new>
  <sporty>
   yes
  </sporty>
 </clothing>
 <clothing>
  <id>
   842444452
  </id>
  <name>
   Lacoste Shirt J-4499
  </name>
  <category>
   Shirt
  </category>
  <size>
   XL
  </size>
  <color>
   Оранжевый
  </color>
  <material>
   Вискоза
  </material>
  <price>
   785960
  </price>
  <rating>
   4.71
  </rating>
  <reviews>
   548186
  </reviews>
  <new>
   -
  </new>
  <exclusive>
   no
  </exclusive>
  <sporty>
   no
  </sporty>
 </clothing>
 <clothing>
  <id>
   709228567
  </id>
  <name>
   Converse Hat L-2794
  </name>
  <category>
   Hat
  </category>
  <size>
   L
  </size>
  <color>
   Голубой
  </color>
  <material>
   Кожа
  </material>
  <price>
   176887
  </price>
  <rating>
   3.62
  </rating>
  <reviews>
   303488
  </reviews>
  <new>
   -
  </new>
  <exclusive>
   no
  </exclusive>
  <sporty>
   yes
  </sporty>
 </clothing>
 <clothing>
  <id>
   586572669
  </id>
  <name>
   Nike T-shirt Z-9576
  </name>
  <category>
   T-shirt
  </category>
  <size>
   XL
  </size>
  <color>
   Оранжевый
  </color>
  <material>
   Вискоза
  </material>
  <price>
   536230
  </price>
  <rating>
   4.3
  </rating>
  <reviews>
   981159
  </reviews>
  <exclusive>
   yes
  </exclusive>
  <sporty>
   no
  </sporty>
 </clothing>
 <clothing>
  <id>
   823525103
  </id>
  <name>
   Puma Gloves Q-9833
  </name>
  <category>
   Gloves
  </category>
  <size>
   XL
  </size>
  <color>
   Фиолетовый
  </color>
  <material>
   Хлопок
  </material>
  <price>
   287737
  </price>
  <rating>
   1.64
  </rating>
  <reviews>
   458563
  </reviews>
  <exclusive>
   no
  </exclusive>
  <sporty>
   no
  </sporty>
 </clothing>
 <clothing>
  <id>
   921451866
  </id>
  <name>
   Adidas Umbrellas A-2870
  </name>
  <category>
   Umbrellas
  </category>
  <size>
   XL
  </size>
  <color>
   Оранжевый
  </color>
  <material>
   Шелк
  </material>
  <price>
   716229
  </price>
  <rating>
   3.25
  </rating>
  <reviews>
   54737
  </reviews>
  <new>
   -
  </new>
  <sporty>
   yes
  </sporty>
 </clothing>
 <clothing>
  <id>
   490437149
  </id>
  <name>
   Addidas Umbrellas V-7236
  </name>
  <category>
   Umbrellas
  </category>
  <size>
   M
  </size>
  <color>
   Желтый
  </color>
  <material>
   Шерсть
  </material>
  <price>
   523333
  </price>
  <rating>
   2.41
  </rating>
  <reviews>
   963734
  </reviews>
  <new>
   -
  </new>
 </clothing>
 <clothing>
  <id>
   945622687
  </id>
  <name>
   DC Hat A-2091
  </name>
  <category>
   Hat
  </category>
  <size>
   L
  </size>
  <color>
   Красный
  </color>
  <material>
   Шелк
  </material>
  <price>
   369818
  </price>
  <rating>
   4.42
  </rating>
  <reviews>
   538537
  </reviews>
  <exclusive>
   yes
  </exclusive>
  <sporty>
   yes
  </sporty>
 </clothing>
 <clothing>
  <id>
   770170471
  </id>
  <name>
   Fila Blouse I-9741
  </name>
  <category>
   Blouse
  </category>
  <size>
   XL
  </size>
  <color>
   Зеленый
  </color>
  <material>
   Лен
  </material>
  <price>
   404146
  </price>
  <rating>
   3.15
  </rating>
  <reviews>
   779100
  </reviews>
  <new>
   -
  </new>
  <sporty>
   yes
  </sporty>
 </clothing>
 <clothing>
  <id>
   652725942
  </id>
  <name>
   Lacoste Belts D-4345
  </name>
  <category>
   Belts
  </category>
  <size>
   XXL
  </size>
  <color>
   Зеленый
  </color>
  <material>
   Нейлон
  </material>
  <price>
   448947
  </price>
  <rating>
   1.96
  </rating>
  <reviews>
   653016
  </reviews>
  <exclusive>
   no
  </exclusive>
  <sporty>
   no
  </sporty>
 </clothing>
 <clothing>
  <id>
   860003378
  </id>
  <name>
   Converse Skirt F-5952
  </name>
  <category>
   Skirt
  </category>
  <size>
   XL
  </size>
  <color>
   Зеленый
  </color>
  <material>
   Кожа
  </material>
  <price>
   354580
  </price>
  <rating>
   2.81
  </rating>
  <reviews>
   440562
  </reviews>
  <exclusive>
   no
  </exclusive>
  <sporty>
   no
  </sporty>
 </clothing>
 <clothing>
  <id>
   748855133
  </id>
  <name>
   Under Armour Blouse N-6618
  </name>
  <category>
   Blouse
  </category>
  <size>
   XXL
  </size>
  <color>
   Голубой
  </color>
  <material>
   Шерсть
  </material>
  <price>
   433830
  </price>
  <rating>
   3.86
  </rating>
  <reviews>
   801040
  </reviews>
  <exclusive>
   yes
  </exclusive>
  <sporty>
   yes
  </sporty>
 </clothing>
 <clothing>
  <id>
   269078466
  </id>
  <name>
   PleinSport Skirt Q-9159
  </name>
  <category>
   Skirt
  </category>
  <size>
   S
  </size>
  <color>
   Синий
  </color>
  <material>
   Полиэстер
  </material>
  <price>
   403289
  </price>
  <rating>
   2.81
  </rating>
  <reviews>
   254589
  </reviews>
  <new>
   +
  </new>
  <exclusive>
   no
  </exclusive>
 </clothing>
 <clothing>
  <id>
   487241759
  </id>
  <name>
   Asics Shoes X-7643
  </name>
  <category>
   Shoes
  </category>
  <size>
   M
  </size>
  <color>
   Фиолетовый
  </color>
  <material>
   Шелк
  </material>
  <price>
   805005
  </price>
  <rating>
   2.75
  </rating>
  <reviews>
   348684
  </reviews>
 </clothing>
 <clothing>
  <id>
   946544349
  </id>
  <name>
   DC Umbrellas H-8572
  </name>
  <category>
   Umbrellas
  </category>
  <size>
   S
  </size>
  <color>
   Желтый
  </color>
  <material>
   Шелк
  </material>
  <price>
   651762
  </price>
  <rating>
   1.02
  </rating>
  <reviews>
   505908
  </reviews>
  <new>
   -
  </new>
  <sporty>
   no
  </sporty>
 </clothing>
 <clothing>
  <id>
   321403862
  </id>
  <name>
   Puma Belts I-8227
  </name>
  <category>
   Belts
  </category>
  <size>
   XXL
  </size>
  <color>
   Зеленый
  </color>
  <material>
   Шелк
  </material>
  <price>
   481007
  </price>
  <rating>
   3.46
  </rating>
  <reviews>
   527937
  </reviews>
  <exclusive>
   no
  </exclusive>
  <sporty>
   no
  </sporty>
 </clothing>
 <clothing>
  <id>
   882849528
  </id>
  <name>
   Brooks Shirt S-1644
  </name>
  <category>
   Shirt
  </category>
  <size>
   XXL
  </size>
  <color>
   Фиолетовый
  </color>
  <material>
   Вискоза
  </material>
  <price>
   390458
  </price>
  <rating>
   4.42
  </rating>
  <reviews>
   612048
  </reviews>
  <new>
   -
  </new>
  <exclusive>
   no
  </exclusive>
  <sporty>
   no
  </sporty>
 </clothing>
 <clothing>
  <id>
   363546065
  </id>
  <name>
   Reebok Jeans M-2912
  </name>
  <category>
   Jeans
  </category>
  <size>
   M
  </size>
  <color>
   Фиолетовый
  </color>
  <material>
   Лен
  </material>
  <price>
   433279
  </price>
  <rating>
   2.09
  </rating>
  <reviews>
   278062
  </reviews>
  <new>
   -
  </new>
  <exclusive>
   no
  </exclusive>
  <sporty>
   yes
  </sporty>
 </clothing>
 <clothing>
  <id>
   744241305
  </id>
  <name>
   Lacoste Jacket I-9393
  </name>
  <category>
   Jacket
  </category>
  <size>
   XXL
  </size>
  <color>
   Красный
  </color>
  <material>
   Кожа
  </material>
  <price>
   950190
  </price>
  <rating>
   1.97
  </rating>
  <reviews>
   298319
  </reviews>
  <new>
   +
  </new>
  <exclusive>
   no
  </exclusive>
 </clothing>
</clothing-items>
