<?xml version="1.0" encoding="utf-8"?>
<clothing-items>
 <clothing>
  <id>
   787061553
  </id>
  <name>
   Converse Pants K-4960
  </name>
  <category>
   Pants
  </category>
  <size>
   L
  </size>
  <color>
   Оранжевый
  </color>
  <material>
   Полиэстер
  </material>
  <price>
   394564
  </price>
  <rating>
   3.77
  </rating>
  <reviews>
   296343
  </reviews>
  <new>
   -
  </new>
 </clothing>
 <clothing>
  <id>
   425586311
  </id>
  <name>
   Vans Sweater J-4460
  </name>
  <category>
   Sweater
  </category>
  <size>
   M
  </size>
  <color>
   Желтый
  </color>
  <material>
   Нейлон
  </material>
  <price>
   508430
  </price>
  <rating>
   3.75
  </rating>
  <reviews>
   269432
  </reviews>
  <new>
   -
  </new>
  <exclusive>
   no
  </exclusive>
 </clothing>
 <clothing>
  <id>
   587365523
  </id>
  <name>
   Ellesse T-shirt E-1563
  </name>
  <category>
   T-shirt
  </category>
  <size>
   L
  </size>
  <color>
   Желтый
  </color>
  <material>
   Шелк
  </material>
  <price>
   668284
  </price>
  <rating>
   3.83
  </rating>
  <reviews>
   413176
  </reviews>
  <new>
   -
  </new>
  <exclusive>
   no
  </exclusive>
  <sporty>
   no
  </sporty>
 </clothing>
 <clothing>
  <id>
   927141347
  </id>
  <name>
   Addidas Sweater F-8222
  </name>
  <category>
   Sweater
  </category>
  <size>
   XXL
  </size>
  <color>
   Оранжевый
  </color>
  <material>
   Шерсть
  </material>
  <price>
   607909
  </price>
  <rating>
   2.48
  </rating>
  <reviews>
   62163
  </reviews>
  <new>
   -
  </new>
  <sporty>
   yes
  </sporty>
 </clothing>
 <clothing>
  <id>
   715467895
  </id>
  <name>
   New Balance Sweater I-2385
  </name>
  <category>
   Sweater
  </category>
  <size>
   XL
  </size>
  <color>
   Красный
  </color>
  <material>
   Шерсть
  </material>
  <price>
   174003
  </price>
  <rating>
   4.58
  </rating>
  <reviews>
   486787
  </reviews>
  <new>
   +
  </new>
 </clothing>
 <clothing>
  <id>
   721619695
  </id>
  <name>
   New Balance Socks A-3027
  </name>
  <category>
   Socks
  </category>
  <size>
   L
  </size>
  <color>
   Красный
  </color>
  <material>
   Лен
  </material>
  <price>
   449670
  </price>
  <rating>
   3.94
  </rating>
  <reviews>
   942145
  </reviews>
  <new>
   -
  </new>
  <exclusive>
   no
  </exclusive>
  <sporty>
   yes
  </sporty>
 </clothing>
 <clothing>
  <id>
   772700997
  </id>
  <name>
   Adidas Skirt X-9785
  </name>
  <category>
   Skirt
  </category>
  <size>
   L
  </size>
  <color>
   Фиолетовый
  </color>
  <material>
   Кожа
  </material>
  <price>
   347865
  </price>
  <rating>
   2.45
  </rating>
  <reviews>
   257099
  </reviews>
  <new>
   -
  </new>
  <sporty>
   no
  </sporty>
 </clothing>
 <clothing>
  <id>
   452539316
  </id>
  <name>
   Addidas Socks D-7186
  </name>
  <category>
   Socks
  </category>
  <size>
   XXL
  </size>
  <color>
   Фиолетовый
  </color>
  <material>
   Полиэстер
  </material>
  <price>
   907625
  </price>
  <rating>
   3.76
  </rating>
  <reviews>
   592647
  </reviews>
  <new>
   -
  </new>
  <exclusive>
   no
  </exclusive>
  <sporty>
   yes
  </sporty>
 </clothing>
 <clothing>
  <id>
   191380061
  </id>
  <name>
   DC Shoes A-5432
  </name>
  <category>
   Shoes
  </category>
  <size>
   L
  </size>
  <color>
   Зеленый
  </color>
  <material>
   Шелк
  </material>
  <price>
   435860
  </price>
  <rating>
   3.7
  </rating>
  <reviews>
   369214
  </reviews>
  <new>
   -
  </new>
  <exclusive>
   no
  </exclusive>
  <sporty>
   yes
  </sporty>
 </clothing>
 <clothing>
  <id>
   491437022
  </id>
  <name>
   Addidas Socks G-4238
  </name>
  <category>
   Socks
  </category>
  <size>
   L
  </size>
  <color>
   Красный
  </color>
  <material>
   Полиэстер
  </material>
  <price>
   722294
  </price>
  <rating>
   2.22
  </rating>
  <reviews>
   266299
  </reviews>
  <exclusive>
   yes
  </exclusive>
  <sporty>
   yes
  </sporty>
 </clothing>
 <clothing>
  <id>
   158760713
  </id>
  <name>
   Vans Shoes S-5669
  </name>
  <category>
   Shoes
  </category>
  <size>
   S
  </size>
  <color>
   Фиолетовый
  </color>
  <material>
   Нейлон
  </material>
  <price>
   440108
  </price>
  <rating>
   1.24
  </rating>
  <reviews>
   750984
  </reviews>
  <new>
   -
  </new>
  <exclusive>
   no
  </exclusive>
 </clothing>
 <clothing>
  <id>
   254967554
  </id>
  <name>
   Lacoste Socks B-9731
  </name>
  <category>
   Socks
  </category>
  <size>
   XL
  </size>
  <color>
   Зеленый
  </color>
  <material>
   Нейлон
  </material>
  <price>
   723740
  </price>
  <rating>
   1.02
  </rating>
  <reviews>
   979455
  </reviews>
  <new>
   -
  </new>
  <exclusive>
   no
  </exclusive>
 </clothing>
 <clothing>
  <id>
   785737405
  </id>
  <name>
   Addidas Jeans I-1629
  </name>
  <category>
   Jeans
  </category>
  <size>
   S
  </size>
  <color>
   Оранжевый
  </color>
  <material>
   Кожа
  </material>
  <price>
   151620
  </price>
  <rating>
   3.17
  </rating>
  <reviews>
   88683
  </reviews>
  <new>
   +
  </new>
  <exclusive>
   no
  </exclusive>
  <sporty>
   no
  </sporty>
 </clothing>
 <clothing>
  <id>
   342539218
  </id>
  <name>
   Reebok Skirt O-2965
  </name>
  <category>
   Skirt
  </category>
  <size>
   L
  </size>
  <color>
   Оранжевый
  </color>
  <material>
   Хлопок
  </material>
  <price>
   732261
  </price>
  <rating>
   2.3
  </rating>
  <reviews>
   62225
  </reviews>
  <new>
   -
  </new>
  <sporty>
   no
  </sporty>
 </clothing>
 <clothing>
  <id>
   344002772
  </id>
  <name>
   New Balance Gloves A-6484
  </name>
  <category>
   Gloves
  </category>
  <size>
   XXL
  </size>
  <color>
   Красный
  </color>
  <material>
   Шерсть
  </material>
  <price>
   200234
  </price>
  <rating>
   4.67
  </rating>
  <reviews>
   974193
  </reviews>
  <new>
   +
  </new>
  <sporty>
   yes
  </sporty>
 </clothing>
 <clothing>
  <id>
   245078879
  </id>
  <name>
   Nike T-shirt G-3004
  </name>
  <category>
   T-shirt
  </category>
  <size>
   L
  </size>
  <color>
   Желтый
  </color>
  <material>
   Полиэстер
  </material>
  <price>
   972413
  </price>
  <rating>
   1.24
  </rating>
  <reviews>
   481605
  </reviews>
 </clothing>
 <clothing>
  <id>
   497570892
  </id>
  <name>
   New Balance Gloves Q-7267
  </name>
  <category>
   Gloves
  </category>
  <size>
   XXL
  </size>
  <color>
   Синий
  </color>
  <material>
   Хлопок
  </material>
  <price>
   728669
  </price>
  <rating>
   3.16
  </rating>
  <reviews>
   719989
  </reviews>
  <new>
   -
  </new>
  <sporty>
   yes
  </sporty>
 </clothing>
 <clothing>
  <id>
   403013101
  </id>
  <name>
   DC Skirt S-4523
  </name>
  <category>
   Skirt
  </category>
  <size>
   L
  </size>
  <color>
   Желтый
  </color>
  <material>
   Шелк
  </material>
  <price>
   858623
  </price>
  <rating>
   3.72
  </rating>
  <reviews>
   898627
  </reviews>
  <exclusive>
   no
  </exclusive>
  <sporty>
   no
  </sporty>
 </clothing>
</clothing-items>
