<?xml version="1.0" encoding="utf-8"?>
<clothing-items>
 <clothing>
  <id>
   708293930
  </id>
  <name>
   New Balance Shoes O-5691
  </name>
  <category>
   Shoes
  </category>
  <size>
   XXL
  </size>
  <color>
   Голубой
  </color>
  <material>
   Кожа
  </material>
  <price>
   531450
  </price>
  <rating>
   4.6
  </rating>
  <reviews>
   641636
  </reviews>
  <new>
   -
  </new>
  <exclusive>
   yes
  </exclusive>
  <sporty>
   no
  </sporty>
 </clothing>
 <clothing>
  <id>
   362124795
  </id>
  <name>
   Asics Skirt W-7673
  </name>
  <category>
   Skirt
  </category>
  <size>
   XXL
  </size>
  <color>
   Оранжевый
  </color>
  <material>
   Хлопок
  </material>
  <price>
   266678
  </price>
  <rating>
   1.86
  </rating>
  <reviews>
   403789
  </reviews>
  <exclusive>
   yes
  </exclusive>
 </clothing>
 <clothing>
  <id>
   852927699
  </id>
  <name>
   Fila Umbrellas B-2915
  </name>
  <category>
   Umbrellas
  </category>
  <size>
   XXL
  </size>
  <color>
   Оранжевый
  </color>
  <material>
   Шелк
  </material>
  <price>
   368553
  </price>
  <rating>
   1.14
  </rating>
  <reviews>
   319323
  </reviews>
  <new>
   -
  </new>
  <exclusive>
   yes
  </exclusive>
  <sporty>
   no
  </sporty>
 </clothing>
 <clothing>
  <id>
   503622903
  </id>
  <name>
   Brooks Blouse V-6504
  </name>
  <category>
   Blouse
  </category>
  <size>
   S
  </size>
  <color>
   Голубой
  </color>
  <material>
   Лен
  </material>
  <price>
   563454
  </price>
  <rating>
   4.54
  </rating>
  <reviews>
   186453
  </reviews>
  <new>
   +
  </new>
  <exclusive>
   yes
  </exclusive>
  <sporty>
   no
  </sporty>
 </clothing>
 <clothing>
  <id>
   214350080
  </id>
  <name>
   Addidas Jeans Y-2798
  </name>
  <category>
   Jeans
  </category>
  <size>
   XL
  </size>
  <color>
   Голубой
  </color>
  <material>
   Кожа
  </material>
  <price>
   371037
  </price>
  <rating>
   3.88
  </rating>
  <reviews>
   706092
  </reviews>
  <new>
   -
  </new>
 </clothing>
 <clothing>
  <id>
   422213755
  </id>
  <name>
   Asics Dress H-3551
  </name>
  <category>
   Dress
  </category>
  <size>
   XL
  </size>
  <color>
   Синий
  </color>
  <material>
   Вискоза
  </material>
  <price>
   870547
  </price>
  <rating>
   2.08
  </rating>
  <reviews>
   724982
  </reviews>
  <new>
   +
  </new>
  <exclusive>
   no
  </exclusive>
 </clothing>
 <clothing>
  <id>
   968196563
  </id>
  <name>
   Puma Umbrellas K-7977
  </name>
  <category>
   Umbrellas
  </category>
  <size>
   XL
  </size>
  <color>
   Красный
  </color>
  <material>
   Шелк
  </material>
  <price>
   370142
  </price>
  <rating>
   3.66
  </rating>
  <reviews>
   596639
  </reviews>
  <new>
   -
  </new>
 </clothing>
 <clothing>
  <id>
   266607237
  </id>
  <name>
   PleinSport Jacket O-4442
  </name>
  <category>
   Jacket
  </category>
  <size>
   S
  </size>
  <color>
   Синий
  </color>
  <material>
   Лен
  </material>
  <price>
   475290
  </price>
  <rating>
   1.91
  </rating>
  <reviews>
   299185
  </reviews>
  <new>
   -
  </new>
  <exclusive>
   yes
  </exclusive>
  <sporty>
   no
  </sporty>
 </clothing>
 <clothing>
  <id>
   961331832
  </id>
  <name>
   Puma Jacket U-7918
  </name>
  <category>
   Jacket
  </category>
  <size>
   L
  </size>
  <color>
   Красный
  </color>
  <material>
   Хлопок
  </material>
  <price>
   608309
  </price>
  <rating>
   3.06
  </rating>
  <reviews>
   248866
  </reviews>
  <new>
   -
  </new>
  <sporty>
   no
  </sporty>
 </clothing>
 <clothing>
  <id>
   534846517
  </id>
  <name>
   Converse Handbags W-4468
  </name>
  <category>
   Handbags
  </category>
  <size>
   S
  </size>
  <color>
   Оранжевый
  </color>
  <material>
   Вискоза
  </material>
  <price>
   992903
  </price>
  <rating>
   3.95
  </rating>
  <reviews>
   231832
  </reviews>
  <exclusive>
   no
  </exclusive>
  <sporty>
   yes
  </sporty>
 </clothing>
 <clothing>
  <id>
   534010938
  </id>
  <name>
   Puma Shoes J-1316
  </name>
  <category>
   Shoes
  </category>
  <size>
   XL
  </size>
  <color>
   Голубой
  </color>
  <material>
   Вискоза
  </material>
  <price>
   561225
  </price>
  <rating>
   4.02
  </rating>
  <reviews>
   946222
  </reviews>
  <new>
   -
  </new>
  <exclusive>
   no
  </exclusive>
  <sporty>
   yes
  </sporty>
 </clothing>
 <clothing>
  <id>
   627374258
  </id>
  <name>
   Adidas Gloves I-7385
  </name>
  <category>
   Gloves
  </category>
  <size>
   XL
  </size>
  <color>
   Голубой
  </color>
  <material>
   Кожа
  </material>
  <price>
   544267
  </price>
  <rating>
   4.03
  </rating>
  <reviews>
   372674
  </reviews>
  <sporty>
   no
  </sporty>
 </clothing>
 <clothing>
  <id>
   848738948
  </id>
  <name>
   Lacoste Blouse U-3387
  </name>
  <category>
   Blouse
  </category>
  <size>
   L
  </size>
  <color>
   Желтый
  </color>
  <material>
   Полиэстер
  </material>
  <price>
   601297
  </price>
  <rating>
   2.76
  </rating>
  <reviews>
   533558
  </reviews>
  <new>
   -
  </new>
 </clothing>
 <clothing>
  <id>
   403010526
  </id>
  <name>
   New Balance Handbags P-3618
  </name>
  <category>
   Handbags
  </category>
  <size>
   XL
  </size>
  <color>
   Фиолетовый
  </color>
  <material>
   Вискоза
  </material>
  <price>
   590708
  </price>
  <rating>
   1.08
  </rating>
  <reviews>
   855677
  </reviews>
  <new>
   -
  </new>
  <exclusive>
   yes
  </exclusive>
  <sporty>
   no
  </sporty>
 </clothing>
</clothing-items>
