<?xml version="1.0" encoding="utf-8"?>
<clothing-items>
 <clothing>
  <id>
   221358151
  </id>
  <name>
   Converse Jeans F-5811
  </name>
  <category>
   Jeans
  </category>
  <size>
   S
  </size>
  <color>
   Фиолетовый
  </color>
  <material>
   Полиэстер
  </material>
  <price>
   524741
  </price>
  <rating>
   1.07
  </rating>
  <reviews>
   988333
  </reviews>
  <new>
   +
  </new>
  <exclusive>
   no
  </exclusive>
  <sporty>
   yes
  </sporty>
 </clothing>
 <clothing>
  <id>
   805785071
  </id>
  <name>
   Puma Gloves Q-2368
  </name>
  <category>
   Gloves
  </category>
  <size>
   L
  </size>
  <color>
   Фиолетовый
  </color>
  <material>
   Кожа
  </material>
  <price>
   294737
  </price>
  <rating>
   3.52
  </rating>
  <reviews>
   870245
  </reviews>
  <new>
   +
  </new>
  <exclusive>
   no
  </exclusive>
  <sporty>
   yes
  </sporty>
 </clothing>
 <clothing>
  <id>
   665968519
  </id>
  <name>
   PleinSport Shirt Y-3337
  </name>
  <category>
   Shirt
  </category>
  <size>
   M
  </size>
  <color>
   Голубой
  </color>
  <material>
   Хлопок
  </material>
  <price>
   570323
  </price>
  <rating>
   2.56
  </rating>
  <reviews>
   685417
  </reviews>
  <new>
   -
  </new>
  <exclusive>
   yes
  </exclusive>
 </clothing>
 <clothing>
  <id>
   908008970
  </id>
  <name>
   Puma Shirt M-2180
  </name>
  <category>
   Shirt
  </category>
  <size>
   S
  </size>
  <color>
   Фиолетовый
  </color>
  <material>
   Полиэстер
  </material>
  <price>
   421358
  </price>
  <rating>
   1.11
  </rating>
  <reviews>
   538840
  </reviews>
  <new>
   -
  </new>
  <exclusive>
   yes
  </exclusive>
 </clothing>
 <clothing>
  <id>
   184753002
  </id>
  <name>
   Addidas Socks D-7291
  </name>
  <category>
   Socks
  </category>
  <size>
   L
  </size>
  <color>
   Оранжевый
  </color>
  <material>
   Вискоза
  </material>
  <price>
   419901
  </price>
  <rating>
   1.34
  </rating>
  <reviews>
   996138
  </reviews>
  <exclusive>
   no
  </exclusive>
  <sporty>
   no
  </sporty>
 </clothing>
 <clothing>
  <id>
   947253675
  </id>
  <name>
   Adidas Shirt K-8400
  </name>
  <category>
   Shirt
  </category>
  <size>
   S
  </size>
  <color>
   Синий
  </color>
  <material>
   Полиэстер
  </material>
  <price>
   477696
  </price>
  <rating>
   1.95
  </rating>
  <reviews>
   934370
  </reviews>
  <new>
   -
  </new>
  <sporty>
   no
  </sporty>
 </clothing>
 <clothing>
  <id>
   358808026
  </id>
  <name>
   Under Armour Pants R-8812
  </name>
  <category>
   Pants
  </category>
  <size>
   S
  </size>
  <color>
   Оранжевый
  </color>
  <material>
   Нейлон
  </material>
  <price>
   824179
  </price>
  <rating>
   3.73
  </rating>
  <reviews>
   16387
  </reviews>
  <sporty>
   yes
  </sporty>
 </clothing>
 <clothing>
  <id>
   758596926
  </id>
  <name>
   Adidas Skirt Y-1712
  </name>
  <category>
   Skirt
  </category>
  <size>
   XXL
  </size>
  <color>
   Оранжевый
  </color>
  <material>
   Шелк
  </material>
  <price>
   416130
  </price>
  <rating>
   3.05
  </rating>
  <reviews>
   488901
  </reviews>
  <exclusive>
   no
  </exclusive>
 </clothing>
 <clothing>
  <id>
   210860351
  </id>
  <name>
   Lacoste Shoes H-9558
  </name>
  <category>
   Shoes
  </category>
  <size>
   XXL
  </size>
  <color>
   Синий
  </color>
  <material>
   Лен
  </material>
  <price>
   319820
  </price>
  <rating>
   3.35
  </rating>
  <reviews>
   690331
  </reviews>
  <exclusive>
   no
  </exclusive>
  <sporty>
   no
  </sporty>
 </clothing>
 <clothing>
  <id>
   867290725
  </id>
  <name>
   Addidas Blouse C-6241
  </name>
  <category>
   Blouse
  </category>
  <size>
   XL
  </size>
  <color>
   Оранжевый
  </color>
  <material>
   Вискоза
  </material>
  <price>
   589955
  </price>
  <rating>
   4.99
  </rating>
  <reviews>
   396379
  </reviews>
  <exclusive>
   yes
  </exclusive>
  <sporty>
   no
  </sporty>
 </clothing>
 <clothing>
  <id>
   285020920
  </id>
  <name>
   Nike Gloves C-1509
  </name>
  <category>
   Gloves
  </category>
  <size>
   L
  </size>
  <color>
   Зеленый
  </color>
  <material>
   Лен
  </material>
  <price>
   532594
  </price>
  <rating>
   3.24
  </rating>
  <reviews>
   414919
  </reviews>
  <exclusive>
   no
  </exclusive>
  <sporty>
   no
  </sporty>
 </clothing>
 <clothing>
  <id>
   151736645
  </id>
  <name>
   Converse Umbrellas Z-8299
  </name>
  <category>
   Umbrellas
  </category>
  <size>
   S
  </size>
  <color>
   Зеленый
  </color>
  <material>
   Полиэстер
  </material>
  <price>
   627878
  </price>
  <rating>
   3.09
  </rating>
  <reviews>
   265403
  </reviews>
  <new>
   -
  </new>
  <exclusive>
   no
  </exclusive>
  <sporty>
   no
  </sporty>
 </clothing>
 <clothing>
  <id>
   230668127
  </id>
  <name>
   PleinSport Gloves A-8746
  </name>
  <category>
   Gloves
  </category>
  <size>
   XL
  </size>
  <color>
   Синий
  </color>
  <material>
   Шелк
  </material>
  <price>
   755625
  </price>
  <rating>
   1.29
  </rating>
  <reviews>
   792147
  </reviews>
  <new>
   +
  </new>
  <exclusive>
   yes
  </exclusive>
 </clothing>
 <clothing>
  <id>
   264681485
  </id>
  <name>
   Brooks Skirt W-4005
  </name>
  <category>
   Skirt
  </category>
  <size>
   S
  </size>
  <color>
   Желтый
  </color>
  <material>
   Кожа
  </material>
  <price>
   165753
  </price>
  <rating>
   2.5
  </rating>
  <reviews>
   535905
  </reviews>
  <exclusive>
   no
  </exclusive>
  <sporty>
   yes
  </sporty>
 </clothing>
 <clothing>
  <id>
   539518549
  </id>
  <name>
   Vans T-shirt P-4130
  </name>
  <category>
   T-shirt
  </category>
  <size>
   M
  </size>
  <color>
   Желтый
  </color>
  <material>
   Шерсть
  </material>
  <price>
   765372
  </price>
  <rating>
   4.27
  </rating>
  <reviews>
   723651
  </reviews>
  <new>
   -
  </new>
 </clothing>
 <clothing>
  <id>
   926655980
  </id>
  <name>
   Converse Handbags O-2941
  </name>
  <category>
   Handbags
  </category>
  <size>
   M
  </size>
  <color>
   Красный
  </color>
  <material>
   Лен
  </material>
  <price>
   416705
  </price>
  <rating>
   1.41
  </rating>
  <reviews>
   115946
  </reviews>
  <new>
   -
  </new>
  <exclusive>
   yes
  </exclusive>
  <sporty>
   no
  </sporty>
 </clothing>
 <clothing>
  <id>
   932457879
  </id>
  <name>
   Brooks Jeans O-8765
  </name>
  <category>
   Jeans
  </category>
  <size>
   L
  </size>
  <color>
   Голубой
  </color>
  <material>
   Шерсть
  </material>
  <price>
   358361
  </price>
  <rating>
   2.74
  </rating>
  <reviews>
   660667
  </reviews>
  <exclusive>
   no
  </exclusive>
  <sporty>
   yes
  </sporty>
 </clothing>
 <clothing>
  <id>
   755948276
  </id>
  <name>
   Addidas Shoes J-2118
  </name>
  <category>
   Shoes
  </category>
  <size>
   XXL
  </size>
  <color>
   Фиолетовый
  </color>
  <material>
   Кожа
  </material>
  <price>
   983994
  </price>
  <rating>
   2.02
  </rating>
  <reviews>
   979451
  </reviews>
  <exclusive>
   yes
  </exclusive>
  <sporty>
   no
  </sporty>
 </clothing>
 <clothing>
  <id>
   335691932
  </id>
  <name>
   Brooks Hat T-4662
  </name>
  <category>
   Hat
  </category>
  <size>
   M
  </size>
  <color>
   Желтый
  </color>
  <material>
   Кожа
  </material>
  <price>
   401332
  </price>
  <rating>
   1.5
  </rating>
  <reviews>
   469255
  </reviews>
  <new>
   -
  </new>
  <exclusive>
   yes
  </exclusive>
  <sporty>
   yes
  </sporty>
 </clothing>
 <clothing>
  <id>
   896841663
  </id>
  <name>
   Reebok Jeans K-2163
  </name>
  <category>
   Jeans
  </category>
  <size>
   M
  </size>
  <color>
   Синий
  </color>
  <material>
   Нейлон
  </material>
  <price>
   477367
  </price>
  <rating>
   1.57
  </rating>
  <reviews>
   247877
  </reviews>
  <new>
   -
  </new>
  <sporty>
   no
  </sporty>
 </clothing>
 <clothing>
  <id>
   204983672
  </id>
  <name>
   Nike Jacket L-4397
  </name>
  <category>
   Jacket
  </category>
  <size>
   M
  </size>
  <color>
   Синий
  </color>
  <material>
   Кожа
  </material>
  <price>
   977812
  </price>
  <rating>
   2.36
  </rating>
  <reviews>
   659486
  </reviews>
  <new>
   -
  </new>
 </clothing>
 <clothing>
  <id>
   125698266
  </id>
  <name>
   Adidas Blouse C-1603
  </name>
  <category>
   Blouse
  </category>
  <size>
   S
  </size>
  <color>
   Зеленый
  </color>
  <material>
   Лен
  </material>
  <price>
   583291
  </price>
  <rating>
   2.95
  </rating>
  <reviews>
   15542
  </reviews>
 </clothing>
 <clothing>
  <id>
   187070030
  </id>
  <name>
   New Balance Skirt U-4541
  </name>
  <category>
   Skirt
  </category>
  <size>
   XL
  </size>
  <color>
   Голубой
  </color>
  <material>
   Хлопок
  </material>
  <price>
   493990
  </price>
  <rating>
   4.77
  </rating>
  <reviews>
   197537
  </reviews>
  <new>
   -
  </new>
  <exclusive>
   yes
  </exclusive>
 </clothing>
 <clothing>
  <id>
   361360085
  </id>
  <name>
   Asics Jacket M-7998
  </name>
  <category>
   Jacket
  </category>
  <size>
   M
  </size>
  <color>
   Желтый
  </color>
  <material>
   Нейлон
  </material>
  <price>
   659714
  </price>
  <rating>
   2.37
  </rating>
  <reviews>
   42071
  </reviews>
 </clothing>
 <clothing>
  <id>
   714774711
  </id>
  <name>
   Vans Jeans V-4285
  </name>
  <category>
   Jeans
  </category>
  <size>
   L
  </size>
  <color>
   Зеленый
  </color>
  <material>
   Нейлон
  </material>
  <price>
   823795
  </price>
  <rating>
   3.46
  </rating>
  <reviews>
   726225
  </reviews>
  <exclusive>
   no
  </exclusive>
  <sporty>
   no
  </sporty>
 </clothing>
 <clothing>
  <id>
   687549183
  </id>
  <name>
   Converse Shoes J-2780
  </name>
  <category>
   Shoes
  </category>
  <size>
   L
  </size>
  <color>
   Синий
  </color>
  <material>
   Хлопок
  </material>
  <price>
   430986
  </price>
  <rating>
   3.29
  </rating>
  <reviews>
   903897
  </reviews>
  <new>
   -
  </new>
  <exclusive>
   yes
  </exclusive>
  <sporty>
   yes
  </sporty>
 </clothing>
 <clothing>
  <id>
   884123819
  </id>
  <name>
   Brooks Shirt Q-4304
  </name>
  <category>
   Shirt
  </category>
  <size>
   XL
  </size>
  <color>
   Голубой
  </color>
  <material>
   Хлопок
  </material>
  <price>
   318716
  </price>
  <rating>
   4.72
  </rating>
  <reviews>
   957868
  </reviews>
  <new>
   +
  </new>
  <sporty>
   no
  </sporty>
 </clothing>
 <clothing>
  <id>
   729869508
  </id>
  <name>
   DC Blouse V-9589
  </name>
  <category>
   Blouse
  </category>
  <size>
   S
  </size>
  <color>
   Синий
  </color>
  <material>
   Шелк
  </material>
  <price>
   461773
  </price>
  <rating>
   4.12
  </rating>
  <reviews>
   597508
  </reviews>
  <new>
   +
  </new>
  <exclusive>
   yes
  </exclusive>
  <sporty>
   yes
  </sporty>
 </clothing>
 <clothing>
  <id>
   533748764
  </id>
  <name>
   Reebok Dress U-7401
  </name>
  <category>
   Dress
  </category>
  <size>
   XL
  </size>
  <color>
   Желтый
  </color>
  <material>
   Полиэстер
  </material>
  <price>
   803791
  </price>
  <rating>
   1.44
  </rating>
  <reviews>
   114070
  </reviews>
  <new>
   -
  </new>
  <exclusive>
   yes
  </exclusive>
 </clothing>
 <clothing>
  <id>
   551823943
  </id>
  <name>
   Under Armour Jeans U-1244
  </name>
  <category>
   Jeans
  </category>
  <size>
   M
  </size>
  <color>
   Желтый
  </color>
  <material>
   Шерсть
  </material>
  <price>
   190505
  </price>
  <rating>
   2.34
  </rating>
  <reviews>
   131981
  </reviews>
  <new>
   -
  </new>
  <exclusive>
   no
  </exclusive>
  <sporty>
   no
  </sporty>
 </clothing>
 <clothing>
  <id>
   724963614
  </id>
  <name>
   Converse Gloves N-4239
  </name>
  <category>
   Gloves
  </category>
  <size>
   M
  </size>
  <color>
   Синий
  </color>
  <material>
   Полиэстер
  </material>
  <price>
   930650
  </price>
  <rating>
   4.54
  </rating>
  <reviews>
   786013
  </reviews>
  <new>
   -
  </new>
  <sporty>
   no
  </sporty>
 </clothing>
 <clothing>
  <id>
   389210693
  </id>
  <name>
   New Balance Handbags V-7674
  </name>
  <category>
   Handbags
  </category>
  <size>
   M
  </size>
  <color>
   Красный
  </color>
  <material>
   Полиэстер
  </material>
  <price>
   963524
  </price>
  <rating>
   3.07
  </rating>
  <reviews>
   365302
  </reviews>
  <new>
   -
  </new>
  <exclusive>
   no
  </exclusive>
  <sporty>
   yes
  </sporty>
 </clothing>
 <clothing>
  <id>
   753625389
  </id>
  <name>
   Adidas Handbags M-5647
  </name>
  <category>
   Handbags
  </category>
  <size>
   XXL
  </size>
  <color>
   Зеленый
  </color>
  <material>
   Полиэстер
  </material>
  <price>
   107200
  </price>
  <rating>
   2.46
  </rating>
  <reviews>
   163018
  </reviews>
  <new>
   -
  </new>
  <exclusive>
   no
  </exclusive>
  <sporty>
   no
  </sporty>
 </clothing>
</clothing-items>
