<?xml version="1.0" encoding="utf-8"?>
<clothing-items>
 <clothing>
  <id>
   619264528
  </id>
  <name>
   DC Sweater P-6028
  </name>
  <category>
   Sweater
  </category>
  <size>
   XXL
  </size>
  <color>
   Синий
  </color>
  <material>
   Шелк
  </material>
  <price>
   175582
  </price>
  <rating>
   3.79
  </rating>
  <reviews>
   618960
  </reviews>
  <new>
   -
  </new>
  <exclusive>
   yes
  </exclusive>
  <sporty>
   no
  </sporty>
 </clothing>
 <clothing>
  <id>
   493248185
  </id>
  <name>
   Reebok Umbrellas S-6099
  </name>
  <category>
   Umbrellas
  </category>
  <size>
   XXL
  </size>
  <color>
   Фиолетовый
  </color>
  <material>
   Нейлон
  </material>
  <price>
   498970
  </price>
  <rating>
   3.96
  </rating>
  <reviews>
   945401
  </reviews>
  <sporty>
   yes
  </sporty>
 </clothing>
 <clothing>
  <id>
   682056996
  </id>
  <name>
   DC Dress I-1051
  </name>
  <category>
   Dress
  </category>
  <size>
   XL
  </size>
  <color>
   Синий
  </color>
  <material>
   Хлопок
  </material>
  <price>
   676336
  </price>
  <rating>
   5.0
  </rating>
  <reviews>
   571321
  </reviews>
 </clothing>
 <clothing>
  <id>
   407422413
  </id>
  <name>
   PleinSport Blouse J-8398
  </name>
  <category>
   Blouse
  </category>
  <size>
   S
  </size>
  <color>
   Синий
  </color>
  <material>
   Кожа
  </material>
  <price>
   487079
  </price>
  <rating>
   1.96
  </rating>
  <reviews>
   726398
  </reviews>
  <exclusive>
   no
  </exclusive>
 </clothing>
 <clothing>
  <id>
   297308419
  </id>
  <name>
   Brooks Jeans I-8999
  </name>
  <category>
   Jeans
  </category>
  <size>
   L
  </size>
  <color>
   Синий
  </color>
  <material>
   Полиэстер
  </material>
  <price>
   825204
  </price>
  <rating>
   4.23
  </rating>
  <reviews>
   136160
  </reviews>
  <sporty>
   no
  </sporty>
 </clothing>
 <clothing>
  <id>
   619034222
  </id>
  <name>
   Vans T-shirt W-8992
  </name>
  <category>
   T-shirt
  </category>
  <size>
   S
  </size>
  <color>
   Красный
  </color>
  <material>
   Вискоза
  </material>
  <price>
   187735
  </price>
  <rating>
   4.21
  </rating>
  <reviews>
   852820
  </reviews>
  <sporty>
   no
  </sporty>
 </clothing>
 <clothing>
  <id>
   949933981
  </id>
  <name>
   Fila Pants V-4870
  </name>
  <category>
   Pants
  </category>
  <size>
   M
  </size>
  <color>
   Оранжевый
  </color>
  <material>
   Нейлон
  </material>
  <price>
   226912
  </price>
  <rating>
   2.11
  </rating>
  <reviews>
   389611
  </reviews>
  <new>
   -
  </new>
 </clothing>
 <clothing>
  <id>
   632247166
  </id>
  <name>
   Asics Blouse P-8247
  </name>
  <category>
   Blouse
  </category>
  <size>
   M
  </size>
  <color>
   Оранжевый
  </color>
  <material>
   Вискоза
  </material>
  <price>
   571702
  </price>
  <rating>
   4.55
  </rating>
  <reviews>
   310927
  </reviews>
  <new>
   +
  </new>
  <exclusive>
   yes
  </exclusive>
  <sporty>
   no
  </sporty>
 </clothing>
 <clothing>
  <id>
   527973320
  </id>
  <name>
   DC Umbrellas V-6702
  </name>
  <category>
   Umbrellas
  </category>
  <size>
   M
  </size>
  <color>
   Желтый
  </color>
  <material>
   Шерсть
  </material>
  <price>
   377447
  </price>
  <rating>
   4.01
  </rating>
  <reviews>
   14118
  </reviews>
  <exclusive>
   no
  </exclusive>
 </clothing>
 <clothing>
  <id>
   405013763
  </id>
  <name>
   Fila Shoes D-9794
  </name>
  <category>
   Shoes
  </category>
  <size>
   XL
  </size>
  <color>
   Красный
  </color>
  <material>
   Кожа
  </material>
  <price>
   219860
  </price>
  <rating>
   4.47
  </rating>
  <reviews>
   342747
  </reviews>
  <new>
   -
  </new>
  <exclusive>
   no
  </exclusive>
  <sporty>
   yes
  </sporty>
 </clothing>
 <clothing>
  <id>
   926964437
  </id>
  <name>
   Brooks Hat O-2486
  </name>
  <category>
   Hat
  </category>
  <size>
   XL
  </size>
  <color>
   Красный
  </color>
  <material>
   Полиэстер
  </material>
  <price>
   961642
  </price>
  <rating>
   3.66
  </rating>
  <reviews>
   710203
  </reviews>
  <exclusive>
   yes
  </exclusive>
  <sporty>
   no
  </sporty>
 </clothing>
 <clothing>
  <id>
   736446008
  </id>
  <name>
   New Balance Jacket R-3814
  </name>
  <category>
   Jacket
  </category>
  <size>
   S
  </size>
  <color>
   Фиолетовый
  </color>
  <material>
   Вискоза
  </material>
  <price>
   507150
  </price>
  <rating>
   4.57
  </rating>
  <reviews>
   551651
  </reviews>
  <new>
   +
  </new>
  <exclusive>
   no
  </exclusive>
 </clothing>
 <clothing>
  <id>
   880543754
  </id>
  <name>
   Reebok Jacket K-2057
  </name>
  <category>
   Jacket
  </category>
  <size>
   M
  </size>
  <color>
   Оранжевый
  </color>
  <material>
   Хлопок
  </material>
  <price>
   171892
  </price>
  <rating>
   3.55
  </rating>
  <reviews>
   77358
  </reviews>
  <new>
   +
  </new>
  <sporty>
   yes
  </sporty>
 </clothing>
 <clothing>
  <id>
   925608801
  </id>
  <name>
   Reebok Shoes U-4712
  </name>
  <category>
   Shoes
  </category>
  <size>
   XL
  </size>
  <color>
   Зеленый
  </color>
  <material>
   Лен
  </material>
  <price>
   265281
  </price>
  <rating>
   3.23
  </rating>
  <reviews>
   594518
  </reviews>
  <new>
   +
  </new>
  <exclusive>
   yes
  </exclusive>
  <sporty>
   no
  </sporty>
 </clothing>
 <clothing>
  <id>
   475083351
  </id>
  <name>
   Vans Shoes Q-9219
  </name>
  <category>
   Shoes
  </category>
  <size>
   L
  </size>
  <color>
   Красный
  </color>
  <material>
   Полиэстер
  </material>
  <price>
   591090
  </price>
  <rating>
   1.33
  </rating>
  <reviews>
   297083
  </reviews>
  <sporty>
   no
  </sporty>
 </clothing>
 <clothing>
  <id>
   196611273
  </id>
  <name>
   Addidas Jacket R-3522
  </name>
  <category>
   Jacket
  </category>
  <size>
   S
  </size>
  <color>
   Желтый
  </color>
  <material>
   Нейлон
  </material>
  <price>
   615779
  </price>
  <rating>
   3.32
  </rating>
  <reviews>
   57359
  </reviews>
  <new>
   -
  </new>
  <sporty>
   no
  </sporty>
 </clothing>
 <clothing>
  <id>
   583334982
  </id>
  <name>
   Converse Socks J-1265
  </name>
  <category>
   Socks
  </category>
  <size>
   XXL
  </size>
  <color>
   Синий
  </color>
  <material>
   Шелк
  </material>
  <price>
   730087
  </price>
  <rating>
   3.57
  </rating>
  <reviews>
   175182
  </reviews>
  <exclusive>
   no
  </exclusive>
  <sporty>
   no
  </sporty>
 </clothing>
 <clothing>
  <id>
   286871728
  </id>
  <name>
   New Balance Gloves W-2511
  </name>
  <category>
   Gloves
  </category>
  <size>
   S
  </size>
  <color>
   Желтый
  </color>
  <material>
   Шелк
  </material>
  <price>
   590660
  </price>
  <rating>
   2.69
  </rating>
  <reviews>
   485430
  </reviews>
  <new>
   +
  </new>
  <sporty>
   no
  </sporty>
 </clothing>
 <clothing>
  <id>
   903108014
  </id>
  <name>
   Under Armour Blouse Q-3423
  </name>
  <category>
   Blouse
  </category>
  <size>
   XXL
  </size>
  <color>
   Красный
  </color>
  <material>
   Шелк
  </material>
  <price>
   515981
  </price>
  <rating>
   4.72
  </rating>
  <reviews>
   92237
  </reviews>
 </clothing>
 <clothing>
  <id>
   562725399
  </id>
  <name>
   DC Dress B-1241
  </name>
  <category>
   Dress
  </category>
  <size>
   S
  </size>
  <color>
   Красный
  </color>
  <material>
   Нейлон
  </material>
  <price>
   120412
  </price>
  <rating>
   4.2
  </rating>
  <reviews>
   500403
  </reviews>
  <new>
   -
  </new>
  <exclusive>
   no
  </exclusive>
  <sporty>
   no
  </sporty>
 </clothing>
 <clothing>
  <id>
   520646754
  </id>
  <name>
   Brooks Dress B-1470
  </name>
  <category>
   Dress
  </category>
  <size>
   S
  </size>
  <color>
   Красный
  </color>
  <material>
   Полиэстер
  </material>
  <price>
   510691
  </price>
  <rating>
   3.37
  </rating>
  <reviews>
   85203
  </reviews>
  <new>
   +
  </new>
  <exclusive>
   no
  </exclusive>
  <sporty>
   no
  </sporty>
 </clothing>
 <clothing>
  <id>
   412762746
  </id>
  <name>
   Ellesse Shoes L-2119
  </name>
  <category>
   Shoes
  </category>
  <size>
   L
  </size>
  <color>
   Красный
  </color>
  <material>
   Шелк
  </material>
  <price>
   699020
  </price>
  <rating>
   5.0
  </rating>
  <reviews>
   890364
  </reviews>
  <sporty>
   no
  </sporty>
 </clothing>
 <clothing>
  <id>
   444155695
  </id>
  <name>
   Lacoste Shirt A-9221
  </name>
  <category>
   Shirt
  </category>
  <size>
   L
  </size>
  <color>
   Голубой
  </color>
  <material>
   Шелк
  </material>
  <price>
   841764
  </price>
  <rating>
   2.45
  </rating>
  <reviews>
   714374
  </reviews>
  <new>
   -
  </new>
  <exclusive>
   no
  </exclusive>
  <sporty>
   yes
  </sporty>
 </clothing>
 <clothing>
  <id>
   356494449
  </id>
  <name>
   Brooks Belts T-7720
  </name>
  <category>
   Belts
  </category>
  <size>
   S
  </size>
  <color>
   Синий
  </color>
  <material>
   Лен
  </material>
  <price>
   654850
  </price>
  <rating>
   3.94
  </rating>
  <reviews>
   418300
  </reviews>
  <new>
   -
  </new>
  <sporty>
   yes
  </sporty>
 </clothing>
 <clothing>
  <id>
   992019603
  </id>
  <name>
   Adidas Pants M-5971
  </name>
  <category>
   Pants
  </category>
  <size>
   M
  </size>
  <color>
   Синий
  </color>
  <material>
   Шерсть
  </material>
  <price>
   318104
  </price>
  <rating>
   1.56
  </rating>
  <reviews>
   601815
  </reviews>
  <new>
   +
  </new>
  <exclusive>
   no
  </exclusive>
 </clothing>
 <clothing>
  <id>
   466519311
  </id>
  <name>
   Puma Dress Q-4538
  </name>
  <category>
   Dress
  </category>
  <size>
   L
  </size>
  <color>
   Синий
  </color>
  <material>
   Лен
  </material>
  <price>
   251696
  </price>
  <rating>
   1.39
  </rating>
  <reviews>
   720818
  </reviews>
  <new>
   +
  </new>
  <exclusive>
   no
  </exclusive>
 </clothing>
 <clothing>
  <id>
   269401460
  </id>
  <name>
   Addidas Belts U-8308
  </name>
  <category>
   Belts
  </category>
  <size>
   M
  </size>
  <color>
   Желтый
  </color>
  <material>
   Шерсть
  </material>
  <price>
   632067
  </price>
  <rating>
   2.57
  </rating>
  <reviews>
   250935
  </reviews>
  <new>
   -
  </new>
  <exclusive>
   no
  </exclusive>
  <sporty>
   no
  </sporty>
 </clothing>
 <clothing>
  <id>
   482228882
  </id>
  <name>
   Lacoste Handbags A-5119
  </name>
  <category>
   Handbags
  </category>
  <size>
   L
  </size>
  <color>
   Синий
  </color>
  <material>
   Вискоза
  </material>
  <price>
   338790
  </price>
  <rating>
   5.0
  </rating>
  <reviews>
   556230
  </reviews>
  <new>
   -
  </new>
  <sporty>
   no
  </sporty>
 </clothing>
 <clothing>
  <id>
   789333848
  </id>
  <name>
   Reebok Sweater Y-9847
  </name>
  <category>
   Sweater
  </category>
  <size>
   XXL
  </size>
  <color>
   Голубой
  </color>
  <material>
   Шелк
  </material>
  <price>
   333973
  </price>
  <rating>
   1.47
  </rating>
  <reviews>
   513374
  </reviews>
  <exclusive>
   no
  </exclusive>
  <sporty>
   yes
  </sporty>
 </clothing>
 <clothing>
  <id>
   201780744
  </id>
  <name>
   Fila Pants Y-8846
  </name>
  <category>
   Pants
  </category>
  <size>
   S
  </size>
  <color>
   Зеленый
  </color>
  <material>
   Вискоза
  </material>
  <price>
   887311
  </price>
  <rating>
   1.28
  </rating>
  <reviews>
   305724
  </reviews>
  <exclusive>
   no
  </exclusive>
  <sporty>
   yes
  </sporty>
 </clothing>
 <clothing>
  <id>
   979335717
  </id>
  <name>
   Reebok Hat H-8072
  </name>
  <category>
   Hat
  </category>
  <size>
   S
  </size>
  <color>
   Голубой
  </color>
  <material>
   Полиэстер
  </material>
  <price>
   977740
  </price>
  <rating>
   1.14
  </rating>
  <reviews>
   926985
  </reviews>
  <new>
   -
  </new>
  <exclusive>
   yes
  </exclusive>
 </clothing>
 <clothing>
  <id>
   315840352
  </id>
  <name>
   Adidas Handbags K-8940
  </name>
  <category>
   Handbags
  </category>
  <size>
   XXL
  </size>
  <color>
   Зеленый
  </color>
  <material>
   Кожа
  </material>
  <price>
   514687
  </price>
  <rating>
   4.64
  </rating>
  <reviews>
   258751
  </reviews>
  <new>
   +
  </new>
  <exclusive>
   no
  </exclusive>
 </clothing>
 <clothing>
  <id>
   315421324
  </id>
  <name>
   Nike Handbags E-9502
  </name>
  <category>
   Handbags
  </category>
  <size>
   M
  </size>
  <color>
   Желтый
  </color>
  <material>
   Шерсть
  </material>
  <price>
   610416
  </price>
  <rating>
   1.77
  </rating>
  <reviews>
   574238
  </reviews>
 </clothing>
 <clothing>
  <id>
   161363327
  </id>
  <name>
   Ellesse Skirt N-9545
  </name>
  <category>
   Skirt
  </category>
  <size>
   L
  </size>
  <color>
   Оранжевый
  </color>
  <material>
   Хлопок
  </material>
  <price>
   744562
  </price>
  <rating>
   2.22
  </rating>
  <reviews>
   254551
  </reviews>
  <new>
   +
  </new>
  <exclusive>
   yes
  </exclusive>
 </clothing>
 <clothing>
  <id>
   476995705
  </id>
  <name>
   Ellesse Socks O-1467
  </name>
  <category>
   Socks
  </category>
  <size>
   L
  </size>
  <color>
   Оранжевый
  </color>
  <material>
   Шелк
  </material>
  <price>
   848670
  </price>
  <rating>
   4.1
  </rating>
  <reviews>
   131261
  </reviews>
  <new>
   +
  </new>
  <exclusive>
   no
  </exclusive>
  <sporty>
   no
  </sporty>
 </clothing>
 <clothing>
  <id>
   155601754
  </id>
  <name>
   Nike Hat B-6217
  </name>
  <category>
   Hat
  </category>
  <size>
   L
  </size>
  <color>
   Зеленый
  </color>
  <material>
   Лен
  </material>
  <price>
   936847
  </price>
  <rating>
   3.67
  </rating>
  <reviews>
   356660
  </reviews>
  <new>
   -
  </new>
  <exclusive>
   no
  </exclusive>
  <sporty>
   yes
  </sporty>
 </clothing>
 <clothing>
  <id>
   988886358
  </id>
  <name>
   Adidas Jacket K-5667
  </name>
  <category>
   Jacket
  </category>
  <size>
   L
  </size>
  <color>
   Красный
  </color>
  <material>
   Кожа
  </material>
  <price>
   645252
  </price>
  <rating>
   1.96
  </rating>
  <reviews>
   777153
  </reviews>
  <new>
   +
  </new>
  <exclusive>
   yes
  </exclusive>
  <sporty>
   yes
  </sporty>
 </clothing>
 <clothing>
  <id>
   430308900
  </id>
  <name>
   Converse Belts Y-7138
  </name>
  <category>
   Belts
  </category>
  <size>
   L
  </size>
  <color>
   Зеленый
  </color>
  <material>
   Полиэстер
  </material>
  <price>
   210909
  </price>
  <rating>
   1.71
  </rating>
  <reviews>
   319013
  </reviews>
  <sporty>
   yes
  </sporty>
 </clothing>
 <clothing>
  <id>
   955278120
  </id>
  <name>
   Adidas Blouse W-2279
  </name>
  <category>
   Blouse
  </category>
  <size>
   XXL
  </size>
  <color>
   Синий
  </color>
  <material>
   Лен
  </material>
  <price>
   224248
  </price>
  <rating>
   3.54
  </rating>
  <reviews>
   410993
  </reviews>
  <new>
   -
  </new>
  <sporty>
   yes
  </sporty>
 </clothing>
 <clothing>
  <id>
   937679671
  </id>
  <name>
   Ellesse Handbags A-9041
  </name>
  <category>
   Handbags
  </category>
  <size>
   S
  </size>
  <color>
   Голубой
  </color>
  <material>
   Полиэстер
  </material>
  <price>
   777953
  </price>
  <rating>
   1.32
  </rating>
  <reviews>
   554249
  </reviews>
  <exclusive>
   yes
  </exclusive>
  <sporty>
   yes
  </sporty>
 </clothing>
 <clothing>
  <id>
   918595462
  </id>
  <name>
   PleinSport Shoes F-9025
  </name>
  <category>
   Shoes
  </category>
  <size>
   XL
  </size>
  <color>
   Зеленый
  </color>
  <material>
   Вискоза
  </material>
  <price>
   199657
  </price>
  <rating>
   3.41
  </rating>
  <reviews>
   287151
  </reviews>
  <new>
   +
  </new>
  <exclusive>
   yes
  </exclusive>
  <sporty>
   no
  </sporty>
 </clothing>
 <clothing>
  <id>
   727553948
  </id>
  <name>
   Adidas Gloves F-4063
  </name>
  <category>
   Gloves
  </category>
  <size>
   M
  </size>
  <color>
   Зеленый
  </color>
  <material>
   Хлопок
  </material>
  <price>
   677687
  </price>
  <rating>
   1.32
  </rating>
  <reviews>
   514453
  </reviews>
  <new>
   +
  </new>
  <exclusive>
   no
  </exclusive>
 </clothing>
 <clothing>
  <id>
   729724469
  </id>
  <name>
   DC Dress Y-9737
  </name>
  <category>
   Dress
  </category>
  <size>
   XL
  </size>
  <color>
   Голубой
  </color>
  <material>
   Хлопок
  </material>
  <price>
   297901
  </price>
  <rating>
   4.44
  </rating>
  <reviews>
   757045
  </reviews>
  <new>
   +
  </new>
  <sporty>
   no
  </sporty>
 </clothing>
 <clothing>
  <id>
   758735138
  </id>
  <name>
   Nike Dress Y-7456
  </name>
  <category>
   Dress
  </category>
  <size>
   S
  </size>
  <color>
   Фиолетовый
  </color>
  <material>
   Кожа
  </material>
  <price>
   656242
  </price>
  <rating>
   2.01
  </rating>
  <reviews>
   907689
  </reviews>
  <sporty>
   no
  </sporty>
 </clothing>
 <clothing>
  <id>
   549027705
  </id>
  <name>
   Reebok Pants B-8673
  </name>
  <category>
   Pants
  </category>
  <size>
   S
  </size>
  <color>
   Желтый
  </color>
  <material>
   Вискоза
  </material>
  <price>
   447621
  </price>
  <rating>
   2.26
  </rating>
  <reviews>
   202238
  </reviews>
  <new>
   -
  </new>
  <exclusive>
   yes
  </exclusive>
 </clothing>
</clothing-items>
