<?xml version="1.0" encoding="utf-8"?>
<clothing-items>
 <clothing>
  <id>
   867443852
  </id>
  <name>
   New Balance Umbrellas J-8580
  </name>
  <category>
   Umbrellas
  </category>
  <size>
   M
  </size>
  <color>
   Красный
  </color>
  <material>
   Шерсть
  </material>
  <price>
   217164
  </price>
  <rating>
   2.97
  </rating>
  <reviews>
   377425
  </reviews>
  <exclusive>
   no
  </exclusive>
  <sporty>
   yes
  </sporty>
 </clothing>
 <clothing>
  <id>
   297496552
  </id>
  <name>
   New Balance Jacket Y-4908
  </name>
  <category>
   Jacket
  </category>
  <size>
   S
  </size>
  <color>
   Голубой
  </color>
  <material>
   Хлопок
  </material>
  <price>
   283935
  </price>
  <rating>
   1.25
  </rating>
  <reviews>
   996147
  </reviews>
  <new>
   -
  </new>
 </clothing>
 <clothing>
  <id>
   885172736
  </id>
  <name>
   Fila Handbags P-7655
  </name>
  <category>
   Handbags
  </category>
  <size>
   S
  </size>
  <color>
   Красный
  </color>
  <material>
   Хлопок
  </material>
  <price>
   664039
  </price>
  <rating>
   2.18
  </rating>
  <reviews>
   57702
  </reviews>
  <exclusive>
   no
  </exclusive>
 </clothing>
 <clothing>
  <id>
   881815014
  </id>
  <name>
   Adidas Belts C-6756
  </name>
  <category>
   Belts
  </category>
  <size>
   XL
  </size>
  <color>
   Желтый
  </color>
  <material>
   Полиэстер
  </material>
  <price>
   363746
  </price>
  <rating>
   2.32
  </rating>
  <reviews>
   759393
  </reviews>
  <new>
   -
  </new>
  <exclusive>
   no
  </exclusive>
  <sporty>
   no
  </sporty>
 </clothing>
 <clothing>
  <id>
   761439748
  </id>
  <name>
   Asics Handbags B-7597
  </name>
  <category>
   Handbags
  </category>
  <size>
   XXL
  </size>
  <color>
   Голубой
  </color>
  <material>
   Нейлон
  </material>
  <price>
   455257
  </price>
  <rating>
   4.25
  </rating>
  <reviews>
   725903
  </reviews>
  <sporty>
   yes
  </sporty>
 </clothing>
 <clothing>
  <id>
   494186303
  </id>
  <name>
   New Balance Skirt C-5024
  </name>
  <category>
   Skirt
  </category>
  <size>
   S
  </size>
  <color>
   Синий
  </color>
  <material>
   Полиэстер
  </material>
  <price>
   902923
  </price>
  <rating>
   4.92
  </rating>
  <reviews>
   340589
  </reviews>
  <new>
   -
  </new>
  <sporty>
   no
  </sporty>
 </clothing>
 <clothing>
  <id>
   289188025
  </id>
  <name>
   New Balance Handbags X-5828
  </name>
  <category>
   Handbags
  </category>
  <size>
   XXL
  </size>
  <color>
   Синий
  </color>
  <material>
   Нейлон
  </material>
  <price>
   120495
  </price>
  <rating>
   2.41
  </rating>
  <reviews>
   22767
  </reviews>
  <sporty>
   no
  </sporty>
 </clothing>
 <clothing>
  <id>
   558873131
  </id>
  <name>
   New Balance Belts W-9672
  </name>
  <category>
   Belts
  </category>
  <size>
   M
  </size>
  <color>
   Красный
  </color>
  <material>
   Полиэстер
  </material>
  <price>
   954004
  </price>
  <rating>
   1.45
  </rating>
  <reviews>
   192377
  </reviews>
  <new>
   -
  </new>
  <exclusive>
   no
  </exclusive>
  <sporty>
   no
  </sporty>
 </clothing>
 <clothing>
  <id>
   448037539
  </id>
  <name>
   Converse Sweater Z-1377
  </name>
  <category>
   Sweater
  </category>
  <size>
   L
  </size>
  <color>
   Красный
  </color>
  <material>
   Полиэстер
  </material>
  <price>
   219707
  </price>
  <rating>
   2.16
  </rating>
  <reviews>
   697591
  </reviews>
  <new>
   +
  </new>
  <exclusive>
   no
  </exclusive>
  <sporty>
   yes
  </sporty>
 </clothing>
 <clothing>
  <id>
   887936184
  </id>
  <name>
   Reebok Belts W-4106
  </name>
  <category>
   Belts
  </category>
  <size>
   S
  </size>
  <color>
   Оранжевый
  </color>
  <material>
   Полиэстер
  </material>
  <price>
   767565
  </price>
  <rating>
   1.04
  </rating>
  <reviews>
   715820
  </reviews>
  <exclusive>
   yes
  </exclusive>
 </clothing>
 <clothing>
  <id>
   853817942
  </id>
  <name>
   Ellesse Handbags I-9011
  </name>
  <category>
   Handbags
  </category>
  <size>
   XL
  </size>
  <color>
   Фиолетовый
  </color>
  <material>
   Кожа
  </material>
  <price>
   397153
  </price>
  <rating>
   4.76
  </rating>
  <reviews>
   818162
  </reviews>
  <sporty>
   yes
  </sporty>
 </clothing>
 <clothing>
  <id>
   838381132
  </id>
  <name>
   Brooks Hat L-1602
  </name>
  <category>
   Hat
  </category>
  <size>
   S
  </size>
  <color>
   Голубой
  </color>
  <material>
   Кожа
  </material>
  <price>
   423497
  </price>
  <rating>
   2.78
  </rating>
  <reviews>
   563144
  </reviews>
  <sporty>
   yes
  </sporty>
 </clothing>
 <clothing>
  <id>
   630660985
  </id>
  <name>
   New Balance Belts Z-5181
  </name>
  <category>
   Belts
  </category>
  <size>
   XL
  </size>
  <color>
   Красный
  </color>
  <material>
   Нейлон
  </material>
  <price>
   260948
  </price>
  <rating>
   1.25
  </rating>
  <reviews>
   664037
  </reviews>
  <new>
   +
  </new>
  <exclusive>
   no
  </exclusive>
  <sporty>
   yes
  </sporty>
 </clothing>
 <clothing>
  <id>
   741474334
  </id>
  <name>
   PleinSport Gloves Y-9931
  </name>
  <category>
   Gloves
  </category>
  <size>
   XL
  </size>
  <color>
   Красный
  </color>
  <material>
   Кожа
  </material>
  <price>
   962645
  </price>
  <rating>
   3.18
  </rating>
  <reviews>
   292090
  </reviews>
  <new>
   -
  </new>
  <sporty>
   yes
  </sporty>
 </clothing>
 <clothing>
  <id>
   736681710
  </id>
  <name>
   Brooks Hat E-2597
  </name>
  <category>
   Hat
  </category>
  <size>
   S
  </size>
  <color>
   Голубой
  </color>
  <material>
   Шелк
  </material>
  <price>
   593768
  </price>
  <rating>
   1.3
  </rating>
  <reviews>
   590507
  </reviews>
  <exclusive>
   no
  </exclusive>
 </clothing>
 <clothing>
  <id>
   997794453
  </id>
  <name>
   PleinSport Belts Y-4183
  </name>
  <category>
   Belts
  </category>
  <size>
   M
  </size>
  <color>
   Красный
  </color>
  <material>
   Шерсть
  </material>
  <price>
   532770
  </price>
  <rating>
   3.02
  </rating>
  <reviews>
   393791
  </reviews>
  <new>
   -
  </new>
  <exclusive>
   no
  </exclusive>
 </clothing>
 <clothing>
  <id>
   303101586
  </id>
  <name>
   Under Armour Gloves R-7115
  </name>
  <category>
   Gloves
  </category>
  <size>
   S
  </size>
  <color>
   Фиолетовый
  </color>
  <material>
   Шелк
  </material>
  <price>
   330102
  </price>
  <rating>
   3.17
  </rating>
  <reviews>
   797501
  </reviews>
  <new>
   +
  </new>
  <exclusive>
   yes
  </exclusive>
  <sporty>
   no
  </sporty>
 </clothing>
 <clothing>
  <id>
   479808083
  </id>
  <name>
   Vans Hat N-9184
  </name>
  <category>
   Hat
  </category>
  <size>
   M
  </size>
  <color>
   Голубой
  </color>
  <material>
   Вискоза
  </material>
  <price>
   596372
  </price>
  <rating>
   3.16
  </rating>
  <reviews>
   265084
  </reviews>
  <exclusive>
   yes
  </exclusive>
 </clothing>
 <clothing>
  <id>
   293261704
  </id>
  <name>
   Brooks Blouse W-2185
  </name>
  <category>
   Blouse
  </category>
  <size>
   XL
  </size>
  <color>
   Красный
  </color>
  <material>
   Хлопок
  </material>
  <price>
   141037
  </price>
  <rating>
   3.6
  </rating>
  <reviews>
   914377
  </reviews>
  <exclusive>
   no
  </exclusive>
  <sporty>
   no
  </sporty>
 </clothing>
</clothing-items>
