<?xml version="1.0" encoding="utf-8"?>
<clothing-items>
 <clothing>
  <id>
   278739865
  </id>
  <name>
   Reebok Belts S-5291
  </name>
  <category>
   Belts
  </category>
  <size>
   XXL
  </size>
  <color>
   Синий
  </color>
  <material>
   Шерсть
  </material>
  <price>
   495004
  </price>
  <rating>
   1.47
  </rating>
  <reviews>
   302710
  </reviews>
  <new>
   -
  </new>
  <sporty>
   no
  </sporty>
 </clothing>
 <clothing>
  <id>
   477838362
  </id>
  <name>
   Asics Shirt L-9772
  </name>
  <category>
   Shirt
  </category>
  <size>
   M
  </size>
  <color>
   Фиолетовый
  </color>
  <material>
   Хлопок
  </material>
  <price>
   974359
  </price>
  <rating>
   5.0
  </rating>
  <reviews>
   216578
  </reviews>
 </clothing>
 <clothing>
  <id>
   350661518
  </id>
  <name>
   Fila Dress M-3801
  </name>
  <category>
   Dress
  </category>
  <size>
   XXL
  </size>
  <color>
   Фиолетовый
  </color>
  <material>
   Нейлон
  </material>
  <price>
   156195
  </price>
  <rating>
   1.03
  </rating>
  <reviews>
   660816
  </reviews>
  <sporty>
   no
  </sporty>
 </clothing>
 <clothing>
  <id>
   627212618
  </id>
  <name>
   Ellesse Umbrellas V-2529
  </name>
  <category>
   Umbrellas
  </category>
  <size>
   S
  </size>
  <color>
   Синий
  </color>
  <material>
   Кожа
  </material>
  <price>
   323218
  </price>
  <rating>
   2.57
  </rating>
  <reviews>
   857786
  </reviews>
  <exclusive>
   yes
  </exclusive>
  <sporty>
   no
  </sporty>
 </clothing>
 <clothing>
  <id>
   949501698
  </id>
  <name>
   Nike Belts Q-6524
  </name>
  <category>
   Belts
  </category>
  <size>
   L
  </size>
  <color>
   Фиолетовый
  </color>
  <material>
   Шерсть
  </material>
  <price>
   992386
  </price>
  <rating>
   4.46
  </rating>
  <reviews>
   613941
  </reviews>
  <sporty>
   yes
  </sporty>
 </clothing>
 <clothing>
  <id>
   145272783
  </id>
  <name>
   Reebok Hat R-1436
  </name>
  <category>
   Hat
  </category>
  <size>
   S
  </size>
  <color>
   Красный
  </color>
  <material>
   Полиэстер
  </material>
  <price>
   989134
  </price>
  <rating>
   2.98
  </rating>
  <reviews>
   231851
  </reviews>
  <new>
   +
  </new>
  <exclusive>
   yes
  </exclusive>
 </clothing>
 <clothing>
  <id>
   273098378
  </id>
  <name>
   Reebok Shirt B-2781
  </name>
  <category>
   Shirt
  </category>
  <size>
   L
  </size>
  <color>
   Зеленый
  </color>
  <material>
   Нейлон
  </material>
  <price>
   627684
  </price>
  <rating>
   1.99
  </rating>
  <reviews>
   935887
  </reviews>
  <new>
   -
  </new>
 </clothing>
 <clothing>
  <id>
   631650197
  </id>
  <name>
   DC Sweater Z-8349
  </name>
  <category>
   Sweater
  </category>
  <size>
   S
  </size>
  <color>
   Фиолетовый
  </color>
  <material>
   Кожа
  </material>
  <price>
   130980
  </price>
  <rating>
   3.29
  </rating>
  <reviews>
   509108
  </reviews>
  <new>
   +
  </new>
  <exclusive>
   no
  </exclusive>
 </clothing>
 <clothing>
  <id>
   534342889
  </id>
  <name>
   Fila Blouse P-8239
  </name>
  <category>
   Blouse
  </category>
  <size>
   M
  </size>
  <color>
   Синий
  </color>
  <material>
   Шелк
  </material>
  <price>
   405455
  </price>
  <rating>
   4.01
  </rating>
  <reviews>
   310804
  </reviews>
  <exclusive>
   no
  </exclusive>
  <sporty>
   no
  </sporty>
 </clothing>
 <clothing>
  <id>
   343370996
  </id>
  <name>
   Lacoste Umbrellas A-3218
  </name>
  <category>
   Umbrellas
  </category>
  <size>
   XXL
  </size>
  <color>
   Фиолетовый
  </color>
  <material>
   Кожа
  </material>
  <price>
   396699
  </price>
  <rating>
   4.17
  </rating>
  <reviews>
   171290
  </reviews>
  <new>
   +
  </new>
  <exclusive>
   no
  </exclusive>
  <sporty>
   no
  </sporty>
 </clothing>
 <clothing>
  <id>
   811118795
  </id>
  <name>
   Vans Shoes A-7034
  </name>
  <category>
   Shoes
  </category>
  <size>
   M
  </size>
  <color>
   Зеленый
  </color>
  <material>
   Нейлон
  </material>
  <price>
   608950
  </price>
  <rating>
   4.87
  </rating>
  <reviews>
   104208
  </reviews>
  <sporty>
   yes
  </sporty>
 </clothing>
 <clothing>
  <id>
   858750856
  </id>
  <name>
   Converse Belts E-1603
  </name>
  <category>
   Belts
  </category>
  <size>
   L
  </size>
  <color>
   Синий
  </color>
  <material>
   Шерсть
  </material>
  <price>
   504134
  </price>
  <rating>
   1.0
  </rating>
  <reviews>
   768005
  </reviews>
  <new>
   -
  </new>
  <exclusive>
   no
  </exclusive>
  <sporty>
   no
  </sporty>
 </clothing>
 <clothing>
  <id>
   122051474
  </id>
  <name>
   Addidas Skirt S-7151
  </name>
  <category>
   Skirt
  </category>
  <size>
   XL
  </size>
  <color>
   Желтый
  </color>
  <material>
   Шелк
  </material>
  <price>
   626197
  </price>
  <rating>
   4.81
  </rating>
  <reviews>
   712154
  </reviews>
  <new>
   +
  </new>
  <exclusive>
   no
  </exclusive>
  <sporty>
   no
  </sporty>
 </clothing>
</clothing-items>
