<?xml version="1.0" encoding="utf-8"?>
<clothing-items>
 <clothing>
  <id>
   717116222
  </id>
  <name>
   Lacoste Belts R-7850
  </name>
  <category>
   Belts
  </category>
  <size>
   S
  </size>
  <color>
   Желтый
  </color>
  <material>
   Шерсть
  </material>
  <price>
   967269
  </price>
  <rating>
   4.8
  </rating>
  <reviews>
   606800
  </reviews>
  <exclusive>
   no
  </exclusive>
 </clothing>
 <clothing>
  <id>
   627204638
  </id>
  <name>
   PleinSport Belts C-3249
  </name>
  <category>
   Belts
  </category>
  <size>
   M
  </size>
  <color>
   Зеленый
  </color>
  <material>
   Кожа
  </material>
  <price>
   975568
  </price>
  <rating>
   2.48
  </rating>
  <reviews>
   514460
  </reviews>
 </clothing>
 <clothing>
  <id>
   663679219
  </id>
  <name>
   Nike Hat K-4118
  </name>
  <category>
   Hat
  </category>
  <size>
   XXL
  </size>
  <color>
   Голубой
  </color>
  <material>
   Шерсть
  </material>
  <price>
   214542
  </price>
  <rating>
   2.78
  </rating>
  <reviews>
   385909
  </reviews>
  <new>
   +
  </new>
  <exclusive>
   yes
  </exclusive>
  <sporty>
   no
  </sporty>
 </clothing>
 <clothing>
  <id>
   650516882
  </id>
  <name>
   Nike T-shirt J-9127
  </name>
  <category>
   T-shirt
  </category>
  <size>
   XXL
  </size>
  <color>
   Зеленый
  </color>
  <material>
   Нейлон
  </material>
  <price>
   146316
  </price>
  <rating>
   4.52
  </rating>
  <reviews>
   756542
  </reviews>
  <sporty>
   yes
  </sporty>
 </clothing>
 <clothing>
  <id>
   352355561
  </id>
  <name>
   Under Armour Socks I-6360
  </name>
  <category>
   Socks
  </category>
  <size>
   S
  </size>
  <color>
   Зеленый
  </color>
  <material>
   Кожа
  </material>
  <price>
   825314
  </price>
  <rating>
   4.9
  </rating>
  <reviews>
   790303
  </reviews>
  <exclusive>
   yes
  </exclusive>
  <sporty>
   yes
  </sporty>
 </clothing>
 <clothing>
  <id>
   592272523
  </id>
  <name>
   Ellesse Blouse B-1421
  </name>
  <category>
   Blouse
  </category>
  <size>
   L
  </size>
  <color>
   Красный
  </color>
  <material>
   Шерсть
  </material>
  <price>
   718364
  </price>
  <rating>
   1.09
  </rating>
  <reviews>
   46435
  </reviews>
  <exclusive>
   yes
  </exclusive>
  <sporty>
   no
  </sporty>
 </clothing>
 <clothing>
  <id>
   210720449
  </id>
  <name>
   Puma Gloves V-1397
  </name>
  <category>
   Gloves
  </category>
  <size>
   L
  </size>
  <color>
   Оранжевый
  </color>
  <material>
   Полиэстер
  </material>
  <price>
   811409
  </price>
  <rating>
   3.18
  </rating>
  <reviews>
   833872
  </reviews>
  <new>
   +
  </new>
  <exclusive>
   no
  </exclusive>
  <sporty>
   yes
  </sporty>
 </clothing>
 <clothing>
  <id>
   171638777
  </id>
  <name>
   Vans Socks W-9060
  </name>
  <category>
   Socks
  </category>
  <size>
   XL
  </size>
  <color>
   Красный
  </color>
  <material>
   Шерсть
  </material>
  <price>
   104244
  </price>
  <rating>
   1.41
  </rating>
  <reviews>
   925408
  </reviews>
  <new>
   -
  </new>
  <exclusive>
   no
  </exclusive>
  <sporty>
   yes
  </sporty>
 </clothing>
 <clothing>
  <id>
   897209838
  </id>
  <name>
   Asics Hat I-4304
  </name>
  <category>
   Hat
  </category>
  <size>
   XXL
  </size>
  <color>
   Зеленый
  </color>
  <material>
   Вискоза
  </material>
  <price>
   661161
  </price>
  <rating>
   4.87
  </rating>
  <reviews>
   715122
  </reviews>
  <new>
   -
  </new>
  <exclusive>
   no
  </exclusive>
  <sporty>
   no
  </sporty>
 </clothing>
 <clothing>
  <id>
   728997390
  </id>
  <name>
   DC Socks M-9911
  </name>
  <category>
   Socks
  </category>
  <size>
   S
  </size>
  <color>
   Красный
  </color>
  <material>
   Нейлон
  </material>
  <price>
   218448
  </price>
  <rating>
   5.0
  </rating>
  <reviews>
   562762
  </reviews>
  <exclusive>
   no
  </exclusive>
 </clothing>
 <clothing>
  <id>
   513494974
  </id>
  <name>
   Under Armour Dress L-1166
  </name>
  <category>
   Dress
  </category>
  <size>
   L
  </size>
  <color>
   Синий
  </color>
  <material>
   Полиэстер
  </material>
  <price>
   924479
  </price>
  <rating>
   1.07
  </rating>
  <reviews>
   716276
  </reviews>
 </clothing>
 <clothing>
  <id>
   367516104
  </id>
  <name>
   Brooks Shirt O-5908
  </name>
  <category>
   Shirt
  </category>
  <size>
   M
  </size>
  <color>
   Красный
  </color>
  <material>
   Лен
  </material>
  <price>
   706675
  </price>
  <rating>
   3.85
  </rating>
  <reviews>
   399480
  </reviews>
  <exclusive>
   yes
  </exclusive>
  <sporty>
   yes
  </sporty>
 </clothing>
 <clothing>
  <id>
   461472348
  </id>
  <name>
   PleinSport Shirt T-8718
  </name>
  <category>
   Shirt
  </category>
  <size>
   L
  </size>
  <color>
   Голубой
  </color>
  <material>
   Полиэстер
  </material>
  <price>
   188468
  </price>
  <rating>
   3.1
  </rating>
  <reviews>
   711351
  </reviews>
  <exclusive>
   no
  </exclusive>
 </clothing>
 <clothing>
  <id>
   253759184
  </id>
  <name>
   Ellesse Shoes R-4667
  </name>
  <category>
   Shoes
  </category>
  <size>
   S
  </size>
  <color>
   Фиолетовый
  </color>
  <material>
   Полиэстер
  </material>
  <price>
   465663
  </price>
  <rating>
   4.17
  </rating>
  <reviews>
   832556
  </reviews>
  <new>
   +
  </new>
  <exclusive>
   no
  </exclusive>
  <sporty>
   no
  </sporty>
 </clothing>
 <clothing>
  <id>
   815986230
  </id>
  <name>
   PleinSport Pants E-9360
  </name>
  <category>
   Pants
  </category>
  <size>
   XL
  </size>
  <color>
   Желтый
  </color>
  <material>
   Шелк
  </material>
  <price>
   913092
  </price>
  <rating>
   1.3
  </rating>
  <reviews>
   449311
  </reviews>
  <new>
   -
  </new>
  <exclusive>
   no
  </exclusive>
 </clothing>
 <clothing>
  <id>
   196995153
  </id>
  <name>
   Adidas Jacket B-4827
  </name>
  <category>
   Jacket
  </category>
  <size>
   XL
  </size>
  <color>
   Желтый
  </color>
  <material>
   Хлопок
  </material>
  <price>
   554373
  </price>
  <rating>
   4.16
  </rating>
  <reviews>
   107990
  </reviews>
  <sporty>
   yes
  </sporty>
 </clothing>
 <clothing>
  <id>
   615170356
  </id>
  <name>
   Reebok Jacket B-9740
  </name>
  <category>
   Jacket
  </category>
  <size>
   XXL
  </size>
  <color>
   Зеленый
  </color>
  <material>
   Хлопок
  </material>
  <price>
   960377
  </price>
  <rating>
   3.27
  </rating>
  <reviews>
   47449
  </reviews>
 </clothing>
 <clothing>
  <id>
   909085667
  </id>
  <name>
   Adidas Sweater I-3815
  </name>
  <category>
   Sweater
  </category>
  <size>
   XXL
  </size>
  <color>
   Голубой
  </color>
  <material>
   Лен
  </material>
  <price>
   986443
  </price>
  <rating>
   3.97
  </rating>
  <reviews>
   2149
  </reviews>
  <new>
   +
  </new>
  <sporty>
   no
  </sporty>
 </clothing>
 <clothing>
  <id>
   831896852
  </id>
  <name>
   Converse Jacket E-4262
  </name>
  <category>
   Jacket
  </category>
  <size>
   M
  </size>
  <color>
   Голубой
  </color>
  <material>
   Кожа
  </material>
  <price>
   216209
  </price>
  <rating>
   3.16
  </rating>
  <reviews>
   48340
  </reviews>
  <sporty>
   yes
  </sporty>
 </clothing>
 <clothing>
  <id>
   199814180
  </id>
  <name>
   Reebok Sweater P-7741
  </name>
  <category>
   Sweater
  </category>
  <size>
   XXL
  </size>
  <color>
   Голубой
  </color>
  <material>
   Шерсть
  </material>
  <price>
   706345
  </price>
  <rating>
   4.61
  </rating>
  <reviews>
   374997
  </reviews>
  <new>
   -
  </new>
  <exclusive>
   yes
  </exclusive>
  <sporty>
   yes
  </sporty>
 </clothing>
 <clothing>
  <id>
   411573327
  </id>
  <name>
   Brooks Dress N-9427
  </name>
  <category>
   Dress
  </category>
  <size>
   XXL
  </size>
  <color>
   Желтый
  </color>
  <material>
   Шелк
  </material>
  <price>
   320629
  </price>
  <rating>
   2.85
  </rating>
  <reviews>
   943950
  </reviews>
  <exclusive>
   yes
  </exclusive>
  <sporty>
   no
  </sporty>
 </clothing>
 <clothing>
  <id>
   404818716
  </id>
  <name>
   DC Socks D-2875
  </name>
  <category>
   Socks
  </category>
  <size>
   L
  </size>
  <color>
   Желтый
  </color>
  <material>
   Хлопок
  </material>
  <price>
   924394
  </price>
  <rating>
   3.98
  </rating>
  <reviews>
   67265
  </reviews>
  <exclusive>
   no
  </exclusive>
 </clothing>
 <clothing>
  <id>
   347478457
  </id>
  <name>
   PleinSport Pants N-7776
  </name>
  <category>
   Pants
  </category>
  <size>
   XXL
  </size>
  <color>
   Желтый
  </color>
  <material>
   Кожа
  </material>
  <price>
   533775
  </price>
  <rating>
   4.5
  </rating>
  <reviews>
   976845
  </reviews>
  <exclusive>
   no
  </exclusive>
  <sporty>
   no
  </sporty>
 </clothing>
 <clothing>
  <id>
   824881338
  </id>
  <name>
   Under Armour Socks E-1775
  </name>
  <category>
   Socks
  </category>
  <size>
   S
  </size>
  <color>
   Голубой
  </color>
  <material>
   Полиэстер
  </material>
  <price>
   173210
  </price>
  <rating>
   2.92
  </rating>
  <reviews>
   230869
  </reviews>
  <new>
   -
  </new>
  <exclusive>
   yes
  </exclusive>
  <sporty>
   no
  </sporty>
 </clothing>
 <clothing>
  <id>
   163127300
  </id>
  <name>
   DC Umbrellas I-8790
  </name>
  <category>
   Umbrellas
  </category>
  <size>
   XL
  </size>
  <color>
   Желтый
  </color>
  <material>
   Шерсть
  </material>
  <price>
   648643
  </price>
  <rating>
   3.74
  </rating>
  <reviews>
   205501
  </reviews>
  <new>
   -
  </new>
  <exclusive>
   no
  </exclusive>
  <sporty>
   yes
  </sporty>
 </clothing>
 <clothing>
  <id>
   944261933
  </id>
  <name>
   Converse Pants X-4530
  </name>
  <category>
   Pants
  </category>
  <size>
   M
  </size>
  <color>
   Оранжевый
  </color>
  <material>
   Вискоза
  </material>
  <price>
   798351
  </price>
  <rating>
   1.8
  </rating>
  <reviews>
   182506
  </reviews>
  <new>
   +
  </new>
  <sporty>
   yes
  </sporty>
 </clothing>
 <clothing>
  <id>
   922448178
  </id>
  <name>
   Puma Jeans X-4885
  </name>
  <category>
   Jeans
  </category>
  <size>
   XXL
  </size>
  <color>
   Красный
  </color>
  <material>
   Лен
  </material>
  <price>
   163038
  </price>
  <rating>
   2.86
  </rating>
  <reviews>
   780977
  </reviews>
  <exclusive>
   no
  </exclusive>
  <sporty>
   no
  </sporty>
 </clothing>
 <clothing>
  <id>
   142691364
  </id>
  <name>
   Puma Handbags N-9205
  </name>
  <category>
   Handbags
  </category>
  <size>
   M
  </size>
  <color>
   Красный
  </color>
  <material>
   Полиэстер
  </material>
  <price>
   726139
  </price>
  <rating>
   2.11
  </rating>
  <reviews>
   810446
  </reviews>
  <exclusive>
   yes
  </exclusive>
  <sporty>
   no
  </sporty>
 </clothing>
 <clothing>
  <id>
   233005241
  </id>
  <name>
   Adidas Pants O-3860
  </name>
  <category>
   Pants
  </category>
  <size>
   XXL
  </size>
  <color>
   Зеленый
  </color>
  <material>
   Шерсть
  </material>
  <price>
   357553
  </price>
  <rating>
   1.94
  </rating>
  <reviews>
   246888
  </reviews>
  <new>
   +
  </new>
  <sporty>
   no
  </sporty>
 </clothing>
 <clothing>
  <id>
   589004250
  </id>
  <name>
   Asics Pants N-3744
  </name>
  <category>
   Pants
  </category>
  <size>
   S
  </size>
  <color>
   Красный
  </color>
  <material>
   Кожа
  </material>
  <price>
   218371
  </price>
  <rating>
   1.91
  </rating>
  <reviews>
   870287
  </reviews>
  <new>
   +
  </new>
  <exclusive>
   yes
  </exclusive>
 </clothing>
 <clothing>
  <id>
   312911414
  </id>
  <name>
   Fila Jeans U-7082
  </name>
  <category>
   Jeans
  </category>
  <size>
   XXL
  </size>
  <color>
   Синий
  </color>
  <material>
   Лен
  </material>
  <price>
   504956
  </price>
  <rating>
   3.53
  </rating>
  <reviews>
   426931
  </reviews>
  <exclusive>
   no
  </exclusive>
  <sporty>
   no
  </sporty>
 </clothing>
 <clothing>
  <id>
   563942440
  </id>
  <name>
   Asics Sweater O-2793
  </name>
  <category>
   Sweater
  </category>
  <size>
   XXL
  </size>
  <color>
   Оранжевый
  </color>
  <material>
   Лен
  </material>
  <price>
   913538
  </price>
  <rating>
   3.19
  </rating>
  <reviews>
   757868
  </reviews>
  <exclusive>
   no
  </exclusive>
 </clothing>
 <clothing>
  <id>
   603639614
  </id>
  <name>
   Under Armour Blouse A-2927
  </name>
  <category>
   Blouse
  </category>
  <size>
   L
  </size>
  <color>
   Зеленый
  </color>
  <material>
   Вискоза
  </material>
  <price>
   775849
  </price>
  <rating>
   1.97
  </rating>
  <reviews>
   752629
  </reviews>
  <new>
   -
  </new>
 </clothing>
 <clothing>
  <id>
   750713319
  </id>
  <name>
   Vans Pants V-9186
  </name>
  <category>
   Pants
  </category>
  <size>
   XL
  </size>
  <color>
   Зеленый
  </color>
  <material>
   Вискоза
  </material>
  <price>
   368213
  </price>
  <rating>
   3.1
  </rating>
  <reviews>
   507836
  </reviews>
  <new>
   -
  </new>
  <exclusive>
   yes
  </exclusive>
  <sporty>
   no
  </sporty>
 </clothing>
</clothing-items>
