<?xml version="1.0" encoding="utf-8"?>
<clothing-items>
 <clothing>
  <id>
   716263432
  </id>
  <name>
   Nike Hat H-8117
  </name>
  <category>
   Hat
  </category>
  <size>
   XXL
  </size>
  <color>
   Синий
  </color>
  <material>
   Лен
  </material>
  <price>
   340870
  </price>
  <rating>
   4.79
  </rating>
  <reviews>
   305787
  </reviews>
  <new>
   -
  </new>
  <exclusive>
   yes
  </exclusive>
  <sporty>
   no
  </sporty>
 </clothing>
 <clothing>
  <id>
   666095555
  </id>
  <name>
   Nike Sweater X-8079
  </name>
  <category>
   Sweater
  </category>
  <size>
   XXL
  </size>
  <color>
   Оранжевый
  </color>
  <material>
   Полиэстер
  </material>
  <price>
   888005
  </price>
  <rating>
   4.84
  </rating>
  <reviews>
   258653
  </reviews>
  <new>
   -
  </new>
  <exclusive>
   yes
  </exclusive>
 </clothing>
 <clothing>
  <id>
   987124461
  </id>
  <name>
   Ellesse Hat G-6186
  </name>
  <category>
   Hat
  </category>
  <size>
   S
  </size>
  <color>
   Желтый
  </color>
  <material>
   Вискоза
  </material>
  <price>
   318043
  </price>
  <rating>
   2.36
  </rating>
  <reviews>
   19154
  </reviews>
  <exclusive>
   no
  </exclusive>
 </clothing>
 <clothing>
  <id>
   375241962
  </id>
  <name>
   Converse Socks E-8928
  </name>
  <category>
   Socks
  </category>
  <size>
   S
  </size>
  <color>
   Зеленый
  </color>
  <material>
   Полиэстер
  </material>
  <price>
   928888
  </price>
  <rating>
   1.79
  </rating>
  <reviews>
   705327
  </reviews>
  <new>
   +
  </new>
  <exclusive>
   yes
  </exclusive>
  <sporty>
   yes
  </sporty>
 </clothing>
 <clothing>
  <id>
   601832701
  </id>
  <name>
   Nike Socks Q-9578
  </name>
  <category>
   Socks
  </category>
  <size>
   L
  </size>
  <color>
   Оранжевый
  </color>
  <material>
   Шерсть
  </material>
  <price>
   687015
  </price>
  <rating>
   1.06
  </rating>
  <reviews>
   894352
  </reviews>
  <exclusive>
   yes
  </exclusive>
  <sporty>
   yes
  </sporty>
 </clothing>
 <clothing>
  <id>
   703934125
  </id>
  <name>
   Brooks Blouse E-8952
  </name>
  <category>
   Blouse
  </category>
  <size>
   XL
  </size>
  <color>
   Голубой
  </color>
  <material>
   Хлопок
  </material>
  <price>
   433782
  </price>
  <rating>
   2.6
  </rating>
  <reviews>
   679762
  </reviews>
  <exclusive>
   no
  </exclusive>
 </clothing>
 <clothing>
  <id>
   424131161
  </id>
  <name>
   Asics Handbags B-8989
  </name>
  <category>
   Handbags
  </category>
  <size>
   M
  </size>
  <color>
   Зеленый
  </color>
  <material>
   Хлопок
  </material>
  <price>
   530579
  </price>
  <rating>
   1.09
  </rating>
  <reviews>
   96564
  </reviews>
  <new>
   -
  </new>
  <exclusive>
   yes
  </exclusive>
  <sporty>
   yes
  </sporty>
 </clothing>
 <clothing>
  <id>
   233812603
  </id>
  <name>
   DC Socks X-8534
  </name>
  <category>
   Socks
  </category>
  <size>
   M
  </size>
  <color>
   Фиолетовый
  </color>
  <material>
   Нейлон
  </material>
  <price>
   282512
  </price>
  <rating>
   2.13
  </rating>
  <reviews>
   968746
  </reviews>
 </clothing>
 <clothing>
  <id>
   589522612
  </id>
  <name>
   Reebok Sweater K-5542
  </name>
  <category>
   Sweater
  </category>
  <size>
   XXL
  </size>
  <color>
   Синий
  </color>
  <material>
   Шерсть
  </material>
  <price>
   997659
  </price>
  <rating>
   4.75
  </rating>
  <reviews>
   333414
  </reviews>
  <new>
   +
  </new>
  <sporty>
   yes
  </sporty>
 </clothing>
 <clothing>
  <id>
   570122374
  </id>
  <name>
   Brooks Shoes L-8566
  </name>
  <category>
   Shoes
  </category>
  <size>
   XL
  </size>
  <color>
   Синий
  </color>
  <material>
   Лен
  </material>
  <price>
   268954
  </price>
  <rating>
   1.84
  </rating>
  <reviews>
   572277
  </reviews>
  <new>
   +
  </new>
 </clothing>
 <clothing>
  <id>
   731457821
  </id>
  <name>
   Adidas Dress W-1655
  </name>
  <category>
   Dress
  </category>
  <size>
   XL
  </size>
  <color>
   Синий
  </color>
  <material>
   Хлопок
  </material>
  <price>
   381415
  </price>
  <rating>
   3.91
  </rating>
  <reviews>
   707662
  </reviews>
  <new>
   -
  </new>
  <exclusive>
   yes
  </exclusive>
 </clothing>
 <clothing>
  <id>
   266160724
  </id>
  <name>
   Under Armour Hat R-3675
  </name>
  <category>
   Hat
  </category>
  <size>
   XXL
  </size>
  <color>
   Зеленый
  </color>
  <material>
   Лен
  </material>
  <price>
   604754
  </price>
  <rating>
   1.55
  </rating>
  <reviews>
   302776
  </reviews>
  <new>
   +
  </new>
  <exclusive>
   no
  </exclusive>
  <sporty>
   no
  </sporty>
 </clothing>
 <clothing>
  <id>
   426017018
  </id>
  <name>
   Nike Jeans U-8498
  </name>
  <category>
   Jeans
  </category>
  <size>
   S
  </size>
  <color>
   Голубой
  </color>
  <material>
   Нейлон
  </material>
  <price>
   908977
  </price>
  <rating>
   3.59
  </rating>
  <reviews>
   102822
  </reviews>
  <new>
   +
  </new>
  <exclusive>
   no
  </exclusive>
  <sporty>
   yes
  </sporty>
 </clothing>
 <clothing>
  <id>
   778341433
  </id>
  <name>
   Converse Sweater X-8920
  </name>
  <category>
   Sweater
  </category>
  <size>
   L
  </size>
  <color>
   Синий
  </color>
  <material>
   Вискоза
  </material>
  <price>
   554943
  </price>
  <rating>
   4.02
  </rating>
  <reviews>
   10136
  </reviews>
  <sporty>
   yes
  </sporty>
 </clothing>
 <clothing>
  <id>
   220544179
  </id>
  <name>
   Vans Jeans Y-2728
  </name>
  <category>
   Jeans
  </category>
  <size>
   XL
  </size>
  <color>
   Фиолетовый
  </color>
  <material>
   Лен
  </material>
  <price>
   897554
  </price>
  <rating>
   4.14
  </rating>
  <reviews>
   375315
  </reviews>
  <new>
   -
  </new>
  <exclusive>
   no
  </exclusive>
 </clothing>
 <clothing>
  <id>
   733816801
  </id>
  <name>
   Lacoste Gloves T-5412
  </name>
  <category>
   Gloves
  </category>
  <size>
   L
  </size>
  <color>
   Красный
  </color>
  <material>
   Шерсть
  </material>
  <price>
   636829
  </price>
  <rating>
   2.09
  </rating>
  <reviews>
   524835
  </reviews>
  <new>
   -
  </new>
  <exclusive>
   no
  </exclusive>
 </clothing>
 <clothing>
  <id>
   636421449
  </id>
  <name>
   New Balance Sweater G-9084
  </name>
  <category>
   Sweater
  </category>
  <size>
   L
  </size>
  <color>
   Синий
  </color>
  <material>
   Лен
  </material>
  <price>
   462588
  </price>
  <rating>
   2.34
  </rating>
  <reviews>
   271555
  </reviews>
  <new>
   -
  </new>
  <exclusive>
   no
  </exclusive>
 </clothing>
 <clothing>
  <id>
   853296579
  </id>
  <name>
   Under Armour Sweater F-6799
  </name>
  <category>
   Sweater
  </category>
  <size>
   S
  </size>
  <color>
   Фиолетовый
  </color>
  <material>
   Хлопок
  </material>
  <price>
   438783
  </price>
  <rating>
   1.03
  </rating>
  <reviews>
   792822
  </reviews>
  <new>
   +
  </new>
  <exclusive>
   no
  </exclusive>
  <sporty>
   no
  </sporty>
 </clothing>
 <clothing>
  <id>
   717411213
  </id>
  <name>
   Addidas Sweater P-9174
  </name>
  <category>
   Sweater
  </category>
  <size>
   M
  </size>
  <color>
   Красный
  </color>
  <material>
   Шерсть
  </material>
  <price>
   161723
  </price>
  <rating>
   2.05
  </rating>
  <reviews>
   962284
  </reviews>
  <new>
   -
  </new>
  <sporty>
   no
  </sporty>
 </clothing>
 <clothing>
  <id>
   938858496
  </id>
  <name>
   Brooks Umbrellas R-9833
  </name>
  <category>
   Umbrellas
  </category>
  <size>
   XXL
  </size>
  <color>
   Желтый
  </color>
  <material>
   Шерсть
  </material>
  <price>
   354371
  </price>
  <rating>
   1.95
  </rating>
  <reviews>
   390227
  </reviews>
  <new>
   -
  </new>
  <sporty>
   yes
  </sporty>
 </clothing>
 <clothing>
  <id>
   495100887
  </id>
  <name>
   PleinSport Dress M-3853
  </name>
  <category>
   Dress
  </category>
  <size>
   XXL
  </size>
  <color>
   Фиолетовый
  </color>
  <material>
   Кожа
  </material>
  <price>
   216810
  </price>
  <rating>
   1.43
  </rating>
  <reviews>
   340760
  </reviews>
  <new>
   +
  </new>
  <exclusive>
   yes
  </exclusive>
  <sporty>
   no
  </sporty>
 </clothing>
 <clothing>
  <id>
   948184871
  </id>
  <name>
   Vans T-shirt J-6211
  </name>
  <category>
   T-shirt
  </category>
  <size>
   XL
  </size>
  <color>
   Голубой
  </color>
  <material>
   Лен
  </material>
  <price>
   943819
  </price>
  <rating>
   2.76
  </rating>
  <reviews>
   836086
  </reviews>
  <new>
   -
  </new>
  <exclusive>
   yes
  </exclusive>
  <sporty>
   no
  </sporty>
 </clothing>
 <clothing>
  <id>
   105372953
  </id>
  <name>
   DC Dress E-2696
  </name>
  <category>
   Dress
  </category>
  <size>
   M
  </size>
  <color>
   Красный
  </color>
  <material>
   Вискоза
  </material>
  <price>
   408259
  </price>
  <rating>
   1.75
  </rating>
  <reviews>
   858940
  </reviews>
  <new>
   -
  </new>
  <exclusive>
   no
  </exclusive>
  <sporty>
   no
  </sporty>
 </clothing>
 <clothing>
  <id>
   880950470
  </id>
  <name>
   DC Jacket Q-3267
  </name>
  <category>
   Jacket
  </category>
  <size>
   L
  </size>
  <color>
   Синий
  </color>
  <material>
   Хлопок
  </material>
  <price>
   390126
  </price>
  <rating>
   1.04
  </rating>
  <reviews>
   810641
  </reviews>
  <exclusive>
   yes
  </exclusive>
  <sporty>
   yes
  </sporty>
 </clothing>
 <clothing>
  <id>
   553545852
  </id>
  <name>
   Vans Skirt U-3527
  </name>
  <category>
   Skirt
  </category>
  <size>
   M
  </size>
  <color>
   Фиолетовый
  </color>
  <material>
   Полиэстер
  </material>
  <price>
   784802
  </price>
  <rating>
   2.65
  </rating>
  <reviews>
   152968
  </reviews>
  <new>
   +
  </new>
  <sporty>
   no
  </sporty>
 </clothing>
 <clothing>
  <id>
   332326504
  </id>
  <name>
   Adidas Jeans Z-7483
  </name>
  <category>
   Jeans
  </category>
  <size>
   L
  </size>
  <color>
   Красный
  </color>
  <material>
   Вискоза
  </material>
  <price>
   352349
  </price>
  <rating>
   4.76
  </rating>
  <reviews>
   391609
  </reviews>
  <exclusive>
   yes
  </exclusive>
  <sporty>
   yes
  </sporty>
 </clothing>
 <clothing>
  <id>
   869396641
  </id>
  <name>
   Vans Skirt U-8711
  </name>
  <category>
   Skirt
  </category>
  <size>
   M
  </size>
  <color>
   Зеленый
  </color>
  <material>
   Кожа
  </material>
  <price>
   870247
  </price>
  <rating>
   3.53
  </rating>
  <reviews>
   677295
  </reviews>
  <new>
   -
  </new>
  <exclusive>
   no
  </exclusive>
  <sporty>
   no
  </sporty>
 </clothing>
 <clothing>
  <id>
   415794858
  </id>
  <name>
   Converse Pants D-9471
  </name>
  <category>
   Pants
  </category>
  <size>
   M
  </size>
  <color>
   Фиолетовый
  </color>
  <material>
   Шерсть
  </material>
  <price>
   648951
  </price>
  <rating>
   1.6
  </rating>
  <reviews>
   829228
  </reviews>
  <new>
   -
  </new>
  <exclusive>
   no
  </exclusive>
  <sporty>
   yes
  </sporty>
 </clothing>
 <clothing>
  <id>
   502775951
  </id>
  <name>
   PleinSport Belts X-8410
  </name>
  <category>
   Belts
  </category>
  <size>
   XL
  </size>
  <color>
   Зеленый
  </color>
  <material>
   Полиэстер
  </material>
  <price>
   554259
  </price>
  <rating>
   2.2
  </rating>
  <reviews>
   338337
  </reviews>
  <exclusive>
   no
  </exclusive>
 </clothing>
 <clothing>
  <id>
   741022937
  </id>
  <name>
   Converse Pants D-3637
  </name>
  <category>
   Pants
  </category>
  <size>
   M
  </size>
  <color>
   Голубой
  </color>
  <material>
   Шелк
  </material>
  <price>
   693590
  </price>
  <rating>
   4.97
  </rating>
  <reviews>
   44778
  </reviews>
  <new>
   +
  </new>
 </clothing>
 <clothing>
  <id>
   170949382
  </id>
  <name>
   Brooks Hat K-9243
  </name>
  <category>
   Hat
  </category>
  <size>
   XXL
  </size>
  <color>
   Оранжевый
  </color>
  <material>
   Вискоза
  </material>
  <price>
   758912
  </price>
  <rating>
   4.98
  </rating>
  <reviews>
   415842
  </reviews>
  <new>
   -
  </new>
  <exclusive>
   no
  </exclusive>
  <sporty>
   no
  </sporty>
 </clothing>
 <clothing>
  <id>
   951266671
  </id>
  <name>
   Lacoste Pants I-5412
  </name>
  <category>
   Pants
  </category>
  <size>
   M
  </size>
  <color>
   Оранжевый
  </color>
  <material>
   Полиэстер
  </material>
  <price>
   417866
  </price>
  <rating>
   3.05
  </rating>
  <reviews>
   8365
  </reviews>
  <exclusive>
   no
  </exclusive>
  <sporty>
   yes
  </sporty>
 </clothing>
 <clothing>
  <id>
   807484151
  </id>
  <name>
   DC Shirt L-9448
  </name>
  <category>
   Shirt
  </category>
  <size>
   XL
  </size>
  <color>
   Зеленый
  </color>
  <material>
   Хлопок
  </material>
  <price>
   396379
  </price>
  <rating>
   1.57
  </rating>
  <reviews>
   318216
  </reviews>
  <exclusive>
   yes
  </exclusive>
 </clothing>
</clothing-items>
