<?xml version="1.0" encoding="utf-8"?>
<clothing-items>
 <clothing>
  <id>
   536987369
  </id>
  <name>
   Reebok Pants A-6772
  </name>
  <category>
   Pants
  </category>
  <size>
   L
  </size>
  <color>
   Зеленый
  </color>
  <material>
   Кожа
  </material>
  <price>
   737288
  </price>
  <rating>
   2.83
  </rating>
  <reviews>
   186224
  </reviews>
  <new>
   -
  </new>
 </clothing>
 <clothing>
  <id>
   337812092
  </id>
  <name>
   Ellesse Skirt T-7076
  </name>
  <category>
   Skirt
  </category>
  <size>
   L
  </size>
  <color>
   Зеленый
  </color>
  <material>
   Кожа
  </material>
  <price>
   632055
  </price>
  <rating>
   2.81
  </rating>
  <reviews>
   457465
  </reviews>
  <sporty>
   no
  </sporty>
 </clothing>
 <clothing>
  <id>
   305863492
  </id>
  <name>
   Nike Belts R-2935
  </name>
  <category>
   Belts
  </category>
  <size>
   XL
  </size>
  <color>
   Синий
  </color>
  <material>
   Шелк
  </material>
  <price>
   870821
  </price>
  <rating>
   4.14
  </rating>
  <reviews>
   267981
  </reviews>
  <new>
   -
  </new>
  <exclusive>
   no
  </exclusive>
  <sporty>
   no
  </sporty>
 </clothing>
 <clothing>
  <id>
   159940449
  </id>
  <name>
   PleinSport Shoes D-9169
  </name>
  <category>
   Shoes
  </category>
  <size>
   XXL
  </size>
  <color>
   Зеленый
  </color>
  <material>
   Вискоза
  </material>
  <price>
   370328
  </price>
  <rating>
   4.07
  </rating>
  <reviews>
   94321
  </reviews>
  <exclusive>
   yes
  </exclusive>
  <sporty>
   no
  </sporty>
 </clothing>
 <clothing>
  <id>
   133856760
  </id>
  <name>
   DC Sweater K-4461
  </name>
  <category>
   Sweater
  </category>
  <size>
   L
  </size>
  <color>
   Голубой
  </color>
  <material>
   Нейлон
  </material>
  <price>
   679008
  </price>
  <rating>
   4.55
  </rating>
  <reviews>
   785575
  </reviews>
  <new>
   +
  </new>
 </clothing>
 <clothing>
  <id>
   719024793
  </id>
  <name>
   Adidas Shirt N-8495
  </name>
  <category>
   Shirt
  </category>
  <size>
   XL
  </size>
  <color>
   Красный
  </color>
  <material>
   Хлопок
  </material>
  <price>
   633173
  </price>
  <rating>
   3.38
  </rating>
  <reviews>
   614289
  </reviews>
  <sporty>
   no
  </sporty>
 </clothing>
 <clothing>
  <id>
   261427063
  </id>
  <name>
   New Balance Blouse Q-9589
  </name>
  <category>
   Blouse
  </category>
  <size>
   XL
  </size>
  <color>
   Желтый
  </color>
  <material>
   Лен
  </material>
  <price>
   911603
  </price>
  <rating>
   4.05
  </rating>
  <reviews>
   729945
  </reviews>
  <exclusive>
   yes
  </exclusive>
  <sporty>
   no
  </sporty>
 </clothing>
 <clothing>
  <id>
   564693159
  </id>
  <name>
   Vans Jacket I-1522
  </name>
  <category>
   Jacket
  </category>
  <size>
   M
  </size>
  <color>
   Голубой
  </color>
  <material>
   Вискоза
  </material>
  <price>
   958013
  </price>
  <rating>
   1.81
  </rating>
  <reviews>
   278032
  </reviews>
  <new>
   +
  </new>
  <sporty>
   no
  </sporty>
 </clothing>
 <clothing>
  <id>
   702792104
  </id>
  <name>
   Under Armour Pants V-4102
  </name>
  <category>
   Pants
  </category>
  <size>
   XXL
  </size>
  <color>
   Зеленый
  </color>
  <material>
   Полиэстер
  </material>
  <price>
   710496
  </price>
  <rating>
   1.91
  </rating>
  <reviews>
   335893
  </reviews>
 </clothing>
 <clothing>
  <id>
   605068633
  </id>
  <name>
   Puma Sweater A-7849
  </name>
  <category>
   Sweater
  </category>
  <size>
   M
  </size>
  <color>
   Зеленый
  </color>
  <material>
   Шерсть
  </material>
  <price>
   586336
  </price>
  <rating>
   4.3
  </rating>
  <reviews>
   642940
  </reviews>
  <new>
   -
  </new>
  <exclusive>
   no
  </exclusive>
  <sporty>
   yes
  </sporty>
 </clothing>
 <clothing>
  <id>
   638068184
  </id>
  <name>
   Adidas Gloves Y-1897
  </name>
  <category>
   Gloves
  </category>
  <size>
   XXL
  </size>
  <color>
   Фиолетовый
  </color>
  <material>
   Шерсть
  </material>
  <price>
   927733
  </price>
  <rating>
   4.36
  </rating>
  <reviews>
   210073
  </reviews>
  <new>
   +
  </new>
 </clothing>
</clothing-items>
