<?xml version="1.0" encoding="utf-8"?>
<clothing-items>
 <clothing>
  <id>
   826149841
  </id>
  <name>
   Nike Dress C-2075
  </name>
  <category>
   Dress
  </category>
  <size>
   M
  </size>
  <color>
   Красный
  </color>
  <material>
   Шерсть
  </material>
  <price>
   657434
  </price>
  <rating>
   2.26
  </rating>
  <reviews>
   533881
  </reviews>
  <new>
   -
  </new>
  <exclusive>
   no
  </exclusive>
  <sporty>
   no
  </sporty>
 </clothing>
 <clothing>
  <id>
   757247728
  </id>
  <name>
   Reebok Shirt D-9066
  </name>
  <category>
   Shirt
  </category>
  <size>
   L
  </size>
  <color>
   Красный
  </color>
  <material>
   Лен
  </material>
  <price>
   148745
  </price>
  <rating>
   1.16
  </rating>
  <reviews>
   820401
  </reviews>
 </clothing>
 <clothing>
  <id>
   560923301
  </id>
  <name>
   New Balance Belts C-3589
  </name>
  <category>
   Belts
  </category>
  <size>
   S
  </size>
  <color>
   Голубой
  </color>
  <material>
   Полиэстер
  </material>
  <price>
   667596
  </price>
  <rating>
   4.74
  </rating>
  <reviews>
   853024
  </reviews>
  <exclusive>
   yes
  </exclusive>
  <sporty>
   yes
  </sporty>
 </clothing>
 <clothing>
  <id>
   239221573
  </id>
  <name>
   New Balance Shirt C-9842
  </name>
  <category>
   Shirt
  </category>
  <size>
   S
  </size>
  <color>
   Фиолетовый
  </color>
  <material>
   Вискоза
  </material>
  <price>
   710199
  </price>
  <rating>
   1.92
  </rating>
  <reviews>
   461594
  </reviews>
  <new>
   +
  </new>
  <exclusive>
   no
  </exclusive>
 </clothing>
 <clothing>
  <id>
   761167378
  </id>
  <name>
   Lacoste Pants I-3866
  </name>
  <category>
   Pants
  </category>
  <size>
   L
  </size>
  <color>
   Оранжевый
  </color>
  <material>
   Кожа
  </material>
  <price>
   510633
  </price>
  <rating>
   2.99
  </rating>
  <reviews>
   302136
  </reviews>
  <new>
   -
  </new>
  <exclusive>
   yes
  </exclusive>
  <sporty>
   yes
  </sporty>
 </clothing>
 <clothing>
  <id>
   660054086
  </id>
  <name>
   Fila Skirt A-8485
  </name>
  <category>
   Skirt
  </category>
  <size>
   S
  </size>
  <color>
   Синий
  </color>
  <material>
   Шелк
  </material>
  <price>
   682016
  </price>
  <rating>
   2.54
  </rating>
  <reviews>
   311854
  </reviews>
  <sporty>
   yes
  </sporty>
 </clothing>
 <clothing>
  <id>
   358419514
  </id>
  <name>
   PleinSport Belts P-2789
  </name>
  <category>
   Belts
  </category>
  <size>
   L
  </size>
  <color>
   Голубой
  </color>
  <material>
   Лен
  </material>
  <price>
   876662
  </price>
  <rating>
   4.77
  </rating>
  <reviews>
   786199
  </reviews>
  <new>
   -
  </new>
  <exclusive>
   no
  </exclusive>
  <sporty>
   no
  </sporty>
 </clothing>
 <clothing>
  <id>
   971335520
  </id>
  <name>
   Fila Skirt U-8362
  </name>
  <category>
   Skirt
  </category>
  <size>
   XL
  </size>
  <color>
   Голубой
  </color>
  <material>
   Вискоза
  </material>
  <price>
   889040
  </price>
  <rating>
   2.95
  </rating>
  <reviews>
   818669
  </reviews>
  <exclusive>
   no
  </exclusive>
  <sporty>
   yes
  </sporty>
 </clothing>
 <clothing>
  <id>
   465162503
  </id>
  <name>
   Vans Pants G-2306
  </name>
  <category>
   Pants
  </category>
  <size>
   XL
  </size>
  <color>
   Голубой
  </color>
  <material>
   Лен
  </material>
  <price>
   171615
  </price>
  <rating>
   1.07
  </rating>
  <reviews>
   201535
  </reviews>
 </clothing>
 <clothing>
  <id>
   878790747
  </id>
  <name>
   PleinSport Jacket G-3296
  </name>
  <category>
   Jacket
  </category>
  <size>
   XXL
  </size>
  <color>
   Фиолетовый
  </color>
  <material>
   Нейлон
  </material>
  <price>
   517229
  </price>
  <rating>
   2.49
  </rating>
  <reviews>
   770999
  </reviews>
  <new>
   -
  </new>
 </clothing>
 <clothing>
  <id>
   445224552
  </id>
  <name>
   PleinSport Hat H-9179
  </name>
  <category>
   Hat
  </category>
  <size>
   XL
  </size>
  <color>
   Голубой
  </color>
  <material>
   Кожа
  </material>
  <price>
   437062
  </price>
  <rating>
   3.78
  </rating>
  <reviews>
   679264
  </reviews>
  <exclusive>
   no
  </exclusive>
  <sporty>
   no
  </sporty>
 </clothing>
 <clothing>
  <id>
   164501783
  </id>
  <name>
   Ellesse Socks Y-4814
  </name>
  <category>
   Socks
  </category>
  <size>
   M
  </size>
  <color>
   Желтый
  </color>
  <material>
   Шелк
  </material>
  <price>
   388422
  </price>
  <rating>
   2.81
  </rating>
  <reviews>
   623854
  </reviews>
  <new>
   -
  </new>
  <exclusive>
   no
  </exclusive>
  <sporty>
   no
  </sporty>
 </clothing>
 <clothing>
  <id>
   715804939
  </id>
  <name>
   Addidas Jeans J-6581
  </name>
  <category>
   Jeans
  </category>
  <size>
   S
  </size>
  <color>
   Фиолетовый
  </color>
  <material>
   Кожа
  </material>
  <price>
   744081
  </price>
  <rating>
   4.48
  </rating>
  <reviews>
   171843
  </reviews>
  <new>
   +
  </new>
 </clothing>
</clothing-items>
