<?xml version="1.0" encoding="utf-8"?>
<clothing-items>
 <clothing>
  <id>
   443329993
  </id>
  <name>
   New Balance Blouse J-3209
  </name>
  <category>
   Blouse
  </category>
  <size>
   M
  </size>
  <color>
   Красный
  </color>
  <material>
   Нейлон
  </material>
  <price>
   315222
  </price>
  <rating>
   4.21
  </rating>
  <reviews>
   292655
  </reviews>
  <exclusive>
   no
  </exclusive>
 </clothing>
 <clothing>
  <id>
   531076013
  </id>
  <name>
   Asics Shoes V-7899
  </name>
  <category>
   Shoes
  </category>
  <size>
   M
  </size>
  <color>
   Оранжевый
  </color>
  <material>
   Шерсть
  </material>
  <price>
   398302
  </price>
  <rating>
   4.68
  </rating>
  <reviews>
   466087
  </reviews>
  <new>
   -
  </new>
 </clothing>
 <clothing>
  <id>
   947037284
  </id>
  <name>
   Asics Belts B-7150
  </name>
  <category>
   Belts
  </category>
  <size>
   XL
  </size>
  <color>
   Синий
  </color>
  <material>
   Шелк
  </material>
  <price>
   835903
  </price>
  <rating>
   4.46
  </rating>
  <reviews>
   762241
  </reviews>
  <exclusive>
   yes
  </exclusive>
 </clothing>
 <clothing>
  <id>
   855732918
  </id>
  <name>
   DC Hat O-7149
  </name>
  <category>
   Hat
  </category>
  <size>
   L
  </size>
  <color>
   Фиолетовый
  </color>
  <material>
   Полиэстер
  </material>
  <price>
   204800
  </price>
  <rating>
   3.32
  </rating>
  <reviews>
   252733
  </reviews>
  <exclusive>
   yes
  </exclusive>
  <sporty>
   no
  </sporty>
 </clothing>
 <clothing>
  <id>
   515015468
  </id>
  <name>
   Under Armour Blouse S-6710
  </name>
  <category>
   Blouse
  </category>
  <size>
   XXL
  </size>
  <color>
   Фиолетовый
  </color>
  <material>
   Нейлон
  </material>
  <price>
   312460
  </price>
  <rating>
   1.65
  </rating>
  <reviews>
   650409
  </reviews>
  <exclusive>
   no
  </exclusive>
  <sporty>
   no
  </sporty>
 </clothing>
 <clothing>
  <id>
   700955444
  </id>
  <name>
   PleinSport Belts A-6646
  </name>
  <category>
   Belts
  </category>
  <size>
   L
  </size>
  <color>
   Красный
  </color>
  <material>
   Шерсть
  </material>
  <price>
   208181
  </price>
  <rating>
   2.63
  </rating>
  <reviews>
   783288
  </reviews>
  <new>
   -
  </new>
  <exclusive>
   yes
  </exclusive>
  <sporty>
   no
  </sporty>
 </clothing>
 <clothing>
  <id>
   360933532
  </id>
  <name>
   Adidas Jeans F-6013
  </name>
  <category>
   Jeans
  </category>
  <size>
   S
  </size>
  <color>
   Голубой
  </color>
  <material>
   Шелк
  </material>
  <price>
   510979
  </price>
  <rating>
   2.33
  </rating>
  <reviews>
   968122
  </reviews>
  <sporty>
   no
  </sporty>
 </clothing>
 <clothing>
  <id>
   769384815
  </id>
  <name>
   Puma T-shirt I-5775
  </name>
  <category>
   T-shirt
  </category>
  <size>
   S
  </size>
  <color>
   Фиолетовый
  </color>
  <material>
   Вискоза
  </material>
  <price>
   787890
  </price>
  <rating>
   4.29
  </rating>
  <reviews>
   300882
  </reviews>
  <new>
   -
  </new>
  <exclusive>
   no
  </exclusive>
  <sporty>
   no
  </sporty>
 </clothing>
 <clothing>
  <id>
   671409452
  </id>
  <name>
   Lacoste Dress X-7682
  </name>
  <category>
   Dress
  </category>
  <size>
   L
  </size>
  <color>
   Красный
  </color>
  <material>
   Шелк
  </material>
  <price>
   848921
  </price>
  <rating>
   3.73
  </rating>
  <reviews>
   682044
  </reviews>
  <new>
   +
  </new>
 </clothing>
 <clothing>
  <id>
   643828461
  </id>
  <name>
   Puma Hat V-1585
  </name>
  <category>
   Hat
  </category>
  <size>
   XXL
  </size>
  <color>
   Синий
  </color>
  <material>
   Вискоза
  </material>
  <price>
   344409
  </price>
  <rating>
   4.4
  </rating>
  <reviews>
   240303
  </reviews>
  <exclusive>
   yes
  </exclusive>
 </clothing>
 <clothing>
  <id>
   961478127
  </id>
  <name>
   Reebok Jacket D-8135
  </name>
  <category>
   Jacket
  </category>
  <size>
   M
  </size>
  <color>
   Красный
  </color>
  <material>
   Шелк
  </material>
  <price>
   186434
  </price>
  <rating>
   2.79
  </rating>
  <reviews>
   772782
  </reviews>
  <sporty>
   yes
  </sporty>
 </clothing>
 <clothing>
  <id>
   272432012
  </id>
  <name>
   Brooks Belts Z-3570
  </name>
  <category>
   Belts
  </category>
  <size>
   XXL
  </size>
  <color>
   Желтый
  </color>
  <material>
   Шерсть
  </material>
  <price>
   657024
  </price>
  <rating>
   4.41
  </rating>
  <reviews>
   612689
  </reviews>
  <sporty>
   no
  </sporty>
 </clothing>
 <clothing>
  <id>
   394624163
  </id>
  <name>
   Fila Hat G-9474
  </name>
  <category>
   Hat
  </category>
  <size>
   M
  </size>
  <color>
   Голубой
  </color>
  <material>
   Шерсть
  </material>
  <price>
   927871
  </price>
  <rating>
   2.24
  </rating>
  <reviews>
   56314
  </reviews>
 </clothing>
 <clothing>
  <id>
   324706823
  </id>
  <name>
   PleinSport Socks O-8593
  </name>
  <category>
   Socks
  </category>
  <size>
   XXL
  </size>
  <color>
   Оранжевый
  </color>
  <material>
   Шерсть
  </material>
  <price>
   398391
  </price>
  <rating>
   1.06
  </rating>
  <reviews>
   272610
  </reviews>
  <new>
   +
  </new>
 </clothing>
 <clothing>
  <id>
   383611024
  </id>
  <name>
   Fila Jeans W-2403
  </name>
  <category>
   Jeans
  </category>
  <size>
   S
  </size>
  <color>
   Оранжевый
  </color>
  <material>
   Лен
  </material>
  <price>
   187358
  </price>
  <rating>
   3.43
  </rating>
  <reviews>
   429010
  </reviews>
  <new>
   -
  </new>
 </clothing>
</clothing-items>
