<?xml version="1.0" encoding="utf-8"?>
<clothing-items>
 <clothing>
  <id>
   413755997
  </id>
  <name>
   Lacoste Umbrellas N-7507
  </name>
  <category>
   Umbrellas
  </category>
  <size>
   L
  </size>
  <color>
   Зеленый
  </color>
  <material>
   Полиэстер
  </material>
  <price>
   971011
  </price>
  <rating>
   4.94
  </rating>
  <reviews>
   484660
  </reviews>
  <new>
   +
  </new>
  <exclusive>
   no
  </exclusive>
  <sporty>
   yes
  </sporty>
 </clothing>
 <clothing>
  <id>
   808201073
  </id>
  <name>
   Brooks Shirt P-7895
  </name>
  <category>
   Shirt
  </category>
  <size>
   XL
  </size>
  <color>
   Красный
  </color>
  <material>
   Нейлон
  </material>
  <price>
   363732
  </price>
  <rating>
   4.95
  </rating>
  <reviews>
   585966
  </reviews>
  <new>
   -
  </new>
  <sporty>
   no
  </sporty>
 </clothing>
 <clothing>
  <id>
   846716424
  </id>
  <name>
   PleinSport Sweater A-7854
  </name>
  <category>
   Sweater
  </category>
  <size>
   XL
  </size>
  <color>
   Голубой
  </color>
  <material>
   Вискоза
  </material>
  <price>
   784154
  </price>
  <rating>
   4.43
  </rating>
  <reviews>
   986036
  </reviews>
  <exclusive>
   no
  </exclusive>
 </clothing>
 <clothing>
  <id>
   841735455
  </id>
  <name>
   Vans Handbags T-2650
  </name>
  <category>
   Handbags
  </category>
  <size>
   S
  </size>
  <color>
   Зеленый
  </color>
  <material>
   Вискоза
  </material>
  <price>
   701867
  </price>
  <rating>
   4.65
  </rating>
  <reviews>
   368707
  </reviews>
 </clothing>
 <clothing>
  <id>
   821719891
  </id>
  <name>
   Adidas Blouse M-4180
  </name>
  <category>
   Blouse
  </category>
  <size>
   M
  </size>
  <color>
   Голубой
  </color>
  <material>
   Хлопок
  </material>
  <price>
   191994
  </price>
  <rating>
   4.83
  </rating>
  <reviews>
   790552
  </reviews>
  <new>
   -
  </new>
  <exclusive>
   no
  </exclusive>
  <sporty>
   no
  </sporty>
 </clothing>
 <clothing>
  <id>
   154113368
  </id>
  <name>
   Asics Shoes I-2231
  </name>
  <category>
   Shoes
  </category>
  <size>
   M
  </size>
  <color>
   Красный
  </color>
  <material>
   Полиэстер
  </material>
  <price>
   516480
  </price>
  <rating>
   4.76
  </rating>
  <reviews>
   875396
  </reviews>
  <new>
   -
  </new>
  <sporty>
   no
  </sporty>
 </clothing>
 <clothing>
  <id>
   118668830
  </id>
  <name>
   Addidas Dress M-9800
  </name>
  <category>
   Dress
  </category>
  <size>
   L
  </size>
  <color>
   Красный
  </color>
  <material>
   Вискоза
  </material>
  <price>
   162112
  </price>
  <rating>
   4.82
  </rating>
  <reviews>
   745723
  </reviews>
  <exclusive>
   yes
  </exclusive>
 </clothing>
 <clothing>
  <id>
   170219428
  </id>
  <name>
   Asics Hat F-6297
  </name>
  <category>
   Hat
  </category>
  <size>
   XXL
  </size>
  <color>
   Фиолетовый
  </color>
  <material>
   Шелк
  </material>
  <price>
   211805
  </price>
  <rating>
   2.04
  </rating>
  <reviews>
   817435
  </reviews>
  <sporty>
   no
  </sporty>
 </clothing>
 <clothing>
  <id>
   113714362
  </id>
  <name>
   Brooks Hat H-4044
  </name>
  <category>
   Hat
  </category>
  <size>
   S
  </size>
  <color>
   Синий
  </color>
  <material>
   Кожа
  </material>
  <price>
   245331
  </price>
  <rating>
   3.83
  </rating>
  <reviews>
   909060
  </reviews>
  <new>
   -
  </new>
  <exclusive>
   no
  </exclusive>
  <sporty>
   yes
  </sporty>
 </clothing>
 <clothing>
  <id>
   231098605
  </id>
  <name>
   Asics Sweater P-1095
  </name>
  <category>
   Sweater
  </category>
  <size>
   XXL
  </size>
  <color>
   Оранжевый
  </color>
  <material>
   Кожа
  </material>
  <price>
   710682
  </price>
  <rating>
   1.05
  </rating>
  <reviews>
   327688
  </reviews>
  <new>
   -
  </new>
  <exclusive>
   no
  </exclusive>
 </clothing>
 <clothing>
  <id>
   576067870
  </id>
  <name>
   Brooks T-shirt R-3657
  </name>
  <category>
   T-shirt
  </category>
  <size>
   M
  </size>
  <color>
   Зеленый
  </color>
  <material>
   Шелк
  </material>
  <price>
   386763
  </price>
  <rating>
   2.57
  </rating>
  <reviews>
   450925
  </reviews>
  <new>
   -
  </new>
  <exclusive>
   no
  </exclusive>
  <sporty>
   no
  </sporty>
 </clothing>
 <clothing>
  <id>
   501024406
  </id>
  <name>
   Nike Belts M-7491
  </name>
  <category>
   Belts
  </category>
  <size>
   S
  </size>
  <color>
   Голубой
  </color>
  <material>
   Шерсть
  </material>
  <price>
   326372
  </price>
  <rating>
   3.09
  </rating>
  <reviews>
   968854
  </reviews>
  <exclusive>
   yes
  </exclusive>
  <sporty>
   yes
  </sporty>
 </clothing>
 <clothing>
  <id>
   631572654
  </id>
  <name>
   Lacoste Gloves C-6952
  </name>
  <category>
   Gloves
  </category>
  <size>
   S
  </size>
  <color>
   Синий
  </color>
  <material>
   Шелк
  </material>
  <price>
   609867
  </price>
  <rating>
   3.74
  </rating>
  <reviews>
   2738
  </reviews>
  <new>
   -
  </new>
  <sporty>
   no
  </sporty>
 </clothing>
 <clothing>
  <id>
   737143759
  </id>
  <name>
   Lacoste Pants G-7760
  </name>
  <category>
   Pants
  </category>
  <size>
   L
  </size>
  <color>
   Желтый
  </color>
  <material>
   Лен
  </material>
  <price>
   657652
  </price>
  <rating>
   3.35
  </rating>
  <reviews>
   627558
  </reviews>
  <exclusive>
   no
  </exclusive>
 </clothing>
 <clothing>
  <id>
   457158414
  </id>
  <name>
   Brooks Blouse B-9947
  </name>
  <category>
   Blouse
  </category>
  <size>
   M
  </size>
  <color>
   Оранжевый
  </color>
  <material>
   Полиэстер
  </material>
  <price>
   134205
  </price>
  <rating>
   3.8
  </rating>
  <reviews>
   287217
  </reviews>
  <new>
   +
  </new>
  <exclusive>
   yes
  </exclusive>
  <sporty>
   no
  </sporty>
 </clothing>
 <clothing>
  <id>
   322422243
  </id>
  <name>
   Brooks Sweater O-1350
  </name>
  <category>
   Sweater
  </category>
  <size>
   XXL
  </size>
  <color>
   Желтый
  </color>
  <material>
   Шелк
  </material>
  <price>
   592273
  </price>
  <rating>
   2.54
  </rating>
  <reviews>
   558156
  </reviews>
 </clothing>
 <clothing>
  <id>
   306907003
  </id>
  <name>
   Lacoste Gloves T-1893
  </name>
  <category>
   Gloves
  </category>
  <size>
   M
  </size>
  <color>
   Желтый
  </color>
  <material>
   Шелк
  </material>
  <price>
   205109
  </price>
  <rating>
   3.75
  </rating>
  <reviews>
   882204
  </reviews>
  <new>
   -
  </new>
  <exclusive>
   yes
  </exclusive>
 </clothing>
 <clothing>
  <id>
   863366866
  </id>
  <name>
   Converse Jeans K-4943
  </name>
  <category>
   Jeans
  </category>
  <size>
   XXL
  </size>
  <color>
   Фиолетовый
  </color>
  <material>
   Хлопок
  </material>
  <price>
   824817
  </price>
  <rating>
   2.18
  </rating>
  <reviews>
   30180
  </reviews>
  <exclusive>
   no
  </exclusive>
  <sporty>
   yes
  </sporty>
 </clothing>
 <clothing>
  <id>
   151203415
  </id>
  <name>
   New Balance T-shirt X-1445
  </name>
  <category>
   T-shirt
  </category>
  <size>
   L
  </size>
  <color>
   Голубой
  </color>
  <material>
   Нейлон
  </material>
  <price>
   734509
  </price>
  <rating>
   4.62
  </rating>
  <reviews>
   820336
  </reviews>
  <exclusive>
   yes
  </exclusive>
 </clothing>
 <clothing>
  <id>
   348644787
  </id>
  <name>
   Brooks Shoes U-4672
  </name>
  <category>
   Shoes
  </category>
  <size>
   L
  </size>
  <color>
   Фиолетовый
  </color>
  <material>
   Шелк
  </material>
  <price>
   254954
  </price>
  <rating>
   2.44
  </rating>
  <reviews>
   656021
  </reviews>
  <exclusive>
   no
  </exclusive>
  <sporty>
   yes
  </sporty>
 </clothing>
 <clothing>
  <id>
   739649406
  </id>
  <name>
   Converse Pants S-9066
  </name>
  <category>
   Pants
  </category>
  <size>
   M
  </size>
  <color>
   Желтый
  </color>
  <material>
   Шерсть
  </material>
  <price>
   105063
  </price>
  <rating>
   1.23
  </rating>
  <reviews>
   196798
  </reviews>
  <new>
   -
  </new>
 </clothing>
 <clothing>
  <id>
   888454857
  </id>
  <name>
   Brooks Pants J-5518
  </name>
  <category>
   Pants
  </category>
  <size>
   M
  </size>
  <color>
   Красный
  </color>
  <material>
   Шелк
  </material>
  <price>
   222707
  </price>
  <rating>
   3.14
  </rating>
  <reviews>
   151771
  </reviews>
  <exclusive>
   no
  </exclusive>
  <sporty>
   no
  </sporty>
 </clothing>
 <clothing>
  <id>
   147400643
  </id>
  <name>
   Puma T-shirt C-2873
  </name>
  <category>
   T-shirt
  </category>
  <size>
   S
  </size>
  <color>
   Красный
  </color>
  <material>
   Хлопок
  </material>
  <price>
   671218
  </price>
  <rating>
   2.97
  </rating>
  <reviews>
   228941
  </reviews>
  <exclusive>
   yes
  </exclusive>
 </clothing>
 <clothing>
  <id>
   247705857
  </id>
  <name>
   Nike Sweater A-8582
  </name>
  <category>
   Sweater
  </category>
  <size>
   M
  </size>
  <color>
   Фиолетовый
  </color>
  <material>
   Шерсть
  </material>
  <price>
   517138
  </price>
  <rating>
   2.54
  </rating>
  <reviews>
   379851
  </reviews>
  <sporty>
   no
  </sporty>
 </clothing>
 <clothing>
  <id>
   773335385
  </id>
  <name>
   New Balance Hat E-1781
  </name>
  <category>
   Hat
  </category>
  <size>
   XXL
  </size>
  <color>
   Голубой
  </color>
  <material>
   Нейлон
  </material>
  <price>
   203698
  </price>
  <rating>
   1.16
  </rating>
  <reviews>
   964393
  </reviews>
  <new>
   -
  </new>
  <sporty>
   no
  </sporty>
 </clothing>
</clothing-items>
