<?xml version="1.0" encoding="utf-8"?>
<clothing-items>
 <clothing>
  <id>
   479088651
  </id>
  <name>
   Nike Belts G-3954
  </name>
  <category>
   Belts
  </category>
  <size>
   M
  </size>
  <color>
   Желтый
  </color>
  <material>
   Вискоза
  </material>
  <price>
   222029
  </price>
  <rating>
   3.08
  </rating>
  <reviews>
   974239
  </reviews>
  <sporty>
   no
  </sporty>
 </clothing>
 <clothing>
  <id>
   646519459
  </id>
  <name>
   PleinSport Handbags I-1146
  </name>
  <category>
   Handbags
  </category>
  <size>
   XXL
  </size>
  <color>
   Зеленый
  </color>
  <material>
   Шелк
  </material>
  <price>
   115841
  </price>
  <rating>
   4.28
  </rating>
  <reviews>
   158264
  </reviews>
  <new>
   -
  </new>
  <sporty>
   no
  </sporty>
 </clothing>
 <clothing>
  <id>
   267974372
  </id>
  <name>
   Lacoste Jacket B-2888
  </name>
  <category>
   Jacket
  </category>
  <size>
   XL
  </size>
  <color>
   Красный
  </color>
  <material>
   Вискоза
  </material>
  <price>
   650863
  </price>
  <rating>
   3.56
  </rating>
  <reviews>
   575115
  </reviews>
  <new>
   -
  </new>
  <exclusive>
   no
  </exclusive>
  <sporty>
   yes
  </sporty>
 </clothing>
 <clothing>
  <id>
   798758794
  </id>
  <name>
   Adidas Umbrellas W-6998
  </name>
  <category>
   Umbrellas
  </category>
  <size>
   XXL
  </size>
  <color>
   Желтый
  </color>
  <material>
   Хлопок
  </material>
  <price>
   263953
  </price>
  <rating>
   2.51
  </rating>
  <reviews>
   274005
  </reviews>
  <new>
   -
  </new>
 </clothing>
 <clothing>
  <id>
   252533566
  </id>
  <name>
   Puma Jacket Q-9971
  </name>
  <category>
   Jacket
  </category>
  <size>
   XL
  </size>
  <color>
   Желтый
  </color>
  <material>
   Лен
  </material>
  <price>
   115233
  </price>
  <rating>
   1.42
  </rating>
  <reviews>
   773473
  </reviews>
  <new>
   +
  </new>
  <exclusive>
   no
  </exclusive>
 </clothing>
 <clothing>
  <id>
   290417828
  </id>
  <name>
   Puma Umbrellas A-5177
  </name>
  <category>
   Umbrellas
  </category>
  <size>
   S
  </size>
  <color>
   Голубой
  </color>
  <material>
   Полиэстер
  </material>
  <price>
   540746
  </price>
  <rating>
   2.76
  </rating>
  <reviews>
   25980
  </reviews>
  <new>
   +
  </new>
  <exclusive>
   no
  </exclusive>
  <sporty>
   yes
  </sporty>
 </clothing>
 <clothing>
  <id>
   788862252
  </id>
  <name>
   Reebok T-shirt H-9240
  </name>
  <category>
   T-shirt
  </category>
  <size>
   S
  </size>
  <color>
   Оранжевый
  </color>
  <material>
   Полиэстер
  </material>
  <price>
   131865
  </price>
  <rating>
   3.56
  </rating>
  <reviews>
   4445
  </reviews>
 </clothing>
 <clothing>
  <id>
   238612917
  </id>
  <name>
   Fila Dress O-1865
  </name>
  <category>
   Dress
  </category>
  <size>
   S
  </size>
  <color>
   Синий
  </color>
  <material>
   Шелк
  </material>
  <price>
   704532
  </price>
  <rating>
   2.75
  </rating>
  <reviews>
   581620
  </reviews>
  <sporty>
   yes
  </sporty>
 </clothing>
 <clothing>
  <id>
   776554010
  </id>
  <name>
   Adidas T-shirt J-1929
  </name>
  <category>
   T-shirt
  </category>
  <size>
   XL
  </size>
  <color>
   Желтый
  </color>
  <material>
   Лен
  </material>
  <price>
   926949
  </price>
  <rating>
   2.56
  </rating>
  <reviews>
   35907
  </reviews>
  <new>
   -
  </new>
  <sporty>
   no
  </sporty>
 </clothing>
 <clothing>
  <id>
   647358256
  </id>
  <name>
   DC Blouse T-2818
  </name>
  <category>
   Blouse
  </category>
  <size>
   M
  </size>
  <color>
   Голубой
  </color>
  <material>
   Кожа
  </material>
  <price>
   648480
  </price>
  <rating>
   1.53
  </rating>
  <reviews>
   204356
  </reviews>
  <new>
   -
  </new>
  <exclusive>
   no
  </exclusive>
 </clothing>
 <clothing>
  <id>
   141331106
  </id>
  <name>
   Nike Socks U-1809
  </name>
  <category>
   Socks
  </category>
  <size>
   XXL
  </size>
  <color>
   Красный
  </color>
  <material>
   Лен
  </material>
  <price>
   291444
  </price>
  <rating>
   4.32
  </rating>
  <reviews>
   271187
  </reviews>
  <exclusive>
   no
  </exclusive>
 </clothing>
 <clothing>
  <id>
   474918246
  </id>
  <name>
   Reebok T-shirt H-6058
  </name>
  <category>
   T-shirt
  </category>
  <size>
   XL
  </size>
  <color>
   Фиолетовый
  </color>
  <material>
   Вискоза
  </material>
  <price>
   541003
  </price>
  <rating>
   4.22
  </rating>
  <reviews>
   156314
  </reviews>
  <exclusive>
   yes
  </exclusive>
  <sporty>
   no
  </sporty>
 </clothing>
 <clothing>
  <id>
   707391786
  </id>
  <name>
   Under Armour Umbrellas N-8688
  </name>
  <category>
   Umbrellas
  </category>
  <size>
   XXL
  </size>
  <color>
   Синий
  </color>
  <material>
   Шелк
  </material>
  <price>
   500668
  </price>
  <rating>
   4.15
  </rating>
  <reviews>
   472173
  </reviews>
 </clothing>
 <clothing>
  <id>
   548856310
  </id>
  <name>
   Lacoste Sweater Z-6809
  </name>
  <category>
   Sweater
  </category>
  <size>
   M
  </size>
  <color>
   Красный
  </color>
  <material>
   Хлопок
  </material>
  <price>
   330830
  </price>
  <rating>
   2.61
  </rating>
  <reviews>
   698830
  </reviews>
  <exclusive>
   yes
  </exclusive>
 </clothing>
 <clothing>
  <id>
   224818747
  </id>
  <name>
   Converse Jeans M-1751
  </name>
  <category>
   Jeans
  </category>
  <size>
   XL
  </size>
  <color>
   Желтый
  </color>
  <material>
   Хлопок
  </material>
  <price>
   298344
  </price>
  <rating>
   4.7
  </rating>
  <reviews>
   783711
  </reviews>
  <new>
   -
  </new>
  <exclusive>
   no
  </exclusive>
 </clothing>
 <clothing>
  <id>
   329009136
  </id>
  <name>
   Asics T-shirt K-4937
  </name>
  <category>
   T-shirt
  </category>
  <size>
   S
  </size>
  <color>
   Фиолетовый
  </color>
  <material>
   Нейлон
  </material>
  <price>
   610930
  </price>
  <rating>
   2.01
  </rating>
  <reviews>
   837176
  </reviews>
  <sporty>
   no
  </sporty>
 </clothing>
 <clothing>
  <id>
   715306790
  </id>
  <name>
   Nike Pants C-5755
  </name>
  <category>
   Pants
  </category>
  <size>
   M
  </size>
  <color>
   Желтый
  </color>
  <material>
   Шелк
  </material>
  <price>
   445183
  </price>
  <rating>
   2.16
  </rating>
  <reviews>
   798916
  </reviews>
  <new>
   +
  </new>
  <sporty>
   no
  </sporty>
 </clothing>
 <clothing>
  <id>
   338443711
  </id>
  <name>
   New Balance Jeans D-1118
  </name>
  <category>
   Jeans
  </category>
  <size>
   S
  </size>
  <color>
   Фиолетовый
  </color>
  <material>
   Полиэстер
  </material>
  <price>
   820384
  </price>
  <rating>
   2.61
  </rating>
  <reviews>
   998219
  </reviews>
  <new>
   +
  </new>
  <sporty>
   yes
  </sporty>
 </clothing>
 <clothing>
  <id>
   544730010
  </id>
  <name>
   Brooks Shirt K-9519
  </name>
  <category>
   Shirt
  </category>
  <size>
   XXL
  </size>
  <color>
   Фиолетовый
  </color>
  <material>
   Нейлон
  </material>
  <price>
   741142
  </price>
  <rating>
   4.63
  </rating>
  <reviews>
   267457
  </reviews>
  <exclusive>
   no
  </exclusive>
  <sporty>
   no
  </sporty>
 </clothing>
 <clothing>
  <id>
   190534090
  </id>
  <name>
   Fila Blouse P-2572
  </name>
  <category>
   Blouse
  </category>
  <size>
   L
  </size>
  <color>
   Желтый
  </color>
  <material>
   Вискоза
  </material>
  <price>
   107067
  </price>
  <rating>
   3.05
  </rating>
  <reviews>
   300197
  </reviews>
  <new>
   -
  </new>
  <exclusive>
   no
  </exclusive>
 </clothing>
 <clothing>
  <id>
   926826747
  </id>
  <name>
   Adidas Hat R-3046
  </name>
  <category>
   Hat
  </category>
  <size>
   XL
  </size>
  <color>
   Желтый
  </color>
  <material>
   Полиэстер
  </material>
  <price>
   839098
  </price>
  <rating>
   3.2
  </rating>
  <reviews>
   301965
  </reviews>
  <new>
   +
  </new>
  <sporty>
   no
  </sporty>
 </clothing>
 <clothing>
  <id>
   212501901
  </id>
  <name>
   Puma Umbrellas L-1335
  </name>
  <category>
   Umbrellas
  </category>
  <size>
   XXL
  </size>
  <color>
   Зеленый
  </color>
  <material>
   Кожа
  </material>
  <price>
   705864
  </price>
  <rating>
   3.08
  </rating>
  <reviews>
   582569
  </reviews>
  <sporty>
   no
  </sporty>
 </clothing>
 <clothing>
  <id>
   952353024
  </id>
  <name>
   DC Shoes K-6533
  </name>
  <category>
   Shoes
  </category>
  <size>
   M
  </size>
  <color>
   Голубой
  </color>
  <material>
   Хлопок
  </material>
  <price>
   434666
  </price>
  <rating>
   2.83
  </rating>
  <reviews>
   212078
  </reviews>
  <new>
   -
  </new>
 </clothing>
 <clothing>
  <id>
   196567383
  </id>
  <name>
   PleinSport Gloves N-3432
  </name>
  <category>
   Gloves
  </category>
  <size>
   XXL
  </size>
  <color>
   Синий
  </color>
  <material>
   Вискоза
  </material>
  <price>
   462127
  </price>
  <rating>
   1.27
  </rating>
  <reviews>
   368718
  </reviews>
  <new>
   -
  </new>
  <exclusive>
   yes
  </exclusive>
  <sporty>
   yes
  </sporty>
 </clothing>
 <clothing>
  <id>
   254539624
  </id>
  <name>
   Vans Shirt Z-2559
  </name>
  <category>
   Shirt
  </category>
  <size>
   M
  </size>
  <color>
   Синий
  </color>
  <material>
   Полиэстер
  </material>
  <price>
   496496
  </price>
  <rating>
   2.4
  </rating>
  <reviews>
   638576
  </reviews>
  <new>
   -
  </new>
  <exclusive>
   yes
  </exclusive>
  <sporty>
   no
  </sporty>
 </clothing>
 <clothing>
  <id>
   778352148
  </id>
  <name>
   Asics Handbags K-9218
  </name>
  <category>
   Handbags
  </category>
  <size>
   M
  </size>
  <color>
   Голубой
  </color>
  <material>
   Вискоза
  </material>
  <price>
   581596
  </price>
  <rating>
   3.73
  </rating>
  <reviews>
   297000
  </reviews>
  <exclusive>
   yes
  </exclusive>
  <sporty>
   yes
  </sporty>
 </clothing>
 <clothing>
  <id>
   132582297
  </id>
  <name>
   Under Armour Socks K-2719
  </name>
  <category>
   Socks
  </category>
  <size>
   M
  </size>
  <color>
   Красный
  </color>
  <material>
   Шерсть
  </material>
  <price>
   163410
  </price>
  <rating>
   4.28
  </rating>
  <reviews>
   137439
  </reviews>
  <sporty>
   yes
  </sporty>
 </clothing>
 <clothing>
  <id>
   890351696
  </id>
  <name>
   DC Shirt V-8604
  </name>
  <category>
   Shirt
  </category>
  <size>
   L
  </size>
  <color>
   Зеленый
  </color>
  <material>
   Полиэстер
  </material>
  <price>
   329171
  </price>
  <rating>
   1.47
  </rating>
  <reviews>
   788509
  </reviews>
  <new>
   +
  </new>
  <exclusive>
   yes
  </exclusive>
  <sporty>
   yes
  </sporty>
 </clothing>
 <clothing>
  <id>
   822184797
  </id>
  <name>
   Converse Dress A-8062
  </name>
  <category>
   Dress
  </category>
  <size>
   S
  </size>
  <color>
   Оранжевый
  </color>
  <material>
   Нейлон
  </material>
  <price>
   601949
  </price>
  <rating>
   1.99
  </rating>
  <reviews>
   127912
  </reviews>
  <new>
   +
  </new>
  <exclusive>
   yes
  </exclusive>
  <sporty>
   no
  </sporty>
 </clothing>
 <clothing>
  <id>
   458340938
  </id>
  <name>
   Lacoste Blouse Z-9588
  </name>
  <category>
   Blouse
  </category>
  <size>
   S
  </size>
  <color>
   Голубой
  </color>
  <material>
   Вискоза
  </material>
  <price>
   346167
  </price>
  <rating>
   1.46
  </rating>
  <reviews>
   886565
  </reviews>
  <exclusive>
   no
  </exclusive>
 </clothing>
 <clothing>
  <id>
   630821877
  </id>
  <name>
   Puma Umbrellas D-3112
  </name>
  <category>
   Umbrellas
  </category>
  <size>
   XXL
  </size>
  <color>
   Синий
  </color>
  <material>
   Шерсть
  </material>
  <price>
   872705
  </price>
  <rating>
   4.31
  </rating>
  <reviews>
   995015
  </reviews>
  <new>
   +
  </new>
  <sporty>
   no
  </sporty>
 </clothing>
 <clothing>
  <id>
   817139353
  </id>
  <name>
   New Balance Pants Q-9182
  </name>
  <category>
   Pants
  </category>
  <size>
   XXL
  </size>
  <color>
   Оранжевый
  </color>
  <material>
   Шелк
  </material>
  <price>
   748869
  </price>
  <rating>
   2.14
  </rating>
  <reviews>
   935616
  </reviews>
  <sporty>
   yes
  </sporty>
 </clothing>
 <clothing>
  <id>
   402631271
  </id>
  <name>
   DC Belts H-5583
  </name>
  <category>
   Belts
  </category>
  <size>
   M
  </size>
  <color>
   Голубой
  </color>
  <material>
   Кожа
  </material>
  <price>
   500024
  </price>
  <rating>
   1.52
  </rating>
  <reviews>
   41553
  </reviews>
  <exclusive>
   yes
  </exclusive>
 </clothing>
 <clothing>
  <id>
   858806929
  </id>
  <name>
   New Balance T-shirt D-2760
  </name>
  <category>
   T-shirt
  </category>
  <size>
   XXL
  </size>
  <color>
   Красный
  </color>
  <material>
   Шелк
  </material>
  <price>
   749730
  </price>
  <rating>
   3.33
  </rating>
  <reviews>
   552109
  </reviews>
  <exclusive>
   yes
  </exclusive>
 </clothing>
 <clothing>
  <id>
   561929929
  </id>
  <name>
   DC Socks M-3584
  </name>
  <category>
   Socks
  </category>
  <size>
   XXL
  </size>
  <color>
   Желтый
  </color>
  <material>
   Хлопок
  </material>
  <price>
   912718
  </price>
  <rating>
   3.96
  </rating>
  <reviews>
   439770
  </reviews>
  <new>
   +
  </new>
  <exclusive>
   yes
  </exclusive>
  <sporty>
   no
  </sporty>
 </clothing>
</clothing-items>
