<?xml version="1.0" encoding="utf-8"?>
<clothing-items>
 <clothing>
  <id>
   759218264
  </id>
  <name>
   Ellesse Pants M-6136
  </name>
  <category>
   Pants
  </category>
  <size>
   L
  </size>
  <color>
   Зеленый
  </color>
  <material>
   Шелк
  </material>
  <price>
   628821
  </price>
  <rating>
   2.08
  </rating>
  <reviews>
   402625
  </reviews>
  <exclusive>
   yes
  </exclusive>
  <sporty>
   yes
  </sporty>
 </clothing>
 <clothing>
  <id>
   630053104
  </id>
  <name>
   Lacoste Belts F-7018
  </name>
  <category>
   Belts
  </category>
  <size>
   XL
  </size>
  <color>
   Желтый
  </color>
  <material>
   Кожа
  </material>
  <price>
   377184
  </price>
  <rating>
   4.03
  </rating>
  <reviews>
   180812
  </reviews>
  <exclusive>
   no
  </exclusive>
  <sporty>
   no
  </sporty>
 </clothing>
 <clothing>
  <id>
   764019095
  </id>
  <name>
   Adidas Blouse E-2878
  </name>
  <category>
   Blouse
  </category>
  <size>
   L
  </size>
  <color>
   Зеленый
  </color>
  <material>
   Хлопок
  </material>
  <price>
   697609
  </price>
  <rating>
   1.98
  </rating>
  <reviews>
   755742
  </reviews>
  <new>
   +
  </new>
  <exclusive>
   no
  </exclusive>
  <sporty>
   no
  </sporty>
 </clothing>
 <clothing>
  <id>
   699485663
  </id>
  <name>
   Converse Pants V-1989
  </name>
  <category>
   Pants
  </category>
  <size>
   XL
  </size>
  <color>
   Желтый
  </color>
  <material>
   Лен
  </material>
  <price>
   683300
  </price>
  <rating>
   4.29
  </rating>
  <reviews>
   246558
  </reviews>
  <new>
   +
  </new>
  <sporty>
   yes
  </sporty>
 </clothing>
 <clothing>
  <id>
   359218205
  </id>
  <name>
   Reebok Socks C-2227
  </name>
  <category>
   Socks
  </category>
  <size>
   S
  </size>
  <color>
   Голубой
  </color>
  <material>
   Хлопок
  </material>
  <price>
   484611
  </price>
  <rating>
   3.42
  </rating>
  <reviews>
   420336
  </reviews>
  <new>
   +
  </new>
  <exclusive>
   no
  </exclusive>
 </clothing>
 <clothing>
  <id>
   783658893
  </id>
  <name>
   New Balance Shoes W-8075
  </name>
  <category>
   Shoes
  </category>
  <size>
   L
  </size>
  <color>
   Оранжевый
  </color>
  <material>
   Шелк
  </material>
  <price>
   579279
  </price>
  <rating>
   1.1
  </rating>
  <reviews>
   591710
  </reviews>
  <new>
   -
  </new>
  <exclusive>
   no
  </exclusive>
 </clothing>
 <clothing>
  <id>
   179209151
  </id>
  <name>
   Asics Shoes X-3405
  </name>
  <category>
   Shoes
  </category>
  <size>
   L
  </size>
  <color>
   Красный
  </color>
  <material>
   Хлопок
  </material>
  <price>
   878858
  </price>
  <rating>
   4.88
  </rating>
  <reviews>
   618724
  </reviews>
  <new>
   -
  </new>
  <exclusive>
   no
  </exclusive>
  <sporty>
   yes
  </sporty>
 </clothing>
 <clothing>
  <id>
   222135504
  </id>
  <name>
   DC Socks N-1104
  </name>
  <category>
   Socks
  </category>
  <size>
   M
  </size>
  <color>
   Желтый
  </color>
  <material>
   Лен
  </material>
  <price>
   933067
  </price>
  <rating>
   4.75
  </rating>
  <reviews>
   803743
  </reviews>
  <new>
   -
  </new>
  <exclusive>
   no
  </exclusive>
 </clothing>
 <clothing>
  <id>
   975702334
  </id>
  <name>
   PleinSport Blouse O-4669
  </name>
  <category>
   Blouse
  </category>
  <size>
   S
  </size>
  <color>
   Желтый
  </color>
  <material>
   Кожа
  </material>
  <price>
   784043
  </price>
  <rating>
   4.77
  </rating>
  <reviews>
   487703
  </reviews>
  <new>
   +
  </new>
  <exclusive>
   no
  </exclusive>
  <sporty>
   no
  </sporty>
 </clothing>
 <clothing>
  <id>
   334150219
  </id>
  <name>
   Adidas Hat D-1947
  </name>
  <category>
   Hat
  </category>
  <size>
   XL
  </size>
  <color>
   Зеленый
  </color>
  <material>
   Вискоза
  </material>
  <price>
   156995
  </price>
  <rating>
   4.11
  </rating>
  <reviews>
   967409
  </reviews>
  <exclusive>
   no
  </exclusive>
  <sporty>
   yes
  </sporty>
 </clothing>
 <clothing>
  <id>
   458273620
  </id>
  <name>
   Ellesse Belts N-3667
  </name>
  <category>
   Belts
  </category>
  <size>
   XXL
  </size>
  <color>
   Голубой
  </color>
  <material>
   Нейлон
  </material>
  <price>
   793282
  </price>
  <rating>
   4.15
  </rating>
  <reviews>
   89446
  </reviews>
  <exclusive>
   no
  </exclusive>
  <sporty>
   yes
  </sporty>
 </clothing>
 <clothing>
  <id>
   789824051
  </id>
  <name>
   Vans Shoes V-7294
  </name>
  <category>
   Shoes
  </category>
  <size>
   L
  </size>
  <color>
   Зеленый
  </color>
  <material>
   Лен
  </material>
  <price>
   979252
  </price>
  <rating>
   2.77
  </rating>
  <reviews>
   734872
  </reviews>
  <sporty>
   no
  </sporty>
 </clothing>
 <clothing>
  <id>
   956728311
  </id>
  <name>
   Asics Shoes L-8016
  </name>
  <category>
   Shoes
  </category>
  <size>
   M
  </size>
  <color>
   Фиолетовый
  </color>
  <material>
   Вискоза
  </material>
  <price>
   396619
  </price>
  <rating>
   2.95
  </rating>
  <reviews>
   480555
  </reviews>
  <new>
   +
  </new>
  <exclusive>
   yes
  </exclusive>
  <sporty>
   yes
  </sporty>
 </clothing>
 <clothing>
  <id>
   622762676
  </id>
  <name>
   Reebok Umbrellas N-8044
  </name>
  <category>
   Umbrellas
  </category>
  <size>
   XL
  </size>
  <color>
   Оранжевый
  </color>
  <material>
   Кожа
  </material>
  <price>
   497819
  </price>
  <rating>
   2.71
  </rating>
  <reviews>
   689678
  </reviews>
  <new>
   -
  </new>
  <exclusive>
   no
  </exclusive>
  <sporty>
   no
  </sporty>
 </clothing>
 <clothing>
  <id>
   201160310
  </id>
  <name>
   Adidas Sweater K-3781
  </name>
  <category>
   Sweater
  </category>
  <size>
   M
  </size>
  <color>
   Фиолетовый
  </color>
  <material>
   Полиэстер
  </material>
  <price>
   276517
  </price>
  <rating>
   4.43
  </rating>
  <reviews>
   538151
  </reviews>
  <new>
   +
  </new>
  <exclusive>
   no
  </exclusive>
  <sporty>
   no
  </sporty>
 </clothing>
 <clothing>
  <id>
   941704659
  </id>
  <name>
   Ellesse Jacket H-4832
  </name>
  <category>
   Jacket
  </category>
  <size>
   S
  </size>
  <color>
   Голубой
  </color>
  <material>
   Нейлон
  </material>
  <price>
   546577
  </price>
  <rating>
   2.18
  </rating>
  <reviews>
   564690
  </reviews>
  <new>
   +
  </new>
  <exclusive>
   no
  </exclusive>
  <sporty>
   no
  </sporty>
 </clothing>
 <clothing>
  <id>
   864185959
  </id>
  <name>
   Lacoste Hat F-3388
  </name>
  <category>
   Hat
  </category>
  <size>
   M
  </size>
  <color>
   Желтый
  </color>
  <material>
   Полиэстер
  </material>
  <price>
   746990
  </price>
  <rating>
   2.38
  </rating>
  <reviews>
   80968
  </reviews>
 </clothing>
 <clothing>
  <id>
   252391279
  </id>
  <name>
   Asics Sweater Z-8000
  </name>
  <category>
   Sweater
  </category>
  <size>
   L
  </size>
  <color>
   Фиолетовый
  </color>
  <material>
   Хлопок
  </material>
  <price>
   518255
  </price>
  <rating>
   1.49
  </rating>
  <reviews>
   819433
  </reviews>
  <new>
   -
  </new>
  <exclusive>
   yes
  </exclusive>
 </clothing>
 <clothing>
  <id>
   589392493
  </id>
  <name>
   New Balance Jeans B-5775
  </name>
  <category>
   Jeans
  </category>
  <size>
   S
  </size>
  <color>
   Красный
  </color>
  <material>
   Хлопок
  </material>
  <price>
   995543
  </price>
  <rating>
   2.18
  </rating>
  <reviews>
   805700
  </reviews>
  <sporty>
   no
  </sporty>
 </clothing>
 <clothing>
  <id>
   950230845
  </id>
  <name>
   Adidas Dress U-8532
  </name>
  <category>
   Dress
  </category>
  <size>
   M
  </size>
  <color>
   Фиолетовый
  </color>
  <material>
   Шелк
  </material>
  <price>
   835973
  </price>
  <rating>
   3.74
  </rating>
  <reviews>
   260464
  </reviews>
  <new>
   +
  </new>
 </clothing>
</clothing-items>
