<?xml version="1.0" encoding="utf-8"?>
<clothing-items>
 <clothing>
  <id>
   277472741
  </id>
  <name>
   Brooks Skirt O-7193
  </name>
  <category>
   Skirt
  </category>
  <size>
   M
  </size>
  <color>
   Синий
  </color>
  <material>
   Полиэстер
  </material>
  <price>
   438198
  </price>
  <rating>
   1.59
  </rating>
  <reviews>
   199404
  </reviews>
  <new>
   -
  </new>
  <sporty>
   yes
  </sporty>
 </clothing>
 <clothing>
  <id>
   245745574
  </id>
  <name>
   Lacoste Blouse U-9785
  </name>
  <category>
   Blouse
  </category>
  <size>
   XXL
  </size>
  <color>
   Голубой
  </color>
  <material>
   Хлопок
  </material>
  <price>
   815656
  </price>
  <rating>
   2.31
  </rating>
  <reviews>
   931357
  </reviews>
  <new>
   -
  </new>
  <sporty>
   yes
  </sporty>
 </clothing>
 <clothing>
  <id>
   690256818
  </id>
  <name>
   Nike Hat K-4437
  </name>
  <category>
   Hat
  </category>
  <size>
   L
  </size>
  <color>
   Желтый
  </color>
  <material>
   Кожа
  </material>
  <price>
   285110
  </price>
  <rating>
   1.82
  </rating>
  <reviews>
   186389
  </reviews>
  <new>
   -
  </new>
  <sporty>
   no
  </sporty>
 </clothing>
 <clothing>
  <id>
   333811250
  </id>
  <name>
   PleinSport Umbrellas B-8307
  </name>
  <category>
   Umbrellas
  </category>
  <size>
   S
  </size>
  <color>
   Красный
  </color>
  <material>
   Кожа
  </material>
  <price>
   894738
  </price>
  <rating>
   2.7
  </rating>
  <reviews>
   955382
  </reviews>
  <new>
   +
  </new>
  <exclusive>
   yes
  </exclusive>
 </clothing>
 <clothing>
  <id>
   763611698
  </id>
  <name>
   Addidas Hat D-4498
  </name>
  <category>
   Hat
  </category>
  <size>
   M
  </size>
  <color>
   Оранжевый
  </color>
  <material>
   Шелк
  </material>
  <price>
   889308
  </price>
  <rating>
   3.83
  </rating>
  <reviews>
   181924
  </reviews>
  <new>
   -
  </new>
  <exclusive>
   no
  </exclusive>
 </clothing>
 <clothing>
  <id>
   911400725
  </id>
  <name>
   Asics Shirt B-8616
  </name>
  <category>
   Shirt
  </category>
  <size>
   XXL
  </size>
  <color>
   Зеленый
  </color>
  <material>
   Лен
  </material>
  <price>
   922083
  </price>
  <rating>
   1.52
  </rating>
  <reviews>
   284898
  </reviews>
  <sporty>
   no
  </sporty>
 </clothing>
 <clothing>
  <id>
   914916406
  </id>
  <name>
   Vans T-shirt D-4734
  </name>
  <category>
   T-shirt
  </category>
  <size>
   M
  </size>
  <color>
   Фиолетовый
  </color>
  <material>
   Нейлон
  </material>
  <price>
   838917
  </price>
  <rating>
   1.99
  </rating>
  <reviews>
   334956
  </reviews>
 </clothing>
 <clothing>
  <id>
   443899403
  </id>
  <name>
   Brooks Jacket V-8841
  </name>
  <category>
   Jacket
  </category>
  <size>
   S
  </size>
  <color>
   Синий
  </color>
  <material>
   Полиэстер
  </material>
  <price>
   715734
  </price>
  <rating>
   1.31
  </rating>
  <reviews>
   723451
  </reviews>
  <exclusive>
   no
  </exclusive>
  <sporty>
   yes
  </sporty>
 </clothing>
 <clothing>
  <id>
   108104759
  </id>
  <name>
   Reebok Gloves V-7422
  </name>
  <category>
   Gloves
  </category>
  <size>
   M
  </size>
  <color>
   Синий
  </color>
  <material>
   Лен
  </material>
  <price>
   510912
  </price>
  <rating>
   3.17
  </rating>
  <reviews>
   998550
  </reviews>
  <new>
   -
  </new>
  <sporty>
   yes
  </sporty>
 </clothing>
 <clothing>
  <id>
   531818250
  </id>
  <name>
   DC Jacket I-6713
  </name>
  <category>
   Jacket
  </category>
  <size>
   L
  </size>
  <color>
   Синий
  </color>
  <material>
   Шерсть
  </material>
  <price>
   269389
  </price>
  <rating>
   1.42
  </rating>
  <reviews>
   559877
  </reviews>
  <new>
   +
  </new>
  <exclusive>
   no
  </exclusive>
  <sporty>
   no
  </sporty>
 </clothing>
 <clothing>
  <id>
   854448930
  </id>
  <name>
   Lacoste Sweater F-6547
  </name>
  <category>
   Sweater
  </category>
  <size>
   XXL
  </size>
  <color>
   Фиолетовый
  </color>
  <material>
   Хлопок
  </material>
  <price>
   126069
  </price>
  <rating>
   1.42
  </rating>
  <reviews>
   521022
  </reviews>
  <new>
   +
  </new>
  <exclusive>
   yes
  </exclusive>
  <sporty>
   no
  </sporty>
 </clothing>
 <clothing>
  <id>
   237130902
  </id>
  <name>
   Nike Belts N-7871
  </name>
  <category>
   Belts
  </category>
  <size>
   S
  </size>
  <color>
   Зеленый
  </color>
  <material>
   Вискоза
  </material>
  <price>
   639302
  </price>
  <rating>
   3.77
  </rating>
  <reviews>
   852349
  </reviews>
  <new>
   -
  </new>
  <exclusive>
   no
  </exclusive>
  <sporty>
   no
  </sporty>
 </clothing>
 <clothing>
  <id>
   356535430
  </id>
  <name>
   Addidas Dress B-6107
  </name>
  <category>
   Dress
  </category>
  <size>
   S
  </size>
  <color>
   Оранжевый
  </color>
  <material>
   Шелк
  </material>
  <price>
   488422
  </price>
  <rating>
   2.68
  </rating>
  <reviews>
   440825
  </reviews>
 </clothing>
 <clothing>
  <id>
   204319386
  </id>
  <name>
   Brooks Blouse J-5344
  </name>
  <category>
   Blouse
  </category>
  <size>
   XXL
  </size>
  <color>
   Синий
  </color>
  <material>
   Кожа
  </material>
  <price>
   673062
  </price>
  <rating>
   2.27
  </rating>
  <reviews>
   392568
  </reviews>
  <new>
   -
  </new>
 </clothing>
 <clothing>
  <id>
   758464007
  </id>
  <name>
   Ellesse Shoes T-2898
  </name>
  <category>
   Shoes
  </category>
  <size>
   XL
  </size>
  <color>
   Желтый
  </color>
  <material>
   Лен
  </material>
  <price>
   128094
  </price>
  <rating>
   4.02
  </rating>
  <reviews>
   508078
  </reviews>
  <new>
   -
  </new>
  <sporty>
   no
  </sporty>
 </clothing>
 <clothing>
  <id>
   810520792
  </id>
  <name>
   Fila Handbags R-4829
  </name>
  <category>
   Handbags
  </category>
  <size>
   M
  </size>
  <color>
   Синий
  </color>
  <material>
   Шелк
  </material>
  <price>
   690099
  </price>
  <rating>
   1.2
  </rating>
  <reviews>
   176632
  </reviews>
  <new>
   +
  </new>
  <sporty>
   yes
  </sporty>
 </clothing>
 <clothing>
  <id>
   611560943
  </id>
  <name>
   Converse Hat O-3752
  </name>
  <category>
   Hat
  </category>
  <size>
   XXL
  </size>
  <color>
   Фиолетовый
  </color>
  <material>
   Вискоза
  </material>
  <price>
   845386
  </price>
  <rating>
   1.88
  </rating>
  <reviews>
   366450
  </reviews>
  <sporty>
   no
  </sporty>
 </clothing>
 <clothing>
  <id>
   994231641
  </id>
  <name>
   Adidas Handbags Y-8914
  </name>
  <category>
   Handbags
  </category>
  <size>
   L
  </size>
  <color>
   Голубой
  </color>
  <material>
   Кожа
  </material>
  <price>
   138035
  </price>
  <rating>
   1.2
  </rating>
  <reviews>
   490070
  </reviews>
  <new>
   -
  </new>
  <exclusive>
   yes
  </exclusive>
  <sporty>
   no
  </sporty>
 </clothing>
 <clothing>
  <id>
   820126654
  </id>
  <name>
   Under Armour Skirt V-3028
  </name>
  <category>
   Skirt
  </category>
  <size>
   M
  </size>
  <color>
   Синий
  </color>
  <material>
   Шерсть
  </material>
  <price>
   840531
  </price>
  <rating>
   2.51
  </rating>
  <reviews>
   422179
  </reviews>
  <new>
   -
  </new>
  <sporty>
   yes
  </sporty>
 </clothing>
 <clothing>
  <id>
   729520127
  </id>
  <name>
   PleinSport Jacket V-5875
  </name>
  <category>
   Jacket
  </category>
  <size>
   S
  </size>
  <color>
   Красный
  </color>
  <material>
   Полиэстер
  </material>
  <price>
   894924
  </price>
  <rating>
   1.1
  </rating>
  <reviews>
   393904
  </reviews>
  <new>
   -
  </new>
  <exclusive>
   no
  </exclusive>
  <sporty>
   no
  </sporty>
 </clothing>
 <clothing>
  <id>
   924903547
  </id>
  <name>
   Brooks Hat M-3679
  </name>
  <category>
   Hat
  </category>
  <size>
   M
  </size>
  <color>
   Желтый
  </color>
  <material>
   Шерсть
  </material>
  <price>
   101355
  </price>
  <rating>
   2.2
  </rating>
  <reviews>
   115224
  </reviews>
  <new>
   -
  </new>
  <exclusive>
   no
  </exclusive>
  <sporty>
   yes
  </sporty>
 </clothing>
 <clothing>
  <id>
   726065999
  </id>
  <name>
   Converse Skirt E-2575
  </name>
  <category>
   Skirt
  </category>
  <size>
   L
  </size>
  <color>
   Зеленый
  </color>
  <material>
   Кожа
  </material>
  <price>
   833013
  </price>
  <rating>
   4.32
  </rating>
  <reviews>
   388649
  </reviews>
  <new>
   +
  </new>
  <sporty>
   no
  </sporty>
 </clothing>
 <clothing>
  <id>
   387722467
  </id>
  <name>
   Reebok Jeans K-9682
  </name>
  <category>
   Jeans
  </category>
  <size>
   L
  </size>
  <color>
   Красный
  </color>
  <material>
   Лен
  </material>
  <price>
   409915
  </price>
  <rating>
   3.22
  </rating>
  <reviews>
   139616
  </reviews>
  <new>
   +
  </new>
  <exclusive>
   yes
  </exclusive>
 </clothing>
 <clothing>
  <id>
   546545306
  </id>
  <name>
   PleinSport Pants X-1637
  </name>
  <category>
   Pants
  </category>
  <size>
   M
  </size>
  <color>
   Оранжевый
  </color>
  <material>
   Вискоза
  </material>
  <price>
   783042
  </price>
  <rating>
   4.84
  </rating>
  <reviews>
   288868
  </reviews>
 </clothing>
 <clothing>
  <id>
   934608969
  </id>
  <name>
   Reebok Hat U-8179
  </name>
  <category>
   Hat
  </category>
  <size>
   XXL
  </size>
  <color>
   Голубой
  </color>
  <material>
   Кожа
  </material>
  <price>
   256638
  </price>
  <rating>
   1.2
  </rating>
  <reviews>
   958518
  </reviews>
  <exclusive>
   no
  </exclusive>
  <sporty>
   no
  </sporty>
 </clothing>
 <clothing>
  <id>
   657426168
  </id>
  <name>
   Vans Socks J-1231
  </name>
  <category>
   Socks
  </category>
  <size>
   M
  </size>
  <color>
   Фиолетовый
  </color>
  <material>
   Нейлон
  </material>
  <price>
   813620
  </price>
  <rating>
   1.92
  </rating>
  <reviews>
   605330
  </reviews>
  <new>
   -
  </new>
  <sporty>
   no
  </sporty>
 </clothing>
</clothing-items>
