<?xml version="1.0" encoding="utf-8"?>
<clothing-items>
 <clothing>
  <id>
   311376542
  </id>
  <name>
   Lacoste Handbags P-5105
  </name>
  <category>
   Handbags
  </category>
  <size>
   M
  </size>
  <color>
   Зеленый
  </color>
  <material>
   Нейлон
  </material>
  <price>
   446813
  </price>
  <rating>
   4.87
  </rating>
  <reviews>
   369456
  </reviews>
 </clothing>
 <clothing>
  <id>
   185826849
  </id>
  <name>
   Ellesse Belts O-7581
  </name>
  <category>
   Belts
  </category>
  <size>
   S
  </size>
  <color>
   Голубой
  </color>
  <material>
   Шерсть
  </material>
  <price>
   686452
  </price>
  <rating>
   2.78
  </rating>
  <reviews>
   456470
  </reviews>
  <new>
   -
  </new>
  <exclusive>
   no
  </exclusive>
  <sporty>
   no
  </sporty>
 </clothing>
 <clothing>
  <id>
   491336209
  </id>
  <name>
   Adidas Belts L-5137
  </name>
  <category>
   Belts
  </category>
  <size>
   L
  </size>
  <color>
   Голубой
  </color>
  <material>
   Шерсть
  </material>
  <price>
   869897
  </price>
  <rating>
   2.55
  </rating>
  <reviews>
   59959
  </reviews>
  <new>
   +
  </new>
  <sporty>
   no
  </sporty>
 </clothing>
 <clothing>
  <id>
   602367907
  </id>
  <name>
   Under Armour Jeans L-5849
  </name>
  <category>
   Jeans
  </category>
  <size>
   S
  </size>
  <color>
   Красный
  </color>
  <material>
   Полиэстер
  </material>
  <price>
   898514
  </price>
  <rating>
   2.89
  </rating>
  <reviews>
   267309
  </reviews>
  <sporty>
   no
  </sporty>
 </clothing>
 <clothing>
  <id>
   679014053
  </id>
  <name>
   Asics T-shirt Z-3546
  </name>
  <category>
   T-shirt
  </category>
  <size>
   XL
  </size>
  <color>
   Синий
  </color>
  <material>
   Полиэстер
  </material>
  <price>
   744140
  </price>
  <rating>
   3.38
  </rating>
  <reviews>
   434583
  </reviews>
  <exclusive>
   no
  </exclusive>
 </clothing>
 <clothing>
  <id>
   416465862
  </id>
  <name>
   Brooks Jacket T-1919
  </name>
  <category>
   Jacket
  </category>
  <size>
   S
  </size>
  <color>
   Синий
  </color>
  <material>
   Хлопок
  </material>
  <price>
   748387
  </price>
  <rating>
   1.01
  </rating>
  <reviews>
   446189
  </reviews>
  <exclusive>
   no
  </exclusive>
  <sporty>
   no
  </sporty>
 </clothing>
 <clothing>
  <id>
   260996771
  </id>
  <name>
   Reebok Socks G-3309
  </name>
  <category>
   Socks
  </category>
  <size>
   XXL
  </size>
  <color>
   Желтый
  </color>
  <material>
   Шелк
  </material>
  <price>
   671559
  </price>
  <rating>
   1.9
  </rating>
  <reviews>
   393280
  </reviews>
  <new>
   -
  </new>
 </clothing>
 <clothing>
  <id>
   374631518
  </id>
  <name>
   New Balance Socks C-8914
  </name>
  <category>
   Socks
  </category>
  <size>
   L
  </size>
  <color>
   Красный
  </color>
  <material>
   Нейлон
  </material>
  <price>
   546074
  </price>
  <rating>
   4.88
  </rating>
  <reviews>
   316897
  </reviews>
  <new>
   +
  </new>
 </clothing>
 <clothing>
  <id>
   472043752
  </id>
  <name>
   Nike Socks B-6655
  </name>
  <category>
   Socks
  </category>
  <size>
   XXL
  </size>
  <color>
   Зеленый
  </color>
  <material>
   Шерсть
  </material>
  <price>
   950539
  </price>
  <rating>
   1.73
  </rating>
  <reviews>
   675032
  </reviews>
  <new>
   -
  </new>
  <exclusive>
   yes
  </exclusive>
 </clothing>
 <clothing>
  <id>
   814937409
  </id>
  <name>
   Under Armour Belts S-3146
  </name>
  <category>
   Belts
  </category>
  <size>
   S
  </size>
  <color>
   Зеленый
  </color>
  <material>
   Кожа
  </material>
  <price>
   845121
  </price>
  <rating>
   4.7
  </rating>
  <reviews>
   802591
  </reviews>
  <exclusive>
   yes
  </exclusive>
 </clothing>
 <clothing>
  <id>
   842444940
  </id>
  <name>
   Lacoste Socks W-2522
  </name>
  <category>
   Socks
  </category>
  <size>
   M
  </size>
  <color>
   Красный
  </color>
  <material>
   Нейлон
  </material>
  <price>
   842435
  </price>
  <rating>
   3.97
  </rating>
  <reviews>
   683708
  </reviews>
  <sporty>
   yes
  </sporty>
 </clothing>
 <clothing>
  <id>
   522829190
  </id>
  <name>
   Asics Shirt W-5014
  </name>
  <category>
   Shirt
  </category>
  <size>
   S
  </size>
  <color>
   Желтый
  </color>
  <material>
   Полиэстер
  </material>
  <price>
   844332
  </price>
  <rating>
   2.89
  </rating>
  <reviews>
   808338
  </reviews>
  <new>
   -
  </new>
  <exclusive>
   no
  </exclusive>
 </clothing>
 <clothing>
  <id>
   866264257
  </id>
  <name>
   Brooks Umbrellas Q-5825
  </name>
  <category>
   Umbrellas
  </category>
  <size>
   XL
  </size>
  <color>
   Синий
  </color>
  <material>
   Лен
  </material>
  <price>
   252388
  </price>
  <rating>
   1.54
  </rating>
  <reviews>
   380950
  </reviews>
  <new>
   +
  </new>
  <exclusive>
   yes
  </exclusive>
  <sporty>
   no
  </sporty>
 </clothing>
 <clothing>
  <id>
   917607241
  </id>
  <name>
   Fila Shoes N-5734
  </name>
  <category>
   Shoes
  </category>
  <size>
   XL
  </size>
  <color>
   Голубой
  </color>
  <material>
   Нейлон
  </material>
  <price>
   133951
  </price>
  <rating>
   2.38
  </rating>
  <reviews>
   796649
  </reviews>
  <new>
   -
  </new>
  <exclusive>
   no
  </exclusive>
  <sporty>
   yes
  </sporty>
 </clothing>
 <clothing>
  <id>
   964830088
  </id>
  <name>
   Ellesse Handbags E-7690
  </name>
  <category>
   Handbags
  </category>
  <size>
   S
  </size>
  <color>
   Красный
  </color>
  <material>
   Шелк
  </material>
  <price>
   400480
  </price>
  <rating>
   1.66
  </rating>
  <reviews>
   315769
  </reviews>
  <exclusive>
   no
  </exclusive>
  <sporty>
   no
  </sporty>
 </clothing>
 <clothing>
  <id>
   970043660
  </id>
  <name>
   Puma Sweater C-7745
  </name>
  <category>
   Sweater
  </category>
  <size>
   M
  </size>
  <color>
   Синий
  </color>
  <material>
   Вискоза
  </material>
  <price>
   254530
  </price>
  <rating>
   4.68
  </rating>
  <reviews>
   967452
  </reviews>
  <new>
   -
  </new>
  <exclusive>
   no
  </exclusive>
  <sporty>
   no
  </sporty>
 </clothing>
 <clothing>
  <id>
   372869584
  </id>
  <name>
   New Balance Gloves U-9312
  </name>
  <category>
   Gloves
  </category>
  <size>
   XL
  </size>
  <color>
   Желтый
  </color>
  <material>
   Лен
  </material>
  <price>
   526464
  </price>
  <rating>
   2.32
  </rating>
  <reviews>
   118470
  </reviews>
  <sporty>
   yes
  </sporty>
 </clothing>
 <clothing>
  <id>
   223527224
  </id>
  <name>
   Adidas Umbrellas K-9541
  </name>
  <category>
   Umbrellas
  </category>
  <size>
   XXL
  </size>
  <color>
   Синий
  </color>
  <material>
   Хлопок
  </material>
  <price>
   898383
  </price>
  <rating>
   2.39
  </rating>
  <reviews>
   257048
  </reviews>
  <new>
   +
  </new>
 </clothing>
 <clothing>
  <id>
   875738397
  </id>
  <name>
   New Balance Pants A-1613
  </name>
  <category>
   Pants
  </category>
  <size>
   L
  </size>
  <color>
   Оранжевый
  </color>
  <material>
   Вискоза
  </material>
  <price>
   169274
  </price>
  <rating>
   4.56
  </rating>
  <reviews>
   836199
  </reviews>
 </clothing>
 <clothing>
  <id>
   892524778
  </id>
  <name>
   Addidas Jeans U-4861
  </name>
  <category>
   Jeans
  </category>
  <size>
   XXL
  </size>
  <color>
   Зеленый
  </color>
  <material>
   Хлопок
  </material>
  <price>
   297283
  </price>
  <rating>
   4.45
  </rating>
  <reviews>
   736820
  </reviews>
 </clothing>
 <clothing>
  <id>
   919951793
  </id>
  <name>
   Brooks Handbags T-1264
  </name>
  <category>
   Handbags
  </category>
  <size>
   XL
  </size>
  <color>
   Синий
  </color>
  <material>
   Нейлон
  </material>
  <price>
   984657
  </price>
  <rating>
   3.17
  </rating>
  <reviews>
   63844
  </reviews>
  <sporty>
   yes
  </sporty>
 </clothing>
 <clothing>
  <id>
   209782184
  </id>
  <name>
   New Balance Sweater K-7605
  </name>
  <category>
   Sweater
  </category>
  <size>
   L
  </size>
  <color>
   Фиолетовый
  </color>
  <material>
   Полиэстер
  </material>
  <price>
   989358
  </price>
  <rating>
   3.1
  </rating>
  <reviews>
   808936
  </reviews>
  <new>
   +
  </new>
  <exclusive>
   yes
  </exclusive>
  <sporty>
   no
  </sporty>
 </clothing>
 <clothing>
  <id>
   345775129
  </id>
  <name>
   New Balance Hat Q-5621
  </name>
  <category>
   Hat
  </category>
  <size>
   M
  </size>
  <color>
   Синий
  </color>
  <material>
   Хлопок
  </material>
  <price>
   971642
  </price>
  <rating>
   1.93
  </rating>
  <reviews>
   731726
  </reviews>
  <new>
   -
  </new>
  <exclusive>
   no
  </exclusive>
  <sporty>
   no
  </sporty>
 </clothing>
 <clothing>
  <id>
   595994463
  </id>
  <name>
   Ellesse Pants V-4229
  </name>
  <category>
   Pants
  </category>
  <size>
   XXL
  </size>
  <color>
   Зеленый
  </color>
  <material>
   Вискоза
  </material>
  <price>
   359004
  </price>
  <rating>
   3.68
  </rating>
  <reviews>
   443260
  </reviews>
  <new>
   +
  </new>
  <sporty>
   no
  </sporty>
 </clothing>
 <clothing>
  <id>
   787854914
  </id>
  <name>
   Vans Jeans X-4898
  </name>
  <category>
   Jeans
  </category>
  <size>
   M
  </size>
  <color>
   Голубой
  </color>
  <material>
   Хлопок
  </material>
  <price>
   643176
  </price>
  <rating>
   4.49
  </rating>
  <reviews>
   412219
  </reviews>
  <exclusive>
   no
  </exclusive>
  <sporty>
   no
  </sporty>
 </clothing>
 <clothing>
  <id>
   527209327
  </id>
  <name>
   Under Armour Socks N-8192
  </name>
  <category>
   Socks
  </category>
  <size>
   S
  </size>
  <color>
   Зеленый
  </color>
  <material>
   Полиэстер
  </material>
  <price>
   692437
  </price>
  <rating>
   2.63
  </rating>
  <reviews>
   842726
  </reviews>
  <new>
   -
  </new>
  <exclusive>
   yes
  </exclusive>
  <sporty>
   no
  </sporty>
 </clothing>
 <clothing>
  <id>
   885506637
  </id>
  <name>
   Addidas Gloves W-4842
  </name>
  <category>
   Gloves
  </category>
  <size>
   M
  </size>
  <color>
   Желтый
  </color>
  <material>
   Нейлон
  </material>
  <price>
   523892
  </price>
  <rating>
   2.02
  </rating>
  <reviews>
   978327
  </reviews>
  <new>
   +
  </new>
  <exclusive>
   no
  </exclusive>
 </clothing>
 <clothing>
  <id>
   885851760
  </id>
  <name>
   Adidas Pants O-1967
  </name>
  <category>
   Pants
  </category>
  <size>
   M
  </size>
  <color>
   Красный
  </color>
  <material>
   Лен
  </material>
  <price>
   725362
  </price>
  <rating>
   1.38
  </rating>
  <reviews>
   183358
  </reviews>
  <new>
   +
  </new>
  <exclusive>
   no
  </exclusive>
 </clothing>
 <clothing>
  <id>
   926672576
  </id>
  <name>
   Under Armour Handbags Z-2569
  </name>
  <category>
   Handbags
  </category>
  <size>
   S
  </size>
  <color>
   Фиолетовый
  </color>
  <material>
   Кожа
  </material>
  <price>
   557184
  </price>
  <rating>
   4.22
  </rating>
  <reviews>
   985921
  </reviews>
  <new>
   +
  </new>
  <exclusive>
   no
  </exclusive>
  <sporty>
   no
  </sporty>
 </clothing>
 <clothing>
  <id>
   149346231
  </id>
  <name>
   Puma Skirt C-3614
  </name>
  <category>
   Skirt
  </category>
  <size>
   XL
  </size>
  <color>
   Зеленый
  </color>
  <material>
   Шерсть
  </material>
  <price>
   367456
  </price>
  <rating>
   4.3
  </rating>
  <reviews>
   164030
  </reviews>
  <exclusive>
   no
  </exclusive>
  <sporty>
   yes
  </sporty>
 </clothing>
 <clothing>
  <id>
   352175839
  </id>
  <name>
   DC Sweater T-9250
  </name>
  <category>
   Sweater
  </category>
  <size>
   L
  </size>
  <color>
   Зеленый
  </color>
  <material>
   Кожа
  </material>
  <price>
   728516
  </price>
  <rating>
   1.35
  </rating>
  <reviews>
   55447
  </reviews>
  <exclusive>
   yes
  </exclusive>
  <sporty>
   no
  </sporty>
 </clothing>
 <clothing>
  <id>
   218959292
  </id>
  <name>
   Fila Blouse W-3713
  </name>
  <category>
   Blouse
  </category>
  <size>
   XL
  </size>
  <color>
   Красный
  </color>
  <material>
   Шерсть
  </material>
  <price>
   165943
  </price>
  <rating>
   1.89
  </rating>
  <reviews>
   447627
  </reviews>
  <new>
   -
  </new>
  <sporty>
   yes
  </sporty>
 </clothing>
 <clothing>
  <id>
   217783789
  </id>
  <name>
   Lacoste Shoes T-1943
  </name>
  <category>
   Shoes
  </category>
  <size>
   M
  </size>
  <color>
   Синий
  </color>
  <material>
   Шелк
  </material>
  <price>
   515490
  </price>
  <rating>
   4.99
  </rating>
  <reviews>
   112514
  </reviews>
 </clothing>
 <clothing>
  <id>
   663639460
  </id>
  <name>
   Lacoste Sweater Y-1655
  </name>
  <category>
   Sweater
  </category>
  <size>
   S
  </size>
  <color>
   Красный
  </color>
  <material>
   Шерсть
  </material>
  <price>
   878235
  </price>
  <rating>
   2.26
  </rating>
  <reviews>
   913580
  </reviews>
  <new>
   -
  </new>
  <exclusive>
   yes
  </exclusive>
  <sporty>
   yes
  </sporty>
 </clothing>
 <clothing>
  <id>
   595312511
  </id>
  <name>
   Nike Blouse P-9186
  </name>
  <category>
   Blouse
  </category>
  <size>
   S
  </size>
  <color>
   Оранжевый
  </color>
  <material>
   Шерсть
  </material>
  <price>
   544576
  </price>
  <rating>
   2.27
  </rating>
  <reviews>
   686647
  </reviews>
  <exclusive>
   yes
  </exclusive>
  <sporty>
   no
  </sporty>
 </clothing>
 <clothing>
  <id>
   642764936
  </id>
  <name>
   Vans Blouse I-9701
  </name>
  <category>
   Blouse
  </category>
  <size>
   XL
  </size>
  <color>
   Желтый
  </color>
  <material>
   Хлопок
  </material>
  <price>
   696572
  </price>
  <rating>
   4.76
  </rating>
  <reviews>
   471801
  </reviews>
  <new>
   +
  </new>
 </clothing>
</clothing-items>
