<?xml version="1.0" encoding="utf-8"?>
<clothing-items>
 <clothing>
  <id>
   233223074
  </id>
  <name>
   PleinSport Sweater F-8436
  </name>
  <category>
   Sweater
  </category>
  <size>
   M
  </size>
  <color>
   Голубой
  </color>
  <material>
   Вискоза
  </material>
  <price>
   990129
  </price>
  <rating>
   2.96
  </rating>
  <reviews>
   834895
  </reviews>
  <new>
   -
  </new>
  <exclusive>
   no
  </exclusive>
 </clothing>
 <clothing>
  <id>
   180927300
  </id>
  <name>
   Nike Handbags K-4375
  </name>
  <category>
   Handbags
  </category>
  <size>
   S
  </size>
  <color>
   Синий
  </color>
  <material>
   Нейлон
  </material>
  <price>
   358101
  </price>
  <rating>
   4.13
  </rating>
  <reviews>
   336888
  </reviews>
  <new>
   -
  </new>
  <exclusive>
   no
  </exclusive>
 </clothing>
 <clothing>
  <id>
   493473932
  </id>
  <name>
   Asics Jeans B-8513
  </name>
  <category>
   Jeans
  </category>
  <size>
   M
  </size>
  <color>
   Оранжевый
  </color>
  <material>
   Полиэстер
  </material>
  <price>
   183084
  </price>
  <rating>
   3.26
  </rating>
  <reviews>
   613422
  </reviews>
 </clothing>
 <clothing>
  <id>
   217873361
  </id>
  <name>
   New Balance Gloves K-5651
  </name>
  <category>
   Gloves
  </category>
  <size>
   XL
  </size>
  <color>
   Оранжевый
  </color>
  <material>
   Шелк
  </material>
  <price>
   810354
  </price>
  <rating>
   3.44
  </rating>
  <reviews>
   598876
  </reviews>
  <new>
   -
  </new>
  <exclusive>
   yes
  </exclusive>
  <sporty>
   yes
  </sporty>
 </clothing>
 <clothing>
  <id>
   100012871
  </id>
  <name>
   Vans Pants X-8365
  </name>
  <category>
   Pants
  </category>
  <size>
   L
  </size>
  <color>
   Оранжевый
  </color>
  <material>
   Полиэстер
  </material>
  <price>
   933357
  </price>
  <rating>
   4.54
  </rating>
  <reviews>
   890293
  </reviews>
  <new>
   -
  </new>
  <sporty>
   no
  </sporty>
 </clothing>
 <clothing>
  <id>
   504312149
  </id>
  <name>
   Under Armour Shoes M-6248
  </name>
  <category>
   Shoes
  </category>
  <size>
   M
  </size>
  <color>
   Зеленый
  </color>
  <material>
   Вискоза
  </material>
  <price>
   887374
  </price>
  <rating>
   3.49
  </rating>
  <reviews>
   232240
  </reviews>
  <sporty>
   no
  </sporty>
 </clothing>
 <clothing>
  <id>
   762433759
  </id>
  <name>
   Lacoste Hat R-8875
  </name>
  <category>
   Hat
  </category>
  <size>
   L
  </size>
  <color>
   Зеленый
  </color>
  <material>
   Кожа
  </material>
  <price>
   446249
  </price>
  <rating>
   3.92
  </rating>
  <reviews>
   503171
  </reviews>
  <exclusive>
   no
  </exclusive>
  <sporty>
   no
  </sporty>
 </clothing>
 <clothing>
  <id>
   470849749
  </id>
  <name>
   Converse Hat D-6342
  </name>
  <category>
   Hat
  </category>
  <size>
   M
  </size>
  <color>
   Оранжевый
  </color>
  <material>
   Нейлон
  </material>
  <price>
   448788
  </price>
  <rating>
   4.79
  </rating>
  <reviews>
   554214
  </reviews>
  <new>
   -
  </new>
  <sporty>
   no
  </sporty>
 </clothing>
 <clothing>
  <id>
   952143383
  </id>
  <name>
   Converse Sweater I-8698
  </name>
  <category>
   Sweater
  </category>
  <size>
   XXL
  </size>
  <color>
   Красный
  </color>
  <material>
   Хлопок
  </material>
  <price>
   671661
  </price>
  <rating>
   5.0
  </rating>
  <reviews>
   897458
  </reviews>
  <sporty>
   no
  </sporty>
 </clothing>
 <clothing>
  <id>
   767812365
  </id>
  <name>
   DC Socks K-8939
  </name>
  <category>
   Socks
  </category>
  <size>
   L
  </size>
  <color>
   Зеленый
  </color>
  <material>
   Вискоза
  </material>
  <price>
   953189
  </price>
  <rating>
   2.29
  </rating>
  <reviews>
   981899
  </reviews>
  <new>
   -
  </new>
  <exclusive>
   no
  </exclusive>
  <sporty>
   yes
  </sporty>
 </clothing>
 <clothing>
  <id>
   976207401
  </id>
  <name>
   Brooks T-shirt G-5958
  </name>
  <category>
   T-shirt
  </category>
  <size>
   S
  </size>
  <color>
   Зеленый
  </color>
  <material>
   Хлопок
  </material>
  <price>
   526514
  </price>
  <rating>
   2.56
  </rating>
  <reviews>
   41848
  </reviews>
  <new>
   +
  </new>
  <exclusive>
   no
  </exclusive>
  <sporty>
   no
  </sporty>
 </clothing>
 <clothing>
  <id>
   150714444
  </id>
  <name>
   Brooks Jacket F-8588
  </name>
  <category>
   Jacket
  </category>
  <size>
   XXL
  </size>
  <color>
   Голубой
  </color>
  <material>
   Шерсть
  </material>
  <price>
   840552
  </price>
  <rating>
   1.89
  </rating>
  <reviews>
   644834
  </reviews>
  <new>
   -
  </new>
  <sporty>
   no
  </sporty>
 </clothing>
 <clothing>
  <id>
   646772529
  </id>
  <name>
   Reebok Shoes J-5367
  </name>
  <category>
   Shoes
  </category>
  <size>
   XL
  </size>
  <color>
   Желтый
  </color>
  <material>
   Кожа
  </material>
  <price>
   389901
  </price>
  <rating>
   2.73
  </rating>
  <reviews>
   979121
  </reviews>
  <exclusive>
   no
  </exclusive>
 </clothing>
 <clothing>
  <id>
   680139498
  </id>
  <name>
   Addidas Dress P-9537
  </name>
  <category>
   Dress
  </category>
  <size>
   S
  </size>
  <color>
   Фиолетовый
  </color>
  <material>
   Кожа
  </material>
  <price>
   410003
  </price>
  <rating>
   4.22
  </rating>
  <reviews>
   221132
  </reviews>
  <sporty>
   yes
  </sporty>
 </clothing>
 <clothing>
  <id>
   895017597
  </id>
  <name>
   Fila Skirt R-5363
  </name>
  <category>
   Skirt
  </category>
  <size>
   L
  </size>
  <color>
   Фиолетовый
  </color>
  <material>
   Кожа
  </material>
  <price>
   705015
  </price>
  <rating>
   2.6
  </rating>
  <reviews>
   52216
  </reviews>
  <new>
   +
  </new>
  <exclusive>
   yes
  </exclusive>
  <sporty>
   no
  </sporty>
 </clothing>
 <clothing>
  <id>
   981729597
  </id>
  <name>
   Fila Handbags J-1336
  </name>
  <category>
   Handbags
  </category>
  <size>
   L
  </size>
  <color>
   Оранжевый
  </color>
  <material>
   Вискоза
  </material>
  <price>
   408572
  </price>
  <rating>
   4.64
  </rating>
  <reviews>
   608057
  </reviews>
  <new>
   -
  </new>
 </clothing>
 <clothing>
  <id>
   159838234
  </id>
  <name>
   Nike Shoes P-9782
  </name>
  <category>
   Shoes
  </category>
  <size>
   M
  </size>
  <color>
   Желтый
  </color>
  <material>
   Полиэстер
  </material>
  <price>
   374623
  </price>
  <rating>
   2.76
  </rating>
  <reviews>
   980321
  </reviews>
  <new>
   -
  </new>
  <sporty>
   no
  </sporty>
 </clothing>
 <clothing>
  <id>
   396663500
  </id>
  <name>
   Fila Hat M-7735
  </name>
  <category>
   Hat
  </category>
  <size>
   S
  </size>
  <color>
   Синий
  </color>
  <material>
   Кожа
  </material>
  <price>
   410799
  </price>
  <rating>
   1.32
  </rating>
  <reviews>
   274282
  </reviews>
 </clothing>
 <clothing>
  <id>
   403902592
  </id>
  <name>
   Converse Belts X-4177
  </name>
  <category>
   Belts
  </category>
  <size>
   S
  </size>
  <color>
   Фиолетовый
  </color>
  <material>
   Полиэстер
  </material>
  <price>
   730271
  </price>
  <rating>
   2.79
  </rating>
  <reviews>
   28326
  </reviews>
  <new>
   +
  </new>
  <sporty>
   no
  </sporty>
 </clothing>
 <clothing>
  <id>
   769522698
  </id>
  <name>
   Under Armour Shirt X-6029
  </name>
  <category>
   Shirt
  </category>
  <size>
   XL
  </size>
  <color>
   Синий
  </color>
  <material>
   Вискоза
  </material>
  <price>
   405329
  </price>
  <rating>
   4.27
  </rating>
  <reviews>
   683035
  </reviews>
  <new>
   -
  </new>
  <exclusive>
   no
  </exclusive>
  <sporty>
   no
  </sporty>
 </clothing>
 <clothing>
  <id>
   892467011
  </id>
  <name>
   Vans Blouse J-1547
  </name>
  <category>
   Blouse
  </category>
  <size>
   M
  </size>
  <color>
   Красный
  </color>
  <material>
   Нейлон
  </material>
  <price>
   631648
  </price>
  <rating>
   2.16
  </rating>
  <reviews>
   142874
  </reviews>
  <exclusive>
   no
  </exclusive>
 </clothing>
 <clothing>
  <id>
   793999019
  </id>
  <name>
   Reebok Shoes E-7328
  </name>
  <category>
   Shoes
  </category>
  <size>
   L
  </size>
  <color>
   Желтый
  </color>
  <material>
   Нейлон
  </material>
  <price>
   328228
  </price>
  <rating>
   3.88
  </rating>
  <reviews>
   168785
  </reviews>
 </clothing>
 <clothing>
  <id>
   989614775
  </id>
  <name>
   Brooks Shoes S-9300
  </name>
  <category>
   Shoes
  </category>
  <size>
   M
  </size>
  <color>
   Фиолетовый
  </color>
  <material>
   Шерсть
  </material>
  <price>
   278168
  </price>
  <rating>
   4.38
  </rating>
  <reviews>
   36663
  </reviews>
  <new>
   -
  </new>
  <sporty>
   no
  </sporty>
 </clothing>
 <clothing>
  <id>
   321943684
  </id>
  <name>
   Adidas Blouse X-4050
  </name>
  <category>
   Blouse
  </category>
  <size>
   S
  </size>
  <color>
   Оранжевый
  </color>
  <material>
   Полиэстер
  </material>
  <price>
   321746
  </price>
  <rating>
   4.51
  </rating>
  <reviews>
   19004
  </reviews>
  <new>
   +
  </new>
  <exclusive>
   no
  </exclusive>
 </clothing>
 <clothing>
  <id>
   271510388
  </id>
  <name>
   Brooks Skirt P-1536
  </name>
  <category>
   Skirt
  </category>
  <size>
   XXL
  </size>
  <color>
   Оранжевый
  </color>
  <material>
   Шелк
  </material>
  <price>
   455522
  </price>
  <rating>
   3.11
  </rating>
  <reviews>
   25338
  </reviews>
  <new>
   -
  </new>
 </clothing>
 <clothing>
  <id>
   239638024
  </id>
  <name>
   Converse Socks Z-5918
  </name>
  <category>
   Socks
  </category>
  <size>
   XL
  </size>
  <color>
   Фиолетовый
  </color>
  <material>
   Вискоза
  </material>
  <price>
   703517
  </price>
  <rating>
   2.61
  </rating>
  <reviews>
   937716
  </reviews>
  <exclusive>
   no
  </exclusive>
  <sporty>
   yes
  </sporty>
 </clothing>
 <clothing>
  <id>
   514416408
  </id>
  <name>
   Converse Hat H-7111
  </name>
  <category>
   Hat
  </category>
  <size>
   S
  </size>
  <color>
   Оранжевый
  </color>
  <material>
   Полиэстер
  </material>
  <price>
   372301
  </price>
  <rating>
   1.06
  </rating>
  <reviews>
   241742
  </reviews>
  <new>
   -
  </new>
  <exclusive>
   no
  </exclusive>
 </clothing>
 <clothing>
  <id>
   448373136
  </id>
  <name>
   Under Armour Shirt S-2686
  </name>
  <category>
   Shirt
  </category>
  <size>
   S
  </size>
  <color>
   Синий
  </color>
  <material>
   Хлопок
  </material>
  <price>
   455015
  </price>
  <rating>
   1.65
  </rating>
  <reviews>
   438439
  </reviews>
  <new>
   +
  </new>
  <exclusive>
   yes
  </exclusive>
  <sporty>
   no
  </sporty>
 </clothing>
 <clothing>
  <id>
   418931857
  </id>
  <name>
   Under Armour Skirt O-7367
  </name>
  <category>
   Skirt
  </category>
  <size>
   S
  </size>
  <color>
   Желтый
  </color>
  <material>
   Лен
  </material>
  <price>
   952668
  </price>
  <rating>
   3.81
  </rating>
  <reviews>
   95194
  </reviews>
  <exclusive>
   no
  </exclusive>
  <sporty>
   yes
  </sporty>
 </clothing>
 <clothing>
  <id>
   519185637
  </id>
  <name>
   PleinSport Sweater N-9552
  </name>
  <category>
   Sweater
  </category>
  <size>
   XL
  </size>
  <color>
   Зеленый
  </color>
  <material>
   Кожа
  </material>
  <price>
   483496
  </price>
  <rating>
   1.07
  </rating>
  <reviews>
   232838
  </reviews>
  <new>
   +
  </new>
 </clothing>
 <clothing>
  <id>
   762689324
  </id>
  <name>
   Asics Dress F-6178
  </name>
  <category>
   Dress
  </category>
  <size>
   XL
  </size>
  <color>
   Зеленый
  </color>
  <material>
   Шелк
  </material>
  <price>
   285524
  </price>
  <rating>
   4.06
  </rating>
  <reviews>
   716891
  </reviews>
  <exclusive>
   yes
  </exclusive>
  <sporty>
   yes
  </sporty>
 </clothing>
 <clothing>
  <id>
   513834120
  </id>
  <name>
   Addidas Handbags U-1727
  </name>
  <category>
   Handbags
  </category>
  <size>
   M
  </size>
  <color>
   Зеленый
  </color>
  <material>
   Кожа
  </material>
  <price>
   771932
  </price>
  <rating>
   4.6
  </rating>
  <reviews>
   153334
  </reviews>
  <exclusive>
   no
  </exclusive>
 </clothing>
 <clothing>
  <id>
   663800276
  </id>
  <name>
   New Balance Gloves M-4872
  </name>
  <category>
   Gloves
  </category>
  <size>
   S
  </size>
  <color>
   Фиолетовый
  </color>
  <material>
   Нейлон
  </material>
  <price>
   550657
  </price>
  <rating>
   3.84
  </rating>
  <reviews>
   981504
  </reviews>
  <new>
   -
  </new>
  <sporty>
   no
  </sporty>
 </clothing>
 <clothing>
  <id>
   948034238
  </id>
  <name>
   Converse Jacket C-8117
  </name>
  <category>
   Jacket
  </category>
  <size>
   XXL
  </size>
  <color>
   Фиолетовый
  </color>
  <material>
   Хлопок
  </material>
  <price>
   905788
  </price>
  <rating>
   1.11
  </rating>
  <reviews>
   862072
  </reviews>
 </clothing>
 <clothing>
  <id>
   902392309
  </id>
  <name>
   DC Socks I-3069
  </name>
  <category>
   Socks
  </category>
  <size>
   L
  </size>
  <color>
   Фиолетовый
  </color>
  <material>
   Шерсть
  </material>
  <price>
   997121
  </price>
  <rating>
   1.2
  </rating>
  <reviews>
   5384
  </reviews>
  <exclusive>
   yes
  </exclusive>
  <sporty>
   yes
  </sporty>
 </clothing>
 <clothing>
  <id>
   131230136
  </id>
  <name>
   Asics Skirt W-6037
  </name>
  <category>
   Skirt
  </category>
  <size>
   XXL
  </size>
  <color>
   Фиолетовый
  </color>
  <material>
   Кожа
  </material>
  <price>
   680019
  </price>
  <rating>
   2.6
  </rating>
  <reviews>
   770018
  </reviews>
  <sporty>
   yes
  </sporty>
 </clothing>
 <clothing>
  <id>
   654941595
  </id>
  <name>
   Asics Pants D-7761
  </name>
  <category>
   Pants
  </category>
  <size>
   M
  </size>
  <color>
   Синий
  </color>
  <material>
   Шелк
  </material>
  <price>
   365365
  </price>
  <rating>
   1.09
  </rating>
  <reviews>
   333448
  </reviews>
  <new>
   +
  </new>
  <exclusive>
   yes
  </exclusive>
  <sporty>
   no
  </sporty>
 </clothing>
 <clothing>
  <id>
   179811738
  </id>
  <name>
   DC Sweater M-1658
  </name>
  <category>
   Sweater
  </category>
  <size>
   M
  </size>
  <color>
   Синий
  </color>
  <material>
   Шерсть
  </material>
  <price>
   841431
  </price>
  <rating>
   2.84
  </rating>
  <reviews>
   432202
  </reviews>
  <new>
   +
  </new>
  <exclusive>
   no
  </exclusive>
  <sporty>
   no
  </sporty>
 </clothing>
 <clothing>
  <id>
   550268119
  </id>
  <name>
   Lacoste Belts H-6015
  </name>
  <category>
   Belts
  </category>
  <size>
   L
  </size>
  <color>
   Оранжевый
  </color>
  <material>
   Хлопок
  </material>
  <price>
   867087
  </price>
  <rating>
   1.48
  </rating>
  <reviews>
   542907
  </reviews>
  <new>
   +
  </new>
 </clothing>
 <clothing>
  <id>
   328605766
  </id>
  <name>
   Converse Blouse Z-9477
  </name>
  <category>
   Blouse
  </category>
  <size>
   S
  </size>
  <color>
   Фиолетовый
  </color>
  <material>
   Лен
  </material>
  <price>
   250907
  </price>
  <rating>
   1.64
  </rating>
  <reviews>
   621858
  </reviews>
  <new>
   -
  </new>
  <exclusive>
   yes
  </exclusive>
  <sporty>
   no
  </sporty>
 </clothing>
 <clothing>
  <id>
   845662536
  </id>
  <name>
   Brooks Shirt I-3089
  </name>
  <category>
   Shirt
  </category>
  <size>
   S
  </size>
  <color>
   Красный
  </color>
  <material>
   Полиэстер
  </material>
  <price>
   590274
  </price>
  <rating>
   4.0
  </rating>
  <reviews>
   954335
  </reviews>
  <new>
   -
  </new>
 </clothing>
 <clothing>
  <id>
   758183490
  </id>
  <name>
   Addidas Jacket I-7897
  </name>
  <category>
   Jacket
  </category>
  <size>
   M
  </size>
  <color>
   Синий
  </color>
  <material>
   Кожа
  </material>
  <price>
   927640
  </price>
  <rating>
   4.51
  </rating>
  <reviews>
   592834
  </reviews>
  <new>
   +
  </new>
  <exclusive>
   no
  </exclusive>
  <sporty>
   no
  </sporty>
 </clothing>
</clothing-items>
