<?xml version="1.0" encoding="utf-8"?>
<clothing-items>
 <clothing>
  <id>
   134912886
  </id>
  <name>
   Lacoste Sweater B-4744
  </name>
  <category>
   Sweater
  </category>
  <size>
   XXL
  </size>
  <color>
   Оранжевый
  </color>
  <material>
   Кожа
  </material>
  <price>
   135191
  </price>
  <rating>
   4.56
  </rating>
  <reviews>
   103197
  </reviews>
  <new>
   -
  </new>
  <exclusive>
   yes
  </exclusive>
 </clothing>
 <clothing>
  <id>
   421452572
  </id>
  <name>
   Asics Belts X-8891
  </name>
  <category>
   Belts
  </category>
  <size>
   M
  </size>
  <color>
   Оранжевый
  </color>
  <material>
   Полиэстер
  </material>
  <price>
   523538
  </price>
  <rating>
   3.99
  </rating>
  <reviews>
   524944
  </reviews>
  <new>
   -
  </new>
  <exclusive>
   yes
  </exclusive>
  <sporty>
   yes
  </sporty>
 </clothing>
 <clothing>
  <id>
   460558999
  </id>
  <name>
   PleinSport Dress L-8143
  </name>
  <category>
   Dress
  </category>
  <size>
   S
  </size>
  <color>
   Желтый
  </color>
  <material>
   Вискоза
  </material>
  <price>
   602885
  </price>
  <rating>
   1.36
  </rating>
  <reviews>
   273110
  </reviews>
  <new>
   -
  </new>
  <exclusive>
   no
  </exclusive>
  <sporty>
   yes
  </sporty>
 </clothing>
 <clothing>
  <id>
   498871462
  </id>
  <name>
   Lacoste Pants Z-6571
  </name>
  <category>
   Pants
  </category>
  <size>
   XL
  </size>
  <color>
   Желтый
  </color>
  <material>
   Вискоза
  </material>
  <price>
   246276
  </price>
  <rating>
   2.82
  </rating>
  <reviews>
   175736
  </reviews>
  <sporty>
   yes
  </sporty>
 </clothing>
 <clothing>
  <id>
   968205253
  </id>
  <name>
   DC Sweater N-6115
  </name>
  <category>
   Sweater
  </category>
  <size>
   M
  </size>
  <color>
   Зеленый
  </color>
  <material>
   Вискоза
  </material>
  <price>
   362759
  </price>
  <rating>
   3.12
  </rating>
  <reviews>
   262551
  </reviews>
  <exclusive>
   no
  </exclusive>
 </clothing>
 <clothing>
  <id>
   929563281
  </id>
  <name>
   Addidas Jeans Y-7597
  </name>
  <category>
   Jeans
  </category>
  <size>
   XL
  </size>
  <color>
   Фиолетовый
  </color>
  <material>
   Кожа
  </material>
  <price>
   986715
  </price>
  <rating>
   2.47
  </rating>
  <reviews>
   76553
  </reviews>
  <new>
   +
  </new>
  <sporty>
   yes
  </sporty>
 </clothing>
 <clothing>
  <id>
   260632978
  </id>
  <name>
   Vans Pants G-9091
  </name>
  <category>
   Pants
  </category>
  <size>
   L
  </size>
  <color>
   Красный
  </color>
  <material>
   Хлопок
  </material>
  <price>
   226993
  </price>
  <rating>
   2.2
  </rating>
  <reviews>
   339477
  </reviews>
  <new>
   +
  </new>
  <sporty>
   no
  </sporty>
 </clothing>
 <clothing>
  <id>
   614011982
  </id>
  <name>
   Nike Belts I-3659
  </name>
  <category>
   Belts
  </category>
  <size>
   S
  </size>
  <color>
   Зеленый
  </color>
  <material>
   Полиэстер
  </material>
  <price>
   217121
  </price>
  <rating>
   4.9
  </rating>
  <reviews>
   83143
  </reviews>
  <sporty>
   no
  </sporty>
 </clothing>
 <clothing>
  <id>
   780583899
  </id>
  <name>
   Ellesse Shirt I-1069
  </name>
  <category>
   Shirt
  </category>
  <size>
   M
  </size>
  <color>
   Оранжевый
  </color>
  <material>
   Кожа
  </material>
  <price>
   420179
  </price>
  <rating>
   4.35
  </rating>
  <reviews>
   529026
  </reviews>
  <new>
   +
  </new>
  <exclusive>
   yes
  </exclusive>
  <sporty>
   no
  </sporty>
 </clothing>
 <clothing>
  <id>
   290837809
  </id>
  <name>
   PleinSport Hat J-3197
  </name>
  <category>
   Hat
  </category>
  <size>
   M
  </size>
  <color>
   Голубой
  </color>
  <material>
   Полиэстер
  </material>
  <price>
   282711
  </price>
  <rating>
   3.82
  </rating>
  <reviews>
   618859
  </reviews>
  <new>
   -
  </new>
  <sporty>
   no
  </sporty>
 </clothing>
 <clothing>
  <id>
   309724178
  </id>
  <name>
   Brooks Shoes E-7872
  </name>
  <category>
   Shoes
  </category>
  <size>
   XL
  </size>
  <color>
   Фиолетовый
  </color>
  <material>
   Вискоза
  </material>
  <price>
   491505
  </price>
  <rating>
   2.06
  </rating>
  <reviews>
   371246
  </reviews>
  <new>
   +
  </new>
  <exclusive>
   yes
  </exclusive>
  <sporty>
   yes
  </sporty>
 </clothing>
 <clothing>
  <id>
   715192644
  </id>
  <name>
   DC Pants Y-6033
  </name>
  <category>
   Pants
  </category>
  <size>
   XL
  </size>
  <color>
   Зеленый
  </color>
  <material>
   Полиэстер
  </material>
  <price>
   899319
  </price>
  <rating>
   1.12
  </rating>
  <reviews>
   946104
  </reviews>
  <sporty>
   no
  </sporty>
 </clothing>
 <clothing>
  <id>
   982608591
  </id>
  <name>
   Fila Blouse N-3287
  </name>
  <category>
   Blouse
  </category>
  <size>
   S
  </size>
  <color>
   Голубой
  </color>
  <material>
   Полиэстер
  </material>
  <price>
   546547
  </price>
  <rating>
   3.29
  </rating>
  <reviews>
   44977
  </reviews>
  <new>
   +
  </new>
  <sporty>
   yes
  </sporty>
 </clothing>
 <clothing>
  <id>
   178461181
  </id>
  <name>
   Reebok Shirt Z-7355
  </name>
  <category>
   Shirt
  </category>
  <size>
   S
  </size>
  <color>
   Зеленый
  </color>
  <material>
   Полиэстер
  </material>
  <price>
   118708
  </price>
  <rating>
   1.56
  </rating>
  <reviews>
   982695
  </reviews>
  <exclusive>
   no
  </exclusive>
 </clothing>
 <clothing>
  <id>
   526514134
  </id>
  <name>
   Ellesse Hat T-2107
  </name>
  <category>
   Hat
  </category>
  <size>
   XL
  </size>
  <color>
   Зеленый
  </color>
  <material>
   Вискоза
  </material>
  <price>
   373202
  </price>
  <rating>
   2.83
  </rating>
  <reviews>
   429325
  </reviews>
  <exclusive>
   yes
  </exclusive>
  <sporty>
   no
  </sporty>
 </clothing>
 <clothing>
  <id>
   170274578
  </id>
  <name>
   Puma T-shirt U-4897
  </name>
  <category>
   T-shirt
  </category>
  <size>
   M
  </size>
  <color>
   Оранжевый
  </color>
  <material>
   Шелк
  </material>
  <price>
   932040
  </price>
  <rating>
   1.57
  </rating>
  <reviews>
   950248
  </reviews>
  <new>
   +
  </new>
  <exclusive>
   no
  </exclusive>
  <sporty>
   no
  </sporty>
 </clothing>
 <clothing>
  <id>
   735905899
  </id>
  <name>
   PleinSport Belts B-6266
  </name>
  <category>
   Belts
  </category>
  <size>
   XXL
  </size>
  <color>
   Голубой
  </color>
  <material>
   Шерсть
  </material>
  <price>
   809262
  </price>
  <rating>
   1.35
  </rating>
  <reviews>
   523256
  </reviews>
  <new>
   +
  </new>
 </clothing>
 <clothing>
  <id>
   287172464
  </id>
  <name>
   Under Armour Handbags V-9660
  </name>
  <category>
   Handbags
  </category>
  <size>
   L
  </size>
  <color>
   Голубой
  </color>
  <material>
   Хлопок
  </material>
  <price>
   536594
  </price>
  <rating>
   4.86
  </rating>
  <reviews>
   124513
  </reviews>
  <new>
   +
  </new>
  <exclusive>
   no
  </exclusive>
 </clothing>
 <clothing>
  <id>
   345237886
  </id>
  <name>
   Under Armour Dress P-6692
  </name>
  <category>
   Dress
  </category>
  <size>
   M
  </size>
  <color>
   Голубой
  </color>
  <material>
   Шерсть
  </material>
  <price>
   104948
  </price>
  <rating>
   3.83
  </rating>
  <reviews>
   299157
  </reviews>
  <exclusive>
   no
  </exclusive>
 </clothing>
 <clothing>
  <id>
   135830384
  </id>
  <name>
   Ellesse Jeans S-2384
  </name>
  <category>
   Jeans
  </category>
  <size>
   XL
  </size>
  <color>
   Красный
  </color>
  <material>
   Нейлон
  </material>
  <price>
   296857
  </price>
  <rating>
   2.72
  </rating>
  <reviews>
   173351
  </reviews>
 </clothing>
 <clothing>
  <id>
   583811870
  </id>
  <name>
   Vans Sweater L-9977
  </name>
  <category>
   Sweater
  </category>
  <size>
   M
  </size>
  <color>
   Голубой
  </color>
  <material>
   Хлопок
  </material>
  <price>
   702657
  </price>
  <rating>
   4.46
  </rating>
  <reviews>
   656745
  </reviews>
  <new>
   +
  </new>
  <exclusive>
   yes
  </exclusive>
 </clothing>
 <clothing>
  <id>
   799276099
  </id>
  <name>
   Lacoste Pants Z-1242
  </name>
  <category>
   Pants
  </category>
  <size>
   S
  </size>
  <color>
   Оранжевый
  </color>
  <material>
   Шелк
  </material>
  <price>
   310920
  </price>
  <rating>
   4.46
  </rating>
  <reviews>
   183576
  </reviews>
  <new>
   -
  </new>
  <exclusive>
   no
  </exclusive>
  <sporty>
   yes
  </sporty>
 </clothing>
 <clothing>
  <id>
   432755531
  </id>
  <name>
   Fila Gloves K-1893
  </name>
  <category>
   Gloves
  </category>
  <size>
   L
  </size>
  <color>
   Зеленый
  </color>
  <material>
   Кожа
  </material>
  <price>
   943001
  </price>
  <rating>
   3.36
  </rating>
  <reviews>
   395161
  </reviews>
  <new>
   +
  </new>
  <sporty>
   yes
  </sporty>
 </clothing>
 <clothing>
  <id>
   984242757
  </id>
  <name>
   Ellesse Blouse H-5114
  </name>
  <category>
   Blouse
  </category>
  <size>
   S
  </size>
  <color>
   Фиолетовый
  </color>
  <material>
   Шелк
  </material>
  <price>
   365552
  </price>
  <rating>
   3.99
  </rating>
  <reviews>
   530918
  </reviews>
  <exclusive>
   no
  </exclusive>
  <sporty>
   no
  </sporty>
 </clothing>
 <clothing>
  <id>
   118687009
  </id>
  <name>
   New Balance Umbrellas L-9310
  </name>
  <category>
   Umbrellas
  </category>
  <size>
   M
  </size>
  <color>
   Синий
  </color>
  <material>
   Вискоза
  </material>
  <price>
   366462
  </price>
  <rating>
   4.74
  </rating>
  <reviews>
   671329
  </reviews>
  <exclusive>
   yes
  </exclusive>
  <sporty>
   no
  </sporty>
 </clothing>
 <clothing>
  <id>
   774277573
  </id>
  <name>
   PleinSport Umbrellas I-4340
  </name>
  <category>
   Umbrellas
  </category>
  <size>
   XXL
  </size>
  <color>
   Желтый
  </color>
  <material>
   Хлопок
  </material>
  <price>
   125195
  </price>
  <rating>
   1.87
  </rating>
  <reviews>
   176112
  </reviews>
  <new>
   +
  </new>
  <exclusive>
   no
  </exclusive>
  <sporty>
   no
  </sporty>
 </clothing>
 <clothing>
  <id>
   214592236
  </id>
  <name>
   Converse Sweater V-8147
  </name>
  <category>
   Sweater
  </category>
  <size>
   M
  </size>
  <color>
   Красный
  </color>
  <material>
   Кожа
  </material>
  <price>
   267429
  </price>
  <rating>
   4.42
  </rating>
  <reviews>
   597994
  </reviews>
  <sporty>
   no
  </sporty>
 </clothing>
 <clothing>
  <id>
   635219621
  </id>
  <name>
   Addidas Sweater Y-2215
  </name>
  <category>
   Sweater
  </category>
  <size>
   L
  </size>
  <color>
   Красный
  </color>
  <material>
   Полиэстер
  </material>
  <price>
   323772
  </price>
  <rating>
   2.22
  </rating>
  <reviews>
   213364
  </reviews>
  <new>
   -
  </new>
  <exclusive>
   no
  </exclusive>
 </clothing>
 <clothing>
  <id>
   335819496
  </id>
  <name>
   Ellesse Sweater I-3505
  </name>
  <category>
   Sweater
  </category>
  <size>
   M
  </size>
  <color>
   Желтый
  </color>
  <material>
   Хлопок
  </material>
  <price>
   553671
  </price>
  <rating>
   4.3
  </rating>
  <reviews>
   128847
  </reviews>
  <new>
   -
  </new>
  <exclusive>
   no
  </exclusive>
 </clothing>
 <clothing>
  <id>
   420114519
  </id>
  <name>
   New Balance Jeans E-7119
  </name>
  <category>
   Jeans
  </category>
  <size>
   XXL
  </size>
  <color>
   Желтый
  </color>
  <material>
   Лен
  </material>
  <price>
   559014
  </price>
  <rating>
   2.98
  </rating>
  <reviews>
   558993
  </reviews>
  <sporty>
   no
  </sporty>
 </clothing>
 <clothing>
  <id>
   987094193
  </id>
  <name>
   Puma Pants O-7361
  </name>
  <category>
   Pants
  </category>
  <size>
   S
  </size>
  <color>
   Желтый
  </color>
  <material>
   Хлопок
  </material>
  <price>
   500294
  </price>
  <rating>
   2.01
  </rating>
  <reviews>
   24362
  </reviews>
  <exclusive>
   no
  </exclusive>
 </clothing>
 <clothing>
  <id>
   951698286
  </id>
  <name>
   Under Armour Skirt D-2584
  </name>
  <category>
   Skirt
  </category>
  <size>
   L
  </size>
  <color>
   Голубой
  </color>
  <material>
   Шелк
  </material>
  <price>
   487853
  </price>
  <rating>
   3.21
  </rating>
  <reviews>
   739530
  </reviews>
  <exclusive>
   no
  </exclusive>
  <sporty>
   no
  </sporty>
 </clothing>
 <clothing>
  <id>
   728084736
  </id>
  <name>
   Vans Gloves H-2671
  </name>
  <category>
   Gloves
  </category>
  <size>
   M
  </size>
  <color>
   Фиолетовый
  </color>
  <material>
   Шелк
  </material>
  <price>
   859673
  </price>
  <rating>
   4.79
  </rating>
  <reviews>
   369653
  </reviews>
  <new>
   +
  </new>
  <exclusive>
   no
  </exclusive>
  <sporty>
   no
  </sporty>
 </clothing>
 <clothing>
  <id>
   233881182
  </id>
  <name>
   Puma Handbags I-7574
  </name>
  <category>
   Handbags
  </category>
  <size>
   XXL
  </size>
  <color>
   Синий
  </color>
  <material>
   Полиэстер
  </material>
  <price>
   557592
  </price>
  <rating>
   1.22
  </rating>
  <reviews>
   441253
  </reviews>
  <new>
   -
  </new>
  <exclusive>
   yes
  </exclusive>
  <sporty>
   no
  </sporty>
 </clothing>
</clothing-items>
