<?xml version="1.0" encoding="utf-8"?>
<clothing-items>
 <clothing>
  <id>
   658328973
  </id>
  <name>
   Lacoste Skirt I-2637
  </name>
  <category>
   Skirt
  </category>
  <size>
   XXL
  </size>
  <color>
   Оранжевый
  </color>
  <material>
   Хлопок
  </material>
  <price>
   281843
  </price>
  <rating>
   1.19
  </rating>
  <reviews>
   187150
  </reviews>
  <new>
   -
  </new>
  <sporty>
   yes
  </sporty>
 </clothing>
 <clothing>
  <id>
   804741690
  </id>
  <name>
   Reebok Jeans O-9128
  </name>
  <category>
   Jeans
  </category>
  <size>
   M
  </size>
  <color>
   Оранжевый
  </color>
  <material>
   Хлопок
  </material>
  <price>
   432585
  </price>
  <rating>
   4.42
  </rating>
  <reviews>
   97517
  </reviews>
  <new>
   -
  </new>
  <sporty>
   yes
  </sporty>
 </clothing>
 <clothing>
  <id>
   452489317
  </id>
  <name>
   Under Armour Sweater X-3491
  </name>
  <category>
   Sweater
  </category>
  <size>
   XL
  </size>
  <color>
   Фиолетовый
  </color>
  <material>
   Хлопок
  </material>
  <price>
   486285
  </price>
  <rating>
   2.06
  </rating>
  <reviews>
   50746
  </reviews>
  <exclusive>
   yes
  </exclusive>
  <sporty>
   yes
  </sporty>
 </clothing>
 <clothing>
  <id>
   320836201
  </id>
  <name>
   Ellesse Gloves N-5024
  </name>
  <category>
   Gloves
  </category>
  <size>
   M
  </size>
  <color>
   Фиолетовый
  </color>
  <material>
   Шелк
  </material>
  <price>
   121103
  </price>
  <rating>
   3.49
  </rating>
  <reviews>
   162181
  </reviews>
 </clothing>
 <clothing>
  <id>
   751240416
  </id>
  <name>
   Asics Jacket N-3391
  </name>
  <category>
   Jacket
  </category>
  <size>
   M
  </size>
  <color>
   Зеленый
  </color>
  <material>
   Шерсть
  </material>
  <price>
   457360
  </price>
  <rating>
   4.98
  </rating>
  <reviews>
   480366
  </reviews>
  <new>
   +
  </new>
 </clothing>
 <clothing>
  <id>
   913515589
  </id>
  <name>
   Reebok Shoes I-2469
  </name>
  <category>
   Shoes
  </category>
  <size>
   XXL
  </size>
  <color>
   Оранжевый
  </color>
  <material>
   Шелк
  </material>
  <price>
   612189
  </price>
  <rating>
   3.04
  </rating>
  <reviews>
   276457
  </reviews>
 </clothing>
 <clothing>
  <id>
   264437497
  </id>
  <name>
   Nike Jeans B-7601
  </name>
  <category>
   Jeans
  </category>
  <size>
   M
  </size>
  <color>
   Голубой
  </color>
  <material>
   Кожа
  </material>
  <price>
   971720
  </price>
  <rating>
   3.54
  </rating>
  <reviews>
   823685
  </reviews>
  <exclusive>
   yes
  </exclusive>
  <sporty>
   yes
  </sporty>
 </clothing>
 <clothing>
  <id>
   247805150
  </id>
  <name>
   Lacoste Jeans F-6652
  </name>
  <category>
   Jeans
  </category>
  <size>
   XL
  </size>
  <color>
   Красный
  </color>
  <material>
   Вискоза
  </material>
  <price>
   604141
  </price>
  <rating>
   3.74
  </rating>
  <reviews>
   396693
  </reviews>
  <sporty>
   no
  </sporty>
 </clothing>
 <clothing>
  <id>
   749126936
  </id>
  <name>
   Reebok Handbags X-7011
  </name>
  <category>
   Handbags
  </category>
  <size>
   S
  </size>
  <color>
   Красный
  </color>
  <material>
   Нейлон
  </material>
  <price>
   916917
  </price>
  <rating>
   3.55
  </rating>
  <reviews>
   981720
  </reviews>
  <exclusive>
   no
  </exclusive>
  <sporty>
   yes
  </sporty>
 </clothing>
 <clothing>
  <id>
   947462937
  </id>
  <name>
   Vans Gloves E-8793
  </name>
  <category>
   Gloves
  </category>
  <size>
   S
  </size>
  <color>
   Желтый
  </color>
  <material>
   Лен
  </material>
  <price>
   500822
  </price>
  <rating>
   1.89
  </rating>
  <reviews>
   145257
  </reviews>
  <new>
   +
  </new>
  <exclusive>
   no
  </exclusive>
  <sporty>
   yes
  </sporty>
 </clothing>
 <clothing>
  <id>
   971369086
  </id>
  <name>
   Converse Shirt D-2280
  </name>
  <category>
   Shirt
  </category>
  <size>
   S
  </size>
  <color>
   Синий
  </color>
  <material>
   Шерсть
  </material>
  <price>
   527436
  </price>
  <rating>
   3.32
  </rating>
  <reviews>
   788573
  </reviews>
  <exclusive>
   yes
  </exclusive>
  <sporty>
   no
  </sporty>
 </clothing>
 <clothing>
  <id>
   333805808
  </id>
  <name>
   PleinSport Sweater U-8598
  </name>
  <category>
   Sweater
  </category>
  <size>
   XXL
  </size>
  <color>
   Красный
  </color>
  <material>
   Нейлон
  </material>
  <price>
   555743
  </price>
  <rating>
   1.12
  </rating>
  <reviews>
   555712
  </reviews>
  <exclusive>
   no
  </exclusive>
 </clothing>
 <clothing>
  <id>
   901317475
  </id>
  <name>
   Puma Handbags X-1544
  </name>
  <category>
   Handbags
  </category>
  <size>
   XL
  </size>
  <color>
   Синий
  </color>
  <material>
   Нейлон
  </material>
  <price>
   198108
  </price>
  <rating>
   1.53
  </rating>
  <reviews>
   847757
  </reviews>
  <sporty>
   no
  </sporty>
 </clothing>
 <clothing>
  <id>
   243151688
  </id>
  <name>
   Puma T-shirt Y-2501
  </name>
  <category>
   T-shirt
  </category>
  <size>
   S
  </size>
  <color>
   Желтый
  </color>
  <material>
   Шерсть
  </material>
  <price>
   692081
  </price>
  <rating>
   4.0
  </rating>
  <reviews>
   507492
  </reviews>
  <new>
   -
  </new>
 </clothing>
</clothing-items>
