<?xml version="1.0" encoding="utf-8"?>
<clothing-items>
 <clothing>
  <id>
   101281890
  </id>
  <name>
   Lacoste Dress I-2461
  </name>
  <category>
   Dress
  </category>
  <size>
   M
  </size>
  <color>
   Оранжевый
  </color>
  <material>
   Шерсть
  </material>
  <price>
   348053
  </price>
  <rating>
   3.14
  </rating>
  <reviews>
   742547
  </reviews>
  <new>
   +
  </new>
  <exclusive>
   no
  </exclusive>
  <sporty>
   no
  </sporty>
 </clothing>
 <clothing>
  <id>
   821140216
  </id>
  <name>
   Addidas T-shirt T-2694
  </name>
  <category>
   T-shirt
  </category>
  <size>
   XXL
  </size>
  <color>
   Фиолетовый
  </color>
  <material>
   Вискоза
  </material>
  <price>
   519529
  </price>
  <rating>
   2.21
  </rating>
  <reviews>
   133720
  </reviews>
  <new>
   -
  </new>
 </clothing>
 <clothing>
  <id>
   946365092
  </id>
  <name>
   Brooks Shoes C-9452
  </name>
  <category>
   Shoes
  </category>
  <size>
   XXL
  </size>
  <color>
   Фиолетовый
  </color>
  <material>
   Кожа
  </material>
  <price>
   832912
  </price>
  <rating>
   2.3
  </rating>
  <reviews>
   256801
  </reviews>
  <sporty>
   no
  </sporty>
 </clothing>
 <clothing>
  <id>
   650058990
  </id>
  <name>
   Ellesse Pants C-6348
  </name>
  <category>
   Pants
  </category>
  <size>
   L
  </size>
  <color>
   Оранжевый
  </color>
  <material>
   Кожа
  </material>
  <price>
   754161
  </price>
  <rating>
   3.12
  </rating>
  <reviews>
   808493
  </reviews>
  <new>
   -
  </new>
  <exclusive>
   no
  </exclusive>
 </clothing>
 <clothing>
  <id>
   299286474
  </id>
  <name>
   Nike Shirt B-2454
  </name>
  <category>
   Shirt
  </category>
  <size>
   S
  </size>
  <color>
   Фиолетовый
  </color>
  <material>
   Кожа
  </material>
  <price>
   164957
  </price>
  <rating>
   2.79
  </rating>
  <reviews>
   610546
  </reviews>
  <exclusive>
   yes
  </exclusive>
  <sporty>
   no
  </sporty>
 </clothing>
 <clothing>
  <id>
   801083000
  </id>
  <name>
   Asics Socks O-9251
  </name>
  <category>
   Socks
  </category>
  <size>
   XXL
  </size>
  <color>
   Желтый
  </color>
  <material>
   Шерсть
  </material>
  <price>
   609285
  </price>
  <rating>
   4.0
  </rating>
  <reviews>
   565576
  </reviews>
  <new>
   -
  </new>
  <sporty>
   yes
  </sporty>
 </clothing>
 <clothing>
  <id>
   901180540
  </id>
  <name>
   Asics Dress V-5552
  </name>
  <category>
   Dress
  </category>
  <size>
   L
  </size>
  <color>
   Желтый
  </color>
  <material>
   Лен
  </material>
  <price>
   795124
  </price>
  <rating>
   4.99
  </rating>
  <reviews>
   775637
  </reviews>
  <new>
   -
  </new>
  <exclusive>
   yes
  </exclusive>
  <sporty>
   yes
  </sporty>
 </clothing>
 <clothing>
  <id>
   660744812
  </id>
  <name>
   Addidas Gloves L-8737
  </name>
  <category>
   Gloves
  </category>
  <size>
   S
  </size>
  <color>
   Красный
  </color>
  <material>
   Кожа
  </material>
  <price>
   921162
  </price>
  <rating>
   4.31
  </rating>
  <reviews>
   378406
  </reviews>
  <new>
   -
  </new>
 </clothing>
 <clothing>
  <id>
   350446318
  </id>
  <name>
   Converse Handbags W-1560
  </name>
  <category>
   Handbags
  </category>
  <size>
   S
  </size>
  <color>
   Красный
  </color>
  <material>
   Шелк
  </material>
  <price>
   570360
  </price>
  <rating>
   1.74
  </rating>
  <reviews>
   693895
  </reviews>
  <new>
   +
  </new>
  <exclusive>
   yes
  </exclusive>
  <sporty>
   no
  </sporty>
 </clothing>
 <clothing>
  <id>
   471158455
  </id>
  <name>
   New Balance Hat A-8820
  </name>
  <category>
   Hat
  </category>
  <size>
   XL
  </size>
  <color>
   Голубой
  </color>
  <material>
   Шерсть
  </material>
  <price>
   998779
  </price>
  <rating>
   3.37
  </rating>
  <reviews>
   888596
  </reviews>
  <exclusive>
   no
  </exclusive>
 </clothing>
 <clothing>
  <id>
   453032349
  </id>
  <name>
   Asics T-shirt V-7070
  </name>
  <category>
   T-shirt
  </category>
  <size>
   XL
  </size>
  <color>
   Голубой
  </color>
  <material>
   Нейлон
  </material>
  <price>
   841115
  </price>
  <rating>
   2.64
  </rating>
  <reviews>
   656378
  </reviews>
  <new>
   +
  </new>
  <exclusive>
   no
  </exclusive>
  <sporty>
   yes
  </sporty>
 </clothing>
 <clothing>
  <id>
   423147798
  </id>
  <name>
   Ellesse Umbrellas E-2329
  </name>
  <category>
   Umbrellas
  </category>
  <size>
   M
  </size>
  <color>
   Желтый
  </color>
  <material>
   Лен
  </material>
  <price>
   369441
  </price>
  <rating>
   4.86
  </rating>
  <reviews>
   679365
  </reviews>
  <sporty>
   yes
  </sporty>
 </clothing>
 <clothing>
  <id>
   636902189
  </id>
  <name>
   PleinSport Skirt K-1603
  </name>
  <category>
   Skirt
  </category>
  <size>
   XXL
  </size>
  <color>
   Оранжевый
  </color>
  <material>
   Кожа
  </material>
  <price>
   588453
  </price>
  <rating>
   1.96
  </rating>
  <reviews>
   936346
  </reviews>
  <new>
   +
  </new>
  <sporty>
   no
  </sporty>
 </clothing>
</clothing-items>
