<?xml version="1.0" encoding="utf-8"?>
<clothing-items>
 <clothing>
  <id>
   376784207
  </id>
  <name>
   Addidas Blouse P-3839
  </name>
  <category>
   Blouse
  </category>
  <size>
   XXL
  </size>
  <color>
   Оранжевый
  </color>
  <material>
   Шерсть
  </material>
  <price>
   695860
  </price>
  <rating>
   1.77
  </rating>
  <reviews>
   661200
  </reviews>
  <exclusive>
   no
  </exclusive>
 </clothing>
 <clothing>
  <id>
   879910764
  </id>
  <name>
   Addidas Skirt F-6846
  </name>
  <category>
   Skirt
  </category>
  <size>
   XL
  </size>
  <color>
   Фиолетовый
  </color>
  <material>
   Шерсть
  </material>
  <price>
   656298
  </price>
  <rating>
   3.52
  </rating>
  <reviews>
   604763
  </reviews>
  <sporty>
   yes
  </sporty>
 </clothing>
 <clothing>
  <id>
   388765289
  </id>
  <name>
   Lacoste Dress W-1596
  </name>
  <category>
   Dress
  </category>
  <size>
   XL
  </size>
  <color>
   Оранжевый
  </color>
  <material>
   Полиэстер
  </material>
  <price>
   407215
  </price>
  <rating>
   1.24
  </rating>
  <reviews>
   657973
  </reviews>
  <new>
   -
  </new>
  <sporty>
   yes
  </sporty>
 </clothing>
 <clothing>
  <id>
   775285657
  </id>
  <name>
   Nike Shoes L-9949
  </name>
  <category>
   Shoes
  </category>
  <size>
   XXL
  </size>
  <color>
   Красный
  </color>
  <material>
   Полиэстер
  </material>
  <price>
   871266
  </price>
  <rating>
   4.02
  </rating>
  <reviews>
   80942
  </reviews>
  <new>
   +
  </new>
  <sporty>
   yes
  </sporty>
 </clothing>
 <clothing>
  <id>
   695781126
  </id>
  <name>
   Nike Umbrellas P-7925
  </name>
  <category>
   Umbrellas
  </category>
  <size>
   S
  </size>
  <color>
   Оранжевый
  </color>
  <material>
   Хлопок
  </material>
  <price>
   794854
  </price>
  <rating>
   3.3
  </rating>
  <reviews>
   137258
  </reviews>
  <new>
   -
  </new>
  <sporty>
   no
  </sporty>
 </clothing>
 <clothing>
  <id>
   859429717
  </id>
  <name>
   Brooks Umbrellas X-3849
  </name>
  <category>
   Umbrellas
  </category>
  <size>
   L
  </size>
  <color>
   Желтый
  </color>
  <material>
   Вискоза
  </material>
  <price>
   602116
  </price>
  <rating>
   1.28
  </rating>
  <reviews>
   521879
  </reviews>
  <sporty>
   yes
  </sporty>
 </clothing>
 <clothing>
  <id>
   730476460
  </id>
  <name>
   DC Pants B-6121
  </name>
  <category>
   Pants
  </category>
  <size>
   L
  </size>
  <color>
   Голубой
  </color>
  <material>
   Нейлон
  </material>
  <price>
   901886
  </price>
  <rating>
   3.22
  </rating>
  <reviews>
   718010
  </reviews>
  <sporty>
   yes
  </sporty>
 </clothing>
 <clothing>
  <id>
   485995559
  </id>
  <name>
   Adidas Jeans Q-5900
  </name>
  <category>
   Jeans
  </category>
  <size>
   XL
  </size>
  <color>
   Синий
  </color>
  <material>
   Полиэстер
  </material>
  <price>
   112128
  </price>
  <rating>
   3.89
  </rating>
  <reviews>
   79989
  </reviews>
  <new>
   +
  </new>
  <sporty>
   yes
  </sporty>
 </clothing>
 <clothing>
  <id>
   879496178
  </id>
  <name>
   New Balance Shirt S-1515
  </name>
  <category>
   Shirt
  </category>
  <size>
   XL
  </size>
  <color>
   Красный
  </color>
  <material>
   Нейлон
  </material>
  <price>
   752602
  </price>
  <rating>
   2.86
  </rating>
  <reviews>
   322283
  </reviews>
  <new>
   +
  </new>
 </clothing>
 <clothing>
  <id>
   937712091
  </id>
  <name>
   Addidas Shoes S-7984
  </name>
  <category>
   Shoes
  </category>
  <size>
   M
  </size>
  <color>
   Фиолетовый
  </color>
  <material>
   Кожа
  </material>
  <price>
   111425
  </price>
  <rating>
   4.61
  </rating>
  <reviews>
   418979
  </reviews>
 </clothing>
 <clothing>
  <id>
   310265689
  </id>
  <name>
   Nike Gloves M-9239
  </name>
  <category>
   Gloves
  </category>
  <size>
   L
  </size>
  <color>
   Желтый
  </color>
  <material>
   Полиэстер
  </material>
  <price>
   696130
  </price>
  <rating>
   1.83
  </rating>
  <reviews>
   217328
  </reviews>
  <sporty>
   no
  </sporty>
 </clothing>
 <clothing>
  <id>
   886293118
  </id>
  <name>
   New Balance Belts T-6058
  </name>
  <category>
   Belts
  </category>
  <size>
   XXL
  </size>
  <color>
   Красный
  </color>
  <material>
   Полиэстер
  </material>
  <price>
   225752
  </price>
  <rating>
   1.32
  </rating>
  <reviews>
   54961
  </reviews>
  <new>
   -
  </new>
  <exclusive>
   no
  </exclusive>
  <sporty>
   yes
  </sporty>
 </clothing>
 <clothing>
  <id>
   660758051
  </id>
  <name>
   Vans Pants J-1576
  </name>
  <category>
   Pants
  </category>
  <size>
   XL
  </size>
  <color>
   Голубой
  </color>
  <material>
   Нейлон
  </material>
  <price>
   718668
  </price>
  <rating>
   4.2
  </rating>
  <reviews>
   199485
  </reviews>
  <exclusive>
   yes
  </exclusive>
  <sporty>
   yes
  </sporty>
 </clothing>
 <clothing>
  <id>
   366216707
  </id>
  <name>
   Ellesse Dress U-2472
  </name>
  <category>
   Dress
  </category>
  <size>
   M
  </size>
  <color>
   Фиолетовый
  </color>
  <material>
   Полиэстер
  </material>
  <price>
   451271
  </price>
  <rating>
   1.27
  </rating>
  <reviews>
   422113
  </reviews>
  <new>
   -
  </new>
  <exclusive>
   no
  </exclusive>
  <sporty>
   no
  </sporty>
 </clothing>
 <clothing>
  <id>
   543098639
  </id>
  <name>
   Fila Handbags Z-2956
  </name>
  <category>
   Handbags
  </category>
  <size>
   L
  </size>
  <color>
   Зеленый
  </color>
  <material>
   Вискоза
  </material>
  <price>
   823731
  </price>
  <rating>
   3.93
  </rating>
  <reviews>
   698661
  </reviews>
  <new>
   -
  </new>
  <exclusive>
   yes
  </exclusive>
 </clothing>
 <clothing>
  <id>
   264013703
  </id>
  <name>
   Reebok Skirt N-8111
  </name>
  <category>
   Skirt
  </category>
  <size>
   M
  </size>
  <color>
   Красный
  </color>
  <material>
   Нейлон
  </material>
  <price>
   290369
  </price>
  <rating>
   1.74
  </rating>
  <reviews>
   578032
  </reviews>
  <new>
   -
  </new>
  <sporty>
   yes
  </sporty>
 </clothing>
 <clothing>
  <id>
   591518027
  </id>
  <name>
   New Balance Jacket T-7981
  </name>
  <category>
   Jacket
  </category>
  <size>
   XL
  </size>
  <color>
   Красный
  </color>
  <material>
   Кожа
  </material>
  <price>
   365966
  </price>
  <rating>
   3.97
  </rating>
  <reviews>
   301017
  </reviews>
  <new>
   -
  </new>
  <exclusive>
   yes
  </exclusive>
  <sporty>
   no
  </sporty>
 </clothing>
 <clothing>
  <id>
   766024245
  </id>
  <name>
   Lacoste Handbags R-4239
  </name>
  <category>
   Handbags
  </category>
  <size>
   M
  </size>
  <color>
   Синий
  </color>
  <material>
   Лен
  </material>
  <price>
   642724
  </price>
  <rating>
   3.52
  </rating>
  <reviews>
   671279
  </reviews>
  <new>
   -
  </new>
  <exclusive>
   yes
  </exclusive>
 </clothing>
 <clothing>
  <id>
   382931618
  </id>
  <name>
   Lacoste T-shirt D-2951
  </name>
  <category>
   T-shirt
  </category>
  <size>
   M
  </size>
  <color>
   Оранжевый
  </color>
  <material>
   Нейлон
  </material>
  <price>
   720946
  </price>
  <rating>
   1.26
  </rating>
  <reviews>
   14929
  </reviews>
  <sporty>
   yes
  </sporty>
 </clothing>
 <clothing>
  <id>
   614950559
  </id>
  <name>
   Reebok Jacket D-5126
  </name>
  <category>
   Jacket
  </category>
  <size>
   XL
  </size>
  <color>
   Фиолетовый
  </color>
  <material>
   Вискоза
  </material>
  <price>
   931868
  </price>
  <rating>
   1.24
  </rating>
  <reviews>
   529389
  </reviews>
  <exclusive>
   no
  </exclusive>
 </clothing>
 <clothing>
  <id>
   580839600
  </id>
  <name>
   PleinSport Shirt G-5220
  </name>
  <category>
   Shirt
  </category>
  <size>
   S
  </size>
  <color>
   Оранжевый
  </color>
  <material>
   Шелк
  </material>
  <price>
   671992
  </price>
  <rating>
   3.54
  </rating>
  <reviews>
   999200
  </reviews>
  <new>
   -
  </new>
  <exclusive>
   yes
  </exclusive>
  <sporty>
   yes
  </sporty>
 </clothing>
 <clothing>
  <id>
   206144470
  </id>
  <name>
   Puma Dress A-1669
  </name>
  <category>
   Dress
  </category>
  <size>
   M
  </size>
  <color>
   Фиолетовый
  </color>
  <material>
   Вискоза
  </material>
  <price>
   846552
  </price>
  <rating>
   2.57
  </rating>
  <reviews>
   968643
  </reviews>
  <exclusive>
   no
  </exclusive>
  <sporty>
   no
  </sporty>
 </clothing>
 <clothing>
  <id>
   914930586
  </id>
  <name>
   Addidas Belts V-5173
  </name>
  <category>
   Belts
  </category>
  <size>
   L
  </size>
  <color>
   Желтый
  </color>
  <material>
   Шелк
  </material>
  <price>
   165123
  </price>
  <rating>
   2.5
  </rating>
  <reviews>
   825897
  </reviews>
  <new>
   -
  </new>
  <exclusive>
   no
  </exclusive>
 </clothing>
 <clothing>
  <id>
   377195951
  </id>
  <name>
   DC Pants W-2787
  </name>
  <category>
   Pants
  </category>
  <size>
   M
  </size>
  <color>
   Фиолетовый
  </color>
  <material>
   Кожа
  </material>
  <price>
   900156
  </price>
  <rating>
   4.76
  </rating>
  <reviews>
   968889
  </reviews>
  <new>
   +
  </new>
  <exclusive>
   yes
  </exclusive>
  <sporty>
   yes
  </sporty>
 </clothing>
 <clothing>
  <id>
   770061292
  </id>
  <name>
   Asics Pants V-7730
  </name>
  <category>
   Pants
  </category>
  <size>
   M
  </size>
  <color>
   Красный
  </color>
  <material>
   Хлопок
  </material>
  <price>
   856199
  </price>
  <rating>
   1.55
  </rating>
  <reviews>
   764073
  </reviews>
  <new>
   +
  </new>
  <exclusive>
   no
  </exclusive>
  <sporty>
   no
  </sporty>
 </clothing>
 <clothing>
  <id>
   958536917
  </id>
  <name>
   Lacoste T-shirt S-4192
  </name>
  <category>
   T-shirt
  </category>
  <size>
   S
  </size>
  <color>
   Желтый
  </color>
  <material>
   Шелк
  </material>
  <price>
   969954
  </price>
  <rating>
   2.95
  </rating>
  <reviews>
   526203
  </reviews>
  <new>
   +
  </new>
  <exclusive>
   no
  </exclusive>
 </clothing>
 <clothing>
  <id>
   562594670
  </id>
  <name>
   Adidas Pants R-8240
  </name>
  <category>
   Pants
  </category>
  <size>
   M
  </size>
  <color>
   Желтый
  </color>
  <material>
   Полиэстер
  </material>
  <price>
   999509
  </price>
  <rating>
   2.91
  </rating>
  <reviews>
   122183
  </reviews>
  <exclusive>
   no
  </exclusive>
  <sporty>
   yes
  </sporty>
 </clothing>
 <clothing>
  <id>
   230893587
  </id>
  <name>
   Brooks Dress M-7788
  </name>
  <category>
   Dress
  </category>
  <size>
   XXL
  </size>
  <color>
   Зеленый
  </color>
  <material>
   Вискоза
  </material>
  <price>
   852823
  </price>
  <rating>
   4.42
  </rating>
  <reviews>
   519624
  </reviews>
  <sporty>
   no
  </sporty>
 </clothing>
 <clothing>
  <id>
   336622408
  </id>
  <name>
   Asics Jacket J-3937
  </name>
  <category>
   Jacket
  </category>
  <size>
   L
  </size>
  <color>
   Голубой
  </color>
  <material>
   Лен
  </material>
  <price>
   876294
  </price>
  <rating>
   2.42
  </rating>
  <reviews>
   133347
  </reviews>
  <exclusive>
   no
  </exclusive>
  <sporty>
   yes
  </sporty>
 </clothing>
</clothing-items>
