<?xml version="1.0" encoding="utf-8"?>
<clothing-items>
 <clothing>
  <id>
   762142001
  </id>
  <name>
   Reebok Handbags K-6789
  </name>
  <category>
   Handbags
  </category>
  <size>
   XXL
  </size>
  <color>
   Желтый
  </color>
  <material>
   Шерсть
  </material>
  <price>
   968344
  </price>
  <rating>
   2.62
  </rating>
  <reviews>
   77460
  </reviews>
  <new>
   -
  </new>
 </clothing>
 <clothing>
  <id>
   988536808
  </id>
  <name>
   Brooks Pants O-9575
  </name>
  <category>
   Pants
  </category>
  <size>
   S
  </size>
  <color>
   Голубой
  </color>
  <material>
   Нейлон
  </material>
  <price>
   857246
  </price>
  <rating>
   3.09
  </rating>
  <reviews>
   686309
  </reviews>
  <new>
   -
  </new>
  <exclusive>
   no
  </exclusive>
  <sporty>
   no
  </sporty>
 </clothing>
 <clothing>
  <id>
   851021272
  </id>
  <name>
   Converse Gloves N-3625
  </name>
  <category>
   Gloves
  </category>
  <size>
   L
  </size>
  <color>
   Синий
  </color>
  <material>
   Нейлон
  </material>
  <price>
   562128
  </price>
  <rating>
   4.49
  </rating>
  <reviews>
   653856
  </reviews>
  <new>
   -
  </new>
 </clothing>
 <clothing>
  <id>
   757672647
  </id>
  <name>
   Nike Gloves M-2372
  </name>
  <category>
   Gloves
  </category>
  <size>
   S
  </size>
  <color>
   Фиолетовый
  </color>
  <material>
   Нейлон
  </material>
  <price>
   320507
  </price>
  <rating>
   4.34
  </rating>
  <reviews>
   839968
  </reviews>
  <new>
   +
  </new>
  <exclusive>
   yes
  </exclusive>
  <sporty>
   yes
  </sporty>
 </clothing>
 <clothing>
  <id>
   738216880
  </id>
  <name>
   DC T-shirt V-6796
  </name>
  <category>
   T-shirt
  </category>
  <size>
   M
  </size>
  <color>
   Желтый
  </color>
  <material>
   Полиэстер
  </material>
  <price>
   349514
  </price>
  <rating>
   4.03
  </rating>
  <reviews>
   505542
  </reviews>
  <exclusive>
   yes
  </exclusive>
  <sporty>
   yes
  </sporty>
 </clothing>
 <clothing>
  <id>
   381128933
  </id>
  <name>
   Reebok Umbrellas G-4446
  </name>
  <category>
   Umbrellas
  </category>
  <size>
   XL
  </size>
  <color>
   Голубой
  </color>
  <material>
   Кожа
  </material>
  <price>
   259484
  </price>
  <rating>
   3.68
  </rating>
  <reviews>
   221796
  </reviews>
  <new>
   +
  </new>
 </clothing>
 <clothing>
  <id>
   562627870
  </id>
  <name>
   PleinSport Jacket G-6767
  </name>
  <category>
   Jacket
  </category>
  <size>
   S
  </size>
  <color>
   Оранжевый
  </color>
  <material>
   Вискоза
  </material>
  <price>
   569282
  </price>
  <rating>
   3.05
  </rating>
  <reviews>
   96374
  </reviews>
  <exclusive>
   no
  </exclusive>
  <sporty>
   yes
  </sporty>
 </clothing>
 <clothing>
  <id>
   885830886
  </id>
  <name>
   Converse Pants F-3973
  </name>
  <category>
   Pants
  </category>
  <size>
   XXL
  </size>
  <color>
   Синий
  </color>
  <material>
   Шелк
  </material>
  <price>
   262700
  </price>
  <rating>
   4.75
  </rating>
  <reviews>
   796051
  </reviews>
  <new>
   +
  </new>
  <exclusive>
   no
  </exclusive>
  <sporty>
   no
  </sporty>
 </clothing>
 <clothing>
  <id>
   170425925
  </id>
  <name>
   Addidas Jacket K-6690
  </name>
  <category>
   Jacket
  </category>
  <size>
   L
  </size>
  <color>
   Фиолетовый
  </color>
  <material>
   Шерсть
  </material>
  <price>
   870273
  </price>
  <rating>
   2.33
  </rating>
  <reviews>
   480093
  </reviews>
  <new>
   -
  </new>
  <exclusive>
   yes
  </exclusive>
  <sporty>
   no
  </sporty>
 </clothing>
 <clothing>
  <id>
   453184764
  </id>
  <name>
   Converse Shirt K-5447
  </name>
  <category>
   Shirt
  </category>
  <size>
   L
  </size>
  <color>
   Красный
  </color>
  <material>
   Полиэстер
  </material>
  <price>
   530765
  </price>
  <rating>
   4.61
  </rating>
  <reviews>
   839041
  </reviews>
  <new>
   -
  </new>
  <exclusive>
   no
  </exclusive>
 </clothing>
 <clothing>
  <id>
   851484750
  </id>
  <name>
   Reebok Gloves K-8389
  </name>
  <category>
   Gloves
  </category>
  <size>
   L
  </size>
  <color>
   Зеленый
  </color>
  <material>
   Шерсть
  </material>
  <price>
   698630
  </price>
  <rating>
   4.54
  </rating>
  <reviews>
   664549
  </reviews>
  <sporty>
   no
  </sporty>
 </clothing>
 <clothing>
  <id>
   658079495
  </id>
  <name>
   Puma Shirt S-9427
  </name>
  <category>
   Shirt
  </category>
  <size>
   XXL
  </size>
  <color>
   Синий
  </color>
  <material>
   Хлопок
  </material>
  <price>
   921812
  </price>
  <rating>
   3.43
  </rating>
  <reviews>
   52498
  </reviews>
  <new>
   -
  </new>
  <sporty>
   yes
  </sporty>
 </clothing>
 <clothing>
  <id>
   186839640
  </id>
  <name>
   Lacoste Blouse D-8671
  </name>
  <category>
   Blouse
  </category>
  <size>
   S
  </size>
  <color>
   Красный
  </color>
  <material>
   Кожа
  </material>
  <price>
   205603
  </price>
  <rating>
   1.49
  </rating>
  <reviews>
   188379
  </reviews>
  <sporty>
   no
  </sporty>
 </clothing>
 <clothing>
  <id>
   378823183
  </id>
  <name>
   Brooks Pants O-2614
  </name>
  <category>
   Pants
  </category>
  <size>
   XXL
  </size>
  <color>
   Желтый
  </color>
  <material>
   Шелк
  </material>
  <price>
   267554
  </price>
  <rating>
   4.21
  </rating>
  <reviews>
   357897
  </reviews>
  <new>
   -
  </new>
  <exclusive>
   no
  </exclusive>
 </clothing>
 <clothing>
  <id>
   208694897
  </id>
  <name>
   Puma Gloves R-5324
  </name>
  <category>
   Gloves
  </category>
  <size>
   L
  </size>
  <color>
   Синий
  </color>
  <material>
   Кожа
  </material>
  <price>
   498453
  </price>
  <rating>
   2.33
  </rating>
  <reviews>
   125909
  </reviews>
  <new>
   +
  </new>
  <exclusive>
   no
  </exclusive>
  <sporty>
   no
  </sporty>
 </clothing>
 <clothing>
  <id>
   468652755
  </id>
  <name>
   Vans Sweater A-1365
  </name>
  <category>
   Sweater
  </category>
  <size>
   S
  </size>
  <color>
   Зеленый
  </color>
  <material>
   Нейлон
  </material>
  <price>
   431560
  </price>
  <rating>
   2.64
  </rating>
  <reviews>
   699830
  </reviews>
  <new>
   +
  </new>
 </clothing>
 <clothing>
  <id>
   483654990
  </id>
  <name>
   Puma Jacket C-6958
  </name>
  <category>
   Jacket
  </category>
  <size>
   M
  </size>
  <color>
   Зеленый
  </color>
  <material>
   Нейлон
  </material>
  <price>
   953798
  </price>
  <rating>
   3.26
  </rating>
  <reviews>
   170273
  </reviews>
  <exclusive>
   yes
  </exclusive>
 </clothing>
 <clothing>
  <id>
   644334673
  </id>
  <name>
   DC Hat E-6598
  </name>
  <category>
   Hat
  </category>
  <size>
   XL
  </size>
  <color>
   Желтый
  </color>
  <material>
   Лен
  </material>
  <price>
   229648
  </price>
  <rating>
   2.59
  </rating>
  <reviews>
   355596
  </reviews>
  <new>
   +
  </new>
 </clothing>
 <clothing>
  <id>
   243227738
  </id>
  <name>
   Lacoste Gloves U-6065
  </name>
  <category>
   Gloves
  </category>
  <size>
   L
  </size>
  <color>
   Зеленый
  </color>
  <material>
   Шерсть
  </material>
  <price>
   487475
  </price>
  <rating>
   1.79
  </rating>
  <reviews>
   608682
  </reviews>
  <new>
   -
  </new>
  <exclusive>
   no
  </exclusive>
 </clothing>
 <clothing>
  <id>
   285029967
  </id>
  <name>
   Reebok Belts X-8716
  </name>
  <category>
   Belts
  </category>
  <size>
   M
  </size>
  <color>
   Синий
  </color>
  <material>
   Хлопок
  </material>
  <price>
   723585
  </price>
  <rating>
   3.25
  </rating>
  <reviews>
   349272
  </reviews>
  <new>
   -
  </new>
  <exclusive>
   yes
  </exclusive>
 </clothing>
 <clothing>
  <id>
   499905344
  </id>
  <name>
   New Balance Gloves X-9854
  </name>
  <category>
   Gloves
  </category>
  <size>
   XXL
  </size>
  <color>
   Красный
  </color>
  <material>
   Кожа
  </material>
  <price>
   923409
  </price>
  <rating>
   3.56
  </rating>
  <reviews>
   629485
  </reviews>
  <sporty>
   yes
  </sporty>
 </clothing>
 <clothing>
  <id>
   859212695
  </id>
  <name>
   Puma T-shirt Y-9485
  </name>
  <category>
   T-shirt
  </category>
  <size>
   L
  </size>
  <color>
   Красный
  </color>
  <material>
   Лен
  </material>
  <price>
   386892
  </price>
  <rating>
   4.38
  </rating>
  <reviews>
   249877
  </reviews>
  <exclusive>
   no
  </exclusive>
 </clothing>
 <clothing>
  <id>
   944737500
  </id>
  <name>
   Under Armour T-shirt T-9450
  </name>
  <category>
   T-shirt
  </category>
  <size>
   L
  </size>
  <color>
   Голубой
  </color>
  <material>
   Кожа
  </material>
  <price>
   272866
  </price>
  <rating>
   1.36
  </rating>
  <reviews>
   172272
  </reviews>
  <new>
   +
  </new>
  <exclusive>
   no
  </exclusive>
  <sporty>
   no
  </sporty>
 </clothing>
 <clothing>
  <id>
   522936816
  </id>
  <name>
   Nike T-shirt E-6165
  </name>
  <category>
   T-shirt
  </category>
  <size>
   XXL
  </size>
  <color>
   Фиолетовый
  </color>
  <material>
   Шелк
  </material>
  <price>
   164720
  </price>
  <rating>
   3.1
  </rating>
  <reviews>
   732808
  </reviews>
  <new>
   -
  </new>
  <exclusive>
   yes
  </exclusive>
 </clothing>
 <clothing>
  <id>
   422978159
  </id>
  <name>
   Reebok Pants W-4755
  </name>
  <category>
   Pants
  </category>
  <size>
   XL
  </size>
  <color>
   Красный
  </color>
  <material>
   Полиэстер
  </material>
  <price>
   998756
  </price>
  <rating>
   3.74
  </rating>
  <reviews>
   483243
  </reviews>
  <new>
   +
  </new>
  <exclusive>
   no
  </exclusive>
 </clothing>
 <clothing>
  <id>
   483641171
  </id>
  <name>
   Converse Jeans S-3190
  </name>
  <category>
   Jeans
  </category>
  <size>
   L
  </size>
  <color>
   Фиолетовый
  </color>
  <material>
   Вискоза
  </material>
  <price>
   151417
  </price>
  <rating>
   4.98
  </rating>
  <reviews>
   804189
  </reviews>
  <exclusive>
   no
  </exclusive>
  <sporty>
   no
  </sporty>
 </clothing>
 <clothing>
  <id>
   575439447
  </id>
  <name>
   Reebok Handbags B-5875
  </name>
  <category>
   Handbags
  </category>
  <size>
   M
  </size>
  <color>
   Синий
  </color>
  <material>
   Хлопок
  </material>
  <price>
   685851
  </price>
  <rating>
   4.02
  </rating>
  <reviews>
   532411
  </reviews>
  <sporty>
   yes
  </sporty>
 </clothing>
 <clothing>
  <id>
   768966405
  </id>
  <name>
   Lacoste Belts D-1194
  </name>
  <category>
   Belts
  </category>
  <size>
   XL
  </size>
  <color>
   Фиолетовый
  </color>
  <material>
   Лен
  </material>
  <price>
   593993
  </price>
  <rating>
   1.13
  </rating>
  <reviews>
   270610
  </reviews>
  <exclusive>
   no
  </exclusive>
  <sporty>
   no
  </sporty>
 </clothing>
 <clothing>
  <id>
   713634134
  </id>
  <name>
   Brooks Shirt J-4560
  </name>
  <category>
   Shirt
  </category>
  <size>
   S
  </size>
  <color>
   Синий
  </color>
  <material>
   Полиэстер
  </material>
  <price>
   765703
  </price>
  <rating>
   1.56
  </rating>
  <reviews>
   838201
  </reviews>
  <exclusive>
   yes
  </exclusive>
 </clothing>
 <clothing>
  <id>
   167117739
  </id>
  <name>
   PleinSport Blouse P-7943
  </name>
  <category>
   Blouse
  </category>
  <size>
   XXL
  </size>
  <color>
   Зеленый
  </color>
  <material>
   Шелк
  </material>
  <price>
   528560
  </price>
  <rating>
   3.0
  </rating>
  <reviews>
   483014
  </reviews>
  <new>
   -
  </new>
  <exclusive>
   no
  </exclusive>
 </clothing>
 <clothing>
  <id>
   458506552
  </id>
  <name>
   Brooks Skirt N-3196
  </name>
  <category>
   Skirt
  </category>
  <size>
   M
  </size>
  <color>
   Фиолетовый
  </color>
  <material>
   Лен
  </material>
  <price>
   563736
  </price>
  <rating>
   3.83
  </rating>
  <reviews>
   553919
  </reviews>
  <new>
   +
  </new>
 </clothing>
 <clothing>
  <id>
   671465638
  </id>
  <name>
   Puma T-shirt M-4557
  </name>
  <category>
   T-shirt
  </category>
  <size>
   XL
  </size>
  <color>
   Оранжевый
  </color>
  <material>
   Лен
  </material>
  <price>
   146685
  </price>
  <rating>
   1.03
  </rating>
  <reviews>
   725346
  </reviews>
  <new>
   -
  </new>
  <exclusive>
   yes
  </exclusive>
  <sporty>
   no
  </sporty>
 </clothing>
 <clothing>
  <id>
   160769697
  </id>
  <name>
   Fila Hat S-4217
  </name>
  <category>
   Hat
  </category>
  <size>
   M
  </size>
  <color>
   Желтый
  </color>
  <material>
   Полиэстер
  </material>
  <price>
   281751
  </price>
  <rating>
   4.46
  </rating>
  <reviews>
   319817
  </reviews>
  <exclusive>
   yes
  </exclusive>
  <sporty>
   yes
  </sporty>
 </clothing>
 <clothing>
  <id>
   297989292
  </id>
  <name>
   Nike Belts A-9487
  </name>
  <category>
   Belts
  </category>
  <size>
   XXL
  </size>
  <color>
   Зеленый
  </color>
  <material>
   Хлопок
  </material>
  <price>
   243858
  </price>
  <rating>
   2.78
  </rating>
  <reviews>
   769302
  </reviews>
  <new>
   -
  </new>
  <sporty>
   yes
  </sporty>
 </clothing>
 <clothing>
  <id>
   648655965
  </id>
  <name>
   PleinSport Skirt E-2131
  </name>
  <category>
   Skirt
  </category>
  <size>
   S
  </size>
  <color>
   Фиолетовый
  </color>
  <material>
   Кожа
  </material>
  <price>
   124084
  </price>
  <rating>
   1.7
  </rating>
  <reviews>
   359185
  </reviews>
  <exclusive>
   yes
  </exclusive>
  <sporty>
   yes
  </sporty>
 </clothing>
 <clothing>
  <id>
   359089199
  </id>
  <name>
   Reebok Jacket O-9477
  </name>
  <category>
   Jacket
  </category>
  <size>
   XL
  </size>
  <color>
   Зеленый
  </color>
  <material>
   Шелк
  </material>
  <price>
   374283
  </price>
  <rating>
   4.93
  </rating>
  <reviews>
   763630
  </reviews>
  <new>
   -
  </new>
  <exclusive>
   yes
  </exclusive>
 </clothing>
 <clothing>
  <id>
   489334107
  </id>
  <name>
   Ellesse Jacket Q-6801
  </name>
  <category>
   Jacket
  </category>
  <size>
   XXL
  </size>
  <color>
   Синий
  </color>
  <material>
   Шелк
  </material>
  <price>
   855522
  </price>
  <rating>
   2.87
  </rating>
  <reviews>
   457025
  </reviews>
  <new>
   -
  </new>
  <sporty>
   yes
  </sporty>
 </clothing>
 <clothing>
  <id>
   502887237
  </id>
  <name>
   Lacoste Gloves A-4523
  </name>
  <category>
   Gloves
  </category>
  <size>
   S
  </size>
  <color>
   Оранжевый
  </color>
  <material>
   Шелк
  </material>
  <price>
   774742
  </price>
  <rating>
   4.53
  </rating>
  <reviews>
   624298
  </reviews>
  <sporty>
   yes
  </sporty>
 </clothing>
 <clothing>
  <id>
   858480185
  </id>
  <name>
   DC Jacket S-1281
  </name>
  <category>
   Jacket
  </category>
  <size>
   S
  </size>
  <color>
   Красный
  </color>
  <material>
   Кожа
  </material>
  <price>
   852272
  </price>
  <rating>
   1.22
  </rating>
  <reviews>
   386679
  </reviews>
  <new>
   -
  </new>
  <exclusive>
   no
  </exclusive>
  <sporty>
   yes
  </sporty>
 </clothing>
 <clothing>
  <id>
   374785117
  </id>
  <name>
   Adidas Hat I-2894
  </name>
  <category>
   Hat
  </category>
  <size>
   XL
  </size>
  <color>
   Синий
  </color>
  <material>
   Хлопок
  </material>
  <price>
   657076
  </price>
  <rating>
   4.6
  </rating>
  <reviews>
   737115
  </reviews>
  <new>
   -
  </new>
  <exclusive>
   no
  </exclusive>
  <sporty>
   no
  </sporty>
 </clothing>
 <clothing>
  <id>
   511839620
  </id>
  <name>
   Addidas Jacket K-8528
  </name>
  <category>
   Jacket
  </category>
  <size>
   M
  </size>
  <color>
   Зеленый
  </color>
  <material>
   Шерсть
  </material>
  <price>
   490724
  </price>
  <rating>
   3.45
  </rating>
  <reviews>
   907941
  </reviews>
  <new>
   -
  </new>
 </clothing>
 <clothing>
  <id>
   137654024
  </id>
  <name>
   Converse Jeans U-9092
  </name>
  <category>
   Jeans
  </category>
  <size>
   XXL
  </size>
  <color>
   Голубой
  </color>
  <material>
   Полиэстер
  </material>
  <price>
   417985
  </price>
  <rating>
   2.32
  </rating>
  <reviews>
   700244
  </reviews>
  <exclusive>
   no
  </exclusive>
  <sporty>
   yes
  </sporty>
 </clothing>
 <clothing>
  <id>
   676862907
  </id>
  <name>
   Asics Handbags K-2869
  </name>
  <category>
   Handbags
  </category>
  <size>
   M
  </size>
  <color>
   Фиолетовый
  </color>
  <material>
   Шелк
  </material>
  <price>
   549187
  </price>
  <rating>
   2.73
  </rating>
  <reviews>
   84068
  </reviews>
  <exclusive>
   no
  </exclusive>
  <sporty>
   no
  </sporty>
 </clothing>
 <clothing>
  <id>
   874970881
  </id>
  <name>
   Converse Jacket M-3822
  </name>
  <category>
   Jacket
  </category>
  <size>
   XXL
  </size>
  <color>
   Красный
  </color>
  <material>
   Полиэстер
  </material>
  <price>
   785469
  </price>
  <rating>
   3.38
  </rating>
  <reviews>
   615182
  </reviews>
  <sporty>
   no
  </sporty>
 </clothing>
</clothing-items>
