<?xml version="1.0" encoding="utf-8"?>
<clothing-items>
 <clothing>
  <id>
   397278073
  </id>
  <name>
   Under Armour Socks T-9009
  </name>
  <category>
   Socks
  </category>
  <size>
   L
  </size>
  <color>
   Оранжевый
  </color>
  <material>
   Лен
  </material>
  <price>
   766946
  </price>
  <rating>
   1.93
  </rating>
  <reviews>
   876472
  </reviews>
  <sporty>
   no
  </sporty>
 </clothing>
 <clothing>
  <id>
   394014213
  </id>
  <name>
   Nike Shirt F-6809
  </name>
  <category>
   Shirt
  </category>
  <size>
   XXL
  </size>
  <color>
   Зеленый
  </color>
  <material>
   Кожа
  </material>
  <price>
   436456
  </price>
  <rating>
   4.81
  </rating>
  <reviews>
   157521
  </reviews>
  <new>
   +
  </new>
  <exclusive>
   yes
  </exclusive>
  <sporty>
   no
  </sporty>
 </clothing>
 <clothing>
  <id>
   619562613
  </id>
  <name>
   Ellesse Socks L-9573
  </name>
  <category>
   Socks
  </category>
  <size>
   XXL
  </size>
  <color>
   Зеленый
  </color>
  <material>
   Вискоза
  </material>
  <price>
   308742
  </price>
  <rating>
   1.63
  </rating>
  <reviews>
   989452
  </reviews>
  <new>
   -
  </new>
  <sporty>
   yes
  </sporty>
 </clothing>
 <clothing>
  <id>
   941020270
  </id>
  <name>
   Ellesse Jeans B-6466
  </name>
  <category>
   Jeans
  </category>
  <size>
   XXL
  </size>
  <color>
   Желтый
  </color>
  <material>
   Хлопок
  </material>
  <price>
   999028
  </price>
  <rating>
   1.82
  </rating>
  <reviews>
   913665
  </reviews>
  <sporty>
   no
  </sporty>
 </clothing>
 <clothing>
  <id>
   635867317
  </id>
  <name>
   DC Skirt H-1846
  </name>
  <category>
   Skirt
  </category>
  <size>
   XL
  </size>
  <color>
   Оранжевый
  </color>
  <material>
   Хлопок
  </material>
  <price>
   690588
  </price>
  <rating>
   4.61
  </rating>
  <reviews>
   117450
  </reviews>
  <exclusive>
   no
  </exclusive>
  <sporty>
   no
  </sporty>
 </clothing>
 <clothing>
  <id>
   197115985
  </id>
  <name>
   PleinSport Hat H-5339
  </name>
  <category>
   Hat
  </category>
  <size>
   XXL
  </size>
  <color>
   Красный
  </color>
  <material>
   Кожа
  </material>
  <price>
   180236
  </price>
  <rating>
   4.87
  </rating>
  <reviews>
   153154
  </reviews>
  <new>
   -
  </new>
  <exclusive>
   no
  </exclusive>
 </clothing>
 <clothing>
  <id>
   762355457
  </id>
  <name>
   Lacoste Belts W-5605
  </name>
  <category>
   Belts
  </category>
  <size>
   L
  </size>
  <color>
   Голубой
  </color>
  <material>
   Хлопок
  </material>
  <price>
   453831
  </price>
  <rating>
   1.68
  </rating>
  <reviews>
   167772
  </reviews>
  <exclusive>
   no
  </exclusive>
 </clothing>
 <clothing>
  <id>
   144816672
  </id>
  <name>
   Fila Jacket K-1736
  </name>
  <category>
   Jacket
  </category>
  <size>
   S
  </size>
  <color>
   Голубой
  </color>
  <material>
   Полиэстер
  </material>
  <price>
   262975
  </price>
  <rating>
   2.86
  </rating>
  <reviews>
   372042
  </reviews>
  <sporty>
   yes
  </sporty>
 </clothing>
 <clothing>
  <id>
   398209813
  </id>
  <name>
   PleinSport Hat K-3927
  </name>
  <category>
   Hat
  </category>
  <size>
   M
  </size>
  <color>
   Зеленый
  </color>
  <material>
   Кожа
  </material>
  <price>
   136203
  </price>
  <rating>
   1.43
  </rating>
  <reviews>
   478880
  </reviews>
  <exclusive>
   no
  </exclusive>
  <sporty>
   no
  </sporty>
 </clothing>
 <clothing>
  <id>
   220919198
  </id>
  <name>
   Under Armour Hat Q-3074
  </name>
  <category>
   Hat
  </category>
  <size>
   M
  </size>
  <color>
   Зеленый
  </color>
  <material>
   Хлопок
  </material>
  <price>
   408190
  </price>
  <rating>
   4.36
  </rating>
  <reviews>
   71676
  </reviews>
  <new>
   -
  </new>
 </clothing>
 <clothing>
  <id>
   242387832
  </id>
  <name>
   Converse Pants G-4655
  </name>
  <category>
   Pants
  </category>
  <size>
   L
  </size>
  <color>
   Синий
  </color>
  <material>
   Лен
  </material>
  <price>
   305806
  </price>
  <rating>
   4.24
  </rating>
  <reviews>
   425966
  </reviews>
  <new>
   -
  </new>
 </clothing>
 <clothing>
  <id>
   128160670
  </id>
  <name>
   Nike T-shirt X-3830
  </name>
  <category>
   T-shirt
  </category>
  <size>
   M
  </size>
  <color>
   Голубой
  </color>
  <material>
   Вискоза
  </material>
  <price>
   919679
  </price>
  <rating>
   2.98
  </rating>
  <reviews>
   875167
  </reviews>
  <new>
   +
  </new>
  <sporty>
   no
  </sporty>
 </clothing>
 <clothing>
  <id>
   259966076
  </id>
  <name>
   DC Umbrellas F-5144
  </name>
  <category>
   Umbrellas
  </category>
  <size>
   S
  </size>
  <color>
   Красный
  </color>
  <material>
   Вискоза
  </material>
  <price>
   161672
  </price>
  <rating>
   4.93
  </rating>
  <reviews>
   862108
  </reviews>
  <exclusive>
   no
  </exclusive>
 </clothing>
 <clothing>
  <id>
   846139968
  </id>
  <name>
   New Balance Blouse U-8178
  </name>
  <category>
   Blouse
  </category>
  <size>
   S
  </size>
  <color>
   Голубой
  </color>
  <material>
   Полиэстер
  </material>
  <price>
   874541
  </price>
  <rating>
   2.76
  </rating>
  <reviews>
   134805
  </reviews>
  <new>
   +
  </new>
 </clothing>
 <clothing>
  <id>
   417695887
  </id>
  <name>
   DC Shoes Q-4076
  </name>
  <category>
   Shoes
  </category>
  <size>
   M
  </size>
  <color>
   Зеленый
  </color>
  <material>
   Нейлон
  </material>
  <price>
   527492
  </price>
  <rating>
   4.45
  </rating>
  <reviews>
   195765
  </reviews>
 </clothing>
 <clothing>
  <id>
   185979504
  </id>
  <name>
   Addidas Hat Z-5146
  </name>
  <category>
   Hat
  </category>
  <size>
   S
  </size>
  <color>
   Оранжевый
  </color>
  <material>
   Вискоза
  </material>
  <price>
   652974
  </price>
  <rating>
   1.11
  </rating>
  <reviews>
   434719
  </reviews>
  <new>
   -
  </new>
  <exclusive>
   yes
  </exclusive>
  <sporty>
   yes
  </sporty>
 </clothing>
 <clothing>
  <id>
   261338087
  </id>
  <name>
   New Balance Blouse Z-9480
  </name>
  <category>
   Blouse
  </category>
  <size>
   XXL
  </size>
  <color>
   Фиолетовый
  </color>
  <material>
   Полиэстер
  </material>
  <price>
   387396
  </price>
  <rating>
   1.02
  </rating>
  <reviews>
   612491
  </reviews>
  <new>
   +
  </new>
  <exclusive>
   yes
  </exclusive>
 </clothing>
 <clothing>
  <id>
   558571599
  </id>
  <name>
   DC Jeans B-4461
  </name>
  <category>
   Jeans
  </category>
  <size>
   XL
  </size>
  <color>
   Голубой
  </color>
  <material>
   Лен
  </material>
  <price>
   310514
  </price>
  <rating>
   4.11
  </rating>
  <reviews>
   282953
  </reviews>
  <new>
   +
  </new>
  <exclusive>
   yes
  </exclusive>
  <sporty>
   no
  </sporty>
 </clothing>
 <clothing>
  <id>
   844909220
  </id>
  <name>
   Reebok Skirt D-2917
  </name>
  <category>
   Skirt
  </category>
  <size>
   M
  </size>
  <color>
   Синий
  </color>
  <material>
   Кожа
  </material>
  <price>
   726373
  </price>
  <rating>
   2.27
  </rating>
  <reviews>
   795374
  </reviews>
  <new>
   -
  </new>
  <exclusive>
   no
  </exclusive>
  <sporty>
   yes
  </sporty>
 </clothing>
 <clothing>
  <id>
   138955203
  </id>
  <name>
   Asics Jacket J-2226
  </name>
  <category>
   Jacket
  </category>
  <size>
   L
  </size>
  <color>
   Оранжевый
  </color>
  <material>
   Вискоза
  </material>
  <price>
   509185
  </price>
  <rating>
   2.62
  </rating>
  <reviews>
   929495
  </reviews>
 </clothing>
 <clothing>
  <id>
   887745975
  </id>
  <name>
   PleinSport Blouse Z-8357
  </name>
  <category>
   Blouse
  </category>
  <size>
   M
  </size>
  <color>
   Желтый
  </color>
  <material>
   Нейлон
  </material>
  <price>
   671522
  </price>
  <rating>
   2.54
  </rating>
  <reviews>
   669824
  </reviews>
  <new>
   +
  </new>
  <exclusive>
   yes
  </exclusive>
  <sporty>
   yes
  </sporty>
 </clothing>
 <clothing>
  <id>
   980176600
  </id>
  <name>
   Under Armour Gloves G-5470
  </name>
  <category>
   Gloves
  </category>
  <size>
   M
  </size>
  <color>
   Оранжевый
  </color>
  <material>
   Нейлон
  </material>
  <price>
   690173
  </price>
  <rating>
   2.15
  </rating>
  <reviews>
   29195
  </reviews>
  <exclusive>
   no
  </exclusive>
  <sporty>
   yes
  </sporty>
 </clothing>
 <clothing>
  <id>
   762710630
  </id>
  <name>
   DC Skirt U-7363
  </name>
  <category>
   Skirt
  </category>
  <size>
   L
  </size>
  <color>
   Желтый
  </color>
  <material>
   Шелк
  </material>
  <price>
   733306
  </price>
  <rating>
   4.12
  </rating>
  <reviews>
   321845
  </reviews>
  <new>
   -
  </new>
  <sporty>
   yes
  </sporty>
 </clothing>
 <clothing>
  <id>
   237501257
  </id>
  <name>
   New Balance T-shirt U-9423
  </name>
  <category>
   T-shirt
  </category>
  <size>
   XXL
  </size>
  <color>
   Синий
  </color>
  <material>
   Лен
  </material>
  <price>
   314145
  </price>
  <rating>
   2.85
  </rating>
  <reviews>
   670654
  </reviews>
  <new>
   -
  </new>
 </clothing>
 <clothing>
  <id>
   639348988
  </id>
  <name>
   Lacoste Gloves G-9190
  </name>
  <category>
   Gloves
  </category>
  <size>
   S
  </size>
  <color>
   Красный
  </color>
  <material>
   Лен
  </material>
  <price>
   725398
  </price>
  <rating>
   4.84
  </rating>
  <reviews>
   793616
  </reviews>
  <new>
   +
  </new>
  <exclusive>
   yes
  </exclusive>
 </clothing>
 <clothing>
  <id>
   879431946
  </id>
  <name>
   Lacoste Skirt F-1041
  </name>
  <category>
   Skirt
  </category>
  <size>
   M
  </size>
  <color>
   Желтый
  </color>
  <material>
   Лен
  </material>
  <price>
   846556
  </price>
  <rating>
   1.18
  </rating>
  <reviews>
   164101
  </reviews>
  <new>
   -
  </new>
  <exclusive>
   no
  </exclusive>
  <sporty>
   no
  </sporty>
 </clothing>
 <clothing>
  <id>
   761263777
  </id>
  <name>
   Fila T-shirt T-1705
  </name>
  <category>
   T-shirt
  </category>
  <size>
   XXL
  </size>
  <color>
   Фиолетовый
  </color>
  <material>
   Лен
  </material>
  <price>
   814853
  </price>
  <rating>
   1.83
  </rating>
  <reviews>
   207669
  </reviews>
  <exclusive>
   no
  </exclusive>
  <sporty>
   no
  </sporty>
 </clothing>
 <clothing>
  <id>
   305939655
  </id>
  <name>
   Vans Jacket M-3447
  </name>
  <category>
   Jacket
  </category>
  <size>
   XL
  </size>
  <color>
   Фиолетовый
  </color>
  <material>
   Полиэстер
  </material>
  <price>
   328868
  </price>
  <rating>
   4.89
  </rating>
  <reviews>
   356809
  </reviews>
  <new>
   -
  </new>
  <exclusive>
   no
  </exclusive>
 </clothing>
 <clothing>
  <id>
   106919829
  </id>
  <name>
   New Balance Umbrellas J-6346
  </name>
  <category>
   Umbrellas
  </category>
  <size>
   M
  </size>
  <color>
   Оранжевый
  </color>
  <material>
   Лен
  </material>
  <price>
   128121
  </price>
  <rating>
   4.85
  </rating>
  <reviews>
   310538
  </reviews>
  <new>
   -
  </new>
 </clothing>
 <clothing>
  <id>
   686053794
  </id>
  <name>
   New Balance Handbags E-4375
  </name>
  <category>
   Handbags
  </category>
  <size>
   XL
  </size>
  <color>
   Желтый
  </color>
  <material>
   Шелк
  </material>
  <price>
   170566
  </price>
  <rating>
   1.58
  </rating>
  <reviews>
   778307
  </reviews>
  <new>
   -
  </new>
  <sporty>
   yes
  </sporty>
 </clothing>
 <clothing>
  <id>
   715148661
  </id>
  <name>
   Vans Hat C-3413
  </name>
  <category>
   Hat
  </category>
  <size>
   S
  </size>
  <color>
   Зеленый
  </color>
  <material>
   Лен
  </material>
  <price>
   480099
  </price>
  <rating>
   3.63
  </rating>
  <reviews>
   469667
  </reviews>
  <new>
   +
  </new>
  <exclusive>
   yes
  </exclusive>
  <sporty>
   no
  </sporty>
 </clothing>
 <clothing>
  <id>
   484695608
  </id>
  <name>
   PleinSport Jeans N-6395
  </name>
  <category>
   Jeans
  </category>
  <size>
   XL
  </size>
  <color>
   Оранжевый
  </color>
  <material>
   Шерсть
  </material>
  <price>
   139821
  </price>
  <rating>
   2.47
  </rating>
  <reviews>
   942463
  </reviews>
  <sporty>
   yes
  </sporty>
 </clothing>
 <clothing>
  <id>
   726480072
  </id>
  <name>
   DC Dress J-1070
  </name>
  <category>
   Dress
  </category>
  <size>
   XL
  </size>
  <color>
   Зеленый
  </color>
  <material>
   Полиэстер
  </material>
  <price>
   220494
  </price>
  <rating>
   4.94
  </rating>
  <reviews>
   410444
  </reviews>
  <new>
   -
  </new>
  <exclusive>
   no
  </exclusive>
  <sporty>
   no
  </sporty>
 </clothing>
 <clothing>
  <id>
   618187171
  </id>
  <name>
   Adidas Handbags X-1288
  </name>
  <category>
   Handbags
  </category>
  <size>
   S
  </size>
  <color>
   Голубой
  </color>
  <material>
   Вискоза
  </material>
  <price>
   900464
  </price>
  <rating>
   3.41
  </rating>
  <reviews>
   248878
  </reviews>
  <new>
   -
  </new>
  <exclusive>
   yes
  </exclusive>
  <sporty>
   yes
  </sporty>
 </clothing>
 <clothing>
  <id>
   122413346
  </id>
  <name>
   Reebok T-shirt Z-3417
  </name>
  <category>
   T-shirt
  </category>
  <size>
   XXL
  </size>
  <color>
   Желтый
  </color>
  <material>
   Хлопок
  </material>
  <price>
   798645
  </price>
  <rating>
   3.41
  </rating>
  <reviews>
   491010
  </reviews>
  <new>
   -
  </new>
  <sporty>
   yes
  </sporty>
 </clothing>
 <clothing>
  <id>
   710783988
  </id>
  <name>
   Adidas T-shirt Z-3913
  </name>
  <category>
   T-shirt
  </category>
  <size>
   S
  </size>
  <color>
   Зеленый
  </color>
  <material>
   Нейлон
  </material>
  <price>
   293290
  </price>
  <rating>
   3.21
  </rating>
  <reviews>
   492032
  </reviews>
  <new>
   -
  </new>
  <exclusive>
   no
  </exclusive>
 </clothing>
 <clothing>
  <id>
   459036349
  </id>
  <name>
   Asics Blouse C-5452
  </name>
  <category>
   Blouse
  </category>
  <size>
   M
  </size>
  <color>
   Фиолетовый
  </color>
  <material>
   Нейлон
  </material>
  <price>
   326465
  </price>
  <rating>
   2.68
  </rating>
  <reviews>
   722978
  </reviews>
  <exclusive>
   yes
  </exclusive>
  <sporty>
   yes
  </sporty>
 </clothing>
 <clothing>
  <id>
   253217975
  </id>
  <name>
   PleinSport Sweater C-4443
  </name>
  <category>
   Sweater
  </category>
  <size>
   XL
  </size>
  <color>
   Зеленый
  </color>
  <material>
   Шерсть
  </material>
  <price>
   806730
  </price>
  <rating>
   2.8
  </rating>
  <reviews>
   670863
  </reviews>
  <new>
   -
  </new>
  <exclusive>
   yes
  </exclusive>
  <sporty>
   yes
  </sporty>
 </clothing>
 <clothing>
  <id>
   414841537
  </id>
  <name>
   Asics Handbags N-7392
  </name>
  <category>
   Handbags
  </category>
  <size>
   L
  </size>
  <color>
   Фиолетовый
  </color>
  <material>
   Шелк
  </material>
  <price>
   525464
  </price>
  <rating>
   1.85
  </rating>
  <reviews>
   724903
  </reviews>
  <new>
   -
  </new>
  <exclusive>
   no
  </exclusive>
 </clothing>
 <clothing>
  <id>
   713448038
  </id>
  <name>
   Converse Jeans R-1157
  </name>
  <category>
   Jeans
  </category>
  <size>
   XL
  </size>
  <color>
   Красный
  </color>
  <material>
   Шелк
  </material>
  <price>
   404182
  </price>
  <rating>
   2.49
  </rating>
  <reviews>
   877423
  </reviews>
  <exclusive>
   no
  </exclusive>
  <sporty>
   no
  </sporty>
 </clothing>
 <clothing>
  <id>
   706211543
  </id>
  <name>
   PleinSport Jacket F-1970
  </name>
  <category>
   Jacket
  </category>
  <size>
   S
  </size>
  <color>
   Фиолетовый
  </color>
  <material>
   Лен
  </material>
  <price>
   123386
  </price>
  <rating>
   3.73
  </rating>
  <reviews>
   205910
  </reviews>
  <new>
   +
  </new>
  <exclusive>
   no
  </exclusive>
  <sporty>
   no
  </sporty>
 </clothing>
 <clothing>
  <id>
   506643148
  </id>
  <name>
   Reebok Sweater H-4763
  </name>
  <category>
   Sweater
  </category>
  <size>
   XL
  </size>
  <color>
   Зеленый
  </color>
  <material>
   Вискоза
  </material>
  <price>
   268871
  </price>
  <rating>
   1.57
  </rating>
  <reviews>
   346941
  </reviews>
  <new>
   -
  </new>
 </clothing>
 <clothing>
  <id>
   552731460
  </id>
  <name>
   Puma Socks O-2567
  </name>
  <category>
   Socks
  </category>
  <size>
   XL
  </size>
  <color>
   Синий
  </color>
  <material>
   Шерсть
  </material>
  <price>
   767503
  </price>
  <rating>
   2.29
  </rating>
  <reviews>
   160128
  </reviews>
  <new>
   +
  </new>
  <exclusive>
   yes
  </exclusive>
  <sporty>
   no
  </sporty>
 </clothing>
 <clothing>
  <id>
   582960657
  </id>
  <name>
   PleinSport Belts Y-7098
  </name>
  <category>
   Belts
  </category>
  <size>
   L
  </size>
  <color>
   Голубой
  </color>
  <material>
   Хлопок
  </material>
  <price>
   542149
  </price>
  <rating>
   3.12
  </rating>
  <reviews>
   699101
  </reviews>
  <new>
   +
  </new>
  <sporty>
   yes
  </sporty>
 </clothing>
 <clothing>
  <id>
   723607683
  </id>
  <name>
   Adidas Shirt V-5711
  </name>
  <category>
   Shirt
  </category>
  <size>
   XXL
  </size>
  <color>
   Оранжевый
  </color>
  <material>
   Шелк
  </material>
  <price>
   988550
  </price>
  <rating>
   3.76
  </rating>
  <reviews>
   247240
  </reviews>
  <new>
   +
  </new>
  <exclusive>
   yes
  </exclusive>
 </clothing>
 <clothing>
  <id>
   733018016
  </id>
  <name>
   New Balance Pants M-7393
  </name>
  <category>
   Pants
  </category>
  <size>
   XL
  </size>
  <color>
   Фиолетовый
  </color>
  <material>
   Шерсть
  </material>
  <price>
   141947
  </price>
  <rating>
   3.34
  </rating>
  <reviews>
   466227
  </reviews>
  <exclusive>
   no
  </exclusive>
  <sporty>
   no
  </sporty>
 </clothing>
 <clothing>
  <id>
   154994004
  </id>
  <name>
   Vans Gloves T-8734
  </name>
  <category>
   Gloves
  </category>
  <size>
   S
  </size>
  <color>
   Желтый
  </color>
  <material>
   Шелк
  </material>
  <price>
   329511
  </price>
  <rating>
   2.73
  </rating>
  <reviews>
   391009
  </reviews>
  <new>
   -
  </new>
  <exclusive>
   yes
  </exclusive>
  <sporty>
   yes
  </sporty>
 </clothing>
</clothing-items>
