<?xml version="1.0" encoding="utf-8"?>
<clothing-items>
 <clothing>
  <id>
   447363670
  </id>
  <name>
   Fila Jeans O-2372
  </name>
  <category>
   Jeans
  </category>
  <size>
   M
  </size>
  <color>
   Синий
  </color>
  <material>
   Хлопок
  </material>
  <price>
   939278
  </price>
  <rating>
   2.42
  </rating>
  <reviews>
   192314
  </reviews>
  <exclusive>
   no
  </exclusive>
 </clothing>
 <clothing>
  <id>
   247159337
  </id>
  <name>
   DC Umbrellas F-6472
  </name>
  <category>
   Umbrellas
  </category>
  <size>
   M
  </size>
  <color>
   Зеленый
  </color>
  <material>
   Лен
  </material>
  <price>
   673171
  </price>
  <rating>
   2.57
  </rating>
  <reviews>
   685546
  </reviews>
  <sporty>
   no
  </sporty>
 </clothing>
 <clothing>
  <id>
   755061782
  </id>
  <name>
   Ellesse Dress B-7309
  </name>
  <category>
   Dress
  </category>
  <size>
   M
  </size>
  <color>
   Голубой
  </color>
  <material>
   Вискоза
  </material>
  <price>
   399167
  </price>
  <rating>
   1.01
  </rating>
  <reviews>
   235037
  </reviews>
  <new>
   -
  </new>
  <exclusive>
   no
  </exclusive>
  <sporty>
   yes
  </sporty>
 </clothing>
 <clothing>
  <id>
   287251814
  </id>
  <name>
   Converse Belts B-6924
  </name>
  <category>
   Belts
  </category>
  <size>
   XL
  </size>
  <color>
   Голубой
  </color>
  <material>
   Нейлон
  </material>
  <price>
   818283
  </price>
  <rating>
   2.74
  </rating>
  <reviews>
   286050
  </reviews>
  <exclusive>
   no
  </exclusive>
  <sporty>
   no
  </sporty>
 </clothing>
 <clothing>
  <id>
   836302824
  </id>
  <name>
   Puma Shirt D-4575
  </name>
  <category>
   Shirt
  </category>
  <size>
   XXL
  </size>
  <color>
   Желтый
  </color>
  <material>
   Шерсть
  </material>
  <price>
   467841
  </price>
  <rating>
   1.24
  </rating>
  <reviews>
   808595
  </reviews>
  <exclusive>
   no
  </exclusive>
 </clothing>
 <clothing>
  <id>
   708917137
  </id>
  <name>
   Asics Pants N-1265
  </name>
  <category>
   Pants
  </category>
  <size>
   XL
  </size>
  <color>
   Фиолетовый
  </color>
  <material>
   Вискоза
  </material>
  <price>
   312325
  </price>
  <rating>
   4.55
  </rating>
  <reviews>
   792316
  </reviews>
  <new>
   -
  </new>
  <exclusive>
   no
  </exclusive>
  <sporty>
   yes
  </sporty>
 </clothing>
 <clothing>
  <id>
   666244009
  </id>
  <name>
   Lacoste Hat J-6467
  </name>
  <category>
   Hat
  </category>
  <size>
   L
  </size>
  <color>
   Оранжевый
  </color>
  <material>
   Нейлон
  </material>
  <price>
   547610
  </price>
  <rating>
   3.54
  </rating>
  <reviews>
   853842
  </reviews>
  <sporty>
   yes
  </sporty>
 </clothing>
 <clothing>
  <id>
   452325278
  </id>
  <name>
   Ellesse Jacket M-1784
  </name>
  <category>
   Jacket
  </category>
  <size>
   M
  </size>
  <color>
   Голубой
  </color>
  <material>
   Лен
  </material>
  <price>
   472341
  </price>
  <rating>
   1.39
  </rating>
  <reviews>
   463835
  </reviews>
  <new>
   +
  </new>
  <exclusive>
   no
  </exclusive>
 </clothing>
 <clothing>
  <id>
   994791949
  </id>
  <name>
   Reebok Pants A-2092
  </name>
  <category>
   Pants
  </category>
  <size>
   XL
  </size>
  <color>
   Оранжевый
  </color>
  <material>
   Лен
  </material>
  <price>
   895384
  </price>
  <rating>
   2.3
  </rating>
  <reviews>
   577755
  </reviews>
 </clothing>
 <clothing>
  <id>
   602907464
  </id>
  <name>
   DC Socks B-2824
  </name>
  <category>
   Socks
  </category>
  <size>
   L
  </size>
  <color>
   Красный
  </color>
  <material>
   Шелк
  </material>
  <price>
   248040
  </price>
  <rating>
   4.7
  </rating>
  <reviews>
   17655
  </reviews>
  <exclusive>
   no
  </exclusive>
  <sporty>
   no
  </sporty>
 </clothing>
 <clothing>
  <id>
   849254914
  </id>
  <name>
   Under Armour Dress Y-4057
  </name>
  <category>
   Dress
  </category>
  <size>
   XL
  </size>
  <color>
   Желтый
  </color>
  <material>
   Вискоза
  </material>
  <price>
   257601
  </price>
  <rating>
   3.05
  </rating>
  <reviews>
   32739
  </reviews>
  <new>
   -
  </new>
 </clothing>
</clothing-items>
