<?xml version="1.0" encoding="utf-8"?>
<clothing-items>
 <clothing>
  <id>
   852546307
  </id>
  <name>
   Nike Pants U-7226
  </name>
  <category>
   Pants
  </category>
  <size>
   XXL
  </size>
  <color>
   Зеленый
  </color>
  <material>
   Вискоза
  </material>
  <price>
   388642
  </price>
  <rating>
   3.68
  </rating>
  <reviews>
   97462
  </reviews>
  <exclusive>
   yes
  </exclusive>
 </clothing>
 <clothing>
  <id>
   694010024
  </id>
  <name>
   Fila Shoes X-3078
  </name>
  <category>
   Shoes
  </category>
  <size>
   M
  </size>
  <color>
   Желтый
  </color>
  <material>
   Лен
  </material>
  <price>
   166633
  </price>
  <rating>
   4.45
  </rating>
  <reviews>
   998692
  </reviews>
  <new>
   +
  </new>
  <exclusive>
   yes
  </exclusive>
  <sporty>
   yes
  </sporty>
 </clothing>
 <clothing>
  <id>
   418536434
  </id>
  <name>
   Adidas Hat B-4846
  </name>
  <category>
   Hat
  </category>
  <size>
   XXL
  </size>
  <color>
   Голубой
  </color>
  <material>
   Шерсть
  </material>
  <price>
   400593
  </price>
  <rating>
   2.48
  </rating>
  <reviews>
   509921
  </reviews>
  <new>
   +
  </new>
  <exclusive>
   yes
  </exclusive>
  <sporty>
   yes
  </sporty>
 </clothing>
 <clothing>
  <id>
   354325085
  </id>
  <name>
   Puma Hat D-7106
  </name>
  <category>
   Hat
  </category>
  <size>
   M
  </size>
  <color>
   Зеленый
  </color>
  <material>
   Шелк
  </material>
  <price>
   454927
  </price>
  <rating>
   4.17
  </rating>
  <reviews>
   113011
  </reviews>
  <exclusive>
   no
  </exclusive>
  <sporty>
   yes
  </sporty>
 </clothing>
 <clothing>
  <id>
   300642034
  </id>
  <name>
   Ellesse Skirt U-9403
  </name>
  <category>
   Skirt
  </category>
  <size>
   L
  </size>
  <color>
   Оранжевый
  </color>
  <material>
   Лен
  </material>
  <price>
   470761
  </price>
  <rating>
   1.73
  </rating>
  <reviews>
   723475
  </reviews>
 </clothing>
 <clothing>
  <id>
   320659774
  </id>
  <name>
   Reebok T-shirt R-3534
  </name>
  <category>
   T-shirt
  </category>
  <size>
   XXL
  </size>
  <color>
   Фиолетовый
  </color>
  <material>
   Вискоза
  </material>
  <price>
   198503
  </price>
  <rating>
   4.78
  </rating>
  <reviews>
   632308
  </reviews>
 </clothing>
 <clothing>
  <id>
   171307620
  </id>
  <name>
   Adidas Handbags W-6115
  </name>
  <category>
   Handbags
  </category>
  <size>
   L
  </size>
  <color>
   Красный
  </color>
  <material>
   Полиэстер
  </material>
  <price>
   809497
  </price>
  <rating>
   3.97
  </rating>
  <reviews>
   669313
  </reviews>
  <new>
   +
  </new>
  <sporty>
   no
  </sporty>
 </clothing>
 <clothing>
  <id>
   749352482
  </id>
  <name>
   Fila Hat P-6111
  </name>
  <category>
   Hat
  </category>
  <size>
   L
  </size>
  <color>
   Голубой
  </color>
  <material>
   Нейлон
  </material>
  <price>
   641655
  </price>
  <rating>
   1.69
  </rating>
  <reviews>
   529836
  </reviews>
  <new>
   -
  </new>
  <sporty>
   no
  </sporty>
 </clothing>
 <clothing>
  <id>
   330127903
  </id>
  <name>
   Ellesse Shoes E-4381
  </name>
  <category>
   Shoes
  </category>
  <size>
   S
  </size>
  <color>
   Синий
  </color>
  <material>
   Полиэстер
  </material>
  <price>
   864957
  </price>
  <rating>
   1.41
  </rating>
  <reviews>
   182293
  </reviews>
  <exclusive>
   no
  </exclusive>
 </clothing>
 <clothing>
  <id>
   914297222
  </id>
  <name>
   DC Handbags T-8426
  </name>
  <category>
   Handbags
  </category>
  <size>
   M
  </size>
  <color>
   Синий
  </color>
  <material>
   Хлопок
  </material>
  <price>
   986709
  </price>
  <rating>
   4.08
  </rating>
  <reviews>
   720697
  </reviews>
 </clothing>
 <clothing>
  <id>
   901228198
  </id>
  <name>
   Ellesse Pants F-4208
  </name>
  <category>
   Pants
  </category>
  <size>
   XL
  </size>
  <color>
   Оранжевый
  </color>
  <material>
   Вискоза
  </material>
  <price>
   655291
  </price>
  <rating>
   4.68
  </rating>
  <reviews>
   6707
  </reviews>
  <new>
   -
  </new>
  <exclusive>
   no
  </exclusive>
  <sporty>
   yes
  </sporty>
 </clothing>
 <clothing>
  <id>
   696771770
  </id>
  <name>
   Lacoste Skirt N-6353
  </name>
  <category>
   Skirt
  </category>
  <size>
   S
  </size>
  <color>
   Синий
  </color>
  <material>
   Шерсть
  </material>
  <price>
   951115
  </price>
  <rating>
   3.2
  </rating>
  <reviews>
   468120
  </reviews>
  <exclusive>
   no
  </exclusive>
  <sporty>
   yes
  </sporty>
 </clothing>
 <clothing>
  <id>
   481494739
  </id>
  <name>
   Addidas Gloves D-1254
  </name>
  <category>
   Gloves
  </category>
  <size>
   XXL
  </size>
  <color>
   Голубой
  </color>
  <material>
   Лен
  </material>
  <price>
   318317
  </price>
  <rating>
   3.0
  </rating>
  <reviews>
   992908
  </reviews>
  <new>
   -
  </new>
  <sporty>
   yes
  </sporty>
 </clothing>
 <clothing>
  <id>
   311263686
  </id>
  <name>
   PleinSport T-shirt P-3926
  </name>
  <category>
   T-shirt
  </category>
  <size>
   M
  </size>
  <color>
   Синий
  </color>
  <material>
   Нейлон
  </material>
  <price>
   291825
  </price>
  <rating>
   1.53
  </rating>
  <reviews>
   29733
  </reviews>
  <new>
   -
  </new>
 </clothing>
 <clothing>
  <id>
   711155545
  </id>
  <name>
   Ellesse Handbags G-7694
  </name>
  <category>
   Handbags
  </category>
  <size>
   S
  </size>
  <color>
   Желтый
  </color>
  <material>
   Шерсть
  </material>
  <price>
   856840
  </price>
  <rating>
   4.99
  </rating>
  <reviews>
   733211
  </reviews>
  <new>
   +
  </new>
  <sporty>
   yes
  </sporty>
 </clothing>
 <clothing>
  <id>
   428179010
  </id>
  <name>
   Ellesse Blouse K-4333
  </name>
  <category>
   Blouse
  </category>
  <size>
   S
  </size>
  <color>
   Красный
  </color>
  <material>
   Вискоза
  </material>
  <price>
   632802
  </price>
  <rating>
   1.36
  </rating>
  <reviews>
   499504
  </reviews>
  <sporty>
   yes
  </sporty>
 </clothing>
 <clothing>
  <id>
   458019839
  </id>
  <name>
   Adidas Umbrellas Z-2151
  </name>
  <category>
   Umbrellas
  </category>
  <size>
   S
  </size>
  <color>
   Голубой
  </color>
  <material>
   Нейлон
  </material>
  <price>
   968207
  </price>
  <rating>
   2.15
  </rating>
  <reviews>
   480532
  </reviews>
  <exclusive>
   yes
  </exclusive>
 </clothing>
 <clothing>
  <id>
   914150777
  </id>
  <name>
   Vans Belts J-2769
  </name>
  <category>
   Belts
  </category>
  <size>
   M
  </size>
  <color>
   Красный
  </color>
  <material>
   Лен
  </material>
  <price>
   445032
  </price>
  <rating>
   2.95
  </rating>
  <reviews>
   197962
  </reviews>
  <sporty>
   yes
  </sporty>
 </clothing>
 <clothing>
  <id>
   508888745
  </id>
  <name>
   DC Dress O-4950
  </name>
  <category>
   Dress
  </category>
  <size>
   XXL
  </size>
  <color>
   Зеленый
  </color>
  <material>
   Кожа
  </material>
  <price>
   510065
  </price>
  <rating>
   3.9
  </rating>
  <reviews>
   888947
  </reviews>
  <new>
   +
  </new>
  <exclusive>
   yes
  </exclusive>
  <sporty>
   yes
  </sporty>
 </clothing>
 <clothing>
  <id>
   842667551
  </id>
  <name>
   Reebok Shirt T-9497
  </name>
  <category>
   Shirt
  </category>
  <size>
   M
  </size>
  <color>
   Желтый
  </color>
  <material>
   Шерсть
  </material>
  <price>
   427263
  </price>
  <rating>
   1.25
  </rating>
  <reviews>
   375007
  </reviews>
  <new>
   -
  </new>
  <sporty>
   no
  </sporty>
 </clothing>
 <clothing>
  <id>
   854778335
  </id>
  <name>
   Reebok Shirt M-5778
  </name>
  <category>
   Shirt
  </category>
  <size>
   L
  </size>
  <color>
   Фиолетовый
  </color>
  <material>
   Лен
  </material>
  <price>
   200233
  </price>
  <rating>
   1.89
  </rating>
  <reviews>
   964188
  </reviews>
  <sporty>
   yes
  </sporty>
 </clothing>
 <clothing>
  <id>
   605417712
  </id>
  <name>
   Addidas Shirt X-8675
  </name>
  <category>
   Shirt
  </category>
  <size>
   XXL
  </size>
  <color>
   Фиолетовый
  </color>
  <material>
   Шелк
  </material>
  <price>
   579339
  </price>
  <rating>
   2.85
  </rating>
  <reviews>
   78034
  </reviews>
  <new>
   +
  </new>
 </clothing>
 <clothing>
  <id>
   498450880
  </id>
  <name>
   New Balance Pants R-1629
  </name>
  <category>
   Pants
  </category>
  <size>
   S
  </size>
  <color>
   Желтый
  </color>
  <material>
   Вискоза
  </material>
  <price>
   439767
  </price>
  <rating>
   2.12
  </rating>
  <reviews>
   526192
  </reviews>
  <new>
   -
  </new>
  <exclusive>
   no
  </exclusive>
 </clothing>
 <clothing>
  <id>
   507381218
  </id>
  <name>
   Fila Handbags A-6560
  </name>
  <category>
   Handbags
  </category>
  <size>
   L
  </size>
  <color>
   Красный
  </color>
  <material>
   Вискоза
  </material>
  <price>
   828643
  </price>
  <rating>
   3.49
  </rating>
  <reviews>
   656491
  </reviews>
 </clothing>
 <clothing>
  <id>
   480180988
  </id>
  <name>
   Adidas Socks V-7656
  </name>
  <category>
   Socks
  </category>
  <size>
   L
  </size>
  <color>
   Красный
  </color>
  <material>
   Кожа
  </material>
  <price>
   999139
  </price>
  <rating>
   1.92
  </rating>
  <reviews>
   835535
  </reviews>
  <new>
   -
  </new>
  <exclusive>
   no
  </exclusive>
  <sporty>
   no
  </sporty>
 </clothing>
 <clothing>
  <id>
   393146127
  </id>
  <name>
   Under Armour T-shirt Q-3296
  </name>
  <category>
   T-shirt
  </category>
  <size>
   L
  </size>
  <color>
   Фиолетовый
  </color>
  <material>
   Хлопок
  </material>
  <price>
   802088
  </price>
  <rating>
   4.84
  </rating>
  <reviews>
   71887
  </reviews>
  <new>
   -
  </new>
  <exclusive>
   yes
  </exclusive>
  <sporty>
   yes
  </sporty>
 </clothing>
 <clothing>
  <id>
   795269288
  </id>
  <name>
   PleinSport Dress F-2980
  </name>
  <category>
   Dress
  </category>
  <size>
   M
  </size>
  <color>
   Зеленый
  </color>
  <material>
   Кожа
  </material>
  <price>
   824104
  </price>
  <rating>
   1.43
  </rating>
  <reviews>
   93565
  </reviews>
  <new>
   -
  </new>
  <exclusive>
   no
  </exclusive>
  <sporty>
   no
  </sporty>
 </clothing>
 <clothing>
  <id>
   649485158
  </id>
  <name>
   Under Armour Shoes T-8663
  </name>
  <category>
   Shoes
  </category>
  <size>
   S
  </size>
  <color>
   Фиолетовый
  </color>
  <material>
   Вискоза
  </material>
  <price>
   415166
  </price>
  <rating>
   3.84
  </rating>
  <reviews>
   175972
  </reviews>
  <new>
   -
  </new>
  <exclusive>
   no
  </exclusive>
 </clothing>
 <clothing>
  <id>
   978504283
  </id>
  <name>
   Lacoste Sweater G-6941
  </name>
  <category>
   Sweater
  </category>
  <size>
   L
  </size>
  <color>
   Оранжевый
  </color>
  <material>
   Шерсть
  </material>
  <price>
   475800
  </price>
  <rating>
   3.25
  </rating>
  <reviews>
   977126
  </reviews>
  <new>
   -
  </new>
  <exclusive>
   no
  </exclusive>
  <sporty>
   yes
  </sporty>
 </clothing>
 <clothing>
  <id>
   338680788
  </id>
  <name>
   Adidas Hat F-1727
  </name>
  <category>
   Hat
  </category>
  <size>
   XXL
  </size>
  <color>
   Фиолетовый
  </color>
  <material>
   Полиэстер
  </material>
  <price>
   150762
  </price>
  <rating>
   1.38
  </rating>
  <reviews>
   596651
  </reviews>
  <exclusive>
   no
  </exclusive>
  <sporty>
   no
  </sporty>
 </clothing>
 <clothing>
  <id>
   901951078
  </id>
  <name>
   Addidas Gloves S-4934
  </name>
  <category>
   Gloves
  </category>
  <size>
   XL
  </size>
  <color>
   Красный
  </color>
  <material>
   Хлопок
  </material>
  <price>
   386436
  </price>
  <rating>
   3.37
  </rating>
  <reviews>
   302765
  </reviews>
  <exclusive>
   no
  </exclusive>
  <sporty>
   no
  </sporty>
 </clothing>
 <clothing>
  <id>
   992646273
  </id>
  <name>
   Nike Dress X-4804
  </name>
  <category>
   Dress
  </category>
  <size>
   XL
  </size>
  <color>
   Синий
  </color>
  <material>
   Шерсть
  </material>
  <price>
   774655
  </price>
  <rating>
   2.71
  </rating>
  <reviews>
   803197
  </reviews>
  <new>
   +
  </new>
  <exclusive>
   no
  </exclusive>
  <sporty>
   no
  </sporty>
 </clothing>
 <clothing>
  <id>
   315287546
  </id>
  <name>
   Under Armour Shoes W-2089
  </name>
  <category>
   Shoes
  </category>
  <size>
   M
  </size>
  <color>
   Желтый
  </color>
  <material>
   Полиэстер
  </material>
  <price>
   766337
  </price>
  <rating>
   2.18
  </rating>
  <reviews>
   519310
  </reviews>
  <exclusive>
   no
  </exclusive>
 </clothing>
 <clothing>
  <id>
   719500593
  </id>
  <name>
   DC Dress W-9440
  </name>
  <category>
   Dress
  </category>
  <size>
   L
  </size>
  <color>
   Желтый
  </color>
  <material>
   Вискоза
  </material>
  <price>
   510806
  </price>
  <rating>
   4.19
  </rating>
  <reviews>
   371312
  </reviews>
  <new>
   +
  </new>
  <exclusive>
   no
  </exclusive>
  <sporty>
   yes
  </sporty>
 </clothing>
 <clothing>
  <id>
   768290487
  </id>
  <name>
   DC Dress L-4052
  </name>
  <category>
   Dress
  </category>
  <size>
   XL
  </size>
  <color>
   Фиолетовый
  </color>
  <material>
   Шерсть
  </material>
  <price>
   809655
  </price>
  <rating>
   2.19
  </rating>
  <reviews>
   42167
  </reviews>
  <exclusive>
   yes
  </exclusive>
  <sporty>
   no
  </sporty>
 </clothing>
 <clothing>
  <id>
   881039467
  </id>
  <name>
   New Balance Handbags K-9040
  </name>
  <category>
   Handbags
  </category>
  <size>
   M
  </size>
  <color>
   Зеленый
  </color>
  <material>
   Кожа
  </material>
  <price>
   614540
  </price>
  <rating>
   3.29
  </rating>
  <reviews>
   343932
  </reviews>
  <new>
   -
  </new>
  <sporty>
   no
  </sporty>
 </clothing>
 <clothing>
  <id>
   295910371
  </id>
  <name>
   Brooks Gloves Z-7749
  </name>
  <category>
   Gloves
  </category>
  <size>
   L
  </size>
  <color>
   Зеленый
  </color>
  <material>
   Вискоза
  </material>
  <price>
   783580
  </price>
  <rating>
   3.48
  </rating>
  <reviews>
   85988
  </reviews>
  <new>
   -
  </new>
  <exclusive>
   yes
  </exclusive>
  <sporty>
   no
  </sporty>
 </clothing>
 <clothing>
  <id>
   758296295
  </id>
  <name>
   Under Armour Belts N-4666
  </name>
  <category>
   Belts
  </category>
  <size>
   XL
  </size>
  <color>
   Красный
  </color>
  <material>
   Вискоза
  </material>
  <price>
   204988
  </price>
  <rating>
   4.37
  </rating>
  <reviews>
   93174
  </reviews>
  <new>
   -
  </new>
  <sporty>
   no
  </sporty>
 </clothing>
</clothing-items>
