<?xml version="1.0" encoding="utf-8"?>
<clothing-items>
 <clothing>
  <id>
   324636593
  </id>
  <name>
   Lacoste Handbags U-1589
  </name>
  <category>
   Handbags
  </category>
  <size>
   S
  </size>
  <color>
   Фиолетовый
  </color>
  <material>
   Нейлон
  </material>
  <price>
   752927
  </price>
  <rating>
   2.39
  </rating>
  <reviews>
   494443
  </reviews>
  <exclusive>
   no
  </exclusive>
 </clothing>
 <clothing>
  <id>
   364635607
  </id>
  <name>
   Lacoste Dress S-2265
  </name>
  <category>
   Dress
  </category>
  <size>
   L
  </size>
  <color>
   Зеленый
  </color>
  <material>
   Вискоза
  </material>
  <price>
   285667
  </price>
  <rating>
   4.16
  </rating>
  <reviews>
   2454
  </reviews>
  <exclusive>
   yes
  </exclusive>
  <sporty>
   no
  </sporty>
 </clothing>
 <clothing>
  <id>
   659834599
  </id>
  <name>
   Fila Socks X-8361
  </name>
  <category>
   Socks
  </category>
  <size>
   XXL
  </size>
  <color>
   Зеленый
  </color>
  <material>
   Шерсть
  </material>
  <price>
   595129
  </price>
  <rating>
   1.82
  </rating>
  <reviews>
   121102
  </reviews>
  <new>
   -
  </new>
  <exclusive>
   no
  </exclusive>
  <sporty>
   no
  </sporty>
 </clothing>
 <clothing>
  <id>
   719633639
  </id>
  <name>
   Fila Socks R-9391
  </name>
  <category>
   Socks
  </category>
  <size>
   S
  </size>
  <color>
   Красный
  </color>
  <material>
   Шелк
  </material>
  <price>
   228554
  </price>
  <rating>
   4.49
  </rating>
  <reviews>
   723812
  </reviews>
  <new>
   -
  </new>
  <exclusive>
   no
  </exclusive>
 </clothing>
 <clothing>
  <id>
   238109574
  </id>
  <name>
   Puma Hat C-4540
  </name>
  <category>
   Hat
  </category>
  <size>
   L
  </size>
  <color>
   Красный
  </color>
  <material>
   Шелк
  </material>
  <price>
   697307
  </price>
  <rating>
   1.41
  </rating>
  <reviews>
   857418
  </reviews>
  <new>
   -
  </new>
  <exclusive>
   yes
  </exclusive>
  <sporty>
   yes
  </sporty>
 </clothing>
 <clothing>
  <id>
   787762209
  </id>
  <name>
   New Balance Umbrellas N-7680
  </name>
  <category>
   Umbrellas
  </category>
  <size>
   XL
  </size>
  <color>
   Оранжевый
  </color>
  <material>
   Хлопок
  </material>
  <price>
   861853
  </price>
  <rating>
   4.72
  </rating>
  <reviews>
   875829
  </reviews>
  <new>
   -
  </new>
 </clothing>
 <clothing>
  <id>
   129384923
  </id>
  <name>
   Adidas Pants W-1231
  </name>
  <category>
   Pants
  </category>
  <size>
   L
  </size>
  <color>
   Голубой
  </color>
  <material>
   Хлопок
  </material>
  <price>
   292029
  </price>
  <rating>
   3.09
  </rating>
  <reviews>
   658478
  </reviews>
  <exclusive>
   yes
  </exclusive>
 </clothing>
 <clothing>
  <id>
   181412529
  </id>
  <name>
   Ellesse Handbags Z-1674
  </name>
  <category>
   Handbags
  </category>
  <size>
   M
  </size>
  <color>
   Оранжевый
  </color>
  <material>
   Полиэстер
  </material>
  <price>
   690867
  </price>
  <rating>
   3.1
  </rating>
  <reviews>
   909903
  </reviews>
 </clothing>
 <clothing>
  <id>
   984343593
  </id>
  <name>
   Asics Umbrellas Q-8292
  </name>
  <category>
   Umbrellas
  </category>
  <size>
   L
  </size>
  <color>
   Красный
  </color>
  <material>
   Нейлон
  </material>
  <price>
   853166
  </price>
  <rating>
   4.17
  </rating>
  <reviews>
   116135
  </reviews>
  <new>
   +
  </new>
  <exclusive>
   no
  </exclusive>
 </clothing>
 <clothing>
  <id>
   395907218
  </id>
  <name>
   Addidas Handbags D-8494
  </name>
  <category>
   Handbags
  </category>
  <size>
   XL
  </size>
  <color>
   Зеленый
  </color>
  <material>
   Шерсть
  </material>
  <price>
   455422
  </price>
  <rating>
   2.38
  </rating>
  <reviews>
   515876
  </reviews>
  <new>
   +
  </new>
  <exclusive>
   no
  </exclusive>
  <sporty>
   no
  </sporty>
 </clothing>
 <clothing>
  <id>
   539060516
  </id>
  <name>
   Puma Gloves D-5480
  </name>
  <category>
   Gloves
  </category>
  <size>
   XXL
  </size>
  <color>
   Желтый
  </color>
  <material>
   Лен
  </material>
  <price>
   210112
  </price>
  <rating>
   4.38
  </rating>
  <reviews>
   707337
  </reviews>
  <new>
   +
  </new>
  <exclusive>
   no
  </exclusive>
  <sporty>
   no
  </sporty>
 </clothing>
 <clothing>
  <id>
   597004717
  </id>
  <name>
   Ellesse T-shirt G-5036
  </name>
  <category>
   T-shirt
  </category>
  <size>
   S
  </size>
  <color>
   Оранжевый
  </color>
  <material>
   Хлопок
  </material>
  <price>
   488608
  </price>
  <rating>
   4.19
  </rating>
  <reviews>
   266502
  </reviews>
  <new>
   +
  </new>
  <sporty>
   yes
  </sporty>
 </clothing>
 <clothing>
  <id>
   969945166
  </id>
  <name>
   Brooks Gloves X-2669
  </name>
  <category>
   Gloves
  </category>
  <size>
   L
  </size>
  <color>
   Красный
  </color>
  <material>
   Шерсть
  </material>
  <price>
   315861
  </price>
  <rating>
   4.71
  </rating>
  <reviews>
   508278
  </reviews>
  <sporty>
   yes
  </sporty>
 </clothing>
 <clothing>
  <id>
   518326468
  </id>
  <name>
   Lacoste Shirt Q-9660
  </name>
  <category>
   Shirt
  </category>
  <size>
   XL
  </size>
  <color>
   Оранжевый
  </color>
  <material>
   Вискоза
  </material>
  <price>
   404468
  </price>
  <rating>
   2.33
  </rating>
  <reviews>
   649012
  </reviews>
  <new>
   -
  </new>
  <exclusive>
   no
  </exclusive>
  <sporty>
   no
  </sporty>
 </clothing>
 <clothing>
  <id>
   450280742
  </id>
  <name>
   Addidas Socks Y-7454
  </name>
  <category>
   Socks
  </category>
  <size>
   XL
  </size>
  <color>
   Синий
  </color>
  <material>
   Вискоза
  </material>
  <price>
   898216
  </price>
  <rating>
   3.85
  </rating>
  <reviews>
   614456
  </reviews>
  <sporty>
   yes
  </sporty>
 </clothing>
 <clothing>
  <id>
   965961571
  </id>
  <name>
   Asics Shoes U-9296
  </name>
  <category>
   Shoes
  </category>
  <size>
   XL
  </size>
  <color>
   Красный
  </color>
  <material>
   Нейлон
  </material>
  <price>
   334857
  </price>
  <rating>
   4.08
  </rating>
  <reviews>
   429294
  </reviews>
  <exclusive>
   yes
  </exclusive>
  <sporty>
   no
  </sporty>
 </clothing>
 <clothing>
  <id>
   134780948
  </id>
  <name>
   Under Armour Handbags I-2659
  </name>
  <category>
   Handbags
  </category>
  <size>
   M
  </size>
  <color>
   Оранжевый
  </color>
  <material>
   Шерсть
  </material>
  <price>
   233089
  </price>
  <rating>
   3.52
  </rating>
  <reviews>
   647743
  </reviews>
  <new>
   +
  </new>
  <sporty>
   no
  </sporty>
 </clothing>
 <clothing>
  <id>
   962174380
  </id>
  <name>
   DC Gloves K-6267
  </name>
  <category>
   Gloves
  </category>
  <size>
   L
  </size>
  <color>
   Красный
  </color>
  <material>
   Полиэстер
  </material>
  <price>
   610657
  </price>
  <rating>
   4.34
  </rating>
  <reviews>
   619941
  </reviews>
  <new>
   -
  </new>
  <exclusive>
   no
  </exclusive>
  <sporty>
   no
  </sporty>
 </clothing>
 <clothing>
  <id>
   926225105
  </id>
  <name>
   Puma Hat A-6165
  </name>
  <category>
   Hat
  </category>
  <size>
   S
  </size>
  <color>
   Красный
  </color>
  <material>
   Хлопок
  </material>
  <price>
   452378
  </price>
  <rating>
   4.09
  </rating>
  <reviews>
   504611
  </reviews>
  <new>
   +
  </new>
  <sporty>
   no
  </sporty>
 </clothing>
 <clothing>
  <id>
   347612192
  </id>
  <name>
   Lacoste Handbags F-6969
  </name>
  <category>
   Handbags
  </category>
  <size>
   M
  </size>
  <color>
   Красный
  </color>
  <material>
   Кожа
  </material>
  <price>
   476288
  </price>
  <rating>
   3.74
  </rating>
  <reviews>
   418889
  </reviews>
  <new>
   -
  </new>
  <exclusive>
   no
  </exclusive>
  <sporty>
   yes
  </sporty>
 </clothing>
</clothing-items>
