<?xml version="1.0" encoding="utf-8"?>
<clothing-items>
 <clothing>
  <id>
   384295059
  </id>
  <name>
   PleinSport Umbrellas I-2222
  </name>
  <category>
   Umbrellas
  </category>
  <size>
   XXL
  </size>
  <color>
   Зеленый
  </color>
  <material>
   Вискоза
  </material>
  <price>
   757372
  </price>
  <rating>
   3.7
  </rating>
  <reviews>
   295388
  </reviews>
  <new>
   +
  </new>
  <exclusive>
   no
  </exclusive>
  <sporty>
   no
  </sporty>
 </clothing>
 <clothing>
  <id>
   102014755
  </id>
  <name>
   Addidas Shirt F-8355
  </name>
  <category>
   Shirt
  </category>
  <size>
   S
  </size>
  <color>
   Голубой
  </color>
  <material>
   Нейлон
  </material>
  <price>
   409561
  </price>
  <rating>
   1.07
  </rating>
  <reviews>
   625905
  </reviews>
  <new>
   +
  </new>
  <exclusive>
   yes
  </exclusive>
 </clothing>
 <clothing>
  <id>
   588036973
  </id>
  <name>
   Nike T-shirt J-9913
  </name>
  <category>
   T-shirt
  </category>
  <size>
   XXL
  </size>
  <color>
   Синий
  </color>
  <material>
   Хлопок
  </material>
  <price>
   223030
  </price>
  <rating>
   3.41
  </rating>
  <reviews>
   293364
  </reviews>
 </clothing>
 <clothing>
  <id>
   431386397
  </id>
  <name>
   Adidas Blouse R-5274
  </name>
  <category>
   Blouse
  </category>
  <size>
   S
  </size>
  <color>
   Красный
  </color>
  <material>
   Полиэстер
  </material>
  <price>
   543924
  </price>
  <rating>
   3.04
  </rating>
  <reviews>
   928978
  </reviews>
 </clothing>
 <clothing>
  <id>
   142217335
  </id>
  <name>
   Adidas Skirt B-7805
  </name>
  <category>
   Skirt
  </category>
  <size>
   S
  </size>
  <color>
   Зеленый
  </color>
  <material>
   Лен
  </material>
  <price>
   248244
  </price>
  <rating>
   2.69
  </rating>
  <reviews>
   926543
  </reviews>
  <new>
   +
  </new>
  <exclusive>
   yes
  </exclusive>
  <sporty>
   yes
  </sporty>
 </clothing>
 <clothing>
  <id>
   209076603
  </id>
  <name>
   Lacoste Blouse G-2116
  </name>
  <category>
   Blouse
  </category>
  <size>
   L
  </size>
  <color>
   Оранжевый
  </color>
  <material>
   Шерсть
  </material>
  <price>
   988561
  </price>
  <rating>
   3.92
  </rating>
  <reviews>
   419596
  </reviews>
  <new>
   -
  </new>
  <sporty>
   no
  </sporty>
 </clothing>
 <clothing>
  <id>
   269395770
  </id>
  <name>
   Lacoste T-shirt L-2569
  </name>
  <category>
   T-shirt
  </category>
  <size>
   XL
  </size>
  <color>
   Фиолетовый
  </color>
  <material>
   Кожа
  </material>
  <price>
   979865
  </price>
  <rating>
   2.29
  </rating>
  <reviews>
   480735
  </reviews>
  <new>
   -
  </new>
  <exclusive>
   yes
  </exclusive>
 </clothing>
 <clothing>
  <id>
   655320686
  </id>
  <name>
   Adidas T-shirt A-2416
  </name>
  <category>
   T-shirt
  </category>
  <size>
   L
  </size>
  <color>
   Желтый
  </color>
  <material>
   Нейлон
  </material>
  <price>
   825375
  </price>
  <rating>
   1.94
  </rating>
  <reviews>
   311180
  </reviews>
  <new>
   -
  </new>
  <exclusive>
   no
  </exclusive>
 </clothing>
 <clothing>
  <id>
   815086712
  </id>
  <name>
   New Balance Handbags D-6600
  </name>
  <category>
   Handbags
  </category>
  <size>
   M
  </size>
  <color>
   Желтый
  </color>
  <material>
   Шелк
  </material>
  <price>
   322948
  </price>
  <rating>
   3.66
  </rating>
  <reviews>
   411262
  </reviews>
  <new>
   -
  </new>
  <sporty>
   yes
  </sporty>
 </clothing>
 <clothing>
  <id>
   797152577
  </id>
  <name>
   Asics Dress X-2958
  </name>
  <category>
   Dress
  </category>
  <size>
   M
  </size>
  <color>
   Желтый
  </color>
  <material>
   Кожа
  </material>
  <price>
   988842
  </price>
  <rating>
   2.22
  </rating>
  <reviews>
   232000
  </reviews>
  <new>
   -
  </new>
  <exclusive>
   yes
  </exclusive>
  <sporty>
   no
  </sporty>
 </clothing>
 <clothing>
  <id>
   346370968
  </id>
  <name>
   Reebok Dress G-7583
  </name>
  <category>
   Dress
  </category>
  <size>
   S
  </size>
  <color>
   Красный
  </color>
  <material>
   Хлопок
  </material>
  <price>
   905355
  </price>
  <rating>
   3.27
  </rating>
  <reviews>
   477363
  </reviews>
  <exclusive>
   no
  </exclusive>
  <sporty>
   yes
  </sporty>
 </clothing>
 <clothing>
  <id>
   780687332
  </id>
  <name>
   Reebok Dress G-1071
  </name>
  <category>
   Dress
  </category>
  <size>
   S
  </size>
  <color>
   Голубой
  </color>
  <material>
   Лен
  </material>
  <price>
   442211
  </price>
  <rating>
   4.38
  </rating>
  <reviews>
   690776
  </reviews>
  <new>
   -
  </new>
  <exclusive>
   no
  </exclusive>
  <sporty>
   yes
  </sporty>
 </clothing>
 <clothing>
  <id>
   410642522
  </id>
  <name>
   Converse Sweater N-5703
  </name>
  <category>
   Sweater
  </category>
  <size>
   S
  </size>
  <color>
   Желтый
  </color>
  <material>
   Шелк
  </material>
  <price>
   453381
  </price>
  <rating>
   4.48
  </rating>
  <reviews>
   149580
  </reviews>
 </clothing>
 <clothing>
  <id>
   293035832
  </id>
  <name>
   Reebok Hat N-6539
  </name>
  <category>
   Hat
  </category>
  <size>
   L
  </size>
  <color>
   Зеленый
  </color>
  <material>
   Шелк
  </material>
  <price>
   611798
  </price>
  <rating>
   4.28
  </rating>
  <reviews>
   815214
  </reviews>
  <new>
   -
  </new>
  <exclusive>
   no
  </exclusive>
 </clothing>
 <clothing>
  <id>
   548990711
  </id>
  <name>
   New Balance T-shirt N-3653
  </name>
  <category>
   T-shirt
  </category>
  <size>
   S
  </size>
  <color>
   Желтый
  </color>
  <material>
   Шелк
  </material>
  <price>
   239029
  </price>
  <rating>
   2.34
  </rating>
  <reviews>
   287378
  </reviews>
  <exclusive>
   yes
  </exclusive>
  <sporty>
   no
  </sporty>
 </clothing>
 <clothing>
  <id>
   211540244
  </id>
  <name>
   Addidas Gloves R-9632
  </name>
  <category>
   Gloves
  </category>
  <size>
   XXL
  </size>
  <color>
   Оранжевый
  </color>
  <material>
   Хлопок
  </material>
  <price>
   291301
  </price>
  <rating>
   3.34
  </rating>
  <reviews>
   885439
  </reviews>
  <new>
   -
  </new>
  <exclusive>
   no
  </exclusive>
 </clothing>
 <clothing>
  <id>
   778235742
  </id>
  <name>
   Fila Socks T-1756
  </name>
  <category>
   Socks
  </category>
  <size>
   S
  </size>
  <color>
   Красный
  </color>
  <material>
   Хлопок
  </material>
  <price>
   450180
  </price>
  <rating>
   3.51
  </rating>
  <reviews>
   951183
  </reviews>
 </clothing>
 <clothing>
  <id>
   547773325
  </id>
  <name>
   Puma Blouse K-9653
  </name>
  <category>
   Blouse
  </category>
  <size>
   XXL
  </size>
  <color>
   Красный
  </color>
  <material>
   Вискоза
  </material>
  <price>
   383170
  </price>
  <rating>
   3.65
  </rating>
  <reviews>
   791572
  </reviews>
  <new>
   -
  </new>
 </clothing>
 <clothing>
  <id>
   160448218
  </id>
  <name>
   DC Pants P-3326
  </name>
  <category>
   Pants
  </category>
  <size>
   L
  </size>
  <color>
   Желтый
  </color>
  <material>
   Шерсть
  </material>
  <price>
   334757
  </price>
  <rating>
   2.84
  </rating>
  <reviews>
   573722
  </reviews>
  <new>
   +
  </new>
  <exclusive>
   no
  </exclusive>
  <sporty>
   yes
  </sporty>
 </clothing>
 <clothing>
  <id>
   258132935
  </id>
  <name>
   Asics Hat F-8290
  </name>
  <category>
   Hat
  </category>
  <size>
   L
  </size>
  <color>
   Желтый
  </color>
  <material>
   Шерсть
  </material>
  <price>
   924617
  </price>
  <rating>
   3.96
  </rating>
  <reviews>
   917113
  </reviews>
 </clothing>
 <clothing>
  <id>
   980621584
  </id>
  <name>
   Vans Skirt T-4946
  </name>
  <category>
   Skirt
  </category>
  <size>
   S
  </size>
  <color>
   Оранжевый
  </color>
  <material>
   Полиэстер
  </material>
  <price>
   204365
  </price>
  <rating>
   1.27
  </rating>
  <reviews>
   871543
  </reviews>
  <new>
   -
  </new>
  <exclusive>
   no
  </exclusive>
 </clothing>
 <clothing>
  <id>
   588524719
  </id>
  <name>
   Puma Shoes O-9063
  </name>
  <category>
   Shoes
  </category>
  <size>
   M
  </size>
  <color>
   Желтый
  </color>
  <material>
   Вискоза
  </material>
  <price>
   894371
  </price>
  <rating>
   2.32
  </rating>
  <reviews>
   833787
  </reviews>
  <new>
   -
  </new>
  <sporty>
   yes
  </sporty>
 </clothing>
 <clothing>
  <id>
   351053443
  </id>
  <name>
   Nike Sweater G-2447
  </name>
  <category>
   Sweater
  </category>
  <size>
   L
  </size>
  <color>
   Зеленый
  </color>
  <material>
   Лен
  </material>
  <price>
   570301
  </price>
  <rating>
   4.76
  </rating>
  <reviews>
   138872
  </reviews>
  <new>
   -
  </new>
  <sporty>
   no
  </sporty>
 </clothing>
 <clothing>
  <id>
   136855707
  </id>
  <name>
   Converse T-shirt L-1022
  </name>
  <category>
   T-shirt
  </category>
  <size>
   L
  </size>
  <color>
   Фиолетовый
  </color>
  <material>
   Лен
  </material>
  <price>
   521898
  </price>
  <rating>
   1.4
  </rating>
  <reviews>
   342716
  </reviews>
  <new>
   -
  </new>
  <exclusive>
   no
  </exclusive>
  <sporty>
   no
  </sporty>
 </clothing>
 <clothing>
  <id>
   841861654
  </id>
  <name>
   Lacoste Belts X-3755
  </name>
  <category>
   Belts
  </category>
  <size>
   L
  </size>
  <color>
   Красный
  </color>
  <material>
   Вискоза
  </material>
  <price>
   156708
  </price>
  <rating>
   4.28
  </rating>
  <reviews>
   779075
  </reviews>
  <new>
   -
  </new>
  <exclusive>
   no
  </exclusive>
 </clothing>
 <clothing>
  <id>
   185167645
  </id>
  <name>
   Converse Gloves C-8854
  </name>
  <category>
   Gloves
  </category>
  <size>
   L
  </size>
  <color>
   Желтый
  </color>
  <material>
   Шелк
  </material>
  <price>
   977870
  </price>
  <rating>
   4.88
  </rating>
  <reviews>
   108629
  </reviews>
  <new>
   -
  </new>
  <exclusive>
   no
  </exclusive>
 </clothing>
 <clothing>
  <id>
   344344736
  </id>
  <name>
   DC Sweater J-9652
  </name>
  <category>
   Sweater
  </category>
  <size>
   XL
  </size>
  <color>
   Оранжевый
  </color>
  <material>
   Лен
  </material>
  <price>
   637658
  </price>
  <rating>
   4.7
  </rating>
  <reviews>
   949752
  </reviews>
  <exclusive>
   no
  </exclusive>
 </clothing>
 <clothing>
  <id>
   611309705
  </id>
  <name>
   New Balance Skirt X-3118
  </name>
  <category>
   Skirt
  </category>
  <size>
   L
  </size>
  <color>
   Желтый
  </color>
  <material>
   Лен
  </material>
  <price>
   147134
  </price>
  <rating>
   3.04
  </rating>
  <reviews>
   776533
  </reviews>
  <new>
   +
  </new>
  <exclusive>
   yes
  </exclusive>
  <sporty>
   no
  </sporty>
 </clothing>
 <clothing>
  <id>
   530590509
  </id>
  <name>
   Puma Sweater X-4147
  </name>
  <category>
   Sweater
  </category>
  <size>
   M
  </size>
  <color>
   Красный
  </color>
  <material>
   Вискоза
  </material>
  <price>
   810091
  </price>
  <rating>
   3.1
  </rating>
  <reviews>
   689110
  </reviews>
  <sporty>
   no
  </sporty>
 </clothing>
 <clothing>
  <id>
   901481902
  </id>
  <name>
   Lacoste Blouse S-8121
  </name>
  <category>
   Blouse
  </category>
  <size>
   S
  </size>
  <color>
   Желтый
  </color>
  <material>
   Кожа
  </material>
  <price>
   670744
  </price>
  <rating>
   1.5
  </rating>
  <reviews>
   698775
  </reviews>
  <exclusive>
   no
  </exclusive>
  <sporty>
   yes
  </sporty>
 </clothing>
 <clothing>
  <id>
   823401029
  </id>
  <name>
   New Balance Dress B-8309
  </name>
  <category>
   Dress
  </category>
  <size>
   XL
  </size>
  <color>
   Синий
  </color>
  <material>
   Шелк
  </material>
  <price>
   655167
  </price>
  <rating>
   1.37
  </rating>
  <reviews>
   122549
  </reviews>
  <new>
   -
  </new>
  <exclusive>
   yes
  </exclusive>
  <sporty>
   no
  </sporty>
 </clothing>
 <clothing>
  <id>
   335470659
  </id>
  <name>
   Vans Handbags Z-9198
  </name>
  <category>
   Handbags
  </category>
  <size>
   XL
  </size>
  <color>
   Красный
  </color>
  <material>
   Лен
  </material>
  <price>
   490209
  </price>
  <rating>
   3.27
  </rating>
  <reviews>
   628256
  </reviews>
  <new>
   -
  </new>
  <exclusive>
   no
  </exclusive>
  <sporty>
   no
  </sporty>
 </clothing>
 <clothing>
  <id>
   804244589
  </id>
  <name>
   Lacoste Jeans L-2741
  </name>
  <category>
   Jeans
  </category>
  <size>
   XXL
  </size>
  <color>
   Красный
  </color>
  <material>
   Шелк
  </material>
  <price>
   921619
  </price>
  <rating>
   1.05
  </rating>
  <reviews>
   738283
  </reviews>
 </clothing>
 <clothing>
  <id>
   395040787
  </id>
  <name>
   Fila Belts N-4287
  </name>
  <category>
   Belts
  </category>
  <size>
   XL
  </size>
  <color>
   Голубой
  </color>
  <material>
   Шерсть
  </material>
  <price>
   464508
  </price>
  <rating>
   1.98
  </rating>
  <reviews>
   704245
  </reviews>
  <new>
   -
  </new>
  <exclusive>
   no
  </exclusive>
 </clothing>
 <clothing>
  <id>
   286439905
  </id>
  <name>
   Fila Socks K-3072
  </name>
  <category>
   Socks
  </category>
  <size>
   L
  </size>
  <color>
   Голубой
  </color>
  <material>
   Полиэстер
  </material>
  <price>
   682304
  </price>
  <rating>
   4.67
  </rating>
  <reviews>
   641135
  </reviews>
  <exclusive>
   no
  </exclusive>
 </clothing>
 <clothing>
  <id>
   558835237
  </id>
  <name>
   Lacoste Hat Z-8914
  </name>
  <category>
   Hat
  </category>
  <size>
   M
  </size>
  <color>
   Красный
  </color>
  <material>
   Нейлон
  </material>
  <price>
   873709
  </price>
  <rating>
   1.69
  </rating>
  <reviews>
   474592
  </reviews>
  <new>
   +
  </new>
 </clothing>
 <clothing>
  <id>
   634344235
  </id>
  <name>
   Fila Shoes L-5339
  </name>
  <category>
   Shoes
  </category>
  <size>
   S
  </size>
  <color>
   Голубой
  </color>
  <material>
   Шелк
  </material>
  <price>
   916285
  </price>
  <rating>
   2.83
  </rating>
  <reviews>
   940429
  </reviews>
  <sporty>
   no
  </sporty>
 </clothing>
 <clothing>
  <id>
   436940461
  </id>
  <name>
   Puma Belts R-3389
  </name>
  <category>
   Belts
  </category>
  <size>
   S
  </size>
  <color>
   Синий
  </color>
  <material>
   Лен
  </material>
  <price>
   419394
  </price>
  <rating>
   1.36
  </rating>
  <reviews>
   742420
  </reviews>
  <sporty>
   no
  </sporty>
 </clothing>
 <clothing>
  <id>
   748814704
  </id>
  <name>
   Converse Umbrellas E-6083
  </name>
  <category>
   Umbrellas
  </category>
  <size>
   XL
  </size>
  <color>
   Зеленый
  </color>
  <material>
   Вискоза
  </material>
  <price>
   509089
  </price>
  <rating>
   3.53
  </rating>
  <reviews>
   20963
  </reviews>
  <new>
   +
  </new>
 </clothing>
 <clothing>
  <id>
   132563145
  </id>
  <name>
   Nike Shirt C-2065
  </name>
  <category>
   Shirt
  </category>
  <size>
   XXL
  </size>
  <color>
   Синий
  </color>
  <material>
   Шелк
  </material>
  <price>
   799699
  </price>
  <rating>
   4.87
  </rating>
  <reviews>
   458787
  </reviews>
  <new>
   -
  </new>
  <exclusive>
   no
  </exclusive>
  <sporty>
   yes
  </sporty>
 </clothing>
 <clothing>
  <id>
   214570075
  </id>
  <name>
   Converse Umbrellas R-9962
  </name>
  <category>
   Umbrellas
  </category>
  <size>
   L
  </size>
  <color>
   Синий
  </color>
  <material>
   Полиэстер
  </material>
  <price>
   293376
  </price>
  <rating>
   1.64
  </rating>
  <reviews>
   262009
  </reviews>
  <new>
   +
  </new>
  <sporty>
   yes
  </sporty>
 </clothing>
 <clothing>
  <id>
   993441979
  </id>
  <name>
   Fila Hat C-9934
  </name>
  <category>
   Hat
  </category>
  <size>
   M
  </size>
  <color>
   Желтый
  </color>
  <material>
   Шелк
  </material>
  <price>
   652568
  </price>
  <rating>
   3.31
  </rating>
  <reviews>
   963451
  </reviews>
  <new>
   -
  </new>
  <exclusive>
   no
  </exclusive>
 </clothing>
</clothing-items>
