<?xml version="1.0" encoding="utf-8"?>
<clothing-items>
 <clothing>
  <id>
   282007840
  </id>
  <name>
   Reebok Gloves M-4913
  </name>
  <category>
   Gloves
  </category>
  <size>
   M
  </size>
  <color>
   Желтый
  </color>
  <material>
   Вискоза
  </material>
  <price>
   981904
  </price>
  <rating>
   4.98
  </rating>
  <reviews>
   235000
  </reviews>
  <new>
   +
  </new>
  <exclusive>
   yes
  </exclusive>
  <sporty>
   yes
  </sporty>
 </clothing>
 <clothing>
  <id>
   647909367
  </id>
  <name>
   Under Armour Socks K-8864
  </name>
  <category>
   Socks
  </category>
  <size>
   L
  </size>
  <color>
   Оранжевый
  </color>
  <material>
   Кожа
  </material>
  <price>
   404239
  </price>
  <rating>
   4.04
  </rating>
  <reviews>
   696553
  </reviews>
  <new>
   +
  </new>
  <sporty>
   no
  </sporty>
 </clothing>
 <clothing>
  <id>
   411214355
  </id>
  <name>
   Asics Jeans V-7742
  </name>
  <category>
   Jeans
  </category>
  <size>
   XL
  </size>
  <color>
   Зеленый
  </color>
  <material>
   Лен
  </material>
  <price>
   294485
  </price>
  <rating>
   1.37
  </rating>
  <reviews>
   791331
  </reviews>
  <new>
   -
  </new>
  <exclusive>
   no
  </exclusive>
 </clothing>
 <clothing>
  <id>
   754169704
  </id>
  <name>
   Asics T-shirt Z-1427
  </name>
  <category>
   T-shirt
  </category>
  <size>
   XL
  </size>
  <color>
   Зеленый
  </color>
  <material>
   Полиэстер
  </material>
  <price>
   905945
  </price>
  <rating>
   4.88
  </rating>
  <reviews>
   242214
  </reviews>
  <exclusive>
   yes
  </exclusive>
  <sporty>
   no
  </sporty>
 </clothing>
 <clothing>
  <id>
   446082652
  </id>
  <name>
   Brooks Socks D-1820
  </name>
  <category>
   Socks
  </category>
  <size>
   XL
  </size>
  <color>
   Зеленый
  </color>
  <material>
   Шерсть
  </material>
  <price>
   835024
  </price>
  <rating>
   1.1
  </rating>
  <reviews>
   715802
  </reviews>
  <new>
   -
  </new>
  <exclusive>
   no
  </exclusive>
  <sporty>
   yes
  </sporty>
 </clothing>
 <clothing>
  <id>
   895097472
  </id>
  <name>
   Vans Handbags O-4287
  </name>
  <category>
   Handbags
  </category>
  <size>
   M
  </size>
  <color>
   Желтый
  </color>
  <material>
   Полиэстер
  </material>
  <price>
   761900
  </price>
  <rating>
   2.8
  </rating>
  <reviews>
   598282
  </reviews>
  <new>
   -
  </new>
  <exclusive>
   yes
  </exclusive>
  <sporty>
   no
  </sporty>
 </clothing>
 <clothing>
  <id>
   707758495
  </id>
  <name>
   PleinSport Shirt Q-4799
  </name>
  <category>
   Shirt
  </category>
  <size>
   L
  </size>
  <color>
   Красный
  </color>
  <material>
   Шелк
  </material>
  <price>
   669143
  </price>
  <rating>
   2.05
  </rating>
  <reviews>
   856068
  </reviews>
  <sporty>
   yes
  </sporty>
 </clothing>
 <clothing>
  <id>
   119550600
  </id>
  <name>
   DC Sweater L-4877
  </name>
  <category>
   Sweater
  </category>
  <size>
   S
  </size>
  <color>
   Красный
  </color>
  <material>
   Кожа
  </material>
  <price>
   604708
  </price>
  <rating>
   3.05
  </rating>
  <reviews>
   734495
  </reviews>
  <new>
   -
  </new>
  <sporty>
   no
  </sporty>
 </clothing>
 <clothing>
  <id>
   378747955
  </id>
  <name>
   Converse Shoes E-6314
  </name>
  <category>
   Shoes
  </category>
  <size>
   XXL
  </size>
  <color>
   Синий
  </color>
  <material>
   Вискоза
  </material>
  <price>
   553992
  </price>
  <rating>
   1.14
  </rating>
  <reviews>
   154768
  </reviews>
  <new>
   -
  </new>
  <exclusive>
   yes
  </exclusive>
  <sporty>
   yes
  </sporty>
 </clothing>
 <clothing>
  <id>
   740161755
  </id>
  <name>
   Lacoste Gloves O-7848
  </name>
  <category>
   Gloves
  </category>
  <size>
   XXL
  </size>
  <color>
   Зеленый
  </color>
  <material>
   Вискоза
  </material>
  <price>
   373068
  </price>
  <rating>
   3.71
  </rating>
  <reviews>
   762113
  </reviews>
  <new>
   +
  </new>
 </clothing>
 <clothing>
  <id>
   234352188
  </id>
  <name>
   Ellesse Shirt E-1709
  </name>
  <category>
   Shirt
  </category>
  <size>
   XXL
  </size>
  <color>
   Голубой
  </color>
  <material>
   Лен
  </material>
  <price>
   307354
  </price>
  <rating>
   2.31
  </rating>
  <reviews>
   90341
  </reviews>
  <exclusive>
   no
  </exclusive>
  <sporty>
   no
  </sporty>
 </clothing>
 <clothing>
  <id>
   839797217
  </id>
  <name>
   Addidas Umbrellas N-1271
  </name>
  <category>
   Umbrellas
  </category>
  <size>
   S
  </size>
  <color>
   Красный
  </color>
  <material>
   Шелк
  </material>
  <price>
   717863
  </price>
  <rating>
   2.98
  </rating>
  <reviews>
   210641
  </reviews>
  <new>
   +
  </new>
  <exclusive>
   no
  </exclusive>
  <sporty>
   no
  </sporty>
 </clothing>
 <clothing>
  <id>
   518195100
  </id>
  <name>
   Lacoste Shoes F-8972
  </name>
  <category>
   Shoes
  </category>
  <size>
   XXL
  </size>
  <color>
   Синий
  </color>
  <material>
   Хлопок
  </material>
  <price>
   138983
  </price>
  <rating>
   3.67
  </rating>
  <reviews>
   730787
  </reviews>
  <new>
   +
  </new>
  <exclusive>
   no
  </exclusive>
 </clothing>
 <clothing>
  <id>
   299764292
  </id>
  <name>
   Reebok Jeans W-4572
  </name>
  <category>
   Jeans
  </category>
  <size>
   M
  </size>
  <color>
   Желтый
  </color>
  <material>
   Вискоза
  </material>
  <price>
   214219
  </price>
  <rating>
   3.06
  </rating>
  <reviews>
   329856
  </reviews>
  <new>
   +
  </new>
  <exclusive>
   no
  </exclusive>
 </clothing>
 <clothing>
  <id>
   182647235
  </id>
  <name>
   PleinSport Shirt O-5115
  </name>
  <category>
   Shirt
  </category>
  <size>
   XL
  </size>
  <color>
   Фиолетовый
  </color>
  <material>
   Лен
  </material>
  <price>
   790588
  </price>
  <rating>
   1.51
  </rating>
  <reviews>
   383519
  </reviews>
  <sporty>
   yes
  </sporty>
 </clothing>
 <clothing>
  <id>
   392941734
  </id>
  <name>
   Converse Hat H-7445
  </name>
  <category>
   Hat
  </category>
  <size>
   S
  </size>
  <color>
   Оранжевый
  </color>
  <material>
   Кожа
  </material>
  <price>
   789792
  </price>
  <rating>
   2.47
  </rating>
  <reviews>
   183598
  </reviews>
  <exclusive>
   yes
  </exclusive>
  <sporty>
   no
  </sporty>
 </clothing>
 <clothing>
  <id>
   718416806
  </id>
  <name>
   Addidas Jacket I-4185
  </name>
  <category>
   Jacket
  </category>
  <size>
   L
  </size>
  <color>
   Синий
  </color>
  <material>
   Нейлон
  </material>
  <price>
   296747
  </price>
  <rating>
   4.03
  </rating>
  <reviews>
   242890
  </reviews>
 </clothing>
 <clothing>
  <id>
   522223446
  </id>
  <name>
   Fila Umbrellas Y-3302
  </name>
  <category>
   Umbrellas
  </category>
  <size>
   XL
  </size>
  <color>
   Синий
  </color>
  <material>
   Лен
  </material>
  <price>
   867938
  </price>
  <rating>
   2.55
  </rating>
  <reviews>
   298919
  </reviews>
  <exclusive>
   no
  </exclusive>
 </clothing>
 <clothing>
  <id>
   595543553
  </id>
  <name>
   Vans Jacket B-8389
  </name>
  <category>
   Jacket
  </category>
  <size>
   XXL
  </size>
  <color>
   Фиолетовый
  </color>
  <material>
   Шелк
  </material>
  <price>
   569270
  </price>
  <rating>
   3.78
  </rating>
  <reviews>
   184110
  </reviews>
  <new>
   -
  </new>
  <sporty>
   no
  </sporty>
 </clothing>
</clothing-items>
