<?xml version="1.0" encoding="utf-8"?>
<clothing-items>
 <clothing>
  <id>
   596101115
  </id>
  <name>
   Nike Umbrellas Y-3731
  </name>
  <category>
   Umbrellas
  </category>
  <size>
   L
  </size>
  <color>
   Зеленый
  </color>
  <material>
   Шерсть
  </material>
  <price>
   814497
  </price>
  <rating>
   3.49
  </rating>
  <reviews>
   88360
  </reviews>
  <new>
   -
  </new>
 </clothing>
 <clothing>
  <id>
   289658147
  </id>
  <name>
   DC Socks F-7351
  </name>
  <category>
   Socks
  </category>
  <size>
   S
  </size>
  <color>
   Фиолетовый
  </color>
  <material>
   Хлопок
  </material>
  <price>
   786402
  </price>
  <rating>
   1.05
  </rating>
  <reviews>
   544370
  </reviews>
  <exclusive>
   no
  </exclusive>
  <sporty>
   yes
  </sporty>
 </clothing>
 <clothing>
  <id>
   935859378
  </id>
  <name>
   Brooks T-shirt O-7870
  </name>
  <category>
   T-shirt
  </category>
  <size>
   XL
  </size>
  <color>
   Фиолетовый
  </color>
  <material>
   Полиэстер
  </material>
  <price>
   402429
  </price>
  <rating>
   4.83
  </rating>
  <reviews>
   132997
  </reviews>
 </clothing>
 <clothing>
  <id>
   429875237
  </id>
  <name>
   Ellesse Jacket D-6940
  </name>
  <category>
   Jacket
  </category>
  <size>
   M
  </size>
  <color>
   Фиолетовый
  </color>
  <material>
   Кожа
  </material>
  <price>
   974423
  </price>
  <rating>
   3.34
  </rating>
  <reviews>
   345854
  </reviews>
  <new>
   -
  </new>
  <sporty>
   no
  </sporty>
 </clothing>
 <clothing>
  <id>
   637150988
  </id>
  <name>
   Ellesse Socks A-7919
  </name>
  <category>
   Socks
  </category>
  <size>
   XL
  </size>
  <color>
   Желтый
  </color>
  <material>
   Нейлон
  </material>
  <price>
   348940
  </price>
  <rating>
   1.42
  </rating>
  <reviews>
   523944
  </reviews>
  <new>
   -
  </new>
  <exclusive>
   yes
  </exclusive>
  <sporty>
   no
  </sporty>
 </clothing>
 <clothing>
  <id>
   405811704
  </id>
  <name>
   Nike Dress Y-8699
  </name>
  <category>
   Dress
  </category>
  <size>
   M
  </size>
  <color>
   Оранжевый
  </color>
  <material>
   Хлопок
  </material>
  <price>
   654724
  </price>
  <rating>
   2.88
  </rating>
  <reviews>
   890097
  </reviews>
  <new>
   +
  </new>
 </clothing>
 <clothing>
  <id>
   326768464
  </id>
  <name>
   Lacoste Handbags P-6710
  </name>
  <category>
   Handbags
  </category>
  <size>
   S
  </size>
  <color>
   Красный
  </color>
  <material>
   Хлопок
  </material>
  <price>
   551970
  </price>
  <rating>
   1.39
  </rating>
  <reviews>
   853241
  </reviews>
  <exclusive>
   no
  </exclusive>
 </clothing>
 <clothing>
  <id>
   599070787
  </id>
  <name>
   Lacoste Socks P-9697
  </name>
  <category>
   Socks
  </category>
  <size>
   XXL
  </size>
  <color>
   Синий
  </color>
  <material>
   Кожа
  </material>
  <price>
   485227
  </price>
  <rating>
   3.72
  </rating>
  <reviews>
   484796
  </reviews>
  <new>
   -
  </new>
  <exclusive>
   yes
  </exclusive>
 </clothing>
 <clothing>
  <id>
   825552238
  </id>
  <name>
   Nike Belts F-7125
  </name>
  <category>
   Belts
  </category>
  <size>
   XL
  </size>
  <color>
   Фиолетовый
  </color>
  <material>
   Вискоза
  </material>
  <price>
   855960
  </price>
  <rating>
   4.45
  </rating>
  <reviews>
   245194
  </reviews>
  <sporty>
   yes
  </sporty>
 </clothing>
 <clothing>
  <id>
   865742101
  </id>
  <name>
   Adidas Jeans Y-1008
  </name>
  <category>
   Jeans
  </category>
  <size>
   M
  </size>
  <color>
   Зеленый
  </color>
  <material>
   Кожа
  </material>
  <price>
   319935
  </price>
  <rating>
   2.97
  </rating>
  <reviews>
   317709
  </reviews>
  <new>
   -
  </new>
  <sporty>
   yes
  </sporty>
 </clothing>
 <clothing>
  <id>
   312104315
  </id>
  <name>
   New Balance Sweater P-8466
  </name>
  <category>
   Sweater
  </category>
  <size>
   XXL
  </size>
  <color>
   Оранжевый
  </color>
  <material>
   Лен
  </material>
  <price>
   926669
  </price>
  <rating>
   2.64
  </rating>
  <reviews>
   536162
  </reviews>
  <new>
   -
  </new>
  <exclusive>
   no
  </exclusive>
 </clothing>
 <clothing>
  <id>
   500089655
  </id>
  <name>
   Asics Skirt T-4175
  </name>
  <category>
   Skirt
  </category>
  <size>
   L
  </size>
  <color>
   Фиолетовый
  </color>
  <material>
   Лен
  </material>
  <price>
   436217
  </price>
  <rating>
   3.67
  </rating>
  <reviews>
   123137
  </reviews>
  <new>
   -
  </new>
 </clothing>
 <clothing>
  <id>
   214410048
  </id>
  <name>
   Nike Umbrellas J-8019
  </name>
  <category>
   Umbrellas
  </category>
  <size>
   XL
  </size>
  <color>
   Оранжевый
  </color>
  <material>
   Полиэстер
  </material>
  <price>
   182330
  </price>
  <rating>
   3.23
  </rating>
  <reviews>
   173815
  </reviews>
  <exclusive>
   no
  </exclusive>
  <sporty>
   no
  </sporty>
 </clothing>
 <clothing>
  <id>
   413813695
  </id>
  <name>
   Asics Skirt C-4899
  </name>
  <category>
   Skirt
  </category>
  <size>
   XL
  </size>
  <color>
   Фиолетовый
  </color>
  <material>
   Хлопок
  </material>
  <price>
   145161
  </price>
  <rating>
   1.9
  </rating>
  <reviews>
   275485
  </reviews>
  <exclusive>
   yes
  </exclusive>
  <sporty>
   no
  </sporty>
 </clothing>
 <clothing>
  <id>
   344612176
  </id>
  <name>
   DC Pants Z-9219
  </name>
  <category>
   Pants
  </category>
  <size>
   S
  </size>
  <color>
   Фиолетовый
  </color>
  <material>
   Полиэстер
  </material>
  <price>
   659539
  </price>
  <rating>
   1.24
  </rating>
  <reviews>
   631313
  </reviews>
  <sporty>
   no
  </sporty>
 </clothing>
 <clothing>
  <id>
   172221132
  </id>
  <name>
   New Balance Sweater D-5278
  </name>
  <category>
   Sweater
  </category>
  <size>
   L
  </size>
  <color>
   Красный
  </color>
  <material>
   Кожа
  </material>
  <price>
   491140
  </price>
  <rating>
   1.43
  </rating>
  <reviews>
   292049
  </reviews>
  <exclusive>
   no
  </exclusive>
  <sporty>
   no
  </sporty>
 </clothing>
 <clothing>
  <id>
   247675260
  </id>
  <name>
   PleinSport Skirt T-5842
  </name>
  <category>
   Skirt
  </category>
  <size>
   L
  </size>
  <color>
   Желтый
  </color>
  <material>
   Вискоза
  </material>
  <price>
   113018
  </price>
  <rating>
   3.13
  </rating>
  <reviews>
   983304
  </reviews>
  <exclusive>
   no
  </exclusive>
  <sporty>
   no
  </sporty>
 </clothing>
 <clothing>
  <id>
   813039611
  </id>
  <name>
   Nike Hat H-1742
  </name>
  <category>
   Hat
  </category>
  <size>
   L
  </size>
  <color>
   Синий
  </color>
  <material>
   Полиэстер
  </material>
  <price>
   204011
  </price>
  <rating>
   2.76
  </rating>
  <reviews>
   655505
  </reviews>
 </clothing>
 <clothing>
  <id>
   180901132
  </id>
  <name>
   Puma Gloves I-7583
  </name>
  <category>
   Gloves
  </category>
  <size>
   XXL
  </size>
  <color>
   Зеленый
  </color>
  <material>
   Вискоза
  </material>
  <price>
   561139
  </price>
  <rating>
   1.51
  </rating>
  <reviews>
   229792
  </reviews>
 </clothing>
 <clothing>
  <id>
   911211089
  </id>
  <name>
   Addidas Gloves B-3352
  </name>
  <category>
   Gloves
  </category>
  <size>
   M
  </size>
  <color>
   Желтый
  </color>
  <material>
   Шелк
  </material>
  <price>
   739431
  </price>
  <rating>
   1.86
  </rating>
  <reviews>
   101982
  </reviews>
  <new>
   -
  </new>
  <exclusive>
   no
  </exclusive>
  <sporty>
   yes
  </sporty>
 </clothing>
 <clothing>
  <id>
   508422787
  </id>
  <name>
   Lacoste Sweater N-3082
  </name>
  <category>
   Sweater
  </category>
  <size>
   XXL
  </size>
  <color>
   Фиолетовый
  </color>
  <material>
   Кожа
  </material>
  <price>
   356386
  </price>
  <rating>
   2.25
  </rating>
  <reviews>
   649903
  </reviews>
  <exclusive>
   yes
  </exclusive>
  <sporty>
   no
  </sporty>
 </clothing>
 <clothing>
  <id>
   233786751
  </id>
  <name>
   Brooks Jeans K-8665
  </name>
  <category>
   Jeans
  </category>
  <size>
   XXL
  </size>
  <color>
   Синий
  </color>
  <material>
   Хлопок
  </material>
  <price>
   404873
  </price>
  <rating>
   1.47
  </rating>
  <reviews>
   612004
  </reviews>
 </clothing>
 <clothing>
  <id>
   753449996
  </id>
  <name>
   PleinSport Blouse J-9815
  </name>
  <category>
   Blouse
  </category>
  <size>
   M
  </size>
  <color>
   Фиолетовый
  </color>
  <material>
   Шерсть
  </material>
  <price>
   874256
  </price>
  <rating>
   4.44
  </rating>
  <reviews>
   705562
  </reviews>
  <exclusive>
   no
  </exclusive>
  <sporty>
   no
  </sporty>
 </clothing>
 <clothing>
  <id>
   182986454
  </id>
  <name>
   Ellesse Jacket H-3405
  </name>
  <category>
   Jacket
  </category>
  <size>
   L
  </size>
  <color>
   Фиолетовый
  </color>
  <material>
   Вискоза
  </material>
  <price>
   781179
  </price>
  <rating>
   2.88
  </rating>
  <reviews>
   451919
  </reviews>
  <sporty>
   no
  </sporty>
 </clothing>
 <clothing>
  <id>
   227353991
  </id>
  <name>
   Vans Socks T-1986
  </name>
  <category>
   Socks
  </category>
  <size>
   XXL
  </size>
  <color>
   Зеленый
  </color>
  <material>
   Полиэстер
  </material>
  <price>
   173794
  </price>
  <rating>
   4.01
  </rating>
  <reviews>
   658443
  </reviews>
  <exclusive>
   no
  </exclusive>
  <sporty>
   no
  </sporty>
 </clothing>
 <clothing>
  <id>
   408261062
  </id>
  <name>
   PleinSport Gloves G-5729
  </name>
  <category>
   Gloves
  </category>
  <size>
   XXL
  </size>
  <color>
   Красный
  </color>
  <material>
   Шерсть
  </material>
  <price>
   763831
  </price>
  <rating>
   3.78
  </rating>
  <reviews>
   457476
  </reviews>
  <exclusive>
   no
  </exclusive>
 </clothing>
 <clothing>
  <id>
   275896917
  </id>
  <name>
   Under Armour Sweater X-9054
  </name>
  <category>
   Sweater
  </category>
  <size>
   S
  </size>
  <color>
   Желтый
  </color>
  <material>
   Вискоза
  </material>
  <price>
   495312
  </price>
  <rating>
   2.68
  </rating>
  <reviews>
   668836
  </reviews>
  <exclusive>
   no
  </exclusive>
  <sporty>
   no
  </sporty>
 </clothing>
</clothing-items>
