<?xml version="1.0" encoding="utf-8"?>
<clothing-items>
 <clothing>
  <id>
   554687699
  </id>
  <name>
   Vans Blouse Q-5489
  </name>
  <category>
   Blouse
  </category>
  <size>
   S
  </size>
  <color>
   Желтый
  </color>
  <material>
   Лен
  </material>
  <price>
   825250
  </price>
  <rating>
   4.54
  </rating>
  <reviews>
   289024
  </reviews>
  <sporty>
   yes
  </sporty>
 </clothing>
 <clothing>
  <id>
   338096859
  </id>
  <name>
   Lacoste Umbrellas E-7761
  </name>
  <category>
   Umbrellas
  </category>
  <size>
   M
  </size>
  <color>
   Желтый
  </color>
  <material>
   Нейлон
  </material>
  <price>
   508659
  </price>
  <rating>
   3.66
  </rating>
  <reviews>
   185026
  </reviews>
  <new>
   +
  </new>
  <sporty>
   yes
  </sporty>
 </clothing>
 <clothing>
  <id>
   621445076
  </id>
  <name>
   Brooks Pants P-2531
  </name>
  <category>
   Pants
  </category>
  <size>
   XL
  </size>
  <color>
   Желтый
  </color>
  <material>
   Лен
  </material>
  <price>
   914453
  </price>
  <rating>
   3.28
  </rating>
  <reviews>
   431189
  </reviews>
  <new>
   -
  </new>
  <sporty>
   no
  </sporty>
 </clothing>
 <clothing>
  <id>
   224730065
  </id>
  <name>
   Brooks Hat S-1303
  </name>
  <category>
   Hat
  </category>
  <size>
   L
  </size>
  <color>
   Оранжевый
  </color>
  <material>
   Хлопок
  </material>
  <price>
   780870
  </price>
  <rating>
   1.84
  </rating>
  <reviews>
   44081
  </reviews>
  <new>
   +
  </new>
  <exclusive>
   yes
  </exclusive>
  <sporty>
   no
  </sporty>
 </clothing>
 <clothing>
  <id>
   248604630
  </id>
  <name>
   Puma Gloves R-7857
  </name>
  <category>
   Gloves
  </category>
  <size>
   S
  </size>
  <color>
   Голубой
  </color>
  <material>
   Кожа
  </material>
  <price>
   760184
  </price>
  <rating>
   3.44
  </rating>
  <reviews>
   919385
  </reviews>
  <new>
   -
  </new>
  <sporty>
   yes
  </sporty>
 </clothing>
 <clothing>
  <id>
   429863143
  </id>
  <name>
   Reebok Pants I-9870
  </name>
  <category>
   Pants
  </category>
  <size>
   XXL
  </size>
  <color>
   Оранжевый
  </color>
  <material>
   Вискоза
  </material>
  <price>
   258692
  </price>
  <rating>
   3.61
  </rating>
  <reviews>
   872683
  </reviews>
  <exclusive>
   yes
  </exclusive>
  <sporty>
   yes
  </sporty>
 </clothing>
 <clothing>
  <id>
   452796343
  </id>
  <name>
   Reebok Jacket Z-1939
  </name>
  <category>
   Jacket
  </category>
  <size>
   XL
  </size>
  <color>
   Красный
  </color>
  <material>
   Шерсть
  </material>
  <price>
   231335
  </price>
  <rating>
   4.36
  </rating>
  <reviews>
   254905
  </reviews>
  <exclusive>
   no
  </exclusive>
 </clothing>
 <clothing>
  <id>
   341900804
  </id>
  <name>
   Asics Blouse K-5459
  </name>
  <category>
   Blouse
  </category>
  <size>
   M
  </size>
  <color>
   Желтый
  </color>
  <material>
   Полиэстер
  </material>
  <price>
   936001
  </price>
  <rating>
   3.84
  </rating>
  <reviews>
   14895
  </reviews>
  <new>
   +
  </new>
  <exclusive>
   no
  </exclusive>
  <sporty>
   no
  </sporty>
 </clothing>
 <clothing>
  <id>
   900248168
  </id>
  <name>
   PleinSport Dress U-4149
  </name>
  <category>
   Dress
  </category>
  <size>
   XXL
  </size>
  <color>
   Синий
  </color>
  <material>
   Шерсть
  </material>
  <price>
   907203
  </price>
  <rating>
   3.53
  </rating>
  <reviews>
   457039
  </reviews>
  <new>
   -
  </new>
  <sporty>
   yes
  </sporty>
 </clothing>
 <clothing>
  <id>
   829721032
  </id>
  <name>
   Ellesse Gloves R-7180
  </name>
  <category>
   Gloves
  </category>
  <size>
   XL
  </size>
  <color>
   Синий
  </color>
  <material>
   Нейлон
  </material>
  <price>
   853981
  </price>
  <rating>
   4.49
  </rating>
  <reviews>
   658789
  </reviews>
  <exclusive>
   no
  </exclusive>
  <sporty>
   no
  </sporty>
 </clothing>
 <clothing>
  <id>
   277627101
  </id>
  <name>
   Lacoste Umbrellas F-9306
  </name>
  <category>
   Umbrellas
  </category>
  <size>
   XL
  </size>
  <color>
   Синий
  </color>
  <material>
   Кожа
  </material>
  <price>
   428754
  </price>
  <rating>
   3.24
  </rating>
  <reviews>
   571950
  </reviews>
  <new>
   +
  </new>
  <exclusive>
   no
  </exclusive>
  <sporty>
   no
  </sporty>
 </clothing>
 <clothing>
  <id>
   933860423
  </id>
  <name>
   New Balance Jeans E-1616
  </name>
  <category>
   Jeans
  </category>
  <size>
   XL
  </size>
  <color>
   Голубой
  </color>
  <material>
   Вискоза
  </material>
  <price>
   239036
  </price>
  <rating>
   3.79
  </rating>
  <reviews>
   243506
  </reviews>
  <exclusive>
   no
  </exclusive>
 </clothing>
 <clothing>
  <id>
   575093078
  </id>
  <name>
   PleinSport Handbags O-3122
  </name>
  <category>
   Handbags
  </category>
  <size>
   L
  </size>
  <color>
   Фиолетовый
  </color>
  <material>
   Полиэстер
  </material>
  <price>
   358398
  </price>
  <rating>
   1.82
  </rating>
  <reviews>
   61861
  </reviews>
  <exclusive>
   yes
  </exclusive>
 </clothing>
 <clothing>
  <id>
   115943955
  </id>
  <name>
   Under Armour Jacket Y-8730
  </name>
  <category>
   Jacket
  </category>
  <size>
   XL
  </size>
  <color>
   Зеленый
  </color>
  <material>
   Нейлон
  </material>
  <price>
   643967
  </price>
  <rating>
   4.88
  </rating>
  <reviews>
   11418
  </reviews>
  <new>
   -
  </new>
 </clothing>
 <clothing>
  <id>
   366158702
  </id>
  <name>
   Nike Dress T-6537
  </name>
  <category>
   Dress
  </category>
  <size>
   XXL
  </size>
  <color>
   Зеленый
  </color>
  <material>
   Полиэстер
  </material>
  <price>
   703003
  </price>
  <rating>
   1.38
  </rating>
  <reviews>
   756256
  </reviews>
  <new>
   +
  </new>
  <exclusive>
   yes
  </exclusive>
  <sporty>
   yes
  </sporty>
 </clothing>
 <clothing>
  <id>
   733547927
  </id>
  <name>
   Vans Sweater P-7787
  </name>
  <category>
   Sweater
  </category>
  <size>
   S
  </size>
  <color>
   Голубой
  </color>
  <material>
   Полиэстер
  </material>
  <price>
   379604
  </price>
  <rating>
   4.35
  </rating>
  <reviews>
   303076
  </reviews>
  <new>
   +
  </new>
  <exclusive>
   no
  </exclusive>
  <sporty>
   no
  </sporty>
 </clothing>
 <clothing>
  <id>
   887399649
  </id>
  <name>
   Adidas Jeans U-4354
  </name>
  <category>
   Jeans
  </category>
  <size>
   L
  </size>
  <color>
   Оранжевый
  </color>
  <material>
   Кожа
  </material>
  <price>
   369092
  </price>
  <rating>
   1.22
  </rating>
  <reviews>
   517890
  </reviews>
  <new>
   -
  </new>
  <sporty>
   yes
  </sporty>
 </clothing>
 <clothing>
  <id>
   966123131
  </id>
  <name>
   Brooks T-shirt X-5428
  </name>
  <category>
   T-shirt
  </category>
  <size>
   M
  </size>
  <color>
   Синий
  </color>
  <material>
   Хлопок
  </material>
  <price>
   845248
  </price>
  <rating>
   3.44
  </rating>
  <reviews>
   984815
  </reviews>
  <new>
   +
  </new>
  <exclusive>
   no
  </exclusive>
 </clothing>
 <clothing>
  <id>
   554178969
  </id>
  <name>
   DC Shoes M-2529
  </name>
  <category>
   Shoes
  </category>
  <size>
   L
  </size>
  <color>
   Зеленый
  </color>
  <material>
   Вискоза
  </material>
  <price>
   165808
  </price>
  <rating>
   4.35
  </rating>
  <reviews>
   658264
  </reviews>
  <exclusive>
   no
  </exclusive>
 </clothing>
 <clothing>
  <id>
   483432205
  </id>
  <name>
   Vans Shoes R-9767
  </name>
  <category>
   Shoes
  </category>
  <size>
   L
  </size>
  <color>
   Синий
  </color>
  <material>
   Нейлон
  </material>
  <price>
   848820
  </price>
  <rating>
   4.97
  </rating>
  <reviews>
   931965
  </reviews>
  <new>
   -
  </new>
  <exclusive>
   yes
  </exclusive>
 </clothing>
 <clothing>
  <id>
   978766480
  </id>
  <name>
   Nike Jeans I-3522
  </name>
  <category>
   Jeans
  </category>
  <size>
   XL
  </size>
  <color>
   Голубой
  </color>
  <material>
   Лен
  </material>
  <price>
   410603
  </price>
  <rating>
   3.53
  </rating>
  <reviews>
   394068
  </reviews>
  <exclusive>
   no
  </exclusive>
  <sporty>
   yes
  </sporty>
 </clothing>
 <clothing>
  <id>
   146247061
  </id>
  <name>
   Puma Umbrellas B-5375
  </name>
  <category>
   Umbrellas
  </category>
  <size>
   L
  </size>
  <color>
   Красный
  </color>
  <material>
   Нейлон
  </material>
  <price>
   877121
  </price>
  <rating>
   3.01
  </rating>
  <reviews>
   162269
  </reviews>
  <new>
   -
  </new>
  <exclusive>
   no
  </exclusive>
  <sporty>
   yes
  </sporty>
 </clothing>
 <clothing>
  <id>
   303364682
  </id>
  <name>
   Converse Jacket W-6721
  </name>
  <category>
   Jacket
  </category>
  <size>
   XXL
  </size>
  <color>
   Оранжевый
  </color>
  <material>
   Лен
  </material>
  <price>
   516422
  </price>
  <rating>
   1.73
  </rating>
  <reviews>
   770574
  </reviews>
  <sporty>
   yes
  </sporty>
 </clothing>
 <clothing>
  <id>
   476051042
  </id>
  <name>
   Brooks Belts Z-6448
  </name>
  <category>
   Belts
  </category>
  <size>
   S
  </size>
  <color>
   Фиолетовый
  </color>
  <material>
   Шерсть
  </material>
  <price>
   317276
  </price>
  <rating>
   4.12
  </rating>
  <reviews>
   964111
  </reviews>
  <new>
   -
  </new>
  <exclusive>
   no
  </exclusive>
  <sporty>
   no
  </sporty>
 </clothing>
 <clothing>
  <id>
   928151121
  </id>
  <name>
   Nike Umbrellas S-1530
  </name>
  <category>
   Umbrellas
  </category>
  <size>
   XXL
  </size>
  <color>
   Оранжевый
  </color>
  <material>
   Хлопок
  </material>
  <price>
   842286
  </price>
  <rating>
   4.1
  </rating>
  <reviews>
   479606
  </reviews>
  <new>
   -
  </new>
  <exclusive>
   yes
  </exclusive>
  <sporty>
   no
  </sporty>
 </clothing>
</clothing-items>
