<?xml version="1.0" encoding="utf-8"?>
<clothing-items>
 <clothing>
  <id>
   182815400
  </id>
  <name>
   Vans Shoes L-1047
  </name>
  <category>
   Shoes
  </category>
  <size>
   M
  </size>
  <color>
   Фиолетовый
  </color>
  <material>
   Кожа
  </material>
  <price>
   466546
  </price>
  <rating>
   4.55
  </rating>
  <reviews>
   360897
  </reviews>
 </clothing>
 <clothing>
  <id>
   587567996
  </id>
  <name>
   Addidas Belts I-1570
  </name>
  <category>
   Belts
  </category>
  <size>
   XL
  </size>
  <color>
   Фиолетовый
  </color>
  <material>
   Полиэстер
  </material>
  <price>
   348253
  </price>
  <rating>
   4.53
  </rating>
  <reviews>
   438873
  </reviews>
  <new>
   +
  </new>
  <exclusive>
   yes
  </exclusive>
 </clothing>
 <clothing>
  <id>
   455486651
  </id>
  <name>
   Under Armour Shoes U-4635
  </name>
  <category>
   Shoes
  </category>
  <size>
   S
  </size>
  <color>
   Красный
  </color>
  <material>
   Шерсть
  </material>
  <price>
   918139
  </price>
  <rating>
   4.01
  </rating>
  <reviews>
   289496
  </reviews>
  <new>
   -
  </new>
  <exclusive>
   no
  </exclusive>
 </clothing>
 <clothing>
  <id>
   788881973
  </id>
  <name>
   Nike Hat G-5278
  </name>
  <category>
   Hat
  </category>
  <size>
   XXL
  </size>
  <color>
   Оранжевый
  </color>
  <material>
   Лен
  </material>
  <price>
   446516
  </price>
  <rating>
   2.12
  </rating>
  <reviews>
   763669
  </reviews>
  <new>
   -
  </new>
  <sporty>
   no
  </sporty>
 </clothing>
 <clothing>
  <id>
   331245969
  </id>
  <name>
   Fila Handbags A-3427
  </name>
  <category>
   Handbags
  </category>
  <size>
   L
  </size>
  <color>
   Зеленый
  </color>
  <material>
   Хлопок
  </material>
  <price>
   296120
  </price>
  <rating>
   3.44
  </rating>
  <reviews>
   513436
  </reviews>
 </clothing>
 <clothing>
  <id>
   898061623
  </id>
  <name>
   Lacoste Hat X-9333
  </name>
  <category>
   Hat
  </category>
  <size>
   XXL
  </size>
  <color>
   Синий
  </color>
  <material>
   Полиэстер
  </material>
  <price>
   916141
  </price>
  <rating>
   3.23
  </rating>
  <reviews>
   193834
  </reviews>
  <exclusive>
   no
  </exclusive>
 </clothing>
 <clothing>
  <id>
   379998106
  </id>
  <name>
   DC Sweater R-1711
  </name>
  <category>
   Sweater
  </category>
  <size>
   XXL
  </size>
  <color>
   Фиолетовый
  </color>
  <material>
   Полиэстер
  </material>
  <price>
   685701
  </price>
  <rating>
   2.56
  </rating>
  <reviews>
   238009
  </reviews>
  <new>
   -
  </new>
  <exclusive>
   yes
  </exclusive>
  <sporty>
   yes
  </sporty>
 </clothing>
 <clothing>
  <id>
   337328183
  </id>
  <name>
   Converse Blouse A-1725
  </name>
  <category>
   Blouse
  </category>
  <size>
   M
  </size>
  <color>
   Голубой
  </color>
  <material>
   Вискоза
  </material>
  <price>
   565207
  </price>
  <rating>
   1.95
  </rating>
  <reviews>
   996498
  </reviews>
  <exclusive>
   no
  </exclusive>
  <sporty>
   no
  </sporty>
 </clothing>
 <clothing>
  <id>
   290381235
  </id>
  <name>
   Brooks Blouse L-5276
  </name>
  <category>
   Blouse
  </category>
  <size>
   M
  </size>
  <color>
   Оранжевый
  </color>
  <material>
   Шелк
  </material>
  <price>
   532508
  </price>
  <rating>
   3.77
  </rating>
  <reviews>
   508321
  </reviews>
  <exclusive>
   no
  </exclusive>
 </clothing>
 <clothing>
  <id>
   179938068
  </id>
  <name>
   Nike Shirt T-9656
  </name>
  <category>
   Shirt
  </category>
  <size>
   M
  </size>
  <color>
   Зеленый
  </color>
  <material>
   Вискоза
  </material>
  <price>
   913299
  </price>
  <rating>
   3.37
  </rating>
  <reviews>
   130903
  </reviews>
  <exclusive>
   no
  </exclusive>
  <sporty>
   yes
  </sporty>
 </clothing>
 <clothing>
  <id>
   344906539
  </id>
  <name>
   Reebok Handbags G-8081
  </name>
  <category>
   Handbags
  </category>
  <size>
   XL
  </size>
  <color>
   Синий
  </color>
  <material>
   Вискоза
  </material>
  <price>
   432847
  </price>
  <rating>
   4.1
  </rating>
  <reviews>
   958247
  </reviews>
  <new>
   -
  </new>
 </clothing>
 <clothing>
  <id>
   610776631
  </id>
  <name>
   New Balance Umbrellas X-5245
  </name>
  <category>
   Umbrellas
  </category>
  <size>
   S
  </size>
  <color>
   Голубой
  </color>
  <material>
   Кожа
  </material>
  <price>
   149579
  </price>
  <rating>
   4.24
  </rating>
  <reviews>
   138498
  </reviews>
  <new>
   +
  </new>
  <exclusive>
   yes
  </exclusive>
  <sporty>
   yes
  </sporty>
 </clothing>
 <clothing>
  <id>
   188138221
  </id>
  <name>
   New Balance Hat M-1926
  </name>
  <category>
   Hat
  </category>
  <size>
   L
  </size>
  <color>
   Оранжевый
  </color>
  <material>
   Шерсть
  </material>
  <price>
   978125
  </price>
  <rating>
   4.29
  </rating>
  <reviews>
   895865
  </reviews>
  <sporty>
   yes
  </sporty>
 </clothing>
 <clothing>
  <id>
   504475341
  </id>
  <name>
   Vans Socks V-1782
  </name>
  <category>
   Socks
  </category>
  <size>
   M
  </size>
  <color>
   Красный
  </color>
  <material>
   Хлопок
  </material>
  <price>
   430149
  </price>
  <rating>
   3.38
  </rating>
  <reviews>
   530355
  </reviews>
  <new>
   -
  </new>
  <sporty>
   no
  </sporty>
 </clothing>
 <clothing>
  <id>
   507401314
  </id>
  <name>
   New Balance Sweater E-3174
  </name>
  <category>
   Sweater
  </category>
  <size>
   L
  </size>
  <color>
   Фиолетовый
  </color>
  <material>
   Нейлон
  </material>
  <price>
   418458
  </price>
  <rating>
   1.75
  </rating>
  <reviews>
   531585
  </reviews>
  <sporty>
   yes
  </sporty>
 </clothing>
 <clothing>
  <id>
   973623407
  </id>
  <name>
   Under Armour Gloves C-8664
  </name>
  <category>
   Gloves
  </category>
  <size>
   XL
  </size>
  <color>
   Зеленый
  </color>
  <material>
   Полиэстер
  </material>
  <price>
   931749
  </price>
  <rating>
   4.52
  </rating>
  <reviews>
   408717
  </reviews>
  <exclusive>
   no
  </exclusive>
  <sporty>
   no
  </sporty>
 </clothing>
 <clothing>
  <id>
   723898983
  </id>
  <name>
   Lacoste Blouse X-2248
  </name>
  <category>
   Blouse
  </category>
  <size>
   XXL
  </size>
  <color>
   Фиолетовый
  </color>
  <material>
   Шерсть
  </material>
  <price>
   774589
  </price>
  <rating>
   3.8
  </rating>
  <reviews>
   206216
  </reviews>
  <new>
   -
  </new>
  <sporty>
   no
  </sporty>
 </clothing>
 <clothing>
  <id>
   214060129
  </id>
  <name>
   Brooks Blouse Q-8283
  </name>
  <category>
   Blouse
  </category>
  <size>
   XXL
  </size>
  <color>
   Синий
  </color>
  <material>
   Нейлон
  </material>
  <price>
   236601
  </price>
  <rating>
   2.04
  </rating>
  <reviews>
   510583
  </reviews>
 </clothing>
 <clothing>
  <id>
   259772085
  </id>
  <name>
   Reebok Socks K-3153
  </name>
  <category>
   Socks
  </category>
  <size>
   XXL
  </size>
  <color>
   Зеленый
  </color>
  <material>
   Нейлон
  </material>
  <price>
   572874
  </price>
  <rating>
   2.51
  </rating>
  <reviews>
   62510
  </reviews>
  <exclusive>
   no
  </exclusive>
 </clothing>
 <clothing>
  <id>
   463867628
  </id>
  <name>
   Fila Shirt D-9741
  </name>
  <category>
   Shirt
  </category>
  <size>
   XL
  </size>
  <color>
   Оранжевый
  </color>
  <material>
   Полиэстер
  </material>
  <price>
   374677
  </price>
  <rating>
   1.29
  </rating>
  <reviews>
   29865
  </reviews>
  <new>
   +
  </new>
  <exclusive>
   yes
  </exclusive>
 </clothing>
</clothing-items>
