<?xml version="1.0" encoding="utf-8"?>
<clothing-items>
 <clothing>
  <id>
   807365402
  </id>
  <name>
   Reebok Shirt Z-4930
  </name>
  <category>
   Shirt
  </category>
  <size>
   S
  </size>
  <color>
   Синий
  </color>
  <material>
   Шелк
  </material>
  <price>
   529181
  </price>
  <rating>
   1.17
  </rating>
  <reviews>
   268586
  </reviews>
  <new>
   +
  </new>
  <exclusive>
   no
  </exclusive>
 </clothing>
 <clothing>
  <id>
   177888557
  </id>
  <name>
   Vans Shoes V-9910
  </name>
  <category>
   Shoes
  </category>
  <size>
   M
  </size>
  <color>
   Зеленый
  </color>
  <material>
   Вискоза
  </material>
  <price>
   783209
  </price>
  <rating>
   4.2
  </rating>
  <reviews>
   983498
  </reviews>
  <exclusive>
   yes
  </exclusive>
 </clothing>
 <clothing>
  <id>
   193581288
  </id>
  <name>
   Reebok Shoes G-6263
  </name>
  <category>
   Shoes
  </category>
  <size>
   S
  </size>
  <color>
   Красный
  </color>
  <material>
   Нейлон
  </material>
  <price>
   766094
  </price>
  <rating>
   2.5
  </rating>
  <reviews>
   781703
  </reviews>
  <exclusive>
   no
  </exclusive>
 </clothing>
 <clothing>
  <id>
   880375757
  </id>
  <name>
   Puma Dress T-1597
  </name>
  <category>
   Dress
  </category>
  <size>
   S
  </size>
  <color>
   Оранжевый
  </color>
  <material>
   Шелк
  </material>
  <price>
   956702
  </price>
  <rating>
   3.06
  </rating>
  <reviews>
   66845
  </reviews>
  <new>
   -
  </new>
  <exclusive>
   no
  </exclusive>
  <sporty>
   no
  </sporty>
 </clothing>
 <clothing>
  <id>
   618266730
  </id>
  <name>
   Puma Umbrellas A-4730
  </name>
  <category>
   Umbrellas
  </category>
  <size>
   L
  </size>
  <color>
   Фиолетовый
  </color>
  <material>
   Кожа
  </material>
  <price>
   848078
  </price>
  <rating>
   4.08
  </rating>
  <reviews>
   815504
  </reviews>
  <exclusive>
   no
  </exclusive>
  <sporty>
   no
  </sporty>
 </clothing>
 <clothing>
  <id>
   552230514
  </id>
  <name>
   PleinSport Umbrellas X-8141
  </name>
  <category>
   Umbrellas
  </category>
  <size>
   S
  </size>
  <color>
   Голубой
  </color>
  <material>
   Кожа
  </material>
  <price>
   640290
  </price>
  <rating>
   2.88
  </rating>
  <reviews>
   445184
  </reviews>
  <new>
   -
  </new>
 </clothing>
 <clothing>
  <id>
   582000546
  </id>
  <name>
   Nike Sweater N-4755
  </name>
  <category>
   Sweater
  </category>
  <size>
   L
  </size>
  <color>
   Красный
  </color>
  <material>
   Нейлон
  </material>
  <price>
   964757
  </price>
  <rating>
   3.74
  </rating>
  <reviews>
   451493
  </reviews>
  <exclusive>
   no
  </exclusive>
  <sporty>
   yes
  </sporty>
 </clothing>
 <clothing>
  <id>
   625397167
  </id>
  <name>
   Reebok Shoes C-6033
  </name>
  <category>
   Shoes
  </category>
  <size>
   L
  </size>
  <color>
   Желтый
  </color>
  <material>
   Нейлон
  </material>
  <price>
   737062
  </price>
  <rating>
   2.8
  </rating>
  <reviews>
   704776
  </reviews>
  <new>
   -
  </new>
  <exclusive>
   yes
  </exclusive>
  <sporty>
   yes
  </sporty>
 </clothing>
 <clothing>
  <id>
   106554695
  </id>
  <name>
   DC Pants M-7669
  </name>
  <category>
   Pants
  </category>
  <size>
   S
  </size>
  <color>
   Оранжевый
  </color>
  <material>
   Нейлон
  </material>
  <price>
   271586
  </price>
  <rating>
   3.24
  </rating>
  <reviews>
   66359
  </reviews>
 </clothing>
 <clothing>
  <id>
   456283760
  </id>
  <name>
   Lacoste Gloves N-9280
  </name>
  <category>
   Gloves
  </category>
  <size>
   XXL
  </size>
  <color>
   Красный
  </color>
  <material>
   Шерсть
  </material>
  <price>
   597805
  </price>
  <rating>
   3.25
  </rating>
  <reviews>
   579521
  </reviews>
  <new>
   +
  </new>
  <exclusive>
   yes
  </exclusive>
 </clothing>
 <clothing>
  <id>
   874761983
  </id>
  <name>
   Vans Jacket J-3618
  </name>
  <category>
   Jacket
  </category>
  <size>
   S
  </size>
  <color>
   Зеленый
  </color>
  <material>
   Полиэстер
  </material>
  <price>
   775421
  </price>
  <rating>
   4.72
  </rating>
  <reviews>
   756098
  </reviews>
  <sporty>
   yes
  </sporty>
 </clothing>
 <clothing>
  <id>
   795172562
  </id>
  <name>
   Converse Dress X-5714
  </name>
  <category>
   Dress
  </category>
  <size>
   M
  </size>
  <color>
   Зеленый
  </color>
  <material>
   Кожа
  </material>
  <price>
   868522
  </price>
  <rating>
   3.97
  </rating>
  <reviews>
   579540
  </reviews>
  <new>
   +
  </new>
  <exclusive>
   yes
  </exclusive>
 </clothing>
 <clothing>
  <id>
   843867300
  </id>
  <name>
   Under Armour Handbags S-2656
  </name>
  <category>
   Handbags
  </category>
  <size>
   XXL
  </size>
  <color>
   Синий
  </color>
  <material>
   Лен
  </material>
  <price>
   331149
  </price>
  <rating>
   4.69
  </rating>
  <reviews>
   442015
  </reviews>
  <new>
   +
  </new>
  <sporty>
   no
  </sporty>
 </clothing>
 <clothing>
  <id>
   607387903
  </id>
  <name>
   Addidas Jacket O-9269
  </name>
  <category>
   Jacket
  </category>
  <size>
   XXL
  </size>
  <color>
   Синий
  </color>
  <material>
   Кожа
  </material>
  <price>
   527132
  </price>
  <rating>
   4.74
  </rating>
  <reviews>
   833992
  </reviews>
  <exclusive>
   no
  </exclusive>
 </clothing>
 <clothing>
  <id>
   279350602
  </id>
  <name>
   Lacoste Dress L-4764
  </name>
  <category>
   Dress
  </category>
  <size>
   XXL
  </size>
  <color>
   Фиолетовый
  </color>
  <material>
   Лен
  </material>
  <price>
   612164
  </price>
  <rating>
   1.57
  </rating>
  <reviews>
   886662
  </reviews>
  <new>
   -
  </new>
  <sporty>
   no
  </sporty>
 </clothing>
 <clothing>
  <id>
   759053272
  </id>
  <name>
   Lacoste Umbrellas X-2937
  </name>
  <category>
   Umbrellas
  </category>
  <size>
   S
  </size>
  <color>
   Желтый
  </color>
  <material>
   Лен
  </material>
  <price>
   508975
  </price>
  <rating>
   3.14
  </rating>
  <reviews>
   25060
  </reviews>
 </clothing>
 <clothing>
  <id>
   805760665
  </id>
  <name>
   Asics Dress D-5892
  </name>
  <category>
   Dress
  </category>
  <size>
   M
  </size>
  <color>
   Голубой
  </color>
  <material>
   Нейлон
  </material>
  <price>
   999875
  </price>
  <rating>
   1.33
  </rating>
  <reviews>
   633070
  </reviews>
  <new>
   -
  </new>
  <sporty>
   no
  </sporty>
 </clothing>
 <clothing>
  <id>
   450567874
  </id>
  <name>
   DC Gloves T-7975
  </name>
  <category>
   Gloves
  </category>
  <size>
   L
  </size>
  <color>
   Зеленый
  </color>
  <material>
   Шерсть
  </material>
  <price>
   876671
  </price>
  <rating>
   1.22
  </rating>
  <reviews>
   471372
  </reviews>
  <new>
   -
  </new>
  <exclusive>
   yes
  </exclusive>
 </clothing>
 <clothing>
  <id>
   459638229
  </id>
  <name>
   Fila Shirt O-2826
  </name>
  <category>
   Shirt
  </category>
  <size>
   M
  </size>
  <color>
   Оранжевый
  </color>
  <material>
   Кожа
  </material>
  <price>
   425043
  </price>
  <rating>
   3.99
  </rating>
  <reviews>
   244286
  </reviews>
  <new>
   +
  </new>
  <exclusive>
   no
  </exclusive>
 </clothing>
 <clothing>
  <id>
   512390493
  </id>
  <name>
   New Balance Socks R-8897
  </name>
  <category>
   Socks
  </category>
  <size>
   XXL
  </size>
  <color>
   Зеленый
  </color>
  <material>
   Лен
  </material>
  <price>
   351484
  </price>
  <rating>
   2.32
  </rating>
  <reviews>
   86989
  </reviews>
  <exclusive>
   no
  </exclusive>
  <sporty>
   no
  </sporty>
 </clothing>
 <clothing>
  <id>
   249236210
  </id>
  <name>
   Nike Belts H-1303
  </name>
  <category>
   Belts
  </category>
  <size>
   XXL
  </size>
  <color>
   Фиолетовый
  </color>
  <material>
   Полиэстер
  </material>
  <price>
   437195
  </price>
  <rating>
   1.68
  </rating>
  <reviews>
   807007
  </reviews>
  <new>
   -
  </new>
  <sporty>
   yes
  </sporty>
 </clothing>
 <clothing>
  <id>
   609639613
  </id>
  <name>
   Puma Blouse M-9143
  </name>
  <category>
   Blouse
  </category>
  <size>
   M
  </size>
  <color>
   Зеленый
  </color>
  <material>
   Лен
  </material>
  <price>
   411573
  </price>
  <rating>
   3.62
  </rating>
  <reviews>
   658697
  </reviews>
  <new>
   -
  </new>
  <sporty>
   no
  </sporty>
 </clothing>
 <clothing>
  <id>
   315355084
  </id>
  <name>
   Brooks Blouse I-6720
  </name>
  <category>
   Blouse
  </category>
  <size>
   S
  </size>
  <color>
   Синий
  </color>
  <material>
   Шелк
  </material>
  <price>
   146039
  </price>
  <rating>
   1.04
  </rating>
  <reviews>
   422365
  </reviews>
  <new>
   -
  </new>
  <sporty>
   yes
  </sporty>
 </clothing>
 <clothing>
  <id>
   637452920
  </id>
  <name>
   Under Armour Handbags E-3590
  </name>
  <category>
   Handbags
  </category>
  <size>
   L
  </size>
  <color>
   Желтый
  </color>
  <material>
   Шелк
  </material>
  <price>
   563669
  </price>
  <rating>
   4.27
  </rating>
  <reviews>
   254934
  </reviews>
  <new>
   -
  </new>
 </clothing>
 <clothing>
  <id>
   132731211
  </id>
  <name>
   Reebok Skirt R-4520
  </name>
  <category>
   Skirt
  </category>
  <size>
   L
  </size>
  <color>
   Фиолетовый
  </color>
  <material>
   Хлопок
  </material>
  <price>
   462072
  </price>
  <rating>
   2.3
  </rating>
  <reviews>
   186392
  </reviews>
  <sporty>
   no
  </sporty>
 </clothing>
 <clothing>
  <id>
   797690150
  </id>
  <name>
   Nike Sweater W-8598
  </name>
  <category>
   Sweater
  </category>
  <size>
   S
  </size>
  <color>
   Желтый
  </color>
  <material>
   Шерсть
  </material>
  <price>
   977525
  </price>
  <rating>
   2.93
  </rating>
  <reviews>
   292160
  </reviews>
  <exclusive>
   yes
  </exclusive>
 </clothing>
 <clothing>
  <id>
   288063505
  </id>
  <name>
   Lacoste Jacket T-6494
  </name>
  <category>
   Jacket
  </category>
  <size>
   XL
  </size>
  <color>
   Фиолетовый
  </color>
  <material>
   Вискоза
  </material>
  <price>
   336363
  </price>
  <rating>
   2.02
  </rating>
  <reviews>
   817148
  </reviews>
  <sporty>
   no
  </sporty>
 </clothing>
 <clothing>
  <id>
   612143699
  </id>
  <name>
   DC Belts M-2229
  </name>
  <category>
   Belts
  </category>
  <size>
   M
  </size>
  <color>
   Зеленый
  </color>
  <material>
   Хлопок
  </material>
  <price>
   532872
  </price>
  <rating>
   3.69
  </rating>
  <reviews>
   568599
  </reviews>
  <sporty>
   yes
  </sporty>
 </clothing>
 <clothing>
  <id>
   139727138
  </id>
  <name>
   Reebok Shirt U-1987
  </name>
  <category>
   Shirt
  </category>
  <size>
   S
  </size>
  <color>
   Оранжевый
  </color>
  <material>
   Вискоза
  </material>
  <price>
   710159
  </price>
  <rating>
   2.73
  </rating>
  <reviews>
   75475
  </reviews>
  <new>
   +
  </new>
  <exclusive>
   yes
  </exclusive>
 </clothing>
 <clothing>
  <id>
   109107185
  </id>
  <name>
   Asics Jacket N-9010
  </name>
  <category>
   Jacket
  </category>
  <size>
   S
  </size>
  <color>
   Красный
  </color>
  <material>
   Шерсть
  </material>
  <price>
   721514
  </price>
  <rating>
   1.47
  </rating>
  <reviews>
   663360
  </reviews>
  <exclusive>
   no
  </exclusive>
 </clothing>
 <clothing>
  <id>
   134373646
  </id>
  <name>
   New Balance Umbrellas E-4904
  </name>
  <category>
   Umbrellas
  </category>
  <size>
   M
  </size>
  <color>
   Фиолетовый
  </color>
  <material>
   Кожа
  </material>
  <price>
   907770
  </price>
  <rating>
   1.99
  </rating>
  <reviews>
   626811
  </reviews>
  <new>
   -
  </new>
  <exclusive>
   no
  </exclusive>
 </clothing>
 <clothing>
  <id>
   221641900
  </id>
  <name>
   Converse Dress P-1955
  </name>
  <category>
   Dress
  </category>
  <size>
   M
  </size>
  <color>
   Синий
  </color>
  <material>
   Шерсть
  </material>
  <price>
   605403
  </price>
  <rating>
   2.41
  </rating>
  <reviews>
   790796
  </reviews>
  <new>
   -
  </new>
  <exclusive>
   yes
  </exclusive>
  <sporty>
   no
  </sporty>
 </clothing>
 <clothing>
  <id>
   966436885
  </id>
  <name>
   PleinSport Gloves F-4169
  </name>
  <category>
   Gloves
  </category>
  <size>
   XL
  </size>
  <color>
   Красный
  </color>
  <material>
   Шерсть
  </material>
  <price>
   654511
  </price>
  <rating>
   1.71
  </rating>
  <reviews>
   337376
  </reviews>
  <new>
   -
  </new>
  <exclusive>
   yes
  </exclusive>
 </clothing>
 <clothing>
  <id>
   394185848
  </id>
  <name>
   Puma Dress V-6549
  </name>
  <category>
   Dress
  </category>
  <size>
   S
  </size>
  <color>
   Голубой
  </color>
  <material>
   Вискоза
  </material>
  <price>
   775050
  </price>
  <rating>
   4.84
  </rating>
  <reviews>
   964954
  </reviews>
  <new>
   -
  </new>
  <exclusive>
   no
  </exclusive>
  <sporty>
   no
  </sporty>
 </clothing>
 <clothing>
  <id>
   233511044
  </id>
  <name>
   Vans Umbrellas T-1031
  </name>
  <category>
   Umbrellas
  </category>
  <size>
   M
  </size>
  <color>
   Зеленый
  </color>
  <material>
   Вискоза
  </material>
  <price>
   152226
  </price>
  <rating>
   3.42
  </rating>
  <reviews>
   300017
  </reviews>
  <exclusive>
   no
  </exclusive>
  <sporty>
   no
  </sporty>
 </clothing>
 <clothing>
  <id>
   712317287
  </id>
  <name>
   Converse Umbrellas J-5357
  </name>
  <category>
   Umbrellas
  </category>
  <size>
   XL
  </size>
  <color>
   Фиолетовый
  </color>
  <material>
   Шелк
  </material>
  <price>
   764902
  </price>
  <rating>
   4.49
  </rating>
  <reviews>
   594137
  </reviews>
  <exclusive>
   yes
  </exclusive>
  <sporty>
   yes
  </sporty>
 </clothing>
 <clothing>
  <id>
   801063605
  </id>
  <name>
   Ellesse Shirt M-5718
  </name>
  <category>
   Shirt
  </category>
  <size>
   M
  </size>
  <color>
   Красный
  </color>
  <material>
   Лен
  </material>
  <price>
   173296
  </price>
  <rating>
   3.75
  </rating>
  <reviews>
   843815
  </reviews>
  <exclusive>
   no
  </exclusive>
 </clothing>
 <clothing>
  <id>
   905932692
  </id>
  <name>
   Vans Gloves K-2882
  </name>
  <category>
   Gloves
  </category>
  <size>
   L
  </size>
  <color>
   Красный
  </color>
  <material>
   Шелк
  </material>
  <price>
   809630
  </price>
  <rating>
   2.0
  </rating>
  <reviews>
   287053
  </reviews>
  <exclusive>
   no
  </exclusive>
 </clothing>
 <clothing>
  <id>
   352648428
  </id>
  <name>
   DC Shoes I-7442
  </name>
  <category>
   Shoes
  </category>
  <size>
   L
  </size>
  <color>
   Фиолетовый
  </color>
  <material>
   Полиэстер
  </material>
  <price>
   534679
  </price>
  <rating>
   2.86
  </rating>
  <reviews>
   582917
  </reviews>
  <exclusive>
   no
  </exclusive>
  <sporty>
   no
  </sporty>
 </clothing>
 <clothing>
  <id>
   103840968
  </id>
  <name>
   DC Socks J-6901
  </name>
  <category>
   Socks
  </category>
  <size>
   S
  </size>
  <color>
   Фиолетовый
  </color>
  <material>
   Шерсть
  </material>
  <price>
   309518
  </price>
  <rating>
   3.89
  </rating>
  <reviews>
   64932
  </reviews>
  <new>
   -
  </new>
  <exclusive>
   no
  </exclusive>
 </clothing>
 <clothing>
  <id>
   160118223
  </id>
  <name>
   Asics Gloves W-5467
  </name>
  <category>
   Gloves
  </category>
  <size>
   M
  </size>
  <color>
   Голубой
  </color>
  <material>
   Полиэстер
  </material>
  <price>
   516202
  </price>
  <rating>
   2.27
  </rating>
  <reviews>
   162590
  </reviews>
  <new>
   +
  </new>
  <exclusive>
   yes
  </exclusive>
 </clothing>
 <clothing>
  <id>
   491655844
  </id>
  <name>
   Addidas Skirt V-2117
  </name>
  <category>
   Skirt
  </category>
  <size>
   L
  </size>
  <color>
   Желтый
  </color>
  <material>
   Лен
  </material>
  <price>
   630246
  </price>
  <rating>
   4.72
  </rating>
  <reviews>
   475850
  </reviews>
  <sporty>
   yes
  </sporty>
 </clothing>
 <clothing>
  <id>
   797424537
  </id>
  <name>
   Addidas Dress L-3330
  </name>
  <category>
   Dress
  </category>
  <size>
   S
  </size>
  <color>
   Фиолетовый
  </color>
  <material>
   Нейлон
  </material>
  <price>
   700822
  </price>
  <rating>
   3.01
  </rating>
  <reviews>
   237816
  </reviews>
  <exclusive>
   yes
  </exclusive>
 </clothing>
 <clothing>
  <id>
   371646611
  </id>
  <name>
   New Balance Gloves W-1751
  </name>
  <category>
   Gloves
  </category>
  <size>
   S
  </size>
  <color>
   Оранжевый
  </color>
  <material>
   Вискоза
  </material>
  <price>
   413096
  </price>
  <rating>
   1.88
  </rating>
  <reviews>
   379992
  </reviews>
  <new>
   +
  </new>
 </clothing>
 <clothing>
  <id>
   478407664
  </id>
  <name>
   Fila Handbags N-5509
  </name>
  <category>
   Handbags
  </category>
  <size>
   S
  </size>
  <color>
   Красный
  </color>
  <material>
   Вискоза
  </material>
  <price>
   204083
  </price>
  <rating>
   3.68
  </rating>
  <reviews>
   531894
  </reviews>
  <new>
   -
  </new>
  <sporty>
   no
  </sporty>
 </clothing>
 <clothing>
  <id>
   874023829
  </id>
  <name>
   Brooks Gloves F-3941
  </name>
  <category>
   Gloves
  </category>
  <size>
   L
  </size>
  <color>
   Зеленый
  </color>
  <material>
   Вискоза
  </material>
  <price>
   448022
  </price>
  <rating>
   2.6
  </rating>
  <reviews>
   752532
  </reviews>
  <new>
   -
  </new>
  <sporty>
   yes
  </sporty>
 </clothing>
 <clothing>
  <id>
   583559053
  </id>
  <name>
   New Balance Skirt J-3762
  </name>
  <category>
   Skirt
  </category>
  <size>
   L
  </size>
  <color>
   Красный
  </color>
  <material>
   Шерсть
  </material>
  <price>
   522511
  </price>
  <rating>
   4.15
  </rating>
  <reviews>
   338839
  </reviews>
  <sporty>
   yes
  </sporty>
 </clothing>
 <clothing>
  <id>
   871394048
  </id>
  <name>
   Adidas Belts H-5229
  </name>
  <category>
   Belts
  </category>
  <size>
   XXL
  </size>
  <color>
   Оранжевый
  </color>
  <material>
   Кожа
  </material>
  <price>
   487360
  </price>
  <rating>
   1.2
  </rating>
  <reviews>
   953491
  </reviews>
  <new>
   -
  </new>
  <exclusive>
   yes
  </exclusive>
 </clothing>
 <clothing>
  <id>
   392974825
  </id>
  <name>
   DC Shirt G-6101
  </name>
  <category>
   Shirt
  </category>
  <size>
   S
  </size>
  <color>
   Фиолетовый
  </color>
  <material>
   Кожа
  </material>
  <price>
   773733
  </price>
  <rating>
   2.55
  </rating>
  <reviews>
   216148
  </reviews>
  <new>
   -
  </new>
  <exclusive>
   yes
  </exclusive>
 </clothing>
</clothing-items>
