<?xml version="1.0" encoding="utf-8"?>
<clothing-items>
 <clothing>
  <id>
   820904579
  </id>
  <name>
   Lacoste T-shirt W-8709
  </name>
  <category>
   T-shirt
  </category>
  <size>
   XL
  </size>
  <color>
   Голубой
  </color>
  <material>
   Вискоза
  </material>
  <price>
   999977
  </price>
  <rating>
   4.55
  </rating>
  <reviews>
   840354
  </reviews>
  <sporty>
   no
  </sporty>
 </clothing>
 <clothing>
  <id>
   326554459
  </id>
  <name>
   Converse T-shirt P-4595
  </name>
  <category>
   T-shirt
  </category>
  <size>
   L
  </size>
  <color>
   Красный
  </color>
  <material>
   Шерсть
  </material>
  <price>
   546877
  </price>
  <rating>
   3.4
  </rating>
  <reviews>
   136296
  </reviews>
  <sporty>
   yes
  </sporty>
 </clothing>
 <clothing>
  <id>
   168573677
  </id>
  <name>
   Nike Blouse U-9032
  </name>
  <category>
   Blouse
  </category>
  <size>
   XL
  </size>
  <color>
   Зеленый
  </color>
  <material>
   Лен
  </material>
  <price>
   414360
  </price>
  <rating>
   2.22
  </rating>
  <reviews>
   378337
  </reviews>
  <new>
   -
  </new>
  <exclusive>
   no
  </exclusive>
 </clothing>
 <clothing>
  <id>
   552498174
  </id>
  <name>
   Ellesse Umbrellas L-6566
  </name>
  <category>
   Umbrellas
  </category>
  <size>
   XL
  </size>
  <color>
   Красный
  </color>
  <material>
   Лен
  </material>
  <price>
   321440
  </price>
  <rating>
   2.58
  </rating>
  <reviews>
   396114
  </reviews>
  <new>
   -
  </new>
 </clothing>
 <clothing>
  <id>
   473429060
  </id>
  <name>
   Under Armour Handbags N-2461
  </name>
  <category>
   Handbags
  </category>
  <size>
   M
  </size>
  <color>
   Синий
  </color>
  <material>
   Шелк
  </material>
  <price>
   334239
  </price>
  <rating>
   4.57
  </rating>
  <reviews>
   81515
  </reviews>
  <sporty>
   no
  </sporty>
 </clothing>
 <clothing>
  <id>
   519315889
  </id>
  <name>
   Converse Umbrellas U-6790
  </name>
  <category>
   Umbrellas
  </category>
  <size>
   XXL
  </size>
  <color>
   Красный
  </color>
  <material>
   Кожа
  </material>
  <price>
   287578
  </price>
  <rating>
   2.88
  </rating>
  <reviews>
   577918
  </reviews>
  <exclusive>
   yes
  </exclusive>
  <sporty>
   no
  </sporty>
 </clothing>
 <clothing>
  <id>
   619384892
  </id>
  <name>
   Addidas Belts T-8508
  </name>
  <category>
   Belts
  </category>
  <size>
   S
  </size>
  <color>
   Фиолетовый
  </color>
  <material>
   Хлопок
  </material>
  <price>
   785544
  </price>
  <rating>
   4.27
  </rating>
  <reviews>
   950502
  </reviews>
  <new>
   -
  </new>
  <sporty>
   yes
  </sporty>
 </clothing>
 <clothing>
  <id>
   391873655
  </id>
  <name>
   Nike Shirt W-8012
  </name>
  <category>
   Shirt
  </category>
  <size>
   XL
  </size>
  <color>
   Желтый
  </color>
  <material>
   Нейлон
  </material>
  <price>
   329869
  </price>
  <rating>
   4.88
  </rating>
  <reviews>
   679102
  </reviews>
  <new>
   -
  </new>
  <sporty>
   no
  </sporty>
 </clothing>
 <clothing>
  <id>
   440178302
  </id>
  <name>
   Addidas Handbags V-7661
  </name>
  <category>
   Handbags
  </category>
  <size>
   S
  </size>
  <color>
   Красный
  </color>
  <material>
   Полиэстер
  </material>
  <price>
   619927
  </price>
  <rating>
   2.01
  </rating>
  <reviews>
   614479
  </reviews>
  <new>
   +
  </new>
 </clothing>
 <clothing>
  <id>
   821012900
  </id>
  <name>
   Brooks Gloves L-4784
  </name>
  <category>
   Gloves
  </category>
  <size>
   XXL
  </size>
  <color>
   Оранжевый
  </color>
  <material>
   Шерсть
  </material>
  <price>
   951731
  </price>
  <rating>
   4.77
  </rating>
  <reviews>
   434866
  </reviews>
 </clothing>
 <clothing>
  <id>
   922778261
  </id>
  <name>
   PleinSport Sweater X-7914
  </name>
  <category>
   Sweater
  </category>
  <size>
   XXL
  </size>
  <color>
   Оранжевый
  </color>
  <material>
   Вискоза
  </material>
  <price>
   277962
  </price>
  <rating>
   1.57
  </rating>
  <reviews>
   393581
  </reviews>
 </clothing>
 <clothing>
  <id>
   133758952
  </id>
  <name>
   PleinSport Umbrellas E-8538
  </name>
  <category>
   Umbrellas
  </category>
  <size>
   XL
  </size>
  <color>
   Желтый
  </color>
  <material>
   Шелк
  </material>
  <price>
   709985
  </price>
  <rating>
   1.83
  </rating>
  <reviews>
   243257
  </reviews>
  <new>
   -
  </new>
  <exclusive>
   yes
  </exclusive>
 </clothing>
 <clothing>
  <id>
   811144711
  </id>
  <name>
   Puma Pants V-6421
  </name>
  <category>
   Pants
  </category>
  <size>
   M
  </size>
  <color>
   Голубой
  </color>
  <material>
   Лен
  </material>
  <price>
   996744
  </price>
  <rating>
   1.34
  </rating>
  <reviews>
   457428
  </reviews>
  <new>
   -
  </new>
  <sporty>
   yes
  </sporty>
 </clothing>
 <clothing>
  <id>
   507513184
  </id>
  <name>
   Under Armour Shirt N-7335
  </name>
  <category>
   Shirt
  </category>
  <size>
   M
  </size>
  <color>
   Синий
  </color>
  <material>
   Хлопок
  </material>
  <price>
   164605
  </price>
  <rating>
   4.74
  </rating>
  <reviews>
   894796
  </reviews>
  <new>
   -
  </new>
 </clothing>
 <clothing>
  <id>
   214713360
  </id>
  <name>
   Brooks Socks L-3032
  </name>
  <category>
   Socks
  </category>
  <size>
   L
  </size>
  <color>
   Оранжевый
  </color>
  <material>
   Кожа
  </material>
  <price>
   988534
  </price>
  <rating>
   2.43
  </rating>
  <reviews>
   694952
  </reviews>
  <new>
   +
  </new>
  <exclusive>
   yes
  </exclusive>
 </clothing>
 <clothing>
  <id>
   869596520
  </id>
  <name>
   Asics Shirt H-4630
  </name>
  <category>
   Shirt
  </category>
  <size>
   XL
  </size>
  <color>
   Оранжевый
  </color>
  <material>
   Шелк
  </material>
  <price>
   882874
  </price>
  <rating>
   3.7
  </rating>
  <reviews>
   466409
  </reviews>
  <new>
   -
  </new>
 </clothing>
 <clothing>
  <id>
   952887125
  </id>
  <name>
   Addidas Jeans K-3246
  </name>
  <category>
   Jeans
  </category>
  <size>
   XL
  </size>
  <color>
   Фиолетовый
  </color>
  <material>
   Шерсть
  </material>
  <price>
   177259
  </price>
  <rating>
   2.01
  </rating>
  <reviews>
   354677
  </reviews>
 </clothing>
 <clothing>
  <id>
   782244544
  </id>
  <name>
   Ellesse Gloves U-4253
  </name>
  <category>
   Gloves
  </category>
  <size>
   L
  </size>
  <color>
   Красный
  </color>
  <material>
   Лен
  </material>
  <price>
   874950
  </price>
  <rating>
   3.15
  </rating>
  <reviews>
   877279
  </reviews>
  <exclusive>
   no
  </exclusive>
  <sporty>
   yes
  </sporty>
 </clothing>
 <clothing>
  <id>
   971889612
  </id>
  <name>
   Ellesse Umbrellas R-9096
  </name>
  <category>
   Umbrellas
  </category>
  <size>
   L
  </size>
  <color>
   Желтый
  </color>
  <material>
   Вискоза
  </material>
  <price>
   975279
  </price>
  <rating>
   3.94
  </rating>
  <reviews>
   432052
  </reviews>
  <sporty>
   no
  </sporty>
 </clothing>
 <clothing>
  <id>
   661001335
  </id>
  <name>
   Ellesse Dress R-8647
  </name>
  <category>
   Dress
  </category>
  <size>
   XL
  </size>
  <color>
   Оранжевый
  </color>
  <material>
   Лен
  </material>
  <price>
   578825
  </price>
  <rating>
   2.07
  </rating>
  <reviews>
   364207
  </reviews>
  <exclusive>
   no
  </exclusive>
  <sporty>
   no
  </sporty>
 </clothing>
 <clothing>
  <id>
   961972699
  </id>
  <name>
   Reebok Handbags B-5458
  </name>
  <category>
   Handbags
  </category>
  <size>
   XXL
  </size>
  <color>
   Фиолетовый
  </color>
  <material>
   Кожа
  </material>
  <price>
   813746
  </price>
  <rating>
   4.51
  </rating>
  <reviews>
   601179
  </reviews>
  <exclusive>
   no
  </exclusive>
  <sporty>
   yes
  </sporty>
 </clothing>
 <clothing>
  <id>
   944369386
  </id>
  <name>
   DC Blouse Q-6676
  </name>
  <category>
   Blouse
  </category>
  <size>
   S
  </size>
  <color>
   Фиолетовый
  </color>
  <material>
   Лен
  </material>
  <price>
   253215
  </price>
  <rating>
   1.48
  </rating>
  <reviews>
   208171
  </reviews>
  <new>
   -
  </new>
  <sporty>
   no
  </sporty>
 </clothing>
 <clothing>
  <id>
   344384605
  </id>
  <name>
   Fila Belts N-4729
  </name>
  <category>
   Belts
  </category>
  <size>
   S
  </size>
  <color>
   Оранжевый
  </color>
  <material>
   Полиэстер
  </material>
  <price>
   422077
  </price>
  <rating>
   1.31
  </rating>
  <reviews>
   524634
  </reviews>
  <new>
   +
  </new>
  <exclusive>
   no
  </exclusive>
  <sporty>
   no
  </sporty>
 </clothing>
 <clothing>
  <id>
   897457907
  </id>
  <name>
   Brooks Blouse X-1455
  </name>
  <category>
   Blouse
  </category>
  <size>
   XXL
  </size>
  <color>
   Синий
  </color>
  <material>
   Полиэстер
  </material>
  <price>
   329254
  </price>
  <rating>
   2.61
  </rating>
  <reviews>
   778742
  </reviews>
  <exclusive>
   yes
  </exclusive>
  <sporty>
   yes
  </sporty>
 </clothing>
</clothing-items>
