<?xml version="1.0" encoding="utf-8"?>
<clothing-items>
 <clothing>
  <id>
   600228787
  </id>
  <name>
   Vans Pants J-3369
  </name>
  <category>
   Pants
  </category>
  <size>
   XL
  </size>
  <color>
   Зеленый
  </color>
  <material>
   Нейлон
  </material>
  <price>
   392778
  </price>
  <rating>
   1.85
  </rating>
  <reviews>
   503420
  </reviews>
  <sporty>
   no
  </sporty>
 </clothing>
 <clothing>
  <id>
   693825152
  </id>
  <name>
   Ellesse Socks L-3359
  </name>
  <category>
   Socks
  </category>
  <size>
   XL
  </size>
  <color>
   Фиолетовый
  </color>
  <material>
   Лен
  </material>
  <price>
   683939
  </price>
  <rating>
   1.21
  </rating>
  <reviews>
   454819
  </reviews>
  <new>
   -
  </new>
 </clothing>
 <clothing>
  <id>
   795970627
  </id>
  <name>
   New Balance Hat M-4520
  </name>
  <category>
   Hat
  </category>
  <size>
   XXL
  </size>
  <color>
   Голубой
  </color>
  <material>
   Шерсть
  </material>
  <price>
   312062
  </price>
  <rating>
   1.38
  </rating>
  <reviews>
   538443
  </reviews>
  <new>
   -
  </new>
  <exclusive>
   no
  </exclusive>
 </clothing>
 <clothing>
  <id>
   203502785
  </id>
  <name>
   Reebok Gloves H-7463
  </name>
  <category>
   Gloves
  </category>
  <size>
   XL
  </size>
  <color>
   Желтый
  </color>
  <material>
   Лен
  </material>
  <price>
   527234
  </price>
  <rating>
   4.78
  </rating>
  <reviews>
   836332
  </reviews>
  <new>
   -
  </new>
  <sporty>
   yes
  </sporty>
 </clothing>
 <clothing>
  <id>
   142044178
  </id>
  <name>
   Ellesse Shoes N-4410
  </name>
  <category>
   Shoes
  </category>
  <size>
   XL
  </size>
  <color>
   Оранжевый
  </color>
  <material>
   Шелк
  </material>
  <price>
   490585
  </price>
  <rating>
   3.77
  </rating>
  <reviews>
   553370
  </reviews>
  <new>
   +
  </new>
  <exclusive>
   no
  </exclusive>
 </clothing>
 <clothing>
  <id>
   303950961
  </id>
  <name>
   Addidas Jeans K-1160
  </name>
  <category>
   Jeans
  </category>
  <size>
   S
  </size>
  <color>
   Красный
  </color>
  <material>
   Кожа
  </material>
  <price>
   150387
  </price>
  <rating>
   4.75
  </rating>
  <reviews>
   794509
  </reviews>
  <new>
   +
  </new>
 </clothing>
 <clothing>
  <id>
   642775896
  </id>
  <name>
   Fila Shirt P-5715
  </name>
  <category>
   Shirt
  </category>
  <size>
   XL
  </size>
  <color>
   Фиолетовый
  </color>
  <material>
   Хлопок
  </material>
  <price>
   719283
  </price>
  <rating>
   2.79
  </rating>
  <reviews>
   215705
  </reviews>
  <new>
   +
  </new>
  <exclusive>
   no
  </exclusive>
 </clothing>
 <clothing>
  <id>
   954973189
  </id>
  <name>
   Ellesse Socks G-1601
  </name>
  <category>
   Socks
  </category>
  <size>
   XL
  </size>
  <color>
   Синий
  </color>
  <material>
   Шелк
  </material>
  <price>
   625017
  </price>
  <rating>
   4.95
  </rating>
  <reviews>
   625848
  </reviews>
  <sporty>
   yes
  </sporty>
 </clothing>
 <clothing>
  <id>
   787350940
  </id>
  <name>
   Converse Jacket O-2121
  </name>
  <category>
   Jacket
  </category>
  <size>
   M
  </size>
  <color>
   Красный
  </color>
  <material>
   Полиэстер
  </material>
  <price>
   526855
  </price>
  <rating>
   2.74
  </rating>
  <reviews>
   146631
  </reviews>
  <exclusive>
   yes
  </exclusive>
  <sporty>
   yes
  </sporty>
 </clothing>
 <clothing>
  <id>
   207098987
  </id>
  <name>
   PleinSport Gloves I-8839
  </name>
  <category>
   Gloves
  </category>
  <size>
   M
  </size>
  <color>
   Зеленый
  </color>
  <material>
   Кожа
  </material>
  <price>
   708826
  </price>
  <rating>
   2.12
  </rating>
  <reviews>
   620079
  </reviews>
  <exclusive>
   yes
  </exclusive>
  <sporty>
   no
  </sporty>
 </clothing>
 <clothing>
  <id>
   669898677
  </id>
  <name>
   Reebok T-shirt Y-5065
  </name>
  <category>
   T-shirt
  </category>
  <size>
   XXL
  </size>
  <color>
   Желтый
  </color>
  <material>
   Лен
  </material>
  <price>
   190517
  </price>
  <rating>
   4.1
  </rating>
  <reviews>
   730528
  </reviews>
  <sporty>
   yes
  </sporty>
 </clothing>
 <clothing>
  <id>
   478176745
  </id>
  <name>
   Lacoste Pants E-9426
  </name>
  <category>
   Pants
  </category>
  <size>
   L
  </size>
  <color>
   Синий
  </color>
  <material>
   Нейлон
  </material>
  <price>
   936180
  </price>
  <rating>
   3.95
  </rating>
  <reviews>
   371724
  </reviews>
 </clothing>
 <clothing>
  <id>
   375756767
  </id>
  <name>
   Adidas Umbrellas O-1966
  </name>
  <category>
   Umbrellas
  </category>
  <size>
   M
  </size>
  <color>
   Красный
  </color>
  <material>
   Шелк
  </material>
  <price>
   935614
  </price>
  <rating>
   2.87
  </rating>
  <reviews>
   262076
  </reviews>
  <new>
   +
  </new>
  <exclusive>
   no
  </exclusive>
 </clothing>
 <clothing>
  <id>
   882641070
  </id>
  <name>
   PleinSport Shoes Q-9194
  </name>
  <category>
   Shoes
  </category>
  <size>
   M
  </size>
  <color>
   Желтый
  </color>
  <material>
   Нейлон
  </material>
  <price>
   761327
  </price>
  <rating>
   3.94
  </rating>
  <reviews>
   775984
  </reviews>
  <exclusive>
   yes
  </exclusive>
  <sporty>
   no
  </sporty>
 </clothing>
 <clothing>
  <id>
   372828145
  </id>
  <name>
   Converse Blouse K-3967
  </name>
  <category>
   Blouse
  </category>
  <size>
   XXL
  </size>
  <color>
   Голубой
  </color>
  <material>
   Кожа
  </material>
  <price>
   510176
  </price>
  <rating>
   4.37
  </rating>
  <reviews>
   690321
  </reviews>
  <sporty>
   no
  </sporty>
 </clothing>
 <clothing>
  <id>
   948875895
  </id>
  <name>
   Ellesse Socks Z-2625
  </name>
  <category>
   Socks
  </category>
  <size>
   S
  </size>
  <color>
   Оранжевый
  </color>
  <material>
   Кожа
  </material>
  <price>
   203394
  </price>
  <rating>
   3.85
  </rating>
  <reviews>
   48994
  </reviews>
  <new>
   -
  </new>
  <exclusive>
   no
  </exclusive>
  <sporty>
   no
  </sporty>
 </clothing>
 <clothing>
  <id>
   875155476
  </id>
  <name>
   Adidas Socks K-6035
  </name>
  <category>
   Socks
  </category>
  <size>
   L
  </size>
  <color>
   Желтый
  </color>
  <material>
   Шерсть
  </material>
  <price>
   499338
  </price>
  <rating>
   3.63
  </rating>
  <reviews>
   883669
  </reviews>
  <exclusive>
   no
  </exclusive>
  <sporty>
   no
  </sporty>
 </clothing>
 <clothing>
  <id>
   316419388
  </id>
  <name>
   Nike Pants W-8877
  </name>
  <category>
   Pants
  </category>
  <size>
   L
  </size>
  <color>
   Красный
  </color>
  <material>
   Шерсть
  </material>
  <price>
   260833
  </price>
  <rating>
   2.1
  </rating>
  <reviews>
   544079
  </reviews>
  <new>
   -
  </new>
  <sporty>
   yes
  </sporty>
 </clothing>
 <clothing>
  <id>
   227771793
  </id>
  <name>
   Converse Hat C-1669
  </name>
  <category>
   Hat
  </category>
  <size>
   M
  </size>
  <color>
   Зеленый
  </color>
  <material>
   Шерсть
  </material>
  <price>
   980940
  </price>
  <rating>
   3.94
  </rating>
  <reviews>
   520630
  </reviews>
 </clothing>
 <clothing>
  <id>
   436562150
  </id>
  <name>
   Addidas Hat R-4668
  </name>
  <category>
   Hat
  </category>
  <size>
   XL
  </size>
  <color>
   Оранжевый
  </color>
  <material>
   Полиэстер
  </material>
  <price>
   109095
  </price>
  <rating>
   2.24
  </rating>
  <reviews>
   605533
  </reviews>
  <exclusive>
   yes
  </exclusive>
 </clothing>
 <clothing>
  <id>
   832608037
  </id>
  <name>
   Lacoste Socks I-5079
  </name>
  <category>
   Socks
  </category>
  <size>
   XL
  </size>
  <color>
   Желтый
  </color>
  <material>
   Шелк
  </material>
  <price>
   438166
  </price>
  <rating>
   2.01
  </rating>
  <reviews>
   121127
  </reviews>
  <new>
   -
  </new>
 </clothing>
 <clothing>
  <id>
   863598233
  </id>
  <name>
   Puma Blouse O-9059
  </name>
  <category>
   Blouse
  </category>
  <size>
   XXL
  </size>
  <color>
   Голубой
  </color>
  <material>
   Вискоза
  </material>
  <price>
   191496
  </price>
  <rating>
   1.32
  </rating>
  <reviews>
   894733
  </reviews>
  <new>
   +
  </new>
  <sporty>
   no
  </sporty>
 </clothing>
 <clothing>
  <id>
   350823525
  </id>
  <name>
   Fila Hat W-8300
  </name>
  <category>
   Hat
  </category>
  <size>
   XL
  </size>
  <color>
   Зеленый
  </color>
  <material>
   Кожа
  </material>
  <price>
   405682
  </price>
  <rating>
   1.85
  </rating>
  <reviews>
   308762
  </reviews>
  <new>
   -
  </new>
  <exclusive>
   no
  </exclusive>
  <sporty>
   yes
  </sporty>
 </clothing>
 <clothing>
  <id>
   618657288
  </id>
  <name>
   DC T-shirt E-4624
  </name>
  <category>
   T-shirt
  </category>
  <size>
   M
  </size>
  <color>
   Фиолетовый
  </color>
  <material>
   Кожа
  </material>
  <price>
   890942
  </price>
  <rating>
   2.74
  </rating>
  <reviews>
   842640
  </reviews>
  <new>
   +
  </new>
  <exclusive>
   yes
  </exclusive>
 </clothing>
 <clothing>
  <id>
   891258403
  </id>
  <name>
   Brooks Hat T-3519
  </name>
  <category>
   Hat
  </category>
  <size>
   M
  </size>
  <color>
   Желтый
  </color>
  <material>
   Кожа
  </material>
  <price>
   541965
  </price>
  <rating>
   2.83
  </rating>
  <reviews>
   594882
  </reviews>
  <exclusive>
   no
  </exclusive>
  <sporty>
   no
  </sporty>
 </clothing>
 <clothing>
  <id>
   508394450
  </id>
  <name>
   Reebok Jeans W-8153
  </name>
  <category>
   Jeans
  </category>
  <size>
   S
  </size>
  <color>
   Желтый
  </color>
  <material>
   Шелк
  </material>
  <price>
   765361
  </price>
  <rating>
   1.05
  </rating>
  <reviews>
   825507
  </reviews>
  <new>
   +
  </new>
  <exclusive>
   no
  </exclusive>
  <sporty>
   no
  </sporty>
 </clothing>
 <clothing>
  <id>
   556496233
  </id>
  <name>
   New Balance Belts O-1618
  </name>
  <category>
   Belts
  </category>
  <size>
   S
  </size>
  <color>
   Фиолетовый
  </color>
  <material>
   Хлопок
  </material>
  <price>
   970400
  </price>
  <rating>
   1.25
  </rating>
  <reviews>
   633123
  </reviews>
  <new>
   +
  </new>
  <exclusive>
   no
  </exclusive>
  <sporty>
   yes
  </sporty>
 </clothing>
 <clothing>
  <id>
   897262368
  </id>
  <name>
   Ellesse Shirt M-2380
  </name>
  <category>
   Shirt
  </category>
  <size>
   L
  </size>
  <color>
   Фиолетовый
  </color>
  <material>
   Вискоза
  </material>
  <price>
   291817
  </price>
  <rating>
   1.69
  </rating>
  <reviews>
   739467
  </reviews>
  <new>
   +
  </new>
 </clothing>
 <clothing>
  <id>
   768295348
  </id>
  <name>
   Under Armour Dress M-9154
  </name>
  <category>
   Dress
  </category>
  <size>
   M
  </size>
  <color>
   Оранжевый
  </color>
  <material>
   Хлопок
  </material>
  <price>
   486209
  </price>
  <rating>
   2.57
  </rating>
  <reviews>
   421430
  </reviews>
  <new>
   -
  </new>
  <exclusive>
   yes
  </exclusive>
  <sporty>
   no
  </sporty>
 </clothing>
 <clothing>
  <id>
   567014666
  </id>
  <name>
   Asics Sweater I-7549
  </name>
  <category>
   Sweater
  </category>
  <size>
   S
  </size>
  <color>
   Синий
  </color>
  <material>
   Хлопок
  </material>
  <price>
   591785
  </price>
  <rating>
   2.3
  </rating>
  <reviews>
   992898
  </reviews>
  <exclusive>
   no
  </exclusive>
  <sporty>
   yes
  </sporty>
 </clothing>
 <clothing>
  <id>
   487894968
  </id>
  <name>
   Brooks Blouse F-2967
  </name>
  <category>
   Blouse
  </category>
  <size>
   XXL
  </size>
  <color>
   Оранжевый
  </color>
  <material>
   Полиэстер
  </material>
  <price>
   667002
  </price>
  <rating>
   1.47
  </rating>
  <reviews>
   482920
  </reviews>
  <exclusive>
   no
  </exclusive>
  <sporty>
   yes
  </sporty>
 </clothing>
 <clothing>
  <id>
   993615907
  </id>
  <name>
   Reebok Gloves V-4631
  </name>
  <category>
   Gloves
  </category>
  <size>
   M
  </size>
  <color>
   Зеленый
  </color>
  <material>
   Вискоза
  </material>
  <price>
   704279
  </price>
  <rating>
   1.13
  </rating>
  <reviews>
   507930
  </reviews>
  <new>
   +
  </new>
  <exclusive>
   yes
  </exclusive>
  <sporty>
   no
  </sporty>
 </clothing>
 <clothing>
  <id>
   563674358
  </id>
  <name>
   New Balance Umbrellas O-1628
  </name>
  <category>
   Umbrellas
  </category>
  <size>
   XL
  </size>
  <color>
   Голубой
  </color>
  <material>
   Шерсть
  </material>
  <price>
   727301
  </price>
  <rating>
   1.53
  </rating>
  <reviews>
   368957
  </reviews>
  <new>
   +
  </new>
  <sporty>
   no
  </sporty>
 </clothing>
 <clothing>
  <id>
   505327729
  </id>
  <name>
   Vans Sweater Y-1934
  </name>
  <category>
   Sweater
  </category>
  <size>
   XL
  </size>
  <color>
   Фиолетовый
  </color>
  <material>
   Вискоза
  </material>
  <price>
   969103
  </price>
  <rating>
   3.47
  </rating>
  <reviews>
   70626
  </reviews>
  <new>
   -
  </new>
 </clothing>
 <clothing>
  <id>
   399592081
  </id>
  <name>
   Adidas Shoes R-8639
  </name>
  <category>
   Shoes
  </category>
  <size>
   XXL
  </size>
  <color>
   Голубой
  </color>
  <material>
   Шерсть
  </material>
  <price>
   638334
  </price>
  <rating>
   2.56
  </rating>
  <reviews>
   398310
  </reviews>
  <new>
   +
  </new>
  <exclusive>
   yes
  </exclusive>
  <sporty>
   yes
  </sporty>
 </clothing>
 <clothing>
  <id>
   758060779
  </id>
  <name>
   Ellesse Pants O-6567
  </name>
  <category>
   Pants
  </category>
  <size>
   XXL
  </size>
  <color>
   Зеленый
  </color>
  <material>
   Кожа
  </material>
  <price>
   521064
  </price>
  <rating>
   3.39
  </rating>
  <reviews>
   669109
  </reviews>
  <exclusive>
   no
  </exclusive>
 </clothing>
 <clothing>
  <id>
   741969946
  </id>
  <name>
   Nike T-shirt T-4817
  </name>
  <category>
   T-shirt
  </category>
  <size>
   M
  </size>
  <color>
   Оранжевый
  </color>
  <material>
   Вискоза
  </material>
  <price>
   137663
  </price>
  <rating>
   2.37
  </rating>
  <reviews>
   412840
  </reviews>
  <new>
   -
  </new>
  <exclusive>
   no
  </exclusive>
  <sporty>
   yes
  </sporty>
 </clothing>
 <clothing>
  <id>
   496227587
  </id>
  <name>
   New Balance Shirt C-2886
  </name>
  <category>
   Shirt
  </category>
  <size>
   XXL
  </size>
  <color>
   Оранжевый
  </color>
  <material>
   Хлопок
  </material>
  <price>
   180528
  </price>
  <rating>
   1.96
  </rating>
  <reviews>
   150698
  </reviews>
  <new>
   -
  </new>
  <sporty>
   no
  </sporty>
 </clothing>
 <clothing>
  <id>
   427463147
  </id>
  <name>
   Adidas T-shirt I-4106
  </name>
  <category>
   T-shirt
  </category>
  <size>
   S
  </size>
  <color>
   Желтый
  </color>
  <material>
   Полиэстер
  </material>
  <price>
   721236
  </price>
  <rating>
   2.68
  </rating>
  <reviews>
   579602
  </reviews>
  <new>
   -
  </new>
  <exclusive>
   no
  </exclusive>
 </clothing>
 <clothing>
  <id>
   696370617
  </id>
  <name>
   Fila Skirt N-4831
  </name>
  <category>
   Skirt
  </category>
  <size>
   L
  </size>
  <color>
   Синий
  </color>
  <material>
   Кожа
  </material>
  <price>
   300026
  </price>
  <rating>
   1.07
  </rating>
  <reviews>
   142033
  </reviews>
  <new>
   +
  </new>
  <exclusive>
   no
  </exclusive>
  <sporty>
   no
  </sporty>
 </clothing>
 <clothing>
  <id>
   270312921
  </id>
  <name>
   DC Hat D-8316
  </name>
  <category>
   Hat
  </category>
  <size>
   XXL
  </size>
  <color>
   Оранжевый
  </color>
  <material>
   Нейлон
  </material>
  <price>
   893118
  </price>
  <rating>
   4.52
  </rating>
  <reviews>
   764439
  </reviews>
 </clothing>
 <clothing>
  <id>
   155004917
  </id>
  <name>
   Vans Skirt B-1385
  </name>
  <category>
   Skirt
  </category>
  <size>
   XL
  </size>
  <color>
   Зеленый
  </color>
  <material>
   Лен
  </material>
  <price>
   216065
  </price>
  <rating>
   3.22
  </rating>
  <reviews>
   583822
  </reviews>
  <new>
   -
  </new>
  <exclusive>
   yes
  </exclusive>
 </clothing>
 <clothing>
  <id>
   197953612
  </id>
  <name>
   Fila Shoes P-4938
  </name>
  <category>
   Shoes
  </category>
  <size>
   XXL
  </size>
  <color>
   Синий
  </color>
  <material>
   Хлопок
  </material>
  <price>
   537774
  </price>
  <rating>
   3.64
  </rating>
  <reviews>
   623855
  </reviews>
  <new>
   -
  </new>
  <sporty>
   yes
  </sporty>
 </clothing>
 <clothing>
  <id>
   161439484
  </id>
  <name>
   Ellesse Hat L-6570
  </name>
  <category>
   Hat
  </category>
  <size>
   S
  </size>
  <color>
   Красный
  </color>
  <material>
   Лен
  </material>
  <price>
   486595
  </price>
  <rating>
   2.65
  </rating>
  <reviews>
   688353
  </reviews>
  <exclusive>
   no
  </exclusive>
 </clothing>
 <clothing>
  <id>
   827087345
  </id>
  <name>
   Addidas Skirt L-5627
  </name>
  <category>
   Skirt
  </category>
  <size>
   XL
  </size>
  <color>
   Синий
  </color>
  <material>
   Полиэстер
  </material>
  <price>
   860910
  </price>
  <rating>
   4.92
  </rating>
  <reviews>
   666993
  </reviews>
 </clothing>
 <clothing>
  <id>
   845496524
  </id>
  <name>
   Nike Socks R-1696
  </name>
  <category>
   Socks
  </category>
  <size>
   L
  </size>
  <color>
   Фиолетовый
  </color>
  <material>
   Лен
  </material>
  <price>
   944664
  </price>
  <rating>
   4.15
  </rating>
  <reviews>
   746775
  </reviews>
  <new>
   -
  </new>
  <exclusive>
   yes
  </exclusive>
 </clothing>
 <clothing>
  <id>
   278513240
  </id>
  <name>
   Fila Umbrellas R-8042
  </name>
  <category>
   Umbrellas
  </category>
  <size>
   L
  </size>
  <color>
   Желтый
  </color>
  <material>
   Нейлон
  </material>
  <price>
   374950
  </price>
  <rating>
   1.14
  </rating>
  <reviews>
   690936
  </reviews>
  <sporty>
   yes
  </sporty>
 </clothing>
 <clothing>
  <id>
   458777334
  </id>
  <name>
   DC Hat M-5925
  </name>
  <category>
   Hat
  </category>
  <size>
   L
  </size>
  <color>
   Оранжевый
  </color>
  <material>
   Лен
  </material>
  <price>
   803655
  </price>
  <rating>
   3.94
  </rating>
  <reviews>
   762790
  </reviews>
  <sporty>
   no
  </sporty>
 </clothing>
</clothing-items>
