<?xml version="1.0" encoding="utf-8"?>
<clothing-items>
 <clothing>
  <id>
   950989091
  </id>
  <name>
   Adidas Umbrellas J-7675
  </name>
  <category>
   Umbrellas
  </category>
  <size>
   XL
  </size>
  <color>
   Зеленый
  </color>
  <material>
   Нейлон
  </material>
  <price>
   699139
  </price>
  <rating>
   4.2
  </rating>
  <reviews>
   332949
  </reviews>
  <sporty>
   no
  </sporty>
 </clothing>
 <clothing>
  <id>
   710340593
  </id>
  <name>
   Ellesse Shirt H-9347
  </name>
  <category>
   Shirt
  </category>
  <size>
   M
  </size>
  <color>
   Зеленый
  </color>
  <material>
   Шерсть
  </material>
  <price>
   863105
  </price>
  <rating>
   1.42
  </rating>
  <reviews>
   447454
  </reviews>
  <new>
   -
  </new>
 </clothing>
 <clothing>
  <id>
   301899014
  </id>
  <name>
   Nike Umbrellas Y-9162
  </name>
  <category>
   Umbrellas
  </category>
  <size>
   S
  </size>
  <color>
   Желтый
  </color>
  <material>
   Хлопок
  </material>
  <price>
   398008
  </price>
  <rating>
   2.05
  </rating>
  <reviews>
   570486
  </reviews>
  <new>
   +
  </new>
  <exclusive>
   no
  </exclusive>
  <sporty>
   yes
  </sporty>
 </clothing>
 <clothing>
  <id>
   871967100
  </id>
  <name>
   Addidas Pants G-1796
  </name>
  <category>
   Pants
  </category>
  <size>
   L
  </size>
  <color>
   Синий
  </color>
  <material>
   Нейлон
  </material>
  <price>
   671792
  </price>
  <rating>
   1.9
  </rating>
  <reviews>
   343037
  </reviews>
  <new>
   +
  </new>
  <exclusive>
   no
  </exclusive>
 </clothing>
 <clothing>
  <id>
   675568659
  </id>
  <name>
   Nike Handbags T-3159
  </name>
  <category>
   Handbags
  </category>
  <size>
   XXL
  </size>
  <color>
   Красный
  </color>
  <material>
   Полиэстер
  </material>
  <price>
   672252
  </price>
  <rating>
   4.27
  </rating>
  <reviews>
   226804
  </reviews>
  <new>
   -
  </new>
  <exclusive>
   no
  </exclusive>
  <sporty>
   no
  </sporty>
 </clothing>
 <clothing>
  <id>
   711627467
  </id>
  <name>
   Lacoste Skirt F-2799
  </name>
  <category>
   Skirt
  </category>
  <size>
   L
  </size>
  <color>
   Желтый
  </color>
  <material>
   Вискоза
  </material>
  <price>
   853982
  </price>
  <rating>
   4.22
  </rating>
  <reviews>
   741780
  </reviews>
  <new>
   +
  </new>
  <exclusive>
   yes
  </exclusive>
  <sporty>
   no
  </sporty>
 </clothing>
 <clothing>
  <id>
   481846828
  </id>
  <name>
   Asics Blouse B-9772
  </name>
  <category>
   Blouse
  </category>
  <size>
   L
  </size>
  <color>
   Оранжевый
  </color>
  <material>
   Шелк
  </material>
  <price>
   664545
  </price>
  <rating>
   3.52
  </rating>
  <reviews>
   69998
  </reviews>
  <exclusive>
   no
  </exclusive>
  <sporty>
   yes
  </sporty>
 </clothing>
 <clothing>
  <id>
   399800319
  </id>
  <name>
   Brooks T-shirt D-8754
  </name>
  <category>
   T-shirt
  </category>
  <size>
   XXL
  </size>
  <color>
   Фиолетовый
  </color>
  <material>
   Хлопок
  </material>
  <price>
   650529
  </price>
  <rating>
   3.96
  </rating>
  <reviews>
   631817
  </reviews>
  <exclusive>
   yes
  </exclusive>
  <sporty>
   no
  </sporty>
 </clothing>
 <clothing>
  <id>
   937258357
  </id>
  <name>
   Ellesse Belts G-4802
  </name>
  <category>
   Belts
  </category>
  <size>
   XXL
  </size>
  <color>
   Фиолетовый
  </color>
  <material>
   Лен
  </material>
  <price>
   134157
  </price>
  <rating>
   2.5
  </rating>
  <reviews>
   240009
  </reviews>
 </clothing>
 <clothing>
  <id>
   790536126
  </id>
  <name>
   DC Handbags K-6318
  </name>
  <category>
   Handbags
  </category>
  <size>
   S
  </size>
  <color>
   Синий
  </color>
  <material>
   Кожа
  </material>
  <price>
   547024
  </price>
  <rating>
   4.51
  </rating>
  <reviews>
   146848
  </reviews>
  <new>
   -
  </new>
  <exclusive>
   no
  </exclusive>
  <sporty>
   no
  </sporty>
 </clothing>
 <clothing>
  <id>
   806900723
  </id>
  <name>
   Adidas Umbrellas X-3873
  </name>
  <category>
   Umbrellas
  </category>
  <size>
   XL
  </size>
  <color>
   Оранжевый
  </color>
  <material>
   Полиэстер
  </material>
  <price>
   414338
  </price>
  <rating>
   2.13
  </rating>
  <reviews>
   622361
  </reviews>
  <sporty>
   no
  </sporty>
 </clothing>
 <clothing>
  <id>
   178427398
  </id>
  <name>
   Brooks Dress V-8005
  </name>
  <category>
   Dress
  </category>
  <size>
   S
  </size>
  <color>
   Желтый
  </color>
  <material>
   Нейлон
  </material>
  <price>
   355508
  </price>
  <rating>
   2.47
  </rating>
  <reviews>
   957094
  </reviews>
  <new>
   +
  </new>
  <sporty>
   no
  </sporty>
 </clothing>
 <clothing>
  <id>
   443885060
  </id>
  <name>
   Ellesse Jacket L-3276
  </name>
  <category>
   Jacket
  </category>
  <size>
   L
  </size>
  <color>
   Оранжевый
  </color>
  <material>
   Полиэстер
  </material>
  <price>
   167659
  </price>
  <rating>
   2.1
  </rating>
  <reviews>
   659189
  </reviews>
  <new>
   +
  </new>
  <exclusive>
   no
  </exclusive>
 </clothing>
 <clothing>
  <id>
   903077492
  </id>
  <name>
   Puma Belts L-2613
  </name>
  <category>
   Belts
  </category>
  <size>
   M
  </size>
  <color>
   Зеленый
  </color>
  <material>
   Шерсть
  </material>
  <price>
   609041
  </price>
  <rating>
   3.05
  </rating>
  <reviews>
   685869
  </reviews>
  <exclusive>
   no
  </exclusive>
  <sporty>
   yes
  </sporty>
 </clothing>
 <clothing>
  <id>
   338265928
  </id>
  <name>
   Brooks Socks H-8599
  </name>
  <category>
   Socks
  </category>
  <size>
   L
  </size>
  <color>
   Зеленый
  </color>
  <material>
   Вискоза
  </material>
  <price>
   228624
  </price>
  <rating>
   4.56
  </rating>
  <reviews>
   351311
  </reviews>
  <new>
   -
  </new>
  <exclusive>
   yes
  </exclusive>
  <sporty>
   yes
  </sporty>
 </clothing>
 <clothing>
  <id>
   376657414
  </id>
  <name>
   Fila Sweater X-6917
  </name>
  <category>
   Sweater
  </category>
  <size>
   L
  </size>
  <color>
   Синий
  </color>
  <material>
   Лен
  </material>
  <price>
   124234
  </price>
  <rating>
   1.13
  </rating>
  <reviews>
   614746
  </reviews>
  <new>
   -
  </new>
  <sporty>
   no
  </sporty>
 </clothing>
 <clothing>
  <id>
   257103979
  </id>
  <name>
   Vans T-shirt C-8903
  </name>
  <category>
   T-shirt
  </category>
  <size>
   M
  </size>
  <color>
   Желтый
  </color>
  <material>
   Нейлон
  </material>
  <price>
   777165
  </price>
  <rating>
   3.44
  </rating>
  <reviews>
   397420
  </reviews>
  <exclusive>
   no
  </exclusive>
 </clothing>
 <clothing>
  <id>
   562070718
  </id>
  <name>
   Addidas Socks R-8694
  </name>
  <category>
   Socks
  </category>
  <size>
   M
  </size>
  <color>
   Красный
  </color>
  <material>
   Хлопок
  </material>
  <price>
   203459
  </price>
  <rating>
   1.4
  </rating>
  <reviews>
   162635
  </reviews>
  <exclusive>
   no
  </exclusive>
  <sporty>
   no
  </sporty>
 </clothing>
 <clothing>
  <id>
   892089861
  </id>
  <name>
   PleinSport Sweater L-2508
  </name>
  <category>
   Sweater
  </category>
  <size>
   XL
  </size>
  <color>
   Синий
  </color>
  <material>
   Шелк
  </material>
  <price>
   286756
  </price>
  <rating>
   3.59
  </rating>
  <reviews>
   695018
  </reviews>
 </clothing>
 <clothing>
  <id>
   987442911
  </id>
  <name>
   Brooks Handbags T-6151
  </name>
  <category>
   Handbags
  </category>
  <size>
   M
  </size>
  <color>
   Зеленый
  </color>
  <material>
   Кожа
  </material>
  <price>
   276821
  </price>
  <rating>
   4.41
  </rating>
  <reviews>
   90140
  </reviews>
  <new>
   +
  </new>
 </clothing>
 <clothing>
  <id>
   743416767
  </id>
  <name>
   New Balance Shoes Y-8695
  </name>
  <category>
   Shoes
  </category>
  <size>
   M
  </size>
  <color>
   Красный
  </color>
  <material>
   Нейлон
  </material>
  <price>
   797796
  </price>
  <rating>
   3.29
  </rating>
  <reviews>
   921317
  </reviews>
  <exclusive>
   no
  </exclusive>
  <sporty>
   no
  </sporty>
 </clothing>
 <clothing>
  <id>
   834475223
  </id>
  <name>
   Reebok Gloves M-1172
  </name>
  <category>
   Gloves
  </category>
  <size>
   XL
  </size>
  <color>
   Оранжевый
  </color>
  <material>
   Кожа
  </material>
  <price>
   421434
  </price>
  <rating>
   3.08
  </rating>
  <reviews>
   626885
  </reviews>
  <sporty>
   no
  </sporty>
 </clothing>
 <clothing>
  <id>
   454967684
  </id>
  <name>
   Under Armour Hat N-9991
  </name>
  <category>
   Hat
  </category>
  <size>
   S
  </size>
  <color>
   Фиолетовый
  </color>
  <material>
   Полиэстер
  </material>
  <price>
   671963
  </price>
  <rating>
   3.47
  </rating>
  <reviews>
   810204
  </reviews>
  <exclusive>
   no
  </exclusive>
  <sporty>
   no
  </sporty>
 </clothing>
 <clothing>
  <id>
   583449049
  </id>
  <name>
   Nike Shirt C-7886
  </name>
  <category>
   Shirt
  </category>
  <size>
   M
  </size>
  <color>
   Голубой
  </color>
  <material>
   Шелк
  </material>
  <price>
   980596
  </price>
  <rating>
   2.76
  </rating>
  <reviews>
   104804
  </reviews>
  <sporty>
   yes
  </sporty>
 </clothing>
 <clothing>
  <id>
   131143650
  </id>
  <name>
   New Balance Sweater N-3044
  </name>
  <category>
   Sweater
  </category>
  <size>
   XXL
  </size>
  <color>
   Фиолетовый
  </color>
  <material>
   Хлопок
  </material>
  <price>
   414724
  </price>
  <rating>
   1.81
  </rating>
  <reviews>
   644969
  </reviews>
  <sporty>
   no
  </sporty>
 </clothing>
 <clothing>
  <id>
   884486849
  </id>
  <name>
   New Balance Socks J-8152
  </name>
  <category>
   Socks
  </category>
  <size>
   XXL
  </size>
  <color>
   Синий
  </color>
  <material>
   Вискоза
  </material>
  <price>
   540721
  </price>
  <rating>
   3.25
  </rating>
  <reviews>
   763538
  </reviews>
  <exclusive>
   no
  </exclusive>
 </clothing>
 <clothing>
  <id>
   270752989
  </id>
  <name>
   Addidas Socks D-3187
  </name>
  <category>
   Socks
  </category>
  <size>
   S
  </size>
  <color>
   Голубой
  </color>
  <material>
   Хлопок
  </material>
  <price>
   129914
  </price>
  <rating>
   2.65
  </rating>
  <reviews>
   46048
  </reviews>
  <new>
   +
  </new>
  <sporty>
   no
  </sporty>
 </clothing>
 <clothing>
  <id>
   879671565
  </id>
  <name>
   Brooks Handbags D-8498
  </name>
  <category>
   Handbags
  </category>
  <size>
   L
  </size>
  <color>
   Синий
  </color>
  <material>
   Вискоза
  </material>
  <price>
   857335
  </price>
  <rating>
   2.25
  </rating>
  <reviews>
   671047
  </reviews>
  <new>
   +
  </new>
  <exclusive>
   no
  </exclusive>
  <sporty>
   no
  </sporty>
 </clothing>
</clothing-items>
