<?xml version="1.0" encoding="utf-8"?>
<clothing-items>
 <clothing>
  <id>
   677511917
  </id>
  <name>
   Adidas T-shirt Z-8430
  </name>
  <category>
   T-shirt
  </category>
  <size>
   XXL
  </size>
  <color>
   Красный
  </color>
  <material>
   Шерсть
  </material>
  <price>
   260153
  </price>
  <rating>
   4.61
  </rating>
  <reviews>
   524284
  </reviews>
  <new>
   -
  </new>
  <exclusive>
   no
  </exclusive>
 </clothing>
 <clothing>
  <id>
   151752484
  </id>
  <name>
   PleinSport Hat J-5348
  </name>
  <category>
   Hat
  </category>
  <size>
   XXL
  </size>
  <color>
   Оранжевый
  </color>
  <material>
   Нейлон
  </material>
  <price>
   830523
  </price>
  <rating>
   2.05
  </rating>
  <reviews>
   978140
  </reviews>
  <new>
   -
  </new>
  <exclusive>
   no
  </exclusive>
  <sporty>
   no
  </sporty>
 </clothing>
 <clothing>
  <id>
   404693949
  </id>
  <name>
   Nike Shirt P-2210
  </name>
  <category>
   Shirt
  </category>
  <size>
   XXL
  </size>
  <color>
   Желтый
  </color>
  <material>
   Лен
  </material>
  <price>
   893536
  </price>
  <rating>
   1.26
  </rating>
  <reviews>
   890505
  </reviews>
  <sporty>
   yes
  </sporty>
 </clothing>
 <clothing>
  <id>
   210207942
  </id>
  <name>
   Reebok Pants M-4871
  </name>
  <category>
   Pants
  </category>
  <size>
   XXL
  </size>
  <color>
   Желтый
  </color>
  <material>
   Кожа
  </material>
  <price>
   654081
  </price>
  <rating>
   1.12
  </rating>
  <reviews>
   443994
  </reviews>
  <sporty>
   no
  </sporty>
 </clothing>
 <clothing>
  <id>
   238082100
  </id>
  <name>
   Asics Gloves M-1064
  </name>
  <category>
   Gloves
  </category>
  <size>
   S
  </size>
  <color>
   Желтый
  </color>
  <material>
   Шерсть
  </material>
  <price>
   205314
  </price>
  <rating>
   1.3
  </rating>
  <reviews>
   744446
  </reviews>
  <exclusive>
   no
  </exclusive>
  <sporty>
   yes
  </sporty>
 </clothing>
 <clothing>
  <id>
   939621510
  </id>
  <name>
   Vans Sweater C-5802
  </name>
  <category>
   Sweater
  </category>
  <size>
   XXL
  </size>
  <color>
   Зеленый
  </color>
  <material>
   Хлопок
  </material>
  <price>
   161477
  </price>
  <rating>
   2.45
  </rating>
  <reviews>
   477216
  </reviews>
  <new>
   -
  </new>
  <exclusive>
   no
  </exclusive>
  <sporty>
   yes
  </sporty>
 </clothing>
 <clothing>
  <id>
   238526527
  </id>
  <name>
   Addidas Blouse I-9755
  </name>
  <category>
   Blouse
  </category>
  <size>
   XXL
  </size>
  <color>
   Красный
  </color>
  <material>
   Вискоза
  </material>
  <price>
   840657
  </price>
  <rating>
   4.92
  </rating>
  <reviews>
   111632
  </reviews>
 </clothing>
 <clothing>
  <id>
   490282539
  </id>
  <name>
   Adidas Jeans B-8203
  </name>
  <category>
   Jeans
  </category>
  <size>
   L
  </size>
  <color>
   Фиолетовый
  </color>
  <material>
   Вискоза
  </material>
  <price>
   411860
  </price>
  <rating>
   2.87
  </rating>
  <reviews>
   151949
  </reviews>
  <new>
   -
  </new>
  <sporty>
   yes
  </sporty>
 </clothing>
 <clothing>
  <id>
   886306206
  </id>
  <name>
   Addidas Jeans Q-9272
  </name>
  <category>
   Jeans
  </category>
  <size>
   S
  </size>
  <color>
   Синий
  </color>
  <material>
   Шерсть
  </material>
  <price>
   100566
  </price>
  <rating>
   2.12
  </rating>
  <reviews>
   115107
  </reviews>
  <new>
   -
  </new>
  <exclusive>
   no
  </exclusive>
 </clothing>
 <clothing>
  <id>
   842632325
  </id>
  <name>
   Nike Jeans N-3635
  </name>
  <category>
   Jeans
  </category>
  <size>
   S
  </size>
  <color>
   Желтый
  </color>
  <material>
   Кожа
  </material>
  <price>
   135453
  </price>
  <rating>
   2.78
  </rating>
  <reviews>
   760259
  </reviews>
  <sporty>
   no
  </sporty>
 </clothing>
 <clothing>
  <id>
   204373246
  </id>
  <name>
   Under Armour Dress V-8819
  </name>
  <category>
   Dress
  </category>
  <size>
   L
  </size>
  <color>
   Зеленый
  </color>
  <material>
   Шелк
  </material>
  <price>
   701835
  </price>
  <rating>
   2.78
  </rating>
  <reviews>
   308656
  </reviews>
  <exclusive>
   yes
  </exclusive>
  <sporty>
   no
  </sporty>
 </clothing>
</clothing-items>
