<?xml version="1.0" encoding="utf-8"?>
<clothing-items>
 <clothing>
  <id>
   479796140
  </id>
  <name>
   Reebok Hat U-9203
  </name>
  <category>
   Hat
  </category>
  <size>
   M
  </size>
  <color>
   Оранжевый
  </color>
  <material>
   Шелк
  </material>
  <price>
   536261
  </price>
  <rating>
   1.01
  </rating>
  <reviews>
   383006
  </reviews>
  <new>
   -
  </new>
  <sporty>
   yes
  </sporty>
 </clothing>
 <clothing>
  <id>
   250831487
  </id>
  <name>
   Fila Pants Z-9621
  </name>
  <category>
   Pants
  </category>
  <size>
   XL
  </size>
  <color>
   Желтый
  </color>
  <material>
   Нейлон
  </material>
  <price>
   943563
  </price>
  <rating>
   3.34
  </rating>
  <reviews>
   783874
  </reviews>
  <sporty>
   yes
  </sporty>
 </clothing>
 <clothing>
  <id>
   788338695
  </id>
  <name>
   PleinSport Hat C-5660
  </name>
  <category>
   Hat
  </category>
  <size>
   M
  </size>
  <color>
   Синий
  </color>
  <material>
   Лен
  </material>
  <price>
   713696
  </price>
  <rating>
   1.81
  </rating>
  <reviews>
   376221
  </reviews>
  <new>
   -
  </new>
  <exclusive>
   no
  </exclusive>
  <sporty>
   no
  </sporty>
 </clothing>
 <clothing>
  <id>
   816704932
  </id>
  <name>
   New Balance Gloves G-2596
  </name>
  <category>
   Gloves
  </category>
  <size>
   XL
  </size>
  <color>
   Желтый
  </color>
  <material>
   Хлопок
  </material>
  <price>
   293198
  </price>
  <rating>
   4.94
  </rating>
  <reviews>
   262973
  </reviews>
  <sporty>
   yes
  </sporty>
 </clothing>
 <clothing>
  <id>
   485884156
  </id>
  <name>
   Lacoste Umbrellas G-1663
  </name>
  <category>
   Umbrellas
  </category>
  <size>
   S
  </size>
  <color>
   Синий
  </color>
  <material>
   Полиэстер
  </material>
  <price>
   806034
  </price>
  <rating>
   4.11
  </rating>
  <reviews>
   931897
  </reviews>
  <sporty>
   yes
  </sporty>
 </clothing>
 <clothing>
  <id>
   728044084
  </id>
  <name>
   Nike Jeans C-7903
  </name>
  <category>
   Jeans
  </category>
  <size>
   S
  </size>
  <color>
   Оранжевый
  </color>
  <material>
   Кожа
  </material>
  <price>
   882503
  </price>
  <rating>
   1.71
  </rating>
  <reviews>
   437376
  </reviews>
  <new>
   +
  </new>
 </clothing>
 <clothing>
  <id>
   854623909
  </id>
  <name>
   Lacoste Belts O-7336
  </name>
  <category>
   Belts
  </category>
  <size>
   M
  </size>
  <color>
   Оранжевый
  </color>
  <material>
   Полиэстер
  </material>
  <price>
   789668
  </price>
  <rating>
   4.61
  </rating>
  <reviews>
   520820
  </reviews>
  <new>
   +
  </new>
  <sporty>
   yes
  </sporty>
 </clothing>
 <clothing>
  <id>
   421254628
  </id>
  <name>
   Vans Skirt D-2429
  </name>
  <category>
   Skirt
  </category>
  <size>
   S
  </size>
  <color>
   Синий
  </color>
  <material>
   Шелк
  </material>
  <price>
   299267
  </price>
  <rating>
   4.3
  </rating>
  <reviews>
   537523
  </reviews>
  <new>
   -
  </new>
  <sporty>
   yes
  </sporty>
 </clothing>
 <clothing>
  <id>
   190805038
  </id>
  <name>
   Vans Dress X-3386
  </name>
  <category>
   Dress
  </category>
  <size>
   XL
  </size>
  <color>
   Желтый
  </color>
  <material>
   Нейлон
  </material>
  <price>
   960960
  </price>
  <rating>
   4.93
  </rating>
  <reviews>
   248413
  </reviews>
  <new>
   -
  </new>
  <exclusive>
   no
  </exclusive>
 </clothing>
 <clothing>
  <id>
   483155553
  </id>
  <name>
   New Balance Dress N-7793
  </name>
  <category>
   Dress
  </category>
  <size>
   S
  </size>
  <color>
   Синий
  </color>
  <material>
   Шелк
  </material>
  <price>
   735316
  </price>
  <rating>
   1.36
  </rating>
  <reviews>
   381663
  </reviews>
  <new>
   +
  </new>
  <exclusive>
   yes
  </exclusive>
  <sporty>
   no
  </sporty>
 </clothing>
 <clothing>
  <id>
   951995227
  </id>
  <name>
   Under Armour Dress N-6188
  </name>
  <category>
   Dress
  </category>
  <size>
   XL
  </size>
  <color>
   Зеленый
  </color>
  <material>
   Шелк
  </material>
  <price>
   745571
  </price>
  <rating>
   1.13
  </rating>
  <reviews>
   675640
  </reviews>
  <new>
   +
  </new>
  <exclusive>
   yes
  </exclusive>
  <sporty>
   no
  </sporty>
 </clothing>
 <clothing>
  <id>
   708765645
  </id>
  <name>
   Fila Shirt D-7854
  </name>
  <category>
   Shirt
  </category>
  <size>
   XXL
  </size>
  <color>
   Голубой
  </color>
  <material>
   Хлопок
  </material>
  <price>
   327180
  </price>
  <rating>
   4.86
  </rating>
  <reviews>
   134165
  </reviews>
  <new>
   -
  </new>
  <exclusive>
   yes
  </exclusive>
 </clothing>
 <clothing>
  <id>
   748643678
  </id>
  <name>
   Nike Hat B-8173
  </name>
  <category>
   Hat
  </category>
  <size>
   XL
  </size>
  <color>
   Синий
  </color>
  <material>
   Шелк
  </material>
  <price>
   868771
  </price>
  <rating>
   2.53
  </rating>
  <reviews>
   826668
  </reviews>
  <new>
   -
  </new>
  <exclusive>
   no
  </exclusive>
 </clothing>
 <clothing>
  <id>
   687314679
  </id>
  <name>
   Lacoste T-shirt E-5475
  </name>
  <category>
   T-shirt
  </category>
  <size>
   XXL
  </size>
  <color>
   Фиолетовый
  </color>
  <material>
   Шелк
  </material>
  <price>
   434153
  </price>
  <rating>
   1.01
  </rating>
  <reviews>
   651361
  </reviews>
  <new>
   -
  </new>
  <exclusive>
   yes
  </exclusive>
  <sporty>
   yes
  </sporty>
 </clothing>
 <clothing>
  <id>
   248890885
  </id>
  <name>
   Addidas Hat Z-8461
  </name>
  <category>
   Hat
  </category>
  <size>
   L
  </size>
  <color>
   Зеленый
  </color>
  <material>
   Хлопок
  </material>
  <price>
   960064
  </price>
  <rating>
   3.28
  </rating>
  <reviews>
   424006
  </reviews>
  <new>
   -
  </new>
  <sporty>
   no
  </sporty>
 </clothing>
 <clothing>
  <id>
   858229905
  </id>
  <name>
   Puma Jeans H-3934
  </name>
  <category>
   Jeans
  </category>
  <size>
   L
  </size>
  <color>
   Синий
  </color>
  <material>
   Вискоза
  </material>
  <price>
   808615
  </price>
  <rating>
   3.3
  </rating>
  <reviews>
   683164
  </reviews>
  <new>
   -
  </new>
  <exclusive>
   no
  </exclusive>
 </clothing>
 <clothing>
  <id>
   461588692
  </id>
  <name>
   PleinSport Skirt O-3173
  </name>
  <category>
   Skirt
  </category>
  <size>
   S
  </size>
  <color>
   Желтый
  </color>
  <material>
   Хлопок
  </material>
  <price>
   500859
  </price>
  <rating>
   3.1
  </rating>
  <reviews>
   459892
  </reviews>
  <exclusive>
   yes
  </exclusive>
 </clothing>
 <clothing>
  <id>
   874520329
  </id>
  <name>
   Under Armour Belts R-8729
  </name>
  <category>
   Belts
  </category>
  <size>
   M
  </size>
  <color>
   Фиолетовый
  </color>
  <material>
   Кожа
  </material>
  <price>
   926445
  </price>
  <rating>
   2.02
  </rating>
  <reviews>
   735989
  </reviews>
  <exclusive>
   no
  </exclusive>
  <sporty>
   no
  </sporty>
 </clothing>
 <clothing>
  <id>
   659171697
  </id>
  <name>
   Nike Pants P-2944
  </name>
  <category>
   Pants
  </category>
  <size>
   XL
  </size>
  <color>
   Фиолетовый
  </color>
  <material>
   Шелк
  </material>
  <price>
   137647
  </price>
  <rating>
   2.39
  </rating>
  <reviews>
   984964
  </reviews>
  <sporty>
   no
  </sporty>
 </clothing>
 <clothing>
  <id>
   290070867
  </id>
  <name>
   New Balance T-shirt H-7969
  </name>
  <category>
   T-shirt
  </category>
  <size>
   L
  </size>
  <color>
   Голубой
  </color>
  <material>
   Хлопок
  </material>
  <price>
   207855
  </price>
  <rating>
   4.98
  </rating>
  <reviews>
   225987
  </reviews>
  <new>
   +
  </new>
  <sporty>
   no
  </sporty>
 </clothing>
 <clothing>
  <id>
   764446043
  </id>
  <name>
   Ellesse Shoes D-6558
  </name>
  <category>
   Shoes
  </category>
  <size>
   L
  </size>
  <color>
   Голубой
  </color>
  <material>
   Шерсть
  </material>
  <price>
   151547
  </price>
  <rating>
   3.69
  </rating>
  <reviews>
   67533
  </reviews>
  <sporty>
   no
  </sporty>
 </clothing>
 <clothing>
  <id>
   806100212
  </id>
  <name>
   Under Armour Skirt Y-4362
  </name>
  <category>
   Skirt
  </category>
  <size>
   L
  </size>
  <color>
   Синий
  </color>
  <material>
   Хлопок
  </material>
  <price>
   332938
  </price>
  <rating>
   3.62
  </rating>
  <reviews>
   31173
  </reviews>
  <new>
   -
  </new>
  <exclusive>
   no
  </exclusive>
  <sporty>
   yes
  </sporty>
 </clothing>
 <clothing>
  <id>
   870361685
  </id>
  <name>
   Vans Handbags V-1775
  </name>
  <category>
   Handbags
  </category>
  <size>
   XXL
  </size>
  <color>
   Оранжевый
  </color>
  <material>
   Кожа
  </material>
  <price>
   542684
  </price>
  <rating>
   3.37
  </rating>
  <reviews>
   952523
  </reviews>
  <sporty>
   yes
  </sporty>
 </clothing>
 <clothing>
  <id>
   731263791
  </id>
  <name>
   New Balance Hat N-8382
  </name>
  <category>
   Hat
  </category>
  <size>
   XL
  </size>
  <color>
   Синий
  </color>
  <material>
   Кожа
  </material>
  <price>
   751623
  </price>
  <rating>
   4.22
  </rating>
  <reviews>
   136136
  </reviews>
  <exclusive>
   no
  </exclusive>
  <sporty>
   yes
  </sporty>
 </clothing>
 <clothing>
  <id>
   930939021
  </id>
  <name>
   Addidas Blouse Z-9341
  </name>
  <category>
   Blouse
  </category>
  <size>
   L
  </size>
  <color>
   Желтый
  </color>
  <material>
   Шерсть
  </material>
  <price>
   697735
  </price>
  <rating>
   2.12
  </rating>
  <reviews>
   794999
  </reviews>
  <new>
   +
  </new>
 </clothing>
 <clothing>
  <id>
   843605933
  </id>
  <name>
   Nike Blouse F-3655
  </name>
  <category>
   Blouse
  </category>
  <size>
   S
  </size>
  <color>
   Желтый
  </color>
  <material>
   Лен
  </material>
  <price>
   308641
  </price>
  <rating>
   1.4
  </rating>
  <reviews>
   170644
  </reviews>
  <new>
   -
  </new>
  <exclusive>
   no
  </exclusive>
 </clothing>
 <clothing>
  <id>
   957301615
  </id>
  <name>
   New Balance Jacket Y-1337
  </name>
  <category>
   Jacket
  </category>
  <size>
   L
  </size>
  <color>
   Голубой
  </color>
  <material>
   Шерсть
  </material>
  <price>
   950133
  </price>
  <rating>
   1.05
  </rating>
  <reviews>
   399236
  </reviews>
  <new>
   +
  </new>
  <exclusive>
   yes
  </exclusive>
 </clothing>
 <clothing>
  <id>
   410100994
  </id>
  <name>
   New Balance Jeans A-9397
  </name>
  <category>
   Jeans
  </category>
  <size>
   S
  </size>
  <color>
   Желтый
  </color>
  <material>
   Шелк
  </material>
  <price>
   895876
  </price>
  <rating>
   4.22
  </rating>
  <reviews>
   338428
  </reviews>
  <new>
   -
  </new>
  <exclusive>
   no
  </exclusive>
  <sporty>
   no
  </sporty>
 </clothing>
 <clothing>
  <id>
   123759274
  </id>
  <name>
   Asics Socks M-4242
  </name>
  <category>
   Socks
  </category>
  <size>
   S
  </size>
  <color>
   Оранжевый
  </color>
  <material>
   Полиэстер
  </material>
  <price>
   337547
  </price>
  <rating>
   3.3
  </rating>
  <reviews>
   877740
  </reviews>
  <new>
   -
  </new>
  <sporty>
   yes
  </sporty>
 </clothing>
 <clothing>
  <id>
   394156761
  </id>
  <name>
   DC Skirt Z-9703
  </name>
  <category>
   Skirt
  </category>
  <size>
   L
  </size>
  <color>
   Голубой
  </color>
  <material>
   Хлопок
  </material>
  <price>
   911642
  </price>
  <rating>
   2.23
  </rating>
  <reviews>
   53184
  </reviews>
  <exclusive>
   yes
  </exclusive>
 </clothing>
 <clothing>
  <id>
   129553546
  </id>
  <name>
   Asics Shoes E-3900
  </name>
  <category>
   Shoes
  </category>
  <size>
   L
  </size>
  <color>
   Фиолетовый
  </color>
  <material>
   Кожа
  </material>
  <price>
   461613
  </price>
  <rating>
   2.16
  </rating>
  <reviews>
   641888
  </reviews>
  <new>
   +
  </new>
  <exclusive>
   no
  </exclusive>
  <sporty>
   no
  </sporty>
 </clothing>
 <clothing>
  <id>
   367764594
  </id>
  <name>
   Nike Pants M-5384
  </name>
  <category>
   Pants
  </category>
  <size>
   XXL
  </size>
  <color>
   Желтый
  </color>
  <material>
   Кожа
  </material>
  <price>
   193886
  </price>
  <rating>
   3.56
  </rating>
  <reviews>
   42687
  </reviews>
  <new>
   -
  </new>
  <sporty>
   no
  </sporty>
 </clothing>
 <clothing>
  <id>
   898480404
  </id>
  <name>
   Addidas Socks O-7917
  </name>
  <category>
   Socks
  </category>
  <size>
   XXL
  </size>
  <color>
   Желтый
  </color>
  <material>
   Шерсть
  </material>
  <price>
   525462
  </price>
  <rating>
   3.55
  </rating>
  <reviews>
   153610
  </reviews>
  <new>
   +
  </new>
  <exclusive>
   yes
  </exclusive>
 </clothing>
 <clothing>
  <id>
   426117065
  </id>
  <name>
   Under Armour Pants I-5012
  </name>
  <category>
   Pants
  </category>
  <size>
   XL
  </size>
  <color>
   Оранжевый
  </color>
  <material>
   Шелк
  </material>
  <price>
   361300
  </price>
  <rating>
   2.24
  </rating>
  <reviews>
   490764
  </reviews>
  <new>
   -
  </new>
  <exclusive>
   no
  </exclusive>
  <sporty>
   yes
  </sporty>
 </clothing>
 <clothing>
  <id>
   645127775
  </id>
  <name>
   Nike Blouse N-5577
  </name>
  <category>
   Blouse
  </category>
  <size>
   XXL
  </size>
  <color>
   Оранжевый
  </color>
  <material>
   Вискоза
  </material>
  <price>
   163091
  </price>
  <rating>
   3.85
  </rating>
  <reviews>
   223962
  </reviews>
  <new>
   +
  </new>
  <exclusive>
   no
  </exclusive>
 </clothing>
 <clothing>
  <id>
   868182416
  </id>
  <name>
   Ellesse Pants M-9275
  </name>
  <category>
   Pants
  </category>
  <size>
   XL
  </size>
  <color>
   Синий
  </color>
  <material>
   Вискоза
  </material>
  <price>
   424971
  </price>
  <rating>
   2.09
  </rating>
  <reviews>
   222042
  </reviews>
  <new>
   +
  </new>
  <sporty>
   no
  </sporty>
 </clothing>
 <clothing>
  <id>
   732394502
  </id>
  <name>
   Puma Jacket Y-3541
  </name>
  <category>
   Jacket
  </category>
  <size>
   XL
  </size>
  <color>
   Фиолетовый
  </color>
  <material>
   Шерсть
  </material>
  <price>
   220439
  </price>
  <rating>
   1.28
  </rating>
  <reviews>
   679981
  </reviews>
  <exclusive>
   no
  </exclusive>
  <sporty>
   no
  </sporty>
 </clothing>
</clothing-items>
