<?xml version="1.0" encoding="utf-8"?>
<clothing-items>
 <clothing>
  <id>
   406361276
  </id>
  <name>
   DC Skirt Z-6328
  </name>
  <category>
   Skirt
  </category>
  <size>
   XL
  </size>
  <color>
   Голубой
  </color>
  <material>
   Хлопок
  </material>
  <price>
   493867
  </price>
  <rating>
   4.95
  </rating>
  <reviews>
   321025
  </reviews>
  <new>
   -
  </new>
  <exclusive>
   no
  </exclusive>
  <sporty>
   no
  </sporty>
 </clothing>
 <clothing>
  <id>
   721468074
  </id>
  <name>
   Asics Sweater Y-1607
  </name>
  <category>
   Sweater
  </category>
  <size>
   XXL
  </size>
  <color>
   Зеленый
  </color>
  <material>
   Нейлон
  </material>
  <price>
   764209
  </price>
  <rating>
   2.51
  </rating>
  <reviews>
   938343
  </reviews>
  <new>
   -
  </new>
  <exclusive>
   yes
  </exclusive>
 </clothing>
 <clothing>
  <id>
   348842747
  </id>
  <name>
   New Balance Blouse V-6729
  </name>
  <category>
   Blouse
  </category>
  <size>
   XL
  </size>
  <color>
   Голубой
  </color>
  <material>
   Вискоза
  </material>
  <price>
   447497
  </price>
  <rating>
   4.48
  </rating>
  <reviews>
   96062
  </reviews>
  <new>
   -
  </new>
  <exclusive>
   no
  </exclusive>
  <sporty>
   no
  </sporty>
 </clothing>
 <clothing>
  <id>
   350755053
  </id>
  <name>
   New Balance Blouse B-8232
  </name>
  <category>
   Blouse
  </category>
  <size>
   S
  </size>
  <color>
   Голубой
  </color>
  <material>
   Вискоза
  </material>
  <price>
   288340
  </price>
  <rating>
   2.42
  </rating>
  <reviews>
   957461
  </reviews>
  <new>
   +
  </new>
  <exclusive>
   no
  </exclusive>
  <sporty>
   yes
  </sporty>
 </clothing>
 <clothing>
  <id>
   157753325
  </id>
  <name>
   Converse Dress A-5968
  </name>
  <category>
   Dress
  </category>
  <size>
   M
  </size>
  <color>
   Зеленый
  </color>
  <material>
   Нейлон
  </material>
  <price>
   465547
  </price>
  <rating>
   2.03
  </rating>
  <reviews>
   238138
  </reviews>
  <new>
   +
  </new>
  <exclusive>
   yes
  </exclusive>
  <sporty>
   yes
  </sporty>
 </clothing>
 <clothing>
  <id>
   307840977
  </id>
  <name>
   New Balance T-shirt Y-5586
  </name>
  <category>
   T-shirt
  </category>
  <size>
   L
  </size>
  <color>
   Желтый
  </color>
  <material>
   Лен
  </material>
  <price>
   756944
  </price>
  <rating>
   4.87
  </rating>
  <reviews>
   43915
  </reviews>
 </clothing>
 <clothing>
  <id>
   155537656
  </id>
  <name>
   Addidas Skirt F-3182
  </name>
  <category>
   Skirt
  </category>
  <size>
   XXL
  </size>
  <color>
   Фиолетовый
  </color>
  <material>
   Полиэстер
  </material>
  <price>
   547535
  </price>
  <rating>
   4.74
  </rating>
  <reviews>
   59515
  </reviews>
  <new>
   -
  </new>
  <sporty>
   yes
  </sporty>
 </clothing>
 <clothing>
  <id>
   213263880
  </id>
  <name>
   Fila Gloves J-4962
  </name>
  <category>
   Gloves
  </category>
  <size>
   S
  </size>
  <color>
   Фиолетовый
  </color>
  <material>
   Шерсть
  </material>
  <price>
   172391
  </price>
  <rating>
   3.89
  </rating>
  <reviews>
   933986
  </reviews>
 </clothing>
 <clothing>
  <id>
   695228318
  </id>
  <name>
   Ellesse Shoes O-3719
  </name>
  <category>
   Shoes
  </category>
  <size>
   M
  </size>
  <color>
   Зеленый
  </color>
  <material>
   Кожа
  </material>
  <price>
   697577
  </price>
  <rating>
   3.06
  </rating>
  <reviews>
   122305
  </reviews>
  <new>
   -
  </new>
  <exclusive>
   no
  </exclusive>
  <sporty>
   no
  </sporty>
 </clothing>
 <clothing>
  <id>
   285595372
  </id>
  <name>
   Ellesse Sweater D-6359
  </name>
  <category>
   Sweater
  </category>
  <size>
   L
  </size>
  <color>
   Зеленый
  </color>
  <material>
   Хлопок
  </material>
  <price>
   932564
  </price>
  <rating>
   3.07
  </rating>
  <reviews>
   6260
  </reviews>
  <new>
   +
  </new>
  <exclusive>
   yes
  </exclusive>
 </clothing>
</clothing-items>
