<?xml version="1.0" encoding="utf-8"?>
<clothing-items>
 <clothing>
  <id>
   340267864
  </id>
  <name>
   New Balance Socks W-3945
  </name>
  <category>
   Socks
  </category>
  <size>
   M
  </size>
  <color>
   Синий
  </color>
  <material>
   Шелк
  </material>
  <price>
   191204
  </price>
  <rating>
   4.58
  </rating>
  <reviews>
   903401
  </reviews>
  <new>
   -
  </new>
  <exclusive>
   no
  </exclusive>
  <sporty>
   yes
  </sporty>
 </clothing>
 <clothing>
  <id>
   656500023
  </id>
  <name>
   Reebok Umbrellas N-1627
  </name>
  <category>
   Umbrellas
  </category>
  <size>
   L
  </size>
  <color>
   Желтый
  </color>
  <material>
   Хлопок
  </material>
  <price>
   454235
  </price>
  <rating>
   1.79
  </rating>
  <reviews>
   291231
  </reviews>
  <exclusive>
   no
  </exclusive>
  <sporty>
   yes
  </sporty>
 </clothing>
 <clothing>
  <id>
   744947876
  </id>
  <name>
   Asics Jacket W-6261
  </name>
  <category>
   Jacket
  </category>
  <size>
   S
  </size>
  <color>
   Оранжевый
  </color>
  <material>
   Хлопок
  </material>
  <price>
   399617
  </price>
  <rating>
   4.38
  </rating>
  <reviews>
   923541
  </reviews>
  <new>
   +
  </new>
  <exclusive>
   yes
  </exclusive>
  <sporty>
   yes
  </sporty>
 </clothing>
 <clothing>
  <id>
   376194501
  </id>
  <name>
   Puma Handbags T-8776
  </name>
  <category>
   Handbags
  </category>
  <size>
   L
  </size>
  <color>
   Синий
  </color>
  <material>
   Лен
  </material>
  <price>
   619965
  </price>
  <rating>
   4.5
  </rating>
  <reviews>
   681265
  </reviews>
 </clothing>
 <clothing>
  <id>
   519508841
  </id>
  <name>
   Puma Gloves J-4575
  </name>
  <category>
   Gloves
  </category>
  <size>
   L
  </size>
  <color>
   Красный
  </color>
  <material>
   Хлопок
  </material>
  <price>
   452220
  </price>
  <rating>
   4.15
  </rating>
  <reviews>
   930717
  </reviews>
  <new>
   +
  </new>
  <exclusive>
   no
  </exclusive>
  <sporty>
   no
  </sporty>
 </clothing>
 <clothing>
  <id>
   716503932
  </id>
  <name>
   Vans Jeans L-5451
  </name>
  <category>
   Jeans
  </category>
  <size>
   M
  </size>
  <color>
   Оранжевый
  </color>
  <material>
   Лен
  </material>
  <price>
   758864
  </price>
  <rating>
   2.42
  </rating>
  <reviews>
   39707
  </reviews>
  <new>
   -
  </new>
  <exclusive>
   no
  </exclusive>
  <sporty>
   no
  </sporty>
 </clothing>
 <clothing>
  <id>
   448136323
  </id>
  <name>
   DC Shirt Q-5319
  </name>
  <category>
   Shirt
  </category>
  <size>
   XL
  </size>
  <color>
   Синий
  </color>
  <material>
   Лен
  </material>
  <price>
   468128
  </price>
  <rating>
   3.93
  </rating>
  <reviews>
   687101
  </reviews>
  <new>
   -
  </new>
  <exclusive>
   yes
  </exclusive>
  <sporty>
   yes
  </sporty>
 </clothing>
 <clothing>
  <id>
   428714695
  </id>
  <name>
   New Balance Shoes A-5161
  </name>
  <category>
   Shoes
  </category>
  <size>
   L
  </size>
  <color>
   Голубой
  </color>
  <material>
   Шелк
  </material>
  <price>
   977537
  </price>
  <rating>
   4.94
  </rating>
  <reviews>
   317584
  </reviews>
  <new>
   +
  </new>
  <exclusive>
   yes
  </exclusive>
  <sporty>
   no
  </sporty>
 </clothing>
 <clothing>
  <id>
   240750623
  </id>
  <name>
   Ellesse T-shirt S-7326
  </name>
  <category>
   T-shirt
  </category>
  <size>
   XL
  </size>
  <color>
   Красный
  </color>
  <material>
   Кожа
  </material>
  <price>
   791063
  </price>
  <rating>
   3.26
  </rating>
  <reviews>
   335293
  </reviews>
  <new>
   -
  </new>
  <sporty>
   no
  </sporty>
 </clothing>
 <clothing>
  <id>
   526955434
  </id>
  <name>
   Vans Umbrellas P-2127
  </name>
  <category>
   Umbrellas
  </category>
  <size>
   XXL
  </size>
  <color>
   Желтый
  </color>
  <material>
   Кожа
  </material>
  <price>
   721787
  </price>
  <rating>
   3.62
  </rating>
  <reviews>
   99072
  </reviews>
  <new>
   +
  </new>
  <exclusive>
   yes
  </exclusive>
  <sporty>
   no
  </sporty>
 </clothing>
 <clothing>
  <id>
   444218931
  </id>
  <name>
   Brooks Shoes G-8062
  </name>
  <category>
   Shoes
  </category>
  <size>
   M
  </size>
  <color>
   Желтый
  </color>
  <material>
   Шерсть
  </material>
  <price>
   908657
  </price>
  <rating>
   4.38
  </rating>
  <reviews>
   717652
  </reviews>
  <sporty>
   no
  </sporty>
 </clothing>
 <clothing>
  <id>
   165876568
  </id>
  <name>
   Brooks Handbags L-3781
  </name>
  <category>
   Handbags
  </category>
  <size>
   S
  </size>
  <color>
   Голубой
  </color>
  <material>
   Полиэстер
  </material>
  <price>
   709613
  </price>
  <rating>
   2.68
  </rating>
  <reviews>
   534174
  </reviews>
  <new>
   -
  </new>
  <exclusive>
   no
  </exclusive>
 </clothing>
 <clothing>
  <id>
   543382277
  </id>
  <name>
   Addidas Shirt B-6707
  </name>
  <category>
   Shirt
  </category>
  <size>
   M
  </size>
  <color>
   Красный
  </color>
  <material>
   Лен
  </material>
  <price>
   621149
  </price>
  <rating>
   1.3
  </rating>
  <reviews>
   925061
  </reviews>
  <exclusive>
   no
  </exclusive>
  <sporty>
   yes
  </sporty>
 </clothing>
 <clothing>
  <id>
   986547992
  </id>
  <name>
   New Balance Skirt A-7954
  </name>
  <category>
   Skirt
  </category>
  <size>
   XL
  </size>
  <color>
   Желтый
  </color>
  <material>
   Полиэстер
  </material>
  <price>
   295907
  </price>
  <rating>
   4.22
  </rating>
  <reviews>
   788882
  </reviews>
  <sporty>
   yes
  </sporty>
 </clothing>
 <clothing>
  <id>
   537905044
  </id>
  <name>
   Ellesse Jacket W-8830
  </name>
  <category>
   Jacket
  </category>
  <size>
   L
  </size>
  <color>
   Синий
  </color>
  <material>
   Лен
  </material>
  <price>
   224689
  </price>
  <rating>
   1.92
  </rating>
  <reviews>
   963253
  </reviews>
 </clothing>
 <clothing>
  <id>
   255807996
  </id>
  <name>
   Converse Pants S-3446
  </name>
  <category>
   Pants
  </category>
  <size>
   L
  </size>
  <color>
   Синий
  </color>
  <material>
   Кожа
  </material>
  <price>
   418011
  </price>
  <rating>
   4.19
  </rating>
  <reviews>
   155120
  </reviews>
  <exclusive>
   no
  </exclusive>
  <sporty>
   yes
  </sporty>
 </clothing>
 <clothing>
  <id>
   202602651
  </id>
  <name>
   Under Armour Belts K-5256
  </name>
  <category>
   Belts
  </category>
  <size>
   S
  </size>
  <color>
   Синий
  </color>
  <material>
   Шелк
  </material>
  <price>
   693558
  </price>
  <rating>
   2.67
  </rating>
  <reviews>
   446728
  </reviews>
  <new>
   +
  </new>
 </clothing>
 <clothing>
  <id>
   501677163
  </id>
  <name>
   Adidas Handbags I-2323
  </name>
  <category>
   Handbags
  </category>
  <size>
   M
  </size>
  <color>
   Оранжевый
  </color>
  <material>
   Кожа
  </material>
  <price>
   686505
  </price>
  <rating>
   3.75
  </rating>
  <reviews>
   215317
  </reviews>
  <new>
   +
  </new>
  <exclusive>
   no
  </exclusive>
  <sporty>
   no
  </sporty>
 </clothing>
 <clothing>
  <id>
   915463975
  </id>
  <name>
   Asics Socks V-4444
  </name>
  <category>
   Socks
  </category>
  <size>
   XXL
  </size>
  <color>
   Желтый
  </color>
  <material>
   Кожа
  </material>
  <price>
   962913
  </price>
  <rating>
   2.74
  </rating>
  <reviews>
   190995
  </reviews>
  <new>
   +
  </new>
 </clothing>
 <clothing>
  <id>
   116924983
  </id>
  <name>
   Brooks Shirt T-7527
  </name>
  <category>
   Shirt
  </category>
  <size>
   S
  </size>
  <color>
   Оранжевый
  </color>
  <material>
   Шерсть
  </material>
  <price>
   704326
  </price>
  <rating>
   2.96
  </rating>
  <reviews>
   717951
  </reviews>
  <exclusive>
   no
  </exclusive>
  <sporty>
   yes
  </sporty>
 </clothing>
 <clothing>
  <id>
   494110378
  </id>
  <name>
   Asics Socks X-2399
  </name>
  <category>
   Socks
  </category>
  <size>
   M
  </size>
  <color>
   Синий
  </color>
  <material>
   Кожа
  </material>
  <price>
   724747
  </price>
  <rating>
   1.64
  </rating>
  <reviews>
   739091
  </reviews>
  <exclusive>
   no
  </exclusive>
  <sporty>
   no
  </sporty>
 </clothing>
 <clothing>
  <id>
   382292827
  </id>
  <name>
   Lacoste Pants Z-7110
  </name>
  <category>
   Pants
  </category>
  <size>
   XL
  </size>
  <color>
   Голубой
  </color>
  <material>
   Лен
  </material>
  <price>
   364881
  </price>
  <rating>
   3.87
  </rating>
  <reviews>
   939145
  </reviews>
  <new>
   +
  </new>
  <exclusive>
   no
  </exclusive>
  <sporty>
   no
  </sporty>
 </clothing>
 <clothing>
  <id>
   187451648
  </id>
  <name>
   Ellesse Handbags D-8158
  </name>
  <category>
   Handbags
  </category>
  <size>
   XL
  </size>
  <color>
   Зеленый
  </color>
  <material>
   Вискоза
  </material>
  <price>
   876556
  </price>
  <rating>
   4.22
  </rating>
  <reviews>
   464606
  </reviews>
  <exclusive>
   no
  </exclusive>
  <sporty>
   no
  </sporty>
 </clothing>
 <clothing>
  <id>
   776626500
  </id>
  <name>
   Fila Skirt X-1183
  </name>
  <category>
   Skirt
  </category>
  <size>
   M
  </size>
  <color>
   Оранжевый
  </color>
  <material>
   Хлопок
  </material>
  <price>
   522403
  </price>
  <rating>
   2.07
  </rating>
  <reviews>
   324834
  </reviews>
  <exclusive>
   no
  </exclusive>
  <sporty>
   yes
  </sporty>
 </clothing>
 <clothing>
  <id>
   177434199
  </id>
  <name>
   Addidas Sweater S-5849
  </name>
  <category>
   Sweater
  </category>
  <size>
   L
  </size>
  <color>
   Голубой
  </color>
  <material>
   Нейлон
  </material>
  <price>
   689532
  </price>
  <rating>
   2.11
  </rating>
  <reviews>
   334401
  </reviews>
  <new>
   +
  </new>
 </clothing>
 <clothing>
  <id>
   903903510
  </id>
  <name>
   Lacoste T-shirt Y-6364
  </name>
  <category>
   T-shirt
  </category>
  <size>
   XXL
  </size>
  <color>
   Синий
  </color>
  <material>
   Хлопок
  </material>
  <price>
   619597
  </price>
  <rating>
   3.62
  </rating>
  <reviews>
   705892
  </reviews>
 </clothing>
 <clothing>
  <id>
   238839179
  </id>
  <name>
   Under Armour Socks I-5354
  </name>
  <category>
   Socks
  </category>
  <size>
   M
  </size>
  <color>
   Красный
  </color>
  <material>
   Шелк
  </material>
  <price>
   493418
  </price>
  <rating>
   1.39
  </rating>
  <reviews>
   917825
  </reviews>
  <new>
   +
  </new>
 </clothing>
 <clothing>
  <id>
   230548039
  </id>
  <name>
   Nike Socks P-1694
  </name>
  <category>
   Socks
  </category>
  <size>
   S
  </size>
  <color>
   Фиолетовый
  </color>
  <material>
   Шелк
  </material>
  <price>
   712722
  </price>
  <rating>
   4.59
  </rating>
  <reviews>
   246219
  </reviews>
  <new>
   +
  </new>
  <exclusive>
   no
  </exclusive>
 </clothing>
 <clothing>
  <id>
   173165391
  </id>
  <name>
   Under Armour Skirt H-7155
  </name>
  <category>
   Skirt
  </category>
  <size>
   L
  </size>
  <color>
   Красный
  </color>
  <material>
   Шерсть
  </material>
  <price>
   244028
  </price>
  <rating>
   1.64
  </rating>
  <reviews>
   934132
  </reviews>
  <new>
   -
  </new>
 </clothing>
 <clothing>
  <id>
   915532461
  </id>
  <name>
   DC Blouse Z-9750
  </name>
  <category>
   Blouse
  </category>
  <size>
   M
  </size>
  <color>
   Голубой
  </color>
  <material>
   Хлопок
  </material>
  <price>
   325588
  </price>
  <rating>
   1.6
  </rating>
  <reviews>
   935324
  </reviews>
  <new>
   -
  </new>
  <exclusive>
   no
  </exclusive>
  <sporty>
   no
  </sporty>
 </clothing>
 <clothing>
  <id>
   564019303
  </id>
  <name>
   Under Armour Jeans L-7395
  </name>
  <category>
   Jeans
  </category>
  <size>
   XXL
  </size>
  <color>
   Желтый
  </color>
  <material>
   Лен
  </material>
  <price>
   187616
  </price>
  <rating>
   1.91
  </rating>
  <reviews>
   758257
  </reviews>
  <new>
   -
  </new>
 </clothing>
 <clothing>
  <id>
   380292614
  </id>
  <name>
   Brooks Shirt J-9085
  </name>
  <category>
   Shirt
  </category>
  <size>
   XXL
  </size>
  <color>
   Зеленый
  </color>
  <material>
   Кожа
  </material>
  <price>
   931549
  </price>
  <rating>
   1.15
  </rating>
  <reviews>
   853284
  </reviews>
  <exclusive>
   yes
  </exclusive>
 </clothing>
 <clothing>
  <id>
   259839702
  </id>
  <name>
   Adidas Pants H-2633
  </name>
  <category>
   Pants
  </category>
  <size>
   M
  </size>
  <color>
   Фиолетовый
  </color>
  <material>
   Хлопок
  </material>
  <price>
   781670
  </price>
  <rating>
   3.52
  </rating>
  <reviews>
   569725
  </reviews>
  <new>
   +
  </new>
  <exclusive>
   no
  </exclusive>
  <sporty>
   no
  </sporty>
 </clothing>
 <clothing>
  <id>
   335429580
  </id>
  <name>
   Nike Belts T-1518
  </name>
  <category>
   Belts
  </category>
  <size>
   XL
  </size>
  <color>
   Желтый
  </color>
  <material>
   Кожа
  </material>
  <price>
   125608
  </price>
  <rating>
   3.95
  </rating>
  <reviews>
   199997
  </reviews>
  <exclusive>
   yes
  </exclusive>
 </clothing>
 <clothing>
  <id>
   175291250
  </id>
  <name>
   Under Armour Gloves R-9114
  </name>
  <category>
   Gloves
  </category>
  <size>
   M
  </size>
  <color>
   Красный
  </color>
  <material>
   Шерсть
  </material>
  <price>
   461943
  </price>
  <rating>
   3.49
  </rating>
  <reviews>
   354037
  </reviews>
  <new>
   -
  </new>
  <sporty>
   no
  </sporty>
 </clothing>
 <clothing>
  <id>
   359714741
  </id>
  <name>
   Asics Handbags E-3814
  </name>
  <category>
   Handbags
  </category>
  <size>
   M
  </size>
  <color>
   Фиолетовый
  </color>
  <material>
   Шерсть
  </material>
  <price>
   487494
  </price>
  <rating>
   1.73
  </rating>
  <reviews>
   744796
  </reviews>
  <new>
   -
  </new>
  <exclusive>
   yes
  </exclusive>
 </clothing>
 <clothing>
  <id>
   314198674
  </id>
  <name>
   Converse Dress E-1380
  </name>
  <category>
   Dress
  </category>
  <size>
   L
  </size>
  <color>
   Фиолетовый
  </color>
  <material>
   Полиэстер
  </material>
  <price>
   511713
  </price>
  <rating>
   3.93
  </rating>
  <reviews>
   254036
  </reviews>
  <new>
   -
  </new>
  <exclusive>
   no
  </exclusive>
 </clothing>
 <clothing>
  <id>
   171393659
  </id>
  <name>
   Under Armour Belts R-1621
  </name>
  <category>
   Belts
  </category>
  <size>
   XL
  </size>
  <color>
   Желтый
  </color>
  <material>
   Полиэстер
  </material>
  <price>
   322792
  </price>
  <rating>
   2.15
  </rating>
  <reviews>
   142257
  </reviews>
  <new>
   +
  </new>
  <exclusive>
   no
  </exclusive>
  <sporty>
   yes
  </sporty>
 </clothing>
 <clothing>
  <id>
   361728799
  </id>
  <name>
   Asics Dress Y-7957
  </name>
  <category>
   Dress
  </category>
  <size>
   L
  </size>
  <color>
   Желтый
  </color>
  <material>
   Лен
  </material>
  <price>
   564370
  </price>
  <rating>
   3.12
  </rating>
  <reviews>
   672278
  </reviews>
  <new>
   -
  </new>
  <exclusive>
   yes
  </exclusive>
  <sporty>
   no
  </sporty>
 </clothing>
 <clothing>
  <id>
   107628040
  </id>
  <name>
   Brooks Dress P-8399
  </name>
  <category>
   Dress
  </category>
  <size>
   L
  </size>
  <color>
   Красный
  </color>
  <material>
   Вискоза
  </material>
  <price>
   746737
  </price>
  <rating>
   2.55
  </rating>
  <reviews>
   619670
  </reviews>
  <new>
   +
  </new>
  <exclusive>
   yes
  </exclusive>
 </clothing>
 <clothing>
  <id>
   794017215
  </id>
  <name>
   Converse Gloves V-7232
  </name>
  <category>
   Gloves
  </category>
  <size>
   S
  </size>
  <color>
   Оранжевый
  </color>
  <material>
   Шелк
  </material>
  <price>
   427328
  </price>
  <rating>
   3.05
  </rating>
  <reviews>
   329270
  </reviews>
  <sporty>
   no
  </sporty>
 </clothing>
 <clothing>
  <id>
   552547211
  </id>
  <name>
   Converse Umbrellas W-3018
  </name>
  <category>
   Umbrellas
  </category>
  <size>
   L
  </size>
  <color>
   Фиолетовый
  </color>
  <material>
   Хлопок
  </material>
  <price>
   434900
  </price>
  <rating>
   4.59
  </rating>
  <reviews>
   179694
  </reviews>
  <sporty>
   no
  </sporty>
 </clothing>
 <clothing>
  <id>
   498699940
  </id>
  <name>
   Lacoste Sweater T-3642
  </name>
  <category>
   Sweater
  </category>
  <size>
   L
  </size>
  <color>
   Оранжевый
  </color>
  <material>
   Вискоза
  </material>
  <price>
   884058
  </price>
  <rating>
   1.11
  </rating>
  <reviews>
   462774
  </reviews>
  <exclusive>
   yes
  </exclusive>
  <sporty>
   no
  </sporty>
 </clothing>
 <clothing>
  <id>
   394549774
  </id>
  <name>
   Addidas Jacket C-4586
  </name>
  <category>
   Jacket
  </category>
  <size>
   M
  </size>
  <color>
   Оранжевый
  </color>
  <material>
   Кожа
  </material>
  <price>
   402208
  </price>
  <rating>
   2.52
  </rating>
  <reviews>
   89845
  </reviews>
  <new>
   -
  </new>
 </clothing>
 <clothing>
  <id>
   281319992
  </id>
  <name>
   Under Armour Shoes Z-4382
  </name>
  <category>
   Shoes
  </category>
  <size>
   XXL
  </size>
  <color>
   Зеленый
  </color>
  <material>
   Полиэстер
  </material>
  <price>
   145499
  </price>
  <rating>
   3.74
  </rating>
  <reviews>
   105621
  </reviews>
  <new>
   +
  </new>
  <exclusive>
   no
  </exclusive>
  <sporty>
   no
  </sporty>
 </clothing>
 <clothing>
  <id>
   948618674
  </id>
  <name>
   Puma Umbrellas P-1593
  </name>
  <category>
   Umbrellas
  </category>
  <size>
   L
  </size>
  <color>
   Красный
  </color>
  <material>
   Полиэстер
  </material>
  <price>
   394529
  </price>
  <rating>
   3.61
  </rating>
  <reviews>
   333330
  </reviews>
  <new>
   +
  </new>
  <exclusive>
   no
  </exclusive>
 </clothing>
 <clothing>
  <id>
   428080637
  </id>
  <name>
   Nike T-shirt B-1721
  </name>
  <category>
   T-shirt
  </category>
  <size>
   S
  </size>
  <color>
   Зеленый
  </color>
  <material>
   Лен
  </material>
  <price>
   410234
  </price>
  <rating>
   2.71
  </rating>
  <reviews>
   672199
  </reviews>
  <exclusive>
   yes
  </exclusive>
  <sporty>
   no
  </sporty>
 </clothing>
</clothing-items>
