<?xml version="1.0" encoding="utf-8"?>
<clothing-items>
 <clothing>
  <id>
   446099685
  </id>
  <name>
   Converse Jacket V-7195
  </name>
  <category>
   Jacket
  </category>
  <size>
   XXL
  </size>
  <color>
   Зеленый
  </color>
  <material>
   Вискоза
  </material>
  <price>
   277153
  </price>
  <rating>
   2.02
  </rating>
  <reviews>
   183689
  </reviews>
 </clothing>
 <clothing>
  <id>
   999059738
  </id>
  <name>
   Reebok Gloves Q-8043
  </name>
  <category>
   Gloves
  </category>
  <size>
   S
  </size>
  <color>
   Голубой
  </color>
  <material>
   Лен
  </material>
  <price>
   442706
  </price>
  <rating>
   2.2
  </rating>
  <reviews>
   863234
  </reviews>
  <sporty>
   yes
  </sporty>
 </clothing>
 <clothing>
  <id>
   826183515
  </id>
  <name>
   Lacoste Jeans X-2858
  </name>
  <category>
   Jeans
  </category>
  <size>
   L
  </size>
  <color>
   Голубой
  </color>
  <material>
   Хлопок
  </material>
  <price>
   436268
  </price>
  <rating>
   1.61
  </rating>
  <reviews>
   558092
  </reviews>
  <new>
   -
  </new>
  <exclusive>
   yes
  </exclusive>
  <sporty>
   no
  </sporty>
 </clothing>
 <clothing>
  <id>
   611713355
  </id>
  <name>
   Puma Jeans Y-9545
  </name>
  <category>
   Jeans
  </category>
  <size>
   S
  </size>
  <color>
   Красный
  </color>
  <material>
   Хлопок
  </material>
  <price>
   824978
  </price>
  <rating>
   1.93
  </rating>
  <reviews>
   675004
  </reviews>
  <new>
   +
  </new>
  <exclusive>
   no
  </exclusive>
 </clothing>
 <clothing>
  <id>
   389542972
  </id>
  <name>
   Fila Socks D-3174
  </name>
  <category>
   Socks
  </category>
  <size>
   XL
  </size>
  <color>
   Голубой
  </color>
  <material>
   Шерсть
  </material>
  <price>
   262777
  </price>
  <rating>
   1.84
  </rating>
  <reviews>
   934984
  </reviews>
  <new>
   +
  </new>
  <exclusive>
   yes
  </exclusive>
  <sporty>
   no
  </sporty>
 </clothing>
 <clothing>
  <id>
   990524325
  </id>
  <name>
   Nike Blouse V-7616
  </name>
  <category>
   Blouse
  </category>
  <size>
   L
  </size>
  <color>
   Оранжевый
  </color>
  <material>
   Шелк
  </material>
  <price>
   990090
  </price>
  <rating>
   1.01
  </rating>
  <reviews>
   878900
  </reviews>
  <exclusive>
   no
  </exclusive>
  <sporty>
   yes
  </sporty>
 </clothing>
 <clothing>
  <id>
   112444960
  </id>
  <name>
   New Balance Sweater L-2006
  </name>
  <category>
   Sweater
  </category>
  <size>
   XL
  </size>
  <color>
   Желтый
  </color>
  <material>
   Вискоза
  </material>
  <price>
   436654
  </price>
  <rating>
   2.34
  </rating>
  <reviews>
   740836
  </reviews>
  <exclusive>
   no
  </exclusive>
  <sporty>
   yes
  </sporty>
 </clothing>
 <clothing>
  <id>
   243850117
  </id>
  <name>
   Vans Dress B-9326
  </name>
  <category>
   Dress
  </category>
  <size>
   XL
  </size>
  <color>
   Голубой
  </color>
  <material>
   Лен
  </material>
  <price>
   162090
  </price>
  <rating>
   1.92
  </rating>
  <reviews>
   244796
  </reviews>
  <new>
   +
  </new>
  <exclusive>
   yes
  </exclusive>
 </clothing>
 <clothing>
  <id>
   829439988
  </id>
  <name>
   Reebok Socks C-8332
  </name>
  <category>
   Socks
  </category>
  <size>
   XXL
  </size>
  <color>
   Красный
  </color>
  <material>
   Хлопок
  </material>
  <price>
   220446
  </price>
  <rating>
   1.06
  </rating>
  <reviews>
   443968
  </reviews>
  <exclusive>
   no
  </exclusive>
  <sporty>
   no
  </sporty>
 </clothing>
 <clothing>
  <id>
   192159659
  </id>
  <name>
   DC Pants B-5942
  </name>
  <category>
   Pants
  </category>
  <size>
   S
  </size>
  <color>
   Фиолетовый
  </color>
  <material>
   Шерсть
  </material>
  <price>
   561330
  </price>
  <rating>
   4.24
  </rating>
  <reviews>
   269467
  </reviews>
  <new>
   +
  </new>
  <exclusive>
   yes
  </exclusive>
  <sporty>
   no
  </sporty>
 </clothing>
 <clothing>
  <id>
   544604518
  </id>
  <name>
   Lacoste Socks U-9612
  </name>
  <category>
   Socks
  </category>
  <size>
   XXL
  </size>
  <color>
   Фиолетовый
  </color>
  <material>
   Шерсть
  </material>
  <price>
   539690
  </price>
  <rating>
   3.28
  </rating>
  <reviews>
   889318
  </reviews>
  <exclusive>
   no
  </exclusive>
  <sporty>
   no
  </sporty>
 </clothing>
 <clothing>
  <id>
   480995659
  </id>
  <name>
   Reebok Dress Z-5640
  </name>
  <category>
   Dress
  </category>
  <size>
   M
  </size>
  <color>
   Фиолетовый
  </color>
  <material>
   Нейлон
  </material>
  <price>
   724800
  </price>
  <rating>
   2.53
  </rating>
  <reviews>
   172260
  </reviews>
  <new>
   +
  </new>
  <exclusive>
   no
  </exclusive>
 </clothing>
 <clothing>
  <id>
   952629950
  </id>
  <name>
   Addidas Shirt L-5488
  </name>
  <category>
   Shirt
  </category>
  <size>
   L
  </size>
  <color>
   Фиолетовый
  </color>
  <material>
   Полиэстер
  </material>
  <price>
   412078
  </price>
  <rating>
   2.49
  </rating>
  <reviews>
   764456
  </reviews>
  <exclusive>
   no
  </exclusive>
  <sporty>
   no
  </sporty>
 </clothing>
 <clothing>
  <id>
   762906120
  </id>
  <name>
   Nike Jeans M-1245
  </name>
  <category>
   Jeans
  </category>
  <size>
   L
  </size>
  <color>
   Фиолетовый
  </color>
  <material>
   Вискоза
  </material>
  <price>
   894846
  </price>
  <rating>
   2.77
  </rating>
  <reviews>
   374797
  </reviews>
  <exclusive>
   yes
  </exclusive>
  <sporty>
   no
  </sporty>
 </clothing>
 <clothing>
  <id>
   539460656
  </id>
  <name>
   Asics Socks E-7128
  </name>
  <category>
   Socks
  </category>
  <size>
   M
  </size>
  <color>
   Зеленый
  </color>
  <material>
   Хлопок
  </material>
  <price>
   544652
  </price>
  <rating>
   4.99
  </rating>
  <reviews>
   992101
  </reviews>
  <exclusive>
   no
  </exclusive>
  <sporty>
   yes
  </sporty>
 </clothing>
 <clothing>
  <id>
   247822151
  </id>
  <name>
   Ellesse T-shirt Y-5608
  </name>
  <category>
   T-shirt
  </category>
  <size>
   L
  </size>
  <color>
   Зеленый
  </color>
  <material>
   Вискоза
  </material>
  <price>
   328809
  </price>
  <rating>
   3.8
  </rating>
  <reviews>
   82491
  </reviews>
 </clothing>
</clothing-items>
