<?xml version="1.0" encoding="utf-8"?>
<clothing-items>
 <clothing>
  <id>
   346171072
  </id>
  <name>
   Ellesse Handbags D-5668
  </name>
  <category>
   Handbags
  </category>
  <size>
   M
  </size>
  <color>
   Желтый
  </color>
  <material>
   Лен
  </material>
  <price>
   868391
  </price>
  <rating>
   4.86
  </rating>
  <reviews>
   849387
  </reviews>
 </clothing>
 <clothing>
  <id>
   670933627
  </id>
  <name>
   PleinSport Dress F-3356
  </name>
  <category>
   Dress
  </category>
  <size>
   XXL
  </size>
  <color>
   Желтый
  </color>
  <material>
   Вискоза
  </material>
  <price>
   788375
  </price>
  <rating>
   1.42
  </rating>
  <reviews>
   593538
  </reviews>
  <new>
   +
  </new>
  <exclusive>
   no
  </exclusive>
 </clothing>
 <clothing>
  <id>
   644454514
  </id>
  <name>
   Adidas Handbags G-5058
  </name>
  <category>
   Handbags
  </category>
  <size>
   XL
  </size>
  <color>
   Желтый
  </color>
  <material>
   Лен
  </material>
  <price>
   613658
  </price>
  <rating>
   3.47
  </rating>
  <reviews>
   53767
  </reviews>
  <new>
   -
  </new>
  <sporty>
   yes
  </sporty>
 </clothing>
 <clothing>
  <id>
   445536049
  </id>
  <name>
   Lacoste Skirt C-6928
  </name>
  <category>
   Skirt
  </category>
  <size>
   S
  </size>
  <color>
   Оранжевый
  </color>
  <material>
   Шерсть
  </material>
  <price>
   543849
  </price>
  <rating>
   2.11
  </rating>
  <reviews>
   194366
  </reviews>
  <exclusive>
   yes
  </exclusive>
 </clothing>
 <clothing>
  <id>
   489060990
  </id>
  <name>
   DC T-shirt V-9696
  </name>
  <category>
   T-shirt
  </category>
  <size>
   L
  </size>
  <color>
   Голубой
  </color>
  <material>
   Шерсть
  </material>
  <price>
   994912
  </price>
  <rating>
   2.51
  </rating>
  <reviews>
   488471
  </reviews>
  <exclusive>
   no
  </exclusive>
 </clothing>
 <clothing>
  <id>
   486426715
  </id>
  <name>
   Asics T-shirt N-1044
  </name>
  <category>
   T-shirt
  </category>
  <size>
   L
  </size>
  <color>
   Зеленый
  </color>
  <material>
   Лен
  </material>
  <price>
   132283
  </price>
  <rating>
   4.56
  </rating>
  <reviews>
   806256
  </reviews>
  <new>
   -
  </new>
  <exclusive>
   yes
  </exclusive>
 </clothing>
 <clothing>
  <id>
   192046943
  </id>
  <name>
   Lacoste Skirt F-9291
  </name>
  <category>
   Skirt
  </category>
  <size>
   S
  </size>
  <color>
   Фиолетовый
  </color>
  <material>
   Хлопок
  </material>
  <price>
   733243
  </price>
  <rating>
   2.21
  </rating>
  <reviews>
   65429
  </reviews>
  <exclusive>
   no
  </exclusive>
  <sporty>
   no
  </sporty>
 </clothing>
 <clothing>
  <id>
   967924631
  </id>
  <name>
   Reebok Belts I-2677
  </name>
  <category>
   Belts
  </category>
  <size>
   M
  </size>
  <color>
   Красный
  </color>
  <material>
   Шерсть
  </material>
  <price>
   380540
  </price>
  <rating>
   2.97
  </rating>
  <reviews>
   375397
  </reviews>
  <new>
   -
  </new>
 </clothing>
 <clothing>
  <id>
   131023213
  </id>
  <name>
   Brooks Dress C-4167
  </name>
  <category>
   Dress
  </category>
  <size>
   S
  </size>
  <color>
   Оранжевый
  </color>
  <material>
   Лен
  </material>
  <price>
   811103
  </price>
  <rating>
   3.49
  </rating>
  <reviews>
   65603
  </reviews>
  <exclusive>
   no
  </exclusive>
  <sporty>
   yes
  </sporty>
 </clothing>
 <clothing>
  <id>
   974935009
  </id>
  <name>
   Nike Blouse Q-2657
  </name>
  <category>
   Blouse
  </category>
  <size>
   S
  </size>
  <color>
   Фиолетовый
  </color>
  <material>
   Кожа
  </material>
  <price>
   116002
  </price>
  <rating>
   2.84
  </rating>
  <reviews>
   138030
  </reviews>
  <exclusive>
   no
  </exclusive>
 </clothing>
 <clothing>
  <id>
   772634903
  </id>
  <name>
   Lacoste Gloves T-1741
  </name>
  <category>
   Gloves
  </category>
  <size>
   L
  </size>
  <color>
   Фиолетовый
  </color>
  <material>
   Вискоза
  </material>
  <price>
   391554
  </price>
  <rating>
   3.89
  </rating>
  <reviews>
   394235
  </reviews>
  <exclusive>
   no
  </exclusive>
 </clothing>
 <clothing>
  <id>
   416365025
  </id>
  <name>
   Fila T-shirt L-1224
  </name>
  <category>
   T-shirt
  </category>
  <size>
   M
  </size>
  <color>
   Желтый
  </color>
  <material>
   Лен
  </material>
  <price>
   475107
  </price>
  <rating>
   4.81
  </rating>
  <reviews>
   766347
  </reviews>
  <new>
   +
  </new>
  <exclusive>
   yes
  </exclusive>
  <sporty>
   no
  </sporty>
 </clothing>
 <clothing>
  <id>
   465246091
  </id>
  <name>
   Asics Jacket T-1673
  </name>
  <category>
   Jacket
  </category>
  <size>
   XL
  </size>
  <color>
   Фиолетовый
  </color>
  <material>
   Шелк
  </material>
  <price>
   144119
  </price>
  <rating>
   3.11
  </rating>
  <reviews>
   428839
  </reviews>
  <new>
   +
  </new>
  <sporty>
   no
  </sporty>
 </clothing>
 <clothing>
  <id>
   170441270
  </id>
  <name>
   Adidas Blouse W-9352
  </name>
  <category>
   Blouse
  </category>
  <size>
   XXL
  </size>
  <color>
   Фиолетовый
  </color>
  <material>
   Вискоза
  </material>
  <price>
   641416
  </price>
  <rating>
   2.64
  </rating>
  <reviews>
   273970
  </reviews>
  <new>
   +
  </new>
  <exclusive>
   no
  </exclusive>
  <sporty>
   yes
  </sporty>
 </clothing>
 <clothing>
  <id>
   961951202
  </id>
  <name>
   Fila Shoes T-5563
  </name>
  <category>
   Shoes
  </category>
  <size>
   XXL
  </size>
  <color>
   Синий
  </color>
  <material>
   Полиэстер
  </material>
  <price>
   261154
  </price>
  <rating>
   1.29
  </rating>
  <reviews>
   233410
  </reviews>
  <new>
   -
  </new>
  <sporty>
   no
  </sporty>
 </clothing>
 <clothing>
  <id>
   496226187
  </id>
  <name>
   Nike Handbags Q-5944
  </name>
  <category>
   Handbags
  </category>
  <size>
   XXL
  </size>
  <color>
   Красный
  </color>
  <material>
   Кожа
  </material>
  <price>
   706985
  </price>
  <rating>
   2.16
  </rating>
  <reviews>
   423089
  </reviews>
  <new>
   -
  </new>
  <exclusive>
   no
  </exclusive>
 </clothing>
 <clothing>
  <id>
   391410189
  </id>
  <name>
   Brooks Jeans G-3943
  </name>
  <category>
   Jeans
  </category>
  <size>
   XXL
  </size>
  <color>
   Оранжевый
  </color>
  <material>
   Вискоза
  </material>
  <price>
   383382
  </price>
  <rating>
   2.8
  </rating>
  <reviews>
   468943
  </reviews>
  <new>
   -
  </new>
  <sporty>
   no
  </sporty>
 </clothing>
 <clothing>
  <id>
   874242745
  </id>
  <name>
   Addidas Gloves E-7415
  </name>
  <category>
   Gloves
  </category>
  <size>
   S
  </size>
  <color>
   Оранжевый
  </color>
  <material>
   Полиэстер
  </material>
  <price>
   327128
  </price>
  <rating>
   2.43
  </rating>
  <reviews>
   770543
  </reviews>
  <new>
   +
  </new>
  <exclusive>
   no
  </exclusive>
  <sporty>
   no
  </sporty>
 </clothing>
 <clothing>
  <id>
   610414613
  </id>
  <name>
   Converse Jeans Q-5768
  </name>
  <category>
   Jeans
  </category>
  <size>
   XXL
  </size>
  <color>
   Красный
  </color>
  <material>
   Шерсть
  </material>
  <price>
   864730
  </price>
  <rating>
   3.25
  </rating>
  <reviews>
   316184
  </reviews>
  <new>
   +
  </new>
  <sporty>
   yes
  </sporty>
 </clothing>
 <clothing>
  <id>
   953286429
  </id>
  <name>
   Asics Blouse G-3279
  </name>
  <category>
   Blouse
  </category>
  <size>
   M
  </size>
  <color>
   Голубой
  </color>
  <material>
   Кожа
  </material>
  <price>
   420508
  </price>
  <rating>
   3.0
  </rating>
  <reviews>
   950256
  </reviews>
  <new>
   +
  </new>
  <sporty>
   no
  </sporty>
 </clothing>
 <clothing>
  <id>
   614636644
  </id>
  <name>
   Puma Hat K-4114
  </name>
  <category>
   Hat
  </category>
  <size>
   M
  </size>
  <color>
   Зеленый
  </color>
  <material>
   Лен
  </material>
  <price>
   173890
  </price>
  <rating>
   1.64
  </rating>
  <reviews>
   865010
  </reviews>
 </clothing>
 <clothing>
  <id>
   493906512
  </id>
  <name>
   Ellesse Skirt L-4290
  </name>
  <category>
   Skirt
  </category>
  <size>
   M
  </size>
  <color>
   Синий
  </color>
  <material>
   Шелк
  </material>
  <price>
   165220
  </price>
  <rating>
   1.01
  </rating>
  <reviews>
   191581
  </reviews>
  <new>
   +
  </new>
  <sporty>
   no
  </sporty>
 </clothing>
 <clothing>
  <id>
   110535919
  </id>
  <name>
   Ellesse Sweater X-7807
  </name>
  <category>
   Sweater
  </category>
  <size>
   M
  </size>
  <color>
   Фиолетовый
  </color>
  <material>
   Кожа
  </material>
  <price>
   439712
  </price>
  <rating>
   4.64
  </rating>
  <reviews>
   655404
  </reviews>
  <new>
   +
  </new>
  <exclusive>
   yes
  </exclusive>
 </clothing>
 <clothing>
  <id>
   824315707
  </id>
  <name>
   Reebok Hat H-2620
  </name>
  <category>
   Hat
  </category>
  <size>
   XL
  </size>
  <color>
   Голубой
  </color>
  <material>
   Шерсть
  </material>
  <price>
   146023
  </price>
  <rating>
   2.89
  </rating>
  <reviews>
   679025
  </reviews>
  <new>
   +
  </new>
  <exclusive>
   no
  </exclusive>
  <sporty>
   no
  </sporty>
 </clothing>
 <clothing>
  <id>
   383540522
  </id>
  <name>
   Addidas Pants E-4727
  </name>
  <category>
   Pants
  </category>
  <size>
   XL
  </size>
  <color>
   Оранжевый
  </color>
  <material>
   Полиэстер
  </material>
  <price>
   919044
  </price>
  <rating>
   5.0
  </rating>
  <reviews>
   152870
  </reviews>
  <exclusive>
   yes
  </exclusive>
 </clothing>
 <clothing>
  <id>
   479305556
  </id>
  <name>
   PleinSport Skirt R-2640
  </name>
  <category>
   Skirt
  </category>
  <size>
   S
  </size>
  <color>
   Синий
  </color>
  <material>
   Шерсть
  </material>
  <price>
   586930
  </price>
  <rating>
   4.85
  </rating>
  <reviews>
   637179
  </reviews>
  <new>
   -
  </new>
  <sporty>
   no
  </sporty>
 </clothing>
 <clothing>
  <id>
   419508886
  </id>
  <name>
   Asics Shirt P-3278
  </name>
  <category>
   Shirt
  </category>
  <size>
   M
  </size>
  <color>
   Зеленый
  </color>
  <material>
   Вискоза
  </material>
  <price>
   377499
  </price>
  <rating>
   4.78
  </rating>
  <reviews>
   346462
  </reviews>
  <new>
   -
  </new>
 </clothing>
 <clothing>
  <id>
   177138981
  </id>
  <name>
   Converse Dress T-4074
  </name>
  <category>
   Dress
  </category>
  <size>
   XXL
  </size>
  <color>
   Голубой
  </color>
  <material>
   Лен
  </material>
  <price>
   389159
  </price>
  <rating>
   2.76
  </rating>
  <reviews>
   347164
  </reviews>
  <new>
   -
  </new>
  <exclusive>
   no
  </exclusive>
  <sporty>
   yes
  </sporty>
 </clothing>
 <clothing>
  <id>
   564671196
  </id>
  <name>
   Nike Belts K-7081
  </name>
  <category>
   Belts
  </category>
  <size>
   XXL
  </size>
  <color>
   Голубой
  </color>
  <material>
   Шерсть
  </material>
  <price>
   754615
  </price>
  <rating>
   1.62
  </rating>
  <reviews>
   673991
  </reviews>
  <new>
   -
  </new>
 </clothing>
 <clothing>
  <id>
   233064112
  </id>
  <name>
   PleinSport Handbags C-5995
  </name>
  <category>
   Handbags
  </category>
  <size>
   XL
  </size>
  <color>
   Желтый
  </color>
  <material>
   Шелк
  </material>
  <price>
   475152
  </price>
  <rating>
   4.47
  </rating>
  <reviews>
   845286
  </reviews>
  <new>
   +
  </new>
  <sporty>
   no
  </sporty>
 </clothing>
 <clothing>
  <id>
   793559353
  </id>
  <name>
   Asics Skirt P-6104
  </name>
  <category>
   Skirt
  </category>
  <size>
   M
  </size>
  <color>
   Красный
  </color>
  <material>
   Кожа
  </material>
  <price>
   280814
  </price>
  <rating>
   4.98
  </rating>
  <reviews>
   357275
  </reviews>
  <new>
   +
  </new>
  <exclusive>
   no
  </exclusive>
  <sporty>
   yes
  </sporty>
 </clothing>
 <clothing>
  <id>
   383921914
  </id>
  <name>
   Ellesse Shoes V-2674
  </name>
  <category>
   Shoes
  </category>
  <size>
   XL
  </size>
  <color>
   Оранжевый
  </color>
  <material>
   Полиэстер
  </material>
  <price>
   933688
  </price>
  <rating>
   1.41
  </rating>
  <reviews>
   31555
  </reviews>
  <sporty>
   yes
  </sporty>
 </clothing>
 <clothing>
  <id>
   172256586
  </id>
  <name>
   Lacoste Socks B-4562
  </name>
  <category>
   Socks
  </category>
  <size>
   L
  </size>
  <color>
   Оранжевый
  </color>
  <material>
   Нейлон
  </material>
  <price>
   321032
  </price>
  <rating>
   1.44
  </rating>
  <reviews>
   793611
  </reviews>
  <exclusive>
   yes
  </exclusive>
 </clothing>
 <clothing>
  <id>
   674120946
  </id>
  <name>
   Puma Belts D-2786
  </name>
  <category>
   Belts
  </category>
  <size>
   XL
  </size>
  <color>
   Красный
  </color>
  <material>
   Кожа
  </material>
  <price>
   481889
  </price>
  <rating>
   3.85
  </rating>
  <reviews>
   54492
  </reviews>
  <new>
   -
  </new>
  <exclusive>
   no
  </exclusive>
  <sporty>
   no
  </sporty>
 </clothing>
 <clothing>
  <id>
   793777847
  </id>
  <name>
   Vans Hat O-7490
  </name>
  <category>
   Hat
  </category>
  <size>
   L
  </size>
  <color>
   Желтый
  </color>
  <material>
   Лен
  </material>
  <price>
   159482
  </price>
  <rating>
   2.05
  </rating>
  <reviews>
   532231
  </reviews>
  <new>
   -
  </new>
  <exclusive>
   yes
  </exclusive>
 </clothing>
 <clothing>
  <id>
   859500319
  </id>
  <name>
   Adidas Dress B-4238
  </name>
  <category>
   Dress
  </category>
  <size>
   M
  </size>
  <color>
   Фиолетовый
  </color>
  <material>
   Кожа
  </material>
  <price>
   839983
  </price>
  <rating>
   4.55
  </rating>
  <reviews>
   437047
  </reviews>
 </clothing>
 <clothing>
  <id>
   177042396
  </id>
  <name>
   Vans Dress O-7472
  </name>
  <category>
   Dress
  </category>
  <size>
   M
  </size>
  <color>
   Желтый
  </color>
  <material>
   Лен
  </material>
  <price>
   547422
  </price>
  <rating>
   1.31
  </rating>
  <reviews>
   740665
  </reviews>
  <exclusive>
   no
  </exclusive>
  <sporty>
   yes
  </sporty>
 </clothing>
 <clothing>
  <id>
   279945944
  </id>
  <name>
   Fila Socks A-7340
  </name>
  <category>
   Socks
  </category>
  <size>
   XL
  </size>
  <color>
   Фиолетовый
  </color>
  <material>
   Шерсть
  </material>
  <price>
   277287
  </price>
  <rating>
   2.63
  </rating>
  <reviews>
   917397
  </reviews>
  <new>
   +
  </new>
  <exclusive>
   no
  </exclusive>
 </clothing>
 <clothing>
  <id>
   501135217
  </id>
  <name>
   Under Armour Gloves V-7205
  </name>
  <category>
   Gloves
  </category>
  <size>
   S
  </size>
  <color>
   Желтый
  </color>
  <material>
   Нейлон
  </material>
  <price>
   663786
  </price>
  <rating>
   2.18
  </rating>
  <reviews>
   306812
  </reviews>
  <new>
   +
  </new>
  <sporty>
   no
  </sporty>
 </clothing>
 <clothing>
  <id>
   401846403
  </id>
  <name>
   Reebok Gloves Z-4108
  </name>
  <category>
   Gloves
  </category>
  <size>
   XXL
  </size>
  <color>
   Голубой
  </color>
  <material>
   Шелк
  </material>
  <price>
   677370
  </price>
  <rating>
   1.63
  </rating>
  <reviews>
   623319
  </reviews>
  <new>
   -
  </new>
  <exclusive>
   no
  </exclusive>
  <sporty>
   no
  </sporty>
 </clothing>
 <clothing>
  <id>
   997283365
  </id>
  <name>
   PleinSport Pants A-7313
  </name>
  <category>
   Pants
  </category>
  <size>
   XXL
  </size>
  <color>
   Желтый
  </color>
  <material>
   Нейлон
  </material>
  <price>
   490959
  </price>
  <rating>
   1.98
  </rating>
  <reviews>
   158341
  </reviews>
  <new>
   -
  </new>
  <sporty>
   yes
  </sporty>
 </clothing>
</clothing-items>
