<?xml version="1.0" encoding="utf-8"?>
<clothing-items>
 <clothing>
  <id>
   248552208
  </id>
  <name>
   Lacoste Blouse K-8732
  </name>
  <category>
   Blouse
  </category>
  <size>
   S
  </size>
  <color>
   Зеленый
  </color>
  <material>
   Хлопок
  </material>
  <price>
   970097
  </price>
  <rating>
   2.57
  </rating>
  <reviews>
   79559
  </reviews>
  <exclusive>
   no
  </exclusive>
 </clothing>
 <clothing>
  <id>
   929055847
  </id>
  <name>
   Reebok Jacket U-1621
  </name>
  <category>
   Jacket
  </category>
  <size>
   M
  </size>
  <color>
   Фиолетовый
  </color>
  <material>
   Нейлон
  </material>
  <price>
   735285
  </price>
  <rating>
   4.03
  </rating>
  <reviews>
   334785
  </reviews>
  <sporty>
   yes
  </sporty>
 </clothing>
 <clothing>
  <id>
   391943311
  </id>
  <name>
   New Balance Belts Q-9911
  </name>
  <category>
   Belts
  </category>
  <size>
   S
  </size>
  <color>
   Зеленый
  </color>
  <material>
   Полиэстер
  </material>
  <price>
   653232
  </price>
  <rating>
   3.43
  </rating>
  <reviews>
   235047
  </reviews>
  <new>
   +
  </new>
  <exclusive>
   no
  </exclusive>
 </clothing>
 <clothing>
  <id>
   620403642
  </id>
  <name>
   Ellesse T-shirt A-9129
  </name>
  <category>
   T-shirt
  </category>
  <size>
   S
  </size>
  <color>
   Голубой
  </color>
  <material>
   Полиэстер
  </material>
  <price>
   959465
  </price>
  <rating>
   4.9
  </rating>
  <reviews>
   948263
  </reviews>
  <new>
   -
  </new>
  <exclusive>
   no
  </exclusive>
 </clothing>
 <clothing>
  <id>
   873584236
  </id>
  <name>
   Asics Handbags B-3658
  </name>
  <category>
   Handbags
  </category>
  <size>
   M
  </size>
  <color>
   Голубой
  </color>
  <material>
   Полиэстер
  </material>
  <price>
   285189
  </price>
  <rating>
   1.81
  </rating>
  <reviews>
   67718
  </reviews>
  <new>
   +
  </new>
  <exclusive>
   yes
  </exclusive>
  <sporty>
   no
  </sporty>
 </clothing>
 <clothing>
  <id>
   155338911
  </id>
  <name>
   PleinSport Sweater K-2869
  </name>
  <category>
   Sweater
  </category>
  <size>
   XL
  </size>
  <color>
   Фиолетовый
  </color>
  <material>
   Полиэстер
  </material>
  <price>
   829527
  </price>
  <rating>
   1.24
  </rating>
  <reviews>
   478091
  </reviews>
 </clothing>
 <clothing>
  <id>
   742774202
  </id>
  <name>
   Vans Shirt X-4720
  </name>
  <category>
   Shirt
  </category>
  <size>
   L
  </size>
  <color>
   Голубой
  </color>
  <material>
   Шелк
  </material>
  <price>
   609776
  </price>
  <rating>
   1.04
  </rating>
  <reviews>
   298640
  </reviews>
  <new>
   -
  </new>
  <exclusive>
   no
  </exclusive>
 </clothing>
 <clothing>
  <id>
   321115067
  </id>
  <name>
   New Balance Umbrellas Y-6242
  </name>
  <category>
   Umbrellas
  </category>
  <size>
   XXL
  </size>
  <color>
   Зеленый
  </color>
  <material>
   Лен
  </material>
  <price>
   293056
  </price>
  <rating>
   1.82
  </rating>
  <reviews>
   617066
  </reviews>
  <sporty>
   no
  </sporty>
 </clothing>
 <clothing>
  <id>
   649784160
  </id>
  <name>
   Brooks Dress R-1673
  </name>
  <category>
   Dress
  </category>
  <size>
   XL
  </size>
  <color>
   Голубой
  </color>
  <material>
   Шелк
  </material>
  <price>
   675522
  </price>
  <rating>
   3.95
  </rating>
  <reviews>
   879573
  </reviews>
 </clothing>
 <clothing>
  <id>
   693465292
  </id>
  <name>
   Vans Jacket D-2613
  </name>
  <category>
   Jacket
  </category>
  <size>
   XL
  </size>
  <color>
   Голубой
  </color>
  <material>
   Шерсть
  </material>
  <price>
   721130
  </price>
  <rating>
   1.01
  </rating>
  <reviews>
   535672
  </reviews>
  <sporty>
   no
  </sporty>
 </clothing>
 <clothing>
  <id>
   590011912
  </id>
  <name>
   Adidas Gloves P-4991
  </name>
  <category>
   Gloves
  </category>
  <size>
   XL
  </size>
  <color>
   Оранжевый
  </color>
  <material>
   Кожа
  </material>
  <price>
   341019
  </price>
  <rating>
   3.24
  </rating>
  <reviews>
   264586
  </reviews>
  <new>
   -
  </new>
 </clothing>
 <clothing>
  <id>
   213923107
  </id>
  <name>
   Puma Belts M-7861
  </name>
  <category>
   Belts
  </category>
  <size>
   L
  </size>
  <color>
   Красный
  </color>
  <material>
   Хлопок
  </material>
  <price>
   861515
  </price>
  <rating>
   4.69
  </rating>
  <reviews>
   443413
  </reviews>
  <sporty>
   yes
  </sporty>
 </clothing>
 <clothing>
  <id>
   173668302
  </id>
  <name>
   DC Jeans H-1422
  </name>
  <category>
   Jeans
  </category>
  <size>
   XL
  </size>
  <color>
   Фиолетовый
  </color>
  <material>
   Шелк
  </material>
  <price>
   173622
  </price>
  <rating>
   1.73
  </rating>
  <reviews>
   63048
  </reviews>
  <exclusive>
   no
  </exclusive>
  <sporty>
   no
  </sporty>
 </clothing>
 <clothing>
  <id>
   357246827
  </id>
  <name>
   Ellesse Jacket W-7240
  </name>
  <category>
   Jacket
  </category>
  <size>
   S
  </size>
  <color>
   Голубой
  </color>
  <material>
   Кожа
  </material>
  <price>
   151355
  </price>
  <rating>
   3.65
  </rating>
  <reviews>
   725361
  </reviews>
  <exclusive>
   yes
  </exclusive>
 </clothing>
</clothing-items>
