<?xml version="1.0" encoding="utf-8"?>
<clothing-items>
 <clothing>
  <id>
   402372252
  </id>
  <name>
   Addidas Blouse D-5844
  </name>
  <category>
   Blouse
  </category>
  <size>
   S
  </size>
  <color>
   Голубой
  </color>
  <material>
   Кожа
  </material>
  <price>
   903445
  </price>
  <rating>
   4.23
  </rating>
  <reviews>
   959682
  </reviews>
 </clothing>
 <clothing>
  <id>
   875602651
  </id>
  <name>
   Under Armour Jacket M-1301
  </name>
  <category>
   Jacket
  </category>
  <size>
   M
  </size>
  <color>
   Голубой
  </color>
  <material>
   Нейлон
  </material>
  <price>
   539782
  </price>
  <rating>
   1.04
  </rating>
  <reviews>
   547061
  </reviews>
  <new>
   +
  </new>
  <exclusive>
   yes
  </exclusive>
  <sporty>
   no
  </sporty>
 </clothing>
 <clothing>
  <id>
   313734555
  </id>
  <name>
   Adidas Gloves C-8701
  </name>
  <category>
   Gloves
  </category>
  <size>
   S
  </size>
  <color>
   Красный
  </color>
  <material>
   Лен
  </material>
  <price>
   727827
  </price>
  <rating>
   3.99
  </rating>
  <reviews>
   367154
  </reviews>
  <exclusive>
   no
  </exclusive>
 </clothing>
 <clothing>
  <id>
   119731737
  </id>
  <name>
   Vans Jeans N-1096
  </name>
  <category>
   Jeans
  </category>
  <size>
   XXL
  </size>
  <color>
   Фиолетовый
  </color>
  <material>
   Кожа
  </material>
  <price>
   176648
  </price>
  <rating>
   3.63
  </rating>
  <reviews>
   291928
  </reviews>
  <new>
   -
  </new>
  <exclusive>
   no
  </exclusive>
  <sporty>
   no
  </sporty>
 </clothing>
 <clothing>
  <id>
   557764397
  </id>
  <name>
   Fila Dress G-7523
  </name>
  <category>
   Dress
  </category>
  <size>
   M
  </size>
  <color>
   Голубой
  </color>
  <material>
   Вискоза
  </material>
  <price>
   914090
  </price>
  <rating>
   1.45
  </rating>
  <reviews>
   948949
  </reviews>
  <exclusive>
   no
  </exclusive>
  <sporty>
   yes
  </sporty>
 </clothing>
 <clothing>
  <id>
   691224829
  </id>
  <name>
   Asics Umbrellas D-2578
  </name>
  <category>
   Umbrellas
  </category>
  <size>
   M
  </size>
  <color>
   Зеленый
  </color>
  <material>
   Кожа
  </material>
  <price>
   277075
  </price>
  <rating>
   2.09
  </rating>
  <reviews>
   374125
  </reviews>
  <new>
   -
  </new>
  <exclusive>
   no
  </exclusive>
  <sporty>
   yes
  </sporty>
 </clothing>
 <clothing>
  <id>
   856493633
  </id>
  <name>
   Addidas Pants J-1983
  </name>
  <category>
   Pants
  </category>
  <size>
   XL
  </size>
  <color>
   Оранжевый
  </color>
  <material>
   Шерсть
  </material>
  <price>
   626142
  </price>
  <rating>
   1.47
  </rating>
  <reviews>
   430739
  </reviews>
  <new>
   +
  </new>
  <exclusive>
   no
  </exclusive>
  <sporty>
   yes
  </sporty>
 </clothing>
 <clothing>
  <id>
   982476216
  </id>
  <name>
   Lacoste Dress F-1812
  </name>
  <category>
   Dress
  </category>
  <size>
   S
  </size>
  <color>
   Красный
  </color>
  <material>
   Хлопок
  </material>
  <price>
   175975
  </price>
  <rating>
   2.78
  </rating>
  <reviews>
   442623
  </reviews>
  <sporty>
   no
  </sporty>
 </clothing>
 <clothing>
  <id>
   172402261
  </id>
  <name>
   Adidas Belts S-6481
  </name>
  <category>
   Belts
  </category>
  <size>
   S
  </size>
  <color>
   Голубой
  </color>
  <material>
   Нейлон
  </material>
  <price>
   641205
  </price>
  <rating>
   4.78
  </rating>
  <reviews>
   502043
  </reviews>
  <new>
   -
  </new>
  <exclusive>
   no
  </exclusive>
 </clothing>
 <clothing>
  <id>
   315549718
  </id>
  <name>
   Converse Skirt Z-9503
  </name>
  <category>
   Skirt
  </category>
  <size>
   S
  </size>
  <color>
   Голубой
  </color>
  <material>
   Нейлон
  </material>
  <price>
   950348
  </price>
  <rating>
   3.69
  </rating>
  <reviews>
   248599
  </reviews>
 </clothing>
 <clothing>
  <id>
   107956057
  </id>
  <name>
   PleinSport Shoes Z-6556
  </name>
  <category>
   Shoes
  </category>
  <size>
   XL
  </size>
  <color>
   Красный
  </color>
  <material>
   Вискоза
  </material>
  <price>
   546195
  </price>
  <rating>
   1.24
  </rating>
  <reviews>
   487921
  </reviews>
  <new>
   -
  </new>
  <sporty>
   no
  </sporty>
 </clothing>
 <clothing>
  <id>
   835978439
  </id>
  <name>
   Converse Pants Z-5146
  </name>
  <category>
   Pants
  </category>
  <size>
   M
  </size>
  <color>
   Голубой
  </color>
  <material>
   Хлопок
  </material>
  <price>
   814367
  </price>
  <rating>
   3.49
  </rating>
  <reviews>
   609967
  </reviews>
  <exclusive>
   yes
  </exclusive>
 </clothing>
 <clothing>
  <id>
   838018739
  </id>
  <name>
   Lacoste Umbrellas M-4924
  </name>
  <category>
   Umbrellas
  </category>
  <size>
   XL
  </size>
  <color>
   Фиолетовый
  </color>
  <material>
   Шелк
  </material>
  <price>
   145981
  </price>
  <rating>
   2.57
  </rating>
  <reviews>
   640943
  </reviews>
  <new>
   -
  </new>
  <exclusive>
   no
  </exclusive>
 </clothing>
 <clothing>
  <id>
   925766019
  </id>
  <name>
   Nike Sweater X-5631
  </name>
  <category>
   Sweater
  </category>
  <size>
   S
  </size>
  <color>
   Красный
  </color>
  <material>
   Нейлон
  </material>
  <price>
   782407
  </price>
  <rating>
   1.18
  </rating>
  <reviews>
   141720
  </reviews>
  <exclusive>
   yes
  </exclusive>
  <sporty>
   yes
  </sporty>
 </clothing>
 <clothing>
  <id>
   705803627
  </id>
  <name>
   Vans Umbrellas M-6983
  </name>
  <category>
   Umbrellas
  </category>
  <size>
   L
  </size>
  <color>
   Желтый
  </color>
  <material>
   Полиэстер
  </material>
  <price>
   233052
  </price>
  <rating>
   4.4
  </rating>
  <reviews>
   334594
  </reviews>
  <exclusive>
   no
  </exclusive>
  <sporty>
   no
  </sporty>
 </clothing>
 <clothing>
  <id>
   793945763
  </id>
  <name>
   Nike Skirt F-5366
  </name>
  <category>
   Skirt
  </category>
  <size>
   XXL
  </size>
  <color>
   Голубой
  </color>
  <material>
   Шерсть
  </material>
  <price>
   504054
  </price>
  <rating>
   3.32
  </rating>
  <reviews>
   408065
  </reviews>
  <new>
   -
  </new>
  <sporty>
   no
  </sporty>
 </clothing>
 <clothing>
  <id>
   368928664
  </id>
  <name>
   Asics Handbags N-2746
  </name>
  <category>
   Handbags
  </category>
  <size>
   M
  </size>
  <color>
   Голубой
  </color>
  <material>
   Вискоза
  </material>
  <price>
   604981
  </price>
  <rating>
   3.97
  </rating>
  <reviews>
   709461
  </reviews>
  <sporty>
   no
  </sporty>
 </clothing>
 <clothing>
  <id>
   809095565
  </id>
  <name>
   Asics Jacket R-5900
  </name>
  <category>
   Jacket
  </category>
  <size>
   XL
  </size>
  <color>
   Голубой
  </color>
  <material>
   Лен
  </material>
  <price>
   700935
  </price>
  <rating>
   2.06
  </rating>
  <reviews>
   287810
  </reviews>
  <new>
   -
  </new>
  <exclusive>
   yes
  </exclusive>
  <sporty>
   no
  </sporty>
 </clothing>
 <clothing>
  <id>
   924380914
  </id>
  <name>
   Asics Belts N-4324
  </name>
  <category>
   Belts
  </category>
  <size>
   XL
  </size>
  <color>
   Фиолетовый
  </color>
  <material>
   Нейлон
  </material>
  <price>
   724407
  </price>
  <rating>
   2.35
  </rating>
  <reviews>
   511005
  </reviews>
  <new>
   -
  </new>
  <sporty>
   no
  </sporty>
 </clothing>
 <clothing>
  <id>
   542505841
  </id>
  <name>
   Nike Jacket E-3712
  </name>
  <category>
   Jacket
  </category>
  <size>
   XXL
  </size>
  <color>
   Красный
  </color>
  <material>
   Шерсть
  </material>
  <price>
   962207
  </price>
  <rating>
   2.37
  </rating>
  <reviews>
   31879
  </reviews>
  <new>
   -
  </new>
  <exclusive>
   no
  </exclusive>
 </clothing>
 <clothing>
  <id>
   967010295
  </id>
  <name>
   Fila Handbags I-4410
  </name>
  <category>
   Handbags
  </category>
  <size>
   XL
  </size>
  <color>
   Красный
  </color>
  <material>
   Шелк
  </material>
  <price>
   808074
  </price>
  <rating>
   3.24
  </rating>
  <reviews>
   673332
  </reviews>
  <exclusive>
   no
  </exclusive>
  <sporty>
   yes
  </sporty>
 </clothing>
 <clothing>
  <id>
   113213684
  </id>
  <name>
   Converse Shirt J-6743
  </name>
  <category>
   Shirt
  </category>
  <size>
   XL
  </size>
  <color>
   Оранжевый
  </color>
  <material>
   Хлопок
  </material>
  <price>
   836425
  </price>
  <rating>
   1.08
  </rating>
  <reviews>
   993176
  </reviews>
  <new>
   -
  </new>
  <exclusive>
   yes
  </exclusive>
  <sporty>
   no
  </sporty>
 </clothing>
</clothing-items>
