<?xml version="1.0" encoding="utf-8"?>
<clothing-items>
 <clothing>
  <id>
   267343317
  </id>
  <name>
   Asics Shoes U-4309
  </name>
  <category>
   Shoes
  </category>
  <size>
   L
  </size>
  <color>
   Голубой
  </color>
  <material>
   Нейлон
  </material>
  <price>
   841733
  </price>
  <rating>
   4.65
  </rating>
  <reviews>
   449339
  </reviews>
  <exclusive>
   no
  </exclusive>
  <sporty>
   yes
  </sporty>
 </clothing>
 <clothing>
  <id>
   217555882
  </id>
  <name>
   Under Armour Hat H-8153
  </name>
  <category>
   Hat
  </category>
  <size>
   L
  </size>
  <color>
   Зеленый
  </color>
  <material>
   Кожа
  </material>
  <price>
   765689
  </price>
  <rating>
   1.39
  </rating>
  <reviews>
   84727
  </reviews>
  <sporty>
   no
  </sporty>
 </clothing>
 <clothing>
  <id>
   293607429
  </id>
  <name>
   Addidas Pants V-9187
  </name>
  <category>
   Pants
  </category>
  <size>
   XL
  </size>
  <color>
   Синий
  </color>
  <material>
   Лен
  </material>
  <price>
   885245
  </price>
  <rating>
   1.89
  </rating>
  <reviews>
   984821
  </reviews>
  <exclusive>
   no
  </exclusive>
  <sporty>
   yes
  </sporty>
 </clothing>
 <clothing>
  <id>
   509339825
  </id>
  <name>
   New Balance Hat W-4131
  </name>
  <category>
   Hat
  </category>
  <size>
   S
  </size>
  <color>
   Голубой
  </color>
  <material>
   Лен
  </material>
  <price>
   148376
  </price>
  <rating>
   4.94
  </rating>
  <reviews>
   551022
  </reviews>
 </clothing>
 <clothing>
  <id>
   293229629
  </id>
  <name>
   Ellesse Blouse C-5218
  </name>
  <category>
   Blouse
  </category>
  <size>
   XXL
  </size>
  <color>
   Желтый
  </color>
  <material>
   Лен
  </material>
  <price>
   387672
  </price>
  <rating>
   4.14
  </rating>
  <reviews>
   802038
  </reviews>
  <new>
   -
  </new>
  <exclusive>
   yes
  </exclusive>
  <sporty>
   yes
  </sporty>
 </clothing>
 <clothing>
  <id>
   562762917
  </id>
  <name>
   Reebok T-shirt B-6838
  </name>
  <category>
   T-shirt
  </category>
  <size>
   S
  </size>
  <color>
   Фиолетовый
  </color>
  <material>
   Нейлон
  </material>
  <price>
   575034
  </price>
  <rating>
   1.94
  </rating>
  <reviews>
   250674
  </reviews>
  <exclusive>
   no
  </exclusive>
 </clothing>
 <clothing>
  <id>
   435287499
  </id>
  <name>
   Brooks Dress N-8316
  </name>
  <category>
   Dress
  </category>
  <size>
   XL
  </size>
  <color>
   Фиолетовый
  </color>
  <material>
   Нейлон
  </material>
  <price>
   831595
  </price>
  <rating>
   3.48
  </rating>
  <reviews>
   585247
  </reviews>
  <new>
   -
  </new>
 </clothing>
 <clothing>
  <id>
   514872673
  </id>
  <name>
   Adidas Jeans Z-3134
  </name>
  <category>
   Jeans
  </category>
  <size>
   S
  </size>
  <color>
   Фиолетовый
  </color>
  <material>
   Шелк
  </material>
  <price>
   220518
  </price>
  <rating>
   3.7
  </rating>
  <reviews>
   889779
  </reviews>
  <new>
   +
  </new>
  <exclusive>
   yes
  </exclusive>
 </clothing>
 <clothing>
  <id>
   660128187
  </id>
  <name>
   Converse Gloves J-3557
  </name>
  <category>
   Gloves
  </category>
  <size>
   S
  </size>
  <color>
   Оранжевый
  </color>
  <material>
   Шелк
  </material>
  <price>
   600014
  </price>
  <rating>
   2.99
  </rating>
  <reviews>
   720309
  </reviews>
  <new>
   -
  </new>
  <exclusive>
   yes
  </exclusive>
  <sporty>
   no
  </sporty>
 </clothing>
 <clothing>
  <id>
   565825328
  </id>
  <name>
   Nike Pants F-4204
  </name>
  <category>
   Pants
  </category>
  <size>
   XL
  </size>
  <color>
   Желтый
  </color>
  <material>
   Полиэстер
  </material>
  <price>
   734478
  </price>
  <rating>
   4.92
  </rating>
  <reviews>
   484398
  </reviews>
  <sporty>
   yes
  </sporty>
 </clothing>
 <clothing>
  <id>
   174653488
  </id>
  <name>
   Puma Umbrellas X-6570
  </name>
  <category>
   Umbrellas
  </category>
  <size>
   XXL
  </size>
  <color>
   Синий
  </color>
  <material>
   Вискоза
  </material>
  <price>
   600569
  </price>
  <rating>
   4.74
  </rating>
  <reviews>
   432943
  </reviews>
  <exclusive>
   no
  </exclusive>
 </clothing>
 <clothing>
  <id>
   976408659
  </id>
  <name>
   Under Armour Shoes G-3597
  </name>
  <category>
   Shoes
  </category>
  <size>
   L
  </size>
  <color>
   Красный
  </color>
  <material>
   Лен
  </material>
  <price>
   504494
  </price>
  <rating>
   4.29
  </rating>
  <reviews>
   778436
  </reviews>
  <exclusive>
   yes
  </exclusive>
 </clothing>
 <clothing>
  <id>
   982386515
  </id>
  <name>
   Ellesse Handbags I-9726
  </name>
  <category>
   Handbags
  </category>
  <size>
   M
  </size>
  <color>
   Желтый
  </color>
  <material>
   Вискоза
  </material>
  <price>
   337708
  </price>
  <rating>
   1.5
  </rating>
  <reviews>
   314042
  </reviews>
  <new>
   +
  </new>
  <exclusive>
   yes
  </exclusive>
 </clothing>
 <clothing>
  <id>
   521830264
  </id>
  <name>
   Brooks Gloves K-4224
  </name>
  <category>
   Gloves
  </category>
  <size>
   XL
  </size>
  <color>
   Голубой
  </color>
  <material>
   Хлопок
  </material>
  <price>
   613174
  </price>
  <rating>
   2.19
  </rating>
  <reviews>
   165726
  </reviews>
  <new>
   -
  </new>
  <exclusive>
   yes
  </exclusive>
 </clothing>
 <clothing>
  <id>
   895950991
  </id>
  <name>
   Brooks Hat V-5872
  </name>
  <category>
   Hat
  </category>
  <size>
   S
  </size>
  <color>
   Фиолетовый
  </color>
  <material>
   Нейлон
  </material>
  <price>
   548797
  </price>
  <rating>
   2.23
  </rating>
  <reviews>
   907260
  </reviews>
  <new>
   -
  </new>
  <exclusive>
   no
  </exclusive>
  <sporty>
   yes
  </sporty>
 </clothing>
 <clothing>
  <id>
   745592012
  </id>
  <name>
   Adidas Gloves T-4263
  </name>
  <category>
   Gloves
  </category>
  <size>
   XXL
  </size>
  <color>
   Фиолетовый
  </color>
  <material>
   Шерсть
  </material>
  <price>
   962533
  </price>
  <rating>
   4.28
  </rating>
  <reviews>
   500635
  </reviews>
  <exclusive>
   yes
  </exclusive>
 </clothing>
 <clothing>
  <id>
   795803152
  </id>
  <name>
   Under Armour Dress M-7183
  </name>
  <category>
   Dress
  </category>
  <size>
   XL
  </size>
  <color>
   Фиолетовый
  </color>
  <material>
   Хлопок
  </material>
  <price>
   507143
  </price>
  <rating>
   2.04
  </rating>
  <reviews>
   283564
  </reviews>
  <sporty>
   no
  </sporty>
 </clothing>
 <clothing>
  <id>
   621442399
  </id>
  <name>
   Nike Dress A-6031
  </name>
  <category>
   Dress
  </category>
  <size>
   XL
  </size>
  <color>
   Красный
  </color>
  <material>
   Полиэстер
  </material>
  <price>
   135782
  </price>
  <rating>
   2.61
  </rating>
  <reviews>
   259518
  </reviews>
  <sporty>
   no
  </sporty>
 </clothing>
 <clothing>
  <id>
   493307427
  </id>
  <name>
   Lacoste Dress P-5247
  </name>
  <category>
   Dress
  </category>
  <size>
   XL
  </size>
  <color>
   Фиолетовый
  </color>
  <material>
   Кожа
  </material>
  <price>
   287077
  </price>
  <rating>
   2.84
  </rating>
  <reviews>
   4737
  </reviews>
  <new>
   -
  </new>
  <exclusive>
   no
  </exclusive>
  <sporty>
   yes
  </sporty>
 </clothing>
 <clothing>
  <id>
   163368358
  </id>
  <name>
   DC Skirt Q-5768
  </name>
  <category>
   Skirt
  </category>
  <size>
   XL
  </size>
  <color>
   Фиолетовый
  </color>
  <material>
   Шелк
  </material>
  <price>
   947386
  </price>
  <rating>
   2.38
  </rating>
  <reviews>
   986290
  </reviews>
 </clothing>
 <clothing>
  <id>
   652823216
  </id>
  <name>
   Converse Gloves T-4658
  </name>
  <category>
   Gloves
  </category>
  <size>
   S
  </size>
  <color>
   Красный
  </color>
  <material>
   Кожа
  </material>
  <price>
   207639
  </price>
  <rating>
   1.67
  </rating>
  <reviews>
   260958
  </reviews>
  <new>
   +
  </new>
 </clothing>
</clothing-items>
