<?xml version="1.0" encoding="utf-8"?>
<clothing-items>
 <clothing>
  <id>
   377993323
  </id>
  <name>
   Reebok Gloves C-1174
  </name>
  <category>
   Gloves
  </category>
  <size>
   M
  </size>
  <color>
   Синий
  </color>
  <material>
   Кожа
  </material>
  <price>
   446615
  </price>
  <rating>
   1.64
  </rating>
  <reviews>
   908320
  </reviews>
  <new>
   +
  </new>
  <exclusive>
   yes
  </exclusive>
  <sporty>
   yes
  </sporty>
 </clothing>
 <clothing>
  <id>
   337041275
  </id>
  <name>
   Under Armour Jacket S-9523
  </name>
  <category>
   Jacket
  </category>
  <size>
   XXL
  </size>
  <color>
   Голубой
  </color>
  <material>
   Полиэстер
  </material>
  <price>
   507011
  </price>
  <rating>
   1.9
  </rating>
  <reviews>
   509681
  </reviews>
  <exclusive>
   no
  </exclusive>
 </clothing>
 <clothing>
  <id>
   136114546
  </id>
  <name>
   Converse Handbags X-7051
  </name>
  <category>
   Handbags
  </category>
  <size>
   XXL
  </size>
  <color>
   Фиолетовый
  </color>
  <material>
   Лен
  </material>
  <price>
   391306
  </price>
  <rating>
   2.17
  </rating>
  <reviews>
   382248
  </reviews>
  <new>
   -
  </new>
 </clothing>
 <clothing>
  <id>
   171771373
  </id>
  <name>
   Vans Belts T-7095
  </name>
  <category>
   Belts
  </category>
  <size>
   XL
  </size>
  <color>
   Оранжевый
  </color>
  <material>
   Шелк
  </material>
  <price>
   411848
  </price>
  <rating>
   2.54
  </rating>
  <reviews>
   165634
  </reviews>
 </clothing>
 <clothing>
  <id>
   237175119
  </id>
  <name>
   DC Socks Q-9022
  </name>
  <category>
   Socks
  </category>
  <size>
   XXL
  </size>
  <color>
   Оранжевый
  </color>
  <material>
   Вискоза
  </material>
  <price>
   290862
  </price>
  <rating>
   2.26
  </rating>
  <reviews>
   11999
  </reviews>
  <exclusive>
   no
  </exclusive>
 </clothing>
 <clothing>
  <id>
   315753720
  </id>
  <name>
   Lacoste Shoes F-4418
  </name>
  <category>
   Shoes
  </category>
  <size>
   XXL
  </size>
  <color>
   Зеленый
  </color>
  <material>
   Полиэстер
  </material>
  <price>
   944393
  </price>
  <rating>
   3.35
  </rating>
  <reviews>
   292770
  </reviews>
 </clothing>
 <clothing>
  <id>
   768348884
  </id>
  <name>
   Ellesse Shirt Y-5125
  </name>
  <category>
   Shirt
  </category>
  <size>
   L
  </size>
  <color>
   Синий
  </color>
  <material>
   Нейлон
  </material>
  <price>
   647065
  </price>
  <rating>
   1.56
  </rating>
  <reviews>
   461889
  </reviews>
  <sporty>
   no
  </sporty>
 </clothing>
 <clothing>
  <id>
   841321458
  </id>
  <name>
   Reebok Hat R-6590
  </name>
  <category>
   Hat
  </category>
  <size>
   XXL
  </size>
  <color>
   Синий
  </color>
  <material>
   Нейлон
  </material>
  <price>
   983836
  </price>
  <rating>
   2.28
  </rating>
  <reviews>
   701372
  </reviews>
  <exclusive>
   no
  </exclusive>
  <sporty>
   yes
  </sporty>
 </clothing>
 <clothing>
  <id>
   200438365
  </id>
  <name>
   PleinSport Blouse M-4221
  </name>
  <category>
   Blouse
  </category>
  <size>
   XL
  </size>
  <color>
   Оранжевый
  </color>
  <material>
   Шерсть
  </material>
  <price>
   852487
  </price>
  <rating>
   1.74
  </rating>
  <reviews>
   387493
  </reviews>
  <new>
   +
  </new>
  <sporty>
   no
  </sporty>
 </clothing>
 <clothing>
  <id>
   744609423
  </id>
  <name>
   Converse Handbags J-5279
  </name>
  <category>
   Handbags
  </category>
  <size>
   XL
  </size>
  <color>
   Синий
  </color>
  <material>
   Вискоза
  </material>
  <price>
   384273
  </price>
  <rating>
   1.3
  </rating>
  <reviews>
   20069
  </reviews>
  <new>
   +
  </new>
  <sporty>
   no
  </sporty>
 </clothing>
 <clothing>
  <id>
   927083026
  </id>
  <name>
   Lacoste Skirt T-7147
  </name>
  <category>
   Skirt
  </category>
  <size>
   XXL
  </size>
  <color>
   Желтый
  </color>
  <material>
   Вискоза
  </material>
  <price>
   628300
  </price>
  <rating>
   2.5
  </rating>
  <reviews>
   511727
  </reviews>
  <exclusive>
   no
  </exclusive>
  <sporty>
   yes
  </sporty>
 </clothing>
</clothing-items>
