<?xml version="1.0" encoding="utf-8"?>
<clothing-items>
 <clothing>
  <id>
   277544726
  </id>
  <name>
   Reebok Socks R-1414
  </name>
  <category>
   Socks
  </category>
  <size>
   XL
  </size>
  <color>
   Желтый
  </color>
  <material>
   Полиэстер
  </material>
  <price>
   397024
  </price>
  <rating>
   4.95
  </rating>
  <reviews>
   298928
  </reviews>
 </clothing>
 <clothing>
  <id>
   927433914
  </id>
  <name>
   Nike Gloves R-7336
  </name>
  <category>
   Gloves
  </category>
  <size>
   S
  </size>
  <color>
   Фиолетовый
  </color>
  <material>
   Кожа
  </material>
  <price>
   799274
  </price>
  <rating>
   4.14
  </rating>
  <reviews>
   2935
  </reviews>
  <new>
   +
  </new>
  <exclusive>
   yes
  </exclusive>
  <sporty>
   yes
  </sporty>
 </clothing>
 <clothing>
  <id>
   458814315
  </id>
  <name>
   Converse Blouse L-6859
  </name>
  <category>
   Blouse
  </category>
  <size>
   XXL
  </size>
  <color>
   Голубой
  </color>
  <material>
   Полиэстер
  </material>
  <price>
   452971
  </price>
  <rating>
   1.14
  </rating>
  <reviews>
   164419
  </reviews>
  <new>
   -
  </new>
  <sporty>
   yes
  </sporty>
 </clothing>
 <clothing>
  <id>
   184792586
  </id>
  <name>
   Brooks Shirt G-6133
  </name>
  <category>
   Shirt
  </category>
  <size>
   M
  </size>
  <color>
   Синий
  </color>
  <material>
   Шерсть
  </material>
  <price>
   987033
  </price>
  <rating>
   3.39
  </rating>
  <reviews>
   501278
  </reviews>
  <new>
   +
  </new>
 </clothing>
 <clothing>
  <id>
   248890850
  </id>
  <name>
   Converse Hat N-6476
  </name>
  <category>
   Hat
  </category>
  <size>
   XXL
  </size>
  <color>
   Фиолетовый
  </color>
  <material>
   Лен
  </material>
  <price>
   198393
  </price>
  <rating>
   3.2
  </rating>
  <reviews>
   922312
  </reviews>
  <new>
   -
  </new>
  <sporty>
   yes
  </sporty>
 </clothing>
 <clothing>
  <id>
   665165046
  </id>
  <name>
   Brooks Belts F-3179
  </name>
  <category>
   Belts
  </category>
  <size>
   M
  </size>
  <color>
   Красный
  </color>
  <material>
   Лен
  </material>
  <price>
   470759
  </price>
  <rating>
   4.9
  </rating>
  <reviews>
   504990
  </reviews>
  <exclusive>
   no
  </exclusive>
  <sporty>
   yes
  </sporty>
 </clothing>
 <clothing>
  <id>
   231371988
  </id>
  <name>
   Ellesse Blouse Q-5900
  </name>
  <category>
   Blouse
  </category>
  <size>
   XL
  </size>
  <color>
   Красный
  </color>
  <material>
   Вискоза
  </material>
  <price>
   398341
  </price>
  <rating>
   3.46
  </rating>
  <reviews>
   240575
  </reviews>
  <sporty>
   yes
  </sporty>
 </clothing>
 <clothing>
  <id>
   252553545
  </id>
  <name>
   Brooks Shoes N-9315
  </name>
  <category>
   Shoes
  </category>
  <size>
   S
  </size>
  <color>
   Оранжевый
  </color>
  <material>
   Нейлон
  </material>
  <price>
   684947
  </price>
  <rating>
   4.53
  </rating>
  <reviews>
   442245
  </reviews>
  <new>
   +
  </new>
 </clothing>
 <clothing>
  <id>
   440711766
  </id>
  <name>
   Reebok Hat G-1279
  </name>
  <category>
   Hat
  </category>
  <size>
   XL
  </size>
  <color>
   Голубой
  </color>
  <material>
   Кожа
  </material>
  <price>
   428743
  </price>
  <rating>
   1.25
  </rating>
  <reviews>
   77530
  </reviews>
  <new>
   -
  </new>
  <exclusive>
   no
  </exclusive>
 </clothing>
 <clothing>
  <id>
   878851510
  </id>
  <name>
   Adidas Belts A-7549
  </name>
  <category>
   Belts
  </category>
  <size>
   XL
  </size>
  <color>
   Красный
  </color>
  <material>
   Вискоза
  </material>
  <price>
   147825
  </price>
  <rating>
   4.58
  </rating>
  <reviews>
   575852
  </reviews>
  <new>
   -
  </new>
  <exclusive>
   no
  </exclusive>
 </clothing>
</clothing-items>
