<?xml version="1.0" encoding="utf-8"?>
<clothing-items>
 <clothing>
  <id>
   857770078
  </id>
  <name>
   Lacoste Umbrellas C-5268
  </name>
  <category>
   Umbrellas
  </category>
  <size>
   XXL
  </size>
  <color>
   Зеленый
  </color>
  <material>
   Нейлон
  </material>
  <price>
   417475
  </price>
  <rating>
   4.79
  </rating>
  <reviews>
   523766
  </reviews>
  <sporty>
   yes
  </sporty>
 </clothing>
 <clothing>
  <id>
   772593096
  </id>
  <name>
   New Balance Handbags G-8758
  </name>
  <category>
   Handbags
  </category>
  <size>
   S
  </size>
  <color>
   Оранжевый
  </color>
  <material>
   Хлопок
  </material>
  <price>
   266203
  </price>
  <rating>
   4.77
  </rating>
  <reviews>
   434022
  </reviews>
  <new>
   +
  </new>
  <sporty>
   yes
  </sporty>
 </clothing>
 <clothing>
  <id>
   606490112
  </id>
  <name>
   DC Umbrellas J-7196
  </name>
  <category>
   Umbrellas
  </category>
  <size>
   S
  </size>
  <color>
   Желтый
  </color>
  <material>
   Лен
  </material>
  <price>
   730985
  </price>
  <rating>
   4.11
  </rating>
  <reviews>
   217983
  </reviews>
  <new>
   -
  </new>
  <exclusive>
   yes
  </exclusive>
 </clothing>
 <clothing>
  <id>
   607620172
  </id>
  <name>
   Vans Jeans P-3540
  </name>
  <category>
   Jeans
  </category>
  <size>
   XXL
  </size>
  <color>
   Синий
  </color>
  <material>
   Шерсть
  </material>
  <price>
   416011
  </price>
  <rating>
   1.93
  </rating>
  <reviews>
   426292
  </reviews>
  <exclusive>
   no
  </exclusive>
  <sporty>
   no
  </sporty>
 </clothing>
 <clothing>
  <id>
   231329750
  </id>
  <name>
   Adidas T-shirt A-3295
  </name>
  <category>
   T-shirt
  </category>
  <size>
   M
  </size>
  <color>
   Оранжевый
  </color>
  <material>
   Нейлон
  </material>
  <price>
   739678
  </price>
  <rating>
   2.24
  </rating>
  <reviews>
   350802
  </reviews>
  <exclusive>
   yes
  </exclusive>
 </clothing>
 <clothing>
  <id>
   833864304
  </id>
  <name>
   Fila Sweater E-2551
  </name>
  <category>
   Sweater
  </category>
  <size>
   M
  </size>
  <color>
   Голубой
  </color>
  <material>
   Шелк
  </material>
  <price>
   455912
  </price>
  <rating>
   1.02
  </rating>
  <reviews>
   682239
  </reviews>
  <new>
   -
  </new>
  <exclusive>
   yes
  </exclusive>
  <sporty>
   no
  </sporty>
 </clothing>
 <clothing>
  <id>
   957892594
  </id>
  <name>
   Adidas Gloves U-3538
  </name>
  <category>
   Gloves
  </category>
  <size>
   XXL
  </size>
  <color>
   Голубой
  </color>
  <material>
   Шелк
  </material>
  <price>
   517542
  </price>
  <rating>
   4.25
  </rating>
  <reviews>
   820682
  </reviews>
  <new>
   +
  </new>
 </clothing>
 <clothing>
  <id>
   107445452
  </id>
  <name>
   Puma Handbags Q-3324
  </name>
  <category>
   Handbags
  </category>
  <size>
   M
  </size>
  <color>
   Фиолетовый
  </color>
  <material>
   Вискоза
  </material>
  <price>
   816638
  </price>
  <rating>
   1.58
  </rating>
  <reviews>
   434171
  </reviews>
  <new>
   -
  </new>
 </clothing>
 <clothing>
  <id>
   836508752
  </id>
  <name>
   PleinSport Handbags N-9388
  </name>
  <category>
   Handbags
  </category>
  <size>
   L
  </size>
  <color>
   Зеленый
  </color>
  <material>
   Шерсть
  </material>
  <price>
   357364
  </price>
  <rating>
   2.12
  </rating>
  <reviews>
   197482
  </reviews>
  <exclusive>
   no
  </exclusive>
  <sporty>
   no
  </sporty>
 </clothing>
 <clothing>
  <id>
   928038672
  </id>
  <name>
   Ellesse T-shirt N-1883
  </name>
  <category>
   T-shirt
  </category>
  <size>
   XL
  </size>
  <color>
   Синий
  </color>
  <material>
   Шелк
  </material>
  <price>
   279089
  </price>
  <rating>
   2.03
  </rating>
  <reviews>
   850812
  </reviews>
  <sporty>
   no
  </sporty>
 </clothing>
 <clothing>
  <id>
   642500788
  </id>
  <name>
   Reebok Belts D-8854
  </name>
  <category>
   Belts
  </category>
  <size>
   L
  </size>
  <color>
   Зеленый
  </color>
  <material>
   Нейлон
  </material>
  <price>
   957517
  </price>
  <rating>
   1.81
  </rating>
  <reviews>
   842285
  </reviews>
  <sporty>
   yes
  </sporty>
 </clothing>
 <clothing>
  <id>
   235318605
  </id>
  <name>
   Puma Jacket U-4496
  </name>
  <category>
   Jacket
  </category>
  <size>
   XXL
  </size>
  <color>
   Зеленый
  </color>
  <material>
   Вискоза
  </material>
  <price>
   161477
  </price>
  <rating>
   2.37
  </rating>
  <reviews>
   361507
  </reviews>
 </clothing>
 <clothing>
  <id>
   510186023
  </id>
  <name>
   Adidas Dress I-6467
  </name>
  <category>
   Dress
  </category>
  <size>
   M
  </size>
  <color>
   Красный
  </color>
  <material>
   Хлопок
  </material>
  <price>
   831652
  </price>
  <rating>
   2.13
  </rating>
  <reviews>
   565381
  </reviews>
  <exclusive>
   no
  </exclusive>
  <sporty>
   no
  </sporty>
 </clothing>
 <clothing>
  <id>
   222571074
  </id>
  <name>
   New Balance Shoes J-3420
  </name>
  <category>
   Shoes
  </category>
  <size>
   S
  </size>
  <color>
   Синий
  </color>
  <material>
   Хлопок
  </material>
  <price>
   972315
  </price>
  <rating>
   4.66
  </rating>
  <reviews>
   272675
  </reviews>
  <new>
   +
  </new>
  <exclusive>
   no
  </exclusive>
  <sporty>
   no
  </sporty>
 </clothing>
 <clothing>
  <id>
   581309173
  </id>
  <name>
   New Balance Socks L-5976
  </name>
  <category>
   Socks
  </category>
  <size>
   XXL
  </size>
  <color>
   Красный
  </color>
  <material>
   Хлопок
  </material>
  <price>
   806591
  </price>
  <rating>
   3.7
  </rating>
  <reviews>
   235179
  </reviews>
  <new>
   +
  </new>
 </clothing>
 <clothing>
  <id>
   943937617
  </id>
  <name>
   Reebok Pants T-2190
  </name>
  <category>
   Pants
  </category>
  <size>
   S
  </size>
  <color>
   Оранжевый
  </color>
  <material>
   Вискоза
  </material>
  <price>
   125257
  </price>
  <rating>
   4.77
  </rating>
  <reviews>
   336031
  </reviews>
  <exclusive>
   no
  </exclusive>
  <sporty>
   no
  </sporty>
 </clothing>
 <clothing>
  <id>
   222728506
  </id>
  <name>
   Ellesse Blouse T-4021
  </name>
  <category>
   Blouse
  </category>
  <size>
   L
  </size>
  <color>
   Зеленый
  </color>
  <material>
   Шерсть
  </material>
  <price>
   884220
  </price>
  <rating>
   3.62
  </rating>
  <reviews>
   183155
  </reviews>
  <new>
   -
  </new>
  <exclusive>
   no
  </exclusive>
 </clothing>
 <clothing>
  <id>
   853676658
  </id>
  <name>
   Puma Gloves I-3652
  </name>
  <category>
   Gloves
  </category>
  <size>
   XXL
  </size>
  <color>
   Красный
  </color>
  <material>
   Вискоза
  </material>
  <price>
   264319
  </price>
  <rating>
   2.89
  </rating>
  <reviews>
   932028
  </reviews>
  <new>
   -
  </new>
  <exclusive>
   yes
  </exclusive>
  <sporty>
   yes
  </sporty>
 </clothing>
 <clothing>
  <id>
   146818145
  </id>
  <name>
   Ellesse Skirt B-6065
  </name>
  <category>
   Skirt
  </category>
  <size>
   XL
  </size>
  <color>
   Красный
  </color>
  <material>
   Хлопок
  </material>
  <price>
   764447
  </price>
  <rating>
   2.67
  </rating>
  <reviews>
   941154
  </reviews>
  <exclusive>
   no
  </exclusive>
 </clothing>
 <clothing>
  <id>
   772828298
  </id>
  <name>
   Fila Socks P-8924
  </name>
  <category>
   Socks
  </category>
  <size>
   XL
  </size>
  <color>
   Желтый
  </color>
  <material>
   Лен
  </material>
  <price>
   171337
  </price>
  <rating>
   2.18
  </rating>
  <reviews>
   282658
  </reviews>
 </clothing>
 <clothing>
  <id>
   600003572
  </id>
  <name>
   Ellesse Jacket O-4740
  </name>
  <category>
   Jacket
  </category>
  <size>
   S
  </size>
  <color>
   Голубой
  </color>
  <material>
   Вискоза
  </material>
  <price>
   951726
  </price>
  <rating>
   1.7
  </rating>
  <reviews>
   872281
  </reviews>
  <new>
   -
  </new>
  <exclusive>
   yes
  </exclusive>
 </clothing>
 <clothing>
  <id>
   367115749
  </id>
  <name>
   Under Armour Sweater D-3739
  </name>
  <category>
   Sweater
  </category>
  <size>
   L
  </size>
  <color>
   Фиолетовый
  </color>
  <material>
   Шелк
  </material>
  <price>
   160324
  </price>
  <rating>
   1.1
  </rating>
  <reviews>
   520696
  </reviews>
 </clothing>
 <clothing>
  <id>
   834122366
  </id>
  <name>
   Under Armour Skirt P-8056
  </name>
  <category>
   Skirt
  </category>
  <size>
   XL
  </size>
  <color>
   Голубой
  </color>
  <material>
   Шелк
  </material>
  <price>
   596686
  </price>
  <rating>
   1.13
  </rating>
  <reviews>
   639443
  </reviews>
  <sporty>
   yes
  </sporty>
 </clothing>
 <clothing>
  <id>
   797448905
  </id>
  <name>
   Reebok Belts U-7728
  </name>
  <category>
   Belts
  </category>
  <size>
   XXL
  </size>
  <color>
   Оранжевый
  </color>
  <material>
   Хлопок
  </material>
  <price>
   363636
  </price>
  <rating>
   3.47
  </rating>
  <reviews>
   662834
  </reviews>
  <new>
   -
  </new>
  <sporty>
   yes
  </sporty>
 </clothing>
 <clothing>
  <id>
   800243357
  </id>
  <name>
   Puma Shirt J-3383
  </name>
  <category>
   Shirt
  </category>
  <size>
   L
  </size>
  <color>
   Голубой
  </color>
  <material>
   Шерсть
  </material>
  <price>
   872156
  </price>
  <rating>
   4.2
  </rating>
  <reviews>
   543044
  </reviews>
  <new>
   +
  </new>
  <exclusive>
   no
  </exclusive>
 </clothing>
 <clothing>
  <id>
   794723889
  </id>
  <name>
   Nike Belts L-6875
  </name>
  <category>
   Belts
  </category>
  <size>
   XXL
  </size>
  <color>
   Желтый
  </color>
  <material>
   Шерсть
  </material>
  <price>
   813575
  </price>
  <rating>
   3.68
  </rating>
  <reviews>
   150093
  </reviews>
  <sporty>
   no
  </sporty>
 </clothing>
 <clothing>
  <id>
   175469354
  </id>
  <name>
   Brooks Dress M-2729
  </name>
  <category>
   Dress
  </category>
  <size>
   L
  </size>
  <color>
   Оранжевый
  </color>
  <material>
   Вискоза
  </material>
  <price>
   819386
  </price>
  <rating>
   4.23
  </rating>
  <reviews>
   324041
  </reviews>
  <new>
   -
  </new>
  <exclusive>
   yes
  </exclusive>
 </clothing>
 <clothing>
  <id>
   815949229
  </id>
  <name>
   Nike Shoes W-8000
  </name>
  <category>
   Shoes
  </category>
  <size>
   L
  </size>
  <color>
   Зеленый
  </color>
  <material>
   Полиэстер
  </material>
  <price>
   941657
  </price>
  <rating>
   1.1
  </rating>
  <reviews>
   292630
  </reviews>
  <new>
   +
  </new>
  <exclusive>
   no
  </exclusive>
  <sporty>
   no
  </sporty>
 </clothing>
 <clothing>
  <id>
   467094981
  </id>
  <name>
   Under Armour Jacket L-9911
  </name>
  <category>
   Jacket
  </category>
  <size>
   M
  </size>
  <color>
   Голубой
  </color>
  <material>
   Лен
  </material>
  <price>
   886915
  </price>
  <rating>
   4.97
  </rating>
  <reviews>
   750612
  </reviews>
  <sporty>
   no
  </sporty>
 </clothing>
 <clothing>
  <id>
   171543963
  </id>
  <name>
   Fila Sweater F-3799
  </name>
  <category>
   Sweater
  </category>
  <size>
   XXL
  </size>
  <color>
   Фиолетовый
  </color>
  <material>
   Лен
  </material>
  <price>
   437354
  </price>
  <rating>
   2.34
  </rating>
  <reviews>
   535000
  </reviews>
  <exclusive>
   yes
  </exclusive>
 </clothing>
 <clothing>
  <id>
   256741304
  </id>
  <name>
   Ellesse Socks C-3422
  </name>
  <category>
   Socks
  </category>
  <size>
   L
  </size>
  <color>
   Оранжевый
  </color>
  <material>
   Нейлон
  </material>
  <price>
   142345
  </price>
  <rating>
   4.75
  </rating>
  <reviews>
   837668
  </reviews>
  <exclusive>
   yes
  </exclusive>
  <sporty>
   no
  </sporty>
 </clothing>
 <clothing>
  <id>
   914627733
  </id>
  <name>
   Converse Blouse T-4958
  </name>
  <category>
   Blouse
  </category>
  <size>
   S
  </size>
  <color>
   Оранжевый
  </color>
  <material>
   Кожа
  </material>
  <price>
   741989
  </price>
  <rating>
   2.47
  </rating>
  <reviews>
   942935
  </reviews>
  <new>
   -
  </new>
  <sporty>
   yes
  </sporty>
 </clothing>
 <clothing>
  <id>
   425380731
  </id>
  <name>
   Adidas Socks E-8098
  </name>
  <category>
   Socks
  </category>
  <size>
   L
  </size>
  <color>
   Синий
  </color>
  <material>
   Кожа
  </material>
  <price>
   929703
  </price>
  <rating>
   1.43
  </rating>
  <reviews>
   543667
  </reviews>
  <new>
   -
  </new>
  <exclusive>
   no
  </exclusive>
  <sporty>
   no
  </sporty>
 </clothing>
 <clothing>
  <id>
   874444719
  </id>
  <name>
   DC Gloves H-6651
  </name>
  <category>
   Gloves
  </category>
  <size>
   L
  </size>
  <color>
   Оранжевый
  </color>
  <material>
   Шерсть
  </material>
  <price>
   187961
  </price>
  <rating>
   4.97
  </rating>
  <reviews>
   740833
  </reviews>
  <new>
   -
  </new>
  <sporty>
   no
  </sporty>
 </clothing>
 <clothing>
  <id>
   808916274
  </id>
  <name>
   Reebok Sweater B-1694
  </name>
  <category>
   Sweater
  </category>
  <size>
   S
  </size>
  <color>
   Фиолетовый
  </color>
  <material>
   Кожа
  </material>
  <price>
   863410
  </price>
  <rating>
   4.01
  </rating>
  <reviews>
   277145
  </reviews>
  <new>
   +
  </new>
 </clothing>
 <clothing>
  <id>
   526705676
  </id>
  <name>
   Lacoste T-shirt Q-6767
  </name>
  <category>
   T-shirt
  </category>
  <size>
   L
  </size>
  <color>
   Голубой
  </color>
  <material>
   Лен
  </material>
  <price>
   304079
  </price>
  <rating>
   4.64
  </rating>
  <reviews>
   292083
  </reviews>
  <exclusive>
   no
  </exclusive>
  <sporty>
   yes
  </sporty>
 </clothing>
 <clothing>
  <id>
   472957815
  </id>
  <name>
   Addidas Umbrellas K-8985
  </name>
  <category>
   Umbrellas
  </category>
  <size>
   S
  </size>
  <color>
   Оранжевый
  </color>
  <material>
   Шерсть
  </material>
  <price>
   871705
  </price>
  <rating>
   1.87
  </rating>
  <reviews>
   192923
  </reviews>
  <sporty>
   no
  </sporty>
 </clothing>
 <clothing>
  <id>
   586437225
  </id>
  <name>
   DC Blouse V-7252
  </name>
  <category>
   Blouse
  </category>
  <size>
   M
  </size>
  <color>
   Желтый
  </color>
  <material>
   Нейлон
  </material>
  <price>
   700029
  </price>
  <rating>
   4.01
  </rating>
  <reviews>
   77188
  </reviews>
 </clothing>
 <clothing>
  <id>
   478215958
  </id>
  <name>
   Puma Jeans S-5843
  </name>
  <category>
   Jeans
  </category>
  <size>
   XL
  </size>
  <color>
   Зеленый
  </color>
  <material>
   Хлопок
  </material>
  <price>
   363315
  </price>
  <rating>
   3.43
  </rating>
  <reviews>
   927228
  </reviews>
  <new>
   -
  </new>
  <exclusive>
   yes
  </exclusive>
  <sporty>
   no
  </sporty>
 </clothing>
 <clothing>
  <id>
   949778271
  </id>
  <name>
   Adidas T-shirt V-1126
  </name>
  <category>
   T-shirt
  </category>
  <size>
   M
  </size>
  <color>
   Синий
  </color>
  <material>
   Хлопок
  </material>
  <price>
   940850
  </price>
  <rating>
   3.19
  </rating>
  <reviews>
   289426
  </reviews>
  <sporty>
   no
  </sporty>
 </clothing>
 <clothing>
  <id>
   531084013
  </id>
  <name>
   Reebok Skirt G-7062
  </name>
  <category>
   Skirt
  </category>
  <size>
   S
  </size>
  <color>
   Зеленый
  </color>
  <material>
   Полиэстер
  </material>
  <price>
   693521
  </price>
  <rating>
   3.92
  </rating>
  <reviews>
   942954
  </reviews>
  <sporty>
   no
  </sporty>
 </clothing>
 <clothing>
  <id>
   228699692
  </id>
  <name>
   Lacoste Dress J-5277
  </name>
  <category>
   Dress
  </category>
  <size>
   XXL
  </size>
  <color>
   Желтый
  </color>
  <material>
   Шелк
  </material>
  <price>
   725753
  </price>
  <rating>
   2.88
  </rating>
  <reviews>
   332039
  </reviews>
  <new>
   +
  </new>
  <sporty>
   no
  </sporty>
 </clothing>
 <clothing>
  <id>
   883103558
  </id>
  <name>
   Fila Dress L-1055
  </name>
  <category>
   Dress
  </category>
  <size>
   XL
  </size>
  <color>
   Зеленый
  </color>
  <material>
   Хлопок
  </material>
  <price>
   242822
  </price>
  <rating>
   4.0
  </rating>
  <reviews>
   306759
  </reviews>
  <new>
   -
  </new>
  <exclusive>
   no
  </exclusive>
  <sporty>
   no
  </sporty>
 </clothing>
 <clothing>
  <id>
   907306156
  </id>
  <name>
   Brooks Gloves X-7000
  </name>
  <category>
   Gloves
  </category>
  <size>
   XXL
  </size>
  <color>
   Оранжевый
  </color>
  <material>
   Полиэстер
  </material>
  <price>
   138224
  </price>
  <rating>
   3.28
  </rating>
  <reviews>
   695882
  </reviews>
  <new>
   -
  </new>
  <sporty>
   no
  </sporty>
 </clothing>
 <clothing>
  <id>
   420525966
  </id>
  <name>
   Asics Blouse A-4609
  </name>
  <category>
   Blouse
  </category>
  <size>
   M
  </size>
  <color>
   Красный
  </color>
  <material>
   Лен
  </material>
  <price>
   909577
  </price>
  <rating>
   4.12
  </rating>
  <reviews>
   133413
  </reviews>
  <new>
   -
  </new>
  <exclusive>
   no
  </exclusive>
 </clothing>
 <clothing>
  <id>
   391518737
  </id>
  <name>
   Fila Pants H-5382
  </name>
  <category>
   Pants
  </category>
  <size>
   XXL
  </size>
  <color>
   Синий
  </color>
  <material>
   Лен
  </material>
  <price>
   265593
  </price>
  <rating>
   3.3
  </rating>
  <reviews>
   405106
  </reviews>
  <exclusive>
   no
  </exclusive>
  <sporty>
   no
  </sporty>
 </clothing>
 <clothing>
  <id>
   825614901
  </id>
  <name>
   New Balance T-shirt Y-9296
  </name>
  <category>
   T-shirt
  </category>
  <size>
   S
  </size>
  <color>
   Фиолетовый
  </color>
  <material>
   Полиэстер
  </material>
  <price>
   673186
  </price>
  <rating>
   1.5
  </rating>
  <reviews>
   248868
  </reviews>
 </clothing>
 <clothing>
  <id>
   978857057
  </id>
  <name>
   Brooks Belts F-2252
  </name>
  <category>
   Belts
  </category>
  <size>
   XL
  </size>
  <color>
   Оранжевый
  </color>
  <material>
   Шерсть
  </material>
  <price>
   507682
  </price>
  <rating>
   3.17
  </rating>
  <reviews>
   356591
  </reviews>
  <exclusive>
   no
  </exclusive>
  <sporty>
   no
  </sporty>
 </clothing>
 <clothing>
  <id>
   858883478
  </id>
  <name>
   Reebok T-shirt C-5919
  </name>
  <category>
   T-shirt
  </category>
  <size>
   S
  </size>
  <color>
   Желтый
  </color>
  <material>
   Шерсть
  </material>
  <price>
   235915
  </price>
  <rating>
   2.41
  </rating>
  <reviews>
   625108
  </reviews>
  <new>
   -
  </new>
  <exclusive>
   no
  </exclusive>
  <sporty>
   no
  </sporty>
 </clothing>
 <clothing>
  <id>
   924869422
  </id>
  <name>
   Fila Belts O-3947
  </name>
  <category>
   Belts
  </category>
  <size>
   M
  </size>
  <color>
   Оранжевый
  </color>
  <material>
   Хлопок
  </material>
  <price>
   584395
  </price>
  <rating>
   1.65
  </rating>
  <reviews>
   68500
  </reviews>
  <new>
   +
  </new>
  <exclusive>
   no
  </exclusive>
  <sporty>
   no
  </sporty>
 </clothing>
</clothing-items>
