<?xml version="1.0" encoding="utf-8"?>
<clothing-items>
 <clothing>
  <id>
   719320277
  </id>
  <name>
   PleinSport T-shirt Z-3415
  </name>
  <category>
   T-shirt
  </category>
  <size>
   XL
  </size>
  <color>
   Фиолетовый
  </color>
  <material>
   Вискоза
  </material>
  <price>
   859957
  </price>
  <rating>
   1.13
  </rating>
  <reviews>
   398918
  </reviews>
  <new>
   -
  </new>
  <exclusive>
   no
  </exclusive>
  <sporty>
   no
  </sporty>
 </clothing>
 <clothing>
  <id>
   734002052
  </id>
  <name>
   Nike Shirt X-3087
  </name>
  <category>
   Shirt
  </category>
  <size>
   XL
  </size>
  <color>
   Красный
  </color>
  <material>
   Нейлон
  </material>
  <price>
   823077
  </price>
  <rating>
   2.48
  </rating>
  <reviews>
   376388
  </reviews>
  <new>
   +
  </new>
 </clothing>
 <clothing>
  <id>
   374403969
  </id>
  <name>
   Vans Handbags O-2717
  </name>
  <category>
   Handbags
  </category>
  <size>
   L
  </size>
  <color>
   Красный
  </color>
  <material>
   Кожа
  </material>
  <price>
   881142
  </price>
  <rating>
   3.14
  </rating>
  <reviews>
   268956
  </reviews>
  <new>
   -
  </new>
  <exclusive>
   yes
  </exclusive>
 </clothing>
 <clothing>
  <id>
   842555097
  </id>
  <name>
   Under Armour Shirt V-2615
  </name>
  <category>
   Shirt
  </category>
  <size>
   M
  </size>
  <color>
   Синий
  </color>
  <material>
   Хлопок
  </material>
  <price>
   545177
  </price>
  <rating>
   4.32
  </rating>
  <reviews>
   381682
  </reviews>
  <exclusive>
   no
  </exclusive>
  <sporty>
   no
  </sporty>
 </clothing>
 <clothing>
  <id>
   376669923
  </id>
  <name>
   Fila Umbrellas F-9032
  </name>
  <category>
   Umbrellas
  </category>
  <size>
   XL
  </size>
  <color>
   Зеленый
  </color>
  <material>
   Вискоза
  </material>
  <price>
   547444
  </price>
  <rating>
   1.85
  </rating>
  <reviews>
   153671
  </reviews>
  <new>
   -
  </new>
 </clothing>
 <clothing>
  <id>
   519113424
  </id>
  <name>
   New Balance T-shirt E-6066
  </name>
  <category>
   T-shirt
  </category>
  <size>
   XXL
  </size>
  <color>
   Синий
  </color>
  <material>
   Кожа
  </material>
  <price>
   550295
  </price>
  <rating>
   4.8
  </rating>
  <reviews>
   864219
  </reviews>
  <new>
   -
  </new>
  <exclusive>
   yes
  </exclusive>
 </clothing>
 <clothing>
  <id>
   548317084
  </id>
  <name>
   Asics Jacket V-3665
  </name>
  <category>
   Jacket
  </category>
  <size>
   L
  </size>
  <color>
   Синий
  </color>
  <material>
   Нейлон
  </material>
  <price>
   662605
  </price>
  <rating>
   3.52
  </rating>
  <reviews>
   308759
  </reviews>
 </clothing>
 <clothing>
  <id>
   471199848
  </id>
  <name>
   Reebok T-shirt Q-4935
  </name>
  <category>
   T-shirt
  </category>
  <size>
   XL
  </size>
  <color>
   Красный
  </color>
  <material>
   Полиэстер
  </material>
  <price>
   203304
  </price>
  <rating>
   1.67
  </rating>
  <reviews>
   442039
  </reviews>
 </clothing>
 <clothing>
  <id>
   713258829
  </id>
  <name>
   PleinSport Jeans Y-3292
  </name>
  <category>
   Jeans
  </category>
  <size>
   S
  </size>
  <color>
   Красный
  </color>
  <material>
   Нейлон
  </material>
  <price>
   825440
  </price>
  <rating>
   4.99
  </rating>
  <reviews>
   37365
  </reviews>
  <new>
   +
  </new>
  <sporty>
   yes
  </sporty>
 </clothing>
 <clothing>
  <id>
   793523151
  </id>
  <name>
   Under Armour Jacket B-4653
  </name>
  <category>
   Jacket
  </category>
  <size>
   L
  </size>
  <color>
   Синий
  </color>
  <material>
   Хлопок
  </material>
  <price>
   916039
  </price>
  <rating>
   1.54
  </rating>
  <reviews>
   213623
  </reviews>
  <new>
   -
  </new>
  <sporty>
   no
  </sporty>
 </clothing>
 <clothing>
  <id>
   252166501
  </id>
  <name>
   Adidas Gloves B-1222
  </name>
  <category>
   Gloves
  </category>
  <size>
   M
  </size>
  <color>
   Голубой
  </color>
  <material>
   Полиэстер
  </material>
  <price>
   983096
  </price>
  <rating>
   4.41
  </rating>
  <reviews>
   881140
  </reviews>
  <new>
   +
  </new>
  <exclusive>
   yes
  </exclusive>
 </clothing>
 <clothing>
  <id>
   345622637
  </id>
  <name>
   Adidas Hat M-9175
  </name>
  <category>
   Hat
  </category>
  <size>
   XXL
  </size>
  <color>
   Желтый
  </color>
  <material>
   Лен
  </material>
  <price>
   250790
  </price>
  <rating>
   4.75
  </rating>
  <reviews>
   46205
  </reviews>
  <new>
   -
  </new>
  <exclusive>
   yes
  </exclusive>
 </clothing>
 <clothing>
  <id>
   317920670
  </id>
  <name>
   Fila Sweater Y-1931
  </name>
  <category>
   Sweater
  </category>
  <size>
   XL
  </size>
  <color>
   Зеленый
  </color>
  <material>
   Шерсть
  </material>
  <price>
   456955
  </price>
  <rating>
   4.91
  </rating>
  <reviews>
   359156
  </reviews>
  <exclusive>
   no
  </exclusive>
  <sporty>
   yes
  </sporty>
 </clothing>
 <clothing>
  <id>
   543428333
  </id>
  <name>
   PleinSport Skirt L-6990
  </name>
  <category>
   Skirt
  </category>
  <size>
   XL
  </size>
  <color>
   Фиолетовый
  </color>
  <material>
   Хлопок
  </material>
  <price>
   220720
  </price>
  <rating>
   1.78
  </rating>
  <reviews>
   969821
  </reviews>
  <new>
   +
  </new>
  <sporty>
   no
  </sporty>
 </clothing>
 <clothing>
  <id>
   907502565
  </id>
  <name>
   Brooks T-shirt G-7666
  </name>
  <category>
   T-shirt
  </category>
  <size>
   S
  </size>
  <color>
   Синий
  </color>
  <material>
   Нейлон
  </material>
  <price>
   166179
  </price>
  <rating>
   1.22
  </rating>
  <reviews>
   40008
  </reviews>
  <exclusive>
   no
  </exclusive>
  <sporty>
   yes
  </sporty>
 </clothing>
 <clothing>
  <id>
   159373777
  </id>
  <name>
   DC Blouse N-3975
  </name>
  <category>
   Blouse
  </category>
  <size>
   S
  </size>
  <color>
   Оранжевый
  </color>
  <material>
   Нейлон
  </material>
  <price>
   631254
  </price>
  <rating>
   1.46
  </rating>
  <reviews>
   904721
  </reviews>
  <exclusive>
   yes
  </exclusive>
 </clothing>
 <clothing>
  <id>
   693715588
  </id>
  <name>
   Nike Handbags C-4819
  </name>
  <category>
   Handbags
  </category>
  <size>
   XL
  </size>
  <color>
   Фиолетовый
  </color>
  <material>
   Полиэстер
  </material>
  <price>
   304303
  </price>
  <rating>
   3.92
  </rating>
  <reviews>
   934894
  </reviews>
  <new>
   -
  </new>
  <exclusive>
   no
  </exclusive>
  <sporty>
   no
  </sporty>
 </clothing>
 <clothing>
  <id>
   552089269
  </id>
  <name>
   Reebok Gloves R-3636
  </name>
  <category>
   Gloves
  </category>
  <size>
   M
  </size>
  <color>
   Голубой
  </color>
  <material>
   Нейлон
  </material>
  <price>
   305654
  </price>
  <rating>
   1.59
  </rating>
  <reviews>
   295434
  </reviews>
  <sporty>
   yes
  </sporty>
 </clothing>
 <clothing>
  <id>
   116457859
  </id>
  <name>
   Adidas Socks K-9296
  </name>
  <category>
   Socks
  </category>
  <size>
   XL
  </size>
  <color>
   Фиолетовый
  </color>
  <material>
   Хлопок
  </material>
  <price>
   725952
  </price>
  <rating>
   4.71
  </rating>
  <reviews>
   11090
  </reviews>
  <new>
   +
  </new>
  <exclusive>
   no
  </exclusive>
  <sporty>
   no
  </sporty>
 </clothing>
 <clothing>
  <id>
   232258130
  </id>
  <name>
   Addidas Jacket Q-4093
  </name>
  <category>
   Jacket
  </category>
  <size>
   XL
  </size>
  <color>
   Оранжевый
  </color>
  <material>
   Лен
  </material>
  <price>
   558042
  </price>
  <rating>
   4.41
  </rating>
  <reviews>
   935264
  </reviews>
  <exclusive>
   no
  </exclusive>
 </clothing>
 <clothing>
  <id>
   669281349
  </id>
  <name>
   Lacoste Socks Z-7470
  </name>
  <category>
   Socks
  </category>
  <size>
   M
  </size>
  <color>
   Красный
  </color>
  <material>
   Шелк
  </material>
  <price>
   840460
  </price>
  <rating>
   2.47
  </rating>
  <reviews>
   92926
  </reviews>
  <new>
   -
  </new>
  <exclusive>
   yes
  </exclusive>
  <sporty>
   yes
  </sporty>
 </clothing>
 <clothing>
  <id>
   498001796
  </id>
  <name>
   New Balance Sweater N-7724
  </name>
  <category>
   Sweater
  </category>
  <size>
   XXL
  </size>
  <color>
   Зеленый
  </color>
  <material>
   Кожа
  </material>
  <price>
   464119
  </price>
  <rating>
   4.51
  </rating>
  <reviews>
   440794
  </reviews>
  <sporty>
   no
  </sporty>
 </clothing>
 <clothing>
  <id>
   506247526
  </id>
  <name>
   Nike Dress H-5298
  </name>
  <category>
   Dress
  </category>
  <size>
   S
  </size>
  <color>
   Голубой
  </color>
  <material>
   Кожа
  </material>
  <price>
   874819
  </price>
  <rating>
   4.33
  </rating>
  <reviews>
   116765
  </reviews>
  <exclusive>
   yes
  </exclusive>
  <sporty>
   no
  </sporty>
 </clothing>
 <clothing>
  <id>
   235099674
  </id>
  <name>
   Puma Jacket J-1690
  </name>
  <category>
   Jacket
  </category>
  <size>
   M
  </size>
  <color>
   Фиолетовый
  </color>
  <material>
   Вискоза
  </material>
  <price>
   201955
  </price>
  <rating>
   4.84
  </rating>
  <reviews>
   587086
  </reviews>
  <new>
   +
  </new>
  <sporty>
   no
  </sporty>
 </clothing>
 <clothing>
  <id>
   808668629
  </id>
  <name>
   Asics Skirt K-7607
  </name>
  <category>
   Skirt
  </category>
  <size>
   L
  </size>
  <color>
   Голубой
  </color>
  <material>
   Хлопок
  </material>
  <price>
   401074
  </price>
  <rating>
   3.98
  </rating>
  <reviews>
   819184
  </reviews>
  <new>
   -
  </new>
  <exclusive>
   yes
  </exclusive>
  <sporty>
   yes
  </sporty>
 </clothing>
 <clothing>
  <id>
   154796703
  </id>
  <name>
   Asics Skirt I-1360
  </name>
  <category>
   Skirt
  </category>
  <size>
   M
  </size>
  <color>
   Красный
  </color>
  <material>
   Кожа
  </material>
  <price>
   964293
  </price>
  <rating>
   4.3
  </rating>
  <reviews>
   160573
  </reviews>
  <new>
   -
  </new>
 </clothing>
 <clothing>
  <id>
   281770634
  </id>
  <name>
   Vans Skirt E-1479
  </name>
  <category>
   Skirt
  </category>
  <size>
   M
  </size>
  <color>
   Красный
  </color>
  <material>
   Кожа
  </material>
  <price>
   511206
  </price>
  <rating>
   4.54
  </rating>
  <reviews>
   716617
  </reviews>
  <exclusive>
   yes
  </exclusive>
 </clothing>
 <clothing>
  <id>
   934247371
  </id>
  <name>
   New Balance Jeans B-8253
  </name>
  <category>
   Jeans
  </category>
  <size>
   L
  </size>
  <color>
   Синий
  </color>
  <material>
   Полиэстер
  </material>
  <price>
   868073
  </price>
  <rating>
   3.58
  </rating>
  <reviews>
   7999
  </reviews>
  <new>
   -
  </new>
  <sporty>
   yes
  </sporty>
 </clothing>
 <clothing>
  <id>
   294086922
  </id>
  <name>
   New Balance Belts Z-5078
  </name>
  <category>
   Belts
  </category>
  <size>
   S
  </size>
  <color>
   Зеленый
  </color>
  <material>
   Хлопок
  </material>
  <price>
   855239
  </price>
  <rating>
   1.41
  </rating>
  <reviews>
   385660
  </reviews>
  <new>
   -
  </new>
  <exclusive>
   no
  </exclusive>
  <sporty>
   no
  </sporty>
 </clothing>
 <clothing>
  <id>
   978007753
  </id>
  <name>
   Addidas Skirt S-4458
  </name>
  <category>
   Skirt
  </category>
  <size>
   M
  </size>
  <color>
   Синий
  </color>
  <material>
   Лен
  </material>
  <price>
   134899
  </price>
  <rating>
   3.47
  </rating>
  <reviews>
   593213
  </reviews>
  <exclusive>
   yes
  </exclusive>
 </clothing>
 <clothing>
  <id>
   483411975
  </id>
  <name>
   Vans Umbrellas A-2336
  </name>
  <category>
   Umbrellas
  </category>
  <size>
   M
  </size>
  <color>
   Оранжевый
  </color>
  <material>
   Шелк
  </material>
  <price>
   740507
  </price>
  <rating>
   1.59
  </rating>
  <reviews>
   941274
  </reviews>
  <sporty>
   yes
  </sporty>
 </clothing>
 <clothing>
  <id>
   228836333
  </id>
  <name>
   Reebok Umbrellas H-6153
  </name>
  <category>
   Umbrellas
  </category>
  <size>
   L
  </size>
  <color>
   Фиолетовый
  </color>
  <material>
   Шелк
  </material>
  <price>
   401083
  </price>
  <rating>
   4.01
  </rating>
  <reviews>
   333598
  </reviews>
  <new>
   -
  </new>
  <exclusive>
   no
  </exclusive>
 </clothing>
 <clothing>
  <id>
   499951412
  </id>
  <name>
   Fila Hat U-9010
  </name>
  <category>
   Hat
  </category>
  <size>
   M
  </size>
  <color>
   Красный
  </color>
  <material>
   Кожа
  </material>
  <price>
   562467
  </price>
  <rating>
   1.78
  </rating>
  <reviews>
   531503
  </reviews>
  <new>
   -
  </new>
  <exclusive>
   yes
  </exclusive>
  <sporty>
   yes
  </sporty>
 </clothing>
 <clothing>
  <id>
   588644525
  </id>
  <name>
   Converse Jacket K-3907
  </name>
  <category>
   Jacket
  </category>
  <size>
   XXL
  </size>
  <color>
   Синий
  </color>
  <material>
   Нейлон
  </material>
  <price>
   662975
  </price>
  <rating>
   2.68
  </rating>
  <reviews>
   811672
  </reviews>
 </clothing>
 <clothing>
  <id>
   341540835
  </id>
  <name>
   Vans Gloves J-5476
  </name>
  <category>
   Gloves
  </category>
  <size>
   S
  </size>
  <color>
   Красный
  </color>
  <material>
   Лен
  </material>
  <price>
   687719
  </price>
  <rating>
   1.85
  </rating>
  <reviews>
   502259
  </reviews>
  <new>
   -
  </new>
  <exclusive>
   no
  </exclusive>
  <sporty>
   no
  </sporty>
 </clothing>
 <clothing>
  <id>
   780854119
  </id>
  <name>
   New Balance Gloves J-4453
  </name>
  <category>
   Gloves
  </category>
  <size>
   S
  </size>
  <color>
   Зеленый
  </color>
  <material>
   Кожа
  </material>
  <price>
   538294
  </price>
  <rating>
   3.84
  </rating>
  <reviews>
   755316
  </reviews>
  <new>
   -
  </new>
  <sporty>
   no
  </sporty>
 </clothing>
 <clothing>
  <id>
   478102666
  </id>
  <name>
   Under Armour Pants Y-5155
  </name>
  <category>
   Pants
  </category>
  <size>
   S
  </size>
  <color>
   Голубой
  </color>
  <material>
   Шерсть
  </material>
  <price>
   431951
  </price>
  <rating>
   1.36
  </rating>
  <reviews>
   780418
  </reviews>
  <exclusive>
   yes
  </exclusive>
  <sporty>
   no
  </sporty>
 </clothing>
 <clothing>
  <id>
   941771902
  </id>
  <name>
   Nike T-shirt T-2941
  </name>
  <category>
   T-shirt
  </category>
  <size>
   M
  </size>
  <color>
   Зеленый
  </color>
  <material>
   Полиэстер
  </material>
  <price>
   940445
  </price>
  <rating>
   3.27
  </rating>
  <reviews>
   909160
  </reviews>
  <sporty>
   yes
  </sporty>
 </clothing>
</clothing-items>
