<?xml version="1.0" encoding="utf-8"?>
<clothing-items>
 <clothing>
  <id>
   246488528
  </id>
  <name>
   Lacoste Shirt D-2258
  </name>
  <category>
   Shirt
  </category>
  <size>
   L
  </size>
  <color>
   Желтый
  </color>
  <material>
   Нейлон
  </material>
  <price>
   734639
  </price>
  <rating>
   1.97
  </rating>
  <reviews>
   439992
  </reviews>
  <new>
   -
  </new>
  <sporty>
   yes
  </sporty>
 </clothing>
 <clothing>
  <id>
   665739204
  </id>
  <name>
   New Balance Shirt X-1814
  </name>
  <category>
   Shirt
  </category>
  <size>
   S
  </size>
  <color>
   Фиолетовый
  </color>
  <material>
   Шелк
  </material>
  <price>
   299357
  </price>
  <rating>
   1.51
  </rating>
  <reviews>
   247271
  </reviews>
  <new>
   +
  </new>
 </clothing>
 <clothing>
  <id>
   213116506
  </id>
  <name>
   New Balance Jeans P-8948
  </name>
  <category>
   Jeans
  </category>
  <size>
   XL
  </size>
  <color>
   Фиолетовый
  </color>
  <material>
   Полиэстер
  </material>
  <price>
   126863
  </price>
  <rating>
   3.95
  </rating>
  <reviews>
   393781
  </reviews>
  <exclusive>
   yes
  </exclusive>
  <sporty>
   no
  </sporty>
 </clothing>
 <clothing>
  <id>
   236806084
  </id>
  <name>
   Brooks Shirt Z-8894
  </name>
  <category>
   Shirt
  </category>
  <size>
   XXL
  </size>
  <color>
   Желтый
  </color>
  <material>
   Кожа
  </material>
  <price>
   413833
  </price>
  <rating>
   3.81
  </rating>
  <reviews>
   682032
  </reviews>
 </clothing>
 <clothing>
  <id>
   244923844
  </id>
  <name>
   Addidas Skirt P-1892
  </name>
  <category>
   Skirt
  </category>
  <size>
   XL
  </size>
  <color>
   Желтый
  </color>
  <material>
   Кожа
  </material>
  <price>
   270797
  </price>
  <rating>
   1.38
  </rating>
  <reviews>
   855862
  </reviews>
  <exclusive>
   no
  </exclusive>
 </clothing>
 <clothing>
  <id>
   949038716
  </id>
  <name>
   Under Armour Shoes N-1031
  </name>
  <category>
   Shoes
  </category>
  <size>
   XL
  </size>
  <color>
   Оранжевый
  </color>
  <material>
   Нейлон
  </material>
  <price>
   451442
  </price>
  <rating>
   3.82
  </rating>
  <reviews>
   860106
  </reviews>
  <exclusive>
   yes
  </exclusive>
  <sporty>
   yes
  </sporty>
 </clothing>
 <clothing>
  <id>
   675086338
  </id>
  <name>
   PleinSport Jacket F-1968
  </name>
  <category>
   Jacket
  </category>
  <size>
   XXL
  </size>
  <color>
   Оранжевый
  </color>
  <material>
   Хлопок
  </material>
  <price>
   245365
  </price>
  <rating>
   2.37
  </rating>
  <reviews>
   296928
  </reviews>
  <new>
   +
  </new>
  <exclusive>
   no
  </exclusive>
  <sporty>
   yes
  </sporty>
 </clothing>
 <clothing>
  <id>
   488173103
  </id>
  <name>
   Vans Shoes M-2492
  </name>
  <category>
   Shoes
  </category>
  <size>
   XL
  </size>
  <color>
   Фиолетовый
  </color>
  <material>
   Полиэстер
  </material>
  <price>
   695945
  </price>
  <rating>
   2.78
  </rating>
  <reviews>
   198408
  </reviews>
 </clothing>
 <clothing>
  <id>
   708059153
  </id>
  <name>
   Vans Pants W-3912
  </name>
  <category>
   Pants
  </category>
  <size>
   S
  </size>
  <color>
   Голубой
  </color>
  <material>
   Полиэстер
  </material>
  <price>
   239158
  </price>
  <rating>
   3.07
  </rating>
  <reviews>
   468688
  </reviews>
  <new>
   -
  </new>
  <exclusive>
   no
  </exclusive>
  <sporty>
   no
  </sporty>
 </clothing>
 <clothing>
  <id>
   647573415
  </id>
  <name>
   PleinSport Skirt K-9779
  </name>
  <category>
   Skirt
  </category>
  <size>
   XXL
  </size>
  <color>
   Фиолетовый
  </color>
  <material>
   Хлопок
  </material>
  <price>
   656433
  </price>
  <rating>
   3.6
  </rating>
  <reviews>
   522579
  </reviews>
  <sporty>
   yes
  </sporty>
 </clothing>
 <clothing>
  <id>
   369846380
  </id>
  <name>
   Converse Handbags G-2585
  </name>
  <category>
   Handbags
  </category>
  <size>
   L
  </size>
  <color>
   Синий
  </color>
  <material>
   Полиэстер
  </material>
  <price>
   774543
  </price>
  <rating>
   3.73
  </rating>
  <reviews>
   465713
  </reviews>
 </clothing>
 <clothing>
  <id>
   543946570
  </id>
  <name>
   Adidas Shoes P-4420
  </name>
  <category>
   Shoes
  </category>
  <size>
   XXL
  </size>
  <color>
   Синий
  </color>
  <material>
   Полиэстер
  </material>
  <price>
   943921
  </price>
  <rating>
   1.35
  </rating>
  <reviews>
   114826
  </reviews>
  <exclusive>
   yes
  </exclusive>
  <sporty>
   yes
  </sporty>
 </clothing>
 <clothing>
  <id>
   635952173
  </id>
  <name>
   Vans Handbags G-8906
  </name>
  <category>
   Handbags
  </category>
  <size>
   S
  </size>
  <color>
   Красный
  </color>
  <material>
   Шерсть
  </material>
  <price>
   828213
  </price>
  <rating>
   2.75
  </rating>
  <reviews>
   46262
  </reviews>
  <exclusive>
   no
  </exclusive>
  <sporty>
   yes
  </sporty>
 </clothing>
 <clothing>
  <id>
   367005984
  </id>
  <name>
   Adidas Shirt L-8413
  </name>
  <category>
   Shirt
  </category>
  <size>
   XL
  </size>
  <color>
   Синий
  </color>
  <material>
   Шелк
  </material>
  <price>
   882627
  </price>
  <rating>
   3.87
  </rating>
  <reviews>
   8452
  </reviews>
  <new>
   -
  </new>
  <exclusive>
   no
  </exclusive>
  <sporty>
   no
  </sporty>
 </clothing>
 <clothing>
  <id>
   648134190
  </id>
  <name>
   Adidas Sweater L-9768
  </name>
  <category>
   Sweater
  </category>
  <size>
   XXL
  </size>
  <color>
   Зеленый
  </color>
  <material>
   Вискоза
  </material>
  <price>
   124146
  </price>
  <rating>
   4.54
  </rating>
  <reviews>
   451472
  </reviews>
  <exclusive>
   yes
  </exclusive>
  <sporty>
   yes
  </sporty>
 </clothing>
 <clothing>
  <id>
   318048201
  </id>
  <name>
   Brooks Skirt F-8532
  </name>
  <category>
   Skirt
  </category>
  <size>
   S
  </size>
  <color>
   Оранжевый
  </color>
  <material>
   Лен
  </material>
  <price>
   269428
  </price>
  <rating>
   4.93
  </rating>
  <reviews>
   356084
  </reviews>
  <exclusive>
   no
  </exclusive>
 </clothing>
 <clothing>
  <id>
   775818499
  </id>
  <name>
   Under Armour Handbags B-1477
  </name>
  <category>
   Handbags
  </category>
  <size>
   XXL
  </size>
  <color>
   Синий
  </color>
  <material>
   Хлопок
  </material>
  <price>
   254758
  </price>
  <rating>
   4.33
  </rating>
  <reviews>
   860399
  </reviews>
  <new>
   +
  </new>
  <exclusive>
   no
  </exclusive>
  <sporty>
   no
  </sporty>
 </clothing>
 <clothing>
  <id>
   714821934
  </id>
  <name>
   Asics Umbrellas Z-7190
  </name>
  <category>
   Umbrellas
  </category>
  <size>
   M
  </size>
  <color>
   Оранжевый
  </color>
  <material>
   Кожа
  </material>
  <price>
   454457
  </price>
  <rating>
   1.12
  </rating>
  <reviews>
   163141
  </reviews>
  <new>
   +
  </new>
  <exclusive>
   no
  </exclusive>
  <sporty>
   no
  </sporty>
 </clothing>
 <clothing>
  <id>
   497737349
  </id>
  <name>
   Brooks Skirt V-6834
  </name>
  <category>
   Skirt
  </category>
  <size>
   L
  </size>
  <color>
   Зеленый
  </color>
  <material>
   Лен
  </material>
  <price>
   905252
  </price>
  <rating>
   3.49
  </rating>
  <reviews>
   314407
  </reviews>
  <new>
   -
  </new>
  <sporty>
   no
  </sporty>
 </clothing>
 <clothing>
  <id>
   901886746
  </id>
  <name>
   Adidas Blouse N-8097
  </name>
  <category>
   Blouse
  </category>
  <size>
   S
  </size>
  <color>
   Фиолетовый
  </color>
  <material>
   Лен
  </material>
  <price>
   236985
  </price>
  <rating>
   2.04
  </rating>
  <reviews>
   836917
  </reviews>
  <new>
   +
  </new>
 </clothing>
 <clothing>
  <id>
   168115789
  </id>
  <name>
   Converse Skirt T-2259
  </name>
  <category>
   Skirt
  </category>
  <size>
   XXL
  </size>
  <color>
   Голубой
  </color>
  <material>
   Вискоза
  </material>
  <price>
   366488
  </price>
  <rating>
   2.05
  </rating>
  <reviews>
   735089
  </reviews>
  <exclusive>
   no
  </exclusive>
  <sporty>
   no
  </sporty>
 </clothing>
 <clothing>
  <id>
   501326244
  </id>
  <name>
   Converse T-shirt M-4219
  </name>
  <category>
   T-shirt
  </category>
  <size>
   S
  </size>
  <color>
   Голубой
  </color>
  <material>
   Вискоза
  </material>
  <price>
   716010
  </price>
  <rating>
   2.72
  </rating>
  <reviews>
   523377
  </reviews>
 </clothing>
 <clothing>
  <id>
   527995270
  </id>
  <name>
   Adidas Dress G-4469
  </name>
  <category>
   Dress
  </category>
  <size>
   L
  </size>
  <color>
   Зеленый
  </color>
  <material>
   Полиэстер
  </material>
  <price>
   388577
  </price>
  <rating>
   3.83
  </rating>
  <reviews>
   163561
  </reviews>
  <new>
   +
  </new>
 </clothing>
 <clothing>
  <id>
   350093807
  </id>
  <name>
   PleinSport Shirt I-5944
  </name>
  <category>
   Shirt
  </category>
  <size>
   S
  </size>
  <color>
   Желтый
  </color>
  <material>
   Шелк
  </material>
  <price>
   415186
  </price>
  <rating>
   4.67
  </rating>
  <reviews>
   548018
  </reviews>
  <exclusive>
   no
  </exclusive>
  <sporty>
   no
  </sporty>
 </clothing>
 <clothing>
  <id>
   982336886
  </id>
  <name>
   Puma Shirt D-8269
  </name>
  <category>
   Shirt
  </category>
  <size>
   L
  </size>
  <color>
   Синий
  </color>
  <material>
   Нейлон
  </material>
  <price>
   143387
  </price>
  <rating>
   3.85
  </rating>
  <reviews>
   311615
  </reviews>
 </clothing>
 <clothing>
  <id>
   499965265
  </id>
  <name>
   Ellesse Shirt N-2958
  </name>
  <category>
   Shirt
  </category>
  <size>
   L
  </size>
  <color>
   Фиолетовый
  </color>
  <material>
   Лен
  </material>
  <price>
   160691
  </price>
  <rating>
   2.68
  </rating>
  <reviews>
   762039
  </reviews>
  <new>
   -
  </new>
  <sporty>
   no
  </sporty>
 </clothing>
 <clothing>
  <id>
   564212345
  </id>
  <name>
   Vans Umbrellas X-7344
  </name>
  <category>
   Umbrellas
  </category>
  <size>
   L
  </size>
  <color>
   Желтый
  </color>
  <material>
   Вискоза
  </material>
  <price>
   424533
  </price>
  <rating>
   2.76
  </rating>
  <reviews>
   565947
  </reviews>
  <new>
   -
  </new>
  <exclusive>
   no
  </exclusive>
  <sporty>
   yes
  </sporty>
 </clothing>
 <clothing>
  <id>
   807383796
  </id>
  <name>
   Fila Shirt M-4405
  </name>
  <category>
   Shirt
  </category>
  <size>
   S
  </size>
  <color>
   Оранжевый
  </color>
  <material>
   Кожа
  </material>
  <price>
   844359
  </price>
  <rating>
   1.87
  </rating>
  <reviews>
   240351
  </reviews>
  <exclusive>
   yes
  </exclusive>
  <sporty>
   no
  </sporty>
 </clothing>
 <clothing>
  <id>
   176683098
  </id>
  <name>
   Ellesse Belts Y-8321
  </name>
  <category>
   Belts
  </category>
  <size>
   M
  </size>
  <color>
   Оранжевый
  </color>
  <material>
   Вискоза
  </material>
  <price>
   859965
  </price>
  <rating>
   3.22
  </rating>
  <reviews>
   775399
  </reviews>
  <new>
   +
  </new>
 </clothing>
 <clothing>
  <id>
   876722003
  </id>
  <name>
   Ellesse Dress H-1556
  </name>
  <category>
   Dress
  </category>
  <size>
   L
  </size>
  <color>
   Фиолетовый
  </color>
  <material>
   Шерсть
  </material>
  <price>
   361422
  </price>
  <rating>
   2.59
  </rating>
  <reviews>
   730805
  </reviews>
  <exclusive>
   no
  </exclusive>
  <sporty>
   no
  </sporty>
 </clothing>
 <clothing>
  <id>
   682476733
  </id>
  <name>
   Vans Blouse C-4232
  </name>
  <category>
   Blouse
  </category>
  <size>
   XXL
  </size>
  <color>
   Оранжевый
  </color>
  <material>
   Шерсть
  </material>
  <price>
   409921
  </price>
  <rating>
   1.04
  </rating>
  <reviews>
   155911
  </reviews>
  <new>
   +
  </new>
  <exclusive>
   no
  </exclusive>
  <sporty>
   no
  </sporty>
 </clothing>
 <clothing>
  <id>
   782061012
  </id>
  <name>
   New Balance Gloves Q-8440
  </name>
  <category>
   Gloves
  </category>
  <size>
   XXL
  </size>
  <color>
   Красный
  </color>
  <material>
   Лен
  </material>
  <price>
   773772
  </price>
  <rating>
   1.05
  </rating>
  <reviews>
   991358
  </reviews>
  <new>
   -
  </new>
  <sporty>
   yes
  </sporty>
 </clothing>
 <clothing>
  <id>
   305939269
  </id>
  <name>
   Under Armour Jacket N-2879
  </name>
  <category>
   Jacket
  </category>
  <size>
   M
  </size>
  <color>
   Красный
  </color>
  <material>
   Полиэстер
  </material>
  <price>
   116013
  </price>
  <rating>
   1.16
  </rating>
  <reviews>
   554178
  </reviews>
  <new>
   +
  </new>
  <exclusive>
   no
  </exclusive>
  <sporty>
   no
  </sporty>
 </clothing>
 <clothing>
  <id>
   300159877
  </id>
  <name>
   PleinSport Sweater U-1351
  </name>
  <category>
   Sweater
  </category>
  <size>
   L
  </size>
  <color>
   Желтый
  </color>
  <material>
   Шелк
  </material>
  <price>
   611558
  </price>
  <rating>
   1.72
  </rating>
  <reviews>
   489882
  </reviews>
  <exclusive>
   no
  </exclusive>
 </clothing>
 <clothing>
  <id>
   110367061
  </id>
  <name>
   Adidas Hat R-7293
  </name>
  <category>
   Hat
  </category>
  <size>
   L
  </size>
  <color>
   Фиолетовый
  </color>
  <material>
   Кожа
  </material>
  <price>
   501800
  </price>
  <rating>
   2.66
  </rating>
  <reviews>
   428766
  </reviews>
  <new>
   -
  </new>
  <sporty>
   no
  </sporty>
 </clothing>
 <clothing>
  <id>
   995699477
  </id>
  <name>
   Brooks Socks H-5733
  </name>
  <category>
   Socks
  </category>
  <size>
   M
  </size>
  <color>
   Синий
  </color>
  <material>
   Кожа
  </material>
  <price>
   969786
  </price>
  <rating>
   3.44
  </rating>
  <reviews>
   74118
  </reviews>
  <new>
   -
  </new>
 </clothing>
 <clothing>
  <id>
   860480506
  </id>
  <name>
   Under Armour Dress H-6907
  </name>
  <category>
   Dress
  </category>
  <size>
   M
  </size>
  <color>
   Синий
  </color>
  <material>
   Вискоза
  </material>
  <price>
   770937
  </price>
  <rating>
   3.43
  </rating>
  <reviews>
   244477
  </reviews>
  <exclusive>
   no
  </exclusive>
  <sporty>
   yes
  </sporty>
 </clothing>
 <clothing>
  <id>
   680492271
  </id>
  <name>
   New Balance Shoes S-2596
  </name>
  <category>
   Shoes
  </category>
  <size>
   L
  </size>
  <color>
   Фиолетовый
  </color>
  <material>
   Кожа
  </material>
  <price>
   480785
  </price>
  <rating>
   1.88
  </rating>
  <reviews>
   909662
  </reviews>
  <new>
   +
  </new>
  <exclusive>
   no
  </exclusive>
  <sporty>
   no
  </sporty>
 </clothing>
 <clothing>
  <id>
   146753845
  </id>
  <name>
   Puma Skirt Y-8703
  </name>
  <category>
   Skirt
  </category>
  <size>
   L
  </size>
  <color>
   Красный
  </color>
  <material>
   Шерсть
  </material>
  <price>
   367747
  </price>
  <rating>
   4.81
  </rating>
  <reviews>
   125711
  </reviews>
  <new>
   -
  </new>
  <exclusive>
   no
  </exclusive>
  <sporty>
   yes
  </sporty>
 </clothing>
 <clothing>
  <id>
   300134509
  </id>
  <name>
   Brooks Gloves N-5490
  </name>
  <category>
   Gloves
  </category>
  <size>
   S
  </size>
  <color>
   Желтый
  </color>
  <material>
   Вискоза
  </material>
  <price>
   619065
  </price>
  <rating>
   2.1
  </rating>
  <reviews>
   140006
  </reviews>
  <new>
   -
  </new>
  <exclusive>
   no
  </exclusive>
 </clothing>
 <clothing>
  <id>
   744688757
  </id>
  <name>
   Vans Skirt B-8180
  </name>
  <category>
   Skirt
  </category>
  <size>
   L
  </size>
  <color>
   Красный
  </color>
  <material>
   Вискоза
  </material>
  <price>
   215285
  </price>
  <rating>
   4.01
  </rating>
  <reviews>
   908913
  </reviews>
  <exclusive>
   no
  </exclusive>
  <sporty>
   no
  </sporty>
 </clothing>
 <clothing>
  <id>
   569023686
  </id>
  <name>
   Ellesse Pants G-9258
  </name>
  <category>
   Pants
  </category>
  <size>
   S
  </size>
  <color>
   Оранжевый
  </color>
  <material>
   Полиэстер
  </material>
  <price>
   225585
  </price>
  <rating>
   4.33
  </rating>
  <reviews>
   568999
  </reviews>
  <new>
   -
  </new>
  <sporty>
   yes
  </sporty>
 </clothing>
</clothing-items>
