<?xml version="1.0" encoding="utf-8"?>
<clothing-items>
 <clothing>
  <id>
   181462962
  </id>
  <name>
   Vans Socks Z-6951
  </name>
  <category>
   Socks
  </category>
  <size>
   XXL
  </size>
  <color>
   Желтый
  </color>
  <material>
   Вискоза
  </material>
  <price>
   769180
  </price>
  <rating>
   2.88
  </rating>
  <reviews>
   588418
  </reviews>
 </clothing>
 <clothing>
  <id>
   397546753
  </id>
  <name>
   Adidas Blouse Y-1654
  </name>
  <category>
   Blouse
  </category>
  <size>
   XXL
  </size>
  <color>
   Синий
  </color>
  <material>
   Шерсть
  </material>
  <price>
   371122
  </price>
  <rating>
   3.77
  </rating>
  <reviews>
   952540
  </reviews>
  <new>
   +
  </new>
  <exclusive>
   no
  </exclusive>
 </clothing>
 <clothing>
  <id>
   179667470
  </id>
  <name>
   PleinSport Hat E-2104
  </name>
  <category>
   Hat
  </category>
  <size>
   XL
  </size>
  <color>
   Оранжевый
  </color>
  <material>
   Полиэстер
  </material>
  <price>
   275667
  </price>
  <rating>
   2.13
  </rating>
  <reviews>
   451719
  </reviews>
  <new>
   +
  </new>
  <exclusive>
   no
  </exclusive>
  <sporty>
   no
  </sporty>
 </clothing>
 <clothing>
  <id>
   529546130
  </id>
  <name>
   Brooks Skirt U-4138
  </name>
  <category>
   Skirt
  </category>
  <size>
   S
  </size>
  <color>
   Желтый
  </color>
  <material>
   Шелк
  </material>
  <price>
   803804
  </price>
  <rating>
   4.19
  </rating>
  <reviews>
   18959
  </reviews>
  <new>
   +
  </new>
  <exclusive>
   no
  </exclusive>
  <sporty>
   no
  </sporty>
 </clothing>
 <clothing>
  <id>
   472887259
  </id>
  <name>
   Converse Sweater L-9190
  </name>
  <category>
   Sweater
  </category>
  <size>
   XL
  </size>
  <color>
   Желтый
  </color>
  <material>
   Полиэстер
  </material>
  <price>
   161437
  </price>
  <rating>
   1.48
  </rating>
  <reviews>
   900062
  </reviews>
  <new>
   -
  </new>
  <sporty>
   no
  </sporty>
 </clothing>
 <clothing>
  <id>
   759257583
  </id>
  <name>
   Addidas Shoes Y-8036
  </name>
  <category>
   Shoes
  </category>
  <size>
   L
  </size>
  <color>
   Красный
  </color>
  <material>
   Хлопок
  </material>
  <price>
   740319
  </price>
  <rating>
   1.38
  </rating>
  <reviews>
   42666
  </reviews>
  <new>
   -
  </new>
  <exclusive>
   no
  </exclusive>
  <sporty>
   yes
  </sporty>
 </clothing>
 <clothing>
  <id>
   619342379
  </id>
  <name>
   DC Blouse O-2885
  </name>
  <category>
   Blouse
  </category>
  <size>
   M
  </size>
  <color>
   Фиолетовый
  </color>
  <material>
   Кожа
  </material>
  <price>
   906364
  </price>
  <rating>
   1.03
  </rating>
  <reviews>
   1876
  </reviews>
  <exclusive>
   no
  </exclusive>
  <sporty>
   no
  </sporty>
 </clothing>
 <clothing>
  <id>
   864578599
  </id>
  <name>
   Vans Skirt Q-6540
  </name>
  <category>
   Skirt
  </category>
  <size>
   XXL
  </size>
  <color>
   Желтый
  </color>
  <material>
   Лен
  </material>
  <price>
   214960
  </price>
  <rating>
   4.63
  </rating>
  <reviews>
   644203
  </reviews>
  <new>
   +
  </new>
 </clothing>
 <clothing>
  <id>
   734067308
  </id>
  <name>
   Reebok Dress U-8281
  </name>
  <category>
   Dress
  </category>
  <size>
   XL
  </size>
  <color>
   Фиолетовый
  </color>
  <material>
   Шерсть
  </material>
  <price>
   389777
  </price>
  <rating>
   3.78
  </rating>
  <reviews>
   494391
  </reviews>
  <exclusive>
   yes
  </exclusive>
  <sporty>
   yes
  </sporty>
 </clothing>
 <clothing>
  <id>
   965771455
  </id>
  <name>
   Fila Belts K-6931
  </name>
  <category>
   Belts
  </category>
  <size>
   XL
  </size>
  <color>
   Синий
  </color>
  <material>
   Лен
  </material>
  <price>
   276883
  </price>
  <rating>
   3.5
  </rating>
  <reviews>
   884443
  </reviews>
  <new>
   +
  </new>
  <exclusive>
   no
  </exclusive>
  <sporty>
   yes
  </sporty>
 </clothing>
 <clothing>
  <id>
   831924900
  </id>
  <name>
   Brooks Dress Y-5250
  </name>
  <category>
   Dress
  </category>
  <size>
   XL
  </size>
  <color>
   Оранжевый
  </color>
  <material>
   Вискоза
  </material>
  <price>
   505801
  </price>
  <rating>
   2.41
  </rating>
  <reviews>
   798509
  </reviews>
  <new>
   -
  </new>
  <exclusive>
   yes
  </exclusive>
  <sporty>
   no
  </sporty>
 </clothing>
 <clothing>
  <id>
   307695672
  </id>
  <name>
   Fila Gloves W-1799
  </name>
  <category>
   Gloves
  </category>
  <size>
   M
  </size>
  <color>
   Желтый
  </color>
  <material>
   Хлопок
  </material>
  <price>
   563552
  </price>
  <rating>
   1.04
  </rating>
  <reviews>
   780169
  </reviews>
  <new>
   -
  </new>
  <exclusive>
   yes
  </exclusive>
 </clothing>
 <clothing>
  <id>
   411209277
  </id>
  <name>
   Nike Sweater V-4677
  </name>
  <category>
   Sweater
  </category>
  <size>
   M
  </size>
  <color>
   Оранжевый
  </color>
  <material>
   Кожа
  </material>
  <price>
   800641
  </price>
  <rating>
   1.55
  </rating>
  <reviews>
   727745
  </reviews>
  <exclusive>
   yes
  </exclusive>
  <sporty>
   yes
  </sporty>
 </clothing>
 <clothing>
  <id>
   953581820
  </id>
  <name>
   DC Pants I-5860
  </name>
  <category>
   Pants
  </category>
  <size>
   L
  </size>
  <color>
   Оранжевый
  </color>
  <material>
   Шерсть
  </material>
  <price>
   782659
  </price>
  <rating>
   4.29
  </rating>
  <reviews>
   830022
  </reviews>
 </clothing>
 <clothing>
  <id>
   241312806
  </id>
  <name>
   Adidas Gloves I-6510
  </name>
  <category>
   Gloves
  </category>
  <size>
   XL
  </size>
  <color>
   Фиолетовый
  </color>
  <material>
   Вискоза
  </material>
  <price>
   802426
  </price>
  <rating>
   1.9
  </rating>
  <reviews>
   621530
  </reviews>
  <exclusive>
   no
  </exclusive>
  <sporty>
   yes
  </sporty>
 </clothing>
 <clothing>
  <id>
   819569214
  </id>
  <name>
   New Balance Jacket N-4703
  </name>
  <category>
   Jacket
  </category>
  <size>
   M
  </size>
  <color>
   Зеленый
  </color>
  <material>
   Шелк
  </material>
  <price>
   203596
  </price>
  <rating>
   3.12
  </rating>
  <reviews>
   926918
  </reviews>
  <new>
   -
  </new>
  <exclusive>
   yes
  </exclusive>
  <sporty>
   no
  </sporty>
 </clothing>
 <clothing>
  <id>
   404692758
  </id>
  <name>
   Fila Socks K-2877
  </name>
  <category>
   Socks
  </category>
  <size>
   S
  </size>
  <color>
   Красный
  </color>
  <material>
   Шерсть
  </material>
  <price>
   242835
  </price>
  <rating>
   3.65
  </rating>
  <reviews>
   76110
  </reviews>
  <new>
   +
  </new>
  <sporty>
   yes
  </sporty>
 </clothing>
 <clothing>
  <id>
   422277432
  </id>
  <name>
   Vans Skirt Q-6395
  </name>
  <category>
   Skirt
  </category>
  <size>
   S
  </size>
  <color>
   Синий
  </color>
  <material>
   Вискоза
  </material>
  <price>
   611047
  </price>
  <rating>
   3.85
  </rating>
  <reviews>
   81959
  </reviews>
  <new>
   -
  </new>
  <sporty>
   yes
  </sporty>
 </clothing>
 <clothing>
  <id>
   348355184
  </id>
  <name>
   Addidas Handbags H-5046
  </name>
  <category>
   Handbags
  </category>
  <size>
   S
  </size>
  <color>
   Голубой
  </color>
  <material>
   Нейлон
  </material>
  <price>
   498579
  </price>
  <rating>
   3.14
  </rating>
  <reviews>
   960945
  </reviews>
  <new>
   +
  </new>
  <exclusive>
   yes
  </exclusive>
 </clothing>
 <clothing>
  <id>
   670670044
  </id>
  <name>
   Brooks Jacket H-8294
  </name>
  <category>
   Jacket
  </category>
  <size>
   M
  </size>
  <color>
   Синий
  </color>
  <material>
   Лен
  </material>
  <price>
   850433
  </price>
  <rating>
   1.62
  </rating>
  <reviews>
   285501
  </reviews>
  <sporty>
   no
  </sporty>
 </clothing>
 <clothing>
  <id>
   197913509
  </id>
  <name>
   Converse Socks M-9618
  </name>
  <category>
   Socks
  </category>
  <size>
   XL
  </size>
  <color>
   Фиолетовый
  </color>
  <material>
   Лен
  </material>
  <price>
   959415
  </price>
  <rating>
   3.64
  </rating>
  <reviews>
   530735
  </reviews>
  <new>
   +
  </new>
  <sporty>
   no
  </sporty>
 </clothing>
 <clothing>
  <id>
   102941737
  </id>
  <name>
   Lacoste Shirt O-7047
  </name>
  <category>
   Shirt
  </category>
  <size>
   XXL
  </size>
  <color>
   Фиолетовый
  </color>
  <material>
   Шерсть
  </material>
  <price>
   164346
  </price>
  <rating>
   2.25
  </rating>
  <reviews>
   136805
  </reviews>
 </clothing>
 <clothing>
  <id>
   592053880
  </id>
  <name>
   Puma Pants R-8180
  </name>
  <category>
   Pants
  </category>
  <size>
   S
  </size>
  <color>
   Зеленый
  </color>
  <material>
   Шелк
  </material>
  <price>
   770478
  </price>
  <rating>
   4.84
  </rating>
  <reviews>
   523393
  </reviews>
  <new>
   +
  </new>
  <exclusive>
   yes
  </exclusive>
 </clothing>
 <clothing>
  <id>
   364022575
  </id>
  <name>
   Ellesse Belts V-5730
  </name>
  <category>
   Belts
  </category>
  <size>
   XXL
  </size>
  <color>
   Оранжевый
  </color>
  <material>
   Шерсть
  </material>
  <price>
   608932
  </price>
  <rating>
   1.57
  </rating>
  <reviews>
   972362
  </reviews>
  <new>
   -
  </new>
  <exclusive>
   yes
  </exclusive>
  <sporty>
   yes
  </sporty>
 </clothing>
 <clothing>
  <id>
   611114630
  </id>
  <name>
   Brooks Jeans M-9697
  </name>
  <category>
   Jeans
  </category>
  <size>
   XL
  </size>
  <color>
   Красный
  </color>
  <material>
   Лен
  </material>
  <price>
   329802
  </price>
  <rating>
   4.77
  </rating>
  <reviews>
   912635
  </reviews>
  <new>
   +
  </new>
  <exclusive>
   yes
  </exclusive>
  <sporty>
   yes
  </sporty>
 </clothing>
 <clothing>
  <id>
   770760007
  </id>
  <name>
   DC Gloves C-8690
  </name>
  <category>
   Gloves
  </category>
  <size>
   XL
  </size>
  <color>
   Голубой
  </color>
  <material>
   Нейлон
  </material>
  <price>
   472328
  </price>
  <rating>
   1.39
  </rating>
  <reviews>
   616237
  </reviews>
  <new>
   +
  </new>
 </clothing>
 <clothing>
  <id>
   710221383
  </id>
  <name>
   Reebok Jeans D-7104
  </name>
  <category>
   Jeans
  </category>
  <size>
   XL
  </size>
  <color>
   Оранжевый
  </color>
  <material>
   Вискоза
  </material>
  <price>
   434506
  </price>
  <rating>
   1.09
  </rating>
  <reviews>
   226657
  </reviews>
  <new>
   -
  </new>
  <exclusive>
   yes
  </exclusive>
  <sporty>
   yes
  </sporty>
 </clothing>
 <clothing>
  <id>
   772725507
  </id>
  <name>
   Puma Hat I-1428
  </name>
  <category>
   Hat
  </category>
  <size>
   XXL
  </size>
  <color>
   Красный
  </color>
  <material>
   Нейлон
  </material>
  <price>
   497147
  </price>
  <rating>
   2.8
  </rating>
  <reviews>
   102662
  </reviews>
 </clothing>
 <clothing>
  <id>
   585441121
  </id>
  <name>
   Under Armour Hat F-1702
  </name>
  <category>
   Hat
  </category>
  <size>
   M
  </size>
  <color>
   Желтый
  </color>
  <material>
   Кожа
  </material>
  <price>
   131622
  </price>
  <rating>
   4.65
  </rating>
  <reviews>
   365873
  </reviews>
  <new>
   -
  </new>
  <sporty>
   no
  </sporty>
 </clothing>
 <clothing>
  <id>
   305701088
  </id>
  <name>
   Fila Belts X-5632
  </name>
  <category>
   Belts
  </category>
  <size>
   M
  </size>
  <color>
   Желтый
  </color>
  <material>
   Лен
  </material>
  <price>
   220149
  </price>
  <rating>
   3.6
  </rating>
  <reviews>
   592131
  </reviews>
  <new>
   +
  </new>
  <exclusive>
   no
  </exclusive>
 </clothing>
 <clothing>
  <id>
   914309367
  </id>
  <name>
   Puma Shirt X-5969
  </name>
  <category>
   Shirt
  </category>
  <size>
   M
  </size>
  <color>
   Синий
  </color>
  <material>
   Лен
  </material>
  <price>
   146474
  </price>
  <rating>
   4.05
  </rating>
  <reviews>
   899482
  </reviews>
  <new>
   -
  </new>
  <exclusive>
   no
  </exclusive>
  <sporty>
   no
  </sporty>
 </clothing>
 <clothing>
  <id>
   419010549
  </id>
  <name>
   Addidas Blouse C-3685
  </name>
  <category>
   Blouse
  </category>
  <size>
   S
  </size>
  <color>
   Синий
  </color>
  <material>
   Шерсть
  </material>
  <price>
   543445
  </price>
  <rating>
   2.78
  </rating>
  <reviews>
   496566
  </reviews>
  <new>
   -
  </new>
  <exclusive>
   yes
  </exclusive>
 </clothing>
 <clothing>
  <id>
   991176606
  </id>
  <name>
   Nike Sweater S-9867
  </name>
  <category>
   Sweater
  </category>
  <size>
   XL
  </size>
  <color>
   Оранжевый
  </color>
  <material>
   Хлопок
  </material>
  <price>
   362082
  </price>
  <rating>
   3.54
  </rating>
  <reviews>
   722952
  </reviews>
  <new>
   -
  </new>
  <exclusive>
   no
  </exclusive>
 </clothing>
 <clothing>
  <id>
   883651022
  </id>
  <name>
   Adidas Socks O-7811
  </name>
  <category>
   Socks
  </category>
  <size>
   S
  </size>
  <color>
   Синий
  </color>
  <material>
   Вискоза
  </material>
  <price>
   104977
  </price>
  <rating>
   2.3
  </rating>
  <reviews>
   906310
  </reviews>
  <exclusive>
   no
  </exclusive>
  <sporty>
   no
  </sporty>
 </clothing>
 <clothing>
  <id>
   660897386
  </id>
  <name>
   Brooks Hat B-9990
  </name>
  <category>
   Hat
  </category>
  <size>
   M
  </size>
  <color>
   Желтый
  </color>
  <material>
   Хлопок
  </material>
  <price>
   178217
  </price>
  <rating>
   2.94
  </rating>
  <reviews>
   760427
  </reviews>
  <exclusive>
   no
  </exclusive>
 </clothing>
 <clothing>
  <id>
   289338481
  </id>
  <name>
   Vans Sweater O-4773
  </name>
  <category>
   Sweater
  </category>
  <size>
   M
  </size>
  <color>
   Голубой
  </color>
  <material>
   Хлопок
  </material>
  <price>
   600432
  </price>
  <rating>
   4.81
  </rating>
  <reviews>
   181997
  </reviews>
  <exclusive>
   yes
  </exclusive>
 </clothing>
 <clothing>
  <id>
   393677148
  </id>
  <name>
   Puma Shirt R-5799
  </name>
  <category>
   Shirt
  </category>
  <size>
   L
  </size>
  <color>
   Желтый
  </color>
  <material>
   Вискоза
  </material>
  <price>
   547632
  </price>
  <rating>
   4.5
  </rating>
  <reviews>
   873412
  </reviews>
  <new>
   +
  </new>
  <exclusive>
   yes
  </exclusive>
  <sporty>
   yes
  </sporty>
 </clothing>
 <clothing>
  <id>
   507763221
  </id>
  <name>
   PleinSport Shirt Z-2877
  </name>
  <category>
   Shirt
  </category>
  <size>
   L
  </size>
  <color>
   Оранжевый
  </color>
  <material>
   Хлопок
  </material>
  <price>
   785813
  </price>
  <rating>
   4.77
  </rating>
  <reviews>
   714955
  </reviews>
  <exclusive>
   no
  </exclusive>
  <sporty>
   no
  </sporty>
 </clothing>
 <clothing>
  <id>
   855186917
  </id>
  <name>
   New Balance Blouse F-5752
  </name>
  <category>
   Blouse
  </category>
  <size>
   XXL
  </size>
  <color>
   Фиолетовый
  </color>
  <material>
   Хлопок
  </material>
  <price>
   792690
  </price>
  <rating>
   3.17
  </rating>
  <reviews>
   312872
  </reviews>
  <exclusive>
   yes
  </exclusive>
 </clothing>
 <clothing>
  <id>
   904405001
  </id>
  <name>
   Under Armour Pants A-7092
  </name>
  <category>
   Pants
  </category>
  <size>
   XL
  </size>
  <color>
   Красный
  </color>
  <material>
   Полиэстер
  </material>
  <price>
   306628
  </price>
  <rating>
   2.65
  </rating>
  <reviews>
   474775
  </reviews>
  <new>
   -
  </new>
  <sporty>
   no
  </sporty>
 </clothing>
 <clothing>
  <id>
   257809228
  </id>
  <name>
   Converse Socks P-2979
  </name>
  <category>
   Socks
  </category>
  <size>
   L
  </size>
  <color>
   Желтый
  </color>
  <material>
   Хлопок
  </material>
  <price>
   665156
  </price>
  <rating>
   1.75
  </rating>
  <reviews>
   571197
  </reviews>
  <new>
   +
  </new>
  <exclusive>
   yes
  </exclusive>
  <sporty>
   no
  </sporty>
 </clothing>
 <clothing>
  <id>
   348482437
  </id>
  <name>
   Nike Pants K-9114
  </name>
  <category>
   Pants
  </category>
  <size>
   M
  </size>
  <color>
   Фиолетовый
  </color>
  <material>
   Лен
  </material>
  <price>
   170375
  </price>
  <rating>
   2.61
  </rating>
  <reviews>
   506295
  </reviews>
  <exclusive>
   no
  </exclusive>
 </clothing>
 <clothing>
  <id>
   881894736
  </id>
  <name>
   Puma Pants L-1934
  </name>
  <category>
   Pants
  </category>
  <size>
   M
  </size>
  <color>
   Оранжевый
  </color>
  <material>
   Хлопок
  </material>
  <price>
   501006
  </price>
  <rating>
   3.98
  </rating>
  <reviews>
   47706
  </reviews>
 </clothing>
 <clothing>
  <id>
   365945404
  </id>
  <name>
   Lacoste Belts P-1578
  </name>
  <category>
   Belts
  </category>
  <size>
   M
  </size>
  <color>
   Красный
  </color>
  <material>
   Полиэстер
  </material>
  <price>
   672883
  </price>
  <rating>
   3.95
  </rating>
  <reviews>
   454330
  </reviews>
  <new>
   +
  </new>
 </clothing>
 <clothing>
  <id>
   107139955
  </id>
  <name>
   New Balance Handbags T-8773
  </name>
  <category>
   Handbags
  </category>
  <size>
   XL
  </size>
  <color>
   Красный
  </color>
  <material>
   Шелк
  </material>
  <price>
   579526
  </price>
  <rating>
   4.51
  </rating>
  <reviews>
   407721
  </reviews>
 </clothing>
 <clothing>
  <id>
   570595861
  </id>
  <name>
   Vans Shoes S-3464
  </name>
  <category>
   Shoes
  </category>
  <size>
   L
  </size>
  <color>
   Голубой
  </color>
  <material>
   Нейлон
  </material>
  <price>
   480969
  </price>
  <rating>
   2.08
  </rating>
  <reviews>
   399595
  </reviews>
 </clothing>
 <clothing>
  <id>
   102038720
  </id>
  <name>
   DC Jacket J-1043
  </name>
  <category>
   Jacket
  </category>
  <size>
   XL
  </size>
  <color>
   Оранжевый
  </color>
  <material>
   Шерсть
  </material>
  <price>
   320753
  </price>
  <rating>
   2.94
  </rating>
  <reviews>
   738392
  </reviews>
  <new>
   -
  </new>
  <exclusive>
   yes
  </exclusive>
  <sporty>
   no
  </sporty>
 </clothing>
 <clothing>
  <id>
   508160404
  </id>
  <name>
   Fila Dress Y-5388
  </name>
  <category>
   Dress
  </category>
  <size>
   XXL
  </size>
  <color>
   Оранжевый
  </color>
  <material>
   Шелк
  </material>
  <price>
   126609
  </price>
  <rating>
   2.0
  </rating>
  <reviews>
   536295
  </reviews>
  <exclusive>
   no
  </exclusive>
  <sporty>
   no
  </sporty>
 </clothing>
</clothing-items>
