<?xml version="1.0" encoding="utf-8"?>
<clothing-items>
 <clothing>
  <id>
   195585964
  </id>
  <name>
   Under Armour Hat F-2437
  </name>
  <category>
   Hat
  </category>
  <size>
   S
  </size>
  <color>
   Синий
  </color>
  <material>
   Полиэстер
  </material>
  <price>
   807433
  </price>
  <rating>
   3.13
  </rating>
  <reviews>
   164791
  </reviews>
  <sporty>
   yes
  </sporty>
 </clothing>
 <clothing>
  <id>
   615621662
  </id>
  <name>
   Nike Umbrellas Z-1640
  </name>
  <category>
   Umbrellas
  </category>
  <size>
   M
  </size>
  <color>
   Синий
  </color>
  <material>
   Кожа
  </material>
  <price>
   824931
  </price>
  <rating>
   4.94
  </rating>
  <reviews>
   704642
  </reviews>
  <exclusive>
   yes
  </exclusive>
  <sporty>
   yes
  </sporty>
 </clothing>
 <clothing>
  <id>
   981403465
  </id>
  <name>
   PleinSport Shirt N-8835
  </name>
  <category>
   Shirt
  </category>
  <size>
   M
  </size>
  <color>
   Синий
  </color>
  <material>
   Полиэстер
  </material>
  <price>
   290077
  </price>
  <rating>
   2.59
  </rating>
  <reviews>
   329615
  </reviews>
  <new>
   -
  </new>
  <sporty>
   yes
  </sporty>
 </clothing>
 <clothing>
  <id>
   911083848
  </id>
  <name>
   Ellesse Socks L-1759
  </name>
  <category>
   Socks
  </category>
  <size>
   XXL
  </size>
  <color>
   Зеленый
  </color>
  <material>
   Полиэстер
  </material>
  <price>
   863331
  </price>
  <rating>
   2.01
  </rating>
  <reviews>
   869761
  </reviews>
 </clothing>
 <clothing>
  <id>
   485656710
  </id>
  <name>
   Puma Pants V-8395
  </name>
  <category>
   Pants
  </category>
  <size>
   S
  </size>
  <color>
   Фиолетовый
  </color>
  <material>
   Кожа
  </material>
  <price>
   182953
  </price>
  <rating>
   1.16
  </rating>
  <reviews>
   919632
  </reviews>
  <new>
   -
  </new>
  <exclusive>
   no
  </exclusive>
 </clothing>
 <clothing>
  <id>
   223879389
  </id>
  <name>
   Nike Shirt F-7041
  </name>
  <category>
   Shirt
  </category>
  <size>
   S
  </size>
  <color>
   Оранжевый
  </color>
  <material>
   Кожа
  </material>
  <price>
   761714
  </price>
  <rating>
   3.19
  </rating>
  <reviews>
   373389
  </reviews>
  <exclusive>
   no
  </exclusive>
 </clothing>
 <clothing>
  <id>
   336316032
  </id>
  <name>
   New Balance T-shirt Y-4101
  </name>
  <category>
   T-shirt
  </category>
  <size>
   XXL
  </size>
  <color>
   Синий
  </color>
  <material>
   Кожа
  </material>
  <price>
   790916
  </price>
  <rating>
   3.95
  </rating>
  <reviews>
   849058
  </reviews>
  <new>
   -
  </new>
  <exclusive>
   no
  </exclusive>
  <sporty>
   no
  </sporty>
 </clothing>
 <clothing>
  <id>
   536076307
  </id>
  <name>
   Converse Socks Q-6945
  </name>
  <category>
   Socks
  </category>
  <size>
   XXL
  </size>
  <color>
   Голубой
  </color>
  <material>
   Полиэстер
  </material>
  <price>
   772569
  </price>
  <rating>
   1.27
  </rating>
  <reviews>
   299613
  </reviews>
  <exclusive>
   no
  </exclusive>
 </clothing>
 <clothing>
  <id>
   482716658
  </id>
  <name>
   Brooks Belts V-5832
  </name>
  <category>
   Belts
  </category>
  <size>
   S
  </size>
  <color>
   Оранжевый
  </color>
  <material>
   Полиэстер
  </material>
  <price>
   512533
  </price>
  <rating>
   3.07
  </rating>
  <reviews>
   498856
  </reviews>
  <new>
   +
  </new>
 </clothing>
 <clothing>
  <id>
   960711622
  </id>
  <name>
   Nike Shirt R-3892
  </name>
  <category>
   Shirt
  </category>
  <size>
   XL
  </size>
  <color>
   Красный
  </color>
  <material>
   Хлопок
  </material>
  <price>
   790323
  </price>
  <rating>
   2.37
  </rating>
  <reviews>
   892720
  </reviews>
  <new>
   -
  </new>
  <sporty>
   yes
  </sporty>
 </clothing>
 <clothing>
  <id>
   669085178
  </id>
  <name>
   Ellesse Gloves D-9309
  </name>
  <category>
   Gloves
  </category>
  <size>
   S
  </size>
  <color>
   Оранжевый
  </color>
  <material>
   Вискоза
  </material>
  <price>
   154219
  </price>
  <rating>
   1.52
  </rating>
  <reviews>
   582502
  </reviews>
  <new>
   -
  </new>
  <exclusive>
   no
  </exclusive>
 </clothing>
 <clothing>
  <id>
   410426285
  </id>
  <name>
   Lacoste Sweater S-4856
  </name>
  <category>
   Sweater
  </category>
  <size>
   M
  </size>
  <color>
   Фиолетовый
  </color>
  <material>
   Хлопок
  </material>
  <price>
   442729
  </price>
  <rating>
   4.34
  </rating>
  <reviews>
   641417
  </reviews>
  <new>
   +
  </new>
  <exclusive>
   no
  </exclusive>
  <sporty>
   yes
  </sporty>
 </clothing>
 <clothing>
  <id>
   676046570
  </id>
  <name>
   Brooks Belts E-2766
  </name>
  <category>
   Belts
  </category>
  <size>
   XXL
  </size>
  <color>
   Красный
  </color>
  <material>
   Лен
  </material>
  <price>
   336710
  </price>
  <rating>
   3.88
  </rating>
  <reviews>
   687762
  </reviews>
  <new>
   -
  </new>
  <exclusive>
   no
  </exclusive>
 </clothing>
 <clothing>
  <id>
   282091173
  </id>
  <name>
   Asics Umbrellas H-4802
  </name>
  <category>
   Umbrellas
  </category>
  <size>
   XL
  </size>
  <color>
   Желтый
  </color>
  <material>
   Шелк
  </material>
  <price>
   563431
  </price>
  <rating>
   3.93
  </rating>
  <reviews>
   87187
  </reviews>
  <exclusive>
   yes
  </exclusive>
 </clothing>
 <clothing>
  <id>
   886097325
  </id>
  <name>
   PleinSport Hat S-2239
  </name>
  <category>
   Hat
  </category>
  <size>
   L
  </size>
  <color>
   Голубой
  </color>
  <material>
   Вискоза
  </material>
  <price>
   677319
  </price>
  <rating>
   2.16
  </rating>
  <reviews>
   364849
  </reviews>
  <exclusive>
   yes
  </exclusive>
  <sporty>
   no
  </sporty>
 </clothing>
 <clothing>
  <id>
   149900916
  </id>
  <name>
   Converse Hat V-4614
  </name>
  <category>
   Hat
  </category>
  <size>
   XXL
  </size>
  <color>
   Зеленый
  </color>
  <material>
   Шерсть
  </material>
  <price>
   787158
  </price>
  <rating>
   4.08
  </rating>
  <reviews>
   701229
  </reviews>
  <new>
   +
  </new>
  <exclusive>
   no
  </exclusive>
 </clothing>
 <clothing>
  <id>
   575021385
  </id>
  <name>
   Ellesse Hat F-2137
  </name>
  <category>
   Hat
  </category>
  <size>
   S
  </size>
  <color>
   Зеленый
  </color>
  <material>
   Полиэстер
  </material>
  <price>
   637908
  </price>
  <rating>
   4.18
  </rating>
  <reviews>
   305569
  </reviews>
  <exclusive>
   yes
  </exclusive>
 </clothing>
 <clothing>
  <id>
   640422727
  </id>
  <name>
   Vans Skirt N-3321
  </name>
  <category>
   Skirt
  </category>
  <size>
   XXL
  </size>
  <color>
   Оранжевый
  </color>
  <material>
   Лен
  </material>
  <price>
   633266
  </price>
  <rating>
   3.39
  </rating>
  <reviews>
   62115
  </reviews>
  <exclusive>
   yes
  </exclusive>
 </clothing>
 <clothing>
  <id>
   255367037
  </id>
  <name>
   Addidas Skirt P-9693
  </name>
  <category>
   Skirt
  </category>
  <size>
   S
  </size>
  <color>
   Фиолетовый
  </color>
  <material>
   Нейлон
  </material>
  <price>
   625819
  </price>
  <rating>
   1.25
  </rating>
  <reviews>
   706395
  </reviews>
  <sporty>
   yes
  </sporty>
 </clothing>
 <clothing>
  <id>
   110589731
  </id>
  <name>
   Reebok Socks I-5172
  </name>
  <category>
   Socks
  </category>
  <size>
   XXL
  </size>
  <color>
   Голубой
  </color>
  <material>
   Полиэстер
  </material>
  <price>
   584370
  </price>
  <rating>
   4.43
  </rating>
  <reviews>
   963184
  </reviews>
  <new>
   +
  </new>
  <exclusive>
   no
  </exclusive>
  <sporty>
   no
  </sporty>
 </clothing>
 <clothing>
  <id>
   764422291
  </id>
  <name>
   Brooks Skirt S-4720
  </name>
  <category>
   Skirt
  </category>
  <size>
   XXL
  </size>
  <color>
   Синий
  </color>
  <material>
   Шелк
  </material>
  <price>
   166990
  </price>
  <rating>
   4.96
  </rating>
  <reviews>
   771778
  </reviews>
  <new>
   +
  </new>
  <exclusive>
   no
  </exclusive>
  <sporty>
   no
  </sporty>
 </clothing>
 <clothing>
  <id>
   858465692
  </id>
  <name>
   Puma Shoes Z-8060
  </name>
  <category>
   Shoes
  </category>
  <size>
   M
  </size>
  <color>
   Зеленый
  </color>
  <material>
   Полиэстер
  </material>
  <price>
   981867
  </price>
  <rating>
   4.47
  </rating>
  <reviews>
   841008
  </reviews>
  <exclusive>
   yes
  </exclusive>
 </clothing>
 <clothing>
  <id>
   400288603
  </id>
  <name>
   Nike Shirt B-4758
  </name>
  <category>
   Shirt
  </category>
  <size>
   XL
  </size>
  <color>
   Желтый
  </color>
  <material>
   Вискоза
  </material>
  <price>
   808610
  </price>
  <rating>
   2.73
  </rating>
  <reviews>
   7255
  </reviews>
  <new>
   -
  </new>
  <exclusive>
   no
  </exclusive>
  <sporty>
   no
  </sporty>
 </clothing>
 <clothing>
  <id>
   487072229
  </id>
  <name>
   Adidas Sweater K-2402
  </name>
  <category>
   Sweater
  </category>
  <size>
   L
  </size>
  <color>
   Желтый
  </color>
  <material>
   Лен
  </material>
  <price>
   592039
  </price>
  <rating>
   1.76
  </rating>
  <reviews>
   435399
  </reviews>
  <new>
   -
  </new>
  <sporty>
   yes
  </sporty>
 </clothing>
 <clothing>
  <id>
   174163688
  </id>
  <name>
   Fila Gloves G-8888
  </name>
  <category>
   Gloves
  </category>
  <size>
   S
  </size>
  <color>
   Оранжевый
  </color>
  <material>
   Шерсть
  </material>
  <price>
   518842
  </price>
  <rating>
   2.01
  </rating>
  <reviews>
   516825
  </reviews>
  <new>
   -
  </new>
  <exclusive>
   no
  </exclusive>
 </clothing>
</clothing-items>
