<?xml version="1.0" encoding="utf-8"?>
<clothing-items>
 <clothing>
  <id>
   629845358
  </id>
  <name>
   Puma Gloves U-4565
  </name>
  <category>
   Gloves
  </category>
  <size>
   XL
  </size>
  <color>
   Красный
  </color>
  <material>
   Лен
  </material>
  <price>
   103132
  </price>
  <rating>
   1.0
  </rating>
  <reviews>
   718912
  </reviews>
 </clothing>
 <clothing>
  <id>
   931615254
  </id>
  <name>
   Puma Hat X-1272
  </name>
  <category>
   Hat
  </category>
  <size>
   XL
  </size>
  <color>
   Фиолетовый
  </color>
  <material>
   Лен
  </material>
  <price>
   475428
  </price>
  <rating>
   4.61
  </rating>
  <reviews>
   903919
  </reviews>
  <new>
   -
  </new>
  <exclusive>
   yes
  </exclusive>
  <sporty>
   yes
  </sporty>
 </clothing>
 <clothing>
  <id>
   809067472
  </id>
  <name>
   Vans Blouse H-1821
  </name>
  <category>
   Blouse
  </category>
  <size>
   XXL
  </size>
  <color>
   Красный
  </color>
  <material>
   Лен
  </material>
  <price>
   217693
  </price>
  <rating>
   1.2
  </rating>
  <reviews>
   342646
  </reviews>
  <new>
   -
  </new>
 </clothing>
 <clothing>
  <id>
   636611705
  </id>
  <name>
   Nike Jacket S-3545
  </name>
  <category>
   Jacket
  </category>
  <size>
   L
  </size>
  <color>
   Красный
  </color>
  <material>
   Лен
  </material>
  <price>
   942519
  </price>
  <rating>
   2.84
  </rating>
  <reviews>
   946766
  </reviews>
  <new>
   +
  </new>
  <exclusive>
   no
  </exclusive>
 </clothing>
 <clothing>
  <id>
   367034623
  </id>
  <name>
   Brooks Socks B-3773
  </name>
  <category>
   Socks
  </category>
  <size>
   L
  </size>
  <color>
   Голубой
  </color>
  <material>
   Вискоза
  </material>
  <price>
   864810
  </price>
  <rating>
   2.11
  </rating>
  <reviews>
   410316
  </reviews>
  <sporty>
   no
  </sporty>
 </clothing>
 <clothing>
  <id>
   141705775
  </id>
  <name>
   Nike Jacket N-2425
  </name>
  <category>
   Jacket
  </category>
  <size>
   XL
  </size>
  <color>
   Синий
  </color>
  <material>
   Кожа
  </material>
  <price>
   372503
  </price>
  <rating>
   4.11
  </rating>
  <reviews>
   600117
  </reviews>
  <new>
   -
  </new>
  <exclusive>
   yes
  </exclusive>
  <sporty>
   yes
  </sporty>
 </clothing>
 <clothing>
  <id>
   628856951
  </id>
  <name>
   Ellesse Shoes R-8630
  </name>
  <category>
   Shoes
  </category>
  <size>
   L
  </size>
  <color>
   Желтый
  </color>
  <material>
   Нейлон
  </material>
  <price>
   450700
  </price>
  <rating>
   2.91
  </rating>
  <reviews>
   152419
  </reviews>
  <exclusive>
   yes
  </exclusive>
 </clothing>
 <clothing>
  <id>
   168246136
  </id>
  <name>
   Converse Jeans A-9736
  </name>
  <category>
   Jeans
  </category>
  <size>
   M
  </size>
  <color>
   Красный
  </color>
  <material>
   Кожа
  </material>
  <price>
   392520
  </price>
  <rating>
   1.4
  </rating>
  <reviews>
   393209
  </reviews>
  <new>
   +
  </new>
  <sporty>
   no
  </sporty>
 </clothing>
 <clothing>
  <id>
   421259492
  </id>
  <name>
   Nike Pants K-5214
  </name>
  <category>
   Pants
  </category>
  <size>
   S
  </size>
  <color>
   Желтый
  </color>
  <material>
   Вискоза
  </material>
  <price>
   325415
  </price>
  <rating>
   3.29
  </rating>
  <reviews>
   18134
  </reviews>
  <new>
   +
  </new>
  <exclusive>
   no
  </exclusive>
  <sporty>
   no
  </sporty>
 </clothing>
 <clothing>
  <id>
   815493864
  </id>
  <name>
   Converse Skirt B-8248
  </name>
  <category>
   Skirt
  </category>
  <size>
   XXL
  </size>
  <color>
   Красный
  </color>
  <material>
   Полиэстер
  </material>
  <price>
   918715
  </price>
  <rating>
   4.83
  </rating>
  <reviews>
   911984
  </reviews>
  <new>
   +
  </new>
  <sporty>
   no
  </sporty>
 </clothing>
 <clothing>
  <id>
   330572298
  </id>
  <name>
   PleinSport Dress L-4950
  </name>
  <category>
   Dress
  </category>
  <size>
   S
  </size>
  <color>
   Желтый
  </color>
  <material>
   Вискоза
  </material>
  <price>
   213789
  </price>
  <rating>
   1.36
  </rating>
  <reviews>
   612731
  </reviews>
  <new>
   +
  </new>
  <exclusive>
   yes
  </exclusive>
  <sporty>
   yes
  </sporty>
 </clothing>
 <clothing>
  <id>
   461169153
  </id>
  <name>
   Lacoste Shirt X-2726
  </name>
  <category>
   Shirt
  </category>
  <size>
   L
  </size>
  <color>
   Голубой
  </color>
  <material>
   Лен
  </material>
  <price>
   938856
  </price>
  <rating>
   3.7
  </rating>
  <reviews>
   12165
  </reviews>
  <new>
   +
  </new>
  <exclusive>
   yes
  </exclusive>
 </clothing>
 <clothing>
  <id>
   106931351
  </id>
  <name>
   PleinSport Sweater G-7256
  </name>
  <category>
   Sweater
  </category>
  <size>
   L
  </size>
  <color>
   Голубой
  </color>
  <material>
   Полиэстер
  </material>
  <price>
   586784
  </price>
  <rating>
   1.31
  </rating>
  <reviews>
   999992
  </reviews>
  <exclusive>
   no
  </exclusive>
  <sporty>
   yes
  </sporty>
 </clothing>
 <clothing>
  <id>
   922557118
  </id>
  <name>
   Reebok Pants D-5021
  </name>
  <category>
   Pants
  </category>
  <size>
   XL
  </size>
  <color>
   Зеленый
  </color>
  <material>
   Вискоза
  </material>
  <price>
   368387
  </price>
  <rating>
   2.32
  </rating>
  <reviews>
   114562
  </reviews>
 </clothing>
 <clothing>
  <id>
   416980976
  </id>
  <name>
   Lacoste Umbrellas L-8947
  </name>
  <category>
   Umbrellas
  </category>
  <size>
   XL
  </size>
  <color>
   Зеленый
  </color>
  <material>
   Шелк
  </material>
  <price>
   879619
  </price>
  <rating>
   1.62
  </rating>
  <reviews>
   107094
  </reviews>
  <new>
   +
  </new>
  <sporty>
   yes
  </sporty>
 </clothing>
 <clothing>
  <id>
   756420700
  </id>
  <name>
   Adidas Jeans D-2237
  </name>
  <category>
   Jeans
  </category>
  <size>
   L
  </size>
  <color>
   Красный
  </color>
  <material>
   Полиэстер
  </material>
  <price>
   270620
  </price>
  <rating>
   2.93
  </rating>
  <reviews>
   143021
  </reviews>
  <exclusive>
   yes
  </exclusive>
 </clothing>
 <clothing>
  <id>
   217498824
  </id>
  <name>
   Puma Dress D-3308
  </name>
  <category>
   Dress
  </category>
  <size>
   M
  </size>
  <color>
   Синий
  </color>
  <material>
   Полиэстер
  </material>
  <price>
   179464
  </price>
  <rating>
   1.08
  </rating>
  <reviews>
   703524
  </reviews>
  <new>
   +
  </new>
  <exclusive>
   no
  </exclusive>
 </clothing>
 <clothing>
  <id>
   139885921
  </id>
  <name>
   Fila Dress Z-2889
  </name>
  <category>
   Dress
  </category>
  <size>
   M
  </size>
  <color>
   Оранжевый
  </color>
  <material>
   Лен
  </material>
  <price>
   985554
  </price>
  <rating>
   3.87
  </rating>
  <reviews>
   658796
  </reviews>
  <exclusive>
   no
  </exclusive>
  <sporty>
   yes
  </sporty>
 </clothing>
 <clothing>
  <id>
   391293782
  </id>
  <name>
   Vans Shirt Z-7118
  </name>
  <category>
   Shirt
  </category>
  <size>
   M
  </size>
  <color>
   Голубой
  </color>
  <material>
   Полиэстер
  </material>
  <price>
   556259
  </price>
  <rating>
   2.75
  </rating>
  <reviews>
   605242
  </reviews>
  <new>
   +
  </new>
  <sporty>
   yes
  </sporty>
 </clothing>
 <clothing>
  <id>
   179535483
  </id>
  <name>
   Ellesse Pants L-9762
  </name>
  <category>
   Pants
  </category>
  <size>
   M
  </size>
  <color>
   Желтый
  </color>
  <material>
   Вискоза
  </material>
  <price>
   530576
  </price>
  <rating>
   4.87
  </rating>
  <reviews>
   293280
  </reviews>
  <new>
   -
  </new>
  <sporty>
   no
  </sporty>
 </clothing>
 <clothing>
  <id>
   157656063
  </id>
  <name>
   PleinSport Umbrellas G-2367
  </name>
  <category>
   Umbrellas
  </category>
  <size>
   L
  </size>
  <color>
   Желтый
  </color>
  <material>
   Лен
  </material>
  <price>
   770916
  </price>
  <rating>
   4.51
  </rating>
  <reviews>
   585104
  </reviews>
  <exclusive>
   yes
  </exclusive>
 </clothing>
</clothing-items>
