<?xml version="1.0" encoding="utf-8"?>
<clothing-items>
 <clothing>
  <id>
   816759005
  </id>
  <name>
   Adidas Gloves B-9680
  </name>
  <category>
   Gloves
  </category>
  <size>
   S
  </size>
  <color>
   Желтый
  </color>
  <material>
   Шерсть
  </material>
  <price>
   609461
  </price>
  <rating>
   3.7
  </rating>
  <reviews>
   558577
  </reviews>
  <sporty>
   no
  </sporty>
 </clothing>
 <clothing>
  <id>
   153871896
  </id>
  <name>
   Fila Pants M-2289
  </name>
  <category>
   Pants
  </category>
  <size>
   XL
  </size>
  <color>
   Зеленый
  </color>
  <material>
   Лен
  </material>
  <price>
   872524
  </price>
  <rating>
   3.27
  </rating>
  <reviews>
   452245
  </reviews>
  <new>
   +
  </new>
  <sporty>
   yes
  </sporty>
 </clothing>
 <clothing>
  <id>
   667804708
  </id>
  <name>
   Fila Hat Q-4182
  </name>
  <category>
   Hat
  </category>
  <size>
   M
  </size>
  <color>
   Голубой
  </color>
  <material>
   Лен
  </material>
  <price>
   945412
  </price>
  <rating>
   2.62
  </rating>
  <reviews>
   841302
  </reviews>
  <exclusive>
   yes
  </exclusive>
  <sporty>
   no
  </sporty>
 </clothing>
 <clothing>
  <id>
   326255512
  </id>
  <name>
   Vans Gloves H-3409
  </name>
  <category>
   Gloves
  </category>
  <size>
   XL
  </size>
  <color>
   Зеленый
  </color>
  <material>
   Шерсть
  </material>
  <price>
   936045
  </price>
  <rating>
   3.29
  </rating>
  <reviews>
   970259
  </reviews>
  <exclusive>
   no
  </exclusive>
 </clothing>
 <clothing>
  <id>
   877641211
  </id>
  <name>
   Converse Hat O-6252
  </name>
  <category>
   Hat
  </category>
  <size>
   L
  </size>
  <color>
   Зеленый
  </color>
  <material>
   Лен
  </material>
  <price>
   170037
  </price>
  <rating>
   3.07
  </rating>
  <reviews>
   688600
  </reviews>
  <new>
   -
  </new>
  <exclusive>
   no
  </exclusive>
 </clothing>
 <clothing>
  <id>
   932880999
  </id>
  <name>
   Addidas Belts Y-5092
  </name>
  <category>
   Belts
  </category>
  <size>
   M
  </size>
  <color>
   Желтый
  </color>
  <material>
   Шелк
  </material>
  <price>
   840231
  </price>
  <rating>
   4.93
  </rating>
  <reviews>
   833316
  </reviews>
  <exclusive>
   yes
  </exclusive>
 </clothing>
 <clothing>
  <id>
   503311744
  </id>
  <name>
   Vans Jacket U-8391
  </name>
  <category>
   Jacket
  </category>
  <size>
   S
  </size>
  <color>
   Желтый
  </color>
  <material>
   Шелк
  </material>
  <price>
   325099
  </price>
  <rating>
   3.49
  </rating>
  <reviews>
   75610
  </reviews>
 </clothing>
 <clothing>
  <id>
   967365593
  </id>
  <name>
   Vans Handbags E-1462
  </name>
  <category>
   Handbags
  </category>
  <size>
   M
  </size>
  <color>
   Зеленый
  </color>
  <material>
   Шелк
  </material>
  <price>
   211866
  </price>
  <rating>
   4.65
  </rating>
  <reviews>
   102920
  </reviews>
  <sporty>
   yes
  </sporty>
 </clothing>
 <clothing>
  <id>
   434170026
  </id>
  <name>
   Reebok Jacket H-6808
  </name>
  <category>
   Jacket
  </category>
  <size>
   XXL
  </size>
  <color>
   Оранжевый
  </color>
  <material>
   Хлопок
  </material>
  <price>
   543359
  </price>
  <rating>
   3.7
  </rating>
  <reviews>
   643949
  </reviews>
  <new>
   +
  </new>
  <sporty>
   no
  </sporty>
 </clothing>
 <clothing>
  <id>
   465654888
  </id>
  <name>
   Addidas Blouse P-7998
  </name>
  <category>
   Blouse
  </category>
  <size>
   S
  </size>
  <color>
   Синий
  </color>
  <material>
   Вискоза
  </material>
  <price>
   639152
  </price>
  <rating>
   2.25
  </rating>
  <reviews>
   895496
  </reviews>
  <new>
   -
  </new>
  <exclusive>
   no
  </exclusive>
 </clothing>
 <clothing>
  <id>
   741678618
  </id>
  <name>
   Under Armour Blouse L-2800
  </name>
  <category>
   Blouse
  </category>
  <size>
   XL
  </size>
  <color>
   Голубой
  </color>
  <material>
   Шелк
  </material>
  <price>
   758782
  </price>
  <rating>
   1.33
  </rating>
  <reviews>
   789008
  </reviews>
  <exclusive>
   yes
  </exclusive>
  <sporty>
   yes
  </sporty>
 </clothing>
 <clothing>
  <id>
   213535355
  </id>
  <name>
   Reebok Pants D-1191
  </name>
  <category>
   Pants
  </category>
  <size>
   S
  </size>
  <color>
   Оранжевый
  </color>
  <material>
   Хлопок
  </material>
  <price>
   527901
  </price>
  <rating>
   3.53
  </rating>
  <reviews>
   725924
  </reviews>
  <new>
   -
  </new>
  <exclusive>
   no
  </exclusive>
 </clothing>
 <clothing>
  <id>
   902561421
  </id>
  <name>
   DC Blouse M-5768
  </name>
  <category>
   Blouse
  </category>
  <size>
   L
  </size>
  <color>
   Синий
  </color>
  <material>
   Нейлон
  </material>
  <price>
   643311
  </price>
  <rating>
   3.49
  </rating>
  <reviews>
   918738
  </reviews>
  <sporty>
   no
  </sporty>
 </clothing>
 <clothing>
  <id>
   682860909
  </id>
  <name>
   DC Jeans M-7913
  </name>
  <category>
   Jeans
  </category>
  <size>
   XL
  </size>
  <color>
   Зеленый
  </color>
  <material>
   Кожа
  </material>
  <price>
   227571
  </price>
  <rating>
   2.29
  </rating>
  <reviews>
   222996
  </reviews>
 </clothing>
 <clothing>
  <id>
   720551192
  </id>
  <name>
   Lacoste Skirt J-8408
  </name>
  <category>
   Skirt
  </category>
  <size>
   XXL
  </size>
  <color>
   Голубой
  </color>
  <material>
   Кожа
  </material>
  <price>
   420846
  </price>
  <rating>
   3.73
  </rating>
  <reviews>
   640955
  </reviews>
  <new>
   -
  </new>
  <exclusive>
   no
  </exclusive>
  <sporty>
   no
  </sporty>
 </clothing>
 <clothing>
  <id>
   420712028
  </id>
  <name>
   Brooks Jeans S-5804
  </name>
  <category>
   Jeans
  </category>
  <size>
   L
  </size>
  <color>
   Красный
  </color>
  <material>
   Кожа
  </material>
  <price>
   479658
  </price>
  <rating>
   1.15
  </rating>
  <reviews>
   736535
  </reviews>
  <new>
   +
  </new>
  <exclusive>
   yes
  </exclusive>
 </clothing>
 <clothing>
  <id>
   759486579
  </id>
  <name>
   New Balance Belts E-6847
  </name>
  <category>
   Belts
  </category>
  <size>
   S
  </size>
  <color>
   Зеленый
  </color>
  <material>
   Кожа
  </material>
  <price>
   141320
  </price>
  <rating>
   2.66
  </rating>
  <reviews>
   35301
  </reviews>
  <new>
   -
  </new>
  <exclusive>
   yes
  </exclusive>
  <sporty>
   no
  </sporty>
 </clothing>
 <clothing>
  <id>
   339710330
  </id>
  <name>
   Puma Dress P-6726
  </name>
  <category>
   Dress
  </category>
  <size>
   XL
  </size>
  <color>
   Фиолетовый
  </color>
  <material>
   Хлопок
  </material>
  <price>
   316604
  </price>
  <rating>
   4.97
  </rating>
  <reviews>
   893345
  </reviews>
  <new>
   -
  </new>
  <sporty>
   no
  </sporty>
 </clothing>
 <clothing>
  <id>
   969142014
  </id>
  <name>
   Converse Hat M-1084
  </name>
  <category>
   Hat
  </category>
  <size>
   M
  </size>
  <color>
   Фиолетовый
  </color>
  <material>
   Вискоза
  </material>
  <price>
   959377
  </price>
  <rating>
   1.58
  </rating>
  <reviews>
   487546
  </reviews>
  <exclusive>
   no
  </exclusive>
  <sporty>
   no
  </sporty>
 </clothing>
 <clothing>
  <id>
   932855138
  </id>
  <name>
   Nike Sweater L-5933
  </name>
  <category>
   Sweater
  </category>
  <size>
   L
  </size>
  <color>
   Красный
  </color>
  <material>
   Вискоза
  </material>
  <price>
   568073
  </price>
  <rating>
   2.58
  </rating>
  <reviews>
   319261
  </reviews>
  <new>
   -
  </new>
  <exclusive>
   no
  </exclusive>
  <sporty>
   no
  </sporty>
 </clothing>
 <clothing>
  <id>
   900518927
  </id>
  <name>
   Ellesse Jeans U-1666
  </name>
  <category>
   Jeans
  </category>
  <size>
   M
  </size>
  <color>
   Оранжевый
  </color>
  <material>
   Полиэстер
  </material>
  <price>
   869882
  </price>
  <rating>
   2.81
  </rating>
  <reviews>
   720310
  </reviews>
  <sporty>
   no
  </sporty>
 </clothing>
 <clothing>
  <id>
   846673512
  </id>
  <name>
   Brooks Shoes K-2448
  </name>
  <category>
   Shoes
  </category>
  <size>
   XXL
  </size>
  <color>
   Желтый
  </color>
  <material>
   Хлопок
  </material>
  <price>
   657686
  </price>
  <rating>
   1.13
  </rating>
  <reviews>
   669780
  </reviews>
  <new>
   -
  </new>
 </clothing>
 <clothing>
  <id>
   310090041
  </id>
  <name>
   DC Dress O-9801
  </name>
  <category>
   Dress
  </category>
  <size>
   XL
  </size>
  <color>
   Фиолетовый
  </color>
  <material>
   Вискоза
  </material>
  <price>
   840341
  </price>
  <rating>
   2.78
  </rating>
  <reviews>
   846714
  </reviews>
  <new>
   +
  </new>
  <exclusive>
   yes
  </exclusive>
  <sporty>
   yes
  </sporty>
 </clothing>
 <clothing>
  <id>
   738078024
  </id>
  <name>
   Vans Shirt J-5139
  </name>
  <category>
   Shirt
  </category>
  <size>
   XXL
  </size>
  <color>
   Красный
  </color>
  <material>
   Вискоза
  </material>
  <price>
   656089
  </price>
  <rating>
   4.82
  </rating>
  <reviews>
   665228
  </reviews>
  <new>
   -
  </new>
  <sporty>
   no
  </sporty>
 </clothing>
 <clothing>
  <id>
   338238999
  </id>
  <name>
   Lacoste Dress E-6153
  </name>
  <category>
   Dress
  </category>
  <size>
   L
  </size>
  <color>
   Зеленый
  </color>
  <material>
   Полиэстер
  </material>
  <price>
   421707
  </price>
  <rating>
   2.99
  </rating>
  <reviews>
   492953
  </reviews>
  <new>
   -
  </new>
  <exclusive>
   yes
  </exclusive>
  <sporty>
   yes
  </sporty>
 </clothing>
 <clothing>
  <id>
   524199631
  </id>
  <name>
   Fila Shirt L-9366
  </name>
  <category>
   Shirt
  </category>
  <size>
   XL
  </size>
  <color>
   Фиолетовый
  </color>
  <material>
   Лен
  </material>
  <price>
   957378
  </price>
  <rating>
   3.91
  </rating>
  <reviews>
   595231
  </reviews>
  <new>
   +
  </new>
  <sporty>
   no
  </sporty>
 </clothing>
 <clothing>
  <id>
   291629278
  </id>
  <name>
   Reebok Dress N-3113
  </name>
  <category>
   Dress
  </category>
  <size>
   XL
  </size>
  <color>
   Фиолетовый
  </color>
  <material>
   Полиэстер
  </material>
  <price>
   869441
  </price>
  <rating>
   4.36
  </rating>
  <reviews>
   924727
  </reviews>
  <new>
   +
  </new>
  <exclusive>
   yes
  </exclusive>
  <sporty>
   no
  </sporty>
 </clothing>
 <clothing>
  <id>
   593673625
  </id>
  <name>
   Adidas Blouse I-3284
  </name>
  <category>
   Blouse
  </category>
  <size>
   M
  </size>
  <color>
   Синий
  </color>
  <material>
   Вискоза
  </material>
  <price>
   546869
  </price>
  <rating>
   1.79
  </rating>
  <reviews>
   6291
  </reviews>
  <new>
   -
  </new>
  <sporty>
   yes
  </sporty>
 </clothing>
 <clothing>
  <id>
   629487851
  </id>
  <name>
   Nike T-shirt K-6332
  </name>
  <category>
   T-shirt
  </category>
  <size>
   M
  </size>
  <color>
   Красный
  </color>
  <material>
   Вискоза
  </material>
  <price>
   195022
  </price>
  <rating>
   1.71
  </rating>
  <reviews>
   460436
  </reviews>
  <new>
   -
  </new>
  <exclusive>
   yes
  </exclusive>
  <sporty>
   no
  </sporty>
 </clothing>
 <clothing>
  <id>
   759815088
  </id>
  <name>
   New Balance Belts Q-1682
  </name>
  <category>
   Belts
  </category>
  <size>
   M
  </size>
  <color>
   Фиолетовый
  </color>
  <material>
   Шелк
  </material>
  <price>
   223687
  </price>
  <rating>
   3.1
  </rating>
  <reviews>
   871577
  </reviews>
  <exclusive>
   no
  </exclusive>
  <sporty>
   no
  </sporty>
 </clothing>
 <clothing>
  <id>
   504079847
  </id>
  <name>
   Adidas Dress N-1942
  </name>
  <category>
   Dress
  </category>
  <size>
   L
  </size>
  <color>
   Фиолетовый
  </color>
  <material>
   Хлопок
  </material>
  <price>
   784175
  </price>
  <rating>
   3.33
  </rating>
  <reviews>
   809185
  </reviews>
  <new>
   -
  </new>
 </clothing>
 <clothing>
  <id>
   900146065
  </id>
  <name>
   Adidas Dress Z-9794
  </name>
  <category>
   Dress
  </category>
  <size>
   M
  </size>
  <color>
   Фиолетовый
  </color>
  <material>
   Лен
  </material>
  <price>
   415615
  </price>
  <rating>
   4.29
  </rating>
  <reviews>
   155213
  </reviews>
  <exclusive>
   yes
  </exclusive>
  <sporty>
   yes
  </sporty>
 </clothing>
</clothing-items>
