<?xml version="1.0" encoding="utf-8"?>
<clothing-items>
 <clothing>
  <id>
   224029296
  </id>
  <name>
   DC Belts I-9499
  </name>
  <category>
   Belts
  </category>
  <size>
   XXL
  </size>
  <color>
   Фиолетовый
  </color>
  <material>
   Шерсть
  </material>
  <price>
   952073
  </price>
  <rating>
   3.98
  </rating>
  <reviews>
   796236
  </reviews>
  <sporty>
   yes
  </sporty>
 </clothing>
 <clothing>
  <id>
   267056477
  </id>
  <name>
   PleinSport Jeans H-9459
  </name>
  <category>
   Jeans
  </category>
  <size>
   M
  </size>
  <color>
   Голубой
  </color>
  <material>
   Лен
  </material>
  <price>
   306492
  </price>
  <rating>
   4.9
  </rating>
  <reviews>
   408931
  </reviews>
  <new>
   -
  </new>
  <exclusive>
   no
  </exclusive>
  <sporty>
   no
  </sporty>
 </clothing>
 <clothing>
  <id>
   289934541
  </id>
  <name>
   Asics Socks P-9467
  </name>
  <category>
   Socks
  </category>
  <size>
   XXL
  </size>
  <color>
   Зеленый
  </color>
  <material>
   Вискоза
  </material>
  <price>
   962670
  </price>
  <rating>
   4.22
  </rating>
  <reviews>
   447833
  </reviews>
  <new>
   +
  </new>
  <sporty>
   yes
  </sporty>
 </clothing>
 <clothing>
  <id>
   958449946
  </id>
  <name>
   Asics Gloves W-2205
  </name>
  <category>
   Gloves
  </category>
  <size>
   XL
  </size>
  <color>
   Желтый
  </color>
  <material>
   Кожа
  </material>
  <price>
   846880
  </price>
  <rating>
   1.27
  </rating>
  <reviews>
   484196
  </reviews>
  <sporty>
   no
  </sporty>
 </clothing>
 <clothing>
  <id>
   652643022
  </id>
  <name>
   Ellesse Socks O-2546
  </name>
  <category>
   Socks
  </category>
  <size>
   L
  </size>
  <color>
   Зеленый
  </color>
  <material>
   Шелк
  </material>
  <price>
   112032
  </price>
  <rating>
   2.66
  </rating>
  <reviews>
   22906
  </reviews>
  <new>
   -
  </new>
  <sporty>
   yes
  </sporty>
 </clothing>
 <clothing>
  <id>
   847369066
  </id>
  <name>
   PleinSport Skirt I-6913
  </name>
  <category>
   Skirt
  </category>
  <size>
   M
  </size>
  <color>
   Фиолетовый
  </color>
  <material>
   Шелк
  </material>
  <price>
   133454
  </price>
  <rating>
   4.15
  </rating>
  <reviews>
   369579
  </reviews>
  <sporty>
   yes
  </sporty>
 </clothing>
 <clothing>
  <id>
   681972306
  </id>
  <name>
   Vans T-shirt M-6143
  </name>
  <category>
   T-shirt
  </category>
  <size>
   XL
  </size>
  <color>
   Оранжевый
  </color>
  <material>
   Полиэстер
  </material>
  <price>
   797814
  </price>
  <rating>
   4.05
  </rating>
  <reviews>
   856839
  </reviews>
  <new>
   -
  </new>
  <exclusive>
   no
  </exclusive>
 </clothing>
 <clothing>
  <id>
   538607094
  </id>
  <name>
   Vans T-shirt Y-3185
  </name>
  <category>
   T-shirt
  </category>
  <size>
   M
  </size>
  <color>
   Оранжевый
  </color>
  <material>
   Полиэстер
  </material>
  <price>
   289645
  </price>
  <rating>
   1.24
  </rating>
  <reviews>
   585209
  </reviews>
 </clothing>
 <clothing>
  <id>
   753778923
  </id>
  <name>
   New Balance Hat T-3230
  </name>
  <category>
   Hat
  </category>
  <size>
   XL
  </size>
  <color>
   Зеленый
  </color>
  <material>
   Кожа
  </material>
  <price>
   443166
  </price>
  <rating>
   1.2
  </rating>
  <reviews>
   961050
  </reviews>
  <new>
   -
  </new>
  <sporty>
   yes
  </sporty>
 </clothing>
 <clothing>
  <id>
   520543979
  </id>
  <name>
   New Balance Handbags C-9374
  </name>
  <category>
   Handbags
  </category>
  <size>
   M
  </size>
  <color>
   Оранжевый
  </color>
  <material>
   Шерсть
  </material>
  <price>
   429652
  </price>
  <rating>
   4.65
  </rating>
  <reviews>
   137311
  </reviews>
  <sporty>
   no
  </sporty>
 </clothing>
 <clothing>
  <id>
   502592636
  </id>
  <name>
   Puma Belts J-7645
  </name>
  <category>
   Belts
  </category>
  <size>
   M
  </size>
  <color>
   Оранжевый
  </color>
  <material>
   Шерсть
  </material>
  <price>
   325373
  </price>
  <rating>
   2.07
  </rating>
  <reviews>
   581296
  </reviews>
  <new>
   -
  </new>
  <exclusive>
   no
  </exclusive>
 </clothing>
 <clothing>
  <id>
   369816201
  </id>
  <name>
   Adidas Pants U-4025
  </name>
  <category>
   Pants
  </category>
  <size>
   M
  </size>
  <color>
   Оранжевый
  </color>
  <material>
   Хлопок
  </material>
  <price>
   301127
  </price>
  <rating>
   2.8
  </rating>
  <reviews>
   65072
  </reviews>
  <sporty>
   no
  </sporty>
 </clothing>
 <clothing>
  <id>
   281736422
  </id>
  <name>
   Puma Hat S-5925
  </name>
  <category>
   Hat
  </category>
  <size>
   L
  </size>
  <color>
   Желтый
  </color>
  <material>
   Нейлон
  </material>
  <price>
   398091
  </price>
  <rating>
   4.12
  </rating>
  <reviews>
   942389
  </reviews>
  <new>
   -
  </new>
  <sporty>
   no
  </sporty>
 </clothing>
 <clothing>
  <id>
   404475303
  </id>
  <name>
   Nike Skirt M-8821
  </name>
  <category>
   Skirt
  </category>
  <size>
   M
  </size>
  <color>
   Фиолетовый
  </color>
  <material>
   Вискоза
  </material>
  <price>
   832353
  </price>
  <rating>
   4.34
  </rating>
  <reviews>
   937449
  </reviews>
  <exclusive>
   yes
  </exclusive>
  <sporty>
   no
  </sporty>
 </clothing>
 <clothing>
  <id>
   908625487
  </id>
  <name>
   Asics Socks V-6213
  </name>
  <category>
   Socks
  </category>
  <size>
   XXL
  </size>
  <color>
   Фиолетовый
  </color>
  <material>
   Шелк
  </material>
  <price>
   858082
  </price>
  <rating>
   3.06
  </rating>
  <reviews>
   375845
  </reviews>
 </clothing>
 <clothing>
  <id>
   965802531
  </id>
  <name>
   Brooks Hat F-7991
  </name>
  <category>
   Hat
  </category>
  <size>
   XXL
  </size>
  <color>
   Красный
  </color>
  <material>
   Вискоза
  </material>
  <price>
   543432
  </price>
  <rating>
   2.4
  </rating>
  <reviews>
   527144
  </reviews>
  <new>
   -
  </new>
  <exclusive>
   yes
  </exclusive>
  <sporty>
   yes
  </sporty>
 </clothing>
 <clothing>
  <id>
   948945004
  </id>
  <name>
   PleinSport Jeans T-9614
  </name>
  <category>
   Jeans
  </category>
  <size>
   XXL
  </size>
  <color>
   Желтый
  </color>
  <material>
   Шерсть
  </material>
  <price>
   861515
  </price>
  <rating>
   1.38
  </rating>
  <reviews>
   383188
  </reviews>
  <new>
   -
  </new>
  <sporty>
   yes
  </sporty>
 </clothing>
 <clothing>
  <id>
   794791158
  </id>
  <name>
   Reebok Jacket A-4905
  </name>
  <category>
   Jacket
  </category>
  <size>
   XL
  </size>
  <color>
   Фиолетовый
  </color>
  <material>
   Шерсть
  </material>
  <price>
   427872
  </price>
  <rating>
   1.79
  </rating>
  <reviews>
   749782
  </reviews>
  <new>
   -
  </new>
  <exclusive>
   no
  </exclusive>
  <sporty>
   yes
  </sporty>
 </clothing>
 <clothing>
  <id>
   427392156
  </id>
  <name>
   Addidas Sweater A-3401
  </name>
  <category>
   Sweater
  </category>
  <size>
   M
  </size>
  <color>
   Оранжевый
  </color>
  <material>
   Полиэстер
  </material>
  <price>
   484953
  </price>
  <rating>
   3.31
  </rating>
  <reviews>
   832766
  </reviews>
  <new>
   +
  </new>
  <exclusive>
   yes
  </exclusive>
 </clothing>
 <clothing>
  <id>
   483748390
  </id>
  <name>
   PleinSport Blouse G-8608
  </name>
  <category>
   Blouse
  </category>
  <size>
   XL
  </size>
  <color>
   Желтый
  </color>
  <material>
   Вискоза
  </material>
  <price>
   497953
  </price>
  <rating>
   2.92
  </rating>
  <reviews>
   545635
  </reviews>
  <exclusive>
   no
  </exclusive>
 </clothing>
 <clothing>
  <id>
   146337436
  </id>
  <name>
   Vans Socks T-3757
  </name>
  <category>
   Socks
  </category>
  <size>
   M
  </size>
  <color>
   Желтый
  </color>
  <material>
   Хлопок
  </material>
  <price>
   935941
  </price>
  <rating>
   4.9
  </rating>
  <reviews>
   333326
  </reviews>
  <exclusive>
   no
  </exclusive>
  <sporty>
   yes
  </sporty>
 </clothing>
 <clothing>
  <id>
   665590517
  </id>
  <name>
   Puma Shirt O-5208
  </name>
  <category>
   Shirt
  </category>
  <size>
   S
  </size>
  <color>
   Желтый
  </color>
  <material>
   Нейлон
  </material>
  <price>
   978644
  </price>
  <rating>
   3.22
  </rating>
  <reviews>
   94650
  </reviews>
  <new>
   -
  </new>
  <exclusive>
   yes
  </exclusive>
  <sporty>
   yes
  </sporty>
 </clothing>
 <clothing>
  <id>
   770255826
  </id>
  <name>
   New Balance Blouse X-3681
  </name>
  <category>
   Blouse
  </category>
  <size>
   XXL
  </size>
  <color>
   Зеленый
  </color>
  <material>
   Шерсть
  </material>
  <price>
   592299
  </price>
  <rating>
   4.4
  </rating>
  <reviews>
   896522
  </reviews>
  <exclusive>
   yes
  </exclusive>
  <sporty>
   no
  </sporty>
 </clothing>
 <clothing>
  <id>
   931422780
  </id>
  <name>
   Ellesse Sweater P-9276
  </name>
  <category>
   Sweater
  </category>
  <size>
   S
  </size>
  <color>
   Красный
  </color>
  <material>
   Нейлон
  </material>
  <price>
   775081
  </price>
  <rating>
   1.98
  </rating>
  <reviews>
   207549
  </reviews>
  <sporty>
   yes
  </sporty>
 </clothing>
 <clothing>
  <id>
   719390351
  </id>
  <name>
   Lacoste Handbags D-9558
  </name>
  <category>
   Handbags
  </category>
  <size>
   S
  </size>
  <color>
   Желтый
  </color>
  <material>
   Хлопок
  </material>
  <price>
   576833
  </price>
  <rating>
   2.94
  </rating>
  <reviews>
   96911
  </reviews>
  <exclusive>
   no
  </exclusive>
 </clothing>
 <clothing>
  <id>
   916719372
  </id>
  <name>
   Addidas Skirt U-1995
  </name>
  <category>
   Skirt
  </category>
  <size>
   S
  </size>
  <color>
   Голубой
  </color>
  <material>
   Вискоза
  </material>
  <price>
   156385
  </price>
  <rating>
   4.11
  </rating>
  <reviews>
   617998
  </reviews>
  <new>
   +
  </new>
  <sporty>
   yes
  </sporty>
 </clothing>
 <clothing>
  <id>
   898637206
  </id>
  <name>
   Under Armour Pants W-6110
  </name>
  <category>
   Pants
  </category>
  <size>
   XXL
  </size>
  <color>
   Голубой
  </color>
  <material>
   Кожа
  </material>
  <price>
   928729
  </price>
  <rating>
   2.43
  </rating>
  <reviews>
   892797
  </reviews>
  <exclusive>
   yes
  </exclusive>
  <sporty>
   yes
  </sporty>
 </clothing>
 <clothing>
  <id>
   461328727
  </id>
  <name>
   Ellesse Belts W-1208
  </name>
  <category>
   Belts
  </category>
  <size>
   XL
  </size>
  <color>
   Оранжевый
  </color>
  <material>
   Вискоза
  </material>
  <price>
   415682
  </price>
  <rating>
   1.57
  </rating>
  <reviews>
   807049
  </reviews>
  <exclusive>
   yes
  </exclusive>
  <sporty>
   no
  </sporty>
 </clothing>
 <clothing>
  <id>
   583557854
  </id>
  <name>
   New Balance Shirt Z-9118
  </name>
  <category>
   Shirt
  </category>
  <size>
   S
  </size>
  <color>
   Фиолетовый
  </color>
  <material>
   Лен
  </material>
  <price>
   620618
  </price>
  <rating>
   3.65
  </rating>
  <reviews>
   645400
  </reviews>
  <sporty>
   no
  </sporty>
 </clothing>
 <clothing>
  <id>
   799524613
  </id>
  <name>
   Lacoste Handbags T-8244
  </name>
  <category>
   Handbags
  </category>
  <size>
   XL
  </size>
  <color>
   Голубой
  </color>
  <material>
   Лен
  </material>
  <price>
   422256
  </price>
  <rating>
   4.13
  </rating>
  <reviews>
   183233
  </reviews>
  <new>
   +
  </new>
  <exclusive>
   no
  </exclusive>
  <sporty>
   no
  </sporty>
 </clothing>
 <clothing>
  <id>
   399082736
  </id>
  <name>
   Asics Shirt V-2446
  </name>
  <category>
   Shirt
  </category>
  <size>
   L
  </size>
  <color>
   Голубой
  </color>
  <material>
   Шелк
  </material>
  <price>
   422350
  </price>
  <rating>
   3.79
  </rating>
  <reviews>
   882477
  </reviews>
  <new>
   -
  </new>
  <exclusive>
   no
  </exclusive>
  <sporty>
   no
  </sporty>
 </clothing>
 <clothing>
  <id>
   459523481
  </id>
  <name>
   Vans Gloves E-8424
  </name>
  <category>
   Gloves
  </category>
  <size>
   M
  </size>
  <color>
   Зеленый
  </color>
  <material>
   Вискоза
  </material>
  <price>
   563128
  </price>
  <rating>
   3.65
  </rating>
  <reviews>
   684426
  </reviews>
  <new>
   -
  </new>
  <sporty>
   no
  </sporty>
 </clothing>
</clothing-items>
