<?xml version="1.0" encoding="utf-8"?>
<clothing-items>
 <clothing>
  <id>
   186615655
  </id>
  <name>
   Puma Dress W-8052
  </name>
  <category>
   Dress
  </category>
  <size>
   M
  </size>
  <color>
   Фиолетовый
  </color>
  <material>
   Полиэстер
  </material>
  <price>
   415166
  </price>
  <rating>
   1.76
  </rating>
  <reviews>
   65259
  </reviews>
  <new>
   -
  </new>
  <exclusive>
   no
  </exclusive>
  <sporty>
   no
  </sporty>
 </clothing>
 <clothing>
  <id>
   803997940
  </id>
  <name>
   Brooks Skirt O-6997
  </name>
  <category>
   Skirt
  </category>
  <size>
   S
  </size>
  <color>
   Голубой
  </color>
  <material>
   Вискоза
  </material>
  <price>
   538838
  </price>
  <rating>
   1.36
  </rating>
  <reviews>
   61457
  </reviews>
  <new>
   -
  </new>
  <sporty>
   no
  </sporty>
 </clothing>
 <clothing>
  <id>
   516174072
  </id>
  <name>
   Vans Socks D-6827
  </name>
  <category>
   Socks
  </category>
  <size>
   M
  </size>
  <color>
   Голубой
  </color>
  <material>
   Нейлон
  </material>
  <price>
   241048
  </price>
  <rating>
   1.67
  </rating>
  <reviews>
   407674
  </reviews>
  <new>
   +
  </new>
  <exclusive>
   yes
  </exclusive>
  <sporty>
   no
  </sporty>
 </clothing>
 <clothing>
  <id>
   726049548
  </id>
  <name>
   Addidas Gloves O-5292
  </name>
  <category>
   Gloves
  </category>
  <size>
   M
  </size>
  <color>
   Голубой
  </color>
  <material>
   Шелк
  </material>
  <price>
   242734
  </price>
  <rating>
   2.54
  </rating>
  <reviews>
   158869
  </reviews>
  <new>
   -
  </new>
  <exclusive>
   yes
  </exclusive>
  <sporty>
   no
  </sporty>
 </clothing>
 <clothing>
  <id>
   604225946
  </id>
  <name>
   Addidas Socks L-5752
  </name>
  <category>
   Socks
  </category>
  <size>
   S
  </size>
  <color>
   Желтый
  </color>
  <material>
   Шерсть
  </material>
  <price>
   352142
  </price>
  <rating>
   3.8
  </rating>
  <reviews>
   542043
  </reviews>
  <new>
   +
  </new>
  <sporty>
   no
  </sporty>
 </clothing>
 <clothing>
  <id>
   879949757
  </id>
  <name>
   Asics Jacket I-4478
  </name>
  <category>
   Jacket
  </category>
  <size>
   L
  </size>
  <color>
   Фиолетовый
  </color>
  <material>
   Полиэстер
  </material>
  <price>
   566934
  </price>
  <rating>
   2.39
  </rating>
  <reviews>
   521570
  </reviews>
  <sporty>
   no
  </sporty>
 </clothing>
 <clothing>
  <id>
   724156069
  </id>
  <name>
   Ellesse Sweater M-4490
  </name>
  <category>
   Sweater
  </category>
  <size>
   L
  </size>
  <color>
   Красный
  </color>
  <material>
   Лен
  </material>
  <price>
   190556
  </price>
  <rating>
   2.73
  </rating>
  <reviews>
   199227
  </reviews>
  <new>
   +
  </new>
  <exclusive>
   yes
  </exclusive>
  <sporty>
   no
  </sporty>
 </clothing>
 <clothing>
  <id>
   184988318
  </id>
  <name>
   Adidas Dress V-5454
  </name>
  <category>
   Dress
  </category>
  <size>
   M
  </size>
  <color>
   Синий
  </color>
  <material>
   Лен
  </material>
  <price>
   633097
  </price>
  <rating>
   1.32
  </rating>
  <reviews>
   84335
  </reviews>
  <new>
   -
  </new>
  <sporty>
   no
  </sporty>
 </clothing>
 <clothing>
  <id>
   920599343
  </id>
  <name>
   Lacoste Shirt S-1076
  </name>
  <category>
   Shirt
  </category>
  <size>
   XL
  </size>
  <color>
   Красный
  </color>
  <material>
   Шерсть
  </material>
  <price>
   942272
  </price>
  <rating>
   2.31
  </rating>
  <reviews>
   837236
  </reviews>
  <exclusive>
   no
  </exclusive>
 </clothing>
 <clothing>
  <id>
   294804860
  </id>
  <name>
   Converse Handbags D-5062
  </name>
  <category>
   Handbags
  </category>
  <size>
   XXL
  </size>
  <color>
   Голубой
  </color>
  <material>
   Шелк
  </material>
  <price>
   231523
  </price>
  <rating>
   4.49
  </rating>
  <reviews>
   332591
  </reviews>
  <exclusive>
   no
  </exclusive>
  <sporty>
   no
  </sporty>
 </clothing>
 <clothing>
  <id>
   820045992
  </id>
  <name>
   Reebok Skirt S-9706
  </name>
  <category>
   Skirt
  </category>
  <size>
   M
  </size>
  <color>
   Желтый
  </color>
  <material>
   Полиэстер
  </material>
  <price>
   434065
  </price>
  <rating>
   2.23
  </rating>
  <reviews>
   30974
  </reviews>
  <exclusive>
   no
  </exclusive>
  <sporty>
   yes
  </sporty>
 </clothing>
 <clothing>
  <id>
   770011694
  </id>
  <name>
   Lacoste Socks L-5322
  </name>
  <category>
   Socks
  </category>
  <size>
   M
  </size>
  <color>
   Зеленый
  </color>
  <material>
   Шелк
  </material>
  <price>
   911716
  </price>
  <rating>
   1.98
  </rating>
  <reviews>
   107126
  </reviews>
  <exclusive>
   no
  </exclusive>
  <sporty>
   yes
  </sporty>
 </clothing>
 <clothing>
  <id>
   186083983
  </id>
  <name>
   Ellesse Umbrellas U-7255
  </name>
  <category>
   Umbrellas
  </category>
  <size>
   L
  </size>
  <color>
   Желтый
  </color>
  <material>
   Лен
  </material>
  <price>
   539704
  </price>
  <rating>
   4.18
  </rating>
  <reviews>
   922148
  </reviews>
  <exclusive>
   yes
  </exclusive>
 </clothing>
 <clothing>
  <id>
   503294017
  </id>
  <name>
   New Balance Dress Q-9943
  </name>
  <category>
   Dress
  </category>
  <size>
   M
  </size>
  <color>
   Оранжевый
  </color>
  <material>
   Вискоза
  </material>
  <price>
   547677
  </price>
  <rating>
   3.4
  </rating>
  <reviews>
   528482
  </reviews>
  <exclusive>
   yes
  </exclusive>
  <sporty>
   yes
  </sporty>
 </clothing>
 <clothing>
  <id>
   274857599
  </id>
  <name>
   Ellesse Socks D-4352
  </name>
  <category>
   Socks
  </category>
  <size>
   XL
  </size>
  <color>
   Красный
  </color>
  <material>
   Нейлон
  </material>
  <price>
   770543
  </price>
  <rating>
   4.39
  </rating>
  <reviews>
   611623
  </reviews>
  <new>
   +
  </new>
  <exclusive>
   no
  </exclusive>
  <sporty>
   no
  </sporty>
 </clothing>
 <clothing>
  <id>
   340468651
  </id>
  <name>
   PleinSport Skirt E-6340
  </name>
  <category>
   Skirt
  </category>
  <size>
   S
  </size>
  <color>
   Желтый
  </color>
  <material>
   Хлопок
  </material>
  <price>
   943130
  </price>
  <rating>
   4.01
  </rating>
  <reviews>
   586088
  </reviews>
  <exclusive>
   no
  </exclusive>
  <sporty>
   yes
  </sporty>
 </clothing>
 <clothing>
  <id>
   639490954
  </id>
  <name>
   Brooks Skirt P-5626
  </name>
  <category>
   Skirt
  </category>
  <size>
   XXL
  </size>
  <color>
   Синий
  </color>
  <material>
   Шелк
  </material>
  <price>
   491917
  </price>
  <rating>
   3.84
  </rating>
  <reviews>
   228747
  </reviews>
  <sporty>
   yes
  </sporty>
 </clothing>
 <clothing>
  <id>
   740265343
  </id>
  <name>
   Ellesse Blouse W-7064
  </name>
  <category>
   Blouse
  </category>
  <size>
   XXL
  </size>
  <color>
   Фиолетовый
  </color>
  <material>
   Кожа
  </material>
  <price>
   819425
  </price>
  <rating>
   2.36
  </rating>
  <reviews>
   479427
  </reviews>
 </clothing>
 <clothing>
  <id>
   441745712
  </id>
  <name>
   Brooks Skirt O-3616
  </name>
  <category>
   Skirt
  </category>
  <size>
   M
  </size>
  <color>
   Фиолетовый
  </color>
  <material>
   Хлопок
  </material>
  <price>
   729240
  </price>
  <rating>
   3.69
  </rating>
  <reviews>
   285681
  </reviews>
  <exclusive>
   no
  </exclusive>
  <sporty>
   yes
  </sporty>
 </clothing>
 <clothing>
  <id>
   355341643
  </id>
  <name>
   Nike Blouse Q-3597
  </name>
  <category>
   Blouse
  </category>
  <size>
   M
  </size>
  <color>
   Оранжевый
  </color>
  <material>
   Шерсть
  </material>
  <price>
   307440
  </price>
  <rating>
   4.26
  </rating>
  <reviews>
   292948
  </reviews>
  <new>
   +
  </new>
  <exclusive>
   no
  </exclusive>
  <sporty>
   no
  </sporty>
 </clothing>
 <clothing>
  <id>
   108242705
  </id>
  <name>
   New Balance Shirt B-6267
  </name>
  <category>
   Shirt
  </category>
  <size>
   M
  </size>
  <color>
   Зеленый
  </color>
  <material>
   Нейлон
  </material>
  <price>
   270985
  </price>
  <rating>
   4.34
  </rating>
  <reviews>
   123156
  </reviews>
  <new>
   +
  </new>
  <sporty>
   yes
  </sporty>
 </clothing>
 <clothing>
  <id>
   803612600
  </id>
  <name>
   New Balance Umbrellas O-7500
  </name>
  <category>
   Umbrellas
  </category>
  <size>
   XXL
  </size>
  <color>
   Голубой
  </color>
  <material>
   Шелк
  </material>
  <price>
   832604
  </price>
  <rating>
   3.88
  </rating>
  <reviews>
   379859
  </reviews>
  <new>
   +
  </new>
  <exclusive>
   no
  </exclusive>
  <sporty>
   no
  </sporty>
 </clothing>
 <clothing>
  <id>
   491966953
  </id>
  <name>
   Vans Jeans P-7938
  </name>
  <category>
   Jeans
  </category>
  <size>
   L
  </size>
  <color>
   Голубой
  </color>
  <material>
   Нейлон
  </material>
  <price>
   725035
  </price>
  <rating>
   3.81
  </rating>
  <reviews>
   181437
  </reviews>
  <exclusive>
   no
  </exclusive>
 </clothing>
 <clothing>
  <id>
   987025823
  </id>
  <name>
   Fila Dress X-8698
  </name>
  <category>
   Dress
  </category>
  <size>
   L
  </size>
  <color>
   Фиолетовый
  </color>
  <material>
   Нейлон
  </material>
  <price>
   619022
  </price>
  <rating>
   4.94
  </rating>
  <reviews>
   702836
  </reviews>
  <new>
   -
  </new>
 </clothing>
 <clothing>
  <id>
   423217508
  </id>
  <name>
   New Balance Pants C-3438
  </name>
  <category>
   Pants
  </category>
  <size>
   S
  </size>
  <color>
   Красный
  </color>
  <material>
   Хлопок
  </material>
  <price>
   434712
  </price>
  <rating>
   3.47
  </rating>
  <reviews>
   585390
  </reviews>
  <new>
   +
  </new>
  <exclusive>
   yes
  </exclusive>
  <sporty>
   no
  </sporty>
 </clothing>
 <clothing>
  <id>
   535602948
  </id>
  <name>
   Under Armour Dress K-3621
  </name>
  <category>
   Dress
  </category>
  <size>
   L
  </size>
  <color>
   Синий
  </color>
  <material>
   Шерсть
  </material>
  <price>
   968857
  </price>
  <rating>
   2.94
  </rating>
  <reviews>
   205661
  </reviews>
  <new>
   -
  </new>
 </clothing>
 <clothing>
  <id>
   592509517
  </id>
  <name>
   Ellesse Belts Q-6182
  </name>
  <category>
   Belts
  </category>
  <size>
   XL
  </size>
  <color>
   Желтый
  </color>
  <material>
   Лен
  </material>
  <price>
   927084
  </price>
  <rating>
   1.66
  </rating>
  <reviews>
   947020
  </reviews>
  <sporty>
   yes
  </sporty>
 </clothing>
 <clothing>
  <id>
   564605107
  </id>
  <name>
   Nike Umbrellas I-4988
  </name>
  <category>
   Umbrellas
  </category>
  <size>
   XXL
  </size>
  <color>
   Зеленый
  </color>
  <material>
   Нейлон
  </material>
  <price>
   158945
  </price>
  <rating>
   2.41
  </rating>
  <reviews>
   612546
  </reviews>
  <new>
   -
  </new>
  <sporty>
   no
  </sporty>
 </clothing>
 <clothing>
  <id>
   161345463
  </id>
  <name>
   Addidas Sweater Z-6887
  </name>
  <category>
   Sweater
  </category>
  <size>
   L
  </size>
  <color>
   Оранжевый
  </color>
  <material>
   Лен
  </material>
  <price>
   114322
  </price>
  <rating>
   4.07
  </rating>
  <reviews>
   633499
  </reviews>
  <new>
   -
  </new>
  <exclusive>
   no
  </exclusive>
 </clothing>
 <clothing>
  <id>
   517322998
  </id>
  <name>
   DC Jacket J-4851
  </name>
  <category>
   Jacket
  </category>
  <size>
   M
  </size>
  <color>
   Синий
  </color>
  <material>
   Кожа
  </material>
  <price>
   372117
  </price>
  <rating>
   3.47
  </rating>
  <reviews>
   124908
  </reviews>
  <sporty>
   yes
  </sporty>
 </clothing>
 <clothing>
  <id>
   649797183
  </id>
  <name>
   Addidas Sweater N-1265
  </name>
  <category>
   Sweater
  </category>
  <size>
   XXL
  </size>
  <color>
   Голубой
  </color>
  <material>
   Вискоза
  </material>
  <price>
   458901
  </price>
  <rating>
   4.23
  </rating>
  <reviews>
   65761
  </reviews>
  <new>
   +
  </new>
  <exclusive>
   no
  </exclusive>
  <sporty>
   yes
  </sporty>
 </clothing>
 <clothing>
  <id>
   171589409
  </id>
  <name>
   New Balance Sweater Q-7937
  </name>
  <category>
   Sweater
  </category>
  <size>
   S
  </size>
  <color>
   Красный
  </color>
  <material>
   Шерсть
  </material>
  <price>
   395201
  </price>
  <rating>
   3.81
  </rating>
  <reviews>
   212131
  </reviews>
  <sporty>
   no
  </sporty>
 </clothing>
 <clothing>
  <id>
   564303863
  </id>
  <name>
   Fila Shirt N-9478
  </name>
  <category>
   Shirt
  </category>
  <size>
   S
  </size>
  <color>
   Красный
  </color>
  <material>
   Хлопок
  </material>
  <price>
   896029
  </price>
  <rating>
   1.84
  </rating>
  <reviews>
   604336
  </reviews>
  <new>
   +
  </new>
  <exclusive>
   no
  </exclusive>
 </clothing>
 <clothing>
  <id>
   329771285
  </id>
  <name>
   New Balance Umbrellas O-9067
  </name>
  <category>
   Umbrellas
  </category>
  <size>
   S
  </size>
  <color>
   Фиолетовый
  </color>
  <material>
   Лен
  </material>
  <price>
   301776
  </price>
  <rating>
   3.5
  </rating>
  <reviews>
   482520
  </reviews>
  <new>
   +
  </new>
  <sporty>
   no
  </sporty>
 </clothing>
 <clothing>
  <id>
   441948058
  </id>
  <name>
   Puma Umbrellas C-9646
  </name>
  <category>
   Umbrellas
  </category>
  <size>
   M
  </size>
  <color>
   Голубой
  </color>
  <material>
   Лен
  </material>
  <price>
   793370
  </price>
  <rating>
   2.64
  </rating>
  <reviews>
   888403
  </reviews>
  <exclusive>
   yes
  </exclusive>
  <sporty>
   no
  </sporty>
 </clothing>
 <clothing>
  <id>
   419667892
  </id>
  <name>
   Asics Shoes O-1476
  </name>
  <category>
   Shoes
  </category>
  <size>
   S
  </size>
  <color>
   Оранжевый
  </color>
  <material>
   Шелк
  </material>
  <price>
   554533
  </price>
  <rating>
   4.57
  </rating>
  <reviews>
   894293
  </reviews>
  <new>
   -
  </new>
  <exclusive>
   no
  </exclusive>
  <sporty>
   no
  </sporty>
 </clothing>
 <clothing>
  <id>
   667111089
  </id>
  <name>
   Puma Sweater L-5819
  </name>
  <category>
   Sweater
  </category>
  <size>
   S
  </size>
  <color>
   Фиолетовый
  </color>
  <material>
   Лен
  </material>
  <price>
   179220
  </price>
  <rating>
   1.18
  </rating>
  <reviews>
   426111
  </reviews>
  <new>
   -
  </new>
  <sporty>
   no
  </sporty>
 </clothing>
 <clothing>
  <id>
   780860727
  </id>
  <name>
   Adidas Hat Y-7004
  </name>
  <category>
   Hat
  </category>
  <size>
   XL
  </size>
  <color>
   Зеленый
  </color>
  <material>
   Хлопок
  </material>
  <price>
   573494
  </price>
  <rating>
   4.37
  </rating>
  <reviews>
   951658
  </reviews>
  <new>
   +
  </new>
  <exclusive>
   yes
  </exclusive>
 </clothing>
 <clothing>
  <id>
   396769116
  </id>
  <name>
   Brooks T-shirt E-6722
  </name>
  <category>
   T-shirt
  </category>
  <size>
   XL
  </size>
  <color>
   Голубой
  </color>
  <material>
   Кожа
  </material>
  <price>
   497200
  </price>
  <rating>
   1.61
  </rating>
  <reviews>
   759654
  </reviews>
  <new>
   -
  </new>
 </clothing>
 <clothing>
  <id>
   785173188
  </id>
  <name>
   Under Armour Dress X-1720
  </name>
  <category>
   Dress
  </category>
  <size>
   XL
  </size>
  <color>
   Красный
  </color>
  <material>
   Лен
  </material>
  <price>
   968716
  </price>
  <rating>
   3.42
  </rating>
  <reviews>
   484759
  </reviews>
  <sporty>
   no
  </sporty>
 </clothing>
 <clothing>
  <id>
   321552000
  </id>
  <name>
   Nike T-shirt N-4167
  </name>
  <category>
   T-shirt
  </category>
  <size>
   XL
  </size>
  <color>
   Зеленый
  </color>
  <material>
   Шелк
  </material>
  <price>
   103087
  </price>
  <rating>
   4.52
  </rating>
  <reviews>
   12875
  </reviews>
  <exclusive>
   no
  </exclusive>
  <sporty>
   yes
  </sporty>
 </clothing>
 <clothing>
  <id>
   716401915
  </id>
  <name>
   Nike Socks T-8047
  </name>
  <category>
   Socks
  </category>
  <size>
   XL
  </size>
  <color>
   Оранжевый
  </color>
  <material>
   Шерсть
  </material>
  <price>
   515428
  </price>
  <rating>
   3.64
  </rating>
  <reviews>
   339432
  </reviews>
  <new>
   +
  </new>
  <sporty>
   yes
  </sporty>
 </clothing>
 <clothing>
  <id>
   596804148
  </id>
  <name>
   Nike Shoes Q-2520
  </name>
  <category>
   Shoes
  </category>
  <size>
   L
  </size>
  <color>
   Фиолетовый
  </color>
  <material>
   Шерсть
  </material>
  <price>
   941108
  </price>
  <rating>
   3.95
  </rating>
  <reviews>
   7892
  </reviews>
  <exclusive>
   no
  </exclusive>
  <sporty>
   no
  </sporty>
 </clothing>
</clothing-items>
