<?xml version="1.0" encoding="utf-8"?>
<clothing-items>
 <clothing>
  <id>
   914501801
  </id>
  <name>
   Reebok Shirt E-8634
  </name>
  <category>
   Shirt
  </category>
  <size>
   M
  </size>
  <color>
   Фиолетовый
  </color>
  <material>
   Нейлон
  </material>
  <price>
   461410
  </price>
  <rating>
   3.37
  </rating>
  <reviews>
   647516
  </reviews>
  <new>
   -
  </new>
  <exclusive>
   no
  </exclusive>
 </clothing>
 <clothing>
  <id>
   406321110
  </id>
  <name>
   Reebok Jeans C-9628
  </name>
  <category>
   Jeans
  </category>
  <size>
   M
  </size>
  <color>
   Оранжевый
  </color>
  <material>
   Кожа
  </material>
  <price>
   864808
  </price>
  <rating>
   1.02
  </rating>
  <reviews>
   713980
  </reviews>
  <exclusive>
   yes
  </exclusive>
  <sporty>
   yes
  </sporty>
 </clothing>
 <clothing>
  <id>
   304083930
  </id>
  <name>
   Converse Dress J-4191
  </name>
  <category>
   Dress
  </category>
  <size>
   XXL
  </size>
  <color>
   Красный
  </color>
  <material>
   Хлопок
  </material>
  <price>
   458193
  </price>
  <rating>
   3.1
  </rating>
  <reviews>
   258849
  </reviews>
  <sporty>
   yes
  </sporty>
 </clothing>
 <clothing>
  <id>
   320213151
  </id>
  <name>
   Addidas Sweater I-4997
  </name>
  <category>
   Sweater
  </category>
  <size>
   S
  </size>
  <color>
   Синий
  </color>
  <material>
   Нейлон
  </material>
  <price>
   650265
  </price>
  <rating>
   3.21
  </rating>
  <reviews>
   606190
  </reviews>
  <new>
   +
  </new>
  <exclusive>
   no
  </exclusive>
  <sporty>
   no
  </sporty>
 </clothing>
 <clothing>
  <id>
   886885454
  </id>
  <name>
   Ellesse Shoes Y-3179
  </name>
  <category>
   Shoes
  </category>
  <size>
   XL
  </size>
  <color>
   Желтый
  </color>
  <material>
   Вискоза
  </material>
  <price>
   700531
  </price>
  <rating>
   4.72
  </rating>
  <reviews>
   742451
  </reviews>
  <exclusive>
   yes
  </exclusive>
  <sporty>
   no
  </sporty>
 </clothing>
 <clothing>
  <id>
   931456290
  </id>
  <name>
   Lacoste Gloves Z-8918
  </name>
  <category>
   Gloves
  </category>
  <size>
   XXL
  </size>
  <color>
   Оранжевый
  </color>
  <material>
   Шерсть
  </material>
  <price>
   660726
  </price>
  <rating>
   1.38
  </rating>
  <reviews>
   677199
  </reviews>
  <sporty>
   yes
  </sporty>
 </clothing>
 <clothing>
  <id>
   312234148
  </id>
  <name>
   Ellesse Gloves A-3557
  </name>
  <category>
   Gloves
  </category>
  <size>
   XXL
  </size>
  <color>
   Желтый
  </color>
  <material>
   Полиэстер
  </material>
  <price>
   347360
  </price>
  <rating>
   1.94
  </rating>
  <reviews>
   841044
  </reviews>
  <new>
   -
  </new>
  <exclusive>
   yes
  </exclusive>
 </clothing>
 <clothing>
  <id>
   869470052
  </id>
  <name>
   Puma Shirt T-2353
  </name>
  <category>
   Shirt
  </category>
  <size>
   S
  </size>
  <color>
   Зеленый
  </color>
  <material>
   Шерсть
  </material>
  <price>
   884136
  </price>
  <rating>
   3.22
  </rating>
  <reviews>
   212137
  </reviews>
  <new>
   -
  </new>
  <exclusive>
   yes
  </exclusive>
 </clothing>
 <clothing>
  <id>
   303252651
  </id>
  <name>
   Adidas Skirt K-3676
  </name>
  <category>
   Skirt
  </category>
  <size>
   M
  </size>
  <color>
   Красный
  </color>
  <material>
   Нейлон
  </material>
  <price>
   278959
  </price>
  <rating>
   1.49
  </rating>
  <reviews>
   52150
  </reviews>
  <sporty>
   no
  </sporty>
 </clothing>
 <clothing>
  <id>
   708971958
  </id>
  <name>
   Under Armour Shirt X-9109
  </name>
  <category>
   Shirt
  </category>
  <size>
   XXL
  </size>
  <color>
   Синий
  </color>
  <material>
   Хлопок
  </material>
  <price>
   180886
  </price>
  <rating>
   3.03
  </rating>
  <reviews>
   638164
  </reviews>
 </clothing>
 <clothing>
  <id>
   883423634
  </id>
  <name>
   Fila Dress U-3796
  </name>
  <category>
   Dress
  </category>
  <size>
   M
  </size>
  <color>
   Оранжевый
  </color>
  <material>
   Нейлон
  </material>
  <price>
   426710
  </price>
  <rating>
   4.35
  </rating>
  <reviews>
   638173
  </reviews>
  <new>
   +
  </new>
  <exclusive>
   no
  </exclusive>
  <sporty>
   no
  </sporty>
 </clothing>
 <clothing>
  <id>
   509669248
  </id>
  <name>
   Fila Blouse M-1573
  </name>
  <category>
   Blouse
  </category>
  <size>
   M
  </size>
  <color>
   Желтый
  </color>
  <material>
   Хлопок
  </material>
  <price>
   485126
  </price>
  <rating>
   3.24
  </rating>
  <reviews>
   750242
  </reviews>
  <exclusive>
   yes
  </exclusive>
  <sporty>
   yes
  </sporty>
 </clothing>
 <clothing>
  <id>
   547329225
  </id>
  <name>
   Ellesse Handbags E-8013
  </name>
  <category>
   Handbags
  </category>
  <size>
   L
  </size>
  <color>
   Красный
  </color>
  <material>
   Шелк
  </material>
  <price>
   649508
  </price>
  <rating>
   4.72
  </rating>
  <reviews>
   924791
  </reviews>
 </clothing>
 <clothing>
  <id>
   704505181
  </id>
  <name>
   PleinSport Dress U-7458
  </name>
  <category>
   Dress
  </category>
  <size>
   L
  </size>
  <color>
   Синий
  </color>
  <material>
   Хлопок
  </material>
  <price>
   605499
  </price>
  <rating>
   2.19
  </rating>
  <reviews>
   686934
  </reviews>
  <new>
   -
  </new>
  <sporty>
   yes
  </sporty>
 </clothing>
</clothing-items>
