<?xml version="1.0" encoding="utf-8"?>
<clothing-items>
 <clothing>
  <id>
   112367298
  </id>
  <name>
   Nike T-shirt C-5864
  </name>
  <category>
   T-shirt
  </category>
  <size>
   XL
  </size>
  <color>
   Фиолетовый
  </color>
  <material>
   Лен
  </material>
  <price>
   595079
  </price>
  <rating>
   3.17
  </rating>
  <reviews>
   166862
  </reviews>
  <exclusive>
   no
  </exclusive>
  <sporty>
   no
  </sporty>
 </clothing>
 <clothing>
  <id>
   861755182
  </id>
  <name>
   Under Armour Jacket A-3588
  </name>
  <category>
   Jacket
  </category>
  <size>
   M
  </size>
  <color>
   Голубой
  </color>
  <material>
   Хлопок
  </material>
  <price>
   375204
  </price>
  <rating>
   1.22
  </rating>
  <reviews>
   334040
  </reviews>
  <sporty>
   no
  </sporty>
 </clothing>
 <clothing>
  <id>
   544978867
  </id>
  <name>
   PleinSport Belts E-6797
  </name>
  <category>
   Belts
  </category>
  <size>
   S
  </size>
  <color>
   Красный
  </color>
  <material>
   Шерсть
  </material>
  <price>
   230279
  </price>
  <rating>
   3.23
  </rating>
  <reviews>
   895143
  </reviews>
  <new>
   +
  </new>
  <exclusive>
   yes
  </exclusive>
 </clothing>
 <clothing>
  <id>
   367291964
  </id>
  <name>
   Under Armour Skirt W-9079
  </name>
  <category>
   Skirt
  </category>
  <size>
   S
  </size>
  <color>
   Фиолетовый
  </color>
  <material>
   Нейлон
  </material>
  <price>
   933742
  </price>
  <rating>
   1.84
  </rating>
  <reviews>
   738032
  </reviews>
  <exclusive>
   yes
  </exclusive>
  <sporty>
   no
  </sporty>
 </clothing>
 <clothing>
  <id>
   389381392
  </id>
  <name>
   Under Armour Jeans K-9747
  </name>
  <category>
   Jeans
  </category>
  <size>
   XXL
  </size>
  <color>
   Зеленый
  </color>
  <material>
   Полиэстер
  </material>
  <price>
   277584
  </price>
  <rating>
   4.4
  </rating>
  <reviews>
   786865
  </reviews>
  <new>
   -
  </new>
  <sporty>
   no
  </sporty>
 </clothing>
 <clothing>
  <id>
   956565122
  </id>
  <name>
   New Balance Socks L-5698
  </name>
  <category>
   Socks
  </category>
  <size>
   M
  </size>
  <color>
   Оранжевый
  </color>
  <material>
   Шелк
  </material>
  <price>
   297875
  </price>
  <rating>
   4.88
  </rating>
  <reviews>
   148354
  </reviews>
 </clothing>
 <clothing>
  <id>
   640885215
  </id>
  <name>
   Under Armour Shoes O-9601
  </name>
  <category>
   Shoes
  </category>
  <size>
   M
  </size>
  <color>
   Фиолетовый
  </color>
  <material>
   Кожа
  </material>
  <price>
   392358
  </price>
  <rating>
   1.3
  </rating>
  <reviews>
   411255
  </reviews>
  <new>
   -
  </new>
  <exclusive>
   no
  </exclusive>
 </clothing>
 <clothing>
  <id>
   438687393
  </id>
  <name>
   Lacoste Blouse J-6613
  </name>
  <category>
   Blouse
  </category>
  <size>
   L
  </size>
  <color>
   Зеленый
  </color>
  <material>
   Вискоза
  </material>
  <price>
   864940
  </price>
  <rating>
   2.92
  </rating>
  <reviews>
   902259
  </reviews>
  <new>
   -
  </new>
 </clothing>
 <clothing>
  <id>
   318200478
  </id>
  <name>
   PleinSport Shirt N-5888
  </name>
  <category>
   Shirt
  </category>
  <size>
   M
  </size>
  <color>
   Фиолетовый
  </color>
  <material>
   Вискоза
  </material>
  <price>
   899868
  </price>
  <rating>
   5.0
  </rating>
  <reviews>
   392513
  </reviews>
  <exclusive>
   yes
  </exclusive>
 </clothing>
 <clothing>
  <id>
   884245865
  </id>
  <name>
   Brooks Jacket A-5423
  </name>
  <category>
   Jacket
  </category>
  <size>
   L
  </size>
  <color>
   Желтый
  </color>
  <material>
   Шелк
  </material>
  <price>
   501933
  </price>
  <rating>
   3.15
  </rating>
  <reviews>
   317522
  </reviews>
  <new>
   -
  </new>
  <exclusive>
   no
  </exclusive>
 </clothing>
 <clothing>
  <id>
   203026724
  </id>
  <name>
   New Balance Shoes Q-8046
  </name>
  <category>
   Shoes
  </category>
  <size>
   L
  </size>
  <color>
   Желтый
  </color>
  <material>
   Хлопок
  </material>
  <price>
   259426
  </price>
  <rating>
   4.82
  </rating>
  <reviews>
   352937
  </reviews>
  <new>
   -
  </new>
  <exclusive>
   yes
  </exclusive>
  <sporty>
   no
  </sporty>
 </clothing>
 <clothing>
  <id>
   682241933
  </id>
  <name>
   Vans Socks T-4563
  </name>
  <category>
   Socks
  </category>
  <size>
   L
  </size>
  <color>
   Голубой
  </color>
  <material>
   Шелк
  </material>
  <price>
   667950
  </price>
  <rating>
   2.7
  </rating>
  <reviews>
   647694
  </reviews>
  <exclusive>
   no
  </exclusive>
 </clothing>
 <clothing>
  <id>
   584926919
  </id>
  <name>
   Ellesse Shirt B-7996
  </name>
  <category>
   Shirt
  </category>
  <size>
   S
  </size>
  <color>
   Синий
  </color>
  <material>
   Вискоза
  </material>
  <price>
   866904
  </price>
  <rating>
   2.17
  </rating>
  <reviews>
   986626
  </reviews>
  <new>
   +
  </new>
  <exclusive>
   yes
  </exclusive>
  <sporty>
   no
  </sporty>
 </clothing>
 <clothing>
  <id>
   978388005
  </id>
  <name>
   Vans Umbrellas A-6347
  </name>
  <category>
   Umbrellas
  </category>
  <size>
   XL
  </size>
  <color>
   Красный
  </color>
  <material>
   Шерсть
  </material>
  <price>
   323841
  </price>
  <rating>
   1.17
  </rating>
  <reviews>
   876488
  </reviews>
  <new>
   -
  </new>
  <exclusive>
   no
  </exclusive>
  <sporty>
   no
  </sporty>
 </clothing>
 <clothing>
  <id>
   446966144
  </id>
  <name>
   Asics Gloves P-7904
  </name>
  <category>
   Gloves
  </category>
  <size>
   S
  </size>
  <color>
   Желтый
  </color>
  <material>
   Вискоза
  </material>
  <price>
   954755
  </price>
  <rating>
   1.29
  </rating>
  <reviews>
   867185
  </reviews>
  <new>
   -
  </new>
  <exclusive>
   no
  </exclusive>
 </clothing>
 <clothing>
  <id>
   554752813
  </id>
  <name>
   DC Hat M-1096
  </name>
  <category>
   Hat
  </category>
  <size>
   S
  </size>
  <color>
   Желтый
  </color>
  <material>
   Полиэстер
  </material>
  <price>
   689345
  </price>
  <rating>
   1.54
  </rating>
  <reviews>
   406432
  </reviews>
  <new>
   -
  </new>
  <sporty>
   yes
  </sporty>
 </clothing>
 <clothing>
  <id>
   519663263
  </id>
  <name>
   Vans Dress N-1811
  </name>
  <category>
   Dress
  </category>
  <size>
   L
  </size>
  <color>
   Фиолетовый
  </color>
  <material>
   Хлопок
  </material>
  <price>
   616165
  </price>
  <rating>
   2.23
  </rating>
  <reviews>
   169787
  </reviews>
  <sporty>
   no
  </sporty>
 </clothing>
 <clothing>
  <id>
   123545282
  </id>
  <name>
   Nike T-shirt P-2138
  </name>
  <category>
   T-shirt
  </category>
  <size>
   M
  </size>
  <color>
   Синий
  </color>
  <material>
   Нейлон
  </material>
  <price>
   200740
  </price>
  <rating>
   1.21
  </rating>
  <reviews>
   374864
  </reviews>
  <new>
   +
  </new>
  <sporty>
   yes
  </sporty>
 </clothing>
 <clothing>
  <id>
   316352561
  </id>
  <name>
   Puma Sweater A-8923
  </name>
  <category>
   Sweater
  </category>
  <size>
   L
  </size>
  <color>
   Желтый
  </color>
  <material>
   Лен
  </material>
  <price>
   914381
  </price>
  <rating>
   3.09
  </rating>
  <reviews>
   389593
  </reviews>
  <sporty>
   yes
  </sporty>
 </clothing>
 <clothing>
  <id>
   830007657
  </id>
  <name>
   Vans Umbrellas A-9763
  </name>
  <category>
   Umbrellas
  </category>
  <size>
   L
  </size>
  <color>
   Зеленый
  </color>
  <material>
   Шелк
  </material>
  <price>
   996985
  </price>
  <rating>
   3.48
  </rating>
  <reviews>
   224506
  </reviews>
  <new>
   +
  </new>
  <sporty>
   yes
  </sporty>
 </clothing>
 <clothing>
  <id>
   227880077
  </id>
  <name>
   Brooks Socks R-4048
  </name>
  <category>
   Socks
  </category>
  <size>
   L
  </size>
  <color>
   Зеленый
  </color>
  <material>
   Шерсть
  </material>
  <price>
   207609
  </price>
  <rating>
   2.77
  </rating>
  <reviews>
   707473
  </reviews>
  <new>
   +
  </new>
  <exclusive>
   yes
  </exclusive>
 </clothing>
 <clothing>
  <id>
   386308846
  </id>
  <name>
   Nike Jacket X-9673
  </name>
  <category>
   Jacket
  </category>
  <size>
   S
  </size>
  <color>
   Голубой
  </color>
  <material>
   Шерсть
  </material>
  <price>
   959600
  </price>
  <rating>
   1.05
  </rating>
  <reviews>
   23734
  </reviews>
  <new>
   -
  </new>
  <exclusive>
   yes
  </exclusive>
 </clothing>
 <clothing>
  <id>
   759303609
  </id>
  <name>
   Under Armour Jacket L-2178
  </name>
  <category>
   Jacket
  </category>
  <size>
   S
  </size>
  <color>
   Желтый
  </color>
  <material>
   Хлопок
  </material>
  <price>
   944027
  </price>
  <rating>
   3.27
  </rating>
  <reviews>
   76204
  </reviews>
 </clothing>
 <clothing>
  <id>
   913433603
  </id>
  <name>
   Fila Umbrellas Q-4017
  </name>
  <category>
   Umbrellas
  </category>
  <size>
   S
  </size>
  <color>
   Синий
  </color>
  <material>
   Хлопок
  </material>
  <price>
   250935
  </price>
  <rating>
   4.22
  </rating>
  <reviews>
   894790
  </reviews>
  <exclusive>
   no
  </exclusive>
  <sporty>
   no
  </sporty>
 </clothing>
 <clothing>
  <id>
   540239389
  </id>
  <name>
   Puma Shirt V-1841
  </name>
  <category>
   Shirt
  </category>
  <size>
   L
  </size>
  <color>
   Зеленый
  </color>
  <material>
   Кожа
  </material>
  <price>
   429888
  </price>
  <rating>
   4.47
  </rating>
  <reviews>
   956912
  </reviews>
  <new>
   -
  </new>
  <sporty>
   yes
  </sporty>
 </clothing>
 <clothing>
  <id>
   200637272
  </id>
  <name>
   Asics Belts M-9266
  </name>
  <category>
   Belts
  </category>
  <size>
   L
  </size>
  <color>
   Фиолетовый
  </color>
  <material>
   Нейлон
  </material>
  <price>
   860076
  </price>
  <rating>
   4.35
  </rating>
  <reviews>
   612811
  </reviews>
  <new>
   +
  </new>
  <exclusive>
   yes
  </exclusive>
  <sporty>
   no
  </sporty>
 </clothing>
 <clothing>
  <id>
   904878824
  </id>
  <name>
   New Balance Shoes L-2317
  </name>
  <category>
   Shoes
  </category>
  <size>
   XXL
  </size>
  <color>
   Синий
  </color>
  <material>
   Шерсть
  </material>
  <price>
   576080
  </price>
  <rating>
   3.43
  </rating>
  <reviews>
   877417
  </reviews>
  <new>
   +
  </new>
  <exclusive>
   no
  </exclusive>
  <sporty>
   yes
  </sporty>
 </clothing>
 <clothing>
  <id>
   113420010
  </id>
  <name>
   Puma Sweater S-5447
  </name>
  <category>
   Sweater
  </category>
  <size>
   XL
  </size>
  <color>
   Зеленый
  </color>
  <material>
   Шелк
  </material>
  <price>
   642371
  </price>
  <rating>
   1.24
  </rating>
  <reviews>
   713273
  </reviews>
  <new>
   -
  </new>
  <exclusive>
   no
  </exclusive>
  <sporty>
   yes
  </sporty>
 </clothing>
 <clothing>
  <id>
   274266616
  </id>
  <name>
   New Balance Skirt A-3029
  </name>
  <category>
   Skirt
  </category>
  <size>
   XXL
  </size>
  <color>
   Зеленый
  </color>
  <material>
   Вискоза
  </material>
  <price>
   231976
  </price>
  <rating>
   2.77
  </rating>
  <reviews>
   874236
  </reviews>
  <exclusive>
   no
  </exclusive>
  <sporty>
   yes
  </sporty>
 </clothing>
 <clothing>
  <id>
   499420294
  </id>
  <name>
   DC Jeans K-5847
  </name>
  <category>
   Jeans
  </category>
  <size>
   S
  </size>
  <color>
   Синий
  </color>
  <material>
   Шелк
  </material>
  <price>
   527422
  </price>
  <rating>
   2.78
  </rating>
  <reviews>
   253087
  </reviews>
  <exclusive>
   no
  </exclusive>
  <sporty>
   no
  </sporty>
 </clothing>
 <clothing>
  <id>
   508979593
  </id>
  <name>
   PleinSport Dress P-3240
  </name>
  <category>
   Dress
  </category>
  <size>
   XXL
  </size>
  <color>
   Синий
  </color>
  <material>
   Шелк
  </material>
  <price>
   307932
  </price>
  <rating>
   3.19
  </rating>
  <reviews>
   573101
  </reviews>
  <new>
   -
  </new>
  <sporty>
   no
  </sporty>
 </clothing>
 <clothing>
  <id>
   963708786
  </id>
  <name>
   Nike Shirt T-2086
  </name>
  <category>
   Shirt
  </category>
  <size>
   S
  </size>
  <color>
   Красный
  </color>
  <material>
   Полиэстер
  </material>
  <price>
   864790
  </price>
  <rating>
   3.26
  </rating>
  <reviews>
   854387
  </reviews>
  <exclusive>
   no
  </exclusive>
 </clothing>
 <clothing>
  <id>
   254328280
  </id>
  <name>
   Under Armour T-shirt I-5415
  </name>
  <category>
   T-shirt
  </category>
  <size>
   L
  </size>
  <color>
   Зеленый
  </color>
  <material>
   Лен
  </material>
  <price>
   990100
  </price>
  <rating>
   1.29
  </rating>
  <reviews>
   502037
  </reviews>
  <exclusive>
   no
  </exclusive>
 </clothing>
 <clothing>
  <id>
   911732512
  </id>
  <name>
   DC Socks N-8676
  </name>
  <category>
   Socks
  </category>
  <size>
   XXL
  </size>
  <color>
   Желтый
  </color>
  <material>
   Полиэстер
  </material>
  <price>
   380451
  </price>
  <rating>
   4.06
  </rating>
  <reviews>
   591383
  </reviews>
  <new>
   -
  </new>
  <sporty>
   no
  </sporty>
 </clothing>
 <clothing>
  <id>
   472993607
  </id>
  <name>
   Ellesse Handbags S-6301
  </name>
  <category>
   Handbags
  </category>
  <size>
   XL
  </size>
  <color>
   Голубой
  </color>
  <material>
   Лен
  </material>
  <price>
   111262
  </price>
  <rating>
   3.44
  </rating>
  <reviews>
   206355
  </reviews>
  <new>
   -
  </new>
  <exclusive>
   yes
  </exclusive>
  <sporty>
   no
  </sporty>
 </clothing>
</clothing-items>
