<?xml version="1.0" encoding="utf-8"?>
<clothing-items>
 <clothing>
  <id>
   506279897
  </id>
  <name>
   Fila Blouse Z-1898
  </name>
  <category>
   Blouse
  </category>
  <size>
   L
  </size>
  <color>
   Фиолетовый
  </color>
  <material>
   Хлопок
  </material>
  <price>
   742700
  </price>
  <rating>
   2.9
  </rating>
  <reviews>
   907210
  </reviews>
  <sporty>
   no
  </sporty>
 </clothing>
 <clothing>
  <id>
   627174464
  </id>
  <name>
   Asics T-shirt E-5551
  </name>
  <category>
   T-shirt
  </category>
  <size>
   XL
  </size>
  <color>
   Желтый
  </color>
  <material>
   Шелк
  </material>
  <price>
   649960
  </price>
  <rating>
   2.38
  </rating>
  <reviews>
   299708
  </reviews>
  <exclusive>
   no
  </exclusive>
 </clothing>
 <clothing>
  <id>
   304775470
  </id>
  <name>
   Puma Handbags J-8102
  </name>
  <category>
   Handbags
  </category>
  <size>
   S
  </size>
  <color>
   Фиолетовый
  </color>
  <material>
   Лен
  </material>
  <price>
   460146
  </price>
  <rating>
   3.01
  </rating>
  <reviews>
   490568
  </reviews>
  <new>
   -
  </new>
  <exclusive>
   yes
  </exclusive>
 </clothing>
 <clothing>
  <id>
   773530062
  </id>
  <name>
   Reebok Pants I-2876
  </name>
  <category>
   Pants
  </category>
  <size>
   XL
  </size>
  <color>
   Оранжевый
  </color>
  <material>
   Лен
  </material>
  <price>
   458508
  </price>
  <rating>
   3.25
  </rating>
  <reviews>
   556068
  </reviews>
  <new>
   -
  </new>
  <exclusive>
   no
  </exclusive>
  <sporty>
   no
  </sporty>
 </clothing>
 <clothing>
  <id>
   719048685
  </id>
  <name>
   Under Armour Dress P-9365
  </name>
  <category>
   Dress
  </category>
  <size>
   L
  </size>
  <color>
   Голубой
  </color>
  <material>
   Хлопок
  </material>
  <price>
   929840
  </price>
  <rating>
   3.19
  </rating>
  <reviews>
   435777
  </reviews>
  <new>
   -
  </new>
  <exclusive>
   no
  </exclusive>
  <sporty>
   yes
  </sporty>
 </clothing>
 <clothing>
  <id>
   337133657
  </id>
  <name>
   Brooks Umbrellas J-9750
  </name>
  <category>
   Umbrellas
  </category>
  <size>
   M
  </size>
  <color>
   Желтый
  </color>
  <material>
   Шерсть
  </material>
  <price>
   385364
  </price>
  <rating>
   3.43
  </rating>
  <reviews>
   687658
  </reviews>
  <exclusive>
   yes
  </exclusive>
 </clothing>
 <clothing>
  <id>
   934778245
  </id>
  <name>
   Adidas Handbags J-6253
  </name>
  <category>
   Handbags
  </category>
  <size>
   XXL
  </size>
  <color>
   Голубой
  </color>
  <material>
   Хлопок
  </material>
  <price>
   857719
  </price>
  <rating>
   4.38
  </rating>
  <reviews>
   15619
  </reviews>
  <new>
   +
  </new>
  <sporty>
   no
  </sporty>
 </clothing>
 <clothing>
  <id>
   616887705
  </id>
  <name>
   Asics Pants T-2077
  </name>
  <category>
   Pants
  </category>
  <size>
   M
  </size>
  <color>
   Голубой
  </color>
  <material>
   Полиэстер
  </material>
  <price>
   608222
  </price>
  <rating>
   4.45
  </rating>
  <reviews>
   161281
  </reviews>
  <new>
   +
  </new>
 </clothing>
 <clothing>
  <id>
   472804590
  </id>
  <name>
   PleinSport Shoes K-2684
  </name>
  <category>
   Shoes
  </category>
  <size>
   L
  </size>
  <color>
   Красный
  </color>
  <material>
   Кожа
  </material>
  <price>
   814964
  </price>
  <rating>
   1.27
  </rating>
  <reviews>
   673451
  </reviews>
  <new>
   -
  </new>
  <exclusive>
   no
  </exclusive>
 </clothing>
 <clothing>
  <id>
   363327869
  </id>
  <name>
   Reebok Umbrellas A-5352
  </name>
  <category>
   Umbrellas
  </category>
  <size>
   M
  </size>
  <color>
   Фиолетовый
  </color>
  <material>
   Нейлон
  </material>
  <price>
   133572
  </price>
  <rating>
   4.66
  </rating>
  <reviews>
   301507
  </reviews>
  <exclusive>
   no
  </exclusive>
  <sporty>
   no
  </sporty>
 </clothing>
 <clothing>
  <id>
   468611581
  </id>
  <name>
   Puma Skirt N-8704
  </name>
  <category>
   Skirt
  </category>
  <size>
   M
  </size>
  <color>
   Синий
  </color>
  <material>
   Нейлон
  </material>
  <price>
   622706
  </price>
  <rating>
   4.16
  </rating>
  <reviews>
   117975
  </reviews>
  <exclusive>
   yes
  </exclusive>
 </clothing>
 <clothing>
  <id>
   975133953
  </id>
  <name>
   Ellesse Jacket T-5487
  </name>
  <category>
   Jacket
  </category>
  <size>
   S
  </size>
  <color>
   Оранжевый
  </color>
  <material>
   Кожа
  </material>
  <price>
   974995
  </price>
  <rating>
   4.82
  </rating>
  <reviews>
   5473
  </reviews>
  <new>
   +
  </new>
  <exclusive>
   no
  </exclusive>
  <sporty>
   yes
  </sporty>
 </clothing>
 <clothing>
  <id>
   182777161
  </id>
  <name>
   Adidas Socks J-5301
  </name>
  <category>
   Socks
  </category>
  <size>
   M
  </size>
  <color>
   Оранжевый
  </color>
  <material>
   Кожа
  </material>
  <price>
   411621
  </price>
  <rating>
   2.07
  </rating>
  <reviews>
   591499
  </reviews>
  <new>
   -
  </new>
  <exclusive>
   no
  </exclusive>
 </clothing>
 <clothing>
  <id>
   919408442
  </id>
  <name>
   Puma Skirt R-7096
  </name>
  <category>
   Skirt
  </category>
  <size>
   XXL
  </size>
  <color>
   Голубой
  </color>
  <material>
   Лен
  </material>
  <price>
   877632
  </price>
  <rating>
   4.72
  </rating>
  <reviews>
   687318
  </reviews>
  <new>
   -
  </new>
  <exclusive>
   no
  </exclusive>
 </clothing>
 <clothing>
  <id>
   900867400
  </id>
  <name>
   New Balance Jeans H-4775
  </name>
  <category>
   Jeans
  </category>
  <size>
   S
  </size>
  <color>
   Красный
  </color>
  <material>
   Хлопок
  </material>
  <price>
   744295
  </price>
  <rating>
   3.64
  </rating>
  <reviews>
   310104
  </reviews>
  <sporty>
   no
  </sporty>
 </clothing>
 <clothing>
  <id>
   557585078
  </id>
  <name>
   Asics Pants X-5544
  </name>
  <category>
   Pants
  </category>
  <size>
   XXL
  </size>
  <color>
   Желтый
  </color>
  <material>
   Хлопок
  </material>
  <price>
   879725
  </price>
  <rating>
   1.17
  </rating>
  <reviews>
   536627
  </reviews>
  <exclusive>
   no
  </exclusive>
 </clothing>
 <clothing>
  <id>
   146183400
  </id>
  <name>
   Vans Gloves L-8322
  </name>
  <category>
   Gloves
  </category>
  <size>
   S
  </size>
  <color>
   Желтый
  </color>
  <material>
   Кожа
  </material>
  <price>
   141795
  </price>
  <rating>
   3.42
  </rating>
  <reviews>
   293810
  </reviews>
  <new>
   -
  </new>
  <exclusive>
   yes
  </exclusive>
 </clothing>
 <clothing>
  <id>
   340079885
  </id>
  <name>
   New Balance Shoes D-9458
  </name>
  <category>
   Shoes
  </category>
  <size>
   L
  </size>
  <color>
   Синий
  </color>
  <material>
   Вискоза
  </material>
  <price>
   840606
  </price>
  <rating>
   3.42
  </rating>
  <reviews>
   375592
  </reviews>
  <exclusive>
   no
  </exclusive>
  <sporty>
   yes
  </sporty>
 </clothing>
 <clothing>
  <id>
   168268614
  </id>
  <name>
   Nike Hat E-3532
  </name>
  <category>
   Hat
  </category>
  <size>
   M
  </size>
  <color>
   Красный
  </color>
  <material>
   Шелк
  </material>
  <price>
   757316
  </price>
  <rating>
   4.08
  </rating>
  <reviews>
   335728
  </reviews>
  <new>
   -
  </new>
  <exclusive>
   yes
  </exclusive>
  <sporty>
   no
  </sporty>
 </clothing>
 <clothing>
  <id>
   718298733
  </id>
  <name>
   Puma Socks X-8542
  </name>
  <category>
   Socks
  </category>
  <size>
   M
  </size>
  <color>
   Красный
  </color>
  <material>
   Шерсть
  </material>
  <price>
   142817
  </price>
  <rating>
   1.23
  </rating>
  <reviews>
   778248
  </reviews>
  <new>
   +
  </new>
  <sporty>
   no
  </sporty>
 </clothing>
 <clothing>
  <id>
   164037507
  </id>
  <name>
   Adidas Belts E-7703
  </name>
  <category>
   Belts
  </category>
  <size>
   M
  </size>
  <color>
   Голубой
  </color>
  <material>
   Нейлон
  </material>
  <price>
   680819
  </price>
  <rating>
   4.96
  </rating>
  <reviews>
   219751
  </reviews>
  <new>
   -
  </new>
  <exclusive>
   no
  </exclusive>
 </clothing>
 <clothing>
  <id>
   119712074
  </id>
  <name>
   DC Jacket E-7809
  </name>
  <category>
   Jacket
  </category>
  <size>
   L
  </size>
  <color>
   Фиолетовый
  </color>
  <material>
   Шелк
  </material>
  <price>
   740714
  </price>
  <rating>
   3.0
  </rating>
  <reviews>
   784979
  </reviews>
 </clothing>
 <clothing>
  <id>
   986817051
  </id>
  <name>
   Puma Jacket Z-7292
  </name>
  <category>
   Jacket
  </category>
  <size>
   XXL
  </size>
  <color>
   Фиолетовый
  </color>
  <material>
   Шелк
  </material>
  <price>
   198352
  </price>
  <rating>
   4.96
  </rating>
  <reviews>
   353314
  </reviews>
  <exclusive>
   yes
  </exclusive>
 </clothing>
 <clothing>
  <id>
   643819960
  </id>
  <name>
   PleinSport Sweater Q-3900
  </name>
  <category>
   Sweater
  </category>
  <size>
   L
  </size>
  <color>
   Фиолетовый
  </color>
  <material>
   Хлопок
  </material>
  <price>
   171095
  </price>
  <rating>
   3.55
  </rating>
  <reviews>
   765948
  </reviews>
  <exclusive>
   no
  </exclusive>
 </clothing>
 <clothing>
  <id>
   539443267
  </id>
  <name>
   Reebok Jacket B-3577
  </name>
  <category>
   Jacket
  </category>
  <size>
   XL
  </size>
  <color>
   Красный
  </color>
  <material>
   Кожа
  </material>
  <price>
   700308
  </price>
  <rating>
   3.58
  </rating>
  <reviews>
   276955
  </reviews>
  <new>
   -
  </new>
  <exclusive>
   no
  </exclusive>
  <sporty>
   no
  </sporty>
 </clothing>
 <clothing>
  <id>
   293431018
  </id>
  <name>
   Brooks Umbrellas C-4526
  </name>
  <category>
   Umbrellas
  </category>
  <size>
   XXL
  </size>
  <color>
   Синий
  </color>
  <material>
   Нейлон
  </material>
  <price>
   554461
  </price>
  <rating>
   1.57
  </rating>
  <reviews>
   615395
  </reviews>
  <new>
   +
  </new>
  <exclusive>
   no
  </exclusive>
 </clothing>
 <clothing>
  <id>
   958094603
  </id>
  <name>
   Ellesse Skirt W-5108
  </name>
  <category>
   Skirt
  </category>
  <size>
   XL
  </size>
  <color>
   Синий
  </color>
  <material>
   Шерсть
  </material>
  <price>
   794447
  </price>
  <rating>
   3.69
  </rating>
  <reviews>
   160623
  </reviews>
  <new>
   -
  </new>
  <exclusive>
   yes
  </exclusive>
  <sporty>
   yes
  </sporty>
 </clothing>
 <clothing>
  <id>
   250160953
  </id>
  <name>
   Converse Gloves E-5793
  </name>
  <category>
   Gloves
  </category>
  <size>
   L
  </size>
  <color>
   Желтый
  </color>
  <material>
   Вискоза
  </material>
  <price>
   313032
  </price>
  <rating>
   1.88
  </rating>
  <reviews>
   686972
  </reviews>
  <new>
   -
  </new>
  <exclusive>
   no
  </exclusive>
 </clothing>
 <clothing>
  <id>
   997955715
  </id>
  <name>
   DC T-shirt Y-2168
  </name>
  <category>
   T-shirt
  </category>
  <size>
   S
  </size>
  <color>
   Оранжевый
  </color>
  <material>
   Лен
  </material>
  <price>
   690302
  </price>
  <rating>
   1.04
  </rating>
  <reviews>
   500400
  </reviews>
  <new>
   +
  </new>
  <exclusive>
   no
  </exclusive>
  <sporty>
   no
  </sporty>
 </clothing>
 <clothing>
  <id>
   949469247
  </id>
  <name>
   Adidas Socks A-4489
  </name>
  <category>
   Socks
  </category>
  <size>
   XL
  </size>
  <color>
   Фиолетовый
  </color>
  <material>
   Полиэстер
  </material>
  <price>
   377421
  </price>
  <rating>
   2.38
  </rating>
  <reviews>
   666642
  </reviews>
  <exclusive>
   no
  </exclusive>
  <sporty>
   no
  </sporty>
 </clothing>
</clothing-items>
