<?xml version="1.0" encoding="utf-8"?>
<clothing-items>
 <clothing>
  <id>
   401748231
  </id>
  <name>
   Vans Gloves A-5731
  </name>
  <category>
   Gloves
  </category>
  <size>
   M
  </size>
  <color>
   Синий
  </color>
  <material>
   Шерсть
  </material>
  <price>
   955079
  </price>
  <rating>
   3.52
  </rating>
  <reviews>
   583388
  </reviews>
 </clothing>
 <clothing>
  <id>
   356873208
  </id>
  <name>
   Under Armour Skirt B-5114
  </name>
  <category>
   Skirt
  </category>
  <size>
   M
  </size>
  <color>
   Голубой
  </color>
  <material>
   Шерсть
  </material>
  <price>
   959285
  </price>
  <rating>
   3.38
  </rating>
  <reviews>
   10798
  </reviews>
  <new>
   +
  </new>
  <sporty>
   no
  </sporty>
 </clothing>
 <clothing>
  <id>
   409421600
  </id>
  <name>
   Asics Shirt V-3440
  </name>
  <category>
   Shirt
  </category>
  <size>
   L
  </size>
  <color>
   Голубой
  </color>
  <material>
   Нейлон
  </material>
  <price>
   382055
  </price>
  <rating>
   3.34
  </rating>
  <reviews>
   394325
  </reviews>
  <new>
   -
  </new>
  <exclusive>
   no
  </exclusive>
  <sporty>
   no
  </sporty>
 </clothing>
 <clothing>
  <id>
   455384069
  </id>
  <name>
   DC Hat S-6187
  </name>
  <category>
   Hat
  </category>
  <size>
   M
  </size>
  <color>
   Зеленый
  </color>
  <material>
   Шерсть
  </material>
  <price>
   658753
  </price>
  <rating>
   3.12
  </rating>
  <reviews>
   883003
  </reviews>
  <new>
   +
  </new>
  <exclusive>
   yes
  </exclusive>
  <sporty>
   no
  </sporty>
 </clothing>
 <clothing>
  <id>
   867115231
  </id>
  <name>
   Puma Gloves Y-3645
  </name>
  <category>
   Gloves
  </category>
  <size>
   M
  </size>
  <color>
   Синий
  </color>
  <material>
   Кожа
  </material>
  <price>
   900048
  </price>
  <rating>
   1.21
  </rating>
  <reviews>
   70833
  </reviews>
  <new>
   -
  </new>
 </clothing>
 <clothing>
  <id>
   609659044
  </id>
  <name>
   Under Armour Skirt L-5685
  </name>
  <category>
   Skirt
  </category>
  <size>
   M
  </size>
  <color>
   Синий
  </color>
  <material>
   Нейлон
  </material>
  <price>
   344997
  </price>
  <rating>
   4.0
  </rating>
  <reviews>
   742611
  </reviews>
  <new>
   -
  </new>
 </clothing>
 <clothing>
  <id>
   190620707
  </id>
  <name>
   PleinSport Socks Y-8844
  </name>
  <category>
   Socks
  </category>
  <size>
   S
  </size>
  <color>
   Синий
  </color>
  <material>
   Шелк
  </material>
  <price>
   896443
  </price>
  <rating>
   1.78
  </rating>
  <reviews>
   923560
  </reviews>
  <exclusive>
   no
  </exclusive>
  <sporty>
   no
  </sporty>
 </clothing>
 <clothing>
  <id>
   265251517
  </id>
  <name>
   DC Blouse U-1959
  </name>
  <category>
   Blouse
  </category>
  <size>
   XL
  </size>
  <color>
   Красный
  </color>
  <material>
   Кожа
  </material>
  <price>
   640105
  </price>
  <rating>
   4.31
  </rating>
  <reviews>
   492771
  </reviews>
  <exclusive>
   yes
  </exclusive>
  <sporty>
   no
  </sporty>
 </clothing>
 <clothing>
  <id>
   507588716
  </id>
  <name>
   Nike Dress D-7332
  </name>
  <category>
   Dress
  </category>
  <size>
   XXL
  </size>
  <color>
   Голубой
  </color>
  <material>
   Полиэстер
  </material>
  <price>
   546526
  </price>
  <rating>
   2.19
  </rating>
  <reviews>
   942896
  </reviews>
  <new>
   +
  </new>
 </clothing>
 <clothing>
  <id>
   396529703
  </id>
  <name>
   Brooks Shirt H-9396
  </name>
  <category>
   Shirt
  </category>
  <size>
   XXL
  </size>
  <color>
   Голубой
  </color>
  <material>
   Шелк
  </material>
  <price>
   165452
  </price>
  <rating>
   3.25
  </rating>
  <reviews>
   38925
  </reviews>
  <new>
   -
  </new>
  <exclusive>
   no
  </exclusive>
 </clothing>
 <clothing>
  <id>
   834582751
  </id>
  <name>
   Asics Socks A-4490
  </name>
  <category>
   Socks
  </category>
  <size>
   XXL
  </size>
  <color>
   Оранжевый
  </color>
  <material>
   Лен
  </material>
  <price>
   344121
  </price>
  <rating>
   3.09
  </rating>
  <reviews>
   126330
  </reviews>
  <new>
   +
  </new>
  <exclusive>
   no
  </exclusive>
 </clothing>
 <clothing>
  <id>
   590514564
  </id>
  <name>
   Asics Blouse L-2008
  </name>
  <category>
   Blouse
  </category>
  <size>
   S
  </size>
  <color>
   Оранжевый
  </color>
  <material>
   Шелк
  </material>
  <price>
   767266
  </price>
  <rating>
   3.36
  </rating>
  <reviews>
   620841
  </reviews>
  <exclusive>
   no
  </exclusive>
  <sporty>
   no
  </sporty>
 </clothing>
 <clothing>
  <id>
   111923721
  </id>
  <name>
   Converse Jacket W-3204
  </name>
  <category>
   Jacket
  </category>
  <size>
   XXL
  </size>
  <color>
   Фиолетовый
  </color>
  <material>
   Хлопок
  </material>
  <price>
   305177
  </price>
  <rating>
   3.14
  </rating>
  <reviews>
   17954
  </reviews>
  <new>
   -
  </new>
  <exclusive>
   yes
  </exclusive>
 </clothing>
 <clothing>
  <id>
   918876756
  </id>
  <name>
   Converse Blouse P-1587
  </name>
  <category>
   Blouse
  </category>
  <size>
   S
  </size>
  <color>
   Голубой
  </color>
  <material>
   Кожа
  </material>
  <price>
   916252
  </price>
  <rating>
   3.52
  </rating>
  <reviews>
   829798
  </reviews>
  <new>
   +
  </new>
  <exclusive>
   yes
  </exclusive>
  <sporty>
   yes
  </sporty>
 </clothing>
 <clothing>
  <id>
   100722353
  </id>
  <name>
   Brooks Shoes U-8099
  </name>
  <category>
   Shoes
  </category>
  <size>
   L
  </size>
  <color>
   Синий
  </color>
  <material>
   Нейлон
  </material>
  <price>
   988220
  </price>
  <rating>
   2.86
  </rating>
  <reviews>
   13356
  </reviews>
  <new>
   +
  </new>
  <exclusive>
   no
  </exclusive>
  <sporty>
   no
  </sporty>
 </clothing>
 <clothing>
  <id>
   199321936
  </id>
  <name>
   Puma Jeans R-3285
  </name>
  <category>
   Jeans
  </category>
  <size>
   XL
  </size>
  <color>
   Красный
  </color>
  <material>
   Хлопок
  </material>
  <price>
   220774
  </price>
  <rating>
   3.79
  </rating>
  <reviews>
   509427
  </reviews>
  <new>
   -
  </new>
  <exclusive>
   yes
  </exclusive>
 </clothing>
 <clothing>
  <id>
   228683545
  </id>
  <name>
   Asics Jeans R-7405
  </name>
  <category>
   Jeans
  </category>
  <size>
   XXL
  </size>
  <color>
   Синий
  </color>
  <material>
   Шелк
  </material>
  <price>
   852365
  </price>
  <rating>
   2.45
  </rating>
  <reviews>
   376086
  </reviews>
  <sporty>
   yes
  </sporty>
 </clothing>
 <clothing>
  <id>
   680383266
  </id>
  <name>
   Puma Blouse V-1360
  </name>
  <category>
   Blouse
  </category>
  <size>
   L
  </size>
  <color>
   Желтый
  </color>
  <material>
   Хлопок
  </material>
  <price>
   623090
  </price>
  <rating>
   2.23
  </rating>
  <reviews>
   598487
  </reviews>
  <exclusive>
   no
  </exclusive>
 </clothing>
 <clothing>
  <id>
   284033579
  </id>
  <name>
   Adidas Handbags Q-8593
  </name>
  <category>
   Handbags
  </category>
  <size>
   XL
  </size>
  <color>
   Фиолетовый
  </color>
  <material>
   Полиэстер
  </material>
  <price>
   195758
  </price>
  <rating>
   3.63
  </rating>
  <reviews>
   230418
  </reviews>
  <new>
   +
  </new>
  <exclusive>
   no
  </exclusive>
  <sporty>
   yes
  </sporty>
 </clothing>
 <clothing>
  <id>
   526200572
  </id>
  <name>
   Addidas Shoes W-1082
  </name>
  <category>
   Shoes
  </category>
  <size>
   L
  </size>
  <color>
   Синий
  </color>
  <material>
   Кожа
  </material>
  <price>
   294268
  </price>
  <rating>
   1.12
  </rating>
  <reviews>
   882019
  </reviews>
  <new>
   -
  </new>
  <exclusive>
   no
  </exclusive>
  <sporty>
   no
  </sporty>
 </clothing>
 <clothing>
  <id>
   596267983
  </id>
  <name>
   Ellesse Pants U-4191
  </name>
  <category>
   Pants
  </category>
  <size>
   XL
  </size>
  <color>
   Оранжевый
  </color>
  <material>
   Шерсть
  </material>
  <price>
   827323
  </price>
  <rating>
   4.68
  </rating>
  <reviews>
   220081
  </reviews>
  <new>
   +
  </new>
  <sporty>
   yes
  </sporty>
 </clothing>
 <clothing>
  <id>
   430186911
  </id>
  <name>
   DC Dress R-3355
  </name>
  <category>
   Dress
  </category>
  <size>
   XXL
  </size>
  <color>
   Оранжевый
  </color>
  <material>
   Шелк
  </material>
  <price>
   449154
  </price>
  <rating>
   4.59
  </rating>
  <reviews>
   457093
  </reviews>
  <new>
   -
  </new>
  <exclusive>
   yes
  </exclusive>
 </clothing>
 <clothing>
  <id>
   993162819
  </id>
  <name>
   Nike Skirt Z-2011
  </name>
  <category>
   Skirt
  </category>
  <size>
   S
  </size>
  <color>
   Желтый
  </color>
  <material>
   Полиэстер
  </material>
  <price>
   936683
  </price>
  <rating>
   1.42
  </rating>
  <reviews>
   67348
  </reviews>
  <new>
   +
  </new>
  <exclusive>
   no
  </exclusive>
 </clothing>
 <clothing>
  <id>
   980804377
  </id>
  <name>
   Reebok T-shirt J-3490
  </name>
  <category>
   T-shirt
  </category>
  <size>
   L
  </size>
  <color>
   Красный
  </color>
  <material>
   Нейлон
  </material>
  <price>
   192538
  </price>
  <rating>
   4.3
  </rating>
  <reviews>
   824442
  </reviews>
  <exclusive>
   no
  </exclusive>
 </clothing>
 <clothing>
  <id>
   245599876
  </id>
  <name>
   Nike Hat C-9854
  </name>
  <category>
   Hat
  </category>
  <size>
   L
  </size>
  <color>
   Желтый
  </color>
  <material>
   Лен
  </material>
  <price>
   739420
  </price>
  <rating>
   4.89
  </rating>
  <reviews>
   361788
  </reviews>
  <new>
   +
  </new>
  <exclusive>
   no
  </exclusive>
  <sporty>
   no
  </sporty>
 </clothing>
 <clothing>
  <id>
   191864552
  </id>
  <name>
   Under Armour Umbrellas L-2595
  </name>
  <category>
   Umbrellas
  </category>
  <size>
   S
  </size>
  <color>
   Голубой
  </color>
  <material>
   Шелк
  </material>
  <price>
   572288
  </price>
  <rating>
   4.9
  </rating>
  <reviews>
   11356
  </reviews>
  <sporty>
   yes
  </sporty>
 </clothing>
 <clothing>
  <id>
   996638641
  </id>
  <name>
   Ellesse Sweater C-7206
  </name>
  <category>
   Sweater
  </category>
  <size>
   L
  </size>
  <color>
   Красный
  </color>
  <material>
   Нейлон
  </material>
  <price>
   671474
  </price>
  <rating>
   4.93
  </rating>
  <reviews>
   609049
  </reviews>
  <new>
   -
  </new>
 </clothing>
 <clothing>
  <id>
   837187000
  </id>
  <name>
   PleinSport Umbrellas H-3845
  </name>
  <category>
   Umbrellas
  </category>
  <size>
   L
  </size>
  <color>
   Голубой
  </color>
  <material>
   Кожа
  </material>
  <price>
   688775
  </price>
  <rating>
   3.69
  </rating>
  <reviews>
   371736
  </reviews>
  <sporty>
   yes
  </sporty>
 </clothing>
 <clothing>
  <id>
   563843652
  </id>
  <name>
   Lacoste Shoes M-9393
  </name>
  <category>
   Shoes
  </category>
  <size>
   M
  </size>
  <color>
   Желтый
  </color>
  <material>
   Нейлон
  </material>
  <price>
   358314
  </price>
  <rating>
   2.43
  </rating>
  <reviews>
   927210
  </reviews>
  <exclusive>
   no
  </exclusive>
 </clothing>
</clothing-items>
