<?xml version="1.0" encoding="utf-8"?>
<clothing-items>
 <clothing>
  <id>
   974353250
  </id>
  <name>
   DC Hat P-5281
  </name>
  <category>
   Hat
  </category>
  <size>
   XL
  </size>
  <color>
   Желтый
  </color>
  <material>
   Полиэстер
  </material>
  <price>
   543846
  </price>
  <rating>
   1.36
  </rating>
  <reviews>
   496656
  </reviews>
  <sporty>
   no
  </sporty>
 </clothing>
 <clothing>
  <id>
   396072069
  </id>
  <name>
   Ellesse Dress F-5681
  </name>
  <category>
   Dress
  </category>
  <size>
   L
  </size>
  <color>
   Синий
  </color>
  <material>
   Хлопок
  </material>
  <price>
   980992
  </price>
  <rating>
   3.55
  </rating>
  <reviews>
   542883
  </reviews>
  <exclusive>
   no
  </exclusive>
  <sporty>
   yes
  </sporty>
 </clothing>
 <clothing>
  <id>
   794076160
  </id>
  <name>
   Ellesse Hat P-6103
  </name>
  <category>
   Hat
  </category>
  <size>
   L
  </size>
  <color>
   Зеленый
  </color>
  <material>
   Хлопок
  </material>
  <price>
   433055
  </price>
  <rating>
   3.99
  </rating>
  <reviews>
   286191
  </reviews>
  <new>
   -
  </new>
  <exclusive>
   no
  </exclusive>
  <sporty>
   no
  </sporty>
 </clothing>
 <clothing>
  <id>
   477971019
  </id>
  <name>
   Lacoste Socks F-4460
  </name>
  <category>
   Socks
  </category>
  <size>
   L
  </size>
  <color>
   Голубой
  </color>
  <material>
   Полиэстер
  </material>
  <price>
   549600
  </price>
  <rating>
   4.38
  </rating>
  <reviews>
   665195
  </reviews>
  <sporty>
   no
  </sporty>
 </clothing>
 <clothing>
  <id>
   897352917
  </id>
  <name>
   Vans Umbrellas D-2207
  </name>
  <category>
   Umbrellas
  </category>
  <size>
   S
  </size>
  <color>
   Фиолетовый
  </color>
  <material>
   Шелк
  </material>
  <price>
   316356
  </price>
  <rating>
   1.57
  </rating>
  <reviews>
   32374
  </reviews>
  <new>
   +
  </new>
  <exclusive>
   yes
  </exclusive>
  <sporty>
   no
  </sporty>
 </clothing>
 <clothing>
  <id>
   200436454
  </id>
  <name>
   Puma Skirt N-6364
  </name>
  <category>
   Skirt
  </category>
  <size>
   L
  </size>
  <color>
   Зеленый
  </color>
  <material>
   Полиэстер
  </material>
  <price>
   618260
  </price>
  <rating>
   1.84
  </rating>
  <reviews>
   91907
  </reviews>
  <new>
   -
  </new>
 </clothing>
 <clothing>
  <id>
   220480918
  </id>
  <name>
   Addidas Blouse D-5820
  </name>
  <category>
   Blouse
  </category>
  <size>
   XL
  </size>
  <color>
   Голубой
  </color>
  <material>
   Лен
  </material>
  <price>
   796800
  </price>
  <rating>
   3.82
  </rating>
  <reviews>
   592132
  </reviews>
  <exclusive>
   no
  </exclusive>
 </clothing>
 <clothing>
  <id>
   164247258
  </id>
  <name>
   Ellesse Hat R-2225
  </name>
  <category>
   Hat
  </category>
  <size>
   M
  </size>
  <color>
   Желтый
  </color>
  <material>
   Кожа
  </material>
  <price>
   636838
  </price>
  <rating>
   1.71
  </rating>
  <reviews>
   708696
  </reviews>
  <new>
   +
  </new>
  <exclusive>
   no
  </exclusive>
  <sporty>
   no
  </sporty>
 </clothing>
 <clothing>
  <id>
   167375429
  </id>
  <name>
   Adidas Sweater Y-8173
  </name>
  <category>
   Sweater
  </category>
  <size>
   XL
  </size>
  <color>
   Голубой
  </color>
  <material>
   Лен
  </material>
  <price>
   683772
  </price>
  <rating>
   4.64
  </rating>
  <reviews>
   425891
  </reviews>
  <exclusive>
   no
  </exclusive>
  <sporty>
   yes
  </sporty>
 </clothing>
 <clothing>
  <id>
   356088287
  </id>
  <name>
   Reebok Blouse Y-3676
  </name>
  <category>
   Blouse
  </category>
  <size>
   XL
  </size>
  <color>
   Синий
  </color>
  <material>
   Вискоза
  </material>
  <price>
   871380
  </price>
  <rating>
   4.05
  </rating>
  <reviews>
   232025
  </reviews>
 </clothing>
 <clothing>
  <id>
   313431835
  </id>
  <name>
   Nike Pants J-5348
  </name>
  <category>
   Pants
  </category>
  <size>
   S
  </size>
  <color>
   Синий
  </color>
  <material>
   Лен
  </material>
  <price>
   752916
  </price>
  <rating>
   3.87
  </rating>
  <reviews>
   676344
  </reviews>
  <new>
   -
  </new>
  <sporty>
   yes
  </sporty>
 </clothing>
 <clothing>
  <id>
   522037461
  </id>
  <name>
   New Balance Jacket E-9413
  </name>
  <category>
   Jacket
  </category>
  <size>
   XL
  </size>
  <color>
   Голубой
  </color>
  <material>
   Нейлон
  </material>
  <price>
   590885
  </price>
  <rating>
   4.91
  </rating>
  <reviews>
   85717
  </reviews>
 </clothing>
 <clothing>
  <id>
   348537553
  </id>
  <name>
   New Balance Hat E-2158
  </name>
  <category>
   Hat
  </category>
  <size>
   XL
  </size>
  <color>
   Синий
  </color>
  <material>
   Полиэстер
  </material>
  <price>
   575815
  </price>
  <rating>
   1.28
  </rating>
  <reviews>
   579821
  </reviews>
  <sporty>
   no
  </sporty>
 </clothing>
 <clothing>
  <id>
   745853312
  </id>
  <name>
   Fila Socks C-2989
  </name>
  <category>
   Socks
  </category>
  <size>
   S
  </size>
  <color>
   Зеленый
  </color>
  <material>
   Хлопок
  </material>
  <price>
   143167
  </price>
  <rating>
   1.55
  </rating>
  <reviews>
   195309
  </reviews>
  <sporty>
   no
  </sporty>
 </clothing>
 <clothing>
  <id>
   783996360
  </id>
  <name>
   Vans Sweater E-2962
  </name>
  <category>
   Sweater
  </category>
  <size>
   M
  </size>
  <color>
   Желтый
  </color>
  <material>
   Шелк
  </material>
  <price>
   254421
  </price>
  <rating>
   4.49
  </rating>
  <reviews>
   181002
  </reviews>
  <new>
   +
  </new>
  <exclusive>
   yes
  </exclusive>
 </clothing>
 <clothing>
  <id>
   128728031
  </id>
  <name>
   Adidas Pants C-2344
  </name>
  <category>
   Pants
  </category>
  <size>
   XXL
  </size>
  <color>
   Зеленый
  </color>
  <material>
   Полиэстер
  </material>
  <price>
   395982
  </price>
  <rating>
   1.79
  </rating>
  <reviews>
   803125
  </reviews>
  <new>
   -
  </new>
  <sporty>
   yes
  </sporty>
 </clothing>
 <clothing>
  <id>
   320307765
  </id>
  <name>
   Reebok Handbags M-2220
  </name>
  <category>
   Handbags
  </category>
  <size>
   XXL
  </size>
  <color>
   Красный
  </color>
  <material>
   Вискоза
  </material>
  <price>
   604562
  </price>
  <rating>
   3.98
  </rating>
  <reviews>
   420290
  </reviews>
  <new>
   +
  </new>
  <exclusive>
   yes
  </exclusive>
  <sporty>
   no
  </sporty>
 </clothing>
 <clothing>
  <id>
   636998701
  </id>
  <name>
   Vans Sweater L-1854
  </name>
  <category>
   Sweater
  </category>
  <size>
   L
  </size>
  <color>
   Зеленый
  </color>
  <material>
   Вискоза
  </material>
  <price>
   108826
  </price>
  <rating>
   4.6
  </rating>
  <reviews>
   525097
  </reviews>
  <new>
   -
  </new>
  <sporty>
   no
  </sporty>
 </clothing>
 <clothing>
  <id>
   181767164
  </id>
  <name>
   Puma Shoes S-8016
  </name>
  <category>
   Shoes
  </category>
  <size>
   L
  </size>
  <color>
   Зеленый
  </color>
  <material>
   Нейлон
  </material>
  <price>
   562176
  </price>
  <rating>
   4.44
  </rating>
  <reviews>
   61529
  </reviews>
  <new>
   -
  </new>
  <exclusive>
   no
  </exclusive>
  <sporty>
   yes
  </sporty>
 </clothing>
 <clothing>
  <id>
   202476609
  </id>
  <name>
   Converse Pants T-3206
  </name>
  <category>
   Pants
  </category>
  <size>
   XXL
  </size>
  <color>
   Синий
  </color>
  <material>
   Хлопок
  </material>
  <price>
   835390
  </price>
  <rating>
   3.66
  </rating>
  <reviews>
   698421
  </reviews>
  <new>
   +
  </new>
  <exclusive>
   no
  </exclusive>
 </clothing>
 <clothing>
  <id>
   544829951
  </id>
  <name>
   Under Armour Belts X-1093
  </name>
  <category>
   Belts
  </category>
  <size>
   L
  </size>
  <color>
   Фиолетовый
  </color>
  <material>
   Хлопок
  </material>
  <price>
   762897
  </price>
  <rating>
   4.2
  </rating>
  <reviews>
   240722
  </reviews>
  <new>
   +
  </new>
  <exclusive>
   yes
  </exclusive>
 </clothing>
 <clothing>
  <id>
   544235040
  </id>
  <name>
   Addidas Dress Y-1655
  </name>
  <category>
   Dress
  </category>
  <size>
   M
  </size>
  <color>
   Зеленый
  </color>
  <material>
   Кожа
  </material>
  <price>
   777510
  </price>
  <rating>
   4.74
  </rating>
  <reviews>
   456630
  </reviews>
  <new>
   +
  </new>
  <exclusive>
   no
  </exclusive>
  <sporty>
   no
  </sporty>
 </clothing>
 <clothing>
  <id>
   426196949
  </id>
  <name>
   DC Belts J-5873
  </name>
  <category>
   Belts
  </category>
  <size>
   XXL
  </size>
  <color>
   Фиолетовый
  </color>
  <material>
   Полиэстер
  </material>
  <price>
   314476
  </price>
  <rating>
   2.13
  </rating>
  <reviews>
   412885
  </reviews>
  <new>
   -
  </new>
  <exclusive>
   no
  </exclusive>
 </clothing>
 <clothing>
  <id>
   827571357
  </id>
  <name>
   Reebok Dress R-1970
  </name>
  <category>
   Dress
  </category>
  <size>
   XL
  </size>
  <color>
   Фиолетовый
  </color>
  <material>
   Нейлон
  </material>
  <price>
   375744
  </price>
  <rating>
   1.53
  </rating>
  <reviews>
   222321
  </reviews>
  <new>
   +
  </new>
  <exclusive>
   no
  </exclusive>
  <sporty>
   no
  </sporty>
 </clothing>
 <clothing>
  <id>
   875324200
  </id>
  <name>
   PleinSport Gloves F-9255
  </name>
  <category>
   Gloves
  </category>
  <size>
   L
  </size>
  <color>
   Оранжевый
  </color>
  <material>
   Полиэстер
  </material>
  <price>
   699378
  </price>
  <rating>
   4.28
  </rating>
  <reviews>
   137709
  </reviews>
  <new>
   +
  </new>
  <exclusive>
   no
  </exclusive>
  <sporty>
   yes
  </sporty>
 </clothing>
 <clothing>
  <id>
   656113223
  </id>
  <name>
   New Balance Shirt M-9322
  </name>
  <category>
   Shirt
  </category>
  <size>
   S
  </size>
  <color>
   Желтый
  </color>
  <material>
   Кожа
  </material>
  <price>
   807042
  </price>
  <rating>
   4.65
  </rating>
  <reviews>
   173655
  </reviews>
  <exclusive>
   no
  </exclusive>
 </clothing>
 <clothing>
  <id>
   779706423
  </id>
  <name>
   Puma Blouse K-3791
  </name>
  <category>
   Blouse
  </category>
  <size>
   XL
  </size>
  <color>
   Синий
  </color>
  <material>
   Кожа
  </material>
  <price>
   967028
  </price>
  <rating>
   2.98
  </rating>
  <reviews>
   485644
  </reviews>
  <new>
   -
  </new>
  <exclusive>
   yes
  </exclusive>
  <sporty>
   no
  </sporty>
 </clothing>
 <clothing>
  <id>
   781266045
  </id>
  <name>
   Asics Hat S-9656
  </name>
  <category>
   Hat
  </category>
  <size>
   XXL
  </size>
  <color>
   Голубой
  </color>
  <material>
   Хлопок
  </material>
  <price>
   448977
  </price>
  <rating>
   1.98
  </rating>
  <reviews>
   676256
  </reviews>
  <new>
   -
  </new>
  <exclusive>
   no
  </exclusive>
  <sporty>
   no
  </sporty>
 </clothing>
 <clothing>
  <id>
   190941291
  </id>
  <name>
   Asics Dress M-5060
  </name>
  <category>
   Dress
  </category>
  <size>
   M
  </size>
  <color>
   Зеленый
  </color>
  <material>
   Лен
  </material>
  <price>
   348516
  </price>
  <rating>
   1.44
  </rating>
  <reviews>
   201954
  </reviews>
 </clothing>
 <clothing>
  <id>
   961429541
  </id>
  <name>
   Under Armour Pants U-8844
  </name>
  <category>
   Pants
  </category>
  <size>
   M
  </size>
  <color>
   Оранжевый
  </color>
  <material>
   Нейлон
  </material>
  <price>
   150403
  </price>
  <rating>
   4.51
  </rating>
  <reviews>
   324963
  </reviews>
  <new>
   +
  </new>
  <sporty>
   no
  </sporty>
 </clothing>
 <clothing>
  <id>
   671363596
  </id>
  <name>
   PleinSport Shirt J-9875
  </name>
  <category>
   Shirt
  </category>
  <size>
   XL
  </size>
  <color>
   Желтый
  </color>
  <material>
   Кожа
  </material>
  <price>
   149984
  </price>
  <rating>
   3.71
  </rating>
  <reviews>
   29217
  </reviews>
 </clothing>
 <clothing>
  <id>
   535814499
  </id>
  <name>
   Vans Socks E-7355
  </name>
  <category>
   Socks
  </category>
  <size>
   XXL
  </size>
  <color>
   Оранжевый
  </color>
  <material>
   Лен
  </material>
  <price>
   960357
  </price>
  <rating>
   3.07
  </rating>
  <reviews>
   545669
  </reviews>
  <new>
   -
  </new>
  <exclusive>
   no
  </exclusive>
  <sporty>
   yes
  </sporty>
 </clothing>
 <clothing>
  <id>
   930408417
  </id>
  <name>
   Adidas Shoes E-4000
  </name>
  <category>
   Shoes
  </category>
  <size>
   S
  </size>
  <color>
   Синий
  </color>
  <material>
   Шерсть
  </material>
  <price>
   970678
  </price>
  <rating>
   3.94
  </rating>
  <reviews>
   365784
  </reviews>
  <new>
   -
  </new>
  <sporty>
   no
  </sporty>
 </clothing>
 <clothing>
  <id>
   489066008
  </id>
  <name>
   DC Gloves G-8716
  </name>
  <category>
   Gloves
  </category>
  <size>
   S
  </size>
  <color>
   Синий
  </color>
  <material>
   Вискоза
  </material>
  <price>
   235424
  </price>
  <rating>
   2.05
  </rating>
  <reviews>
   289102
  </reviews>
  <new>
   +
  </new>
 </clothing>
 <clothing>
  <id>
   856026916
  </id>
  <name>
   Reebok Jacket J-1189
  </name>
  <category>
   Jacket
  </category>
  <size>
   XL
  </size>
  <color>
   Зеленый
  </color>
  <material>
   Вискоза
  </material>
  <price>
   462576
  </price>
  <rating>
   3.37
  </rating>
  <reviews>
   260651
  </reviews>
  <exclusive>
   no
  </exclusive>
  <sporty>
   yes
  </sporty>
 </clothing>
 <clothing>
  <id>
   132067829
  </id>
  <name>
   Ellesse Hat K-8217
  </name>
  <category>
   Hat
  </category>
  <size>
   XXL
  </size>
  <color>
   Фиолетовый
  </color>
  <material>
   Шерсть
  </material>
  <price>
   976431
  </price>
  <rating>
   3.94
  </rating>
  <reviews>
   257900
  </reviews>
  <new>
   +
  </new>
  <exclusive>
   no
  </exclusive>
  <sporty>
   yes
  </sporty>
 </clothing>
 <clothing>
  <id>
   328610548
  </id>
  <name>
   PleinSport Umbrellas K-5134
  </name>
  <category>
   Umbrellas
  </category>
  <size>
   L
  </size>
  <color>
   Фиолетовый
  </color>
  <material>
   Полиэстер
  </material>
  <price>
   302458
  </price>
  <rating>
   3.18
  </rating>
  <reviews>
   937652
  </reviews>
  <new>
   +
  </new>
  <exclusive>
   no
  </exclusive>
  <sporty>
   no
  </sporty>
 </clothing>
 <clothing>
  <id>
   978485151
  </id>
  <name>
   Adidas Umbrellas I-3673
  </name>
  <category>
   Umbrellas
  </category>
  <size>
   XXL
  </size>
  <color>
   Зеленый
  </color>
  <material>
   Кожа
  </material>
  <price>
   740669
  </price>
  <rating>
   3.91
  </rating>
  <reviews>
   918273
  </reviews>
  <new>
   -
  </new>
  <exclusive>
   no
  </exclusive>
  <sporty>
   yes
  </sporty>
 </clothing>
 <clothing>
  <id>
   645070910
  </id>
  <name>
   Addidas Hat H-3740
  </name>
  <category>
   Hat
  </category>
  <size>
   S
  </size>
  <color>
   Фиолетовый
  </color>
  <material>
   Шерсть
  </material>
  <price>
   933922
  </price>
  <rating>
   1.12
  </rating>
  <reviews>
   274156
  </reviews>
  <exclusive>
   no
  </exclusive>
 </clothing>
 <clothing>
  <id>
   145134146
  </id>
  <name>
   New Balance Shoes R-6833
  </name>
  <category>
   Shoes
  </category>
  <size>
   XXL
  </size>
  <color>
   Голубой
  </color>
  <material>
   Хлопок
  </material>
  <price>
   894026
  </price>
  <rating>
   4.84
  </rating>
  <reviews>
   19216
  </reviews>
  <new>
   +
  </new>
  <sporty>
   yes
  </sporty>
 </clothing>
 <clothing>
  <id>
   462660431
  </id>
  <name>
   Nike Pants F-6166
  </name>
  <category>
   Pants
  </category>
  <size>
   XXL
  </size>
  <color>
   Желтый
  </color>
  <material>
   Кожа
  </material>
  <price>
   913912
  </price>
  <rating>
   3.34
  </rating>
  <reviews>
   859611
  </reviews>
 </clothing>
 <clothing>
  <id>
   383521057
  </id>
  <name>
   PleinSport Jacket Z-2165
  </name>
  <category>
   Jacket
  </category>
  <size>
   XXL
  </size>
  <color>
   Зеленый
  </color>
  <material>
   Нейлон
  </material>
  <price>
   225286
  </price>
  <rating>
   4.02
  </rating>
  <reviews>
   801270
  </reviews>
  <new>
   -
  </new>
  <exclusive>
   yes
  </exclusive>
 </clothing>
 <clothing>
  <id>
   424219472
  </id>
  <name>
   Adidas Socks F-8820
  </name>
  <category>
   Socks
  </category>
  <size>
   XL
  </size>
  <color>
   Синий
  </color>
  <material>
   Хлопок
  </material>
  <price>
   960027
  </price>
  <rating>
   1.58
  </rating>
  <reviews>
   115396
  </reviews>
  <exclusive>
   yes
  </exclusive>
 </clothing>
 <clothing>
  <id>
   639055528
  </id>
  <name>
   Lacoste Belts I-2678
  </name>
  <category>
   Belts
  </category>
  <size>
   S
  </size>
  <color>
   Красный
  </color>
  <material>
   Лен
  </material>
  <price>
   351623
  </price>
  <rating>
   4.6
  </rating>
  <reviews>
   668108
  </reviews>
  <new>
   +
  </new>
 </clothing>
 <clothing>
  <id>
   949635954
  </id>
  <name>
   Converse Shirt H-3252
  </name>
  <category>
   Shirt
  </category>
  <size>
   XXL
  </size>
  <color>
   Голубой
  </color>
  <material>
   Шерсть
  </material>
  <price>
   322110
  </price>
  <rating>
   1.06
  </rating>
  <reviews>
   602257
  </reviews>
  <exclusive>
   yes
  </exclusive>
  <sporty>
   no
  </sporty>
 </clothing>
 <clothing>
  <id>
   275151718
  </id>
  <name>
   Reebok Pants C-8942
  </name>
  <category>
   Pants
  </category>
  <size>
   XL
  </size>
  <color>
   Красный
  </color>
  <material>
   Нейлон
  </material>
  <price>
   444866
  </price>
  <rating>
   1.21
  </rating>
  <reviews>
   249836
  </reviews>
  <exclusive>
   yes
  </exclusive>
 </clothing>
 <clothing>
  <id>
   441507739
  </id>
  <name>
   PleinSport Sweater Y-9362
  </name>
  <category>
   Sweater
  </category>
  <size>
   S
  </size>
  <color>
   Желтый
  </color>
  <material>
   Полиэстер
  </material>
  <price>
   708356
  </price>
  <rating>
   4.75
  </rating>
  <reviews>
   188182
  </reviews>
  <new>
   -
  </new>
  <sporty>
   no
  </sporty>
 </clothing>
 <clothing>
  <id>
   178594326
  </id>
  <name>
   Puma Hat M-2946
  </name>
  <category>
   Hat
  </category>
  <size>
   XL
  </size>
  <color>
   Голубой
  </color>
  <material>
   Лен
  </material>
  <price>
   437734
  </price>
  <rating>
   3.54
  </rating>
  <reviews>
   598575
  </reviews>
  <new>
   -
  </new>
  <sporty>
   yes
  </sporty>
 </clothing>
 <clothing>
  <id>
   154183615
  </id>
  <name>
   New Balance Hat R-9711
  </name>
  <category>
   Hat
  </category>
  <size>
   S
  </size>
  <color>
   Красный
  </color>
  <material>
   Хлопок
  </material>
  <price>
   644358
  </price>
  <rating>
   2.51
  </rating>
  <reviews>
   456496
  </reviews>
  <new>
   -
  </new>
  <sporty>
   yes
  </sporty>
 </clothing>
</clothing-items>
