<?xml version="1.0" encoding="utf-8"?>
<clothing-items>
 <clothing>
  <id>
   319175137
  </id>
  <name>
   Lacoste Handbags K-8490
  </name>
  <category>
   Handbags
  </category>
  <size>
   XXL
  </size>
  <color>
   Голубой
  </color>
  <material>
   Кожа
  </material>
  <price>
   881684
  </price>
  <rating>
   1.19
  </rating>
  <reviews>
   205908
  </reviews>
  <new>
   +
  </new>
 </clothing>
 <clothing>
  <id>
   694990231
  </id>
  <name>
   Converse T-shirt O-5728
  </name>
  <category>
   T-shirt
  </category>
  <size>
   XL
  </size>
  <color>
   Зеленый
  </color>
  <material>
   Полиэстер
  </material>
  <price>
   716595
  </price>
  <rating>
   2.47
  </rating>
  <reviews>
   415178
  </reviews>
  <exclusive>
   yes
  </exclusive>
  <sporty>
   no
  </sporty>
 </clothing>
 <clothing>
  <id>
   950820654
  </id>
  <name>
   Fila Umbrellas Q-5228
  </name>
  <category>
   Umbrellas
  </category>
  <size>
   XXL
  </size>
  <color>
   Синий
  </color>
  <material>
   Шелк
  </material>
  <price>
   191083
  </price>
  <rating>
   3.36
  </rating>
  <reviews>
   564523
  </reviews>
  <new>
   +
  </new>
  <exclusive>
   no
  </exclusive>
 </clothing>
 <clothing>
  <id>
   235062863
  </id>
  <name>
   Vans Pants Y-1774
  </name>
  <category>
   Pants
  </category>
  <size>
   XL
  </size>
  <color>
   Голубой
  </color>
  <material>
   Лен
  </material>
  <price>
   971225
  </price>
  <rating>
   4.45
  </rating>
  <reviews>
   960255
  </reviews>
  <exclusive>
   yes
  </exclusive>
 </clothing>
 <clothing>
  <id>
   156379396
  </id>
  <name>
   New Balance Shoes Y-1406
  </name>
  <category>
   Shoes
  </category>
  <size>
   S
  </size>
  <color>
   Красный
  </color>
  <material>
   Шерсть
  </material>
  <price>
   418642
  </price>
  <rating>
   4.9
  </rating>
  <reviews>
   111349
  </reviews>
  <new>
   +
  </new>
 </clothing>
 <clothing>
  <id>
   119140875
  </id>
  <name>
   Lacoste Handbags C-6439
  </name>
  <category>
   Handbags
  </category>
  <size>
   M
  </size>
  <color>
   Красный
  </color>
  <material>
   Нейлон
  </material>
  <price>
   493619
  </price>
  <rating>
   2.82
  </rating>
  <reviews>
   25421
  </reviews>
  <new>
   +
  </new>
 </clothing>
 <clothing>
  <id>
   767169751
  </id>
  <name>
   Converse Skirt D-4260
  </name>
  <category>
   Skirt
  </category>
  <size>
   M
  </size>
  <color>
   Оранжевый
  </color>
  <material>
   Шерсть
  </material>
  <price>
   560992
  </price>
  <rating>
   4.26
  </rating>
  <reviews>
   900366
  </reviews>
  <new>
   +
  </new>
 </clothing>
 <clothing>
  <id>
   579001706
  </id>
  <name>
   New Balance Umbrellas F-2117
  </name>
  <category>
   Umbrellas
  </category>
  <size>
   M
  </size>
  <color>
   Желтый
  </color>
  <material>
   Хлопок
  </material>
  <price>
   784079
  </price>
  <rating>
   3.48
  </rating>
  <reviews>
   820843
  </reviews>
  <new>
   +
  </new>
  <exclusive>
   no
  </exclusive>
 </clothing>
 <clothing>
  <id>
   810902221
  </id>
  <name>
   Nike Jacket S-5669
  </name>
  <category>
   Jacket
  </category>
  <size>
   L
  </size>
  <color>
   Зеленый
  </color>
  <material>
   Кожа
  </material>
  <price>
   881158
  </price>
  <rating>
   1.21
  </rating>
  <reviews>
   309552
  </reviews>
  <sporty>
   no
  </sporty>
 </clothing>
 <clothing>
  <id>
   530348111
  </id>
  <name>
   DC Handbags K-2886
  </name>
  <category>
   Handbags
  </category>
  <size>
   XXL
  </size>
  <color>
   Фиолетовый
  </color>
  <material>
   Лен
  </material>
  <price>
   324126
  </price>
  <rating>
   1.19
  </rating>
  <reviews>
   447415
  </reviews>
  <exclusive>
   no
  </exclusive>
  <sporty>
   no
  </sporty>
 </clothing>
 <clothing>
  <id>
   730654811
  </id>
  <name>
   PleinSport Socks U-7978
  </name>
  <category>
   Socks
  </category>
  <size>
   L
  </size>
  <color>
   Желтый
  </color>
  <material>
   Полиэстер
  </material>
  <price>
   290149
  </price>
  <rating>
   2.42
  </rating>
  <reviews>
   933171
  </reviews>
  <exclusive>
   no
  </exclusive>
  <sporty>
   yes
  </sporty>
 </clothing>
 <clothing>
  <id>
   963685872
  </id>
  <name>
   Fila Umbrellas Q-3812
  </name>
  <category>
   Umbrellas
  </category>
  <size>
   XL
  </size>
  <color>
   Зеленый
  </color>
  <material>
   Хлопок
  </material>
  <price>
   833967
  </price>
  <rating>
   2.16
  </rating>
  <reviews>
   633016
  </reviews>
  <sporty>
   no
  </sporty>
 </clothing>
 <clothing>
  <id>
   956865645
  </id>
  <name>
   Reebok Gloves S-4274
  </name>
  <category>
   Gloves
  </category>
  <size>
   M
  </size>
  <color>
   Оранжевый
  </color>
  <material>
   Нейлон
  </material>
  <price>
   648226
  </price>
  <rating>
   1.6
  </rating>
  <reviews>
   463171
  </reviews>
  <exclusive>
   no
  </exclusive>
  <sporty>
   no
  </sporty>
 </clothing>
 <clothing>
  <id>
   216649242
  </id>
  <name>
   Converse Pants M-5673
  </name>
  <category>
   Pants
  </category>
  <size>
   XL
  </size>
  <color>
   Синий
  </color>
  <material>
   Шерсть
  </material>
  <price>
   756842
  </price>
  <rating>
   3.88
  </rating>
  <reviews>
   329192
  </reviews>
  <exclusive>
   yes
  </exclusive>
 </clothing>
 <clothing>
  <id>
   408720998
  </id>
  <name>
   Fila Belts S-7196
  </name>
  <category>
   Belts
  </category>
  <size>
   S
  </size>
  <color>
   Красный
  </color>
  <material>
   Нейлон
  </material>
  <price>
   910232
  </price>
  <rating>
   2.34
  </rating>
  <reviews>
   91668
  </reviews>
  <sporty>
   no
  </sporty>
 </clothing>
 <clothing>
  <id>
   376803270
  </id>
  <name>
   Converse Dress E-3892
  </name>
  <category>
   Dress
  </category>
  <size>
   L
  </size>
  <color>
   Красный
  </color>
  <material>
   Нейлон
  </material>
  <price>
   558692
  </price>
  <rating>
   2.93
  </rating>
  <reviews>
   105791
  </reviews>
  <new>
   -
  </new>
  <exclusive>
   no
  </exclusive>
  <sporty>
   no
  </sporty>
 </clothing>
 <clothing>
  <id>
   538812623
  </id>
  <name>
   Reebok Shoes Z-2997
  </name>
  <category>
   Shoes
  </category>
  <size>
   M
  </size>
  <color>
   Фиолетовый
  </color>
  <material>
   Полиэстер
  </material>
  <price>
   413289
  </price>
  <rating>
   2.38
  </rating>
  <reviews>
   658844
  </reviews>
  <new>
   -
  </new>
  <exclusive>
   no
  </exclusive>
 </clothing>
 <clothing>
  <id>
   320561596
  </id>
  <name>
   Adidas Shirt Y-1826
  </name>
  <category>
   Shirt
  </category>
  <size>
   M
  </size>
  <color>
   Фиолетовый
  </color>
  <material>
   Лен
  </material>
  <price>
   612255
  </price>
  <rating>
   1.84
  </rating>
  <reviews>
   839920
  </reviews>
  <exclusive>
   no
  </exclusive>
 </clothing>
 <clothing>
  <id>
   806224568
  </id>
  <name>
   Converse Jeans B-2978
  </name>
  <category>
   Jeans
  </category>
  <size>
   M
  </size>
  <color>
   Оранжевый
  </color>
  <material>
   Шелк
  </material>
  <price>
   462001
  </price>
  <rating>
   3.31
  </rating>
  <reviews>
   668857
  </reviews>
  <new>
   +
  </new>
  <exclusive>
   no
  </exclusive>
 </clothing>
 <clothing>
  <id>
   103656869
  </id>
  <name>
   Nike Handbags Y-4620
  </name>
  <category>
   Handbags
  </category>
  <size>
   S
  </size>
  <color>
   Желтый
  </color>
  <material>
   Вискоза
  </material>
  <price>
   803683
  </price>
  <rating>
   2.69
  </rating>
  <reviews>
   739962
  </reviews>
  <new>
   -
  </new>
  <sporty>
   no
  </sporty>
 </clothing>
 <clothing>
  <id>
   489064539
  </id>
  <name>
   Adidas Socks N-1128
  </name>
  <category>
   Socks
  </category>
  <size>
   M
  </size>
  <color>
   Оранжевый
  </color>
  <material>
   Лен
  </material>
  <price>
   651582
  </price>
  <rating>
   3.45
  </rating>
  <reviews>
   882899
  </reviews>
  <new>
   +
  </new>
  <sporty>
   no
  </sporty>
 </clothing>
 <clothing>
  <id>
   627439319
  </id>
  <name>
   Lacoste Umbrellas Z-6742
  </name>
  <category>
   Umbrellas
  </category>
  <size>
   XL
  </size>
  <color>
   Красный
  </color>
  <material>
   Шерсть
  </material>
  <price>
   386015
  </price>
  <rating>
   3.53
  </rating>
  <reviews>
   680203
  </reviews>
  <exclusive>
   no
  </exclusive>
 </clothing>
 <clothing>
  <id>
   883580875
  </id>
  <name>
   Brooks Socks V-3685
  </name>
  <category>
   Socks
  </category>
  <size>
   L
  </size>
  <color>
   Фиолетовый
  </color>
  <material>
   Хлопок
  </material>
  <price>
   183473
  </price>
  <rating>
   1.17
  </rating>
  <reviews>
   630232
  </reviews>
  <exclusive>
   no
  </exclusive>
  <sporty>
   yes
  </sporty>
 </clothing>
 <clothing>
  <id>
   281333983
  </id>
  <name>
   Addidas Umbrellas D-2821
  </name>
  <category>
   Umbrellas
  </category>
  <size>
   M
  </size>
  <color>
   Голубой
  </color>
  <material>
   Шерсть
  </material>
  <price>
   516527
  </price>
  <rating>
   3.56
  </rating>
  <reviews>
   150281
  </reviews>
  <new>
   +
  </new>
  <exclusive>
   no
  </exclusive>
  <sporty>
   no
  </sporty>
 </clothing>
 <clothing>
  <id>
   428509199
  </id>
  <name>
   Reebok Jeans U-6498
  </name>
  <category>
   Jeans
  </category>
  <size>
   L
  </size>
  <color>
   Красный
  </color>
  <material>
   Вискоза
  </material>
  <price>
   899687
  </price>
  <rating>
   3.85
  </rating>
  <reviews>
   294775
  </reviews>
  <exclusive>
   yes
  </exclusive>
  <sporty>
   no
  </sporty>
 </clothing>
 <clothing>
  <id>
   838546404
  </id>
  <name>
   Adidas Dress R-4924
  </name>
  <category>
   Dress
  </category>
  <size>
   XL
  </size>
  <color>
   Фиолетовый
  </color>
  <material>
   Нейлон
  </material>
  <price>
   433727
  </price>
  <rating>
   4.8
  </rating>
  <reviews>
   259128
  </reviews>
  <new>
   +
  </new>
  <exclusive>
   yes
  </exclusive>
 </clothing>
 <clothing>
  <id>
   860715957
  </id>
  <name>
   PleinSport Belts V-8458
  </name>
  <category>
   Belts
  </category>
  <size>
   L
  </size>
  <color>
   Фиолетовый
  </color>
  <material>
   Шерсть
  </material>
  <price>
   638688
  </price>
  <rating>
   3.07
  </rating>
  <reviews>
   308933
  </reviews>
  <new>
   -
  </new>
  <exclusive>
   no
  </exclusive>
 </clothing>
 <clothing>
  <id>
   763136766
  </id>
  <name>
   Brooks Blouse A-5985
  </name>
  <category>
   Blouse
  </category>
  <size>
   L
  </size>
  <color>
   Фиолетовый
  </color>
  <material>
   Лен
  </material>
  <price>
   652797
  </price>
  <rating>
   2.51
  </rating>
  <reviews>
   947004
  </reviews>
  <new>
   -
  </new>
  <exclusive>
   no
  </exclusive>
 </clothing>
 <clothing>
  <id>
   429705985
  </id>
  <name>
   Lacoste Socks P-3190
  </name>
  <category>
   Socks
  </category>
  <size>
   XL
  </size>
  <color>
   Голубой
  </color>
  <material>
   Полиэстер
  </material>
  <price>
   519092
  </price>
  <rating>
   1.11
  </rating>
  <reviews>
   362781
  </reviews>
  <exclusive>
   no
  </exclusive>
 </clothing>
 <clothing>
  <id>
   509181527
  </id>
  <name>
   Addidas Umbrellas F-7768
  </name>
  <category>
   Umbrellas
  </category>
  <size>
   M
  </size>
  <color>
   Голубой
  </color>
  <material>
   Полиэстер
  </material>
  <price>
   771092
  </price>
  <rating>
   2.49
  </rating>
  <reviews>
   911645
  </reviews>
  <new>
   +
  </new>
  <exclusive>
   yes
  </exclusive>
 </clothing>
 <clothing>
  <id>
   584933119
  </id>
  <name>
   Asics Jacket E-4431
  </name>
  <category>
   Jacket
  </category>
  <size>
   XL
  </size>
  <color>
   Зеленый
  </color>
  <material>
   Полиэстер
  </material>
  <price>
   402951
  </price>
  <rating>
   3.68
  </rating>
  <reviews>
   741595
  </reviews>
  <exclusive>
   yes
  </exclusive>
  <sporty>
   yes
  </sporty>
 </clothing>
 <clothing>
  <id>
   304488289
  </id>
  <name>
   Asics T-shirt B-5610
  </name>
  <category>
   T-shirt
  </category>
  <size>
   S
  </size>
  <color>
   Красный
  </color>
  <material>
   Шерсть
  </material>
  <price>
   142268
  </price>
  <rating>
   3.23
  </rating>
  <reviews>
   315382
  </reviews>
  <sporty>
   yes
  </sporty>
 </clothing>
 <clothing>
  <id>
   883081544
  </id>
  <name>
   PleinSport Skirt V-9469
  </name>
  <category>
   Skirt
  </category>
  <size>
   M
  </size>
  <color>
   Синий
  </color>
  <material>
   Нейлон
  </material>
  <price>
   636922
  </price>
  <rating>
   2.99
  </rating>
  <reviews>
   240112
  </reviews>
  <sporty>
   no
  </sporty>
 </clothing>
 <clothing>
  <id>
   118709150
  </id>
  <name>
   Under Armour Sweater F-4206
  </name>
  <category>
   Sweater
  </category>
  <size>
   L
  </size>
  <color>
   Синий
  </color>
  <material>
   Хлопок
  </material>
  <price>
   919643
  </price>
  <rating>
   2.13
  </rating>
  <reviews>
   812089
  </reviews>
  <exclusive>
   no
  </exclusive>
  <sporty>
   yes
  </sporty>
 </clothing>
 <clothing>
  <id>
   474251519
  </id>
  <name>
   Puma Shirt A-8807
  </name>
  <category>
   Shirt
  </category>
  <size>
   M
  </size>
  <color>
   Желтый
  </color>
  <material>
   Шерсть
  </material>
  <price>
   886537
  </price>
  <rating>
   3.87
  </rating>
  <reviews>
   476080
  </reviews>
  <new>
   +
  </new>
  <sporty>
   no
  </sporty>
 </clothing>
</clothing-items>
