<?xml version="1.0" encoding="utf-8"?>
<clothing-items>
 <clothing>
  <id>
   648671465
  </id>
  <name>
   Vans Gloves R-2497
  </name>
  <category>
   Gloves
  </category>
  <size>
   L
  </size>
  <color>
   Голубой
  </color>
  <material>
   Полиэстер
  </material>
  <price>
   231123
  </price>
  <rating>
   2.39
  </rating>
  <reviews>
   486253
  </reviews>
  <exclusive>
   no
  </exclusive>
 </clothing>
 <clothing>
  <id>
   583199132
  </id>
  <name>
   Under Armour Sweater R-6423
  </name>
  <category>
   Sweater
  </category>
  <size>
   XXL
  </size>
  <color>
   Голубой
  </color>
  <material>
   Нейлон
  </material>
  <price>
   514131
  </price>
  <rating>
   4.88
  </rating>
  <reviews>
   133768
  </reviews>
  <sporty>
   yes
  </sporty>
 </clothing>
 <clothing>
  <id>
   289314055
  </id>
  <name>
   Reebok Shirt H-8348
  </name>
  <category>
   Shirt
  </category>
  <size>
   L
  </size>
  <color>
   Синий
  </color>
  <material>
   Нейлон
  </material>
  <price>
   150450
  </price>
  <rating>
   4.64
  </rating>
  <reviews>
   97524
  </reviews>
  <new>
   +
  </new>
  <exclusive>
   yes
  </exclusive>
  <sporty>
   yes
  </sporty>
 </clothing>
 <clothing>
  <id>
   850798364
  </id>
  <name>
   Adidas Handbags K-2117
  </name>
  <category>
   Handbags
  </category>
  <size>
   M
  </size>
  <color>
   Зеленый
  </color>
  <material>
   Шерсть
  </material>
  <price>
   154497
  </price>
  <rating>
   4.14
  </rating>
  <reviews>
   856724
  </reviews>
  <new>
   -
  </new>
  <exclusive>
   no
  </exclusive>
 </clothing>
 <clothing>
  <id>
   168101164
  </id>
  <name>
   Under Armour Pants N-6353
  </name>
  <category>
   Pants
  </category>
  <size>
   S
  </size>
  <color>
   Желтый
  </color>
  <material>
   Кожа
  </material>
  <price>
   452802
  </price>
  <rating>
   3.76
  </rating>
  <reviews>
   504233
  </reviews>
  <sporty>
   no
  </sporty>
 </clothing>
 <clothing>
  <id>
   191519474
  </id>
  <name>
   Reebok Blouse W-9564
  </name>
  <category>
   Blouse
  </category>
  <size>
   XL
  </size>
  <color>
   Синий
  </color>
  <material>
   Вискоза
  </material>
  <price>
   610169
  </price>
  <rating>
   1.31
  </rating>
  <reviews>
   607790
  </reviews>
  <new>
   +
  </new>
  <exclusive>
   yes
  </exclusive>
  <sporty>
   no
  </sporty>
 </clothing>
 <clothing>
  <id>
   958202596
  </id>
  <name>
   Brooks Jacket Y-7568
  </name>
  <category>
   Jacket
  </category>
  <size>
   XXL
  </size>
  <color>
   Фиолетовый
  </color>
  <material>
   Нейлон
  </material>
  <price>
   450774
  </price>
  <rating>
   1.18
  </rating>
  <reviews>
   314290
  </reviews>
  <new>
   -
  </new>
  <sporty>
   no
  </sporty>
 </clothing>
 <clothing>
  <id>
   988666473
  </id>
  <name>
   Lacoste Dress H-3485
  </name>
  <category>
   Dress
  </category>
  <size>
   M
  </size>
  <color>
   Фиолетовый
  </color>
  <material>
   Вискоза
  </material>
  <price>
   731517
  </price>
  <rating>
   4.39
  </rating>
  <reviews>
   427076
  </reviews>
  <new>
   -
  </new>
  <exclusive>
   yes
  </exclusive>
  <sporty>
   yes
  </sporty>
 </clothing>
 <clothing>
  <id>
   733534430
  </id>
  <name>
   Vans Jacket K-1450
  </name>
  <category>
   Jacket
  </category>
  <size>
   M
  </size>
  <color>
   Оранжевый
  </color>
  <material>
   Вискоза
  </material>
  <price>
   430173
  </price>
  <rating>
   2.72
  </rating>
  <reviews>
   516769
  </reviews>
  <new>
   -
  </new>
  <exclusive>
   no
  </exclusive>
 </clothing>
 <clothing>
  <id>
   975763613
  </id>
  <name>
   Nike Jacket U-1585
  </name>
  <category>
   Jacket
  </category>
  <size>
   L
  </size>
  <color>
   Голубой
  </color>
  <material>
   Вискоза
  </material>
  <price>
   130617
  </price>
  <rating>
   2.41
  </rating>
  <reviews>
   163204
  </reviews>
  <new>
   -
  </new>
  <sporty>
   no
  </sporty>
 </clothing>
 <clothing>
  <id>
   245286906
  </id>
  <name>
   New Balance Shirt C-1005
  </name>
  <category>
   Shirt
  </category>
  <size>
   XXL
  </size>
  <color>
   Фиолетовый
  </color>
  <material>
   Шерсть
  </material>
  <price>
   566579
  </price>
  <rating>
   2.27
  </rating>
  <reviews>
   281697
  </reviews>
  <new>
   -
  </new>
  <exclusive>
   no
  </exclusive>
  <sporty>
   yes
  </sporty>
 </clothing>
 <clothing>
  <id>
   981912235
  </id>
  <name>
   Lacoste Pants T-3750
  </name>
  <category>
   Pants
  </category>
  <size>
   L
  </size>
  <color>
   Синий
  </color>
  <material>
   Шерсть
  </material>
  <price>
   255390
  </price>
  <rating>
   4.74
  </rating>
  <reviews>
   974765
  </reviews>
  <new>
   +
  </new>
 </clothing>
 <clothing>
  <id>
   514511069
  </id>
  <name>
   Addidas Dress V-7406
  </name>
  <category>
   Dress
  </category>
  <size>
   XL
  </size>
  <color>
   Синий
  </color>
  <material>
   Лен
  </material>
  <price>
   427236
  </price>
  <rating>
   1.73
  </rating>
  <reviews>
   820598
  </reviews>
  <exclusive>
   no
  </exclusive>
 </clothing>
 <clothing>
  <id>
   928760778
  </id>
  <name>
   Converse Hat D-6101
  </name>
  <category>
   Hat
  </category>
  <size>
   M
  </size>
  <color>
   Синий
  </color>
  <material>
   Шелк
  </material>
  <price>
   593465
  </price>
  <rating>
   1.25
  </rating>
  <reviews>
   775665
  </reviews>
  <new>
   +
  </new>
  <exclusive>
   no
  </exclusive>
  <sporty>
   no
  </sporty>
 </clothing>
 <clothing>
  <id>
   792503377
  </id>
  <name>
   Nike Shoes S-1896
  </name>
  <category>
   Shoes
  </category>
  <size>
   L
  </size>
  <color>
   Фиолетовый
  </color>
  <material>
   Хлопок
  </material>
  <price>
   161555
  </price>
  <rating>
   3.71
  </rating>
  <reviews>
   555766
  </reviews>
  <exclusive>
   yes
  </exclusive>
 </clothing>
 <clothing>
  <id>
   886108344
  </id>
  <name>
   Brooks Hat H-6479
  </name>
  <category>
   Hat
  </category>
  <size>
   XXL
  </size>
  <color>
   Желтый
  </color>
  <material>
   Нейлон
  </material>
  <price>
   757093
  </price>
  <rating>
   3.56
  </rating>
  <reviews>
   537479
  </reviews>
  <sporty>
   no
  </sporty>
 </clothing>
 <clothing>
  <id>
   851611614
  </id>
  <name>
   Asics Skirt W-6038
  </name>
  <category>
   Skirt
  </category>
  <size>
   M
  </size>
  <color>
   Желтый
  </color>
  <material>
   Нейлон
  </material>
  <price>
   454738
  </price>
  <rating>
   1.83
  </rating>
  <reviews>
   934024
  </reviews>
  <exclusive>
   no
  </exclusive>
  <sporty>
   yes
  </sporty>
 </clothing>
 <clothing>
  <id>
   818649949
  </id>
  <name>
   Adidas Hat X-9191
  </name>
  <category>
   Hat
  </category>
  <size>
   M
  </size>
  <color>
   Зеленый
  </color>
  <material>
   Полиэстер
  </material>
  <price>
   572635
  </price>
  <rating>
   2.44
  </rating>
  <reviews>
   329383
  </reviews>
  <new>
   -
  </new>
  <exclusive>
   yes
  </exclusive>
  <sporty>
   yes
  </sporty>
 </clothing>
 <clothing>
  <id>
   800442857
  </id>
  <name>
   Asics Shoes E-5371
  </name>
  <category>
   Shoes
  </category>
  <size>
   L
  </size>
  <color>
   Желтый
  </color>
  <material>
   Шелк
  </material>
  <price>
   878890
  </price>
  <rating>
   2.07
  </rating>
  <reviews>
   593409
  </reviews>
  <new>
   +
  </new>
  <exclusive>
   yes
  </exclusive>
  <sporty>
   yes
  </sporty>
 </clothing>
 <clothing>
  <id>
   482319862
  </id>
  <name>
   Vans Dress S-7403
  </name>
  <category>
   Dress
  </category>
  <size>
   XXL
  </size>
  <color>
   Оранжевый
  </color>
  <material>
   Хлопок
  </material>
  <price>
   317553
  </price>
  <rating>
   3.8
  </rating>
  <reviews>
   748153
  </reviews>
  <sporty>
   no
  </sporty>
 </clothing>
 <clothing>
  <id>
   839273699
  </id>
  <name>
   Nike Belts R-3117
  </name>
  <category>
   Belts
  </category>
  <size>
   XXL
  </size>
  <color>
   Красный
  </color>
  <material>
   Полиэстер
  </material>
  <price>
   720737
  </price>
  <rating>
   1.93
  </rating>
  <reviews>
   759262
  </reviews>
  <new>
   +
  </new>
  <exclusive>
   yes
  </exclusive>
  <sporty>
   no
  </sporty>
 </clothing>
 <clothing>
  <id>
   699050861
  </id>
  <name>
   Under Armour Hat O-1795
  </name>
  <category>
   Hat
  </category>
  <size>
   L
  </size>
  <color>
   Оранжевый
  </color>
  <material>
   Вискоза
  </material>
  <price>
   680817
  </price>
  <rating>
   2.44
  </rating>
  <reviews>
   231232
  </reviews>
  <exclusive>
   no
  </exclusive>
 </clothing>
 <clothing>
  <id>
   373836877
  </id>
  <name>
   Puma Sweater X-3972
  </name>
  <category>
   Sweater
  </category>
  <size>
   M
  </size>
  <color>
   Красный
  </color>
  <material>
   Полиэстер
  </material>
  <price>
   335662
  </price>
  <rating>
   3.55
  </rating>
  <reviews>
   288668
  </reviews>
  <exclusive>
   yes
  </exclusive>
  <sporty>
   no
  </sporty>
 </clothing>
 <clothing>
  <id>
   324649964
  </id>
  <name>
   Converse Jacket E-3352
  </name>
  <category>
   Jacket
  </category>
  <size>
   XL
  </size>
  <color>
   Красный
  </color>
  <material>
   Нейлон
  </material>
  <price>
   777633
  </price>
  <rating>
   1.78
  </rating>
  <reviews>
   411612
  </reviews>
  <new>
   -
  </new>
 </clothing>
 <clothing>
  <id>
   286310933
  </id>
  <name>
   Converse Umbrellas T-6839
  </name>
  <category>
   Umbrellas
  </category>
  <size>
   M
  </size>
  <color>
   Голубой
  </color>
  <material>
   Кожа
  </material>
  <price>
   461180
  </price>
  <rating>
   3.53
  </rating>
  <reviews>
   972273
  </reviews>
  <new>
   +
  </new>
  <exclusive>
   yes
  </exclusive>
  <sporty>
   no
  </sporty>
 </clothing>
 <clothing>
  <id>
   429400636
  </id>
  <name>
   New Balance Gloves U-6042
  </name>
  <category>
   Gloves
  </category>
  <size>
   XL
  </size>
  <color>
   Красный
  </color>
  <material>
   Нейлон
  </material>
  <price>
   145799
  </price>
  <rating>
   1.37
  </rating>
  <reviews>
   436172
  </reviews>
  <new>
   -
  </new>
  <exclusive>
   yes
  </exclusive>
 </clothing>
 <clothing>
  <id>
   790751496
  </id>
  <name>
   New Balance Handbags L-3225
  </name>
  <category>
   Handbags
  </category>
  <size>
   M
  </size>
  <color>
   Синий
  </color>
  <material>
   Вискоза
  </material>
  <price>
   231295
  </price>
  <rating>
   1.42
  </rating>
  <reviews>
   245758
  </reviews>
  <new>
   -
  </new>
  <exclusive>
   no
  </exclusive>
 </clothing>
 <clothing>
  <id>
   661682325
  </id>
  <name>
   Converse Umbrellas F-3088
  </name>
  <category>
   Umbrellas
  </category>
  <size>
   M
  </size>
  <color>
   Оранжевый
  </color>
  <material>
   Полиэстер
  </material>
  <price>
   778117
  </price>
  <rating>
   1.83
  </rating>
  <reviews>
   298763
  </reviews>
  <new>
   -
  </new>
  <exclusive>
   no
  </exclusive>
  <sporty>
   no
  </sporty>
 </clothing>
 <clothing>
  <id>
   265974588
  </id>
  <name>
   Fila Skirt F-5022
  </name>
  <category>
   Skirt
  </category>
  <size>
   XL
  </size>
  <color>
   Голубой
  </color>
  <material>
   Шерсть
  </material>
  <price>
   562819
  </price>
  <rating>
   4.26
  </rating>
  <reviews>
   966445
  </reviews>
  <exclusive>
   no
  </exclusive>
  <sporty>
   yes
  </sporty>
 </clothing>
 <clothing>
  <id>
   420810728
  </id>
  <name>
   PleinSport Socks C-1289
  </name>
  <category>
   Socks
  </category>
  <size>
   M
  </size>
  <color>
   Желтый
  </color>
  <material>
   Нейлон
  </material>
  <price>
   513465
  </price>
  <rating>
   2.06
  </rating>
  <reviews>
   479083
  </reviews>
  <new>
   -
  </new>
  <exclusive>
   yes
  </exclusive>
  <sporty>
   no
  </sporty>
 </clothing>
 <clothing>
  <id>
   672453060
  </id>
  <name>
   Under Armour Pants M-9912
  </name>
  <category>
   Pants
  </category>
  <size>
   XL
  </size>
  <color>
   Фиолетовый
  </color>
  <material>
   Кожа
  </material>
  <price>
   807214
  </price>
  <rating>
   5.0
  </rating>
  <reviews>
   20837
  </reviews>
  <new>
   +
  </new>
  <exclusive>
   no
  </exclusive>
 </clothing>
 <clothing>
  <id>
   838665342
  </id>
  <name>
   Under Armour Shoes Q-2702
  </name>
  <category>
   Shoes
  </category>
  <size>
   M
  </size>
  <color>
   Красный
  </color>
  <material>
   Полиэстер
  </material>
  <price>
   172887
  </price>
  <rating>
   1.16
  </rating>
  <reviews>
   205542
  </reviews>
  <exclusive>
   yes
  </exclusive>
  <sporty>
   yes
  </sporty>
 </clothing>
 <clothing>
  <id>
   672000787
  </id>
  <name>
   Brooks T-shirt H-7726
  </name>
  <category>
   T-shirt
  </category>
  <size>
   XXL
  </size>
  <color>
   Голубой
  </color>
  <material>
   Полиэстер
  </material>
  <price>
   648735
  </price>
  <rating>
   3.59
  </rating>
  <reviews>
   797573
  </reviews>
  <new>
   -
  </new>
  <exclusive>
   yes
  </exclusive>
 </clothing>
 <clothing>
  <id>
   126860182
  </id>
  <name>
   Asics Handbags L-8519
  </name>
  <category>
   Handbags
  </category>
  <size>
   XL
  </size>
  <color>
   Зеленый
  </color>
  <material>
   Лен
  </material>
  <price>
   248314
  </price>
  <rating>
   2.76
  </rating>
  <reviews>
   672994
  </reviews>
  <exclusive>
   yes
  </exclusive>
 </clothing>
 <clothing>
  <id>
   720457681
  </id>
  <name>
   Adidas Pants M-7629
  </name>
  <category>
   Pants
  </category>
  <size>
   XXL
  </size>
  <color>
   Желтый
  </color>
  <material>
   Шелк
  </material>
  <price>
   453218
  </price>
  <rating>
   4.84
  </rating>
  <reviews>
   445552
  </reviews>
  <new>
   +
  </new>
  <sporty>
   no
  </sporty>
 </clothing>
 <clothing>
  <id>
   846061844
  </id>
  <name>
   Adidas Umbrellas F-2632
  </name>
  <category>
   Umbrellas
  </category>
  <size>
   XL
  </size>
  <color>
   Красный
  </color>
  <material>
   Хлопок
  </material>
  <price>
   626866
  </price>
  <rating>
   2.23
  </rating>
  <reviews>
   88709
  </reviews>
  <exclusive>
   no
  </exclusive>
  <sporty>
   no
  </sporty>
 </clothing>
 <clothing>
  <id>
   106601613
  </id>
  <name>
   Converse Pants M-4360
  </name>
  <category>
   Pants
  </category>
  <size>
   XXL
  </size>
  <color>
   Желтый
  </color>
  <material>
   Хлопок
  </material>
  <price>
   906903
  </price>
  <rating>
   4.88
  </rating>
  <reviews>
   596544
  </reviews>
  <exclusive>
   yes
  </exclusive>
  <sporty>
   yes
  </sporty>
 </clothing>
 <clothing>
  <id>
   105793370
  </id>
  <name>
   Under Armour Belts L-3430
  </name>
  <category>
   Belts
  </category>
  <size>
   XL
  </size>
  <color>
   Синий
  </color>
  <material>
   Полиэстер
  </material>
  <price>
   978869
  </price>
  <rating>
   1.27
  </rating>
  <reviews>
   161029
  </reviews>
  <new>
   -
  </new>
  <exclusive>
   no
  </exclusive>
 </clothing>
 <clothing>
  <id>
   707890840
  </id>
  <name>
   PleinSport Pants K-9192
  </name>
  <category>
   Pants
  </category>
  <size>
   M
  </size>
  <color>
   Фиолетовый
  </color>
  <material>
   Вискоза
  </material>
  <price>
   694481
  </price>
  <rating>
   2.73
  </rating>
  <reviews>
   326553
  </reviews>
  <exclusive>
   yes
  </exclusive>
  <sporty>
   yes
  </sporty>
 </clothing>
 <clothing>
  <id>
   235906573
  </id>
  <name>
   New Balance Blouse O-9343
  </name>
  <category>
   Blouse
  </category>
  <size>
   L
  </size>
  <color>
   Фиолетовый
  </color>
  <material>
   Кожа
  </material>
  <price>
   663283
  </price>
  <rating>
   3.46
  </rating>
  <reviews>
   248908
  </reviews>
  <exclusive>
   no
  </exclusive>
  <sporty>
   no
  </sporty>
 </clothing>
 <clothing>
  <id>
   288068909
  </id>
  <name>
   Asics Hat Y-7490
  </name>
  <category>
   Hat
  </category>
  <size>
   XL
  </size>
  <color>
   Красный
  </color>
  <material>
   Лен
  </material>
  <price>
   288115
  </price>
  <rating>
   4.75
  </rating>
  <reviews>
   458224
  </reviews>
  <new>
   -
  </new>
  <sporty>
   no
  </sporty>
 </clothing>
 <clothing>
  <id>
   129859339
  </id>
  <name>
   Vans Pants P-6515
  </name>
  <category>
   Pants
  </category>
  <size>
   XXL
  </size>
  <color>
   Желтый
  </color>
  <material>
   Полиэстер
  </material>
  <price>
   699836
  </price>
  <rating>
   2.62
  </rating>
  <reviews>
   186916
  </reviews>
  <new>
   -
  </new>
  <exclusive>
   no
  </exclusive>
  <sporty>
   no
  </sporty>
 </clothing>
 <clothing>
  <id>
   312388010
  </id>
  <name>
   DC Sweater V-7337
  </name>
  <category>
   Sweater
  </category>
  <size>
   XL
  </size>
  <color>
   Зеленый
  </color>
  <material>
   Шерсть
  </material>
  <price>
   780276
  </price>
  <rating>
   3.21
  </rating>
  <reviews>
   69766
  </reviews>
  <exclusive>
   yes
  </exclusive>
 </clothing>
 <clothing>
  <id>
   913676710
  </id>
  <name>
   Lacoste T-shirt M-5472
  </name>
  <category>
   T-shirt
  </category>
  <size>
   XXL
  </size>
  <color>
   Синий
  </color>
  <material>
   Вискоза
  </material>
  <price>
   275034
  </price>
  <rating>
   2.16
  </rating>
  <reviews>
   340812
  </reviews>
  <new>
   +
  </new>
  <exclusive>
   no
  </exclusive>
  <sporty>
   no
  </sporty>
 </clothing>
 <clothing>
  <id>
   817254040
  </id>
  <name>
   PleinSport Socks S-9592
  </name>
  <category>
   Socks
  </category>
  <size>
   L
  </size>
  <color>
   Красный
  </color>
  <material>
   Хлопок
  </material>
  <price>
   202793
  </price>
  <rating>
   2.14
  </rating>
  <reviews>
   703729
  </reviews>
  <sporty>
   no
  </sporty>
 </clothing>
 <clothing>
  <id>
   839982411
  </id>
  <name>
   Reebok T-shirt I-7288
  </name>
  <category>
   T-shirt
  </category>
  <size>
   XL
  </size>
  <color>
   Синий
  </color>
  <material>
   Полиэстер
  </material>
  <price>
   488150
  </price>
  <rating>
   2.67
  </rating>
  <reviews>
   124965
  </reviews>
  <new>
   -
  </new>
  <exclusive>
   yes
  </exclusive>
  <sporty>
   no
  </sporty>
 </clothing>
 <clothing>
  <id>
   358773871
  </id>
  <name>
   Adidas Blouse G-4583
  </name>
  <category>
   Blouse
  </category>
  <size>
   M
  </size>
  <color>
   Зеленый
  </color>
  <material>
   Шерсть
  </material>
  <price>
   644655
  </price>
  <rating>
   1.4
  </rating>
  <reviews>
   486999
  </reviews>
  <new>
   -
  </new>
  <exclusive>
   yes
  </exclusive>
  <sporty>
   no
  </sporty>
 </clothing>
 <clothing>
  <id>
   924989883
  </id>
  <name>
   Nike T-shirt F-2347
  </name>
  <category>
   T-shirt
  </category>
  <size>
   L
  </size>
  <color>
   Голубой
  </color>
  <material>
   Кожа
  </material>
  <price>
   169413
  </price>
  <rating>
   4.61
  </rating>
  <reviews>
   332814
  </reviews>
  <new>
   -
  </new>
  <exclusive>
   yes
  </exclusive>
  <sporty>
   no
  </sporty>
 </clothing>
</clothing-items>
