<?xml version="1.0" encoding="utf-8"?>
<clothing-items>
 <clothing>
  <id>
   121573214
  </id>
  <name>
   New Balance T-shirt A-5877
  </name>
  <category>
   T-shirt
  </category>
  <size>
   L
  </size>
  <color>
   Красный
  </color>
  <material>
   Шелк
  </material>
  <price>
   737895
  </price>
  <rating>
   2.79
  </rating>
  <reviews>
   309178
  </reviews>
  <new>
   +
  </new>
  <exclusive>
   no
  </exclusive>
 </clothing>
 <clothing>
  <id>
   228772928
  </id>
  <name>
   New Balance Shirt K-8408
  </name>
  <category>
   Shirt
  </category>
  <size>
   S
  </size>
  <color>
   Желтый
  </color>
  <material>
   Полиэстер
  </material>
  <price>
   988304
  </price>
  <rating>
   4.94
  </rating>
  <reviews>
   859805
  </reviews>
  <new>
   -
  </new>
  <exclusive>
   yes
  </exclusive>
  <sporty>
   no
  </sporty>
 </clothing>
 <clothing>
  <id>
   661544786
  </id>
  <name>
   Puma Gloves Q-2112
  </name>
  <category>
   Gloves
  </category>
  <size>
   XXL
  </size>
  <color>
   Оранжевый
  </color>
  <material>
   Шелк
  </material>
  <price>
   908194
  </price>
  <rating>
   4.16
  </rating>
  <reviews>
   548848
  </reviews>
  <new>
   -
  </new>
  <sporty>
   yes
  </sporty>
 </clothing>
 <clothing>
  <id>
   842010179
  </id>
  <name>
   Fila Skirt M-6445
  </name>
  <category>
   Skirt
  </category>
  <size>
   L
  </size>
  <color>
   Синий
  </color>
  <material>
   Нейлон
  </material>
  <price>
   116229
  </price>
  <rating>
   3.19
  </rating>
  <reviews>
   931766
  </reviews>
  <sporty>
   yes
  </sporty>
 </clothing>
 <clothing>
  <id>
   441563597
  </id>
  <name>
   Asics Umbrellas K-3453
  </name>
  <category>
   Umbrellas
  </category>
  <size>
   XL
  </size>
  <color>
   Красный
  </color>
  <material>
   Нейлон
  </material>
  <price>
   496921
  </price>
  <rating>
   1.97
  </rating>
  <reviews>
   690214
  </reviews>
  <new>
   -
  </new>
  <exclusive>
   yes
  </exclusive>
  <sporty>
   no
  </sporty>
 </clothing>
 <clothing>
  <id>
   794080896
  </id>
  <name>
   New Balance Umbrellas J-1669
  </name>
  <category>
   Umbrellas
  </category>
  <size>
   XL
  </size>
  <color>
   Голубой
  </color>
  <material>
   Шерсть
  </material>
  <price>
   618632
  </price>
  <rating>
   1.33
  </rating>
  <reviews>
   20220
  </reviews>
  <new>
   -
  </new>
 </clothing>
 <clothing>
  <id>
   237743417
  </id>
  <name>
   Fila Umbrellas H-6082
  </name>
  <category>
   Umbrellas
  </category>
  <size>
   XL
  </size>
  <color>
   Зеленый
  </color>
  <material>
   Нейлон
  </material>
  <price>
   998370
  </price>
  <rating>
   1.62
  </rating>
  <reviews>
   266403
  </reviews>
  <new>
   +
  </new>
 </clothing>
 <clothing>
  <id>
   787922846
  </id>
  <name>
   Lacoste Jeans P-5592
  </name>
  <category>
   Jeans
  </category>
  <size>
   L
  </size>
  <color>
   Голубой
  </color>
  <material>
   Лен
  </material>
  <price>
   772434
  </price>
  <rating>
   4.39
  </rating>
  <reviews>
   400274
  </reviews>
  <new>
   +
  </new>
  <exclusive>
   yes
  </exclusive>
 </clothing>
 <clothing>
  <id>
   959063748
  </id>
  <name>
   Brooks Gloves L-6269
  </name>
  <category>
   Gloves
  </category>
  <size>
   XL
  </size>
  <color>
   Оранжевый
  </color>
  <material>
   Вискоза
  </material>
  <price>
   925062
  </price>
  <rating>
   4.6
  </rating>
  <reviews>
   48318
  </reviews>
  <exclusive>
   no
  </exclusive>
 </clothing>
 <clothing>
  <id>
   398527788
  </id>
  <name>
   Addidas Hat V-2479
  </name>
  <category>
   Hat
  </category>
  <size>
   S
  </size>
  <color>
   Синий
  </color>
  <material>
   Шерсть
  </material>
  <price>
   185114
  </price>
  <rating>
   2.07
  </rating>
  <reviews>
   109314
  </reviews>
 </clothing>
 <clothing>
  <id>
   978072312
  </id>
  <name>
   Reebok Pants C-7136
  </name>
  <category>
   Pants
  </category>
  <size>
   XL
  </size>
  <color>
   Фиолетовый
  </color>
  <material>
   Шерсть
  </material>
  <price>
   233166
  </price>
  <rating>
   4.41
  </rating>
  <reviews>
   464302
  </reviews>
  <new>
   -
  </new>
  <exclusive>
   no
  </exclusive>
 </clothing>
 <clothing>
  <id>
   477411960
  </id>
  <name>
   Under Armour Dress D-2419
  </name>
  <category>
   Dress
  </category>
  <size>
   S
  </size>
  <color>
   Голубой
  </color>
  <material>
   Нейлон
  </material>
  <price>
   310407
  </price>
  <rating>
   3.68
  </rating>
  <reviews>
   424268
  </reviews>
  <new>
   -
  </new>
  <exclusive>
   no
  </exclusive>
 </clothing>
 <clothing>
  <id>
   685383174
  </id>
  <name>
   Vans Blouse P-2717
  </name>
  <category>
   Blouse
  </category>
  <size>
   XL
  </size>
  <color>
   Оранжевый
  </color>
  <material>
   Шелк
  </material>
  <price>
   441169
  </price>
  <rating>
   1.33
  </rating>
  <reviews>
   272977
  </reviews>
  <new>
   -
  </new>
  <sporty>
   no
  </sporty>
 </clothing>
 <clothing>
  <id>
   974697967
  </id>
  <name>
   Addidas T-shirt S-7578
  </name>
  <category>
   T-shirt
  </category>
  <size>
   XXL
  </size>
  <color>
   Желтый
  </color>
  <material>
   Хлопок
  </material>
  <price>
   254144
  </price>
  <rating>
   3.18
  </rating>
  <reviews>
   807807
  </reviews>
  <new>
   -
  </new>
  <exclusive>
   no
  </exclusive>
 </clothing>
 <clothing>
  <id>
   128082068
  </id>
  <name>
   Adidas Jacket R-7684
  </name>
  <category>
   Jacket
  </category>
  <size>
   XXL
  </size>
  <color>
   Оранжевый
  </color>
  <material>
   Вискоза
  </material>
  <price>
   134668
  </price>
  <rating>
   3.82
  </rating>
  <reviews>
   5861
  </reviews>
  <new>
   +
  </new>
  <exclusive>
   no
  </exclusive>
  <sporty>
   yes
  </sporty>
 </clothing>
 <clothing>
  <id>
   325085247
  </id>
  <name>
   Under Armour Jeans E-1356
  </name>
  <category>
   Jeans
  </category>
  <size>
   L
  </size>
  <color>
   Голубой
  </color>
  <material>
   Шелк
  </material>
  <price>
   246838
  </price>
  <rating>
   1.14
  </rating>
  <reviews>
   787718
  </reviews>
  <new>
   -
  </new>
  <exclusive>
   yes
  </exclusive>
  <sporty>
   no
  </sporty>
 </clothing>
 <clothing>
  <id>
   859196803
  </id>
  <name>
   Addidas Umbrellas A-8059
  </name>
  <category>
   Umbrellas
  </category>
  <size>
   S
  </size>
  <color>
   Желтый
  </color>
  <material>
   Шерсть
  </material>
  <price>
   284793
  </price>
  <rating>
   2.4
  </rating>
  <reviews>
   896171
  </reviews>
  <new>
   +
  </new>
  <sporty>
   yes
  </sporty>
 </clothing>
 <clothing>
  <id>
   742651161
  </id>
  <name>
   Reebok Sweater I-8128
  </name>
  <category>
   Sweater
  </category>
  <size>
   M
  </size>
  <color>
   Синий
  </color>
  <material>
   Нейлон
  </material>
  <price>
   978550
  </price>
  <rating>
   2.96
  </rating>
  <reviews>
   636616
  </reviews>
  <new>
   -
  </new>
  <exclusive>
   yes
  </exclusive>
  <sporty>
   no
  </sporty>
 </clothing>
 <clothing>
  <id>
   759681394
  </id>
  <name>
   New Balance Pants O-2076
  </name>
  <category>
   Pants
  </category>
  <size>
   XXL
  </size>
  <color>
   Желтый
  </color>
  <material>
   Вискоза
  </material>
  <price>
   844585
  </price>
  <rating>
   4.6
  </rating>
  <reviews>
   985190
  </reviews>
  <new>
   +
  </new>
 </clothing>
 <clothing>
  <id>
   977962439
  </id>
  <name>
   DC Belts F-2950
  </name>
  <category>
   Belts
  </category>
  <size>
   S
  </size>
  <color>
   Зеленый
  </color>
  <material>
   Шелк
  </material>
  <price>
   532316
  </price>
  <rating>
   3.79
  </rating>
  <reviews>
   410237
  </reviews>
  <exclusive>
   no
  </exclusive>
 </clothing>
 <clothing>
  <id>
   814379232
  </id>
  <name>
   Converse Handbags K-8531
  </name>
  <category>
   Handbags
  </category>
  <size>
   XXL
  </size>
  <color>
   Фиолетовый
  </color>
  <material>
   Нейлон
  </material>
  <price>
   504410
  </price>
  <rating>
   4.98
  </rating>
  <reviews>
   263854
  </reviews>
  <new>
   -
  </new>
  <sporty>
   no
  </sporty>
 </clothing>
 <clothing>
  <id>
   814374430
  </id>
  <name>
   Vans Shirt V-1313
  </name>
  <category>
   Shirt
  </category>
  <size>
   XXL
  </size>
  <color>
   Голубой
  </color>
  <material>
   Вискоза
  </material>
  <price>
   298621
  </price>
  <rating>
   3.62
  </rating>
  <reviews>
   421587
  </reviews>
  <exclusive>
   no
  </exclusive>
  <sporty>
   no
  </sporty>
 </clothing>
 <clothing>
  <id>
   660509691
  </id>
  <name>
   Asics Socks W-6128
  </name>
  <category>
   Socks
  </category>
  <size>
   S
  </size>
  <color>
   Синий
  </color>
  <material>
   Нейлон
  </material>
  <price>
   722205
  </price>
  <rating>
   4.83
  </rating>
  <reviews>
   342160
  </reviews>
  <exclusive>
   yes
  </exclusive>
  <sporty>
   no
  </sporty>
 </clothing>
 <clothing>
  <id>
   395399259
  </id>
  <name>
   Adidas Shoes F-4143
  </name>
  <category>
   Shoes
  </category>
  <size>
   XXL
  </size>
  <color>
   Оранжевый
  </color>
  <material>
   Хлопок
  </material>
  <price>
   632209
  </price>
  <rating>
   1.37
  </rating>
  <reviews>
   256034
  </reviews>
  <new>
   -
  </new>
  <exclusive>
   yes
  </exclusive>
 </clothing>
 <clothing>
  <id>
   958416553
  </id>
  <name>
   Ellesse Umbrellas I-2756
  </name>
  <category>
   Umbrellas
  </category>
  <size>
   L
  </size>
  <color>
   Желтый
  </color>
  <material>
   Нейлон
  </material>
  <price>
   957718
  </price>
  <rating>
   2.35
  </rating>
  <reviews>
   172675
  </reviews>
  <new>
   -
  </new>
  <sporty>
   no
  </sporty>
 </clothing>
 <clothing>
  <id>
   644711015
  </id>
  <name>
   Addidas Blouse P-5007
  </name>
  <category>
   Blouse
  </category>
  <size>
   M
  </size>
  <color>
   Голубой
  </color>
  <material>
   Лен
  </material>
  <price>
   504772
  </price>
  <rating>
   1.69
  </rating>
  <reviews>
   555678
  </reviews>
  <sporty>
   yes
  </sporty>
 </clothing>
 <clothing>
  <id>
   816726558
  </id>
  <name>
   Asics Shirt H-3517
  </name>
  <category>
   Shirt
  </category>
  <size>
   S
  </size>
  <color>
   Зеленый
  </color>
  <material>
   Полиэстер
  </material>
  <price>
   847640
  </price>
  <rating>
   4.18
  </rating>
  <reviews>
   579223
  </reviews>
 </clothing>
 <clothing>
  <id>
   732881907
  </id>
  <name>
   Asics Umbrellas E-3433
  </name>
  <category>
   Umbrellas
  </category>
  <size>
   XL
  </size>
  <color>
   Желтый
  </color>
  <material>
   Шерсть
  </material>
  <price>
   571695
  </price>
  <rating>
   1.43
  </rating>
  <reviews>
   600024
  </reviews>
  <new>
   -
  </new>
  <exclusive>
   no
  </exclusive>
  <sporty>
   yes
  </sporty>
 </clothing>
 <clothing>
  <id>
   924288194
  </id>
  <name>
   DC Pants X-6070
  </name>
  <category>
   Pants
  </category>
  <size>
   M
  </size>
  <color>
   Синий
  </color>
  <material>
   Кожа
  </material>
  <price>
   411807
  </price>
  <rating>
   3.24
  </rating>
  <reviews>
   665709
  </reviews>
 </clothing>
 <clothing>
  <id>
   706399812
  </id>
  <name>
   Puma Blouse G-9778
  </name>
  <category>
   Blouse
  </category>
  <size>
   XXL
  </size>
  <color>
   Синий
  </color>
  <material>
   Лен
  </material>
  <price>
   347936
  </price>
  <rating>
   1.97
  </rating>
  <reviews>
   787702
  </reviews>
  <new>
   -
  </new>
  <exclusive>
   no
  </exclusive>
  <sporty>
   no
  </sporty>
 </clothing>
 <clothing>
  <id>
   759382108
  </id>
  <name>
   Fila Handbags D-7736
  </name>
  <category>
   Handbags
  </category>
  <size>
   S
  </size>
  <color>
   Красный
  </color>
  <material>
   Шелк
  </material>
  <price>
   150513
  </price>
  <rating>
   3.4
  </rating>
  <reviews>
   285115
  </reviews>
  <new>
   -
  </new>
  <exclusive>
   no
  </exclusive>
  <sporty>
   no
  </sporty>
 </clothing>
 <clothing>
  <id>
   769126179
  </id>
  <name>
   Addidas Belts G-8097
  </name>
  <category>
   Belts
  </category>
  <size>
   XXL
  </size>
  <color>
   Синий
  </color>
  <material>
   Вискоза
  </material>
  <price>
   729259
  </price>
  <rating>
   4.73
  </rating>
  <reviews>
   566068
  </reviews>
  <new>
   -
  </new>
  <exclusive>
   yes
  </exclusive>
 </clothing>
 <clothing>
  <id>
   367384323
  </id>
  <name>
   Under Armour Jeans U-6325
  </name>
  <category>
   Jeans
  </category>
  <size>
   L
  </size>
  <color>
   Синий
  </color>
  <material>
   Хлопок
  </material>
  <price>
   393018
  </price>
  <rating>
   4.63
  </rating>
  <reviews>
   910535
  </reviews>
  <new>
   -
  </new>
  <exclusive>
   yes
  </exclusive>
 </clothing>
 <clothing>
  <id>
   154488561
  </id>
  <name>
   New Balance Dress J-5625
  </name>
  <category>
   Dress
  </category>
  <size>
   S
  </size>
  <color>
   Зеленый
  </color>
  <material>
   Нейлон
  </material>
  <price>
   234976
  </price>
  <rating>
   4.08
  </rating>
  <reviews>
   95430
  </reviews>
  <exclusive>
   yes
  </exclusive>
  <sporty>
   yes
  </sporty>
 </clothing>
 <clothing>
  <id>
   320630210
  </id>
  <name>
   Ellesse Belts E-1608
  </name>
  <category>
   Belts
  </category>
  <size>
   XXL
  </size>
  <color>
   Красный
  </color>
  <material>
   Хлопок
  </material>
  <price>
   873254
  </price>
  <rating>
   4.35
  </rating>
  <reviews>
   494473
  </reviews>
  <exclusive>
   no
  </exclusive>
  <sporty>
   yes
  </sporty>
 </clothing>
 <clothing>
  <id>
   277185789
  </id>
  <name>
   Reebok T-shirt Q-1647
  </name>
  <category>
   T-shirt
  </category>
  <size>
   XL
  </size>
  <color>
   Красный
  </color>
  <material>
   Лен
  </material>
  <price>
   215888
  </price>
  <rating>
   3.56
  </rating>
  <reviews>
   991895
  </reviews>
  <new>
   +
  </new>
  <exclusive>
   yes
  </exclusive>
  <sporty>
   yes
  </sporty>
 </clothing>
 <clothing>
  <id>
   989783192
  </id>
  <name>
   DC Belts Q-4286
  </name>
  <category>
   Belts
  </category>
  <size>
   XXL
  </size>
  <color>
   Голубой
  </color>
  <material>
   Шерсть
  </material>
  <price>
   610754
  </price>
  <rating>
   3.32
  </rating>
  <reviews>
   212916
  </reviews>
  <new>
   +
  </new>
  <exclusive>
   no
  </exclusive>
  <sporty>
   yes
  </sporty>
 </clothing>
</clothing-items>
