<?xml version="1.0" encoding="utf-8"?>
<clothing-items>
 <clothing>
  <id>
   746948561
  </id>
  <name>
   Reebok Shoes U-3754
  </name>
  <category>
   Shoes
  </category>
  <size>
   XXL
  </size>
  <color>
   Зеленый
  </color>
  <material>
   Шерсть
  </material>
  <price>
   770492
  </price>
  <rating>
   1.47
  </rating>
  <reviews>
   484604
  </reviews>
  <new>
   -
  </new>
  <exclusive>
   no
  </exclusive>
 </clothing>
 <clothing>
  <id>
   557071984
  </id>
  <name>
   Ellesse Hat Y-1930
  </name>
  <category>
   Hat
  </category>
  <size>
   M
  </size>
  <color>
   Красный
  </color>
  <material>
   Лен
  </material>
  <price>
   271457
  </price>
  <rating>
   2.05
  </rating>
  <reviews>
   784994
  </reviews>
  <new>
   -
  </new>
  <exclusive>
   no
  </exclusive>
  <sporty>
   no
  </sporty>
 </clothing>
 <clothing>
  <id>
   149074043
  </id>
  <name>
   Puma Jeans A-9810
  </name>
  <category>
   Jeans
  </category>
  <size>
   L
  </size>
  <color>
   Фиолетовый
  </color>
  <material>
   Вискоза
  </material>
  <price>
   746105
  </price>
  <rating>
   2.47
  </rating>
  <reviews>
   478184
  </reviews>
  <exclusive>
   no
  </exclusive>
  <sporty>
   yes
  </sporty>
 </clothing>
 <clothing>
  <id>
   873890099
  </id>
  <name>
   Adidas Skirt N-5738
  </name>
  <category>
   Skirt
  </category>
  <size>
   M
  </size>
  <color>
   Фиолетовый
  </color>
  <material>
   Шерсть
  </material>
  <price>
   301335
  </price>
  <rating>
   3.98
  </rating>
  <reviews>
   677192
  </reviews>
  <exclusive>
   no
  </exclusive>
  <sporty>
   no
  </sporty>
 </clothing>
 <clothing>
  <id>
   393895439
  </id>
  <name>
   Adidas Pants S-6511
  </name>
  <category>
   Pants
  </category>
  <size>
   XL
  </size>
  <color>
   Фиолетовый
  </color>
  <material>
   Лен
  </material>
  <price>
   616111
  </price>
  <rating>
   4.97
  </rating>
  <reviews>
   738790
  </reviews>
  <new>
   +
  </new>
  <sporty>
   no
  </sporty>
 </clothing>
 <clothing>
  <id>
   818394206
  </id>
  <name>
   Vans Belts Q-1090
  </name>
  <category>
   Belts
  </category>
  <size>
   M
  </size>
  <color>
   Желтый
  </color>
  <material>
   Вискоза
  </material>
  <price>
   551315
  </price>
  <rating>
   3.77
  </rating>
  <reviews>
   918637
  </reviews>
  <new>
   +
  </new>
  <exclusive>
   no
  </exclusive>
  <sporty>
   no
  </sporty>
 </clothing>
 <clothing>
  <id>
   675341990
  </id>
  <name>
   New Balance Shirt C-5593
  </name>
  <category>
   Shirt
  </category>
  <size>
   L
  </size>
  <color>
   Красный
  </color>
  <material>
   Шелк
  </material>
  <price>
   980674
  </price>
  <rating>
   1.84
  </rating>
  <reviews>
   794641
  </reviews>
  <exclusive>
   no
  </exclusive>
  <sporty>
   no
  </sporty>
 </clothing>
 <clothing>
  <id>
   340001036
  </id>
  <name>
   Brooks T-shirt P-8277
  </name>
  <category>
   T-shirt
  </category>
  <size>
   XL
  </size>
  <color>
   Фиолетовый
  </color>
  <material>
   Хлопок
  </material>
  <price>
   752838
  </price>
  <rating>
   2.33
  </rating>
  <reviews>
   148513
  </reviews>
  <new>
   -
  </new>
  <exclusive>
   no
  </exclusive>
  <sporty>
   yes
  </sporty>
 </clothing>
 <clothing>
  <id>
   258263868
  </id>
  <name>
   Lacoste Sweater O-4156
  </name>
  <category>
   Sweater
  </category>
  <size>
   S
  </size>
  <color>
   Фиолетовый
  </color>
  <material>
   Хлопок
  </material>
  <price>
   216862
  </price>
  <rating>
   2.14
  </rating>
  <reviews>
   738639
  </reviews>
  <new>
   +
  </new>
  <exclusive>
   no
  </exclusive>
  <sporty>
   yes
  </sporty>
 </clothing>
 <clothing>
  <id>
   458883753
  </id>
  <name>
   Lacoste Belts T-8842
  </name>
  <category>
   Belts
  </category>
  <size>
   L
  </size>
  <color>
   Зеленый
  </color>
  <material>
   Полиэстер
  </material>
  <price>
   609244
  </price>
  <rating>
   1.13
  </rating>
  <reviews>
   195997
  </reviews>
  <new>
   +
  </new>
  <exclusive>
   no
  </exclusive>
 </clothing>
 <clothing>
  <id>
   191606194
  </id>
  <name>
   Addidas Handbags R-1707
  </name>
  <category>
   Handbags
  </category>
  <size>
   XXL
  </size>
  <color>
   Желтый
  </color>
  <material>
   Шерсть
  </material>
  <price>
   964639
  </price>
  <rating>
   4.33
  </rating>
  <reviews>
   118457
  </reviews>
  <new>
   -
  </new>
 </clothing>
 <clothing>
  <id>
   960292436
  </id>
  <name>
   Adidas Gloves F-6410
  </name>
  <category>
   Gloves
  </category>
  <size>
   L
  </size>
  <color>
   Голубой
  </color>
  <material>
   Лен
  </material>
  <price>
   390772
  </price>
  <rating>
   3.45
  </rating>
  <reviews>
   638894
  </reviews>
  <new>
   -
  </new>
 </clothing>
 <clothing>
  <id>
   900112271
  </id>
  <name>
   Vans Dress S-5537
  </name>
  <category>
   Dress
  </category>
  <size>
   S
  </size>
  <color>
   Зеленый
  </color>
  <material>
   Лен
  </material>
  <price>
   863532
  </price>
  <rating>
   1.65
  </rating>
  <reviews>
   912842
  </reviews>
 </clothing>
 <clothing>
  <id>
   494099559
  </id>
  <name>
   Addidas Hat R-2775
  </name>
  <category>
   Hat
  </category>
  <size>
   XL
  </size>
  <color>
   Оранжевый
  </color>
  <material>
   Кожа
  </material>
  <price>
   109539
  </price>
  <rating>
   3.73
  </rating>
  <reviews>
   619642
  </reviews>
  <new>
   -
  </new>
  <exclusive>
   no
  </exclusive>
 </clothing>
 <clothing>
  <id>
   487435758
  </id>
  <name>
   Nike Blouse E-2048
  </name>
  <category>
   Blouse
  </category>
  <size>
   L
  </size>
  <color>
   Фиолетовый
  </color>
  <material>
   Кожа
  </material>
  <price>
   143990
  </price>
  <rating>
   4.42
  </rating>
  <reviews>
   290450
  </reviews>
  <sporty>
   no
  </sporty>
 </clothing>
 <clothing>
  <id>
   513468534
  </id>
  <name>
   New Balance Pants K-3043
  </name>
  <category>
   Pants
  </category>
  <size>
   XL
  </size>
  <color>
   Желтый
  </color>
  <material>
   Полиэстер
  </material>
  <price>
   972683
  </price>
  <rating>
   1.6
  </rating>
  <reviews>
   916932
  </reviews>
  <new>
   -
  </new>
  <exclusive>
   no
  </exclusive>
 </clothing>
 <clothing>
  <id>
   492481969
  </id>
  <name>
   Lacoste Blouse C-2075
  </name>
  <category>
   Blouse
  </category>
  <size>
   L
  </size>
  <color>
   Желтый
  </color>
  <material>
   Кожа
  </material>
  <price>
   602707
  </price>
  <rating>
   4.97
  </rating>
  <reviews>
   294488
  </reviews>
 </clothing>
 <clothing>
  <id>
   658607586
  </id>
  <name>
   Brooks T-shirt G-7946
  </name>
  <category>
   T-shirt
  </category>
  <size>
   L
  </size>
  <color>
   Фиолетовый
  </color>
  <material>
   Лен
  </material>
  <price>
   672183
  </price>
  <rating>
   4.1
  </rating>
  <reviews>
   502644
  </reviews>
 </clothing>
 <clothing>
  <id>
   135869702
  </id>
  <name>
   Addidas Sweater F-6308
  </name>
  <category>
   Sweater
  </category>
  <size>
   M
  </size>
  <color>
   Синий
  </color>
  <material>
   Шелк
  </material>
  <price>
   796217
  </price>
  <rating>
   4.13
  </rating>
  <reviews>
   258070
  </reviews>
  <new>
   +
  </new>
  <exclusive>
   no
  </exclusive>
  <sporty>
   yes
  </sporty>
 </clothing>
 <clothing>
  <id>
   398496156
  </id>
  <name>
   Lacoste Belts F-1233
  </name>
  <category>
   Belts
  </category>
  <size>
   XXL
  </size>
  <color>
   Желтый
  </color>
  <material>
   Лен
  </material>
  <price>
   372347
  </price>
  <rating>
   2.37
  </rating>
  <reviews>
   375417
  </reviews>
  <exclusive>
   no
  </exclusive>
  <sporty>
   yes
  </sporty>
 </clothing>
 <clothing>
  <id>
   380029211
  </id>
  <name>
   Vans T-shirt W-6977
  </name>
  <category>
   T-shirt
  </category>
  <size>
   XXL
  </size>
  <color>
   Зеленый
  </color>
  <material>
   Лен
  </material>
  <price>
   525014
  </price>
  <rating>
   4.16
  </rating>
  <reviews>
   43784
  </reviews>
  <new>
   +
  </new>
  <exclusive>
   yes
  </exclusive>
 </clothing>
 <clothing>
  <id>
   297404420
  </id>
  <name>
   Brooks Jeans B-6407
  </name>
  <category>
   Jeans
  </category>
  <size>
   XXL
  </size>
  <color>
   Зеленый
  </color>
  <material>
   Полиэстер
  </material>
  <price>
   122409
  </price>
  <rating>
   2.23
  </rating>
  <reviews>
   460805
  </reviews>
  <exclusive>
   yes
  </exclusive>
  <sporty>
   yes
  </sporty>
 </clothing>
 <clothing>
  <id>
   570633425
  </id>
  <name>
   New Balance T-shirt Q-5016
  </name>
  <category>
   T-shirt
  </category>
  <size>
   S
  </size>
  <color>
   Красный
  </color>
  <material>
   Шерсть
  </material>
  <price>
   343777
  </price>
  <rating>
   1.64
  </rating>
  <reviews>
   448067
  </reviews>
  <new>
   -
  </new>
  <exclusive>
   no
  </exclusive>
  <sporty>
   yes
  </sporty>
 </clothing>
 <clothing>
  <id>
   551434779
  </id>
  <name>
   Addidas Hat J-1209
  </name>
  <category>
   Hat
  </category>
  <size>
   M
  </size>
  <color>
   Желтый
  </color>
  <material>
   Вискоза
  </material>
  <price>
   673357
  </price>
  <rating>
   4.62
  </rating>
  <reviews>
   751706
  </reviews>
  <sporty>
   no
  </sporty>
 </clothing>
 <clothing>
  <id>
   121273606
  </id>
  <name>
   DC Blouse S-2208
  </name>
  <category>
   Blouse
  </category>
  <size>
   L
  </size>
  <color>
   Зеленый
  </color>
  <material>
   Кожа
  </material>
  <price>
   413695
  </price>
  <rating>
   1.52
  </rating>
  <reviews>
   644506
  </reviews>
  <exclusive>
   yes
  </exclusive>
  <sporty>
   no
  </sporty>
 </clothing>
 <clothing>
  <id>
   670347178
  </id>
  <name>
   PleinSport Umbrellas D-4402
  </name>
  <category>
   Umbrellas
  </category>
  <size>
   XXL
  </size>
  <color>
   Оранжевый
  </color>
  <material>
   Лен
  </material>
  <price>
   263973
  </price>
  <rating>
   4.76
  </rating>
  <reviews>
   122989
  </reviews>
  <new>
   -
  </new>
  <exclusive>
   yes
  </exclusive>
  <sporty>
   yes
  </sporty>
 </clothing>
</clothing-items>
