<?xml version="1.0" encoding="utf-8"?>
<clothing-items>
 <clothing>
  <id>
   236048026
  </id>
  <name>
   Brooks Jacket U-6404
  </name>
  <category>
   Jacket
  </category>
  <size>
   XL
  </size>
  <color>
   Зеленый
  </color>
  <material>
   Кожа
  </material>
  <price>
   137643
  </price>
  <rating>
   2.02
  </rating>
  <reviews>
   329823
  </reviews>
  <new>
   +
  </new>
  <exclusive>
   yes
  </exclusive>
  <sporty>
   yes
  </sporty>
 </clothing>
 <clothing>
  <id>
   442100750
  </id>
  <name>
   Converse Jacket E-5282
  </name>
  <category>
   Jacket
  </category>
  <size>
   XXL
  </size>
  <color>
   Оранжевый
  </color>
  <material>
   Хлопок
  </material>
  <price>
   802605
  </price>
  <rating>
   2.36
  </rating>
  <reviews>
   219683
  </reviews>
  <exclusive>
   no
  </exclusive>
 </clothing>
 <clothing>
  <id>
   295801423
  </id>
  <name>
   Asics Shoes N-6289
  </name>
  <category>
   Shoes
  </category>
  <size>
   XXL
  </size>
  <color>
   Желтый
  </color>
  <material>
   Кожа
  </material>
  <price>
   272610
  </price>
  <rating>
   2.97
  </rating>
  <reviews>
   58710
  </reviews>
  <exclusive>
   yes
  </exclusive>
 </clothing>
 <clothing>
  <id>
   179108835
  </id>
  <name>
   Brooks Belts Z-2894
  </name>
  <category>
   Belts
  </category>
  <size>
   L
  </size>
  <color>
   Синий
  </color>
  <material>
   Полиэстер
  </material>
  <price>
   150628
  </price>
  <rating>
   3.11
  </rating>
  <reviews>
   341289
  </reviews>
  <exclusive>
   no
  </exclusive>
  <sporty>
   no
  </sporty>
 </clothing>
 <clothing>
  <id>
   370318142
  </id>
  <name>
   DC Blouse V-9541
  </name>
  <category>
   Blouse
  </category>
  <size>
   L
  </size>
  <color>
   Голубой
  </color>
  <material>
   Хлопок
  </material>
  <price>
   147521
  </price>
  <rating>
   3.72
  </rating>
  <reviews>
   972745
  </reviews>
  <exclusive>
   yes
  </exclusive>
 </clothing>
 <clothing>
  <id>
   411901490
  </id>
  <name>
   Adidas Sweater K-4741
  </name>
  <category>
   Sweater
  </category>
  <size>
   M
  </size>
  <color>
   Оранжевый
  </color>
  <material>
   Хлопок
  </material>
  <price>
   613167
  </price>
  <rating>
   4.35
  </rating>
  <reviews>
   933214
  </reviews>
  <new>
   +
  </new>
  <sporty>
   yes
  </sporty>
 </clothing>
 <clothing>
  <id>
   851582308
  </id>
  <name>
   Reebok Dress J-7897
  </name>
  <category>
   Dress
  </category>
  <size>
   XL
  </size>
  <color>
   Фиолетовый
  </color>
  <material>
   Кожа
  </material>
  <price>
   880380
  </price>
  <rating>
   3.58
  </rating>
  <reviews>
   356185
  </reviews>
  <sporty>
   no
  </sporty>
 </clothing>
 <clothing>
  <id>
   174216074
  </id>
  <name>
   Under Armour Socks Z-6900
  </name>
  <category>
   Socks
  </category>
  <size>
   S
  </size>
  <color>
   Голубой
  </color>
  <material>
   Шелк
  </material>
  <price>
   446853
  </price>
  <rating>
   4.14
  </rating>
  <reviews>
   531746
  </reviews>
  <new>
   -
  </new>
  <exclusive>
   yes
  </exclusive>
 </clothing>
 <clothing>
  <id>
   264031292
  </id>
  <name>
   Brooks Sweater V-6374
  </name>
  <category>
   Sweater
  </category>
  <size>
   XL
  </size>
  <color>
   Зеленый
  </color>
  <material>
   Шелк
  </material>
  <price>
   904270
  </price>
  <rating>
   3.5
  </rating>
  <reviews>
   919883
  </reviews>
  <new>
   +
  </new>
  <exclusive>
   no
  </exclusive>
  <sporty>
   yes
  </sporty>
 </clothing>
 <clothing>
  <id>
   917593693
  </id>
  <name>
   DC Blouse R-9272
  </name>
  <category>
   Blouse
  </category>
  <size>
   XXL
  </size>
  <color>
   Оранжевый
  </color>
  <material>
   Вискоза
  </material>
  <price>
   606549
  </price>
  <rating>
   2.11
  </rating>
  <reviews>
   640241
  </reviews>
  <new>
   +
  </new>
  <sporty>
   no
  </sporty>
 </clothing>
 <clothing>
  <id>
   166845472
  </id>
  <name>
   Lacoste Handbags Q-2308
  </name>
  <category>
   Handbags
  </category>
  <size>
   M
  </size>
  <color>
   Зеленый
  </color>
  <material>
   Полиэстер
  </material>
  <price>
   232396
  </price>
  <rating>
   1.32
  </rating>
  <reviews>
   608072
  </reviews>
  <new>
   -
  </new>
  <sporty>
   no
  </sporty>
 </clothing>
 <clothing>
  <id>
   677177721
  </id>
  <name>
   Brooks Blouse W-4317
  </name>
  <category>
   Blouse
  </category>
  <size>
   L
  </size>
  <color>
   Голубой
  </color>
  <material>
   Нейлон
  </material>
  <price>
   883661
  </price>
  <rating>
   1.22
  </rating>
  <reviews>
   220637
  </reviews>
  <new>
   -
  </new>
  <exclusive>
   no
  </exclusive>
 </clothing>
 <clothing>
  <id>
   788959063
  </id>
  <name>
   Addidas Umbrellas D-3509
  </name>
  <category>
   Umbrellas
  </category>
  <size>
   XL
  </size>
  <color>
   Желтый
  </color>
  <material>
   Кожа
  </material>
  <price>
   678630
  </price>
  <rating>
   1.0
  </rating>
  <reviews>
   804841
  </reviews>
  <new>
   +
  </new>
  <sporty>
   no
  </sporty>
 </clothing>
 <clothing>
  <id>
   218067817
  </id>
  <name>
   Asics Hat A-8534
  </name>
  <category>
   Hat
  </category>
  <size>
   XL
  </size>
  <color>
   Синий
  </color>
  <material>
   Лен
  </material>
  <price>
   308507
  </price>
  <rating>
   3.66
  </rating>
  <reviews>
   572663
  </reviews>
 </clothing>
 <clothing>
  <id>
   607962288
  </id>
  <name>
   Brooks Jacket S-5689
  </name>
  <category>
   Jacket
  </category>
  <size>
   L
  </size>
  <color>
   Желтый
  </color>
  <material>
   Лен
  </material>
  <price>
   344190
  </price>
  <rating>
   3.21
  </rating>
  <reviews>
   932820
  </reviews>
  <new>
   +
  </new>
  <exclusive>
   no
  </exclusive>
  <sporty>
   no
  </sporty>
 </clothing>
 <clothing>
  <id>
   579633391
  </id>
  <name>
   PleinSport Shoes B-3425
  </name>
  <category>
   Shoes
  </category>
  <size>
   XXL
  </size>
  <color>
   Оранжевый
  </color>
  <material>
   Шелк
  </material>
  <price>
   709944
  </price>
  <rating>
   2.02
  </rating>
  <reviews>
   740130
  </reviews>
  <sporty>
   no
  </sporty>
 </clothing>
 <clothing>
  <id>
   849485853
  </id>
  <name>
   Converse Hat W-6105
  </name>
  <category>
   Hat
  </category>
  <size>
   M
  </size>
  <color>
   Голубой
  </color>
  <material>
   Хлопок
  </material>
  <price>
   534493
  </price>
  <rating>
   4.91
  </rating>
  <reviews>
   152591
  </reviews>
  <new>
   -
  </new>
  <sporty>
   yes
  </sporty>
 </clothing>
 <clothing>
  <id>
   144852374
  </id>
  <name>
   Converse Jeans N-4600
  </name>
  <category>
   Jeans
  </category>
  <size>
   XL
  </size>
  <color>
   Оранжевый
  </color>
  <material>
   Вискоза
  </material>
  <price>
   646641
  </price>
  <rating>
   1.09
  </rating>
  <reviews>
   803696
  </reviews>
  <new>
   +
  </new>
  <exclusive>
   no
  </exclusive>
  <sporty>
   no
  </sporty>
 </clothing>
 <clothing>
  <id>
   198229064
  </id>
  <name>
   Nike Handbags Z-3701
  </name>
  <category>
   Handbags
  </category>
  <size>
   XL
  </size>
  <color>
   Красный
  </color>
  <material>
   Вискоза
  </material>
  <price>
   450008
  </price>
  <rating>
   3.49
  </rating>
  <reviews>
   96858
  </reviews>
  <exclusive>
   no
  </exclusive>
  <sporty>
   yes
  </sporty>
 </clothing>
 <clothing>
  <id>
   387437767
  </id>
  <name>
   Converse Shoes L-1038
  </name>
  <category>
   Shoes
  </category>
  <size>
   M
  </size>
  <color>
   Желтый
  </color>
  <material>
   Вискоза
  </material>
  <price>
   124827
  </price>
  <rating>
   3.91
  </rating>
  <reviews>
   150869
  </reviews>
  <new>
   -
  </new>
 </clothing>
 <clothing>
  <id>
   236344321
  </id>
  <name>
   DC Pants I-3610
  </name>
  <category>
   Pants
  </category>
  <size>
   XL
  </size>
  <color>
   Зеленый
  </color>
  <material>
   Кожа
  </material>
  <price>
   642585
  </price>
  <rating>
   2.46
  </rating>
  <reviews>
   492014
  </reviews>
 </clothing>
 <clothing>
  <id>
   214439728
  </id>
  <name>
   Nike T-shirt M-3553
  </name>
  <category>
   T-shirt
  </category>
  <size>
   XL
  </size>
  <color>
   Фиолетовый
  </color>
  <material>
   Полиэстер
  </material>
  <price>
   106480
  </price>
  <rating>
   1.44
  </rating>
  <reviews>
   96669
  </reviews>
  <new>
   -
  </new>
  <exclusive>
   no
  </exclusive>
  <sporty>
   no
  </sporty>
 </clothing>
 <clothing>
  <id>
   545284782
  </id>
  <name>
   Brooks Shirt F-6151
  </name>
  <category>
   Shirt
  </category>
  <size>
   S
  </size>
  <color>
   Голубой
  </color>
  <material>
   Вискоза
  </material>
  <price>
   798907
  </price>
  <rating>
   3.91
  </rating>
  <reviews>
   323167
  </reviews>
  <new>
   -
  </new>
  <sporty>
   no
  </sporty>
 </clothing>
 <clothing>
  <id>
   683411999
  </id>
  <name>
   Adidas Pants N-9584
  </name>
  <category>
   Pants
  </category>
  <size>
   XL
  </size>
  <color>
   Фиолетовый
  </color>
  <material>
   Шерсть
  </material>
  <price>
   853650
  </price>
  <rating>
   2.26
  </rating>
  <reviews>
   287506
  </reviews>
  <new>
   -
  </new>
  <exclusive>
   yes
  </exclusive>
 </clothing>
 <clothing>
  <id>
   762946515
  </id>
  <name>
   New Balance T-shirt K-9137
  </name>
  <category>
   T-shirt
  </category>
  <size>
   S
  </size>
  <color>
   Зеленый
  </color>
  <material>
   Кожа
  </material>
  <price>
   635082
  </price>
  <rating>
   4.07
  </rating>
  <reviews>
   639987
  </reviews>
  <new>
   -
  </new>
  <exclusive>
   no
  </exclusive>
 </clothing>
 <clothing>
  <id>
   410806812
  </id>
  <name>
   Puma Pants U-6030
  </name>
  <category>
   Pants
  </category>
  <size>
   XL
  </size>
  <color>
   Оранжевый
  </color>
  <material>
   Вискоза
  </material>
  <price>
   101959
  </price>
  <rating>
   2.5
  </rating>
  <reviews>
   171941
  </reviews>
  <sporty>
   yes
  </sporty>
 </clothing>
 <clothing>
  <id>
   667890574
  </id>
  <name>
   New Balance Sweater G-8651
  </name>
  <category>
   Sweater
  </category>
  <size>
   XXL
  </size>
  <color>
   Фиолетовый
  </color>
  <material>
   Вискоза
  </material>
  <price>
   391808
  </price>
  <rating>
   4.89
  </rating>
  <reviews>
   567642
  </reviews>
  <new>
   +
  </new>
 </clothing>
 <clothing>
  <id>
   175091523
  </id>
  <name>
   Converse Blouse O-2859
  </name>
  <category>
   Blouse
  </category>
  <size>
   L
  </size>
  <color>
   Голубой
  </color>
  <material>
   Нейлон
  </material>
  <price>
   734309
  </price>
  <rating>
   2.56
  </rating>
  <reviews>
   448589
  </reviews>
  <exclusive>
   yes
  </exclusive>
  <sporty>
   yes
  </sporty>
 </clothing>
 <clothing>
  <id>
   904069900
  </id>
  <name>
   Addidas Sweater X-4998
  </name>
  <category>
   Sweater
  </category>
  <size>
   XL
  </size>
  <color>
   Зеленый
  </color>
  <material>
   Шерсть
  </material>
  <price>
   445134
  </price>
  <rating>
   2.56
  </rating>
  <reviews>
   669709
  </reviews>
 </clothing>
 <clothing>
  <id>
   984364097
  </id>
  <name>
   DC Jacket Q-3954
  </name>
  <category>
   Jacket
  </category>
  <size>
   XXL
  </size>
  <color>
   Желтый
  </color>
  <material>
   Нейлон
  </material>
  <price>
   605076
  </price>
  <rating>
   4.94
  </rating>
  <reviews>
   325192
  </reviews>
  <exclusive>
   yes
  </exclusive>
 </clothing>
 <clothing>
  <id>
   520416747
  </id>
  <name>
   Vans Blouse Q-9435
  </name>
  <category>
   Blouse
  </category>
  <size>
   S
  </size>
  <color>
   Желтый
  </color>
  <material>
   Кожа
  </material>
  <price>
   580518
  </price>
  <rating>
   4.96
  </rating>
  <reviews>
   387567
  </reviews>
  <new>
   -
  </new>
  <exclusive>
   no
  </exclusive>
 </clothing>
 <clothing>
  <id>
   723946720
  </id>
  <name>
   Adidas Belts Y-3318
  </name>
  <category>
   Belts
  </category>
  <size>
   L
  </size>
  <color>
   Желтый
  </color>
  <material>
   Хлопок
  </material>
  <price>
   239845
  </price>
  <rating>
   3.11
  </rating>
  <reviews>
   693141
  </reviews>
  <exclusive>
   no
  </exclusive>
  <sporty>
   no
  </sporty>
 </clothing>
 <clothing>
  <id>
   136977374
  </id>
  <name>
   Fila Belts S-7425
  </name>
  <category>
   Belts
  </category>
  <size>
   M
  </size>
  <color>
   Зеленый
  </color>
  <material>
   Вискоза
  </material>
  <price>
   690925
  </price>
  <rating>
   2.5
  </rating>
  <reviews>
   502310
  </reviews>
  <new>
   -
  </new>
  <exclusive>
   yes
  </exclusive>
  <sporty>
   no
  </sporty>
 </clothing>
 <clothing>
  <id>
   162924177
  </id>
  <name>
   Asics Belts C-6005
  </name>
  <category>
   Belts
  </category>
  <size>
   L
  </size>
  <color>
   Зеленый
  </color>
  <material>
   Кожа
  </material>
  <price>
   148599
  </price>
  <rating>
   2.84
  </rating>
  <reviews>
   7656
  </reviews>
  <new>
   -
  </new>
  <exclusive>
   yes
  </exclusive>
  <sporty>
   yes
  </sporty>
 </clothing>
</clothing-items>
