<?xml version="1.0" encoding="utf-8"?>
<clothing-items>
 <clothing>
  <id>
   522489377
  </id>
  <name>
   Fila Handbags M-5186
  </name>
  <category>
   Handbags
  </category>
  <size>
   XL
  </size>
  <color>
   Оранжевый
  </color>
  <material>
   Шелк
  </material>
  <price>
   393798
  </price>
  <rating>
   1.43
  </rating>
  <reviews>
   972778
  </reviews>
  <new>
   -
  </new>
  <exclusive>
   yes
  </exclusive>
  <sporty>
   no
  </sporty>
 </clothing>
 <clothing>
  <id>
   439152803
  </id>
  <name>
   Reebok Jeans N-8660
  </name>
  <category>
   Jeans
  </category>
  <size>
   XXL
  </size>
  <color>
   Желтый
  </color>
  <material>
   Вискоза
  </material>
  <price>
   750840
  </price>
  <rating>
   3.8
  </rating>
  <reviews>
   832944
  </reviews>
  <new>
   -
  </new>
  <sporty>
   no
  </sporty>
 </clothing>
 <clothing>
  <id>
   112777972
  </id>
  <name>
   Puma Jacket N-5108
  </name>
  <category>
   Jacket
  </category>
  <size>
   L
  </size>
  <color>
   Голубой
  </color>
  <material>
   Лен
  </material>
  <price>
   976112
  </price>
  <rating>
   3.47
  </rating>
  <reviews>
   651824
  </reviews>
  <new>
   -
  </new>
  <exclusive>
   no
  </exclusive>
  <sporty>
   no
  </sporty>
 </clothing>
 <clothing>
  <id>
   481571898
  </id>
  <name>
   Ellesse Blouse E-8508
  </name>
  <category>
   Blouse
  </category>
  <size>
   L
  </size>
  <color>
   Оранжевый
  </color>
  <material>
   Шерсть
  </material>
  <price>
   152587
  </price>
  <rating>
   1.51
  </rating>
  <reviews>
   110743
  </reviews>
  <new>
   -
  </new>
  <exclusive>
   no
  </exclusive>
 </clothing>
 <clothing>
  <id>
   831447957
  </id>
  <name>
   PleinSport Umbrellas D-8107
  </name>
  <category>
   Umbrellas
  </category>
  <size>
   M
  </size>
  <color>
   Голубой
  </color>
  <material>
   Лен
  </material>
  <price>
   110121
  </price>
  <rating>
   3.34
  </rating>
  <reviews>
   189710
  </reviews>
  <new>
   -
  </new>
  <exclusive>
   no
  </exclusive>
 </clothing>
 <clothing>
  <id>
   133389687
  </id>
  <name>
   PleinSport Shoes O-1569
  </name>
  <category>
   Shoes
  </category>
  <size>
   S
  </size>
  <color>
   Оранжевый
  </color>
  <material>
   Лен
  </material>
  <price>
   445160
  </price>
  <rating>
   2.64
  </rating>
  <reviews>
   260763
  </reviews>
  <exclusive>
   yes
  </exclusive>
 </clothing>
 <clothing>
  <id>
   153621635
  </id>
  <name>
   New Balance Hat A-6136
  </name>
  <category>
   Hat
  </category>
  <size>
   XXL
  </size>
  <color>
   Синий
  </color>
  <material>
   Кожа
  </material>
  <price>
   271410
  </price>
  <rating>
   3.56
  </rating>
  <reviews>
   232547
  </reviews>
  <sporty>
   no
  </sporty>
 </clothing>
 <clothing>
  <id>
   651973467
  </id>
  <name>
   Vans Sweater A-8703
  </name>
  <category>
   Sweater
  </category>
  <size>
   XXL
  </size>
  <color>
   Красный
  </color>
  <material>
   Шерсть
  </material>
  <price>
   540746
  </price>
  <rating>
   1.59
  </rating>
  <reviews>
   448836
  </reviews>
  <new>
   +
  </new>
  <sporty>
   no
  </sporty>
 </clothing>
 <clothing>
  <id>
   182856124
  </id>
  <name>
   Adidas Gloves D-4789
  </name>
  <category>
   Gloves
  </category>
  <size>
   XXL
  </size>
  <color>
   Красный
  </color>
  <material>
   Хлопок
  </material>
  <price>
   475299
  </price>
  <rating>
   2.41
  </rating>
  <reviews>
   525323
  </reviews>
  <exclusive>
   no
  </exclusive>
  <sporty>
   no
  </sporty>
 </clothing>
 <clothing>
  <id>
   757572828
  </id>
  <name>
   New Balance Shirt M-7005
  </name>
  <category>
   Shirt
  </category>
  <size>
   XXL
  </size>
  <color>
   Голубой
  </color>
  <material>
   Хлопок
  </material>
  <price>
   844014
  </price>
  <rating>
   3.47
  </rating>
  <reviews>
   216091
  </reviews>
  <exclusive>
   no
  </exclusive>
 </clothing>
 <clothing>
  <id>
   322839082
  </id>
  <name>
   Under Armour Handbags W-5806
  </name>
  <category>
   Handbags
  </category>
  <size>
   XXL
  </size>
  <color>
   Фиолетовый
  </color>
  <material>
   Лен
  </material>
  <price>
   810462
  </price>
  <rating>
   3.15
  </rating>
  <reviews>
   824853
  </reviews>
  <new>
   +
  </new>
  <exclusive>
   yes
  </exclusive>
  <sporty>
   no
  </sporty>
 </clothing>
 <clothing>
  <id>
   385392165
  </id>
  <name>
   New Balance Gloves O-1112
  </name>
  <category>
   Gloves
  </category>
  <size>
   L
  </size>
  <color>
   Голубой
  </color>
  <material>
   Шелк
  </material>
  <price>
   270377
  </price>
  <rating>
   4.42
  </rating>
  <reviews>
   701230
  </reviews>
  <sporty>
   no
  </sporty>
 </clothing>
 <clothing>
  <id>
   532731608
  </id>
  <name>
   DC Gloves G-6074
  </name>
  <category>
   Gloves
  </category>
  <size>
   XXL
  </size>
  <color>
   Красный
  </color>
  <material>
   Нейлон
  </material>
  <price>
   721262
  </price>
  <rating>
   4.57
  </rating>
  <reviews>
   786622
  </reviews>
  <new>
   +
  </new>
  <sporty>
   no
  </sporty>
 </clothing>
 <clothing>
  <id>
   454692202
  </id>
  <name>
   New Balance Umbrellas T-7718
  </name>
  <category>
   Umbrellas
  </category>
  <size>
   XL
  </size>
  <color>
   Голубой
  </color>
  <material>
   Шерсть
  </material>
  <price>
   805933
  </price>
  <rating>
   4.31
  </rating>
  <reviews>
   321272
  </reviews>
  <new>
   -
  </new>
  <exclusive>
   yes
  </exclusive>
  <sporty>
   yes
  </sporty>
 </clothing>
 <clothing>
  <id>
   918352030
  </id>
  <name>
   Brooks Pants V-6116
  </name>
  <category>
   Pants
  </category>
  <size>
   XXL
  </size>
  <color>
   Голубой
  </color>
  <material>
   Кожа
  </material>
  <price>
   888362
  </price>
  <rating>
   1.36
  </rating>
  <reviews>
   386913
  </reviews>
  <sporty>
   no
  </sporty>
 </clothing>
 <clothing>
  <id>
   728267467
  </id>
  <name>
   DC Skirt U-8496
  </name>
  <category>
   Skirt
  </category>
  <size>
   M
  </size>
  <color>
   Желтый
  </color>
  <material>
   Лен
  </material>
  <price>
   332866
  </price>
  <rating>
   3.98
  </rating>
  <reviews>
   614197
  </reviews>
  <new>
   +
  </new>
  <sporty>
   yes
  </sporty>
 </clothing>
 <clothing>
  <id>
   427616216
  </id>
  <name>
   Lacoste Umbrellas E-7135
  </name>
  <category>
   Umbrellas
  </category>
  <size>
   S
  </size>
  <color>
   Желтый
  </color>
  <material>
   Кожа
  </material>
  <price>
   673421
  </price>
  <rating>
   3.14
  </rating>
  <reviews>
   289541
  </reviews>
  <exclusive>
   no
  </exclusive>
  <sporty>
   yes
  </sporty>
 </clothing>
 <clothing>
  <id>
   837185639
  </id>
  <name>
   Reebok Skirt P-8993
  </name>
  <category>
   Skirt
  </category>
  <size>
   XXL
  </size>
  <color>
   Зеленый
  </color>
  <material>
   Полиэстер
  </material>
  <price>
   171437
  </price>
  <rating>
   4.43
  </rating>
  <reviews>
   126885
  </reviews>
  <new>
   -
  </new>
  <exclusive>
   no
  </exclusive>
  <sporty>
   no
  </sporty>
 </clothing>
 <clothing>
  <id>
   255313729
  </id>
  <name>
   Vans Socks B-9524
  </name>
  <category>
   Socks
  </category>
  <size>
   XL
  </size>
  <color>
   Красный
  </color>
  <material>
   Хлопок
  </material>
  <price>
   128650
  </price>
  <rating>
   2.41
  </rating>
  <reviews>
   989432
  </reviews>
  <new>
   +
  </new>
  <sporty>
   yes
  </sporty>
 </clothing>
 <clothing>
  <id>
   510689745
  </id>
  <name>
   PleinSport Hat X-9793
  </name>
  <category>
   Hat
  </category>
  <size>
   L
  </size>
  <color>
   Фиолетовый
  </color>
  <material>
   Хлопок
  </material>
  <price>
   863461
  </price>
  <rating>
   1.02
  </rating>
  <reviews>
   486768
  </reviews>
  <new>
   +
  </new>
  <exclusive>
   no
  </exclusive>
 </clothing>
 <clothing>
  <id>
   715518166
  </id>
  <name>
   Vans Handbags F-6359
  </name>
  <category>
   Handbags
  </category>
  <size>
   XL
  </size>
  <color>
   Фиолетовый
  </color>
  <material>
   Хлопок
  </material>
  <price>
   900997
  </price>
  <rating>
   4.32
  </rating>
  <reviews>
   935474
  </reviews>
  <exclusive>
   no
  </exclusive>
  <sporty>
   no
  </sporty>
 </clothing>
 <clothing>
  <id>
   770983095
  </id>
  <name>
   Nike Gloves H-5280
  </name>
  <category>
   Gloves
  </category>
  <size>
   XXL
  </size>
  <color>
   Красный
  </color>
  <material>
   Нейлон
  </material>
  <price>
   621602
  </price>
  <rating>
   4.33
  </rating>
  <reviews>
   249187
  </reviews>
  <new>
   -
  </new>
  <exclusive>
   no
  </exclusive>
  <sporty>
   yes
  </sporty>
 </clothing>
 <clothing>
  <id>
   378072151
  </id>
  <name>
   Under Armour Pants T-8117
  </name>
  <category>
   Pants
  </category>
  <size>
   XXL
  </size>
  <color>
   Красный
  </color>
  <material>
   Лен
  </material>
  <price>
   790638
  </price>
  <rating>
   4.77
  </rating>
  <reviews>
   491411
  </reviews>
 </clothing>
 <clothing>
  <id>
   903316828
  </id>
  <name>
   New Balance Umbrellas X-5312
  </name>
  <category>
   Umbrellas
  </category>
  <size>
   XXL
  </size>
  <color>
   Красный
  </color>
  <material>
   Кожа
  </material>
  <price>
   284420
  </price>
  <rating>
   4.22
  </rating>
  <reviews>
   441177
  </reviews>
 </clothing>
 <clothing>
  <id>
   474409200
  </id>
  <name>
   Addidas Hat O-7038
  </name>
  <category>
   Hat
  </category>
  <size>
   XL
  </size>
  <color>
   Оранжевый
  </color>
  <material>
   Шелк
  </material>
  <price>
   435152
  </price>
  <rating>
   3.17
  </rating>
  <reviews>
   94600
  </reviews>
  <exclusive>
   no
  </exclusive>
  <sporty>
   yes
  </sporty>
 </clothing>
 <clothing>
  <id>
   782853056
  </id>
  <name>
   Brooks Umbrellas A-5379
  </name>
  <category>
   Umbrellas
  </category>
  <size>
   L
  </size>
  <color>
   Зеленый
  </color>
  <material>
   Вискоза
  </material>
  <price>
   476114
  </price>
  <rating>
   4.94
  </rating>
  <reviews>
   891914
  </reviews>
  <new>
   -
  </new>
  <exclusive>
   no
  </exclusive>
 </clothing>
 <clothing>
  <id>
   552142191
  </id>
  <name>
   Puma Umbrellas P-3912
  </name>
  <category>
   Umbrellas
  </category>
  <size>
   L
  </size>
  <color>
   Синий
  </color>
  <material>
   Нейлон
  </material>
  <price>
   392992
  </price>
  <rating>
   4.93
  </rating>
  <reviews>
   367189
  </reviews>
  <new>
   -
  </new>
 </clothing>
 <clothing>
  <id>
   385138977
  </id>
  <name>
   DC Gloves V-7142
  </name>
  <category>
   Gloves
  </category>
  <size>
   S
  </size>
  <color>
   Желтый
  </color>
  <material>
   Кожа
  </material>
  <price>
   943891
  </price>
  <rating>
   4.78
  </rating>
  <reviews>
   236638
  </reviews>
  <new>
   +
  </new>
  <exclusive>
   no
  </exclusive>
  <sporty>
   no
  </sporty>
 </clothing>
 <clothing>
  <id>
   789833041
  </id>
  <name>
   Nike Umbrellas P-5272
  </name>
  <category>
   Umbrellas
  </category>
  <size>
   S
  </size>
  <color>
   Синий
  </color>
  <material>
   Хлопок
  </material>
  <price>
   217645
  </price>
  <rating>
   4.75
  </rating>
  <reviews>
   275373
  </reviews>
  <exclusive>
   no
  </exclusive>
  <sporty>
   no
  </sporty>
 </clothing>
</clothing-items>
