<?xml version="1.0" encoding="utf-8"?>
<clothing-items>
 <clothing>
  <id>
   313710391
  </id>
  <name>
   Ellesse Skirt X-3684
  </name>
  <category>
   Skirt
  </category>
  <size>
   M
  </size>
  <color>
   Фиолетовый
  </color>
  <material>
   Полиэстер
  </material>
  <price>
   316788
  </price>
  <rating>
   2.09
  </rating>
  <reviews>
   886790
  </reviews>
  <exclusive>
   yes
  </exclusive>
  <sporty>
   no
  </sporty>
 </clothing>
 <clothing>
  <id>
   312029888
  </id>
  <name>
   Brooks Dress T-5888
  </name>
  <category>
   Dress
  </category>
  <size>
   S
  </size>
  <color>
   Голубой
  </color>
  <material>
   Хлопок
  </material>
  <price>
   401262
  </price>
  <rating>
   3.03
  </rating>
  <reviews>
   939635
  </reviews>
  <new>
   -
  </new>
  <exclusive>
   yes
  </exclusive>
 </clothing>
 <clothing>
  <id>
   607922926
  </id>
  <name>
   Adidas Shirt Q-8005
  </name>
  <category>
   Shirt
  </category>
  <size>
   S
  </size>
  <color>
   Фиолетовый
  </color>
  <material>
   Нейлон
  </material>
  <price>
   488888
  </price>
  <rating>
   1.52
  </rating>
  <reviews>
   176787
  </reviews>
 </clothing>
 <clothing>
  <id>
   874469362
  </id>
  <name>
   Converse Handbags G-7014
  </name>
  <category>
   Handbags
  </category>
  <size>
   S
  </size>
  <color>
   Желтый
  </color>
  <material>
   Шерсть
  </material>
  <price>
   583743
  </price>
  <rating>
   4.98
  </rating>
  <reviews>
   199685
  </reviews>
  <new>
   -
  </new>
  <exclusive>
   no
  </exclusive>
 </clothing>
 <clothing>
  <id>
   311853818
  </id>
  <name>
   Ellesse Blouse L-4951
  </name>
  <category>
   Blouse
  </category>
  <size>
   XXL
  </size>
  <color>
   Зеленый
  </color>
  <material>
   Хлопок
  </material>
  <price>
   678190
  </price>
  <rating>
   1.55
  </rating>
  <reviews>
   313860
  </reviews>
  <new>
   -
  </new>
  <exclusive>
   yes
  </exclusive>
  <sporty>
   yes
  </sporty>
 </clothing>
 <clothing>
  <id>
   483396546
  </id>
  <name>
   DC Shirt V-6134
  </name>
  <category>
   Shirt
  </category>
  <size>
   M
  </size>
  <color>
   Голубой
  </color>
  <material>
   Лен
  </material>
  <price>
   345297
  </price>
  <rating>
   1.62
  </rating>
  <reviews>
   935147
  </reviews>
  <new>
   -
  </new>
  <exclusive>
   no
  </exclusive>
  <sporty>
   no
  </sporty>
 </clothing>
 <clothing>
  <id>
   989799086
  </id>
  <name>
   Adidas Dress R-8916
  </name>
  <category>
   Dress
  </category>
  <size>
   XXL
  </size>
  <color>
   Желтый
  </color>
  <material>
   Шерсть
  </material>
  <price>
   690866
  </price>
  <rating>
   1.29
  </rating>
  <reviews>
   589262
  </reviews>
  <new>
   +
  </new>
  <exclusive>
   no
  </exclusive>
  <sporty>
   yes
  </sporty>
 </clothing>
 <clothing>
  <id>
   736494474
  </id>
  <name>
   Lacoste Shirt C-3979
  </name>
  <category>
   Shirt
  </category>
  <size>
   S
  </size>
  <color>
   Голубой
  </color>
  <material>
   Шерсть
  </material>
  <price>
   365569
  </price>
  <rating>
   3.04
  </rating>
  <reviews>
   402188
  </reviews>
  <new>
   -
  </new>
 </clothing>
 <clothing>
  <id>
   934932583
  </id>
  <name>
   Adidas Skirt I-5999
  </name>
  <category>
   Skirt
  </category>
  <size>
   XL
  </size>
  <color>
   Желтый
  </color>
  <material>
   Шелк
  </material>
  <price>
   576351
  </price>
  <rating>
   4.39
  </rating>
  <reviews>
   804386
  </reviews>
  <new>
   +
  </new>
  <sporty>
   yes
  </sporty>
 </clothing>
 <clothing>
  <id>
   502145002
  </id>
  <name>
   Converse Pants S-1141
  </name>
  <category>
   Pants
  </category>
  <size>
   M
  </size>
  <color>
   Фиолетовый
  </color>
  <material>
   Кожа
  </material>
  <price>
   774880
  </price>
  <rating>
   3.17
  </rating>
  <reviews>
   844749
  </reviews>
  <new>
   -
  </new>
  <sporty>
   yes
  </sporty>
 </clothing>
 <clothing>
  <id>
   155057190
  </id>
  <name>
   Lacoste Socks F-4258
  </name>
  <category>
   Socks
  </category>
  <size>
   M
  </size>
  <color>
   Оранжевый
  </color>
  <material>
   Шелк
  </material>
  <price>
   657751
  </price>
  <rating>
   4.1
  </rating>
  <reviews>
   528410
  </reviews>
  <exclusive>
   no
  </exclusive>
  <sporty>
   no
  </sporty>
 </clothing>
 <clothing>
  <id>
   651022492
  </id>
  <name>
   Under Armour Belts V-4133
  </name>
  <category>
   Belts
  </category>
  <size>
   XL
  </size>
  <color>
   Синий
  </color>
  <material>
   Шелк
  </material>
  <price>
   865832
  </price>
  <rating>
   3.54
  </rating>
  <reviews>
   786730
  </reviews>
  <new>
   +
  </new>
  <exclusive>
   no
  </exclusive>
 </clothing>
 <clothing>
  <id>
   103677310
  </id>
  <name>
   Nike T-shirt T-6086
  </name>
  <category>
   T-shirt
  </category>
  <size>
   L
  </size>
  <color>
   Красный
  </color>
  <material>
   Шерсть
  </material>
  <price>
   967951
  </price>
  <rating>
   1.48
  </rating>
  <reviews>
   748204
  </reviews>
  <exclusive>
   no
  </exclusive>
  <sporty>
   yes
  </sporty>
 </clothing>
 <clothing>
  <id>
   817152088
  </id>
  <name>
   Converse Gloves Z-9362
  </name>
  <category>
   Gloves
  </category>
  <size>
   M
  </size>
  <color>
   Оранжевый
  </color>
  <material>
   Вискоза
  </material>
  <price>
   452282
  </price>
  <rating>
   2.61
  </rating>
  <reviews>
   112310
  </reviews>
  <new>
   -
  </new>
  <exclusive>
   no
  </exclusive>
 </clothing>
 <clothing>
  <id>
   883581327
  </id>
  <name>
   PleinSport Socks S-7851
  </name>
  <category>
   Socks
  </category>
  <size>
   XXL
  </size>
  <color>
   Оранжевый
  </color>
  <material>
   Шерсть
  </material>
  <price>
   260759
  </price>
  <rating>
   4.3
  </rating>
  <reviews>
   459235
  </reviews>
  <exclusive>
   no
  </exclusive>
 </clothing>
 <clothing>
  <id>
   644587461
  </id>
  <name>
   Under Armour Sweater U-1998
  </name>
  <category>
   Sweater
  </category>
  <size>
   XXL
  </size>
  <color>
   Зеленый
  </color>
  <material>
   Вискоза
  </material>
  <price>
   279004
  </price>
  <rating>
   4.05
  </rating>
  <reviews>
   210233
  </reviews>
 </clothing>
 <clothing>
  <id>
   362976114
  </id>
  <name>
   Ellesse Dress K-5810
  </name>
  <category>
   Dress
  </category>
  <size>
   XL
  </size>
  <color>
   Синий
  </color>
  <material>
   Нейлон
  </material>
  <price>
   783579
  </price>
  <rating>
   2.31
  </rating>
  <reviews>
   567321
  </reviews>
  <new>
   -
  </new>
  <exclusive>
   yes
  </exclusive>
  <sporty>
   no
  </sporty>
 </clothing>
 <clothing>
  <id>
   539590358
  </id>
  <name>
   Asics Hat H-4331
  </name>
  <category>
   Hat
  </category>
  <size>
   L
  </size>
  <color>
   Фиолетовый
  </color>
  <material>
   Полиэстер
  </material>
  <price>
   604492
  </price>
  <rating>
   1.43
  </rating>
  <reviews>
   179145
  </reviews>
  <new>
   -
  </new>
  <exclusive>
   yes
  </exclusive>
 </clothing>
</clothing-items>
