<?xml version="1.0" encoding="utf-8"?>
<clothing-items>
 <clothing>
  <id>
   488828677
  </id>
  <name>
   Under Armour Skirt N-8910
  </name>
  <category>
   Skirt
  </category>
  <size>
   M
  </size>
  <color>
   Синий
  </color>
  <material>
   Вискоза
  </material>
  <price>
   588071
  </price>
  <rating>
   4.07
  </rating>
  <reviews>
   364870
  </reviews>
  <exclusive>
   no
  </exclusive>
  <sporty>
   no
  </sporty>
 </clothing>
 <clothing>
  <id>
   791497555
  </id>
  <name>
   Ellesse Belts U-8188
  </name>
  <category>
   Belts
  </category>
  <size>
   XL
  </size>
  <color>
   Фиолетовый
  </color>
  <material>
   Кожа
  </material>
  <price>
   816634
  </price>
  <rating>
   4.74
  </rating>
  <reviews>
   488733
  </reviews>
  <new>
   -
  </new>
  <exclusive>
   yes
  </exclusive>
  <sporty>
   no
  </sporty>
 </clothing>
 <clothing>
  <id>
   336391229
  </id>
  <name>
   Adidas Shoes H-1038
  </name>
  <category>
   Shoes
  </category>
  <size>
   S
  </size>
  <color>
   Фиолетовый
  </color>
  <material>
   Шерсть
  </material>
  <price>
   943145
  </price>
  <rating>
   2.89
  </rating>
  <reviews>
   367845
  </reviews>
  <new>
   +
  </new>
  <exclusive>
   yes
  </exclusive>
  <sporty>
   yes
  </sporty>
 </clothing>
 <clothing>
  <id>
   461407584
  </id>
  <name>
   Ellesse Skirt M-9579
  </name>
  <category>
   Skirt
  </category>
  <size>
   S
  </size>
  <color>
   Голубой
  </color>
  <material>
   Лен
  </material>
  <price>
   488045
  </price>
  <rating>
   3.61
  </rating>
  <reviews>
   240671
  </reviews>
  <new>
   -
  </new>
  <exclusive>
   no
  </exclusive>
 </clothing>
 <clothing>
  <id>
   342708214
  </id>
  <name>
   Ellesse Jeans Z-5298
  </name>
  <category>
   Jeans
  </category>
  <size>
   S
  </size>
  <color>
   Желтый
  </color>
  <material>
   Полиэстер
  </material>
  <price>
   618720
  </price>
  <rating>
   2.68
  </rating>
  <reviews>
   809336
  </reviews>
  <new>
   -
  </new>
  <exclusive>
   no
  </exclusive>
  <sporty>
   yes
  </sporty>
 </clothing>
 <clothing>
  <id>
   992028427
  </id>
  <name>
   Adidas Pants O-4788
  </name>
  <category>
   Pants
  </category>
  <size>
   M
  </size>
  <color>
   Желтый
  </color>
  <material>
   Шерсть
  </material>
  <price>
   442517
  </price>
  <rating>
   4.44
  </rating>
  <reviews>
   563869
  </reviews>
 </clothing>
 <clothing>
  <id>
   278823802
  </id>
  <name>
   Lacoste Handbags F-1208
  </name>
  <category>
   Handbags
  </category>
  <size>
   L
  </size>
  <color>
   Голубой
  </color>
  <material>
   Шерсть
  </material>
  <price>
   639755
  </price>
  <rating>
   4.92
  </rating>
  <reviews>
   734711
  </reviews>
  <new>
   +
  </new>
  <exclusive>
   no
  </exclusive>
 </clothing>
 <clothing>
  <id>
   778898281
  </id>
  <name>
   Nike Belts W-4588
  </name>
  <category>
   Belts
  </category>
  <size>
   M
  </size>
  <color>
   Оранжевый
  </color>
  <material>
   Шерсть
  </material>
  <price>
   124571
  </price>
  <rating>
   3.65
  </rating>
  <reviews>
   380530
  </reviews>
  <exclusive>
   no
  </exclusive>
  <sporty>
   yes
  </sporty>
 </clothing>
 <clothing>
  <id>
   119599695
  </id>
  <name>
   Asics Gloves H-1291
  </name>
  <category>
   Gloves
  </category>
  <size>
   S
  </size>
  <color>
   Фиолетовый
  </color>
  <material>
   Лен
  </material>
  <price>
   954474
  </price>
  <rating>
   4.08
  </rating>
  <reviews>
   261718
  </reviews>
  <sporty>
   no
  </sporty>
 </clothing>
 <clothing>
  <id>
   534217583
  </id>
  <name>
   Puma Pants A-4944
  </name>
  <category>
   Pants
  </category>
  <size>
   XL
  </size>
  <color>
   Синий
  </color>
  <material>
   Шелк
  </material>
  <price>
   182964
  </price>
  <rating>
   3.29
  </rating>
  <reviews>
   695362
  </reviews>
  <new>
   -
  </new>
  <exclusive>
   no
  </exclusive>
 </clothing>
 <clothing>
  <id>
   996523845
  </id>
  <name>
   Reebok Jeans W-5117
  </name>
  <category>
   Jeans
  </category>
  <size>
   XXL
  </size>
  <color>
   Синий
  </color>
  <material>
   Шерсть
  </material>
  <price>
   820107
  </price>
  <rating>
   2.16
  </rating>
  <reviews>
   826532
  </reviews>
 </clothing>
 <clothing>
  <id>
   549520233
  </id>
  <name>
   Lacoste Umbrellas R-4869
  </name>
  <category>
   Umbrellas
  </category>
  <size>
   M
  </size>
  <color>
   Голубой
  </color>
  <material>
   Вискоза
  </material>
  <price>
   331658
  </price>
  <rating>
   1.76
  </rating>
  <reviews>
   591720
  </reviews>
  <new>
   -
  </new>
  <exclusive>
   yes
  </exclusive>
 </clothing>
 <clothing>
  <id>
   761419752
  </id>
  <name>
   Converse Pants V-6480
  </name>
  <category>
   Pants
  </category>
  <size>
   S
  </size>
  <color>
   Голубой
  </color>
  <material>
   Полиэстер
  </material>
  <price>
   131857
  </price>
  <rating>
   3.87
  </rating>
  <reviews>
   329898
  </reviews>
  <exclusive>
   no
  </exclusive>
  <sporty>
   yes
  </sporty>
 </clothing>
 <clothing>
  <id>
   559739831
  </id>
  <name>
   Nike Jeans Z-9827
  </name>
  <category>
   Jeans
  </category>
  <size>
   S
  </size>
  <color>
   Оранжевый
  </color>
  <material>
   Нейлон
  </material>
  <price>
   951929
  </price>
  <rating>
   3.51
  </rating>
  <reviews>
   501108
  </reviews>
  <new>
   +
  </new>
  <sporty>
   yes
  </sporty>
 </clothing>
 <clothing>
  <id>
   820662043
  </id>
  <name>
   DC Gloves V-9173
  </name>
  <category>
   Gloves
  </category>
  <size>
   L
  </size>
  <color>
   Зеленый
  </color>
  <material>
   Лен
  </material>
  <price>
   618568
  </price>
  <rating>
   3.57
  </rating>
  <reviews>
   308250
  </reviews>
  <new>
   -
  </new>
  <sporty>
   no
  </sporty>
 </clothing>
 <clothing>
  <id>
   671665183
  </id>
  <name>
   Asics Dress Y-1163
  </name>
  <category>
   Dress
  </category>
  <size>
   S
  </size>
  <color>
   Желтый
  </color>
  <material>
   Кожа
  </material>
  <price>
   200200
  </price>
  <rating>
   1.56
  </rating>
  <reviews>
   203848
  </reviews>
  <new>
   +
  </new>
  <exclusive>
   yes
  </exclusive>
  <sporty>
   yes
  </sporty>
 </clothing>
 <clothing>
  <id>
   492307306
  </id>
  <name>
   Ellesse Skirt F-4681
  </name>
  <category>
   Skirt
  </category>
  <size>
   S
  </size>
  <color>
   Синий
  </color>
  <material>
   Шелк
  </material>
  <price>
   956207
  </price>
  <rating>
   4.07
  </rating>
  <reviews>
   912080
  </reviews>
  <new>
   -
  </new>
  <sporty>
   no
  </sporty>
 </clothing>
 <clothing>
  <id>
   318783080
  </id>
  <name>
   Addidas Shoes E-6499
  </name>
  <category>
   Shoes
  </category>
  <size>
   S
  </size>
  <color>
   Желтый
  </color>
  <material>
   Шелк
  </material>
  <price>
   406334
  </price>
  <rating>
   1.78
  </rating>
  <reviews>
   821881
  </reviews>
  <new>
   -
  </new>
  <exclusive>
   yes
  </exclusive>
 </clothing>
 <clothing>
  <id>
   720256992
  </id>
  <name>
   Brooks Shoes C-8703
  </name>
  <category>
   Shoes
  </category>
  <size>
   XXL
  </size>
  <color>
   Синий
  </color>
  <material>
   Лен
  </material>
  <price>
   280768
  </price>
  <rating>
   4.94
  </rating>
  <reviews>
   209205
  </reviews>
  <exclusive>
   no
  </exclusive>
  <sporty>
   no
  </sporty>
 </clothing>
 <clothing>
  <id>
   856856270
  </id>
  <name>
   Lacoste Skirt X-2759
  </name>
  <category>
   Skirt
  </category>
  <size>
   M
  </size>
  <color>
   Оранжевый
  </color>
  <material>
   Лен
  </material>
  <price>
   737798
  </price>
  <rating>
   2.99
  </rating>
  <reviews>
   798985
  </reviews>
  <exclusive>
   no
  </exclusive>
  <sporty>
   no
  </sporty>
 </clothing>
 <clothing>
  <id>
   237892978
  </id>
  <name>
   DC Shoes V-2828
  </name>
  <category>
   Shoes
  </category>
  <size>
   S
  </size>
  <color>
   Синий
  </color>
  <material>
   Шерсть
  </material>
  <price>
   705624
  </price>
  <rating>
   3.74
  </rating>
  <reviews>
   701998
  </reviews>
  <sporty>
   no
  </sporty>
 </clothing>
 <clothing>
  <id>
   976155897
  </id>
  <name>
   DC Blouse U-8980
  </name>
  <category>
   Blouse
  </category>
  <size>
   M
  </size>
  <color>
   Желтый
  </color>
  <material>
   Кожа
  </material>
  <price>
   677021
  </price>
  <rating>
   2.22
  </rating>
  <reviews>
   714847
  </reviews>
  <new>
   -
  </new>
  <exclusive>
   yes
  </exclusive>
  <sporty>
   no
  </sporty>
 </clothing>
 <clothing>
  <id>
   724323183
  </id>
  <name>
   New Balance Shoes U-8000
  </name>
  <category>
   Shoes
  </category>
  <size>
   M
  </size>
  <color>
   Оранжевый
  </color>
  <material>
   Лен
  </material>
  <price>
   721961
  </price>
  <rating>
   1.06
  </rating>
  <reviews>
   73827
  </reviews>
  <new>
   +
  </new>
  <exclusive>
   yes
  </exclusive>
  <sporty>
   no
  </sporty>
 </clothing>
 <clothing>
  <id>
   243610370
  </id>
  <name>
   DC Gloves J-4837
  </name>
  <category>
   Gloves
  </category>
  <size>
   S
  </size>
  <color>
   Голубой
  </color>
  <material>
   Вискоза
  </material>
  <price>
   602015
  </price>
  <rating>
   4.56
  </rating>
  <reviews>
   174170
  </reviews>
  <new>
   -
  </new>
  <exclusive>
   no
  </exclusive>
  <sporty>
   no
  </sporty>
 </clothing>
 <clothing>
  <id>
   762506094
  </id>
  <name>
   Asics Gloves E-8753
  </name>
  <category>
   Gloves
  </category>
  <size>
   L
  </size>
  <color>
   Желтый
  </color>
  <material>
   Лен
  </material>
  <price>
   966279
  </price>
  <rating>
   3.33
  </rating>
  <reviews>
   203881
  </reviews>
  <exclusive>
   no
  </exclusive>
  <sporty>
   no
  </sporty>
 </clothing>
 <clothing>
  <id>
   810397138
  </id>
  <name>
   Converse Pants M-7698
  </name>
  <category>
   Pants
  </category>
  <size>
   XXL
  </size>
  <color>
   Фиолетовый
  </color>
  <material>
   Кожа
  </material>
  <price>
   753227
  </price>
  <rating>
   2.36
  </rating>
  <reviews>
   868122
  </reviews>
  <new>
   -
  </new>
  <exclusive>
   no
  </exclusive>
  <sporty>
   no
  </sporty>
 </clothing>
 <clothing>
  <id>
   312196995
  </id>
  <name>
   Vans Umbrellas W-9666
  </name>
  <category>
   Umbrellas
  </category>
  <size>
   M
  </size>
  <color>
   Синий
  </color>
  <material>
   Хлопок
  </material>
  <price>
   135784
  </price>
  <rating>
   3.53
  </rating>
  <reviews>
   254649
  </reviews>
  <new>
   +
  </new>
  <exclusive>
   no
  </exclusive>
 </clothing>
 <clothing>
  <id>
   699653150
  </id>
  <name>
   Brooks Blouse L-2146
  </name>
  <category>
   Blouse
  </category>
  <size>
   M
  </size>
  <color>
   Красный
  </color>
  <material>
   Шерсть
  </material>
  <price>
   439559
  </price>
  <rating>
   4.55
  </rating>
  <reviews>
   336041
  </reviews>
  <new>
   -
  </new>
  <sporty>
   no
  </sporty>
 </clothing>
 <clothing>
  <id>
   139093689
  </id>
  <name>
   Ellesse Gloves O-9242
  </name>
  <category>
   Gloves
  </category>
  <size>
   M
  </size>
  <color>
   Желтый
  </color>
  <material>
   Полиэстер
  </material>
  <price>
   186203
  </price>
  <rating>
   3.26
  </rating>
  <reviews>
   116408
  </reviews>
  <new>
   +
  </new>
  <sporty>
   yes
  </sporty>
 </clothing>
 <clothing>
  <id>
   287753568
  </id>
  <name>
   Addidas Dress S-2803
  </name>
  <category>
   Dress
  </category>
  <size>
   L
  </size>
  <color>
   Синий
  </color>
  <material>
   Хлопок
  </material>
  <price>
   387823
  </price>
  <rating>
   1.68
  </rating>
  <reviews>
   518056
  </reviews>
 </clothing>
 <clothing>
  <id>
   171989373
  </id>
  <name>
   Lacoste Pants P-9952
  </name>
  <category>
   Pants
  </category>
  <size>
   S
  </size>
  <color>
   Красный
  </color>
  <material>
   Полиэстер
  </material>
  <price>
   521302
  </price>
  <rating>
   4.8
  </rating>
  <reviews>
   294407
  </reviews>
  <new>
   +
  </new>
  <sporty>
   no
  </sporty>
 </clothing>
 <clothing>
  <id>
   261181287
  </id>
  <name>
   Under Armour Pants Q-6482
  </name>
  <category>
   Pants
  </category>
  <size>
   S
  </size>
  <color>
   Красный
  </color>
  <material>
   Нейлон
  </material>
  <price>
   904550
  </price>
  <rating>
   1.64
  </rating>
  <reviews>
   77953
  </reviews>
  <new>
   -
  </new>
  <sporty>
   yes
  </sporty>
 </clothing>
 <clothing>
  <id>
   978924577
  </id>
  <name>
   Fila Jacket K-3041
  </name>
  <category>
   Jacket
  </category>
  <size>
   XL
  </size>
  <color>
   Зеленый
  </color>
  <material>
   Лен
  </material>
  <price>
   469257
  </price>
  <rating>
   4.02
  </rating>
  <reviews>
   904491
  </reviews>
  <new>
   +
  </new>
  <exclusive>
   no
  </exclusive>
  <sporty>
   yes
  </sporty>
 </clothing>
 <clothing>
  <id>
   376645403
  </id>
  <name>
   Reebok Umbrellas X-2448
  </name>
  <category>
   Umbrellas
  </category>
  <size>
   M
  </size>
  <color>
   Зеленый
  </color>
  <material>
   Полиэстер
  </material>
  <price>
   555203
  </price>
  <rating>
   2.93
  </rating>
  <reviews>
   524943
  </reviews>
  <new>
   +
  </new>
  <exclusive>
   yes
  </exclusive>
 </clothing>
 <clothing>
  <id>
   683232907
  </id>
  <name>
   PleinSport Sweater Z-8832
  </name>
  <category>
   Sweater
  </category>
  <size>
   XL
  </size>
  <color>
   Зеленый
  </color>
  <material>
   Вискоза
  </material>
  <price>
   592037
  </price>
  <rating>
   4.06
  </rating>
  <reviews>
   833484
  </reviews>
  <new>
   -
  </new>
 </clothing>
</clothing-items>
