<?xml version="1.0" encoding="utf-8"?>
<clothing-items>
 <clothing>
  <id>
   192260609
  </id>
  <name>
   Addidas Umbrellas L-7933
  </name>
  <category>
   Umbrellas
  </category>
  <size>
   S
  </size>
  <color>
   Оранжевый
  </color>
  <material>
   Полиэстер
  </material>
  <price>
   218978
  </price>
  <rating>
   3.32
  </rating>
  <reviews>
   590236
  </reviews>
  <new>
   -
  </new>
  <sporty>
   no
  </sporty>
 </clothing>
 <clothing>
  <id>
   577472696
  </id>
  <name>
   New Balance Blouse Z-5267
  </name>
  <category>
   Blouse
  </category>
  <size>
   XL
  </size>
  <color>
   Красный
  </color>
  <material>
   Полиэстер
  </material>
  <price>
   326364
  </price>
  <rating>
   1.84
  </rating>
  <reviews>
   65019
  </reviews>
  <new>
   -
  </new>
 </clothing>
 <clothing>
  <id>
   755356973
  </id>
  <name>
   New Balance Sweater O-4545
  </name>
  <category>
   Sweater
  </category>
  <size>
   XXL
  </size>
  <color>
   Фиолетовый
  </color>
  <material>
   Шерсть
  </material>
  <price>
   860535
  </price>
  <rating>
   3.66
  </rating>
  <reviews>
   205543
  </reviews>
 </clothing>
 <clothing>
  <id>
   180792608
  </id>
  <name>
   Addidas Dress N-2954
  </name>
  <category>
   Dress
  </category>
  <size>
   XL
  </size>
  <color>
   Синий
  </color>
  <material>
   Кожа
  </material>
  <price>
   217213
  </price>
  <rating>
   3.11
  </rating>
  <reviews>
   965861
  </reviews>
  <exclusive>
   yes
  </exclusive>
 </clothing>
 <clothing>
  <id>
   763382011
  </id>
  <name>
   Vans Shoes K-1041
  </name>
  <category>
   Shoes
  </category>
  <size>
   XL
  </size>
  <color>
   Голубой
  </color>
  <material>
   Вискоза
  </material>
  <price>
   117376
  </price>
  <rating>
   1.89
  </rating>
  <reviews>
   30694
  </reviews>
  <new>
   -
  </new>
  <sporty>
   yes
  </sporty>
 </clothing>
 <clothing>
  <id>
   162179762
  </id>
  <name>
   Puma Umbrellas T-5554
  </name>
  <category>
   Umbrellas
  </category>
  <size>
   XL
  </size>
  <color>
   Фиолетовый
  </color>
  <material>
   Шерсть
  </material>
  <price>
   314291
  </price>
  <rating>
   2.83
  </rating>
  <reviews>
   538923
  </reviews>
  <exclusive>
   yes
  </exclusive>
 </clothing>
 <clothing>
  <id>
   764833422
  </id>
  <name>
   Addidas Hat Z-9586
  </name>
  <category>
   Hat
  </category>
  <size>
   XL
  </size>
  <color>
   Зеленый
  </color>
  <material>
   Вискоза
  </material>
  <price>
   526978
  </price>
  <rating>
   2.23
  </rating>
  <reviews>
   515561
  </reviews>
 </clothing>
 <clothing>
  <id>
   141531423
  </id>
  <name>
   Nike Blouse J-6378
  </name>
  <category>
   Blouse
  </category>
  <size>
   XL
  </size>
  <color>
   Зеленый
  </color>
  <material>
   Вискоза
  </material>
  <price>
   530153
  </price>
  <rating>
   1.88
  </rating>
  <reviews>
   664334
  </reviews>
  <exclusive>
   no
  </exclusive>
  <sporty>
   no
  </sporty>
 </clothing>
 <clothing>
  <id>
   899333907
  </id>
  <name>
   Nike Shoes P-8938
  </name>
  <category>
   Shoes
  </category>
  <size>
   XXL
  </size>
  <color>
   Красный
  </color>
  <material>
   Шерсть
  </material>
  <price>
   211250
  </price>
  <rating>
   3.68
  </rating>
  <reviews>
   342603
  </reviews>
  <new>
   -
  </new>
  <exclusive>
   yes
  </exclusive>
  <sporty>
   no
  </sporty>
 </clothing>
 <clothing>
  <id>
   609729842
  </id>
  <name>
   DC Jeans M-6874
  </name>
  <category>
   Jeans
  </category>
  <size>
   S
  </size>
  <color>
   Синий
  </color>
  <material>
   Нейлон
  </material>
  <price>
   248373
  </price>
  <rating>
   1.52
  </rating>
  <reviews>
   373511
  </reviews>
  <new>
   -
  </new>
  <sporty>
   no
  </sporty>
 </clothing>
 <clothing>
  <id>
   724744712
  </id>
  <name>
   Brooks Skirt I-1261
  </name>
  <category>
   Skirt
  </category>
  <size>
   L
  </size>
  <color>
   Красный
  </color>
  <material>
   Шелк
  </material>
  <price>
   863050
  </price>
  <rating>
   4.21
  </rating>
  <reviews>
   692797
  </reviews>
  <exclusive>
   yes
  </exclusive>
 </clothing>
 <clothing>
  <id>
   892082458
  </id>
  <name>
   DC Pants A-8210
  </name>
  <category>
   Pants
  </category>
  <size>
   M
  </size>
  <color>
   Оранжевый
  </color>
  <material>
   Шелк
  </material>
  <price>
   197276
  </price>
  <rating>
   3.83
  </rating>
  <reviews>
   472573
  </reviews>
  <new>
   +
  </new>
 </clothing>
 <clothing>
  <id>
   876352073
  </id>
  <name>
   Puma Gloves B-8535
  </name>
  <category>
   Gloves
  </category>
  <size>
   M
  </size>
  <color>
   Синий
  </color>
  <material>
   Нейлон
  </material>
  <price>
   480221
  </price>
  <rating>
   4.72
  </rating>
  <reviews>
   722202
  </reviews>
 </clothing>
 <clothing>
  <id>
   120617026
  </id>
  <name>
   Nike Socks W-1872
  </name>
  <category>
   Socks
  </category>
  <size>
   L
  </size>
  <color>
   Фиолетовый
  </color>
  <material>
   Шелк
  </material>
  <price>
   955940
  </price>
  <rating>
   4.08
  </rating>
  <reviews>
   277721
  </reviews>
  <new>
   -
  </new>
  <sporty>
   no
  </sporty>
 </clothing>
 <clothing>
  <id>
   776493957
  </id>
  <name>
   Lacoste Handbags N-1400
  </name>
  <category>
   Handbags
  </category>
  <size>
   XXL
  </size>
  <color>
   Голубой
  </color>
  <material>
   Лен
  </material>
  <price>
   142714
  </price>
  <rating>
   1.58
  </rating>
  <reviews>
   534190
  </reviews>
  <sporty>
   yes
  </sporty>
 </clothing>
 <clothing>
  <id>
   238192930
  </id>
  <name>
   Reebok Umbrellas N-4092
  </name>
  <category>
   Umbrellas
  </category>
  <size>
   XXL
  </size>
  <color>
   Синий
  </color>
  <material>
   Нейлон
  </material>
  <price>
   388948
  </price>
  <rating>
   2.55
  </rating>
  <reviews>
   766072
  </reviews>
  <new>
   +
  </new>
 </clothing>
 <clothing>
  <id>
   973255265
  </id>
  <name>
   Fila Jacket M-4710
  </name>
  <category>
   Jacket
  </category>
  <size>
   XL
  </size>
  <color>
   Желтый
  </color>
  <material>
   Лен
  </material>
  <price>
   719232
  </price>
  <rating>
   1.97
  </rating>
  <reviews>
   889910
  </reviews>
  <sporty>
   yes
  </sporty>
 </clothing>
 <clothing>
  <id>
   685382424
  </id>
  <name>
   New Balance Shoes H-6959
  </name>
  <category>
   Shoes
  </category>
  <size>
   L
  </size>
  <color>
   Фиолетовый
  </color>
  <material>
   Шелк
  </material>
  <price>
   538481
  </price>
  <rating>
   2.77
  </rating>
  <reviews>
   589890
  </reviews>
  <exclusive>
   yes
  </exclusive>
 </clothing>
 <clothing>
  <id>
   470711857
  </id>
  <name>
   Adidas Gloves G-8659
  </name>
  <category>
   Gloves
  </category>
  <size>
   S
  </size>
  <color>
   Синий
  </color>
  <material>
   Шелк
  </material>
  <price>
   207448
  </price>
  <rating>
   3.13
  </rating>
  <reviews>
   282978
  </reviews>
  <new>
   -
  </new>
  <exclusive>
   yes
  </exclusive>
 </clothing>
 <clothing>
  <id>
   975347317
  </id>
  <name>
   New Balance Gloves U-7510
  </name>
  <category>
   Gloves
  </category>
  <size>
   XL
  </size>
  <color>
   Зеленый
  </color>
  <material>
   Хлопок
  </material>
  <price>
   733467
  </price>
  <rating>
   4.64
  </rating>
  <reviews>
   103275
  </reviews>
  <sporty>
   yes
  </sporty>
 </clothing>
 <clothing>
  <id>
   989576437
  </id>
  <name>
   Puma Belts B-8413
  </name>
  <category>
   Belts
  </category>
  <size>
   M
  </size>
  <color>
   Фиолетовый
  </color>
  <material>
   Полиэстер
  </material>
  <price>
   395568
  </price>
  <rating>
   4.25
  </rating>
  <reviews>
   259728
  </reviews>
  <new>
   -
  </new>
  <sporty>
   yes
  </sporty>
 </clothing>
 <clothing>
  <id>
   274081946
  </id>
  <name>
   Nike Shirt Y-7252
  </name>
  <category>
   Shirt
  </category>
  <size>
   XL
  </size>
  <color>
   Синий
  </color>
  <material>
   Нейлон
  </material>
  <price>
   637924
  </price>
  <rating>
   4.35
  </rating>
  <reviews>
   286050
  </reviews>
 </clothing>
 <clothing>
  <id>
   900852652
  </id>
  <name>
   Brooks Shirt U-4991
  </name>
  <category>
   Shirt
  </category>
  <size>
   S
  </size>
  <color>
   Голубой
  </color>
  <material>
   Шерсть
  </material>
  <price>
   666344
  </price>
  <rating>
   3.67
  </rating>
  <reviews>
   922731
  </reviews>
  <new>
   +
  </new>
  <exclusive>
   no
  </exclusive>
  <sporty>
   yes
  </sporty>
 </clothing>
 <clothing>
  <id>
   203012382
  </id>
  <name>
   Vans Hat Z-9824
  </name>
  <category>
   Hat
  </category>
  <size>
   L
  </size>
  <color>
   Оранжевый
  </color>
  <material>
   Шелк
  </material>
  <price>
   559561
  </price>
  <rating>
   4.69
  </rating>
  <reviews>
   427912
  </reviews>
  <new>
   +
  </new>
 </clothing>
 <clothing>
  <id>
   669803509
  </id>
  <name>
   PleinSport Handbags U-7153
  </name>
  <category>
   Handbags
  </category>
  <size>
   S
  </size>
  <color>
   Зеленый
  </color>
  <material>
   Нейлон
  </material>
  <price>
   513679
  </price>
  <rating>
   1.6
  </rating>
  <reviews>
   982474
  </reviews>
  <new>
   +
  </new>
  <exclusive>
   yes
  </exclusive>
  <sporty>
   no
  </sporty>
 </clothing>
 <clothing>
  <id>
   107716722
  </id>
  <name>
   Asics Jeans P-1302
  </name>
  <category>
   Jeans
  </category>
  <size>
   XXL
  </size>
  <color>
   Желтый
  </color>
  <material>
   Нейлон
  </material>
  <price>
   433229
  </price>
  <rating>
   2.51
  </rating>
  <reviews>
   435290
  </reviews>
  <exclusive>
   yes
  </exclusive>
  <sporty>
   no
  </sporty>
 </clothing>
 <clothing>
  <id>
   132722094
  </id>
  <name>
   Converse Gloves B-2556
  </name>
  <category>
   Gloves
  </category>
  <size>
   M
  </size>
  <color>
   Оранжевый
  </color>
  <material>
   Вискоза
  </material>
  <price>
   598634
  </price>
  <rating>
   4.48
  </rating>
  <reviews>
   267313
  </reviews>
  <exclusive>
   no
  </exclusive>
  <sporty>
   yes
  </sporty>
 </clothing>
 <clothing>
  <id>
   269721306
  </id>
  <name>
   DC Blouse N-5875
  </name>
  <category>
   Blouse
  </category>
  <size>
   XXL
  </size>
  <color>
   Голубой
  </color>
  <material>
   Лен
  </material>
  <price>
   440886
  </price>
  <rating>
   2.05
  </rating>
  <reviews>
   140337
  </reviews>
  <new>
   -
  </new>
  <exclusive>
   no
  </exclusive>
  <sporty>
   yes
  </sporty>
 </clothing>
 <clothing>
  <id>
   434882979
  </id>
  <name>
   Reebok Skirt N-5755
  </name>
  <category>
   Skirt
  </category>
  <size>
   L
  </size>
  <color>
   Синий
  </color>
  <material>
   Полиэстер
  </material>
  <price>
   685418
  </price>
  <rating>
   2.89
  </rating>
  <reviews>
   217906
  </reviews>
  <new>
   +
  </new>
  <sporty>
   no
  </sporty>
 </clothing>
 <clothing>
  <id>
   409552219
  </id>
  <name>
   Ellesse Blouse N-4680
  </name>
  <category>
   Blouse
  </category>
  <size>
   XL
  </size>
  <color>
   Желтый
  </color>
  <material>
   Нейлон
  </material>
  <price>
   387656
  </price>
  <rating>
   1.1
  </rating>
  <reviews>
   486866
  </reviews>
  <exclusive>
   no
  </exclusive>
 </clothing>
 <clothing>
  <id>
   412469499
  </id>
  <name>
   Puma Sweater J-7970
  </name>
  <category>
   Sweater
  </category>
  <size>
   L
  </size>
  <color>
   Желтый
  </color>
  <material>
   Нейлон
  </material>
  <price>
   690387
  </price>
  <rating>
   2.62
  </rating>
  <reviews>
   374071
  </reviews>
  <new>
   -
  </new>
 </clothing>
 <clothing>
  <id>
   528501921
  </id>
  <name>
   Fila Handbags Q-7360
  </name>
  <category>
   Handbags
  </category>
  <size>
   M
  </size>
  <color>
   Синий
  </color>
  <material>
   Кожа
  </material>
  <price>
   927293
  </price>
  <rating>
   4.38
  </rating>
  <reviews>
   161848
  </reviews>
  <new>
   -
  </new>
  <exclusive>
   no
  </exclusive>
  <sporty>
   no
  </sporty>
 </clothing>
 <clothing>
  <id>
   126833250
  </id>
  <name>
   PleinSport Gloves B-5648
  </name>
  <category>
   Gloves
  </category>
  <size>
   S
  </size>
  <color>
   Оранжевый
  </color>
  <material>
   Шерсть
  </material>
  <price>
   486315
  </price>
  <rating>
   4.55
  </rating>
  <reviews>
   449516
  </reviews>
  <new>
   -
  </new>
  <sporty>
   no
  </sporty>
 </clothing>
 <clothing>
  <id>
   607525509
  </id>
  <name>
   Adidas Jacket U-5647
  </name>
  <category>
   Jacket
  </category>
  <size>
   XL
  </size>
  <color>
   Красный
  </color>
  <material>
   Вискоза
  </material>
  <price>
   356129
  </price>
  <rating>
   2.64
  </rating>
  <reviews>
   215667
  </reviews>
  <exclusive>
   no
  </exclusive>
  <sporty>
   no
  </sporty>
 </clothing>
 <clothing>
  <id>
   690563131
  </id>
  <name>
   Vans Skirt T-8320
  </name>
  <category>
   Skirt
  </category>
  <size>
   M
  </size>
  <color>
   Желтый
  </color>
  <material>
   Кожа
  </material>
  <price>
   688092
  </price>
  <rating>
   2.55
  </rating>
  <reviews>
   342256
  </reviews>
  <new>
   +
  </new>
 </clothing>
 <clothing>
  <id>
   857460097
  </id>
  <name>
   Under Armour Umbrellas V-9856
  </name>
  <category>
   Umbrellas
  </category>
  <size>
   L
  </size>
  <color>
   Голубой
  </color>
  <material>
   Кожа
  </material>
  <price>
   461132
  </price>
  <rating>
   1.36
  </rating>
  <reviews>
   523102
  </reviews>
  <sporty>
   yes
  </sporty>
 </clothing>
 <clothing>
  <id>
   339730435
  </id>
  <name>
   Brooks Handbags Q-8022
  </name>
  <category>
   Handbags
  </category>
  <size>
   M
  </size>
  <color>
   Оранжевый
  </color>
  <material>
   Шелк
  </material>
  <price>
   544998
  </price>
  <rating>
   2.75
  </rating>
  <reviews>
   941386
  </reviews>
  <sporty>
   yes
  </sporty>
 </clothing>
 <clothing>
  <id>
   391817764
  </id>
  <name>
   Vans Belts U-1191
  </name>
  <category>
   Belts
  </category>
  <size>
   XXL
  </size>
  <color>
   Желтый
  </color>
  <material>
   Полиэстер
  </material>
  <price>
   701341
  </price>
  <rating>
   1.26
  </rating>
  <reviews>
   942113
  </reviews>
  <new>
   +
  </new>
  <exclusive>
   no
  </exclusive>
  <sporty>
   yes
  </sporty>
 </clothing>
 <clothing>
  <id>
   921203237
  </id>
  <name>
   Under Armour Belts Y-9582
  </name>
  <category>
   Belts
  </category>
  <size>
   XL
  </size>
  <color>
   Красный
  </color>
  <material>
   Кожа
  </material>
  <price>
   894226
  </price>
  <rating>
   3.55
  </rating>
  <reviews>
   621349
  </reviews>
  <new>
   +
  </new>
 </clothing>
 <clothing>
  <id>
   586932469
  </id>
  <name>
   New Balance Jacket B-9966
  </name>
  <category>
   Jacket
  </category>
  <size>
   XL
  </size>
  <color>
   Зеленый
  </color>
  <material>
   Полиэстер
  </material>
  <price>
   414466
  </price>
  <rating>
   1.39
  </rating>
  <reviews>
   265801
  </reviews>
  <new>
   -
  </new>
  <exclusive>
   no
  </exclusive>
  <sporty>
   yes
  </sporty>
 </clothing>
 <clothing>
  <id>
   839982266
  </id>
  <name>
   Asics Hat M-3403
  </name>
  <category>
   Hat
  </category>
  <size>
   XXL
  </size>
  <color>
   Зеленый
  </color>
  <material>
   Кожа
  </material>
  <price>
   981259
  </price>
  <rating>
   1.03
  </rating>
  <reviews>
   346848
  </reviews>
  <exclusive>
   yes
  </exclusive>
  <sporty>
   yes
  </sporty>
 </clothing>
 <clothing>
  <id>
   830228333
  </id>
  <name>
   Addidas Dress T-3565
  </name>
  <category>
   Dress
  </category>
  <size>
   L
  </size>
  <color>
   Желтый
  </color>
  <material>
   Хлопок
  </material>
  <price>
   790210
  </price>
  <rating>
   3.24
  </rating>
  <reviews>
   593280
  </reviews>
  <new>
   -
  </new>
  <sporty>
   no
  </sporty>
 </clothing>
 <clothing>
  <id>
   727287865
  </id>
  <name>
   Nike Blouse Y-7224
  </name>
  <category>
   Blouse
  </category>
  <size>
   XL
  </size>
  <color>
   Фиолетовый
  </color>
  <material>
   Лен
  </material>
  <price>
   781597
  </price>
  <rating>
   4.86
  </rating>
  <reviews>
   27168
  </reviews>
  <sporty>
   yes
  </sporty>
 </clothing>
 <clothing>
  <id>
   606195243
  </id>
  <name>
   Nike Shirt C-8772
  </name>
  <category>
   Shirt
  </category>
  <size>
   S
  </size>
  <color>
   Красный
  </color>
  <material>
   Вискоза
  </material>
  <price>
   457853
  </price>
  <rating>
   3.19
  </rating>
  <reviews>
   647123
  </reviews>
  <new>
   +
  </new>
 </clothing>
 <clothing>
  <id>
   635582721
  </id>
  <name>
   Vans Sweater Q-5404
  </name>
  <category>
   Sweater
  </category>
  <size>
   S
  </size>
  <color>
   Оранжевый
  </color>
  <material>
   Вискоза
  </material>
  <price>
   712322
  </price>
  <rating>
   4.08
  </rating>
  <reviews>
   838834
  </reviews>
  <exclusive>
   yes
  </exclusive>
  <sporty>
   yes
  </sporty>
 </clothing>
 <clothing>
  <id>
   297591057
  </id>
  <name>
   Addidas Dress F-5108
  </name>
  <category>
   Dress
  </category>
  <size>
   XL
  </size>
  <color>
   Желтый
  </color>
  <material>
   Лен
  </material>
  <price>
   101536
  </price>
  <rating>
   2.35
  </rating>
  <reviews>
   495755
  </reviews>
  <exclusive>
   yes
  </exclusive>
 </clothing>
 <clothing>
  <id>
   850565869
  </id>
  <name>
   Lacoste Jeans H-6811
  </name>
  <category>
   Jeans
  </category>
  <size>
   L
  </size>
  <color>
   Красный
  </color>
  <material>
   Нейлон
  </material>
  <price>
   868338
  </price>
  <rating>
   1.74
  </rating>
  <reviews>
   999082
  </reviews>
  <sporty>
   no
  </sporty>
 </clothing>
 <clothing>
  <id>
   895020926
  </id>
  <name>
   Adidas Dress Y-1095
  </name>
  <category>
   Dress
  </category>
  <size>
   M
  </size>
  <color>
   Синий
  </color>
  <material>
   Лен
  </material>
  <price>
   153592
  </price>
  <rating>
   4.92
  </rating>
  <reviews>
   482019
  </reviews>
  <new>
   +
  </new>
  <exclusive>
   no
  </exclusive>
 </clothing>
</clothing-items>
