<?xml version="1.0" encoding="utf-8"?>
<clothing-items>
 <clothing>
  <id>
   917198674
  </id>
  <name>
   Converse Umbrellas O-5624
  </name>
  <category>
   Umbrellas
  </category>
  <size>
   L
  </size>
  <color>
   Зеленый
  </color>
  <material>
   Полиэстер
  </material>
  <price>
   451688
  </price>
  <rating>
   2.04
  </rating>
  <reviews>
   515322
  </reviews>
  <new>
   -
  </new>
  <exclusive>
   no
  </exclusive>
  <sporty>
   no
  </sporty>
 </clothing>
 <clothing>
  <id>
   149315509
  </id>
  <name>
   Fila Socks V-8007
  </name>
  <category>
   Socks
  </category>
  <size>
   L
  </size>
  <color>
   Оранжевый
  </color>
  <material>
   Кожа
  </material>
  <price>
   536446
  </price>
  <rating>
   2.98
  </rating>
  <reviews>
   724113
  </reviews>
  <exclusive>
   no
  </exclusive>
 </clothing>
 <clothing>
  <id>
   120675398
  </id>
  <name>
   Fila Shoes J-2452
  </name>
  <category>
   Shoes
  </category>
  <size>
   S
  </size>
  <color>
   Голубой
  </color>
  <material>
   Кожа
  </material>
  <price>
   813778
  </price>
  <rating>
   2.02
  </rating>
  <reviews>
   531921
  </reviews>
 </clothing>
 <clothing>
  <id>
   429821523
  </id>
  <name>
   Ellesse Umbrellas X-2700
  </name>
  <category>
   Umbrellas
  </category>
  <size>
   XL
  </size>
  <color>
   Красный
  </color>
  <material>
   Вискоза
  </material>
  <price>
   651392
  </price>
  <rating>
   1.2
  </rating>
  <reviews>
   78575
  </reviews>
 </clothing>
 <clothing>
  <id>
   322001079
  </id>
  <name>
   Converse Belts T-7773
  </name>
  <category>
   Belts
  </category>
  <size>
   M
  </size>
  <color>
   Оранжевый
  </color>
  <material>
   Шерсть
  </material>
  <price>
   470643
  </price>
  <rating>
   1.78
  </rating>
  <reviews>
   195286
  </reviews>
  <exclusive>
   no
  </exclusive>
  <sporty>
   yes
  </sporty>
 </clothing>
 <clothing>
  <id>
   646275562
  </id>
  <name>
   Addidas Umbrellas P-5538
  </name>
  <category>
   Umbrellas
  </category>
  <size>
   S
  </size>
  <color>
   Синий
  </color>
  <material>
   Шелк
  </material>
  <price>
   682173
  </price>
  <rating>
   2.2
  </rating>
  <reviews>
   164012
  </reviews>
  <new>
   +
  </new>
  <sporty>
   yes
  </sporty>
 </clothing>
 <clothing>
  <id>
   888193842
  </id>
  <name>
   PleinSport Blouse G-4561
  </name>
  <category>
   Blouse
  </category>
  <size>
   XL
  </size>
  <color>
   Зеленый
  </color>
  <material>
   Полиэстер
  </material>
  <price>
   140680
  </price>
  <rating>
   4.35
  </rating>
  <reviews>
   270810
  </reviews>
 </clothing>
 <clothing>
  <id>
   781634134
  </id>
  <name>
   Reebok Jacket O-4032
  </name>
  <category>
   Jacket
  </category>
  <size>
   L
  </size>
  <color>
   Оранжевый
  </color>
  <material>
   Хлопок
  </material>
  <price>
   689941
  </price>
  <rating>
   3.37
  </rating>
  <reviews>
   535536
  </reviews>
  <exclusive>
   yes
  </exclusive>
  <sporty>
   no
  </sporty>
 </clothing>
 <clothing>
  <id>
   693333646
  </id>
  <name>
   Nike T-shirt X-5107
  </name>
  <category>
   T-shirt
  </category>
  <size>
   S
  </size>
  <color>
   Желтый
  </color>
  <material>
   Кожа
  </material>
  <price>
   466826
  </price>
  <rating>
   1.89
  </rating>
  <reviews>
   719117
  </reviews>
  <new>
   -
  </new>
  <sporty>
   yes
  </sporty>
 </clothing>
 <clothing>
  <id>
   699812725
  </id>
  <name>
   Asics Jacket L-8328
  </name>
  <category>
   Jacket
  </category>
  <size>
   M
  </size>
  <color>
   Синий
  </color>
  <material>
   Кожа
  </material>
  <price>
   738215
  </price>
  <rating>
   1.4
  </rating>
  <reviews>
   730529
  </reviews>
  <new>
   -
  </new>
  <exclusive>
   yes
  </exclusive>
  <sporty>
   no
  </sporty>
 </clothing>
 <clothing>
  <id>
   148847441
  </id>
  <name>
   Puma Jacket N-1124
  </name>
  <category>
   Jacket
  </category>
  <size>
   XL
  </size>
  <color>
   Красный
  </color>
  <material>
   Вискоза
  </material>
  <price>
   757132
  </price>
  <rating>
   1.02
  </rating>
  <reviews>
   937417
  </reviews>
  <exclusive>
   no
  </exclusive>
  <sporty>
   no
  </sporty>
 </clothing>
</clothing-items>
