<?xml version="1.0" encoding="utf-8"?>
<clothing-items>
 <clothing>
  <id>
   141259433
  </id>
  <name>
   Lacoste Gloves A-9879
  </name>
  <category>
   Gloves
  </category>
  <size>
   XXL
  </size>
  <color>
   Оранжевый
  </color>
  <material>
   Хлопок
  </material>
  <price>
   587963
  </price>
  <rating>
   4.49
  </rating>
  <reviews>
   128646
  </reviews>
  <exclusive>
   no
  </exclusive>
 </clothing>
 <clothing>
  <id>
   772342135
  </id>
  <name>
   Nike T-shirt X-7561
  </name>
  <category>
   T-shirt
  </category>
  <size>
   L
  </size>
  <color>
   Голубой
  </color>
  <material>
   Шерсть
  </material>
  <price>
   477739
  </price>
  <rating>
   3.25
  </rating>
  <reviews>
   186376
  </reviews>
  <new>
   -
  </new>
  <exclusive>
   yes
  </exclusive>
 </clothing>
 <clothing>
  <id>
   110114590
  </id>
  <name>
   Puma Handbags U-5990
  </name>
  <category>
   Handbags
  </category>
  <size>
   S
  </size>
  <color>
   Желтый
  </color>
  <material>
   Шелк
  </material>
  <price>
   635447
  </price>
  <rating>
   4.82
  </rating>
  <reviews>
   994452
  </reviews>
  <new>
   -
  </new>
  <sporty>
   yes
  </sporty>
 </clothing>
 <clothing>
  <id>
   120551205
  </id>
  <name>
   Nike Gloves C-6907
  </name>
  <category>
   Gloves
  </category>
  <size>
   M
  </size>
  <color>
   Оранжевый
  </color>
  <material>
   Кожа
  </material>
  <price>
   232864
  </price>
  <rating>
   2.15
  </rating>
  <reviews>
   273515
  </reviews>
  <new>
   -
  </new>
  <exclusive>
   yes
  </exclusive>
  <sporty>
   no
  </sporty>
 </clothing>
 <clothing>
  <id>
   503598829
  </id>
  <name>
   Nike Shirt E-6245
  </name>
  <category>
   Shirt
  </category>
  <size>
   M
  </size>
  <color>
   Фиолетовый
  </color>
  <material>
   Кожа
  </material>
  <price>
   638013
  </price>
  <rating>
   1.9
  </rating>
  <reviews>
   473427
  </reviews>
  <new>
   -
  </new>
  <exclusive>
   yes
  </exclusive>
 </clothing>
 <clothing>
  <id>
   140416015
  </id>
  <name>
   DC Skirt V-7727
  </name>
  <category>
   Skirt
  </category>
  <size>
   S
  </size>
  <color>
   Зеленый
  </color>
  <material>
   Полиэстер
  </material>
  <price>
   919384
  </price>
  <rating>
   2.14
  </rating>
  <reviews>
   308841
  </reviews>
  <sporty>
   yes
  </sporty>
 </clothing>
 <clothing>
  <id>
   799775544
  </id>
  <name>
   Reebok Belts P-3526
  </name>
  <category>
   Belts
  </category>
  <size>
   XXL
  </size>
  <color>
   Зеленый
  </color>
  <material>
   Шелк
  </material>
  <price>
   164772
  </price>
  <rating>
   1.86
  </rating>
  <reviews>
   782804
  </reviews>
  <new>
   -
  </new>
  <exclusive>
   no
  </exclusive>
  <sporty>
   yes
  </sporty>
 </clothing>
 <clothing>
  <id>
   550279296
  </id>
  <name>
   New Balance T-shirt M-6997
  </name>
  <category>
   T-shirt
  </category>
  <size>
   XXL
  </size>
  <color>
   Фиолетовый
  </color>
  <material>
   Хлопок
  </material>
  <price>
   949669
  </price>
  <rating>
   4.0
  </rating>
  <reviews>
   375056
  </reviews>
 </clothing>
 <clothing>
  <id>
   642928734
  </id>
  <name>
   Vans Sweater E-6241
  </name>
  <category>
   Sweater
  </category>
  <size>
   S
  </size>
  <color>
   Фиолетовый
  </color>
  <material>
   Кожа
  </material>
  <price>
   465271
  </price>
  <rating>
   1.51
  </rating>
  <reviews>
   866822
  </reviews>
  <new>
   +
  </new>
  <exclusive>
   no
  </exclusive>
  <sporty>
   yes
  </sporty>
 </clothing>
 <clothing>
  <id>
   734199554
  </id>
  <name>
   New Balance Handbags R-6348
  </name>
  <category>
   Handbags
  </category>
  <size>
   XL
  </size>
  <color>
   Голубой
  </color>
  <material>
   Хлопок
  </material>
  <price>
   485035
  </price>
  <rating>
   2.19
  </rating>
  <reviews>
   379362
  </reviews>
  <exclusive>
   yes
  </exclusive>
  <sporty>
   yes
  </sporty>
 </clothing>
 <clothing>
  <id>
   263046997
  </id>
  <name>
   Lacoste Hat A-2897
  </name>
  <category>
   Hat
  </category>
  <size>
   S
  </size>
  <color>
   Красный
  </color>
  <material>
   Вискоза
  </material>
  <price>
   159035
  </price>
  <rating>
   1.82
  </rating>
  <reviews>
   611451
  </reviews>
  <new>
   -
  </new>
 </clothing>
 <clothing>
  <id>
   642159406
  </id>
  <name>
   Adidas Belts V-4326
  </name>
  <category>
   Belts
  </category>
  <size>
   XL
  </size>
  <color>
   Оранжевый
  </color>
  <material>
   Хлопок
  </material>
  <price>
   915681
  </price>
  <rating>
   1.92
  </rating>
  <reviews>
   446912
  </reviews>
  <new>
   -
  </new>
  <exclusive>
   no
  </exclusive>
 </clothing>
 <clothing>
  <id>
   636752359
  </id>
  <name>
   Reebok Jacket Q-4326
  </name>
  <category>
   Jacket
  </category>
  <size>
   M
  </size>
  <color>
   Красный
  </color>
  <material>
   Нейлон
  </material>
  <price>
   208654
  </price>
  <rating>
   4.79
  </rating>
  <reviews>
   790196
  </reviews>
  <sporty>
   no
  </sporty>
 </clothing>
 <clothing>
  <id>
   909030023
  </id>
  <name>
   Reebok T-shirt D-2187
  </name>
  <category>
   T-shirt
  </category>
  <size>
   L
  </size>
  <color>
   Оранжевый
  </color>
  <material>
   Хлопок
  </material>
  <price>
   704730
  </price>
  <rating>
   3.53
  </rating>
  <reviews>
   806665
  </reviews>
  <new>
   -
  </new>
  <exclusive>
   no
  </exclusive>
  <sporty>
   no
  </sporty>
 </clothing>
 <clothing>
  <id>
   131039158
  </id>
  <name>
   Lacoste Skirt E-7074
  </name>
  <category>
   Skirt
  </category>
  <size>
   XXL
  </size>
  <color>
   Оранжевый
  </color>
  <material>
   Шерсть
  </material>
  <price>
   379306
  </price>
  <rating>
   2.37
  </rating>
  <reviews>
   821894
  </reviews>
  <sporty>
   yes
  </sporty>
 </clothing>
 <clothing>
  <id>
   359253503
  </id>
  <name>
   New Balance Gloves L-4819
  </name>
  <category>
   Gloves
  </category>
  <size>
   S
  </size>
  <color>
   Фиолетовый
  </color>
  <material>
   Нейлон
  </material>
  <price>
   182639
  </price>
  <rating>
   2.85
  </rating>
  <reviews>
   959856
  </reviews>
  <exclusive>
   yes
  </exclusive>
  <sporty>
   yes
  </sporty>
 </clothing>
 <clothing>
  <id>
   593810640
  </id>
  <name>
   DC Jacket X-6922
  </name>
  <category>
   Jacket
  </category>
  <size>
   L
  </size>
  <color>
   Желтый
  </color>
  <material>
   Полиэстер
  </material>
  <price>
   895601
  </price>
  <rating>
   4.63
  </rating>
  <reviews>
   668958
  </reviews>
  <new>
   +
  </new>
 </clothing>
 <clothing>
  <id>
   114115055
  </id>
  <name>
   Puma T-shirt N-1125
  </name>
  <category>
   T-shirt
  </category>
  <size>
   M
  </size>
  <color>
   Фиолетовый
  </color>
  <material>
   Хлопок
  </material>
  <price>
   414303
  </price>
  <rating>
   2.65
  </rating>
  <reviews>
   917071
  </reviews>
  <new>
   -
  </new>
  <sporty>
   yes
  </sporty>
 </clothing>
 <clothing>
  <id>
   919438062
  </id>
  <name>
   Asics Blouse F-2435
  </name>
  <category>
   Blouse
  </category>
  <size>
   XXL
  </size>
  <color>
   Фиолетовый
  </color>
  <material>
   Шелк
  </material>
  <price>
   989820
  </price>
  <rating>
   3.78
  </rating>
  <reviews>
   55185
  </reviews>
  <exclusive>
   no
  </exclusive>
 </clothing>
 <clothing>
  <id>
   706745216
  </id>
  <name>
   Adidas Blouse O-5735
  </name>
  <category>
   Blouse
  </category>
  <size>
   XL
  </size>
  <color>
   Желтый
  </color>
  <material>
   Шелк
  </material>
  <price>
   674707
  </price>
  <rating>
   3.65
  </rating>
  <reviews>
   158821
  </reviews>
  <sporty>
   yes
  </sporty>
 </clothing>
 <clothing>
  <id>
   294967294
  </id>
  <name>
   Vans Sweater U-5705
  </name>
  <category>
   Sweater
  </category>
  <size>
   S
  </size>
  <color>
   Зеленый
  </color>
  <material>
   Полиэстер
  </material>
  <price>
   851335
  </price>
  <rating>
   1.25
  </rating>
  <reviews>
   506104
  </reviews>
  <exclusive>
   no
  </exclusive>
  <sporty>
   no
  </sporty>
 </clothing>
 <clothing>
  <id>
   451125181
  </id>
  <name>
   Under Armour Sweater P-3195
  </name>
  <category>
   Sweater
  </category>
  <size>
   S
  </size>
  <color>
   Красный
  </color>
  <material>
   Шерсть
  </material>
  <price>
   708504
  </price>
  <rating>
   2.29
  </rating>
  <reviews>
   519807
  </reviews>
  <exclusive>
   yes
  </exclusive>
  <sporty>
   yes
  </sporty>
 </clothing>
</clothing-items>
