<?xml version="1.0" encoding="utf-8"?>
<clothing-items>
 <clothing>
  <id>
   172792440
  </id>
  <name>
   Fila Skirt V-9789
  </name>
  <category>
   Skirt
  </category>
  <size>
   S
  </size>
  <color>
   Фиолетовый
  </color>
  <material>
   Вискоза
  </material>
  <price>
   127000
  </price>
  <rating>
   2.2
  </rating>
  <reviews>
   181651
  </reviews>
  <exclusive>
   yes
  </exclusive>
  <sporty>
   yes
  </sporty>
 </clothing>
 <clothing>
  <id>
   588040461
  </id>
  <name>
   Asics Hat T-5510
  </name>
  <category>
   Hat
  </category>
  <size>
   L
  </size>
  <color>
   Голубой
  </color>
  <material>
   Шерсть
  </material>
  <price>
   489743
  </price>
  <rating>
   2.12
  </rating>
  <reviews>
   667447
  </reviews>
  <sporty>
   no
  </sporty>
 </clothing>
 <clothing>
  <id>
   502027742
  </id>
  <name>
   Adidas Jeans I-9173
  </name>
  <category>
   Jeans
  </category>
  <size>
   M
  </size>
  <color>
   Оранжевый
  </color>
  <material>
   Вискоза
  </material>
  <price>
   801910
  </price>
  <rating>
   2.99
  </rating>
  <reviews>
   323349
  </reviews>
  <exclusive>
   no
  </exclusive>
  <sporty>
   yes
  </sporty>
 </clothing>
 <clothing>
  <id>
   447392140
  </id>
  <name>
   Nike Umbrellas E-5445
  </name>
  <category>
   Umbrellas
  </category>
  <size>
   XL
  </size>
  <color>
   Оранжевый
  </color>
  <material>
   Шерсть
  </material>
  <price>
   246881
  </price>
  <rating>
   2.07
  </rating>
  <reviews>
   575213
  </reviews>
  <sporty>
   yes
  </sporty>
 </clothing>
 <clothing>
  <id>
   488557257
  </id>
  <name>
   Puma Pants B-6554
  </name>
  <category>
   Pants
  </category>
  <size>
   XL
  </size>
  <color>
   Синий
  </color>
  <material>
   Вискоза
  </material>
  <price>
   900103
  </price>
  <rating>
   3.19
  </rating>
  <reviews>
   124311
  </reviews>
  <new>
   -
  </new>
 </clothing>
 <clothing>
  <id>
   183641424
  </id>
  <name>
   Nike Dress B-9319
  </name>
  <category>
   Dress
  </category>
  <size>
   XXL
  </size>
  <color>
   Голубой
  </color>
  <material>
   Нейлон
  </material>
  <price>
   311704
  </price>
  <rating>
   3.84
  </rating>
  <reviews>
   287090
  </reviews>
 </clothing>
 <clothing>
  <id>
   791182582
  </id>
  <name>
   Puma Shirt F-7697
  </name>
  <category>
   Shirt
  </category>
  <size>
   S
  </size>
  <color>
   Оранжевый
  </color>
  <material>
   Нейлон
  </material>
  <price>
   360334
  </price>
  <rating>
   1.67
  </rating>
  <reviews>
   45680
  </reviews>
  <new>
   +
  </new>
  <sporty>
   no
  </sporty>
 </clothing>
 <clothing>
  <id>
   373456217
  </id>
  <name>
   Nike Shoes N-7734
  </name>
  <category>
   Shoes
  </category>
  <size>
   XL
  </size>
  <color>
   Зеленый
  </color>
  <material>
   Шерсть
  </material>
  <price>
   815147
  </price>
  <rating>
   2.67
  </rating>
  <reviews>
   550619
  </reviews>
  <exclusive>
   no
  </exclusive>
  <sporty>
   no
  </sporty>
 </clothing>
 <clothing>
  <id>
   650160562
  </id>
  <name>
   DC Socks W-1686
  </name>
  <category>
   Socks
  </category>
  <size>
   L
  </size>
  <color>
   Фиолетовый
  </color>
  <material>
   Полиэстер
  </material>
  <price>
   775617
  </price>
  <rating>
   2.79
  </rating>
  <reviews>
   583973
  </reviews>
  <new>
   +
  </new>
  <sporty>
   yes
  </sporty>
 </clothing>
 <clothing>
  <id>
   568137642
  </id>
  <name>
   Fila T-shirt X-6688
  </name>
  <category>
   T-shirt
  </category>
  <size>
   L
  </size>
  <color>
   Красный
  </color>
  <material>
   Полиэстер
  </material>
  <price>
   426050
  </price>
  <rating>
   1.38
  </rating>
  <reviews>
   474966
  </reviews>
  <new>
   -
  </new>
  <exclusive>
   no
  </exclusive>
 </clothing>
 <clothing>
  <id>
   622859341
  </id>
  <name>
   New Balance Hat J-7004
  </name>
  <category>
   Hat
  </category>
  <size>
   XXL
  </size>
  <color>
   Красный
  </color>
  <material>
   Хлопок
  </material>
  <price>
   381613
  </price>
  <rating>
   4.04
  </rating>
  <reviews>
   535654
  </reviews>
  <new>
   +
  </new>
  <exclusive>
   yes
  </exclusive>
 </clothing>
 <clothing>
  <id>
   368637025
  </id>
  <name>
   Adidas T-shirt A-5138
  </name>
  <category>
   T-shirt
  </category>
  <size>
   L
  </size>
  <color>
   Синий
  </color>
  <material>
   Нейлон
  </material>
  <price>
   321210
  </price>
  <rating>
   3.68
  </rating>
  <reviews>
   799516
  </reviews>
  <new>
   +
  </new>
  <exclusive>
   no
  </exclusive>
  <sporty>
   no
  </sporty>
 </clothing>
 <clothing>
  <id>
   506295687
  </id>
  <name>
   Addidas Handbags K-1586
  </name>
  <category>
   Handbags
  </category>
  <size>
   M
  </size>
  <color>
   Красный
  </color>
  <material>
   Лен
  </material>
  <price>
   503644
  </price>
  <rating>
   3.1
  </rating>
  <reviews>
   122301
  </reviews>
  <new>
   +
  </new>
  <exclusive>
   yes
  </exclusive>
  <sporty>
   yes
  </sporty>
 </clothing>
 <clothing>
  <id>
   378260689
  </id>
  <name>
   Adidas Jeans P-6248
  </name>
  <category>
   Jeans
  </category>
  <size>
   XXL
  </size>
  <color>
   Красный
  </color>
  <material>
   Хлопок
  </material>
  <price>
   449978
  </price>
  <rating>
   2.75
  </rating>
  <reviews>
   927187
  </reviews>
  <new>
   +
  </new>
  <exclusive>
   no
  </exclusive>
 </clothing>
 <clothing>
  <id>
   669757222
  </id>
  <name>
   Lacoste Gloves E-3676
  </name>
  <category>
   Gloves
  </category>
  <size>
   XL
  </size>
  <color>
   Фиолетовый
  </color>
  <material>
   Шелк
  </material>
  <price>
   734757
  </price>
  <rating>
   3.79
  </rating>
  <reviews>
   363788
  </reviews>
  <new>
   -
  </new>
 </clothing>
 <clothing>
  <id>
   606896271
  </id>
  <name>
   Ellesse Socks S-4795
  </name>
  <category>
   Socks
  </category>
  <size>
   S
  </size>
  <color>
   Фиолетовый
  </color>
  <material>
   Лен
  </material>
  <price>
   129530
  </price>
  <rating>
   4.48
  </rating>
  <reviews>
   181406
  </reviews>
  <exclusive>
   yes
  </exclusive>
 </clothing>
 <clothing>
  <id>
   408522957
  </id>
  <name>
   Addidas Skirt N-6141
  </name>
  <category>
   Skirt
  </category>
  <size>
   XXL
  </size>
  <color>
   Красный
  </color>
  <material>
   Шелк
  </material>
  <price>
   527218
  </price>
  <rating>
   3.87
  </rating>
  <reviews>
   255929
  </reviews>
  <new>
   -
  </new>
  <exclusive>
   no
  </exclusive>
  <sporty>
   no
  </sporty>
 </clothing>
 <clothing>
  <id>
   810003930
  </id>
  <name>
   Under Armour Gloves L-5225
  </name>
  <category>
   Gloves
  </category>
  <size>
   XXL
  </size>
  <color>
   Голубой
  </color>
  <material>
   Нейлон
  </material>
  <price>
   798617
  </price>
  <rating>
   4.34
  </rating>
  <reviews>
   482459
  </reviews>
  <new>
   -
  </new>
  <sporty>
   yes
  </sporty>
 </clothing>
 <clothing>
  <id>
   765653711
  </id>
  <name>
   Addidas Sweater V-4033
  </name>
  <category>
   Sweater
  </category>
  <size>
   XXL
  </size>
  <color>
   Желтый
  </color>
  <material>
   Полиэстер
  </material>
  <price>
   731638
  </price>
  <rating>
   3.8
  </rating>
  <reviews>
   350419
  </reviews>
  <sporty>
   no
  </sporty>
 </clothing>
 <clothing>
  <id>
   585759813
  </id>
  <name>
   Under Armour Dress W-8358
  </name>
  <category>
   Dress
  </category>
  <size>
   XL
  </size>
  <color>
   Красный
  </color>
  <material>
   Лен
  </material>
  <price>
   525181
  </price>
  <rating>
   1.52
  </rating>
  <reviews>
   951124
  </reviews>
  <exclusive>
   no
  </exclusive>
 </clothing>
 <clothing>
  <id>
   257284815
  </id>
  <name>
   PleinSport Dress A-5568
  </name>
  <category>
   Dress
  </category>
  <size>
   M
  </size>
  <color>
   Желтый
  </color>
  <material>
   Полиэстер
  </material>
  <price>
   326025
  </price>
  <rating>
   2.52
  </rating>
  <reviews>
   695982
  </reviews>
  <sporty>
   yes
  </sporty>
 </clothing>
 <clothing>
  <id>
   596861708
  </id>
  <name>
   Ellesse Hat H-8901
  </name>
  <category>
   Hat
  </category>
  <size>
   XXL
  </size>
  <color>
   Оранжевый
  </color>
  <material>
   Хлопок
  </material>
  <price>
   349207
  </price>
  <rating>
   4.87
  </rating>
  <reviews>
   475091
  </reviews>
  <new>
   -
  </new>
  <sporty>
   yes
  </sporty>
 </clothing>
 <clothing>
  <id>
   124745901
  </id>
  <name>
   Reebok Shoes X-8638
  </name>
  <category>
   Shoes
  </category>
  <size>
   S
  </size>
  <color>
   Зеленый
  </color>
  <material>
   Полиэстер
  </material>
  <price>
   131942
  </price>
  <rating>
   1.67
  </rating>
  <reviews>
   793417
  </reviews>
  <new>
   -
  </new>
  <exclusive>
   yes
  </exclusive>
  <sporty>
   yes
  </sporty>
 </clothing>
 <clothing>
  <id>
   439554333
  </id>
  <name>
   Converse Jeans I-2724
  </name>
  <category>
   Jeans
  </category>
  <size>
   XL
  </size>
  <color>
   Зеленый
  </color>
  <material>
   Хлопок
  </material>
  <price>
   173807
  </price>
  <rating>
   1.89
  </rating>
  <reviews>
   466951
  </reviews>
  <new>
   +
  </new>
  <exclusive>
   yes
  </exclusive>
 </clothing>
 <clothing>
  <id>
   133984902
  </id>
  <name>
   New Balance Shirt D-4972
  </name>
  <category>
   Shirt
  </category>
  <size>
   L
  </size>
  <color>
   Синий
  </color>
  <material>
   Вискоза
  </material>
  <price>
   976011
  </price>
  <rating>
   3.16
  </rating>
  <reviews>
   548805
  </reviews>
  <exclusive>
   yes
  </exclusive>
 </clothing>
 <clothing>
  <id>
   349659845
  </id>
  <name>
   Adidas Jacket T-7813
  </name>
  <category>
   Jacket
  </category>
  <size>
   XXL
  </size>
  <color>
   Зеленый
  </color>
  <material>
   Шелк
  </material>
  <price>
   309293
  </price>
  <rating>
   4.96
  </rating>
  <reviews>
   416600
  </reviews>
  <new>
   +
  </new>
  <exclusive>
   no
  </exclusive>
  <sporty>
   no
  </sporty>
 </clothing>
 <clothing>
  <id>
   870254791
  </id>
  <name>
   Adidas Socks Y-3844
  </name>
  <category>
   Socks
  </category>
  <size>
   L
  </size>
  <color>
   Фиолетовый
  </color>
  <material>
   Шерсть
  </material>
  <price>
   883570
  </price>
  <rating>
   4.54
  </rating>
  <reviews>
   60669
  </reviews>
  <sporty>
   yes
  </sporty>
 </clothing>
 <clothing>
  <id>
   521892428
  </id>
  <name>
   Addidas Jacket A-7446
  </name>
  <category>
   Jacket
  </category>
  <size>
   XL
  </size>
  <color>
   Голубой
  </color>
  <material>
   Вискоза
  </material>
  <price>
   895265
  </price>
  <rating>
   1.96
  </rating>
  <reviews>
   54680
  </reviews>
  <new>
   -
  </new>
 </clothing>
 <clothing>
  <id>
   898837802
  </id>
  <name>
   Asics Pants R-4514
  </name>
  <category>
   Pants
  </category>
  <size>
   S
  </size>
  <color>
   Фиолетовый
  </color>
  <material>
   Кожа
  </material>
  <price>
   254552
  </price>
  <rating>
   1.63
  </rating>
  <reviews>
   753316
  </reviews>
  <exclusive>
   yes
  </exclusive>
  <sporty>
   no
  </sporty>
 </clothing>
 <clothing>
  <id>
   238810806
  </id>
  <name>
   DC Jacket S-5531
  </name>
  <category>
   Jacket
  </category>
  <size>
   M
  </size>
  <color>
   Оранжевый
  </color>
  <material>
   Хлопок
  </material>
  <price>
   476303
  </price>
  <rating>
   4.72
  </rating>
  <reviews>
   423115
  </reviews>
  <exclusive>
   no
  </exclusive>
  <sporty>
   no
  </sporty>
 </clothing>
 <clothing>
  <id>
   195473559
  </id>
  <name>
   DC Skirt R-3566
  </name>
  <category>
   Skirt
  </category>
  <size>
   XXL
  </size>
  <color>
   Желтый
  </color>
  <material>
   Шерсть
  </material>
  <price>
   697014
  </price>
  <rating>
   2.89
  </rating>
  <reviews>
   982781
  </reviews>
  <new>
   +
  </new>
  <exclusive>
   no
  </exclusive>
  <sporty>
   no
  </sporty>
 </clothing>
 <clothing>
  <id>
   361624174
  </id>
  <name>
   Under Armour Handbags G-4447
  </name>
  <category>
   Handbags
  </category>
  <size>
   M
  </size>
  <color>
   Фиолетовый
  </color>
  <material>
   Шерсть
  </material>
  <price>
   690741
  </price>
  <rating>
   1.04
  </rating>
  <reviews>
   8770
  </reviews>
  <new>
   -
  </new>
  <exclusive>
   no
  </exclusive>
  <sporty>
   yes
  </sporty>
 </clothing>
 <clothing>
  <id>
   808093541
  </id>
  <name>
   DC Jacket E-6209
  </name>
  <category>
   Jacket
  </category>
  <size>
   XXL
  </size>
  <color>
   Красный
  </color>
  <material>
   Шерсть
  </material>
  <price>
   467115
  </price>
  <rating>
   1.0
  </rating>
  <reviews>
   768928
  </reviews>
  <new>
   -
  </new>
  <sporty>
   yes
  </sporty>
 </clothing>
 <clothing>
  <id>
   665143340
  </id>
  <name>
   Reebok Belts V-2485
  </name>
  <category>
   Belts
  </category>
  <size>
   L
  </size>
  <color>
   Зеленый
  </color>
  <material>
   Шелк
  </material>
  <price>
   814715
  </price>
  <rating>
   1.4
  </rating>
  <reviews>
   47837
  </reviews>
  <exclusive>
   yes
  </exclusive>
  <sporty>
   yes
  </sporty>
 </clothing>
 <clothing>
  <id>
   467435344
  </id>
  <name>
   Nike Hat L-6014
  </name>
  <category>
   Hat
  </category>
  <size>
   XL
  </size>
  <color>
   Голубой
  </color>
  <material>
   Кожа
  </material>
  <price>
   159929
  </price>
  <rating>
   4.27
  </rating>
  <reviews>
   205921
  </reviews>
  <exclusive>
   no
  </exclusive>
  <sporty>
   no
  </sporty>
 </clothing>
 <clothing>
  <id>
   126157278
  </id>
  <name>
   Lacoste Belts Z-4915
  </name>
  <category>
   Belts
  </category>
  <size>
   S
  </size>
  <color>
   Фиолетовый
  </color>
  <material>
   Полиэстер
  </material>
  <price>
   509974
  </price>
  <rating>
   4.56
  </rating>
  <reviews>
   285988
  </reviews>
  <new>
   -
  </new>
 </clothing>
 <clothing>
  <id>
   421220126
  </id>
  <name>
   Fila Shirt X-1703
  </name>
  <category>
   Shirt
  </category>
  <size>
   S
  </size>
  <color>
   Оранжевый
  </color>
  <material>
   Нейлон
  </material>
  <price>
   936541
  </price>
  <rating>
   2.72
  </rating>
  <reviews>
   873978
  </reviews>
  <new>
   +
  </new>
  <exclusive>
   no
  </exclusive>
  <sporty>
   no
  </sporty>
 </clothing>
 <clothing>
  <id>
   858854066
  </id>
  <name>
   New Balance Blouse V-6171
  </name>
  <category>
   Blouse
  </category>
  <size>
   M
  </size>
  <color>
   Зеленый
  </color>
  <material>
   Хлопок
  </material>
  <price>
   280918
  </price>
  <rating>
   4.17
  </rating>
  <reviews>
   321575
  </reviews>
  <new>
   -
  </new>
  <sporty>
   no
  </sporty>
 </clothing>
 <clothing>
  <id>
   927030330
  </id>
  <name>
   Ellesse Gloves P-4488
  </name>
  <category>
   Gloves
  </category>
  <size>
   L
  </size>
  <color>
   Фиолетовый
  </color>
  <material>
   Шерсть
  </material>
  <price>
   565080
  </price>
  <rating>
   4.61
  </rating>
  <reviews>
   256061
  </reviews>
  <new>
   -
  </new>
 </clothing>
 <clothing>
  <id>
   401114144
  </id>
  <name>
   PleinSport Handbags K-8489
  </name>
  <category>
   Handbags
  </category>
  <size>
   XL
  </size>
  <color>
   Красный
  </color>
  <material>
   Хлопок
  </material>
  <price>
   620551
  </price>
  <rating>
   1.95
  </rating>
  <reviews>
   353645
  </reviews>
  <new>
   -
  </new>
  <exclusive>
   no
  </exclusive>
 </clothing>
 <clothing>
  <id>
   575895621
  </id>
  <name>
   PleinSport Jacket S-4032
  </name>
  <category>
   Jacket
  </category>
  <size>
   L
  </size>
  <color>
   Синий
  </color>
  <material>
   Вискоза
  </material>
  <price>
   549364
  </price>
  <rating>
   1.41
  </rating>
  <reviews>
   662138
  </reviews>
  <new>
   -
  </new>
 </clothing>
 <clothing>
  <id>
   635429668
  </id>
  <name>
   DC Shoes G-1791
  </name>
  <category>
   Shoes
  </category>
  <size>
   L
  </size>
  <color>
   Синий
  </color>
  <material>
   Шелк
  </material>
  <price>
   233746
  </price>
  <rating>
   3.07
  </rating>
  <reviews>
   935144
  </reviews>
  <new>
   -
  </new>
  <exclusive>
   yes
  </exclusive>
 </clothing>
 <clothing>
  <id>
   362745157
  </id>
  <name>
   Nike Dress I-1263
  </name>
  <category>
   Dress
  </category>
  <size>
   XL
  </size>
  <color>
   Голубой
  </color>
  <material>
   Нейлон
  </material>
  <price>
   133357
  </price>
  <rating>
   4.53
  </rating>
  <reviews>
   638430
  </reviews>
  <new>
   +
  </new>
  <sporty>
   yes
  </sporty>
 </clothing>
</clothing-items>
