<?xml version="1.0" encoding="utf-8"?>
<clothing-items>
 <clothing>
  <id>
   526142718
  </id>
  <name>
   Fila T-shirt S-3701
  </name>
  <category>
   T-shirt
  </category>
  <size>
   XXL
  </size>
  <color>
   Оранжевый
  </color>
  <material>
   Шерсть
  </material>
  <price>
   332887
  </price>
  <rating>
   1.31
  </rating>
  <reviews>
   820836
  </reviews>
  <exclusive>
   no
  </exclusive>
  <sporty>
   no
  </sporty>
 </clothing>
 <clothing>
  <id>
   298590949
  </id>
  <name>
   Vans Umbrellas L-4737
  </name>
  <category>
   Umbrellas
  </category>
  <size>
   S
  </size>
  <color>
   Фиолетовый
  </color>
  <material>
   Хлопок
  </material>
  <price>
   874282
  </price>
  <rating>
   3.89
  </rating>
  <reviews>
   629865
  </reviews>
  <new>
   -
  </new>
  <exclusive>
   no
  </exclusive>
  <sporty>
   yes
  </sporty>
 </clothing>
 <clothing>
  <id>
   878557598
  </id>
  <name>
   Under Armour Socks I-7981
  </name>
  <category>
   Socks
  </category>
  <size>
   M
  </size>
  <color>
   Оранжевый
  </color>
  <material>
   Шелк
  </material>
  <price>
   714435
  </price>
  <rating>
   1.9
  </rating>
  <reviews>
   384050
  </reviews>
  <new>
   -
  </new>
  <exclusive>
   no
  </exclusive>
  <sporty>
   no
  </sporty>
 </clothing>
 <clothing>
  <id>
   809441708
  </id>
  <name>
   Addidas Dress B-7684
  </name>
  <category>
   Dress
  </category>
  <size>
   XXL
  </size>
  <color>
   Красный
  </color>
  <material>
   Шерсть
  </material>
  <price>
   802035
  </price>
  <rating>
   4.48
  </rating>
  <reviews>
   82991
  </reviews>
  <new>
   -
  </new>
  <exclusive>
   yes
  </exclusive>
  <sporty>
   no
  </sporty>
 </clothing>
 <clothing>
  <id>
   416466158
  </id>
  <name>
   Lacoste Skirt M-6807
  </name>
  <category>
   Skirt
  </category>
  <size>
   L
  </size>
  <color>
   Синий
  </color>
  <material>
   Полиэстер
  </material>
  <price>
   106903
  </price>
  <rating>
   3.66
  </rating>
  <reviews>
   789759
  </reviews>
  <new>
   -
  </new>
  <sporty>
   yes
  </sporty>
 </clothing>
 <clothing>
  <id>
   247523208
  </id>
  <name>
   Under Armour Shoes Q-1446
  </name>
  <category>
   Shoes
  </category>
  <size>
   XL
  </size>
  <color>
   Оранжевый
  </color>
  <material>
   Шелк
  </material>
  <price>
   683694
  </price>
  <rating>
   3.07
  </rating>
  <reviews>
   937272
  </reviews>
  <exclusive>
   no
  </exclusive>
 </clothing>
 <clothing>
  <id>
   588756946
  </id>
  <name>
   New Balance Jacket M-2989
  </name>
  <category>
   Jacket
  </category>
  <size>
   XXL
  </size>
  <color>
   Голубой
  </color>
  <material>
   Шелк
  </material>
  <price>
   506980
  </price>
  <rating>
   4.97
  </rating>
  <reviews>
   397165
  </reviews>
  <new>
   +
  </new>
  <sporty>
   no
  </sporty>
 </clothing>
 <clothing>
  <id>
   345438731
  </id>
  <name>
   Vans Shirt S-7360
  </name>
  <category>
   Shirt
  </category>
  <size>
   XXL
  </size>
  <color>
   Синий
  </color>
  <material>
   Вискоза
  </material>
  <price>
   582768
  </price>
  <rating>
   1.47
  </rating>
  <reviews>
   41485
  </reviews>
  <sporty>
   yes
  </sporty>
 </clothing>
 <clothing>
  <id>
   973209006
  </id>
  <name>
   Converse Jeans L-8436
  </name>
  <category>
   Jeans
  </category>
  <size>
   XXL
  </size>
  <color>
   Оранжевый
  </color>
  <material>
   Лен
  </material>
  <price>
   327655
  </price>
  <rating>
   2.25
  </rating>
  <reviews>
   326500
  </reviews>
 </clothing>
 <clothing>
  <id>
   599279620
  </id>
  <name>
   Lacoste Skirt O-2916
  </name>
  <category>
   Skirt
  </category>
  <size>
   XXL
  </size>
  <color>
   Зеленый
  </color>
  <material>
   Лен
  </material>
  <price>
   626649
  </price>
  <rating>
   3.25
  </rating>
  <reviews>
   937973
  </reviews>
  <exclusive>
   no
  </exclusive>
 </clothing>
 <clothing>
  <id>
   186099143
  </id>
  <name>
   PleinSport Shoes M-7889
  </name>
  <category>
   Shoes
  </category>
  <size>
   M
  </size>
  <color>
   Красный
  </color>
  <material>
   Шерсть
  </material>
  <price>
   887552
  </price>
  <rating>
   4.34
  </rating>
  <reviews>
   370504
  </reviews>
  <new>
   -
  </new>
  <exclusive>
   yes
  </exclusive>
  <sporty>
   no
  </sporty>
 </clothing>
 <clothing>
  <id>
   194589194
  </id>
  <name>
   Vans Jeans C-1561
  </name>
  <category>
   Jeans
  </category>
  <size>
   XXL
  </size>
  <color>
   Голубой
  </color>
  <material>
   Лен
  </material>
  <price>
   138919
  </price>
  <rating>
   2.68
  </rating>
  <reviews>
   898053
  </reviews>
  <new>
   +
  </new>
  <exclusive>
   no
  </exclusive>
  <sporty>
   yes
  </sporty>
 </clothing>
 <clothing>
  <id>
   922556796
  </id>
  <name>
   Adidas Jeans M-7021
  </name>
  <category>
   Jeans
  </category>
  <size>
   M
  </size>
  <color>
   Желтый
  </color>
  <material>
   Шерсть
  </material>
  <price>
   600343
  </price>
  <rating>
   3.88
  </rating>
  <reviews>
   580126
  </reviews>
  <new>
   -
  </new>
  <exclusive>
   yes
  </exclusive>
 </clothing>
 <clothing>
  <id>
   222463863
  </id>
  <name>
   Fila Skirt E-4257
  </name>
  <category>
   Skirt
  </category>
  <size>
   S
  </size>
  <color>
   Оранжевый
  </color>
  <material>
   Кожа
  </material>
  <price>
   244350
  </price>
  <rating>
   4.99
  </rating>
  <reviews>
   990091
  </reviews>
  <sporty>
   no
  </sporty>
 </clothing>
 <clothing>
  <id>
   730202651
  </id>
  <name>
   DC Pants P-6581
  </name>
  <category>
   Pants
  </category>
  <size>
   S
  </size>
  <color>
   Голубой
  </color>
  <material>
   Кожа
  </material>
  <price>
   752178
  </price>
  <rating>
   1.93
  </rating>
  <reviews>
   884920
  </reviews>
  <exclusive>
   no
  </exclusive>
  <sporty>
   no
  </sporty>
 </clothing>
 <clothing>
  <id>
   344624619
  </id>
  <name>
   Vans Shoes Y-9964
  </name>
  <category>
   Shoes
  </category>
  <size>
   L
  </size>
  <color>
   Оранжевый
  </color>
  <material>
   Нейлон
  </material>
  <price>
   398768
  </price>
  <rating>
   2.26
  </rating>
  <reviews>
   576808
  </reviews>
  <new>
   +
  </new>
  <exclusive>
   no
  </exclusive>
  <sporty>
   no
  </sporty>
 </clothing>
 <clothing>
  <id>
   632707251
  </id>
  <name>
   New Balance Shoes Z-1841
  </name>
  <category>
   Shoes
  </category>
  <size>
   S
  </size>
  <color>
   Фиолетовый
  </color>
  <material>
   Полиэстер
  </material>
  <price>
   119203
  </price>
  <rating>
   4.59
  </rating>
  <reviews>
   109013
  </reviews>
  <sporty>
   no
  </sporty>
 </clothing>
 <clothing>
  <id>
   119506939
  </id>
  <name>
   Lacoste Socks Y-2477
  </name>
  <category>
   Socks
  </category>
  <size>
   XXL
  </size>
  <color>
   Голубой
  </color>
  <material>
   Кожа
  </material>
  <price>
   204850
  </price>
  <rating>
   2.18
  </rating>
  <reviews>
   501279
  </reviews>
  <new>
   -
  </new>
  <exclusive>
   no
  </exclusive>
 </clothing>
 <clothing>
  <id>
   100726401
  </id>
  <name>
   Ellesse Dress Q-1531
  </name>
  <category>
   Dress
  </category>
  <size>
   L
  </size>
  <color>
   Желтый
  </color>
  <material>
   Вискоза
  </material>
  <price>
   158436
  </price>
  <rating>
   4.22
  </rating>
  <reviews>
   17989
  </reviews>
  <new>
   -
  </new>
  <exclusive>
   yes
  </exclusive>
  <sporty>
   yes
  </sporty>
 </clothing>
 <clothing>
  <id>
   753649670
  </id>
  <name>
   Vans Gloves C-6958
  </name>
  <category>
   Gloves
  </category>
  <size>
   L
  </size>
  <color>
   Оранжевый
  </color>
  <material>
   Шелк
  </material>
  <price>
   448069
  </price>
  <rating>
   1.93
  </rating>
  <reviews>
   508003
  </reviews>
  <new>
   -
  </new>
  <exclusive>
   no
  </exclusive>
 </clothing>
 <clothing>
  <id>
   911027574
  </id>
  <name>
   Nike Jeans R-2739
  </name>
  <category>
   Jeans
  </category>
  <size>
   XL
  </size>
  <color>
   Желтый
  </color>
  <material>
   Шелк
  </material>
  <price>
   477942
  </price>
  <rating>
   1.13
  </rating>
  <reviews>
   961749
  </reviews>
  <new>
   +
  </new>
  <sporty>
   no
  </sporty>
 </clothing>
 <clothing>
  <id>
   706698507
  </id>
  <name>
   Adidas T-shirt I-9977
  </name>
  <category>
   T-shirt
  </category>
  <size>
   XXL
  </size>
  <color>
   Синий
  </color>
  <material>
   Шерсть
  </material>
  <price>
   178082
  </price>
  <rating>
   1.58
  </rating>
  <reviews>
   716810
  </reviews>
  <new>
   +
  </new>
  <exclusive>
   no
  </exclusive>
  <sporty>
   yes
  </sporty>
 </clothing>
 <clothing>
  <id>
   387383241
  </id>
  <name>
   Vans Skirt M-4025
  </name>
  <category>
   Skirt
  </category>
  <size>
   L
  </size>
  <color>
   Фиолетовый
  </color>
  <material>
   Шерсть
  </material>
  <price>
   531860
  </price>
  <rating>
   4.38
  </rating>
  <reviews>
   535970
  </reviews>
  <new>
   +
  </new>
  <exclusive>
   no
  </exclusive>
 </clothing>
 <clothing>
  <id>
   382348159
  </id>
  <name>
   Lacoste Belts G-5714
  </name>
  <category>
   Belts
  </category>
  <size>
   XXL
  </size>
  <color>
   Желтый
  </color>
  <material>
   Вискоза
  </material>
  <price>
   553529
  </price>
  <rating>
   4.35
  </rating>
  <reviews>
   759853
  </reviews>
  <exclusive>
   no
  </exclusive>
  <sporty>
   no
  </sporty>
 </clothing>
 <clothing>
  <id>
   581592412
  </id>
  <name>
   Puma Pants Y-4851
  </name>
  <category>
   Pants
  </category>
  <size>
   L
  </size>
  <color>
   Оранжевый
  </color>
  <material>
   Шелк
  </material>
  <price>
   875305
  </price>
  <rating>
   1.62
  </rating>
  <reviews>
   665700
  </reviews>
  <exclusive>
   no
  </exclusive>
  <sporty>
   no
  </sporty>
 </clothing>
 <clothing>
  <id>
   350544799
  </id>
  <name>
   Asics Pants J-8137
  </name>
  <category>
   Pants
  </category>
  <size>
   S
  </size>
  <color>
   Красный
  </color>
  <material>
   Нейлон
  </material>
  <price>
   435154
  </price>
  <rating>
   4.42
  </rating>
  <reviews>
   149588
  </reviews>
  <exclusive>
   no
  </exclusive>
 </clothing>
 <clothing>
  <id>
   557239277
  </id>
  <name>
   Puma Shirt X-9097
  </name>
  <category>
   Shirt
  </category>
  <size>
   M
  </size>
  <color>
   Голубой
  </color>
  <material>
   Полиэстер
  </material>
  <price>
   286361
  </price>
  <rating>
   2.93
  </rating>
  <reviews>
   224657
  </reviews>
  <new>
   -
  </new>
  <exclusive>
   no
  </exclusive>
  <sporty>
   no
  </sporty>
 </clothing>
 <clothing>
  <id>
   408656614
  </id>
  <name>
   PleinSport Gloves D-5304
  </name>
  <category>
   Gloves
  </category>
  <size>
   M
  </size>
  <color>
   Синий
  </color>
  <material>
   Кожа
  </material>
  <price>
   929954
  </price>
  <rating>
   3.07
  </rating>
  <reviews>
   352408
  </reviews>
  <new>
   +
  </new>
  <exclusive>
   no
  </exclusive>
  <sporty>
   no
  </sporty>
 </clothing>
 <clothing>
  <id>
   782900570
  </id>
  <name>
   PleinSport Skirt C-2879
  </name>
  <category>
   Skirt
  </category>
  <size>
   XL
  </size>
  <color>
   Синий
  </color>
  <material>
   Хлопок
  </material>
  <price>
   249213
  </price>
  <rating>
   3.61
  </rating>
  <reviews>
   701870
  </reviews>
  <sporty>
   no
  </sporty>
 </clothing>
 <clothing>
  <id>
   517079212
  </id>
  <name>
   DC Pants J-1703
  </name>
  <category>
   Pants
  </category>
  <size>
   L
  </size>
  <color>
   Красный
  </color>
  <material>
   Шерсть
  </material>
  <price>
   607626
  </price>
  <rating>
   2.13
  </rating>
  <reviews>
   213615
  </reviews>
  <new>
   -
  </new>
 </clothing>
 <clothing>
  <id>
   661021657
  </id>
  <name>
   DC Hat X-6869
  </name>
  <category>
   Hat
  </category>
  <size>
   L
  </size>
  <color>
   Красный
  </color>
  <material>
   Кожа
  </material>
  <price>
   581151
  </price>
  <rating>
   1.74
  </rating>
  <reviews>
   245900
  </reviews>
 </clothing>
 <clothing>
  <id>
   369628584
  </id>
  <name>
   PleinSport Jeans Q-6064
  </name>
  <category>
   Jeans
  </category>
  <size>
   XXL
  </size>
  <color>
   Зеленый
  </color>
  <material>
   Нейлон
  </material>
  <price>
   774393
  </price>
  <rating>
   2.81
  </rating>
  <reviews>
   756688
  </reviews>
  <sporty>
   no
  </sporty>
 </clothing>
 <clothing>
  <id>
   319433908
  </id>
  <name>
   DC Handbags R-6858
  </name>
  <category>
   Handbags
  </category>
  <size>
   XXL
  </size>
  <color>
   Синий
  </color>
  <material>
   Кожа
  </material>
  <price>
   831933
  </price>
  <rating>
   4.77
  </rating>
  <reviews>
   363500
  </reviews>
 </clothing>
 <clothing>
  <id>
   179849311
  </id>
  <name>
   Lacoste Shirt B-4901
  </name>
  <category>
   Shirt
  </category>
  <size>
   XL
  </size>
  <color>
   Зеленый
  </color>
  <material>
   Хлопок
  </material>
  <price>
   273739
  </price>
  <rating>
   3.8
  </rating>
  <reviews>
   784372
  </reviews>
  <sporty>
   no
  </sporty>
 </clothing>
 <clothing>
  <id>
   139978088
  </id>
  <name>
   Under Armour Shirt H-6099
  </name>
  <category>
   Shirt
  </category>
  <size>
   XXL
  </size>
  <color>
   Синий
  </color>
  <material>
   Вискоза
  </material>
  <price>
   187942
  </price>
  <rating>
   3.77
  </rating>
  <reviews>
   385230
  </reviews>
  <new>
   +
  </new>
  <exclusive>
   yes
  </exclusive>
  <sporty>
   no
  </sporty>
 </clothing>
 <clothing>
  <id>
   959651393
  </id>
  <name>
   Reebok Skirt L-4622
  </name>
  <category>
   Skirt
  </category>
  <size>
   XL
  </size>
  <color>
   Желтый
  </color>
  <material>
   Вискоза
  </material>
  <price>
   690409
  </price>
  <rating>
   4.93
  </rating>
  <reviews>
   917863
  </reviews>
  <new>
   -
  </new>
  <exclusive>
   no
  </exclusive>
  <sporty>
   yes
  </sporty>
 </clothing>
 <clothing>
  <id>
   578588672
  </id>
  <name>
   Converse T-shirt G-5271
  </name>
  <category>
   T-shirt
  </category>
  <size>
   L
  </size>
  <color>
   Синий
  </color>
  <material>
   Шерсть
  </material>
  <price>
   565775
  </price>
  <rating>
   1.55
  </rating>
  <reviews>
   538639
  </reviews>
  <new>
   -
  </new>
  <sporty>
   no
  </sporty>
 </clothing>
</clothing-items>
