<?xml version="1.0" encoding="utf-8"?>
<clothing-items>
 <clothing>
  <id>
   518400775
  </id>
  <name>
   Adidas Jacket O-1999
  </name>
  <category>
   Jacket
  </category>
  <size>
   S
  </size>
  <color>
   Фиолетовый
  </color>
  <material>
   Шелк
  </material>
  <price>
   201520
  </price>
  <rating>
   3.37
  </rating>
  <reviews>
   630942
  </reviews>
  <exclusive>
   no
  </exclusive>
 </clothing>
 <clothing>
  <id>
   455972987
  </id>
  <name>
   Lacoste Socks U-9819
  </name>
  <category>
   Socks
  </category>
  <size>
   L
  </size>
  <color>
   Фиолетовый
  </color>
  <material>
   Хлопок
  </material>
  <price>
   537453
  </price>
  <rating>
   4.56
  </rating>
  <reviews>
   254701
  </reviews>
  <new>
   -
  </new>
 </clothing>
 <clothing>
  <id>
   652729995
  </id>
  <name>
   PleinSport Pants Z-7462
  </name>
  <category>
   Pants
  </category>
  <size>
   XXL
  </size>
  <color>
   Красный
  </color>
  <material>
   Шерсть
  </material>
  <price>
   140654
  </price>
  <rating>
   3.45
  </rating>
  <reviews>
   128431
  </reviews>
  <new>
   +
  </new>
  <sporty>
   yes
  </sporty>
 </clothing>
 <clothing>
  <id>
   824060089
  </id>
  <name>
   Reebok Gloves A-3065
  </name>
  <category>
   Gloves
  </category>
  <size>
   L
  </size>
  <color>
   Красный
  </color>
  <material>
   Вискоза
  </material>
  <price>
   937348
  </price>
  <rating>
   2.72
  </rating>
  <reviews>
   296398
  </reviews>
  <new>
   -
  </new>
  <exclusive>
   no
  </exclusive>
  <sporty>
   yes
  </sporty>
 </clothing>
 <clothing>
  <id>
   680123597
  </id>
  <name>
   New Balance Shoes J-7427
  </name>
  <category>
   Shoes
  </category>
  <size>
   L
  </size>
  <color>
   Оранжевый
  </color>
  <material>
   Лен
  </material>
  <price>
   984709
  </price>
  <rating>
   3.78
  </rating>
  <reviews>
   526070
  </reviews>
  <new>
   -
  </new>
  <exclusive>
   no
  </exclusive>
  <sporty>
   no
  </sporty>
 </clothing>
 <clothing>
  <id>
   964485694
  </id>
  <name>
   DC T-shirt O-5448
  </name>
  <category>
   T-shirt
  </category>
  <size>
   S
  </size>
  <color>
   Красный
  </color>
  <material>
   Шелк
  </material>
  <price>
   415063
  </price>
  <rating>
   1.77
  </rating>
  <reviews>
   778185
  </reviews>
  <exclusive>
   yes
  </exclusive>
 </clothing>
 <clothing>
  <id>
   216530991
  </id>
  <name>
   Ellesse Belts W-2465
  </name>
  <category>
   Belts
  </category>
  <size>
   XXL
  </size>
  <color>
   Зеленый
  </color>
  <material>
   Кожа
  </material>
  <price>
   492248
  </price>
  <rating>
   1.19
  </rating>
  <reviews>
   301020
  </reviews>
  <new>
   -
  </new>
 </clothing>
 <clothing>
  <id>
   737119931
  </id>
  <name>
   Puma Blouse E-6590
  </name>
  <category>
   Blouse
  </category>
  <size>
   M
  </size>
  <color>
   Фиолетовый
  </color>
  <material>
   Полиэстер
  </material>
  <price>
   436643
  </price>
  <rating>
   3.4
  </rating>
  <reviews>
   10614
  </reviews>
  <new>
   -
  </new>
  <exclusive>
   no
  </exclusive>
  <sporty>
   yes
  </sporty>
 </clothing>
 <clothing>
  <id>
   819682826
  </id>
  <name>
   Converse Blouse H-4205
  </name>
  <category>
   Blouse
  </category>
  <size>
   XL
  </size>
  <color>
   Желтый
  </color>
  <material>
   Полиэстер
  </material>
  <price>
   912729
  </price>
  <rating>
   3.94
  </rating>
  <reviews>
   38557
  </reviews>
  <new>
   -
  </new>
  <exclusive>
   no
  </exclusive>
  <sporty>
   yes
  </sporty>
 </clothing>
 <clothing>
  <id>
   326622519
  </id>
  <name>
   Under Armour Dress H-1606
  </name>
  <category>
   Dress
  </category>
  <size>
   S
  </size>
  <color>
   Зеленый
  </color>
  <material>
   Вискоза
  </material>
  <price>
   918485
  </price>
  <rating>
   2.58
  </rating>
  <reviews>
   240329
  </reviews>
  <exclusive>
   yes
  </exclusive>
  <sporty>
   yes
  </sporty>
 </clothing>
 <clothing>
  <id>
   250181076
  </id>
  <name>
   Converse Skirt U-5377
  </name>
  <category>
   Skirt
  </category>
  <size>
   S
  </size>
  <color>
   Зеленый
  </color>
  <material>
   Лен
  </material>
  <price>
   698544
  </price>
  <rating>
   4.39
  </rating>
  <reviews>
   320156
  </reviews>
  <exclusive>
   no
  </exclusive>
  <sporty>
   yes
  </sporty>
 </clothing>
 <clothing>
  <id>
   559546915
  </id>
  <name>
   Asics Jacket C-8248
  </name>
  <category>
   Jacket
  </category>
  <size>
   XXL
  </size>
  <color>
   Фиолетовый
  </color>
  <material>
   Шелк
  </material>
  <price>
   944263
  </price>
  <rating>
   3.58
  </rating>
  <reviews>
   808627
  </reviews>
  <new>
   -
  </new>
  <exclusive>
   no
  </exclusive>
  <sporty>
   yes
  </sporty>
 </clothing>
 <clothing>
  <id>
   450607584
  </id>
  <name>
   New Balance Socks M-6641
  </name>
  <category>
   Socks
  </category>
  <size>
   XL
  </size>
  <color>
   Голубой
  </color>
  <material>
   Лен
  </material>
  <price>
   610829
  </price>
  <rating>
   2.09
  </rating>
  <reviews>
   51237
  </reviews>
  <new>
   +
  </new>
 </clothing>
 <clothing>
  <id>
   390510723
  </id>
  <name>
   Puma Skirt A-3731
  </name>
  <category>
   Skirt
  </category>
  <size>
   L
  </size>
  <color>
   Желтый
  </color>
  <material>
   Вискоза
  </material>
  <price>
   515370
  </price>
  <rating>
   2.16
  </rating>
  <reviews>
   623350
  </reviews>
  <new>
   -
  </new>
  <sporty>
   yes
  </sporty>
 </clothing>
 <clothing>
  <id>
   131624766
  </id>
  <name>
   Lacoste Shoes I-2481
  </name>
  <category>
   Shoes
  </category>
  <size>
   S
  </size>
  <color>
   Голубой
  </color>
  <material>
   Кожа
  </material>
  <price>
   665124
  </price>
  <rating>
   2.07
  </rating>
  <reviews>
   480576
  </reviews>
  <exclusive>
   no
  </exclusive>
  <sporty>
   yes
  </sporty>
 </clothing>
 <clothing>
  <id>
   120054482
  </id>
  <name>
   Vans Shoes M-5203
  </name>
  <category>
   Shoes
  </category>
  <size>
   S
  </size>
  <color>
   Синий
  </color>
  <material>
   Кожа
  </material>
  <price>
   965645
  </price>
  <rating>
   4.41
  </rating>
  <reviews>
   469189
  </reviews>
 </clothing>
 <clothing>
  <id>
   229124585
  </id>
  <name>
   DC Handbags H-5880
  </name>
  <category>
   Handbags
  </category>
  <size>
   XXL
  </size>
  <color>
   Синий
  </color>
  <material>
   Лен
  </material>
  <price>
   459588
  </price>
  <rating>
   3.87
  </rating>
  <reviews>
   996728
  </reviews>
  <sporty>
   no
  </sporty>
 </clothing>
 <clothing>
  <id>
   932674173
  </id>
  <name>
   Brooks Jeans V-5416
  </name>
  <category>
   Jeans
  </category>
  <size>
   XL
  </size>
  <color>
   Фиолетовый
  </color>
  <material>
   Полиэстер
  </material>
  <price>
   644453
  </price>
  <rating>
   1.42
  </rating>
  <reviews>
   495396
  </reviews>
 </clothing>
 <clothing>
  <id>
   450576926
  </id>
  <name>
   Adidas Hat L-1031
  </name>
  <category>
   Hat
  </category>
  <size>
   S
  </size>
  <color>
   Зеленый
  </color>
  <material>
   Кожа
  </material>
  <price>
   615892
  </price>
  <rating>
   3.09
  </rating>
  <reviews>
   891290
  </reviews>
  <new>
   +
  </new>
  <sporty>
   no
  </sporty>
 </clothing>
 <clothing>
  <id>
   203310523
  </id>
  <name>
   Nike Gloves D-6613
  </name>
  <category>
   Gloves
  </category>
  <size>
   L
  </size>
  <color>
   Желтый
  </color>
  <material>
   Кожа
  </material>
  <price>
   410218
  </price>
  <rating>
   3.85
  </rating>
  <reviews>
   433802
  </reviews>
  <exclusive>
   yes
  </exclusive>
 </clothing>
 <clothing>
  <id>
   478679046
  </id>
  <name>
   Nike T-shirt A-8003
  </name>
  <category>
   T-shirt
  </category>
  <size>
   M
  </size>
  <color>
   Оранжевый
  </color>
  <material>
   Лен
  </material>
  <price>
   687408
  </price>
  <rating>
   2.55
  </rating>
  <reviews>
   740911
  </reviews>
  <new>
   +
  </new>
  <exclusive>
   yes
  </exclusive>
  <sporty>
   no
  </sporty>
 </clothing>
 <clothing>
  <id>
   572512579
  </id>
  <name>
   Vans Jacket G-6082
  </name>
  <category>
   Jacket
  </category>
  <size>
   M
  </size>
  <color>
   Оранжевый
  </color>
  <material>
   Хлопок
  </material>
  <price>
   963461
  </price>
  <rating>
   2.73
  </rating>
  <reviews>
   954893
  </reviews>
  <sporty>
   no
  </sporty>
 </clothing>
 <clothing>
  <id>
   406372089
  </id>
  <name>
   Lacoste Shirt O-2569
  </name>
  <category>
   Shirt
  </category>
  <size>
   XXL
  </size>
  <color>
   Оранжевый
  </color>
  <material>
   Хлопок
  </material>
  <price>
   622983
  </price>
  <rating>
   4.98
  </rating>
  <reviews>
   679961
  </reviews>
  <sporty>
   no
  </sporty>
 </clothing>
 <clothing>
  <id>
   457805552
  </id>
  <name>
   Adidas Blouse K-6421
  </name>
  <category>
   Blouse
  </category>
  <size>
   M
  </size>
  <color>
   Красный
  </color>
  <material>
   Лен
  </material>
  <price>
   630623
  </price>
  <rating>
   2.23
  </rating>
  <reviews>
   729672
  </reviews>
  <new>
   -
  </new>
  <exclusive>
   no
  </exclusive>
  <sporty>
   yes
  </sporty>
 </clothing>
 <clothing>
  <id>
   567381595
  </id>
  <name>
   Addidas Skirt Q-4205
  </name>
  <category>
   Skirt
  </category>
  <size>
   M
  </size>
  <color>
   Оранжевый
  </color>
  <material>
   Нейлон
  </material>
  <price>
   979724
  </price>
  <rating>
   3.7
  </rating>
  <reviews>
   773218
  </reviews>
  <new>
   -
  </new>
  <exclusive>
   no
  </exclusive>
 </clothing>
 <clothing>
  <id>
   566361220
  </id>
  <name>
   Asics Belts Y-9409
  </name>
  <category>
   Belts
  </category>
  <size>
   XL
  </size>
  <color>
   Желтый
  </color>
  <material>
   Шелк
  </material>
  <price>
   555544
  </price>
  <rating>
   4.72
  </rating>
  <reviews>
   3904
  </reviews>
  <exclusive>
   no
  </exclusive>
  <sporty>
   yes
  </sporty>
 </clothing>
 <clothing>
  <id>
   988144675
  </id>
  <name>
   Puma Socks Q-5484
  </name>
  <category>
   Socks
  </category>
  <size>
   S
  </size>
  <color>
   Оранжевый
  </color>
  <material>
   Лен
  </material>
  <price>
   604980
  </price>
  <rating>
   4.46
  </rating>
  <reviews>
   703771
  </reviews>
  <new>
   +
  </new>
  <sporty>
   no
  </sporty>
 </clothing>
 <clothing>
  <id>
   195439618
  </id>
  <name>
   Asics Socks U-8886
  </name>
  <category>
   Socks
  </category>
  <size>
   S
  </size>
  <color>
   Красный
  </color>
  <material>
   Шелк
  </material>
  <price>
   475461
  </price>
  <rating>
   2.78
  </rating>
  <reviews>
   229235
  </reviews>
  <exclusive>
   no
  </exclusive>
 </clothing>
 <clothing>
  <id>
   804092332
  </id>
  <name>
   Converse Pants C-3132
  </name>
  <category>
   Pants
  </category>
  <size>
   XXL
  </size>
  <color>
   Зеленый
  </color>
  <material>
   Вискоза
  </material>
  <price>
   414756
  </price>
  <rating>
   3.8
  </rating>
  <reviews>
   886841
  </reviews>
  <new>
   -
  </new>
 </clothing>
 <clothing>
  <id>
   831276254
  </id>
  <name>
   PleinSport Shirt D-2835
  </name>
  <category>
   Shirt
  </category>
  <size>
   S
  </size>
  <color>
   Красный
  </color>
  <material>
   Хлопок
  </material>
  <price>
   248520
  </price>
  <rating>
   3.53
  </rating>
  <reviews>
   569311
  </reviews>
  <exclusive>
   yes
  </exclusive>
  <sporty>
   no
  </sporty>
 </clothing>
 <clothing>
  <id>
   436357899
  </id>
  <name>
   New Balance Sweater Z-3570
  </name>
  <category>
   Sweater
  </category>
  <size>
   S
  </size>
  <color>
   Голубой
  </color>
  <material>
   Полиэстер
  </material>
  <price>
   719501
  </price>
  <rating>
   1.45
  </rating>
  <reviews>
   974615
  </reviews>
  <new>
   -
  </new>
  <exclusive>
   no
  </exclusive>
  <sporty>
   no
  </sporty>
 </clothing>
 <clothing>
  <id>
   505889290
  </id>
  <name>
   PleinSport Shirt X-4904
  </name>
  <category>
   Shirt
  </category>
  <size>
   S
  </size>
  <color>
   Желтый
  </color>
  <material>
   Шерсть
  </material>
  <price>
   192704
  </price>
  <rating>
   2.06
  </rating>
  <reviews>
   108220
  </reviews>
  <exclusive>
   no
  </exclusive>
 </clothing>
 <clothing>
  <id>
   498284558
  </id>
  <name>
   Vans Skirt N-5136
  </name>
  <category>
   Skirt
  </category>
  <size>
   S
  </size>
  <color>
   Зеленый
  </color>
  <material>
   Хлопок
  </material>
  <price>
   777103
  </price>
  <rating>
   1.13
  </rating>
  <reviews>
   259005
  </reviews>
  <new>
   -
  </new>
 </clothing>
 <clothing>
  <id>
   865532708
  </id>
  <name>
   Under Armour Umbrellas D-9424
  </name>
  <category>
   Umbrellas
  </category>
  <size>
   M
  </size>
  <color>
   Красный
  </color>
  <material>
   Вискоза
  </material>
  <price>
   322346
  </price>
  <rating>
   1.34
  </rating>
  <reviews>
   34492
  </reviews>
  <new>
   -
  </new>
  <exclusive>
   no
  </exclusive>
 </clothing>
</clothing-items>
