<?xml version="1.0" encoding="utf-8"?>
<clothing-items>
 <clothing>
  <id>
   363269137
  </id>
  <name>
   Brooks Jacket D-3368
  </name>
  <category>
   Jacket
  </category>
  <size>
   S
  </size>
  <color>
   Зеленый
  </color>
  <material>
   Полиэстер
  </material>
  <price>
   728748
  </price>
  <rating>
   4.7
  </rating>
  <reviews>
   217718
  </reviews>
  <exclusive>
   yes
  </exclusive>
  <sporty>
   no
  </sporty>
 </clothing>
 <clothing>
  <id>
   669738714
  </id>
  <name>
   DC Umbrellas T-7044
  </name>
  <category>
   Umbrellas
  </category>
  <size>
   M
  </size>
  <color>
   Зеленый
  </color>
  <material>
   Шерсть
  </material>
  <price>
   809402
  </price>
  <rating>
   3.58
  </rating>
  <reviews>
   14625
  </reviews>
  <new>
   -
  </new>
  <exclusive>
   no
  </exclusive>
  <sporty>
   no
  </sporty>
 </clothing>
 <clothing>
  <id>
   905654245
  </id>
  <name>
   DC Jacket V-8232
  </name>
  <category>
   Jacket
  </category>
  <size>
   XXL
  </size>
  <color>
   Фиолетовый
  </color>
  <material>
   Шерсть
  </material>
  <price>
   935002
  </price>
  <rating>
   2.7
  </rating>
  <reviews>
   573650
  </reviews>
  <exclusive>
   no
  </exclusive>
 </clothing>
 <clothing>
  <id>
   215125346
  </id>
  <name>
   Converse Hat M-4038
  </name>
  <category>
   Hat
  </category>
  <size>
   L
  </size>
  <color>
   Желтый
  </color>
  <material>
   Нейлон
  </material>
  <price>
   547208
  </price>
  <rating>
   2.23
  </rating>
  <reviews>
   968050
  </reviews>
  <new>
   +
  </new>
  <exclusive>
   no
  </exclusive>
  <sporty>
   no
  </sporty>
 </clothing>
 <clothing>
  <id>
   268143107
  </id>
  <name>
   Reebok Jeans O-4076
  </name>
  <category>
   Jeans
  </category>
  <size>
   M
  </size>
  <color>
   Синий
  </color>
  <material>
   Кожа
  </material>
  <price>
   103852
  </price>
  <rating>
   3.96
  </rating>
  <reviews>
   383002
  </reviews>
  <new>
   -
  </new>
  <exclusive>
   no
  </exclusive>
  <sporty>
   yes
  </sporty>
 </clothing>
 <clothing>
  <id>
   372518458
  </id>
  <name>
   Ellesse T-shirt D-9081
  </name>
  <category>
   T-shirt
  </category>
  <size>
   XXL
  </size>
  <color>
   Оранжевый
  </color>
  <material>
   Кожа
  </material>
  <price>
   203582
  </price>
  <rating>
   3.4
  </rating>
  <reviews>
   112002
  </reviews>
  <new>
   +
  </new>
  <sporty>
   no
  </sporty>
 </clothing>
 <clothing>
  <id>
   610472748
  </id>
  <name>
   Addidas Shirt M-7657
  </name>
  <category>
   Shirt
  </category>
  <size>
   M
  </size>
  <color>
   Синий
  </color>
  <material>
   Кожа
  </material>
  <price>
   917932
  </price>
  <rating>
   4.14
  </rating>
  <reviews>
   476371
  </reviews>
  <new>
   -
  </new>
  <exclusive>
   no
  </exclusive>
 </clothing>
 <clothing>
  <id>
   813861862
  </id>
  <name>
   New Balance Gloves I-5815
  </name>
  <category>
   Gloves
  </category>
  <size>
   XL
  </size>
  <color>
   Красный
  </color>
  <material>
   Нейлон
  </material>
  <price>
   522743
  </price>
  <rating>
   3.01
  </rating>
  <reviews>
   581680
  </reviews>
  <new>
   -
  </new>
  <sporty>
   no
  </sporty>
 </clothing>
 <clothing>
  <id>
   523791614
  </id>
  <name>
   New Balance Gloves R-4521
  </name>
  <category>
   Gloves
  </category>
  <size>
   S
  </size>
  <color>
   Голубой
  </color>
  <material>
   Хлопок
  </material>
  <price>
   142002
  </price>
  <rating>
   3.28
  </rating>
  <reviews>
   55720
  </reviews>
  <new>
   -
  </new>
 </clothing>
 <clothing>
  <id>
   725401807
  </id>
  <name>
   PleinSport Socks K-8845
  </name>
  <category>
   Socks
  </category>
  <size>
   XXL
  </size>
  <color>
   Красный
  </color>
  <material>
   Шелк
  </material>
  <price>
   573129
  </price>
  <rating>
   2.85
  </rating>
  <reviews>
   780815
  </reviews>
  <exclusive>
   yes
  </exclusive>
 </clothing>
</clothing-items>
