<?xml version="1.0" encoding="utf-8"?>
<clothing-items>
 <clothing>
  <id>
   863928114
  </id>
  <name>
   Lacoste Gloves E-4514
  </name>
  <category>
   Gloves
  </category>
  <size>
   L
  </size>
  <color>
   Желтый
  </color>
  <material>
   Кожа
  </material>
  <price>
   891340
  </price>
  <rating>
   4.64
  </rating>
  <reviews>
   990260
  </reviews>
  <new>
   -
  </new>
  <exclusive>
   no
  </exclusive>
  <sporty>
   yes
  </sporty>
 </clothing>
 <clothing>
  <id>
   550503857
  </id>
  <name>
   Under Armour Shirt G-3300
  </name>
  <category>
   Shirt
  </category>
  <size>
   XL
  </size>
  <color>
   Красный
  </color>
  <material>
   Вискоза
  </material>
  <price>
   429601
  </price>
  <rating>
   4.82
  </rating>
  <reviews>
   171242
  </reviews>
  <new>
   -
  </new>
  <sporty>
   no
  </sporty>
 </clothing>
 <clothing>
  <id>
   609405599
  </id>
  <name>
   Nike Gloves Q-6824
  </name>
  <category>
   Gloves
  </category>
  <size>
   S
  </size>
  <color>
   Желтый
  </color>
  <material>
   Шерсть
  </material>
  <price>
   791665
  </price>
  <rating>
   1.85
  </rating>
  <reviews>
   36072
  </reviews>
  <new>
   -
  </new>
  <exclusive>
   no
  </exclusive>
  <sporty>
   no
  </sporty>
 </clothing>
 <clothing>
  <id>
   854081659
  </id>
  <name>
   Addidas T-shirt L-8313
  </name>
  <category>
   T-shirt
  </category>
  <size>
   L
  </size>
  <color>
   Оранжевый
  </color>
  <material>
   Кожа
  </material>
  <price>
   418616
  </price>
  <rating>
   1.89
  </rating>
  <reviews>
   437320
  </reviews>
  <new>
   -
  </new>
  <exclusive>
   no
  </exclusive>
 </clothing>
 <clothing>
  <id>
   598903765
  </id>
  <name>
   Nike Socks G-7797
  </name>
  <category>
   Socks
  </category>
  <size>
   S
  </size>
  <color>
   Зеленый
  </color>
  <material>
   Полиэстер
  </material>
  <price>
   391442
  </price>
  <rating>
   2.8
  </rating>
  <reviews>
   641309
  </reviews>
  <new>
   +
  </new>
 </clothing>
 <clothing>
  <id>
   675743548
  </id>
  <name>
   Asics Skirt V-3580
  </name>
  <category>
   Skirt
  </category>
  <size>
   S
  </size>
  <color>
   Синий
  </color>
  <material>
   Шерсть
  </material>
  <price>
   992169
  </price>
  <rating>
   2.89
  </rating>
  <reviews>
   49248
  </reviews>
  <exclusive>
   no
  </exclusive>
  <sporty>
   no
  </sporty>
 </clothing>
 <clothing>
  <id>
   731471351
  </id>
  <name>
   DC Belts T-3445
  </name>
  <category>
   Belts
  </category>
  <size>
   S
  </size>
  <color>
   Оранжевый
  </color>
  <material>
   Лен
  </material>
  <price>
   363660
  </price>
  <rating>
   3.23
  </rating>
  <reviews>
   265652
  </reviews>
  <new>
   +
  </new>
  <exclusive>
   no
  </exclusive>
  <sporty>
   yes
  </sporty>
 </clothing>
 <clothing>
  <id>
   209183348
  </id>
  <name>
   Under Armour Jeans I-3179
  </name>
  <category>
   Jeans
  </category>
  <size>
   S
  </size>
  <color>
   Зеленый
  </color>
  <material>
   Шелк
  </material>
  <price>
   419630
  </price>
  <rating>
   4.08
  </rating>
  <reviews>
   872884
  </reviews>
  <exclusive>
   no
  </exclusive>
 </clothing>
 <clothing>
  <id>
   935866741
  </id>
  <name>
   Converse Jacket K-7070
  </name>
  <category>
   Jacket
  </category>
  <size>
   XXL
  </size>
  <color>
   Желтый
  </color>
  <material>
   Хлопок
  </material>
  <price>
   666189
  </price>
  <rating>
   3.53
  </rating>
  <reviews>
   844427
  </reviews>
 </clothing>
 <clothing>
  <id>
   301458997
  </id>
  <name>
   PleinSport Handbags F-7799
  </name>
  <category>
   Handbags
  </category>
  <size>
   XL
  </size>
  <color>
   Фиолетовый
  </color>
  <material>
   Полиэстер
  </material>
  <price>
   399422
  </price>
  <rating>
   2.59
  </rating>
  <reviews>
   863728
  </reviews>
  <exclusive>
   no
  </exclusive>
  <sporty>
   no
  </sporty>
 </clothing>
 <clothing>
  <id>
   326159949
  </id>
  <name>
   New Balance Belts Y-4220
  </name>
  <category>
   Belts
  </category>
  <size>
   L
  </size>
  <color>
   Красный
  </color>
  <material>
   Нейлон
  </material>
  <price>
   665502
  </price>
  <rating>
   4.48
  </rating>
  <reviews>
   41769
  </reviews>
  <exclusive>
   no
  </exclusive>
  <sporty>
   no
  </sporty>
 </clothing>
 <clothing>
  <id>
   195601146
  </id>
  <name>
   Puma Belts V-2287
  </name>
  <category>
   Belts
  </category>
  <size>
   S
  </size>
  <color>
   Голубой
  </color>
  <material>
   Шерсть
  </material>
  <price>
   253036
  </price>
  <rating>
   1.42
  </rating>
  <reviews>
   356849
  </reviews>
  <new>
   -
  </new>
  <exclusive>
   no
  </exclusive>
 </clothing>
 <clothing>
  <id>
   100155380
  </id>
  <name>
   Lacoste Gloves G-1384
  </name>
  <category>
   Gloves
  </category>
  <size>
   XXL
  </size>
  <color>
   Красный
  </color>
  <material>
   Вискоза
  </material>
  <price>
   385553
  </price>
  <rating>
   4.4
  </rating>
  <reviews>
   812073
  </reviews>
  <exclusive>
   yes
  </exclusive>
 </clothing>
 <clothing>
  <id>
   653774029
  </id>
  <name>
   Reebok Handbags M-7638
  </name>
  <category>
   Handbags
  </category>
  <size>
   M
  </size>
  <color>
   Фиолетовый
  </color>
  <material>
   Нейлон
  </material>
  <price>
   772146
  </price>
  <rating>
   3.76
  </rating>
  <reviews>
   324455
  </reviews>
  <new>
   -
  </new>
 </clothing>
 <clothing>
  <id>
   951401114
  </id>
  <name>
   Lacoste Sweater S-9386
  </name>
  <category>
   Sweater
  </category>
  <size>
   XL
  </size>
  <color>
   Желтый
  </color>
  <material>
   Шерсть
  </material>
  <price>
   368443
  </price>
  <rating>
   2.42
  </rating>
  <reviews>
   431189
  </reviews>
 </clothing>
 <clothing>
  <id>
   379305224
  </id>
  <name>
   Brooks Blouse T-6866
  </name>
  <category>
   Blouse
  </category>
  <size>
   XL
  </size>
  <color>
   Синий
  </color>
  <material>
   Хлопок
  </material>
  <price>
   241902
  </price>
  <rating>
   3.49
  </rating>
  <reviews>
   583322
  </reviews>
 </clothing>
 <clothing>
  <id>
   479336104
  </id>
  <name>
   Adidas T-shirt A-6653
  </name>
  <category>
   T-shirt
  </category>
  <size>
   S
  </size>
  <color>
   Зеленый
  </color>
  <material>
   Вискоза
  </material>
  <price>
   238371
  </price>
  <rating>
   4.4
  </rating>
  <reviews>
   507531
  </reviews>
  <new>
   -
  </new>
  <sporty>
   yes
  </sporty>
 </clothing>
 <clothing>
  <id>
   901613856
  </id>
  <name>
   Ellesse Jeans A-8572
  </name>
  <category>
   Jeans
  </category>
  <size>
   XXL
  </size>
  <color>
   Желтый
  </color>
  <material>
   Кожа
  </material>
  <price>
   157068
  </price>
  <rating>
   4.16
  </rating>
  <reviews>
   671839
  </reviews>
 </clothing>
 <clothing>
  <id>
   240725637
  </id>
  <name>
   Under Armour Gloves O-1998
  </name>
  <category>
   Gloves
  </category>
  <size>
   XL
  </size>
  <color>
   Красный
  </color>
  <material>
   Вискоза
  </material>
  <price>
   712868
  </price>
  <rating>
   2.12
  </rating>
  <reviews>
   503140
  </reviews>
  <new>
   -
  </new>
  <exclusive>
   yes
  </exclusive>
  <sporty>
   yes
  </sporty>
 </clothing>
 <clothing>
  <id>
   312157836
  </id>
  <name>
   Fila Sweater I-3260
  </name>
  <category>
   Sweater
  </category>
  <size>
   L
  </size>
  <color>
   Зеленый
  </color>
  <material>
   Хлопок
  </material>
  <price>
   808342
  </price>
  <rating>
   3.95
  </rating>
  <reviews>
   27066
  </reviews>
  <new>
   -
  </new>
  <sporty>
   no
  </sporty>
 </clothing>
 <clothing>
  <id>
   857664926
  </id>
  <name>
   Fila Jeans L-1807
  </name>
  <category>
   Jeans
  </category>
  <size>
   XXL
  </size>
  <color>
   Красный
  </color>
  <material>
   Лен
  </material>
  <price>
   251243
  </price>
  <rating>
   2.31
  </rating>
  <reviews>
   748622
  </reviews>
 </clothing>
 <clothing>
  <id>
   370390598
  </id>
  <name>
   Vans Belts L-8728
  </name>
  <category>
   Belts
  </category>
  <size>
   L
  </size>
  <color>
   Желтый
  </color>
  <material>
   Кожа
  </material>
  <price>
   200991
  </price>
  <rating>
   3.5
  </rating>
  <reviews>
   454348
  </reviews>
  <new>
   +
  </new>
  <exclusive>
   yes
  </exclusive>
 </clothing>
 <clothing>
  <id>
   693584116
  </id>
  <name>
   Asics Skirt V-6983
  </name>
  <category>
   Skirt
  </category>
  <size>
   S
  </size>
  <color>
   Зеленый
  </color>
  <material>
   Хлопок
  </material>
  <price>
   687590
  </price>
  <rating>
   1.1
  </rating>
  <reviews>
   373493
  </reviews>
  <new>
   -
  </new>
  <sporty>
   yes
  </sporty>
 </clothing>
 <clothing>
  <id>
   696891936
  </id>
  <name>
   New Balance Gloves B-6570
  </name>
  <category>
   Gloves
  </category>
  <size>
   XXL
  </size>
  <color>
   Желтый
  </color>
  <material>
   Вискоза
  </material>
  <price>
   343428
  </price>
  <rating>
   2.81
  </rating>
  <reviews>
   857577
  </reviews>
 </clothing>
 <clothing>
  <id>
   757833332
  </id>
  <name>
   Adidas Hat Z-9818
  </name>
  <category>
   Hat
  </category>
  <size>
   XXL
  </size>
  <color>
   Красный
  </color>
  <material>
   Кожа
  </material>
  <price>
   707874
  </price>
  <rating>
   3.3
  </rating>
  <reviews>
   830121
  </reviews>
  <new>
   +
  </new>
  <exclusive>
   no
  </exclusive>
 </clothing>
 <clothing>
  <id>
   330524734
  </id>
  <name>
   Reebok Shirt E-9337
  </name>
  <category>
   Shirt
  </category>
  <size>
   L
  </size>
  <color>
   Красный
  </color>
  <material>
   Шелк
  </material>
  <price>
   281518
  </price>
  <rating>
   2.75
  </rating>
  <reviews>
   287790
  </reviews>
  <new>
   -
  </new>
  <exclusive>
   yes
  </exclusive>
 </clothing>
 <clothing>
  <id>
   699326029
  </id>
  <name>
   Vans Sweater E-8627
  </name>
  <category>
   Sweater
  </category>
  <size>
   L
  </size>
  <color>
   Фиолетовый
  </color>
  <material>
   Нейлон
  </material>
  <price>
   207137
  </price>
  <rating>
   3.69
  </rating>
  <reviews>
   346983
  </reviews>
  <new>
   -
  </new>
 </clothing>
 <clothing>
  <id>
   312225101
  </id>
  <name>
   DC Shirt I-9981
  </name>
  <category>
   Shirt
  </category>
  <size>
   L
  </size>
  <color>
   Синий
  </color>
  <material>
   Хлопок
  </material>
  <price>
   158120
  </price>
  <rating>
   2.09
  </rating>
  <reviews>
   917406
  </reviews>
  <new>
   -
  </new>
  <exclusive>
   yes
  </exclusive>
 </clothing>
 <clothing>
  <id>
   448794639
  </id>
  <name>
   DC Jeans H-7637
  </name>
  <category>
   Jeans
  </category>
  <size>
   XL
  </size>
  <color>
   Красный
  </color>
  <material>
   Полиэстер
  </material>
  <price>
   690502
  </price>
  <rating>
   3.6
  </rating>
  <reviews>
   410932
  </reviews>
  <exclusive>
   yes
  </exclusive>
  <sporty>
   no
  </sporty>
 </clothing>
 <clothing>
  <id>
   870987430
  </id>
  <name>
   Nike Shoes O-9838
  </name>
  <category>
   Shoes
  </category>
  <size>
   L
  </size>
  <color>
   Желтый
  </color>
  <material>
   Хлопок
  </material>
  <price>
   397907
  </price>
  <rating>
   4.92
  </rating>
  <reviews>
   100312
  </reviews>
  <sporty>
   no
  </sporty>
 </clothing>
 <clothing>
  <id>
   879122918
  </id>
  <name>
   Nike Blouse O-9327
  </name>
  <category>
   Blouse
  </category>
  <size>
   XL
  </size>
  <color>
   Зеленый
  </color>
  <material>
   Шерсть
  </material>
  <price>
   799668
  </price>
  <rating>
   3.41
  </rating>
  <reviews>
   211181
  </reviews>
  <new>
   +
  </new>
  <exclusive>
   yes
  </exclusive>
  <sporty>
   yes
  </sporty>
 </clothing>
 <clothing>
  <id>
   168372603
  </id>
  <name>
   Converse Socks J-3016
  </name>
  <category>
   Socks
  </category>
  <size>
   XXL
  </size>
  <color>
   Синий
  </color>
  <material>
   Вискоза
  </material>
  <price>
   232153
  </price>
  <rating>
   4.57
  </rating>
  <reviews>
   282832
  </reviews>
  <new>
   -
  </new>
  <exclusive>
   yes
  </exclusive>
  <sporty>
   yes
  </sporty>
 </clothing>
 <clothing>
  <id>
   540165408
  </id>
  <name>
   Fila Jeans Y-4820
  </name>
  <category>
   Jeans
  </category>
  <size>
   M
  </size>
  <color>
   Синий
  </color>
  <material>
   Лен
  </material>
  <price>
   436195
  </price>
  <rating>
   2.29
  </rating>
  <reviews>
   543733
  </reviews>
  <new>
   +
  </new>
  <exclusive>
   no
  </exclusive>
  <sporty>
   no
  </sporty>
 </clothing>
 <clothing>
  <id>
   960505938
  </id>
  <name>
   Brooks Shirt L-5831
  </name>
  <category>
   Shirt
  </category>
  <size>
   S
  </size>
  <color>
   Голубой
  </color>
  <material>
   Хлопок
  </material>
  <price>
   941440
  </price>
  <rating>
   4.5
  </rating>
  <reviews>
   62792
  </reviews>
  <new>
   -
  </new>
 </clothing>
 <clothing>
  <id>
   719668906
  </id>
  <name>
   Asics Belts B-5316
  </name>
  <category>
   Belts
  </category>
  <size>
   M
  </size>
  <color>
   Красный
  </color>
  <material>
   Шерсть
  </material>
  <price>
   736365
  </price>
  <rating>
   3.41
  </rating>
  <reviews>
   25547
  </reviews>
 </clothing>
 <clothing>
  <id>
   412338313
  </id>
  <name>
   Lacoste Dress A-3472
  </name>
  <category>
   Dress
  </category>
  <size>
   XL
  </size>
  <color>
   Синий
  </color>
  <material>
   Полиэстер
  </material>
  <price>
   966503
  </price>
  <rating>
   2.14
  </rating>
  <reviews>
   987528
  </reviews>
  <new>
   -
  </new>
  <exclusive>
   no
  </exclusive>
 </clothing>
 <clothing>
  <id>
   527212199
  </id>
  <name>
   DC Jeans Z-8162
  </name>
  <category>
   Jeans
  </category>
  <size>
   S
  </size>
  <color>
   Красный
  </color>
  <material>
   Шелк
  </material>
  <price>
   903613
  </price>
  <rating>
   4.14
  </rating>
  <reviews>
   707010
  </reviews>
  <new>
   -
  </new>
  <sporty>
   yes
  </sporty>
 </clothing>
 <clothing>
  <id>
   698283353
  </id>
  <name>
   Under Armour Shirt B-3028
  </name>
  <category>
   Shirt
  </category>
  <size>
   XL
  </size>
  <color>
   Фиолетовый
  </color>
  <material>
   Нейлон
  </material>
  <price>
   879704
  </price>
  <rating>
   4.67
  </rating>
  <reviews>
   906212
  </reviews>
  <new>
   -
  </new>
  <exclusive>
   yes
  </exclusive>
  <sporty>
   no
  </sporty>
 </clothing>
</clothing-items>
