<?xml version="1.0" encoding="utf-8"?>
<clothing-items>
 <clothing>
  <id>
   620570007
  </id>
  <name>
   Fila Skirt E-1257
  </name>
  <category>
   Skirt
  </category>
  <size>
   M
  </size>
  <color>
   Красный
  </color>
  <material>
   Полиэстер
  </material>
  <price>
   839638
  </price>
  <rating>
   4.28
  </rating>
  <reviews>
   195313
  </reviews>
  <new>
   +
  </new>
 </clothing>
 <clothing>
  <id>
   238657524
  </id>
  <name>
   Vans Skirt O-8528
  </name>
  <category>
   Skirt
  </category>
  <size>
   XL
  </size>
  <color>
   Синий
  </color>
  <material>
   Вискоза
  </material>
  <price>
   641053
  </price>
  <rating>
   3.24
  </rating>
  <reviews>
   56551
  </reviews>
  <sporty>
   yes
  </sporty>
 </clothing>
 <clothing>
  <id>
   943614981
  </id>
  <name>
   Fila Jeans Z-5817
  </name>
  <category>
   Jeans
  </category>
  <size>
   S
  </size>
  <color>
   Голубой
  </color>
  <material>
   Лен
  </material>
  <price>
   877158
  </price>
  <rating>
   2.46
  </rating>
  <reviews>
   891998
  </reviews>
  <exclusive>
   no
  </exclusive>
  <sporty>
   yes
  </sporty>
 </clothing>
 <clothing>
  <id>
   684056739
  </id>
  <name>
   Converse Gloves L-4166
  </name>
  <category>
   Gloves
  </category>
  <size>
   M
  </size>
  <color>
   Желтый
  </color>
  <material>
   Вискоза
  </material>
  <price>
   444221
  </price>
  <rating>
   4.83
  </rating>
  <reviews>
   811169
  </reviews>
  <new>
   -
  </new>
  <sporty>
   no
  </sporty>
 </clothing>
 <clothing>
  <id>
   103474377
  </id>
  <name>
   Reebok Handbags B-5651
  </name>
  <category>
   Handbags
  </category>
  <size>
   L
  </size>
  <color>
   Желтый
  </color>
  <material>
   Вискоза
  </material>
  <price>
   423140
  </price>
  <rating>
   1.7
  </rating>
  <reviews>
   868659
  </reviews>
  <sporty>
   no
  </sporty>
 </clothing>
 <clothing>
  <id>
   752330623
  </id>
  <name>
   Under Armour Gloves A-5622
  </name>
  <category>
   Gloves
  </category>
  <size>
   L
  </size>
  <color>
   Фиолетовый
  </color>
  <material>
   Полиэстер
  </material>
  <price>
   478137
  </price>
  <rating>
   4.14
  </rating>
  <reviews>
   126392
  </reviews>
 </clothing>
 <clothing>
  <id>
   768791496
  </id>
  <name>
   New Balance Socks H-2141
  </name>
  <category>
   Socks
  </category>
  <size>
   L
  </size>
  <color>
   Голубой
  </color>
  <material>
   Шелк
  </material>
  <price>
   566733
  </price>
  <rating>
   3.19
  </rating>
  <reviews>
   509090
  </reviews>
  <sporty>
   no
  </sporty>
 </clothing>
 <clothing>
  <id>
   748477354
  </id>
  <name>
   Nike Jacket W-9767
  </name>
  <category>
   Jacket
  </category>
  <size>
   XL
  </size>
  <color>
   Зеленый
  </color>
  <material>
   Нейлон
  </material>
  <price>
   327065
  </price>
  <rating>
   3.71
  </rating>
  <reviews>
   880125
  </reviews>
 </clothing>
 <clothing>
  <id>
   342317686
  </id>
  <name>
   Under Armour Jacket S-8548
  </name>
  <category>
   Jacket
  </category>
  <size>
   M
  </size>
  <color>
   Зеленый
  </color>
  <material>
   Шерсть
  </material>
  <price>
   715925
  </price>
  <rating>
   2.85
  </rating>
  <reviews>
   133575
  </reviews>
  <exclusive>
   no
  </exclusive>
  <sporty>
   no
  </sporty>
 </clothing>
 <clothing>
  <id>
   639877028
  </id>
  <name>
   DC Handbags N-9443
  </name>
  <category>
   Handbags
  </category>
  <size>
   L
  </size>
  <color>
   Желтый
  </color>
  <material>
   Нейлон
  </material>
  <price>
   868633
  </price>
  <rating>
   3.84
  </rating>
  <reviews>
   525931
  </reviews>
  <sporty>
   no
  </sporty>
 </clothing>
 <clothing>
  <id>
   723007676
  </id>
  <name>
   Adidas Hat Q-9740
  </name>
  <category>
   Hat
  </category>
  <size>
   XXL
  </size>
  <color>
   Голубой
  </color>
  <material>
   Шерсть
  </material>
  <price>
   453673
  </price>
  <rating>
   3.35
  </rating>
  <reviews>
   335420
  </reviews>
  <sporty>
   no
  </sporty>
 </clothing>
 <clothing>
  <id>
   794492543
  </id>
  <name>
   PleinSport Hat C-6723
  </name>
  <category>
   Hat
  </category>
  <size>
   S
  </size>
  <color>
   Желтый
  </color>
  <material>
   Полиэстер
  </material>
  <price>
   295189
  </price>
  <rating>
   1.91
  </rating>
  <reviews>
   238128
  </reviews>
  <new>
   +
  </new>
  <exclusive>
   no
  </exclusive>
 </clothing>
 <clothing>
  <id>
   454439383
  </id>
  <name>
   Brooks Dress G-3645
  </name>
  <category>
   Dress
  </category>
  <size>
   L
  </size>
  <color>
   Оранжевый
  </color>
  <material>
   Вискоза
  </material>
  <price>
   238954
  </price>
  <rating>
   3.53
  </rating>
  <reviews>
   870021
  </reviews>
 </clothing>
 <clothing>
  <id>
   518721453
  </id>
  <name>
   Ellesse Shirt Z-6517
  </name>
  <category>
   Shirt
  </category>
  <size>
   XL
  </size>
  <color>
   Синий
  </color>
  <material>
   Вискоза
  </material>
  <price>
   618955
  </price>
  <rating>
   2.48
  </rating>
  <reviews>
   495362
  </reviews>
  <new>
   -
  </new>
  <exclusive>
   yes
  </exclusive>
 </clothing>
 <clothing>
  <id>
   806558985
  </id>
  <name>
   Reebok Gloves J-6602
  </name>
  <category>
   Gloves
  </category>
  <size>
   XXL
  </size>
  <color>
   Зеленый
  </color>
  <material>
   Шерсть
  </material>
  <price>
   265340
  </price>
  <rating>
   1.91
  </rating>
  <reviews>
   231383
  </reviews>
  <sporty>
   no
  </sporty>
 </clothing>
 <clothing>
  <id>
   625646201
  </id>
  <name>
   Adidas Blouse G-4690
  </name>
  <category>
   Blouse
  </category>
  <size>
   S
  </size>
  <color>
   Фиолетовый
  </color>
  <material>
   Нейлон
  </material>
  <price>
   260142
  </price>
  <rating>
   1.04
  </rating>
  <reviews>
   965337
  </reviews>
  <new>
   +
  </new>
  <exclusive>
   yes
  </exclusive>
 </clothing>
 <clothing>
  <id>
   998433003
  </id>
  <name>
   Brooks Pants B-7374
  </name>
  <category>
   Pants
  </category>
  <size>
   M
  </size>
  <color>
   Красный
  </color>
  <material>
   Хлопок
  </material>
  <price>
   215307
  </price>
  <rating>
   3.24
  </rating>
  <reviews>
   791438
  </reviews>
  <sporty>
   no
  </sporty>
 </clothing>
 <clothing>
  <id>
   834244330
  </id>
  <name>
   Ellesse Dress K-3212
  </name>
  <category>
   Dress
  </category>
  <size>
   M
  </size>
  <color>
   Зеленый
  </color>
  <material>
   Лен
  </material>
  <price>
   989341
  </price>
  <rating>
   3.63
  </rating>
  <reviews>
   256127
  </reviews>
  <exclusive>
   yes
  </exclusive>
  <sporty>
   no
  </sporty>
 </clothing>
 <clothing>
  <id>
   805467174
  </id>
  <name>
   Adidas Hat B-2318
  </name>
  <category>
   Hat
  </category>
  <size>
   S
  </size>
  <color>
   Оранжевый
  </color>
  <material>
   Шерсть
  </material>
  <price>
   254767
  </price>
  <rating>
   1.08
  </rating>
  <reviews>
   12940
  </reviews>
  <new>
   -
  </new>
  <sporty>
   no
  </sporty>
 </clothing>
 <clothing>
  <id>
   630488233
  </id>
  <name>
   Converse Belts P-7085
  </name>
  <category>
   Belts
  </category>
  <size>
   XXL
  </size>
  <color>
   Зеленый
  </color>
  <material>
   Нейлон
  </material>
  <price>
   844853
  </price>
  <rating>
   2.97
  </rating>
  <reviews>
   847722
  </reviews>
  <new>
   -
  </new>
  <sporty>
   no
  </sporty>
 </clothing>
 <clothing>
  <id>
   180644896
  </id>
  <name>
   Ellesse Shirt O-1628
  </name>
  <category>
   Shirt
  </category>
  <size>
   XXL
  </size>
  <color>
   Желтый
  </color>
  <material>
   Шерсть
  </material>
  <price>
   148498
  </price>
  <rating>
   1.83
  </rating>
  <reviews>
   329898
  </reviews>
  <new>
   -
  </new>
  <exclusive>
   yes
  </exclusive>
  <sporty>
   no
  </sporty>
 </clothing>
</clothing-items>
