<?xml version="1.0" encoding="utf-8"?>
<clothing-items>
 <clothing>
  <id>
   275740534
  </id>
  <name>
   Converse Belts P-6052
  </name>
  <category>
   Belts
  </category>
  <size>
   XXL
  </size>
  <color>
   Желтый
  </color>
  <material>
   Шелк
  </material>
  <price>
   432422
  </price>
  <rating>
   2.1
  </rating>
  <reviews>
   665131
  </reviews>
  <new>
   +
  </new>
  <exclusive>
   yes
  </exclusive>
  <sporty>
   yes
  </sporty>
 </clothing>
 <clothing>
  <id>
   586190406
  </id>
  <name>
   Under Armour Jacket C-2111
  </name>
  <category>
   Jacket
  </category>
  <size>
   XL
  </size>
  <color>
   Оранжевый
  </color>
  <material>
   Хлопок
  </material>
  <price>
   838908
  </price>
  <rating>
   4.78
  </rating>
  <reviews>
   150740
  </reviews>
 </clothing>
 <clothing>
  <id>
   687594512
  </id>
  <name>
   Under Armour Hat F-3481
  </name>
  <category>
   Hat
  </category>
  <size>
   L
  </size>
  <color>
   Оранжевый
  </color>
  <material>
   Вискоза
  </material>
  <price>
   171221
  </price>
  <rating>
   4.64
  </rating>
  <reviews>
   154387
  </reviews>
  <new>
   -
  </new>
  <exclusive>
   no
  </exclusive>
 </clothing>
 <clothing>
  <id>
   753110658
  </id>
  <name>
   Puma Gloves L-3214
  </name>
  <category>
   Gloves
  </category>
  <size>
   XL
  </size>
  <color>
   Голубой
  </color>
  <material>
   Шелк
  </material>
  <price>
   321160
  </price>
  <rating>
   3.88
  </rating>
  <reviews>
   257967
  </reviews>
  <new>
   -
  </new>
  <exclusive>
   yes
  </exclusive>
  <sporty>
   no
  </sporty>
 </clothing>
 <clothing>
  <id>
   622027829
  </id>
  <name>
   Under Armour Sweater I-8340
  </name>
  <category>
   Sweater
  </category>
  <size>
   XXL
  </size>
  <color>
   Фиолетовый
  </color>
  <material>
   Шерсть
  </material>
  <price>
   592451
  </price>
  <rating>
   2.39
  </rating>
  <reviews>
   591141
  </reviews>
 </clothing>
 <clothing>
  <id>
   588942602
  </id>
  <name>
   Reebok Hat V-4861
  </name>
  <category>
   Hat
  </category>
  <size>
   XL
  </size>
  <color>
   Зеленый
  </color>
  <material>
   Полиэстер
  </material>
  <price>
   727883
  </price>
  <rating>
   4.74
  </rating>
  <reviews>
   697238
  </reviews>
  <new>
   +
  </new>
  <exclusive>
   yes
  </exclusive>
  <sporty>
   no
  </sporty>
 </clothing>
 <clothing>
  <id>
   301911805
  </id>
  <name>
   New Balance Shirt B-3453
  </name>
  <category>
   Shirt
  </category>
  <size>
   XXL
  </size>
  <color>
   Фиолетовый
  </color>
  <material>
   Полиэстер
  </material>
  <price>
   429874
  </price>
  <rating>
   1.92
  </rating>
  <reviews>
   55271
  </reviews>
  <sporty>
   yes
  </sporty>
 </clothing>
 <clothing>
  <id>
   598020961
  </id>
  <name>
   Adidas Socks C-9698
  </name>
  <category>
   Socks
  </category>
  <size>
   L
  </size>
  <color>
   Голубой
  </color>
  <material>
   Полиэстер
  </material>
  <price>
   388656
  </price>
  <rating>
   3.04
  </rating>
  <reviews>
   736425
  </reviews>
  <new>
   +
  </new>
  <exclusive>
   no
  </exclusive>
 </clothing>
 <clothing>
  <id>
   701433845
  </id>
  <name>
   Vans Dress G-1705
  </name>
  <category>
   Dress
  </category>
  <size>
   XL
  </size>
  <color>
   Красный
  </color>
  <material>
   Полиэстер
  </material>
  <price>
   998178
  </price>
  <rating>
   3.78
  </rating>
  <reviews>
   708062
  </reviews>
  <new>
   +
  </new>
  <exclusive>
   yes
  </exclusive>
 </clothing>
 <clothing>
  <id>
   897600291
  </id>
  <name>
   New Balance Blouse H-2126
  </name>
  <category>
   Blouse
  </category>
  <size>
   S
  </size>
  <color>
   Красный
  </color>
  <material>
   Шелк
  </material>
  <price>
   950773
  </price>
  <rating>
   2.89
  </rating>
  <reviews>
   14795
  </reviews>
  <exclusive>
   no
  </exclusive>
  <sporty>
   yes
  </sporty>
 </clothing>
 <clothing>
  <id>
   284442399
  </id>
  <name>
   Adidas Jacket S-8055
  </name>
  <category>
   Jacket
  </category>
  <size>
   XXL
  </size>
  <color>
   Синий
  </color>
  <material>
   Кожа
  </material>
  <price>
   159180
  </price>
  <rating>
   2.94
  </rating>
  <reviews>
   59473
  </reviews>
  <new>
   -
  </new>
  <exclusive>
   yes
  </exclusive>
  <sporty>
   no
  </sporty>
 </clothing>
 <clothing>
  <id>
   248964718
  </id>
  <name>
   PleinSport Sweater E-2086
  </name>
  <category>
   Sweater
  </category>
  <size>
   L
  </size>
  <color>
   Оранжевый
  </color>
  <material>
   Нейлон
  </material>
  <price>
   429702
  </price>
  <rating>
   3.02
  </rating>
  <reviews>
   334679
  </reviews>
  <exclusive>
   no
  </exclusive>
  <sporty>
   yes
  </sporty>
 </clothing>
 <clothing>
  <id>
   390612699
  </id>
  <name>
   Nike Skirt J-8068
  </name>
  <category>
   Skirt
  </category>
  <size>
   XXL
  </size>
  <color>
   Синий
  </color>
  <material>
   Лен
  </material>
  <price>
   201634
  </price>
  <rating>
   3.43
  </rating>
  <reviews>
   445580
  </reviews>
  <new>
   +
  </new>
  <exclusive>
   no
  </exclusive>
  <sporty>
   yes
  </sporty>
 </clothing>
 <clothing>
  <id>
   497116967
  </id>
  <name>
   Lacoste Blouse Q-1817
  </name>
  <category>
   Blouse
  </category>
  <size>
   S
  </size>
  <color>
   Красный
  </color>
  <material>
   Вискоза
  </material>
  <price>
   536773
  </price>
  <rating>
   2.44
  </rating>
  <reviews>
   861484
  </reviews>
  <exclusive>
   yes
  </exclusive>
  <sporty>
   no
  </sporty>
 </clothing>
</clothing-items>
