<?xml version="1.0" encoding="utf-8"?>
<clothing-items>
 <clothing>
  <id>
   967158228
  </id>
  <name>
   Puma Jacket G-2073
  </name>
  <category>
   Jacket
  </category>
  <size>
   M
  </size>
  <color>
   Фиолетовый
  </color>
  <material>
   Вискоза
  </material>
  <price>
   561508
  </price>
  <rating>
   4.3
  </rating>
  <reviews>
   292539
  </reviews>
  <exclusive>
   no
  </exclusive>
 </clothing>
 <clothing>
  <id>
   159906444
  </id>
  <name>
   DC Hat O-1349
  </name>
  <category>
   Hat
  </category>
  <size>
   S
  </size>
  <color>
   Оранжевый
  </color>
  <material>
   Полиэстер
  </material>
  <price>
   374378
  </price>
  <rating>
   1.3
  </rating>
  <reviews>
   705813
  </reviews>
  <exclusive>
   no
  </exclusive>
 </clothing>
 <clothing>
  <id>
   224322380
  </id>
  <name>
   Addidas Shoes G-6896
  </name>
  <category>
   Shoes
  </category>
  <size>
   XL
  </size>
  <color>
   Оранжевый
  </color>
  <material>
   Шелк
  </material>
  <price>
   923094
  </price>
  <rating>
   3.92
  </rating>
  <reviews>
   620727
  </reviews>
  <new>
   -
  </new>
  <exclusive>
   no
  </exclusive>
  <sporty>
   no
  </sporty>
 </clothing>
 <clothing>
  <id>
   185423685
  </id>
  <name>
   Brooks Shirt L-3808
  </name>
  <category>
   Shirt
  </category>
  <size>
   S
  </size>
  <color>
   Красный
  </color>
  <material>
   Хлопок
  </material>
  <price>
   752737
  </price>
  <rating>
   1.43
  </rating>
  <reviews>
   369923
  </reviews>
  <exclusive>
   yes
  </exclusive>
 </clothing>
 <clothing>
  <id>
   334771090
  </id>
  <name>
   New Balance Dress C-4534
  </name>
  <category>
   Dress
  </category>
  <size>
   M
  </size>
  <color>
   Голубой
  </color>
  <material>
   Лен
  </material>
  <price>
   513640
  </price>
  <rating>
   4.22
  </rating>
  <reviews>
   568138
  </reviews>
  <new>
   -
  </new>
 </clothing>
 <clothing>
  <id>
   655320571
  </id>
  <name>
   Under Armour T-shirt F-1115
  </name>
  <category>
   T-shirt
  </category>
  <size>
   XL
  </size>
  <color>
   Голубой
  </color>
  <material>
   Нейлон
  </material>
  <price>
   771824
  </price>
  <rating>
   4.66
  </rating>
  <reviews>
   630273
  </reviews>
  <new>
   +
  </new>
 </clothing>
 <clothing>
  <id>
   475513059
  </id>
  <name>
   Vans Sweater M-6815
  </name>
  <category>
   Sweater
  </category>
  <size>
   L
  </size>
  <color>
   Зеленый
  </color>
  <material>
   Полиэстер
  </material>
  <price>
   668086
  </price>
  <rating>
   3.95
  </rating>
  <reviews>
   42766
  </reviews>
  <sporty>
   no
  </sporty>
 </clothing>
 <clothing>
  <id>
   747007844
  </id>
  <name>
   Adidas Blouse V-1459
  </name>
  <category>
   Blouse
  </category>
  <size>
   L
  </size>
  <color>
   Фиолетовый
  </color>
  <material>
   Кожа
  </material>
  <price>
   701893
  </price>
  <rating>
   1.12
  </rating>
  <reviews>
   673162
  </reviews>
  <sporty>
   no
  </sporty>
 </clothing>
 <clothing>
  <id>
   478996574
  </id>
  <name>
   Ellesse Sweater V-1542
  </name>
  <category>
   Sweater
  </category>
  <size>
   XL
  </size>
  <color>
   Зеленый
  </color>
  <material>
   Хлопок
  </material>
  <price>
   989404
  </price>
  <rating>
   4.12
  </rating>
  <reviews>
   426073
  </reviews>
  <exclusive>
   yes
  </exclusive>
  <sporty>
   yes
  </sporty>
 </clothing>
 <clothing>
  <id>
   599826139
  </id>
  <name>
   Brooks Blouse L-3239
  </name>
  <category>
   Blouse
  </category>
  <size>
   S
  </size>
  <color>
   Голубой
  </color>
  <material>
   Вискоза
  </material>
  <price>
   418790
  </price>
  <rating>
   2.19
  </rating>
  <reviews>
   205152
  </reviews>
  <new>
   +
  </new>
  <exclusive>
   yes
  </exclusive>
 </clothing>
 <clothing>
  <id>
   483379377
  </id>
  <name>
   Converse Gloves L-2010
  </name>
  <category>
   Gloves
  </category>
  <size>
   S
  </size>
  <color>
   Желтый
  </color>
  <material>
   Кожа
  </material>
  <price>
   212799
  </price>
  <rating>
   1.5
  </rating>
  <reviews>
   152253
  </reviews>
  <sporty>
   no
  </sporty>
 </clothing>
 <clothing>
  <id>
   304554024
  </id>
  <name>
   Puma Shoes U-7963
  </name>
  <category>
   Shoes
  </category>
  <size>
   XL
  </size>
  <color>
   Красный
  </color>
  <material>
   Шерсть
  </material>
  <price>
   554636
  </price>
  <rating>
   2.35
  </rating>
  <reviews>
   572401
  </reviews>
  <new>
   -
  </new>
 </clothing>
 <clothing>
  <id>
   876232568
  </id>
  <name>
   Asics Handbags C-6989
  </name>
  <category>
   Handbags
  </category>
  <size>
   S
  </size>
  <color>
   Фиолетовый
  </color>
  <material>
   Нейлон
  </material>
  <price>
   869125
  </price>
  <rating>
   2.81
  </rating>
  <reviews>
   356721
  </reviews>
 </clothing>
 <clothing>
  <id>
   609199153
  </id>
  <name>
   Asics Umbrellas X-5775
  </name>
  <category>
   Umbrellas
  </category>
  <size>
   M
  </size>
  <color>
   Синий
  </color>
  <material>
   Кожа
  </material>
  <price>
   569814
  </price>
  <rating>
   3.89
  </rating>
  <reviews>
   103852
  </reviews>
  <new>
   -
  </new>
 </clothing>
 <clothing>
  <id>
   188079583
  </id>
  <name>
   Ellesse Belts O-1144
  </name>
  <category>
   Belts
  </category>
  <size>
   S
  </size>
  <color>
   Оранжевый
  </color>
  <material>
   Полиэстер
  </material>
  <price>
   115899
  </price>
  <rating>
   3.66
  </rating>
  <reviews>
   578616
  </reviews>
  <new>
   -
  </new>
  <exclusive>
   no
  </exclusive>
  <sporty>
   yes
  </sporty>
 </clothing>
 <clothing>
  <id>
   752215194
  </id>
  <name>
   Fila Shirt J-8985
  </name>
  <category>
   Shirt
  </category>
  <size>
   XL
  </size>
  <color>
   Фиолетовый
  </color>
  <material>
   Нейлон
  </material>
  <price>
   868164
  </price>
  <rating>
   3.09
  </rating>
  <reviews>
   632079
  </reviews>
  <new>
   -
  </new>
  <exclusive>
   no
  </exclusive>
 </clothing>
</clothing-items>
