<?xml version="1.0" encoding="utf-8"?>
<clothing-items>
 <clothing>
  <id>
   594433708
  </id>
  <name>
   Asics Hat B-1139
  </name>
  <category>
   Hat
  </category>
  <size>
   L
  </size>
  <color>
   Синий
  </color>
  <material>
   Полиэстер
  </material>
  <price>
   958572
  </price>
  <rating>
   4.68
  </rating>
  <reviews>
   912541
  </reviews>
  <new>
   +
  </new>
  <exclusive>
   no
  </exclusive>
 </clothing>
 <clothing>
  <id>
   369392442
  </id>
  <name>
   DC Jacket K-4266
  </name>
  <category>
   Jacket
  </category>
  <size>
   XXL
  </size>
  <color>
   Желтый
  </color>
  <material>
   Вискоза
  </material>
  <price>
   136208
  </price>
  <rating>
   2.06
  </rating>
  <reviews>
   940497
  </reviews>
  <exclusive>
   no
  </exclusive>
  <sporty>
   no
  </sporty>
 </clothing>
 <clothing>
  <id>
   693316152
  </id>
  <name>
   PleinSport Belts M-7207
  </name>
  <category>
   Belts
  </category>
  <size>
   S
  </size>
  <color>
   Красный
  </color>
  <material>
   Полиэстер
  </material>
  <price>
   515121
  </price>
  <rating>
   1.3
  </rating>
  <reviews>
   445618
  </reviews>
 </clothing>
 <clothing>
  <id>
   564197010
  </id>
  <name>
   PleinSport Hat C-1012
  </name>
  <category>
   Hat
  </category>
  <size>
   XL
  </size>
  <color>
   Синий
  </color>
  <material>
   Вискоза
  </material>
  <price>
   954299
  </price>
  <rating>
   1.3
  </rating>
  <reviews>
   680064
  </reviews>
  <new>
   -
  </new>
 </clothing>
 <clothing>
  <id>
   711785423
  </id>
  <name>
   DC Jeans B-6108
  </name>
  <category>
   Jeans
  </category>
  <size>
   L
  </size>
  <color>
   Голубой
  </color>
  <material>
   Шелк
  </material>
  <price>
   317489
  </price>
  <rating>
   1.22
  </rating>
  <reviews>
   644120
  </reviews>
  <new>
   -
  </new>
 </clothing>
 <clothing>
  <id>
   444323187
  </id>
  <name>
   PleinSport Handbags Z-4735
  </name>
  <category>
   Handbags
  </category>
  <size>
   S
  </size>
  <color>
   Красный
  </color>
  <material>
   Кожа
  </material>
  <price>
   361678
  </price>
  <rating>
   1.17
  </rating>
  <reviews>
   572469
  </reviews>
  <exclusive>
   yes
  </exclusive>
  <sporty>
   yes
  </sporty>
 </clothing>
 <clothing>
  <id>
   172956895
  </id>
  <name>
   Addidas Shirt R-2064
  </name>
  <category>
   Shirt
  </category>
  <size>
   L
  </size>
  <color>
   Зеленый
  </color>
  <material>
   Кожа
  </material>
  <price>
   147086
  </price>
  <rating>
   2.94
  </rating>
  <reviews>
   410031
  </reviews>
  <new>
   +
  </new>
  <exclusive>
   yes
  </exclusive>
  <sporty>
   yes
  </sporty>
 </clothing>
 <clothing>
  <id>
   236651193
  </id>
  <name>
   Fila Belts Z-4780
  </name>
  <category>
   Belts
  </category>
  <size>
   XXL
  </size>
  <color>
   Фиолетовый
  </color>
  <material>
   Лен
  </material>
  <price>
   237401
  </price>
  <rating>
   1.25
  </rating>
  <reviews>
   533465
  </reviews>
  <exclusive>
   no
  </exclusive>
 </clothing>
 <clothing>
  <id>
   476739385
  </id>
  <name>
   Ellesse T-shirt U-1893
  </name>
  <category>
   T-shirt
  </category>
  <size>
   S
  </size>
  <color>
   Фиолетовый
  </color>
  <material>
   Кожа
  </material>
  <price>
   451239
  </price>
  <rating>
   3.01
  </rating>
  <reviews>
   681663
  </reviews>
  <new>
   +
  </new>
  <exclusive>
   no
  </exclusive>
 </clothing>
 <clothing>
  <id>
   646323819
  </id>
  <name>
   Lacoste Sweater W-4482
  </name>
  <category>
   Sweater
  </category>
  <size>
   XL
  </size>
  <color>
   Фиолетовый
  </color>
  <material>
   Вискоза
  </material>
  <price>
   945574
  </price>
  <rating>
   3.38
  </rating>
  <reviews>
   356130
  </reviews>
  <new>
   -
  </new>
  <sporty>
   no
  </sporty>
 </clothing>
 <clothing>
  <id>
   526114003
  </id>
  <name>
   Asics Pants H-8672
  </name>
  <category>
   Pants
  </category>
  <size>
   M
  </size>
  <color>
   Фиолетовый
  </color>
  <material>
   Полиэстер
  </material>
  <price>
   875748
  </price>
  <rating>
   3.91
  </rating>
  <reviews>
   944639
  </reviews>
  <new>
   -
  </new>
  <sporty>
   yes
  </sporty>
 </clothing>
 <clothing>
  <id>
   644637639
  </id>
  <name>
   Reebok Shoes A-5557
  </name>
  <category>
   Shoes
  </category>
  <size>
   M
  </size>
  <color>
   Фиолетовый
  </color>
  <material>
   Вискоза
  </material>
  <price>
   662906
  </price>
  <rating>
   4.31
  </rating>
  <reviews>
   115101
  </reviews>
  <new>
   -
  </new>
 </clothing>
 <clothing>
  <id>
   501084927
  </id>
  <name>
   Addidas Hat R-5767
  </name>
  <category>
   Hat
  </category>
  <size>
   L
  </size>
  <color>
   Красный
  </color>
  <material>
   Полиэстер
  </material>
  <price>
   611624
  </price>
  <rating>
   3.21
  </rating>
  <reviews>
   18494
  </reviews>
  <new>
   +
  </new>
 </clothing>
 <clothing>
  <id>
   305566221
  </id>
  <name>
   PleinSport Umbrellas F-9888
  </name>
  <category>
   Umbrellas
  </category>
  <size>
   S
  </size>
  <color>
   Оранжевый
  </color>
  <material>
   Вискоза
  </material>
  <price>
   103651
  </price>
  <rating>
   4.51
  </rating>
  <reviews>
   275807
  </reviews>
  <sporty>
   yes
  </sporty>
 </clothing>
 <clothing>
  <id>
   835125413
  </id>
  <name>
   Asics Sweater I-3027
  </name>
  <category>
   Sweater
  </category>
  <size>
   L
  </size>
  <color>
   Синий
  </color>
  <material>
   Полиэстер
  </material>
  <price>
   819384
  </price>
  <rating>
   1.9
  </rating>
  <reviews>
   345812
  </reviews>
  <exclusive>
   no
  </exclusive>
  <sporty>
   yes
  </sporty>
 </clothing>
 <clothing>
  <id>
   513816729
  </id>
  <name>
   Ellesse Blouse P-4284
  </name>
  <category>
   Blouse
  </category>
  <size>
   S
  </size>
  <color>
   Фиолетовый
  </color>
  <material>
   Хлопок
  </material>
  <price>
   713862
  </price>
  <rating>
   2.74
  </rating>
  <reviews>
   405104
  </reviews>
  <exclusive>
   yes
  </exclusive>
 </clothing>
 <clothing>
  <id>
   536788935
  </id>
  <name>
   Puma Gloves X-2020
  </name>
  <category>
   Gloves
  </category>
  <size>
   S
  </size>
  <color>
   Зеленый
  </color>
  <material>
   Хлопок
  </material>
  <price>
   589800
  </price>
  <rating>
   1.86
  </rating>
  <reviews>
   705152
  </reviews>
 </clothing>
 <clothing>
  <id>
   433170893
  </id>
  <name>
   Puma Shirt K-8662
  </name>
  <category>
   Shirt
  </category>
  <size>
   XL
  </size>
  <color>
   Красный
  </color>
  <material>
   Нейлон
  </material>
  <price>
   541264
  </price>
  <rating>
   3.01
  </rating>
  <reviews>
   589723
  </reviews>
  <new>
   -
  </new>
  <exclusive>
   yes
  </exclusive>
 </clothing>
 <clothing>
  <id>
   877675348
  </id>
  <name>
   Ellesse Socks O-1046
  </name>
  <category>
   Socks
  </category>
  <size>
   S
  </size>
  <color>
   Синий
  </color>
  <material>
   Хлопок
  </material>
  <price>
   487989
  </price>
  <rating>
   5.0
  </rating>
  <reviews>
   418382
  </reviews>
  <exclusive>
   no
  </exclusive>
  <sporty>
   no
  </sporty>
 </clothing>
 <clothing>
  <id>
   295761988
  </id>
  <name>
   Lacoste Jacket Q-2763
  </name>
  <category>
   Jacket
  </category>
  <size>
   XXL
  </size>
  <color>
   Голубой
  </color>
  <material>
   Кожа
  </material>
  <price>
   217626
  </price>
  <rating>
   2.67
  </rating>
  <reviews>
   330238
  </reviews>
  <exclusive>
   no
  </exclusive>
  <sporty>
   yes
  </sporty>
 </clothing>
 <clothing>
  <id>
   903953485
  </id>
  <name>
   Fila Pants X-3626
  </name>
  <category>
   Pants
  </category>
  <size>
   L
  </size>
  <color>
   Оранжевый
  </color>
  <material>
   Вискоза
  </material>
  <price>
   666891
  </price>
  <rating>
   3.18
  </rating>
  <reviews>
   916467
  </reviews>
  <new>
   +
  </new>
  <sporty>
   no
  </sporty>
 </clothing>
 <clothing>
  <id>
   105281245
  </id>
  <name>
   Asics Shoes A-5043
  </name>
  <category>
   Shoes
  </category>
  <size>
   XL
  </size>
  <color>
   Зеленый
  </color>
  <material>
   Полиэстер
  </material>
  <price>
   928763
  </price>
  <rating>
   2.1
  </rating>
  <reviews>
   560702
  </reviews>
  <new>
   -
  </new>
  <exclusive>
   no
  </exclusive>
  <sporty>
   yes
  </sporty>
 </clothing>
 <clothing>
  <id>
   484435885
  </id>
  <name>
   Nike Jacket N-7543
  </name>
  <category>
   Jacket
  </category>
  <size>
   XXL
  </size>
  <color>
   Желтый
  </color>
  <material>
   Шерсть
  </material>
  <price>
   982034
  </price>
  <rating>
   2.02
  </rating>
  <reviews>
   735333
  </reviews>
  <new>
   -
  </new>
 </clothing>
 <clothing>
  <id>
   846012548
  </id>
  <name>
   Adidas Shoes T-1058
  </name>
  <category>
   Shoes
  </category>
  <size>
   XL
  </size>
  <color>
   Оранжевый
  </color>
  <material>
   Шелк
  </material>
  <price>
   673990
  </price>
  <rating>
   1.18
  </rating>
  <reviews>
   211858
  </reviews>
  <exclusive>
   no
  </exclusive>
  <sporty>
   yes
  </sporty>
 </clothing>
 <clothing>
  <id>
   484718995
  </id>
  <name>
   Puma Jacket F-4980
  </name>
  <category>
   Jacket
  </category>
  <size>
   XXL
  </size>
  <color>
   Желтый
  </color>
  <material>
   Нейлон
  </material>
  <price>
   942360
  </price>
  <rating>
   4.96
  </rating>
  <reviews>
   252774
  </reviews>
  <exclusive>
   yes
  </exclusive>
 </clothing>
 <clothing>
  <id>
   904784763
  </id>
  <name>
   Brooks Hat Q-8839
  </name>
  <category>
   Hat
  </category>
  <size>
   M
  </size>
  <color>
   Красный
  </color>
  <material>
   Вискоза
  </material>
  <price>
   106638
  </price>
  <rating>
   1.22
  </rating>
  <reviews>
   293346
  </reviews>
  <new>
   -
  </new>
  <exclusive>
   yes
  </exclusive>
 </clothing>
 <clothing>
  <id>
   475116077
  </id>
  <name>
   Nike Shoes V-4349
  </name>
  <category>
   Shoes
  </category>
  <size>
   XXL
  </size>
  <color>
   Фиолетовый
  </color>
  <material>
   Кожа
  </material>
  <price>
   391891
  </price>
  <rating>
   2.69
  </rating>
  <reviews>
   759820
  </reviews>
  <new>
   -
  </new>
  <exclusive>
   no
  </exclusive>
  <sporty>
   yes
  </sporty>
 </clothing>
 <clothing>
  <id>
   355139267
  </id>
  <name>
   Nike Umbrellas I-8647
  </name>
  <category>
   Umbrellas
  </category>
  <size>
   XXL
  </size>
  <color>
   Желтый
  </color>
  <material>
   Хлопок
  </material>
  <price>
   656781
  </price>
  <rating>
   3.19
  </rating>
  <reviews>
   557344
  </reviews>
  <new>
   +
  </new>
 </clothing>
 <clothing>
  <id>
   811111543
  </id>
  <name>
   Addidas Umbrellas T-4964
  </name>
  <category>
   Umbrellas
  </category>
  <size>
   M
  </size>
  <color>
   Зеленый
  </color>
  <material>
   Шерсть
  </material>
  <price>
   487649
  </price>
  <rating>
   1.36
  </rating>
  <reviews>
   804737
  </reviews>
  <new>
   -
  </new>
  <exclusive>
   no
  </exclusive>
 </clothing>
 <clothing>
  <id>
   635730636
  </id>
  <name>
   Addidas Handbags Q-8998
  </name>
  <category>
   Handbags
  </category>
  <size>
   L
  </size>
  <color>
   Оранжевый
  </color>
  <material>
   Шерсть
  </material>
  <price>
   646453
  </price>
  <rating>
   2.91
  </rating>
  <reviews>
   469857
  </reviews>
  <exclusive>
   yes
  </exclusive>
  <sporty>
   yes
  </sporty>
 </clothing>
 <clothing>
  <id>
   323878121
  </id>
  <name>
   DC Hat B-6221
  </name>
  <category>
   Hat
  </category>
  <size>
   XXL
  </size>
  <color>
   Голубой
  </color>
  <material>
   Кожа
  </material>
  <price>
   379545
  </price>
  <rating>
   3.54
  </rating>
  <reviews>
   146027
  </reviews>
  <new>
   +
  </new>
  <exclusive>
   no
  </exclusive>
  <sporty>
   yes
  </sporty>
 </clothing>
 <clothing>
  <id>
   217805683
  </id>
  <name>
   DC Gloves L-9194
  </name>
  <category>
   Gloves
  </category>
  <size>
   M
  </size>
  <color>
   Фиолетовый
  </color>
  <material>
   Кожа
  </material>
  <price>
   310791
  </price>
  <rating>
   1.73
  </rating>
  <reviews>
   282320
  </reviews>
  <new>
   -
  </new>
  <exclusive>
   no
  </exclusive>
  <sporty>
   no
  </sporty>
 </clothing>
 <clothing>
  <id>
   133016236
  </id>
  <name>
   Puma Pants H-1705
  </name>
  <category>
   Pants
  </category>
  <size>
   XXL
  </size>
  <color>
   Оранжевый
  </color>
  <material>
   Лен
  </material>
  <price>
   955254
  </price>
  <rating>
   3.57
  </rating>
  <reviews>
   74664
  </reviews>
  <new>
   -
  </new>
  <exclusive>
   yes
  </exclusive>
  <sporty>
   yes
  </sporty>
 </clothing>
 <clothing>
  <id>
   569926895
  </id>
  <name>
   Puma Umbrellas H-3427
  </name>
  <category>
   Umbrellas
  </category>
  <size>
   XL
  </size>
  <color>
   Синий
  </color>
  <material>
   Кожа
  </material>
  <price>
   864673
  </price>
  <rating>
   2.29
  </rating>
  <reviews>
   776887
  </reviews>
  <new>
   +
  </new>
  <sporty>
   no
  </sporty>
 </clothing>
 <clothing>
  <id>
   140364406
  </id>
  <name>
   DC Shoes Q-8026
  </name>
  <category>
   Shoes
  </category>
  <size>
   M
  </size>
  <color>
   Зеленый
  </color>
  <material>
   Кожа
  </material>
  <price>
   552395
  </price>
  <rating>
   2.45
  </rating>
  <reviews>
   575961
  </reviews>
  <new>
   -
  </new>
  <sporty>
   no
  </sporty>
 </clothing>
 <clothing>
  <id>
   818827661
  </id>
  <name>
   PleinSport Gloves K-8589
  </name>
  <category>
   Gloves
  </category>
  <size>
   XXL
  </size>
  <color>
   Голубой
  </color>
  <material>
   Шелк
  </material>
  <price>
   424677
  </price>
  <rating>
   1.35
  </rating>
  <reviews>
   87456
  </reviews>
  <new>
   -
  </new>
  <exclusive>
   yes
  </exclusive>
 </clothing>
 <clothing>
  <id>
   431547123
  </id>
  <name>
   Addidas Belts V-8359
  </name>
  <category>
   Belts
  </category>
  <size>
   L
  </size>
  <color>
   Желтый
  </color>
  <material>
   Нейлон
  </material>
  <price>
   558097
  </price>
  <rating>
   3.58
  </rating>
  <reviews>
   424130
  </reviews>
  <new>
   -
  </new>
  <exclusive>
   no
  </exclusive>
 </clothing>
 <clothing>
  <id>
   852500865
  </id>
  <name>
   Converse Belts W-9624
  </name>
  <category>
   Belts
  </category>
  <size>
   M
  </size>
  <color>
   Голубой
  </color>
  <material>
   Шерсть
  </material>
  <price>
   934388
  </price>
  <rating>
   1.39
  </rating>
  <reviews>
   65461
  </reviews>
  <new>
   -
  </new>
  <exclusive>
   no
  </exclusive>
  <sporty>
   no
  </sporty>
 </clothing>
 <clothing>
  <id>
   885044929
  </id>
  <name>
   Nike Sweater P-9994
  </name>
  <category>
   Sweater
  </category>
  <size>
   XXL
  </size>
  <color>
   Голубой
  </color>
  <material>
   Хлопок
  </material>
  <price>
   632024
  </price>
  <rating>
   1.27
  </rating>
  <reviews>
   941534
  </reviews>
  <sporty>
   yes
  </sporty>
 </clothing>
 <clothing>
  <id>
   220747865
  </id>
  <name>
   New Balance Shirt M-5201
  </name>
  <category>
   Shirt
  </category>
  <size>
   XL
  </size>
  <color>
   Фиолетовый
  </color>
  <material>
   Шерсть
  </material>
  <price>
   595762
  </price>
  <rating>
   2.13
  </rating>
  <reviews>
   528712
  </reviews>
  <new>
   +
  </new>
  <exclusive>
   yes
  </exclusive>
  <sporty>
   no
  </sporty>
 </clothing>
 <clothing>
  <id>
   165430621
  </id>
  <name>
   Brooks T-shirt F-1377
  </name>
  <category>
   T-shirt
  </category>
  <size>
   XL
  </size>
  <color>
   Зеленый
  </color>
  <material>
   Хлопок
  </material>
  <price>
   984603
  </price>
  <rating>
   1.82
  </rating>
  <reviews>
   932376
  </reviews>
  <new>
   -
  </new>
  <sporty>
   no
  </sporty>
 </clothing>
 <clothing>
  <id>
   227213345
  </id>
  <name>
   Converse Belts F-5230
  </name>
  <category>
   Belts
  </category>
  <size>
   L
  </size>
  <color>
   Синий
  </color>
  <material>
   Нейлон
  </material>
  <price>
   414551
  </price>
  <rating>
   4.8
  </rating>
  <reviews>
   471726
  </reviews>
  <new>
   -
  </new>
  <exclusive>
   no
  </exclusive>
  <sporty>
   no
  </sporty>
 </clothing>
 <clothing>
  <id>
   688465005
  </id>
  <name>
   Asics Belts J-4920
  </name>
  <category>
   Belts
  </category>
  <size>
   S
  </size>
  <color>
   Синий
  </color>
  <material>
   Хлопок
  </material>
  <price>
   467433
  </price>
  <rating>
   4.02
  </rating>
  <reviews>
   368303
  </reviews>
  <new>
   -
  </new>
  <exclusive>
   no
  </exclusive>
  <sporty>
   no
  </sporty>
 </clothing>
 <clothing>
  <id>
   508393270
  </id>
  <name>
   Ellesse Belts D-8605
  </name>
  <category>
   Belts
  </category>
  <size>
   M
  </size>
  <color>
   Синий
  </color>
  <material>
   Нейлон
  </material>
  <price>
   146772
  </price>
  <rating>
   1.45
  </rating>
  <reviews>
   573264
  </reviews>
  <new>
   +
  </new>
 </clothing>
 <clothing>
  <id>
   556620478
  </id>
  <name>
   Reebok Jeans J-5509
  </name>
  <category>
   Jeans
  </category>
  <size>
   S
  </size>
  <color>
   Зеленый
  </color>
  <material>
   Вискоза
  </material>
  <price>
   956745
  </price>
  <rating>
   1.08
  </rating>
  <reviews>
   69874
  </reviews>
  <new>
   +
  </new>
  <exclusive>
   no
  </exclusive>
 </clothing>
</clothing-items>
