<?xml version="1.0" encoding="utf-8"?>
<clothing-items>
 <clothing>
  <id>
   415520172
  </id>
  <name>
   Addidas Umbrellas E-2946
  </name>
  <category>
   Umbrellas
  </category>
  <size>
   M
  </size>
  <color>
   Желтый
  </color>
  <material>
   Нейлон
  </material>
  <price>
   700595
  </price>
  <rating>
   2.38
  </rating>
  <reviews>
   916143
  </reviews>
 </clothing>
 <clothing>
  <id>
   179349064
  </id>
  <name>
   Lacoste T-shirt O-3930
  </name>
  <category>
   T-shirt
  </category>
  <size>
   M
  </size>
  <color>
   Синий
  </color>
  <material>
   Лен
  </material>
  <price>
   721886
  </price>
  <rating>
   2.91
  </rating>
  <reviews>
   266267
  </reviews>
  <exclusive>
   yes
  </exclusive>
 </clothing>
 <clothing>
  <id>
   368477313
  </id>
  <name>
   Puma Belts L-4910
  </name>
  <category>
   Belts
  </category>
  <size>
   M
  </size>
  <color>
   Красный
  </color>
  <material>
   Шелк
  </material>
  <price>
   689387
  </price>
  <rating>
   3.89
  </rating>
  <reviews>
   793141
  </reviews>
  <new>
   -
  </new>
 </clothing>
 <clothing>
  <id>
   197770536
  </id>
  <name>
   Lacoste Socks P-6945
  </name>
  <category>
   Socks
  </category>
  <size>
   L
  </size>
  <color>
   Оранжевый
  </color>
  <material>
   Нейлон
  </material>
  <price>
   826543
  </price>
  <rating>
   1.29
  </rating>
  <reviews>
   628391
  </reviews>
 </clothing>
 <clothing>
  <id>
   442219655
  </id>
  <name>
   Converse Jacket P-3802
  </name>
  <category>
   Jacket
  </category>
  <size>
   XL
  </size>
  <color>
   Оранжевый
  </color>
  <material>
   Вискоза
  </material>
  <price>
   738248
  </price>
  <rating>
   2.13
  </rating>
  <reviews>
   874723
  </reviews>
  <new>
   +
  </new>
  <exclusive>
   no
  </exclusive>
 </clothing>
 <clothing>
  <id>
   812276899
  </id>
  <name>
   Ellesse Blouse V-4805
  </name>
  <category>
   Blouse
  </category>
  <size>
   S
  </size>
  <color>
   Зеленый
  </color>
  <material>
   Шелк
  </material>
  <price>
   335580
  </price>
  <rating>
   4.65
  </rating>
  <reviews>
   601161
  </reviews>
  <new>
   -
  </new>
  <sporty>
   no
  </sporty>
 </clothing>
 <clothing>
  <id>
   945046797
  </id>
  <name>
   Under Armour Skirt Y-8057
  </name>
  <category>
   Skirt
  </category>
  <size>
   L
  </size>
  <color>
   Фиолетовый
  </color>
  <material>
   Полиэстер
  </material>
  <price>
   774692
  </price>
  <rating>
   1.14
  </rating>
  <reviews>
   966956
  </reviews>
  <new>
   -
  </new>
  <exclusive>
   no
  </exclusive>
  <sporty>
   no
  </sporty>
 </clothing>
 <clothing>
  <id>
   104581037
  </id>
  <name>
   Puma Handbags I-1993
  </name>
  <category>
   Handbags
  </category>
  <size>
   S
  </size>
  <color>
   Желтый
  </color>
  <material>
   Нейлон
  </material>
  <price>
   983952
  </price>
  <rating>
   3.47
  </rating>
  <reviews>
   847950
  </reviews>
  <new>
   -
  </new>
  <sporty>
   no
  </sporty>
 </clothing>
 <clothing>
  <id>
   892968382
  </id>
  <name>
   Fila Jacket S-4535
  </name>
  <category>
   Jacket
  </category>
  <size>
   XL
  </size>
  <color>
   Красный
  </color>
  <material>
   Лен
  </material>
  <price>
   795703
  </price>
  <rating>
   2.38
  </rating>
  <reviews>
   959382
  </reviews>
  <new>
   +
  </new>
  <sporty>
   no
  </sporty>
 </clothing>
 <clothing>
  <id>
   286329088
  </id>
  <name>
   Converse Jeans J-1523
  </name>
  <category>
   Jeans
  </category>
  <size>
   L
  </size>
  <color>
   Оранжевый
  </color>
  <material>
   Вискоза
  </material>
  <price>
   961919
  </price>
  <rating>
   3.56
  </rating>
  <reviews>
   453036
  </reviews>
  <new>
   -
  </new>
  <exclusive>
   yes
  </exclusive>
 </clothing>
 <clothing>
  <id>
   793587819
  </id>
  <name>
   Lacoste Shoes S-5245
  </name>
  <category>
   Shoes
  </category>
  <size>
   XXL
  </size>
  <color>
   Красный
  </color>
  <material>
   Нейлон
  </material>
  <price>
   925506
  </price>
  <rating>
   1.7
  </rating>
  <reviews>
   346610
  </reviews>
  <new>
   +
  </new>
  <sporty>
   no
  </sporty>
 </clothing>
 <clothing>
  <id>
   218482713
  </id>
  <name>
   Reebok Sweater L-9531
  </name>
  <category>
   Sweater
  </category>
  <size>
   XXL
  </size>
  <color>
   Фиолетовый
  </color>
  <material>
   Вискоза
  </material>
  <price>
   600768
  </price>
  <rating>
   3.58
  </rating>
  <reviews>
   882394
  </reviews>
  <new>
   +
  </new>
  <exclusive>
   yes
  </exclusive>
  <sporty>
   no
  </sporty>
 </clothing>
 <clothing>
  <id>
   263306803
  </id>
  <name>
   Lacoste T-shirt F-6801
  </name>
  <category>
   T-shirt
  </category>
  <size>
   L
  </size>
  <color>
   Желтый
  </color>
  <material>
   Вискоза
  </material>
  <price>
   900290
  </price>
  <rating>
   4.64
  </rating>
  <reviews>
   761722
  </reviews>
  <new>
   +
  </new>
  <exclusive>
   yes
  </exclusive>
  <sporty>
   no
  </sporty>
 </clothing>
 <clothing>
  <id>
   963619112
  </id>
  <name>
   Reebok Jeans Q-4685
  </name>
  <category>
   Jeans
  </category>
  <size>
   S
  </size>
  <color>
   Голубой
  </color>
  <material>
   Хлопок
  </material>
  <price>
   474434
  </price>
  <rating>
   3.72
  </rating>
  <reviews>
   417417
  </reviews>
  <new>
   -
  </new>
  <sporty>
   no
  </sporty>
 </clothing>
 <clothing>
  <id>
   461257552
  </id>
  <name>
   Under Armour Gloves W-9973
  </name>
  <category>
   Gloves
  </category>
  <size>
   XL
  </size>
  <color>
   Фиолетовый
  </color>
  <material>
   Лен
  </material>
  <price>
   709259
  </price>
  <rating>
   4.16
  </rating>
  <reviews>
   494716
  </reviews>
  <new>
   -
  </new>
  <sporty>
   no
  </sporty>
 </clothing>
 <clothing>
  <id>
   700926677
  </id>
  <name>
   Vans Pants J-5621
  </name>
  <category>
   Pants
  </category>
  <size>
   L
  </size>
  <color>
   Синий
  </color>
  <material>
   Лен
  </material>
  <price>
   443042
  </price>
  <rating>
   2.36
  </rating>
  <reviews>
   839255
  </reviews>
  <new>
   +
  </new>
  <exclusive>
   no
  </exclusive>
 </clothing>
 <clothing>
  <id>
   996955076
  </id>
  <name>
   Lacoste Sweater Q-9168
  </name>
  <category>
   Sweater
  </category>
  <size>
   L
  </size>
  <color>
   Фиолетовый
  </color>
  <material>
   Вискоза
  </material>
  <price>
   609320
  </price>
  <rating>
   4.8
  </rating>
  <reviews>
   522776
  </reviews>
  <new>
   -
  </new>
  <exclusive>
   yes
  </exclusive>
  <sporty>
   no
  </sporty>
 </clothing>
</clothing-items>
