<?xml version="1.0" encoding="utf-8"?>
<clothing-items>
 <clothing>
  <id>
   885351944
  </id>
  <name>
   Nike Dress F-8878
  </name>
  <category>
   Dress
  </category>
  <size>
   XL
  </size>
  <color>
   Фиолетовый
  </color>
  <material>
   Лен
  </material>
  <price>
   639796
  </price>
  <rating>
   4.82
  </rating>
  <reviews>
   730433
  </reviews>
  <new>
   -
  </new>
  <exclusive>
   no
  </exclusive>
  <sporty>
   no
  </sporty>
 </clothing>
 <clothing>
  <id>
   378679296
  </id>
  <name>
   New Balance Belts L-6049
  </name>
  <category>
   Belts
  </category>
  <size>
   M
  </size>
  <color>
   Оранжевый
  </color>
  <material>
   Лен
  </material>
  <price>
   964176
  </price>
  <rating>
   2.22
  </rating>
  <reviews>
   335306
  </reviews>
  <new>
   -
  </new>
  <sporty>
   no
  </sporty>
 </clothing>
 <clothing>
  <id>
   103923357
  </id>
  <name>
   Brooks Gloves K-8249
  </name>
  <category>
   Gloves
  </category>
  <size>
   S
  </size>
  <color>
   Синий
  </color>
  <material>
   Полиэстер
  </material>
  <price>
   124612
  </price>
  <rating>
   1.04
  </rating>
  <reviews>
   751412
  </reviews>
  <new>
   -
  </new>
 </clothing>
 <clothing>
  <id>
   118546262
  </id>
  <name>
   Converse Skirt Q-1575
  </name>
  <category>
   Skirt
  </category>
  <size>
   XXL
  </size>
  <color>
   Красный
  </color>
  <material>
   Лен
  </material>
  <price>
   754541
  </price>
  <rating>
   2.66
  </rating>
  <reviews>
   150736
  </reviews>
  <new>
   +
  </new>
 </clothing>
 <clothing>
  <id>
   656837245
  </id>
  <name>
   New Balance Dress T-3274
  </name>
  <category>
   Dress
  </category>
  <size>
   XL
  </size>
  <color>
   Голубой
  </color>
  <material>
   Шелк
  </material>
  <price>
   404467
  </price>
  <rating>
   3.45
  </rating>
  <reviews>
   791562
  </reviews>
  <exclusive>
   yes
  </exclusive>
  <sporty>
   yes
  </sporty>
 </clothing>
 <clothing>
  <id>
   417715291
  </id>
  <name>
   Reebok Sweater H-2031
  </name>
  <category>
   Sweater
  </category>
  <size>
   XXL
  </size>
  <color>
   Зеленый
  </color>
  <material>
   Хлопок
  </material>
  <price>
   361066
  </price>
  <rating>
   4.53
  </rating>
  <reviews>
   467101
  </reviews>
  <exclusive>
   no
  </exclusive>
 </clothing>
 <clothing>
  <id>
   445637310
  </id>
  <name>
   Nike Handbags A-8697
  </name>
  <category>
   Handbags
  </category>
  <size>
   L
  </size>
  <color>
   Оранжевый
  </color>
  <material>
   Хлопок
  </material>
  <price>
   668830
  </price>
  <rating>
   3.79
  </rating>
  <reviews>
   42046
  </reviews>
  <new>
   -
  </new>
 </clothing>
 <clothing>
  <id>
   207041154
  </id>
  <name>
   New Balance Shoes W-8032
  </name>
  <category>
   Shoes
  </category>
  <size>
   L
  </size>
  <color>
   Голубой
  </color>
  <material>
   Лен
  </material>
  <price>
   895009
  </price>
  <rating>
   3.64
  </rating>
  <reviews>
   886761
  </reviews>
  <new>
   -
  </new>
  <exclusive>
   yes
  </exclusive>
 </clothing>
 <clothing>
  <id>
   210607643
  </id>
  <name>
   Reebok Hat D-2731
  </name>
  <category>
   Hat
  </category>
  <size>
   M
  </size>
  <color>
   Зеленый
  </color>
  <material>
   Полиэстер
  </material>
  <price>
   244297
  </price>
  <rating>
   1.49
  </rating>
  <reviews>
   967887
  </reviews>
  <new>
   -
  </new>
  <sporty>
   no
  </sporty>
 </clothing>
 <clothing>
  <id>
   397468479
  </id>
  <name>
   DC Gloves X-1086
  </name>
  <category>
   Gloves
  </category>
  <size>
   XXL
  </size>
  <color>
   Голубой
  </color>
  <material>
   Полиэстер
  </material>
  <price>
   858367
  </price>
  <rating>
   4.02
  </rating>
  <reviews>
   262521
  </reviews>
  <new>
   +
  </new>
  <exclusive>
   yes
  </exclusive>
 </clothing>
 <clothing>
  <id>
   315183222
  </id>
  <name>
   Fila Jeans B-9135
  </name>
  <category>
   Jeans
  </category>
  <size>
   XL
  </size>
  <color>
   Оранжевый
  </color>
  <material>
   Хлопок
  </material>
  <price>
   649741
  </price>
  <rating>
   2.67
  </rating>
  <reviews>
   38289
  </reviews>
  <exclusive>
   no
  </exclusive>
 </clothing>
 <clothing>
  <id>
   883826140
  </id>
  <name>
   New Balance Jacket B-3156
  </name>
  <category>
   Jacket
  </category>
  <size>
   XL
  </size>
  <color>
   Желтый
  </color>
  <material>
   Полиэстер
  </material>
  <price>
   914059
  </price>
  <rating>
   3.43
  </rating>
  <reviews>
   750879
  </reviews>
  <new>
   -
  </new>
  <exclusive>
   no
  </exclusive>
 </clothing>
 <clothing>
  <id>
   248821796
  </id>
  <name>
   Fila Hat M-5577
  </name>
  <category>
   Hat
  </category>
  <size>
   S
  </size>
  <color>
   Синий
  </color>
  <material>
   Кожа
  </material>
  <price>
   644252
  </price>
  <rating>
   1.11
  </rating>
  <reviews>
   811606
  </reviews>
  <new>
   -
  </new>
  <sporty>
   yes
  </sporty>
 </clothing>
 <clothing>
  <id>
   653361682
  </id>
  <name>
   Brooks Jeans K-4989
  </name>
  <category>
   Jeans
  </category>
  <size>
   XXL
  </size>
  <color>
   Фиолетовый
  </color>
  <material>
   Шелк
  </material>
  <price>
   883595
  </price>
  <rating>
   3.63
  </rating>
  <reviews>
   506745
  </reviews>
  <exclusive>
   yes
  </exclusive>
  <sporty>
   yes
  </sporty>
 </clothing>
 <clothing>
  <id>
   326899689
  </id>
  <name>
   Reebok Shirt U-4003
  </name>
  <category>
   Shirt
  </category>
  <size>
   XXL
  </size>
  <color>
   Синий
  </color>
  <material>
   Полиэстер
  </material>
  <price>
   772040
  </price>
  <rating>
   3.19
  </rating>
  <reviews>
   988479
  </reviews>
  <new>
   +
  </new>
  <exclusive>
   yes
  </exclusive>
  <sporty>
   no
  </sporty>
 </clothing>
</clothing-items>
