<?xml version="1.0" encoding="utf-8"?>
<clothing-items>
 <clothing>
  <id>
   627021778
  </id>
  <name>
   Puma Handbags E-2158
  </name>
  <category>
   Handbags
  </category>
  <size>
   XXL
  </size>
  <color>
   Желтый
  </color>
  <material>
   Вискоза
  </material>
  <price>
   826507
  </price>
  <rating>
   3.01
  </rating>
  <reviews>
   248343
  </reviews>
  <exclusive>
   no
  </exclusive>
  <sporty>
   no
  </sporty>
 </clothing>
 <clothing>
  <id>
   631789503
  </id>
  <name>
   Ellesse Blouse L-3535
  </name>
  <category>
   Blouse
  </category>
  <size>
   L
  </size>
  <color>
   Фиолетовый
  </color>
  <material>
   Кожа
  </material>
  <price>
   976774
  </price>
  <rating>
   4.92
  </rating>
  <reviews>
   507800
  </reviews>
  <new>
   -
  </new>
  <sporty>
   no
  </sporty>
 </clothing>
 <clothing>
  <id>
   230940183
  </id>
  <name>
   DC Jeans U-4404
  </name>
  <category>
   Jeans
  </category>
  <size>
   XL
  </size>
  <color>
   Голубой
  </color>
  <material>
   Шелк
  </material>
  <price>
   207599
  </price>
  <rating>
   3.93
  </rating>
  <reviews>
   756735
  </reviews>
  <new>
   +
  </new>
  <exclusive>
   yes
  </exclusive>
  <sporty>
   no
  </sporty>
 </clothing>
 <clothing>
  <id>
   824481390
  </id>
  <name>
   Vans Blouse K-9958
  </name>
  <category>
   Blouse
  </category>
  <size>
   M
  </size>
  <color>
   Зеленый
  </color>
  <material>
   Хлопок
  </material>
  <price>
   196057
  </price>
  <rating>
   3.31
  </rating>
  <reviews>
   255122
  </reviews>
  <new>
   -
  </new>
  <sporty>
   no
  </sporty>
 </clothing>
 <clothing>
  <id>
   436863388
  </id>
  <name>
   New Balance Sweater W-5385
  </name>
  <category>
   Sweater
  </category>
  <size>
   XL
  </size>
  <color>
   Желтый
  </color>
  <material>
   Хлопок
  </material>
  <price>
   657920
  </price>
  <rating>
   2.26
  </rating>
  <reviews>
   679623
  </reviews>
  <new>
   -
  </new>
  <exclusive>
   yes
  </exclusive>
  <sporty>
   no
  </sporty>
 </clothing>
 <clothing>
  <id>
   747203280
  </id>
  <name>
   Brooks Hat R-6321
  </name>
  <category>
   Hat
  </category>
  <size>
   XL
  </size>
  <color>
   Желтый
  </color>
  <material>
   Кожа
  </material>
  <price>
   235584
  </price>
  <rating>
   4.02
  </rating>
  <reviews>
   987487
  </reviews>
 </clothing>
 <clothing>
  <id>
   785568139
  </id>
  <name>
   Reebok Umbrellas N-7500
  </name>
  <category>
   Umbrellas
  </category>
  <size>
   L
  </size>
  <color>
   Оранжевый
  </color>
  <material>
   Кожа
  </material>
  <price>
   377828
  </price>
  <rating>
   1.51
  </rating>
  <reviews>
   996770
  </reviews>
 </clothing>
 <clothing>
  <id>
   910329017
  </id>
  <name>
   Nike Hat V-4041
  </name>
  <category>
   Hat
  </category>
  <size>
   XXL
  </size>
  <color>
   Синий
  </color>
  <material>
   Шелк
  </material>
  <price>
   761243
  </price>
  <rating>
   1.91
  </rating>
  <reviews>
   193389
  </reviews>
  <new>
   +
  </new>
  <exclusive>
   no
  </exclusive>
  <sporty>
   no
  </sporty>
 </clothing>
 <clothing>
  <id>
   136217928
  </id>
  <name>
   Nike Jacket X-1953
  </name>
  <category>
   Jacket
  </category>
  <size>
   M
  </size>
  <color>
   Зеленый
  </color>
  <material>
   Полиэстер
  </material>
  <price>
   217948
  </price>
  <rating>
   3.69
  </rating>
  <reviews>
   909497
  </reviews>
 </clothing>
 <clothing>
  <id>
   427994262
  </id>
  <name>
   Converse Gloves M-4404
  </name>
  <category>
   Gloves
  </category>
  <size>
   S
  </size>
  <color>
   Голубой
  </color>
  <material>
   Полиэстер
  </material>
  <price>
   788983
  </price>
  <rating>
   2.48
  </rating>
  <reviews>
   549228
  </reviews>
 </clothing>
 <clothing>
  <id>
   215810146
  </id>
  <name>
   Ellesse Handbags Z-6381
  </name>
  <category>
   Handbags
  </category>
  <size>
   XXL
  </size>
  <color>
   Желтый
  </color>
  <material>
   Шелк
  </material>
  <price>
   404474
  </price>
  <rating>
   4.24
  </rating>
  <reviews>
   448343
  </reviews>
  <exclusive>
   no
  </exclusive>
 </clothing>
 <clothing>
  <id>
   819000548
  </id>
  <name>
   Addidas T-shirt W-6574
  </name>
  <category>
   T-shirt
  </category>
  <size>
   L
  </size>
  <color>
   Фиолетовый
  </color>
  <material>
   Полиэстер
  </material>
  <price>
   887197
  </price>
  <rating>
   1.79
  </rating>
  <reviews>
   371204
  </reviews>
  <new>
   +
  </new>
  <sporty>
   yes
  </sporty>
 </clothing>
 <clothing>
  <id>
   168279983
  </id>
  <name>
   Ellesse Handbags A-7816
  </name>
  <category>
   Handbags
  </category>
  <size>
   S
  </size>
  <color>
   Красный
  </color>
  <material>
   Шерсть
  </material>
  <price>
   679000
  </price>
  <rating>
   3.37
  </rating>
  <reviews>
   87125
  </reviews>
  <exclusive>
   no
  </exclusive>
 </clothing>
 <clothing>
  <id>
   386657713
  </id>
  <name>
   Puma Skirt O-4931
  </name>
  <category>
   Skirt
  </category>
  <size>
   L
  </size>
  <color>
   Желтый
  </color>
  <material>
   Полиэстер
  </material>
  <price>
   484332
  </price>
  <rating>
   1.19
  </rating>
  <reviews>
   65608
  </reviews>
  <new>
   -
  </new>
  <sporty>
   yes
  </sporty>
 </clothing>
 <clothing>
  <id>
   217813319
  </id>
  <name>
   Lacoste Pants J-5605
  </name>
  <category>
   Pants
  </category>
  <size>
   XL
  </size>
  <color>
   Желтый
  </color>
  <material>
   Нейлон
  </material>
  <price>
   529539
  </price>
  <rating>
   2.29
  </rating>
  <reviews>
   950763
  </reviews>
  <new>
   -
  </new>
  <exclusive>
   no
  </exclusive>
  <sporty>
   no
  </sporty>
 </clothing>
 <clothing>
  <id>
   123210194
  </id>
  <name>
   Brooks Umbrellas Z-7960
  </name>
  <category>
   Umbrellas
  </category>
  <size>
   S
  </size>
  <color>
   Оранжевый
  </color>
  <material>
   Вискоза
  </material>
  <price>
   798506
  </price>
  <rating>
   2.52
  </rating>
  <reviews>
   999530
  </reviews>
  <new>
   +
  </new>
  <exclusive>
   no
  </exclusive>
  <sporty>
   yes
  </sporty>
 </clothing>
 <clothing>
  <id>
   185666502
  </id>
  <name>
   DC Blouse T-1651
  </name>
  <category>
   Blouse
  </category>
  <size>
   S
  </size>
  <color>
   Фиолетовый
  </color>
  <material>
   Хлопок
  </material>
  <price>
   752454
  </price>
  <rating>
   1.1
  </rating>
  <reviews>
   175291
  </reviews>
  <exclusive>
   yes
  </exclusive>
 </clothing>
 <clothing>
  <id>
   981938884
  </id>
  <name>
   Lacoste Umbrellas N-4514
  </name>
  <category>
   Umbrellas
  </category>
  <size>
   S
  </size>
  <color>
   Оранжевый
  </color>
  <material>
   Лен
  </material>
  <price>
   355642
  </price>
  <rating>
   2.32
  </rating>
  <reviews>
   511181
  </reviews>
  <new>
   +
  </new>
  <sporty>
   no
  </sporty>
 </clothing>
 <clothing>
  <id>
   561327679
  </id>
  <name>
   Lacoste Socks I-1718
  </name>
  <category>
   Socks
  </category>
  <size>
   L
  </size>
  <color>
   Синий
  </color>
  <material>
   Шерсть
  </material>
  <price>
   247136
  </price>
  <rating>
   4.94
  </rating>
  <reviews>
   682424
  </reviews>
 </clothing>
 <clothing>
  <id>
   255225456
  </id>
  <name>
   PleinSport Shoes P-7980
  </name>
  <category>
   Shoes
  </category>
  <size>
   XL
  </size>
  <color>
   Фиолетовый
  </color>
  <material>
   Шелк
  </material>
  <price>
   552242
  </price>
  <rating>
   2.12
  </rating>
  <reviews>
   177297
  </reviews>
  <new>
   +
  </new>
  <sporty>
   yes
  </sporty>
 </clothing>
 <clothing>
  <id>
   768931626
  </id>
  <name>
   New Balance Jeans X-5661
  </name>
  <category>
   Jeans
  </category>
  <size>
   XXL
  </size>
  <color>
   Оранжевый
  </color>
  <material>
   Кожа
  </material>
  <price>
   619790
  </price>
  <rating>
   1.53
  </rating>
  <reviews>
   57801
  </reviews>
  <new>
   -
  </new>
  <exclusive>
   no
  </exclusive>
 </clothing>
 <clothing>
  <id>
   569462734
  </id>
  <name>
   Under Armour Socks D-2786
  </name>
  <category>
   Socks
  </category>
  <size>
   L
  </size>
  <color>
   Красный
  </color>
  <material>
   Нейлон
  </material>
  <price>
   297224
  </price>
  <rating>
   1.45
  </rating>
  <reviews>
   758420
  </reviews>
  <new>
   +
  </new>
 </clothing>
 <clothing>
  <id>
   919206881
  </id>
  <name>
   New Balance Jacket Q-6727
  </name>
  <category>
   Jacket
  </category>
  <size>
   L
  </size>
  <color>
   Голубой
  </color>
  <material>
   Полиэстер
  </material>
  <price>
   243390
  </price>
  <rating>
   3.96
  </rating>
  <reviews>
   137636
  </reviews>
  <exclusive>
   yes
  </exclusive>
  <sporty>
   yes
  </sporty>
 </clothing>
 <clothing>
  <id>
   190943751
  </id>
  <name>
   Lacoste Sweater Z-9376
  </name>
  <category>
   Sweater
  </category>
  <size>
   M
  </size>
  <color>
   Фиолетовый
  </color>
  <material>
   Полиэстер
  </material>
  <price>
   112423
  </price>
  <rating>
   2.77
  </rating>
  <reviews>
   253290
  </reviews>
  <new>
   +
  </new>
  <sporty>
   yes
  </sporty>
 </clothing>
 <clothing>
  <id>
   601019274
  </id>
  <name>
   Addidas Dress X-3430
  </name>
  <category>
   Dress
  </category>
  <size>
   L
  </size>
  <color>
   Фиолетовый
  </color>
  <material>
   Лен
  </material>
  <price>
   354583
  </price>
  <rating>
   4.05
  </rating>
  <reviews>
   406928
  </reviews>
  <new>
   +
  </new>
  <exclusive>
   yes
  </exclusive>
  <sporty>
   no
  </sporty>
 </clothing>
 <clothing>
  <id>
   998779861
  </id>
  <name>
   Brooks Socks D-9232
  </name>
  <category>
   Socks
  </category>
  <size>
   M
  </size>
  <color>
   Зеленый
  </color>
  <material>
   Полиэстер
  </material>
  <price>
   109050
  </price>
  <rating>
   2.54
  </rating>
  <reviews>
   680385
  </reviews>
  <new>
   +
  </new>
  <sporty>
   no
  </sporty>
 </clothing>
 <clothing>
  <id>
   793864771
  </id>
  <name>
   Reebok Skirt N-9503
  </name>
  <category>
   Skirt
  </category>
  <size>
   L
  </size>
  <color>
   Оранжевый
  </color>
  <material>
   Полиэстер
  </material>
  <price>
   464867
  </price>
  <rating>
   3.89
  </rating>
  <reviews>
   529028
  </reviews>
  <new>
   -
  </new>
  <exclusive>
   yes
  </exclusive>
 </clothing>
 <clothing>
  <id>
   807195369
  </id>
  <name>
   Under Armour T-shirt U-7811
  </name>
  <category>
   T-shirt
  </category>
  <size>
   S
  </size>
  <color>
   Желтый
  </color>
  <material>
   Лен
  </material>
  <price>
   401447
  </price>
  <rating>
   1.78
  </rating>
  <reviews>
   731735
  </reviews>
  <new>
   -
  </new>
  <exclusive>
   no
  </exclusive>
  <sporty>
   yes
  </sporty>
 </clothing>
 <clothing>
  <id>
   113294900
  </id>
  <name>
   Puma Pants R-2334
  </name>
  <category>
   Pants
  </category>
  <size>
   XL
  </size>
  <color>
   Зеленый
  </color>
  <material>
   Шерсть
  </material>
  <price>
   187364
  </price>
  <rating>
   2.09
  </rating>
  <reviews>
   924523
  </reviews>
  <new>
   -
  </new>
  <exclusive>
   no
  </exclusive>
  <sporty>
   no
  </sporty>
 </clothing>
 <clothing>
  <id>
   991030477
  </id>
  <name>
   Nike Belts W-1995
  </name>
  <category>
   Belts
  </category>
  <size>
   XXL
  </size>
  <color>
   Желтый
  </color>
  <material>
   Вискоза
  </material>
  <price>
   402117
  </price>
  <rating>
   2.2
  </rating>
  <reviews>
   705162
  </reviews>
  <new>
   +
  </new>
  <exclusive>
   no
  </exclusive>
 </clothing>
 <clothing>
  <id>
   751516213
  </id>
  <name>
   Converse Sweater Q-2014
  </name>
  <category>
   Sweater
  </category>
  <size>
   XL
  </size>
  <color>
   Красный
  </color>
  <material>
   Нейлон
  </material>
  <price>
   832356
  </price>
  <rating>
   1.74
  </rating>
  <reviews>
   397500
  </reviews>
  <new>
   -
  </new>
  <exclusive>
   yes
  </exclusive>
  <sporty>
   yes
  </sporty>
 </clothing>
 <clothing>
  <id>
   747183824
  </id>
  <name>
   Ellesse Gloves F-4110
  </name>
  <category>
   Gloves
  </category>
  <size>
   S
  </size>
  <color>
   Желтый
  </color>
  <material>
   Шерсть
  </material>
  <price>
   330728
  </price>
  <rating>
   2.26
  </rating>
  <reviews>
   395712
  </reviews>
  <exclusive>
   no
  </exclusive>
  <sporty>
   yes
  </sporty>
 </clothing>
 <clothing>
  <id>
   908798761
  </id>
  <name>
   Ellesse Sweater Y-6822
  </name>
  <category>
   Sweater
  </category>
  <size>
   XXL
  </size>
  <color>
   Фиолетовый
  </color>
  <material>
   Вискоза
  </material>
  <price>
   453585
  </price>
  <rating>
   1.81
  </rating>
  <reviews>
   834603
  </reviews>
  <exclusive>
   yes
  </exclusive>
  <sporty>
   no
  </sporty>
 </clothing>
 <clothing>
  <id>
   974096519
  </id>
  <name>
   Under Armour T-shirt C-4654
  </name>
  <category>
   T-shirt
  </category>
  <size>
   S
  </size>
  <color>
   Желтый
  </color>
  <material>
   Полиэстер
  </material>
  <price>
   189978
  </price>
  <rating>
   1.52
  </rating>
  <reviews>
   511955
  </reviews>
  <new>
   +
  </new>
  <sporty>
   yes
  </sporty>
 </clothing>
 <clothing>
  <id>
   735430311
  </id>
  <name>
   Under Armour Shoes C-6860
  </name>
  <category>
   Shoes
  </category>
  <size>
   L
  </size>
  <color>
   Красный
  </color>
  <material>
   Нейлон
  </material>
  <price>
   930129
  </price>
  <rating>
   4.02
  </rating>
  <reviews>
   302643
  </reviews>
  <new>
   +
  </new>
  <exclusive>
   no
  </exclusive>
  <sporty>
   no
  </sporty>
 </clothing>
 <clothing>
  <id>
   977103707
  </id>
  <name>
   Fila Socks E-6236
  </name>
  <category>
   Socks
  </category>
  <size>
   M
  </size>
  <color>
   Фиолетовый
  </color>
  <material>
   Шелк
  </material>
  <price>
   208896
  </price>
  <rating>
   2.02
  </rating>
  <reviews>
   706815
  </reviews>
  <exclusive>
   yes
  </exclusive>
  <sporty>
   yes
  </sporty>
 </clothing>
 <clothing>
  <id>
   754804259
  </id>
  <name>
   Brooks Handbags G-5393
  </name>
  <category>
   Handbags
  </category>
  <size>
   M
  </size>
  <color>
   Оранжевый
  </color>
  <material>
   Шерсть
  </material>
  <price>
   324724
  </price>
  <rating>
   4.23
  </rating>
  <reviews>
   402580
  </reviews>
  <new>
   -
  </new>
  <exclusive>
   yes
  </exclusive>
  <sporty>
   no
  </sporty>
 </clothing>
 <clothing>
  <id>
   627992339
  </id>
  <name>
   Ellesse Belts H-7713
  </name>
  <category>
   Belts
  </category>
  <size>
   M
  </size>
  <color>
   Синий
  </color>
  <material>
   Вискоза
  </material>
  <price>
   735532
  </price>
  <rating>
   4.83
  </rating>
  <reviews>
   723971
  </reviews>
  <exclusive>
   no
  </exclusive>
  <sporty>
   yes
  </sporty>
 </clothing>
 <clothing>
  <id>
   138566175
  </id>
  <name>
   Brooks Shirt A-1543
  </name>
  <category>
   Shirt
  </category>
  <size>
   L
  </size>
  <color>
   Фиолетовый
  </color>
  <material>
   Кожа
  </material>
  <price>
   453971
  </price>
  <rating>
   2.14
  </rating>
  <reviews>
   968518
  </reviews>
  <new>
   +
  </new>
  <exclusive>
   yes
  </exclusive>
 </clothing>
 <clothing>
  <id>
   165957616
  </id>
  <name>
   Asics Umbrellas Q-9410
  </name>
  <category>
   Umbrellas
  </category>
  <size>
   M
  </size>
  <color>
   Желтый
  </color>
  <material>
   Шерсть
  </material>
  <price>
   807674
  </price>
  <rating>
   1.37
  </rating>
  <reviews>
   848001
  </reviews>
  <new>
   +
  </new>
  <exclusive>
   yes
  </exclusive>
  <sporty>
   no
  </sporty>
 </clothing>
 <clothing>
  <id>
   224256693
  </id>
  <name>
   Vans Handbags L-8848
  </name>
  <category>
   Handbags
  </category>
  <size>
   S
  </size>
  <color>
   Синий
  </color>
  <material>
   Полиэстер
  </material>
  <price>
   979784
  </price>
  <rating>
   4.9
  </rating>
  <reviews>
   706996
  </reviews>
  <new>
   -
  </new>
  <exclusive>
   yes
  </exclusive>
  <sporty>
   no
  </sporty>
 </clothing>
 <clothing>
  <id>
   616519997
  </id>
  <name>
   Addidas Jacket V-9552
  </name>
  <category>
   Jacket
  </category>
  <size>
   L
  </size>
  <color>
   Голубой
  </color>
  <material>
   Лен
  </material>
  <price>
   298986
  </price>
  <rating>
   1.24
  </rating>
  <reviews>
   319927
  </reviews>
  <exclusive>
   no
  </exclusive>
  <sporty>
   no
  </sporty>
 </clothing>
 <clothing>
  <id>
   572393694
  </id>
  <name>
   PleinSport Jacket W-7168
  </name>
  <category>
   Jacket
  </category>
  <size>
   S
  </size>
  <color>
   Оранжевый
  </color>
  <material>
   Полиэстер
  </material>
  <price>
   854650
  </price>
  <rating>
   3.88
  </rating>
  <reviews>
   428365
  </reviews>
  <new>
   +
  </new>
  <exclusive>
   no
  </exclusive>
  <sporty>
   yes
  </sporty>
 </clothing>
 <clothing>
  <id>
   253301647
  </id>
  <name>
   Converse Shoes K-1077
  </name>
  <category>
   Shoes
  </category>
  <size>
   XXL
  </size>
  <color>
   Фиолетовый
  </color>
  <material>
   Шелк
  </material>
  <price>
   296144
  </price>
  <rating>
   1.11
  </rating>
  <reviews>
   749329
  </reviews>
  <exclusive>
   yes
  </exclusive>
  <sporty>
   no
  </sporty>
 </clothing>
 <clothing>
  <id>
   750278083
  </id>
  <name>
   Ellesse Belts N-8950
  </name>
  <category>
   Belts
  </category>
  <size>
   L
  </size>
  <color>
   Желтый
  </color>
  <material>
   Шелк
  </material>
  <price>
   772734
  </price>
  <rating>
   4.07
  </rating>
  <reviews>
   703843
  </reviews>
  <new>
   +
  </new>
 </clothing>
 <clothing>
  <id>
   937589790
  </id>
  <name>
   Addidas Jeans W-2300
  </name>
  <category>
   Jeans
  </category>
  <size>
   XXL
  </size>
  <color>
   Желтый
  </color>
  <material>
   Шерсть
  </material>
  <price>
   937440
  </price>
  <rating>
   2.28
  </rating>
  <reviews>
   350956
  </reviews>
  <new>
   -
  </new>
 </clothing>
</clothing-items>
