<?xml version="1.0" encoding="utf-8"?>
<clothing-items>
 <clothing>
  <id>
   855555542
  </id>
  <name>
   DC Sweater H-9521
  </name>
  <category>
   Sweater
  </category>
  <size>
   XL
  </size>
  <color>
   Зеленый
  </color>
  <material>
   Кожа
  </material>
  <price>
   808427
  </price>
  <rating>
   1.73
  </rating>
  <reviews>
   385013
  </reviews>
  <exclusive>
   yes
  </exclusive>
  <sporty>
   yes
  </sporty>
 </clothing>
 <clothing>
  <id>
   756749785
  </id>
  <name>
   Brooks Pants P-7435
  </name>
  <category>
   Pants
  </category>
  <size>
   L
  </size>
  <color>
   Фиолетовый
  </color>
  <material>
   Кожа
  </material>
  <price>
   547450
  </price>
  <rating>
   2.52
  </rating>
  <reviews>
   481406
  </reviews>
  <new>
   -
  </new>
 </clothing>
 <clothing>
  <id>
   800041057
  </id>
  <name>
   Under Armour Shoes Q-2978
  </name>
  <category>
   Shoes
  </category>
  <size>
   S
  </size>
  <color>
   Красный
  </color>
  <material>
   Шелк
  </material>
  <price>
   425514
  </price>
  <rating>
   4.64
  </rating>
  <reviews>
   935413
  </reviews>
  <sporty>
   yes
  </sporty>
 </clothing>
 <clothing>
  <id>
   493741206
  </id>
  <name>
   Under Armour Jeans E-5685
  </name>
  <category>
   Jeans
  </category>
  <size>
   L
  </size>
  <color>
   Синий
  </color>
  <material>
   Кожа
  </material>
  <price>
   954833
  </price>
  <rating>
   1.11
  </rating>
  <reviews>
   318530
  </reviews>
  <new>
   -
  </new>
  <exclusive>
   no
  </exclusive>
 </clothing>
 <clothing>
  <id>
   515228678
  </id>
  <name>
   Ellesse Skirt M-9384
  </name>
  <category>
   Skirt
  </category>
  <size>
   XL
  </size>
  <color>
   Фиолетовый
  </color>
  <material>
   Вискоза
  </material>
  <price>
   710863
  </price>
  <rating>
   3.93
  </rating>
  <reviews>
   426385
  </reviews>
  <new>
   -
  </new>
  <sporty>
   no
  </sporty>
 </clothing>
 <clothing>
  <id>
   512448758
  </id>
  <name>
   Lacoste T-shirt X-6022
  </name>
  <category>
   T-shirt
  </category>
  <size>
   L
  </size>
  <color>
   Зеленый
  </color>
  <material>
   Шелк
  </material>
  <price>
   669019
  </price>
  <rating>
   4.9
  </rating>
  <reviews>
   791686
  </reviews>
  <exclusive>
   yes
  </exclusive>
 </clothing>
 <clothing>
  <id>
   536909818
  </id>
  <name>
   Reebok Shoes L-3613
  </name>
  <category>
   Shoes
  </category>
  <size>
   XL
  </size>
  <color>
   Фиолетовый
  </color>
  <material>
   Вискоза
  </material>
  <price>
   367673
  </price>
  <rating>
   1.11
  </rating>
  <reviews>
   398662
  </reviews>
  <new>
   -
  </new>
  <exclusive>
   yes
  </exclusive>
  <sporty>
   yes
  </sporty>
 </clothing>
 <clothing>
  <id>
   956668940
  </id>
  <name>
   DC Umbrellas I-5518
  </name>
  <category>
   Umbrellas
  </category>
  <size>
   M
  </size>
  <color>
   Зеленый
  </color>
  <material>
   Шерсть
  </material>
  <price>
   796584
  </price>
  <rating>
   1.04
  </rating>
  <reviews>
   39664
  </reviews>
  <sporty>
   no
  </sporty>
 </clothing>
 <clothing>
  <id>
   343519871
  </id>
  <name>
   PleinSport Pants H-8701
  </name>
  <category>
   Pants
  </category>
  <size>
   M
  </size>
  <color>
   Желтый
  </color>
  <material>
   Полиэстер
  </material>
  <price>
   312986
  </price>
  <rating>
   3.16
  </rating>
  <reviews>
   612178
  </reviews>
  <new>
   -
  </new>
  <sporty>
   no
  </sporty>
 </clothing>
 <clothing>
  <id>
   126806151
  </id>
  <name>
   Vans Jacket O-3257
  </name>
  <category>
   Jacket
  </category>
  <size>
   S
  </size>
  <color>
   Оранжевый
  </color>
  <material>
   Хлопок
  </material>
  <price>
   302531
  </price>
  <rating>
   1.74
  </rating>
  <reviews>
   590609
  </reviews>
  <new>
   +
  </new>
  <exclusive>
   no
  </exclusive>
 </clothing>
 <clothing>
  <id>
   863362378
  </id>
  <name>
   Ellesse Umbrellas P-1368
  </name>
  <category>
   Umbrellas
  </category>
  <size>
   S
  </size>
  <color>
   Голубой
  </color>
  <material>
   Шерсть
  </material>
  <price>
   184434
  </price>
  <rating>
   1.44
  </rating>
  <reviews>
   989499
  </reviews>
  <new>
   +
  </new>
  <sporty>
   no
  </sporty>
 </clothing>
 <clothing>
  <id>
   535154763
  </id>
  <name>
   Ellesse Umbrellas O-2962
  </name>
  <category>
   Umbrellas
  </category>
  <size>
   L
  </size>
  <color>
   Красный
  </color>
  <material>
   Кожа
  </material>
  <price>
   587349
  </price>
  <rating>
   1.58
  </rating>
  <reviews>
   856592
  </reviews>
  <new>
   +
  </new>
  <exclusive>
   no
  </exclusive>
 </clothing>
 <clothing>
  <id>
   982643774
  </id>
  <name>
   PleinSport Umbrellas J-8992
  </name>
  <category>
   Umbrellas
  </category>
  <size>
   S
  </size>
  <color>
   Синий
  </color>
  <material>
   Шелк
  </material>
  <price>
   238361
  </price>
  <rating>
   1.7
  </rating>
  <reviews>
   68373
  </reviews>
  <sporty>
   yes
  </sporty>
 </clothing>
 <clothing>
  <id>
   921482129
  </id>
  <name>
   Vans Shirt X-9925
  </name>
  <category>
   Shirt
  </category>
  <size>
   XL
  </size>
  <color>
   Фиолетовый
  </color>
  <material>
   Шерсть
  </material>
  <price>
   593339
  </price>
  <rating>
   1.42
  </rating>
  <reviews>
   31880
  </reviews>
  <exclusive>
   no
  </exclusive>
  <sporty>
   yes
  </sporty>
 </clothing>
</clothing-items>
