<?xml version="1.0" encoding="utf-8"?>
<clothing-items>
 <clothing>
  <id>
   340888784
  </id>
  <name>
   Asics Skirt T-7698
  </name>
  <category>
   Skirt
  </category>
  <size>
   XXL
  </size>
  <color>
   Голубой
  </color>
  <material>
   Шерсть
  </material>
  <price>
   910081
  </price>
  <rating>
   3.02
  </rating>
  <reviews>
   797455
  </reviews>
  <new>
   -
  </new>
 </clothing>
 <clothing>
  <id>
   675629061
  </id>
  <name>
   PleinSport Pants E-2833
  </name>
  <category>
   Pants
  </category>
  <size>
   L
  </size>
  <color>
   Голубой
  </color>
  <material>
   Нейлон
  </material>
  <price>
   404978
  </price>
  <rating>
   1.47
  </rating>
  <reviews>
   374757
  </reviews>
  <sporty>
   no
  </sporty>
 </clothing>
 <clothing>
  <id>
   530887420
  </id>
  <name>
   PleinSport Dress A-3964
  </name>
  <category>
   Dress
  </category>
  <size>
   S
  </size>
  <color>
   Голубой
  </color>
  <material>
   Шерсть
  </material>
  <price>
   806527
  </price>
  <rating>
   4.37
  </rating>
  <reviews>
   871177
  </reviews>
 </clothing>
 <clothing>
  <id>
   231824688
  </id>
  <name>
   Brooks T-shirt V-7727
  </name>
  <category>
   T-shirt
  </category>
  <size>
   L
  </size>
  <color>
   Синий
  </color>
  <material>
   Лен
  </material>
  <price>
   422892
  </price>
  <rating>
   1.12
  </rating>
  <reviews>
   435322
  </reviews>
  <exclusive>
   no
  </exclusive>
  <sporty>
   yes
  </sporty>
 </clothing>
 <clothing>
  <id>
   596433008
  </id>
  <name>
   Lacoste Dress O-6605
  </name>
  <category>
   Dress
  </category>
  <size>
   M
  </size>
  <color>
   Синий
  </color>
  <material>
   Кожа
  </material>
  <price>
   162718
  </price>
  <rating>
   2.96
  </rating>
  <reviews>
   163007
  </reviews>
  <new>
   +
  </new>
  <exclusive>
   no
  </exclusive>
 </clothing>
 <clothing>
  <id>
   203293186
  </id>
  <name>
   Ellesse Socks N-4779
  </name>
  <category>
   Socks
  </category>
  <size>
   M
  </size>
  <color>
   Желтый
  </color>
  <material>
   Нейлон
  </material>
  <price>
   381801
  </price>
  <rating>
   4.94
  </rating>
  <reviews>
   376301
  </reviews>
  <exclusive>
   no
  </exclusive>
 </clothing>
 <clothing>
  <id>
   946891557
  </id>
  <name>
   Adidas Sweater X-5601
  </name>
  <category>
   Sweater
  </category>
  <size>
   M
  </size>
  <color>
   Зеленый
  </color>
  <material>
   Кожа
  </material>
  <price>
   248103
  </price>
  <rating>
   4.03
  </rating>
  <reviews>
   187805
  </reviews>
  <new>
   +
  </new>
  <exclusive>
   yes
  </exclusive>
 </clothing>
 <clothing>
  <id>
   366703003
  </id>
  <name>
   DC Dress V-5475
  </name>
  <category>
   Dress
  </category>
  <size>
   XL
  </size>
  <color>
   Фиолетовый
  </color>
  <material>
   Кожа
  </material>
  <price>
   867797
  </price>
  <rating>
   1.69
  </rating>
  <reviews>
   679266
  </reviews>
  <sporty>
   yes
  </sporty>
 </clothing>
 <clothing>
  <id>
   650341345
  </id>
  <name>
   Lacoste Skirt N-1231
  </name>
  <category>
   Skirt
  </category>
  <size>
   XL
  </size>
  <color>
   Красный
  </color>
  <material>
   Хлопок
  </material>
  <price>
   590941
  </price>
  <rating>
   2.95
  </rating>
  <reviews>
   510507
  </reviews>
  <exclusive>
   yes
  </exclusive>
  <sporty>
   yes
  </sporty>
 </clothing>
 <clothing>
  <id>
   133006390
  </id>
  <name>
   Addidas Handbags V-6157
  </name>
  <category>
   Handbags
  </category>
  <size>
   M
  </size>
  <color>
   Фиолетовый
  </color>
  <material>
   Лен
  </material>
  <price>
   653669
  </price>
  <rating>
   3.04
  </rating>
  <reviews>
   522317
  </reviews>
  <exclusive>
   no
  </exclusive>
  <sporty>
   yes
  </sporty>
 </clothing>
 <clothing>
  <id>
   177911941
  </id>
  <name>
   DC Gloves I-1021
  </name>
  <category>
   Gloves
  </category>
  <size>
   XXL
  </size>
  <color>
   Синий
  </color>
  <material>
   Лен
  </material>
  <price>
   435722
  </price>
  <rating>
   1.19
  </rating>
  <reviews>
   237947
  </reviews>
  <new>
   -
  </new>
  <exclusive>
   no
  </exclusive>
  <sporty>
   no
  </sporty>
 </clothing>
 <clothing>
  <id>
   125431792
  </id>
  <name>
   Addidas Jacket G-1293
  </name>
  <category>
   Jacket
  </category>
  <size>
   XXL
  </size>
  <color>
   Оранжевый
  </color>
  <material>
   Полиэстер
  </material>
  <price>
   501984
  </price>
  <rating>
   2.28
  </rating>
  <reviews>
   908239
  </reviews>
  <new>
   -
  </new>
  <sporty>
   no
  </sporty>
 </clothing>
 <clothing>
  <id>
   520252504
  </id>
  <name>
   Under Armour Blouse V-4300
  </name>
  <category>
   Blouse
  </category>
  <size>
   XXL
  </size>
  <color>
   Синий
  </color>
  <material>
   Нейлон
  </material>
  <price>
   809339
  </price>
  <rating>
   1.34
  </rating>
  <reviews>
   193976
  </reviews>
  <new>
   -
  </new>
  <sporty>
   yes
  </sporty>
 </clothing>
 <clothing>
  <id>
   858818430
  </id>
  <name>
   Puma Skirt Y-8145
  </name>
  <category>
   Skirt
  </category>
  <size>
   XL
  </size>
  <color>
   Голубой
  </color>
  <material>
   Шелк
  </material>
  <price>
   287472
  </price>
  <rating>
   2.53
  </rating>
  <reviews>
   905215
  </reviews>
  <new>
   -
  </new>
  <exclusive>
   no
  </exclusive>
  <sporty>
   no
  </sporty>
 </clothing>
 <clothing>
  <id>
   480615570
  </id>
  <name>
   Fila Jacket D-5472
  </name>
  <category>
   Jacket
  </category>
  <size>
   L
  </size>
  <color>
   Синий
  </color>
  <material>
   Шелк
  </material>
  <price>
   908478
  </price>
  <rating>
   1.78
  </rating>
  <reviews>
   237605
  </reviews>
  <new>
   -
  </new>
  <exclusive>
   no
  </exclusive>
 </clothing>
 <clothing>
  <id>
   577043838
  </id>
  <name>
   Vans Jeans A-9324
  </name>
  <category>
   Jeans
  </category>
  <size>
   XL
  </size>
  <color>
   Желтый
  </color>
  <material>
   Полиэстер
  </material>
  <price>
   847759
  </price>
  <rating>
   1.06
  </rating>
  <reviews>
   48355
  </reviews>
  <exclusive>
   yes
  </exclusive>
 </clothing>
 <clothing>
  <id>
   852265231
  </id>
  <name>
   Addidas Umbrellas W-8644
  </name>
  <category>
   Umbrellas
  </category>
  <size>
   XXL
  </size>
  <color>
   Синий
  </color>
  <material>
   Шерсть
  </material>
  <price>
   188676
  </price>
  <rating>
   3.34
  </rating>
  <reviews>
   646370
  </reviews>
 </clothing>
 <clothing>
  <id>
   336396659
  </id>
  <name>
   Adidas Sweater Q-9260
  </name>
  <category>
   Sweater
  </category>
  <size>
   XXL
  </size>
  <color>
   Зеленый
  </color>
  <material>
   Полиэстер
  </material>
  <price>
   633082
  </price>
  <rating>
   1.11
  </rating>
  <reviews>
   14560
  </reviews>
  <new>
   +
  </new>
  <exclusive>
   no
  </exclusive>
 </clothing>
 <clothing>
  <id>
   702375665
  </id>
  <name>
   New Balance Shirt N-6722
  </name>
  <category>
   Shirt
  </category>
  <size>
   XL
  </size>
  <color>
   Оранжевый
  </color>
  <material>
   Вискоза
  </material>
  <price>
   153117
  </price>
  <rating>
   4.45
  </rating>
  <reviews>
   707792
  </reviews>
  <new>
   +
  </new>
  <exclusive>
   yes
  </exclusive>
  <sporty>
   no
  </sporty>
 </clothing>
 <clothing>
  <id>
   447338449
  </id>
  <name>
   Adidas Umbrellas Y-6538
  </name>
  <category>
   Umbrellas
  </category>
  <size>
   M
  </size>
  <color>
   Голубой
  </color>
  <material>
   Вискоза
  </material>
  <price>
   632399
  </price>
  <rating>
   4.22
  </rating>
  <reviews>
   721131
  </reviews>
  <sporty>
   no
  </sporty>
 </clothing>
 <clothing>
  <id>
   436133844
  </id>
  <name>
   Asics Socks Q-4183
  </name>
  <category>
   Socks
  </category>
  <size>
   XXL
  </size>
  <color>
   Синий
  </color>
  <material>
   Шелк
  </material>
  <price>
   363927
  </price>
  <rating>
   1.86
  </rating>
  <reviews>
   820440
  </reviews>
  <new>
   -
  </new>
  <exclusive>
   yes
  </exclusive>
 </clothing>
 <clothing>
  <id>
   752083936
  </id>
  <name>
   PleinSport Jeans Z-7821
  </name>
  <category>
   Jeans
  </category>
  <size>
   L
  </size>
  <color>
   Оранжевый
  </color>
  <material>
   Вискоза
  </material>
  <price>
   444248
  </price>
  <rating>
   1.2
  </rating>
  <reviews>
   670885
  </reviews>
  <exclusive>
   no
  </exclusive>
 </clothing>
 <clothing>
  <id>
   853442027
  </id>
  <name>
   Reebok Skirt Q-2048
  </name>
  <category>
   Skirt
  </category>
  <size>
   M
  </size>
  <color>
   Фиолетовый
  </color>
  <material>
   Хлопок
  </material>
  <price>
   875296
  </price>
  <rating>
   4.42
  </rating>
  <reviews>
   46878
  </reviews>
  <exclusive>
   no
  </exclusive>
 </clothing>
 <clothing>
  <id>
   614446197
  </id>
  <name>
   Addidas Handbags B-9916
  </name>
  <category>
   Handbags
  </category>
  <size>
   XL
  </size>
  <color>
   Фиолетовый
  </color>
  <material>
   Хлопок
  </material>
  <price>
   906167
  </price>
  <rating>
   2.51
  </rating>
  <reviews>
   958210
  </reviews>
  <new>
   +
  </new>
 </clothing>
 <clothing>
  <id>
   130725949
  </id>
  <name>
   Vans Hat K-8749
  </name>
  <category>
   Hat
  </category>
  <size>
   XL
  </size>
  <color>
   Синий
  </color>
  <material>
   Кожа
  </material>
  <price>
   138930
  </price>
  <rating>
   1.22
  </rating>
  <reviews>
   179488
  </reviews>
  <exclusive>
   no
  </exclusive>
  <sporty>
   no
  </sporty>
 </clothing>
 <clothing>
  <id>
   267326801
  </id>
  <name>
   Brooks Sweater Z-8589
  </name>
  <category>
   Sweater
  </category>
  <size>
   L
  </size>
  <color>
   Голубой
  </color>
  <material>
   Нейлон
  </material>
  <price>
   920562
  </price>
  <rating>
   1.79
  </rating>
  <reviews>
   123260
  </reviews>
  <exclusive>
   yes
  </exclusive>
 </clothing>
 <clothing>
  <id>
   541207537
  </id>
  <name>
   Adidas Hat U-2344
  </name>
  <category>
   Hat
  </category>
  <size>
   L
  </size>
  <color>
   Оранжевый
  </color>
  <material>
   Шелк
  </material>
  <price>
   305262
  </price>
  <rating>
   4.44
  </rating>
  <reviews>
   530300
  </reviews>
  <new>
   +
  </new>
  <exclusive>
   yes
  </exclusive>
  <sporty>
   yes
  </sporty>
 </clothing>
 <clothing>
  <id>
   755444991
  </id>
  <name>
   Puma Shoes P-2298
  </name>
  <category>
   Shoes
  </category>
  <size>
   M
  </size>
  <color>
   Синий
  </color>
  <material>
   Шелк
  </material>
  <price>
   250425
  </price>
  <rating>
   3.83
  </rating>
  <reviews>
   930423
  </reviews>
  <sporty>
   yes
  </sporty>
 </clothing>
 <clothing>
  <id>
   543619709
  </id>
  <name>
   New Balance Hat U-7774
  </name>
  <category>
   Hat
  </category>
  <size>
   XXL
  </size>
  <color>
   Желтый
  </color>
  <material>
   Вискоза
  </material>
  <price>
   476055
  </price>
  <rating>
   4.74
  </rating>
  <reviews>
   408606
  </reviews>
  <sporty>
   yes
  </sporty>
 </clothing>
 <clothing>
  <id>
   575338737
  </id>
  <name>
   PleinSport Dress U-6606
  </name>
  <category>
   Dress
  </category>
  <size>
   M
  </size>
  <color>
   Красный
  </color>
  <material>
   Нейлон
  </material>
  <price>
   384052
  </price>
  <rating>
   4.07
  </rating>
  <reviews>
   13030
  </reviews>
  <new>
   -
  </new>
  <sporty>
   yes
  </sporty>
 </clothing>
 <clothing>
  <id>
   454938428
  </id>
  <name>
   Adidas Sweater C-1032
  </name>
  <category>
   Sweater
  </category>
  <size>
   S
  </size>
  <color>
   Желтый
  </color>
  <material>
   Нейлон
  </material>
  <price>
   156082
  </price>
  <rating>
   3.39
  </rating>
  <reviews>
   153115
  </reviews>
  <new>
   -
  </new>
  <exclusive>
   no
  </exclusive>
  <sporty>
   no
  </sporty>
 </clothing>
 <clothing>
  <id>
   380458916
  </id>
  <name>
   Adidas Handbags S-7963
  </name>
  <category>
   Handbags
  </category>
  <size>
   S
  </size>
  <color>
   Зеленый
  </color>
  <material>
   Полиэстер
  </material>
  <price>
   590653
  </price>
  <rating>
   1.29
  </rating>
  <reviews>
   729401
  </reviews>
  <new>
   +
  </new>
 </clothing>
 <clothing>
  <id>
   710453256
  </id>
  <name>
   Ellesse Jacket V-2883
  </name>
  <category>
   Jacket
  </category>
  <size>
   XXL
  </size>
  <color>
   Оранжевый
  </color>
  <material>
   Шелк
  </material>
  <price>
   878580
  </price>
  <rating>
   3.06
  </rating>
  <reviews>
   610263
  </reviews>
  <new>
   -
  </new>
  <exclusive>
   no
  </exclusive>
 </clothing>
 <clothing>
  <id>
   956253172
  </id>
  <name>
   Nike Pants Z-6087
  </name>
  <category>
   Pants
  </category>
  <size>
   L
  </size>
  <color>
   Зеленый
  </color>
  <material>
   Полиэстер
  </material>
  <price>
   325071
  </price>
  <rating>
   2.65
  </rating>
  <reviews>
   832362
  </reviews>
  <new>
   -
  </new>
  <exclusive>
   yes
  </exclusive>
  <sporty>
   yes
  </sporty>
 </clothing>
 <clothing>
  <id>
   805688106
  </id>
  <name>
   New Balance Dress M-3591
  </name>
  <category>
   Dress
  </category>
  <size>
   XL
  </size>
  <color>
   Красный
  </color>
  <material>
   Нейлон
  </material>
  <price>
   584708
  </price>
  <rating>
   3.49
  </rating>
  <reviews>
   111707
  </reviews>
 </clothing>
 <clothing>
  <id>
   435934796
  </id>
  <name>
   Vans Skirt Q-4824
  </name>
  <category>
   Skirt
  </category>
  <size>
   M
  </size>
  <color>
   Оранжевый
  </color>
  <material>
   Лен
  </material>
  <price>
   666703
  </price>
  <rating>
   1.11
  </rating>
  <reviews>
   193354
  </reviews>
  <sporty>
   yes
  </sporty>
 </clothing>
 <clothing>
  <id>
   420727288
  </id>
  <name>
   PleinSport Umbrellas G-2128
  </name>
  <category>
   Umbrellas
  </category>
  <size>
   S
  </size>
  <color>
   Голубой
  </color>
  <material>
   Полиэстер
  </material>
  <price>
   214310
  </price>
  <rating>
   1.42
  </rating>
  <reviews>
   969948
  </reviews>
  <new>
   +
  </new>
  <exclusive>
   no
  </exclusive>
  <sporty>
   no
  </sporty>
 </clothing>
 <clothing>
  <id>
   173265953
  </id>
  <name>
   Reebok Blouse B-9412
  </name>
  <category>
   Blouse
  </category>
  <size>
   S
  </size>
  <color>
   Желтый
  </color>
  <material>
   Полиэстер
  </material>
  <price>
   326835
  </price>
  <rating>
   3.04
  </rating>
  <reviews>
   706678
  </reviews>
  <new>
   -
  </new>
  <exclusive>
   yes
  </exclusive>
  <sporty>
   yes
  </sporty>
 </clothing>
 <clothing>
  <id>
   880038561
  </id>
  <name>
   Asics Dress M-8589
  </name>
  <category>
   Dress
  </category>
  <size>
   XXL
  </size>
  <color>
   Желтый
  </color>
  <material>
   Хлопок
  </material>
  <price>
   871525
  </price>
  <rating>
   2.25
  </rating>
  <reviews>
   997380
  </reviews>
  <exclusive>
   no
  </exclusive>
  <sporty>
   no
  </sporty>
 </clothing>
 <clothing>
  <id>
   571603008
  </id>
  <name>
   Under Armour T-shirt J-6866
  </name>
  <category>
   T-shirt
  </category>
  <size>
   XL
  </size>
  <color>
   Синий
  </color>
  <material>
   Хлопок
  </material>
  <price>
   973470
  </price>
  <rating>
   2.67
  </rating>
  <reviews>
   287275
  </reviews>
  <new>
   +
  </new>
  <exclusive>
   no
  </exclusive>
  <sporty>
   no
  </sporty>
 </clothing>
</clothing-items>
