<?xml version="1.0" encoding="utf-8"?>
<clothing-items>
 <clothing>
  <id>
   598839521
  </id>
  <name>
   Converse Handbags Z-5430
  </name>
  <category>
   Handbags
  </category>
  <size>
   S
  </size>
  <color>
   Фиолетовый
  </color>
  <material>
   Шерсть
  </material>
  <price>
   537434
  </price>
  <rating>
   4.55
  </rating>
  <reviews>
   905186
  </reviews>
  <new>
   +
  </new>
  <exclusive>
   yes
  </exclusive>
  <sporty>
   yes
  </sporty>
 </clothing>
 <clothing>
  <id>
   921085012
  </id>
  <name>
   Lacoste Shoes T-8219
  </name>
  <category>
   Shoes
  </category>
  <size>
   S
  </size>
  <color>
   Желтый
  </color>
  <material>
   Нейлон
  </material>
  <price>
   305693
  </price>
  <rating>
   3.7
  </rating>
  <reviews>
   437009
  </reviews>
  <new>
   -
  </new>
  <exclusive>
   no
  </exclusive>
  <sporty>
   no
  </sporty>
 </clothing>
 <clothing>
  <id>
   452662451
  </id>
  <name>
   Ellesse Blouse H-7342
  </name>
  <category>
   Blouse
  </category>
  <size>
   M
  </size>
  <color>
   Оранжевый
  </color>
  <material>
   Нейлон
  </material>
  <price>
   595204
  </price>
  <rating>
   3.46
  </rating>
  <reviews>
   787161
  </reviews>
 </clothing>
 <clothing>
  <id>
   123324691
  </id>
  <name>
   DC Shoes N-1221
  </name>
  <category>
   Shoes
  </category>
  <size>
   XXL
  </size>
  <color>
   Красный
  </color>
  <material>
   Кожа
  </material>
  <price>
   822185
  </price>
  <rating>
   2.93
  </rating>
  <reviews>
   122879
  </reviews>
 </clothing>
 <clothing>
  <id>
   972467767
  </id>
  <name>
   Brooks Hat D-7517
  </name>
  <category>
   Hat
  </category>
  <size>
   XXL
  </size>
  <color>
   Синий
  </color>
  <material>
   Кожа
  </material>
  <price>
   223532
  </price>
  <rating>
   3.77
  </rating>
  <reviews>
   116365
  </reviews>
  <new>
   +
  </new>
  <sporty>
   no
  </sporty>
 </clothing>
 <clothing>
  <id>
   322118867
  </id>
  <name>
   Asics Jacket P-4977
  </name>
  <category>
   Jacket
  </category>
  <size>
   S
  </size>
  <color>
   Фиолетовый
  </color>
  <material>
   Нейлон
  </material>
  <price>
   306019
  </price>
  <rating>
   1.14
  </rating>
  <reviews>
   538847
  </reviews>
  <new>
   -
  </new>
  <exclusive>
   no
  </exclusive>
 </clothing>
 <clothing>
  <id>
   762659035
  </id>
  <name>
   Brooks Belts E-8023
  </name>
  <category>
   Belts
  </category>
  <size>
   L
  </size>
  <color>
   Зеленый
  </color>
  <material>
   Полиэстер
  </material>
  <price>
   720567
  </price>
  <rating>
   3.13
  </rating>
  <reviews>
   359159
  </reviews>
  <exclusive>
   no
  </exclusive>
  <sporty>
   no
  </sporty>
 </clothing>
 <clothing>
  <id>
   820925090
  </id>
  <name>
   Adidas Dress Y-3311
  </name>
  <category>
   Dress
  </category>
  <size>
   S
  </size>
  <color>
   Фиолетовый
  </color>
  <material>
   Лен
  </material>
  <price>
   530047
  </price>
  <rating>
   1.85
  </rating>
  <reviews>
   745285
  </reviews>
  <new>
   -
  </new>
  <exclusive>
   no
  </exclusive>
 </clothing>
 <clothing>
  <id>
   256676665
  </id>
  <name>
   Fila Blouse A-4331
  </name>
  <category>
   Blouse
  </category>
  <size>
   XXL
  </size>
  <color>
   Оранжевый
  </color>
  <material>
   Хлопок
  </material>
  <price>
   139124
  </price>
  <rating>
   1.85
  </rating>
  <reviews>
   531011
  </reviews>
 </clothing>
 <clothing>
  <id>
   158853586
  </id>
  <name>
   PleinSport Gloves X-5194
  </name>
  <category>
   Gloves
  </category>
  <size>
   M
  </size>
  <color>
   Красный
  </color>
  <material>
   Кожа
  </material>
  <price>
   457426
  </price>
  <rating>
   4.11
  </rating>
  <reviews>
   126840
  </reviews>
  <sporty>
   no
  </sporty>
 </clothing>
 <clothing>
  <id>
   320824620
  </id>
  <name>
   New Balance Handbags R-9038
  </name>
  <category>
   Handbags
  </category>
  <size>
   S
  </size>
  <color>
   Красный
  </color>
  <material>
   Хлопок
  </material>
  <price>
   979387
  </price>
  <rating>
   1.03
  </rating>
  <reviews>
   44812
  </reviews>
  <new>
   -
  </new>
 </clothing>
 <clothing>
  <id>
   805161349
  </id>
  <name>
   Under Armour Shoes P-3476
  </name>
  <category>
   Shoes
  </category>
  <size>
   XXL
  </size>
  <color>
   Зеленый
  </color>
  <material>
   Лен
  </material>
  <price>
   582865
  </price>
  <rating>
   3.16
  </rating>
  <reviews>
   161248
  </reviews>
  <exclusive>
   no
  </exclusive>
  <sporty>
   no
  </sporty>
 </clothing>
 <clothing>
  <id>
   748137473
  </id>
  <name>
   Nike Shoes G-4603
  </name>
  <category>
   Shoes
  </category>
  <size>
   XXL
  </size>
  <color>
   Голубой
  </color>
  <material>
   Лен
  </material>
  <price>
   924855
  </price>
  <rating>
   2.77
  </rating>
  <reviews>
   8593
  </reviews>
  <new>
   +
  </new>
  <exclusive>
   yes
  </exclusive>
  <sporty>
   no
  </sporty>
 </clothing>
 <clothing>
  <id>
   869211756
  </id>
  <name>
   Reebok Sweater O-5037
  </name>
  <category>
   Sweater
  </category>
  <size>
   XXL
  </size>
  <color>
   Зеленый
  </color>
  <material>
   Вискоза
  </material>
  <price>
   390633
  </price>
  <rating>
   2.89
  </rating>
  <reviews>
   126400
  </reviews>
  <new>
   -
  </new>
 </clothing>
 <clothing>
  <id>
   744039364
  </id>
  <name>
   Reebok Belts B-1685
  </name>
  <category>
   Belts
  </category>
  <size>
   XL
  </size>
  <color>
   Оранжевый
  </color>
  <material>
   Лен
  </material>
  <price>
   517990
  </price>
  <rating>
   4.67
  </rating>
  <reviews>
   751869
  </reviews>
  <new>
   -
  </new>
  <exclusive>
   yes
  </exclusive>
  <sporty>
   no
  </sporty>
 </clothing>
 <clothing>
  <id>
   233461986
  </id>
  <name>
   Reebok Sweater N-9365
  </name>
  <category>
   Sweater
  </category>
  <size>
   XL
  </size>
  <color>
   Красный
  </color>
  <material>
   Шерсть
  </material>
  <price>
   931245
  </price>
  <rating>
   4.36
  </rating>
  <reviews>
   475492
  </reviews>
  <new>
   +
  </new>
  <exclusive>
   no
  </exclusive>
  <sporty>
   yes
  </sporty>
 </clothing>
 <clothing>
  <id>
   145837376
  </id>
  <name>
   New Balance Shoes Y-7903
  </name>
  <category>
   Shoes
  </category>
  <size>
   L
  </size>
  <color>
   Голубой
  </color>
  <material>
   Шерсть
  </material>
  <price>
   145297
  </price>
  <rating>
   1.57
  </rating>
  <reviews>
   919410
  </reviews>
 </clothing>
 <clothing>
  <id>
   176348588
  </id>
  <name>
   PleinSport Jacket G-1240
  </name>
  <category>
   Jacket
  </category>
  <size>
   L
  </size>
  <color>
   Красный
  </color>
  <material>
   Полиэстер
  </material>
  <price>
   283037
  </price>
  <rating>
   1.78
  </rating>
  <reviews>
   723250
  </reviews>
  <exclusive>
   no
  </exclusive>
 </clothing>
 <clothing>
  <id>
   783359768
  </id>
  <name>
   Asics Dress X-2085
  </name>
  <category>
   Dress
  </category>
  <size>
   S
  </size>
  <color>
   Голубой
  </color>
  <material>
   Лен
  </material>
  <price>
   389225
  </price>
  <rating>
   3.49
  </rating>
  <reviews>
   227144
  </reviews>
  <new>
   -
  </new>
  <sporty>
   no
  </sporty>
 </clothing>
 <clothing>
  <id>
   949584634
  </id>
  <name>
   Under Armour Sweater Y-7473
  </name>
  <category>
   Sweater
  </category>
  <size>
   XXL
  </size>
  <color>
   Оранжевый
  </color>
  <material>
   Лен
  </material>
  <price>
   900300
  </price>
  <rating>
   4.29
  </rating>
  <reviews>
   802102
  </reviews>
  <sporty>
   no
  </sporty>
 </clothing>
 <clothing>
  <id>
   126763871
  </id>
  <name>
   Converse Jeans I-6650
  </name>
  <category>
   Jeans
  </category>
  <size>
   M
  </size>
  <color>
   Зеленый
  </color>
  <material>
   Кожа
  </material>
  <price>
   695321
  </price>
  <rating>
   1.99
  </rating>
  <reviews>
   24026
  </reviews>
  <exclusive>
   yes
  </exclusive>
 </clothing>
 <clothing>
  <id>
   412813635
  </id>
  <name>
   DC Hat F-8330
  </name>
  <category>
   Hat
  </category>
  <size>
   XXL
  </size>
  <color>
   Красный
  </color>
  <material>
   Вискоза
  </material>
  <price>
   464071
  </price>
  <rating>
   2.96
  </rating>
  <reviews>
   771575
  </reviews>
  <new>
   -
  </new>
  <exclusive>
   yes
  </exclusive>
  <sporty>
   yes
  </sporty>
 </clothing>
 <clothing>
  <id>
   598264900
  </id>
  <name>
   Reebok Pants N-2742
  </name>
  <category>
   Pants
  </category>
  <size>
   M
  </size>
  <color>
   Голубой
  </color>
  <material>
   Нейлон
  </material>
  <price>
   677311
  </price>
  <rating>
   2.56
  </rating>
  <reviews>
   852118
  </reviews>
  <exclusive>
   yes
  </exclusive>
  <sporty>
   yes
  </sporty>
 </clothing>
 <clothing>
  <id>
   605448921
  </id>
  <name>
   Brooks Belts M-7204
  </name>
  <category>
   Belts
  </category>
  <size>
   XXL
  </size>
  <color>
   Фиолетовый
  </color>
  <material>
   Шерсть
  </material>
  <price>
   237964
  </price>
  <rating>
   4.38
  </rating>
  <reviews>
   603609
  </reviews>
  <new>
   -
  </new>
  <exclusive>
   yes
  </exclusive>
  <sporty>
   no
  </sporty>
 </clothing>
 <clothing>
  <id>
   431441188
  </id>
  <name>
   DC Umbrellas G-5074
  </name>
  <category>
   Umbrellas
  </category>
  <size>
   XL
  </size>
  <color>
   Оранжевый
  </color>
  <material>
   Полиэстер
  </material>
  <price>
   518891
  </price>
  <rating>
   4.19
  </rating>
  <reviews>
   984259
  </reviews>
  <new>
   +
  </new>
  <exclusive>
   yes
  </exclusive>
 </clothing>
 <clothing>
  <id>
   738323023
  </id>
  <name>
   DC Blouse Z-4589
  </name>
  <category>
   Blouse
  </category>
  <size>
   M
  </size>
  <color>
   Зеленый
  </color>
  <material>
   Вискоза
  </material>
  <price>
   525093
  </price>
  <rating>
   2.07
  </rating>
  <reviews>
   64949
  </reviews>
  <exclusive>
   yes
  </exclusive>
  <sporty>
   yes
  </sporty>
 </clothing>
 <clothing>
  <id>
   407499748
  </id>
  <name>
   Puma Gloves T-9765
  </name>
  <category>
   Gloves
  </category>
  <size>
   M
  </size>
  <color>
   Синий
  </color>
  <material>
   Вискоза
  </material>
  <price>
   271698
  </price>
  <rating>
   4.61
  </rating>
  <reviews>
   714784
  </reviews>
 </clothing>
 <clothing>
  <id>
   714410975
  </id>
  <name>
   Vans Handbags E-9757
  </name>
  <category>
   Handbags
  </category>
  <size>
   M
  </size>
  <color>
   Голубой
  </color>
  <material>
   Шелк
  </material>
  <price>
   180964
  </price>
  <rating>
   1.06
  </rating>
  <reviews>
   920482
  </reviews>
  <sporty>
   yes
  </sporty>
 </clothing>
 <clothing>
  <id>
   905155423
  </id>
  <name>
   Reebok Jeans C-4039
  </name>
  <category>
   Jeans
  </category>
  <size>
   S
  </size>
  <color>
   Голубой
  </color>
  <material>
   Хлопок
  </material>
  <price>
   839785
  </price>
  <rating>
   3.61
  </rating>
  <reviews>
   541802
  </reviews>
  <new>
   -
  </new>
  <exclusive>
   yes
  </exclusive>
  <sporty>
   no
  </sporty>
 </clothing>
</clothing-items>
