<?xml version="1.0" encoding="utf-8"?>
<clothing-items>
 <clothing>
  <id>
   645064522
  </id>
  <name>
   Converse Hat J-3395
  </name>
  <category>
   Hat
  </category>
  <size>
   XXL
  </size>
  <color>
   Желтый
  </color>
  <material>
   Шерсть
  </material>
  <price>
   576984
  </price>
  <rating>
   3.51
  </rating>
  <reviews>
   807213
  </reviews>
  <new>
   -
  </new>
 </clothing>
 <clothing>
  <id>
   597130961
  </id>
  <name>
   Under Armour Skirt F-4025
  </name>
  <category>
   Skirt
  </category>
  <size>
   M
  </size>
  <color>
   Голубой
  </color>
  <material>
   Шерсть
  </material>
  <price>
   490208
  </price>
  <rating>
   3.24
  </rating>
  <reviews>
   257846
  </reviews>
 </clothing>
 <clothing>
  <id>
   629565142
  </id>
  <name>
   Asics Jeans Q-6711
  </name>
  <category>
   Jeans
  </category>
  <size>
   XXL
  </size>
  <color>
   Синий
  </color>
  <material>
   Лен
  </material>
  <price>
   318927
  </price>
  <rating>
   4.11
  </rating>
  <reviews>
   604178
  </reviews>
 </clothing>
 <clothing>
  <id>
   397251342
  </id>
  <name>
   Ellesse Umbrellas L-8623
  </name>
  <category>
   Umbrellas
  </category>
  <size>
   M
  </size>
  <color>
   Зеленый
  </color>
  <material>
   Полиэстер
  </material>
  <price>
   897043
  </price>
  <rating>
   4.39
  </rating>
  <reviews>
   72999
  </reviews>
  <new>
   +
  </new>
  <exclusive>
   no
  </exclusive>
 </clothing>
 <clothing>
  <id>
   474728741
  </id>
  <name>
   Lacoste Blouse M-5627
  </name>
  <category>
   Blouse
  </category>
  <size>
   XXL
  </size>
  <color>
   Голубой
  </color>
  <material>
   Шелк
  </material>
  <price>
   990086
  </price>
  <rating>
   2.83
  </rating>
  <reviews>
   345691
  </reviews>
  <new>
   +
  </new>
  <sporty>
   no
  </sporty>
 </clothing>
 <clothing>
  <id>
   384879694
  </id>
  <name>
   Addidas Shoes D-7079
  </name>
  <category>
   Shoes
  </category>
  <size>
   XXL
  </size>
  <color>
   Желтый
  </color>
  <material>
   Нейлон
  </material>
  <price>
   373569
  </price>
  <rating>
   2.31
  </rating>
  <reviews>
   379583
  </reviews>
  <exclusive>
   yes
  </exclusive>
 </clothing>
 <clothing>
  <id>
   266219965
  </id>
  <name>
   Ellesse Gloves W-8090
  </name>
  <category>
   Gloves
  </category>
  <size>
   S
  </size>
  <color>
   Желтый
  </color>
  <material>
   Вискоза
  </material>
  <price>
   197777
  </price>
  <rating>
   4.32
  </rating>
  <reviews>
   965463
  </reviews>
  <new>
   -
  </new>
 </clothing>
 <clothing>
  <id>
   612564730
  </id>
  <name>
   Brooks Shoes T-4338
  </name>
  <category>
   Shoes
  </category>
  <size>
   S
  </size>
  <color>
   Красный
  </color>
  <material>
   Шерсть
  </material>
  <price>
   214052
  </price>
  <rating>
   3.25
  </rating>
  <reviews>
   556316
  </reviews>
 </clothing>
 <clothing>
  <id>
   939596314
  </id>
  <name>
   Brooks Belts Y-1722
  </name>
  <category>
   Belts
  </category>
  <size>
   M
  </size>
  <color>
   Зеленый
  </color>
  <material>
   Кожа
  </material>
  <price>
   294122
  </price>
  <rating>
   2.87
  </rating>
  <reviews>
   423994
  </reviews>
  <new>
   +
  </new>
  <sporty>
   no
  </sporty>
 </clothing>
 <clothing>
  <id>
   665120500
  </id>
  <name>
   Reebok Hat G-4566
  </name>
  <category>
   Hat
  </category>
  <size>
   XXL
  </size>
  <color>
   Голубой
  </color>
  <material>
   Шелк
  </material>
  <price>
   786728
  </price>
  <rating>
   2.84
  </rating>
  <reviews>
   803419
  </reviews>
  <new>
   -
  </new>
  <exclusive>
   no
  </exclusive>
  <sporty>
   yes
  </sporty>
 </clothing>
 <clothing>
  <id>
   715950367
  </id>
  <name>
   Ellesse Dress X-7968
  </name>
  <category>
   Dress
  </category>
  <size>
   S
  </size>
  <color>
   Голубой
  </color>
  <material>
   Вискоза
  </material>
  <price>
   930611
  </price>
  <rating>
   2.1
  </rating>
  <reviews>
   637405
  </reviews>
  <exclusive>
   yes
  </exclusive>
  <sporty>
   no
  </sporty>
 </clothing>
 <clothing>
  <id>
   713080805
  </id>
  <name>
   Adidas Socks F-2150
  </name>
  <category>
   Socks
  </category>
  <size>
   XXL
  </size>
  <color>
   Синий
  </color>
  <material>
   Шелк
  </material>
  <price>
   531946
  </price>
  <rating>
   3.47
  </rating>
  <reviews>
   702723
  </reviews>
  <new>
   -
  </new>
  <exclusive>
   no
  </exclusive>
  <sporty>
   no
  </sporty>
 </clothing>
 <clothing>
  <id>
   441884209
  </id>
  <name>
   Fila Blouse A-7657
  </name>
  <category>
   Blouse
  </category>
  <size>
   XXL
  </size>
  <color>
   Оранжевый
  </color>
  <material>
   Кожа
  </material>
  <price>
   799262
  </price>
  <rating>
   3.58
  </rating>
  <reviews>
   930948
  </reviews>
  <exclusive>
   yes
  </exclusive>
  <sporty>
   no
  </sporty>
 </clothing>
 <clothing>
  <id>
   921300107
  </id>
  <name>
   Converse Socks O-7473
  </name>
  <category>
   Socks
  </category>
  <size>
   L
  </size>
  <color>
   Красный
  </color>
  <material>
   Хлопок
  </material>
  <price>
   515938
  </price>
  <rating>
   4.31
  </rating>
  <reviews>
   68028
  </reviews>
  <exclusive>
   no
  </exclusive>
  <sporty>
   yes
  </sporty>
 </clothing>
 <clothing>
  <id>
   672332733
  </id>
  <name>
   Under Armour Skirt L-4061
  </name>
  <category>
   Skirt
  </category>
  <size>
   S
  </size>
  <color>
   Синий
  </color>
  <material>
   Кожа
  </material>
  <price>
   572216
  </price>
  <rating>
   3.73
  </rating>
  <reviews>
   52658
  </reviews>
  <exclusive>
   no
  </exclusive>
 </clothing>
 <clothing>
  <id>
   238651696
  </id>
  <name>
   Vans Sweater I-7893
  </name>
  <category>
   Sweater
  </category>
  <size>
   XXL
  </size>
  <color>
   Желтый
  </color>
  <material>
   Нейлон
  </material>
  <price>
   809080
  </price>
  <rating>
   4.97
  </rating>
  <reviews>
   689950
  </reviews>
  <exclusive>
   yes
  </exclusive>
 </clothing>
 <clothing>
  <id>
   954258014
  </id>
  <name>
   Converse Blouse D-3972
  </name>
  <category>
   Blouse
  </category>
  <size>
   L
  </size>
  <color>
   Зеленый
  </color>
  <material>
   Лен
  </material>
  <price>
   968171
  </price>
  <rating>
   4.45
  </rating>
  <reviews>
   154108
  </reviews>
 </clothing>
 <clothing>
  <id>
   853598240
  </id>
  <name>
   Vans Dress P-7964
  </name>
  <category>
   Dress
  </category>
  <size>
   XL
  </size>
  <color>
   Оранжевый
  </color>
  <material>
   Кожа
  </material>
  <price>
   165054
  </price>
  <rating>
   2.59
  </rating>
  <reviews>
   248116
  </reviews>
  <new>
   -
  </new>
  <sporty>
   no
  </sporty>
 </clothing>
 <clothing>
  <id>
   397155602
  </id>
  <name>
   New Balance Handbags T-6561
  </name>
  <category>
   Handbags
  </category>
  <size>
   S
  </size>
  <color>
   Синий
  </color>
  <material>
   Хлопок
  </material>
  <price>
   941817
  </price>
  <rating>
   2.3
  </rating>
  <reviews>
   256497
  </reviews>
  <new>
   -
  </new>
  <exclusive>
   no
  </exclusive>
 </clothing>
 <clothing>
  <id>
   637074512
  </id>
  <name>
   New Balance Hat K-4978
  </name>
  <category>
   Hat
  </category>
  <size>
   L
  </size>
  <color>
   Фиолетовый
  </color>
  <material>
   Хлопок
  </material>
  <price>
   297686
  </price>
  <rating>
   2.42
  </rating>
  <reviews>
   14885
  </reviews>
  <new>
   -
  </new>
  <sporty>
   yes
  </sporty>
 </clothing>
 <clothing>
  <id>
   657599675
  </id>
  <name>
   Adidas Umbrellas J-9709
  </name>
  <category>
   Umbrellas
  </category>
  <size>
   XL
  </size>
  <color>
   Оранжевый
  </color>
  <material>
   Нейлон
  </material>
  <price>
   946963
  </price>
  <rating>
   1.85
  </rating>
  <reviews>
   399911
  </reviews>
  <new>
   -
  </new>
  <sporty>
   no
  </sporty>
 </clothing>
 <clothing>
  <id>
   713018015
  </id>
  <name>
   Addidas Skirt H-5896
  </name>
  <category>
   Skirt
  </category>
  <size>
   L
  </size>
  <color>
   Фиолетовый
  </color>
  <material>
   Вискоза
  </material>
  <price>
   698384
  </price>
  <rating>
   4.03
  </rating>
  <reviews>
   941401
  </reviews>
  <new>
   -
  </new>
  <exclusive>
   no
  </exclusive>
 </clothing>
 <clothing>
  <id>
   958604220
  </id>
  <name>
   Addidas Gloves F-2177
  </name>
  <category>
   Gloves
  </category>
  <size>
   XL
  </size>
  <color>
   Оранжевый
  </color>
  <material>
   Полиэстер
  </material>
  <price>
   990103
  </price>
  <rating>
   1.39
  </rating>
  <reviews>
   826654
  </reviews>
  <new>
   -
  </new>
  <exclusive>
   yes
  </exclusive>
  <sporty>
   no
  </sporty>
 </clothing>
 <clothing>
  <id>
   354135772
  </id>
  <name>
   New Balance Shirt X-2847
  </name>
  <category>
   Shirt
  </category>
  <size>
   XL
  </size>
  <color>
   Желтый
  </color>
  <material>
   Шерсть
  </material>
  <price>
   564491
  </price>
  <rating>
   2.04
  </rating>
  <reviews>
   807191
  </reviews>
  <exclusive>
   yes
  </exclusive>
  <sporty>
   no
  </sporty>
 </clothing>
 <clothing>
  <id>
   808724583
  </id>
  <name>
   Vans Pants G-1515
  </name>
  <category>
   Pants
  </category>
  <size>
   XXL
  </size>
  <color>
   Синий
  </color>
  <material>
   Шерсть
  </material>
  <price>
   801286
  </price>
  <rating>
   3.73
  </rating>
  <reviews>
   653599
  </reviews>
  <new>
   -
  </new>
  <exclusive>
   yes
  </exclusive>
  <sporty>
   no
  </sporty>
 </clothing>
 <clothing>
  <id>
   428476473
  </id>
  <name>
   Ellesse Blouse O-5795
  </name>
  <category>
   Blouse
  </category>
  <size>
   S
  </size>
  <color>
   Фиолетовый
  </color>
  <material>
   Полиэстер
  </material>
  <price>
   241814
  </price>
  <rating>
   4.29
  </rating>
  <reviews>
   926465
  </reviews>
  <new>
   +
  </new>
  <sporty>
   no
  </sporty>
 </clothing>
 <clothing>
  <id>
   865745211
  </id>
  <name>
   Fila Socks O-9149
  </name>
  <category>
   Socks
  </category>
  <size>
   L
  </size>
  <color>
   Желтый
  </color>
  <material>
   Шерсть
  </material>
  <price>
   466184
  </price>
  <rating>
   4.81
  </rating>
  <reviews>
   598774
  </reviews>
  <new>
   -
  </new>
  <exclusive>
   yes
  </exclusive>
 </clothing>
 <clothing>
  <id>
   333413783
  </id>
  <name>
   Lacoste Shirt T-2263
  </name>
  <category>
   Shirt
  </category>
  <size>
   XL
  </size>
  <color>
   Зеленый
  </color>
  <material>
   Лен
  </material>
  <price>
   594373
  </price>
  <rating>
   1.81
  </rating>
  <reviews>
   510991
  </reviews>
  <new>
   +
  </new>
  <exclusive>
   no
  </exclusive>
 </clothing>
 <clothing>
  <id>
   367770764
  </id>
  <name>
   Under Armour Pants Q-8526
  </name>
  <category>
   Pants
  </category>
  <size>
   L
  </size>
  <color>
   Желтый
  </color>
  <material>
   Вискоза
  </material>
  <price>
   674824
  </price>
  <rating>
   2.85
  </rating>
  <reviews>
   443649
  </reviews>
  <exclusive>
   yes
  </exclusive>
  <sporty>
   no
  </sporty>
 </clothing>
 <clothing>
  <id>
   604367553
  </id>
  <name>
   DC Jacket U-6841
  </name>
  <category>
   Jacket
  </category>
  <size>
   XXL
  </size>
  <color>
   Оранжевый
  </color>
  <material>
   Полиэстер
  </material>
  <price>
   735256
  </price>
  <rating>
   1.21
  </rating>
  <reviews>
   338493
  </reviews>
  <new>
   -
  </new>
  <exclusive>
   yes
  </exclusive>
 </clothing>
 <clothing>
  <id>
   754092885
  </id>
  <name>
   Addidas Gloves Y-8910
  </name>
  <category>
   Gloves
  </category>
  <size>
   XXL
  </size>
  <color>
   Красный
  </color>
  <material>
   Лен
  </material>
  <price>
   757894
  </price>
  <rating>
   3.65
  </rating>
  <reviews>
   872520
  </reviews>
  <new>
   -
  </new>
  <exclusive>
   yes
  </exclusive>
  <sporty>
   yes
  </sporty>
 </clothing>
 <clothing>
  <id>
   561488799
  </id>
  <name>
   Asics Jacket W-7051
  </name>
  <category>
   Jacket
  </category>
  <size>
   L
  </size>
  <color>
   Зеленый
  </color>
  <material>
   Лен
  </material>
  <price>
   570340
  </price>
  <rating>
   4.66
  </rating>
  <reviews>
   260795
  </reviews>
  <new>
   +
  </new>
  <exclusive>
   yes
  </exclusive>
 </clothing>
 <clothing>
  <id>
   730156972
  </id>
  <name>
   Nike Jeans N-9155
  </name>
  <category>
   Jeans
  </category>
  <size>
   M
  </size>
  <color>
   Фиолетовый
  </color>
  <material>
   Нейлон
  </material>
  <price>
   516537
  </price>
  <rating>
   3.26
  </rating>
  <reviews>
   418889
  </reviews>
  <exclusive>
   no
  </exclusive>
  <sporty>
   no
  </sporty>
 </clothing>
 <clothing>
  <id>
   379148814
  </id>
  <name>
   Ellesse Pants B-9817
  </name>
  <category>
   Pants
  </category>
  <size>
   S
  </size>
  <color>
   Желтый
  </color>
  <material>
   Шелк
  </material>
  <price>
   582695
  </price>
  <rating>
   2.74
  </rating>
  <reviews>
   895203
  </reviews>
  <exclusive>
   no
  </exclusive>
  <sporty>
   yes
  </sporty>
 </clothing>
 <clothing>
  <id>
   572234829
  </id>
  <name>
   Vans Gloves R-3248
  </name>
  <category>
   Gloves
  </category>
  <size>
   XXL
  </size>
  <color>
   Зеленый
  </color>
  <material>
   Полиэстер
  </material>
  <price>
   534747
  </price>
  <rating>
   1.81
  </rating>
  <reviews>
   761305
  </reviews>
  <new>
   +
  </new>
  <exclusive>
   no
  </exclusive>
  <sporty>
   no
  </sporty>
 </clothing>
 <clothing>
  <id>
   297770604
  </id>
  <name>
   Asics Shirt B-6767
  </name>
  <category>
   Shirt
  </category>
  <size>
   XL
  </size>
  <color>
   Фиолетовый
  </color>
  <material>
   Кожа
  </material>
  <price>
   760535
  </price>
  <rating>
   3.4
  </rating>
  <reviews>
   316241
  </reviews>
 </clothing>
 <clothing>
  <id>
   480990166
  </id>
  <name>
   Brooks Sweater I-3896
  </name>
  <category>
   Sweater
  </category>
  <size>
   M
  </size>
  <color>
   Желтый
  </color>
  <material>
   Полиэстер
  </material>
  <price>
   347171
  </price>
  <rating>
   2.22
  </rating>
  <reviews>
   493874
  </reviews>
  <new>
   -
  </new>
  <exclusive>
   yes
  </exclusive>
 </clothing>
 <clothing>
  <id>
   188742215
  </id>
  <name>
   Asics Gloves R-5511
  </name>
  <category>
   Gloves
  </category>
  <size>
   M
  </size>
  <color>
   Желтый
  </color>
  <material>
   Полиэстер
  </material>
  <price>
   184190
  </price>
  <rating>
   3.05
  </rating>
  <reviews>
   909404
  </reviews>
  <new>
   -
  </new>
 </clothing>
 <clothing>
  <id>
   589466468
  </id>
  <name>
   Nike Pants H-4490
  </name>
  <category>
   Pants
  </category>
  <size>
   XL
  </size>
  <color>
   Синий
  </color>
  <material>
   Кожа
  </material>
  <price>
   712266
  </price>
  <rating>
   3.07
  </rating>
  <reviews>
   109602
  </reviews>
  <new>
   -
  </new>
  <exclusive>
   no
  </exclusive>
 </clothing>
</clothing-items>
