<?xml version="1.0" encoding="utf-8"?>
<clothing-items>
 <clothing>
  <id>
   744547545
  </id>
  <name>
   Nike Sweater U-6131
  </name>
  <category>
   Sweater
  </category>
  <size>
   L
  </size>
  <color>
   Фиолетовый
  </color>
  <material>
   Полиэстер
  </material>
  <price>
   612893
  </price>
  <rating>
   1.71
  </rating>
  <reviews>
   699332
  </reviews>
  <new>
   -
  </new>
  <sporty>
   no
  </sporty>
 </clothing>
 <clothing>
  <id>
   956958526
  </id>
  <name>
   New Balance Belts L-3649
  </name>
  <category>
   Belts
  </category>
  <size>
   S
  </size>
  <color>
   Красный
  </color>
  <material>
   Полиэстер
  </material>
  <price>
   202951
  </price>
  <rating>
   3.45
  </rating>
  <reviews>
   383021
  </reviews>
  <sporty>
   yes
  </sporty>
 </clothing>
 <clothing>
  <id>
   452010467
  </id>
  <name>
   Addidas Shoes P-9432
  </name>
  <category>
   Shoes
  </category>
  <size>
   XXL
  </size>
  <color>
   Желтый
  </color>
  <material>
   Шерсть
  </material>
  <price>
   360849
  </price>
  <rating>
   1.46
  </rating>
  <reviews>
   801095
  </reviews>
  <new>
   +
  </new>
  <exclusive>
   no
  </exclusive>
  <sporty>
   yes
  </sporty>
 </clothing>
 <clothing>
  <id>
   542422664
  </id>
  <name>
   Reebok Jeans R-3139
  </name>
  <category>
   Jeans
  </category>
  <size>
   L
  </size>
  <color>
   Красный
  </color>
  <material>
   Хлопок
  </material>
  <price>
   200792
  </price>
  <rating>
   3.34
  </rating>
  <reviews>
   350354
  </reviews>
 </clothing>
 <clothing>
  <id>
   822285947
  </id>
  <name>
   Ellesse Shoes K-9845
  </name>
  <category>
   Shoes
  </category>
  <size>
   S
  </size>
  <color>
   Синий
  </color>
  <material>
   Вискоза
  </material>
  <price>
   582169
  </price>
  <rating>
   2.64
  </rating>
  <reviews>
   701520
  </reviews>
  <new>
   -
  </new>
  <exclusive>
   no
  </exclusive>
  <sporty>
   no
  </sporty>
 </clothing>
 <clothing>
  <id>
   781264248
  </id>
  <name>
   Reebok Handbags H-8978
  </name>
  <category>
   Handbags
  </category>
  <size>
   XXL
  </size>
  <color>
   Синий
  </color>
  <material>
   Кожа
  </material>
  <price>
   164695
  </price>
  <rating>
   4.5
  </rating>
  <reviews>
   766120
  </reviews>
 </clothing>
 <clothing>
  <id>
   150965311
  </id>
  <name>
   Reebok Blouse P-9030
  </name>
  <category>
   Blouse
  </category>
  <size>
   L
  </size>
  <color>
   Синий
  </color>
  <material>
   Нейлон
  </material>
  <price>
   833653
  </price>
  <rating>
   2.9
  </rating>
  <reviews>
   390535
  </reviews>
  <new>
   +
  </new>
  <exclusive>
   no
  </exclusive>
 </clothing>
 <clothing>
  <id>
   867236796
  </id>
  <name>
   PleinSport Shoes M-2945
  </name>
  <category>
   Shoes
  </category>
  <size>
   L
  </size>
  <color>
   Голубой
  </color>
  <material>
   Шерсть
  </material>
  <price>
   994065
  </price>
  <rating>
   4.12
  </rating>
  <reviews>
   407936
  </reviews>
  <new>
   -
  </new>
  <exclusive>
   yes
  </exclusive>
  <sporty>
   no
  </sporty>
 </clothing>
 <clothing>
  <id>
   659802023
  </id>
  <name>
   Nike Umbrellas R-3555
  </name>
  <category>
   Umbrellas
  </category>
  <size>
   XL
  </size>
  <color>
   Зеленый
  </color>
  <material>
   Шелк
  </material>
  <price>
   673157
  </price>
  <rating>
   3.23
  </rating>
  <reviews>
   637439
  </reviews>
  <new>
   +
  </new>
 </clothing>
 <clothing>
  <id>
   427585791
  </id>
  <name>
   Puma Umbrellas Z-6180
  </name>
  <category>
   Umbrellas
  </category>
  <size>
   L
  </size>
  <color>
   Голубой
  </color>
  <material>
   Полиэстер
  </material>
  <price>
   377612
  </price>
  <rating>
   3.95
  </rating>
  <reviews>
   100817
  </reviews>
  <exclusive>
   no
  </exclusive>
 </clothing>
 <clothing>
  <id>
   298190840
  </id>
  <name>
   Adidas Shirt F-4425
  </name>
  <category>
   Shirt
  </category>
  <size>
   S
  </size>
  <color>
   Голубой
  </color>
  <material>
   Лен
  </material>
  <price>
   899302
  </price>
  <rating>
   2.19
  </rating>
  <reviews>
   590930
  </reviews>
  <new>
   +
  </new>
  <sporty>
   no
  </sporty>
 </clothing>
 <clothing>
  <id>
   224373679
  </id>
  <name>
   Nike Sweater L-9574
  </name>
  <category>
   Sweater
  </category>
  <size>
   L
  </size>
  <color>
   Красный
  </color>
  <material>
   Кожа
  </material>
  <price>
   775446
  </price>
  <rating>
   4.68
  </rating>
  <reviews>
   802295
  </reviews>
  <exclusive>
   yes
  </exclusive>
  <sporty>
   no
  </sporty>
 </clothing>
 <clothing>
  <id>
   155751272
  </id>
  <name>
   Fila Belts F-3238
  </name>
  <category>
   Belts
  </category>
  <size>
   L
  </size>
  <color>
   Желтый
  </color>
  <material>
   Шелк
  </material>
  <price>
   222241
  </price>
  <rating>
   3.7
  </rating>
  <reviews>
   986500
  </reviews>
  <new>
   -
  </new>
  <sporty>
   yes
  </sporty>
 </clothing>
 <clothing>
  <id>
   831249172
  </id>
  <name>
   Fila T-shirt F-2216
  </name>
  <category>
   T-shirt
  </category>
  <size>
   XL
  </size>
  <color>
   Желтый
  </color>
  <material>
   Шелк
  </material>
  <price>
   728459
  </price>
  <rating>
   2.52
  </rating>
  <reviews>
   712062
  </reviews>
  <new>
   +
  </new>
  <sporty>
   yes
  </sporty>
 </clothing>
 <clothing>
  <id>
   373793627
  </id>
  <name>
   New Balance T-shirt B-5198
  </name>
  <category>
   T-shirt
  </category>
  <size>
   M
  </size>
  <color>
   Фиолетовый
  </color>
  <material>
   Вискоза
  </material>
  <price>
   721051
  </price>
  <rating>
   2.77
  </rating>
  <reviews>
   242379
  </reviews>
  <new>
   +
  </new>
  <exclusive>
   no
  </exclusive>
  <sporty>
   yes
  </sporty>
 </clothing>
 <clothing>
  <id>
   667102961
  </id>
  <name>
   Adidas Pants O-7334
  </name>
  <category>
   Pants
  </category>
  <size>
   L
  </size>
  <color>
   Зеленый
  </color>
  <material>
   Шерсть
  </material>
  <price>
   116224
  </price>
  <rating>
   2.52
  </rating>
  <reviews>
   421571
  </reviews>
  <new>
   -
  </new>
  <exclusive>
   no
  </exclusive>
  <sporty>
   no
  </sporty>
 </clothing>
 <clothing>
  <id>
   550287369
  </id>
  <name>
   Nike Shoes K-6037
  </name>
  <category>
   Shoes
  </category>
  <size>
   L
  </size>
  <color>
   Оранжевый
  </color>
  <material>
   Полиэстер
  </material>
  <price>
   716083
  </price>
  <rating>
   1.26
  </rating>
  <reviews>
   60388
  </reviews>
  <new>
   -
  </new>
  <sporty>
   no
  </sporty>
 </clothing>
 <clothing>
  <id>
   339223533
  </id>
  <name>
   Under Armour Pants U-9831
  </name>
  <category>
   Pants
  </category>
  <size>
   L
  </size>
  <color>
   Голубой
  </color>
  <material>
   Лен
  </material>
  <price>
   554797
  </price>
  <rating>
   1.49
  </rating>
  <reviews>
   544263
  </reviews>
  <exclusive>
   no
  </exclusive>
 </clothing>
 <clothing>
  <id>
   897603762
  </id>
  <name>
   Asics Jacket O-7209
  </name>
  <category>
   Jacket
  </category>
  <size>
   M
  </size>
  <color>
   Красный
  </color>
  <material>
   Вискоза
  </material>
  <price>
   619238
  </price>
  <rating>
   4.01
  </rating>
  <reviews>
   823582
  </reviews>
  <new>
   +
  </new>
  <exclusive>
   no
  </exclusive>
  <sporty>
   no
  </sporty>
 </clothing>
</clothing-items>
