<?xml version="1.0" encoding="utf-8"?>
<clothing-items>
 <clothing>
  <id>
   719150423
  </id>
  <name>
   Converse Umbrellas X-6340
  </name>
  <category>
   Umbrellas
  </category>
  <size>
   S
  </size>
  <color>
   Синий
  </color>
  <material>
   Шерсть
  </material>
  <price>
   945751
  </price>
  <rating>
   4.65
  </rating>
  <reviews>
   675768
  </reviews>
  <new>
   -
  </new>
 </clothing>
 <clothing>
  <id>
   940932856
  </id>
  <name>
   Ellesse Hat O-1601
  </name>
  <category>
   Hat
  </category>
  <size>
   XL
  </size>
  <color>
   Красный
  </color>
  <material>
   Нейлон
  </material>
  <price>
   892671
  </price>
  <rating>
   4.43
  </rating>
  <reviews>
   490264
  </reviews>
  <new>
   -
  </new>
  <exclusive>
   yes
  </exclusive>
 </clothing>
 <clothing>
  <id>
   289444481
  </id>
  <name>
   Lacoste Shirt M-4866
  </name>
  <category>
   Shirt
  </category>
  <size>
   M
  </size>
  <color>
   Оранжевый
  </color>
  <material>
   Шелк
  </material>
  <price>
   172476
  </price>
  <rating>
   4.46
  </rating>
  <reviews>
   335444
  </reviews>
  <new>
   +
  </new>
  <exclusive>
   yes
  </exclusive>
  <sporty>
   yes
  </sporty>
 </clothing>
 <clothing>
  <id>
   412397997
  </id>
  <name>
   Ellesse Blouse K-5021
  </name>
  <category>
   Blouse
  </category>
  <size>
   L
  </size>
  <color>
   Синий
  </color>
  <material>
   Хлопок
  </material>
  <price>
   777967
  </price>
  <rating>
   1.24
  </rating>
  <reviews>
   532064
  </reviews>
  <new>
   +
  </new>
  <exclusive>
   yes
  </exclusive>
  <sporty>
   no
  </sporty>
 </clothing>
 <clothing>
  <id>
   839846677
  </id>
  <name>
   Nike Sweater D-9850
  </name>
  <category>
   Sweater
  </category>
  <size>
   L
  </size>
  <color>
   Фиолетовый
  </color>
  <material>
   Нейлон
  </material>
  <price>
   531076
  </price>
  <rating>
   1.66
  </rating>
  <reviews>
   834831
  </reviews>
  <exclusive>
   no
  </exclusive>
  <sporty>
   yes
  </sporty>
 </clothing>
 <clothing>
  <id>
   169021457
  </id>
  <name>
   Asics Socks S-5967
  </name>
  <category>
   Socks
  </category>
  <size>
   XL
  </size>
  <color>
   Красный
  </color>
  <material>
   Полиэстер
  </material>
  <price>
   332429
  </price>
  <rating>
   2.76
  </rating>
  <reviews>
   630401
  </reviews>
  <new>
   -
  </new>
  <exclusive>
   yes
  </exclusive>
 </clothing>
 <clothing>
  <id>
   787342867
  </id>
  <name>
   Under Armour T-shirt U-8220
  </name>
  <category>
   T-shirt
  </category>
  <size>
   L
  </size>
  <color>
   Оранжевый
  </color>
  <material>
   Полиэстер
  </material>
  <price>
   516625
  </price>
  <rating>
   3.51
  </rating>
  <reviews>
   795155
  </reviews>
  <new>
   +
  </new>
  <exclusive>
   no
  </exclusive>
  <sporty>
   no
  </sporty>
 </clothing>
 <clothing>
  <id>
   501006744
  </id>
  <name>
   Fila Skirt C-2046
  </name>
  <category>
   Skirt
  </category>
  <size>
   S
  </size>
  <color>
   Фиолетовый
  </color>
  <material>
   Лен
  </material>
  <price>
   491203
  </price>
  <rating>
   3.83
  </rating>
  <reviews>
   207508
  </reviews>
  <new>
   +
  </new>
  <exclusive>
   yes
  </exclusive>
 </clothing>
 <clothing>
  <id>
   179961291
  </id>
  <name>
   Asics Jeans Z-9742
  </name>
  <category>
   Jeans
  </category>
  <size>
   M
  </size>
  <color>
   Фиолетовый
  </color>
  <material>
   Нейлон
  </material>
  <price>
   392680
  </price>
  <rating>
   4.41
  </rating>
  <reviews>
   857967
  </reviews>
  <exclusive>
   yes
  </exclusive>
  <sporty>
   yes
  </sporty>
 </clothing>
 <clothing>
  <id>
   856308896
  </id>
  <name>
   Ellesse Skirt T-3978
  </name>
  <category>
   Skirt
  </category>
  <size>
   XL
  </size>
  <color>
   Оранжевый
  </color>
  <material>
   Лен
  </material>
  <price>
   913638
  </price>
  <rating>
   1.39
  </rating>
  <reviews>
   442487
  </reviews>
  <new>
   -
  </new>
  <exclusive>
   yes
  </exclusive>
 </clothing>
 <clothing>
  <id>
   371085280
  </id>
  <name>
   PleinSport Blouse J-5568
  </name>
  <category>
   Blouse
  </category>
  <size>
   XXL
  </size>
  <color>
   Красный
  </color>
  <material>
   Хлопок
  </material>
  <price>
   478372
  </price>
  <rating>
   1.1
  </rating>
  <reviews>
   990236
  </reviews>
  <new>
   -
  </new>
  <exclusive>
   yes
  </exclusive>
  <sporty>
   no
  </sporty>
 </clothing>
 <clothing>
  <id>
   280716328
  </id>
  <name>
   Puma Handbags M-4381
  </name>
  <category>
   Handbags
  </category>
  <size>
   L
  </size>
  <color>
   Фиолетовый
  </color>
  <material>
   Шерсть
  </material>
  <price>
   908529
  </price>
  <rating>
   4.59
  </rating>
  <reviews>
   697143
  </reviews>
  <new>
   +
  </new>
  <exclusive>
   yes
  </exclusive>
  <sporty>
   no
  </sporty>
 </clothing>
 <clothing>
  <id>
   893397992
  </id>
  <name>
   PleinSport Dress Z-1599
  </name>
  <category>
   Dress
  </category>
  <size>
   XL
  </size>
  <color>
   Красный
  </color>
  <material>
   Шерсть
  </material>
  <price>
   711399
  </price>
  <rating>
   4.83
  </rating>
  <reviews>
   202247
  </reviews>
  <exclusive>
   no
  </exclusive>
 </clothing>
 <clothing>
  <id>
   441014655
  </id>
  <name>
   Asics Dress U-1375
  </name>
  <category>
   Dress
  </category>
  <size>
   XL
  </size>
  <color>
   Красный
  </color>
  <material>
   Шерсть
  </material>
  <price>
   362069
  </price>
  <rating>
   1.52
  </rating>
  <reviews>
   583243
  </reviews>
  <new>
   +
  </new>
  <exclusive>
   no
  </exclusive>
  <sporty>
   no
  </sporty>
 </clothing>
 <clothing>
  <id>
   515223250
  </id>
  <name>
   Vans Belts F-9099
  </name>
  <category>
   Belts
  </category>
  <size>
   S
  </size>
  <color>
   Фиолетовый
  </color>
  <material>
   Нейлон
  </material>
  <price>
   626800
  </price>
  <rating>
   1.58
  </rating>
  <reviews>
   631899
  </reviews>
  <new>
   -
  </new>
  <exclusive>
   no
  </exclusive>
 </clothing>
 <clothing>
  <id>
   159541074
  </id>
  <name>
   Lacoste Umbrellas K-8894
  </name>
  <category>
   Umbrellas
  </category>
  <size>
   XXL
  </size>
  <color>
   Синий
  </color>
  <material>
   Хлопок
  </material>
  <price>
   643889
  </price>
  <rating>
   4.45
  </rating>
  <reviews>
   982053
  </reviews>
  <exclusive>
   no
  </exclusive>
  <sporty>
   no
  </sporty>
 </clothing>
 <clothing>
  <id>
   556051140
  </id>
  <name>
   Puma Shoes Z-6281
  </name>
  <category>
   Shoes
  </category>
  <size>
   XL
  </size>
  <color>
   Оранжевый
  </color>
  <material>
   Шелк
  </material>
  <price>
   866633
  </price>
  <rating>
   4.23
  </rating>
  <reviews>
   918910
  </reviews>
  <exclusive>
   no
  </exclusive>
 </clothing>
 <clothing>
  <id>
   340985333
  </id>
  <name>
   Puma Belts N-5175
  </name>
  <category>
   Belts
  </category>
  <size>
   XL
  </size>
  <color>
   Красный
  </color>
  <material>
   Шелк
  </material>
  <price>
   426414
  </price>
  <rating>
   4.34
  </rating>
  <reviews>
   556054
  </reviews>
  <sporty>
   no
  </sporty>
 </clothing>
 <clothing>
  <id>
   838616587
  </id>
  <name>
   PleinSport Jacket J-9766
  </name>
  <category>
   Jacket
  </category>
  <size>
   S
  </size>
  <color>
   Зеленый
  </color>
  <material>
   Полиэстер
  </material>
  <price>
   652921
  </price>
  <rating>
   4.89
  </rating>
  <reviews>
   46133
  </reviews>
  <exclusive>
   no
  </exclusive>
 </clothing>
 <clothing>
  <id>
   685291609
  </id>
  <name>
   New Balance Gloves N-7578
  </name>
  <category>
   Gloves
  </category>
  <size>
   S
  </size>
  <color>
   Фиолетовый
  </color>
  <material>
   Нейлон
  </material>
  <price>
   271443
  </price>
  <rating>
   1.47
  </rating>
  <reviews>
   929831
  </reviews>
  <exclusive>
   no
  </exclusive>
  <sporty>
   no
  </sporty>
 </clothing>
 <clothing>
  <id>
   602704707
  </id>
  <name>
   Brooks Hat A-3085
  </name>
  <category>
   Hat
  </category>
  <size>
   XXL
  </size>
  <color>
   Зеленый
  </color>
  <material>
   Шерсть
  </material>
  <price>
   418782
  </price>
  <rating>
   1.2
  </rating>
  <reviews>
   156981
  </reviews>
  <exclusive>
   no
  </exclusive>
 </clothing>
 <clothing>
  <id>
   301921451
  </id>
  <name>
   Adidas Jeans S-7594
  </name>
  <category>
   Jeans
  </category>
  <size>
   L
  </size>
  <color>
   Голубой
  </color>
  <material>
   Полиэстер
  </material>
  <price>
   326184
  </price>
  <rating>
   4.47
  </rating>
  <reviews>
   557626
  </reviews>
  <new>
   +
  </new>
  <exclusive>
   no
  </exclusive>
  <sporty>
   no
  </sporty>
 </clothing>
 <clothing>
  <id>
   202383053
  </id>
  <name>
   Vans Socks C-8353
  </name>
  <category>
   Socks
  </category>
  <size>
   S
  </size>
  <color>
   Оранжевый
  </color>
  <material>
   Хлопок
  </material>
  <price>
   193525
  </price>
  <rating>
   2.04
  </rating>
  <reviews>
   852953
  </reviews>
  <new>
   +
  </new>
  <sporty>
   no
  </sporty>
 </clothing>
 <clothing>
  <id>
   278960533
  </id>
  <name>
   DC Jeans Z-5138
  </name>
  <category>
   Jeans
  </category>
  <size>
   M
  </size>
  <color>
   Фиолетовый
  </color>
  <material>
   Шерсть
  </material>
  <price>
   545422
  </price>
  <rating>
   1.15
  </rating>
  <reviews>
   129149
  </reviews>
  <exclusive>
   no
  </exclusive>
  <sporty>
   no
  </sporty>
 </clothing>
</clothing-items>
