<?xml version="1.0" encoding="utf-8"?>
<clothing-items>
 <clothing>
  <id>
   881704323
  </id>
  <name>
   Puma Pants F-3168
  </name>
  <category>
   Pants
  </category>
  <size>
   XXL
  </size>
  <color>
   Красный
  </color>
  <material>
   Кожа
  </material>
  <price>
   925878
  </price>
  <rating>
   4.34
  </rating>
  <reviews>
   503490
  </reviews>
 </clothing>
 <clothing>
  <id>
   819206981
  </id>
  <name>
   Fila Socks N-2183
  </name>
  <category>
   Socks
  </category>
  <size>
   L
  </size>
  <color>
   Зеленый
  </color>
  <material>
   Кожа
  </material>
  <price>
   357123
  </price>
  <rating>
   4.08
  </rating>
  <reviews>
   926194
  </reviews>
  <new>
   -
  </new>
  <sporty>
   no
  </sporty>
 </clothing>
 <clothing>
  <id>
   549096784
  </id>
  <name>
   Nike Jeans V-7974
  </name>
  <category>
   Jeans
  </category>
  <size>
   XXL
  </size>
  <color>
   Красный
  </color>
  <material>
   Лен
  </material>
  <price>
   599570
  </price>
  <rating>
   4.73
  </rating>
  <reviews>
   40579
  </reviews>
  <sporty>
   no
  </sporty>
 </clothing>
 <clothing>
  <id>
   719413766
  </id>
  <name>
   Fila Hat D-1676
  </name>
  <category>
   Hat
  </category>
  <size>
   XXL
  </size>
  <color>
   Синий
  </color>
  <material>
   Лен
  </material>
  <price>
   926382
  </price>
  <rating>
   3.35
  </rating>
  <reviews>
   525686
  </reviews>
  <new>
   +
  </new>
  <exclusive>
   no
  </exclusive>
  <sporty>
   yes
  </sporty>
 </clothing>
 <clothing>
  <id>
   781491636
  </id>
  <name>
   PleinSport Belts L-1141
  </name>
  <category>
   Belts
  </category>
  <size>
   XXL
  </size>
  <color>
   Фиолетовый
  </color>
  <material>
   Нейлон
  </material>
  <price>
   714218
  </price>
  <rating>
   4.45
  </rating>
  <reviews>
   536722
  </reviews>
  <new>
   +
  </new>
  <exclusive>
   no
  </exclusive>
 </clothing>
 <clothing>
  <id>
   698118146
  </id>
  <name>
   DC Shoes P-8075
  </name>
  <category>
   Shoes
  </category>
  <size>
   XXL
  </size>
  <color>
   Оранжевый
  </color>
  <material>
   Полиэстер
  </material>
  <price>
   418761
  </price>
  <rating>
   2.61
  </rating>
  <reviews>
   832092
  </reviews>
 </clothing>
 <clothing>
  <id>
   493899074
  </id>
  <name>
   Fila Pants M-4489
  </name>
  <category>
   Pants
  </category>
  <size>
   S
  </size>
  <color>
   Желтый
  </color>
  <material>
   Шелк
  </material>
  <price>
   153260
  </price>
  <rating>
   2.69
  </rating>
  <reviews>
   660558
  </reviews>
  <exclusive>
   no
  </exclusive>
  <sporty>
   no
  </sporty>
 </clothing>
 <clothing>
  <id>
   529431625
  </id>
  <name>
   Ellesse Belts A-3004
  </name>
  <category>
   Belts
  </category>
  <size>
   XL
  </size>
  <color>
   Красный
  </color>
  <material>
   Кожа
  </material>
  <price>
   910307
  </price>
  <rating>
   3.14
  </rating>
  <reviews>
   423946
  </reviews>
  <sporty>
   yes
  </sporty>
 </clothing>
 <clothing>
  <id>
   223771404
  </id>
  <name>
   Brooks Blouse P-3003
  </name>
  <category>
   Blouse
  </category>
  <size>
   XXL
  </size>
  <color>
   Синий
  </color>
  <material>
   Шелк
  </material>
  <price>
   557223
  </price>
  <rating>
   1.48
  </rating>
  <reviews>
   801116
  </reviews>
  <new>
   +
  </new>
  <exclusive>
   yes
  </exclusive>
  <sporty>
   no
  </sporty>
 </clothing>
 <clothing>
  <id>
   494403833
  </id>
  <name>
   Nike Dress R-1427
  </name>
  <category>
   Dress
  </category>
  <size>
   XL
  </size>
  <color>
   Фиолетовый
  </color>
  <material>
   Полиэстер
  </material>
  <price>
   217620
  </price>
  <rating>
   1.69
  </rating>
  <reviews>
   621603
  </reviews>
  <sporty>
   yes
  </sporty>
 </clothing>
 <clothing>
  <id>
   794328521
  </id>
  <name>
   Lacoste T-shirt U-4416
  </name>
  <category>
   T-shirt
  </category>
  <size>
   M
  </size>
  <color>
   Голубой
  </color>
  <material>
   Хлопок
  </material>
  <price>
   485036
  </price>
  <rating>
   1.98
  </rating>
  <reviews>
   195808
  </reviews>
  <new>
   -
  </new>
  <exclusive>
   no
  </exclusive>
  <sporty>
   no
  </sporty>
 </clothing>
 <clothing>
  <id>
   606041798
  </id>
  <name>
   Asics Shoes B-5055
  </name>
  <category>
   Shoes
  </category>
  <size>
   M
  </size>
  <color>
   Синий
  </color>
  <material>
   Кожа
  </material>
  <price>
   453963
  </price>
  <rating>
   1.64
  </rating>
  <reviews>
   165730
  </reviews>
  <new>
   +
  </new>
  <exclusive>
   yes
  </exclusive>
  <sporty>
   no
  </sporty>
 </clothing>
 <clothing>
  <id>
   162299653
  </id>
  <name>
   DC Handbags Q-2467
  </name>
  <category>
   Handbags
  </category>
  <size>
   M
  </size>
  <color>
   Фиолетовый
  </color>
  <material>
   Лен
  </material>
  <price>
   292576
  </price>
  <rating>
   2.67
  </rating>
  <reviews>
   938653
  </reviews>
  <new>
   -
  </new>
  <exclusive>
   no
  </exclusive>
  <sporty>
   no
  </sporty>
 </clothing>
 <clothing>
  <id>
   460270971
  </id>
  <name>
   Puma Umbrellas W-3727
  </name>
  <category>
   Umbrellas
  </category>
  <size>
   XL
  </size>
  <color>
   Голубой
  </color>
  <material>
   Хлопок
  </material>
  <price>
   306337
  </price>
  <rating>
   1.6
  </rating>
  <reviews>
   416807
  </reviews>
  <new>
   +
  </new>
  <sporty>
   yes
  </sporty>
 </clothing>
 <clothing>
  <id>
   799515372
  </id>
  <name>
   Asics Shoes N-1913
  </name>
  <category>
   Shoes
  </category>
  <size>
   S
  </size>
  <color>
   Зеленый
  </color>
  <material>
   Хлопок
  </material>
  <price>
   995553
  </price>
  <rating>
   3.85
  </rating>
  <reviews>
   453007
  </reviews>
  <new>
   -
  </new>
  <sporty>
   no
  </sporty>
 </clothing>
 <clothing>
  <id>
   219640022
  </id>
  <name>
   Under Armour Shoes D-5144
  </name>
  <category>
   Shoes
  </category>
  <size>
   L
  </size>
  <color>
   Красный
  </color>
  <material>
   Нейлон
  </material>
  <price>
   822892
  </price>
  <rating>
   1.78
  </rating>
  <reviews>
   127571
  </reviews>
 </clothing>
 <clothing>
  <id>
   184284260
  </id>
  <name>
   Reebok Umbrellas R-8479
  </name>
  <category>
   Umbrellas
  </category>
  <size>
   XXL
  </size>
  <color>
   Голубой
  </color>
  <material>
   Нейлон
  </material>
  <price>
   373041
  </price>
  <rating>
   1.44
  </rating>
  <reviews>
   378689
  </reviews>
  <new>
   +
  </new>
  <exclusive>
   yes
  </exclusive>
 </clothing>
 <clothing>
  <id>
   739482169
  </id>
  <name>
   Addidas Shoes B-7864
  </name>
  <category>
   Shoes
  </category>
  <size>
   S
  </size>
  <color>
   Голубой
  </color>
  <material>
   Полиэстер
  </material>
  <price>
   987454
  </price>
  <rating>
   4.62
  </rating>
  <reviews>
   459792
  </reviews>
  <new>
   -
  </new>
  <sporty>
   no
  </sporty>
 </clothing>
 <clothing>
  <id>
   345845654
  </id>
  <name>
   Brooks Jeans T-4714
  </name>
  <category>
   Jeans
  </category>
  <size>
   S
  </size>
  <color>
   Фиолетовый
  </color>
  <material>
   Шелк
  </material>
  <price>
   496108
  </price>
  <rating>
   2.32
  </rating>
  <reviews>
   69236
  </reviews>
  <new>
   -
  </new>
  <exclusive>
   no
  </exclusive>
 </clothing>
 <clothing>
  <id>
   726745518
  </id>
  <name>
   Adidas Sweater S-3229
  </name>
  <category>
   Sweater
  </category>
  <size>
   XXL
  </size>
  <color>
   Голубой
  </color>
  <material>
   Шелк
  </material>
  <price>
   659377
  </price>
  <rating>
   4.3
  </rating>
  <reviews>
   15699
  </reviews>
  <new>
   +
  </new>
  <exclusive>
   no
  </exclusive>
  <sporty>
   yes
  </sporty>
 </clothing>
 <clothing>
  <id>
   561741208
  </id>
  <name>
   Converse Blouse J-3296
  </name>
  <category>
   Blouse
  </category>
  <size>
   S
  </size>
  <color>
   Фиолетовый
  </color>
  <material>
   Нейлон
  </material>
  <price>
   824007
  </price>
  <rating>
   1.39
  </rating>
  <reviews>
   97268
  </reviews>
  <new>
   +
  </new>
  <exclusive>
   yes
  </exclusive>
  <sporty>
   no
  </sporty>
 </clothing>
 <clothing>
  <id>
   731862658
  </id>
  <name>
   Nike Gloves G-4313
  </name>
  <category>
   Gloves
  </category>
  <size>
   XL
  </size>
  <color>
   Голубой
  </color>
  <material>
   Кожа
  </material>
  <price>
   261285
  </price>
  <rating>
   1.44
  </rating>
  <reviews>
   620696
  </reviews>
  <sporty>
   yes
  </sporty>
 </clothing>
 <clothing>
  <id>
   577367097
  </id>
  <name>
   Puma Jeans W-5474
  </name>
  <category>
   Jeans
  </category>
  <size>
   M
  </size>
  <color>
   Желтый
  </color>
  <material>
   Шелк
  </material>
  <price>
   134267
  </price>
  <rating>
   2.06
  </rating>
  <reviews>
   625260
  </reviews>
  <exclusive>
   no
  </exclusive>
 </clothing>
 <clothing>
  <id>
   573920938
  </id>
  <name>
   Converse Pants I-7871
  </name>
  <category>
   Pants
  </category>
  <size>
   XXL
  </size>
  <color>
   Оранжевый
  </color>
  <material>
   Лен
  </material>
  <price>
   770802
  </price>
  <rating>
   2.68
  </rating>
  <reviews>
   106665
  </reviews>
  <new>
   -
  </new>
  <exclusive>
   yes
  </exclusive>
 </clothing>
 <clothing>
  <id>
   314471047
  </id>
  <name>
   New Balance T-shirt D-7831
  </name>
  <category>
   T-shirt
  </category>
  <size>
   XL
  </size>
  <color>
   Синий
  </color>
  <material>
   Нейлон
  </material>
  <price>
   736568
  </price>
  <rating>
   2.54
  </rating>
  <reviews>
   861500
  </reviews>
  <new>
   +
  </new>
  <exclusive>
   yes
  </exclusive>
 </clothing>
 <clothing>
  <id>
   234449124
  </id>
  <name>
   Asics Pants U-9833
  </name>
  <category>
   Pants
  </category>
  <size>
   L
  </size>
  <color>
   Фиолетовый
  </color>
  <material>
   Хлопок
  </material>
  <price>
   381415
  </price>
  <rating>
   4.79
  </rating>
  <reviews>
   921254
  </reviews>
  <new>
   +
  </new>
  <exclusive>
   no
  </exclusive>
 </clothing>
 <clothing>
  <id>
   730222917
  </id>
  <name>
   Reebok T-shirt L-4906
  </name>
  <category>
   T-shirt
  </category>
  <size>
   M
  </size>
  <color>
   Фиолетовый
  </color>
  <material>
   Полиэстер
  </material>
  <price>
   105160
  </price>
  <rating>
   3.49
  </rating>
  <reviews>
   233209
  </reviews>
  <sporty>
   yes
  </sporty>
 </clothing>
 <clothing>
  <id>
   614125922
  </id>
  <name>
   PleinSport Dress T-5987
  </name>
  <category>
   Dress
  </category>
  <size>
   XL
  </size>
  <color>
   Голубой
  </color>
  <material>
   Шерсть
  </material>
  <price>
   134975
  </price>
  <rating>
   3.36
  </rating>
  <reviews>
   959678
  </reviews>
  <sporty>
   yes
  </sporty>
 </clothing>
</clothing-items>
