<?xml version="1.0" encoding="utf-8"?>
<clothing-items>
 <clothing>
  <id>
   629249768
  </id>
  <name>
   Reebok Skirt E-9977
  </name>
  <category>
   Skirt
  </category>
  <size>
   XL
  </size>
  <color>
   Зеленый
  </color>
  <material>
   Шелк
  </material>
  <price>
   393359
  </price>
  <rating>
   2.26
  </rating>
  <reviews>
   597456
  </reviews>
  <new>
   -
  </new>
  <sporty>
   no
  </sporty>
 </clothing>
 <clothing>
  <id>
   413165415
  </id>
  <name>
   Adidas T-shirt I-2188
  </name>
  <category>
   T-shirt
  </category>
  <size>
   L
  </size>
  <color>
   Синий
  </color>
  <material>
   Шерсть
  </material>
  <price>
   324634
  </price>
  <rating>
   1.57
  </rating>
  <reviews>
   720127
  </reviews>
  <new>
   +
  </new>
  <exclusive>
   no
  </exclusive>
 </clothing>
 <clothing>
  <id>
   181028080
  </id>
  <name>
   Asics Umbrellas Y-7928
  </name>
  <category>
   Umbrellas
  </category>
  <size>
   M
  </size>
  <color>
   Фиолетовый
  </color>
  <material>
   Шелк
  </material>
  <price>
   248529
  </price>
  <rating>
   3.98
  </rating>
  <reviews>
   885033
  </reviews>
  <exclusive>
   no
  </exclusive>
  <sporty>
   no
  </sporty>
 </clothing>
 <clothing>
  <id>
   825388673
  </id>
  <name>
   Lacoste Umbrellas K-6899
  </name>
  <category>
   Umbrellas
  </category>
  <size>
   L
  </size>
  <color>
   Зеленый
  </color>
  <material>
   Хлопок
  </material>
  <price>
   721354
  </price>
  <rating>
   1.18
  </rating>
  <reviews>
   522474
  </reviews>
  <new>
   +
  </new>
  <exclusive>
   no
  </exclusive>
  <sporty>
   yes
  </sporty>
 </clothing>
 <clothing>
  <id>
   734991066
  </id>
  <name>
   Nike T-shirt D-8714
  </name>
  <category>
   T-shirt
  </category>
  <size>
   XXL
  </size>
  <color>
   Синий
  </color>
  <material>
   Хлопок
  </material>
  <price>
   483840
  </price>
  <rating>
   3.76
  </rating>
  <reviews>
   661149
  </reviews>
  <new>
   -
  </new>
  <exclusive>
   no
  </exclusive>
  <sporty>
   no
  </sporty>
 </clothing>
 <clothing>
  <id>
   361480765
  </id>
  <name>
   Puma Pants G-3192
  </name>
  <category>
   Pants
  </category>
  <size>
   S
  </size>
  <color>
   Желтый
  </color>
  <material>
   Лен
  </material>
  <price>
   246268
  </price>
  <rating>
   3.04
  </rating>
  <reviews>
   796615
  </reviews>
  <new>
   +
  </new>
 </clothing>
 <clothing>
  <id>
   609342934
  </id>
  <name>
   Nike Shirt B-5113
  </name>
  <category>
   Shirt
  </category>
  <size>
   XXL
  </size>
  <color>
   Синий
  </color>
  <material>
   Нейлон
  </material>
  <price>
   753782
  </price>
  <rating>
   2.22
  </rating>
  <reviews>
   163508
  </reviews>
  <new>
   +
  </new>
  <exclusive>
   yes
  </exclusive>
 </clothing>
 <clothing>
  <id>
   161200235
  </id>
  <name>
   Ellesse Gloves R-8706
  </name>
  <category>
   Gloves
  </category>
  <size>
   XXL
  </size>
  <color>
   Фиолетовый
  </color>
  <material>
   Полиэстер
  </material>
  <price>
   335242
  </price>
  <rating>
   3.97
  </rating>
  <reviews>
   645743
  </reviews>
  <new>
   -
  </new>
  <exclusive>
   no
  </exclusive>
  <sporty>
   no
  </sporty>
 </clothing>
 <clothing>
  <id>
   126744702
  </id>
  <name>
   Reebok Belts T-3736
  </name>
  <category>
   Belts
  </category>
  <size>
   L
  </size>
  <color>
   Фиолетовый
  </color>
  <material>
   Кожа
  </material>
  <price>
   749128
  </price>
  <rating>
   1.78
  </rating>
  <reviews>
   557115
  </reviews>
  <new>
   +
  </new>
  <exclusive>
   no
  </exclusive>
  <sporty>
   yes
  </sporty>
 </clothing>
 <clothing>
  <id>
   686913793
  </id>
  <name>
   Lacoste Shirt T-2813
  </name>
  <category>
   Shirt
  </category>
  <size>
   XXL
  </size>
  <color>
   Фиолетовый
  </color>
  <material>
   Шелк
  </material>
  <price>
   625505
  </price>
  <rating>
   2.59
  </rating>
  <reviews>
   116637
  </reviews>
  <new>
   -
  </new>
  <exclusive>
   no
  </exclusive>
  <sporty>
   no
  </sporty>
 </clothing>
 <clothing>
  <id>
   128558669
  </id>
  <name>
   DC T-shirt Z-8596
  </name>
  <category>
   T-shirt
  </category>
  <size>
   M
  </size>
  <color>
   Зеленый
  </color>
  <material>
   Хлопок
  </material>
  <price>
   326469
  </price>
  <rating>
   3.23
  </rating>
  <reviews>
   265930
  </reviews>
  <new>
   -
  </new>
  <exclusive>
   no
  </exclusive>
  <sporty>
   no
  </sporty>
 </clothing>
 <clothing>
  <id>
   861274322
  </id>
  <name>
   Brooks Hat H-2697
  </name>
  <category>
   Hat
  </category>
  <size>
   XL
  </size>
  <color>
   Желтый
  </color>
  <material>
   Полиэстер
  </material>
  <price>
   514424
  </price>
  <rating>
   2.48
  </rating>
  <reviews>
   881562
  </reviews>
  <new>
   +
  </new>
  <sporty>
   no
  </sporty>
 </clothing>
 <clothing>
  <id>
   658735796
  </id>
  <name>
   Converse Socks F-5827
  </name>
  <category>
   Socks
  </category>
  <size>
   XL
  </size>
  <color>
   Зеленый
  </color>
  <material>
   Кожа
  </material>
  <price>
   637220
  </price>
  <rating>
   1.93
  </rating>
  <reviews>
   645971
  </reviews>
  <sporty>
   yes
  </sporty>
 </clothing>
 <clothing>
  <id>
   585032748
  </id>
  <name>
   Lacoste Gloves A-4995
  </name>
  <category>
   Gloves
  </category>
  <size>
   XL
  </size>
  <color>
   Оранжевый
  </color>
  <material>
   Полиэстер
  </material>
  <price>
   120529
  </price>
  <rating>
   2.63
  </rating>
  <reviews>
   151211
  </reviews>
  <exclusive>
   no
  </exclusive>
  <sporty>
   no
  </sporty>
 </clothing>
 <clothing>
  <id>
   593769971
  </id>
  <name>
   Brooks Gloves V-2142
  </name>
  <category>
   Gloves
  </category>
  <size>
   XXL
  </size>
  <color>
   Красный
  </color>
  <material>
   Нейлон
  </material>
  <price>
   426915
  </price>
  <rating>
   4.59
  </rating>
  <reviews>
   236259
  </reviews>
  <new>
   +
  </new>
  <exclusive>
   no
  </exclusive>
 </clothing>
</clothing-items>
