<?xml version="1.0" encoding="utf-8"?>
<clothing-items>
 <clothing>
  <id>
   255662635
  </id>
  <name>
   PleinSport Blouse X-7132
  </name>
  <category>
   Blouse
  </category>
  <size>
   S
  </size>
  <color>
   Голубой
  </color>
  <material>
   Вискоза
  </material>
  <price>
   626614
  </price>
  <rating>
   1.25
  </rating>
  <reviews>
   982033
  </reviews>
  <exclusive>
   no
  </exclusive>
 </clothing>
 <clothing>
  <id>
   131514732
  </id>
  <name>
   Ellesse Jacket R-2899
  </name>
  <category>
   Jacket
  </category>
  <size>
   S
  </size>
  <color>
   Оранжевый
  </color>
  <material>
   Полиэстер
  </material>
  <price>
   869974
  </price>
  <rating>
   2.9
  </rating>
  <reviews>
   281606
  </reviews>
  <new>
   +
  </new>
  <exclusive>
   yes
  </exclusive>
 </clothing>
 <clothing>
  <id>
   306166631
  </id>
  <name>
   Ellesse Jeans N-8147
  </name>
  <category>
   Jeans
  </category>
  <size>
   M
  </size>
  <color>
   Зеленый
  </color>
  <material>
   Нейлон
  </material>
  <price>
   636728
  </price>
  <rating>
   3.75
  </rating>
  <reviews>
   600882
  </reviews>
  <exclusive>
   no
  </exclusive>
  <sporty>
   no
  </sporty>
 </clothing>
 <clothing>
  <id>
   244467483
  </id>
  <name>
   Asics T-shirt T-9077
  </name>
  <category>
   T-shirt
  </category>
  <size>
   L
  </size>
  <color>
   Зеленый
  </color>
  <material>
   Шелк
  </material>
  <price>
   862893
  </price>
  <rating>
   4.24
  </rating>
  <reviews>
   947513
  </reviews>
  <exclusive>
   yes
  </exclusive>
 </clothing>
 <clothing>
  <id>
   580391014
  </id>
  <name>
   Fila Dress Y-1657
  </name>
  <category>
   Dress
  </category>
  <size>
   M
  </size>
  <color>
   Желтый
  </color>
  <material>
   Лен
  </material>
  <price>
   133691
  </price>
  <rating>
   4.74
  </rating>
  <reviews>
   779724
  </reviews>
  <exclusive>
   no
  </exclusive>
 </clothing>
 <clothing>
  <id>
   989214683
  </id>
  <name>
   Converse Gloves W-7679
  </name>
  <category>
   Gloves
  </category>
  <size>
   L
  </size>
  <color>
   Желтый
  </color>
  <material>
   Кожа
  </material>
  <price>
   926483
  </price>
  <rating>
   1.12
  </rating>
  <reviews>
   580541
  </reviews>
  <new>
   -
  </new>
  <exclusive>
   no
  </exclusive>
 </clothing>
 <clothing>
  <id>
   390596234
  </id>
  <name>
   Ellesse Pants E-1097
  </name>
  <category>
   Pants
  </category>
  <size>
   S
  </size>
  <color>
   Желтый
  </color>
  <material>
   Полиэстер
  </material>
  <price>
   835251
  </price>
  <rating>
   2.4
  </rating>
  <reviews>
   304465
  </reviews>
 </clothing>
 <clothing>
  <id>
   815115262
  </id>
  <name>
   Reebok Dress Y-6663
  </name>
  <category>
   Dress
  </category>
  <size>
   XXL
  </size>
  <color>
   Синий
  </color>
  <material>
   Хлопок
  </material>
  <price>
   689629
  </price>
  <rating>
   1.91
  </rating>
  <reviews>
   904946
  </reviews>
  <new>
   -
  </new>
 </clothing>
 <clothing>
  <id>
   987183281
  </id>
  <name>
   Puma Hat N-8242
  </name>
  <category>
   Hat
  </category>
  <size>
   XXL
  </size>
  <color>
   Фиолетовый
  </color>
  <material>
   Шерсть
  </material>
  <price>
   586644
  </price>
  <rating>
   1.62
  </rating>
  <reviews>
   551478
  </reviews>
  <exclusive>
   no
  </exclusive>
  <sporty>
   no
  </sporty>
 </clothing>
 <clothing>
  <id>
   269381246
  </id>
  <name>
   Puma T-shirt O-2792
  </name>
  <category>
   T-shirt
  </category>
  <size>
   XL
  </size>
  <color>
   Голубой
  </color>
  <material>
   Полиэстер
  </material>
  <price>
   947797
  </price>
  <rating>
   2.82
  </rating>
  <reviews>
   910017
  </reviews>
  <new>
   -
  </new>
  <exclusive>
   yes
  </exclusive>
  <sporty>
   yes
  </sporty>
 </clothing>
 <clothing>
  <id>
   431640712
  </id>
  <name>
   Reebok Socks Z-8832
  </name>
  <category>
   Socks
  </category>
  <size>
   M
  </size>
  <color>
   Желтый
  </color>
  <material>
   Лен
  </material>
  <price>
   105540
  </price>
  <rating>
   3.64
  </rating>
  <reviews>
   291179
  </reviews>
  <exclusive>
   yes
  </exclusive>
  <sporty>
   no
  </sporty>
 </clothing>
 <clothing>
  <id>
   936972962
  </id>
  <name>
   Addidas Jeans I-1502
  </name>
  <category>
   Jeans
  </category>
  <size>
   M
  </size>
  <color>
   Желтый
  </color>
  <material>
   Полиэстер
  </material>
  <price>
   653632
  </price>
  <rating>
   4.48
  </rating>
  <reviews>
   793449
  </reviews>
  <new>
   -
  </new>
 </clothing>
 <clothing>
  <id>
   663681951
  </id>
  <name>
   Brooks T-shirt B-5318
  </name>
  <category>
   T-shirt
  </category>
  <size>
   S
  </size>
  <color>
   Желтый
  </color>
  <material>
   Полиэстер
  </material>
  <price>
   513480
  </price>
  <rating>
   1.26
  </rating>
  <reviews>
   69620
  </reviews>
  <exclusive>
   no
  </exclusive>
  <sporty>
   yes
  </sporty>
 </clothing>
 <clothing>
  <id>
   925425951
  </id>
  <name>
   Ellesse Blouse Z-7095
  </name>
  <category>
   Blouse
  </category>
  <size>
   M
  </size>
  <color>
   Голубой
  </color>
  <material>
   Хлопок
  </material>
  <price>
   272613
  </price>
  <rating>
   3.32
  </rating>
  <reviews>
   69700
  </reviews>
  <new>
   -
  </new>
 </clothing>
 <clothing>
  <id>
   464091895
  </id>
  <name>
   Brooks Shirt G-7062
  </name>
  <category>
   Shirt
  </category>
  <size>
   M
  </size>
  <color>
   Фиолетовый
  </color>
  <material>
   Шерсть
  </material>
  <price>
   180531
  </price>
  <rating>
   4.57
  </rating>
  <reviews>
   180520
  </reviews>
  <new>
   +
  </new>
  <sporty>
   no
  </sporty>
 </clothing>
 <clothing>
  <id>
   234096354
  </id>
  <name>
   Converse T-shirt K-8610
  </name>
  <category>
   T-shirt
  </category>
  <size>
   XXL
  </size>
  <color>
   Фиолетовый
  </color>
  <material>
   Хлопок
  </material>
  <price>
   102727
  </price>
  <rating>
   1.72
  </rating>
  <reviews>
   268501
  </reviews>
  <sporty>
   no
  </sporty>
 </clothing>
 <clothing>
  <id>
   615222625
  </id>
  <name>
   New Balance Jeans R-7305
  </name>
  <category>
   Jeans
  </category>
  <size>
   S
  </size>
  <color>
   Желтый
  </color>
  <material>
   Вискоза
  </material>
  <price>
   325803
  </price>
  <rating>
   1.94
  </rating>
  <reviews>
   872839
  </reviews>
  <sporty>
   yes
  </sporty>
 </clothing>
 <clothing>
  <id>
   156298956
  </id>
  <name>
   Under Armour Umbrellas D-7756
  </name>
  <category>
   Umbrellas
  </category>
  <size>
   XXL
  </size>
  <color>
   Желтый
  </color>
  <material>
   Шелк
  </material>
  <price>
   355237
  </price>
  <rating>
   1.32
  </rating>
  <reviews>
   695425
  </reviews>
  <new>
   +
  </new>
  <exclusive>
   no
  </exclusive>
  <sporty>
   yes
  </sporty>
 </clothing>
 <clothing>
  <id>
   966252469
  </id>
  <name>
   Nike Jacket H-2472
  </name>
  <category>
   Jacket
  </category>
  <size>
   S
  </size>
  <color>
   Синий
  </color>
  <material>
   Нейлон
  </material>
  <price>
   650082
  </price>
  <rating>
   3.8
  </rating>
  <reviews>
   659189
  </reviews>
 </clothing>
 <clothing>
  <id>
   504419548
  </id>
  <name>
   Fila Socks G-1545
  </name>
  <category>
   Socks
  </category>
  <size>
   XXL
  </size>
  <color>
   Голубой
  </color>
  <material>
   Нейлон
  </material>
  <price>
   609765
  </price>
  <rating>
   1.46
  </rating>
  <reviews>
   488745
  </reviews>
  <new>
   -
  </new>
  <exclusive>
   yes
  </exclusive>
  <sporty>
   no
  </sporty>
 </clothing>
 <clothing>
  <id>
   750302733
  </id>
  <name>
   Adidas Pants S-8856
  </name>
  <category>
   Pants
  </category>
  <size>
   M
  </size>
  <color>
   Фиолетовый
  </color>
  <material>
   Кожа
  </material>
  <price>
   830283
  </price>
  <rating>
   1.67
  </rating>
  <reviews>
   346824
  </reviews>
  <new>
   +
  </new>
  <exclusive>
   no
  </exclusive>
  <sporty>
   no
  </sporty>
 </clothing>
 <clothing>
  <id>
   312611412
  </id>
  <name>
   Nike Umbrellas E-9708
  </name>
  <category>
   Umbrellas
  </category>
  <size>
   XXL
  </size>
  <color>
   Синий
  </color>
  <material>
   Лен
  </material>
  <price>
   979255
  </price>
  <rating>
   4.43
  </rating>
  <reviews>
   191270
  </reviews>
  <exclusive>
   no
  </exclusive>
 </clothing>
 <clothing>
  <id>
   498772927
  </id>
  <name>
   Brooks Jeans A-7537
  </name>
  <category>
   Jeans
  </category>
  <size>
   S
  </size>
  <color>
   Оранжевый
  </color>
  <material>
   Нейлон
  </material>
  <price>
   455896
  </price>
  <rating>
   2.47
  </rating>
  <reviews>
   528097
  </reviews>
  <new>
   +
  </new>
  <exclusive>
   no
  </exclusive>
  <sporty>
   no
  </sporty>
 </clothing>
 <clothing>
  <id>
   713278977
  </id>
  <name>
   Fila Belts M-1186
  </name>
  <category>
   Belts
  </category>
  <size>
   XXL
  </size>
  <color>
   Желтый
  </color>
  <material>
   Лен
  </material>
  <price>
   553572
  </price>
  <rating>
   2.2
  </rating>
  <reviews>
   331478
  </reviews>
 </clothing>
 <clothing>
  <id>
   540925490
  </id>
  <name>
   Reebok Jeans O-7592
  </name>
  <category>
   Jeans
  </category>
  <size>
   XXL
  </size>
  <color>
   Красный
  </color>
  <material>
   Нейлон
  </material>
  <price>
   948165
  </price>
  <rating>
   4.15
  </rating>
  <reviews>
   238489
  </reviews>
  <exclusive>
   yes
  </exclusive>
  <sporty>
   yes
  </sporty>
 </clothing>
 <clothing>
  <id>
   889761349
  </id>
  <name>
   Puma Pants J-5053
  </name>
  <category>
   Pants
  </category>
  <size>
   S
  </size>
  <color>
   Голубой
  </color>
  <material>
   Полиэстер
  </material>
  <price>
   655779
  </price>
  <rating>
   2.41
  </rating>
  <reviews>
   161710
  </reviews>
  <new>
   +
  </new>
  <exclusive>
   yes
  </exclusive>
  <sporty>
   no
  </sporty>
 </clothing>
 <clothing>
  <id>
   827401592
  </id>
  <name>
   Ellesse Shoes T-1479
  </name>
  <category>
   Shoes
  </category>
  <size>
   L
  </size>
  <color>
   Синий
  </color>
  <material>
   Хлопок
  </material>
  <price>
   769082
  </price>
  <rating>
   3.16
  </rating>
  <reviews>
   549150
  </reviews>
  <exclusive>
   no
  </exclusive>
  <sporty>
   yes
  </sporty>
 </clothing>
 <clothing>
  <id>
   964596275
  </id>
  <name>
   DC Hat U-6669
  </name>
  <category>
   Hat
  </category>
  <size>
   S
  </size>
  <color>
   Фиолетовый
  </color>
  <material>
   Нейлон
  </material>
  <price>
   904149
  </price>
  <rating>
   1.63
  </rating>
  <reviews>
   818116
  </reviews>
  <new>
   -
  </new>
  <exclusive>
   no
  </exclusive>
  <sporty>
   no
  </sporty>
 </clothing>
 <clothing>
  <id>
   739568562
  </id>
  <name>
   Nike Hat G-7783
  </name>
  <category>
   Hat
  </category>
  <size>
   S
  </size>
  <color>
   Синий
  </color>
  <material>
   Полиэстер
  </material>
  <price>
   110199
  </price>
  <rating>
   4.96
  </rating>
  <reviews>
   761184
  </reviews>
  <exclusive>
   no
  </exclusive>
  <sporty>
   no
  </sporty>
 </clothing>
 <clothing>
  <id>
   767032634
  </id>
  <name>
   New Balance Socks J-6219
  </name>
  <category>
   Socks
  </category>
  <size>
   XL
  </size>
  <color>
   Синий
  </color>
  <material>
   Вискоза
  </material>
  <price>
   163395
  </price>
  <rating>
   2.27
  </rating>
  <reviews>
   297563
  </reviews>
  <new>
   +
  </new>
 </clothing>
 <clothing>
  <id>
   158710824
  </id>
  <name>
   Brooks Handbags Q-5575
  </name>
  <category>
   Handbags
  </category>
  <size>
   XL
  </size>
  <color>
   Фиолетовый
  </color>
  <material>
   Вискоза
  </material>
  <price>
   199301
  </price>
  <rating>
   1.33
  </rating>
  <reviews>
   839842
  </reviews>
  <new>
   -
  </new>
 </clothing>
 <clothing>
  <id>
   440548810
  </id>
  <name>
   Converse Belts Z-7353
  </name>
  <category>
   Belts
  </category>
  <size>
   XL
  </size>
  <color>
   Голубой
  </color>
  <material>
   Вискоза
  </material>
  <price>
   637918
  </price>
  <rating>
   2.58
  </rating>
  <reviews>
   203304
  </reviews>
  <exclusive>
   no
  </exclusive>
  <sporty>
   no
  </sporty>
 </clothing>
</clothing-items>
