<?xml version="1.0" encoding="utf-8"?>
<clothing-items>
 <clothing>
  <id>
   249472389
  </id>
  <name>
   Fila Shirt P-6284
  </name>
  <category>
   Shirt
  </category>
  <size>
   XL
  </size>
  <color>
   Голубой
  </color>
  <material>
   Шерсть
  </material>
  <price>
   500135
  </price>
  <rating>
   1.02
  </rating>
  <reviews>
   767622
  </reviews>
  <new>
   +
  </new>
  <exclusive>
   no
  </exclusive>
  <sporty>
   no
  </sporty>
 </clothing>
 <clothing>
  <id>
   459424143
  </id>
  <name>
   Ellesse Gloves H-8498
  </name>
  <category>
   Gloves
  </category>
  <size>
   XL
  </size>
  <color>
   Желтый
  </color>
  <material>
   Нейлон
  </material>
  <price>
   291386
  </price>
  <rating>
   1.27
  </rating>
  <reviews>
   934408
  </reviews>
  <sporty>
   no
  </sporty>
 </clothing>
 <clothing>
  <id>
   274792650
  </id>
  <name>
   Converse Skirt U-7855
  </name>
  <category>
   Skirt
  </category>
  <size>
   L
  </size>
  <color>
   Красный
  </color>
  <material>
   Лен
  </material>
  <price>
   317468
  </price>
  <rating>
   1.1
  </rating>
  <reviews>
   989152
  </reviews>
  <exclusive>
   no
  </exclusive>
 </clothing>
 <clothing>
  <id>
   959818416
  </id>
  <name>
   Converse Jeans P-3057
  </name>
  <category>
   Jeans
  </category>
  <size>
   XXL
  </size>
  <color>
   Синий
  </color>
  <material>
   Кожа
  </material>
  <price>
   851648
  </price>
  <rating>
   3.82
  </rating>
  <reviews>
   808583
  </reviews>
  <new>
   -
  </new>
  <exclusive>
   no
  </exclusive>
  <sporty>
   yes
  </sporty>
 </clothing>
 <clothing>
  <id>
   806336925
  </id>
  <name>
   Ellesse Umbrellas J-3542
  </name>
  <category>
   Umbrellas
  </category>
  <size>
   M
  </size>
  <color>
   Зеленый
  </color>
  <material>
   Полиэстер
  </material>
  <price>
   998507
  </price>
  <rating>
   2.43
  </rating>
  <reviews>
   758845
  </reviews>
  <exclusive>
   yes
  </exclusive>
  <sporty>
   yes
  </sporty>
 </clothing>
 <clothing>
  <id>
   397747994
  </id>
  <name>
   Ellesse Handbags X-4568
  </name>
  <category>
   Handbags
  </category>
  <size>
   XL
  </size>
  <color>
   Зеленый
  </color>
  <material>
   Кожа
  </material>
  <price>
   880415
  </price>
  <rating>
   2.8
  </rating>
  <reviews>
   911930
  </reviews>
  <exclusive>
   no
  </exclusive>
  <sporty>
   no
  </sporty>
 </clothing>
 <clothing>
  <id>
   860140370
  </id>
  <name>
   Asics Shirt H-8815
  </name>
  <category>
   Shirt
  </category>
  <size>
   S
  </size>
  <color>
   Желтый
  </color>
  <material>
   Шелк
  </material>
  <price>
   303608
  </price>
  <rating>
   4.26
  </rating>
  <reviews>
   246296
  </reviews>
  <new>
   +
  </new>
  <exclusive>
   no
  </exclusive>
 </clothing>
 <clothing>
  <id>
   975466072
  </id>
  <name>
   Asics Handbags B-7298
  </name>
  <category>
   Handbags
  </category>
  <size>
   XL
  </size>
  <color>
   Зеленый
  </color>
  <material>
   Нейлон
  </material>
  <price>
   231729
  </price>
  <rating>
   3.78
  </rating>
  <reviews>
   60699
  </reviews>
  <exclusive>
   no
  </exclusive>
 </clothing>
 <clothing>
  <id>
   332155385
  </id>
  <name>
   Ellesse Jacket T-8425
  </name>
  <category>
   Jacket
  </category>
  <size>
   M
  </size>
  <color>
   Синий
  </color>
  <material>
   Нейлон
  </material>
  <price>
   757965
  </price>
  <rating>
   4.82
  </rating>
  <reviews>
   670166
  </reviews>
  <new>
   -
  </new>
  <sporty>
   no
  </sporty>
 </clothing>
 <clothing>
  <id>
   265143540
  </id>
  <name>
   PleinSport Pants G-7178
  </name>
  <category>
   Pants
  </category>
  <size>
   M
  </size>
  <color>
   Красный
  </color>
  <material>
   Хлопок
  </material>
  <price>
   918825
  </price>
  <rating>
   1.92
  </rating>
  <reviews>
   759890
  </reviews>
  <exclusive>
   yes
  </exclusive>
 </clothing>
</clothing-items>
