<?xml version="1.0" encoding="utf-8"?>
<clothing-items>
 <clothing>
  <id>
   364455864
  </id>
  <name>
   Nike Hat J-2913
  </name>
  <category>
   Hat
  </category>
  <size>
   M
  </size>
  <color>
   Синий
  </color>
  <material>
   Кожа
  </material>
  <price>
   211946
  </price>
  <rating>
   3.68
  </rating>
  <reviews>
   279274
  </reviews>
  <exclusive>
   yes
  </exclusive>
 </clothing>
 <clothing>
  <id>
   359788139
  </id>
  <name>
   New Balance Umbrellas V-8201
  </name>
  <category>
   Umbrellas
  </category>
  <size>
   M
  </size>
  <color>
   Фиолетовый
  </color>
  <material>
   Шерсть
  </material>
  <price>
   491755
  </price>
  <rating>
   2.73
  </rating>
  <reviews>
   127886
  </reviews>
  <exclusive>
   yes
  </exclusive>
  <sporty>
   yes
  </sporty>
 </clothing>
 <clothing>
  <id>
   905920159
  </id>
  <name>
   Under Armour Shoes X-1750
  </name>
  <category>
   Shoes
  </category>
  <size>
   XXL
  </size>
  <color>
   Зеленый
  </color>
  <material>
   Нейлон
  </material>
  <price>
   459160
  </price>
  <rating>
   1.22
  </rating>
  <reviews>
   746161
  </reviews>
  <new>
   +
  </new>
  <sporty>
   yes
  </sporty>
 </clothing>
 <clothing>
  <id>
   851547039
  </id>
  <name>
   DC Skirt R-1587
  </name>
  <category>
   Skirt
  </category>
  <size>
   S
  </size>
  <color>
   Желтый
  </color>
  <material>
   Хлопок
  </material>
  <price>
   290668
  </price>
  <rating>
   1.2
  </rating>
  <reviews>
   766720
  </reviews>
  <exclusive>
   yes
  </exclusive>
  <sporty>
   yes
  </sporty>
 </clothing>
 <clothing>
  <id>
   896676953
  </id>
  <name>
   Puma Jeans V-9771
  </name>
  <category>
   Jeans
  </category>
  <size>
   L
  </size>
  <color>
   Желтый
  </color>
  <material>
   Лен
  </material>
  <price>
   322461
  </price>
  <rating>
   1.32
  </rating>
  <reviews>
   678569
  </reviews>
  <new>
   +
  </new>
  <exclusive>
   no
  </exclusive>
  <sporty>
   no
  </sporty>
 </clothing>
 <clothing>
  <id>
   934815527
  </id>
  <name>
   Converse Blouse H-1697
  </name>
  <category>
   Blouse
  </category>
  <size>
   XL
  </size>
  <color>
   Красный
  </color>
  <material>
   Шерсть
  </material>
  <price>
   774517
  </price>
  <rating>
   3.65
  </rating>
  <reviews>
   940211
  </reviews>
  <exclusive>
   yes
  </exclusive>
  <sporty>
   no
  </sporty>
 </clothing>
 <clothing>
  <id>
   738311975
  </id>
  <name>
   Fila Jeans W-1889
  </name>
  <category>
   Jeans
  </category>
  <size>
   XL
  </size>
  <color>
   Голубой
  </color>
  <material>
   Шерсть
  </material>
  <price>
   674365
  </price>
  <rating>
   1.33
  </rating>
  <reviews>
   620576
  </reviews>
  <exclusive>
   yes
  </exclusive>
  <sporty>
   yes
  </sporty>
 </clothing>
 <clothing>
  <id>
   685184267
  </id>
  <name>
   Under Armour Belts K-3663
  </name>
  <category>
   Belts
  </category>
  <size>
   M
  </size>
  <color>
   Зеленый
  </color>
  <material>
   Хлопок
  </material>
  <price>
   205548
  </price>
  <rating>
   4.74
  </rating>
  <reviews>
   277491
  </reviews>
  <exclusive>
   no
  </exclusive>
 </clothing>
 <clothing>
  <id>
   615209614
  </id>
  <name>
   Brooks Shirt Y-5706
  </name>
  <category>
   Shirt
  </category>
  <size>
   XXL
  </size>
  <color>
   Красный
  </color>
  <material>
   Нейлон
  </material>
  <price>
   222934
  </price>
  <rating>
   4.48
  </rating>
  <reviews>
   833425
  </reviews>
  <new>
   +
  </new>
  <sporty>
   no
  </sporty>
 </clothing>
 <clothing>
  <id>
   262156775
  </id>
  <name>
   Brooks Belts U-5087
  </name>
  <category>
   Belts
  </category>
  <size>
   L
  </size>
  <color>
   Зеленый
  </color>
  <material>
   Шерсть
  </material>
  <price>
   789121
  </price>
  <rating>
   1.58
  </rating>
  <reviews>
   288254
  </reviews>
  <exclusive>
   yes
  </exclusive>
  <sporty>
   yes
  </sporty>
 </clothing>
 <clothing>
  <id>
   202174995
  </id>
  <name>
   Asics Gloves D-1228
  </name>
  <category>
   Gloves
  </category>
  <size>
   L
  </size>
  <color>
   Оранжевый
  </color>
  <material>
   Вискоза
  </material>
  <price>
   963827
  </price>
  <rating>
   1.46
  </rating>
  <reviews>
   840617
  </reviews>
  <exclusive>
   no
  </exclusive>
 </clothing>
 <clothing>
  <id>
   555155178
  </id>
  <name>
   Adidas Pants L-7297
  </name>
  <category>
   Pants
  </category>
  <size>
   S
  </size>
  <color>
   Фиолетовый
  </color>
  <material>
   Шерсть
  </material>
  <price>
   147186
  </price>
  <rating>
   3.97
  </rating>
  <reviews>
   253303
  </reviews>
  <new>
   +
  </new>
  <exclusive>
   yes
  </exclusive>
  <sporty>
   yes
  </sporty>
 </clothing>
</clothing-items>
