<?xml version="1.0" encoding="utf-8"?>
<clothing-items>
 <clothing>
  <id>
   697105144
  </id>
  <name>
   Asics Socks T-9824
  </name>
  <category>
   Socks
  </category>
  <size>
   XXL
  </size>
  <color>
   Фиолетовый
  </color>
  <material>
   Вискоза
  </material>
  <price>
   815210
  </price>
  <rating>
   3.78
  </rating>
  <reviews>
   374396
  </reviews>
  <new>
   +
  </new>
  <exclusive>
   yes
  </exclusive>
 </clothing>
 <clothing>
  <id>
   776861276
  </id>
  <name>
   Adidas Skirt Y-7460
  </name>
  <category>
   Skirt
  </category>
  <size>
   XXL
  </size>
  <color>
   Голубой
  </color>
  <material>
   Лен
  </material>
  <price>
   257505
  </price>
  <rating>
   4.41
  </rating>
  <reviews>
   701276
  </reviews>
  <new>
   -
  </new>
  <exclusive>
   no
  </exclusive>
 </clothing>
 <clothing>
  <id>
   103157374
  </id>
  <name>
   Converse Handbags R-6713
  </name>
  <category>
   Handbags
  </category>
  <size>
   M
  </size>
  <color>
   Зеленый
  </color>
  <material>
   Шерсть
  </material>
  <price>
   556088
  </price>
  <rating>
   2.64
  </rating>
  <reviews>
   259857
  </reviews>
  <exclusive>
   no
  </exclusive>
 </clothing>
 <clothing>
  <id>
   840333414
  </id>
  <name>
   Puma Skirt G-6737
  </name>
  <category>
   Skirt
  </category>
  <size>
   XL
  </size>
  <color>
   Голубой
  </color>
  <material>
   Шерсть
  </material>
  <price>
   561952
  </price>
  <rating>
   2.96
  </rating>
  <reviews>
   675296
  </reviews>
  <new>
   -
  </new>
  <exclusive>
   no
  </exclusive>
  <sporty>
   yes
  </sporty>
 </clothing>
 <clothing>
  <id>
   210849415
  </id>
  <name>
   Asics Socks T-9676
  </name>
  <category>
   Socks
  </category>
  <size>
   XL
  </size>
  <color>
   Оранжевый
  </color>
  <material>
   Шерсть
  </material>
  <price>
   193918
  </price>
  <rating>
   3.63
  </rating>
  <reviews>
   488076
  </reviews>
  <exclusive>
   no
  </exclusive>
  <sporty>
   no
  </sporty>
 </clothing>
 <clothing>
  <id>
   308830099
  </id>
  <name>
   Asics Hat Y-8722
  </name>
  <category>
   Hat
  </category>
  <size>
   XXL
  </size>
  <color>
   Голубой
  </color>
  <material>
   Шерсть
  </material>
  <price>
   541232
  </price>
  <rating>
   4.96
  </rating>
  <reviews>
   155288
  </reviews>
  <exclusive>
   no
  </exclusive>
  <sporty>
   yes
  </sporty>
 </clothing>
 <clothing>
  <id>
   232432120
  </id>
  <name>
   Addidas T-shirt Q-3434
  </name>
  <category>
   T-shirt
  </category>
  <size>
   S
  </size>
  <color>
   Голубой
  </color>
  <material>
   Полиэстер
  </material>
  <price>
   670890
  </price>
  <rating>
   3.7
  </rating>
  <reviews>
   302945
  </reviews>
  <new>
   -
  </new>
  <exclusive>
   yes
  </exclusive>
 </clothing>
 <clothing>
  <id>
   409747723
  </id>
  <name>
   Nike Handbags A-9683
  </name>
  <category>
   Handbags
  </category>
  <size>
   XXL
  </size>
  <color>
   Красный
  </color>
  <material>
   Шелк
  </material>
  <price>
   997485
  </price>
  <rating>
   2.05
  </rating>
  <reviews>
   181262
  </reviews>
  <new>
   +
  </new>
 </clothing>
 <clothing>
  <id>
   493834926
  </id>
  <name>
   Adidas Belts I-3402
  </name>
  <category>
   Belts
  </category>
  <size>
   M
  </size>
  <color>
   Оранжевый
  </color>
  <material>
   Нейлон
  </material>
  <price>
   957327
  </price>
  <rating>
   3.54
  </rating>
  <reviews>
   780192
  </reviews>
  <new>
   +
  </new>
  <sporty>
   no
  </sporty>
 </clothing>
 <clothing>
  <id>
   287127999
  </id>
  <name>
   DC Socks C-3026
  </name>
  <category>
   Socks
  </category>
  <size>
   S
  </size>
  <color>
   Оранжевый
  </color>
  <material>
   Кожа
  </material>
  <price>
   947395
  </price>
  <rating>
   2.42
  </rating>
  <reviews>
   368545
  </reviews>
  <exclusive>
   no
  </exclusive>
 </clothing>
</clothing-items>
