<?xml version="1.0" encoding="utf-8"?>
<clothing-items>
 <clothing>
  <id>
   927231608
  </id>
  <name>
   Reebok T-shirt I-8143
  </name>
  <category>
   T-shirt
  </category>
  <size>
   M
  </size>
  <color>
   Желтый
  </color>
  <material>
   Лен
  </material>
  <price>
   398301
  </price>
  <rating>
   4.22
  </rating>
  <reviews>
   754674
  </reviews>
  <sporty>
   yes
  </sporty>
 </clothing>
 <clothing>
  <id>
   717373730
  </id>
  <name>
   Under Armour Sweater C-8591
  </name>
  <category>
   Sweater
  </category>
  <size>
   M
  </size>
  <color>
   Фиолетовый
  </color>
  <material>
   Вискоза
  </material>
  <price>
   816434
  </price>
  <rating>
   3.6
  </rating>
  <reviews>
   744682
  </reviews>
  <exclusive>
   yes
  </exclusive>
  <sporty>
   no
  </sporty>
 </clothing>
 <clothing>
  <id>
   530048836
  </id>
  <name>
   Fila Skirt F-5335
  </name>
  <category>
   Skirt
  </category>
  <size>
   M
  </size>
  <color>
   Оранжевый
  </color>
  <material>
   Хлопок
  </material>
  <price>
   127661
  </price>
  <rating>
   2.33
  </rating>
  <reviews>
   329156
  </reviews>
  <exclusive>
   yes
  </exclusive>
 </clothing>
 <clothing>
  <id>
   827946278
  </id>
  <name>
   Fila Gloves S-9332
  </name>
  <category>
   Gloves
  </category>
  <size>
   XL
  </size>
  <color>
   Голубой
  </color>
  <material>
   Полиэстер
  </material>
  <price>
   838584
  </price>
  <rating>
   2.77
  </rating>
  <reviews>
   726216
  </reviews>
  <exclusive>
   no
  </exclusive>
  <sporty>
   no
  </sporty>
 </clothing>
 <clothing>
  <id>
   648994022
  </id>
  <name>
   Vans Blouse S-2206
  </name>
  <category>
   Blouse
  </category>
  <size>
   XL
  </size>
  <color>
   Фиолетовый
  </color>
  <material>
   Нейлон
  </material>
  <price>
   847898
  </price>
  <rating>
   1.41
  </rating>
  <reviews>
   921931
  </reviews>
  <new>
   -
  </new>
 </clothing>
 <clothing>
  <id>
   152192643
  </id>
  <name>
   PleinSport Dress T-6643
  </name>
  <category>
   Dress
  </category>
  <size>
   M
  </size>
  <color>
   Фиолетовый
  </color>
  <material>
   Хлопок
  </material>
  <price>
   303300
  </price>
  <rating>
   4.76
  </rating>
  <reviews>
   424104
  </reviews>
  <exclusive>
   no
  </exclusive>
  <sporty>
   no
  </sporty>
 </clothing>
 <clothing>
  <id>
   225495921
  </id>
  <name>
   Fila Handbags P-9460
  </name>
  <category>
   Handbags
  </category>
  <size>
   M
  </size>
  <color>
   Оранжевый
  </color>
  <material>
   Хлопок
  </material>
  <price>
   819000
  </price>
  <rating>
   1.04
  </rating>
  <reviews>
   780507
  </reviews>
  <new>
   -
  </new>
  <sporty>
   no
  </sporty>
 </clothing>
 <clothing>
  <id>
   917332911
  </id>
  <name>
   DC Blouse F-3086
  </name>
  <category>
   Blouse
  </category>
  <size>
   XXL
  </size>
  <color>
   Голубой
  </color>
  <material>
   Вискоза
  </material>
  <price>
   463415
  </price>
  <rating>
   4.0
  </rating>
  <reviews>
   206638
  </reviews>
 </clothing>
 <clothing>
  <id>
   686155589
  </id>
  <name>
   DC Jeans G-4542
  </name>
  <category>
   Jeans
  </category>
  <size>
   XXL
  </size>
  <color>
   Фиолетовый
  </color>
  <material>
   Полиэстер
  </material>
  <price>
   923484
  </price>
  <rating>
   4.21
  </rating>
  <reviews>
   566759
  </reviews>
  <new>
   +
  </new>
  <exclusive>
   no
  </exclusive>
  <sporty>
   no
  </sporty>
 </clothing>
 <clothing>
  <id>
   678676702
  </id>
  <name>
   Brooks Hat E-6311
  </name>
  <category>
   Hat
  </category>
  <size>
   M
  </size>
  <color>
   Фиолетовый
  </color>
  <material>
   Нейлон
  </material>
  <price>
   513217
  </price>
  <rating>
   4.94
  </rating>
  <reviews>
   282661
  </reviews>
  <exclusive>
   yes
  </exclusive>
 </clothing>
 <clothing>
  <id>
   564191163
  </id>
  <name>
   Nike Gloves T-4411
  </name>
  <category>
   Gloves
  </category>
  <size>
   XL
  </size>
  <color>
   Синий
  </color>
  <material>
   Хлопок
  </material>
  <price>
   178647
  </price>
  <rating>
   3.85
  </rating>
  <reviews>
   692808
  </reviews>
  <new>
   -
  </new>
  <exclusive>
   no
  </exclusive>
 </clothing>
 <clothing>
  <id>
   851988233
  </id>
  <name>
   Vans Skirt Z-4582
  </name>
  <category>
   Skirt
  </category>
  <size>
   S
  </size>
  <color>
   Оранжевый
  </color>
  <material>
   Нейлон
  </material>
  <price>
   786514
  </price>
  <rating>
   1.68
  </rating>
  <reviews>
   578409
  </reviews>
  <new>
   +
  </new>
  <exclusive>
   yes
  </exclusive>
 </clothing>
 <clothing>
  <id>
   192499625
  </id>
  <name>
   Addidas Sweater B-4755
  </name>
  <category>
   Sweater
  </category>
  <size>
   XL
  </size>
  <color>
   Голубой
  </color>
  <material>
   Нейлон
  </material>
  <price>
   655584
  </price>
  <rating>
   4.02
  </rating>
  <reviews>
   87351
  </reviews>
  <exclusive>
   no
  </exclusive>
  <sporty>
   yes
  </sporty>
 </clothing>
 <clothing>
  <id>
   294035485
  </id>
  <name>
   Vans T-shirt S-7718
  </name>
  <category>
   T-shirt
  </category>
  <size>
   XL
  </size>
  <color>
   Зеленый
  </color>
  <material>
   Шерсть
  </material>
  <price>
   519119
  </price>
  <rating>
   2.84
  </rating>
  <reviews>
   71919
  </reviews>
  <new>
   +
  </new>
  <sporty>
   yes
  </sporty>
 </clothing>
 <clothing>
  <id>
   530113910
  </id>
  <name>
   PleinSport Sweater X-7584
  </name>
  <category>
   Sweater
  </category>
  <size>
   L
  </size>
  <color>
   Голубой
  </color>
  <material>
   Кожа
  </material>
  <price>
   860138
  </price>
  <rating>
   1.69
  </rating>
  <reviews>
   139875
  </reviews>
  <exclusive>
   yes
  </exclusive>
  <sporty>
   no
  </sporty>
 </clothing>
 <clothing>
  <id>
   454194293
  </id>
  <name>
   Fila Jacket B-4680
  </name>
  <category>
   Jacket
  </category>
  <size>
   L
  </size>
  <color>
   Зеленый
  </color>
  <material>
   Полиэстер
  </material>
  <price>
   254283
  </price>
  <rating>
   1.48
  </rating>
  <reviews>
   616687
  </reviews>
  <new>
   +
  </new>
  <exclusive>
   no
  </exclusive>
 </clothing>
 <clothing>
  <id>
   857386335
  </id>
  <name>
   Puma Sweater V-5499
  </name>
  <category>
   Sweater
  </category>
  <size>
   S
  </size>
  <color>
   Синий
  </color>
  <material>
   Шерсть
  </material>
  <price>
   806232
  </price>
  <rating>
   3.92
  </rating>
  <reviews>
   908029
  </reviews>
  <exclusive>
   no
  </exclusive>
 </clothing>
 <clothing>
  <id>
   286110866
  </id>
  <name>
   Addidas Skirt Q-5068
  </name>
  <category>
   Skirt
  </category>
  <size>
   M
  </size>
  <color>
   Фиолетовый
  </color>
  <material>
   Лен
  </material>
  <price>
   393006
  </price>
  <rating>
   4.72
  </rating>
  <reviews>
   814813
  </reviews>
  <new>
   -
  </new>
  <exclusive>
   no
  </exclusive>
 </clothing>
 <clothing>
  <id>
   939046380
  </id>
  <name>
   Ellesse Dress T-9350
  </name>
  <category>
   Dress
  </category>
  <size>
   XXL
  </size>
  <color>
   Фиолетовый
  </color>
  <material>
   Хлопок
  </material>
  <price>
   137875
  </price>
  <rating>
   4.21
  </rating>
  <reviews>
   366915
  </reviews>
 </clothing>
 <clothing>
  <id>
   283256264
  </id>
  <name>
   Under Armour Jacket R-3718
  </name>
  <category>
   Jacket
  </category>
  <size>
   S
  </size>
  <color>
   Оранжевый
  </color>
  <material>
   Кожа
  </material>
  <price>
   164680
  </price>
  <rating>
   3.89
  </rating>
  <reviews>
   361302
  </reviews>
  <sporty>
   no
  </sporty>
 </clothing>
 <clothing>
  <id>
   802089662
  </id>
  <name>
   Brooks Hat E-4267
  </name>
  <category>
   Hat
  </category>
  <size>
   L
  </size>
  <color>
   Зеленый
  </color>
  <material>
   Лен
  </material>
  <price>
   795251
  </price>
  <rating>
   4.21
  </rating>
  <reviews>
   515097
  </reviews>
  <new>
   +
  </new>
  <sporty>
   yes
  </sporty>
 </clothing>
 <clothing>
  <id>
   884882411
  </id>
  <name>
   PleinSport Handbags D-3096
  </name>
  <category>
   Handbags
  </category>
  <size>
   L
  </size>
  <color>
   Голубой
  </color>
  <material>
   Шерсть
  </material>
  <price>
   441704
  </price>
  <rating>
   2.12
  </rating>
  <reviews>
   298031
  </reviews>
  <new>
   +
  </new>
  <exclusive>
   yes
  </exclusive>
 </clothing>
 <clothing>
  <id>
   553654792
  </id>
  <name>
   Lacoste Handbags A-2038
  </name>
  <category>
   Handbags
  </category>
  <size>
   XXL
  </size>
  <color>
   Оранжевый
  </color>
  <material>
   Вискоза
  </material>
  <price>
   416201
  </price>
  <rating>
   2.55
  </rating>
  <reviews>
   370926
  </reviews>
  <sporty>
   no
  </sporty>
 </clothing>
 <clothing>
  <id>
   344439987
  </id>
  <name>
   Converse Handbags Y-1731
  </name>
  <category>
   Handbags
  </category>
  <size>
   XXL
  </size>
  <color>
   Фиолетовый
  </color>
  <material>
   Вискоза
  </material>
  <price>
   522877
  </price>
  <rating>
   1.33
  </rating>
  <reviews>
   856668
  </reviews>
 </clothing>
</clothing-items>
