<?xml version="1.0" encoding="utf-8"?>
<clothing-items>
 <clothing>
  <id>
   645066939
  </id>
  <name>
   Reebok T-shirt B-3845
  </name>
  <category>
   T-shirt
  </category>
  <size>
   S
  </size>
  <color>
   Красный
  </color>
  <material>
   Вискоза
  </material>
  <price>
   236103
  </price>
  <rating>
   4.33
  </rating>
  <reviews>
   83386
  </reviews>
  <new>
   +
  </new>
  <sporty>
   yes
  </sporty>
 </clothing>
 <clothing>
  <id>
   414256378
  </id>
  <name>
   Puma Pants J-1856
  </name>
  <category>
   Pants
  </category>
  <size>
   XL
  </size>
  <color>
   Зеленый
  </color>
  <material>
   Нейлон
  </material>
  <price>
   126965
  </price>
  <rating>
   2.27
  </rating>
  <reviews>
   427680
  </reviews>
  <exclusive>
   no
  </exclusive>
 </clothing>
 <clothing>
  <id>
   614153139
  </id>
  <name>
   Under Armour Pants P-9415
  </name>
  <category>
   Pants
  </category>
  <size>
   XXL
  </size>
  <color>
   Фиолетовый
  </color>
  <material>
   Кожа
  </material>
  <price>
   360637
  </price>
  <rating>
   2.02
  </rating>
  <reviews>
   956700
  </reviews>
  <new>
   +
  </new>
  <exclusive>
   yes
  </exclusive>
 </clothing>
 <clothing>
  <id>
   804440066
  </id>
  <name>
   New Balance Umbrellas Q-1944
  </name>
  <category>
   Umbrellas
  </category>
  <size>
   L
  </size>
  <color>
   Синий
  </color>
  <material>
   Кожа
  </material>
  <price>
   565621
  </price>
  <rating>
   3.88
  </rating>
  <reviews>
   136582
  </reviews>
  <new>
   -
  </new>
  <sporty>
   yes
  </sporty>
 </clothing>
 <clothing>
  <id>
   959883133
  </id>
  <name>
   Lacoste Belts P-6605
  </name>
  <category>
   Belts
  </category>
  <size>
   M
  </size>
  <color>
   Желтый
  </color>
  <material>
   Нейлон
  </material>
  <price>
   710570
  </price>
  <rating>
   3.42
  </rating>
  <reviews>
   606578
  </reviews>
  <exclusive>
   no
  </exclusive>
  <sporty>
   no
  </sporty>
 </clothing>
 <clothing>
  <id>
   402368478
  </id>
  <name>
   Converse Shoes O-3438
  </name>
  <category>
   Shoes
  </category>
  <size>
   M
  </size>
  <color>
   Голубой
  </color>
  <material>
   Шерсть
  </material>
  <price>
   833904
  </price>
  <rating>
   1.23
  </rating>
  <reviews>
   130324
  </reviews>
  <exclusive>
   yes
  </exclusive>
  <sporty>
   yes
  </sporty>
 </clothing>
 <clothing>
  <id>
   710832716
  </id>
  <name>
   New Balance Jacket Q-5350
  </name>
  <category>
   Jacket
  </category>
  <size>
   L
  </size>
  <color>
   Желтый
  </color>
  <material>
   Шерсть
  </material>
  <price>
   405648
  </price>
  <rating>
   4.04
  </rating>
  <reviews>
   353204
  </reviews>
  <new>
   -
  </new>
  <exclusive>
   no
  </exclusive>
  <sporty>
   no
  </sporty>
 </clothing>
 <clothing>
  <id>
   778447882
  </id>
  <name>
   Ellesse Handbags U-4629
  </name>
  <category>
   Handbags
  </category>
  <size>
   M
  </size>
  <color>
   Синий
  </color>
  <material>
   Шерсть
  </material>
  <price>
   921639
  </price>
  <rating>
   3.66
  </rating>
  <reviews>
   77373
  </reviews>
  <new>
   -
  </new>
 </clothing>
 <clothing>
  <id>
   228749415
  </id>
  <name>
   PleinSport Skirt V-4926
  </name>
  <category>
   Skirt
  </category>
  <size>
   L
  </size>
  <color>
   Зеленый
  </color>
  <material>
   Нейлон
  </material>
  <price>
   319481
  </price>
  <rating>
   3.22
  </rating>
  <reviews>
   6364
  </reviews>
 </clothing>
 <clothing>
  <id>
   872999528
  </id>
  <name>
   Brooks Jacket S-9579
  </name>
  <category>
   Jacket
  </category>
  <size>
   M
  </size>
  <color>
   Оранжевый
  </color>
  <material>
   Шерсть
  </material>
  <price>
   817398
  </price>
  <rating>
   2.76
  </rating>
  <reviews>
   365125
  </reviews>
  <new>
   -
  </new>
  <exclusive>
   no
  </exclusive>
 </clothing>
 <clothing>
  <id>
   891080321
  </id>
  <name>
   Fila Jacket V-3949
  </name>
  <category>
   Jacket
  </category>
  <size>
   S
  </size>
  <color>
   Желтый
  </color>
  <material>
   Вискоза
  </material>
  <price>
   103986
  </price>
  <rating>
   4.4
  </rating>
  <reviews>
   106043
  </reviews>
 </clothing>
 <clothing>
  <id>
   284486484
  </id>
  <name>
   Nike Dress D-5244
  </name>
  <category>
   Dress
  </category>
  <size>
   L
  </size>
  <color>
   Синий
  </color>
  <material>
   Шерсть
  </material>
  <price>
   441342
  </price>
  <rating>
   1.48
  </rating>
  <reviews>
   961620
  </reviews>
  <new>
   -
  </new>
 </clothing>
 <clothing>
  <id>
   316992128
  </id>
  <name>
   Ellesse Socks V-3961
  </name>
  <category>
   Socks
  </category>
  <size>
   XL
  </size>
  <color>
   Синий
  </color>
  <material>
   Нейлон
  </material>
  <price>
   338811
  </price>
  <rating>
   3.44
  </rating>
  <reviews>
   678955
  </reviews>
  <new>
   +
  </new>
  <exclusive>
   yes
  </exclusive>
  <sporty>
   no
  </sporty>
 </clothing>
 <clothing>
  <id>
   658826524
  </id>
  <name>
   Vans Socks J-7597
  </name>
  <category>
   Socks
  </category>
  <size>
   XL
  </size>
  <color>
   Голубой
  </color>
  <material>
   Лен
  </material>
  <price>
   666028
  </price>
  <rating>
   3.09
  </rating>
  <reviews>
   930800
  </reviews>
  <sporty>
   no
  </sporty>
 </clothing>
 <clothing>
  <id>
   165574162
  </id>
  <name>
   Brooks Shirt U-6599
  </name>
  <category>
   Shirt
  </category>
  <size>
   XXL
  </size>
  <color>
   Голубой
  </color>
  <material>
   Полиэстер
  </material>
  <price>
   548452
  </price>
  <rating>
   1.55
  </rating>
  <reviews>
   222967
  </reviews>
  <new>
   +
  </new>
 </clothing>
 <clothing>
  <id>
   528661552
  </id>
  <name>
   Under Armour Skirt P-8246
  </name>
  <category>
   Skirt
  </category>
  <size>
   M
  </size>
  <color>
   Синий
  </color>
  <material>
   Полиэстер
  </material>
  <price>
   940591
  </price>
  <rating>
   3.15
  </rating>
  <reviews>
   373133
  </reviews>
  <new>
   -
  </new>
  <exclusive>
   no
  </exclusive>
  <sporty>
   no
  </sporty>
 </clothing>
 <clothing>
  <id>
   856535979
  </id>
  <name>
   Reebok Handbags T-1540
  </name>
  <category>
   Handbags
  </category>
  <size>
   XXL
  </size>
  <color>
   Зеленый
  </color>
  <material>
   Кожа
  </material>
  <price>
   524912
  </price>
  <rating>
   4.89
  </rating>
  <reviews>
   337171
  </reviews>
  <new>
   +
  </new>
 </clothing>
 <clothing>
  <id>
   970377109
  </id>
  <name>
   Reebok T-shirt O-1852
  </name>
  <category>
   T-shirt
  </category>
  <size>
   S
  </size>
  <color>
   Зеленый
  </color>
  <material>
   Кожа
  </material>
  <price>
   464907
  </price>
  <rating>
   1.54
  </rating>
  <reviews>
   873343
  </reviews>
  <new>
   -
  </new>
  <exclusive>
   yes
  </exclusive>
  <sporty>
   no
  </sporty>
 </clothing>
 <clothing>
  <id>
   473321445
  </id>
  <name>
   Adidas Blouse M-4364
  </name>
  <category>
   Blouse
  </category>
  <size>
   XXL
  </size>
  <color>
   Красный
  </color>
  <material>
   Шелк
  </material>
  <price>
   986539
  </price>
  <rating>
   3.59
  </rating>
  <reviews>
   811019
  </reviews>
 </clothing>
 <clothing>
  <id>
   142830050
  </id>
  <name>
   Under Armour Shoes L-1809
  </name>
  <category>
   Shoes
  </category>
  <size>
   L
  </size>
  <color>
   Голубой
  </color>
  <material>
   Хлопок
  </material>
  <price>
   140443
  </price>
  <rating>
   3.64
  </rating>
  <reviews>
   896487
  </reviews>
  <new>
   +
  </new>
  <sporty>
   yes
  </sporty>
 </clothing>
 <clothing>
  <id>
   360351899
  </id>
  <name>
   Addidas Gloves F-4974
  </name>
  <category>
   Gloves
  </category>
  <size>
   XXL
  </size>
  <color>
   Голубой
  </color>
  <material>
   Нейлон
  </material>
  <price>
   798500
  </price>
  <rating>
   4.79
  </rating>
  <reviews>
   731285
  </reviews>
  <new>
   -
  </new>
  <exclusive>
   no
  </exclusive>
 </clothing>
 <clothing>
  <id>
   665620591
  </id>
  <name>
   Nike Jacket E-1667
  </name>
  <category>
   Jacket
  </category>
  <size>
   XL
  </size>
  <color>
   Голубой
  </color>
  <material>
   Хлопок
  </material>
  <price>
   353203
  </price>
  <rating>
   3.56
  </rating>
  <reviews>
   109047
  </reviews>
  <new>
   -
  </new>
  <exclusive>
   no
  </exclusive>
  <sporty>
   no
  </sporty>
 </clothing>
 <clothing>
  <id>
   901964622
  </id>
  <name>
   Asics Pants Y-9543
  </name>
  <category>
   Pants
  </category>
  <size>
   L
  </size>
  <color>
   Голубой
  </color>
  <material>
   Нейлон
  </material>
  <price>
   773866
  </price>
  <rating>
   1.26
  </rating>
  <reviews>
   857902
  </reviews>
  <new>
   -
  </new>
  <exclusive>
   yes
  </exclusive>
  <sporty>
   no
  </sporty>
 </clothing>
 <clothing>
  <id>
   653086509
  </id>
  <name>
   Puma Blouse W-3261
  </name>
  <category>
   Blouse
  </category>
  <size>
   S
  </size>
  <color>
   Фиолетовый
  </color>
  <material>
   Шелк
  </material>
  <price>
   366940
  </price>
  <rating>
   3.97
  </rating>
  <reviews>
   431228
  </reviews>
 </clothing>
 <clothing>
  <id>
   676249420
  </id>
  <name>
   Adidas Skirt S-5498
  </name>
  <category>
   Skirt
  </category>
  <size>
   M
  </size>
  <color>
   Синий
  </color>
  <material>
   Хлопок
  </material>
  <price>
   419816
  </price>
  <rating>
   3.51
  </rating>
  <reviews>
   141121
  </reviews>
  <new>
   +
  </new>
  <exclusive>
   no
  </exclusive>
 </clothing>
 <clothing>
  <id>
   826728428
  </id>
  <name>
   Adidas Umbrellas I-7684
  </name>
  <category>
   Umbrellas
  </category>
  <size>
   XL
  </size>
  <color>
   Синий
  </color>
  <material>
   Шерсть
  </material>
  <price>
   326435
  </price>
  <rating>
   4.15
  </rating>
  <reviews>
   69082
  </reviews>
  <new>
   -
  </new>
  <exclusive>
   no
  </exclusive>
  <sporty>
   no
  </sporty>
 </clothing>
</clothing-items>
