<?xml version="1.0" encoding="utf-8"?>
<clothing-items>
 <clothing>
  <id>
   673206946
  </id>
  <name>
   DC Dress U-6954
  </name>
  <category>
   Dress
  </category>
  <size>
   XXL
  </size>
  <color>
   Синий
  </color>
  <material>
   Нейлон
  </material>
  <price>
   364583
  </price>
  <rating>
   3.15
  </rating>
  <reviews>
   422022
  </reviews>
  <exclusive>
   no
  </exclusive>
  <sporty>
   yes
  </sporty>
 </clothing>
 <clothing>
  <id>
   242981393
  </id>
  <name>
   Reebok Skirt B-3128
  </name>
  <category>
   Skirt
  </category>
  <size>
   XL
  </size>
  <color>
   Красный
  </color>
  <material>
   Шелк
  </material>
  <price>
   404190
  </price>
  <rating>
   3.83
  </rating>
  <reviews>
   418331
  </reviews>
  <exclusive>
   yes
  </exclusive>
 </clothing>
 <clothing>
  <id>
   782270011
  </id>
  <name>
   Nike Dress K-3751
  </name>
  <category>
   Dress
  </category>
  <size>
   M
  </size>
  <color>
   Оранжевый
  </color>
  <material>
   Шерсть
  </material>
  <price>
   312065
  </price>
  <rating>
   3.83
  </rating>
  <reviews>
   547329
  </reviews>
  <new>
   +
  </new>
  <exclusive>
   no
  </exclusive>
  <sporty>
   no
  </sporty>
 </clothing>
 <clothing>
  <id>
   842070142
  </id>
  <name>
   Lacoste Blouse L-7234
  </name>
  <category>
   Blouse
  </category>
  <size>
   XXL
  </size>
  <color>
   Оранжевый
  </color>
  <material>
   Нейлон
  </material>
  <price>
   510081
  </price>
  <rating>
   3.85
  </rating>
  <reviews>
   264637
  </reviews>
  <new>
   +
  </new>
  <exclusive>
   yes
  </exclusive>
 </clothing>
 <clothing>
  <id>
   219710220
  </id>
  <name>
   Puma Gloves M-7909
  </name>
  <category>
   Gloves
  </category>
  <size>
   XXL
  </size>
  <color>
   Голубой
  </color>
  <material>
   Полиэстер
  </material>
  <price>
   951509
  </price>
  <rating>
   1.3
  </rating>
  <reviews>
   997229
  </reviews>
  <exclusive>
   no
  </exclusive>
  <sporty>
   no
  </sporty>
 </clothing>
 <clothing>
  <id>
   908279831
  </id>
  <name>
   Vans Sweater E-4485
  </name>
  <category>
   Sweater
  </category>
  <size>
   XXL
  </size>
  <color>
   Зеленый
  </color>
  <material>
   Шелк
  </material>
  <price>
   891817
  </price>
  <rating>
   1.4
  </rating>
  <reviews>
   239836
  </reviews>
  <new>
   +
  </new>
  <exclusive>
   no
  </exclusive>
 </clothing>
 <clothing>
  <id>
   579558240
  </id>
  <name>
   New Balance Jacket A-2256
  </name>
  <category>
   Jacket
  </category>
  <size>
   L
  </size>
  <color>
   Зеленый
  </color>
  <material>
   Полиэстер
  </material>
  <price>
   990709
  </price>
  <rating>
   4.26
  </rating>
  <reviews>
   385521
  </reviews>
  <exclusive>
   yes
  </exclusive>
  <sporty>
   no
  </sporty>
 </clothing>
 <clothing>
  <id>
   411735248
  </id>
  <name>
   Reebok Hat X-5957
  </name>
  <category>
   Hat
  </category>
  <size>
   XXL
  </size>
  <color>
   Желтый
  </color>
  <material>
   Шелк
  </material>
  <price>
   286864
  </price>
  <rating>
   4.36
  </rating>
  <reviews>
   419997
  </reviews>
  <exclusive>
   no
  </exclusive>
  <sporty>
   no
  </sporty>
 </clothing>
 <clothing>
  <id>
   169465564
  </id>
  <name>
   Addidas Pants W-5967
  </name>
  <category>
   Pants
  </category>
  <size>
   XXL
  </size>
  <color>
   Красный
  </color>
  <material>
   Лен
  </material>
  <price>
   674622
  </price>
  <rating>
   2.24
  </rating>
  <reviews>
   378694
  </reviews>
  <new>
   +
  </new>
  <exclusive>
   yes
  </exclusive>
  <sporty>
   yes
  </sporty>
 </clothing>
 <clothing>
  <id>
   484421797
  </id>
  <name>
   DC Dress K-3769
  </name>
  <category>
   Dress
  </category>
  <size>
   M
  </size>
  <color>
   Оранжевый
  </color>
  <material>
   Кожа
  </material>
  <price>
   607955
  </price>
  <rating>
   3.29
  </rating>
  <reviews>
   803647
  </reviews>
  <new>
   -
  </new>
  <sporty>
   no
  </sporty>
 </clothing>
 <clothing>
  <id>
   939355684
  </id>
  <name>
   Ellesse Jacket G-9274
  </name>
  <category>
   Jacket
  </category>
  <size>
   XXL
  </size>
  <color>
   Желтый
  </color>
  <material>
   Хлопок
  </material>
  <price>
   521524
  </price>
  <rating>
   2.51
  </rating>
  <reviews>
   243675
  </reviews>
  <new>
   -
  </new>
  <exclusive>
   yes
  </exclusive>
  <sporty>
   no
  </sporty>
 </clothing>
 <clothing>
  <id>
   547374179
  </id>
  <name>
   Asics Shoes X-3441
  </name>
  <category>
   Shoes
  </category>
  <size>
   M
  </size>
  <color>
   Оранжевый
  </color>
  <material>
   Вискоза
  </material>
  <price>
   714061
  </price>
  <rating>
   3.85
  </rating>
  <reviews>
   193370
  </reviews>
  <sporty>
   no
  </sporty>
 </clothing>
 <clothing>
  <id>
   799102136
  </id>
  <name>
   Converse Jeans T-4325
  </name>
  <category>
   Jeans
  </category>
  <size>
   L
  </size>
  <color>
   Фиолетовый
  </color>
  <material>
   Полиэстер
  </material>
  <price>
   957815
  </price>
  <rating>
   2.27
  </rating>
  <reviews>
   23052
  </reviews>
  <exclusive>
   no
  </exclusive>
  <sporty>
   no
  </sporty>
 </clothing>
 <clothing>
  <id>
   491119927
  </id>
  <name>
   Reebok Handbags U-9918
  </name>
  <category>
   Handbags
  </category>
  <size>
   XL
  </size>
  <color>
   Синий
  </color>
  <material>
   Полиэстер
  </material>
  <price>
   814138
  </price>
  <rating>
   4.98
  </rating>
  <reviews>
   873788
  </reviews>
  <exclusive>
   no
  </exclusive>
 </clothing>
 <clothing>
  <id>
   563218310
  </id>
  <name>
   Adidas Belts Q-8553
  </name>
  <category>
   Belts
  </category>
  <size>
   XL
  </size>
  <color>
   Оранжевый
  </color>
  <material>
   Полиэстер
  </material>
  <price>
   982097
  </price>
  <rating>
   1.5
  </rating>
  <reviews>
   336280
  </reviews>
  <exclusive>
   yes
  </exclusive>
  <sporty>
   yes
  </sporty>
 </clothing>
 <clothing>
  <id>
   869075755
  </id>
  <name>
   Fila Pants S-1628
  </name>
  <category>
   Pants
  </category>
  <size>
   M
  </size>
  <color>
   Желтый
  </color>
  <material>
   Кожа
  </material>
  <price>
   121005
  </price>
  <rating>
   3.12
  </rating>
  <reviews>
   756893
  </reviews>
  <sporty>
   no
  </sporty>
 </clothing>
 <clothing>
  <id>
   998961186
  </id>
  <name>
   Adidas Shirt N-4943
  </name>
  <category>
   Shirt
  </category>
  <size>
   L
  </size>
  <color>
   Оранжевый
  </color>
  <material>
   Хлопок
  </material>
  <price>
   647860
  </price>
  <rating>
   1.19
  </rating>
  <reviews>
   913204
  </reviews>
  <new>
   +
  </new>
  <exclusive>
   yes
  </exclusive>
 </clothing>
 <clothing>
  <id>
   374302455
  </id>
  <name>
   PleinSport Handbags M-6656
  </name>
  <category>
   Handbags
  </category>
  <size>
   L
  </size>
  <color>
   Зеленый
  </color>
  <material>
   Хлопок
  </material>
  <price>
   193520
  </price>
  <rating>
   4.4
  </rating>
  <reviews>
   669513
  </reviews>
  <new>
   -
  </new>
 </clothing>
 <clothing>
  <id>
   501343126
  </id>
  <name>
   Puma Pants F-3675
  </name>
  <category>
   Pants
  </category>
  <size>
   M
  </size>
  <color>
   Красный
  </color>
  <material>
   Шелк
  </material>
  <price>
   247333
  </price>
  <rating>
   2.97
  </rating>
  <reviews>
   441069
  </reviews>
  <new>
   -
  </new>
  <exclusive>
   no
  </exclusive>
  <sporty>
   no
  </sporty>
 </clothing>
 <clothing>
  <id>
   720455697
  </id>
  <name>
   Vans Pants L-8678
  </name>
  <category>
   Pants
  </category>
  <size>
   XXL
  </size>
  <color>
   Оранжевый
  </color>
  <material>
   Полиэстер
  </material>
  <price>
   405371
  </price>
  <rating>
   2.27
  </rating>
  <reviews>
   480345
  </reviews>
  <new>
   -
  </new>
 </clothing>
 <clothing>
  <id>
   421155741
  </id>
  <name>
   Addidas Shirt F-1853
  </name>
  <category>
   Shirt
  </category>
  <size>
   XXL
  </size>
  <color>
   Фиолетовый
  </color>
  <material>
   Хлопок
  </material>
  <price>
   784103
  </price>
  <rating>
   4.01
  </rating>
  <reviews>
   665416
  </reviews>
  <new>
   -
  </new>
  <exclusive>
   no
  </exclusive>
 </clothing>
 <clothing>
  <id>
   391653957
  </id>
  <name>
   Nike Belts H-9819
  </name>
  <category>
   Belts
  </category>
  <size>
   S
  </size>
  <color>
   Оранжевый
  </color>
  <material>
   Вискоза
  </material>
  <price>
   198038
  </price>
  <rating>
   2.86
  </rating>
  <reviews>
   866359
  </reviews>
  <exclusive>
   no
  </exclusive>
 </clothing>
 <clothing>
  <id>
   677840319
  </id>
  <name>
   DC Gloves O-6519
  </name>
  <category>
   Gloves
  </category>
  <size>
   XL
  </size>
  <color>
   Синий
  </color>
  <material>
   Вискоза
  </material>
  <price>
   391737
  </price>
  <rating>
   3.45
  </rating>
  <reviews>
   348318
  </reviews>
  <exclusive>
   yes
  </exclusive>
 </clothing>
 <clothing>
  <id>
   642411006
  </id>
  <name>
   Asics Shoes R-4723
  </name>
  <category>
   Shoes
  </category>
  <size>
   XL
  </size>
  <color>
   Зеленый
  </color>
  <material>
   Хлопок
  </material>
  <price>
   778784
  </price>
  <rating>
   3.36
  </rating>
  <reviews>
   634605
  </reviews>
  <new>
   -
  </new>
  <sporty>
   yes
  </sporty>
 </clothing>
 <clothing>
  <id>
   513941967
  </id>
  <name>
   Puma Hat Y-3027
  </name>
  <category>
   Hat
  </category>
  <size>
   S
  </size>
  <color>
   Зеленый
  </color>
  <material>
   Хлопок
  </material>
  <price>
   382053
  </price>
  <rating>
   3.71
  </rating>
  <reviews>
   261968
  </reviews>
  <new>
   -
  </new>
  <exclusive>
   yes
  </exclusive>
  <sporty>
   yes
  </sporty>
 </clothing>
 <clothing>
  <id>
   604298482
  </id>
  <name>
   Reebok Jacket D-3329
  </name>
  <category>
   Jacket
  </category>
  <size>
   S
  </size>
  <color>
   Фиолетовый
  </color>
  <material>
   Шерсть
  </material>
  <price>
   244714
  </price>
  <rating>
   1.89
  </rating>
  <reviews>
   876199
  </reviews>
  <new>
   +
  </new>
  <exclusive>
   yes
  </exclusive>
 </clothing>
 <clothing>
  <id>
   187465538
  </id>
  <name>
   Under Armour Jacket W-3691
  </name>
  <category>
   Jacket
  </category>
  <size>
   XL
  </size>
  <color>
   Фиолетовый
  </color>
  <material>
   Кожа
  </material>
  <price>
   851839
  </price>
  <rating>
   1.05
  </rating>
  <reviews>
   269373
  </reviews>
  <sporty>
   yes
  </sporty>
 </clothing>
</clothing-items>
