<?xml version="1.0" encoding="utf-8"?>
<clothing-items>
 <clothing>
  <id>
   397004613
  </id>
  <name>
   Under Armour Skirt I-8617
  </name>
  <category>
   Skirt
  </category>
  <size>
   S
  </size>
  <color>
   Синий
  </color>
  <material>
   Вискоза
  </material>
  <price>
   527258
  </price>
  <rating>
   4.26
  </rating>
  <reviews>
   849996
  </reviews>
  <new>
   +
  </new>
  <sporty>
   yes
  </sporty>
 </clothing>
 <clothing>
  <id>
   159643324
  </id>
  <name>
   Puma Socks L-8372
  </name>
  <category>
   Socks
  </category>
  <size>
   L
  </size>
  <color>
   Красный
  </color>
  <material>
   Полиэстер
  </material>
  <price>
   995755
  </price>
  <rating>
   2.48
  </rating>
  <reviews>
   183997
  </reviews>
  <new>
   -
  </new>
 </clothing>
 <clothing>
  <id>
   292756243
  </id>
  <name>
   Nike Dress V-6763
  </name>
  <category>
   Dress
  </category>
  <size>
   M
  </size>
  <color>
   Желтый
  </color>
  <material>
   Шелк
  </material>
  <price>
   114689
  </price>
  <rating>
   2.82
  </rating>
  <reviews>
   685169
  </reviews>
  <sporty>
   yes
  </sporty>
 </clothing>
 <clothing>
  <id>
   679731782
  </id>
  <name>
   Puma Hat F-6259
  </name>
  <category>
   Hat
  </category>
  <size>
   L
  </size>
  <color>
   Зеленый
  </color>
  <material>
   Шерсть
  </material>
  <price>
   620649
  </price>
  <rating>
   2.6
  </rating>
  <reviews>
   834665
  </reviews>
  <exclusive>
   yes
  </exclusive>
 </clothing>
 <clothing>
  <id>
   178147803
  </id>
  <name>
   PleinSport Umbrellas C-1058
  </name>
  <category>
   Umbrellas
  </category>
  <size>
   XL
  </size>
  <color>
   Фиолетовый
  </color>
  <material>
   Шелк
  </material>
  <price>
   836755
  </price>
  <rating>
   3.41
  </rating>
  <reviews>
   109260
  </reviews>
  <new>
   -
  </new>
 </clothing>
 <clothing>
  <id>
   394290300
  </id>
  <name>
   Vans Pants R-8211
  </name>
  <category>
   Pants
  </category>
  <size>
   M
  </size>
  <color>
   Голубой
  </color>
  <material>
   Полиэстер
  </material>
  <price>
   286220
  </price>
  <rating>
   4.71
  </rating>
  <reviews>
   634001
  </reviews>
  <new>
   -
  </new>
  <sporty>
   no
  </sporty>
 </clothing>
 <clothing>
  <id>
   710484846
  </id>
  <name>
   Reebok T-shirt L-5562
  </name>
  <category>
   T-shirt
  </category>
  <size>
   XXL
  </size>
  <color>
   Оранжевый
  </color>
  <material>
   Лен
  </material>
  <price>
   128534
  </price>
  <rating>
   4.92
  </rating>
  <reviews>
   461580
  </reviews>
  <exclusive>
   yes
  </exclusive>
  <sporty>
   no
  </sporty>
 </clothing>
 <clothing>
  <id>
   343870410
  </id>
  <name>
   Adidas Hat X-7957
  </name>
  <category>
   Hat
  </category>
  <size>
   S
  </size>
  <color>
   Голубой
  </color>
  <material>
   Нейлон
  </material>
  <price>
   892286
  </price>
  <rating>
   1.08
  </rating>
  <reviews>
   500755
  </reviews>
  <new>
   +
  </new>
  <exclusive>
   yes
  </exclusive>
  <sporty>
   yes
  </sporty>
 </clothing>
 <clothing>
  <id>
   268766500
  </id>
  <name>
   Converse Skirt B-2260
  </name>
  <category>
   Skirt
  </category>
  <size>
   XL
  </size>
  <color>
   Оранжевый
  </color>
  <material>
   Шелк
  </material>
  <price>
   804683
  </price>
  <rating>
   4.22
  </rating>
  <reviews>
   727897
  </reviews>
  <new>
   -
  </new>
  <sporty>
   yes
  </sporty>
 </clothing>
 <clothing>
  <id>
   329715666
  </id>
  <name>
   Ellesse Pants F-6176
  </name>
  <category>
   Pants
  </category>
  <size>
   XXL
  </size>
  <color>
   Красный
  </color>
  <material>
   Лен
  </material>
  <price>
   787863
  </price>
  <rating>
   2.07
  </rating>
  <reviews>
   20835
  </reviews>
  <new>
   -
  </new>
 </clothing>
 <clothing>
  <id>
   443041204
  </id>
  <name>
   Under Armour Belts P-9666
  </name>
  <category>
   Belts
  </category>
  <size>
   XL
  </size>
  <color>
   Голубой
  </color>
  <material>
   Полиэстер
  </material>
  <price>
   887104
  </price>
  <rating>
   3.68
  </rating>
  <reviews>
   985026
  </reviews>
  <sporty>
   yes
  </sporty>
 </clothing>
 <clothing>
  <id>
   272565659
  </id>
  <name>
   Ellesse Hat P-8478
  </name>
  <category>
   Hat
  </category>
  <size>
   L
  </size>
  <color>
   Желтый
  </color>
  <material>
   Нейлон
  </material>
  <price>
   187762
  </price>
  <rating>
   2.49
  </rating>
  <reviews>
   516752
  </reviews>
  <exclusive>
   no
  </exclusive>
  <sporty>
   no
  </sporty>
 </clothing>
 <clothing>
  <id>
   943556552
  </id>
  <name>
   Ellesse Gloves G-9761
  </name>
  <category>
   Gloves
  </category>
  <size>
   XXL
  </size>
  <color>
   Фиолетовый
  </color>
  <material>
   Шерсть
  </material>
  <price>
   620760
  </price>
  <rating>
   4.23
  </rating>
  <reviews>
   798120
  </reviews>
  <exclusive>
   no
  </exclusive>
  <sporty>
   no
  </sporty>
 </clothing>
 <clothing>
  <id>
   149926688
  </id>
  <name>
   Adidas Handbags E-1883
  </name>
  <category>
   Handbags
  </category>
  <size>
   XL
  </size>
  <color>
   Синий
  </color>
  <material>
   Вискоза
  </material>
  <price>
   134405
  </price>
  <rating>
   1.62
  </rating>
  <reviews>
   672681
  </reviews>
  <new>
   +
  </new>
  <exclusive>
   yes
  </exclusive>
 </clothing>
 <clothing>
  <id>
   890676597
  </id>
  <name>
   Lacoste Shirt U-3097
  </name>
  <category>
   Shirt
  </category>
  <size>
   XXL
  </size>
  <color>
   Голубой
  </color>
  <material>
   Вискоза
  </material>
  <price>
   329760
  </price>
  <rating>
   2.87
  </rating>
  <reviews>
   37553
  </reviews>
  <new>
   -
  </new>
  <exclusive>
   no
  </exclusive>
  <sporty>
   no
  </sporty>
 </clothing>
 <clothing>
  <id>
   109726889
  </id>
  <name>
   Converse Skirt U-4168
  </name>
  <category>
   Skirt
  </category>
  <size>
   S
  </size>
  <color>
   Голубой
  </color>
  <material>
   Вискоза
  </material>
  <price>
   298392
  </price>
  <rating>
   4.93
  </rating>
  <reviews>
   419452
  </reviews>
  <exclusive>
   yes
  </exclusive>
 </clothing>
 <clothing>
  <id>
   496478681
  </id>
  <name>
   Brooks Socks M-4554
  </name>
  <category>
   Socks
  </category>
  <size>
   L
  </size>
  <color>
   Оранжевый
  </color>
  <material>
   Лен
  </material>
  <price>
   325852
  </price>
  <rating>
   2.25
  </rating>
  <reviews>
   893344
  </reviews>
  <new>
   -
  </new>
  <sporty>
   no
  </sporty>
 </clothing>
 <clothing>
  <id>
   521722090
  </id>
  <name>
   Puma Pants D-4501
  </name>
  <category>
   Pants
  </category>
  <size>
   L
  </size>
  <color>
   Зеленый
  </color>
  <material>
   Лен
  </material>
  <price>
   185798
  </price>
  <rating>
   2.81
  </rating>
  <reviews>
   482391
  </reviews>
  <exclusive>
   yes
  </exclusive>
 </clothing>
 <clothing>
  <id>
   881134287
  </id>
  <name>
   Converse Skirt D-9270
  </name>
  <category>
   Skirt
  </category>
  <size>
   M
  </size>
  <color>
   Желтый
  </color>
  <material>
   Вискоза
  </material>
  <price>
   464681
  </price>
  <rating>
   3.66
  </rating>
  <reviews>
   809445
  </reviews>
  <exclusive>
   no
  </exclusive>
  <sporty>
   yes
  </sporty>
 </clothing>
 <clothing>
  <id>
   390534391
  </id>
  <name>
   DC Socks H-6167
  </name>
  <category>
   Socks
  </category>
  <size>
   M
  </size>
  <color>
   Зеленый
  </color>
  <material>
   Кожа
  </material>
  <price>
   895822
  </price>
  <rating>
   2.36
  </rating>
  <reviews>
   955900
  </reviews>
  <new>
   +
  </new>
  <exclusive>
   no
  </exclusive>
  <sporty>
   no
  </sporty>
 </clothing>
 <clothing>
  <id>
   332354986
  </id>
  <name>
   Brooks Hat B-3766
  </name>
  <category>
   Hat
  </category>
  <size>
   L
  </size>
  <color>
   Синий
  </color>
  <material>
   Шерсть
  </material>
  <price>
   842087
  </price>
  <rating>
   2.89
  </rating>
  <reviews>
   244692
  </reviews>
  <new>
   +
  </new>
 </clothing>
 <clothing>
  <id>
   682184886
  </id>
  <name>
   Puma Gloves I-4802
  </name>
  <category>
   Gloves
  </category>
  <size>
   L
  </size>
  <color>
   Зеленый
  </color>
  <material>
   Лен
  </material>
  <price>
   964837
  </price>
  <rating>
   3.44
  </rating>
  <reviews>
   876815
  </reviews>
  <new>
   -
  </new>
  <exclusive>
   no
  </exclusive>
 </clothing>
 <clothing>
  <id>
   143261544
  </id>
  <name>
   Vans Blouse L-8637
  </name>
  <category>
   Blouse
  </category>
  <size>
   S
  </size>
  <color>
   Голубой
  </color>
  <material>
   Шерсть
  </material>
  <price>
   573247
  </price>
  <rating>
   1.39
  </rating>
  <reviews>
   293595
  </reviews>
  <new>
   +
  </new>
 </clothing>
 <clothing>
  <id>
   314855765
  </id>
  <name>
   Under Armour Pants H-9893
  </name>
  <category>
   Pants
  </category>
  <size>
   XXL
  </size>
  <color>
   Желтый
  </color>
  <material>
   Кожа
  </material>
  <price>
   392230
  </price>
  <rating>
   1.92
  </rating>
  <reviews>
   965699
  </reviews>
  <new>
   +
  </new>
  <exclusive>
   yes
  </exclusive>
  <sporty>
   yes
  </sporty>
 </clothing>
 <clothing>
  <id>
   411540966
  </id>
  <name>
   Addidas Belts O-1743
  </name>
  <category>
   Belts
  </category>
  <size>
   L
  </size>
  <color>
   Голубой
  </color>
  <material>
   Вискоза
  </material>
  <price>
   234275
  </price>
  <rating>
   1.32
  </rating>
  <reviews>
   394335
  </reviews>
  <exclusive>
   yes
  </exclusive>
  <sporty>
   no
  </sporty>
 </clothing>
 <clothing>
  <id>
   116876300
  </id>
  <name>
   PleinSport Gloves O-8214
  </name>
  <category>
   Gloves
  </category>
  <size>
   S
  </size>
  <color>
   Красный
  </color>
  <material>
   Лен
  </material>
  <price>
   890683
  </price>
  <rating>
   3.17
  </rating>
  <reviews>
   939873
  </reviews>
  <exclusive>
   no
  </exclusive>
  <sporty>
   no
  </sporty>
 </clothing>
</clothing-items>
