<?xml version="1.0" encoding="utf-8"?>
<clothing-items>
 <clothing>
  <id>
   415495616
  </id>
  <name>
   Ellesse Shoes I-9553
  </name>
  <category>
   Shoes
  </category>
  <size>
   M
  </size>
  <color>
   Оранжевый
  </color>
  <material>
   Шелк
  </material>
  <price>
   575878
  </price>
  <rating>
   3.77
  </rating>
  <reviews>
   567998
  </reviews>
  <exclusive>
   no
  </exclusive>
 </clothing>
 <clothing>
  <id>
   978172444
  </id>
  <name>
   Asics Hat G-8495
  </name>
  <category>
   Hat
  </category>
  <size>
   M
  </size>
  <color>
   Фиолетовый
  </color>
  <material>
   Нейлон
  </material>
  <price>
   265617
  </price>
  <rating>
   4.9
  </rating>
  <reviews>
   330282
  </reviews>
  <new>
   -
  </new>
  <sporty>
   yes
  </sporty>
 </clothing>
 <clothing>
  <id>
   330951861
  </id>
  <name>
   Puma T-shirt Y-8834
  </name>
  <category>
   T-shirt
  </category>
  <size>
   S
  </size>
  <color>
   Синий
  </color>
  <material>
   Хлопок
  </material>
  <price>
   615699
  </price>
  <rating>
   2.72
  </rating>
  <reviews>
   443642
  </reviews>
  <new>
   -
  </new>
  <exclusive>
   yes
  </exclusive>
  <sporty>
   yes
  </sporty>
 </clothing>
 <clothing>
  <id>
   581201862
  </id>
  <name>
   DC Socks J-3547
  </name>
  <category>
   Socks
  </category>
  <size>
   S
  </size>
  <color>
   Желтый
  </color>
  <material>
   Шелк
  </material>
  <price>
   509064
  </price>
  <rating>
   3.09
  </rating>
  <reviews>
   72253
  </reviews>
  <exclusive>
   no
  </exclusive>
  <sporty>
   yes
  </sporty>
 </clothing>
 <clothing>
  <id>
   799326164
  </id>
  <name>
   Reebok Gloves E-5542
  </name>
  <category>
   Gloves
  </category>
  <size>
   L
  </size>
  <color>
   Голубой
  </color>
  <material>
   Полиэстер
  </material>
  <price>
   929675
  </price>
  <rating>
   2.06
  </rating>
  <reviews>
   858409
  </reviews>
  <new>
   -
  </new>
  <sporty>
   yes
  </sporty>
 </clothing>
 <clothing>
  <id>
   992818922
  </id>
  <name>
   Puma Jacket O-1612
  </name>
  <category>
   Jacket
  </category>
  <size>
   S
  </size>
  <color>
   Зеленый
  </color>
  <material>
   Кожа
  </material>
  <price>
   810454
  </price>
  <rating>
   1.12
  </rating>
  <reviews>
   890421
  </reviews>
  <exclusive>
   no
  </exclusive>
  <sporty>
   no
  </sporty>
 </clothing>
 <clothing>
  <id>
   725502471
  </id>
  <name>
   Adidas Blouse G-6341
  </name>
  <category>
   Blouse
  </category>
  <size>
   S
  </size>
  <color>
   Оранжевый
  </color>
  <material>
   Полиэстер
  </material>
  <price>
   116952
  </price>
  <rating>
   2.76
  </rating>
  <reviews>
   840722
  </reviews>
  <new>
   -
  </new>
 </clothing>
 <clothing>
  <id>
   895743338
  </id>
  <name>
   New Balance Jeans P-9136
  </name>
  <category>
   Jeans
  </category>
  <size>
   S
  </size>
  <color>
   Зеленый
  </color>
  <material>
   Кожа
  </material>
  <price>
   248520
  </price>
  <rating>
   2.33
  </rating>
  <reviews>
   652009
  </reviews>
  <exclusive>
   no
  </exclusive>
  <sporty>
   yes
  </sporty>
 </clothing>
 <clothing>
  <id>
   845117043
  </id>
  <name>
   Addidas Skirt B-2372
  </name>
  <category>
   Skirt
  </category>
  <size>
   M
  </size>
  <color>
   Желтый
  </color>
  <material>
   Хлопок
  </material>
  <price>
   296355
  </price>
  <rating>
   4.53
  </rating>
  <reviews>
   469235
  </reviews>
  <new>
   +
  </new>
 </clothing>
 <clothing>
  <id>
   806057069
  </id>
  <name>
   Reebok Shoes B-6978
  </name>
  <category>
   Shoes
  </category>
  <size>
   XXL
  </size>
  <color>
   Красный
  </color>
  <material>
   Лен
  </material>
  <price>
   855661
  </price>
  <rating>
   1.25
  </rating>
  <reviews>
   312321
  </reviews>
  <exclusive>
   no
  </exclusive>
  <sporty>
   yes
  </sporty>
 </clothing>
 <clothing>
  <id>
   572360523
  </id>
  <name>
   DC Umbrellas L-6556
  </name>
  <category>
   Umbrellas
  </category>
  <size>
   M
  </size>
  <color>
   Красный
  </color>
  <material>
   Кожа
  </material>
  <price>
   956441
  </price>
  <rating>
   2.58
  </rating>
  <reviews>
   179991
  </reviews>
  <exclusive>
   yes
  </exclusive>
  <sporty>
   no
  </sporty>
 </clothing>
 <clothing>
  <id>
   855441416
  </id>
  <name>
   DC Hat S-5831
  </name>
  <category>
   Hat
  </category>
  <size>
   XXL
  </size>
  <color>
   Желтый
  </color>
  <material>
   Кожа
  </material>
  <price>
   507634
  </price>
  <rating>
   1.07
  </rating>
  <reviews>
   616453
  </reviews>
  <sporty>
   no
  </sporty>
 </clothing>
 <clothing>
  <id>
   208743138
  </id>
  <name>
   Ellesse Skirt M-6027
  </name>
  <category>
   Skirt
  </category>
  <size>
   S
  </size>
  <color>
   Синий
  </color>
  <material>
   Хлопок
  </material>
  <price>
   546446
  </price>
  <rating>
   2.87
  </rating>
  <reviews>
   324601
  </reviews>
  <exclusive>
   yes
  </exclusive>
 </clothing>
 <clothing>
  <id>
   462815302
  </id>
  <name>
   Reebok Sweater Z-2503
  </name>
  <category>
   Sweater
  </category>
  <size>
   S
  </size>
  <color>
   Оранжевый
  </color>
  <material>
   Полиэстер
  </material>
  <price>
   508158
  </price>
  <rating>
   3.55
  </rating>
  <reviews>
   558808
  </reviews>
  <exclusive>
   no
  </exclusive>
  <sporty>
   yes
  </sporty>
 </clothing>
 <clothing>
  <id>
   188820820
  </id>
  <name>
   Adidas Hat R-9252
  </name>
  <category>
   Hat
  </category>
  <size>
   S
  </size>
  <color>
   Фиолетовый
  </color>
  <material>
   Вискоза
  </material>
  <price>
   618874
  </price>
  <rating>
   2.13
  </rating>
  <reviews>
   466258
  </reviews>
  <exclusive>
   yes
  </exclusive>
  <sporty>
   no
  </sporty>
 </clothing>
 <clothing>
  <id>
   638537117
  </id>
  <name>
   Nike Shirt Y-1757
  </name>
  <category>
   Shirt
  </category>
  <size>
   L
  </size>
  <color>
   Зеленый
  </color>
  <material>
   Лен
  </material>
  <price>
   362600
  </price>
  <rating>
   4.53
  </rating>
  <reviews>
   503591
  </reviews>
  <new>
   +
  </new>
  <exclusive>
   no
  </exclusive>
  <sporty>
   yes
  </sporty>
 </clothing>
 <clothing>
  <id>
   234440225
  </id>
  <name>
   Puma Belts B-3957
  </name>
  <category>
   Belts
  </category>
  <size>
   L
  </size>
  <color>
   Зеленый
  </color>
  <material>
   Нейлон
  </material>
  <price>
   480748
  </price>
  <rating>
   2.64
  </rating>
  <reviews>
   344338
  </reviews>
  <exclusive>
   no
  </exclusive>
 </clothing>
 <clothing>
  <id>
   998840526
  </id>
  <name>
   DC Gloves S-4699
  </name>
  <category>
   Gloves
  </category>
  <size>
   S
  </size>
  <color>
   Красный
  </color>
  <material>
   Вискоза
  </material>
  <price>
   657387
  </price>
  <rating>
   4.91
  </rating>
  <reviews>
   909029
  </reviews>
  <exclusive>
   yes
  </exclusive>
  <sporty>
   yes
  </sporty>
 </clothing>
 <clothing>
  <id>
   488951459
  </id>
  <name>
   Under Armour Skirt X-9069
  </name>
  <category>
   Skirt
  </category>
  <size>
   M
  </size>
  <color>
   Голубой
  </color>
  <material>
   Вискоза
  </material>
  <price>
   648406
  </price>
  <rating>
   1.84
  </rating>
  <reviews>
   481812
  </reviews>
  <exclusive>
   no
  </exclusive>
  <sporty>
   yes
  </sporty>
 </clothing>
 <clothing>
  <id>
   977524363
  </id>
  <name>
   Asics Shoes F-1584
  </name>
  <category>
   Shoes
  </category>
  <size>
   L
  </size>
  <color>
   Оранжевый
  </color>
  <material>
   Шерсть
  </material>
  <price>
   778715
  </price>
  <rating>
   1.37
  </rating>
  <reviews>
   407079
  </reviews>
  <new>
   -
  </new>
  <exclusive>
   yes
  </exclusive>
  <sporty>
   no
  </sporty>
 </clothing>
 <clothing>
  <id>
   432740538
  </id>
  <name>
   Puma Blouse P-8790
  </name>
  <category>
   Blouse
  </category>
  <size>
   XXL
  </size>
  <color>
   Желтый
  </color>
  <material>
   Полиэстер
  </material>
  <price>
   695273
  </price>
  <rating>
   3.69
  </rating>
  <reviews>
   681577
  </reviews>
  <sporty>
   no
  </sporty>
 </clothing>
 <clothing>
  <id>
   574052730
  </id>
  <name>
   Ellesse Shoes K-6690
  </name>
  <category>
   Shoes
  </category>
  <size>
   M
  </size>
  <color>
   Оранжевый
  </color>
  <material>
   Вискоза
  </material>
  <price>
   333229
  </price>
  <rating>
   4.7
  </rating>
  <reviews>
   933093
  </reviews>
 </clothing>
 <clothing>
  <id>
   655097245
  </id>
  <name>
   Nike Umbrellas B-1886
  </name>
  <category>
   Umbrellas
  </category>
  <size>
   XXL
  </size>
  <color>
   Желтый
  </color>
  <material>
   Полиэстер
  </material>
  <price>
   139734
  </price>
  <rating>
   1.01
  </rating>
  <reviews>
   701586
  </reviews>
  <new>
   -
  </new>
  <exclusive>
   no
  </exclusive>
  <sporty>
   yes
  </sporty>
 </clothing>
 <clothing>
  <id>
   431874512
  </id>
  <name>
   Under Armour Shirt D-5216
  </name>
  <category>
   Shirt
  </category>
  <size>
   S
  </size>
  <color>
   Оранжевый
  </color>
  <material>
   Лен
  </material>
  <price>
   831832
  </price>
  <rating>
   4.21
  </rating>
  <reviews>
   182448
  </reviews>
  <new>
   +
  </new>
  <exclusive>
   no
  </exclusive>
  <sporty>
   yes
  </sporty>
 </clothing>
 <clothing>
  <id>
   644542771
  </id>
  <name>
   Asics Shoes M-8545
  </name>
  <category>
   Shoes
  </category>
  <size>
   M
  </size>
  <color>
   Синий
  </color>
  <material>
   Вискоза
  </material>
  <price>
   402839
  </price>
  <rating>
   1.55
  </rating>
  <reviews>
   681416
  </reviews>
  <new>
   -
  </new>
  <exclusive>
   yes
  </exclusive>
  <sporty>
   no
  </sporty>
 </clothing>
 <clothing>
  <id>
   573112871
  </id>
  <name>
   Addidas T-shirt F-2277
  </name>
  <category>
   T-shirt
  </category>
  <size>
   M
  </size>
  <color>
   Желтый
  </color>
  <material>
   Вискоза
  </material>
  <price>
   307121
  </price>
  <rating>
   1.9
  </rating>
  <reviews>
   115608
  </reviews>
  <new>
   -
  </new>
  <exclusive>
   no
  </exclusive>
 </clothing>
 <clothing>
  <id>
   642781632
  </id>
  <name>
   Reebok Gloves P-3239
  </name>
  <category>
   Gloves
  </category>
  <size>
   L
  </size>
  <color>
   Фиолетовый
  </color>
  <material>
   Полиэстер
  </material>
  <price>
   700513
  </price>
  <rating>
   4.92
  </rating>
  <reviews>
   824066
  </reviews>
  <new>
   +
  </new>
  <sporty>
   no
  </sporty>
 </clothing>
 <clothing>
  <id>
   734311653
  </id>
  <name>
   Adidas Umbrellas Y-8169
  </name>
  <category>
   Umbrellas
  </category>
  <size>
   M
  </size>
  <color>
   Красный
  </color>
  <material>
   Кожа
  </material>
  <price>
   823158
  </price>
  <rating>
   1.63
  </rating>
  <reviews>
   904490
  </reviews>
  <exclusive>
   no
  </exclusive>
 </clothing>
 <clothing>
  <id>
   689190304
  </id>
  <name>
   Lacoste Skirt N-5609
  </name>
  <category>
   Skirt
  </category>
  <size>
   L
  </size>
  <color>
   Синий
  </color>
  <material>
   Кожа
  </material>
  <price>
   594021
  </price>
  <rating>
   1.52
  </rating>
  <reviews>
   232237
  </reviews>
  <sporty>
   yes
  </sporty>
 </clothing>
 <clothing>
  <id>
   819578781
  </id>
  <name>
   Under Armour Shirt L-4074
  </name>
  <category>
   Shirt
  </category>
  <size>
   S
  </size>
  <color>
   Красный
  </color>
  <material>
   Вискоза
  </material>
  <price>
   375351
  </price>
  <rating>
   4.88
  </rating>
  <reviews>
   679628
  </reviews>
  <new>
   +
  </new>
  <exclusive>
   no
  </exclusive>
  <sporty>
   no
  </sporty>
 </clothing>
 <clothing>
  <id>
   468526748
  </id>
  <name>
   Reebok Jeans F-3659
  </name>
  <category>
   Jeans
  </category>
  <size>
   S
  </size>
  <color>
   Голубой
  </color>
  <material>
   Шелк
  </material>
  <price>
   961457
  </price>
  <rating>
   1.66
  </rating>
  <reviews>
   179367
  </reviews>
  <sporty>
   no
  </sporty>
 </clothing>
 <clothing>
  <id>
   161354665
  </id>
  <name>
   Addidas Shoes Y-2374
  </name>
  <category>
   Shoes
  </category>
  <size>
   XL
  </size>
  <color>
   Голубой
  </color>
  <material>
   Шерсть
  </material>
  <price>
   246773
  </price>
  <rating>
   3.16
  </rating>
  <reviews>
   78850
  </reviews>
  <exclusive>
   yes
  </exclusive>
  <sporty>
   no
  </sporty>
 </clothing>
 <clothing>
  <id>
   745911101
  </id>
  <name>
   New Balance Gloves X-2316
  </name>
  <category>
   Gloves
  </category>
  <size>
   S
  </size>
  <color>
   Желтый
  </color>
  <material>
   Лен
  </material>
  <price>
   876759
  </price>
  <rating>
   4.41
  </rating>
  <reviews>
   571489
  </reviews>
  <new>
   +
  </new>
  <exclusive>
   no
  </exclusive>
 </clothing>
 <clothing>
  <id>
   150701237
  </id>
  <name>
   Fila T-shirt U-3236
  </name>
  <category>
   T-shirt
  </category>
  <size>
   XL
  </size>
  <color>
   Желтый
  </color>
  <material>
   Нейлон
  </material>
  <price>
   587081
  </price>
  <rating>
   2.33
  </rating>
  <reviews>
   803734
  </reviews>
  <exclusive>
   no
  </exclusive>
  <sporty>
   no
  </sporty>
 </clothing>
</clothing-items>
