<?xml version="1.0" encoding="utf-8"?>
<clothing-items>
 <clothing>
  <id>
   841924176
  </id>
  <name>
   Lacoste Socks S-5862
  </name>
  <category>
   Socks
  </category>
  <size>
   L
  </size>
  <color>
   Фиолетовый
  </color>
  <material>
   Вискоза
  </material>
  <price>
   840270
  </price>
  <rating>
   3.59
  </rating>
  <reviews>
   721249
  </reviews>
  <exclusive>
   no
  </exclusive>
 </clothing>
 <clothing>
  <id>
   275777712
  </id>
  <name>
   Under Armour Jacket P-4298
  </name>
  <category>
   Jacket
  </category>
  <size>
   XL
  </size>
  <color>
   Красный
  </color>
  <material>
   Вискоза
  </material>
  <price>
   459252
  </price>
  <rating>
   4.28
  </rating>
  <reviews>
   279806
  </reviews>
  <new>
   +
  </new>
 </clothing>
 <clothing>
  <id>
   293313089
  </id>
  <name>
   Nike Jeans U-1406
  </name>
  <category>
   Jeans
  </category>
  <size>
   L
  </size>
  <color>
   Зеленый
  </color>
  <material>
   Хлопок
  </material>
  <price>
   854705
  </price>
  <rating>
   4.23
  </rating>
  <reviews>
   61991
  </reviews>
  <new>
   +
  </new>
  <exclusive>
   no
  </exclusive>
 </clothing>
 <clothing>
  <id>
   708592628
  </id>
  <name>
   Nike Jeans U-5989
  </name>
  <category>
   Jeans
  </category>
  <size>
   XL
  </size>
  <color>
   Фиолетовый
  </color>
  <material>
   Хлопок
  </material>
  <price>
   404770
  </price>
  <rating>
   4.9
  </rating>
  <reviews>
   576675
  </reviews>
  <exclusive>
   no
  </exclusive>
 </clothing>
 <clothing>
  <id>
   686367744
  </id>
  <name>
   Addidas Hat V-2087
  </name>
  <category>
   Hat
  </category>
  <size>
   XXL
  </size>
  <color>
   Фиолетовый
  </color>
  <material>
   Шерсть
  </material>
  <price>
   727916
  </price>
  <rating>
   4.73
  </rating>
  <reviews>
   17140
  </reviews>
  <new>
   -
  </new>
  <exclusive>
   yes
  </exclusive>
  <sporty>
   no
  </sporty>
 </clothing>
 <clothing>
  <id>
   642752271
  </id>
  <name>
   Vans Socks P-2317
  </name>
  <category>
   Socks
  </category>
  <size>
   XL
  </size>
  <color>
   Красный
  </color>
  <material>
   Шерсть
  </material>
  <price>
   405974
  </price>
  <rating>
   1.58
  </rating>
  <reviews>
   61726
  </reviews>
  <new>
   +
  </new>
  <exclusive>
   yes
  </exclusive>
 </clothing>
 <clothing>
  <id>
   690181760
  </id>
  <name>
   Fila Shirt U-6529
  </name>
  <category>
   Shirt
  </category>
  <size>
   XL
  </size>
  <color>
   Голубой
  </color>
  <material>
   Нейлон
  </material>
  <price>
   719066
  </price>
  <rating>
   1.07
  </rating>
  <reviews>
   980006
  </reviews>
  <sporty>
   no
  </sporty>
 </clothing>
 <clothing>
  <id>
   778712449
  </id>
  <name>
   DC Umbrellas H-4354
  </name>
  <category>
   Umbrellas
  </category>
  <size>
   XXL
  </size>
  <color>
   Зеленый
  </color>
  <material>
   Полиэстер
  </material>
  <price>
   789405
  </price>
  <rating>
   1.83
  </rating>
  <reviews>
   385045
  </reviews>
  <new>
   -
  </new>
 </clothing>
 <clothing>
  <id>
   419623493
  </id>
  <name>
   Puma Gloves Y-2542
  </name>
  <category>
   Gloves
  </category>
  <size>
   XXL
  </size>
  <color>
   Красный
  </color>
  <material>
   Лен
  </material>
  <price>
   611877
  </price>
  <rating>
   2.39
  </rating>
  <reviews>
   896968
  </reviews>
  <sporty>
   yes
  </sporty>
 </clothing>
 <clothing>
  <id>
   304842867
  </id>
  <name>
   Vans Umbrellas K-8019
  </name>
  <category>
   Umbrellas
  </category>
  <size>
   XXL
  </size>
  <color>
   Зеленый
  </color>
  <material>
   Нейлон
  </material>
  <price>
   983340
  </price>
  <rating>
   1.54
  </rating>
  <reviews>
   377371
  </reviews>
  <exclusive>
   yes
  </exclusive>
 </clothing>
 <clothing>
  <id>
   602909067
  </id>
  <name>
   Adidas Handbags K-3814
  </name>
  <category>
   Handbags
  </category>
  <size>
   XL
  </size>
  <color>
   Зеленый
  </color>
  <material>
   Хлопок
  </material>
  <price>
   410186
  </price>
  <rating>
   4.11
  </rating>
  <reviews>
   995695
  </reviews>
  <new>
   +
  </new>
  <sporty>
   no
  </sporty>
 </clothing>
 <clothing>
  <id>
   944982819
  </id>
  <name>
   Converse Blouse O-8152
  </name>
  <category>
   Blouse
  </category>
  <size>
   XXL
  </size>
  <color>
   Желтый
  </color>
  <material>
   Вискоза
  </material>
  <price>
   433742
  </price>
  <rating>
   4.09
  </rating>
  <reviews>
   931371
  </reviews>
  <new>
   +
  </new>
  <exclusive>
   yes
  </exclusive>
  <sporty>
   no
  </sporty>
 </clothing>
 <clothing>
  <id>
   320106632
  </id>
  <name>
   Lacoste Hat F-9462
  </name>
  <category>
   Hat
  </category>
  <size>
   XL
  </size>
  <color>
   Фиолетовый
  </color>
  <material>
   Шерсть
  </material>
  <price>
   409434
  </price>
  <rating>
   3.42
  </rating>
  <reviews>
   430341
  </reviews>
  <new>
   -
  </new>
  <sporty>
   yes
  </sporty>
 </clothing>
</clothing-items>
