<?xml version="1.0" encoding="utf-8"?>
<clothing-items>
 <clothing>
  <id>
   271642574
  </id>
  <name>
   Lacoste Sweater V-2099
  </name>
  <category>
   Sweater
  </category>
  <size>
   XXL
  </size>
  <color>
   Синий
  </color>
  <material>
   Хлопок
  </material>
  <price>
   506266
  </price>
  <rating>
   3.38
  </rating>
  <reviews>
   800389
  </reviews>
  <new>
   -
  </new>
  <exclusive>
   no
  </exclusive>
  <sporty>
   yes
  </sporty>
 </clothing>
 <clothing>
  <id>
   251939374
  </id>
  <name>
   PleinSport Jacket L-7995
  </name>
  <category>
   Jacket
  </category>
  <size>
   L
  </size>
  <color>
   Красный
  </color>
  <material>
   Шерсть
  </material>
  <price>
   444462
  </price>
  <rating>
   1.17
  </rating>
  <reviews>
   899489
  </reviews>
  <exclusive>
   no
  </exclusive>
  <sporty>
   no
  </sporty>
 </clothing>
 <clothing>
  <id>
   297125198
  </id>
  <name>
   Addidas Sweater O-4328
  </name>
  <category>
   Sweater
  </category>
  <size>
   S
  </size>
  <color>
   Оранжевый
  </color>
  <material>
   Нейлон
  </material>
  <price>
   961122
  </price>
  <rating>
   3.17
  </rating>
  <reviews>
   711354
  </reviews>
  <new>
   -
  </new>
  <exclusive>
   yes
  </exclusive>
 </clothing>
 <clothing>
  <id>
   979926235
  </id>
  <name>
   Adidas Jacket H-2813
  </name>
  <category>
   Jacket
  </category>
  <size>
   L
  </size>
  <color>
   Синий
  </color>
  <material>
   Вискоза
  </material>
  <price>
   910602
  </price>
  <rating>
   1.08
  </rating>
  <reviews>
   419596
  </reviews>
  <new>
   -
  </new>
  <exclusive>
   no
  </exclusive>
  <sporty>
   no
  </sporty>
 </clothing>
 <clothing>
  <id>
   227843869
  </id>
  <name>
   Converse Jeans Q-2266
  </name>
  <category>
   Jeans
  </category>
  <size>
   XL
  </size>
  <color>
   Зеленый
  </color>
  <material>
   Лен
  </material>
  <price>
   897030
  </price>
  <rating>
   2.75
  </rating>
  <reviews>
   176572
  </reviews>
  <new>
   -
  </new>
  <sporty>
   no
  </sporty>
 </clothing>
 <clothing>
  <id>
   256997676
  </id>
  <name>
   Converse Belts V-4871
  </name>
  <category>
   Belts
  </category>
  <size>
   M
  </size>
  <color>
   Красный
  </color>
  <material>
   Хлопок
  </material>
  <price>
   326943
  </price>
  <rating>
   2.53
  </rating>
  <reviews>
   988766
  </reviews>
 </clothing>
 <clothing>
  <id>
   417927649
  </id>
  <name>
   Brooks Pants F-7980
  </name>
  <category>
   Pants
  </category>
  <size>
   S
  </size>
  <color>
   Желтый
  </color>
  <material>
   Лен
  </material>
  <price>
   851086
  </price>
  <rating>
   1.86
  </rating>
  <reviews>
   381502
  </reviews>
  <new>
   -
  </new>
  <exclusive>
   yes
  </exclusive>
  <sporty>
   no
  </sporty>
 </clothing>
 <clothing>
  <id>
   672522763
  </id>
  <name>
   Nike Shoes V-6559
  </name>
  <category>
   Shoes
  </category>
  <size>
   XXL
  </size>
  <color>
   Красный
  </color>
  <material>
   Полиэстер
  </material>
  <price>
   567382
  </price>
  <rating>
   2.45
  </rating>
  <reviews>
   45746
  </reviews>
  <new>
   -
  </new>
 </clothing>
 <clothing>
  <id>
   351213712
  </id>
  <name>
   Brooks Pants O-6693
  </name>
  <category>
   Pants
  </category>
  <size>
   XXL
  </size>
  <color>
   Зеленый
  </color>
  <material>
   Хлопок
  </material>
  <price>
   703762
  </price>
  <rating>
   3.63
  </rating>
  <reviews>
   808671
  </reviews>
  <new>
   +
  </new>
  <exclusive>
   no
  </exclusive>
 </clothing>
 <clothing>
  <id>
   181859305
  </id>
  <name>
   Vans Blouse D-9810
  </name>
  <category>
   Blouse
  </category>
  <size>
   L
  </size>
  <color>
   Фиолетовый
  </color>
  <material>
   Шерсть
  </material>
  <price>
   586831
  </price>
  <rating>
   2.88
  </rating>
  <reviews>
   72021
  </reviews>
  <exclusive>
   no
  </exclusive>
  <sporty>
   yes
  </sporty>
 </clothing>
 <clothing>
  <id>
   219216606
  </id>
  <name>
   Fila Blouse U-2228
  </name>
  <category>
   Blouse
  </category>
  <size>
   S
  </size>
  <color>
   Желтый
  </color>
  <material>
   Кожа
  </material>
  <price>
   691660
  </price>
  <rating>
   3.37
  </rating>
  <reviews>
   54491
  </reviews>
  <new>
   -
  </new>
  <sporty>
   yes
  </sporty>
 </clothing>
 <clothing>
  <id>
   901438873
  </id>
  <name>
   Reebok Shoes U-1712
  </name>
  <category>
   Shoes
  </category>
  <size>
   XXL
  </size>
  <color>
   Зеленый
  </color>
  <material>
   Шерсть
  </material>
  <price>
   803417
  </price>
  <rating>
   3.24
  </rating>
  <reviews>
   518713
  </reviews>
 </clothing>
 <clothing>
  <id>
   332690840
  </id>
  <name>
   PleinSport Socks Y-9094
  </name>
  <category>
   Socks
  </category>
  <size>
   S
  </size>
  <color>
   Желтый
  </color>
  <material>
   Нейлон
  </material>
  <price>
   450977
  </price>
  <rating>
   3.2
  </rating>
  <reviews>
   432915
  </reviews>
  <new>
   -
  </new>
  <sporty>
   no
  </sporty>
 </clothing>
 <clothing>
  <id>
   501857505
  </id>
  <name>
   Brooks Jacket M-3650
  </name>
  <category>
   Jacket
  </category>
  <size>
   XXL
  </size>
  <color>
   Синий
  </color>
  <material>
   Хлопок
  </material>
  <price>
   537275
  </price>
  <rating>
   1.2
  </rating>
  <reviews>
   984986
  </reviews>
  <new>
   -
  </new>
  <sporty>
   yes
  </sporty>
 </clothing>
 <clothing>
  <id>
   702499813
  </id>
  <name>
   Vans Gloves M-8159
  </name>
  <category>
   Gloves
  </category>
  <size>
   XXL
  </size>
  <color>
   Фиолетовый
  </color>
  <material>
   Полиэстер
  </material>
  <price>
   674767
  </price>
  <rating>
   2.98
  </rating>
  <reviews>
   650133
  </reviews>
  <exclusive>
   yes
  </exclusive>
  <sporty>
   no
  </sporty>
 </clothing>
 <clothing>
  <id>
   105271774
  </id>
  <name>
   Nike Hat G-4114
  </name>
  <category>
   Hat
  </category>
  <size>
   XXL
  </size>
  <color>
   Красный
  </color>
  <material>
   Лен
  </material>
  <price>
   619372
  </price>
  <rating>
   3.48
  </rating>
  <reviews>
   384879
  </reviews>
  <new>
   +
  </new>
  <sporty>
   no
  </sporty>
 </clothing>
 <clothing>
  <id>
   300884271
  </id>
  <name>
   Asics Belts P-1366
  </name>
  <category>
   Belts
  </category>
  <size>
   M
  </size>
  <color>
   Желтый
  </color>
  <material>
   Шерсть
  </material>
  <price>
   537553
  </price>
  <rating>
   3.01
  </rating>
  <reviews>
   385564
  </reviews>
  <new>
   -
  </new>
 </clothing>
 <clothing>
  <id>
   593580958
  </id>
  <name>
   Lacoste Handbags Y-9749
  </name>
  <category>
   Handbags
  </category>
  <size>
   XL
  </size>
  <color>
   Желтый
  </color>
  <material>
   Кожа
  </material>
  <price>
   386532
  </price>
  <rating>
   1.7
  </rating>
  <reviews>
   940376
  </reviews>
  <sporty>
   no
  </sporty>
 </clothing>
 <clothing>
  <id>
   918588827
  </id>
  <name>
   Ellesse Skirt D-3550
  </name>
  <category>
   Skirt
  </category>
  <size>
   S
  </size>
  <color>
   Желтый
  </color>
  <material>
   Вискоза
  </material>
  <price>
   724568
  </price>
  <rating>
   4.49
  </rating>
  <reviews>
   329249
  </reviews>
  <sporty>
   no
  </sporty>
 </clothing>
 <clothing>
  <id>
   216941414
  </id>
  <name>
   Asics Shoes X-2166
  </name>
  <category>
   Shoes
  </category>
  <size>
   S
  </size>
  <color>
   Зеленый
  </color>
  <material>
   Нейлон
  </material>
  <price>
   896944
  </price>
  <rating>
   2.62
  </rating>
  <reviews>
   662111
  </reviews>
  <new>
   +
  </new>
  <exclusive>
   no
  </exclusive>
  <sporty>
   no
  </sporty>
 </clothing>
 <clothing>
  <id>
   194464042
  </id>
  <name>
   Addidas Shirt N-1777
  </name>
  <category>
   Shirt
  </category>
  <size>
   S
  </size>
  <color>
   Желтый
  </color>
  <material>
   Нейлон
  </material>
  <price>
   883231
  </price>
  <rating>
   2.88
  </rating>
  <reviews>
   447024
  </reviews>
  <new>
   +
  </new>
  <exclusive>
   yes
  </exclusive>
  <sporty>
   no
  </sporty>
 </clothing>
 <clothing>
  <id>
   207360252
  </id>
  <name>
   PleinSport Gloves A-8459
  </name>
  <category>
   Gloves
  </category>
  <size>
   L
  </size>
  <color>
   Оранжевый
  </color>
  <material>
   Вискоза
  </material>
  <price>
   627620
  </price>
  <rating>
   4.48
  </rating>
  <reviews>
   707369
  </reviews>
  <sporty>
   yes
  </sporty>
 </clothing>
 <clothing>
  <id>
   327965560
  </id>
  <name>
   New Balance Jeans X-9677
  </name>
  <category>
   Jeans
  </category>
  <size>
   XXL
  </size>
  <color>
   Голубой
  </color>
  <material>
   Кожа
  </material>
  <price>
   816568
  </price>
  <rating>
   1.52
  </rating>
  <reviews>
   571474
  </reviews>
  <new>
   -
  </new>
  <exclusive>
   no
  </exclusive>
 </clothing>
 <clothing>
  <id>
   142182413
  </id>
  <name>
   Adidas Blouse C-7875
  </name>
  <category>
   Blouse
  </category>
  <size>
   XL
  </size>
  <color>
   Оранжевый
  </color>
  <material>
   Лен
  </material>
  <price>
   533716
  </price>
  <rating>
   3.07
  </rating>
  <reviews>
   485197
  </reviews>
  <new>
   -
  </new>
  <sporty>
   no
  </sporty>
 </clothing>
 <clothing>
  <id>
   889554642
  </id>
  <name>
   Adidas Umbrellas K-3443
  </name>
  <category>
   Umbrellas
  </category>
  <size>
   S
  </size>
  <color>
   Красный
  </color>
  <material>
   Вискоза
  </material>
  <price>
   611694
  </price>
  <rating>
   1.06
  </rating>
  <reviews>
   594683
  </reviews>
  <new>
   -
  </new>
 </clothing>
 <clothing>
  <id>
   655130786
  </id>
  <name>
   Fila Jeans Q-6161
  </name>
  <category>
   Jeans
  </category>
  <size>
   XXL
  </size>
  <color>
   Желтый
  </color>
  <material>
   Лен
  </material>
  <price>
   329902
  </price>
  <rating>
   2.74
  </rating>
  <reviews>
   418767
  </reviews>
  <new>
   +
  </new>
  <exclusive>
   yes
  </exclusive>
  <sporty>
   no
  </sporty>
 </clothing>
 <clothing>
  <id>
   700385441
  </id>
  <name>
   Puma Gloves X-3515
  </name>
  <category>
   Gloves
  </category>
  <size>
   S
  </size>
  <color>
   Голубой
  </color>
  <material>
   Полиэстер
  </material>
  <price>
   236319
  </price>
  <rating>
   3.97
  </rating>
  <reviews>
   722329
  </reviews>
  <sporty>
   yes
  </sporty>
 </clothing>
 <clothing>
  <id>
   861244573
  </id>
  <name>
   DC Sweater B-3997
  </name>
  <category>
   Sweater
  </category>
  <size>
   M
  </size>
  <color>
   Фиолетовый
  </color>
  <material>
   Кожа
  </material>
  <price>
   580180
  </price>
  <rating>
   2.57
  </rating>
  <reviews>
   601662
  </reviews>
  <sporty>
   yes
  </sporty>
 </clothing>
 <clothing>
  <id>
   734129851
  </id>
  <name>
   Brooks Jeans L-5203
  </name>
  <category>
   Jeans
  </category>
  <size>
   XXL
  </size>
  <color>
   Фиолетовый
  </color>
  <material>
   Нейлон
  </material>
  <price>
   728966
  </price>
  <rating>
   2.2
  </rating>
  <reviews>
   78403
  </reviews>
  <exclusive>
   no
  </exclusive>
  <sporty>
   yes
  </sporty>
 </clothing>
 <clothing>
  <id>
   723577740
  </id>
  <name>
   Vans Socks R-1840
  </name>
  <category>
   Socks
  </category>
  <size>
   S
  </size>
  <color>
   Зеленый
  </color>
  <material>
   Полиэстер
  </material>
  <price>
   932521
  </price>
  <rating>
   4.7
  </rating>
  <reviews>
   287347
  </reviews>
  <sporty>
   no
  </sporty>
 </clothing>
 <clothing>
  <id>
   737435252
  </id>
  <name>
   Vans Sweater A-3432
  </name>
  <category>
   Sweater
  </category>
  <size>
   M
  </size>
  <color>
   Зеленый
  </color>
  <material>
   Шелк
  </material>
  <price>
   839749
  </price>
  <rating>
   3.86
  </rating>
  <reviews>
   629469
  </reviews>
  <new>
   -
  </new>
  <exclusive>
   no
  </exclusive>
 </clothing>
 <clothing>
  <id>
   216553127
  </id>
  <name>
   Ellesse Umbrellas S-6765
  </name>
  <category>
   Umbrellas
  </category>
  <size>
   S
  </size>
  <color>
   Синий
  </color>
  <material>
   Лен
  </material>
  <price>
   151792
  </price>
  <rating>
   2.57
  </rating>
  <reviews>
   445173
  </reviews>
  <exclusive>
   yes
  </exclusive>
 </clothing>
</clothing-items>
