<?xml version="1.0" encoding="utf-8"?>
<clothing-items>
 <clothing>
  <id>
   818378697
  </id>
  <name>
   Brooks Umbrellas I-6157
  </name>
  <category>
   Umbrellas
  </category>
  <size>
   L
  </size>
  <color>
   Желтый
  </color>
  <material>
   Полиэстер
  </material>
  <price>
   666119
  </price>
  <rating>
   1.59
  </rating>
  <reviews>
   962375
  </reviews>
 </clothing>
 <clothing>
  <id>
   532656472
  </id>
  <name>
   Addidas Hat B-8948
  </name>
  <category>
   Hat
  </category>
  <size>
   M
  </size>
  <color>
   Оранжевый
  </color>
  <material>
   Шелк
  </material>
  <price>
   691456
  </price>
  <rating>
   4.12
  </rating>
  <reviews>
   5563
  </reviews>
  <new>
   -
  </new>
  <exclusive>
   yes
  </exclusive>
  <sporty>
   no
  </sporty>
 </clothing>
 <clothing>
  <id>
   168940168
  </id>
  <name>
   DC Dress C-9355
  </name>
  <category>
   Dress
  </category>
  <size>
   L
  </size>
  <color>
   Красный
  </color>
  <material>
   Шелк
  </material>
  <price>
   658677
  </price>
  <rating>
   2.75
  </rating>
  <reviews>
   264817
  </reviews>
  <new>
   -
  </new>
  <exclusive>
   no
  </exclusive>
 </clothing>
 <clothing>
  <id>
   933519363
  </id>
  <name>
   Puma Jeans U-2644
  </name>
  <category>
   Jeans
  </category>
  <size>
   XXL
  </size>
  <color>
   Фиолетовый
  </color>
  <material>
   Шерсть
  </material>
  <price>
   165599
  </price>
  <rating>
   4.5
  </rating>
  <reviews>
   204255
  </reviews>
 </clothing>
 <clothing>
  <id>
   555552797
  </id>
  <name>
   Converse T-shirt T-7605
  </name>
  <category>
   T-shirt
  </category>
  <size>
   XXL
  </size>
  <color>
   Синий
  </color>
  <material>
   Нейлон
  </material>
  <price>
   325818
  </price>
  <rating>
   4.85
  </rating>
  <reviews>
   247583
  </reviews>
  <new>
   -
  </new>
  <sporty>
   no
  </sporty>
 </clothing>
 <clothing>
  <id>
   804311906
  </id>
  <name>
   Asics Dress C-6207
  </name>
  <category>
   Dress
  </category>
  <size>
   S
  </size>
  <color>
   Красный
  </color>
  <material>
   Лен
  </material>
  <price>
   895939
  </price>
  <rating>
   3.28
  </rating>
  <reviews>
   6625
  </reviews>
  <exclusive>
   no
  </exclusive>
  <sporty>
   yes
  </sporty>
 </clothing>
 <clothing>
  <id>
   859777027
  </id>
  <name>
   Nike Skirt V-8294
  </name>
  <category>
   Skirt
  </category>
  <size>
   S
  </size>
  <color>
   Фиолетовый
  </color>
  <material>
   Шелк
  </material>
  <price>
   301278
  </price>
  <rating>
   1.49
  </rating>
  <reviews>
   400042
  </reviews>
  <new>
   +
  </new>
  <sporty>
   yes
  </sporty>
 </clothing>
 <clothing>
  <id>
   864673231
  </id>
  <name>
   Nike Shirt X-4424
  </name>
  <category>
   Shirt
  </category>
  <size>
   M
  </size>
  <color>
   Фиолетовый
  </color>
  <material>
   Вискоза
  </material>
  <price>
   456043
  </price>
  <rating>
   2.65
  </rating>
  <reviews>
   322823
  </reviews>
  <new>
   +
  </new>
  <sporty>
   no
  </sporty>
 </clothing>
 <clothing>
  <id>
   880534663
  </id>
  <name>
   PleinSport Shirt P-3304
  </name>
  <category>
   Shirt
  </category>
  <size>
   S
  </size>
  <color>
   Желтый
  </color>
  <material>
   Лен
  </material>
  <price>
   807379
  </price>
  <rating>
   1.14
  </rating>
  <reviews>
   683660
  </reviews>
 </clothing>
 <clothing>
  <id>
   325269145
  </id>
  <name>
   Vans T-shirt R-3683
  </name>
  <category>
   T-shirt
  </category>
  <size>
   S
  </size>
  <color>
   Оранжевый
  </color>
  <material>
   Полиэстер
  </material>
  <price>
   588014
  </price>
  <rating>
   4.08
  </rating>
  <reviews>
   673253
  </reviews>
  <new>
   -
  </new>
  <exclusive>
   yes
  </exclusive>
  <sporty>
   yes
  </sporty>
 </clothing>
</clothing-items>
