<?xml version="1.0" encoding="utf-8"?>
<clothing-items>
 <clothing>
  <id>
   327913921
  </id>
  <name>
   Under Armour T-shirt V-2723
  </name>
  <category>
   T-shirt
  </category>
  <size>
   M
  </size>
  <color>
   Желтый
  </color>
  <material>
   Хлопок
  </material>
  <price>
   785068
  </price>
  <rating>
   1.48
  </rating>
  <reviews>
   10669
  </reviews>
  <new>
   -
  </new>
 </clothing>
 <clothing>
  <id>
   545854474
  </id>
  <name>
   Ellesse Pants A-1841
  </name>
  <category>
   Pants
  </category>
  <size>
   L
  </size>
  <color>
   Синий
  </color>
  <material>
   Шелк
  </material>
  <price>
   773429
  </price>
  <rating>
   1.39
  </rating>
  <reviews>
   280989
  </reviews>
  <new>
   +
  </new>
  <exclusive>
   no
  </exclusive>
  <sporty>
   no
  </sporty>
 </clothing>
 <clothing>
  <id>
   360509868
  </id>
  <name>
   Vans Sweater H-1607
  </name>
  <category>
   Sweater
  </category>
  <size>
   S
  </size>
  <color>
   Фиолетовый
  </color>
  <material>
   Нейлон
  </material>
  <price>
   387849
  </price>
  <rating>
   2.43
  </rating>
  <reviews>
   458333
  </reviews>
  <new>
   +
  </new>
  <exclusive>
   no
  </exclusive>
  <sporty>
   yes
  </sporty>
 </clothing>
 <clothing>
  <id>
   586234632
  </id>
  <name>
   Vans Skirt D-6703
  </name>
  <category>
   Skirt
  </category>
  <size>
   L
  </size>
  <color>
   Красный
  </color>
  <material>
   Хлопок
  </material>
  <price>
   635533
  </price>
  <rating>
   1.9
  </rating>
  <reviews>
   795404
  </reviews>
  <new>
   -
  </new>
  <sporty>
   no
  </sporty>
 </clothing>
 <clothing>
  <id>
   168370387
  </id>
  <name>
   Converse Handbags T-7915
  </name>
  <category>
   Handbags
  </category>
  <size>
   S
  </size>
  <color>
   Зеленый
  </color>
  <material>
   Полиэстер
  </material>
  <price>
   742191
  </price>
  <rating>
   4.61
  </rating>
  <reviews>
   700432
  </reviews>
  <sporty>
   no
  </sporty>
 </clothing>
 <clothing>
  <id>
   257651519
  </id>
  <name>
   Adidas Jeans X-8173
  </name>
  <category>
   Jeans
  </category>
  <size>
   M
  </size>
  <color>
   Синий
  </color>
  <material>
   Полиэстер
  </material>
  <price>
   593302
  </price>
  <rating>
   4.87
  </rating>
  <reviews>
   977841
  </reviews>
  <exclusive>
   no
  </exclusive>
 </clothing>
 <clothing>
  <id>
   506745244
  </id>
  <name>
   Brooks Sweater A-4655
  </name>
  <category>
   Sweater
  </category>
  <size>
   S
  </size>
  <color>
   Желтый
  </color>
  <material>
   Хлопок
  </material>
  <price>
   212655
  </price>
  <rating>
   1.08
  </rating>
  <reviews>
   843024
  </reviews>
  <exclusive>
   no
  </exclusive>
 </clothing>
 <clothing>
  <id>
   399512771
  </id>
  <name>
   Adidas Shirt U-8271
  </name>
  <category>
   Shirt
  </category>
  <size>
   S
  </size>
  <color>
   Зеленый
  </color>
  <material>
   Шерсть
  </material>
  <price>
   817096
  </price>
  <rating>
   2.44
  </rating>
  <reviews>
   920210
  </reviews>
  <sporty>
   no
  </sporty>
 </clothing>
 <clothing>
  <id>
   885541885
  </id>
  <name>
   Nike Umbrellas A-9038
  </name>
  <category>
   Umbrellas
  </category>
  <size>
   L
  </size>
  <color>
   Синий
  </color>
  <material>
   Нейлон
  </material>
  <price>
   111478
  </price>
  <rating>
   1.05
  </rating>
  <reviews>
   976459
  </reviews>
  <exclusive>
   yes
  </exclusive>
  <sporty>
   yes
  </sporty>
 </clothing>
 <clothing>
  <id>
   557833103
  </id>
  <name>
   PleinSport Blouse B-7906
  </name>
  <category>
   Blouse
  </category>
  <size>
   XL
  </size>
  <color>
   Красный
  </color>
  <material>
   Хлопок
  </material>
  <price>
   616977
  </price>
  <rating>
   1.48
  </rating>
  <reviews>
   279999
  </reviews>
  <new>
   -
  </new>
  <exclusive>
   yes
  </exclusive>
  <sporty>
   yes
  </sporty>
 </clothing>
 <clothing>
  <id>
   735358399
  </id>
  <name>
   New Balance Dress L-2738
  </name>
  <category>
   Dress
  </category>
  <size>
   S
  </size>
  <color>
   Желтый
  </color>
  <material>
   Шерсть
  </material>
  <price>
   375027
  </price>
  <rating>
   2.17
  </rating>
  <reviews>
   536477
  </reviews>
  <exclusive>
   no
  </exclusive>
  <sporty>
   yes
  </sporty>
 </clothing>
</clothing-items>
