<?xml version="1.0" encoding="utf-8"?>
<clothing-items>
 <clothing>
  <id>
   187623810
  </id>
  <name>
   Nike Dress B-4713
  </name>
  <category>
   Dress
  </category>
  <size>
   L
  </size>
  <color>
   Фиолетовый
  </color>
  <material>
   Нейлон
  </material>
  <price>
   286295
  </price>
  <rating>
   3.15
  </rating>
  <reviews>
   382705
  </reviews>
  <sporty>
   no
  </sporty>
 </clothing>
 <clothing>
  <id>
   277760142
  </id>
  <name>
   Asics Shirt N-7279
  </name>
  <category>
   Shirt
  </category>
  <size>
   L
  </size>
  <color>
   Зеленый
  </color>
  <material>
   Хлопок
  </material>
  <price>
   154329
  </price>
  <rating>
   4.88
  </rating>
  <reviews>
   759512
  </reviews>
 </clothing>
 <clothing>
  <id>
   297121754
  </id>
  <name>
   Puma Dress S-7986
  </name>
  <category>
   Dress
  </category>
  <size>
   XL
  </size>
  <color>
   Красный
  </color>
  <material>
   Вискоза
  </material>
  <price>
   940733
  </price>
  <rating>
   1.79
  </rating>
  <reviews>
   761698
  </reviews>
 </clothing>
 <clothing>
  <id>
   796728595
  </id>
  <name>
   DC Belts M-3810
  </name>
  <category>
   Belts
  </category>
  <size>
   S
  </size>
  <color>
   Оранжевый
  </color>
  <material>
   Вискоза
  </material>
  <price>
   906274
  </price>
  <rating>
   4.36
  </rating>
  <reviews>
   336338
  </reviews>
  <exclusive>
   no
  </exclusive>
  <sporty>
   yes
  </sporty>
 </clothing>
 <clothing>
  <id>
   965030392
  </id>
  <name>
   Addidas Sweater B-6881
  </name>
  <category>
   Sweater
  </category>
  <size>
   XL
  </size>
  <color>
   Синий
  </color>
  <material>
   Полиэстер
  </material>
  <price>
   980024
  </price>
  <rating>
   2.65
  </rating>
  <reviews>
   565426
  </reviews>
  <exclusive>
   no
  </exclusive>
  <sporty>
   yes
  </sporty>
 </clothing>
 <clothing>
  <id>
   498990999
  </id>
  <name>
   Fila Umbrellas V-5133
  </name>
  <category>
   Umbrellas
  </category>
  <size>
   XL
  </size>
  <color>
   Голубой
  </color>
  <material>
   Шерсть
  </material>
  <price>
   161021
  </price>
  <rating>
   3.2
  </rating>
  <reviews>
   706606
  </reviews>
 </clothing>
 <clothing>
  <id>
   740895069
  </id>
  <name>
   Lacoste Blouse N-1312
  </name>
  <category>
   Blouse
  </category>
  <size>
   S
  </size>
  <color>
   Оранжевый
  </color>
  <material>
   Лен
  </material>
  <price>
   945003
  </price>
  <rating>
   2.21
  </rating>
  <reviews>
   82533
  </reviews>
  <new>
   -
  </new>
 </clothing>
 <clothing>
  <id>
   312079327
  </id>
  <name>
   Reebok Hat L-5899
  </name>
  <category>
   Hat
  </category>
  <size>
   XXL
  </size>
  <color>
   Красный
  </color>
  <material>
   Кожа
  </material>
  <price>
   792162
  </price>
  <rating>
   1.1
  </rating>
  <reviews>
   221613
  </reviews>
  <new>
   +
  </new>
  <exclusive>
   yes
  </exclusive>
  <sporty>
   yes
  </sporty>
 </clothing>
 <clothing>
  <id>
   156925367
  </id>
  <name>
   Nike Jeans D-6659
  </name>
  <category>
   Jeans
  </category>
  <size>
   XXL
  </size>
  <color>
   Голубой
  </color>
  <material>
   Шелк
  </material>
  <price>
   583236
  </price>
  <rating>
   1.19
  </rating>
  <reviews>
   605024
  </reviews>
  <new>
   -
  </new>
  <exclusive>
   yes
  </exclusive>
 </clothing>
 <clothing>
  <id>
   617477212
  </id>
  <name>
   PleinSport Sweater R-4658
  </name>
  <category>
   Sweater
  </category>
  <size>
   L
  </size>
  <color>
   Синий
  </color>
  <material>
   Нейлон
  </material>
  <price>
   228345
  </price>
  <rating>
   3.56
  </rating>
  <reviews>
   616463
  </reviews>
  <exclusive>
   no
  </exclusive>
  <sporty>
   no
  </sporty>
 </clothing>
 <clothing>
  <id>
   135553545
  </id>
  <name>
   Lacoste Jacket H-3232
  </name>
  <category>
   Jacket
  </category>
  <size>
   XXL
  </size>
  <color>
   Фиолетовый
  </color>
  <material>
   Шелк
  </material>
  <price>
   718476
  </price>
  <rating>
   3.76
  </rating>
  <reviews>
   824339
  </reviews>
  <exclusive>
   no
  </exclusive>
  <sporty>
   no
  </sporty>
 </clothing>
 <clothing>
  <id>
   729173642
  </id>
  <name>
   Converse Umbrellas O-6650
  </name>
  <category>
   Umbrellas
  </category>
  <size>
   XXL
  </size>
  <color>
   Красный
  </color>
  <material>
   Шелк
  </material>
  <price>
   537316
  </price>
  <rating>
   3.88
  </rating>
  <reviews>
   98308
  </reviews>
  <new>
   -
  </new>
  <exclusive>
   yes
  </exclusive>
 </clothing>
 <clothing>
  <id>
   611749300
  </id>
  <name>
   New Balance Dress Q-7687
  </name>
  <category>
   Dress
  </category>
  <size>
   M
  </size>
  <color>
   Голубой
  </color>
  <material>
   Шерсть
  </material>
  <price>
   307042
  </price>
  <rating>
   1.13
  </rating>
  <reviews>
   205817
  </reviews>
  <exclusive>
   yes
  </exclusive>
 </clothing>
 <clothing>
  <id>
   849134025
  </id>
  <name>
   Converse Pants I-6184
  </name>
  <category>
   Pants
  </category>
  <size>
   XXL
  </size>
  <color>
   Фиолетовый
  </color>
  <material>
   Шелк
  </material>
  <price>
   216915
  </price>
  <rating>
   3.82
  </rating>
  <reviews>
   24610
  </reviews>
  <new>
   -
  </new>
  <exclusive>
   no
  </exclusive>
  <sporty>
   no
  </sporty>
 </clothing>
 <clothing>
  <id>
   363907058
  </id>
  <name>
   Lacoste Pants A-3065
  </name>
  <category>
   Pants
  </category>
  <size>
   M
  </size>
  <color>
   Желтый
  </color>
  <material>
   Хлопок
  </material>
  <price>
   639610
  </price>
  <rating>
   3.36
  </rating>
  <reviews>
   493199
  </reviews>
  <new>
   -
  </new>
  <exclusive>
   no
  </exclusive>
  <sporty>
   no
  </sporty>
 </clothing>
 <clothing>
  <id>
   337710157
  </id>
  <name>
   Asics Skirt H-3184
  </name>
  <category>
   Skirt
  </category>
  <size>
   M
  </size>
  <color>
   Красный
  </color>
  <material>
   Нейлон
  </material>
  <price>
   766558
  </price>
  <rating>
   3.69
  </rating>
  <reviews>
   134443
  </reviews>
  <new>
   +
  </new>
  <sporty>
   yes
  </sporty>
 </clothing>
 <clothing>
  <id>
   562588505
  </id>
  <name>
   New Balance Blouse E-5824
  </name>
  <category>
   Blouse
  </category>
  <size>
   M
  </size>
  <color>
   Красный
  </color>
  <material>
   Нейлон
  </material>
  <price>
   660189
  </price>
  <rating>
   3.55
  </rating>
  <reviews>
   596295
  </reviews>
  <exclusive>
   no
  </exclusive>
  <sporty>
   no
  </sporty>
 </clothing>
 <clothing>
  <id>
   736309675
  </id>
  <name>
   PleinSport Shoes I-7988
  </name>
  <category>
   Shoes
  </category>
  <size>
   L
  </size>
  <color>
   Желтый
  </color>
  <material>
   Вискоза
  </material>
  <price>
   565380
  </price>
  <rating>
   3.64
  </rating>
  <reviews>
   561350
  </reviews>
  <exclusive>
   no
  </exclusive>
  <sporty>
   yes
  </sporty>
 </clothing>
 <clothing>
  <id>
   991298137
  </id>
  <name>
   Ellesse Belts R-4977
  </name>
  <category>
   Belts
  </category>
  <size>
   L
  </size>
  <color>
   Желтый
  </color>
  <material>
   Полиэстер
  </material>
  <price>
   122608
  </price>
  <rating>
   4.68
  </rating>
  <reviews>
   430519
  </reviews>
  <new>
   -
  </new>
  <sporty>
   no
  </sporty>
 </clothing>
 <clothing>
  <id>
   513360697
  </id>
  <name>
   Reebok Shirt N-1588
  </name>
  <category>
   Shirt
  </category>
  <size>
   XXL
  </size>
  <color>
   Зеленый
  </color>
  <material>
   Хлопок
  </material>
  <price>
   983938
  </price>
  <rating>
   1.56
  </rating>
  <reviews>
   804578
  </reviews>
  <new>
   +
  </new>
  <exclusive>
   no
  </exclusive>
  <sporty>
   no
  </sporty>
 </clothing>
</clothing-items>
