<?xml version="1.0" encoding="utf-8"?>
<clothing-items>
 <clothing>
  <id>
   244734729
  </id>
  <name>
   Addidas Umbrellas Q-9946
  </name>
  <category>
   Umbrellas
  </category>
  <size>
   XXL
  </size>
  <color>
   Желтый
  </color>
  <material>
   Хлопок
  </material>
  <price>
   847185
  </price>
  <rating>
   2.58
  </rating>
  <reviews>
   934690
  </reviews>
  <sporty>
   no
  </sporty>
 </clothing>
 <clothing>
  <id>
   610605779
  </id>
  <name>
   Vans Jacket O-6486
  </name>
  <category>
   Jacket
  </category>
  <size>
   M
  </size>
  <color>
   Синий
  </color>
  <material>
   Нейлон
  </material>
  <price>
   779166
  </price>
  <rating>
   3.87
  </rating>
  <reviews>
   409319
  </reviews>
  <new>
   -
  </new>
  <exclusive>
   no
  </exclusive>
 </clothing>
 <clothing>
  <id>
   358037150
  </id>
  <name>
   Fila T-shirt F-1944
  </name>
  <category>
   T-shirt
  </category>
  <size>
   XXL
  </size>
  <color>
   Оранжевый
  </color>
  <material>
   Кожа
  </material>
  <price>
   481860
  </price>
  <rating>
   4.55
  </rating>
  <reviews>
   518945
  </reviews>
  <sporty>
   no
  </sporty>
 </clothing>
 <clothing>
  <id>
   936062282
  </id>
  <name>
   New Balance Dress L-2285
  </name>
  <category>
   Dress
  </category>
  <size>
   XL
  </size>
  <color>
   Зеленый
  </color>
  <material>
   Кожа
  </material>
  <price>
   818714
  </price>
  <rating>
   4.67
  </rating>
  <reviews>
   589020
  </reviews>
  <new>
   +
  </new>
  <sporty>
   yes
  </sporty>
 </clothing>
 <clothing>
  <id>
   697051467
  </id>
  <name>
   Asics Jeans U-4640
  </name>
  <category>
   Jeans
  </category>
  <size>
   XL
  </size>
  <color>
   Фиолетовый
  </color>
  <material>
   Лен
  </material>
  <price>
   993064
  </price>
  <rating>
   3.33
  </rating>
  <reviews>
   941786
  </reviews>
  <sporty>
   no
  </sporty>
 </clothing>
 <clothing>
  <id>
   328199073
  </id>
  <name>
   Under Armour T-shirt J-7878
  </name>
  <category>
   T-shirt
  </category>
  <size>
   XXL
  </size>
  <color>
   Оранжевый
  </color>
  <material>
   Шелк
  </material>
  <price>
   847904
  </price>
  <rating>
   3.29
  </rating>
  <reviews>
   723566
  </reviews>
  <new>
   -
  </new>
 </clothing>
 <clothing>
  <id>
   818754592
  </id>
  <name>
   Lacoste T-shirt U-4427
  </name>
  <category>
   T-shirt
  </category>
  <size>
   L
  </size>
  <color>
   Красный
  </color>
  <material>
   Кожа
  </material>
  <price>
   361269
  </price>
  <rating>
   1.61
  </rating>
  <reviews>
   901392
  </reviews>
  <exclusive>
   no
  </exclusive>
  <sporty>
   no
  </sporty>
 </clothing>
 <clothing>
  <id>
   852116143
  </id>
  <name>
   Reebok Belts F-9581
  </name>
  <category>
   Belts
  </category>
  <size>
   M
  </size>
  <color>
   Голубой
  </color>
  <material>
   Кожа
  </material>
  <price>
   261257
  </price>
  <rating>
   3.07
  </rating>
  <reviews>
   40637
  </reviews>
  <new>
   +
  </new>
  <exclusive>
   no
  </exclusive>
  <sporty>
   yes
  </sporty>
 </clothing>
 <clothing>
  <id>
   722008091
  </id>
  <name>
   Nike Jacket H-4249
  </name>
  <category>
   Jacket
  </category>
  <size>
   XL
  </size>
  <color>
   Оранжевый
  </color>
  <material>
   Вискоза
  </material>
  <price>
   935429
  </price>
  <rating>
   2.93
  </rating>
  <reviews>
   888005
  </reviews>
  <new>
   -
  </new>
  <exclusive>
   no
  </exclusive>
  <sporty>
   yes
  </sporty>
 </clothing>
 <clothing>
  <id>
   243711077
  </id>
  <name>
   Asics Blouse O-6426
  </name>
  <category>
   Blouse
  </category>
  <size>
   XXL
  </size>
  <color>
   Голубой
  </color>
  <material>
   Шелк
  </material>
  <price>
   978542
  </price>
  <rating>
   3.01
  </rating>
  <reviews>
   854127
  </reviews>
  <exclusive>
   no
  </exclusive>
  <sporty>
   yes
  </sporty>
 </clothing>
 <clothing>
  <id>
   553103367
  </id>
  <name>
   Addidas Umbrellas P-6489
  </name>
  <category>
   Umbrellas
  </category>
  <size>
   XL
  </size>
  <color>
   Желтый
  </color>
  <material>
   Хлопок
  </material>
  <price>
   554499
  </price>
  <rating>
   4.7
  </rating>
  <reviews>
   408198
  </reviews>
  <sporty>
   no
  </sporty>
 </clothing>
 <clothing>
  <id>
   574196853
  </id>
  <name>
   Converse Shirt I-5383
  </name>
  <category>
   Shirt
  </category>
  <size>
   S
  </size>
  <color>
   Голубой
  </color>
  <material>
   Шерсть
  </material>
  <price>
   871285
  </price>
  <rating>
   2.42
  </rating>
  <reviews>
   434903
  </reviews>
 </clothing>
</clothing-items>
