<?xml version="1.0" encoding="utf-8"?>
<clothing-items>
 <clothing>
  <id>
   510420696
  </id>
  <name>
   Addidas Pants R-9761
  </name>
  <category>
   Pants
  </category>
  <size>
   L
  </size>
  <color>
   Синий
  </color>
  <material>
   Лен
  </material>
  <price>
   105308
  </price>
  <rating>
   2.05
  </rating>
  <reviews>
   319557
  </reviews>
  <sporty>
   no
  </sporty>
 </clothing>
 <clothing>
  <id>
   828415511
  </id>
  <name>
   Under Armour Belts Y-7316
  </name>
  <category>
   Belts
  </category>
  <size>
   L
  </size>
  <color>
   Зеленый
  </color>
  <material>
   Хлопок
  </material>
  <price>
   661921
  </price>
  <rating>
   3.44
  </rating>
  <reviews>
   355659
  </reviews>
  <sporty>
   yes
  </sporty>
 </clothing>
 <clothing>
  <id>
   964331552
  </id>
  <name>
   Asics Umbrellas O-9058
  </name>
  <category>
   Umbrellas
  </category>
  <size>
   L
  </size>
  <color>
   Синий
  </color>
  <material>
   Шелк
  </material>
  <price>
   532913
  </price>
  <rating>
   1.49
  </rating>
  <reviews>
   887443
  </reviews>
  <new>
   +
  </new>
  <exclusive>
   yes
  </exclusive>
  <sporty>
   yes
  </sporty>
 </clothing>
 <clothing>
  <id>
   126171510
  </id>
  <name>
   Fila Jeans C-9138
  </name>
  <category>
   Jeans
  </category>
  <size>
   S
  </size>
  <color>
   Оранжевый
  </color>
  <material>
   Лен
  </material>
  <price>
   859007
  </price>
  <rating>
   4.99
  </rating>
  <reviews>
   583059
  </reviews>
  <sporty>
   yes
  </sporty>
 </clothing>
 <clothing>
  <id>
   587950108
  </id>
  <name>
   Addidas Skirt B-7196
  </name>
  <category>
   Skirt
  </category>
  <size>
   L
  </size>
  <color>
   Синий
  </color>
  <material>
   Кожа
  </material>
  <price>
   652587
  </price>
  <rating>
   1.01
  </rating>
  <reviews>
   338409
  </reviews>
  <exclusive>
   no
  </exclusive>
 </clothing>
 <clothing>
  <id>
   795949807
  </id>
  <name>
   PleinSport Hat Y-3849
  </name>
  <category>
   Hat
  </category>
  <size>
   XL
  </size>
  <color>
   Фиолетовый
  </color>
  <material>
   Лен
  </material>
  <price>
   209687
  </price>
  <rating>
   1.03
  </rating>
  <reviews>
   229796
  </reviews>
  <new>
   +
  </new>
  <sporty>
   no
  </sporty>
 </clothing>
 <clothing>
  <id>
   121413972
  </id>
  <name>
   Addidas Sweater W-1598
  </name>
  <category>
   Sweater
  </category>
  <size>
   S
  </size>
  <color>
   Оранжевый
  </color>
  <material>
   Хлопок
  </material>
  <price>
   952912
  </price>
  <rating>
   3.66
  </rating>
  <reviews>
   533450
  </reviews>
  <sporty>
   yes
  </sporty>
 </clothing>
 <clothing>
  <id>
   344466271
  </id>
  <name>
   Nike Socks X-4679
  </name>
  <category>
   Socks
  </category>
  <size>
   M
  </size>
  <color>
   Синий
  </color>
  <material>
   Вискоза
  </material>
  <price>
   336087
  </price>
  <rating>
   2.63
  </rating>
  <reviews>
   837343
  </reviews>
  <new>
   +
  </new>
  <exclusive>
   no
  </exclusive>
  <sporty>
   no
  </sporty>
 </clothing>
 <clothing>
  <id>
   734433046
  </id>
  <name>
   Ellesse Blouse T-6649
  </name>
  <category>
   Blouse
  </category>
  <size>
   S
  </size>
  <color>
   Голубой
  </color>
  <material>
   Кожа
  </material>
  <price>
   396412
  </price>
  <rating>
   1.26
  </rating>
  <reviews>
   28994
  </reviews>
  <new>
   +
  </new>
  <sporty>
   no
  </sporty>
 </clothing>
 <clothing>
  <id>
   913921547
  </id>
  <name>
   DC Socks V-5538
  </name>
  <category>
   Socks
  </category>
  <size>
   M
  </size>
  <color>
   Зеленый
  </color>
  <material>
   Лен
  </material>
  <price>
   870402
  </price>
  <rating>
   3.02
  </rating>
  <reviews>
   61539
  </reviews>
  <new>
   +
  </new>
  <sporty>
   yes
  </sporty>
 </clothing>
 <clothing>
  <id>
   241458572
  </id>
  <name>
   Under Armour Pants J-5194
  </name>
  <category>
   Pants
  </category>
  <size>
   XL
  </size>
  <color>
   Оранжевый
  </color>
  <material>
   Шелк
  </material>
  <price>
   399506
  </price>
  <rating>
   1.86
  </rating>
  <reviews>
   620762
  </reviews>
  <new>
   -
  </new>
 </clothing>
 <clothing>
  <id>
   602345665
  </id>
  <name>
   Reebok Shoes K-4201
  </name>
  <category>
   Shoes
  </category>
  <size>
   L
  </size>
  <color>
   Синий
  </color>
  <material>
   Нейлон
  </material>
  <price>
   397935
  </price>
  <rating>
   1.07
  </rating>
  <reviews>
   664972
  </reviews>
  <exclusive>
   no
  </exclusive>
 </clothing>
 <clothing>
  <id>
   209645247
  </id>
  <name>
   Addidas T-shirt S-8641
  </name>
  <category>
   T-shirt
  </category>
  <size>
   M
  </size>
  <color>
   Оранжевый
  </color>
  <material>
   Кожа
  </material>
  <price>
   750414
  </price>
  <rating>
   4.37
  </rating>
  <reviews>
   214315
  </reviews>
  <exclusive>
   no
  </exclusive>
  <sporty>
   no
  </sporty>
 </clothing>
 <clothing>
  <id>
   797433669
  </id>
  <name>
   Addidas Shirt Q-1033
  </name>
  <category>
   Shirt
  </category>
  <size>
   XXL
  </size>
  <color>
   Оранжевый
  </color>
  <material>
   Полиэстер
  </material>
  <price>
   261470
  </price>
  <rating>
   1.15
  </rating>
  <reviews>
   222269
  </reviews>
  <new>
   -
  </new>
  <exclusive>
   no
  </exclusive>
 </clothing>
 <clothing>
  <id>
   764846671
  </id>
  <name>
   New Balance Shoes Y-7949
  </name>
  <category>
   Shoes
  </category>
  <size>
   S
  </size>
  <color>
   Голубой
  </color>
  <material>
   Нейлон
  </material>
  <price>
   271524
  </price>
  <rating>
   2.15
  </rating>
  <reviews>
   776730
  </reviews>
  <new>
   -
  </new>
  <exclusive>
   no
  </exclusive>
  <sporty>
   no
  </sporty>
 </clothing>
 <clothing>
  <id>
   642730023
  </id>
  <name>
   Asics Jacket I-4964
  </name>
  <category>
   Jacket
  </category>
  <size>
   M
  </size>
  <color>
   Синий
  </color>
  <material>
   Шелк
  </material>
  <price>
   805359
  </price>
  <rating>
   1.17
  </rating>
  <reviews>
   233305
  </reviews>
 </clothing>
 <clothing>
  <id>
   451435148
  </id>
  <name>
   Puma Dress W-9247
  </name>
  <category>
   Dress
  </category>
  <size>
   S
  </size>
  <color>
   Синий
  </color>
  <material>
   Шерсть
  </material>
  <price>
   203754
  </price>
  <rating>
   2.24
  </rating>
  <reviews>
   523896
  </reviews>
  <new>
   +
  </new>
  <sporty>
   no
  </sporty>
 </clothing>
 <clothing>
  <id>
   898373797
  </id>
  <name>
   Ellesse Jacket X-3892
  </name>
  <category>
   Jacket
  </category>
  <size>
   L
  </size>
  <color>
   Красный
  </color>
  <material>
   Шелк
  </material>
  <price>
   667961
  </price>
  <rating>
   3.08
  </rating>
  <reviews>
   412162
  </reviews>
  <exclusive>
   no
  </exclusive>
 </clothing>
 <clothing>
  <id>
   804952921
  </id>
  <name>
   Fila Hat D-9518
  </name>
  <category>
   Hat
  </category>
  <size>
   S
  </size>
  <color>
   Фиолетовый
  </color>
  <material>
   Полиэстер
  </material>
  <price>
   934382
  </price>
  <rating>
   1.88
  </rating>
  <reviews>
   709791
  </reviews>
  <exclusive>
   no
  </exclusive>
  <sporty>
   no
  </sporty>
 </clothing>
 <clothing>
  <id>
   879360247
  </id>
  <name>
   Asics Socks I-7653
  </name>
  <category>
   Socks
  </category>
  <size>
   S
  </size>
  <color>
   Синий
  </color>
  <material>
   Лен
  </material>
  <price>
   659276
  </price>
  <rating>
   2.56
  </rating>
  <reviews>
   60740
  </reviews>
  <new>
   -
  </new>
  <exclusive>
   yes
  </exclusive>
  <sporty>
   yes
  </sporty>
 </clothing>
 <clothing>
  <id>
   781845683
  </id>
  <name>
   Asics Skirt O-7657
  </name>
  <category>
   Skirt
  </category>
  <size>
   L
  </size>
  <color>
   Голубой
  </color>
  <material>
   Нейлон
  </material>
  <price>
   459051
  </price>
  <rating>
   4.46
  </rating>
  <reviews>
   57372
  </reviews>
  <new>
   +
  </new>
  <sporty>
   no
  </sporty>
 </clothing>
 <clothing>
  <id>
   927571969
  </id>
  <name>
   Addidas Jacket S-7064
  </name>
  <category>
   Jacket
  </category>
  <size>
   M
  </size>
  <color>
   Желтый
  </color>
  <material>
   Нейлон
  </material>
  <price>
   230717
  </price>
  <rating>
   1.08
  </rating>
  <reviews>
   470083
  </reviews>
  <new>
   +
  </new>
  <sporty>
   no
  </sporty>
 </clothing>
 <clothing>
  <id>
   822378640
  </id>
  <name>
   Vans Hat X-5970
  </name>
  <category>
   Hat
  </category>
  <size>
   XL
  </size>
  <color>
   Красный
  </color>
  <material>
   Хлопок
  </material>
  <price>
   329290
  </price>
  <rating>
   5.0
  </rating>
  <reviews>
   882855
  </reviews>
  <sporty>
   no
  </sporty>
 </clothing>
 <clothing>
  <id>
   233801521
  </id>
  <name>
   Reebok T-shirt O-3899
  </name>
  <category>
   T-shirt
  </category>
  <size>
   M
  </size>
  <color>
   Синий
  </color>
  <material>
   Шелк
  </material>
  <price>
   812954
  </price>
  <rating>
   2.41
  </rating>
  <reviews>
   562045
  </reviews>
  <new>
   -
  </new>
  <exclusive>
   no
  </exclusive>
  <sporty>
   no
  </sporty>
 </clothing>
 <clothing>
  <id>
   944727055
  </id>
  <name>
   Ellesse Shoes L-3336
  </name>
  <category>
   Shoes
  </category>
  <size>
   XL
  </size>
  <color>
   Желтый
  </color>
  <material>
   Лен
  </material>
  <price>
   724072
  </price>
  <rating>
   2.13
  </rating>
  <reviews>
   402608
  </reviews>
  <new>
   +
  </new>
  <sporty>
   yes
  </sporty>
 </clothing>
</clothing-items>
