<?xml version="1.0" encoding="utf-8"?>
<clothing-items>
 <clothing>
  <id>
   116987347
  </id>
  <name>
   Addidas Hat Y-7844
  </name>
  <category>
   Hat
  </category>
  <size>
   XL
  </size>
  <color>
   Красный
  </color>
  <material>
   Нейлон
  </material>
  <price>
   456175
  </price>
  <rating>
   3.75
  </rating>
  <reviews>
   852690
  </reviews>
  <new>
   -
  </new>
  <sporty>
   no
  </sporty>
 </clothing>
 <clothing>
  <id>
   602890029
  </id>
  <name>
   Vans Handbags J-4248
  </name>
  <category>
   Handbags
  </category>
  <size>
   S
  </size>
  <color>
   Синий
  </color>
  <material>
   Кожа
  </material>
  <price>
   603685
  </price>
  <rating>
   2.82
  </rating>
  <reviews>
   119621
  </reviews>
  <exclusive>
   no
  </exclusive>
  <sporty>
   no
  </sporty>
 </clothing>
 <clothing>
  <id>
   124066822
  </id>
  <name>
   Ellesse Skirt V-8370
  </name>
  <category>
   Skirt
  </category>
  <size>
   M
  </size>
  <color>
   Фиолетовый
  </color>
  <material>
   Шелк
  </material>
  <price>
   281103
  </price>
  <rating>
   4.16
  </rating>
  <reviews>
   953158
  </reviews>
  <new>
   +
  </new>
  <exclusive>
   no
  </exclusive>
 </clothing>
 <clothing>
  <id>
   867617141
  </id>
  <name>
   Asics Pants M-2596
  </name>
  <category>
   Pants
  </category>
  <size>
   XXL
  </size>
  <color>
   Фиолетовый
  </color>
  <material>
   Полиэстер
  </material>
  <price>
   676492
  </price>
  <rating>
   4.32
  </rating>
  <reviews>
   95195
  </reviews>
  <new>
   -
  </new>
 </clothing>
 <clothing>
  <id>
   533623288
  </id>
  <name>
   Under Armour T-shirt D-4197
  </name>
  <category>
   T-shirt
  </category>
  <size>
   XL
  </size>
  <color>
   Оранжевый
  </color>
  <material>
   Полиэстер
  </material>
  <price>
   535983
  </price>
  <rating>
   1.26
  </rating>
  <reviews>
   356600
  </reviews>
  <new>
   -
  </new>
  <sporty>
   yes
  </sporty>
 </clothing>
 <clothing>
  <id>
   258173594
  </id>
  <name>
   Ellesse Jacket X-9445
  </name>
  <category>
   Jacket
  </category>
  <size>
   S
  </size>
  <color>
   Фиолетовый
  </color>
  <material>
   Лен
  </material>
  <price>
   100853
  </price>
  <rating>
   1.42
  </rating>
  <reviews>
   415290
  </reviews>
  <new>
   +
  </new>
 </clothing>
 <clothing>
  <id>
   143788807
  </id>
  <name>
   Brooks Socks I-4479
  </name>
  <category>
   Socks
  </category>
  <size>
   L
  </size>
  <color>
   Оранжевый
  </color>
  <material>
   Кожа
  </material>
  <price>
   973642
  </price>
  <rating>
   3.15
  </rating>
  <reviews>
   828047
  </reviews>
  <exclusive>
   no
  </exclusive>
 </clothing>
 <clothing>
  <id>
   492390607
  </id>
  <name>
   Vans Umbrellas V-6406
  </name>
  <category>
   Umbrellas
  </category>
  <size>
   XL
  </size>
  <color>
   Желтый
  </color>
  <material>
   Лен
  </material>
  <price>
   957824
  </price>
  <rating>
   3.32
  </rating>
  <reviews>
   280726
  </reviews>
  <exclusive>
   no
  </exclusive>
  <sporty>
   yes
  </sporty>
 </clothing>
 <clothing>
  <id>
   979571224
  </id>
  <name>
   Nike Shoes U-4761
  </name>
  <category>
   Shoes
  </category>
  <size>
   M
  </size>
  <color>
   Красный
  </color>
  <material>
   Полиэстер
  </material>
  <price>
   999356
  </price>
  <rating>
   1.69
  </rating>
  <reviews>
   171028
  </reviews>
  <new>
   +
  </new>
  <exclusive>
   yes
  </exclusive>
  <sporty>
   no
  </sporty>
 </clothing>
 <clothing>
  <id>
   381758191
  </id>
  <name>
   PleinSport Jacket F-7725
  </name>
  <category>
   Jacket
  </category>
  <size>
   XL
  </size>
  <color>
   Фиолетовый
  </color>
  <material>
   Кожа
  </material>
  <price>
   577057
  </price>
  <rating>
   4.33
  </rating>
  <reviews>
   264528
  </reviews>
  <new>
   +
  </new>
 </clothing>
 <clothing>
  <id>
   417744632
  </id>
  <name>
   New Balance Gloves A-1999
  </name>
  <category>
   Gloves
  </category>
  <size>
   L
  </size>
  <color>
   Фиолетовый
  </color>
  <material>
   Шерсть
  </material>
  <price>
   171465
  </price>
  <rating>
   2.05
  </rating>
  <reviews>
   349746
  </reviews>
  <new>
   +
  </new>
  <sporty>
   yes
  </sporty>
 </clothing>
 <clothing>
  <id>
   886958149
  </id>
  <name>
   Puma T-shirt G-3281
  </name>
  <category>
   T-shirt
  </category>
  <size>
   L
  </size>
  <color>
   Синий
  </color>
  <material>
   Нейлон
  </material>
  <price>
   837710
  </price>
  <rating>
   3.79
  </rating>
  <reviews>
   331602
  </reviews>
  <new>
   +
  </new>
  <exclusive>
   no
  </exclusive>
 </clothing>
 <clothing>
  <id>
   221774843
  </id>
  <name>
   New Balance Umbrellas K-5991
  </name>
  <category>
   Umbrellas
  </category>
  <size>
   L
  </size>
  <color>
   Оранжевый
  </color>
  <material>
   Хлопок
  </material>
  <price>
   115748
  </price>
  <rating>
   1.54
  </rating>
  <reviews>
   475445
  </reviews>
  <new>
   -
  </new>
  <exclusive>
   yes
  </exclusive>
  <sporty>
   yes
  </sporty>
 </clothing>
 <clothing>
  <id>
   219551545
  </id>
  <name>
   Brooks Umbrellas L-7702
  </name>
  <category>
   Umbrellas
  </category>
  <size>
   M
  </size>
  <color>
   Синий
  </color>
  <material>
   Полиэстер
  </material>
  <price>
   409983
  </price>
  <rating>
   4.31
  </rating>
  <reviews>
   803277
  </reviews>
  <new>
   -
  </new>
  <exclusive>
   no
  </exclusive>
  <sporty>
   yes
  </sporty>
 </clothing>
 <clothing>
  <id>
   163943569
  </id>
  <name>
   Adidas Jacket P-7961
  </name>
  <category>
   Jacket
  </category>
  <size>
   L
  </size>
  <color>
   Желтый
  </color>
  <material>
   Нейлон
  </material>
  <price>
   406446
  </price>
  <rating>
   1.54
  </rating>
  <reviews>
   311853
  </reviews>
  <sporty>
   no
  </sporty>
 </clothing>
 <clothing>
  <id>
   820107440
  </id>
  <name>
   Adidas Shirt P-7357
  </name>
  <category>
   Shirt
  </category>
  <size>
   M
  </size>
  <color>
   Желтый
  </color>
  <material>
   Кожа
  </material>
  <price>
   337196
  </price>
  <rating>
   3.59
  </rating>
  <reviews>
   591780
  </reviews>
  <new>
   +
  </new>
  <exclusive>
   yes
  </exclusive>
  <sporty>
   yes
  </sporty>
 </clothing>
 <clothing>
  <id>
   160000175
  </id>
  <name>
   Brooks Hat O-2199
  </name>
  <category>
   Hat
  </category>
  <size>
   L
  </size>
  <color>
   Голубой
  </color>
  <material>
   Хлопок
  </material>
  <price>
   607070
  </price>
  <rating>
   1.59
  </rating>
  <reviews>
   33238
  </reviews>
  <sporty>
   no
  </sporty>
 </clothing>
 <clothing>
  <id>
   379506683
  </id>
  <name>
   Adidas Sweater V-7468
  </name>
  <category>
   Sweater
  </category>
  <size>
   S
  </size>
  <color>
   Желтый
  </color>
  <material>
   Шелк
  </material>
  <price>
   554259
  </price>
  <rating>
   2.74
  </rating>
  <reviews>
   173605
  </reviews>
  <new>
   -
  </new>
  <exclusive>
   no
  </exclusive>
  <sporty>
   yes
  </sporty>
 </clothing>
 <clothing>
  <id>
   271582784
  </id>
  <name>
   Asics T-shirt N-7923
  </name>
  <category>
   T-shirt
  </category>
  <size>
   M
  </size>
  <color>
   Синий
  </color>
  <material>
   Хлопок
  </material>
  <price>
   733606
  </price>
  <rating>
   2.96
  </rating>
  <reviews>
   965227
  </reviews>
  <new>
   +
  </new>
 </clothing>
 <clothing>
  <id>
   230925210
  </id>
  <name>
   Ellesse Dress E-6850
  </name>
  <category>
   Dress
  </category>
  <size>
   S
  </size>
  <color>
   Голубой
  </color>
  <material>
   Хлопок
  </material>
  <price>
   155646
  </price>
  <rating>
   2.05
  </rating>
  <reviews>
   519422
  </reviews>
  <exclusive>
   no
  </exclusive>
  <sporty>
   no
  </sporty>
 </clothing>
 <clothing>
  <id>
   602823782
  </id>
  <name>
   Asics Jeans M-2640
  </name>
  <category>
   Jeans
  </category>
  <size>
   S
  </size>
  <color>
   Желтый
  </color>
  <material>
   Хлопок
  </material>
  <price>
   606210
  </price>
  <rating>
   1.2
  </rating>
  <reviews>
   995826
  </reviews>
  <sporty>
   yes
  </sporty>
 </clothing>
 <clothing>
  <id>
   530677420
  </id>
  <name>
   Under Armour Jacket Y-1199
  </name>
  <category>
   Jacket
  </category>
  <size>
   S
  </size>
  <color>
   Голубой
  </color>
  <material>
   Вискоза
  </material>
  <price>
   940121
  </price>
  <rating>
   2.7
  </rating>
  <reviews>
   266462
  </reviews>
  <new>
   +
  </new>
  <exclusive>
   yes
  </exclusive>
 </clothing>
 <clothing>
  <id>
   758863842
  </id>
  <name>
   Adidas Skirt R-9398
  </name>
  <category>
   Skirt
  </category>
  <size>
   S
  </size>
  <color>
   Желтый
  </color>
  <material>
   Шерсть
  </material>
  <price>
   426098
  </price>
  <rating>
   1.9
  </rating>
  <reviews>
   706257
  </reviews>
 </clothing>
 <clothing>
  <id>
   687795804
  </id>
  <name>
   Lacoste Blouse I-3092
  </name>
  <category>
   Blouse
  </category>
  <size>
   XXL
  </size>
  <color>
   Оранжевый
  </color>
  <material>
   Полиэстер
  </material>
  <price>
   740859
  </price>
  <rating>
   2.35
  </rating>
  <reviews>
   507476
  </reviews>
  <sporty>
   no
  </sporty>
 </clothing>
</clothing-items>
