<?xml version="1.0" encoding="utf-8"?>
<clothing-items>
 <clothing>
  <id>
   447110654
  </id>
  <name>
   Under Armour Shoes G-9042
  </name>
  <category>
   Shoes
  </category>
  <size>
   XL
  </size>
  <color>
   Красный
  </color>
  <material>
   Лен
  </material>
  <price>
   409777
  </price>
  <rating>
   3.67
  </rating>
  <reviews>
   247502
  </reviews>
  <exclusive>
   yes
  </exclusive>
  <sporty>
   no
  </sporty>
 </clothing>
 <clothing>
  <id>
   773045758
  </id>
  <name>
   Vans Pants N-2183
  </name>
  <category>
   Pants
  </category>
  <size>
   S
  </size>
  <color>
   Голубой
  </color>
  <material>
   Полиэстер
  </material>
  <price>
   555692
  </price>
  <rating>
   1.66
  </rating>
  <reviews>
   358628
  </reviews>
  <new>
   -
  </new>
 </clothing>
 <clothing>
  <id>
   244233780
  </id>
  <name>
   Reebok Dress A-8924
  </name>
  <category>
   Dress
  </category>
  <size>
   XL
  </size>
  <color>
   Синий
  </color>
  <material>
   Кожа
  </material>
  <price>
   203684
  </price>
  <rating>
   4.68
  </rating>
  <reviews>
   30780
  </reviews>
  <exclusive>
   no
  </exclusive>
 </clothing>
 <clothing>
  <id>
   253789332
  </id>
  <name>
   DC Socks U-3319
  </name>
  <category>
   Socks
  </category>
  <size>
   XL
  </size>
  <color>
   Фиолетовый
  </color>
  <material>
   Шелк
  </material>
  <price>
   715287
  </price>
  <rating>
   2.19
  </rating>
  <reviews>
   725200
  </reviews>
  <exclusive>
   no
  </exclusive>
  <sporty>
   yes
  </sporty>
 </clothing>
 <clothing>
  <id>
   490398805
  </id>
  <name>
   DC Gloves G-3382
  </name>
  <category>
   Gloves
  </category>
  <size>
   XL
  </size>
  <color>
   Оранжевый
  </color>
  <material>
   Шерсть
  </material>
  <price>
   473328
  </price>
  <rating>
   2.58
  </rating>
  <reviews>
   935754
  </reviews>
  <new>
   -
  </new>
  <exclusive>
   yes
  </exclusive>
  <sporty>
   no
  </sporty>
 </clothing>
 <clothing>
  <id>
   322739350
  </id>
  <name>
   Addidas Shoes M-9547
  </name>
  <category>
   Shoes
  </category>
  <size>
   L
  </size>
  <color>
   Зеленый
  </color>
  <material>
   Полиэстер
  </material>
  <price>
   250345
  </price>
  <rating>
   4.86
  </rating>
  <reviews>
   482572
  </reviews>
  <exclusive>
   no
  </exclusive>
  <sporty>
   yes
  </sporty>
 </clothing>
 <clothing>
  <id>
   860030661
  </id>
  <name>
   Puma Handbags I-6519
  </name>
  <category>
   Handbags
  </category>
  <size>
   S
  </size>
  <color>
   Оранжевый
  </color>
  <material>
   Шелк
  </material>
  <price>
   790324
  </price>
  <rating>
   3.78
  </rating>
  <reviews>
   924878
  </reviews>
  <new>
   -
  </new>
  <exclusive>
   yes
  </exclusive>
  <sporty>
   yes
  </sporty>
 </clothing>
 <clothing>
  <id>
   406910359
  </id>
  <name>
   Ellesse Jeans K-3865
  </name>
  <category>
   Jeans
  </category>
  <size>
   M
  </size>
  <color>
   Зеленый
  </color>
  <material>
   Лен
  </material>
  <price>
   944030
  </price>
  <rating>
   4.84
  </rating>
  <reviews>
   991655
  </reviews>
  <new>
   -
  </new>
  <sporty>
   no
  </sporty>
 </clothing>
 <clothing>
  <id>
   397571017
  </id>
  <name>
   New Balance Umbrellas O-7097
  </name>
  <category>
   Umbrellas
  </category>
  <size>
   L
  </size>
  <color>
   Оранжевый
  </color>
  <material>
   Вискоза
  </material>
  <price>
   286462
  </price>
  <rating>
   3.19
  </rating>
  <reviews>
   243235
  </reviews>
  <exclusive>
   yes
  </exclusive>
  <sporty>
   no
  </sporty>
 </clothing>
 <clothing>
  <id>
   859255504
  </id>
  <name>
   Brooks Dress D-9147
  </name>
  <category>
   Dress
  </category>
  <size>
   S
  </size>
  <color>
   Красный
  </color>
  <material>
   Шерсть
  </material>
  <price>
   100967
  </price>
  <rating>
   3.77
  </rating>
  <reviews>
   666631
  </reviews>
 </clothing>
 <clothing>
  <id>
   506974608
  </id>
  <name>
   Adidas T-shirt O-5881
  </name>
  <category>
   T-shirt
  </category>
  <size>
   M
  </size>
  <color>
   Желтый
  </color>
  <material>
   Нейлон
  </material>
  <price>
   150197
  </price>
  <rating>
   4.88
  </rating>
  <reviews>
   858479
  </reviews>
  <new>
   -
  </new>
  <exclusive>
   no
  </exclusive>
 </clothing>
 <clothing>
  <id>
   952938143
  </id>
  <name>
   Asics T-shirt A-3196
  </name>
  <category>
   T-shirt
  </category>
  <size>
   XXL
  </size>
  <color>
   Зеленый
  </color>
  <material>
   Шелк
  </material>
  <price>
   347766
  </price>
  <rating>
   2.78
  </rating>
  <reviews>
   684782
  </reviews>
  <new>
   -
  </new>
  <exclusive>
   no
  </exclusive>
  <sporty>
   yes
  </sporty>
 </clothing>
 <clothing>
  <id>
   179504498
  </id>
  <name>
   Asics Belts G-7995
  </name>
  <category>
   Belts
  </category>
  <size>
   XL
  </size>
  <color>
   Оранжевый
  </color>
  <material>
   Нейлон
  </material>
  <price>
   448705
  </price>
  <rating>
   4.61
  </rating>
  <reviews>
   88304
  </reviews>
  <new>
   -
  </new>
  <exclusive>
   yes
  </exclusive>
  <sporty>
   yes
  </sporty>
 </clothing>
 <clothing>
  <id>
   267367575
  </id>
  <name>
   Addidas Shoes Y-4002
  </name>
  <category>
   Shoes
  </category>
  <size>
   L
  </size>
  <color>
   Зеленый
  </color>
  <material>
   Лен
  </material>
  <price>
   991893
  </price>
  <rating>
   4.0
  </rating>
  <reviews>
   510234
  </reviews>
 </clothing>
 <clothing>
  <id>
   236514597
  </id>
  <name>
   Vans T-shirt P-3519
  </name>
  <category>
   T-shirt
  </category>
  <size>
   M
  </size>
  <color>
   Желтый
  </color>
  <material>
   Нейлон
  </material>
  <price>
   104255
  </price>
  <rating>
   2.05
  </rating>
  <reviews>
   321521
  </reviews>
  <new>
   +
  </new>
  <exclusive>
   yes
  </exclusive>
 </clothing>
 <clothing>
  <id>
   146305416
  </id>
  <name>
   Addidas Pants F-2230
  </name>
  <category>
   Pants
  </category>
  <size>
   XXL
  </size>
  <color>
   Фиолетовый
  </color>
  <material>
   Вискоза
  </material>
  <price>
   629969
  </price>
  <rating>
   3.35
  </rating>
  <reviews>
   788822
  </reviews>
  <exclusive>
   no
  </exclusive>
 </clothing>
 <clothing>
  <id>
   511879052
  </id>
  <name>
   Ellesse Pants I-2715
  </name>
  <category>
   Pants
  </category>
  <size>
   S
  </size>
  <color>
   Зеленый
  </color>
  <material>
   Шерсть
  </material>
  <price>
   862700
  </price>
  <rating>
   3.35
  </rating>
  <reviews>
   843130
  </reviews>
  <new>
   -
  </new>
  <exclusive>
   no
  </exclusive>
 </clothing>
 <clothing>
  <id>
   938950372
  </id>
  <name>
   Converse Socks W-6322
  </name>
  <category>
   Socks
  </category>
  <size>
   XL
  </size>
  <color>
   Желтый
  </color>
  <material>
   Лен
  </material>
  <price>
   249935
  </price>
  <rating>
   3.19
  </rating>
  <reviews>
   753309
  </reviews>
  <new>
   +
  </new>
  <exclusive>
   yes
  </exclusive>
  <sporty>
   yes
  </sporty>
 </clothing>
 <clothing>
  <id>
   631578803
  </id>
  <name>
   Puma Gloves N-4810
  </name>
  <category>
   Gloves
  </category>
  <size>
   L
  </size>
  <color>
   Красный
  </color>
  <material>
   Шелк
  </material>
  <price>
   641683
  </price>
  <rating>
   4.85
  </rating>
  <reviews>
   714244
  </reviews>
  <new>
   -
  </new>
  <exclusive>
   no
  </exclusive>
 </clothing>
 <clothing>
  <id>
   300040666
  </id>
  <name>
   Nike Gloves F-6823
  </name>
  <category>
   Gloves
  </category>
  <size>
   S
  </size>
  <color>
   Голубой
  </color>
  <material>
   Кожа
  </material>
  <price>
   557577
  </price>
  <rating>
   1.43
  </rating>
  <reviews>
   649145
  </reviews>
  <new>
   -
  </new>
  <exclusive>
   no
  </exclusive>
 </clothing>
 <clothing>
  <id>
   382480089
  </id>
  <name>
   Lacoste Hat C-5725
  </name>
  <category>
   Hat
  </category>
  <size>
   M
  </size>
  <color>
   Синий
  </color>
  <material>
   Лен
  </material>
  <price>
   921096
  </price>
  <rating>
   1.66
  </rating>
  <reviews>
   576782
  </reviews>
  <new>
   +
  </new>
  <sporty>
   no
  </sporty>
 </clothing>
 <clothing>
  <id>
   360531594
  </id>
  <name>
   New Balance Hat T-5289
  </name>
  <category>
   Hat
  </category>
  <size>
   XXL
  </size>
  <color>
   Желтый
  </color>
  <material>
   Вискоза
  </material>
  <price>
   861469
  </price>
  <rating>
   4.48
  </rating>
  <reviews>
   588510
  </reviews>
  <exclusive>
   yes
  </exclusive>
  <sporty>
   no
  </sporty>
 </clothing>
 <clothing>
  <id>
   697646527
  </id>
  <name>
   Nike Blouse E-8505
  </name>
  <category>
   Blouse
  </category>
  <size>
   L
  </size>
  <color>
   Желтый
  </color>
  <material>
   Полиэстер
  </material>
  <price>
   898246
  </price>
  <rating>
   2.58
  </rating>
  <reviews>
   246121
  </reviews>
  <new>
   -
  </new>
  <exclusive>
   yes
  </exclusive>
  <sporty>
   yes
  </sporty>
 </clothing>
 <clothing>
  <id>
   428850792
  </id>
  <name>
   New Balance Pants B-5693
  </name>
  <category>
   Pants
  </category>
  <size>
   M
  </size>
  <color>
   Желтый
  </color>
  <material>
   Шерсть
  </material>
  <price>
   167984
  </price>
  <rating>
   2.75
  </rating>
  <reviews>
   240510
  </reviews>
  <new>
   +
  </new>
  <exclusive>
   yes
  </exclusive>
 </clothing>
 <clothing>
  <id>
   236138260
  </id>
  <name>
   Lacoste Jacket N-6079
  </name>
  <category>
   Jacket
  </category>
  <size>
   M
  </size>
  <color>
   Голубой
  </color>
  <material>
   Нейлон
  </material>
  <price>
   714663
  </price>
  <rating>
   2.51
  </rating>
  <reviews>
   680133
  </reviews>
  <new>
   +
  </new>
  <exclusive>
   yes
  </exclusive>
  <sporty>
   no
  </sporty>
 </clothing>
 <clothing>
  <id>
   106626109
  </id>
  <name>
   New Balance T-shirt M-9972
  </name>
  <category>
   T-shirt
  </category>
  <size>
   S
  </size>
  <color>
   Синий
  </color>
  <material>
   Вискоза
  </material>
  <price>
   388049
  </price>
  <rating>
   4.98
  </rating>
  <reviews>
   995056
  </reviews>
  <new>
   +
  </new>
 </clothing>
 <clothing>
  <id>
   677690431
  </id>
  <name>
   Asics Shirt A-9839
  </name>
  <category>
   Shirt
  </category>
  <size>
   XXL
  </size>
  <color>
   Фиолетовый
  </color>
  <material>
   Хлопок
  </material>
  <price>
   494571
  </price>
  <rating>
   4.95
  </rating>
  <reviews>
   221972
  </reviews>
 </clothing>
 <clothing>
  <id>
   463756963
  </id>
  <name>
   Addidas Belts M-5619
  </name>
  <category>
   Belts
  </category>
  <size>
   S
  </size>
  <color>
   Фиолетовый
  </color>
  <material>
   Шерсть
  </material>
  <price>
   666600
  </price>
  <rating>
   2.19
  </rating>
  <reviews>
   860275
  </reviews>
  <exclusive>
   yes
  </exclusive>
  <sporty>
   yes
  </sporty>
 </clothing>
 <clothing>
  <id>
   967045966
  </id>
  <name>
   New Balance T-shirt N-5708
  </name>
  <category>
   T-shirt
  </category>
  <size>
   L
  </size>
  <color>
   Желтый
  </color>
  <material>
   Шелк
  </material>
  <price>
   181844
  </price>
  <rating>
   2.75
  </rating>
  <reviews>
   534595
  </reviews>
  <new>
   +
  </new>
  <sporty>
   yes
  </sporty>
 </clothing>
 <clothing>
  <id>
   950238970
  </id>
  <name>
   Nike Socks Y-1841
  </name>
  <category>
   Socks
  </category>
  <size>
   M
  </size>
  <color>
   Желтый
  </color>
  <material>
   Шерсть
  </material>
  <price>
   473351
  </price>
  <rating>
   4.55
  </rating>
  <reviews>
   177371
  </reviews>
  <exclusive>
   no
  </exclusive>
  <sporty>
   yes
  </sporty>
 </clothing>
 <clothing>
  <id>
   688680587
  </id>
  <name>
   Nike Shoes K-9366
  </name>
  <category>
   Shoes
  </category>
  <size>
   XXL
  </size>
  <color>
   Зеленый
  </color>
  <material>
   Вискоза
  </material>
  <price>
   718158
  </price>
  <rating>
   1.72
  </rating>
  <reviews>
   873289
  </reviews>
  <new>
   +
  </new>
  <exclusive>
   yes
  </exclusive>
  <sporty>
   yes
  </sporty>
 </clothing>
 <clothing>
  <id>
   442392925
  </id>
  <name>
   Under Armour Jeans G-4102
  </name>
  <category>
   Jeans
  </category>
  <size>
   XXL
  </size>
  <color>
   Желтый
  </color>
  <material>
   Полиэстер
  </material>
  <price>
   694459
  </price>
  <rating>
   2.89
  </rating>
  <reviews>
   197253
  </reviews>
  <new>
   -
  </new>
  <exclusive>
   no
  </exclusive>
  <sporty>
   no
  </sporty>
 </clothing>
 <clothing>
  <id>
   892685260
  </id>
  <name>
   Puma Dress B-8646
  </name>
  <category>
   Dress
  </category>
  <size>
   XXL
  </size>
  <color>
   Голубой
  </color>
  <material>
   Полиэстер
  </material>
  <price>
   892646
  </price>
  <rating>
   2.15
  </rating>
  <reviews>
   481059
  </reviews>
  <new>
   -
  </new>
  <exclusive>
   no
  </exclusive>
  <sporty>
   no
  </sporty>
 </clothing>
 <clothing>
  <id>
   566228807
  </id>
  <name>
   Adidas Hat L-6329
  </name>
  <category>
   Hat
  </category>
  <size>
   M
  </size>
  <color>
   Голубой
  </color>
  <material>
   Нейлон
  </material>
  <price>
   842585
  </price>
  <rating>
   2.3
  </rating>
  <reviews>
   47534
  </reviews>
  <new>
   -
  </new>
  <exclusive>
   yes
  </exclusive>
  <sporty>
   no
  </sporty>
 </clothing>
 <clothing>
  <id>
   984451805
  </id>
  <name>
   Converse Blouse K-2971
  </name>
  <category>
   Blouse
  </category>
  <size>
   M
  </size>
  <color>
   Синий
  </color>
  <material>
   Лен
  </material>
  <price>
   282854
  </price>
  <rating>
   3.72
  </rating>
  <reviews>
   841959
  </reviews>
  <new>
   -
  </new>
 </clothing>
 <clothing>
  <id>
   268633978
  </id>
  <name>
   PleinSport Jeans P-2536
  </name>
  <category>
   Jeans
  </category>
  <size>
   XXL
  </size>
  <color>
   Фиолетовый
  </color>
  <material>
   Кожа
  </material>
  <price>
   747995
  </price>
  <rating>
   4.02
  </rating>
  <reviews>
   983132
  </reviews>
  <new>
   -
  </new>
 </clothing>
 <clothing>
  <id>
   331808164
  </id>
  <name>
   Vans Jeans C-4232
  </name>
  <category>
   Jeans
  </category>
  <size>
   XL
  </size>
  <color>
   Оранжевый
  </color>
  <material>
   Шелк
  </material>
  <price>
   802461
  </price>
  <rating>
   2.19
  </rating>
  <reviews>
   209535
  </reviews>
  <new>
   -
  </new>
 </clothing>
 <clothing>
  <id>
   783870582
  </id>
  <name>
   Vans Jeans I-2877
  </name>
  <category>
   Jeans
  </category>
  <size>
   S
  </size>
  <color>
   Красный
  </color>
  <material>
   Вискоза
  </material>
  <price>
   163117
  </price>
  <rating>
   4.88
  </rating>
  <reviews>
   498654
  </reviews>
  <exclusive>
   yes
  </exclusive>
  <sporty>
   yes
  </sporty>
 </clothing>
 <clothing>
  <id>
   660314970
  </id>
  <name>
   Nike Shoes Y-2231
  </name>
  <category>
   Shoes
  </category>
  <size>
   M
  </size>
  <color>
   Оранжевый
  </color>
  <material>
   Хлопок
  </material>
  <price>
   142293
  </price>
  <rating>
   1.59
  </rating>
  <reviews>
   655648
  </reviews>
  <new>
   -
  </new>
  <exclusive>
   no
  </exclusive>
  <sporty>
   no
  </sporty>
 </clothing>
 <clothing>
  <id>
   907592968
  </id>
  <name>
   Addidas Jeans O-1973
  </name>
  <category>
   Jeans
  </category>
  <size>
   M
  </size>
  <color>
   Желтый
  </color>
  <material>
   Кожа
  </material>
  <price>
   886658
  </price>
  <rating>
   3.33
  </rating>
  <reviews>
   674756
  </reviews>
  <new>
   +
  </new>
  <sporty>
   no
  </sporty>
 </clothing>
 <clothing>
  <id>
   693200224
  </id>
  <name>
   Fila Dress K-6543
  </name>
  <category>
   Dress
  </category>
  <size>
   XXL
  </size>
  <color>
   Зеленый
  </color>
  <material>
   Нейлон
  </material>
  <price>
   221457
  </price>
  <rating>
   1.1
  </rating>
  <reviews>
   318328
  </reviews>
  <new>
   -
  </new>
  <exclusive>
   no
  </exclusive>
 </clothing>
 <clothing>
  <id>
   723092124
  </id>
  <name>
   Puma Belts E-9639
  </name>
  <category>
   Belts
  </category>
  <size>
   M
  </size>
  <color>
   Голубой
  </color>
  <material>
   Вискоза
  </material>
  <price>
   954163
  </price>
  <rating>
   4.67
  </rating>
  <reviews>
   812922
  </reviews>
  <new>
   -
  </new>
  <exclusive>
   no
  </exclusive>
 </clothing>
 <clothing>
  <id>
   455619156
  </id>
  <name>
   Puma T-shirt J-3696
  </name>
  <category>
   T-shirt
  </category>
  <size>
   L
  </size>
  <color>
   Фиолетовый
  </color>
  <material>
   Лен
  </material>
  <price>
   239736
  </price>
  <rating>
   3.41
  </rating>
  <reviews>
   868853
  </reviews>
  <new>
   -
  </new>
  <exclusive>
   no
  </exclusive>
  <sporty>
   no
  </sporty>
 </clothing>
</clothing-items>
