<?xml version="1.0" encoding="utf-8"?>
<clothing-items>
 <clothing>
  <id>
   658231068
  </id>
  <name>
   Reebok Belts H-4200
  </name>
  <category>
   Belts
  </category>
  <size>
   S
  </size>
  <color>
   Желтый
  </color>
  <material>
   Нейлон
  </material>
  <price>
   591760
  </price>
  <rating>
   3.33
  </rating>
  <reviews>
   687394
  </reviews>
  <new>
   -
  </new>
  <exclusive>
   yes
  </exclusive>
  <sporty>
   no
  </sporty>
 </clothing>
 <clothing>
  <id>
   520055396
  </id>
  <name>
   Nike Jacket U-2641
  </name>
  <category>
   Jacket
  </category>
  <size>
   XL
  </size>
  <color>
   Голубой
  </color>
  <material>
   Нейлон
  </material>
  <price>
   829837
  </price>
  <rating>
   2.31
  </rating>
  <reviews>
   748408
  </reviews>
  <new>
   +
  </new>
 </clothing>
 <clothing>
  <id>
   249791110
  </id>
  <name>
   Nike Belts F-8602
  </name>
  <category>
   Belts
  </category>
  <size>
   M
  </size>
  <color>
   Синий
  </color>
  <material>
   Лен
  </material>
  <price>
   209590
  </price>
  <rating>
   3.04
  </rating>
  <reviews>
   983596
  </reviews>
  <new>
   -
  </new>
  <exclusive>
   no
  </exclusive>
  <sporty>
   no
  </sporty>
 </clothing>
 <clothing>
  <id>
   570837075
  </id>
  <name>
   Puma Jeans W-9692
  </name>
  <category>
   Jeans
  </category>
  <size>
   XXL
  </size>
  <color>
   Оранжевый
  </color>
  <material>
   Шелк
  </material>
  <price>
   463404
  </price>
  <rating>
   2.05
  </rating>
  <reviews>
   733879
  </reviews>
  <new>
   -
  </new>
 </clothing>
 <clothing>
  <id>
   793876063
  </id>
  <name>
   Vans Belts D-6422
  </name>
  <category>
   Belts
  </category>
  <size>
   M
  </size>
  <color>
   Желтый
  </color>
  <material>
   Шелк
  </material>
  <price>
   398696
  </price>
  <rating>
   4.18
  </rating>
  <reviews>
   599932
  </reviews>
  <new>
   -
  </new>
  <sporty>
   yes
  </sporty>
 </clothing>
 <clothing>
  <id>
   154238629
  </id>
  <name>
   Reebok Blouse E-2870
  </name>
  <category>
   Blouse
  </category>
  <size>
   S
  </size>
  <color>
   Оранжевый
  </color>
  <material>
   Вискоза
  </material>
  <price>
   836483
  </price>
  <rating>
   3.4
  </rating>
  <reviews>
   526330
  </reviews>
  <sporty>
   yes
  </sporty>
 </clothing>
 <clothing>
  <id>
   380668205
  </id>
  <name>
   Nike Sweater L-6563
  </name>
  <category>
   Sweater
  </category>
  <size>
   S
  </size>
  <color>
   Зеленый
  </color>
  <material>
   Нейлон
  </material>
  <price>
   330398
  </price>
  <rating>
   4.03
  </rating>
  <reviews>
   247749
  </reviews>
  <new>
   +
  </new>
  <exclusive>
   no
  </exclusive>
  <sporty>
   no
  </sporty>
 </clothing>
 <clothing>
  <id>
   134519879
  </id>
  <name>
   DC Shoes N-9462
  </name>
  <category>
   Shoes
  </category>
  <size>
   S
  </size>
  <color>
   Голубой
  </color>
  <material>
   Кожа
  </material>
  <price>
   418920
  </price>
  <rating>
   4.33
  </rating>
  <reviews>
   134701
  </reviews>
  <exclusive>
   no
  </exclusive>
 </clothing>
 <clothing>
  <id>
   827015355
  </id>
  <name>
   DC Handbags I-9909
  </name>
  <category>
   Handbags
  </category>
  <size>
   XL
  </size>
  <color>
   Желтый
  </color>
  <material>
   Нейлон
  </material>
  <price>
   917653
  </price>
  <rating>
   4.61
  </rating>
  <reviews>
   601206
  </reviews>
  <new>
   +
  </new>
  <exclusive>
   no
  </exclusive>
  <sporty>
   yes
  </sporty>
 </clothing>
 <clothing>
  <id>
   820584881
  </id>
  <name>
   Vans Gloves X-5253
  </name>
  <category>
   Gloves
  </category>
  <size>
   L
  </size>
  <color>
   Красный
  </color>
  <material>
   Кожа
  </material>
  <price>
   604956
  </price>
  <rating>
   3.37
  </rating>
  <reviews>
   443596
  </reviews>
  <new>
   -
  </new>
  <exclusive>
   no
  </exclusive>
  <sporty>
   no
  </sporty>
 </clothing>
 <clothing>
  <id>
   550746116
  </id>
  <name>
   Addidas Handbags P-7834
  </name>
  <category>
   Handbags
  </category>
  <size>
   XL
  </size>
  <color>
   Оранжевый
  </color>
  <material>
   Нейлон
  </material>
  <price>
   363298
  </price>
  <rating>
   2.9
  </rating>
  <reviews>
   61558
  </reviews>
  <exclusive>
   no
  </exclusive>
  <sporty>
   no
  </sporty>
 </clothing>
 <clothing>
  <id>
   471582545
  </id>
  <name>
   DC Dress N-4498
  </name>
  <category>
   Dress
  </category>
  <size>
   XL
  </size>
  <color>
   Оранжевый
  </color>
  <material>
   Полиэстер
  </material>
  <price>
   124146
  </price>
  <rating>
   3.06
  </rating>
  <reviews>
   127055
  </reviews>
  <exclusive>
   no
  </exclusive>
 </clothing>
 <clothing>
  <id>
   907328748
  </id>
  <name>
   Addidas Hat I-2752
  </name>
  <category>
   Hat
  </category>
  <size>
   S
  </size>
  <color>
   Оранжевый
  </color>
  <material>
   Шерсть
  </material>
  <price>
   392225
  </price>
  <rating>
   4.99
  </rating>
  <reviews>
   969754
  </reviews>
  <exclusive>
   no
  </exclusive>
 </clothing>
 <clothing>
  <id>
   567942776
  </id>
  <name>
   New Balance Handbags P-9658
  </name>
  <category>
   Handbags
  </category>
  <size>
   XL
  </size>
  <color>
   Оранжевый
  </color>
  <material>
   Шелк
  </material>
  <price>
   327232
  </price>
  <rating>
   3.78
  </rating>
  <reviews>
   34359
  </reviews>
  <new>
   +
  </new>
  <exclusive>
   no
  </exclusive>
  <sporty>
   no
  </sporty>
 </clothing>
 <clothing>
  <id>
   448654041
  </id>
  <name>
   Asics Pants S-3566
  </name>
  <category>
   Pants
  </category>
  <size>
   XL
  </size>
  <color>
   Желтый
  </color>
  <material>
   Нейлон
  </material>
  <price>
   906174
  </price>
  <rating>
   4.9
  </rating>
  <reviews>
   589808
  </reviews>
  <exclusive>
   no
  </exclusive>
 </clothing>
 <clothing>
  <id>
   374439008
  </id>
  <name>
   Adidas Shirt G-2628
  </name>
  <category>
   Shirt
  </category>
  <size>
   XXL
  </size>
  <color>
   Голубой
  </color>
  <material>
   Полиэстер
  </material>
  <price>
   997030
  </price>
  <rating>
   2.06
  </rating>
  <reviews>
   913063
  </reviews>
  <exclusive>
   yes
  </exclusive>
  <sporty>
   yes
  </sporty>
 </clothing>
 <clothing>
  <id>
   426002345
  </id>
  <name>
   DC Shirt I-9463
  </name>
  <category>
   Shirt
  </category>
  <size>
   S
  </size>
  <color>
   Голубой
  </color>
  <material>
   Вискоза
  </material>
  <price>
   691938
  </price>
  <rating>
   3.17
  </rating>
  <reviews>
   909119
  </reviews>
 </clothing>
 <clothing>
  <id>
   579705848
  </id>
  <name>
   Asics Gloves B-8612
  </name>
  <category>
   Gloves
  </category>
  <size>
   M
  </size>
  <color>
   Голубой
  </color>
  <material>
   Вискоза
  </material>
  <price>
   455445
  </price>
  <rating>
   1.71
  </rating>
  <reviews>
   302429
  </reviews>
  <exclusive>
   no
  </exclusive>
 </clothing>
 <clothing>
  <id>
   322645210
  </id>
  <name>
   New Balance Socks A-9215
  </name>
  <category>
   Socks
  </category>
  <size>
   XXL
  </size>
  <color>
   Желтый
  </color>
  <material>
   Шерсть
  </material>
  <price>
   104970
  </price>
  <rating>
   2.16
  </rating>
  <reviews>
   857482
  </reviews>
  <exclusive>
   no
  </exclusive>
  <sporty>
   no
  </sporty>
 </clothing>
 <clothing>
  <id>
   602744294
  </id>
  <name>
   Addidas Blouse M-8480
  </name>
  <category>
   Blouse
  </category>
  <size>
   L
  </size>
  <color>
   Голубой
  </color>
  <material>
   Нейлон
  </material>
  <price>
   666199
  </price>
  <rating>
   1.35
  </rating>
  <reviews>
   280659
  </reviews>
  <new>
   -
  </new>
  <exclusive>
   yes
  </exclusive>
 </clothing>
 <clothing>
  <id>
   894640828
  </id>
  <name>
   DC Gloves G-9912
  </name>
  <category>
   Gloves
  </category>
  <size>
   L
  </size>
  <color>
   Фиолетовый
  </color>
  <material>
   Вискоза
  </material>
  <price>
   358734
  </price>
  <rating>
   4.41
  </rating>
  <reviews>
   586575
  </reviews>
 </clothing>
 <clothing>
  <id>
   898368831
  </id>
  <name>
   Lacoste Pants J-2015
  </name>
  <category>
   Pants
  </category>
  <size>
   XXL
  </size>
  <color>
   Красный
  </color>
  <material>
   Кожа
  </material>
  <price>
   799371
  </price>
  <rating>
   2.98
  </rating>
  <reviews>
   103556
  </reviews>
  <new>
   -
  </new>
 </clothing>
 <clothing>
  <id>
   438497408
  </id>
  <name>
   Adidas Sweater K-4820
  </name>
  <category>
   Sweater
  </category>
  <size>
   XXL
  </size>
  <color>
   Оранжевый
  </color>
  <material>
   Вискоза
  </material>
  <price>
   519094
  </price>
  <rating>
   4.25
  </rating>
  <reviews>
   115085
  </reviews>
  <exclusive>
   yes
  </exclusive>
  <sporty>
   no
  </sporty>
 </clothing>
 <clothing>
  <id>
   596472658
  </id>
  <name>
   Fila Jacket O-1943
  </name>
  <category>
   Jacket
  </category>
  <size>
   XXL
  </size>
  <color>
   Желтый
  </color>
  <material>
   Лен
  </material>
  <price>
   954998
  </price>
  <rating>
   2.37
  </rating>
  <reviews>
   119605
  </reviews>
  <new>
   -
  </new>
  <exclusive>
   no
  </exclusive>
  <sporty>
   yes
  </sporty>
 </clothing>
 <clothing>
  <id>
   723089288
  </id>
  <name>
   Asics Jeans R-3721
  </name>
  <category>
   Jeans
  </category>
  <size>
   XL
  </size>
  <color>
   Синий
  </color>
  <material>
   Кожа
  </material>
  <price>
   814245
  </price>
  <rating>
   1.49
  </rating>
  <reviews>
   125476
  </reviews>
  <new>
   -
  </new>
  <exclusive>
   no
  </exclusive>
 </clothing>
 <clothing>
  <id>
   314629443
  </id>
  <name>
   Converse Umbrellas O-4184
  </name>
  <category>
   Umbrellas
  </category>
  <size>
   S
  </size>
  <color>
   Оранжевый
  </color>
  <material>
   Нейлон
  </material>
  <price>
   654044
  </price>
  <rating>
   3.36
  </rating>
  <reviews>
   714674
  </reviews>
  <new>
   -
  </new>
  <exclusive>
   no
  </exclusive>
 </clothing>
 <clothing>
  <id>
   180744905
  </id>
  <name>
   Reebok Skirt D-5011
  </name>
  <category>
   Skirt
  </category>
  <size>
   S
  </size>
  <color>
   Зеленый
  </color>
  <material>
   Шелк
  </material>
  <price>
   853982
  </price>
  <rating>
   4.51
  </rating>
  <reviews>
   973794
  </reviews>
  <new>
   -
  </new>
 </clothing>
 <clothing>
  <id>
   648748217
  </id>
  <name>
   Asics Skirt F-1805
  </name>
  <category>
   Skirt
  </category>
  <size>
   L
  </size>
  <color>
   Красный
  </color>
  <material>
   Кожа
  </material>
  <price>
   993173
  </price>
  <rating>
   4.97
  </rating>
  <reviews>
   384960
  </reviews>
  <new>
   +
  </new>
  <sporty>
   yes
  </sporty>
 </clothing>
 <clothing>
  <id>
   320291292
  </id>
  <name>
   Converse Hat V-5401
  </name>
  <category>
   Hat
  </category>
  <size>
   M
  </size>
  <color>
   Синий
  </color>
  <material>
   Кожа
  </material>
  <price>
   761249
  </price>
  <rating>
   3.78
  </rating>
  <reviews>
   273696
  </reviews>
  <new>
   +
  </new>
  <exclusive>
   yes
  </exclusive>
  <sporty>
   yes
  </sporty>
 </clothing>
 <clothing>
  <id>
   432140082
  </id>
  <name>
   Asics T-shirt O-6314
  </name>
  <category>
   T-shirt
  </category>
  <size>
   XXL
  </size>
  <color>
   Фиолетовый
  </color>
  <material>
   Кожа
  </material>
  <price>
   205943
  </price>
  <rating>
   3.29
  </rating>
  <reviews>
   502838
  </reviews>
  <exclusive>
   no
  </exclusive>
  <sporty>
   no
  </sporty>
 </clothing>
 <clothing>
  <id>
   217661533
  </id>
  <name>
   Adidas Umbrellas C-7233
  </name>
  <category>
   Umbrellas
  </category>
  <size>
   XXL
  </size>
  <color>
   Желтый
  </color>
  <material>
   Полиэстер
  </material>
  <price>
   587126
  </price>
  <rating>
   4.16
  </rating>
  <reviews>
   308735
  </reviews>
  <new>
   -
  </new>
  <sporty>
   no
  </sporty>
 </clothing>
 <clothing>
  <id>
   520288376
  </id>
  <name>
   Under Armour Blouse F-5501
  </name>
  <category>
   Blouse
  </category>
  <size>
   M
  </size>
  <color>
   Красный
  </color>
  <material>
   Шерсть
  </material>
  <price>
   603773
  </price>
  <rating>
   3.8
  </rating>
  <reviews>
   482405
  </reviews>
  <new>
   -
  </new>
  <sporty>
   no
  </sporty>
 </clothing>
 <clothing>
  <id>
   253060971
  </id>
  <name>
   PleinSport Hat K-3975
  </name>
  <category>
   Hat
  </category>
  <size>
   S
  </size>
  <color>
   Желтый
  </color>
  <material>
   Вискоза
  </material>
  <price>
   825887
  </price>
  <rating>
   4.39
  </rating>
  <reviews>
   740411
  </reviews>
  <exclusive>
   no
  </exclusive>
  <sporty>
   no
  </sporty>
 </clothing>
 <clothing>
  <id>
   698112298
  </id>
  <name>
   Under Armour Handbags O-7925
  </name>
  <category>
   Handbags
  </category>
  <size>
   M
  </size>
  <color>
   Желтый
  </color>
  <material>
   Вискоза
  </material>
  <price>
   323013
  </price>
  <rating>
   2.16
  </rating>
  <reviews>
   975481
  </reviews>
  <exclusive>
   no
  </exclusive>
 </clothing>
 <clothing>
  <id>
   246313793
  </id>
  <name>
   Asics Shoes Q-1299
  </name>
  <category>
   Shoes
  </category>
  <size>
   M
  </size>
  <color>
   Фиолетовый
  </color>
  <material>
   Шерсть
  </material>
  <price>
   784482
  </price>
  <rating>
   3.88
  </rating>
  <reviews>
   594255
  </reviews>
  <exclusive>
   yes
  </exclusive>
 </clothing>
 <clothing>
  <id>
   621222625
  </id>
  <name>
   Brooks Belts G-9405
  </name>
  <category>
   Belts
  </category>
  <size>
   XL
  </size>
  <color>
   Синий
  </color>
  <material>
   Нейлон
  </material>
  <price>
   747989
  </price>
  <rating>
   3.43
  </rating>
  <reviews>
   184838
  </reviews>
  <new>
   +
  </new>
 </clothing>
</clothing-items>
