<?xml version="1.0" encoding="utf-8"?>
<clothing-items>
 <clothing>
  <id>
   431024610
  </id>
  <name>
   Addidas Shirt O-1456
  </name>
  <category>
   Shirt
  </category>
  <size>
   L
  </size>
  <color>
   Голубой
  </color>
  <material>
   Шерсть
  </material>
  <price>
   296512
  </price>
  <rating>
   3.13
  </rating>
  <reviews>
   524532
  </reviews>
 </clothing>
 <clothing>
  <id>
   363835450
  </id>
  <name>
   DC Blouse J-2752
  </name>
  <category>
   Blouse
  </category>
  <size>
   XXL
  </size>
  <color>
   Желтый
  </color>
  <material>
   Нейлон
  </material>
  <price>
   841782
  </price>
  <rating>
   2.92
  </rating>
  <reviews>
   686882
  </reviews>
  <new>
   -
  </new>
  <exclusive>
   no
  </exclusive>
 </clothing>
 <clothing>
  <id>
   710448587
  </id>
  <name>
   Lacoste Pants O-1780
  </name>
  <category>
   Pants
  </category>
  <size>
   M
  </size>
  <color>
   Желтый
  </color>
  <material>
   Шерсть
  </material>
  <price>
   259597
  </price>
  <rating>
   4.77
  </rating>
  <reviews>
   469435
  </reviews>
  <new>
   -
  </new>
 </clothing>
 <clothing>
  <id>
   774459679
  </id>
  <name>
   Vans Shoes V-2874
  </name>
  <category>
   Shoes
  </category>
  <size>
   M
  </size>
  <color>
   Красный
  </color>
  <material>
   Вискоза
  </material>
  <price>
   860051
  </price>
  <rating>
   2.33
  </rating>
  <reviews>
   337571
  </reviews>
  <exclusive>
   no
  </exclusive>
 </clothing>
 <clothing>
  <id>
   859115454
  </id>
  <name>
   Vans Handbags F-7898
  </name>
  <category>
   Handbags
  </category>
  <size>
   S
  </size>
  <color>
   Зеленый
  </color>
  <material>
   Вискоза
  </material>
  <price>
   534639
  </price>
  <rating>
   2.99
  </rating>
  <reviews>
   67929
  </reviews>
  <new>
   -
  </new>
  <exclusive>
   no
  </exclusive>
  <sporty>
   no
  </sporty>
 </clothing>
 <clothing>
  <id>
   604090143
  </id>
  <name>
   Adidas Jacket E-2629
  </name>
  <category>
   Jacket
  </category>
  <size>
   XL
  </size>
  <color>
   Зеленый
  </color>
  <material>
   Хлопок
  </material>
  <price>
   494550
  </price>
  <rating>
   4.77
  </rating>
  <reviews>
   803039
  </reviews>
  <new>
   -
  </new>
  <sporty>
   no
  </sporty>
 </clothing>
 <clothing>
  <id>
   242585328
  </id>
  <name>
   Adidas Hat Y-1633
  </name>
  <category>
   Hat
  </category>
  <size>
   S
  </size>
  <color>
   Оранжевый
  </color>
  <material>
   Хлопок
  </material>
  <price>
   958708
  </price>
  <rating>
   3.2
  </rating>
  <reviews>
   725995
  </reviews>
  <exclusive>
   yes
  </exclusive>
  <sporty>
   yes
  </sporty>
 </clothing>
 <clothing>
  <id>
   779219743
  </id>
  <name>
   Ellesse Hat B-7999
  </name>
  <category>
   Hat
  </category>
  <size>
   L
  </size>
  <color>
   Фиолетовый
  </color>
  <material>
   Шерсть
  </material>
  <price>
   270276
  </price>
  <rating>
   1.89
  </rating>
  <reviews>
   624417
  </reviews>
  <new>
   -
  </new>
  <exclusive>
   no
  </exclusive>
 </clothing>
 <clothing>
  <id>
   575550727
  </id>
  <name>
   Adidas Dress E-5951
  </name>
  <category>
   Dress
  </category>
  <size>
   XXL
  </size>
  <color>
   Оранжевый
  </color>
  <material>
   Вискоза
  </material>
  <price>
   151234
  </price>
  <rating>
   1.19
  </rating>
  <reviews>
   266215
  </reviews>
  <exclusive>
   no
  </exclusive>
 </clothing>
 <clothing>
  <id>
   405578606
  </id>
  <name>
   Converse Sweater G-4263
  </name>
  <category>
   Sweater
  </category>
  <size>
   L
  </size>
  <color>
   Красный
  </color>
  <material>
   Кожа
  </material>
  <price>
   924433
  </price>
  <rating>
   3.9
  </rating>
  <reviews>
   981985
  </reviews>
  <exclusive>
   no
  </exclusive>
 </clothing>
 <clothing>
  <id>
   504811901
  </id>
  <name>
   Under Armour Socks O-5010
  </name>
  <category>
   Socks
  </category>
  <size>
   XXL
  </size>
  <color>
   Оранжевый
  </color>
  <material>
   Шелк
  </material>
  <price>
   991559
  </price>
  <rating>
   2.46
  </rating>
  <reviews>
   8071
  </reviews>
  <new>
   -
  </new>
  <exclusive>
   no
  </exclusive>
 </clothing>
 <clothing>
  <id>
   409941923
  </id>
  <name>
   New Balance Sweater I-8992
  </name>
  <category>
   Sweater
  </category>
  <size>
   L
  </size>
  <color>
   Синий
  </color>
  <material>
   Шелк
  </material>
  <price>
   125260
  </price>
  <rating>
   2.51
  </rating>
  <reviews>
   73107
  </reviews>
  <new>
   +
  </new>
  <exclusive>
   yes
  </exclusive>
 </clothing>
 <clothing>
  <id>
   545249402
  </id>
  <name>
   Lacoste Skirt Q-7783
  </name>
  <category>
   Skirt
  </category>
  <size>
   XL
  </size>
  <color>
   Синий
  </color>
  <material>
   Кожа
  </material>
  <price>
   159604
  </price>
  <rating>
   4.74
  </rating>
  <reviews>
   623539
  </reviews>
 </clothing>
 <clothing>
  <id>
   405126870
  </id>
  <name>
   Addidas T-shirt R-7634
  </name>
  <category>
   T-shirt
  </category>
  <size>
   XXL
  </size>
  <color>
   Синий
  </color>
  <material>
   Лен
  </material>
  <price>
   146581
  </price>
  <rating>
   3.47
  </rating>
  <reviews>
   757911
  </reviews>
  <exclusive>
   yes
  </exclusive>
  <sporty>
   no
  </sporty>
 </clothing>
 <clothing>
  <id>
   664789008
  </id>
  <name>
   Lacoste Shoes S-1957
  </name>
  <category>
   Shoes
  </category>
  <size>
   S
  </size>
  <color>
   Зеленый
  </color>
  <material>
   Кожа
  </material>
  <price>
   372208
  </price>
  <rating>
   4.64
  </rating>
  <reviews>
   511171
  </reviews>
  <sporty>
   no
  </sporty>
 </clothing>
 <clothing>
  <id>
   239484797
  </id>
  <name>
   Puma Skirt I-1409
  </name>
  <category>
   Skirt
  </category>
  <size>
   L
  </size>
  <color>
   Фиолетовый
  </color>
  <material>
   Шелк
  </material>
  <price>
   749310
  </price>
  <rating>
   4.84
  </rating>
  <reviews>
   567217
  </reviews>
  <exclusive>
   no
  </exclusive>
  <sporty>
   no
  </sporty>
 </clothing>
 <clothing>
  <id>
   243528967
  </id>
  <name>
   DC Belts E-4266
  </name>
  <category>
   Belts
  </category>
  <size>
   S
  </size>
  <color>
   Желтый
  </color>
  <material>
   Лен
  </material>
  <price>
   652793
  </price>
  <rating>
   4.72
  </rating>
  <reviews>
   592531
  </reviews>
  <new>
   -
  </new>
  <sporty>
   no
  </sporty>
 </clothing>
 <clothing>
  <id>
   275770413
  </id>
  <name>
   Brooks Belts X-9166
  </name>
  <category>
   Belts
  </category>
  <size>
   S
  </size>
  <color>
   Желтый
  </color>
  <material>
   Шерсть
  </material>
  <price>
   987385
  </price>
  <rating>
   1.38
  </rating>
  <reviews>
   2888
  </reviews>
  <new>
   -
  </new>
  <exclusive>
   no
  </exclusive>
 </clothing>
</clothing-items>
