<?xml version="1.0" encoding="utf-8"?>
<clothing-items>
 <clothing>
  <id>
   139174394
  </id>
  <name>
   DC Sweater C-6354
  </name>
  <category>
   Sweater
  </category>
  <size>
   M
  </size>
  <color>
   Фиолетовый
  </color>
  <material>
   Хлопок
  </material>
  <price>
   707041
  </price>
  <rating>
   4.67
  </rating>
  <reviews>
   144278
  </reviews>
  <exclusive>
   no
  </exclusive>
  <sporty>
   no
  </sporty>
 </clothing>
 <clothing>
  <id>
   110052942
  </id>
  <name>
   Reebok Shoes J-2271
  </name>
  <category>
   Shoes
  </category>
  <size>
   XL
  </size>
  <color>
   Красный
  </color>
  <material>
   Полиэстер
  </material>
  <price>
   262755
  </price>
  <rating>
   3.0
  </rating>
  <reviews>
   960746
  </reviews>
  <new>
   -
  </new>
  <exclusive>
   yes
  </exclusive>
 </clothing>
 <clothing>
  <id>
   777980799
  </id>
  <name>
   DC Umbrellas J-4264
  </name>
  <category>
   Umbrellas
  </category>
  <size>
   M
  </size>
  <color>
   Синий
  </color>
  <material>
   Вискоза
  </material>
  <price>
   563713
  </price>
  <rating>
   2.03
  </rating>
  <reviews>
   16135
  </reviews>
  <exclusive>
   no
  </exclusive>
  <sporty>
   yes
  </sporty>
 </clothing>
 <clothing>
  <id>
   897312569
  </id>
  <name>
   Ellesse Shoes S-6610
  </name>
  <category>
   Shoes
  </category>
  <size>
   S
  </size>
  <color>
   Красный
  </color>
  <material>
   Шелк
  </material>
  <price>
   621482
  </price>
  <rating>
   3.66
  </rating>
  <reviews>
   809437
  </reviews>
  <exclusive>
   yes
  </exclusive>
 </clothing>
 <clothing>
  <id>
   678167548
  </id>
  <name>
   PleinSport Sweater W-1717
  </name>
  <category>
   Sweater
  </category>
  <size>
   XL
  </size>
  <color>
   Красный
  </color>
  <material>
   Шерсть
  </material>
  <price>
   181614
  </price>
  <rating>
   4.87
  </rating>
  <reviews>
   67438
  </reviews>
  <new>
   +
  </new>
  <exclusive>
   no
  </exclusive>
  <sporty>
   yes
  </sporty>
 </clothing>
 <clothing>
  <id>
   526065198
  </id>
  <name>
   Puma Jeans Y-3593
  </name>
  <category>
   Jeans
  </category>
  <size>
   XL
  </size>
  <color>
   Синий
  </color>
  <material>
   Вискоза
  </material>
  <price>
   449116
  </price>
  <rating>
   4.1
  </rating>
  <reviews>
   98734
  </reviews>
  <new>
   +
  </new>
 </clothing>
 <clothing>
  <id>
   244843486
  </id>
  <name>
   Puma Belts A-4654
  </name>
  <category>
   Belts
  </category>
  <size>
   M
  </size>
  <color>
   Оранжевый
  </color>
  <material>
   Нейлон
  </material>
  <price>
   286665
  </price>
  <rating>
   4.01
  </rating>
  <reviews>
   456543
  </reviews>
  <new>
   -
  </new>
  <sporty>
   yes
  </sporty>
 </clothing>
 <clothing>
  <id>
   432422552
  </id>
  <name>
   Nike Belts N-3654
  </name>
  <category>
   Belts
  </category>
  <size>
   M
  </size>
  <color>
   Красный
  </color>
  <material>
   Кожа
  </material>
  <price>
   577669
  </price>
  <rating>
   4.59
  </rating>
  <reviews>
   959675
  </reviews>
  <exclusive>
   no
  </exclusive>
 </clothing>
 <clothing>
  <id>
   456226357
  </id>
  <name>
   Nike Jacket Q-5091
  </name>
  <category>
   Jacket
  </category>
  <size>
   XXL
  </size>
  <color>
   Голубой
  </color>
  <material>
   Полиэстер
  </material>
  <price>
   532182
  </price>
  <rating>
   2.5
  </rating>
  <reviews>
   305498
  </reviews>
  <new>
   -
  </new>
  <exclusive>
   yes
  </exclusive>
 </clothing>
 <clothing>
  <id>
   906670512
  </id>
  <name>
   Ellesse Handbags M-4516
  </name>
  <category>
   Handbags
  </category>
  <size>
   XXL
  </size>
  <color>
   Желтый
  </color>
  <material>
   Лен
  </material>
  <price>
   735526
  </price>
  <rating>
   2.05
  </rating>
  <reviews>
   727650
  </reviews>
  <exclusive>
   yes
  </exclusive>
  <sporty>
   no
  </sporty>
 </clothing>
 <clothing>
  <id>
   563519397
  </id>
  <name>
   Vans Shirt H-8759
  </name>
  <category>
   Shirt
  </category>
  <size>
   XL
  </size>
  <color>
   Желтый
  </color>
  <material>
   Нейлон
  </material>
  <price>
   448621
  </price>
  <rating>
   3.37
  </rating>
  <reviews>
   293964
  </reviews>
  <sporty>
   no
  </sporty>
 </clothing>
 <clothing>
  <id>
   591040624
  </id>
  <name>
   Brooks Jacket B-7639
  </name>
  <category>
   Jacket
  </category>
  <size>
   L
  </size>
  <color>
   Желтый
  </color>
  <material>
   Вискоза
  </material>
  <price>
   107468
  </price>
  <rating>
   3.17
  </rating>
  <reviews>
   644200
  </reviews>
  <new>
   +
  </new>
 </clothing>
 <clothing>
  <id>
   812312047
  </id>
  <name>
   Nike Sweater R-6683
  </name>
  <category>
   Sweater
  </category>
  <size>
   L
  </size>
  <color>
   Синий
  </color>
  <material>
   Шелк
  </material>
  <price>
   446545
  </price>
  <rating>
   3.37
  </rating>
  <reviews>
   983243
  </reviews>
  <exclusive>
   no
  </exclusive>
  <sporty>
   yes
  </sporty>
 </clothing>
 <clothing>
  <id>
   129372027
  </id>
  <name>
   Asics Shirt J-6006
  </name>
  <category>
   Shirt
  </category>
  <size>
   XXL
  </size>
  <color>
   Желтый
  </color>
  <material>
   Полиэстер
  </material>
  <price>
   855822
  </price>
  <rating>
   1.91
  </rating>
  <reviews>
   421228
  </reviews>
  <sporty>
   yes
  </sporty>
 </clothing>
 <clothing>
  <id>
   915458187
  </id>
  <name>
   Vans Blouse Q-3021
  </name>
  <category>
   Blouse
  </category>
  <size>
   L
  </size>
  <color>
   Красный
  </color>
  <material>
   Полиэстер
  </material>
  <price>
   106473
  </price>
  <rating>
   4.56
  </rating>
  <reviews>
   646173
  </reviews>
  <new>
   -
  </new>
  <exclusive>
   no
  </exclusive>
  <sporty>
   no
  </sporty>
 </clothing>
 <clothing>
  <id>
   523861967
  </id>
  <name>
   Lacoste Skirt I-7743
  </name>
  <category>
   Skirt
  </category>
  <size>
   L
  </size>
  <color>
   Желтый
  </color>
  <material>
   Хлопок
  </material>
  <price>
   995580
  </price>
  <rating>
   4.58
  </rating>
  <reviews>
   343201
  </reviews>
  <new>
   +
  </new>
 </clothing>
 <clothing>
  <id>
   879135856
  </id>
  <name>
   Ellesse Skirt B-1421
  </name>
  <category>
   Skirt
  </category>
  <size>
   XL
  </size>
  <color>
   Синий
  </color>
  <material>
   Нейлон
  </material>
  <price>
   546549
  </price>
  <rating>
   2.28
  </rating>
  <reviews>
   800727
  </reviews>
  <exclusive>
   yes
  </exclusive>
 </clothing>
 <clothing>
  <id>
   355466670
  </id>
  <name>
   Puma Umbrellas U-4890
  </name>
  <category>
   Umbrellas
  </category>
  <size>
   M
  </size>
  <color>
   Желтый
  </color>
  <material>
   Кожа
  </material>
  <price>
   460685
  </price>
  <rating>
   2.08
  </rating>
  <reviews>
   845912
  </reviews>
  <new>
   +
  </new>
 </clothing>
 <clothing>
  <id>
   991433966
  </id>
  <name>
   PleinSport Gloves K-1767
  </name>
  <category>
   Gloves
  </category>
  <size>
   L
  </size>
  <color>
   Красный
  </color>
  <material>
   Полиэстер
  </material>
  <price>
   217356
  </price>
  <rating>
   3.34
  </rating>
  <reviews>
   707350
  </reviews>
  <exclusive>
   no
  </exclusive>
  <sporty>
   no
  </sporty>
 </clothing>
 <clothing>
  <id>
   777307108
  </id>
  <name>
   PleinSport Shoes U-2359
  </name>
  <category>
   Shoes
  </category>
  <size>
   S
  </size>
  <color>
   Красный
  </color>
  <material>
   Хлопок
  </material>
  <price>
   313827
  </price>
  <rating>
   1.59
  </rating>
  <reviews>
   542065
  </reviews>
  <exclusive>
   no
  </exclusive>
  <sporty>
   no
  </sporty>
 </clothing>
 <clothing>
  <id>
   215558680
  </id>
  <name>
   Asics Belts R-1921
  </name>
  <category>
   Belts
  </category>
  <size>
   XXL
  </size>
  <color>
   Оранжевый
  </color>
  <material>
   Вискоза
  </material>
  <price>
   446054
  </price>
  <rating>
   4.88
  </rating>
  <reviews>
   522598
  </reviews>
  <new>
   -
  </new>
 </clothing>
 <clothing>
  <id>
   998389957
  </id>
  <name>
   Reebok Shoes N-8342
  </name>
  <category>
   Shoes
  </category>
  <size>
   XL
  </size>
  <color>
   Голубой
  </color>
  <material>
   Хлопок
  </material>
  <price>
   580064
  </price>
  <rating>
   3.26
  </rating>
  <reviews>
   182805
  </reviews>
  <new>
   +
  </new>
  <exclusive>
   no
  </exclusive>
 </clothing>
 <clothing>
  <id>
   682024602
  </id>
  <name>
   Puma Sweater O-9200
  </name>
  <category>
   Sweater
  </category>
  <size>
   XXL
  </size>
  <color>
   Зеленый
  </color>
  <material>
   Лен
  </material>
  <price>
   901073
  </price>
  <rating>
   4.55
  </rating>
  <reviews>
   177160
  </reviews>
  <new>
   +
  </new>
  <exclusive>
   yes
  </exclusive>
  <sporty>
   yes
  </sporty>
 </clothing>
 <clothing>
  <id>
   735925070
  </id>
  <name>
   Brooks Hat A-6424
  </name>
  <category>
   Hat
  </category>
  <size>
   XL
  </size>
  <color>
   Оранжевый
  </color>
  <material>
   Вискоза
  </material>
  <price>
   803983
  </price>
  <rating>
   1.21
  </rating>
  <reviews>
   376543
  </reviews>
  <exclusive>
   no
  </exclusive>
  <sporty>
   no
  </sporty>
 </clothing>
 <clothing>
  <id>
   487932430
  </id>
  <name>
   Adidas Handbags Q-9289
  </name>
  <category>
   Handbags
  </category>
  <size>
   XXL
  </size>
  <color>
   Фиолетовый
  </color>
  <material>
   Полиэстер
  </material>
  <price>
   352006
  </price>
  <rating>
   2.66
  </rating>
  <reviews>
   591647
  </reviews>
  <new>
   -
  </new>
  <sporty>
   no
  </sporty>
 </clothing>
 <clothing>
  <id>
   950168277
  </id>
  <name>
   Lacoste Skirt P-7376
  </name>
  <category>
   Skirt
  </category>
  <size>
   XL
  </size>
  <color>
   Оранжевый
  </color>
  <material>
   Хлопок
  </material>
  <price>
   469526
  </price>
  <rating>
   3.54
  </rating>
  <reviews>
   520758
  </reviews>
  <new>
   -
  </new>
  <sporty>
   yes
  </sporty>
 </clothing>
 <clothing>
  <id>
   809381541
  </id>
  <name>
   Puma Dress E-1223
  </name>
  <category>
   Dress
  </category>
  <size>
   S
  </size>
  <color>
   Красный
  </color>
  <material>
   Вискоза
  </material>
  <price>
   914731
  </price>
  <rating>
   1.62
  </rating>
  <reviews>
   869124
  </reviews>
  <new>
   -
  </new>
  <exclusive>
   yes
  </exclusive>
  <sporty>
   yes
  </sporty>
 </clothing>
 <clothing>
  <id>
   902611531
  </id>
  <name>
   Vans Handbags X-6429
  </name>
  <category>
   Handbags
  </category>
  <size>
   XXL
  </size>
  <color>
   Фиолетовый
  </color>
  <material>
   Вискоза
  </material>
  <price>
   166086
  </price>
  <rating>
   4.02
  </rating>
  <reviews>
   756531
  </reviews>
  <new>
   -
  </new>
  <exclusive>
   no
  </exclusive>
 </clothing>
 <clothing>
  <id>
   266817744
  </id>
  <name>
   Lacoste Skirt A-1667
  </name>
  <category>
   Skirt
  </category>
  <size>
   S
  </size>
  <color>
   Фиолетовый
  </color>
  <material>
   Вискоза
  </material>
  <price>
   607612
  </price>
  <rating>
   4.41
  </rating>
  <reviews>
   246711
  </reviews>
  <exclusive>
   yes
  </exclusive>
 </clothing>
 <clothing>
  <id>
   144455444
  </id>
  <name>
   PleinSport Skirt V-8991
  </name>
  <category>
   Skirt
  </category>
  <size>
   M
  </size>
  <color>
   Синий
  </color>
  <material>
   Шелк
  </material>
  <price>
   311410
  </price>
  <rating>
   2.34
  </rating>
  <reviews>
   668634
  </reviews>
  <new>
   +
  </new>
  <sporty>
   no
  </sporty>
 </clothing>
 <clothing>
  <id>
   455299939
  </id>
  <name>
   Puma Handbags Y-2521
  </name>
  <category>
   Handbags
  </category>
  <size>
   L
  </size>
  <color>
   Голубой
  </color>
  <material>
   Полиэстер
  </material>
  <price>
   702851
  </price>
  <rating>
   2.56
  </rating>
  <reviews>
   379728
  </reviews>
  <exclusive>
   yes
  </exclusive>
  <sporty>
   yes
  </sporty>
 </clothing>
 <clothing>
  <id>
   730803166
  </id>
  <name>
   Vans Sweater R-6954
  </name>
  <category>
   Sweater
  </category>
  <size>
   XXL
  </size>
  <color>
   Голубой
  </color>
  <material>
   Хлопок
  </material>
  <price>
   661341
  </price>
  <rating>
   3.28
  </rating>
  <reviews>
   2757
  </reviews>
  <new>
   +
  </new>
  <exclusive>
   yes
  </exclusive>
  <sporty>
   no
  </sporty>
 </clothing>
</clothing-items>
