<?xml version="1.0" encoding="utf-8"?>
<clothing-items>
 <clothing>
  <id>
   713500332
  </id>
  <name>
   Adidas Blouse L-1097
  </name>
  <category>
   Blouse
  </category>
  <size>
   XL
  </size>
  <color>
   Желтый
  </color>
  <material>
   Вискоза
  </material>
  <price>
   175049
  </price>
  <rating>
   2.34
  </rating>
  <reviews>
   858311
  </reviews>
  <new>
   +
  </new>
  <exclusive>
   no
  </exclusive>
 </clothing>
 <clothing>
  <id>
   438431321
  </id>
  <name>
   Vans Shirt J-9920
  </name>
  <category>
   Shirt
  </category>
  <size>
   L
  </size>
  <color>
   Красный
  </color>
  <material>
   Хлопок
  </material>
  <price>
   890859
  </price>
  <rating>
   2.26
  </rating>
  <reviews>
   748916
  </reviews>
  <new>
   +
  </new>
  <exclusive>
   yes
  </exclusive>
  <sporty>
   yes
  </sporty>
 </clothing>
 <clothing>
  <id>
   328124466
  </id>
  <name>
   Converse Skirt B-4950
  </name>
  <category>
   Skirt
  </category>
  <size>
   S
  </size>
  <color>
   Голубой
  </color>
  <material>
   Шелк
  </material>
  <price>
   558770
  </price>
  <rating>
   3.9
  </rating>
  <reviews>
   969277
  </reviews>
  <new>
   -
  </new>
  <exclusive>
   yes
  </exclusive>
  <sporty>
   yes
  </sporty>
 </clothing>
 <clothing>
  <id>
   426765595
  </id>
  <name>
   Reebok Jeans P-7725
  </name>
  <category>
   Jeans
  </category>
  <size>
   S
  </size>
  <color>
   Голубой
  </color>
  <material>
   Шерсть
  </material>
  <price>
   374235
  </price>
  <rating>
   4.58
  </rating>
  <reviews>
   433217
  </reviews>
  <exclusive>
   no
  </exclusive>
  <sporty>
   yes
  </sporty>
 </clothing>
 <clothing>
  <id>
   119189847
  </id>
  <name>
   Converse Gloves Y-9432
  </name>
  <category>
   Gloves
  </category>
  <size>
   L
  </size>
  <color>
   Красный
  </color>
  <material>
   Вискоза
  </material>
  <price>
   542648
  </price>
  <rating>
   4.22
  </rating>
  <reviews>
   560987
  </reviews>
  <exclusive>
   no
  </exclusive>
  <sporty>
   no
  </sporty>
 </clothing>
 <clothing>
  <id>
   541712622
  </id>
  <name>
   Fila Pants R-9055
  </name>
  <category>
   Pants
  </category>
  <size>
   S
  </size>
  <color>
   Желтый
  </color>
  <material>
   Вискоза
  </material>
  <price>
   329382
  </price>
  <rating>
   2.07
  </rating>
  <reviews>
   270065
  </reviews>
  <new>
   -
  </new>
  <exclusive>
   yes
  </exclusive>
 </clothing>
 <clothing>
  <id>
   951519008
  </id>
  <name>
   Asics Jeans M-5181
  </name>
  <category>
   Jeans
  </category>
  <size>
   L
  </size>
  <color>
   Зеленый
  </color>
  <material>
   Вискоза
  </material>
  <price>
   365344
  </price>
  <rating>
   1.16
  </rating>
  <reviews>
   496046
  </reviews>
 </clothing>
 <clothing>
  <id>
   206940588
  </id>
  <name>
   Fila Sweater Q-3621
  </name>
  <category>
   Sweater
  </category>
  <size>
   S
  </size>
  <color>
   Голубой
  </color>
  <material>
   Хлопок
  </material>
  <price>
   476384
  </price>
  <rating>
   1.27
  </rating>
  <reviews>
   870448
  </reviews>
  <new>
   -
  </new>
  <exclusive>
   no
  </exclusive>
  <sporty>
   no
  </sporty>
 </clothing>
 <clothing>
  <id>
   960649799
  </id>
  <name>
   Converse Handbags Q-2550
  </name>
  <category>
   Handbags
  </category>
  <size>
   S
  </size>
  <color>
   Синий
  </color>
  <material>
   Полиэстер
  </material>
  <price>
   291697
  </price>
  <rating>
   2.77
  </rating>
  <reviews>
   643303
  </reviews>
  <exclusive>
   no
  </exclusive>
  <sporty>
   no
  </sporty>
 </clothing>
 <clothing>
  <id>
   152425552
  </id>
  <name>
   Puma Jeans W-2221
  </name>
  <category>
   Jeans
  </category>
  <size>
   XL
  </size>
  <color>
   Фиолетовый
  </color>
  <material>
   Хлопок
  </material>
  <price>
   398640
  </price>
  <rating>
   4.1
  </rating>
  <reviews>
   553209
  </reviews>
  <exclusive>
   yes
  </exclusive>
 </clothing>
 <clothing>
  <id>
   393358357
  </id>
  <name>
   Vans Shoes Z-9125
  </name>
  <category>
   Shoes
  </category>
  <size>
   S
  </size>
  <color>
   Зеленый
  </color>
  <material>
   Шелк
  </material>
  <price>
   462151
  </price>
  <rating>
   2.15
  </rating>
  <reviews>
   762306
  </reviews>
  <new>
   +
  </new>
  <exclusive>
   no
  </exclusive>
 </clothing>
 <clothing>
  <id>
   389942797
  </id>
  <name>
   Ellesse Jeans Y-4871
  </name>
  <category>
   Jeans
  </category>
  <size>
   XL
  </size>
  <color>
   Зеленый
  </color>
  <material>
   Лен
  </material>
  <price>
   690466
  </price>
  <rating>
   3.98
  </rating>
  <reviews>
   98212
  </reviews>
  <new>
   -
  </new>
  <exclusive>
   yes
  </exclusive>
  <sporty>
   no
  </sporty>
 </clothing>
 <clothing>
  <id>
   843409900
  </id>
  <name>
   Vans Blouse L-8467
  </name>
  <category>
   Blouse
  </category>
  <size>
   L
  </size>
  <color>
   Красный
  </color>
  <material>
   Шерсть
  </material>
  <price>
   931942
  </price>
  <rating>
   3.0
  </rating>
  <reviews>
   813768
  </reviews>
 </clothing>
 <clothing>
  <id>
   798588532
  </id>
  <name>
   DC Handbags C-4462
  </name>
  <category>
   Handbags
  </category>
  <size>
   L
  </size>
  <color>
   Синий
  </color>
  <material>
   Вискоза
  </material>
  <price>
   651053
  </price>
  <rating>
   3.8
  </rating>
  <reviews>
   581748
  </reviews>
  <new>
   +
  </new>
  <sporty>
   no
  </sporty>
 </clothing>
</clothing-items>
