<?xml version="1.0" encoding="utf-8"?>
<clothing-items>
 <clothing>
  <id>
   885814889
  </id>
  <name>
   New Balance Pants E-4774
  </name>
  <category>
   Pants
  </category>
  <size>
   S
  </size>
  <color>
   Оранжевый
  </color>
  <material>
   Кожа
  </material>
  <price>
   461206
  </price>
  <rating>
   4.95
  </rating>
  <reviews>
   206173
  </reviews>
  <new>
   +
  </new>
 </clothing>
 <clothing>
  <id>
   744469138
  </id>
  <name>
   PleinSport Shirt L-7669
  </name>
  <category>
   Shirt
  </category>
  <size>
   S
  </size>
  <color>
   Голубой
  </color>
  <material>
   Полиэстер
  </material>
  <price>
   681303
  </price>
  <rating>
   3.11
  </rating>
  <reviews>
   600530
  </reviews>
  <sporty>
   no
  </sporty>
 </clothing>
 <clothing>
  <id>
   762818337
  </id>
  <name>
   Fila Skirt E-5473
  </name>
  <category>
   Skirt
  </category>
  <size>
   S
  </size>
  <color>
   Голубой
  </color>
  <material>
   Шелк
  </material>
  <price>
   912476
  </price>
  <rating>
   2.55
  </rating>
  <reviews>
   329326
  </reviews>
  <sporty>
   no
  </sporty>
 </clothing>
 <clothing>
  <id>
   503307018
  </id>
  <name>
   Addidas Shoes Q-4630
  </name>
  <category>
   Shoes
  </category>
  <size>
   XL
  </size>
  <color>
   Голубой
  </color>
  <material>
   Хлопок
  </material>
  <price>
   518428
  </price>
  <rating>
   3.74
  </rating>
  <reviews>
   229614
  </reviews>
  <new>
   +
  </new>
  <exclusive>
   yes
  </exclusive>
 </clothing>
 <clothing>
  <id>
   580880554
  </id>
  <name>
   New Balance Socks U-5274
  </name>
  <category>
   Socks
  </category>
  <size>
   M
  </size>
  <color>
   Голубой
  </color>
  <material>
   Шелк
  </material>
  <price>
   625917
  </price>
  <rating>
   2.48
  </rating>
  <reviews>
   622452
  </reviews>
  <sporty>
   no
  </sporty>
 </clothing>
 <clothing>
  <id>
   566811813
  </id>
  <name>
   Nike Umbrellas D-6764
  </name>
  <category>
   Umbrellas
  </category>
  <size>
   M
  </size>
  <color>
   Зеленый
  </color>
  <material>
   Шерсть
  </material>
  <price>
   991662
  </price>
  <rating>
   4.3
  </rating>
  <reviews>
   655183
  </reviews>
  <new>
   -
  </new>
  <exclusive>
   no
  </exclusive>
 </clothing>
 <clothing>
  <id>
   766821114
  </id>
  <name>
   Asics Belts H-9383
  </name>
  <category>
   Belts
  </category>
  <size>
   XXL
  </size>
  <color>
   Зеленый
  </color>
  <material>
   Нейлон
  </material>
  <price>
   777602
  </price>
  <rating>
   4.76
  </rating>
  <reviews>
   104504
  </reviews>
  <new>
   -
  </new>
  <exclusive>
   yes
  </exclusive>
  <sporty>
   no
  </sporty>
 </clothing>
 <clothing>
  <id>
   705601607
  </id>
  <name>
   Vans Hat A-5419
  </name>
  <category>
   Hat
  </category>
  <size>
   M
  </size>
  <color>
   Красный
  </color>
  <material>
   Шерсть
  </material>
  <price>
   490660
  </price>
  <rating>
   4.35
  </rating>
  <reviews>
   232165
  </reviews>
  <new>
   -
  </new>
  <exclusive>
   yes
  </exclusive>
 </clothing>
 <clothing>
  <id>
   153082702
  </id>
  <name>
   Lacoste Sweater G-7957
  </name>
  <category>
   Sweater
  </category>
  <size>
   L
  </size>
  <color>
   Оранжевый
  </color>
  <material>
   Вискоза
  </material>
  <price>
   657413
  </price>
  <rating>
   1.92
  </rating>
  <reviews>
   46794
  </reviews>
  <sporty>
   no
  </sporty>
 </clothing>
 <clothing>
  <id>
   865351919
  </id>
  <name>
   Asics Pants E-9296
  </name>
  <category>
   Pants
  </category>
  <size>
   XL
  </size>
  <color>
   Желтый
  </color>
  <material>
   Вискоза
  </material>
  <price>
   533640
  </price>
  <rating>
   1.52
  </rating>
  <reviews>
   295226
  </reviews>
  <new>
   -
  </new>
  <exclusive>
   yes
  </exclusive>
  <sporty>
   yes
  </sporty>
 </clothing>
 <clothing>
  <id>
   958792109
  </id>
  <name>
   PleinSport Umbrellas Q-4290
  </name>
  <category>
   Umbrellas
  </category>
  <size>
   S
  </size>
  <color>
   Желтый
  </color>
  <material>
   Вискоза
  </material>
  <price>
   703402
  </price>
  <rating>
   2.26
  </rating>
  <reviews>
   482522
  </reviews>
  <new>
   +
  </new>
  <exclusive>
   no
  </exclusive>
 </clothing>
 <clothing>
  <id>
   449281417
  </id>
  <name>
   Brooks Shirt K-9597
  </name>
  <category>
   Shirt
  </category>
  <size>
   M
  </size>
  <color>
   Синий
  </color>
  <material>
   Лен
  </material>
  <price>
   756532
  </price>
  <rating>
   3.16
  </rating>
  <reviews>
   291632
  </reviews>
  <exclusive>
   yes
  </exclusive>
 </clothing>
 <clothing>
  <id>
   222452080
  </id>
  <name>
   PleinSport Sweater S-7046
  </name>
  <category>
   Sweater
  </category>
  <size>
   S
  </size>
  <color>
   Зеленый
  </color>
  <material>
   Полиэстер
  </material>
  <price>
   246876
  </price>
  <rating>
   1.28
  </rating>
  <reviews>
   560644
  </reviews>
  <new>
   -
  </new>
  <sporty>
   no
  </sporty>
 </clothing>
 <clothing>
  <id>
   705228300
  </id>
  <name>
   Puma Shoes C-9720
  </name>
  <category>
   Shoes
  </category>
  <size>
   L
  </size>
  <color>
   Красный
  </color>
  <material>
   Кожа
  </material>
  <price>
   284403
  </price>
  <rating>
   1.22
  </rating>
  <reviews>
   280193
  </reviews>
  <new>
   -
  </new>
  <exclusive>
   yes
  </exclusive>
  <sporty>
   no
  </sporty>
 </clothing>
 <clothing>
  <id>
   822112969
  </id>
  <name>
   Vans Skirt S-8725
  </name>
  <category>
   Skirt
  </category>
  <size>
   S
  </size>
  <color>
   Фиолетовый
  </color>
  <material>
   Вискоза
  </material>
  <price>
   896921
  </price>
  <rating>
   2.99
  </rating>
  <reviews>
   749189
  </reviews>
  <new>
   -
  </new>
  <exclusive>
   no
  </exclusive>
 </clothing>
 <clothing>
  <id>
   159192735
  </id>
  <name>
   DC Jacket L-2970
  </name>
  <category>
   Jacket
  </category>
  <size>
   M
  </size>
  <color>
   Оранжевый
  </color>
  <material>
   Полиэстер
  </material>
  <price>
   101434
  </price>
  <rating>
   2.35
  </rating>
  <reviews>
   895034
  </reviews>
  <new>
   -
  </new>
  <exclusive>
   no
  </exclusive>
 </clothing>
 <clothing>
  <id>
   652021478
  </id>
  <name>
   Converse Blouse U-6926
  </name>
  <category>
   Blouse
  </category>
  <size>
   L
  </size>
  <color>
   Голубой
  </color>
  <material>
   Лен
  </material>
  <price>
   978592
  </price>
  <rating>
   3.66
  </rating>
  <reviews>
   662548
  </reviews>
  <new>
   -
  </new>
  <sporty>
   no
  </sporty>
 </clothing>
 <clothing>
  <id>
   614937982
  </id>
  <name>
   New Balance Jacket H-2310
  </name>
  <category>
   Jacket
  </category>
  <size>
   M
  </size>
  <color>
   Голубой
  </color>
  <material>
   Нейлон
  </material>
  <price>
   829252
  </price>
  <rating>
   1.21
  </rating>
  <reviews>
   760110
  </reviews>
  <new>
   -
  </new>
  <exclusive>
   yes
  </exclusive>
  <sporty>
   yes
  </sporty>
 </clothing>
 <clothing>
  <id>
   275099966
  </id>
  <name>
   Converse T-shirt B-7932
  </name>
  <category>
   T-shirt
  </category>
  <size>
   M
  </size>
  <color>
   Желтый
  </color>
  <material>
   Хлопок
  </material>
  <price>
   747585
  </price>
  <rating>
   1.1
  </rating>
  <reviews>
   616907
  </reviews>
  <new>
   +
  </new>
  <exclusive>
   yes
  </exclusive>
 </clothing>
 <clothing>
  <id>
   876623657
  </id>
  <name>
   Adidas Gloves E-6525
  </name>
  <category>
   Gloves
  </category>
  <size>
   L
  </size>
  <color>
   Синий
  </color>
  <material>
   Хлопок
  </material>
  <price>
   194460
  </price>
  <rating>
   3.81
  </rating>
  <reviews>
   621905
  </reviews>
  <new>
   -
  </new>
  <exclusive>
   yes
  </exclusive>
 </clothing>
 <clothing>
  <id>
   552301604
  </id>
  <name>
   Brooks Socks M-2530
  </name>
  <category>
   Socks
  </category>
  <size>
   L
  </size>
  <color>
   Зеленый
  </color>
  <material>
   Вискоза
  </material>
  <price>
   706886
  </price>
  <rating>
   3.99
  </rating>
  <reviews>
   25350
  </reviews>
 </clothing>
 <clothing>
  <id>
   724999719
  </id>
  <name>
   Ellesse Sweater I-4213
  </name>
  <category>
   Sweater
  </category>
  <size>
   XXL
  </size>
  <color>
   Оранжевый
  </color>
  <material>
   Нейлон
  </material>
  <price>
   377930
  </price>
  <rating>
   4.14
  </rating>
  <reviews>
   28502
  </reviews>
 </clothing>
 <clothing>
  <id>
   307332895
  </id>
  <name>
   Vans Dress U-8313
  </name>
  <category>
   Dress
  </category>
  <size>
   M
  </size>
  <color>
   Красный
  </color>
  <material>
   Шелк
  </material>
  <price>
   970407
  </price>
  <rating>
   2.69
  </rating>
  <reviews>
   669422
  </reviews>
  <new>
   +
  </new>
  <sporty>
   no
  </sporty>
 </clothing>
 <clothing>
  <id>
   270062234
  </id>
  <name>
   Under Armour Shoes M-6866
  </name>
  <category>
   Shoes
  </category>
  <size>
   XXL
  </size>
  <color>
   Голубой
  </color>
  <material>
   Хлопок
  </material>
  <price>
   719961
  </price>
  <rating>
   2.5
  </rating>
  <reviews>
   668084
  </reviews>
 </clothing>
 <clothing>
  <id>
   708636835
  </id>
  <name>
   Puma Gloves P-6910
  </name>
  <category>
   Gloves
  </category>
  <size>
   M
  </size>
  <color>
   Зеленый
  </color>
  <material>
   Хлопок
  </material>
  <price>
   539867
  </price>
  <rating>
   1.81
  </rating>
  <reviews>
   944687
  </reviews>
  <exclusive>
   no
  </exclusive>
 </clothing>
 <clothing>
  <id>
   356240766
  </id>
  <name>
   Ellesse Sweater B-2566
  </name>
  <category>
   Sweater
  </category>
  <size>
   XXL
  </size>
  <color>
   Красный
  </color>
  <material>
   Полиэстер
  </material>
  <price>
   859340
  </price>
  <rating>
   4.21
  </rating>
  <reviews>
   481981
  </reviews>
  <new>
   +
  </new>
  <exclusive>
   yes
  </exclusive>
 </clothing>
 <clothing>
  <id>
   691124062
  </id>
  <name>
   PleinSport Socks X-9229
  </name>
  <category>
   Socks
  </category>
  <size>
   M
  </size>
  <color>
   Желтый
  </color>
  <material>
   Нейлон
  </material>
  <price>
   512017
  </price>
  <rating>
   2.37
  </rating>
  <reviews>
   867207
  </reviews>
  <new>
   -
  </new>
  <exclusive>
   no
  </exclusive>
  <sporty>
   no
  </sporty>
 </clothing>
 <clothing>
  <id>
   706328005
  </id>
  <name>
   New Balance Handbags C-5967
  </name>
  <category>
   Handbags
  </category>
  <size>
   XL
  </size>
  <color>
   Желтый
  </color>
  <material>
   Полиэстер
  </material>
  <price>
   216855
  </price>
  <rating>
   4.26
  </rating>
  <reviews>
   340331
  </reviews>
  <new>
   +
  </new>
  <exclusive>
   yes
  </exclusive>
 </clothing>
 <clothing>
  <id>
   857540261
  </id>
  <name>
   PleinSport Jacket W-4234
  </name>
  <category>
   Jacket
  </category>
  <size>
   S
  </size>
  <color>
   Голубой
  </color>
  <material>
   Лен
  </material>
  <price>
   867979
  </price>
  <rating>
   1.61
  </rating>
  <reviews>
   644338
  </reviews>
  <exclusive>
   no
  </exclusive>
  <sporty>
   yes
  </sporty>
 </clothing>
 <clothing>
  <id>
   612528441
  </id>
  <name>
   Under Armour Gloves T-9529
  </name>
  <category>
   Gloves
  </category>
  <size>
   M
  </size>
  <color>
   Желтый
  </color>
  <material>
   Хлопок
  </material>
  <price>
   525884
  </price>
  <rating>
   3.39
  </rating>
  <reviews>
   595451
  </reviews>
  <new>
   -
  </new>
  <sporty>
   yes
  </sporty>
 </clothing>
 <clothing>
  <id>
   921266160
  </id>
  <name>
   Brooks Jacket T-8052
  </name>
  <category>
   Jacket
  </category>
  <size>
   L
  </size>
  <color>
   Зеленый
  </color>
  <material>
   Полиэстер
  </material>
  <price>
   224272
  </price>
  <rating>
   2.39
  </rating>
  <reviews>
   118115
  </reviews>
  <new>
   -
  </new>
  <sporty>
   yes
  </sporty>
 </clothing>
 <clothing>
  <id>
   789343615
  </id>
  <name>
   Nike Dress E-8265
  </name>
  <category>
   Dress
  </category>
  <size>
   L
  </size>
  <color>
   Фиолетовый
  </color>
  <material>
   Нейлон
  </material>
  <price>
   710711
  </price>
  <rating>
   3.27
  </rating>
  <reviews>
   215054
  </reviews>
  <new>
   -
  </new>
  <sporty>
   no
  </sporty>
 </clothing>
 <clothing>
  <id>
   341227600
  </id>
  <name>
   Nike Socks M-7013
  </name>
  <category>
   Socks
  </category>
  <size>
   M
  </size>
  <color>
   Оранжевый
  </color>
  <material>
   Шерсть
  </material>
  <price>
   118868
  </price>
  <rating>
   2.42
  </rating>
  <reviews>
   659492
  </reviews>
  <exclusive>
   no
  </exclusive>
  <sporty>
   no
  </sporty>
 </clothing>
 <clothing>
  <id>
   522927098
  </id>
  <name>
   Adidas Shoes J-6320
  </name>
  <category>
   Shoes
  </category>
  <size>
   L
  </size>
  <color>
   Фиолетовый
  </color>
  <material>
   Хлопок
  </material>
  <price>
   505362
  </price>
  <rating>
   3.53
  </rating>
  <reviews>
   755456
  </reviews>
 </clothing>
 <clothing>
  <id>
   262860240
  </id>
  <name>
   Adidas Handbags G-3905
  </name>
  <category>
   Handbags
  </category>
  <size>
   XL
  </size>
  <color>
   Фиолетовый
  </color>
  <material>
   Шерсть
  </material>
  <price>
   575147
  </price>
  <rating>
   3.18
  </rating>
  <reviews>
   182454
  </reviews>
  <new>
   -
  </new>
  <exclusive>
   no
  </exclusive>
  <sporty>
   yes
  </sporty>
 </clothing>
 <clothing>
  <id>
   197240216
  </id>
  <name>
   Asics Hat N-5319
  </name>
  <category>
   Hat
  </category>
  <size>
   M
  </size>
  <color>
   Желтый
  </color>
  <material>
   Лен
  </material>
  <price>
   587450
  </price>
  <rating>
   4.04
  </rating>
  <reviews>
   606041
  </reviews>
  <exclusive>
   yes
  </exclusive>
  <sporty>
   no
  </sporty>
 </clothing>
 <clothing>
  <id>
   760012032
  </id>
  <name>
   Adidas T-shirt S-5314
  </name>
  <category>
   T-shirt
  </category>
  <size>
   L
  </size>
  <color>
   Фиолетовый
  </color>
  <material>
   Хлопок
  </material>
  <price>
   944175
  </price>
  <rating>
   3.83
  </rating>
  <reviews>
   623869
  </reviews>
  <sporty>
   no
  </sporty>
 </clothing>
 <clothing>
  <id>
   600950685
  </id>
  <name>
   Lacoste Socks G-8079
  </name>
  <category>
   Socks
  </category>
  <size>
   XL
  </size>
  <color>
   Зеленый
  </color>
  <material>
   Лен
  </material>
  <price>
   675096
  </price>
  <rating>
   1.98
  </rating>
  <reviews>
   930687
  </reviews>
  <new>
   -
  </new>
  <sporty>
   yes
  </sporty>
 </clothing>
 <clothing>
  <id>
   714556817
  </id>
  <name>
   Adidas Hat A-4885
  </name>
  <category>
   Hat
  </category>
  <size>
   S
  </size>
  <color>
   Оранжевый
  </color>
  <material>
   Кожа
  </material>
  <price>
   346997
  </price>
  <rating>
   2.07
  </rating>
  <reviews>
   675257
  </reviews>
  <exclusive>
   yes
  </exclusive>
 </clothing>
 <clothing>
  <id>
   279279008
  </id>
  <name>
   Fila Dress O-5232
  </name>
  <category>
   Dress
  </category>
  <size>
   XXL
  </size>
  <color>
   Синий
  </color>
  <material>
   Нейлон
  </material>
  <price>
   732898
  </price>
  <rating>
   2.08
  </rating>
  <reviews>
   701751
  </reviews>
  <exclusive>
   yes
  </exclusive>
 </clothing>
 <clothing>
  <id>
   124572063
  </id>
  <name>
   Puma Socks X-3397
  </name>
  <category>
   Socks
  </category>
  <size>
   XL
  </size>
  <color>
   Зеленый
  </color>
  <material>
   Вискоза
  </material>
  <price>
   759108
  </price>
  <rating>
   4.9
  </rating>
  <reviews>
   64965
  </reviews>
  <new>
   -
  </new>
  <exclusive>
   yes
  </exclusive>
  <sporty>
   no
  </sporty>
 </clothing>
 <clothing>
  <id>
   495231355
  </id>
  <name>
   Puma T-shirt S-2777
  </name>
  <category>
   T-shirt
  </category>
  <size>
   L
  </size>
  <color>
   Голубой
  </color>
  <material>
   Нейлон
  </material>
  <price>
   773305
  </price>
  <rating>
   3.03
  </rating>
  <reviews>
   743702
  </reviews>
  <exclusive>
   no
  </exclusive>
  <sporty>
   no
  </sporty>
 </clothing>
 <clothing>
  <id>
   816701931
  </id>
  <name>
   Lacoste Socks E-2252
  </name>
  <category>
   Socks
  </category>
  <size>
   S
  </size>
  <color>
   Фиолетовый
  </color>
  <material>
   Нейлон
  </material>
  <price>
   270418
  </price>
  <rating>
   3.94
  </rating>
  <reviews>
   651869
  </reviews>
  <new>
   -
  </new>
 </clothing>
 <clothing>
  <id>
   338407413
  </id>
  <name>
   Lacoste T-shirt W-7299
  </name>
  <category>
   T-shirt
  </category>
  <size>
   XL
  </size>
  <color>
   Зеленый
  </color>
  <material>
   Полиэстер
  </material>
  <price>
   246031
  </price>
  <rating>
   3.1
  </rating>
  <reviews>
   80885
  </reviews>
  <new>
   -
  </new>
  <exclusive>
   yes
  </exclusive>
 </clothing>
 <clothing>
  <id>
   264640907
  </id>
  <name>
   Converse Hat E-8423
  </name>
  <category>
   Hat
  </category>
  <size>
   M
  </size>
  <color>
   Зеленый
  </color>
  <material>
   Вискоза
  </material>
  <price>
   662529
  </price>
  <rating>
   2.75
  </rating>
  <reviews>
   987418
  </reviews>
  <new>
   -
  </new>
  <sporty>
   yes
  </sporty>
 </clothing>
 <clothing>
  <id>
   472105383
  </id>
  <name>
   Nike Dress Y-9225
  </name>
  <category>
   Dress
  </category>
  <size>
   XXL
  </size>
  <color>
   Оранжевый
  </color>
  <material>
   Нейлон
  </material>
  <price>
   972632
  </price>
  <rating>
   2.5
  </rating>
  <reviews>
   119465
  </reviews>
  <new>
   -
  </new>
  <exclusive>
   yes
  </exclusive>
 </clothing>
 <clothing>
  <id>
   163381648
  </id>
  <name>
   Puma Belts Q-8834
  </name>
  <category>
   Belts
  </category>
  <size>
   XL
  </size>
  <color>
   Красный
  </color>
  <material>
   Лен
  </material>
  <price>
   897069
  </price>
  <rating>
   4.92
  </rating>
  <reviews>
   747863
  </reviews>
 </clothing>
 <clothing>
  <id>
   218226006
  </id>
  <name>
   Puma Blouse N-2659
  </name>
  <category>
   Blouse
  </category>
  <size>
   S
  </size>
  <color>
   Голубой
  </color>
  <material>
   Хлопок
  </material>
  <price>
   765214
  </price>
  <rating>
   3.3
  </rating>
  <reviews>
   593301
  </reviews>
  <new>
   -
  </new>
  <exclusive>
   yes
  </exclusive>
  <sporty>
   no
  </sporty>
 </clothing>
 <clothing>
  <id>
   584368192
  </id>
  <name>
   Adidas Pants B-1286
  </name>
  <category>
   Pants
  </category>
  <size>
   S
  </size>
  <color>
   Зеленый
  </color>
  <material>
   Кожа
  </material>
  <price>
   881461
  </price>
  <rating>
   1.7
  </rating>
  <reviews>
   248968
  </reviews>
  <new>
   +
  </new>
  <exclusive>
   no
  </exclusive>
  <sporty>
   no
  </sporty>
 </clothing>
</clothing-items>
