<?xml version="1.0" encoding="utf-8"?>
<clothing-items>
 <clothing>
  <id>
   477414369
  </id>
  <name>
   Asics Shoes A-8784
  </name>
  <category>
   Shoes
  </category>
  <size>
   M
  </size>
  <color>
   Оранжевый
  </color>
  <material>
   Хлопок
  </material>
  <price>
   974596
  </price>
  <rating>
   3.42
  </rating>
  <reviews>
   718156
  </reviews>
  <new>
   +
  </new>
  <sporty>
   no
  </sporty>
 </clothing>
 <clothing>
  <id>
   640999203
  </id>
  <name>
   Under Armour Skirt D-5212
  </name>
  <category>
   Skirt
  </category>
  <size>
   XL
  </size>
  <color>
   Оранжевый
  </color>
  <material>
   Кожа
  </material>
  <price>
   118369
  </price>
  <rating>
   3.9
  </rating>
  <reviews>
   814315
  </reviews>
 </clothing>
 <clothing>
  <id>
   857165678
  </id>
  <name>
   Asics Blouse C-9086
  </name>
  <category>
   Blouse
  </category>
  <size>
   M
  </size>
  <color>
   Оранжевый
  </color>
  <material>
   Лен
  </material>
  <price>
   648537
  </price>
  <rating>
   1.48
  </rating>
  <reviews>
   339058
  </reviews>
  <new>
   +
  </new>
  <exclusive>
   no
  </exclusive>
  <sporty>
   no
  </sporty>
 </clothing>
 <clothing>
  <id>
   156687665
  </id>
  <name>
   Vans Blouse R-8231
  </name>
  <category>
   Blouse
  </category>
  <size>
   XL
  </size>
  <color>
   Зеленый
  </color>
  <material>
   Хлопок
  </material>
  <price>
   966352
  </price>
  <rating>
   4.12
  </rating>
  <reviews>
   534455
  </reviews>
  <new>
   +
  </new>
  <sporty>
   yes
  </sporty>
 </clothing>
 <clothing>
  <id>
   549672280
  </id>
  <name>
   Adidas Jacket E-8236
  </name>
  <category>
   Jacket
  </category>
  <size>
   L
  </size>
  <color>
   Зеленый
  </color>
  <material>
   Шерсть
  </material>
  <price>
   924590
  </price>
  <rating>
   1.58
  </rating>
  <reviews>
   577663
  </reviews>
  <sporty>
   no
  </sporty>
 </clothing>
 <clothing>
  <id>
   860444679
  </id>
  <name>
   New Balance Pants F-1366
  </name>
  <category>
   Pants
  </category>
  <size>
   XL
  </size>
  <color>
   Синий
  </color>
  <material>
   Полиэстер
  </material>
  <price>
   661420
  </price>
  <rating>
   2.94
  </rating>
  <reviews>
   169324
  </reviews>
  <sporty>
   yes
  </sporty>
 </clothing>
 <clothing>
  <id>
   157634782
  </id>
  <name>
   Vans Gloves J-3171
  </name>
  <category>
   Gloves
  </category>
  <size>
   S
  </size>
  <color>
   Голубой
  </color>
  <material>
   Полиэстер
  </material>
  <price>
   835736
  </price>
  <rating>
   2.66
  </rating>
  <reviews>
   864259
  </reviews>
  <new>
   +
  </new>
  <sporty>
   yes
  </sporty>
 </clothing>
 <clothing>
  <id>
   828889787
  </id>
  <name>
   Adidas Socks G-4519
  </name>
  <category>
   Socks
  </category>
  <size>
   S
  </size>
  <color>
   Красный
  </color>
  <material>
   Вискоза
  </material>
  <price>
   446136
  </price>
  <rating>
   4.4
  </rating>
  <reviews>
   922406
  </reviews>
  <new>
   +
  </new>
  <exclusive>
   no
  </exclusive>
 </clothing>
 <clothing>
  <id>
   568851656
  </id>
  <name>
   Puma Jacket T-2868
  </name>
  <category>
   Jacket
  </category>
  <size>
   XL
  </size>
  <color>
   Синий
  </color>
  <material>
   Шерсть
  </material>
  <price>
   984195
  </price>
  <rating>
   1.96
  </rating>
  <reviews>
   541101
  </reviews>
  <exclusive>
   no
  </exclusive>
 </clothing>
 <clothing>
  <id>
   323882270
  </id>
  <name>
   Reebok Gloves C-7802
  </name>
  <category>
   Gloves
  </category>
  <size>
   XXL
  </size>
  <color>
   Фиолетовый
  </color>
  <material>
   Вискоза
  </material>
  <price>
   460871
  </price>
  <rating>
   1.68
  </rating>
  <reviews>
   430399
  </reviews>
  <new>
   -
  </new>
 </clothing>
 <clothing>
  <id>
   644659685
  </id>
  <name>
   Nike Jacket V-6517
  </name>
  <category>
   Jacket
  </category>
  <size>
   XXL
  </size>
  <color>
   Красный
  </color>
  <material>
   Вискоза
  </material>
  <price>
   359089
  </price>
  <rating>
   3.17
  </rating>
  <reviews>
   362455
  </reviews>
  <exclusive>
   yes
  </exclusive>
  <sporty>
   no
  </sporty>
 </clothing>
 <clothing>
  <id>
   695208969
  </id>
  <name>
   Vans Hat F-5301
  </name>
  <category>
   Hat
  </category>
  <size>
   XL
  </size>
  <color>
   Голубой
  </color>
  <material>
   Шелк
  </material>
  <price>
   657918
  </price>
  <rating>
   2.0
  </rating>
  <reviews>
   501384
  </reviews>
  <new>
   -
  </new>
  <sporty>
   yes
  </sporty>
 </clothing>
 <clothing>
  <id>
   334701924
  </id>
  <name>
   Brooks Skirt G-5980
  </name>
  <category>
   Skirt
  </category>
  <size>
   L
  </size>
  <color>
   Синий
  </color>
  <material>
   Лен
  </material>
  <price>
   938350
  </price>
  <rating>
   3.63
  </rating>
  <reviews>
   552953
  </reviews>
  <new>
   +
  </new>
  <sporty>
   no
  </sporty>
 </clothing>
 <clothing>
  <id>
   186377766
  </id>
  <name>
   Fila Handbags H-4647
  </name>
  <category>
   Handbags
  </category>
  <size>
   M
  </size>
  <color>
   Желтый
  </color>
  <material>
   Хлопок
  </material>
  <price>
   687754
  </price>
  <rating>
   3.63
  </rating>
  <reviews>
   255296
  </reviews>
  <new>
   -
  </new>
 </clothing>
</clothing-items>
