<?xml version="1.0" encoding="utf-8"?>
<clothing-items>
 <clothing>
  <id>
   661457755
  </id>
  <name>
   Nike Skirt L-1981
  </name>
  <category>
   Skirt
  </category>
  <size>
   S
  </size>
  <color>
   Оранжевый
  </color>
  <material>
   Полиэстер
  </material>
  <price>
   211634
  </price>
  <rating>
   4.97
  </rating>
  <reviews>
   984448
  </reviews>
  <exclusive>
   no
  </exclusive>
 </clothing>
 <clothing>
  <id>
   883121868
  </id>
  <name>
   Lacoste Jacket W-8861
  </name>
  <category>
   Jacket
  </category>
  <size>
   M
  </size>
  <color>
   Синий
  </color>
  <material>
   Вискоза
  </material>
  <price>
   349572
  </price>
  <rating>
   2.35
  </rating>
  <reviews>
   707965
  </reviews>
  <new>
   -
  </new>
  <exclusive>
   yes
  </exclusive>
  <sporty>
   yes
  </sporty>
 </clothing>
 <clothing>
  <id>
   527486661
  </id>
  <name>
   Asics Handbags C-3401
  </name>
  <category>
   Handbags
  </category>
  <size>
   L
  </size>
  <color>
   Зеленый
  </color>
  <material>
   Хлопок
  </material>
  <price>
   145507
  </price>
  <rating>
   1.23
  </rating>
  <reviews>
   577966
  </reviews>
  <new>
   +
  </new>
 </clothing>
 <clothing>
  <id>
   956895055
  </id>
  <name>
   Lacoste Gloves X-5401
  </name>
  <category>
   Gloves
  </category>
  <size>
   XL
  </size>
  <color>
   Оранжевый
  </color>
  <material>
   Полиэстер
  </material>
  <price>
   794716
  </price>
  <rating>
   1.46
  </rating>
  <reviews>
   978993
  </reviews>
  <new>
   +
  </new>
  <exclusive>
   yes
  </exclusive>
  <sporty>
   no
  </sporty>
 </clothing>
 <clothing>
  <id>
   760155362
  </id>
  <name>
   Nike Jeans D-5637
  </name>
  <category>
   Jeans
  </category>
  <size>
   M
  </size>
  <color>
   Оранжевый
  </color>
  <material>
   Кожа
  </material>
  <price>
   372453
  </price>
  <rating>
   1.47
  </rating>
  <reviews>
   685054
  </reviews>
  <new>
   +
  </new>
  <exclusive>
   no
  </exclusive>
  <sporty>
   no
  </sporty>
 </clothing>
 <clothing>
  <id>
   539112500
  </id>
  <name>
   Puma Shirt X-5154
  </name>
  <category>
   Shirt
  </category>
  <size>
   L
  </size>
  <color>
   Желтый
  </color>
  <material>
   Шелк
  </material>
  <price>
   154012
  </price>
  <rating>
   4.51
  </rating>
  <reviews>
   685151
  </reviews>
  <new>
   +
  </new>
  <sporty>
   no
  </sporty>
 </clothing>
 <clothing>
  <id>
   665754126
  </id>
  <name>
   Nike Handbags I-6432
  </name>
  <category>
   Handbags
  </category>
  <size>
   XXL
  </size>
  <color>
   Желтый
  </color>
  <material>
   Кожа
  </material>
  <price>
   573239
  </price>
  <rating>
   4.24
  </rating>
  <reviews>
   800750
  </reviews>
  <sporty>
   yes
  </sporty>
 </clothing>
 <clothing>
  <id>
   144249385
  </id>
  <name>
   PleinSport Hat U-3319
  </name>
  <category>
   Hat
  </category>
  <size>
   XL
  </size>
  <color>
   Красный
  </color>
  <material>
   Лен
  </material>
  <price>
   645219
  </price>
  <rating>
   4.89
  </rating>
  <reviews>
   365155
  </reviews>
  <new>
   +
  </new>
  <exclusive>
   no
  </exclusive>
 </clothing>
 <clothing>
  <id>
   680795757
  </id>
  <name>
   Under Armour Hat A-2192
  </name>
  <category>
   Hat
  </category>
  <size>
   XL
  </size>
  <color>
   Красный
  </color>
  <material>
   Хлопок
  </material>
  <price>
   258959
  </price>
  <rating>
   2.23
  </rating>
  <reviews>
   433441
  </reviews>
  <exclusive>
   no
  </exclusive>
 </clothing>
 <clothing>
  <id>
   891915988
  </id>
  <name>
   Ellesse Gloves T-3918
  </name>
  <category>
   Gloves
  </category>
  <size>
   XXL
  </size>
  <color>
   Синий
  </color>
  <material>
   Полиэстер
  </material>
  <price>
   194814
  </price>
  <rating>
   1.03
  </rating>
  <reviews>
   980696
  </reviews>
  <new>
   -
  </new>
  <exclusive>
   no
  </exclusive>
 </clothing>
 <clothing>
  <id>
   387993471
  </id>
  <name>
   Ellesse Hat B-5349
  </name>
  <category>
   Hat
  </category>
  <size>
   XXL
  </size>
  <color>
   Оранжевый
  </color>
  <material>
   Нейлон
  </material>
  <price>
   932593
  </price>
  <rating>
   4.1
  </rating>
  <reviews>
   401727
  </reviews>
 </clothing>
 <clothing>
  <id>
   602951120
  </id>
  <name>
   DC Umbrellas O-8682
  </name>
  <category>
   Umbrellas
  </category>
  <size>
   L
  </size>
  <color>
   Голубой
  </color>
  <material>
   Полиэстер
  </material>
  <price>
   963753
  </price>
  <rating>
   2.73
  </rating>
  <reviews>
   412600
  </reviews>
 </clothing>
 <clothing>
  <id>
   560115239
  </id>
  <name>
   New Balance Belts G-4451
  </name>
  <category>
   Belts
  </category>
  <size>
   L
  </size>
  <color>
   Синий
  </color>
  <material>
   Нейлон
  </material>
  <price>
   586440
  </price>
  <rating>
   2.71
  </rating>
  <reviews>
   927928
  </reviews>
  <new>
   +
  </new>
  <sporty>
   no
  </sporty>
 </clothing>
 <clothing>
  <id>
   755037630
  </id>
  <name>
   Asics Gloves L-3421
  </name>
  <category>
   Gloves
  </category>
  <size>
   M
  </size>
  <color>
   Красный
  </color>
  <material>
   Вискоза
  </material>
  <price>
   959891
  </price>
  <rating>
   4.31
  </rating>
  <reviews>
   885680
  </reviews>
  <new>
   -
  </new>
  <sporty>
   no
  </sporty>
 </clothing>
 <clothing>
  <id>
   843973002
  </id>
  <name>
   Lacoste Jacket F-6872
  </name>
  <category>
   Jacket
  </category>
  <size>
   XXL
  </size>
  <color>
   Синий
  </color>
  <material>
   Шелк
  </material>
  <price>
   967196
  </price>
  <rating>
   1.72
  </rating>
  <reviews>
   981128
  </reviews>
  <sporty>
   no
  </sporty>
 </clothing>
 <clothing>
  <id>
   907276504
  </id>
  <name>
   Fila Shoes Y-2939
  </name>
  <category>
   Shoes
  </category>
  <size>
   L
  </size>
  <color>
   Желтый
  </color>
  <material>
   Вискоза
  </material>
  <price>
   219228
  </price>
  <rating>
   1.72
  </rating>
  <reviews>
   217512
  </reviews>
  <exclusive>
   no
  </exclusive>
 </clothing>
 <clothing>
  <id>
   970792471
  </id>
  <name>
   Adidas Socks A-1556
  </name>
  <category>
   Socks
  </category>
  <size>
   S
  </size>
  <color>
   Фиолетовый
  </color>
  <material>
   Лен
  </material>
  <price>
   470510
  </price>
  <rating>
   2.47
  </rating>
  <reviews>
   966967
  </reviews>
  <new>
   +
  </new>
  <exclusive>
   yes
  </exclusive>
  <sporty>
   no
  </sporty>
 </clothing>
 <clothing>
  <id>
   337578237
  </id>
  <name>
   New Balance Hat D-7650
  </name>
  <category>
   Hat
  </category>
  <size>
   M
  </size>
  <color>
   Фиолетовый
  </color>
  <material>
   Кожа
  </material>
  <price>
   970266
  </price>
  <rating>
   4.85
  </rating>
  <reviews>
   951826
  </reviews>
  <new>
   +
  </new>
  <exclusive>
   yes
  </exclusive>
  <sporty>
   yes
  </sporty>
 </clothing>
 <clothing>
  <id>
   613072291
  </id>
  <name>
   Under Armour Pants X-2794
  </name>
  <category>
   Pants
  </category>
  <size>
   S
  </size>
  <color>
   Синий
  </color>
  <material>
   Хлопок
  </material>
  <price>
   906845
  </price>
  <rating>
   4.73
  </rating>
  <reviews>
   996903
  </reviews>
  <new>
   -
  </new>
  <sporty>
   yes
  </sporty>
 </clothing>
 <clothing>
  <id>
   209905266
  </id>
  <name>
   Lacoste Sweater P-4901
  </name>
  <category>
   Sweater
  </category>
  <size>
   M
  </size>
  <color>
   Синий
  </color>
  <material>
   Хлопок
  </material>
  <price>
   567516
  </price>
  <rating>
   2.62
  </rating>
  <reviews>
   662670
  </reviews>
  <new>
   +
  </new>
  <sporty>
   yes
  </sporty>
 </clothing>
 <clothing>
  <id>
   185428801
  </id>
  <name>
   PleinSport Shirt L-7969
  </name>
  <category>
   Shirt
  </category>
  <size>
   M
  </size>
  <color>
   Красный
  </color>
  <material>
   Лен
  </material>
  <price>
   939615
  </price>
  <rating>
   3.36
  </rating>
  <reviews>
   391920
  </reviews>
  <sporty>
   no
  </sporty>
 </clothing>
 <clothing>
  <id>
   670947464
  </id>
  <name>
   Nike Dress O-1372
  </name>
  <category>
   Dress
  </category>
  <size>
   XL
  </size>
  <color>
   Оранжевый
  </color>
  <material>
   Кожа
  </material>
  <price>
   971538
  </price>
  <rating>
   1.6
  </rating>
  <reviews>
   123842
  </reviews>
  <new>
   -
  </new>
 </clothing>
 <clothing>
  <id>
   667141163
  </id>
  <name>
   Puma Skirt B-7926
  </name>
  <category>
   Skirt
  </category>
  <size>
   XXL
  </size>
  <color>
   Красный
  </color>
  <material>
   Шелк
  </material>
  <price>
   882002
  </price>
  <rating>
   4.15
  </rating>
  <reviews>
   391280
  </reviews>
  <exclusive>
   yes
  </exclusive>
 </clothing>
 <clothing>
  <id>
   974585286
  </id>
  <name>
   Vans Shoes W-4285
  </name>
  <category>
   Shoes
  </category>
  <size>
   XL
  </size>
  <color>
   Синий
  </color>
  <material>
   Хлопок
  </material>
  <price>
   879550
  </price>
  <rating>
   2.87
  </rating>
  <reviews>
   349775
  </reviews>
  <new>
   +
  </new>
  <exclusive>
   yes
  </exclusive>
  <sporty>
   yes
  </sporty>
 </clothing>
 <clothing>
  <id>
   999865216
  </id>
  <name>
   Under Armour Socks P-8345
  </name>
  <category>
   Socks
  </category>
  <size>
   S
  </size>
  <color>
   Желтый
  </color>
  <material>
   Полиэстер
  </material>
  <price>
   747550
  </price>
  <rating>
   1.08
  </rating>
  <reviews>
   299329
  </reviews>
  <new>
   -
  </new>
  <sporty>
   yes
  </sporty>
 </clothing>
 <clothing>
  <id>
   675445627
  </id>
  <name>
   New Balance Hat I-8886
  </name>
  <category>
   Hat
  </category>
  <size>
   L
  </size>
  <color>
   Голубой
  </color>
  <material>
   Хлопок
  </material>
  <price>
   737573
  </price>
  <rating>
   1.57
  </rating>
  <reviews>
   414544
  </reviews>
  <sporty>
   yes
  </sporty>
 </clothing>
 <clothing>
  <id>
   971125628
  </id>
  <name>
   Converse Skirt P-4361
  </name>
  <category>
   Skirt
  </category>
  <size>
   S
  </size>
  <color>
   Синий
  </color>
  <material>
   Кожа
  </material>
  <price>
   658457
  </price>
  <rating>
   3.12
  </rating>
  <reviews>
   290447
  </reviews>
  <new>
   -
  </new>
  <exclusive>
   no
  </exclusive>
  <sporty>
   no
  </sporty>
 </clothing>
 <clothing>
  <id>
   783241076
  </id>
  <name>
   Brooks Socks K-9160
  </name>
  <category>
   Socks
  </category>
  <size>
   XL
  </size>
  <color>
   Зеленый
  </color>
  <material>
   Нейлон
  </material>
  <price>
   909699
  </price>
  <rating>
   4.32
  </rating>
  <reviews>
   286153
  </reviews>
  <new>
   -
  </new>
 </clothing>
 <clothing>
  <id>
   346397399
  </id>
  <name>
   Converse Dress K-5817
  </name>
  <category>
   Dress
  </category>
  <size>
   M
  </size>
  <color>
   Оранжевый
  </color>
  <material>
   Шелк
  </material>
  <price>
   899666
  </price>
  <rating>
   2.48
  </rating>
  <reviews>
   480297
  </reviews>
  <new>
   -
  </new>
  <sporty>
   no
  </sporty>
 </clothing>
 <clothing>
  <id>
   682763968
  </id>
  <name>
   Nike Handbags F-5970
  </name>
  <category>
   Handbags
  </category>
  <size>
   M
  </size>
  <color>
   Красный
  </color>
  <material>
   Полиэстер
  </material>
  <price>
   639877
  </price>
  <rating>
   4.72
  </rating>
  <reviews>
   255614
  </reviews>
  <new>
   +
  </new>
  <exclusive>
   yes
  </exclusive>
  <sporty>
   no
  </sporty>
 </clothing>
 <clothing>
  <id>
   503724774
  </id>
  <name>
   Brooks Jacket K-1657
  </name>
  <category>
   Jacket
  </category>
  <size>
   XXL
  </size>
  <color>
   Оранжевый
  </color>
  <material>
   Шелк
  </material>
  <price>
   500754
  </price>
  <rating>
   2.29
  </rating>
  <reviews>
   913117
  </reviews>
  <exclusive>
   no
  </exclusive>
  <sporty>
   no
  </sporty>
 </clothing>
 <clothing>
  <id>
   957345481
  </id>
  <name>
   Addidas Jacket O-8536
  </name>
  <category>
   Jacket
  </category>
  <size>
   M
  </size>
  <color>
   Красный
  </color>
  <material>
   Нейлон
  </material>
  <price>
   276150
  </price>
  <rating>
   1.31
  </rating>
  <reviews>
   162178
  </reviews>
  <new>
   +
  </new>
  <sporty>
   no
  </sporty>
 </clothing>
 <clothing>
  <id>
   731623852
  </id>
  <name>
   Under Armour Umbrellas E-5713
  </name>
  <category>
   Umbrellas
  </category>
  <size>
   M
  </size>
  <color>
   Желтый
  </color>
  <material>
   Лен
  </material>
  <price>
   518863
  </price>
  <rating>
   2.27
  </rating>
  <reviews>
   916497
  </reviews>
  <exclusive>
   yes
  </exclusive>
  <sporty>
   yes
  </sporty>
 </clothing>
 <clothing>
  <id>
   315712836
  </id>
  <name>
   Asics Shirt F-9097
  </name>
  <category>
   Shirt
  </category>
  <size>
   L
  </size>
  <color>
   Голубой
  </color>
  <material>
   Нейлон
  </material>
  <price>
   200618
  </price>
  <rating>
   5.0
  </rating>
  <reviews>
   469651
  </reviews>
  <exclusive>
   no
  </exclusive>
  <sporty>
   yes
  </sporty>
 </clothing>
 <clothing>
  <id>
   584895149
  </id>
  <name>
   Nike Blouse E-8087
  </name>
  <category>
   Blouse
  </category>
  <size>
   L
  </size>
  <color>
   Оранжевый
  </color>
  <material>
   Шелк
  </material>
  <price>
   211511
  </price>
  <rating>
   2.43
  </rating>
  <reviews>
   840763
  </reviews>
  <new>
   -
  </new>
  <sporty>
   no
  </sporty>
 </clothing>
 <clothing>
  <id>
   361042139
  </id>
  <name>
   Converse Umbrellas T-6826
  </name>
  <category>
   Umbrellas
  </category>
  <size>
   S
  </size>
  <color>
   Зеленый
  </color>
  <material>
   Кожа
  </material>
  <price>
   810801
  </price>
  <rating>
   1.96
  </rating>
  <reviews>
   889097
  </reviews>
  <sporty>
   yes
  </sporty>
 </clothing>
 <clothing>
  <id>
   490629523
  </id>
  <name>
   Asics Hat V-8072
  </name>
  <category>
   Hat
  </category>
  <size>
   XL
  </size>
  <color>
   Синий
  </color>
  <material>
   Кожа
  </material>
  <price>
   105901
  </price>
  <rating>
   3.25
  </rating>
  <reviews>
   39819
  </reviews>
  <sporty>
   no
  </sporty>
 </clothing>
 <clothing>
  <id>
   203330145
  </id>
  <name>
   Adidas Shoes L-7822
  </name>
  <category>
   Shoes
  </category>
  <size>
   S
  </size>
  <color>
   Голубой
  </color>
  <material>
   Шелк
  </material>
  <price>
   194279
  </price>
  <rating>
   2.61
  </rating>
  <reviews>
   858023
  </reviews>
  <exclusive>
   yes
  </exclusive>
  <sporty>
   no
  </sporty>
 </clothing>
 <clothing>
  <id>
   686879031
  </id>
  <name>
   Adidas Blouse H-4780
  </name>
  <category>
   Blouse
  </category>
  <size>
   L
  </size>
  <color>
   Оранжевый
  </color>
  <material>
   Кожа
  </material>
  <price>
   221953
  </price>
  <rating>
   2.28
  </rating>
  <reviews>
   539862
  </reviews>
  <sporty>
   no
  </sporty>
 </clothing>
 <clothing>
  <id>
   197521476
  </id>
  <name>
   Brooks Shirt Y-4596
  </name>
  <category>
   Shirt
  </category>
  <size>
   XL
  </size>
  <color>
   Фиолетовый
  </color>
  <material>
   Лен
  </material>
  <price>
   143774
  </price>
  <rating>
   4.79
  </rating>
  <reviews>
   372204
  </reviews>
 </clothing>
 <clothing>
  <id>
   321266183
  </id>
  <name>
   Fila Pants Q-2118
  </name>
  <category>
   Pants
  </category>
  <size>
   XL
  </size>
  <color>
   Фиолетовый
  </color>
  <material>
   Лен
  </material>
  <price>
   926251
  </price>
  <rating>
   3.78
  </rating>
  <reviews>
   337921
  </reviews>
  <new>
   -
  </new>
  <exclusive>
   no
  </exclusive>
  <sporty>
   yes
  </sporty>
 </clothing>
 <clothing>
  <id>
   643429081
  </id>
  <name>
   PleinSport Dress N-6981
  </name>
  <category>
   Dress
  </category>
  <size>
   L
  </size>
  <color>
   Зеленый
  </color>
  <material>
   Кожа
  </material>
  <price>
   268141
  </price>
  <rating>
   2.63
  </rating>
  <reviews>
   92242
  </reviews>
 </clothing>
 <clothing>
  <id>
   735199055
  </id>
  <name>
   Asics Umbrellas E-9194
  </name>
  <category>
   Umbrellas
  </category>
  <size>
   L
  </size>
  <color>
   Желтый
  </color>
  <material>
   Вискоза
  </material>
  <price>
   190334
  </price>
  <rating>
   4.61
  </rating>
  <reviews>
   639688
  </reviews>
  <new>
   +
  </new>
 </clothing>
 <clothing>
  <id>
   630841987
  </id>
  <name>
   Addidas Gloves D-5596
  </name>
  <category>
   Gloves
  </category>
  <size>
   M
  </size>
  <color>
   Желтый
  </color>
  <material>
   Кожа
  </material>
  <price>
   426709
  </price>
  <rating>
   3.89
  </rating>
  <reviews>
   918243
  </reviews>
  <new>
   +
  </new>
  <exclusive>
   no
  </exclusive>
  <sporty>
   no
  </sporty>
 </clothing>
 <clothing>
  <id>
   952513028
  </id>
  <name>
   Puma Blouse L-9562
  </name>
  <category>
   Blouse
  </category>
  <size>
   M
  </size>
  <color>
   Зеленый
  </color>
  <material>
   Шелк
  </material>
  <price>
   794366
  </price>
  <rating>
   1.44
  </rating>
  <reviews>
   438355
  </reviews>
 </clothing>
 <clothing>
  <id>
   314964185
  </id>
  <name>
   Adidas Jeans B-5383
  </name>
  <category>
   Jeans
  </category>
  <size>
   XL
  </size>
  <color>
   Оранжевый
  </color>
  <material>
   Шерсть
  </material>
  <price>
   922265
  </price>
  <rating>
   4.45
  </rating>
  <reviews>
   514447
  </reviews>
  <new>
   +
  </new>
  <exclusive>
   yes
  </exclusive>
  <sporty>
   no
  </sporty>
 </clothing>
 <clothing>
  <id>
   447632613
  </id>
  <name>
   Vans Belts J-6876
  </name>
  <category>
   Belts
  </category>
  <size>
   S
  </size>
  <color>
   Голубой
  </color>
  <material>
   Шелк
  </material>
  <price>
   439444
  </price>
  <rating>
   1.47
  </rating>
  <reviews>
   837860
  </reviews>
  <new>
   -
  </new>
  <exclusive>
   yes
  </exclusive>
  <sporty>
   yes
  </sporty>
 </clothing>
</clothing-items>
