<?xml version="1.0" encoding="utf-8"?>
<clothing-items>
 <clothing>
  <id>
   226067607
  </id>
  <name>
   Addidas Handbags D-4853
  </name>
  <category>
   Handbags
  </category>
  <size>
   XL
  </size>
  <color>
   Фиолетовый
  </color>
  <material>
   Кожа
  </material>
  <price>
   517175
  </price>
  <rating>
   1.89
  </rating>
  <reviews>
   881105
  </reviews>
  <sporty>
   no
  </sporty>
 </clothing>
 <clothing>
  <id>
   610732707
  </id>
  <name>
   DC Jacket C-4964
  </name>
  <category>
   Jacket
  </category>
  <size>
   M
  </size>
  <color>
   Фиолетовый
  </color>
  <material>
   Вискоза
  </material>
  <price>
   527913
  </price>
  <rating>
   3.08
  </rating>
  <reviews>
   52839
  </reviews>
  <new>
   -
  </new>
  <exclusive>
   no
  </exclusive>
 </clothing>
 <clothing>
  <id>
   442730955
  </id>
  <name>
   Asics Shirt X-6795
  </name>
  <category>
   Shirt
  </category>
  <size>
   XXL
  </size>
  <color>
   Голубой
  </color>
  <material>
   Шерсть
  </material>
  <price>
   736439
  </price>
  <rating>
   1.87
  </rating>
  <reviews>
   386770
  </reviews>
  <exclusive>
   no
  </exclusive>
  <sporty>
   no
  </sporty>
 </clothing>
 <clothing>
  <id>
   179736466
  </id>
  <name>
   Lacoste Shirt A-9298
  </name>
  <category>
   Shirt
  </category>
  <size>
   XL
  </size>
  <color>
   Оранжевый
  </color>
  <material>
   Вискоза
  </material>
  <price>
   153767
  </price>
  <rating>
   4.78
  </rating>
  <reviews>
   131264
  </reviews>
  <new>
   +
  </new>
  <exclusive>
   no
  </exclusive>
  <sporty>
   no
  </sporty>
 </clothing>
 <clothing>
  <id>
   290183521
  </id>
  <name>
   Fila Umbrellas O-4218
  </name>
  <category>
   Umbrellas
  </category>
  <size>
   L
  </size>
  <color>
   Желтый
  </color>
  <material>
   Шелк
  </material>
  <price>
   679569
  </price>
  <rating>
   4.42
  </rating>
  <reviews>
   443263
  </reviews>
  <exclusive>
   no
  </exclusive>
 </clothing>
 <clothing>
  <id>
   989620845
  </id>
  <name>
   Lacoste Dress M-8934
  </name>
  <category>
   Dress
  </category>
  <size>
   M
  </size>
  <color>
   Зеленый
  </color>
  <material>
   Вискоза
  </material>
  <price>
   457812
  </price>
  <rating>
   4.82
  </rating>
  <reviews>
   238508
  </reviews>
  <new>
   +
  </new>
  <sporty>
   no
  </sporty>
 </clothing>
 <clothing>
  <id>
   801096249
  </id>
  <name>
   New Balance Socks K-2766
  </name>
  <category>
   Socks
  </category>
  <size>
   S
  </size>
  <color>
   Голубой
  </color>
  <material>
   Вискоза
  </material>
  <price>
   824374
  </price>
  <rating>
   4.62
  </rating>
  <reviews>
   398454
  </reviews>
  <exclusive>
   no
  </exclusive>
  <sporty>
   no
  </sporty>
 </clothing>
 <clothing>
  <id>
   933091096
  </id>
  <name>
   Reebok Gloves X-2435
  </name>
  <category>
   Gloves
  </category>
  <size>
   M
  </size>
  <color>
   Красный
  </color>
  <material>
   Кожа
  </material>
  <price>
   430110
  </price>
  <rating>
   2.37
  </rating>
  <reviews>
   192154
  </reviews>
  <exclusive>
   no
  </exclusive>
  <sporty>
   yes
  </sporty>
 </clothing>
 <clothing>
  <id>
   920963048
  </id>
  <name>
   Puma Pants E-2126
  </name>
  <category>
   Pants
  </category>
  <size>
   S
  </size>
  <color>
   Красный
  </color>
  <material>
   Хлопок
  </material>
  <price>
   590879
  </price>
  <rating>
   2.72
  </rating>
  <reviews>
   171678
  </reviews>
  <new>
   -
  </new>
  <exclusive>
   yes
  </exclusive>
  <sporty>
   no
  </sporty>
 </clothing>
 <clothing>
  <id>
   808565985
  </id>
  <name>
   Nike Pants J-9385
  </name>
  <category>
   Pants
  </category>
  <size>
   L
  </size>
  <color>
   Желтый
  </color>
  <material>
   Вискоза
  </material>
  <price>
   202657
  </price>
  <rating>
   4.69
  </rating>
  <reviews>
   577442
  </reviews>
  <new>
   -
  </new>
  <exclusive>
   no
  </exclusive>
  <sporty>
   no
  </sporty>
 </clothing>
 <clothing>
  <id>
   703950921
  </id>
  <name>
   Ellesse Jacket M-9096
  </name>
  <category>
   Jacket
  </category>
  <size>
   L
  </size>
  <color>
   Синий
  </color>
  <material>
   Шерсть
  </material>
  <price>
   339268
  </price>
  <rating>
   2.01
  </rating>
  <reviews>
   710518
  </reviews>
  <new>
   +
  </new>
  <exclusive>
   yes
  </exclusive>
 </clothing>
 <clothing>
  <id>
   757681066
  </id>
  <name>
   Asics Gloves X-5468
  </name>
  <category>
   Gloves
  </category>
  <size>
   L
  </size>
  <color>
   Красный
  </color>
  <material>
   Кожа
  </material>
  <price>
   677803
  </price>
  <rating>
   3.84
  </rating>
  <reviews>
   154864
  </reviews>
  <exclusive>
   yes
  </exclusive>
  <sporty>
   yes
  </sporty>
 </clothing>
 <clothing>
  <id>
   930673563
  </id>
  <name>
   Addidas Jacket R-3250
  </name>
  <category>
   Jacket
  </category>
  <size>
   L
  </size>
  <color>
   Желтый
  </color>
  <material>
   Хлопок
  </material>
  <price>
   981310
  </price>
  <rating>
   1.17
  </rating>
  <reviews>
   514245
  </reviews>
  <exclusive>
   yes
  </exclusive>
 </clothing>
 <clothing>
  <id>
   674854089
  </id>
  <name>
   PleinSport Shoes W-5522
  </name>
  <category>
   Shoes
  </category>
  <size>
   L
  </size>
  <color>
   Синий
  </color>
  <material>
   Нейлон
  </material>
  <price>
   674327
  </price>
  <rating>
   4.99
  </rating>
  <reviews>
   749339
  </reviews>
  <exclusive>
   yes
  </exclusive>
 </clothing>
 <clothing>
  <id>
   996009353
  </id>
  <name>
   PleinSport Umbrellas M-7523
  </name>
  <category>
   Umbrellas
  </category>
  <size>
   S
  </size>
  <color>
   Оранжевый
  </color>
  <material>
   Нейлон
  </material>
  <price>
   587258
  </price>
  <rating>
   4.04
  </rating>
  <reviews>
   722375
  </reviews>
  <new>
   -
  </new>
  <exclusive>
   yes
  </exclusive>
 </clothing>
 <clothing>
  <id>
   303435808
  </id>
  <name>
   PleinSport Jacket K-1281
  </name>
  <category>
   Jacket
  </category>
  <size>
   XL
  </size>
  <color>
   Фиолетовый
  </color>
  <material>
   Нейлон
  </material>
  <price>
   362353
  </price>
  <rating>
   4.49
  </rating>
  <reviews>
   769853
  </reviews>
  <new>
   -
  </new>
 </clothing>
 <clothing>
  <id>
   278640077
  </id>
  <name>
   PleinSport Socks G-1912
  </name>
  <category>
   Socks
  </category>
  <size>
   XXL
  </size>
  <color>
   Голубой
  </color>
  <material>
   Кожа
  </material>
  <price>
   779600
  </price>
  <rating>
   2.27
  </rating>
  <reviews>
   115079
  </reviews>
  <new>
   +
  </new>
  <exclusive>
   no
  </exclusive>
  <sporty>
   yes
  </sporty>
 </clothing>
 <clothing>
  <id>
   960497429
  </id>
  <name>
   Under Armour Handbags B-7809
  </name>
  <category>
   Handbags
  </category>
  <size>
   XXL
  </size>
  <color>
   Зеленый
  </color>
  <material>
   Хлопок
  </material>
  <price>
   360453
  </price>
  <rating>
   4.87
  </rating>
  <reviews>
   925759
  </reviews>
  <new>
   +
  </new>
  <exclusive>
   no
  </exclusive>
 </clothing>
 <clothing>
  <id>
   849189684
  </id>
  <name>
   Ellesse Handbags I-5055
  </name>
  <category>
   Handbags
  </category>
  <size>
   S
  </size>
  <color>
   Красный
  </color>
  <material>
   Лен
  </material>
  <price>
   480003
  </price>
  <rating>
   1.11
  </rating>
  <reviews>
   451138
  </reviews>
  <new>
   +
  </new>
  <exclusive>
   yes
  </exclusive>
  <sporty>
   no
  </sporty>
 </clothing>
 <clothing>
  <id>
   848220223
  </id>
  <name>
   Converse Blouse V-2495
  </name>
  <category>
   Blouse
  </category>
  <size>
   M
  </size>
  <color>
   Зеленый
  </color>
  <material>
   Лен
  </material>
  <price>
   498410
  </price>
  <rating>
   1.8
  </rating>
  <reviews>
   103915
  </reviews>
  <new>
   -
  </new>
  <exclusive>
   no
  </exclusive>
 </clothing>
 <clothing>
  <id>
   601984427
  </id>
  <name>
   Addidas Jeans Z-8039
  </name>
  <category>
   Jeans
  </category>
  <size>
   XXL
  </size>
  <color>
   Зеленый
  </color>
  <material>
   Хлопок
  </material>
  <price>
   926600
  </price>
  <rating>
   3.74
  </rating>
  <reviews>
   400136
  </reviews>
  <new>
   -
  </new>
  <exclusive>
   yes
  </exclusive>
  <sporty>
   yes
  </sporty>
 </clothing>
 <clothing>
  <id>
   643957917
  </id>
  <name>
   PleinSport Handbags Z-1378
  </name>
  <category>
   Handbags
  </category>
  <size>
   M
  </size>
  <color>
   Синий
  </color>
  <material>
   Лен
  </material>
  <price>
   193680
  </price>
  <rating>
   3.3
  </rating>
  <reviews>
   467872
  </reviews>
  <sporty>
   no
  </sporty>
 </clothing>
 <clothing>
  <id>
   791939710
  </id>
  <name>
   Brooks Jeans U-2774
  </name>
  <category>
   Jeans
  </category>
  <size>
   XL
  </size>
  <color>
   Оранжевый
  </color>
  <material>
   Нейлон
  </material>
  <price>
   837688
  </price>
  <rating>
   4.64
  </rating>
  <reviews>
   259180
  </reviews>
  <new>
   +
  </new>
 </clothing>
 <clothing>
  <id>
   730888520
  </id>
  <name>
   Addidas Skirt E-8715
  </name>
  <category>
   Skirt
  </category>
  <size>
   L
  </size>
  <color>
   Желтый
  </color>
  <material>
   Хлопок
  </material>
  <price>
   969171
  </price>
  <rating>
   4.41
  </rating>
  <reviews>
   691161
  </reviews>
  <new>
   +
  </new>
  <exclusive>
   yes
  </exclusive>
 </clothing>
 <clothing>
  <id>
   425794228
  </id>
  <name>
   Asics Shoes N-3118
  </name>
  <category>
   Shoes
  </category>
  <size>
   L
  </size>
  <color>
   Голубой
  </color>
  <material>
   Кожа
  </material>
  <price>
   233116
  </price>
  <rating>
   1.78
  </rating>
  <reviews>
   527532
  </reviews>
  <new>
   -
  </new>
  <exclusive>
   yes
  </exclusive>
 </clothing>
 <clothing>
  <id>
   707860890
  </id>
  <name>
   Under Armour Handbags R-2189
  </name>
  <category>
   Handbags
  </category>
  <size>
   M
  </size>
  <color>
   Фиолетовый
  </color>
  <material>
   Вискоза
  </material>
  <price>
   692460
  </price>
  <rating>
   4.55
  </rating>
  <reviews>
   230014
  </reviews>
  <new>
   +
  </new>
  <exclusive>
   no
  </exclusive>
 </clothing>
 <clothing>
  <id>
   363592085
  </id>
  <name>
   Ellesse Blouse F-8842
  </name>
  <category>
   Blouse
  </category>
  <size>
   XL
  </size>
  <color>
   Желтый
  </color>
  <material>
   Шелк
  </material>
  <price>
   254801
  </price>
  <rating>
   3.46
  </rating>
  <reviews>
   689579
  </reviews>
 </clothing>
 <clothing>
  <id>
   943716871
  </id>
  <name>
   Lacoste Blouse H-3133
  </name>
  <category>
   Blouse
  </category>
  <size>
   XXL
  </size>
  <color>
   Фиолетовый
  </color>
  <material>
   Хлопок
  </material>
  <price>
   844020
  </price>
  <rating>
   3.49
  </rating>
  <reviews>
   335181
  </reviews>
  <new>
   -
  </new>
  <exclusive>
   yes
  </exclusive>
 </clothing>
 <clothing>
  <id>
   489073687
  </id>
  <name>
   Converse Shoes S-3734
  </name>
  <category>
   Shoes
  </category>
  <size>
   XL
  </size>
  <color>
   Голубой
  </color>
  <material>
   Кожа
  </material>
  <price>
   426646
  </price>
  <rating>
   2.01
  </rating>
  <reviews>
   993298
  </reviews>
  <exclusive>
   no
  </exclusive>
  <sporty>
   no
  </sporty>
 </clothing>
 <clothing>
  <id>
   359010583
  </id>
  <name>
   DC Sweater K-8296
  </name>
  <category>
   Sweater
  </category>
  <size>
   L
  </size>
  <color>
   Голубой
  </color>
  <material>
   Хлопок
  </material>
  <price>
   767779
  </price>
  <rating>
   4.02
  </rating>
  <reviews>
   563699
  </reviews>
  <new>
   -
  </new>
 </clothing>
 <clothing>
  <id>
   644640467
  </id>
  <name>
   Fila Umbrellas H-1443
  </name>
  <category>
   Umbrellas
  </category>
  <size>
   S
  </size>
  <color>
   Красный
  </color>
  <material>
   Лен
  </material>
  <price>
   271438
  </price>
  <rating>
   2.0
  </rating>
  <reviews>
   736164
  </reviews>
  <new>
   -
  </new>
  <exclusive>
   no
  </exclusive>
  <sporty>
   yes
  </sporty>
 </clothing>
 <clothing>
  <id>
   957708588
  </id>
  <name>
   Fila Pants L-1379
  </name>
  <category>
   Pants
  </category>
  <size>
   XXL
  </size>
  <color>
   Синий
  </color>
  <material>
   Шелк
  </material>
  <price>
   906154
  </price>
  <rating>
   1.0
  </rating>
  <reviews>
   132683
  </reviews>
  <new>
   -
  </new>
 </clothing>
 <clothing>
  <id>
   746063432
  </id>
  <name>
   Lacoste Jacket E-8891
  </name>
  <category>
   Jacket
  </category>
  <size>
   S
  </size>
  <color>
   Синий
  </color>
  <material>
   Шерсть
  </material>
  <price>
   428902
  </price>
  <rating>
   4.07
  </rating>
  <reviews>
   433169
  </reviews>
  <sporty>
   yes
  </sporty>
 </clothing>
 <clothing>
  <id>
   439346531
  </id>
  <name>
   DC Socks K-5500
  </name>
  <category>
   Socks
  </category>
  <size>
   XXL
  </size>
  <color>
   Фиолетовый
  </color>
  <material>
   Хлопок
  </material>
  <price>
   885585
  </price>
  <rating>
   2.44
  </rating>
  <reviews>
   641078
  </reviews>
  <exclusive>
   yes
  </exclusive>
  <sporty>
   no
  </sporty>
 </clothing>
 <clothing>
  <id>
   170840143
  </id>
  <name>
   Adidas Hat E-5386
  </name>
  <category>
   Hat
  </category>
  <size>
   XL
  </size>
  <color>
   Синий
  </color>
  <material>
   Кожа
  </material>
  <price>
   482630
  </price>
  <rating>
   4.24
  </rating>
  <reviews>
   967543
  </reviews>
  <exclusive>
   no
  </exclusive>
  <sporty>
   no
  </sporty>
 </clothing>
 <clothing>
  <id>
   152296463
  </id>
  <name>
   Under Armour Blouse O-4560
  </name>
  <category>
   Blouse
  </category>
  <size>
   L
  </size>
  <color>
   Красный
  </color>
  <material>
   Шерсть
  </material>
  <price>
   127100
  </price>
  <rating>
   2.18
  </rating>
  <reviews>
   196130
  </reviews>
  <new>
   -
  </new>
  <exclusive>
   no
  </exclusive>
  <sporty>
   yes
  </sporty>
 </clothing>
 <clothing>
  <id>
   736347537
  </id>
  <name>
   PleinSport Hat L-7103
  </name>
  <category>
   Hat
  </category>
  <size>
   XXL
  </size>
  <color>
   Синий
  </color>
  <material>
   Хлопок
  </material>
  <price>
   419942
  </price>
  <rating>
   1.2
  </rating>
  <reviews>
   877949
  </reviews>
 </clothing>
 <clothing>
  <id>
   286800843
  </id>
  <name>
   Under Armour Jacket Q-5442
  </name>
  <category>
   Jacket
  </category>
  <size>
   S
  </size>
  <color>
   Красный
  </color>
  <material>
   Хлопок
  </material>
  <price>
   395441
  </price>
  <rating>
   1.54
  </rating>
  <reviews>
   388715
  </reviews>
  <new>
   +
  </new>
  <exclusive>
   yes
  </exclusive>
  <sporty>
   yes
  </sporty>
 </clothing>
 <clothing>
  <id>
   671952749
  </id>
  <name>
   Asics Umbrellas R-8372
  </name>
  <category>
   Umbrellas
  </category>
  <size>
   XXL
  </size>
  <color>
   Фиолетовый
  </color>
  <material>
   Кожа
  </material>
  <price>
   772528
  </price>
  <rating>
   3.71
  </rating>
  <reviews>
   651840
  </reviews>
  <new>
   -
  </new>
  <sporty>
   no
  </sporty>
 </clothing>
 <clothing>
  <id>
   519298246
  </id>
  <name>
   Under Armour Gloves R-3448
  </name>
  <category>
   Gloves
  </category>
  <size>
   S
  </size>
  <color>
   Оранжевый
  </color>
  <material>
   Лен
  </material>
  <price>
   375968
  </price>
  <rating>
   1.04
  </rating>
  <reviews>
   187390
  </reviews>
  <new>
   +
  </new>
  <exclusive>
   no
  </exclusive>
  <sporty>
   yes
  </sporty>
 </clothing>
 <clothing>
  <id>
   106249382
  </id>
  <name>
   Addidas Gloves I-9800
  </name>
  <category>
   Gloves
  </category>
  <size>
   S
  </size>
  <color>
   Голубой
  </color>
  <material>
   Хлопок
  </material>
  <price>
   353222
  </price>
  <rating>
   2.23
  </rating>
  <reviews>
   995645
  </reviews>
  <new>
   -
  </new>
  <exclusive>
   no
  </exclusive>
  <sporty>
   yes
  </sporty>
 </clothing>
</clothing-items>
