<?xml version="1.0" encoding="utf-8"?>
<clothing-items>
 <clothing>
  <id>
   492835586
  </id>
  <name>
   PleinSport Shirt T-4983
  </name>
  <category>
   Shirt
  </category>
  <size>
   S
  </size>
  <color>
   Оранжевый
  </color>
  <material>
   Лен
  </material>
  <price>
   898842
  </price>
  <rating>
   4.4
  </rating>
  <reviews>
   361603
  </reviews>
  <new>
   +
  </new>
 </clothing>
 <clothing>
  <id>
   246283240
  </id>
  <name>
   New Balance Jacket K-5777
  </name>
  <category>
   Jacket
  </category>
  <size>
   S
  </size>
  <color>
   Желтый
  </color>
  <material>
   Полиэстер
  </material>
  <price>
   971661
  </price>
  <rating>
   2.34
  </rating>
  <reviews>
   991058
  </reviews>
  <new>
   +
  </new>
  <sporty>
   yes
  </sporty>
 </clothing>
 <clothing>
  <id>
   483319246
  </id>
  <name>
   Converse Skirt T-7011
  </name>
  <category>
   Skirt
  </category>
  <size>
   XXL
  </size>
  <color>
   Оранжевый
  </color>
  <material>
   Нейлон
  </material>
  <price>
   602243
  </price>
  <rating>
   4.19
  </rating>
  <reviews>
   439267
  </reviews>
  <new>
   +
  </new>
  <exclusive>
   no
  </exclusive>
  <sporty>
   no
  </sporty>
 </clothing>
 <clothing>
  <id>
   378159134
  </id>
  <name>
   Addidas Jacket O-6434
  </name>
  <category>
   Jacket
  </category>
  <size>
   XL
  </size>
  <color>
   Красный
  </color>
  <material>
   Хлопок
  </material>
  <price>
   339945
  </price>
  <rating>
   4.36
  </rating>
  <reviews>
   50278
  </reviews>
  <new>
   +
  </new>
 </clothing>
 <clothing>
  <id>
   449436060
  </id>
  <name>
   Nike Belts H-4812
  </name>
  <category>
   Belts
  </category>
  <size>
   L
  </size>
  <color>
   Желтый
  </color>
  <material>
   Вискоза
  </material>
  <price>
   902401
  </price>
  <rating>
   3.25
  </rating>
  <reviews>
   132560
  </reviews>
  <exclusive>
   no
  </exclusive>
  <sporty>
   yes
  </sporty>
 </clothing>
 <clothing>
  <id>
   217654369
  </id>
  <name>
   Converse Jacket K-1650
  </name>
  <category>
   Jacket
  </category>
  <size>
   XXL
  </size>
  <color>
   Фиолетовый
  </color>
  <material>
   Вискоза
  </material>
  <price>
   530295
  </price>
  <rating>
   2.84
  </rating>
  <reviews>
   747542
  </reviews>
  <exclusive>
   no
  </exclusive>
 </clothing>
 <clothing>
  <id>
   368854159
  </id>
  <name>
   Addidas Jacket B-5161
  </name>
  <category>
   Jacket
  </category>
  <size>
   XL
  </size>
  <color>
   Зеленый
  </color>
  <material>
   Вискоза
  </material>
  <price>
   520044
  </price>
  <rating>
   1.68
  </rating>
  <reviews>
   577450
  </reviews>
 </clothing>
 <clothing>
  <id>
   240822127
  </id>
  <name>
   New Balance T-shirt D-7741
  </name>
  <category>
   T-shirt
  </category>
  <size>
   XXL
  </size>
  <color>
   Желтый
  </color>
  <material>
   Шелк
  </material>
  <price>
   434654
  </price>
  <rating>
   4.12
  </rating>
  <reviews>
   883035
  </reviews>
  <new>
   +
  </new>
  <exclusive>
   no
  </exclusive>
  <sporty>
   yes
  </sporty>
 </clothing>
 <clothing>
  <id>
   761533474
  </id>
  <name>
   Asics Skirt X-6997
  </name>
  <category>
   Skirt
  </category>
  <size>
   S
  </size>
  <color>
   Голубой
  </color>
  <material>
   Кожа
  </material>
  <price>
   574887
  </price>
  <rating>
   1.51
  </rating>
  <reviews>
   474853
  </reviews>
  <new>
   -
  </new>
 </clothing>
 <clothing>
  <id>
   437493420
  </id>
  <name>
   Addidas Belts H-4222
  </name>
  <category>
   Belts
  </category>
  <size>
   XL
  </size>
  <color>
   Зеленый
  </color>
  <material>
   Шелк
  </material>
  <price>
   827836
  </price>
  <rating>
   1.12
  </rating>
  <reviews>
   940383
  </reviews>
  <new>
   -
  </new>
  <sporty>
   no
  </sporty>
 </clothing>
 <clothing>
  <id>
   769790858
  </id>
  <name>
   Converse Jacket I-3407
  </name>
  <category>
   Jacket
  </category>
  <size>
   L
  </size>
  <color>
   Фиолетовый
  </color>
  <material>
   Шелк
  </material>
  <price>
   814949
  </price>
  <rating>
   3.73
  </rating>
  <reviews>
   32178
  </reviews>
  <exclusive>
   no
  </exclusive>
 </clothing>
 <clothing>
  <id>
   134275435
  </id>
  <name>
   Asics Jacket T-1608
  </name>
  <category>
   Jacket
  </category>
  <size>
   M
  </size>
  <color>
   Фиолетовый
  </color>
  <material>
   Кожа
  </material>
  <price>
   439997
  </price>
  <rating>
   4.93
  </rating>
  <reviews>
   753793
  </reviews>
  <new>
   +
  </new>
  <exclusive>
   yes
  </exclusive>
 </clothing>
 <clothing>
  <id>
   170738126
  </id>
  <name>
   Vans Handbags K-5763
  </name>
  <category>
   Handbags
  </category>
  <size>
   XL
  </size>
  <color>
   Желтый
  </color>
  <material>
   Шелк
  </material>
  <price>
   946133
  </price>
  <rating>
   2.49
  </rating>
  <reviews>
   720607
  </reviews>
  <new>
   -
  </new>
  <exclusive>
   no
  </exclusive>
  <sporty>
   yes
  </sporty>
 </clothing>
 <clothing>
  <id>
   840737921
  </id>
  <name>
   Reebok Shoes R-2713
  </name>
  <category>
   Shoes
  </category>
  <size>
   L
  </size>
  <color>
   Оранжевый
  </color>
  <material>
   Шерсть
  </material>
  <price>
   663896
  </price>
  <rating>
   4.14
  </rating>
  <reviews>
   644360
  </reviews>
  <sporty>
   yes
  </sporty>
 </clothing>
 <clothing>
  <id>
   780881367
  </id>
  <name>
   Asics Jacket N-7508
  </name>
  <category>
   Jacket
  </category>
  <size>
   M
  </size>
  <color>
   Фиолетовый
  </color>
  <material>
   Вискоза
  </material>
  <price>
   628532
  </price>
  <rating>
   4.29
  </rating>
  <reviews>
   615650
  </reviews>
  <exclusive>
   no
  </exclusive>
  <sporty>
   no
  </sporty>
 </clothing>
 <clothing>
  <id>
   562663575
  </id>
  <name>
   New Balance Hat K-7226
  </name>
  <category>
   Hat
  </category>
  <size>
   XXL
  </size>
  <color>
   Оранжевый
  </color>
  <material>
   Шелк
  </material>
  <price>
   253385
  </price>
  <rating>
   2.48
  </rating>
  <reviews>
   223307
  </reviews>
  <exclusive>
   no
  </exclusive>
  <sporty>
   yes
  </sporty>
 </clothing>
 <clothing>
  <id>
   923680494
  </id>
  <name>
   Asics Shirt A-1244
  </name>
  <category>
   Shirt
  </category>
  <size>
   L
  </size>
  <color>
   Фиолетовый
  </color>
  <material>
   Хлопок
  </material>
  <price>
   749133
  </price>
  <rating>
   2.59
  </rating>
  <reviews>
   907054
  </reviews>
  <exclusive>
   no
  </exclusive>
  <sporty>
   no
  </sporty>
 </clothing>
 <clothing>
  <id>
   263976034
  </id>
  <name>
   Adidas Pants N-2260
  </name>
  <category>
   Pants
  </category>
  <size>
   XXL
  </size>
  <color>
   Синий
  </color>
  <material>
   Шерсть
  </material>
  <price>
   750482
  </price>
  <rating>
   2.27
  </rating>
  <reviews>
   742820
  </reviews>
  <exclusive>
   yes
  </exclusive>
  <sporty>
   yes
  </sporty>
 </clothing>
 <clothing>
  <id>
   641382048
  </id>
  <name>
   Lacoste Shoes S-6014
  </name>
  <category>
   Shoes
  </category>
  <size>
   M
  </size>
  <color>
   Синий
  </color>
  <material>
   Шелк
  </material>
  <price>
   135571
  </price>
  <rating>
   4.88
  </rating>
  <reviews>
   165336
  </reviews>
  <new>
   -
  </new>
 </clothing>
 <clothing>
  <id>
   274266265
  </id>
  <name>
   Adidas Jacket X-6692
  </name>
  <category>
   Jacket
  </category>
  <size>
   XXL
  </size>
  <color>
   Голубой
  </color>
  <material>
   Шелк
  </material>
  <price>
   367359
  </price>
  <rating>
   1.15
  </rating>
  <reviews>
   427941
  </reviews>
  <new>
   -
  </new>
  <exclusive>
   no
  </exclusive>
  <sporty>
   no
  </sporty>
 </clothing>
 <clothing>
  <id>
   266686908
  </id>
  <name>
   Ellesse Socks W-3653
  </name>
  <category>
   Socks
  </category>
  <size>
   L
  </size>
  <color>
   Красный
  </color>
  <material>
   Шелк
  </material>
  <price>
   980599
  </price>
  <rating>
   2.68
  </rating>
  <reviews>
   134596
  </reviews>
 </clothing>
 <clothing>
  <id>
   596519572
  </id>
  <name>
   DC T-shirt F-2602
  </name>
  <category>
   T-shirt
  </category>
  <size>
   L
  </size>
  <color>
   Желтый
  </color>
  <material>
   Кожа
  </material>
  <price>
   389604
  </price>
  <rating>
   2.53
  </rating>
  <reviews>
   648595
  </reviews>
  <new>
   +
  </new>
  <sporty>
   no
  </sporty>
 </clothing>
 <clothing>
  <id>
   243202014
  </id>
  <name>
   New Balance Handbags G-7750
  </name>
  <category>
   Handbags
  </category>
  <size>
   S
  </size>
  <color>
   Зеленый
  </color>
  <material>
   Полиэстер
  </material>
  <price>
   402622
  </price>
  <rating>
   4.54
  </rating>
  <reviews>
   303534
  </reviews>
 </clothing>
 <clothing>
  <id>
   625971396
  </id>
  <name>
   Converse T-shirt A-7855
  </name>
  <category>
   T-shirt
  </category>
  <size>
   L
  </size>
  <color>
   Красный
  </color>
  <material>
   Вискоза
  </material>
  <price>
   612879
  </price>
  <rating>
   2.23
  </rating>
  <reviews>
   304574
  </reviews>
  <new>
   -
  </new>
  <exclusive>
   no
  </exclusive>
  <sporty>
   no
  </sporty>
 </clothing>
 <clothing>
  <id>
   118762532
  </id>
  <name>
   Ellesse Belts M-2546
  </name>
  <category>
   Belts
  </category>
  <size>
   XL
  </size>
  <color>
   Синий
  </color>
  <material>
   Шерсть
  </material>
  <price>
   169485
  </price>
  <rating>
   4.78
  </rating>
  <reviews>
   982561
  </reviews>
  <sporty>
   no
  </sporty>
 </clothing>
 <clothing>
  <id>
   102270920
  </id>
  <name>
   Ellesse Socks T-6871
  </name>
  <category>
   Socks
  </category>
  <size>
   L
  </size>
  <color>
   Оранжевый
  </color>
  <material>
   Лен
  </material>
  <price>
   610852
  </price>
  <rating>
   1.86
  </rating>
  <reviews>
   846043
  </reviews>
  <exclusive>
   no
  </exclusive>
  <sporty>
   no
  </sporty>
 </clothing>
 <clothing>
  <id>
   593128029
  </id>
  <name>
   Fila Sweater I-3349
  </name>
  <category>
   Sweater
  </category>
  <size>
   S
  </size>
  <color>
   Оранжевый
  </color>
  <material>
   Полиэстер
  </material>
  <price>
   712456
  </price>
  <rating>
   4.32
  </rating>
  <reviews>
   364838
  </reviews>
  <new>
   -
  </new>
  <exclusive>
   yes
  </exclusive>
  <sporty>
   yes
  </sporty>
 </clothing>
 <clothing>
  <id>
   302895687
  </id>
  <name>
   Converse Handbags E-1373
  </name>
  <category>
   Handbags
  </category>
  <size>
   S
  </size>
  <color>
   Фиолетовый
  </color>
  <material>
   Шелк
  </material>
  <price>
   241590
  </price>
  <rating>
   4.35
  </rating>
  <reviews>
   446221
  </reviews>
  <new>
   -
  </new>
  <sporty>
   yes
  </sporty>
 </clothing>
 <clothing>
  <id>
   840908005
  </id>
  <name>
   PleinSport Socks W-2529
  </name>
  <category>
   Socks
  </category>
  <size>
   XL
  </size>
  <color>
   Оранжевый
  </color>
  <material>
   Нейлон
  </material>
  <price>
   820475
  </price>
  <rating>
   3.43
  </rating>
  <reviews>
   139646
  </reviews>
  <new>
   +
  </new>
 </clothing>
 <clothing>
  <id>
   377183770
  </id>
  <name>
   Fila T-shirt D-4906
  </name>
  <category>
   T-shirt
  </category>
  <size>
   S
  </size>
  <color>
   Красный
  </color>
  <material>
   Лен
  </material>
  <price>
   954747
  </price>
  <rating>
   3.42
  </rating>
  <reviews>
   288833
  </reviews>
  <new>
   -
  </new>
  <sporty>
   no
  </sporty>
 </clothing>
 <clothing>
  <id>
   869170387
  </id>
  <name>
   New Balance Skirt C-1924
  </name>
  <category>
   Skirt
  </category>
  <size>
   L
  </size>
  <color>
   Красный
  </color>
  <material>
   Шелк
  </material>
  <price>
   581010
  </price>
  <rating>
   1.72
  </rating>
  <reviews>
   52807
  </reviews>
  <new>
   +
  </new>
  <sporty>
   no
  </sporty>
 </clothing>
 <clothing>
  <id>
   941099981
  </id>
  <name>
   Vans Skirt I-5214
  </name>
  <category>
   Skirt
  </category>
  <size>
   XL
  </size>
  <color>
   Зеленый
  </color>
  <material>
   Шерсть
  </material>
  <price>
   918004
  </price>
  <rating>
   1.66
  </rating>
  <reviews>
   200155
  </reviews>
  <new>
   +
  </new>
 </clothing>
 <clothing>
  <id>
   620554477
  </id>
  <name>
   Brooks Handbags B-9754
  </name>
  <category>
   Handbags
  </category>
  <size>
   XL
  </size>
  <color>
   Красный
  </color>
  <material>
   Нейлон
  </material>
  <price>
   968798
  </price>
  <rating>
   4.28
  </rating>
  <reviews>
   859988
  </reviews>
 </clothing>
 <clothing>
  <id>
   205970890
  </id>
  <name>
   Asics Shirt X-7050
  </name>
  <category>
   Shirt
  </category>
  <size>
   L
  </size>
  <color>
   Желтый
  </color>
  <material>
   Полиэстер
  </material>
  <price>
   652501
  </price>
  <rating>
   3.82
  </rating>
  <reviews>
   442940
  </reviews>
  <exclusive>
   no
  </exclusive>
  <sporty>
   no
  </sporty>
 </clothing>
 <clothing>
  <id>
   605155637
  </id>
  <name>
   New Balance Blouse W-7743
  </name>
  <category>
   Blouse
  </category>
  <size>
   S
  </size>
  <color>
   Зеленый
  </color>
  <material>
   Шелк
  </material>
  <price>
   389432
  </price>
  <rating>
   1.69
  </rating>
  <reviews>
   537167
  </reviews>
  <exclusive>
   no
  </exclusive>
  <sporty>
   yes
  </sporty>
 </clothing>
</clothing-items>
