<?xml version="1.0" encoding="utf-8"?>
<clothing-items>
 <clothing>
  <id>
   486076154
  </id>
  <name>
   DC Shirt U-2844
  </name>
  <category>
   Shirt
  </category>
  <size>
   XXL
  </size>
  <color>
   Оранжевый
  </color>
  <material>
   Вискоза
  </material>
  <price>
   650239
  </price>
  <rating>
   3.79
  </rating>
  <reviews>
   784004
  </reviews>
  <new>
   +
  </new>
  <exclusive>
   yes
  </exclusive>
 </clothing>
 <clothing>
  <id>
   354081995
  </id>
  <name>
   Converse Gloves S-5677
  </name>
  <category>
   Gloves
  </category>
  <size>
   XXL
  </size>
  <color>
   Синий
  </color>
  <material>
   Лен
  </material>
  <price>
   285044
  </price>
  <rating>
   1.71
  </rating>
  <reviews>
   334408
  </reviews>
  <exclusive>
   no
  </exclusive>
  <sporty>
   yes
  </sporty>
 </clothing>
 <clothing>
  <id>
   570221767
  </id>
  <name>
   Fila Belts X-9072
  </name>
  <category>
   Belts
  </category>
  <size>
   XXL
  </size>
  <color>
   Красный
  </color>
  <material>
   Шерсть
  </material>
  <price>
   666121
  </price>
  <rating>
   1.87
  </rating>
  <reviews>
   495230
  </reviews>
  <new>
   -
  </new>
 </clothing>
 <clothing>
  <id>
   284928540
  </id>
  <name>
   Reebok Socks K-5493
  </name>
  <category>
   Socks
  </category>
  <size>
   XXL
  </size>
  <color>
   Зеленый
  </color>
  <material>
   Кожа
  </material>
  <price>
   806621
  </price>
  <rating>
   3.73
  </rating>
  <reviews>
   125405
  </reviews>
  <new>
   +
  </new>
  <exclusive>
   yes
  </exclusive>
 </clothing>
 <clothing>
  <id>
   538979544
  </id>
  <name>
   Adidas Umbrellas O-2910
  </name>
  <category>
   Umbrellas
  </category>
  <size>
   XXL
  </size>
  <color>
   Красный
  </color>
  <material>
   Кожа
  </material>
  <price>
   704028
  </price>
  <rating>
   3.01
  </rating>
  <reviews>
   244263
  </reviews>
  <exclusive>
   no
  </exclusive>
  <sporty>
   no
  </sporty>
 </clothing>
 <clothing>
  <id>
   730905112
  </id>
  <name>
   New Balance Hat K-8503
  </name>
  <category>
   Hat
  </category>
  <size>
   XXL
  </size>
  <color>
   Зеленый
  </color>
  <material>
   Нейлон
  </material>
  <price>
   444178
  </price>
  <rating>
   3.42
  </rating>
  <reviews>
   894482
  </reviews>
  <new>
   -
  </new>
  <exclusive>
   no
  </exclusive>
 </clothing>
 <clothing>
  <id>
   197415333
  </id>
  <name>
   Fila Dress V-7248
  </name>
  <category>
   Dress
  </category>
  <size>
   L
  </size>
  <color>
   Синий
  </color>
  <material>
   Нейлон
  </material>
  <price>
   599646
  </price>
  <rating>
   1.79
  </rating>
  <reviews>
   935818
  </reviews>
  <new>
   +
  </new>
  <exclusive>
   no
  </exclusive>
  <sporty>
   yes
  </sporty>
 </clothing>
 <clothing>
  <id>
   266149511
  </id>
  <name>
   Asics Dress O-2840
  </name>
  <category>
   Dress
  </category>
  <size>
   XL
  </size>
  <color>
   Зеленый
  </color>
  <material>
   Вискоза
  </material>
  <price>
   220499
  </price>
  <rating>
   1.12
  </rating>
  <reviews>
   556429
  </reviews>
  <new>
   -
  </new>
 </clothing>
 <clothing>
  <id>
   266054271
  </id>
  <name>
   Nike Jacket Q-8683
  </name>
  <category>
   Jacket
  </category>
  <size>
   L
  </size>
  <color>
   Желтый
  </color>
  <material>
   Кожа
  </material>
  <price>
   290441
  </price>
  <rating>
   2.29
  </rating>
  <reviews>
   701129
  </reviews>
  <new>
   +
  </new>
 </clothing>
 <clothing>
  <id>
   509970885
  </id>
  <name>
   Converse Jeans I-1204
  </name>
  <category>
   Jeans
  </category>
  <size>
   M
  </size>
  <color>
   Синий
  </color>
  <material>
   Шелк
  </material>
  <price>
   877267
  </price>
  <rating>
   1.38
  </rating>
  <reviews>
   115648
  </reviews>
  <new>
   +
  </new>
  <sporty>
   yes
  </sporty>
 </clothing>
 <clothing>
  <id>
   200488529
  </id>
  <name>
   DC Pants T-8869
  </name>
  <category>
   Pants
  </category>
  <size>
   S
  </size>
  <color>
   Синий
  </color>
  <material>
   Шелк
  </material>
  <price>
   209642
  </price>
  <rating>
   2.73
  </rating>
  <reviews>
   255185
  </reviews>
  <new>
   -
  </new>
 </clothing>
 <clothing>
  <id>
   586226917
  </id>
  <name>
   Brooks Dress C-6038
  </name>
  <category>
   Dress
  </category>
  <size>
   L
  </size>
  <color>
   Оранжевый
  </color>
  <material>
   Хлопок
  </material>
  <price>
   518574
  </price>
  <rating>
   2.76
  </rating>
  <reviews>
   478635
  </reviews>
  <new>
   -
  </new>
  <exclusive>
   no
  </exclusive>
 </clothing>
 <clothing>
  <id>
   680974273
  </id>
  <name>
   Adidas Shoes J-4053
  </name>
  <category>
   Shoes
  </category>
  <size>
   XL
  </size>
  <color>
   Голубой
  </color>
  <material>
   Лен
  </material>
  <price>
   196905
  </price>
  <rating>
   3.75
  </rating>
  <reviews>
   783855
  </reviews>
  <new>
   +
  </new>
  <exclusive>
   no
  </exclusive>
  <sporty>
   yes
  </sporty>
 </clothing>
 <clothing>
  <id>
   918145151
  </id>
  <name>
   Brooks Belts W-4150
  </name>
  <category>
   Belts
  </category>
  <size>
   S
  </size>
  <color>
   Зеленый
  </color>
  <material>
   Шерсть
  </material>
  <price>
   672434
  </price>
  <rating>
   1.52
  </rating>
  <reviews>
   48095
  </reviews>
  <new>
   -
  </new>
  <exclusive>
   yes
  </exclusive>
 </clothing>
 <clothing>
  <id>
   173634755
  </id>
  <name>
   Puma Jacket I-1576
  </name>
  <category>
   Jacket
  </category>
  <size>
   L
  </size>
  <color>
   Желтый
  </color>
  <material>
   Нейлон
  </material>
  <price>
   426039
  </price>
  <rating>
   1.41
  </rating>
  <reviews>
   49913
  </reviews>
  <new>
   -
  </new>
 </clothing>
 <clothing>
  <id>
   215912839
  </id>
  <name>
   PleinSport T-shirt G-2706
  </name>
  <category>
   T-shirt
  </category>
  <size>
   XL
  </size>
  <color>
   Оранжевый
  </color>
  <material>
   Шелк
  </material>
  <price>
   662423
  </price>
  <rating>
   1.58
  </rating>
  <reviews>
   506027
  </reviews>
  <sporty>
   no
  </sporty>
 </clothing>
 <clothing>
  <id>
   702158265
  </id>
  <name>
   Adidas Pants K-8773
  </name>
  <category>
   Pants
  </category>
  <size>
   XL
  </size>
  <color>
   Красный
  </color>
  <material>
   Вискоза
  </material>
  <price>
   491217
  </price>
  <rating>
   3.3
  </rating>
  <reviews>
   537165
  </reviews>
  <new>
   +
  </new>
  <exclusive>
   no
  </exclusive>
  <sporty>
   no
  </sporty>
 </clothing>
 <clothing>
  <id>
   528118651
  </id>
  <name>
   Converse Umbrellas V-6543
  </name>
  <category>
   Umbrellas
  </category>
  <size>
   XL
  </size>
  <color>
   Голубой
  </color>
  <material>
   Хлопок
  </material>
  <price>
   279397
  </price>
  <rating>
   2.97
  </rating>
  <reviews>
   953567
  </reviews>
  <exclusive>
   no
  </exclusive>
  <sporty>
   no
  </sporty>
 </clothing>
 <clothing>
  <id>
   206645108
  </id>
  <name>
   DC Shoes A-5173
  </name>
  <category>
   Shoes
  </category>
  <size>
   XL
  </size>
  <color>
   Красный
  </color>
  <material>
   Лен
  </material>
  <price>
   164383
  </price>
  <rating>
   3.14
  </rating>
  <reviews>
   568315
  </reviews>
  <new>
   +
  </new>
  <exclusive>
   no
  </exclusive>
  <sporty>
   no
  </sporty>
 </clothing>
 <clothing>
  <id>
   311111910
  </id>
  <name>
   Puma Dress C-7711
  </name>
  <category>
   Dress
  </category>
  <size>
   M
  </size>
  <color>
   Фиолетовый
  </color>
  <material>
   Кожа
  </material>
  <price>
   914362
  </price>
  <rating>
   4.24
  </rating>
  <reviews>
   264179
  </reviews>
  <new>
   -
  </new>
 </clothing>
 <clothing>
  <id>
   900557282
  </id>
  <name>
   Under Armour Blouse F-9092
  </name>
  <category>
   Blouse
  </category>
  <size>
   S
  </size>
  <color>
   Синий
  </color>
  <material>
   Лен
  </material>
  <price>
   502904
  </price>
  <rating>
   4.09
  </rating>
  <reviews>
   714936
  </reviews>
 </clothing>
 <clothing>
  <id>
   950229907
  </id>
  <name>
   New Balance Belts W-3476
  </name>
  <category>
   Belts
  </category>
  <size>
   XXL
  </size>
  <color>
   Зеленый
  </color>
  <material>
   Хлопок
  </material>
  <price>
   727380
  </price>
  <rating>
   2.07
  </rating>
  <reviews>
   380503
  </reviews>
  <new>
   -
  </new>
  <exclusive>
   no
  </exclusive>
  <sporty>
   yes
  </sporty>
 </clothing>
 <clothing>
  <id>
   774080885
  </id>
  <name>
   Addidas Socks L-2420
  </name>
  <category>
   Socks
  </category>
  <size>
   XL
  </size>
  <color>
   Синий
  </color>
  <material>
   Шелк
  </material>
  <price>
   153036
  </price>
  <rating>
   3.3
  </rating>
  <reviews>
   39209
  </reviews>
  <new>
   +
  </new>
 </clothing>
 <clothing>
  <id>
   714927668
  </id>
  <name>
   New Balance Handbags P-8023
  </name>
  <category>
   Handbags
  </category>
  <size>
   XXL
  </size>
  <color>
   Желтый
  </color>
  <material>
   Шерсть
  </material>
  <price>
   584523
  </price>
  <rating>
   3.08
  </rating>
  <reviews>
   504975
  </reviews>
  <new>
   -
  </new>
  <exclusive>
   yes
  </exclusive>
 </clothing>
 <clothing>
  <id>
   898690608
  </id>
  <name>
   Converse Belts S-6032
  </name>
  <category>
   Belts
  </category>
  <size>
   M
  </size>
  <color>
   Фиолетовый
  </color>
  <material>
   Хлопок
  </material>
  <price>
   585408
  </price>
  <rating>
   4.46
  </rating>
  <reviews>
   999047
  </reviews>
 </clothing>
 <clothing>
  <id>
   689907601
  </id>
  <name>
   DC Pants V-1499
  </name>
  <category>
   Pants
  </category>
  <size>
   S
  </size>
  <color>
   Красный
  </color>
  <material>
   Шерсть
  </material>
  <price>
   316090
  </price>
  <rating>
   2.43
  </rating>
  <reviews>
   21525
  </reviews>
  <new>
   -
  </new>
  <exclusive>
   yes
  </exclusive>
  <sporty>
   yes
  </sporty>
 </clothing>
 <clothing>
  <id>
   464900239
  </id>
  <name>
   Lacoste Gloves X-3633
  </name>
  <category>
   Gloves
  </category>
  <size>
   XXL
  </size>
  <color>
   Красный
  </color>
  <material>
   Кожа
  </material>
  <price>
   155197
  </price>
  <rating>
   1.82
  </rating>
  <reviews>
   503407
  </reviews>
  <new>
   -
  </new>
  <exclusive>
   no
  </exclusive>
  <sporty>
   no
  </sporty>
 </clothing>
 <clothing>
  <id>
   391383156
  </id>
  <name>
   Addidas Skirt P-6316
  </name>
  <category>
   Skirt
  </category>
  <size>
   M
  </size>
  <color>
   Фиолетовый
  </color>
  <material>
   Кожа
  </material>
  <price>
   885955
  </price>
  <rating>
   3.95
  </rating>
  <reviews>
   824477
  </reviews>
  <new>
   +
  </new>
  <exclusive>
   no
  </exclusive>
  <sporty>
   no
  </sporty>
 </clothing>
 <clothing>
  <id>
   232281825
  </id>
  <name>
   New Balance Hat R-9263
  </name>
  <category>
   Hat
  </category>
  <size>
   S
  </size>
  <color>
   Зеленый
  </color>
  <material>
   Лен
  </material>
  <price>
   708458
  </price>
  <rating>
   2.71
  </rating>
  <reviews>
   55803
  </reviews>
 </clothing>
 <clothing>
  <id>
   672099570
  </id>
  <name>
   Asics Umbrellas C-3561
  </name>
  <category>
   Umbrellas
  </category>
  <size>
   S
  </size>
  <color>
   Оранжевый
  </color>
  <material>
   Шелк
  </material>
  <price>
   367376
  </price>
  <rating>
   2.0
  </rating>
  <reviews>
   246677
  </reviews>
  <new>
   -
  </new>
  <exclusive>
   yes
  </exclusive>
 </clothing>
 <clothing>
  <id>
   355299725
  </id>
  <name>
   Vans Gloves Z-4668
  </name>
  <category>
   Gloves
  </category>
  <size>
   XL
  </size>
  <color>
   Желтый
  </color>
  <material>
   Лен
  </material>
  <price>
   813933
  </price>
  <rating>
   3.84
  </rating>
  <reviews>
   166406
  </reviews>
  <new>
   +
  </new>
  <exclusive>
   no
  </exclusive>
  <sporty>
   yes
  </sporty>
 </clothing>
 <clothing>
  <id>
   906888989
  </id>
  <name>
   Addidas Hat H-8319
  </name>
  <category>
   Hat
  </category>
  <size>
   XL
  </size>
  <color>
   Оранжевый
  </color>
  <material>
   Шелк
  </material>
  <price>
   376215
  </price>
  <rating>
   3.59
  </rating>
  <reviews>
   838273
  </reviews>
  <exclusive>
   yes
  </exclusive>
  <sporty>
   no
  </sporty>
 </clothing>
 <clothing>
  <id>
   969234158
  </id>
  <name>
   Lacoste Umbrellas J-8345
  </name>
  <category>
   Umbrellas
  </category>
  <size>
   S
  </size>
  <color>
   Фиолетовый
  </color>
  <material>
   Вискоза
  </material>
  <price>
   978592
  </price>
  <rating>
   3.33
  </rating>
  <reviews>
   472122
  </reviews>
  <new>
   -
  </new>
  <sporty>
   no
  </sporty>
 </clothing>
</clothing-items>
