<?xml version="1.0" encoding="utf-8"?>
<clothing-items>
 <clothing>
  <id>
   366533653
  </id>
  <name>
   Addidas Pants M-7367
  </name>
  <category>
   Pants
  </category>
  <size>
   XL
  </size>
  <color>
   Оранжевый
  </color>
  <material>
   Вискоза
  </material>
  <price>
   688727
  </price>
  <rating>
   4.51
  </rating>
  <reviews>
   109878
  </reviews>
  <new>
   -
  </new>
  <exclusive>
   no
  </exclusive>
 </clothing>
 <clothing>
  <id>
   123554709
  </id>
  <name>
   Fila Pants R-1427
  </name>
  <category>
   Pants
  </category>
  <size>
   S
  </size>
  <color>
   Красный
  </color>
  <material>
   Хлопок
  </material>
  <price>
   124726
  </price>
  <rating>
   2.89
  </rating>
  <reviews>
   232977
  </reviews>
  <new>
   +
  </new>
  <exclusive>
   yes
  </exclusive>
  <sporty>
   no
  </sporty>
 </clothing>
 <clothing>
  <id>
   909217243
  </id>
  <name>
   Addidas Gloves C-2999
  </name>
  <category>
   Gloves
  </category>
  <size>
   XL
  </size>
  <color>
   Красный
  </color>
  <material>
   Нейлон
  </material>
  <price>
   359048
  </price>
  <rating>
   4.09
  </rating>
  <reviews>
   321281
  </reviews>
  <new>
   -
  </new>
  <exclusive>
   no
  </exclusive>
  <sporty>
   yes
  </sporty>
 </clothing>
 <clothing>
  <id>
   702926481
  </id>
  <name>
   DC Sweater Y-1524
  </name>
  <category>
   Sweater
  </category>
  <size>
   XL
  </size>
  <color>
   Оранжевый
  </color>
  <material>
   Лен
  </material>
  <price>
   355539
  </price>
  <rating>
   3.71
  </rating>
  <reviews>
   96497
  </reviews>
  <new>
   -
  </new>
  <exclusive>
   yes
  </exclusive>
  <sporty>
   no
  </sporty>
 </clothing>
 <clothing>
  <id>
   643566920
  </id>
  <name>
   PleinSport Socks D-1201
  </name>
  <category>
   Socks
  </category>
  <size>
   S
  </size>
  <color>
   Голубой
  </color>
  <material>
   Кожа
  </material>
  <price>
   875498
  </price>
  <rating>
   2.31
  </rating>
  <reviews>
   226333
  </reviews>
  <new>
   -
  </new>
  <exclusive>
   yes
  </exclusive>
 </clothing>
 <clothing>
  <id>
   156827319
  </id>
  <name>
   Asics Pants H-2681
  </name>
  <category>
   Pants
  </category>
  <size>
   XL
  </size>
  <color>
   Зеленый
  </color>
  <material>
   Шелк
  </material>
  <price>
   250042
  </price>
  <rating>
   4.89
  </rating>
  <reviews>
   840775
  </reviews>
  <new>
   -
  </new>
  <sporty>
   no
  </sporty>
 </clothing>
 <clothing>
  <id>
   192282001
  </id>
  <name>
   New Balance Jacket L-1733
  </name>
  <category>
   Jacket
  </category>
  <size>
   S
  </size>
  <color>
   Красный
  </color>
  <material>
   Хлопок
  </material>
  <price>
   490901
  </price>
  <rating>
   3.39
  </rating>
  <reviews>
   907426
  </reviews>
  <exclusive>
   yes
  </exclusive>
 </clothing>
 <clothing>
  <id>
   110460105
  </id>
  <name>
   Under Armour Gloves R-1056
  </name>
  <category>
   Gloves
  </category>
  <size>
   L
  </size>
  <color>
   Зеленый
  </color>
  <material>
   Нейлон
  </material>
  <price>
   430681
  </price>
  <rating>
   3.09
  </rating>
  <reviews>
   438965
  </reviews>
  <sporty>
   yes
  </sporty>
 </clothing>
 <clothing>
  <id>
   917930087
  </id>
  <name>
   Reebok Skirt P-1468
  </name>
  <category>
   Skirt
  </category>
  <size>
   S
  </size>
  <color>
   Оранжевый
  </color>
  <material>
   Вискоза
  </material>
  <price>
   186390
  </price>
  <rating>
   4.28
  </rating>
  <reviews>
   505480
  </reviews>
  <new>
   -
  </new>
  <exclusive>
   yes
  </exclusive>
 </clothing>
 <clothing>
  <id>
   428450547
  </id>
  <name>
   Ellesse Gloves F-5901
  </name>
  <category>
   Gloves
  </category>
  <size>
   L
  </size>
  <color>
   Голубой
  </color>
  <material>
   Нейлон
  </material>
  <price>
   212840
  </price>
  <rating>
   4.87
  </rating>
  <reviews>
   380519
  </reviews>
  <sporty>
   no
  </sporty>
 </clothing>
 <clothing>
  <id>
   805729204
  </id>
  <name>
   Reebok Umbrellas Y-4100
  </name>
  <category>
   Umbrellas
  </category>
  <size>
   M
  </size>
  <color>
   Зеленый
  </color>
  <material>
   Хлопок
  </material>
  <price>
   265947
  </price>
  <rating>
   1.95
  </rating>
  <reviews>
   30430
  </reviews>
  <new>
   -
  </new>
  <sporty>
   yes
  </sporty>
 </clothing>
 <clothing>
  <id>
   514682508
  </id>
  <name>
   Fila Shoes N-7116
  </name>
  <category>
   Shoes
  </category>
  <size>
   S
  </size>
  <color>
   Оранжевый
  </color>
  <material>
   Шерсть
  </material>
  <price>
   343102
  </price>
  <rating>
   3.93
  </rating>
  <reviews>
   640276
  </reviews>
  <new>
   +
  </new>
  <exclusive>
   yes
  </exclusive>
  <sporty>
   yes
  </sporty>
 </clothing>
 <clothing>
  <id>
   547811618
  </id>
  <name>
   Under Armour Shirt V-9270
  </name>
  <category>
   Shirt
  </category>
  <size>
   S
  </size>
  <color>
   Фиолетовый
  </color>
  <material>
   Кожа
  </material>
  <price>
   243245
  </price>
  <rating>
   4.28
  </rating>
  <reviews>
   523743
  </reviews>
  <new>
   -
  </new>
 </clothing>
</clothing-items>
