<?xml version="1.0" encoding="utf-8"?>
<clothing-items>
 <clothing>
  <id>
   928151149
  </id>
  <name>
   Converse T-shirt N-4364
  </name>
  <category>
   T-shirt
  </category>
  <size>
   L
  </size>
  <color>
   Оранжевый
  </color>
  <material>
   Лен
  </material>
  <price>
   718874
  </price>
  <rating>
   2.84
  </rating>
  <reviews>
   159945
  </reviews>
  <sporty>
   yes
  </sporty>
 </clothing>
 <clothing>
  <id>
   407531242
  </id>
  <name>
   Nike Jacket L-4282
  </name>
  <category>
   Jacket
  </category>
  <size>
   XL
  </size>
  <color>
   Фиолетовый
  </color>
  <material>
   Вискоза
  </material>
  <price>
   577057
  </price>
  <rating>
   3.61
  </rating>
  <reviews>
   576939
  </reviews>
 </clothing>
 <clothing>
  <id>
   964606572
  </id>
  <name>
   PleinSport Jeans Y-1292
  </name>
  <category>
   Jeans
  </category>
  <size>
   L
  </size>
  <color>
   Красный
  </color>
  <material>
   Полиэстер
  </material>
  <price>
   552517
  </price>
  <rating>
   1.43
  </rating>
  <reviews>
   701604
  </reviews>
  <exclusive>
   no
  </exclusive>
 </clothing>
 <clothing>
  <id>
   947828628
  </id>
  <name>
   Asics Skirt O-3746
  </name>
  <category>
   Skirt
  </category>
  <size>
   M
  </size>
  <color>
   Оранжевый
  </color>
  <material>
   Шерсть
  </material>
  <price>
   812392
  </price>
  <rating>
   4.31
  </rating>
  <reviews>
   734485
  </reviews>
  <new>
   +
  </new>
  <exclusive>
   no
  </exclusive>
 </clothing>
 <clothing>
  <id>
   491469078
  </id>
  <name>
   Ellesse Jeans K-1637
  </name>
  <category>
   Jeans
  </category>
  <size>
   S
  </size>
  <color>
   Красный
  </color>
  <material>
   Вискоза
  </material>
  <price>
   807954
  </price>
  <rating>
   3.1
  </rating>
  <reviews>
   440767
  </reviews>
  <exclusive>
   no
  </exclusive>
  <sporty>
   yes
  </sporty>
 </clothing>
 <clothing>
  <id>
   322189839
  </id>
  <name>
   Fila Dress I-8947
  </name>
  <category>
   Dress
  </category>
  <size>
   M
  </size>
  <color>
   Красный
  </color>
  <material>
   Вискоза
  </material>
  <price>
   400566
  </price>
  <rating>
   2.12
  </rating>
  <reviews>
   160046
  </reviews>
  <new>
   +
  </new>
  <exclusive>
   yes
  </exclusive>
 </clothing>
 <clothing>
  <id>
   250630233
  </id>
  <name>
   Vans Sweater X-7679
  </name>
  <category>
   Sweater
  </category>
  <size>
   XL
  </size>
  <color>
   Желтый
  </color>
  <material>
   Полиэстер
  </material>
  <price>
   363740
  </price>
  <rating>
   1.58
  </rating>
  <reviews>
   145126
  </reviews>
  <new>
   +
  </new>
  <exclusive>
   yes
  </exclusive>
 </clothing>
 <clothing>
  <id>
   570388704
  </id>
  <name>
   Nike Skirt K-3890
  </name>
  <category>
   Skirt
  </category>
  <size>
   XXL
  </size>
  <color>
   Голубой
  </color>
  <material>
   Вискоза
  </material>
  <price>
   816858
  </price>
  <rating>
   1.53
  </rating>
  <reviews>
   764472
  </reviews>
  <new>
   -
  </new>
  <exclusive>
   no
  </exclusive>
  <sporty>
   no
  </sporty>
 </clothing>
 <clothing>
  <id>
   924779007
  </id>
  <name>
   Lacoste Umbrellas C-5530
  </name>
  <category>
   Umbrellas
  </category>
  <size>
   S
  </size>
  <color>
   Желтый
  </color>
  <material>
   Лен
  </material>
  <price>
   998442
  </price>
  <rating>
   2.46
  </rating>
  <reviews>
   166665
  </reviews>
  <new>
   +
  </new>
 </clothing>
 <clothing>
  <id>
   813178485
  </id>
  <name>
   New Balance Pants F-2156
  </name>
  <category>
   Pants
  </category>
  <size>
   L
  </size>
  <color>
   Голубой
  </color>
  <material>
   Вискоза
  </material>
  <price>
   844911
  </price>
  <rating>
   1.8
  </rating>
  <reviews>
   251200
  </reviews>
  <new>
   +
  </new>
  <exclusive>
   yes
  </exclusive>
 </clothing>
 <clothing>
  <id>
   393439445
  </id>
  <name>
   Ellesse Dress A-8372
  </name>
  <category>
   Dress
  </category>
  <size>
   S
  </size>
  <color>
   Синий
  </color>
  <material>
   Хлопок
  </material>
  <price>
   183434
  </price>
  <rating>
   3.59
  </rating>
  <reviews>
   470416
  </reviews>
  <new>
   +
  </new>
  <exclusive>
   yes
  </exclusive>
 </clothing>
 <clothing>
  <id>
   329295450
  </id>
  <name>
   Adidas Socks L-9136
  </name>
  <category>
   Socks
  </category>
  <size>
   S
  </size>
  <color>
   Желтый
  </color>
  <material>
   Лен
  </material>
  <price>
   121054
  </price>
  <rating>
   4.65
  </rating>
  <reviews>
   395587
  </reviews>
  <exclusive>
   yes
  </exclusive>
  <sporty>
   yes
  </sporty>
 </clothing>
 <clothing>
  <id>
   916986886
  </id>
  <name>
   Puma Gloves Q-2820
  </name>
  <category>
   Gloves
  </category>
  <size>
   XL
  </size>
  <color>
   Желтый
  </color>
  <material>
   Полиэстер
  </material>
  <price>
   915265
  </price>
  <rating>
   3.4
  </rating>
  <reviews>
   857306
  </reviews>
  <new>
   -
  </new>
  <sporty>
   yes
  </sporty>
 </clothing>
 <clothing>
  <id>
   489863281
  </id>
  <name>
   Nike T-shirt A-3773
  </name>
  <category>
   T-shirt
  </category>
  <size>
   XL
  </size>
  <color>
   Зеленый
  </color>
  <material>
   Вискоза
  </material>
  <price>
   235718
  </price>
  <rating>
   2.74
  </rating>
  <reviews>
   621032
  </reviews>
  <new>
   +
  </new>
  <exclusive>
   yes
  </exclusive>
  <sporty>
   yes
  </sporty>
 </clothing>
 <clothing>
  <id>
   900295078
  </id>
  <name>
   Lacoste Pants Y-2830
  </name>
  <category>
   Pants
  </category>
  <size>
   XXL
  </size>
  <color>
   Оранжевый
  </color>
  <material>
   Вискоза
  </material>
  <price>
   266993
  </price>
  <rating>
   2.29
  </rating>
  <reviews>
   971406
  </reviews>
  <new>
   -
  </new>
  <sporty>
   no
  </sporty>
 </clothing>
 <clothing>
  <id>
   155220857
  </id>
  <name>
   Fila Socks Y-7225
  </name>
  <category>
   Socks
  </category>
  <size>
   S
  </size>
  <color>
   Оранжевый
  </color>
  <material>
   Шелк
  </material>
  <price>
   918757
  </price>
  <rating>
   3.3
  </rating>
  <reviews>
   841141
  </reviews>
  <new>
   -
  </new>
  <exclusive>
   no
  </exclusive>
  <sporty>
   no
  </sporty>
 </clothing>
 <clothing>
  <id>
   669521319
  </id>
  <name>
   Converse Socks G-8624
  </name>
  <category>
   Socks
  </category>
  <size>
   M
  </size>
  <color>
   Красный
  </color>
  <material>
   Вискоза
  </material>
  <price>
   514271
  </price>
  <rating>
   3.56
  </rating>
  <reviews>
   798737
  </reviews>
  <new>
   -
  </new>
  <exclusive>
   yes
  </exclusive>
  <sporty>
   no
  </sporty>
 </clothing>
 <clothing>
  <id>
   679611939
  </id>
  <name>
   DC Belts J-5926
  </name>
  <category>
   Belts
  </category>
  <size>
   L
  </size>
  <color>
   Желтый
  </color>
  <material>
   Вискоза
  </material>
  <price>
   385034
  </price>
  <rating>
   1.1
  </rating>
  <reviews>
   911719
  </reviews>
 </clothing>
 <clothing>
  <id>
   874030077
  </id>
  <name>
   Reebok Jeans R-6765
  </name>
  <category>
   Jeans
  </category>
  <size>
   L
  </size>
  <color>
   Желтый
  </color>
  <material>
   Шерсть
  </material>
  <price>
   715047
  </price>
  <rating>
   4.13
  </rating>
  <reviews>
   491568
  </reviews>
  <exclusive>
   no
  </exclusive>
 </clothing>
 <clothing>
  <id>
   274286948
  </id>
  <name>
   Asics Hat M-5700
  </name>
  <category>
   Hat
  </category>
  <size>
   XXL
  </size>
  <color>
   Синий
  </color>
  <material>
   Шелк
  </material>
  <price>
   450593
  </price>
  <rating>
   4.2
  </rating>
  <reviews>
   97761
  </reviews>
 </clothing>
 <clothing>
  <id>
   251993686
  </id>
  <name>
   Under Armour Shoes N-3248
  </name>
  <category>
   Shoes
  </category>
  <size>
   XL
  </size>
  <color>
   Оранжевый
  </color>
  <material>
   Нейлон
  </material>
  <price>
   751799
  </price>
  <rating>
   2.15
  </rating>
  <reviews>
   32660
  </reviews>
  <new>
   +
  </new>
  <exclusive>
   no
  </exclusive>
  <sporty>
   no
  </sporty>
 </clothing>
 <clothing>
  <id>
   283129370
  </id>
  <name>
   Addidas Skirt F-7111
  </name>
  <category>
   Skirt
  </category>
  <size>
   S
  </size>
  <color>
   Красный
  </color>
  <material>
   Нейлон
  </material>
  <price>
   608466
  </price>
  <rating>
   4.14
  </rating>
  <reviews>
   742482
  </reviews>
  <new>
   +
  </new>
 </clothing>
 <clothing>
  <id>
   399333337
  </id>
  <name>
   Addidas Sweater I-4972
  </name>
  <category>
   Sweater
  </category>
  <size>
   L
  </size>
  <color>
   Красный
  </color>
  <material>
   Шелк
  </material>
  <price>
   387636
  </price>
  <rating>
   3.34
  </rating>
  <reviews>
   197414
  </reviews>
  <new>
   +
  </new>
 </clothing>
 <clothing>
  <id>
   544351045
  </id>
  <name>
   New Balance Jacket U-5783
  </name>
  <category>
   Jacket
  </category>
  <size>
   XXL
  </size>
  <color>
   Красный
  </color>
  <material>
   Шелк
  </material>
  <price>
   968641
  </price>
  <rating>
   1.06
  </rating>
  <reviews>
   735433
  </reviews>
  <new>
   +
  </new>
  <sporty>
   no
  </sporty>
 </clothing>
 <clothing>
  <id>
   650110993
  </id>
  <name>
   Vans Handbags Y-7026
  </name>
  <category>
   Handbags
  </category>
  <size>
   M
  </size>
  <color>
   Желтый
  </color>
  <material>
   Шерсть
  </material>
  <price>
   367065
  </price>
  <rating>
   4.28
  </rating>
  <reviews>
   641605
  </reviews>
  <new>
   -
  </new>
  <exclusive>
   no
  </exclusive>
 </clothing>
 <clothing>
  <id>
   140259927
  </id>
  <name>
   Vans Umbrellas P-5433
  </name>
  <category>
   Umbrellas
  </category>
  <size>
   L
  </size>
  <color>
   Синий
  </color>
  <material>
   Шерсть
  </material>
  <price>
   823905
  </price>
  <rating>
   3.36
  </rating>
  <reviews>
   810496
  </reviews>
  <new>
   -
  </new>
  <exclusive>
   no
  </exclusive>
  <sporty>
   no
  </sporty>
 </clothing>
 <clothing>
  <id>
   453287281
  </id>
  <name>
   Nike Hat Q-7170
  </name>
  <category>
   Hat
  </category>
  <size>
   S
  </size>
  <color>
   Голубой
  </color>
  <material>
   Хлопок
  </material>
  <price>
   319490
  </price>
  <rating>
   1.37
  </rating>
  <reviews>
   62194
  </reviews>
  <new>
   +
  </new>
  <exclusive>
   yes
  </exclusive>
  <sporty>
   no
  </sporty>
 </clothing>
 <clothing>
  <id>
   462374440
  </id>
  <name>
   Ellesse Belts B-3213
  </name>
  <category>
   Belts
  </category>
  <size>
   XL
  </size>
  <color>
   Голубой
  </color>
  <material>
   Полиэстер
  </material>
  <price>
   795176
  </price>
  <rating>
   4.86
  </rating>
  <reviews>
   233048
  </reviews>
  <new>
   +
  </new>
 </clothing>
 <clothing>
  <id>
   453712267
  </id>
  <name>
   Adidas Dress G-2378
  </name>
  <category>
   Dress
  </category>
  <size>
   L
  </size>
  <color>
   Зеленый
  </color>
  <material>
   Кожа
  </material>
  <price>
   474828
  </price>
  <rating>
   4.14
  </rating>
  <reviews>
   511641
  </reviews>
  <exclusive>
   no
  </exclusive>
  <sporty>
   no
  </sporty>
 </clothing>
 <clothing>
  <id>
   136721446
  </id>
  <name>
   Lacoste Jeans T-9648
  </name>
  <category>
   Jeans
  </category>
  <size>
   S
  </size>
  <color>
   Голубой
  </color>
  <material>
   Кожа
  </material>
  <price>
   179575
  </price>
  <rating>
   3.89
  </rating>
  <reviews>
   18883
  </reviews>
  <sporty>
   no
  </sporty>
 </clothing>
 <clothing>
  <id>
   547727338
  </id>
  <name>
   Puma Umbrellas Q-9413
  </name>
  <category>
   Umbrellas
  </category>
  <size>
   S
  </size>
  <color>
   Зеленый
  </color>
  <material>
   Хлопок
  </material>
  <price>
   849231
  </price>
  <rating>
   3.04
  </rating>
  <reviews>
   78815
  </reviews>
  <exclusive>
   no
  </exclusive>
 </clothing>
 <clothing>
  <id>
   539732378
  </id>
  <name>
   Lacoste Umbrellas D-5857
  </name>
  <category>
   Umbrellas
  </category>
  <size>
   XL
  </size>
  <color>
   Фиолетовый
  </color>
  <material>
   Кожа
  </material>
  <price>
   877212
  </price>
  <rating>
   4.58
  </rating>
  <reviews>
   823449
  </reviews>
  <exclusive>
   no
  </exclusive>
  <sporty>
   no
  </sporty>
 </clothing>
 <clothing>
  <id>
   257573823
  </id>
  <name>
   Nike Gloves B-3354
  </name>
  <category>
   Gloves
  </category>
  <size>
   M
  </size>
  <color>
   Оранжевый
  </color>
  <material>
   Хлопок
  </material>
  <price>
   661630
  </price>
  <rating>
   4.04
  </rating>
  <reviews>
   819340
  </reviews>
  <new>
   -
  </new>
  <sporty>
   yes
  </sporty>
 </clothing>
 <clothing>
  <id>
   417794085
  </id>
  <name>
   New Balance Jacket W-8184
  </name>
  <category>
   Jacket
  </category>
  <size>
   S
  </size>
  <color>
   Желтый
  </color>
  <material>
   Лен
  </material>
  <price>
   550045
  </price>
  <rating>
   4.37
  </rating>
  <reviews>
   257327
  </reviews>
  <exclusive>
   no
  </exclusive>
 </clothing>
 <clothing>
  <id>
   460848524
  </id>
  <name>
   Addidas Jacket W-3699
  </name>
  <category>
   Jacket
  </category>
  <size>
   XL
  </size>
  <color>
   Голубой
  </color>
  <material>
   Нейлон
  </material>
  <price>
   197391
  </price>
  <rating>
   4.6
  </rating>
  <reviews>
   83158
  </reviews>
  <new>
   -
  </new>
  <exclusive>
   no
  </exclusive>
  <sporty>
   no
  </sporty>
 </clothing>
 <clothing>
  <id>
   466368868
  </id>
  <name>
   Fila Handbags T-8258
  </name>
  <category>
   Handbags
  </category>
  <size>
   M
  </size>
  <color>
   Зеленый
  </color>
  <material>
   Нейлон
  </material>
  <price>
   207449
  </price>
  <rating>
   1.85
  </rating>
  <reviews>
   367383
  </reviews>
  <new>
   +
  </new>
  <exclusive>
   no
  </exclusive>
 </clothing>
 <clothing>
  <id>
   944564703
  </id>
  <name>
   Asics Jacket L-1131
  </name>
  <category>
   Jacket
  </category>
  <size>
   M
  </size>
  <color>
   Красный
  </color>
  <material>
   Шелк
  </material>
  <price>
   366456
  </price>
  <rating>
   3.86
  </rating>
  <reviews>
   629620
  </reviews>
  <new>
   -
  </new>
  <exclusive>
   no
  </exclusive>
 </clothing>
 <clothing>
  <id>
   414596652
  </id>
  <name>
   New Balance Gloves M-4264
  </name>
  <category>
   Gloves
  </category>
  <size>
   XL
  </size>
  <color>
   Синий
  </color>
  <material>
   Полиэстер
  </material>
  <price>
   880874
  </price>
  <rating>
   2.28
  </rating>
  <reviews>
   979370
  </reviews>
  <exclusive>
   no
  </exclusive>
  <sporty>
   yes
  </sporty>
 </clothing>
 <clothing>
  <id>
   493441720
  </id>
  <name>
   Nike Socks W-1450
  </name>
  <category>
   Socks
  </category>
  <size>
   S
  </size>
  <color>
   Фиолетовый
  </color>
  <material>
   Шелк
  </material>
  <price>
   184864
  </price>
  <rating>
   2.82
  </rating>
  <reviews>
   699179
  </reviews>
  <new>
   -
  </new>
  <sporty>
   no
  </sporty>
 </clothing>
 <clothing>
  <id>
   928514113
  </id>
  <name>
   PleinSport Pants V-9838
  </name>
  <category>
   Pants
  </category>
  <size>
   L
  </size>
  <color>
   Голубой
  </color>
  <material>
   Шелк
  </material>
  <price>
   854081
  </price>
  <rating>
   1.99
  </rating>
  <reviews>
   726260
  </reviews>
  <new>
   +
  </new>
  <exclusive>
   yes
  </exclusive>
 </clothing>
 <clothing>
  <id>
   904142670
  </id>
  <name>
   New Balance Jacket Y-3217
  </name>
  <category>
   Jacket
  </category>
  <size>
   L
  </size>
  <color>
   Зеленый
  </color>
  <material>
   Кожа
  </material>
  <price>
   506921
  </price>
  <rating>
   2.21
  </rating>
  <reviews>
   910133
  </reviews>
  <exclusive>
   no
  </exclusive>
 </clothing>
 <clothing>
  <id>
   532786718
  </id>
  <name>
   Addidas Pants M-9110
  </name>
  <category>
   Pants
  </category>
  <size>
   S
  </size>
  <color>
   Синий
  </color>
  <material>
   Шелк
  </material>
  <price>
   679761
  </price>
  <rating>
   1.62
  </rating>
  <reviews>
   643910
  </reviews>
  <new>
   -
  </new>
  <sporty>
   no
  </sporty>
 </clothing>
 <clothing>
  <id>
   624669903
  </id>
  <name>
   DC Blouse Y-2424
  </name>
  <category>
   Blouse
  </category>
  <size>
   M
  </size>
  <color>
   Фиолетовый
  </color>
  <material>
   Кожа
  </material>
  <price>
   375172
  </price>
  <rating>
   3.99
  </rating>
  <reviews>
   785630
  </reviews>
  <new>
   -
  </new>
  <exclusive>
   no
  </exclusive>
  <sporty>
   yes
  </sporty>
 </clothing>
 <clothing>
  <id>
   912208742
  </id>
  <name>
   Lacoste Jacket D-2109
  </name>
  <category>
   Jacket
  </category>
  <size>
   XXL
  </size>
  <color>
   Желтый
  </color>
  <material>
   Лен
  </material>
  <price>
   512394
  </price>
  <rating>
   4.72
  </rating>
  <reviews>
   880926
  </reviews>
  <new>
   -
  </new>
  <exclusive>
   no
  </exclusive>
 </clothing>
</clothing-items>
