<?xml version="1.0" encoding="utf-8"?>
<clothing-items>
 <clothing>
  <id>
   652755739
  </id>
  <name>
   Adidas Socks I-6835
  </name>
  <category>
   Socks
  </category>
  <size>
   L
  </size>
  <color>
   Оранжевый
  </color>
  <material>
   Лен
  </material>
  <price>
   408107
  </price>
  <rating>
   3.94
  </rating>
  <reviews>
   958583
  </reviews>
 </clothing>
 <clothing>
  <id>
   547113978
  </id>
  <name>
   PleinSport Skirt E-6828
  </name>
  <category>
   Skirt
  </category>
  <size>
   XXL
  </size>
  <color>
   Оранжевый
  </color>
  <material>
   Шерсть
  </material>
  <price>
   967192
  </price>
  <rating>
   1.85
  </rating>
  <reviews>
   413883
  </reviews>
  <exclusive>
   no
  </exclusive>
 </clothing>
 <clothing>
  <id>
   493544544
  </id>
  <name>
   Vans Skirt D-9780
  </name>
  <category>
   Skirt
  </category>
  <size>
   M
  </size>
  <color>
   Голубой
  </color>
  <material>
   Полиэстер
  </material>
  <price>
   215770
  </price>
  <rating>
   2.05
  </rating>
  <reviews>
   320497
  </reviews>
  <exclusive>
   yes
  </exclusive>
  <sporty>
   yes
  </sporty>
 </clothing>
 <clothing>
  <id>
   695215863
  </id>
  <name>
   Under Armour Jeans A-7951
  </name>
  <category>
   Jeans
  </category>
  <size>
   L
  </size>
  <color>
   Голубой
  </color>
  <material>
   Шелк
  </material>
  <price>
   138711
  </price>
  <rating>
   2.67
  </rating>
  <reviews>
   932141
  </reviews>
  <new>
   -
  </new>
 </clothing>
 <clothing>
  <id>
   591667707
  </id>
  <name>
   Puma Belts K-9869
  </name>
  <category>
   Belts
  </category>
  <size>
   M
  </size>
  <color>
   Оранжевый
  </color>
  <material>
   Шерсть
  </material>
  <price>
   362238
  </price>
  <rating>
   4.86
  </rating>
  <reviews>
   437071
  </reviews>
  <new>
   -
  </new>
  <exclusive>
   no
  </exclusive>
  <sporty>
   no
  </sporty>
 </clothing>
 <clothing>
  <id>
   288975668
  </id>
  <name>
   Nike Jeans Z-7485
  </name>
  <category>
   Jeans
  </category>
  <size>
   M
  </size>
  <color>
   Фиолетовый
  </color>
  <material>
   Шерсть
  </material>
  <price>
   877720
  </price>
  <rating>
   3.06
  </rating>
  <reviews>
   760650
  </reviews>
  <new>
   +
  </new>
 </clothing>
 <clothing>
  <id>
   726362363
  </id>
  <name>
   Lacoste Shirt L-2017
  </name>
  <category>
   Shirt
  </category>
  <size>
   M
  </size>
  <color>
   Зеленый
  </color>
  <material>
   Хлопок
  </material>
  <price>
   289732
  </price>
  <rating>
   2.75
  </rating>
  <reviews>
   551156
  </reviews>
  <new>
   +
  </new>
  <exclusive>
   no
  </exclusive>
 </clothing>
 <clothing>
  <id>
   185607304
  </id>
  <name>
   Converse Jacket V-1772
  </name>
  <category>
   Jacket
  </category>
  <size>
   XL
  </size>
  <color>
   Оранжевый
  </color>
  <material>
   Полиэстер
  </material>
  <price>
   375544
  </price>
  <rating>
   4.8
  </rating>
  <reviews>
   546550
  </reviews>
  <new>
   +
  </new>
  <exclusive>
   no
  </exclusive>
 </clothing>
 <clothing>
  <id>
   875774818
  </id>
  <name>
   Ellesse T-shirt F-9724
  </name>
  <category>
   T-shirt
  </category>
  <size>
   L
  </size>
  <color>
   Оранжевый
  </color>
  <material>
   Вискоза
  </material>
  <price>
   723387
  </price>
  <rating>
   2.28
  </rating>
  <reviews>
   135341
  </reviews>
  <exclusive>
   no
  </exclusive>
 </clothing>
 <clothing>
  <id>
   943699507
  </id>
  <name>
   PleinSport Jacket T-6563
  </name>
  <category>
   Jacket
  </category>
  <size>
   M
  </size>
  <color>
   Желтый
  </color>
  <material>
   Шелк
  </material>
  <price>
   302585
  </price>
  <rating>
   4.64
  </rating>
  <reviews>
   635901
  </reviews>
  <new>
   -
  </new>
  <exclusive>
   no
  </exclusive>
 </clothing>
 <clothing>
  <id>
   534191962
  </id>
  <name>
   Asics Jacket O-3563
  </name>
  <category>
   Jacket
  </category>
  <size>
   XL
  </size>
  <color>
   Голубой
  </color>
  <material>
   Лен
  </material>
  <price>
   880838
  </price>
  <rating>
   1.62
  </rating>
  <reviews>
   33807
  </reviews>
  <new>
   -
  </new>
  <exclusive>
   no
  </exclusive>
 </clothing>
 <clothing>
  <id>
   619438065
  </id>
  <name>
   Under Armour Belts U-3827
  </name>
  <category>
   Belts
  </category>
  <size>
   XXL
  </size>
  <color>
   Красный
  </color>
  <material>
   Кожа
  </material>
  <price>
   201773
  </price>
  <rating>
   3.12
  </rating>
  <reviews>
   956982
  </reviews>
  <sporty>
   no
  </sporty>
 </clothing>
 <clothing>
  <id>
   935349009
  </id>
  <name>
   PleinSport Gloves E-9567
  </name>
  <category>
   Gloves
  </category>
  <size>
   XL
  </size>
  <color>
   Красный
  </color>
  <material>
   Шерсть
  </material>
  <price>
   776052
  </price>
  <rating>
   4.07
  </rating>
  <reviews>
   283880
  </reviews>
  <new>
   -
  </new>
  <exclusive>
   no
  </exclusive>
  <sporty>
   no
  </sporty>
 </clothing>
 <clothing>
  <id>
   502989918
  </id>
  <name>
   Nike Sweater J-1020
  </name>
  <category>
   Sweater
  </category>
  <size>
   XL
  </size>
  <color>
   Фиолетовый
  </color>
  <material>
   Шерсть
  </material>
  <price>
   175256
  </price>
  <rating>
   4.08
  </rating>
  <reviews>
   96383
  </reviews>
  <new>
   -
  </new>
  <sporty>
   yes
  </sporty>
 </clothing>
 <clothing>
  <id>
   853321778
  </id>
  <name>
   Under Armour Handbags S-2044
  </name>
  <category>
   Handbags
  </category>
  <size>
   L
  </size>
  <color>
   Красный
  </color>
  <material>
   Нейлон
  </material>
  <price>
   461481
  </price>
  <rating>
   2.73
  </rating>
  <reviews>
   320332
  </reviews>
  <new>
   -
  </new>
  <exclusive>
   yes
  </exclusive>
  <sporty>
   no
  </sporty>
 </clothing>
 <clothing>
  <id>
   628781999
  </id>
  <name>
   Adidas Sweater V-1511
  </name>
  <category>
   Sweater
  </category>
  <size>
   S
  </size>
  <color>
   Оранжевый
  </color>
  <material>
   Хлопок
  </material>
  <price>
   250415
  </price>
  <rating>
   1.48
  </rating>
  <reviews>
   131623
  </reviews>
  <new>
   -
  </new>
 </clothing>
 <clothing>
  <id>
   927701534
  </id>
  <name>
   Vans T-shirt Z-9590
  </name>
  <category>
   T-shirt
  </category>
  <size>
   M
  </size>
  <color>
   Синий
  </color>
  <material>
   Кожа
  </material>
  <price>
   363007
  </price>
  <rating>
   3.31
  </rating>
  <reviews>
   472363
  </reviews>
 </clothing>
 <clothing>
  <id>
   297057462
  </id>
  <name>
   Lacoste Shirt L-8886
  </name>
  <category>
   Shirt
  </category>
  <size>
   M
  </size>
  <color>
   Оранжевый
  </color>
  <material>
   Шерсть
  </material>
  <price>
   359494
  </price>
  <rating>
   2.29
  </rating>
  <reviews>
   143860
  </reviews>
  <new>
   -
  </new>
  <sporty>
   no
  </sporty>
 </clothing>
 <clothing>
  <id>
   869676110
  </id>
  <name>
   Adidas Gloves Z-6481
  </name>
  <category>
   Gloves
  </category>
  <size>
   M
  </size>
  <color>
   Зеленый
  </color>
  <material>
   Лен
  </material>
  <price>
   106544
  </price>
  <rating>
   3.56
  </rating>
  <reviews>
   941317
  </reviews>
  <new>
   -
  </new>
  <exclusive>
   no
  </exclusive>
  <sporty>
   no
  </sporty>
 </clothing>
 <clothing>
  <id>
   253662883
  </id>
  <name>
   Addidas Gloves F-1652
  </name>
  <category>
   Gloves
  </category>
  <size>
   XXL
  </size>
  <color>
   Оранжевый
  </color>
  <material>
   Нейлон
  </material>
  <price>
   570843
  </price>
  <rating>
   2.26
  </rating>
  <reviews>
   792783
  </reviews>
  <sporty>
   no
  </sporty>
 </clothing>
 <clothing>
  <id>
   344986749
  </id>
  <name>
   PleinSport Socks W-5645
  </name>
  <category>
   Socks
  </category>
  <size>
   XL
  </size>
  <color>
   Синий
  </color>
  <material>
   Полиэстер
  </material>
  <price>
   745370
  </price>
  <rating>
   3.22
  </rating>
  <reviews>
   69263
  </reviews>
  <new>
   +
  </new>
  <exclusive>
   no
  </exclusive>
 </clothing>
 <clothing>
  <id>
   873881097
  </id>
  <name>
   Fila Hat J-1145
  </name>
  <category>
   Hat
  </category>
  <size>
   XXL
  </size>
  <color>
   Синий
  </color>
  <material>
   Шерсть
  </material>
  <price>
   789684
  </price>
  <rating>
   1.09
  </rating>
  <reviews>
   99211
  </reviews>
  <new>
   +
  </new>
  <exclusive>
   no
  </exclusive>
  <sporty>
   no
  </sporty>
 </clothing>
 <clothing>
  <id>
   416521407
  </id>
  <name>
   Fila Sweater I-4627
  </name>
  <category>
   Sweater
  </category>
  <size>
   L
  </size>
  <color>
   Оранжевый
  </color>
  <material>
   Лен
  </material>
  <price>
   727593
  </price>
  <rating>
   2.14
  </rating>
  <reviews>
   389208
  </reviews>
  <new>
   -
  </new>
  <sporty>
   no
  </sporty>
 </clothing>
 <clothing>
  <id>
   390033835
  </id>
  <name>
   Converse Pants W-9629
  </name>
  <category>
   Pants
  </category>
  <size>
   XL
  </size>
  <color>
   Красный
  </color>
  <material>
   Полиэстер
  </material>
  <price>
   355596
  </price>
  <rating>
   3.08
  </rating>
  <reviews>
   353654
  </reviews>
  <sporty>
   yes
  </sporty>
 </clothing>
 <clothing>
  <id>
   532817959
  </id>
  <name>
   Adidas Sweater I-7668
  </name>
  <category>
   Sweater
  </category>
  <size>
   L
  </size>
  <color>
   Фиолетовый
  </color>
  <material>
   Нейлон
  </material>
  <price>
   872049
  </price>
  <rating>
   2.96
  </rating>
  <reviews>
   445063
  </reviews>
  <new>
   +
  </new>
  <exclusive>
   no
  </exclusive>
 </clothing>
 <clothing>
  <id>
   515468035
  </id>
  <name>
   DC Blouse C-2419
  </name>
  <category>
   Blouse
  </category>
  <size>
   XL
  </size>
  <color>
   Фиолетовый
  </color>
  <material>
   Хлопок
  </material>
  <price>
   488511
  </price>
  <rating>
   3.05
  </rating>
  <reviews>
   900748
  </reviews>
  <new>
   +
  </new>
  <exclusive>
   no
  </exclusive>
  <sporty>
   yes
  </sporty>
 </clothing>
 <clothing>
  <id>
   423654372
  </id>
  <name>
   Puma Handbags Q-5954
  </name>
  <category>
   Handbags
  </category>
  <size>
   S
  </size>
  <color>
   Фиолетовый
  </color>
  <material>
   Хлопок
  </material>
  <price>
   785375
  </price>
  <rating>
   3.12
  </rating>
  <reviews>
   877930
  </reviews>
  <new>
   +
  </new>
  <sporty>
   yes
  </sporty>
 </clothing>
 <clothing>
  <id>
   961732902
  </id>
  <name>
   Puma Shoes O-2700
  </name>
  <category>
   Shoes
  </category>
  <size>
   L
  </size>
  <color>
   Синий
  </color>
  <material>
   Кожа
  </material>
  <price>
   453532
  </price>
  <rating>
   1.68
  </rating>
  <reviews>
   130648
  </reviews>
  <exclusive>
   yes
  </exclusive>
  <sporty>
   no
  </sporty>
 </clothing>
 <clothing>
  <id>
   398520309
  </id>
  <name>
   Fila Handbags Y-8138
  </name>
  <category>
   Handbags
  </category>
  <size>
   M
  </size>
  <color>
   Синий
  </color>
  <material>
   Полиэстер
  </material>
  <price>
   645472
  </price>
  <rating>
   1.12
  </rating>
  <reviews>
   652766
  </reviews>
  <new>
   +
  </new>
  <exclusive>
   no
  </exclusive>
 </clothing>
 <clothing>
  <id>
   961067202
  </id>
  <name>
   Converse Handbags A-2335
  </name>
  <category>
   Handbags
  </category>
  <size>
   XL
  </size>
  <color>
   Желтый
  </color>
  <material>
   Хлопок
  </material>
  <price>
   402417
  </price>
  <rating>
   3.97
  </rating>
  <reviews>
   283735
  </reviews>
  <new>
   +
  </new>
  <exclusive>
   yes
  </exclusive>
 </clothing>
 <clothing>
  <id>
   968896631
  </id>
  <name>
   Lacoste Gloves U-6827
  </name>
  <category>
   Gloves
  </category>
  <size>
   M
  </size>
  <color>
   Фиолетовый
  </color>
  <material>
   Шелк
  </material>
  <price>
   738663
  </price>
  <rating>
   1.79
  </rating>
  <reviews>
   241748
  </reviews>
  <new>
   -
  </new>
  <exclusive>
   no
  </exclusive>
  <sporty>
   no
  </sporty>
 </clothing>
 <clothing>
  <id>
   657462839
  </id>
  <name>
   Brooks Blouse B-5707
  </name>
  <category>
   Blouse
  </category>
  <size>
   XXL
  </size>
  <color>
   Красный
  </color>
  <material>
   Шелк
  </material>
  <price>
   498937
  </price>
  <rating>
   3.65
  </rating>
  <reviews>
   454169
  </reviews>
  <new>
   -
  </new>
  <exclusive>
   yes
  </exclusive>
  <sporty>
   no
  </sporty>
 </clothing>
 <clothing>
  <id>
   316761640
  </id>
  <name>
   Lacoste Socks C-6850
  </name>
  <category>
   Socks
  </category>
  <size>
   M
  </size>
  <color>
   Оранжевый
  </color>
  <material>
   Полиэстер
  </material>
  <price>
   806079
  </price>
  <rating>
   1.66
  </rating>
  <reviews>
   960931
  </reviews>
  <sporty>
   no
  </sporty>
 </clothing>
 <clothing>
  <id>
   993090867
  </id>
  <name>
   Adidas Sweater A-7392
  </name>
  <category>
   Sweater
  </category>
  <size>
   L
  </size>
  <color>
   Зеленый
  </color>
  <material>
   Кожа
  </material>
  <price>
   704596
  </price>
  <rating>
   4.81
  </rating>
  <reviews>
   914451
  </reviews>
  <exclusive>
   no
  </exclusive>
  <sporty>
   yes
  </sporty>
 </clothing>
 <clothing>
  <id>
   860670382
  </id>
  <name>
   Adidas Pants U-2291
  </name>
  <category>
   Pants
  </category>
  <size>
   XXL
  </size>
  <color>
   Голубой
  </color>
  <material>
   Вискоза
  </material>
  <price>
   839597
  </price>
  <rating>
   3.53
  </rating>
  <reviews>
   520295
  </reviews>
  <new>
   +
  </new>
  <exclusive>
   no
  </exclusive>
 </clothing>
 <clothing>
  <id>
   594936198
  </id>
  <name>
   Vans Jeans H-8026
  </name>
  <category>
   Jeans
  </category>
  <size>
   L
  </size>
  <color>
   Синий
  </color>
  <material>
   Кожа
  </material>
  <price>
   794096
  </price>
  <rating>
   2.37
  </rating>
  <reviews>
   52137
  </reviews>
  <exclusive>
   yes
  </exclusive>
  <sporty>
   yes
  </sporty>
 </clothing>
 <clothing>
  <id>
   679383817
  </id>
  <name>
   Addidas Dress G-7090
  </name>
  <category>
   Dress
  </category>
  <size>
   M
  </size>
  <color>
   Красный
  </color>
  <material>
   Нейлон
  </material>
  <price>
   525395
  </price>
  <rating>
   3.54
  </rating>
  <reviews>
   694855
  </reviews>
  <exclusive>
   no
  </exclusive>
  <sporty>
   no
  </sporty>
 </clothing>
 <clothing>
  <id>
   905519183
  </id>
  <name>
   Adidas Sweater P-4176
  </name>
  <category>
   Sweater
  </category>
  <size>
   XL
  </size>
  <color>
   Красный
  </color>
  <material>
   Шерсть
  </material>
  <price>
   904914
  </price>
  <rating>
   4.76
  </rating>
  <reviews>
   729548
  </reviews>
  <sporty>
   yes
  </sporty>
 </clothing>
 <clothing>
  <id>
   868921859
  </id>
  <name>
   Fila Jacket M-4252
  </name>
  <category>
   Jacket
  </category>
  <size>
   XL
  </size>
  <color>
   Желтый
  </color>
  <material>
   Полиэстер
  </material>
  <price>
   945197
  </price>
  <rating>
   1.45
  </rating>
  <reviews>
   133649
  </reviews>
  <new>
   -
  </new>
  <exclusive>
   yes
  </exclusive>
  <sporty>
   no
  </sporty>
 </clothing>
 <clothing>
  <id>
   617866628
  </id>
  <name>
   Lacoste Shirt N-7631
  </name>
  <category>
   Shirt
  </category>
  <size>
   S
  </size>
  <color>
   Желтый
  </color>
  <material>
   Лен
  </material>
  <price>
   441167
  </price>
  <rating>
   4.06
  </rating>
  <reviews>
   655532
  </reviews>
  <exclusive>
   no
  </exclusive>
  <sporty>
   no
  </sporty>
 </clothing>
 <clothing>
  <id>
   397759970
  </id>
  <name>
   Vans Shoes P-3711
  </name>
  <category>
   Shoes
  </category>
  <size>
   M
  </size>
  <color>
   Фиолетовый
  </color>
  <material>
   Шерсть
  </material>
  <price>
   561150
  </price>
  <rating>
   3.45
  </rating>
  <reviews>
   704598
  </reviews>
  <new>
   +
  </new>
 </clothing>
 <clothing>
  <id>
   318140271
  </id>
  <name>
   Lacoste Socks B-4441
  </name>
  <category>
   Socks
  </category>
  <size>
   L
  </size>
  <color>
   Желтый
  </color>
  <material>
   Полиэстер
  </material>
  <price>
   198994
  </price>
  <rating>
   3.66
  </rating>
  <reviews>
   72074
  </reviews>
  <new>
   +
  </new>
  <exclusive>
   yes
  </exclusive>
 </clothing>
 <clothing>
  <id>
   888068421
  </id>
  <name>
   Lacoste Umbrellas Q-8644
  </name>
  <category>
   Umbrellas
  </category>
  <size>
   XXL
  </size>
  <color>
   Голубой
  </color>
  <material>
   Хлопок
  </material>
  <price>
   872176
  </price>
  <rating>
   3.83
  </rating>
  <reviews>
   254947
  </reviews>
  <exclusive>
   yes
  </exclusive>
 </clothing>
 <clothing>
  <id>
   312787074
  </id>
  <name>
   PleinSport Socks O-9240
  </name>
  <category>
   Socks
  </category>
  <size>
   XL
  </size>
  <color>
   Оранжевый
  </color>
  <material>
   Шерсть
  </material>
  <price>
   941710
  </price>
  <rating>
   1.46
  </rating>
  <reviews>
   727357
  </reviews>
  <new>
   -
  </new>
 </clothing>
</clothing-items>
