<?xml version="1.0" encoding="utf-8"?>
<clothing-items>
 <clothing>
  <id>
   212348152
  </id>
  <name>
   Nike Hat Z-7949
  </name>
  <category>
   Hat
  </category>
  <size>
   XL
  </size>
  <color>
   Зеленый
  </color>
  <material>
   Шелк
  </material>
  <price>
   843009
  </price>
  <rating>
   1.21
  </rating>
  <reviews>
   977724
  </reviews>
  <new>
   -
  </new>
  <sporty>
   no
  </sporty>
 </clothing>
 <clothing>
  <id>
   453983908
  </id>
  <name>
   Converse Shirt L-3634
  </name>
  <category>
   Shirt
  </category>
  <size>
   S
  </size>
  <color>
   Фиолетовый
  </color>
  <material>
   Вискоза
  </material>
  <price>
   747083
  </price>
  <rating>
   3.83
  </rating>
  <reviews>
   812322
  </reviews>
  <new>
   -
  </new>
  <exclusive>
   no
  </exclusive>
 </clothing>
 <clothing>
  <id>
   460236663
  </id>
  <name>
   Ellesse Blouse S-9855
  </name>
  <category>
   Blouse
  </category>
  <size>
   L
  </size>
  <color>
   Желтый
  </color>
  <material>
   Хлопок
  </material>
  <price>
   294792
  </price>
  <rating>
   4.01
  </rating>
  <reviews>
   309041
  </reviews>
  <new>
   +
  </new>
  <sporty>
   no
  </sporty>
 </clothing>
 <clothing>
  <id>
   834176212
  </id>
  <name>
   Puma Umbrellas G-7274
  </name>
  <category>
   Umbrellas
  </category>
  <size>
   M
  </size>
  <color>
   Зеленый
  </color>
  <material>
   Лен
  </material>
  <price>
   674453
  </price>
  <rating>
   2.5
  </rating>
  <reviews>
   14688
  </reviews>
  <new>
   +
  </new>
  <sporty>
   no
  </sporty>
 </clothing>
 <clothing>
  <id>
   160055949
  </id>
  <name>
   Vans Dress M-2564
  </name>
  <category>
   Dress
  </category>
  <size>
   M
  </size>
  <color>
   Красный
  </color>
  <material>
   Вискоза
  </material>
  <price>
   102122
  </price>
  <rating>
   3.82
  </rating>
  <reviews>
   40145
  </reviews>
  <exclusive>
   no
  </exclusive>
 </clothing>
 <clothing>
  <id>
   455512371
  </id>
  <name>
   Addidas Skirt E-4311
  </name>
  <category>
   Skirt
  </category>
  <size>
   L
  </size>
  <color>
   Голубой
  </color>
  <material>
   Нейлон
  </material>
  <price>
   851459
  </price>
  <rating>
   2.86
  </rating>
  <reviews>
   840804
  </reviews>
  <new>
   +
  </new>
  <sporty>
   yes
  </sporty>
 </clothing>
 <clothing>
  <id>
   486793262
  </id>
  <name>
   Reebok Socks S-7021
  </name>
  <category>
   Socks
  </category>
  <size>
   M
  </size>
  <color>
   Оранжевый
  </color>
  <material>
   Кожа
  </material>
  <price>
   287260
  </price>
  <rating>
   3.45
  </rating>
  <reviews>
   124175
  </reviews>
  <new>
   +
  </new>
  <sporty>
   no
  </sporty>
 </clothing>
 <clothing>
  <id>
   937164663
  </id>
  <name>
   Nike Hat W-4864
  </name>
  <category>
   Hat
  </category>
  <size>
   L
  </size>
  <color>
   Оранжевый
  </color>
  <material>
   Кожа
  </material>
  <price>
   974603
  </price>
  <rating>
   1.64
  </rating>
  <reviews>
   161420
  </reviews>
  <sporty>
   no
  </sporty>
 </clothing>
 <clothing>
  <id>
   503170603
  </id>
  <name>
   Under Armour T-shirt T-4063
  </name>
  <category>
   T-shirt
  </category>
  <size>
   M
  </size>
  <color>
   Голубой
  </color>
  <material>
   Лен
  </material>
  <price>
   722512
  </price>
  <rating>
   4.41
  </rating>
  <reviews>
   94681
  </reviews>
  <new>
   -
  </new>
  <exclusive>
   yes
  </exclusive>
 </clothing>
 <clothing>
  <id>
   776220116
  </id>
  <name>
   Asics Sweater R-1486
  </name>
  <category>
   Sweater
  </category>
  <size>
   XL
  </size>
  <color>
   Оранжевый
  </color>
  <material>
   Шелк
  </material>
  <price>
   374445
  </price>
  <rating>
   1.99
  </rating>
  <reviews>
   256171
  </reviews>
  <new>
   -
  </new>
  <exclusive>
   no
  </exclusive>
  <sporty>
   no
  </sporty>
 </clothing>
 <clothing>
  <id>
   982387937
  </id>
  <name>
   Asics Pants I-6366
  </name>
  <category>
   Pants
  </category>
  <size>
   S
  </size>
  <color>
   Желтый
  </color>
  <material>
   Кожа
  </material>
  <price>
   436570
  </price>
  <rating>
   3.49
  </rating>
  <reviews>
   929381
  </reviews>
  <new>
   -
  </new>
  <exclusive>
   no
  </exclusive>
  <sporty>
   yes
  </sporty>
 </clothing>
 <clothing>
  <id>
   857243302
  </id>
  <name>
   Reebok T-shirt K-2952
  </name>
  <category>
   T-shirt
  </category>
  <size>
   L
  </size>
  <color>
   Зеленый
  </color>
  <material>
   Шелк
  </material>
  <price>
   999994
  </price>
  <rating>
   1.06
  </rating>
  <reviews>
   552280
  </reviews>
  <new>
   -
  </new>
  <exclusive>
   yes
  </exclusive>
  <sporty>
   no
  </sporty>
 </clothing>
 <clothing>
  <id>
   818954436
  </id>
  <name>
   DC Pants L-2250
  </name>
  <category>
   Pants
  </category>
  <size>
   XL
  </size>
  <color>
   Фиолетовый
  </color>
  <material>
   Хлопок
  </material>
  <price>
   563472
  </price>
  <rating>
   4.87
  </rating>
  <reviews>
   921145
  </reviews>
  <new>
   +
  </new>
  <exclusive>
   no
  </exclusive>
  <sporty>
   no
  </sporty>
 </clothing>
 <clothing>
  <id>
   737203116
  </id>
  <name>
   Fila Jeans W-4287
  </name>
  <category>
   Jeans
  </category>
  <size>
   XXL
  </size>
  <color>
   Синий
  </color>
  <material>
   Шелк
  </material>
  <price>
   733467
  </price>
  <rating>
   1.77
  </rating>
  <reviews>
   358635
  </reviews>
  <new>
   -
  </new>
  <sporty>
   no
  </sporty>
 </clothing>
 <clothing>
  <id>
   838704733
  </id>
  <name>
   DC Hat R-9057
  </name>
  <category>
   Hat
  </category>
  <size>
   S
  </size>
  <color>
   Оранжевый
  </color>
  <material>
   Полиэстер
  </material>
  <price>
   317323
  </price>
  <rating>
   1.96
  </rating>
  <reviews>
   17081
  </reviews>
  <new>
   -
  </new>
  <exclusive>
   no
  </exclusive>
 </clothing>
 <clothing>
  <id>
   162518666
  </id>
  <name>
   PleinSport Jacket H-4216
  </name>
  <category>
   Jacket
  </category>
  <size>
   XL
  </size>
  <color>
   Красный
  </color>
  <material>
   Нейлон
  </material>
  <price>
   195263
  </price>
  <rating>
   3.68
  </rating>
  <reviews>
   57668
  </reviews>
  <new>
   +
  </new>
  <exclusive>
   yes
  </exclusive>
  <sporty>
   no
  </sporty>
 </clothing>
 <clothing>
  <id>
   685018821
  </id>
  <name>
   New Balance Blouse R-6637
  </name>
  <category>
   Blouse
  </category>
  <size>
   L
  </size>
  <color>
   Фиолетовый
  </color>
  <material>
   Лен
  </material>
  <price>
   261282
  </price>
  <rating>
   3.82
  </rating>
  <reviews>
   210453
  </reviews>
 </clothing>
 <clothing>
  <id>
   826848118
  </id>
  <name>
   Fila Dress Q-2741
  </name>
  <category>
   Dress
  </category>
  <size>
   L
  </size>
  <color>
   Синий
  </color>
  <material>
   Шелк
  </material>
  <price>
   338262
  </price>
  <rating>
   2.32
  </rating>
  <reviews>
   834236
  </reviews>
  <new>
   +
  </new>
 </clothing>
 <clothing>
  <id>
   720101755
  </id>
  <name>
   Nike Shirt Z-1323
  </name>
  <category>
   Shirt
  </category>
  <size>
   L
  </size>
  <color>
   Желтый
  </color>
  <material>
   Полиэстер
  </material>
  <price>
   258493
  </price>
  <rating>
   1.58
  </rating>
  <reviews>
   890378
  </reviews>
  <new>
   -
  </new>
  <exclusive>
   no
  </exclusive>
  <sporty>
   no
  </sporty>
 </clothing>
 <clothing>
  <id>
   380787344
  </id>
  <name>
   DC Jeans F-7528
  </name>
  <category>
   Jeans
  </category>
  <size>
   L
  </size>
  <color>
   Фиолетовый
  </color>
  <material>
   Полиэстер
  </material>
  <price>
   919128
  </price>
  <rating>
   4.32
  </rating>
  <reviews>
   288392
  </reviews>
  <exclusive>
   no
  </exclusive>
 </clothing>
 <clothing>
  <id>
   117314622
  </id>
  <name>
   Vans Dress S-7948
  </name>
  <category>
   Dress
  </category>
  <size>
   S
  </size>
  <color>
   Желтый
  </color>
  <material>
   Полиэстер
  </material>
  <price>
   468618
  </price>
  <rating>
   1.67
  </rating>
  <reviews>
   340811
  </reviews>
  <new>
   -
  </new>
  <exclusive>
   yes
  </exclusive>
  <sporty>
   yes
  </sporty>
 </clothing>
</clothing-items>
