<?xml version="1.0" encoding="utf-8"?>
<clothing-items>
 <clothing>
  <id>
   102405400
  </id>
  <name>
   Addidas Shirt M-1656
  </name>
  <category>
   Shirt
  </category>
  <size>
   S
  </size>
  <color>
   Голубой
  </color>
  <material>
   Шелк
  </material>
  <price>
   873818
  </price>
  <rating>
   4.66
  </rating>
  <reviews>
   524334
  </reviews>
  <new>
   -
  </new>
  <exclusive>
   yes
  </exclusive>
 </clothing>
 <clothing>
  <id>
   697905119
  </id>
  <name>
   Vans Jacket J-5901
  </name>
  <category>
   Jacket
  </category>
  <size>
   M
  </size>
  <color>
   Желтый
  </color>
  <material>
   Вискоза
  </material>
  <price>
   539899
  </price>
  <rating>
   1.48
  </rating>
  <reviews>
   184745
  </reviews>
  <new>
   -
  </new>
  <sporty>
   no
  </sporty>
 </clothing>
 <clothing>
  <id>
   240091558
  </id>
  <name>
   Brooks Jacket I-8212
  </name>
  <category>
   Jacket
  </category>
  <size>
   XXL
  </size>
  <color>
   Красный
  </color>
  <material>
   Нейлон
  </material>
  <price>
   397724
  </price>
  <rating>
   3.1
  </rating>
  <reviews>
   422636
  </reviews>
 </clothing>
 <clothing>
  <id>
   300516794
  </id>
  <name>
   Fila Jeans I-9412
  </name>
  <category>
   Jeans
  </category>
  <size>
   L
  </size>
  <color>
   Синий
  </color>
  <material>
   Кожа
  </material>
  <price>
   829452
  </price>
  <rating>
   3.84
  </rating>
  <reviews>
   905889
  </reviews>
  <exclusive>
   no
  </exclusive>
  <sporty>
   no
  </sporty>
 </clothing>
 <clothing>
  <id>
   648878172
  </id>
  <name>
   Converse Shoes W-4900
  </name>
  <category>
   Shoes
  </category>
  <size>
   M
  </size>
  <color>
   Синий
  </color>
  <material>
   Вискоза
  </material>
  <price>
   599133
  </price>
  <rating>
   2.3
  </rating>
  <reviews>
   837462
  </reviews>
  <sporty>
   no
  </sporty>
 </clothing>
 <clothing>
  <id>
   612570773
  </id>
  <name>
   Fila Belts M-3468
  </name>
  <category>
   Belts
  </category>
  <size>
   XL
  </size>
  <color>
   Фиолетовый
  </color>
  <material>
   Лен
  </material>
  <price>
   573595
  </price>
  <rating>
   3.44
  </rating>
  <reviews>
   308415
  </reviews>
  <new>
   -
  </new>
  <sporty>
   no
  </sporty>
 </clothing>
 <clothing>
  <id>
   214341950
  </id>
  <name>
   Brooks Gloves O-2440
  </name>
  <category>
   Gloves
  </category>
  <size>
   XXL
  </size>
  <color>
   Зеленый
  </color>
  <material>
   Шерсть
  </material>
  <price>
   658519
  </price>
  <rating>
   1.86
  </rating>
  <reviews>
   769487
  </reviews>
  <new>
   -
  </new>
  <sporty>
   no
  </sporty>
 </clothing>
 <clothing>
  <id>
   183442807
  </id>
  <name>
   Lacoste Shirt Z-2722
  </name>
  <category>
   Shirt
  </category>
  <size>
   S
  </size>
  <color>
   Красный
  </color>
  <material>
   Вискоза
  </material>
  <price>
   371303
  </price>
  <rating>
   4.19
  </rating>
  <reviews>
   732147
  </reviews>
  <new>
   -
  </new>
  <exclusive>
   yes
  </exclusive>
  <sporty>
   yes
  </sporty>
 </clothing>
 <clothing>
  <id>
   183328144
  </id>
  <name>
   Nike Handbags W-3749
  </name>
  <category>
   Handbags
  </category>
  <size>
   S
  </size>
  <color>
   Голубой
  </color>
  <material>
   Лен
  </material>
  <price>
   981889
  </price>
  <rating>
   3.76
  </rating>
  <reviews>
   290525
  </reviews>
  <sporty>
   no
  </sporty>
 </clothing>
 <clothing>
  <id>
   876936394
  </id>
  <name>
   DC Pants J-8214
  </name>
  <category>
   Pants
  </category>
  <size>
   XXL
  </size>
  <color>
   Синий
  </color>
  <material>
   Нейлон
  </material>
  <price>
   261996
  </price>
  <rating>
   2.79
  </rating>
  <reviews>
   453312
  </reviews>
  <exclusive>
   yes
  </exclusive>
  <sporty>
   no
  </sporty>
 </clothing>
 <clothing>
  <id>
   994932637
  </id>
  <name>
   Adidas Pants I-4022
  </name>
  <category>
   Pants
  </category>
  <size>
   L
  </size>
  <color>
   Желтый
  </color>
  <material>
   Хлопок
  </material>
  <price>
   660463
  </price>
  <rating>
   3.63
  </rating>
  <reviews>
   102891
  </reviews>
  <new>
   +
  </new>
 </clothing>
 <clothing>
  <id>
   470950583
  </id>
  <name>
   Nike Pants I-5854
  </name>
  <category>
   Pants
  </category>
  <size>
   M
  </size>
  <color>
   Оранжевый
  </color>
  <material>
   Нейлон
  </material>
  <price>
   189028
  </price>
  <rating>
   3.28
  </rating>
  <reviews>
   385485
  </reviews>
  <new>
   +
  </new>
  <sporty>
   yes
  </sporty>
 </clothing>
 <clothing>
  <id>
   620577785
  </id>
  <name>
   Puma Skirt J-2137
  </name>
  <category>
   Skirt
  </category>
  <size>
   M
  </size>
  <color>
   Синий
  </color>
  <material>
   Хлопок
  </material>
  <price>
   991519
  </price>
  <rating>
   4.68
  </rating>
  <reviews>
   939334
  </reviews>
  <exclusive>
   no
  </exclusive>
 </clothing>
 <clothing>
  <id>
   923067738
  </id>
  <name>
   Lacoste Blouse F-9955
  </name>
  <category>
   Blouse
  </category>
  <size>
   XXL
  </size>
  <color>
   Голубой
  </color>
  <material>
   Кожа
  </material>
  <price>
   963465
  </price>
  <rating>
   2.72
  </rating>
  <reviews>
   507493
  </reviews>
  <new>
   -
  </new>
  <sporty>
   no
  </sporty>
 </clothing>
 <clothing>
  <id>
   173628758
  </id>
  <name>
   Adidas Shirt K-9169
  </name>
  <category>
   Shirt
  </category>
  <size>
   M
  </size>
  <color>
   Синий
  </color>
  <material>
   Шерсть
  </material>
  <price>
   318946
  </price>
  <rating>
   3.45
  </rating>
  <reviews>
   238057
  </reviews>
  <sporty>
   yes
  </sporty>
 </clothing>
 <clothing>
  <id>
   287582810
  </id>
  <name>
   Adidas Jeans B-4302
  </name>
  <category>
   Jeans
  </category>
  <size>
   XXL
  </size>
  <color>
   Фиолетовый
  </color>
  <material>
   Хлопок
  </material>
  <price>
   780002
  </price>
  <rating>
   3.42
  </rating>
  <reviews>
   339642
  </reviews>
  <new>
   +
  </new>
 </clothing>
 <clothing>
  <id>
   447665482
  </id>
  <name>
   Nike Gloves D-5244
  </name>
  <category>
   Gloves
  </category>
  <size>
   L
  </size>
  <color>
   Фиолетовый
  </color>
  <material>
   Кожа
  </material>
  <price>
   446143
  </price>
  <rating>
   1.45
  </rating>
  <reviews>
   152470
  </reviews>
  <exclusive>
   yes
  </exclusive>
 </clothing>
 <clothing>
  <id>
   620690238
  </id>
  <name>
   Nike Blouse T-8827
  </name>
  <category>
   Blouse
  </category>
  <size>
   M
  </size>
  <color>
   Оранжевый
  </color>
  <material>
   Лен
  </material>
  <price>
   475422
  </price>
  <rating>
   3.12
  </rating>
  <reviews>
   371922
  </reviews>
  <new>
   +
  </new>
  <exclusive>
   no
  </exclusive>
  <sporty>
   no
  </sporty>
 </clothing>
 <clothing>
  <id>
   544064157
  </id>
  <name>
   Adidas Pants I-6333
  </name>
  <category>
   Pants
  </category>
  <size>
   M
  </size>
  <color>
   Желтый
  </color>
  <material>
   Кожа
  </material>
  <price>
   559610
  </price>
  <rating>
   4.14
  </rating>
  <reviews>
   801066
  </reviews>
  <exclusive>
   no
  </exclusive>
  <sporty>
   yes
  </sporty>
 </clothing>
 <clothing>
  <id>
   119540175
  </id>
  <name>
   DC T-shirt A-3759
  </name>
  <category>
   T-shirt
  </category>
  <size>
   XXL
  </size>
  <color>
   Зеленый
  </color>
  <material>
   Нейлон
  </material>
  <price>
   461550
  </price>
  <rating>
   4.73
  </rating>
  <reviews>
   349325
  </reviews>
  <new>
   +
  </new>
 </clothing>
 <clothing>
  <id>
   459307962
  </id>
  <name>
   New Balance Shoes I-9252
  </name>
  <category>
   Shoes
  </category>
  <size>
   M
  </size>
  <color>
   Фиолетовый
  </color>
  <material>
   Шерсть
  </material>
  <price>
   159089
  </price>
  <rating>
   1.79
  </rating>
  <reviews>
   20867
  </reviews>
  <new>
   -
  </new>
  <sporty>
   no
  </sporty>
 </clothing>
 <clothing>
  <id>
   675171393
  </id>
  <name>
   PleinSport Pants S-8214
  </name>
  <category>
   Pants
  </category>
  <size>
   XXL
  </size>
  <color>
   Желтый
  </color>
  <material>
   Полиэстер
  </material>
  <price>
   843373
  </price>
  <rating>
   2.48
  </rating>
  <reviews>
   288314
  </reviews>
  <new>
   -
  </new>
  <exclusive>
   yes
  </exclusive>
 </clothing>
 <clothing>
  <id>
   873060372
  </id>
  <name>
   New Balance Dress O-5091
  </name>
  <category>
   Dress
  </category>
  <size>
   XXL
  </size>
  <color>
   Желтый
  </color>
  <material>
   Шерсть
  </material>
  <price>
   279943
  </price>
  <rating>
   2.16
  </rating>
  <reviews>
   724721
  </reviews>
  <sporty>
   yes
  </sporty>
 </clothing>
 <clothing>
  <id>
   969720544
  </id>
  <name>
   PleinSport T-shirt D-5565
  </name>
  <category>
   T-shirt
  </category>
  <size>
   L
  </size>
  <color>
   Фиолетовый
  </color>
  <material>
   Полиэстер
  </material>
  <price>
   288601
  </price>
  <rating>
   4.35
  </rating>
  <reviews>
   622325
  </reviews>
  <new>
   +
  </new>
  <exclusive>
   yes
  </exclusive>
  <sporty>
   no
  </sporty>
 </clothing>
 <clothing>
  <id>
   805141493
  </id>
  <name>
   Reebok Sweater F-3842
  </name>
  <category>
   Sweater
  </category>
  <size>
   S
  </size>
  <color>
   Красный
  </color>
  <material>
   Нейлон
  </material>
  <price>
   130501
  </price>
  <rating>
   4.8
  </rating>
  <reviews>
   637344
  </reviews>
  <new>
   -
  </new>
  <sporty>
   yes
  </sporty>
 </clothing>
 <clothing>
  <id>
   435609975
  </id>
  <name>
   DC Dress H-6121
  </name>
  <category>
   Dress
  </category>
  <size>
   M
  </size>
  <color>
   Зеленый
  </color>
  <material>
   Нейлон
  </material>
  <price>
   658409
  </price>
  <rating>
   2.33
  </rating>
  <reviews>
   216516
  </reviews>
  <sporty>
   yes
  </sporty>
 </clothing>
 <clothing>
  <id>
   316294617
  </id>
  <name>
   Nike Pants M-6875
  </name>
  <category>
   Pants
  </category>
  <size>
   M
  </size>
  <color>
   Зеленый
  </color>
  <material>
   Кожа
  </material>
  <price>
   849658
  </price>
  <rating>
   4.86
  </rating>
  <reviews>
   604236
  </reviews>
 </clothing>
 <clothing>
  <id>
   824345766
  </id>
  <name>
   Reebok Shirt V-9871
  </name>
  <category>
   Shirt
  </category>
  <size>
   XXL
  </size>
  <color>
   Оранжевый
  </color>
  <material>
   Полиэстер
  </material>
  <price>
   602467
  </price>
  <rating>
   2.97
  </rating>
  <reviews>
   607013
  </reviews>
  <new>
   -
  </new>
  <exclusive>
   yes
  </exclusive>
  <sporty>
   no
  </sporty>
 </clothing>
 <clothing>
  <id>
   906661783
  </id>
  <name>
   Adidas Belts B-3207
  </name>
  <category>
   Belts
  </category>
  <size>
   XL
  </size>
  <color>
   Зеленый
  </color>
  <material>
   Шерсть
  </material>
  <price>
   491982
  </price>
  <rating>
   3.39
  </rating>
  <reviews>
   770218
  </reviews>
 </clothing>
 <clothing>
  <id>
   408635987
  </id>
  <name>
   Reebok Gloves V-7274
  </name>
  <category>
   Gloves
  </category>
  <size>
   M
  </size>
  <color>
   Зеленый
  </color>
  <material>
   Нейлон
  </material>
  <price>
   185774
  </price>
  <rating>
   2.21
  </rating>
  <reviews>
   898891
  </reviews>
  <new>
   -
  </new>
  <sporty>
   no
  </sporty>
 </clothing>
</clothing-items>
