<?xml version="1.0" encoding="utf-8"?>
<clothing-items>
 <clothing>
  <id>
   125859202
  </id>
  <name>
   Vans Pants H-6144
  </name>
  <category>
   Pants
  </category>
  <size>
   M
  </size>
  <color>
   Оранжевый
  </color>
  <material>
   Хлопок
  </material>
  <price>
   824556
  </price>
  <rating>
   3.17
  </rating>
  <reviews>
   124569
  </reviews>
  <new>
   -
  </new>
  <exclusive>
   yes
  </exclusive>
 </clothing>
 <clothing>
  <id>
   189218500
  </id>
  <name>
   PleinSport Handbags B-9834
  </name>
  <category>
   Handbags
  </category>
  <size>
   M
  </size>
  <color>
   Желтый
  </color>
  <material>
   Шерсть
  </material>
  <price>
   376787
  </price>
  <rating>
   4.04
  </rating>
  <reviews>
   624375
  </reviews>
  <exclusive>
   no
  </exclusive>
  <sporty>
   yes
  </sporty>
 </clothing>
 <clothing>
  <id>
   460054035
  </id>
  <name>
   Under Armour Gloves U-7199
  </name>
  <category>
   Gloves
  </category>
  <size>
   L
  </size>
  <color>
   Зеленый
  </color>
  <material>
   Кожа
  </material>
  <price>
   187244
  </price>
  <rating>
   3.85
  </rating>
  <reviews>
   248471
  </reviews>
  <new>
   +
  </new>
 </clothing>
 <clothing>
  <id>
   383362909
  </id>
  <name>
   Fila Jeans D-3645
  </name>
  <category>
   Jeans
  </category>
  <size>
   XXL
  </size>
  <color>
   Фиолетовый
  </color>
  <material>
   Кожа
  </material>
  <price>
   598557
  </price>
  <rating>
   2.33
  </rating>
  <reviews>
   673637
  </reviews>
  <new>
   +
  </new>
  <sporty>
   no
  </sporty>
 </clothing>
 <clothing>
  <id>
   724020949
  </id>
  <name>
   Converse Jacket A-7226
  </name>
  <category>
   Jacket
  </category>
  <size>
   S
  </size>
  <color>
   Красный
  </color>
  <material>
   Лен
  </material>
  <price>
   230305
  </price>
  <rating>
   3.8
  </rating>
  <reviews>
   940345
  </reviews>
  <new>
   +
  </new>
  <exclusive>
   no
  </exclusive>
 </clothing>
 <clothing>
  <id>
   532692676
  </id>
  <name>
   Asics Socks B-7091
  </name>
  <category>
   Socks
  </category>
  <size>
   M
  </size>
  <color>
   Желтый
  </color>
  <material>
   Хлопок
  </material>
  <price>
   669747
  </price>
  <rating>
   4.27
  </rating>
  <reviews>
   876754
  </reviews>
  <exclusive>
   yes
  </exclusive>
  <sporty>
   no
  </sporty>
 </clothing>
 <clothing>
  <id>
   189194055
  </id>
  <name>
   Reebok T-shirt M-2807
  </name>
  <category>
   T-shirt
  </category>
  <size>
   XXL
  </size>
  <color>
   Голубой
  </color>
  <material>
   Кожа
  </material>
  <price>
   813521
  </price>
  <rating>
   5.0
  </rating>
  <reviews>
   300907
  </reviews>
  <exclusive>
   no
  </exclusive>
 </clothing>
 <clothing>
  <id>
   181384464
  </id>
  <name>
   Addidas Umbrellas I-6020
  </name>
  <category>
   Umbrellas
  </category>
  <size>
   M
  </size>
  <color>
   Синий
  </color>
  <material>
   Хлопок
  </material>
  <price>
   625095
  </price>
  <rating>
   3.88
  </rating>
  <reviews>
   314707
  </reviews>
  <exclusive>
   no
  </exclusive>
  <sporty>
   yes
  </sporty>
 </clothing>
 <clothing>
  <id>
   481915587
  </id>
  <name>
   Ellesse Hat G-1391
  </name>
  <category>
   Hat
  </category>
  <size>
   S
  </size>
  <color>
   Синий
  </color>
  <material>
   Кожа
  </material>
  <price>
   101982
  </price>
  <rating>
   3.7
  </rating>
  <reviews>
   486124
  </reviews>
  <exclusive>
   no
  </exclusive>
 </clothing>
 <clothing>
  <id>
   538630984
  </id>
  <name>
   Under Armour Sweater B-3958
  </name>
  <category>
   Sweater
  </category>
  <size>
   S
  </size>
  <color>
   Синий
  </color>
  <material>
   Шелк
  </material>
  <price>
   110779
  </price>
  <rating>
   1.77
  </rating>
  <reviews>
   831319
  </reviews>
  <exclusive>
   no
  </exclusive>
  <sporty>
   yes
  </sporty>
 </clothing>
 <clothing>
  <id>
   550920801
  </id>
  <name>
   Asics Blouse L-8784
  </name>
  <category>
   Blouse
  </category>
  <size>
   XXL
  </size>
  <color>
   Красный
  </color>
  <material>
   Кожа
  </material>
  <price>
   214015
  </price>
  <rating>
   3.82
  </rating>
  <reviews>
   312112
  </reviews>
  <new>
   -
  </new>
  <exclusive>
   no
  </exclusive>
 </clothing>
 <clothing>
  <id>
   957635171
  </id>
  <name>
   Lacoste Hat V-4267
  </name>
  <category>
   Hat
  </category>
  <size>
   XXL
  </size>
  <color>
   Зеленый
  </color>
  <material>
   Шерсть
  </material>
  <price>
   905318
  </price>
  <rating>
   3.31
  </rating>
  <reviews>
   366824
  </reviews>
  <new>
   +
  </new>
  <exclusive>
   no
  </exclusive>
  <sporty>
   no
  </sporty>
 </clothing>
 <clothing>
  <id>
   225741197
  </id>
  <name>
   Nike Hat W-8448
  </name>
  <category>
   Hat
  </category>
  <size>
   M
  </size>
  <color>
   Синий
  </color>
  <material>
   Лен
  </material>
  <price>
   176342
  </price>
  <rating>
   1.81
  </rating>
  <reviews>
   580458
  </reviews>
 </clothing>
 <clothing>
  <id>
   193439793
  </id>
  <name>
   PleinSport Handbags C-5134
  </name>
  <category>
   Handbags
  </category>
  <size>
   M
  </size>
  <color>
   Красный
  </color>
  <material>
   Вискоза
  </material>
  <price>
   163282
  </price>
  <rating>
   3.22
  </rating>
  <reviews>
   691900
  </reviews>
  <new>
   -
  </new>
  <exclusive>
   no
  </exclusive>
  <sporty>
   yes
  </sporty>
 </clothing>
 <clothing>
  <id>
   386859846
  </id>
  <name>
   Under Armour Belts F-7913
  </name>
  <category>
   Belts
  </category>
  <size>
   M
  </size>
  <color>
   Красный
  </color>
  <material>
   Хлопок
  </material>
  <price>
   849998
  </price>
  <rating>
   1.55
  </rating>
  <reviews>
   125311
  </reviews>
  <exclusive>
   yes
  </exclusive>
 </clothing>
 <clothing>
  <id>
   428113630
  </id>
  <name>
   Vans Shoes Y-8997
  </name>
  <category>
   Shoes
  </category>
  <size>
   S
  </size>
  <color>
   Фиолетовый
  </color>
  <material>
   Шелк
  </material>
  <price>
   323716
  </price>
  <rating>
   2.8
  </rating>
  <reviews>
   669476
  </reviews>
  <new>
   -
  </new>
  <exclusive>
   yes
  </exclusive>
  <sporty>
   yes
  </sporty>
 </clothing>
 <clothing>
  <id>
   553695947
  </id>
  <name>
   Lacoste Handbags Z-2839
  </name>
  <category>
   Handbags
  </category>
  <size>
   XL
  </size>
  <color>
   Голубой
  </color>
  <material>
   Шелк
  </material>
  <price>
   402874
  </price>
  <rating>
   2.83
  </rating>
  <reviews>
   540717
  </reviews>
  <new>
   +
  </new>
  <sporty>
   no
  </sporty>
 </clothing>
 <clothing>
  <id>
   932158399
  </id>
  <name>
   Under Armour Jeans I-1244
  </name>
  <category>
   Jeans
  </category>
  <size>
   M
  </size>
  <color>
   Голубой
  </color>
  <material>
   Шелк
  </material>
  <price>
   727832
  </price>
  <rating>
   1.77
  </rating>
  <reviews>
   556363
  </reviews>
  <new>
   -
  </new>
 </clothing>
 <clothing>
  <id>
   262299283
  </id>
  <name>
   Puma Jacket Q-9114
  </name>
  <category>
   Jacket
  </category>
  <size>
   M
  </size>
  <color>
   Голубой
  </color>
  <material>
   Шелк
  </material>
  <price>
   336789
  </price>
  <rating>
   1.33
  </rating>
  <reviews>
   910619
  </reviews>
  <sporty>
   no
  </sporty>
 </clothing>
 <clothing>
  <id>
   410749166
  </id>
  <name>
   Under Armour Gloves C-2262
  </name>
  <category>
   Gloves
  </category>
  <size>
   S
  </size>
  <color>
   Красный
  </color>
  <material>
   Лен
  </material>
  <price>
   701028
  </price>
  <rating>
   2.27
  </rating>
  <reviews>
   474078
  </reviews>
  <exclusive>
   yes
  </exclusive>
  <sporty>
   no
  </sporty>
 </clothing>
 <clothing>
  <id>
   616385794
  </id>
  <name>
   Lacoste Belts C-3733
  </name>
  <category>
   Belts
  </category>
  <size>
   XXL
  </size>
  <color>
   Синий
  </color>
  <material>
   Вискоза
  </material>
  <price>
   590259
  </price>
  <rating>
   1.57
  </rating>
  <reviews>
   470490
  </reviews>
  <exclusive>
   no
  </exclusive>
  <sporty>
   no
  </sporty>
 </clothing>
 <clothing>
  <id>
   887448883
  </id>
  <name>
   PleinSport Jacket F-4038
  </name>
  <category>
   Jacket
  </category>
  <size>
   S
  </size>
  <color>
   Желтый
  </color>
  <material>
   Полиэстер
  </material>
  <price>
   617444
  </price>
  <rating>
   1.66
  </rating>
  <reviews>
   450855
  </reviews>
  <exclusive>
   no
  </exclusive>
 </clothing>
 <clothing>
  <id>
   985524239
  </id>
  <name>
   Fila Shirt Y-7428
  </name>
  <category>
   Shirt
  </category>
  <size>
   M
  </size>
  <color>
   Зеленый
  </color>
  <material>
   Полиэстер
  </material>
  <price>
   925822
  </price>
  <rating>
   1.3
  </rating>
  <reviews>
   359304
  </reviews>
  <exclusive>
   yes
  </exclusive>
 </clothing>
 <clothing>
  <id>
   421190196
  </id>
  <name>
   Vans Blouse H-5174
  </name>
  <category>
   Blouse
  </category>
  <size>
   L
  </size>
  <color>
   Зеленый
  </color>
  <material>
   Шелк
  </material>
  <price>
   973555
  </price>
  <rating>
   2.98
  </rating>
  <reviews>
   728830
  </reviews>
  <sporty>
   yes
  </sporty>
 </clothing>
 <clothing>
  <id>
   586924858
  </id>
  <name>
   Under Armour Skirt S-7538
  </name>
  <category>
   Skirt
  </category>
  <size>
   XL
  </size>
  <color>
   Голубой
  </color>
  <material>
   Лен
  </material>
  <price>
   256773
  </price>
  <rating>
   3.92
  </rating>
  <reviews>
   398661
  </reviews>
  <new>
   -
  </new>
  <sporty>
   yes
  </sporty>
 </clothing>
 <clothing>
  <id>
   199262083
  </id>
  <name>
   Addidas Jeans K-6436
  </name>
  <category>
   Jeans
  </category>
  <size>
   L
  </size>
  <color>
   Синий
  </color>
  <material>
   Полиэстер
  </material>
  <price>
   416999
  </price>
  <rating>
   1.82
  </rating>
  <reviews>
   316393
  </reviews>
  <exclusive>
   yes
  </exclusive>
  <sporty>
   no
  </sporty>
 </clothing>
 <clothing>
  <id>
   514380450
  </id>
  <name>
   Converse Belts U-3717
  </name>
  <category>
   Belts
  </category>
  <size>
   S
  </size>
  <color>
   Синий
  </color>
  <material>
   Вискоза
  </material>
  <price>
   589945
  </price>
  <rating>
   4.38
  </rating>
  <reviews>
   359109
  </reviews>
  <new>
   -
  </new>
  <sporty>
   yes
  </sporty>
 </clothing>
 <clothing>
  <id>
   488115586
  </id>
  <name>
   Adidas Hat E-7933
  </name>
  <category>
   Hat
  </category>
  <size>
   L
  </size>
  <color>
   Желтый
  </color>
  <material>
   Лен
  </material>
  <price>
   827650
  </price>
  <rating>
   2.88
  </rating>
  <reviews>
   877600
  </reviews>
  <sporty>
   no
  </sporty>
 </clothing>
 <clothing>
  <id>
   357779626
  </id>
  <name>
   Adidas Sweater I-4417
  </name>
  <category>
   Sweater
  </category>
  <size>
   L
  </size>
  <color>
   Красный
  </color>
  <material>
   Хлопок
  </material>
  <price>
   804896
  </price>
  <rating>
   1.01
  </rating>
  <reviews>
   68405
  </reviews>
  <exclusive>
   no
  </exclusive>
  <sporty>
   no
  </sporty>
 </clothing>
 <clothing>
  <id>
   785482546
  </id>
  <name>
   PleinSport Hat N-1252
  </name>
  <category>
   Hat
  </category>
  <size>
   XXL
  </size>
  <color>
   Голубой
  </color>
  <material>
   Нейлон
  </material>
  <price>
   585341
  </price>
  <rating>
   3.26
  </rating>
  <reviews>
   922243
  </reviews>
  <exclusive>
   no
  </exclusive>
  <sporty>
   no
  </sporty>
 </clothing>
 <clothing>
  <id>
   542953365
  </id>
  <name>
   Asics Sweater T-7034
  </name>
  <category>
   Sweater
  </category>
  <size>
   XXL
  </size>
  <color>
   Синий
  </color>
  <material>
   Кожа
  </material>
  <price>
   669671
  </price>
  <rating>
   3.58
  </rating>
  <reviews>
   706728
  </reviews>
  <new>
   -
  </new>
 </clothing>
 <clothing>
  <id>
   207577578
  </id>
  <name>
   Under Armour Blouse V-3508
  </name>
  <category>
   Blouse
  </category>
  <size>
   XL
  </size>
  <color>
   Фиолетовый
  </color>
  <material>
   Вискоза
  </material>
  <price>
   880032
  </price>
  <rating>
   2.5
  </rating>
  <reviews>
   512967
  </reviews>
  <exclusive>
   no
  </exclusive>
  <sporty>
   no
  </sporty>
 </clothing>
 <clothing>
  <id>
   903934975
  </id>
  <name>
   Converse Jacket N-3761
  </name>
  <category>
   Jacket
  </category>
  <size>
   XXL
  </size>
  <color>
   Красный
  </color>
  <material>
   Полиэстер
  </material>
  <price>
   180722
  </price>
  <rating>
   2.51
  </rating>
  <reviews>
   298076
  </reviews>
  <new>
   +
  </new>
  <exclusive>
   yes
  </exclusive>
 </clothing>
 <clothing>
  <id>
   429188337
  </id>
  <name>
   PleinSport Skirt V-7991
  </name>
  <category>
   Skirt
  </category>
  <size>
   XL
  </size>
  <color>
   Голубой
  </color>
  <material>
   Кожа
  </material>
  <price>
   728484
  </price>
  <rating>
   3.15
  </rating>
  <reviews>
   481713
  </reviews>
  <new>
   +
  </new>
 </clothing>
</clothing-items>
