<?xml version="1.0" encoding="utf-8"?>
<clothing-items>
 <clothing>
  <id>
   210749564
  </id>
  <name>
   Fila Dress G-3293
  </name>
  <category>
   Dress
  </category>
  <size>
   XXL
  </size>
  <color>
   Оранжевый
  </color>
  <material>
   Шелк
  </material>
  <price>
   995429
  </price>
  <rating>
   1.93
  </rating>
  <reviews>
   899689
  </reviews>
  <exclusive>
   yes
  </exclusive>
 </clothing>
 <clothing>
  <id>
   660346005
  </id>
  <name>
   Nike Socks O-7267
  </name>
  <category>
   Socks
  </category>
  <size>
   XL
  </size>
  <color>
   Зеленый
  </color>
  <material>
   Вискоза
  </material>
  <price>
   740560
  </price>
  <rating>
   3.91
  </rating>
  <reviews>
   713948
  </reviews>
 </clothing>
 <clothing>
  <id>
   401059608
  </id>
  <name>
   Addidas Hat V-8749
  </name>
  <category>
   Hat
  </category>
  <size>
   XXL
  </size>
  <color>
   Красный
  </color>
  <material>
   Хлопок
  </material>
  <price>
   156611
  </price>
  <rating>
   2.11
  </rating>
  <reviews>
   578267
  </reviews>
  <sporty>
   no
  </sporty>
 </clothing>
 <clothing>
  <id>
   634817800
  </id>
  <name>
   Brooks Hat L-8981
  </name>
  <category>
   Hat
  </category>
  <size>
   M
  </size>
  <color>
   Желтый
  </color>
  <material>
   Кожа
  </material>
  <price>
   394781
  </price>
  <rating>
   1.18
  </rating>
  <reviews>
   487573
  </reviews>
  <exclusive>
   no
  </exclusive>
 </clothing>
 <clothing>
  <id>
   519304907
  </id>
  <name>
   Nike Socks F-1506
  </name>
  <category>
   Socks
  </category>
  <size>
   L
  </size>
  <color>
   Желтый
  </color>
  <material>
   Лен
  </material>
  <price>
   734327
  </price>
  <rating>
   2.86
  </rating>
  <reviews>
   130405
  </reviews>
  <sporty>
   yes
  </sporty>
 </clothing>
 <clothing>
  <id>
   655176756
  </id>
  <name>
   DC Blouse I-2848
  </name>
  <category>
   Blouse
  </category>
  <size>
   S
  </size>
  <color>
   Голубой
  </color>
  <material>
   Полиэстер
  </material>
  <price>
   103692
  </price>
  <rating>
   2.44
  </rating>
  <reviews>
   114119
  </reviews>
  <sporty>
   yes
  </sporty>
 </clothing>
 <clothing>
  <id>
   784539801
  </id>
  <name>
   Reebok Skirt D-7026
  </name>
  <category>
   Skirt
  </category>
  <size>
   M
  </size>
  <color>
   Фиолетовый
  </color>
  <material>
   Шелк
  </material>
  <price>
   904787
  </price>
  <rating>
   3.74
  </rating>
  <reviews>
   654121
  </reviews>
  <new>
   +
  </new>
  <exclusive>
   no
  </exclusive>
 </clothing>
 <clothing>
  <id>
   667841731
  </id>
  <name>
   Adidas Pants C-5589
  </name>
  <category>
   Pants
  </category>
  <size>
   XXL
  </size>
  <color>
   Оранжевый
  </color>
  <material>
   Вискоза
  </material>
  <price>
   164966
  </price>
  <rating>
   2.39
  </rating>
  <reviews>
   466081
  </reviews>
  <new>
   -
  </new>
  <exclusive>
   no
  </exclusive>
  <sporty>
   yes
  </sporty>
 </clothing>
 <clothing>
  <id>
   925861941
  </id>
  <name>
   Asics Skirt X-3830
  </name>
  <category>
   Skirt
  </category>
  <size>
   L
  </size>
  <color>
   Синий
  </color>
  <material>
   Хлопок
  </material>
  <price>
   400827
  </price>
  <rating>
   3.95
  </rating>
  <reviews>
   64562
  </reviews>
  <exclusive>
   no
  </exclusive>
  <sporty>
   no
  </sporty>
 </clothing>
 <clothing>
  <id>
   264580980
  </id>
  <name>
   Brooks Shirt Z-7214
  </name>
  <category>
   Shirt
  </category>
  <size>
   XXL
  </size>
  <color>
   Оранжевый
  </color>
  <material>
   Лен
  </material>
  <price>
   824070
  </price>
  <rating>
   2.58
  </rating>
  <reviews>
   907378
  </reviews>
  <new>
   -
  </new>
  <sporty>
   yes
  </sporty>
 </clothing>
 <clothing>
  <id>
   677898934
  </id>
  <name>
   Converse Shirt O-2536
  </name>
  <category>
   Shirt
  </category>
  <size>
   L
  </size>
  <color>
   Зеленый
  </color>
  <material>
   Шерсть
  </material>
  <price>
   866652
  </price>
  <rating>
   1.72
  </rating>
  <reviews>
   8112
  </reviews>
  <exclusive>
   yes
  </exclusive>
  <sporty>
   no
  </sporty>
 </clothing>
 <clothing>
  <id>
   332588670
  </id>
  <name>
   Addidas Dress Y-9834
  </name>
  <category>
   Dress
  </category>
  <size>
   M
  </size>
  <color>
   Оранжевый
  </color>
  <material>
   Шерсть
  </material>
  <price>
   570620
  </price>
  <rating>
   2.68
  </rating>
  <reviews>
   560171
  </reviews>
  <new>
   +
  </new>
  <sporty>
   no
  </sporty>
 </clothing>
 <clothing>
  <id>
   930658519
  </id>
  <name>
   Ellesse Shoes E-6925
  </name>
  <category>
   Shoes
  </category>
  <size>
   XXL
  </size>
  <color>
   Оранжевый
  </color>
  <material>
   Полиэстер
  </material>
  <price>
   446970
  </price>
  <rating>
   4.47
  </rating>
  <reviews>
   549302
  </reviews>
  <sporty>
   no
  </sporty>
 </clothing>
 <clothing>
  <id>
   402605090
  </id>
  <name>
   New Balance Umbrellas K-1902
  </name>
  <category>
   Umbrellas
  </category>
  <size>
   XL
  </size>
  <color>
   Фиолетовый
  </color>
  <material>
   Шерсть
  </material>
  <price>
   130373
  </price>
  <rating>
   3.5
  </rating>
  <reviews>
   41826
  </reviews>
  <new>
   -
  </new>
  <exclusive>
   yes
  </exclusive>
 </clothing>
 <clothing>
  <id>
   134626204
  </id>
  <name>
   Converse Shirt U-6248
  </name>
  <category>
   Shirt
  </category>
  <size>
   S
  </size>
  <color>
   Зеленый
  </color>
  <material>
   Шерсть
  </material>
  <price>
   859941
  </price>
  <rating>
   1.25
  </rating>
  <reviews>
   413284
  </reviews>
  <new>
   -
  </new>
  <exclusive>
   no
  </exclusive>
 </clothing>
 <clothing>
  <id>
   652051118
  </id>
  <name>
   Ellesse Handbags S-1253
  </name>
  <category>
   Handbags
  </category>
  <size>
   M
  </size>
  <color>
   Зеленый
  </color>
  <material>
   Вискоза
  </material>
  <price>
   143209
  </price>
  <rating>
   2.42
  </rating>
  <reviews>
   122581
  </reviews>
  <new>
   -
  </new>
  <exclusive>
   no
  </exclusive>
 </clothing>
 <clothing>
  <id>
   287839623
  </id>
  <name>
   Ellesse Pants I-7512
  </name>
  <category>
   Pants
  </category>
  <size>
   L
  </size>
  <color>
   Красный
  </color>
  <material>
   Полиэстер
  </material>
  <price>
   965606
  </price>
  <rating>
   2.02
  </rating>
  <reviews>
   704708
  </reviews>
  <exclusive>
   no
  </exclusive>
  <sporty>
   no
  </sporty>
 </clothing>
 <clothing>
  <id>
   171272550
  </id>
  <name>
   New Balance Gloves K-2434
  </name>
  <category>
   Gloves
  </category>
  <size>
   S
  </size>
  <color>
   Голубой
  </color>
  <material>
   Полиэстер
  </material>
  <price>
   707646
  </price>
  <rating>
   2.89
  </rating>
  <reviews>
   264489
  </reviews>
  <exclusive>
   no
  </exclusive>
 </clothing>
 <clothing>
  <id>
   708254385
  </id>
  <name>
   PleinSport Belts V-1735
  </name>
  <category>
   Belts
  </category>
  <size>
   S
  </size>
  <color>
   Желтый
  </color>
  <material>
   Полиэстер
  </material>
  <price>
   965184
  </price>
  <rating>
   4.18
  </rating>
  <reviews>
   571162
  </reviews>
  <exclusive>
   no
  </exclusive>
  <sporty>
   yes
  </sporty>
 </clothing>
 <clothing>
  <id>
   555952706
  </id>
  <name>
   Asics Hat Y-7793
  </name>
  <category>
   Hat
  </category>
  <size>
   S
  </size>
  <color>
   Желтый
  </color>
  <material>
   Шелк
  </material>
  <price>
   609371
  </price>
  <rating>
   2.2
  </rating>
  <reviews>
   735105
  </reviews>
  <sporty>
   no
  </sporty>
 </clothing>
 <clothing>
  <id>
   151620171
  </id>
  <name>
   New Balance Handbags C-8510
  </name>
  <category>
   Handbags
  </category>
  <size>
   XXL
  </size>
  <color>
   Фиолетовый
  </color>
  <material>
   Кожа
  </material>
  <price>
   771829
  </price>
  <rating>
   3.01
  </rating>
  <reviews>
   917364
  </reviews>
  <new>
   -
  </new>
 </clothing>
 <clothing>
  <id>
   682840758
  </id>
  <name>
   PleinSport Pants O-8730
  </name>
  <category>
   Pants
  </category>
  <size>
   XL
  </size>
  <color>
   Фиолетовый
  </color>
  <material>
   Шерсть
  </material>
  <price>
   948045
  </price>
  <rating>
   2.89
  </rating>
  <reviews>
   544170
  </reviews>
 </clothing>
 <clothing>
  <id>
   794812321
  </id>
  <name>
   Asics Jacket H-2999
  </name>
  <category>
   Jacket
  </category>
  <size>
   M
  </size>
  <color>
   Зеленый
  </color>
  <material>
   Вискоза
  </material>
  <price>
   191215
  </price>
  <rating>
   1.19
  </rating>
  <reviews>
   239978
  </reviews>
  <new>
   +
  </new>
  <exclusive>
   no
  </exclusive>
  <sporty>
   no
  </sporty>
 </clothing>
 <clothing>
  <id>
   990578907
  </id>
  <name>
   Lacoste Blouse R-9321
  </name>
  <category>
   Blouse
  </category>
  <size>
   XXL
  </size>
  <color>
   Фиолетовый
  </color>
  <material>
   Шерсть
  </material>
  <price>
   292639
  </price>
  <rating>
   3.72
  </rating>
  <reviews>
   646742
  </reviews>
  <new>
   -
  </new>
  <exclusive>
   no
  </exclusive>
 </clothing>
 <clothing>
  <id>
   202350118
  </id>
  <name>
   Converse Handbags B-2114
  </name>
  <category>
   Handbags
  </category>
  <size>
   S
  </size>
  <color>
   Желтый
  </color>
  <material>
   Нейлон
  </material>
  <price>
   869562
  </price>
  <rating>
   4.11
  </rating>
  <reviews>
   732343
  </reviews>
  <new>
   -
  </new>
  <exclusive>
   yes
  </exclusive>
  <sporty>
   no
  </sporty>
 </clothing>
 <clothing>
  <id>
   576644430
  </id>
  <name>
   Vans Jacket T-4518
  </name>
  <category>
   Jacket
  </category>
  <size>
   S
  </size>
  <color>
   Оранжевый
  </color>
  <material>
   Вискоза
  </material>
  <price>
   446941
  </price>
  <rating>
   3.8
  </rating>
  <reviews>
   52781
  </reviews>
  <exclusive>
   yes
  </exclusive>
 </clothing>
 <clothing>
  <id>
   380886556
  </id>
  <name>
   Ellesse Blouse Y-5802
  </name>
  <category>
   Blouse
  </category>
  <size>
   S
  </size>
  <color>
   Голубой
  </color>
  <material>
   Шелк
  </material>
  <price>
   722114
  </price>
  <rating>
   4.35
  </rating>
  <reviews>
   45706
  </reviews>
  <exclusive>
   no
  </exclusive>
  <sporty>
   no
  </sporty>
 </clothing>
 <clothing>
  <id>
   703347511
  </id>
  <name>
   Nike Jeans N-8366
  </name>
  <category>
   Jeans
  </category>
  <size>
   M
  </size>
  <color>
   Голубой
  </color>
  <material>
   Шелк
  </material>
  <price>
   281866
  </price>
  <rating>
   1.84
  </rating>
  <reviews>
   775995
  </reviews>
  <new>
   -
  </new>
  <exclusive>
   no
  </exclusive>
  <sporty>
   no
  </sporty>
 </clothing>
 <clothing>
  <id>
   814628137
  </id>
  <name>
   Fila Shoes T-2043
  </name>
  <category>
   Shoes
  </category>
  <size>
   XXL
  </size>
  <color>
   Фиолетовый
  </color>
  <material>
   Нейлон
  </material>
  <price>
   590742
  </price>
  <rating>
   1.17
  </rating>
  <reviews>
   883484
  </reviews>
  <new>
   +
  </new>
  <sporty>
   no
  </sporty>
 </clothing>
 <clothing>
  <id>
   536804664
  </id>
  <name>
   Converse Dress S-8875
  </name>
  <category>
   Dress
  </category>
  <size>
   S
  </size>
  <color>
   Фиолетовый
  </color>
  <material>
   Лен
  </material>
  <price>
   542695
  </price>
  <rating>
   4.26
  </rating>
  <reviews>
   60223
  </reviews>
  <exclusive>
   no
  </exclusive>
 </clothing>
 <clothing>
  <id>
   983321796
  </id>
  <name>
   Reebok Shirt D-2704
  </name>
  <category>
   Shirt
  </category>
  <size>
   XL
  </size>
  <color>
   Голубой
  </color>
  <material>
   Шелк
  </material>
  <price>
   129318
  </price>
  <rating>
   4.55
  </rating>
  <reviews>
   210717
  </reviews>
  <exclusive>
   yes
  </exclusive>
  <sporty>
   no
  </sporty>
 </clothing>
 <clothing>
  <id>
   845565395
  </id>
  <name>
   Converse Socks N-6877
  </name>
  <category>
   Socks
  </category>
  <size>
   S
  </size>
  <color>
   Синий
  </color>
  <material>
   Вискоза
  </material>
  <price>
   192382
  </price>
  <rating>
   1.75
  </rating>
  <reviews>
   225828
  </reviews>
  <new>
   -
  </new>
  <sporty>
   yes
  </sporty>
 </clothing>
 <clothing>
  <id>
   702355350
  </id>
  <name>
   PleinSport Umbrellas R-9748
  </name>
  <category>
   Umbrellas
  </category>
  <size>
   XL
  </size>
  <color>
   Красный
  </color>
  <material>
   Вискоза
  </material>
  <price>
   266243
  </price>
  <rating>
   3.15
  </rating>
  <reviews>
   664675
  </reviews>
  <exclusive>
   no
  </exclusive>
  <sporty>
   yes
  </sporty>
 </clothing>
 <clothing>
  <id>
   436148538
  </id>
  <name>
   New Balance Shoes M-6450
  </name>
  <category>
   Shoes
  </category>
  <size>
   XXL
  </size>
  <color>
   Желтый
  </color>
  <material>
   Лен
  </material>
  <price>
   440834
  </price>
  <rating>
   1.06
  </rating>
  <reviews>
   256413
  </reviews>
  <exclusive>
   no
  </exclusive>
 </clothing>
 <clothing>
  <id>
   751171669
  </id>
  <name>
   Adidas Umbrellas R-2247
  </name>
  <category>
   Umbrellas
  </category>
  <size>
   XL
  </size>
  <color>
   Оранжевый
  </color>
  <material>
   Шелк
  </material>
  <price>
   645361
  </price>
  <rating>
   4.23
  </rating>
  <reviews>
   830136
  </reviews>
  <new>
   -
  </new>
  <exclusive>
   no
  </exclusive>
  <sporty>
   no
  </sporty>
 </clothing>
 <clothing>
  <id>
   309810663
  </id>
  <name>
   Nike Shoes N-2445
  </name>
  <category>
   Shoes
  </category>
  <size>
   S
  </size>
  <color>
   Голубой
  </color>
  <material>
   Хлопок
  </material>
  <price>
   476957
  </price>
  <rating>
   2.78
  </rating>
  <reviews>
   199553
  </reviews>
  <new>
   -
  </new>
  <exclusive>
   no
  </exclusive>
  <sporty>
   yes
  </sporty>
 </clothing>
 <clothing>
  <id>
   229997154
  </id>
  <name>
   New Balance Socks Y-9669
  </name>
  <category>
   Socks
  </category>
  <size>
   M
  </size>
  <color>
   Синий
  </color>
  <material>
   Хлопок
  </material>
  <price>
   377211
  </price>
  <rating>
   4.98
  </rating>
  <reviews>
   270405
  </reviews>
  <new>
   -
  </new>
  <exclusive>
   no
  </exclusive>
  <sporty>
   no
  </sporty>
 </clothing>
 <clothing>
  <id>
   551874657
  </id>
  <name>
   Asics Handbags U-2430
  </name>
  <category>
   Handbags
  </category>
  <size>
   M
  </size>
  <color>
   Фиолетовый
  </color>
  <material>
   Шерсть
  </material>
  <price>
   524466
  </price>
  <rating>
   3.52
  </rating>
  <reviews>
   578105
  </reviews>
  <exclusive>
   no
  </exclusive>
 </clothing>
 <clothing>
  <id>
   729808438
  </id>
  <name>
   Lacoste Jacket G-7609
  </name>
  <category>
   Jacket
  </category>
  <size>
   M
  </size>
  <color>
   Оранжевый
  </color>
  <material>
   Нейлон
  </material>
  <price>
   132684
  </price>
  <rating>
   3.55
  </rating>
  <reviews>
   85693
  </reviews>
  <new>
   -
  </new>
  <sporty>
   yes
  </sporty>
 </clothing>
 <clothing>
  <id>
   584952862
  </id>
  <name>
   Adidas Blouse U-8438
  </name>
  <category>
   Blouse
  </category>
  <size>
   XL
  </size>
  <color>
   Голубой
  </color>
  <material>
   Нейлон
  </material>
  <price>
   171565
  </price>
  <rating>
   3.31
  </rating>
  <reviews>
   882802
  </reviews>
  <new>
   +
  </new>
 </clothing>
 <clothing>
  <id>
   557106498
  </id>
  <name>
   Adidas Socks Q-9969
  </name>
  <category>
   Socks
  </category>
  <size>
   S
  </size>
  <color>
   Синий
  </color>
  <material>
   Шелк
  </material>
  <price>
   636524
  </price>
  <rating>
   3.8
  </rating>
  <reviews>
   801959
  </reviews>
  <sporty>
   no
  </sporty>
 </clothing>
 <clothing>
  <id>
   688917351
  </id>
  <name>
   Lacoste Dress P-4654
  </name>
  <category>
   Dress
  </category>
  <size>
   XXL
  </size>
  <color>
   Фиолетовый
  </color>
  <material>
   Шелк
  </material>
  <price>
   512456
  </price>
  <rating>
   2.68
  </rating>
  <reviews>
   491061
  </reviews>
  <exclusive>
   no
  </exclusive>
 </clothing>
 <clothing>
  <id>
   464035481
  </id>
  <name>
   Puma Umbrellas A-6681
  </name>
  <category>
   Umbrellas
  </category>
  <size>
   S
  </size>
  <color>
   Синий
  </color>
  <material>
   Нейлон
  </material>
  <price>
   256895
  </price>
  <rating>
   1.41
  </rating>
  <reviews>
   25004
  </reviews>
 </clothing>
</clothing-items>
