<?xml version="1.0" encoding="utf-8"?>
<clothing-items>
 <clothing>
  <id>
   852684473
  </id>
  <name>
   Lacoste Umbrellas C-2385
  </name>
  <category>
   Umbrellas
  </category>
  <size>
   M
  </size>
  <color>
   Красный
  </color>
  <material>
   Лен
  </material>
  <price>
   103026
  </price>
  <rating>
   3.86
  </rating>
  <reviews>
   69870
  </reviews>
  <new>
   -
  </new>
  <exclusive>
   yes
  </exclusive>
 </clothing>
 <clothing>
  <id>
   580028503
  </id>
  <name>
   Nike Sweater L-6410
  </name>
  <category>
   Sweater
  </category>
  <size>
   XXL
  </size>
  <color>
   Оранжевый
  </color>
  <material>
   Кожа
  </material>
  <price>
   353201
  </price>
  <rating>
   3.53
  </rating>
  <reviews>
   791247
  </reviews>
  <exclusive>
   yes
  </exclusive>
  <sporty>
   no
  </sporty>
 </clothing>
 <clothing>
  <id>
   752304969
  </id>
  <name>
   Ellesse Gloves T-6370
  </name>
  <category>
   Gloves
  </category>
  <size>
   L
  </size>
  <color>
   Зеленый
  </color>
  <material>
   Шелк
  </material>
  <price>
   822925
  </price>
  <rating>
   4.58
  </rating>
  <reviews>
   54572
  </reviews>
  <new>
   -
  </new>
  <sporty>
   yes
  </sporty>
 </clothing>
 <clothing>
  <id>
   492137782
  </id>
  <name>
   Under Armour Skirt W-5663
  </name>
  <category>
   Skirt
  </category>
  <size>
   M
  </size>
  <color>
   Голубой
  </color>
  <material>
   Лен
  </material>
  <price>
   693883
  </price>
  <rating>
   1.88
  </rating>
  <reviews>
   490502
  </reviews>
  <new>
   -
  </new>
  <exclusive>
   yes
  </exclusive>
 </clothing>
 <clothing>
  <id>
   968096905
  </id>
  <name>
   Brooks Hat T-6245
  </name>
  <category>
   Hat
  </category>
  <size>
   M
  </size>
  <color>
   Синий
  </color>
  <material>
   Шелк
  </material>
  <price>
   417699
  </price>
  <rating>
   3.44
  </rating>
  <reviews>
   383794
  </reviews>
  <new>
   -
  </new>
  <exclusive>
   yes
  </exclusive>
 </clothing>
 <clothing>
  <id>
   756184263
  </id>
  <name>
   Brooks Shoes K-1428
  </name>
  <category>
   Shoes
  </category>
  <size>
   S
  </size>
  <color>
   Красный
  </color>
  <material>
   Хлопок
  </material>
  <price>
   264816
  </price>
  <rating>
   3.98
  </rating>
  <reviews>
   618925
  </reviews>
  <new>
   +
  </new>
  <exclusive>
   yes
  </exclusive>
 </clothing>
 <clothing>
  <id>
   122506513
  </id>
  <name>
   Adidas T-shirt W-1924
  </name>
  <category>
   T-shirt
  </category>
  <size>
   M
  </size>
  <color>
   Зеленый
  </color>
  <material>
   Лен
  </material>
  <price>
   579895
  </price>
  <rating>
   4.29
  </rating>
  <reviews>
   237767
  </reviews>
  <new>
   +
  </new>
  <sporty>
   no
  </sporty>
 </clothing>
 <clothing>
  <id>
   309463335
  </id>
  <name>
   Reebok Socks A-9366
  </name>
  <category>
   Socks
  </category>
  <size>
   M
  </size>
  <color>
   Голубой
  </color>
  <material>
   Шерсть
  </material>
  <price>
   574234
  </price>
  <rating>
   2.4
  </rating>
  <reviews>
   64833
  </reviews>
  <new>
   +
  </new>
  <exclusive>
   no
  </exclusive>
 </clothing>
 <clothing>
  <id>
   853638788
  </id>
  <name>
   Vans Sweater U-1472
  </name>
  <category>
   Sweater
  </category>
  <size>
   XL
  </size>
  <color>
   Желтый
  </color>
  <material>
   Хлопок
  </material>
  <price>
   911430
  </price>
  <rating>
   4.15
  </rating>
  <reviews>
   154016
  </reviews>
  <exclusive>
   yes
  </exclusive>
  <sporty>
   yes
  </sporty>
 </clothing>
 <clothing>
  <id>
   898271145
  </id>
  <name>
   Brooks Shoes K-2470
  </name>
  <category>
   Shoes
  </category>
  <size>
   XL
  </size>
  <color>
   Зеленый
  </color>
  <material>
   Шерсть
  </material>
  <price>
   612311
  </price>
  <rating>
   2.3
  </rating>
  <reviews>
   537884
  </reviews>
  <exclusive>
   yes
  </exclusive>
  <sporty>
   no
  </sporty>
 </clothing>
 <clothing>
  <id>
   398759424
  </id>
  <name>
   Puma Gloves G-5932
  </name>
  <category>
   Gloves
  </category>
  <size>
   XL
  </size>
  <color>
   Красный
  </color>
  <material>
   Нейлон
  </material>
  <price>
   543820
  </price>
  <rating>
   1.96
  </rating>
  <reviews>
   2672
  </reviews>
  <new>
   -
  </new>
  <sporty>
   no
  </sporty>
 </clothing>
 <clothing>
  <id>
   834039686
  </id>
  <name>
   Adidas Hat L-3741
  </name>
  <category>
   Hat
  </category>
  <size>
   L
  </size>
  <color>
   Оранжевый
  </color>
  <material>
   Нейлон
  </material>
  <price>
   301711
  </price>
  <rating>
   2.83
  </rating>
  <reviews>
   202321
  </reviews>
  <new>
   -
  </new>
  <exclusive>
   no
  </exclusive>
  <sporty>
   no
  </sporty>
 </clothing>
 <clothing>
  <id>
   854310927
  </id>
  <name>
   Addidas Jeans J-1970
  </name>
  <category>
   Jeans
  </category>
  <size>
   S
  </size>
  <color>
   Голубой
  </color>
  <material>
   Лен
  </material>
  <price>
   644140
  </price>
  <rating>
   2.41
  </rating>
  <reviews>
   724338
  </reviews>
  <new>
   -
  </new>
  <exclusive>
   no
  </exclusive>
  <sporty>
   yes
  </sporty>
 </clothing>
 <clothing>
  <id>
   918178922
  </id>
  <name>
   Converse T-shirt E-2155
  </name>
  <category>
   T-shirt
  </category>
  <size>
   L
  </size>
  <color>
   Синий
  </color>
  <material>
   Вискоза
  </material>
  <price>
   439933
  </price>
  <rating>
   1.57
  </rating>
  <reviews>
   586303
  </reviews>
  <new>
   -
  </new>
  <exclusive>
   yes
  </exclusive>
  <sporty>
   yes
  </sporty>
 </clothing>
 <clothing>
  <id>
   754482349
  </id>
  <name>
   PleinSport Socks B-2325
  </name>
  <category>
   Socks
  </category>
  <size>
   L
  </size>
  <color>
   Голубой
  </color>
  <material>
   Лен
  </material>
  <price>
   200239
  </price>
  <rating>
   1.89
  </rating>
  <reviews>
   967450
  </reviews>
  <sporty>
   no
  </sporty>
 </clothing>
</clothing-items>
