<?xml version="1.0" encoding="utf-8"?>
<clothing-items>
 <clothing>
  <id>
   194562387
  </id>
  <name>
   Ellesse Jacket P-8273
  </name>
  <category>
   Jacket
  </category>
  <size>
   L
  </size>
  <color>
   Желтый
  </color>
  <material>
   Шелк
  </material>
  <price>
   513374
  </price>
  <rating>
   1.69
  </rating>
  <reviews>
   387138
  </reviews>
  <new>
   +
  </new>
  <exclusive>
   no
  </exclusive>
 </clothing>
 <clothing>
  <id>
   393215246
  </id>
  <name>
   Ellesse Jeans H-6660
  </name>
  <category>
   Jeans
  </category>
  <size>
   L
  </size>
  <color>
   Синий
  </color>
  <material>
   Полиэстер
  </material>
  <price>
   657160
  </price>
  <rating>
   4.2
  </rating>
  <reviews>
   800506
  </reviews>
  <new>
   +
  </new>
 </clothing>
 <clothing>
  <id>
   515489767
  </id>
  <name>
   Nike Hat X-1553
  </name>
  <category>
   Hat
  </category>
  <size>
   XXL
  </size>
  <color>
   Голубой
  </color>
  <material>
   Кожа
  </material>
  <price>
   147938
  </price>
  <rating>
   4.12
  </rating>
  <reviews>
   680031
  </reviews>
 </clothing>
 <clothing>
  <id>
   540858872
  </id>
  <name>
   Vans Shoes P-8457
  </name>
  <category>
   Shoes
  </category>
  <size>
   XL
  </size>
  <color>
   Фиолетовый
  </color>
  <material>
   Хлопок
  </material>
  <price>
   405261
  </price>
  <rating>
   4.62
  </rating>
  <reviews>
   985288
  </reviews>
  <new>
   -
  </new>
  <exclusive>
   yes
  </exclusive>
 </clothing>
 <clothing>
  <id>
   242829864
  </id>
  <name>
   Asics Shoes I-4133
  </name>
  <category>
   Shoes
  </category>
  <size>
   XL
  </size>
  <color>
   Желтый
  </color>
  <material>
   Лен
  </material>
  <price>
   529120
  </price>
  <rating>
   1.47
  </rating>
  <reviews>
   922912
  </reviews>
  <exclusive>
   yes
  </exclusive>
  <sporty>
   yes
  </sporty>
 </clothing>
 <clothing>
  <id>
   745578472
  </id>
  <name>
   Reebok Jacket L-9323
  </name>
  <category>
   Jacket
  </category>
  <size>
   XL
  </size>
  <color>
   Оранжевый
  </color>
  <material>
   Хлопок
  </material>
  <price>
   924203
  </price>
  <rating>
   3.68
  </rating>
  <reviews>
   220317
  </reviews>
  <new>
   -
  </new>
  <sporty>
   yes
  </sporty>
 </clothing>
 <clothing>
  <id>
   451146365
  </id>
  <name>
   New Balance Socks N-6569
  </name>
  <category>
   Socks
  </category>
  <size>
   XXL
  </size>
  <color>
   Красный
  </color>
  <material>
   Лен
  </material>
  <price>
   998248
  </price>
  <rating>
   4.19
  </rating>
  <reviews>
   184585
  </reviews>
  <exclusive>
   no
  </exclusive>
  <sporty>
   no
  </sporty>
 </clothing>
 <clothing>
  <id>
   512021028
  </id>
  <name>
   Lacoste Dress O-3133
  </name>
  <category>
   Dress
  </category>
  <size>
   M
  </size>
  <color>
   Оранжевый
  </color>
  <material>
   Вискоза
  </material>
  <price>
   831369
  </price>
  <rating>
   1.71
  </rating>
  <reviews>
   286369
  </reviews>
  <new>
   -
  </new>
  <sporty>
   no
  </sporty>
 </clothing>
 <clothing>
  <id>
   381706834
  </id>
  <name>
   New Balance Jeans W-4217
  </name>
  <category>
   Jeans
  </category>
  <size>
   L
  </size>
  <color>
   Зеленый
  </color>
  <material>
   Кожа
  </material>
  <price>
   434229
  </price>
  <rating>
   3.95
  </rating>
  <reviews>
   700193
  </reviews>
  <new>
   +
  </new>
  <exclusive>
   yes
  </exclusive>
 </clothing>
 <clothing>
  <id>
   825800028
  </id>
  <name>
   Nike Jeans F-1637
  </name>
  <category>
   Jeans
  </category>
  <size>
   XXL
  </size>
  <color>
   Оранжевый
  </color>
  <material>
   Шерсть
  </material>
  <price>
   713757
  </price>
  <rating>
   1.77
  </rating>
  <reviews>
   399000
  </reviews>
  <new>
   -
  </new>
  <exclusive>
   no
  </exclusive>
 </clothing>
 <clothing>
  <id>
   408425529
  </id>
  <name>
   Adidas Shirt U-6503
  </name>
  <category>
   Shirt
  </category>
  <size>
   XL
  </size>
  <color>
   Синий
  </color>
  <material>
   Хлопок
  </material>
  <price>
   684186
  </price>
  <rating>
   2.71
  </rating>
  <reviews>
   553267
  </reviews>
  <sporty>
   no
  </sporty>
 </clothing>
 <clothing>
  <id>
   332178196
  </id>
  <name>
   Adidas Shirt O-1066
  </name>
  <category>
   Shirt
  </category>
  <size>
   S
  </size>
  <color>
   Зеленый
  </color>
  <material>
   Шелк
  </material>
  <price>
   757768
  </price>
  <rating>
   2.19
  </rating>
  <reviews>
   802727
  </reviews>
  <new>
   -
  </new>
  <sporty>
   yes
  </sporty>
 </clothing>
 <clothing>
  <id>
   991522010
  </id>
  <name>
   New Balance Jacket H-1939
  </name>
  <category>
   Jacket
  </category>
  <size>
   XXL
  </size>
  <color>
   Зеленый
  </color>
  <material>
   Вискоза
  </material>
  <price>
   209881
  </price>
  <rating>
   2.39
  </rating>
  <reviews>
   524836
  </reviews>
  <new>
   -
  </new>
 </clothing>
 <clothing>
  <id>
   251685474
  </id>
  <name>
   Under Armour Skirt G-4091
  </name>
  <category>
   Skirt
  </category>
  <size>
   XXL
  </size>
  <color>
   Оранжевый
  </color>
  <material>
   Лен
  </material>
  <price>
   503745
  </price>
  <rating>
   4.16
  </rating>
  <reviews>
   196697
  </reviews>
  <new>
   -
  </new>
  <exclusive>
   yes
  </exclusive>
  <sporty>
   yes
  </sporty>
 </clothing>
 <clothing>
  <id>
   780937523
  </id>
  <name>
   Lacoste T-shirt O-7573
  </name>
  <category>
   T-shirt
  </category>
  <size>
   M
  </size>
  <color>
   Оранжевый
  </color>
  <material>
   Полиэстер
  </material>
  <price>
   762583
  </price>
  <rating>
   4.16
  </rating>
  <reviews>
   565572
  </reviews>
  <exclusive>
   yes
  </exclusive>
  <sporty>
   no
  </sporty>
 </clothing>
 <clothing>
  <id>
   177318988
  </id>
  <name>
   Vans Shirt E-2212
  </name>
  <category>
   Shirt
  </category>
  <size>
   L
  </size>
  <color>
   Синий
  </color>
  <material>
   Вискоза
  </material>
  <price>
   886208
  </price>
  <rating>
   2.44
  </rating>
  <reviews>
   118960
  </reviews>
  <new>
   +
  </new>
  <sporty>
   no
  </sporty>
 </clothing>
 <clothing>
  <id>
   344811078
  </id>
  <name>
   Ellesse Pants R-7378
  </name>
  <category>
   Pants
  </category>
  <size>
   XL
  </size>
  <color>
   Желтый
  </color>
  <material>
   Лен
  </material>
  <price>
   733519
  </price>
  <rating>
   4.11
  </rating>
  <reviews>
   910291
  </reviews>
  <new>
   +
  </new>
  <exclusive>
   yes
  </exclusive>
  <sporty>
   no
  </sporty>
 </clothing>
 <clothing>
  <id>
   646400651
  </id>
  <name>
   New Balance Jeans T-9862
  </name>
  <category>
   Jeans
  </category>
  <size>
   XXL
  </size>
  <color>
   Голубой
  </color>
  <material>
   Шерсть
  </material>
  <price>
   646899
  </price>
  <rating>
   3.35
  </rating>
  <reviews>
   86086
  </reviews>
  <exclusive>
   no
  </exclusive>
  <sporty>
   no
  </sporty>
 </clothing>
 <clothing>
  <id>
   901968788
  </id>
  <name>
   Brooks Jacket B-5051
  </name>
  <category>
   Jacket
  </category>
  <size>
   XL
  </size>
  <color>
   Оранжевый
  </color>
  <material>
   Кожа
  </material>
  <price>
   269398
  </price>
  <rating>
   2.5
  </rating>
  <reviews>
   871112
  </reviews>
  <exclusive>
   no
  </exclusive>
  <sporty>
   yes
  </sporty>
 </clothing>
 <clothing>
  <id>
   813971616
  </id>
  <name>
   New Balance Belts I-3343
  </name>
  <category>
   Belts
  </category>
  <size>
   S
  </size>
  <color>
   Фиолетовый
  </color>
  <material>
   Кожа
  </material>
  <price>
   896510
  </price>
  <rating>
   1.22
  </rating>
  <reviews>
   883563
  </reviews>
  <new>
   -
  </new>
  <exclusive>
   no
  </exclusive>
  <sporty>
   no
  </sporty>
 </clothing>
 <clothing>
  <id>
   433076877
  </id>
  <name>
   Asics Sweater Z-2584
  </name>
  <category>
   Sweater
  </category>
  <size>
   L
  </size>
  <color>
   Синий
  </color>
  <material>
   Полиэстер
  </material>
  <price>
   541968
  </price>
  <rating>
   2.9
  </rating>
  <reviews>
   350804
  </reviews>
  <new>
   +
  </new>
  <exclusive>
   yes
  </exclusive>
 </clothing>
 <clothing>
  <id>
   948869022
  </id>
  <name>
   Under Armour T-shirt X-9117
  </name>
  <category>
   T-shirt
  </category>
  <size>
   XXL
  </size>
  <color>
   Фиолетовый
  </color>
  <material>
   Вискоза
  </material>
  <price>
   246005
  </price>
  <rating>
   2.42
  </rating>
  <reviews>
   334870
  </reviews>
  <exclusive>
   no
  </exclusive>
 </clothing>
 <clothing>
  <id>
   506101431
  </id>
  <name>
   Puma Handbags Y-5057
  </name>
  <category>
   Handbags
  </category>
  <size>
   M
  </size>
  <color>
   Зеленый
  </color>
  <material>
   Хлопок
  </material>
  <price>
   739786
  </price>
  <rating>
   1.51
  </rating>
  <reviews>
   547460
  </reviews>
  <new>
   +
  </new>
  <exclusive>
   no
  </exclusive>
  <sporty>
   no
  </sporty>
 </clothing>
 <clothing>
  <id>
   660083337
  </id>
  <name>
   Ellesse Handbags G-1764
  </name>
  <category>
   Handbags
  </category>
  <size>
   S
  </size>
  <color>
   Синий
  </color>
  <material>
   Шелк
  </material>
  <price>
   433960
  </price>
  <rating>
   4.95
  </rating>
  <reviews>
   357701
  </reviews>
  <new>
   -
  </new>
  <exclusive>
   yes
  </exclusive>
  <sporty>
   yes
  </sporty>
 </clothing>
 <clothing>
  <id>
   979511152
  </id>
  <name>
   Vans Dress Z-7283
  </name>
  <category>
   Dress
  </category>
  <size>
   M
  </size>
  <color>
   Зеленый
  </color>
  <material>
   Полиэстер
  </material>
  <price>
   765596
  </price>
  <rating>
   2.49
  </rating>
  <reviews>
   119672
  </reviews>
  <exclusive>
   no
  </exclusive>
  <sporty>
   yes
  </sporty>
 </clothing>
 <clothing>
  <id>
   351858328
  </id>
  <name>
   Lacoste Pants L-4330
  </name>
  <category>
   Pants
  </category>
  <size>
   S
  </size>
  <color>
   Желтый
  </color>
  <material>
   Нейлон
  </material>
  <price>
   579239
  </price>
  <rating>
   3.95
  </rating>
  <reviews>
   807633
  </reviews>
  <new>
   +
  </new>
  <exclusive>
   no
  </exclusive>
 </clothing>
 <clothing>
  <id>
   302135341
  </id>
  <name>
   Addidas Jacket Z-2916
  </name>
  <category>
   Jacket
  </category>
  <size>
   M
  </size>
  <color>
   Красный
  </color>
  <material>
   Лен
  </material>
  <price>
   671335
  </price>
  <rating>
   2.72
  </rating>
  <reviews>
   571169
  </reviews>
  <new>
   +
  </new>
  <exclusive>
   no
  </exclusive>
  <sporty>
   yes
  </sporty>
 </clothing>
 <clothing>
  <id>
   976318294
  </id>
  <name>
   Lacoste Jeans V-7337
  </name>
  <category>
   Jeans
  </category>
  <size>
   XXL
  </size>
  <color>
   Фиолетовый
  </color>
  <material>
   Нейлон
  </material>
  <price>
   262485
  </price>
  <rating>
   1.52
  </rating>
  <reviews>
   289464
  </reviews>
 </clothing>
 <clothing>
  <id>
   906255830
  </id>
  <name>
   DC Umbrellas B-7640
  </name>
  <category>
   Umbrellas
  </category>
  <size>
   XXL
  </size>
  <color>
   Желтый
  </color>
  <material>
   Нейлон
  </material>
  <price>
   857516
  </price>
  <rating>
   1.78
  </rating>
  <reviews>
   875699
  </reviews>
  <new>
   -
  </new>
  <sporty>
   no
  </sporty>
 </clothing>
 <clothing>
  <id>
   763787420
  </id>
  <name>
   Under Armour Handbags B-1849
  </name>
  <category>
   Handbags
  </category>
  <size>
   XL
  </size>
  <color>
   Синий
  </color>
  <material>
   Лен
  </material>
  <price>
   433115
  </price>
  <rating>
   1.23
  </rating>
  <reviews>
   384707
  </reviews>
  <new>
   -
  </new>
  <sporty>
   yes
  </sporty>
 </clothing>
 <clothing>
  <id>
   173541245
  </id>
  <name>
   Asics Shoes M-3260
  </name>
  <category>
   Shoes
  </category>
  <size>
   XXL
  </size>
  <color>
   Желтый
  </color>
  <material>
   Нейлон
  </material>
  <price>
   266589
  </price>
  <rating>
   1.03
  </rating>
  <reviews>
   54510
  </reviews>
  <exclusive>
   yes
  </exclusive>
 </clothing>
 <clothing>
  <id>
   593710817
  </id>
  <name>
   Nike Jeans I-7711
  </name>
  <category>
   Jeans
  </category>
  <size>
   M
  </size>
  <color>
   Красный
  </color>
  <material>
   Кожа
  </material>
  <price>
   661204
  </price>
  <rating>
   1.17
  </rating>
  <reviews>
   962535
  </reviews>
  <exclusive>
   no
  </exclusive>
 </clothing>
 <clothing>
  <id>
   251505829
  </id>
  <name>
   PleinSport T-shirt M-2433
  </name>
  <category>
   T-shirt
  </category>
  <size>
   M
  </size>
  <color>
   Оранжевый
  </color>
  <material>
   Шелк
  </material>
  <price>
   521375
  </price>
  <rating>
   1.16
  </rating>
  <reviews>
   736186
  </reviews>
  <exclusive>
   yes
  </exclusive>
 </clothing>
 <clothing>
  <id>
   314063527
  </id>
  <name>
   Vans T-shirt U-4195
  </name>
  <category>
   T-shirt
  </category>
  <size>
   L
  </size>
  <color>
   Синий
  </color>
  <material>
   Хлопок
  </material>
  <price>
   708827
  </price>
  <rating>
   3.69
  </rating>
  <reviews>
   71138
  </reviews>
  <exclusive>
   yes
  </exclusive>
  <sporty>
   no
  </sporty>
 </clothing>
 <clothing>
  <id>
   977966189
  </id>
  <name>
   Fila Umbrellas N-8299
  </name>
  <category>
   Umbrellas
  </category>
  <size>
   S
  </size>
  <color>
   Зеленый
  </color>
  <material>
   Вискоза
  </material>
  <price>
   929814
  </price>
  <rating>
   4.94
  </rating>
  <reviews>
   678247
  </reviews>
  <exclusive>
   no
  </exclusive>
 </clothing>
 <clothing>
  <id>
   461135795
  </id>
  <name>
   Nike Sweater U-5657
  </name>
  <category>
   Sweater
  </category>
  <size>
   L
  </size>
  <color>
   Красный
  </color>
  <material>
   Нейлон
  </material>
  <price>
   702459
  </price>
  <rating>
   1.71
  </rating>
  <reviews>
   210911
  </reviews>
  <new>
   -
  </new>
  <exclusive>
   no
  </exclusive>
  <sporty>
   yes
  </sporty>
 </clothing>
 <clothing>
  <id>
   338202845
  </id>
  <name>
   PleinSport Belts W-6708
  </name>
  <category>
   Belts
  </category>
  <size>
   L
  </size>
  <color>
   Фиолетовый
  </color>
  <material>
   Кожа
  </material>
  <price>
   715197
  </price>
  <rating>
   2.2
  </rating>
  <reviews>
   220379
  </reviews>
 </clothing>
</clothing-items>
