<?xml version="1.0" encoding="utf-8"?>
<clothing-items>
 <clothing>
  <id>
   864679854
  </id>
  <name>
   Adidas Hat B-7580
  </name>
  <category>
   Hat
  </category>
  <size>
   L
  </size>
  <color>
   Оранжевый
  </color>
  <material>
   Вискоза
  </material>
  <price>
   167134
  </price>
  <rating>
   3.18
  </rating>
  <reviews>
   479307
  </reviews>
  <new>
   +
  </new>
  <exclusive>
   yes
  </exclusive>
 </clothing>
 <clothing>
  <id>
   737374927
  </id>
  <name>
   Converse Socks F-9443
  </name>
  <category>
   Socks
  </category>
  <size>
   M
  </size>
  <color>
   Желтый
  </color>
  <material>
   Нейлон
  </material>
  <price>
   600390
  </price>
  <rating>
   2.33
  </rating>
  <reviews>
   148126
  </reviews>
  <sporty>
   yes
  </sporty>
 </clothing>
 <clothing>
  <id>
   957575186
  </id>
  <name>
   Brooks Handbags N-6305
  </name>
  <category>
   Handbags
  </category>
  <size>
   XXL
  </size>
  <color>
   Зеленый
  </color>
  <material>
   Хлопок
  </material>
  <price>
   110547
  </price>
  <rating>
   1.81
  </rating>
  <reviews>
   178620
  </reviews>
  <new>
   +
  </new>
  <sporty>
   yes
  </sporty>
 </clothing>
 <clothing>
  <id>
   351447843
  </id>
  <name>
   Vans Pants Q-5238
  </name>
  <category>
   Pants
  </category>
  <size>
   M
  </size>
  <color>
   Желтый
  </color>
  <material>
   Кожа
  </material>
  <price>
   538786
  </price>
  <rating>
   4.14
  </rating>
  <reviews>
   364297
  </reviews>
  <exclusive>
   no
  </exclusive>
  <sporty>
   yes
  </sporty>
 </clothing>
 <clothing>
  <id>
   939307964
  </id>
  <name>
   DC Blouse T-4417
  </name>
  <category>
   Blouse
  </category>
  <size>
   M
  </size>
  <color>
   Голубой
  </color>
  <material>
   Лен
  </material>
  <price>
   242606
  </price>
  <rating>
   4.13
  </rating>
  <reviews>
   597641
  </reviews>
  <new>
   +
  </new>
  <exclusive>
   no
  </exclusive>
  <sporty>
   no
  </sporty>
 </clothing>
 <clothing>
  <id>
   765799591
  </id>
  <name>
   PleinSport T-shirt V-7055
  </name>
  <category>
   T-shirt
  </category>
  <size>
   L
  </size>
  <color>
   Оранжевый
  </color>
  <material>
   Полиэстер
  </material>
  <price>
   482871
  </price>
  <rating>
   1.65
  </rating>
  <reviews>
   827896
  </reviews>
  <sporty>
   no
  </sporty>
 </clothing>
 <clothing>
  <id>
   881504747
  </id>
  <name>
   Fila T-shirt M-9989
  </name>
  <category>
   T-shirt
  </category>
  <size>
   L
  </size>
  <color>
   Голубой
  </color>
  <material>
   Полиэстер
  </material>
  <price>
   993167
  </price>
  <rating>
   1.76
  </rating>
  <reviews>
   39267
  </reviews>
 </clothing>
 <clothing>
  <id>
   525098573
  </id>
  <name>
   New Balance T-shirt C-7131
  </name>
  <category>
   T-shirt
  </category>
  <size>
   L
  </size>
  <color>
   Синий
  </color>
  <material>
   Шерсть
  </material>
  <price>
   365546
  </price>
  <rating>
   2.99
  </rating>
  <reviews>
   879691
  </reviews>
  <exclusive>
   no
  </exclusive>
 </clothing>
 <clothing>
  <id>
   514586813
  </id>
  <name>
   PleinSport Gloves O-1453
  </name>
  <category>
   Gloves
  </category>
  <size>
   L
  </size>
  <color>
   Зеленый
  </color>
  <material>
   Шерсть
  </material>
  <price>
   246524
  </price>
  <rating>
   1.32
  </rating>
  <reviews>
   304313
  </reviews>
  <new>
   -
  </new>
  <exclusive>
   no
  </exclusive>
  <sporty>
   no
  </sporty>
 </clothing>
 <clothing>
  <id>
   378797371
  </id>
  <name>
   Vans Jacket T-8245
  </name>
  <category>
   Jacket
  </category>
  <size>
   M
  </size>
  <color>
   Синий
  </color>
  <material>
   Нейлон
  </material>
  <price>
   924954
  </price>
  <rating>
   2.03
  </rating>
  <reviews>
   266205
  </reviews>
  <new>
   +
  </new>
  <exclusive>
   no
  </exclusive>
  <sporty>
   no
  </sporty>
 </clothing>
 <clothing>
  <id>
   427215902
  </id>
  <name>
   Vans Umbrellas Z-5233
  </name>
  <category>
   Umbrellas
  </category>
  <size>
   M
  </size>
  <color>
   Голубой
  </color>
  <material>
   Нейлон
  </material>
  <price>
   484917
  </price>
  <rating>
   4.97
  </rating>
  <reviews>
   552925
  </reviews>
  <new>
   -
  </new>
  <exclusive>
   no
  </exclusive>
  <sporty>
   yes
  </sporty>
 </clothing>
 <clothing>
  <id>
   449676934
  </id>
  <name>
   Fila T-shirt H-7519
  </name>
  <category>
   T-shirt
  </category>
  <size>
   XL
  </size>
  <color>
   Оранжевый
  </color>
  <material>
   Нейлон
  </material>
  <price>
   842649
  </price>
  <rating>
   2.41
  </rating>
  <reviews>
   440030
  </reviews>
  <new>
   +
  </new>
  <sporty>
   yes
  </sporty>
 </clothing>
 <clothing>
  <id>
   992825424
  </id>
  <name>
   Lacoste Umbrellas U-5936
  </name>
  <category>
   Umbrellas
  </category>
  <size>
   XL
  </size>
  <color>
   Красный
  </color>
  <material>
   Вискоза
  </material>
  <price>
   810551
  </price>
  <rating>
   3.61
  </rating>
  <reviews>
   226403
  </reviews>
  <exclusive>
   no
  </exclusive>
 </clothing>
 <clothing>
  <id>
   530062112
  </id>
  <name>
   New Balance Dress B-6987
  </name>
  <category>
   Dress
  </category>
  <size>
   M
  </size>
  <color>
   Фиолетовый
  </color>
  <material>
   Нейлон
  </material>
  <price>
   678227
  </price>
  <rating>
   1.32
  </rating>
  <reviews>
   79875
  </reviews>
  <new>
   -
  </new>
  <sporty>
   yes
  </sporty>
 </clothing>
 <clothing>
  <id>
   227129891
  </id>
  <name>
   Adidas Jacket V-7512
  </name>
  <category>
   Jacket
  </category>
  <size>
   M
  </size>
  <color>
   Красный
  </color>
  <material>
   Шелк
  </material>
  <price>
   179096
  </price>
  <rating>
   3.49
  </rating>
  <reviews>
   702018
  </reviews>
  <exclusive>
   no
  </exclusive>
  <sporty>
   no
  </sporty>
 </clothing>
 <clothing>
  <id>
   964235553
  </id>
  <name>
   Under Armour Shoes E-6810
  </name>
  <category>
   Shoes
  </category>
  <size>
   S
  </size>
  <color>
   Синий
  </color>
  <material>
   Нейлон
  </material>
  <price>
   859655
  </price>
  <rating>
   1.28
  </rating>
  <reviews>
   148438
  </reviews>
 </clothing>
 <clothing>
  <id>
   236340054
  </id>
  <name>
   Ellesse Shoes P-2098
  </name>
  <category>
   Shoes
  </category>
  <size>
   XXL
  </size>
  <color>
   Зеленый
  </color>
  <material>
   Кожа
  </material>
  <price>
   610312
  </price>
  <rating>
   3.95
  </rating>
  <reviews>
   285992
  </reviews>
  <new>
   +
  </new>
 </clothing>
 <clothing>
  <id>
   365225868
  </id>
  <name>
   Asics Gloves Z-7041
  </name>
  <category>
   Gloves
  </category>
  <size>
   XL
  </size>
  <color>
   Желтый
  </color>
  <material>
   Хлопок
  </material>
  <price>
   623377
  </price>
  <rating>
   2.53
  </rating>
  <reviews>
   744360
  </reviews>
  <new>
   -
  </new>
  <exclusive>
   yes
  </exclusive>
 </clothing>
 <clothing>
  <id>
   174700691
  </id>
  <name>
   Vans Socks Z-6000
  </name>
  <category>
   Socks
  </category>
  <size>
   L
  </size>
  <color>
   Голубой
  </color>
  <material>
   Нейлон
  </material>
  <price>
   798838
  </price>
  <rating>
   2.19
  </rating>
  <reviews>
   961207
  </reviews>
  <new>
   -
  </new>
  <sporty>
   yes
  </sporty>
 </clothing>
 <clothing>
  <id>
   350091121
  </id>
  <name>
   Converse Jacket S-5747
  </name>
  <category>
   Jacket
  </category>
  <size>
   L
  </size>
  <color>
   Оранжевый
  </color>
  <material>
   Шерсть
  </material>
  <price>
   565446
  </price>
  <rating>
   2.4
  </rating>
  <reviews>
   342555
  </reviews>
  <exclusive>
   no
  </exclusive>
  <sporty>
   no
  </sporty>
 </clothing>
 <clothing>
  <id>
   938261466
  </id>
  <name>
   Ellesse Jeans A-7688
  </name>
  <category>
   Jeans
  </category>
  <size>
   M
  </size>
  <color>
   Синий
  </color>
  <material>
   Кожа
  </material>
  <price>
   959687
  </price>
  <rating>
   1.88
  </rating>
  <reviews>
   983815
  </reviews>
  <new>
   -
  </new>
  <exclusive>
   no
  </exclusive>
  <sporty>
   no
  </sporty>
 </clothing>
 <clothing>
  <id>
   144390536
  </id>
  <name>
   DC Pants B-1480
  </name>
  <category>
   Pants
  </category>
  <size>
   L
  </size>
  <color>
   Фиолетовый
  </color>
  <material>
   Лен
  </material>
  <price>
   589136
  </price>
  <rating>
   1.63
  </rating>
  <reviews>
   45272
  </reviews>
  <new>
   +
  </new>
  <exclusive>
   no
  </exclusive>
  <sporty>
   no
  </sporty>
 </clothing>
 <clothing>
  <id>
   692001492
  </id>
  <name>
   PleinSport Umbrellas V-6608
  </name>
  <category>
   Umbrellas
  </category>
  <size>
   L
  </size>
  <color>
   Зеленый
  </color>
  <material>
   Шерсть
  </material>
  <price>
   363563
  </price>
  <rating>
   2.71
  </rating>
  <reviews>
   136641
  </reviews>
  <new>
   +
  </new>
  <exclusive>
   no
  </exclusive>
  <sporty>
   no
  </sporty>
 </clothing>
 <clothing>
  <id>
   884780491
  </id>
  <name>
   Puma T-shirt S-4359
  </name>
  <category>
   T-shirt
  </category>
  <size>
   XL
  </size>
  <color>
   Зеленый
  </color>
  <material>
   Шелк
  </material>
  <price>
   212477
  </price>
  <rating>
   1.17
  </rating>
  <reviews>
   277257
  </reviews>
  <new>
   +
  </new>
  <exclusive>
   yes
  </exclusive>
  <sporty>
   yes
  </sporty>
 </clothing>
 <clothing>
  <id>
   749198626
  </id>
  <name>
   Fila Shirt N-7998
  </name>
  <category>
   Shirt
  </category>
  <size>
   S
  </size>
  <color>
   Красный
  </color>
  <material>
   Хлопок
  </material>
  <price>
   585117
  </price>
  <rating>
   4.07
  </rating>
  <reviews>
   688267
  </reviews>
  <new>
   -
  </new>
 </clothing>
 <clothing>
  <id>
   912471409
  </id>
  <name>
   Fila T-shirt H-1610
  </name>
  <category>
   T-shirt
  </category>
  <size>
   L
  </size>
  <color>
   Желтый
  </color>
  <material>
   Шелк
  </material>
  <price>
   891291
  </price>
  <rating>
   3.41
  </rating>
  <reviews>
   380131
  </reviews>
  <new>
   -
  </new>
  <exclusive>
   yes
  </exclusive>
  <sporty>
   yes
  </sporty>
 </clothing>
 <clothing>
  <id>
   202561259
  </id>
  <name>
   New Balance Gloves H-6351
  </name>
  <category>
   Gloves
  </category>
  <size>
   S
  </size>
  <color>
   Красный
  </color>
  <material>
   Нейлон
  </material>
  <price>
   669024
  </price>
  <rating>
   2.98
  </rating>
  <reviews>
   995155
  </reviews>
 </clothing>
 <clothing>
  <id>
   618252717
  </id>
  <name>
   Reebok Belts L-7814
  </name>
  <category>
   Belts
  </category>
  <size>
   S
  </size>
  <color>
   Зеленый
  </color>
  <material>
   Шелк
  </material>
  <price>
   877234
  </price>
  <rating>
   1.68
  </rating>
  <reviews>
   262279
  </reviews>
  <new>
   -
  </new>
  <exclusive>
   no
  </exclusive>
  <sporty>
   no
  </sporty>
 </clothing>
 <clothing>
  <id>
   820473105
  </id>
  <name>
   Fila Pants A-6981
  </name>
  <category>
   Pants
  </category>
  <size>
   M
  </size>
  <color>
   Зеленый
  </color>
  <material>
   Кожа
  </material>
  <price>
   523711
  </price>
  <rating>
   3.56
  </rating>
  <reviews>
   163773
  </reviews>
  <exclusive>
   yes
  </exclusive>
  <sporty>
   no
  </sporty>
 </clothing>
 <clothing>
  <id>
   988178540
  </id>
  <name>
   Nike Socks Z-9719
  </name>
  <category>
   Socks
  </category>
  <size>
   M
  </size>
  <color>
   Фиолетовый
  </color>
  <material>
   Шелк
  </material>
  <price>
   694192
  </price>
  <rating>
   1.14
  </rating>
  <reviews>
   424100
  </reviews>
  <exclusive>
   no
  </exclusive>
  <sporty>
   yes
  </sporty>
 </clothing>
 <clothing>
  <id>
   827030572
  </id>
  <name>
   Adidas Skirt Y-3752
  </name>
  <category>
   Skirt
  </category>
  <size>
   XL
  </size>
  <color>
   Красный
  </color>
  <material>
   Шерсть
  </material>
  <price>
   669586
  </price>
  <rating>
   4.91
  </rating>
  <reviews>
   374593
  </reviews>
  <exclusive>
   no
  </exclusive>
  <sporty>
   no
  </sporty>
 </clothing>
 <clothing>
  <id>
   256876959
  </id>
  <name>
   Adidas Umbrellas Q-3261
  </name>
  <category>
   Umbrellas
  </category>
  <size>
   M
  </size>
  <color>
   Зеленый
  </color>
  <material>
   Нейлон
  </material>
  <price>
   663619
  </price>
  <rating>
   4.58
  </rating>
  <reviews>
   995472
  </reviews>
  <exclusive>
   yes
  </exclusive>
 </clothing>
 <clothing>
  <id>
   473353998
  </id>
  <name>
   Ellesse Blouse U-7114
  </name>
  <category>
   Blouse
  </category>
  <size>
   M
  </size>
  <color>
   Зеленый
  </color>
  <material>
   Хлопок
  </material>
  <price>
   996352
  </price>
  <rating>
   4.08
  </rating>
  <reviews>
   573695
  </reviews>
  <new>
   -
  </new>
  <sporty>
   no
  </sporty>
 </clothing>
 <clothing>
  <id>
   536527325
  </id>
  <name>
   Lacoste Blouse R-6567
  </name>
  <category>
   Blouse
  </category>
  <size>
   L
  </size>
  <color>
   Красный
  </color>
  <material>
   Шерсть
  </material>
  <price>
   631855
  </price>
  <rating>
   2.71
  </rating>
  <reviews>
   565918
  </reviews>
 </clothing>
 <clothing>
  <id>
   574912245
  </id>
  <name>
   Asics Umbrellas B-2372
  </name>
  <category>
   Umbrellas
  </category>
  <size>
   XXL
  </size>
  <color>
   Фиолетовый
  </color>
  <material>
   Вискоза
  </material>
  <price>
   367871
  </price>
  <rating>
   3.82
  </rating>
  <reviews>
   441028
  </reviews>
  <new>
   -
  </new>
  <sporty>
   no
  </sporty>
 </clothing>
 <clothing>
  <id>
   870587341
  </id>
  <name>
   Ellesse Dress V-2784
  </name>
  <category>
   Dress
  </category>
  <size>
   M
  </size>
  <color>
   Голубой
  </color>
  <material>
   Вискоза
  </material>
  <price>
   745971
  </price>
  <rating>
   1.55
  </rating>
  <reviews>
   952536
  </reviews>
  <exclusive>
   no
  </exclusive>
 </clothing>
 <clothing>
  <id>
   335936843
  </id>
  <name>
   Fila Belts Y-1701
  </name>
  <category>
   Belts
  </category>
  <size>
   L
  </size>
  <color>
   Желтый
  </color>
  <material>
   Шерсть
  </material>
  <price>
   576223
  </price>
  <rating>
   3.15
  </rating>
  <reviews>
   164325
  </reviews>
  <exclusive>
   no
  </exclusive>
 </clothing>
 <clothing>
  <id>
   961623201
  </id>
  <name>
   PleinSport Skirt G-8431
  </name>
  <category>
   Skirt
  </category>
  <size>
   L
  </size>
  <color>
   Зеленый
  </color>
  <material>
   Шерсть
  </material>
  <price>
   257153
  </price>
  <rating>
   2.37
  </rating>
  <reviews>
   769927
  </reviews>
  <new>
   +
  </new>
  <sporty>
   no
  </sporty>
 </clothing>
 <clothing>
  <id>
   660407444
  </id>
  <name>
   Adidas Pants Y-3301
  </name>
  <category>
   Pants
  </category>
  <size>
   XL
  </size>
  <color>
   Зеленый
  </color>
  <material>
   Кожа
  </material>
  <price>
   234515
  </price>
  <rating>
   3.76
  </rating>
  <reviews>
   973635
  </reviews>
  <new>
   -
  </new>
  <exclusive>
   yes
  </exclusive>
  <sporty>
   no
  </sporty>
 </clothing>
 <clothing>
  <id>
   126275349
  </id>
  <name>
   Fila Pants O-6789
  </name>
  <category>
   Pants
  </category>
  <size>
   S
  </size>
  <color>
   Синий
  </color>
  <material>
   Вискоза
  </material>
  <price>
   774972
  </price>
  <rating>
   3.9
  </rating>
  <reviews>
   377302
  </reviews>
  <exclusive>
   yes
  </exclusive>
  <sporty>
   no
  </sporty>
 </clothing>
 <clothing>
  <id>
   139849159
  </id>
  <name>
   Addidas Shoes K-5771
  </name>
  <category>
   Shoes
  </category>
  <size>
   L
  </size>
  <color>
   Оранжевый
  </color>
  <material>
   Кожа
  </material>
  <price>
   508123
  </price>
  <rating>
   3.76
  </rating>
  <reviews>
   406314
  </reviews>
  <new>
   -
  </new>
  <exclusive>
   yes
  </exclusive>
  <sporty>
   no
  </sporty>
 </clothing>
 <clothing>
  <id>
   711129506
  </id>
  <name>
   Puma Pants Q-2154
  </name>
  <category>
   Pants
  </category>
  <size>
   XXL
  </size>
  <color>
   Зеленый
  </color>
  <material>
   Кожа
  </material>
  <price>
   641985
  </price>
  <rating>
   3.97
  </rating>
  <reviews>
   870000
  </reviews>
  <new>
   -
  </new>
  <exclusive>
   no
  </exclusive>
  <sporty>
   no
  </sporty>
 </clothing>
 <clothing>
  <id>
   546598561
  </id>
  <name>
   Lacoste Jacket C-7204
  </name>
  <category>
   Jacket
  </category>
  <size>
   L
  </size>
  <color>
   Зеленый
  </color>
  <material>
   Шерсть
  </material>
  <price>
   838235
  </price>
  <rating>
   4.31
  </rating>
  <reviews>
   14540
  </reviews>
 </clothing>
 <clothing>
  <id>
   627432306
  </id>
  <name>
   Puma Sweater A-9620
  </name>
  <category>
   Sweater
  </category>
  <size>
   S
  </size>
  <color>
   Желтый
  </color>
  <material>
   Вискоза
  </material>
  <price>
   287954
  </price>
  <rating>
   2.3
  </rating>
  <reviews>
   769403
  </reviews>
  <sporty>
   no
  </sporty>
 </clothing>
 <clothing>
  <id>
   890156383
  </id>
  <name>
   Converse Jacket U-1564
  </name>
  <category>
   Jacket
  </category>
  <size>
   M
  </size>
  <color>
   Желтый
  </color>
  <material>
   Полиэстер
  </material>
  <price>
   209214
  </price>
  <rating>
   3.78
  </rating>
  <reviews>
   739194
  </reviews>
  <new>
   +
  </new>
  <exclusive>
   yes
  </exclusive>
  <sporty>
   yes
  </sporty>
 </clothing>
 <clothing>
  <id>
   144120125
  </id>
  <name>
   Addidas Hat P-9292
  </name>
  <category>
   Hat
  </category>
  <size>
   S
  </size>
  <color>
   Голубой
  </color>
  <material>
   Лен
  </material>
  <price>
   699325
  </price>
  <rating>
   2.03
  </rating>
  <reviews>
   807337
  </reviews>
  <new>
   -
  </new>
  <exclusive>
   yes
  </exclusive>
 </clothing>
 <clothing>
  <id>
   625461063
  </id>
  <name>
   Vans Hat B-3169
  </name>
  <category>
   Hat
  </category>
  <size>
   L
  </size>
  <color>
   Зеленый
  </color>
  <material>
   Хлопок
  </material>
  <price>
   137580
  </price>
  <rating>
   4.77
  </rating>
  <reviews>
   346387
  </reviews>
  <sporty>
   no
  </sporty>
 </clothing>
</clothing-items>
