<?xml version="1.0" encoding="utf-8"?>
<clothing-items>
 <clothing>
  <id>
   246146307
  </id>
  <name>
   Reebok Dress C-4772
  </name>
  <category>
   Dress
  </category>
  <size>
   M
  </size>
  <color>
   Красный
  </color>
  <material>
   Хлопок
  </material>
  <price>
   290453
  </price>
  <rating>
   2.0
  </rating>
  <reviews>
   401798
  </reviews>
  <new>
   -
  </new>
  <sporty>
   yes
  </sporty>
 </clothing>
 <clothing>
  <id>
   783502624
  </id>
  <name>
   Puma Sweater W-9902
  </name>
  <category>
   Sweater
  </category>
  <size>
   XL
  </size>
  <color>
   Оранжевый
  </color>
  <material>
   Нейлон
  </material>
  <price>
   456835
  </price>
  <rating>
   3.7
  </rating>
  <reviews>
   192944
  </reviews>
  <new>
   -
  </new>
  <sporty>
   yes
  </sporty>
 </clothing>
 <clothing>
  <id>
   412724244
  </id>
  <name>
   Ellesse Jeans W-1561
  </name>
  <category>
   Jeans
  </category>
  <size>
   S
  </size>
  <color>
   Синий
  </color>
  <material>
   Шерсть
  </material>
  <price>
   605052
  </price>
  <rating>
   1.05
  </rating>
  <reviews>
   807366
  </reviews>
  <new>
   -
  </new>
  <exclusive>
   yes
  </exclusive>
  <sporty>
   no
  </sporty>
 </clothing>
 <clothing>
  <id>
   127741100
  </id>
  <name>
   Ellesse Hat P-7983
  </name>
  <category>
   Hat
  </category>
  <size>
   XXL
  </size>
  <color>
   Фиолетовый
  </color>
  <material>
   Лен
  </material>
  <price>
   977885
  </price>
  <rating>
   4.56
  </rating>
  <reviews>
   969593
  </reviews>
  <sporty>
   no
  </sporty>
 </clothing>
 <clothing>
  <id>
   825401231
  </id>
  <name>
   Converse Belts K-4467
  </name>
  <category>
   Belts
  </category>
  <size>
   L
  </size>
  <color>
   Голубой
  </color>
  <material>
   Лен
  </material>
  <price>
   611787
  </price>
  <rating>
   1.32
  </rating>
  <reviews>
   402313
  </reviews>
  <new>
   -
  </new>
  <exclusive>
   no
  </exclusive>
 </clothing>
 <clothing>
  <id>
   276994672
  </id>
  <name>
   Asics Umbrellas W-7222
  </name>
  <category>
   Umbrellas
  </category>
  <size>
   L
  </size>
  <color>
   Голубой
  </color>
  <material>
   Шелк
  </material>
  <price>
   903294
  </price>
  <rating>
   3.15
  </rating>
  <reviews>
   794867
  </reviews>
  <new>
   -
  </new>
  <exclusive>
   no
  </exclusive>
  <sporty>
   yes
  </sporty>
 </clothing>
 <clothing>
  <id>
   419115833
  </id>
  <name>
   Converse Hat N-2197
  </name>
  <category>
   Hat
  </category>
  <size>
   M
  </size>
  <color>
   Голубой
  </color>
  <material>
   Шелк
  </material>
  <price>
   186055
  </price>
  <rating>
   3.24
  </rating>
  <reviews>
   751530
  </reviews>
  <new>
   -
  </new>
  <exclusive>
   no
  </exclusive>
  <sporty>
   yes
  </sporty>
 </clothing>
 <clothing>
  <id>
   802318379
  </id>
  <name>
   Adidas Belts U-1306
  </name>
  <category>
   Belts
  </category>
  <size>
   L
  </size>
  <color>
   Оранжевый
  </color>
  <material>
   Кожа
  </material>
  <price>
   151597
  </price>
  <rating>
   1.63
  </rating>
  <reviews>
   931981
  </reviews>
 </clothing>
 <clothing>
  <id>
   541155304
  </id>
  <name>
   Under Armour Blouse T-6163
  </name>
  <category>
   Blouse
  </category>
  <size>
   XL
  </size>
  <color>
   Синий
  </color>
  <material>
   Нейлон
  </material>
  <price>
   674538
  </price>
  <rating>
   2.26
  </rating>
  <reviews>
   636809
  </reviews>
  <new>
   -
  </new>
  <sporty>
   yes
  </sporty>
 </clothing>
 <clothing>
  <id>
   127557990
  </id>
  <name>
   Puma Shirt U-9127
  </name>
  <category>
   Shirt
  </category>
  <size>
   L
  </size>
  <color>
   Зеленый
  </color>
  <material>
   Нейлон
  </material>
  <price>
   278387
  </price>
  <rating>
   4.93
  </rating>
  <reviews>
   476193
  </reviews>
  <new>
   +
  </new>
  <exclusive>
   no
  </exclusive>
  <sporty>
   no
  </sporty>
 </clothing>
 <clothing>
  <id>
   442638152
  </id>
  <name>
   Fila Handbags V-6520
  </name>
  <category>
   Handbags
  </category>
  <size>
   XL
  </size>
  <color>
   Красный
  </color>
  <material>
   Лен
  </material>
  <price>
   821387
  </price>
  <rating>
   4.75
  </rating>
  <reviews>
   120336
  </reviews>
  <new>
   +
  </new>
  <sporty>
   yes
  </sporty>
 </clothing>
 <clothing>
  <id>
   217164132
  </id>
  <name>
   Vans Sweater U-5582
  </name>
  <category>
   Sweater
  </category>
  <size>
   L
  </size>
  <color>
   Синий
  </color>
  <material>
   Вискоза
  </material>
  <price>
   611072
  </price>
  <rating>
   2.72
  </rating>
  <reviews>
   939412
  </reviews>
  <new>
   -
  </new>
  <sporty>
   yes
  </sporty>
 </clothing>
 <clothing>
  <id>
   761275970
  </id>
  <name>
   Lacoste Belts E-8220
  </name>
  <category>
   Belts
  </category>
  <size>
   XL
  </size>
  <color>
   Оранжевый
  </color>
  <material>
   Шерсть
  </material>
  <price>
   769673
  </price>
  <rating>
   3.5
  </rating>
  <reviews>
   13788
  </reviews>
  <sporty>
   yes
  </sporty>
 </clothing>
 <clothing>
  <id>
   915402577
  </id>
  <name>
   Brooks Blouse U-9082
  </name>
  <category>
   Blouse
  </category>
  <size>
   XL
  </size>
  <color>
   Оранжевый
  </color>
  <material>
   Лен
  </material>
  <price>
   247252
  </price>
  <rating>
   1.78
  </rating>
  <reviews>
   626306
  </reviews>
  <new>
   -
  </new>
  <exclusive>
   no
  </exclusive>
 </clothing>
 <clothing>
  <id>
   870111187
  </id>
  <name>
   DC Dress C-2777
  </name>
  <category>
   Dress
  </category>
  <size>
   L
  </size>
  <color>
   Оранжевый
  </color>
  <material>
   Шерсть
  </material>
  <price>
   400191
  </price>
  <rating>
   3.24
  </rating>
  <reviews>
   6782
  </reviews>
  <new>
   +
  </new>
 </clothing>
 <clothing>
  <id>
   640469671
  </id>
  <name>
   Addidas Shoes R-5612
  </name>
  <category>
   Shoes
  </category>
  <size>
   S
  </size>
  <color>
   Желтый
  </color>
  <material>
   Вискоза
  </material>
  <price>
   732914
  </price>
  <rating>
   3.12
  </rating>
  <reviews>
   546309
  </reviews>
  <exclusive>
   no
  </exclusive>
  <sporty>
   yes
  </sporty>
 </clothing>
 <clothing>
  <id>
   426416817
  </id>
  <name>
   Puma Shirt D-5814
  </name>
  <category>
   Shirt
  </category>
  <size>
   L
  </size>
  <color>
   Фиолетовый
  </color>
  <material>
   Полиэстер
  </material>
  <price>
   981345
  </price>
  <rating>
   3.3
  </rating>
  <reviews>
   822178
  </reviews>
 </clothing>
 <clothing>
  <id>
   332244389
  </id>
  <name>
   Asics Shoes C-3429
  </name>
  <category>
   Shoes
  </category>
  <size>
   XXL
  </size>
  <color>
   Фиолетовый
  </color>
  <material>
   Шерсть
  </material>
  <price>
   788675
  </price>
  <rating>
   1.67
  </rating>
  <reviews>
   640199
  </reviews>
  <exclusive>
   no
  </exclusive>
  <sporty>
   no
  </sporty>
 </clothing>
 <clothing>
  <id>
   259907927
  </id>
  <name>
   DC Blouse E-1423
  </name>
  <category>
   Blouse
  </category>
  <size>
   XL
  </size>
  <color>
   Синий
  </color>
  <material>
   Шерсть
  </material>
  <price>
   814518
  </price>
  <rating>
   3.82
  </rating>
  <reviews>
   845134
  </reviews>
  <sporty>
   no
  </sporty>
 </clothing>
 <clothing>
  <id>
   763592807
  </id>
  <name>
   Reebok Jeans R-3094
  </name>
  <category>
   Jeans
  </category>
  <size>
   L
  </size>
  <color>
   Оранжевый
  </color>
  <material>
   Лен
  </material>
  <price>
   272238
  </price>
  <rating>
   3.72
  </rating>
  <reviews>
   630640
  </reviews>
  <new>
   +
  </new>
  <exclusive>
   yes
  </exclusive>
 </clothing>
 <clothing>
  <id>
   466710086
  </id>
  <name>
   Asics Belts O-1654
  </name>
  <category>
   Belts
  </category>
  <size>
   S
  </size>
  <color>
   Зеленый
  </color>
  <material>
   Хлопок
  </material>
  <price>
   232765
  </price>
  <rating>
   4.22
  </rating>
  <reviews>
   924293
  </reviews>
  <exclusive>
   no
  </exclusive>
 </clothing>
 <clothing>
  <id>
   146616990
  </id>
  <name>
   Fila Gloves R-8221
  </name>
  <category>
   Gloves
  </category>
  <size>
   S
  </size>
  <color>
   Синий
  </color>
  <material>
   Лен
  </material>
  <price>
   604270
  </price>
  <rating>
   3.74
  </rating>
  <reviews>
   3133
  </reviews>
  <exclusive>
   no
  </exclusive>
 </clothing>
 <clothing>
  <id>
   982999249
  </id>
  <name>
   Puma Handbags H-4727
  </name>
  <category>
   Handbags
  </category>
  <size>
   L
  </size>
  <color>
   Фиолетовый
  </color>
  <material>
   Шелк
  </material>
  <price>
   838161
  </price>
  <rating>
   4.25
  </rating>
  <reviews>
   27360
  </reviews>
  <new>
   -
  </new>
  <exclusive>
   no
  </exclusive>
  <sporty>
   no
  </sporty>
 </clothing>
 <clothing>
  <id>
   253642791
  </id>
  <name>
   Under Armour Dress Z-3210
  </name>
  <category>
   Dress
  </category>
  <size>
   L
  </size>
  <color>
   Красный
  </color>
  <material>
   Вискоза
  </material>
  <price>
   303139
  </price>
  <rating>
   2.49
  </rating>
  <reviews>
   208619
  </reviews>
  <new>
   +
  </new>
  <exclusive>
   yes
  </exclusive>
  <sporty>
   yes
  </sporty>
 </clothing>
 <clothing>
  <id>
   405652162
  </id>
  <name>
   Reebok Shirt Z-2641
  </name>
  <category>
   Shirt
  </category>
  <size>
   XL
  </size>
  <color>
   Синий
  </color>
  <material>
   Нейлон
  </material>
  <price>
   788780
  </price>
  <rating>
   2.12
  </rating>
  <reviews>
   589573
  </reviews>
  <exclusive>
   no
  </exclusive>
  <sporty>
   no
  </sporty>
 </clothing>
 <clothing>
  <id>
   381992687
  </id>
  <name>
   Vans Skirt E-8244
  </name>
  <category>
   Skirt
  </category>
  <size>
   XXL
  </size>
  <color>
   Оранжевый
  </color>
  <material>
   Хлопок
  </material>
  <price>
   246022
  </price>
  <rating>
   4.57
  </rating>
  <reviews>
   486100
  </reviews>
  <new>
   -
  </new>
  <exclusive>
   no
  </exclusive>
  <sporty>
   yes
  </sporty>
 </clothing>
 <clothing>
  <id>
   653266848
  </id>
  <name>
   Adidas Shoes K-1081
  </name>
  <category>
   Shoes
  </category>
  <size>
   M
  </size>
  <color>
   Голубой
  </color>
  <material>
   Вискоза
  </material>
  <price>
   924054
  </price>
  <rating>
   4.25
  </rating>
  <reviews>
   668770
  </reviews>
  <new>
   -
  </new>
  <sporty>
   no
  </sporty>
 </clothing>
 <clothing>
  <id>
   343617168
  </id>
  <name>
   PleinSport Socks J-1001
  </name>
  <category>
   Socks
  </category>
  <size>
   XL
  </size>
  <color>
   Желтый
  </color>
  <material>
   Лен
  </material>
  <price>
   473760
  </price>
  <rating>
   4.74
  </rating>
  <reviews>
   116505
  </reviews>
  <new>
   -
  </new>
  <exclusive>
   no
  </exclusive>
 </clothing>
 <clothing>
  <id>
   165223426
  </id>
  <name>
   DC Pants Z-4970
  </name>
  <category>
   Pants
  </category>
  <size>
   L
  </size>
  <color>
   Зеленый
  </color>
  <material>
   Лен
  </material>
  <price>
   669868
  </price>
  <rating>
   4.54
  </rating>
  <reviews>
   502128
  </reviews>
  <exclusive>
   yes
  </exclusive>
  <sporty>
   yes
  </sporty>
 </clothing>
 <clothing>
  <id>
   962891543
  </id>
  <name>
   PleinSport Skirt P-6005
  </name>
  <category>
   Skirt
  </category>
  <size>
   M
  </size>
  <color>
   Желтый
  </color>
  <material>
   Хлопок
  </material>
  <price>
   717467
  </price>
  <rating>
   4.52
  </rating>
  <reviews>
   486886
  </reviews>
  <exclusive>
   no
  </exclusive>
  <sporty>
   yes
  </sporty>
 </clothing>
 <clothing>
  <id>
   550382948
  </id>
  <name>
   DC Dress R-1666
  </name>
  <category>
   Dress
  </category>
  <size>
   L
  </size>
  <color>
   Фиолетовый
  </color>
  <material>
   Полиэстер
  </material>
  <price>
   144641
  </price>
  <rating>
   4.27
  </rating>
  <reviews>
   198471
  </reviews>
  <exclusive>
   yes
  </exclusive>
  <sporty>
   no
  </sporty>
 </clothing>
 <clothing>
  <id>
   356464689
  </id>
  <name>
   Reebok Umbrellas E-1476
  </name>
  <category>
   Umbrellas
  </category>
  <size>
   L
  </size>
  <color>
   Синий
  </color>
  <material>
   Вискоза
  </material>
  <price>
   652893
  </price>
  <rating>
   2.84
  </rating>
  <reviews>
   89767
  </reviews>
  <exclusive>
   no
  </exclusive>
 </clothing>
</clothing-items>
