<?xml version="1.0" encoding="utf-8"?>
<clothing-items>
 <clothing>
  <id>
   233186608
  </id>
  <name>
   Under Armour Shoes Z-1792
  </name>
  <category>
   Shoes
  </category>
  <size>
   M
  </size>
  <color>
   Голубой
  </color>
  <material>
   Хлопок
  </material>
  <price>
   434831
  </price>
  <rating>
   3.86
  </rating>
  <reviews>
   757758
  </reviews>
  <new>
   -
  </new>
 </clothing>
 <clothing>
  <id>
   229678762
  </id>
  <name>
   Converse Skirt D-6228
  </name>
  <category>
   Skirt
  </category>
  <size>
   M
  </size>
  <color>
   Фиолетовый
  </color>
  <material>
   Хлопок
  </material>
  <price>
   534185
  </price>
  <rating>
   3.57
  </rating>
  <reviews>
   234457
  </reviews>
  <new>
   -
  </new>
  <exclusive>
   yes
  </exclusive>
 </clothing>
 <clothing>
  <id>
   250451428
  </id>
  <name>
   Puma Umbrellas J-2441
  </name>
  <category>
   Umbrellas
  </category>
  <size>
   XXL
  </size>
  <color>
   Желтый
  </color>
  <material>
   Полиэстер
  </material>
  <price>
   625342
  </price>
  <rating>
   1.98
  </rating>
  <reviews>
   563144
  </reviews>
  <new>
   -
  </new>
  <exclusive>
   no
  </exclusive>
 </clothing>
 <clothing>
  <id>
   703398567
  </id>
  <name>
   Converse Pants Y-5964
  </name>
  <category>
   Pants
  </category>
  <size>
   M
  </size>
  <color>
   Оранжевый
  </color>
  <material>
   Шерсть
  </material>
  <price>
   355788
  </price>
  <rating>
   4.12
  </rating>
  <reviews>
   772406
  </reviews>
  <new>
   +
  </new>
  <exclusive>
   no
  </exclusive>
  <sporty>
   no
  </sporty>
 </clothing>
 <clothing>
  <id>
   215027838
  </id>
  <name>
   Reebok Dress X-9456
  </name>
  <category>
   Dress
  </category>
  <size>
   S
  </size>
  <color>
   Синий
  </color>
  <material>
   Вискоза
  </material>
  <price>
   982921
  </price>
  <rating>
   3.23
  </rating>
  <reviews>
   53518
  </reviews>
  <sporty>
   no
  </sporty>
 </clothing>
 <clothing>
  <id>
   895493685
  </id>
  <name>
   DC Umbrellas N-9425
  </name>
  <category>
   Umbrellas
  </category>
  <size>
   XXL
  </size>
  <color>
   Синий
  </color>
  <material>
   Хлопок
  </material>
  <price>
   998735
  </price>
  <rating>
   3.93
  </rating>
  <reviews>
   560582
  </reviews>
  <new>
   -
  </new>
  <exclusive>
   yes
  </exclusive>
  <sporty>
   yes
  </sporty>
 </clothing>
 <clothing>
  <id>
   295715306
  </id>
  <name>
   Adidas Handbags J-7686
  </name>
  <category>
   Handbags
  </category>
  <size>
   XL
  </size>
  <color>
   Красный
  </color>
  <material>
   Вискоза
  </material>
  <price>
   667066
  </price>
  <rating>
   4.97
  </rating>
  <reviews>
   289460
  </reviews>
  <new>
   -
  </new>
  <exclusive>
   no
  </exclusive>
  <sporty>
   no
  </sporty>
 </clothing>
 <clothing>
  <id>
   797077223
  </id>
  <name>
   DC Dress V-1378
  </name>
  <category>
   Dress
  </category>
  <size>
   M
  </size>
  <color>
   Голубой
  </color>
  <material>
   Шерсть
  </material>
  <price>
   338553
  </price>
  <rating>
   4.92
  </rating>
  <reviews>
   980240
  </reviews>
  <new>
   -
  </new>
  <exclusive>
   no
  </exclusive>
  <sporty>
   yes
  </sporty>
 </clothing>
 <clothing>
  <id>
   670819845
  </id>
  <name>
   Fila Jeans B-2053
  </name>
  <category>
   Jeans
  </category>
  <size>
   M
  </size>
  <color>
   Желтый
  </color>
  <material>
   Шелк
  </material>
  <price>
   327130
  </price>
  <rating>
   1.88
  </rating>
  <reviews>
   60236
  </reviews>
  <exclusive>
   yes
  </exclusive>
 </clothing>
 <clothing>
  <id>
   929312148
  </id>
  <name>
   Reebok Hat X-9146
  </name>
  <category>
   Hat
  </category>
  <size>
   L
  </size>
  <color>
   Красный
  </color>
  <material>
   Кожа
  </material>
  <price>
   469742
  </price>
  <rating>
   3.63
  </rating>
  <reviews>
   29770
  </reviews>
  <new>
   -
  </new>
  <exclusive>
   no
  </exclusive>
 </clothing>
 <clothing>
  <id>
   592266661
  </id>
  <name>
   PleinSport Jacket H-2073
  </name>
  <category>
   Jacket
  </category>
  <size>
   XL
  </size>
  <color>
   Желтый
  </color>
  <material>
   Вискоза
  </material>
  <price>
   296705
  </price>
  <rating>
   1.53
  </rating>
  <reviews>
   598481
  </reviews>
  <new>
   -
  </new>
  <sporty>
   no
  </sporty>
 </clothing>
 <clothing>
  <id>
   351296244
  </id>
  <name>
   Vans Shirt X-4846
  </name>
  <category>
   Shirt
  </category>
  <size>
   L
  </size>
  <color>
   Красный
  </color>
  <material>
   Вискоза
  </material>
  <price>
   493711
  </price>
  <rating>
   2.55
  </rating>
  <reviews>
   472716
  </reviews>
  <exclusive>
   no
  </exclusive>
  <sporty>
   yes
  </sporty>
 </clothing>
 <clothing>
  <id>
   333256959
  </id>
  <name>
   Brooks Skirt A-7007
  </name>
  <category>
   Skirt
  </category>
  <size>
   S
  </size>
  <color>
   Голубой
  </color>
  <material>
   Хлопок
  </material>
  <price>
   419862
  </price>
  <rating>
   1.55
  </rating>
  <reviews>
   774260
  </reviews>
  <exclusive>
   no
  </exclusive>
  <sporty>
   yes
  </sporty>
 </clothing>
 <clothing>
  <id>
   805415041
  </id>
  <name>
   Converse Belts O-5074
  </name>
  <category>
   Belts
  </category>
  <size>
   L
  </size>
  <color>
   Синий
  </color>
  <material>
   Шелк
  </material>
  <price>
   901447
  </price>
  <rating>
   4.42
  </rating>
  <reviews>
   543876
  </reviews>
  <exclusive>
   no
  </exclusive>
  <sporty>
   no
  </sporty>
 </clothing>
 <clothing>
  <id>
   251465195
  </id>
  <name>
   Fila Jeans H-6237
  </name>
  <category>
   Jeans
  </category>
  <size>
   XL
  </size>
  <color>
   Красный
  </color>
  <material>
   Шерсть
  </material>
  <price>
   335955
  </price>
  <rating>
   4.6
  </rating>
  <reviews>
   371573
  </reviews>
  <new>
   +
  </new>
 </clothing>
 <clothing>
  <id>
   422167161
  </id>
  <name>
   DC Shirt K-9821
  </name>
  <category>
   Shirt
  </category>
  <size>
   XL
  </size>
  <color>
   Оранжевый
  </color>
  <material>
   Шелк
  </material>
  <price>
   936247
  </price>
  <rating>
   4.72
  </rating>
  <reviews>
   856559
  </reviews>
  <new>
   +
  </new>
  <sporty>
   no
  </sporty>
 </clothing>
 <clothing>
  <id>
   772028206
  </id>
  <name>
   Asics Handbags W-5166
  </name>
  <category>
   Handbags
  </category>
  <size>
   S
  </size>
  <color>
   Зеленый
  </color>
  <material>
   Полиэстер
  </material>
  <price>
   101715
  </price>
  <rating>
   2.07
  </rating>
  <reviews>
   417688
  </reviews>
 </clothing>
 <clothing>
  <id>
   984111658
  </id>
  <name>
   Vans Shoes B-1963
  </name>
  <category>
   Shoes
  </category>
  <size>
   M
  </size>
  <color>
   Зеленый
  </color>
  <material>
   Лен
  </material>
  <price>
   173373
  </price>
  <rating>
   4.89
  </rating>
  <reviews>
   400786
  </reviews>
 </clothing>
 <clothing>
  <id>
   892596834
  </id>
  <name>
   Vans Blouse L-7584
  </name>
  <category>
   Blouse
  </category>
  <size>
   L
  </size>
  <color>
   Голубой
  </color>
  <material>
   Шерсть
  </material>
  <price>
   627010
  </price>
  <rating>
   3.89
  </rating>
  <reviews>
   812126
  </reviews>
  <sporty>
   no
  </sporty>
 </clothing>
 <clothing>
  <id>
   779561393
  </id>
  <name>
   Brooks Dress C-9679
  </name>
  <category>
   Dress
  </category>
  <size>
   S
  </size>
  <color>
   Фиолетовый
  </color>
  <material>
   Кожа
  </material>
  <price>
   146479
  </price>
  <rating>
   4.68
  </rating>
  <reviews>
   73655
  </reviews>
  <new>
   +
  </new>
  <exclusive>
   yes
  </exclusive>
  <sporty>
   yes
  </sporty>
 </clothing>
 <clothing>
  <id>
   220096131
  </id>
  <name>
   Ellesse Skirt L-8843
  </name>
  <category>
   Skirt
  </category>
  <size>
   XXL
  </size>
  <color>
   Зеленый
  </color>
  <material>
   Вискоза
  </material>
  <price>
   619807
  </price>
  <rating>
   4.52
  </rating>
  <reviews>
   28742
  </reviews>
  <new>
   -
  </new>
  <exclusive>
   no
  </exclusive>
  <sporty>
   no
  </sporty>
 </clothing>
 <clothing>
  <id>
   481450773
  </id>
  <name>
   Adidas Jacket Y-6384
  </name>
  <category>
   Jacket
  </category>
  <size>
   L
  </size>
  <color>
   Зеленый
  </color>
  <material>
   Вискоза
  </material>
  <price>
   143453
  </price>
  <rating>
   4.96
  </rating>
  <reviews>
   171802
  </reviews>
  <exclusive>
   no
  </exclusive>
  <sporty>
   no
  </sporty>
 </clothing>
 <clothing>
  <id>
   573259129
  </id>
  <name>
   DC Belts P-2519
  </name>
  <category>
   Belts
  </category>
  <size>
   M
  </size>
  <color>
   Оранжевый
  </color>
  <material>
   Лен
  </material>
  <price>
   644910
  </price>
  <rating>
   1.83
  </rating>
  <reviews>
   158179
  </reviews>
  <new>
   -
  </new>
  <exclusive>
   yes
  </exclusive>
  <sporty>
   no
  </sporty>
 </clothing>
 <clothing>
  <id>
   470868649
  </id>
  <name>
   Brooks Socks K-4531
  </name>
  <category>
   Socks
  </category>
  <size>
   XL
  </size>
  <color>
   Оранжевый
  </color>
  <material>
   Лен
  </material>
  <price>
   104571
  </price>
  <rating>
   4.28
  </rating>
  <reviews>
   556384
  </reviews>
  <new>
   +
  </new>
  <exclusive>
   no
  </exclusive>
  <sporty>
   yes
  </sporty>
 </clothing>
 <clothing>
  <id>
   790166660
  </id>
  <name>
   Brooks Socks T-4943
  </name>
  <category>
   Socks
  </category>
  <size>
   L
  </size>
  <color>
   Синий
  </color>
  <material>
   Шелк
  </material>
  <price>
   899044
  </price>
  <rating>
   3.42
  </rating>
  <reviews>
   398966
  </reviews>
  <new>
   +
  </new>
  <sporty>
   no
  </sporty>
 </clothing>
 <clothing>
  <id>
   150643439
  </id>
  <name>
   Brooks Socks V-8092
  </name>
  <category>
   Socks
  </category>
  <size>
   M
  </size>
  <color>
   Фиолетовый
  </color>
  <material>
   Нейлон
  </material>
  <price>
   725964
  </price>
  <rating>
   4.66
  </rating>
  <reviews>
   826331
  </reviews>
  <new>
   -
  </new>
 </clothing>
 <clothing>
  <id>
   375263808
  </id>
  <name>
   Addidas T-shirt L-7466
  </name>
  <category>
   T-shirt
  </category>
  <size>
   L
  </size>
  <color>
   Оранжевый
  </color>
  <material>
   Хлопок
  </material>
  <price>
   719479
  </price>
  <rating>
   1.36
  </rating>
  <reviews>
   21709
  </reviews>
  <new>
   -
  </new>
  <sporty>
   no
  </sporty>
 </clothing>
 <clothing>
  <id>
   450881197
  </id>
  <name>
   Adidas Dress U-2670
  </name>
  <category>
   Dress
  </category>
  <size>
   S
  </size>
  <color>
   Голубой
  </color>
  <material>
   Хлопок
  </material>
  <price>
   729708
  </price>
  <rating>
   4.14
  </rating>
  <reviews>
   167570
  </reviews>
  <new>
   -
  </new>
  <sporty>
   yes
  </sporty>
 </clothing>
 <clothing>
  <id>
   107814334
  </id>
  <name>
   Vans Pants T-2813
  </name>
  <category>
   Pants
  </category>
  <size>
   M
  </size>
  <color>
   Желтый
  </color>
  <material>
   Вискоза
  </material>
  <price>
   924935
  </price>
  <rating>
   3.16
  </rating>
  <reviews>
   752015
  </reviews>
  <new>
   +
  </new>
  <sporty>
   no
  </sporty>
 </clothing>
 <clothing>
  <id>
   548580667
  </id>
  <name>
   Asics Skirt U-7747
  </name>
  <category>
   Skirt
  </category>
  <size>
   M
  </size>
  <color>
   Фиолетовый
  </color>
  <material>
   Лен
  </material>
  <price>
   985157
  </price>
  <rating>
   1.34
  </rating>
  <reviews>
   428880
  </reviews>
  <new>
   -
  </new>
  <exclusive>
   yes
  </exclusive>
  <sporty>
   no
  </sporty>
 </clothing>
 <clothing>
  <id>
   452727550
  </id>
  <name>
   DC Jacket Z-9336
  </name>
  <category>
   Jacket
  </category>
  <size>
   S
  </size>
  <color>
   Голубой
  </color>
  <material>
   Кожа
  </material>
  <price>
   762083
  </price>
  <rating>
   1.48
  </rating>
  <reviews>
   740540
  </reviews>
  <exclusive>
   yes
  </exclusive>
  <sporty>
   no
  </sporty>
 </clothing>
 <clothing>
  <id>
   831759013
  </id>
  <name>
   Under Armour Shirt X-6730
  </name>
  <category>
   Shirt
  </category>
  <size>
   L
  </size>
  <color>
   Голубой
  </color>
  <material>
   Полиэстер
  </material>
  <price>
   270386
  </price>
  <rating>
   4.63
  </rating>
  <reviews>
   608401
  </reviews>
  <exclusive>
   no
  </exclusive>
 </clothing>
 <clothing>
  <id>
   582769264
  </id>
  <name>
   Ellesse T-shirt G-9342
  </name>
  <category>
   T-shirt
  </category>
  <size>
   XL
  </size>
  <color>
   Фиолетовый
  </color>
  <material>
   Хлопок
  </material>
  <price>
   434689
  </price>
  <rating>
   2.15
  </rating>
  <reviews>
   134689
  </reviews>
  <new>
   +
  </new>
  <sporty>
   no
  </sporty>
 </clothing>
 <clothing>
  <id>
   699989815
  </id>
  <name>
   Fila Belts D-5456
  </name>
  <category>
   Belts
  </category>
  <size>
   S
  </size>
  <color>
   Желтый
  </color>
  <material>
   Хлопок
  </material>
  <price>
   435601
  </price>
  <rating>
   2.72
  </rating>
  <reviews>
   741456
  </reviews>
  <sporty>
   no
  </sporty>
 </clothing>
 <clothing>
  <id>
   578118619
  </id>
  <name>
   Lacoste Socks O-6102
  </name>
  <category>
   Socks
  </category>
  <size>
   XXL
  </size>
  <color>
   Зеленый
  </color>
  <material>
   Шерсть
  </material>
  <price>
   259721
  </price>
  <rating>
   3.82
  </rating>
  <reviews>
   812264
  </reviews>
  <exclusive>
   no
  </exclusive>
  <sporty>
   no
  </sporty>
 </clothing>
 <clothing>
  <id>
   751992111
  </id>
  <name>
   Adidas Jeans G-6132
  </name>
  <category>
   Jeans
  </category>
  <size>
   XXL
  </size>
  <color>
   Зеленый
  </color>
  <material>
   Шелк
  </material>
  <price>
   494251
  </price>
  <rating>
   4.83
  </rating>
  <reviews>
   388056
  </reviews>
  <new>
   -
  </new>
  <exclusive>
   no
  </exclusive>
  <sporty>
   yes
  </sporty>
 </clothing>
 <clothing>
  <id>
   890223450
  </id>
  <name>
   Fila T-shirt S-6825
  </name>
  <category>
   T-shirt
  </category>
  <size>
   S
  </size>
  <color>
   Голубой
  </color>
  <material>
   Хлопок
  </material>
  <price>
   629266
  </price>
  <rating>
   2.76
  </rating>
  <reviews>
   710166
  </reviews>
  <new>
   -
  </new>
  <exclusive>
   no
  </exclusive>
  <sporty>
   no
  </sporty>
 </clothing>
 <clothing>
  <id>
   313972332
  </id>
  <name>
   Converse Gloves R-1292
  </name>
  <category>
   Gloves
  </category>
  <size>
   XXL
  </size>
  <color>
   Фиолетовый
  </color>
  <material>
   Кожа
  </material>
  <price>
   344965
  </price>
  <rating>
   4.52
  </rating>
  <reviews>
   826069
  </reviews>
  <new>
   -
  </new>
  <sporty>
   no
  </sporty>
 </clothing>
 <clothing>
  <id>
   602786161
  </id>
  <name>
   Vans Handbags M-4078
  </name>
  <category>
   Handbags
  </category>
  <size>
   XXL
  </size>
  <color>
   Оранжевый
  </color>
  <material>
   Лен
  </material>
  <price>
   769394
  </price>
  <rating>
   2.47
  </rating>
  <reviews>
   165235
  </reviews>
  <new>
   -
  </new>
  <sporty>
   no
  </sporty>
 </clothing>
 <clothing>
  <id>
   812234006
  </id>
  <name>
   Puma Shirt F-5967
  </name>
  <category>
   Shirt
  </category>
  <size>
   XL
  </size>
  <color>
   Голубой
  </color>
  <material>
   Нейлон
  </material>
  <price>
   952506
  </price>
  <rating>
   3.63
  </rating>
  <reviews>
   147877
  </reviews>
  <new>
   +
  </new>
 </clothing>
 <clothing>
  <id>
   923677167
  </id>
  <name>
   Adidas Skirt Y-2429
  </name>
  <category>
   Skirt
  </category>
  <size>
   M
  </size>
  <color>
   Красный
  </color>
  <material>
   Полиэстер
  </material>
  <price>
   880016
  </price>
  <rating>
   1.31
  </rating>
  <reviews>
   662881
  </reviews>
  <sporty>
   no
  </sporty>
 </clothing>
 <clothing>
  <id>
   905444852
  </id>
  <name>
   Under Armour Belts I-4528
  </name>
  <category>
   Belts
  </category>
  <size>
   XXL
  </size>
  <color>
   Красный
  </color>
  <material>
   Кожа
  </material>
  <price>
   645519
  </price>
  <rating>
   2.93
  </rating>
  <reviews>
   524825
  </reviews>
  <exclusive>
   yes
  </exclusive>
 </clothing>
 <clothing>
  <id>
   604120887
  </id>
  <name>
   Fila Skirt K-7247
  </name>
  <category>
   Skirt
  </category>
  <size>
   XXL
  </size>
  <color>
   Синий
  </color>
  <material>
   Шерсть
  </material>
  <price>
   828757
  </price>
  <rating>
   3.03
  </rating>
  <reviews>
   160868
  </reviews>
  <new>
   +
  </new>
  <exclusive>
   no
  </exclusive>
  <sporty>
   yes
  </sporty>
 </clothing>
 <clothing>
  <id>
   229497142
  </id>
  <name>
   Fila Shoes Z-9766
  </name>
  <category>
   Shoes
  </category>
  <size>
   XL
  </size>
  <color>
   Зеленый
  </color>
  <material>
   Вискоза
  </material>
  <price>
   462485
  </price>
  <rating>
   1.9
  </rating>
  <reviews>
   834594
  </reviews>
  <sporty>
   no
  </sporty>
 </clothing>
 <clothing>
  <id>
   220909063
  </id>
  <name>
   Asics Pants H-9985
  </name>
  <category>
   Pants
  </category>
  <size>
   XXL
  </size>
  <color>
   Оранжевый
  </color>
  <material>
   Кожа
  </material>
  <price>
   669296
  </price>
  <rating>
   1.43
  </rating>
  <reviews>
   692575
  </reviews>
  <new>
   -
  </new>
  <sporty>
   yes
  </sporty>
 </clothing>
</clothing-items>
