<?xml version="1.0" encoding="utf-8"?>
<clothing-items>
 <clothing>
  <id>
   357216425
  </id>
  <name>
   Addidas Umbrellas J-1743
  </name>
  <category>
   Umbrellas
  </category>
  <size>
   S
  </size>
  <color>
   Синий
  </color>
  <material>
   Шерсть
  </material>
  <price>
   528342
  </price>
  <rating>
   4.43
  </rating>
  <reviews>
   169910
  </reviews>
  <sporty>
   no
  </sporty>
 </clothing>
 <clothing>
  <id>
   521790293
  </id>
  <name>
   Fila Jacket O-5765
  </name>
  <category>
   Jacket
  </category>
  <size>
   XXL
  </size>
  <color>
   Красный
  </color>
  <material>
   Шерсть
  </material>
  <price>
   926981
  </price>
  <rating>
   1.01
  </rating>
  <reviews>
   749716
  </reviews>
  <new>
   +
  </new>
 </clothing>
 <clothing>
  <id>
   227269070
  </id>
  <name>
   Lacoste Handbags J-3083
  </name>
  <category>
   Handbags
  </category>
  <size>
   XXL
  </size>
  <color>
   Фиолетовый
  </color>
  <material>
   Нейлон
  </material>
  <price>
   232154
  </price>
  <rating>
   3.03
  </rating>
  <reviews>
   420353
  </reviews>
  <new>
   -
  </new>
  <exclusive>
   no
  </exclusive>
 </clothing>
 <clothing>
  <id>
   255921593
  </id>
  <name>
   Addidas Shirt Y-2315
  </name>
  <category>
   Shirt
  </category>
  <size>
   M
  </size>
  <color>
   Красный
  </color>
  <material>
   Вискоза
  </material>
  <price>
   887921
  </price>
  <rating>
   3.58
  </rating>
  <reviews>
   832486
  </reviews>
  <new>
   +
  </new>
  <exclusive>
   no
  </exclusive>
  <sporty>
   no
  </sporty>
 </clothing>
 <clothing>
  <id>
   747157811
  </id>
  <name>
   New Balance Hat Q-1081
  </name>
  <category>
   Hat
  </category>
  <size>
   L
  </size>
  <color>
   Голубой
  </color>
  <material>
   Полиэстер
  </material>
  <price>
   983342
  </price>
  <rating>
   1.65
  </rating>
  <reviews>
   157000
  </reviews>
  <exclusive>
   no
  </exclusive>
  <sporty>
   no
  </sporty>
 </clothing>
 <clothing>
  <id>
   250156188
  </id>
  <name>
   Brooks Sweater Z-3086
  </name>
  <category>
   Sweater
  </category>
  <size>
   XL
  </size>
  <color>
   Желтый
  </color>
  <material>
   Хлопок
  </material>
  <price>
   201485
  </price>
  <rating>
   2.95
  </rating>
  <reviews>
   172494
  </reviews>
  <new>
   -
  </new>
 </clothing>
 <clothing>
  <id>
   288415028
  </id>
  <name>
   Puma Pants Y-1962
  </name>
  <category>
   Pants
  </category>
  <size>
   L
  </size>
  <color>
   Голубой
  </color>
  <material>
   Шелк
  </material>
  <price>
   363689
  </price>
  <rating>
   4.48
  </rating>
  <reviews>
   886583
  </reviews>
  <new>
   +
  </new>
  <exclusive>
   yes
  </exclusive>
  <sporty>
   yes
  </sporty>
 </clothing>
 <clothing>
  <id>
   976892698
  </id>
  <name>
   Ellesse Umbrellas E-1333
  </name>
  <category>
   Umbrellas
  </category>
  <size>
   L
  </size>
  <color>
   Красный
  </color>
  <material>
   Лен
  </material>
  <price>
   843930
  </price>
  <rating>
   2.57
  </rating>
  <reviews>
   112016
  </reviews>
  <new>
   -
  </new>
  <sporty>
   yes
  </sporty>
 </clothing>
 <clothing>
  <id>
   823151817
  </id>
  <name>
   Addidas Skirt E-1820
  </name>
  <category>
   Skirt
  </category>
  <size>
   L
  </size>
  <color>
   Оранжевый
  </color>
  <material>
   Кожа
  </material>
  <price>
   115919
  </price>
  <rating>
   1.31
  </rating>
  <reviews>
   962134
  </reviews>
  <new>
   -
  </new>
  <exclusive>
   no
  </exclusive>
  <sporty>
   no
  </sporty>
 </clothing>
 <clothing>
  <id>
   688652567
  </id>
  <name>
   Puma Jacket Z-3640
  </name>
  <category>
   Jacket
  </category>
  <size>
   S
  </size>
  <color>
   Оранжевый
  </color>
  <material>
   Полиэстер
  </material>
  <price>
   993488
  </price>
  <rating>
   1.53
  </rating>
  <reviews>
   966124
  </reviews>
  <new>
   +
  </new>
  <exclusive>
   yes
  </exclusive>
 </clothing>
 <clothing>
  <id>
   489665663
  </id>
  <name>
   Vans Gloves B-5772
  </name>
  <category>
   Gloves
  </category>
  <size>
   XXL
  </size>
  <color>
   Зеленый
  </color>
  <material>
   Шерсть
  </material>
  <price>
   121952
  </price>
  <rating>
   1.59
  </rating>
  <reviews>
   642895
  </reviews>
  <exclusive>
   yes
  </exclusive>
 </clothing>
 <clothing>
  <id>
   122688485
  </id>
  <name>
   New Balance Sweater B-6383
  </name>
  <category>
   Sweater
  </category>
  <size>
   S
  </size>
  <color>
   Оранжевый
  </color>
  <material>
   Вискоза
  </material>
  <price>
   372137
  </price>
  <rating>
   1.02
  </rating>
  <reviews>
   177332
  </reviews>
  <new>
   -
  </new>
 </clothing>
 <clothing>
  <id>
   715102258
  </id>
  <name>
   Brooks Socks U-3742
  </name>
  <category>
   Socks
  </category>
  <size>
   XXL
  </size>
  <color>
   Зеленый
  </color>
  <material>
   Шерсть
  </material>
  <price>
   235580
  </price>
  <rating>
   4.45
  </rating>
  <reviews>
   355785
  </reviews>
  <exclusive>
   yes
  </exclusive>
 </clothing>
 <clothing>
  <id>
   218262647
  </id>
  <name>
   New Balance Blouse P-7183
  </name>
  <category>
   Blouse
  </category>
  <size>
   M
  </size>
  <color>
   Желтый
  </color>
  <material>
   Полиэстер
  </material>
  <price>
   101692
  </price>
  <rating>
   1.42
  </rating>
  <reviews>
   720330
  </reviews>
  <exclusive>
   yes
  </exclusive>
  <sporty>
   yes
  </sporty>
 </clothing>
 <clothing>
  <id>
   579641400
  </id>
  <name>
   Vans Pants F-2141
  </name>
  <category>
   Pants
  </category>
  <size>
   XL
  </size>
  <color>
   Красный
  </color>
  <material>
   Кожа
  </material>
  <price>
   592837
  </price>
  <rating>
   2.1
  </rating>
  <reviews>
   518959
  </reviews>
  <new>
   -
  </new>
 </clothing>
 <clothing>
  <id>
   728910144
  </id>
  <name>
   Nike Blouse Q-8322
  </name>
  <category>
   Blouse
  </category>
  <size>
   XL
  </size>
  <color>
   Желтый
  </color>
  <material>
   Шелк
  </material>
  <price>
   508555
  </price>
  <rating>
   2.58
  </rating>
  <reviews>
   526446
  </reviews>
  <sporty>
   yes
  </sporty>
 </clothing>
 <clothing>
  <id>
   179881701
  </id>
  <name>
   Lacoste Gloves T-7229
  </name>
  <category>
   Gloves
  </category>
  <size>
   L
  </size>
  <color>
   Оранжевый
  </color>
  <material>
   Шерсть
  </material>
  <price>
   847307
  </price>
  <rating>
   3.76
  </rating>
  <reviews>
   352761
  </reviews>
  <sporty>
   yes
  </sporty>
 </clothing>
 <clothing>
  <id>
   692911822
  </id>
  <name>
   PleinSport Socks Q-2198
  </name>
  <category>
   Socks
  </category>
  <size>
   XL
  </size>
  <color>
   Синий
  </color>
  <material>
   Шерсть
  </material>
  <price>
   199367
  </price>
  <rating>
   1.59
  </rating>
  <reviews>
   903621
  </reviews>
  <new>
   -
  </new>
  <exclusive>
   no
  </exclusive>
  <sporty>
   no
  </sporty>
 </clothing>
 <clothing>
  <id>
   870964027
  </id>
  <name>
   DC Hat E-1114
  </name>
  <category>
   Hat
  </category>
  <size>
   M
  </size>
  <color>
   Голубой
  </color>
  <material>
   Вискоза
  </material>
  <price>
   834798
  </price>
  <rating>
   1.11
  </rating>
  <reviews>
   904754
  </reviews>
  <exclusive>
   no
  </exclusive>
 </clothing>
 <clothing>
  <id>
   212404356
  </id>
  <name>
   Reebok Skirt W-9943
  </name>
  <category>
   Skirt
  </category>
  <size>
   M
  </size>
  <color>
   Зеленый
  </color>
  <material>
   Нейлон
  </material>
  <price>
   816763
  </price>
  <rating>
   1.88
  </rating>
  <reviews>
   838186
  </reviews>
  <exclusive>
   yes
  </exclusive>
  <sporty>
   no
  </sporty>
 </clothing>
 <clothing>
  <id>
   956885745
  </id>
  <name>
   Reebok Skirt T-1246
  </name>
  <category>
   Skirt
  </category>
  <size>
   XL
  </size>
  <color>
   Желтый
  </color>
  <material>
   Шелк
  </material>
  <price>
   110688
  </price>
  <rating>
   3.57
  </rating>
  <reviews>
   629919
  </reviews>
  <new>
   -
  </new>
  <exclusive>
   no
  </exclusive>
  <sporty>
   yes
  </sporty>
 </clothing>
 <clothing>
  <id>
   851458441
  </id>
  <name>
   Under Armour Sweater Z-3018
  </name>
  <category>
   Sweater
  </category>
  <size>
   S
  </size>
  <color>
   Оранжевый
  </color>
  <material>
   Лен
  </material>
  <price>
   451180
  </price>
  <rating>
   1.44
  </rating>
  <reviews>
   328577
  </reviews>
  <new>
   -
  </new>
  <exclusive>
   no
  </exclusive>
  <sporty>
   yes
  </sporty>
 </clothing>
 <clothing>
  <id>
   718302584
  </id>
  <name>
   Converse Gloves U-6367
  </name>
  <category>
   Gloves
  </category>
  <size>
   XXL
  </size>
  <color>
   Зеленый
  </color>
  <material>
   Шерсть
  </material>
  <price>
   226854
  </price>
  <rating>
   2.56
  </rating>
  <reviews>
   96005
  </reviews>
  <exclusive>
   no
  </exclusive>
 </clothing>
 <clothing>
  <id>
   857552918
  </id>
  <name>
   Vans T-shirt Z-9294
  </name>
  <category>
   T-shirt
  </category>
  <size>
   XL
  </size>
  <color>
   Зеленый
  </color>
  <material>
   Полиэстер
  </material>
  <price>
   826712
  </price>
  <rating>
   2.47
  </rating>
  <reviews>
   808855
  </reviews>
  <new>
   -
  </new>
  <sporty>
   yes
  </sporty>
 </clothing>
 <clothing>
  <id>
   155430203
  </id>
  <name>
   Nike Belts V-3933
  </name>
  <category>
   Belts
  </category>
  <size>
   M
  </size>
  <color>
   Красный
  </color>
  <material>
   Шерсть
  </material>
  <price>
   243761
  </price>
  <rating>
   4.95
  </rating>
  <reviews>
   427379
  </reviews>
  <new>
   -
  </new>
  <exclusive>
   yes
  </exclusive>
 </clothing>
 <clothing>
  <id>
   920095051
  </id>
  <name>
   Reebok Jacket G-5290
  </name>
  <category>
   Jacket
  </category>
  <size>
   S
  </size>
  <color>
   Зеленый
  </color>
  <material>
   Шерсть
  </material>
  <price>
   931067
  </price>
  <rating>
   1.55
  </rating>
  <reviews>
   264468
  </reviews>
 </clothing>
 <clothing>
  <id>
   295892597
  </id>
  <name>
   Reebok Handbags V-8095
  </name>
  <category>
   Handbags
  </category>
  <size>
   XXL
  </size>
  <color>
   Зеленый
  </color>
  <material>
   Нейлон
  </material>
  <price>
   229269
  </price>
  <rating>
   4.79
  </rating>
  <reviews>
   938014
  </reviews>
  <new>
   -
  </new>
  <exclusive>
   no
  </exclusive>
 </clothing>
 <clothing>
  <id>
   100015533
  </id>
  <name>
   Reebok Sweater X-8089
  </name>
  <category>
   Sweater
  </category>
  <size>
   S
  </size>
  <color>
   Фиолетовый
  </color>
  <material>
   Вискоза
  </material>
  <price>
   188652
  </price>
  <rating>
   4.89
  </rating>
  <reviews>
   594514
  </reviews>
  <new>
   -
  </new>
  <exclusive>
   yes
  </exclusive>
  <sporty>
   yes
  </sporty>
 </clothing>
 <clothing>
  <id>
   450182898
  </id>
  <name>
   Reebok Shoes N-5913
  </name>
  <category>
   Shoes
  </category>
  <size>
   L
  </size>
  <color>
   Фиолетовый
  </color>
  <material>
   Шерсть
  </material>
  <price>
   762298
  </price>
  <rating>
   2.89
  </rating>
  <reviews>
   644056
  </reviews>
  <new>
   +
  </new>
  <sporty>
   no
  </sporty>
 </clothing>
 <clothing>
  <id>
   804050775
  </id>
  <name>
   Nike Belts Y-9022
  </name>
  <category>
   Belts
  </category>
  <size>
   M
  </size>
  <color>
   Желтый
  </color>
  <material>
   Полиэстер
  </material>
  <price>
   773585
  </price>
  <rating>
   4.2
  </rating>
  <reviews>
   252861
  </reviews>
  <new>
   +
  </new>
  <exclusive>
   yes
  </exclusive>
 </clothing>
 <clothing>
  <id>
   601162301
  </id>
  <name>
   Reebok Shirt E-8680
  </name>
  <category>
   Shirt
  </category>
  <size>
   XL
  </size>
  <color>
   Зеленый
  </color>
  <material>
   Вискоза
  </material>
  <price>
   192042
  </price>
  <rating>
   2.33
  </rating>
  <reviews>
   539666
  </reviews>
  <new>
   -
  </new>
  <sporty>
   no
  </sporty>
 </clothing>
 <clothing>
  <id>
   371150510
  </id>
  <name>
   Fila Sweater I-2828
  </name>
  <category>
   Sweater
  </category>
  <size>
   XL
  </size>
  <color>
   Красный
  </color>
  <material>
   Полиэстер
  </material>
  <price>
   334253
  </price>
  <rating>
   4.71
  </rating>
  <reviews>
   557525
  </reviews>
  <new>
   -
  </new>
  <exclusive>
   no
  </exclusive>
  <sporty>
   yes
  </sporty>
 </clothing>
 <clothing>
  <id>
   779260902
  </id>
  <name>
   Vans Sweater L-7101
  </name>
  <category>
   Sweater
  </category>
  <size>
   S
  </size>
  <color>
   Синий
  </color>
  <material>
   Шелк
  </material>
  <price>
   869120
  </price>
  <rating>
   1.77
  </rating>
  <reviews>
   410363
  </reviews>
  <new>
   -
  </new>
 </clothing>
 <clothing>
  <id>
   774503176
  </id>
  <name>
   Ellesse Jeans H-4884
  </name>
  <category>
   Jeans
  </category>
  <size>
   XL
  </size>
  <color>
   Оранжевый
  </color>
  <material>
   Нейлон
  </material>
  <price>
   318335
  </price>
  <rating>
   2.88
  </rating>
  <reviews>
   172904
  </reviews>
  <new>
   -
  </new>
  <sporty>
   yes
  </sporty>
 </clothing>
 <clothing>
  <id>
   826380343
  </id>
  <name>
   Vans Pants U-7215
  </name>
  <category>
   Pants
  </category>
  <size>
   XL
  </size>
  <color>
   Желтый
  </color>
  <material>
   Полиэстер
  </material>
  <price>
   375586
  </price>
  <rating>
   2.7
  </rating>
  <reviews>
   815926
  </reviews>
  <new>
   -
  </new>
  <exclusive>
   no
  </exclusive>
 </clothing>
 <clothing>
  <id>
   795301940
  </id>
  <name>
   Puma Jacket S-4656
  </name>
  <category>
   Jacket
  </category>
  <size>
   XXL
  </size>
  <color>
   Фиолетовый
  </color>
  <material>
   Кожа
  </material>
  <price>
   600104
  </price>
  <rating>
   4.55
  </rating>
  <reviews>
   865799
  </reviews>
  <new>
   -
  </new>
  <exclusive>
   no
  </exclusive>
 </clothing>
 <clothing>
  <id>
   478732044
  </id>
  <name>
   Reebok Gloves Z-7594
  </name>
  <category>
   Gloves
  </category>
  <size>
   S
  </size>
  <color>
   Оранжевый
  </color>
  <material>
   Вискоза
  </material>
  <price>
   689227
  </price>
  <rating>
   4.66
  </rating>
  <reviews>
   606776
  </reviews>
  <new>
   -
  </new>
  <exclusive>
   yes
  </exclusive>
 </clothing>
 <clothing>
  <id>
   988673278
  </id>
  <name>
   Puma Jeans P-8388
  </name>
  <category>
   Jeans
  </category>
  <size>
   L
  </size>
  <color>
   Оранжевый
  </color>
  <material>
   Вискоза
  </material>
  <price>
   735309
  </price>
  <rating>
   2.36
  </rating>
  <reviews>
   487559
  </reviews>
  <new>
   +
  </new>
  <exclusive>
   no
  </exclusive>
 </clothing>
</clothing-items>
