<?xml version="1.0" encoding="utf-8"?>
<clothing-items>
 <clothing>
  <id>
   381392019
  </id>
  <name>
   Converse Blouse A-1612
  </name>
  <category>
   Blouse
  </category>
  <size>
   XL
  </size>
  <color>
   Синий
  </color>
  <material>
   Кожа
  </material>
  <price>
   521524
  </price>
  <rating>
   3.53
  </rating>
  <reviews>
   941964
  </reviews>
  <sporty>
   no
  </sporty>
 </clothing>
 <clothing>
  <id>
   985729738
  </id>
  <name>
   Nike Skirt V-3966
  </name>
  <category>
   Skirt
  </category>
  <size>
   XL
  </size>
  <color>
   Желтый
  </color>
  <material>
   Кожа
  </material>
  <price>
   369623
  </price>
  <rating>
   3.57
  </rating>
  <reviews>
   31375
  </reviews>
  <new>
   -
  </new>
  <exclusive>
   no
  </exclusive>
  <sporty>
   yes
  </sporty>
 </clothing>
 <clothing>
  <id>
   366735656
  </id>
  <name>
   Under Armour Pants Q-6605
  </name>
  <category>
   Pants
  </category>
  <size>
   XL
  </size>
  <color>
   Голубой
  </color>
  <material>
   Лен
  </material>
  <price>
   955944
  </price>
  <rating>
   2.55
  </rating>
  <reviews>
   37559
  </reviews>
  <new>
   -
  </new>
  <exclusive>
   no
  </exclusive>
  <sporty>
   no
  </sporty>
 </clothing>
 <clothing>
  <id>
   662679374
  </id>
  <name>
   Adidas Skirt W-9951
  </name>
  <category>
   Skirt
  </category>
  <size>
   XXL
  </size>
  <color>
   Голубой
  </color>
  <material>
   Шелк
  </material>
  <price>
   761217
  </price>
  <rating>
   1.21
  </rating>
  <reviews>
   877421
  </reviews>
  <new>
   -
  </new>
 </clothing>
 <clothing>
  <id>
   242212201
  </id>
  <name>
   Fila T-shirt T-3401
  </name>
  <category>
   T-shirt
  </category>
  <size>
   L
  </size>
  <color>
   Красный
  </color>
  <material>
   Лен
  </material>
  <price>
   185315
  </price>
  <rating>
   2.44
  </rating>
  <reviews>
   789408
  </reviews>
  <exclusive>
   no
  </exclusive>
 </clothing>
 <clothing>
  <id>
   347091103
  </id>
  <name>
   Ellesse Blouse M-9473
  </name>
  <category>
   Blouse
  </category>
  <size>
   S
  </size>
  <color>
   Оранжевый
  </color>
  <material>
   Хлопок
  </material>
  <price>
   623098
  </price>
  <rating>
   4.54
  </rating>
  <reviews>
   780491
  </reviews>
  <new>
   -
  </new>
  <sporty>
   yes
  </sporty>
 </clothing>
 <clothing>
  <id>
   511315797
  </id>
  <name>
   Lacoste Handbags Q-7894
  </name>
  <category>
   Handbags
  </category>
  <size>
   S
  </size>
  <color>
   Зеленый
  </color>
  <material>
   Шерсть
  </material>
  <price>
   348357
  </price>
  <rating>
   3.58
  </rating>
  <reviews>
   68513
  </reviews>
  <new>
   -
  </new>
  <sporty>
   no
  </sporty>
 </clothing>
 <clothing>
  <id>
   424672804
  </id>
  <name>
   Nike Jeans Y-2310
  </name>
  <category>
   Jeans
  </category>
  <size>
   S
  </size>
  <color>
   Красный
  </color>
  <material>
   Кожа
  </material>
  <price>
   176366
  </price>
  <rating>
   3.83
  </rating>
  <reviews>
   229634
  </reviews>
  <new>
   -
  </new>
  <exclusive>
   yes
  </exclusive>
 </clothing>
 <clothing>
  <id>
   884366523
  </id>
  <name>
   Ellesse Jacket N-4456
  </name>
  <category>
   Jacket
  </category>
  <size>
   S
  </size>
  <color>
   Желтый
  </color>
  <material>
   Полиэстер
  </material>
  <price>
   851316
  </price>
  <rating>
   4.89
  </rating>
  <reviews>
   162692
  </reviews>
  <new>
   +
  </new>
  <exclusive>
   yes
  </exclusive>
  <sporty>
   no
  </sporty>
 </clothing>
 <clothing>
  <id>
   437814528
  </id>
  <name>
   Asics Belts H-2740
  </name>
  <category>
   Belts
  </category>
  <size>
   XL
  </size>
  <color>
   Оранжевый
  </color>
  <material>
   Лен
  </material>
  <price>
   651487
  </price>
  <rating>
   1.63
  </rating>
  <reviews>
   908845
  </reviews>
  <new>
   +
  </new>
  <exclusive>
   no
  </exclusive>
 </clothing>
 <clothing>
  <id>
   388424759
  </id>
  <name>
   Converse Shirt H-8769
  </name>
  <category>
   Shirt
  </category>
  <size>
   M
  </size>
  <color>
   Синий
  </color>
  <material>
   Вискоза
  </material>
  <price>
   867738
  </price>
  <rating>
   3.74
  </rating>
  <reviews>
   373788
  </reviews>
  <new>
   -
  </new>
  <exclusive>
   yes
  </exclusive>
 </clothing>
 <clothing>
  <id>
   179222089
  </id>
  <name>
   Reebok Hat P-9207
  </name>
  <category>
   Hat
  </category>
  <size>
   L
  </size>
  <color>
   Синий
  </color>
  <material>
   Полиэстер
  </material>
  <price>
   179591
  </price>
  <rating>
   1.44
  </rating>
  <reviews>
   183691
  </reviews>
  <new>
   -
  </new>
  <exclusive>
   yes
  </exclusive>
 </clothing>
 <clothing>
  <id>
   691367478
  </id>
  <name>
   New Balance Socks Q-8905
  </name>
  <category>
   Socks
  </category>
  <size>
   XXL
  </size>
  <color>
   Оранжевый
  </color>
  <material>
   Полиэстер
  </material>
  <price>
   666500
  </price>
  <rating>
   4.25
  </rating>
  <reviews>
   470780
  </reviews>
  <new>
   -
  </new>
  <sporty>
   no
  </sporty>
 </clothing>
 <clothing>
  <id>
   341290103
  </id>
  <name>
   Fila Jacket M-1184
  </name>
  <category>
   Jacket
  </category>
  <size>
   L
  </size>
  <color>
   Оранжевый
  </color>
  <material>
   Лен
  </material>
  <price>
   261797
  </price>
  <rating>
   1.55
  </rating>
  <reviews>
   96057
  </reviews>
  <exclusive>
   yes
  </exclusive>
  <sporty>
   yes
  </sporty>
 </clothing>
 <clothing>
  <id>
   386397259
  </id>
  <name>
   Reebok Sweater Q-6719
  </name>
  <category>
   Sweater
  </category>
  <size>
   XL
  </size>
  <color>
   Фиолетовый
  </color>
  <material>
   Шелк
  </material>
  <price>
   428446
  </price>
  <rating>
   4.8
  </rating>
  <reviews>
   440665
  </reviews>
  <new>
   +
  </new>
  <exclusive>
   no
  </exclusive>
 </clothing>
 <clothing>
  <id>
   389043354
  </id>
  <name>
   Fila Skirt Q-2573
  </name>
  <category>
   Skirt
  </category>
  <size>
   L
  </size>
  <color>
   Оранжевый
  </color>
  <material>
   Шерсть
  </material>
  <price>
   134930
  </price>
  <rating>
   1.52
  </rating>
  <reviews>
   110350
  </reviews>
  <exclusive>
   no
  </exclusive>
  <sporty>
   no
  </sporty>
 </clothing>
 <clothing>
  <id>
   413590476
  </id>
  <name>
   Reebok Sweater M-9826
  </name>
  <category>
   Sweater
  </category>
  <size>
   M
  </size>
  <color>
   Синий
  </color>
  <material>
   Нейлон
  </material>
  <price>
   892465
  </price>
  <rating>
   3.77
  </rating>
  <reviews>
   966923
  </reviews>
  <sporty>
   yes
  </sporty>
 </clothing>
 <clothing>
  <id>
   127682481
  </id>
  <name>
   Puma Sweater Z-9960
  </name>
  <category>
   Sweater
  </category>
  <size>
   XL
  </size>
  <color>
   Красный
  </color>
  <material>
   Шерсть
  </material>
  <price>
   648395
  </price>
  <rating>
   2.97
  </rating>
  <reviews>
   234957
  </reviews>
  <new>
   +
  </new>
  <exclusive>
   no
  </exclusive>
  <sporty>
   yes
  </sporty>
 </clothing>
 <clothing>
  <id>
   945071368
  </id>
  <name>
   Puma Dress U-7865
  </name>
  <category>
   Dress
  </category>
  <size>
   XXL
  </size>
  <color>
   Желтый
  </color>
  <material>
   Шелк
  </material>
  <price>
   689061
  </price>
  <rating>
   3.99
  </rating>
  <reviews>
   430977
  </reviews>
  <new>
   -
  </new>
 </clothing>
 <clothing>
  <id>
   453753595
  </id>
  <name>
   Ellesse Socks U-5431
  </name>
  <category>
   Socks
  </category>
  <size>
   L
  </size>
  <color>
   Желтый
  </color>
  <material>
   Лен
  </material>
  <price>
   139084
  </price>
  <rating>
   3.33
  </rating>
  <reviews>
   983926
  </reviews>
  <exclusive>
   yes
  </exclusive>
 </clothing>
 <clothing>
  <id>
   539450310
  </id>
  <name>
   Ellesse Shoes V-5359
  </name>
  <category>
   Shoes
  </category>
  <size>
   S
  </size>
  <color>
   Синий
  </color>
  <material>
   Вискоза
  </material>
  <price>
   974769
  </price>
  <rating>
   4.72
  </rating>
  <reviews>
   469544
  </reviews>
  <new>
   +
  </new>
  <exclusive>
   no
  </exclusive>
  <sporty>
   no
  </sporty>
 </clothing>
 <clothing>
  <id>
   563632954
  </id>
  <name>
   Under Armour T-shirt P-8125
  </name>
  <category>
   T-shirt
  </category>
  <size>
   M
  </size>
  <color>
   Зеленый
  </color>
  <material>
   Шерсть
  </material>
  <price>
   694326
  </price>
  <rating>
   1.97
  </rating>
  <reviews>
   117446
  </reviews>
  <new>
   -
  </new>
 </clothing>
 <clothing>
  <id>
   691448628
  </id>
  <name>
   Reebok Pants W-8480
  </name>
  <category>
   Pants
  </category>
  <size>
   XXL
  </size>
  <color>
   Голубой
  </color>
  <material>
   Хлопок
  </material>
  <price>
   744267
  </price>
  <rating>
   3.14
  </rating>
  <reviews>
   791593
  </reviews>
  <new>
   +
  </new>
  <exclusive>
   yes
  </exclusive>
  <sporty>
   no
  </sporty>
 </clothing>
 <clothing>
  <id>
   650918199
  </id>
  <name>
   PleinSport Shoes C-4579
  </name>
  <category>
   Shoes
  </category>
  <size>
   M
  </size>
  <color>
   Желтый
  </color>
  <material>
   Шелк
  </material>
  <price>
   146838
  </price>
  <rating>
   4.01
  </rating>
  <reviews>
   418126
  </reviews>
  <new>
   -
  </new>
  <exclusive>
   yes
  </exclusive>
  <sporty>
   no
  </sporty>
 </clothing>
 <clothing>
  <id>
   951297809
  </id>
  <name>
   Asics Umbrellas G-8343
  </name>
  <category>
   Umbrellas
  </category>
  <size>
   L
  </size>
  <color>
   Оранжевый
  </color>
  <material>
   Кожа
  </material>
  <price>
   807441
  </price>
  <rating>
   3.67
  </rating>
  <reviews>
   949286
  </reviews>
  <new>
   -
  </new>
  <exclusive>
   yes
  </exclusive>
  <sporty>
   yes
  </sporty>
 </clothing>
 <clothing>
  <id>
   987776398
  </id>
  <name>
   Asics Jacket F-9886
  </name>
  <category>
   Jacket
  </category>
  <size>
   S
  </size>
  <color>
   Голубой
  </color>
  <material>
   Хлопок
  </material>
  <price>
   281770
  </price>
  <rating>
   3.84
  </rating>
  <reviews>
   147301
  </reviews>
  <new>
   -
  </new>
 </clothing>
 <clothing>
  <id>
   802989067
  </id>
  <name>
   Under Armour Pants R-8380
  </name>
  <category>
   Pants
  </category>
  <size>
   M
  </size>
  <color>
   Красный
  </color>
  <material>
   Лен
  </material>
  <price>
   963058
  </price>
  <rating>
   3.0
  </rating>
  <reviews>
   465377
  </reviews>
  <exclusive>
   yes
  </exclusive>
  <sporty>
   no
  </sporty>
 </clothing>
 <clothing>
  <id>
   539173898
  </id>
  <name>
   Asics Jeans A-1349
  </name>
  <category>
   Jeans
  </category>
  <size>
   XL
  </size>
  <color>
   Синий
  </color>
  <material>
   Шерсть
  </material>
  <price>
   860446
  </price>
  <rating>
   2.14
  </rating>
  <reviews>
   764477
  </reviews>
  <exclusive>
   no
  </exclusive>
 </clothing>
 <clothing>
  <id>
   429921366
  </id>
  <name>
   Addidas Pants C-3664
  </name>
  <category>
   Pants
  </category>
  <size>
   XXL
  </size>
  <color>
   Фиолетовый
  </color>
  <material>
   Кожа
  </material>
  <price>
   727509
  </price>
  <rating>
   3.72
  </rating>
  <reviews>
   746409
  </reviews>
  <exclusive>
   yes
  </exclusive>
  <sporty>
   yes
  </sporty>
 </clothing>
 <clothing>
  <id>
   787205089
  </id>
  <name>
   PleinSport Dress L-4222
  </name>
  <category>
   Dress
  </category>
  <size>
   M
  </size>
  <color>
   Оранжевый
  </color>
  <material>
   Полиэстер
  </material>
  <price>
   407763
  </price>
  <rating>
   3.79
  </rating>
  <reviews>
   811135
  </reviews>
  <new>
   +
  </new>
 </clothing>
 <clothing>
  <id>
   334909453
  </id>
  <name>
   Asics T-shirt K-8083
  </name>
  <category>
   T-shirt
  </category>
  <size>
   XL
  </size>
  <color>
   Желтый
  </color>
  <material>
   Вискоза
  </material>
  <price>
   884826
  </price>
  <rating>
   3.89
  </rating>
  <reviews>
   593769
  </reviews>
  <exclusive>
   yes
  </exclusive>
  <sporty>
   yes
  </sporty>
 </clothing>
 <clothing>
  <id>
   593330608
  </id>
  <name>
   Under Armour Blouse S-4511
  </name>
  <category>
   Blouse
  </category>
  <size>
   M
  </size>
  <color>
   Фиолетовый
  </color>
  <material>
   Хлопок
  </material>
  <price>
   595213
  </price>
  <rating>
   2.84
  </rating>
  <reviews>
   322015
  </reviews>
  <new>
   -
  </new>
  <sporty>
   no
  </sporty>
 </clothing>
</clothing-items>
