<?xml version="1.0" encoding="utf-8"?>
<clothing-items>
 <clothing>
  <id>
   928002408
  </id>
  <name>
   Asics Belts H-6916
  </name>
  <category>
   Belts
  </category>
  <size>
   S
  </size>
  <color>
   Фиолетовый
  </color>
  <material>
   Шерсть
  </material>
  <price>
   841994
  </price>
  <rating>
   4.81
  </rating>
  <reviews>
   241720
  </reviews>
  <sporty>
   no
  </sporty>
 </clothing>
 <clothing>
  <id>
   221734443
  </id>
  <name>
   Addidas Hat H-3409
  </name>
  <category>
   Hat
  </category>
  <size>
   M
  </size>
  <color>
   Синий
  </color>
  <material>
   Лен
  </material>
  <price>
   160166
  </price>
  <rating>
   2.44
  </rating>
  <reviews>
   431166
  </reviews>
  <new>
   -
  </new>
  <sporty>
   no
  </sporty>
 </clothing>
 <clothing>
  <id>
   185404200
  </id>
  <name>
   New Balance Jacket F-7583
  </name>
  <category>
   Jacket
  </category>
  <size>
   L
  </size>
  <color>
   Синий
  </color>
  <material>
   Шелк
  </material>
  <price>
   865096
  </price>
  <rating>
   4.17
  </rating>
  <reviews>
   720472
  </reviews>
  <new>
   -
  </new>
  <exclusive>
   no
  </exclusive>
  <sporty>
   yes
  </sporty>
 </clothing>
 <clothing>
  <id>
   874145863
  </id>
  <name>
   Converse Gloves D-8618
  </name>
  <category>
   Gloves
  </category>
  <size>
   M
  </size>
  <color>
   Голубой
  </color>
  <material>
   Кожа
  </material>
  <price>
   462059
  </price>
  <rating>
   3.94
  </rating>
  <reviews>
   702466
  </reviews>
  <sporty>
   no
  </sporty>
 </clothing>
 <clothing>
  <id>
   391068218
  </id>
  <name>
   Ellesse Shirt W-2045
  </name>
  <category>
   Shirt
  </category>
  <size>
   M
  </size>
  <color>
   Синий
  </color>
  <material>
   Хлопок
  </material>
  <price>
   750835
  </price>
  <rating>
   2.94
  </rating>
  <reviews>
   752829
  </reviews>
  <exclusive>
   yes
  </exclusive>
 </clothing>
 <clothing>
  <id>
   324592394
  </id>
  <name>
   PleinSport Umbrellas Q-6294
  </name>
  <category>
   Umbrellas
  </category>
  <size>
   L
  </size>
  <color>
   Синий
  </color>
  <material>
   Шерсть
  </material>
  <price>
   890439
  </price>
  <rating>
   2.59
  </rating>
  <reviews>
   897400
  </reviews>
  <new>
   -
  </new>
 </clothing>
 <clothing>
  <id>
   619040867
  </id>
  <name>
   Addidas Belts J-8015
  </name>
  <category>
   Belts
  </category>
  <size>
   XXL
  </size>
  <color>
   Зеленый
  </color>
  <material>
   Полиэстер
  </material>
  <price>
   634103
  </price>
  <rating>
   3.05
  </rating>
  <reviews>
   810704
  </reviews>
  <new>
   -
  </new>
  <sporty>
   no
  </sporty>
 </clothing>
 <clothing>
  <id>
   636247891
  </id>
  <name>
   Adidas Handbags A-5997
  </name>
  <category>
   Handbags
  </category>
  <size>
   XXL
  </size>
  <color>
   Красный
  </color>
  <material>
   Хлопок
  </material>
  <price>
   813910
  </price>
  <rating>
   1.46
  </rating>
  <reviews>
   217454
  </reviews>
  <new>
   +
  </new>
 </clothing>
 <clothing>
  <id>
   702627551
  </id>
  <name>
   Addidas Jeans S-3415
  </name>
  <category>
   Jeans
  </category>
  <size>
   S
  </size>
  <color>
   Синий
  </color>
  <material>
   Хлопок
  </material>
  <price>
   602636
  </price>
  <rating>
   4.19
  </rating>
  <reviews>
   762666
  </reviews>
  <sporty>
   yes
  </sporty>
 </clothing>
 <clothing>
  <id>
   361387018
  </id>
  <name>
   Asics Belts F-2509
  </name>
  <category>
   Belts
  </category>
  <size>
   XXL
  </size>
  <color>
   Синий
  </color>
  <material>
   Хлопок
  </material>
  <price>
   437718
  </price>
  <rating>
   2.67
  </rating>
  <reviews>
   32159
  </reviews>
  <new>
   -
  </new>
  <sporty>
   no
  </sporty>
 </clothing>
 <clothing>
  <id>
   890439266
  </id>
  <name>
   Converse Jacket H-7925
  </name>
  <category>
   Jacket
  </category>
  <size>
   S
  </size>
  <color>
   Оранжевый
  </color>
  <material>
   Кожа
  </material>
  <price>
   325120
  </price>
  <rating>
   3.24
  </rating>
  <reviews>
   64207
  </reviews>
  <new>
   +
  </new>
  <sporty>
   no
  </sporty>
 </clothing>
 <clothing>
  <id>
   561479313
  </id>
  <name>
   Ellesse Handbags Y-7570
  </name>
  <category>
   Handbags
  </category>
  <size>
   XXL
  </size>
  <color>
   Фиолетовый
  </color>
  <material>
   Вискоза
  </material>
  <price>
   144040
  </price>
  <rating>
   3.64
  </rating>
  <reviews>
   702981
  </reviews>
 </clothing>
</clothing-items>
