<?xml version="1.0" encoding="utf-8"?>
<clothing-items>
 <clothing>
  <id>
   168984122
  </id>
  <name>
   Fila Gloves M-4893
  </name>
  <category>
   Gloves
  </category>
  <size>
   L
  </size>
  <color>
   Оранжевый
  </color>
  <material>
   Шерсть
  </material>
  <price>
   386752
  </price>
  <rating>
   3.17
  </rating>
  <reviews>
   4616
  </reviews>
  <sporty>
   no
  </sporty>
 </clothing>
 <clothing>
  <id>
   199603141
  </id>
  <name>
   Asics Handbags N-2316
  </name>
  <category>
   Handbags
  </category>
  <size>
   M
  </size>
  <color>
   Зеленый
  </color>
  <material>
   Шелк
  </material>
  <price>
   193204
  </price>
  <rating>
   2.48
  </rating>
  <reviews>
   517327
  </reviews>
  <sporty>
   no
  </sporty>
 </clothing>
 <clothing>
  <id>
   301648184
  </id>
  <name>
   Under Armour Handbags N-1843
  </name>
  <category>
   Handbags
  </category>
  <size>
   M
  </size>
  <color>
   Красный
  </color>
  <material>
   Кожа
  </material>
  <price>
   132487
  </price>
  <rating>
   3.81
  </rating>
  <reviews>
   852078
  </reviews>
  <exclusive>
   yes
  </exclusive>
 </clothing>
 <clothing>
  <id>
   622481734
  </id>
  <name>
   Asics Gloves A-9252
  </name>
  <category>
   Gloves
  </category>
  <size>
   S
  </size>
  <color>
   Красный
  </color>
  <material>
   Шелк
  </material>
  <price>
   799015
  </price>
  <rating>
   1.89
  </rating>
  <reviews>
   13792
  </reviews>
  <new>
   +
  </new>
  <exclusive>
   no
  </exclusive>
  <sporty>
   yes
  </sporty>
 </clothing>
 <clothing>
  <id>
   434524388
  </id>
  <name>
   Puma Dress V-3000
  </name>
  <category>
   Dress
  </category>
  <size>
   XXL
  </size>
  <color>
   Фиолетовый
  </color>
  <material>
   Вискоза
  </material>
  <price>
   317253
  </price>
  <rating>
   3.55
  </rating>
  <reviews>
   79462
  </reviews>
  <new>
   -
  </new>
  <sporty>
   no
  </sporty>
 </clothing>
 <clothing>
  <id>
   902693661
  </id>
  <name>
   Nike Jacket F-9193
  </name>
  <category>
   Jacket
  </category>
  <size>
   XXL
  </size>
  <color>
   Желтый
  </color>
  <material>
   Кожа
  </material>
  <price>
   892025
  </price>
  <rating>
   2.33
  </rating>
  <reviews>
   813420
  </reviews>
  <new>
   +
  </new>
  <exclusive>
   no
  </exclusive>
  <sporty>
   yes
  </sporty>
 </clothing>
 <clothing>
  <id>
   704992770
  </id>
  <name>
   Puma Hat Y-9816
  </name>
  <category>
   Hat
  </category>
  <size>
   S
  </size>
  <color>
   Желтый
  </color>
  <material>
   Лен
  </material>
  <price>
   408536
  </price>
  <rating>
   4.56
  </rating>
  <reviews>
   888094
  </reviews>
  <new>
   -
  </new>
 </clothing>
 <clothing>
  <id>
   574889596
  </id>
  <name>
   Asics Blouse L-9331
  </name>
  <category>
   Blouse
  </category>
  <size>
   M
  </size>
  <color>
   Красный
  </color>
  <material>
   Шерсть
  </material>
  <price>
   617509
  </price>
  <rating>
   4.65
  </rating>
  <reviews>
   597727
  </reviews>
  <exclusive>
   no
  </exclusive>
 </clothing>
 <clothing>
  <id>
   304379883
  </id>
  <name>
   Converse Socks V-9007
  </name>
  <category>
   Socks
  </category>
  <size>
   XXL
  </size>
  <color>
   Голубой
  </color>
  <material>
   Шелк
  </material>
  <price>
   433030
  </price>
  <rating>
   2.15
  </rating>
  <reviews>
   680928
  </reviews>
  <new>
   +
  </new>
  <exclusive>
   no
  </exclusive>
 </clothing>
 <clothing>
  <id>
   452365194
  </id>
  <name>
   DC T-shirt K-9617
  </name>
  <category>
   T-shirt
  </category>
  <size>
   XL
  </size>
  <color>
   Оранжевый
  </color>
  <material>
   Шелк
  </material>
  <price>
   648309
  </price>
  <rating>
   1.9
  </rating>
  <reviews>
   660470
  </reviews>
  <new>
   +
  </new>
  <exclusive>
   yes
  </exclusive>
  <sporty>
   yes
  </sporty>
 </clothing>
 <clothing>
  <id>
   968148032
  </id>
  <name>
   Addidas Jeans Y-8919
  </name>
  <category>
   Jeans
  </category>
  <size>
   L
  </size>
  <color>
   Голубой
  </color>
  <material>
   Вискоза
  </material>
  <price>
   405332
  </price>
  <rating>
   2.65
  </rating>
  <reviews>
   309621
  </reviews>
 </clothing>
 <clothing>
  <id>
   545116250
  </id>
  <name>
   DC Skirt A-7744
  </name>
  <category>
   Skirt
  </category>
  <size>
   S
  </size>
  <color>
   Голубой
  </color>
  <material>
   Шерсть
  </material>
  <price>
   465216
  </price>
  <rating>
   4.25
  </rating>
  <reviews>
   812234
  </reviews>
  <new>
   +
  </new>
  <exclusive>
   yes
  </exclusive>
 </clothing>
 <clothing>
  <id>
   963349526
  </id>
  <name>
   New Balance Belts F-4449
  </name>
  <category>
   Belts
  </category>
  <size>
   XXL
  </size>
  <color>
   Красный
  </color>
  <material>
   Полиэстер
  </material>
  <price>
   250242
  </price>
  <rating>
   3.15
  </rating>
  <reviews>
   441495
  </reviews>
  <sporty>
   no
  </sporty>
 </clothing>
 <clothing>
  <id>
   212718388
  </id>
  <name>
   Nike Shirt Y-9940
  </name>
  <category>
   Shirt
  </category>
  <size>
   M
  </size>
  <color>
   Синий
  </color>
  <material>
   Нейлон
  </material>
  <price>
   537293
  </price>
  <rating>
   1.32
  </rating>
  <reviews>
   123076
  </reviews>
 </clothing>
 <clothing>
  <id>
   211402954
  </id>
  <name>
   Fila Gloves B-3098
  </name>
  <category>
   Gloves
  </category>
  <size>
   S
  </size>
  <color>
   Голубой
  </color>
  <material>
   Шелк
  </material>
  <price>
   683990
  </price>
  <rating>
   2.16
  </rating>
  <reviews>
   78377
  </reviews>
  <new>
   -
  </new>
  <exclusive>
   yes
  </exclusive>
  <sporty>
   no
  </sporty>
 </clothing>
 <clothing>
  <id>
   186451351
  </id>
  <name>
   Under Armour Belts D-8625
  </name>
  <category>
   Belts
  </category>
  <size>
   XXL
  </size>
  <color>
   Голубой
  </color>
  <material>
   Хлопок
  </material>
  <price>
   552375
  </price>
  <rating>
   4.9
  </rating>
  <reviews>
   8600
  </reviews>
  <new>
   +
  </new>
  <sporty>
   yes
  </sporty>
 </clothing>
 <clothing>
  <id>
   230881170
  </id>
  <name>
   Nike Shoes V-1436
  </name>
  <category>
   Shoes
  </category>
  <size>
   L
  </size>
  <color>
   Фиолетовый
  </color>
  <material>
   Кожа
  </material>
  <price>
   517824
  </price>
  <rating>
   4.65
  </rating>
  <reviews>
   421196
  </reviews>
  <new>
   +
  </new>
  <sporty>
   no
  </sporty>
 </clothing>
 <clothing>
  <id>
   127220580
  </id>
  <name>
   Vans Socks I-9152
  </name>
  <category>
   Socks
  </category>
  <size>
   L
  </size>
  <color>
   Синий
  </color>
  <material>
   Хлопок
  </material>
  <price>
   746456
  </price>
  <rating>
   2.1
  </rating>
  <reviews>
   491720
  </reviews>
  <new>
   +
  </new>
  <exclusive>
   yes
  </exclusive>
 </clothing>
 <clothing>
  <id>
   317902896
  </id>
  <name>
   Reebok Shoes W-9696
  </name>
  <category>
   Shoes
  </category>
  <size>
   L
  </size>
  <color>
   Зеленый
  </color>
  <material>
   Хлопок
  </material>
  <price>
   291372
  </price>
  <rating>
   2.35
  </rating>
  <reviews>
   317535
  </reviews>
  <exclusive>
   no
  </exclusive>
  <sporty>
   yes
  </sporty>
 </clothing>
 <clothing>
  <id>
   140083347
  </id>
  <name>
   Addidas Dress C-9373
  </name>
  <category>
   Dress
  </category>
  <size>
   L
  </size>
  <color>
   Зеленый
  </color>
  <material>
   Шерсть
  </material>
  <price>
   670832
  </price>
  <rating>
   2.22
  </rating>
  <reviews>
   424841
  </reviews>
  <new>
   -
  </new>
  <exclusive>
   yes
  </exclusive>
 </clothing>
 <clothing>
  <id>
   925362505
  </id>
  <name>
   DC Belts F-9479
  </name>
  <category>
   Belts
  </category>
  <size>
   M
  </size>
  <color>
   Оранжевый
  </color>
  <material>
   Шелк
  </material>
  <price>
   985157
  </price>
  <rating>
   1.6
  </rating>
  <reviews>
   419524
  </reviews>
  <new>
   +
  </new>
 </clothing>
 <clothing>
  <id>
   385727121
  </id>
  <name>
   Under Armour Handbags R-8175
  </name>
  <category>
   Handbags
  </category>
  <size>
   XL
  </size>
  <color>
   Зеленый
  </color>
  <material>
   Шерсть
  </material>
  <price>
   986119
  </price>
  <rating>
   4.8
  </rating>
  <reviews>
   917499
  </reviews>
  <sporty>
   no
  </sporty>
 </clothing>
 <clothing>
  <id>
   378014044
  </id>
  <name>
   Ellesse T-shirt X-6762
  </name>
  <category>
   T-shirt
  </category>
  <size>
   XXL
  </size>
  <color>
   Красный
  </color>
  <material>
   Кожа
  </material>
  <price>
   303598
  </price>
  <rating>
   4.0
  </rating>
  <reviews>
   844843
  </reviews>
  <exclusive>
   no
  </exclusive>
  <sporty>
   yes
  </sporty>
 </clothing>
 <clothing>
  <id>
   703577950
  </id>
  <name>
   Asics Socks D-1167
  </name>
  <category>
   Socks
  </category>
  <size>
   XL
  </size>
  <color>
   Фиолетовый
  </color>
  <material>
   Шелк
  </material>
  <price>
   806078
  </price>
  <rating>
   2.63
  </rating>
  <reviews>
   417211
  </reviews>
  <new>
   +
  </new>
  <exclusive>
   yes
  </exclusive>
 </clothing>
 <clothing>
  <id>
   450574227
  </id>
  <name>
   Ellesse Jacket C-1807
  </name>
  <category>
   Jacket
  </category>
  <size>
   S
  </size>
  <color>
   Оранжевый
  </color>
  <material>
   Кожа
  </material>
  <price>
   168501
  </price>
  <rating>
   3.69
  </rating>
  <reviews>
   164772
  </reviews>
  <new>
   +
  </new>
  <sporty>
   no
  </sporty>
 </clothing>
 <clothing>
  <id>
   612009170
  </id>
  <name>
   Asics Shoes O-8311
  </name>
  <category>
   Shoes
  </category>
  <size>
   XL
  </size>
  <color>
   Зеленый
  </color>
  <material>
   Шелк
  </material>
  <price>
   197023
  </price>
  <rating>
   1.31
  </rating>
  <reviews>
   381900
  </reviews>
  <new>
   +
  </new>
  <exclusive>
   no
  </exclusive>
 </clothing>
 <clothing>
  <id>
   570759904
  </id>
  <name>
   Ellesse Handbags J-6628
  </name>
  <category>
   Handbags
  </category>
  <size>
   XXL
  </size>
  <color>
   Красный
  </color>
  <material>
   Шелк
  </material>
  <price>
   624361
  </price>
  <rating>
   4.79
  </rating>
  <reviews>
   926231
  </reviews>
  <exclusive>
   no
  </exclusive>
  <sporty>
   no
  </sporty>
 </clothing>
 <clothing>
  <id>
   998851310
  </id>
  <name>
   Puma Handbags U-4811
  </name>
  <category>
   Handbags
  </category>
  <size>
   XL
  </size>
  <color>
   Желтый
  </color>
  <material>
   Шелк
  </material>
  <price>
   471909
  </price>
  <rating>
   1.79
  </rating>
  <reviews>
   539858
  </reviews>
  <exclusive>
   yes
  </exclusive>
  <sporty>
   no
  </sporty>
 </clothing>
 <clothing>
  <id>
   619102017
  </id>
  <name>
   Vans Jacket X-3587
  </name>
  <category>
   Jacket
  </category>
  <size>
   L
  </size>
  <color>
   Фиолетовый
  </color>
  <material>
   Полиэстер
  </material>
  <price>
   243240
  </price>
  <rating>
   3.03
  </rating>
  <reviews>
   52738
  </reviews>
 </clothing>
 <clothing>
  <id>
   620746559
  </id>
  <name>
   Converse Socks U-6770
  </name>
  <category>
   Socks
  </category>
  <size>
   S
  </size>
  <color>
   Красный
  </color>
  <material>
   Шерсть
  </material>
  <price>
   914003
  </price>
  <rating>
   3.46
  </rating>
  <reviews>
   931402
  </reviews>
  <new>
   -
  </new>
  <exclusive>
   no
  </exclusive>
  <sporty>
   no
  </sporty>
 </clothing>
 <clothing>
  <id>
   990016915
  </id>
  <name>
   Reebok T-shirt D-3319
  </name>
  <category>
   T-shirt
  </category>
  <size>
   S
  </size>
  <color>
   Желтый
  </color>
  <material>
   Шелк
  </material>
  <price>
   510512
  </price>
  <rating>
   1.54
  </rating>
  <reviews>
   974296
  </reviews>
  <new>
   -
  </new>
  <exclusive>
   yes
  </exclusive>
 </clothing>
 <clothing>
  <id>
   918101787
  </id>
  <name>
   New Balance Jacket H-8321
  </name>
  <category>
   Jacket
  </category>
  <size>
   XXL
  </size>
  <color>
   Синий
  </color>
  <material>
   Шерсть
  </material>
  <price>
   747924
  </price>
  <rating>
   2.78
  </rating>
  <reviews>
   215423
  </reviews>
 </clothing>
 <clothing>
  <id>
   897643252
  </id>
  <name>
   Lacoste Jacket Z-9372
  </name>
  <category>
   Jacket
  </category>
  <size>
   XL
  </size>
  <color>
   Зеленый
  </color>
  <material>
   Нейлон
  </material>
  <price>
   839644
  </price>
  <rating>
   2.57
  </rating>
  <reviews>
   627429
  </reviews>
  <exclusive>
   yes
  </exclusive>
  <sporty>
   yes
  </sporty>
 </clothing>
 <clothing>
  <id>
   577698680
  </id>
  <name>
   New Balance T-shirt Q-9007
  </name>
  <category>
   T-shirt
  </category>
  <size>
   L
  </size>
  <color>
   Оранжевый
  </color>
  <material>
   Полиэстер
  </material>
  <price>
   508566
  </price>
  <rating>
   2.69
  </rating>
  <reviews>
   542217
  </reviews>
  <exclusive>
   no
  </exclusive>
 </clothing>
 <clothing>
  <id>
   491263491
  </id>
  <name>
   Vans Jeans R-4249
  </name>
  <category>
   Jeans
  </category>
  <size>
   L
  </size>
  <color>
   Красный
  </color>
  <material>
   Лен
  </material>
  <price>
   523296
  </price>
  <rating>
   1.2
  </rating>
  <reviews>
   700581
  </reviews>
  <new>
   +
  </new>
  <exclusive>
   no
  </exclusive>
  <sporty>
   no
  </sporty>
 </clothing>
 <clothing>
  <id>
   463261975
  </id>
  <name>
   Addidas Jeans P-7824
  </name>
  <category>
   Jeans
  </category>
  <size>
   XXL
  </size>
  <color>
   Фиолетовый
  </color>
  <material>
   Шелк
  </material>
  <price>
   216606
  </price>
  <rating>
   1.81
  </rating>
  <reviews>
   249752
  </reviews>
 </clothing>
</clothing-items>
