<?xml version="1.0" encoding="utf-8"?>
<clothing-items>
 <clothing>
  <id>
   523284050
  </id>
  <name>
   New Balance Sweater B-9651
  </name>
  <category>
   Sweater
  </category>
  <size>
   L
  </size>
  <color>
   Синий
  </color>
  <material>
   Вискоза
  </material>
  <price>
   706188
  </price>
  <rating>
   3.25
  </rating>
  <reviews>
   87625
  </reviews>
  <exclusive>
   no
  </exclusive>
  <sporty>
   no
  </sporty>
 </clothing>
 <clothing>
  <id>
   986913647
  </id>
  <name>
   Converse Shirt O-7279
  </name>
  <category>
   Shirt
  </category>
  <size>
   S
  </size>
  <color>
   Зеленый
  </color>
  <material>
   Шерсть
  </material>
  <price>
   874925
  </price>
  <rating>
   3.22
  </rating>
  <reviews>
   488741
  </reviews>
  <new>
   -
  </new>
  <exclusive>
   no
  </exclusive>
 </clothing>
 <clothing>
  <id>
   989903452
  </id>
  <name>
   Reebok Pants L-6923
  </name>
  <category>
   Pants
  </category>
  <size>
   XXL
  </size>
  <color>
   Синий
  </color>
  <material>
   Лен
  </material>
  <price>
   711365
  </price>
  <rating>
   2.84
  </rating>
  <reviews>
   187288
  </reviews>
  <new>
   +
  </new>
  <sporty>
   no
  </sporty>
 </clothing>
 <clothing>
  <id>
   585649777
  </id>
  <name>
   Under Armour Pants P-8452
  </name>
  <category>
   Pants
  </category>
  <size>
   S
  </size>
  <color>
   Фиолетовый
  </color>
  <material>
   Полиэстер
  </material>
  <price>
   335253
  </price>
  <rating>
   3.54
  </rating>
  <reviews>
   407826
  </reviews>
  <new>
   +
  </new>
  <exclusive>
   no
  </exclusive>
  <sporty>
   no
  </sporty>
 </clothing>
 <clothing>
  <id>
   351130953
  </id>
  <name>
   Adidas Sweater N-1306
  </name>
  <category>
   Sweater
  </category>
  <size>
   M
  </size>
  <color>
   Красный
  </color>
  <material>
   Хлопок
  </material>
  <price>
   536385
  </price>
  <rating>
   3.49
  </rating>
  <reviews>
   81674
  </reviews>
  <new>
   -
  </new>
  <sporty>
   yes
  </sporty>
 </clothing>
 <clothing>
  <id>
   386231210
  </id>
  <name>
   Nike Shirt H-2380
  </name>
  <category>
   Shirt
  </category>
  <size>
   S
  </size>
  <color>
   Красный
  </color>
  <material>
   Нейлон
  </material>
  <price>
   410881
  </price>
  <rating>
   1.64
  </rating>
  <reviews>
   602045
  </reviews>
  <new>
   -
  </new>
  <exclusive>
   no
  </exclusive>
  <sporty>
   no
  </sporty>
 </clothing>
 <clothing>
  <id>
   853355566
  </id>
  <name>
   Vans Umbrellas W-6797
  </name>
  <category>
   Umbrellas
  </category>
  <size>
   M
  </size>
  <color>
   Красный
  </color>
  <material>
   Шелк
  </material>
  <price>
   392661
  </price>
  <rating>
   4.79
  </rating>
  <reviews>
   227152
  </reviews>
  <new>
   -
  </new>
 </clothing>
 <clothing>
  <id>
   175217683
  </id>
  <name>
   Lacoste T-shirt Q-8535
  </name>
  <category>
   T-shirt
  </category>
  <size>
   L
  </size>
  <color>
   Синий
  </color>
  <material>
   Лен
  </material>
  <price>
   161661
  </price>
  <rating>
   4.4
  </rating>
  <reviews>
   535614
  </reviews>
  <new>
   +
  </new>
  <exclusive>
   no
  </exclusive>
  <sporty>
   no
  </sporty>
 </clothing>
 <clothing>
  <id>
   290770648
  </id>
  <name>
   Converse Jeans Q-1110
  </name>
  <category>
   Jeans
  </category>
  <size>
   S
  </size>
  <color>
   Желтый
  </color>
  <material>
   Полиэстер
  </material>
  <price>
   673947
  </price>
  <rating>
   3.83
  </rating>
  <reviews>
   271958
  </reviews>
  <new>
   +
  </new>
  <exclusive>
   yes
  </exclusive>
  <sporty>
   yes
  </sporty>
 </clothing>
 <clothing>
  <id>
   565554245
  </id>
  <name>
   PleinSport Handbags I-3175
  </name>
  <category>
   Handbags
  </category>
  <size>
   M
  </size>
  <color>
   Желтый
  </color>
  <material>
   Кожа
  </material>
  <price>
   783372
  </price>
  <rating>
   3.22
  </rating>
  <reviews>
   601996
  </reviews>
  <new>
   -
  </new>
  <exclusive>
   yes
  </exclusive>
  <sporty>
   no
  </sporty>
 </clothing>
 <clothing>
  <id>
   958934811
  </id>
  <name>
   Adidas Shirt B-6219
  </name>
  <category>
   Shirt
  </category>
  <size>
   XL
  </size>
  <color>
   Красный
  </color>
  <material>
   Кожа
  </material>
  <price>
   239107
  </price>
  <rating>
   2.31
  </rating>
  <reviews>
   918109
  </reviews>
  <exclusive>
   yes
  </exclusive>
  <sporty>
   no
  </sporty>
 </clothing>
 <clothing>
  <id>
   764594972
  </id>
  <name>
   Puma Belts W-3583
  </name>
  <category>
   Belts
  </category>
  <size>
   L
  </size>
  <color>
   Зеленый
  </color>
  <material>
   Полиэстер
  </material>
  <price>
   709327
  </price>
  <rating>
   4.26
  </rating>
  <reviews>
   501603
  </reviews>
 </clothing>
 <clothing>
  <id>
   641726845
  </id>
  <name>
   Puma T-shirt F-8535
  </name>
  <category>
   T-shirt
  </category>
  <size>
   L
  </size>
  <color>
   Синий
  </color>
  <material>
   Шелк
  </material>
  <price>
   844658
  </price>
  <rating>
   3.18
  </rating>
  <reviews>
   334370
  </reviews>
  <new>
   -
  </new>
  <exclusive>
   no
  </exclusive>
 </clothing>
</clothing-items>
