<?xml version="1.0" encoding="utf-8"?>
<clothing-items>
 <clothing>
  <id>
   917088056
  </id>
  <name>
   DC Pants J-1853
  </name>
  <category>
   Pants
  </category>
  <size>
   M
  </size>
  <color>
   Красный
  </color>
  <material>
   Кожа
  </material>
  <price>
   924554
  </price>
  <rating>
   3.74
  </rating>
  <reviews>
   986568
  </reviews>
  <new>
   -
  </new>
 </clothing>
 <clothing>
  <id>
   869992003
  </id>
  <name>
   Lacoste Dress D-8738
  </name>
  <category>
   Dress
  </category>
  <size>
   XL
  </size>
  <color>
   Красный
  </color>
  <material>
   Полиэстер
  </material>
  <price>
   844434
  </price>
  <rating>
   2.6
  </rating>
  <reviews>
   478018
  </reviews>
  <new>
   +
  </new>
  <exclusive>
   no
  </exclusive>
 </clothing>
 <clothing>
  <id>
   631666800
  </id>
  <name>
   Vans Umbrellas E-2639
  </name>
  <category>
   Umbrellas
  </category>
  <size>
   XXL
  </size>
  <color>
   Красный
  </color>
  <material>
   Шерсть
  </material>
  <price>
   240306
  </price>
  <rating>
   2.82
  </rating>
  <reviews>
   654319
  </reviews>
  <new>
   +
  </new>
  <exclusive>
   yes
  </exclusive>
  <sporty>
   no
  </sporty>
 </clothing>
 <clothing>
  <id>
   642939386
  </id>
  <name>
   DC Skirt R-4318
  </name>
  <category>
   Skirt
  </category>
  <size>
   XXL
  </size>
  <color>
   Красный
  </color>
  <material>
   Кожа
  </material>
  <price>
   572476
  </price>
  <rating>
   4.97
  </rating>
  <reviews>
   801644
  </reviews>
  <new>
   +
  </new>
  <exclusive>
   no
  </exclusive>
  <sporty>
   yes
  </sporty>
 </clothing>
 <clothing>
  <id>
   246709606
  </id>
  <name>
   Addidas T-shirt L-1192
  </name>
  <category>
   T-shirt
  </category>
  <size>
   XXL
  </size>
  <color>
   Синий
  </color>
  <material>
   Шерсть
  </material>
  <price>
   899576
  </price>
  <rating>
   1.28
  </rating>
  <reviews>
   610387
  </reviews>
  <sporty>
   no
  </sporty>
 </clothing>
 <clothing>
  <id>
   662277300
  </id>
  <name>
   Fila Hat B-2209
  </name>
  <category>
   Hat
  </category>
  <size>
   S
  </size>
  <color>
   Фиолетовый
  </color>
  <material>
   Вискоза
  </material>
  <price>
   318940
  </price>
  <rating>
   1.1
  </rating>
  <reviews>
   492413
  </reviews>
  <new>
   -
  </new>
  <sporty>
   no
  </sporty>
 </clothing>
 <clothing>
  <id>
   913934495
  </id>
  <name>
   Nike Shirt G-2365
  </name>
  <category>
   Shirt
  </category>
  <size>
   S
  </size>
  <color>
   Синий
  </color>
  <material>
   Полиэстер
  </material>
  <price>
   603222
  </price>
  <rating>
   1.0
  </rating>
  <reviews>
   618552
  </reviews>
  <exclusive>
   no
  </exclusive>
  <sporty>
   no
  </sporty>
 </clothing>
 <clothing>
  <id>
   530734945
  </id>
  <name>
   Fila Skirt S-2530
  </name>
  <category>
   Skirt
  </category>
  <size>
   L
  </size>
  <color>
   Фиолетовый
  </color>
  <material>
   Полиэстер
  </material>
  <price>
   682349
  </price>
  <rating>
   2.8
  </rating>
  <reviews>
   790081
  </reviews>
  <new>
   -
  </new>
  <sporty>
   no
  </sporty>
 </clothing>
 <clothing>
  <id>
   730555042
  </id>
  <name>
   Fila Blouse P-1045
  </name>
  <category>
   Blouse
  </category>
  <size>
   XL
  </size>
  <color>
   Синий
  </color>
  <material>
   Нейлон
  </material>
  <price>
   959824
  </price>
  <rating>
   3.38
  </rating>
  <reviews>
   46625
  </reviews>
  <new>
   +
  </new>
  <exclusive>
   no
  </exclusive>
 </clothing>
 <clothing>
  <id>
   591300462
  </id>
  <name>
   Brooks Sweater Q-1876
  </name>
  <category>
   Sweater
  </category>
  <size>
   XL
  </size>
  <color>
   Голубой
  </color>
  <material>
   Вискоза
  </material>
  <price>
   775527
  </price>
  <rating>
   2.75
  </rating>
  <reviews>
   524068
  </reviews>
  <new>
   -
  </new>
  <exclusive>
   no
  </exclusive>
 </clothing>
 <clothing>
  <id>
   889329771
  </id>
  <name>
   Brooks Belts E-2158
  </name>
  <category>
   Belts
  </category>
  <size>
   XL
  </size>
  <color>
   Зеленый
  </color>
  <material>
   Шелк
  </material>
  <price>
   755766
  </price>
  <rating>
   4.65
  </rating>
  <reviews>
   980892
  </reviews>
  <exclusive>
   no
  </exclusive>
  <sporty>
   no
  </sporty>
 </clothing>
 <clothing>
  <id>
   693675896
  </id>
  <name>
   Lacoste T-shirt I-9350
  </name>
  <category>
   T-shirt
  </category>
  <size>
   M
  </size>
  <color>
   Желтый
  </color>
  <material>
   Шелк
  </material>
  <price>
   264978
  </price>
  <rating>
   3.54
  </rating>
  <reviews>
   598019
  </reviews>
  <sporty>
   no
  </sporty>
 </clothing>
</clothing-items>
