<?xml version="1.0" encoding="utf-8"?>
<clothing-items>
 <clothing>
  <id>
   787568461
  </id>
  <name>
   Puma Belts L-7171
  </name>
  <category>
   Belts
  </category>
  <size>
   XL
  </size>
  <color>
   Фиолетовый
  </color>
  <material>
   Шерсть
  </material>
  <price>
   734715
  </price>
  <rating>
   1.88
  </rating>
  <reviews>
   5032
  </reviews>
 </clothing>
 <clothing>
  <id>
   387910926
  </id>
  <name>
   Lacoste Gloves L-8625
  </name>
  <category>
   Gloves
  </category>
  <size>
   XXL
  </size>
  <color>
   Фиолетовый
  </color>
  <material>
   Хлопок
  </material>
  <price>
   490048
  </price>
  <rating>
   1.99
  </rating>
  <reviews>
   927478
  </reviews>
  <new>
   +
  </new>
  <exclusive>
   yes
  </exclusive>
  <sporty>
   yes
  </sporty>
 </clothing>
 <clothing>
  <id>
   478347291
  </id>
  <name>
   Brooks Handbags Y-4032
  </name>
  <category>
   Handbags
  </category>
  <size>
   M
  </size>
  <color>
   Синий
  </color>
  <material>
   Шелк
  </material>
  <price>
   572666
  </price>
  <rating>
   2.43
  </rating>
  <reviews>
   337945
  </reviews>
  <new>
   -
  </new>
 </clothing>
 <clothing>
  <id>
   404603704
  </id>
  <name>
   Addidas Jeans J-8490
  </name>
  <category>
   Jeans
  </category>
  <size>
   M
  </size>
  <color>
   Синий
  </color>
  <material>
   Кожа
  </material>
  <price>
   609714
  </price>
  <rating>
   3.83
  </rating>
  <reviews>
   383041
  </reviews>
  <new>
   +
  </new>
  <exclusive>
   no
  </exclusive>
 </clothing>
 <clothing>
  <id>
   687723329
  </id>
  <name>
   Converse Pants D-3731
  </name>
  <category>
   Pants
  </category>
  <size>
   M
  </size>
  <color>
   Оранжевый
  </color>
  <material>
   Лен
  </material>
  <price>
   204856
  </price>
  <rating>
   3.54
  </rating>
  <reviews>
   943574
  </reviews>
  <sporty>
   no
  </sporty>
 </clothing>
 <clothing>
  <id>
   257201081
  </id>
  <name>
   Brooks Shoes X-4610
  </name>
  <category>
   Shoes
  </category>
  <size>
   XL
  </size>
  <color>
   Голубой
  </color>
  <material>
   Хлопок
  </material>
  <price>
   771143
  </price>
  <rating>
   3.95
  </rating>
  <reviews>
   485699
  </reviews>
  <new>
   -
  </new>
  <sporty>
   no
  </sporty>
 </clothing>
 <clothing>
  <id>
   433961639
  </id>
  <name>
   Asics Socks E-1816
  </name>
  <category>
   Socks
  </category>
  <size>
   M
  </size>
  <color>
   Голубой
  </color>
  <material>
   Лен
  </material>
  <price>
   864259
  </price>
  <rating>
   3.15
  </rating>
  <reviews>
   957363
  </reviews>
  <new>
   -
  </new>
  <sporty>
   no
  </sporty>
 </clothing>
 <clothing>
  <id>
   753838744
  </id>
  <name>
   PleinSport Belts G-7044
  </name>
  <category>
   Belts
  </category>
  <size>
   M
  </size>
  <color>
   Оранжевый
  </color>
  <material>
   Лен
  </material>
  <price>
   410452
  </price>
  <rating>
   3.39
  </rating>
  <reviews>
   131749
  </reviews>
  <exclusive>
   no
  </exclusive>
 </clothing>
 <clothing>
  <id>
   518276638
  </id>
  <name>
   Ellesse Handbags A-2924
  </name>
  <category>
   Handbags
  </category>
  <size>
   L
  </size>
  <color>
   Фиолетовый
  </color>
  <material>
   Хлопок
  </material>
  <price>
   537763
  </price>
  <rating>
   3.19
  </rating>
  <reviews>
   942621
  </reviews>
  <new>
   -
  </new>
  <sporty>
   no
  </sporty>
 </clothing>
 <clothing>
  <id>
   182990157
  </id>
  <name>
   Vans T-shirt U-3610
  </name>
  <category>
   T-shirt
  </category>
  <size>
   S
  </size>
  <color>
   Желтый
  </color>
  <material>
   Нейлон
  </material>
  <price>
   915164
  </price>
  <rating>
   3.2
  </rating>
  <reviews>
   119769
  </reviews>
  <new>
   -
  </new>
  <exclusive>
   yes
  </exclusive>
  <sporty>
   no
  </sporty>
 </clothing>
 <clothing>
  <id>
   233037086
  </id>
  <name>
   DC Handbags V-8037
  </name>
  <category>
   Handbags
  </category>
  <size>
   XXL
  </size>
  <color>
   Желтый
  </color>
  <material>
   Кожа
  </material>
  <price>
   118896
  </price>
  <rating>
   4.91
  </rating>
  <reviews>
   431831
  </reviews>
  <new>
   +
  </new>
 </clothing>
 <clothing>
  <id>
   263051327
  </id>
  <name>
   Adidas Sweater Y-6763
  </name>
  <category>
   Sweater
  </category>
  <size>
   XL
  </size>
  <color>
   Голубой
  </color>
  <material>
   Шелк
  </material>
  <price>
   551350
  </price>
  <rating>
   2.45
  </rating>
  <reviews>
   654029
  </reviews>
  <sporty>
   no
  </sporty>
 </clothing>
 <clothing>
  <id>
   277688921
  </id>
  <name>
   Ellesse Jacket O-7442
  </name>
  <category>
   Jacket
  </category>
  <size>
   M
  </size>
  <color>
   Синий
  </color>
  <material>
   Кожа
  </material>
  <price>
   146598
  </price>
  <rating>
   2.75
  </rating>
  <reviews>
   65940
  </reviews>
  <new>
   -
  </new>
  <exclusive>
   yes
  </exclusive>
  <sporty>
   no
  </sporty>
 </clothing>
 <clothing>
  <id>
   666114066
  </id>
  <name>
   DC Handbags R-5218
  </name>
  <category>
   Handbags
  </category>
  <size>
   XXL
  </size>
  <color>
   Красный
  </color>
  <material>
   Кожа
  </material>
  <price>
   565705
  </price>
  <rating>
   4.56
  </rating>
  <reviews>
   646861
  </reviews>
  <exclusive>
   no
  </exclusive>
  <sporty>
   yes
  </sporty>
 </clothing>
 <clothing>
  <id>
   990149676
  </id>
  <name>
   Reebok Dress Y-1013
  </name>
  <category>
   Dress
  </category>
  <size>
   M
  </size>
  <color>
   Голубой
  </color>
  <material>
   Нейлон
  </material>
  <price>
   784184
  </price>
  <rating>
   3.05
  </rating>
  <reviews>
   607330
  </reviews>
  <new>
   +
  </new>
  <sporty>
   no
  </sporty>
 </clothing>
 <clothing>
  <id>
   451715790
  </id>
  <name>
   Vans Socks A-4394
  </name>
  <category>
   Socks
  </category>
  <size>
   XXL
  </size>
  <color>
   Синий
  </color>
  <material>
   Полиэстер
  </material>
  <price>
   961403
  </price>
  <rating>
   2.33
  </rating>
  <reviews>
   173583
  </reviews>
  <new>
   -
  </new>
  <exclusive>
   no
  </exclusive>
  <sporty>
   yes
  </sporty>
 </clothing>
 <clothing>
  <id>
   791398932
  </id>
  <name>
   Ellesse Jacket P-9589
  </name>
  <category>
   Jacket
  </category>
  <size>
   XXL
  </size>
  <color>
   Фиолетовый
  </color>
  <material>
   Лен
  </material>
  <price>
   570462
  </price>
  <rating>
   4.0
  </rating>
  <reviews>
   654824
  </reviews>
 </clothing>
 <clothing>
  <id>
   747762665
  </id>
  <name>
   New Balance T-shirt W-5585
  </name>
  <category>
   T-shirt
  </category>
  <size>
   M
  </size>
  <color>
   Фиолетовый
  </color>
  <material>
   Полиэстер
  </material>
  <price>
   208487
  </price>
  <rating>
   4.62
  </rating>
  <reviews>
   363124
  </reviews>
  <exclusive>
   no
  </exclusive>
 </clothing>
 <clothing>
  <id>
   676948002
  </id>
  <name>
   Asics Belts I-1787
  </name>
  <category>
   Belts
  </category>
  <size>
   S
  </size>
  <color>
   Желтый
  </color>
  <material>
   Шелк
  </material>
  <price>
   464574
  </price>
  <rating>
   4.63
  </rating>
  <reviews>
   264633
  </reviews>
  <exclusive>
   yes
  </exclusive>
  <sporty>
   yes
  </sporty>
 </clothing>
 <clothing>
  <id>
   507631446
  </id>
  <name>
   Adidas Jeans G-6847
  </name>
  <category>
   Jeans
  </category>
  <size>
   L
  </size>
  <color>
   Красный
  </color>
  <material>
   Лен
  </material>
  <price>
   421385
  </price>
  <rating>
   2.8
  </rating>
  <reviews>
   161688
  </reviews>
  <exclusive>
   no
  </exclusive>
  <sporty>
   no
  </sporty>
 </clothing>
 <clothing>
  <id>
   763415178
  </id>
  <name>
   Adidas Pants U-6998
  </name>
  <category>
   Pants
  </category>
  <size>
   L
  </size>
  <color>
   Желтый
  </color>
  <material>
   Вискоза
  </material>
  <price>
   360009
  </price>
  <rating>
   2.61
  </rating>
  <reviews>
   523079
  </reviews>
  <sporty>
   yes
  </sporty>
 </clothing>
 <clothing>
  <id>
   786640887
  </id>
  <name>
   Reebok Hat Y-3496
  </name>
  <category>
   Hat
  </category>
  <size>
   XL
  </size>
  <color>
   Голубой
  </color>
  <material>
   Кожа
  </material>
  <price>
   848494
  </price>
  <rating>
   1.97
  </rating>
  <reviews>
   408645
  </reviews>
 </clothing>
 <clothing>
  <id>
   885410028
  </id>
  <name>
   DC Shirt L-8230
  </name>
  <category>
   Shirt
  </category>
  <size>
   L
  </size>
  <color>
   Фиолетовый
  </color>
  <material>
   Шелк
  </material>
  <price>
   209759
  </price>
  <rating>
   1.33
  </rating>
  <reviews>
   679034
  </reviews>
  <exclusive>
   yes
  </exclusive>
 </clothing>
 <clothing>
  <id>
   951336014
  </id>
  <name>
   Lacoste Handbags H-3678
  </name>
  <category>
   Handbags
  </category>
  <size>
   S
  </size>
  <color>
   Зеленый
  </color>
  <material>
   Шерсть
  </material>
  <price>
   398208
  </price>
  <rating>
   3.22
  </rating>
  <reviews>
   190665
  </reviews>
  <new>
   -
  </new>
  <exclusive>
   yes
  </exclusive>
  <sporty>
   yes
  </sporty>
 </clothing>
 <clothing>
  <id>
   751474348
  </id>
  <name>
   Puma Belts B-8409
  </name>
  <category>
   Belts
  </category>
  <size>
   XXL
  </size>
  <color>
   Красный
  </color>
  <material>
   Полиэстер
  </material>
  <price>
   382287
  </price>
  <rating>
   2.52
  </rating>
  <reviews>
   557575
  </reviews>
  <new>
   -
  </new>
  <exclusive>
   yes
  </exclusive>
  <sporty>
   no
  </sporty>
 </clothing>
 <clothing>
  <id>
   978908831
  </id>
  <name>
   New Balance Socks X-1729
  </name>
  <category>
   Socks
  </category>
  <size>
   M
  </size>
  <color>
   Фиолетовый
  </color>
  <material>
   Кожа
  </material>
  <price>
   124354
  </price>
  <rating>
   2.92
  </rating>
  <reviews>
   867188
  </reviews>
  <sporty>
   no
  </sporty>
 </clothing>
 <clothing>
  <id>
   407895967
  </id>
  <name>
   Ellesse Handbags R-2086
  </name>
  <category>
   Handbags
  </category>
  <size>
   S
  </size>
  <color>
   Красный
  </color>
  <material>
   Хлопок
  </material>
  <price>
   672385
  </price>
  <rating>
   2.21
  </rating>
  <reviews>
   809702
  </reviews>
  <exclusive>
   no
  </exclusive>
 </clothing>
 <clothing>
  <id>
   673814092
  </id>
  <name>
   Addidas Belts C-1697
  </name>
  <category>
   Belts
  </category>
  <size>
   L
  </size>
  <color>
   Зеленый
  </color>
  <material>
   Лен
  </material>
  <price>
   794689
  </price>
  <rating>
   4.61
  </rating>
  <reviews>
   814533
  </reviews>
  <new>
   +
  </new>
  <sporty>
   no
  </sporty>
 </clothing>
 <clothing>
  <id>
   573446661
  </id>
  <name>
   New Balance T-shirt W-8861
  </name>
  <category>
   T-shirt
  </category>
  <size>
   M
  </size>
  <color>
   Желтый
  </color>
  <material>
   Нейлон
  </material>
  <price>
   759522
  </price>
  <rating>
   1.95
  </rating>
  <reviews>
   24888
  </reviews>
  <new>
   +
  </new>
  <exclusive>
   yes
  </exclusive>
 </clothing>
</clothing-items>
