<?xml version="1.0" encoding="utf-8"?>
<clothing-items>
 <clothing>
  <id>
   219651872
  </id>
  <name>
   Brooks Skirt Q-6113
  </name>
  <category>
   Skirt
  </category>
  <size>
   XXL
  </size>
  <color>
   Голубой
  </color>
  <material>
   Шелк
  </material>
  <price>
   963182
  </price>
  <rating>
   4.82
  </rating>
  <reviews>
   930299
  </reviews>
  <exclusive>
   no
  </exclusive>
  <sporty>
   no
  </sporty>
 </clothing>
 <clothing>
  <id>
   696995005
  </id>
  <name>
   PleinSport Dress X-5148
  </name>
  <category>
   Dress
  </category>
  <size>
   XL
  </size>
  <color>
   Красный
  </color>
  <material>
   Лен
  </material>
  <price>
   414240
  </price>
  <rating>
   2.85
  </rating>
  <reviews>
   46269
  </reviews>
  <sporty>
   no
  </sporty>
 </clothing>
 <clothing>
  <id>
   176224844
  </id>
  <name>
   Puma Gloves K-3509
  </name>
  <category>
   Gloves
  </category>
  <size>
   XL
  </size>
  <color>
   Оранжевый
  </color>
  <material>
   Лен
  </material>
  <price>
   362427
  </price>
  <rating>
   2.1
  </rating>
  <reviews>
   494214
  </reviews>
  <exclusive>
   no
  </exclusive>
  <sporty>
   yes
  </sporty>
 </clothing>
 <clothing>
  <id>
   541151537
  </id>
  <name>
   Brooks Blouse Q-2988
  </name>
  <category>
   Blouse
  </category>
  <size>
   M
  </size>
  <color>
   Желтый
  </color>
  <material>
   Полиэстер
  </material>
  <price>
   522057
  </price>
  <rating>
   1.68
  </rating>
  <reviews>
   672606
  </reviews>
  <exclusive>
   no
  </exclusive>
  <sporty>
   no
  </sporty>
 </clothing>
 <clothing>
  <id>
   315166052
  </id>
  <name>
   Nike Socks J-2274
  </name>
  <category>
   Socks
  </category>
  <size>
   S
  </size>
  <color>
   Зеленый
  </color>
  <material>
   Полиэстер
  </material>
  <price>
   868367
  </price>
  <rating>
   2.82
  </rating>
  <reviews>
   260875
  </reviews>
  <exclusive>
   yes
  </exclusive>
  <sporty>
   no
  </sporty>
 </clothing>
 <clothing>
  <id>
   590553207
  </id>
  <name>
   Nike Jeans J-6037
  </name>
  <category>
   Jeans
  </category>
  <size>
   S
  </size>
  <color>
   Оранжевый
  </color>
  <material>
   Кожа
  </material>
  <price>
   952534
  </price>
  <rating>
   4.59
  </rating>
  <reviews>
   665382
  </reviews>
  <exclusive>
   no
  </exclusive>
 </clothing>
 <clothing>
  <id>
   314990311
  </id>
  <name>
   Nike Blouse L-5370
  </name>
  <category>
   Blouse
  </category>
  <size>
   XXL
  </size>
  <color>
   Синий
  </color>
  <material>
   Нейлон
  </material>
  <price>
   326581
  </price>
  <rating>
   2.14
  </rating>
  <reviews>
   45770
  </reviews>
  <new>
   -
  </new>
  <sporty>
   no
  </sporty>
 </clothing>
 <clothing>
  <id>
   431318516
  </id>
  <name>
   Vans Socks F-2916
  </name>
  <category>
   Socks
  </category>
  <size>
   M
  </size>
  <color>
   Зеленый
  </color>
  <material>
   Кожа
  </material>
  <price>
   755067
  </price>
  <rating>
   3.71
  </rating>
  <reviews>
   394568
  </reviews>
  <new>
   -
  </new>
  <sporty>
   no
  </sporty>
 </clothing>
 <clothing>
  <id>
   108416159
  </id>
  <name>
   Reebok Blouse R-6153
  </name>
  <category>
   Blouse
  </category>
  <size>
   M
  </size>
  <color>
   Красный
  </color>
  <material>
   Кожа
  </material>
  <price>
   750163
  </price>
  <rating>
   1.11
  </rating>
  <reviews>
   180732
  </reviews>
 </clothing>
 <clothing>
  <id>
   519248368
  </id>
  <name>
   Fila Pants I-9469
  </name>
  <category>
   Pants
  </category>
  <size>
   S
  </size>
  <color>
   Зеленый
  </color>
  <material>
   Вискоза
  </material>
  <price>
   500855
  </price>
  <rating>
   3.2
  </rating>
  <reviews>
   613662
  </reviews>
  <new>
   -
  </new>
  <sporty>
   no
  </sporty>
 </clothing>
 <clothing>
  <id>
   491853486
  </id>
  <name>
   Puma Gloves K-8736
  </name>
  <category>
   Gloves
  </category>
  <size>
   L
  </size>
  <color>
   Синий
  </color>
  <material>
   Шерсть
  </material>
  <price>
   423719
  </price>
  <rating>
   3.4
  </rating>
  <reviews>
   180226
  </reviews>
  <sporty>
   no
  </sporty>
 </clothing>
 <clothing>
  <id>
   623684805
  </id>
  <name>
   Brooks Belts U-8422
  </name>
  <category>
   Belts
  </category>
  <size>
   M
  </size>
  <color>
   Синий
  </color>
  <material>
   Шелк
  </material>
  <price>
   409189
  </price>
  <rating>
   2.55
  </rating>
  <reviews>
   805567
  </reviews>
  <exclusive>
   no
  </exclusive>
 </clothing>
 <clothing>
  <id>
   470484877
  </id>
  <name>
   Adidas Hat H-4782
  </name>
  <category>
   Hat
  </category>
  <size>
   XL
  </size>
  <color>
   Желтый
  </color>
  <material>
   Лен
  </material>
  <price>
   989216
  </price>
  <rating>
   2.48
  </rating>
  <reviews>
   573515
  </reviews>
  <new>
   +
  </new>
  <exclusive>
   no
  </exclusive>
 </clothing>
 <clothing>
  <id>
   374946390
  </id>
  <name>
   Nike Dress T-3838
  </name>
  <category>
   Dress
  </category>
  <size>
   XXL
  </size>
  <color>
   Красный
  </color>
  <material>
   Лен
  </material>
  <price>
   880464
  </price>
  <rating>
   1.95
  </rating>
  <reviews>
   983112
  </reviews>
  <new>
   +
  </new>
  <exclusive>
   no
  </exclusive>
  <sporty>
   no
  </sporty>
 </clothing>
 <clothing>
  <id>
   461732575
  </id>
  <name>
   Brooks Umbrellas F-8867
  </name>
  <category>
   Umbrellas
  </category>
  <size>
   L
  </size>
  <color>
   Голубой
  </color>
  <material>
   Нейлон
  </material>
  <price>
   650432
  </price>
  <rating>
   3.46
  </rating>
  <reviews>
   340640
  </reviews>
  <new>
   -
  </new>
  <exclusive>
   yes
  </exclusive>
 </clothing>
 <clothing>
  <id>
   468108404
  </id>
  <name>
   Ellesse Shirt Z-5452
  </name>
  <category>
   Shirt
  </category>
  <size>
   M
  </size>
  <color>
   Желтый
  </color>
  <material>
   Кожа
  </material>
  <price>
   282791
  </price>
  <rating>
   2.46
  </rating>
  <reviews>
   400244
  </reviews>
  <new>
   -
  </new>
  <exclusive>
   yes
  </exclusive>
 </clothing>
 <clothing>
  <id>
   510814345
  </id>
  <name>
   Reebok Jacket U-5834
  </name>
  <category>
   Jacket
  </category>
  <size>
   M
  </size>
  <color>
   Фиолетовый
  </color>
  <material>
   Лен
  </material>
  <price>
   698088
  </price>
  <rating>
   1.57
  </rating>
  <reviews>
   895566
  </reviews>
  <exclusive>
   yes
  </exclusive>
 </clothing>
 <clothing>
  <id>
   706948406
  </id>
  <name>
   Vans T-shirt R-7366
  </name>
  <category>
   T-shirt
  </category>
  <size>
   XXL
  </size>
  <color>
   Желтый
  </color>
  <material>
   Шерсть
  </material>
  <price>
   232986
  </price>
  <rating>
   2.12
  </rating>
  <reviews>
   23669
  </reviews>
  <new>
   -
  </new>
  <exclusive>
   no
  </exclusive>
  <sporty>
   no
  </sporty>
 </clothing>
 <clothing>
  <id>
   403917297
  </id>
  <name>
   Lacoste Socks O-2000
  </name>
  <category>
   Socks
  </category>
  <size>
   M
  </size>
  <color>
   Голубой
  </color>
  <material>
   Полиэстер
  </material>
  <price>
   246229
  </price>
  <rating>
   1.45
  </rating>
  <reviews>
   141513
  </reviews>
  <exclusive>
   yes
  </exclusive>
 </clothing>
 <clothing>
  <id>
   227387104
  </id>
  <name>
   Ellesse Pants K-5845
  </name>
  <category>
   Pants
  </category>
  <size>
   L
  </size>
  <color>
   Голубой
  </color>
  <material>
   Лен
  </material>
  <price>
   505821
  </price>
  <rating>
   3.38
  </rating>
  <reviews>
   70067
  </reviews>
  <new>
   +
  </new>
  <exclusive>
   no
  </exclusive>
  <sporty>
   no
  </sporty>
 </clothing>
 <clothing>
  <id>
   144794012
  </id>
  <name>
   Brooks Handbags C-8095
  </name>
  <category>
   Handbags
  </category>
  <size>
   L
  </size>
  <color>
   Зеленый
  </color>
  <material>
   Лен
  </material>
  <price>
   357702
  </price>
  <rating>
   1.26
  </rating>
  <reviews>
   631292
  </reviews>
  <new>
   -
  </new>
  <exclusive>
   no
  </exclusive>
 </clothing>
 <clothing>
  <id>
   741981605
  </id>
  <name>
   Nike Blouse V-9267
  </name>
  <category>
   Blouse
  </category>
  <size>
   S
  </size>
  <color>
   Оранжевый
  </color>
  <material>
   Кожа
  </material>
  <price>
   220044
  </price>
  <rating>
   4.16
  </rating>
  <reviews>
   492405
  </reviews>
  <new>
   +
  </new>
  <exclusive>
   no
  </exclusive>
  <sporty>
   no
  </sporty>
 </clothing>
 <clothing>
  <id>
   407287807
  </id>
  <name>
   Lacoste Shirt D-9510
  </name>
  <category>
   Shirt
  </category>
  <size>
   S
  </size>
  <color>
   Оранжевый
  </color>
  <material>
   Вискоза
  </material>
  <price>
   347843
  </price>
  <rating>
   2.17
  </rating>
  <reviews>
   848427
  </reviews>
  <exclusive>
   yes
  </exclusive>
  <sporty>
   no
  </sporty>
 </clothing>
 <clothing>
  <id>
   909781002
  </id>
  <name>
   Brooks Sweater P-7979
  </name>
  <category>
   Sweater
  </category>
  <size>
   M
  </size>
  <color>
   Желтый
  </color>
  <material>
   Хлопок
  </material>
  <price>
   320114
  </price>
  <rating>
   1.78
  </rating>
  <reviews>
   171964
  </reviews>
  <new>
   -
  </new>
  <exclusive>
   no
  </exclusive>
 </clothing>
 <clothing>
  <id>
   830896946
  </id>
  <name>
   Asics Belts M-4923
  </name>
  <category>
   Belts
  </category>
  <size>
   XXL
  </size>
  <color>
   Желтый
  </color>
  <material>
   Шерсть
  </material>
  <price>
   604042
  </price>
  <rating>
   3.32
  </rating>
  <reviews>
   580954
  </reviews>
  <sporty>
   no
  </sporty>
 </clothing>
 <clothing>
  <id>
   386138012
  </id>
  <name>
   DC Handbags V-7541
  </name>
  <category>
   Handbags
  </category>
  <size>
   XXL
  </size>
  <color>
   Оранжевый
  </color>
  <material>
   Лен
  </material>
  <price>
   160360
  </price>
  <rating>
   4.09
  </rating>
  <reviews>
   112442
  </reviews>
  <new>
   -
  </new>
  <exclusive>
   no
  </exclusive>
  <sporty>
   no
  </sporty>
 </clothing>
 <clothing>
  <id>
   378407765
  </id>
  <name>
   Brooks Skirt N-7059
  </name>
  <category>
   Skirt
  </category>
  <size>
   L
  </size>
  <color>
   Зеленый
  </color>
  <material>
   Вискоза
  </material>
  <price>
   173338
  </price>
  <rating>
   1.95
  </rating>
  <reviews>
   276202
  </reviews>
  <new>
   -
  </new>
  <exclusive>
   no
  </exclusive>
 </clothing>
 <clothing>
  <id>
   699093238
  </id>
  <name>
   New Balance Umbrellas V-3645
  </name>
  <category>
   Umbrellas
  </category>
  <size>
   XL
  </size>
  <color>
   Голубой
  </color>
  <material>
   Полиэстер
  </material>
  <price>
   944388
  </price>
  <rating>
   1.86
  </rating>
  <reviews>
   448692
  </reviews>
  <exclusive>
   yes
  </exclusive>
  <sporty>
   no
  </sporty>
 </clothing>
 <clothing>
  <id>
   764269417
  </id>
  <name>
   Asics Hat C-8759
  </name>
  <category>
   Hat
  </category>
  <size>
   L
  </size>
  <color>
   Красный
  </color>
  <material>
   Шелк
  </material>
  <price>
   649414
  </price>
  <rating>
   3.89
  </rating>
  <reviews>
   977694
  </reviews>
 </clothing>
 <clothing>
  <id>
   864380775
  </id>
  <name>
   Fila Shoes J-8044
  </name>
  <category>
   Shoes
  </category>
  <size>
   L
  </size>
  <color>
   Оранжевый
  </color>
  <material>
   Лен
  </material>
  <price>
   929439
  </price>
  <rating>
   2.48
  </rating>
  <reviews>
   650935
  </reviews>
  <new>
   -
  </new>
  <exclusive>
   no
  </exclusive>
  <sporty>
   yes
  </sporty>
 </clothing>
 <clothing>
  <id>
   942751344
  </id>
  <name>
   Fila Handbags Z-2506
  </name>
  <category>
   Handbags
  </category>
  <size>
   S
  </size>
  <color>
   Зеленый
  </color>
  <material>
   Шелк
  </material>
  <price>
   633362
  </price>
  <rating>
   2.27
  </rating>
  <reviews>
   580098
  </reviews>
  <exclusive>
   no
  </exclusive>
  <sporty>
   no
  </sporty>
 </clothing>
 <clothing>
  <id>
   350344550
  </id>
  <name>
   Asics Shirt V-7142
  </name>
  <category>
   Shirt
  </category>
  <size>
   S
  </size>
  <color>
   Голубой
  </color>
  <material>
   Вискоза
  </material>
  <price>
   910667
  </price>
  <rating>
   1.76
  </rating>
  <reviews>
   760030
  </reviews>
  <new>
   -
  </new>
  <exclusive>
   yes
  </exclusive>
 </clothing>
 <clothing>
  <id>
   142064228
  </id>
  <name>
   Reebok Shirt I-8884
  </name>
  <category>
   Shirt
  </category>
  <size>
   S
  </size>
  <color>
   Оранжевый
  </color>
  <material>
   Хлопок
  </material>
  <price>
   281763
  </price>
  <rating>
   4.34
  </rating>
  <reviews>
   779109
  </reviews>
  <new>
   -
  </new>
  <exclusive>
   yes
  </exclusive>
  <sporty>
   no
  </sporty>
 </clothing>
 <clothing>
  <id>
   475382403
  </id>
  <name>
   Adidas Sweater H-4350
  </name>
  <category>
   Sweater
  </category>
  <size>
   XXL
  </size>
  <color>
   Синий
  </color>
  <material>
   Кожа
  </material>
  <price>
   146975
  </price>
  <rating>
   3.04
  </rating>
  <reviews>
   186263
  </reviews>
 </clothing>
 <clothing>
  <id>
   555979410
  </id>
  <name>
   Addidas Umbrellas E-2003
  </name>
  <category>
   Umbrellas
  </category>
  <size>
   XL
  </size>
  <color>
   Красный
  </color>
  <material>
   Нейлон
  </material>
  <price>
   747999
  </price>
  <rating>
   4.52
  </rating>
  <reviews>
   974446
  </reviews>
  <sporty>
   yes
  </sporty>
 </clothing>
 <clothing>
  <id>
   269302798
  </id>
  <name>
   Ellesse Belts J-7422
  </name>
  <category>
   Belts
  </category>
  <size>
   XL
  </size>
  <color>
   Синий
  </color>
  <material>
   Лен
  </material>
  <price>
   752384
  </price>
  <rating>
   1.8
  </rating>
  <reviews>
   297756
  </reviews>
  <new>
   +
  </new>
  <sporty>
   no
  </sporty>
 </clothing>
 <clothing>
  <id>
   762538379
  </id>
  <name>
   Addidas Sweater O-5267
  </name>
  <category>
   Sweater
  </category>
  <size>
   XXL
  </size>
  <color>
   Фиолетовый
  </color>
  <material>
   Хлопок
  </material>
  <price>
   246187
  </price>
  <rating>
   3.51
  </rating>
  <reviews>
   890067
  </reviews>
  <exclusive>
   yes
  </exclusive>
  <sporty>
   no
  </sporty>
 </clothing>
 <clothing>
  <id>
   753336650
  </id>
  <name>
   Addidas Sweater U-5089
  </name>
  <category>
   Sweater
  </category>
  <size>
   M
  </size>
  <color>
   Голубой
  </color>
  <material>
   Полиэстер
  </material>
  <price>
   888497
  </price>
  <rating>
   4.62
  </rating>
  <reviews>
   120909
  </reviews>
  <new>
   +
  </new>
  <exclusive>
   yes
  </exclusive>
 </clothing>
 <clothing>
  <id>
   839615165
  </id>
  <name>
   Nike Hat N-5313
  </name>
  <category>
   Hat
  </category>
  <size>
   XL
  </size>
  <color>
   Оранжевый
  </color>
  <material>
   Шелк
  </material>
  <price>
   609981
  </price>
  <rating>
   1.89
  </rating>
  <reviews>
   382337
  </reviews>
  <new>
   -
  </new>
  <sporty>
   yes
  </sporty>
 </clothing>
 <clothing>
  <id>
   861884921
  </id>
  <name>
   PleinSport Socks H-8911
  </name>
  <category>
   Socks
  </category>
  <size>
   L
  </size>
  <color>
   Оранжевый
  </color>
  <material>
   Шерсть
  </material>
  <price>
   172509
  </price>
  <rating>
   2.62
  </rating>
  <reviews>
   393560
  </reviews>
  <new>
   +
  </new>
  <exclusive>
   no
  </exclusive>
  <sporty>
   no
  </sporty>
 </clothing>
 <clothing>
  <id>
   493645898
  </id>
  <name>
   Ellesse Jacket X-9435
  </name>
  <category>
   Jacket
  </category>
  <size>
   S
  </size>
  <color>
   Красный
  </color>
  <material>
   Хлопок
  </material>
  <price>
   344112
  </price>
  <rating>
   3.94
  </rating>
  <reviews>
   615884
  </reviews>
  <sporty>
   no
  </sporty>
 </clothing>
 <clothing>
  <id>
   353597700
  </id>
  <name>
   Ellesse Socks K-4354
  </name>
  <category>
   Socks
  </category>
  <size>
   M
  </size>
  <color>
   Желтый
  </color>
  <material>
   Хлопок
  </material>
  <price>
   389644
  </price>
  <rating>
   3.28
  </rating>
  <reviews>
   682384
  </reviews>
  <sporty>
   no
  </sporty>
 </clothing>
 <clothing>
  <id>
   738138267
  </id>
  <name>
   PleinSport Gloves X-2882
  </name>
  <category>
   Gloves
  </category>
  <size>
   XXL
  </size>
  <color>
   Зеленый
  </color>
  <material>
   Шерсть
  </material>
  <price>
   258191
  </price>
  <rating>
   3.29
  </rating>
  <reviews>
   178527
  </reviews>
  <new>
   +
  </new>
  <sporty>
   no
  </sporty>
 </clothing>
</clothing-items>
