<?xml version="1.0" encoding="utf-8"?>
<clothing-items>
 <clothing>
  <id>
   132115449
  </id>
  <name>
   Asics Umbrellas A-9197
  </name>
  <category>
   Umbrellas
  </category>
  <size>
   XL
  </size>
  <color>
   Синий
  </color>
  <material>
   Лен
  </material>
  <price>
   994503
  </price>
  <rating>
   2.06
  </rating>
  <reviews>
   372619
  </reviews>
  <sporty>
   no
  </sporty>
 </clothing>
 <clothing>
  <id>
   705381563
  </id>
  <name>
   Addidas Skirt R-6943
  </name>
  <category>
   Skirt
  </category>
  <size>
   S
  </size>
  <color>
   Оранжевый
  </color>
  <material>
   Полиэстер
  </material>
  <price>
   734352
  </price>
  <rating>
   1.66
  </rating>
  <reviews>
   807338
  </reviews>
  <exclusive>
   no
  </exclusive>
  <sporty>
   yes
  </sporty>
 </clothing>
 <clothing>
  <id>
   803672882
  </id>
  <name>
   DC Jeans L-4708
  </name>
  <category>
   Jeans
  </category>
  <size>
   M
  </size>
  <color>
   Голубой
  </color>
  <material>
   Лен
  </material>
  <price>
   583685
  </price>
  <rating>
   3.7
  </rating>
  <reviews>
   242367
  </reviews>
  <new>
   +
  </new>
  <exclusive>
   no
  </exclusive>
  <sporty>
   no
  </sporty>
 </clothing>
 <clothing>
  <id>
   947830083
  </id>
  <name>
   Under Armour Skirt U-3304
  </name>
  <category>
   Skirt
  </category>
  <size>
   XL
  </size>
  <color>
   Желтый
  </color>
  <material>
   Вискоза
  </material>
  <price>
   852029
  </price>
  <rating>
   2.7
  </rating>
  <reviews>
   971829
  </reviews>
  <sporty>
   yes
  </sporty>
 </clothing>
 <clothing>
  <id>
   597880840
  </id>
  <name>
   Ellesse Pants K-4323
  </name>
  <category>
   Pants
  </category>
  <size>
   M
  </size>
  <color>
   Синий
  </color>
  <material>
   Вискоза
  </material>
  <price>
   806438
  </price>
  <rating>
   1.64
  </rating>
  <reviews>
   153257
  </reviews>
  <sporty>
   no
  </sporty>
 </clothing>
 <clothing>
  <id>
   334759820
  </id>
  <name>
   DC Pants X-8641
  </name>
  <category>
   Pants
  </category>
  <size>
   L
  </size>
  <color>
   Синий
  </color>
  <material>
   Хлопок
  </material>
  <price>
   950405
  </price>
  <rating>
   4.76
  </rating>
  <reviews>
   298087
  </reviews>
  <new>
   +
  </new>
  <exclusive>
   no
  </exclusive>
 </clothing>
 <clothing>
  <id>
   845752570
  </id>
  <name>
   Puma Jeans Y-5602
  </name>
  <category>
   Jeans
  </category>
  <size>
   XXL
  </size>
  <color>
   Оранжевый
  </color>
  <material>
   Лен
  </material>
  <price>
   999685
  </price>
  <rating>
   4.09
  </rating>
  <reviews>
   841853
  </reviews>
  <exclusive>
   yes
  </exclusive>
 </clothing>
 <clothing>
  <id>
   482917293
  </id>
  <name>
   Nike Shoes G-2471
  </name>
  <category>
   Shoes
  </category>
  <size>
   XL
  </size>
  <color>
   Оранжевый
  </color>
  <material>
   Кожа
  </material>
  <price>
   902323
  </price>
  <rating>
   3.33
  </rating>
  <reviews>
   869262
  </reviews>
  <new>
   -
  </new>
  <exclusive>
   no
  </exclusive>
 </clothing>
 <clothing>
  <id>
   539266627
  </id>
  <name>
   Lacoste Hat F-6827
  </name>
  <category>
   Hat
  </category>
  <size>
   XXL
  </size>
  <color>
   Зеленый
  </color>
  <material>
   Шелк
  </material>
  <price>
   875548
  </price>
  <rating>
   1.33
  </rating>
  <reviews>
   463929
  </reviews>
  <new>
   -
  </new>
  <exclusive>
   yes
  </exclusive>
 </clothing>
 <clothing>
  <id>
   736395435
  </id>
  <name>
   Under Armour Blouse E-4503
  </name>
  <category>
   Blouse
  </category>
  <size>
   XXL
  </size>
  <color>
   Оранжевый
  </color>
  <material>
   Кожа
  </material>
  <price>
   178370
  </price>
  <rating>
   3.65
  </rating>
  <reviews>
   611183
  </reviews>
  <new>
   +
  </new>
  <exclusive>
   no
  </exclusive>
  <sporty>
   no
  </sporty>
 </clothing>
 <clothing>
  <id>
   928672932
  </id>
  <name>
   New Balance Dress E-1450
  </name>
  <category>
   Dress
  </category>
  <size>
   M
  </size>
  <color>
   Зеленый
  </color>
  <material>
   Полиэстер
  </material>
  <price>
   497854
  </price>
  <rating>
   1.14
  </rating>
  <reviews>
   960088
  </reviews>
  <new>
   -
  </new>
 </clothing>
 <clothing>
  <id>
   403265924
  </id>
  <name>
   Adidas Belts D-1835
  </name>
  <category>
   Belts
  </category>
  <size>
   M
  </size>
  <color>
   Фиолетовый
  </color>
  <material>
   Вискоза
  </material>
  <price>
   985632
  </price>
  <rating>
   3.47
  </rating>
  <reviews>
   666202
  </reviews>
  <new>
   +
  </new>
  <exclusive>
   no
  </exclusive>
 </clothing>
 <clothing>
  <id>
   129951689
  </id>
  <name>
   DC Skirt U-7477
  </name>
  <category>
   Skirt
  </category>
  <size>
   M
  </size>
  <color>
   Голубой
  </color>
  <material>
   Вискоза
  </material>
  <price>
   900499
  </price>
  <rating>
   3.13
  </rating>
  <reviews>
   997956
  </reviews>
  <new>
   +
  </new>
  <exclusive>
   no
  </exclusive>
  <sporty>
   no
  </sporty>
 </clothing>
 <clothing>
  <id>
   652791275
  </id>
  <name>
   Fila Pants S-8911
  </name>
  <category>
   Pants
  </category>
  <size>
   XL
  </size>
  <color>
   Оранжевый
  </color>
  <material>
   Хлопок
  </material>
  <price>
   122373
  </price>
  <rating>
   1.32
  </rating>
  <reviews>
   211406
  </reviews>
  <new>
   +
  </new>
 </clothing>
 <clothing>
  <id>
   189016024
  </id>
  <name>
   Nike Pants M-3678
  </name>
  <category>
   Pants
  </category>
  <size>
   XL
  </size>
  <color>
   Желтый
  </color>
  <material>
   Вискоза
  </material>
  <price>
   440587
  </price>
  <rating>
   2.35
  </rating>
  <reviews>
   693690
  </reviews>
  <new>
   +
  </new>
  <exclusive>
   yes
  </exclusive>
  <sporty>
   yes
  </sporty>
 </clothing>
 <clothing>
  <id>
   389527450
  </id>
  <name>
   Reebok Umbrellas E-6150
  </name>
  <category>
   Umbrellas
  </category>
  <size>
   L
  </size>
  <color>
   Зеленый
  </color>
  <material>
   Хлопок
  </material>
  <price>
   902394
  </price>
  <rating>
   3.41
  </rating>
  <reviews>
   907837
  </reviews>
  <new>
   -
  </new>
 </clothing>
 <clothing>
  <id>
   136799009
  </id>
  <name>
   Puma T-shirt I-2052
  </name>
  <category>
   T-shirt
  </category>
  <size>
   XL
  </size>
  <color>
   Голубой
  </color>
  <material>
   Вискоза
  </material>
  <price>
   318341
  </price>
  <rating>
   2.92
  </rating>
  <reviews>
   612170
  </reviews>
  <sporty>
   no
  </sporty>
 </clothing>
 <clothing>
  <id>
   174831743
  </id>
  <name>
   Addidas Gloves U-3674
  </name>
  <category>
   Gloves
  </category>
  <size>
   M
  </size>
  <color>
   Зеленый
  </color>
  <material>
   Шерсть
  </material>
  <price>
   188163
  </price>
  <rating>
   2.39
  </rating>
  <reviews>
   975047
  </reviews>
  <new>
   +
  </new>
  <exclusive>
   no
  </exclusive>
  <sporty>
   no
  </sporty>
 </clothing>
</clothing-items>
