<?xml version="1.0" encoding="utf-8"?>
<clothing-items>
 <clothing>
  <id>
   888141198
  </id>
  <name>
   Adidas Pants A-4325
  </name>
  <category>
   Pants
  </category>
  <size>
   L
  </size>
  <color>
   Красный
  </color>
  <material>
   Шелк
  </material>
  <price>
   659843
  </price>
  <rating>
   1.71
  </rating>
  <reviews>
   251594
  </reviews>
  <exclusive>
   no
  </exclusive>
 </clothing>
 <clothing>
  <id>
   961632301
  </id>
  <name>
   Puma Umbrellas I-6257
  </name>
  <category>
   Umbrellas
  </category>
  <size>
   M
  </size>
  <color>
   Желтый
  </color>
  <material>
   Шелк
  </material>
  <price>
   374142
  </price>
  <rating>
   4.31
  </rating>
  <reviews>
   919989
  </reviews>
  <new>
   +
  </new>
  <exclusive>
   yes
  </exclusive>
 </clothing>
 <clothing>
  <id>
   747277094
  </id>
  <name>
   Reebok Belts Y-7689
  </name>
  <category>
   Belts
  </category>
  <size>
   XXL
  </size>
  <color>
   Зеленый
  </color>
  <material>
   Шерсть
  </material>
  <price>
   899003
  </price>
  <rating>
   2.12
  </rating>
  <reviews>
   338184
  </reviews>
  <new>
   -
  </new>
  <exclusive>
   no
  </exclusive>
 </clothing>
 <clothing>
  <id>
   509424001
  </id>
  <name>
   Nike Jeans P-6211
  </name>
  <category>
   Jeans
  </category>
  <size>
   S
  </size>
  <color>
   Желтый
  </color>
  <material>
   Кожа
  </material>
  <price>
   373452
  </price>
  <rating>
   1.36
  </rating>
  <reviews>
   23914
  </reviews>
  <new>
   +
  </new>
  <exclusive>
   yes
  </exclusive>
 </clothing>
 <clothing>
  <id>
   194504857
  </id>
  <name>
   Converse Pants H-6626
  </name>
  <category>
   Pants
  </category>
  <size>
   XL
  </size>
  <color>
   Фиолетовый
  </color>
  <material>
   Полиэстер
  </material>
  <price>
   520241
  </price>
  <rating>
   1.73
  </rating>
  <reviews>
   479504
  </reviews>
  <new>
   -
  </new>
  <exclusive>
   yes
  </exclusive>
 </clothing>
 <clothing>
  <id>
   323199770
  </id>
  <name>
   Nike Gloves W-5595
  </name>
  <category>
   Gloves
  </category>
  <size>
   M
  </size>
  <color>
   Красный
  </color>
  <material>
   Полиэстер
  </material>
  <price>
   137514
  </price>
  <rating>
   3.6
  </rating>
  <reviews>
   635375
  </reviews>
  <exclusive>
   yes
  </exclusive>
 </clothing>
 <clothing>
  <id>
   227501986
  </id>
  <name>
   Asics Jeans E-4203
  </name>
  <category>
   Jeans
  </category>
  <size>
   XL
  </size>
  <color>
   Красный
  </color>
  <material>
   Нейлон
  </material>
  <price>
   969512
  </price>
  <rating>
   1.28
  </rating>
  <reviews>
   955069
  </reviews>
  <sporty>
   no
  </sporty>
 </clothing>
 <clothing>
  <id>
   156606336
  </id>
  <name>
   Converse Sweater Y-5198
  </name>
  <category>
   Sweater
  </category>
  <size>
   XXL
  </size>
  <color>
   Голубой
  </color>
  <material>
   Лен
  </material>
  <price>
   666494
  </price>
  <rating>
   1.11
  </rating>
  <reviews>
   538474
  </reviews>
  <new>
   -
  </new>
  <sporty>
   no
  </sporty>
 </clothing>
 <clothing>
  <id>
   535652098
  </id>
  <name>
   Asics Shirt I-8718
  </name>
  <category>
   Shirt
  </category>
  <size>
   M
  </size>
  <color>
   Зеленый
  </color>
  <material>
   Полиэстер
  </material>
  <price>
   353481
  </price>
  <rating>
   1.45
  </rating>
  <reviews>
   618834
  </reviews>
  <sporty>
   yes
  </sporty>
 </clothing>
 <clothing>
  <id>
   177308443
  </id>
  <name>
   Fila Handbags K-5734
  </name>
  <category>
   Handbags
  </category>
  <size>
   XL
  </size>
  <color>
   Голубой
  </color>
  <material>
   Полиэстер
  </material>
  <price>
   609248
  </price>
  <rating>
   2.13
  </rating>
  <reviews>
   177797
  </reviews>
  <new>
   +
  </new>
  <exclusive>
   no
  </exclusive>
  <sporty>
   yes
  </sporty>
 </clothing>
 <clothing>
  <id>
   200639375
  </id>
  <name>
   PleinSport T-shirt L-2594
  </name>
  <category>
   T-shirt
  </category>
  <size>
   L
  </size>
  <color>
   Голубой
  </color>
  <material>
   Вискоза
  </material>
  <price>
   979719
  </price>
  <rating>
   4.69
  </rating>
  <reviews>
   974132
  </reviews>
  <new>
   -
  </new>
  <exclusive>
   no
  </exclusive>
  <sporty>
   yes
  </sporty>
 </clothing>
 <clothing>
  <id>
   416731936
  </id>
  <name>
   DC Jacket N-9975
  </name>
  <category>
   Jacket
  </category>
  <size>
   L
  </size>
  <color>
   Зеленый
  </color>
  <material>
   Вискоза
  </material>
  <price>
   726795
  </price>
  <rating>
   1.77
  </rating>
  <reviews>
   666095
  </reviews>
  <new>
   -
  </new>
  <sporty>
   no
  </sporty>
 </clothing>
 <clothing>
  <id>
   137689240
  </id>
  <name>
   Adidas Jeans O-1293
  </name>
  <category>
   Jeans
  </category>
  <size>
   XXL
  </size>
  <color>
   Синий
  </color>
  <material>
   Полиэстер
  </material>
  <price>
   173808
  </price>
  <rating>
   1.14
  </rating>
  <reviews>
   495653
  </reviews>
  <new>
   +
  </new>
  <exclusive>
   no
  </exclusive>
 </clothing>
 <clothing>
  <id>
   612720091
  </id>
  <name>
   Lacoste Jacket Y-7477
  </name>
  <category>
   Jacket
  </category>
  <size>
   L
  </size>
  <color>
   Оранжевый
  </color>
  <material>
   Шерсть
  </material>
  <price>
   540099
  </price>
  <rating>
   2.05
  </rating>
  <reviews>
   538721
  </reviews>
  <exclusive>
   no
  </exclusive>
  <sporty>
   yes
  </sporty>
 </clothing>
 <clothing>
  <id>
   587484189
  </id>
  <name>
   Under Armour Hat M-6563
  </name>
  <category>
   Hat
  </category>
  <size>
   XL
  </size>
  <color>
   Синий
  </color>
  <material>
   Лен
  </material>
  <price>
   577910
  </price>
  <rating>
   4.39
  </rating>
  <reviews>
   637807
  </reviews>
  <exclusive>
   yes
  </exclusive>
 </clothing>
 <clothing>
  <id>
   503745969
  </id>
  <name>
   Vans Pants M-5457
  </name>
  <category>
   Pants
  </category>
  <size>
   M
  </size>
  <color>
   Красный
  </color>
  <material>
   Кожа
  </material>
  <price>
   499234
  </price>
  <rating>
   4.43
  </rating>
  <reviews>
   466712
  </reviews>
  <new>
   -
  </new>
  <exclusive>
   no
  </exclusive>
 </clothing>
 <clothing>
  <id>
   364166404
  </id>
  <name>
   Reebok Handbags V-7176
  </name>
  <category>
   Handbags
  </category>
  <size>
   S
  </size>
  <color>
   Голубой
  </color>
  <material>
   Хлопок
  </material>
  <price>
   959113
  </price>
  <rating>
   4.97
  </rating>
  <reviews>
   462236
  </reviews>
  <new>
   -
  </new>
  <sporty>
   no
  </sporty>
 </clothing>
 <clothing>
  <id>
   553044057
  </id>
  <name>
   Nike Umbrellas S-4361
  </name>
  <category>
   Umbrellas
  </category>
  <size>
   XXL
  </size>
  <color>
   Желтый
  </color>
  <material>
   Шерсть
  </material>
  <price>
   391654
  </price>
  <rating>
   1.4
  </rating>
  <reviews>
   258459
  </reviews>
  <new>
   +
  </new>
  <sporty>
   no
  </sporty>
 </clothing>
</clothing-items>
