<?xml version="1.0" encoding="utf-8"?>
<clothing-items>
 <clothing>
  <id>
   434654999
  </id>
  <name>
   Under Armour Socks M-8152
  </name>
  <category>
   Socks
  </category>
  <size>
   XL
  </size>
  <color>
   Голубой
  </color>
  <material>
   Нейлон
  </material>
  <price>
   489388
  </price>
  <rating>
   2.38
  </rating>
  <reviews>
   850294
  </reviews>
  <new>
   +
  </new>
  <exclusive>
   yes
  </exclusive>
  <sporty>
   yes
  </sporty>
 </clothing>
 <clothing>
  <id>
   373752749
  </id>
  <name>
   Adidas Umbrellas M-1656
  </name>
  <category>
   Umbrellas
  </category>
  <size>
   XL
  </size>
  <color>
   Синий
  </color>
  <material>
   Нейлон
  </material>
  <price>
   447772
  </price>
  <rating>
   1.09
  </rating>
  <reviews>
   84900
  </reviews>
  <exclusive>
   no
  </exclusive>
 </clothing>
 <clothing>
  <id>
   638083143
  </id>
  <name>
   Under Armour Belts N-5155
  </name>
  <category>
   Belts
  </category>
  <size>
   S
  </size>
  <color>
   Желтый
  </color>
  <material>
   Лен
  </material>
  <price>
   653105
  </price>
  <rating>
   1.88
  </rating>
  <reviews>
   767381
  </reviews>
  <new>
   +
  </new>
  <sporty>
   no
  </sporty>
 </clothing>
 <clothing>
  <id>
   559487140
  </id>
  <name>
   Converse Socks Z-2689
  </name>
  <category>
   Socks
  </category>
  <size>
   M
  </size>
  <color>
   Фиолетовый
  </color>
  <material>
   Вискоза
  </material>
  <price>
   290178
  </price>
  <rating>
   2.32
  </rating>
  <reviews>
   41004
  </reviews>
  <new>
   -
  </new>
  <sporty>
   no
  </sporty>
 </clothing>
 <clothing>
  <id>
   105085647
  </id>
  <name>
   Under Armour Jacket C-8929
  </name>
  <category>
   Jacket
  </category>
  <size>
   L
  </size>
  <color>
   Оранжевый
  </color>
  <material>
   Шелк
  </material>
  <price>
   899073
  </price>
  <rating>
   4.7
  </rating>
  <reviews>
   19320
  </reviews>
  <new>
   +
  </new>
  <exclusive>
   yes
  </exclusive>
  <sporty>
   no
  </sporty>
 </clothing>
 <clothing>
  <id>
   654770066
  </id>
  <name>
   Addidas Jacket M-7552
  </name>
  <category>
   Jacket
  </category>
  <size>
   XXL
  </size>
  <color>
   Желтый
  </color>
  <material>
   Вискоза
  </material>
  <price>
   812032
  </price>
  <rating>
   1.9
  </rating>
  <reviews>
   857815
  </reviews>
  <sporty>
   no
  </sporty>
 </clothing>
 <clothing>
  <id>
   693138836
  </id>
  <name>
   Reebok Socks Z-7592
  </name>
  <category>
   Socks
  </category>
  <size>
   L
  </size>
  <color>
   Красный
  </color>
  <material>
   Полиэстер
  </material>
  <price>
   352186
  </price>
  <rating>
   3.9
  </rating>
  <reviews>
   395416
  </reviews>
  <new>
   +
  </new>
  <exclusive>
   no
  </exclusive>
  <sporty>
   no
  </sporty>
 </clothing>
 <clothing>
  <id>
   992425373
  </id>
  <name>
   Under Armour Pants U-2587
  </name>
  <category>
   Pants
  </category>
  <size>
   XXL
  </size>
  <color>
   Синий
  </color>
  <material>
   Кожа
  </material>
  <price>
   160756
  </price>
  <rating>
   1.65
  </rating>
  <reviews>
   494041
  </reviews>
  <exclusive>
   no
  </exclusive>
  <sporty>
   yes
  </sporty>
 </clothing>
 <clothing>
  <id>
   808623549
  </id>
  <name>
   Adidas Hat V-7256
  </name>
  <category>
   Hat
  </category>
  <size>
   S
  </size>
  <color>
   Фиолетовый
  </color>
  <material>
   Лен
  </material>
  <price>
   238857
  </price>
  <rating>
   3.47
  </rating>
  <reviews>
   913009
  </reviews>
  <new>
   -
  </new>
  <exclusive>
   yes
  </exclusive>
 </clothing>
 <clothing>
  <id>
   679448111
  </id>
  <name>
   New Balance Blouse P-9743
  </name>
  <category>
   Blouse
  </category>
  <size>
   L
  </size>
  <color>
   Красный
  </color>
  <material>
   Нейлон
  </material>
  <price>
   387643
  </price>
  <rating>
   3.76
  </rating>
  <reviews>
   104818
  </reviews>
  <exclusive>
   no
  </exclusive>
 </clothing>
 <clothing>
  <id>
   118434808
  </id>
  <name>
   Converse Pants Q-7355
  </name>
  <category>
   Pants
  </category>
  <size>
   L
  </size>
  <color>
   Красный
  </color>
  <material>
   Полиэстер
  </material>
  <price>
   518357
  </price>
  <rating>
   1.4
  </rating>
  <reviews>
   67866
  </reviews>
  <new>
   -
  </new>
  <exclusive>
   yes
  </exclusive>
 </clothing>
 <clothing>
  <id>
   710237983
  </id>
  <name>
   Reebok Skirt Q-5483
  </name>
  <category>
   Skirt
  </category>
  <size>
   L
  </size>
  <color>
   Голубой
  </color>
  <material>
   Вискоза
  </material>
  <price>
   324794
  </price>
  <rating>
   1.79
  </rating>
  <reviews>
   672349
  </reviews>
  <new>
   -
  </new>
  <exclusive>
   yes
  </exclusive>
  <sporty>
   no
  </sporty>
 </clothing>
</clothing-items>
