<?xml version="1.0" encoding="utf-8"?>
<clothing-items>
 <clothing>
  <id>
   374389903
  </id>
  <name>
   Addidas Jeans L-1020
  </name>
  <category>
   Jeans
  </category>
  <size>
   M
  </size>
  <color>
   Желтый
  </color>
  <material>
   Вискоза
  </material>
  <price>
   317545
  </price>
  <rating>
   2.75
  </rating>
  <reviews>
   678962
  </reviews>
  <new>
   -
  </new>
  <exclusive>
   yes
  </exclusive>
 </clothing>
 <clothing>
  <id>
   383619007
  </id>
  <name>
   New Balance Dress S-8736
  </name>
  <category>
   Dress
  </category>
  <size>
   L
  </size>
  <color>
   Фиолетовый
  </color>
  <material>
   Шелк
  </material>
  <price>
   754890
  </price>
  <rating>
   3.47
  </rating>
  <reviews>
   431334
  </reviews>
  <new>
   +
  </new>
  <sporty>
   no
  </sporty>
 </clothing>
 <clothing>
  <id>
   108338114
  </id>
  <name>
   Reebok Blouse J-5648
  </name>
  <category>
   Blouse
  </category>
  <size>
   M
  </size>
  <color>
   Красный
  </color>
  <material>
   Полиэстер
  </material>
  <price>
   257087
  </price>
  <rating>
   4.38
  </rating>
  <reviews>
   116830
  </reviews>
  <exclusive>
   no
  </exclusive>
  <sporty>
   yes
  </sporty>
 </clothing>
 <clothing>
  <id>
   465123833
  </id>
  <name>
   Ellesse Hat C-5249
  </name>
  <category>
   Hat
  </category>
  <size>
   XL
  </size>
  <color>
   Фиолетовый
  </color>
  <material>
   Полиэстер
  </material>
  <price>
   700337
  </price>
  <rating>
   4.02
  </rating>
  <reviews>
   343368
  </reviews>
  <new>
   -
  </new>
  <exclusive>
   no
  </exclusive>
 </clothing>
 <clothing>
  <id>
   137609735
  </id>
  <name>
   Nike Jeans K-7741
  </name>
  <category>
   Jeans
  </category>
  <size>
   XL
  </size>
  <color>
   Красный
  </color>
  <material>
   Кожа
  </material>
  <price>
   992604
  </price>
  <rating>
   1.66
  </rating>
  <reviews>
   432196
  </reviews>
  <exclusive>
   yes
  </exclusive>
  <sporty>
   no
  </sporty>
 </clothing>
 <clothing>
  <id>
   532617181
  </id>
  <name>
   New Balance Belts T-7194
  </name>
  <category>
   Belts
  </category>
  <size>
   M
  </size>
  <color>
   Синий
  </color>
  <material>
   Кожа
  </material>
  <price>
   949513
  </price>
  <rating>
   1.83
  </rating>
  <reviews>
   528134
  </reviews>
  <exclusive>
   yes
  </exclusive>
 </clothing>
 <clothing>
  <id>
   108219841
  </id>
  <name>
   DC Shoes X-6645
  </name>
  <category>
   Shoes
  </category>
  <size>
   XXL
  </size>
  <color>
   Оранжевый
  </color>
  <material>
   Шерсть
  </material>
  <price>
   165306
  </price>
  <rating>
   4.68
  </rating>
  <reviews>
   483230
  </reviews>
  <new>
   +
  </new>
  <exclusive>
   no
  </exclusive>
  <sporty>
   no
  </sporty>
 </clothing>
 <clothing>
  <id>
   394007421
  </id>
  <name>
   Asics Belts K-2323
  </name>
  <category>
   Belts
  </category>
  <size>
   M
  </size>
  <color>
   Фиолетовый
  </color>
  <material>
   Нейлон
  </material>
  <price>
   622519
  </price>
  <rating>
   2.71
  </rating>
  <reviews>
   622026
  </reviews>
  <new>
   -
  </new>
  <exclusive>
   yes
  </exclusive>
  <sporty>
   no
  </sporty>
 </clothing>
 <clothing>
  <id>
   306901808
  </id>
  <name>
   Ellesse Shoes I-8887
  </name>
  <category>
   Shoes
  </category>
  <size>
   XXL
  </size>
  <color>
   Желтый
  </color>
  <material>
   Кожа
  </material>
  <price>
   452491
  </price>
  <rating>
   4.31
  </rating>
  <reviews>
   57561
  </reviews>
  <new>
   +
  </new>
  <exclusive>
   no
  </exclusive>
  <sporty>
   no
  </sporty>
 </clothing>
 <clothing>
  <id>
   579356048
  </id>
  <name>
   Vans Hat Q-8368
  </name>
  <category>
   Hat
  </category>
  <size>
   XL
  </size>
  <color>
   Красный
  </color>
  <material>
   Кожа
  </material>
  <price>
   246876
  </price>
  <rating>
   1.32
  </rating>
  <reviews>
   347857
  </reviews>
  <new>
   -
  </new>
  <sporty>
   yes
  </sporty>
 </clothing>
 <clothing>
  <id>
   378587780
  </id>
  <name>
   PleinSport Jacket Z-5516
  </name>
  <category>
   Jacket
  </category>
  <size>
   XXL
  </size>
  <color>
   Красный
  </color>
  <material>
   Полиэстер
  </material>
  <price>
   964375
  </price>
  <rating>
   2.56
  </rating>
  <reviews>
   956279
  </reviews>
  <exclusive>
   no
  </exclusive>
  <sporty>
   no
  </sporty>
 </clothing>
 <clothing>
  <id>
   119966430
  </id>
  <name>
   Ellesse Shoes M-3308
  </name>
  <category>
   Shoes
  </category>
  <size>
   XL
  </size>
  <color>
   Фиолетовый
  </color>
  <material>
   Кожа
  </material>
  <price>
   426352
  </price>
  <rating>
   4.48
  </rating>
  <reviews>
   219374
  </reviews>
  <new>
   -
  </new>
  <exclusive>
   no
  </exclusive>
  <sporty>
   no
  </sporty>
 </clothing>
 <clothing>
  <id>
   495758616
  </id>
  <name>
   Lacoste Blouse Y-3599
  </name>
  <category>
   Blouse
  </category>
  <size>
   M
  </size>
  <color>
   Красный
  </color>
  <material>
   Полиэстер
  </material>
  <price>
   470563
  </price>
  <rating>
   2.39
  </rating>
  <reviews>
   527449
  </reviews>
  <exclusive>
   no
  </exclusive>
  <sporty>
   yes
  </sporty>
 </clothing>
 <clothing>
  <id>
   698683545
  </id>
  <name>
   Brooks Handbags B-8029
  </name>
  <category>
   Handbags
  </category>
  <size>
   XL
  </size>
  <color>
   Синий
  </color>
  <material>
   Шерсть
  </material>
  <price>
   874191
  </price>
  <rating>
   2.04
  </rating>
  <reviews>
   922312
  </reviews>
  <exclusive>
   yes
  </exclusive>
  <sporty>
   no
  </sporty>
 </clothing>
 <clothing>
  <id>
   350702992
  </id>
  <name>
   Addidas Jacket H-7445
  </name>
  <category>
   Jacket
  </category>
  <size>
   S
  </size>
  <color>
   Красный
  </color>
  <material>
   Шерсть
  </material>
  <price>
   310153
  </price>
  <rating>
   2.9
  </rating>
  <reviews>
   104979
  </reviews>
  <exclusive>
   no
  </exclusive>
  <sporty>
   yes
  </sporty>
 </clothing>
 <clothing>
  <id>
   462966999
  </id>
  <name>
   Puma Belts U-5148
  </name>
  <category>
   Belts
  </category>
  <size>
   XXL
  </size>
  <color>
   Фиолетовый
  </color>
  <material>
   Шерсть
  </material>
  <price>
   914480
  </price>
  <rating>
   1.01
  </rating>
  <reviews>
   111359
  </reviews>
  <new>
   -
  </new>
 </clothing>
 <clothing>
  <id>
   648979166
  </id>
  <name>
   New Balance Jeans H-8738
  </name>
  <category>
   Jeans
  </category>
  <size>
   L
  </size>
  <color>
   Оранжевый
  </color>
  <material>
   Хлопок
  </material>
  <price>
   785007
  </price>
  <rating>
   4.68
  </rating>
  <reviews>
   746833
  </reviews>
  <exclusive>
   no
  </exclusive>
  <sporty>
   yes
  </sporty>
 </clothing>
 <clothing>
  <id>
   198511887
  </id>
  <name>
   Asics Pants J-4978
  </name>
  <category>
   Pants
  </category>
  <size>
   XXL
  </size>
  <color>
   Красный
  </color>
  <material>
   Кожа
  </material>
  <price>
   500888
  </price>
  <rating>
   3.94
  </rating>
  <reviews>
   394235
  </reviews>
  <new>
   -
  </new>
  <exclusive>
   no
  </exclusive>
  <sporty>
   yes
  </sporty>
 </clothing>
 <clothing>
  <id>
   763471851
  </id>
  <name>
   Adidas Shirt K-9393
  </name>
  <category>
   Shirt
  </category>
  <size>
   L
  </size>
  <color>
   Красный
  </color>
  <material>
   Хлопок
  </material>
  <price>
   905325
  </price>
  <rating>
   4.16
  </rating>
  <reviews>
   580410
  </reviews>
  <new>
   -
  </new>
 </clothing>
 <clothing>
  <id>
   854251675
  </id>
  <name>
   Asics Gloves R-3670
  </name>
  <category>
   Gloves
  </category>
  <size>
   S
  </size>
  <color>
   Синий
  </color>
  <material>
   Лен
  </material>
  <price>
   651244
  </price>
  <rating>
   4.61
  </rating>
  <reviews>
   988021
  </reviews>
  <exclusive>
   yes
  </exclusive>
  <sporty>
   yes
  </sporty>
 </clothing>
 <clothing>
  <id>
   380832647
  </id>
  <name>
   Vans T-shirt V-4566
  </name>
  <category>
   T-shirt
  </category>
  <size>
   S
  </size>
  <color>
   Зеленый
  </color>
  <material>
   Вискоза
  </material>
  <price>
   790471
  </price>
  <rating>
   3.33
  </rating>
  <reviews>
   30679
  </reviews>
  <new>
   -
  </new>
  <exclusive>
   no
  </exclusive>
  <sporty>
   no
  </sporty>
 </clothing>
 <clothing>
  <id>
   627132565
  </id>
  <name>
   Converse Socks U-7790
  </name>
  <category>
   Socks
  </category>
  <size>
   S
  </size>
  <color>
   Голубой
  </color>
  <material>
   Вискоза
  </material>
  <price>
   457500
  </price>
  <rating>
   1.49
  </rating>
  <reviews>
   668401
  </reviews>
  <new>
   -
  </new>
  <sporty>
   no
  </sporty>
 </clothing>
 <clothing>
  <id>
   358792479
  </id>
  <name>
   Puma T-shirt Q-9501
  </name>
  <category>
   T-shirt
  </category>
  <size>
   S
  </size>
  <color>
   Красный
  </color>
  <material>
   Шерсть
  </material>
  <price>
   860403
  </price>
  <rating>
   4.2
  </rating>
  <reviews>
   46608
  </reviews>
  <new>
   -
  </new>
  <exclusive>
   yes
  </exclusive>
  <sporty>
   yes
  </sporty>
 </clothing>
 <clothing>
  <id>
   960286941
  </id>
  <name>
   New Balance Shirt C-1085
  </name>
  <category>
   Shirt
  </category>
  <size>
   XL
  </size>
  <color>
   Зеленый
  </color>
  <material>
   Шелк
  </material>
  <price>
   225207
  </price>
  <rating>
   3.24
  </rating>
  <reviews>
   594372
  </reviews>
  <new>
   -
  </new>
  <exclusive>
   no
  </exclusive>
  <sporty>
   yes
  </sporty>
 </clothing>
 <clothing>
  <id>
   753672865
  </id>
  <name>
   Reebok Jacket F-8115
  </name>
  <category>
   Jacket
  </category>
  <size>
   M
  </size>
  <color>
   Зеленый
  </color>
  <material>
   Лен
  </material>
  <price>
   220601
  </price>
  <rating>
   3.4
  </rating>
  <reviews>
   515798
  </reviews>
  <new>
   +
  </new>
 </clothing>
 <clothing>
  <id>
   725494531
  </id>
  <name>
   Adidas Jacket K-5575
  </name>
  <category>
   Jacket
  </category>
  <size>
   XXL
  </size>
  <color>
   Желтый
  </color>
  <material>
   Шерсть
  </material>
  <price>
   589677
  </price>
  <rating>
   3.46
  </rating>
  <reviews>
   303022
  </reviews>
  <new>
   -
  </new>
 </clothing>
 <clothing>
  <id>
   626540795
  </id>
  <name>
   Reebok Jacket X-9928
  </name>
  <category>
   Jacket
  </category>
  <size>
   S
  </size>
  <color>
   Оранжевый
  </color>
  <material>
   Вискоза
  </material>
  <price>
   452601
  </price>
  <rating>
   3.48
  </rating>
  <reviews>
   70009
  </reviews>
  <exclusive>
   no
  </exclusive>
 </clothing>
 <clothing>
  <id>
   891417632
  </id>
  <name>
   Asics Skirt U-4927
  </name>
  <category>
   Skirt
  </category>
  <size>
   L
  </size>
  <color>
   Синий
  </color>
  <material>
   Кожа
  </material>
  <price>
   240656
  </price>
  <rating>
   1.38
  </rating>
  <reviews>
   289573
  </reviews>
  <exclusive>
   no
  </exclusive>
  <sporty>
   no
  </sporty>
 </clothing>
 <clothing>
  <id>
   862101577
  </id>
  <name>
   Adidas Jacket W-8378
  </name>
  <category>
   Jacket
  </category>
  <size>
   S
  </size>
  <color>
   Желтый
  </color>
  <material>
   Кожа
  </material>
  <price>
   344247
  </price>
  <rating>
   2.29
  </rating>
  <reviews>
   610603
  </reviews>
  <new>
   +
  </new>
 </clothing>
 <clothing>
  <id>
   929016965
  </id>
  <name>
   Brooks Blouse N-1889
  </name>
  <category>
   Blouse
  </category>
  <size>
   L
  </size>
  <color>
   Фиолетовый
  </color>
  <material>
   Шелк
  </material>
  <price>
   555091
  </price>
  <rating>
   3.53
  </rating>
  <reviews>
   670916
  </reviews>
 </clothing>
 <clothing>
  <id>
   502398177
  </id>
  <name>
   PleinSport T-shirt N-3372
  </name>
  <category>
   T-shirt
  </category>
  <size>
   XL
  </size>
  <color>
   Зеленый
  </color>
  <material>
   Кожа
  </material>
  <price>
   758124
  </price>
  <rating>
   1.16
  </rating>
  <reviews>
   710130
  </reviews>
  <exclusive>
   no
  </exclusive>
  <sporty>
   yes
  </sporty>
 </clothing>
 <clothing>
  <id>
   143224031
  </id>
  <name>
   Addidas Skirt Z-4597
  </name>
  <category>
   Skirt
  </category>
  <size>
   XL
  </size>
  <color>
   Зеленый
  </color>
  <material>
   Лен
  </material>
  <price>
   571260
  </price>
  <rating>
   2.74
  </rating>
  <reviews>
   322189
  </reviews>
  <exclusive>
   no
  </exclusive>
  <sporty>
   no
  </sporty>
 </clothing>
 <clothing>
  <id>
   609523664
  </id>
  <name>
   Fila Socks D-6857
  </name>
  <category>
   Socks
  </category>
  <size>
   L
  </size>
  <color>
   Голубой
  </color>
  <material>
   Вискоза
  </material>
  <price>
   213761
  </price>
  <rating>
   4.13
  </rating>
  <reviews>
   247644
  </reviews>
  <new>
   -
  </new>
  <exclusive>
   no
  </exclusive>
  <sporty>
   no
  </sporty>
 </clothing>
 <clothing>
  <id>
   338738555
  </id>
  <name>
   Vans Hat L-2326
  </name>
  <category>
   Hat
  </category>
  <size>
   XXL
  </size>
  <color>
   Оранжевый
  </color>
  <material>
   Полиэстер
  </material>
  <price>
   196376
  </price>
  <rating>
   4.77
  </rating>
  <reviews>
   978135
  </reviews>
  <exclusive>
   no
  </exclusive>
 </clothing>
 <clothing>
  <id>
   953975661
  </id>
  <name>
   Puma Shoes I-6810
  </name>
  <category>
   Shoes
  </category>
  <size>
   M
  </size>
  <color>
   Желтый
  </color>
  <material>
   Лен
  </material>
  <price>
   351990
  </price>
  <rating>
   4.06
  </rating>
  <reviews>
   316302
  </reviews>
  <sporty>
   yes
  </sporty>
 </clothing>
 <clothing>
  <id>
   278445325
  </id>
  <name>
   Addidas Jeans J-1395
  </name>
  <category>
   Jeans
  </category>
  <size>
   S
  </size>
  <color>
   Синий
  </color>
  <material>
   Шерсть
  </material>
  <price>
   783351
  </price>
  <rating>
   2.37
  </rating>
  <reviews>
   666135
  </reviews>
  <new>
   -
  </new>
  <exclusive>
   no
  </exclusive>
  <sporty>
   yes
  </sporty>
 </clothing>
 <clothing>
  <id>
   639824728
  </id>
  <name>
   Asics Jeans B-3911
  </name>
  <category>
   Jeans
  </category>
  <size>
   XXL
  </size>
  <color>
   Синий
  </color>
  <material>
   Лен
  </material>
  <price>
   426767
  </price>
  <rating>
   3.32
  </rating>
  <reviews>
   267601
  </reviews>
  <new>
   +
  </new>
 </clothing>
 <clothing>
  <id>
   614330099
  </id>
  <name>
   Lacoste Belts R-6825
  </name>
  <category>
   Belts
  </category>
  <size>
   M
  </size>
  <color>
   Фиолетовый
  </color>
  <material>
   Нейлон
  </material>
  <price>
   222440
  </price>
  <rating>
   3.36
  </rating>
  <reviews>
   775986
  </reviews>
 </clothing>
 <clothing>
  <id>
   374185246
  </id>
  <name>
   Converse Gloves B-2604
  </name>
  <category>
   Gloves
  </category>
  <size>
   XXL
  </size>
  <color>
   Красный
  </color>
  <material>
   Лен
  </material>
  <price>
   469702
  </price>
  <rating>
   1.88
  </rating>
  <reviews>
   914388
  </reviews>
 </clothing>
</clothing-items>
