<?xml version="1.0" encoding="utf-8"?>
<clothing-items>
 <clothing>
  <id>
   120743326
  </id>
  <name>
   Addidas Jacket D-9626
  </name>
  <category>
   Jacket
  </category>
  <size>
   M
  </size>
  <color>
   Синий
  </color>
  <material>
   Шелк
  </material>
  <price>
   363026
  </price>
  <rating>
   4.82
  </rating>
  <reviews>
   586677
  </reviews>
 </clothing>
 <clothing>
  <id>
   166872997
  </id>
  <name>
   PleinSport T-shirt Q-6656
  </name>
  <category>
   T-shirt
  </category>
  <size>
   M
  </size>
  <color>
   Фиолетовый
  </color>
  <material>
   Шелк
  </material>
  <price>
   635825
  </price>
  <rating>
   4.71
  </rating>
  <reviews>
   386783
  </reviews>
  <new>
   -
  </new>
  <exclusive>
   yes
  </exclusive>
 </clothing>
 <clothing>
  <id>
   281697885
  </id>
  <name>
   Converse Gloves E-2637
  </name>
  <category>
   Gloves
  </category>
  <size>
   XL
  </size>
  <color>
   Голубой
  </color>
  <material>
   Нейлон
  </material>
  <price>
   497178
  </price>
  <rating>
   1.53
  </rating>
  <reviews>
   499339
  </reviews>
  <new>
   +
  </new>
 </clothing>
 <clothing>
  <id>
   869454120
  </id>
  <name>
   Lacoste Pants R-2164
  </name>
  <category>
   Pants
  </category>
  <size>
   S
  </size>
  <color>
   Голубой
  </color>
  <material>
   Вискоза
  </material>
  <price>
   885774
  </price>
  <rating>
   3.68
  </rating>
  <reviews>
   737234
  </reviews>
  <exclusive>
   yes
  </exclusive>
  <sporty>
   yes
  </sporty>
 </clothing>
 <clothing>
  <id>
   537394868
  </id>
  <name>
   Asics Socks E-3153
  </name>
  <category>
   Socks
  </category>
  <size>
   M
  </size>
  <color>
   Желтый
  </color>
  <material>
   Хлопок
  </material>
  <price>
   703494
  </price>
  <rating>
   4.38
  </rating>
  <reviews>
   757747
  </reviews>
  <new>
   -
  </new>
  <sporty>
   no
  </sporty>
 </clothing>
 <clothing>
  <id>
   717704846
  </id>
  <name>
   PleinSport Socks T-1949
  </name>
  <category>
   Socks
  </category>
  <size>
   L
  </size>
  <color>
   Красный
  </color>
  <material>
   Вискоза
  </material>
  <price>
   249408
  </price>
  <rating>
   1.52
  </rating>
  <reviews>
   636430
  </reviews>
  <new>
   -
  </new>
  <sporty>
   no
  </sporty>
 </clothing>
 <clothing>
  <id>
   621896003
  </id>
  <name>
   DC Hat N-5098
  </name>
  <category>
   Hat
  </category>
  <size>
   XXL
  </size>
  <color>
   Зеленый
  </color>
  <material>
   Шерсть
  </material>
  <price>
   993595
  </price>
  <rating>
   3.55
  </rating>
  <reviews>
   86234
  </reviews>
  <new>
   +
  </new>
  <exclusive>
   no
  </exclusive>
 </clothing>
 <clothing>
  <id>
   966290192
  </id>
  <name>
   Brooks Jeans A-9235
  </name>
  <category>
   Jeans
  </category>
  <size>
   S
  </size>
  <color>
   Голубой
  </color>
  <material>
   Полиэстер
  </material>
  <price>
   512385
  </price>
  <rating>
   3.77
  </rating>
  <reviews>
   479410
  </reviews>
  <new>
   +
  </new>
  <exclusive>
   no
  </exclusive>
 </clothing>
 <clothing>
  <id>
   957765327
  </id>
  <name>
   Adidas Pants J-1806
  </name>
  <category>
   Pants
  </category>
  <size>
   XL
  </size>
  <color>
   Оранжевый
  </color>
  <material>
   Шелк
  </material>
  <price>
   530488
  </price>
  <rating>
   4.09
  </rating>
  <reviews>
   762917
  </reviews>
  <exclusive>
   no
  </exclusive>
 </clothing>
 <clothing>
  <id>
   943437503
  </id>
  <name>
   Vans Gloves Q-6264
  </name>
  <category>
   Gloves
  </category>
  <size>
   XL
  </size>
  <color>
   Голубой
  </color>
  <material>
   Шерсть
  </material>
  <price>
   439918
  </price>
  <rating>
   3.22
  </rating>
  <reviews>
   318011
  </reviews>
  <sporty>
   no
  </sporty>
 </clothing>
 <clothing>
  <id>
   501466268
  </id>
  <name>
   Puma Shirt N-8509
  </name>
  <category>
   Shirt
  </category>
  <size>
   L
  </size>
  <color>
   Желтый
  </color>
  <material>
   Вискоза
  </material>
  <price>
   862546
  </price>
  <rating>
   2.48
  </rating>
  <reviews>
   95636
  </reviews>
  <exclusive>
   no
  </exclusive>
  <sporty>
   no
  </sporty>
 </clothing>
 <clothing>
  <id>
   313324610
  </id>
  <name>
   Ellesse Skirt N-4602
  </name>
  <category>
   Skirt
  </category>
  <size>
   XXL
  </size>
  <color>
   Желтый
  </color>
  <material>
   Полиэстер
  </material>
  <price>
   249185
  </price>
  <rating>
   3.23
  </rating>
  <reviews>
   105108
  </reviews>
  <new>
   +
  </new>
  <exclusive>
   yes
  </exclusive>
 </clothing>
 <clothing>
  <id>
   316802074
  </id>
  <name>
   Fila Dress B-3987
  </name>
  <category>
   Dress
  </category>
  <size>
   XL
  </size>
  <color>
   Оранжевый
  </color>
  <material>
   Полиэстер
  </material>
  <price>
   808802
  </price>
  <rating>
   4.7
  </rating>
  <reviews>
   839416
  </reviews>
  <new>
   +
  </new>
  <sporty>
   yes
  </sporty>
 </clothing>
 <clothing>
  <id>
   754670875
  </id>
  <name>
   Fila Jacket H-2359
  </name>
  <category>
   Jacket
  </category>
  <size>
   XXL
  </size>
  <color>
   Фиолетовый
  </color>
  <material>
   Полиэстер
  </material>
  <price>
   789509
  </price>
  <rating>
   3.54
  </rating>
  <reviews>
   443009
  </reviews>
  <new>
   -
  </new>
  <exclusive>
   no
  </exclusive>
 </clothing>
 <clothing>
  <id>
   459368986
  </id>
  <name>
   Nike T-shirt I-6137
  </name>
  <category>
   T-shirt
  </category>
  <size>
   XXL
  </size>
  <color>
   Желтый
  </color>
  <material>
   Полиэстер
  </material>
  <price>
   271181
  </price>
  <rating>
   2.15
  </rating>
  <reviews>
   323615
  </reviews>
  <exclusive>
   no
  </exclusive>
 </clothing>
 <clothing>
  <id>
   406888187
  </id>
  <name>
   Reebok Shoes H-1705
  </name>
  <category>
   Shoes
  </category>
  <size>
   M
  </size>
  <color>
   Голубой
  </color>
  <material>
   Вискоза
  </material>
  <price>
   636726
  </price>
  <rating>
   2.54
  </rating>
  <reviews>
   915429
  </reviews>
  <new>
   -
  </new>
  <exclusive>
   yes
  </exclusive>
  <sporty>
   no
  </sporty>
 </clothing>
 <clothing>
  <id>
   477500056
  </id>
  <name>
   Vans Blouse J-6843
  </name>
  <category>
   Blouse
  </category>
  <size>
   XXL
  </size>
  <color>
   Синий
  </color>
  <material>
   Вискоза
  </material>
  <price>
   457214
  </price>
  <rating>
   1.76
  </rating>
  <reviews>
   122183
  </reviews>
  <new>
   +
  </new>
  <exclusive>
   no
  </exclusive>
 </clothing>
 <clothing>
  <id>
   413796041
  </id>
  <name>
   Brooks Socks E-4437
  </name>
  <category>
   Socks
  </category>
  <size>
   S
  </size>
  <color>
   Зеленый
  </color>
  <material>
   Вискоза
  </material>
  <price>
   532336
  </price>
  <rating>
   2.68
  </rating>
  <reviews>
   463346
  </reviews>
  <exclusive>
   no
  </exclusive>
  <sporty>
   no
  </sporty>
 </clothing>
 <clothing>
  <id>
   571748978
  </id>
  <name>
   Asics Handbags V-4844
  </name>
  <category>
   Handbags
  </category>
  <size>
   S
  </size>
  <color>
   Красный
  </color>
  <material>
   Лен
  </material>
  <price>
   658958
  </price>
  <rating>
   4.74
  </rating>
  <reviews>
   602127
  </reviews>
  <new>
   +
  </new>
  <sporty>
   no
  </sporty>
 </clothing>
 <clothing>
  <id>
   375468406
  </id>
  <name>
   Asics Dress S-4793
  </name>
  <category>
   Dress
  </category>
  <size>
   XL
  </size>
  <color>
   Красный
  </color>
  <material>
   Нейлон
  </material>
  <price>
   649138
  </price>
  <rating>
   4.82
  </rating>
  <reviews>
   401287
  </reviews>
  <exclusive>
   no
  </exclusive>
 </clothing>
 <clothing>
  <id>
   422754589
  </id>
  <name>
   DC Jacket H-9664
  </name>
  <category>
   Jacket
  </category>
  <size>
   M
  </size>
  <color>
   Синий
  </color>
  <material>
   Вискоза
  </material>
  <price>
   815373
  </price>
  <rating>
   1.46
  </rating>
  <reviews>
   871498
  </reviews>
  <new>
   -
  </new>
 </clothing>
 <clothing>
  <id>
   951790249
  </id>
  <name>
   Lacoste Jacket X-9286
  </name>
  <category>
   Jacket
  </category>
  <size>
   L
  </size>
  <color>
   Фиолетовый
  </color>
  <material>
   Нейлон
  </material>
  <price>
   440898
  </price>
  <rating>
   2.53
  </rating>
  <reviews>
   822375
  </reviews>
  <new>
   -
  </new>
  <exclusive>
   no
  </exclusive>
 </clothing>
 <clothing>
  <id>
   412331289
  </id>
  <name>
   Lacoste Dress M-4881
  </name>
  <category>
   Dress
  </category>
  <size>
   XXL
  </size>
  <color>
   Фиолетовый
  </color>
  <material>
   Полиэстер
  </material>
  <price>
   868791
  </price>
  <rating>
   1.01
  </rating>
  <reviews>
   784076
  </reviews>
 </clothing>
 <clothing>
  <id>
   741257154
  </id>
  <name>
   Addidas Gloves R-1256
  </name>
  <category>
   Gloves
  </category>
  <size>
   XXL
  </size>
  <color>
   Желтый
  </color>
  <material>
   Кожа
  </material>
  <price>
   232496
  </price>
  <rating>
   3.9
  </rating>
  <reviews>
   69224
  </reviews>
  <new>
   -
  </new>
  <exclusive>
   no
  </exclusive>
  <sporty>
   no
  </sporty>
 </clothing>
 <clothing>
  <id>
   914397962
  </id>
  <name>
   Addidas Jeans V-2115
  </name>
  <category>
   Jeans
  </category>
  <size>
   M
  </size>
  <color>
   Фиолетовый
  </color>
  <material>
   Полиэстер
  </material>
  <price>
   282386
  </price>
  <rating>
   1.41
  </rating>
  <reviews>
   24995
  </reviews>
  <sporty>
   no
  </sporty>
 </clothing>
 <clothing>
  <id>
   368587484
  </id>
  <name>
   Converse Shirt Y-2435
  </name>
  <category>
   Shirt
  </category>
  <size>
   S
  </size>
  <color>
   Красный
  </color>
  <material>
   Вискоза
  </material>
  <price>
   177793
  </price>
  <rating>
   2.37
  </rating>
  <reviews>
   361256
  </reviews>
  <exclusive>
   yes
  </exclusive>
 </clothing>
 <clothing>
  <id>
   316304991
  </id>
  <name>
   Ellesse Dress D-3021
  </name>
  <category>
   Dress
  </category>
  <size>
   XL
  </size>
  <color>
   Желтый
  </color>
  <material>
   Лен
  </material>
  <price>
   626434
  </price>
  <rating>
   2.61
  </rating>
  <reviews>
   911585
  </reviews>
  <new>
   +
  </new>
  <sporty>
   yes
  </sporty>
 </clothing>
 <clothing>
  <id>
   408947162
  </id>
  <name>
   Adidas Dress L-7107
  </name>
  <category>
   Dress
  </category>
  <size>
   M
  </size>
  <color>
   Красный
  </color>
  <material>
   Шелк
  </material>
  <price>
   149598
  </price>
  <rating>
   2.12
  </rating>
  <reviews>
   593727
  </reviews>
  <new>
   -
  </new>
 </clothing>
 <clothing>
  <id>
   993112294
  </id>
  <name>
   Brooks Jeans R-4706
  </name>
  <category>
   Jeans
  </category>
  <size>
   M
  </size>
  <color>
   Фиолетовый
  </color>
  <material>
   Кожа
  </material>
  <price>
   865106
  </price>
  <rating>
   2.67
  </rating>
  <reviews>
   588820
  </reviews>
  <new>
   +
  </new>
  <exclusive>
   yes
  </exclusive>
  <sporty>
   no
  </sporty>
 </clothing>
 <clothing>
  <id>
   990764673
  </id>
  <name>
   Fila Sweater S-9153
  </name>
  <category>
   Sweater
  </category>
  <size>
   S
  </size>
  <color>
   Желтый
  </color>
  <material>
   Вискоза
  </material>
  <price>
   167559
  </price>
  <rating>
   1.18
  </rating>
  <reviews>
   846541
  </reviews>
  <new>
   -
  </new>
  <sporty>
   no
  </sporty>
 </clothing>
 <clothing>
  <id>
   855183118
  </id>
  <name>
   Lacoste Hat L-9816
  </name>
  <category>
   Hat
  </category>
  <size>
   M
  </size>
  <color>
   Красный
  </color>
  <material>
   Вискоза
  </material>
  <price>
   186806
  </price>
  <rating>
   2.87
  </rating>
  <reviews>
   452104
  </reviews>
  <new>
   +
  </new>
  <exclusive>
   yes
  </exclusive>
 </clothing>
 <clothing>
  <id>
   113929968
  </id>
  <name>
   Brooks Hat X-8398
  </name>
  <category>
   Hat
  </category>
  <size>
   M
  </size>
  <color>
   Зеленый
  </color>
  <material>
   Шелк
  </material>
  <price>
   198677
  </price>
  <rating>
   2.56
  </rating>
  <reviews>
   8797
  </reviews>
  <exclusive>
   no
  </exclusive>
  <sporty>
   yes
  </sporty>
 </clothing>
 <clothing>
  <id>
   799223280
  </id>
  <name>
   Reebok Shoes K-3919
  </name>
  <category>
   Shoes
  </category>
  <size>
   XXL
  </size>
  <color>
   Фиолетовый
  </color>
  <material>
   Полиэстер
  </material>
  <price>
   994610
  </price>
  <rating>
   1.98
  </rating>
  <reviews>
   570082
  </reviews>
  <new>
   +
  </new>
  <exclusive>
   yes
  </exclusive>
 </clothing>
 <clothing>
  <id>
   772655477
  </id>
  <name>
   Ellesse Pants G-8849
  </name>
  <category>
   Pants
  </category>
  <size>
   XXL
  </size>
  <color>
   Красный
  </color>
  <material>
   Полиэстер
  </material>
  <price>
   852707
  </price>
  <rating>
   1.24
  </rating>
  <reviews>
   934886
  </reviews>
  <exclusive>
   yes
  </exclusive>
  <sporty>
   no
  </sporty>
 </clothing>
 <clothing>
  <id>
   915345038
  </id>
  <name>
   DC Handbags S-4183
  </name>
  <category>
   Handbags
  </category>
  <size>
   L
  </size>
  <color>
   Голубой
  </color>
  <material>
   Нейлон
  </material>
  <price>
   638385
  </price>
  <rating>
   2.96
  </rating>
  <reviews>
   460697
  </reviews>
  <new>
   +
  </new>
  <exclusive>
   yes
  </exclusive>
 </clothing>
 <clothing>
  <id>
   893199837
  </id>
  <name>
   Ellesse Sweater P-2736
  </name>
  <category>
   Sweater
  </category>
  <size>
   XL
  </size>
  <color>
   Синий
  </color>
  <material>
   Вискоза
  </material>
  <price>
   356760
  </price>
  <rating>
   2.27
  </rating>
  <reviews>
   682550
  </reviews>
  <new>
   -
  </new>
  <exclusive>
   no
  </exclusive>
 </clothing>
 <clothing>
  <id>
   169828677
  </id>
  <name>
   Ellesse Shirt Z-3464
  </name>
  <category>
   Shirt
  </category>
  <size>
   M
  </size>
  <color>
   Зеленый
  </color>
  <material>
   Кожа
  </material>
  <price>
   830775
  </price>
  <rating>
   2.04
  </rating>
  <reviews>
   691354
  </reviews>
  <new>
   -
  </new>
  <exclusive>
   yes
  </exclusive>
 </clothing>
</clothing-items>
