<?xml version="1.0" encoding="utf-8"?>
<clothing-items>
 <clothing>
  <id>
   182464284
  </id>
  <name>
   Asics Pants Z-8798
  </name>
  <category>
   Pants
  </category>
  <size>
   S
  </size>
  <color>
   Синий
  </color>
  <material>
   Хлопок
  </material>
  <price>
   626574
  </price>
  <rating>
   2.1
  </rating>
  <reviews>
   110691
  </reviews>
  <new>
   -
  </new>
  <exclusive>
   no
  </exclusive>
  <sporty>
   no
  </sporty>
 </clothing>
 <clothing>
  <id>
   898539054
  </id>
  <name>
   Fila Dress M-1129
  </name>
  <category>
   Dress
  </category>
  <size>
   XXL
  </size>
  <color>
   Красный
  </color>
  <material>
   Хлопок
  </material>
  <price>
   610490
  </price>
  <rating>
   4.46
  </rating>
  <reviews>
   707883
  </reviews>
  <new>
   +
  </new>
  <exclusive>
   no
  </exclusive>
 </clothing>
 <clothing>
  <id>
   611795858
  </id>
  <name>
   Asics Handbags J-9269
  </name>
  <category>
   Handbags
  </category>
  <size>
   XXL
  </size>
  <color>
   Зеленый
  </color>
  <material>
   Шелк
  </material>
  <price>
   215870
  </price>
  <rating>
   3.03
  </rating>
  <reviews>
   519407
  </reviews>
  <sporty>
   no
  </sporty>
 </clothing>
 <clothing>
  <id>
   486693196
  </id>
  <name>
   Adidas Belts F-8927
  </name>
  <category>
   Belts
  </category>
  <size>
   XXL
  </size>
  <color>
   Фиолетовый
  </color>
  <material>
   Лен
  </material>
  <price>
   951178
  </price>
  <rating>
   2.07
  </rating>
  <reviews>
   96725
  </reviews>
  <exclusive>
   no
  </exclusive>
  <sporty>
   yes
  </sporty>
 </clothing>
 <clothing>
  <id>
   433995097
  </id>
  <name>
   Lacoste Belts F-9919
  </name>
  <category>
   Belts
  </category>
  <size>
   M
  </size>
  <color>
   Оранжевый
  </color>
  <material>
   Шерсть
  </material>
  <price>
   767896
  </price>
  <rating>
   2.74
  </rating>
  <reviews>
   335321
  </reviews>
  <new>
   -
  </new>
  <exclusive>
   no
  </exclusive>
 </clothing>
 <clothing>
  <id>
   812234058
  </id>
  <name>
   Vans Socks G-1202
  </name>
  <category>
   Socks
  </category>
  <size>
   M
  </size>
  <color>
   Оранжевый
  </color>
  <material>
   Лен
  </material>
  <price>
   321358
  </price>
  <rating>
   3.72
  </rating>
  <reviews>
   112535
  </reviews>
  <exclusive>
   yes
  </exclusive>
  <sporty>
   yes
  </sporty>
 </clothing>
 <clothing>
  <id>
   805917654
  </id>
  <name>
   Ellesse T-shirt S-3695
  </name>
  <category>
   T-shirt
  </category>
  <size>
   XXL
  </size>
  <color>
   Оранжевый
  </color>
  <material>
   Нейлон
  </material>
  <price>
   648393
  </price>
  <rating>
   4.3
  </rating>
  <reviews>
   644553
  </reviews>
  <exclusive>
   no
  </exclusive>
  <sporty>
   no
  </sporty>
 </clothing>
 <clothing>
  <id>
   262133294
  </id>
  <name>
   Nike Shirt O-5634
  </name>
  <category>
   Shirt
  </category>
  <size>
   M
  </size>
  <color>
   Оранжевый
  </color>
  <material>
   Шелк
  </material>
  <price>
   465126
  </price>
  <rating>
   2.2
  </rating>
  <reviews>
   830086
  </reviews>
  <new>
   -
  </new>
  <exclusive>
   no
  </exclusive>
  <sporty>
   yes
  </sporty>
 </clothing>
 <clothing>
  <id>
   606427798
  </id>
  <name>
   Fila Pants E-7748
  </name>
  <category>
   Pants
  </category>
  <size>
   L
  </size>
  <color>
   Желтый
  </color>
  <material>
   Вискоза
  </material>
  <price>
   150915
  </price>
  <rating>
   1.25
  </rating>
  <reviews>
   376448
  </reviews>
  <new>
   -
  </new>
  <exclusive>
   yes
  </exclusive>
 </clothing>
 <clothing>
  <id>
   440401086
  </id>
  <name>
   DC Hat E-9861
  </name>
  <category>
   Hat
  </category>
  <size>
   S
  </size>
  <color>
   Голубой
  </color>
  <material>
   Кожа
  </material>
  <price>
   204353
  </price>
  <rating>
   2.36
  </rating>
  <reviews>
   57036
  </reviews>
  <new>
   -
  </new>
 </clothing>
 <clothing>
  <id>
   625662560
  </id>
  <name>
   Brooks Shoes R-4235
  </name>
  <category>
   Shoes
  </category>
  <size>
   S
  </size>
  <color>
   Фиолетовый
  </color>
  <material>
   Нейлон
  </material>
  <price>
   932741
  </price>
  <rating>
   2.08
  </rating>
  <reviews>
   330200
  </reviews>
  <new>
   +
  </new>
  <sporty>
   yes
  </sporty>
 </clothing>
 <clothing>
  <id>
   620379832
  </id>
  <name>
   PleinSport Shoes J-4709
  </name>
  <category>
   Shoes
  </category>
  <size>
   S
  </size>
  <color>
   Фиолетовый
  </color>
  <material>
   Шерсть
  </material>
  <price>
   305759
  </price>
  <rating>
   3.72
  </rating>
  <reviews>
   26257
  </reviews>
  <exclusive>
   no
  </exclusive>
  <sporty>
   no
  </sporty>
 </clothing>
 <clothing>
  <id>
   728681671
  </id>
  <name>
   Adidas Sweater L-3630
  </name>
  <category>
   Sweater
  </category>
  <size>
   M
  </size>
  <color>
   Желтый
  </color>
  <material>
   Шерсть
  </material>
  <price>
   241302
  </price>
  <rating>
   2.17
  </rating>
  <reviews>
   257247
  </reviews>
  <new>
   -
  </new>
  <exclusive>
   yes
  </exclusive>
 </clothing>
 <clothing>
  <id>
   796007587
  </id>
  <name>
   Asics Pants I-4722
  </name>
  <category>
   Pants
  </category>
  <size>
   XXL
  </size>
  <color>
   Синий
  </color>
  <material>
   Вискоза
  </material>
  <price>
   468552
  </price>
  <rating>
   1.57
  </rating>
  <reviews>
   43844
  </reviews>
  <exclusive>
   no
  </exclusive>
 </clothing>
 <clothing>
  <id>
   648815263
  </id>
  <name>
   Reebok Hat I-1312
  </name>
  <category>
   Hat
  </category>
  <size>
   XXL
  </size>
  <color>
   Желтый
  </color>
  <material>
   Полиэстер
  </material>
  <price>
   654329
  </price>
  <rating>
   2.5
  </rating>
  <reviews>
   427266
  </reviews>
  <exclusive>
   no
  </exclusive>
 </clothing>
 <clothing>
  <id>
   692117922
  </id>
  <name>
   Lacoste Blouse O-7166
  </name>
  <category>
   Blouse
  </category>
  <size>
   XL
  </size>
  <color>
   Оранжевый
  </color>
  <material>
   Вискоза
  </material>
  <price>
   226986
  </price>
  <rating>
   2.31
  </rating>
  <reviews>
   662205
  </reviews>
 </clothing>
 <clothing>
  <id>
   110371558
  </id>
  <name>
   Converse Blouse W-7295
  </name>
  <category>
   Blouse
  </category>
  <size>
   S
  </size>
  <color>
   Синий
  </color>
  <material>
   Шерсть
  </material>
  <price>
   583906
  </price>
  <rating>
   1.3
  </rating>
  <reviews>
   725123
  </reviews>
  <exclusive>
   no
  </exclusive>
  <sporty>
   yes
  </sporty>
 </clothing>
 <clothing>
  <id>
   413680153
  </id>
  <name>
   Fila Gloves G-1655
  </name>
  <category>
   Gloves
  </category>
  <size>
   L
  </size>
  <color>
   Оранжевый
  </color>
  <material>
   Полиэстер
  </material>
  <price>
   670995
  </price>
  <rating>
   3.44
  </rating>
  <reviews>
   78860
  </reviews>
  <new>
   +
  </new>
  <exclusive>
   yes
  </exclusive>
 </clothing>
 <clothing>
  <id>
   287053647
  </id>
  <name>
   Nike Belts J-6305
  </name>
  <category>
   Belts
  </category>
  <size>
   M
  </size>
  <color>
   Желтый
  </color>
  <material>
   Лен
  </material>
  <price>
   873045
  </price>
  <rating>
   2.32
  </rating>
  <reviews>
   889030
  </reviews>
  <new>
   +
  </new>
 </clothing>
 <clothing>
  <id>
   956892802
  </id>
  <name>
   Brooks Dress T-1952
  </name>
  <category>
   Dress
  </category>
  <size>
   XL
  </size>
  <color>
   Желтый
  </color>
  <material>
   Нейлон
  </material>
  <price>
   880053
  </price>
  <rating>
   4.34
  </rating>
  <reviews>
   742392
  </reviews>
  <new>
   -
  </new>
  <sporty>
   no
  </sporty>
 </clothing>
 <clothing>
  <id>
   257240384
  </id>
  <name>
   Under Armour Jeans O-7722
  </name>
  <category>
   Jeans
  </category>
  <size>
   S
  </size>
  <color>
   Оранжевый
  </color>
  <material>
   Хлопок
  </material>
  <price>
   754389
  </price>
  <rating>
   3.77
  </rating>
  <reviews>
   256825
  </reviews>
  <new>
   -
  </new>
  <exclusive>
   yes
  </exclusive>
  <sporty>
   yes
  </sporty>
 </clothing>
 <clothing>
  <id>
   642231774
  </id>
  <name>
   Converse Jeans Y-2658
  </name>
  <category>
   Jeans
  </category>
  <size>
   S
  </size>
  <color>
   Фиолетовый
  </color>
  <material>
   Нейлон
  </material>
  <price>
   671267
  </price>
  <rating>
   2.6
  </rating>
  <reviews>
   729673
  </reviews>
  <new>
   -
  </new>
  <exclusive>
   no
  </exclusive>
  <sporty>
   yes
  </sporty>
 </clothing>
 <clothing>
  <id>
   191851428
  </id>
  <name>
   Vans Sweater U-3071
  </name>
  <category>
   Sweater
  </category>
  <size>
   M
  </size>
  <color>
   Синий
  </color>
  <material>
   Шелк
  </material>
  <price>
   911901
  </price>
  <rating>
   3.39
  </rating>
  <reviews>
   576648
  </reviews>
  <exclusive>
   yes
  </exclusive>
 </clothing>
 <clothing>
  <id>
   152153453
  </id>
  <name>
   DC Jeans N-3049
  </name>
  <category>
   Jeans
  </category>
  <size>
   XL
  </size>
  <color>
   Зеленый
  </color>
  <material>
   Нейлон
  </material>
  <price>
   468096
  </price>
  <rating>
   4.38
  </rating>
  <reviews>
   96804
  </reviews>
  <new>
   -
  </new>
  <exclusive>
   yes
  </exclusive>
 </clothing>
 <clothing>
  <id>
   444368041
  </id>
  <name>
   Converse Shirt R-9446
  </name>
  <category>
   Shirt
  </category>
  <size>
   S
  </size>
  <color>
   Красный
  </color>
  <material>
   Хлопок
  </material>
  <price>
   766736
  </price>
  <rating>
   1.91
  </rating>
  <reviews>
   463439
  </reviews>
  <new>
   +
  </new>
  <exclusive>
   yes
  </exclusive>
  <sporty>
   no
  </sporty>
 </clothing>
 <clothing>
  <id>
   429996117
  </id>
  <name>
   Lacoste Shirt Y-2832
  </name>
  <category>
   Shirt
  </category>
  <size>
   XL
  </size>
  <color>
   Красный
  </color>
  <material>
   Нейлон
  </material>
  <price>
   288387
  </price>
  <rating>
   1.83
  </rating>
  <reviews>
   992340
  </reviews>
  <exclusive>
   yes
  </exclusive>
 </clothing>
 <clothing>
  <id>
   570361880
  </id>
  <name>
   Brooks Sweater N-8455
  </name>
  <category>
   Sweater
  </category>
  <size>
   XL
  </size>
  <color>
   Желтый
  </color>
  <material>
   Полиэстер
  </material>
  <price>
   955434
  </price>
  <rating>
   2.4
  </rating>
  <reviews>
   6813
  </reviews>
  <new>
   -
  </new>
 </clothing>
 <clothing>
  <id>
   207712011
  </id>
  <name>
   Nike Socks H-6187
  </name>
  <category>
   Socks
  </category>
  <size>
   M
  </size>
  <color>
   Желтый
  </color>
  <material>
   Шерсть
  </material>
  <price>
   311626
  </price>
  <rating>
   1.05
  </rating>
  <reviews>
   999521
  </reviews>
  <new>
   -
  </new>
  <exclusive>
   no
  </exclusive>
  <sporty>
   no
  </sporty>
 </clothing>
 <clothing>
  <id>
   819148464
  </id>
  <name>
   Lacoste Jacket K-1987
  </name>
  <category>
   Jacket
  </category>
  <size>
   XXL
  </size>
  <color>
   Желтый
  </color>
  <material>
   Хлопок
  </material>
  <price>
   968364
  </price>
  <rating>
   1.08
  </rating>
  <reviews>
   88218
  </reviews>
  <new>
   -
  </new>
  <exclusive>
   no
  </exclusive>
 </clothing>
</clothing-items>
