<?xml version="1.0" encoding="utf-8"?>
<clothing-items>
 <clothing>
  <id>
   960352067
  </id>
  <name>
   Converse T-shirt H-4141
  </name>
  <category>
   T-shirt
  </category>
  <size>
   M
  </size>
  <color>
   Оранжевый
  </color>
  <material>
   Лен
  </material>
  <price>
   455698
  </price>
  <rating>
   1.18
  </rating>
  <reviews>
   890759
  </reviews>
  <sporty>
   no
  </sporty>
 </clothing>
 <clothing>
  <id>
   119295587
  </id>
  <name>
   Reebok T-shirt Y-8085
  </name>
  <category>
   T-shirt
  </category>
  <size>
   XL
  </size>
  <color>
   Зеленый
  </color>
  <material>
   Шерсть
  </material>
  <price>
   116414
  </price>
  <rating>
   2.53
  </rating>
  <reviews>
   154922
  </reviews>
  <new>
   -
  </new>
  <exclusive>
   no
  </exclusive>
  <sporty>
   no
  </sporty>
 </clothing>
 <clothing>
  <id>
   872281898
  </id>
  <name>
   Puma Belts D-2619
  </name>
  <category>
   Belts
  </category>
  <size>
   XL
  </size>
  <color>
   Зеленый
  </color>
  <material>
   Шерсть
  </material>
  <price>
   632147
  </price>
  <rating>
   1.29
  </rating>
  <reviews>
   11980
  </reviews>
  <new>
   +
  </new>
  <exclusive>
   no
  </exclusive>
 </clothing>
 <clothing>
  <id>
   537425040
  </id>
  <name>
   Brooks Handbags A-1198
  </name>
  <category>
   Handbags
  </category>
  <size>
   M
  </size>
  <color>
   Зеленый
  </color>
  <material>
   Полиэстер
  </material>
  <price>
   788600
  </price>
  <rating>
   3.5
  </rating>
  <reviews>
   808746
  </reviews>
  <exclusive>
   no
  </exclusive>
 </clothing>
 <clothing>
  <id>
   894511902
  </id>
  <name>
   Under Armour Shirt O-8408
  </name>
  <category>
   Shirt
  </category>
  <size>
   XXL
  </size>
  <color>
   Оранжевый
  </color>
  <material>
   Вискоза
  </material>
  <price>
   863523
  </price>
  <rating>
   3.88
  </rating>
  <reviews>
   920205
  </reviews>
  <new>
   -
  </new>
  <sporty>
   no
  </sporty>
 </clothing>
 <clothing>
  <id>
   848714510
  </id>
  <name>
   Reebok Pants F-7676
  </name>
  <category>
   Pants
  </category>
  <size>
   M
  </size>
  <color>
   Фиолетовый
  </color>
  <material>
   Полиэстер
  </material>
  <price>
   715975
  </price>
  <rating>
   3.87
  </rating>
  <reviews>
   560827
  </reviews>
  <sporty>
   no
  </sporty>
 </clothing>
 <clothing>
  <id>
   104035296
  </id>
  <name>
   Lacoste Sweater C-8854
  </name>
  <category>
   Sweater
  </category>
  <size>
   S
  </size>
  <color>
   Оранжевый
  </color>
  <material>
   Хлопок
  </material>
  <price>
   619712
  </price>
  <rating>
   3.95
  </rating>
  <reviews>
   540386
  </reviews>
  <new>
   -
  </new>
 </clothing>
 <clothing>
  <id>
   462561473
  </id>
  <name>
   Fila Skirt M-9337
  </name>
  <category>
   Skirt
  </category>
  <size>
   L
  </size>
  <color>
   Оранжевый
  </color>
  <material>
   Лен
  </material>
  <price>
   589028
  </price>
  <rating>
   3.32
  </rating>
  <reviews>
   475755
  </reviews>
  <exclusive>
   yes
  </exclusive>
 </clothing>
 <clothing>
  <id>
   830225328
  </id>
  <name>
   Converse Pants L-8476
  </name>
  <category>
   Pants
  </category>
  <size>
   S
  </size>
  <color>
   Зеленый
  </color>
  <material>
   Хлопок
  </material>
  <price>
   964053
  </price>
  <rating>
   2.76
  </rating>
  <reviews>
   226512
  </reviews>
  <new>
   +
  </new>
  <sporty>
   yes
  </sporty>
 </clothing>
 <clothing>
  <id>
   634442529
  </id>
  <name>
   Reebok Sweater N-9545
  </name>
  <category>
   Sweater
  </category>
  <size>
   XL
  </size>
  <color>
   Оранжевый
  </color>
  <material>
   Шелк
  </material>
  <price>
   692438
  </price>
  <rating>
   4.55
  </rating>
  <reviews>
   475185
  </reviews>
  <new>
   +
  </new>
 </clothing>
 <clothing>
  <id>
   631021901
  </id>
  <name>
   Lacoste Skirt X-9671
  </name>
  <category>
   Skirt
  </category>
  <size>
   M
  </size>
  <color>
   Оранжевый
  </color>
  <material>
   Кожа
  </material>
  <price>
   566682
  </price>
  <rating>
   4.34
  </rating>
  <reviews>
   593378
  </reviews>
  <new>
   +
  </new>
  <sporty>
   yes
  </sporty>
 </clothing>
 <clothing>
  <id>
   701694182
  </id>
  <name>
   DC Umbrellas T-5105
  </name>
  <category>
   Umbrellas
  </category>
  <size>
   M
  </size>
  <color>
   Красный
  </color>
  <material>
   Кожа
  </material>
  <price>
   718604
  </price>
  <rating>
   1.73
  </rating>
  <reviews>
   671628
  </reviews>
  <exclusive>
   yes
  </exclusive>
 </clothing>
 <clothing>
  <id>
   957948754
  </id>
  <name>
   Asics Sweater C-2557
  </name>
  <category>
   Sweater
  </category>
  <size>
   M
  </size>
  <color>
   Голубой
  </color>
  <material>
   Кожа
  </material>
  <price>
   645999
  </price>
  <rating>
   3.26
  </rating>
  <reviews>
   884250
  </reviews>
 </clothing>
 <clothing>
  <id>
   187265117
  </id>
  <name>
   Adidas Belts F-2449
  </name>
  <category>
   Belts
  </category>
  <size>
   M
  </size>
  <color>
   Желтый
  </color>
  <material>
   Шерсть
  </material>
  <price>
   681937
  </price>
  <rating>
   1.24
  </rating>
  <reviews>
   427532
  </reviews>
  <new>
   -
  </new>
  <sporty>
   yes
  </sporty>
 </clothing>
 <clothing>
  <id>
   984802853
  </id>
  <name>
   Adidas Jacket P-9203
  </name>
  <category>
   Jacket
  </category>
  <size>
   XL
  </size>
  <color>
   Синий
  </color>
  <material>
   Полиэстер
  </material>
  <price>
   835229
  </price>
  <rating>
   1.66
  </rating>
  <reviews>
   810421
  </reviews>
  <new>
   +
  </new>
  <exclusive>
   yes
  </exclusive>
  <sporty>
   no
  </sporty>
 </clothing>
 <clothing>
  <id>
   782486578
  </id>
  <name>
   Nike Hat N-9982
  </name>
  <category>
   Hat
  </category>
  <size>
   M
  </size>
  <color>
   Фиолетовый
  </color>
  <material>
   Полиэстер
  </material>
  <price>
   495314
  </price>
  <rating>
   4.26
  </rating>
  <reviews>
   712579
  </reviews>
  <sporty>
   no
  </sporty>
 </clothing>
 <clothing>
  <id>
   369202360
  </id>
  <name>
   Converse Jeans D-3675
  </name>
  <category>
   Jeans
  </category>
  <size>
   XXL
  </size>
  <color>
   Желтый
  </color>
  <material>
   Полиэстер
  </material>
  <price>
   825735
  </price>
  <rating>
   2.46
  </rating>
  <reviews>
   998212
  </reviews>
  <new>
   -
  </new>
  <exclusive>
   no
  </exclusive>
  <sporty>
   yes
  </sporty>
 </clothing>
 <clothing>
  <id>
   413952588
  </id>
  <name>
   Vans Gloves V-1023
  </name>
  <category>
   Gloves
  </category>
  <size>
   M
  </size>
  <color>
   Синий
  </color>
  <material>
   Нейлон
  </material>
  <price>
   513046
  </price>
  <rating>
   1.63
  </rating>
  <reviews>
   190793
  </reviews>
  <new>
   -
  </new>
 </clothing>
 <clothing>
  <id>
   997267132
  </id>
  <name>
   New Balance Belts C-6489
  </name>
  <category>
   Belts
  </category>
  <size>
   S
  </size>
  <color>
   Зеленый
  </color>
  <material>
   Шерсть
  </material>
  <price>
   965092
  </price>
  <rating>
   1.69
  </rating>
  <reviews>
   709868
  </reviews>
  <sporty>
   no
  </sporty>
 </clothing>
 <clothing>
  <id>
   810214487
  </id>
  <name>
   Adidas Sweater Z-8913
  </name>
  <category>
   Sweater
  </category>
  <size>
   L
  </size>
  <color>
   Зеленый
  </color>
  <material>
   Шерсть
  </material>
  <price>
   862442
  </price>
  <rating>
   4.55
  </rating>
  <reviews>
   917255
  </reviews>
  <new>
   +
  </new>
 </clothing>
 <clothing>
  <id>
   436444522
  </id>
  <name>
   Fila T-shirt W-4651
  </name>
  <category>
   T-shirt
  </category>
  <size>
   XL
  </size>
  <color>
   Оранжевый
  </color>
  <material>
   Полиэстер
  </material>
  <price>
   472099
  </price>
  <rating>
   1.56
  </rating>
  <reviews>
   389247
  </reviews>
  <new>
   +
  </new>
  <exclusive>
   yes
  </exclusive>
 </clothing>
</clothing-items>
