<?xml version="1.0" encoding="utf-8"?>
<clothing-items>
 <clothing>
  <id>
   457323388
  </id>
  <name>
   Ellesse Jeans I-9972
  </name>
  <category>
   Jeans
  </category>
  <size>
   L
  </size>
  <color>
   Фиолетовый
  </color>
  <material>
   Вискоза
  </material>
  <price>
   768169
  </price>
  <rating>
   3.33
  </rating>
  <reviews>
   752211
  </reviews>
  <new>
   -
  </new>
  <exclusive>
   yes
  </exclusive>
 </clothing>
 <clothing>
  <id>
   917908646
  </id>
  <name>
   Nike Shoes X-6872
  </name>
  <category>
   Shoes
  </category>
  <size>
   M
  </size>
  <color>
   Зеленый
  </color>
  <material>
   Хлопок
  </material>
  <price>
   147456
  </price>
  <rating>
   2.0
  </rating>
  <reviews>
   925929
  </reviews>
  <new>
   +
  </new>
  <exclusive>
   yes
  </exclusive>
 </clothing>
 <clothing>
  <id>
   247324360
  </id>
  <name>
   Puma Blouse G-7719
  </name>
  <category>
   Blouse
  </category>
  <size>
   XL
  </size>
  <color>
   Фиолетовый
  </color>
  <material>
   Кожа
  </material>
  <price>
   925553
  </price>
  <rating>
   2.03
  </rating>
  <reviews>
   466456
  </reviews>
  <new>
   -
  </new>
 </clothing>
 <clothing>
  <id>
   464579185
  </id>
  <name>
   Fila Sweater A-8014
  </name>
  <category>
   Sweater
  </category>
  <size>
   L
  </size>
  <color>
   Желтый
  </color>
  <material>
   Хлопок
  </material>
  <price>
   382438
  </price>
  <rating>
   3.1
  </rating>
  <reviews>
   536057
  </reviews>
  <exclusive>
   no
  </exclusive>
 </clothing>
 <clothing>
  <id>
   216770083
  </id>
  <name>
   PleinSport Jeans N-2243
  </name>
  <category>
   Jeans
  </category>
  <size>
   M
  </size>
  <color>
   Красный
  </color>
  <material>
   Лен
  </material>
  <price>
   376917
  </price>
  <rating>
   3.32
  </rating>
  <reviews>
   579575
  </reviews>
  <new>
   -
  </new>
  <exclusive>
   no
  </exclusive>
 </clothing>
 <clothing>
  <id>
   753558308
  </id>
  <name>
   PleinSport Handbags F-5632
  </name>
  <category>
   Handbags
  </category>
  <size>
   L
  </size>
  <color>
   Зеленый
  </color>
  <material>
   Вискоза
  </material>
  <price>
   468691
  </price>
  <rating>
   1.46
  </rating>
  <reviews>
   466848
  </reviews>
  <new>
   -
  </new>
  <exclusive>
   no
  </exclusive>
 </clothing>
 <clothing>
  <id>
   300891008
  </id>
  <name>
   New Balance Shoes V-8557
  </name>
  <category>
   Shoes
  </category>
  <size>
   L
  </size>
  <color>
   Синий
  </color>
  <material>
   Шелк
  </material>
  <price>
   791174
  </price>
  <rating>
   4.43
  </rating>
  <reviews>
   199225
  </reviews>
  <exclusive>
   yes
  </exclusive>
  <sporty>
   yes
  </sporty>
 </clothing>
 <clothing>
  <id>
   507488235
  </id>
  <name>
   New Balance Shoes E-6665
  </name>
  <category>
   Shoes
  </category>
  <size>
   XXL
  </size>
  <color>
   Оранжевый
  </color>
  <material>
   Вискоза
  </material>
  <price>
   454020
  </price>
  <rating>
   3.91
  </rating>
  <reviews>
   274585
  </reviews>
  <sporty>
   no
  </sporty>
 </clothing>
 <clothing>
  <id>
   968489756
  </id>
  <name>
   Under Armour Hat K-8145
  </name>
  <category>
   Hat
  </category>
  <size>
   M
  </size>
  <color>
   Оранжевый
  </color>
  <material>
   Хлопок
  </material>
  <price>
   152416
  </price>
  <rating>
   1.04
  </rating>
  <reviews>
   604087
  </reviews>
  <new>
   -
  </new>
  <sporty>
   no
  </sporty>
 </clothing>
 <clothing>
  <id>
   564132074
  </id>
  <name>
   Converse Socks U-2544
  </name>
  <category>
   Socks
  </category>
  <size>
   XXL
  </size>
  <color>
   Желтый
  </color>
  <material>
   Шерсть
  </material>
  <price>
   517512
  </price>
  <rating>
   1.02
  </rating>
  <reviews>
   659080
  </reviews>
  <new>
   +
  </new>
  <sporty>
   no
  </sporty>
 </clothing>
 <clothing>
  <id>
   379602609
  </id>
  <name>
   Ellesse Blouse A-7485
  </name>
  <category>
   Blouse
  </category>
  <size>
   XL
  </size>
  <color>
   Оранжевый
  </color>
  <material>
   Полиэстер
  </material>
  <price>
   633269
  </price>
  <rating>
   1.64
  </rating>
  <reviews>
   752558
  </reviews>
 </clothing>
 <clothing>
  <id>
   909586812
  </id>
  <name>
   Converse Pants E-9688
  </name>
  <category>
   Pants
  </category>
  <size>
   M
  </size>
  <color>
   Зеленый
  </color>
  <material>
   Шерсть
  </material>
  <price>
   215379
  </price>
  <rating>
   4.84
  </rating>
  <reviews>
   808636
  </reviews>
  <new>
   +
  </new>
  <exclusive>
   no
  </exclusive>
  <sporty>
   no
  </sporty>
 </clothing>
 <clothing>
  <id>
   642287657
  </id>
  <name>
   Reebok T-shirt K-7376
  </name>
  <category>
   T-shirt
  </category>
  <size>
   M
  </size>
  <color>
   Желтый
  </color>
  <material>
   Лен
  </material>
  <price>
   983746
  </price>
  <rating>
   4.51
  </rating>
  <reviews>
   189086
  </reviews>
  <new>
   -
  </new>
  <exclusive>
   no
  </exclusive>
 </clothing>
 <clothing>
  <id>
   548875135
  </id>
  <name>
   Puma Skirt T-3171
  </name>
  <category>
   Skirt
  </category>
  <size>
   L
  </size>
  <color>
   Фиолетовый
  </color>
  <material>
   Хлопок
  </material>
  <price>
   940792
  </price>
  <rating>
   4.12
  </rating>
  <reviews>
   396949
  </reviews>
  <exclusive>
   no
  </exclusive>
 </clothing>
 <clothing>
  <id>
   447209284
  </id>
  <name>
   Addidas Handbags Q-6149
  </name>
  <category>
   Handbags
  </category>
  <size>
   M
  </size>
  <color>
   Красный
  </color>
  <material>
   Лен
  </material>
  <price>
   501192
  </price>
  <rating>
   2.31
  </rating>
  <reviews>
   669194
  </reviews>
  <new>
   -
  </new>
  <exclusive>
   yes
  </exclusive>
 </clothing>
 <clothing>
  <id>
   759997536
  </id>
  <name>
   Reebok Shoes S-1861
  </name>
  <category>
   Shoes
  </category>
  <size>
   S
  </size>
  <color>
   Красный
  </color>
  <material>
   Шерсть
  </material>
  <price>
   884960
  </price>
  <rating>
   4.28
  </rating>
  <reviews>
   135112
  </reviews>
  <new>
   -
  </new>
 </clothing>
</clothing-items>
