<?xml version="1.0" encoding="utf-8"?>
<clothing-items>
 <clothing>
  <id>
   901036748
  </id>
  <name>
   Reebok Blouse C-8872
  </name>
  <category>
   Blouse
  </category>
  <size>
   L
  </size>
  <color>
   Зеленый
  </color>
  <material>
   Шерсть
  </material>
  <price>
   369680
  </price>
  <rating>
   4.91
  </rating>
  <reviews>
   479030
  </reviews>
  <exclusive>
   yes
  </exclusive>
  <sporty>
   yes
  </sporty>
 </clothing>
 <clothing>
  <id>
   677952492
  </id>
  <name>
   New Balance Sweater J-8370
  </name>
  <category>
   Sweater
  </category>
  <size>
   L
  </size>
  <color>
   Красный
  </color>
  <material>
   Лен
  </material>
  <price>
   498144
  </price>
  <rating>
   3.01
  </rating>
  <reviews>
   945027
  </reviews>
  <exclusive>
   yes
  </exclusive>
  <sporty>
   yes
  </sporty>
 </clothing>
 <clothing>
  <id>
   443700141
  </id>
  <name>
   Ellesse Blouse E-3288
  </name>
  <category>
   Blouse
  </category>
  <size>
   XL
  </size>
  <color>
   Зеленый
  </color>
  <material>
   Нейлон
  </material>
  <price>
   364547
  </price>
  <rating>
   4.08
  </rating>
  <reviews>
   113412
  </reviews>
  <sporty>
   yes
  </sporty>
 </clothing>
 <clothing>
  <id>
   561726492
  </id>
  <name>
   Vans Sweater S-9377
  </name>
  <category>
   Sweater
  </category>
  <size>
   M
  </size>
  <color>
   Желтый
  </color>
  <material>
   Шелк
  </material>
  <price>
   306679
  </price>
  <rating>
   4.45
  </rating>
  <reviews>
   932134
  </reviews>
  <new>
   -
  </new>
  <exclusive>
   no
  </exclusive>
 </clothing>
 <clothing>
  <id>
   147777364
  </id>
  <name>
   Ellesse Hat G-1843
  </name>
  <category>
   Hat
  </category>
  <size>
   XL
  </size>
  <color>
   Красный
  </color>
  <material>
   Хлопок
  </material>
  <price>
   231850
  </price>
  <rating>
   3.05
  </rating>
  <reviews>
   328730
  </reviews>
  <new>
   +
  </new>
  <sporty>
   yes
  </sporty>
 </clothing>
 <clothing>
  <id>
   356377435
  </id>
  <name>
   Adidas Belts P-1446
  </name>
  <category>
   Belts
  </category>
  <size>
   L
  </size>
  <color>
   Фиолетовый
  </color>
  <material>
   Лен
  </material>
  <price>
   264724
  </price>
  <rating>
   1.37
  </rating>
  <reviews>
   231559
  </reviews>
  <new>
   -
  </new>
  <exclusive>
   no
  </exclusive>
  <sporty>
   yes
  </sporty>
 </clothing>
 <clothing>
  <id>
   477370596
  </id>
  <name>
   Addidas Pants E-4340
  </name>
  <category>
   Pants
  </category>
  <size>
   XL
  </size>
  <color>
   Синий
  </color>
  <material>
   Полиэстер
  </material>
  <price>
   760876
  </price>
  <rating>
   1.78
  </rating>
  <reviews>
   879232
  </reviews>
  <new>
   -
  </new>
  <exclusive>
   no
  </exclusive>
  <sporty>
   yes
  </sporty>
 </clothing>
 <clothing>
  <id>
   108503259
  </id>
  <name>
   Adidas Handbags K-4536
  </name>
  <category>
   Handbags
  </category>
  <size>
   L
  </size>
  <color>
   Голубой
  </color>
  <material>
   Полиэстер
  </material>
  <price>
   161547
  </price>
  <rating>
   2.02
  </rating>
  <reviews>
   571726
  </reviews>
  <new>
   +
  </new>
  <exclusive>
   yes
  </exclusive>
  <sporty>
   yes
  </sporty>
 </clothing>
 <clothing>
  <id>
   972789523
  </id>
  <name>
   PleinSport Gloves L-8400
  </name>
  <category>
   Gloves
  </category>
  <size>
   M
  </size>
  <color>
   Оранжевый
  </color>
  <material>
   Полиэстер
  </material>
  <price>
   670887
  </price>
  <rating>
   3.83
  </rating>
  <reviews>
   864794
  </reviews>
 </clothing>
 <clothing>
  <id>
   810551014
  </id>
  <name>
   Asics Handbags N-2183
  </name>
  <category>
   Handbags
  </category>
  <size>
   S
  </size>
  <color>
   Зеленый
  </color>
  <material>
   Кожа
  </material>
  <price>
   757745
  </price>
  <rating>
   1.41
  </rating>
  <reviews>
   943450
  </reviews>
  <new>
   -
  </new>
  <sporty>
   no
  </sporty>
 </clothing>
 <clothing>
  <id>
   594149093
  </id>
  <name>
   Adidas Socks D-2987
  </name>
  <category>
   Socks
  </category>
  <size>
   XL
  </size>
  <color>
   Красный
  </color>
  <material>
   Хлопок
  </material>
  <price>
   706838
  </price>
  <rating>
   2.96
  </rating>
  <reviews>
   481897
  </reviews>
  <new>
   -
  </new>
  <exclusive>
   yes
  </exclusive>
  <sporty>
   no
  </sporty>
 </clothing>
 <clothing>
  <id>
   879493247
  </id>
  <name>
   DC Gloves V-1023
  </name>
  <category>
   Gloves
  </category>
  <size>
   XL
  </size>
  <color>
   Фиолетовый
  </color>
  <material>
   Хлопок
  </material>
  <price>
   761915
  </price>
  <rating>
   4.18
  </rating>
  <reviews>
   832277
  </reviews>
  <new>
   -
  </new>
  <exclusive>
   yes
  </exclusive>
  <sporty>
   yes
  </sporty>
 </clothing>
 <clothing>
  <id>
   828798337
  </id>
  <name>
   New Balance Gloves O-4394
  </name>
  <category>
   Gloves
  </category>
  <size>
   XXL
  </size>
  <color>
   Синий
  </color>
  <material>
   Нейлон
  </material>
  <price>
   206934
  </price>
  <rating>
   2.99
  </rating>
  <reviews>
   267625
  </reviews>
  <exclusive>
   yes
  </exclusive>
  <sporty>
   no
  </sporty>
 </clothing>
 <clothing>
  <id>
   645192630
  </id>
  <name>
   Adidas Pants T-6473
  </name>
  <category>
   Pants
  </category>
  <size>
   L
  </size>
  <color>
   Зеленый
  </color>
  <material>
   Шелк
  </material>
  <price>
   651746
  </price>
  <rating>
   1.19
  </rating>
  <reviews>
   550941
  </reviews>
  <exclusive>
   no
  </exclusive>
  <sporty>
   no
  </sporty>
 </clothing>
 <clothing>
  <id>
   153874830
  </id>
  <name>
   PleinSport Belts L-1495
  </name>
  <category>
   Belts
  </category>
  <size>
   XL
  </size>
  <color>
   Зеленый
  </color>
  <material>
   Вискоза
  </material>
  <price>
   500526
  </price>
  <rating>
   3.22
  </rating>
  <reviews>
   534656
  </reviews>
  <new>
   -
  </new>
  <exclusive>
   no
  </exclusive>
 </clothing>
 <clothing>
  <id>
   376859068
  </id>
  <name>
   Reebok Jacket R-7019
  </name>
  <category>
   Jacket
  </category>
  <size>
   L
  </size>
  <color>
   Желтый
  </color>
  <material>
   Лен
  </material>
  <price>
   410379
  </price>
  <rating>
   3.55
  </rating>
  <reviews>
   169664
  </reviews>
  <exclusive>
   yes
  </exclusive>
 </clothing>
 <clothing>
  <id>
   181894263
  </id>
  <name>
   Converse T-shirt I-7165
  </name>
  <category>
   T-shirt
  </category>
  <size>
   XL
  </size>
  <color>
   Синий
  </color>
  <material>
   Шерсть
  </material>
  <price>
   903828
  </price>
  <rating>
   1.22
  </rating>
  <reviews>
   199080
  </reviews>
  <sporty>
   no
  </sporty>
 </clothing>
 <clothing>
  <id>
   353087139
  </id>
  <name>
   Lacoste T-shirt F-8933
  </name>
  <category>
   T-shirt
  </category>
  <size>
   M
  </size>
  <color>
   Голубой
  </color>
  <material>
   Вискоза
  </material>
  <price>
   842140
  </price>
  <rating>
   1.6
  </rating>
  <reviews>
   404649
  </reviews>
  <new>
   -
  </new>
  <exclusive>
   no
  </exclusive>
  <sporty>
   yes
  </sporty>
 </clothing>
 <clothing>
  <id>
   577349259
  </id>
  <name>
   Converse Sweater O-2950
  </name>
  <category>
   Sweater
  </category>
  <size>
   S
  </size>
  <color>
   Зеленый
  </color>
  <material>
   Хлопок
  </material>
  <price>
   932018
  </price>
  <rating>
   1.93
  </rating>
  <reviews>
   415084
  </reviews>
  <new>
   -
  </new>
  <exclusive>
   no
  </exclusive>
  <sporty>
   yes
  </sporty>
 </clothing>
 <clothing>
  <id>
   600731484
  </id>
  <name>
   Asics Socks V-9432
  </name>
  <category>
   Socks
  </category>
  <size>
   M
  </size>
  <color>
   Желтый
  </color>
  <material>
   Шерсть
  </material>
  <price>
   143465
  </price>
  <rating>
   4.3
  </rating>
  <reviews>
   152598
  </reviews>
  <sporty>
   yes
  </sporty>
 </clothing>
 <clothing>
  <id>
   453334771
  </id>
  <name>
   Under Armour Shoes Y-6091
  </name>
  <category>
   Shoes
  </category>
  <size>
   XXL
  </size>
  <color>
   Желтый
  </color>
  <material>
   Вискоза
  </material>
  <price>
   106729
  </price>
  <rating>
   1.61
  </rating>
  <reviews>
   918986
  </reviews>
  <exclusive>
   no
  </exclusive>
 </clothing>
 <clothing>
  <id>
   855487386
  </id>
  <name>
   Asics T-shirt H-8713
  </name>
  <category>
   T-shirt
  </category>
  <size>
   M
  </size>
  <color>
   Синий
  </color>
  <material>
   Полиэстер
  </material>
  <price>
   707908
  </price>
  <rating>
   4.1
  </rating>
  <reviews>
   46017
  </reviews>
  <exclusive>
   no
  </exclusive>
 </clothing>
</clothing-items>
