<?xml version="1.0" encoding="utf-8"?>
<clothing-items>
 <clothing>
  <id>
   420204448
  </id>
  <name>
   Puma Hat R-2629
  </name>
  <category>
   Hat
  </category>
  <size>
   S
  </size>
  <color>
   Красный
  </color>
  <material>
   Шелк
  </material>
  <price>
   520302
  </price>
  <rating>
   1.1
  </rating>
  <reviews>
   886228
  </reviews>
  <new>
   -
  </new>
  <sporty>
   no
  </sporty>
 </clothing>
 <clothing>
  <id>
   277113722
  </id>
  <name>
   Ellesse T-shirt Y-8163
  </name>
  <category>
   T-shirt
  </category>
  <size>
   XXL
  </size>
  <color>
   Голубой
  </color>
  <material>
   Лен
  </material>
  <price>
   219719
  </price>
  <rating>
   3.21
  </rating>
  <reviews>
   864078
  </reviews>
  <new>
   -
  </new>
  <exclusive>
   no
  </exclusive>
 </clothing>
 <clothing>
  <id>
   478448553
  </id>
  <name>
   Vans Handbags X-8245
  </name>
  <category>
   Handbags
  </category>
  <size>
   S
  </size>
  <color>
   Оранжевый
  </color>
  <material>
   Шерсть
  </material>
  <price>
   958118
  </price>
  <rating>
   1.03
  </rating>
  <reviews>
   163785
  </reviews>
  <new>
   +
  </new>
  <exclusive>
   yes
  </exclusive>
  <sporty>
   yes
  </sporty>
 </clothing>
 <clothing>
  <id>
   116808283
  </id>
  <name>
   Fila Skirt D-5676
  </name>
  <category>
   Skirt
  </category>
  <size>
   XL
  </size>
  <color>
   Зеленый
  </color>
  <material>
   Кожа
  </material>
  <price>
   553619
  </price>
  <rating>
   3.57
  </rating>
  <reviews>
   210243
  </reviews>
  <new>
   +
  </new>
  <exclusive>
   no
  </exclusive>
  <sporty>
   yes
  </sporty>
 </clothing>
 <clothing>
  <id>
   379346518
  </id>
  <name>
   PleinSport Shirt Y-3097
  </name>
  <category>
   Shirt
  </category>
  <size>
   XXL
  </size>
  <color>
   Оранжевый
  </color>
  <material>
   Кожа
  </material>
  <price>
   922012
  </price>
  <rating>
   2.0
  </rating>
  <reviews>
   519332
  </reviews>
  <exclusive>
   no
  </exclusive>
 </clothing>
 <clothing>
  <id>
   983954966
  </id>
  <name>
   Lacoste Umbrellas Y-9294
  </name>
  <category>
   Umbrellas
  </category>
  <size>
   XL
  </size>
  <color>
   Зеленый
  </color>
  <material>
   Лен
  </material>
  <price>
   881910
  </price>
  <rating>
   1.04
  </rating>
  <reviews>
   552812
  </reviews>
  <new>
   -
  </new>
  <exclusive>
   no
  </exclusive>
  <sporty>
   no
  </sporty>
 </clothing>
 <clothing>
  <id>
   306562315
  </id>
  <name>
   Puma Jacket T-4437
  </name>
  <category>
   Jacket
  </category>
  <size>
   M
  </size>
  <color>
   Желтый
  </color>
  <material>
   Шерсть
  </material>
  <price>
   105949
  </price>
  <rating>
   3.03
  </rating>
  <reviews>
   443692
  </reviews>
  <new>
   +
  </new>
  <sporty>
   no
  </sporty>
 </clothing>
 <clothing>
  <id>
   583727172
  </id>
  <name>
   Converse Socks F-9221
  </name>
  <category>
   Socks
  </category>
  <size>
   L
  </size>
  <color>
   Зеленый
  </color>
  <material>
   Полиэстер
  </material>
  <price>
   497224
  </price>
  <rating>
   4.6
  </rating>
  <reviews>
   442430
  </reviews>
  <new>
   +
  </new>
 </clothing>
 <clothing>
  <id>
   967894053
  </id>
  <name>
   Fila Belts C-4623
  </name>
  <category>
   Belts
  </category>
  <size>
   M
  </size>
  <color>
   Желтый
  </color>
  <material>
   Полиэстер
  </material>
  <price>
   520344
  </price>
  <rating>
   3.21
  </rating>
  <reviews>
   245446
  </reviews>
  <exclusive>
   no
  </exclusive>
  <sporty>
   no
  </sporty>
 </clothing>
 <clothing>
  <id>
   894168755
  </id>
  <name>
   Reebok Gloves C-2217
  </name>
  <category>
   Gloves
  </category>
  <size>
   XXL
  </size>
  <color>
   Фиолетовый
  </color>
  <material>
   Шелк
  </material>
  <price>
   572581
  </price>
  <rating>
   4.9
  </rating>
  <reviews>
   431974
  </reviews>
  <new>
   +
  </new>
  <exclusive>
   yes
  </exclusive>
  <sporty>
   no
  </sporty>
 </clothing>
 <clothing>
  <id>
   306917343
  </id>
  <name>
   Lacoste Jeans G-3197
  </name>
  <category>
   Jeans
  </category>
  <size>
   XL
  </size>
  <color>
   Зеленый
  </color>
  <material>
   Шерсть
  </material>
  <price>
   740522
  </price>
  <rating>
   2.21
  </rating>
  <reviews>
   155031
  </reviews>
 </clothing>
 <clothing>
  <id>
   199204493
  </id>
  <name>
   New Balance Umbrellas W-8401
  </name>
  <category>
   Umbrellas
  </category>
  <size>
   XL
  </size>
  <color>
   Синий
  </color>
  <material>
   Вискоза
  </material>
  <price>
   393372
  </price>
  <rating>
   1.32
  </rating>
  <reviews>
   565386
  </reviews>
  <new>
   -
  </new>
  <exclusive>
   no
  </exclusive>
  <sporty>
   yes
  </sporty>
 </clothing>
 <clothing>
  <id>
   668340047
  </id>
  <name>
   Reebok Sweater R-6475
  </name>
  <category>
   Sweater
  </category>
  <size>
   M
  </size>
  <color>
   Синий
  </color>
  <material>
   Хлопок
  </material>
  <price>
   844978
  </price>
  <rating>
   4.58
  </rating>
  <reviews>
   642417
  </reviews>
  <exclusive>
   yes
  </exclusive>
  <sporty>
   no
  </sporty>
 </clothing>
 <clothing>
  <id>
   207017863
  </id>
  <name>
   Asics Handbags W-2699
  </name>
  <category>
   Handbags
  </category>
  <size>
   S
  </size>
  <color>
   Красный
  </color>
  <material>
   Шерсть
  </material>
  <price>
   181512
  </price>
  <rating>
   1.27
  </rating>
  <reviews>
   993619
  </reviews>
 </clothing>
 <clothing>
  <id>
   381667473
  </id>
  <name>
   Converse Handbags E-3089
  </name>
  <category>
   Handbags
  </category>
  <size>
   S
  </size>
  <color>
   Оранжевый
  </color>
  <material>
   Хлопок
  </material>
  <price>
   778900
  </price>
  <rating>
   4.25
  </rating>
  <reviews>
   665970
  </reviews>
 </clothing>
 <clothing>
  <id>
   934269818
  </id>
  <name>
   Fila Blouse M-1529
  </name>
  <category>
   Blouse
  </category>
  <size>
   L
  </size>
  <color>
   Синий
  </color>
  <material>
   Шелк
  </material>
  <price>
   256661
  </price>
  <rating>
   4.56
  </rating>
  <reviews>
   406754
  </reviews>
  <sporty>
   no
  </sporty>
 </clothing>
 <clothing>
  <id>
   686423554
  </id>
  <name>
   Converse Blouse E-2484
  </name>
  <category>
   Blouse
  </category>
  <size>
   M
  </size>
  <color>
   Синий
  </color>
  <material>
   Кожа
  </material>
  <price>
   335349
  </price>
  <rating>
   3.16
  </rating>
  <reviews>
   613667
  </reviews>
  <new>
   -
  </new>
  <exclusive>
   yes
  </exclusive>
  <sporty>
   yes
  </sporty>
 </clothing>
 <clothing>
  <id>
   797309247
  </id>
  <name>
   PleinSport Pants K-8508
  </name>
  <category>
   Pants
  </category>
  <size>
   M
  </size>
  <color>
   Оранжевый
  </color>
  <material>
   Нейлон
  </material>
  <price>
   616406
  </price>
  <rating>
   2.68
  </rating>
  <reviews>
   101642
  </reviews>
  <new>
   -
  </new>
  <sporty>
   yes
  </sporty>
 </clothing>
 <clothing>
  <id>
   250644381
  </id>
  <name>
   Addidas Socks P-3847
  </name>
  <category>
   Socks
  </category>
  <size>
   XXL
  </size>
  <color>
   Синий
  </color>
  <material>
   Шелк
  </material>
  <price>
   155914
  </price>
  <rating>
   4.9
  </rating>
  <reviews>
   453357
  </reviews>
  <new>
   +
  </new>
  <exclusive>
   yes
  </exclusive>
  <sporty>
   no
  </sporty>
 </clothing>
 <clothing>
  <id>
   111515225
  </id>
  <name>
   Converse Jacket A-1219
  </name>
  <category>
   Jacket
  </category>
  <size>
   XL
  </size>
  <color>
   Зеленый
  </color>
  <material>
   Нейлон
  </material>
  <price>
   587735
  </price>
  <rating>
   1.28
  </rating>
  <reviews>
   381199
  </reviews>
  <new>
   +
  </new>
  <exclusive>
   no
  </exclusive>
  <sporty>
   no
  </sporty>
 </clothing>
 <clothing>
  <id>
   480901897
  </id>
  <name>
   Reebok T-shirt Y-8464
  </name>
  <category>
   T-shirt
  </category>
  <size>
   M
  </size>
  <color>
   Голубой
  </color>
  <material>
   Лен
  </material>
  <price>
   562664
  </price>
  <rating>
   4.2
  </rating>
  <reviews>
   416523
  </reviews>
  <new>
   -
  </new>
  <sporty>
   no
  </sporty>
 </clothing>
 <clothing>
  <id>
   694333660
  </id>
  <name>
   New Balance Pants M-9392
  </name>
  <category>
   Pants
  </category>
  <size>
   XL
  </size>
  <color>
   Синий
  </color>
  <material>
   Хлопок
  </material>
  <price>
   198280
  </price>
  <rating>
   1.1
  </rating>
  <reviews>
   407598
  </reviews>
  <new>
   -
  </new>
  <exclusive>
   yes
  </exclusive>
  <sporty>
   no
  </sporty>
 </clothing>
 <clothing>
  <id>
   479854499
  </id>
  <name>
   Under Armour Hat M-7671
  </name>
  <category>
   Hat
  </category>
  <size>
   S
  </size>
  <color>
   Голубой
  </color>
  <material>
   Хлопок
  </material>
  <price>
   513661
  </price>
  <rating>
   2.97
  </rating>
  <reviews>
   532624
  </reviews>
  <new>
   -
  </new>
  <exclusive>
   no
  </exclusive>
 </clothing>
 <clothing>
  <id>
   954023183
  </id>
  <name>
   Nike Skirt J-8177
  </name>
  <category>
   Skirt
  </category>
  <size>
   M
  </size>
  <color>
   Желтый
  </color>
  <material>
   Вискоза
  </material>
  <price>
   765540
  </price>
  <rating>
   1.4
  </rating>
  <reviews>
   183813
  </reviews>
  <new>
   -
  </new>
 </clothing>
 <clothing>
  <id>
   465226413
  </id>
  <name>
   DC Handbags D-7972
  </name>
  <category>
   Handbags
  </category>
  <size>
   L
  </size>
  <color>
   Синий
  </color>
  <material>
   Вискоза
  </material>
  <price>
   797488
  </price>
  <rating>
   3.82
  </rating>
  <reviews>
   412484
  </reviews>
  <exclusive>
   no
  </exclusive>
  <sporty>
   no
  </sporty>
 </clothing>
 <clothing>
  <id>
   304276285
  </id>
  <name>
   New Balance Jeans S-3757
  </name>
  <category>
   Jeans
  </category>
  <size>
   XL
  </size>
  <color>
   Зеленый
  </color>
  <material>
   Шерсть
  </material>
  <price>
   645340
  </price>
  <rating>
   4.45
  </rating>
  <reviews>
   361154
  </reviews>
  <new>
   -
  </new>
  <exclusive>
   no
  </exclusive>
  <sporty>
   no
  </sporty>
 </clothing>
 <clothing>
  <id>
   605220530
  </id>
  <name>
   Addidas Dress G-8361
  </name>
  <category>
   Dress
  </category>
  <size>
   S
  </size>
  <color>
   Красный
  </color>
  <material>
   Вискоза
  </material>
  <price>
   508996
  </price>
  <rating>
   2.13
  </rating>
  <reviews>
   151078
  </reviews>
  <new>
   -
  </new>
  <exclusive>
   yes
  </exclusive>
 </clothing>
 <clothing>
  <id>
   393158424
  </id>
  <name>
   Brooks Sweater D-3814
  </name>
  <category>
   Sweater
  </category>
  <size>
   S
  </size>
  <color>
   Голубой
  </color>
  <material>
   Шерсть
  </material>
  <price>
   702299
  </price>
  <rating>
   4.89
  </rating>
  <reviews>
   531142
  </reviews>
  <sporty>
   no
  </sporty>
 </clothing>
 <clothing>
  <id>
   978898691
  </id>
  <name>
   PleinSport Dress U-1482
  </name>
  <category>
   Dress
  </category>
  <size>
   S
  </size>
  <color>
   Синий
  </color>
  <material>
   Полиэстер
  </material>
  <price>
   116334
  </price>
  <rating>
   1.11
  </rating>
  <reviews>
   1967
  </reviews>
  <new>
   -
  </new>
  <sporty>
   no
  </sporty>
 </clothing>
 <clothing>
  <id>
   658814447
  </id>
  <name>
   Lacoste Gloves H-5492
  </name>
  <category>
   Gloves
  </category>
  <size>
   M
  </size>
  <color>
   Красный
  </color>
  <material>
   Вискоза
  </material>
  <price>
   200226
  </price>
  <rating>
   4.26
  </rating>
  <reviews>
   302174
  </reviews>
  <sporty>
   no
  </sporty>
 </clothing>
 <clothing>
  <id>
   832202916
  </id>
  <name>
   Ellesse Pants P-3664
  </name>
  <category>
   Pants
  </category>
  <size>
   XL
  </size>
  <color>
   Фиолетовый
  </color>
  <material>
   Вискоза
  </material>
  <price>
   713007
  </price>
  <rating>
   2.3
  </rating>
  <reviews>
   709820
  </reviews>
  <new>
   -
  </new>
  <sporty>
   yes
  </sporty>
 </clothing>
 <clothing>
  <id>
   371715399
  </id>
  <name>
   Fila Dress W-2102
  </name>
  <category>
   Dress
  </category>
  <size>
   L
  </size>
  <color>
   Синий
  </color>
  <material>
   Шелк
  </material>
  <price>
   578556
  </price>
  <rating>
   2.83
  </rating>
  <reviews>
   468379
  </reviews>
  <exclusive>
   yes
  </exclusive>
  <sporty>
   yes
  </sporty>
 </clothing>
</clothing-items>
