<?xml version="1.0" encoding="utf-8"?>
<clothing-items>
 <clothing>
  <id>
   793964383
  </id>
  <name>
   Fila Hat Y-3254
  </name>
  <category>
   Hat
  </category>
  <size>
   XL
  </size>
  <color>
   Синий
  </color>
  <material>
   Нейлон
  </material>
  <price>
   567754
  </price>
  <rating>
   4.6
  </rating>
  <reviews>
   326050
  </reviews>
  <exclusive>
   yes
  </exclusive>
  <sporty>
   yes
  </sporty>
 </clothing>
 <clothing>
  <id>
   624951023
  </id>
  <name>
   DC Blouse I-3898
  </name>
  <category>
   Blouse
  </category>
  <size>
   XL
  </size>
  <color>
   Желтый
  </color>
  <material>
   Шелк
  </material>
  <price>
   827938
  </price>
  <rating>
   3.56
  </rating>
  <reviews>
   140330
  </reviews>
  <new>
   +
  </new>
  <exclusive>
   yes
  </exclusive>
  <sporty>
   yes
  </sporty>
 </clothing>
 <clothing>
  <id>
   757175610
  </id>
  <name>
   DC Handbags A-2887
  </name>
  <category>
   Handbags
  </category>
  <size>
   S
  </size>
  <color>
   Голубой
  </color>
  <material>
   Вискоза
  </material>
  <price>
   846049
  </price>
  <rating>
   2.85
  </rating>
  <reviews>
   235789
  </reviews>
  <new>
   -
  </new>
  <exclusive>
   no
  </exclusive>
  <sporty>
   yes
  </sporty>
 </clothing>
 <clothing>
  <id>
   406967212
  </id>
  <name>
   Puma Pants Q-2770
  </name>
  <category>
   Pants
  </category>
  <size>
   M
  </size>
  <color>
   Красный
  </color>
  <material>
   Кожа
  </material>
  <price>
   390243
  </price>
  <rating>
   4.51
  </rating>
  <reviews>
   900784
  </reviews>
  <sporty>
   yes
  </sporty>
 </clothing>
 <clothing>
  <id>
   308181433
  </id>
  <name>
   Converse Umbrellas C-6118
  </name>
  <category>
   Umbrellas
  </category>
  <size>
   L
  </size>
  <color>
   Фиолетовый
  </color>
  <material>
   Полиэстер
  </material>
  <price>
   609085
  </price>
  <rating>
   2.35
  </rating>
  <reviews>
   562480
  </reviews>
  <new>
   +
  </new>
  <exclusive>
   no
  </exclusive>
  <sporty>
   yes
  </sporty>
 </clothing>
 <clothing>
  <id>
   998546847
  </id>
  <name>
   Fila Dress N-9068
  </name>
  <category>
   Dress
  </category>
  <size>
   S
  </size>
  <color>
   Зеленый
  </color>
  <material>
   Нейлон
  </material>
  <price>
   562428
  </price>
  <rating>
   3.62
  </rating>
  <reviews>
   549569
  </reviews>
  <new>
   -
  </new>
  <exclusive>
   yes
  </exclusive>
  <sporty>
   no
  </sporty>
 </clothing>
 <clothing>
  <id>
   953610186
  </id>
  <name>
   Ellesse Hat X-5742
  </name>
  <category>
   Hat
  </category>
  <size>
   XXL
  </size>
  <color>
   Фиолетовый
  </color>
  <material>
   Кожа
  </material>
  <price>
   671476
  </price>
  <rating>
   2.02
  </rating>
  <reviews>
   19674
  </reviews>
  <new>
   -
  </new>
  <exclusive>
   no
  </exclusive>
  <sporty>
   no
  </sporty>
 </clothing>
 <clothing>
  <id>
   387357218
  </id>
  <name>
   Reebok Shoes L-1973
  </name>
  <category>
   Shoes
  </category>
  <size>
   S
  </size>
  <color>
   Красный
  </color>
  <material>
   Нейлон
  </material>
  <price>
   624056
  </price>
  <rating>
   4.51
  </rating>
  <reviews>
   61687
  </reviews>
  <sporty>
   no
  </sporty>
 </clothing>
 <clothing>
  <id>
   346171409
  </id>
  <name>
   Addidas Umbrellas C-1002
  </name>
  <category>
   Umbrellas
  </category>
  <size>
   XL
  </size>
  <color>
   Красный
  </color>
  <material>
   Нейлон
  </material>
  <price>
   968005
  </price>
  <rating>
   2.12
  </rating>
  <reviews>
   624406
  </reviews>
  <new>
   +
  </new>
  <exclusive>
   no
  </exclusive>
  <sporty>
   no
  </sporty>
 </clothing>
 <clothing>
  <id>
   804864539
  </id>
  <name>
   Reebok Pants O-8279
  </name>
  <category>
   Pants
  </category>
  <size>
   XL
  </size>
  <color>
   Синий
  </color>
  <material>
   Хлопок
  </material>
  <price>
   370243
  </price>
  <rating>
   1.79
  </rating>
  <reviews>
   637942
  </reviews>
  <new>
   -
  </new>
  <exclusive>
   no
  </exclusive>
  <sporty>
   yes
  </sporty>
 </clothing>
 <clothing>
  <id>
   675908832
  </id>
  <name>
   New Balance Pants F-2771
  </name>
  <category>
   Pants
  </category>
  <size>
   L
  </size>
  <color>
   Оранжевый
  </color>
  <material>
   Нейлон
  </material>
  <price>
   124532
  </price>
  <rating>
   4.77
  </rating>
  <reviews>
   111823
  </reviews>
  <new>
   -
  </new>
  <exclusive>
   no
  </exclusive>
 </clothing>
 <clothing>
  <id>
   187830845
  </id>
  <name>
   PleinSport Pants Q-7208
  </name>
  <category>
   Pants
  </category>
  <size>
   M
  </size>
  <color>
   Фиолетовый
  </color>
  <material>
   Шелк
  </material>
  <price>
   545976
  </price>
  <rating>
   3.95
  </rating>
  <reviews>
   41639
  </reviews>
  <exclusive>
   yes
  </exclusive>
  <sporty>
   no
  </sporty>
 </clothing>
 <clothing>
  <id>
   995482105
  </id>
  <name>
   Converse Umbrellas U-9886
  </name>
  <category>
   Umbrellas
  </category>
  <size>
   XL
  </size>
  <color>
   Оранжевый
  </color>
  <material>
   Шелк
  </material>
  <price>
   751227
  </price>
  <rating>
   2.67
  </rating>
  <reviews>
   599437
  </reviews>
  <new>
   -
  </new>
 </clothing>
 <clothing>
  <id>
   986554808
  </id>
  <name>
   Lacoste Shoes R-4411
  </name>
  <category>
   Shoes
  </category>
  <size>
   L
  </size>
  <color>
   Оранжевый
  </color>
  <material>
   Нейлон
  </material>
  <price>
   148908
  </price>
  <rating>
   1.98
  </rating>
  <reviews>
   920137
  </reviews>
  <sporty>
   no
  </sporty>
 </clothing>
 <clothing>
  <id>
   148610956
  </id>
  <name>
   Brooks Skirt X-4525
  </name>
  <category>
   Skirt
  </category>
  <size>
   XL
  </size>
  <color>
   Красный
  </color>
  <material>
   Лен
  </material>
  <price>
   672273
  </price>
  <rating>
   4.76
  </rating>
  <reviews>
   810287
  </reviews>
  <new>
   -
  </new>
  <sporty>
   yes
  </sporty>
 </clothing>
 <clothing>
  <id>
   188180224
  </id>
  <name>
   PleinSport Shoes T-2606
  </name>
  <category>
   Shoes
  </category>
  <size>
   S
  </size>
  <color>
   Оранжевый
  </color>
  <material>
   Кожа
  </material>
  <price>
   399482
  </price>
  <rating>
   2.5
  </rating>
  <reviews>
   389968
  </reviews>
  <exclusive>
   yes
  </exclusive>
  <sporty>
   no
  </sporty>
 </clothing>
 <clothing>
  <id>
   957001542
  </id>
  <name>
   Addidas Blouse C-3432
  </name>
  <category>
   Blouse
  </category>
  <size>
   S
  </size>
  <color>
   Красный
  </color>
  <material>
   Кожа
  </material>
  <price>
   125446
  </price>
  <rating>
   4.04
  </rating>
  <reviews>
   347826
  </reviews>
  <exclusive>
   no
  </exclusive>
 </clothing>
 <clothing>
  <id>
   681408019
  </id>
  <name>
   New Balance Belts U-5076
  </name>
  <category>
   Belts
  </category>
  <size>
   XL
  </size>
  <color>
   Оранжевый
  </color>
  <material>
   Кожа
  </material>
  <price>
   206018
  </price>
  <rating>
   1.5
  </rating>
  <reviews>
   446773
  </reviews>
  <exclusive>
   yes
  </exclusive>
 </clothing>
</clothing-items>
