<?xml version="1.0" encoding="utf-8"?>
<clothing-items>
 <clothing>
  <id>
   713065875
  </id>
  <name>
   Ellesse Sweater I-4689
  </name>
  <category>
   Sweater
  </category>
  <size>
   S
  </size>
  <color>
   Желтый
  </color>
  <material>
   Шерсть
  </material>
  <price>
   468627
  </price>
  <rating>
   1.36
  </rating>
  <reviews>
   517748
  </reviews>
  <new>
   +
  </new>
  <exclusive>
   no
  </exclusive>
  <sporty>
   yes
  </sporty>
 </clothing>
 <clothing>
  <id>
   131188239
  </id>
  <name>
   Ellesse Dress P-4952
  </name>
  <category>
   Dress
  </category>
  <size>
   XL
  </size>
  <color>
   Оранжевый
  </color>
  <material>
   Лен
  </material>
  <price>
   143146
  </price>
  <rating>
   1.9
  </rating>
  <reviews>
   590178
  </reviews>
  <exclusive>
   no
  </exclusive>
  <sporty>
   no
  </sporty>
 </clothing>
 <clothing>
  <id>
   228130877
  </id>
  <name>
   Reebok T-shirt N-9588
  </name>
  <category>
   T-shirt
  </category>
  <size>
   M
  </size>
  <color>
   Фиолетовый
  </color>
  <material>
   Лен
  </material>
  <price>
   377478
  </price>
  <rating>
   1.0
  </rating>
  <reviews>
   967695
  </reviews>
  <exclusive>
   no
  </exclusive>
  <sporty>
   no
  </sporty>
 </clothing>
 <clothing>
  <id>
   894726174
  </id>
  <name>
   PleinSport Jeans N-7992
  </name>
  <category>
   Jeans
  </category>
  <size>
   M
  </size>
  <color>
   Синий
  </color>
  <material>
   Лен
  </material>
  <price>
   195505
  </price>
  <rating>
   3.48
  </rating>
  <reviews>
   399969
  </reviews>
  <exclusive>
   no
  </exclusive>
  <sporty>
   yes
  </sporty>
 </clothing>
 <clothing>
  <id>
   857170175
  </id>
  <name>
   Brooks Belts P-6286
  </name>
  <category>
   Belts
  </category>
  <size>
   XL
  </size>
  <color>
   Синий
  </color>
  <material>
   Хлопок
  </material>
  <price>
   901843
  </price>
  <rating>
   1.39
  </rating>
  <reviews>
   613565
  </reviews>
  <exclusive>
   yes
  </exclusive>
  <sporty>
   no
  </sporty>
 </clothing>
 <clothing>
  <id>
   468205162
  </id>
  <name>
   Adidas Shoes U-6582
  </name>
  <category>
   Shoes
  </category>
  <size>
   L
  </size>
  <color>
   Желтый
  </color>
  <material>
   Лен
  </material>
  <price>
   903982
  </price>
  <rating>
   1.92
  </rating>
  <reviews>
   450535
  </reviews>
  <new>
   +
  </new>
  <exclusive>
   no
  </exclusive>
  <sporty>
   no
  </sporty>
 </clothing>
 <clothing>
  <id>
   646211486
  </id>
  <name>
   Adidas Shoes Y-1441
  </name>
  <category>
   Shoes
  </category>
  <size>
   S
  </size>
  <color>
   Зеленый
  </color>
  <material>
   Нейлон
  </material>
  <price>
   114847
  </price>
  <rating>
   4.8
  </rating>
  <reviews>
   514965
  </reviews>
  <new>
   +
  </new>
  <sporty>
   no
  </sporty>
 </clothing>
 <clothing>
  <id>
   241844162
  </id>
  <name>
   Under Armour Skirt S-6065
  </name>
  <category>
   Skirt
  </category>
  <size>
   L
  </size>
  <color>
   Голубой
  </color>
  <material>
   Нейлон
  </material>
  <price>
   956366
  </price>
  <rating>
   3.09
  </rating>
  <reviews>
   963008
  </reviews>
  <new>
   -
  </new>
 </clothing>
 <clothing>
  <id>
   806231130
  </id>
  <name>
   Under Armour Skirt F-7083
  </name>
  <category>
   Skirt
  </category>
  <size>
   S
  </size>
  <color>
   Желтый
  </color>
  <material>
   Лен
  </material>
  <price>
   524522
  </price>
  <rating>
   3.98
  </rating>
  <reviews>
   830926
  </reviews>
  <new>
   -
  </new>
 </clothing>
 <clothing>
  <id>
   584631045
  </id>
  <name>
   Asics Socks H-7871
  </name>
  <category>
   Socks
  </category>
  <size>
   XXL
  </size>
  <color>
   Фиолетовый
  </color>
  <material>
   Полиэстер
  </material>
  <price>
   319281
  </price>
  <rating>
   4.49
  </rating>
  <reviews>
   953894
  </reviews>
  <new>
   -
  </new>
  <exclusive>
   yes
  </exclusive>
  <sporty>
   no
  </sporty>
 </clothing>
 <clothing>
  <id>
   802048432
  </id>
  <name>
   Nike Socks U-5925
  </name>
  <category>
   Socks
  </category>
  <size>
   S
  </size>
  <color>
   Красный
  </color>
  <material>
   Шелк
  </material>
  <price>
   745417
  </price>
  <rating>
   2.41
  </rating>
  <reviews>
   335779
  </reviews>
  <new>
   +
  </new>
 </clothing>
 <clothing>
  <id>
   372918646
  </id>
  <name>
   Converse Umbrellas I-4585
  </name>
  <category>
   Umbrellas
  </category>
  <size>
   S
  </size>
  <color>
   Фиолетовый
  </color>
  <material>
   Шелк
  </material>
  <price>
   539349
  </price>
  <rating>
   4.2
  </rating>
  <reviews>
   467921
  </reviews>
  <exclusive>
   yes
  </exclusive>
 </clothing>
 <clothing>
  <id>
   272606191
  </id>
  <name>
   Lacoste Gloves C-7311
  </name>
  <category>
   Gloves
  </category>
  <size>
   XXL
  </size>
  <color>
   Зеленый
  </color>
  <material>
   Шелк
  </material>
  <price>
   203179
  </price>
  <rating>
   2.77
  </rating>
  <reviews>
   265453
  </reviews>
  <new>
   +
  </new>
  <sporty>
   no
  </sporty>
 </clothing>
 <clothing>
  <id>
   776759320
  </id>
  <name>
   Brooks Skirt C-4428
  </name>
  <category>
   Skirt
  </category>
  <size>
   L
  </size>
  <color>
   Синий
  </color>
  <material>
   Лен
  </material>
  <price>
   508965
  </price>
  <rating>
   4.68
  </rating>
  <reviews>
   966098
  </reviews>
  <sporty>
   no
  </sporty>
 </clothing>
 <clothing>
  <id>
   293270671
  </id>
  <name>
   Vans Shoes G-2929
  </name>
  <category>
   Shoes
  </category>
  <size>
   XXL
  </size>
  <color>
   Голубой
  </color>
  <material>
   Лен
  </material>
  <price>
   571115
  </price>
  <rating>
   3.01
  </rating>
  <reviews>
   496267
  </reviews>
  <new>
   +
  </new>
  <sporty>
   yes
  </sporty>
 </clothing>
 <clothing>
  <id>
   585739376
  </id>
  <name>
   Under Armour Dress G-8711
  </name>
  <category>
   Dress
  </category>
  <size>
   XL
  </size>
  <color>
   Зеленый
  </color>
  <material>
   Хлопок
  </material>
  <price>
   438373
  </price>
  <rating>
   4.22
  </rating>
  <reviews>
   871788
  </reviews>
  <new>
   -
  </new>
  <exclusive>
   yes
  </exclusive>
 </clothing>
 <clothing>
  <id>
   646080799
  </id>
  <name>
   Lacoste Skirt R-4866
  </name>
  <category>
   Skirt
  </category>
  <size>
   XL
  </size>
  <color>
   Оранжевый
  </color>
  <material>
   Полиэстер
  </material>
  <price>
   882982
  </price>
  <rating>
   4.84
  </rating>
  <reviews>
   6566
  </reviews>
  <exclusive>
   no
  </exclusive>
 </clothing>
 <clothing>
  <id>
   762391751
  </id>
  <name>
   Ellesse Umbrellas E-8487
  </name>
  <category>
   Umbrellas
  </category>
  <size>
   M
  </size>
  <color>
   Зеленый
  </color>
  <material>
   Вискоза
  </material>
  <price>
   302797
  </price>
  <rating>
   2.49
  </rating>
  <reviews>
   640906
  </reviews>
  <sporty>
   no
  </sporty>
 </clothing>
 <clothing>
  <id>
   416465574
  </id>
  <name>
   New Balance Hat L-1865
  </name>
  <category>
   Hat
  </category>
  <size>
   M
  </size>
  <color>
   Синий
  </color>
  <material>
   Нейлон
  </material>
  <price>
   491139
  </price>
  <rating>
   4.37
  </rating>
  <reviews>
   702549
  </reviews>
  <new>
   -
  </new>
  <exclusive>
   no
  </exclusive>
  <sporty>
   no
  </sporty>
 </clothing>
 <clothing>
  <id>
   835930777
  </id>
  <name>
   Converse Jacket S-3462
  </name>
  <category>
   Jacket
  </category>
  <size>
   XXL
  </size>
  <color>
   Желтый
  </color>
  <material>
   Полиэстер
  </material>
  <price>
   150134
  </price>
  <rating>
   2.1
  </rating>
  <reviews>
   31104
  </reviews>
 </clothing>
 <clothing>
  <id>
   120123695
  </id>
  <name>
   Fila Jacket V-1953
  </name>
  <category>
   Jacket
  </category>
  <size>
   L
  </size>
  <color>
   Синий
  </color>
  <material>
   Нейлон
  </material>
  <price>
   849212
  </price>
  <rating>
   2.63
  </rating>
  <reviews>
   444331
  </reviews>
  <new>
   -
  </new>
  <exclusive>
   yes
  </exclusive>
 </clothing>
 <clothing>
  <id>
   517704964
  </id>
  <name>
   DC Hat P-2894
  </name>
  <category>
   Hat
  </category>
  <size>
   L
  </size>
  <color>
   Голубой
  </color>
  <material>
   Шерсть
  </material>
  <price>
   135930
  </price>
  <rating>
   4.6
  </rating>
  <reviews>
   767869
  </reviews>
  <new>
   -
  </new>
  <sporty>
   no
  </sporty>
 </clothing>
 <clothing>
  <id>
   575451586
  </id>
  <name>
   Brooks Hat E-9209
  </name>
  <category>
   Hat
  </category>
  <size>
   XXL
  </size>
  <color>
   Голубой
  </color>
  <material>
   Полиэстер
  </material>
  <price>
   913074
  </price>
  <rating>
   4.47
  </rating>
  <reviews>
   933407
  </reviews>
  <new>
   -
  </new>
  <sporty>
   yes
  </sporty>
 </clothing>
</clothing-items>
