<?xml version="1.0" encoding="utf-8"?>
<clothing-items>
 <clothing>
  <id>
   963333437
  </id>
  <name>
   Lacoste Skirt D-1297
  </name>
  <category>
   Skirt
  </category>
  <size>
   XXL
  </size>
  <color>
   Голубой
  </color>
  <material>
   Хлопок
  </material>
  <price>
   668178
  </price>
  <rating>
   1.56
  </rating>
  <reviews>
   946310
  </reviews>
  <exclusive>
   no
  </exclusive>
 </clothing>
 <clothing>
  <id>
   462378527
  </id>
  <name>
   Addidas T-shirt Y-8702
  </name>
  <category>
   T-shirt
  </category>
  <size>
   S
  </size>
  <color>
   Красный
  </color>
  <material>
   Хлопок
  </material>
  <price>
   893184
  </price>
  <rating>
   2.31
  </rating>
  <reviews>
   780588
  </reviews>
  <new>
   -
  </new>
  <exclusive>
   yes
  </exclusive>
  <sporty>
   no
  </sporty>
 </clothing>
 <clothing>
  <id>
   741051591
  </id>
  <name>
   PleinSport Pants P-3227
  </name>
  <category>
   Pants
  </category>
  <size>
   XXL
  </size>
  <color>
   Фиолетовый
  </color>
  <material>
   Шелк
  </material>
  <price>
   727768
  </price>
  <rating>
   4.84
  </rating>
  <reviews>
   607648
  </reviews>
  <new>
   -
  </new>
  <exclusive>
   yes
  </exclusive>
  <sporty>
   no
  </sporty>
 </clothing>
 <clothing>
  <id>
   720058806
  </id>
  <name>
   Lacoste Sweater G-1953
  </name>
  <category>
   Sweater
  </category>
  <size>
   S
  </size>
  <color>
   Синий
  </color>
  <material>
   Шерсть
  </material>
  <price>
   604763
  </price>
  <rating>
   1.04
  </rating>
  <reviews>
   723418
  </reviews>
  <new>
   -
  </new>
 </clothing>
 <clothing>
  <id>
   761813469
  </id>
  <name>
   Addidas Umbrellas J-3244
  </name>
  <category>
   Umbrellas
  </category>
  <size>
   L
  </size>
  <color>
   Оранжевый
  </color>
  <material>
   Вискоза
  </material>
  <price>
   685122
  </price>
  <rating>
   2.85
  </rating>
  <reviews>
   447386
  </reviews>
  <new>
   +
  </new>
  <sporty>
   no
  </sporty>
 </clothing>
 <clothing>
  <id>
   675813044
  </id>
  <name>
   Nike Blouse E-7615
  </name>
  <category>
   Blouse
  </category>
  <size>
   M
  </size>
  <color>
   Голубой
  </color>
  <material>
   Хлопок
  </material>
  <price>
   525528
  </price>
  <rating>
   2.5
  </rating>
  <reviews>
   90986
  </reviews>
  <new>
   -
  </new>
  <exclusive>
   yes
  </exclusive>
  <sporty>
   yes
  </sporty>
 </clothing>
 <clothing>
  <id>
   168827677
  </id>
  <name>
   PleinSport Gloves S-8922
  </name>
  <category>
   Gloves
  </category>
  <size>
   M
  </size>
  <color>
   Голубой
  </color>
  <material>
   Шерсть
  </material>
  <price>
   547562
  </price>
  <rating>
   3.22
  </rating>
  <reviews>
   812503
  </reviews>
 </clothing>
 <clothing>
  <id>
   439792943
  </id>
  <name>
   PleinSport Pants J-3124
  </name>
  <category>
   Pants
  </category>
  <size>
   S
  </size>
  <color>
   Фиолетовый
  </color>
  <material>
   Хлопок
  </material>
  <price>
   988206
  </price>
  <rating>
   3.59
  </rating>
  <reviews>
   677389
  </reviews>
  <new>
   -
  </new>
  <exclusive>
   no
  </exclusive>
  <sporty>
   no
  </sporty>
 </clothing>
 <clothing>
  <id>
   249476408
  </id>
  <name>
   Converse Dress H-6571
  </name>
  <category>
   Dress
  </category>
  <size>
   XL
  </size>
  <color>
   Желтый
  </color>
  <material>
   Шерсть
  </material>
  <price>
   860157
  </price>
  <rating>
   1.31
  </rating>
  <reviews>
   66774
  </reviews>
  <new>
   -
  </new>
  <sporty>
   no
  </sporty>
 </clothing>
 <clothing>
  <id>
   229222175
  </id>
  <name>
   Lacoste Blouse R-9065
  </name>
  <category>
   Blouse
  </category>
  <size>
   XL
  </size>
  <color>
   Зеленый
  </color>
  <material>
   Нейлон
  </material>
  <price>
   920930
  </price>
  <rating>
   2.84
  </rating>
  <reviews>
   957672
  </reviews>
  <new>
   -
  </new>
  <sporty>
   yes
  </sporty>
 </clothing>
 <clothing>
  <id>
   260711342
  </id>
  <name>
   Brooks Handbags D-7365
  </name>
  <category>
   Handbags
  </category>
  <size>
   L
  </size>
  <color>
   Оранжевый
  </color>
  <material>
   Вискоза
  </material>
  <price>
   754905
  </price>
  <rating>
   1.32
  </rating>
  <reviews>
   758029
  </reviews>
  <new>
   +
  </new>
 </clothing>
 <clothing>
  <id>
   666772412
  </id>
  <name>
   Addidas Handbags F-1635
  </name>
  <category>
   Handbags
  </category>
  <size>
   XXL
  </size>
  <color>
   Оранжевый
  </color>
  <material>
   Хлопок
  </material>
  <price>
   260750
  </price>
  <rating>
   2.27
  </rating>
  <reviews>
   22428
  </reviews>
  <new>
   +
  </new>
 </clothing>
 <clothing>
  <id>
   639670404
  </id>
  <name>
   Reebok Skirt L-1984
  </name>
  <category>
   Skirt
  </category>
  <size>
   XL
  </size>
  <color>
   Желтый
  </color>
  <material>
   Шерсть
  </material>
  <price>
   357219
  </price>
  <rating>
   2.16
  </rating>
  <reviews>
   734649
  </reviews>
  <new>
   +
  </new>
  <exclusive>
   no
  </exclusive>
 </clothing>
 <clothing>
  <id>
   922464603
  </id>
  <name>
   Reebok Belts D-5422
  </name>
  <category>
   Belts
  </category>
  <size>
   L
  </size>
  <color>
   Голубой
  </color>
  <material>
   Хлопок
  </material>
  <price>
   691475
  </price>
  <rating>
   2.46
  </rating>
  <reviews>
   688782
  </reviews>
  <new>
   -
  </new>
  <exclusive>
   yes
  </exclusive>
 </clothing>
 <clothing>
  <id>
   135745284
  </id>
  <name>
   PleinSport Belts O-1941
  </name>
  <category>
   Belts
  </category>
  <size>
   L
  </size>
  <color>
   Зеленый
  </color>
  <material>
   Кожа
  </material>
  <price>
   869874
  </price>
  <rating>
   1.22
  </rating>
  <reviews>
   162566
  </reviews>
  <new>
   -
  </new>
  <exclusive>
   no
  </exclusive>
 </clothing>
 <clothing>
  <id>
   770312308
  </id>
  <name>
   Puma Blouse U-8459
  </name>
  <category>
   Blouse
  </category>
  <size>
   XL
  </size>
  <color>
   Зеленый
  </color>
  <material>
   Нейлон
  </material>
  <price>
   592158
  </price>
  <rating>
   3.01
  </rating>
  <reviews>
   24049
  </reviews>
  <new>
   -
  </new>
  <exclusive>
   yes
  </exclusive>
  <sporty>
   yes
  </sporty>
 </clothing>
 <clothing>
  <id>
   110507298
  </id>
  <name>
   Converse Pants J-3405
  </name>
  <category>
   Pants
  </category>
  <size>
   S
  </size>
  <color>
   Фиолетовый
  </color>
  <material>
   Шерсть
  </material>
  <price>
   758831
  </price>
  <rating>
   1.38
  </rating>
  <reviews>
   584544
  </reviews>
  <new>
   -
  </new>
  <sporty>
   yes
  </sporty>
 </clothing>
 <clothing>
  <id>
   185863984
  </id>
  <name>
   Vans Dress L-1955
  </name>
  <category>
   Dress
  </category>
  <size>
   L
  </size>
  <color>
   Фиолетовый
  </color>
  <material>
   Хлопок
  </material>
  <price>
   211979
  </price>
  <rating>
   3.04
  </rating>
  <reviews>
   158252
  </reviews>
  <new>
   -
  </new>
 </clothing>
 <clothing>
  <id>
   243228886
  </id>
  <name>
   PleinSport T-shirt C-3995
  </name>
  <category>
   T-shirt
  </category>
  <size>
   XXL
  </size>
  <color>
   Красный
  </color>
  <material>
   Шелк
  </material>
  <price>
   640885
  </price>
  <rating>
   1.95
  </rating>
  <reviews>
   667377
  </reviews>
  <new>
   -
  </new>
 </clothing>
 <clothing>
  <id>
   467683705
  </id>
  <name>
   DC Skirt B-6327
  </name>
  <category>
   Skirt
  </category>
  <size>
   M
  </size>
  <color>
   Желтый
  </color>
  <material>
   Полиэстер
  </material>
  <price>
   370862
  </price>
  <rating>
   1.5
  </rating>
  <reviews>
   324844
  </reviews>
  <exclusive>
   yes
  </exclusive>
 </clothing>
 <clothing>
  <id>
   907878632
  </id>
  <name>
   Lacoste Dress R-1165
  </name>
  <category>
   Dress
  </category>
  <size>
   XXL
  </size>
  <color>
   Желтый
  </color>
  <material>
   Нейлон
  </material>
  <price>
   462682
  </price>
  <rating>
   1.18
  </rating>
  <reviews>
   716321
  </reviews>
  <exclusive>
   no
  </exclusive>
 </clothing>
 <clothing>
  <id>
   912028350
  </id>
  <name>
   Addidas T-shirt R-9230
  </name>
  <category>
   T-shirt
  </category>
  <size>
   XXL
  </size>
  <color>
   Красный
  </color>
  <material>
   Шелк
  </material>
  <price>
   946004
  </price>
  <rating>
   4.43
  </rating>
  <reviews>
   108668
  </reviews>
  <new>
   -
  </new>
  <sporty>
   no
  </sporty>
 </clothing>
 <clothing>
  <id>
   265507431
  </id>
  <name>
   Under Armour Shirt S-1325
  </name>
  <category>
   Shirt
  </category>
  <size>
   S
  </size>
  <color>
   Зеленый
  </color>
  <material>
   Хлопок
  </material>
  <price>
   736122
  </price>
  <rating>
   2.37
  </rating>
  <reviews>
   289920
  </reviews>
  <exclusive>
   no
  </exclusive>
  <sporty>
   no
  </sporty>
 </clothing>
 <clothing>
  <id>
   720934615
  </id>
  <name>
   Adidas Jeans L-9253
  </name>
  <category>
   Jeans
  </category>
  <size>
   XXL
  </size>
  <color>
   Красный
  </color>
  <material>
   Хлопок
  </material>
  <price>
   746974
  </price>
  <rating>
   1.52
  </rating>
  <reviews>
   119753
  </reviews>
  <new>
   +
  </new>
  <exclusive>
   no
  </exclusive>
  <sporty>
   no
  </sporty>
 </clothing>
 <clothing>
  <id>
   102190112
  </id>
  <name>
   Nike Sweater O-6236
  </name>
  <category>
   Sweater
  </category>
  <size>
   S
  </size>
  <color>
   Синий
  </color>
  <material>
   Шерсть
  </material>
  <price>
   943369
  </price>
  <rating>
   3.64
  </rating>
  <reviews>
   412431
  </reviews>
  <sporty>
   no
  </sporty>
 </clothing>
 <clothing>
  <id>
   577161571
  </id>
  <name>
   Fila Hat Q-3403
  </name>
  <category>
   Hat
  </category>
  <size>
   M
  </size>
  <color>
   Фиолетовый
  </color>
  <material>
   Хлопок
  </material>
  <price>
   754579
  </price>
  <rating>
   2.85
  </rating>
  <reviews>
   68487
  </reviews>
  <new>
   +
  </new>
  <sporty>
   no
  </sporty>
 </clothing>
 <clothing>
  <id>
   653134939
  </id>
  <name>
   Nike Jeans V-1772
  </name>
  <category>
   Jeans
  </category>
  <size>
   S
  </size>
  <color>
   Синий
  </color>
  <material>
   Кожа
  </material>
  <price>
   485803
  </price>
  <rating>
   3.44
  </rating>
  <reviews>
   729061
  </reviews>
  <new>
   +
  </new>
 </clothing>
 <clothing>
  <id>
   597492726
  </id>
  <name>
   DC T-shirt S-8595
  </name>
  <category>
   T-shirt
  </category>
  <size>
   XL
  </size>
  <color>
   Оранжевый
  </color>
  <material>
   Полиэстер
  </material>
  <price>
   365853
  </price>
  <rating>
   4.48
  </rating>
  <reviews>
   675863
  </reviews>
  <new>
   -
  </new>
 </clothing>
 <clothing>
  <id>
   806356128
  </id>
  <name>
   Fila Pants U-4179
  </name>
  <category>
   Pants
  </category>
  <size>
   L
  </size>
  <color>
   Фиолетовый
  </color>
  <material>
   Хлопок
  </material>
  <price>
   561167
  </price>
  <rating>
   3.79
  </rating>
  <reviews>
   996937
  </reviews>
  <new>
   +
  </new>
  <exclusive>
   yes
  </exclusive>
 </clothing>
 <clothing>
  <id>
   719849411
  </id>
  <name>
   PleinSport Gloves P-5031
  </name>
  <category>
   Gloves
  </category>
  <size>
   M
  </size>
  <color>
   Фиолетовый
  </color>
  <material>
   Нейлон
  </material>
  <price>
   809029
  </price>
  <rating>
   3.58
  </rating>
  <reviews>
   911819
  </reviews>
  <exclusive>
   no
  </exclusive>
 </clothing>
 <clothing>
  <id>
   579636910
  </id>
  <name>
   Puma Socks O-9723
  </name>
  <category>
   Socks
  </category>
  <size>
   XL
  </size>
  <color>
   Желтый
  </color>
  <material>
   Нейлон
  </material>
  <price>
   753486
  </price>
  <rating>
   1.61
  </rating>
  <reviews>
   35221
  </reviews>
  <exclusive>
   no
  </exclusive>
  <sporty>
   no
  </sporty>
 </clothing>
 <clothing>
  <id>
   479893708
  </id>
  <name>
   Nike Blouse E-5580
  </name>
  <category>
   Blouse
  </category>
  <size>
   M
  </size>
  <color>
   Желтый
  </color>
  <material>
   Хлопок
  </material>
  <price>
   340717
  </price>
  <rating>
   3.76
  </rating>
  <reviews>
   347993
  </reviews>
  <sporty>
   no
  </sporty>
 </clothing>
 <clothing>
  <id>
   281175250
  </id>
  <name>
   Asics T-shirt X-5019
  </name>
  <category>
   T-shirt
  </category>
  <size>
   XXL
  </size>
  <color>
   Красный
  </color>
  <material>
   Шерсть
  </material>
  <price>
   694153
  </price>
  <rating>
   4.55
  </rating>
  <reviews>
   1540
  </reviews>
  <new>
   +
  </new>
 </clothing>
 <clothing>
  <id>
   864400548
  </id>
  <name>
   Puma Shirt P-2930
  </name>
  <category>
   Shirt
  </category>
  <size>
   XL
  </size>
  <color>
   Голубой
  </color>
  <material>
   Шелк
  </material>
  <price>
   307829
  </price>
  <rating>
   4.36
  </rating>
  <reviews>
   140999
  </reviews>
  <new>
   -
  </new>
  <sporty>
   yes
  </sporty>
 </clothing>
 <clothing>
  <id>
   169448904
  </id>
  <name>
   Converse T-shirt K-3473
  </name>
  <category>
   T-shirt
  </category>
  <size>
   S
  </size>
  <color>
   Фиолетовый
  </color>
  <material>
   Кожа
  </material>
  <price>
   426635
  </price>
  <rating>
   2.43
  </rating>
  <reviews>
   16494
  </reviews>
  <new>
   -
  </new>
  <exclusive>
   no
  </exclusive>
 </clothing>
 <clothing>
  <id>
   886323746
  </id>
  <name>
   Brooks Socks W-4559
  </name>
  <category>
   Socks
  </category>
  <size>
   M
  </size>
  <color>
   Фиолетовый
  </color>
  <material>
   Хлопок
  </material>
  <price>
   286785
  </price>
  <rating>
   2.19
  </rating>
  <reviews>
   89195
  </reviews>
  <new>
   -
  </new>
  <exclusive>
   no
  </exclusive>
  <sporty>
   yes
  </sporty>
 </clothing>
 <clothing>
  <id>
   630940485
  </id>
  <name>
   Asics Blouse K-4188
  </name>
  <category>
   Blouse
  </category>
  <size>
   L
  </size>
  <color>
   Красный
  </color>
  <material>
   Шелк
  </material>
  <price>
   804927
  </price>
  <rating>
   4.6
  </rating>
  <reviews>
   745182
  </reviews>
  <new>
   -
  </new>
  <sporty>
   no
  </sporty>
 </clothing>
 <clothing>
  <id>
   147554836
  </id>
  <name>
   PleinSport Hat J-2310
  </name>
  <category>
   Hat
  </category>
  <size>
   XL
  </size>
  <color>
   Фиолетовый
  </color>
  <material>
   Кожа
  </material>
  <price>
   305220
  </price>
  <rating>
   4.46
  </rating>
  <reviews>
   722120
  </reviews>
  <exclusive>
   no
  </exclusive>
  <sporty>
   yes
  </sporty>
 </clothing>
 <clothing>
  <id>
   551214143
  </id>
  <name>
   Converse Shoes F-3909
  </name>
  <category>
   Shoes
  </category>
  <size>
   M
  </size>
  <color>
   Оранжевый
  </color>
  <material>
   Хлопок
  </material>
  <price>
   113487
  </price>
  <rating>
   2.75
  </rating>
  <reviews>
   974437
  </reviews>
  <exclusive>
   no
  </exclusive>
  <sporty>
   yes
  </sporty>
 </clothing>
 <clothing>
  <id>
   524816315
  </id>
  <name>
   Lacoste Blouse F-7992
  </name>
  <category>
   Blouse
  </category>
  <size>
   XL
  </size>
  <color>
   Голубой
  </color>
  <material>
   Полиэстер
  </material>
  <price>
   489384
  </price>
  <rating>
   2.23
  </rating>
  <reviews>
   542963
  </reviews>
  <exclusive>
   no
  </exclusive>
  <sporty>
   no
  </sporty>
 </clothing>
 <clothing>
  <id>
   107681526
  </id>
  <name>
   Ellesse Umbrellas U-6164
  </name>
  <category>
   Umbrellas
  </category>
  <size>
   XL
  </size>
  <color>
   Голубой
  </color>
  <material>
   Шерсть
  </material>
  <price>
   742244
  </price>
  <rating>
   3.79
  </rating>
  <reviews>
   207369
  </reviews>
  <sporty>
   no
  </sporty>
 </clothing>
 <clothing>
  <id>
   596312435
  </id>
  <name>
   Under Armour Gloves U-3160
  </name>
  <category>
   Gloves
  </category>
  <size>
   XXL
  </size>
  <color>
   Зеленый
  </color>
  <material>
   Кожа
  </material>
  <price>
   456660
  </price>
  <rating>
   3.99
  </rating>
  <reviews>
   922623
  </reviews>
  <exclusive>
   no
  </exclusive>
  <sporty>
   no
  </sporty>
 </clothing>
 <clothing>
  <id>
   419807184
  </id>
  <name>
   Asics Shoes R-1671
  </name>
  <category>
   Shoes
  </category>
  <size>
   XXL
  </size>
  <color>
   Красный
  </color>
  <material>
   Кожа
  </material>
  <price>
   791371
  </price>
  <rating>
   4.77
  </rating>
  <reviews>
   98044
  </reviews>
  <new>
   +
  </new>
  <sporty>
   no
  </sporty>
 </clothing>
 <clothing>
  <id>
   517644471
  </id>
  <name>
   DC Belts N-5012
  </name>
  <category>
   Belts
  </category>
  <size>
   XXL
  </size>
  <color>
   Фиолетовый
  </color>
  <material>
   Кожа
  </material>
  <price>
   453852
  </price>
  <rating>
   4.53
  </rating>
  <reviews>
   2187
  </reviews>
  <new>
   -
  </new>
  <exclusive>
   yes
  </exclusive>
  <sporty>
   no
  </sporty>
 </clothing>
 <clothing>
  <id>
   321847672
  </id>
  <name>
   Addidas Hat L-6664
  </name>
  <category>
   Hat
  </category>
  <size>
   L
  </size>
  <color>
   Голубой
  </color>
  <material>
   Лен
  </material>
  <price>
   975078
  </price>
  <rating>
   3.47
  </rating>
  <reviews>
   211656
  </reviews>
  <sporty>
   yes
  </sporty>
 </clothing>
 <clothing>
  <id>
   789761244
  </id>
  <name>
   Ellesse Shoes G-2756
  </name>
  <category>
   Shoes
  </category>
  <size>
   L
  </size>
  <color>
   Фиолетовый
  </color>
  <material>
   Нейлон
  </material>
  <price>
   510943
  </price>
  <rating>
   3.92
  </rating>
  <reviews>
   719430
  </reviews>
  <exclusive>
   no
  </exclusive>
  <sporty>
   yes
  </sporty>
 </clothing>
 <clothing>
  <id>
   466217492
  </id>
  <name>
   Converse Pants L-9970
  </name>
  <category>
   Pants
  </category>
  <size>
   M
  </size>
  <color>
   Голубой
  </color>
  <material>
   Вискоза
  </material>
  <price>
   564392
  </price>
  <rating>
   1.26
  </rating>
  <reviews>
   161975
  </reviews>
  <exclusive>
   no
  </exclusive>
 </clothing>
 <clothing>
  <id>
   412292406
  </id>
  <name>
   DC Umbrellas D-5956
  </name>
  <category>
   Umbrellas
  </category>
  <size>
   S
  </size>
  <color>
   Голубой
  </color>
  <material>
   Хлопок
  </material>
  <price>
   462685
  </price>
  <rating>
   4.97
  </rating>
  <reviews>
   797067
  </reviews>
  <new>
   -
  </new>
  <exclusive>
   no
  </exclusive>
  <sporty>
   no
  </sporty>
 </clothing>
</clothing-items>
