<?xml version="1.0" encoding="utf-8"?>
<clothing-items>
 <clothing>
  <id>
   244268653
  </id>
  <name>
   Puma Hat F-9463
  </name>
  <category>
   Hat
  </category>
  <size>
   L
  </size>
  <color>
   Зеленый
  </color>
  <material>
   Хлопок
  </material>
  <price>
   103003
  </price>
  <rating>
   1.81
  </rating>
  <reviews>
   433961
  </reviews>
  <sporty>
   no
  </sporty>
 </clothing>
 <clothing>
  <id>
   143174390
  </id>
  <name>
   Converse Blouse W-8068
  </name>
  <category>
   Blouse
  </category>
  <size>
   S
  </size>
  <color>
   Красный
  </color>
  <material>
   Полиэстер
  </material>
  <price>
   879862
  </price>
  <rating>
   3.4
  </rating>
  <reviews>
   992133
  </reviews>
  <new>
   -
  </new>
  <exclusive>
   no
  </exclusive>
  <sporty>
   no
  </sporty>
 </clothing>
 <clothing>
  <id>
   256046257
  </id>
  <name>
   Brooks Belts K-2549
  </name>
  <category>
   Belts
  </category>
  <size>
   XXL
  </size>
  <color>
   Фиолетовый
  </color>
  <material>
   Шелк
  </material>
  <price>
   776819
  </price>
  <rating>
   4.62
  </rating>
  <reviews>
   225746
  </reviews>
  <new>
   +
  </new>
  <sporty>
   yes
  </sporty>
 </clothing>
 <clothing>
  <id>
   752933925
  </id>
  <name>
   Converse Skirt G-8041
  </name>
  <category>
   Skirt
  </category>
  <size>
   L
  </size>
  <color>
   Голубой
  </color>
  <material>
   Нейлон
  </material>
  <price>
   842160
  </price>
  <rating>
   2.48
  </rating>
  <reviews>
   938235
  </reviews>
 </clothing>
 <clothing>
  <id>
   793964072
  </id>
  <name>
   PleinSport Pants R-3883
  </name>
  <category>
   Pants
  </category>
  <size>
   S
  </size>
  <color>
   Зеленый
  </color>
  <material>
   Нейлон
  </material>
  <price>
   521361
  </price>
  <rating>
   4.78
  </rating>
  <reviews>
   991430
  </reviews>
  <exclusive>
   yes
  </exclusive>
  <sporty>
   yes
  </sporty>
 </clothing>
 <clothing>
  <id>
   603398757
  </id>
  <name>
   Addidas Sweater Z-1041
  </name>
  <category>
   Sweater
  </category>
  <size>
   XXL
  </size>
  <color>
   Оранжевый
  </color>
  <material>
   Вискоза
  </material>
  <price>
   695397
  </price>
  <rating>
   2.43
  </rating>
  <reviews>
   82079
  </reviews>
  <new>
   +
  </new>
  <exclusive>
   no
  </exclusive>
 </clothing>
 <clothing>
  <id>
   379075721
  </id>
  <name>
   Converse Umbrellas W-4828
  </name>
  <category>
   Umbrellas
  </category>
  <size>
   S
  </size>
  <color>
   Желтый
  </color>
  <material>
   Шелк
  </material>
  <price>
   755241
  </price>
  <rating>
   2.88
  </rating>
  <reviews>
   335381
  </reviews>
  <sporty>
   no
  </sporty>
 </clothing>
 <clothing>
  <id>
   867204679
  </id>
  <name>
   PleinSport Skirt P-1785
  </name>
  <category>
   Skirt
  </category>
  <size>
   XL
  </size>
  <color>
   Зеленый
  </color>
  <material>
   Полиэстер
  </material>
  <price>
   885318
  </price>
  <rating>
   1.91
  </rating>
  <reviews>
   819116
  </reviews>
  <new>
   -
  </new>
  <exclusive>
   no
  </exclusive>
  <sporty>
   no
  </sporty>
 </clothing>
 <clothing>
  <id>
   373991232
  </id>
  <name>
   PleinSport Socks V-2108
  </name>
  <category>
   Socks
  </category>
  <size>
   XXL
  </size>
  <color>
   Голубой
  </color>
  <material>
   Лен
  </material>
  <price>
   422310
  </price>
  <rating>
   2.73
  </rating>
  <reviews>
   382221
  </reviews>
  <new>
   +
  </new>
  <exclusive>
   no
  </exclusive>
 </clothing>
 <clothing>
  <id>
   958045650
  </id>
  <name>
   Reebok Shirt U-5620
  </name>
  <category>
   Shirt
  </category>
  <size>
   XL
  </size>
  <color>
   Синий
  </color>
  <material>
   Шелк
  </material>
  <price>
   211634
  </price>
  <rating>
   3.2
  </rating>
  <reviews>
   373179
  </reviews>
  <exclusive>
   no
  </exclusive>
 </clothing>
 <clothing>
  <id>
   368511245
  </id>
  <name>
   Fila Shirt V-1644
  </name>
  <category>
   Shirt
  </category>
  <size>
   L
  </size>
  <color>
   Красный
  </color>
  <material>
   Нейлон
  </material>
  <price>
   561453
  </price>
  <rating>
   4.26
  </rating>
  <reviews>
   142424
  </reviews>
  <new>
   -
  </new>
  <exclusive>
   no
  </exclusive>
 </clothing>
 <clothing>
  <id>
   944996603
  </id>
  <name>
   DC Pants M-1504
  </name>
  <category>
   Pants
  </category>
  <size>
   XL
  </size>
  <color>
   Оранжевый
  </color>
  <material>
   Хлопок
  </material>
  <price>
   892554
  </price>
  <rating>
   3.31
  </rating>
  <reviews>
   992231
  </reviews>
  <new>
   -
  </new>
  <sporty>
   no
  </sporty>
 </clothing>
 <clothing>
  <id>
   661433150
  </id>
  <name>
   Nike Umbrellas A-8464
  </name>
  <category>
   Umbrellas
  </category>
  <size>
   S
  </size>
  <color>
   Голубой
  </color>
  <material>
   Вискоза
  </material>
  <price>
   250703
  </price>
  <rating>
   1.74
  </rating>
  <reviews>
   396641
  </reviews>
  <new>
   -
  </new>
  <exclusive>
   no
  </exclusive>
 </clothing>
 <clothing>
  <id>
   823283135
  </id>
  <name>
   Addidas T-shirt S-9438
  </name>
  <category>
   T-shirt
  </category>
  <size>
   XXL
  </size>
  <color>
   Зеленый
  </color>
  <material>
   Вискоза
  </material>
  <price>
   875652
  </price>
  <rating>
   2.84
  </rating>
  <reviews>
   930080
  </reviews>
  <new>
   -
  </new>
  <exclusive>
   yes
  </exclusive>
 </clothing>
 <clothing>
  <id>
   668812095
  </id>
  <name>
   Addidas Jeans P-8686
  </name>
  <category>
   Jeans
  </category>
  <size>
   L
  </size>
  <color>
   Зеленый
  </color>
  <material>
   Хлопок
  </material>
  <price>
   871508
  </price>
  <rating>
   3.08
  </rating>
  <reviews>
   771465
  </reviews>
  <new>
   +
  </new>
  <exclusive>
   no
  </exclusive>
 </clothing>
 <clothing>
  <id>
   138382575
  </id>
  <name>
   Asics Umbrellas M-5211
  </name>
  <category>
   Umbrellas
  </category>
  <size>
   M
  </size>
  <color>
   Желтый
  </color>
  <material>
   Лен
  </material>
  <price>
   181363
  </price>
  <rating>
   3.77
  </rating>
  <reviews>
   82284
  </reviews>
  <exclusive>
   yes
  </exclusive>
  <sporty>
   no
  </sporty>
 </clothing>
 <clothing>
  <id>
   184175071
  </id>
  <name>
   Puma Hat H-5837
  </name>
  <category>
   Hat
  </category>
  <size>
   XXL
  </size>
  <color>
   Фиолетовый
  </color>
  <material>
   Лен
  </material>
  <price>
   828786
  </price>
  <rating>
   4.9
  </rating>
  <reviews>
   149243
  </reviews>
  <new>
   -
  </new>
  <exclusive>
   yes
  </exclusive>
  <sporty>
   no
  </sporty>
 </clothing>
 <clothing>
  <id>
   623899618
  </id>
  <name>
   Under Armour T-shirt A-6910
  </name>
  <category>
   T-shirt
  </category>
  <size>
   M
  </size>
  <color>
   Фиолетовый
  </color>
  <material>
   Лен
  </material>
  <price>
   191334
  </price>
  <rating>
   1.51
  </rating>
  <reviews>
   416937
  </reviews>
  <exclusive>
   yes
  </exclusive>
  <sporty>
   yes
  </sporty>
 </clothing>
 <clothing>
  <id>
   200050410
  </id>
  <name>
   PleinSport Hat N-7172
  </name>
  <category>
   Hat
  </category>
  <size>
   XL
  </size>
  <color>
   Оранжевый
  </color>
  <material>
   Лен
  </material>
  <price>
   895845
  </price>
  <rating>
   4.72
  </rating>
  <reviews>
   264672
  </reviews>
 </clothing>
 <clothing>
  <id>
   163529427
  </id>
  <name>
   New Balance Hat B-7428
  </name>
  <category>
   Hat
  </category>
  <size>
   XL
  </size>
  <color>
   Фиолетовый
  </color>
  <material>
   Кожа
  </material>
  <price>
   868598
  </price>
  <rating>
   4.37
  </rating>
  <reviews>
   358065
  </reviews>
  <new>
   +
  </new>
  <exclusive>
   no
  </exclusive>
  <sporty>
   yes
  </sporty>
 </clothing>
 <clothing>
  <id>
   404163114
  </id>
  <name>
   Puma Shoes P-8796
  </name>
  <category>
   Shoes
  </category>
  <size>
   M
  </size>
  <color>
   Оранжевый
  </color>
  <material>
   Шелк
  </material>
  <price>
   471333
  </price>
  <rating>
   4.15
  </rating>
  <reviews>
   535708
  </reviews>
  <new>
   -
  </new>
  <exclusive>
   no
  </exclusive>
 </clothing>
 <clothing>
  <id>
   104641020
  </id>
  <name>
   Fila Belts A-3289
  </name>
  <category>
   Belts
  </category>
  <size>
   XL
  </size>
  <color>
   Оранжевый
  </color>
  <material>
   Полиэстер
  </material>
  <price>
   642077
  </price>
  <rating>
   3.79
  </rating>
  <reviews>
   407898
  </reviews>
  <new>
   +
  </new>
  <sporty>
   yes
  </sporty>
 </clothing>
 <clothing>
  <id>
   464426535
  </id>
  <name>
   Ellesse Jeans R-2394
  </name>
  <category>
   Jeans
  </category>
  <size>
   XXL
  </size>
  <color>
   Желтый
  </color>
  <material>
   Лен
  </material>
  <price>
   232877
  </price>
  <rating>
   1.69
  </rating>
  <reviews>
   475274
  </reviews>
  <new>
   +
  </new>
  <exclusive>
   yes
  </exclusive>
  <sporty>
   yes
  </sporty>
 </clothing>
 <clothing>
  <id>
   388436459
  </id>
  <name>
   PleinSport Jacket W-2855
  </name>
  <category>
   Jacket
  </category>
  <size>
   L
  </size>
  <color>
   Фиолетовый
  </color>
  <material>
   Кожа
  </material>
  <price>
   285237
  </price>
  <rating>
   4.82
  </rating>
  <reviews>
   181113
  </reviews>
  <sporty>
   yes
  </sporty>
 </clothing>
 <clothing>
  <id>
   112051702
  </id>
  <name>
   New Balance Jacket Y-3401
  </name>
  <category>
   Jacket
  </category>
  <size>
   S
  </size>
  <color>
   Фиолетовый
  </color>
  <material>
   Кожа
  </material>
  <price>
   113535
  </price>
  <rating>
   4.58
  </rating>
  <reviews>
   795035
  </reviews>
  <new>
   -
  </new>
  <exclusive>
   no
  </exclusive>
 </clothing>
 <clothing>
  <id>
   597606033
  </id>
  <name>
   Adidas Shoes Y-7683
  </name>
  <category>
   Shoes
  </category>
  <size>
   XXL
  </size>
  <color>
   Красный
  </color>
  <material>
   Кожа
  </material>
  <price>
   269399
  </price>
  <rating>
   4.63
  </rating>
  <reviews>
   561751
  </reviews>
  <sporty>
   no
  </sporty>
 </clothing>
 <clothing>
  <id>
   366669891
  </id>
  <name>
   Ellesse Pants V-3881
  </name>
  <category>
   Pants
  </category>
  <size>
   XL
  </size>
  <color>
   Оранжевый
  </color>
  <material>
   Шелк
  </material>
  <price>
   735571
  </price>
  <rating>
   2.25
  </rating>
  <reviews>
   983958
  </reviews>
  <new>
   -
  </new>
  <sporty>
   no
  </sporty>
 </clothing>
 <clothing>
  <id>
   290310037
  </id>
  <name>
   Brooks Shoes D-7108
  </name>
  <category>
   Shoes
  </category>
  <size>
   M
  </size>
  <color>
   Красный
  </color>
  <material>
   Нейлон
  </material>
  <price>
   509257
  </price>
  <rating>
   2.91
  </rating>
  <reviews>
   239495
  </reviews>
  <sporty>
   no
  </sporty>
 </clothing>
 <clothing>
  <id>
   792447139
  </id>
  <name>
   Addidas Dress U-9462
  </name>
  <category>
   Dress
  </category>
  <size>
   XXL
  </size>
  <color>
   Синий
  </color>
  <material>
   Шерсть
  </material>
  <price>
   835800
  </price>
  <rating>
   2.27
  </rating>
  <reviews>
   598634
  </reviews>
  <exclusive>
   yes
  </exclusive>
  <sporty>
   no
  </sporty>
 </clothing>
 <clothing>
  <id>
   967337773
  </id>
  <name>
   Reebok Gloves D-7217
  </name>
  <category>
   Gloves
  </category>
  <size>
   XL
  </size>
  <color>
   Голубой
  </color>
  <material>
   Хлопок
  </material>
  <price>
   772022
  </price>
  <rating>
   4.35
  </rating>
  <reviews>
   144178
  </reviews>
  <exclusive>
   no
  </exclusive>
 </clothing>
 <clothing>
  <id>
   396073377
  </id>
  <name>
   Vans Sweater B-2992
  </name>
  <category>
   Sweater
  </category>
  <size>
   XXL
  </size>
  <color>
   Синий
  </color>
  <material>
   Лен
  </material>
  <price>
   278682
  </price>
  <rating>
   2.5
  </rating>
  <reviews>
   863752
  </reviews>
  <new>
   +
  </new>
  <exclusive>
   no
  </exclusive>
 </clothing>
 <clothing>
  <id>
   800593428
  </id>
  <name>
   Puma Handbags G-3819
  </name>
  <category>
   Handbags
  </category>
  <size>
   M
  </size>
  <color>
   Желтый
  </color>
  <material>
   Кожа
  </material>
  <price>
   139875
  </price>
  <rating>
   3.65
  </rating>
  <reviews>
   870083
  </reviews>
  <exclusive>
   no
  </exclusive>
  <sporty>
   no
  </sporty>
 </clothing>
 <clothing>
  <id>
   890391203
  </id>
  <name>
   New Balance Umbrellas U-1157
  </name>
  <category>
   Umbrellas
  </category>
  <size>
   XXL
  </size>
  <color>
   Желтый
  </color>
  <material>
   Полиэстер
  </material>
  <price>
   926222
  </price>
  <rating>
   3.38
  </rating>
  <reviews>
   157829
  </reviews>
  <sporty>
   yes
  </sporty>
 </clothing>
 <clothing>
  <id>
   166893498
  </id>
  <name>
   Under Armour Shoes D-2186
  </name>
  <category>
   Shoes
  </category>
  <size>
   XXL
  </size>
  <color>
   Фиолетовый
  </color>
  <material>
   Нейлон
  </material>
  <price>
   307264
  </price>
  <rating>
   1.17
  </rating>
  <reviews>
   333073
  </reviews>
  <new>
   -
  </new>
  <exclusive>
   no
  </exclusive>
  <sporty>
   no
  </sporty>
 </clothing>
 <clothing>
  <id>
   249520763
  </id>
  <name>
   PleinSport Jacket R-5167
  </name>
  <category>
   Jacket
  </category>
  <size>
   L
  </size>
  <color>
   Фиолетовый
  </color>
  <material>
   Полиэстер
  </material>
  <price>
   393977
  </price>
  <rating>
   1.53
  </rating>
  <reviews>
   422709
  </reviews>
  <new>
   +
  </new>
  <sporty>
   no
  </sporty>
 </clothing>
 <clothing>
  <id>
   897064220
  </id>
  <name>
   Vans T-shirt F-8007
  </name>
  <category>
   T-shirt
  </category>
  <size>
   M
  </size>
  <color>
   Оранжевый
  </color>
  <material>
   Кожа
  </material>
  <price>
   600134
  </price>
  <rating>
   4.2
  </rating>
  <reviews>
   551468
  </reviews>
  <exclusive>
   no
  </exclusive>
  <sporty>
   yes
  </sporty>
 </clothing>
 <clothing>
  <id>
   645802536
  </id>
  <name>
   Lacoste T-shirt L-7732
  </name>
  <category>
   T-shirt
  </category>
  <size>
   S
  </size>
  <color>
   Оранжевый
  </color>
  <material>
   Нейлон
  </material>
  <price>
   642288
  </price>
  <rating>
   3.14
  </rating>
  <reviews>
   914841
  </reviews>
  <sporty>
   yes
  </sporty>
 </clothing>
 <clothing>
  <id>
   253076736
  </id>
  <name>
   DC Handbags F-7202
  </name>
  <category>
   Handbags
  </category>
  <size>
   XL
  </size>
  <color>
   Зеленый
  </color>
  <material>
   Шелк
  </material>
  <price>
   816836
  </price>
  <rating>
   1.23
  </rating>
  <reviews>
   731313
  </reviews>
  <new>
   +
  </new>
  <exclusive>
   yes
  </exclusive>
 </clothing>
 <clothing>
  <id>
   871123171
  </id>
  <name>
   Under Armour T-shirt I-1321
  </name>
  <category>
   T-shirt
  </category>
  <size>
   XXL
  </size>
  <color>
   Желтый
  </color>
  <material>
   Шелк
  </material>
  <price>
   665683
  </price>
  <rating>
   1.35
  </rating>
  <reviews>
   925880
  </reviews>
  <new>
   -
  </new>
  <exclusive>
   yes
  </exclusive>
  <sporty>
   no
  </sporty>
 </clothing>
 <clothing>
  <id>
   952147632
  </id>
  <name>
   Brooks Blouse Z-1249
  </name>
  <category>
   Blouse
  </category>
  <size>
   S
  </size>
  <color>
   Желтый
  </color>
  <material>
   Хлопок
  </material>
  <price>
   424125
  </price>
  <rating>
   2.26
  </rating>
  <reviews>
   860208
  </reviews>
  <exclusive>
   no
  </exclusive>
  <sporty>
   yes
  </sporty>
 </clothing>
 <clothing>
  <id>
   423869313
  </id>
  <name>
   Nike Sweater I-1634
  </name>
  <category>
   Sweater
  </category>
  <size>
   XXL
  </size>
  <color>
   Синий
  </color>
  <material>
   Полиэстер
  </material>
  <price>
   931070
  </price>
  <rating>
   3.24
  </rating>
  <reviews>
   711642
  </reviews>
  <exclusive>
   no
  </exclusive>
 </clothing>
 <clothing>
  <id>
   384763387
  </id>
  <name>
   Asics Sweater N-4869
  </name>
  <category>
   Sweater
  </category>
  <size>
   M
  </size>
  <color>
   Фиолетовый
  </color>
  <material>
   Хлопок
  </material>
  <price>
   743890
  </price>
  <rating>
   2.04
  </rating>
  <reviews>
   375393
  </reviews>
  <new>
   -
  </new>
  <sporty>
   yes
  </sporty>
 </clothing>
 <clothing>
  <id>
   520485607
  </id>
  <name>
   Fila Sweater Z-3943
  </name>
  <category>
   Sweater
  </category>
  <size>
   XXL
  </size>
  <color>
   Зеленый
  </color>
  <material>
   Шелк
  </material>
  <price>
   256599
  </price>
  <rating>
   2.67
  </rating>
  <reviews>
   438284
  </reviews>
  <exclusive>
   no
  </exclusive>
 </clothing>
 <clothing>
  <id>
   918193433
  </id>
  <name>
   Reebok Gloves H-8577
  </name>
  <category>
   Gloves
  </category>
  <size>
   XXL
  </size>
  <color>
   Голубой
  </color>
  <material>
   Хлопок
  </material>
  <price>
   785656
  </price>
  <rating>
   3.6
  </rating>
  <reviews>
   559756
  </reviews>
  <sporty>
   no
  </sporty>
 </clothing>
 <clothing>
  <id>
   434636815
  </id>
  <name>
   Asics Belts H-9161
  </name>
  <category>
   Belts
  </category>
  <size>
   S
  </size>
  <color>
   Голубой
  </color>
  <material>
   Кожа
  </material>
  <price>
   715823
  </price>
  <rating>
   1.85
  </rating>
  <reviews>
   685777
  </reviews>
  <new>
   -
  </new>
 </clothing>
 <clothing>
  <id>
   126572994
  </id>
  <name>
   Fila Shoes M-2674
  </name>
  <category>
   Shoes
  </category>
  <size>
   L
  </size>
  <color>
   Желтый
  </color>
  <material>
   Хлопок
  </material>
  <price>
   620751
  </price>
  <rating>
   1.87
  </rating>
  <reviews>
   193283
  </reviews>
  <exclusive>
   no
  </exclusive>
  <sporty>
   yes
  </sporty>
 </clothing>
 <clothing>
  <id>
   712608403
  </id>
  <name>
   New Balance T-shirt Q-4558
  </name>
  <category>
   T-shirt
  </category>
  <size>
   XXL
  </size>
  <color>
   Оранжевый
  </color>
  <material>
   Хлопок
  </material>
  <price>
   537051
  </price>
  <rating>
   4.44
  </rating>
  <reviews>
   414170
  </reviews>
 </clothing>
 <clothing>
  <id>
   639918305
  </id>
  <name>
   Addidas Jacket P-1667
  </name>
  <category>
   Jacket
  </category>
  <size>
   M
  </size>
  <color>
   Фиолетовый
  </color>
  <material>
   Нейлон
  </material>
  <price>
   486701
  </price>
  <rating>
   2.08
  </rating>
  <reviews>
   927488
  </reviews>
  <new>
   -
  </new>
  <exclusive>
   no
  </exclusive>
  <sporty>
   yes
  </sporty>
 </clothing>
 <clothing>
  <id>
   733690439
  </id>
  <name>
   Adidas Umbrellas G-7635
  </name>
  <category>
   Umbrellas
  </category>
  <size>
   S
  </size>
  <color>
   Голубой
  </color>
  <material>
   Шелк
  </material>
  <price>
   957265
  </price>
  <rating>
   1.48
  </rating>
  <reviews>
   629298
  </reviews>
  <new>
   +
  </new>
  <exclusive>
   yes
  </exclusive>
 </clothing>
</clothing-items>
