<?xml version="1.0" encoding="utf-8"?>
<clothing-items>
 <clothing>
  <id>
   607290254
  </id>
  <name>
   DC Shoes X-2649
  </name>
  <category>
   Shoes
  </category>
  <size>
   XXL
  </size>
  <color>
   Зеленый
  </color>
  <material>
   Вискоза
  </material>
  <price>
   422271
  </price>
  <rating>
   1.14
  </rating>
  <reviews>
   651217
  </reviews>
  <exclusive>
   yes
  </exclusive>
 </clothing>
 <clothing>
  <id>
   200954247
  </id>
  <name>
   DC Jeans R-9594
  </name>
  <category>
   Jeans
  </category>
  <size>
   L
  </size>
  <color>
   Синий
  </color>
  <material>
   Полиэстер
  </material>
  <price>
   151025
  </price>
  <rating>
   1.38
  </rating>
  <reviews>
   452227
  </reviews>
  <new>
   +
  </new>
  <exclusive>
   yes
  </exclusive>
 </clothing>
 <clothing>
  <id>
   945667758
  </id>
  <name>
   Vans Jacket Q-9938
  </name>
  <category>
   Jacket
  </category>
  <size>
   XXL
  </size>
  <color>
   Оранжевый
  </color>
  <material>
   Кожа
  </material>
  <price>
   822010
  </price>
  <rating>
   3.9
  </rating>
  <reviews>
   303810
  </reviews>
  <new>
   -
  </new>
  <exclusive>
   no
  </exclusive>
  <sporty>
   no
  </sporty>
 </clothing>
 <clothing>
  <id>
   166812291
  </id>
  <name>
   PleinSport Dress L-5600
  </name>
  <category>
   Dress
  </category>
  <size>
   S
  </size>
  <color>
   Синий
  </color>
  <material>
   Лен
  </material>
  <price>
   536101
  </price>
  <rating>
   1.94
  </rating>
  <reviews>
   557409
  </reviews>
 </clothing>
 <clothing>
  <id>
   653398269
  </id>
  <name>
   Vans Jacket X-9231
  </name>
  <category>
   Jacket
  </category>
  <size>
   S
  </size>
  <color>
   Зеленый
  </color>
  <material>
   Нейлон
  </material>
  <price>
   635444
  </price>
  <rating>
   2.76
  </rating>
  <reviews>
   309531
  </reviews>
  <new>
   +
  </new>
  <exclusive>
   no
  </exclusive>
  <sporty>
   no
  </sporty>
 </clothing>
 <clothing>
  <id>
   432116121
  </id>
  <name>
   Fila T-shirt J-6649
  </name>
  <category>
   T-shirt
  </category>
  <size>
   XXL
  </size>
  <color>
   Оранжевый
  </color>
  <material>
   Вискоза
  </material>
  <price>
   371019
  </price>
  <rating>
   2.13
  </rating>
  <reviews>
   808755
  </reviews>
  <exclusive>
   yes
  </exclusive>
  <sporty>
   yes
  </sporty>
 </clothing>
 <clothing>
  <id>
   353910771
  </id>
  <name>
   PleinSport T-shirt P-7968
  </name>
  <category>
   T-shirt
  </category>
  <size>
   L
  </size>
  <color>
   Красный
  </color>
  <material>
   Лен
  </material>
  <price>
   856515
  </price>
  <rating>
   2.16
  </rating>
  <reviews>
   147958
  </reviews>
  <new>
   -
  </new>
  <exclusive>
   yes
  </exclusive>
 </clothing>
 <clothing>
  <id>
   408454177
  </id>
  <name>
   DC Skirt M-7360
  </name>
  <category>
   Skirt
  </category>
  <size>
   L
  </size>
  <color>
   Оранжевый
  </color>
  <material>
   Вискоза
  </material>
  <price>
   530857
  </price>
  <rating>
   3.02
  </rating>
  <reviews>
   158580
  </reviews>
  <exclusive>
   no
  </exclusive>
 </clothing>
 <clothing>
  <id>
   276231096
  </id>
  <name>
   DC Hat X-1664
  </name>
  <category>
   Hat
  </category>
  <size>
   XXL
  </size>
  <color>
   Синий
  </color>
  <material>
   Шелк
  </material>
  <price>
   984712
  </price>
  <rating>
   4.85
  </rating>
  <reviews>
   31617
  </reviews>
  <new>
   -
  </new>
  <exclusive>
   yes
  </exclusive>
  <sporty>
   no
  </sporty>
 </clothing>
 <clothing>
  <id>
   613700119
  </id>
  <name>
   Puma Blouse I-4639
  </name>
  <category>
   Blouse
  </category>
  <size>
   S
  </size>
  <color>
   Оранжевый
  </color>
  <material>
   Полиэстер
  </material>
  <price>
   205501
  </price>
  <rating>
   2.66
  </rating>
  <reviews>
   817146
  </reviews>
  <new>
   -
  </new>
 </clothing>
 <clothing>
  <id>
   890283418
  </id>
  <name>
   Nike Shoes X-3789
  </name>
  <category>
   Shoes
  </category>
  <size>
   S
  </size>
  <color>
   Оранжевый
  </color>
  <material>
   Вискоза
  </material>
  <price>
   403937
  </price>
  <rating>
   4.87
  </rating>
  <reviews>
   218416
  </reviews>
  <sporty>
   no
  </sporty>
 </clothing>
 <clothing>
  <id>
   630755884
  </id>
  <name>
   PleinSport Sweater X-8916
  </name>
  <category>
   Sweater
  </category>
  <size>
   L
  </size>
  <color>
   Оранжевый
  </color>
  <material>
   Шерсть
  </material>
  <price>
   184875
  </price>
  <rating>
   4.95
  </rating>
  <reviews>
   938143
  </reviews>
  <new>
   +
  </new>
  <exclusive>
   yes
  </exclusive>
  <sporty>
   no
  </sporty>
 </clothing>
 <clothing>
  <id>
   628115821
  </id>
  <name>
   Puma Blouse N-6580
  </name>
  <category>
   Blouse
  </category>
  <size>
   XL
  </size>
  <color>
   Зеленый
  </color>
  <material>
   Хлопок
  </material>
  <price>
   630114
  </price>
  <rating>
   4.22
  </rating>
  <reviews>
   743289
  </reviews>
  <new>
   -
  </new>
  <exclusive>
   no
  </exclusive>
  <sporty>
   yes
  </sporty>
 </clothing>
 <clothing>
  <id>
   408428403
  </id>
  <name>
   New Balance Sweater S-9198
  </name>
  <category>
   Sweater
  </category>
  <size>
   XXL
  </size>
  <color>
   Фиолетовый
  </color>
  <material>
   Нейлон
  </material>
  <price>
   202638
  </price>
  <rating>
   1.85
  </rating>
  <reviews>
   196572
  </reviews>
  <sporty>
   no
  </sporty>
 </clothing>
 <clothing>
  <id>
   979642013
  </id>
  <name>
   Converse Handbags C-9869
  </name>
  <category>
   Handbags
  </category>
  <size>
   S
  </size>
  <color>
   Фиолетовый
  </color>
  <material>
   Хлопок
  </material>
  <price>
   115260
  </price>
  <rating>
   4.62
  </rating>
  <reviews>
   290826
  </reviews>
  <new>
   -
  </new>
  <exclusive>
   no
  </exclusive>
  <sporty>
   no
  </sporty>
 </clothing>
 <clothing>
  <id>
   458321884
  </id>
  <name>
   Fila Shoes O-7826
  </name>
  <category>
   Shoes
  </category>
  <size>
   XXL
  </size>
  <color>
   Красный
  </color>
  <material>
   Шерсть
  </material>
  <price>
   476471
  </price>
  <rating>
   3.2
  </rating>
  <reviews>
   326714
  </reviews>
  <new>
   +
  </new>
  <exclusive>
   no
  </exclusive>
  <sporty>
   yes
  </sporty>
 </clothing>
 <clothing>
  <id>
   907465604
  </id>
  <name>
   Brooks Hat S-3208
  </name>
  <category>
   Hat
  </category>
  <size>
   XL
  </size>
  <color>
   Фиолетовый
  </color>
  <material>
   Нейлон
  </material>
  <price>
   491138
  </price>
  <rating>
   2.24
  </rating>
  <reviews>
   645541
  </reviews>
  <exclusive>
   yes
  </exclusive>
 </clothing>
 <clothing>
  <id>
   925571149
  </id>
  <name>
   New Balance Umbrellas A-1790
  </name>
  <category>
   Umbrellas
  </category>
  <size>
   XL
  </size>
  <color>
   Красный
  </color>
  <material>
   Вискоза
  </material>
  <price>
   369484
  </price>
  <rating>
   4.33
  </rating>
  <reviews>
   132681
  </reviews>
  <new>
   -
  </new>
 </clothing>
 <clothing>
  <id>
   171170224
  </id>
  <name>
   Vans Skirt K-6849
  </name>
  <category>
   Skirt
  </category>
  <size>
   XXL
  </size>
  <color>
   Желтый
  </color>
  <material>
   Нейлон
  </material>
  <price>
   275300
  </price>
  <rating>
   1.8
  </rating>
  <reviews>
   819809
  </reviews>
  <new>
   -
  </new>
  <exclusive>
   no
  </exclusive>
  <sporty>
   no
  </sporty>
 </clothing>
 <clothing>
  <id>
   708453028
  </id>
  <name>
   Ellesse Skirt M-2871
  </name>
  <category>
   Skirt
  </category>
  <size>
   S
  </size>
  <color>
   Голубой
  </color>
  <material>
   Вискоза
  </material>
  <price>
   672582
  </price>
  <rating>
   2.85
  </rating>
  <reviews>
   621291
  </reviews>
  <new>
   -
  </new>
  <sporty>
   no
  </sporty>
 </clothing>
 <clothing>
  <id>
   439030890
  </id>
  <name>
   Lacoste Skirt Z-1624
  </name>
  <category>
   Skirt
  </category>
  <size>
   XXL
  </size>
  <color>
   Красный
  </color>
  <material>
   Полиэстер
  </material>
  <price>
   557588
  </price>
  <rating>
   2.76
  </rating>
  <reviews>
   607818
  </reviews>
 </clothing>
 <clothing>
  <id>
   887061046
  </id>
  <name>
   Reebok Umbrellas W-5620
  </name>
  <category>
   Umbrellas
  </category>
  <size>
   XXL
  </size>
  <color>
   Голубой
  </color>
  <material>
   Полиэстер
  </material>
  <price>
   895915
  </price>
  <rating>
   4.53
  </rating>
  <reviews>
   358056
  </reviews>
  <exclusive>
   yes
  </exclusive>
  <sporty>
   no
  </sporty>
 </clothing>
 <clothing>
  <id>
   223951708
  </id>
  <name>
   Nike Belts P-4138
  </name>
  <category>
   Belts
  </category>
  <size>
   S
  </size>
  <color>
   Красный
  </color>
  <material>
   Вискоза
  </material>
  <price>
   500147
  </price>
  <rating>
   2.93
  </rating>
  <reviews>
   202964
  </reviews>
  <exclusive>
   yes
  </exclusive>
  <sporty>
   no
  </sporty>
 </clothing>
 <clothing>
  <id>
   712369667
  </id>
  <name>
   Adidas Skirt K-8078
  </name>
  <category>
   Skirt
  </category>
  <size>
   M
  </size>
  <color>
   Зеленый
  </color>
  <material>
   Кожа
  </material>
  <price>
   577072
  </price>
  <rating>
   2.56
  </rating>
  <reviews>
   568809
  </reviews>
  <exclusive>
   yes
  </exclusive>
  <sporty>
   no
  </sporty>
 </clothing>
 <clothing>
  <id>
   351278111
  </id>
  <name>
   Vans Handbags P-1693
  </name>
  <category>
   Handbags
  </category>
  <size>
   M
  </size>
  <color>
   Зеленый
  </color>
  <material>
   Полиэстер
  </material>
  <price>
   144703
  </price>
  <rating>
   3.17
  </rating>
  <reviews>
   553103
  </reviews>
  <new>
   -
  </new>
  <exclusive>
   no
  </exclusive>
 </clothing>
 <clothing>
  <id>
   860153966
  </id>
  <name>
   Vans Pants T-1850
  </name>
  <category>
   Pants
  </category>
  <size>
   L
  </size>
  <color>
   Голубой
  </color>
  <material>
   Лен
  </material>
  <price>
   571042
  </price>
  <rating>
   4.08
  </rating>
  <reviews>
   893594
  </reviews>
  <exclusive>
   yes
  </exclusive>
  <sporty>
   yes
  </sporty>
 </clothing>
 <clothing>
  <id>
   664399402
  </id>
  <name>
   Converse Belts G-2723
  </name>
  <category>
   Belts
  </category>
  <size>
   S
  </size>
  <color>
   Фиолетовый
  </color>
  <material>
   Лен
  </material>
  <price>
   555241
  </price>
  <rating>
   1.78
  </rating>
  <reviews>
   464329
  </reviews>
  <new>
   +
  </new>
  <exclusive>
   yes
  </exclusive>
 </clothing>
 <clothing>
  <id>
   924445862
  </id>
  <name>
   Asics Hat R-7040
  </name>
  <category>
   Hat
  </category>
  <size>
   L
  </size>
  <color>
   Красный
  </color>
  <material>
   Кожа
  </material>
  <price>
   515550
  </price>
  <rating>
   2.77
  </rating>
  <reviews>
   202194
  </reviews>
 </clothing>
 <clothing>
  <id>
   538058924
  </id>
  <name>
   Under Armour Jacket B-9751
  </name>
  <category>
   Jacket
  </category>
  <size>
   S
  </size>
  <color>
   Красный
  </color>
  <material>
   Нейлон
  </material>
  <price>
   429763
  </price>
  <rating>
   1.41
  </rating>
  <reviews>
   767450
  </reviews>
  <new>
   -
  </new>
  <exclusive>
   yes
  </exclusive>
  <sporty>
   no
  </sporty>
 </clothing>
 <clothing>
  <id>
   345757281
  </id>
  <name>
   Ellesse Shoes V-5373
  </name>
  <category>
   Shoes
  </category>
  <size>
   L
  </size>
  <color>
   Желтый
  </color>
  <material>
   Нейлон
  </material>
  <price>
   447340
  </price>
  <rating>
   3.3
  </rating>
  <reviews>
   434749
  </reviews>
  <new>
   -
  </new>
  <exclusive>
   no
  </exclusive>
 </clothing>
 <clothing>
  <id>
   983056770
  </id>
  <name>
   Fila Shirt Z-5983
  </name>
  <category>
   Shirt
  </category>
  <size>
   XL
  </size>
  <color>
   Зеленый
  </color>
  <material>
   Шерсть
  </material>
  <price>
   982584
  </price>
  <rating>
   4.12
  </rating>
  <reviews>
   896771
  </reviews>
  <new>
   +
  </new>
  <exclusive>
   yes
  </exclusive>
  <sporty>
   yes
  </sporty>
 </clothing>
 <clothing>
  <id>
   890875329
  </id>
  <name>
   Ellesse Handbags R-7219
  </name>
  <category>
   Handbags
  </category>
  <size>
   S
  </size>
  <color>
   Фиолетовый
  </color>
  <material>
   Вискоза
  </material>
  <price>
   853689
  </price>
  <rating>
   2.38
  </rating>
  <reviews>
   942860
  </reviews>
  <new>
   -
  </new>
  <exclusive>
   yes
  </exclusive>
 </clothing>
 <clothing>
  <id>
   430796839
  </id>
  <name>
   Addidas Dress A-3623
  </name>
  <category>
   Dress
  </category>
  <size>
   L
  </size>
  <color>
   Синий
  </color>
  <material>
   Хлопок
  </material>
  <price>
   702343
  </price>
  <rating>
   1.89
  </rating>
  <reviews>
   351105
  </reviews>
 </clothing>
 <clothing>
  <id>
   443102076
  </id>
  <name>
   Vans Shirt Q-7388
  </name>
  <category>
   Shirt
  </category>
  <size>
   M
  </size>
  <color>
   Красный
  </color>
  <material>
   Шелк
  </material>
  <price>
   686387
  </price>
  <rating>
   2.9
  </rating>
  <reviews>
   11570
  </reviews>
  <new>
   -
  </new>
  <sporty>
   no
  </sporty>
 </clothing>
 <clothing>
  <id>
   976669256
  </id>
  <name>
   Nike T-shirt A-5490
  </name>
  <category>
   T-shirt
  </category>
  <size>
   L
  </size>
  <color>
   Голубой
  </color>
  <material>
   Полиэстер
  </material>
  <price>
   206282
  </price>
  <rating>
   2.56
  </rating>
  <reviews>
   249855
  </reviews>
  <new>
   +
  </new>
  <exclusive>
   yes
  </exclusive>
  <sporty>
   no
  </sporty>
 </clothing>
 <clothing>
  <id>
   931490007
  </id>
  <name>
   Addidas Skirt P-9441
  </name>
  <category>
   Skirt
  </category>
  <size>
   XL
  </size>
  <color>
   Зеленый
  </color>
  <material>
   Полиэстер
  </material>
  <price>
   962934
  </price>
  <rating>
   1.56
  </rating>
  <reviews>
   496041
  </reviews>
  <new>
   -
  </new>
  <exclusive>
   no
  </exclusive>
  <sporty>
   yes
  </sporty>
 </clothing>
 <clothing>
  <id>
   597617867
  </id>
  <name>
   Reebok Blouse G-4394
  </name>
  <category>
   Blouse
  </category>
  <size>
   M
  </size>
  <color>
   Фиолетовый
  </color>
  <material>
   Шелк
  </material>
  <price>
   340672
  </price>
  <rating>
   2.05
  </rating>
  <reviews>
   888801
  </reviews>
 </clothing>
 <clothing>
  <id>
   955763654
  </id>
  <name>
   DC Jeans V-2799
  </name>
  <category>
   Jeans
  </category>
  <size>
   S
  </size>
  <color>
   Синий
  </color>
  <material>
   Нейлон
  </material>
  <price>
   491757
  </price>
  <rating>
   1.83
  </rating>
  <reviews>
   597532
  </reviews>
  <new>
   -
  </new>
  <sporty>
   yes
  </sporty>
 </clothing>
 <clothing>
  <id>
   517839136
  </id>
  <name>
   Puma Sweater H-9989
  </name>
  <category>
   Sweater
  </category>
  <size>
   L
  </size>
  <color>
   Зеленый
  </color>
  <material>
   Лен
  </material>
  <price>
   584043
  </price>
  <rating>
   4.19
  </rating>
  <reviews>
   920869
  </reviews>
  <new>
   +
  </new>
  <sporty>
   yes
  </sporty>
 </clothing>
 <clothing>
  <id>
   537793343
  </id>
  <name>
   PleinSport Jacket P-6937
  </name>
  <category>
   Jacket
  </category>
  <size>
   XL
  </size>
  <color>
   Красный
  </color>
  <material>
   Хлопок
  </material>
  <price>
   185246
  </price>
  <rating>
   3.58
  </rating>
  <reviews>
   295148
  </reviews>
  <exclusive>
   yes
  </exclusive>
  <sporty>
   no
  </sporty>
 </clothing>
 <clothing>
  <id>
   962887875
  </id>
  <name>
   DC Shirt R-1556
  </name>
  <category>
   Shirt
  </category>
  <size>
   XL
  </size>
  <color>
   Фиолетовый
  </color>
  <material>
   Шелк
  </material>
  <price>
   204433
  </price>
  <rating>
   3.57
  </rating>
  <reviews>
   522732
  </reviews>
  <new>
   +
  </new>
  <sporty>
   no
  </sporty>
 </clothing>
 <clothing>
  <id>
   425258481
  </id>
  <name>
   Lacoste T-shirt A-7761
  </name>
  <category>
   T-shirt
  </category>
  <size>
   S
  </size>
  <color>
   Оранжевый
  </color>
  <material>
   Лен
  </material>
  <price>
   291204
  </price>
  <rating>
   4.89
  </rating>
  <reviews>
   781999
  </reviews>
  <new>
   -
  </new>
  <sporty>
   yes
  </sporty>
 </clothing>
 <clothing>
  <id>
   184340497
  </id>
  <name>
   Brooks Shirt P-2878
  </name>
  <category>
   Shirt
  </category>
  <size>
   XXL
  </size>
  <color>
   Желтый
  </color>
  <material>
   Вискоза
  </material>
  <price>
   986888
  </price>
  <rating>
   1.43
  </rating>
  <reviews>
   886431
  </reviews>
  <new>
   +
  </new>
 </clothing>
</clothing-items>
