<?xml version="1.0" encoding="utf-8"?>
<clothing-items>
 <clothing>
  <id>
   591600321
  </id>
  <name>
   Vans Shoes Z-2023
  </name>
  <category>
   Shoes
  </category>
  <size>
   XXL
  </size>
  <color>
   Голубой
  </color>
  <material>
   Хлопок
  </material>
  <price>
   990353
  </price>
  <rating>
   3.83
  </rating>
  <reviews>
   920196
  </reviews>
  <exclusive>
   yes
  </exclusive>
 </clothing>
 <clothing>
  <id>
   586585948
  </id>
  <name>
   Reebok Umbrellas Z-1201
  </name>
  <category>
   Umbrellas
  </category>
  <size>
   M
  </size>
  <color>
   Зеленый
  </color>
  <material>
   Кожа
  </material>
  <price>
   169676
  </price>
  <rating>
   1.31
  </rating>
  <reviews>
   454081
  </reviews>
  <new>
   -
  </new>
  <exclusive>
   yes
  </exclusive>
 </clothing>
 <clothing>
  <id>
   245949719
  </id>
  <name>
   PleinSport Jeans O-6115
  </name>
  <category>
   Jeans
  </category>
  <size>
   XXL
  </size>
  <color>
   Зеленый
  </color>
  <material>
   Кожа
  </material>
  <price>
   850950
  </price>
  <rating>
   3.56
  </rating>
  <reviews>
   789827
  </reviews>
  <new>
   +
  </new>
 </clothing>
 <clothing>
  <id>
   137426674
  </id>
  <name>
   Addidas Socks L-3963
  </name>
  <category>
   Socks
  </category>
  <size>
   XXL
  </size>
  <color>
   Оранжевый
  </color>
  <material>
   Полиэстер
  </material>
  <price>
   975374
  </price>
  <rating>
   1.81
  </rating>
  <reviews>
   451232
  </reviews>
  <new>
   +
  </new>
  <exclusive>
   no
  </exclusive>
 </clothing>
 <clothing>
  <id>
   968833312
  </id>
  <name>
   Converse T-shirt B-3295
  </name>
  <category>
   T-shirt
  </category>
  <size>
   XXL
  </size>
  <color>
   Зеленый
  </color>
  <material>
   Лен
  </material>
  <price>
   722409
  </price>
  <rating>
   2.8
  </rating>
  <reviews>
   151293
  </reviews>
  <new>
   -
  </new>
 </clothing>
 <clothing>
  <id>
   596278372
  </id>
  <name>
   Under Armour Umbrellas H-9513
  </name>
  <category>
   Umbrellas
  </category>
  <size>
   XXL
  </size>
  <color>
   Красный
  </color>
  <material>
   Лен
  </material>
  <price>
   298716
  </price>
  <rating>
   2.18
  </rating>
  <reviews>
   381246
  </reviews>
  <sporty>
   yes
  </sporty>
 </clothing>
 <clothing>
  <id>
   210540288
  </id>
  <name>
   Nike Jeans B-2257
  </name>
  <category>
   Jeans
  </category>
  <size>
   S
  </size>
  <color>
   Оранжевый
  </color>
  <material>
   Лен
  </material>
  <price>
   754486
  </price>
  <rating>
   2.38
  </rating>
  <reviews>
   525304
  </reviews>
  <exclusive>
   yes
  </exclusive>
  <sporty>
   yes
  </sporty>
 </clothing>
 <clothing>
  <id>
   971372529
  </id>
  <name>
   Converse Dress F-8309
  </name>
  <category>
   Dress
  </category>
  <size>
   XXL
  </size>
  <color>
   Зеленый
  </color>
  <material>
   Шелк
  </material>
  <price>
   969578
  </price>
  <rating>
   3.43
  </rating>
  <reviews>
   826173
  </reviews>
  <exclusive>
   no
  </exclusive>
  <sporty>
   yes
  </sporty>
 </clothing>
 <clothing>
  <id>
   532074781
  </id>
  <name>
   New Balance Skirt I-1403
  </name>
  <category>
   Skirt
  </category>
  <size>
   L
  </size>
  <color>
   Синий
  </color>
  <material>
   Кожа
  </material>
  <price>
   816949
  </price>
  <rating>
   4.84
  </rating>
  <reviews>
   143183
  </reviews>
  <new>
   -
  </new>
 </clothing>
 <clothing>
  <id>
   805394059
  </id>
  <name>
   Ellesse Belts T-1896
  </name>
  <category>
   Belts
  </category>
  <size>
   XL
  </size>
  <color>
   Синий
  </color>
  <material>
   Шелк
  </material>
  <price>
   391485
  </price>
  <rating>
   3.79
  </rating>
  <reviews>
   44445
  </reviews>
  <sporty>
   yes
  </sporty>
 </clothing>
 <clothing>
  <id>
   895995162
  </id>
  <name>
   Converse Handbags E-4037
  </name>
  <category>
   Handbags
  </category>
  <size>
   XL
  </size>
  <color>
   Желтый
  </color>
  <material>
   Вискоза
  </material>
  <price>
   932618
  </price>
  <rating>
   1.38
  </rating>
  <reviews>
   588766
  </reviews>
  <new>
   -
  </new>
  <sporty>
   no
  </sporty>
 </clothing>
 <clothing>
  <id>
   109298037
  </id>
  <name>
   PleinSport T-shirt P-9488
  </name>
  <category>
   T-shirt
  </category>
  <size>
   S
  </size>
  <color>
   Зеленый
  </color>
  <material>
   Полиэстер
  </material>
  <price>
   964727
  </price>
  <rating>
   4.64
  </rating>
  <reviews>
   178032
  </reviews>
  <new>
   -
  </new>
  <exclusive>
   no
  </exclusive>
  <sporty>
   no
  </sporty>
 </clothing>
 <clothing>
  <id>
   351672538
  </id>
  <name>
   Addidas Jacket U-1260
  </name>
  <category>
   Jacket
  </category>
  <size>
   XL
  </size>
  <color>
   Фиолетовый
  </color>
  <material>
   Полиэстер
  </material>
  <price>
   122687
  </price>
  <rating>
   1.3
  </rating>
  <reviews>
   812142
  </reviews>
  <new>
   +
  </new>
  <exclusive>
   no
  </exclusive>
  <sporty>
   no
  </sporty>
 </clothing>
 <clothing>
  <id>
   940577638
  </id>
  <name>
   Brooks Shirt A-5165
  </name>
  <category>
   Shirt
  </category>
  <size>
   XL
  </size>
  <color>
   Голубой
  </color>
  <material>
   Кожа
  </material>
  <price>
   282085
  </price>
  <rating>
   2.04
  </rating>
  <reviews>
   418580
  </reviews>
  <new>
   -
  </new>
  <exclusive>
   yes
  </exclusive>
  <sporty>
   yes
  </sporty>
 </clothing>
 <clothing>
  <id>
   656764465
  </id>
  <name>
   Nike Skirt N-2035
  </name>
  <category>
   Skirt
  </category>
  <size>
   M
  </size>
  <color>
   Синий
  </color>
  <material>
   Шелк
  </material>
  <price>
   456586
  </price>
  <rating>
   4.82
  </rating>
  <reviews>
   626587
  </reviews>
  <new>
   -
  </new>
  <exclusive>
   no
  </exclusive>
  <sporty>
   no
  </sporty>
 </clothing>
 <clothing>
  <id>
   178120269
  </id>
  <name>
   Reebok Handbags G-5906
  </name>
  <category>
   Handbags
  </category>
  <size>
   L
  </size>
  <color>
   Голубой
  </color>
  <material>
   Вискоза
  </material>
  <price>
   157737
  </price>
  <rating>
   3.97
  </rating>
  <reviews>
   684606
  </reviews>
  <exclusive>
   yes
  </exclusive>
  <sporty>
   no
  </sporty>
 </clothing>
 <clothing>
  <id>
   927465059
  </id>
  <name>
   Fila Skirt F-4859
  </name>
  <category>
   Skirt
  </category>
  <size>
   L
  </size>
  <color>
   Красный
  </color>
  <material>
   Шелк
  </material>
  <price>
   270289
  </price>
  <rating>
   1.21
  </rating>
  <reviews>
   102474
  </reviews>
  <new>
   -
  </new>
  <exclusive>
   no
  </exclusive>
 </clothing>
 <clothing>
  <id>
   472032062
  </id>
  <name>
   Under Armour Jeans F-3170
  </name>
  <category>
   Jeans
  </category>
  <size>
   M
  </size>
  <color>
   Красный
  </color>
  <material>
   Шерсть
  </material>
  <price>
   603375
  </price>
  <rating>
   4.0
  </rating>
  <reviews>
   361977
  </reviews>
  <sporty>
   no
  </sporty>
 </clothing>
 <clothing>
  <id>
   171639543
  </id>
  <name>
   Addidas Handbags L-8706
  </name>
  <category>
   Handbags
  </category>
  <size>
   XL
  </size>
  <color>
   Зеленый
  </color>
  <material>
   Шерсть
  </material>
  <price>
   982513
  </price>
  <rating>
   3.09
  </rating>
  <reviews>
   217393
  </reviews>
  <new>
   +
  </new>
  <exclusive>
   yes
  </exclusive>
 </clothing>
 <clothing>
  <id>
   577548746
  </id>
  <name>
   PleinSport Dress W-6205
  </name>
  <category>
   Dress
  </category>
  <size>
   L
  </size>
  <color>
   Голубой
  </color>
  <material>
   Лен
  </material>
  <price>
   947600
  </price>
  <rating>
   3.68
  </rating>
  <reviews>
   920837
  </reviews>
  <sporty>
   no
  </sporty>
 </clothing>
 <clothing>
  <id>
   799363673
  </id>
  <name>
   PleinSport Belts V-6296
  </name>
  <category>
   Belts
  </category>
  <size>
   XXL
  </size>
  <color>
   Красный
  </color>
  <material>
   Шелк
  </material>
  <price>
   806845
  </price>
  <rating>
   2.98
  </rating>
  <reviews>
   805155
  </reviews>
  <new>
   +
  </new>
  <exclusive>
   no
  </exclusive>
 </clothing>
 <clothing>
  <id>
   148443178
  </id>
  <name>
   Vans T-shirt B-2098
  </name>
  <category>
   T-shirt
  </category>
  <size>
   S
  </size>
  <color>
   Голубой
  </color>
  <material>
   Нейлон
  </material>
  <price>
   767615
  </price>
  <rating>
   4.32
  </rating>
  <reviews>
   626485
  </reviews>
  <sporty>
   yes
  </sporty>
 </clothing>
 <clothing>
  <id>
   300265313
  </id>
  <name>
   Asics Umbrellas D-5021
  </name>
  <category>
   Umbrellas
  </category>
  <size>
   XL
  </size>
  <color>
   Синий
  </color>
  <material>
   Хлопок
  </material>
  <price>
   857945
  </price>
  <rating>
   2.82
  </rating>
  <reviews>
   809266
  </reviews>
  <new>
   -
  </new>
 </clothing>
 <clothing>
  <id>
   452789072
  </id>
  <name>
   Asics Hat I-1801
  </name>
  <category>
   Hat
  </category>
  <size>
   L
  </size>
  <color>
   Оранжевый
  </color>
  <material>
   Лен
  </material>
  <price>
   821017
  </price>
  <rating>
   2.19
  </rating>
  <reviews>
   805257
  </reviews>
  <new>
   -
  </new>
  <exclusive>
   yes
  </exclusive>
 </clothing>
 <clothing>
  <id>
   905361969
  </id>
  <name>
   DC Blouse P-1205
  </name>
  <category>
   Blouse
  </category>
  <size>
   L
  </size>
  <color>
   Синий
  </color>
  <material>
   Кожа
  </material>
  <price>
   150007
  </price>
  <rating>
   2.57
  </rating>
  <reviews>
   385426
  </reviews>
  <new>
   +
  </new>
  <exclusive>
   no
  </exclusive>
  <sporty>
   no
  </sporty>
 </clothing>
 <clothing>
  <id>
   441322299
  </id>
  <name>
   Vans Hat H-2077
  </name>
  <category>
   Hat
  </category>
  <size>
   L
  </size>
  <color>
   Красный
  </color>
  <material>
   Шелк
  </material>
  <price>
   652664
  </price>
  <rating>
   4.56
  </rating>
  <reviews>
   834503
  </reviews>
  <new>
   -
  </new>
  <exclusive>
   yes
  </exclusive>
  <sporty>
   no
  </sporty>
 </clothing>
 <clothing>
  <id>
   247972946
  </id>
  <name>
   Under Armour Gloves Y-9275
  </name>
  <category>
   Gloves
  </category>
  <size>
   XXL
  </size>
  <color>
   Зеленый
  </color>
  <material>
   Шерсть
  </material>
  <price>
   672216
  </price>
  <rating>
   3.84
  </rating>
  <reviews>
   143797
  </reviews>
  <new>
   -
  </new>
 </clothing>
 <clothing>
  <id>
   803504370
  </id>
  <name>
   Asics Sweater G-7642
  </name>
  <category>
   Sweater
  </category>
  <size>
   XXL
  </size>
  <color>
   Оранжевый
  </color>
  <material>
   Вискоза
  </material>
  <price>
   271793
  </price>
  <rating>
   4.65
  </rating>
  <reviews>
   916017
  </reviews>
  <new>
   -
  </new>
  <exclusive>
   yes
  </exclusive>
 </clothing>
 <clothing>
  <id>
   655295761
  </id>
  <name>
   Under Armour Belts A-3404
  </name>
  <category>
   Belts
  </category>
  <size>
   XXL
  </size>
  <color>
   Синий
  </color>
  <material>
   Нейлон
  </material>
  <price>
   326874
  </price>
  <rating>
   2.72
  </rating>
  <reviews>
   970543
  </reviews>
  <new>
   +
  </new>
  <exclusive>
   no
  </exclusive>
  <sporty>
   yes
  </sporty>
 </clothing>
 <clothing>
  <id>
   555085108
  </id>
  <name>
   Fila Skirt A-2841
  </name>
  <category>
   Skirt
  </category>
  <size>
   XXL
  </size>
  <color>
   Фиолетовый
  </color>
  <material>
   Вискоза
  </material>
  <price>
   854732
  </price>
  <rating>
   2.46
  </rating>
  <reviews>
   997976
  </reviews>
  <sporty>
   yes
  </sporty>
 </clothing>
 <clothing>
  <id>
   778169924
  </id>
  <name>
   PleinSport Pants P-7579
  </name>
  <category>
   Pants
  </category>
  <size>
   S
  </size>
  <color>
   Красный
  </color>
  <material>
   Кожа
  </material>
  <price>
   428470
  </price>
  <rating>
   1.19
  </rating>
  <reviews>
   491832
  </reviews>
  <new>
   -
  </new>
  <sporty>
   no
  </sporty>
 </clothing>
 <clothing>
  <id>
   264393966
  </id>
  <name>
   Addidas Hat D-3559
  </name>
  <category>
   Hat
  </category>
  <size>
   S
  </size>
  <color>
   Зеленый
  </color>
  <material>
   Вискоза
  </material>
  <price>
   919976
  </price>
  <rating>
   2.65
  </rating>
  <reviews>
   809625
  </reviews>
  <new>
   -
  </new>
  <exclusive>
   no
  </exclusive>
 </clothing>
 <clothing>
  <id>
   102920625
  </id>
  <name>
   New Balance Umbrellas H-2226
  </name>
  <category>
   Umbrellas
  </category>
  <size>
   XL
  </size>
  <color>
   Голубой
  </color>
  <material>
   Шелк
  </material>
  <price>
   310161
  </price>
  <rating>
   1.99
  </rating>
  <reviews>
   976891
  </reviews>
  <exclusive>
   no
  </exclusive>
  <sporty>
   no
  </sporty>
 </clothing>
 <clothing>
  <id>
   197569125
  </id>
  <name>
   Fila T-shirt W-1434
  </name>
  <category>
   T-shirt
  </category>
  <size>
   XXL
  </size>
  <color>
   Желтый
  </color>
  <material>
   Хлопок
  </material>
  <price>
   902003
  </price>
  <rating>
   1.38
  </rating>
  <reviews>
   323262
  </reviews>
  <exclusive>
   no
  </exclusive>
  <sporty>
   yes
  </sporty>
 </clothing>
 <clothing>
  <id>
   836119197
  </id>
  <name>
   Puma Socks T-3469
  </name>
  <category>
   Socks
  </category>
  <size>
   S
  </size>
  <color>
   Синий
  </color>
  <material>
   Кожа
  </material>
  <price>
   510944
  </price>
  <rating>
   1.22
  </rating>
  <reviews>
   566976
  </reviews>
  <exclusive>
   no
  </exclusive>
 </clothing>
 <clothing>
  <id>
   717066471
  </id>
  <name>
   Asics Shirt P-9939
  </name>
  <category>
   Shirt
  </category>
  <size>
   XXL
  </size>
  <color>
   Красный
  </color>
  <material>
   Шерсть
  </material>
  <price>
   163382
  </price>
  <rating>
   3.98
  </rating>
  <reviews>
   79208
  </reviews>
  <new>
   -
  </new>
  <exclusive>
   no
  </exclusive>
  <sporty>
   no
  </sporty>
 </clothing>
 <clothing>
  <id>
   800468067
  </id>
  <name>
   Puma Belts K-4512
  </name>
  <category>
   Belts
  </category>
  <size>
   XL
  </size>
  <color>
   Фиолетовый
  </color>
  <material>
   Вискоза
  </material>
  <price>
   549016
  </price>
  <rating>
   4.49
  </rating>
  <reviews>
   387806
  </reviews>
  <new>
   -
  </new>
  <exclusive>
   yes
  </exclusive>
  <sporty>
   yes
  </sporty>
 </clothing>
 <clothing>
  <id>
   350483971
  </id>
  <name>
   Adidas Belts D-8734
  </name>
  <category>
   Belts
  </category>
  <size>
   L
  </size>
  <color>
   Голубой
  </color>
  <material>
   Полиэстер
  </material>
  <price>
   914954
  </price>
  <rating>
   1.58
  </rating>
  <reviews>
   246095
  </reviews>
  <exclusive>
   no
  </exclusive>
  <sporty>
   no
  </sporty>
 </clothing>
 <clothing>
  <id>
   396440132
  </id>
  <name>
   Lacoste Shirt D-7899
  </name>
  <category>
   Shirt
  </category>
  <size>
   S
  </size>
  <color>
   Желтый
  </color>
  <material>
   Полиэстер
  </material>
  <price>
   420918
  </price>
  <rating>
   4.82
  </rating>
  <reviews>
   680133
  </reviews>
  <new>
   -
  </new>
  <exclusive>
   yes
  </exclusive>
  <sporty>
   no
  </sporty>
 </clothing>
 <clothing>
  <id>
   139998290
  </id>
  <name>
   Under Armour Dress T-9786
  </name>
  <category>
   Dress
  </category>
  <size>
   L
  </size>
  <color>
   Желтый
  </color>
  <material>
   Нейлон
  </material>
  <price>
   987940
  </price>
  <rating>
   1.22
  </rating>
  <reviews>
   308546
  </reviews>
  <new>
   +
  </new>
 </clothing>
 <clothing>
  <id>
   322356265
  </id>
  <name>
   New Balance Jacket M-8274
  </name>
  <category>
   Jacket
  </category>
  <size>
   L
  </size>
  <color>
   Оранжевый
  </color>
  <material>
   Вискоза
  </material>
  <price>
   477176
  </price>
  <rating>
   1.11
  </rating>
  <reviews>
   242113
  </reviews>
  <new>
   +
  </new>
  <exclusive>
   no
  </exclusive>
  <sporty>
   no
  </sporty>
 </clothing>
 <clothing>
  <id>
   940497068
  </id>
  <name>
   Converse Pants Q-8961
  </name>
  <category>
   Pants
  </category>
  <size>
   S
  </size>
  <color>
   Фиолетовый
  </color>
  <material>
   Кожа
  </material>
  <price>
   414266
  </price>
  <rating>
   1.59
  </rating>
  <reviews>
   807009
  </reviews>
  <new>
   +
  </new>
  <exclusive>
   no
  </exclusive>
  <sporty>
   no
  </sporty>
 </clothing>
 <clothing>
  <id>
   543597316
  </id>
  <name>
   Converse Sweater L-3291
  </name>
  <category>
   Sweater
  </category>
  <size>
   L
  </size>
  <color>
   Красный
  </color>
  <material>
   Нейлон
  </material>
  <price>
   357632
  </price>
  <rating>
   1.6
  </rating>
  <reviews>
   834344
  </reviews>
  <new>
   +
  </new>
  <exclusive>
   no
  </exclusive>
  <sporty>
   no
  </sporty>
 </clothing>
 <clothing>
  <id>
   566371802
  </id>
  <name>
   Addidas Belts K-9355
  </name>
  <category>
   Belts
  </category>
  <size>
   S
  </size>
  <color>
   Фиолетовый
  </color>
  <material>
   Шерсть
  </material>
  <price>
   365123
  </price>
  <rating>
   4.99
  </rating>
  <reviews>
   653172
  </reviews>
  <exclusive>
   no
  </exclusive>
  <sporty>
   no
  </sporty>
 </clothing>
</clothing-items>
