<?xml version="1.0" encoding="utf-8"?>
<clothing-items>
 <clothing>
  <id>
   665022266
  </id>
  <name>
   New Balance Blouse J-4515
  </name>
  <category>
   Blouse
  </category>
  <size>
   XXL
  </size>
  <color>
   Зеленый
  </color>
  <material>
   Хлопок
  </material>
  <price>
   555256
  </price>
  <rating>
   3.57
  </rating>
  <reviews>
   861771
  </reviews>
  <new>
   -
  </new>
  <exclusive>
   no
  </exclusive>
 </clothing>
 <clothing>
  <id>
   459369203
  </id>
  <name>
   Nike Umbrellas M-9677
  </name>
  <category>
   Umbrellas
  </category>
  <size>
   L
  </size>
  <color>
   Фиолетовый
  </color>
  <material>
   Хлопок
  </material>
  <price>
   231922
  </price>
  <rating>
   4.1
  </rating>
  <reviews>
   851084
  </reviews>
  <sporty>
   no
  </sporty>
 </clothing>
 <clothing>
  <id>
   551159766
  </id>
  <name>
   Asics Hat O-2101
  </name>
  <category>
   Hat
  </category>
  <size>
   XL
  </size>
  <color>
   Оранжевый
  </color>
  <material>
   Кожа
  </material>
  <price>
   222288
  </price>
  <rating>
   1.76
  </rating>
  <reviews>
   500470
  </reviews>
  <new>
   -
  </new>
  <exclusive>
   no
  </exclusive>
 </clothing>
 <clothing>
  <id>
   346267008
  </id>
  <name>
   Brooks Jacket X-8794
  </name>
  <category>
   Jacket
  </category>
  <size>
   M
  </size>
  <color>
   Синий
  </color>
  <material>
   Лен
  </material>
  <price>
   838388
  </price>
  <rating>
   1.39
  </rating>
  <reviews>
   764949
  </reviews>
  <exclusive>
   yes
  </exclusive>
 </clothing>
 <clothing>
  <id>
   647218398
  </id>
  <name>
   Under Armour Jeans P-1972
  </name>
  <category>
   Jeans
  </category>
  <size>
   L
  </size>
  <color>
   Оранжевый
  </color>
  <material>
   Шелк
  </material>
  <price>
   141284
  </price>
  <rating>
   3.93
  </rating>
  <reviews>
   78377
  </reviews>
  <new>
   -
  </new>
 </clothing>
 <clothing>
  <id>
   644919630
  </id>
  <name>
   Addidas Shirt E-7835
  </name>
  <category>
   Shirt
  </category>
  <size>
   XL
  </size>
  <color>
   Зеленый
  </color>
  <material>
   Хлопок
  </material>
  <price>
   936175
  </price>
  <rating>
   2.53
  </rating>
  <reviews>
   128703
  </reviews>
  <new>
   -
  </new>
 </clothing>
 <clothing>
  <id>
   186883781
  </id>
  <name>
   New Balance Belts A-8844
  </name>
  <category>
   Belts
  </category>
  <size>
   XXL
  </size>
  <color>
   Синий
  </color>
  <material>
   Хлопок
  </material>
  <price>
   445155
  </price>
  <rating>
   3.68
  </rating>
  <reviews>
   325077
  </reviews>
  <new>
   -
  </new>
 </clothing>
 <clothing>
  <id>
   557889503
  </id>
  <name>
   Brooks Gloves L-1580
  </name>
  <category>
   Gloves
  </category>
  <size>
   M
  </size>
  <color>
   Оранжевый
  </color>
  <material>
   Лен
  </material>
  <price>
   539069
  </price>
  <rating>
   3.91
  </rating>
  <reviews>
   13989
  </reviews>
  <sporty>
   yes
  </sporty>
 </clothing>
 <clothing>
  <id>
   363492092
  </id>
  <name>
   Nike Socks S-1264
  </name>
  <category>
   Socks
  </category>
  <size>
   XXL
  </size>
  <color>
   Оранжевый
  </color>
  <material>
   Кожа
  </material>
  <price>
   394897
  </price>
  <rating>
   1.77
  </rating>
  <reviews>
   156245
  </reviews>
  <new>
   -
  </new>
  <exclusive>
   no
  </exclusive>
 </clothing>
 <clothing>
  <id>
   868071165
  </id>
  <name>
   DC Jeans J-2474
  </name>
  <category>
   Jeans
  </category>
  <size>
   XL
  </size>
  <color>
   Оранжевый
  </color>
  <material>
   Полиэстер
  </material>
  <price>
   669425
  </price>
  <rating>
   4.69
  </rating>
  <reviews>
   496598
  </reviews>
  <sporty>
   yes
  </sporty>
 </clothing>
 <clothing>
  <id>
   415458221
  </id>
  <name>
   Converse Dress X-6399
  </name>
  <category>
   Dress
  </category>
  <size>
   XXL
  </size>
  <color>
   Синий
  </color>
  <material>
   Шерсть
  </material>
  <price>
   477577
  </price>
  <rating>
   1.19
  </rating>
  <reviews>
   909577
  </reviews>
  <new>
   -
  </new>
  <exclusive>
   no
  </exclusive>
  <sporty>
   no
  </sporty>
 </clothing>
 <clothing>
  <id>
   441542656
  </id>
  <name>
   Ellesse Socks W-3848
  </name>
  <category>
   Socks
  </category>
  <size>
   S
  </size>
  <color>
   Синий
  </color>
  <material>
   Кожа
  </material>
  <price>
   881948
  </price>
  <rating>
   4.14
  </rating>
  <reviews>
   862627
  </reviews>
  <new>
   +
  </new>
  <exclusive>
   no
  </exclusive>
  <sporty>
   no
  </sporty>
 </clothing>
 <clothing>
  <id>
   580775169
  </id>
  <name>
   Adidas Hat D-3928
  </name>
  <category>
   Hat
  </category>
  <size>
   L
  </size>
  <color>
   Голубой
  </color>
  <material>
   Вискоза
  </material>
  <price>
   264946
  </price>
  <rating>
   2.41
  </rating>
  <reviews>
   228152
  </reviews>
  <new>
   +
  </new>
  <sporty>
   yes
  </sporty>
 </clothing>
 <clothing>
  <id>
   579787304
  </id>
  <name>
   Lacoste Handbags D-6923
  </name>
  <category>
   Handbags
  </category>
  <size>
   M
  </size>
  <color>
   Оранжевый
  </color>
  <material>
   Шерсть
  </material>
  <price>
   847353
  </price>
  <rating>
   4.79
  </rating>
  <reviews>
   116423
  </reviews>
  <exclusive>
   no
  </exclusive>
  <sporty>
   no
  </sporty>
 </clothing>
 <clothing>
  <id>
   672363325
  </id>
  <name>
   Fila Hat E-4166
  </name>
  <category>
   Hat
  </category>
  <size>
   S
  </size>
  <color>
   Красный
  </color>
  <material>
   Шелк
  </material>
  <price>
   297237
  </price>
  <rating>
   3.83
  </rating>
  <reviews>
   605932
  </reviews>
  <new>
   -
  </new>
  <sporty>
   yes
  </sporty>
 </clothing>
 <clothing>
  <id>
   651568601
  </id>
  <name>
   Adidas Gloves Y-1122
  </name>
  <category>
   Gloves
  </category>
  <size>
   XXL
  </size>
  <color>
   Зеленый
  </color>
  <material>
   Полиэстер
  </material>
  <price>
   783897
  </price>
  <rating>
   1.95
  </rating>
  <reviews>
   373623
  </reviews>
 </clothing>
</clothing-items>
