<?xml version="1.0" encoding="utf-8"?>
<clothing-items>
 <clothing>
  <id>
   630156751
  </id>
  <name>
   Fila Shirt Y-8500
  </name>
  <category>
   Shirt
  </category>
  <size>
   S
  </size>
  <color>
   Голубой
  </color>
  <material>
   Кожа
  </material>
  <price>
   795511
  </price>
  <rating>
   4.89
  </rating>
  <reviews>
   485819
  </reviews>
  <exclusive>
   yes
  </exclusive>
  <sporty>
   yes
  </sporty>
 </clothing>
 <clothing>
  <id>
   758473660
  </id>
  <name>
   DC Dress H-5446
  </name>
  <category>
   Dress
  </category>
  <size>
   L
  </size>
  <color>
   Синий
  </color>
  <material>
   Кожа
  </material>
  <price>
   412796
  </price>
  <rating>
   2.1
  </rating>
  <reviews>
   493059
  </reviews>
  <new>
   +
  </new>
 </clothing>
 <clothing>
  <id>
   563247004
  </id>
  <name>
   Brooks Shirt G-6181
  </name>
  <category>
   Shirt
  </category>
  <size>
   S
  </size>
  <color>
   Голубой
  </color>
  <material>
   Вискоза
  </material>
  <price>
   536822
  </price>
  <rating>
   3.59
  </rating>
  <reviews>
   433292
  </reviews>
 </clothing>
 <clothing>
  <id>
   279753672
  </id>
  <name>
   Addidas Gloves V-7832
  </name>
  <category>
   Gloves
  </category>
  <size>
   XXL
  </size>
  <color>
   Голубой
  </color>
  <material>
   Кожа
  </material>
  <price>
   742801
  </price>
  <rating>
   3.24
  </rating>
  <reviews>
   756550
  </reviews>
  <new>
   -
  </new>
  <sporty>
   no
  </sporty>
 </clothing>
 <clothing>
  <id>
   615277664
  </id>
  <name>
   Nike Skirt E-4095
  </name>
  <category>
   Skirt
  </category>
  <size>
   S
  </size>
  <color>
   Красный
  </color>
  <material>
   Вискоза
  </material>
  <price>
   996052
  </price>
  <rating>
   1.06
  </rating>
  <reviews>
   142811
  </reviews>
  <new>
   +
  </new>
  <exclusive>
   no
  </exclusive>
 </clothing>
 <clothing>
  <id>
   290078255
  </id>
  <name>
   Converse Socks T-2438
  </name>
  <category>
   Socks
  </category>
  <size>
   XXL
  </size>
  <color>
   Зеленый
  </color>
  <material>
   Вискоза
  </material>
  <price>
   213918
  </price>
  <rating>
   4.64
  </rating>
  <reviews>
   69466
  </reviews>
  <new>
   -
  </new>
  <sporty>
   no
  </sporty>
 </clothing>
 <clothing>
  <id>
   944505289
  </id>
  <name>
   PleinSport Dress T-9005
  </name>
  <category>
   Dress
  </category>
  <size>
   XXL
  </size>
  <color>
   Оранжевый
  </color>
  <material>
   Нейлон
  </material>
  <price>
   781412
  </price>
  <rating>
   4.52
  </rating>
  <reviews>
   750061
  </reviews>
  <exclusive>
   yes
  </exclusive>
  <sporty>
   no
  </sporty>
 </clothing>
 <clothing>
  <id>
   713295520
  </id>
  <name>
   Lacoste Shoes J-4869
  </name>
  <category>
   Shoes
  </category>
  <size>
   S
  </size>
  <color>
   Голубой
  </color>
  <material>
   Шерсть
  </material>
  <price>
   146695
  </price>
  <rating>
   3.97
  </rating>
  <reviews>
   363976
  </reviews>
  <exclusive>
   yes
  </exclusive>
  <sporty>
   yes
  </sporty>
 </clothing>
 <clothing>
  <id>
   192400220
  </id>
  <name>
   DC Dress A-7143
  </name>
  <category>
   Dress
  </category>
  <size>
   XL
  </size>
  <color>
   Красный
  </color>
  <material>
   Шерсть
  </material>
  <price>
   152832
  </price>
  <rating>
   2.87
  </rating>
  <reviews>
   677385
  </reviews>
  <exclusive>
   no
  </exclusive>
 </clothing>
 <clothing>
  <id>
   898110686
  </id>
  <name>
   Under Armour Pants J-6290
  </name>
  <category>
   Pants
  </category>
  <size>
   S
  </size>
  <color>
   Красный
  </color>
  <material>
   Полиэстер
  </material>
  <price>
   555321
  </price>
  <rating>
   4.1
  </rating>
  <reviews>
   382998
  </reviews>
  <sporty>
   yes
  </sporty>
 </clothing>
 <clothing>
  <id>
   139544331
  </id>
  <name>
   Puma Jeans E-7203
  </name>
  <category>
   Jeans
  </category>
  <size>
   M
  </size>
  <color>
   Фиолетовый
  </color>
  <material>
   Лен
  </material>
  <price>
   528128
  </price>
  <rating>
   4.03
  </rating>
  <reviews>
   496236
  </reviews>
  <new>
   -
  </new>
  <exclusive>
   yes
  </exclusive>
 </clothing>
 <clothing>
  <id>
   140743482
  </id>
  <name>
   Lacoste Belts A-7624
  </name>
  <category>
   Belts
  </category>
  <size>
   S
  </size>
  <color>
   Голубой
  </color>
  <material>
   Лен
  </material>
  <price>
   214938
  </price>
  <rating>
   2.34
  </rating>
  <reviews>
   138574
  </reviews>
  <new>
   +
  </new>
  <exclusive>
   no
  </exclusive>
  <sporty>
   yes
  </sporty>
 </clothing>
 <clothing>
  <id>
   707443181
  </id>
  <name>
   Brooks Hat D-5820
  </name>
  <category>
   Hat
  </category>
  <size>
   XXL
  </size>
  <color>
   Красный
  </color>
  <material>
   Шерсть
  </material>
  <price>
   689109
  </price>
  <rating>
   3.22
  </rating>
  <reviews>
   381130
  </reviews>
  <exclusive>
   yes
  </exclusive>
 </clothing>
 <clothing>
  <id>
   568386306
  </id>
  <name>
   Ellesse Shoes F-7206
  </name>
  <category>
   Shoes
  </category>
  <size>
   XL
  </size>
  <color>
   Зеленый
  </color>
  <material>
   Шелк
  </material>
  <price>
   863705
  </price>
  <rating>
   3.06
  </rating>
  <reviews>
   442835
  </reviews>
  <new>
   -
  </new>
  <exclusive>
   no
  </exclusive>
  <sporty>
   yes
  </sporty>
 </clothing>
 <clothing>
  <id>
   497339082
  </id>
  <name>
   Addidas Gloves B-6052
  </name>
  <category>
   Gloves
  </category>
  <size>
   XXL
  </size>
  <color>
   Желтый
  </color>
  <material>
   Кожа
  </material>
  <price>
   728262
  </price>
  <rating>
   4.16
  </rating>
  <reviews>
   356001
  </reviews>
  <exclusive>
   no
  </exclusive>
 </clothing>
 <clothing>
  <id>
   327048255
  </id>
  <name>
   Under Armour T-shirt H-2188
  </name>
  <category>
   T-shirt
  </category>
  <size>
   L
  </size>
  <color>
   Желтый
  </color>
  <material>
   Шелк
  </material>
  <price>
   333286
  </price>
  <rating>
   3.37
  </rating>
  <reviews>
   802339
  </reviews>
  <new>
   -
  </new>
  <sporty>
   no
  </sporty>
 </clothing>
 <clothing>
  <id>
   340706264
  </id>
  <name>
   Ellesse Shoes E-2952
  </name>
  <category>
   Shoes
  </category>
  <size>
   XL
  </size>
  <color>
   Фиолетовый
  </color>
  <material>
   Полиэстер
  </material>
  <price>
   715306
  </price>
  <rating>
   3.44
  </rating>
  <reviews>
   416897
  </reviews>
  <new>
   +
  </new>
  <sporty>
   no
  </sporty>
 </clothing>
 <clothing>
  <id>
   159552197
  </id>
  <name>
   Adidas Belts T-5369
  </name>
  <category>
   Belts
  </category>
  <size>
   XL
  </size>
  <color>
   Фиолетовый
  </color>
  <material>
   Кожа
  </material>
  <price>
   988229
  </price>
  <rating>
   3.68
  </rating>
  <reviews>
   481761
  </reviews>
  <new>
   -
  </new>
  <sporty>
   no
  </sporty>
 </clothing>
 <clothing>
  <id>
   320589795
  </id>
  <name>
   Nike Handbags P-4522
  </name>
  <category>
   Handbags
  </category>
  <size>
   S
  </size>
  <color>
   Фиолетовый
  </color>
  <material>
   Хлопок
  </material>
  <price>
   919534
  </price>
  <rating>
   2.93
  </rating>
  <reviews>
   321529
  </reviews>
  <new>
   +
  </new>
  <exclusive>
   no
  </exclusive>
  <sporty>
   no
  </sporty>
 </clothing>
 <clothing>
  <id>
   126659642
  </id>
  <name>
   New Balance Belts B-4459
  </name>
  <category>
   Belts
  </category>
  <size>
   XXL
  </size>
  <color>
   Голубой
  </color>
  <material>
   Нейлон
  </material>
  <price>
   940404
  </price>
  <rating>
   1.82
  </rating>
  <reviews>
   367328
  </reviews>
  <new>
   -
  </new>
 </clothing>
 <clothing>
  <id>
   364584466
  </id>
  <name>
   Under Armour Umbrellas Y-5336
  </name>
  <category>
   Umbrellas
  </category>
  <size>
   M
  </size>
  <color>
   Фиолетовый
  </color>
  <material>
   Шерсть
  </material>
  <price>
   620417
  </price>
  <rating>
   4.22
  </rating>
  <reviews>
   772256
  </reviews>
  <new>
   -
  </new>
  <sporty>
   no
  </sporty>
 </clothing>
 <clothing>
  <id>
   401505807
  </id>
  <name>
   Under Armour Shirt Y-6713
  </name>
  <category>
   Shirt
  </category>
  <size>
   M
  </size>
  <color>
   Оранжевый
  </color>
  <material>
   Лен
  </material>
  <price>
   291086
  </price>
  <rating>
   3.17
  </rating>
  <reviews>
   746094
  </reviews>
  <new>
   -
  </new>
 </clothing>
 <clothing>
  <id>
   236945896
  </id>
  <name>
   Reebok Shoes L-2448
  </name>
  <category>
   Shoes
  </category>
  <size>
   M
  </size>
  <color>
   Зеленый
  </color>
  <material>
   Вискоза
  </material>
  <price>
   853252
  </price>
  <rating>
   2.46
  </rating>
  <reviews>
   443403
  </reviews>
 </clothing>
 <clothing>
  <id>
   985778791
  </id>
  <name>
   Reebok Belts B-5239
  </name>
  <category>
   Belts
  </category>
  <size>
   L
  </size>
  <color>
   Голубой
  </color>
  <material>
   Хлопок
  </material>
  <price>
   860191
  </price>
  <rating>
   3.65
  </rating>
  <reviews>
   840963
  </reviews>
  <new>
   +
  </new>
  <exclusive>
   no
  </exclusive>
  <sporty>
   no
  </sporty>
 </clothing>
 <clothing>
  <id>
   830383158
  </id>
  <name>
   Adidas Shirt B-4481
  </name>
  <category>
   Shirt
  </category>
  <size>
   S
  </size>
  <color>
   Голубой
  </color>
  <material>
   Лен
  </material>
  <price>
   668295
  </price>
  <rating>
   3.56
  </rating>
  <reviews>
   431049
  </reviews>
  <new>
   -
  </new>
  <sporty>
   yes
  </sporty>
 </clothing>
 <clothing>
  <id>
   917953357
  </id>
  <name>
   Vans Shoes Y-5694
  </name>
  <category>
   Shoes
  </category>
  <size>
   XL
  </size>
  <color>
   Голубой
  </color>
  <material>
   Кожа
  </material>
  <price>
   228248
  </price>
  <rating>
   1.45
  </rating>
  <reviews>
   298454
  </reviews>
  <new>
   +
  </new>
  <sporty>
   yes
  </sporty>
 </clothing>
 <clothing>
  <id>
   611667336
  </id>
  <name>
   DC Sweater B-9059
  </name>
  <category>
   Sweater
  </category>
  <size>
   XL
  </size>
  <color>
   Желтый
  </color>
  <material>
   Нейлон
  </material>
  <price>
   756969
  </price>
  <rating>
   3.2
  </rating>
  <reviews>
   627859
  </reviews>
  <exclusive>
   yes
  </exclusive>
 </clothing>
</clothing-items>
