<?xml version="1.0" encoding="utf-8"?>
<clothing-items>
 <clothing>
  <id>
   728072542
  </id>
  <name>
   DC Socks P-8154
  </name>
  <category>
   Socks
  </category>
  <size>
   L
  </size>
  <color>
   Голубой
  </color>
  <material>
   Кожа
  </material>
  <price>
   568431
  </price>
  <rating>
   1.72
  </rating>
  <reviews>
   236255
  </reviews>
  <new>
   -
  </new>
  <sporty>
   no
  </sporty>
 </clothing>
 <clothing>
  <id>
   513599875
  </id>
  <name>
   Brooks Blouse S-1883
  </name>
  <category>
   Blouse
  </category>
  <size>
   XL
  </size>
  <color>
   Красный
  </color>
  <material>
   Полиэстер
  </material>
  <price>
   239253
  </price>
  <rating>
   3.41
  </rating>
  <reviews>
   985205
  </reviews>
  <new>
   +
  </new>
 </clothing>
 <clothing>
  <id>
   765641472
  </id>
  <name>
   DC Dress M-4284
  </name>
  <category>
   Dress
  </category>
  <size>
   L
  </size>
  <color>
   Желтый
  </color>
  <material>
   Вискоза
  </material>
  <price>
   850773
  </price>
  <rating>
   2.8
  </rating>
  <reviews>
   419282
  </reviews>
  <exclusive>
   yes
  </exclusive>
 </clothing>
 <clothing>
  <id>
   181516655
  </id>
  <name>
   Adidas Gloves B-7551
  </name>
  <category>
   Gloves
  </category>
  <size>
   XL
  </size>
  <color>
   Желтый
  </color>
  <material>
   Шелк
  </material>
  <price>
   410768
  </price>
  <rating>
   4.58
  </rating>
  <reviews>
   64185
  </reviews>
  <new>
   +
  </new>
  <exclusive>
   no
  </exclusive>
  <sporty>
   no
  </sporty>
 </clothing>
 <clothing>
  <id>
   532081525
  </id>
  <name>
   Reebok Sweater L-7583
  </name>
  <category>
   Sweater
  </category>
  <size>
   XXL
  </size>
  <color>
   Голубой
  </color>
  <material>
   Лен
  </material>
  <price>
   360316
  </price>
  <rating>
   2.96
  </rating>
  <reviews>
   32905
  </reviews>
  <new>
   -
  </new>
  <exclusive>
   no
  </exclusive>
  <sporty>
   yes
  </sporty>
 </clothing>
 <clothing>
  <id>
   397164371
  </id>
  <name>
   Under Armour Skirt R-5910
  </name>
  <category>
   Skirt
  </category>
  <size>
   S
  </size>
  <color>
   Зеленый
  </color>
  <material>
   Хлопок
  </material>
  <price>
   108745
  </price>
  <rating>
   3.49
  </rating>
  <reviews>
   761848
  </reviews>
 </clothing>
 <clothing>
  <id>
   304418514
  </id>
  <name>
   Asics Sweater B-4708
  </name>
  <category>
   Sweater
  </category>
  <size>
   L
  </size>
  <color>
   Оранжевый
  </color>
  <material>
   Лен
  </material>
  <price>
   521253
  </price>
  <rating>
   2.03
  </rating>
  <reviews>
   828687
  </reviews>
  <new>
   -
  </new>
  <sporty>
   no
  </sporty>
 </clothing>
 <clothing>
  <id>
   188230677
  </id>
  <name>
   Reebok Gloves E-5483
  </name>
  <category>
   Gloves
  </category>
  <size>
   XL
  </size>
  <color>
   Голубой
  </color>
  <material>
   Шелк
  </material>
  <price>
   924971
  </price>
  <rating>
   4.94
  </rating>
  <reviews>
   512566
  </reviews>
  <new>
   -
  </new>
  <exclusive>
   no
  </exclusive>
 </clothing>
 <clothing>
  <id>
   975760299
  </id>
  <name>
   Under Armour Handbags D-2761
  </name>
  <category>
   Handbags
  </category>
  <size>
   XXL
  </size>
  <color>
   Зеленый
  </color>
  <material>
   Кожа
  </material>
  <price>
   522057
  </price>
  <rating>
   2.12
  </rating>
  <reviews>
   812919
  </reviews>
  <new>
   +
  </new>
  <exclusive>
   no
  </exclusive>
 </clothing>
 <clothing>
  <id>
   128641161
  </id>
  <name>
   Lacoste Skirt P-6064
  </name>
  <category>
   Skirt
  </category>
  <size>
   XL
  </size>
  <color>
   Зеленый
  </color>
  <material>
   Шелк
  </material>
  <price>
   931103
  </price>
  <rating>
   1.11
  </rating>
  <reviews>
   777758
  </reviews>
  <new>
   -
  </new>
  <exclusive>
   no
  </exclusive>
  <sporty>
   yes
  </sporty>
 </clothing>
 <clothing>
  <id>
   843157990
  </id>
  <name>
   Ellesse Skirt K-9210
  </name>
  <category>
   Skirt
  </category>
  <size>
   S
  </size>
  <color>
   Голубой
  </color>
  <material>
   Хлопок
  </material>
  <price>
   641471
  </price>
  <rating>
   4.29
  </rating>
  <reviews>
   273811
  </reviews>
  <exclusive>
   yes
  </exclusive>
  <sporty>
   yes
  </sporty>
 </clothing>
 <clothing>
  <id>
   130840759
  </id>
  <name>
   Addidas Pants U-3058
  </name>
  <category>
   Pants
  </category>
  <size>
   XL
  </size>
  <color>
   Голубой
  </color>
  <material>
   Нейлон
  </material>
  <price>
   805074
  </price>
  <rating>
   2.89
  </rating>
  <reviews>
   478620
  </reviews>
  <exclusive>
   yes
  </exclusive>
  <sporty>
   yes
  </sporty>
 </clothing>
 <clothing>
  <id>
   366037088
  </id>
  <name>
   Asics Shoes X-4622
  </name>
  <category>
   Shoes
  </category>
  <size>
   L
  </size>
  <color>
   Желтый
  </color>
  <material>
   Кожа
  </material>
  <price>
   192280
  </price>
  <rating>
   1.53
  </rating>
  <reviews>
   970338
  </reviews>
  <new>
   -
  </new>
 </clothing>
 <clothing>
  <id>
   258689767
  </id>
  <name>
   Vans Gloves Y-3185
  </name>
  <category>
   Gloves
  </category>
  <size>
   M
  </size>
  <color>
   Фиолетовый
  </color>
  <material>
   Вискоза
  </material>
  <price>
   838758
  </price>
  <rating>
   3.64
  </rating>
  <reviews>
   808959
  </reviews>
 </clothing>
 <clothing>
  <id>
   627746083
  </id>
  <name>
   Under Armour Blouse A-1948
  </name>
  <category>
   Blouse
  </category>
  <size>
   S
  </size>
  <color>
   Голубой
  </color>
  <material>
   Хлопок
  </material>
  <price>
   666225
  </price>
  <rating>
   3.95
  </rating>
  <reviews>
   973784
  </reviews>
  <new>
   -
  </new>
 </clothing>
 <clothing>
  <id>
   978777334
  </id>
  <name>
   Nike Shirt K-5305
  </name>
  <category>
   Shirt
  </category>
  <size>
   XL
  </size>
  <color>
   Зеленый
  </color>
  <material>
   Лен
  </material>
  <price>
   654722
  </price>
  <rating>
   4.95
  </rating>
  <reviews>
   107521
  </reviews>
  <exclusive>
   no
  </exclusive>
 </clothing>
</clothing-items>
