<?xml version="1.0" encoding="utf-8"?>
<clothing-items>
 <clothing>
  <id>
   539786061
  </id>
  <name>
   PleinSport Belts W-6210
  </name>
  <category>
   Belts
  </category>
  <size>
   XL
  </size>
  <color>
   Желтый
  </color>
  <material>
   Вискоза
  </material>
  <price>
   293466
  </price>
  <rating>
   2.5
  </rating>
  <reviews>
   826184
  </reviews>
  <new>
   -
  </new>
 </clothing>
 <clothing>
  <id>
   807051417
  </id>
  <name>
   Reebok Skirt A-5923
  </name>
  <category>
   Skirt
  </category>
  <size>
   XXL
  </size>
  <color>
   Синий
  </color>
  <material>
   Нейлон
  </material>
  <price>
   219623
  </price>
  <rating>
   2.49
  </rating>
  <reviews>
   597648
  </reviews>
  <new>
   -
  </new>
  <exclusive>
   no
  </exclusive>
 </clothing>
 <clothing>
  <id>
   241420063
  </id>
  <name>
   Asics Handbags W-1239
  </name>
  <category>
   Handbags
  </category>
  <size>
   L
  </size>
  <color>
   Желтый
  </color>
  <material>
   Хлопок
  </material>
  <price>
   221420
  </price>
  <rating>
   3.53
  </rating>
  <reviews>
   871160
  </reviews>
  <sporty>
   yes
  </sporty>
 </clothing>
 <clothing>
  <id>
   841846921
  </id>
  <name>
   Nike Gloves L-7637
  </name>
  <category>
   Gloves
  </category>
  <size>
   XXL
  </size>
  <color>
   Красный
  </color>
  <material>
   Хлопок
  </material>
  <price>
   849601
  </price>
  <rating>
   1.1
  </rating>
  <reviews>
   95401
  </reviews>
  <exclusive>
   no
  </exclusive>
 </clothing>
 <clothing>
  <id>
   859394359
  </id>
  <name>
   PleinSport Dress A-3053
  </name>
  <category>
   Dress
  </category>
  <size>
   S
  </size>
  <color>
   Оранжевый
  </color>
  <material>
   Нейлон
  </material>
  <price>
   921826
  </price>
  <rating>
   3.54
  </rating>
  <reviews>
   910995
  </reviews>
 </clothing>
 <clothing>
  <id>
   330351940
  </id>
  <name>
   Fila Hat W-5903
  </name>
  <category>
   Hat
  </category>
  <size>
   XL
  </size>
  <color>
   Синий
  </color>
  <material>
   Шелк
  </material>
  <price>
   372315
  </price>
  <rating>
   1.43
  </rating>
  <reviews>
   16613
  </reviews>
  <new>
   +
  </new>
  <sporty>
   no
  </sporty>
 </clothing>
 <clothing>
  <id>
   375145629
  </id>
  <name>
   Reebok Dress L-4237
  </name>
  <category>
   Dress
  </category>
  <size>
   M
  </size>
  <color>
   Голубой
  </color>
  <material>
   Шерсть
  </material>
  <price>
   455936
  </price>
  <rating>
   4.28
  </rating>
  <reviews>
   350377
  </reviews>
  <new>
   -
  </new>
  <exclusive>
   no
  </exclusive>
  <sporty>
   yes
  </sporty>
 </clothing>
 <clothing>
  <id>
   878676833
  </id>
  <name>
   Converse Handbags R-5149
  </name>
  <category>
   Handbags
  </category>
  <size>
   L
  </size>
  <color>
   Зеленый
  </color>
  <material>
   Кожа
  </material>
  <price>
   757811
  </price>
  <rating>
   2.97
  </rating>
  <reviews>
   669933
  </reviews>
  <new>
   -
  </new>
  <exclusive>
   no
  </exclusive>
  <sporty>
   no
  </sporty>
 </clothing>
 <clothing>
  <id>
   236156953
  </id>
  <name>
   DC T-shirt Z-6993
  </name>
  <category>
   T-shirt
  </category>
  <size>
   M
  </size>
  <color>
   Фиолетовый
  </color>
  <material>
   Полиэстер
  </material>
  <price>
   294366
  </price>
  <rating>
   3.61
  </rating>
  <reviews>
   782461
  </reviews>
  <exclusive>
   yes
  </exclusive>
  <sporty>
   yes
  </sporty>
 </clothing>
 <clothing>
  <id>
   905357522
  </id>
  <name>
   Nike T-shirt N-3648
  </name>
  <category>
   T-shirt
  </category>
  <size>
   L
  </size>
  <color>
   Красный
  </color>
  <material>
   Вискоза
  </material>
  <price>
   909979
  </price>
  <rating>
   2.39
  </rating>
  <reviews>
   249345
  </reviews>
  <sporty>
   yes
  </sporty>
 </clothing>
 <clothing>
  <id>
   903458881
  </id>
  <name>
   Fila T-shirt G-1995
  </name>
  <category>
   T-shirt
  </category>
  <size>
   S
  </size>
  <color>
   Желтый
  </color>
  <material>
   Хлопок
  </material>
  <price>
   261103
  </price>
  <rating>
   3.03
  </rating>
  <reviews>
   805148
  </reviews>
  <exclusive>
   no
  </exclusive>
 </clothing>
 <clothing>
  <id>
   295169684
  </id>
  <name>
   Addidas Jacket I-5511
  </name>
  <category>
   Jacket
  </category>
  <size>
   M
  </size>
  <color>
   Оранжевый
  </color>
  <material>
   Вискоза
  </material>
  <price>
   764350
  </price>
  <rating>
   2.44
  </rating>
  <reviews>
   670014
  </reviews>
  <sporty>
   no
  </sporty>
 </clothing>
 <clothing>
  <id>
   281561164
  </id>
  <name>
   Under Armour Skirt N-7188
  </name>
  <category>
   Skirt
  </category>
  <size>
   XL
  </size>
  <color>
   Синий
  </color>
  <material>
   Хлопок
  </material>
  <price>
   175470
  </price>
  <rating>
   4.95
  </rating>
  <reviews>
   184893
  </reviews>
  <sporty>
   no
  </sporty>
 </clothing>
 <clothing>
  <id>
   338596450
  </id>
  <name>
   Under Armour Sweater S-3965
  </name>
  <category>
   Sweater
  </category>
  <size>
   M
  </size>
  <color>
   Желтый
  </color>
  <material>
   Нейлон
  </material>
  <price>
   150099
  </price>
  <rating>
   5.0
  </rating>
  <reviews>
   202674
  </reviews>
  <new>
   +
  </new>
  <exclusive>
   yes
  </exclusive>
 </clothing>
 <clothing>
  <id>
   925305966
  </id>
  <name>
   Under Armour Belts S-3538
  </name>
  <category>
   Belts
  </category>
  <size>
   XXL
  </size>
  <color>
   Синий
  </color>
  <material>
   Хлопок
  </material>
  <price>
   129022
  </price>
  <rating>
   1.11
  </rating>
  <reviews>
   52872
  </reviews>
  <new>
   -
  </new>
  <sporty>
   no
  </sporty>
 </clothing>
 <clothing>
  <id>
   851275759
  </id>
  <name>
   DC Dress R-3973
  </name>
  <category>
   Dress
  </category>
  <size>
   M
  </size>
  <color>
   Красный
  </color>
  <material>
   Вискоза
  </material>
  <price>
   302184
  </price>
  <rating>
   4.62
  </rating>
  <reviews>
   700712
  </reviews>
  <new>
   -
  </new>
  <exclusive>
   no
  </exclusive>
  <sporty>
   yes
  </sporty>
 </clothing>
 <clothing>
  <id>
   149442716
  </id>
  <name>
   Reebok Dress P-2283
  </name>
  <category>
   Dress
  </category>
  <size>
   XXL
  </size>
  <color>
   Оранжевый
  </color>
  <material>
   Полиэстер
  </material>
  <price>
   755576
  </price>
  <rating>
   2.39
  </rating>
  <reviews>
   179008
  </reviews>
  <new>
   +
  </new>
  <exclusive>
   no
  </exclusive>
  <sporty>
   yes
  </sporty>
 </clothing>
 <clothing>
  <id>
   983793069
  </id>
  <name>
   DC Jacket G-2459
  </name>
  <category>
   Jacket
  </category>
  <size>
   XL
  </size>
  <color>
   Красный
  </color>
  <material>
   Вискоза
  </material>
  <price>
   897789
  </price>
  <rating>
   3.47
  </rating>
  <reviews>
   51073
  </reviews>
  <new>
   -
  </new>
  <exclusive>
   no
  </exclusive>
 </clothing>
 <clothing>
  <id>
   968268351
  </id>
  <name>
   Puma Pants V-9075
  </name>
  <category>
   Pants
  </category>
  <size>
   L
  </size>
  <color>
   Голубой
  </color>
  <material>
   Вискоза
  </material>
  <price>
   391596
  </price>
  <rating>
   3.47
  </rating>
  <reviews>
   793027
  </reviews>
  <exclusive>
   yes
  </exclusive>
  <sporty>
   no
  </sporty>
 </clothing>
 <clothing>
  <id>
   261190356
  </id>
  <name>
   Lacoste Sweater G-9705
  </name>
  <category>
   Sweater
  </category>
  <size>
   L
  </size>
  <color>
   Красный
  </color>
  <material>
   Лен
  </material>
  <price>
   389446
  </price>
  <rating>
   4.74
  </rating>
  <reviews>
   65762
  </reviews>
  <new>
   -
  </new>
  <exclusive>
   no
  </exclusive>
 </clothing>
 <clothing>
  <id>
   213047678
  </id>
  <name>
   DC Shoes T-5525
  </name>
  <category>
   Shoes
  </category>
  <size>
   L
  </size>
  <color>
   Оранжевый
  </color>
  <material>
   Нейлон
  </material>
  <price>
   494963
  </price>
  <rating>
   2.35
  </rating>
  <reviews>
   9390
  </reviews>
  <new>
   -
  </new>
  <exclusive>
   yes
  </exclusive>
  <sporty>
   yes
  </sporty>
 </clothing>
 <clothing>
  <id>
   887438186
  </id>
  <name>
   Fila Skirt S-7795
  </name>
  <category>
   Skirt
  </category>
  <size>
   L
  </size>
  <color>
   Синий
  </color>
  <material>
   Нейлон
  </material>
  <price>
   925223
  </price>
  <rating>
   4.81
  </rating>
  <reviews>
   16616
  </reviews>
  <new>
   -
  </new>
 </clothing>
 <clothing>
  <id>
   368913634
  </id>
  <name>
   PleinSport Dress R-6209
  </name>
  <category>
   Dress
  </category>
  <size>
   M
  </size>
  <color>
   Красный
  </color>
  <material>
   Шелк
  </material>
  <price>
   118330
  </price>
  <rating>
   1.95
  </rating>
  <reviews>
   975331
  </reviews>
  <new>
   -
  </new>
  <exclusive>
   no
  </exclusive>
  <sporty>
   no
  </sporty>
 </clothing>
 <clothing>
  <id>
   923899006
  </id>
  <name>
   Asics Belts Q-6006
  </name>
  <category>
   Belts
  </category>
  <size>
   XXL
  </size>
  <color>
   Оранжевый
  </color>
  <material>
   Шерсть
  </material>
  <price>
   641397
  </price>
  <rating>
   3.9
  </rating>
  <reviews>
   477578
  </reviews>
  <new>
   -
  </new>
 </clothing>
 <clothing>
  <id>
   307799070
  </id>
  <name>
   Ellesse Pants O-2938
  </name>
  <category>
   Pants
  </category>
  <size>
   L
  </size>
  <color>
   Оранжевый
  </color>
  <material>
   Лен
  </material>
  <price>
   583905
  </price>
  <rating>
   2.06
  </rating>
  <reviews>
   345252
  </reviews>
  <sporty>
   no
  </sporty>
 </clothing>
 <clothing>
  <id>
   785844439
  </id>
  <name>
   Adidas Belts H-3413
  </name>
  <category>
   Belts
  </category>
  <size>
   XXL
  </size>
  <color>
   Голубой
  </color>
  <material>
   Вискоза
  </material>
  <price>
   699956
  </price>
  <rating>
   2.66
  </rating>
  <reviews>
   122528
  </reviews>
  <new>
   -
  </new>
  <sporty>
   yes
  </sporty>
 </clothing>
 <clothing>
  <id>
   740247872
  </id>
  <name>
   Puma Sweater O-8429
  </name>
  <category>
   Sweater
  </category>
  <size>
   S
  </size>
  <color>
   Красный
  </color>
  <material>
   Хлопок
  </material>
  <price>
   665508
  </price>
  <rating>
   3.11
  </rating>
  <reviews>
   659579
  </reviews>
  <sporty>
   yes
  </sporty>
 </clothing>
 <clothing>
  <id>
   655482776
  </id>
  <name>
   Converse Jeans A-1558
  </name>
  <category>
   Jeans
  </category>
  <size>
   S
  </size>
  <color>
   Фиолетовый
  </color>
  <material>
   Нейлон
  </material>
  <price>
   216610
  </price>
  <rating>
   3.84
  </rating>
  <reviews>
   537886
  </reviews>
  <new>
   -
  </new>
  <exclusive>
   no
  </exclusive>
  <sporty>
   no
  </sporty>
 </clothing>
 <clothing>
  <id>
   666047387
  </id>
  <name>
   Nike Jacket B-4260
  </name>
  <category>
   Jacket
  </category>
  <size>
   XXL
  </size>
  <color>
   Синий
  </color>
  <material>
   Хлопок
  </material>
  <price>
   488580
  </price>
  <rating>
   4.26
  </rating>
  <reviews>
   82236
  </reviews>
  <new>
   +
  </new>
  <sporty>
   no
  </sporty>
 </clothing>
 <clothing>
  <id>
   323156966
  </id>
  <name>
   Lacoste Umbrellas B-3536
  </name>
  <category>
   Umbrellas
  </category>
  <size>
   M
  </size>
  <color>
   Оранжевый
  </color>
  <material>
   Хлопок
  </material>
  <price>
   829027
  </price>
  <rating>
   2.95
  </rating>
  <reviews>
   628249
  </reviews>
  <new>
   +
  </new>
  <exclusive>
   yes
  </exclusive>
 </clothing>
 <clothing>
  <id>
   698174747
  </id>
  <name>
   Puma Umbrellas Z-4476
  </name>
  <category>
   Umbrellas
  </category>
  <size>
   XXL
  </size>
  <color>
   Синий
  </color>
  <material>
   Полиэстер
  </material>
  <price>
   907732
  </price>
  <rating>
   4.12
  </rating>
  <reviews>
   335510
  </reviews>
  <exclusive>
   yes
  </exclusive>
  <sporty>
   yes
  </sporty>
 </clothing>
 <clothing>
  <id>
   618531785
  </id>
  <name>
   Lacoste Gloves D-6136
  </name>
  <category>
   Gloves
  </category>
  <size>
   M
  </size>
  <color>
   Желтый
  </color>
  <material>
   Шелк
  </material>
  <price>
   939060
  </price>
  <rating>
   2.54
  </rating>
  <reviews>
   463003
  </reviews>
  <new>
   -
  </new>
  <exclusive>
   no
  </exclusive>
  <sporty>
   yes
  </sporty>
 </clothing>
 <clothing>
  <id>
   100584036
  </id>
  <name>
   Reebok Hat Z-2017
  </name>
  <category>
   Hat
  </category>
  <size>
   M
  </size>
  <color>
   Голубой
  </color>
  <material>
   Хлопок
  </material>
  <price>
   786134
  </price>
  <rating>
   2.96
  </rating>
  <reviews>
   461820
  </reviews>
  <new>
   -
  </new>
  <exclusive>
   no
  </exclusive>
  <sporty>
   yes
  </sporty>
 </clothing>
 <clothing>
  <id>
   560878702
  </id>
  <name>
   Reebok Dress Y-3525
  </name>
  <category>
   Dress
  </category>
  <size>
   S
  </size>
  <color>
   Синий
  </color>
  <material>
   Кожа
  </material>
  <price>
   873492
  </price>
  <rating>
   1.23
  </rating>
  <reviews>
   865820
  </reviews>
  <new>
   +
  </new>
  <exclusive>
   no
  </exclusive>
  <sporty>
   no
  </sporty>
 </clothing>
 <clothing>
  <id>
   435470079
  </id>
  <name>
   Converse Belts E-1981
  </name>
  <category>
   Belts
  </category>
  <size>
   S
  </size>
  <color>
   Синий
  </color>
  <material>
   Полиэстер
  </material>
  <price>
   109863
  </price>
  <rating>
   2.23
  </rating>
  <reviews>
   647020
  </reviews>
  <new>
   -
  </new>
  <exclusive>
   no
  </exclusive>
 </clothing>
 <clothing>
  <id>
   693145309
  </id>
  <name>
   Converse T-shirt P-7523
  </name>
  <category>
   T-shirt
  </category>
  <size>
   L
  </size>
  <color>
   Голубой
  </color>
  <material>
   Лен
  </material>
  <price>
   399211
  </price>
  <rating>
   4.02
  </rating>
  <reviews>
   978464
  </reviews>
 </clothing>
 <clothing>
  <id>
   417791022
  </id>
  <name>
   PleinSport Blouse V-1952
  </name>
  <category>
   Blouse
  </category>
  <size>
   XXL
  </size>
  <color>
   Фиолетовый
  </color>
  <material>
   Шерсть
  </material>
  <price>
   163714
  </price>
  <rating>
   3.29
  </rating>
  <reviews>
   996560
  </reviews>
  <exclusive>
   no
  </exclusive>
  <sporty>
   yes
  </sporty>
 </clothing>
 <clothing>
  <id>
   101565003
  </id>
  <name>
   Asics Umbrellas L-5252
  </name>
  <category>
   Umbrellas
  </category>
  <size>
   L
  </size>
  <color>
   Зеленый
  </color>
  <material>
   Кожа
  </material>
  <price>
   180499
  </price>
  <rating>
   2.09
  </rating>
  <reviews>
   702636
  </reviews>
  <new>
   -
  </new>
  <exclusive>
   yes
  </exclusive>
  <sporty>
   no
  </sporty>
 </clothing>
 <clothing>
  <id>
   572319479
  </id>
  <name>
   Ellesse T-shirt R-9383
  </name>
  <category>
   T-shirt
  </category>
  <size>
   XL
  </size>
  <color>
   Фиолетовый
  </color>
  <material>
   Нейлон
  </material>
  <price>
   837472
  </price>
  <rating>
   4.09
  </rating>
  <reviews>
   128532
  </reviews>
  <new>
   -
  </new>
  <exclusive>
   no
  </exclusive>
 </clothing>
 <clothing>
  <id>
   991510438
  </id>
  <name>
   Puma Pants P-1325
  </name>
  <category>
   Pants
  </category>
  <size>
   S
  </size>
  <color>
   Фиолетовый
  </color>
  <material>
   Нейлон
  </material>
  <price>
   151394
  </price>
  <rating>
   4.88
  </rating>
  <reviews>
   89565
  </reviews>
  <new>
   -
  </new>
  <sporty>
   yes
  </sporty>
 </clothing>
 <clothing>
  <id>
   963186004
  </id>
  <name>
   Fila Umbrellas O-3726
  </name>
  <category>
   Umbrellas
  </category>
  <size>
   XXL
  </size>
  <color>
   Фиолетовый
  </color>
  <material>
   Кожа
  </material>
  <price>
   537507
  </price>
  <rating>
   2.42
  </rating>
  <reviews>
   719159
  </reviews>
  <new>
   -
  </new>
  <exclusive>
   yes
  </exclusive>
  <sporty>
   yes
  </sporty>
 </clothing>
 <clothing>
  <id>
   824812186
  </id>
  <name>
   Lacoste Belts M-5716
  </name>
  <category>
   Belts
  </category>
  <size>
   M
  </size>
  <color>
   Зеленый
  </color>
  <material>
   Шелк
  </material>
  <price>
   679534
  </price>
  <rating>
   3.34
  </rating>
  <reviews>
   20663
  </reviews>
  <exclusive>
   no
  </exclusive>
  <sporty>
   yes
  </sporty>
 </clothing>
 <clothing>
  <id>
   307556693
  </id>
  <name>
   DC Shirt E-6643
  </name>
  <category>
   Shirt
  </category>
  <size>
   XL
  </size>
  <color>
   Оранжевый
  </color>
  <material>
   Лен
  </material>
  <price>
   129359
  </price>
  <rating>
   2.07
  </rating>
  <reviews>
   410209
  </reviews>
  <sporty>
   no
  </sporty>
 </clothing>
 <clothing>
  <id>
   222122542
  </id>
  <name>
   Ellesse Jeans T-9481
  </name>
  <category>
   Jeans
  </category>
  <size>
   XL
  </size>
  <color>
   Желтый
  </color>
  <material>
   Шелк
  </material>
  <price>
   348933
  </price>
  <rating>
   4.64
  </rating>
  <reviews>
   152896
  </reviews>
  <exclusive>
   no
  </exclusive>
  <sporty>
   yes
  </sporty>
 </clothing>
 <clothing>
  <id>
   111872837
  </id>
  <name>
   New Balance Dress T-2647
  </name>
  <category>
   Dress
  </category>
  <size>
   S
  </size>
  <color>
   Фиолетовый
  </color>
  <material>
   Лен
  </material>
  <price>
   903751
  </price>
  <rating>
   2.08
  </rating>
  <reviews>
   606433
  </reviews>
  <new>
   +
  </new>
  <exclusive>
   no
  </exclusive>
 </clothing>
 <clothing>
  <id>
   264024884
  </id>
  <name>
   Reebok Shoes U-8416
  </name>
  <category>
   Shoes
  </category>
  <size>
   S
  </size>
  <color>
   Синий
  </color>
  <material>
   Полиэстер
  </material>
  <price>
   476099
  </price>
  <rating>
   2.99
  </rating>
  <reviews>
   595643
  </reviews>
 </clothing>
 <clothing>
  <id>
   722949213
  </id>
  <name>
   Reebok Sweater H-9339
  </name>
  <category>
   Sweater
  </category>
  <size>
   L
  </size>
  <color>
   Фиолетовый
  </color>
  <material>
   Лен
  </material>
  <price>
   825897
  </price>
  <rating>
   1.92
  </rating>
  <reviews>
   757532
  </reviews>
  <new>
   -
  </new>
  <sporty>
   no
  </sporty>
 </clothing>
 <clothing>
  <id>
   316604057
  </id>
  <name>
   DC Skirt I-4578
  </name>
  <category>
   Skirt
  </category>
  <size>
   M
  </size>
  <color>
   Оранжевый
  </color>
  <material>
   Вискоза
  </material>
  <price>
   498112
  </price>
  <rating>
   2.63
  </rating>
  <reviews>
   254106
  </reviews>
  <new>
   -
  </new>
  <exclusive>
   no
  </exclusive>
 </clothing>
</clothing-items>
