<?xml version="1.0" encoding="utf-8"?>
<clothing-items>
 <clothing>
  <id>
   711434222
  </id>
  <name>
   Puma Hat K-3000
  </name>
  <category>
   Hat
  </category>
  <size>
   XL
  </size>
  <color>
   Оранжевый
  </color>
  <material>
   Шерсть
  </material>
  <price>
   694101
  </price>
  <rating>
   1.07
  </rating>
  <reviews>
   664595
  </reviews>
  <exclusive>
   no
  </exclusive>
  <sporty>
   yes
  </sporty>
 </clothing>
 <clothing>
  <id>
   734680578
  </id>
  <name>
   Reebok Socks I-2441
  </name>
  <category>
   Socks
  </category>
  <size>
   XL
  </size>
  <color>
   Желтый
  </color>
  <material>
   Полиэстер
  </material>
  <price>
   575824
  </price>
  <rating>
   4.03
  </rating>
  <reviews>
   59247
  </reviews>
 </clothing>
 <clothing>
  <id>
   584044783
  </id>
  <name>
   Puma T-shirt N-2799
  </name>
  <category>
   T-shirt
  </category>
  <size>
   M
  </size>
  <color>
   Голубой
  </color>
  <material>
   Полиэстер
  </material>
  <price>
   722054
  </price>
  <rating>
   1.88
  </rating>
  <reviews>
   646844
  </reviews>
  <new>
   +
  </new>
  <exclusive>
   yes
  </exclusive>
  <sporty>
   yes
  </sporty>
 </clothing>
 <clothing>
  <id>
   369897230
  </id>
  <name>
   New Balance Shirt Z-5678
  </name>
  <category>
   Shirt
  </category>
  <size>
   XXL
  </size>
  <color>
   Желтый
  </color>
  <material>
   Шерсть
  </material>
  <price>
   513843
  </price>
  <rating>
   1.84
  </rating>
  <reviews>
   89147
  </reviews>
  <exclusive>
   yes
  </exclusive>
 </clothing>
 <clothing>
  <id>
   180117618
  </id>
  <name>
   Converse Hat Y-8747
  </name>
  <category>
   Hat
  </category>
  <size>
   XL
  </size>
  <color>
   Желтый
  </color>
  <material>
   Шерсть
  </material>
  <price>
   499705
  </price>
  <rating>
   2.21
  </rating>
  <reviews>
   817629
  </reviews>
  <new>
   -
  </new>
  <exclusive>
   yes
  </exclusive>
  <sporty>
   no
  </sporty>
 </clothing>
 <clothing>
  <id>
   660774887
  </id>
  <name>
   Vans Socks C-9077
  </name>
  <category>
   Socks
  </category>
  <size>
   XL
  </size>
  <color>
   Зеленый
  </color>
  <material>
   Шерсть
  </material>
  <price>
   984844
  </price>
  <rating>
   1.98
  </rating>
  <reviews>
   709787
  </reviews>
  <new>
   +
  </new>
  <sporty>
   no
  </sporty>
 </clothing>
 <clothing>
  <id>
   663558426
  </id>
  <name>
   Vans Pants I-5348
  </name>
  <category>
   Pants
  </category>
  <size>
   S
  </size>
  <color>
   Красный
  </color>
  <material>
   Кожа
  </material>
  <price>
   835288
  </price>
  <rating>
   1.24
  </rating>
  <reviews>
   393540
  </reviews>
  <new>
   +
  </new>
 </clothing>
 <clothing>
  <id>
   204512021
  </id>
  <name>
   Lacoste Sweater W-4997
  </name>
  <category>
   Sweater
  </category>
  <size>
   L
  </size>
  <color>
   Фиолетовый
  </color>
  <material>
   Полиэстер
  </material>
  <price>
   509168
  </price>
  <rating>
   3.99
  </rating>
  <reviews>
   828390
  </reviews>
  <new>
   -
  </new>
  <exclusive>
   yes
  </exclusive>
  <sporty>
   yes
  </sporty>
 </clothing>
 <clothing>
  <id>
   829519414
  </id>
  <name>
   Converse Handbags R-6099
  </name>
  <category>
   Handbags
  </category>
  <size>
   XXL
  </size>
  <color>
   Желтый
  </color>
  <material>
   Полиэстер
  </material>
  <price>
   543523
  </price>
  <rating>
   4.67
  </rating>
  <reviews>
   772863
  </reviews>
  <new>
   -
  </new>
  <exclusive>
   yes
  </exclusive>
 </clothing>
 <clothing>
  <id>
   857309457
  </id>
  <name>
   Addidas Shoes V-2030
  </name>
  <category>
   Shoes
  </category>
  <size>
   M
  </size>
  <color>
   Голубой
  </color>
  <material>
   Вискоза
  </material>
  <price>
   380291
  </price>
  <rating>
   3.0
  </rating>
  <reviews>
   978348
  </reviews>
  <new>
   -
  </new>
  <exclusive>
   no
  </exclusive>
 </clothing>
 <clothing>
  <id>
   143389059
  </id>
  <name>
   Under Armour Shoes O-1477
  </name>
  <category>
   Shoes
  </category>
  <size>
   S
  </size>
  <color>
   Желтый
  </color>
  <material>
   Шерсть
  </material>
  <price>
   257088
  </price>
  <rating>
   4.92
  </rating>
  <reviews>
   29563
  </reviews>
  <exclusive>
   yes
  </exclusive>
  <sporty>
   yes
  </sporty>
 </clothing>
 <clothing>
  <id>
   425733276
  </id>
  <name>
   Brooks Jacket H-5251
  </name>
  <category>
   Jacket
  </category>
  <size>
   M
  </size>
  <color>
   Оранжевый
  </color>
  <material>
   Шерсть
  </material>
  <price>
   613279
  </price>
  <rating>
   4.55
  </rating>
  <reviews>
   67347
  </reviews>
  <new>
   -
  </new>
  <exclusive>
   no
  </exclusive>
  <sporty>
   no
  </sporty>
 </clothing>
 <clothing>
  <id>
   152343324
  </id>
  <name>
   New Balance Pants Y-7377
  </name>
  <category>
   Pants
  </category>
  <size>
   L
  </size>
  <color>
   Желтый
  </color>
  <material>
   Кожа
  </material>
  <price>
   840275
  </price>
  <rating>
   4.12
  </rating>
  <reviews>
   527063
  </reviews>
  <new>
   -
  </new>
  <exclusive>
   yes
  </exclusive>
  <sporty>
   no
  </sporty>
 </clothing>
 <clothing>
  <id>
   467990152
  </id>
  <name>
   Fila T-shirt T-7955
  </name>
  <category>
   T-shirt
  </category>
  <size>
   XXL
  </size>
  <color>
   Желтый
  </color>
  <material>
   Лен
  </material>
  <price>
   357887
  </price>
  <rating>
   3.09
  </rating>
  <reviews>
   425997
  </reviews>
  <new>
   +
  </new>
  <sporty>
   yes
  </sporty>
 </clothing>
 <clothing>
  <id>
   271274757
  </id>
  <name>
   Ellesse Socks A-9600
  </name>
  <category>
   Socks
  </category>
  <size>
   S
  </size>
  <color>
   Красный
  </color>
  <material>
   Вискоза
  </material>
  <price>
   814997
  </price>
  <rating>
   1.23
  </rating>
  <reviews>
   365846
  </reviews>
  <new>
   -
  </new>
  <exclusive>
   no
  </exclusive>
  <sporty>
   yes
  </sporty>
 </clothing>
 <clothing>
  <id>
   561707989
  </id>
  <name>
   Fila Dress D-5422
  </name>
  <category>
   Dress
  </category>
  <size>
   M
  </size>
  <color>
   Синий
  </color>
  <material>
   Нейлон
  </material>
  <price>
   313935
  </price>
  <rating>
   2.62
  </rating>
  <reviews>
   150933
  </reviews>
  <new>
   +
  </new>
  <exclusive>
   no
  </exclusive>
 </clothing>
 <clothing>
  <id>
   578972467
  </id>
  <name>
   Fila Hat P-2714
  </name>
  <category>
   Hat
  </category>
  <size>
   L
  </size>
  <color>
   Голубой
  </color>
  <material>
   Шелк
  </material>
  <price>
   966323
  </price>
  <rating>
   4.0
  </rating>
  <reviews>
   658022
  </reviews>
  <new>
   -
  </new>
 </clothing>
 <clothing>
  <id>
   293047858
  </id>
  <name>
   Reebok Pants V-1293
  </name>
  <category>
   Pants
  </category>
  <size>
   XL
  </size>
  <color>
   Оранжевый
  </color>
  <material>
   Хлопок
  </material>
  <price>
   489573
  </price>
  <rating>
   4.63
  </rating>
  <reviews>
   847627
  </reviews>
  <new>
   -
  </new>
  <exclusive>
   no
  </exclusive>
 </clothing>
 <clothing>
  <id>
   494657821
  </id>
  <name>
   DC Pants D-6640
  </name>
  <category>
   Pants
  </category>
  <size>
   XXL
  </size>
  <color>
   Желтый
  </color>
  <material>
   Полиэстер
  </material>
  <price>
   659302
  </price>
  <rating>
   3.06
  </rating>
  <reviews>
   248734
  </reviews>
  <sporty>
   no
  </sporty>
 </clothing>
 <clothing>
  <id>
   818203701
  </id>
  <name>
   Under Armour Belts S-7575
  </name>
  <category>
   Belts
  </category>
  <size>
   L
  </size>
  <color>
   Красный
  </color>
  <material>
   Кожа
  </material>
  <price>
   357980
  </price>
  <rating>
   2.14
  </rating>
  <reviews>
   168461
  </reviews>
  <new>
   +
  </new>
 </clothing>
 <clothing>
  <id>
   470237745
  </id>
  <name>
   Converse Handbags Y-9980
  </name>
  <category>
   Handbags
  </category>
  <size>
   M
  </size>
  <color>
   Фиолетовый
  </color>
  <material>
   Полиэстер
  </material>
  <price>
   550810
  </price>
  <rating>
   1.44
  </rating>
  <reviews>
   975888
  </reviews>
  <new>
   +
  </new>
 </clothing>
 <clothing>
  <id>
   872758885
  </id>
  <name>
   Ellesse Skirt J-5651
  </name>
  <category>
   Skirt
  </category>
  <size>
   L
  </size>
  <color>
   Голубой
  </color>
  <material>
   Нейлон
  </material>
  <price>
   152196
  </price>
  <rating>
   2.99
  </rating>
  <reviews>
   609030
  </reviews>
  <new>
   -
  </new>
  <sporty>
   no
  </sporty>
 </clothing>
 <clothing>
  <id>
   584379567
  </id>
  <name>
   Converse Sweater L-2778
  </name>
  <category>
   Sweater
  </category>
  <size>
   XL
  </size>
  <color>
   Оранжевый
  </color>
  <material>
   Кожа
  </material>
  <price>
   148050
  </price>
  <rating>
   2.52
  </rating>
  <reviews>
   959424
  </reviews>
  <new>
   +
  </new>
  <sporty>
   yes
  </sporty>
 </clothing>
 <clothing>
  <id>
   404294507
  </id>
  <name>
   Nike Jacket P-6373
  </name>
  <category>
   Jacket
  </category>
  <size>
   M
  </size>
  <color>
   Желтый
  </color>
  <material>
   Нейлон
  </material>
  <price>
   451713
  </price>
  <rating>
   1.27
  </rating>
  <reviews>
   32703
  </reviews>
  <new>
   +
  </new>
  <exclusive>
   no
  </exclusive>
 </clothing>
 <clothing>
  <id>
   764026411
  </id>
  <name>
   Fila Skirt V-3758
  </name>
  <category>
   Skirt
  </category>
  <size>
   S
  </size>
  <color>
   Фиолетовый
  </color>
  <material>
   Лен
  </material>
  <price>
   565362
  </price>
  <rating>
   4.39
  </rating>
  <reviews>
   84933
  </reviews>
  <new>
   +
  </new>
  <sporty>
   no
  </sporty>
 </clothing>
 <clothing>
  <id>
   486439282
  </id>
  <name>
   Under Armour Gloves U-2891
  </name>
  <category>
   Gloves
  </category>
  <size>
   XXL
  </size>
  <color>
   Фиолетовый
  </color>
  <material>
   Вискоза
  </material>
  <price>
   130715
  </price>
  <rating>
   3.19
  </rating>
  <reviews>
   613497
  </reviews>
  <new>
   +
  </new>
 </clothing>
 <clothing>
  <id>
   846816590
  </id>
  <name>
   DC Hat O-5573
  </name>
  <category>
   Hat
  </category>
  <size>
   XXL
  </size>
  <color>
   Красный
  </color>
  <material>
   Полиэстер
  </material>
  <price>
   444621
  </price>
  <rating>
   4.15
  </rating>
  <reviews>
   422072
  </reviews>
 </clothing>
 <clothing>
  <id>
   250410188
  </id>
  <name>
   Asics Jacket K-8146
  </name>
  <category>
   Jacket
  </category>
  <size>
   XXL
  </size>
  <color>
   Фиолетовый
  </color>
  <material>
   Лен
  </material>
  <price>
   160437
  </price>
  <rating>
   3.52
  </rating>
  <reviews>
   256312
  </reviews>
  <new>
   +
  </new>
  <sporty>
   no
  </sporty>
 </clothing>
 <clothing>
  <id>
   744318535
  </id>
  <name>
   Adidas Dress H-3228
  </name>
  <category>
   Dress
  </category>
  <size>
   M
  </size>
  <color>
   Красный
  </color>
  <material>
   Полиэстер
  </material>
  <price>
   710586
  </price>
  <rating>
   2.93
  </rating>
  <reviews>
   92435
  </reviews>
 </clothing>
 <clothing>
  <id>
   344848960
  </id>
  <name>
   Ellesse Jacket E-4815
  </name>
  <category>
   Jacket
  </category>
  <size>
   XL
  </size>
  <color>
   Желтый
  </color>
  <material>
   Нейлон
  </material>
  <price>
   755363
  </price>
  <rating>
   3.33
  </rating>
  <reviews>
   219467
  </reviews>
  <new>
   -
  </new>
  <exclusive>
   yes
  </exclusive>
 </clothing>
</clothing-items>
