<?xml version="1.0" encoding="utf-8"?>
<clothing-items>
 <clothing>
  <id>
   552094131
  </id>
  <name>
   Adidas Socks D-3171
  </name>
  <category>
   Socks
  </category>
  <size>
   S
  </size>
  <color>
   Желтый
  </color>
  <material>
   Лен
  </material>
  <price>
   145018
  </price>
  <rating>
   1.02
  </rating>
  <reviews>
   35581
  </reviews>
  <sporty>
   yes
  </sporty>
 </clothing>
 <clothing>
  <id>
   932426531
  </id>
  <name>
   Asics Socks E-8677
  </name>
  <category>
   Socks
  </category>
  <size>
   S
  </size>
  <color>
   Фиолетовый
  </color>
  <material>
   Вискоза
  </material>
  <price>
   864581
  </price>
  <rating>
   2.93
  </rating>
  <reviews>
   725831
  </reviews>
  <new>
   +
  </new>
  <sporty>
   no
  </sporty>
 </clothing>
 <clothing>
  <id>
   726662348
  </id>
  <name>
   Reebok Shirt X-7199
  </name>
  <category>
   Shirt
  </category>
  <size>
   S
  </size>
  <color>
   Голубой
  </color>
  <material>
   Хлопок
  </material>
  <price>
   688825
  </price>
  <rating>
   2.23
  </rating>
  <reviews>
   727322
  </reviews>
  <new>
   -
  </new>
  <exclusive>
   yes
  </exclusive>
  <sporty>
   yes
  </sporty>
 </clothing>
 <clothing>
  <id>
   834329722
  </id>
  <name>
   Lacoste Socks N-7698
  </name>
  <category>
   Socks
  </category>
  <size>
   S
  </size>
  <color>
   Фиолетовый
  </color>
  <material>
   Хлопок
  </material>
  <price>
   734008
  </price>
  <rating>
   4.85
  </rating>
  <reviews>
   713439
  </reviews>
  <new>
   -
  </new>
  <exclusive>
   no
  </exclusive>
  <sporty>
   no
  </sporty>
 </clothing>
 <clothing>
  <id>
   191254340
  </id>
  <name>
   Addidas Socks M-3543
  </name>
  <category>
   Socks
  </category>
  <size>
   XXL
  </size>
  <color>
   Синий
  </color>
  <material>
   Шерсть
  </material>
  <price>
   996549
  </price>
  <rating>
   4.9
  </rating>
  <reviews>
   358865
  </reviews>
  <new>
   -
  </new>
  <exclusive>
   no
  </exclusive>
 </clothing>
 <clothing>
  <id>
   986226349
  </id>
  <name>
   Lacoste Socks U-6972
  </name>
  <category>
   Socks
  </category>
  <size>
   M
  </size>
  <color>
   Оранжевый
  </color>
  <material>
   Вискоза
  </material>
  <price>
   976082
  </price>
  <rating>
   1.59
  </rating>
  <reviews>
   592335
  </reviews>
 </clothing>
 <clothing>
  <id>
   332832189
  </id>
  <name>
   Fila Gloves U-3515
  </name>
  <category>
   Gloves
  </category>
  <size>
   S
  </size>
  <color>
   Зеленый
  </color>
  <material>
   Хлопок
  </material>
  <price>
   349704
  </price>
  <rating>
   2.33
  </rating>
  <reviews>
   820780
  </reviews>
  <new>
   -
  </new>
  <exclusive>
   yes
  </exclusive>
 </clothing>
 <clothing>
  <id>
   497902710
  </id>
  <name>
   Under Armour Jeans P-3516
  </name>
  <category>
   Jeans
  </category>
  <size>
   XXL
  </size>
  <color>
   Оранжевый
  </color>
  <material>
   Кожа
  </material>
  <price>
   524513
  </price>
  <rating>
   2.82
  </rating>
  <reviews>
   296472
  </reviews>
  <new>
   +
  </new>
  <sporty>
   no
  </sporty>
 </clothing>
 <clothing>
  <id>
   953011351
  </id>
  <name>
   Asics Umbrellas B-2451
  </name>
  <category>
   Umbrellas
  </category>
  <size>
   M
  </size>
  <color>
   Оранжевый
  </color>
  <material>
   Нейлон
  </material>
  <price>
   800993
  </price>
  <rating>
   3.39
  </rating>
  <reviews>
   469506
  </reviews>
  <sporty>
   no
  </sporty>
 </clothing>
 <clothing>
  <id>
   239591625
  </id>
  <name>
   Under Armour Belts R-4673
  </name>
  <category>
   Belts
  </category>
  <size>
   XXL
  </size>
  <color>
   Синий
  </color>
  <material>
   Шерсть
  </material>
  <price>
   711797
  </price>
  <rating>
   4.08
  </rating>
  <reviews>
   370453
  </reviews>
  <exclusive>
   yes
  </exclusive>
 </clothing>
 <clothing>
  <id>
   977234190
  </id>
  <name>
   Fila Jeans A-1425
  </name>
  <category>
   Jeans
  </category>
  <size>
   L
  </size>
  <color>
   Синий
  </color>
  <material>
   Хлопок
  </material>
  <price>
   712326
  </price>
  <rating>
   2.88
  </rating>
  <reviews>
   563865
  </reviews>
  <new>
   -
  </new>
  <sporty>
   yes
  </sporty>
 </clothing>
 <clothing>
  <id>
   441545535
  </id>
  <name>
   Ellesse Belts S-8595
  </name>
  <category>
   Belts
  </category>
  <size>
   L
  </size>
  <color>
   Зеленый
  </color>
  <material>
   Лен
  </material>
  <price>
   978175
  </price>
  <rating>
   2.62
  </rating>
  <reviews>
   918924
  </reviews>
  <new>
   -
  </new>
  <exclusive>
   yes
  </exclusive>
  <sporty>
   yes
  </sporty>
 </clothing>
 <clothing>
  <id>
   941900472
  </id>
  <name>
   Converse Shoes L-1826
  </name>
  <category>
   Shoes
  </category>
  <size>
   M
  </size>
  <color>
   Желтый
  </color>
  <material>
   Лен
  </material>
  <price>
   315362
  </price>
  <rating>
   1.23
  </rating>
  <reviews>
   702208
  </reviews>
  <exclusive>
   yes
  </exclusive>
 </clothing>
 <clothing>
  <id>
   986170850
  </id>
  <name>
   DC Jeans U-6415
  </name>
  <category>
   Jeans
  </category>
  <size>
   XL
  </size>
  <color>
   Голубой
  </color>
  <material>
   Полиэстер
  </material>
  <price>
   811915
  </price>
  <rating>
   2.22
  </rating>
  <reviews>
   648457
  </reviews>
  <new>
   -
  </new>
  <exclusive>
   no
  </exclusive>
 </clothing>
 <clothing>
  <id>
   836670096
  </id>
  <name>
   Asics Blouse O-6697
  </name>
  <category>
   Blouse
  </category>
  <size>
   L
  </size>
  <color>
   Голубой
  </color>
  <material>
   Вискоза
  </material>
  <price>
   794187
  </price>
  <rating>
   4.75
  </rating>
  <reviews>
   446150
  </reviews>
  <new>
   +
  </new>
  <sporty>
   no
  </sporty>
 </clothing>
 <clothing>
  <id>
   669238216
  </id>
  <name>
   Lacoste Hat M-4266
  </name>
  <category>
   Hat
  </category>
  <size>
   S
  </size>
  <color>
   Желтый
  </color>
  <material>
   Вискоза
  </material>
  <price>
   114453
  </price>
  <rating>
   1.19
  </rating>
  <reviews>
   31305
  </reviews>
  <new>
   -
  </new>
  <exclusive>
   yes
  </exclusive>
 </clothing>
 <clothing>
  <id>
   558318760
  </id>
  <name>
   Asics Hat H-5021
  </name>
  <category>
   Hat
  </category>
  <size>
   XL
  </size>
  <color>
   Красный
  </color>
  <material>
   Шелк
  </material>
  <price>
   688682
  </price>
  <rating>
   3.9
  </rating>
  <reviews>
   477049
  </reviews>
  <new>
   -
  </new>
  <exclusive>
   no
  </exclusive>
 </clothing>
 <clothing>
  <id>
   767268042
  </id>
  <name>
   Asics Shirt D-5681
  </name>
  <category>
   Shirt
  </category>
  <size>
   L
  </size>
  <color>
   Оранжевый
  </color>
  <material>
   Нейлон
  </material>
  <price>
   151652
  </price>
  <rating>
   4.43
  </rating>
  <reviews>
   287018
  </reviews>
 </clothing>
 <clothing>
  <id>
   336202295
  </id>
  <name>
   Brooks Skirt S-1783
  </name>
  <category>
   Skirt
  </category>
  <size>
   S
  </size>
  <color>
   Фиолетовый
  </color>
  <material>
   Шелк
  </material>
  <price>
   333613
  </price>
  <rating>
   1.56
  </rating>
  <reviews>
   811659
  </reviews>
  <new>
   -
  </new>
  <exclusive>
   no
  </exclusive>
 </clothing>
 <clothing>
  <id>
   141743992
  </id>
  <name>
   Brooks Dress G-6107
  </name>
  <category>
   Dress
  </category>
  <size>
   L
  </size>
  <color>
   Желтый
  </color>
  <material>
   Нейлон
  </material>
  <price>
   854821
  </price>
  <rating>
   4.72
  </rating>
  <reviews>
   90150
  </reviews>
  <exclusive>
   no
  </exclusive>
  <sporty>
   yes
  </sporty>
 </clothing>
 <clothing>
  <id>
   362296333
  </id>
  <name>
   Ellesse Blouse P-8710
  </name>
  <category>
   Blouse
  </category>
  <size>
   S
  </size>
  <color>
   Синий
  </color>
  <material>
   Шерсть
  </material>
  <price>
   494444
  </price>
  <rating>
   1.55
  </rating>
  <reviews>
   670238
  </reviews>
  <new>
   -
  </new>
  <exclusive>
   no
  </exclusive>
 </clothing>
 <clothing>
  <id>
   662193129
  </id>
  <name>
   Ellesse Pants Y-6633
  </name>
  <category>
   Pants
  </category>
  <size>
   S
  </size>
  <color>
   Красный
  </color>
  <material>
   Полиэстер
  </material>
  <price>
   329100
  </price>
  <rating>
   4.34
  </rating>
  <reviews>
   225683
  </reviews>
  <exclusive>
   no
  </exclusive>
  <sporty>
   no
  </sporty>
 </clothing>
 <clothing>
  <id>
   323217403
  </id>
  <name>
   Ellesse Shoes T-8389
  </name>
  <category>
   Shoes
  </category>
  <size>
   L
  </size>
  <color>
   Фиолетовый
  </color>
  <material>
   Вискоза
  </material>
  <price>
   476964
  </price>
  <rating>
   4.21
  </rating>
  <reviews>
   279546
  </reviews>
  <new>
   -
  </new>
  <exclusive>
   no
  </exclusive>
  <sporty>
   yes
  </sporty>
 </clothing>
 <clothing>
  <id>
   565241021
  </id>
  <name>
   Addidas Blouse Y-7019
  </name>
  <category>
   Blouse
  </category>
  <size>
   M
  </size>
  <color>
   Фиолетовый
  </color>
  <material>
   Полиэстер
  </material>
  <price>
   956647
  </price>
  <rating>
   4.1
  </rating>
  <reviews>
   549363
  </reviews>
  <sporty>
   no
  </sporty>
 </clothing>
 <clothing>
  <id>
   220435607
  </id>
  <name>
   Fila Jeans Y-3886
  </name>
  <category>
   Jeans
  </category>
  <size>
   M
  </size>
  <color>
   Оранжевый
  </color>
  <material>
   Шерсть
  </material>
  <price>
   973938
  </price>
  <rating>
   3.2
  </rating>
  <reviews>
   817722
  </reviews>
  <sporty>
   yes
  </sporty>
 </clothing>
 <clothing>
  <id>
   842473775
  </id>
  <name>
   Lacoste Blouse Y-5279
  </name>
  <category>
   Blouse
  </category>
  <size>
   M
  </size>
  <color>
   Красный
  </color>
  <material>
   Нейлон
  </material>
  <price>
   220224
  </price>
  <rating>
   1.79
  </rating>
  <reviews>
   83434
  </reviews>
  <new>
   -
  </new>
  <exclusive>
   yes
  </exclusive>
 </clothing>
 <clothing>
  <id>
   720614341
  </id>
  <name>
   Puma Pants M-3020
  </name>
  <category>
   Pants
  </category>
  <size>
   XL
  </size>
  <color>
   Синий
  </color>
  <material>
   Шелк
  </material>
  <price>
   884839
  </price>
  <rating>
   2.77
  </rating>
  <reviews>
   868104
  </reviews>
  <exclusive>
   yes
  </exclusive>
 </clothing>
 <clothing>
  <id>
   906474590
  </id>
  <name>
   Adidas T-shirt Y-7904
  </name>
  <category>
   T-shirt
  </category>
  <size>
   S
  </size>
  <color>
   Фиолетовый
  </color>
  <material>
   Хлопок
  </material>
  <price>
   612687
  </price>
  <rating>
   3.78
  </rating>
  <reviews>
   19410
  </reviews>
  <new>
   -
  </new>
  <exclusive>
   yes
  </exclusive>
 </clothing>
 <clothing>
  <id>
   593453405
  </id>
  <name>
   New Balance Pants G-8986
  </name>
  <category>
   Pants
  </category>
  <size>
   XXL
  </size>
  <color>
   Оранжевый
  </color>
  <material>
   Лен
  </material>
  <price>
   687758
  </price>
  <rating>
   1.37
  </rating>
  <reviews>
   977536
  </reviews>
  <new>
   -
  </new>
  <exclusive>
   yes
  </exclusive>
  <sporty>
   no
  </sporty>
 </clothing>
 <clothing>
  <id>
   737675606
  </id>
  <name>
   PleinSport Shoes X-2486
  </name>
  <category>
   Shoes
  </category>
  <size>
   S
  </size>
  <color>
   Фиолетовый
  </color>
  <material>
   Шерсть
  </material>
  <price>
   883221
  </price>
  <rating>
   4.56
  </rating>
  <reviews>
   703381
  </reviews>
  <exclusive>
   no
  </exclusive>
  <sporty>
   no
  </sporty>
 </clothing>
 <clothing>
  <id>
   125127870
  </id>
  <name>
   Reebok Handbags H-9977
  </name>
  <category>
   Handbags
  </category>
  <size>
   S
  </size>
  <color>
   Красный
  </color>
  <material>
   Полиэстер
  </material>
  <price>
   694035
  </price>
  <rating>
   3.57
  </rating>
  <reviews>
   316582
  </reviews>
  <new>
   +
  </new>
 </clothing>
</clothing-items>
