<?xml version="1.0" encoding="utf-8"?>
<clothing-items>
 <clothing>
  <id>
   226251737
  </id>
  <name>
   New Balance Gloves W-7184
  </name>
  <category>
   Gloves
  </category>
  <size>
   L
  </size>
  <color>
   Зеленый
  </color>
  <material>
   Шелк
  </material>
  <price>
   301192
  </price>
  <rating>
   4.65
  </rating>
  <reviews>
   718364
  </reviews>
  <exclusive>
   yes
  </exclusive>
 </clothing>
 <clothing>
  <id>
   199898141
  </id>
  <name>
   Under Armour Dress H-5244
  </name>
  <category>
   Dress
  </category>
  <size>
   M
  </size>
  <color>
   Голубой
  </color>
  <material>
   Лен
  </material>
  <price>
   562881
  </price>
  <rating>
   4.72
  </rating>
  <reviews>
   70076
  </reviews>
  <new>
   -
  </new>
  <sporty>
   no
  </sporty>
 </clothing>
 <clothing>
  <id>
   870092002
  </id>
  <name>
   Puma Handbags S-6982
  </name>
  <category>
   Handbags
  </category>
  <size>
   L
  </size>
  <color>
   Зеленый
  </color>
  <material>
   Лен
  </material>
  <price>
   610264
  </price>
  <rating>
   3.03
  </rating>
  <reviews>
   703858
  </reviews>
  <exclusive>
   yes
  </exclusive>
 </clothing>
 <clothing>
  <id>
   629809146
  </id>
  <name>
   New Balance Shirt C-4741
  </name>
  <category>
   Shirt
  </category>
  <size>
   M
  </size>
  <color>
   Фиолетовый
  </color>
  <material>
   Хлопок
  </material>
  <price>
   863152
  </price>
  <rating>
   2.01
  </rating>
  <reviews>
   432692
  </reviews>
  <exclusive>
   no
  </exclusive>
 </clothing>
 <clothing>
  <id>
   833036149
  </id>
  <name>
   Lacoste Jeans A-3199
  </name>
  <category>
   Jeans
  </category>
  <size>
   S
  </size>
  <color>
   Желтый
  </color>
  <material>
   Нейлон
  </material>
  <price>
   231785
  </price>
  <rating>
   1.1
  </rating>
  <reviews>
   549585
  </reviews>
  <new>
   +
  </new>
  <exclusive>
   yes
  </exclusive>
  <sporty>
   no
  </sporty>
 </clothing>
 <clothing>
  <id>
   175391752
  </id>
  <name>
   Asics Skirt M-3452
  </name>
  <category>
   Skirt
  </category>
  <size>
   M
  </size>
  <color>
   Оранжевый
  </color>
  <material>
   Кожа
  </material>
  <price>
   105736
  </price>
  <rating>
   1.7
  </rating>
  <reviews>
   298271
  </reviews>
  <new>
   -
  </new>
  <exclusive>
   no
  </exclusive>
 </clothing>
 <clothing>
  <id>
   468122210
  </id>
  <name>
   Reebok Skirt Q-1088
  </name>
  <category>
   Skirt
  </category>
  <size>
   XXL
  </size>
  <color>
   Фиолетовый
  </color>
  <material>
   Кожа
  </material>
  <price>
   762344
  </price>
  <rating>
   1.52
  </rating>
  <reviews>
   617740
  </reviews>
  <new>
   -
  </new>
  <exclusive>
   no
  </exclusive>
  <sporty>
   no
  </sporty>
 </clothing>
 <clothing>
  <id>
   244304121
  </id>
  <name>
   Adidas T-shirt B-4950
  </name>
  <category>
   T-shirt
  </category>
  <size>
   L
  </size>
  <color>
   Синий
  </color>
  <material>
   Кожа
  </material>
  <price>
   964489
  </price>
  <rating>
   2.27
  </rating>
  <reviews>
   637171
  </reviews>
  <exclusive>
   no
  </exclusive>
  <sporty>
   yes
  </sporty>
 </clothing>
 <clothing>
  <id>
   763706949
  </id>
  <name>
   Puma Socks S-5404
  </name>
  <category>
   Socks
  </category>
  <size>
   S
  </size>
  <color>
   Зеленый
  </color>
  <material>
   Хлопок
  </material>
  <price>
   210222
  </price>
  <rating>
   3.41
  </rating>
  <reviews>
   306053
  </reviews>
  <new>
   +
  </new>
  <sporty>
   no
  </sporty>
 </clothing>
 <clothing>
  <id>
   322611103
  </id>
  <name>
   PleinSport Shoes P-6510
  </name>
  <category>
   Shoes
  </category>
  <size>
   XXL
  </size>
  <color>
   Желтый
  </color>
  <material>
   Кожа
  </material>
  <price>
   845488
  </price>
  <rating>
   3.92
  </rating>
  <reviews>
   380380
  </reviews>
  <exclusive>
   no
  </exclusive>
 </clothing>
 <clothing>
  <id>
   883798702
  </id>
  <name>
   Converse T-shirt X-1976
  </name>
  <category>
   T-shirt
  </category>
  <size>
   L
  </size>
  <color>
   Желтый
  </color>
  <material>
   Лен
  </material>
  <price>
   360837
  </price>
  <rating>
   4.28
  </rating>
  <reviews>
   981658
  </reviews>
  <exclusive>
   no
  </exclusive>
  <sporty>
   no
  </sporty>
 </clothing>
 <clothing>
  <id>
   795708657
  </id>
  <name>
   Fila Dress K-9879
  </name>
  <category>
   Dress
  </category>
  <size>
   L
  </size>
  <color>
   Синий
  </color>
  <material>
   Шелк
  </material>
  <price>
   108172
  </price>
  <rating>
   4.49
  </rating>
  <reviews>
   384229
  </reviews>
  <new>
   -
  </new>
  <sporty>
   yes
  </sporty>
 </clothing>
 <clothing>
  <id>
   598057439
  </id>
  <name>
   DC Belts O-1346
  </name>
  <category>
   Belts
  </category>
  <size>
   XXL
  </size>
  <color>
   Голубой
  </color>
  <material>
   Нейлон
  </material>
  <price>
   127393
  </price>
  <rating>
   3.71
  </rating>
  <reviews>
   143664
  </reviews>
  <new>
   +
  </new>
 </clothing>
 <clothing>
  <id>
   207679736
  </id>
  <name>
   Puma Blouse V-1616
  </name>
  <category>
   Blouse
  </category>
  <size>
   XXL
  </size>
  <color>
   Оранжевый
  </color>
  <material>
   Нейлон
  </material>
  <price>
   313623
  </price>
  <rating>
   3.91
  </rating>
  <reviews>
   929745
  </reviews>
  <new>
   -
  </new>
  <exclusive>
   yes
  </exclusive>
  <sporty>
   no
  </sporty>
 </clothing>
 <clothing>
  <id>
   472973651
  </id>
  <name>
   PleinSport Belts I-1212
  </name>
  <category>
   Belts
  </category>
  <size>
   XL
  </size>
  <color>
   Оранжевый
  </color>
  <material>
   Хлопок
  </material>
  <price>
   437656
  </price>
  <rating>
   4.71
  </rating>
  <reviews>
   632508
  </reviews>
  <new>
   +
  </new>
 </clothing>
 <clothing>
  <id>
   741711496
  </id>
  <name>
   Ellesse Handbags O-5758
  </name>
  <category>
   Handbags
  </category>
  <size>
   L
  </size>
  <color>
   Оранжевый
  </color>
  <material>
   Нейлон
  </material>
  <price>
   237594
  </price>
  <rating>
   4.9
  </rating>
  <reviews>
   513795
  </reviews>
  <new>
   -
  </new>
 </clothing>
 <clothing>
  <id>
   531795248
  </id>
  <name>
   Brooks Socks M-7696
  </name>
  <category>
   Socks
  </category>
  <size>
   M
  </size>
  <color>
   Оранжевый
  </color>
  <material>
   Хлопок
  </material>
  <price>
   959707
  </price>
  <rating>
   4.18
  </rating>
  <reviews>
   958807
  </reviews>
  <new>
   +
  </new>
 </clothing>
 <clothing>
  <id>
   574641069
  </id>
  <name>
   Fila Jeans Z-3952
  </name>
  <category>
   Jeans
  </category>
  <size>
   S
  </size>
  <color>
   Желтый
  </color>
  <material>
   Кожа
  </material>
  <price>
   978537
  </price>
  <rating>
   1.53
  </rating>
  <reviews>
   334145
  </reviews>
  <sporty>
   no
  </sporty>
 </clothing>
 <clothing>
  <id>
   598114554
  </id>
  <name>
   Brooks Pants M-7908
  </name>
  <category>
   Pants
  </category>
  <size>
   L
  </size>
  <color>
   Желтый
  </color>
  <material>
   Кожа
  </material>
  <price>
   554015
  </price>
  <rating>
   4.08
  </rating>
  <reviews>
   230868
  </reviews>
  <exclusive>
   no
  </exclusive>
  <sporty>
   no
  </sporty>
 </clothing>
 <clothing>
  <id>
   270190774
  </id>
  <name>
   Under Armour Handbags E-8182
  </name>
  <category>
   Handbags
  </category>
  <size>
   S
  </size>
  <color>
   Желтый
  </color>
  <material>
   Хлопок
  </material>
  <price>
   884807
  </price>
  <rating>
   4.42
  </rating>
  <reviews>
   251843
  </reviews>
  <sporty>
   yes
  </sporty>
 </clothing>
 <clothing>
  <id>
   157085154
  </id>
  <name>
   Nike Gloves W-2837
  </name>
  <category>
   Gloves
  </category>
  <size>
   XXL
  </size>
  <color>
   Оранжевый
  </color>
  <material>
   Хлопок
  </material>
  <price>
   734956
  </price>
  <rating>
   1.54
  </rating>
  <reviews>
   551664
  </reviews>
  <exclusive>
   no
  </exclusive>
  <sporty>
   yes
  </sporty>
 </clothing>
 <clothing>
  <id>
   290530707
  </id>
  <name>
   Reebok Belts C-6299
  </name>
  <category>
   Belts
  </category>
  <size>
   XL
  </size>
  <color>
   Оранжевый
  </color>
  <material>
   Хлопок
  </material>
  <price>
   870670
  </price>
  <rating>
   4.01
  </rating>
  <reviews>
   269294
  </reviews>
  <exclusive>
   no
  </exclusive>
 </clothing>
 <clothing>
  <id>
   135863213
  </id>
  <name>
   Puma Pants H-4787
  </name>
  <category>
   Pants
  </category>
  <size>
   M
  </size>
  <color>
   Фиолетовый
  </color>
  <material>
   Кожа
  </material>
  <price>
   736865
  </price>
  <rating>
   1.37
  </rating>
  <reviews>
   62652
  </reviews>
  <sporty>
   yes
  </sporty>
 </clothing>
 <clothing>
  <id>
   769881360
  </id>
  <name>
   Under Armour Jacket K-6037
  </name>
  <category>
   Jacket
  </category>
  <size>
   XXL
  </size>
  <color>
   Синий
  </color>
  <material>
   Хлопок
  </material>
  <price>
   675413
  </price>
  <rating>
   4.77
  </rating>
  <reviews>
   554335
  </reviews>
  <exclusive>
   yes
  </exclusive>
 </clothing>
 <clothing>
  <id>
   115894118
  </id>
  <name>
   Fila Blouse D-3346
  </name>
  <category>
   Blouse
  </category>
  <size>
   XL
  </size>
  <color>
   Красный
  </color>
  <material>
   Лен
  </material>
  <price>
   450011
  </price>
  <rating>
   1.75
  </rating>
  <reviews>
   721464
  </reviews>
  <exclusive>
   no
  </exclusive>
 </clothing>
 <clothing>
  <id>
   741051920
  </id>
  <name>
   Reebok Umbrellas E-7075
  </name>
  <category>
   Umbrellas
  </category>
  <size>
   XXL
  </size>
  <color>
   Желтый
  </color>
  <material>
   Полиэстер
  </material>
  <price>
   878065
  </price>
  <rating>
   3.13
  </rating>
  <reviews>
   305004
  </reviews>
  <sporty>
   yes
  </sporty>
 </clothing>
 <clothing>
  <id>
   363290292
  </id>
  <name>
   Nike Gloves Z-5750
  </name>
  <category>
   Gloves
  </category>
  <size>
   XL
  </size>
  <color>
   Красный
  </color>
  <material>
   Нейлон
  </material>
  <price>
   879706
  </price>
  <rating>
   4.2
  </rating>
  <reviews>
   684194
  </reviews>
  <new>
   -
  </new>
  <exclusive>
   no
  </exclusive>
  <sporty>
   yes
  </sporty>
 </clothing>
 <clothing>
  <id>
   697080052
  </id>
  <name>
   Ellesse Socks L-1147
  </name>
  <category>
   Socks
  </category>
  <size>
   L
  </size>
  <color>
   Синий
  </color>
  <material>
   Хлопок
  </material>
  <price>
   221885
  </price>
  <rating>
   2.75
  </rating>
  <reviews>
   676695
  </reviews>
  <new>
   +
  </new>
  <sporty>
   yes
  </sporty>
 </clothing>
 <clothing>
  <id>
   554906870
  </id>
  <name>
   Lacoste Dress B-5113
  </name>
  <category>
   Dress
  </category>
  <size>
   L
  </size>
  <color>
   Желтый
  </color>
  <material>
   Лен
  </material>
  <price>
   249760
  </price>
  <rating>
   2.55
  </rating>
  <reviews>
   869994
  </reviews>
  <sporty>
   no
  </sporty>
 </clothing>
 <clothing>
  <id>
   671590577
  </id>
  <name>
   Ellesse Shoes U-1358
  </name>
  <category>
   Shoes
  </category>
  <size>
   XL
  </size>
  <color>
   Фиолетовый
  </color>
  <material>
   Нейлон
  </material>
  <price>
   515943
  </price>
  <rating>
   1.55
  </rating>
  <reviews>
   259590
  </reviews>
  <sporty>
   yes
  </sporty>
 </clothing>
 <clothing>
  <id>
   956316794
  </id>
  <name>
   Nike Umbrellas H-9281
  </name>
  <category>
   Umbrellas
  </category>
  <size>
   XL
  </size>
  <color>
   Фиолетовый
  </color>
  <material>
   Кожа
  </material>
  <price>
   490892
  </price>
  <rating>
   4.77
  </rating>
  <reviews>
   597495
  </reviews>
  <new>
   +
  </new>
  <exclusive>
   yes
  </exclusive>
 </clothing>
 <clothing>
  <id>
   394007760
  </id>
  <name>
   DC Skirt K-4855
  </name>
  <category>
   Skirt
  </category>
  <size>
   L
  </size>
  <color>
   Фиолетовый
  </color>
  <material>
   Хлопок
  </material>
  <price>
   627350
  </price>
  <rating>
   4.12
  </rating>
  <reviews>
   96947
  </reviews>
  <exclusive>
   no
  </exclusive>
 </clothing>
 <clothing>
  <id>
   794313249
  </id>
  <name>
   Puma Umbrellas I-1064
  </name>
  <category>
   Umbrellas
  </category>
  <size>
   S
  </size>
  <color>
   Оранжевый
  </color>
  <material>
   Вискоза
  </material>
  <price>
   228318
  </price>
  <rating>
   4.09
  </rating>
  <reviews>
   243736
  </reviews>
  <exclusive>
   yes
  </exclusive>
 </clothing>
 <clothing>
  <id>
   115977795
  </id>
  <name>
   Reebok Shoes Q-6597
  </name>
  <category>
   Shoes
  </category>
  <size>
   XXL
  </size>
  <color>
   Красный
  </color>
  <material>
   Лен
  </material>
  <price>
   150179
  </price>
  <rating>
   3.72
  </rating>
  <reviews>
   834142
  </reviews>
  <exclusive>
   no
  </exclusive>
 </clothing>
 <clothing>
  <id>
   382666596
  </id>
  <name>
   Nike Belts V-9615
  </name>
  <category>
   Belts
  </category>
  <size>
   XL
  </size>
  <color>
   Красный
  </color>
  <material>
   Кожа
  </material>
  <price>
   896036
  </price>
  <rating>
   2.27
  </rating>
  <reviews>
   252082
  </reviews>
  <new>
   +
  </new>
  <exclusive>
   yes
  </exclusive>
  <sporty>
   yes
  </sporty>
 </clothing>
 <clothing>
  <id>
   840084515
  </id>
  <name>
   Reebok Umbrellas Q-8054
  </name>
  <category>
   Umbrellas
  </category>
  <size>
   XXL
  </size>
  <color>
   Красный
  </color>
  <material>
   Лен
  </material>
  <price>
   966492
  </price>
  <rating>
   2.88
  </rating>
  <reviews>
   113672
  </reviews>
  <sporty>
   no
  </sporty>
 </clothing>
 <clothing>
  <id>
   461997308
  </id>
  <name>
   Ellesse Sweater I-5267
  </name>
  <category>
   Sweater
  </category>
  <size>
   XXL
  </size>
  <color>
   Фиолетовый
  </color>
  <material>
   Шерсть
  </material>
  <price>
   253834
  </price>
  <rating>
   3.38
  </rating>
  <reviews>
   211065
  </reviews>
  <new>
   -
  </new>
  <exclusive>
   yes
  </exclusive>
 </clothing>
 <clothing>
  <id>
   708954853
  </id>
  <name>
   Lacoste Jacket O-5087
  </name>
  <category>
   Jacket
  </category>
  <size>
   S
  </size>
  <color>
   Желтый
  </color>
  <material>
   Шерсть
  </material>
  <price>
   216128
  </price>
  <rating>
   4.19
  </rating>
  <reviews>
   294515
  </reviews>
 </clothing>
 <clothing>
  <id>
   224778889
  </id>
  <name>
   PleinSport Jeans N-5670
  </name>
  <category>
   Jeans
  </category>
  <size>
   XXL
  </size>
  <color>
   Красный
  </color>
  <material>
   Хлопок
  </material>
  <price>
   833598
  </price>
  <rating>
   2.1
  </rating>
  <reviews>
   100447
  </reviews>
  <new>
   -
  </new>
 </clothing>
 <clothing>
  <id>
   285235573
  </id>
  <name>
   Lacoste Gloves A-4705
  </name>
  <category>
   Gloves
  </category>
  <size>
   S
  </size>
  <color>
   Фиолетовый
  </color>
  <material>
   Нейлон
  </material>
  <price>
   894016
  </price>
  <rating>
   1.36
  </rating>
  <reviews>
   982587
  </reviews>
  <sporty>
   no
  </sporty>
 </clothing>
 <clothing>
  <id>
   157977359
  </id>
  <name>
   Nike Jacket C-4925
  </name>
  <category>
   Jacket
  </category>
  <size>
   M
  </size>
  <color>
   Фиолетовый
  </color>
  <material>
   Вискоза
  </material>
  <price>
   917402
  </price>
  <rating>
   1.63
  </rating>
  <reviews>
   880416
  </reviews>
  <new>
   -
  </new>
  <exclusive>
   no
  </exclusive>
 </clothing>
 <clothing>
  <id>
   465856483
  </id>
  <name>
   Reebok Socks N-5531
  </name>
  <category>
   Socks
  </category>
  <size>
   XXL
  </size>
  <color>
   Желтый
  </color>
  <material>
   Шелк
  </material>
  <price>
   486459
  </price>
  <rating>
   3.73
  </rating>
  <reviews>
   524761
  </reviews>
  <new>
   +
  </new>
 </clothing>
 <clothing>
  <id>
   993288318
  </id>
  <name>
   Asics Pants Z-3287
  </name>
  <category>
   Pants
  </category>
  <size>
   XXL
  </size>
  <color>
   Оранжевый
  </color>
  <material>
   Полиэстер
  </material>
  <price>
   274906
  </price>
  <rating>
   4.82
  </rating>
  <reviews>
   588583
  </reviews>
  <new>
   -
  </new>
  <exclusive>
   yes
  </exclusive>
  <sporty>
   no
  </sporty>
 </clothing>
 <clothing>
  <id>
   168811138
  </id>
  <name>
   Vans Socks L-9269
  </name>
  <category>
   Socks
  </category>
  <size>
   XXL
  </size>
  <color>
   Фиолетовый
  </color>
  <material>
   Кожа
  </material>
  <price>
   674122
  </price>
  <rating>
   4.3
  </rating>
  <reviews>
   292608
  </reviews>
  <new>
   -
  </new>
  <exclusive>
   no
  </exclusive>
  <sporty>
   yes
  </sporty>
 </clothing>
 <clothing>
  <id>
   841524309
  </id>
  <name>
   Brooks T-shirt U-5443
  </name>
  <category>
   T-shirt
  </category>
  <size>
   XL
  </size>
  <color>
   Синий
  </color>
  <material>
   Кожа
  </material>
  <price>
   995765
  </price>
  <rating>
   1.24
  </rating>
  <reviews>
   707622
  </reviews>
  <exclusive>
   no
  </exclusive>
  <sporty>
   yes
  </sporty>
 </clothing>
 <clothing>
  <id>
   830368659
  </id>
  <name>
   Adidas Belts E-9838
  </name>
  <category>
   Belts
  </category>
  <size>
   XL
  </size>
  <color>
   Зеленый
  </color>
  <material>
   Шерсть
  </material>
  <price>
   832189
  </price>
  <rating>
   2.86
  </rating>
  <reviews>
   893400
  </reviews>
  <new>
   -
  </new>
  <exclusive>
   yes
  </exclusive>
  <sporty>
   no
  </sporty>
 </clothing>
 <clothing>
  <id>
   632806015
  </id>
  <name>
   Under Armour Gloves U-9243
  </name>
  <category>
   Gloves
  </category>
  <size>
   S
  </size>
  <color>
   Красный
  </color>
  <material>
   Полиэстер
  </material>
  <price>
   154768
  </price>
  <rating>
   4.73
  </rating>
  <reviews>
   991087
  </reviews>
  <new>
   -
  </new>
  <exclusive>
   no
  </exclusive>
 </clothing>
</clothing-items>
