<?xml version="1.0" encoding="utf-8"?>
<clothing-items>
 <clothing>
  <id>
   530126850
  </id>
  <name>
   PleinSport Shirt O-2092
  </name>
  <category>
   Shirt
  </category>
  <size>
   XXL
  </size>
  <color>
   Голубой
  </color>
  <material>
   Шерсть
  </material>
  <price>
   608476
  </price>
  <rating>
   4.99
  </rating>
  <reviews>
   383154
  </reviews>
 </clothing>
 <clothing>
  <id>
   301407332
  </id>
  <name>
   Addidas Shirt E-9417
  </name>
  <category>
   Shirt
  </category>
  <size>
   L
  </size>
  <color>
   Синий
  </color>
  <material>
   Кожа
  </material>
  <price>
   112819
  </price>
  <rating>
   3.18
  </rating>
  <reviews>
   125098
  </reviews>
  <new>
   -
  </new>
  <exclusive>
   no
  </exclusive>
  <sporty>
   yes
  </sporty>
 </clothing>
 <clothing>
  <id>
   105853250
  </id>
  <name>
   Lacoste Jeans M-7552
  </name>
  <category>
   Jeans
  </category>
  <size>
   XL
  </size>
  <color>
   Зеленый
  </color>
  <material>
   Хлопок
  </material>
  <price>
   452196
  </price>
  <rating>
   4.66
  </rating>
  <reviews>
   426655
  </reviews>
  <sporty>
   no
  </sporty>
 </clothing>
 <clothing>
  <id>
   795381005
  </id>
  <name>
   New Balance Belts J-8414
  </name>
  <category>
   Belts
  </category>
  <size>
   XXL
  </size>
  <color>
   Зеленый
  </color>
  <material>
   Лен
  </material>
  <price>
   441625
  </price>
  <rating>
   1.44
  </rating>
  <reviews>
   986845
  </reviews>
  <exclusive>
   no
  </exclusive>
  <sporty>
   no
  </sporty>
 </clothing>
 <clothing>
  <id>
   470917547
  </id>
  <name>
   Under Armour Shirt X-3894
  </name>
  <category>
   Shirt
  </category>
  <size>
   L
  </size>
  <color>
   Желтый
  </color>
  <material>
   Полиэстер
  </material>
  <price>
   712066
  </price>
  <rating>
   1.12
  </rating>
  <reviews>
   283024
  </reviews>
  <new>
   -
  </new>
  <exclusive>
   no
  </exclusive>
 </clothing>
 <clothing>
  <id>
   849465126
  </id>
  <name>
   New Balance Handbags D-2391
  </name>
  <category>
   Handbags
  </category>
  <size>
   L
  </size>
  <color>
   Оранжевый
  </color>
  <material>
   Вискоза
  </material>
  <price>
   979101
  </price>
  <rating>
   1.5
  </rating>
  <reviews>
   825745
  </reviews>
  <new>
   -
  </new>
  <exclusive>
   yes
  </exclusive>
 </clothing>
 <clothing>
  <id>
   272388135
  </id>
  <name>
   PleinSport Umbrellas C-1559
  </name>
  <category>
   Umbrellas
  </category>
  <size>
   XXL
  </size>
  <color>
   Голубой
  </color>
  <material>
   Полиэстер
  </material>
  <price>
   525484
  </price>
  <rating>
   2.29
  </rating>
  <reviews>
   39777
  </reviews>
 </clothing>
 <clothing>
  <id>
   188076750
  </id>
  <name>
   New Balance T-shirt P-5686
  </name>
  <category>
   T-shirt
  </category>
  <size>
   M
  </size>
  <color>
   Оранжевый
  </color>
  <material>
   Кожа
  </material>
  <price>
   619317
  </price>
  <rating>
   1.27
  </rating>
  <reviews>
   283711
  </reviews>
  <new>
   -
  </new>
  <sporty>
   no
  </sporty>
 </clothing>
 <clothing>
  <id>
   810684414
  </id>
  <name>
   Nike Jeans Y-3021
  </name>
  <category>
   Jeans
  </category>
  <size>
   M
  </size>
  <color>
   Красный
  </color>
  <material>
   Лен
  </material>
  <price>
   246090
  </price>
  <rating>
   3.4
  </rating>
  <reviews>
   859285
  </reviews>
  <new>
   -
  </new>
  <exclusive>
   no
  </exclusive>
 </clothing>
 <clothing>
  <id>
   229375837
  </id>
  <name>
   Brooks T-shirt Q-5692
  </name>
  <category>
   T-shirt
  </category>
  <size>
   L
  </size>
  <color>
   Синий
  </color>
  <material>
   Шерсть
  </material>
  <price>
   898595
  </price>
  <rating>
   4.89
  </rating>
  <reviews>
   590002
  </reviews>
  <new>
   +
  </new>
  <sporty>
   no
  </sporty>
 </clothing>
 <clothing>
  <id>
   356141580
  </id>
  <name>
   Nike Shirt Z-4013
  </name>
  <category>
   Shirt
  </category>
  <size>
   S
  </size>
  <color>
   Голубой
  </color>
  <material>
   Полиэстер
  </material>
  <price>
   492900
  </price>
  <rating>
   1.2
  </rating>
  <reviews>
   414833
  </reviews>
 </clothing>
 <clothing>
  <id>
   641735794
  </id>
  <name>
   Reebok Dress I-3509
  </name>
  <category>
   Dress
  </category>
  <size>
   L
  </size>
  <color>
   Оранжевый
  </color>
  <material>
   Хлопок
  </material>
  <price>
   447323
  </price>
  <rating>
   2.97
  </rating>
  <reviews>
   623257
  </reviews>
  <new>
   -
  </new>
  <exclusive>
   yes
  </exclusive>
 </clothing>
 <clothing>
  <id>
   689344999
  </id>
  <name>
   Nike Sweater T-5091
  </name>
  <category>
   Sweater
  </category>
  <size>
   L
  </size>
  <color>
   Оранжевый
  </color>
  <material>
   Шелк
  </material>
  <price>
   296983
  </price>
  <rating>
   3.92
  </rating>
  <reviews>
   836864
  </reviews>
 </clothing>
 <clothing>
  <id>
   352950576
  </id>
  <name>
   Adidas Shoes S-5974
  </name>
  <category>
   Shoes
  </category>
  <size>
   M
  </size>
  <color>
   Синий
  </color>
  <material>
   Вискоза
  </material>
  <price>
   560765
  </price>
  <rating>
   4.35
  </rating>
  <reviews>
   380139
  </reviews>
 </clothing>
 <clothing>
  <id>
   726331869
  </id>
  <name>
   Fila Umbrellas B-2434
  </name>
  <category>
   Umbrellas
  </category>
  <size>
   XL
  </size>
  <color>
   Голубой
  </color>
  <material>
   Хлопок
  </material>
  <price>
   840097
  </price>
  <rating>
   2.96
  </rating>
  <reviews>
   371698
  </reviews>
  <new>
   -
  </new>
 </clothing>
 <clothing>
  <id>
   213912694
  </id>
  <name>
   Vans Shoes B-7227
  </name>
  <category>
   Shoes
  </category>
  <size>
   XXL
  </size>
  <color>
   Фиолетовый
  </color>
  <material>
   Шерсть
  </material>
  <price>
   441058
  </price>
  <rating>
   4.36
  </rating>
  <reviews>
   332818
  </reviews>
 </clothing>
 <clothing>
  <id>
   433898727
  </id>
  <name>
   Ellesse Dress F-3662
  </name>
  <category>
   Dress
  </category>
  <size>
   L
  </size>
  <color>
   Оранжевый
  </color>
  <material>
   Хлопок
  </material>
  <price>
   699992
  </price>
  <rating>
   1.36
  </rating>
  <reviews>
   220183
  </reviews>
  <exclusive>
   no
  </exclusive>
  <sporty>
   no
  </sporty>
 </clothing>
 <clothing>
  <id>
   240995221
  </id>
  <name>
   PleinSport Shoes Y-7793
  </name>
  <category>
   Shoes
  </category>
  <size>
   S
  </size>
  <color>
   Зеленый
  </color>
  <material>
   Хлопок
  </material>
  <price>
   217630
  </price>
  <rating>
   3.03
  </rating>
  <reviews>
   249847
  </reviews>
  <exclusive>
   yes
  </exclusive>
 </clothing>
 <clothing>
  <id>
   275242264
  </id>
  <name>
   Adidas Shirt N-7390
  </name>
  <category>
   Shirt
  </category>
  <size>
   XL
  </size>
  <color>
   Синий
  </color>
  <material>
   Полиэстер
  </material>
  <price>
   824863
  </price>
  <rating>
   4.73
  </rating>
  <reviews>
   904267
  </reviews>
  <new>
   -
  </new>
  <exclusive>
   no
  </exclusive>
  <sporty>
   no
  </sporty>
 </clothing>
 <clothing>
  <id>
   345979391
  </id>
  <name>
   Under Armour Pants Q-4231
  </name>
  <category>
   Pants
  </category>
  <size>
   XXL
  </size>
  <color>
   Зеленый
  </color>
  <material>
   Хлопок
  </material>
  <price>
   234645
  </price>
  <rating>
   2.56
  </rating>
  <reviews>
   207184
  </reviews>
  <exclusive>
   no
  </exclusive>
  <sporty>
   no
  </sporty>
 </clothing>
 <clothing>
  <id>
   203297820
  </id>
  <name>
   Vans Umbrellas Z-7937
  </name>
  <category>
   Umbrellas
  </category>
  <size>
   L
  </size>
  <color>
   Фиолетовый
  </color>
  <material>
   Нейлон
  </material>
  <price>
   885575
  </price>
  <rating>
   1.49
  </rating>
  <reviews>
   467143
  </reviews>
  <new>
   -
  </new>
  <exclusive>
   no
  </exclusive>
  <sporty>
   yes
  </sporty>
 </clothing>
 <clothing>
  <id>
   424571527
  </id>
  <name>
   New Balance Skirt Y-8805
  </name>
  <category>
   Skirt
  </category>
  <size>
   XL
  </size>
  <color>
   Синий
  </color>
  <material>
   Шерсть
  </material>
  <price>
   134113
  </price>
  <rating>
   1.99
  </rating>
  <reviews>
   629111
  </reviews>
  <new>
   -
  </new>
  <exclusive>
   no
  </exclusive>
 </clothing>
 <clothing>
  <id>
   279232874
  </id>
  <name>
   Asics Belts O-2933
  </name>
  <category>
   Belts
  </category>
  <size>
   XXL
  </size>
  <color>
   Голубой
  </color>
  <material>
   Шелк
  </material>
  <price>
   318537
  </price>
  <rating>
   3.76
  </rating>
  <reviews>
   164432
  </reviews>
  <exclusive>
   no
  </exclusive>
  <sporty>
   no
  </sporty>
 </clothing>
 <clothing>
  <id>
   236135571
  </id>
  <name>
   Nike Dress T-6916
  </name>
  <category>
   Dress
  </category>
  <size>
   S
  </size>
  <color>
   Оранжевый
  </color>
  <material>
   Полиэстер
  </material>
  <price>
   191743
  </price>
  <rating>
   2.59
  </rating>
  <reviews>
   535040
  </reviews>
  <new>
   +
  </new>
  <exclusive>
   no
  </exclusive>
 </clothing>
 <clothing>
  <id>
   946028006
  </id>
  <name>
   Reebok Shirt U-6941
  </name>
  <category>
   Shirt
  </category>
  <size>
   XL
  </size>
  <color>
   Голубой
  </color>
  <material>
   Лен
  </material>
  <price>
   650059
  </price>
  <rating>
   2.09
  </rating>
  <reviews>
   543410
  </reviews>
  <new>
   +
  </new>
 </clothing>
 <clothing>
  <id>
   756292625
  </id>
  <name>
   Adidas Socks D-7931
  </name>
  <category>
   Socks
  </category>
  <size>
   S
  </size>
  <color>
   Фиолетовый
  </color>
  <material>
   Полиэстер
  </material>
  <price>
   372456
  </price>
  <rating>
   1.86
  </rating>
  <reviews>
   298228
  </reviews>
  <exclusive>
   yes
  </exclusive>
  <sporty>
   no
  </sporty>
 </clothing>
 <clothing>
  <id>
   615904422
  </id>
  <name>
   Asics Dress D-5083
  </name>
  <category>
   Dress
  </category>
  <size>
   XL
  </size>
  <color>
   Желтый
  </color>
  <material>
   Кожа
  </material>
  <price>
   214293
  </price>
  <rating>
   1.35
  </rating>
  <reviews>
   417624
  </reviews>
  <exclusive>
   no
  </exclusive>
  <sporty>
   no
  </sporty>
 </clothing>
 <clothing>
  <id>
   240949186
  </id>
  <name>
   Ellesse Jacket A-6711
  </name>
  <category>
   Jacket
  </category>
  <size>
   XXL
  </size>
  <color>
   Фиолетовый
  </color>
  <material>
   Кожа
  </material>
  <price>
   480190
  </price>
  <rating>
   1.39
  </rating>
  <reviews>
   214091
  </reviews>
  <exclusive>
   no
  </exclusive>
  <sporty>
   no
  </sporty>
 </clothing>
 <clothing>
  <id>
   521693273
  </id>
  <name>
   Converse Sweater J-9922
  </name>
  <category>
   Sweater
  </category>
  <size>
   S
  </size>
  <color>
   Красный
  </color>
  <material>
   Шерсть
  </material>
  <price>
   113247
  </price>
  <rating>
   3.44
  </rating>
  <reviews>
   662434
  </reviews>
  <exclusive>
   no
  </exclusive>
  <sporty>
   no
  </sporty>
 </clothing>
 <clothing>
  <id>
   596094537
  </id>
  <name>
   Adidas Belts B-3794
  </name>
  <category>
   Belts
  </category>
  <size>
   L
  </size>
  <color>
   Фиолетовый
  </color>
  <material>
   Шерсть
  </material>
  <price>
   743296
  </price>
  <rating>
   2.93
  </rating>
  <reviews>
   611854
  </reviews>
  <new>
   +
  </new>
  <sporty>
   no
  </sporty>
 </clothing>
 <clothing>
  <id>
   797059211
  </id>
  <name>
   Puma Umbrellas T-3468
  </name>
  <category>
   Umbrellas
  </category>
  <size>
   S
  </size>
  <color>
   Голубой
  </color>
  <material>
   Шелк
  </material>
  <price>
   541998
  </price>
  <rating>
   2.13
  </rating>
  <reviews>
   484438
  </reviews>
  <new>
   -
  </new>
  <sporty>
   yes
  </sporty>
 </clothing>
 <clothing>
  <id>
   696964012
  </id>
  <name>
   Converse Pants C-7145
  </name>
  <category>
   Pants
  </category>
  <size>
   S
  </size>
  <color>
   Желтый
  </color>
  <material>
   Лен
  </material>
  <price>
   720427
  </price>
  <rating>
   3.44
  </rating>
  <reviews>
   558901
  </reviews>
  <new>
   -
  </new>
  <exclusive>
   no
  </exclusive>
  <sporty>
   yes
  </sporty>
 </clothing>
</clothing-items>
