<?xml version="1.0" encoding="utf-8"?>
<clothing-items>
 <clothing>
  <id>
   635506542
  </id>
  <name>
   DC Handbags D-5738
  </name>
  <category>
   Handbags
  </category>
  <size>
   XXL
  </size>
  <color>
   Зеленый
  </color>
  <material>
   Вискоза
  </material>
  <price>
   121582
  </price>
  <rating>
   4.88
  </rating>
  <reviews>
   308933
  </reviews>
  <new>
   +
  </new>
  <exclusive>
   no
  </exclusive>
  <sporty>
   no
  </sporty>
 </clothing>
 <clothing>
  <id>
   682035032
  </id>
  <name>
   Addidas Socks P-7611
  </name>
  <category>
   Socks
  </category>
  <size>
   L
  </size>
  <color>
   Синий
  </color>
  <material>
   Кожа
  </material>
  <price>
   350902
  </price>
  <rating>
   1.44
  </rating>
  <reviews>
   676118
  </reviews>
  <new>
   -
  </new>
 </clothing>
 <clothing>
  <id>
   291548374
  </id>
  <name>
   New Balance Belts F-5597
  </name>
  <category>
   Belts
  </category>
  <size>
   XXL
  </size>
  <color>
   Красный
  </color>
  <material>
   Хлопок
  </material>
  <price>
   947490
  </price>
  <rating>
   1.94
  </rating>
  <reviews>
   319382
  </reviews>
 </clothing>
 <clothing>
  <id>
   408130055
  </id>
  <name>
   Ellesse Sweater A-2209
  </name>
  <category>
   Sweater
  </category>
  <size>
   L
  </size>
  <color>
   Фиолетовый
  </color>
  <material>
   Полиэстер
  </material>
  <price>
   228071
  </price>
  <rating>
   2.58
  </rating>
  <reviews>
   108616
  </reviews>
  <exclusive>
   yes
  </exclusive>
 </clothing>
 <clothing>
  <id>
   865655648
  </id>
  <name>
   DC T-shirt V-9101
  </name>
  <category>
   T-shirt
  </category>
  <size>
   XXL
  </size>
  <color>
   Фиолетовый
  </color>
  <material>
   Хлопок
  </material>
  <price>
   150628
  </price>
  <rating>
   1.07
  </rating>
  <reviews>
   472387
  </reviews>
  <new>
   -
  </new>
  <exclusive>
   no
  </exclusive>
 </clothing>
 <clothing>
  <id>
   820473420
  </id>
  <name>
   Converse Socks E-6908
  </name>
  <category>
   Socks
  </category>
  <size>
   XXL
  </size>
  <color>
   Голубой
  </color>
  <material>
   Хлопок
  </material>
  <price>
   144565
  </price>
  <rating>
   4.02
  </rating>
  <reviews>
   323923
  </reviews>
  <new>
   -
  </new>
  <sporty>
   yes
  </sporty>
 </clothing>
 <clothing>
  <id>
   502981739
  </id>
  <name>
   Brooks Hat O-8590
  </name>
  <category>
   Hat
  </category>
  <size>
   M
  </size>
  <color>
   Зеленый
  </color>
  <material>
   Кожа
  </material>
  <price>
   984571
  </price>
  <rating>
   1.69
  </rating>
  <reviews>
   797080
  </reviews>
  <new>
   -
  </new>
  <exclusive>
   yes
  </exclusive>
 </clothing>
 <clothing>
  <id>
   442354838
  </id>
  <name>
   Under Armour Shirt S-4391
  </name>
  <category>
   Shirt
  </category>
  <size>
   M
  </size>
  <color>
   Синий
  </color>
  <material>
   Нейлон
  </material>
  <price>
   715722
  </price>
  <rating>
   3.78
  </rating>
  <reviews>
   94544
  </reviews>
  <exclusive>
   no
  </exclusive>
  <sporty>
   no
  </sporty>
 </clothing>
 <clothing>
  <id>
   908366465
  </id>
  <name>
   Reebok Handbags I-1780
  </name>
  <category>
   Handbags
  </category>
  <size>
   XXL
  </size>
  <color>
   Зеленый
  </color>
  <material>
   Нейлон
  </material>
  <price>
   968725
  </price>
  <rating>
   2.1
  </rating>
  <reviews>
   933934
  </reviews>
  <exclusive>
   no
  </exclusive>
 </clothing>
 <clothing>
  <id>
   491473315
  </id>
  <name>
   Addidas Hat G-6352
  </name>
  <category>
   Hat
  </category>
  <size>
   XL
  </size>
  <color>
   Фиолетовый
  </color>
  <material>
   Шелк
  </material>
  <price>
   875747
  </price>
  <rating>
   4.26
  </rating>
  <reviews>
   365524
  </reviews>
  <new>
   -
  </new>
  <exclusive>
   yes
  </exclusive>
  <sporty>
   yes
  </sporty>
 </clothing>
 <clothing>
  <id>
   953045909
  </id>
  <name>
   Nike Dress V-6605
  </name>
  <category>
   Dress
  </category>
  <size>
   M
  </size>
  <color>
   Красный
  </color>
  <material>
   Вискоза
  </material>
  <price>
   607429
  </price>
  <rating>
   3.68
  </rating>
  <reviews>
   955449
  </reviews>
  <exclusive>
   no
  </exclusive>
  <sporty>
   no
  </sporty>
 </clothing>
 <clothing>
  <id>
   502325633
  </id>
  <name>
   Reebok Umbrellas M-4265
  </name>
  <category>
   Umbrellas
  </category>
  <size>
   L
  </size>
  <color>
   Оранжевый
  </color>
  <material>
   Полиэстер
  </material>
  <price>
   176130
  </price>
  <rating>
   1.21
  </rating>
  <reviews>
   705269
  </reviews>
  <exclusive>
   no
  </exclusive>
 </clothing>
 <clothing>
  <id>
   266222653
  </id>
  <name>
   Converse Handbags H-3611
  </name>
  <category>
   Handbags
  </category>
  <size>
   XXL
  </size>
  <color>
   Синий
  </color>
  <material>
   Хлопок
  </material>
  <price>
   328405
  </price>
  <rating>
   1.82
  </rating>
  <reviews>
   620563
  </reviews>
  <new>
   +
  </new>
  <sporty>
   yes
  </sporty>
 </clothing>
 <clothing>
  <id>
   905787028
  </id>
  <name>
   Vans Sweater T-2412
  </name>
  <category>
   Sweater
  </category>
  <size>
   XXL
  </size>
  <color>
   Зеленый
  </color>
  <material>
   Шелк
  </material>
  <price>
   365543
  </price>
  <rating>
   4.08
  </rating>
  <reviews>
   879673
  </reviews>
  <sporty>
   yes
  </sporty>
 </clothing>
 <clothing>
  <id>
   198190292
  </id>
  <name>
   Reebok Socks N-2620
  </name>
  <category>
   Socks
  </category>
  <size>
   M
  </size>
  <color>
   Синий
  </color>
  <material>
   Шерсть
  </material>
  <price>
   346193
  </price>
  <rating>
   3.68
  </rating>
  <reviews>
   298018
  </reviews>
  <new>
   +
  </new>
  <exclusive>
   no
  </exclusive>
 </clothing>
 <clothing>
  <id>
   268523296
  </id>
  <name>
   Fila Handbags Y-9420
  </name>
  <category>
   Handbags
  </category>
  <size>
   XXL
  </size>
  <color>
   Оранжевый
  </color>
  <material>
   Лен
  </material>
  <price>
   118531
  </price>
  <rating>
   2.32
  </rating>
  <reviews>
   196794
  </reviews>
  <new>
   -
  </new>
  <exclusive>
   no
  </exclusive>
  <sporty>
   yes
  </sporty>
 </clothing>
 <clothing>
  <id>
   120196812
  </id>
  <name>
   Brooks Belts R-9702
  </name>
  <category>
   Belts
  </category>
  <size>
   M
  </size>
  <color>
   Зеленый
  </color>
  <material>
   Нейлон
  </material>
  <price>
   903302
  </price>
  <rating>
   2.81
  </rating>
  <reviews>
   450982
  </reviews>
  <new>
   +
  </new>
  <exclusive>
   no
  </exclusive>
 </clothing>
 <clothing>
  <id>
   924766521
  </id>
  <name>
   Adidas Pants G-3810
  </name>
  <category>
   Pants
  </category>
  <size>
   XL
  </size>
  <color>
   Зеленый
  </color>
  <material>
   Вискоза
  </material>
  <price>
   235301
  </price>
  <rating>
   4.22
  </rating>
  <reviews>
   22536
  </reviews>
  <new>
   -
  </new>
  <sporty>
   yes
  </sporty>
 </clothing>
 <clothing>
  <id>
   113556094
  </id>
  <name>
   Addidas Blouse I-3079
  </name>
  <category>
   Blouse
  </category>
  <size>
   M
  </size>
  <color>
   Фиолетовый
  </color>
  <material>
   Вискоза
  </material>
  <price>
   257550
  </price>
  <rating>
   4.13
  </rating>
  <reviews>
   119098
  </reviews>
  <new>
   -
  </new>
  <exclusive>
   no
  </exclusive>
 </clothing>
 <clothing>
  <id>
   704120284
  </id>
  <name>
   Adidas Gloves G-5467
  </name>
  <category>
   Gloves
  </category>
  <size>
   L
  </size>
  <color>
   Фиолетовый
  </color>
  <material>
   Вискоза
  </material>
  <price>
   560020
  </price>
  <rating>
   1.94
  </rating>
  <reviews>
   427310
  </reviews>
  <new>
   +
  </new>
  <exclusive>
   yes
  </exclusive>
 </clothing>
 <clothing>
  <id>
   932718532
  </id>
  <name>
   Under Armour Handbags U-6010
  </name>
  <category>
   Handbags
  </category>
  <size>
   XL
  </size>
  <color>
   Красный
  </color>
  <material>
   Нейлон
  </material>
  <price>
   841387
  </price>
  <rating>
   4.02
  </rating>
  <reviews>
   614746
  </reviews>
  <new>
   +
  </new>
  <sporty>
   yes
  </sporty>
 </clothing>
 <clothing>
  <id>
   122355645
  </id>
  <name>
   Adidas Jeans Z-6236
  </name>
  <category>
   Jeans
  </category>
  <size>
   S
  </size>
  <color>
   Оранжевый
  </color>
  <material>
   Вискоза
  </material>
  <price>
   356506
  </price>
  <rating>
   2.96
  </rating>
  <reviews>
   959928
  </reviews>
  <new>
   +
  </new>
  <sporty>
   yes
  </sporty>
 </clothing>
 <clothing>
  <id>
   508748521
  </id>
  <name>
   Adidas Jacket B-3494
  </name>
  <category>
   Jacket
  </category>
  <size>
   L
  </size>
  <color>
   Фиолетовый
  </color>
  <material>
   Кожа
  </material>
  <price>
   294942
  </price>
  <rating>
   2.73
  </rating>
  <reviews>
   789228
  </reviews>
  <new>
   -
  </new>
  <exclusive>
   no
  </exclusive>
  <sporty>
   no
  </sporty>
 </clothing>
 <clothing>
  <id>
   150940742
  </id>
  <name>
   Adidas Dress L-2740
  </name>
  <category>
   Dress
  </category>
  <size>
   XL
  </size>
  <color>
   Красный
  </color>
  <material>
   Шелк
  </material>
  <price>
   832661
  </price>
  <rating>
   2.86
  </rating>
  <reviews>
   677530
  </reviews>
  <new>
   +
  </new>
  <exclusive>
   yes
  </exclusive>
  <sporty>
   no
  </sporty>
 </clothing>
 <clothing>
  <id>
   771824950
  </id>
  <name>
   PleinSport Belts Q-2811
  </name>
  <category>
   Belts
  </category>
  <size>
   S
  </size>
  <color>
   Желтый
  </color>
  <material>
   Нейлон
  </material>
  <price>
   813509
  </price>
  <rating>
   4.57
  </rating>
  <reviews>
   365674
  </reviews>
  <new>
   -
  </new>
  <exclusive>
   no
  </exclusive>
  <sporty>
   no
  </sporty>
 </clothing>
 <clothing>
  <id>
   415566561
  </id>
  <name>
   Addidas Shoes J-9253
  </name>
  <category>
   Shoes
  </category>
  <size>
   L
  </size>
  <color>
   Голубой
  </color>
  <material>
   Кожа
  </material>
  <price>
   739084
  </price>
  <rating>
   4.03
  </rating>
  <reviews>
   554729
  </reviews>
  <exclusive>
   yes
  </exclusive>
 </clothing>
 <clothing>
  <id>
   991040243
  </id>
  <name>
   Lacoste Gloves F-2205
  </name>
  <category>
   Gloves
  </category>
  <size>
   XXL
  </size>
  <color>
   Голубой
  </color>
  <material>
   Шелк
  </material>
  <price>
   531374
  </price>
  <rating>
   4.25
  </rating>
  <reviews>
   444906
  </reviews>
 </clothing>
 <clothing>
  <id>
   536550838
  </id>
  <name>
   Reebok Belts X-3931
  </name>
  <category>
   Belts
  </category>
  <size>
   S
  </size>
  <color>
   Фиолетовый
  </color>
  <material>
   Хлопок
  </material>
  <price>
   236069
  </price>
  <rating>
   1.16
  </rating>
  <reviews>
   916534
  </reviews>
  <exclusive>
   no
  </exclusive>
  <sporty>
   yes
  </sporty>
 </clothing>
 <clothing>
  <id>
   849781347
  </id>
  <name>
   Asics Dress T-5929
  </name>
  <category>
   Dress
  </category>
  <size>
   XL
  </size>
  <color>
   Желтый
  </color>
  <material>
   Лен
  </material>
  <price>
   739007
  </price>
  <rating>
   3.56
  </rating>
  <reviews>
   129727
  </reviews>
  <new>
   -
  </new>
  <exclusive>
   no
  </exclusive>
  <sporty>
   yes
  </sporty>
 </clothing>
 <clothing>
  <id>
   702287348
  </id>
  <name>
   Vans Blouse O-2309
  </name>
  <category>
   Blouse
  </category>
  <size>
   XXL
  </size>
  <color>
   Зеленый
  </color>
  <material>
   Нейлон
  </material>
  <price>
   607725
  </price>
  <rating>
   3.31
  </rating>
  <reviews>
   547357
  </reviews>
  <exclusive>
   no
  </exclusive>
  <sporty>
   yes
  </sporty>
 </clothing>
 <clothing>
  <id>
   289207959
  </id>
  <name>
   Under Armour Gloves C-4333
  </name>
  <category>
   Gloves
  </category>
  <size>
   L
  </size>
  <color>
   Синий
  </color>
  <material>
   Шелк
  </material>
  <price>
   234657
  </price>
  <rating>
   2.06
  </rating>
  <reviews>
   568902
  </reviews>
  <new>
   -
  </new>
  <exclusive>
   yes
  </exclusive>
  <sporty>
   yes
  </sporty>
 </clothing>
 <clothing>
  <id>
   764311975
  </id>
  <name>
   Ellesse Socks B-8258
  </name>
  <category>
   Socks
  </category>
  <size>
   XXL
  </size>
  <color>
   Голубой
  </color>
  <material>
   Хлопок
  </material>
  <price>
   827065
  </price>
  <rating>
   2.71
  </rating>
  <reviews>
   202145
  </reviews>
  <new>
   -
  </new>
  <exclusive>
   yes
  </exclusive>
 </clothing>
 <clothing>
  <id>
   399995540
  </id>
  <name>
   New Balance Hat L-8226
  </name>
  <category>
   Hat
  </category>
  <size>
   XXL
  </size>
  <color>
   Синий
  </color>
  <material>
   Шелк
  </material>
  <price>
   612923
  </price>
  <rating>
   1.41
  </rating>
  <reviews>
   486787
  </reviews>
  <new>
   -
  </new>
  <exclusive>
   no
  </exclusive>
 </clothing>
 <clothing>
  <id>
   444312298
  </id>
  <name>
   Vans Gloves S-5358
  </name>
  <category>
   Gloves
  </category>
  <size>
   L
  </size>
  <color>
   Оранжевый
  </color>
  <material>
   Вискоза
  </material>
  <price>
   505594
  </price>
  <rating>
   4.89
  </rating>
  <reviews>
   469720
  </reviews>
  <exclusive>
   no
  </exclusive>
 </clothing>
 <clothing>
  <id>
   190558048
  </id>
  <name>
   Ellesse Dress J-8798
  </name>
  <category>
   Dress
  </category>
  <size>
   XXL
  </size>
  <color>
   Красный
  </color>
  <material>
   Шелк
  </material>
  <price>
   692228
  </price>
  <rating>
   4.75
  </rating>
  <reviews>
   905932
  </reviews>
 </clothing>
 <clothing>
  <id>
   522673189
  </id>
  <name>
   Ellesse Jeans C-2054
  </name>
  <category>
   Jeans
  </category>
  <size>
   M
  </size>
  <color>
   Голубой
  </color>
  <material>
   Вискоза
  </material>
  <price>
   922214
  </price>
  <rating>
   1.82
  </rating>
  <reviews>
   436214
  </reviews>
  <exclusive>
   no
  </exclusive>
  <sporty>
   yes
  </sporty>
 </clothing>
 <clothing>
  <id>
   470601461
  </id>
  <name>
   Adidas Hat X-2460
  </name>
  <category>
   Hat
  </category>
  <size>
   XXL
  </size>
  <color>
   Синий
  </color>
  <material>
   Хлопок
  </material>
  <price>
   432973
  </price>
  <rating>
   2.92
  </rating>
  <reviews>
   934969
  </reviews>
  <new>
   -
  </new>
  <exclusive>
   no
  </exclusive>
 </clothing>
 <clothing>
  <id>
   391528880
  </id>
  <name>
   Asics Shoes G-1612
  </name>
  <category>
   Shoes
  </category>
  <size>
   L
  </size>
  <color>
   Голубой
  </color>
  <material>
   Лен
  </material>
  <price>
   248491
  </price>
  <rating>
   3.82
  </rating>
  <reviews>
   761662
  </reviews>
  <exclusive>
   no
  </exclusive>
  <sporty>
   no
  </sporty>
 </clothing>
 <clothing>
  <id>
   474028863
  </id>
  <name>
   Nike Dress L-6575
  </name>
  <category>
   Dress
  </category>
  <size>
   M
  </size>
  <color>
   Зеленый
  </color>
  <material>
   Шерсть
  </material>
  <price>
   216803
  </price>
  <rating>
   3.84
  </rating>
  <reviews>
   539938
  </reviews>
  <new>
   +
  </new>
  <exclusive>
   yes
  </exclusive>
  <sporty>
   no
  </sporty>
 </clothing>
 <clothing>
  <id>
   668353786
  </id>
  <name>
   Ellesse Shoes B-2841
  </name>
  <category>
   Shoes
  </category>
  <size>
   S
  </size>
  <color>
   Фиолетовый
  </color>
  <material>
   Полиэстер
  </material>
  <price>
   675031
  </price>
  <rating>
   1.39
  </rating>
  <reviews>
   550821
  </reviews>
  <exclusive>
   yes
  </exclusive>
  <sporty>
   yes
  </sporty>
 </clothing>
 <clothing>
  <id>
   660900565
  </id>
  <name>
   Lacoste Jeans Q-4058
  </name>
  <category>
   Jeans
  </category>
  <size>
   L
  </size>
  <color>
   Голубой
  </color>
  <material>
   Нейлон
  </material>
  <price>
   639138
  </price>
  <rating>
   1.49
  </rating>
  <reviews>
   227479
  </reviews>
  <new>
   +
  </new>
 </clothing>
 <clothing>
  <id>
   323336973
  </id>
  <name>
   Adidas Skirt K-2018
  </name>
  <category>
   Skirt
  </category>
  <size>
   XL
  </size>
  <color>
   Синий
  </color>
  <material>
   Хлопок
  </material>
  <price>
   274865
  </price>
  <rating>
   4.96
  </rating>
  <reviews>
   817093
  </reviews>
  <new>
   +
  </new>
  <exclusive>
   no
  </exclusive>
  <sporty>
   no
  </sporty>
 </clothing>
 <clothing>
  <id>
   564451832
  </id>
  <name>
   Asics Jacket H-3863
  </name>
  <category>
   Jacket
  </category>
  <size>
   L
  </size>
  <color>
   Зеленый
  </color>
  <material>
   Шерсть
  </material>
  <price>
   425203
  </price>
  <rating>
   4.2
  </rating>
  <reviews>
   44928
  </reviews>
  <new>
   +
  </new>
  <exclusive>
   no
  </exclusive>
 </clothing>
 <clothing>
  <id>
   255534507
  </id>
  <name>
   DC T-shirt F-6491
  </name>
  <category>
   T-shirt
  </category>
  <size>
   L
  </size>
  <color>
   Синий
  </color>
  <material>
   Шелк
  </material>
  <price>
   602223
  </price>
  <rating>
   2.94
  </rating>
  <reviews>
   807728
  </reviews>
  <new>
   -
  </new>
  <exclusive>
   yes
  </exclusive>
  <sporty>
   yes
  </sporty>
 </clothing>
 <clothing>
  <id>
   348708525
  </id>
  <name>
   Converse Handbags K-8284
  </name>
  <category>
   Handbags
  </category>
  <size>
   S
  </size>
  <color>
   Зеленый
  </color>
  <material>
   Лен
  </material>
  <price>
   659726
  </price>
  <rating>
   4.26
  </rating>
  <reviews>
   368142
  </reviews>
  <sporty>
   yes
  </sporty>
 </clothing>
 <clothing>
  <id>
   222024834
  </id>
  <name>
   Vans Sweater S-1770
  </name>
  <category>
   Sweater
  </category>
  <size>
   XL
  </size>
  <color>
   Оранжевый
  </color>
  <material>
   Шерсть
  </material>
  <price>
   907995
  </price>
  <rating>
   4.0
  </rating>
  <reviews>
   648746
  </reviews>
  <new>
   -
  </new>
 </clothing>
 <clothing>
  <id>
   283192986
  </id>
  <name>
   Asics Pants C-7362
  </name>
  <category>
   Pants
  </category>
  <size>
   XXL
  </size>
  <color>
   Зеленый
  </color>
  <material>
   Полиэстер
  </material>
  <price>
   736380
  </price>
  <rating>
   3.33
  </rating>
  <reviews>
   546013
  </reviews>
  <exclusive>
   no
  </exclusive>
  <sporty>
   no
  </sporty>
 </clothing>
 <clothing>
  <id>
   248690484
  </id>
  <name>
   Puma Handbags G-6288
  </name>
  <category>
   Handbags
  </category>
  <size>
   XL
  </size>
  <color>
   Красный
  </color>
  <material>
   Вискоза
  </material>
  <price>
   706017
  </price>
  <rating>
   4.85
  </rating>
  <reviews>
   494778
  </reviews>
  <new>
   +
  </new>
  <sporty>
   yes
  </sporty>
 </clothing>
</clothing-items>
