<?xml version="1.0" encoding="utf-8"?>
<clothing-items>
 <clothing>
  <id>
   203661212
  </id>
  <name>
   Nike Hat R-8577
  </name>
  <category>
   Hat
  </category>
  <size>
   S
  </size>
  <color>
   Зеленый
  </color>
  <material>
   Шелк
  </material>
  <price>
   773316
  </price>
  <rating>
   2.22
  </rating>
  <reviews>
   501803
  </reviews>
  <sporty>
   no
  </sporty>
 </clothing>
 <clothing>
  <id>
   223876639
  </id>
  <name>
   Puma Jacket A-8735
  </name>
  <category>
   Jacket
  </category>
  <size>
   XL
  </size>
  <color>
   Желтый
  </color>
  <material>
   Хлопок
  </material>
  <price>
   980472
  </price>
  <rating>
   4.16
  </rating>
  <reviews>
   850036
  </reviews>
  <new>
   +
  </new>
  <sporty>
   yes
  </sporty>
 </clothing>
 <clothing>
  <id>
   312481161
  </id>
  <name>
   Fila Gloves Y-1640
  </name>
  <category>
   Gloves
  </category>
  <size>
   XXL
  </size>
  <color>
   Желтый
  </color>
  <material>
   Нейлон
  </material>
  <price>
   680236
  </price>
  <rating>
   1.0
  </rating>
  <reviews>
   139309
  </reviews>
  <new>
   -
  </new>
 </clothing>
 <clothing>
  <id>
   780566448
  </id>
  <name>
   Brooks Shirt E-6440
  </name>
  <category>
   Shirt
  </category>
  <size>
   XL
  </size>
  <color>
   Красный
  </color>
  <material>
   Лен
  </material>
  <price>
   315368
  </price>
  <rating>
   1.23
  </rating>
  <reviews>
   423025
  </reviews>
  <exclusive>
   yes
  </exclusive>
  <sporty>
   yes
  </sporty>
 </clothing>
 <clothing>
  <id>
   742980534
  </id>
  <name>
   Reebok Pants B-2962
  </name>
  <category>
   Pants
  </category>
  <size>
   XXL
  </size>
  <color>
   Синий
  </color>
  <material>
   Нейлон
  </material>
  <price>
   890009
  </price>
  <rating>
   2.46
  </rating>
  <reviews>
   630195
  </reviews>
  <new>
   -
  </new>
  <exclusive>
   no
  </exclusive>
  <sporty>
   no
  </sporty>
 </clothing>
 <clothing>
  <id>
   954159737
  </id>
  <name>
   Under Armour Hat H-1168
  </name>
  <category>
   Hat
  </category>
  <size>
   XL
  </size>
  <color>
   Синий
  </color>
  <material>
   Лен
  </material>
  <price>
   129589
  </price>
  <rating>
   4.67
  </rating>
  <reviews>
   445063
  </reviews>
  <exclusive>
   no
  </exclusive>
 </clothing>
 <clothing>
  <id>
   419363687
  </id>
  <name>
   Nike Pants O-6866
  </name>
  <category>
   Pants
  </category>
  <size>
   L
  </size>
  <color>
   Зеленый
  </color>
  <material>
   Полиэстер
  </material>
  <price>
   330399
  </price>
  <rating>
   3.92
  </rating>
  <reviews>
   967316
  </reviews>
  <new>
   -
  </new>
  <exclusive>
   yes
  </exclusive>
 </clothing>
 <clothing>
  <id>
   207863000
  </id>
  <name>
   New Balance Gloves P-6015
  </name>
  <category>
   Gloves
  </category>
  <size>
   M
  </size>
  <color>
   Зеленый
  </color>
  <material>
   Шелк
  </material>
  <price>
   216046
  </price>
  <rating>
   1.95
  </rating>
  <reviews>
   754075
  </reviews>
  <exclusive>
   yes
  </exclusive>
  <sporty>
   yes
  </sporty>
 </clothing>
 <clothing>
  <id>
   683712682
  </id>
  <name>
   Reebok Hat B-8659
  </name>
  <category>
   Hat
  </category>
  <size>
   M
  </size>
  <color>
   Оранжевый
  </color>
  <material>
   Шерсть
  </material>
  <price>
   967857
  </price>
  <rating>
   3.2
  </rating>
  <reviews>
   605254
  </reviews>
  <new>
   +
  </new>
  <sporty>
   yes
  </sporty>
 </clothing>
 <clothing>
  <id>
   792260201
  </id>
  <name>
   DC Skirt U-7823
  </name>
  <category>
   Skirt
  </category>
  <size>
   S
  </size>
  <color>
   Желтый
  </color>
  <material>
   Вискоза
  </material>
  <price>
   503767
  </price>
  <rating>
   3.51
  </rating>
  <reviews>
   424509
  </reviews>
  <new>
   +
  </new>
  <exclusive>
   no
  </exclusive>
  <sporty>
   no
  </sporty>
 </clothing>
 <clothing>
  <id>
   376608103
  </id>
  <name>
   Vans Handbags Q-8802
  </name>
  <category>
   Handbags
  </category>
  <size>
   XXL
  </size>
  <color>
   Синий
  </color>
  <material>
   Кожа
  </material>
  <price>
   230106
  </price>
  <rating>
   1.75
  </rating>
  <reviews>
   840330
  </reviews>
  <exclusive>
   no
  </exclusive>
  <sporty>
   no
  </sporty>
 </clothing>
 <clothing>
  <id>
   235306379
  </id>
  <name>
   Under Armour Socks K-2965
  </name>
  <category>
   Socks
  </category>
  <size>
   M
  </size>
  <color>
   Желтый
  </color>
  <material>
   Вискоза
  </material>
  <price>
   639212
  </price>
  <rating>
   4.98
  </rating>
  <reviews>
   501774
  </reviews>
 </clothing>
 <clothing>
  <id>
   271494812
  </id>
  <name>
   Reebok Hat U-6381
  </name>
  <category>
   Hat
  </category>
  <size>
   XL
  </size>
  <color>
   Красный
  </color>
  <material>
   Хлопок
  </material>
  <price>
   976342
  </price>
  <rating>
   2.85
  </rating>
  <reviews>
   964655
  </reviews>
  <new>
   -
  </new>
  <exclusive>
   no
  </exclusive>
  <sporty>
   yes
  </sporty>
 </clothing>
 <clothing>
  <id>
   643257503
  </id>
  <name>
   Puma Jacket O-9133
  </name>
  <category>
   Jacket
  </category>
  <size>
   XXL
  </size>
  <color>
   Голубой
  </color>
  <material>
   Кожа
  </material>
  <price>
   216746
  </price>
  <rating>
   2.05
  </rating>
  <reviews>
   178721
  </reviews>
  <exclusive>
   no
  </exclusive>
 </clothing>
 <clothing>
  <id>
   890798313
  </id>
  <name>
   Vans Sweater U-4567
  </name>
  <category>
   Sweater
  </category>
  <size>
   S
  </size>
  <color>
   Желтый
  </color>
  <material>
   Лен
  </material>
  <price>
   933110
  </price>
  <rating>
   2.8
  </rating>
  <reviews>
   462326
  </reviews>
  <new>
   -
  </new>
 </clothing>
 <clothing>
  <id>
   718053386
  </id>
  <name>
   Converse Dress B-3135
  </name>
  <category>
   Dress
  </category>
  <size>
   M
  </size>
  <color>
   Зеленый
  </color>
  <material>
   Лен
  </material>
  <price>
   788764
  </price>
  <rating>
   4.63
  </rating>
  <reviews>
   280820
  </reviews>
  <sporty>
   no
  </sporty>
 </clothing>
 <clothing>
  <id>
   253210094
  </id>
  <name>
   Ellesse Jacket J-3743
  </name>
  <category>
   Jacket
  </category>
  <size>
   XL
  </size>
  <color>
   Оранжевый
  </color>
  <material>
   Вискоза
  </material>
  <price>
   391229
  </price>
  <rating>
   3.29
  </rating>
  <reviews>
   430402
  </reviews>
  <new>
   -
  </new>
 </clothing>
 <clothing>
  <id>
   624828596
  </id>
  <name>
   Reebok Gloves F-5331
  </name>
  <category>
   Gloves
  </category>
  <size>
   XL
  </size>
  <color>
   Синий
  </color>
  <material>
   Хлопок
  </material>
  <price>
   520475
  </price>
  <rating>
   2.09
  </rating>
  <reviews>
   1910
  </reviews>
  <exclusive>
   no
  </exclusive>
 </clothing>
 <clothing>
  <id>
   440222302
  </id>
  <name>
   Fila Gloves I-2043
  </name>
  <category>
   Gloves
  </category>
  <size>
   L
  </size>
  <color>
   Желтый
  </color>
  <material>
   Лен
  </material>
  <price>
   578505
  </price>
  <rating>
   4.0
  </rating>
  <reviews>
   380589
  </reviews>
  <sporty>
   yes
  </sporty>
 </clothing>
 <clothing>
  <id>
   956111666
  </id>
  <name>
   Vans Shoes I-1731
  </name>
  <category>
   Shoes
  </category>
  <size>
   M
  </size>
  <color>
   Фиолетовый
  </color>
  <material>
   Шелк
  </material>
  <price>
   124190
  </price>
  <rating>
   3.95
  </rating>
  <reviews>
   562876
  </reviews>
  <new>
   +
  </new>
 </clothing>
 <clothing>
  <id>
   211818333
  </id>
  <name>
   Asics Skirt J-8495
  </name>
  <category>
   Skirt
  </category>
  <size>
   XL
  </size>
  <color>
   Оранжевый
  </color>
  <material>
   Кожа
  </material>
  <price>
   560241
  </price>
  <rating>
   4.71
  </rating>
  <reviews>
   471292
  </reviews>
  <new>
   +
  </new>
  <sporty>
   no
  </sporty>
 </clothing>
 <clothing>
  <id>
   509436338
  </id>
  <name>
   Converse Handbags J-9317
  </name>
  <category>
   Handbags
  </category>
  <size>
   XXL
  </size>
  <color>
   Зеленый
  </color>
  <material>
   Лен
  </material>
  <price>
   336316
  </price>
  <rating>
   2.81
  </rating>
  <reviews>
   333139
  </reviews>
  <new>
   -
  </new>
  <exclusive>
   no
  </exclusive>
 </clothing>
 <clothing>
  <id>
   382970014
  </id>
  <name>
   Ellesse Pants Z-1448
  </name>
  <category>
   Pants
  </category>
  <size>
   M
  </size>
  <color>
   Красный
  </color>
  <material>
   Нейлон
  </material>
  <price>
   328991
  </price>
  <rating>
   2.88
  </rating>
  <reviews>
   507666
  </reviews>
  <new>
   -
  </new>
  <exclusive>
   no
  </exclusive>
  <sporty>
   yes
  </sporty>
 </clothing>
 <clothing>
  <id>
   250963558
  </id>
  <name>
   New Balance Blouse D-8237
  </name>
  <category>
   Blouse
  </category>
  <size>
   L
  </size>
  <color>
   Фиолетовый
  </color>
  <material>
   Лен
  </material>
  <price>
   136375
  </price>
  <rating>
   3.68
  </rating>
  <reviews>
   268424
  </reviews>
  <sporty>
   no
  </sporty>
 </clothing>
 <clothing>
  <id>
   208393792
  </id>
  <name>
   DC Shirt M-8426
  </name>
  <category>
   Shirt
  </category>
  <size>
   XXL
  </size>
  <color>
   Оранжевый
  </color>
  <material>
   Шелк
  </material>
  <price>
   281829
  </price>
  <rating>
   2.52
  </rating>
  <reviews>
   817750
  </reviews>
  <new>
   +
  </new>
  <exclusive>
   no
  </exclusive>
  <sporty>
   yes
  </sporty>
 </clothing>
 <clothing>
  <id>
   198459330
  </id>
  <name>
   Brooks Pants N-9155
  </name>
  <category>
   Pants
  </category>
  <size>
   XL
  </size>
  <color>
   Зеленый
  </color>
  <material>
   Кожа
  </material>
  <price>
   634191
  </price>
  <rating>
   2.44
  </rating>
  <reviews>
   576292
  </reviews>
  <new>
   -
  </new>
  <exclusive>
   no
  </exclusive>
  <sporty>
   no
  </sporty>
 </clothing>
 <clothing>
  <id>
   331571492
  </id>
  <name>
   Nike Jacket K-9990
  </name>
  <category>
   Jacket
  </category>
  <size>
   XXL
  </size>
  <color>
   Зеленый
  </color>
  <material>
   Нейлон
  </material>
  <price>
   966281
  </price>
  <rating>
   4.4
  </rating>
  <reviews>
   771742
  </reviews>
  <new>
   +
  </new>
  <exclusive>
   yes
  </exclusive>
 </clothing>
 <clothing>
  <id>
   567922261
  </id>
  <name>
   Brooks Umbrellas E-5845
  </name>
  <category>
   Umbrellas
  </category>
  <size>
   L
  </size>
  <color>
   Красный
  </color>
  <material>
   Полиэстер
  </material>
  <price>
   756331
  </price>
  <rating>
   3.59
  </rating>
  <reviews>
   377520
  </reviews>
  <sporty>
   yes
  </sporty>
 </clothing>
 <clothing>
  <id>
   962795033
  </id>
  <name>
   Puma Socks Z-3742
  </name>
  <category>
   Socks
  </category>
  <size>
   L
  </size>
  <color>
   Красный
  </color>
  <material>
   Вискоза
  </material>
  <price>
   955489
  </price>
  <rating>
   4.32
  </rating>
  <reviews>
   350120
  </reviews>
 </clothing>
 <clothing>
  <id>
   636664031
  </id>
  <name>
   Ellesse Sweater N-4165
  </name>
  <category>
   Sweater
  </category>
  <size>
   XL
  </size>
  <color>
   Красный
  </color>
  <material>
   Лен
  </material>
  <price>
   872234
  </price>
  <rating>
   2.36
  </rating>
  <reviews>
   620904
  </reviews>
  <sporty>
   no
  </sporty>
 </clothing>
 <clothing>
  <id>
   454867807
  </id>
  <name>
   Converse T-shirt T-5895
  </name>
  <category>
   T-shirt
  </category>
  <size>
   XL
  </size>
  <color>
   Оранжевый
  </color>
  <material>
   Лен
  </material>
  <price>
   470552
  </price>
  <rating>
   4.19
  </rating>
  <reviews>
   926780
  </reviews>
  <new>
   +
  </new>
  <exclusive>
   yes
  </exclusive>
  <sporty>
   no
  </sporty>
 </clothing>
 <clothing>
  <id>
   816852131
  </id>
  <name>
   Lacoste Handbags S-6074
  </name>
  <category>
   Handbags
  </category>
  <size>
   S
  </size>
  <color>
   Синий
  </color>
  <material>
   Шелк
  </material>
  <price>
   894028
  </price>
  <rating>
   2.9
  </rating>
  <reviews>
   318059
  </reviews>
  <new>
   +
  </new>
  <sporty>
   yes
  </sporty>
 </clothing>
 <clothing>
  <id>
   865252923
  </id>
  <name>
   Vans Shirt Z-8433
  </name>
  <category>
   Shirt
  </category>
  <size>
   S
  </size>
  <color>
   Желтый
  </color>
  <material>
   Шелк
  </material>
  <price>
   450202
  </price>
  <rating>
   4.91
  </rating>
  <reviews>
   70624
  </reviews>
  <new>
   -
  </new>
  <exclusive>
   yes
  </exclusive>
 </clothing>
 <clothing>
  <id>
   425769148
  </id>
  <name>
   Nike Belts S-5151
  </name>
  <category>
   Belts
  </category>
  <size>
   L
  </size>
  <color>
   Синий
  </color>
  <material>
   Шерсть
  </material>
  <price>
   847350
  </price>
  <rating>
   2.45
  </rating>
  <reviews>
   433855
  </reviews>
  <new>
   +
  </new>
  <exclusive>
   no
  </exclusive>
  <sporty>
   no
  </sporty>
 </clothing>
 <clothing>
  <id>
   108398491
  </id>
  <name>
   Adidas Gloves V-8680
  </name>
  <category>
   Gloves
  </category>
  <size>
   L
  </size>
  <color>
   Желтый
  </color>
  <material>
   Лен
  </material>
  <price>
   555577
  </price>
  <rating>
   4.93
  </rating>
  <reviews>
   521965
  </reviews>
  <new>
   -
  </new>
  <exclusive>
   yes
  </exclusive>
 </clothing>
 <clothing>
  <id>
   297419702
  </id>
  <name>
   Ellesse Handbags N-8732
  </name>
  <category>
   Handbags
  </category>
  <size>
   S
  </size>
  <color>
   Красный
  </color>
  <material>
   Нейлон
  </material>
  <price>
   900561
  </price>
  <rating>
   1.89
  </rating>
  <reviews>
   426447
  </reviews>
  <new>
   +
  </new>
 </clothing>
 <clothing>
  <id>
   477172753
  </id>
  <name>
   New Balance Socks T-2016
  </name>
  <category>
   Socks
  </category>
  <size>
   XXL
  </size>
  <color>
   Оранжевый
  </color>
  <material>
   Шерсть
  </material>
  <price>
   520624
  </price>
  <rating>
   2.75
  </rating>
  <reviews>
   704665
  </reviews>
  <exclusive>
   no
  </exclusive>
  <sporty>
   no
  </sporty>
 </clothing>
 <clothing>
  <id>
   579848595
  </id>
  <name>
   Addidas Dress H-3647
  </name>
  <category>
   Dress
  </category>
  <size>
   S
  </size>
  <color>
   Синий
  </color>
  <material>
   Нейлон
  </material>
  <price>
   447259
  </price>
  <rating>
   4.57
  </rating>
  <reviews>
   452710
  </reviews>
  <sporty>
   no
  </sporty>
 </clothing>
 <clothing>
  <id>
   432102563
  </id>
  <name>
   Reebok T-shirt C-6573
  </name>
  <category>
   T-shirt
  </category>
  <size>
   S
  </size>
  <color>
   Оранжевый
  </color>
  <material>
   Кожа
  </material>
  <price>
   707734
  </price>
  <rating>
   2.36
  </rating>
  <reviews>
   874384
  </reviews>
  <new>
   +
  </new>
  <sporty>
   no
  </sporty>
 </clothing>
 <clothing>
  <id>
   542719334
  </id>
  <name>
   Fila Shoes H-8374
  </name>
  <category>
   Shoes
  </category>
  <size>
   S
  </size>
  <color>
   Оранжевый
  </color>
  <material>
   Лен
  </material>
  <price>
   860190
  </price>
  <rating>
   2.6
  </rating>
  <reviews>
   791859
  </reviews>
  <new>
   +
  </new>
  <sporty>
   no
  </sporty>
 </clothing>
</clothing-items>
