<?xml version="1.0" encoding="utf-8"?>
<clothing-items>
 <clothing>
  <id>
   714696239
  </id>
  <name>
   Adidas Shirt I-9602
  </name>
  <category>
   Shirt
  </category>
  <size>
   M
  </size>
  <color>
   Оранжевый
  </color>
  <material>
   Хлопок
  </material>
  <price>
   734507
  </price>
  <rating>
   2.22
  </rating>
  <reviews>
   126475
  </reviews>
  <new>
   +
  </new>
 </clothing>
 <clothing>
  <id>
   746120893
  </id>
  <name>
   Addidas Umbrellas F-6631
  </name>
  <category>
   Umbrellas
  </category>
  <size>
   XL
  </size>
  <color>
   Голубой
  </color>
  <material>
   Нейлон
  </material>
  <price>
   410913
  </price>
  <rating>
   5.0
  </rating>
  <reviews>
   415920
  </reviews>
  <new>
   +
  </new>
  <exclusive>
   yes
  </exclusive>
 </clothing>
 <clothing>
  <id>
   112931746
  </id>
  <name>
   Brooks Umbrellas X-3047
  </name>
  <category>
   Umbrellas
  </category>
  <size>
   L
  </size>
  <color>
   Голубой
  </color>
  <material>
   Шерсть
  </material>
  <price>
   266590
  </price>
  <rating>
   4.36
  </rating>
  <reviews>
   537919
  </reviews>
  <new>
   +
  </new>
  <exclusive>
   yes
  </exclusive>
 </clothing>
 <clothing>
  <id>
   833731925
  </id>
  <name>
   Lacoste Skirt O-6810
  </name>
  <category>
   Skirt
  </category>
  <size>
   S
  </size>
  <color>
   Красный
  </color>
  <material>
   Шерсть
  </material>
  <price>
   540207
  </price>
  <rating>
   4.18
  </rating>
  <reviews>
   923453
  </reviews>
  <exclusive>
   yes
  </exclusive>
  <sporty>
   no
  </sporty>
 </clothing>
 <clothing>
  <id>
   894919566
  </id>
  <name>
   Puma Hat U-7956
  </name>
  <category>
   Hat
  </category>
  <size>
   S
  </size>
  <color>
   Красный
  </color>
  <material>
   Полиэстер
  </material>
  <price>
   487951
  </price>
  <rating>
   1.64
  </rating>
  <reviews>
   312470
  </reviews>
  <exclusive>
   no
  </exclusive>
  <sporty>
   yes
  </sporty>
 </clothing>
 <clothing>
  <id>
   795810766
  </id>
  <name>
   Fila Jacket K-1064
  </name>
  <category>
   Jacket
  </category>
  <size>
   XXL
  </size>
  <color>
   Синий
  </color>
  <material>
   Шерсть
  </material>
  <price>
   189119
  </price>
  <rating>
   2.03
  </rating>
  <reviews>
   240308
  </reviews>
  <exclusive>
   yes
  </exclusive>
 </clothing>
 <clothing>
  <id>
   813696496
  </id>
  <name>
   Under Armour Umbrellas C-2308
  </name>
  <category>
   Umbrellas
  </category>
  <size>
   XL
  </size>
  <color>
   Голубой
  </color>
  <material>
   Шелк
  </material>
  <price>
   889450
  </price>
  <rating>
   1.34
  </rating>
  <reviews>
   890537
  </reviews>
  <new>
   +
  </new>
 </clothing>
 <clothing>
  <id>
   969637801
  </id>
  <name>
   Vans Jacket B-2055
  </name>
  <category>
   Jacket
  </category>
  <size>
   S
  </size>
  <color>
   Фиолетовый
  </color>
  <material>
   Полиэстер
  </material>
  <price>
   143139
  </price>
  <rating>
   1.22
  </rating>
  <reviews>
   64750
  </reviews>
  <new>
   -
  </new>
  <sporty>
   yes
  </sporty>
 </clothing>
 <clothing>
  <id>
   549279941
  </id>
  <name>
   Converse Gloves W-6361
  </name>
  <category>
   Gloves
  </category>
  <size>
   XXL
  </size>
  <color>
   Зеленый
  </color>
  <material>
   Лен
  </material>
  <price>
   489708
  </price>
  <rating>
   3.07
  </rating>
  <reviews>
   6926
  </reviews>
  <exclusive>
   no
  </exclusive>
  <sporty>
   yes
  </sporty>
 </clothing>
 <clothing>
  <id>
   984444739
  </id>
  <name>
   Puma Gloves P-3949
  </name>
  <category>
   Gloves
  </category>
  <size>
   L
  </size>
  <color>
   Желтый
  </color>
  <material>
   Кожа
  </material>
  <price>
   928642
  </price>
  <rating>
   1.42
  </rating>
  <reviews>
   868914
  </reviews>
  <new>
   +
  </new>
  <exclusive>
   no
  </exclusive>
 </clothing>
 <clothing>
  <id>
   561316492
  </id>
  <name>
   Addidas Shoes V-9654
  </name>
  <category>
   Shoes
  </category>
  <size>
   L
  </size>
  <color>
   Синий
  </color>
  <material>
   Нейлон
  </material>
  <price>
   947900
  </price>
  <rating>
   1.38
  </rating>
  <reviews>
   81973
  </reviews>
  <new>
   -
  </new>
  <exclusive>
   yes
  </exclusive>
 </clothing>
 <clothing>
  <id>
   702796588
  </id>
  <name>
   Converse Skirt H-5855
  </name>
  <category>
   Skirt
  </category>
  <size>
   L
  </size>
  <color>
   Голубой
  </color>
  <material>
   Вискоза
  </material>
  <price>
   749433
  </price>
  <rating>
   1.09
  </rating>
  <reviews>
   424649
  </reviews>
  <sporty>
   yes
  </sporty>
 </clothing>
 <clothing>
  <id>
   293845976
  </id>
  <name>
   Adidas Umbrellas F-1332
  </name>
  <category>
   Umbrellas
  </category>
  <size>
   XXL
  </size>
  <color>
   Зеленый
  </color>
  <material>
   Вискоза
  </material>
  <price>
   647857
  </price>
  <rating>
   3.37
  </rating>
  <reviews>
   367834
  </reviews>
 </clothing>
 <clothing>
  <id>
   749269023
  </id>
  <name>
   PleinSport Hat Z-6157
  </name>
  <category>
   Hat
  </category>
  <size>
   XXL
  </size>
  <color>
   Голубой
  </color>
  <material>
   Шелк
  </material>
  <price>
   247691
  </price>
  <rating>
   1.77
  </rating>
  <reviews>
   763136
  </reviews>
  <new>
   +
  </new>
  <exclusive>
   no
  </exclusive>
 </clothing>
 <clothing>
  <id>
   836800948
  </id>
  <name>
   Converse T-shirt R-1390
  </name>
  <category>
   T-shirt
  </category>
  <size>
   S
  </size>
  <color>
   Желтый
  </color>
  <material>
   Лен
  </material>
  <price>
   622407
  </price>
  <rating>
   2.02
  </rating>
  <reviews>
   757345
  </reviews>
  <new>
   -
  </new>
  <sporty>
   no
  </sporty>
 </clothing>
 <clothing>
  <id>
   972129475
  </id>
  <name>
   Brooks Gloves U-4109
  </name>
  <category>
   Gloves
  </category>
  <size>
   XXL
  </size>
  <color>
   Голубой
  </color>
  <material>
   Шелк
  </material>
  <price>
   262483
  </price>
  <rating>
   2.67
  </rating>
  <reviews>
   747179
  </reviews>
  <new>
   -
  </new>
  <exclusive>
   yes
  </exclusive>
  <sporty>
   yes
  </sporty>
 </clothing>
 <clothing>
  <id>
   282821247
  </id>
  <name>
   Adidas Socks T-1297
  </name>
  <category>
   Socks
  </category>
  <size>
   S
  </size>
  <color>
   Желтый
  </color>
  <material>
   Лен
  </material>
  <price>
   613335
  </price>
  <rating>
   4.3
  </rating>
  <reviews>
   604031
  </reviews>
  <new>
   -
  </new>
  <sporty>
   yes
  </sporty>
 </clothing>
</clothing-items>
