<?xml version="1.0" encoding="utf-8"?>
<clothing-items>
 <clothing>
  <id>
   210912120
  </id>
  <name>
   DC Jeans B-3212
  </name>
  <category>
   Jeans
  </category>
  <size>
   L
  </size>
  <color>
   Оранжевый
  </color>
  <material>
   Шерсть
  </material>
  <price>
   874670
  </price>
  <rating>
   1.04
  </rating>
  <reviews>
   682818
  </reviews>
  <new>
   -
  </new>
  <exclusive>
   no
  </exclusive>
 </clothing>
 <clothing>
  <id>
   903425643
  </id>
  <name>
   Addidas Dress Q-8588
  </name>
  <category>
   Dress
  </category>
  <size>
   M
  </size>
  <color>
   Желтый
  </color>
  <material>
   Хлопок
  </material>
  <price>
   965515
  </price>
  <rating>
   4.47
  </rating>
  <reviews>
   756540
  </reviews>
  <new>
   -
  </new>
  <exclusive>
   no
  </exclusive>
 </clothing>
 <clothing>
  <id>
   463643526
  </id>
  <name>
   Lacoste Shirt J-6240
  </name>
  <category>
   Shirt
  </category>
  <size>
   L
  </size>
  <color>
   Фиолетовый
  </color>
  <material>
   Нейлон
  </material>
  <price>
   501494
  </price>
  <rating>
   1.87
  </rating>
  <reviews>
   810771
  </reviews>
  <new>
   -
  </new>
 </clothing>
 <clothing>
  <id>
   608185990
  </id>
  <name>
   Addidas Handbags P-1655
  </name>
  <category>
   Handbags
  </category>
  <size>
   XXL
  </size>
  <color>
   Синий
  </color>
  <material>
   Лен
  </material>
  <price>
   489234
  </price>
  <rating>
   1.22
  </rating>
  <reviews>
   758597
  </reviews>
  <exclusive>
   yes
  </exclusive>
  <sporty>
   yes
  </sporty>
 </clothing>
 <clothing>
  <id>
   372148185
  </id>
  <name>
   Vans Jacket I-1797
  </name>
  <category>
   Jacket
  </category>
  <size>
   L
  </size>
  <color>
   Фиолетовый
  </color>
  <material>
   Лен
  </material>
  <price>
   623689
  </price>
  <rating>
   3.1
  </rating>
  <reviews>
   810170
  </reviews>
  <sporty>
   no
  </sporty>
 </clothing>
 <clothing>
  <id>
   639479715
  </id>
  <name>
   DC Pants B-3816
  </name>
  <category>
   Pants
  </category>
  <size>
   S
  </size>
  <color>
   Синий
  </color>
  <material>
   Вискоза
  </material>
  <price>
   714623
  </price>
  <rating>
   1.22
  </rating>
  <reviews>
   359390
  </reviews>
  <exclusive>
   no
  </exclusive>
 </clothing>
 <clothing>
  <id>
   703889822
  </id>
  <name>
   Lacoste Jacket G-9929
  </name>
  <category>
   Jacket
  </category>
  <size>
   S
  </size>
  <color>
   Желтый
  </color>
  <material>
   Кожа
  </material>
  <price>
   686568
  </price>
  <rating>
   2.83
  </rating>
  <reviews>
   83194
  </reviews>
  <new>
   +
  </new>
  <exclusive>
   no
  </exclusive>
 </clothing>
 <clothing>
  <id>
   814312547
  </id>
  <name>
   DC Shoes H-3292
  </name>
  <category>
   Shoes
  </category>
  <size>
   XL
  </size>
  <color>
   Красный
  </color>
  <material>
   Полиэстер
  </material>
  <price>
   457742
  </price>
  <rating>
   3.55
  </rating>
  <reviews>
   425212
  </reviews>
  <new>
   -
  </new>
  <sporty>
   no
  </sporty>
 </clothing>
 <clothing>
  <id>
   915811648
  </id>
  <name>
   Lacoste Shoes J-9444
  </name>
  <category>
   Shoes
  </category>
  <size>
   L
  </size>
  <color>
   Красный
  </color>
  <material>
   Лен
  </material>
  <price>
   399764
  </price>
  <rating>
   1.07
  </rating>
  <reviews>
   366061
  </reviews>
  <sporty>
   no
  </sporty>
 </clothing>
 <clothing>
  <id>
   457221191
  </id>
  <name>
   New Balance Socks T-2344
  </name>
  <category>
   Socks
  </category>
  <size>
   L
  </size>
  <color>
   Красный
  </color>
  <material>
   Вискоза
  </material>
  <price>
   695682
  </price>
  <rating>
   2.83
  </rating>
  <reviews>
   961853
  </reviews>
  <new>
   -
  </new>
  <exclusive>
   no
  </exclusive>
  <sporty>
   yes
  </sporty>
 </clothing>
 <clothing>
  <id>
   238233534
  </id>
  <name>
   Nike Jacket Z-1882
  </name>
  <category>
   Jacket
  </category>
  <size>
   S
  </size>
  <color>
   Зеленый
  </color>
  <material>
   Лен
  </material>
  <price>
   452387
  </price>
  <rating>
   4.86
  </rating>
  <reviews>
   608724
  </reviews>
  <new>
   +
  </new>
  <sporty>
   no
  </sporty>
 </clothing>
 <clothing>
  <id>
   156656883
  </id>
  <name>
   Puma Socks F-7537
  </name>
  <category>
   Socks
  </category>
  <size>
   S
  </size>
  <color>
   Красный
  </color>
  <material>
   Вискоза
  </material>
  <price>
   678021
  </price>
  <rating>
   1.66
  </rating>
  <reviews>
   248718
  </reviews>
  <new>
   -
  </new>
  <exclusive>
   no
  </exclusive>
  <sporty>
   no
  </sporty>
 </clothing>
 <clothing>
  <id>
   933817724
  </id>
  <name>
   Puma Pants W-5368
  </name>
  <category>
   Pants
  </category>
  <size>
   M
  </size>
  <color>
   Зеленый
  </color>
  <material>
   Хлопок
  </material>
  <price>
   592944
  </price>
  <rating>
   2.31
  </rating>
  <reviews>
   202527
  </reviews>
  <new>
   +
  </new>
 </clothing>
 <clothing>
  <id>
   150297178
  </id>
  <name>
   PleinSport Dress F-1392
  </name>
  <category>
   Dress
  </category>
  <size>
   XXL
  </size>
  <color>
   Зеленый
  </color>
  <material>
   Полиэстер
  </material>
  <price>
   780215
  </price>
  <rating>
   3.93
  </rating>
  <reviews>
   836939
  </reviews>
  <new>
   +
  </new>
  <exclusive>
   no
  </exclusive>
 </clothing>
 <clothing>
  <id>
   790011896
  </id>
  <name>
   Vans Gloves W-3906
  </name>
  <category>
   Gloves
  </category>
  <size>
   XXL
  </size>
  <color>
   Красный
  </color>
  <material>
   Кожа
  </material>
  <price>
   678894
  </price>
  <rating>
   4.77
  </rating>
  <reviews>
   318784
  </reviews>
  <new>
   -
  </new>
  <exclusive>
   no
  </exclusive>
 </clothing>
 <clothing>
  <id>
   535083298
  </id>
  <name>
   Nike Socks S-4033
  </name>
  <category>
   Socks
  </category>
  <size>
   M
  </size>
  <color>
   Голубой
  </color>
  <material>
   Нейлон
  </material>
  <price>
   258785
  </price>
  <rating>
   3.2
  </rating>
  <reviews>
   223177
  </reviews>
  <exclusive>
   yes
  </exclusive>
  <sporty>
   no
  </sporty>
 </clothing>
 <clothing>
  <id>
   490541807
  </id>
  <name>
   Vans Umbrellas N-7494
  </name>
  <category>
   Umbrellas
  </category>
  <size>
   XXL
  </size>
  <color>
   Оранжевый
  </color>
  <material>
   Лен
  </material>
  <price>
   567010
  </price>
  <rating>
   2.82
  </rating>
  <reviews>
   235272
  </reviews>
  <new>
   -
  </new>
  <exclusive>
   no
  </exclusive>
  <sporty>
   no
  </sporty>
 </clothing>
 <clothing>
  <id>
   449214431
  </id>
  <name>
   Ellesse Belts H-6852
  </name>
  <category>
   Belts
  </category>
  <size>
   S
  </size>
  <color>
   Оранжевый
  </color>
  <material>
   Хлопок
  </material>
  <price>
   139194
  </price>
  <rating>
   2.73
  </rating>
  <reviews>
   533221
  </reviews>
  <exclusive>
   no
  </exclusive>
 </clothing>
 <clothing>
  <id>
   815105195
  </id>
  <name>
   Vans Shoes P-1688
  </name>
  <category>
   Shoes
  </category>
  <size>
   M
  </size>
  <color>
   Желтый
  </color>
  <material>
   Полиэстер
  </material>
  <price>
   948776
  </price>
  <rating>
   3.56
  </rating>
  <reviews>
   900307
  </reviews>
  <exclusive>
   no
  </exclusive>
 </clothing>
 <clothing>
  <id>
   601175330
  </id>
  <name>
   Reebok Umbrellas I-5474
  </name>
  <category>
   Umbrellas
  </category>
  <size>
   L
  </size>
  <color>
   Красный
  </color>
  <material>
   Вискоза
  </material>
  <price>
   138572
  </price>
  <rating>
   2.24
  </rating>
  <reviews>
   174849
  </reviews>
  <exclusive>
   yes
  </exclusive>
  <sporty>
   no
  </sporty>
 </clothing>
 <clothing>
  <id>
   427647237
  </id>
  <name>
   Puma Jacket N-2338
  </name>
  <category>
   Jacket
  </category>
  <size>
   S
  </size>
  <color>
   Синий
  </color>
  <material>
   Хлопок
  </material>
  <price>
   579889
  </price>
  <rating>
   2.93
  </rating>
  <reviews>
   630760
  </reviews>
  <exclusive>
   no
  </exclusive>
  <sporty>
   no
  </sporty>
 </clothing>
 <clothing>
  <id>
   671723701
  </id>
  <name>
   Brooks Blouse L-7084
  </name>
  <category>
   Blouse
  </category>
  <size>
   L
  </size>
  <color>
   Желтый
  </color>
  <material>
   Полиэстер
  </material>
  <price>
   200860
  </price>
  <rating>
   4.93
  </rating>
  <reviews>
   840353
  </reviews>
  <sporty>
   no
  </sporty>
 </clothing>
 <clothing>
  <id>
   816269690
  </id>
  <name>
   Under Armour Shirt U-3187
  </name>
  <category>
   Shirt
  </category>
  <size>
   XL
  </size>
  <color>
   Голубой
  </color>
  <material>
   Лен
  </material>
  <price>
   197582
  </price>
  <rating>
   1.29
  </rating>
  <reviews>
   854055
  </reviews>
  <new>
   +
  </new>
  <exclusive>
   no
  </exclusive>
 </clothing>
 <clothing>
  <id>
   131681936
  </id>
  <name>
   Reebok Dress J-6752
  </name>
  <category>
   Dress
  </category>
  <size>
   XL
  </size>
  <color>
   Голубой
  </color>
  <material>
   Шерсть
  </material>
  <price>
   829782
  </price>
  <rating>
   2.41
  </rating>
  <reviews>
   228888
  </reviews>
  <new>
   +
  </new>
  <exclusive>
   no
  </exclusive>
  <sporty>
   no
  </sporty>
 </clothing>
 <clothing>
  <id>
   106580760
  </id>
  <name>
   New Balance Gloves E-7994
  </name>
  <category>
   Gloves
  </category>
  <size>
   L
  </size>
  <color>
   Красный
  </color>
  <material>
   Хлопок
  </material>
  <price>
   999921
  </price>
  <rating>
   3.65
  </rating>
  <reviews>
   176055
  </reviews>
  <sporty>
   no
  </sporty>
 </clothing>
 <clothing>
  <id>
   822073975
  </id>
  <name>
   Addidas Dress Z-1160
  </name>
  <category>
   Dress
  </category>
  <size>
   XL
  </size>
  <color>
   Фиолетовый
  </color>
  <material>
   Шелк
  </material>
  <price>
   370815
  </price>
  <rating>
   1.14
  </rating>
  <reviews>
   522738
  </reviews>
  <exclusive>
   yes
  </exclusive>
  <sporty>
   no
  </sporty>
 </clothing>
 <clothing>
  <id>
   468126315
  </id>
  <name>
   Converse Handbags D-1783
  </name>
  <category>
   Handbags
  </category>
  <size>
   XL
  </size>
  <color>
   Синий
  </color>
  <material>
   Лен
  </material>
  <price>
   792106
  </price>
  <rating>
   1.96
  </rating>
  <reviews>
   175951
  </reviews>
  <new>
   +
  </new>
  <exclusive>
   yes
  </exclusive>
  <sporty>
   yes
  </sporty>
 </clothing>
 <clothing>
  <id>
   170981862
  </id>
  <name>
   Puma Socks Q-1981
  </name>
  <category>
   Socks
  </category>
  <size>
   L
  </size>
  <color>
   Голубой
  </color>
  <material>
   Кожа
  </material>
  <price>
   734204
  </price>
  <rating>
   1.31
  </rating>
  <reviews>
   627941
  </reviews>
  <new>
   -
  </new>
  <exclusive>
   no
  </exclusive>
  <sporty>
   no
  </sporty>
 </clothing>
 <clothing>
  <id>
   959432209
  </id>
  <name>
   Under Armour Hat P-5624
  </name>
  <category>
   Hat
  </category>
  <size>
   M
  </size>
  <color>
   Красный
  </color>
  <material>
   Полиэстер
  </material>
  <price>
   924602
  </price>
  <rating>
   1.0
  </rating>
  <reviews>
   188290
  </reviews>
  <new>
   -
  </new>
  <exclusive>
   no
  </exclusive>
  <sporty>
   yes
  </sporty>
 </clothing>
 <clothing>
  <id>
   718707797
  </id>
  <name>
   Adidas Gloves S-3771
  </name>
  <category>
   Gloves
  </category>
  <size>
   XL
  </size>
  <color>
   Зеленый
  </color>
  <material>
   Полиэстер
  </material>
  <price>
   499543
  </price>
  <rating>
   3.31
  </rating>
  <reviews>
   714714
  </reviews>
  <new>
   +
  </new>
  <exclusive>
   no
  </exclusive>
  <sporty>
   no
  </sporty>
 </clothing>
</clothing-items>
