<?xml version="1.0" encoding="utf-8"?>
<clothing-items>
 <clothing>
  <id>
   525971097
  </id>
  <name>
   Adidas Pants A-7811
  </name>
  <category>
   Pants
  </category>
  <size>
   S
  </size>
  <color>
   Синий
  </color>
  <material>
   Шелк
  </material>
  <price>
   872684
  </price>
  <rating>
   1.39
  </rating>
  <reviews>
   304151
  </reviews>
  <exclusive>
   no
  </exclusive>
 </clothing>
 <clothing>
  <id>
   678026106
  </id>
  <name>
   Vans Dress W-6384
  </name>
  <category>
   Dress
  </category>
  <size>
   M
  </size>
  <color>
   Фиолетовый
  </color>
  <material>
   Кожа
  </material>
  <price>
   611411
  </price>
  <rating>
   4.05
  </rating>
  <reviews>
   79973
  </reviews>
  <sporty>
   yes
  </sporty>
 </clothing>
 <clothing>
  <id>
   295956890
  </id>
  <name>
   Lacoste Socks J-2054
  </name>
  <category>
   Socks
  </category>
  <size>
   M
  </size>
  <color>
   Зеленый
  </color>
  <material>
   Шерсть
  </material>
  <price>
   897871
  </price>
  <rating>
   3.15
  </rating>
  <reviews>
   560492
  </reviews>
  <new>
   -
  </new>
  <sporty>
   no
  </sporty>
 </clothing>
 <clothing>
  <id>
   513201567
  </id>
  <name>
   Nike Handbags Y-6906
  </name>
  <category>
   Handbags
  </category>
  <size>
   XL
  </size>
  <color>
   Оранжевый
  </color>
  <material>
   Кожа
  </material>
  <price>
   481926
  </price>
  <rating>
   3.05
  </rating>
  <reviews>
   207639
  </reviews>
  <sporty>
   no
  </sporty>
 </clothing>
 <clothing>
  <id>
   559849372
  </id>
  <name>
   Fila Socks Z-3199
  </name>
  <category>
   Socks
  </category>
  <size>
   XXL
  </size>
  <color>
   Красный
  </color>
  <material>
   Шелк
  </material>
  <price>
   966727
  </price>
  <rating>
   4.93
  </rating>
  <reviews>
   322112
  </reviews>
 </clothing>
 <clothing>
  <id>
   681131423
  </id>
  <name>
   Addidas Shirt O-4051
  </name>
  <category>
   Shirt
  </category>
  <size>
   L
  </size>
  <color>
   Оранжевый
  </color>
  <material>
   Шерсть
  </material>
  <price>
   512663
  </price>
  <rating>
   2.5
  </rating>
  <reviews>
   58318
  </reviews>
  <new>
   -
  </new>
 </clothing>
 <clothing>
  <id>
   248080549
  </id>
  <name>
   Under Armour Shirt X-5984
  </name>
  <category>
   Shirt
  </category>
  <size>
   L
  </size>
  <color>
   Красный
  </color>
  <material>
   Хлопок
  </material>
  <price>
   905593
  </price>
  <rating>
   1.08
  </rating>
  <reviews>
   367535
  </reviews>
  <new>
   +
  </new>
  <exclusive>
   no
  </exclusive>
  <sporty>
   yes
  </sporty>
 </clothing>
 <clothing>
  <id>
   428791849
  </id>
  <name>
   PleinSport Umbrellas Z-4889
  </name>
  <category>
   Umbrellas
  </category>
  <size>
   XL
  </size>
  <color>
   Фиолетовый
  </color>
  <material>
   Нейлон
  </material>
  <price>
   150164
  </price>
  <rating>
   4.1
  </rating>
  <reviews>
   588761
  </reviews>
  <new>
   -
  </new>
  <exclusive>
   yes
  </exclusive>
  <sporty>
   no
  </sporty>
 </clothing>
 <clothing>
  <id>
   827913158
  </id>
  <name>
   Lacoste Blouse H-8418
  </name>
  <category>
   Blouse
  </category>
  <size>
   M
  </size>
  <color>
   Красный
  </color>
  <material>
   Нейлон
  </material>
  <price>
   889679
  </price>
  <rating>
   2.45
  </rating>
  <reviews>
   62409
  </reviews>
  <new>
   +
  </new>
  <exclusive>
   yes
  </exclusive>
 </clothing>
 <clothing>
  <id>
   311825458
  </id>
  <name>
   Ellesse T-shirt G-1489
  </name>
  <category>
   T-shirt
  </category>
  <size>
   L
  </size>
  <color>
   Желтый
  </color>
  <material>
   Шелк
  </material>
  <price>
   231739
  </price>
  <rating>
   3.88
  </rating>
  <reviews>
   634493
  </reviews>
 </clothing>
 <clothing>
  <id>
   403990827
  </id>
  <name>
   Vans Jacket K-6171
  </name>
  <category>
   Jacket
  </category>
  <size>
   S
  </size>
  <color>
   Фиолетовый
  </color>
  <material>
   Полиэстер
  </material>
  <price>
   792341
  </price>
  <rating>
   2.22
  </rating>
  <reviews>
   60649
  </reviews>
  <exclusive>
   no
  </exclusive>
  <sporty>
   no
  </sporty>
 </clothing>
 <clothing>
  <id>
   941113026
  </id>
  <name>
   Puma Umbrellas U-9525
  </name>
  <category>
   Umbrellas
  </category>
  <size>
   M
  </size>
  <color>
   Синий
  </color>
  <material>
   Нейлон
  </material>
  <price>
   791814
  </price>
  <rating>
   2.24
  </rating>
  <reviews>
   402172
  </reviews>
  <sporty>
   yes
  </sporty>
 </clothing>
 <clothing>
  <id>
   453406611
  </id>
  <name>
   DC Dress I-2325
  </name>
  <category>
   Dress
  </category>
  <size>
   XL
  </size>
  <color>
   Оранжевый
  </color>
  <material>
   Полиэстер
  </material>
  <price>
   676305
  </price>
  <rating>
   3.86
  </rating>
  <reviews>
   845330
  </reviews>
  <new>
   +
  </new>
  <exclusive>
   yes
  </exclusive>
  <sporty>
   no
  </sporty>
 </clothing>
 <clothing>
  <id>
   632709562
  </id>
  <name>
   Ellesse Shoes P-3032
  </name>
  <category>
   Shoes
  </category>
  <size>
   L
  </size>
  <color>
   Красный
  </color>
  <material>
   Вискоза
  </material>
  <price>
   645074
  </price>
  <rating>
   2.61
  </rating>
  <reviews>
   154785
  </reviews>
  <new>
   -
  </new>
 </clothing>
 <clothing>
  <id>
   220528796
  </id>
  <name>
   Ellesse Hat F-6281
  </name>
  <category>
   Hat
  </category>
  <size>
   M
  </size>
  <color>
   Красный
  </color>
  <material>
   Лен
  </material>
  <price>
   374244
  </price>
  <rating>
   3.75
  </rating>
  <reviews>
   836390
  </reviews>
  <sporty>
   yes
  </sporty>
 </clothing>
 <clothing>
  <id>
   955701895
  </id>
  <name>
   Ellesse Shoes U-2849
  </name>
  <category>
   Shoes
  </category>
  <size>
   S
  </size>
  <color>
   Фиолетовый
  </color>
  <material>
   Шерсть
  </material>
  <price>
   693625
  </price>
  <rating>
   2.4
  </rating>
  <reviews>
   271468
  </reviews>
  <exclusive>
   no
  </exclusive>
  <sporty>
   no
  </sporty>
 </clothing>
 <clothing>
  <id>
   658353640
  </id>
  <name>
   Ellesse Belts E-1568
  </name>
  <category>
   Belts
  </category>
  <size>
   XXL
  </size>
  <color>
   Зеленый
  </color>
  <material>
   Хлопок
  </material>
  <price>
   362048
  </price>
  <rating>
   1.5
  </rating>
  <reviews>
   36058
  </reviews>
  <sporty>
   no
  </sporty>
 </clothing>
 <clothing>
  <id>
   653423107
  </id>
  <name>
   Adidas Jacket H-6471
  </name>
  <category>
   Jacket
  </category>
  <size>
   L
  </size>
  <color>
   Зеленый
  </color>
  <material>
   Кожа
  </material>
  <price>
   839358
  </price>
  <rating>
   3.25
  </rating>
  <reviews>
   901084
  </reviews>
  <exclusive>
   no
  </exclusive>
  <sporty>
   no
  </sporty>
 </clothing>
 <clothing>
  <id>
   247587652
  </id>
  <name>
   Ellesse Umbrellas X-3201
  </name>
  <category>
   Umbrellas
  </category>
  <size>
   M
  </size>
  <color>
   Оранжевый
  </color>
  <material>
   Хлопок
  </material>
  <price>
   275453
  </price>
  <rating>
   4.75
  </rating>
  <reviews>
   858042
  </reviews>
  <new>
   +
  </new>
  <exclusive>
   no
  </exclusive>
  <sporty>
   yes
  </sporty>
 </clothing>
 <clothing>
  <id>
   410424686
  </id>
  <name>
   Ellesse T-shirt H-1755
  </name>
  <category>
   T-shirt
  </category>
  <size>
   XL
  </size>
  <color>
   Красный
  </color>
  <material>
   Нейлон
  </material>
  <price>
   202903
  </price>
  <rating>
   1.29
  </rating>
  <reviews>
   358994
  </reviews>
  <new>
   -
  </new>
  <exclusive>
   yes
  </exclusive>
 </clothing>
 <clothing>
  <id>
   797339277
  </id>
  <name>
   New Balance Umbrellas O-2547
  </name>
  <category>
   Umbrellas
  </category>
  <size>
   XL
  </size>
  <color>
   Фиолетовый
  </color>
  <material>
   Хлопок
  </material>
  <price>
   245888
  </price>
  <rating>
   3.58
  </rating>
  <reviews>
   293734
  </reviews>
  <sporty>
   yes
  </sporty>
 </clothing>
 <clothing>
  <id>
   425596213
  </id>
  <name>
   Fila Gloves U-1047
  </name>
  <category>
   Gloves
  </category>
  <size>
   S
  </size>
  <color>
   Синий
  </color>
  <material>
   Вискоза
  </material>
  <price>
   672279
  </price>
  <rating>
   4.26
  </rating>
  <reviews>
   213291
  </reviews>
  <new>
   -
  </new>
  <sporty>
   yes
  </sporty>
 </clothing>
 <clothing>
  <id>
   704035055
  </id>
  <name>
   Converse Pants Q-9842
  </name>
  <category>
   Pants
  </category>
  <size>
   XL
  </size>
  <color>
   Синий
  </color>
  <material>
   Кожа
  </material>
  <price>
   455920
  </price>
  <rating>
   1.65
  </rating>
  <reviews>
   747955
  </reviews>
  <new>
   -
  </new>
  <exclusive>
   yes
  </exclusive>
  <sporty>
   yes
  </sporty>
 </clothing>
 <clothing>
  <id>
   320216511
  </id>
  <name>
   Under Armour Jeans S-3706
  </name>
  <category>
   Jeans
  </category>
  <size>
   L
  </size>
  <color>
   Красный
  </color>
  <material>
   Полиэстер
  </material>
  <price>
   165430
  </price>
  <rating>
   4.15
  </rating>
  <reviews>
   994414
  </reviews>
  <exclusive>
   no
  </exclusive>
 </clothing>
 <clothing>
  <id>
   746454932
  </id>
  <name>
   Brooks Handbags F-4413
  </name>
  <category>
   Handbags
  </category>
  <size>
   M
  </size>
  <color>
   Красный
  </color>
  <material>
   Лен
  </material>
  <price>
   574113
  </price>
  <rating>
   3.74
  </rating>
  <reviews>
   549154
  </reviews>
  <exclusive>
   no
  </exclusive>
  <sporty>
   yes
  </sporty>
 </clothing>
</clothing-items>
