<?xml version="1.0" encoding="utf-8"?>
<clothing-items>
 <clothing>
  <id>
   516697406
  </id>
  <name>
   Lacoste Socks J-3531
  </name>
  <category>
   Socks
  </category>
  <size>
   XXL
  </size>
  <color>
   Оранжевый
  </color>
  <material>
   Полиэстер
  </material>
  <price>
   880272
  </price>
  <rating>
   2.62
  </rating>
  <reviews>
   317301
  </reviews>
  <new>
   +
  </new>
  <sporty>
   yes
  </sporty>
 </clothing>
 <clothing>
  <id>
   479427052
  </id>
  <name>
   Ellesse Blouse Z-1672
  </name>
  <category>
   Blouse
  </category>
  <size>
   XL
  </size>
  <color>
   Желтый
  </color>
  <material>
   Лен
  </material>
  <price>
   636000
  </price>
  <rating>
   2.93
  </rating>
  <reviews>
   221644
  </reviews>
 </clothing>
 <clothing>
  <id>
   914175678
  </id>
  <name>
   Nike Jacket J-9835
  </name>
  <category>
   Jacket
  </category>
  <size>
   S
  </size>
  <color>
   Зеленый
  </color>
  <material>
   Кожа
  </material>
  <price>
   875559
  </price>
  <rating>
   1.26
  </rating>
  <reviews>
   875823
  </reviews>
  <new>
   +
  </new>
 </clothing>
 <clothing>
  <id>
   691227979
  </id>
  <name>
   Vans Hat B-2342
  </name>
  <category>
   Hat
  </category>
  <size>
   XL
  </size>
  <color>
   Голубой
  </color>
  <material>
   Кожа
  </material>
  <price>
   795094
  </price>
  <rating>
   1.1
  </rating>
  <reviews>
   277334
  </reviews>
  <exclusive>
   no
  </exclusive>
 </clothing>
 <clothing>
  <id>
   601614957
  </id>
  <name>
   Asics Hat W-5240
  </name>
  <category>
   Hat
  </category>
  <size>
   XXL
  </size>
  <color>
   Фиолетовый
  </color>
  <material>
   Лен
  </material>
  <price>
   697626
  </price>
  <rating>
   3.18
  </rating>
  <reviews>
   644190
  </reviews>
  <exclusive>
   no
  </exclusive>
 </clothing>
 <clothing>
  <id>
   572216601
  </id>
  <name>
   Under Armour Sweater A-3748
  </name>
  <category>
   Sweater
  </category>
  <size>
   XXL
  </size>
  <color>
   Фиолетовый
  </color>
  <material>
   Хлопок
  </material>
  <price>
   540210
  </price>
  <rating>
   2.26
  </rating>
  <reviews>
   978708
  </reviews>
  <exclusive>
   no
  </exclusive>
  <sporty>
   yes
  </sporty>
 </clothing>
 <clothing>
  <id>
   643590917
  </id>
  <name>
   Brooks Dress P-4215
  </name>
  <category>
   Dress
  </category>
  <size>
   S
  </size>
  <color>
   Синий
  </color>
  <material>
   Хлопок
  </material>
  <price>
   660617
  </price>
  <rating>
   1.76
  </rating>
  <reviews>
   864434
  </reviews>
  <new>
   -
  </new>
  <sporty>
   no
  </sporty>
 </clothing>
 <clothing>
  <id>
   140713065
  </id>
  <name>
   Converse T-shirt J-5135
  </name>
  <category>
   T-shirt
  </category>
  <size>
   M
  </size>
  <color>
   Оранжевый
  </color>
  <material>
   Нейлон
  </material>
  <price>
   169621
  </price>
  <rating>
   1.49
  </rating>
  <reviews>
   827937
  </reviews>
  <new>
   -
  </new>
  <exclusive>
   yes
  </exclusive>
  <sporty>
   no
  </sporty>
 </clothing>
 <clothing>
  <id>
   335139379
  </id>
  <name>
   Addidas Socks Z-9724
  </name>
  <category>
   Socks
  </category>
  <size>
   S
  </size>
  <color>
   Желтый
  </color>
  <material>
   Нейлон
  </material>
  <price>
   497961
  </price>
  <rating>
   2.41
  </rating>
  <reviews>
   169591
  </reviews>
  <new>
   +
  </new>
  <exclusive>
   yes
  </exclusive>
 </clothing>
 <clothing>
  <id>
   243865481
  </id>
  <name>
   Fila Hat T-6013
  </name>
  <category>
   Hat
  </category>
  <size>
   M
  </size>
  <color>
   Голубой
  </color>
  <material>
   Шерсть
  </material>
  <price>
   172416
  </price>
  <rating>
   3.79
  </rating>
  <reviews>
   628119
  </reviews>
  <exclusive>
   no
  </exclusive>
  <sporty>
   no
  </sporty>
 </clothing>
 <clothing>
  <id>
   148662724
  </id>
  <name>
   Reebok Socks A-3430
  </name>
  <category>
   Socks
  </category>
  <size>
   L
  </size>
  <color>
   Красный
  </color>
  <material>
   Лен
  </material>
  <price>
   986558
  </price>
  <rating>
   3.22
  </rating>
  <reviews>
   365737
  </reviews>
  <new>
   -
  </new>
 </clothing>
 <clothing>
  <id>
   168049922
  </id>
  <name>
   Adidas Dress Y-6085
  </name>
  <category>
   Dress
  </category>
  <size>
   XXL
  </size>
  <color>
   Оранжевый
  </color>
  <material>
   Нейлон
  </material>
  <price>
   971966
  </price>
  <rating>
   1.84
  </rating>
  <reviews>
   671325
  </reviews>
  <new>
   -
  </new>
 </clothing>
 <clothing>
  <id>
   830647955
  </id>
  <name>
   Under Armour Blouse E-3729
  </name>
  <category>
   Blouse
  </category>
  <size>
   XL
  </size>
  <color>
   Фиолетовый
  </color>
  <material>
   Лен
  </material>
  <price>
   347831
  </price>
  <rating>
   1.19
  </rating>
  <reviews>
   245699
  </reviews>
  <new>
   -
  </new>
 </clothing>
 <clothing>
  <id>
   117257737
  </id>
  <name>
   Brooks T-shirt X-8880
  </name>
  <category>
   T-shirt
  </category>
  <size>
   M
  </size>
  <color>
   Синий
  </color>
  <material>
   Кожа
  </material>
  <price>
   362535
  </price>
  <rating>
   1.82
  </rating>
  <reviews>
   59036
  </reviews>
  <new>
   +
  </new>
  <exclusive>
   no
  </exclusive>
 </clothing>
 <clothing>
  <id>
   428918299
  </id>
  <name>
   DC Belts M-4985
  </name>
  <category>
   Belts
  </category>
  <size>
   M
  </size>
  <color>
   Оранжевый
  </color>
  <material>
   Нейлон
  </material>
  <price>
   263717
  </price>
  <rating>
   4.83
  </rating>
  <reviews>
   253348
  </reviews>
  <new>
   +
  </new>
  <sporty>
   no
  </sporty>
 </clothing>
 <clothing>
  <id>
   852632179
  </id>
  <name>
   Fila Dress S-1460
  </name>
  <category>
   Dress
  </category>
  <size>
   M
  </size>
  <color>
   Синий
  </color>
  <material>
   Вискоза
  </material>
  <price>
   105165
  </price>
  <rating>
   1.83
  </rating>
  <reviews>
   273739
  </reviews>
  <new>
   -
  </new>
  <exclusive>
   no
  </exclusive>
 </clothing>
 <clothing>
  <id>
   222332415
  </id>
  <name>
   Brooks Sweater H-2487
  </name>
  <category>
   Sweater
  </category>
  <size>
   M
  </size>
  <color>
   Желтый
  </color>
  <material>
   Кожа
  </material>
  <price>
   937709
  </price>
  <rating>
   1.26
  </rating>
  <reviews>
   312803
  </reviews>
  <exclusive>
   no
  </exclusive>
  <sporty>
   no
  </sporty>
 </clothing>
 <clothing>
  <id>
   528654775
  </id>
  <name>
   Vans Gloves C-7962
  </name>
  <category>
   Gloves
  </category>
  <size>
   XXL
  </size>
  <color>
   Голубой
  </color>
  <material>
   Нейлон
  </material>
  <price>
   714619
  </price>
  <rating>
   2.54
  </rating>
  <reviews>
   265076
  </reviews>
  <new>
   -
  </new>
  <sporty>
   no
  </sporty>
 </clothing>
 <clothing>
  <id>
   476675615
  </id>
  <name>
   Nike Jacket B-4031
  </name>
  <category>
   Jacket
  </category>
  <size>
   XXL
  </size>
  <color>
   Голубой
  </color>
  <material>
   Шелк
  </material>
  <price>
   660792
  </price>
  <rating>
   2.74
  </rating>
  <reviews>
   750810
  </reviews>
  <new>
   -
  </new>
  <exclusive>
   yes
  </exclusive>
  <sporty>
   no
  </sporty>
 </clothing>
 <clothing>
  <id>
   446444946
  </id>
  <name>
   Reebok Blouse Y-7005
  </name>
  <category>
   Blouse
  </category>
  <size>
   XL
  </size>
  <color>
   Голубой
  </color>
  <material>
   Лен
  </material>
  <price>
   942825
  </price>
  <rating>
   3.2
  </rating>
  <reviews>
   218312
  </reviews>
  <new>
   +
  </new>
  <sporty>
   yes
  </sporty>
 </clothing>
 <clothing>
  <id>
   819694376
  </id>
  <name>
   Converse Pants T-3474
  </name>
  <category>
   Pants
  </category>
  <size>
   XXL
  </size>
  <color>
   Голубой
  </color>
  <material>
   Шерсть
  </material>
  <price>
   645412
  </price>
  <rating>
   1.5
  </rating>
  <reviews>
   131645
  </reviews>
  <new>
   -
  </new>
  <exclusive>
   no
  </exclusive>
 </clothing>
 <clothing>
  <id>
   263604793
  </id>
  <name>
   Vans Socks U-4913
  </name>
  <category>
   Socks
  </category>
  <size>
   M
  </size>
  <color>
   Красный
  </color>
  <material>
   Шерсть
  </material>
  <price>
   552063
  </price>
  <rating>
   1.5
  </rating>
  <reviews>
   513991
  </reviews>
  <exclusive>
   no
  </exclusive>
 </clothing>
 <clothing>
  <id>
   816498770
  </id>
  <name>
   Puma Gloves E-2438
  </name>
  <category>
   Gloves
  </category>
  <size>
   M
  </size>
  <color>
   Желтый
  </color>
  <material>
   Нейлон
  </material>
  <price>
   187476
  </price>
  <rating>
   4.29
  </rating>
  <reviews>
   835573
  </reviews>
  <new>
   -
  </new>
  <exclusive>
   yes
  </exclusive>
  <sporty>
   yes
  </sporty>
 </clothing>
 <clothing>
  <id>
   921418631
  </id>
  <name>
   Ellesse Blouse I-9556
  </name>
  <category>
   Blouse
  </category>
  <size>
   M
  </size>
  <color>
   Оранжевый
  </color>
  <material>
   Кожа
  </material>
  <price>
   503062
  </price>
  <rating>
   4.33
  </rating>
  <reviews>
   404049
  </reviews>
  <new>
   -
  </new>
  <exclusive>
   yes
  </exclusive>
  <sporty>
   no
  </sporty>
 </clothing>
 <clothing>
  <id>
   770702432
  </id>
  <name>
   Puma Sweater H-2838
  </name>
  <category>
   Sweater
  </category>
  <size>
   XXL
  </size>
  <color>
   Голубой
  </color>
  <material>
   Хлопок
  </material>
  <price>
   995018
  </price>
  <rating>
   3.83
  </rating>
  <reviews>
   515288
  </reviews>
  <new>
   +
  </new>
  <exclusive>
   no
  </exclusive>
  <sporty>
   yes
  </sporty>
 </clothing>
 <clothing>
  <id>
   596225935
  </id>
  <name>
   Lacoste Blouse W-3823
  </name>
  <category>
   Blouse
  </category>
  <size>
   L
  </size>
  <color>
   Оранжевый
  </color>
  <material>
   Кожа
  </material>
  <price>
   985372
  </price>
  <rating>
   1.97
  </rating>
  <reviews>
   5520
  </reviews>
  <new>
   +
  </new>
  <exclusive>
   yes
  </exclusive>
  <sporty>
   no
  </sporty>
 </clothing>
 <clothing>
  <id>
   555911799
  </id>
  <name>
   Converse Blouse H-2475
  </name>
  <category>
   Blouse
  </category>
  <size>
   XL
  </size>
  <color>
   Фиолетовый
  </color>
  <material>
   Кожа
  </material>
  <price>
   891009
  </price>
  <rating>
   3.03
  </rating>
  <reviews>
   612013
  </reviews>
  <exclusive>
   no
  </exclusive>
 </clothing>
 <clothing>
  <id>
   218777639
  </id>
  <name>
   Brooks Blouse E-6528
  </name>
  <category>
   Blouse
  </category>
  <size>
   M
  </size>
  <color>
   Фиолетовый
  </color>
  <material>
   Полиэстер
  </material>
  <price>
   355316
  </price>
  <rating>
   3.47
  </rating>
  <reviews>
   324716
  </reviews>
  <exclusive>
   no
  </exclusive>
  <sporty>
   no
  </sporty>
 </clothing>
</clothing-items>
