<?xml version="1.0" encoding="utf-8"?>
<clothing-items>
 <clothing>
  <id>
   891556460
  </id>
  <name>
   Addidas Shoes C-7792
  </name>
  <category>
   Shoes
  </category>
  <size>
   XXL
  </size>
  <color>
   Голубой
  </color>
  <material>
   Полиэстер
  </material>
  <price>
   912816
  </price>
  <rating>
   1.84
  </rating>
  <reviews>
   879357
  </reviews>
  <sporty>
   no
  </sporty>
 </clothing>
 <clothing>
  <id>
   193068955
  </id>
  <name>
   Puma Jacket B-5546
  </name>
  <category>
   Jacket
  </category>
  <size>
   M
  </size>
  <color>
   Красный
  </color>
  <material>
   Шерсть
  </material>
  <price>
   748041
  </price>
  <rating>
   3.02
  </rating>
  <reviews>
   801608
  </reviews>
  <new>
   -
  </new>
  <exclusive>
   no
  </exclusive>
  <sporty>
   no
  </sporty>
 </clothing>
 <clothing>
  <id>
   779702620
  </id>
  <name>
   PleinSport Belts M-5604
  </name>
  <category>
   Belts
  </category>
  <size>
   M
  </size>
  <color>
   Оранжевый
  </color>
  <material>
   Хлопок
  </material>
  <price>
   819116
  </price>
  <rating>
   1.0
  </rating>
  <reviews>
   286692
  </reviews>
  <sporty>
   yes
  </sporty>
 </clothing>
 <clothing>
  <id>
   480826035
  </id>
  <name>
   Reebok Handbags S-9468
  </name>
  <category>
   Handbags
  </category>
  <size>
   S
  </size>
  <color>
   Синий
  </color>
  <material>
   Кожа
  </material>
  <price>
   541295
  </price>
  <rating>
   3.81
  </rating>
  <reviews>
   532459
  </reviews>
  <new>
   +
  </new>
  <exclusive>
   yes
  </exclusive>
 </clothing>
 <clothing>
  <id>
   997183117
  </id>
  <name>
   New Balance Jeans S-4469
  </name>
  <category>
   Jeans
  </category>
  <size>
   L
  </size>
  <color>
   Желтый
  </color>
  <material>
   Шелк
  </material>
  <price>
   867660
  </price>
  <rating>
   4.83
  </rating>
  <reviews>
   284816
  </reviews>
  <exclusive>
   no
  </exclusive>
 </clothing>
 <clothing>
  <id>
   563428685
  </id>
  <name>
   Ellesse Shirt Q-4536
  </name>
  <category>
   Shirt
  </category>
  <size>
   XL
  </size>
  <color>
   Фиолетовый
  </color>
  <material>
   Нейлон
  </material>
  <price>
   434371
  </price>
  <rating>
   1.9
  </rating>
  <reviews>
   343954
  </reviews>
  <new>
   +
  </new>
  <exclusive>
   no
  </exclusive>
  <sporty>
   no
  </sporty>
 </clothing>
 <clothing>
  <id>
   570928368
  </id>
  <name>
   New Balance Umbrellas B-8218
  </name>
  <category>
   Umbrellas
  </category>
  <size>
   S
  </size>
  <color>
   Голубой
  </color>
  <material>
   Нейлон
  </material>
  <price>
   830047
  </price>
  <rating>
   2.17
  </rating>
  <reviews>
   567123
  </reviews>
  <new>
   +
  </new>
  <exclusive>
   no
  </exclusive>
  <sporty>
   yes
  </sporty>
 </clothing>
 <clothing>
  <id>
   690015829
  </id>
  <name>
   Lacoste Blouse C-8456
  </name>
  <category>
   Blouse
  </category>
  <size>
   XL
  </size>
  <color>
   Голубой
  </color>
  <material>
   Полиэстер
  </material>
  <price>
   750624
  </price>
  <rating>
   4.16
  </rating>
  <reviews>
   879830
  </reviews>
  <new>
   -
  </new>
 </clothing>
 <clothing>
  <id>
   826759109
  </id>
  <name>
   Lacoste Dress X-4880
  </name>
  <category>
   Dress
  </category>
  <size>
   S
  </size>
  <color>
   Зеленый
  </color>
  <material>
   Шелк
  </material>
  <price>
   927675
  </price>
  <rating>
   2.55
  </rating>
  <reviews>
   798306
  </reviews>
  <exclusive>
   no
  </exclusive>
 </clothing>
 <clothing>
  <id>
   258493567
  </id>
  <name>
   Ellesse Jacket O-7176
  </name>
  <category>
   Jacket
  </category>
  <size>
   L
  </size>
  <color>
   Желтый
  </color>
  <material>
   Полиэстер
  </material>
  <price>
   439146
  </price>
  <rating>
   4.59
  </rating>
  <reviews>
   923116
  </reviews>
  <new>
   -
  </new>
  <sporty>
   no
  </sporty>
 </clothing>
 <clothing>
  <id>
   682368664
  </id>
  <name>
   Nike Jacket V-6681
  </name>
  <category>
   Jacket
  </category>
  <size>
   S
  </size>
  <color>
   Красный
  </color>
  <material>
   Вискоза
  </material>
  <price>
   724892
  </price>
  <rating>
   2.51
  </rating>
  <reviews>
   923660
  </reviews>
  <new>
   -
  </new>
  <exclusive>
   yes
  </exclusive>
  <sporty>
   no
  </sporty>
 </clothing>
 <clothing>
  <id>
   831450349
  </id>
  <name>
   Ellesse Handbags P-6201
  </name>
  <category>
   Handbags
  </category>
  <size>
   S
  </size>
  <color>
   Красный
  </color>
  <material>
   Хлопок
  </material>
  <price>
   375274
  </price>
  <rating>
   3.24
  </rating>
  <reviews>
   87194
  </reviews>
  <sporty>
   yes
  </sporty>
 </clothing>
 <clothing>
  <id>
   478065133
  </id>
  <name>
   Vans Handbags H-3623
  </name>
  <category>
   Handbags
  </category>
  <size>
   L
  </size>
  <color>
   Синий
  </color>
  <material>
   Полиэстер
  </material>
  <price>
   512821
  </price>
  <rating>
   3.61
  </rating>
  <reviews>
   853395
  </reviews>
  <new>
   -
  </new>
  <exclusive>
   yes
  </exclusive>
  <sporty>
   no
  </sporty>
 </clothing>
 <clothing>
  <id>
   509936167
  </id>
  <name>
   Ellesse Socks C-7952
  </name>
  <category>
   Socks
  </category>
  <size>
   L
  </size>
  <color>
   Зеленый
  </color>
  <material>
   Нейлон
  </material>
  <price>
   875430
  </price>
  <rating>
   1.66
  </rating>
  <reviews>
   801187
  </reviews>
  <new>
   -
  </new>
 </clothing>
 <clothing>
  <id>
   144202882
  </id>
  <name>
   Brooks Handbags S-9183
  </name>
  <category>
   Handbags
  </category>
  <size>
   XL
  </size>
  <color>
   Синий
  </color>
  <material>
   Шерсть
  </material>
  <price>
   625769
  </price>
  <rating>
   4.65
  </rating>
  <reviews>
   381268
  </reviews>
  <new>
   +
  </new>
  <sporty>
   no
  </sporty>
 </clothing>
 <clothing>
  <id>
   968154972
  </id>
  <name>
   Vans Dress T-5501
  </name>
  <category>
   Dress
  </category>
  <size>
   L
  </size>
  <color>
   Оранжевый
  </color>
  <material>
   Полиэстер
  </material>
  <price>
   662998
  </price>
  <rating>
   3.65
  </rating>
  <reviews>
   510068
  </reviews>
  <exclusive>
   yes
  </exclusive>
  <sporty>
   no
  </sporty>
 </clothing>
 <clothing>
  <id>
   632852603
  </id>
  <name>
   Under Armour Blouse P-2251
  </name>
  <category>
   Blouse
  </category>
  <size>
   S
  </size>
  <color>
   Зеленый
  </color>
  <material>
   Кожа
  </material>
  <price>
   325367
  </price>
  <rating>
   4.4
  </rating>
  <reviews>
   356154
  </reviews>
 </clothing>
 <clothing>
  <id>
   591584145
  </id>
  <name>
   Adidas Socks D-4647
  </name>
  <category>
   Socks
  </category>
  <size>
   L
  </size>
  <color>
   Голубой
  </color>
  <material>
   Шелк
  </material>
  <price>
   864590
  </price>
  <rating>
   4.9
  </rating>
  <reviews>
   630659
  </reviews>
  <new>
   -
  </new>
  <exclusive>
   yes
  </exclusive>
  <sporty>
   no
  </sporty>
 </clothing>
 <clothing>
  <id>
   608361565
  </id>
  <name>
   Reebok Handbags S-2210
  </name>
  <category>
   Handbags
  </category>
  <size>
   S
  </size>
  <color>
   Фиолетовый
  </color>
  <material>
   Полиэстер
  </material>
  <price>
   343918
  </price>
  <rating>
   2.04
  </rating>
  <reviews>
   539302
  </reviews>
  <exclusive>
   no
  </exclusive>
  <sporty>
   yes
  </sporty>
 </clothing>
 <clothing>
  <id>
   244886415
  </id>
  <name>
   PleinSport Socks H-9343
  </name>
  <category>
   Socks
  </category>
  <size>
   XL
  </size>
  <color>
   Фиолетовый
  </color>
  <material>
   Шерсть
  </material>
  <price>
   728048
  </price>
  <rating>
   3.37
  </rating>
  <reviews>
   672736
  </reviews>
  <new>
   +
  </new>
  <exclusive>
   yes
  </exclusive>
 </clothing>
 <clothing>
  <id>
   325433623
  </id>
  <name>
   Nike Belts I-7277
  </name>
  <category>
   Belts
  </category>
  <size>
   S
  </size>
  <color>
   Желтый
  </color>
  <material>
   Хлопок
  </material>
  <price>
   975434
  </price>
  <rating>
   2.93
  </rating>
  <reviews>
   633161
  </reviews>
  <new>
   -
  </new>
  <exclusive>
   no
  </exclusive>
 </clothing>
 <clothing>
  <id>
   757271116
  </id>
  <name>
   Puma Blouse B-4065
  </name>
  <category>
   Blouse
  </category>
  <size>
   XL
  </size>
  <color>
   Красный
  </color>
  <material>
   Нейлон
  </material>
  <price>
   643782
  </price>
  <rating>
   3.1
  </rating>
  <reviews>
   103399
  </reviews>
  <new>
   -
  </new>
 </clothing>
</clothing-items>
