<?xml version="1.0" encoding="utf-8"?>
<clothing-items>
 <clothing>
  <id>
   209983564
  </id>
  <name>
   Puma Hat S-6102
  </name>
  <category>
   Hat
  </category>
  <size>
   S
  </size>
  <color>
   Оранжевый
  </color>
  <material>
   Кожа
  </material>
  <price>
   586825
  </price>
  <rating>
   4.62
  </rating>
  <reviews>
   473694
  </reviews>
  <new>
   -
  </new>
  <exclusive>
   no
  </exclusive>
 </clothing>
 <clothing>
  <id>
   816230328
  </id>
  <name>
   Brooks Handbags W-5053
  </name>
  <category>
   Handbags
  </category>
  <size>
   S
  </size>
  <color>
   Синий
  </color>
  <material>
   Хлопок
  </material>
  <price>
   512418
  </price>
  <rating>
   4.73
  </rating>
  <reviews>
   780542
  </reviews>
  <exclusive>
   yes
  </exclusive>
 </clothing>
 <clothing>
  <id>
   391441694
  </id>
  <name>
   PleinSport Jacket U-7193
  </name>
  <category>
   Jacket
  </category>
  <size>
   S
  </size>
  <color>
   Зеленый
  </color>
  <material>
   Шерсть
  </material>
  <price>
   800958
  </price>
  <rating>
   3.34
  </rating>
  <reviews>
   425640
  </reviews>
  <new>
   -
  </new>
  <exclusive>
   yes
  </exclusive>
 </clothing>
 <clothing>
  <id>
   553432086
  </id>
  <name>
   Ellesse Shirt X-5660
  </name>
  <category>
   Shirt
  </category>
  <size>
   L
  </size>
  <color>
   Голубой
  </color>
  <material>
   Полиэстер
  </material>
  <price>
   122253
  </price>
  <rating>
   2.63
  </rating>
  <reviews>
   688905
  </reviews>
  <new>
   +
  </new>
  <exclusive>
   yes
  </exclusive>
  <sporty>
   no
  </sporty>
 </clothing>
 <clothing>
  <id>
   828112790
  </id>
  <name>
   Fila Umbrellas P-1539
  </name>
  <category>
   Umbrellas
  </category>
  <size>
   S
  </size>
  <color>
   Зеленый
  </color>
  <material>
   Лен
  </material>
  <price>
   645035
  </price>
  <rating>
   1.58
  </rating>
  <reviews>
   954637
  </reviews>
  <new>
   +
  </new>
  <exclusive>
   yes
  </exclusive>
  <sporty>
   yes
  </sporty>
 </clothing>
 <clothing>
  <id>
   664600275
  </id>
  <name>
   Fila Jacket H-6035
  </name>
  <category>
   Jacket
  </category>
  <size>
   L
  </size>
  <color>
   Оранжевый
  </color>
  <material>
   Вискоза
  </material>
  <price>
   863937
  </price>
  <rating>
   2.65
  </rating>
  <reviews>
   652133
  </reviews>
 </clothing>
 <clothing>
  <id>
   747384879
  </id>
  <name>
   Converse Gloves R-3396
  </name>
  <category>
   Gloves
  </category>
  <size>
   M
  </size>
  <color>
   Зеленый
  </color>
  <material>
   Хлопок
  </material>
  <price>
   699555
  </price>
  <rating>
   4.42
  </rating>
  <reviews>
   316618
  </reviews>
  <new>
   -
  </new>
  <exclusive>
   no
  </exclusive>
  <sporty>
   no
  </sporty>
 </clothing>
 <clothing>
  <id>
   229788892
  </id>
  <name>
   New Balance T-shirt V-8194
  </name>
  <category>
   T-shirt
  </category>
  <size>
   XXL
  </size>
  <color>
   Фиолетовый
  </color>
  <material>
   Шерсть
  </material>
  <price>
   980497
  </price>
  <rating>
   1.24
  </rating>
  <reviews>
   625093
  </reviews>
  <new>
   -
  </new>
  <sporty>
   no
  </sporty>
 </clothing>
 <clothing>
  <id>
   264833146
  </id>
  <name>
   Lacoste Skirt Z-9306
  </name>
  <category>
   Skirt
  </category>
  <size>
   M
  </size>
  <color>
   Желтый
  </color>
  <material>
   Полиэстер
  </material>
  <price>
   661445
  </price>
  <rating>
   2.66
  </rating>
  <reviews>
   192171
  </reviews>
  <new>
   -
  </new>
  <exclusive>
   no
  </exclusive>
 </clothing>
 <clothing>
  <id>
   206643054
  </id>
  <name>
   Brooks Pants D-4827
  </name>
  <category>
   Pants
  </category>
  <size>
   L
  </size>
  <color>
   Зеленый
  </color>
  <material>
   Шерсть
  </material>
  <price>
   757423
  </price>
  <rating>
   2.94
  </rating>
  <reviews>
   433676
  </reviews>
  <new>
   -
  </new>
  <exclusive>
   yes
  </exclusive>
  <sporty>
   no
  </sporty>
 </clothing>
 <clothing>
  <id>
   388443271
  </id>
  <name>
   Brooks Blouse C-9180
  </name>
  <category>
   Blouse
  </category>
  <size>
   XL
  </size>
  <color>
   Голубой
  </color>
  <material>
   Вискоза
  </material>
  <price>
   612385
  </price>
  <rating>
   2.94
  </rating>
  <reviews>
   206119
  </reviews>
  <exclusive>
   yes
  </exclusive>
 </clothing>
 <clothing>
  <id>
   841658850
  </id>
  <name>
   Vans Skirt F-2829
  </name>
  <category>
   Skirt
  </category>
  <size>
   L
  </size>
  <color>
   Синий
  </color>
  <material>
   Нейлон
  </material>
  <price>
   718453
  </price>
  <rating>
   2.77
  </rating>
  <reviews>
   365186
  </reviews>
  <new>
   -
  </new>
  <exclusive>
   yes
  </exclusive>
  <sporty>
   yes
  </sporty>
 </clothing>
 <clothing>
  <id>
   135931397
  </id>
  <name>
   Ellesse Blouse H-1282
  </name>
  <category>
   Blouse
  </category>
  <size>
   XXL
  </size>
  <color>
   Голубой
  </color>
  <material>
   Нейлон
  </material>
  <price>
   368085
  </price>
  <rating>
   4.69
  </rating>
  <reviews>
   258244
  </reviews>
  <new>
   +
  </new>
  <sporty>
   no
  </sporty>
 </clothing>
 <clothing>
  <id>
   511707546
  </id>
  <name>
   Lacoste Sweater I-2389
  </name>
  <category>
   Sweater
  </category>
  <size>
   XL
  </size>
  <color>
   Желтый
  </color>
  <material>
   Вискоза
  </material>
  <price>
   785518
  </price>
  <rating>
   1.72
  </rating>
  <reviews>
   340049
  </reviews>
  <exclusive>
   no
  </exclusive>
  <sporty>
   no
  </sporty>
 </clothing>
 <clothing>
  <id>
   924469368
  </id>
  <name>
   Ellesse Shoes S-8834
  </name>
  <category>
   Shoes
  </category>
  <size>
   S
  </size>
  <color>
   Красный
  </color>
  <material>
   Шелк
  </material>
  <price>
   104523
  </price>
  <rating>
   1.99
  </rating>
  <reviews>
   360200
  </reviews>
  <new>
   +
  </new>
  <sporty>
   yes
  </sporty>
 </clothing>
 <clothing>
  <id>
   290087632
  </id>
  <name>
   Converse Skirt R-5651
  </name>
  <category>
   Skirt
  </category>
  <size>
   XXL
  </size>
  <color>
   Синий
  </color>
  <material>
   Нейлон
  </material>
  <price>
   758061
  </price>
  <rating>
   1.49
  </rating>
  <reviews>
   31287
  </reviews>
 </clothing>
 <clothing>
  <id>
   345678582
  </id>
  <name>
   Adidas Sweater K-6410
  </name>
  <category>
   Sweater
  </category>
  <size>
   M
  </size>
  <color>
   Фиолетовый
  </color>
  <material>
   Полиэстер
  </material>
  <price>
   965530
  </price>
  <rating>
   2.11
  </rating>
  <reviews>
   80598
  </reviews>
  <exclusive>
   no
  </exclusive>
 </clothing>
 <clothing>
  <id>
   824479590
  </id>
  <name>
   Reebok Dress H-5463
  </name>
  <category>
   Dress
  </category>
  <size>
   XXL
  </size>
  <color>
   Фиолетовый
  </color>
  <material>
   Кожа
  </material>
  <price>
   997553
  </price>
  <rating>
   2.35
  </rating>
  <reviews>
   473219
  </reviews>
  <sporty>
   no
  </sporty>
 </clothing>
 <clothing>
  <id>
   472728379
  </id>
  <name>
   Fila Handbags G-4133
  </name>
  <category>
   Handbags
  </category>
  <size>
   S
  </size>
  <color>
   Синий
  </color>
  <material>
   Нейлон
  </material>
  <price>
   472708
  </price>
  <rating>
   3.0
  </rating>
  <reviews>
   218667
  </reviews>
  <new>
   -
  </new>
  <sporty>
   yes
  </sporty>
 </clothing>
 <clothing>
  <id>
   261536569
  </id>
  <name>
   Asics Sweater E-4739
  </name>
  <category>
   Sweater
  </category>
  <size>
   L
  </size>
  <color>
   Зеленый
  </color>
  <material>
   Хлопок
  </material>
  <price>
   693292
  </price>
  <rating>
   3.31
  </rating>
  <reviews>
   412006
  </reviews>
  <new>
   +
  </new>
 </clothing>
 <clothing>
  <id>
   859522474
  </id>
  <name>
   PleinSport Jeans Z-1400
  </name>
  <category>
   Jeans
  </category>
  <size>
   M
  </size>
  <color>
   Синий
  </color>
  <material>
   Кожа
  </material>
  <price>
   787843
  </price>
  <rating>
   1.42
  </rating>
  <reviews>
   151971
  </reviews>
  <sporty>
   yes
  </sporty>
 </clothing>
 <clothing>
  <id>
   889772983
  </id>
  <name>
   Addidas Handbags T-3468
  </name>
  <category>
   Handbags
  </category>
  <size>
   XL
  </size>
  <color>
   Оранжевый
  </color>
  <material>
   Шелк
  </material>
  <price>
   236788
  </price>
  <rating>
   3.11
  </rating>
  <reviews>
   465163
  </reviews>
  <exclusive>
   no
  </exclusive>
  <sporty>
   no
  </sporty>
 </clothing>
 <clothing>
  <id>
   532145725
  </id>
  <name>
   New Balance Gloves D-6253
  </name>
  <category>
   Gloves
  </category>
  <size>
   XL
  </size>
  <color>
   Желтый
  </color>
  <material>
   Кожа
  </material>
  <price>
   103790
  </price>
  <rating>
   4.61
  </rating>
  <reviews>
   562714
  </reviews>
  <new>
   -
  </new>
  <sporty>
   yes
  </sporty>
 </clothing>
 <clothing>
  <id>
   339277551
  </id>
  <name>
   Lacoste Blouse Q-2493
  </name>
  <category>
   Blouse
  </category>
  <size>
   S
  </size>
  <color>
   Оранжевый
  </color>
  <material>
   Шерсть
  </material>
  <price>
   630853
  </price>
  <rating>
   3.94
  </rating>
  <reviews>
   163868
  </reviews>
  <new>
   -
  </new>
  <sporty>
   no
  </sporty>
 </clothing>
 <clothing>
  <id>
   103661365
  </id>
  <name>
   Vans Handbags V-9708
  </name>
  <category>
   Handbags
  </category>
  <size>
   M
  </size>
  <color>
   Синий
  </color>
  <material>
   Вискоза
  </material>
  <price>
   605097
  </price>
  <rating>
   1.05
  </rating>
  <reviews>
   343867
  </reviews>
  <sporty>
   no
  </sporty>
 </clothing>
</clothing-items>
