<?xml version="1.0" encoding="utf-8"?>
<clothing-items>
 <clothing>
  <id>
   122418852
  </id>
  <name>
   DC Handbags B-3340
  </name>
  <category>
   Handbags
  </category>
  <size>
   XL
  </size>
  <color>
   Синий
  </color>
  <material>
   Шерсть
  </material>
  <price>
   246818
  </price>
  <rating>
   1.05
  </rating>
  <reviews>
   412639
  </reviews>
  <new>
   -
  </new>
  <sporty>
   no
  </sporty>
 </clothing>
 <clothing>
  <id>
   326414187
  </id>
  <name>
   Nike Pants J-5431
  </name>
  <category>
   Pants
  </category>
  <size>
   M
  </size>
  <color>
   Оранжевый
  </color>
  <material>
   Кожа
  </material>
  <price>
   639550
  </price>
  <rating>
   4.07
  </rating>
  <reviews>
   641277
  </reviews>
  <new>
   -
  </new>
  <sporty>
   yes
  </sporty>
 </clothing>
 <clothing>
  <id>
   258839422
  </id>
  <name>
   Reebok Jacket A-3197
  </name>
  <category>
   Jacket
  </category>
  <size>
   XL
  </size>
  <color>
   Оранжевый
  </color>
  <material>
   Полиэстер
  </material>
  <price>
   897715
  </price>
  <rating>
   3.97
  </rating>
  <reviews>
   625564
  </reviews>
  <exclusive>
   yes
  </exclusive>
  <sporty>
   yes
  </sporty>
 </clothing>
 <clothing>
  <id>
   481024786
  </id>
  <name>
   Vans Umbrellas W-2249
  </name>
  <category>
   Umbrellas
  </category>
  <size>
   S
  </size>
  <color>
   Голубой
  </color>
  <material>
   Шерсть
  </material>
  <price>
   732347
  </price>
  <rating>
   2.38
  </rating>
  <reviews>
   997569
  </reviews>
  <sporty>
   yes
  </sporty>
 </clothing>
 <clothing>
  <id>
   336564753
  </id>
  <name>
   Puma Sweater V-3207
  </name>
  <category>
   Sweater
  </category>
  <size>
   S
  </size>
  <color>
   Красный
  </color>
  <material>
   Полиэстер
  </material>
  <price>
   671257
  </price>
  <rating>
   4.17
  </rating>
  <reviews>
   701645
  </reviews>
  <new>
   +
  </new>
  <exclusive>
   yes
  </exclusive>
  <sporty>
   yes
  </sporty>
 </clothing>
 <clothing>
  <id>
   320895140
  </id>
  <name>
   Addidas Blouse K-9759
  </name>
  <category>
   Blouse
  </category>
  <size>
   XXL
  </size>
  <color>
   Оранжевый
  </color>
  <material>
   Шелк
  </material>
  <price>
   946322
  </price>
  <rating>
   4.77
  </rating>
  <reviews>
   761595
  </reviews>
  <new>
   -
  </new>
  <exclusive>
   yes
  </exclusive>
  <sporty>
   no
  </sporty>
 </clothing>
 <clothing>
  <id>
   101880813
  </id>
  <name>
   DC Umbrellas N-4405
  </name>
  <category>
   Umbrellas
  </category>
  <size>
   L
  </size>
  <color>
   Синий
  </color>
  <material>
   Лен
  </material>
  <price>
   293416
  </price>
  <rating>
   1.29
  </rating>
  <reviews>
   90743
  </reviews>
  <new>
   -
  </new>
 </clothing>
 <clothing>
  <id>
   894605315
  </id>
  <name>
   Nike Jacket A-1979
  </name>
  <category>
   Jacket
  </category>
  <size>
   XXL
  </size>
  <color>
   Красный
  </color>
  <material>
   Вискоза
  </material>
  <price>
   630146
  </price>
  <rating>
   3.22
  </rating>
  <reviews>
   177253
  </reviews>
 </clothing>
 <clothing>
  <id>
   933111824
  </id>
  <name>
   Addidas Hat X-3577
  </name>
  <category>
   Hat
  </category>
  <size>
   XL
  </size>
  <color>
   Голубой
  </color>
  <material>
   Шелк
  </material>
  <price>
   492810
  </price>
  <rating>
   3.47
  </rating>
  <reviews>
   685665
  </reviews>
  <sporty>
   no
  </sporty>
 </clothing>
 <clothing>
  <id>
   517806595
  </id>
  <name>
   Lacoste Shirt R-3416
  </name>
  <category>
   Shirt
  </category>
  <size>
   XXL
  </size>
  <color>
   Синий
  </color>
  <material>
   Шелк
  </material>
  <price>
   372429
  </price>
  <rating>
   3.43
  </rating>
  <reviews>
   165082
  </reviews>
  <new>
   -
  </new>
  <sporty>
   no
  </sporty>
 </clothing>
 <clothing>
  <id>
   909066976
  </id>
  <name>
   Converse Gloves S-2403
  </name>
  <category>
   Gloves
  </category>
  <size>
   XXL
  </size>
  <color>
   Оранжевый
  </color>
  <material>
   Полиэстер
  </material>
  <price>
   541613
  </price>
  <rating>
   2.77
  </rating>
  <reviews>
   754081
  </reviews>
  <new>
   -
  </new>
  <sporty>
   no
  </sporty>
 </clothing>
 <clothing>
  <id>
   981864632
  </id>
  <name>
   Lacoste T-shirt O-9670
  </name>
  <category>
   T-shirt
  </category>
  <size>
   S
  </size>
  <color>
   Желтый
  </color>
  <material>
   Вискоза
  </material>
  <price>
   510980
  </price>
  <rating>
   3.75
  </rating>
  <reviews>
   906501
  </reviews>
  <new>
   -
  </new>
  <sporty>
   yes
  </sporty>
 </clothing>
 <clothing>
  <id>
   691638705
  </id>
  <name>
   New Balance Jacket T-1557
  </name>
  <category>
   Jacket
  </category>
  <size>
   XL
  </size>
  <color>
   Голубой
  </color>
  <material>
   Нейлон
  </material>
  <price>
   835901
  </price>
  <rating>
   2.39
  </rating>
  <reviews>
   561601
  </reviews>
  <new>
   -
  </new>
  <sporty>
   yes
  </sporty>
 </clothing>
 <clothing>
  <id>
   467020284
  </id>
  <name>
   DC Shirt Q-5296
  </name>
  <category>
   Shirt
  </category>
  <size>
   XL
  </size>
  <color>
   Голубой
  </color>
  <material>
   Полиэстер
  </material>
  <price>
   753824
  </price>
  <rating>
   2.43
  </rating>
  <reviews>
   145251
  </reviews>
  <exclusive>
   no
  </exclusive>
  <sporty>
   no
  </sporty>
 </clothing>
 <clothing>
  <id>
   398519144
  </id>
  <name>
   Fila Gloves U-1775
  </name>
  <category>
   Gloves
  </category>
  <size>
   XL
  </size>
  <color>
   Фиолетовый
  </color>
  <material>
   Шерсть
  </material>
  <price>
   703232
  </price>
  <rating>
   4.59
  </rating>
  <reviews>
   446958
  </reviews>
  <exclusive>
   no
  </exclusive>
  <sporty>
   yes
  </sporty>
 </clothing>
 <clothing>
  <id>
   327084003
  </id>
  <name>
   Reebok Hat Y-7301
  </name>
  <category>
   Hat
  </category>
  <size>
   S
  </size>
  <color>
   Оранжевый
  </color>
  <material>
   Кожа
  </material>
  <price>
   639883
  </price>
  <rating>
   2.44
  </rating>
  <reviews>
   994837
  </reviews>
  <new>
   +
  </new>
 </clothing>
</clothing-items>
