<?xml version="1.0" encoding="utf-8"?>
<clothing-items>
 <clothing>
  <id>
   545102010
  </id>
  <name>
   Under Armour Shirt E-6645
  </name>
  <category>
   Shirt
  </category>
  <size>
   S
  </size>
  <color>
   Желтый
  </color>
  <material>
   Полиэстер
  </material>
  <price>
   236865
  </price>
  <rating>
   4.26
  </rating>
  <reviews>
   235492
  </reviews>
  <new>
   +
  </new>
  <exclusive>
   yes
  </exclusive>
  <sporty>
   yes
  </sporty>
 </clothing>
 <clothing>
  <id>
   636573586
  </id>
  <name>
   Adidas Dress N-2424
  </name>
  <category>
   Dress
  </category>
  <size>
   XXL
  </size>
  <color>
   Фиолетовый
  </color>
  <material>
   Нейлон
  </material>
  <price>
   451627
  </price>
  <rating>
   1.53
  </rating>
  <reviews>
   409097
  </reviews>
  <sporty>
   yes
  </sporty>
 </clothing>
 <clothing>
  <id>
   410889718
  </id>
  <name>
   Fila Hat W-3483
  </name>
  <category>
   Hat
  </category>
  <size>
   L
  </size>
  <color>
   Оранжевый
  </color>
  <material>
   Шерсть
  </material>
  <price>
   567685
  </price>
  <rating>
   1.81
  </rating>
  <reviews>
   797307
  </reviews>
  <new>
   -
  </new>
  <exclusive>
   no
  </exclusive>
 </clothing>
 <clothing>
  <id>
   537625304
  </id>
  <name>
   PleinSport Jacket Z-5912
  </name>
  <category>
   Jacket
  </category>
  <size>
   L
  </size>
  <color>
   Красный
  </color>
  <material>
   Шелк
  </material>
  <price>
   426746
  </price>
  <rating>
   4.62
  </rating>
  <reviews>
   484284
  </reviews>
  <exclusive>
   no
  </exclusive>
  <sporty>
   no
  </sporty>
 </clothing>
 <clothing>
  <id>
   152890996
  </id>
  <name>
   Nike Pants V-2653
  </name>
  <category>
   Pants
  </category>
  <size>
   XXL
  </size>
  <color>
   Красный
  </color>
  <material>
   Шелк
  </material>
  <price>
   681727
  </price>
  <rating>
   3.97
  </rating>
  <reviews>
   180276
  </reviews>
  <new>
   -
  </new>
  <sporty>
   no
  </sporty>
 </clothing>
 <clothing>
  <id>
   885842174
  </id>
  <name>
   Addidas Shirt Q-7038
  </name>
  <category>
   Shirt
  </category>
  <size>
   XXL
  </size>
  <color>
   Голубой
  </color>
  <material>
   Шелк
  </material>
  <price>
   993234
  </price>
  <rating>
   1.08
  </rating>
  <reviews>
   164403
  </reviews>
  <exclusive>
   no
  </exclusive>
 </clothing>
 <clothing>
  <id>
   909829174
  </id>
  <name>
   Nike T-shirt T-2742
  </name>
  <category>
   T-shirt
  </category>
  <size>
   S
  </size>
  <color>
   Оранжевый
  </color>
  <material>
   Кожа
  </material>
  <price>
   716053
  </price>
  <rating>
   4.68
  </rating>
  <reviews>
   987529
  </reviews>
  <new>
   -
  </new>
  <exclusive>
   no
  </exclusive>
  <sporty>
   yes
  </sporty>
 </clothing>
 <clothing>
  <id>
   487765196
  </id>
  <name>
   Vans Gloves R-6411
  </name>
  <category>
   Gloves
  </category>
  <size>
   XXL
  </size>
  <color>
   Зеленый
  </color>
  <material>
   Лен
  </material>
  <price>
   743390
  </price>
  <rating>
   1.51
  </rating>
  <reviews>
   240185
  </reviews>
  <new>
   +
  </new>
  <exclusive>
   yes
  </exclusive>
  <sporty>
   no
  </sporty>
 </clothing>
 <clothing>
  <id>
   948391606
  </id>
  <name>
   Fila Umbrellas A-7811
  </name>
  <category>
   Umbrellas
  </category>
  <size>
   S
  </size>
  <color>
   Красный
  </color>
  <material>
   Полиэстер
  </material>
  <price>
   608452
  </price>
  <rating>
   1.74
  </rating>
  <reviews>
   801351
  </reviews>
  <new>
   -
  </new>
  <exclusive>
   no
  </exclusive>
 </clothing>
 <clothing>
  <id>
   545293478
  </id>
  <name>
   Lacoste Pants U-7026
  </name>
  <category>
   Pants
  </category>
  <size>
   M
  </size>
  <color>
   Синий
  </color>
  <material>
   Лен
  </material>
  <price>
   624310
  </price>
  <rating>
   4.86
  </rating>
  <reviews>
   114846
  </reviews>
  <new>
   -
  </new>
 </clothing>
 <clothing>
  <id>
   121948151
  </id>
  <name>
   Ellesse Socks B-6622
  </name>
  <category>
   Socks
  </category>
  <size>
   L
  </size>
  <color>
   Желтый
  </color>
  <material>
   Лен
  </material>
  <price>
   119473
  </price>
  <rating>
   2.27
  </rating>
  <reviews>
   209570
  </reviews>
  <exclusive>
   no
  </exclusive>
 </clothing>
 <clothing>
  <id>
   674030606
  </id>
  <name>
   Converse Shoes Z-3118
  </name>
  <category>
   Shoes
  </category>
  <size>
   S
  </size>
  <color>
   Желтый
  </color>
  <material>
   Нейлон
  </material>
  <price>
   366182
  </price>
  <rating>
   3.78
  </rating>
  <reviews>
   913189
  </reviews>
  <exclusive>
   yes
  </exclusive>
  <sporty>
   yes
  </sporty>
 </clothing>
 <clothing>
  <id>
   388135867
  </id>
  <name>
   Converse Jeans F-9593
  </name>
  <category>
   Jeans
  </category>
  <size>
   L
  </size>
  <color>
   Фиолетовый
  </color>
  <material>
   Шелк
  </material>
  <price>
   806514
  </price>
  <rating>
   2.54
  </rating>
  <reviews>
   846389
  </reviews>
  <exclusive>
   no
  </exclusive>
  <sporty>
   no
  </sporty>
 </clothing>
 <clothing>
  <id>
   531712161
  </id>
  <name>
   Puma Umbrellas L-2062
  </name>
  <category>
   Umbrellas
  </category>
  <size>
   S
  </size>
  <color>
   Зеленый
  </color>
  <material>
   Шелк
  </material>
  <price>
   769397
  </price>
  <rating>
   3.79
  </rating>
  <reviews>
   56939
  </reviews>
 </clothing>
 <clothing>
  <id>
   119259912
  </id>
  <name>
   Reebok Jacket F-7516
  </name>
  <category>
   Jacket
  </category>
  <size>
   S
  </size>
  <color>
   Красный
  </color>
  <material>
   Хлопок
  </material>
  <price>
   885832
  </price>
  <rating>
   3.72
  </rating>
  <reviews>
   225970
  </reviews>
  <sporty>
   yes
  </sporty>
 </clothing>
 <clothing>
  <id>
   644698911
  </id>
  <name>
   Reebok Dress P-9031
  </name>
  <category>
   Dress
  </category>
  <size>
   M
  </size>
  <color>
   Оранжевый
  </color>
  <material>
   Полиэстер
  </material>
  <price>
   345886
  </price>
  <rating>
   1.04
  </rating>
  <reviews>
   118546
  </reviews>
  <exclusive>
   no
  </exclusive>
 </clothing>
 <clothing>
  <id>
   989355833
  </id>
  <name>
   Converse Umbrellas Y-5579
  </name>
  <category>
   Umbrellas
  </category>
  <size>
   S
  </size>
  <color>
   Желтый
  </color>
  <material>
   Шелк
  </material>
  <price>
   311368
  </price>
  <rating>
   4.65
  </rating>
  <reviews>
   142184
  </reviews>
  <new>
   +
  </new>
  <exclusive>
   no
  </exclusive>
  <sporty>
   yes
  </sporty>
 </clothing>
 <clothing>
  <id>
   423587311
  </id>
  <name>
   Under Armour Jacket I-9675
  </name>
  <category>
   Jacket
  </category>
  <size>
   S
  </size>
  <color>
   Желтый
  </color>
  <material>
   Лен
  </material>
  <price>
   763506
  </price>
  <rating>
   1.72
  </rating>
  <reviews>
   309779
  </reviews>
  <new>
   +
  </new>
  <exclusive>
   no
  </exclusive>
  <sporty>
   no
  </sporty>
 </clothing>
 <clothing>
  <id>
   932264111
  </id>
  <name>
   Asics Belts W-7259
  </name>
  <category>
   Belts
  </category>
  <size>
   XXL
  </size>
  <color>
   Фиолетовый
  </color>
  <material>
   Нейлон
  </material>
  <price>
   430663
  </price>
  <rating>
   3.03
  </rating>
  <reviews>
   409542
  </reviews>
 </clothing>
 <clothing>
  <id>
   149519153
  </id>
  <name>
   Reebok Pants Z-1175
  </name>
  <category>
   Pants
  </category>
  <size>
   XL
  </size>
  <color>
   Зеленый
  </color>
  <material>
   Лен
  </material>
  <price>
   643629
  </price>
  <rating>
   1.06
  </rating>
  <reviews>
   124864
  </reviews>
 </clothing>
 <clothing>
  <id>
   894177477
  </id>
  <name>
   Under Armour Sweater C-4068
  </name>
  <category>
   Sweater
  </category>
  <size>
   S
  </size>
  <color>
   Оранжевый
  </color>
  <material>
   Шерсть
  </material>
  <price>
   686710
  </price>
  <rating>
   3.39
  </rating>
  <reviews>
   699403
  </reviews>
 </clothing>
 <clothing>
  <id>
   675995501
  </id>
  <name>
   Brooks Umbrellas S-9993
  </name>
  <category>
   Umbrellas
  </category>
  <size>
   XXL
  </size>
  <color>
   Голубой
  </color>
  <material>
   Вискоза
  </material>
  <price>
   380895
  </price>
  <rating>
   4.75
  </rating>
  <reviews>
   163881
  </reviews>
  <exclusive>
   no
  </exclusive>
 </clothing>
 <clothing>
  <id>
   427930711
  </id>
  <name>
   New Balance Skirt Z-9737
  </name>
  <category>
   Skirt
  </category>
  <size>
   S
  </size>
  <color>
   Синий
  </color>
  <material>
   Хлопок
  </material>
  <price>
   378200
  </price>
  <rating>
   1.45
  </rating>
  <reviews>
   255643
  </reviews>
  <exclusive>
   no
  </exclusive>
 </clothing>
 <clothing>
  <id>
   112890426
  </id>
  <name>
   Reebok Jeans J-9296
  </name>
  <category>
   Jeans
  </category>
  <size>
   S
  </size>
  <color>
   Синий
  </color>
  <material>
   Кожа
  </material>
  <price>
   529314
  </price>
  <rating>
   1.58
  </rating>
  <reviews>
   606838
  </reviews>
 </clothing>
 <clothing>
  <id>
   360461754
  </id>
  <name>
   Vans Belts X-2171
  </name>
  <category>
   Belts
  </category>
  <size>
   S
  </size>
  <color>
   Фиолетовый
  </color>
  <material>
   Вискоза
  </material>
  <price>
   611479
  </price>
  <rating>
   2.52
  </rating>
  <reviews>
   103745
  </reviews>
  <exclusive>
   yes
  </exclusive>
  <sporty>
   no
  </sporty>
 </clothing>
 <clothing>
  <id>
   405064130
  </id>
  <name>
   Addidas Shirt A-1183
  </name>
  <category>
   Shirt
  </category>
  <size>
   M
  </size>
  <color>
   Голубой
  </color>
  <material>
   Кожа
  </material>
  <price>
   312238
  </price>
  <rating>
   4.91
  </rating>
  <reviews>
   936450
  </reviews>
  <exclusive>
   yes
  </exclusive>
 </clothing>
 <clothing>
  <id>
   314339348
  </id>
  <name>
   DC Umbrellas U-8633
  </name>
  <category>
   Umbrellas
  </category>
  <size>
   S
  </size>
  <color>
   Красный
  </color>
  <material>
   Вискоза
  </material>
  <price>
   438270
  </price>
  <rating>
   3.51
  </rating>
  <reviews>
   731839
  </reviews>
  <new>
   -
  </new>
  <sporty>
   no
  </sporty>
 </clothing>
 <clothing>
  <id>
   408130704
  </id>
  <name>
   Lacoste Gloves E-4574
  </name>
  <category>
   Gloves
  </category>
  <size>
   M
  </size>
  <color>
   Красный
  </color>
  <material>
   Хлопок
  </material>
  <price>
   907442
  </price>
  <rating>
   2.45
  </rating>
  <reviews>
   153832
  </reviews>
 </clothing>
 <clothing>
  <id>
   311141109
  </id>
  <name>
   Vans Pants E-8218
  </name>
  <category>
   Pants
  </category>
  <size>
   XXL
  </size>
  <color>
   Оранжевый
  </color>
  <material>
   Шелк
  </material>
  <price>
   497288
  </price>
  <rating>
   3.62
  </rating>
  <reviews>
   113864
  </reviews>
  <sporty>
   no
  </sporty>
 </clothing>
 <clothing>
  <id>
   573253150
  </id>
  <name>
   Asics Pants C-1131
  </name>
  <category>
   Pants
  </category>
  <size>
   XL
  </size>
  <color>
   Голубой
  </color>
  <material>
   Лен
  </material>
  <price>
   914232
  </price>
  <rating>
   3.43
  </rating>
  <reviews>
   714087
  </reviews>
  <exclusive>
   no
  </exclusive>
  <sporty>
   no
  </sporty>
 </clothing>
 <clothing>
  <id>
   676584647
  </id>
  <name>
   DC Socks P-3281
  </name>
  <category>
   Socks
  </category>
  <size>
   L
  </size>
  <color>
   Фиолетовый
  </color>
  <material>
   Кожа
  </material>
  <price>
   601090
  </price>
  <rating>
   1.19
  </rating>
  <reviews>
   819349
  </reviews>
  <new>
   +
  </new>
  <exclusive>
   no
  </exclusive>
  <sporty>
   no
  </sporty>
 </clothing>
 <clothing>
  <id>
   630861004
  </id>
  <name>
   Asics Hat O-6978
  </name>
  <category>
   Hat
  </category>
  <size>
   M
  </size>
  <color>
   Фиолетовый
  </color>
  <material>
   Вискоза
  </material>
  <price>
   561803
  </price>
  <rating>
   4.37
  </rating>
  <reviews>
   107269
  </reviews>
  <new>
   -
  </new>
  <exclusive>
   yes
  </exclusive>
  <sporty>
   no
  </sporty>
 </clothing>
 <clothing>
  <id>
   844971028
  </id>
  <name>
   Ellesse Skirt V-8502
  </name>
  <category>
   Skirt
  </category>
  <size>
   L
  </size>
  <color>
   Фиолетовый
  </color>
  <material>
   Хлопок
  </material>
  <price>
   484972
  </price>
  <rating>
   2.22
  </rating>
  <reviews>
   82585
  </reviews>
  <new>
   +
  </new>
 </clothing>
 <clothing>
  <id>
   649467751
  </id>
  <name>
   DC Gloves B-2234
  </name>
  <category>
   Gloves
  </category>
  <size>
   S
  </size>
  <color>
   Голубой
  </color>
  <material>
   Хлопок
  </material>
  <price>
   102030
  </price>
  <rating>
   4.4
  </rating>
  <reviews>
   802465
  </reviews>
  <sporty>
   yes
  </sporty>
 </clothing>
 <clothing>
  <id>
   279570792
  </id>
  <name>
   Under Armour T-shirt Q-6056
  </name>
  <category>
   T-shirt
  </category>
  <size>
   S
  </size>
  <color>
   Зеленый
  </color>
  <material>
   Хлопок
  </material>
  <price>
   142936
  </price>
  <rating>
   1.9
  </rating>
  <reviews>
   940573
  </reviews>
  <exclusive>
   no
  </exclusive>
  <sporty>
   yes
  </sporty>
 </clothing>
 <clothing>
  <id>
   635599123
  </id>
  <name>
   Adidas Dress Q-9363
  </name>
  <category>
   Dress
  </category>
  <size>
   L
  </size>
  <color>
   Красный
  </color>
  <material>
   Лен
  </material>
  <price>
   127991
  </price>
  <rating>
   3.34
  </rating>
  <reviews>
   368921
  </reviews>
  <new>
   +
  </new>
  <exclusive>
   no
  </exclusive>
  <sporty>
   yes
  </sporty>
 </clothing>
 <clothing>
  <id>
   979439447
  </id>
  <name>
   Vans Belts N-3833
  </name>
  <category>
   Belts
  </category>
  <size>
   L
  </size>
  <color>
   Красный
  </color>
  <material>
   Нейлон
  </material>
  <price>
   334350
  </price>
  <rating>
   4.75
  </rating>
  <reviews>
   231785
  </reviews>
  <exclusive>
   no
  </exclusive>
  <sporty>
   no
  </sporty>
 </clothing>
 <clothing>
  <id>
   657339913
  </id>
  <name>
   Vans Socks D-9742
  </name>
  <category>
   Socks
  </category>
  <size>
   M
  </size>
  <color>
   Голубой
  </color>
  <material>
   Шерсть
  </material>
  <price>
   520990
  </price>
  <rating>
   2.13
  </rating>
  <reviews>
   631310
  </reviews>
  <new>
   -
  </new>
  <sporty>
   no
  </sporty>
 </clothing>
 <clothing>
  <id>
   574981706
  </id>
  <name>
   Under Armour Handbags B-9721
  </name>
  <category>
   Handbags
  </category>
  <size>
   L
  </size>
  <color>
   Зеленый
  </color>
  <material>
   Вискоза
  </material>
  <price>
   126848
  </price>
  <rating>
   1.68
  </rating>
  <reviews>
   330819
  </reviews>
  <sporty>
   no
  </sporty>
 </clothing>
 <clothing>
  <id>
   249613468
  </id>
  <name>
   Fila Blouse F-8996
  </name>
  <category>
   Blouse
  </category>
  <size>
   L
  </size>
  <color>
   Зеленый
  </color>
  <material>
   Шерсть
  </material>
  <price>
   919512
  </price>
  <rating>
   2.72
  </rating>
  <reviews>
   526716
  </reviews>
  <new>
   -
  </new>
  <exclusive>
   yes
  </exclusive>
 </clothing>
 <clothing>
  <id>
   397370282
  </id>
  <name>
   Reebok Umbrellas W-2689
  </name>
  <category>
   Umbrellas
  </category>
  <size>
   XXL
  </size>
  <color>
   Голубой
  </color>
  <material>
   Лен
  </material>
  <price>
   924921
  </price>
  <rating>
   1.23
  </rating>
  <reviews>
   86479
  </reviews>
  <new>
   -
  </new>
  <exclusive>
   no
  </exclusive>
  <sporty>
   no
  </sporty>
 </clothing>
 <clothing>
  <id>
   744399453
  </id>
  <name>
   Nike Socks A-1317
  </name>
  <category>
   Socks
  </category>
  <size>
   XL
  </size>
  <color>
   Фиолетовый
  </color>
  <material>
   Вискоза
  </material>
  <price>
   655835
  </price>
  <rating>
   1.2
  </rating>
  <reviews>
   843262
  </reviews>
  <new>
   -
  </new>
  <exclusive>
   no
  </exclusive>
 </clothing>
 <clothing>
  <id>
   596895929
  </id>
  <name>
   New Balance Shoes B-3815
  </name>
  <category>
   Shoes
  </category>
  <size>
   S
  </size>
  <color>
   Оранжевый
  </color>
  <material>
   Шерсть
  </material>
  <price>
   367946
  </price>
  <rating>
   4.63
  </rating>
  <reviews>
   774973
  </reviews>
  <new>
   +
  </new>
  <exclusive>
   no
  </exclusive>
  <sporty>
   yes
  </sporty>
 </clothing>
</clothing-items>
