<?xml version="1.0" encoding="utf-8"?>
<clothing-items>
 <clothing>
  <id>
   618577286
  </id>
  <name>
   PleinSport Hat R-8740
  </name>
  <category>
   Hat
  </category>
  <size>
   L
  </size>
  <color>
   Оранжевый
  </color>
  <material>
   Хлопок
  </material>
  <price>
   841864
  </price>
  <rating>
   3.58
  </rating>
  <reviews>
   909608
  </reviews>
  <new>
   -
  </new>
  <exclusive>
   yes
  </exclusive>
  <sporty>
   yes
  </sporty>
 </clothing>
 <clothing>
  <id>
   690681196
  </id>
  <name>
   Converse Pants K-5327
  </name>
  <category>
   Pants
  </category>
  <size>
   L
  </size>
  <color>
   Красный
  </color>
  <material>
   Кожа
  </material>
  <price>
   127738
  </price>
  <rating>
   3.73
  </rating>
  <reviews>
   675954
  </reviews>
  <new>
   +
  </new>
 </clothing>
 <clothing>
  <id>
   119358704
  </id>
  <name>
   New Balance Handbags U-9579
  </name>
  <category>
   Handbags
  </category>
  <size>
   L
  </size>
  <color>
   Голубой
  </color>
  <material>
   Шерсть
  </material>
  <price>
   176180
  </price>
  <rating>
   4.98
  </rating>
  <reviews>
   13016
  </reviews>
  <new>
   -
  </new>
  <exclusive>
   yes
  </exclusive>
  <sporty>
   no
  </sporty>
 </clothing>
 <clothing>
  <id>
   438702387
  </id>
  <name>
   Addidas Belts P-2167
  </name>
  <category>
   Belts
  </category>
  <size>
   L
  </size>
  <color>
   Зеленый
  </color>
  <material>
   Шелк
  </material>
  <price>
   281851
  </price>
  <rating>
   4.62
  </rating>
  <reviews>
   752154
  </reviews>
  <exclusive>
   no
  </exclusive>
 </clothing>
 <clothing>
  <id>
   784092438
  </id>
  <name>
   Reebok Socks M-4506
  </name>
  <category>
   Socks
  </category>
  <size>
   XXL
  </size>
  <color>
   Фиолетовый
  </color>
  <material>
   Вискоза
  </material>
  <price>
   694750
  </price>
  <rating>
   4.03
  </rating>
  <reviews>
   523728
  </reviews>
  <sporty>
   yes
  </sporty>
 </clothing>
 <clothing>
  <id>
   232189575
  </id>
  <name>
   Asics Sweater D-5614
  </name>
  <category>
   Sweater
  </category>
  <size>
   S
  </size>
  <color>
   Фиолетовый
  </color>
  <material>
   Шелк
  </material>
  <price>
   731493
  </price>
  <rating>
   2.36
  </rating>
  <reviews>
   23590
  </reviews>
  <exclusive>
   no
  </exclusive>
  <sporty>
   no
  </sporty>
 </clothing>
 <clothing>
  <id>
   166550715
  </id>
  <name>
   Lacoste Jacket H-7519
  </name>
  <category>
   Jacket
  </category>
  <size>
   S
  </size>
  <color>
   Синий
  </color>
  <material>
   Полиэстер
  </material>
  <price>
   783295
  </price>
  <rating>
   3.5
  </rating>
  <reviews>
   215388
  </reviews>
  <new>
   +
  </new>
  <exclusive>
   no
  </exclusive>
  <sporty>
   no
  </sporty>
 </clothing>
 <clothing>
  <id>
   354523949
  </id>
  <name>
   Converse Belts V-6338
  </name>
  <category>
   Belts
  </category>
  <size>
   L
  </size>
  <color>
   Фиолетовый
  </color>
  <material>
   Кожа
  </material>
  <price>
   438666
  </price>
  <rating>
   3.57
  </rating>
  <reviews>
   419694
  </reviews>
  <sporty>
   yes
  </sporty>
 </clothing>
 <clothing>
  <id>
   495837900
  </id>
  <name>
   DC Hat T-8524
  </name>
  <category>
   Hat
  </category>
  <size>
   XXL
  </size>
  <color>
   Фиолетовый
  </color>
  <material>
   Шерсть
  </material>
  <price>
   946739
  </price>
  <rating>
   4.72
  </rating>
  <reviews>
   360843
  </reviews>
  <new>
   -
  </new>
  <exclusive>
   yes
  </exclusive>
 </clothing>
 <clothing>
  <id>
   648798852
  </id>
  <name>
   Reebok Pants B-8264
  </name>
  <category>
   Pants
  </category>
  <size>
   L
  </size>
  <color>
   Голубой
  </color>
  <material>
   Нейлон
  </material>
  <price>
   575991
  </price>
  <rating>
   2.61
  </rating>
  <reviews>
   906516
  </reviews>
  <new>
   +
  </new>
  <sporty>
   no
  </sporty>
 </clothing>
 <clothing>
  <id>
   830260085
  </id>
  <name>
   Fila Shoes C-3840
  </name>
  <category>
   Shoes
  </category>
  <size>
   XL
  </size>
  <color>
   Зеленый
  </color>
  <material>
   Кожа
  </material>
  <price>
   414653
  </price>
  <rating>
   2.44
  </rating>
  <reviews>
   641326
  </reviews>
  <new>
   -
  </new>
  <exclusive>
   no
  </exclusive>
 </clothing>
 <clothing>
  <id>
   979129761
  </id>
  <name>
   Ellesse Sweater C-1567
  </name>
  <category>
   Sweater
  </category>
  <size>
   XL
  </size>
  <color>
   Синий
  </color>
  <material>
   Полиэстер
  </material>
  <price>
   395453
  </price>
  <rating>
   2.51
  </rating>
  <reviews>
   811964
  </reviews>
  <new>
   -
  </new>
 </clothing>
 <clothing>
  <id>
   259036410
  </id>
  <name>
   Brooks Shirt H-2203
  </name>
  <category>
   Shirt
  </category>
  <size>
   M
  </size>
  <color>
   Зеленый
  </color>
  <material>
   Вискоза
  </material>
  <price>
   710231
  </price>
  <rating>
   1.88
  </rating>
  <reviews>
   808173
  </reviews>
  <new>
   -
  </new>
 </clothing>
 <clothing>
  <id>
   627471962
  </id>
  <name>
   Reebok Umbrellas Q-2994
  </name>
  <category>
   Umbrellas
  </category>
  <size>
   M
  </size>
  <color>
   Зеленый
  </color>
  <material>
   Шелк
  </material>
  <price>
   697718
  </price>
  <rating>
   3.09
  </rating>
  <reviews>
   409571
  </reviews>
  <new>
   -
  </new>
  <exclusive>
   yes
  </exclusive>
  <sporty>
   yes
  </sporty>
 </clothing>
</clothing-items>
