<?xml version="1.0" encoding="utf-8"?>
<clothing-items>
 <clothing>
  <id>
   775064506
  </id>
  <name>
   Addidas Gloves H-1671
  </name>
  <category>
   Gloves
  </category>
  <size>
   L
  </size>
  <color>
   Оранжевый
  </color>
  <material>
   Шерсть
  </material>
  <price>
   111125
  </price>
  <rating>
   1.1
  </rating>
  <reviews>
   345553
  </reviews>
  <new>
   -
  </new>
  <sporty>
   yes
  </sporty>
 </clothing>
 <clothing>
  <id>
   586304596
  </id>
  <name>
   Under Armour Hat S-3167
  </name>
  <category>
   Hat
  </category>
  <size>
   XL
  </size>
  <color>
   Голубой
  </color>
  <material>
   Вискоза
  </material>
  <price>
   914355
  </price>
  <rating>
   2.36
  </rating>
  <reviews>
   994418
  </reviews>
  <exclusive>
   no
  </exclusive>
 </clothing>
 <clothing>
  <id>
   991755663
  </id>
  <name>
   Ellesse Socks G-2858
  </name>
  <category>
   Socks
  </category>
  <size>
   L
  </size>
  <color>
   Зеленый
  </color>
  <material>
   Кожа
  </material>
  <price>
   299206
  </price>
  <rating>
   4.75
  </rating>
  <reviews>
   683161
  </reviews>
  <sporty>
   yes
  </sporty>
 </clothing>
 <clothing>
  <id>
   142685252
  </id>
  <name>
   Converse T-shirt Y-7995
  </name>
  <category>
   T-shirt
  </category>
  <size>
   M
  </size>
  <color>
   Оранжевый
  </color>
  <material>
   Лен
  </material>
  <price>
   561229
  </price>
  <rating>
   2.44
  </rating>
  <reviews>
   377723
  </reviews>
  <new>
   +
  </new>
  <exclusive>
   no
  </exclusive>
  <sporty>
   no
  </sporty>
 </clothing>
 <clothing>
  <id>
   359272605
  </id>
  <name>
   Asics T-shirt R-3650
  </name>
  <category>
   T-shirt
  </category>
  <size>
   L
  </size>
  <color>
   Красный
  </color>
  <material>
   Кожа
  </material>
  <price>
   237844
  </price>
  <rating>
   4.04
  </rating>
  <reviews>
   440080
  </reviews>
  <exclusive>
   yes
  </exclusive>
  <sporty>
   no
  </sporty>
 </clothing>
 <clothing>
  <id>
   828279264
  </id>
  <name>
   DC Hat F-3141
  </name>
  <category>
   Hat
  </category>
  <size>
   L
  </size>
  <color>
   Фиолетовый
  </color>
  <material>
   Хлопок
  </material>
  <price>
   664077
  </price>
  <rating>
   3.55
  </rating>
  <reviews>
   282469
  </reviews>
  <new>
   +
  </new>
  <exclusive>
   yes
  </exclusive>
 </clothing>
 <clothing>
  <id>
   903866794
  </id>
  <name>
   Lacoste Hat O-2427
  </name>
  <category>
   Hat
  </category>
  <size>
   XXL
  </size>
  <color>
   Голубой
  </color>
  <material>
   Кожа
  </material>
  <price>
   255330
  </price>
  <rating>
   2.88
  </rating>
  <reviews>
   239603
  </reviews>
  <new>
   -
  </new>
  <exclusive>
   yes
  </exclusive>
  <sporty>
   yes
  </sporty>
 </clothing>
 <clothing>
  <id>
   351865143
  </id>
  <name>
   Asics Jeans W-6585
  </name>
  <category>
   Jeans
  </category>
  <size>
   L
  </size>
  <color>
   Зеленый
  </color>
  <material>
   Нейлон
  </material>
  <price>
   290566
  </price>
  <rating>
   3.01
  </rating>
  <reviews>
   945015
  </reviews>
  <new>
   +
  </new>
  <exclusive>
   yes
  </exclusive>
  <sporty>
   no
  </sporty>
 </clothing>
 <clothing>
  <id>
   307699887
  </id>
  <name>
   Nike Skirt Z-4096
  </name>
  <category>
   Skirt
  </category>
  <size>
   XL
  </size>
  <color>
   Синий
  </color>
  <material>
   Полиэстер
  </material>
  <price>
   683548
  </price>
  <rating>
   2.97
  </rating>
  <reviews>
   820480
  </reviews>
  <new>
   +
  </new>
  <exclusive>
   yes
  </exclusive>
  <sporty>
   yes
  </sporty>
 </clothing>
 <clothing>
  <id>
   437950441
  </id>
  <name>
   Addidas Hat D-4522
  </name>
  <category>
   Hat
  </category>
  <size>
   L
  </size>
  <color>
   Зеленый
  </color>
  <material>
   Хлопок
  </material>
  <price>
   517392
  </price>
  <rating>
   3.39
  </rating>
  <reviews>
   815348
  </reviews>
  <exclusive>
   yes
  </exclusive>
 </clothing>
 <clothing>
  <id>
   919910952
  </id>
  <name>
   Brooks Shirt N-2318
  </name>
  <category>
   Shirt
  </category>
  <size>
   L
  </size>
  <color>
   Желтый
  </color>
  <material>
   Шерсть
  </material>
  <price>
   402542
  </price>
  <rating>
   3.86
  </rating>
  <reviews>
   500658
  </reviews>
  <new>
   +
  </new>
 </clothing>
 <clothing>
  <id>
   571864767
  </id>
  <name>
   Brooks Handbags P-9279
  </name>
  <category>
   Handbags
  </category>
  <size>
   S
  </size>
  <color>
   Оранжевый
  </color>
  <material>
   Лен
  </material>
  <price>
   882678
  </price>
  <rating>
   4.38
  </rating>
  <reviews>
   192681
  </reviews>
  <new>
   -
  </new>
  <sporty>
   yes
  </sporty>
 </clothing>
 <clothing>
  <id>
   240965183
  </id>
  <name>
   Brooks Blouse F-2786
  </name>
  <category>
   Blouse
  </category>
  <size>
   L
  </size>
  <color>
   Синий
  </color>
  <material>
   Вискоза
  </material>
  <price>
   698901
  </price>
  <rating>
   4.01
  </rating>
  <reviews>
   954206
  </reviews>
  <sporty>
   yes
  </sporty>
 </clothing>
 <clothing>
  <id>
   619513979
  </id>
  <name>
   Converse Pants S-1538
  </name>
  <category>
   Pants
  </category>
  <size>
   XL
  </size>
  <color>
   Фиолетовый
  </color>
  <material>
   Нейлон
  </material>
  <price>
   355892
  </price>
  <rating>
   2.4
  </rating>
  <reviews>
   958840
  </reviews>
 </clothing>
 <clothing>
  <id>
   389337732
  </id>
  <name>
   Nike Hat N-1350
  </name>
  <category>
   Hat
  </category>
  <size>
   S
  </size>
  <color>
   Зеленый
  </color>
  <material>
   Нейлон
  </material>
  <price>
   596563
  </price>
  <rating>
   2.63
  </rating>
  <reviews>
   950213
  </reviews>
  <new>
   -
  </new>
 </clothing>
 <clothing>
  <id>
   568941841
  </id>
  <name>
   Brooks T-shirt B-5188
  </name>
  <category>
   T-shirt
  </category>
  <size>
   S
  </size>
  <color>
   Красный
  </color>
  <material>
   Полиэстер
  </material>
  <price>
   624225
  </price>
  <rating>
   4.18
  </rating>
  <reviews>
   352998
  </reviews>
  <new>
   +
  </new>
  <sporty>
   yes
  </sporty>
 </clothing>
 <clothing>
  <id>
   685435376
  </id>
  <name>
   Under Armour Dress U-3081
  </name>
  <category>
   Dress
  </category>
  <size>
   S
  </size>
  <color>
   Желтый
  </color>
  <material>
   Шерсть
  </material>
  <price>
   545593
  </price>
  <rating>
   4.22
  </rating>
  <reviews>
   706008
  </reviews>
  <sporty>
   yes
  </sporty>
 </clothing>
 <clothing>
  <id>
   321395582
  </id>
  <name>
   Lacoste Pants V-1216
  </name>
  <category>
   Pants
  </category>
  <size>
   XL
  </size>
  <color>
   Красный
  </color>
  <material>
   Кожа
  </material>
  <price>
   343459
  </price>
  <rating>
   3.88
  </rating>
  <reviews>
   486071
  </reviews>
  <sporty>
   yes
  </sporty>
 </clothing>
 <clothing>
  <id>
   747277304
  </id>
  <name>
   Vans Skirt M-5871
  </name>
  <category>
   Skirt
  </category>
  <size>
   L
  </size>
  <color>
   Синий
  </color>
  <material>
   Кожа
  </material>
  <price>
   117491
  </price>
  <rating>
   3.3
  </rating>
  <reviews>
   103876
  </reviews>
  <exclusive>
   yes
  </exclusive>
  <sporty>
   no
  </sporty>
 </clothing>
 <clothing>
  <id>
   157781245
  </id>
  <name>
   Lacoste Belts T-3239
  </name>
  <category>
   Belts
  </category>
  <size>
   M
  </size>
  <color>
   Фиолетовый
  </color>
  <material>
   Нейлон
  </material>
  <price>
   392141
  </price>
  <rating>
   4.82
  </rating>
  <reviews>
   642429
  </reviews>
 </clothing>
 <clothing>
  <id>
   502729314
  </id>
  <name>
   Nike Sweater T-5658
  </name>
  <category>
   Sweater
  </category>
  <size>
   S
  </size>
  <color>
   Голубой
  </color>
  <material>
   Вискоза
  </material>
  <price>
   956977
  </price>
  <rating>
   3.26
  </rating>
  <reviews>
   324177
  </reviews>
  <exclusive>
   no
  </exclusive>
  <sporty>
   yes
  </sporty>
 </clothing>
 <clothing>
  <id>
   682098683
  </id>
  <name>
   Ellesse Gloves F-2323
  </name>
  <category>
   Gloves
  </category>
  <size>
   M
  </size>
  <color>
   Голубой
  </color>
  <material>
   Хлопок
  </material>
  <price>
   671376
  </price>
  <rating>
   1.28
  </rating>
  <reviews>
   207423
  </reviews>
  <new>
   +
  </new>
  <exclusive>
   no
  </exclusive>
 </clothing>
 <clothing>
  <id>
   322956666
  </id>
  <name>
   Under Armour Blouse E-8421
  </name>
  <category>
   Blouse
  </category>
  <size>
   XXL
  </size>
  <color>
   Оранжевый
  </color>
  <material>
   Полиэстер
  </material>
  <price>
   143312
  </price>
  <rating>
   4.67
  </rating>
  <reviews>
   604570
  </reviews>
  <new>
   -
  </new>
  <exclusive>
   no
  </exclusive>
 </clothing>
 <clothing>
  <id>
   506280722
  </id>
  <name>
   Asics Hat B-5276
  </name>
  <category>
   Hat
  </category>
  <size>
   M
  </size>
  <color>
   Зеленый
  </color>
  <material>
   Шерсть
  </material>
  <price>
   260600
  </price>
  <rating>
   4.09
  </rating>
  <reviews>
   55217
  </reviews>
  <exclusive>
   yes
  </exclusive>
 </clothing>
 <clothing>
  <id>
   528988176
  </id>
  <name>
   Fila Skirt B-3650
  </name>
  <category>
   Skirt
  </category>
  <size>
   S
  </size>
  <color>
   Голубой
  </color>
  <material>
   Шелк
  </material>
  <price>
   459565
  </price>
  <rating>
   1.94
  </rating>
  <reviews>
   247575
  </reviews>
  <new>
   -
  </new>
 </clothing>
 <clothing>
  <id>
   610743712
  </id>
  <name>
   Adidas Hat Y-4914
  </name>
  <category>
   Hat
  </category>
  <size>
   XL
  </size>
  <color>
   Голубой
  </color>
  <material>
   Полиэстер
  </material>
  <price>
   619446
  </price>
  <rating>
   1.69
  </rating>
  <reviews>
   489966
  </reviews>
  <new>
   -
  </new>
  <sporty>
   no
  </sporty>
 </clothing>
 <clothing>
  <id>
   534886103
  </id>
  <name>
   Lacoste Umbrellas Y-9088
  </name>
  <category>
   Umbrellas
  </category>
  <size>
   S
  </size>
  <color>
   Синий
  </color>
  <material>
   Вискоза
  </material>
  <price>
   728834
  </price>
  <rating>
   4.83
  </rating>
  <reviews>
   460595
  </reviews>
  <exclusive>
   yes
  </exclusive>
 </clothing>
 <clothing>
  <id>
   165488523
  </id>
  <name>
   Fila Umbrellas U-5446
  </name>
  <category>
   Umbrellas
  </category>
  <size>
   M
  </size>
  <color>
   Голубой
  </color>
  <material>
   Лен
  </material>
  <price>
   942416
  </price>
  <rating>
   2.11
  </rating>
  <reviews>
   809449
  </reviews>
  <new>
   -
  </new>
  <sporty>
   yes
  </sporty>
 </clothing>
 <clothing>
  <id>
   190234455
  </id>
  <name>
   Ellesse Pants K-1276
  </name>
  <category>
   Pants
  </category>
  <size>
   XXL
  </size>
  <color>
   Голубой
  </color>
  <material>
   Хлопок
  </material>
  <price>
   615525
  </price>
  <rating>
   2.06
  </rating>
  <reviews>
   383764
  </reviews>
  <new>
   +
  </new>
  <sporty>
   no
  </sporty>
 </clothing>
 <clothing>
  <id>
   837611732
  </id>
  <name>
   Puma Belts V-2644
  </name>
  <category>
   Belts
  </category>
  <size>
   XXL
  </size>
  <color>
   Оранжевый
  </color>
  <material>
   Шелк
  </material>
  <price>
   834137
  </price>
  <rating>
   3.64
  </rating>
  <reviews>
   902895
  </reviews>
  <exclusive>
   no
  </exclusive>
 </clothing>
 <clothing>
  <id>
   676802470
  </id>
  <name>
   Under Armour Gloves J-6496
  </name>
  <category>
   Gloves
  </category>
  <size>
   M
  </size>
  <color>
   Оранжевый
  </color>
  <material>
   Вискоза
  </material>
  <price>
   735171
  </price>
  <rating>
   4.23
  </rating>
  <reviews>
   620812
  </reviews>
  <new>
   -
  </new>
  <exclusive>
   no
  </exclusive>
  <sporty>
   yes
  </sporty>
 </clothing>
 <clothing>
  <id>
   862767734
  </id>
  <name>
   Lacoste Jeans K-2141
  </name>
  <category>
   Jeans
  </category>
  <size>
   XXL
  </size>
  <color>
   Желтый
  </color>
  <material>
   Вискоза
  </material>
  <price>
   623876
  </price>
  <rating>
   2.16
  </rating>
  <reviews>
   22462
  </reviews>
  <new>
   -
  </new>
 </clothing>
 <clothing>
  <id>
   794675721
  </id>
  <name>
   Asics Hat L-6201
  </name>
  <category>
   Hat
  </category>
  <size>
   XXL
  </size>
  <color>
   Синий
  </color>
  <material>
   Шерсть
  </material>
  <price>
   306638
  </price>
  <rating>
   1.04
  </rating>
  <reviews>
   941152
  </reviews>
  <new>
   -
  </new>
  <exclusive>
   yes
  </exclusive>
 </clothing>
 <clothing>
  <id>
   642503501
  </id>
  <name>
   Reebok Pants W-4329
  </name>
  <category>
   Pants
  </category>
  <size>
   XL
  </size>
  <color>
   Красный
  </color>
  <material>
   Кожа
  </material>
  <price>
   904108
  </price>
  <rating>
   3.61
  </rating>
  <reviews>
   399177
  </reviews>
  <new>
   -
  </new>
  <exclusive>
   no
  </exclusive>
  <sporty>
   no
  </sporty>
 </clothing>
</clothing-items>
