<?xml version="1.0" encoding="utf-8"?>
<clothing-items>
 <clothing>
  <id>
   282452848
  </id>
  <name>
   Lacoste Shoes L-3225
  </name>
  <category>
   Shoes
  </category>
  <size>
   L
  </size>
  <color>
   Фиолетовый
  </color>
  <material>
   Лен
  </material>
  <price>
   170962
  </price>
  <rating>
   3.2
  </rating>
  <reviews>
   943043
  </reviews>
  <exclusive>
   no
  </exclusive>
 </clothing>
 <clothing>
  <id>
   566140106
  </id>
  <name>
   Ellesse Socks X-4289
  </name>
  <category>
   Socks
  </category>
  <size>
   M
  </size>
  <color>
   Оранжевый
  </color>
  <material>
   Кожа
  </material>
  <price>
   955897
  </price>
  <rating>
   2.04
  </rating>
  <reviews>
   602907
  </reviews>
  <new>
   +
  </new>
  <exclusive>
   no
  </exclusive>
  <sporty>
   no
  </sporty>
 </clothing>
 <clothing>
  <id>
   656249590
  </id>
  <name>
   New Balance Hat G-3382
  </name>
  <category>
   Hat
  </category>
  <size>
   M
  </size>
  <color>
   Синий
  </color>
  <material>
   Шерсть
  </material>
  <price>
   191144
  </price>
  <rating>
   4.93
  </rating>
  <reviews>
   45696
  </reviews>
  <new>
   -
  </new>
  <sporty>
   yes
  </sporty>
 </clothing>
 <clothing>
  <id>
   598388408
  </id>
  <name>
   Converse Shoes J-8206
  </name>
  <category>
   Shoes
  </category>
  <size>
   L
  </size>
  <color>
   Голубой
  </color>
  <material>
   Хлопок
  </material>
  <price>
   796909
  </price>
  <rating>
   4.52
  </rating>
  <reviews>
   421784
  </reviews>
 </clothing>
 <clothing>
  <id>
   879611574
  </id>
  <name>
   New Balance Jacket N-4799
  </name>
  <category>
   Jacket
  </category>
  <size>
   XL
  </size>
  <color>
   Оранжевый
  </color>
  <material>
   Кожа
  </material>
  <price>
   766370
  </price>
  <rating>
   4.89
  </rating>
  <reviews>
   946162
  </reviews>
  <exclusive>
   no
  </exclusive>
 </clothing>
 <clothing>
  <id>
   274898669
  </id>
  <name>
   Under Armour Umbrellas H-5768
  </name>
  <category>
   Umbrellas
  </category>
  <size>
   XL
  </size>
  <color>
   Синий
  </color>
  <material>
   Кожа
  </material>
  <price>
   569338
  </price>
  <rating>
   1.77
  </rating>
  <reviews>
   774471
  </reviews>
  <exclusive>
   no
  </exclusive>
  <sporty>
   no
  </sporty>
 </clothing>
 <clothing>
  <id>
   232748025
  </id>
  <name>
   Brooks Gloves B-1148
  </name>
  <category>
   Gloves
  </category>
  <size>
   XL
  </size>
  <color>
   Оранжевый
  </color>
  <material>
   Лен
  </material>
  <price>
   334662
  </price>
  <rating>
   4.14
  </rating>
  <reviews>
   510570
  </reviews>
  <exclusive>
   yes
  </exclusive>
 </clothing>
 <clothing>
  <id>
   620158354
  </id>
  <name>
   Fila Blouse U-4122
  </name>
  <category>
   Blouse
  </category>
  <size>
   L
  </size>
  <color>
   Голубой
  </color>
  <material>
   Нейлон
  </material>
  <price>
   106419
  </price>
  <rating>
   4.29
  </rating>
  <reviews>
   148552
  </reviews>
  <new>
   +
  </new>
  <exclusive>
   yes
  </exclusive>
  <sporty>
   no
  </sporty>
 </clothing>
 <clothing>
  <id>
   117033680
  </id>
  <name>
   Under Armour Sweater V-5423
  </name>
  <category>
   Sweater
  </category>
  <size>
   XXL
  </size>
  <color>
   Желтый
  </color>
  <material>
   Лен
  </material>
  <price>
   663726
  </price>
  <rating>
   3.58
  </rating>
  <reviews>
   573476
  </reviews>
  <exclusive>
   no
  </exclusive>
 </clothing>
 <clothing>
  <id>
   944324131
  </id>
  <name>
   Under Armour Hat E-3746
  </name>
  <category>
   Hat
  </category>
  <size>
   XL
  </size>
  <color>
   Оранжевый
  </color>
  <material>
   Вискоза
  </material>
  <price>
   136745
  </price>
  <rating>
   4.37
  </rating>
  <reviews>
   306500
  </reviews>
  <exclusive>
   no
  </exclusive>
 </clothing>
 <clothing>
  <id>
   554101048
  </id>
  <name>
   Brooks Sweater O-4984
  </name>
  <category>
   Sweater
  </category>
  <size>
   S
  </size>
  <color>
   Зеленый
  </color>
  <material>
   Кожа
  </material>
  <price>
   230659
  </price>
  <rating>
   4.09
  </rating>
  <reviews>
   812949
  </reviews>
 </clothing>
 <clothing>
  <id>
   667645515
  </id>
  <name>
   Puma Socks R-3984
  </name>
  <category>
   Socks
  </category>
  <size>
   XL
  </size>
  <color>
   Зеленый
  </color>
  <material>
   Шелк
  </material>
  <price>
   857136
  </price>
  <rating>
   2.18
  </rating>
  <reviews>
   721911
  </reviews>
  <exclusive>
   yes
  </exclusive>
 </clothing>
 <clothing>
  <id>
   615746138
  </id>
  <name>
   Addidas Jeans F-1298
  </name>
  <category>
   Jeans
  </category>
  <size>
   XXL
  </size>
  <color>
   Фиолетовый
  </color>
  <material>
   Лен
  </material>
  <price>
   458052
  </price>
  <rating>
   3.8
  </rating>
  <reviews>
   85784
  </reviews>
  <exclusive>
   no
  </exclusive>
  <sporty>
   no
  </sporty>
 </clothing>
 <clothing>
  <id>
   724774223
  </id>
  <name>
   Lacoste Handbags G-7864
  </name>
  <category>
   Handbags
  </category>
  <size>
   L
  </size>
  <color>
   Желтый
  </color>
  <material>
   Нейлон
  </material>
  <price>
   414240
  </price>
  <rating>
   4.97
  </rating>
  <reviews>
   182199
  </reviews>
  <sporty>
   no
  </sporty>
 </clothing>
 <clothing>
  <id>
   931769410
  </id>
  <name>
   PleinSport Handbags U-6863
  </name>
  <category>
   Handbags
  </category>
  <size>
   M
  </size>
  <color>
   Желтый
  </color>
  <material>
   Кожа
  </material>
  <price>
   258746
  </price>
  <rating>
   4.77
  </rating>
  <reviews>
   423046
  </reviews>
  <exclusive>
   yes
  </exclusive>
  <sporty>
   no
  </sporty>
 </clothing>
 <clothing>
  <id>
   554469069
  </id>
  <name>
   Addidas Belts D-9975
  </name>
  <category>
   Belts
  </category>
  <size>
   XXL
  </size>
  <color>
   Синий
  </color>
  <material>
   Хлопок
  </material>
  <price>
   539842
  </price>
  <rating>
   1.26
  </rating>
  <reviews>
   742683
  </reviews>
 </clothing>
 <clothing>
  <id>
   598812216
  </id>
  <name>
   Addidas Skirt D-4992
  </name>
  <category>
   Skirt
  </category>
  <size>
   M
  </size>
  <color>
   Оранжевый
  </color>
  <material>
   Шелк
  </material>
  <price>
   904560
  </price>
  <rating>
   1.88
  </rating>
  <reviews>
   26202
  </reviews>
  <new>
   +
  </new>
  <exclusive>
   no
  </exclusive>
  <sporty>
   no
  </sporty>
 </clothing>
 <clothing>
  <id>
   869547969
  </id>
  <name>
   Reebok T-shirt A-1786
  </name>
  <category>
   T-shirt
  </category>
  <size>
   XL
  </size>
  <color>
   Голубой
  </color>
  <material>
   Хлопок
  </material>
  <price>
   648808
  </price>
  <rating>
   3.88
  </rating>
  <reviews>
   291903
  </reviews>
  <new>
   +
  </new>
  <exclusive>
   no
  </exclusive>
  <sporty>
   no
  </sporty>
 </clothing>
 <clothing>
  <id>
   377353346
  </id>
  <name>
   Puma Belts G-8669
  </name>
  <category>
   Belts
  </category>
  <size>
   L
  </size>
  <color>
   Фиолетовый
  </color>
  <material>
   Шерсть
  </material>
  <price>
   215035
  </price>
  <rating>
   2.83
  </rating>
  <reviews>
   911488
  </reviews>
  <new>
   +
  </new>
  <sporty>
   no
  </sporty>
 </clothing>
 <clothing>
  <id>
   511695465
  </id>
  <name>
   Adidas Shirt H-2246
  </name>
  <category>
   Shirt
  </category>
  <size>
   XXL
  </size>
  <color>
   Синий
  </color>
  <material>
   Хлопок
  </material>
  <price>
   344112
  </price>
  <rating>
   2.62
  </rating>
  <reviews>
   968929
  </reviews>
  <sporty>
   no
  </sporty>
 </clothing>
 <clothing>
  <id>
   789796027
  </id>
  <name>
   Fila Sweater X-1173
  </name>
  <category>
   Sweater
  </category>
  <size>
   L
  </size>
  <color>
   Фиолетовый
  </color>
  <material>
   Кожа
  </material>
  <price>
   206532
  </price>
  <rating>
   2.21
  </rating>
  <reviews>
   692585
  </reviews>
  <new>
   +
  </new>
 </clothing>
 <clothing>
  <id>
   666407172
  </id>
  <name>
   Asics Sweater N-5429
  </name>
  <category>
   Sweater
  </category>
  <size>
   M
  </size>
  <color>
   Синий
  </color>
  <material>
   Кожа
  </material>
  <price>
   869446
  </price>
  <rating>
   3.76
  </rating>
  <reviews>
   26588
  </reviews>
  <new>
   +
  </new>
 </clothing>
 <clothing>
  <id>
   612629150
  </id>
  <name>
   Adidas Sweater X-1623
  </name>
  <category>
   Sweater
  </category>
  <size>
   M
  </size>
  <color>
   Синий
  </color>
  <material>
   Нейлон
  </material>
  <price>
   451648
  </price>
  <rating>
   2.28
  </rating>
  <reviews>
   83478
  </reviews>
  <exclusive>
   yes
  </exclusive>
  <sporty>
   no
  </sporty>
 </clothing>
 <clothing>
  <id>
   215782369
  </id>
  <name>
   Vans Blouse V-3664
  </name>
  <category>
   Blouse
  </category>
  <size>
   S
  </size>
  <color>
   Зеленый
  </color>
  <material>
   Хлопок
  </material>
  <price>
   533178
  </price>
  <rating>
   1.28
  </rating>
  <reviews>
   956590
  </reviews>
  <new>
   +
  </new>
  <exclusive>
   no
  </exclusive>
 </clothing>
 <clothing>
  <id>
   613853623
  </id>
  <name>
   Asics Dress P-4586
  </name>
  <category>
   Dress
  </category>
  <size>
   L
  </size>
  <color>
   Желтый
  </color>
  <material>
   Хлопок
  </material>
  <price>
   620175
  </price>
  <rating>
   2.22
  </rating>
  <reviews>
   981345
  </reviews>
 </clothing>
 <clothing>
  <id>
   905111372
  </id>
  <name>
   Brooks Sweater C-8028
  </name>
  <category>
   Sweater
  </category>
  <size>
   XXL
  </size>
  <color>
   Желтый
  </color>
  <material>
   Хлопок
  </material>
  <price>
   323411
  </price>
  <rating>
   3.4
  </rating>
  <reviews>
   35906
  </reviews>
  <exclusive>
   yes
  </exclusive>
  <sporty>
   yes
  </sporty>
 </clothing>
 <clothing>
  <id>
   515258921
  </id>
  <name>
   New Balance Pants W-2613
  </name>
  <category>
   Pants
  </category>
  <size>
   M
  </size>
  <color>
   Фиолетовый
  </color>
  <material>
   Кожа
  </material>
  <price>
   607036
  </price>
  <rating>
   2.01
  </rating>
  <reviews>
   842297
  </reviews>
  <new>
   +
  </new>
  <exclusive>
   no
  </exclusive>
 </clothing>
 <clothing>
  <id>
   935793104
  </id>
  <name>
   Converse Gloves Q-2997
  </name>
  <category>
   Gloves
  </category>
  <size>
   XL
  </size>
  <color>
   Оранжевый
  </color>
  <material>
   Лен
  </material>
  <price>
   887188
  </price>
  <rating>
   3.43
  </rating>
  <reviews>
   957122
  </reviews>
  <new>
   -
  </new>
  <exclusive>
   no
  </exclusive>
 </clothing>
 <clothing>
  <id>
   466848552
  </id>
  <name>
   Addidas T-shirt P-6305
  </name>
  <category>
   T-shirt
  </category>
  <size>
   L
  </size>
  <color>
   Голубой
  </color>
  <material>
   Шелк
  </material>
  <price>
   849727
  </price>
  <rating>
   1.4
  </rating>
  <reviews>
   35293
  </reviews>
  <sporty>
   no
  </sporty>
 </clothing>
 <clothing>
  <id>
   762091035
  </id>
  <name>
   Lacoste Belts Z-3859
  </name>
  <category>
   Belts
  </category>
  <size>
   XXL
  </size>
  <color>
   Красный
  </color>
  <material>
   Нейлон
  </material>
  <price>
   355247
  </price>
  <rating>
   1.96
  </rating>
  <reviews>
   932795
  </reviews>
  <exclusive>
   no
  </exclusive>
  <sporty>
   yes
  </sporty>
 </clothing>
 <clothing>
  <id>
   566083608
  </id>
  <name>
   DC Belts M-9942
  </name>
  <category>
   Belts
  </category>
  <size>
   XL
  </size>
  <color>
   Красный
  </color>
  <material>
   Нейлон
  </material>
  <price>
   866078
  </price>
  <rating>
   4.5
  </rating>
  <reviews>
   642759
  </reviews>
  <exclusive>
   yes
  </exclusive>
  <sporty>
   no
  </sporty>
 </clothing>
 <clothing>
  <id>
   589326386
  </id>
  <name>
   Puma Dress R-3742
  </name>
  <category>
   Dress
  </category>
  <size>
   L
  </size>
  <color>
   Красный
  </color>
  <material>
   Лен
  </material>
  <price>
   222066
  </price>
  <rating>
   1.27
  </rating>
  <reviews>
   944731
  </reviews>
  <new>
   -
  </new>
  <exclusive>
   no
  </exclusive>
  <sporty>
   no
  </sporty>
 </clothing>
 <clothing>
  <id>
   558120345
  </id>
  <name>
   Converse Jacket K-1894
  </name>
  <category>
   Jacket
  </category>
  <size>
   S
  </size>
  <color>
   Фиолетовый
  </color>
  <material>
   Лен
  </material>
  <price>
   865522
  </price>
  <rating>
   2.21
  </rating>
  <reviews>
   670451
  </reviews>
  <new>
   +
  </new>
  <exclusive>
   yes
  </exclusive>
 </clothing>
 <clothing>
  <id>
   903943801
  </id>
  <name>
   Under Armour Jacket Z-6745
  </name>
  <category>
   Jacket
  </category>
  <size>
   M
  </size>
  <color>
   Зеленый
  </color>
  <material>
   Вискоза
  </material>
  <price>
   851665
  </price>
  <rating>
   3.4
  </rating>
  <reviews>
   938538
  </reviews>
  <exclusive>
   no
  </exclusive>
 </clothing>
 <clothing>
  <id>
   660257478
  </id>
  <name>
   Nike Shoes E-3165
  </name>
  <category>
   Shoes
  </category>
  <size>
   XXL
  </size>
  <color>
   Голубой
  </color>
  <material>
   Шерсть
  </material>
  <price>
   387912
  </price>
  <rating>
   4.25
  </rating>
  <reviews>
   804551
  </reviews>
  <new>
   +
  </new>
  <exclusive>
   no
  </exclusive>
 </clothing>
 <clothing>
  <id>
   417825145
  </id>
  <name>
   Puma Gloves D-5443
  </name>
  <category>
   Gloves
  </category>
  <size>
   XL
  </size>
  <color>
   Оранжевый
  </color>
  <material>
   Нейлон
  </material>
  <price>
   824183
  </price>
  <rating>
   1.63
  </rating>
  <reviews>
   727775
  </reviews>
  <sporty>
   no
  </sporty>
 </clothing>
 <clothing>
  <id>
   795804748
  </id>
  <name>
   Under Armour Jeans K-4268
  </name>
  <category>
   Jeans
  </category>
  <size>
   XXL
  </size>
  <color>
   Голубой
  </color>
  <material>
   Полиэстер
  </material>
  <price>
   360116
  </price>
  <rating>
   3.28
  </rating>
  <reviews>
   450579
  </reviews>
  <sporty>
   no
  </sporty>
 </clothing>
 <clothing>
  <id>
   310582029
  </id>
  <name>
   Vans Belts I-2464
  </name>
  <category>
   Belts
  </category>
  <size>
   L
  </size>
  <color>
   Синий
  </color>
  <material>
   Хлопок
  </material>
  <price>
   914121
  </price>
  <rating>
   4.4
  </rating>
  <reviews>
   826339
  </reviews>
 </clothing>
 <clothing>
  <id>
   156032579
  </id>
  <name>
   Ellesse Sweater L-3710
  </name>
  <category>
   Sweater
  </category>
  <size>
   XXL
  </size>
  <color>
   Красный
  </color>
  <material>
   Шелк
  </material>
  <price>
   733890
  </price>
  <rating>
   2.39
  </rating>
  <reviews>
   518627
  </reviews>
 </clothing>
 <clothing>
  <id>
   840708219
  </id>
  <name>
   Lacoste Umbrellas F-5295
  </name>
  <category>
   Umbrellas
  </category>
  <size>
   S
  </size>
  <color>
   Оранжевый
  </color>
  <material>
   Кожа
  </material>
  <price>
   714039
  </price>
  <rating>
   2.47
  </rating>
  <reviews>
   200318
  </reviews>
  <new>
   -
  </new>
  <exclusive>
   no
  </exclusive>
  <sporty>
   no
  </sporty>
 </clothing>
 <clothing>
  <id>
   261865467
  </id>
  <name>
   Asics Sweater Q-2656
  </name>
  <category>
   Sweater
  </category>
  <size>
   XL
  </size>
  <color>
   Красный
  </color>
  <material>
   Шелк
  </material>
  <price>
   387735
  </price>
  <rating>
   1.59
  </rating>
  <reviews>
   413272
  </reviews>
  <new>
   -
  </new>
  <sporty>
   no
  </sporty>
 </clothing>
 <clothing>
  <id>
   501146625
  </id>
  <name>
   DC Hat Q-4299
  </name>
  <category>
   Hat
  </category>
  <size>
   XXL
  </size>
  <color>
   Желтый
  </color>
  <material>
   Шелк
  </material>
  <price>
   533071
  </price>
  <rating>
   1.01
  </rating>
  <reviews>
   479570
  </reviews>
  <exclusive>
   no
  </exclusive>
 </clothing>
 <clothing>
  <id>
   613446190
  </id>
  <name>
   Asics Jeans Q-3138
  </name>
  <category>
   Jeans
  </category>
  <size>
   M
  </size>
  <color>
   Зеленый
  </color>
  <material>
   Шелк
  </material>
  <price>
   630341
  </price>
  <rating>
   1.21
  </rating>
  <reviews>
   144956
  </reviews>
  <new>
   +
  </new>
  <exclusive>
   no
  </exclusive>
  <sporty>
   no
  </sporty>
 </clothing>
</clothing-items>
