<?xml version="1.0" encoding="utf-8"?>
<clothing-items>
 <clothing>
  <id>
   692699913
  </id>
  <name>
   Fila Jeans G-1223
  </name>
  <category>
   Jeans
  </category>
  <size>
   S
  </size>
  <color>
   Фиолетовый
  </color>
  <material>
   Нейлон
  </material>
  <price>
   924934
  </price>
  <rating>
   2.77
  </rating>
  <reviews>
   88104
  </reviews>
  <new>
   +
  </new>
  <exclusive>
   no
  </exclusive>
  <sporty>
   no
  </sporty>
 </clothing>
 <clothing>
  <id>
   524861689
  </id>
  <name>
   Fila Pants J-3316
  </name>
  <category>
   Pants
  </category>
  <size>
   M
  </size>
  <color>
   Голубой
  </color>
  <material>
   Хлопок
  </material>
  <price>
   157086
  </price>
  <rating>
   2.89
  </rating>
  <reviews>
   918668
  </reviews>
  <sporty>
   yes
  </sporty>
 </clothing>
 <clothing>
  <id>
   343487452
  </id>
  <name>
   Brooks Blouse Y-8992
  </name>
  <category>
   Blouse
  </category>
  <size>
   XXL
  </size>
  <color>
   Красный
  </color>
  <material>
   Хлопок
  </material>
  <price>
   194592
  </price>
  <rating>
   1.6
  </rating>
  <reviews>
   462061
  </reviews>
  <new>
   -
  </new>
  <exclusive>
   no
  </exclusive>
  <sporty>
   no
  </sporty>
 </clothing>
 <clothing>
  <id>
   210225922
  </id>
  <name>
   PleinSport Socks O-2265
  </name>
  <category>
   Socks
  </category>
  <size>
   L
  </size>
  <color>
   Оранжевый
  </color>
  <material>
   Вискоза
  </material>
  <price>
   316021
  </price>
  <rating>
   1.9
  </rating>
  <reviews>
   45793
  </reviews>
  <exclusive>
   yes
  </exclusive>
  <sporty>
   no
  </sporty>
 </clothing>
 <clothing>
  <id>
   166012516
  </id>
  <name>
   Under Armour Umbrellas H-5733
  </name>
  <category>
   Umbrellas
  </category>
  <size>
   M
  </size>
  <color>
   Оранжевый
  </color>
  <material>
   Кожа
  </material>
  <price>
   967584
  </price>
  <rating>
   4.8
  </rating>
  <reviews>
   397323
  </reviews>
  <new>
   +
  </new>
  <sporty>
   yes
  </sporty>
 </clothing>
 <clothing>
  <id>
   723854467
  </id>
  <name>
   Addidas Hat O-6190
  </name>
  <category>
   Hat
  </category>
  <size>
   XXL
  </size>
  <color>
   Синий
  </color>
  <material>
   Лен
  </material>
  <price>
   239251
  </price>
  <rating>
   4.6
  </rating>
  <reviews>
   296126
  </reviews>
  <new>
   -
  </new>
  <exclusive>
   no
  </exclusive>
  <sporty>
   yes
  </sporty>
 </clothing>
 <clothing>
  <id>
   561479578
  </id>
  <name>
   Addidas Gloves O-5113
  </name>
  <category>
   Gloves
  </category>
  <size>
   XL
  </size>
  <color>
   Оранжевый
  </color>
  <material>
   Хлопок
  </material>
  <price>
   376233
  </price>
  <rating>
   1.7
  </rating>
  <reviews>
   181423
  </reviews>
  <new>
   -
  </new>
  <exclusive>
   no
  </exclusive>
  <sporty>
   no
  </sporty>
 </clothing>
 <clothing>
  <id>
   263157520
  </id>
  <name>
   Reebok Handbags H-7219
  </name>
  <category>
   Handbags
  </category>
  <size>
   XXL
  </size>
  <color>
   Желтый
  </color>
  <material>
   Вискоза
  </material>
  <price>
   254591
  </price>
  <rating>
   1.77
  </rating>
  <reviews>
   794363
  </reviews>
  <new>
   +
  </new>
  <exclusive>
   yes
  </exclusive>
 </clothing>
 <clothing>
  <id>
   371117032
  </id>
  <name>
   Vans Shirt D-6699
  </name>
  <category>
   Shirt
  </category>
  <size>
   M
  </size>
  <color>
   Зеленый
  </color>
  <material>
   Полиэстер
  </material>
  <price>
   355462
  </price>
  <rating>
   1.04
  </rating>
  <reviews>
   708696
  </reviews>
  <exclusive>
   no
  </exclusive>
  <sporty>
   yes
  </sporty>
 </clothing>
 <clothing>
  <id>
   437527263
  </id>
  <name>
   Addidas Umbrellas S-3238
  </name>
  <category>
   Umbrellas
  </category>
  <size>
   XXL
  </size>
  <color>
   Красный
  </color>
  <material>
   Кожа
  </material>
  <price>
   400977
  </price>
  <rating>
   4.37
  </rating>
  <reviews>
   438373
  </reviews>
  <new>
   -
  </new>
  <sporty>
   no
  </sporty>
 </clothing>
 <clothing>
  <id>
   684869275
  </id>
  <name>
   Fila Dress U-7965
  </name>
  <category>
   Dress
  </category>
  <size>
   XXL
  </size>
  <color>
   Синий
  </color>
  <material>
   Вискоза
  </material>
  <price>
   482853
  </price>
  <rating>
   2.64
  </rating>
  <reviews>
   691382
  </reviews>
  <exclusive>
   no
  </exclusive>
  <sporty>
   no
  </sporty>
 </clothing>
 <clothing>
  <id>
   787575830
  </id>
  <name>
   Lacoste Shoes S-8707
  </name>
  <category>
   Shoes
  </category>
  <size>
   XXL
  </size>
  <color>
   Голубой
  </color>
  <material>
   Кожа
  </material>
  <price>
   314772
  </price>
  <rating>
   3.63
  </rating>
  <reviews>
   498194
  </reviews>
  <exclusive>
   yes
  </exclusive>
  <sporty>
   yes
  </sporty>
 </clothing>
 <clothing>
  <id>
   215515682
  </id>
  <name>
   Reebok Shirt W-5412
  </name>
  <category>
   Shirt
  </category>
  <size>
   XXL
  </size>
  <color>
   Голубой
  </color>
  <material>
   Нейлон
  </material>
  <price>
   769527
  </price>
  <rating>
   2.1
  </rating>
  <reviews>
   293453
  </reviews>
  <new>
   -
  </new>
  <exclusive>
   no
  </exclusive>
 </clothing>
 <clothing>
  <id>
   801903099
  </id>
  <name>
   DC Hat A-7295
  </name>
  <category>
   Hat
  </category>
  <size>
   XL
  </size>
  <color>
   Фиолетовый
  </color>
  <material>
   Шелк
  </material>
  <price>
   673614
  </price>
  <rating>
   3.17
  </rating>
  <reviews>
   635852
  </reviews>
  <new>
   -
  </new>
  <exclusive>
   yes
  </exclusive>
  <sporty>
   yes
  </sporty>
 </clothing>
 <clothing>
  <id>
   177323749
  </id>
  <name>
   Addidas Umbrellas I-6501
  </name>
  <category>
   Umbrellas
  </category>
  <size>
   M
  </size>
  <color>
   Фиолетовый
  </color>
  <material>
   Лен
  </material>
  <price>
   848849
  </price>
  <rating>
   1.21
  </rating>
  <reviews>
   10024
  </reviews>
  <new>
   -
  </new>
  <exclusive>
   no
  </exclusive>
  <sporty>
   no
  </sporty>
 </clothing>
 <clothing>
  <id>
   283699784
  </id>
  <name>
   Ellesse Dress J-6480
  </name>
  <category>
   Dress
  </category>
  <size>
   S
  </size>
  <color>
   Красный
  </color>
  <material>
   Хлопок
  </material>
  <price>
   868111
  </price>
  <rating>
   3.86
  </rating>
  <reviews>
   513594
  </reviews>
  <exclusive>
   yes
  </exclusive>
  <sporty>
   yes
  </sporty>
 </clothing>
 <clothing>
  <id>
   434496694
  </id>
  <name>
   PleinSport Dress E-7682
  </name>
  <category>
   Dress
  </category>
  <size>
   M
  </size>
  <color>
   Зеленый
  </color>
  <material>
   Полиэстер
  </material>
  <price>
   543453
  </price>
  <rating>
   4.84
  </rating>
  <reviews>
   414520
  </reviews>
  <new>
   -
  </new>
  <sporty>
   yes
  </sporty>
 </clothing>
 <clothing>
  <id>
   793304429
  </id>
  <name>
   Vans Hat I-9566
  </name>
  <category>
   Hat
  </category>
  <size>
   XL
  </size>
  <color>
   Синий
  </color>
  <material>
   Хлопок
  </material>
  <price>
   998897
  </price>
  <rating>
   1.37
  </rating>
  <reviews>
   438168
  </reviews>
  <new>
   -
  </new>
  <exclusive>
   yes
  </exclusive>
 </clothing>
 <clothing>
  <id>
   242480754
  </id>
  <name>
   Asics Skirt K-8596
  </name>
  <category>
   Skirt
  </category>
  <size>
   XL
  </size>
  <color>
   Синий
  </color>
  <material>
   Вискоза
  </material>
  <price>
   875988
  </price>
  <rating>
   4.72
  </rating>
  <reviews>
   895810
  </reviews>
  <new>
   -
  </new>
  <exclusive>
   yes
  </exclusive>
 </clothing>
 <clothing>
  <id>
   156637145
  </id>
  <name>
   Lacoste T-shirt G-1026
  </name>
  <category>
   T-shirt
  </category>
  <size>
   L
  </size>
  <color>
   Желтый
  </color>
  <material>
   Шерсть
  </material>
  <price>
   229712
  </price>
  <rating>
   2.91
  </rating>
  <reviews>
   136014
  </reviews>
  <new>
   +
  </new>
  <exclusive>
   no
  </exclusive>
  <sporty>
   no
  </sporty>
 </clothing>
 <clothing>
  <id>
   326775843
  </id>
  <name>
   Brooks Blouse P-2019
  </name>
  <category>
   Blouse
  </category>
  <size>
   XL
  </size>
  <color>
   Синий
  </color>
  <material>
   Нейлон
  </material>
  <price>
   595288
  </price>
  <rating>
   2.16
  </rating>
  <reviews>
   969040
  </reviews>
  <new>
   +
  </new>
  <exclusive>
   no
  </exclusive>
  <sporty>
   yes
  </sporty>
 </clothing>
 <clothing>
  <id>
   616762317
  </id>
  <name>
   Addidas Jeans M-7564
  </name>
  <category>
   Jeans
  </category>
  <size>
   M
  </size>
  <color>
   Желтый
  </color>
  <material>
   Полиэстер
  </material>
  <price>
   192277
  </price>
  <rating>
   3.92
  </rating>
  <reviews>
   368385
  </reviews>
  <exclusive>
   yes
  </exclusive>
  <sporty>
   yes
  </sporty>
 </clothing>
 <clothing>
  <id>
   544645983
  </id>
  <name>
   Nike Shirt U-1414
  </name>
  <category>
   Shirt
  </category>
  <size>
   XXL
  </size>
  <color>
   Синий
  </color>
  <material>
   Лен
  </material>
  <price>
   430955
  </price>
  <rating>
   3.07
  </rating>
  <reviews>
   396852
  </reviews>
  <new>
   -
  </new>
  <exclusive>
   no
  </exclusive>
  <sporty>
   no
  </sporty>
 </clothing>
 <clothing>
  <id>
   792286225
  </id>
  <name>
   Nike Blouse O-7561
  </name>
  <category>
   Blouse
  </category>
  <size>
   XL
  </size>
  <color>
   Желтый
  </color>
  <material>
   Нейлон
  </material>
  <price>
   858754
  </price>
  <rating>
   4.18
  </rating>
  <reviews>
   176895
  </reviews>
  <new>
   -
  </new>
  <exclusive>
   no
  </exclusive>
 </clothing>
 <clothing>
  <id>
   450869349
  </id>
  <name>
   Asics Shoes R-6282
  </name>
  <category>
   Shoes
  </category>
  <size>
   XL
  </size>
  <color>
   Желтый
  </color>
  <material>
   Лен
  </material>
  <price>
   440285
  </price>
  <rating>
   2.67
  </rating>
  <reviews>
   132225
  </reviews>
  <new>
   -
  </new>
  <exclusive>
   yes
  </exclusive>
 </clothing>
 <clothing>
  <id>
   856467708
  </id>
  <name>
   New Balance Pants W-3148
  </name>
  <category>
   Pants
  </category>
  <size>
   XXL
  </size>
  <color>
   Желтый
  </color>
  <material>
   Шерсть
  </material>
  <price>
   473671
  </price>
  <rating>
   4.13
  </rating>
  <reviews>
   979234
  </reviews>
  <new>
   -
  </new>
 </clothing>
 <clothing>
  <id>
   683105836
  </id>
  <name>
   Brooks Blouse N-5199
  </name>
  <category>
   Blouse
  </category>
  <size>
   M
  </size>
  <color>
   Красный
  </color>
  <material>
   Кожа
  </material>
  <price>
   347055
  </price>
  <rating>
   4.97
  </rating>
  <reviews>
   443256
  </reviews>
  <new>
   -
  </new>
  <exclusive>
   no
  </exclusive>
 </clothing>
 <clothing>
  <id>
   197174950
  </id>
  <name>
   Under Armour Handbags R-8434
  </name>
  <category>
   Handbags
  </category>
  <size>
   L
  </size>
  <color>
   Синий
  </color>
  <material>
   Нейлон
  </material>
  <price>
   681387
  </price>
  <rating>
   3.15
  </rating>
  <reviews>
   551610
  </reviews>
  <new>
   +
  </new>
 </clothing>
 <clothing>
  <id>
   382045446
  </id>
  <name>
   Addidas Skirt G-7076
  </name>
  <category>
   Skirt
  </category>
  <size>
   L
  </size>
  <color>
   Синий
  </color>
  <material>
   Шерсть
  </material>
  <price>
   383024
  </price>
  <rating>
   3.75
  </rating>
  <reviews>
   175458
  </reviews>
  <new>
   +
  </new>
  <exclusive>
   no
  </exclusive>
  <sporty>
   yes
  </sporty>
 </clothing>
 <clothing>
  <id>
   444738277
  </id>
  <name>
   Fila Blouse A-7440
  </name>
  <category>
   Blouse
  </category>
  <size>
   XXL
  </size>
  <color>
   Красный
  </color>
  <material>
   Нейлон
  </material>
  <price>
   983571
  </price>
  <rating>
   3.11
  </rating>
  <reviews>
   18985
  </reviews>
  <sporty>
   yes
  </sporty>
 </clothing>
 <clothing>
  <id>
   850256699
  </id>
  <name>
   Nike Skirt I-5030
  </name>
  <category>
   Skirt
  </category>
  <size>
   XL
  </size>
  <color>
   Красный
  </color>
  <material>
   Лен
  </material>
  <price>
   493646
  </price>
  <rating>
   2.36
  </rating>
  <reviews>
   955781
  </reviews>
  <new>
   -
  </new>
  <exclusive>
   no
  </exclusive>
  <sporty>
   no
  </sporty>
 </clothing>
 <clothing>
  <id>
   896209124
  </id>
  <name>
   DC Dress A-5108
  </name>
  <category>
   Dress
  </category>
  <size>
   XL
  </size>
  <color>
   Фиолетовый
  </color>
  <material>
   Шелк
  </material>
  <price>
   494229
  </price>
  <rating>
   3.86
  </rating>
  <reviews>
   115842
  </reviews>
  <new>
   -
  </new>
  <exclusive>
   no
  </exclusive>
  <sporty>
   yes
  </sporty>
 </clothing>
 <clothing>
  <id>
   465432843
  </id>
  <name>
   Puma Socks B-9351
  </name>
  <category>
   Socks
  </category>
  <size>
   XL
  </size>
  <color>
   Желтый
  </color>
  <material>
   Хлопок
  </material>
  <price>
   115948
  </price>
  <rating>
   1.59
  </rating>
  <reviews>
   245534
  </reviews>
  <exclusive>
   no
  </exclusive>
  <sporty>
   yes
  </sporty>
 </clothing>
 <clothing>
  <id>
   310797243
  </id>
  <name>
   Ellesse Shirt Q-3378
  </name>
  <category>
   Shirt
  </category>
  <size>
   L
  </size>
  <color>
   Фиолетовый
  </color>
  <material>
   Вискоза
  </material>
  <price>
   572320
  </price>
  <rating>
   2.69
  </rating>
  <reviews>
   661788
  </reviews>
  <exclusive>
   yes
  </exclusive>
  <sporty>
   no
  </sporty>
 </clothing>
 <clothing>
  <id>
   848247026
  </id>
  <name>
   New Balance Jeans C-7523
  </name>
  <category>
   Jeans
  </category>
  <size>
   XXL
  </size>
  <color>
   Красный
  </color>
  <material>
   Полиэстер
  </material>
  <price>
   696127
  </price>
  <rating>
   3.33
  </rating>
  <reviews>
   154002
  </reviews>
  <new>
   -
  </new>
  <exclusive>
   no
  </exclusive>
  <sporty>
   no
  </sporty>
 </clothing>
 <clothing>
  <id>
   641018974
  </id>
  <name>
   Asics Dress T-5951
  </name>
  <category>
   Dress
  </category>
  <size>
   M
  </size>
  <color>
   Фиолетовый
  </color>
  <material>
   Кожа
  </material>
  <price>
   125356
  </price>
  <rating>
   2.88
  </rating>
  <reviews>
   352825
  </reviews>
  <new>
   +
  </new>
  <exclusive>
   yes
  </exclusive>
  <sporty>
   no
  </sporty>
 </clothing>
 <clothing>
  <id>
   341787782
  </id>
  <name>
   Nike Shoes L-8107
  </name>
  <category>
   Shoes
  </category>
  <size>
   S
  </size>
  <color>
   Зеленый
  </color>
  <material>
   Хлопок
  </material>
  <price>
   404535
  </price>
  <rating>
   3.68
  </rating>
  <reviews>
   95019
  </reviews>
  <sporty>
   yes
  </sporty>
 </clothing>
 <clothing>
  <id>
   723641210
  </id>
  <name>
   Ellesse Gloves G-5577
  </name>
  <category>
   Gloves
  </category>
  <size>
   S
  </size>
  <color>
   Синий
  </color>
  <material>
   Кожа
  </material>
  <price>
   101735
  </price>
  <rating>
   3.9
  </rating>
  <reviews>
   590865
  </reviews>
  <exclusive>
   yes
  </exclusive>
  <sporty>
   yes
  </sporty>
 </clothing>
 <clothing>
  <id>
   597114151
  </id>
  <name>
   Brooks Pants R-7110
  </name>
  <category>
   Pants
  </category>
  <size>
   S
  </size>
  <color>
   Голубой
  </color>
  <material>
   Хлопок
  </material>
  <price>
   347923
  </price>
  <rating>
   3.17
  </rating>
  <reviews>
   640255
  </reviews>
  <sporty>
   yes
  </sporty>
 </clothing>
 <clothing>
  <id>
   764449346
  </id>
  <name>
   PleinSport Gloves M-5715
  </name>
  <category>
   Gloves
  </category>
  <size>
   XXL
  </size>
  <color>
   Фиолетовый
  </color>
  <material>
   Хлопок
  </material>
  <price>
   620571
  </price>
  <rating>
   4.31
  </rating>
  <reviews>
   364214
  </reviews>
  <new>
   -
  </new>
 </clothing>
 <clothing>
  <id>
   776696496
  </id>
  <name>
   PleinSport T-shirt D-9990
  </name>
  <category>
   T-shirt
  </category>
  <size>
   S
  </size>
  <color>
   Фиолетовый
  </color>
  <material>
   Шелк
  </material>
  <price>
   152294
  </price>
  <rating>
   1.62
  </rating>
  <reviews>
   664647
  </reviews>
  <exclusive>
   yes
  </exclusive>
  <sporty>
   no
  </sporty>
 </clothing>
 <clothing>
  <id>
   788880624
  </id>
  <name>
   Brooks Pants K-1280
  </name>
  <category>
   Pants
  </category>
  <size>
   XXL
  </size>
  <color>
   Оранжевый
  </color>
  <material>
   Хлопок
  </material>
  <price>
   409785
  </price>
  <rating>
   3.51
  </rating>
  <reviews>
   705509
  </reviews>
  <new>
   -
  </new>
  <exclusive>
   no
  </exclusive>
  <sporty>
   no
  </sporty>
 </clothing>
</clothing-items>
