<?xml version="1.0" encoding="utf-8"?>
<clothing-items>
 <clothing>
  <id>
   707817547
  </id>
  <name>
   Reebok Jacket I-8557
  </name>
  <category>
   Jacket
  </category>
  <size>
   L
  </size>
  <color>
   Фиолетовый
  </color>
  <material>
   Вискоза
  </material>
  <price>
   225545
  </price>
  <rating>
   1.19
  </rating>
  <reviews>
   432523
  </reviews>
  <sporty>
   no
  </sporty>
 </clothing>
 <clothing>
  <id>
   959168557
  </id>
  <name>
   DC Blouse H-8378
  </name>
  <category>
   Blouse
  </category>
  <size>
   L
  </size>
  <color>
   Фиолетовый
  </color>
  <material>
   Полиэстер
  </material>
  <price>
   129274
  </price>
  <rating>
   4.37
  </rating>
  <reviews>
   904847
  </reviews>
  <new>
   -
  </new>
  <exclusive>
   yes
  </exclusive>
  <sporty>
   no
  </sporty>
 </clothing>
 <clothing>
  <id>
   846741028
  </id>
  <name>
   DC Pants S-9190
  </name>
  <category>
   Pants
  </category>
  <size>
   XXL
  </size>
  <color>
   Синий
  </color>
  <material>
   Вискоза
  </material>
  <price>
   540975
  </price>
  <rating>
   2.77
  </rating>
  <reviews>
   979963
  </reviews>
  <new>
   +
  </new>
 </clothing>
 <clothing>
  <id>
   907779244
  </id>
  <name>
   DC Blouse L-6003
  </name>
  <category>
   Blouse
  </category>
  <size>
   S
  </size>
  <color>
   Оранжевый
  </color>
  <material>
   Шелк
  </material>
  <price>
   235471
  </price>
  <rating>
   3.91
  </rating>
  <reviews>
   25308
  </reviews>
  <exclusive>
   yes
  </exclusive>
  <sporty>
   yes
  </sporty>
 </clothing>
 <clothing>
  <id>
   979045326
  </id>
  <name>
   Puma Jeans C-2422
  </name>
  <category>
   Jeans
  </category>
  <size>
   M
  </size>
  <color>
   Оранжевый
  </color>
  <material>
   Лен
  </material>
  <price>
   364851
  </price>
  <rating>
   1.25
  </rating>
  <reviews>
   383074
  </reviews>
  <new>
   -
  </new>
  <sporty>
   no
  </sporty>
 </clothing>
 <clothing>
  <id>
   505619774
  </id>
  <name>
   Ellesse Belts V-8678
  </name>
  <category>
   Belts
  </category>
  <size>
   M
  </size>
  <color>
   Желтый
  </color>
  <material>
   Шелк
  </material>
  <price>
   304721
  </price>
  <rating>
   2.11
  </rating>
  <reviews>
   489275
  </reviews>
  <new>
   -
  </new>
  <exclusive>
   no
  </exclusive>
 </clothing>
 <clothing>
  <id>
   403363721
  </id>
  <name>
   Asics Jeans Z-5594
  </name>
  <category>
   Jeans
  </category>
  <size>
   M
  </size>
  <color>
   Фиолетовый
  </color>
  <material>
   Шелк
  </material>
  <price>
   818187
  </price>
  <rating>
   2.57
  </rating>
  <reviews>
   719449
  </reviews>
  <new>
   -
  </new>
  <exclusive>
   no
  </exclusive>
 </clothing>
 <clothing>
  <id>
   591411119
  </id>
  <name>
   Addidas Pants D-2938
  </name>
  <category>
   Pants
  </category>
  <size>
   XL
  </size>
  <color>
   Красный
  </color>
  <material>
   Шелк
  </material>
  <price>
   958402
  </price>
  <rating>
   4.37
  </rating>
  <reviews>
   327116
  </reviews>
 </clothing>
 <clothing>
  <id>
   212503250
  </id>
  <name>
   PleinSport Skirt P-7471
  </name>
  <category>
   Skirt
  </category>
  <size>
   XXL
  </size>
  <color>
   Оранжевый
  </color>
  <material>
   Вискоза
  </material>
  <price>
   565279
  </price>
  <rating>
   3.01
  </rating>
  <reviews>
   284904
  </reviews>
  <new>
   -
  </new>
  <sporty>
   no
  </sporty>
 </clothing>
 <clothing>
  <id>
   290226390
  </id>
  <name>
   Under Armour Dress E-7451
  </name>
  <category>
   Dress
  </category>
  <size>
   S
  </size>
  <color>
   Оранжевый
  </color>
  <material>
   Кожа
  </material>
  <price>
   649107
  </price>
  <rating>
   4.51
  </rating>
  <reviews>
   253859
  </reviews>
  <new>
   +
  </new>
  <exclusive>
   yes
  </exclusive>
  <sporty>
   no
  </sporty>
 </clothing>
 <clothing>
  <id>
   420764893
  </id>
  <name>
   Asics Jacket H-2508
  </name>
  <category>
   Jacket
  </category>
  <size>
   XL
  </size>
  <color>
   Фиолетовый
  </color>
  <material>
   Шерсть
  </material>
  <price>
   327988
  </price>
  <rating>
   3.29
  </rating>
  <reviews>
   430880
  </reviews>
  <new>
   -
  </new>
  <sporty>
   no
  </sporty>
 </clothing>
 <clothing>
  <id>
   917364997
  </id>
  <name>
   Adidas Skirt E-8712
  </name>
  <category>
   Skirt
  </category>
  <size>
   L
  </size>
  <color>
   Желтый
  </color>
  <material>
   Полиэстер
  </material>
  <price>
   252823
  </price>
  <rating>
   1.02
  </rating>
  <reviews>
   805458
  </reviews>
  <new>
   +
  </new>
 </clothing>
 <clothing>
  <id>
   579987803
  </id>
  <name>
   Brooks Dress R-9603
  </name>
  <category>
   Dress
  </category>
  <size>
   M
  </size>
  <color>
   Зеленый
  </color>
  <material>
   Кожа
  </material>
  <price>
   174426
  </price>
  <rating>
   3.03
  </rating>
  <reviews>
   237384
  </reviews>
  <exclusive>
   yes
  </exclusive>
  <sporty>
   no
  </sporty>
 </clothing>
 <clothing>
  <id>
   692702003
  </id>
  <name>
   DC Umbrellas L-2488
  </name>
  <category>
   Umbrellas
  </category>
  <size>
   S
  </size>
  <color>
   Красный
  </color>
  <material>
   Лен
  </material>
  <price>
   935653
  </price>
  <rating>
   3.67
  </rating>
  <reviews>
   979770
  </reviews>
  <exclusive>
   no
  </exclusive>
 </clothing>
 <clothing>
  <id>
   711686821
  </id>
  <name>
   Ellesse Blouse B-5757
  </name>
  <category>
   Blouse
  </category>
  <size>
   M
  </size>
  <color>
   Желтый
  </color>
  <material>
   Вискоза
  </material>
  <price>
   813921
  </price>
  <rating>
   1.25
  </rating>
  <reviews>
   184888
  </reviews>
  <new>
   -
  </new>
  <sporty>
   no
  </sporty>
 </clothing>
 <clothing>
  <id>
   969723583
  </id>
  <name>
   DC Hat N-3133
  </name>
  <category>
   Hat
  </category>
  <size>
   S
  </size>
  <color>
   Зеленый
  </color>
  <material>
   Хлопок
  </material>
  <price>
   115029
  </price>
  <rating>
   2.02
  </rating>
  <reviews>
   842349
  </reviews>
  <exclusive>
   no
  </exclusive>
  <sporty>
   no
  </sporty>
 </clothing>
 <clothing>
  <id>
   549881913
  </id>
  <name>
   DC Umbrellas W-8784
  </name>
  <category>
   Umbrellas
  </category>
  <size>
   M
  </size>
  <color>
   Оранжевый
  </color>
  <material>
   Шелк
  </material>
  <price>
   384921
  </price>
  <rating>
   1.29
  </rating>
  <reviews>
   555415
  </reviews>
  <new>
   -
  </new>
  <sporty>
   no
  </sporty>
 </clothing>
 <clothing>
  <id>
   921846854
  </id>
  <name>
   Vans Shoes Q-3597
  </name>
  <category>
   Shoes
  </category>
  <size>
   M
  </size>
  <color>
   Голубой
  </color>
  <material>
   Хлопок
  </material>
  <price>
   225827
  </price>
  <rating>
   1.06
  </rating>
  <reviews>
   539712
  </reviews>
  <exclusive>
   no
  </exclusive>
 </clothing>
 <clothing>
  <id>
   636465407
  </id>
  <name>
   PleinSport Jacket Q-4479
  </name>
  <category>
   Jacket
  </category>
  <size>
   M
  </size>
  <color>
   Зеленый
  </color>
  <material>
   Хлопок
  </material>
  <price>
   897375
  </price>
  <rating>
   3.47
  </rating>
  <reviews>
   578016
  </reviews>
  <new>
   +
  </new>
  <exclusive>
   no
  </exclusive>
 </clothing>
 <clothing>
  <id>
   344923749
  </id>
  <name>
   DC Jeans Y-9481
  </name>
  <category>
   Jeans
  </category>
  <size>
   S
  </size>
  <color>
   Голубой
  </color>
  <material>
   Лен
  </material>
  <price>
   274772
  </price>
  <rating>
   3.81
  </rating>
  <reviews>
   661387
  </reviews>
  <new>
   -
  </new>
  <exclusive>
   no
  </exclusive>
  <sporty>
   yes
  </sporty>
 </clothing>
 <clothing>
  <id>
   383174067
  </id>
  <name>
   DC Sweater J-6757
  </name>
  <category>
   Sweater
  </category>
  <size>
   XL
  </size>
  <color>
   Синий
  </color>
  <material>
   Шелк
  </material>
  <price>
   464763
  </price>
  <rating>
   3.65
  </rating>
  <reviews>
   715749
  </reviews>
  <new>
   -
  </new>
  <exclusive>
   no
  </exclusive>
 </clothing>
 <clothing>
  <id>
   942703179
  </id>
  <name>
   Adidas Belts M-8441
  </name>
  <category>
   Belts
  </category>
  <size>
   S
  </size>
  <color>
   Фиолетовый
  </color>
  <material>
   Шелк
  </material>
  <price>
   590653
  </price>
  <rating>
   3.2
  </rating>
  <reviews>
   893546
  </reviews>
  <new>
   +
  </new>
  <exclusive>
   no
  </exclusive>
  <sporty>
   no
  </sporty>
 </clothing>
 <clothing>
  <id>
   450184342
  </id>
  <name>
   Puma T-shirt E-3502
  </name>
  <category>
   T-shirt
  </category>
  <size>
   XXL
  </size>
  <color>
   Голубой
  </color>
  <material>
   Лен
  </material>
  <price>
   339312
  </price>
  <rating>
   3.66
  </rating>
  <reviews>
   268052
  </reviews>
  <new>
   -
  </new>
 </clothing>
 <clothing>
  <id>
   997343643
  </id>
  <name>
   Puma Sweater W-7505
  </name>
  <category>
   Sweater
  </category>
  <size>
   M
  </size>
  <color>
   Фиолетовый
  </color>
  <material>
   Нейлон
  </material>
  <price>
   949270
  </price>
  <rating>
   4.22
  </rating>
  <reviews>
   235426
  </reviews>
  <new>
   +
  </new>
  <exclusive>
   no
  </exclusive>
  <sporty>
   no
  </sporty>
 </clothing>
 <clothing>
  <id>
   551275209
  </id>
  <name>
   Brooks Jacket N-3025
  </name>
  <category>
   Jacket
  </category>
  <size>
   XXL
  </size>
  <color>
   Синий
  </color>
  <material>
   Лен
  </material>
  <price>
   617731
  </price>
  <rating>
   1.11
  </rating>
  <reviews>
   829892
  </reviews>
  <exclusive>
   no
  </exclusive>
 </clothing>
 <clothing>
  <id>
   943151767
  </id>
  <name>
   Ellesse Skirt E-8609
  </name>
  <category>
   Skirt
  </category>
  <size>
   S
  </size>
  <color>
   Оранжевый
  </color>
  <material>
   Шерсть
  </material>
  <price>
   851367
  </price>
  <rating>
   4.75
  </rating>
  <reviews>
   604326
  </reviews>
  <new>
   +
  </new>
 </clothing>
 <clothing>
  <id>
   631715232
  </id>
  <name>
   Puma T-shirt K-1867
  </name>
  <category>
   T-shirt
  </category>
  <size>
   S
  </size>
  <color>
   Синий
  </color>
  <material>
   Кожа
  </material>
  <price>
   905596
  </price>
  <rating>
   3.13
  </rating>
  <reviews>
   842803
  </reviews>
  <new>
   -
  </new>
  <exclusive>
   no
  </exclusive>
  <sporty>
   no
  </sporty>
 </clothing>
 <clothing>
  <id>
   537688003
  </id>
  <name>
   PleinSport Umbrellas P-8007
  </name>
  <category>
   Umbrellas
  </category>
  <size>
   S
  </size>
  <color>
   Фиолетовый
  </color>
  <material>
   Нейлон
  </material>
  <price>
   733698
  </price>
  <rating>
   4.2
  </rating>
  <reviews>
   516927
  </reviews>
  <new>
   -
  </new>
  <exclusive>
   no
  </exclusive>
 </clothing>
 <clothing>
  <id>
   691911845
  </id>
  <name>
   Puma Gloves I-6881
  </name>
  <category>
   Gloves
  </category>
  <size>
   S
  </size>
  <color>
   Фиолетовый
  </color>
  <material>
   Хлопок
  </material>
  <price>
   196427
  </price>
  <rating>
   1.92
  </rating>
  <reviews>
   579741
  </reviews>
  <new>
   -
  </new>
  <exclusive>
   no
  </exclusive>
 </clothing>
 <clothing>
  <id>
   620582445
  </id>
  <name>
   Nike Hat E-4640
  </name>
  <category>
   Hat
  </category>
  <size>
   L
  </size>
  <color>
   Голубой
  </color>
  <material>
   Кожа
  </material>
  <price>
   846473
  </price>
  <rating>
   2.6
  </rating>
  <reviews>
   819968
  </reviews>
  <new>
   -
  </new>
  <exclusive>
   no
  </exclusive>
  <sporty>
   no
  </sporty>
 </clothing>
 <clothing>
  <id>
   778114669
  </id>
  <name>
   Brooks Shirt C-8667
  </name>
  <category>
   Shirt
  </category>
  <size>
   XXL
  </size>
  <color>
   Зеленый
  </color>
  <material>
   Кожа
  </material>
  <price>
   635879
  </price>
  <rating>
   4.28
  </rating>
  <reviews>
   658091
  </reviews>
  <new>
   -
  </new>
  <exclusive>
   no
  </exclusive>
  <sporty>
   no
  </sporty>
 </clothing>
 <clothing>
  <id>
   338397886
  </id>
  <name>
   Lacoste Handbags J-1002
  </name>
  <category>
   Handbags
  </category>
  <size>
   S
  </size>
  <color>
   Желтый
  </color>
  <material>
   Шерсть
  </material>
  <price>
   958397
  </price>
  <rating>
   2.94
  </rating>
  <reviews>
   512468
  </reviews>
  <new>
   -
  </new>
  <sporty>
   no
  </sporty>
 </clothing>
 <clothing>
  <id>
   223999799
  </id>
  <name>
   Nike Umbrellas N-1960
  </name>
  <category>
   Umbrellas
  </category>
  <size>
   XL
  </size>
  <color>
   Голубой
  </color>
  <material>
   Шелк
  </material>
  <price>
   848387
  </price>
  <rating>
   3.35
  </rating>
  <reviews>
   450576
  </reviews>
  <new>
   -
  </new>
  <exclusive>
   no
  </exclusive>
  <sporty>
   no
  </sporty>
 </clothing>
 <clothing>
  <id>
   436052850
  </id>
  <name>
   Lacoste Handbags P-4329
  </name>
  <category>
   Handbags
  </category>
  <size>
   M
  </size>
  <color>
   Зеленый
  </color>
  <material>
   Хлопок
  </material>
  <price>
   440886
  </price>
  <rating>
   2.54
  </rating>
  <reviews>
   484691
  </reviews>
 </clothing>
 <clothing>
  <id>
   525184933
  </id>
  <name>
   Lacoste Belts L-6888
  </name>
  <category>
   Belts
  </category>
  <size>
   L
  </size>
  <color>
   Красный
  </color>
  <material>
   Лен
  </material>
  <price>
   151833
  </price>
  <rating>
   3.33
  </rating>
  <reviews>
   729243
  </reviews>
  <new>
   -
  </new>
  <exclusive>
   no
  </exclusive>
  <sporty>
   yes
  </sporty>
 </clothing>
 <clothing>
  <id>
   109262885
  </id>
  <name>
   Brooks Blouse I-6869
  </name>
  <category>
   Blouse
  </category>
  <size>
   M
  </size>
  <color>
   Синий
  </color>
  <material>
   Кожа
  </material>
  <price>
   713025
  </price>
  <rating>
   3.35
  </rating>
  <reviews>
   796087
  </reviews>
  <new>
   +
  </new>
  <exclusive>
   no
  </exclusive>
  <sporty>
   yes
  </sporty>
 </clothing>
</clothing-items>
