<?xml version="1.0" encoding="utf-8"?>
<clothing-items>
 <clothing>
  <id>
   752851252
  </id>
  <name>
   Puma Belts U-3319
  </name>
  <category>
   Belts
  </category>
  <size>
   S
  </size>
  <color>
   Желтый
  </color>
  <material>
   Хлопок
  </material>
  <price>
   261425
  </price>
  <rating>
   4.64
  </rating>
  <reviews>
   103861
  </reviews>
  <sporty>
   no
  </sporty>
 </clothing>
 <clothing>
  <id>
   914448234
  </id>
  <name>
   Vans Shoes H-7777
  </name>
  <category>
   Shoes
  </category>
  <size>
   M
  </size>
  <color>
   Зеленый
  </color>
  <material>
   Шелк
  </material>
  <price>
   812956
  </price>
  <rating>
   4.6
  </rating>
  <reviews>
   764530
  </reviews>
  <exclusive>
   yes
  </exclusive>
  <sporty>
   no
  </sporty>
 </clothing>
 <clothing>
  <id>
   155697770
  </id>
  <name>
   DC T-shirt B-5274
  </name>
  <category>
   T-shirt
  </category>
  <size>
   M
  </size>
  <color>
   Желтый
  </color>
  <material>
   Нейлон
  </material>
  <price>
   881040
  </price>
  <rating>
   4.92
  </rating>
  <reviews>
   760257
  </reviews>
  <new>
   -
  </new>
  <exclusive>
   no
  </exclusive>
 </clothing>
 <clothing>
  <id>
   144173810
  </id>
  <name>
   Puma Handbags J-3754
  </name>
  <category>
   Handbags
  </category>
  <size>
   M
  </size>
  <color>
   Оранжевый
  </color>
  <material>
   Хлопок
  </material>
  <price>
   754384
  </price>
  <rating>
   4.03
  </rating>
  <reviews>
   484306
  </reviews>
  <exclusive>
   yes
  </exclusive>
 </clothing>
 <clothing>
  <id>
   288950601
  </id>
  <name>
   Puma T-shirt C-8723
  </name>
  <category>
   T-shirt
  </category>
  <size>
   M
  </size>
  <color>
   Зеленый
  </color>
  <material>
   Полиэстер
  </material>
  <price>
   508685
  </price>
  <rating>
   3.13
  </rating>
  <reviews>
   271167
  </reviews>
  <new>
   -
  </new>
  <sporty>
   no
  </sporty>
 </clothing>
 <clothing>
  <id>
   963117236
  </id>
  <name>
   Puma Shoes Z-4831
  </name>
  <category>
   Shoes
  </category>
  <size>
   XL
  </size>
  <color>
   Синий
  </color>
  <material>
   Шелк
  </material>
  <price>
   810268
  </price>
  <rating>
   1.94
  </rating>
  <reviews>
   491636
  </reviews>
  <exclusive>
   yes
  </exclusive>
  <sporty>
   yes
  </sporty>
 </clothing>
 <clothing>
  <id>
   689947315
  </id>
  <name>
   Reebok Socks Y-4421
  </name>
  <category>
   Socks
  </category>
  <size>
   S
  </size>
  <color>
   Голубой
  </color>
  <material>
   Шерсть
  </material>
  <price>
   407906
  </price>
  <rating>
   2.14
  </rating>
  <reviews>
   530797
  </reviews>
  <exclusive>
   yes
  </exclusive>
  <sporty>
   yes
  </sporty>
 </clothing>
 <clothing>
  <id>
   495531539
  </id>
  <name>
   Puma Umbrellas C-7800
  </name>
  <category>
   Umbrellas
  </category>
  <size>
   M
  </size>
  <color>
   Красный
  </color>
  <material>
   Полиэстер
  </material>
  <price>
   812322
  </price>
  <rating>
   1.22
  </rating>
  <reviews>
   231794
  </reviews>
  <new>
   -
  </new>
  <exclusive>
   yes
  </exclusive>
 </clothing>
 <clothing>
  <id>
   237361167
  </id>
  <name>
   Adidas Hat K-3498
  </name>
  <category>
   Hat
  </category>
  <size>
   XL
  </size>
  <color>
   Желтый
  </color>
  <material>
   Вискоза
  </material>
  <price>
   378716
  </price>
  <rating>
   4.33
  </rating>
  <reviews>
   745252
  </reviews>
  <new>
   -
  </new>
  <sporty>
   no
  </sporty>
 </clothing>
 <clothing>
  <id>
   210439800
  </id>
  <name>
   Ellesse Shoes K-4059
  </name>
  <category>
   Shoes
  </category>
  <size>
   S
  </size>
  <color>
   Зеленый
  </color>
  <material>
   Хлопок
  </material>
  <price>
   972214
  </price>
  <rating>
   4.63
  </rating>
  <reviews>
   768284
  </reviews>
  <new>
   -
  </new>
 </clothing>
 <clothing>
  <id>
   206109353
  </id>
  <name>
   Adidas Blouse J-2019
  </name>
  <category>
   Blouse
  </category>
  <size>
   L
  </size>
  <color>
   Фиолетовый
  </color>
  <material>
   Нейлон
  </material>
  <price>
   532589
  </price>
  <rating>
   4.15
  </rating>
  <reviews>
   954238
  </reviews>
  <new>
   -
  </new>
  <exclusive>
   yes
  </exclusive>
  <sporty>
   no
  </sporty>
 </clothing>
 <clothing>
  <id>
   326912571
  </id>
  <name>
   Asics Gloves Y-7960
  </name>
  <category>
   Gloves
  </category>
  <size>
   S
  </size>
  <color>
   Желтый
  </color>
  <material>
   Лен
  </material>
  <price>
   201622
  </price>
  <rating>
   1.4
  </rating>
  <reviews>
   465196
  </reviews>
  <new>
   -
  </new>
  <sporty>
   yes
  </sporty>
 </clothing>
 <clothing>
  <id>
   126145011
  </id>
  <name>
   Asics Jeans Y-4959
  </name>
  <category>
   Jeans
  </category>
  <size>
   S
  </size>
  <color>
   Оранжевый
  </color>
  <material>
   Вискоза
  </material>
  <price>
   517771
  </price>
  <rating>
   1.3
  </rating>
  <reviews>
   777934
  </reviews>
  <new>
   -
  </new>
 </clothing>
 <clothing>
  <id>
   731686678
  </id>
  <name>
   Lacoste Jacket G-6414
  </name>
  <category>
   Jacket
  </category>
  <size>
   L
  </size>
  <color>
   Фиолетовый
  </color>
  <material>
   Полиэстер
  </material>
  <price>
   737758
  </price>
  <rating>
   4.82
  </rating>
  <reviews>
   818500
  </reviews>
 </clothing>
 <clothing>
  <id>
   398846428
  </id>
  <name>
   Addidas Dress O-2606
  </name>
  <category>
   Dress
  </category>
  <size>
   L
  </size>
  <color>
   Оранжевый
  </color>
  <material>
   Хлопок
  </material>
  <price>
   223822
  </price>
  <rating>
   3.31
  </rating>
  <reviews>
   722477
  </reviews>
  <exclusive>
   no
  </exclusive>
  <sporty>
   no
  </sporty>
 </clothing>
 <clothing>
  <id>
   418045639
  </id>
  <name>
   Asics Shirt K-8569
  </name>
  <category>
   Shirt
  </category>
  <size>
   XXL
  </size>
  <color>
   Фиолетовый
  </color>
  <material>
   Нейлон
  </material>
  <price>
   900618
  </price>
  <rating>
   4.43
  </rating>
  <reviews>
   117926
  </reviews>
  <new>
   +
  </new>
  <exclusive>
   yes
  </exclusive>
  <sporty>
   no
  </sporty>
 </clothing>
 <clothing>
  <id>
   695707268
  </id>
  <name>
   Puma Shoes N-9500
  </name>
  <category>
   Shoes
  </category>
  <size>
   M
  </size>
  <color>
   Оранжевый
  </color>
  <material>
   Полиэстер
  </material>
  <price>
   998232
  </price>
  <rating>
   1.79
  </rating>
  <reviews>
   917564
  </reviews>
  <exclusive>
   no
  </exclusive>
  <sporty>
   no
  </sporty>
 </clothing>
</clothing-items>
