<?xml version="1.0" encoding="utf-8"?>
<clothing-items>
 <clothing>
  <id>
   871035877
  </id>
  <name>
   Asics Dress L-2373
  </name>
  <category>
   Dress
  </category>
  <size>
   XL
  </size>
  <color>
   Зеленый
  </color>
  <material>
   Шелк
  </material>
  <price>
   795572
  </price>
  <rating>
   2.32
  </rating>
  <reviews>
   346172
  </reviews>
 </clothing>
 <clothing>
  <id>
   676727410
  </id>
  <name>
   Adidas Belts Q-6096
  </name>
  <category>
   Belts
  </category>
  <size>
   XXL
  </size>
  <color>
   Оранжевый
  </color>
  <material>
   Вискоза
  </material>
  <price>
   669676
  </price>
  <rating>
   4.04
  </rating>
  <reviews>
   810165
  </reviews>
  <new>
   +
  </new>
  <exclusive>
   yes
  </exclusive>
  <sporty>
   no
  </sporty>
 </clothing>
 <clothing>
  <id>
   851281360
  </id>
  <name>
   Nike Hat B-9108
  </name>
  <category>
   Hat
  </category>
  <size>
   XXL
  </size>
  <color>
   Голубой
  </color>
  <material>
   Шерсть
  </material>
  <price>
   305203
  </price>
  <rating>
   3.02
  </rating>
  <reviews>
   926314
  </reviews>
  <new>
   -
  </new>
  <exclusive>
   no
  </exclusive>
 </clothing>
 <clothing>
  <id>
   870494370
  </id>
  <name>
   Brooks Blouse W-9025
  </name>
  <category>
   Blouse
  </category>
  <size>
   XL
  </size>
  <color>
   Оранжевый
  </color>
  <material>
   Лен
  </material>
  <price>
   699758
  </price>
  <rating>
   1.86
  </rating>
  <reviews>
   913038
  </reviews>
  <new>
   -
  </new>
 </clothing>
 <clothing>
  <id>
   588673839
  </id>
  <name>
   Vans Sweater L-2877
  </name>
  <category>
   Sweater
  </category>
  <size>
   S
  </size>
  <color>
   Желтый
  </color>
  <material>
   Полиэстер
  </material>
  <price>
   631091
  </price>
  <rating>
   1.73
  </rating>
  <reviews>
   241271
  </reviews>
  <new>
   -
  </new>
  <exclusive>
   no
  </exclusive>
  <sporty>
   no
  </sporty>
 </clothing>
 <clothing>
  <id>
   124276449
  </id>
  <name>
   Fila Jeans S-2201
  </name>
  <category>
   Jeans
  </category>
  <size>
   S
  </size>
  <color>
   Синий
  </color>
  <material>
   Лен
  </material>
  <price>
   893232
  </price>
  <rating>
   4.05
  </rating>
  <reviews>
   725130
  </reviews>
  <sporty>
   no
  </sporty>
 </clothing>
 <clothing>
  <id>
   477052624
  </id>
  <name>
   Lacoste Pants J-5689
  </name>
  <category>
   Pants
  </category>
  <size>
   L
  </size>
  <color>
   Красный
  </color>
  <material>
   Кожа
  </material>
  <price>
   187915
  </price>
  <rating>
   2.68
  </rating>
  <reviews>
   9540
  </reviews>
  <new>
   -
  </new>
  <exclusive>
   no
  </exclusive>
  <sporty>
   no
  </sporty>
 </clothing>
 <clothing>
  <id>
   749162937
  </id>
  <name>
   Ellesse T-shirt D-5879
  </name>
  <category>
   T-shirt
  </category>
  <size>
   L
  </size>
  <color>
   Красный
  </color>
  <material>
   Шерсть
  </material>
  <price>
   399858
  </price>
  <rating>
   1.46
  </rating>
  <reviews>
   579999
  </reviews>
  <new>
   -
  </new>
  <exclusive>
   no
  </exclusive>
 </clothing>
 <clothing>
  <id>
   597468244
  </id>
  <name>
   Reebok Gloves X-4179
  </name>
  <category>
   Gloves
  </category>
  <size>
   XL
  </size>
  <color>
   Красный
  </color>
  <material>
   Лен
  </material>
  <price>
   240891
  </price>
  <rating>
   1.58
  </rating>
  <reviews>
   270659
  </reviews>
  <new>
   +
  </new>
  <sporty>
   yes
  </sporty>
 </clothing>
 <clothing>
  <id>
   749360775
  </id>
  <name>
   Asics Gloves P-6793
  </name>
  <category>
   Gloves
  </category>
  <size>
   S
  </size>
  <color>
   Зеленый
  </color>
  <material>
   Полиэстер
  </material>
  <price>
   178261
  </price>
  <rating>
   4.88
  </rating>
  <reviews>
   474269
  </reviews>
  <new>
   +
  </new>
 </clothing>
 <clothing>
  <id>
   578269629
  </id>
  <name>
   PleinSport Gloves K-4473
  </name>
  <category>
   Gloves
  </category>
  <size>
   XXL
  </size>
  <color>
   Фиолетовый
  </color>
  <material>
   Кожа
  </material>
  <price>
   418312
  </price>
  <rating>
   4.46
  </rating>
  <reviews>
   588319
  </reviews>
  <new>
   -
  </new>
 </clothing>
 <clothing>
  <id>
   220262205
  </id>
  <name>
   Addidas Sweater I-2212
  </name>
  <category>
   Sweater
  </category>
  <size>
   XL
  </size>
  <color>
   Синий
  </color>
  <material>
   Шелк
  </material>
  <price>
   232076
  </price>
  <rating>
   4.03
  </rating>
  <reviews>
   589488
  </reviews>
  <new>
   -
  </new>
  <exclusive>
   yes
  </exclusive>
  <sporty>
   no
  </sporty>
 </clothing>
 <clothing>
  <id>
   965941666
  </id>
  <name>
   Adidas Sweater G-6781
  </name>
  <category>
   Sweater
  </category>
  <size>
   XXL
  </size>
  <color>
   Желтый
  </color>
  <material>
   Шерсть
  </material>
  <price>
   651876
  </price>
  <rating>
   1.74
  </rating>
  <reviews>
   2856
  </reviews>
  <new>
   +
  </new>
  <sporty>
   no
  </sporty>
 </clothing>
 <clothing>
  <id>
   223619984
  </id>
  <name>
   Converse Jacket A-8815
  </name>
  <category>
   Jacket
  </category>
  <size>
   S
  </size>
  <color>
   Голубой
  </color>
  <material>
   Полиэстер
  </material>
  <price>
   312938
  </price>
  <rating>
   2.04
  </rating>
  <reviews>
   633389
  </reviews>
  <new>
   -
  </new>
  <exclusive>
   no
  </exclusive>
  <sporty>
   yes
  </sporty>
 </clothing>
</clothing-items>
