<?xml version="1.0" encoding="utf-8"?>
<clothing-items>
 <clothing>
  <id>
   128361362
  </id>
  <name>
   Ellesse Gloves V-6319
  </name>
  <category>
   Gloves
  </category>
  <size>
   XXL
  </size>
  <color>
   Оранжевый
  </color>
  <material>
   Шелк
  </material>
  <price>
   574304
  </price>
  <rating>
   2.62
  </rating>
  <reviews>
   679216
  </reviews>
  <new>
   -
  </new>
  <exclusive>
   no
  </exclusive>
  <sporty>
   no
  </sporty>
 </clothing>
 <clothing>
  <id>
   495449670
  </id>
  <name>
   New Balance Gloves D-8338
  </name>
  <category>
   Gloves
  </category>
  <size>
   XXL
  </size>
  <color>
   Желтый
  </color>
  <material>
   Лен
  </material>
  <price>
   633818
  </price>
  <rating>
   3.16
  </rating>
  <reviews>
   718941
  </reviews>
  <new>
   -
  </new>
  <exclusive>
   yes
  </exclusive>
  <sporty>
   yes
  </sporty>
 </clothing>
 <clothing>
  <id>
   337388006
  </id>
  <name>
   Vans Jacket H-9222
  </name>
  <category>
   Jacket
  </category>
  <size>
   XL
  </size>
  <color>
   Голубой
  </color>
  <material>
   Хлопок
  </material>
  <price>
   623849
  </price>
  <rating>
   4.51
  </rating>
  <reviews>
   932186
  </reviews>
  <sporty>
   yes
  </sporty>
 </clothing>
 <clothing>
  <id>
   288497932
  </id>
  <name>
   Vans Shirt H-6431
  </name>
  <category>
   Shirt
  </category>
  <size>
   L
  </size>
  <color>
   Желтый
  </color>
  <material>
   Шелк
  </material>
  <price>
   910767
  </price>
  <rating>
   4.56
  </rating>
  <reviews>
   39251
  </reviews>
  <new>
   +
  </new>
  <exclusive>
   no
  </exclusive>
  <sporty>
   yes
  </sporty>
 </clothing>
 <clothing>
  <id>
   940946230
  </id>
  <name>
   Brooks T-shirt S-4070
  </name>
  <category>
   T-shirt
  </category>
  <size>
   XL
  </size>
  <color>
   Фиолетовый
  </color>
  <material>
   Полиэстер
  </material>
  <price>
   890270
  </price>
  <rating>
   3.52
  </rating>
  <reviews>
   482521
  </reviews>
 </clothing>
 <clothing>
  <id>
   445984931
  </id>
  <name>
   Vans Gloves E-5375
  </name>
  <category>
   Gloves
  </category>
  <size>
   S
  </size>
  <color>
   Зеленый
  </color>
  <material>
   Вискоза
  </material>
  <price>
   590500
  </price>
  <rating>
   3.65
  </rating>
  <reviews>
   563272
  </reviews>
  <exclusive>
   no
  </exclusive>
  <sporty>
   yes
  </sporty>
 </clothing>
 <clothing>
  <id>
   970151255
  </id>
  <name>
   Fila Skirt G-2556
  </name>
  <category>
   Skirt
  </category>
  <size>
   S
  </size>
  <color>
   Голубой
  </color>
  <material>
   Шерсть
  </material>
  <price>
   916487
  </price>
  <rating>
   3.96
  </rating>
  <reviews>
   42027
  </reviews>
  <new>
   -
  </new>
 </clothing>
 <clothing>
  <id>
   356174438
  </id>
  <name>
   New Balance Pants D-6314
  </name>
  <category>
   Pants
  </category>
  <size>
   S
  </size>
  <color>
   Зеленый
  </color>
  <material>
   Кожа
  </material>
  <price>
   818002
  </price>
  <rating>
   4.69
  </rating>
  <reviews>
   767675
  </reviews>
  <new>
   -
  </new>
  <exclusive>
   no
  </exclusive>
 </clothing>
 <clothing>
  <id>
   661922720
  </id>
  <name>
   Brooks Handbags X-1874
  </name>
  <category>
   Handbags
  </category>
  <size>
   XL
  </size>
  <color>
   Зеленый
  </color>
  <material>
   Нейлон
  </material>
  <price>
   320934
  </price>
  <rating>
   4.81
  </rating>
  <reviews>
   471265
  </reviews>
  <exclusive>
   yes
  </exclusive>
  <sporty>
   no
  </sporty>
 </clothing>
 <clothing>
  <id>
   369743957
  </id>
  <name>
   Lacoste Skirt J-3088
  </name>
  <category>
   Skirt
  </category>
  <size>
   XL
  </size>
  <color>
   Зеленый
  </color>
  <material>
   Лен
  </material>
  <price>
   750334
  </price>
  <rating>
   3.9
  </rating>
  <reviews>
   887903
  </reviews>
  <exclusive>
   no
  </exclusive>
  <sporty>
   yes
  </sporty>
 </clothing>
 <clothing>
  <id>
   777381709
  </id>
  <name>
   Adidas Shoes J-4472
  </name>
  <category>
   Shoes
  </category>
  <size>
   XXL
  </size>
  <color>
   Красный
  </color>
  <material>
   Шелк
  </material>
  <price>
   656594
  </price>
  <rating>
   4.82
  </rating>
  <reviews>
   624815
  </reviews>
  <new>
   +
  </new>
  <exclusive>
   yes
  </exclusive>
  <sporty>
   no
  </sporty>
 </clothing>
 <clothing>
  <id>
   949990088
  </id>
  <name>
   Puma Hat W-7152
  </name>
  <category>
   Hat
  </category>
  <size>
   S
  </size>
  <color>
   Желтый
  </color>
  <material>
   Кожа
  </material>
  <price>
   537214
  </price>
  <rating>
   4.9
  </rating>
  <reviews>
   318061
  </reviews>
  <new>
   -
  </new>
  <sporty>
   no
  </sporty>
 </clothing>
 <clothing>
  <id>
   157912146
  </id>
  <name>
   Under Armour T-shirt Y-5680
  </name>
  <category>
   T-shirt
  </category>
  <size>
   XL
  </size>
  <color>
   Голубой
  </color>
  <material>
   Нейлон
  </material>
  <price>
   405385
  </price>
  <rating>
   2.01
  </rating>
  <reviews>
   268879
  </reviews>
  <new>
   +
  </new>
  <exclusive>
   yes
  </exclusive>
 </clothing>
 <clothing>
  <id>
   552332585
  </id>
  <name>
   Lacoste Handbags C-9257
  </name>
  <category>
   Handbags
  </category>
  <size>
   XXL
  </size>
  <color>
   Красный
  </color>
  <material>
   Шерсть
  </material>
  <price>
   191261
  </price>
  <rating>
   3.04
  </rating>
  <reviews>
   656962
  </reviews>
  <new>
   -
  </new>
  <exclusive>
   yes
  </exclusive>
  <sporty>
   no
  </sporty>
 </clothing>
 <clothing>
  <id>
   469855323
  </id>
  <name>
   Brooks Hat P-8609
  </name>
  <category>
   Hat
  </category>
  <size>
   S
  </size>
  <color>
   Фиолетовый
  </color>
  <material>
   Лен
  </material>
  <price>
   426073
  </price>
  <rating>
   3.23
  </rating>
  <reviews>
   160708
  </reviews>
  <sporty>
   no
  </sporty>
 </clothing>
 <clothing>
  <id>
   667215100
  </id>
  <name>
   Brooks Jacket A-4485
  </name>
  <category>
   Jacket
  </category>
  <size>
   S
  </size>
  <color>
   Голубой
  </color>
  <material>
   Вискоза
  </material>
  <price>
   918493
  </price>
  <rating>
   2.38
  </rating>
  <reviews>
   108849
  </reviews>
  <exclusive>
   yes
  </exclusive>
  <sporty>
   yes
  </sporty>
 </clothing>
 <clothing>
  <id>
   227066607
  </id>
  <name>
   Converse Jeans P-1586
  </name>
  <category>
   Jeans
  </category>
  <size>
   XXL
  </size>
  <color>
   Красный
  </color>
  <material>
   Хлопок
  </material>
  <price>
   828198
  </price>
  <rating>
   1.56
  </rating>
  <reviews>
   32489
  </reviews>
  <new>
   +
  </new>
  <exclusive>
   no
  </exclusive>
 </clothing>
 <clothing>
  <id>
   441659591
  </id>
  <name>
   Nike Shirt I-6727
  </name>
  <category>
   Shirt
  </category>
  <size>
   L
  </size>
  <color>
   Зеленый
  </color>
  <material>
   Кожа
  </material>
  <price>
   883697
  </price>
  <rating>
   2.35
  </rating>
  <reviews>
   901875
  </reviews>
  <new>
   -
  </new>
 </clothing>
 <clothing>
  <id>
   153305145
  </id>
  <name>
   Puma Skirt Q-2265
  </name>
  <category>
   Skirt
  </category>
  <size>
   M
  </size>
  <color>
   Зеленый
  </color>
  <material>
   Кожа
  </material>
  <price>
   902077
  </price>
  <rating>
   4.6
  </rating>
  <reviews>
   621960
  </reviews>
  <new>
   +
  </new>
  <exclusive>
   yes
  </exclusive>
  <sporty>
   no
  </sporty>
 </clothing>
 <clothing>
  <id>
   187001844
  </id>
  <name>
   Ellesse Shoes Y-3268
  </name>
  <category>
   Shoes
  </category>
  <size>
   M
  </size>
  <color>
   Красный
  </color>
  <material>
   Лен
  </material>
  <price>
   469613
  </price>
  <rating>
   2.42
  </rating>
  <reviews>
   546560
  </reviews>
  <sporty>
   yes
  </sporty>
 </clothing>
 <clothing>
  <id>
   795599969
  </id>
  <name>
   PleinSport Pants P-2336
  </name>
  <category>
   Pants
  </category>
  <size>
   L
  </size>
  <color>
   Зеленый
  </color>
  <material>
   Лен
  </material>
  <price>
   808854
  </price>
  <rating>
   3.43
  </rating>
  <reviews>
   851776
  </reviews>
  <exclusive>
   no
  </exclusive>
  <sporty>
   no
  </sporty>
 </clothing>
 <clothing>
  <id>
   569721340
  </id>
  <name>
   Puma Umbrellas Z-8132
  </name>
  <category>
   Umbrellas
  </category>
  <size>
   M
  </size>
  <color>
   Желтый
  </color>
  <material>
   Лен
  </material>
  <price>
   347568
  </price>
  <rating>
   3.01
  </rating>
  <reviews>
   716976
  </reviews>
  <new>
   +
  </new>
  <exclusive>
   yes
  </exclusive>
 </clothing>
 <clothing>
  <id>
   585991515
  </id>
  <name>
   Reebok Belts L-5376
  </name>
  <category>
   Belts
  </category>
  <size>
   M
  </size>
  <color>
   Красный
  </color>
  <material>
   Лен
  </material>
  <price>
   930167
  </price>
  <rating>
   2.38
  </rating>
  <reviews>
   477983
  </reviews>
  <exclusive>
   no
  </exclusive>
  <sporty>
   no
  </sporty>
 </clothing>
 <clothing>
  <id>
   758321944
  </id>
  <name>
   Puma Shoes M-1502
  </name>
  <category>
   Shoes
  </category>
  <size>
   L
  </size>
  <color>
   Фиолетовый
  </color>
  <material>
   Полиэстер
  </material>
  <price>
   341754
  </price>
  <rating>
   3.67
  </rating>
  <reviews>
   454315
  </reviews>
  <new>
   +
  </new>
 </clothing>
 <clothing>
  <id>
   932173414
  </id>
  <name>
   New Balance Jeans Z-5594
  </name>
  <category>
   Jeans
  </category>
  <size>
   S
  </size>
  <color>
   Красный
  </color>
  <material>
   Хлопок
  </material>
  <price>
   660408
  </price>
  <rating>
   4.3
  </rating>
  <reviews>
   259988
  </reviews>
  <exclusive>
   no
  </exclusive>
 </clothing>
 <clothing>
  <id>
   616377439
  </id>
  <name>
   Nike Jacket I-1834
  </name>
  <category>
   Jacket
  </category>
  <size>
   M
  </size>
  <color>
   Синий
  </color>
  <material>
   Шерсть
  </material>
  <price>
   719833
  </price>
  <rating>
   3.16
  </rating>
  <reviews>
   69887
  </reviews>
  <new>
   -
  </new>
  <exclusive>
   yes
  </exclusive>
  <sporty>
   yes
  </sporty>
 </clothing>
 <clothing>
  <id>
   567777433
  </id>
  <name>
   Fila Gloves A-2951
  </name>
  <category>
   Gloves
  </category>
  <size>
   L
  </size>
  <color>
   Голубой
  </color>
  <material>
   Лен
  </material>
  <price>
   384616
  </price>
  <rating>
   3.36
  </rating>
  <reviews>
   885125
  </reviews>
  <sporty>
   no
  </sporty>
 </clothing>
 <clothing>
  <id>
   273233107
  </id>
  <name>
   Vans Dress Y-7667
  </name>
  <category>
   Dress
  </category>
  <size>
   XXL
  </size>
  <color>
   Зеленый
  </color>
  <material>
   Кожа
  </material>
  <price>
   712445
  </price>
  <rating>
   1.07
  </rating>
  <reviews>
   551741
  </reviews>
  <new>
   -
  </new>
  <sporty>
   yes
  </sporty>
 </clothing>
 <clothing>
  <id>
   183206807
  </id>
  <name>
   Adidas Skirt U-1856
  </name>
  <category>
   Skirt
  </category>
  <size>
   L
  </size>
  <color>
   Красный
  </color>
  <material>
   Хлопок
  </material>
  <price>
   878469
  </price>
  <rating>
   3.2
  </rating>
  <reviews>
   618864
  </reviews>
  <new>
   +
  </new>
  <exclusive>
   no
  </exclusive>
  <sporty>
   no
  </sporty>
 </clothing>
 <clothing>
  <id>
   939838319
  </id>
  <name>
   Addidas Jacket U-3930
  </name>
  <category>
   Jacket
  </category>
  <size>
   XXL
  </size>
  <color>
   Голубой
  </color>
  <material>
   Хлопок
  </material>
  <price>
   282040
  </price>
  <rating>
   1.9
  </rating>
  <reviews>
   686880
  </reviews>
  <new>
   +
  </new>
  <exclusive>
   yes
  </exclusive>
  <sporty>
   no
  </sporty>
 </clothing>
 <clothing>
  <id>
   287254815
  </id>
  <name>
   Addidas Belts N-9648
  </name>
  <category>
   Belts
  </category>
  <size>
   XXL
  </size>
  <color>
   Голубой
  </color>
  <material>
   Лен
  </material>
  <price>
   613449
  </price>
  <rating>
   1.89
  </rating>
  <reviews>
   121708
  </reviews>
  <new>
   -
  </new>
  <exclusive>
   no
  </exclusive>
  <sporty>
   no
  </sporty>
 </clothing>
 <clothing>
  <id>
   529078939
  </id>
  <name>
   Lacoste Shirt Q-5083
  </name>
  <category>
   Shirt
  </category>
  <size>
   L
  </size>
  <color>
   Фиолетовый
  </color>
  <material>
   Нейлон
  </material>
  <price>
   319509
  </price>
  <rating>
   3.66
  </rating>
  <reviews>
   815870
  </reviews>
  <new>
   -
  </new>
  <exclusive>
   no
  </exclusive>
  <sporty>
   no
  </sporty>
 </clothing>
 <clothing>
  <id>
   468849468
  </id>
  <name>
   Asics Hat A-2348
  </name>
  <category>
   Hat
  </category>
  <size>
   L
  </size>
  <color>
   Синий
  </color>
  <material>
   Вискоза
  </material>
  <price>
   587948
  </price>
  <rating>
   2.76
  </rating>
  <reviews>
   228737
  </reviews>
  <exclusive>
   no
  </exclusive>
 </clothing>
 <clothing>
  <id>
   843055074
  </id>
  <name>
   Fila T-shirt O-6923
  </name>
  <category>
   T-shirt
  </category>
  <size>
   S
  </size>
  <color>
   Красный
  </color>
  <material>
   Вискоза
  </material>
  <price>
   602265
  </price>
  <rating>
   1.28
  </rating>
  <reviews>
   761722
  </reviews>
  <new>
   +
  </new>
  <sporty>
   no
  </sporty>
 </clothing>
 <clothing>
  <id>
   890667989
  </id>
  <name>
   Adidas Sweater G-2706
  </name>
  <category>
   Sweater
  </category>
  <size>
   M
  </size>
  <color>
   Синий
  </color>
  <material>
   Шерсть
  </material>
  <price>
   648877
  </price>
  <rating>
   4.7
  </rating>
  <reviews>
   837990
  </reviews>
  <sporty>
   no
  </sporty>
 </clothing>
 <clothing>
  <id>
   711130852
  </id>
  <name>
   Addidas Hat G-7590
  </name>
  <category>
   Hat
  </category>
  <size>
   S
  </size>
  <color>
   Красный
  </color>
  <material>
   Вискоза
  </material>
  <price>
   298951
  </price>
  <rating>
   4.65
  </rating>
  <reviews>
   506078
  </reviews>
  <exclusive>
   no
  </exclusive>
  <sporty>
   no
  </sporty>
 </clothing>
 <clothing>
  <id>
   281659963
  </id>
  <name>
   Vans Belts R-1546
  </name>
  <category>
   Belts
  </category>
  <size>
   XXL
  </size>
  <color>
   Зеленый
  </color>
  <material>
   Хлопок
  </material>
  <price>
   485652
  </price>
  <rating>
   2.29
  </rating>
  <reviews>
   849409
  </reviews>
  <new>
   -
  </new>
  <exclusive>
   yes
  </exclusive>
  <sporty>
   yes
  </sporty>
 </clothing>
 <clothing>
  <id>
   399016971
  </id>
  <name>
   Puma Skirt R-3781
  </name>
  <category>
   Skirt
  </category>
  <size>
   S
  </size>
  <color>
   Синий
  </color>
  <material>
   Лен
  </material>
  <price>
   268224
  </price>
  <rating>
   3.32
  </rating>
  <reviews>
   687214
  </reviews>
 </clothing>
 <clothing>
  <id>
   419846663
  </id>
  <name>
   PleinSport T-shirt M-7481
  </name>
  <category>
   T-shirt
  </category>
  <size>
   XL
  </size>
  <color>
   Фиолетовый
  </color>
  <material>
   Лен
  </material>
  <price>
   112862
  </price>
  <rating>
   2.88
  </rating>
  <reviews>
   400258
  </reviews>
  <exclusive>
   yes
  </exclusive>
  <sporty>
   yes
  </sporty>
 </clothing>
 <clothing>
  <id>
   396805556
  </id>
  <name>
   Addidas Belts J-1246
  </name>
  <category>
   Belts
  </category>
  <size>
   XL
  </size>
  <color>
   Желтый
  </color>
  <material>
   Вискоза
  </material>
  <price>
   637012
  </price>
  <rating>
   2.8
  </rating>
  <reviews>
   717057
  </reviews>
  <sporty>
   no
  </sporty>
 </clothing>
 <clothing>
  <id>
   124584643
  </id>
  <name>
   Reebok Handbags T-7882
  </name>
  <category>
   Handbags
  </category>
  <size>
   S
  </size>
  <color>
   Зеленый
  </color>
  <material>
   Вискоза
  </material>
  <price>
   371020
  </price>
  <rating>
   3.64
  </rating>
  <reviews>
   980150
  </reviews>
  <sporty>
   no
  </sporty>
 </clothing>
 <clothing>
  <id>
   228915577
  </id>
  <name>
   DC Jacket X-6868
  </name>
  <category>
   Jacket
  </category>
  <size>
   M
  </size>
  <color>
   Зеленый
  </color>
  <material>
   Нейлон
  </material>
  <price>
   617638
  </price>
  <rating>
   4.58
  </rating>
  <reviews>
   241474
  </reviews>
  <exclusive>
   yes
  </exclusive>
  <sporty>
   yes
  </sporty>
 </clothing>
 <clothing>
  <id>
   733884906
  </id>
  <name>
   Addidas Blouse H-2463
  </name>
  <category>
   Blouse
  </category>
  <size>
   XL
  </size>
  <color>
   Голубой
  </color>
  <material>
   Нейлон
  </material>
  <price>
   213777
  </price>
  <rating>
   3.36
  </rating>
  <reviews>
   522684
  </reviews>
  <exclusive>
   yes
  </exclusive>
  <sporty>
   no
  </sporty>
 </clothing>
 <clothing>
  <id>
   143043137
  </id>
  <name>
   Nike Blouse K-2703
  </name>
  <category>
   Blouse
  </category>
  <size>
   XL
  </size>
  <color>
   Желтый
  </color>
  <material>
   Шелк
  </material>
  <price>
   874418
  </price>
  <rating>
   4.61
  </rating>
  <reviews>
   850254
  </reviews>
  <new>
   -
  </new>
 </clothing>
 <clothing>
  <id>
   348963611
  </id>
  <name>
   Ellesse Shoes E-2084
  </name>
  <category>
   Shoes
  </category>
  <size>
   XXL
  </size>
  <color>
   Голубой
  </color>
  <material>
   Вискоза
  </material>
  <price>
   223189
  </price>
  <rating>
   1.85
  </rating>
  <reviews>
   599129
  </reviews>
 </clothing>
 <clothing>
  <id>
   307874762
  </id>
  <name>
   Reebok Socks O-9714
  </name>
  <category>
   Socks
  </category>
  <size>
   S
  </size>
  <color>
   Голубой
  </color>
  <material>
   Хлопок
  </material>
  <price>
   204014
  </price>
  <rating>
   3.52
  </rating>
  <reviews>
   492216
  </reviews>
  <exclusive>
   yes
  </exclusive>
  <sporty>
   yes
  </sporty>
 </clothing>
 <clothing>
  <id>
   294016535
  </id>
  <name>
   DC Gloves C-1312
  </name>
  <category>
   Gloves
  </category>
  <size>
   XL
  </size>
  <color>
   Оранжевый
  </color>
  <material>
   Вискоза
  </material>
  <price>
   741591
  </price>
  <rating>
   2.27
  </rating>
  <reviews>
   798629
  </reviews>
  <new>
   +
  </new>
  <exclusive>
   yes
  </exclusive>
  <sporty>
   yes
  </sporty>
 </clothing>
 <clothing>
  <id>
   902432763
  </id>
  <name>
   Puma Gloves Z-8541
  </name>
  <category>
   Gloves
  </category>
  <size>
   S
  </size>
  <color>
   Фиолетовый
  </color>
  <material>
   Хлопок
  </material>
  <price>
   970090
  </price>
  <rating>
   3.18
  </rating>
  <reviews>
   479581
  </reviews>
  <exclusive>
   yes
  </exclusive>
  <sporty>
   yes
  </sporty>
 </clothing>
</clothing-items>
