<?xml version="1.0" encoding="utf-8"?>
<clothing-items>
 <clothing>
  <id>
   612375388
  </id>
  <name>
   Puma Handbags U-7575
  </name>
  <category>
   Handbags
  </category>
  <size>
   M
  </size>
  <color>
   Красный
  </color>
  <material>
   Полиэстер
  </material>
  <price>
   222620
  </price>
  <rating>
   1.56
  </rating>
  <reviews>
   40009
  </reviews>
  <sporty>
   no
  </sporty>
 </clothing>
 <clothing>
  <id>
   271655554
  </id>
  <name>
   Ellesse Handbags H-6208
  </name>
  <category>
   Handbags
  </category>
  <size>
   L
  </size>
  <color>
   Зеленый
  </color>
  <material>
   Шелк
  </material>
  <price>
   496075
  </price>
  <rating>
   3.83
  </rating>
  <reviews>
   545294
  </reviews>
  <exclusive>
   yes
  </exclusive>
 </clothing>
 <clothing>
  <id>
   504480586
  </id>
  <name>
   Asics Sweater L-3126
  </name>
  <category>
   Sweater
  </category>
  <size>
   XXL
  </size>
  <color>
   Желтый
  </color>
  <material>
   Шерсть
  </material>
  <price>
   659697
  </price>
  <rating>
   3.33
  </rating>
  <reviews>
   135122
  </reviews>
  <exclusive>
   yes
  </exclusive>
 </clothing>
 <clothing>
  <id>
   507111311
  </id>
  <name>
   Vans Skirt M-5046
  </name>
  <category>
   Skirt
  </category>
  <size>
   XXL
  </size>
  <color>
   Оранжевый
  </color>
  <material>
   Нейлон
  </material>
  <price>
   130389
  </price>
  <rating>
   4.86
  </rating>
  <reviews>
   606554
  </reviews>
  <new>
   -
  </new>
  <sporty>
   yes
  </sporty>
 </clothing>
 <clothing>
  <id>
   819579020
  </id>
  <name>
   Converse Socks R-5517
  </name>
  <category>
   Socks
  </category>
  <size>
   L
  </size>
  <color>
   Желтый
  </color>
  <material>
   Лен
  </material>
  <price>
   264888
  </price>
  <rating>
   4.22
  </rating>
  <reviews>
   181532
  </reviews>
  <new>
   -
  </new>
  <exclusive>
   no
  </exclusive>
 </clothing>
 <clothing>
  <id>
   952414199
  </id>
  <name>
   Addidas Hat C-6991
  </name>
  <category>
   Hat
  </category>
  <size>
   XL
  </size>
  <color>
   Красный
  </color>
  <material>
   Нейлон
  </material>
  <price>
   751664
  </price>
  <rating>
   3.8
  </rating>
  <reviews>
   151028
  </reviews>
  <new>
   +
  </new>
  <sporty>
   yes
  </sporty>
 </clothing>
 <clothing>
  <id>
   927508491
  </id>
  <name>
   Ellesse Hat Q-2486
  </name>
  <category>
   Hat
  </category>
  <size>
   XXL
  </size>
  <color>
   Оранжевый
  </color>
  <material>
   Полиэстер
  </material>
  <price>
   459272
  </price>
  <rating>
   3.65
  </rating>
  <reviews>
   760048
  </reviews>
  <new>
   +
  </new>
 </clothing>
 <clothing>
  <id>
   638049121
  </id>
  <name>
   New Balance Umbrellas G-9839
  </name>
  <category>
   Umbrellas
  </category>
  <size>
   S
  </size>
  <color>
   Оранжевый
  </color>
  <material>
   Лен
  </material>
  <price>
   981793
  </price>
  <rating>
   4.33
  </rating>
  <reviews>
   890122
  </reviews>
  <exclusive>
   yes
  </exclusive>
  <sporty>
   no
  </sporty>
 </clothing>
 <clothing>
  <id>
   974760934
  </id>
  <name>
   Ellesse Pants S-9766
  </name>
  <category>
   Pants
  </category>
  <size>
   XXL
  </size>
  <color>
   Зеленый
  </color>
  <material>
   Лен
  </material>
  <price>
   569749
  </price>
  <rating>
   2.14
  </rating>
  <reviews>
   604082
  </reviews>
  <new>
   -
  </new>
  <exclusive>
   no
  </exclusive>
 </clothing>
 <clothing>
  <id>
   542067896
  </id>
  <name>
   Under Armour Belts G-1826
  </name>
  <category>
   Belts
  </category>
  <size>
   L
  </size>
  <color>
   Желтый
  </color>
  <material>
   Шерсть
  </material>
  <price>
   338958
  </price>
  <rating>
   3.83
  </rating>
  <reviews>
   437254
  </reviews>
  <new>
   +
  </new>
  <exclusive>
   no
  </exclusive>
 </clothing>
 <clothing>
  <id>
   809115522
  </id>
  <name>
   Puma Socks Y-2366
  </name>
  <category>
   Socks
  </category>
  <size>
   L
  </size>
  <color>
   Красный
  </color>
  <material>
   Вискоза
  </material>
  <price>
   651307
  </price>
  <rating>
   3.2
  </rating>
  <reviews>
   845489
  </reviews>
  <new>
   -
  </new>
  <exclusive>
   no
  </exclusive>
  <sporty>
   no
  </sporty>
 </clothing>
 <clothing>
  <id>
   872515051
  </id>
  <name>
   DC Shoes D-1042
  </name>
  <category>
   Shoes
  </category>
  <size>
   S
  </size>
  <color>
   Голубой
  </color>
  <material>
   Нейлон
  </material>
  <price>
   792739
  </price>
  <rating>
   1.07
  </rating>
  <reviews>
   608379
  </reviews>
  <exclusive>
   yes
  </exclusive>
 </clothing>
 <clothing>
  <id>
   382515356
  </id>
  <name>
   Addidas Socks Y-7136
  </name>
  <category>
   Socks
  </category>
  <size>
   M
  </size>
  <color>
   Синий
  </color>
  <material>
   Нейлон
  </material>
  <price>
   558691
  </price>
  <rating>
   4.13
  </rating>
  <reviews>
   286697
  </reviews>
 </clothing>
 <clothing>
  <id>
   668602298
  </id>
  <name>
   Nike Jeans E-3599
  </name>
  <category>
   Jeans
  </category>
  <size>
   M
  </size>
  <color>
   Синий
  </color>
  <material>
   Лен
  </material>
  <price>
   351418
  </price>
  <rating>
   3.11
  </rating>
  <reviews>
   430991
  </reviews>
  <new>
   -
  </new>
  <exclusive>
   no
  </exclusive>
  <sporty>
   no
  </sporty>
 </clothing>
</clothing-items>
