<?xml version="1.0" encoding="utf-8"?>
<clothing-items>
 <clothing>
  <id>
   248863953
  </id>
  <name>
   Under Armour Belts Z-4280
  </name>
  <category>
   Belts
  </category>
  <size>
   S
  </size>
  <color>
   Зеленый
  </color>
  <material>
   Нейлон
  </material>
  <price>
   981541
  </price>
  <rating>
   4.24
  </rating>
  <reviews>
   560207
  </reviews>
  <new>
   -
  </new>
 </clothing>
 <clothing>
  <id>
   688121275
  </id>
  <name>
   Vans Hat H-7812
  </name>
  <category>
   Hat
  </category>
  <size>
   XL
  </size>
  <color>
   Красный
  </color>
  <material>
   Хлопок
  </material>
  <price>
   446780
  </price>
  <rating>
   4.45
  </rating>
  <reviews>
   852211
  </reviews>
  <exclusive>
   no
  </exclusive>
  <sporty>
   yes
  </sporty>
 </clothing>
 <clothing>
  <id>
   879462423
  </id>
  <name>
   Puma Hat H-5825
  </name>
  <category>
   Hat
  </category>
  <size>
   M
  </size>
  <color>
   Красный
  </color>
  <material>
   Кожа
  </material>
  <price>
   944064
  </price>
  <rating>
   2.26
  </rating>
  <reviews>
   743379
  </reviews>
  <exclusive>
   no
  </exclusive>
  <sporty>
   no
  </sporty>
 </clothing>
 <clothing>
  <id>
   615044934
  </id>
  <name>
   Nike Pants E-2100
  </name>
  <category>
   Pants
  </category>
  <size>
   L
  </size>
  <color>
   Желтый
  </color>
  <material>
   Кожа
  </material>
  <price>
   252603
  </price>
  <rating>
   3.5
  </rating>
  <reviews>
   182995
  </reviews>
  <new>
   -
  </new>
  <exclusive>
   no
  </exclusive>
 </clothing>
 <clothing>
  <id>
   466540115
  </id>
  <name>
   Reebok Belts K-9743
  </name>
  <category>
   Belts
  </category>
  <size>
   XL
  </size>
  <color>
   Зеленый
  </color>
  <material>
   Вискоза
  </material>
  <price>
   169226
  </price>
  <rating>
   2.57
  </rating>
  <reviews>
   399578
  </reviews>
  <new>
   -
  </new>
  <sporty>
   no
  </sporty>
 </clothing>
 <clothing>
  <id>
   614997964
  </id>
  <name>
   Nike T-shirt K-9912
  </name>
  <category>
   T-shirt
  </category>
  <size>
   M
  </size>
  <color>
   Оранжевый
  </color>
  <material>
   Полиэстер
  </material>
  <price>
   537134
  </price>
  <rating>
   1.2
  </rating>
  <reviews>
   687570
  </reviews>
  <sporty>
   no
  </sporty>
 </clothing>
 <clothing>
  <id>
   718839274
  </id>
  <name>
   Puma Hat A-4099
  </name>
  <category>
   Hat
  </category>
  <size>
   S
  </size>
  <color>
   Синий
  </color>
  <material>
   Нейлон
  </material>
  <price>
   991895
  </price>
  <rating>
   1.34
  </rating>
  <reviews>
   331629
  </reviews>
  <exclusive>
   yes
  </exclusive>
  <sporty>
   yes
  </sporty>
 </clothing>
 <clothing>
  <id>
   264828857
  </id>
  <name>
   PleinSport Shoes U-8551
  </name>
  <category>
   Shoes
  </category>
  <size>
   S
  </size>
  <color>
   Красный
  </color>
  <material>
   Нейлон
  </material>
  <price>
   297292
  </price>
  <rating>
   4.38
  </rating>
  <reviews>
   292871
  </reviews>
  <exclusive>
   no
  </exclusive>
 </clothing>
 <clothing>
  <id>
   102640759
  </id>
  <name>
   New Balance Belts Y-7799
  </name>
  <category>
   Belts
  </category>
  <size>
   M
  </size>
  <color>
   Желтый
  </color>
  <material>
   Хлопок
  </material>
  <price>
   453902
  </price>
  <rating>
   3.62
  </rating>
  <reviews>
   514360
  </reviews>
  <new>
   +
  </new>
  <sporty>
   no
  </sporty>
 </clothing>
 <clothing>
  <id>
   597047429
  </id>
  <name>
   Converse Gloves L-4144
  </name>
  <category>
   Gloves
  </category>
  <size>
   L
  </size>
  <color>
   Красный
  </color>
  <material>
   Шерсть
  </material>
  <price>
   444753
  </price>
  <rating>
   2.3
  </rating>
  <reviews>
   966441
  </reviews>
  <exclusive>
   yes
  </exclusive>
  <sporty>
   no
  </sporty>
 </clothing>
 <clothing>
  <id>
   953657137
  </id>
  <name>
   Nike Socks B-9548
  </name>
  <category>
   Socks
  </category>
  <size>
   L
  </size>
  <color>
   Фиолетовый
  </color>
  <material>
   Хлопок
  </material>
  <price>
   350569
  </price>
  <rating>
   3.75
  </rating>
  <reviews>
   711457
  </reviews>
  <new>
   +
  </new>
  <exclusive>
   yes
  </exclusive>
  <sporty>
   no
  </sporty>
 </clothing>
 <clothing>
  <id>
   351399618
  </id>
  <name>
   Converse Belts C-4141
  </name>
  <category>
   Belts
  </category>
  <size>
   S
  </size>
  <color>
   Синий
  </color>
  <material>
   Шерсть
  </material>
  <price>
   694557
  </price>
  <rating>
   2.18
  </rating>
  <reviews>
   375743
  </reviews>
  <new>
   -
  </new>
  <exclusive>
   yes
  </exclusive>
 </clothing>
 <clothing>
  <id>
   189849866
  </id>
  <name>
   Ellesse Gloves L-7741
  </name>
  <category>
   Gloves
  </category>
  <size>
   M
  </size>
  <color>
   Красный
  </color>
  <material>
   Хлопок
  </material>
  <price>
   527098
  </price>
  <rating>
   3.97
  </rating>
  <reviews>
   489900
  </reviews>
  <new>
   -
  </new>
  <exclusive>
   no
  </exclusive>
  <sporty>
   no
  </sporty>
 </clothing>
 <clothing>
  <id>
   905389916
  </id>
  <name>
   Converse Umbrellas O-8775
  </name>
  <category>
   Umbrellas
  </category>
  <size>
   XL
  </size>
  <color>
   Красный
  </color>
  <material>
   Кожа
  </material>
  <price>
   282172
  </price>
  <rating>
   1.15
  </rating>
  <reviews>
   796927
  </reviews>
  <new>
   -
  </new>
 </clothing>
 <clothing>
  <id>
   544018198
  </id>
  <name>
   Brooks Umbrellas L-6227
  </name>
  <category>
   Umbrellas
  </category>
  <size>
   L
  </size>
  <color>
   Голубой
  </color>
  <material>
   Вискоза
  </material>
  <price>
   946951
  </price>
  <rating>
   4.75
  </rating>
  <reviews>
   406724
  </reviews>
  <sporty>
   yes
  </sporty>
 </clothing>
 <clothing>
  <id>
   231191600
  </id>
  <name>
   PleinSport Socks S-3307
  </name>
  <category>
   Socks
  </category>
  <size>
   XL
  </size>
  <color>
   Оранжевый
  </color>
  <material>
   Полиэстер
  </material>
  <price>
   126148
  </price>
  <rating>
   4.19
  </rating>
  <reviews>
   346354
  </reviews>
  <sporty>
   no
  </sporty>
 </clothing>
 <clothing>
  <id>
   404638971
  </id>
  <name>
   Fila Dress M-5819
  </name>
  <category>
   Dress
  </category>
  <size>
   S
  </size>
  <color>
   Фиолетовый
  </color>
  <material>
   Лен
  </material>
  <price>
   655523
  </price>
  <rating>
   2.73
  </rating>
  <reviews>
   843790
  </reviews>
  <exclusive>
   no
  </exclusive>
  <sporty>
   no
  </sporty>
 </clothing>
 <clothing>
  <id>
   934047257
  </id>
  <name>
   Brooks Jacket R-9816
  </name>
  <category>
   Jacket
  </category>
  <size>
   XL
  </size>
  <color>
   Голубой
  </color>
  <material>
   Полиэстер
  </material>
  <price>
   553005
  </price>
  <rating>
   4.82
  </rating>
  <reviews>
   699108
  </reviews>
  <exclusive>
   no
  </exclusive>
  <sporty>
   no
  </sporty>
 </clothing>
 <clothing>
  <id>
   456678081
  </id>
  <name>
   Fila T-shirt P-1140
  </name>
  <category>
   T-shirt
  </category>
  <size>
   XXL
  </size>
  <color>
   Голубой
  </color>
  <material>
   Вискоза
  </material>
  <price>
   479199
  </price>
  <rating>
   3.82
  </rating>
  <reviews>
   990519
  </reviews>
  <exclusive>
   yes
  </exclusive>
 </clothing>
 <clothing>
  <id>
   240242342
  </id>
  <name>
   Lacoste Shirt N-5665
  </name>
  <category>
   Shirt
  </category>
  <size>
   XXL
  </size>
  <color>
   Фиолетовый
  </color>
  <material>
   Нейлон
  </material>
  <price>
   797756
  </price>
  <rating>
   3.63
  </rating>
  <reviews>
   851061
  </reviews>
  <sporty>
   no
  </sporty>
 </clothing>
 <clothing>
  <id>
   223875216
  </id>
  <name>
   Adidas Gloves T-3709
  </name>
  <category>
   Gloves
  </category>
  <size>
   M
  </size>
  <color>
   Синий
  </color>
  <material>
   Лен
  </material>
  <price>
   929579
  </price>
  <rating>
   2.56
  </rating>
  <reviews>
   668398
  </reviews>
  <sporty>
   no
  </sporty>
 </clothing>
 <clothing>
  <id>
   674929320
  </id>
  <name>
   Ellesse T-shirt E-4995
  </name>
  <category>
   T-shirt
  </category>
  <size>
   M
  </size>
  <color>
   Голубой
  </color>
  <material>
   Полиэстер
  </material>
  <price>
   905345
  </price>
  <rating>
   2.23
  </rating>
  <reviews>
   577017
  </reviews>
  <exclusive>
   no
  </exclusive>
  <sporty>
   no
  </sporty>
 </clothing>
 <clothing>
  <id>
   550928660
  </id>
  <name>
   Nike Pants I-4615
  </name>
  <category>
   Pants
  </category>
  <size>
   S
  </size>
  <color>
   Красный
  </color>
  <material>
   Шелк
  </material>
  <price>
   545039
  </price>
  <rating>
   1.63
  </rating>
  <reviews>
   704059
  </reviews>
  <new>
   -
  </new>
  <exclusive>
   no
  </exclusive>
 </clothing>
 <clothing>
  <id>
   857856250
  </id>
  <name>
   Addidas Jeans B-8359
  </name>
  <category>
   Jeans
  </category>
  <size>
   XXL
  </size>
  <color>
   Голубой
  </color>
  <material>
   Шерсть
  </material>
  <price>
   868717
  </price>
  <rating>
   1.41
  </rating>
  <reviews>
   115085
  </reviews>
  <new>
   +
  </new>
  <exclusive>
   no
  </exclusive>
 </clothing>
 <clothing>
  <id>
   493898505
  </id>
  <name>
   PleinSport Blouse Y-4959
  </name>
  <category>
   Blouse
  </category>
  <size>
   XXL
  </size>
  <color>
   Оранжевый
  </color>
  <material>
   Кожа
  </material>
  <price>
   421288
  </price>
  <rating>
   2.31
  </rating>
  <reviews>
   570546
  </reviews>
  <new>
   -
  </new>
  <exclusive>
   no
  </exclusive>
  <sporty>
   yes
  </sporty>
 </clothing>
 <clothing>
  <id>
   330123604
  </id>
  <name>
   PleinSport Sweater Q-3416
  </name>
  <category>
   Sweater
  </category>
  <size>
   S
  </size>
  <color>
   Красный
  </color>
  <material>
   Вискоза
  </material>
  <price>
   646450
  </price>
  <rating>
   4.91
  </rating>
  <reviews>
   133379
  </reviews>
  <new>
   -
  </new>
  <exclusive>
   no
  </exclusive>
  <sporty>
   no
  </sporty>
 </clothing>
 <clothing>
  <id>
   711764224
  </id>
  <name>
   Lacoste Gloves C-8804
  </name>
  <category>
   Gloves
  </category>
  <size>
   XL
  </size>
  <color>
   Фиолетовый
  </color>
  <material>
   Полиэстер
  </material>
  <price>
   402642
  </price>
  <rating>
   4.61
  </rating>
  <reviews>
   499904
  </reviews>
  <new>
   -
  </new>
  <exclusive>
   no
  </exclusive>
 </clothing>
 <clothing>
  <id>
   903687528
  </id>
  <name>
   DC T-shirt A-4103
  </name>
  <category>
   T-shirt
  </category>
  <size>
   L
  </size>
  <color>
   Красный
  </color>
  <material>
   Шерсть
  </material>
  <price>
   592472
  </price>
  <rating>
   4.12
  </rating>
  <reviews>
   248230
  </reviews>
  <exclusive>
   yes
  </exclusive>
  <sporty>
   yes
  </sporty>
 </clothing>
 <clothing>
  <id>
   799474681
  </id>
  <name>
   Asics Skirt E-1248
  </name>
  <category>
   Skirt
  </category>
  <size>
   L
  </size>
  <color>
   Синий
  </color>
  <material>
   Шерсть
  </material>
  <price>
   224947
  </price>
  <rating>
   4.66
  </rating>
  <reviews>
   738379
  </reviews>
  <new>
   +
  </new>
  <sporty>
   no
  </sporty>
 </clothing>
 <clothing>
  <id>
   140655159
  </id>
  <name>
   Nike Jacket X-1974
  </name>
  <category>
   Jacket
  </category>
  <size>
   XL
  </size>
  <color>
   Желтый
  </color>
  <material>
   Шелк
  </material>
  <price>
   454171
  </price>
  <rating>
   3.57
  </rating>
  <reviews>
   207894
  </reviews>
  <new>
   +
  </new>
  <exclusive>
   no
  </exclusive>
  <sporty>
   yes
  </sporty>
 </clothing>
 <clothing>
  <id>
   637775686
  </id>
  <name>
   PleinSport T-shirt A-9989
  </name>
  <category>
   T-shirt
  </category>
  <size>
   XL
  </size>
  <color>
   Красный
  </color>
  <material>
   Нейлон
  </material>
  <price>
   690440
  </price>
  <rating>
   1.44
  </rating>
  <reviews>
   601894
  </reviews>
  <new>
   -
  </new>
  <sporty>
   yes
  </sporty>
 </clothing>
 <clothing>
  <id>
   506191632
  </id>
  <name>
   Vans Jacket N-3560
  </name>
  <category>
   Jacket
  </category>
  <size>
   M
  </size>
  <color>
   Зеленый
  </color>
  <material>
   Нейлон
  </material>
  <price>
   765404
  </price>
  <rating>
   1.19
  </rating>
  <reviews>
   502055
  </reviews>
  <exclusive>
   no
  </exclusive>
  <sporty>
   yes
  </sporty>
 </clothing>
 <clothing>
  <id>
   840395859
  </id>
  <name>
   Addidas Shoes R-1048
  </name>
  <category>
   Shoes
  </category>
  <size>
   M
  </size>
  <color>
   Зеленый
  </color>
  <material>
   Полиэстер
  </material>
  <price>
   284386
  </price>
  <rating>
   4.41
  </rating>
  <reviews>
   814931
  </reviews>
  <new>
   -
  </new>
  <exclusive>
   no
  </exclusive>
  <sporty>
   no
  </sporty>
 </clothing>
 <clothing>
  <id>
   522937815
  </id>
  <name>
   Ellesse Shoes J-7863
  </name>
  <category>
   Shoes
  </category>
  <size>
   M
  </size>
  <color>
   Оранжевый
  </color>
  <material>
   Шелк
  </material>
  <price>
   622322
  </price>
  <rating>
   3.34
  </rating>
  <reviews>
   175980
  </reviews>
  <exclusive>
   no
  </exclusive>
 </clothing>
 <clothing>
  <id>
   123102063
  </id>
  <name>
   Ellesse Handbags D-4434
  </name>
  <category>
   Handbags
  </category>
  <size>
   M
  </size>
  <color>
   Фиолетовый
  </color>
  <material>
   Нейлон
  </material>
  <price>
   898287
  </price>
  <rating>
   4.73
  </rating>
  <reviews>
   471868
  </reviews>
  <exclusive>
   no
  </exclusive>
 </clothing>
 <clothing>
  <id>
   683355182
  </id>
  <name>
   Adidas Dress E-9776
  </name>
  <category>
   Dress
  </category>
  <size>
   XL
  </size>
  <color>
   Зеленый
  </color>
  <material>
   Хлопок
  </material>
  <price>
   280277
  </price>
  <rating>
   4.94
  </rating>
  <reviews>
   422082
  </reviews>
  <new>
   -
  </new>
  <sporty>
   no
  </sporty>
 </clothing>
 <clothing>
  <id>
   830694317
  </id>
  <name>
   Converse Dress K-9706
  </name>
  <category>
   Dress
  </category>
  <size>
   XXL
  </size>
  <color>
   Красный
  </color>
  <material>
   Шерсть
  </material>
  <price>
   515351
  </price>
  <rating>
   4.76
  </rating>
  <reviews>
   28213
  </reviews>
  <new>
   -
  </new>
  <exclusive>
   no
  </exclusive>
 </clothing>
 <clothing>
  <id>
   566929997
  </id>
  <name>
   Brooks Jacket G-6759
  </name>
  <category>
   Jacket
  </category>
  <size>
   M
  </size>
  <color>
   Зеленый
  </color>
  <material>
   Кожа
  </material>
  <price>
   383521
  </price>
  <rating>
   3.46
  </rating>
  <reviews>
   841742
  </reviews>
  <exclusive>
   no
  </exclusive>
  <sporty>
   no
  </sporty>
 </clothing>
 <clothing>
  <id>
   906055768
  </id>
  <name>
   Ellesse Jacket M-9080
  </name>
  <category>
   Jacket
  </category>
  <size>
   M
  </size>
  <color>
   Фиолетовый
  </color>
  <material>
   Шерсть
  </material>
  <price>
   814165
  </price>
  <rating>
   1.83
  </rating>
  <reviews>
   146536
  </reviews>
  <sporty>
   no
  </sporty>
 </clothing>
 <clothing>
  <id>
   992687573
  </id>
  <name>
   Ellesse Jacket K-4504
  </name>
  <category>
   Jacket
  </category>
  <size>
   L
  </size>
  <color>
   Зеленый
  </color>
  <material>
   Вискоза
  </material>
  <price>
   395093
  </price>
  <rating>
   3.01
  </rating>
  <reviews>
   861901
  </reviews>
  <new>
   -
  </new>
  <sporty>
   no
  </sporty>
 </clothing>
 <clothing>
  <id>
   972312817
  </id>
  <name>
   Vans Handbags Y-8868
  </name>
  <category>
   Handbags
  </category>
  <size>
   XXL
  </size>
  <color>
   Зеленый
  </color>
  <material>
   Полиэстер
  </material>
  <price>
   544126
  </price>
  <rating>
   4.67
  </rating>
  <reviews>
   413967
  </reviews>
  <exclusive>
   no
  </exclusive>
  <sporty>
   no
  </sporty>
 </clothing>
 <clothing>
  <id>
   574305261
  </id>
  <name>
   Addidas Pants X-6561
  </name>
  <category>
   Pants
  </category>
  <size>
   XXL
  </size>
  <color>
   Фиолетовый
  </color>
  <material>
   Кожа
  </material>
  <price>
   591997
  </price>
  <rating>
   2.35
  </rating>
  <reviews>
   261221
  </reviews>
  <new>
   -
  </new>
  <sporty>
   no
  </sporty>
 </clothing>
 <clothing>
  <id>
   789320133
  </id>
  <name>
   Nike Skirt J-2448
  </name>
  <category>
   Skirt
  </category>
  <size>
   S
  </size>
  <color>
   Фиолетовый
  </color>
  <material>
   Шелк
  </material>
  <price>
   627950
  </price>
  <rating>
   3.04
  </rating>
  <reviews>
   84150
  </reviews>
  <new>
   -
  </new>
  <exclusive>
   no
  </exclusive>
 </clothing>
 <clothing>
  <id>
   364939381
  </id>
  <name>
   Converse Dress W-5374
  </name>
  <category>
   Dress
  </category>
  <size>
   XXL
  </size>
  <color>
   Оранжевый
  </color>
  <material>
   Кожа
  </material>
  <price>
   642951
  </price>
  <rating>
   3.68
  </rating>
  <reviews>
   90845
  </reviews>
  <new>
   +
  </new>
  <exclusive>
   yes
  </exclusive>
  <sporty>
   yes
  </sporty>
 </clothing>
 <clothing>
  <id>
   297933559
  </id>
  <name>
   Nike Belts J-5959
  </name>
  <category>
   Belts
  </category>
  <size>
   M
  </size>
  <color>
   Красный
  </color>
  <material>
   Нейлон
  </material>
  <price>
   537225
  </price>
  <rating>
   3.55
  </rating>
  <reviews>
   577450
  </reviews>
 </clothing>
 <clothing>
  <id>
   828904133
  </id>
  <name>
   Adidas Socks Z-2616
  </name>
  <category>
   Socks
  </category>
  <size>
   M
  </size>
  <color>
   Фиолетовый
  </color>
  <material>
   Кожа
  </material>
  <price>
   455740
  </price>
  <rating>
   1.98
  </rating>
  <reviews>
   278700
  </reviews>
  <exclusive>
   yes
  </exclusive>
 </clothing>
 <clothing>
  <id>
   223809859
  </id>
  <name>
   Ellesse Blouse R-3937
  </name>
  <category>
   Blouse
  </category>
  <size>
   S
  </size>
  <color>
   Зеленый
  </color>
  <material>
   Вискоза
  </material>
  <price>
   815511
  </price>
  <rating>
   4.56
  </rating>
  <reviews>
   207616
  </reviews>
  <exclusive>
   yes
  </exclusive>
  <sporty>
   no
  </sporty>
 </clothing>
 <clothing>
  <id>
   565493512
  </id>
  <name>
   Asics Handbags I-1985
  </name>
  <category>
   Handbags
  </category>
  <size>
   XXL
  </size>
  <color>
   Фиолетовый
  </color>
  <material>
   Шерсть
  </material>
  <price>
   841781
  </price>
  <rating>
   1.83
  </rating>
  <reviews>
   650011
  </reviews>
  <new>
   -
  </new>
  <sporty>
   yes
  </sporty>
 </clothing>
</clothing-items>
