<?xml version="1.0" encoding="utf-8"?>
<clothing-items>
 <clothing>
  <id>
   620649155
  </id>
  <name>
   Converse Dress O-7624
  </name>
  <category>
   Dress
  </category>
  <size>
   L
  </size>
  <color>
   Фиолетовый
  </color>
  <material>
   Хлопок
  </material>
  <price>
   128655
  </price>
  <rating>
   2.48
  </rating>
  <reviews>
   779406
  </reviews>
  <new>
   +
  </new>
  <sporty>
   yes
  </sporty>
 </clothing>
 <clothing>
  <id>
   231221447
  </id>
  <name>
   Adidas Jacket M-4577
  </name>
  <category>
   Jacket
  </category>
  <size>
   XL
  </size>
  <color>
   Зеленый
  </color>
  <material>
   Кожа
  </material>
  <price>
   327434
  </price>
  <rating>
   4.51
  </rating>
  <reviews>
   28698
  </reviews>
  <new>
   -
  </new>
  <exclusive>
   yes
  </exclusive>
  <sporty>
   no
  </sporty>
 </clothing>
 <clothing>
  <id>
   758861647
  </id>
  <name>
   Brooks Socks N-1484
  </name>
  <category>
   Socks
  </category>
  <size>
   XL
  </size>
  <color>
   Синий
  </color>
  <material>
   Хлопок
  </material>
  <price>
   101749
  </price>
  <rating>
   3.33
  </rating>
  <reviews>
   735599
  </reviews>
  <exclusive>
   no
  </exclusive>
 </clothing>
 <clothing>
  <id>
   296539373
  </id>
  <name>
   Adidas Skirt Y-9315
  </name>
  <category>
   Skirt
  </category>
  <size>
   M
  </size>
  <color>
   Красный
  </color>
  <material>
   Кожа
  </material>
  <price>
   488132
  </price>
  <rating>
   3.55
  </rating>
  <reviews>
   166161
  </reviews>
  <new>
   +
  </new>
  <exclusive>
   no
  </exclusive>
  <sporty>
   yes
  </sporty>
 </clothing>
 <clothing>
  <id>
   872301127
  </id>
  <name>
   Nike T-shirt Q-3076
  </name>
  <category>
   T-shirt
  </category>
  <size>
   S
  </size>
  <color>
   Оранжевый
  </color>
  <material>
   Полиэстер
  </material>
  <price>
   436309
  </price>
  <rating>
   4.86
  </rating>
  <reviews>
   27319
  </reviews>
  <exclusive>
   yes
  </exclusive>
  <sporty>
   no
  </sporty>
 </clothing>
 <clothing>
  <id>
   265621844
  </id>
  <name>
   DC Hat L-5963
  </name>
  <category>
   Hat
  </category>
  <size>
   L
  </size>
  <color>
   Фиолетовый
  </color>
  <material>
   Лен
  </material>
  <price>
   239734
  </price>
  <rating>
   3.75
  </rating>
  <reviews>
   377154
  </reviews>
 </clothing>
 <clothing>
  <id>
   603377552
  </id>
  <name>
   Fila Pants W-4092
  </name>
  <category>
   Pants
  </category>
  <size>
   XXL
  </size>
  <color>
   Зеленый
  </color>
  <material>
   Нейлон
  </material>
  <price>
   453765
  </price>
  <rating>
   2.8
  </rating>
  <reviews>
   372514
  </reviews>
  <exclusive>
   no
  </exclusive>
  <sporty>
   yes
  </sporty>
 </clothing>
 <clothing>
  <id>
   160069356
  </id>
  <name>
   Puma Pants R-5626
  </name>
  <category>
   Pants
  </category>
  <size>
   XL
  </size>
  <color>
   Красный
  </color>
  <material>
   Полиэстер
  </material>
  <price>
   414136
  </price>
  <rating>
   1.45
  </rating>
  <reviews>
   956478
  </reviews>
  <exclusive>
   no
  </exclusive>
 </clothing>
 <clothing>
  <id>
   294928022
  </id>
  <name>
   PleinSport Gloves E-8445
  </name>
  <category>
   Gloves
  </category>
  <size>
   XXL
  </size>
  <color>
   Фиолетовый
  </color>
  <material>
   Полиэстер
  </material>
  <price>
   116551
  </price>
  <rating>
   1.42
  </rating>
  <reviews>
   7640
  </reviews>
  <new>
   -
  </new>
  <exclusive>
   yes
  </exclusive>
  <sporty>
   no
  </sporty>
 </clothing>
 <clothing>
  <id>
   513788865
  </id>
  <name>
   Vans Dress F-4865
  </name>
  <category>
   Dress
  </category>
  <size>
   S
  </size>
  <color>
   Красный
  </color>
  <material>
   Шелк
  </material>
  <price>
   997606
  </price>
  <rating>
   1.27
  </rating>
  <reviews>
   439224
  </reviews>
  <new>
   -
  </new>
  <exclusive>
   no
  </exclusive>
  <sporty>
   yes
  </sporty>
 </clothing>
 <clothing>
  <id>
   699678206
  </id>
  <name>
   DC Blouse J-4955
  </name>
  <category>
   Blouse
  </category>
  <size>
   L
  </size>
  <color>
   Синий
  </color>
  <material>
   Нейлон
  </material>
  <price>
   901605
  </price>
  <rating>
   2.26
  </rating>
  <reviews>
   272174
  </reviews>
  <new>
   -
  </new>
 </clothing>
 <clothing>
  <id>
   384230361
  </id>
  <name>
   Vans Hat I-8678
  </name>
  <category>
   Hat
  </category>
  <size>
   XXL
  </size>
  <color>
   Оранжевый
  </color>
  <material>
   Полиэстер
  </material>
  <price>
   837144
  </price>
  <rating>
   4.66
  </rating>
  <reviews>
   590709
  </reviews>
  <new>
   +
  </new>
  <exclusive>
   yes
  </exclusive>
  <sporty>
   yes
  </sporty>
 </clothing>
 <clothing>
  <id>
   300818158
  </id>
  <name>
   Converse Gloves V-4265
  </name>
  <category>
   Gloves
  </category>
  <size>
   XL
  </size>
  <color>
   Фиолетовый
  </color>
  <material>
   Вискоза
  </material>
  <price>
   124020
  </price>
  <rating>
   1.98
  </rating>
  <reviews>
   923625
  </reviews>
  <exclusive>
   yes
  </exclusive>
  <sporty>
   no
  </sporty>
 </clothing>
 <clothing>
  <id>
   219445696
  </id>
  <name>
   DC Blouse W-2798
  </name>
  <category>
   Blouse
  </category>
  <size>
   XXL
  </size>
  <color>
   Оранжевый
  </color>
  <material>
   Хлопок
  </material>
  <price>
   999469
  </price>
  <rating>
   1.32
  </rating>
  <reviews>
   552729
  </reviews>
  <exclusive>
   no
  </exclusive>
  <sporty>
   no
  </sporty>
 </clothing>
 <clothing>
  <id>
   172323748
  </id>
  <name>
   Asics Gloves I-5427
  </name>
  <category>
   Gloves
  </category>
  <size>
   XL
  </size>
  <color>
   Желтый
  </color>
  <material>
   Хлопок
  </material>
  <price>
   645893
  </price>
  <rating>
   2.6
  </rating>
  <reviews>
   774602
  </reviews>
  <new>
   -
  </new>
  <sporty>
   no
  </sporty>
 </clothing>
 <clothing>
  <id>
   869873103
  </id>
  <name>
   Asics Socks S-6724
  </name>
  <category>
   Socks
  </category>
  <size>
   M
  </size>
  <color>
   Голубой
  </color>
  <material>
   Полиэстер
  </material>
  <price>
   714634
  </price>
  <rating>
   4.88
  </rating>
  <reviews>
   891219
  </reviews>
  <exclusive>
   no
  </exclusive>
  <sporty>
   no
  </sporty>
 </clothing>
 <clothing>
  <id>
   409742438
  </id>
  <name>
   Vans Socks T-5855
  </name>
  <category>
   Socks
  </category>
  <size>
   XL
  </size>
  <color>
   Голубой
  </color>
  <material>
   Кожа
  </material>
  <price>
   971003
  </price>
  <rating>
   3.15
  </rating>
  <reviews>
   67532
  </reviews>
  <exclusive>
   no
  </exclusive>
  <sporty>
   no
  </sporty>
 </clothing>
 <clothing>
  <id>
   968621882
  </id>
  <name>
   Converse Belts O-8386
  </name>
  <category>
   Belts
  </category>
  <size>
   S
  </size>
  <color>
   Желтый
  </color>
  <material>
   Шелк
  </material>
  <price>
   333901
  </price>
  <rating>
   1.64
  </rating>
  <reviews>
   647234
  </reviews>
  <new>
   -
  </new>
  <sporty>
   no
  </sporty>
 </clothing>
 <clothing>
  <id>
   393316163
  </id>
  <name>
   Ellesse Skirt W-4043
  </name>
  <category>
   Skirt
  </category>
  <size>
   XL
  </size>
  <color>
   Желтый
  </color>
  <material>
   Нейлон
  </material>
  <price>
   142534
  </price>
  <rating>
   3.94
  </rating>
  <reviews>
   869773
  </reviews>
  <new>
   +
  </new>
  <exclusive>
   no
  </exclusive>
  <sporty>
   no
  </sporty>
 </clothing>
 <clothing>
  <id>
   430266258
  </id>
  <name>
   Brooks Blouse B-7349
  </name>
  <category>
   Blouse
  </category>
  <size>
   M
  </size>
  <color>
   Голубой
  </color>
  <material>
   Шерсть
  </material>
  <price>
   933232
  </price>
  <rating>
   2.3
  </rating>
  <reviews>
   468570
  </reviews>
  <exclusive>
   yes
  </exclusive>
 </clothing>
 <clothing>
  <id>
   467102870
  </id>
  <name>
   Fila Jeans F-9426
  </name>
  <category>
   Jeans
  </category>
  <size>
   M
  </size>
  <color>
   Оранжевый
  </color>
  <material>
   Шелк
  </material>
  <price>
   120914
  </price>
  <rating>
   3.99
  </rating>
  <reviews>
   435301
  </reviews>
  <new>
   +
  </new>
  <sporty>
   no
  </sporty>
 </clothing>
 <clothing>
  <id>
   686195257
  </id>
  <name>
   Lacoste Hat Y-7832
  </name>
  <category>
   Hat
  </category>
  <size>
   XL
  </size>
  <color>
   Синий
  </color>
  <material>
   Нейлон
  </material>
  <price>
   676220
  </price>
  <rating>
   2.33
  </rating>
  <reviews>
   89769
  </reviews>
  <sporty>
   no
  </sporty>
 </clothing>
 <clothing>
  <id>
   284961694
  </id>
  <name>
   Reebok Socks Y-2954
  </name>
  <category>
   Socks
  </category>
  <size>
   XXL
  </size>
  <color>
   Зеленый
  </color>
  <material>
   Шерсть
  </material>
  <price>
   347767
  </price>
  <rating>
   4.79
  </rating>
  <reviews>
   971435
  </reviews>
  <exclusive>
   no
  </exclusive>
 </clothing>
 <clothing>
  <id>
   744084812
  </id>
  <name>
   PleinSport Gloves L-2128
  </name>
  <category>
   Gloves
  </category>
  <size>
   XL
  </size>
  <color>
   Желтый
  </color>
  <material>
   Вискоза
  </material>
  <price>
   853578
  </price>
  <rating>
   2.24
  </rating>
  <reviews>
   564018
  </reviews>
  <exclusive>
   no
  </exclusive>
  <sporty>
   no
  </sporty>
 </clothing>
 <clothing>
  <id>
   457789746
  </id>
  <name>
   Lacoste Shirt J-3129
  </name>
  <category>
   Shirt
  </category>
  <size>
   M
  </size>
  <color>
   Фиолетовый
  </color>
  <material>
   Полиэстер
  </material>
  <price>
   625994
  </price>
  <rating>
   3.37
  </rating>
  <reviews>
   868317
  </reviews>
 </clothing>
 <clothing>
  <id>
   368471877
  </id>
  <name>
   Fila Skirt V-5743
  </name>
  <category>
   Skirt
  </category>
  <size>
   XXL
  </size>
  <color>
   Синий
  </color>
  <material>
   Хлопок
  </material>
  <price>
   563670
  </price>
  <rating>
   2.99
  </rating>
  <reviews>
   262152
  </reviews>
  <new>
   +
  </new>
  <sporty>
   no
  </sporty>
 </clothing>
 <clothing>
  <id>
   367127619
  </id>
  <name>
   Under Armour Umbrellas N-6539
  </name>
  <category>
   Umbrellas
  </category>
  <size>
   XL
  </size>
  <color>
   Синий
  </color>
  <material>
   Кожа
  </material>
  <price>
   766147
  </price>
  <rating>
   1.97
  </rating>
  <reviews>
   242967
  </reviews>
  <new>
   +
  </new>
  <exclusive>
   yes
  </exclusive>
 </clothing>
 <clothing>
  <id>
   690556100
  </id>
  <name>
   Nike Shoes C-3978
  </name>
  <category>
   Shoes
  </category>
  <size>
   L
  </size>
  <color>
   Синий
  </color>
  <material>
   Хлопок
  </material>
  <price>
   228305
  </price>
  <rating>
   4.11
  </rating>
  <reviews>
   10444
  </reviews>
  <new>
   -
  </new>
 </clothing>
 <clothing>
  <id>
   432531054
  </id>
  <name>
   DC Pants G-7401
  </name>
  <category>
   Pants
  </category>
  <size>
   M
  </size>
  <color>
   Голубой
  </color>
  <material>
   Лен
  </material>
  <price>
   998764
  </price>
  <rating>
   4.39
  </rating>
  <reviews>
   981124
  </reviews>
 </clothing>
</clothing-items>
