<?xml version="1.0" encoding="utf-8"?>
<clothing-items>
 <clothing>
  <id>
   402953562
  </id>
  <name>
   Vans Handbags C-3678
  </name>
  <category>
   Handbags
  </category>
  <size>
   S
  </size>
  <color>
   Желтый
  </color>
  <material>
   Вискоза
  </material>
  <price>
   561800
  </price>
  <rating>
   2.72
  </rating>
  <reviews>
   565441
  </reviews>
  <exclusive>
   no
  </exclusive>
  <sporty>
   no
  </sporty>
 </clothing>
 <clothing>
  <id>
   252609993
  </id>
  <name>
   Nike Hat D-9814
  </name>
  <category>
   Hat
  </category>
  <size>
   L
  </size>
  <color>
   Голубой
  </color>
  <material>
   Вискоза
  </material>
  <price>
   119473
  </price>
  <rating>
   3.26
  </rating>
  <reviews>
   890833
  </reviews>
  <new>
   +
  </new>
  <exclusive>
   yes
  </exclusive>
  <sporty>
   yes
  </sporty>
 </clothing>
 <clothing>
  <id>
   824097631
  </id>
  <name>
   Reebok Shoes Q-8359
  </name>
  <category>
   Shoes
  </category>
  <size>
   M
  </size>
  <color>
   Зеленый
  </color>
  <material>
   Шерсть
  </material>
  <price>
   642643
  </price>
  <rating>
   1.03
  </rating>
  <reviews>
   680120
  </reviews>
  <new>
   -
  </new>
  <exclusive>
   yes
  </exclusive>
  <sporty>
   no
  </sporty>
 </clothing>
 <clothing>
  <id>
   902305219
  </id>
  <name>
   Reebok Handbags Y-8203
  </name>
  <category>
   Handbags
  </category>
  <size>
   XXL
  </size>
  <color>
   Зеленый
  </color>
  <material>
   Нейлон
  </material>
  <price>
   800267
  </price>
  <rating>
   3.15
  </rating>
  <reviews>
   739951
  </reviews>
  <exclusive>
   no
  </exclusive>
  <sporty>
   no
  </sporty>
 </clothing>
 <clothing>
  <id>
   619007265
  </id>
  <name>
   Brooks Blouse K-9406
  </name>
  <category>
   Blouse
  </category>
  <size>
   L
  </size>
  <color>
   Голубой
  </color>
  <material>
   Полиэстер
  </material>
  <price>
   666974
  </price>
  <rating>
   5.0
  </rating>
  <reviews>
   872203
  </reviews>
  <exclusive>
   yes
  </exclusive>
 </clothing>
 <clothing>
  <id>
   943870912
  </id>
  <name>
   Asics T-shirt F-5261
  </name>
  <category>
   T-shirt
  </category>
  <size>
   M
  </size>
  <color>
   Синий
  </color>
  <material>
   Вискоза
  </material>
  <price>
   585548
  </price>
  <rating>
   1.29
  </rating>
  <reviews>
   479943
  </reviews>
  <exclusive>
   yes
  </exclusive>
  <sporty>
   yes
  </sporty>
 </clothing>
 <clothing>
  <id>
   617177621
  </id>
  <name>
   Vans Hat G-2657
  </name>
  <category>
   Hat
  </category>
  <size>
   XL
  </size>
  <color>
   Красный
  </color>
  <material>
   Лен
  </material>
  <price>
   573919
  </price>
  <rating>
   1.64
  </rating>
  <reviews>
   394890
  </reviews>
  <exclusive>
   yes
  </exclusive>
  <sporty>
   no
  </sporty>
 </clothing>
 <clothing>
  <id>
   674058637
  </id>
  <name>
   Nike Socks E-1372
  </name>
  <category>
   Socks
  </category>
  <size>
   S
  </size>
  <color>
   Желтый
  </color>
  <material>
   Нейлон
  </material>
  <price>
   853161
  </price>
  <rating>
   2.36
  </rating>
  <reviews>
   843669
  </reviews>
  <new>
   -
  </new>
  <exclusive>
   yes
  </exclusive>
  <sporty>
   no
  </sporty>
 </clothing>
 <clothing>
  <id>
   184711998
  </id>
  <name>
   Addidas Shirt T-4155
  </name>
  <category>
   Shirt
  </category>
  <size>
   S
  </size>
  <color>
   Красный
  </color>
  <material>
   Полиэстер
  </material>
  <price>
   575776
  </price>
  <rating>
   1.21
  </rating>
  <reviews>
   280368
  </reviews>
  <new>
   -
  </new>
  <exclusive>
   no
  </exclusive>
  <sporty>
   no
  </sporty>
 </clothing>
 <clothing>
  <id>
   673635422
  </id>
  <name>
   Nike Gloves Y-7364
  </name>
  <category>
   Gloves
  </category>
  <size>
   XXL
  </size>
  <color>
   Голубой
  </color>
  <material>
   Полиэстер
  </material>
  <price>
   161632
  </price>
  <rating>
   3.45
  </rating>
  <reviews>
   404170
  </reviews>
  <exclusive>
   yes
  </exclusive>
 </clothing>
 <clothing>
  <id>
   706143552
  </id>
  <name>
   Adidas Skirt V-9414
  </name>
  <category>
   Skirt
  </category>
  <size>
   XL
  </size>
  <color>
   Синий
  </color>
  <material>
   Хлопок
  </material>
  <price>
   225624
  </price>
  <rating>
   4.89
  </rating>
  <reviews>
   790602
  </reviews>
  <new>
   -
  </new>
 </clothing>
 <clothing>
  <id>
   940121623
  </id>
  <name>
   Lacoste Gloves P-6371
  </name>
  <category>
   Gloves
  </category>
  <size>
   S
  </size>
  <color>
   Фиолетовый
  </color>
  <material>
   Шелк
  </material>
  <price>
   312655
  </price>
  <rating>
   1.86
  </rating>
  <reviews>
   773083
  </reviews>
  <new>
   +
  </new>
  <sporty>
   no
  </sporty>
 </clothing>
 <clothing>
  <id>
   210756813
  </id>
  <name>
   Vans Belts S-2953
  </name>
  <category>
   Belts
  </category>
  <size>
   L
  </size>
  <color>
   Желтый
  </color>
  <material>
   Вискоза
  </material>
  <price>
   488033
  </price>
  <rating>
   1.77
  </rating>
  <reviews>
   665747
  </reviews>
  <new>
   -
  </new>
  <sporty>
   no
  </sporty>
 </clothing>
 <clothing>
  <id>
   568659233
  </id>
  <name>
   Reebok T-shirt T-1271
  </name>
  <category>
   T-shirt
  </category>
  <size>
   XXL
  </size>
  <color>
   Желтый
  </color>
  <material>
   Шелк
  </material>
  <price>
   903515
  </price>
  <rating>
   3.89
  </rating>
  <reviews>
   692824
  </reviews>
  <new>
   -
  </new>
 </clothing>
 <clothing>
  <id>
   789202950
  </id>
  <name>
   Addidas Handbags K-8139
  </name>
  <category>
   Handbags
  </category>
  <size>
   L
  </size>
  <color>
   Красный
  </color>
  <material>
   Хлопок
  </material>
  <price>
   691869
  </price>
  <rating>
   3.76
  </rating>
  <reviews>
   685694
  </reviews>
  <exclusive>
   no
  </exclusive>
  <sporty>
   yes
  </sporty>
 </clothing>
 <clothing>
  <id>
   808257863
  </id>
  <name>
   New Balance Belts F-5804
  </name>
  <category>
   Belts
  </category>
  <size>
   XL
  </size>
  <color>
   Фиолетовый
  </color>
  <material>
   Кожа
  </material>
  <price>
   666325
  </price>
  <rating>
   3.56
  </rating>
  <reviews>
   99647
  </reviews>
  <exclusive>
   yes
  </exclusive>
  <sporty>
   no
  </sporty>
 </clothing>
 <clothing>
  <id>
   360453676
  </id>
  <name>
   Ellesse Sweater E-2687
  </name>
  <category>
   Sweater
  </category>
  <size>
   XL
  </size>
  <color>
   Голубой
  </color>
  <material>
   Шелк
  </material>
  <price>
   467971
  </price>
  <rating>
   3.49
  </rating>
  <reviews>
   775267
  </reviews>
  <sporty>
   no
  </sporty>
 </clothing>
 <clothing>
  <id>
   677316400
  </id>
  <name>
   New Balance Jeans U-4661
  </name>
  <category>
   Jeans
  </category>
  <size>
   XXL
  </size>
  <color>
   Фиолетовый
  </color>
  <material>
   Шерсть
  </material>
  <price>
   993055
  </price>
  <rating>
   1.72
  </rating>
  <reviews>
   60867
  </reviews>
  <new>
   +
  </new>
  <sporty>
   no
  </sporty>
 </clothing>
 <clothing>
  <id>
   742471498
  </id>
  <name>
   Nike Hat T-2781
  </name>
  <category>
   Hat
  </category>
  <size>
   XXL
  </size>
  <color>
   Голубой
  </color>
  <material>
   Шелк
  </material>
  <price>
   222461
  </price>
  <rating>
   3.22
  </rating>
  <reviews>
   998571
  </reviews>
  <new>
   -
  </new>
  <exclusive>
   no
  </exclusive>
  <sporty>
   no
  </sporty>
 </clothing>
 <clothing>
  <id>
   990458637
  </id>
  <name>
   Lacoste Sweater Y-2986
  </name>
  <category>
   Sweater
  </category>
  <size>
   XXL
  </size>
  <color>
   Синий
  </color>
  <material>
   Нейлон
  </material>
  <price>
   482910
  </price>
  <rating>
   2.12
  </rating>
  <reviews>
   486814
  </reviews>
  <new>
   +
  </new>
  <exclusive>
   no
  </exclusive>
 </clothing>
 <clothing>
  <id>
   511089455
  </id>
  <name>
   Fila Socks O-9204
  </name>
  <category>
   Socks
  </category>
  <size>
   S
  </size>
  <color>
   Фиолетовый
  </color>
  <material>
   Шерсть
  </material>
  <price>
   266642
  </price>
  <rating>
   2.03
  </rating>
  <reviews>
   184749
  </reviews>
  <new>
   -
  </new>
  <exclusive>
   no
  </exclusive>
 </clothing>
 <clothing>
  <id>
   650855128
  </id>
  <name>
   Asics Blouse Y-2916
  </name>
  <category>
   Blouse
  </category>
  <size>
   XL
  </size>
  <color>
   Синий
  </color>
  <material>
   Хлопок
  </material>
  <price>
   897953
  </price>
  <rating>
   2.31
  </rating>
  <reviews>
   242304
  </reviews>
  <new>
   +
  </new>
  <exclusive>
   yes
  </exclusive>
  <sporty>
   no
  </sporty>
 </clothing>
 <clothing>
  <id>
   318097812
  </id>
  <name>
   DC Belts J-1660
  </name>
  <category>
   Belts
  </category>
  <size>
   S
  </size>
  <color>
   Голубой
  </color>
  <material>
   Лен
  </material>
  <price>
   806055
  </price>
  <rating>
   2.14
  </rating>
  <reviews>
   776194
  </reviews>
  <new>
   -
  </new>
  <exclusive>
   yes
  </exclusive>
 </clothing>
 <clothing>
  <id>
   810874291
  </id>
  <name>
   Converse T-shirt M-2343
  </name>
  <category>
   T-shirt
  </category>
  <size>
   XL
  </size>
  <color>
   Желтый
  </color>
  <material>
   Хлопок
  </material>
  <price>
   233000
  </price>
  <rating>
   3.05
  </rating>
  <reviews>
   402559
  </reviews>
  <new>
   -
  </new>
  <sporty>
   yes
  </sporty>
 </clothing>
 <clothing>
  <id>
   434952138
  </id>
  <name>
   Fila Umbrellas B-1627
  </name>
  <category>
   Umbrellas
  </category>
  <size>
   M
  </size>
  <color>
   Зеленый
  </color>
  <material>
   Лен
  </material>
  <price>
   664489
  </price>
  <rating>
   1.38
  </rating>
  <reviews>
   447113
  </reviews>
  <new>
   -
  </new>
 </clothing>
 <clothing>
  <id>
   238799627
  </id>
  <name>
   Puma Gloves R-8153
  </name>
  <category>
   Gloves
  </category>
  <size>
   M
  </size>
  <color>
   Оранжевый
  </color>
  <material>
   Вискоза
  </material>
  <price>
   456168
  </price>
  <rating>
   4.06
  </rating>
  <reviews>
   7410
  </reviews>
 </clothing>
 <clothing>
  <id>
   415640312
  </id>
  <name>
   Fila Socks E-1466
  </name>
  <category>
   Socks
  </category>
  <size>
   S
  </size>
  <color>
   Голубой
  </color>
  <material>
   Хлопок
  </material>
  <price>
   164957
  </price>
  <rating>
   2.56
  </rating>
  <reviews>
   911900
  </reviews>
  <new>
   -
  </new>
  <exclusive>
   no
  </exclusive>
 </clothing>
 <clothing>
  <id>
   808604860
  </id>
  <name>
   PleinSport Sweater V-9216
  </name>
  <category>
   Sweater
  </category>
  <size>
   L
  </size>
  <color>
   Красный
  </color>
  <material>
   Кожа
  </material>
  <price>
   783366
  </price>
  <rating>
   2.48
  </rating>
  <reviews>
   823637
  </reviews>
  <exclusive>
   no
  </exclusive>
  <sporty>
   yes
  </sporty>
 </clothing>
 <clothing>
  <id>
   558019645
  </id>
  <name>
   Adidas Dress S-9132
  </name>
  <category>
   Dress
  </category>
  <size>
   M
  </size>
  <color>
   Зеленый
  </color>
  <material>
   Кожа
  </material>
  <price>
   689673
  </price>
  <rating>
   1.1
  </rating>
  <reviews>
   358334
  </reviews>
  <exclusive>
   yes
  </exclusive>
  <sporty>
   no
  </sporty>
 </clothing>
 <clothing>
  <id>
   177998946
  </id>
  <name>
   Under Armour T-shirt G-8146
  </name>
  <category>
   T-shirt
  </category>
  <size>
   S
  </size>
  <color>
   Синий
  </color>
  <material>
   Шерсть
  </material>
  <price>
   837943
  </price>
  <rating>
   3.38
  </rating>
  <reviews>
   911617
  </reviews>
  <sporty>
   yes
  </sporty>
 </clothing>
 <clothing>
  <id>
   450034339
  </id>
  <name>
   PleinSport Belts O-6291
  </name>
  <category>
   Belts
  </category>
  <size>
   M
  </size>
  <color>
   Красный
  </color>
  <material>
   Хлопок
  </material>
  <price>
   779566
  </price>
  <rating>
   1.29
  </rating>
  <reviews>
   463771
  </reviews>
  <exclusive>
   no
  </exclusive>
  <sporty>
   yes
  </sporty>
 </clothing>
 <clothing>
  <id>
   489601052
  </id>
  <name>
   Vans Sweater G-7777
  </name>
  <category>
   Sweater
  </category>
  <size>
   S
  </size>
  <color>
   Желтый
  </color>
  <material>
   Кожа
  </material>
  <price>
   386196
  </price>
  <rating>
   1.68
  </rating>
  <reviews>
   280570
  </reviews>
  <new>
   -
  </new>
  <exclusive>
   no
  </exclusive>
  <sporty>
   no
  </sporty>
 </clothing>
 <clothing>
  <id>
   832044655
  </id>
  <name>
   Ellesse Pants K-5300
  </name>
  <category>
   Pants
  </category>
  <size>
   XL
  </size>
  <color>
   Фиолетовый
  </color>
  <material>
   Шелк
  </material>
  <price>
   733768
  </price>
  <rating>
   3.96
  </rating>
  <reviews>
   586367
  </reviews>
 </clothing>
 <clothing>
  <id>
   602694894
  </id>
  <name>
   Vans Handbags A-1001
  </name>
  <category>
   Handbags
  </category>
  <size>
   XXL
  </size>
  <color>
   Зеленый
  </color>
  <material>
   Кожа
  </material>
  <price>
   946646
  </price>
  <rating>
   2.01
  </rating>
  <reviews>
   891976
  </reviews>
  <new>
   +
  </new>
 </clothing>
</clothing-items>
