<?xml version="1.0" encoding="utf-8"?>
<clothing-items>
 <clothing>
  <id>
   980211053
  </id>
  <name>
   DC Handbags Z-8292
  </name>
  <category>
   Handbags
  </category>
  <size>
   XXL
  </size>
  <color>
   Фиолетовый
  </color>
  <material>
   Кожа
  </material>
  <price>
   357985
  </price>
  <rating>
   2.04
  </rating>
  <reviews>
   274806
  </reviews>
  <new>
   -
  </new>
 </clothing>
 <clothing>
  <id>
   792165757
  </id>
  <name>
   Under Armour T-shirt K-4060
  </name>
  <category>
   T-shirt
  </category>
  <size>
   XL
  </size>
  <color>
   Красный
  </color>
  <material>
   Нейлон
  </material>
  <price>
   245471
  </price>
  <rating>
   3.86
  </rating>
  <reviews>
   600744
  </reviews>
  <new>
   +
  </new>
  <exclusive>
   no
  </exclusive>
  <sporty>
   yes
  </sporty>
 </clothing>
 <clothing>
  <id>
   856291959
  </id>
  <name>
   Puma Umbrellas D-8233
  </name>
  <category>
   Umbrellas
  </category>
  <size>
   XL
  </size>
  <color>
   Желтый
  </color>
  <material>
   Полиэстер
  </material>
  <price>
   984647
  </price>
  <rating>
   4.12
  </rating>
  <reviews>
   462981
  </reviews>
  <new>
   -
  </new>
  <exclusive>
   yes
  </exclusive>
  <sporty>
   no
  </sporty>
 </clothing>
 <clothing>
  <id>
   454447340
  </id>
  <name>
   Vans Socks G-8409
  </name>
  <category>
   Socks
  </category>
  <size>
   S
  </size>
  <color>
   Зеленый
  </color>
  <material>
   Нейлон
  </material>
  <price>
   821651
  </price>
  <rating>
   1.53
  </rating>
  <reviews>
   237286
  </reviews>
  <new>
   +
  </new>
  <exclusive>
   yes
  </exclusive>
 </clothing>
 <clothing>
  <id>
   243044590
  </id>
  <name>
   Nike Sweater E-4129
  </name>
  <category>
   Sweater
  </category>
  <size>
   XXL
  </size>
  <color>
   Красный
  </color>
  <material>
   Вискоза
  </material>
  <price>
   196983
  </price>
  <rating>
   2.49
  </rating>
  <reviews>
   194285
  </reviews>
  <exclusive>
   no
  </exclusive>
  <sporty>
   no
  </sporty>
 </clothing>
 <clothing>
  <id>
   580199540
  </id>
  <name>
   Reebok Blouse C-9958
  </name>
  <category>
   Blouse
  </category>
  <size>
   S
  </size>
  <color>
   Желтый
  </color>
  <material>
   Шерсть
  </material>
  <price>
   717962
  </price>
  <rating>
   1.66
  </rating>
  <reviews>
   639126
  </reviews>
  <new>
   +
  </new>
  <exclusive>
   no
  </exclusive>
  <sporty>
   no
  </sporty>
 </clothing>
 <clothing>
  <id>
   620465870
  </id>
  <name>
   Nike Shirt X-3090
  </name>
  <category>
   Shirt
  </category>
  <size>
   M
  </size>
  <color>
   Синий
  </color>
  <material>
   Кожа
  </material>
  <price>
   760183
  </price>
  <rating>
   2.2
  </rating>
  <reviews>
   174985
  </reviews>
  <new>
   +
  </new>
  <sporty>
   yes
  </sporty>
 </clothing>
 <clothing>
  <id>
   500487907
  </id>
  <name>
   Lacoste Gloves V-7402
  </name>
  <category>
   Gloves
  </category>
  <size>
   S
  </size>
  <color>
   Синий
  </color>
  <material>
   Шерсть
  </material>
  <price>
   622613
  </price>
  <rating>
   4.44
  </rating>
  <reviews>
   847780
  </reviews>
  <exclusive>
   yes
  </exclusive>
 </clothing>
 <clothing>
  <id>
   854649987
  </id>
  <name>
   PleinSport Socks H-8136
  </name>
  <category>
   Socks
  </category>
  <size>
   S
  </size>
  <color>
   Красный
  </color>
  <material>
   Шелк
  </material>
  <price>
   107849
  </price>
  <rating>
   1.88
  </rating>
  <reviews>
   32843
  </reviews>
  <new>
   -
  </new>
  <exclusive>
   no
  </exclusive>
  <sporty>
   no
  </sporty>
 </clothing>
 <clothing>
  <id>
   853946464
  </id>
  <name>
   DC Umbrellas O-1579
  </name>
  <category>
   Umbrellas
  </category>
  <size>
   S
  </size>
  <color>
   Зеленый
  </color>
  <material>
   Полиэстер
  </material>
  <price>
   440548
  </price>
  <rating>
   3.11
  </rating>
  <reviews>
   907778
  </reviews>
  <new>
   +
  </new>
  <exclusive>
   yes
  </exclusive>
  <sporty>
   yes
  </sporty>
 </clothing>
 <clothing>
  <id>
   548273207
  </id>
  <name>
   Lacoste Skirt B-5207
  </name>
  <category>
   Skirt
  </category>
  <size>
   S
  </size>
  <color>
   Желтый
  </color>
  <material>
   Шерсть
  </material>
  <price>
   651880
  </price>
  <rating>
   1.23
  </rating>
  <reviews>
   26721
  </reviews>
  <new>
   -
  </new>
  <sporty>
   no
  </sporty>
 </clothing>
 <clothing>
  <id>
   292296320
  </id>
  <name>
   Asics Socks X-8394
  </name>
  <category>
   Socks
  </category>
  <size>
   S
  </size>
  <color>
   Синий
  </color>
  <material>
   Нейлон
  </material>
  <price>
   936949
  </price>
  <rating>
   4.38
  </rating>
  <reviews>
   81209
  </reviews>
  <new>
   -
  </new>
  <exclusive>
   no
  </exclusive>
  <sporty>
   yes
  </sporty>
 </clothing>
 <clothing>
  <id>
   619935079
  </id>
  <name>
   Nike Hat F-7039
  </name>
  <category>
   Hat
  </category>
  <size>
   XXL
  </size>
  <color>
   Желтый
  </color>
  <material>
   Шелк
  </material>
  <price>
   871660
  </price>
  <rating>
   1.98
  </rating>
  <reviews>
   162235
  </reviews>
  <new>
   +
  </new>
  <sporty>
   yes
  </sporty>
 </clothing>
 <clothing>
  <id>
   376745867
  </id>
  <name>
   Brooks Hat P-1165
  </name>
  <category>
   Hat
  </category>
  <size>
   M
  </size>
  <color>
   Синий
  </color>
  <material>
   Нейлон
  </material>
  <price>
   938415
  </price>
  <rating>
   1.98
  </rating>
  <reviews>
   531147
  </reviews>
  <sporty>
   no
  </sporty>
 </clothing>
 <clothing>
  <id>
   890429469
  </id>
  <name>
   Addidas Shoes W-4460
  </name>
  <category>
   Shoes
  </category>
  <size>
   XL
  </size>
  <color>
   Желтый
  </color>
  <material>
   Полиэстер
  </material>
  <price>
   383098
  </price>
  <rating>
   1.48
  </rating>
  <reviews>
   615977
  </reviews>
 </clothing>
 <clothing>
  <id>
   959272770
  </id>
  <name>
   Puma Dress E-5260
  </name>
  <category>
   Dress
  </category>
  <size>
   XL
  </size>
  <color>
   Оранжевый
  </color>
  <material>
   Хлопок
  </material>
  <price>
   844013
  </price>
  <rating>
   4.76
  </rating>
  <reviews>
   156225
  </reviews>
  <new>
   -
  </new>
  <sporty>
   no
  </sporty>
 </clothing>
 <clothing>
  <id>
   559366084
  </id>
  <name>
   Addidas Gloves X-1823
  </name>
  <category>
   Gloves
  </category>
  <size>
   XXL
  </size>
  <color>
   Синий
  </color>
  <material>
   Шелк
  </material>
  <price>
   936932
  </price>
  <rating>
   3.2
  </rating>
  <reviews>
   424668
  </reviews>
  <new>
   -
  </new>
  <exclusive>
   yes
  </exclusive>
 </clothing>
 <clothing>
  <id>
   207896781
  </id>
  <name>
   Asics Skirt G-7971
  </name>
  <category>
   Skirt
  </category>
  <size>
   S
  </size>
  <color>
   Фиолетовый
  </color>
  <material>
   Кожа
  </material>
  <price>
   243802
  </price>
  <rating>
   3.91
  </rating>
  <reviews>
   699853
  </reviews>
  <exclusive>
   yes
  </exclusive>
  <sporty>
   yes
  </sporty>
 </clothing>
 <clothing>
  <id>
   974825583
  </id>
  <name>
   DC Jeans T-3527
  </name>
  <category>
   Jeans
  </category>
  <size>
   S
  </size>
  <color>
   Зеленый
  </color>
  <material>
   Кожа
  </material>
  <price>
   848055
  </price>
  <rating>
   3.68
  </rating>
  <reviews>
   62206
  </reviews>
  <new>
   +
  </new>
  <sporty>
   no
  </sporty>
 </clothing>
 <clothing>
  <id>
   522288822
  </id>
  <name>
   Nike Blouse P-3936
  </name>
  <category>
   Blouse
  </category>
  <size>
   XL
  </size>
  <color>
   Синий
  </color>
  <material>
   Лен
  </material>
  <price>
   363037
  </price>
  <rating>
   4.85
  </rating>
  <reviews>
   416690
  </reviews>
  <new>
   -
  </new>
  <sporty>
   no
  </sporty>
 </clothing>
 <clothing>
  <id>
   279889571
  </id>
  <name>
   DC Pants T-8379
  </name>
  <category>
   Pants
  </category>
  <size>
   XL
  </size>
  <color>
   Голубой
  </color>
  <material>
   Хлопок
  </material>
  <price>
   824386
  </price>
  <rating>
   2.63
  </rating>
  <reviews>
   624934
  </reviews>
  <new>
   -
  </new>
  <sporty>
   no
  </sporty>
 </clothing>
 <clothing>
  <id>
   853202393
  </id>
  <name>
   Adidas Blouse W-2770
  </name>
  <category>
   Blouse
  </category>
  <size>
   L
  </size>
  <color>
   Желтый
  </color>
  <material>
   Полиэстер
  </material>
  <price>
   563644
  </price>
  <rating>
   1.99
  </rating>
  <reviews>
   243246
  </reviews>
 </clothing>
 <clothing>
  <id>
   305314119
  </id>
  <name>
   Ellesse Skirt O-4116
  </name>
  <category>
   Skirt
  </category>
  <size>
   XL
  </size>
  <color>
   Голубой
  </color>
  <material>
   Вискоза
  </material>
  <price>
   917347
  </price>
  <rating>
   1.93
  </rating>
  <reviews>
   345411
  </reviews>
  <new>
   +
  </new>
 </clothing>
</clothing-items>
