<?xml version="1.0" encoding="utf-8"?>
<clothing-items>
 <clothing>
  <id>
   521038341
  </id>
  <name>
   Asics Jeans K-4704
  </name>
  <category>
   Jeans
  </category>
  <size>
   S
  </size>
  <color>
   Красный
  </color>
  <material>
   Шелк
  </material>
  <price>
   696677
  </price>
  <rating>
   2.64
  </rating>
  <reviews>
   103489
  </reviews>
  <new>
   -
  </new>
 </clothing>
 <clothing>
  <id>
   299299279
  </id>
  <name>
   Adidas Handbags X-6169
  </name>
  <category>
   Handbags
  </category>
  <size>
   M
  </size>
  <color>
   Красный
  </color>
  <material>
   Лен
  </material>
  <price>
   186142
  </price>
  <rating>
   3.08
  </rating>
  <reviews>
   909786
  </reviews>
  <new>
   -
  </new>
  <exclusive>
   no
  </exclusive>
  <sporty>
   no
  </sporty>
 </clothing>
 <clothing>
  <id>
   988139796
  </id>
  <name>
   Reebok Hat A-2269
  </name>
  <category>
   Hat
  </category>
  <size>
   S
  </size>
  <color>
   Зеленый
  </color>
  <material>
   Лен
  </material>
  <price>
   410907
  </price>
  <rating>
   4.47
  </rating>
  <reviews>
   767359
  </reviews>
  <new>
   +
  </new>
  <exclusive>
   no
  </exclusive>
 </clothing>
 <clothing>
  <id>
   940240351
  </id>
  <name>
   Nike Gloves K-4466
  </name>
  <category>
   Gloves
  </category>
  <size>
   L
  </size>
  <color>
   Фиолетовый
  </color>
  <material>
   Хлопок
  </material>
  <price>
   482845
  </price>
  <rating>
   1.58
  </rating>
  <reviews>
   91683
  </reviews>
  <new>
   -
  </new>
  <exclusive>
   no
  </exclusive>
 </clothing>
 <clothing>
  <id>
   537894622
  </id>
  <name>
   Adidas Socks I-3506
  </name>
  <category>
   Socks
  </category>
  <size>
   L
  </size>
  <color>
   Оранжевый
  </color>
  <material>
   Вискоза
  </material>
  <price>
   722631
  </price>
  <rating>
   1.3
  </rating>
  <reviews>
   83892
  </reviews>
  <new>
   +
  </new>
 </clothing>
 <clothing>
  <id>
   538403087
  </id>
  <name>
   Brooks Pants Y-2694
  </name>
  <category>
   Pants
  </category>
  <size>
   XL
  </size>
  <color>
   Голубой
  </color>
  <material>
   Шелк
  </material>
  <price>
   225574
  </price>
  <rating>
   1.51
  </rating>
  <reviews>
   280196
  </reviews>
  <new>
   -
  </new>
  <exclusive>
   no
  </exclusive>
 </clothing>
 <clothing>
  <id>
   833234456
  </id>
  <name>
   Puma Jacket E-8653
  </name>
  <category>
   Jacket
  </category>
  <size>
   S
  </size>
  <color>
   Голубой
  </color>
  <material>
   Нейлон
  </material>
  <price>
   599480
  </price>
  <rating>
   4.07
  </rating>
  <reviews>
   336073
  </reviews>
  <new>
   -
  </new>
  <sporty>
   yes
  </sporty>
 </clothing>
 <clothing>
  <id>
   271038911
  </id>
  <name>
   Ellesse Jeans G-5409
  </name>
  <category>
   Jeans
  </category>
  <size>
   XL
  </size>
  <color>
   Желтый
  </color>
  <material>
   Нейлон
  </material>
  <price>
   578035
  </price>
  <rating>
   4.47
  </rating>
  <reviews>
   789850
  </reviews>
  <new>
   +
  </new>
  <exclusive>
   no
  </exclusive>
  <sporty>
   yes
  </sporty>
 </clothing>
 <clothing>
  <id>
   832624090
  </id>
  <name>
   Addidas Pants N-5068
  </name>
  <category>
   Pants
  </category>
  <size>
   L
  </size>
  <color>
   Желтый
  </color>
  <material>
   Полиэстер
  </material>
  <price>
   344495
  </price>
  <rating>
   3.41
  </rating>
  <reviews>
   344761
  </reviews>
  <exclusive>
   yes
  </exclusive>
 </clothing>
 <clothing>
  <id>
   409936772
  </id>
  <name>
   Converse Sweater Q-2386
  </name>
  <category>
   Sweater
  </category>
  <size>
   S
  </size>
  <color>
   Красный
  </color>
  <material>
   Шелк
  </material>
  <price>
   997826
  </price>
  <rating>
   1.8
  </rating>
  <reviews>
   808061
  </reviews>
  <exclusive>
   no
  </exclusive>
  <sporty>
   yes
  </sporty>
 </clothing>
 <clothing>
  <id>
   204365828
  </id>
  <name>
   DC Shoes C-6854
  </name>
  <category>
   Shoes
  </category>
  <size>
   S
  </size>
  <color>
   Желтый
  </color>
  <material>
   Лен
  </material>
  <price>
   234589
  </price>
  <rating>
   3.21
  </rating>
  <reviews>
   969270
  </reviews>
  <exclusive>
   yes
  </exclusive>
 </clothing>
 <clothing>
  <id>
   311973218
  </id>
  <name>
   Converse Gloves I-5987
  </name>
  <category>
   Gloves
  </category>
  <size>
   S
  </size>
  <color>
   Красный
  </color>
  <material>
   Шелк
  </material>
  <price>
   657076
  </price>
  <rating>
   1.19
  </rating>
  <reviews>
   844205
  </reviews>
  <exclusive>
   no
  </exclusive>
 </clothing>
 <clothing>
  <id>
   371134375
  </id>
  <name>
   Nike Shoes C-7675
  </name>
  <category>
   Shoes
  </category>
  <size>
   XL
  </size>
  <color>
   Красный
  </color>
  <material>
   Вискоза
  </material>
  <price>
   741453
  </price>
  <rating>
   3.64
  </rating>
  <reviews>
   852653
  </reviews>
  <new>
   -
  </new>
  <exclusive>
   yes
  </exclusive>
 </clothing>
 <clothing>
  <id>
   804358305
  </id>
  <name>
   Nike Skirt S-9348
  </name>
  <category>
   Skirt
  </category>
  <size>
   L
  </size>
  <color>
   Голубой
  </color>
  <material>
   Вискоза
  </material>
  <price>
   354814
  </price>
  <rating>
   2.26
  </rating>
  <reviews>
   879279
  </reviews>
  <exclusive>
   yes
  </exclusive>
  <sporty>
   yes
  </sporty>
 </clothing>
 <clothing>
  <id>
   369382487
  </id>
  <name>
   Puma Belts R-8229
  </name>
  <category>
   Belts
  </category>
  <size>
   XXL
  </size>
  <color>
   Красный
  </color>
  <material>
   Шерсть
  </material>
  <price>
   396695
  </price>
  <rating>
   4.51
  </rating>
  <reviews>
   70461
  </reviews>
  <exclusive>
   yes
  </exclusive>
 </clothing>
 <clothing>
  <id>
   805976857
  </id>
  <name>
   Lacoste Blouse J-3165
  </name>
  <category>
   Blouse
  </category>
  <size>
   XXL
  </size>
  <color>
   Желтый
  </color>
  <material>
   Хлопок
  </material>
  <price>
   464752
  </price>
  <rating>
   3.43
  </rating>
  <reviews>
   993149
  </reviews>
  <new>
   +
  </new>
 </clothing>
 <clothing>
  <id>
   857429557
  </id>
  <name>
   New Balance Shoes J-6321
  </name>
  <category>
   Shoes
  </category>
  <size>
   L
  </size>
  <color>
   Желтый
  </color>
  <material>
   Кожа
  </material>
  <price>
   277905
  </price>
  <rating>
   2.44
  </rating>
  <reviews>
   513266
  </reviews>
  <new>
   -
  </new>
  <exclusive>
   no
  </exclusive>
  <sporty>
   yes
  </sporty>
 </clothing>
 <clothing>
  <id>
   177274920
  </id>
  <name>
   Puma Socks S-9981
  </name>
  <category>
   Socks
  </category>
  <size>
   M
  </size>
  <color>
   Зеленый
  </color>
  <material>
   Шерсть
  </material>
  <price>
   578351
  </price>
  <rating>
   2.8
  </rating>
  <reviews>
   149899
  </reviews>
 </clothing>
 <clothing>
  <id>
   879381006
  </id>
  <name>
   Lacoste Skirt H-6180
  </name>
  <category>
   Skirt
  </category>
  <size>
   XXL
  </size>
  <color>
   Фиолетовый
  </color>
  <material>
   Вискоза
  </material>
  <price>
   271881
  </price>
  <rating>
   4.24
  </rating>
  <reviews>
   739578
  </reviews>
  <new>
   -
  </new>
  <exclusive>
   yes
  </exclusive>
  <sporty>
   no
  </sporty>
 </clothing>
 <clothing>
  <id>
   580390271
  </id>
  <name>
   Nike Sweater E-9568
  </name>
  <category>
   Sweater
  </category>
  <size>
   XL
  </size>
  <color>
   Красный
  </color>
  <material>
   Полиэстер
  </material>
  <price>
   883331
  </price>
  <rating>
   4.36
  </rating>
  <reviews>
   347138
  </reviews>
  <new>
   -
  </new>
  <sporty>
   no
  </sporty>
 </clothing>
 <clothing>
  <id>
   780290702
  </id>
  <name>
   Ellesse Jacket T-8807
  </name>
  <category>
   Jacket
  </category>
  <size>
   M
  </size>
  <color>
   Синий
  </color>
  <material>
   Полиэстер
  </material>
  <price>
   716798
  </price>
  <rating>
   2.37
  </rating>
  <reviews>
   408855
  </reviews>
  <new>
   -
  </new>
  <exclusive>
   no
  </exclusive>
 </clothing>
 <clothing>
  <id>
   693485102
  </id>
  <name>
   Addidas Jacket C-6979
  </name>
  <category>
   Jacket
  </category>
  <size>
   L
  </size>
  <color>
   Красный
  </color>
  <material>
   Шелк
  </material>
  <price>
   364700
  </price>
  <rating>
   3.17
  </rating>
  <reviews>
   738495
  </reviews>
 </clothing>
 <clothing>
  <id>
   570863529
  </id>
  <name>
   Under Armour Jacket D-3747
  </name>
  <category>
   Jacket
  </category>
  <size>
   M
  </size>
  <color>
   Голубой
  </color>
  <material>
   Хлопок
  </material>
  <price>
   746125
  </price>
  <rating>
   2.61
  </rating>
  <reviews>
   906069
  </reviews>
  <exclusive>
   no
  </exclusive>
  <sporty>
   no
  </sporty>
 </clothing>
 <clothing>
  <id>
   277987009
  </id>
  <name>
   Reebok Jeans Q-4261
  </name>
  <category>
   Jeans
  </category>
  <size>
   S
  </size>
  <color>
   Оранжевый
  </color>
  <material>
   Полиэстер
  </material>
  <price>
   168264
  </price>
  <rating>
   1.01
  </rating>
  <reviews>
   215198
  </reviews>
  <new>
   +
  </new>
  <exclusive>
   no
  </exclusive>
  <sporty>
   no
  </sporty>
 </clothing>
 <clothing>
  <id>
   820914990
  </id>
  <name>
   Ellesse Dress D-2265
  </name>
  <category>
   Dress
  </category>
  <size>
   S
  </size>
  <color>
   Красный
  </color>
  <material>
   Полиэстер
  </material>
  <price>
   173810
  </price>
  <rating>
   2.92
  </rating>
  <reviews>
   924682
  </reviews>
  <exclusive>
   yes
  </exclusive>
  <sporty>
   yes
  </sporty>
 </clothing>
 <clothing>
  <id>
   360171812
  </id>
  <name>
   Puma Skirt I-3180
  </name>
  <category>
   Skirt
  </category>
  <size>
   XL
  </size>
  <color>
   Зеленый
  </color>
  <material>
   Нейлон
  </material>
  <price>
   396551
  </price>
  <rating>
   4.36
  </rating>
  <reviews>
   358613
  </reviews>
  <new>
   -
  </new>
  <sporty>
   yes
  </sporty>
 </clothing>
 <clothing>
  <id>
   235556180
  </id>
  <name>
   Asics Dress H-2123
  </name>
  <category>
   Dress
  </category>
  <size>
   L
  </size>
  <color>
   Оранжевый
  </color>
  <material>
   Нейлон
  </material>
  <price>
   220298
  </price>
  <rating>
   2.76
  </rating>
  <reviews>
   416953
  </reviews>
  <new>
   +
  </new>
  <sporty>
   no
  </sporty>
 </clothing>
 <clothing>
  <id>
   326266740
  </id>
  <name>
   Nike Sweater Z-2753
  </name>
  <category>
   Sweater
  </category>
  <size>
   S
  </size>
  <color>
   Фиолетовый
  </color>
  <material>
   Лен
  </material>
  <price>
   242338
  </price>
  <rating>
   2.57
  </rating>
  <reviews>
   825605
  </reviews>
  <new>
   -
  </new>
  <exclusive>
   yes
  </exclusive>
 </clothing>
 <clothing>
  <id>
   189517752
  </id>
  <name>
   Puma Belts Y-1724
  </name>
  <category>
   Belts
  </category>
  <size>
   XL
  </size>
  <color>
   Зеленый
  </color>
  <material>
   Шерсть
  </material>
  <price>
   104275
  </price>
  <rating>
   3.48
  </rating>
  <reviews>
   357544
  </reviews>
  <sporty>
   no
  </sporty>
 </clothing>
 <clothing>
  <id>
   669881256
  </id>
  <name>
   Reebok Shoes K-6600
  </name>
  <category>
   Shoes
  </category>
  <size>
   S
  </size>
  <color>
   Зеленый
  </color>
  <material>
   Шерсть
  </material>
  <price>
   433624
  </price>
  <rating>
   1.23
  </rating>
  <reviews>
   613194
  </reviews>
  <new>
   -
  </new>
  <exclusive>
   yes
  </exclusive>
 </clothing>
 <clothing>
  <id>
   998985034
  </id>
  <name>
   PleinSport Socks X-6246
  </name>
  <category>
   Socks
  </category>
  <size>
   XXL
  </size>
  <color>
   Желтый
  </color>
  <material>
   Полиэстер
  </material>
  <price>
   560459
  </price>
  <rating>
   1.22
  </rating>
  <reviews>
   346502
  </reviews>
  <new>
   +
  </new>
  <exclusive>
   yes
  </exclusive>
 </clothing>
 <clothing>
  <id>
   820398838
  </id>
  <name>
   DC Belts U-6561
  </name>
  <category>
   Belts
  </category>
  <size>
   XXL
  </size>
  <color>
   Желтый
  </color>
  <material>
   Шерсть
  </material>
  <price>
   554562
  </price>
  <rating>
   1.93
  </rating>
  <reviews>
   410220
  </reviews>
  <new>
   -
  </new>
 </clothing>
 <clothing>
  <id>
   492842063
  </id>
  <name>
   Adidas Jeans I-3507
  </name>
  <category>
   Jeans
  </category>
  <size>
   XXL
  </size>
  <color>
   Оранжевый
  </color>
  <material>
   Хлопок
  </material>
  <price>
   613285
  </price>
  <rating>
   3.11
  </rating>
  <reviews>
   515552
  </reviews>
  <exclusive>
   no
  </exclusive>
 </clothing>
 <clothing>
  <id>
   993400953
  </id>
  <name>
   Adidas Jacket H-4873
  </name>
  <category>
   Jacket
  </category>
  <size>
   M
  </size>
  <color>
   Желтый
  </color>
  <material>
   Вискоза
  </material>
  <price>
   747941
  </price>
  <rating>
   3.59
  </rating>
  <reviews>
   593908
  </reviews>
  <new>
   -
  </new>
  <exclusive>
   no
  </exclusive>
 </clothing>
</clothing-items>
