<?xml version="1.0" encoding="utf-8"?>
<clothing-items>
 <clothing>
  <id>
   772635525
  </id>
  <name>
   Lacoste Sweater P-8965
  </name>
  <category>
   Sweater
  </category>
  <size>
   S
  </size>
  <color>
   Голубой
  </color>
  <material>
   Хлопок
  </material>
  <price>
   928971
  </price>
  <rating>
   2.93
  </rating>
  <reviews>
   163230
  </reviews>
  <sporty>
   no
  </sporty>
 </clothing>
 <clothing>
  <id>
   508453161
  </id>
  <name>
   PleinSport Shoes E-6315
  </name>
  <category>
   Shoes
  </category>
  <size>
   XXL
  </size>
  <color>
   Фиолетовый
  </color>
  <material>
   Вискоза
  </material>
  <price>
   411783
  </price>
  <rating>
   3.17
  </rating>
  <reviews>
   702721
  </reviews>
  <exclusive>
   yes
  </exclusive>
 </clothing>
 <clothing>
  <id>
   207996488
  </id>
  <name>
   Addidas Dress S-1840
  </name>
  <category>
   Dress
  </category>
  <size>
   XXL
  </size>
  <color>
   Фиолетовый
  </color>
  <material>
   Полиэстер
  </material>
  <price>
   795333
  </price>
  <rating>
   1.74
  </rating>
  <reviews>
   686133
  </reviews>
  <sporty>
   no
  </sporty>
 </clothing>
 <clothing>
  <id>
   254418065
  </id>
  <name>
   DC Socks N-5831
  </name>
  <category>
   Socks
  </category>
  <size>
   XL
  </size>
  <color>
   Красный
  </color>
  <material>
   Хлопок
  </material>
  <price>
   568025
  </price>
  <rating>
   1.96
  </rating>
  <reviews>
   400895
  </reviews>
  <exclusive>
   no
  </exclusive>
 </clothing>
 <clothing>
  <id>
   813970776
  </id>
  <name>
   Adidas Shoes Y-4141
  </name>
  <category>
   Shoes
  </category>
  <size>
   L
  </size>
  <color>
   Красный
  </color>
  <material>
   Шелк
  </material>
  <price>
   713088
  </price>
  <rating>
   1.58
  </rating>
  <reviews>
   673546
  </reviews>
  <exclusive>
   yes
  </exclusive>
 </clothing>
 <clothing>
  <id>
   400968384
  </id>
  <name>
   PleinSport Shirt R-8708
  </name>
  <category>
   Shirt
  </category>
  <size>
   XXL
  </size>
  <color>
   Зеленый
  </color>
  <material>
   Шерсть
  </material>
  <price>
   803240
  </price>
  <rating>
   3.34
  </rating>
  <reviews>
   369213
  </reviews>
  <sporty>
   no
  </sporty>
 </clothing>
 <clothing>
  <id>
   750184944
  </id>
  <name>
   Puma Hat B-5056
  </name>
  <category>
   Hat
  </category>
  <size>
   XXL
  </size>
  <color>
   Синий
  </color>
  <material>
   Нейлон
  </material>
  <price>
   427100
  </price>
  <rating>
   1.27
  </rating>
  <reviews>
   229371
  </reviews>
  <exclusive>
   no
  </exclusive>
  <sporty>
   yes
  </sporty>
 </clothing>
 <clothing>
  <id>
   129176896
  </id>
  <name>
   Converse Pants Y-7950
  </name>
  <category>
   Pants
  </category>
  <size>
   M
  </size>
  <color>
   Фиолетовый
  </color>
  <material>
   Полиэстер
  </material>
  <price>
   900521
  </price>
  <rating>
   3.17
  </rating>
  <reviews>
   440496
  </reviews>
 </clothing>
 <clothing>
  <id>
   823493799
  </id>
  <name>
   Adidas Skirt U-8305
  </name>
  <category>
   Skirt
  </category>
  <size>
   XXL
  </size>
  <color>
   Красный
  </color>
  <material>
   Нейлон
  </material>
  <price>
   319515
  </price>
  <rating>
   4.05
  </rating>
  <reviews>
   916692
  </reviews>
  <new>
   -
  </new>
  <exclusive>
   no
  </exclusive>
 </clothing>
 <clothing>
  <id>
   508666922
  </id>
  <name>
   Asics Umbrellas I-2878
  </name>
  <category>
   Umbrellas
  </category>
  <size>
   XXL
  </size>
  <color>
   Желтый
  </color>
  <material>
   Полиэстер
  </material>
  <price>
   731651
  </price>
  <rating>
   2.43
  </rating>
  <reviews>
   748102
  </reviews>
  <new>
   -
  </new>
  <sporty>
   no
  </sporty>
 </clothing>
 <clothing>
  <id>
   234157207
  </id>
  <name>
   Adidas Jeans L-5677
  </name>
  <category>
   Jeans
  </category>
  <size>
   XXL
  </size>
  <color>
   Голубой
  </color>
  <material>
   Нейлон
  </material>
  <price>
   864337
  </price>
  <rating>
   3.89
  </rating>
  <reviews>
   747825
  </reviews>
  <new>
   -
  </new>
  <sporty>
   no
  </sporty>
 </clothing>
 <clothing>
  <id>
   733944259
  </id>
  <name>
   Brooks Blouse K-4691
  </name>
  <category>
   Blouse
  </category>
  <size>
   XL
  </size>
  <color>
   Фиолетовый
  </color>
  <material>
   Кожа
  </material>
  <price>
   294790
  </price>
  <rating>
   3.11
  </rating>
  <reviews>
   603103
  </reviews>
  <new>
   -
  </new>
  <exclusive>
   no
  </exclusive>
  <sporty>
   no
  </sporty>
 </clothing>
 <clothing>
  <id>
   614991536
  </id>
  <name>
   Adidas Shirt W-7146
  </name>
  <category>
   Shirt
  </category>
  <size>
   L
  </size>
  <color>
   Красный
  </color>
  <material>
   Кожа
  </material>
  <price>
   561723
  </price>
  <rating>
   3.82
  </rating>
  <reviews>
   153984
  </reviews>
  <new>
   +
  </new>
  <exclusive>
   no
  </exclusive>
  <sporty>
   yes
  </sporty>
 </clothing>
 <clothing>
  <id>
   756491319
  </id>
  <name>
   Adidas Shirt G-8001
  </name>
  <category>
   Shirt
  </category>
  <size>
   L
  </size>
  <color>
   Оранжевый
  </color>
  <material>
   Вискоза
  </material>
  <price>
   365151
  </price>
  <rating>
   4.94
  </rating>
  <reviews>
   947993
  </reviews>
  <new>
   -
  </new>
  <sporty>
   yes
  </sporty>
 </clothing>
 <clothing>
  <id>
   813266866
  </id>
  <name>
   Nike Sweater A-6147
  </name>
  <category>
   Sweater
  </category>
  <size>
   S
  </size>
  <color>
   Красный
  </color>
  <material>
   Шерсть
  </material>
  <price>
   750765
  </price>
  <rating>
   2.96
  </rating>
  <reviews>
   953832
  </reviews>
  <exclusive>
   yes
  </exclusive>
 </clothing>
 <clothing>
  <id>
   728767968
  </id>
  <name>
   Puma Jeans H-2193
  </name>
  <category>
   Jeans
  </category>
  <size>
   L
  </size>
  <color>
   Голубой
  </color>
  <material>
   Кожа
  </material>
  <price>
   404627
  </price>
  <rating>
   4.52
  </rating>
  <reviews>
   364189
  </reviews>
  <new>
   +
  </new>
  <sporty>
   yes
  </sporty>
 </clothing>
 <clothing>
  <id>
   664446161
  </id>
  <name>
   Brooks Blouse G-4088
  </name>
  <category>
   Blouse
  </category>
  <size>
   XXL
  </size>
  <color>
   Фиолетовый
  </color>
  <material>
   Шерсть
  </material>
  <price>
   684483
  </price>
  <rating>
   3.19
  </rating>
  <reviews>
   229907
  </reviews>
  <exclusive>
   yes
  </exclusive>
  <sporty>
   yes
  </sporty>
 </clothing>
 <clothing>
  <id>
   507144974
  </id>
  <name>
   Adidas Dress Z-4496
  </name>
  <category>
   Dress
  </category>
  <size>
   S
  </size>
  <color>
   Синий
  </color>
  <material>
   Полиэстер
  </material>
  <price>
   550359
  </price>
  <rating>
   4.8
  </rating>
  <reviews>
   51371
  </reviews>
  <new>
   -
  </new>
  <exclusive>
   no
  </exclusive>
  <sporty>
   yes
  </sporty>
 </clothing>
 <clothing>
  <id>
   508547553
  </id>
  <name>
   Lacoste Shoes H-5014
  </name>
  <category>
   Shoes
  </category>
  <size>
   XL
  </size>
  <color>
   Желтый
  </color>
  <material>
   Шелк
  </material>
  <price>
   474887
  </price>
  <rating>
   1.18
  </rating>
  <reviews>
   980986
  </reviews>
  <new>
   +
  </new>
  <exclusive>
   yes
  </exclusive>
 </clothing>
 <clothing>
  <id>
   227253894
  </id>
  <name>
   Converse Dress N-7734
  </name>
  <category>
   Dress
  </category>
  <size>
   XXL
  </size>
  <color>
   Голубой
  </color>
  <material>
   Кожа
  </material>
  <price>
   655565
  </price>
  <rating>
   3.79
  </rating>
  <reviews>
   489756
  </reviews>
  <new>
   +
  </new>
 </clothing>
 <clothing>
  <id>
   460949417
  </id>
  <name>
   PleinSport Shoes V-2383
  </name>
  <category>
   Shoes
  </category>
  <size>
   M
  </size>
  <color>
   Оранжевый
  </color>
  <material>
   Шерсть
  </material>
  <price>
   415694
  </price>
  <rating>
   2.68
  </rating>
  <reviews>
   565139
  </reviews>
  <exclusive>
   no
  </exclusive>
 </clothing>
 <clothing>
  <id>
   527030809
  </id>
  <name>
   Adidas Pants B-4256
  </name>
  <category>
   Pants
  </category>
  <size>
   L
  </size>
  <color>
   Красный
  </color>
  <material>
   Кожа
  </material>
  <price>
   603346
  </price>
  <rating>
   2.72
  </rating>
  <reviews>
   769101
  </reviews>
  <new>
   +
  </new>
  <exclusive>
   no
  </exclusive>
 </clothing>
 <clothing>
  <id>
   688701082
  </id>
  <name>
   Fila Sweater V-2059
  </name>
  <category>
   Sweater
  </category>
  <size>
   L
  </size>
  <color>
   Желтый
  </color>
  <material>
   Шелк
  </material>
  <price>
   601359
  </price>
  <rating>
   3.35
  </rating>
  <reviews>
   915999
  </reviews>
  <new>
   -
  </new>
  <exclusive>
   no
  </exclusive>
 </clothing>
</clothing-items>
