<?xml version="1.0" encoding="utf-8"?>
<clothing-items>
 <clothing>
  <id>
   427909850
  </id>
  <name>
   Reebok Belts J-5875
  </name>
  <category>
   Belts
  </category>
  <size>
   M
  </size>
  <color>
   Фиолетовый
  </color>
  <material>
   Шелк
  </material>
  <price>
   634965
  </price>
  <rating>
   2.83
  </rating>
  <reviews>
   621036
  </reviews>
  <new>
   -
  </new>
  <sporty>
   no
  </sporty>
 </clothing>
 <clothing>
  <id>
   250906645
  </id>
  <name>
   DC Hat T-4304
  </name>
  <category>
   Hat
  </category>
  <size>
   M
  </size>
  <color>
   Голубой
  </color>
  <material>
   Нейлон
  </material>
  <price>
   707266
  </price>
  <rating>
   3.58
  </rating>
  <reviews>
   146551
  </reviews>
  <new>
   +
  </new>
  <exclusive>
   no
  </exclusive>
 </clothing>
 <clothing>
  <id>
   346067941
  </id>
  <name>
   Under Armour Blouse E-6795
  </name>
  <category>
   Blouse
  </category>
  <size>
   L
  </size>
  <color>
   Голубой
  </color>
  <material>
   Лен
  </material>
  <price>
   610239
  </price>
  <rating>
   1.94
  </rating>
  <reviews>
   251096
  </reviews>
  <exclusive>
   yes
  </exclusive>
  <sporty>
   no
  </sporty>
 </clothing>
 <clothing>
  <id>
   929133881
  </id>
  <name>
   Brooks Pants S-8201
  </name>
  <category>
   Pants
  </category>
  <size>
   M
  </size>
  <color>
   Красный
  </color>
  <material>
   Шелк
  </material>
  <price>
   829313
  </price>
  <rating>
   5.0
  </rating>
  <reviews>
   347481
  </reviews>
  <sporty>
   no
  </sporty>
 </clothing>
 <clothing>
  <id>
   855604500
  </id>
  <name>
   Ellesse T-shirt L-1651
  </name>
  <category>
   T-shirt
  </category>
  <size>
   L
  </size>
  <color>
   Фиолетовый
  </color>
  <material>
   Шерсть
  </material>
  <price>
   596946
  </price>
  <rating>
   3.43
  </rating>
  <reviews>
   494252
  </reviews>
  <new>
   -
  </new>
  <exclusive>
   no
  </exclusive>
  <sporty>
   no
  </sporty>
 </clothing>
 <clothing>
  <id>
   324180765
  </id>
  <name>
   Puma Shirt J-4703
  </name>
  <category>
   Shirt
  </category>
  <size>
   XL
  </size>
  <color>
   Синий
  </color>
  <material>
   Кожа
  </material>
  <price>
   657129
  </price>
  <rating>
   3.96
  </rating>
  <reviews>
   824140
  </reviews>
  <exclusive>
   no
  </exclusive>
  <sporty>
   yes
  </sporty>
 </clothing>
 <clothing>
  <id>
   244698854
  </id>
  <name>
   DC Pants U-3067
  </name>
  <category>
   Pants
  </category>
  <size>
   M
  </size>
  <color>
   Красный
  </color>
  <material>
   Вискоза
  </material>
  <price>
   125494
  </price>
  <rating>
   3.3
  </rating>
  <reviews>
   680101
  </reviews>
  <new>
   -
  </new>
 </clothing>
 <clothing>
  <id>
   233117062
  </id>
  <name>
   Under Armour Hat T-6465
  </name>
  <category>
   Hat
  </category>
  <size>
   M
  </size>
  <color>
   Синий
  </color>
  <material>
   Лен
  </material>
  <price>
   778008
  </price>
  <rating>
   4.6
  </rating>
  <reviews>
   393628
  </reviews>
  <new>
   -
  </new>
  <exclusive>
   yes
  </exclusive>
  <sporty>
   no
  </sporty>
 </clothing>
 <clothing>
  <id>
   768116229
  </id>
  <name>
   Puma T-shirt K-8136
  </name>
  <category>
   T-shirt
  </category>
  <size>
   L
  </size>
  <color>
   Фиолетовый
  </color>
  <material>
   Нейлон
  </material>
  <price>
   291873
  </price>
  <rating>
   3.02
  </rating>
  <reviews>
   114094
  </reviews>
  <new>
   -
  </new>
  <sporty>
   yes
  </sporty>
 </clothing>
 <clothing>
  <id>
   332186434
  </id>
  <name>
   Converse Jeans B-4306
  </name>
  <category>
   Jeans
  </category>
  <size>
   S
  </size>
  <color>
   Синий
  </color>
  <material>
   Вискоза
  </material>
  <price>
   614662
  </price>
  <rating>
   2.9
  </rating>
  <reviews>
   334916
  </reviews>
  <new>
   -
  </new>
  <sporty>
   no
  </sporty>
 </clothing>
 <clothing>
  <id>
   397896923
  </id>
  <name>
   Asics Pants W-1055
  </name>
  <category>
   Pants
  </category>
  <size>
   XXL
  </size>
  <color>
   Оранжевый
  </color>
  <material>
   Лен
  </material>
  <price>
   317752
  </price>
  <rating>
   4.47
  </rating>
  <reviews>
   785066
  </reviews>
  <new>
   -
  </new>
  <exclusive>
   yes
  </exclusive>
  <sporty>
   no
  </sporty>
 </clothing>
 <clothing>
  <id>
   836066350
  </id>
  <name>
   Fila Shoes W-9598
  </name>
  <category>
   Shoes
  </category>
  <size>
   M
  </size>
  <color>
   Желтый
  </color>
  <material>
   Шерсть
  </material>
  <price>
   328356
  </price>
  <rating>
   2.87
  </rating>
  <reviews>
   914543
  </reviews>
  <new>
   -
  </new>
  <exclusive>
   no
  </exclusive>
  <sporty>
   no
  </sporty>
 </clothing>
 <clothing>
  <id>
   110927377
  </id>
  <name>
   Fila Pants O-4335
  </name>
  <category>
   Pants
  </category>
  <size>
   S
  </size>
  <color>
   Синий
  </color>
  <material>
   Полиэстер
  </material>
  <price>
   796627
  </price>
  <rating>
   3.23
  </rating>
  <reviews>
   315248
  </reviews>
  <new>
   -
  </new>
  <sporty>
   no
  </sporty>
 </clothing>
 <clothing>
  <id>
   689505700
  </id>
  <name>
   Lacoste Handbags K-3123
  </name>
  <category>
   Handbags
  </category>
  <size>
   S
  </size>
  <color>
   Фиолетовый
  </color>
  <material>
   Полиэстер
  </material>
  <price>
   363542
  </price>
  <rating>
   3.43
  </rating>
  <reviews>
   494769
  </reviews>
  <new>
   -
  </new>
  <exclusive>
   yes
  </exclusive>
  <sporty>
   no
  </sporty>
 </clothing>
 <clothing>
  <id>
   113725666
  </id>
  <name>
   Lacoste Sweater S-7053
  </name>
  <category>
   Sweater
  </category>
  <size>
   L
  </size>
  <color>
   Голубой
  </color>
  <material>
   Нейлон
  </material>
  <price>
   183279
  </price>
  <rating>
   2.37
  </rating>
  <reviews>
   226648
  </reviews>
  <sporty>
   no
  </sporty>
 </clothing>
 <clothing>
  <id>
   749588301
  </id>
  <name>
   Nike Shoes J-5858
  </name>
  <category>
   Shoes
  </category>
  <size>
   S
  </size>
  <color>
   Желтый
  </color>
  <material>
   Хлопок
  </material>
  <price>
   262985
  </price>
  <rating>
   1.4
  </rating>
  <reviews>
   374939
  </reviews>
  <new>
   +
  </new>
  <exclusive>
   no
  </exclusive>
  <sporty>
   no
  </sporty>
 </clothing>
 <clothing>
  <id>
   531381953
  </id>
  <name>
   Asics Gloves D-6831
  </name>
  <category>
   Gloves
  </category>
  <size>
   S
  </size>
  <color>
   Оранжевый
  </color>
  <material>
   Нейлон
  </material>
  <price>
   361172
  </price>
  <rating>
   3.88
  </rating>
  <reviews>
   626531
  </reviews>
  <new>
   +
  </new>
  <sporty>
   yes
  </sporty>
 </clothing>
 <clothing>
  <id>
   141163383
  </id>
  <name>
   DC Gloves W-2634
  </name>
  <category>
   Gloves
  </category>
  <size>
   M
  </size>
  <color>
   Голубой
  </color>
  <material>
   Шерсть
  </material>
  <price>
   312385
  </price>
  <rating>
   3.15
  </rating>
  <reviews>
   665357
  </reviews>
  <new>
   -
  </new>
  <sporty>
   yes
  </sporty>
 </clothing>
 <clothing>
  <id>
   728456440
  </id>
  <name>
   DC Hat I-5736
  </name>
  <category>
   Hat
  </category>
  <size>
   S
  </size>
  <color>
   Желтый
  </color>
  <material>
   Лен
  </material>
  <price>
   187039
  </price>
  <rating>
   3.69
  </rating>
  <reviews>
   400484
  </reviews>
  <exclusive>
   no
  </exclusive>
 </clothing>
 <clothing>
  <id>
   247901655
  </id>
  <name>
   Adidas Gloves W-6499
  </name>
  <category>
   Gloves
  </category>
  <size>
   L
  </size>
  <color>
   Фиолетовый
  </color>
  <material>
   Шерсть
  </material>
  <price>
   565058
  </price>
  <rating>
   3.45
  </rating>
  <reviews>
   884158
  </reviews>
  <exclusive>
   no
  </exclusive>
  <sporty>
   no
  </sporty>
 </clothing>
 <clothing>
  <id>
   182817058
  </id>
  <name>
   Reebok Hat A-3585
  </name>
  <category>
   Hat
  </category>
  <size>
   M
  </size>
  <color>
   Зеленый
  </color>
  <material>
   Полиэстер
  </material>
  <price>
   545633
  </price>
  <rating>
   4.75
  </rating>
  <reviews>
   37906
  </reviews>
  <new>
   -
  </new>
  <exclusive>
   no
  </exclusive>
  <sporty>
   no
  </sporty>
 </clothing>
 <clothing>
  <id>
   286864372
  </id>
  <name>
   DC Gloves Z-2584
  </name>
  <category>
   Gloves
  </category>
  <size>
   L
  </size>
  <color>
   Голубой
  </color>
  <material>
   Вискоза
  </material>
  <price>
   733067
  </price>
  <rating>
   2.56
  </rating>
  <reviews>
   649722
  </reviews>
  <sporty>
   no
  </sporty>
 </clothing>
 <clothing>
  <id>
   361386792
  </id>
  <name>
   Adidas Dress M-6830
  </name>
  <category>
   Dress
  </category>
  <size>
   XL
  </size>
  <color>
   Красный
  </color>
  <material>
   Вискоза
  </material>
  <price>
   618825
  </price>
  <rating>
   1.8
  </rating>
  <reviews>
   894743
  </reviews>
  <new>
   -
  </new>
  <exclusive>
   no
  </exclusive>
  <sporty>
   no
  </sporty>
 </clothing>
 <clothing>
  <id>
   727543364
  </id>
  <name>
   Under Armour Jeans S-2202
  </name>
  <category>
   Jeans
  </category>
  <size>
   S
  </size>
  <color>
   Желтый
  </color>
  <material>
   Кожа
  </material>
  <price>
   832398
  </price>
  <rating>
   4.12
  </rating>
  <reviews>
   566396
  </reviews>
  <new>
   -
  </new>
  <sporty>
   yes
  </sporty>
 </clothing>
 <clothing>
  <id>
   188272102
  </id>
  <name>
   PleinSport Dress B-4804
  </name>
  <category>
   Dress
  </category>
  <size>
   M
  </size>
  <color>
   Синий
  </color>
  <material>
   Полиэстер
  </material>
  <price>
   281678
  </price>
  <rating>
   2.26
  </rating>
  <reviews>
   625612
  </reviews>
 </clothing>
 <clothing>
  <id>
   835087552
  </id>
  <name>
   Brooks Gloves E-5573
  </name>
  <category>
   Gloves
  </category>
  <size>
   XL
  </size>
  <color>
   Желтый
  </color>
  <material>
   Полиэстер
  </material>
  <price>
   120511
  </price>
  <rating>
   3.06
  </rating>
  <reviews>
   190655
  </reviews>
  <new>
   +
  </new>
  <exclusive>
   no
  </exclusive>
 </clothing>
 <clothing>
  <id>
   335766749
  </id>
  <name>
   New Balance T-shirt C-4469
  </name>
  <category>
   T-shirt
  </category>
  <size>
   S
  </size>
  <color>
   Голубой
  </color>
  <material>
   Шерсть
  </material>
  <price>
   642982
  </price>
  <rating>
   4.68
  </rating>
  <reviews>
   10858
  </reviews>
  <exclusive>
   no
  </exclusive>
  <sporty>
   yes
  </sporty>
 </clothing>
 <clothing>
  <id>
   657454436
  </id>
  <name>
   PleinSport Skirt Q-6582
  </name>
  <category>
   Skirt
  </category>
  <size>
   XXL
  </size>
  <color>
   Зеленый
  </color>
  <material>
   Полиэстер
  </material>
  <price>
   234118
  </price>
  <rating>
   2.84
  </rating>
  <reviews>
   71932
  </reviews>
  <new>
   +
  </new>
  <sporty>
   no
  </sporty>
 </clothing>
 <clothing>
  <id>
   116656943
  </id>
  <name>
   Lacoste Jeans V-6323
  </name>
  <category>
   Jeans
  </category>
  <size>
   XXL
  </size>
  <color>
   Желтый
  </color>
  <material>
   Полиэстер
  </material>
  <price>
   999331
  </price>
  <rating>
   1.72
  </rating>
  <reviews>
   774511
  </reviews>
  <new>
   -
  </new>
  <sporty>
   no
  </sporty>
 </clothing>
 <clothing>
  <id>
   260401559
  </id>
  <name>
   DC Jeans G-6304
  </name>
  <category>
   Jeans
  </category>
  <size>
   M
  </size>
  <color>
   Желтый
  </color>
  <material>
   Шерсть
  </material>
  <price>
   858589
  </price>
  <rating>
   3.37
  </rating>
  <reviews>
   812826
  </reviews>
  <exclusive>
   no
  </exclusive>
 </clothing>
 <clothing>
  <id>
   750707842
  </id>
  <name>
   Lacoste Pants F-2944
  </name>
  <category>
   Pants
  </category>
  <size>
   XL
  </size>
  <color>
   Синий
  </color>
  <material>
   Кожа
  </material>
  <price>
   965582
  </price>
  <rating>
   1.89
  </rating>
  <reviews>
   575176
  </reviews>
  <new>
   +
  </new>
 </clothing>
 <clothing>
  <id>
   179095494
  </id>
  <name>
   Under Armour Skirt X-2106
  </name>
  <category>
   Skirt
  </category>
  <size>
   XL
  </size>
  <color>
   Зеленый
  </color>
  <material>
   Шерсть
  </material>
  <price>
   688906
  </price>
  <rating>
   4.1
  </rating>
  <reviews>
   541016
  </reviews>
  <exclusive>
   no
  </exclusive>
  <sporty>
   yes
  </sporty>
 </clothing>
 <clothing>
  <id>
   221523117
  </id>
  <name>
   Under Armour Shoes H-7933
  </name>
  <category>
   Shoes
  </category>
  <size>
   M
  </size>
  <color>
   Зеленый
  </color>
  <material>
   Шерсть
  </material>
  <price>
   894620
  </price>
  <rating>
   1.23
  </rating>
  <reviews>
   141866
  </reviews>
  <new>
   +
  </new>
  <exclusive>
   yes
  </exclusive>
  <sporty>
   yes
  </sporty>
 </clothing>
 <clothing>
  <id>
   692990495
  </id>
  <name>
   Lacoste Socks J-1974
  </name>
  <category>
   Socks
  </category>
  <size>
   L
  </size>
  <color>
   Красный
  </color>
  <material>
   Нейлон
  </material>
  <price>
   508033
  </price>
  <rating>
   1.44
  </rating>
  <reviews>
   834758
  </reviews>
  <sporty>
   yes
  </sporty>
 </clothing>
 <clothing>
  <id>
   773026486
  </id>
  <name>
   DC Dress M-3119
  </name>
  <category>
   Dress
  </category>
  <size>
   S
  </size>
  <color>
   Красный
  </color>
  <material>
   Полиэстер
  </material>
  <price>
   200958
  </price>
  <rating>
   3.09
  </rating>
  <reviews>
   716675
  </reviews>
  <new>
   +
  </new>
 </clothing>
 <clothing>
  <id>
   769828499
  </id>
  <name>
   Lacoste T-shirt D-5227
  </name>
  <category>
   T-shirt
  </category>
  <size>
   XXL
  </size>
  <color>
   Зеленый
  </color>
  <material>
   Шелк
  </material>
  <price>
   367547
  </price>
  <rating>
   3.49
  </rating>
  <reviews>
   45679
  </reviews>
  <sporty>
   no
  </sporty>
 </clothing>
 <clothing>
  <id>
   750969174
  </id>
  <name>
   Puma Belts N-5917
  </name>
  <category>
   Belts
  </category>
  <size>
   XXL
  </size>
  <color>
   Голубой
  </color>
  <material>
   Нейлон
  </material>
  <price>
   621281
  </price>
  <rating>
   2.71
  </rating>
  <reviews>
   808727
  </reviews>
  <new>
   -
  </new>
  <exclusive>
   no
  </exclusive>
 </clothing>
 <clothing>
  <id>
   467775372
  </id>
  <name>
   Under Armour Jacket L-6336
  </name>
  <category>
   Jacket
  </category>
  <size>
   XL
  </size>
  <color>
   Красный
  </color>
  <material>
   Лен
  </material>
  <price>
   570932
  </price>
  <rating>
   1.3
  </rating>
  <reviews>
   293447
  </reviews>
  <exclusive>
   no
  </exclusive>
 </clothing>
 <clothing>
  <id>
   554812331
  </id>
  <name>
   Adidas Pants P-6292
  </name>
  <category>
   Pants
  </category>
  <size>
   XXL
  </size>
  <color>
   Красный
  </color>
  <material>
   Шелк
  </material>
  <price>
   124926
  </price>
  <rating>
   2.99
  </rating>
  <reviews>
   129813
  </reviews>
  <new>
   +
  </new>
  <exclusive>
   yes
  </exclusive>
  <sporty>
   yes
  </sporty>
 </clothing>
 <clothing>
  <id>
   873033812
  </id>
  <name>
   Lacoste Pants U-7302
  </name>
  <category>
   Pants
  </category>
  <size>
   M
  </size>
  <color>
   Желтый
  </color>
  <material>
   Шерсть
  </material>
  <price>
   298033
  </price>
  <rating>
   3.83
  </rating>
  <reviews>
   47499
  </reviews>
  <new>
   -
  </new>
  <sporty>
   no
  </sporty>
 </clothing>
 <clothing>
  <id>
   653781909
  </id>
  <name>
   Reebok Pants Q-6028
  </name>
  <category>
   Pants
  </category>
  <size>
   M
  </size>
  <color>
   Фиолетовый
  </color>
  <material>
   Вискоза
  </material>
  <price>
   209852
  </price>
  <rating>
   3.99
  </rating>
  <reviews>
   203709
  </reviews>
  <exclusive>
   no
  </exclusive>
 </clothing>
 <clothing>
  <id>
   906827202
  </id>
  <name>
   Fila Belts S-4282
  </name>
  <category>
   Belts
  </category>
  <size>
   XL
  </size>
  <color>
   Желтый
  </color>
  <material>
   Кожа
  </material>
  <price>
   273488
  </price>
  <rating>
   3.72
  </rating>
  <reviews>
   16283
  </reviews>
  <new>
   +
  </new>
  <sporty>
   no
  </sporty>
 </clothing>
 <clothing>
  <id>
   927292628
  </id>
  <name>
   Brooks T-shirt V-7058
  </name>
  <category>
   T-shirt
  </category>
  <size>
   S
  </size>
  <color>
   Синий
  </color>
  <material>
   Нейлон
  </material>
  <price>
   577846
  </price>
  <rating>
   4.73
  </rating>
  <reviews>
   770857
  </reviews>
  <new>
   -
  </new>
  <exclusive>
   yes
  </exclusive>
  <sporty>
   no
  </sporty>
 </clothing>
 <clothing>
  <id>
   233780026
  </id>
  <name>
   Converse Shirt U-1227
  </name>
  <category>
   Shirt
  </category>
  <size>
   S
  </size>
  <color>
   Голубой
  </color>
  <material>
   Полиэстер
  </material>
  <price>
   518842
  </price>
  <rating>
   1.17
  </rating>
  <reviews>
   311177
  </reviews>
  <sporty>
   no
  </sporty>
 </clothing>
 <clothing>
  <id>
   589316254
  </id>
  <name>
   Brooks Belts I-2985
  </name>
  <category>
   Belts
  </category>
  <size>
   L
  </size>
  <color>
   Зеленый
  </color>
  <material>
   Кожа
  </material>
  <price>
   229466
  </price>
  <rating>
   4.88
  </rating>
  <reviews>
   257290
  </reviews>
  <new>
   +
  </new>
  <exclusive>
   yes
  </exclusive>
  <sporty>
   no
  </sporty>
 </clothing>
</clothing-items>
