<?xml version="1.0" encoding="utf-8"?>
<clothing-items>
 <clothing>
  <id>
   501514341
  </id>
  <name>
   Reebok Jeans S-6939
  </name>
  <category>
   Jeans
  </category>
  <size>
   XL
  </size>
  <color>
   Фиолетовый
  </color>
  <material>
   Полиэстер
  </material>
  <price>
   993727
  </price>
  <rating>
   1.2
  </rating>
  <reviews>
   465968
  </reviews>
  <new>
   -
  </new>
 </clothing>
 <clothing>
  <id>
   823156757
  </id>
  <name>
   Brooks Hat U-7762
  </name>
  <category>
   Hat
  </category>
  <size>
   L
  </size>
  <color>
   Голубой
  </color>
  <material>
   Хлопок
  </material>
  <price>
   715992
  </price>
  <rating>
   1.07
  </rating>
  <reviews>
   110381
  </reviews>
  <new>
   -
  </new>
  <exclusive>
   no
  </exclusive>
  <sporty>
   yes
  </sporty>
 </clothing>
 <clothing>
  <id>
   623214124
  </id>
  <name>
   Fila Jeans K-2489
  </name>
  <category>
   Jeans
  </category>
  <size>
   L
  </size>
  <color>
   Голубой
  </color>
  <material>
   Вискоза
  </material>
  <price>
   734150
  </price>
  <rating>
   4.48
  </rating>
  <reviews>
   887717
  </reviews>
  <new>
   +
  </new>
  <sporty>
   no
  </sporty>
 </clothing>
 <clothing>
  <id>
   456881094
  </id>
  <name>
   Addidas Gloves P-4196
  </name>
  <category>
   Gloves
  </category>
  <size>
   L
  </size>
  <color>
   Оранжевый
  </color>
  <material>
   Хлопок
  </material>
  <price>
   976352
  </price>
  <rating>
   1.39
  </rating>
  <reviews>
   658074
  </reviews>
  <new>
   -
  </new>
  <exclusive>
   no
  </exclusive>
  <sporty>
   yes
  </sporty>
 </clothing>
 <clothing>
  <id>
   738230377
  </id>
  <name>
   PleinSport Hat L-3587
  </name>
  <category>
   Hat
  </category>
  <size>
   XXL
  </size>
  <color>
   Красный
  </color>
  <material>
   Шелк
  </material>
  <price>
   530840
  </price>
  <rating>
   4.68
  </rating>
  <reviews>
   705740
  </reviews>
  <exclusive>
   no
  </exclusive>
 </clothing>
 <clothing>
  <id>
   939650132
  </id>
  <name>
   Brooks Shirt U-9139
  </name>
  <category>
   Shirt
  </category>
  <size>
   S
  </size>
  <color>
   Желтый
  </color>
  <material>
   Лен
  </material>
  <price>
   802666
  </price>
  <rating>
   2.1
  </rating>
  <reviews>
   395571
  </reviews>
  <new>
   -
  </new>
  <exclusive>
   yes
  </exclusive>
  <sporty>
   no
  </sporty>
 </clothing>
 <clothing>
  <id>
   184452038
  </id>
  <name>
   Under Armour Dress N-2477
  </name>
  <category>
   Dress
  </category>
  <size>
   M
  </size>
  <color>
   Голубой
  </color>
  <material>
   Нейлон
  </material>
  <price>
   860765
  </price>
  <rating>
   2.67
  </rating>
  <reviews>
   556155
  </reviews>
  <new>
   -
  </new>
  <sporty>
   no
  </sporty>
 </clothing>
 <clothing>
  <id>
   828518538
  </id>
  <name>
   Converse Skirt K-5098
  </name>
  <category>
   Skirt
  </category>
  <size>
   M
  </size>
  <color>
   Зеленый
  </color>
  <material>
   Полиэстер
  </material>
  <price>
   103709
  </price>
  <rating>
   1.23
  </rating>
  <reviews>
   403223
  </reviews>
  <new>
   -
  </new>
  <sporty>
   yes
  </sporty>
 </clothing>
 <clothing>
  <id>
   113927372
  </id>
  <name>
   Brooks Shirt R-1645
  </name>
  <category>
   Shirt
  </category>
  <size>
   XXL
  </size>
  <color>
   Желтый
  </color>
  <material>
   Кожа
  </material>
  <price>
   424273
  </price>
  <rating>
   4.94
  </rating>
  <reviews>
   277407
  </reviews>
  <new>
   +
  </new>
  <sporty>
   no
  </sporty>
 </clothing>
 <clothing>
  <id>
   470253479
  </id>
  <name>
   Lacoste Handbags D-8930
  </name>
  <category>
   Handbags
  </category>
  <size>
   M
  </size>
  <color>
   Желтый
  </color>
  <material>
   Лен
  </material>
  <price>
   614443
  </price>
  <rating>
   3.37
  </rating>
  <reviews>
   658722
  </reviews>
  <new>
   -
  </new>
  <exclusive>
   no
  </exclusive>
 </clothing>
 <clothing>
  <id>
   358321634
  </id>
  <name>
   Converse Socks V-1155
  </name>
  <category>
   Socks
  </category>
  <size>
   XXL
  </size>
  <color>
   Фиолетовый
  </color>
  <material>
   Шелк
  </material>
  <price>
   807427
  </price>
  <rating>
   4.56
  </rating>
  <reviews>
   847468
  </reviews>
 </clothing>
 <clothing>
  <id>
   369222436
  </id>
  <name>
   Ellesse Gloves X-6171
  </name>
  <category>
   Gloves
  </category>
  <size>
   L
  </size>
  <color>
   Зеленый
  </color>
  <material>
   Полиэстер
  </material>
  <price>
   136968
  </price>
  <rating>
   4.98
  </rating>
  <reviews>
   635077
  </reviews>
  <new>
   +
  </new>
 </clothing>
 <clothing>
  <id>
   206778968
  </id>
  <name>
   Ellesse Sweater I-3539
  </name>
  <category>
   Sweater
  </category>
  <size>
   XXL
  </size>
  <color>
   Зеленый
  </color>
  <material>
   Вискоза
  </material>
  <price>
   444247
  </price>
  <rating>
   1.69
  </rating>
  <reviews>
   287014
  </reviews>
  <new>
   -
  </new>
 </clothing>
 <clothing>
  <id>
   701292800
  </id>
  <name>
   Nike Jeans F-6339
  </name>
  <category>
   Jeans
  </category>
  <size>
   XL
  </size>
  <color>
   Фиолетовый
  </color>
  <material>
   Кожа
  </material>
  <price>
   391000
  </price>
  <rating>
   3.14
  </rating>
  <reviews>
   100104
  </reviews>
  <new>
   +
  </new>
  <sporty>
   yes
  </sporty>
 </clothing>
 <clothing>
  <id>
   982605885
  </id>
  <name>
   DC T-shirt V-3834
  </name>
  <category>
   T-shirt
  </category>
  <size>
   L
  </size>
  <color>
   Зеленый
  </color>
  <material>
   Полиэстер
  </material>
  <price>
   808323
  </price>
  <rating>
   3.78
  </rating>
  <reviews>
   635303
  </reviews>
  <new>
   -
  </new>
  <sporty>
   yes
  </sporty>
 </clothing>
 <clothing>
  <id>
   741666239
  </id>
  <name>
   Brooks Shirt O-7968
  </name>
  <category>
   Shirt
  </category>
  <size>
   XXL
  </size>
  <color>
   Фиолетовый
  </color>
  <material>
   Хлопок
  </material>
  <price>
   238234
  </price>
  <rating>
   3.65
  </rating>
  <reviews>
   932714
  </reviews>
  <new>
   -
  </new>
  <exclusive>
   yes
  </exclusive>
  <sporty>
   yes
  </sporty>
 </clothing>
 <clothing>
  <id>
   143759137
  </id>
  <name>
   PleinSport Dress A-6349
  </name>
  <category>
   Dress
  </category>
  <size>
   M
  </size>
  <color>
   Голубой
  </color>
  <material>
   Шерсть
  </material>
  <price>
   572120
  </price>
  <rating>
   3.64
  </rating>
  <reviews>
   350605
  </reviews>
  <exclusive>
   no
  </exclusive>
  <sporty>
   no
  </sporty>
 </clothing>
 <clothing>
  <id>
   566924472
  </id>
  <name>
   Vans T-shirt S-3180
  </name>
  <category>
   T-shirt
  </category>
  <size>
   L
  </size>
  <color>
   Оранжевый
  </color>
  <material>
   Кожа
  </material>
  <price>
   420390
  </price>
  <rating>
   1.03
  </rating>
  <reviews>
   112390
  </reviews>
  <exclusive>
   yes
  </exclusive>
 </clothing>
 <clothing>
  <id>
   471774888
  </id>
  <name>
   Converse Hat K-4487
  </name>
  <category>
   Hat
  </category>
  <size>
   XL
  </size>
  <color>
   Синий
  </color>
  <material>
   Шелк
  </material>
  <price>
   734382
  </price>
  <rating>
   2.08
  </rating>
  <reviews>
   766371
  </reviews>
  <new>
   -
  </new>
  <exclusive>
   yes
  </exclusive>
 </clothing>
 <clothing>
  <id>
   385026470
  </id>
  <name>
   Reebok Gloves C-1369
  </name>
  <category>
   Gloves
  </category>
  <size>
   M
  </size>
  <color>
   Голубой
  </color>
  <material>
   Кожа
  </material>
  <price>
   850787
  </price>
  <rating>
   3.95
  </rating>
  <reviews>
   528540
  </reviews>
  <exclusive>
   no
  </exclusive>
 </clothing>
</clothing-items>
