<?xml version="1.0" encoding="utf-8"?>
<clothing-items>
 <clothing>
  <id>
   530588204
  </id>
  <name>
   Puma Belts Y-7462
  </name>
  <category>
   Belts
  </category>
  <size>
   S
  </size>
  <color>
   Красный
  </color>
  <material>
   Лен
  </material>
  <price>
   847563
  </price>
  <rating>
   4.22
  </rating>
  <reviews>
   103331
  </reviews>
  <new>
   +
  </new>
  <exclusive>
   yes
  </exclusive>
  <sporty>
   yes
  </sporty>
 </clothing>
 <clothing>
  <id>
   906999649
  </id>
  <name>
   PleinSport Pants A-2273
  </name>
  <category>
   Pants
  </category>
  <size>
   S
  </size>
  <color>
   Зеленый
  </color>
  <material>
   Шелк
  </material>
  <price>
   150722
  </price>
  <rating>
   2.98
  </rating>
  <reviews>
   8815
  </reviews>
  <new>
   -
  </new>
  <sporty>
   no
  </sporty>
 </clothing>
 <clothing>
  <id>
   556801920
  </id>
  <name>
   PleinSport Dress A-5143
  </name>
  <category>
   Dress
  </category>
  <size>
   L
  </size>
  <color>
   Голубой
  </color>
  <material>
   Полиэстер
  </material>
  <price>
   765568
  </price>
  <rating>
   3.67
  </rating>
  <reviews>
   323159
  </reviews>
  <new>
   -
  </new>
  <exclusive>
   no
  </exclusive>
  <sporty>
   no
  </sporty>
 </clothing>
 <clothing>
  <id>
   494460651
  </id>
  <name>
   PleinSport Socks J-9602
  </name>
  <category>
   Socks
  </category>
  <size>
   M
  </size>
  <color>
   Красный
  </color>
  <material>
   Хлопок
  </material>
  <price>
   587666
  </price>
  <rating>
   2.73
  </rating>
  <reviews>
   299891
  </reviews>
  <new>
   -
  </new>
  <exclusive>
   yes
  </exclusive>
 </clothing>
 <clothing>
  <id>
   177595771
  </id>
  <name>
   Lacoste Gloves D-5899
  </name>
  <category>
   Gloves
  </category>
  <size>
   L
  </size>
  <color>
   Синий
  </color>
  <material>
   Вискоза
  </material>
  <price>
   569620
  </price>
  <rating>
   1.94
  </rating>
  <reviews>
   934963
  </reviews>
  <new>
   +
  </new>
  <exclusive>
   no
  </exclusive>
 </clothing>
 <clothing>
  <id>
   160913889
  </id>
  <name>
   Asics Handbags X-8579
  </name>
  <category>
   Handbags
  </category>
  <size>
   XL
  </size>
  <color>
   Синий
  </color>
  <material>
   Полиэстер
  </material>
  <price>
   305612
  </price>
  <rating>
   4.62
  </rating>
  <reviews>
   968537
  </reviews>
  <new>
   +
  </new>
  <exclusive>
   yes
  </exclusive>
  <sporty>
   yes
  </sporty>
 </clothing>
 <clothing>
  <id>
   963030763
  </id>
  <name>
   Reebok T-shirt G-1668
  </name>
  <category>
   T-shirt
  </category>
  <size>
   XXL
  </size>
  <color>
   Голубой
  </color>
  <material>
   Лен
  </material>
  <price>
   789957
  </price>
  <rating>
   3.05
  </rating>
  <reviews>
   362224
  </reviews>
  <exclusive>
   no
  </exclusive>
  <sporty>
   no
  </sporty>
 </clothing>
 <clothing>
  <id>
   925744350
  </id>
  <name>
   Asics Jeans U-6332
  </name>
  <category>
   Jeans
  </category>
  <size>
   M
  </size>
  <color>
   Оранжевый
  </color>
  <material>
   Шерсть
  </material>
  <price>
   953692
  </price>
  <rating>
   1.61
  </rating>
  <reviews>
   292351
  </reviews>
  <new>
   -
  </new>
  <exclusive>
   no
  </exclusive>
 </clothing>
 <clothing>
  <id>
   601710644
  </id>
  <name>
   Nike Pants B-5087
  </name>
  <category>
   Pants
  </category>
  <size>
   S
  </size>
  <color>
   Синий
  </color>
  <material>
   Лен
  </material>
  <price>
   460220
  </price>
  <rating>
   3.05
  </rating>
  <reviews>
   469312
  </reviews>
  <new>
   +
  </new>
  <exclusive>
   no
  </exclusive>
 </clothing>
 <clothing>
  <id>
   371268558
  </id>
  <name>
   Brooks Blouse D-7178
  </name>
  <category>
   Blouse
  </category>
  <size>
   XXL
  </size>
  <color>
   Красный
  </color>
  <material>
   Нейлон
  </material>
  <price>
   386869
  </price>
  <rating>
   4.01
  </rating>
  <reviews>
   524313
  </reviews>
  <sporty>
   yes
  </sporty>
 </clothing>
 <clothing>
  <id>
   128032244
  </id>
  <name>
   Reebok Pants O-7080
  </name>
  <category>
   Pants
  </category>
  <size>
   XL
  </size>
  <color>
   Оранжевый
  </color>
  <material>
   Кожа
  </material>
  <price>
   734947
  </price>
  <rating>
   4.55
  </rating>
  <reviews>
   948317
  </reviews>
  <new>
   -
  </new>
  <exclusive>
   no
  </exclusive>
 </clothing>
 <clothing>
  <id>
   712641396
  </id>
  <name>
   Puma Belts M-6299
  </name>
  <category>
   Belts
  </category>
  <size>
   XXL
  </size>
  <color>
   Оранжевый
  </color>
  <material>
   Кожа
  </material>
  <price>
   752657
  </price>
  <rating>
   2.17
  </rating>
  <reviews>
   542459
  </reviews>
  <new>
   -
  </new>
  <exclusive>
   no
  </exclusive>
  <sporty>
   yes
  </sporty>
 </clothing>
 <clothing>
  <id>
   294868397
  </id>
  <name>
   Adidas Gloves E-2448
  </name>
  <category>
   Gloves
  </category>
  <size>
   XL
  </size>
  <color>
   Голубой
  </color>
  <material>
   Кожа
  </material>
  <price>
   146149
  </price>
  <rating>
   3.34
  </rating>
  <reviews>
   292551
  </reviews>
  <new>
   +
  </new>
 </clothing>
 <clothing>
  <id>
   401623797
  </id>
  <name>
   New Balance Pants P-1584
  </name>
  <category>
   Pants
  </category>
  <size>
   XL
  </size>
  <color>
   Желтый
  </color>
  <material>
   Кожа
  </material>
  <price>
   786045
  </price>
  <rating>
   1.59
  </rating>
  <reviews>
   515876
  </reviews>
  <exclusive>
   yes
  </exclusive>
  <sporty>
   no
  </sporty>
 </clothing>
 <clothing>
  <id>
   942796972
  </id>
  <name>
   Asics T-shirt O-6795
  </name>
  <category>
   T-shirt
  </category>
  <size>
   XXL
  </size>
  <color>
   Оранжевый
  </color>
  <material>
   Кожа
  </material>
  <price>
   371913
  </price>
  <rating>
   1.2
  </rating>
  <reviews>
   960234
  </reviews>
  <sporty>
   yes
  </sporty>
 </clothing>
 <clothing>
  <id>
   396911076
  </id>
  <name>
   Fila Blouse A-2120
  </name>
  <category>
   Blouse
  </category>
  <size>
   XXL
  </size>
  <color>
   Оранжевый
  </color>
  <material>
   Нейлон
  </material>
  <price>
   419312
  </price>
  <rating>
   4.75
  </rating>
  <reviews>
   862801
  </reviews>
  <new>
   +
  </new>
  <exclusive>
   yes
  </exclusive>
  <sporty>
   no
  </sporty>
 </clothing>
 <clothing>
  <id>
   795524549
  </id>
  <name>
   Puma Handbags Z-4607
  </name>
  <category>
   Handbags
  </category>
  <size>
   S
  </size>
  <color>
   Зеленый
  </color>
  <material>
   Шелк
  </material>
  <price>
   446191
  </price>
  <rating>
   1.81
  </rating>
  <reviews>
   927016
  </reviews>
  <exclusive>
   yes
  </exclusive>
 </clothing>
 <clothing>
  <id>
   250250080
  </id>
  <name>
   DC Gloves Y-7192
  </name>
  <category>
   Gloves
  </category>
  <size>
   XL
  </size>
  <color>
   Голубой
  </color>
  <material>
   Полиэстер
  </material>
  <price>
   685943
  </price>
  <rating>
   4.93
  </rating>
  <reviews>
   822011
  </reviews>
  <new>
   +
  </new>
  <exclusive>
   yes
  </exclusive>
  <sporty>
   yes
  </sporty>
 </clothing>
 <clothing>
  <id>
   113417756
  </id>
  <name>
   Brooks Gloves L-6020
  </name>
  <category>
   Gloves
  </category>
  <size>
   L
  </size>
  <color>
   Фиолетовый
  </color>
  <material>
   Вискоза
  </material>
  <price>
   569572
  </price>
  <rating>
   1.84
  </rating>
  <reviews>
   999633
  </reviews>
 </clothing>
 <clothing>
  <id>
   303768454
  </id>
  <name>
   Puma Hat W-5973
  </name>
  <category>
   Hat
  </category>
  <size>
   XXL
  </size>
  <color>
   Зеленый
  </color>
  <material>
   Кожа
  </material>
  <price>
   605718
  </price>
  <rating>
   1.13
  </rating>
  <reviews>
   615745
  </reviews>
  <exclusive>
   no
  </exclusive>
  <sporty>
   no
  </sporty>
 </clothing>
 <clothing>
  <id>
   811017501
  </id>
  <name>
   Nike Sweater I-3089
  </name>
  <category>
   Sweater
  </category>
  <size>
   L
  </size>
  <color>
   Голубой
  </color>
  <material>
   Шелк
  </material>
  <price>
   480077
  </price>
  <rating>
   2.65
  </rating>
  <reviews>
   642039
  </reviews>
  <new>
   -
  </new>
  <sporty>
   no
  </sporty>
 </clothing>
 <clothing>
  <id>
   974214110
  </id>
  <name>
   Lacoste Handbags G-9712
  </name>
  <category>
   Handbags
  </category>
  <size>
   XL
  </size>
  <color>
   Оранжевый
  </color>
  <material>
   Хлопок
  </material>
  <price>
   570735
  </price>
  <rating>
   2.16
  </rating>
  <reviews>
   118217
  </reviews>
  <new>
   +
  </new>
  <exclusive>
   no
  </exclusive>
  <sporty>
   no
  </sporty>
 </clothing>
 <clothing>
  <id>
   405258468
  </id>
  <name>
   Puma Jeans X-6145
  </name>
  <category>
   Jeans
  </category>
  <size>
   XL
  </size>
  <color>
   Желтый
  </color>
  <material>
   Лен
  </material>
  <price>
   480770
  </price>
  <rating>
   1.26
  </rating>
  <reviews>
   340853
  </reviews>
  <exclusive>
   yes
  </exclusive>
 </clothing>
 <clothing>
  <id>
   636934835
  </id>
  <name>
   Ellesse Socks M-8732
  </name>
  <category>
   Socks
  </category>
  <size>
   S
  </size>
  <color>
   Синий
  </color>
  <material>
   Лен
  </material>
  <price>
   922167
  </price>
  <rating>
   4.24
  </rating>
  <reviews>
   342951
  </reviews>
  <exclusive>
   no
  </exclusive>
 </clothing>
 <clothing>
  <id>
   702132537
  </id>
  <name>
   Under Armour Pants X-8628
  </name>
  <category>
   Pants
  </category>
  <size>
   S
  </size>
  <color>
   Голубой
  </color>
  <material>
   Шерсть
  </material>
  <price>
   764216
  </price>
  <rating>
   4.22
  </rating>
  <reviews>
   212520
  </reviews>
  <new>
   -
  </new>
  <sporty>
   no
  </sporty>
 </clothing>
</clothing-items>
