<?xml version="1.0" encoding="utf-8"?>
<clothing-items>
 <clothing>
  <id>
   135108804
  </id>
  <name>
   PleinSport Sweater P-5589
  </name>
  <category>
   Sweater
  </category>
  <size>
   M
  </size>
  <color>
   Зеленый
  </color>
  <material>
   Шерсть
  </material>
  <price>
   751275
  </price>
  <rating>
   2.25
  </rating>
  <reviews>
   975951
  </reviews>
  <new>
   -
  </new>
  <sporty>
   no
  </sporty>
 </clothing>
 <clothing>
  <id>
   119084859
  </id>
  <name>
   Addidas Pants X-5157
  </name>
  <category>
   Pants
  </category>
  <size>
   L
  </size>
  <color>
   Красный
  </color>
  <material>
   Полиэстер
  </material>
  <price>
   257438
  </price>
  <rating>
   4.57
  </rating>
  <reviews>
   422094
  </reviews>
  <sporty>
   no
  </sporty>
 </clothing>
 <clothing>
  <id>
   840949024
  </id>
  <name>
   PleinSport Blouse L-4945
  </name>
  <category>
   Blouse
  </category>
  <size>
   M
  </size>
  <color>
   Голубой
  </color>
  <material>
   Нейлон
  </material>
  <price>
   371902
  </price>
  <rating>
   2.38
  </rating>
  <reviews>
   438414
  </reviews>
  <new>
   +
  </new>
  <exclusive>
   no
  </exclusive>
  <sporty>
   no
  </sporty>
 </clothing>
 <clothing>
  <id>
   843525214
  </id>
  <name>
   Under Armour Handbags Y-6730
  </name>
  <category>
   Handbags
  </category>
  <size>
   S
  </size>
  <color>
   Синий
  </color>
  <material>
   Шерсть
  </material>
  <price>
   579470
  </price>
  <rating>
   2.14
  </rating>
  <reviews>
   39091
  </reviews>
  <new>
   -
  </new>
  <sporty>
   no
  </sporty>
 </clothing>
 <clothing>
  <id>
   493886459
  </id>
  <name>
   Fila Sweater S-3702
  </name>
  <category>
   Sweater
  </category>
  <size>
   XL
  </size>
  <color>
   Зеленый
  </color>
  <material>
   Шерсть
  </material>
  <price>
   172253
  </price>
  <rating>
   2.81
  </rating>
  <reviews>
   778559
  </reviews>
  <exclusive>
   no
  </exclusive>
 </clothing>
 <clothing>
  <id>
   893993393
  </id>
  <name>
   DC Skirt V-4675
  </name>
  <category>
   Skirt
  </category>
  <size>
   S
  </size>
  <color>
   Фиолетовый
  </color>
  <material>
   Кожа
  </material>
  <price>
   262009
  </price>
  <rating>
   1.43
  </rating>
  <reviews>
   898956
  </reviews>
  <new>
   +
  </new>
  <sporty>
   no
  </sporty>
 </clothing>
 <clothing>
  <id>
   516366053
  </id>
  <name>
   Vans Hat O-5256
  </name>
  <category>
   Hat
  </category>
  <size>
   L
  </size>
  <color>
   Желтый
  </color>
  <material>
   Нейлон
  </material>
  <price>
   952425
  </price>
  <rating>
   2.48
  </rating>
  <reviews>
   112656
  </reviews>
  <sporty>
   no
  </sporty>
 </clothing>
 <clothing>
  <id>
   252654060
  </id>
  <name>
   Asics Sweater G-6443
  </name>
  <category>
   Sweater
  </category>
  <size>
   XXL
  </size>
  <color>
   Оранжевый
  </color>
  <material>
   Лен
  </material>
  <price>
   623859
  </price>
  <rating>
   2.47
  </rating>
  <reviews>
   69922
  </reviews>
  <new>
   -
  </new>
  <exclusive>
   no
  </exclusive>
 </clothing>
 <clothing>
  <id>
   775740480
  </id>
  <name>
   Converse Umbrellas F-8341
  </name>
  <category>
   Umbrellas
  </category>
  <size>
   XXL
  </size>
  <color>
   Зеленый
  </color>
  <material>
   Хлопок
  </material>
  <price>
   840291
  </price>
  <rating>
   1.8
  </rating>
  <reviews>
   186998
  </reviews>
  <new>
   +
  </new>
  <exclusive>
   no
  </exclusive>
  <sporty>
   no
  </sporty>
 </clothing>
 <clothing>
  <id>
   626017643
  </id>
  <name>
   Brooks Belts I-5052
  </name>
  <category>
   Belts
  </category>
  <size>
   XXL
  </size>
  <color>
   Желтый
  </color>
  <material>
   Шерсть
  </material>
  <price>
   868636
  </price>
  <rating>
   3.03
  </rating>
  <reviews>
   513306
  </reviews>
  <sporty>
   no
  </sporty>
 </clothing>
 <clothing>
  <id>
   348051217
  </id>
  <name>
   Addidas T-shirt F-9887
  </name>
  <category>
   T-shirt
  </category>
  <size>
   M
  </size>
  <color>
   Красный
  </color>
  <material>
   Нейлон
  </material>
  <price>
   784543
  </price>
  <rating>
   3.13
  </rating>
  <reviews>
   707904
  </reviews>
  <new>
   -
  </new>
  <exclusive>
   yes
  </exclusive>
  <sporty>
   yes
  </sporty>
 </clothing>
 <clothing>
  <id>
   437460708
  </id>
  <name>
   Ellesse Shoes S-6318
  </name>
  <category>
   Shoes
  </category>
  <size>
   XL
  </size>
  <color>
   Оранжевый
  </color>
  <material>
   Шелк
  </material>
  <price>
   640788
  </price>
  <rating>
   2.45
  </rating>
  <reviews>
   47153
  </reviews>
  <new>
   +
  </new>
  <sporty>
   no
  </sporty>
 </clothing>
 <clothing>
  <id>
   760998129
  </id>
  <name>
   Brooks Hat B-1547
  </name>
  <category>
   Hat
  </category>
  <size>
   XXL
  </size>
  <color>
   Оранжевый
  </color>
  <material>
   Нейлон
  </material>
  <price>
   123257
  </price>
  <rating>
   2.5
  </rating>
  <reviews>
   998209
  </reviews>
  <exclusive>
   no
  </exclusive>
  <sporty>
   yes
  </sporty>
 </clothing>
 <clothing>
  <id>
   435447387
  </id>
  <name>
   Under Armour Pants M-2507
  </name>
  <category>
   Pants
  </category>
  <size>
   XXL
  </size>
  <color>
   Желтый
  </color>
  <material>
   Лен
  </material>
  <price>
   772157
  </price>
  <rating>
   1.55
  </rating>
  <reviews>
   464033
  </reviews>
  <exclusive>
   no
  </exclusive>
  <sporty>
   no
  </sporty>
 </clothing>
 <clothing>
  <id>
   930438046
  </id>
  <name>
   PleinSport Dress C-9379
  </name>
  <category>
   Dress
  </category>
  <size>
   XXL
  </size>
  <color>
   Оранжевый
  </color>
  <material>
   Шерсть
  </material>
  <price>
   918526
  </price>
  <rating>
   4.81
  </rating>
  <reviews>
   519423
  </reviews>
  <new>
   +
  </new>
 </clothing>
 <clothing>
  <id>
   545966570
  </id>
  <name>
   Asics Shoes Z-2277
  </name>
  <category>
   Shoes
  </category>
  <size>
   L
  </size>
  <color>
   Синий
  </color>
  <material>
   Шерсть
  </material>
  <price>
   760017
  </price>
  <rating>
   4.36
  </rating>
  <reviews>
   626289
  </reviews>
  <new>
   -
  </new>
  <sporty>
   no
  </sporty>
 </clothing>
 <clothing>
  <id>
   693880109
  </id>
  <name>
   Asics Pants C-4986
  </name>
  <category>
   Pants
  </category>
  <size>
   L
  </size>
  <color>
   Желтый
  </color>
  <material>
   Шелк
  </material>
  <price>
   890159
  </price>
  <rating>
   3.81
  </rating>
  <reviews>
   516370
  </reviews>
  <sporty>
   yes
  </sporty>
 </clothing>
 <clothing>
  <id>
   894854354
  </id>
  <name>
   DC T-shirt P-9812
  </name>
  <category>
   T-shirt
  </category>
  <size>
   L
  </size>
  <color>
   Красный
  </color>
  <material>
   Вискоза
  </material>
  <price>
   489567
  </price>
  <rating>
   1.25
  </rating>
  <reviews>
   80787
  </reviews>
  <exclusive>
   yes
  </exclusive>
  <sporty>
   yes
  </sporty>
 </clothing>
 <clothing>
  <id>
   637701062
  </id>
  <name>
   Puma Dress Z-4965
  </name>
  <category>
   Dress
  </category>
  <size>
   XL
  </size>
  <color>
   Фиолетовый
  </color>
  <material>
   Вискоза
  </material>
  <price>
   918631
  </price>
  <rating>
   2.07
  </rating>
  <reviews>
   646566
  </reviews>
 </clothing>
</clothing-items>
