<?xml version="1.0" encoding="utf-8"?>
<clothing-items>
 <clothing>
  <id>
   984242730
  </id>
  <name>
   DC Jeans L-2728
  </name>
  <category>
   Jeans
  </category>
  <size>
   M
  </size>
  <color>
   Зеленый
  </color>
  <material>
   Полиэстер
  </material>
  <price>
   932018
  </price>
  <rating>
   2.74
  </rating>
  <reviews>
   513114
  </reviews>
 </clothing>
 <clothing>
  <id>
   576655684
  </id>
  <name>
   Adidas Socks B-1156
  </name>
  <category>
   Socks
  </category>
  <size>
   S
  </size>
  <color>
   Зеленый
  </color>
  <material>
   Лен
  </material>
  <price>
   161798
  </price>
  <rating>
   3.41
  </rating>
  <reviews>
   57671
  </reviews>
  <exclusive>
   yes
  </exclusive>
 </clothing>
 <clothing>
  <id>
   184884831
  </id>
  <name>
   DC Hat H-2132
  </name>
  <category>
   Hat
  </category>
  <size>
   XL
  </size>
  <color>
   Зеленый
  </color>
  <material>
   Шелк
  </material>
  <price>
   268581
  </price>
  <rating>
   1.48
  </rating>
  <reviews>
   727464
  </reviews>
  <exclusive>
   yes
  </exclusive>
 </clothing>
 <clothing>
  <id>
   799680870
  </id>
  <name>
   Asics Gloves D-7922
  </name>
  <category>
   Gloves
  </category>
  <size>
   XXL
  </size>
  <color>
   Желтый
  </color>
  <material>
   Лен
  </material>
  <price>
   472949
  </price>
  <rating>
   2.33
  </rating>
  <reviews>
   257798
  </reviews>
  <sporty>
   no
  </sporty>
 </clothing>
 <clothing>
  <id>
   682933655
  </id>
  <name>
   Ellesse T-shirt Y-5896
  </name>
  <category>
   T-shirt
  </category>
  <size>
   M
  </size>
  <color>
   Красный
  </color>
  <material>
   Кожа
  </material>
  <price>
   886742
  </price>
  <rating>
   3.68
  </rating>
  <reviews>
   314613
  </reviews>
  <sporty>
   no
  </sporty>
 </clothing>
 <clothing>
  <id>
   955158271
  </id>
  <name>
   Vans Handbags N-5420
  </name>
  <category>
   Handbags
  </category>
  <size>
   XL
  </size>
  <color>
   Голубой
  </color>
  <material>
   Лен
  </material>
  <price>
   389176
  </price>
  <rating>
   2.12
  </rating>
  <reviews>
   784340
  </reviews>
  <new>
   +
  </new>
  <exclusive>
   no
  </exclusive>
  <sporty>
   no
  </sporty>
 </clothing>
 <clothing>
  <id>
   228378390
  </id>
  <name>
   Puma T-shirt U-5896
  </name>
  <category>
   T-shirt
  </category>
  <size>
   S
  </size>
  <color>
   Красный
  </color>
  <material>
   Шелк
  </material>
  <price>
   668806
  </price>
  <rating>
   3.93
  </rating>
  <reviews>
   730378
  </reviews>
  <new>
   -
  </new>
  <exclusive>
   no
  </exclusive>
  <sporty>
   no
  </sporty>
 </clothing>
 <clothing>
  <id>
   114310833
  </id>
  <name>
   Nike Umbrellas O-3500
  </name>
  <category>
   Umbrellas
  </category>
  <size>
   S
  </size>
  <color>
   Зеленый
  </color>
  <material>
   Кожа
  </material>
  <price>
   714725
  </price>
  <rating>
   2.25
  </rating>
  <reviews>
   285246
  </reviews>
  <sporty>
   no
  </sporty>
 </clothing>
 <clothing>
  <id>
   597320892
  </id>
  <name>
   Under Armour Sweater K-6351
  </name>
  <category>
   Sweater
  </category>
  <size>
   XL
  </size>
  <color>
   Фиолетовый
  </color>
  <material>
   Шерсть
  </material>
  <price>
   617463
  </price>
  <rating>
   3.68
  </rating>
  <reviews>
   525670
  </reviews>
  <new>
   -
  </new>
  <exclusive>
   yes
  </exclusive>
  <sporty>
   no
  </sporty>
 </clothing>
 <clothing>
  <id>
   753252668
  </id>
  <name>
   Puma Shoes Y-2393
  </name>
  <category>
   Shoes
  </category>
  <size>
   S
  </size>
  <color>
   Зеленый
  </color>
  <material>
   Лен
  </material>
  <price>
   716054
  </price>
  <rating>
   2.78
  </rating>
  <reviews>
   378624
  </reviews>
  <new>
   +
  </new>
  <exclusive>
   no
  </exclusive>
  <sporty>
   yes
  </sporty>
 </clothing>
 <clothing>
  <id>
   521879683
  </id>
  <name>
   Ellesse Handbags L-3490
  </name>
  <category>
   Handbags
  </category>
  <size>
   L
  </size>
  <color>
   Зеленый
  </color>
  <material>
   Кожа
  </material>
  <price>
   208289
  </price>
  <rating>
   4.63
  </rating>
  <reviews>
   603362
  </reviews>
  <new>
   -
  </new>
  <exclusive>
   no
  </exclusive>
  <sporty>
   no
  </sporty>
 </clothing>
 <clothing>
  <id>
   562591745
  </id>
  <name>
   Addidas Skirt L-1345
  </name>
  <category>
   Skirt
  </category>
  <size>
   M
  </size>
  <color>
   Оранжевый
  </color>
  <material>
   Нейлон
  </material>
  <price>
   199502
  </price>
  <rating>
   3.41
  </rating>
  <reviews>
   299117
  </reviews>
  <sporty>
   no
  </sporty>
 </clothing>
 <clothing>
  <id>
   334595710
  </id>
  <name>
   Vans Shoes M-2027
  </name>
  <category>
   Shoes
  </category>
  <size>
   XL
  </size>
  <color>
   Фиолетовый
  </color>
  <material>
   Нейлон
  </material>
  <price>
   629858
  </price>
  <rating>
   4.07
  </rating>
  <reviews>
   985938
  </reviews>
  <new>
   -
  </new>
  <exclusive>
   no
  </exclusive>
  <sporty>
   no
  </sporty>
 </clothing>
 <clothing>
  <id>
   674602394
  </id>
  <name>
   Brooks Gloves K-6876
  </name>
  <category>
   Gloves
  </category>
  <size>
   S
  </size>
  <color>
   Зеленый
  </color>
  <material>
   Полиэстер
  </material>
  <price>
   459168
  </price>
  <rating>
   4.63
  </rating>
  <reviews>
   235754
  </reviews>
  <new>
   +
  </new>
  <sporty>
   no
  </sporty>
 </clothing>
 <clothing>
  <id>
   124547788
  </id>
  <name>
   Nike Handbags K-6136
  </name>
  <category>
   Handbags
  </category>
  <size>
   L
  </size>
  <color>
   Синий
  </color>
  <material>
   Нейлон
  </material>
  <price>
   783089
  </price>
  <rating>
   3.62
  </rating>
  <reviews>
   121802
  </reviews>
  <sporty>
   no
  </sporty>
 </clothing>
 <clothing>
  <id>
   134487372
  </id>
  <name>
   PleinSport Blouse T-1871
  </name>
  <category>
   Blouse
  </category>
  <size>
   S
  </size>
  <color>
   Красный
  </color>
  <material>
   Вискоза
  </material>
  <price>
   986757
  </price>
  <rating>
   3.69
  </rating>
  <reviews>
   80553
  </reviews>
 </clothing>
 <clothing>
  <id>
   287208475
  </id>
  <name>
   DC Shoes E-1337
  </name>
  <category>
   Shoes
  </category>
  <size>
   L
  </size>
  <color>
   Голубой
  </color>
  <material>
   Вискоза
  </material>
  <price>
   779487
  </price>
  <rating>
   2.22
  </rating>
  <reviews>
   775241
  </reviews>
  <new>
   +
  </new>
  <exclusive>
   no
  </exclusive>
  <sporty>
   no
  </sporty>
 </clothing>
 <clothing>
  <id>
   463146034
  </id>
  <name>
   PleinSport Jeans M-5349
  </name>
  <category>
   Jeans
  </category>
  <size>
   XL
  </size>
  <color>
   Фиолетовый
  </color>
  <material>
   Вискоза
  </material>
  <price>
   918216
  </price>
  <rating>
   3.07
  </rating>
  <reviews>
   831572
  </reviews>
  <new>
   -
  </new>
  <exclusive>
   no
  </exclusive>
  <sporty>
   no
  </sporty>
 </clothing>
 <clothing>
  <id>
   902924874
  </id>
  <name>
   New Balance Jeans R-1211
  </name>
  <category>
   Jeans
  </category>
  <size>
   XXL
  </size>
  <color>
   Красный
  </color>
  <material>
   Нейлон
  </material>
  <price>
   705166
  </price>
  <rating>
   3.08
  </rating>
  <reviews>
   557301
  </reviews>
  <new>
   +
  </new>
 </clothing>
 <clothing>
  <id>
   932145508
  </id>
  <name>
   PleinSport Jacket R-9961
  </name>
  <category>
   Jacket
  </category>
  <size>
   XL
  </size>
  <color>
   Голубой
  </color>
  <material>
   Кожа
  </material>
  <price>
   379209
  </price>
  <rating>
   4.05
  </rating>
  <reviews>
   381588
  </reviews>
 </clothing>
 <clothing>
  <id>
   353411047
  </id>
  <name>
   Lacoste Skirt R-7720
  </name>
  <category>
   Skirt
  </category>
  <size>
   XXL
  </size>
  <color>
   Фиолетовый
  </color>
  <material>
   Вискоза
  </material>
  <price>
   480714
  </price>
  <rating>
   2.47
  </rating>
  <reviews>
   965087
  </reviews>
  <exclusive>
   no
  </exclusive>
  <sporty>
   yes
  </sporty>
 </clothing>
 <clothing>
  <id>
   959299798
  </id>
  <name>
   Converse Shoes K-2586
  </name>
  <category>
   Shoes
  </category>
  <size>
   XL
  </size>
  <color>
   Желтый
  </color>
  <material>
   Кожа
  </material>
  <price>
   177008
  </price>
  <rating>
   2.37
  </rating>
  <reviews>
   988634
  </reviews>
  <exclusive>
   no
  </exclusive>
  <sporty>
   yes
  </sporty>
 </clothing>
 <clothing>
  <id>
   734715655
  </id>
  <name>
   Puma Shirt U-7201
  </name>
  <category>
   Shirt
  </category>
  <size>
   XXL
  </size>
  <color>
   Желтый
  </color>
  <material>
   Нейлон
  </material>
  <price>
   323440
  </price>
  <rating>
   3.0
  </rating>
  <reviews>
   728276
  </reviews>
  <new>
   +
  </new>
  <exclusive>
   yes
  </exclusive>
  <sporty>
   no
  </sporty>
 </clothing>
 <clothing>
  <id>
   262690051
  </id>
  <name>
   Nike Jacket G-2118
  </name>
  <category>
   Jacket
  </category>
  <size>
   L
  </size>
  <color>
   Красный
  </color>
  <material>
   Нейлон
  </material>
  <price>
   319450
  </price>
  <rating>
   4.83
  </rating>
  <reviews>
   362005
  </reviews>
  <exclusive>
   no
  </exclusive>
  <sporty>
   yes
  </sporty>
 </clothing>
 <clothing>
  <id>
   126261221
  </id>
  <name>
   Addidas Pants R-4941
  </name>
  <category>
   Pants
  </category>
  <size>
   XXL
  </size>
  <color>
   Голубой
  </color>
  <material>
   Кожа
  </material>
  <price>
   610532
  </price>
  <rating>
   2.76
  </rating>
  <reviews>
   165152
  </reviews>
  <new>
   +
  </new>
  <sporty>
   yes
  </sporty>
 </clothing>
 <clothing>
  <id>
   707215208
  </id>
  <name>
   Puma Shoes T-9796
  </name>
  <category>
   Shoes
  </category>
  <size>
   XXL
  </size>
  <color>
   Красный
  </color>
  <material>
   Полиэстер
  </material>
  <price>
   662091
  </price>
  <rating>
   1.13
  </rating>
  <reviews>
   82616
  </reviews>
  <new>
   +
  </new>
  <sporty>
   yes
  </sporty>
 </clothing>
 <clothing>
  <id>
   690516272
  </id>
  <name>
   Ellesse Shoes H-2205
  </name>
  <category>
   Shoes
  </category>
  <size>
   L
  </size>
  <color>
   Синий
  </color>
  <material>
   Вискоза
  </material>
  <price>
   848105
  </price>
  <rating>
   3.51
  </rating>
  <reviews>
   331236
  </reviews>
  <exclusive>
   no
  </exclusive>
  <sporty>
   no
  </sporty>
 </clothing>
 <clothing>
  <id>
   764473920
  </id>
  <name>
   Reebok Shoes Z-3016
  </name>
  <category>
   Shoes
  </category>
  <size>
   XL
  </size>
  <color>
   Синий
  </color>
  <material>
   Полиэстер
  </material>
  <price>
   226887
  </price>
  <rating>
   3.01
  </rating>
  <reviews>
   738241
  </reviews>
  <new>
   +
  </new>
  <exclusive>
   no
  </exclusive>
 </clothing>
 <clothing>
  <id>
   637166664
  </id>
  <name>
   Asics T-shirt V-1314
  </name>
  <category>
   T-shirt
  </category>
  <size>
   S
  </size>
  <color>
   Фиолетовый
  </color>
  <material>
   Лен
  </material>
  <price>
   577020
  </price>
  <rating>
   4.2
  </rating>
  <reviews>
   63836
  </reviews>
  <new>
   +
  </new>
  <sporty>
   no
  </sporty>
 </clothing>
 <clothing>
  <id>
   176597474
  </id>
  <name>
   PleinSport Hat S-6933
  </name>
  <category>
   Hat
  </category>
  <size>
   XXL
  </size>
  <color>
   Синий
  </color>
  <material>
   Лен
  </material>
  <price>
   500838
  </price>
  <rating>
   2.29
  </rating>
  <reviews>
   815972
  </reviews>
  <new>
   -
  </new>
  <exclusive>
   no
  </exclusive>
 </clothing>
</clothing-items>
