<?xml version="1.0" encoding="utf-8"?>
<clothing-items>
 <clothing>
  <id>
   955770893
  </id>
  <name>
   DC Shoes Q-1884
  </name>
  <category>
   Shoes
  </category>
  <size>
   L
  </size>
  <color>
   Синий
  </color>
  <material>
   Лен
  </material>
  <price>
   965988
  </price>
  <rating>
   2.27
  </rating>
  <reviews>
   717534
  </reviews>
  <new>
   -
  </new>
  <exclusive>
   yes
  </exclusive>
  <sporty>
   yes
  </sporty>
 </clothing>
 <clothing>
  <id>
   230954457
  </id>
  <name>
   Puma Skirt Q-7310
  </name>
  <category>
   Skirt
  </category>
  <size>
   M
  </size>
  <color>
   Зеленый
  </color>
  <material>
   Шерсть
  </material>
  <price>
   128270
  </price>
  <rating>
   4.43
  </rating>
  <reviews>
   143922
  </reviews>
  <sporty>
   yes
  </sporty>
 </clothing>
 <clothing>
  <id>
   334692402
  </id>
  <name>
   DC Jacket Q-7653
  </name>
  <category>
   Jacket
  </category>
  <size>
   XL
  </size>
  <color>
   Голубой
  </color>
  <material>
   Кожа
  </material>
  <price>
   718985
  </price>
  <rating>
   3.39
  </rating>
  <reviews>
   344077
  </reviews>
  <new>
   -
  </new>
  <exclusive>
   no
  </exclusive>
 </clothing>
 <clothing>
  <id>
   514246308
  </id>
  <name>
   Converse Shirt L-2092
  </name>
  <category>
   Shirt
  </category>
  <size>
   XXL
  </size>
  <color>
   Оранжевый
  </color>
  <material>
   Шерсть
  </material>
  <price>
   190752
  </price>
  <rating>
   1.55
  </rating>
  <reviews>
   830723
  </reviews>
  <new>
   +
  </new>
  <exclusive>
   no
  </exclusive>
  <sporty>
   yes
  </sporty>
 </clothing>
 <clothing>
  <id>
   762294017
  </id>
  <name>
   Asics Shirt B-3129
  </name>
  <category>
   Shirt
  </category>
  <size>
   S
  </size>
  <color>
   Оранжевый
  </color>
  <material>
   Кожа
  </material>
  <price>
   220010
  </price>
  <rating>
   1.34
  </rating>
  <reviews>
   137891
  </reviews>
  <sporty>
   no
  </sporty>
 </clothing>
 <clothing>
  <id>
   674167511
  </id>
  <name>
   Ellesse Skirt V-8205
  </name>
  <category>
   Skirt
  </category>
  <size>
   M
  </size>
  <color>
   Синий
  </color>
  <material>
   Кожа
  </material>
  <price>
   709012
  </price>
  <rating>
   2.48
  </rating>
  <reviews>
   610769
  </reviews>
  <exclusive>
   no
  </exclusive>
 </clothing>
 <clothing>
  <id>
   471105912
  </id>
  <name>
   Ellesse Blouse S-1222
  </name>
  <category>
   Blouse
  </category>
  <size>
   L
  </size>
  <color>
   Оранжевый
  </color>
  <material>
   Шелк
  </material>
  <price>
   439240
  </price>
  <rating>
   1.18
  </rating>
  <reviews>
   936492
  </reviews>
  <new>
   +
  </new>
  <exclusive>
   no
  </exclusive>
 </clothing>
 <clothing>
  <id>
   560757325
  </id>
  <name>
   PleinSport Shirt P-4650
  </name>
  <category>
   Shirt
  </category>
  <size>
   S
  </size>
  <color>
   Красный
  </color>
  <material>
   Хлопок
  </material>
  <price>
   197318
  </price>
  <rating>
   4.27
  </rating>
  <reviews>
   873562
  </reviews>
  <new>
   -
  </new>
  <sporty>
   yes
  </sporty>
 </clothing>
 <clothing>
  <id>
   616452761
  </id>
  <name>
   Brooks Jacket N-4499
  </name>
  <category>
   Jacket
  </category>
  <size>
   M
  </size>
  <color>
   Голубой
  </color>
  <material>
   Полиэстер
  </material>
  <price>
   602305
  </price>
  <rating>
   3.15
  </rating>
  <reviews>
   958313
  </reviews>
  <new>
   +
  </new>
  <exclusive>
   no
  </exclusive>
 </clothing>
 <clothing>
  <id>
   356560296
  </id>
  <name>
   Under Armour Shoes V-3039
  </name>
  <category>
   Shoes
  </category>
  <size>
   L
  </size>
  <color>
   Зеленый
  </color>
  <material>
   Хлопок
  </material>
  <price>
   209596
  </price>
  <rating>
   2.89
  </rating>
  <reviews>
   818876
  </reviews>
 </clothing>
 <clothing>
  <id>
   320712013
  </id>
  <name>
   Under Armour Blouse X-9823
  </name>
  <category>
   Blouse
  </category>
  <size>
   XXL
  </size>
  <color>
   Оранжевый
  </color>
  <material>
   Хлопок
  </material>
  <price>
   659161
  </price>
  <rating>
   4.38
  </rating>
  <reviews>
   824454
  </reviews>
 </clothing>
 <clothing>
  <id>
   840670042
  </id>
  <name>
   Brooks Umbrellas I-4474
  </name>
  <category>
   Umbrellas
  </category>
  <size>
   L
  </size>
  <color>
   Зеленый
  </color>
  <material>
   Шелк
  </material>
  <price>
   477688
  </price>
  <rating>
   3.34
  </rating>
  <reviews>
   78576
  </reviews>
  <exclusive>
   yes
  </exclusive>
  <sporty>
   no
  </sporty>
 </clothing>
</clothing-items>
