<?xml version="1.0" encoding="utf-8"?>
<clothing-items>
 <clothing>
  <id>
   131381878
  </id>
  <name>
   Converse Skirt K-9572
  </name>
  <category>
   Skirt
  </category>
  <size>
   S
  </size>
  <color>
   Желтый
  </color>
  <material>
   Кожа
  </material>
  <price>
   218634
  </price>
  <rating>
   2.0
  </rating>
  <reviews>
   166784
  </reviews>
  <new>
   +
  </new>
  <exclusive>
   no
  </exclusive>
  <sporty>
   no
  </sporty>
 </clothing>
 <clothing>
  <id>
   811322093
  </id>
  <name>
   Vans Hat Q-1180
  </name>
  <category>
   Hat
  </category>
  <size>
   L
  </size>
  <color>
   Красный
  </color>
  <material>
   Вискоза
  </material>
  <price>
   597023
  </price>
  <rating>
   1.91
  </rating>
  <reviews>
   948872
  </reviews>
  <new>
   -
  </new>
  <exclusive>
   yes
  </exclusive>
  <sporty>
   no
  </sporty>
 </clothing>
 <clothing>
  <id>
   985520203
  </id>
  <name>
   Fila Umbrellas P-7059
  </name>
  <category>
   Umbrellas
  </category>
  <size>
   M
  </size>
  <color>
   Зеленый
  </color>
  <material>
   Хлопок
  </material>
  <price>
   424587
  </price>
  <rating>
   3.05
  </rating>
  <reviews>
   978266
  </reviews>
  <new>
   -
  </new>
  <exclusive>
   no
  </exclusive>
 </clothing>
 <clothing>
  <id>
   124506473
  </id>
  <name>
   PleinSport Shirt M-6298
  </name>
  <category>
   Shirt
  </category>
  <size>
   XL
  </size>
  <color>
   Синий
  </color>
  <material>
   Полиэстер
  </material>
  <price>
   393051
  </price>
  <rating>
   4.51
  </rating>
  <reviews>
   65887
  </reviews>
  <new>
   +
  </new>
  <exclusive>
   yes
  </exclusive>
 </clothing>
 <clothing>
  <id>
   115383048
  </id>
  <name>
   Asics Umbrellas C-9562
  </name>
  <category>
   Umbrellas
  </category>
  <size>
   M
  </size>
  <color>
   Оранжевый
  </color>
  <material>
   Кожа
  </material>
  <price>
   580951
  </price>
  <rating>
   4.67
  </rating>
  <reviews>
   464510
  </reviews>
  <new>
   -
  </new>
  <sporty>
   yes
  </sporty>
 </clothing>
 <clothing>
  <id>
   940438882
  </id>
  <name>
   Addidas Socks R-2962
  </name>
  <category>
   Socks
  </category>
  <size>
   L
  </size>
  <color>
   Красный
  </color>
  <material>
   Шелк
  </material>
  <price>
   576154
  </price>
  <rating>
   2.23
  </rating>
  <reviews>
   56281
  </reviews>
  <new>
   -
  </new>
 </clothing>
 <clothing>
  <id>
   462737730
  </id>
  <name>
   DC Jacket L-6073
  </name>
  <category>
   Jacket
  </category>
  <size>
   L
  </size>
  <color>
   Желтый
  </color>
  <material>
   Полиэстер
  </material>
  <price>
   113248
  </price>
  <rating>
   3.47
  </rating>
  <reviews>
   32943
  </reviews>
  <exclusive>
   no
  </exclusive>
  <sporty>
   yes
  </sporty>
 </clothing>
 <clothing>
  <id>
   189392411
  </id>
  <name>
   Puma Blouse D-5170
  </name>
  <category>
   Blouse
  </category>
  <size>
   XL
  </size>
  <color>
   Оранжевый
  </color>
  <material>
   Лен
  </material>
  <price>
   942686
  </price>
  <rating>
   3.8
  </rating>
  <reviews>
   992665
  </reviews>
  <new>
   -
  </new>
 </clothing>
 <clothing>
  <id>
   736797713
  </id>
  <name>
   Puma Dress G-2525
  </name>
  <category>
   Dress
  </category>
  <size>
   M
  </size>
  <color>
   Голубой
  </color>
  <material>
   Нейлон
  </material>
  <price>
   172221
  </price>
  <rating>
   3.4
  </rating>
  <reviews>
   109174
  </reviews>
  <new>
   +
  </new>
  <exclusive>
   yes
  </exclusive>
  <sporty>
   yes
  </sporty>
 </clothing>
 <clothing>
  <id>
   510016833
  </id>
  <name>
   Puma Handbags D-4498
  </name>
  <category>
   Handbags
  </category>
  <size>
   M
  </size>
  <color>
   Оранжевый
  </color>
  <material>
   Вискоза
  </material>
  <price>
   812420
  </price>
  <rating>
   2.22
  </rating>
  <reviews>
   763088
  </reviews>
  <exclusive>
   no
  </exclusive>
 </clothing>
 <clothing>
  <id>
   420563107
  </id>
  <name>
   Nike Hat W-1219
  </name>
  <category>
   Hat
  </category>
  <size>
   M
  </size>
  <color>
   Зеленый
  </color>
  <material>
   Нейлон
  </material>
  <price>
   888404
  </price>
  <rating>
   1.73
  </rating>
  <reviews>
   347361
  </reviews>
  <new>
   -
  </new>
  <sporty>
   no
  </sporty>
 </clothing>
 <clothing>
  <id>
   829092065
  </id>
  <name>
   Fila Shirt B-9793
  </name>
  <category>
   Shirt
  </category>
  <size>
   XL
  </size>
  <color>
   Голубой
  </color>
  <material>
   Шерсть
  </material>
  <price>
   707358
  </price>
  <rating>
   3.19
  </rating>
  <reviews>
   81303
  </reviews>
  <exclusive>
   no
  </exclusive>
 </clothing>
 <clothing>
  <id>
   377862446
  </id>
  <name>
   Nike Jeans H-4062
  </name>
  <category>
   Jeans
  </category>
  <size>
   XL
  </size>
  <color>
   Зеленый
  </color>
  <material>
   Полиэстер
  </material>
  <price>
   222809
  </price>
  <rating>
   4.5
  </rating>
  <reviews>
   587434
  </reviews>
  <new>
   -
  </new>
  <exclusive>
   yes
  </exclusive>
  <sporty>
   no
  </sporty>
 </clothing>
 <clothing>
  <id>
   669466603
  </id>
  <name>
   DC Belts U-8735
  </name>
  <category>
   Belts
  </category>
  <size>
   XL
  </size>
  <color>
   Фиолетовый
  </color>
  <material>
   Лен
  </material>
  <price>
   175392
  </price>
  <rating>
   4.53
  </rating>
  <reviews>
   641302
  </reviews>
  <new>
   +
  </new>
  <sporty>
   no
  </sporty>
 </clothing>
 <clothing>
  <id>
   441216777
  </id>
  <name>
   PleinSport Blouse X-9411
  </name>
  <category>
   Blouse
  </category>
  <size>
   XL
  </size>
  <color>
   Красный
  </color>
  <material>
   Полиэстер
  </material>
  <price>
   358109
  </price>
  <rating>
   3.57
  </rating>
  <reviews>
   903562
  </reviews>
  <new>
   -
  </new>
  <sporty>
   no
  </sporty>
 </clothing>
</clothing-items>
