<?xml version="1.0" encoding="utf-8"?>
<clothing-items>
 <clothing>
  <id>
   136662746
  </id>
  <name>
   Asics Belts J-3862
  </name>
  <category>
   Belts
  </category>
  <size>
   XL
  </size>
  <color>
   Оранжевый
  </color>
  <material>
   Нейлон
  </material>
  <price>
   441180
  </price>
  <rating>
   3.61
  </rating>
  <reviews>
   703950
  </reviews>
  <new>
   -
  </new>
  <exclusive>
   yes
  </exclusive>
  <sporty>
   yes
  </sporty>
 </clothing>
 <clothing>
  <id>
   863751923
  </id>
  <name>
   Fila Socks G-4728
  </name>
  <category>
   Socks
  </category>
  <size>
   L
  </size>
  <color>
   Оранжевый
  </color>
  <material>
   Полиэстер
  </material>
  <price>
   919345
  </price>
  <rating>
   4.83
  </rating>
  <reviews>
   132111
  </reviews>
  <new>
   +
  </new>
  <exclusive>
   no
  </exclusive>
 </clothing>
 <clothing>
  <id>
   967892900
  </id>
  <name>
   Adidas Skirt M-4646
  </name>
  <category>
   Skirt
  </category>
  <size>
   S
  </size>
  <color>
   Желтый
  </color>
  <material>
   Кожа
  </material>
  <price>
   183831
  </price>
  <rating>
   3.86
  </rating>
  <reviews>
   98161
  </reviews>
  <new>
   -
  </new>
  <exclusive>
   no
  </exclusive>
 </clothing>
 <clothing>
  <id>
   968332747
  </id>
  <name>
   Reebok Gloves C-2660
  </name>
  <category>
   Gloves
  </category>
  <size>
   XXL
  </size>
  <color>
   Красный
  </color>
  <material>
   Вискоза
  </material>
  <price>
   145006
  </price>
  <rating>
   2.73
  </rating>
  <reviews>
   259316
  </reviews>
  <new>
   +
  </new>
  <exclusive>
   no
  </exclusive>
  <sporty>
   no
  </sporty>
 </clothing>
 <clothing>
  <id>
   886528280
  </id>
  <name>
   Ellesse Belts S-1120
  </name>
  <category>
   Belts
  </category>
  <size>
   L
  </size>
  <color>
   Синий
  </color>
  <material>
   Вискоза
  </material>
  <price>
   488716
  </price>
  <rating>
   3.4
  </rating>
  <reviews>
   769473
  </reviews>
  <new>
   +
  </new>
  <sporty>
   yes
  </sporty>
 </clothing>
 <clothing>
  <id>
   832163131
  </id>
  <name>
   Fila T-shirt R-7897
  </name>
  <category>
   T-shirt
  </category>
  <size>
   M
  </size>
  <color>
   Голубой
  </color>
  <material>
   Вискоза
  </material>
  <price>
   863390
  </price>
  <rating>
   2.33
  </rating>
  <reviews>
   635947
  </reviews>
  <sporty>
   yes
  </sporty>
 </clothing>
 <clothing>
  <id>
   436351338
  </id>
  <name>
   New Balance Skirt Q-3049
  </name>
  <category>
   Skirt
  </category>
  <size>
   L
  </size>
  <color>
   Голубой
  </color>
  <material>
   Хлопок
  </material>
  <price>
   624741
  </price>
  <rating>
   4.69
  </rating>
  <reviews>
   668312
  </reviews>
  <exclusive>
   no
  </exclusive>
 </clothing>
 <clothing>
  <id>
   639543038
  </id>
  <name>
   Reebok Shirt E-3554
  </name>
  <category>
   Shirt
  </category>
  <size>
   M
  </size>
  <color>
   Голубой
  </color>
  <material>
   Шерсть
  </material>
  <price>
   488191
  </price>
  <rating>
   4.81
  </rating>
  <reviews>
   607980
  </reviews>
  <new>
   -
  </new>
  <exclusive>
   no
  </exclusive>
 </clothing>
 <clothing>
  <id>
   518561663
  </id>
  <name>
   Fila Umbrellas T-1239
  </name>
  <category>
   Umbrellas
  </category>
  <size>
   L
  </size>
  <color>
   Голубой
  </color>
  <material>
   Лен
  </material>
  <price>
   353511
  </price>
  <rating>
   3.28
  </rating>
  <reviews>
   232938
  </reviews>
  <new>
   -
  </new>
  <sporty>
   no
  </sporty>
 </clothing>
 <clothing>
  <id>
   970016907
  </id>
  <name>
   Lacoste Umbrellas V-1316
  </name>
  <category>
   Umbrellas
  </category>
  <size>
   L
  </size>
  <color>
   Оранжевый
  </color>
  <material>
   Лен
  </material>
  <price>
   443515
  </price>
  <rating>
   3.64
  </rating>
  <reviews>
   329259
  </reviews>
  <new>
   +
  </new>
  <exclusive>
   yes
  </exclusive>
  <sporty>
   yes
  </sporty>
 </clothing>
 <clothing>
  <id>
   414846935
  </id>
  <name>
   Adidas Pants E-9657
  </name>
  <category>
   Pants
  </category>
  <size>
   XL
  </size>
  <color>
   Желтый
  </color>
  <material>
   Шерсть
  </material>
  <price>
   249978
  </price>
  <rating>
   4.33
  </rating>
  <reviews>
   623754
  </reviews>
  <new>
   -
  </new>
  <exclusive>
   yes
  </exclusive>
  <sporty>
   yes
  </sporty>
 </clothing>
 <clothing>
  <id>
   532568635
  </id>
  <name>
   Puma Dress A-4705
  </name>
  <category>
   Dress
  </category>
  <size>
   S
  </size>
  <color>
   Зеленый
  </color>
  <material>
   Лен
  </material>
  <price>
   436053
  </price>
  <rating>
   1.76
  </rating>
  <reviews>
   363550
  </reviews>
 </clothing>
 <clothing>
  <id>
   388982817
  </id>
  <name>
   Vans Jeans A-1957
  </name>
  <category>
   Jeans
  </category>
  <size>
   XL
  </size>
  <color>
   Голубой
  </color>
  <material>
   Кожа
  </material>
  <price>
   759602
  </price>
  <rating>
   4.04
  </rating>
  <reviews>
   699115
  </reviews>
  <new>
   +
  </new>
  <exclusive>
   no
  </exclusive>
 </clothing>
 <clothing>
  <id>
   758953670
  </id>
  <name>
   Vans Socks W-8117
  </name>
  <category>
   Socks
  </category>
  <size>
   L
  </size>
  <color>
   Оранжевый
  </color>
  <material>
   Нейлон
  </material>
  <price>
   703251
  </price>
  <rating>
   2.25
  </rating>
  <reviews>
   462777
  </reviews>
 </clothing>
 <clothing>
  <id>
   361807653
  </id>
  <name>
   PleinSport Pants Y-7584
  </name>
  <category>
   Pants
  </category>
  <size>
   XL
  </size>
  <color>
   Желтый
  </color>
  <material>
   Вискоза
  </material>
  <price>
   355506
  </price>
  <rating>
   1.55
  </rating>
  <reviews>
   70298
  </reviews>
  <new>
   -
  </new>
  <sporty>
   no
  </sporty>
 </clothing>
 <clothing>
  <id>
   821672304
  </id>
  <name>
   Nike Shirt O-8910
  </name>
  <category>
   Shirt
  </category>
  <size>
   XXL
  </size>
  <color>
   Зеленый
  </color>
  <material>
   Кожа
  </material>
  <price>
   998934
  </price>
  <rating>
   3.89
  </rating>
  <reviews>
   970813
  </reviews>
  <new>
   -
  </new>
  <sporty>
   no
  </sporty>
 </clothing>
 <clothing>
  <id>
   374592737
  </id>
  <name>
   Ellesse Umbrellas S-1546
  </name>
  <category>
   Umbrellas
  </category>
  <size>
   M
  </size>
  <color>
   Красный
  </color>
  <material>
   Нейлон
  </material>
  <price>
   184195
  </price>
  <rating>
   3.9
  </rating>
  <reviews>
   273426
  </reviews>
  <new>
   +
  </new>
  <exclusive>
   yes
  </exclusive>
  <sporty>
   no
  </sporty>
 </clothing>
 <clothing>
  <id>
   156297472
  </id>
  <name>
   New Balance Gloves O-7404
  </name>
  <category>
   Gloves
  </category>
  <size>
   XL
  </size>
  <color>
   Голубой
  </color>
  <material>
   Вискоза
  </material>
  <price>
   651469
  </price>
  <rating>
   1.49
  </rating>
  <reviews>
   157269
  </reviews>
  <new>
   -
  </new>
 </clothing>
 <clothing>
  <id>
   697141010
  </id>
  <name>
   Addidas Gloves N-4892
  </name>
  <category>
   Gloves
  </category>
  <size>
   XL
  </size>
  <color>
   Зеленый
  </color>
  <material>
   Вискоза
  </material>
  <price>
   106891
  </price>
  <rating>
   2.78
  </rating>
  <reviews>
   57452
  </reviews>
  <new>
   +
  </new>
 </clothing>
 <clothing>
  <id>
   626828331
  </id>
  <name>
   Adidas Dress W-9831
  </name>
  <category>
   Dress
  </category>
  <size>
   L
  </size>
  <color>
   Голубой
  </color>
  <material>
   Вискоза
  </material>
  <price>
   679582
  </price>
  <rating>
   1.77
  </rating>
  <reviews>
   684838
  </reviews>
  <new>
   +
  </new>
  <exclusive>
   no
  </exclusive>
 </clothing>
 <clothing>
  <id>
   670062309
  </id>
  <name>
   PleinSport Belts X-1185
  </name>
  <category>
   Belts
  </category>
  <size>
   XL
  </size>
  <color>
   Синий
  </color>
  <material>
   Лен
  </material>
  <price>
   544463
  </price>
  <rating>
   1.01
  </rating>
  <reviews>
   541503
  </reviews>
 </clothing>
 <clothing>
  <id>
   671144442
  </id>
  <name>
   Puma Belts P-5304
  </name>
  <category>
   Belts
  </category>
  <size>
   XXL
  </size>
  <color>
   Зеленый
  </color>
  <material>
   Хлопок
  </material>
  <price>
   502017
  </price>
  <rating>
   4.53
  </rating>
  <reviews>
   712263
  </reviews>
 </clothing>
 <clothing>
  <id>
   932951675
  </id>
  <name>
   Lacoste Belts L-3476
  </name>
  <category>
   Belts
  </category>
  <size>
   L
  </size>
  <color>
   Синий
  </color>
  <material>
   Лен
  </material>
  <price>
   799272
  </price>
  <rating>
   1.07
  </rating>
  <reviews>
   23058
  </reviews>
  <new>
   +
  </new>
  <exclusive>
   no
  </exclusive>
 </clothing>
 <clothing>
  <id>
   279777798
  </id>
  <name>
   Asics Umbrellas Y-9222
  </name>
  <category>
   Umbrellas
  </category>
  <size>
   L
  </size>
  <color>
   Голубой
  </color>
  <material>
   Вискоза
  </material>
  <price>
   693800
  </price>
  <rating>
   2.97
  </rating>
  <reviews>
   756935
  </reviews>
  <new>
   -
  </new>
  <exclusive>
   yes
  </exclusive>
  <sporty>
   yes
  </sporty>
 </clothing>
 <clothing>
  <id>
   124466949
  </id>
  <name>
   PleinSport Skirt C-5783
  </name>
  <category>
   Skirt
  </category>
  <size>
   XL
  </size>
  <color>
   Желтый
  </color>
  <material>
   Хлопок
  </material>
  <price>
   162962
  </price>
  <rating>
   2.5
  </rating>
  <reviews>
   327486
  </reviews>
  <exclusive>
   no
  </exclusive>
  <sporty>
   no
  </sporty>
 </clothing>
</clothing-items>
