<?xml version="1.0" encoding="utf-8"?>
<clothing-items>
 <clothing>
  <id>
   684477425
  </id>
  <name>
   Puma Jeans V-1246
  </name>
  <category>
   Jeans
  </category>
  <size>
   XL
  </size>
  <color>
   Желтый
  </color>
  <material>
   Лен
  </material>
  <price>
   911452
  </price>
  <rating>
   3.72
  </rating>
  <reviews>
   406067
  </reviews>
  <exclusive>
   no
  </exclusive>
 </clothing>
 <clothing>
  <id>
   366605840
  </id>
  <name>
   Under Armour Belts U-3523
  </name>
  <category>
   Belts
  </category>
  <size>
   L
  </size>
  <color>
   Красный
  </color>
  <material>
   Шерсть
  </material>
  <price>
   442325
  </price>
  <rating>
   1.9
  </rating>
  <reviews>
   895641
  </reviews>
 </clothing>
 <clothing>
  <id>
   483102581
  </id>
  <name>
   Lacoste Gloves N-3754
  </name>
  <category>
   Gloves
  </category>
  <size>
   M
  </size>
  <color>
   Оранжевый
  </color>
  <material>
   Хлопок
  </material>
  <price>
   698571
  </price>
  <rating>
   1.25
  </rating>
  <reviews>
   329817
  </reviews>
  <new>
   -
  </new>
 </clothing>
 <clothing>
  <id>
   968430981
  </id>
  <name>
   New Balance Jacket V-6055
  </name>
  <category>
   Jacket
  </category>
  <size>
   S
  </size>
  <color>
   Желтый
  </color>
  <material>
   Лен
  </material>
  <price>
   748794
  </price>
  <rating>
   2.83
  </rating>
  <reviews>
   235291
  </reviews>
  <new>
   +
  </new>
  <exclusive>
   no
  </exclusive>
 </clothing>
 <clothing>
  <id>
   285552156
  </id>
  <name>
   Addidas Shoes G-9834
  </name>
  <category>
   Shoes
  </category>
  <size>
   M
  </size>
  <color>
   Голубой
  </color>
  <material>
   Полиэстер
  </material>
  <price>
   225183
  </price>
  <rating>
   3.82
  </rating>
  <reviews>
   63609
  </reviews>
  <exclusive>
   no
  </exclusive>
  <sporty>
   yes
  </sporty>
 </clothing>
 <clothing>
  <id>
   107705825
  </id>
  <name>
   PleinSport Handbags N-6242
  </name>
  <category>
   Handbags
  </category>
  <size>
   M
  </size>
  <color>
   Голубой
  </color>
  <material>
   Кожа
  </material>
  <price>
   548229
  </price>
  <rating>
   3.68
  </rating>
  <reviews>
   63995
  </reviews>
  <new>
   +
  </new>
  <exclusive>
   no
  </exclusive>
 </clothing>
 <clothing>
  <id>
   349958090
  </id>
  <name>
   Vans Blouse G-8133
  </name>
  <category>
   Blouse
  </category>
  <size>
   L
  </size>
  <color>
   Красный
  </color>
  <material>
   Нейлон
  </material>
  <price>
   524569
  </price>
  <rating>
   3.92
  </rating>
  <reviews>
   946727
  </reviews>
 </clothing>
 <clothing>
  <id>
   287227059
  </id>
  <name>
   DC Pants L-7174
  </name>
  <category>
   Pants
  </category>
  <size>
   XL
  </size>
  <color>
   Фиолетовый
  </color>
  <material>
   Кожа
  </material>
  <price>
   404113
  </price>
  <rating>
   1.84
  </rating>
  <reviews>
   583302
  </reviews>
  <new>
   -
  </new>
  <exclusive>
   no
  </exclusive>
  <sporty>
   yes
  </sporty>
 </clothing>
 <clothing>
  <id>
   497924818
  </id>
  <name>
   Reebok Shoes M-2864
  </name>
  <category>
   Shoes
  </category>
  <size>
   XXL
  </size>
  <color>
   Оранжевый
  </color>
  <material>
   Нейлон
  </material>
  <price>
   669648
  </price>
  <rating>
   4.76
  </rating>
  <reviews>
   960153
  </reviews>
  <new>
   -
  </new>
  <exclusive>
   yes
  </exclusive>
 </clothing>
 <clothing>
  <id>
   518710690
  </id>
  <name>
   Adidas Blouse L-2976
  </name>
  <category>
   Blouse
  </category>
  <size>
   S
  </size>
  <color>
   Оранжевый
  </color>
  <material>
   Кожа
  </material>
  <price>
   368273
  </price>
  <rating>
   3.46
  </rating>
  <reviews>
   764441
  </reviews>
  <new>
   -
  </new>
 </clothing>
 <clothing>
  <id>
   146603045
  </id>
  <name>
   Nike Handbags N-1584
  </name>
  <category>
   Handbags
  </category>
  <size>
   XL
  </size>
  <color>
   Голубой
  </color>
  <material>
   Нейлон
  </material>
  <price>
   706872
  </price>
  <rating>
   1.93
  </rating>
  <reviews>
   414248
  </reviews>
  <exclusive>
   yes
  </exclusive>
 </clothing>
 <clothing>
  <id>
   780220421
  </id>
  <name>
   Converse Handbags A-6081
  </name>
  <category>
   Handbags
  </category>
  <size>
   XL
  </size>
  <color>
   Желтый
  </color>
  <material>
   Нейлон
  </material>
  <price>
   454938
  </price>
  <rating>
   2.41
  </rating>
  <reviews>
   169687
  </reviews>
  <new>
   +
  </new>
 </clothing>
 <clothing>
  <id>
   320893465
  </id>
  <name>
   Adidas T-shirt Z-4470
  </name>
  <category>
   T-shirt
  </category>
  <size>
   M
  </size>
  <color>
   Зеленый
  </color>
  <material>
   Нейлон
  </material>
  <price>
   433557
  </price>
  <rating>
   2.35
  </rating>
  <reviews>
   846996
  </reviews>
  <exclusive>
   no
  </exclusive>
  <sporty>
   yes
  </sporty>
 </clothing>
 <clothing>
  <id>
   526155353
  </id>
  <name>
   DC Blouse P-8036
  </name>
  <category>
   Blouse
  </category>
  <size>
   M
  </size>
  <color>
   Фиолетовый
  </color>
  <material>
   Нейлон
  </material>
  <price>
   778429
  </price>
  <rating>
   2.47
  </rating>
  <reviews>
   806401
  </reviews>
  <sporty>
   yes
  </sporty>
 </clothing>
 <clothing>
  <id>
   193380708
  </id>
  <name>
   Ellesse Pants G-2493
  </name>
  <category>
   Pants
  </category>
  <size>
   XXL
  </size>
  <color>
   Синий
  </color>
  <material>
   Шелк
  </material>
  <price>
   323767
  </price>
  <rating>
   4.2
  </rating>
  <reviews>
   418827
  </reviews>
  <new>
   +
  </new>
  <exclusive>
   no
  </exclusive>
  <sporty>
   no
  </sporty>
 </clothing>
 <clothing>
  <id>
   122950372
  </id>
  <name>
   Adidas Skirt V-9610
  </name>
  <category>
   Skirt
  </category>
  <size>
   L
  </size>
  <color>
   Фиолетовый
  </color>
  <material>
   Хлопок
  </material>
  <price>
   441695
  </price>
  <rating>
   1.66
  </rating>
  <reviews>
   129775
  </reviews>
  <new>
   -
  </new>
  <exclusive>
   yes
  </exclusive>
 </clothing>
 <clothing>
  <id>
   295131194
  </id>
  <name>
   Addidas Umbrellas J-7878
  </name>
  <category>
   Umbrellas
  </category>
  <size>
   XL
  </size>
  <color>
   Синий
  </color>
  <material>
   Кожа
  </material>
  <price>
   900896
  </price>
  <rating>
   3.89
  </rating>
  <reviews>
   486003
  </reviews>
  <new>
   -
  </new>
  <exclusive>
   yes
  </exclusive>
  <sporty>
   no
  </sporty>
 </clothing>
 <clothing>
  <id>
   469216203
  </id>
  <name>
   Fila T-shirt W-5269
  </name>
  <category>
   T-shirt
  </category>
  <size>
   S
  </size>
  <color>
   Голубой
  </color>
  <material>
   Нейлон
  </material>
  <price>
   283853
  </price>
  <rating>
   2.65
  </rating>
  <reviews>
   965631
  </reviews>
  <exclusive>
   yes
  </exclusive>
  <sporty>
   yes
  </sporty>
 </clothing>
 <clothing>
  <id>
   584470870
  </id>
  <name>
   Fila T-shirt G-8052
  </name>
  <category>
   T-shirt
  </category>
  <size>
   S
  </size>
  <color>
   Фиолетовый
  </color>
  <material>
   Хлопок
  </material>
  <price>
   782508
  </price>
  <rating>
   4.68
  </rating>
  <reviews>
   328386
  </reviews>
  <new>
   -
  </new>
  <sporty>
   yes
  </sporty>
 </clothing>
 <clothing>
  <id>
   275785263
  </id>
  <name>
   New Balance Shoes R-2353
  </name>
  <category>
   Shoes
  </category>
  <size>
   S
  </size>
  <color>
   Красный
  </color>
  <material>
   Вискоза
  </material>
  <price>
   985699
  </price>
  <rating>
   1.19
  </rating>
  <reviews>
   216255
  </reviews>
  <exclusive>
   no
  </exclusive>
 </clothing>
 <clothing>
  <id>
   300906203
  </id>
  <name>
   Puma Skirt Q-5798
  </name>
  <category>
   Skirt
  </category>
  <size>
   S
  </size>
  <color>
   Зеленый
  </color>
  <material>
   Нейлон
  </material>
  <price>
   330088
  </price>
  <rating>
   4.08
  </rating>
  <reviews>
   942314
  </reviews>
  <new>
   +
  </new>
  <sporty>
   no
  </sporty>
 </clothing>
 <clothing>
  <id>
   862930105
  </id>
  <name>
   Puma T-shirt V-4533
  </name>
  <category>
   T-shirt
  </category>
  <size>
   M
  </size>
  <color>
   Желтый
  </color>
  <material>
   Полиэстер
  </material>
  <price>
   991819
  </price>
  <rating>
   2.39
  </rating>
  <reviews>
   207845
  </reviews>
  <new>
   -
  </new>
  <exclusive>
   no
  </exclusive>
 </clothing>
 <clothing>
  <id>
   252954282
  </id>
  <name>
   PleinSport Gloves H-3586
  </name>
  <category>
   Gloves
  </category>
  <size>
   L
  </size>
  <color>
   Оранжевый
  </color>
  <material>
   Кожа
  </material>
  <price>
   946386
  </price>
  <rating>
   1.75
  </rating>
  <reviews>
   484417
  </reviews>
 </clothing>
 <clothing>
  <id>
   184253769
  </id>
  <name>
   Adidas Gloves P-7829
  </name>
  <category>
   Gloves
  </category>
  <size>
   S
  </size>
  <color>
   Оранжевый
  </color>
  <material>
   Хлопок
  </material>
  <price>
   349627
  </price>
  <rating>
   2.84
  </rating>
  <reviews>
   184479
  </reviews>
  <sporty>
   no
  </sporty>
 </clothing>
 <clothing>
  <id>
   633079653
  </id>
  <name>
   Fila Belts U-5825
  </name>
  <category>
   Belts
  </category>
  <size>
   M
  </size>
  <color>
   Красный
  </color>
  <material>
   Кожа
  </material>
  <price>
   103736
  </price>
  <rating>
   2.66
  </rating>
  <reviews>
   95290
  </reviews>
  <new>
   -
  </new>
  <sporty>
   no
  </sporty>
 </clothing>
 <clothing>
  <id>
   261446982
  </id>
  <name>
   Puma Socks E-4355
  </name>
  <category>
   Socks
  </category>
  <size>
   S
  </size>
  <color>
   Зеленый
  </color>
  <material>
   Хлопок
  </material>
  <price>
   780587
  </price>
  <rating>
   3.43
  </rating>
  <reviews>
   973935
  </reviews>
  <exclusive>
   no
  </exclusive>
 </clothing>
 <clothing>
  <id>
   673035037
  </id>
  <name>
   PleinSport Dress E-6620
  </name>
  <category>
   Dress
  </category>
  <size>
   XXL
  </size>
  <color>
   Желтый
  </color>
  <material>
   Вискоза
  </material>
  <price>
   232394
  </price>
  <rating>
   1.87
  </rating>
  <reviews>
   902126
  </reviews>
  <exclusive>
   no
  </exclusive>
 </clothing>
 <clothing>
  <id>
   143194077
  </id>
  <name>
   Adidas Jacket G-2062
  </name>
  <category>
   Jacket
  </category>
  <size>
   XXL
  </size>
  <color>
   Фиолетовый
  </color>
  <material>
   Полиэстер
  </material>
  <price>
   491727
  </price>
  <rating>
   1.27
  </rating>
  <reviews>
   56762
  </reviews>
  <exclusive>
   yes
  </exclusive>
  <sporty>
   no
  </sporty>
 </clothing>
 <clothing>
  <id>
   204716584
  </id>
  <name>
   Vans Pants N-1910
  </name>
  <category>
   Pants
  </category>
  <size>
   XXL
  </size>
  <color>
   Голубой
  </color>
  <material>
   Кожа
  </material>
  <price>
   974798
  </price>
  <rating>
   3.73
  </rating>
  <reviews>
   145523
  </reviews>
  <new>
   -
  </new>
 </clothing>
 <clothing>
  <id>
   760979920
  </id>
  <name>
   DC T-shirt Q-3877
  </name>
  <category>
   T-shirt
  </category>
  <size>
   S
  </size>
  <color>
   Голубой
  </color>
  <material>
   Полиэстер
  </material>
  <price>
   877181
  </price>
  <rating>
   1.41
  </rating>
  <reviews>
   145626
  </reviews>
  <new>
   +
  </new>
  <exclusive>
   no
  </exclusive>
 </clothing>
 <clothing>
  <id>
   608835074
  </id>
  <name>
   Asics Socks R-4999
  </name>
  <category>
   Socks
  </category>
  <size>
   S
  </size>
  <color>
   Оранжевый
  </color>
  <material>
   Лен
  </material>
  <price>
   782692
  </price>
  <rating>
   2.44
  </rating>
  <reviews>
   265588
  </reviews>
  <new>
   -
  </new>
  <exclusive>
   yes
  </exclusive>
  <sporty>
   no
  </sporty>
 </clothing>
 <clothing>
  <id>
   157847339
  </id>
  <name>
   Vans T-shirt B-5400
  </name>
  <category>
   T-shirt
  </category>
  <size>
   XXL
  </size>
  <color>
   Фиолетовый
  </color>
  <material>
   Нейлон
  </material>
  <price>
   258451
  </price>
  <rating>
   4.67
  </rating>
  <reviews>
   650414
  </reviews>
  <new>
   +
  </new>
  <sporty>
   no
  </sporty>
 </clothing>
</clothing-items>
