<?xml version="1.0" encoding="utf-8"?>
<clothing-items>
 <clothing>
  <id>
   722191884
  </id>
  <name>
   Lacoste Shoes S-9183
  </name>
  <category>
   Shoes
  </category>
  <size>
   L
  </size>
  <color>
   Оранжевый
  </color>
  <material>
   Вискоза
  </material>
  <price>
   800633
  </price>
  <rating>
   4.49
  </rating>
  <reviews>
   701366
  </reviews>
  <new>
   -
  </new>
  <exclusive>
   no
  </exclusive>
 </clothing>
 <clothing>
  <id>
   945226034
  </id>
  <name>
   Vans Jeans O-1179
  </name>
  <category>
   Jeans
  </category>
  <size>
   XL
  </size>
  <color>
   Фиолетовый
  </color>
  <material>
   Вискоза
  </material>
  <price>
   519851
  </price>
  <rating>
   2.65
  </rating>
  <reviews>
   866442
  </reviews>
  <exclusive>
   yes
  </exclusive>
 </clothing>
 <clothing>
  <id>
   679846350
  </id>
  <name>
   Reebok Dress V-4448
  </name>
  <category>
   Dress
  </category>
  <size>
   L
  </size>
  <color>
   Красный
  </color>
  <material>
   Нейлон
  </material>
  <price>
   244570
  </price>
  <rating>
   4.6
  </rating>
  <reviews>
   457646
  </reviews>
  <new>
   +
  </new>
  <exclusive>
   no
  </exclusive>
  <sporty>
   yes
  </sporty>
 </clothing>
 <clothing>
  <id>
   904182970
  </id>
  <name>
   Lacoste Dress B-9196
  </name>
  <category>
   Dress
  </category>
  <size>
   XXL
  </size>
  <color>
   Оранжевый
  </color>
  <material>
   Вискоза
  </material>
  <price>
   681174
  </price>
  <rating>
   2.32
  </rating>
  <reviews>
   379030
  </reviews>
  <new>
   +
  </new>
  <exclusive>
   no
  </exclusive>
 </clothing>
 <clothing>
  <id>
   799329092
  </id>
  <name>
   New Balance Umbrellas U-3170
  </name>
  <category>
   Umbrellas
  </category>
  <size>
   M
  </size>
  <color>
   Оранжевый
  </color>
  <material>
   Шелк
  </material>
  <price>
   168367
  </price>
  <rating>
   1.88
  </rating>
  <reviews>
   272544
  </reviews>
  <new>
   +
  </new>
  <exclusive>
   no
  </exclusive>
  <sporty>
   no
  </sporty>
 </clothing>
 <clothing>
  <id>
   203493707
  </id>
  <name>
   Asics Jeans A-6949
  </name>
  <category>
   Jeans
  </category>
  <size>
   M
  </size>
  <color>
   Зеленый
  </color>
  <material>
   Шерсть
  </material>
  <price>
   822418
  </price>
  <rating>
   2.36
  </rating>
  <reviews>
   993447
  </reviews>
  <exclusive>
   no
  </exclusive>
 </clothing>
 <clothing>
  <id>
   791921383
  </id>
  <name>
   Addidas Shirt G-3066
  </name>
  <category>
   Shirt
  </category>
  <size>
   L
  </size>
  <color>
   Красный
  </color>
  <material>
   Нейлон
  </material>
  <price>
   929647
  </price>
  <rating>
   2.25
  </rating>
  <reviews>
   872178
  </reviews>
  <new>
   +
  </new>
  <sporty>
   no
  </sporty>
 </clothing>
 <clothing>
  <id>
   850356060
  </id>
  <name>
   DC Skirt Y-9008
  </name>
  <category>
   Skirt
  </category>
  <size>
   S
  </size>
  <color>
   Красный
  </color>
  <material>
   Шерсть
  </material>
  <price>
   975608
  </price>
  <rating>
   2.31
  </rating>
  <reviews>
   824507
  </reviews>
  <exclusive>
   no
  </exclusive>
  <sporty>
   yes
  </sporty>
 </clothing>
 <clothing>
  <id>
   127136402
  </id>
  <name>
   PleinSport Pants D-1001
  </name>
  <category>
   Pants
  </category>
  <size>
   S
  </size>
  <color>
   Синий
  </color>
  <material>
   Шелк
  </material>
  <price>
   601212
  </price>
  <rating>
   1.75
  </rating>
  <reviews>
   103805
  </reviews>
  <new>
   +
  </new>
  <exclusive>
   no
  </exclusive>
  <sporty>
   no
  </sporty>
 </clothing>
 <clothing>
  <id>
   682924644
  </id>
  <name>
   Addidas Belts K-1105
  </name>
  <category>
   Belts
  </category>
  <size>
   M
  </size>
  <color>
   Фиолетовый
  </color>
  <material>
   Лен
  </material>
  <price>
   691150
  </price>
  <rating>
   1.13
  </rating>
  <reviews>
   953287
  </reviews>
  <new>
   +
  </new>
  <exclusive>
   yes
  </exclusive>
  <sporty>
   no
  </sporty>
 </clothing>
 <clothing>
  <id>
   467861767
  </id>
  <name>
   Addidas Sweater F-7985
  </name>
  <category>
   Sweater
  </category>
  <size>
   XXL
  </size>
  <color>
   Синий
  </color>
  <material>
   Вискоза
  </material>
  <price>
   489256
  </price>
  <rating>
   2.83
  </rating>
  <reviews>
   640234
  </reviews>
  <new>
   -
  </new>
  <exclusive>
   no
  </exclusive>
 </clothing>
 <clothing>
  <id>
   523374679
  </id>
  <name>
   Vans Shirt Q-6552
  </name>
  <category>
   Shirt
  </category>
  <size>
   XXL
  </size>
  <color>
   Оранжевый
  </color>
  <material>
   Полиэстер
  </material>
  <price>
   883065
  </price>
  <rating>
   3.82
  </rating>
  <reviews>
   551721
  </reviews>
  <new>
   -
  </new>
  <exclusive>
   yes
  </exclusive>
  <sporty>
   no
  </sporty>
 </clothing>
 <clothing>
  <id>
   432307479
  </id>
  <name>
   Under Armour Skirt Q-1472
  </name>
  <category>
   Skirt
  </category>
  <size>
   L
  </size>
  <color>
   Синий
  </color>
  <material>
   Нейлон
  </material>
  <price>
   375160
  </price>
  <rating>
   3.8
  </rating>
  <reviews>
   13833
  </reviews>
  <exclusive>
   yes
  </exclusive>
  <sporty>
   no
  </sporty>
 </clothing>
 <clothing>
  <id>
   102700077
  </id>
  <name>
   DC Pants D-4778
  </name>
  <category>
   Pants
  </category>
  <size>
   M
  </size>
  <color>
   Синий
  </color>
  <material>
   Лен
  </material>
  <price>
   268504
  </price>
  <rating>
   4.06
  </rating>
  <reviews>
   816458
  </reviews>
  <new>
   -
  </new>
  <exclusive>
   yes
  </exclusive>
  <sporty>
   no
  </sporty>
 </clothing>
 <clothing>
  <id>
   941501491
  </id>
  <name>
   Puma Skirt E-7758
  </name>
  <category>
   Skirt
  </category>
  <size>
   M
  </size>
  <color>
   Фиолетовый
  </color>
  <material>
   Шерсть
  </material>
  <price>
   770913
  </price>
  <rating>
   2.52
  </rating>
  <reviews>
   55565
  </reviews>
  <sporty>
   no
  </sporty>
 </clothing>
 <clothing>
  <id>
   510345167
  </id>
  <name>
   Addidas Shoes X-7942
  </name>
  <category>
   Shoes
  </category>
  <size>
   L
  </size>
  <color>
   Голубой
  </color>
  <material>
   Полиэстер
  </material>
  <price>
   344586
  </price>
  <rating>
   3.66
  </rating>
  <reviews>
   879676
  </reviews>
 </clothing>
 <clothing>
  <id>
   159094042
  </id>
  <name>
   Lacoste Umbrellas I-5179
  </name>
  <category>
   Umbrellas
  </category>
  <size>
   XXL
  </size>
  <color>
   Фиолетовый
  </color>
  <material>
   Хлопок
  </material>
  <price>
   573602
  </price>
  <rating>
   1.06
  </rating>
  <reviews>
   285171
  </reviews>
  <exclusive>
   yes
  </exclusive>
 </clothing>
 <clothing>
  <id>
   235808102
  </id>
  <name>
   Converse Jacket G-8972
  </name>
  <category>
   Jacket
  </category>
  <size>
   XL
  </size>
  <color>
   Оранжевый
  </color>
  <material>
   Хлопок
  </material>
  <price>
   866653
  </price>
  <rating>
   3.3
  </rating>
  <reviews>
   791152
  </reviews>
  <new>
   -
  </new>
  <exclusive>
   yes
  </exclusive>
 </clothing>
 <clothing>
  <id>
   338520292
  </id>
  <name>
   Ellesse Blouse T-7284
  </name>
  <category>
   Blouse
  </category>
  <size>
   L
  </size>
  <color>
   Голубой
  </color>
  <material>
   Полиэстер
  </material>
  <price>
   706972
  </price>
  <rating>
   4.71
  </rating>
  <reviews>
   171487
  </reviews>
  <exclusive>
   yes
  </exclusive>
 </clothing>
 <clothing>
  <id>
   927621785
  </id>
  <name>
   Reebok Pants N-2404
  </name>
  <category>
   Pants
  </category>
  <size>
   M
  </size>
  <color>
   Красный
  </color>
  <material>
   Полиэстер
  </material>
  <price>
   840938
  </price>
  <rating>
   1.87
  </rating>
  <reviews>
   946642
  </reviews>
  <new>
   -
  </new>
 </clothing>
 <clothing>
  <id>
   326275541
  </id>
  <name>
   New Balance Socks J-9662
  </name>
  <category>
   Socks
  </category>
  <size>
   XL
  </size>
  <color>
   Красный
  </color>
  <material>
   Лен
  </material>
  <price>
   913265
  </price>
  <rating>
   1.61
  </rating>
  <reviews>
   527855
  </reviews>
  <new>
   -
  </new>
  <sporty>
   no
  </sporty>
 </clothing>
 <clothing>
  <id>
   620677845
  </id>
  <name>
   DC Dress U-9856
  </name>
  <category>
   Dress
  </category>
  <size>
   S
  </size>
  <color>
   Зеленый
  </color>
  <material>
   Шелк
  </material>
  <price>
   552858
  </price>
  <rating>
   2.88
  </rating>
  <reviews>
   60896
  </reviews>
  <new>
   +
  </new>
  <exclusive>
   yes
  </exclusive>
  <sporty>
   yes
  </sporty>
 </clothing>
 <clothing>
  <id>
   940572170
  </id>
  <name>
   New Balance Skirt I-1767
  </name>
  <category>
   Skirt
  </category>
  <size>
   M
  </size>
  <color>
   Зеленый
  </color>
  <material>
   Вискоза
  </material>
  <price>
   365054
  </price>
  <rating>
   4.96
  </rating>
  <reviews>
   102447
  </reviews>
  <new>
   -
  </new>
  <exclusive>
   no
  </exclusive>
  <sporty>
   yes
  </sporty>
 </clothing>
 <clothing>
  <id>
   863401051
  </id>
  <name>
   Lacoste Umbrellas T-6854
  </name>
  <category>
   Umbrellas
  </category>
  <size>
   XXL
  </size>
  <color>
   Фиолетовый
  </color>
  <material>
   Вискоза
  </material>
  <price>
   641375
  </price>
  <rating>
   1.8
  </rating>
  <reviews>
   200822
  </reviews>
  <sporty>
   yes
  </sporty>
 </clothing>
 <clothing>
  <id>
   434088906
  </id>
  <name>
   Nike Shirt H-2892
  </name>
  <category>
   Shirt
  </category>
  <size>
   S
  </size>
  <color>
   Красный
  </color>
  <material>
   Хлопок
  </material>
  <price>
   432521
  </price>
  <rating>
   2.97
  </rating>
  <reviews>
   385690
  </reviews>
  <new>
   -
  </new>
 </clothing>
 <clothing>
  <id>
   718972623
  </id>
  <name>
   Vans Umbrellas B-9782
  </name>
  <category>
   Umbrellas
  </category>
  <size>
   XL
  </size>
  <color>
   Голубой
  </color>
  <material>
   Хлопок
  </material>
  <price>
   984482
  </price>
  <rating>
   1.48
  </rating>
  <reviews>
   685224
  </reviews>
  <new>
   +
  </new>
  <sporty>
   yes
  </sporty>
 </clothing>
 <clothing>
  <id>
   867587091
  </id>
  <name>
   Vans Umbrellas M-2119
  </name>
  <category>
   Umbrellas
  </category>
  <size>
   S
  </size>
  <color>
   Красный
  </color>
  <material>
   Нейлон
  </material>
  <price>
   390983
  </price>
  <rating>
   4.03
  </rating>
  <reviews>
   253707
  </reviews>
  <new>
   -
  </new>
  <exclusive>
   no
  </exclusive>
  <sporty>
   no
  </sporty>
 </clothing>
 <clothing>
  <id>
   807235211
  </id>
  <name>
   Under Armour Dress G-3191
  </name>
  <category>
   Dress
  </category>
  <size>
   M
  </size>
  <color>
   Красный
  </color>
  <material>
   Нейлон
  </material>
  <price>
   730184
  </price>
  <rating>
   3.47
  </rating>
  <reviews>
   776718
  </reviews>
  <new>
   -
  </new>
  <sporty>
   no
  </sporty>
 </clothing>
 <clothing>
  <id>
   284193839
  </id>
  <name>
   Puma Skirt T-9653
  </name>
  <category>
   Skirt
  </category>
  <size>
   M
  </size>
  <color>
   Фиолетовый
  </color>
  <material>
   Лен
  </material>
  <price>
   244412
  </price>
  <rating>
   1.19
  </rating>
  <reviews>
   737764
  </reviews>
  <new>
   +
  </new>
  <exclusive>
   yes
  </exclusive>
  <sporty>
   yes
  </sporty>
 </clothing>
 <clothing>
  <id>
   566170297
  </id>
  <name>
   Asics T-shirt Y-4235
  </name>
  <category>
   T-shirt
  </category>
  <size>
   M
  </size>
  <color>
   Красный
  </color>
  <material>
   Лен
  </material>
  <price>
   555650
  </price>
  <rating>
   4.35
  </rating>
  <reviews>
   843750
  </reviews>
  <new>
   -
  </new>
  <sporty>
   no
  </sporty>
 </clothing>
 <clothing>
  <id>
   814244802
  </id>
  <name>
   Reebok Skirt G-9848
  </name>
  <category>
   Skirt
  </category>
  <size>
   XXL
  </size>
  <color>
   Синий
  </color>
  <material>
   Шерсть
  </material>
  <price>
   439732
  </price>
  <rating>
   2.09
  </rating>
  <reviews>
   628920
  </reviews>
  <new>
   -
  </new>
  <sporty>
   yes
  </sporty>
 </clothing>
 <clothing>
  <id>
   879346531
  </id>
  <name>
   Adidas Jacket A-1766
  </name>
  <category>
   Jacket
  </category>
  <size>
   L
  </size>
  <color>
   Желтый
  </color>
  <material>
   Полиэстер
  </material>
  <price>
   410236
  </price>
  <rating>
   4.94
  </rating>
  <reviews>
   821375
  </reviews>
  <new>
   +
  </new>
  <exclusive>
   no
  </exclusive>
 </clothing>
 <clothing>
  <id>
   314226393
  </id>
  <name>
   Ellesse Umbrellas T-4860
  </name>
  <category>
   Umbrellas
  </category>
  <size>
   XL
  </size>
  <color>
   Зеленый
  </color>
  <material>
   Шерсть
  </material>
  <price>
   669573
  </price>
  <rating>
   2.91
  </rating>
  <reviews>
   625374
  </reviews>
  <new>
   +
  </new>
  <sporty>
   no
  </sporty>
 </clothing>
 <clothing>
  <id>
   737795014
  </id>
  <name>
   Reebok Hat E-1969
  </name>
  <category>
   Hat
  </category>
  <size>
   XL
  </size>
  <color>
   Красный
  </color>
  <material>
   Нейлон
  </material>
  <price>
   407733
  </price>
  <rating>
   3.98
  </rating>
  <reviews>
   878078
  </reviews>
  <exclusive>
   no
  </exclusive>
  <sporty>
   no
  </sporty>
 </clothing>
 <clothing>
  <id>
   377191617
  </id>
  <name>
   Vans Skirt N-8614
  </name>
  <category>
   Skirt
  </category>
  <size>
   M
  </size>
  <color>
   Зеленый
  </color>
  <material>
   Хлопок
  </material>
  <price>
   577485
  </price>
  <rating>
   1.93
  </rating>
  <reviews>
   783365
  </reviews>
  <sporty>
   no
  </sporty>
 </clothing>
 <clothing>
  <id>
   664584419
  </id>
  <name>
   Puma Shoes R-5182
  </name>
  <category>
   Shoes
  </category>
  <size>
   L
  </size>
  <color>
   Синий
  </color>
  <material>
   Хлопок
  </material>
  <price>
   860439
  </price>
  <rating>
   1.37
  </rating>
  <reviews>
   262745
  </reviews>
  <new>
   -
  </new>
 </clothing>
 <clothing>
  <id>
   658104504
  </id>
  <name>
   Vans Handbags H-7235
  </name>
  <category>
   Handbags
  </category>
  <size>
   M
  </size>
  <color>
   Голубой
  </color>
  <material>
   Шерсть
  </material>
  <price>
   435363
  </price>
  <rating>
   2.52
  </rating>
  <reviews>
   999562
  </reviews>
  <new>
   +
  </new>
  <exclusive>
   yes
  </exclusive>
  <sporty>
   no
  </sporty>
 </clothing>
 <clothing>
  <id>
   506274692
  </id>
  <name>
   DC Socks P-1477
  </name>
  <category>
   Socks
  </category>
  <size>
   L
  </size>
  <color>
   Красный
  </color>
  <material>
   Вискоза
  </material>
  <price>
   475699
  </price>
  <rating>
   1.27
  </rating>
  <reviews>
   320706
  </reviews>
  <new>
   -
  </new>
  <exclusive>
   yes
  </exclusive>
  <sporty>
   yes
  </sporty>
 </clothing>
 <clothing>
  <id>
   780543123
  </id>
  <name>
   Vans Hat F-4474
  </name>
  <category>
   Hat
  </category>
  <size>
   M
  </size>
  <color>
   Голубой
  </color>
  <material>
   Хлопок
  </material>
  <price>
   292315
  </price>
  <rating>
   2.59
  </rating>
  <reviews>
   204367
  </reviews>
  <new>
   -
  </new>
  <sporty>
   no
  </sporty>
 </clothing>
 <clothing>
  <id>
   270322235
  </id>
  <name>
   Lacoste Belts G-4038
  </name>
  <category>
   Belts
  </category>
  <size>
   XXL
  </size>
  <color>
   Зеленый
  </color>
  <material>
   Полиэстер
  </material>
  <price>
   167285
  </price>
  <rating>
   3.02
  </rating>
  <reviews>
   56364
  </reviews>
  <new>
   -
  </new>
  <sporty>
   no
  </sporty>
 </clothing>
 <clothing>
  <id>
   872074589
  </id>
  <name>
   Puma Socks N-4112
  </name>
  <category>
   Socks
  </category>
  <size>
   XL
  </size>
  <color>
   Зеленый
  </color>
  <material>
   Кожа
  </material>
  <price>
   363188
  </price>
  <rating>
   2.08
  </rating>
  <reviews>
   901423
  </reviews>
 </clothing>
 <clothing>
  <id>
   491262644
  </id>
  <name>
   Converse Dress B-5140
  </name>
  <category>
   Dress
  </category>
  <size>
   M
  </size>
  <color>
   Синий
  </color>
  <material>
   Полиэстер
  </material>
  <price>
   136760
  </price>
  <rating>
   4.73
  </rating>
  <reviews>
   503743
  </reviews>
  <new>
   +
  </new>
  <sporty>
   no
  </sporty>
 </clothing>
 <clothing>
  <id>
   634007522
  </id>
  <name>
   Under Armour Jacket V-2856
  </name>
  <category>
   Jacket
  </category>
  <size>
   S
  </size>
  <color>
   Фиолетовый
  </color>
  <material>
   Кожа
  </material>
  <price>
   837981
  </price>
  <rating>
   2.06
  </rating>
  <reviews>
   557498
  </reviews>
  <new>
   -
  </new>
  <exclusive>
   no
  </exclusive>
 </clothing>
 <clothing>
  <id>
   946532380
  </id>
  <name>
   Under Armour Hat Q-3487
  </name>
  <category>
   Hat
  </category>
  <size>
   S
  </size>
  <color>
   Голубой
  </color>
  <material>
   Нейлон
  </material>
  <price>
   469659
  </price>
  <rating>
   4.52
  </rating>
  <reviews>
   202210
  </reviews>
  <new>
   +
  </new>
  <exclusive>
   no
  </exclusive>
  <sporty>
   no
  </sporty>
 </clothing>
 <clothing>
  <id>
   351866312
  </id>
  <name>
   Fila T-shirt M-7456
  </name>
  <category>
   T-shirt
  </category>
  <size>
   M
  </size>
  <color>
   Красный
  </color>
  <material>
   Лен
  </material>
  <price>
   414889
  </price>
  <rating>
   4.55
  </rating>
  <reviews>
   265660
  </reviews>
  <new>
   +
  </new>
  <exclusive>
   yes
  </exclusive>
 </clothing>
 <clothing>
  <id>
   145325922
  </id>
  <name>
   Vans Jeans Y-2799
  </name>
  <category>
   Jeans
  </category>
  <size>
   XL
  </size>
  <color>
   Голубой
  </color>
  <material>
   Шерсть
  </material>
  <price>
   397580
  </price>
  <rating>
   4.8
  </rating>
  <reviews>
   875297
  </reviews>
  <new>
   +
  </new>
 </clothing>
 <clothing>
  <id>
   829653483
  </id>
  <name>
   Under Armour Skirt A-5720
  </name>
  <category>
   Skirt
  </category>
  <size>
   XXL
  </size>
  <color>
   Красный
  </color>
  <material>
   Хлопок
  </material>
  <price>
   870722
  </price>
  <rating>
   4.41
  </rating>
  <reviews>
   917418
  </reviews>
 </clothing>
 <clothing>
  <id>
   998784083
  </id>
  <name>
   Brooks Shoes C-2606
  </name>
  <category>
   Shoes
  </category>
  <size>
   L
  </size>
  <color>
   Оранжевый
  </color>
  <material>
   Шерсть
  </material>
  <price>
   768774
  </price>
  <rating>
   4.83
  </rating>
  <reviews>
   662548
  </reviews>
  <exclusive>
   yes
  </exclusive>
  <sporty>
   no
  </sporty>
 </clothing>
 <clothing>
  <id>
   638056195
  </id>
  <name>
   Lacoste Dress F-9459
  </name>
  <category>
   Dress
  </category>
  <size>
   M
  </size>
  <color>
   Зеленый
  </color>
  <material>
   Лен
  </material>
  <price>
   873691
  </price>
  <rating>
   2.6
  </rating>
  <reviews>
   805476
  </reviews>
  <exclusive>
   no
  </exclusive>
 </clothing>
 <clothing>
  <id>
   535087717
  </id>
  <name>
   Adidas Shoes Z-7967
  </name>
  <category>
   Shoes
  </category>
  <size>
   L
  </size>
  <color>
   Голубой
  </color>
  <material>
   Кожа
  </material>
  <price>
   729013
  </price>
  <rating>
   2.36
  </rating>
  <reviews>
   669160
  </reviews>
  <exclusive>
   no
  </exclusive>
  <sporty>
   yes
  </sporty>
 </clothing>
</clothing-items>
