<?xml version="1.0" encoding="utf-8"?>
<clothing-items>
 <clothing>
  <id>
   166049490
  </id>
  <name>
   Lacoste Hat N-2284
  </name>
  <category>
   Hat
  </category>
  <size>
   XL
  </size>
  <color>
   Зеленый
  </color>
  <material>
   Кожа
  </material>
  <price>
   903564
  </price>
  <rating>
   1.83
  </rating>
  <reviews>
   375493
  </reviews>
  <exclusive>
   yes
  </exclusive>
  <sporty>
   yes
  </sporty>
 </clothing>
 <clothing>
  <id>
   621183207
  </id>
  <name>
   Brooks Hat G-1172
  </name>
  <category>
   Hat
  </category>
  <size>
   XXL
  </size>
  <color>
   Зеленый
  </color>
  <material>
   Шелк
  </material>
  <price>
   108116
  </price>
  <rating>
   3.35
  </rating>
  <reviews>
   645878
  </reviews>
  <new>
   -
  </new>
  <exclusive>
   no
  </exclusive>
 </clothing>
 <clothing>
  <id>
   623544169
  </id>
  <name>
   Vans Handbags P-7115
  </name>
  <category>
   Handbags
  </category>
  <size>
   L
  </size>
  <color>
   Фиолетовый
  </color>
  <material>
   Шелк
  </material>
  <price>
   696444
  </price>
  <rating>
   2.95
  </rating>
  <reviews>
   924417
  </reviews>
  <new>
   +
  </new>
  <exclusive>
   no
  </exclusive>
  <sporty>
   no
  </sporty>
 </clothing>
 <clothing>
  <id>
   881309720
  </id>
  <name>
   Adidas Umbrellas Y-1697
  </name>
  <category>
   Umbrellas
  </category>
  <size>
   XL
  </size>
  <color>
   Зеленый
  </color>
  <material>
   Шерсть
  </material>
  <price>
   625864
  </price>
  <rating>
   3.94
  </rating>
  <reviews>
   847357
  </reviews>
  <exclusive>
   no
  </exclusive>
  <sporty>
   yes
  </sporty>
 </clothing>
 <clothing>
  <id>
   898852793
  </id>
  <name>
   Lacoste Sweater E-5019
  </name>
  <category>
   Sweater
  </category>
  <size>
   S
  </size>
  <color>
   Зеленый
  </color>
  <material>
   Нейлон
  </material>
  <price>
   812390
  </price>
  <rating>
   2.49
  </rating>
  <reviews>
   986629
  </reviews>
  <new>
   -
  </new>
  <exclusive>
   no
  </exclusive>
  <sporty>
   no
  </sporty>
 </clothing>
 <clothing>
  <id>
   811307237
  </id>
  <name>
   Addidas Sweater G-5116
  </name>
  <category>
   Sweater
  </category>
  <size>
   S
  </size>
  <color>
   Фиолетовый
  </color>
  <material>
   Шерсть
  </material>
  <price>
   335646
  </price>
  <rating>
   4.48
  </rating>
  <reviews>
   18502
  </reviews>
  <new>
   +
  </new>
 </clothing>
 <clothing>
  <id>
   557399070
  </id>
  <name>
   Vans T-shirt S-1683
  </name>
  <category>
   T-shirt
  </category>
  <size>
   XXL
  </size>
  <color>
   Красный
  </color>
  <material>
   Кожа
  </material>
  <price>
   809384
  </price>
  <rating>
   2.36
  </rating>
  <reviews>
   510686
  </reviews>
  <new>
   -
  </new>
  <sporty>
   no
  </sporty>
 </clothing>
 <clothing>
  <id>
   377556932
  </id>
  <name>
   Reebok T-shirt H-2010
  </name>
  <category>
   T-shirt
  </category>
  <size>
   L
  </size>
  <color>
   Синий
  </color>
  <material>
   Вискоза
  </material>
  <price>
   625764
  </price>
  <rating>
   4.68
  </rating>
  <reviews>
   770764
  </reviews>
  <new>
   +
  </new>
 </clothing>
 <clothing>
  <id>
   597499514
  </id>
  <name>
   Lacoste Skirt X-4398
  </name>
  <category>
   Skirt
  </category>
  <size>
   M
  </size>
  <color>
   Фиолетовый
  </color>
  <material>
   Хлопок
  </material>
  <price>
   948375
  </price>
  <rating>
   4.17
  </rating>
  <reviews>
   59781
  </reviews>
  <new>
   +
  </new>
  <exclusive>
   no
  </exclusive>
 </clothing>
 <clothing>
  <id>
   419062585
  </id>
  <name>
   Reebok Pants O-2237
  </name>
  <category>
   Pants
  </category>
  <size>
   L
  </size>
  <color>
   Желтый
  </color>
  <material>
   Шелк
  </material>
  <price>
   783985
  </price>
  <rating>
   1.17
  </rating>
  <reviews>
   267277
  </reviews>
  <new>
   -
  </new>
  <sporty>
   no
  </sporty>
 </clothing>
 <clothing>
  <id>
   476898503
  </id>
  <name>
   Vans Skirt K-9146
  </name>
  <category>
   Skirt
  </category>
  <size>
   XXL
  </size>
  <color>
   Желтый
  </color>
  <material>
   Хлопок
  </material>
  <price>
   939271
  </price>
  <rating>
   4.09
  </rating>
  <reviews>
   530952
  </reviews>
  <new>
   -
  </new>
  <exclusive>
   yes
  </exclusive>
  <sporty>
   no
  </sporty>
 </clothing>
 <clothing>
  <id>
   126668103
  </id>
  <name>
   Under Armour Gloves N-4183
  </name>
  <category>
   Gloves
  </category>
  <size>
   L
  </size>
  <color>
   Фиолетовый
  </color>
  <material>
   Шелк
  </material>
  <price>
   667679
  </price>
  <rating>
   1.87
  </rating>
  <reviews>
   673905
  </reviews>
  <sporty>
   no
  </sporty>
 </clothing>
 <clothing>
  <id>
   313210007
  </id>
  <name>
   Converse Umbrellas Y-7472
  </name>
  <category>
   Umbrellas
  </category>
  <size>
   L
  </size>
  <color>
   Голубой
  </color>
  <material>
   Кожа
  </material>
  <price>
   680410
  </price>
  <rating>
   4.44
  </rating>
  <reviews>
   840894
  </reviews>
  <sporty>
   yes
  </sporty>
 </clothing>
 <clothing>
  <id>
   619217568
  </id>
  <name>
   Converse Socks U-4516
  </name>
  <category>
   Socks
  </category>
  <size>
   XXL
  </size>
  <color>
   Синий
  </color>
  <material>
   Нейлон
  </material>
  <price>
   805979
  </price>
  <rating>
   1.22
  </rating>
  <reviews>
   93385
  </reviews>
  <exclusive>
   no
  </exclusive>
 </clothing>
 <clothing>
  <id>
   205718547
  </id>
  <name>
   DC Gloves Z-8402
  </name>
  <category>
   Gloves
  </category>
  <size>
   S
  </size>
  <color>
   Оранжевый
  </color>
  <material>
   Нейлон
  </material>
  <price>
   675788
  </price>
  <rating>
   2.98
  </rating>
  <reviews>
   261244
  </reviews>
  <new>
   -
  </new>
  <exclusive>
   no
  </exclusive>
  <sporty>
   no
  </sporty>
 </clothing>
 <clothing>
  <id>
   102150492
  </id>
  <name>
   Lacoste Handbags L-2791
  </name>
  <category>
   Handbags
  </category>
  <size>
   XXL
  </size>
  <color>
   Желтый
  </color>
  <material>
   Шелк
  </material>
  <price>
   444284
  </price>
  <rating>
   1.17
  </rating>
  <reviews>
   973364
  </reviews>
  <new>
   +
  </new>
 </clothing>
 <clothing>
  <id>
   404122692
  </id>
  <name>
   Vans Shoes L-6565
  </name>
  <category>
   Shoes
  </category>
  <size>
   S
  </size>
  <color>
   Желтый
  </color>
  <material>
   Нейлон
  </material>
  <price>
   338362
  </price>
  <rating>
   4.29
  </rating>
  <reviews>
   400274
  </reviews>
  <exclusive>
   yes
  </exclusive>
  <sporty>
   yes
  </sporty>
 </clothing>
 <clothing>
  <id>
   177741110
  </id>
  <name>
   Vans Blouse X-5358
  </name>
  <category>
   Blouse
  </category>
  <size>
   XL
  </size>
  <color>
   Синий
  </color>
  <material>
   Шерсть
  </material>
  <price>
   832860
  </price>
  <rating>
   3.42
  </rating>
  <reviews>
   414363
  </reviews>
  <new>
   +
  </new>
  <exclusive>
   yes
  </exclusive>
  <sporty>
   no
  </sporty>
 </clothing>
 <clothing>
  <id>
   402593094
  </id>
  <name>
   Nike Sweater I-4962
  </name>
  <category>
   Sweater
  </category>
  <size>
   S
  </size>
  <color>
   Зеленый
  </color>
  <material>
   Лен
  </material>
  <price>
   292706
  </price>
  <rating>
   4.35
  </rating>
  <reviews>
   314706
  </reviews>
  <new>
   -
  </new>
  <sporty>
   no
  </sporty>
 </clothing>
 <clothing>
  <id>
   588766016
  </id>
  <name>
   Vans Jeans K-5961
  </name>
  <category>
   Jeans
  </category>
  <size>
   XXL
  </size>
  <color>
   Синий
  </color>
  <material>
   Кожа
  </material>
  <price>
   598578
  </price>
  <rating>
   4.17
  </rating>
  <reviews>
   294706
  </reviews>
  <new>
   +
  </new>
  <sporty>
   yes
  </sporty>
 </clothing>
 <clothing>
  <id>
   608937983
  </id>
  <name>
   Asics Blouse Q-7631
  </name>
  <category>
   Blouse
  </category>
  <size>
   XXL
  </size>
  <color>
   Оранжевый
  </color>
  <material>
   Шерсть
  </material>
  <price>
   181399
  </price>
  <rating>
   1.91
  </rating>
  <reviews>
   376038
  </reviews>
  <new>
   +
  </new>
  <sporty>
   no
  </sporty>
 </clothing>
</clothing-items>
