<?xml version="1.0" encoding="utf-8"?>
<clothing-items>
 <clothing>
  <id>
   963443042
  </id>
  <name>
   Ellesse Belts S-5770
  </name>
  <category>
   Belts
  </category>
  <size>
   S
  </size>
  <color>
   Голубой
  </color>
  <material>
   Хлопок
  </material>
  <price>
   373753
  </price>
  <rating>
   3.72
  </rating>
  <reviews>
   832121
  </reviews>
  <new>
   +
  </new>
  <exclusive>
   no
  </exclusive>
 </clothing>
 <clothing>
  <id>
   360815283
  </id>
  <name>
   Adidas Shirt M-2621
  </name>
  <category>
   Shirt
  </category>
  <size>
   L
  </size>
  <color>
   Фиолетовый
  </color>
  <material>
   Кожа
  </material>
  <price>
   967753
  </price>
  <rating>
   3.23
  </rating>
  <reviews>
   760941
  </reviews>
  <new>
   -
  </new>
  <sporty>
   no
  </sporty>
 </clothing>
 <clothing>
  <id>
   955277439
  </id>
  <name>
   Under Armour T-shirt Y-5211
  </name>
  <category>
   T-shirt
  </category>
  <size>
   XXL
  </size>
  <color>
   Фиолетовый
  </color>
  <material>
   Хлопок
  </material>
  <price>
   350938
  </price>
  <rating>
   2.81
  </rating>
  <reviews>
   720543
  </reviews>
  <new>
   +
  </new>
  <sporty>
   no
  </sporty>
 </clothing>
 <clothing>
  <id>
   976982840
  </id>
  <name>
   PleinSport Skirt E-3619
  </name>
  <category>
   Skirt
  </category>
  <size>
   L
  </size>
  <color>
   Оранжевый
  </color>
  <material>
   Шелк
  </material>
  <price>
   532900
  </price>
  <rating>
   2.61
  </rating>
  <reviews>
   235178
  </reviews>
  <new>
   +
  </new>
  <sporty>
   yes
  </sporty>
 </clothing>
 <clothing>
  <id>
   450352174
  </id>
  <name>
   Vans Jacket H-8042
  </name>
  <category>
   Jacket
  </category>
  <size>
   XL
  </size>
  <color>
   Синий
  </color>
  <material>
   Шелк
  </material>
  <price>
   204012
  </price>
  <rating>
   2.39
  </rating>
  <reviews>
   241639
  </reviews>
  <sporty>
   no
  </sporty>
 </clothing>
 <clothing>
  <id>
   547916433
  </id>
  <name>
   Reebok Belts X-8088
  </name>
  <category>
   Belts
  </category>
  <size>
   L
  </size>
  <color>
   Красный
  </color>
  <material>
   Хлопок
  </material>
  <price>
   822733
  </price>
  <rating>
   4.21
  </rating>
  <reviews>
   52187
  </reviews>
  <new>
   +
  </new>
  <exclusive>
   no
  </exclusive>
 </clothing>
 <clothing>
  <id>
   852475554
  </id>
  <name>
   Addidas Sweater C-1809
  </name>
  <category>
   Sweater
  </category>
  <size>
   XL
  </size>
  <color>
   Голубой
  </color>
  <material>
   Лен
  </material>
  <price>
   728153
  </price>
  <rating>
   1.31
  </rating>
  <reviews>
   929076
  </reviews>
  <new>
   +
  </new>
  <exclusive>
   yes
  </exclusive>
  <sporty>
   yes
  </sporty>
 </clothing>
 <clothing>
  <id>
   791238024
  </id>
  <name>
   Vans Pants Y-2203
  </name>
  <category>
   Pants
  </category>
  <size>
   M
  </size>
  <color>
   Желтый
  </color>
  <material>
   Кожа
  </material>
  <price>
   638723
  </price>
  <rating>
   1.59
  </rating>
  <reviews>
   534241
  </reviews>
  <new>
   +
  </new>
  <exclusive>
   yes
  </exclusive>
  <sporty>
   no
  </sporty>
 </clothing>
 <clothing>
  <id>
   993720905
  </id>
  <name>
   Lacoste Belts S-2419
  </name>
  <category>
   Belts
  </category>
  <size>
   S
  </size>
  <color>
   Красный
  </color>
  <material>
   Шелк
  </material>
  <price>
   104332
  </price>
  <rating>
   4.95
  </rating>
  <reviews>
   616860
  </reviews>
  <new>
   -
  </new>
  <sporty>
   no
  </sporty>
 </clothing>
 <clothing>
  <id>
   513815579
  </id>
  <name>
   PleinSport Belts K-5512
  </name>
  <category>
   Belts
  </category>
  <size>
   M
  </size>
  <color>
   Фиолетовый
  </color>
  <material>
   Кожа
  </material>
  <price>
   382702
  </price>
  <rating>
   4.54
  </rating>
  <reviews>
   234858
  </reviews>
  <new>
   +
  </new>
  <sporty>
   yes
  </sporty>
 </clothing>
 <clothing>
  <id>
   852282923
  </id>
  <name>
   Vans Jeans F-6668
  </name>
  <category>
   Jeans
  </category>
  <size>
   M
  </size>
  <color>
   Синий
  </color>
  <material>
   Шелк
  </material>
  <price>
   969220
  </price>
  <rating>
   2.61
  </rating>
  <reviews>
   494893
  </reviews>
  <new>
   -
  </new>
  <exclusive>
   no
  </exclusive>
  <sporty>
   no
  </sporty>
 </clothing>
 <clothing>
  <id>
   514483977
  </id>
  <name>
   Vans Handbags C-1531
  </name>
  <category>
   Handbags
  </category>
  <size>
   XXL
  </size>
  <color>
   Фиолетовый
  </color>
  <material>
   Вискоза
  </material>
  <price>
   568352
  </price>
  <rating>
   3.49
  </rating>
  <reviews>
   556001
  </reviews>
  <new>
   +
  </new>
  <exclusive>
   no
  </exclusive>
 </clothing>
 <clothing>
  <id>
   935834451
  </id>
  <name>
   Lacoste Sweater E-5310
  </name>
  <category>
   Sweater
  </category>
  <size>
   L
  </size>
  <color>
   Желтый
  </color>
  <material>
   Шерсть
  </material>
  <price>
   876382
  </price>
  <rating>
   2.54
  </rating>
  <reviews>
   939617
  </reviews>
  <new>
   +
  </new>
  <exclusive>
   no
  </exclusive>
 </clothing>
 <clothing>
  <id>
   304845946
  </id>
  <name>
   Fila Dress K-4103
  </name>
  <category>
   Dress
  </category>
  <size>
   XL
  </size>
  <color>
   Желтый
  </color>
  <material>
   Шерсть
  </material>
  <price>
   874217
  </price>
  <rating>
   4.77
  </rating>
  <reviews>
   433366
  </reviews>
  <new>
   -
  </new>
  <sporty>
   no
  </sporty>
 </clothing>
 <clothing>
  <id>
   881337733
  </id>
  <name>
   Lacoste Hat A-9351
  </name>
  <category>
   Hat
  </category>
  <size>
   M
  </size>
  <color>
   Красный
  </color>
  <material>
   Лен
  </material>
  <price>
   794429
  </price>
  <rating>
   4.77
  </rating>
  <reviews>
   646880
  </reviews>
  <new>
   -
  </new>
  <exclusive>
   yes
  </exclusive>
  <sporty>
   yes
  </sporty>
 </clothing>
 <clothing>
  <id>
   585573530
  </id>
  <name>
   DC Dress U-8485
  </name>
  <category>
   Dress
  </category>
  <size>
   S
  </size>
  <color>
   Голубой
  </color>
  <material>
   Нейлон
  </material>
  <price>
   200235
  </price>
  <rating>
   1.37
  </rating>
  <reviews>
   634980
  </reviews>
  <new>
   -
  </new>
  <sporty>
   yes
  </sporty>
 </clothing>
 <clothing>
  <id>
   144834464
  </id>
  <name>
   Brooks Belts Z-9623
  </name>
  <category>
   Belts
  </category>
  <size>
   S
  </size>
  <color>
   Голубой
  </color>
  <material>
   Шерсть
  </material>
  <price>
   481813
  </price>
  <rating>
   3.02
  </rating>
  <reviews>
   532064
  </reviews>
  <new>
   -
  </new>
  <exclusive>
   yes
  </exclusive>
  <sporty>
   no
  </sporty>
 </clothing>
 <clothing>
  <id>
   246652859
  </id>
  <name>
   Vans Jeans B-6200
  </name>
  <category>
   Jeans
  </category>
  <size>
   S
  </size>
  <color>
   Оранжевый
  </color>
  <material>
   Шелк
  </material>
  <price>
   453235
  </price>
  <rating>
   2.63
  </rating>
  <reviews>
   16515
  </reviews>
  <exclusive>
   yes
  </exclusive>
 </clothing>
 <clothing>
  <id>
   773038876
  </id>
  <name>
   Lacoste Jacket W-4238
  </name>
  <category>
   Jacket
  </category>
  <size>
   XXL
  </size>
  <color>
   Красный
  </color>
  <material>
   Лен
  </material>
  <price>
   740853
  </price>
  <rating>
   1.73
  </rating>
  <reviews>
   395938
  </reviews>
  <new>
   +
  </new>
 </clothing>
 <clothing>
  <id>
   771503489
  </id>
  <name>
   PleinSport Shoes D-5905
  </name>
  <category>
   Shoes
  </category>
  <size>
   L
  </size>
  <color>
   Красный
  </color>
  <material>
   Вискоза
  </material>
  <price>
   441910
  </price>
  <rating>
   3.65
  </rating>
  <reviews>
   682332
  </reviews>
  <new>
   -
  </new>
  <sporty>
   no
  </sporty>
 </clothing>
 <clothing>
  <id>
   458863738
  </id>
  <name>
   Converse Shirt R-7944
  </name>
  <category>
   Shirt
  </category>
  <size>
   M
  </size>
  <color>
   Оранжевый
  </color>
  <material>
   Лен
  </material>
  <price>
   764568
  </price>
  <rating>
   2.73
  </rating>
  <reviews>
   171291
  </reviews>
  <exclusive>
   no
  </exclusive>
  <sporty>
   no
  </sporty>
 </clothing>
 <clothing>
  <id>
   174415163
  </id>
  <name>
   Under Armour T-shirt C-2991
  </name>
  <category>
   T-shirt
  </category>
  <size>
   XXL
  </size>
  <color>
   Голубой
  </color>
  <material>
   Хлопок
  </material>
  <price>
   376981
  </price>
  <rating>
   2.03
  </rating>
  <reviews>
   947087
  </reviews>
  <new>
   +
  </new>
  <exclusive>
   yes
  </exclusive>
  <sporty>
   yes
  </sporty>
 </clothing>
 <clothing>
  <id>
   531969299
  </id>
  <name>
   PleinSport Handbags J-4206
  </name>
  <category>
   Handbags
  </category>
  <size>
   M
  </size>
  <color>
   Зеленый
  </color>
  <material>
   Нейлон
  </material>
  <price>
   379641
  </price>
  <rating>
   2.47
  </rating>
  <reviews>
   897175
  </reviews>
 </clothing>
 <clothing>
  <id>
   995002683
  </id>
  <name>
   Puma Jacket I-7424
  </name>
  <category>
   Jacket
  </category>
  <size>
   S
  </size>
  <color>
   Зеленый
  </color>
  <material>
   Кожа
  </material>
  <price>
   720768
  </price>
  <rating>
   1.53
  </rating>
  <reviews>
   267337
  </reviews>
  <new>
   -
  </new>
  <exclusive>
   no
  </exclusive>
 </clothing>
 <clothing>
  <id>
   256087743
  </id>
  <name>
   Reebok Jacket L-5314
  </name>
  <category>
   Jacket
  </category>
  <size>
   XXL
  </size>
  <color>
   Красный
  </color>
  <material>
   Нейлон
  </material>
  <price>
   805524
  </price>
  <rating>
   1.74
  </rating>
  <reviews>
   410418
  </reviews>
  <exclusive>
   yes
  </exclusive>
 </clothing>
 <clothing>
  <id>
   430327598
  </id>
  <name>
   Asics Pants H-9247
  </name>
  <category>
   Pants
  </category>
  <size>
   XL
  </size>
  <color>
   Зеленый
  </color>
  <material>
   Нейлон
  </material>
  <price>
   646624
  </price>
  <rating>
   4.53
  </rating>
  <reviews>
   964144
  </reviews>
 </clothing>
 <clothing>
  <id>
   920177966
  </id>
  <name>
   Under Armour T-shirt H-9109
  </name>
  <category>
   T-shirt
  </category>
  <size>
   M
  </size>
  <color>
   Зеленый
  </color>
  <material>
   Кожа
  </material>
  <price>
   522810
  </price>
  <rating>
   4.97
  </rating>
  <reviews>
   793189
  </reviews>
  <new>
   -
  </new>
  <exclusive>
   no
  </exclusive>
  <sporty>
   no
  </sporty>
 </clothing>
</clothing-items>
