<?xml version="1.0" encoding="utf-8"?>
<clothing-items>
 <clothing>
  <id>
   643863225
  </id>
  <name>
   Puma Socks K-1346
  </name>
  <category>
   Socks
  </category>
  <size>
   M
  </size>
  <color>
   Фиолетовый
  </color>
  <material>
   Нейлон
  </material>
  <price>
   766619
  </price>
  <rating>
   3.48
  </rating>
  <reviews>
   347678
  </reviews>
  <sporty>
   no
  </sporty>
 </clothing>
 <clothing>
  <id>
   679814501
  </id>
  <name>
   DC Umbrellas T-7349
  </name>
  <category>
   Umbrellas
  </category>
  <size>
   L
  </size>
  <color>
   Зеленый
  </color>
  <material>
   Нейлон
  </material>
  <price>
   567982
  </price>
  <rating>
   2.64
  </rating>
  <reviews>
   555878
  </reviews>
  <new>
   +
  </new>
  <sporty>
   yes
  </sporty>
 </clothing>
 <clothing>
  <id>
   119369821
  </id>
  <name>
   Reebok T-shirt Y-7026
  </name>
  <category>
   T-shirt
  </category>
  <size>
   S
  </size>
  <color>
   Красный
  </color>
  <material>
   Кожа
  </material>
  <price>
   516337
  </price>
  <rating>
   3.26
  </rating>
  <reviews>
   911788
  </reviews>
  <new>
   -
  </new>
  <sporty>
   no
  </sporty>
 </clothing>
 <clothing>
  <id>
   722782790
  </id>
  <name>
   Fila Blouse Q-5556
  </name>
  <category>
   Blouse
  </category>
  <size>
   L
  </size>
  <color>
   Оранжевый
  </color>
  <material>
   Шелк
  </material>
  <price>
   185328
  </price>
  <rating>
   4.0
  </rating>
  <reviews>
   403350
  </reviews>
  <new>
   +
  </new>
  <exclusive>
   no
  </exclusive>
  <sporty>
   no
  </sporty>
 </clothing>
 <clothing>
  <id>
   554373097
  </id>
  <name>
   Under Armour Dress Q-8289
  </name>
  <category>
   Dress
  </category>
  <size>
   L
  </size>
  <color>
   Зеленый
  </color>
  <material>
   Кожа
  </material>
  <price>
   977553
  </price>
  <rating>
   1.95
  </rating>
  <reviews>
   814482
  </reviews>
  <new>
   -
  </new>
  <exclusive>
   no
  </exclusive>
 </clothing>
 <clothing>
  <id>
   994584668
  </id>
  <name>
   DC Handbags K-3367
  </name>
  <category>
   Handbags
  </category>
  <size>
   L
  </size>
  <color>
   Зеленый
  </color>
  <material>
   Полиэстер
  </material>
  <price>
   782785
  </price>
  <rating>
   4.2
  </rating>
  <reviews>
   156986
  </reviews>
  <exclusive>
   no
  </exclusive>
  <sporty>
   no
  </sporty>
 </clothing>
 <clothing>
  <id>
   830600428
  </id>
  <name>
   Puma Pants V-3128
  </name>
  <category>
   Pants
  </category>
  <size>
   S
  </size>
  <color>
   Зеленый
  </color>
  <material>
   Шерсть
  </material>
  <price>
   291785
  </price>
  <rating>
   4.42
  </rating>
  <reviews>
   457660
  </reviews>
  <new>
   +
  </new>
  <exclusive>
   no
  </exclusive>
 </clothing>
 <clothing>
  <id>
   255854087
  </id>
  <name>
   Puma T-shirt L-9273
  </name>
  <category>
   T-shirt
  </category>
  <size>
   XL
  </size>
  <color>
   Голубой
  </color>
  <material>
   Шелк
  </material>
  <price>
   361225
  </price>
  <rating>
   2.53
  </rating>
  <reviews>
   480196
  </reviews>
  <exclusive>
   yes
  </exclusive>
  <sporty>
   yes
  </sporty>
 </clothing>
 <clothing>
  <id>
   513888584
  </id>
  <name>
   Addidas Shirt G-1585
  </name>
  <category>
   Shirt
  </category>
  <size>
   XL
  </size>
  <color>
   Голубой
  </color>
  <material>
   Вискоза
  </material>
  <price>
   200981
  </price>
  <rating>
   1.37
  </rating>
  <reviews>
   328118
  </reviews>
  <new>
   +
  </new>
  <sporty>
   no
  </sporty>
 </clothing>
 <clothing>
  <id>
   159667227
  </id>
  <name>
   Converse Pants K-9818
  </name>
  <category>
   Pants
  </category>
  <size>
   XL
  </size>
  <color>
   Голубой
  </color>
  <material>
   Хлопок
  </material>
  <price>
   146603
  </price>
  <rating>
   4.78
  </rating>
  <reviews>
   656976
  </reviews>
  <exclusive>
   no
  </exclusive>
 </clothing>
 <clothing>
  <id>
   567459346
  </id>
  <name>
   Asics T-shirt L-9791
  </name>
  <category>
   T-shirt
  </category>
  <size>
   L
  </size>
  <color>
   Красный
  </color>
  <material>
   Вискоза
  </material>
  <price>
   248060
  </price>
  <rating>
   3.24
  </rating>
  <reviews>
   997293
  </reviews>
  <new>
   -
  </new>
  <exclusive>
   no
  </exclusive>
  <sporty>
   no
  </sporty>
 </clothing>
 <clothing>
  <id>
   681958341
  </id>
  <name>
   Lacoste Jeans F-8025
  </name>
  <category>
   Jeans
  </category>
  <size>
   L
  </size>
  <color>
   Желтый
  </color>
  <material>
   Нейлон
  </material>
  <price>
   977231
  </price>
  <rating>
   1.97
  </rating>
  <reviews>
   284246
  </reviews>
  <new>
   -
  </new>
  <exclusive>
   yes
  </exclusive>
  <sporty>
   yes
  </sporty>
 </clothing>
 <clothing>
  <id>
   507805788
  </id>
  <name>
   DC Skirt D-7586
  </name>
  <category>
   Skirt
  </category>
  <size>
   XL
  </size>
  <color>
   Синий
  </color>
  <material>
   Шелк
  </material>
  <price>
   786158
  </price>
  <rating>
   2.89
  </rating>
  <reviews>
   67761
  </reviews>
  <new>
   -
  </new>
  <exclusive>
   no
  </exclusive>
  <sporty>
   no
  </sporty>
 </clothing>
 <clothing>
  <id>
   181063461
  </id>
  <name>
   DC Umbrellas G-6977
  </name>
  <category>
   Umbrellas
  </category>
  <size>
   XXL
  </size>
  <color>
   Оранжевый
  </color>
  <material>
   Вискоза
  </material>
  <price>
   968417
  </price>
  <rating>
   1.88
  </rating>
  <reviews>
   341660
  </reviews>
  <new>
   -
  </new>
  <exclusive>
   no
  </exclusive>
 </clothing>
 <clothing>
  <id>
   790772155
  </id>
  <name>
   Fila Shirt G-2251
  </name>
  <category>
   Shirt
  </category>
  <size>
   L
  </size>
  <color>
   Красный
  </color>
  <material>
   Кожа
  </material>
  <price>
   863577
  </price>
  <rating>
   4.73
  </rating>
  <reviews>
   299943
  </reviews>
  <new>
   +
  </new>
  <exclusive>
   no
  </exclusive>
  <sporty>
   no
  </sporty>
 </clothing>
 <clothing>
  <id>
   937950422
  </id>
  <name>
   PleinSport Hat H-3859
  </name>
  <category>
   Hat
  </category>
  <size>
   S
  </size>
  <color>
   Голубой
  </color>
  <material>
   Вискоза
  </material>
  <price>
   689505
  </price>
  <rating>
   2.19
  </rating>
  <reviews>
   436442
  </reviews>
  <new>
   +
  </new>
 </clothing>
 <clothing>
  <id>
   347959530
  </id>
  <name>
   Adidas Socks V-6724
  </name>
  <category>
   Socks
  </category>
  <size>
   XXL
  </size>
  <color>
   Оранжевый
  </color>
  <material>
   Кожа
  </material>
  <price>
   719874
  </price>
  <rating>
   2.98
  </rating>
  <reviews>
   346034
  </reviews>
  <new>
   -
  </new>
  <exclusive>
   yes
  </exclusive>
 </clothing>
 <clothing>
  <id>
   910148063
  </id>
  <name>
   Brooks Hat U-5462
  </name>
  <category>
   Hat
  </category>
  <size>
   XXL
  </size>
  <color>
   Зеленый
  </color>
  <material>
   Нейлон
  </material>
  <price>
   281962
  </price>
  <rating>
   4.99
  </rating>
  <reviews>
   426391
  </reviews>
  <exclusive>
   yes
  </exclusive>
  <sporty>
   no
  </sporty>
 </clothing>
 <clothing>
  <id>
   636540430
  </id>
  <name>
   Asics Socks M-2579
  </name>
  <category>
   Socks
  </category>
  <size>
   M
  </size>
  <color>
   Фиолетовый
  </color>
  <material>
   Шелк
  </material>
  <price>
   387369
  </price>
  <rating>
   3.21
  </rating>
  <reviews>
   786049
  </reviews>
  <new>
   -
  </new>
  <exclusive>
   yes
  </exclusive>
  <sporty>
   no
  </sporty>
 </clothing>
 <clothing>
  <id>
   767452298
  </id>
  <name>
   Adidas Dress V-6430
  </name>
  <category>
   Dress
  </category>
  <size>
   M
  </size>
  <color>
   Красный
  </color>
  <material>
   Нейлон
  </material>
  <price>
   819579
  </price>
  <rating>
   3.03
  </rating>
  <reviews>
   997256
  </reviews>
  <new>
   -
  </new>
  <exclusive>
   no
  </exclusive>
  <sporty>
   yes
  </sporty>
 </clothing>
</clothing-items>
