<?xml version="1.0" encoding="utf-8"?>
<clothing-items>
 <clothing>
  <id>
   382313084
  </id>
  <name>
   Reebok Pants Z-7699
  </name>
  <category>
   Pants
  </category>
  <size>
   S
  </size>
  <color>
   Синий
  </color>
  <material>
   Кожа
  </material>
  <price>
   903898
  </price>
  <rating>
   4.42
  </rating>
  <reviews>
   53361
  </reviews>
  <new>
   +
  </new>
  <sporty>
   yes
  </sporty>
 </clothing>
 <clothing>
  <id>
   903299965
  </id>
  <name>
   Brooks Sweater S-3882
  </name>
  <category>
   Sweater
  </category>
  <size>
   XL
  </size>
  <color>
   Красный
  </color>
  <material>
   Полиэстер
  </material>
  <price>
   633588
  </price>
  <rating>
   3.12
  </rating>
  <reviews>
   122775
  </reviews>
  <exclusive>
   no
  </exclusive>
 </clothing>
 <clothing>
  <id>
   944344786
  </id>
  <name>
   Lacoste Hat L-4586
  </name>
  <category>
   Hat
  </category>
  <size>
   L
  </size>
  <color>
   Синий
  </color>
  <material>
   Хлопок
  </material>
  <price>
   968508
  </price>
  <rating>
   1.64
  </rating>
  <reviews>
   22999
  </reviews>
  <new>
   +
  </new>
  <exclusive>
   no
  </exclusive>
  <sporty>
   no
  </sporty>
 </clothing>
 <clothing>
  <id>
   103563954
  </id>
  <name>
   Converse Umbrellas V-4501
  </name>
  <category>
   Umbrellas
  </category>
  <size>
   M
  </size>
  <color>
   Зеленый
  </color>
  <material>
   Нейлон
  </material>
  <price>
   865469
  </price>
  <rating>
   2.14
  </rating>
  <reviews>
   211467
  </reviews>
 </clothing>
 <clothing>
  <id>
   691153338
  </id>
  <name>
   Ellesse Skirt G-5871
  </name>
  <category>
   Skirt
  </category>
  <size>
   M
  </size>
  <color>
   Желтый
  </color>
  <material>
   Полиэстер
  </material>
  <price>
   943566
  </price>
  <rating>
   1.66
  </rating>
  <reviews>
   182915
  </reviews>
  <exclusive>
   no
  </exclusive>
  <sporty>
   yes
  </sporty>
 </clothing>
 <clothing>
  <id>
   704162570
  </id>
  <name>
   DC Handbags X-6707
  </name>
  <category>
   Handbags
  </category>
  <size>
   S
  </size>
  <color>
   Синий
  </color>
  <material>
   Лен
  </material>
  <price>
   812195
  </price>
  <rating>
   2.38
  </rating>
  <reviews>
   804946
  </reviews>
  <new>
   -
  </new>
  <exclusive>
   no
  </exclusive>
 </clothing>
 <clothing>
  <id>
   299225105
  </id>
  <name>
   Addidas Socks G-2392
  </name>
  <category>
   Socks
  </category>
  <size>
   L
  </size>
  <color>
   Оранжевый
  </color>
  <material>
   Вискоза
  </material>
  <price>
   906126
  </price>
  <rating>
   2.22
  </rating>
  <reviews>
   890438
  </reviews>
 </clothing>
 <clothing>
  <id>
   759197345
  </id>
  <name>
   Asics Jacket I-8665
  </name>
  <category>
   Jacket
  </category>
  <size>
   L
  </size>
  <color>
   Оранжевый
  </color>
  <material>
   Нейлон
  </material>
  <price>
   562852
  </price>
  <rating>
   1.31
  </rating>
  <reviews>
   250703
  </reviews>
  <exclusive>
   no
  </exclusive>
  <sporty>
   no
  </sporty>
 </clothing>
 <clothing>
  <id>
   989088044
  </id>
  <name>
   Nike Jacket G-4962
  </name>
  <category>
   Jacket
  </category>
  <size>
   S
  </size>
  <color>
   Фиолетовый
  </color>
  <material>
   Шерсть
  </material>
  <price>
   915883
  </price>
  <rating>
   4.99
  </rating>
  <reviews>
   88570
  </reviews>
  <new>
   +
  </new>
 </clothing>
 <clothing>
  <id>
   609785662
  </id>
  <name>
   Fila Dress N-1339
  </name>
  <category>
   Dress
  </category>
  <size>
   XL
  </size>
  <color>
   Желтый
  </color>
  <material>
   Шелк
  </material>
  <price>
   573895
  </price>
  <rating>
   4.32
  </rating>
  <reviews>
   500886
  </reviews>
  <exclusive>
   no
  </exclusive>
  <sporty>
   no
  </sporty>
 </clothing>
 <clothing>
  <id>
   637029566
  </id>
  <name>
   Brooks Belts W-2798
  </name>
  <category>
   Belts
  </category>
  <size>
   L
  </size>
  <color>
   Оранжевый
  </color>
  <material>
   Кожа
  </material>
  <price>
   337307
  </price>
  <rating>
   1.0
  </rating>
  <reviews>
   572649
  </reviews>
  <exclusive>
   no
  </exclusive>
 </clothing>
 <clothing>
  <id>
   175531577
  </id>
  <name>
   Brooks Pants T-1811
  </name>
  <category>
   Pants
  </category>
  <size>
   XXL
  </size>
  <color>
   Голубой
  </color>
  <material>
   Кожа
  </material>
  <price>
   896758
  </price>
  <rating>
   4.99
  </rating>
  <reviews>
   224754
  </reviews>
  <new>
   -
  </new>
  <sporty>
   no
  </sporty>
 </clothing>
 <clothing>
  <id>
   145089209
  </id>
  <name>
   PleinSport Blouse N-1207
  </name>
  <category>
   Blouse
  </category>
  <size>
   S
  </size>
  <color>
   Голубой
  </color>
  <material>
   Кожа
  </material>
  <price>
   829736
  </price>
  <rating>
   3.61
  </rating>
  <reviews>
   20678
  </reviews>
  <new>
   -
  </new>
  <sporty>
   yes
  </sporty>
 </clothing>
 <clothing>
  <id>
   278279240
  </id>
  <name>
   PleinSport Pants B-4148
  </name>
  <category>
   Pants
  </category>
  <size>
   XXL
  </size>
  <color>
   Красный
  </color>
  <material>
   Вискоза
  </material>
  <price>
   760213
  </price>
  <rating>
   1.43
  </rating>
  <reviews>
   100782
  </reviews>
  <new>
   -
  </new>
  <exclusive>
   no
  </exclusive>
 </clothing>
 <clothing>
  <id>
   726734888
  </id>
  <name>
   Reebok Jacket D-4893
  </name>
  <category>
   Jacket
  </category>
  <size>
   XXL
  </size>
  <color>
   Красный
  </color>
  <material>
   Кожа
  </material>
  <price>
   915268
  </price>
  <rating>
   2.46
  </rating>
  <reviews>
   447727
  </reviews>
  <new>
   +
  </new>
 </clothing>
 <clothing>
  <id>
   233632810
  </id>
  <name>
   Ellesse Gloves N-6857
  </name>
  <category>
   Gloves
  </category>
  <size>
   XXL
  </size>
  <color>
   Желтый
  </color>
  <material>
   Хлопок
  </material>
  <price>
   210723
  </price>
  <rating>
   1.53
  </rating>
  <reviews>
   473670
  </reviews>
  <new>
   -
  </new>
  <exclusive>
   no
  </exclusive>
 </clothing>
 <clothing>
  <id>
   691928067
  </id>
  <name>
   Addidas Sweater K-9163
  </name>
  <category>
   Sweater
  </category>
  <size>
   S
  </size>
  <color>
   Оранжевый
  </color>
  <material>
   Вискоза
  </material>
  <price>
   978259
  </price>
  <rating>
   3.91
  </rating>
  <reviews>
   561487
  </reviews>
  <new>
   -
  </new>
  <exclusive>
   no
  </exclusive>
 </clothing>
 <clothing>
  <id>
   629495204
  </id>
  <name>
   Lacoste Belts B-6951
  </name>
  <category>
   Belts
  </category>
  <size>
   XL
  </size>
  <color>
   Синий
  </color>
  <material>
   Вискоза
  </material>
  <price>
   116095
  </price>
  <rating>
   2.98
  </rating>
  <reviews>
   15266
  </reviews>
  <new>
   +
  </new>
  <exclusive>
   yes
  </exclusive>
  <sporty>
   no
  </sporty>
 </clothing>
 <clothing>
  <id>
   159261377
  </id>
  <name>
   Under Armour Blouse N-4425
  </name>
  <category>
   Blouse
  </category>
  <size>
   M
  </size>
  <color>
   Желтый
  </color>
  <material>
   Вискоза
  </material>
  <price>
   207041
  </price>
  <rating>
   2.7
  </rating>
  <reviews>
   976394
  </reviews>
  <sporty>
   no
  </sporty>
 </clothing>
 <clothing>
  <id>
   164300523
  </id>
  <name>
   Puma Jacket T-9382
  </name>
  <category>
   Jacket
  </category>
  <size>
   L
  </size>
  <color>
   Синий
  </color>
  <material>
   Шелк
  </material>
  <price>
   556061
  </price>
  <rating>
   1.74
  </rating>
  <reviews>
   531262
  </reviews>
  <new>
   +
  </new>
 </clothing>
 <clothing>
  <id>
   801865862
  </id>
  <name>
   Puma Shoes Y-7439
  </name>
  <category>
   Shoes
  </category>
  <size>
   S
  </size>
  <color>
   Оранжевый
  </color>
  <material>
   Кожа
  </material>
  <price>
   956942
  </price>
  <rating>
   4.89
  </rating>
  <reviews>
   191101
  </reviews>
  <new>
   -
  </new>
  <sporty>
   no
  </sporty>
 </clothing>
 <clothing>
  <id>
   857172242
  </id>
  <name>
   Nike Handbags J-6423
  </name>
  <category>
   Handbags
  </category>
  <size>
   XL
  </size>
  <color>
   Зеленый
  </color>
  <material>
   Полиэстер
  </material>
  <price>
   598708
  </price>
  <rating>
   4.49
  </rating>
  <reviews>
   825509
  </reviews>
  <exclusive>
   yes
  </exclusive>
  <sporty>
   no
  </sporty>
 </clothing>
 <clothing>
  <id>
   485569258
  </id>
  <name>
   Puma Gloves H-4309
  </name>
  <category>
   Gloves
  </category>
  <size>
   XXL
  </size>
  <color>
   Оранжевый
  </color>
  <material>
   Полиэстер
  </material>
  <price>
   149898
  </price>
  <rating>
   3.47
  </rating>
  <reviews>
   23391
  </reviews>
  <new>
   +
  </new>
 </clothing>
 <clothing>
  <id>
   466579765
  </id>
  <name>
   Puma Jacket E-9203
  </name>
  <category>
   Jacket
  </category>
  <size>
   M
  </size>
  <color>
   Синий
  </color>
  <material>
   Шелк
  </material>
  <price>
   156103
  </price>
  <rating>
   4.15
  </rating>
  <reviews>
   215059
  </reviews>
  <new>
   -
  </new>
  <exclusive>
   no
  </exclusive>
 </clothing>
 <clothing>
  <id>
   535990747
  </id>
  <name>
   Vans Jeans Z-7219
  </name>
  <category>
   Jeans
  </category>
  <size>
   XL
  </size>
  <color>
   Оранжевый
  </color>
  <material>
   Вискоза
  </material>
  <price>
   990869
  </price>
  <rating>
   4.18
  </rating>
  <reviews>
   610532
  </reviews>
  <new>
   +
  </new>
  <exclusive>
   no
  </exclusive>
  <sporty>
   yes
  </sporty>
 </clothing>
 <clothing>
  <id>
   365369579
  </id>
  <name>
   Puma Jacket V-4357
  </name>
  <category>
   Jacket
  </category>
  <size>
   M
  </size>
  <color>
   Желтый
  </color>
  <material>
   Шерсть
  </material>
  <price>
   813282
  </price>
  <rating>
   1.3
  </rating>
  <reviews>
   724088
  </reviews>
  <new>
   +
  </new>
  <exclusive>
   no
  </exclusive>
 </clothing>
 <clothing>
  <id>
   331521169
  </id>
  <name>
   DC Shoes T-6085
  </name>
  <category>
   Shoes
  </category>
  <size>
   S
  </size>
  <color>
   Синий
  </color>
  <material>
   Полиэстер
  </material>
  <price>
   701256
  </price>
  <rating>
   4.42
  </rating>
  <reviews>
   425820
  </reviews>
  <new>
   -
  </new>
  <exclusive>
   no
  </exclusive>
  <sporty>
   no
  </sporty>
 </clothing>
 <clothing>
  <id>
   990654731
  </id>
  <name>
   Reebok Jeans I-2665
  </name>
  <category>
   Jeans
  </category>
  <size>
   L
  </size>
  <color>
   Фиолетовый
  </color>
  <material>
   Нейлон
  </material>
  <price>
   897327
  </price>
  <rating>
   4.13
  </rating>
  <reviews>
   692143
  </reviews>
  <sporty>
   yes
  </sporty>
 </clothing>
 <clothing>
  <id>
   564170768
  </id>
  <name>
   DC Jacket C-7617
  </name>
  <category>
   Jacket
  </category>
  <size>
   XXL
  </size>
  <color>
   Желтый
  </color>
  <material>
   Шерсть
  </material>
  <price>
   644287
  </price>
  <rating>
   3.45
  </rating>
  <reviews>
   143089
  </reviews>
  <new>
   -
  </new>
  <sporty>
   yes
  </sporty>
 </clothing>
 <clothing>
  <id>
   743535068
  </id>
  <name>
   Adidas Gloves F-1007
  </name>
  <category>
   Gloves
  </category>
  <size>
   L
  </size>
  <color>
   Зеленый
  </color>
  <material>
   Кожа
  </material>
  <price>
   446759
  </price>
  <rating>
   3.55
  </rating>
  <reviews>
   82126
  </reviews>
 </clothing>
 <clothing>
  <id>
   355471362
  </id>
  <name>
   Lacoste Skirt V-2265
  </name>
  <category>
   Skirt
  </category>
  <size>
   L
  </size>
  <color>
   Оранжевый
  </color>
  <material>
   Хлопок
  </material>
  <price>
   440622
  </price>
  <rating>
   2.11
  </rating>
  <reviews>
   27212
  </reviews>
  <new>
   -
  </new>
  <exclusive>
   no
  </exclusive>
 </clothing>
 <clothing>
  <id>
   776990323
  </id>
  <name>
   Nike Handbags S-9480
  </name>
  <category>
   Handbags
  </category>
  <size>
   XL
  </size>
  <color>
   Красный
  </color>
  <material>
   Хлопок
  </material>
  <price>
   741604
  </price>
  <rating>
   2.69
  </rating>
  <reviews>
   126470
  </reviews>
  <new>
   -
  </new>
  <exclusive>
   no
  </exclusive>
  <sporty>
   yes
  </sporty>
 </clothing>
 <clothing>
  <id>
   768394209
  </id>
  <name>
   DC Handbags I-4561
  </name>
  <category>
   Handbags
  </category>
  <size>
   XXL
  </size>
  <color>
   Красный
  </color>
  <material>
   Нейлон
  </material>
  <price>
   769011
  </price>
  <rating>
   4.41
  </rating>
  <reviews>
   704245
  </reviews>
  <new>
   +
  </new>
 </clothing>
 <clothing>
  <id>
   289792401
  </id>
  <name>
   Vans Jeans J-6782
  </name>
  <category>
   Jeans
  </category>
  <size>
   XXL
  </size>
  <color>
   Красный
  </color>
  <material>
   Вискоза
  </material>
  <price>
   753214
  </price>
  <rating>
   3.24
  </rating>
  <reviews>
   50135
  </reviews>
  <new>
   -
  </new>
  <exclusive>
   no
  </exclusive>
 </clothing>
 <clothing>
  <id>
   370397395
  </id>
  <name>
   Lacoste Skirt P-2663
  </name>
  <category>
   Skirt
  </category>
  <size>
   XL
  </size>
  <color>
   Красный
  </color>
  <material>
   Нейлон
  </material>
  <price>
   675246
  </price>
  <rating>
   1.48
  </rating>
  <reviews>
   545936
  </reviews>
  <exclusive>
   yes
  </exclusive>
 </clothing>
 <clothing>
  <id>
   563147961
  </id>
  <name>
   Puma Hat A-9085
  </name>
  <category>
   Hat
  </category>
  <size>
   S
  </size>
  <color>
   Красный
  </color>
  <material>
   Вискоза
  </material>
  <price>
   523496
  </price>
  <rating>
   2.15
  </rating>
  <reviews>
   333363
  </reviews>
  <new>
   +
  </new>
  <exclusive>
   no
  </exclusive>
  <sporty>
   no
  </sporty>
 </clothing>
 <clothing>
  <id>
   342404733
  </id>
  <name>
   Ellesse T-shirt V-5853
  </name>
  <category>
   T-shirt
  </category>
  <size>
   XL
  </size>
  <color>
   Желтый
  </color>
  <material>
   Полиэстер
  </material>
  <price>
   783716
  </price>
  <rating>
   4.89
  </rating>
  <reviews>
   505543
  </reviews>
  <new>
   -
  </new>
  <exclusive>
   yes
  </exclusive>
  <sporty>
   yes
  </sporty>
 </clothing>
 <clothing>
  <id>
   829596237
  </id>
  <name>
   Puma Jeans Q-2634
  </name>
  <category>
   Jeans
  </category>
  <size>
   XL
  </size>
  <color>
   Голубой
  </color>
  <material>
   Шелк
  </material>
  <price>
   383937
  </price>
  <rating>
   1.17
  </rating>
  <reviews>
   641228
  </reviews>
  <sporty>
   no
  </sporty>
 </clothing>
 <clothing>
  <id>
   550255548
  </id>
  <name>
   Vans Sweater D-9250
  </name>
  <category>
   Sweater
  </category>
  <size>
   XXL
  </size>
  <color>
   Синий
  </color>
  <material>
   Лен
  </material>
  <price>
   500319
  </price>
  <rating>
   2.05
  </rating>
  <reviews>
   221849
  </reviews>
  <sporty>
   no
  </sporty>
 </clothing>
 <clothing>
  <id>
   695565886
  </id>
  <name>
   Asics Jeans J-1016
  </name>
  <category>
   Jeans
  </category>
  <size>
   L
  </size>
  <color>
   Голубой
  </color>
  <material>
   Лен
  </material>
  <price>
   951810
  </price>
  <rating>
   2.86
  </rating>
  <reviews>
   496654
  </reviews>
  <exclusive>
   no
  </exclusive>
  <sporty>
   yes
  </sporty>
 </clothing>
 <clothing>
  <id>
   787472743
  </id>
  <name>
   New Balance Hat E-3321
  </name>
  <category>
   Hat
  </category>
  <size>
   S
  </size>
  <color>
   Оранжевый
  </color>
  <material>
   Шелк
  </material>
  <price>
   486379
  </price>
  <rating>
   1.13
  </rating>
  <reviews>
   976255
  </reviews>
  <sporty>
   no
  </sporty>
 </clothing>
 <clothing>
  <id>
   910195868
  </id>
  <name>
   Addidas Gloves H-5389
  </name>
  <category>
   Gloves
  </category>
  <size>
   XL
  </size>
  <color>
   Синий
  </color>
  <material>
   Шелк
  </material>
  <price>
   599960
  </price>
  <rating>
   2.49
  </rating>
  <reviews>
   687823
  </reviews>
  <new>
   -
  </new>
  <exclusive>
   no
  </exclusive>
  <sporty>
   yes
  </sporty>
 </clothing>
 <clothing>
  <id>
   945134546
  </id>
  <name>
   Under Armour Pants M-8583
  </name>
  <category>
   Pants
  </category>
  <size>
   XXL
  </size>
  <color>
   Синий
  </color>
  <material>
   Вискоза
  </material>
  <price>
   878228
  </price>
  <rating>
   1.77
  </rating>
  <reviews>
   720231
  </reviews>
  <new>
   -
  </new>
  <sporty>
   yes
  </sporty>
 </clothing>
</clothing-items>
