<?xml version="1.0" encoding="utf-8"?>
<clothing-items>
 <clothing>
  <id>
   865094122
  </id>
  <name>
   Under Armour Socks K-7365
  </name>
  <category>
   Socks
  </category>
  <size>
   XXL
  </size>
  <color>
   Оранжевый
  </color>
  <material>
   Нейлон
  </material>
  <price>
   420319
  </price>
  <rating>
   1.94
  </rating>
  <reviews>
   718502
  </reviews>
  <new>
   +
  </new>
  <exclusive>
   yes
  </exclusive>
 </clothing>
 <clothing>
  <id>
   819754329
  </id>
  <name>
   Vans Skirt Q-1223
  </name>
  <category>
   Skirt
  </category>
  <size>
   L
  </size>
  <color>
   Синий
  </color>
  <material>
   Хлопок
  </material>
  <price>
   757785
  </price>
  <rating>
   3.53
  </rating>
  <reviews>
   876025
  </reviews>
  <exclusive>
   no
  </exclusive>
  <sporty>
   yes
  </sporty>
 </clothing>
 <clothing>
  <id>
   323627098
  </id>
  <name>
   DC Skirt I-6403
  </name>
  <category>
   Skirt
  </category>
  <size>
   XL
  </size>
  <color>
   Синий
  </color>
  <material>
   Лен
  </material>
  <price>
   691038
  </price>
  <rating>
   4.74
  </rating>
  <reviews>
   478793
  </reviews>
  <new>
   +
  </new>
 </clothing>
 <clothing>
  <id>
   134712504
  </id>
  <name>
   Converse T-shirt U-8347
  </name>
  <category>
   T-shirt
  </category>
  <size>
   L
  </size>
  <color>
   Оранжевый
  </color>
  <material>
   Лен
  </material>
  <price>
   295097
  </price>
  <rating>
   3.93
  </rating>
  <reviews>
   729941
  </reviews>
  <new>
   +
  </new>
  <exclusive>
   yes
  </exclusive>
 </clothing>
 <clothing>
  <id>
   382724768
  </id>
  <name>
   Lacoste Skirt I-8462
  </name>
  <category>
   Skirt
  </category>
  <size>
   XL
  </size>
  <color>
   Оранжевый
  </color>
  <material>
   Полиэстер
  </material>
  <price>
   857033
  </price>
  <rating>
   4.36
  </rating>
  <reviews>
   508283
  </reviews>
  <sporty>
   no
  </sporty>
 </clothing>
 <clothing>
  <id>
   269766732
  </id>
  <name>
   Reebok Jeans R-7324
  </name>
  <category>
   Jeans
  </category>
  <size>
   XL
  </size>
  <color>
   Оранжевый
  </color>
  <material>
   Лен
  </material>
  <price>
   464219
  </price>
  <rating>
   4.15
  </rating>
  <reviews>
   52148
  </reviews>
 </clothing>
 <clothing>
  <id>
   651730743
  </id>
  <name>
   Brooks Socks K-5266
  </name>
  <category>
   Socks
  </category>
  <size>
   XL
  </size>
  <color>
   Синий
  </color>
  <material>
   Лен
  </material>
  <price>
   220194
  </price>
  <rating>
   1.98
  </rating>
  <reviews>
   28133
  </reviews>
  <sporty>
   yes
  </sporty>
 </clothing>
 <clothing>
  <id>
   712274919
  </id>
  <name>
   DC Skirt C-4603
  </name>
  <category>
   Skirt
  </category>
  <size>
   S
  </size>
  <color>
   Зеленый
  </color>
  <material>
   Хлопок
  </material>
  <price>
   780653
  </price>
  <rating>
   2.46
  </rating>
  <reviews>
   246231
  </reviews>
  <new>
   -
  </new>
  <exclusive>
   yes
  </exclusive>
  <sporty>
   no
  </sporty>
 </clothing>
 <clothing>
  <id>
   281077860
  </id>
  <name>
   Nike Jacket K-8911
  </name>
  <category>
   Jacket
  </category>
  <size>
   M
  </size>
  <color>
   Фиолетовый
  </color>
  <material>
   Шерсть
  </material>
  <price>
   436533
  </price>
  <rating>
   4.82
  </rating>
  <reviews>
   907329
  </reviews>
  <new>
   +
  </new>
 </clothing>
 <clothing>
  <id>
   698265986
  </id>
  <name>
   Adidas T-shirt B-9552
  </name>
  <category>
   T-shirt
  </category>
  <size>
   XL
  </size>
  <color>
   Желтый
  </color>
  <material>
   Кожа
  </material>
  <price>
   418957
  </price>
  <rating>
   4.96
  </rating>
  <reviews>
   721488
  </reviews>
 </clothing>
 <clothing>
  <id>
   129710952
  </id>
  <name>
   Reebok Shirt P-4113
  </name>
  <category>
   Shirt
  </category>
  <size>
   M
  </size>
  <color>
   Фиолетовый
  </color>
  <material>
   Шелк
  </material>
  <price>
   436124
  </price>
  <rating>
   4.47
  </rating>
  <reviews>
   931203
  </reviews>
 </clothing>
 <clothing>
  <id>
   678079237
  </id>
  <name>
   Lacoste Sweater H-3992
  </name>
  <category>
   Sweater
  </category>
  <size>
   L
  </size>
  <color>
   Красный
  </color>
  <material>
   Шерсть
  </material>
  <price>
   685957
  </price>
  <rating>
   3.61
  </rating>
  <reviews>
   467044
  </reviews>
  <exclusive>
   yes
  </exclusive>
  <sporty>
   no
  </sporty>
 </clothing>
 <clothing>
  <id>
   947935427
  </id>
  <name>
   PleinSport Shirt F-9109
  </name>
  <category>
   Shirt
  </category>
  <size>
   XL
  </size>
  <color>
   Желтый
  </color>
  <material>
   Нейлон
  </material>
  <price>
   379488
  </price>
  <rating>
   2.5
  </rating>
  <reviews>
   522011
  </reviews>
  <new>
   +
  </new>
  <sporty>
   yes
  </sporty>
 </clothing>
 <clothing>
  <id>
   304439230
  </id>
  <name>
   Under Armour Shirt C-8060
  </name>
  <category>
   Shirt
  </category>
  <size>
   XXL
  </size>
  <color>
   Фиолетовый
  </color>
  <material>
   Шелк
  </material>
  <price>
   229577
  </price>
  <rating>
   3.52
  </rating>
  <reviews>
   559493
  </reviews>
  <exclusive>
   no
  </exclusive>
  <sporty>
   no
  </sporty>
 </clothing>
 <clothing>
  <id>
   545585653
  </id>
  <name>
   Lacoste Jacket I-1043
  </name>
  <category>
   Jacket
  </category>
  <size>
   L
  </size>
  <color>
   Зеленый
  </color>
  <material>
   Шелк
  </material>
  <price>
   371256
  </price>
  <rating>
   4.39
  </rating>
  <reviews>
   403164
  </reviews>
  <new>
   +
  </new>
  <exclusive>
   yes
  </exclusive>
 </clothing>
 <clothing>
  <id>
   810276374
  </id>
  <name>
   PleinSport Gloves F-3757
  </name>
  <category>
   Gloves
  </category>
  <size>
   M
  </size>
  <color>
   Фиолетовый
  </color>
  <material>
   Лен
  </material>
  <price>
   591121
  </price>
  <rating>
   4.78
  </rating>
  <reviews>
   954890
  </reviews>
  <new>
   +
  </new>
  <exclusive>
   no
  </exclusive>
 </clothing>
 <clothing>
  <id>
   768171490
  </id>
  <name>
   PleinSport Hat Z-5043
  </name>
  <category>
   Hat
  </category>
  <size>
   L
  </size>
  <color>
   Фиолетовый
  </color>
  <material>
   Лен
  </material>
  <price>
   844155
  </price>
  <rating>
   1.19
  </rating>
  <reviews>
   583667
  </reviews>
  <exclusive>
   no
  </exclusive>
  <sporty>
   yes
  </sporty>
 </clothing>
 <clothing>
  <id>
   167281850
  </id>
  <name>
   DC Belts R-7639
  </name>
  <category>
   Belts
  </category>
  <size>
   S
  </size>
  <color>
   Фиолетовый
  </color>
  <material>
   Вискоза
  </material>
  <price>
   661954
  </price>
  <rating>
   1.27
  </rating>
  <reviews>
   993171
  </reviews>
  <new>
   -
  </new>
  <exclusive>
   no
  </exclusive>
  <sporty>
   yes
  </sporty>
 </clothing>
 <clothing>
  <id>
   751583105
  </id>
  <name>
   DC Pants K-5673
  </name>
  <category>
   Pants
  </category>
  <size>
   XXL
  </size>
  <color>
   Фиолетовый
  </color>
  <material>
   Хлопок
  </material>
  <price>
   103141
  </price>
  <rating>
   1.39
  </rating>
  <reviews>
   218389
  </reviews>
  <new>
   -
  </new>
  <exclusive>
   yes
  </exclusive>
  <sporty>
   no
  </sporty>
 </clothing>
 <clothing>
  <id>
   577489801
  </id>
  <name>
   PleinSport Jacket D-5746
  </name>
  <category>
   Jacket
  </category>
  <size>
   M
  </size>
  <color>
   Голубой
  </color>
  <material>
   Кожа
  </material>
  <price>
   571185
  </price>
  <rating>
   1.68
  </rating>
  <reviews>
   458738
  </reviews>
  <exclusive>
   yes
  </exclusive>
 </clothing>
 <clothing>
  <id>
   566513373
  </id>
  <name>
   Puma Gloves E-8979
  </name>
  <category>
   Gloves
  </category>
  <size>
   S
  </size>
  <color>
   Оранжевый
  </color>
  <material>
   Вискоза
  </material>
  <price>
   659866
  </price>
  <rating>
   2.69
  </rating>
  <reviews>
   458896
  </reviews>
  <exclusive>
   no
  </exclusive>
 </clothing>
 <clothing>
  <id>
   689999784
  </id>
  <name>
   PleinSport Gloves L-3079
  </name>
  <category>
   Gloves
  </category>
  <size>
   L
  </size>
  <color>
   Желтый
  </color>
  <material>
   Хлопок
  </material>
  <price>
   943065
  </price>
  <rating>
   1.11
  </rating>
  <reviews>
   793431
  </reviews>
  <exclusive>
   yes
  </exclusive>
  <sporty>
   yes
  </sporty>
 </clothing>
 <clothing>
  <id>
   641233974
  </id>
  <name>
   DC Hat H-8415
  </name>
  <category>
   Hat
  </category>
  <size>
   M
  </size>
  <color>
   Зеленый
  </color>
  <material>
   Полиэстер
  </material>
  <price>
   716873
  </price>
  <rating>
   4.28
  </rating>
  <reviews>
   268732
  </reviews>
  <new>
   -
  </new>
 </clothing>
 <clothing>
  <id>
   970964284
  </id>
  <name>
   Fila Shirt F-4900
  </name>
  <category>
   Shirt
  </category>
  <size>
   L
  </size>
  <color>
   Красный
  </color>
  <material>
   Шерсть
  </material>
  <price>
   383267
  </price>
  <rating>
   1.29
  </rating>
  <reviews>
   834448
  </reviews>
  <new>
   -
  </new>
  <exclusive>
   yes
  </exclusive>
  <sporty>
   yes
  </sporty>
 </clothing>
 <clothing>
  <id>
   123658077
  </id>
  <name>
   Addidas Dress D-2347
  </name>
  <category>
   Dress
  </category>
  <size>
   L
  </size>
  <color>
   Оранжевый
  </color>
  <material>
   Лен
  </material>
  <price>
   598696
  </price>
  <rating>
   2.16
  </rating>
  <reviews>
   305515
  </reviews>
  <new>
   -
  </new>
  <sporty>
   yes
  </sporty>
 </clothing>
 <clothing>
  <id>
   714073586
  </id>
  <name>
   Converse Handbags F-4470
  </name>
  <category>
   Handbags
  </category>
  <size>
   M
  </size>
  <color>
   Зеленый
  </color>
  <material>
   Шелк
  </material>
  <price>
   309913
  </price>
  <rating>
   2.58
  </rating>
  <reviews>
   837001
  </reviews>
  <exclusive>
   yes
  </exclusive>
  <sporty>
   yes
  </sporty>
 </clothing>
 <clothing>
  <id>
   297994008
  </id>
  <name>
   Vans Jeans F-7052
  </name>
  <category>
   Jeans
  </category>
  <size>
   XL
  </size>
  <color>
   Зеленый
  </color>
  <material>
   Хлопок
  </material>
  <price>
   752703
  </price>
  <rating>
   1.68
  </rating>
  <reviews>
   182379
  </reviews>
  <exclusive>
   yes
  </exclusive>
 </clothing>
 <clothing>
  <id>
   587155067
  </id>
  <name>
   Asics Hat U-1900
  </name>
  <category>
   Hat
  </category>
  <size>
   XL
  </size>
  <color>
   Желтый
  </color>
  <material>
   Хлопок
  </material>
  <price>
   683788
  </price>
  <rating>
   1.75
  </rating>
  <reviews>
   157682
  </reviews>
  <sporty>
   no
  </sporty>
 </clothing>
 <clothing>
  <id>
   768607332
  </id>
  <name>
   New Balance Pants Z-4393
  </name>
  <category>
   Pants
  </category>
  <size>
   M
  </size>
  <color>
   Фиолетовый
  </color>
  <material>
   Шелк
  </material>
  <price>
   756296
  </price>
  <rating>
   2.7
  </rating>
  <reviews>
   492856
  </reviews>
  <exclusive>
   no
  </exclusive>
  <sporty>
   yes
  </sporty>
 </clothing>
 <clothing>
  <id>
   380874737
  </id>
  <name>
   Reebok Blouse B-2851
  </name>
  <category>
   Blouse
  </category>
  <size>
   M
  </size>
  <color>
   Синий
  </color>
  <material>
   Вискоза
  </material>
  <price>
   458587
  </price>
  <rating>
   3.05
  </rating>
  <reviews>
   962952
  </reviews>
  <exclusive>
   no
  </exclusive>
  <sporty>
   no
  </sporty>
 </clothing>
 <clothing>
  <id>
   716812965
  </id>
  <name>
   Converse Sweater T-8356
  </name>
  <category>
   Sweater
  </category>
  <size>
   L
  </size>
  <color>
   Синий
  </color>
  <material>
   Хлопок
  </material>
  <price>
   776191
  </price>
  <rating>
   2.83
  </rating>
  <reviews>
   229372
  </reviews>
  <new>
   -
  </new>
  <exclusive>
   no
  </exclusive>
 </clothing>
 <clothing>
  <id>
   479094847
  </id>
  <name>
   Converse Gloves O-6468
  </name>
  <category>
   Gloves
  </category>
  <size>
   M
  </size>
  <color>
   Зеленый
  </color>
  <material>
   Нейлон
  </material>
  <price>
   385260
  </price>
  <rating>
   2.15
  </rating>
  <reviews>
   80240
  </reviews>
 </clothing>
 <clothing>
  <id>
   869342456
  </id>
  <name>
   Addidas Shirt J-6022
  </name>
  <category>
   Shirt
  </category>
  <size>
   XXL
  </size>
  <color>
   Желтый
  </color>
  <material>
   Лен
  </material>
  <price>
   548201
  </price>
  <rating>
   3.35
  </rating>
  <reviews>
   761086
  </reviews>
 </clothing>
 <clothing>
  <id>
   935536351
  </id>
  <name>
   Reebok Shirt V-5650
  </name>
  <category>
   Shirt
  </category>
  <size>
   S
  </size>
  <color>
   Голубой
  </color>
  <material>
   Нейлон
  </material>
  <price>
   428238
  </price>
  <rating>
   3.9
  </rating>
  <reviews>
   420256
  </reviews>
  <new>
   -
  </new>
  <exclusive>
   yes
  </exclusive>
  <sporty>
   yes
  </sporty>
 </clothing>
 <clothing>
  <id>
   211134451
  </id>
  <name>
   Reebok Shoes T-7489
  </name>
  <category>
   Shoes
  </category>
  <size>
   M
  </size>
  <color>
   Красный
  </color>
  <material>
   Кожа
  </material>
  <price>
   789468
  </price>
  <rating>
   1.99
  </rating>
  <reviews>
   291166
  </reviews>
  <new>
   -
  </new>
  <exclusive>
   no
  </exclusive>
  <sporty>
   no
  </sporty>
 </clothing>
 <clothing>
  <id>
   963639448
  </id>
  <name>
   Asics Dress B-7522
  </name>
  <category>
   Dress
  </category>
  <size>
   L
  </size>
  <color>
   Красный
  </color>
  <material>
   Лен
  </material>
  <price>
   180252
  </price>
  <rating>
   4.01
  </rating>
  <reviews>
   164855
  </reviews>
  <exclusive>
   yes
  </exclusive>
  <sporty>
   no
  </sporty>
 </clothing>
 <clothing>
  <id>
   257497833
  </id>
  <name>
   Reebok Sweater Z-1779
  </name>
  <category>
   Sweater
  </category>
  <size>
   L
  </size>
  <color>
   Голубой
  </color>
  <material>
   Шелк
  </material>
  <price>
   813074
  </price>
  <rating>
   1.39
  </rating>
  <reviews>
   210699
  </reviews>
  <new>
   +
  </new>
 </clothing>
</clothing-items>
