<?xml version="1.0" encoding="utf-8"?>
<clothing-items>
 <clothing>
  <id>
   249602712
  </id>
  <name>
   Converse Jeans Q-8636
  </name>
  <category>
   Jeans
  </category>
  <size>
   S
  </size>
  <color>
   Голубой
  </color>
  <material>
   Кожа
  </material>
  <price>
   287663
  </price>
  <rating>
   3.39
  </rating>
  <reviews>
   951409
  </reviews>
  <new>
   -
  </new>
 </clothing>
 <clothing>
  <id>
   770539562
  </id>
  <name>
   Vans Shoes N-1179
  </name>
  <category>
   Shoes
  </category>
  <size>
   M
  </size>
  <color>
   Фиолетовый
  </color>
  <material>
   Нейлон
  </material>
  <price>
   813636
  </price>
  <rating>
   4.43
  </rating>
  <reviews>
   859063
  </reviews>
  <new>
   +
  </new>
  <sporty>
   no
  </sporty>
 </clothing>
 <clothing>
  <id>
   976995364
  </id>
  <name>
   Lacoste Shirt E-2904
  </name>
  <category>
   Shirt
  </category>
  <size>
   XL
  </size>
  <color>
   Оранжевый
  </color>
  <material>
   Полиэстер
  </material>
  <price>
   734000
  </price>
  <rating>
   4.44
  </rating>
  <reviews>
   345296
  </reviews>
  <exclusive>
   no
  </exclusive>
 </clothing>
 <clothing>
  <id>
   579882570
  </id>
  <name>
   Vans Hat G-7327
  </name>
  <category>
   Hat
  </category>
  <size>
   XL
  </size>
  <color>
   Оранжевый
  </color>
  <material>
   Шерсть
  </material>
  <price>
   260863
  </price>
  <rating>
   1.57
  </rating>
  <reviews>
   667497
  </reviews>
  <new>
   +
  </new>
  <exclusive>
   yes
  </exclusive>
 </clothing>
 <clothing>
  <id>
   429069068
  </id>
  <name>
   Puma Shoes V-3187
  </name>
  <category>
   Shoes
  </category>
  <size>
   L
  </size>
  <color>
   Голубой
  </color>
  <material>
   Нейлон
  </material>
  <price>
   199469
  </price>
  <rating>
   2.41
  </rating>
  <reviews>
   109268
  </reviews>
  <new>
   +
  </new>
  <exclusive>
   no
  </exclusive>
  <sporty>
   yes
  </sporty>
 </clothing>
 <clothing>
  <id>
   411481047
  </id>
  <name>
   Puma T-shirt O-4095
  </name>
  <category>
   T-shirt
  </category>
  <size>
   XXL
  </size>
  <color>
   Желтый
  </color>
  <material>
   Лен
  </material>
  <price>
   259670
  </price>
  <rating>
   4.9
  </rating>
  <reviews>
   291552
  </reviews>
 </clothing>
 <clothing>
  <id>
   804338246
  </id>
  <name>
   Ellesse Pants C-6445
  </name>
  <category>
   Pants
  </category>
  <size>
   XXL
  </size>
  <color>
   Зеленый
  </color>
  <material>
   Кожа
  </material>
  <price>
   671962
  </price>
  <rating>
   4.55
  </rating>
  <reviews>
   308075
  </reviews>
  <new>
   +
  </new>
  <sporty>
   no
  </sporty>
 </clothing>
 <clothing>
  <id>
   760628025
  </id>
  <name>
   Addidas Blouse Z-6676
  </name>
  <category>
   Blouse
  </category>
  <size>
   XXL
  </size>
  <color>
   Синий
  </color>
  <material>
   Лен
  </material>
  <price>
   183352
  </price>
  <rating>
   3.14
  </rating>
  <reviews>
   602885
  </reviews>
  <sporty>
   no
  </sporty>
 </clothing>
 <clothing>
  <id>
   673636032
  </id>
  <name>
   PleinSport T-shirt G-3640
  </name>
  <category>
   T-shirt
  </category>
  <size>
   L
  </size>
  <color>
   Оранжевый
  </color>
  <material>
   Шерсть
  </material>
  <price>
   837559
  </price>
  <rating>
   1.13
  </rating>
  <reviews>
   77352
  </reviews>
  <new>
   +
  </new>
 </clothing>
 <clothing>
  <id>
   426257623
  </id>
  <name>
   Adidas Pants G-5599
  </name>
  <category>
   Pants
  </category>
  <size>
   L
  </size>
  <color>
   Зеленый
  </color>
  <material>
   Шерсть
  </material>
  <price>
   661465
  </price>
  <rating>
   1.9
  </rating>
  <reviews>
   98236
  </reviews>
  <new>
   +
  </new>
  <exclusive>
   yes
  </exclusive>
  <sporty>
   no
  </sporty>
 </clothing>
 <clothing>
  <id>
   548899543
  </id>
  <name>
   Addidas Handbags Q-5610
  </name>
  <category>
   Handbags
  </category>
  <size>
   M
  </size>
  <color>
   Желтый
  </color>
  <material>
   Вискоза
  </material>
  <price>
   784093
  </price>
  <rating>
   1.1
  </rating>
  <reviews>
   760793
  </reviews>
  <new>
   +
  </new>
 </clothing>
 <clothing>
  <id>
   350171444
  </id>
  <name>
   Ellesse Dress J-2240
  </name>
  <category>
   Dress
  </category>
  <size>
   L
  </size>
  <color>
   Фиолетовый
  </color>
  <material>
   Вискоза
  </material>
  <price>
   224183
  </price>
  <rating>
   4.73
  </rating>
  <reviews>
   524352
  </reviews>
  <new>
   -
  </new>
  <exclusive>
   no
  </exclusive>
  <sporty>
   no
  </sporty>
 </clothing>
 <clothing>
  <id>
   658038087
  </id>
  <name>
   Ellesse Handbags R-4435
  </name>
  <category>
   Handbags
  </category>
  <size>
   XL
  </size>
  <color>
   Оранжевый
  </color>
  <material>
   Вискоза
  </material>
  <price>
   423480
  </price>
  <rating>
   3.64
  </rating>
  <reviews>
   323621
  </reviews>
  <new>
   +
  </new>
  <exclusive>
   yes
  </exclusive>
  <sporty>
   yes
  </sporty>
 </clothing>
 <clothing>
  <id>
   752038166
  </id>
  <name>
   Brooks Jeans T-4560
  </name>
  <category>
   Jeans
  </category>
  <size>
   XXL
  </size>
  <color>
   Красный
  </color>
  <material>
   Полиэстер
  </material>
  <price>
   251202
  </price>
  <rating>
   3.04
  </rating>
  <reviews>
   595123
  </reviews>
  <exclusive>
   yes
  </exclusive>
  <sporty>
   no
  </sporty>
 </clothing>
 <clothing>
  <id>
   559741251
  </id>
  <name>
   Lacoste Socks X-3943
  </name>
  <category>
   Socks
  </category>
  <size>
   S
  </size>
  <color>
   Зеленый
  </color>
  <material>
   Кожа
  </material>
  <price>
   456280
  </price>
  <rating>
   2.53
  </rating>
  <reviews>
   547618
  </reviews>
  <new>
   -
  </new>
  <exclusive>
   no
  </exclusive>
  <sporty>
   yes
  </sporty>
 </clothing>
 <clothing>
  <id>
   726357615
  </id>
  <name>
   Addidas Jeans K-7216
  </name>
  <category>
   Jeans
  </category>
  <size>
   M
  </size>
  <color>
   Зеленый
  </color>
  <material>
   Полиэстер
  </material>
  <price>
   470715
  </price>
  <rating>
   3.46
  </rating>
  <reviews>
   171165
  </reviews>
  <new>
   +
  </new>
  <sporty>
   yes
  </sporty>
 </clothing>
 <clothing>
  <id>
   818549862
  </id>
  <name>
   Reebok T-shirt E-4800
  </name>
  <category>
   T-shirt
  </category>
  <size>
   XXL
  </size>
  <color>
   Фиолетовый
  </color>
  <material>
   Полиэстер
  </material>
  <price>
   885910
  </price>
  <rating>
   1.02
  </rating>
  <reviews>
   819824
  </reviews>
 </clothing>
 <clothing>
  <id>
   956854175
  </id>
  <name>
   Nike Hat L-7355
  </name>
  <category>
   Hat
  </category>
  <size>
   XXL
  </size>
  <color>
   Красный
  </color>
  <material>
   Нейлон
  </material>
  <price>
   655055
  </price>
  <rating>
   2.13
  </rating>
  <reviews>
   538857
  </reviews>
  <sporty>
   no
  </sporty>
 </clothing>
 <clothing>
  <id>
   460450886
  </id>
  <name>
   Fila Belts M-3307
  </name>
  <category>
   Belts
  </category>
  <size>
   M
  </size>
  <color>
   Синий
  </color>
  <material>
   Нейлон
  </material>
  <price>
   250749
  </price>
  <rating>
   2.08
  </rating>
  <reviews>
   270275
  </reviews>
  <exclusive>
   no
  </exclusive>
  <sporty>
   no
  </sporty>
 </clothing>
 <clothing>
  <id>
   737543318
  </id>
  <name>
   DC Belts R-8906
  </name>
  <category>
   Belts
  </category>
  <size>
   XL
  </size>
  <color>
   Синий
  </color>
  <material>
   Шерсть
  </material>
  <price>
   372640
  </price>
  <rating>
   1.73
  </rating>
  <reviews>
   465014
  </reviews>
  <exclusive>
   no
  </exclusive>
  <sporty>
   no
  </sporty>
 </clothing>
 <clothing>
  <id>
   573931699
  </id>
  <name>
   Reebok Gloves B-5223
  </name>
  <category>
   Gloves
  </category>
  <size>
   XL
  </size>
  <color>
   Красный
  </color>
  <material>
   Лен
  </material>
  <price>
   328092
  </price>
  <rating>
   3.88
  </rating>
  <reviews>
   696631
  </reviews>
  <new>
   -
  </new>
  <exclusive>
   yes
  </exclusive>
  <sporty>
   yes
  </sporty>
 </clothing>
 <clothing>
  <id>
   520090569
  </id>
  <name>
   Under Armour Blouse R-3950
  </name>
  <category>
   Blouse
  </category>
  <size>
   XXL
  </size>
  <color>
   Голубой
  </color>
  <material>
   Кожа
  </material>
  <price>
   232264
  </price>
  <rating>
   2.02
  </rating>
  <reviews>
   985536
  </reviews>
  <sporty>
   yes
  </sporty>
 </clothing>
 <clothing>
  <id>
   752376598
  </id>
  <name>
   Reebok Skirt Y-1958
  </name>
  <category>
   Skirt
  </category>
  <size>
   S
  </size>
  <color>
   Зеленый
  </color>
  <material>
   Шелк
  </material>
  <price>
   561275
  </price>
  <rating>
   3.68
  </rating>
  <reviews>
   190751
  </reviews>
  <new>
   -
  </new>
 </clothing>
 <clothing>
  <id>
   145136442
  </id>
  <name>
   Nike Gloves R-6794
  </name>
  <category>
   Gloves
  </category>
  <size>
   XXL
  </size>
  <color>
   Оранжевый
  </color>
  <material>
   Вискоза
  </material>
  <price>
   560102
  </price>
  <rating>
   3.66
  </rating>
  <reviews>
   828445
  </reviews>
  <new>
   -
  </new>
  <exclusive>
   yes
  </exclusive>
  <sporty>
   no
  </sporty>
 </clothing>
 <clothing>
  <id>
   987497714
  </id>
  <name>
   Adidas Umbrellas J-2184
  </name>
  <category>
   Umbrellas
  </category>
  <size>
   S
  </size>
  <color>
   Синий
  </color>
  <material>
   Полиэстер
  </material>
  <price>
   312947
  </price>
  <rating>
   4.58
  </rating>
  <reviews>
   578083
  </reviews>
  <new>
   +
  </new>
 </clothing>
 <clothing>
  <id>
   425783394
  </id>
  <name>
   Puma Gloves H-7339
  </name>
  <category>
   Gloves
  </category>
  <size>
   XL
  </size>
  <color>
   Оранжевый
  </color>
  <material>
   Полиэстер
  </material>
  <price>
   718572
  </price>
  <rating>
   4.57
  </rating>
  <reviews>
   813539
  </reviews>
  <exclusive>
   no
  </exclusive>
 </clothing>
 <clothing>
  <id>
   641783234
  </id>
  <name>
   DC T-shirt P-9415
  </name>
  <category>
   T-shirt
  </category>
  <size>
   XL
  </size>
  <color>
   Фиолетовый
  </color>
  <material>
   Кожа
  </material>
  <price>
   358940
  </price>
  <rating>
   2.17
  </rating>
  <reviews>
   589413
  </reviews>
  <new>
   -
  </new>
  <exclusive>
   no
  </exclusive>
 </clothing>
 <clothing>
  <id>
   674670504
  </id>
  <name>
   Addidas Socks K-9526
  </name>
  <category>
   Socks
  </category>
  <size>
   XXL
  </size>
  <color>
   Оранжевый
  </color>
  <material>
   Кожа
  </material>
  <price>
   630803
  </price>
  <rating>
   4.75
  </rating>
  <reviews>
   373617
  </reviews>
  <exclusive>
   yes
  </exclusive>
  <sporty>
   yes
  </sporty>
 </clothing>
 <clothing>
  <id>
   641643583
  </id>
  <name>
   New Balance Umbrellas S-6430
  </name>
  <category>
   Umbrellas
  </category>
  <size>
   XXL
  </size>
  <color>
   Голубой
  </color>
  <material>
   Нейлон
  </material>
  <price>
   131074
  </price>
  <rating>
   4.65
  </rating>
  <reviews>
   300410
  </reviews>
  <new>
   +
  </new>
  <exclusive>
   yes
  </exclusive>
 </clothing>
 <clothing>
  <id>
   253411190
  </id>
  <name>
   Vans Belts L-6440
  </name>
  <category>
   Belts
  </category>
  <size>
   XXL
  </size>
  <color>
   Желтый
  </color>
  <material>
   Полиэстер
  </material>
  <price>
   871907
  </price>
  <rating>
   2.66
  </rating>
  <reviews>
   973912
  </reviews>
  <exclusive>
   no
  </exclusive>
 </clothing>
 <clothing>
  <id>
   663255661
  </id>
  <name>
   Reebok Belts Z-7821
  </name>
  <category>
   Belts
  </category>
  <size>
   L
  </size>
  <color>
   Голубой
  </color>
  <material>
   Шерсть
  </material>
  <price>
   637554
  </price>
  <rating>
   2.32
  </rating>
  <reviews>
   970993
  </reviews>
  <exclusive>
   no
  </exclusive>
  <sporty>
   yes
  </sporty>
 </clothing>
 <clothing>
  <id>
   418324023
  </id>
  <name>
   Nike Jeans W-5971
  </name>
  <category>
   Jeans
  </category>
  <size>
   XXL
  </size>
  <color>
   Голубой
  </color>
  <material>
   Кожа
  </material>
  <price>
   746566
  </price>
  <rating>
   1.37
  </rating>
  <reviews>
   147793
  </reviews>
  <new>
   -
  </new>
  <sporty>
   yes
  </sporty>
 </clothing>
 <clothing>
  <id>
   500451369
  </id>
  <name>
   DC Jeans H-9440
  </name>
  <category>
   Jeans
  </category>
  <size>
   L
  </size>
  <color>
   Фиолетовый
  </color>
  <material>
   Лен
  </material>
  <price>
   186223
  </price>
  <rating>
   2.61
  </rating>
  <reviews>
   747690
  </reviews>
  <new>
   +
  </new>
  <exclusive>
   yes
  </exclusive>
  <sporty>
   yes
  </sporty>
 </clothing>
 <clothing>
  <id>
   268647992
  </id>
  <name>
   DC Umbrellas D-7409
  </name>
  <category>
   Umbrellas
  </category>
  <size>
   M
  </size>
  <color>
   Красный
  </color>
  <material>
   Вискоза
  </material>
  <price>
   468031
  </price>
  <rating>
   3.17
  </rating>
  <reviews>
   803468
  </reviews>
  <new>
   -
  </new>
  <exclusive>
   no
  </exclusive>
 </clothing>
 <clothing>
  <id>
   180724980
  </id>
  <name>
   Lacoste Gloves W-4929
  </name>
  <category>
   Gloves
  </category>
  <size>
   XXL
  </size>
  <color>
   Красный
  </color>
  <material>
   Нейлон
  </material>
  <price>
   408828
  </price>
  <rating>
   3.5
  </rating>
  <reviews>
   990202
  </reviews>
  <exclusive>
   no
  </exclusive>
  <sporty>
   no
  </sporty>
 </clothing>
 <clothing>
  <id>
   306883048
  </id>
  <name>
   DC Dress A-3337
  </name>
  <category>
   Dress
  </category>
  <size>
   XXL
  </size>
  <color>
   Оранжевый
  </color>
  <material>
   Вискоза
  </material>
  <price>
   797584
  </price>
  <rating>
   3.0
  </rating>
  <reviews>
   262650
  </reviews>
  <exclusive>
   no
  </exclusive>
 </clothing>
 <clothing>
  <id>
   707378988
  </id>
  <name>
   Adidas Blouse T-4085
  </name>
  <category>
   Blouse
  </category>
  <size>
   S
  </size>
  <color>
   Желтый
  </color>
  <material>
   Лен
  </material>
  <price>
   688236
  </price>
  <rating>
   2.19
  </rating>
  <reviews>
   511530
  </reviews>
  <new>
   -
  </new>
  <sporty>
   yes
  </sporty>
 </clothing>
 <clothing>
  <id>
   319266936
  </id>
  <name>
   Nike T-shirt P-6623
  </name>
  <category>
   T-shirt
  </category>
  <size>
   XL
  </size>
  <color>
   Желтый
  </color>
  <material>
   Кожа
  </material>
  <price>
   576909
  </price>
  <rating>
   1.25
  </rating>
  <reviews>
   924045
  </reviews>
  <new>
   -
  </new>
  <sporty>
   yes
  </sporty>
 </clothing>
 <clothing>
  <id>
   819723040
  </id>
  <name>
   Ellesse Shoes U-6529
  </name>
  <category>
   Shoes
  </category>
  <size>
   L
  </size>
  <color>
   Красный
  </color>
  <material>
   Шелк
  </material>
  <price>
   913393
  </price>
  <rating>
   1.43
  </rating>
  <reviews>
   586546
  </reviews>
  <new>
   +
  </new>
  <exclusive>
   yes
  </exclusive>
  <sporty>
   no
  </sporty>
 </clothing>
 <clothing>
  <id>
   407731430
  </id>
  <name>
   Nike Skirt R-6003
  </name>
  <category>
   Skirt
  </category>
  <size>
   XXL
  </size>
  <color>
   Фиолетовый
  </color>
  <material>
   Кожа
  </material>
  <price>
   321022
  </price>
  <rating>
   4.64
  </rating>
  <reviews>
   519566
  </reviews>
  <new>
   -
  </new>
  <exclusive>
   no
  </exclusive>
  <sporty>
   no
  </sporty>
 </clothing>
 <clothing>
  <id>
   911099960
  </id>
  <name>
   DC T-shirt D-6579
  </name>
  <category>
   T-shirt
  </category>
  <size>
   S
  </size>
  <color>
   Синий
  </color>
  <material>
   Вискоза
  </material>
  <price>
   431865
  </price>
  <rating>
   3.67
  </rating>
  <reviews>
   165023
  </reviews>
  <new>
   +
  </new>
 </clothing>
 <clothing>
  <id>
   798911330
  </id>
  <name>
   PleinSport T-shirt R-6366
  </name>
  <category>
   T-shirt
  </category>
  <size>
   XXL
  </size>
  <color>
   Синий
  </color>
  <material>
   Шелк
  </material>
  <price>
   717974
  </price>
  <rating>
   1.18
  </rating>
  <reviews>
   516931
  </reviews>
  <exclusive>
   yes
  </exclusive>
  <sporty>
   no
  </sporty>
 </clothing>
 <clothing>
  <id>
   230793107
  </id>
  <name>
   Lacoste T-shirt X-3226
  </name>
  <category>
   T-shirt
  </category>
  <size>
   XXL
  </size>
  <color>
   Оранжевый
  </color>
  <material>
   Лен
  </material>
  <price>
   816273
  </price>
  <rating>
   4.05
  </rating>
  <reviews>
   662445
  </reviews>
  <new>
   +
  </new>
  <sporty>
   yes
  </sporty>
 </clothing>
 <clothing>
  <id>
   847225170
  </id>
  <name>
   New Balance Jeans X-8543
  </name>
  <category>
   Jeans
  </category>
  <size>
   L
  </size>
  <color>
   Желтый
  </color>
  <material>
   Шелк
  </material>
  <price>
   613011
  </price>
  <rating>
   3.83
  </rating>
  <reviews>
   335764
  </reviews>
  <exclusive>
   no
  </exclusive>
  <sporty>
   yes
  </sporty>
 </clothing>
 <clothing>
  <id>
   539114387
  </id>
  <name>
   Converse Shoes K-6090
  </name>
  <category>
   Shoes
  </category>
  <size>
   S
  </size>
  <color>
   Синий
  </color>
  <material>
   Хлопок
  </material>
  <price>
   215163
  </price>
  <rating>
   2.15
  </rating>
  <reviews>
   817297
  </reviews>
  <new>
   +
  </new>
  <exclusive>
   no
  </exclusive>
  <sporty>
   yes
  </sporty>
 </clothing>
 <clothing>
  <id>
   903789432
  </id>
  <name>
   Brooks Belts M-5172
  </name>
  <category>
   Belts
  </category>
  <size>
   L
  </size>
  <color>
   Оранжевый
  </color>
  <material>
   Вискоза
  </material>
  <price>
   573855
  </price>
  <rating>
   1.33
  </rating>
  <reviews>
   390176
  </reviews>
  <new>
   -
  </new>
  <exclusive>
   no
  </exclusive>
  <sporty>
   yes
  </sporty>
 </clothing>
 <clothing>
  <id>
   859435773
  </id>
  <name>
   PleinSport T-shirt B-7684
  </name>
  <category>
   T-shirt
  </category>
  <size>
   M
  </size>
  <color>
   Красный
  </color>
  <material>
   Шерсть
  </material>
  <price>
   108166
  </price>
  <rating>
   2.58
  </rating>
  <reviews>
   858495
  </reviews>
  <new>
   -
  </new>
  <exclusive>
   no
  </exclusive>
  <sporty>
   no
  </sporty>
 </clothing>
 <clothing>
  <id>
   261982364
  </id>
  <name>
   Lacoste Pants Y-2025
  </name>
  <category>
   Pants
  </category>
  <size>
   S
  </size>
  <color>
   Голубой
  </color>
  <material>
   Шерсть
  </material>
  <price>
   138804
  </price>
  <rating>
   4.5
  </rating>
  <reviews>
   396152
  </reviews>
  <sporty>
   no
  </sporty>
 </clothing>
</clothing-items>
