<?xml version="1.0" encoding="utf-8"?>
<clothing-items>
 <clothing>
  <id>
   995138711
  </id>
  <name>
   Puma Hat N-6775
  </name>
  <category>
   Hat
  </category>
  <size>
   XXL
  </size>
  <color>
   Синий
  </color>
  <material>
   Лен
  </material>
  <price>
   274301
  </price>
  <rating>
   3.42
  </rating>
  <reviews>
   447763
  </reviews>
  <exclusive>
   no
  </exclusive>
 </clothing>
 <clothing>
  <id>
   745895568
  </id>
  <name>
   Converse Skirt I-5136
  </name>
  <category>
   Skirt
  </category>
  <size>
   XL
  </size>
  <color>
   Зеленый
  </color>
  <material>
   Нейлон
  </material>
  <price>
   299998
  </price>
  <rating>
   3.6
  </rating>
  <reviews>
   79247
  </reviews>
  <exclusive>
   yes
  </exclusive>
  <sporty>
   no
  </sporty>
 </clothing>
 <clothing>
  <id>
   499886751
  </id>
  <name>
   Addidas Dress S-1334
  </name>
  <category>
   Dress
  </category>
  <size>
   XL
  </size>
  <color>
   Желтый
  </color>
  <material>
   Нейлон
  </material>
  <price>
   135154
  </price>
  <rating>
   1.32
  </rating>
  <reviews>
   467590
  </reviews>
  <new>
   +
  </new>
  <exclusive>
   no
  </exclusive>
  <sporty>
   no
  </sporty>
 </clothing>
 <clothing>
  <id>
   635774325
  </id>
  <name>
   Under Armour Jeans U-9140
  </name>
  <category>
   Jeans
  </category>
  <size>
   M
  </size>
  <color>
   Желтый
  </color>
  <material>
   Шерсть
  </material>
  <price>
   798971
  </price>
  <rating>
   2.96
  </rating>
  <reviews>
   514326
  </reviews>
  <new>
   -
  </new>
  <exclusive>
   yes
  </exclusive>
  <sporty>
   no
  </sporty>
 </clothing>
 <clothing>
  <id>
   592668091
  </id>
  <name>
   Lacoste Gloves W-1857
  </name>
  <category>
   Gloves
  </category>
  <size>
   XL
  </size>
  <color>
   Зеленый
  </color>
  <material>
   Кожа
  </material>
  <price>
   694031
  </price>
  <rating>
   2.7
  </rating>
  <reviews>
   952368
  </reviews>
  <sporty>
   no
  </sporty>
 </clothing>
 <clothing>
  <id>
   663208822
  </id>
  <name>
   New Balance Jacket O-1815
  </name>
  <category>
   Jacket
  </category>
  <size>
   M
  </size>
  <color>
   Оранжевый
  </color>
  <material>
   Вискоза
  </material>
  <price>
   189600
  </price>
  <rating>
   1.39
  </rating>
  <reviews>
   155013
  </reviews>
  <exclusive>
   yes
  </exclusive>
  <sporty>
   no
  </sporty>
 </clothing>
 <clothing>
  <id>
   360718262
  </id>
  <name>
   Fila Skirt H-3859
  </name>
  <category>
   Skirt
  </category>
  <size>
   L
  </size>
  <color>
   Голубой
  </color>
  <material>
   Шелк
  </material>
  <price>
   890746
  </price>
  <rating>
   1.64
  </rating>
  <reviews>
   98008
  </reviews>
  <new>
   +
  </new>
  <exclusive>
   no
  </exclusive>
  <sporty>
   no
  </sporty>
 </clothing>
 <clothing>
  <id>
   679343511
  </id>
  <name>
   Fila Belts V-8965
  </name>
  <category>
   Belts
  </category>
  <size>
   L
  </size>
  <color>
   Желтый
  </color>
  <material>
   Вискоза
  </material>
  <price>
   442509
  </price>
  <rating>
   1.28
  </rating>
  <reviews>
   82506
  </reviews>
  <exclusive>
   no
  </exclusive>
  <sporty>
   no
  </sporty>
 </clothing>
 <clothing>
  <id>
   208835821
  </id>
  <name>
   New Balance Shoes B-5740
  </name>
  <category>
   Shoes
  </category>
  <size>
   XXL
  </size>
  <color>
   Синий
  </color>
  <material>
   Шелк
  </material>
  <price>
   374849
  </price>
  <rating>
   2.78
  </rating>
  <reviews>
   73934
  </reviews>
  <exclusive>
   no
  </exclusive>
 </clothing>
 <clothing>
  <id>
   146209002
  </id>
  <name>
   Asics Umbrellas F-9497
  </name>
  <category>
   Umbrellas
  </category>
  <size>
   XL
  </size>
  <color>
   Красный
  </color>
  <material>
   Шерсть
  </material>
  <price>
   399293
  </price>
  <rating>
   2.37
  </rating>
  <reviews>
   505946
  </reviews>
  <new>
   +
  </new>
  <sporty>
   yes
  </sporty>
 </clothing>
 <clothing>
  <id>
   893428210
  </id>
  <name>
   Asics Handbags T-4853
  </name>
  <category>
   Handbags
  </category>
  <size>
   M
  </size>
  <color>
   Желтый
  </color>
  <material>
   Кожа
  </material>
  <price>
   845190
  </price>
  <rating>
   4.98
  </rating>
  <reviews>
   131473
  </reviews>
  <exclusive>
   no
  </exclusive>
  <sporty>
   yes
  </sporty>
 </clothing>
 <clothing>
  <id>
   936938323
  </id>
  <name>
   Nike Handbags U-7007
  </name>
  <category>
   Handbags
  </category>
  <size>
   M
  </size>
  <color>
   Голубой
  </color>
  <material>
   Полиэстер
  </material>
  <price>
   354492
  </price>
  <rating>
   3.34
  </rating>
  <reviews>
   946829
  </reviews>
  <new>
   -
  </new>
  <exclusive>
   no
  </exclusive>
  <sporty>
   no
  </sporty>
 </clothing>
 <clothing>
  <id>
   767337478
  </id>
  <name>
   Addidas Handbags O-3894
  </name>
  <category>
   Handbags
  </category>
  <size>
   M
  </size>
  <color>
   Желтый
  </color>
  <material>
   Шерсть
  </material>
  <price>
   468219
  </price>
  <rating>
   4.55
  </rating>
  <reviews>
   985925
  </reviews>
 </clothing>
 <clothing>
  <id>
   863428466
  </id>
  <name>
   Nike Umbrellas J-7057
  </name>
  <category>
   Umbrellas
  </category>
  <size>
   L
  </size>
  <color>
   Голубой
  </color>
  <material>
   Нейлон
  </material>
  <price>
   172967
  </price>
  <rating>
   3.79
  </rating>
  <reviews>
   965171
  </reviews>
  <sporty>
   no
  </sporty>
 </clothing>
 <clothing>
  <id>
   596981190
  </id>
  <name>
   DC T-shirt B-1525
  </name>
  <category>
   T-shirt
  </category>
  <size>
   L
  </size>
  <color>
   Оранжевый
  </color>
  <material>
   Кожа
  </material>
  <price>
   948423
  </price>
  <rating>
   1.95
  </rating>
  <reviews>
   75165
  </reviews>
  <new>
   +
  </new>
  <exclusive>
   no
  </exclusive>
 </clothing>
 <clothing>
  <id>
   636063236
  </id>
  <name>
   Lacoste Shirt B-1788
  </name>
  <category>
   Shirt
  </category>
  <size>
   XL
  </size>
  <color>
   Оранжевый
  </color>
  <material>
   Шелк
  </material>
  <price>
   932607
  </price>
  <rating>
   2.96
  </rating>
  <reviews>
   286463
  </reviews>
  <new>
   -
  </new>
  <exclusive>
   yes
  </exclusive>
 </clothing>
 <clothing>
  <id>
   200669849
  </id>
  <name>
   Vans Blouse G-8714
  </name>
  <category>
   Blouse
  </category>
  <size>
   L
  </size>
  <color>
   Оранжевый
  </color>
  <material>
   Кожа
  </material>
  <price>
   547644
  </price>
  <rating>
   1.74
  </rating>
  <reviews>
   177751
  </reviews>
  <new>
   -
  </new>
  <exclusive>
   yes
  </exclusive>
  <sporty>
   yes
  </sporty>
 </clothing>
 <clothing>
  <id>
   578789645
  </id>
  <name>
   PleinSport Shoes D-5711
  </name>
  <category>
   Shoes
  </category>
  <size>
   S
  </size>
  <color>
   Синий
  </color>
  <material>
   Вискоза
  </material>
  <price>
   749821
  </price>
  <rating>
   4.93
  </rating>
  <reviews>
   758562
  </reviews>
  <new>
   -
  </new>
  <exclusive>
   no
  </exclusive>
  <sporty>
   no
  </sporty>
 </clothing>
 <clothing>
  <id>
   825570802
  </id>
  <name>
   Nike Blouse V-8646
  </name>
  <category>
   Blouse
  </category>
  <size>
   M
  </size>
  <color>
   Оранжевый
  </color>
  <material>
   Полиэстер
  </material>
  <price>
   850358
  </price>
  <rating>
   1.63
  </rating>
  <reviews>
   593136
  </reviews>
  <new>
   +
  </new>
  <sporty>
   yes
  </sporty>
 </clothing>
 <clothing>
  <id>
   320744651
  </id>
  <name>
   Vans T-shirt I-8308
  </name>
  <category>
   T-shirt
  </category>
  <size>
   L
  </size>
  <color>
   Зеленый
  </color>
  <material>
   Хлопок
  </material>
  <price>
   440452
  </price>
  <rating>
   1.51
  </rating>
  <reviews>
   560744
  </reviews>
  <new>
   -
  </new>
  <exclusive>
   no
  </exclusive>
  <sporty>
   yes
  </sporty>
 </clothing>
 <clothing>
  <id>
   342020628
  </id>
  <name>
   Brooks Jeans L-5283
  </name>
  <category>
   Jeans
  </category>
  <size>
   L
  </size>
  <color>
   Оранжевый
  </color>
  <material>
   Кожа
  </material>
  <price>
   505973
  </price>
  <rating>
   1.8
  </rating>
  <reviews>
   148732
  </reviews>
  <new>
   -
  </new>
  <sporty>
   no
  </sporty>
 </clothing>
 <clothing>
  <id>
   566746543
  </id>
  <name>
   Puma Shirt R-9474
  </name>
  <category>
   Shirt
  </category>
  <size>
   M
  </size>
  <color>
   Красный
  </color>
  <material>
   Полиэстер
  </material>
  <price>
   709178
  </price>
  <rating>
   2.26
  </rating>
  <reviews>
   422494
  </reviews>
  <exclusive>
   no
  </exclusive>
  <sporty>
   no
  </sporty>
 </clothing>
 <clothing>
  <id>
   398054140
  </id>
  <name>
   DC Gloves Y-6643
  </name>
  <category>
   Gloves
  </category>
  <size>
   L
  </size>
  <color>
   Оранжевый
  </color>
  <material>
   Шерсть
  </material>
  <price>
   353362
  </price>
  <rating>
   4.53
  </rating>
  <reviews>
   80242
  </reviews>
  <new>
   -
  </new>
 </clothing>
 <clothing>
  <id>
   912958216
  </id>
  <name>
   Under Armour Gloves Z-2182
  </name>
  <category>
   Gloves
  </category>
  <size>
   XXL
  </size>
  <color>
   Голубой
  </color>
  <material>
   Хлопок
  </material>
  <price>
   367835
  </price>
  <rating>
   2.78
  </rating>
  <reviews>
   807846
  </reviews>
  <new>
   -
  </new>
  <exclusive>
   no
  </exclusive>
  <sporty>
   no
  </sporty>
 </clothing>
 <clothing>
  <id>
   234160400
  </id>
  <name>
   Ellesse Handbags S-9756
  </name>
  <category>
   Handbags
  </category>
  <size>
   M
  </size>
  <color>
   Красный
  </color>
  <material>
   Кожа
  </material>
  <price>
   298063
  </price>
  <rating>
   4.81
  </rating>
  <reviews>
   763551
  </reviews>
  <new>
   -
  </new>
  <sporty>
   no
  </sporty>
 </clothing>
 <clothing>
  <id>
   542923988
  </id>
  <name>
   Vans Hat V-2825
  </name>
  <category>
   Hat
  </category>
  <size>
   L
  </size>
  <color>
   Желтый
  </color>
  <material>
   Хлопок
  </material>
  <price>
   608213
  </price>
  <rating>
   4.98
  </rating>
  <reviews>
   729003
  </reviews>
  <new>
   -
  </new>
 </clothing>
 <clothing>
  <id>
   778788599
  </id>
  <name>
   Vans T-shirt C-1237
  </name>
  <category>
   T-shirt
  </category>
  <size>
   L
  </size>
  <color>
   Красный
  </color>
  <material>
   Шерсть
  </material>
  <price>
   178543
  </price>
  <rating>
   1.4
  </rating>
  <reviews>
   456031
  </reviews>
  <new>
   -
  </new>
 </clothing>
 <clothing>
  <id>
   116080437
  </id>
  <name>
   Nike Belts Q-2530
  </name>
  <category>
   Belts
  </category>
  <size>
   L
  </size>
  <color>
   Зеленый
  </color>
  <material>
   Шерсть
  </material>
  <price>
   904127
  </price>
  <rating>
   2.86
  </rating>
  <reviews>
   206678
  </reviews>
  <new>
   -
  </new>
  <exclusive>
   no
  </exclusive>
  <sporty>
   no
  </sporty>
 </clothing>
 <clothing>
  <id>
   835872910
  </id>
  <name>
   Ellesse T-shirt M-6257
  </name>
  <category>
   T-shirt
  </category>
  <size>
   XL
  </size>
  <color>
   Оранжевый
  </color>
  <material>
   Нейлон
  </material>
  <price>
   320776
  </price>
  <rating>
   2.96
  </rating>
  <reviews>
   306951
  </reviews>
  <new>
   -
  </new>
  <exclusive>
   no
  </exclusive>
  <sporty>
   no
  </sporty>
 </clothing>
 <clothing>
  <id>
   584031071
  </id>
  <name>
   Puma Jacket F-1156
  </name>
  <category>
   Jacket
  </category>
  <size>
   S
  </size>
  <color>
   Красный
  </color>
  <material>
   Шерсть
  </material>
  <price>
   596864
  </price>
  <rating>
   3.3
  </rating>
  <reviews>
   413466
  </reviews>
  <new>
   +
  </new>
  <exclusive>
   no
  </exclusive>
 </clothing>
 <clothing>
  <id>
   245531058
  </id>
  <name>
   Lacoste Shirt Z-8950
  </name>
  <category>
   Shirt
  </category>
  <size>
   L
  </size>
  <color>
   Синий
  </color>
  <material>
   Кожа
  </material>
  <price>
   751129
  </price>
  <rating>
   3.36
  </rating>
  <reviews>
   114712
  </reviews>
  <new>
   +
  </new>
  <sporty>
   no
  </sporty>
 </clothing>
 <clothing>
  <id>
   514486925
  </id>
  <name>
   Adidas T-shirt L-9810
  </name>
  <category>
   T-shirt
  </category>
  <size>
   XXL
  </size>
  <color>
   Оранжевый
  </color>
  <material>
   Кожа
  </material>
  <price>
   569145
  </price>
  <rating>
   3.31
  </rating>
  <reviews>
   309815
  </reviews>
  <new>
   +
  </new>
 </clothing>
 <clothing>
  <id>
   532364238
  </id>
  <name>
   Puma Jacket U-4320
  </name>
  <category>
   Jacket
  </category>
  <size>
   XXL
  </size>
  <color>
   Фиолетовый
  </color>
  <material>
   Шелк
  </material>
  <price>
   430511
  </price>
  <rating>
   3.05
  </rating>
  <reviews>
   462277
  </reviews>
  <new>
   -
  </new>
  <exclusive>
   no
  </exclusive>
  <sporty>
   yes
  </sporty>
 </clothing>
 <clothing>
  <id>
   586784827
  </id>
  <name>
   Puma Shirt D-1138
  </name>
  <category>
   Shirt
  </category>
  <size>
   M
  </size>
  <color>
   Зеленый
  </color>
  <material>
   Шерсть
  </material>
  <price>
   805850
  </price>
  <rating>
   2.2
  </rating>
  <reviews>
   156612
  </reviews>
  <new>
   -
  </new>
  <exclusive>
   yes
  </exclusive>
  <sporty>
   no
  </sporty>
 </clothing>
 <clothing>
  <id>
   874336673
  </id>
  <name>
   Addidas Blouse P-2994
  </name>
  <category>
   Blouse
  </category>
  <size>
   L
  </size>
  <color>
   Фиолетовый
  </color>
  <material>
   Нейлон
  </material>
  <price>
   433734
  </price>
  <rating>
   1.82
  </rating>
  <reviews>
   898407
  </reviews>
 </clothing>
 <clothing>
  <id>
   220136558
  </id>
  <name>
   Brooks Socks V-3265
  </name>
  <category>
   Socks
  </category>
  <size>
   XL
  </size>
  <color>
   Зеленый
  </color>
  <material>
   Шелк
  </material>
  <price>
   750059
  </price>
  <rating>
   2.61
  </rating>
  <reviews>
   120739
  </reviews>
  <sporty>
   yes
  </sporty>
 </clothing>
 <clothing>
  <id>
   221393730
  </id>
  <name>
   Fila Jeans G-5652
  </name>
  <category>
   Jeans
  </category>
  <size>
   XL
  </size>
  <color>
   Оранжевый
  </color>
  <material>
   Шелк
  </material>
  <price>
   505849
  </price>
  <rating>
   1.11
  </rating>
  <reviews>
   59370
  </reviews>
  <new>
   -
  </new>
  <sporty>
   yes
  </sporty>
 </clothing>
 <clothing>
  <id>
   398644765
  </id>
  <name>
   Puma Gloves W-7397
  </name>
  <category>
   Gloves
  </category>
  <size>
   XL
  </size>
  <color>
   Фиолетовый
  </color>
  <material>
   Шелк
  </material>
  <price>
   587491
  </price>
  <rating>
   2.83
  </rating>
  <reviews>
   683970
  </reviews>
  <new>
   -
  </new>
  <sporty>
   no
  </sporty>
 </clothing>
 <clothing>
  <id>
   399130800
  </id>
  <name>
   Reebok Socks E-5337
  </name>
  <category>
   Socks
  </category>
  <size>
   L
  </size>
  <color>
   Голубой
  </color>
  <material>
   Хлопок
  </material>
  <price>
   792947
  </price>
  <rating>
   2.84
  </rating>
  <reviews>
   921221
  </reviews>
  <new>
   -
  </new>
  <sporty>
   no
  </sporty>
 </clothing>
 <clothing>
  <id>
   444848088
  </id>
  <name>
   Brooks Hat R-3303
  </name>
  <category>
   Hat
  </category>
  <size>
   M
  </size>
  <color>
   Оранжевый
  </color>
  <material>
   Хлопок
  </material>
  <price>
   555628
  </price>
  <rating>
   4.09
  </rating>
  <reviews>
   79289
  </reviews>
  <new>
   -
  </new>
  <exclusive>
   yes
  </exclusive>
  <sporty>
   no
  </sporty>
 </clothing>
 <clothing>
  <id>
   177602546
  </id>
  <name>
   Under Armour Blouse E-4254
  </name>
  <category>
   Blouse
  </category>
  <size>
   S
  </size>
  <color>
   Фиолетовый
  </color>
  <material>
   Нейлон
  </material>
  <price>
   264082
  </price>
  <rating>
   1.82
  </rating>
  <reviews>
   15992
  </reviews>
  <exclusive>
   no
  </exclusive>
 </clothing>
 <clothing>
  <id>
   691267082
  </id>
  <name>
   New Balance Sweater O-9839
  </name>
  <category>
   Sweater
  </category>
  <size>
   XL
  </size>
  <color>
   Красный
  </color>
  <material>
   Шерсть
  </material>
  <price>
   678897
  </price>
  <rating>
   4.54
  </rating>
  <reviews>
   525246
  </reviews>
  <new>
   +
  </new>
  <sporty>
   yes
  </sporty>
 </clothing>
 <clothing>
  <id>
   930011909
  </id>
  <name>
   Under Armour Skirt M-2319
  </name>
  <category>
   Skirt
  </category>
  <size>
   L
  </size>
  <color>
   Синий
  </color>
  <material>
   Лен
  </material>
  <price>
   285982
  </price>
  <rating>
   3.34
  </rating>
  <reviews>
   741484
  </reviews>
  <new>
   +
  </new>
  <exclusive>
   no
  </exclusive>
 </clothing>
 <clothing>
  <id>
   300779469
  </id>
  <name>
   Vans Hat U-5132
  </name>
  <category>
   Hat
  </category>
  <size>
   XL
  </size>
  <color>
   Оранжевый
  </color>
  <material>
   Лен
  </material>
  <price>
   616288
  </price>
  <rating>
   1.85
  </rating>
  <reviews>
   154833
  </reviews>
  <exclusive>
   no
  </exclusive>
  <sporty>
   no
  </sporty>
 </clothing>
 <clothing>
  <id>
   666431825
  </id>
  <name>
   Fila Socks C-8308
  </name>
  <category>
   Socks
  </category>
  <size>
   M
  </size>
  <color>
   Зеленый
  </color>
  <material>
   Нейлон
  </material>
  <price>
   743874
  </price>
  <rating>
   3.84
  </rating>
  <reviews>
   906385
  </reviews>
  <new>
   -
  </new>
 </clothing>
 <clothing>
  <id>
   229801806
  </id>
  <name>
   Under Armour Socks X-3756
  </name>
  <category>
   Socks
  </category>
  <size>
   M
  </size>
  <color>
   Оранжевый
  </color>
  <material>
   Шелк
  </material>
  <price>
   622066
  </price>
  <rating>
   2.75
  </rating>
  <reviews>
   198471
  </reviews>
  <new>
   +
  </new>
  <exclusive>
   no
  </exclusive>
 </clothing>
 <clothing>
  <id>
   622938748
  </id>
  <name>
   New Balance Jeans T-1999
  </name>
  <category>
   Jeans
  </category>
  <size>
   S
  </size>
  <color>
   Синий
  </color>
  <material>
   Шерсть
  </material>
  <price>
   553994
  </price>
  <rating>
   4.79
  </rating>
  <reviews>
   79749
  </reviews>
  <new>
   -
  </new>
  <exclusive>
   yes
  </exclusive>
  <sporty>
   no
  </sporty>
 </clothing>
 <clothing>
  <id>
   789620080
  </id>
  <name>
   New Balance Shirt R-2182
  </name>
  <category>
   Shirt
  </category>
  <size>
   XXL
  </size>
  <color>
   Фиолетовый
  </color>
  <material>
   Вискоза
  </material>
  <price>
   645615
  </price>
  <rating>
   2.31
  </rating>
  <reviews>
   826984
  </reviews>
  <new>
   -
  </new>
  <exclusive>
   no
  </exclusive>
 </clothing>
 <clothing>
  <id>
   356399027
  </id>
  <name>
   Fila Pants K-6973
  </name>
  <category>
   Pants
  </category>
  <size>
   M
  </size>
  <color>
   Зеленый
  </color>
  <material>
   Шелк
  </material>
  <price>
   170281
  </price>
  <rating>
   2.1
  </rating>
  <reviews>
   713682
  </reviews>
  <exclusive>
   no
  </exclusive>
  <sporty>
   no
  </sporty>
 </clothing>
</clothing-items>
