<?xml version="1.0" encoding="utf-8"?>
<clothing-items>
 <clothing>
  <id>
   492893741
  </id>
  <name>
   Lacoste Pants U-2816
  </name>
  <category>
   Pants
  </category>
  <size>
   M
  </size>
  <color>
   Фиолетовый
  </color>
  <material>
   Шерсть
  </material>
  <price>
   387883
  </price>
  <rating>
   4.16
  </rating>
  <reviews>
   805460
  </reviews>
  <new>
   -
  </new>
  <exclusive>
   yes
  </exclusive>
 </clothing>
 <clothing>
  <id>
   281587315
  </id>
  <name>
   Reebok Skirt H-3457
  </name>
  <category>
   Skirt
  </category>
  <size>
   S
  </size>
  <color>
   Голубой
  </color>
  <material>
   Лен
  </material>
  <price>
   850438
  </price>
  <rating>
   2.55
  </rating>
  <reviews>
   723583
  </reviews>
  <exclusive>
   yes
  </exclusive>
  <sporty>
   yes
  </sporty>
 </clothing>
 <clothing>
  <id>
   663976154
  </id>
  <name>
   Reebok Shirt X-4537
  </name>
  <category>
   Shirt
  </category>
  <size>
   S
  </size>
  <color>
   Красный
  </color>
  <material>
   Лен
  </material>
  <price>
   183831
  </price>
  <rating>
   4.3
  </rating>
  <reviews>
   189489
  </reviews>
  <exclusive>
   no
  </exclusive>
  <sporty>
   yes
  </sporty>
 </clothing>
 <clothing>
  <id>
   687252872
  </id>
  <name>
   Vans Umbrellas M-2174
  </name>
  <category>
   Umbrellas
  </category>
  <size>
   XXL
  </size>
  <color>
   Оранжевый
  </color>
  <material>
   Шелк
  </material>
  <price>
   349975
  </price>
  <rating>
   1.68
  </rating>
  <reviews>
   93999
  </reviews>
  <exclusive>
   no
  </exclusive>
  <sporty>
   yes
  </sporty>
 </clothing>
 <clothing>
  <id>
   795439027
  </id>
  <name>
   Nike Socks L-9656
  </name>
  <category>
   Socks
  </category>
  <size>
   XXL
  </size>
  <color>
   Оранжевый
  </color>
  <material>
   Кожа
  </material>
  <price>
   816775
  </price>
  <rating>
   1.16
  </rating>
  <reviews>
   210754
  </reviews>
  <new>
   -
  </new>
  <exclusive>
   no
  </exclusive>
 </clothing>
 <clothing>
  <id>
   382125142
  </id>
  <name>
   Reebok Jeans J-7376
  </name>
  <category>
   Jeans
  </category>
  <size>
   XL
  </size>
  <color>
   Голубой
  </color>
  <material>
   Нейлон
  </material>
  <price>
   681623
  </price>
  <rating>
   2.18
  </rating>
  <reviews>
   229016
  </reviews>
  <new>
   -
  </new>
  <sporty>
   no
  </sporty>
 </clothing>
 <clothing>
  <id>
   283728088
  </id>
  <name>
   Asics Shoes G-5734
  </name>
  <category>
   Shoes
  </category>
  <size>
   M
  </size>
  <color>
   Желтый
  </color>
  <material>
   Шелк
  </material>
  <price>
   521304
  </price>
  <rating>
   2.29
  </rating>
  <reviews>
   311438
  </reviews>
  <new>
   -
  </new>
 </clothing>
 <clothing>
  <id>
   596172226
  </id>
  <name>
   Addidas Skirt J-6614
  </name>
  <category>
   Skirt
  </category>
  <size>
   XXL
  </size>
  <color>
   Красный
  </color>
  <material>
   Лен
  </material>
  <price>
   893501
  </price>
  <rating>
   2.47
  </rating>
  <reviews>
   989716
  </reviews>
  <exclusive>
   no
  </exclusive>
 </clothing>
 <clothing>
  <id>
   190005119
  </id>
  <name>
   Addidas Jacket M-1493
  </name>
  <category>
   Jacket
  </category>
  <size>
   L
  </size>
  <color>
   Голубой
  </color>
  <material>
   Кожа
  </material>
  <price>
   691062
  </price>
  <rating>
   3.26
  </rating>
  <reviews>
   995771
  </reviews>
  <sporty>
   no
  </sporty>
 </clothing>
 <clothing>
  <id>
   683183017
  </id>
  <name>
   Brooks Socks D-3077
  </name>
  <category>
   Socks
  </category>
  <size>
   XXL
  </size>
  <color>
   Голубой
  </color>
  <material>
   Шелк
  </material>
  <price>
   862077
  </price>
  <rating>
   4.56
  </rating>
  <reviews>
   943436
  </reviews>
  <new>
   -
  </new>
  <sporty>
   no
  </sporty>
 </clothing>
 <clothing>
  <id>
   723963808
  </id>
  <name>
   Ellesse Hat G-3761
  </name>
  <category>
   Hat
  </category>
  <size>
   M
  </size>
  <color>
   Желтый
  </color>
  <material>
   Вискоза
  </material>
  <price>
   156057
  </price>
  <rating>
   3.69
  </rating>
  <reviews>
   343536
  </reviews>
  <exclusive>
   no
  </exclusive>
  <sporty>
   yes
  </sporty>
 </clothing>
 <clothing>
  <id>
   130851319
  </id>
  <name>
   PleinSport Jeans L-3079
  </name>
  <category>
   Jeans
  </category>
  <size>
   XL
  </size>
  <color>
   Оранжевый
  </color>
  <material>
   Нейлон
  </material>
  <price>
   908706
  </price>
  <rating>
   1.96
  </rating>
  <reviews>
   610010
  </reviews>
  <new>
   -
  </new>
 </clothing>
 <clothing>
  <id>
   801764932
  </id>
  <name>
   Asics Socks V-2547
  </name>
  <category>
   Socks
  </category>
  <size>
   XXL
  </size>
  <color>
   Зеленый
  </color>
  <material>
   Вискоза
  </material>
  <price>
   315402
  </price>
  <rating>
   3.87
  </rating>
  <reviews>
   484816
  </reviews>
  <new>
   -
  </new>
  <exclusive>
   no
  </exclusive>
 </clothing>
 <clothing>
  <id>
   699265746
  </id>
  <name>
   Reebok Socks T-3239
  </name>
  <category>
   Socks
  </category>
  <size>
   XL
  </size>
  <color>
   Синий
  </color>
  <material>
   Кожа
  </material>
  <price>
   510170
  </price>
  <rating>
   2.52
  </rating>
  <reviews>
   104227
  </reviews>
  <new>
   -
  </new>
  <exclusive>
   yes
  </exclusive>
 </clothing>
 <clothing>
  <id>
   145978924
  </id>
  <name>
   Fila Sweater R-8553
  </name>
  <category>
   Sweater
  </category>
  <size>
   XL
  </size>
  <color>
   Красный
  </color>
  <material>
   Хлопок
  </material>
  <price>
   440845
  </price>
  <rating>
   1.1
  </rating>
  <reviews>
   531638
  </reviews>
  <exclusive>
   no
  </exclusive>
  <sporty>
   yes
  </sporty>
 </clothing>
 <clothing>
  <id>
   216489426
  </id>
  <name>
   DC T-shirt P-6591
  </name>
  <category>
   T-shirt
  </category>
  <size>
   L
  </size>
  <color>
   Синий
  </color>
  <material>
   Лен
  </material>
  <price>
   969581
  </price>
  <rating>
   4.12
  </rating>
  <reviews>
   812227
  </reviews>
  <exclusive>
   yes
  </exclusive>
  <sporty>
   yes
  </sporty>
 </clothing>
 <clothing>
  <id>
   481361414
  </id>
  <name>
   Reebok Jeans H-6139
  </name>
  <category>
   Jeans
  </category>
  <size>
   M
  </size>
  <color>
   Фиолетовый
  </color>
  <material>
   Шерсть
  </material>
  <price>
   310291
  </price>
  <rating>
   2.38
  </rating>
  <reviews>
   128219
  </reviews>
  <new>
   -
  </new>
  <exclusive>
   no
  </exclusive>
  <sporty>
   no
  </sporty>
 </clothing>
 <clothing>
  <id>
   506469665
  </id>
  <name>
   Reebok Blouse C-8237
  </name>
  <category>
   Blouse
  </category>
  <size>
   M
  </size>
  <color>
   Зеленый
  </color>
  <material>
   Хлопок
  </material>
  <price>
   261277
  </price>
  <rating>
   4.19
  </rating>
  <reviews>
   530049
  </reviews>
  <exclusive>
   no
  </exclusive>
 </clothing>
 <clothing>
  <id>
   815976586
  </id>
  <name>
   Brooks Jeans C-8410
  </name>
  <category>
   Jeans
  </category>
  <size>
   L
  </size>
  <color>
   Желтый
  </color>
  <material>
   Шелк
  </material>
  <price>
   663661
  </price>
  <rating>
   1.76
  </rating>
  <reviews>
   376014
  </reviews>
  <exclusive>
   yes
  </exclusive>
  <sporty>
   no
  </sporty>
 </clothing>
 <clothing>
  <id>
   941015809
  </id>
  <name>
   Reebok Hat X-8254
  </name>
  <category>
   Hat
  </category>
  <size>
   M
  </size>
  <color>
   Оранжевый
  </color>
  <material>
   Кожа
  </material>
  <price>
   211904
  </price>
  <rating>
   1.53
  </rating>
  <reviews>
   690059
  </reviews>
  <new>
   -
  </new>
  <sporty>
   no
  </sporty>
 </clothing>
 <clothing>
  <id>
   368451667
  </id>
  <name>
   Under Armour Handbags L-3382
  </name>
  <category>
   Handbags
  </category>
  <size>
   XL
  </size>
  <color>
   Синий
  </color>
  <material>
   Лен
  </material>
  <price>
   118008
  </price>
  <rating>
   3.67
  </rating>
  <reviews>
   582998
  </reviews>
  <exclusive>
   no
  </exclusive>
  <sporty>
   no
  </sporty>
 </clothing>
 <clothing>
  <id>
   250859507
  </id>
  <name>
   Under Armour Gloves D-9185
  </name>
  <category>
   Gloves
  </category>
  <size>
   M
  </size>
  <color>
   Желтый
  </color>
  <material>
   Вискоза
  </material>
  <price>
   133454
  </price>
  <rating>
   2.04
  </rating>
  <reviews>
   422960
  </reviews>
  <exclusive>
   no
  </exclusive>
  <sporty>
   no
  </sporty>
 </clothing>
 <clothing>
  <id>
   548577638
  </id>
  <name>
   Converse Hat K-8430
  </name>
  <category>
   Hat
  </category>
  <size>
   XL
  </size>
  <color>
   Синий
  </color>
  <material>
   Полиэстер
  </material>
  <price>
   224132
  </price>
  <rating>
   4.32
  </rating>
  <reviews>
   516027
  </reviews>
  <new>
   +
  </new>
  <exclusive>
   yes
  </exclusive>
  <sporty>
   no
  </sporty>
 </clothing>
 <clothing>
  <id>
   439683085
  </id>
  <name>
   Vans Sweater P-5022
  </name>
  <category>
   Sweater
  </category>
  <size>
   L
  </size>
  <color>
   Оранжевый
  </color>
  <material>
   Кожа
  </material>
  <price>
   116007
  </price>
  <rating>
   4.85
  </rating>
  <reviews>
   368213
  </reviews>
  <new>
   +
  </new>
 </clothing>
 <clothing>
  <id>
   544626854
  </id>
  <name>
   Reebok Blouse V-6138
  </name>
  <category>
   Blouse
  </category>
  <size>
   L
  </size>
  <color>
   Оранжевый
  </color>
  <material>
   Хлопок
  </material>
  <price>
   695442
  </price>
  <rating>
   3.71
  </rating>
  <reviews>
   335854
  </reviews>
  <sporty>
   no
  </sporty>
 </clothing>
 <clothing>
  <id>
   376608022
  </id>
  <name>
   Lacoste T-shirt R-8315
  </name>
  <category>
   T-shirt
  </category>
  <size>
   M
  </size>
  <color>
   Фиолетовый
  </color>
  <material>
   Нейлон
  </material>
  <price>
   562079
  </price>
  <rating>
   3.75
  </rating>
  <reviews>
   928787
  </reviews>
  <exclusive>
   no
  </exclusive>
  <sporty>
   yes
  </sporty>
 </clothing>
 <clothing>
  <id>
   873006106
  </id>
  <name>
   Nike Blouse O-4072
  </name>
  <category>
   Blouse
  </category>
  <size>
   XL
  </size>
  <color>
   Красный
  </color>
  <material>
   Кожа
  </material>
  <price>
   324574
  </price>
  <rating>
   3.53
  </rating>
  <reviews>
   157463
  </reviews>
  <new>
   +
  </new>
  <exclusive>
   no
  </exclusive>
 </clothing>
 <clothing>
  <id>
   882282120
  </id>
  <name>
   Adidas Shirt N-7863
  </name>
  <category>
   Shirt
  </category>
  <size>
   M
  </size>
  <color>
   Красный
  </color>
  <material>
   Нейлон
  </material>
  <price>
   348716
  </price>
  <rating>
   1.0
  </rating>
  <reviews>
   182635
  </reviews>
  <new>
   -
  </new>
  <exclusive>
   no
  </exclusive>
  <sporty>
   yes
  </sporty>
 </clothing>
 <clothing>
  <id>
   875632909
  </id>
  <name>
   PleinSport T-shirt N-1828
  </name>
  <category>
   T-shirt
  </category>
  <size>
   L
  </size>
  <color>
   Синий
  </color>
  <material>
   Шелк
  </material>
  <price>
   413485
  </price>
  <rating>
   2.15
  </rating>
  <reviews>
   744712
  </reviews>
  <new>
   -
  </new>
  <exclusive>
   no
  </exclusive>
  <sporty>
   no
  </sporty>
 </clothing>
 <clothing>
  <id>
   553296425
  </id>
  <name>
   Lacoste Gloves Q-3292
  </name>
  <category>
   Gloves
  </category>
  <size>
   S
  </size>
  <color>
   Зеленый
  </color>
  <material>
   Лен
  </material>
  <price>
   722547
  </price>
  <rating>
   4.59
  </rating>
  <reviews>
   640406
  </reviews>
  <exclusive>
   no
  </exclusive>
  <sporty>
   yes
  </sporty>
 </clothing>
 <clothing>
  <id>
   478442454
  </id>
  <name>
   Asics Pants G-5120
  </name>
  <category>
   Pants
  </category>
  <size>
   XL
  </size>
  <color>
   Фиолетовый
  </color>
  <material>
   Нейлон
  </material>
  <price>
   511704
  </price>
  <rating>
   3.71
  </rating>
  <reviews>
   112623
  </reviews>
  <sporty>
   no
  </sporty>
 </clothing>
 <clothing>
  <id>
   752124783
  </id>
  <name>
   Adidas Sweater R-8698
  </name>
  <category>
   Sweater
  </category>
  <size>
   XXL
  </size>
  <color>
   Голубой
  </color>
  <material>
   Шерсть
  </material>
  <price>
   247795
  </price>
  <rating>
   2.55
  </rating>
  <reviews>
   654601
  </reviews>
  <new>
   -
  </new>
  <exclusive>
   no
  </exclusive>
 </clothing>
 <clothing>
  <id>
   942053832
  </id>
  <name>
   DC Jeans A-4718
  </name>
  <category>
   Jeans
  </category>
  <size>
   L
  </size>
  <color>
   Голубой
  </color>
  <material>
   Шерсть
  </material>
  <price>
   409062
  </price>
  <rating>
   4.41
  </rating>
  <reviews>
   1644
  </reviews>
 </clothing>
 <clothing>
  <id>
   733643414
  </id>
  <name>
   Adidas Handbags O-8710
  </name>
  <category>
   Handbags
  </category>
  <size>
   XL
  </size>
  <color>
   Синий
  </color>
  <material>
   Шерсть
  </material>
  <price>
   148115
  </price>
  <rating>
   2.9
  </rating>
  <reviews>
   221293
  </reviews>
  <sporty>
   no
  </sporty>
 </clothing>
 <clothing>
  <id>
   337516821
  </id>
  <name>
   Under Armour Sweater I-2902
  </name>
  <category>
   Sweater
  </category>
  <size>
   S
  </size>
  <color>
   Желтый
  </color>
  <material>
   Вискоза
  </material>
  <price>
   327677
  </price>
  <rating>
   2.67
  </rating>
  <reviews>
   85817
  </reviews>
  <new>
   +
  </new>
  <sporty>
   no
  </sporty>
 </clothing>
 <clothing>
  <id>
   319256310
  </id>
  <name>
   New Balance Skirt U-3425
  </name>
  <category>
   Skirt
  </category>
  <size>
   XXL
  </size>
  <color>
   Оранжевый
  </color>
  <material>
   Шерсть
  </material>
  <price>
   949775
  </price>
  <rating>
   2.75
  </rating>
  <reviews>
   346420
  </reviews>
  <new>
   +
  </new>
  <exclusive>
   no
  </exclusive>
  <sporty>
   yes
  </sporty>
 </clothing>
 <clothing>
  <id>
   113303194
  </id>
  <name>
   Ellesse Jeans Q-6571
  </name>
  <category>
   Jeans
  </category>
  <size>
   M
  </size>
  <color>
   Зеленый
  </color>
  <material>
   Полиэстер
  </material>
  <price>
   227750
  </price>
  <rating>
   1.77
  </rating>
  <reviews>
   912809
  </reviews>
  <new>
   -
  </new>
 </clothing>
 <clothing>
  <id>
   185868931
  </id>
  <name>
   Nike Hat M-5480
  </name>
  <category>
   Hat
  </category>
  <size>
   XL
  </size>
  <color>
   Зеленый
  </color>
  <material>
   Хлопок
  </material>
  <price>
   474637
  </price>
  <rating>
   1.11
  </rating>
  <reviews>
   783026
  </reviews>
  <sporty>
   no
  </sporty>
 </clothing>
 <clothing>
  <id>
   744728785
  </id>
  <name>
   Fila Gloves K-6327
  </name>
  <category>
   Gloves
  </category>
  <size>
   XXL
  </size>
  <color>
   Синий
  </color>
  <material>
   Лен
  </material>
  <price>
   473136
  </price>
  <rating>
   4.35
  </rating>
  <reviews>
   741523
  </reviews>
  <exclusive>
   yes
  </exclusive>
  <sporty>
   yes
  </sporty>
 </clothing>
 <clothing>
  <id>
   150918666
  </id>
  <name>
   Lacoste Umbrellas E-3955
  </name>
  <category>
   Umbrellas
  </category>
  <size>
   M
  </size>
  <color>
   Красный
  </color>
  <material>
   Хлопок
  </material>
  <price>
   773441
  </price>
  <rating>
   4.63
  </rating>
  <reviews>
   289215
  </reviews>
  <new>
   +
  </new>
 </clothing>
 <clothing>
  <id>
   191580196
  </id>
  <name>
   Reebok Jacket P-5423
  </name>
  <category>
   Jacket
  </category>
  <size>
   S
  </size>
  <color>
   Синий
  </color>
  <material>
   Шерсть
  </material>
  <price>
   774128
  </price>
  <rating>
   4.83
  </rating>
  <reviews>
   636164
  </reviews>
  <new>
   +
  </new>
  <exclusive>
   yes
  </exclusive>
  <sporty>
   no
  </sporty>
 </clothing>
 <clothing>
  <id>
   277555398
  </id>
  <name>
   Adidas Pants Q-1755
  </name>
  <category>
   Pants
  </category>
  <size>
   XXL
  </size>
  <color>
   Синий
  </color>
  <material>
   Полиэстер
  </material>
  <price>
   503544
  </price>
  <rating>
   2.89
  </rating>
  <reviews>
   951463
  </reviews>
  <new>
   -
  </new>
  <exclusive>
   no
  </exclusive>
  <sporty>
   no
  </sporty>
 </clothing>
 <clothing>
  <id>
   241990306
  </id>
  <name>
   Ellesse Blouse O-7730
  </name>
  <category>
   Blouse
  </category>
  <size>
   M
  </size>
  <color>
   Оранжевый
  </color>
  <material>
   Нейлон
  </material>
  <price>
   199399
  </price>
  <rating>
   1.63
  </rating>
  <reviews>
   86228
  </reviews>
  <new>
   +
  </new>
  <exclusive>
   no
  </exclusive>
  <sporty>
   no
  </sporty>
 </clothing>
 <clothing>
  <id>
   179128091
  </id>
  <name>
   Adidas Pants H-6785
  </name>
  <category>
   Pants
  </category>
  <size>
   XL
  </size>
  <color>
   Красный
  </color>
  <material>
   Нейлон
  </material>
  <price>
   158068
  </price>
  <rating>
   4.23
  </rating>
  <reviews>
   948712
  </reviews>
  <new>
   -
  </new>
  <exclusive>
   yes
  </exclusive>
 </clothing>
 <clothing>
  <id>
   143705217
  </id>
  <name>
   Under Armour Hat F-9209
  </name>
  <category>
   Hat
  </category>
  <size>
   S
  </size>
  <color>
   Оранжевый
  </color>
  <material>
   Хлопок
  </material>
  <price>
   489643
  </price>
  <rating>
   2.8
  </rating>
  <reviews>
   122075
  </reviews>
  <new>
   +
  </new>
  <exclusive>
   no
  </exclusive>
  <sporty>
   no
  </sporty>
 </clothing>
 <clothing>
  <id>
   764252524
  </id>
  <name>
   PleinSport Socks J-7607
  </name>
  <category>
   Socks
  </category>
  <size>
   XL
  </size>
  <color>
   Зеленый
  </color>
  <material>
   Полиэстер
  </material>
  <price>
   979818
  </price>
  <rating>
   3.43
  </rating>
  <reviews>
   517630
  </reviews>
  <new>
   -
  </new>
 </clothing>
 <clothing>
  <id>
   135766643
  </id>
  <name>
   New Balance Shirt S-4807
  </name>
  <category>
   Shirt
  </category>
  <size>
   L
  </size>
  <color>
   Фиолетовый
  </color>
  <material>
   Лен
  </material>
  <price>
   569663
  </price>
  <rating>
   3.06
  </rating>
  <reviews>
   770722
  </reviews>
  <exclusive>
   no
  </exclusive>
  <sporty>
   yes
  </sporty>
 </clothing>
 <clothing>
  <id>
   715074982
  </id>
  <name>
   Under Armour Handbags S-2933
  </name>
  <category>
   Handbags
  </category>
  <size>
   L
  </size>
  <color>
   Оранжевый
  </color>
  <material>
   Кожа
  </material>
  <price>
   444783
  </price>
  <rating>
   3.47
  </rating>
  <reviews>
   208225
  </reviews>
  <new>
   +
  </new>
 </clothing>
</clothing-items>
