<?xml version="1.0" encoding="utf-8"?>
<clothing-items>
 <clothing>
  <id>
   837839070
  </id>
  <name>
   Asics Belts Q-7568
  </name>
  <category>
   Belts
  </category>
  <size>
   L
  </size>
  <color>
   Фиолетовый
  </color>
  <material>
   Кожа
  </material>
  <price>
   260167
  </price>
  <rating>
   4.64
  </rating>
  <reviews>
   652962
  </reviews>
  <new>
   -
  </new>
  <exclusive>
   yes
  </exclusive>
 </clothing>
 <clothing>
  <id>
   792413629
  </id>
  <name>
   PleinSport Jacket M-3063
  </name>
  <category>
   Jacket
  </category>
  <size>
   XL
  </size>
  <color>
   Оранжевый
  </color>
  <material>
   Шерсть
  </material>
  <price>
   657434
  </price>
  <rating>
   4.06
  </rating>
  <reviews>
   292378
  </reviews>
  <sporty>
   yes
  </sporty>
 </clothing>
 <clothing>
  <id>
   173718930
  </id>
  <name>
   Converse Pants E-7841
  </name>
  <category>
   Pants
  </category>
  <size>
   M
  </size>
  <color>
   Синий
  </color>
  <material>
   Лен
  </material>
  <price>
   177391
  </price>
  <rating>
   2.83
  </rating>
  <reviews>
   665057
  </reviews>
  <new>
   -
  </new>
  <exclusive>
   yes
  </exclusive>
 </clothing>
 <clothing>
  <id>
   509243437
  </id>
  <name>
   Vans Umbrellas D-6194
  </name>
  <category>
   Umbrellas
  </category>
  <size>
   XXL
  </size>
  <color>
   Голубой
  </color>
  <material>
   Лен
  </material>
  <price>
   388497
  </price>
  <rating>
   3.14
  </rating>
  <reviews>
   875882
  </reviews>
  <new>
   +
  </new>
  <exclusive>
   no
  </exclusive>
 </clothing>
 <clothing>
  <id>
   909085509
  </id>
  <name>
   Addidas T-shirt N-5931
  </name>
  <category>
   T-shirt
  </category>
  <size>
   M
  </size>
  <color>
   Фиолетовый
  </color>
  <material>
   Вискоза
  </material>
  <price>
   368595
  </price>
  <rating>
   3.47
  </rating>
  <reviews>
   898158
  </reviews>
  <new>
   -
  </new>
  <exclusive>
   yes
  </exclusive>
  <sporty>
   yes
  </sporty>
 </clothing>
 <clothing>
  <id>
   878139837
  </id>
  <name>
   Adidas Jacket F-7827
  </name>
  <category>
   Jacket
  </category>
  <size>
   M
  </size>
  <color>
   Синий
  </color>
  <material>
   Хлопок
  </material>
  <price>
   624918
  </price>
  <rating>
   2.06
  </rating>
  <reviews>
   493253
  </reviews>
  <new>
   -
  </new>
  <exclusive>
   yes
  </exclusive>
 </clothing>
 <clothing>
  <id>
   599891998
  </id>
  <name>
   Puma Sweater X-9118
  </name>
  <category>
   Sweater
  </category>
  <size>
   L
  </size>
  <color>
   Синий
  </color>
  <material>
   Шерсть
  </material>
  <price>
   342288
  </price>
  <rating>
   1.25
  </rating>
  <reviews>
   121936
  </reviews>
  <new>
   -
  </new>
  <exclusive>
   yes
  </exclusive>
 </clothing>
 <clothing>
  <id>
   860160957
  </id>
  <name>
   Reebok Skirt Z-1547
  </name>
  <category>
   Skirt
  </category>
  <size>
   S
  </size>
  <color>
   Зеленый
  </color>
  <material>
   Шелк
  </material>
  <price>
   384183
  </price>
  <rating>
   2.64
  </rating>
  <reviews>
   130518
  </reviews>
  <exclusive>
   yes
  </exclusive>
 </clothing>
 <clothing>
  <id>
   943115103
  </id>
  <name>
   Brooks Hat S-3094
  </name>
  <category>
   Hat
  </category>
  <size>
   M
  </size>
  <color>
   Зеленый
  </color>
  <material>
   Нейлон
  </material>
  <price>
   873312
  </price>
  <rating>
   2.99
  </rating>
  <reviews>
   779263
  </reviews>
  <new>
   +
  </new>
  <sporty>
   no
  </sporty>
 </clothing>
 <clothing>
  <id>
   290287353
  </id>
  <name>
   Asics Hat R-7300
  </name>
  <category>
   Hat
  </category>
  <size>
   M
  </size>
  <color>
   Желтый
  </color>
  <material>
   Хлопок
  </material>
  <price>
   947340
  </price>
  <rating>
   4.82
  </rating>
  <reviews>
   384985
  </reviews>
  <new>
   -
  </new>
 </clothing>
 <clothing>
  <id>
   667171415
  </id>
  <name>
   Asics Sweater U-5057
  </name>
  <category>
   Sweater
  </category>
  <size>
   S
  </size>
  <color>
   Красный
  </color>
  <material>
   Шелк
  </material>
  <price>
   686352
  </price>
  <rating>
   4.35
  </rating>
  <reviews>
   949830
  </reviews>
  <sporty>
   no
  </sporty>
 </clothing>
 <clothing>
  <id>
   450179365
  </id>
  <name>
   Converse Skirt J-7346
  </name>
  <category>
   Skirt
  </category>
  <size>
   L
  </size>
  <color>
   Оранжевый
  </color>
  <material>
   Шерсть
  </material>
  <price>
   740748
  </price>
  <rating>
   3.53
  </rating>
  <reviews>
   250796
  </reviews>
  <new>
   +
  </new>
  <exclusive>
   no
  </exclusive>
  <sporty>
   no
  </sporty>
 </clothing>
 <clothing>
  <id>
   431533835
  </id>
  <name>
   Nike Socks Z-6657
  </name>
  <category>
   Socks
  </category>
  <size>
   XXL
  </size>
  <color>
   Синий
  </color>
  <material>
   Шелк
  </material>
  <price>
   687977
  </price>
  <rating>
   1.16
  </rating>
  <reviews>
   544537
  </reviews>
  <exclusive>
   yes
  </exclusive>
  <sporty>
   no
  </sporty>
 </clothing>
 <clothing>
  <id>
   759642685
  </id>
  <name>
   Adidas Gloves D-8967
  </name>
  <category>
   Gloves
  </category>
  <size>
   M
  </size>
  <color>
   Синий
  </color>
  <material>
   Шелк
  </material>
  <price>
   682600
  </price>
  <rating>
   1.06
  </rating>
  <reviews>
   474297
  </reviews>
  <new>
   +
  </new>
  <exclusive>
   yes
  </exclusive>
  <sporty>
   yes
  </sporty>
 </clothing>
 <clothing>
  <id>
   630018155
  </id>
  <name>
   Brooks Belts Q-9059
  </name>
  <category>
   Belts
  </category>
  <size>
   M
  </size>
  <color>
   Оранжевый
  </color>
  <material>
   Шелк
  </material>
  <price>
   473296
  </price>
  <rating>
   4.84
  </rating>
  <reviews>
   564816
  </reviews>
  <new>
   +
  </new>
  <exclusive>
   yes
  </exclusive>
  <sporty>
   no
  </sporty>
 </clothing>
 <clothing>
  <id>
   220532018
  </id>
  <name>
   Asics Hat O-2286
  </name>
  <category>
   Hat
  </category>
  <size>
   XL
  </size>
  <color>
   Синий
  </color>
  <material>
   Лен
  </material>
  <price>
   550286
  </price>
  <rating>
   1.51
  </rating>
  <reviews>
   434135
  </reviews>
  <new>
   -
  </new>
  <exclusive>
   no
  </exclusive>
 </clothing>
 <clothing>
  <id>
   759700999
  </id>
  <name>
   Adidas Belts V-2558
  </name>
  <category>
   Belts
  </category>
  <size>
   XXL
  </size>
  <color>
   Красный
  </color>
  <material>
   Полиэстер
  </material>
  <price>
   853668
  </price>
  <rating>
   4.47
  </rating>
  <reviews>
   819262
  </reviews>
  <exclusive>
   no
  </exclusive>
  <sporty>
   no
  </sporty>
 </clothing>
 <clothing>
  <id>
   249368435
  </id>
  <name>
   Ellesse Umbrellas H-9439
  </name>
  <category>
   Umbrellas
  </category>
  <size>
   M
  </size>
  <color>
   Синий
  </color>
  <material>
   Лен
  </material>
  <price>
   230687
  </price>
  <rating>
   3.24
  </rating>
  <reviews>
   603789
  </reviews>
  <new>
   +
  </new>
  <sporty>
   yes
  </sporty>
 </clothing>
 <clothing>
  <id>
   333859587
  </id>
  <name>
   Vans Dress D-9227
  </name>
  <category>
   Dress
  </category>
  <size>
   S
  </size>
  <color>
   Красный
  </color>
  <material>
   Полиэстер
  </material>
  <price>
   436494
  </price>
  <rating>
   3.58
  </rating>
  <reviews>
   536749
  </reviews>
  <new>
   +
  </new>
  <exclusive>
   no
  </exclusive>
  <sporty>
   no
  </sporty>
 </clothing>
 <clothing>
  <id>
   200408585
  </id>
  <name>
   Nike Shoes A-9986
  </name>
  <category>
   Shoes
  </category>
  <size>
   M
  </size>
  <color>
   Голубой
  </color>
  <material>
   Нейлон
  </material>
  <price>
   484895
  </price>
  <rating>
   4.23
  </rating>
  <reviews>
   692179
  </reviews>
  <new>
   -
  </new>
  <exclusive>
   no
  </exclusive>
  <sporty>
   no
  </sporty>
 </clothing>
 <clothing>
  <id>
   520055552
  </id>
  <name>
   Puma T-shirt D-9230
  </name>
  <category>
   T-shirt
  </category>
  <size>
   M
  </size>
  <color>
   Синий
  </color>
  <material>
   Хлопок
  </material>
  <price>
   975801
  </price>
  <rating>
   4.15
  </rating>
  <reviews>
   71894
  </reviews>
  <sporty>
   no
  </sporty>
 </clothing>
 <clothing>
  <id>
   227484947
  </id>
  <name>
   Puma Shoes R-6415
  </name>
  <category>
   Shoes
  </category>
  <size>
   XL
  </size>
  <color>
   Фиолетовый
  </color>
  <material>
   Полиэстер
  </material>
  <price>
   636452
  </price>
  <rating>
   4.1
  </rating>
  <reviews>
   776151
  </reviews>
  <new>
   -
  </new>
  <exclusive>
   no
  </exclusive>
  <sporty>
   yes
  </sporty>
 </clothing>
 <clothing>
  <id>
   817884134
  </id>
  <name>
   Puma Socks R-6535
  </name>
  <category>
   Socks
  </category>
  <size>
   M
  </size>
  <color>
   Зеленый
  </color>
  <material>
   Кожа
  </material>
  <price>
   756482
  </price>
  <rating>
   4.12
  </rating>
  <reviews>
   899118
  </reviews>
  <new>
   -
  </new>
  <sporty>
   no
  </sporty>
 </clothing>
 <clothing>
  <id>
   232446877
  </id>
  <name>
   Converse Hat B-8137
  </name>
  <category>
   Hat
  </category>
  <size>
   L
  </size>
  <color>
   Голубой
  </color>
  <material>
   Вискоза
  </material>
  <price>
   238282
  </price>
  <rating>
   1.55
  </rating>
  <reviews>
   247318
  </reviews>
  <new>
   +
  </new>
  <exclusive>
   yes
  </exclusive>
  <sporty>
   yes
  </sporty>
 </clothing>
 <clothing>
  <id>
   451620750
  </id>
  <name>
   Puma Shirt E-5093
  </name>
  <category>
   Shirt
  </category>
  <size>
   L
  </size>
  <color>
   Синий
  </color>
  <material>
   Полиэстер
  </material>
  <price>
   989785
  </price>
  <rating>
   3.55
  </rating>
  <reviews>
   695545
  </reviews>
  <exclusive>
   yes
  </exclusive>
  <sporty>
   no
  </sporty>
 </clothing>
 <clothing>
  <id>
   571010632
  </id>
  <name>
   Brooks Gloves G-4468
  </name>
  <category>
   Gloves
  </category>
  <size>
   S
  </size>
  <color>
   Синий
  </color>
  <material>
   Хлопок
  </material>
  <price>
   651085
  </price>
  <rating>
   1.37
  </rating>
  <reviews>
   890339
  </reviews>
  <exclusive>
   no
  </exclusive>
 </clothing>
 <clothing>
  <id>
   493733914
  </id>
  <name>
   Lacoste Sweater V-1345
  </name>
  <category>
   Sweater
  </category>
  <size>
   S
  </size>
  <color>
   Желтый
  </color>
  <material>
   Нейлон
  </material>
  <price>
   344851
  </price>
  <rating>
   4.73
  </rating>
  <reviews>
   597857
  </reviews>
  <sporty>
   no
  </sporty>
 </clothing>
 <clothing>
  <id>
   514713132
  </id>
  <name>
   Fila Hat U-3582
  </name>
  <category>
   Hat
  </category>
  <size>
   XXL
  </size>
  <color>
   Красный
  </color>
  <material>
   Нейлон
  </material>
  <price>
   915392
  </price>
  <rating>
   4.09
  </rating>
  <reviews>
   26444
  </reviews>
  <new>
   +
  </new>
 </clothing>
 <clothing>
  <id>
   231182746
  </id>
  <name>
   New Balance Shirt H-9741
  </name>
  <category>
   Shirt
  </category>
  <size>
   XL
  </size>
  <color>
   Голубой
  </color>
  <material>
   Полиэстер
  </material>
  <price>
   433287
  </price>
  <rating>
   1.23
  </rating>
  <reviews>
   184486
  </reviews>
  <new>
   +
  </new>
  <exclusive>
   yes
  </exclusive>
  <sporty>
   no
  </sporty>
 </clothing>
 <clothing>
  <id>
   656921276
  </id>
  <name>
   Ellesse T-shirt Y-7179
  </name>
  <category>
   T-shirt
  </category>
  <size>
   XXL
  </size>
  <color>
   Желтый
  </color>
  <material>
   Лен
  </material>
  <price>
   444024
  </price>
  <rating>
   2.71
  </rating>
  <reviews>
   417662
  </reviews>
  <new>
   -
  </new>
  <exclusive>
   no
  </exclusive>
  <sporty>
   no
  </sporty>
 </clothing>
 <clothing>
  <id>
   396351185
  </id>
  <name>
   Vans Blouse A-1206
  </name>
  <category>
   Blouse
  </category>
  <size>
   XXL
  </size>
  <color>
   Желтый
  </color>
  <material>
   Лен
  </material>
  <price>
   617614
  </price>
  <rating>
   4.44
  </rating>
  <reviews>
   661995
  </reviews>
  <new>
   -
  </new>
  <exclusive>
   no
  </exclusive>
  <sporty>
   yes
  </sporty>
 </clothing>
 <clothing>
  <id>
   421316856
  </id>
  <name>
   DC Belts V-9928
  </name>
  <category>
   Belts
  </category>
  <size>
   L
  </size>
  <color>
   Желтый
  </color>
  <material>
   Шерсть
  </material>
  <price>
   448591
  </price>
  <rating>
   3.24
  </rating>
  <reviews>
   205206
  </reviews>
  <new>
   -
  </new>
  <exclusive>
   yes
  </exclusive>
 </clothing>
 <clothing>
  <id>
   839217735
  </id>
  <name>
   Ellesse Sweater K-2645
  </name>
  <category>
   Sweater
  </category>
  <size>
   L
  </size>
  <color>
   Желтый
  </color>
  <material>
   Шерсть
  </material>
  <price>
   139032
  </price>
  <rating>
   4.18
  </rating>
  <reviews>
   442885
  </reviews>
  <exclusive>
   no
  </exclusive>
  <sporty>
   yes
  </sporty>
 </clothing>
 <clothing>
  <id>
   382212600
  </id>
  <name>
   PleinSport Shoes V-6853
  </name>
  <category>
   Shoes
  </category>
  <size>
   XXL
  </size>
  <color>
   Синий
  </color>
  <material>
   Вискоза
  </material>
  <price>
   149693
  </price>
  <rating>
   1.89
  </rating>
  <reviews>
   806825
  </reviews>
  <new>
   -
  </new>
  <sporty>
   no
  </sporty>
 </clothing>
 <clothing>
  <id>
   714176856
  </id>
  <name>
   Converse Socks U-8330
  </name>
  <category>
   Socks
  </category>
  <size>
   S
  </size>
  <color>
   Оранжевый
  </color>
  <material>
   Вискоза
  </material>
  <price>
   600934
  </price>
  <rating>
   4.0
  </rating>
  <reviews>
   127242
  </reviews>
  <new>
   -
  </new>
  <exclusive>
   no
  </exclusive>
 </clothing>
 <clothing>
  <id>
   258639714
  </id>
  <name>
   Brooks Pants P-3132
  </name>
  <category>
   Pants
  </category>
  <size>
   S
  </size>
  <color>
   Желтый
  </color>
  <material>
   Шерсть
  </material>
  <price>
   701734
  </price>
  <rating>
   4.15
  </rating>
  <reviews>
   292274
  </reviews>
  <new>
   +
  </new>
  <exclusive>
   no
  </exclusive>
  <sporty>
   yes
  </sporty>
 </clothing>
 <clothing>
  <id>
   230434304
  </id>
  <name>
   Addidas Gloves Y-4845
  </name>
  <category>
   Gloves
  </category>
  <size>
   L
  </size>
  <color>
   Оранжевый
  </color>
  <material>
   Шерсть
  </material>
  <price>
   773270
  </price>
  <rating>
   2.82
  </rating>
  <reviews>
   640167
  </reviews>
  <new>
   -
  </new>
  <exclusive>
   no
  </exclusive>
  <sporty>
   no
  </sporty>
 </clothing>
 <clothing>
  <id>
   634805392
  </id>
  <name>
   Addidas Pants D-8271
  </name>
  <category>
   Pants
  </category>
  <size>
   M
  </size>
  <color>
   Зеленый
  </color>
  <material>
   Хлопок
  </material>
  <price>
   735872
  </price>
  <rating>
   2.59
  </rating>
  <reviews>
   27393
  </reviews>
  <new>
   -
  </new>
  <sporty>
   yes
  </sporty>
 </clothing>
 <clothing>
  <id>
   299440427
  </id>
  <name>
   Brooks T-shirt F-7118
  </name>
  <category>
   T-shirt
  </category>
  <size>
   XL
  </size>
  <color>
   Фиолетовый
  </color>
  <material>
   Лен
  </material>
  <price>
   509223
  </price>
  <rating>
   3.5
  </rating>
  <reviews>
   675323
  </reviews>
  <new>
   +
  </new>
  <exclusive>
   no
  </exclusive>
 </clothing>
 <clothing>
  <id>
   120069687
  </id>
  <name>
   Ellesse Sweater F-1629
  </name>
  <category>
   Sweater
  </category>
  <size>
   XXL
  </size>
  <color>
   Голубой
  </color>
  <material>
   Вискоза
  </material>
  <price>
   722403
  </price>
  <rating>
   3.97
  </rating>
  <reviews>
   559854
  </reviews>
  <new>
   +
  </new>
  <exclusive>
   yes
  </exclusive>
 </clothing>
 <clothing>
  <id>
   408437099
  </id>
  <name>
   DC Jeans Y-3220
  </name>
  <category>
   Jeans
  </category>
  <size>
   M
  </size>
  <color>
   Желтый
  </color>
  <material>
   Вискоза
  </material>
  <price>
   576890
  </price>
  <rating>
   2.59
  </rating>
  <reviews>
   642228
  </reviews>
  <new>
   -
  </new>
  <sporty>
   no
  </sporty>
 </clothing>
</clothing-items>
