<?xml version="1.0" encoding="utf-8"?>
<clothing-items>
 <clothing>
  <id>
   284216181
  </id>
  <name>
   PleinSport Gloves K-8864
  </name>
  <category>
   Gloves
  </category>
  <size>
   M
  </size>
  <color>
   Синий
  </color>
  <material>
   Лен
  </material>
  <price>
   855281
  </price>
  <rating>
   4.19
  </rating>
  <reviews>
   982731
  </reviews>
  <exclusive>
   no
  </exclusive>
  <sporty>
   no
  </sporty>
 </clothing>
 <clothing>
  <id>
   306309324
  </id>
  <name>
   DC Gloves Y-5803
  </name>
  <category>
   Gloves
  </category>
  <size>
   XL
  </size>
  <color>
   Фиолетовый
  </color>
  <material>
   Нейлон
  </material>
  <price>
   260074
  </price>
  <rating>
   2.31
  </rating>
  <reviews>
   422922
  </reviews>
 </clothing>
 <clothing>
  <id>
   568781555
  </id>
  <name>
   Nike Sweater S-5966
  </name>
  <category>
   Sweater
  </category>
  <size>
   XXL
  </size>
  <color>
   Оранжевый
  </color>
  <material>
   Лен
  </material>
  <price>
   668540
  </price>
  <rating>
   2.53
  </rating>
  <reviews>
   442102
  </reviews>
  <new>
   +
  </new>
  <exclusive>
   yes
  </exclusive>
 </clothing>
 <clothing>
  <id>
   933587880
  </id>
  <name>
   Reebok Hat Z-4356
  </name>
  <category>
   Hat
  </category>
  <size>
   S
  </size>
  <color>
   Фиолетовый
  </color>
  <material>
   Вискоза
  </material>
  <price>
   428020
  </price>
  <rating>
   1.08
  </rating>
  <reviews>
   56078
  </reviews>
  <new>
   -
  </new>
  <exclusive>
   no
  </exclusive>
  <sporty>
   no
  </sporty>
 </clothing>
 <clothing>
  <id>
   225587866
  </id>
  <name>
   Reebok Sweater D-9401
  </name>
  <category>
   Sweater
  </category>
  <size>
   XL
  </size>
  <color>
   Голубой
  </color>
  <material>
   Шерсть
  </material>
  <price>
   483041
  </price>
  <rating>
   4.72
  </rating>
  <reviews>
   324534
  </reviews>
  <exclusive>
   yes
  </exclusive>
  <sporty>
   no
  </sporty>
 </clothing>
 <clothing>
  <id>
   626987491
  </id>
  <name>
   Ellesse Hat E-9491
  </name>
  <category>
   Hat
  </category>
  <size>
   XXL
  </size>
  <color>
   Оранжевый
  </color>
  <material>
   Нейлон
  </material>
  <price>
   396053
  </price>
  <rating>
   3.22
  </rating>
  <reviews>
   475757
  </reviews>
 </clothing>
 <clothing>
  <id>
   143643337
  </id>
  <name>
   DC Hat K-3413
  </name>
  <category>
   Hat
  </category>
  <size>
   XL
  </size>
  <color>
   Желтый
  </color>
  <material>
   Шерсть
  </material>
  <price>
   803234
  </price>
  <rating>
   3.58
  </rating>
  <reviews>
   366598
  </reviews>
  <new>
   -
  </new>
  <sporty>
   yes
  </sporty>
 </clothing>
 <clothing>
  <id>
   808216837
  </id>
  <name>
   Asics Sweater B-6416
  </name>
  <category>
   Sweater
  </category>
  <size>
   XL
  </size>
  <color>
   Желтый
  </color>
  <material>
   Лен
  </material>
  <price>
   274462
  </price>
  <rating>
   2.41
  </rating>
  <reviews>
   866060
  </reviews>
  <new>
   -
  </new>
  <exclusive>
   no
  </exclusive>
 </clothing>
 <clothing>
  <id>
   601372465
  </id>
  <name>
   Puma Dress P-2739
  </name>
  <category>
   Dress
  </category>
  <size>
   M
  </size>
  <color>
   Фиолетовый
  </color>
  <material>
   Полиэстер
  </material>
  <price>
   689324
  </price>
  <rating>
   4.88
  </rating>
  <reviews>
   458787
  </reviews>
  <new>
   +
  </new>
  <exclusive>
   yes
  </exclusive>
  <sporty>
   yes
  </sporty>
 </clothing>
 <clothing>
  <id>
   478199663
  </id>
  <name>
   Converse Belts M-9161
  </name>
  <category>
   Belts
  </category>
  <size>
   L
  </size>
  <color>
   Оранжевый
  </color>
  <material>
   Хлопок
  </material>
  <price>
   316219
  </price>
  <rating>
   4.45
  </rating>
  <reviews>
   609196
  </reviews>
  <new>
   -
  </new>
  <exclusive>
   yes
  </exclusive>
  <sporty>
   yes
  </sporty>
 </clothing>
 <clothing>
  <id>
   130319284
  </id>
  <name>
   Asics Sweater R-3590
  </name>
  <category>
   Sweater
  </category>
  <size>
   XL
  </size>
  <color>
   Голубой
  </color>
  <material>
   Вискоза
  </material>
  <price>
   187776
  </price>
  <rating>
   2.29
  </rating>
  <reviews>
   93560
  </reviews>
  <new>
   -
  </new>
  <sporty>
   no
  </sporty>
 </clothing>
 <clothing>
  <id>
   234145936
  </id>
  <name>
   Asics Gloves Z-1000
  </name>
  <category>
   Gloves
  </category>
  <size>
   S
  </size>
  <color>
   Синий
  </color>
  <material>
   Лен
  </material>
  <price>
   707810
  </price>
  <rating>
   4.2
  </rating>
  <reviews>
   984779
  </reviews>
  <new>
   +
  </new>
  <exclusive>
   yes
  </exclusive>
  <sporty>
   yes
  </sporty>
 </clothing>
 <clothing>
  <id>
   331182299
  </id>
  <name>
   Fila Handbags E-1253
  </name>
  <category>
   Handbags
  </category>
  <size>
   L
  </size>
  <color>
   Желтый
  </color>
  <material>
   Кожа
  </material>
  <price>
   807181
  </price>
  <rating>
   2.8
  </rating>
  <reviews>
   428451
  </reviews>
  <sporty>
   no
  </sporty>
 </clothing>
 <clothing>
  <id>
   935426887
  </id>
  <name>
   Ellesse Jeans H-7809
  </name>
  <category>
   Jeans
  </category>
  <size>
   XL
  </size>
  <color>
   Фиолетовый
  </color>
  <material>
   Шерсть
  </material>
  <price>
   562203
  </price>
  <rating>
   4.43
  </rating>
  <reviews>
   188097
  </reviews>
  <new>
   +
  </new>
  <exclusive>
   no
  </exclusive>
  <sporty>
   no
  </sporty>
 </clothing>
 <clothing>
  <id>
   536210962
  </id>
  <name>
   DC Umbrellas V-7956
  </name>
  <category>
   Umbrellas
  </category>
  <size>
   S
  </size>
  <color>
   Голубой
  </color>
  <material>
   Полиэстер
  </material>
  <price>
   476413
  </price>
  <rating>
   2.25
  </rating>
  <reviews>
   88758
  </reviews>
  <new>
   -
  </new>
  <sporty>
   no
  </sporty>
 </clothing>
 <clothing>
  <id>
   635210224
  </id>
  <name>
   Reebok Shoes O-6647
  </name>
  <category>
   Shoes
  </category>
  <size>
   XL
  </size>
  <color>
   Красный
  </color>
  <material>
   Нейлон
  </material>
  <price>
   347783
  </price>
  <rating>
   3.45
  </rating>
  <reviews>
   880733
  </reviews>
  <exclusive>
   no
  </exclusive>
 </clothing>
 <clothing>
  <id>
   810110826
  </id>
  <name>
   Addidas T-shirt Q-3215
  </name>
  <category>
   T-shirt
  </category>
  <size>
   S
  </size>
  <color>
   Желтый
  </color>
  <material>
   Полиэстер
  </material>
  <price>
   141767
  </price>
  <rating>
   1.73
  </rating>
  <reviews>
   42247
  </reviews>
  <new>
   -
  </new>
  <exclusive>
   no
  </exclusive>
 </clothing>
 <clothing>
  <id>
   318661294
  </id>
  <name>
   Puma Dress Y-4325
  </name>
  <category>
   Dress
  </category>
  <size>
   XL
  </size>
  <color>
   Красный
  </color>
  <material>
   Кожа
  </material>
  <price>
   491176
  </price>
  <rating>
   3.06
  </rating>
  <reviews>
   921449
  </reviews>
  <new>
   -
  </new>
  <exclusive>
   no
  </exclusive>
 </clothing>
 <clothing>
  <id>
   975899778
  </id>
  <name>
   Vans Dress O-9912
  </name>
  <category>
   Dress
  </category>
  <size>
   M
  </size>
  <color>
   Синий
  </color>
  <material>
   Хлопок
  </material>
  <price>
   413634
  </price>
  <rating>
   4.97
  </rating>
  <reviews>
   402162
  </reviews>
  <new>
   -
  </new>
  <exclusive>
   yes
  </exclusive>
  <sporty>
   no
  </sporty>
 </clothing>
 <clothing>
  <id>
   363211290
  </id>
  <name>
   Vans Gloves V-9855
  </name>
  <category>
   Gloves
  </category>
  <size>
   L
  </size>
  <color>
   Голубой
  </color>
  <material>
   Лен
  </material>
  <price>
   713089
  </price>
  <rating>
   4.65
  </rating>
  <reviews>
   724638
  </reviews>
  <new>
   -
  </new>
  <sporty>
   yes
  </sporty>
 </clothing>
 <clothing>
  <id>
   429798193
  </id>
  <name>
   Adidas Socks C-7489
  </name>
  <category>
   Socks
  </category>
  <size>
   L
  </size>
  <color>
   Красный
  </color>
  <material>
   Шелк
  </material>
  <price>
   241455
  </price>
  <rating>
   4.19
  </rating>
  <reviews>
   222756
  </reviews>
  <new>
   -
  </new>
  <exclusive>
   no
  </exclusive>
  <sporty>
   yes
  </sporty>
 </clothing>
 <clothing>
  <id>
   428638959
  </id>
  <name>
   Adidas Skirt Q-3949
  </name>
  <category>
   Skirt
  </category>
  <size>
   XL
  </size>
  <color>
   Желтый
  </color>
  <material>
   Хлопок
  </material>
  <price>
   335066
  </price>
  <rating>
   1.67
  </rating>
  <reviews>
   221263
  </reviews>
  <exclusive>
   no
  </exclusive>
  <sporty>
   no
  </sporty>
 </clothing>
 <clothing>
  <id>
   159376982
  </id>
  <name>
   Asics Shirt U-8112
  </name>
  <category>
   Shirt
  </category>
  <size>
   XL
  </size>
  <color>
   Зеленый
  </color>
  <material>
   Лен
  </material>
  <price>
   749436
  </price>
  <rating>
   1.09
  </rating>
  <reviews>
   496092
  </reviews>
  <new>
   -
  </new>
 </clothing>
 <clothing>
  <id>
   120524294
  </id>
  <name>
   Under Armour Sweater D-2649
  </name>
  <category>
   Sweater
  </category>
  <size>
   L
  </size>
  <color>
   Синий
  </color>
  <material>
   Кожа
  </material>
  <price>
   783695
  </price>
  <rating>
   2.32
  </rating>
  <reviews>
   421521
  </reviews>
  <new>
   -
  </new>
  <exclusive>
   no
  </exclusive>
  <sporty>
   yes
  </sporty>
 </clothing>
 <clothing>
  <id>
   677961634
  </id>
  <name>
   Converse Jacket J-9630
  </name>
  <category>
   Jacket
  </category>
  <size>
   S
  </size>
  <color>
   Оранжевый
  </color>
  <material>
   Кожа
  </material>
  <price>
   539709
  </price>
  <rating>
   1.48
  </rating>
  <reviews>
   343098
  </reviews>
  <new>
   +
  </new>
  <sporty>
   no
  </sporty>
 </clothing>
 <clothing>
  <id>
   779465169
  </id>
  <name>
   Addidas T-shirt W-4073
  </name>
  <category>
   T-shirt
  </category>
  <size>
   L
  </size>
  <color>
   Голубой
  </color>
  <material>
   Лен
  </material>
  <price>
   875756
  </price>
  <rating>
   1.44
  </rating>
  <reviews>
   434420
  </reviews>
  <new>
   -
  </new>
  <exclusive>
   yes
  </exclusive>
  <sporty>
   yes
  </sporty>
 </clothing>
 <clothing>
  <id>
   548697295
  </id>
  <name>
   Under Armour Jacket G-1772
  </name>
  <category>
   Jacket
  </category>
  <size>
   XXL
  </size>
  <color>
   Красный
  </color>
  <material>
   Вискоза
  </material>
  <price>
   931857
  </price>
  <rating>
   3.85
  </rating>
  <reviews>
   228208
  </reviews>
  <new>
   -
  </new>
  <exclusive>
   no
  </exclusive>
  <sporty>
   no
  </sporty>
 </clothing>
</clothing-items>
