<?xml version="1.0" encoding="utf-8"?>
<clothing-items>
 <clothing>
  <id>
   580239240
  </id>
  <name>
   Puma Hat E-5063
  </name>
  <category>
   Hat
  </category>
  <size>
   XXL
  </size>
  <color>
   Красный
  </color>
  <material>
   Лен
  </material>
  <price>
   945975
  </price>
  <rating>
   4.65
  </rating>
  <reviews>
   350158
  </reviews>
  <exclusive>
   no
  </exclusive>
  <sporty>
   yes
  </sporty>
 </clothing>
 <clothing>
  <id>
   336137414
  </id>
  <name>
   Asics Skirt E-1028
  </name>
  <category>
   Skirt
  </category>
  <size>
   XXL
  </size>
  <color>
   Синий
  </color>
  <material>
   Нейлон
  </material>
  <price>
   445418
  </price>
  <rating>
   1.62
  </rating>
  <reviews>
   620727
  </reviews>
  <new>
   +
  </new>
 </clothing>
 <clothing>
  <id>
   563366787
  </id>
  <name>
   Asics Shoes U-8127
  </name>
  <category>
   Shoes
  </category>
  <size>
   XL
  </size>
  <color>
   Желтый
  </color>
  <material>
   Вискоза
  </material>
  <price>
   967735
  </price>
  <rating>
   4.55
  </rating>
  <reviews>
   775513
  </reviews>
  <new>
   -
  </new>
  <exclusive>
   yes
  </exclusive>
  <sporty>
   no
  </sporty>
 </clothing>
 <clothing>
  <id>
   501891387
  </id>
  <name>
   Converse Handbags L-5578
  </name>
  <category>
   Handbags
  </category>
  <size>
   M
  </size>
  <color>
   Зеленый
  </color>
  <material>
   Лен
  </material>
  <price>
   170803
  </price>
  <rating>
   2.41
  </rating>
  <reviews>
   170089
  </reviews>
  <sporty>
   yes
  </sporty>
 </clothing>
 <clothing>
  <id>
   571986916
  </id>
  <name>
   Nike Blouse T-1792
  </name>
  <category>
   Blouse
  </category>
  <size>
   XXL
  </size>
  <color>
   Голубой
  </color>
  <material>
   Хлопок
  </material>
  <price>
   381990
  </price>
  <rating>
   1.57
  </rating>
  <reviews>
   784883
  </reviews>
  <exclusive>
   no
  </exclusive>
  <sporty>
   no
  </sporty>
 </clothing>
 <clothing>
  <id>
   433125438
  </id>
  <name>
   Asics Handbags Q-6069
  </name>
  <category>
   Handbags
  </category>
  <size>
   M
  </size>
  <color>
   Красный
  </color>
  <material>
   Хлопок
  </material>
  <price>
   442179
  </price>
  <rating>
   2.47
  </rating>
  <reviews>
   894300
  </reviews>
  <new>
   -
  </new>
  <exclusive>
   no
  </exclusive>
  <sporty>
   no
  </sporty>
 </clothing>
 <clothing>
  <id>
   412058936
  </id>
  <name>
   PleinSport Shoes C-1204
  </name>
  <category>
   Shoes
  </category>
  <size>
   L
  </size>
  <color>
   Голубой
  </color>
  <material>
   Шелк
  </material>
  <price>
   967703
  </price>
  <rating>
   4.26
  </rating>
  <reviews>
   481258
  </reviews>
  <exclusive>
   no
  </exclusive>
  <sporty>
   yes
  </sporty>
 </clothing>
 <clothing>
  <id>
   594476025
  </id>
  <name>
   Nike Skirt J-8379
  </name>
  <category>
   Skirt
  </category>
  <size>
   M
  </size>
  <color>
   Зеленый
  </color>
  <material>
   Хлопок
  </material>
  <price>
   767081
  </price>
  <rating>
   1.28
  </rating>
  <reviews>
   309310
  </reviews>
  <new>
   -
  </new>
  <exclusive>
   no
  </exclusive>
  <sporty>
   no
  </sporty>
 </clothing>
 <clothing>
  <id>
   452298854
  </id>
  <name>
   DC Hat N-8877
  </name>
  <category>
   Hat
  </category>
  <size>
   S
  </size>
  <color>
   Голубой
  </color>
  <material>
   Вискоза
  </material>
  <price>
   858134
  </price>
  <rating>
   3.62
  </rating>
  <reviews>
   428843
  </reviews>
  <new>
   -
  </new>
  <exclusive>
   yes
  </exclusive>
  <sporty>
   no
  </sporty>
 </clothing>
 <clothing>
  <id>
   966598446
  </id>
  <name>
   Lacoste Socks X-6589
  </name>
  <category>
   Socks
  </category>
  <size>
   M
  </size>
  <color>
   Желтый
  </color>
  <material>
   Шерсть
  </material>
  <price>
   850275
  </price>
  <rating>
   3.33
  </rating>
  <reviews>
   714050
  </reviews>
 </clothing>
 <clothing>
  <id>
   531857062
  </id>
  <name>
   Ellesse T-shirt D-3437
  </name>
  <category>
   T-shirt
  </category>
  <size>
   XL
  </size>
  <color>
   Оранжевый
  </color>
  <material>
   Шерсть
  </material>
  <price>
   535720
  </price>
  <rating>
   3.24
  </rating>
  <reviews>
   616571
  </reviews>
  <new>
   -
  </new>
  <sporty>
   no
  </sporty>
 </clothing>
 <clothing>
  <id>
   166400610
  </id>
  <name>
   Fila Sweater B-7428
  </name>
  <category>
   Sweater
  </category>
  <size>
   XXL
  </size>
  <color>
   Голубой
  </color>
  <material>
   Вискоза
  </material>
  <price>
   983347
  </price>
  <rating>
   4.55
  </rating>
  <reviews>
   353034
  </reviews>
 </clothing>
 <clothing>
  <id>
   236330267
  </id>
  <name>
   New Balance T-shirt E-4340
  </name>
  <category>
   T-shirt
  </category>
  <size>
   XXL
  </size>
  <color>
   Красный
  </color>
  <material>
   Вискоза
  </material>
  <price>
   172324
  </price>
  <rating>
   2.98
  </rating>
  <reviews>
   189083
  </reviews>
  <exclusive>
   yes
  </exclusive>
  <sporty>
   yes
  </sporty>
 </clothing>
 <clothing>
  <id>
   773529845
  </id>
  <name>
   Converse Shoes R-3641
  </name>
  <category>
   Shoes
  </category>
  <size>
   XXL
  </size>
  <color>
   Зеленый
  </color>
  <material>
   Шелк
  </material>
  <price>
   204078
  </price>
  <rating>
   1.37
  </rating>
  <reviews>
   807983
  </reviews>
  <new>
   +
  </new>
  <exclusive>
   no
  </exclusive>
  <sporty>
   yes
  </sporty>
 </clothing>
 <clothing>
  <id>
   170355345
  </id>
  <name>
   Under Armour Umbrellas Q-9545
  </name>
  <category>
   Umbrellas
  </category>
  <size>
   L
  </size>
  <color>
   Красный
  </color>
  <material>
   Кожа
  </material>
  <price>
   433858
  </price>
  <rating>
   3.19
  </rating>
  <reviews>
   345404
  </reviews>
  <exclusive>
   no
  </exclusive>
  <sporty>
   no
  </sporty>
 </clothing>
</clothing-items>
