<?xml version="1.0" encoding="utf-8"?>
<clothing-items>
 <clothing>
  <id>
   656703370
  </id>
  <name>
   DC Hat U-7050
  </name>
  <category>
   Hat
  </category>
  <size>
   XL
  </size>
  <color>
   Желтый
  </color>
  <material>
   Полиэстер
  </material>
  <price>
   551172
  </price>
  <rating>
   2.08
  </rating>
  <reviews>
   211642
  </reviews>
  <exclusive>
   yes
  </exclusive>
  <sporty>
   no
  </sporty>
 </clothing>
 <clothing>
  <id>
   225239913
  </id>
  <name>
   Asics Handbags M-9844
  </name>
  <category>
   Handbags
  </category>
  <size>
   XL
  </size>
  <color>
   Зеленый
  </color>
  <material>
   Шерсть
  </material>
  <price>
   865048
  </price>
  <rating>
   2.67
  </rating>
  <reviews>
   419940
  </reviews>
  <new>
   -
  </new>
  <exclusive>
   no
  </exclusive>
 </clothing>
 <clothing>
  <id>
   720185844
  </id>
  <name>
   Brooks Blouse K-6765
  </name>
  <category>
   Blouse
  </category>
  <size>
   S
  </size>
  <color>
   Синий
  </color>
  <material>
   Нейлон
  </material>
  <price>
   680639
  </price>
  <rating>
   4.25
  </rating>
  <reviews>
   19398
  </reviews>
  <exclusive>
   no
  </exclusive>
 </clothing>
 <clothing>
  <id>
   465024480
  </id>
  <name>
   Reebok Belts K-6696
  </name>
  <category>
   Belts
  </category>
  <size>
   XL
  </size>
  <color>
   Зеленый
  </color>
  <material>
   Хлопок
  </material>
  <price>
   150717
  </price>
  <rating>
   4.73
  </rating>
  <reviews>
   96834
  </reviews>
  <new>
   +
  </new>
  <exclusive>
   yes
  </exclusive>
  <sporty>
   no
  </sporty>
 </clothing>
 <clothing>
  <id>
   729267794
  </id>
  <name>
   Reebok Jeans J-8450
  </name>
  <category>
   Jeans
  </category>
  <size>
   XL
  </size>
  <color>
   Красный
  </color>
  <material>
   Лен
  </material>
  <price>
   838971
  </price>
  <rating>
   4.58
  </rating>
  <reviews>
   324736
  </reviews>
  <new>
   -
  </new>
 </clothing>
 <clothing>
  <id>
   434112711
  </id>
  <name>
   Converse Jacket W-6711
  </name>
  <category>
   Jacket
  </category>
  <size>
   S
  </size>
  <color>
   Красный
  </color>
  <material>
   Шерсть
  </material>
  <price>
   956044
  </price>
  <rating>
   4.7
  </rating>
  <reviews>
   708169
  </reviews>
  <new>
   +
  </new>
  <exclusive>
   no
  </exclusive>
  <sporty>
   no
  </sporty>
 </clothing>
 <clothing>
  <id>
   134128347
  </id>
  <name>
   PleinSport Belts B-1441
  </name>
  <category>
   Belts
  </category>
  <size>
   M
  </size>
  <color>
   Голубой
  </color>
  <material>
   Полиэстер
  </material>
  <price>
   131330
  </price>
  <rating>
   3.2
  </rating>
  <reviews>
   283674
  </reviews>
  <new>
   -
  </new>
  <sporty>
   no
  </sporty>
 </clothing>
 <clothing>
  <id>
   696932478
  </id>
  <name>
   New Balance Umbrellas F-9163
  </name>
  <category>
   Umbrellas
  </category>
  <size>
   XL
  </size>
  <color>
   Голубой
  </color>
  <material>
   Шерсть
  </material>
  <price>
   464319
  </price>
  <rating>
   2.16
  </rating>
  <reviews>
   148254
  </reviews>
 </clothing>
 <clothing>
  <id>
   765882702
  </id>
  <name>
   Brooks Shoes S-6064
  </name>
  <category>
   Shoes
  </category>
  <size>
   L
  </size>
  <color>
   Красный
  </color>
  <material>
   Полиэстер
  </material>
  <price>
   767567
  </price>
  <rating>
   3.76
  </rating>
  <reviews>
   857593
  </reviews>
  <exclusive>
   yes
  </exclusive>
 </clothing>
 <clothing>
  <id>
   650631702
  </id>
  <name>
   Ellesse Umbrellas C-8096
  </name>
  <category>
   Umbrellas
  </category>
  <size>
   L
  </size>
  <color>
   Красный
  </color>
  <material>
   Хлопок
  </material>
  <price>
   400167
  </price>
  <rating>
   3.32
  </rating>
  <reviews>
   606384
  </reviews>
  <new>
   -
  </new>
  <sporty>
   yes
  </sporty>
 </clothing>
 <clothing>
  <id>
   410351037
  </id>
  <name>
   Ellesse Shoes K-1838
  </name>
  <category>
   Shoes
  </category>
  <size>
   M
  </size>
  <color>
   Желтый
  </color>
  <material>
   Нейлон
  </material>
  <price>
   806654
  </price>
  <rating>
   3.46
  </rating>
  <reviews>
   185076
  </reviews>
  <new>
   +
  </new>
  <exclusive>
   yes
  </exclusive>
 </clothing>
 <clothing>
  <id>
   418304273
  </id>
  <name>
   DC Shirt Q-2831
  </name>
  <category>
   Shirt
  </category>
  <size>
   S
  </size>
  <color>
   Голубой
  </color>
  <material>
   Вискоза
  </material>
  <price>
   707645
  </price>
  <rating>
   2.58
  </rating>
  <reviews>
   288378
  </reviews>
  <new>
   -
  </new>
  <exclusive>
   yes
  </exclusive>
 </clothing>
</clothing-items>
