<?xml version="1.0" encoding="utf-8"?>
<clothing-items>
 <clothing>
  <id>
   685442211
  </id>
  <name>
   Vans Umbrellas N-4777
  </name>
  <category>
   Umbrellas
  </category>
  <size>
   S
  </size>
  <color>
   Оранжевый
  </color>
  <material>
   Шелк
  </material>
  <price>
   269566
  </price>
  <rating>
   4.28
  </rating>
  <reviews>
   889941
  </reviews>
 </clothing>
 <clothing>
  <id>
   577523315
  </id>
  <name>
   Adidas Sweater S-3637
  </name>
  <category>
   Sweater
  </category>
  <size>
   XL
  </size>
  <color>
   Голубой
  </color>
  <material>
   Лен
  </material>
  <price>
   658249
  </price>
  <rating>
   4.43
  </rating>
  <reviews>
   136633
  </reviews>
 </clothing>
 <clothing>
  <id>
   356611176
  </id>
  <name>
   Fila Shirt G-3185
  </name>
  <category>
   Shirt
  </category>
  <size>
   M
  </size>
  <color>
   Оранжевый
  </color>
  <material>
   Полиэстер
  </material>
  <price>
   444931
  </price>
  <rating>
   2.11
  </rating>
  <reviews>
   754754
  </reviews>
  <new>
   +
  </new>
  <exclusive>
   no
  </exclusive>
  <sporty>
   yes
  </sporty>
 </clothing>
 <clothing>
  <id>
   642821586
  </id>
  <name>
   Fila Hat A-7210
  </name>
  <category>
   Hat
  </category>
  <size>
   M
  </size>
  <color>
   Желтый
  </color>
  <material>
   Полиэстер
  </material>
  <price>
   215324
  </price>
  <rating>
   2.02
  </rating>
  <reviews>
   84939
  </reviews>
  <new>
   +
  </new>
  <sporty>
   yes
  </sporty>
 </clothing>
 <clothing>
  <id>
   956694261
  </id>
  <name>
   New Balance Jacket H-8629
  </name>
  <category>
   Jacket
  </category>
  <size>
   S
  </size>
  <color>
   Голубой
  </color>
  <material>
   Шелк
  </material>
  <price>
   628318
  </price>
  <rating>
   4.14
  </rating>
  <reviews>
   103106
  </reviews>
  <new>
   -
  </new>
  <exclusive>
   yes
  </exclusive>
  <sporty>
   no
  </sporty>
 </clothing>
 <clothing>
  <id>
   490168302
  </id>
  <name>
   Converse Blouse W-6795
  </name>
  <category>
   Blouse
  </category>
  <size>
   L
  </size>
  <color>
   Фиолетовый
  </color>
  <material>
   Нейлон
  </material>
  <price>
   291459
  </price>
  <rating>
   2.31
  </rating>
  <reviews>
   491722
  </reviews>
  <exclusive>
   yes
  </exclusive>
  <sporty>
   no
  </sporty>
 </clothing>
 <clothing>
  <id>
   891749213
  </id>
  <name>
   Vans Socks I-4980
  </name>
  <category>
   Socks
  </category>
  <size>
   XL
  </size>
  <color>
   Зеленый
  </color>
  <material>
   Шерсть
  </material>
  <price>
   868083
  </price>
  <rating>
   2.24
  </rating>
  <reviews>
   946610
  </reviews>
  <exclusive>
   no
  </exclusive>
  <sporty>
   no
  </sporty>
 </clothing>
 <clothing>
  <id>
   434185395
  </id>
  <name>
   DC Gloves U-8740
  </name>
  <category>
   Gloves
  </category>
  <size>
   XL
  </size>
  <color>
   Красный
  </color>
  <material>
   Нейлон
  </material>
  <price>
   434265
  </price>
  <rating>
   1.29
  </rating>
  <reviews>
   562668
  </reviews>
  <exclusive>
   no
  </exclusive>
  <sporty>
   no
  </sporty>
 </clothing>
 <clothing>
  <id>
   923735837
  </id>
  <name>
   PleinSport Hat P-5674
  </name>
  <category>
   Hat
  </category>
  <size>
   S
  </size>
  <color>
   Зеленый
  </color>
  <material>
   Шерсть
  </material>
  <price>
   862752
  </price>
  <rating>
   5.0
  </rating>
  <reviews>
   193027
  </reviews>
  <exclusive>
   yes
  </exclusive>
 </clothing>
 <clothing>
  <id>
   359883210
  </id>
  <name>
   Lacoste Shirt H-3387
  </name>
  <category>
   Shirt
  </category>
  <size>
   XXL
  </size>
  <color>
   Голубой
  </color>
  <material>
   Нейлон
  </material>
  <price>
   635161
  </price>
  <rating>
   2.58
  </rating>
  <reviews>
   62722
  </reviews>
  <new>
   -
  </new>
 </clothing>
 <clothing>
  <id>
   126262891
  </id>
  <name>
   Converse Pants C-1013
  </name>
  <category>
   Pants
  </category>
  <size>
   S
  </size>
  <color>
   Красный
  </color>
  <material>
   Хлопок
  </material>
  <price>
   625602
  </price>
  <rating>
   2.99
  </rating>
  <reviews>
   41601
  </reviews>
  <new>
   -
  </new>
 </clothing>
 <clothing>
  <id>
   592145320
  </id>
  <name>
   Adidas Gloves G-3947
  </name>
  <category>
   Gloves
  </category>
  <size>
   M
  </size>
  <color>
   Желтый
  </color>
  <material>
   Вискоза
  </material>
  <price>
   155834
  </price>
  <rating>
   4.76
  </rating>
  <reviews>
   919304
  </reviews>
  <new>
   +
  </new>
  <exclusive>
   no
  </exclusive>
 </clothing>
 <clothing>
  <id>
   326309624
  </id>
  <name>
   Fila Umbrellas U-8772
  </name>
  <category>
   Umbrellas
  </category>
  <size>
   XXL
  </size>
  <color>
   Голубой
  </color>
  <material>
   Вискоза
  </material>
  <price>
   567315
  </price>
  <rating>
   1.26
  </rating>
  <reviews>
   240886
  </reviews>
  <new>
   +
  </new>
 </clothing>
 <clothing>
  <id>
   632385091
  </id>
  <name>
   Converse Jacket G-7791
  </name>
  <category>
   Jacket
  </category>
  <size>
   S
  </size>
  <color>
   Красный
  </color>
  <material>
   Шерсть
  </material>
  <price>
   697439
  </price>
  <rating>
   4.71
  </rating>
  <reviews>
   845282
  </reviews>
  <new>
   -
  </new>
  <exclusive>
   yes
  </exclusive>
  <sporty>
   yes
  </sporty>
 </clothing>
 <clothing>
  <id>
   911392891
  </id>
  <name>
   PleinSport T-shirt R-4006
  </name>
  <category>
   T-shirt
  </category>
  <size>
   S
  </size>
  <color>
   Красный
  </color>
  <material>
   Хлопок
  </material>
  <price>
   481597
  </price>
  <rating>
   2.61
  </rating>
  <reviews>
   618291
  </reviews>
 </clothing>
 <clothing>
  <id>
   315249417
  </id>
  <name>
   New Balance Belts Z-3824
  </name>
  <category>
   Belts
  </category>
  <size>
   M
  </size>
  <color>
   Оранжевый
  </color>
  <material>
   Хлопок
  </material>
  <price>
   170635
  </price>
  <rating>
   1.85
  </rating>
  <reviews>
   710947
  </reviews>
 </clothing>
 <clothing>
  <id>
   847329865
  </id>
  <name>
   Vans Umbrellas X-3850
  </name>
  <category>
   Umbrellas
  </category>
  <size>
   M
  </size>
  <color>
   Желтый
  </color>
  <material>
   Кожа
  </material>
  <price>
   679104
  </price>
  <rating>
   3.72
  </rating>
  <reviews>
   236476
  </reviews>
 </clothing>
 <clothing>
  <id>
   427128194
  </id>
  <name>
   Vans Belts F-9546
  </name>
  <category>
   Belts
  </category>
  <size>
   XL
  </size>
  <color>
   Синий
  </color>
  <material>
   Полиэстер
  </material>
  <price>
   905852
  </price>
  <rating>
   1.3
  </rating>
  <reviews>
   502240
  </reviews>
  <new>
   -
  </new>
  <sporty>
   no
  </sporty>
 </clothing>
 <clothing>
  <id>
   331145504
  </id>
  <name>
   Adidas Sweater M-2086
  </name>
  <category>
   Sweater
  </category>
  <size>
   XL
  </size>
  <color>
   Голубой
  </color>
  <material>
   Шелк
  </material>
  <price>
   440766
  </price>
  <rating>
   3.85
  </rating>
  <reviews>
   608493
  </reviews>
  <exclusive>
   no
  </exclusive>
 </clothing>
</clothing-items>
