<?xml version="1.0" encoding="utf-8"?>
<clothing-items>
 <clothing>
  <id>
   526297093
  </id>
  <name>
   New Balance Socks A-7873
  </name>
  <category>
   Socks
  </category>
  <size>
   XXL
  </size>
  <color>
   Фиолетовый
  </color>
  <material>
   Нейлон
  </material>
  <price>
   649110
  </price>
  <rating>
   1.13
  </rating>
  <reviews>
   847209
  </reviews>
  <new>
   -
  </new>
  <sporty>
   no
  </sporty>
 </clothing>
 <clothing>
  <id>
   930010485
  </id>
  <name>
   Reebok Jacket L-1614
  </name>
  <category>
   Jacket
  </category>
  <size>
   XL
  </size>
  <color>
   Зеленый
  </color>
  <material>
   Кожа
  </material>
  <price>
   956821
  </price>
  <rating>
   3.19
  </rating>
  <reviews>
   128337
  </reviews>
  <new>
   -
  </new>
  <exclusive>
   no
  </exclusive>
  <sporty>
   no
  </sporty>
 </clothing>
 <clothing>
  <id>
   169252996
  </id>
  <name>
   Addidas Hat D-6405
  </name>
  <category>
   Hat
  </category>
  <size>
   M
  </size>
  <color>
   Желтый
  </color>
  <material>
   Шерсть
  </material>
  <price>
   929812
  </price>
  <rating>
   3.28
  </rating>
  <reviews>
   225186
  </reviews>
  <new>
   +
  </new>
  <sporty>
   no
  </sporty>
 </clothing>
 <clothing>
  <id>
   510967446
  </id>
  <name>
   Nike Handbags R-9092
  </name>
  <category>
   Handbags
  </category>
  <size>
   M
  </size>
  <color>
   Желтый
  </color>
  <material>
   Нейлон
  </material>
  <price>
   582423
  </price>
  <rating>
   1.91
  </rating>
  <reviews>
   122235
  </reviews>
  <new>
   -
  </new>
  <sporty>
   yes
  </sporty>
 </clothing>
 <clothing>
  <id>
   852479503
  </id>
  <name>
   Reebok Shirt S-3984
  </name>
  <category>
   Shirt
  </category>
  <size>
   XXL
  </size>
  <color>
   Зеленый
  </color>
  <material>
   Полиэстер
  </material>
  <price>
   251255
  </price>
  <rating>
   1.32
  </rating>
  <reviews>
   686711
  </reviews>
  <sporty>
   yes
  </sporty>
 </clothing>
 <clothing>
  <id>
   664454369
  </id>
  <name>
   Brooks Umbrellas W-5702
  </name>
  <category>
   Umbrellas
  </category>
  <size>
   L
  </size>
  <color>
   Красный
  </color>
  <material>
   Нейлон
  </material>
  <price>
   432912
  </price>
  <rating>
   4.65
  </rating>
  <reviews>
   273542
  </reviews>
  <new>
   -
  </new>
  <exclusive>
   no
  </exclusive>
 </clothing>
 <clothing>
  <id>
   701244647
  </id>
  <name>
   Addidas Handbags Q-3530
  </name>
  <category>
   Handbags
  </category>
  <size>
   XXL
  </size>
  <color>
   Синий
  </color>
  <material>
   Нейлон
  </material>
  <price>
   242677
  </price>
  <rating>
   1.05
  </rating>
  <reviews>
   538005
  </reviews>
  <new>
   -
  </new>
  <sporty>
   yes
  </sporty>
 </clothing>
 <clothing>
  <id>
   223755583
  </id>
  <name>
   Fila Jacket E-8894
  </name>
  <category>
   Jacket
  </category>
  <size>
   XL
  </size>
  <color>
   Желтый
  </color>
  <material>
   Шелк
  </material>
  <price>
   583307
  </price>
  <rating>
   1.91
  </rating>
  <reviews>
   151470
  </reviews>
  <exclusive>
   yes
  </exclusive>
  <sporty>
   yes
  </sporty>
 </clothing>
 <clothing>
  <id>
   283948646
  </id>
  <name>
   Reebok Sweater G-2209
  </name>
  <category>
   Sweater
  </category>
  <size>
   XL
  </size>
  <color>
   Голубой
  </color>
  <material>
   Лен
  </material>
  <price>
   261435
  </price>
  <rating>
   4.8
  </rating>
  <reviews>
   101479
  </reviews>
  <new>
   +
  </new>
 </clothing>
 <clothing>
  <id>
   267399526
  </id>
  <name>
   Reebok Blouse X-2574
  </name>
  <category>
   Blouse
  </category>
  <size>
   S
  </size>
  <color>
   Желтый
  </color>
  <material>
   Хлопок
  </material>
  <price>
   370808
  </price>
  <rating>
   4.26
  </rating>
  <reviews>
   536870
  </reviews>
 </clothing>
 <clothing>
  <id>
   241198847
  </id>
  <name>
   PleinSport Pants G-6816
  </name>
  <category>
   Pants
  </category>
  <size>
   XXL
  </size>
  <color>
   Красный
  </color>
  <material>
   Кожа
  </material>
  <price>
   369745
  </price>
  <rating>
   3.5
  </rating>
  <reviews>
   14689
  </reviews>
  <new>
   -
  </new>
  <sporty>
   yes
  </sporty>
 </clothing>
 <clothing>
  <id>
   108660407
  </id>
  <name>
   Adidas Belts E-7456
  </name>
  <category>
   Belts
  </category>
  <size>
   M
  </size>
  <color>
   Синий
  </color>
  <material>
   Хлопок
  </material>
  <price>
   942555
  </price>
  <rating>
   3.3
  </rating>
  <reviews>
   222923
  </reviews>
  <new>
   +
  </new>
  <exclusive>
   yes
  </exclusive>
  <sporty>
   no
  </sporty>
 </clothing>
 <clothing>
  <id>
   393348102
  </id>
  <name>
   Fila Socks H-8644
  </name>
  <category>
   Socks
  </category>
  <size>
   L
  </size>
  <color>
   Красный
  </color>
  <material>
   Лен
  </material>
  <price>
   299990
  </price>
  <rating>
   2.9
  </rating>
  <reviews>
   461746
  </reviews>
  <new>
   +
  </new>
  <exclusive>
   yes
  </exclusive>
  <sporty>
   yes
  </sporty>
 </clothing>
 <clothing>
  <id>
   506731930
  </id>
  <name>
   Under Armour Dress Y-1680
  </name>
  <category>
   Dress
  </category>
  <size>
   XL
  </size>
  <color>
   Фиолетовый
  </color>
  <material>
   Шелк
  </material>
  <price>
   438782
  </price>
  <rating>
   1.05
  </rating>
  <reviews>
   845845
  </reviews>
 </clothing>
 <clothing>
  <id>
   482400566
  </id>
  <name>
   DC Blouse Q-6317
  </name>
  <category>
   Blouse
  </category>
  <size>
   L
  </size>
  <color>
   Зеленый
  </color>
  <material>
   Полиэстер
  </material>
  <price>
   214438
  </price>
  <rating>
   4.77
  </rating>
  <reviews>
   342550
  </reviews>
  <new>
   -
  </new>
 </clothing>
 <clothing>
  <id>
   827207271
  </id>
  <name>
   Brooks Belts C-8742
  </name>
  <category>
   Belts
  </category>
  <size>
   L
  </size>
  <color>
   Синий
  </color>
  <material>
   Вискоза
  </material>
  <price>
   329320
  </price>
  <rating>
   4.46
  </rating>
  <reviews>
   39412
  </reviews>
  <new>
   -
  </new>
  <sporty>
   no
  </sporty>
 </clothing>
 <clothing>
  <id>
   374903546
  </id>
  <name>
   PleinSport Skirt T-1755
  </name>
  <category>
   Skirt
  </category>
  <size>
   L
  </size>
  <color>
   Синий
  </color>
  <material>
   Вискоза
  </material>
  <price>
   875972
  </price>
  <rating>
   3.86
  </rating>
  <reviews>
   830928
  </reviews>
  <new>
   -
  </new>
 </clothing>
 <clothing>
  <id>
   498790621
  </id>
  <name>
   DC Blouse L-8555
  </name>
  <category>
   Blouse
  </category>
  <size>
   M
  </size>
  <color>
   Фиолетовый
  </color>
  <material>
   Кожа
  </material>
  <price>
   178947
  </price>
  <rating>
   2.17
  </rating>
  <reviews>
   506421
  </reviews>
  <exclusive>
   no
  </exclusive>
  <sporty>
   no
  </sporty>
 </clothing>
 <clothing>
  <id>
   102333745
  </id>
  <name>
   Puma Skirt K-7394
  </name>
  <category>
   Skirt
  </category>
  <size>
   S
  </size>
  <color>
   Голубой
  </color>
  <material>
   Полиэстер
  </material>
  <price>
   725951
  </price>
  <rating>
   2.23
  </rating>
  <reviews>
   441495
  </reviews>
  <exclusive>
   no
  </exclusive>
 </clothing>
 <clothing>
  <id>
   608561046
  </id>
  <name>
   Puma Pants F-3987
  </name>
  <category>
   Pants
  </category>
  <size>
   XXL
  </size>
  <color>
   Зеленый
  </color>
  <material>
   Лен
  </material>
  <price>
   297561
  </price>
  <rating>
   4.93
  </rating>
  <reviews>
   779683
  </reviews>
 </clothing>
 <clothing>
  <id>
   988106943
  </id>
  <name>
   Lacoste Handbags I-8495
  </name>
  <category>
   Handbags
  </category>
  <size>
   S
  </size>
  <color>
   Фиолетовый
  </color>
  <material>
   Шелк
  </material>
  <price>
   599561
  </price>
  <rating>
   4.11
  </rating>
  <reviews>
   423046
  </reviews>
  <new>
   -
  </new>
  <sporty>
   yes
  </sporty>
 </clothing>
 <clothing>
  <id>
   200279155
  </id>
  <name>
   DC Blouse U-3591
  </name>
  <category>
   Blouse
  </category>
  <size>
   XXL
  </size>
  <color>
   Зеленый
  </color>
  <material>
   Полиэстер
  </material>
  <price>
   751975
  </price>
  <rating>
   3.02
  </rating>
  <reviews>
   205502
  </reviews>
  <new>
   -
  </new>
  <exclusive>
   yes
  </exclusive>
  <sporty>
   no
  </sporty>
 </clothing>
 <clothing>
  <id>
   503668082
  </id>
  <name>
   Asics Socks W-4329
  </name>
  <category>
   Socks
  </category>
  <size>
   XXL
  </size>
  <color>
   Фиолетовый
  </color>
  <material>
   Кожа
  </material>
  <price>
   164349
  </price>
  <rating>
   4.93
  </rating>
  <reviews>
   113575
  </reviews>
  <new>
   -
  </new>
  <exclusive>
   yes
  </exclusive>
 </clothing>
 <clothing>
  <id>
   118213829
  </id>
  <name>
   Asics Pants O-3601
  </name>
  <category>
   Pants
  </category>
  <size>
   M
  </size>
  <color>
   Красный
  </color>
  <material>
   Вискоза
  </material>
  <price>
   632404
  </price>
  <rating>
   1.5
  </rating>
  <reviews>
   989895
  </reviews>
  <new>
   -
  </new>
  <exclusive>
   no
  </exclusive>
  <sporty>
   no
  </sporty>
 </clothing>
 <clothing>
  <id>
   330393404
  </id>
  <name>
   Puma Blouse Y-8462
  </name>
  <category>
   Blouse
  </category>
  <size>
   S
  </size>
  <color>
   Голубой
  </color>
  <material>
   Нейлон
  </material>
  <price>
   694687
  </price>
  <rating>
   4.25
  </rating>
  <reviews>
   865011
  </reviews>
  <new>
   -
  </new>
  <sporty>
   no
  </sporty>
 </clothing>
 <clothing>
  <id>
   335963687
  </id>
  <name>
   Brooks Shirt H-7962
  </name>
  <category>
   Shirt
  </category>
  <size>
   XXL
  </size>
  <color>
   Желтый
  </color>
  <material>
   Шерсть
  </material>
  <price>
   566266
  </price>
  <rating>
   2.98
  </rating>
  <reviews>
   745276
  </reviews>
  <sporty>
   yes
  </sporty>
 </clothing>
 <clothing>
  <id>
   979336841
  </id>
  <name>
   DC Jacket T-4864
  </name>
  <category>
   Jacket
  </category>
  <size>
   XXL
  </size>
  <color>
   Оранжевый
  </color>
  <material>
   Шелк
  </material>
  <price>
   597950
  </price>
  <rating>
   1.25
  </rating>
  <reviews>
   828218
  </reviews>
  <new>
   -
  </new>
  <sporty>
   no
  </sporty>
 </clothing>
 <clothing>
  <id>
   582933261
  </id>
  <name>
   DC Shoes R-8289
  </name>
  <category>
   Shoes
  </category>
  <size>
   S
  </size>
  <color>
   Зеленый
  </color>
  <material>
   Вискоза
  </material>
  <price>
   885632
  </price>
  <rating>
   4.12
  </rating>
  <reviews>
   554566
  </reviews>
  <exclusive>
   yes
  </exclusive>
 </clothing>
 <clothing>
  <id>
   928425935
  </id>
  <name>
   DC Shoes T-5158
  </name>
  <category>
   Shoes
  </category>
  <size>
   XXL
  </size>
  <color>
   Синий
  </color>
  <material>
   Шерсть
  </material>
  <price>
   898767
  </price>
  <rating>
   3.18
  </rating>
  <reviews>
   127922
  </reviews>
  <new>
   +
  </new>
  <exclusive>
   no
  </exclusive>
  <sporty>
   no
  </sporty>
 </clothing>
 <clothing>
  <id>
   320739079
  </id>
  <name>
   Fila Shirt P-9051
  </name>
  <category>
   Shirt
  </category>
  <size>
   S
  </size>
  <color>
   Синий
  </color>
  <material>
   Кожа
  </material>
  <price>
   604856
  </price>
  <rating>
   1.07
  </rating>
  <reviews>
   542924
  </reviews>
  <new>
   -
  </new>
 </clothing>
 <clothing>
  <id>
   179023610
  </id>
  <name>
   PleinSport Shirt I-3660
  </name>
  <category>
   Shirt
  </category>
  <size>
   S
  </size>
  <color>
   Оранжевый
  </color>
  <material>
   Лен
  </material>
  <price>
   737181
  </price>
  <rating>
   3.35
  </rating>
  <reviews>
   853058
  </reviews>
  <exclusive>
   yes
  </exclusive>
 </clothing>
 <clothing>
  <id>
   629371034
  </id>
  <name>
   Lacoste Skirt O-9314
  </name>
  <category>
   Skirt
  </category>
  <size>
   M
  </size>
  <color>
   Оранжевый
  </color>
  <material>
   Нейлон
  </material>
  <price>
   418030
  </price>
  <rating>
   2.47
  </rating>
  <reviews>
   236791
  </reviews>
 </clothing>
 <clothing>
  <id>
   245377551
  </id>
  <name>
   Under Armour Sweater R-9318
  </name>
  <category>
   Sweater
  </category>
  <size>
   S
  </size>
  <color>
   Голубой
  </color>
  <material>
   Лен
  </material>
  <price>
   205064
  </price>
  <rating>
   1.74
  </rating>
  <reviews>
   578587
  </reviews>
  <exclusive>
   yes
  </exclusive>
 </clothing>
 <clothing>
  <id>
   990046430
  </id>
  <name>
   Adidas Shirt L-9556
  </name>
  <category>
   Shirt
  </category>
  <size>
   M
  </size>
  <color>
   Голубой
  </color>
  <material>
   Лен
  </material>
  <price>
   671764
  </price>
  <rating>
   2.82
  </rating>
  <reviews>
   735741
  </reviews>
  <exclusive>
   yes
  </exclusive>
 </clothing>
 <clothing>
  <id>
   531430627
  </id>
  <name>
   Brooks Pants M-6336
  </name>
  <category>
   Pants
  </category>
  <size>
   XXL
  </size>
  <color>
   Голубой
  </color>
  <material>
   Кожа
  </material>
  <price>
   575550
  </price>
  <rating>
   3.82
  </rating>
  <reviews>
   454565
  </reviews>
  <new>
   -
  </new>
  <exclusive>
   yes
  </exclusive>
 </clothing>
 <clothing>
  <id>
   479012253
  </id>
  <name>
   Addidas Shoes I-4854
  </name>
  <category>
   Shoes
  </category>
  <size>
   XXL
  </size>
  <color>
   Фиолетовый
  </color>
  <material>
   Вискоза
  </material>
  <price>
   937313
  </price>
  <rating>
   2.59
  </rating>
  <reviews>
   8592
  </reviews>
  <new>
   -
  </new>
  <exclusive>
   no
  </exclusive>
 </clothing>
 <clothing>
  <id>
   737057269
  </id>
  <name>
   Brooks Shirt Y-6133
  </name>
  <category>
   Shirt
  </category>
  <size>
   L
  </size>
  <color>
   Красный
  </color>
  <material>
   Нейлон
  </material>
  <price>
   512263
  </price>
  <rating>
   4.2
  </rating>
  <reviews>
   29564
  </reviews>
  <new>
   +
  </new>
  <exclusive>
   no
  </exclusive>
 </clothing>
 <clothing>
  <id>
   968091269
  </id>
  <name>
   Under Armour Socks W-8056
  </name>
  <category>
   Socks
  </category>
  <size>
   XXL
  </size>
  <color>
   Красный
  </color>
  <material>
   Кожа
  </material>
  <price>
   704705
  </price>
  <rating>
   3.32
  </rating>
  <reviews>
   236448
  </reviews>
  <exclusive>
   yes
  </exclusive>
 </clothing>
 <clothing>
  <id>
   164303729
  </id>
  <name>
   New Balance Socks P-1020
  </name>
  <category>
   Socks
  </category>
  <size>
   XXL
  </size>
  <color>
   Голубой
  </color>
  <material>
   Шерсть
  </material>
  <price>
   287223
  </price>
  <rating>
   2.27
  </rating>
  <reviews>
   209841
  </reviews>
  <new>
   -
  </new>
  <sporty>
   no
  </sporty>
 </clothing>
 <clothing>
  <id>
   801248117
  </id>
  <name>
   Brooks Belts I-3829
  </name>
  <category>
   Belts
  </category>
  <size>
   M
  </size>
  <color>
   Фиолетовый
  </color>
  <material>
   Нейлон
  </material>
  <price>
   829897
  </price>
  <rating>
   1.44
  </rating>
  <reviews>
   998408
  </reviews>
  <exclusive>
   no
  </exclusive>
  <sporty>
   no
  </sporty>
 </clothing>
 <clothing>
  <id>
   301508839
  </id>
  <name>
   Addidas Blouse U-4322
  </name>
  <category>
   Blouse
  </category>
  <size>
   XXL
  </size>
  <color>
   Зеленый
  </color>
  <material>
   Кожа
  </material>
  <price>
   678555
  </price>
  <rating>
   4.21
  </rating>
  <reviews>
   548229
  </reviews>
  <new>
   +
  </new>
 </clothing>
 <clothing>
  <id>
   842150609
  </id>
  <name>
   PleinSport Blouse F-4241
  </name>
  <category>
   Blouse
  </category>
  <size>
   S
  </size>
  <color>
   Фиолетовый
  </color>
  <material>
   Хлопок
  </material>
  <price>
   243420
  </price>
  <rating>
   3.04
  </rating>
  <reviews>
   684544
  </reviews>
  <exclusive>
   no
  </exclusive>
 </clothing>
 <clothing>
  <id>
   243607084
  </id>
  <name>
   DC Belts I-4538
  </name>
  <category>
   Belts
  </category>
  <size>
   S
  </size>
  <color>
   Синий
  </color>
  <material>
   Шерсть
  </material>
  <price>
   268154
  </price>
  <rating>
   3.83
  </rating>
  <reviews>
   836992
  </reviews>
  <new>
   +
  </new>
  <sporty>
   no
  </sporty>
 </clothing>
 <clothing>
  <id>
   624993307
  </id>
  <name>
   Puma Skirt A-8888
  </name>
  <category>
   Skirt
  </category>
  <size>
   S
  </size>
  <color>
   Голубой
  </color>
  <material>
   Вискоза
  </material>
  <price>
   741823
  </price>
  <rating>
   2.33
  </rating>
  <reviews>
   979077
  </reviews>
  <exclusive>
   no
  </exclusive>
 </clothing>
</clothing-items>
