<?xml version="1.0" encoding="utf-8"?>
<clothing-items>
 <clothing>
  <id>
   272912480
  </id>
  <name>
   New Balance Jacket N-9633
  </name>
  <category>
   Jacket
  </category>
  <size>
   XXL
  </size>
  <color>
   Синий
  </color>
  <material>
   Шерсть
  </material>
  <price>
   271065
  </price>
  <rating>
   2.22
  </rating>
  <reviews>
   48375
  </reviews>
  <sporty>
   no
  </sporty>
 </clothing>
 <clothing>
  <id>
   401642114
  </id>
  <name>
   Lacoste T-shirt V-4384
  </name>
  <category>
   T-shirt
  </category>
  <size>
   M
  </size>
  <color>
   Фиолетовый
  </color>
  <material>
   Вискоза
  </material>
  <price>
   307398
  </price>
  <rating>
   2.75
  </rating>
  <reviews>
   547926
  </reviews>
  <exclusive>
   no
  </exclusive>
 </clothing>
 <clothing>
  <id>
   770705547
  </id>
  <name>
   Ellesse Jeans A-4048
  </name>
  <category>
   Jeans
  </category>
  <size>
   XL
  </size>
  <color>
   Голубой
  </color>
  <material>
   Шерсть
  </material>
  <price>
   655439
  </price>
  <rating>
   4.09
  </rating>
  <reviews>
   270951
  </reviews>
  <new>
   -
  </new>
  <sporty>
   yes
  </sporty>
 </clothing>
 <clothing>
  <id>
   743339082
  </id>
  <name>
   Fila Socks Y-9926
  </name>
  <category>
   Socks
  </category>
  <size>
   S
  </size>
  <color>
   Желтый
  </color>
  <material>
   Нейлон
  </material>
  <price>
   764194
  </price>
  <rating>
   1.46
  </rating>
  <reviews>
   783107
  </reviews>
  <new>
   +
  </new>
  <sporty>
   no
  </sporty>
 </clothing>
 <clothing>
  <id>
   963441820
  </id>
  <name>
   Under Armour Handbags S-7588
  </name>
  <category>
   Handbags
  </category>
  <size>
   S
  </size>
  <color>
   Синий
  </color>
  <material>
   Вискоза
  </material>
  <price>
   193260
  </price>
  <rating>
   4.99
  </rating>
  <reviews>
   38743
  </reviews>
  <new>
   +
  </new>
  <sporty>
   no
  </sporty>
 </clothing>
 <clothing>
  <id>
   271263653
  </id>
  <name>
   Reebok Pants M-3487
  </name>
  <category>
   Pants
  </category>
  <size>
   XXL
  </size>
  <color>
   Желтый
  </color>
  <material>
   Хлопок
  </material>
  <price>
   828638
  </price>
  <rating>
   3.2
  </rating>
  <reviews>
   241164
  </reviews>
  <exclusive>
   no
  </exclusive>
 </clothing>
 <clothing>
  <id>
   917890651
  </id>
  <name>
   DC Shirt Z-8685
  </name>
  <category>
   Shirt
  </category>
  <size>
   XL
  </size>
  <color>
   Синий
  </color>
  <material>
   Полиэстер
  </material>
  <price>
   244832
  </price>
  <rating>
   4.8
  </rating>
  <reviews>
   253465
  </reviews>
  <new>
   +
  </new>
  <sporty>
   no
  </sporty>
 </clothing>
 <clothing>
  <id>
   295137638
  </id>
  <name>
   Puma Shirt R-6669
  </name>
  <category>
   Shirt
  </category>
  <size>
   M
  </size>
  <color>
   Синий
  </color>
  <material>
   Кожа
  </material>
  <price>
   768807
  </price>
  <rating>
   3.11
  </rating>
  <reviews>
   992782
  </reviews>
  <exclusive>
   no
  </exclusive>
 </clothing>
 <clothing>
  <id>
   620597512
  </id>
  <name>
   Adidas Jacket E-8445
  </name>
  <category>
   Jacket
  </category>
  <size>
   L
  </size>
  <color>
   Фиолетовый
  </color>
  <material>
   Шелк
  </material>
  <price>
   435476
  </price>
  <rating>
   1.98
  </rating>
  <reviews>
   196858
  </reviews>
  <new>
   +
  </new>
  <exclusive>
   no
  </exclusive>
  <sporty>
   yes
  </sporty>
 </clothing>
 <clothing>
  <id>
   422920254
  </id>
  <name>
   Reebok Blouse P-5530
  </name>
  <category>
   Blouse
  </category>
  <size>
   XXL
  </size>
  <color>
   Синий
  </color>
  <material>
   Полиэстер
  </material>
  <price>
   993673
  </price>
  <rating>
   1.45
  </rating>
  <reviews>
   513729
  </reviews>
  <new>
   +
  </new>
  <exclusive>
   no
  </exclusive>
  <sporty>
   no
  </sporty>
 </clothing>
 <clothing>
  <id>
   971522608
  </id>
  <name>
   Asics Handbags R-7578
  </name>
  <category>
   Handbags
  </category>
  <size>
   XL
  </size>
  <color>
   Синий
  </color>
  <material>
   Нейлон
  </material>
  <price>
   414921
  </price>
  <rating>
   2.24
  </rating>
  <reviews>
   701727
  </reviews>
  <new>
   -
  </new>
  <exclusive>
   yes
  </exclusive>
 </clothing>
 <clothing>
  <id>
   411329484
  </id>
  <name>
   PleinSport Jeans G-6022
  </name>
  <category>
   Jeans
  </category>
  <size>
   XL
  </size>
  <color>
   Красный
  </color>
  <material>
   Шелк
  </material>
  <price>
   177842
  </price>
  <rating>
   2.12
  </rating>
  <reviews>
   838182
  </reviews>
  <exclusive>
   no
  </exclusive>
  <sporty>
   no
  </sporty>
 </clothing>
 <clothing>
  <id>
   707156362
  </id>
  <name>
   DC Skirt Y-2681
  </name>
  <category>
   Skirt
  </category>
  <size>
   M
  </size>
  <color>
   Голубой
  </color>
  <material>
   Хлопок
  </material>
  <price>
   373249
  </price>
  <rating>
   2.22
  </rating>
  <reviews>
   905861
  </reviews>
  <new>
   +
  </new>
  <sporty>
   no
  </sporty>
 </clothing>
 <clothing>
  <id>
   481818291
  </id>
  <name>
   Under Armour Shoes D-4412
  </name>
  <category>
   Shoes
  </category>
  <size>
   XL
  </size>
  <color>
   Голубой
  </color>
  <material>
   Лен
  </material>
  <price>
   841272
  </price>
  <rating>
   4.29
  </rating>
  <reviews>
   736059
  </reviews>
  <new>
   -
  </new>
  <sporty>
   yes
  </sporty>
 </clothing>
 <clothing>
  <id>
   619653205
  </id>
  <name>
   Nike Gloves A-4824
  </name>
  <category>
   Gloves
  </category>
  <size>
   L
  </size>
  <color>
   Зеленый
  </color>
  <material>
   Полиэстер
  </material>
  <price>
   150090
  </price>
  <rating>
   3.42
  </rating>
  <reviews>
   31882
  </reviews>
  <new>
   -
  </new>
  <exclusive>
   yes
  </exclusive>
  <sporty>
   no
  </sporty>
 </clothing>
 <clothing>
  <id>
   590889320
  </id>
  <name>
   Vans Shirt Y-4639
  </name>
  <category>
   Shirt
  </category>
  <size>
   S
  </size>
  <color>
   Оранжевый
  </color>
  <material>
   Полиэстер
  </material>
  <price>
   526528
  </price>
  <rating>
   4.92
  </rating>
  <reviews>
   574236
  </reviews>
  <new>
   -
  </new>
  <exclusive>
   yes
  </exclusive>
  <sporty>
   no
  </sporty>
 </clothing>
 <clothing>
  <id>
   641694350
  </id>
  <name>
   Under Armour Sweater O-4351
  </name>
  <category>
   Sweater
  </category>
  <size>
   XXL
  </size>
  <color>
   Голубой
  </color>
  <material>
   Нейлон
  </material>
  <price>
   585456
  </price>
  <rating>
   1.83
  </rating>
  <reviews>
   569401
  </reviews>
  <new>
   -
  </new>
  <exclusive>
   no
  </exclusive>
 </clothing>
 <clothing>
  <id>
   310813320
  </id>
  <name>
   Brooks Gloves R-4974
  </name>
  <category>
   Gloves
  </category>
  <size>
   XL
  </size>
  <color>
   Оранжевый
  </color>
  <material>
   Лен
  </material>
  <price>
   632513
  </price>
  <rating>
   2.04
  </rating>
  <reviews>
   656397
  </reviews>
  <new>
   -
  </new>
  <exclusive>
   no
  </exclusive>
  <sporty>
   no
  </sporty>
 </clothing>
 <clothing>
  <id>
   302611340
  </id>
  <name>
   Adidas Gloves M-6777
  </name>
  <category>
   Gloves
  </category>
  <size>
   L
  </size>
  <color>
   Желтый
  </color>
  <material>
   Полиэстер
  </material>
  <price>
   637296
  </price>
  <rating>
   1.17
  </rating>
  <reviews>
   103475
  </reviews>
  <new>
   -
  </new>
  <sporty>
   no
  </sporty>
 </clothing>
 <clothing>
  <id>
   378192348
  </id>
  <name>
   Under Armour Sweater N-6635
  </name>
  <category>
   Sweater
  </category>
  <size>
   XL
  </size>
  <color>
   Красный
  </color>
  <material>
   Полиэстер
  </material>
  <price>
   554189
  </price>
  <rating>
   2.95
  </rating>
  <reviews>
   592366
  </reviews>
  <new>
   +
  </new>
 </clothing>
 <clothing>
  <id>
   850413671
  </id>
  <name>
   Asics Shoes J-6003
  </name>
  <category>
   Shoes
  </category>
  <size>
   XXL
  </size>
  <color>
   Синий
  </color>
  <material>
   Вискоза
  </material>
  <price>
   497782
  </price>
  <rating>
   3.27
  </rating>
  <reviews>
   689629
  </reviews>
  <new>
   -
  </new>
  <sporty>
   no
  </sporty>
 </clothing>
 <clothing>
  <id>
   480806303
  </id>
  <name>
   Fila Jacket K-3880
  </name>
  <category>
   Jacket
  </category>
  <size>
   M
  </size>
  <color>
   Оранжевый
  </color>
  <material>
   Полиэстер
  </material>
  <price>
   557828
  </price>
  <rating>
   2.43
  </rating>
  <reviews>
   185888
  </reviews>
  <exclusive>
   no
  </exclusive>
 </clothing>
 <clothing>
  <id>
   796605635
  </id>
  <name>
   Brooks Handbags X-9124
  </name>
  <category>
   Handbags
  </category>
  <size>
   XXL
  </size>
  <color>
   Фиолетовый
  </color>
  <material>
   Шерсть
  </material>
  <price>
   588135
  </price>
  <rating>
   3.43
  </rating>
  <reviews>
   900150
  </reviews>
  <exclusive>
   no
  </exclusive>
 </clothing>
 <clothing>
  <id>
   204109779
  </id>
  <name>
   Vans Belts P-2141
  </name>
  <category>
   Belts
  </category>
  <size>
   S
  </size>
  <color>
   Фиолетовый
  </color>
  <material>
   Хлопок
  </material>
  <price>
   352369
  </price>
  <rating>
   2.21
  </rating>
  <reviews>
   730218
  </reviews>
  <new>
   +
  </new>
  <exclusive>
   yes
  </exclusive>
 </clothing>
 <clothing>
  <id>
   766823890
  </id>
  <name>
   Under Armour Socks E-9662
  </name>
  <category>
   Socks
  </category>
  <size>
   L
  </size>
  <color>
   Оранжевый
  </color>
  <material>
   Хлопок
  </material>
  <price>
   733864
  </price>
  <rating>
   3.56
  </rating>
  <reviews>
   693766
  </reviews>
  <exclusive>
   yes
  </exclusive>
 </clothing>
 <clothing>
  <id>
   726860077
  </id>
  <name>
   Asics Gloves V-8176
  </name>
  <category>
   Gloves
  </category>
  <size>
   XL
  </size>
  <color>
   Фиолетовый
  </color>
  <material>
   Шелк
  </material>
  <price>
   285863
  </price>
  <rating>
   1.38
  </rating>
  <reviews>
   598870
  </reviews>
  <new>
   +
  </new>
  <exclusive>
   no
  </exclusive>
  <sporty>
   yes
  </sporty>
 </clothing>
 <clothing>
  <id>
   158872302
  </id>
  <name>
   Ellesse Jacket N-6610
  </name>
  <category>
   Jacket
  </category>
  <size>
   S
  </size>
  <color>
   Желтый
  </color>
  <material>
   Вискоза
  </material>
  <price>
   594557
  </price>
  <rating>
   3.64
  </rating>
  <reviews>
   228663
  </reviews>
  <new>
   -
  </new>
  <sporty>
   no
  </sporty>
 </clothing>
 <clothing>
  <id>
   118783929
  </id>
  <name>
   Converse Dress W-4784
  </name>
  <category>
   Dress
  </category>
  <size>
   L
  </size>
  <color>
   Оранжевый
  </color>
  <material>
   Кожа
  </material>
  <price>
   169672
  </price>
  <rating>
   2.43
  </rating>
  <reviews>
   340511
  </reviews>
  <new>
   -
  </new>
  <sporty>
   yes
  </sporty>
 </clothing>
 <clothing>
  <id>
   361214342
  </id>
  <name>
   Nike T-shirt S-7236
  </name>
  <category>
   T-shirt
  </category>
  <size>
   S
  </size>
  <color>
   Оранжевый
  </color>
  <material>
   Лен
  </material>
  <price>
   489593
  </price>
  <rating>
   3.47
  </rating>
  <reviews>
   158500
  </reviews>
  <new>
   -
  </new>
  <exclusive>
   yes
  </exclusive>
  <sporty>
   yes
  </sporty>
 </clothing>
 <clothing>
  <id>
   165762074
  </id>
  <name>
   Puma Pants G-6770
  </name>
  <category>
   Pants
  </category>
  <size>
   L
  </size>
  <color>
   Синий
  </color>
  <material>
   Полиэстер
  </material>
  <price>
   270071
  </price>
  <rating>
   4.12
  </rating>
  <reviews>
   982210
  </reviews>
  <new>
   -
  </new>
 </clothing>
 <clothing>
  <id>
   344227370
  </id>
  <name>
   Lacoste Gloves F-4821
  </name>
  <category>
   Gloves
  </category>
  <size>
   M
  </size>
  <color>
   Голубой
  </color>
  <material>
   Вискоза
  </material>
  <price>
   581152
  </price>
  <rating>
   3.34
  </rating>
  <reviews>
   762653
  </reviews>
  <new>
   -
  </new>
 </clothing>
 <clothing>
  <id>
   754156993
  </id>
  <name>
   Fila Umbrellas F-9939
  </name>
  <category>
   Umbrellas
  </category>
  <size>
   S
  </size>
  <color>
   Красный
  </color>
  <material>
   Шелк
  </material>
  <price>
   147904
  </price>
  <rating>
   1.02
  </rating>
  <reviews>
   992102
  </reviews>
  <exclusive>
   yes
  </exclusive>
  <sporty>
   no
  </sporty>
 </clothing>
 <clothing>
  <id>
   844934716
  </id>
  <name>
   Adidas Belts Q-7473
  </name>
  <category>
   Belts
  </category>
  <size>
   L
  </size>
  <color>
   Желтый
  </color>
  <material>
   Хлопок
  </material>
  <price>
   190416
  </price>
  <rating>
   3.04
  </rating>
  <reviews>
   145373
  </reviews>
  <new>
   -
  </new>
  <sporty>
   no
  </sporty>
 </clothing>
 <clothing>
  <id>
   133638142
  </id>
  <name>
   PleinSport T-shirt L-5311
  </name>
  <category>
   T-shirt
  </category>
  <size>
   XL
  </size>
  <color>
   Зеленый
  </color>
  <material>
   Вискоза
  </material>
  <price>
   313139
  </price>
  <rating>
   4.53
  </rating>
  <reviews>
   659379
  </reviews>
  <new>
   +
  </new>
  <sporty>
   no
  </sporty>
 </clothing>
 <clothing>
  <id>
   514369115
  </id>
  <name>
   Addidas Shirt L-5051
  </name>
  <category>
   Shirt
  </category>
  <size>
   XXL
  </size>
  <color>
   Фиолетовый
  </color>
  <material>
   Вискоза
  </material>
  <price>
   265864
  </price>
  <rating>
   3.07
  </rating>
  <reviews>
   870295
  </reviews>
  <exclusive>
   no
  </exclusive>
 </clothing>
 <clothing>
  <id>
   869985529
  </id>
  <name>
   New Balance T-shirt O-1963
  </name>
  <category>
   T-shirt
  </category>
  <size>
   S
  </size>
  <color>
   Фиолетовый
  </color>
  <material>
   Вискоза
  </material>
  <price>
   332709
  </price>
  <rating>
   4.48
  </rating>
  <reviews>
   435496
  </reviews>
 </clothing>
 <clothing>
  <id>
   369207007
  </id>
  <name>
   Fila Sweater M-9309
  </name>
  <category>
   Sweater
  </category>
  <size>
   L
  </size>
  <color>
   Желтый
  </color>
  <material>
   Шерсть
  </material>
  <price>
   833154
  </price>
  <rating>
   4.81
  </rating>
  <reviews>
   523871
  </reviews>
  <new>
   -
  </new>
 </clothing>
 <clothing>
  <id>
   316393136
  </id>
  <name>
   New Balance Hat S-4441
  </name>
  <category>
   Hat
  </category>
  <size>
   L
  </size>
  <color>
   Желтый
  </color>
  <material>
   Полиэстер
  </material>
  <price>
   898342
  </price>
  <rating>
   2.83
  </rating>
  <reviews>
   781470
  </reviews>
  <new>
   -
  </new>
  <sporty>
   no
  </sporty>
 </clothing>
 <clothing>
  <id>
   875984430
  </id>
  <name>
   Reebok Shirt C-9925
  </name>
  <category>
   Shirt
  </category>
  <size>
   L
  </size>
  <color>
   Синий
  </color>
  <material>
   Кожа
  </material>
  <price>
   917771
  </price>
  <rating>
   4.49
  </rating>
  <reviews>
   723299
  </reviews>
  <new>
   +
  </new>
  <exclusive>
   no
  </exclusive>
  <sporty>
   no
  </sporty>
 </clothing>
 <clothing>
  <id>
   302399006
  </id>
  <name>
   Reebok Dress Y-1559
  </name>
  <category>
   Dress
  </category>
  <size>
   L
  </size>
  <color>
   Желтый
  </color>
  <material>
   Вискоза
  </material>
  <price>
   177667
  </price>
  <rating>
   2.56
  </rating>
  <reviews>
   451905
  </reviews>
  <new>
   -
  </new>
  <exclusive>
   no
  </exclusive>
  <sporty>
   yes
  </sporty>
 </clothing>
 <clothing>
  <id>
   604736470
  </id>
  <name>
   DC Dress G-2639
  </name>
  <category>
   Dress
  </category>
  <size>
   L
  </size>
  <color>
   Голубой
  </color>
  <material>
   Шерсть
  </material>
  <price>
   173631
  </price>
  <rating>
   4.52
  </rating>
  <reviews>
   104601
  </reviews>
  <exclusive>
   no
  </exclusive>
  <sporty>
   no
  </sporty>
 </clothing>
 <clothing>
  <id>
   817277703
  </id>
  <name>
   Reebok Dress N-5259
  </name>
  <category>
   Dress
  </category>
  <size>
   XL
  </size>
  <color>
   Оранжевый
  </color>
  <material>
   Лен
  </material>
  <price>
   192903
  </price>
  <rating>
   4.9
  </rating>
  <reviews>
   617945
  </reviews>
  <exclusive>
   no
  </exclusive>
 </clothing>
 <clothing>
  <id>
   585036565
  </id>
  <name>
   Converse Gloves L-6222
  </name>
  <category>
   Gloves
  </category>
  <size>
   XL
  </size>
  <color>
   Зеленый
  </color>
  <material>
   Кожа
  </material>
  <price>
   172303
  </price>
  <rating>
   3.56
  </rating>
  <reviews>
   219447
  </reviews>
 </clothing>
 <clothing>
  <id>
   756066622
  </id>
  <name>
   Reebok Jacket O-5885
  </name>
  <category>
   Jacket
  </category>
  <size>
   L
  </size>
  <color>
   Желтый
  </color>
  <material>
   Хлопок
  </material>
  <price>
   537563
  </price>
  <rating>
   1.22
  </rating>
  <reviews>
   11806
  </reviews>
  <new>
   -
  </new>
  <exclusive>
   yes
  </exclusive>
 </clothing>
 <clothing>
  <id>
   275872391
  </id>
  <name>
   PleinSport Socks Z-1040
  </name>
  <category>
   Socks
  </category>
  <size>
   XL
  </size>
  <color>
   Желтый
  </color>
  <material>
   Шерсть
  </material>
  <price>
   383922
  </price>
  <rating>
   2.45
  </rating>
  <reviews>
   531393
  </reviews>
  <new>
   +
  </new>
  <exclusive>
   no
  </exclusive>
  <sporty>
   no
  </sporty>
 </clothing>
 <clothing>
  <id>
   389924537
  </id>
  <name>
   Fila Shirt R-7612
  </name>
  <category>
   Shirt
  </category>
  <size>
   M
  </size>
  <color>
   Зеленый
  </color>
  <material>
   Нейлон
  </material>
  <price>
   963713
  </price>
  <rating>
   4.07
  </rating>
  <reviews>
   553705
  </reviews>
  <new>
   -
  </new>
 </clothing>
 <clothing>
  <id>
   351598130
  </id>
  <name>
   Ellesse Dress P-4970
  </name>
  <category>
   Dress
  </category>
  <size>
   XL
  </size>
  <color>
   Синий
  </color>
  <material>
   Кожа
  </material>
  <price>
   780217
  </price>
  <rating>
   3.21
  </rating>
  <reviews>
   255180
  </reviews>
  <exclusive>
   yes
  </exclusive>
  <sporty>
   no
  </sporty>
 </clothing>
</clothing-items>
