<?xml version="1.0" encoding="utf-8"?>
<clothing-items>
 <clothing>
  <id>
   689107569
  </id>
  <name>
   Vans Shirt B-6888
  </name>
  <category>
   Shirt
  </category>
  <size>
   M
  </size>
  <color>
   Оранжевый
  </color>
  <material>
   Лен
  </material>
  <price>
   302980
  </price>
  <rating>
   3.14
  </rating>
  <reviews>
   945348
  </reviews>
  <new>
   -
  </new>
  <exclusive>
   yes
  </exclusive>
  <sporty>
   no
  </sporty>
 </clothing>
 <clothing>
  <id>
   320767889
  </id>
  <name>
   Reebok Gloves O-5054
  </name>
  <category>
   Gloves
  </category>
  <size>
   S
  </size>
  <color>
   Желтый
  </color>
  <material>
   Шерсть
  </material>
  <price>
   775949
  </price>
  <rating>
   3.34
  </rating>
  <reviews>
   768391
  </reviews>
  <exclusive>
   no
  </exclusive>
 </clothing>
 <clothing>
  <id>
   926902763
  </id>
  <name>
   DC Hat V-2493
  </name>
  <category>
   Hat
  </category>
  <size>
   S
  </size>
  <color>
   Синий
  </color>
  <material>
   Вискоза
  </material>
  <price>
   411455
  </price>
  <rating>
   1.1
  </rating>
  <reviews>
   900000
  </reviews>
  <new>
   -
  </new>
  <exclusive>
   no
  </exclusive>
 </clothing>
 <clothing>
  <id>
   552944873
  </id>
  <name>
   Brooks T-shirt O-7605
  </name>
  <category>
   T-shirt
  </category>
  <size>
   XXL
  </size>
  <color>
   Фиолетовый
  </color>
  <material>
   Полиэстер
  </material>
  <price>
   894510
  </price>
  <rating>
   3.31
  </rating>
  <reviews>
   332995
  </reviews>
 </clothing>
 <clothing>
  <id>
   164682866
  </id>
  <name>
   Nike Blouse K-3984
  </name>
  <category>
   Blouse
  </category>
  <size>
   S
  </size>
  <color>
   Фиолетовый
  </color>
  <material>
   Хлопок
  </material>
  <price>
   400854
  </price>
  <rating>
   2.49
  </rating>
  <reviews>
   629075
  </reviews>
  <new>
   +
  </new>
  <exclusive>
   yes
  </exclusive>
 </clothing>
 <clothing>
  <id>
   511391219
  </id>
  <name>
   Converse Umbrellas A-8249
  </name>
  <category>
   Umbrellas
  </category>
  <size>
   M
  </size>
  <color>
   Оранжевый
  </color>
  <material>
   Шерсть
  </material>
  <price>
   551110
  </price>
  <rating>
   4.72
  </rating>
  <reviews>
   389861
  </reviews>
  <exclusive>
   no
  </exclusive>
  <sporty>
   no
  </sporty>
 </clothing>
 <clothing>
  <id>
   720384045
  </id>
  <name>
   Vans Shirt U-1171
  </name>
  <category>
   Shirt
  </category>
  <size>
   XXL
  </size>
  <color>
   Красный
  </color>
  <material>
   Вискоза
  </material>
  <price>
   820032
  </price>
  <rating>
   3.45
  </rating>
  <reviews>
   491798
  </reviews>
 </clothing>
 <clothing>
  <id>
   577719136
  </id>
  <name>
   Adidas Gloves M-3336
  </name>
  <category>
   Gloves
  </category>
  <size>
   L
  </size>
  <color>
   Красный
  </color>
  <material>
   Вискоза
  </material>
  <price>
   897529
  </price>
  <rating>
   2.11
  </rating>
  <reviews>
   330923
  </reviews>
  <new>
   -
  </new>
  <exclusive>
   no
  </exclusive>
  <sporty>
   yes
  </sporty>
 </clothing>
 <clothing>
  <id>
   153827344
  </id>
  <name>
   Adidas Belts T-3183
  </name>
  <category>
   Belts
  </category>
  <size>
   XXL
  </size>
  <color>
   Желтый
  </color>
  <material>
   Полиэстер
  </material>
  <price>
   573570
  </price>
  <rating>
   4.68
  </rating>
  <reviews>
   928912
  </reviews>
  <new>
   -
  </new>
  <sporty>
   no
  </sporty>
 </clothing>
 <clothing>
  <id>
   246761494
  </id>
  <name>
   Lacoste Handbags I-4623
  </name>
  <category>
   Handbags
  </category>
  <size>
   L
  </size>
  <color>
   Красный
  </color>
  <material>
   Шерсть
  </material>
  <price>
   706531
  </price>
  <rating>
   3.91
  </rating>
  <reviews>
   432709
  </reviews>
  <new>
   +
  </new>
  <sporty>
   no
  </sporty>
 </clothing>
 <clothing>
  <id>
   687457379
  </id>
  <name>
   Ellesse Jeans S-2978
  </name>
  <category>
   Jeans
  </category>
  <size>
   M
  </size>
  <color>
   Красный
  </color>
  <material>
   Шелк
  </material>
  <price>
   117947
  </price>
  <rating>
   4.31
  </rating>
  <reviews>
   432208
  </reviews>
  <new>
   -
  </new>
  <exclusive>
   yes
  </exclusive>
  <sporty>
   yes
  </sporty>
 </clothing>
 <clothing>
  <id>
   945437284
  </id>
  <name>
   Asics Jeans Z-7917
  </name>
  <category>
   Jeans
  </category>
  <size>
   L
  </size>
  <color>
   Желтый
  </color>
  <material>
   Кожа
  </material>
  <price>
   194543
  </price>
  <rating>
   4.17
  </rating>
  <reviews>
   525339
  </reviews>
  <new>
   -
  </new>
 </clothing>
 <clothing>
  <id>
   773592768
  </id>
  <name>
   Ellesse Shirt C-9688
  </name>
  <category>
   Shirt
  </category>
  <size>
   XXL
  </size>
  <color>
   Зеленый
  </color>
  <material>
   Нейлон
  </material>
  <price>
   233244
  </price>
  <rating>
   1.84
  </rating>
  <reviews>
   381397
  </reviews>
  <sporty>
   no
  </sporty>
 </clothing>
 <clothing>
  <id>
   154318473
  </id>
  <name>
   DC Socks R-6920
  </name>
  <category>
   Socks
  </category>
  <size>
   XL
  </size>
  <color>
   Оранжевый
  </color>
  <material>
   Шелк
  </material>
  <price>
   619897
  </price>
  <rating>
   2.64
  </rating>
  <reviews>
   332234
  </reviews>
  <exclusive>
   yes
  </exclusive>
 </clothing>
 <clothing>
  <id>
   638699330
  </id>
  <name>
   Puma Hat Z-5525
  </name>
  <category>
   Hat
  </category>
  <size>
   S
  </size>
  <color>
   Синий
  </color>
  <material>
   Хлопок
  </material>
  <price>
   945009
  </price>
  <rating>
   4.7
  </rating>
  <reviews>
   390998
  </reviews>
  <new>
   +
  </new>
  <sporty>
   yes
  </sporty>
 </clothing>
 <clothing>
  <id>
   565603727
  </id>
  <name>
   Brooks Shoes W-3917
  </name>
  <category>
   Shoes
  </category>
  <size>
   M
  </size>
  <color>
   Фиолетовый
  </color>
  <material>
   Шерсть
  </material>
  <price>
   491698
  </price>
  <rating>
   4.65
  </rating>
  <reviews>
   522029
  </reviews>
  <new>
   -
  </new>
  <sporty>
   yes
  </sporty>
 </clothing>
 <clothing>
  <id>
   980223626
  </id>
  <name>
   New Balance Skirt L-9026
  </name>
  <category>
   Skirt
  </category>
  <size>
   L
  </size>
  <color>
   Фиолетовый
  </color>
  <material>
   Кожа
  </material>
  <price>
   894991
  </price>
  <rating>
   2.76
  </rating>
  <reviews>
   450329
  </reviews>
  <new>
   +
  </new>
  <sporty>
   no
  </sporty>
 </clothing>
 <clothing>
  <id>
   256771652
  </id>
  <name>
   PleinSport Sweater C-5841
  </name>
  <category>
   Sweater
  </category>
  <size>
   XXL
  </size>
  <color>
   Желтый
  </color>
  <material>
   Вискоза
  </material>
  <price>
   503297
  </price>
  <rating>
   2.85
  </rating>
  <reviews>
   461130
  </reviews>
  <new>
   +
  </new>
  <exclusive>
   yes
  </exclusive>
 </clothing>
 <clothing>
  <id>
   344983855
  </id>
  <name>
   Nike T-shirt R-2443
  </name>
  <category>
   T-shirt
  </category>
  <size>
   S
  </size>
  <color>
   Синий
  </color>
  <material>
   Нейлон
  </material>
  <price>
   220493
  </price>
  <rating>
   3.39
  </rating>
  <reviews>
   72077
  </reviews>
  <sporty>
   no
  </sporty>
 </clothing>
 <clothing>
  <id>
   820774496
  </id>
  <name>
   Nike T-shirt M-9567
  </name>
  <category>
   T-shirt
  </category>
  <size>
   L
  </size>
  <color>
   Оранжевый
  </color>
  <material>
   Нейлон
  </material>
  <price>
   711759
  </price>
  <rating>
   1.77
  </rating>
  <reviews>
   890420
  </reviews>
  <new>
   -
  </new>
  <exclusive>
   no
  </exclusive>
 </clothing>
 <clothing>
  <id>
   615237122
  </id>
  <name>
   Lacoste Jacket Z-4050
  </name>
  <category>
   Jacket
  </category>
  <size>
   XXL
  </size>
  <color>
   Синий
  </color>
  <material>
   Хлопок
  </material>
  <price>
   629567
  </price>
  <rating>
   4.04
  </rating>
  <reviews>
   176839
  </reviews>
  <exclusive>
   no
  </exclusive>
  <sporty>
   no
  </sporty>
 </clothing>
</clothing-items>
