<?xml version="1.0" encoding="utf-8"?>
<clothing-items>
 <clothing>
  <id>
   497432599
  </id>
  <name>
   Vans Belts Y-3345
  </name>
  <category>
   Belts
  </category>
  <size>
   XL
  </size>
  <color>
   Красный
  </color>
  <material>
   Вискоза
  </material>
  <price>
   143888
  </price>
  <rating>
   1.32
  </rating>
  <reviews>
   707743
  </reviews>
  <new>
   -
  </new>
  <exclusive>
   no
  </exclusive>
  <sporty>
   no
  </sporty>
 </clothing>
 <clothing>
  <id>
   696132251
  </id>
  <name>
   Adidas Jeans E-6204
  </name>
  <category>
   Jeans
  </category>
  <size>
   S
  </size>
  <color>
   Зеленый
  </color>
  <material>
   Хлопок
  </material>
  <price>
   834995
  </price>
  <rating>
   3.82
  </rating>
  <reviews>
   494711
  </reviews>
  <new>
   -
  </new>
  <exclusive>
   yes
  </exclusive>
  <sporty>
   no
  </sporty>
 </clothing>
 <clothing>
  <id>
   631704821
  </id>
  <name>
   PleinSport Handbags B-1804
  </name>
  <category>
   Handbags
  </category>
  <size>
   M
  </size>
  <color>
   Желтый
  </color>
  <material>
   Полиэстер
  </material>
  <price>
   760809
  </price>
  <rating>
   2.39
  </rating>
  <reviews>
   181474
  </reviews>
  <exclusive>
   no
  </exclusive>
 </clothing>
 <clothing>
  <id>
   376256174
  </id>
  <name>
   Puma Pants O-5595
  </name>
  <category>
   Pants
  </category>
  <size>
   M
  </size>
  <color>
   Голубой
  </color>
  <material>
   Вискоза
  </material>
  <price>
   376886
  </price>
  <rating>
   4.25
  </rating>
  <reviews>
   459956
  </reviews>
  <new>
   +
  </new>
  <exclusive>
   no
  </exclusive>
 </clothing>
 <clothing>
  <id>
   668629892
  </id>
  <name>
   Puma Handbags I-7805
  </name>
  <category>
   Handbags
  </category>
  <size>
   L
  </size>
  <color>
   Желтый
  </color>
  <material>
   Хлопок
  </material>
  <price>
   184256
  </price>
  <rating>
   2.88
  </rating>
  <reviews>
   124820
  </reviews>
  <new>
   -
  </new>
  <sporty>
   yes
  </sporty>
 </clothing>
 <clothing>
  <id>
   434859686
  </id>
  <name>
   Vans Jeans M-6018
  </name>
  <category>
   Jeans
  </category>
  <size>
   XXL
  </size>
  <color>
   Фиолетовый
  </color>
  <material>
   Вискоза
  </material>
  <price>
   822052
  </price>
  <rating>
   3.53
  </rating>
  <reviews>
   564057
  </reviews>
  <new>
   -
  </new>
 </clothing>
 <clothing>
  <id>
   350644498
  </id>
  <name>
   New Balance Skirt E-1940
  </name>
  <category>
   Skirt
  </category>
  <size>
   XL
  </size>
  <color>
   Красный
  </color>
  <material>
   Шелк
  </material>
  <price>
   717912
  </price>
  <rating>
   3.22
  </rating>
  <reviews>
   64842
  </reviews>
  <new>
   -
  </new>
  <sporty>
   yes
  </sporty>
 </clothing>
 <clothing>
  <id>
   152287262
  </id>
  <name>
   Vans Shirt K-6534
  </name>
  <category>
   Shirt
  </category>
  <size>
   XXL
  </size>
  <color>
   Красный
  </color>
  <material>
   Нейлон
  </material>
  <price>
   681467
  </price>
  <rating>
   4.31
  </rating>
  <reviews>
   351415
  </reviews>
  <new>
   +
  </new>
  <exclusive>
   no
  </exclusive>
  <sporty>
   yes
  </sporty>
 </clothing>
 <clothing>
  <id>
   352477182
  </id>
  <name>
   Puma Sweater E-8787
  </name>
  <category>
   Sweater
  </category>
  <size>
   XL
  </size>
  <color>
   Фиолетовый
  </color>
  <material>
   Хлопок
  </material>
  <price>
   657650
  </price>
  <rating>
   1.74
  </rating>
  <reviews>
   655064
  </reviews>
  <new>
   -
  </new>
  <sporty>
   no
  </sporty>
 </clothing>
 <clothing>
  <id>
   149076000
  </id>
  <name>
   Nike Sweater O-2693
  </name>
  <category>
   Sweater
  </category>
  <size>
   XL
  </size>
  <color>
   Красный
  </color>
  <material>
   Хлопок
  </material>
  <price>
   447157
  </price>
  <rating>
   3.85
  </rating>
  <reviews>
   63708
  </reviews>
  <sporty>
   yes
  </sporty>
 </clothing>
 <clothing>
  <id>
   729991522
  </id>
  <name>
   Reebok Skirt C-3025
  </name>
  <category>
   Skirt
  </category>
  <size>
   M
  </size>
  <color>
   Зеленый
  </color>
  <material>
   Вискоза
  </material>
  <price>
   941321
  </price>
  <rating>
   2.22
  </rating>
  <reviews>
   497353
  </reviews>
  <new>
   +
  </new>
  <exclusive>
   yes
  </exclusive>
  <sporty>
   yes
  </sporty>
 </clothing>
 <clothing>
  <id>
   712071212
  </id>
  <name>
   Addidas Blouse S-9176
  </name>
  <category>
   Blouse
  </category>
  <size>
   S
  </size>
  <color>
   Желтый
  </color>
  <material>
   Лен
  </material>
  <price>
   442341
  </price>
  <rating>
   3.79
  </rating>
  <reviews>
   4774
  </reviews>
 </clothing>
 <clothing>
  <id>
   908084318
  </id>
  <name>
   Ellesse Socks R-6206
  </name>
  <category>
   Socks
  </category>
  <size>
   M
  </size>
  <color>
   Зеленый
  </color>
  <material>
   Нейлон
  </material>
  <price>
   210672
  </price>
  <rating>
   3.05
  </rating>
  <reviews>
   499143
  </reviews>
  <new>
   +
  </new>
  <sporty>
   yes
  </sporty>
 </clothing>
 <clothing>
  <id>
   864009817
  </id>
  <name>
   Asics Handbags S-8392
  </name>
  <category>
   Handbags
  </category>
  <size>
   L
  </size>
  <color>
   Синий
  </color>
  <material>
   Вискоза
  </material>
  <price>
   501901
  </price>
  <rating>
   3.26
  </rating>
  <reviews>
   537326
  </reviews>
  <exclusive>
   yes
  </exclusive>
  <sporty>
   no
  </sporty>
 </clothing>
 <clothing>
  <id>
   331021883
  </id>
  <name>
   Under Armour Shirt Z-6762
  </name>
  <category>
   Shirt
  </category>
  <size>
   M
  </size>
  <color>
   Оранжевый
  </color>
  <material>
   Шерсть
  </material>
  <price>
   256358
  </price>
  <rating>
   1.99
  </rating>
  <reviews>
   457170
  </reviews>
  <new>
   +
  </new>
  <exclusive>
   yes
  </exclusive>
  <sporty>
   no
  </sporty>
 </clothing>
 <clothing>
  <id>
   393716688
  </id>
  <name>
   Asics Dress V-9760
  </name>
  <category>
   Dress
  </category>
  <size>
   XXL
  </size>
  <color>
   Синий
  </color>
  <material>
   Нейлон
  </material>
  <price>
   735304
  </price>
  <rating>
   1.27
  </rating>
  <reviews>
   896430
  </reviews>
  <new>
   +
  </new>
  <sporty>
   no
  </sporty>
 </clothing>
 <clothing>
  <id>
   545085845
  </id>
  <name>
   Adidas Shoes Y-4473
  </name>
  <category>
   Shoes
  </category>
  <size>
   M
  </size>
  <color>
   Голубой
  </color>
  <material>
   Хлопок
  </material>
  <price>
   578545
  </price>
  <rating>
   4.6
  </rating>
  <reviews>
   107477
  </reviews>
  <sporty>
   no
  </sporty>
 </clothing>
 <clothing>
  <id>
   588138373
  </id>
  <name>
   Vans Shirt R-6360
  </name>
  <category>
   Shirt
  </category>
  <size>
   S
  </size>
  <color>
   Желтый
  </color>
  <material>
   Шелк
  </material>
  <price>
   268274
  </price>
  <rating>
   2.58
  </rating>
  <reviews>
   858305
  </reviews>
  <new>
   -
  </new>
  <exclusive>
   no
  </exclusive>
 </clothing>
 <clothing>
  <id>
   743130482
  </id>
  <name>
   New Balance Dress Z-3729
  </name>
  <category>
   Dress
  </category>
  <size>
   XL
  </size>
  <color>
   Желтый
  </color>
  <material>
   Вискоза
  </material>
  <price>
   537393
  </price>
  <rating>
   4.25
  </rating>
  <reviews>
   394581
  </reviews>
  <new>
   -
  </new>
 </clothing>
 <clothing>
  <id>
   476907320
  </id>
  <name>
   Nike Skirt H-5903
  </name>
  <category>
   Skirt
  </category>
  <size>
   S
  </size>
  <color>
   Синий
  </color>
  <material>
   Полиэстер
  </material>
  <price>
   275043
  </price>
  <rating>
   3.35
  </rating>
  <reviews>
   192478
  </reviews>
  <exclusive>
   no
  </exclusive>
 </clothing>
 <clothing>
  <id>
   977778527
  </id>
  <name>
   PleinSport Pants T-2004
  </name>
  <category>
   Pants
  </category>
  <size>
   M
  </size>
  <color>
   Фиолетовый
  </color>
  <material>
   Шерсть
  </material>
  <price>
   689357
  </price>
  <rating>
   1.89
  </rating>
  <reviews>
   877132
  </reviews>
  <exclusive>
   no
  </exclusive>
 </clothing>
 <clothing>
  <id>
   435459474
  </id>
  <name>
   Asics Sweater W-9295
  </name>
  <category>
   Sweater
  </category>
  <size>
   XXL
  </size>
  <color>
   Фиолетовый
  </color>
  <material>
   Шелк
  </material>
  <price>
   961080
  </price>
  <rating>
   2.19
  </rating>
  <reviews>
   320763
  </reviews>
  <exclusive>
   no
  </exclusive>
  <sporty>
   no
  </sporty>
 </clothing>
 <clothing>
  <id>
   287913656
  </id>
  <name>
   Adidas Jacket N-9244
  </name>
  <category>
   Jacket
  </category>
  <size>
   M
  </size>
  <color>
   Оранжевый
  </color>
  <material>
   Шелк
  </material>
  <price>
   551227
  </price>
  <rating>
   2.35
  </rating>
  <reviews>
   5673
  </reviews>
  <exclusive>
   yes
  </exclusive>
 </clothing>
 <clothing>
  <id>
   566968552
  </id>
  <name>
   Ellesse Jacket R-1840
  </name>
  <category>
   Jacket
  </category>
  <size>
   XL
  </size>
  <color>
   Фиолетовый
  </color>
  <material>
   Нейлон
  </material>
  <price>
   287235
  </price>
  <rating>
   3.06
  </rating>
  <reviews>
   584714
  </reviews>
  <new>
   +
  </new>
  <exclusive>
   no
  </exclusive>
 </clothing>
 <clothing>
  <id>
   816233846
  </id>
  <name>
   Reebok Hat P-6792
  </name>
  <category>
   Hat
  </category>
  <size>
   XL
  </size>
  <color>
   Голубой
  </color>
  <material>
   Нейлон
  </material>
  <price>
   104054
  </price>
  <rating>
   2.67
  </rating>
  <reviews>
   273395
  </reviews>
  <new>
   +
  </new>
  <exclusive>
   yes
  </exclusive>
 </clothing>
 <clothing>
  <id>
   434463459
  </id>
  <name>
   DC Sweater K-8935
  </name>
  <category>
   Sweater
  </category>
  <size>
   M
  </size>
  <color>
   Зеленый
  </color>
  <material>
   Кожа
  </material>
  <price>
   314262
  </price>
  <rating>
   3.05
  </rating>
  <reviews>
   993469
  </reviews>
  <new>
   -
  </new>
  <sporty>
   yes
  </sporty>
 </clothing>
 <clothing>
  <id>
   385851434
  </id>
  <name>
   Under Armour Socks L-1649
  </name>
  <category>
   Socks
  </category>
  <size>
   S
  </size>
  <color>
   Желтый
  </color>
  <material>
   Полиэстер
  </material>
  <price>
   587206
  </price>
  <rating>
   3.77
  </rating>
  <reviews>
   326069
  </reviews>
  <sporty>
   no
  </sporty>
 </clothing>
 <clothing>
  <id>
   253400710
  </id>
  <name>
   Lacoste T-shirt Z-2697
  </name>
  <category>
   T-shirt
  </category>
  <size>
   XL
  </size>
  <color>
   Красный
  </color>
  <material>
   Шерсть
  </material>
  <price>
   305730
  </price>
  <rating>
   2.9
  </rating>
  <reviews>
   472537
  </reviews>
  <exclusive>
   yes
  </exclusive>
  <sporty>
   yes
  </sporty>
 </clothing>
 <clothing>
  <id>
   647607834
  </id>
  <name>
   Ellesse Umbrellas F-7772
  </name>
  <category>
   Umbrellas
  </category>
  <size>
   M
  </size>
  <color>
   Желтый
  </color>
  <material>
   Лен
  </material>
  <price>
   280986
  </price>
  <rating>
   2.89
  </rating>
  <reviews>
   384855
  </reviews>
  <exclusive>
   no
  </exclusive>
  <sporty>
   yes
  </sporty>
 </clothing>
 <clothing>
  <id>
   769920087
  </id>
  <name>
   PleinSport Sweater E-3425
  </name>
  <category>
   Sweater
  </category>
  <size>
   L
  </size>
  <color>
   Синий
  </color>
  <material>
   Вискоза
  </material>
  <price>
   544735
  </price>
  <rating>
   1.09
  </rating>
  <reviews>
   778342
  </reviews>
  <new>
   -
  </new>
  <exclusive>
   yes
  </exclusive>
  <sporty>
   no
  </sporty>
 </clothing>
 <clothing>
  <id>
   721682399
  </id>
  <name>
   Lacoste Skirt W-9556
  </name>
  <category>
   Skirt
  </category>
  <size>
   S
  </size>
  <color>
   Оранжевый
  </color>
  <material>
   Хлопок
  </material>
  <price>
   970856
  </price>
  <rating>
   2.16
  </rating>
  <reviews>
   374228
  </reviews>
  <exclusive>
   no
  </exclusive>
  <sporty>
   yes
  </sporty>
 </clothing>
</clothing-items>
