<?xml version="1.0" encoding="utf-8"?>
<clothing-items>
 <clothing>
  <id>
   495927981
  </id>
  <name>
   Ellesse Sweater M-6068
  </name>
  <category>
   Sweater
  </category>
  <size>
   M
  </size>
  <color>
   Красный
  </color>
  <material>
   Кожа
  </material>
  <price>
   141132
  </price>
  <rating>
   3.22
  </rating>
  <reviews>
   75440
  </reviews>
  <new>
   -
  </new>
  <exclusive>
   yes
  </exclusive>
  <sporty>
   no
  </sporty>
 </clothing>
 <clothing>
  <id>
   198615363
  </id>
  <name>
   DC T-shirt V-4590
  </name>
  <category>
   T-shirt
  </category>
  <size>
   S
  </size>
  <color>
   Оранжевый
  </color>
  <material>
   Полиэстер
  </material>
  <price>
   901314
  </price>
  <rating>
   3.78
  </rating>
  <reviews>
   379193
  </reviews>
  <exclusive>
   yes
  </exclusive>
 </clothing>
 <clothing>
  <id>
   177383268
  </id>
  <name>
   Fila Pants W-1095
  </name>
  <category>
   Pants
  </category>
  <size>
   M
  </size>
  <color>
   Синий
  </color>
  <material>
   Шелк
  </material>
  <price>
   877323
  </price>
  <rating>
   4.44
  </rating>
  <reviews>
   990685
  </reviews>
  <exclusive>
   no
  </exclusive>
  <sporty>
   no
  </sporty>
 </clothing>
 <clothing>
  <id>
   548966524
  </id>
  <name>
   Puma Belts S-4088
  </name>
  <category>
   Belts
  </category>
  <size>
   XXL
  </size>
  <color>
   Голубой
  </color>
  <material>
   Нейлон
  </material>
  <price>
   816596
  </price>
  <rating>
   1.44
  </rating>
  <reviews>
   282598
  </reviews>
 </clothing>
 <clothing>
  <id>
   264030422
  </id>
  <name>
   New Balance Belts Q-9068
  </name>
  <category>
   Belts
  </category>
  <size>
   XXL
  </size>
  <color>
   Красный
  </color>
  <material>
   Кожа
  </material>
  <price>
   572284
  </price>
  <rating>
   2.08
  </rating>
  <reviews>
   679906
  </reviews>
  <new>
   -
  </new>
  <exclusive>
   yes
  </exclusive>
  <sporty>
   no
  </sporty>
 </clothing>
 <clothing>
  <id>
   925021323
  </id>
  <name>
   Adidas Shoes Z-5720
  </name>
  <category>
   Shoes
  </category>
  <size>
   XL
  </size>
  <color>
   Голубой
  </color>
  <material>
   Хлопок
  </material>
  <price>
   522168
  </price>
  <rating>
   1.28
  </rating>
  <reviews>
   221321
  </reviews>
  <exclusive>
   yes
  </exclusive>
  <sporty>
   no
  </sporty>
 </clothing>
 <clothing>
  <id>
   725854227
  </id>
  <name>
   DC Dress Q-9844
  </name>
  <category>
   Dress
  </category>
  <size>
   XXL
  </size>
  <color>
   Фиолетовый
  </color>
  <material>
   Лен
  </material>
  <price>
   645607
  </price>
  <rating>
   1.14
  </rating>
  <reviews>
   357554
  </reviews>
  <sporty>
   no
  </sporty>
 </clothing>
 <clothing>
  <id>
   615267245
  </id>
  <name>
   Converse Socks H-4347
  </name>
  <category>
   Socks
  </category>
  <size>
   L
  </size>
  <color>
   Зеленый
  </color>
  <material>
   Кожа
  </material>
  <price>
   750382
  </price>
  <rating>
   2.86
  </rating>
  <reviews>
   584687
  </reviews>
  <new>
   +
  </new>
  <exclusive>
   no
  </exclusive>
 </clothing>
 <clothing>
  <id>
   268482233
  </id>
  <name>
   Adidas Hat G-9613
  </name>
  <category>
   Hat
  </category>
  <size>
   M
  </size>
  <color>
   Фиолетовый
  </color>
  <material>
   Вискоза
  </material>
  <price>
   924707
  </price>
  <rating>
   3.77
  </rating>
  <reviews>
   482000
  </reviews>
 </clothing>
 <clothing>
  <id>
   182680885
  </id>
  <name>
   Reebok Belts Q-4946
  </name>
  <category>
   Belts
  </category>
  <size>
   S
  </size>
  <color>
   Зеленый
  </color>
  <material>
   Вискоза
  </material>
  <price>
   961163
  </price>
  <rating>
   3.26
  </rating>
  <reviews>
   535588
  </reviews>
  <sporty>
   no
  </sporty>
 </clothing>
 <clothing>
  <id>
   794420509
  </id>
  <name>
   Fila Sweater H-8527
  </name>
  <category>
   Sweater
  </category>
  <size>
   XL
  </size>
  <color>
   Зеленый
  </color>
  <material>
   Нейлон
  </material>
  <price>
   583565
  </price>
  <rating>
   3.69
  </rating>
  <reviews>
   979539
  </reviews>
  <new>
   -
  </new>
  <exclusive>
   no
  </exclusive>
  <sporty>
   yes
  </sporty>
 </clothing>
 <clothing>
  <id>
   620132523
  </id>
  <name>
   PleinSport Skirt D-1518
  </name>
  <category>
   Skirt
  </category>
  <size>
   S
  </size>
  <color>
   Красный
  </color>
  <material>
   Хлопок
  </material>
  <price>
   357068
  </price>
  <rating>
   2.41
  </rating>
  <reviews>
   955522
  </reviews>
  <sporty>
   yes
  </sporty>
 </clothing>
 <clothing>
  <id>
   935030065
  </id>
  <name>
   Lacoste Pants Q-3614
  </name>
  <category>
   Pants
  </category>
  <size>
   M
  </size>
  <color>
   Красный
  </color>
  <material>
   Полиэстер
  </material>
  <price>
   713086
  </price>
  <rating>
   3.07
  </rating>
  <reviews>
   263393
  </reviews>
 </clothing>
 <clothing>
  <id>
   625618339
  </id>
  <name>
   Addidas Belts B-1346
  </name>
  <category>
   Belts
  </category>
  <size>
   S
  </size>
  <color>
   Голубой
  </color>
  <material>
   Лен
  </material>
  <price>
   952376
  </price>
  <rating>
   2.47
  </rating>
  <reviews>
   468623
  </reviews>
  <new>
   +
  </new>
  <exclusive>
   no
  </exclusive>
  <sporty>
   no
  </sporty>
 </clothing>
 <clothing>
  <id>
   589273103
  </id>
  <name>
   Asics Sweater I-2901
  </name>
  <category>
   Sweater
  </category>
  <size>
   XL
  </size>
  <color>
   Голубой
  </color>
  <material>
   Шелк
  </material>
  <price>
   316179
  </price>
  <rating>
   1.81
  </rating>
  <reviews>
   3123
  </reviews>
  <new>
   +
  </new>
  <sporty>
   yes
  </sporty>
 </clothing>
 <clothing>
  <id>
   153955443
  </id>
  <name>
   Adidas Shirt C-2173
  </name>
  <category>
   Shirt
  </category>
  <size>
   M
  </size>
  <color>
   Зеленый
  </color>
  <material>
   Нейлон
  </material>
  <price>
   415165
  </price>
  <rating>
   2.32
  </rating>
  <reviews>
   416646
  </reviews>
  <new>
   -
  </new>
  <sporty>
   yes
  </sporty>
 </clothing>
 <clothing>
  <id>
   620841269
  </id>
  <name>
   Vans Pants C-2925
  </name>
  <category>
   Pants
  </category>
  <size>
   XXL
  </size>
  <color>
   Оранжевый
  </color>
  <material>
   Хлопок
  </material>
  <price>
   702067
  </price>
  <rating>
   1.32
  </rating>
  <reviews>
   828315
  </reviews>
  <sporty>
   no
  </sporty>
 </clothing>
 <clothing>
  <id>
   762934307
  </id>
  <name>
   DC Hat V-3977
  </name>
  <category>
   Hat
  </category>
  <size>
   S
  </size>
  <color>
   Фиолетовый
  </color>
  <material>
   Вискоза
  </material>
  <price>
   958316
  </price>
  <rating>
   4.63
  </rating>
  <reviews>
   590757
  </reviews>
  <new>
   -
  </new>
  <exclusive>
   no
  </exclusive>
  <sporty>
   no
  </sporty>
 </clothing>
 <clothing>
  <id>
   273504748
  </id>
  <name>
   Adidas Shoes T-9235
  </name>
  <category>
   Shoes
  </category>
  <size>
   L
  </size>
  <color>
   Синий
  </color>
  <material>
   Шерсть
  </material>
  <price>
   102104
  </price>
  <rating>
   3.47
  </rating>
  <reviews>
   207368
  </reviews>
  <new>
   -
  </new>
  <exclusive>
   no
  </exclusive>
 </clothing>
 <clothing>
  <id>
   749559649
  </id>
  <name>
   Adidas Hat L-8672
  </name>
  <category>
   Hat
  </category>
  <size>
   M
  </size>
  <color>
   Фиолетовый
  </color>
  <material>
   Кожа
  </material>
  <price>
   170899
  </price>
  <rating>
   2.31
  </rating>
  <reviews>
   761066
  </reviews>
  <exclusive>
   no
  </exclusive>
  <sporty>
   no
  </sporty>
 </clothing>
 <clothing>
  <id>
   464136602
  </id>
  <name>
   Addidas Blouse K-4327
  </name>
  <category>
   Blouse
  </category>
  <size>
   S
  </size>
  <color>
   Оранжевый
  </color>
  <material>
   Полиэстер
  </material>
  <price>
   131813
  </price>
  <rating>
   2.88
  </rating>
  <reviews>
   872369
  </reviews>
  <exclusive>
   no
  </exclusive>
 </clothing>
 <clothing>
  <id>
   305360698
  </id>
  <name>
   Nike Jacket E-7316
  </name>
  <category>
   Jacket
  </category>
  <size>
   XXL
  </size>
  <color>
   Оранжевый
  </color>
  <material>
   Вискоза
  </material>
  <price>
   589416
  </price>
  <rating>
   1.98
  </rating>
  <reviews>
   175056
  </reviews>
  <new>
   +
  </new>
  <sporty>
   no
  </sporty>
 </clothing>
 <clothing>
  <id>
   266674963
  </id>
  <name>
   DC Skirt J-8223
  </name>
  <category>
   Skirt
  </category>
  <size>
   S
  </size>
  <color>
   Красный
  </color>
  <material>
   Вискоза
  </material>
  <price>
   875121
  </price>
  <rating>
   2.91
  </rating>
  <reviews>
   409515
  </reviews>
  <new>
   +
  </new>
  <exclusive>
   yes
  </exclusive>
  <sporty>
   yes
  </sporty>
 </clothing>
 <clothing>
  <id>
   662438786
  </id>
  <name>
   Asics Jeans G-3561
  </name>
  <category>
   Jeans
  </category>
  <size>
   XXL
  </size>
  <color>
   Синий
  </color>
  <material>
   Вискоза
  </material>
  <price>
   486169
  </price>
  <rating>
   1.25
  </rating>
  <reviews>
   450106
  </reviews>
  <new>
   -
  </new>
 </clothing>
 <clothing>
  <id>
   699924588
  </id>
  <name>
   Converse Hat G-8904
  </name>
  <category>
   Hat
  </category>
  <size>
   L
  </size>
  <color>
   Зеленый
  </color>
  <material>
   Шелк
  </material>
  <price>
   323030
  </price>
  <rating>
   2.4
  </rating>
  <reviews>
   944626
  </reviews>
  <exclusive>
   no
  </exclusive>
  <sporty>
   yes
  </sporty>
 </clothing>
 <clothing>
  <id>
   932270061
  </id>
  <name>
   Converse Handbags D-4288
  </name>
  <category>
   Handbags
  </category>
  <size>
   M
  </size>
  <color>
   Желтый
  </color>
  <material>
   Вискоза
  </material>
  <price>
   241224
  </price>
  <rating>
   2.14
  </rating>
  <reviews>
   119253
  </reviews>
  <exclusive>
   yes
  </exclusive>
 </clothing>
 <clothing>
  <id>
   405886557
  </id>
  <name>
   Under Armour Shoes Z-5904
  </name>
  <category>
   Shoes
  </category>
  <size>
   S
  </size>
  <color>
   Желтый
  </color>
  <material>
   Шерсть
  </material>
  <price>
   203442
  </price>
  <rating>
   4.19
  </rating>
  <reviews>
   688161
  </reviews>
  <new>
   -
  </new>
 </clothing>
 <clothing>
  <id>
   424513050
  </id>
  <name>
   Converse Shirt S-3921
  </name>
  <category>
   Shirt
  </category>
  <size>
   L
  </size>
  <color>
   Фиолетовый
  </color>
  <material>
   Вискоза
  </material>
  <price>
   773505
  </price>
  <rating>
   3.88
  </rating>
  <reviews>
   901160
  </reviews>
  <new>
   -
  </new>
  <exclusive>
   no
  </exclusive>
  <sporty>
   no
  </sporty>
 </clothing>
 <clothing>
  <id>
   330629606
  </id>
  <name>
   Asics Umbrellas U-2196
  </name>
  <category>
   Umbrellas
  </category>
  <size>
   L
  </size>
  <color>
   Красный
  </color>
  <material>
   Вискоза
  </material>
  <price>
   217079
  </price>
  <rating>
   4.58
  </rating>
  <reviews>
   384513
  </reviews>
  <new>
   -
  </new>
  <sporty>
   no
  </sporty>
 </clothing>
 <clothing>
  <id>
   836989972
  </id>
  <name>
   Puma Skirt O-5601
  </name>
  <category>
   Skirt
  </category>
  <size>
   S
  </size>
  <color>
   Синий
  </color>
  <material>
   Кожа
  </material>
  <price>
   319381
  </price>
  <rating>
   2.97
  </rating>
  <reviews>
   173786
  </reviews>
  <new>
   -
  </new>
  <exclusive>
   yes
  </exclusive>
  <sporty>
   yes
  </sporty>
 </clothing>
 <clothing>
  <id>
   246852463
  </id>
  <name>
   Adidas Hat P-2206
  </name>
  <category>
   Hat
  </category>
  <size>
   XXL
  </size>
  <color>
   Фиолетовый
  </color>
  <material>
   Хлопок
  </material>
  <price>
   427625
  </price>
  <rating>
   1.1
  </rating>
  <reviews>
   990636
  </reviews>
 </clothing>
 <clothing>
  <id>
   464778147
  </id>
  <name>
   Ellesse Dress V-4280
  </name>
  <category>
   Dress
  </category>
  <size>
   S
  </size>
  <color>
   Голубой
  </color>
  <material>
   Кожа
  </material>
  <price>
   539041
  </price>
  <rating>
   4.34
  </rating>
  <reviews>
   93022
  </reviews>
  <new>
   -
  </new>
  <sporty>
   no
  </sporty>
 </clothing>
 <clothing>
  <id>
   280697918
  </id>
  <name>
   Vans Pants P-5076
  </name>
  <category>
   Pants
  </category>
  <size>
   S
  </size>
  <color>
   Оранжевый
  </color>
  <material>
   Кожа
  </material>
  <price>
   984857
  </price>
  <rating>
   2.32
  </rating>
  <reviews>
   636538
  </reviews>
  <new>
   +
  </new>
  <exclusive>
   yes
  </exclusive>
 </clothing>
 <clothing>
  <id>
   246100946
  </id>
  <name>
   DC Blouse W-6509
  </name>
  <category>
   Blouse
  </category>
  <size>
   XXL
  </size>
  <color>
   Фиолетовый
  </color>
  <material>
   Шерсть
  </material>
  <price>
   651701
  </price>
  <rating>
   2.63
  </rating>
  <reviews>
   722153
  </reviews>
  <sporty>
   yes
  </sporty>
 </clothing>
 <clothing>
  <id>
   976160795
  </id>
  <name>
   Lacoste Belts O-1690
  </name>
  <category>
   Belts
  </category>
  <size>
   M
  </size>
  <color>
   Фиолетовый
  </color>
  <material>
   Хлопок
  </material>
  <price>
   589660
  </price>
  <rating>
   2.0
  </rating>
  <reviews>
   858037
  </reviews>
  <new>
   -
  </new>
  <exclusive>
   yes
  </exclusive>
 </clothing>
 <clothing>
  <id>
   848297945
  </id>
  <name>
   Fila Umbrellas H-2388
  </name>
  <category>
   Umbrellas
  </category>
  <size>
   S
  </size>
  <color>
   Синий
  </color>
  <material>
   Лен
  </material>
  <price>
   426481
  </price>
  <rating>
   3.26
  </rating>
  <reviews>
   335683
  </reviews>
 </clothing>
 <clothing>
  <id>
   979998115
  </id>
  <name>
   Nike Socks B-1097
  </name>
  <category>
   Socks
  </category>
  <size>
   XL
  </size>
  <color>
   Оранжевый
  </color>
  <material>
   Хлопок
  </material>
  <price>
   711027
  </price>
  <rating>
   2.48
  </rating>
  <reviews>
   272113
  </reviews>
  <sporty>
   no
  </sporty>
 </clothing>
 <clothing>
  <id>
   350892773
  </id>
  <name>
   Fila Pants R-2469
  </name>
  <category>
   Pants
  </category>
  <size>
   XL
  </size>
  <color>
   Желтый
  </color>
  <material>
   Шерсть
  </material>
  <price>
   787994
  </price>
  <rating>
   2.55
  </rating>
  <reviews>
   336168
  </reviews>
  <new>
   -
  </new>
 </clothing>
 <clothing>
  <id>
   415541850
  </id>
  <name>
   Asics Umbrellas D-4223
  </name>
  <category>
   Umbrellas
  </category>
  <size>
   XXL
  </size>
  <color>
   Красный
  </color>
  <material>
   Шерсть
  </material>
  <price>
   565060
  </price>
  <rating>
   4.18
  </rating>
  <reviews>
   564992
  </reviews>
  <new>
   +
  </new>
  <exclusive>
   yes
  </exclusive>
 </clothing>
</clothing-items>
