<?xml version="1.0" encoding="utf-8"?>
<clothing-items>
 <clothing>
  <id>
   353303391
  </id>
  <name>
   Ellesse Jacket Y-9270
  </name>
  <category>
   Jacket
  </category>
  <size>
   S
  </size>
  <color>
   Оранжевый
  </color>
  <material>
   Вискоза
  </material>
  <price>
   381611
  </price>
  <rating>
   4.91
  </rating>
  <reviews>
   351826
  </reviews>
  <exclusive>
   no
  </exclusive>
  <sporty>
   no
  </sporty>
 </clothing>
 <clothing>
  <id>
   177656438
  </id>
  <name>
   Converse T-shirt K-9010
  </name>
  <category>
   T-shirt
  </category>
  <size>
   XL
  </size>
  <color>
   Оранжевый
  </color>
  <material>
   Нейлон
  </material>
  <price>
   339363
  </price>
  <rating>
   2.18
  </rating>
  <reviews>
   296713
  </reviews>
  <sporty>
   yes
  </sporty>
 </clothing>
 <clothing>
  <id>
   710637058
  </id>
  <name>
   Under Armour Shoes C-7667
  </name>
  <category>
   Shoes
  </category>
  <size>
   S
  </size>
  <color>
   Красный
  </color>
  <material>
   Хлопок
  </material>
  <price>
   976210
  </price>
  <rating>
   3.84
  </rating>
  <reviews>
   460225
  </reviews>
  <new>
   -
  </new>
  <exclusive>
   yes
  </exclusive>
 </clothing>
 <clothing>
  <id>
   813377267
  </id>
  <name>
   Brooks Gloves Q-5298
  </name>
  <category>
   Gloves
  </category>
  <size>
   XL
  </size>
  <color>
   Зеленый
  </color>
  <material>
   Шелк
  </material>
  <price>
   890915
  </price>
  <rating>
   1.24
  </rating>
  <reviews>
   608011
  </reviews>
 </clothing>
 <clothing>
  <id>
   434646359
  </id>
  <name>
   Reebok Blouse Y-2970
  </name>
  <category>
   Blouse
  </category>
  <size>
   L
  </size>
  <color>
   Оранжевый
  </color>
  <material>
   Кожа
  </material>
  <price>
   761126
  </price>
  <rating>
   1.36
  </rating>
  <reviews>
   375186
  </reviews>
  <exclusive>
   no
  </exclusive>
 </clothing>
 <clothing>
  <id>
   469700704
  </id>
  <name>
   Under Armour Pants Y-6190
  </name>
  <category>
   Pants
  </category>
  <size>
   XXL
  </size>
  <color>
   Зеленый
  </color>
  <material>
   Нейлон
  </material>
  <price>
   809492
  </price>
  <rating>
   2.6
  </rating>
  <reviews>
   531118
  </reviews>
  <exclusive>
   no
  </exclusive>
 </clothing>
 <clothing>
  <id>
   935682937
  </id>
  <name>
   Puma Skirt Q-9317
  </name>
  <category>
   Skirt
  </category>
  <size>
   S
  </size>
  <color>
   Фиолетовый
  </color>
  <material>
   Полиэстер
  </material>
  <price>
   386207
  </price>
  <rating>
   3.35
  </rating>
  <reviews>
   77234
  </reviews>
  <exclusive>
   no
  </exclusive>
 </clothing>
 <clothing>
  <id>
   190632035
  </id>
  <name>
   Reebok Gloves P-6409
  </name>
  <category>
   Gloves
  </category>
  <size>
   XL
  </size>
  <color>
   Голубой
  </color>
  <material>
   Лен
  </material>
  <price>
   896323
  </price>
  <rating>
   3.32
  </rating>
  <reviews>
   783134
  </reviews>
  <new>
   +
  </new>
  <exclusive>
   yes
  </exclusive>
 </clothing>
 <clothing>
  <id>
   875235568
  </id>
  <name>
   Addidas Shoes M-9189
  </name>
  <category>
   Shoes
  </category>
  <size>
   M
  </size>
  <color>
   Фиолетовый
  </color>
  <material>
   Шелк
  </material>
  <price>
   830922
  </price>
  <rating>
   4.37
  </rating>
  <reviews>
   894027
  </reviews>
  <new>
   -
  </new>
  <exclusive>
   yes
  </exclusive>
 </clothing>
 <clothing>
  <id>
   409051456
  </id>
  <name>
   Addidas Hat S-5340
  </name>
  <category>
   Hat
  </category>
  <size>
   XXL
  </size>
  <color>
   Оранжевый
  </color>
  <material>
   Кожа
  </material>
  <price>
   434396
  </price>
  <rating>
   4.36
  </rating>
  <reviews>
   351821
  </reviews>
  <new>
   +
  </new>
  <exclusive>
   no
  </exclusive>
 </clothing>
 <clothing>
  <id>
   145202478
  </id>
  <name>
   Brooks Handbags A-2347
  </name>
  <category>
   Handbags
  </category>
  <size>
   M
  </size>
  <color>
   Оранжевый
  </color>
  <material>
   Шелк
  </material>
  <price>
   423358
  </price>
  <rating>
   4.97
  </rating>
  <reviews>
   223885
  </reviews>
  <new>
   +
  </new>
  <exclusive>
   yes
  </exclusive>
 </clothing>
 <clothing>
  <id>
   380645194
  </id>
  <name>
   Fila Sweater F-5149
  </name>
  <category>
   Sweater
  </category>
  <size>
   L
  </size>
  <color>
   Голубой
  </color>
  <material>
   Шерсть
  </material>
  <price>
   408696
  </price>
  <rating>
   1.16
  </rating>
  <reviews>
   359863
  </reviews>
  <new>
   +
  </new>
  <exclusive>
   yes
  </exclusive>
  <sporty>
   no
  </sporty>
 </clothing>
 <clothing>
  <id>
   468368138
  </id>
  <name>
   Addidas Pants K-4524
  </name>
  <category>
   Pants
  </category>
  <size>
   L
  </size>
  <color>
   Фиолетовый
  </color>
  <material>
   Лен
  </material>
  <price>
   225176
  </price>
  <rating>
   4.56
  </rating>
  <reviews>
   891704
  </reviews>
  <new>
   +
  </new>
  <sporty>
   no
  </sporty>
 </clothing>
 <clothing>
  <id>
   418876992
  </id>
  <name>
   Converse Shoes S-9045
  </name>
  <category>
   Shoes
  </category>
  <size>
   XXL
  </size>
  <color>
   Зеленый
  </color>
  <material>
   Кожа
  </material>
  <price>
   815401
  </price>
  <rating>
   2.26
  </rating>
  <reviews>
   664050
  </reviews>
  <new>
   -
  </new>
  <exclusive>
   yes
  </exclusive>
 </clothing>
 <clothing>
  <id>
   719821142
  </id>
  <name>
   Under Armour Jacket K-7209
  </name>
  <category>
   Jacket
  </category>
  <size>
   XL
  </size>
  <color>
   Фиолетовый
  </color>
  <material>
   Кожа
  </material>
  <price>
   868654
  </price>
  <rating>
   3.6
  </rating>
  <reviews>
   766220
  </reviews>
  <new>
   -
  </new>
 </clothing>
 <clothing>
  <id>
   646523553
  </id>
  <name>
   Reebok Shirt S-6711
  </name>
  <category>
   Shirt
  </category>
  <size>
   L
  </size>
  <color>
   Желтый
  </color>
  <material>
   Хлопок
  </material>
  <price>
   575358
  </price>
  <rating>
   1.27
  </rating>
  <reviews>
   670137
  </reviews>
  <exclusive>
   yes
  </exclusive>
  <sporty>
   no
  </sporty>
 </clothing>
 <clothing>
  <id>
   880950290
  </id>
  <name>
   Converse Gloves F-6028
  </name>
  <category>
   Gloves
  </category>
  <size>
   L
  </size>
  <color>
   Оранжевый
  </color>
  <material>
   Шерсть
  </material>
  <price>
   670444
  </price>
  <rating>
   2.35
  </rating>
  <reviews>
   101882
  </reviews>
  <exclusive>
   no
  </exclusive>
  <sporty>
   no
  </sporty>
 </clothing>
 <clothing>
  <id>
   517002984
  </id>
  <name>
   Lacoste Sweater K-3629
  </name>
  <category>
   Sweater
  </category>
  <size>
   XXL
  </size>
  <color>
   Желтый
  </color>
  <material>
   Лен
  </material>
  <price>
   309689
  </price>
  <rating>
   4.35
  </rating>
  <reviews>
   474081
  </reviews>
  <sporty>
   no
  </sporty>
 </clothing>
 <clothing>
  <id>
   300883991
  </id>
  <name>
   DC Sweater V-3567
  </name>
  <category>
   Sweater
  </category>
  <size>
   M
  </size>
  <color>
   Желтый
  </color>
  <material>
   Полиэстер
  </material>
  <price>
   687059
  </price>
  <rating>
   3.24
  </rating>
  <reviews>
   207947
  </reviews>
  <sporty>
   no
  </sporty>
 </clothing>
 <clothing>
  <id>
   616168274
  </id>
  <name>
   DC Belts Z-1231
  </name>
  <category>
   Belts
  </category>
  <size>
   M
  </size>
  <color>
   Желтый
  </color>
  <material>
   Нейлон
  </material>
  <price>
   488936
  </price>
  <rating>
   3.87
  </rating>
  <reviews>
   135555
  </reviews>
  <new>
   +
  </new>
  <exclusive>
   yes
  </exclusive>
  <sporty>
   yes
  </sporty>
 </clothing>
 <clothing>
  <id>
   757757746
  </id>
  <name>
   Nike Jacket D-5716
  </name>
  <category>
   Jacket
  </category>
  <size>
   XXL
  </size>
  <color>
   Желтый
  </color>
  <material>
   Кожа
  </material>
  <price>
   151480
  </price>
  <rating>
   1.11
  </rating>
  <reviews>
   603806
  </reviews>
  <new>
   -
  </new>
  <exclusive>
   no
  </exclusive>
 </clothing>
 <clothing>
  <id>
   541747948
  </id>
  <name>
   Asics Pants B-3344
  </name>
  <category>
   Pants
  </category>
  <size>
   XL
  </size>
  <color>
   Красный
  </color>
  <material>
   Полиэстер
  </material>
  <price>
   491205
  </price>
  <rating>
   3.92
  </rating>
  <reviews>
   439757
  </reviews>
  <new>
   -
  </new>
  <exclusive>
   yes
  </exclusive>
 </clothing>
 <clothing>
  <id>
   564185412
  </id>
  <name>
   Reebok Shirt D-4306
  </name>
  <category>
   Shirt
  </category>
  <size>
   XXL
  </size>
  <color>
   Синий
  </color>
  <material>
   Хлопок
  </material>
  <price>
   543453
  </price>
  <rating>
   4.58
  </rating>
  <reviews>
   161967
  </reviews>
  <new>
   -
  </new>
  <exclusive>
   yes
  </exclusive>
 </clothing>
 <clothing>
  <id>
   864692747
  </id>
  <name>
   Nike Pants Y-1485
  </name>
  <category>
   Pants
  </category>
  <size>
   M
  </size>
  <color>
   Фиолетовый
  </color>
  <material>
   Шелк
  </material>
  <price>
   642041
  </price>
  <rating>
   4.04
  </rating>
  <reviews>
   725976
  </reviews>
  <new>
   +
  </new>
  <exclusive>
   yes
  </exclusive>
  <sporty>
   yes
  </sporty>
 </clothing>
 <clothing>
  <id>
   337320750
  </id>
  <name>
   DC Pants J-8491
  </name>
  <category>
   Pants
  </category>
  <size>
   XXL
  </size>
  <color>
   Синий
  </color>
  <material>
   Хлопок
  </material>
  <price>
   550919
  </price>
  <rating>
   1.59
  </rating>
  <reviews>
   83263
  </reviews>
  <new>
   +
  </new>
  <exclusive>
   no
  </exclusive>
  <sporty>
   no
  </sporty>
 </clothing>
 <clothing>
  <id>
   289895077
  </id>
  <name>
   Vans Jeans F-8242
  </name>
  <category>
   Jeans
  </category>
  <size>
   M
  </size>
  <color>
   Зеленый
  </color>
  <material>
   Хлопок
  </material>
  <price>
   360545
  </price>
  <rating>
   2.06
  </rating>
  <reviews>
   477267
  </reviews>
  <new>
   -
  </new>
  <exclusive>
   yes
  </exclusive>
 </clothing>
 <clothing>
  <id>
   380813474
  </id>
  <name>
   Under Armour Shirt A-2051
  </name>
  <category>
   Shirt
  </category>
  <size>
   L
  </size>
  <color>
   Синий
  </color>
  <material>
   Хлопок
  </material>
  <price>
   100708
  </price>
  <rating>
   3.21
  </rating>
  <reviews>
   977009
  </reviews>
  <new>
   +
  </new>
  <exclusive>
   yes
  </exclusive>
  <sporty>
   yes
  </sporty>
 </clothing>
 <clothing>
  <id>
   763842287
  </id>
  <name>
   PleinSport Handbags E-5929
  </name>
  <category>
   Handbags
  </category>
  <size>
   L
  </size>
  <color>
   Фиолетовый
  </color>
  <material>
   Нейлон
  </material>
  <price>
   948586
  </price>
  <rating>
   1.35
  </rating>
  <reviews>
   900230
  </reviews>
  <new>
   -
  </new>
  <exclusive>
   yes
  </exclusive>
  <sporty>
   no
  </sporty>
 </clothing>
 <clothing>
  <id>
   367833437
  </id>
  <name>
   Vans Belts P-6945
  </name>
  <category>
   Belts
  </category>
  <size>
   L
  </size>
  <color>
   Красный
  </color>
  <material>
   Вискоза
  </material>
  <price>
   350091
  </price>
  <rating>
   4.39
  </rating>
  <reviews>
   900978
  </reviews>
  <exclusive>
   no
  </exclusive>
 </clothing>
 <clothing>
  <id>
   369803779
  </id>
  <name>
   PleinSport Blouse M-7413
  </name>
  <category>
   Blouse
  </category>
  <size>
   M
  </size>
  <color>
   Желтый
  </color>
  <material>
   Вискоза
  </material>
  <price>
   862344
  </price>
  <rating>
   4.95
  </rating>
  <reviews>
   715536
  </reviews>
 </clothing>
 <clothing>
  <id>
   240898265
  </id>
  <name>
   DC Pants F-8047
  </name>
  <category>
   Pants
  </category>
  <size>
   XL
  </size>
  <color>
   Голубой
  </color>
  <material>
   Шелк
  </material>
  <price>
   480252
  </price>
  <rating>
   1.05
  </rating>
  <reviews>
   782018
  </reviews>
  <new>
   +
  </new>
  <exclusive>
   yes
  </exclusive>
  <sporty>
   no
  </sporty>
 </clothing>
 <clothing>
  <id>
   183857782
  </id>
  <name>
   PleinSport Jeans B-2761
  </name>
  <category>
   Jeans
  </category>
  <size>
   M
  </size>
  <color>
   Желтый
  </color>
  <material>
   Шелк
  </material>
  <price>
   901907
  </price>
  <rating>
   1.55
  </rating>
  <reviews>
   765289
  </reviews>
  <new>
   +
  </new>
  <sporty>
   no
  </sporty>
 </clothing>
 <clothing>
  <id>
   973540536
  </id>
  <name>
   Vans Umbrellas K-7099
  </name>
  <category>
   Umbrellas
  </category>
  <size>
   S
  </size>
  <color>
   Синий
  </color>
  <material>
   Хлопок
  </material>
  <price>
   822712
  </price>
  <rating>
   4.45
  </rating>
  <reviews>
   482415
  </reviews>
  <new>
   -
  </new>
 </clothing>
 <clothing>
  <id>
   685754989
  </id>
  <name>
   Ellesse Belts W-1185
  </name>
  <category>
   Belts
  </category>
  <size>
   XL
  </size>
  <color>
   Синий
  </color>
  <material>
   Полиэстер
  </material>
  <price>
   250139
  </price>
  <rating>
   4.13
  </rating>
  <reviews>
   935307
  </reviews>
  <new>
   -
  </new>
  <exclusive>
   no
  </exclusive>
  <sporty>
   yes
  </sporty>
 </clothing>
 <clothing>
  <id>
   236478069
  </id>
  <name>
   Puma Pants G-7730
  </name>
  <category>
   Pants
  </category>
  <size>
   XL
  </size>
  <color>
   Красный
  </color>
  <material>
   Нейлон
  </material>
  <price>
   155763
  </price>
  <rating>
   1.53
  </rating>
  <reviews>
   367390
  </reviews>
  <sporty>
   no
  </sporty>
 </clothing>
 <clothing>
  <id>
   353722321
  </id>
  <name>
   Fila Hat K-1771
  </name>
  <category>
   Hat
  </category>
  <size>
   XXL
  </size>
  <color>
   Желтый
  </color>
  <material>
   Нейлон
  </material>
  <price>
   958963
  </price>
  <rating>
   2.57
  </rating>
  <reviews>
   386250
  </reviews>
  <new>
   +
  </new>
  <exclusive>
   no
  </exclusive>
 </clothing>
 <clothing>
  <id>
   501100817
  </id>
  <name>
   Addidas T-shirt J-9174
  </name>
  <category>
   T-shirt
  </category>
  <size>
   L
  </size>
  <color>
   Фиолетовый
  </color>
  <material>
   Кожа
  </material>
  <price>
   723952
  </price>
  <rating>
   2.36
  </rating>
  <reviews>
   347372
  </reviews>
  <sporty>
   yes
  </sporty>
 </clothing>
 <clothing>
  <id>
   330858788
  </id>
  <name>
   Under Armour T-shirt R-6135
  </name>
  <category>
   T-shirt
  </category>
  <size>
   XXL
  </size>
  <color>
   Зеленый
  </color>
  <material>
   Кожа
  </material>
  <price>
   757461
  </price>
  <rating>
   2.69
  </rating>
  <reviews>
   889046
  </reviews>
  <sporty>
   yes
  </sporty>
 </clothing>
 <clothing>
  <id>
   185946669
  </id>
  <name>
   Brooks Hat V-6231
  </name>
  <category>
   Hat
  </category>
  <size>
   S
  </size>
  <color>
   Синий
  </color>
  <material>
   Вискоза
  </material>
  <price>
   839823
  </price>
  <rating>
   1.0
  </rating>
  <reviews>
   929201
  </reviews>
  <new>
   -
  </new>
  <sporty>
   yes
  </sporty>
 </clothing>
 <clothing>
  <id>
   583033809
  </id>
  <name>
   PleinSport Shirt Q-1600
  </name>
  <category>
   Shirt
  </category>
  <size>
   S
  </size>
  <color>
   Синий
  </color>
  <material>
   Полиэстер
  </material>
  <price>
   293095
  </price>
  <rating>
   2.91
  </rating>
  <reviews>
   867748
  </reviews>
  <new>
   -
  </new>
  <sporty>
   yes
  </sporty>
 </clothing>
 <clothing>
  <id>
   829590911
  </id>
  <name>
   PleinSport Gloves S-8817
  </name>
  <category>
   Gloves
  </category>
  <size>
   S
  </size>
  <color>
   Красный
  </color>
  <material>
   Хлопок
  </material>
  <price>
   876315
  </price>
  <rating>
   1.13
  </rating>
  <reviews>
   228860
  </reviews>
  <new>
   +
  </new>
  <exclusive>
   yes
  </exclusive>
 </clothing>
 <clothing>
  <id>
   253572064
  </id>
  <name>
   Under Armour Pants K-8302
  </name>
  <category>
   Pants
  </category>
  <size>
   M
  </size>
  <color>
   Оранжевый
  </color>
  <material>
   Вискоза
  </material>
  <price>
   628718
  </price>
  <rating>
   4.98
  </rating>
  <reviews>
   840597
  </reviews>
  <exclusive>
   no
  </exclusive>
  <sporty>
   no
  </sporty>
 </clothing>
 <clothing>
  <id>
   632844758
  </id>
  <name>
   Fila Skirt P-1588
  </name>
  <category>
   Skirt
  </category>
  <size>
   XXL
  </size>
  <color>
   Зеленый
  </color>
  <material>
   Лен
  </material>
  <price>
   728343
  </price>
  <rating>
   2.5
  </rating>
  <reviews>
   391506
  </reviews>
  <exclusive>
   no
  </exclusive>
 </clothing>
 <clothing>
  <id>
   744791156
  </id>
  <name>
   Lacoste Hat T-2467
  </name>
  <category>
   Hat
  </category>
  <size>
   M
  </size>
  <color>
   Голубой
  </color>
  <material>
   Кожа
  </material>
  <price>
   291754
  </price>
  <rating>
   3.04
  </rating>
  <reviews>
   967204
  </reviews>
  <exclusive>
   yes
  </exclusive>
  <sporty>
   no
  </sporty>
 </clothing>
 <clothing>
  <id>
   948818033
  </id>
  <name>
   Addidas Belts I-7910
  </name>
  <category>
   Belts
  </category>
  <size>
   L
  </size>
  <color>
   Синий
  </color>
  <material>
   Лен
  </material>
  <price>
   222332
  </price>
  <rating>
   3.15
  </rating>
  <reviews>
   959270
  </reviews>
  <new>
   -
  </new>
  <exclusive>
   no
  </exclusive>
  <sporty>
   no
  </sporty>
 </clothing>
 <clothing>
  <id>
   191933651
  </id>
  <name>
   DC Shirt K-6911
  </name>
  <category>
   Shirt
  </category>
  <size>
   L
  </size>
  <color>
   Красный
  </color>
  <material>
   Шелк
  </material>
  <price>
   589510
  </price>
  <rating>
   1.93
  </rating>
  <reviews>
   466669
  </reviews>
  <new>
   -
  </new>
  <exclusive>
   yes
  </exclusive>
  <sporty>
   no
  </sporty>
 </clothing>
</clothing-items>
