<?xml version="1.0" encoding="utf-8"?>
<clothing-items>
 <clothing>
  <id>
   644183761
  </id>
  <name>
   Ellesse Blouse Q-5793
  </name>
  <category>
   Blouse
  </category>
  <size>
   XXL
  </size>
  <color>
   Оранжевый
  </color>
  <material>
   Полиэстер
  </material>
  <price>
   967663
  </price>
  <rating>
   4.99
  </rating>
  <reviews>
   343090
  </reviews>
  <new>
   -
  </new>
  <exclusive>
   no
  </exclusive>
 </clothing>
 <clothing>
  <id>
   686126263
  </id>
  <name>
   PleinSport Blouse U-2876
  </name>
  <category>
   Blouse
  </category>
  <size>
   XL
  </size>
  <color>
   Фиолетовый
  </color>
  <material>
   Кожа
  </material>
  <price>
   195468
  </price>
  <rating>
   3.39
  </rating>
  <reviews>
   292717
  </reviews>
  <new>
   -
  </new>
  <exclusive>
   yes
  </exclusive>
 </clothing>
 <clothing>
  <id>
   452055445
  </id>
  <name>
   New Balance Shirt L-8090
  </name>
  <category>
   Shirt
  </category>
  <size>
   S
  </size>
  <color>
   Красный
  </color>
  <material>
   Шерсть
  </material>
  <price>
   572062
  </price>
  <rating>
   3.6
  </rating>
  <reviews>
   986658
  </reviews>
  <exclusive>
   no
  </exclusive>
  <sporty>
   no
  </sporty>
 </clothing>
 <clothing>
  <id>
   567997830
  </id>
  <name>
   Reebok Skirt B-6727
  </name>
  <category>
   Skirt
  </category>
  <size>
   XL
  </size>
  <color>
   Синий
  </color>
  <material>
   Шелк
  </material>
  <price>
   722920
  </price>
  <rating>
   2.68
  </rating>
  <reviews>
   473628
  </reviews>
  <new>
   -
  </new>
  <exclusive>
   no
  </exclusive>
  <sporty>
   no
  </sporty>
 </clothing>
 <clothing>
  <id>
   505749212
  </id>
  <name>
   DC T-shirt D-2271
  </name>
  <category>
   T-shirt
  </category>
  <size>
   S
  </size>
  <color>
   Голубой
  </color>
  <material>
   Нейлон
  </material>
  <price>
   164040
  </price>
  <rating>
   3.97
  </rating>
  <reviews>
   51877
  </reviews>
  <new>
   -
  </new>
  <exclusive>
   no
  </exclusive>
 </clothing>
 <clothing>
  <id>
   573999435
  </id>
  <name>
   Lacoste Shirt C-4561
  </name>
  <category>
   Shirt
  </category>
  <size>
   S
  </size>
  <color>
   Желтый
  </color>
  <material>
   Шерсть
  </material>
  <price>
   401383
  </price>
  <rating>
   3.26
  </rating>
  <reviews>
   523312
  </reviews>
 </clothing>
 <clothing>
  <id>
   494812949
  </id>
  <name>
   PleinSport Jeans X-4608
  </name>
  <category>
   Jeans
  </category>
  <size>
   S
  </size>
  <color>
   Оранжевый
  </color>
  <material>
   Шерсть
  </material>
  <price>
   553611
  </price>
  <rating>
   1.02
  </rating>
  <reviews>
   745806
  </reviews>
  <exclusive>
   no
  </exclusive>
  <sporty>
   no
  </sporty>
 </clothing>
 <clothing>
  <id>
   269926036
  </id>
  <name>
   Fila Umbrellas L-5207
  </name>
  <category>
   Umbrellas
  </category>
  <size>
   M
  </size>
  <color>
   Фиолетовый
  </color>
  <material>
   Шерсть
  </material>
  <price>
   762955
  </price>
  <rating>
   2.39
  </rating>
  <reviews>
   380327
  </reviews>
  <new>
   -
  </new>
  <exclusive>
   no
  </exclusive>
  <sporty>
   no
  </sporty>
 </clothing>
 <clothing>
  <id>
   721700305
  </id>
  <name>
   Nike Shoes A-2982
  </name>
  <category>
   Shoes
  </category>
  <size>
   XL
  </size>
  <color>
   Голубой
  </color>
  <material>
   Шелк
  </material>
  <price>
   970296
  </price>
  <rating>
   1.88
  </rating>
  <reviews>
   469914
  </reviews>
  <new>
   -
  </new>
 </clothing>
 <clothing>
  <id>
   875377833
  </id>
  <name>
   Asics Blouse Q-2051
  </name>
  <category>
   Blouse
  </category>
  <size>
   S
  </size>
  <color>
   Зеленый
  </color>
  <material>
   Нейлон
  </material>
  <price>
   552589
  </price>
  <rating>
   2.53
  </rating>
  <reviews>
   450747
  </reviews>
  <new>
   +
  </new>
  <exclusive>
   no
  </exclusive>
 </clothing>
 <clothing>
  <id>
   969924333
  </id>
  <name>
   Under Armour Dress Z-3097
  </name>
  <category>
   Dress
  </category>
  <size>
   M
  </size>
  <color>
   Голубой
  </color>
  <material>
   Шерсть
  </material>
  <price>
   220162
  </price>
  <rating>
   2.96
  </rating>
  <reviews>
   535330
  </reviews>
  <exclusive>
   yes
  </exclusive>
  <sporty>
   no
  </sporty>
 </clothing>
 <clothing>
  <id>
   647844883
  </id>
  <name>
   Asics Handbags J-8202
  </name>
  <category>
   Handbags
  </category>
  <size>
   S
  </size>
  <color>
   Красный
  </color>
  <material>
   Шерсть
  </material>
  <price>
   231999
  </price>
  <rating>
   1.19
  </rating>
  <reviews>
   824267
  </reviews>
  <sporty>
   no
  </sporty>
 </clothing>
 <clothing>
  <id>
   166719906
  </id>
  <name>
   Ellesse Belts Y-4929
  </name>
  <category>
   Belts
  </category>
  <size>
   XL
  </size>
  <color>
   Желтый
  </color>
  <material>
   Лен
  </material>
  <price>
   574795
  </price>
  <rating>
   2.46
  </rating>
  <reviews>
   383092
  </reviews>
  <new>
   -
  </new>
  <exclusive>
   yes
  </exclusive>
  <sporty>
   no
  </sporty>
 </clothing>
 <clothing>
  <id>
   925242238
  </id>
  <name>
   Adidas Gloves K-7895
  </name>
  <category>
   Gloves
  </category>
  <size>
   L
  </size>
  <color>
   Зеленый
  </color>
  <material>
   Лен
  </material>
  <price>
   235398
  </price>
  <rating>
   1.17
  </rating>
  <reviews>
   821198
  </reviews>
  <new>
   -
  </new>
  <exclusive>
   no
  </exclusive>
  <sporty>
   no
  </sporty>
 </clothing>
</clothing-items>
