<?xml version="1.0" encoding="utf-8"?>
<clothing-items>
 <clothing>
  <id>
   890581266
  </id>
  <name>
   Under Armour Jacket N-1277
  </name>
  <category>
   Jacket
  </category>
  <size>
   M
  </size>
  <color>
   Зеленый
  </color>
  <material>
   Вискоза
  </material>
  <price>
   296027
  </price>
  <rating>
   1.89
  </rating>
  <reviews>
   803225
  </reviews>
  <new>
   -
  </new>
  <sporty>
   no
  </sporty>
 </clothing>
 <clothing>
  <id>
   713112795
  </id>
  <name>
   Puma Blouse U-8989
  </name>
  <category>
   Blouse
  </category>
  <size>
   S
  </size>
  <color>
   Оранжевый
  </color>
  <material>
   Полиэстер
  </material>
  <price>
   523264
  </price>
  <rating>
   1.4
  </rating>
  <reviews>
   287664
  </reviews>
  <sporty>
   no
  </sporty>
 </clothing>
 <clothing>
  <id>
   103622687
  </id>
  <name>
   Reebok Hat T-6710
  </name>
  <category>
   Hat
  </category>
  <size>
   S
  </size>
  <color>
   Зеленый
  </color>
  <material>
   Кожа
  </material>
  <price>
   750139
  </price>
  <rating>
   4.4
  </rating>
  <reviews>
   822065
  </reviews>
  <new>
   +
  </new>
  <exclusive>
   no
  </exclusive>
  <sporty>
   yes
  </sporty>
 </clothing>
 <clothing>
  <id>
   767997390
  </id>
  <name>
   Ellesse Jeans T-3442
  </name>
  <category>
   Jeans
  </category>
  <size>
   S
  </size>
  <color>
   Желтый
  </color>
  <material>
   Шелк
  </material>
  <price>
   802580
  </price>
  <rating>
   4.7
  </rating>
  <reviews>
   331037
  </reviews>
  <new>
   +
  </new>
  <exclusive>
   no
  </exclusive>
 </clothing>
 <clothing>
  <id>
   203282094
  </id>
  <name>
   DC Hat S-4801
  </name>
  <category>
   Hat
  </category>
  <size>
   M
  </size>
  <color>
   Фиолетовый
  </color>
  <material>
   Шелк
  </material>
  <price>
   208380
  </price>
  <rating>
   3.93
  </rating>
  <reviews>
   830275
  </reviews>
  <new>
   -
  </new>
  <exclusive>
   yes
  </exclusive>
 </clothing>
 <clothing>
  <id>
   429521678
  </id>
  <name>
   Nike Socks T-8821
  </name>
  <category>
   Socks
  </category>
  <size>
   XXL
  </size>
  <color>
   Зеленый
  </color>
  <material>
   Полиэстер
  </material>
  <price>
   723560
  </price>
  <rating>
   2.68
  </rating>
  <reviews>
   331419
  </reviews>
  <exclusive>
   no
  </exclusive>
  <sporty>
   yes
  </sporty>
 </clothing>
 <clothing>
  <id>
   211523625
  </id>
  <name>
   PleinSport T-shirt F-5450
  </name>
  <category>
   T-shirt
  </category>
  <size>
   XXL
  </size>
  <color>
   Красный
  </color>
  <material>
   Хлопок
  </material>
  <price>
   732907
  </price>
  <rating>
   1.08
  </rating>
  <reviews>
   815627
  </reviews>
  <new>
   -
  </new>
  <exclusive>
   yes
  </exclusive>
  <sporty>
   yes
  </sporty>
 </clothing>
 <clothing>
  <id>
   685322550
  </id>
  <name>
   Addidas Sweater G-6673
  </name>
  <category>
   Sweater
  </category>
  <size>
   L
  </size>
  <color>
   Зеленый
  </color>
  <material>
   Шерсть
  </material>
  <price>
   166504
  </price>
  <rating>
   3.41
  </rating>
  <reviews>
   698005
  </reviews>
  <sporty>
   no
  </sporty>
 </clothing>
 <clothing>
  <id>
   950093502
  </id>
  <name>
   Nike Dress W-5533
  </name>
  <category>
   Dress
  </category>
  <size>
   L
  </size>
  <color>
   Оранжевый
  </color>
  <material>
   Шерсть
  </material>
  <price>
   303921
  </price>
  <rating>
   4.62
  </rating>
  <reviews>
   846127
  </reviews>
  <new>
   +
  </new>
 </clothing>
 <clothing>
  <id>
   488953903
  </id>
  <name>
   PleinSport T-shirt S-9597
  </name>
  <category>
   T-shirt
  </category>
  <size>
   L
  </size>
  <color>
   Красный
  </color>
  <material>
   Полиэстер
  </material>
  <price>
   916347
  </price>
  <rating>
   1.86
  </rating>
  <reviews>
   597197
  </reviews>
  <new>
   -
  </new>
 </clothing>
 <clothing>
  <id>
   567890405
  </id>
  <name>
   Vans Gloves K-6702
  </name>
  <category>
   Gloves
  </category>
  <size>
   XL
  </size>
  <color>
   Зеленый
  </color>
  <material>
   Шелк
  </material>
  <price>
   932712
  </price>
  <rating>
   4.06
  </rating>
  <reviews>
   307070
  </reviews>
  <new>
   -
  </new>
 </clothing>
 <clothing>
  <id>
   696842071
  </id>
  <name>
   Asics Jeans V-9472
  </name>
  <category>
   Jeans
  </category>
  <size>
   XL
  </size>
  <color>
   Синий
  </color>
  <material>
   Лен
  </material>
  <price>
   981173
  </price>
  <rating>
   1.62
  </rating>
  <reviews>
   66252
  </reviews>
 </clothing>
 <clothing>
  <id>
   901507614
  </id>
  <name>
   Lacoste Jacket W-7925
  </name>
  <category>
   Jacket
  </category>
  <size>
   S
  </size>
  <color>
   Голубой
  </color>
  <material>
   Хлопок
  </material>
  <price>
   900184
  </price>
  <rating>
   1.11
  </rating>
  <reviews>
   363692
  </reviews>
  <new>
   -
  </new>
 </clothing>
 <clothing>
  <id>
   724126494
  </id>
  <name>
   PleinSport Umbrellas Z-4477
  </name>
  <category>
   Umbrellas
  </category>
  <size>
   XL
  </size>
  <color>
   Красный
  </color>
  <material>
   Шелк
  </material>
  <price>
   254693
  </price>
  <rating>
   2.64
  </rating>
  <reviews>
   487571
  </reviews>
  <new>
   +
  </new>
  <exclusive>
   no
  </exclusive>
  <sporty>
   no
  </sporty>
 </clothing>
 <clothing>
  <id>
   604654355
  </id>
  <name>
   Converse Sweater R-1266
  </name>
  <category>
   Sweater
  </category>
  <size>
   L
  </size>
  <color>
   Фиолетовый
  </color>
  <material>
   Нейлон
  </material>
  <price>
   750469
  </price>
  <rating>
   1.26
  </rating>
  <reviews>
   395337
  </reviews>
  <exclusive>
   yes
  </exclusive>
 </clothing>
 <clothing>
  <id>
   371556084
  </id>
  <name>
   Lacoste Jeans C-4279
  </name>
  <category>
   Jeans
  </category>
  <size>
   S
  </size>
  <color>
   Красный
  </color>
  <material>
   Нейлон
  </material>
  <price>
   428226
  </price>
  <rating>
   4.02
  </rating>
  <reviews>
   742325
  </reviews>
 </clothing>
 <clothing>
  <id>
   811224036
  </id>
  <name>
   Brooks Hat Q-8207
  </name>
  <category>
   Hat
  </category>
  <size>
   XXL
  </size>
  <color>
   Голубой
  </color>
  <material>
   Шерсть
  </material>
  <price>
   401449
  </price>
  <rating>
   2.51
  </rating>
  <reviews>
   619545
  </reviews>
  <exclusive>
   no
  </exclusive>
  <sporty>
   no
  </sporty>
 </clothing>
 <clothing>
  <id>
   928013019
  </id>
  <name>
   Converse T-shirt X-9766
  </name>
  <category>
   T-shirt
  </category>
  <size>
   XL
  </size>
  <color>
   Зеленый
  </color>
  <material>
   Шелк
  </material>
  <price>
   706634
  </price>
  <rating>
   1.27
  </rating>
  <reviews>
   185996
  </reviews>
  <new>
   -
  </new>
  <sporty>
   no
  </sporty>
 </clothing>
 <clothing>
  <id>
   419216464
  </id>
  <name>
   Puma Socks J-1865
  </name>
  <category>
   Socks
  </category>
  <size>
   L
  </size>
  <color>
   Фиолетовый
  </color>
  <material>
   Полиэстер
  </material>
  <price>
   490319
  </price>
  <rating>
   3.29
  </rating>
  <reviews>
   137151
  </reviews>
  <new>
   +
  </new>
 </clothing>
 <clothing>
  <id>
   794304888
  </id>
  <name>
   Adidas T-shirt R-6137
  </name>
  <category>
   T-shirt
  </category>
  <size>
   L
  </size>
  <color>
   Зеленый
  </color>
  <material>
   Шерсть
  </material>
  <price>
   933132
  </price>
  <rating>
   2.19
  </rating>
  <reviews>
   583660
  </reviews>
  <sporty>
   no
  </sporty>
 </clothing>
</clothing-items>
