<?xml version="1.0" encoding="utf-8"?>
<clothing-items>
 <clothing>
  <id>
   690393917
  </id>
  <name>
   Ellesse Shirt F-1712
  </name>
  <category>
   Shirt
  </category>
  <size>
   L
  </size>
  <color>
   Зеленый
  </color>
  <material>
   Вискоза
  </material>
  <price>
   510017
  </price>
  <rating>
   3.06
  </rating>
  <reviews>
   549695
  </reviews>
  <new>
   -
  </new>
  <exclusive>
   yes
  </exclusive>
  <sporty>
   yes
  </sporty>
 </clothing>
 <clothing>
  <id>
   798952497
  </id>
  <name>
   Lacoste Belts L-3214
  </name>
  <category>
   Belts
  </category>
  <size>
   M
  </size>
  <color>
   Красный
  </color>
  <material>
   Хлопок
  </material>
  <price>
   717298
  </price>
  <rating>
   1.03
  </rating>
  <reviews>
   367027
  </reviews>
  <sporty>
   yes
  </sporty>
 </clothing>
 <clothing>
  <id>
   128478871
  </id>
  <name>
   Brooks Shoes Q-6010
  </name>
  <category>
   Shoes
  </category>
  <size>
   XL
  </size>
  <color>
   Фиолетовый
  </color>
  <material>
   Шелк
  </material>
  <price>
   687322
  </price>
  <rating>
   4.06
  </rating>
  <reviews>
   102978
  </reviews>
  <new>
   -
  </new>
  <exclusive>
   yes
  </exclusive>
  <sporty>
   no
  </sporty>
 </clothing>
 <clothing>
  <id>
   293881405
  </id>
  <name>
   Brooks Jacket N-4581
  </name>
  <category>
   Jacket
  </category>
  <size>
   S
  </size>
  <color>
   Голубой
  </color>
  <material>
   Вискоза
  </material>
  <price>
   557402
  </price>
  <rating>
   1.34
  </rating>
  <reviews>
   308605
  </reviews>
 </clothing>
 <clothing>
  <id>
   845628786
  </id>
  <name>
   DC Handbags F-9085
  </name>
  <category>
   Handbags
  </category>
  <size>
   L
  </size>
  <color>
   Голубой
  </color>
  <material>
   Вискоза
  </material>
  <price>
   797652
  </price>
  <rating>
   1.26
  </rating>
  <reviews>
   141084
  </reviews>
  <exclusive>
   no
  </exclusive>
  <sporty>
   no
  </sporty>
 </clothing>
 <clothing>
  <id>
   492635230
  </id>
  <name>
   Nike Shirt F-8634
  </name>
  <category>
   Shirt
  </category>
  <size>
   XL
  </size>
  <color>
   Желтый
  </color>
  <material>
   Вискоза
  </material>
  <price>
   209653
  </price>
  <rating>
   4.07
  </rating>
  <reviews>
   848909
  </reviews>
  <sporty>
   no
  </sporty>
 </clothing>
 <clothing>
  <id>
   718785720
  </id>
  <name>
   Reebok Shoes J-6380
  </name>
  <category>
   Shoes
  </category>
  <size>
   S
  </size>
  <color>
   Голубой
  </color>
  <material>
   Нейлон
  </material>
  <price>
   206977
  </price>
  <rating>
   3.67
  </rating>
  <reviews>
   874683
  </reviews>
  <new>
   +
  </new>
  <sporty>
   no
  </sporty>
 </clothing>
 <clothing>
  <id>
   302289737
  </id>
  <name>
   PleinSport Handbags A-1557
  </name>
  <category>
   Handbags
  </category>
  <size>
   L
  </size>
  <color>
   Зеленый
  </color>
  <material>
   Хлопок
  </material>
  <price>
   509904
  </price>
  <rating>
   3.36
  </rating>
  <reviews>
   313390
  </reviews>
  <new>
   -
  </new>
 </clothing>
 <clothing>
  <id>
   804165612
  </id>
  <name>
   Adidas Shirt A-3303
  </name>
  <category>
   Shirt
  </category>
  <size>
   M
  </size>
  <color>
   Фиолетовый
  </color>
  <material>
   Шерсть
  </material>
  <price>
   236848
  </price>
  <rating>
   4.84
  </rating>
  <reviews>
   891714
  </reviews>
  <new>
   -
  </new>
  <exclusive>
   no
  </exclusive>
 </clothing>
 <clothing>
  <id>
   102003683
  </id>
  <name>
   PleinSport Dress R-2110
  </name>
  <category>
   Dress
  </category>
  <size>
   L
  </size>
  <color>
   Фиолетовый
  </color>
  <material>
   Полиэстер
  </material>
  <price>
   692677
  </price>
  <rating>
   3.55
  </rating>
  <reviews>
   366463
  </reviews>
  <new>
   +
  </new>
  <exclusive>
   no
  </exclusive>
  <sporty>
   no
  </sporty>
 </clothing>
 <clothing>
  <id>
   582601696
  </id>
  <name>
   PleinSport Pants D-8785
  </name>
  <category>
   Pants
  </category>
  <size>
   S
  </size>
  <color>
   Красный
  </color>
  <material>
   Кожа
  </material>
  <price>
   537514
  </price>
  <rating>
   1.19
  </rating>
  <reviews>
   755628
  </reviews>
  <exclusive>
   no
  </exclusive>
  <sporty>
   no
  </sporty>
 </clothing>
 <clothing>
  <id>
   708767668
  </id>
  <name>
   Ellesse Jeans N-7672
  </name>
  <category>
   Jeans
  </category>
  <size>
   L
  </size>
  <color>
   Синий
  </color>
  <material>
   Хлопок
  </material>
  <price>
   745717
  </price>
  <rating>
   3.09
  </rating>
  <reviews>
   983433
  </reviews>
  <new>
   -
  </new>
 </clothing>
 <clothing>
  <id>
   398066780
  </id>
  <name>
   Brooks Sweater V-6277
  </name>
  <category>
   Sweater
  </category>
  <size>
   L
  </size>
  <color>
   Синий
  </color>
  <material>
   Нейлон
  </material>
  <price>
   390298
  </price>
  <rating>
   3.87
  </rating>
  <reviews>
   383274
  </reviews>
  <new>
   -
  </new>
  <exclusive>
   no
  </exclusive>
 </clothing>
 <clothing>
  <id>
   809149535
  </id>
  <name>
   Ellesse Umbrellas J-4322
  </name>
  <category>
   Umbrellas
  </category>
  <size>
   M
  </size>
  <color>
   Фиолетовый
  </color>
  <material>
   Шелк
  </material>
  <price>
   880472
  </price>
  <rating>
   4.85
  </rating>
  <reviews>
   79886
  </reviews>
  <new>
   +
  </new>
  <exclusive>
   no
  </exclusive>
 </clothing>
 <clothing>
  <id>
   113182713
  </id>
  <name>
   Lacoste Hat N-6483
  </name>
  <category>
   Hat
  </category>
  <size>
   S
  </size>
  <color>
   Оранжевый
  </color>
  <material>
   Шерсть
  </material>
  <price>
   516806
  </price>
  <rating>
   2.21
  </rating>
  <reviews>
   751806
  </reviews>
  <sporty>
   yes
  </sporty>
 </clothing>
 <clothing>
  <id>
   815689738
  </id>
  <name>
   Adidas Gloves F-9645
  </name>
  <category>
   Gloves
  </category>
  <size>
   XL
  </size>
  <color>
   Синий
  </color>
  <material>
   Полиэстер
  </material>
  <price>
   364643
  </price>
  <rating>
   4.69
  </rating>
  <reviews>
   463819
  </reviews>
  <new>
   -
  </new>
  <exclusive>
   yes
  </exclusive>
  <sporty>
   yes
  </sporty>
 </clothing>
 <clothing>
  <id>
   618416350
  </id>
  <name>
   Vans Hat W-4700
  </name>
  <category>
   Hat
  </category>
  <size>
   XXL
  </size>
  <color>
   Красный
  </color>
  <material>
   Шерсть
  </material>
  <price>
   434630
  </price>
  <rating>
   3.19
  </rating>
  <reviews>
   77015
  </reviews>
  <exclusive>
   yes
  </exclusive>
 </clothing>
 <clothing>
  <id>
   960473299
  </id>
  <name>
   Reebok Hat R-9876
  </name>
  <category>
   Hat
  </category>
  <size>
   XL
  </size>
  <color>
   Оранжевый
  </color>
  <material>
   Вискоза
  </material>
  <price>
   528583
  </price>
  <rating>
   1.85
  </rating>
  <reviews>
   82538
  </reviews>
  <exclusive>
   no
  </exclusive>
 </clothing>
 <clothing>
  <id>
   208165926
  </id>
  <name>
   Adidas Handbags H-3550
  </name>
  <category>
   Handbags
  </category>
  <size>
   XL
  </size>
  <color>
   Красный
  </color>
  <material>
   Лен
  </material>
  <price>
   227078
  </price>
  <rating>
   2.74
  </rating>
  <reviews>
   784885
  </reviews>
  <new>
   +
  </new>
  <exclusive>
   yes
  </exclusive>
 </clothing>
 <clothing>
  <id>
   284065594
  </id>
  <name>
   Fila Pants W-3275
  </name>
  <category>
   Pants
  </category>
  <size>
   XL
  </size>
  <color>
   Синий
  </color>
  <material>
   Кожа
  </material>
  <price>
   357735
  </price>
  <rating>
   3.29
  </rating>
  <reviews>
   397580
  </reviews>
  <new>
   +
  </new>
  <exclusive>
   no
  </exclusive>
 </clothing>
 <clothing>
  <id>
   145676676
  </id>
  <name>
   Lacoste Umbrellas F-8344
  </name>
  <category>
   Umbrellas
  </category>
  <size>
   L
  </size>
  <color>
   Голубой
  </color>
  <material>
   Хлопок
  </material>
  <price>
   317264
  </price>
  <rating>
   1.4
  </rating>
  <reviews>
   515801
  </reviews>
  <new>
   -
  </new>
  <sporty>
   no
  </sporty>
 </clothing>
 <clothing>
  <id>
   495764652
  </id>
  <name>
   New Balance Pants E-8302
  </name>
  <category>
   Pants
  </category>
  <size>
   S
  </size>
  <color>
   Синий
  </color>
  <material>
   Шелк
  </material>
  <price>
   382629
  </price>
  <rating>
   2.37
  </rating>
  <reviews>
   915982
  </reviews>
  <new>
   -
  </new>
  <exclusive>
   yes
  </exclusive>
 </clothing>
 <clothing>
  <id>
   228756989
  </id>
  <name>
   Under Armour Pants K-6161
  </name>
  <category>
   Pants
  </category>
  <size>
   L
  </size>
  <color>
   Голубой
  </color>
  <material>
   Шерсть
  </material>
  <price>
   126030
  </price>
  <rating>
   4.23
  </rating>
  <reviews>
   573558
  </reviews>
  <new>
   -
  </new>
  <exclusive>
   yes
  </exclusive>
  <sporty>
   yes
  </sporty>
 </clothing>
 <clothing>
  <id>
   640292870
  </id>
  <name>
   Ellesse Socks K-9995
  </name>
  <category>
   Socks
  </category>
  <size>
   XL
  </size>
  <color>
   Красный
  </color>
  <material>
   Шерсть
  </material>
  <price>
   953740
  </price>
  <rating>
   4.36
  </rating>
  <reviews>
   421453
  </reviews>
  <new>
   -
  </new>
  <exclusive>
   no
  </exclusive>
 </clothing>
 <clothing>
  <id>
   512158824
  </id>
  <name>
   Ellesse Umbrellas D-1571
  </name>
  <category>
   Umbrellas
  </category>
  <size>
   XL
  </size>
  <color>
   Зеленый
  </color>
  <material>
   Кожа
  </material>
  <price>
   334597
  </price>
  <rating>
   1.62
  </rating>
  <reviews>
   523368
  </reviews>
  <exclusive>
   no
  </exclusive>
 </clothing>
 <clothing>
  <id>
   390573082
  </id>
  <name>
   New Balance Socks D-4800
  </name>
  <category>
   Socks
  </category>
  <size>
   XL
  </size>
  <color>
   Синий
  </color>
  <material>
   Нейлон
  </material>
  <price>
   421215
  </price>
  <rating>
   2.63
  </rating>
  <reviews>
   887873
  </reviews>
  <new>
   +
  </new>
  <exclusive>
   no
  </exclusive>
 </clothing>
 <clothing>
  <id>
   909734546
  </id>
  <name>
   Reebok Jeans D-4997
  </name>
  <category>
   Jeans
  </category>
  <size>
   XXL
  </size>
  <color>
   Желтый
  </color>
  <material>
   Кожа
  </material>
  <price>
   438409
  </price>
  <rating>
   4.5
  </rating>
  <reviews>
   532513
  </reviews>
  <new>
   +
  </new>
  <exclusive>
   no
  </exclusive>
  <sporty>
   yes
  </sporty>
 </clothing>
 <clothing>
  <id>
   819837276
  </id>
  <name>
   Ellesse Skirt X-6368
  </name>
  <category>
   Skirt
  </category>
  <size>
   L
  </size>
  <color>
   Красный
  </color>
  <material>
   Полиэстер
  </material>
  <price>
   195973
  </price>
  <rating>
   4.44
  </rating>
  <reviews>
   302325
  </reviews>
 </clothing>
 <clothing>
  <id>
   200297408
  </id>
  <name>
   Vans Handbags O-9009
  </name>
  <category>
   Handbags
  </category>
  <size>
   XL
  </size>
  <color>
   Оранжевый
  </color>
  <material>
   Нейлон
  </material>
  <price>
   125201
  </price>
  <rating>
   3.63
  </rating>
  <reviews>
   416930
  </reviews>
  <new>
   +
  </new>
  <sporty>
   yes
  </sporty>
 </clothing>
 <clothing>
  <id>
   943588944
  </id>
  <name>
   Reebok Sweater V-6660
  </name>
  <category>
   Sweater
  </category>
  <size>
   M
  </size>
  <color>
   Голубой
  </color>
  <material>
   Нейлон
  </material>
  <price>
   780972
  </price>
  <rating>
   1.42
  </rating>
  <reviews>
   886969
  </reviews>
  <exclusive>
   yes
  </exclusive>
  <sporty>
   no
  </sporty>
 </clothing>
 <clothing>
  <id>
   477227822
  </id>
  <name>
   Asics Skirt G-2624
  </name>
  <category>
   Skirt
  </category>
  <size>
   M
  </size>
  <color>
   Красный
  </color>
  <material>
   Хлопок
  </material>
  <price>
   351275
  </price>
  <rating>
   4.53
  </rating>
  <reviews>
   432301
  </reviews>
  <new>
   +
  </new>
 </clothing>
 <clothing>
  <id>
   139839618
  </id>
  <name>
   Addidas Sweater Z-2095
  </name>
  <category>
   Sweater
  </category>
  <size>
   XXL
  </size>
  <color>
   Синий
  </color>
  <material>
   Шелк
  </material>
  <price>
   299558
  </price>
  <rating>
   1.81
  </rating>
  <reviews>
   595524
  </reviews>
  <exclusive>
   no
  </exclusive>
  <sporty>
   no
  </sporty>
 </clothing>
 <clothing>
  <id>
   282880593
  </id>
  <name>
   Converse Sweater L-8686
  </name>
  <category>
   Sweater
  </category>
  <size>
   XXL
  </size>
  <color>
   Желтый
  </color>
  <material>
   Шерсть
  </material>
  <price>
   758127
  </price>
  <rating>
   1.85
  </rating>
  <reviews>
   875205
  </reviews>
  <new>
   +
  </new>
  <exclusive>
   no
  </exclusive>
  <sporty>
   no
  </sporty>
 </clothing>
 <clothing>
  <id>
   819175405
  </id>
  <name>
   Addidas Jeans Y-2278
  </name>
  <category>
   Jeans
  </category>
  <size>
   L
  </size>
  <color>
   Красный
  </color>
  <material>
   Кожа
  </material>
  <price>
   594999
  </price>
  <rating>
   3.9
  </rating>
  <reviews>
   68999
  </reviews>
  <exclusive>
   yes
  </exclusive>
 </clothing>
 <clothing>
  <id>
   783467810
  </id>
  <name>
   Ellesse Handbags Z-9749
  </name>
  <category>
   Handbags
  </category>
  <size>
   M
  </size>
  <color>
   Желтый
  </color>
  <material>
   Кожа
  </material>
  <price>
   332052
  </price>
  <rating>
   2.52
  </rating>
  <reviews>
   848681
  </reviews>
  <new>
   -
  </new>
  <sporty>
   no
  </sporty>
 </clothing>
 <clothing>
  <id>
   266559216
  </id>
  <name>
   Addidas Belts H-5676
  </name>
  <category>
   Belts
  </category>
  <size>
   M
  </size>
  <color>
   Синий
  </color>
  <material>
   Вискоза
  </material>
  <price>
   148140
  </price>
  <rating>
   1.82
  </rating>
  <reviews>
   225471
  </reviews>
  <sporty>
   yes
  </sporty>
 </clothing>
 <clothing>
  <id>
   853753443
  </id>
  <name>
   Nike Handbags J-2516
  </name>
  <category>
   Handbags
  </category>
  <size>
   S
  </size>
  <color>
   Синий
  </color>
  <material>
   Шерсть
  </material>
  <price>
   960542
  </price>
  <rating>
   4.82
  </rating>
  <reviews>
   846232
  </reviews>
  <sporty>
   no
  </sporty>
 </clothing>
 <clothing>
  <id>
   754413977
  </id>
  <name>
   Asics Belts P-8808
  </name>
  <category>
   Belts
  </category>
  <size>
   XL
  </size>
  <color>
   Зеленый
  </color>
  <material>
   Нейлон
  </material>
  <price>
   384079
  </price>
  <rating>
   3.72
  </rating>
  <reviews>
   857776
  </reviews>
  <new>
   -
  </new>
  <exclusive>
   yes
  </exclusive>
  <sporty>
   no
  </sporty>
 </clothing>
 <clothing>
  <id>
   923259607
  </id>
  <name>
   Fila Pants T-9842
  </name>
  <category>
   Pants
  </category>
  <size>
   L
  </size>
  <color>
   Красный
  </color>
  <material>
   Лен
  </material>
  <price>
   419659
  </price>
  <rating>
   1.12
  </rating>
  <reviews>
   847894
  </reviews>
  <exclusive>
   no
  </exclusive>
  <sporty>
   yes
  </sporty>
 </clothing>
 <clothing>
  <id>
   821604171
  </id>
  <name>
   Puma Shoes U-3900
  </name>
  <category>
   Shoes
  </category>
  <size>
   L
  </size>
  <color>
   Красный
  </color>
  <material>
   Шерсть
  </material>
  <price>
   583996
  </price>
  <rating>
   1.2
  </rating>
  <reviews>
   745204
  </reviews>
  <new>
   +
  </new>
  <exclusive>
   no
  </exclusive>
 </clothing>
 <clothing>
  <id>
   553602663
  </id>
  <name>
   Fila Sweater T-7368
  </name>
  <category>
   Sweater
  </category>
  <size>
   XXL
  </size>
  <color>
   Зеленый
  </color>
  <material>
   Хлопок
  </material>
  <price>
   223868
  </price>
  <rating>
   1.07
  </rating>
  <reviews>
   456373
  </reviews>
 </clothing>
 <clothing>
  <id>
   894968502
  </id>
  <name>
   Under Armour Hat G-9842
  </name>
  <category>
   Hat
  </category>
  <size>
   L
  </size>
  <color>
   Фиолетовый
  </color>
  <material>
   Лен
  </material>
  <price>
   653742
  </price>
  <rating>
   2.67
  </rating>
  <reviews>
   148687
  </reviews>
  <new>
   -
  </new>
 </clothing>
 <clothing>
  <id>
   912704813
  </id>
  <name>
   Vans Shoes U-5231
  </name>
  <category>
   Shoes
  </category>
  <size>
   XL
  </size>
  <color>
   Голубой
  </color>
  <material>
   Полиэстер
  </material>
  <price>
   545038
  </price>
  <rating>
   3.15
  </rating>
  <reviews>
   262995
  </reviews>
  <new>
   +
  </new>
  <exclusive>
   yes
  </exclusive>
  <sporty>
   no
  </sporty>
 </clothing>
</clothing-items>
