<?xml version="1.0" encoding="utf-8"?>
<clothing-items>
 <clothing>
  <id>
   629752806
  </id>
  <name>
   Adidas Jeans M-9448
  </name>
  <category>
   Jeans
  </category>
  <size>
   XXL
  </size>
  <color>
   Фиолетовый
  </color>
  <material>
   Хлопок
  </material>
  <price>
   479598
  </price>
  <rating>
   1.15
  </rating>
  <reviews>
   549900
  </reviews>
  <new>
   -
  </new>
  <exclusive>
   no
  </exclusive>
  <sporty>
   no
  </sporty>
 </clothing>
 <clothing>
  <id>
   470736946
  </id>
  <name>
   DC Socks E-5254
  </name>
  <category>
   Socks
  </category>
  <size>
   S
  </size>
  <color>
   Голубой
  </color>
  <material>
   Лен
  </material>
  <price>
   443942
  </price>
  <rating>
   4.46
  </rating>
  <reviews>
   165602
  </reviews>
 </clothing>
 <clothing>
  <id>
   921644278
  </id>
  <name>
   Addidas T-shirt Z-1072
  </name>
  <category>
   T-shirt
  </category>
  <size>
   S
  </size>
  <color>
   Фиолетовый
  </color>
  <material>
   Хлопок
  </material>
  <price>
   372793
  </price>
  <rating>
   3.72
  </rating>
  <reviews>
   420880
  </reviews>
 </clothing>
 <clothing>
  <id>
   630999950
  </id>
  <name>
   Adidas Jacket Z-3858
  </name>
  <category>
   Jacket
  </category>
  <size>
   XXL
  </size>
  <color>
   Красный
  </color>
  <material>
   Шерсть
  </material>
  <price>
   913346
  </price>
  <rating>
   4.72
  </rating>
  <reviews>
   865280
  </reviews>
  <new>
   -
  </new>
  <exclusive>
   no
  </exclusive>
  <sporty>
   no
  </sporty>
 </clothing>
 <clothing>
  <id>
   865923095
  </id>
  <name>
   Adidas Shoes D-1233
  </name>
  <category>
   Shoes
  </category>
  <size>
   S
  </size>
  <color>
   Оранжевый
  </color>
  <material>
   Хлопок
  </material>
  <price>
   442681
  </price>
  <rating>
   2.1
  </rating>
  <reviews>
   120712
  </reviews>
  <new>
   +
  </new>
  <exclusive>
   yes
  </exclusive>
 </clothing>
 <clothing>
  <id>
   690205931
  </id>
  <name>
   Puma Pants P-5209
  </name>
  <category>
   Pants
  </category>
  <size>
   S
  </size>
  <color>
   Красный
  </color>
  <material>
   Кожа
  </material>
  <price>
   141355
  </price>
  <rating>
   1.31
  </rating>
  <reviews>
   224054
  </reviews>
  <new>
   -
  </new>
  <exclusive>
   no
  </exclusive>
 </clothing>
 <clothing>
  <id>
   599557215
  </id>
  <name>
   Puma Dress Z-9358
  </name>
  <category>
   Dress
  </category>
  <size>
   S
  </size>
  <color>
   Красный
  </color>
  <material>
   Вискоза
  </material>
  <price>
   268879
  </price>
  <rating>
   2.68
  </rating>
  <reviews>
   174101
  </reviews>
  <new>
   +
  </new>
  <exclusive>
   no
  </exclusive>
  <sporty>
   yes
  </sporty>
 </clothing>
 <clothing>
  <id>
   606681943
  </id>
  <name>
   Brooks Socks J-1914
  </name>
  <category>
   Socks
  </category>
  <size>
   XL
  </size>
  <color>
   Желтый
  </color>
  <material>
   Кожа
  </material>
  <price>
   688896
  </price>
  <rating>
   2.57
  </rating>
  <reviews>
   765081
  </reviews>
  <new>
   -
  </new>
  <exclusive>
   yes
  </exclusive>
  <sporty>
   no
  </sporty>
 </clothing>
 <clothing>
  <id>
   282706281
  </id>
  <name>
   Brooks Jeans Q-2624
  </name>
  <category>
   Jeans
  </category>
  <size>
   XL
  </size>
  <color>
   Фиолетовый
  </color>
  <material>
   Лен
  </material>
  <price>
   229633
  </price>
  <rating>
   2.41
  </rating>
  <reviews>
   803866
  </reviews>
  <new>
   -
  </new>
  <exclusive>
   yes
  </exclusive>
 </clothing>
 <clothing>
  <id>
   128928358
  </id>
  <name>
   Adidas Socks J-6379
  </name>
  <category>
   Socks
  </category>
  <size>
   S
  </size>
  <color>
   Красный
  </color>
  <material>
   Лен
  </material>
  <price>
   484122
  </price>
  <rating>
   1.17
  </rating>
  <reviews>
   941221
  </reviews>
  <sporty>
   no
  </sporty>
 </clothing>
 <clothing>
  <id>
   621429014
  </id>
  <name>
   Lacoste Pants A-4305
  </name>
  <category>
   Pants
  </category>
  <size>
   M
  </size>
  <color>
   Голубой
  </color>
  <material>
   Вискоза
  </material>
  <price>
   497996
  </price>
  <rating>
   4.61
  </rating>
  <reviews>
   826984
  </reviews>
 </clothing>
 <clothing>
  <id>
   648209494
  </id>
  <name>
   Addidas Jacket J-5937
  </name>
  <category>
   Jacket
  </category>
  <size>
   XL
  </size>
  <color>
   Зеленый
  </color>
  <material>
   Хлопок
  </material>
  <price>
   571168
  </price>
  <rating>
   4.33
  </rating>
  <reviews>
   795659
  </reviews>
  <new>
   -
  </new>
  <sporty>
   no
  </sporty>
 </clothing>
 <clothing>
  <id>
   963266835
  </id>
  <name>
   Brooks Jeans S-2510
  </name>
  <category>
   Jeans
  </category>
  <size>
   XL
  </size>
  <color>
   Оранжевый
  </color>
  <material>
   Вискоза
  </material>
  <price>
   459336
  </price>
  <rating>
   1.31
  </rating>
  <reviews>
   815805
  </reviews>
  <exclusive>
   no
  </exclusive>
  <sporty>
   yes
  </sporty>
 </clothing>
 <clothing>
  <id>
   664738101
  </id>
  <name>
   Brooks Belts N-7963
  </name>
  <category>
   Belts
  </category>
  <size>
   S
  </size>
  <color>
   Зеленый
  </color>
  <material>
   Хлопок
  </material>
  <price>
   153627
  </price>
  <rating>
   3.56
  </rating>
  <reviews>
   561549
  </reviews>
  <exclusive>
   no
  </exclusive>
  <sporty>
   no
  </sporty>
 </clothing>
 <clothing>
  <id>
   699327472
  </id>
  <name>
   PleinSport Jacket J-4249
  </name>
  <category>
   Jacket
  </category>
  <size>
   XXL
  </size>
  <color>
   Зеленый
  </color>
  <material>
   Шерсть
  </material>
  <price>
   196354
  </price>
  <rating>
   3.77
  </rating>
  <reviews>
   120365
  </reviews>
  <new>
   -
  </new>
 </clothing>
 <clothing>
  <id>
   818132203
  </id>
  <name>
   Under Armour Handbags Z-3597
  </name>
  <category>
   Handbags
  </category>
  <size>
   L
  </size>
  <color>
   Голубой
  </color>
  <material>
   Лен
  </material>
  <price>
   932667
  </price>
  <rating>
   3.97
  </rating>
  <reviews>
   350714
  </reviews>
  <new>
   +
  </new>
  <exclusive>
   yes
  </exclusive>
  <sporty>
   yes
  </sporty>
 </clothing>
 <clothing>
  <id>
   456323093
  </id>
  <name>
   Converse Socks G-6114
  </name>
  <category>
   Socks
  </category>
  <size>
   M
  </size>
  <color>
   Оранжевый
  </color>
  <material>
   Хлопок
  </material>
  <price>
   974600
  </price>
  <rating>
   3.17
  </rating>
  <reviews>
   369544
  </reviews>
  <exclusive>
   yes
  </exclusive>
  <sporty>
   yes
  </sporty>
 </clothing>
 <clothing>
  <id>
   938958837
  </id>
  <name>
   Nike Jeans A-4980
  </name>
  <category>
   Jeans
  </category>
  <size>
   XL
  </size>
  <color>
   Зеленый
  </color>
  <material>
   Шерсть
  </material>
  <price>
   366767
  </price>
  <rating>
   4.64
  </rating>
  <reviews>
   432818
  </reviews>
  <new>
   -
  </new>
  <exclusive>
   no
  </exclusive>
  <sporty>
   no
  </sporty>
 </clothing>
 <clothing>
  <id>
   269358197
  </id>
  <name>
   Converse Dress R-3036
  </name>
  <category>
   Dress
  </category>
  <size>
   M
  </size>
  <color>
   Голубой
  </color>
  <material>
   Кожа
  </material>
  <price>
   803184
  </price>
  <rating>
   4.42
  </rating>
  <reviews>
   78624
  </reviews>
  <new>
   +
  </new>
  <exclusive>
   yes
  </exclusive>
 </clothing>
 <clothing>
  <id>
   827071680
  </id>
  <name>
   Asics Jacket I-5526
  </name>
  <category>
   Jacket
  </category>
  <size>
   S
  </size>
  <color>
   Оранжевый
  </color>
  <material>
   Хлопок
  </material>
  <price>
   951488
  </price>
  <rating>
   2.26
  </rating>
  <reviews>
   711484
  </reviews>
  <new>
   -
  </new>
  <exclusive>
   yes
  </exclusive>
 </clothing>
 <clothing>
  <id>
   957744681
  </id>
  <name>
   Lacoste Belts W-3817
  </name>
  <category>
   Belts
  </category>
  <size>
   L
  </size>
  <color>
   Синий
  </color>
  <material>
   Шерсть
  </material>
  <price>
   305854
  </price>
  <rating>
   4.01
  </rating>
  <reviews>
   742672
  </reviews>
  <new>
   +
  </new>
  <exclusive>
   no
  </exclusive>
  <sporty>
   no
  </sporty>
 </clothing>
 <clothing>
  <id>
   746517528
  </id>
  <name>
   Fila Pants M-3472
  </name>
  <category>
   Pants
  </category>
  <size>
   XXL
  </size>
  <color>
   Фиолетовый
  </color>
  <material>
   Лен
  </material>
  <price>
   434595
  </price>
  <rating>
   3.57
  </rating>
  <reviews>
   400795
  </reviews>
  <new>
   -
  </new>
  <exclusive>
   no
  </exclusive>
  <sporty>
   no
  </sporty>
 </clothing>
 <clothing>
  <id>
   936082897
  </id>
  <name>
   PleinSport Gloves F-1265
  </name>
  <category>
   Gloves
  </category>
  <size>
   XL
  </size>
  <color>
   Оранжевый
  </color>
  <material>
   Лен
  </material>
  <price>
   142594
  </price>
  <rating>
   4.25
  </rating>
  <reviews>
   355455
  </reviews>
  <new>
   -
  </new>
  <exclusive>
   no
  </exclusive>
  <sporty>
   no
  </sporty>
 </clothing>
 <clothing>
  <id>
   554115749
  </id>
  <name>
   Addidas Belts K-8166
  </name>
  <category>
   Belts
  </category>
  <size>
   XXL
  </size>
  <color>
   Красный
  </color>
  <material>
   Кожа
  </material>
  <price>
   724688
  </price>
  <rating>
   3.53
  </rating>
  <reviews>
   273811
  </reviews>
  <exclusive>
   yes
  </exclusive>
  <sporty>
   no
  </sporty>
 </clothing>
 <clothing>
  <id>
   940009497
  </id>
  <name>
   Addidas Hat S-8046
  </name>
  <category>
   Hat
  </category>
  <size>
   M
  </size>
  <color>
   Оранжевый
  </color>
  <material>
   Лен
  </material>
  <price>
   262802
  </price>
  <rating>
   2.42
  </rating>
  <reviews>
   652698
  </reviews>
  <new>
   -
  </new>
  <exclusive>
   no
  </exclusive>
  <sporty>
   no
  </sporty>
 </clothing>
 <clothing>
  <id>
   984395443
  </id>
  <name>
   Puma Belts Y-7691
  </name>
  <category>
   Belts
  </category>
  <size>
   S
  </size>
  <color>
   Синий
  </color>
  <material>
   Кожа
  </material>
  <price>
   764236
  </price>
  <rating>
   4.44
  </rating>
  <reviews>
   734002
  </reviews>
  <exclusive>
   no
  </exclusive>
 </clothing>
 <clothing>
  <id>
   886663041
  </id>
  <name>
   Adidas Sweater B-8415
  </name>
  <category>
   Sweater
  </category>
  <size>
   XL
  </size>
  <color>
   Желтый
  </color>
  <material>
   Полиэстер
  </material>
  <price>
   810382
  </price>
  <rating>
   4.68
  </rating>
  <reviews>
   11382
  </reviews>
 </clothing>
 <clothing>
  <id>
   565257941
  </id>
  <name>
   Reebok Shirt X-2294
  </name>
  <category>
   Shirt
  </category>
  <size>
   S
  </size>
  <color>
   Красный
  </color>
  <material>
   Лен
  </material>
  <price>
   415961
  </price>
  <rating>
   4.87
  </rating>
  <reviews>
   836787
  </reviews>
  <exclusive>
   no
  </exclusive>
  <sporty>
   no
  </sporty>
 </clothing>
 <clothing>
  <id>
   363331698
  </id>
  <name>
   Vans Shirt O-1196
  </name>
  <category>
   Shirt
  </category>
  <size>
   L
  </size>
  <color>
   Фиолетовый
  </color>
  <material>
   Хлопок
  </material>
  <price>
   208856
  </price>
  <rating>
   4.77
  </rating>
  <reviews>
   40793
  </reviews>
  <new>
   -
  </new>
 </clothing>
 <clothing>
  <id>
   354214047
  </id>
  <name>
   Brooks Shirt S-3228
  </name>
  <category>
   Shirt
  </category>
  <size>
   XXL
  </size>
  <color>
   Голубой
  </color>
  <material>
   Вискоза
  </material>
  <price>
   798244
  </price>
  <rating>
   2.69
  </rating>
  <reviews>
   279876
  </reviews>
  <sporty>
   no
  </sporty>
 </clothing>
 <clothing>
  <id>
   139190771
  </id>
  <name>
   Adidas Umbrellas Y-3476
  </name>
  <category>
   Umbrellas
  </category>
  <size>
   XL
  </size>
  <color>
   Желтый
  </color>
  <material>
   Лен
  </material>
  <price>
   191402
  </price>
  <rating>
   2.66
  </rating>
  <reviews>
   665244
  </reviews>
  <new>
   -
  </new>
  <exclusive>
   no
  </exclusive>
 </clothing>
 <clothing>
  <id>
   654736103
  </id>
  <name>
   Vans Shirt H-3422
  </name>
  <category>
   Shirt
  </category>
  <size>
   L
  </size>
  <color>
   Синий
  </color>
  <material>
   Шелк
  </material>
  <price>
   145806
  </price>
  <rating>
   2.79
  </rating>
  <reviews>
   82018
  </reviews>
  <new>
   -
  </new>
  <exclusive>
   no
  </exclusive>
  <sporty>
   yes
  </sporty>
 </clothing>
 <clothing>
  <id>
   586851412
  </id>
  <name>
   Asics Pants Z-6755
  </name>
  <category>
   Pants
  </category>
  <size>
   XL
  </size>
  <color>
   Оранжевый
  </color>
  <material>
   Хлопок
  </material>
  <price>
   375001
  </price>
  <rating>
   3.09
  </rating>
  <reviews>
   767317
  </reviews>
  <sporty>
   yes
  </sporty>
 </clothing>
 <clothing>
  <id>
   505313475
  </id>
  <name>
   Addidas Sweater R-9626
  </name>
  <category>
   Sweater
  </category>
  <size>
   XL
  </size>
  <color>
   Желтый
  </color>
  <material>
   Вискоза
  </material>
  <price>
   483330
  </price>
  <rating>
   2.88
  </rating>
  <reviews>
   70240
  </reviews>
  <exclusive>
   yes
  </exclusive>
  <sporty>
   no
  </sporty>
 </clothing>
 <clothing>
  <id>
   116880468
  </id>
  <name>
   Ellesse Umbrellas Z-3268
  </name>
  <category>
   Umbrellas
  </category>
  <size>
   S
  </size>
  <color>
   Голубой
  </color>
  <material>
   Шелк
  </material>
  <price>
   617910
  </price>
  <rating>
   2.67
  </rating>
  <reviews>
   899882
  </reviews>
  <exclusive>
   no
  </exclusive>
  <sporty>
   no
  </sporty>
 </clothing>
 <clothing>
  <id>
   602324388
  </id>
  <name>
   Addidas Skirt V-6177
  </name>
  <category>
   Skirt
  </category>
  <size>
   S
  </size>
  <color>
   Фиолетовый
  </color>
  <material>
   Кожа
  </material>
  <price>
   827472
  </price>
  <rating>
   1.1
  </rating>
  <reviews>
   359744
  </reviews>
  <new>
   +
  </new>
 </clothing>
 <clothing>
  <id>
   183422853
  </id>
  <name>
   Lacoste Hat G-4204
  </name>
  <category>
   Hat
  </category>
  <size>
   L
  </size>
  <color>
   Оранжевый
  </color>
  <material>
   Шелк
  </material>
  <price>
   449124
  </price>
  <rating>
   1.24
  </rating>
  <reviews>
   548197
  </reviews>
  <new>
   -
  </new>
  <exclusive>
   no
  </exclusive>
 </clothing>
 <clothing>
  <id>
   740759857
  </id>
  <name>
   Adidas T-shirt T-7982
  </name>
  <category>
   T-shirt
  </category>
  <size>
   L
  </size>
  <color>
   Оранжевый
  </color>
  <material>
   Кожа
  </material>
  <price>
   791186
  </price>
  <rating>
   2.16
  </rating>
  <reviews>
   183985
  </reviews>
  <exclusive>
   yes
  </exclusive>
  <sporty>
   yes
  </sporty>
 </clothing>
 <clothing>
  <id>
   742946012
  </id>
  <name>
   Ellesse Blouse F-7270
  </name>
  <category>
   Blouse
  </category>
  <size>
   M
  </size>
  <color>
   Синий
  </color>
  <material>
   Лен
  </material>
  <price>
   874510
  </price>
  <rating>
   4.32
  </rating>
  <reviews>
   973501
  </reviews>
  <sporty>
   no
  </sporty>
 </clothing>
 <clothing>
  <id>
   633968354
  </id>
  <name>
   Addidas Jacket J-9766
  </name>
  <category>
   Jacket
  </category>
  <size>
   L
  </size>
  <color>
   Голубой
  </color>
  <material>
   Кожа
  </material>
  <price>
   912868
  </price>
  <rating>
   1.61
  </rating>
  <reviews>
   525094
  </reviews>
  <new>
   -
  </new>
  <sporty>
   yes
  </sporty>
 </clothing>
 <clothing>
  <id>
   555338464
  </id>
  <name>
   New Balance Gloves T-5028
  </name>
  <category>
   Gloves
  </category>
  <size>
   M
  </size>
  <color>
   Голубой
  </color>
  <material>
   Хлопок
  </material>
  <price>
   636073
  </price>
  <rating>
   4.71
  </rating>
  <reviews>
   952321
  </reviews>
  <new>
   +
  </new>
  <sporty>
   no
  </sporty>
 </clothing>
</clothing-items>
