<?xml version="1.0" encoding="utf-8"?>
<clothing-items>
 <clothing>
  <id>
   817093512
  </id>
  <name>
   PleinSport Hat E-3620
  </name>
  <category>
   Hat
  </category>
  <size>
   M
  </size>
  <color>
   Синий
  </color>
  <material>
   Вискоза
  </material>
  <price>
   145639
  </price>
  <rating>
   1.27
  </rating>
  <reviews>
   900247
  </reviews>
  <new>
   +
  </new>
 </clothing>
 <clothing>
  <id>
   997133070
  </id>
  <name>
   DC Umbrellas D-7629
  </name>
  <category>
   Umbrellas
  </category>
  <size>
   XL
  </size>
  <color>
   Зеленый
  </color>
  <material>
   Вискоза
  </material>
  <price>
   566928
  </price>
  <rating>
   4.02
  </rating>
  <reviews>
   467874
  </reviews>
  <new>
   +
  </new>
  <exclusive>
   no
  </exclusive>
  <sporty>
   no
  </sporty>
 </clothing>
 <clothing>
  <id>
   270367500
  </id>
  <name>
   Under Armour Skirt R-7485
  </name>
  <category>
   Skirt
  </category>
  <size>
   M
  </size>
  <color>
   Зеленый
  </color>
  <material>
   Вискоза
  </material>
  <price>
   589965
  </price>
  <rating>
   4.11
  </rating>
  <reviews>
   563058
  </reviews>
  <exclusive>
   yes
  </exclusive>
 </clothing>
 <clothing>
  <id>
   297383065
  </id>
  <name>
   Asics Belts F-8599
  </name>
  <category>
   Belts
  </category>
  <size>
   L
  </size>
  <color>
   Фиолетовый
  </color>
  <material>
   Хлопок
  </material>
  <price>
   496347
  </price>
  <rating>
   2.29
  </rating>
  <reviews>
   443223
  </reviews>
  <new>
   -
  </new>
  <sporty>
   no
  </sporty>
 </clothing>
 <clothing>
  <id>
   730807481
  </id>
  <name>
   Fila Shirt F-1711
  </name>
  <category>
   Shirt
  </category>
  <size>
   XL
  </size>
  <color>
   Желтый
  </color>
  <material>
   Шерсть
  </material>
  <price>
   745280
  </price>
  <rating>
   3.72
  </rating>
  <reviews>
   405753
  </reviews>
 </clothing>
 <clothing>
  <id>
   572896320
  </id>
  <name>
   Ellesse Shirt M-7254
  </name>
  <category>
   Shirt
  </category>
  <size>
   S
  </size>
  <color>
   Фиолетовый
  </color>
  <material>
   Вискоза
  </material>
  <price>
   807258
  </price>
  <rating>
   3.94
  </rating>
  <reviews>
   806953
  </reviews>
  <new>
   -
  </new>
  <sporty>
   no
  </sporty>
 </clothing>
 <clothing>
  <id>
   877794457
  </id>
  <name>
   Lacoste T-shirt O-3056
  </name>
  <category>
   T-shirt
  </category>
  <size>
   S
  </size>
  <color>
   Красный
  </color>
  <material>
   Нейлон
  </material>
  <price>
   647400
  </price>
  <rating>
   2.12
  </rating>
  <reviews>
   675338
  </reviews>
  <exclusive>
   yes
  </exclusive>
  <sporty>
   yes
  </sporty>
 </clothing>
 <clothing>
  <id>
   930459110
  </id>
  <name>
   Vans Jacket U-9569
  </name>
  <category>
   Jacket
  </category>
  <size>
   L
  </size>
  <color>
   Фиолетовый
  </color>
  <material>
   Шелк
  </material>
  <price>
   500501
  </price>
  <rating>
   3.5
  </rating>
  <reviews>
   596981
  </reviews>
  <new>
   +
  </new>
 </clothing>
 <clothing>
  <id>
   985926485
  </id>
  <name>
   Fila Gloves F-2997
  </name>
  <category>
   Gloves
  </category>
  <size>
   L
  </size>
  <color>
   Зеленый
  </color>
  <material>
   Нейлон
  </material>
  <price>
   473074
  </price>
  <rating>
   4.48
  </rating>
  <reviews>
   812134
  </reviews>
  <sporty>
   no
  </sporty>
 </clothing>
 <clothing>
  <id>
   568953036
  </id>
  <name>
   Reebok Umbrellas C-9209
  </name>
  <category>
   Umbrellas
  </category>
  <size>
   S
  </size>
  <color>
   Синий
  </color>
  <material>
   Шерсть
  </material>
  <price>
   914511
  </price>
  <rating>
   2.65
  </rating>
  <reviews>
   864602
  </reviews>
  <exclusive>
   yes
  </exclusive>
  <sporty>
   no
  </sporty>
 </clothing>
 <clothing>
  <id>
   847275975
  </id>
  <name>
   Vans Blouse N-6502
  </name>
  <category>
   Blouse
  </category>
  <size>
   S
  </size>
  <color>
   Оранжевый
  </color>
  <material>
   Вискоза
  </material>
  <price>
   539616
  </price>
  <rating>
   3.88
  </rating>
  <reviews>
   370876
  </reviews>
  <new>
   +
  </new>
  <sporty>
   yes
  </sporty>
 </clothing>
 <clothing>
  <id>
   144743681
  </id>
  <name>
   Puma Dress W-5113
  </name>
  <category>
   Dress
  </category>
  <size>
   S
  </size>
  <color>
   Голубой
  </color>
  <material>
   Шелк
  </material>
  <price>
   519755
  </price>
  <rating>
   4.66
  </rating>
  <reviews>
   790601
  </reviews>
  <sporty>
   no
  </sporty>
 </clothing>
 <clothing>
  <id>
   473395291
  </id>
  <name>
   Ellesse Shirt L-6707
  </name>
  <category>
   Shirt
  </category>
  <size>
   XXL
  </size>
  <color>
   Зеленый
  </color>
  <material>
   Лен
  </material>
  <price>
   265342
  </price>
  <rating>
   4.03
  </rating>
  <reviews>
   843473
  </reviews>
  <exclusive>
   yes
  </exclusive>
  <sporty>
   no
  </sporty>
 </clothing>
 <clothing>
  <id>
   600029185
  </id>
  <name>
   Under Armour Blouse P-8901
  </name>
  <category>
   Blouse
  </category>
  <size>
   XL
  </size>
  <color>
   Голубой
  </color>
  <material>
   Нейлон
  </material>
  <price>
   712998
  </price>
  <rating>
   4.17
  </rating>
  <reviews>
   513834
  </reviews>
  <exclusive>
   yes
  </exclusive>
 </clothing>
 <clothing>
  <id>
   639783543
  </id>
  <name>
   Converse Skirt B-1144
  </name>
  <category>
   Skirt
  </category>
  <size>
   XXL
  </size>
  <color>
   Синий
  </color>
  <material>
   Хлопок
  </material>
  <price>
   510148
  </price>
  <rating>
   4.78
  </rating>
  <reviews>
   752098
  </reviews>
  <new>
   +
  </new>
  <exclusive>
   no
  </exclusive>
  <sporty>
   no
  </sporty>
 </clothing>
 <clothing>
  <id>
   795176559
  </id>
  <name>
   New Balance T-shirt U-2453
  </name>
  <category>
   T-shirt
  </category>
  <size>
   XXL
  </size>
  <color>
   Красный
  </color>
  <material>
   Шерсть
  </material>
  <price>
   754893
  </price>
  <rating>
   1.07
  </rating>
  <reviews>
   379184
  </reviews>
  <new>
   -
  </new>
  <exclusive>
   yes
  </exclusive>
  <sporty>
   yes
  </sporty>
 </clothing>
 <clothing>
  <id>
   545759052
  </id>
  <name>
   Under Armour Sweater P-1744
  </name>
  <category>
   Sweater
  </category>
  <size>
   M
  </size>
  <color>
   Красный
  </color>
  <material>
   Лен
  </material>
  <price>
   898422
  </price>
  <rating>
   3.49
  </rating>
  <reviews>
   478022
  </reviews>
  <sporty>
   no
  </sporty>
 </clothing>
 <clothing>
  <id>
   325514509
  </id>
  <name>
   Brooks Belts T-7332
  </name>
  <category>
   Belts
  </category>
  <size>
   XL
  </size>
  <color>
   Желтый
  </color>
  <material>
   Вискоза
  </material>
  <price>
   401498
  </price>
  <rating>
   1.65
  </rating>
  <reviews>
   669066
  </reviews>
  <new>
   -
  </new>
 </clothing>
 <clothing>
  <id>
   903080976
  </id>
  <name>
   Reebok Pants I-9020
  </name>
  <category>
   Pants
  </category>
  <size>
   S
  </size>
  <color>
   Зеленый
  </color>
  <material>
   Шелк
  </material>
  <price>
   988475
  </price>
  <rating>
   1.29
  </rating>
  <reviews>
   734569
  </reviews>
  <new>
   +
  </new>
 </clothing>
 <clothing>
  <id>
   411921928
  </id>
  <name>
   New Balance Shoes A-4145
  </name>
  <category>
   Shoes
  </category>
  <size>
   M
  </size>
  <color>
   Зеленый
  </color>
  <material>
   Вискоза
  </material>
  <price>
   785416
  </price>
  <rating>
   2.97
  </rating>
  <reviews>
   602286
  </reviews>
  <exclusive>
   yes
  </exclusive>
  <sporty>
   no
  </sporty>
 </clothing>
 <clothing>
  <id>
   381358906
  </id>
  <name>
   Fila Blouse P-3750
  </name>
  <category>
   Blouse
  </category>
  <size>
   S
  </size>
  <color>
   Фиолетовый
  </color>
  <material>
   Шерсть
  </material>
  <price>
   148409
  </price>
  <rating>
   3.14
  </rating>
  <reviews>
   673872
  </reviews>
  <new>
   +
  </new>
  <sporty>
   yes
  </sporty>
 </clothing>
 <clothing>
  <id>
   187231277
  </id>
  <name>
   Converse Pants N-9461
  </name>
  <category>
   Pants
  </category>
  <size>
   XXL
  </size>
  <color>
   Фиолетовый
  </color>
  <material>
   Шелк
  </material>
  <price>
   984936
  </price>
  <rating>
   1.55
  </rating>
  <reviews>
   948156
  </reviews>
  <new>
   +
  </new>
  <sporty>
   no
  </sporty>
 </clothing>
 <clothing>
  <id>
   399485360
  </id>
  <name>
   Converse Shoes M-2454
  </name>
  <category>
   Shoes
  </category>
  <size>
   XL
  </size>
  <color>
   Желтый
  </color>
  <material>
   Полиэстер
  </material>
  <price>
   212230
  </price>
  <rating>
   1.88
  </rating>
  <reviews>
   982156
  </reviews>
  <new>
   +
  </new>
 </clothing>
 <clothing>
  <id>
   225149248
  </id>
  <name>
   Vans Jeans X-3306
  </name>
  <category>
   Jeans
  </category>
  <size>
   M
  </size>
  <color>
   Зеленый
  </color>
  <material>
   Вискоза
  </material>
  <price>
   420734
  </price>
  <rating>
   2.23
  </rating>
  <reviews>
   53017
  </reviews>
 </clothing>
 <clothing>
  <id>
   945239429
  </id>
  <name>
   Reebok T-shirt O-6267
  </name>
  <category>
   T-shirt
  </category>
  <size>
   XL
  </size>
  <color>
   Фиолетовый
  </color>
  <material>
   Шерсть
  </material>
  <price>
   820356
  </price>
  <rating>
   4.02
  </rating>
  <reviews>
   706635
  </reviews>
  <new>
   +
  </new>
  <exclusive>
   no
  </exclusive>
  <sporty>
   yes
  </sporty>
 </clothing>
 <clothing>
  <id>
   393202354
  </id>
  <name>
   New Balance Jeans P-2924
  </name>
  <category>
   Jeans
  </category>
  <size>
   XXL
  </size>
  <color>
   Голубой
  </color>
  <material>
   Хлопок
  </material>
  <price>
   544085
  </price>
  <rating>
   2.96
  </rating>
  <reviews>
   449085
  </reviews>
  <new>
   +
  </new>
  <sporty>
   no
  </sporty>
 </clothing>
 <clothing>
  <id>
   473608358
  </id>
  <name>
   Vans Jacket L-9027
  </name>
  <category>
   Jacket
  </category>
  <size>
   S
  </size>
  <color>
   Синий
  </color>
  <material>
   Полиэстер
  </material>
  <price>
   298318
  </price>
  <rating>
   1.98
  </rating>
  <reviews>
   211678
  </reviews>
  <new>
   -
  </new>
  <exclusive>
   yes
  </exclusive>
  <sporty>
   yes
  </sporty>
 </clothing>
 <clothing>
  <id>
   574442302
  </id>
  <name>
   Reebok Gloves H-8936
  </name>
  <category>
   Gloves
  </category>
  <size>
   L
  </size>
  <color>
   Фиолетовый
  </color>
  <material>
   Кожа
  </material>
  <price>
   913421
  </price>
  <rating>
   3.13
  </rating>
  <reviews>
   263040
  </reviews>
  <new>
   -
  </new>
  <exclusive>
   no
  </exclusive>
  <sporty>
   yes
  </sporty>
 </clothing>
 <clothing>
  <id>
   657927808
  </id>
  <name>
   Asics Jacket N-9029
  </name>
  <category>
   Jacket
  </category>
  <size>
   L
  </size>
  <color>
   Оранжевый
  </color>
  <material>
   Кожа
  </material>
  <price>
   957606
  </price>
  <rating>
   2.37
  </rating>
  <reviews>
   574815
  </reviews>
  <new>
   -
  </new>
  <sporty>
   yes
  </sporty>
 </clothing>
 <clothing>
  <id>
   424114964
  </id>
  <name>
   New Balance Hat D-3691
  </name>
  <category>
   Hat
  </category>
  <size>
   XL
  </size>
  <color>
   Красный
  </color>
  <material>
   Шелк
  </material>
  <price>
   302564
  </price>
  <rating>
   1.51
  </rating>
  <reviews>
   971478
  </reviews>
  <exclusive>
   yes
  </exclusive>
  <sporty>
   no
  </sporty>
 </clothing>
 <clothing>
  <id>
   891891512
  </id>
  <name>
   Brooks Dress Z-7418
  </name>
  <category>
   Dress
  </category>
  <size>
   XXL
  </size>
  <color>
   Оранжевый
  </color>
  <material>
   Вискоза
  </material>
  <price>
   696205
  </price>
  <rating>
   3.76
  </rating>
  <reviews>
   37209
  </reviews>
  <new>
   +
  </new>
  <exclusive>
   yes
  </exclusive>
  <sporty>
   no
  </sporty>
 </clothing>
 <clothing>
  <id>
   536764574
  </id>
  <name>
   PleinSport Skirt B-1643
  </name>
  <category>
   Skirt
  </category>
  <size>
   XXL
  </size>
  <color>
   Синий
  </color>
  <material>
   Шерсть
  </material>
  <price>
   381964
  </price>
  <rating>
   3.86
  </rating>
  <reviews>
   393952
  </reviews>
 </clothing>
 <clothing>
  <id>
   647736477
  </id>
  <name>
   Adidas Umbrellas R-9823
  </name>
  <category>
   Umbrellas
  </category>
  <size>
   L
  </size>
  <color>
   Оранжевый
  </color>
  <material>
   Шелк
  </material>
  <price>
   655198
  </price>
  <rating>
   1.13
  </rating>
  <reviews>
   110333
  </reviews>
  <exclusive>
   no
  </exclusive>
 </clothing>
 <clothing>
  <id>
   120857013
  </id>
  <name>
   Puma Blouse T-4176
  </name>
  <category>
   Blouse
  </category>
  <size>
   M
  </size>
  <color>
   Желтый
  </color>
  <material>
   Лен
  </material>
  <price>
   469091
  </price>
  <rating>
   1.57
  </rating>
  <reviews>
   392008
  </reviews>
  <new>
   -
  </new>
  <exclusive>
   no
  </exclusive>
  <sporty>
   no
  </sporty>
 </clothing>
 <clothing>
  <id>
   985193832
  </id>
  <name>
   Fila Umbrellas J-6495
  </name>
  <category>
   Umbrellas
  </category>
  <size>
   S
  </size>
  <color>
   Зеленый
  </color>
  <material>
   Шелк
  </material>
  <price>
   769158
  </price>
  <rating>
   1.95
  </rating>
  <reviews>
   724993
  </reviews>
  <exclusive>
   yes
  </exclusive>
 </clothing>
 <clothing>
  <id>
   121260954
  </id>
  <name>
   Converse Shirt N-1407
  </name>
  <category>
   Shirt
  </category>
  <size>
   XL
  </size>
  <color>
   Оранжевый
  </color>
  <material>
   Кожа
  </material>
  <price>
   120546
  </price>
  <rating>
   2.84
  </rating>
  <reviews>
   906184
  </reviews>
  <new>
   +
  </new>
 </clothing>
 <clothing>
  <id>
   662001319
  </id>
  <name>
   Adidas Shoes C-2884
  </name>
  <category>
   Shoes
  </category>
  <size>
   XXL
  </size>
  <color>
   Желтый
  </color>
  <material>
   Шерсть
  </material>
  <price>
   334957
  </price>
  <rating>
   2.67
  </rating>
  <reviews>
   245027
  </reviews>
 </clothing>
 <clothing>
  <id>
   391442812
  </id>
  <name>
   Adidas Handbags T-9185
  </name>
  <category>
   Handbags
  </category>
  <size>
   XXL
  </size>
  <color>
   Желтый
  </color>
  <material>
   Нейлон
  </material>
  <price>
   380915
  </price>
  <rating>
   2.94
  </rating>
  <reviews>
   491488
  </reviews>
  <exclusive>
   no
  </exclusive>
  <sporty>
   yes
  </sporty>
 </clothing>
 <clothing>
  <id>
   731423124
  </id>
  <name>
   DC Shirt F-3641
  </name>
  <category>
   Shirt
  </category>
  <size>
   XL
  </size>
  <color>
   Красный
  </color>
  <material>
   Шерсть
  </material>
  <price>
   272972
  </price>
  <rating>
   1.66
  </rating>
  <reviews>
   762028
  </reviews>
  <new>
   -
  </new>
  <exclusive>
   no
  </exclusive>
 </clothing>
 <clothing>
  <id>
   574832365
  </id>
  <name>
   New Balance Gloves N-6490
  </name>
  <category>
   Gloves
  </category>
  <size>
   XXL
  </size>
  <color>
   Синий
  </color>
  <material>
   Кожа
  </material>
  <price>
   863726
  </price>
  <rating>
   4.04
  </rating>
  <reviews>
   268536
  </reviews>
  <new>
   -
  </new>
  <exclusive>
   no
  </exclusive>
 </clothing>
 <clothing>
  <id>
   430438377
  </id>
  <name>
   PleinSport Handbags A-8866
  </name>
  <category>
   Handbags
  </category>
  <size>
   L
  </size>
  <color>
   Голубой
  </color>
  <material>
   Нейлон
  </material>
  <price>
   853662
  </price>
  <rating>
   3.28
  </rating>
  <reviews>
   482071
  </reviews>
 </clothing>
 <clothing>
  <id>
   190427109
  </id>
  <name>
   PleinSport Shirt F-1884
  </name>
  <category>
   Shirt
  </category>
  <size>
   S
  </size>
  <color>
   Красный
  </color>
  <material>
   Шелк
  </material>
  <price>
   212799
  </price>
  <rating>
   2.41
  </rating>
  <reviews>
   70043
  </reviews>
  <exclusive>
   yes
  </exclusive>
 </clothing>
</clothing-items>
