<?xml version="1.0" encoding="utf-8"?>
<clothing-items>
 <clothing>
  <id>
   392355816
  </id>
  <name>
   Converse Skirt R-9413
  </name>
  <category>
   Skirt
  </category>
  <size>
   S
  </size>
  <color>
   Красный
  </color>
  <material>
   Нейлон
  </material>
  <price>
   186148
  </price>
  <rating>
   1.77
  </rating>
  <reviews>
   146399
  </reviews>
  <new>
   -
  </new>
  <exclusive>
   yes
  </exclusive>
  <sporty>
   no
  </sporty>
 </clothing>
 <clothing>
  <id>
   859036095
  </id>
  <name>
   Converse Jacket A-5881
  </name>
  <category>
   Jacket
  </category>
  <size>
   L
  </size>
  <color>
   Зеленый
  </color>
  <material>
   Шерсть
  </material>
  <price>
   251471
  </price>
  <rating>
   1.45
  </rating>
  <reviews>
   804290
  </reviews>
  <new>
   -
  </new>
  <exclusive>
   yes
  </exclusive>
  <sporty>
   yes
  </sporty>
 </clothing>
 <clothing>
  <id>
   338927317
  </id>
  <name>
   Brooks Umbrellas J-6717
  </name>
  <category>
   Umbrellas
  </category>
  <size>
   S
  </size>
  <color>
   Голубой
  </color>
  <material>
   Шерсть
  </material>
  <price>
   842158
  </price>
  <rating>
   1.81
  </rating>
  <reviews>
   171320
  </reviews>
  <exclusive>
   no
  </exclusive>
 </clothing>
 <clothing>
  <id>
   969784139
  </id>
  <name>
   Addidas T-shirt O-6244
  </name>
  <category>
   T-shirt
  </category>
  <size>
   S
  </size>
  <color>
   Синий
  </color>
  <material>
   Нейлон
  </material>
  <price>
   534443
  </price>
  <rating>
   2.46
  </rating>
  <reviews>
   641225
  </reviews>
  <new>
   +
  </new>
  <exclusive>
   no
  </exclusive>
  <sporty>
   no
  </sporty>
 </clothing>
 <clothing>
  <id>
   514359194
  </id>
  <name>
   Vans Skirt Z-7184
  </name>
  <category>
   Skirt
  </category>
  <size>
   XL
  </size>
  <color>
   Зеленый
  </color>
  <material>
   Вискоза
  </material>
  <price>
   513107
  </price>
  <rating>
   1.96
  </rating>
  <reviews>
   519617
  </reviews>
  <new>
   -
  </new>
  <exclusive>
   no
  </exclusive>
 </clothing>
 <clothing>
  <id>
   975131795
  </id>
  <name>
   Puma Sweater A-9913
  </name>
  <category>
   Sweater
  </category>
  <size>
   M
  </size>
  <color>
   Желтый
  </color>
  <material>
   Шерсть
  </material>
  <price>
   884814
  </price>
  <rating>
   4.26
  </rating>
  <reviews>
   884782
  </reviews>
  <new>
   -
  </new>
  <exclusive>
   no
  </exclusive>
 </clothing>
 <clothing>
  <id>
   409590554
  </id>
  <name>
   Under Armour Shoes O-3582
  </name>
  <category>
   Shoes
  </category>
  <size>
   XXL
  </size>
  <color>
   Фиолетовый
  </color>
  <material>
   Шерсть
  </material>
  <price>
   789980
  </price>
  <rating>
   3.94
  </rating>
  <reviews>
   444183
  </reviews>
 </clothing>
 <clothing>
  <id>
   875562964
  </id>
  <name>
   Vans Blouse P-6729
  </name>
  <category>
   Blouse
  </category>
  <size>
   XXL
  </size>
  <color>
   Зеленый
  </color>
  <material>
   Вискоза
  </material>
  <price>
   164369
  </price>
  <rating>
   3.48
  </rating>
  <reviews>
   344284
  </reviews>
  <exclusive>
   no
  </exclusive>
  <sporty>
   yes
  </sporty>
 </clothing>
 <clothing>
  <id>
   752361281
  </id>
  <name>
   Under Armour Gloves X-4747
  </name>
  <category>
   Gloves
  </category>
  <size>
   XXL
  </size>
  <color>
   Зеленый
  </color>
  <material>
   Хлопок
  </material>
  <price>
   519888
  </price>
  <rating>
   1.02
  </rating>
  <reviews>
   763152
  </reviews>
  <exclusive>
   yes
  </exclusive>
  <sporty>
   yes
  </sporty>
 </clothing>
 <clothing>
  <id>
   244128467
  </id>
  <name>
   Under Armour Handbags W-3231
  </name>
  <category>
   Handbags
  </category>
  <size>
   M
  </size>
  <color>
   Синий
  </color>
  <material>
   Нейлон
  </material>
  <price>
   617696
  </price>
  <rating>
   4.28
  </rating>
  <reviews>
   588339
  </reviews>
  <new>
   -
  </new>
  <exclusive>
   no
  </exclusive>
  <sporty>
   no
  </sporty>
 </clothing>
 <clothing>
  <id>
   456475210
  </id>
  <name>
   DC Skirt M-9128
  </name>
  <category>
   Skirt
  </category>
  <size>
   XXL
  </size>
  <color>
   Оранжевый
  </color>
  <material>
   Шерсть
  </material>
  <price>
   926443
  </price>
  <rating>
   2.09
  </rating>
  <reviews>
   579470
  </reviews>
  <new>
   -
  </new>
 </clothing>
 <clothing>
  <id>
   972312373
  </id>
  <name>
   Fila Shirt O-2945
  </name>
  <category>
   Shirt
  </category>
  <size>
   L
  </size>
  <color>
   Зеленый
  </color>
  <material>
   Хлопок
  </material>
  <price>
   783552
  </price>
  <rating>
   4.89
  </rating>
  <reviews>
   735475
  </reviews>
  <exclusive>
   no
  </exclusive>
  <sporty>
   no
  </sporty>
 </clothing>
 <clothing>
  <id>
   864796235
  </id>
  <name>
   Converse Umbrellas U-6647
  </name>
  <category>
   Umbrellas
  </category>
  <size>
   M
  </size>
  <color>
   Красный
  </color>
  <material>
   Лен
  </material>
  <price>
   235118
  </price>
  <rating>
   3.53
  </rating>
  <reviews>
   615343
  </reviews>
  <exclusive>
   no
  </exclusive>
 </clothing>
 <clothing>
  <id>
   110432581
  </id>
  <name>
   Converse Pants W-2098
  </name>
  <category>
   Pants
  </category>
  <size>
   L
  </size>
  <color>
   Желтый
  </color>
  <material>
   Полиэстер
  </material>
  <price>
   304809
  </price>
  <rating>
   3.33
  </rating>
  <reviews>
   902406
  </reviews>
 </clothing>
 <clothing>
  <id>
   496235809
  </id>
  <name>
   Nike Jeans D-5997
  </name>
  <category>
   Jeans
  </category>
  <size>
   S
  </size>
  <color>
   Оранжевый
  </color>
  <material>
   Полиэстер
  </material>
  <price>
   795878
  </price>
  <rating>
   1.05
  </rating>
  <reviews>
   842237
  </reviews>
  <sporty>
   no
  </sporty>
 </clothing>
 <clothing>
  <id>
   620928134
  </id>
  <name>
   DC Sweater Z-2560
  </name>
  <category>
   Sweater
  </category>
  <size>
   XXL
  </size>
  <color>
   Оранжевый
  </color>
  <material>
   Шерсть
  </material>
  <price>
   713477
  </price>
  <rating>
   1.3
  </rating>
  <reviews>
   865459
  </reviews>
  <exclusive>
   no
  </exclusive>
  <sporty>
   no
  </sporty>
 </clothing>
 <clothing>
  <id>
   101788796
  </id>
  <name>
   Lacoste Jacket J-7515
  </name>
  <category>
   Jacket
  </category>
  <size>
   S
  </size>
  <color>
   Синий
  </color>
  <material>
   Лен
  </material>
  <price>
   821804
  </price>
  <rating>
   4.57
  </rating>
  <reviews>
   561576
  </reviews>
  <new>
   +
  </new>
  <sporty>
   no
  </sporty>
 </clothing>
 <clothing>
  <id>
   594571046
  </id>
  <name>
   DC Hat J-9915
  </name>
  <category>
   Hat
  </category>
  <size>
   M
  </size>
  <color>
   Фиолетовый
  </color>
  <material>
   Кожа
  </material>
  <price>
   814115
  </price>
  <rating>
   1.27
  </rating>
  <reviews>
   855718
  </reviews>
  <new>
   -
  </new>
  <sporty>
   no
  </sporty>
 </clothing>
 <clothing>
  <id>
   417327447
  </id>
  <name>
   Puma Handbags N-5726
  </name>
  <category>
   Handbags
  </category>
  <size>
   L
  </size>
  <color>
   Зеленый
  </color>
  <material>
   Шерсть
  </material>
  <price>
   773240
  </price>
  <rating>
   2.95
  </rating>
  <reviews>
   238629
  </reviews>
  <exclusive>
   no
  </exclusive>
 </clothing>
 <clothing>
  <id>
   190073497
  </id>
  <name>
   Converse Dress H-8469
  </name>
  <category>
   Dress
  </category>
  <size>
   S
  </size>
  <color>
   Голубой
  </color>
  <material>
   Шерсть
  </material>
  <price>
   622896
  </price>
  <rating>
   4.46
  </rating>
  <reviews>
   393383
  </reviews>
  <new>
   +
  </new>
  <exclusive>
   no
  </exclusive>
 </clothing>
 <clothing>
  <id>
   503497107
  </id>
  <name>
   Brooks Blouse E-2140
  </name>
  <category>
   Blouse
  </category>
  <size>
   XL
  </size>
  <color>
   Синий
  </color>
  <material>
   Шерсть
  </material>
  <price>
   337900
  </price>
  <rating>
   2.77
  </rating>
  <reviews>
   794781
  </reviews>
  <exclusive>
   yes
  </exclusive>
  <sporty>
   no
  </sporty>
 </clothing>
 <clothing>
  <id>
   560778715
  </id>
  <name>
   Ellesse Blouse J-8533
  </name>
  <category>
   Blouse
  </category>
  <size>
   S
  </size>
  <color>
   Фиолетовый
  </color>
  <material>
   Полиэстер
  </material>
  <price>
   551868
  </price>
  <rating>
   1.35
  </rating>
  <reviews>
   608771
  </reviews>
  <new>
   -
  </new>
  <exclusive>
   yes
  </exclusive>
 </clothing>
 <clothing>
  <id>
   385622890
  </id>
  <name>
   Ellesse Pants Y-6766
  </name>
  <category>
   Pants
  </category>
  <size>
   XXL
  </size>
  <color>
   Голубой
  </color>
  <material>
   Нейлон
  </material>
  <price>
   791428
  </price>
  <rating>
   3.69
  </rating>
  <reviews>
   275724
  </reviews>
  <new>
   -
  </new>
  <exclusive>
   no
  </exclusive>
 </clothing>
 <clothing>
  <id>
   489099502
  </id>
  <name>
   PleinSport T-shirt Z-2366
  </name>
  <category>
   T-shirt
  </category>
  <size>
   XXL
  </size>
  <color>
   Голубой
  </color>
  <material>
   Нейлон
  </material>
  <price>
   952621
  </price>
  <rating>
   2.63
  </rating>
  <reviews>
   302122
  </reviews>
  <new>
   -
  </new>
  <sporty>
   no
  </sporty>
 </clothing>
 <clothing>
  <id>
   161058719
  </id>
  <name>
   Converse Gloves B-4528
  </name>
  <category>
   Gloves
  </category>
  <size>
   L
  </size>
  <color>
   Красный
  </color>
  <material>
   Хлопок
  </material>
  <price>
   351120
  </price>
  <rating>
   2.31
  </rating>
  <reviews>
   123277
  </reviews>
 </clothing>
 <clothing>
  <id>
   760065041
  </id>
  <name>
   Addidas Shirt U-2651
  </name>
  <category>
   Shirt
  </category>
  <size>
   M
  </size>
  <color>
   Синий
  </color>
  <material>
   Хлопок
  </material>
  <price>
   882827
  </price>
  <rating>
   4.17
  </rating>
  <reviews>
   445283
  </reviews>
  <new>
   -
  </new>
  <exclusive>
   no
  </exclusive>
  <sporty>
   no
  </sporty>
 </clothing>
 <clothing>
  <id>
   605141599
  </id>
  <name>
   Vans Handbags P-4338
  </name>
  <category>
   Handbags
  </category>
  <size>
   XL
  </size>
  <color>
   Синий
  </color>
  <material>
   Лен
  </material>
  <price>
   613119
  </price>
  <rating>
   4.88
  </rating>
  <reviews>
   214354
  </reviews>
  <exclusive>
   no
  </exclusive>
 </clothing>
 <clothing>
  <id>
   169865983
  </id>
  <name>
   Addidas Skirt M-3214
  </name>
  <category>
   Skirt
  </category>
  <size>
   XL
  </size>
  <color>
   Голубой
  </color>
  <material>
   Нейлон
  </material>
  <price>
   696284
  </price>
  <rating>
   4.6
  </rating>
  <reviews>
   237222
  </reviews>
  <exclusive>
   yes
  </exclusive>
  <sporty>
   no
  </sporty>
 </clothing>
 <clothing>
  <id>
   698628613
  </id>
  <name>
   DC Gloves K-2429
  </name>
  <category>
   Gloves
  </category>
  <size>
   S
  </size>
  <color>
   Красный
  </color>
  <material>
   Полиэстер
  </material>
  <price>
   919242
  </price>
  <rating>
   1.15
  </rating>
  <reviews>
   872241
  </reviews>
  <exclusive>
   no
  </exclusive>
  <sporty>
   no
  </sporty>
 </clothing>
 <clothing>
  <id>
   445006781
  </id>
  <name>
   Ellesse Handbags R-8600
  </name>
  <category>
   Handbags
  </category>
  <size>
   L
  </size>
  <color>
   Синий
  </color>
  <material>
   Вискоза
  </material>
  <price>
   804102
  </price>
  <rating>
   4.04
  </rating>
  <reviews>
   763583
  </reviews>
  <exclusive>
   no
  </exclusive>
 </clothing>
 <clothing>
  <id>
   792481862
  </id>
  <name>
   Brooks Shoes V-8294
  </name>
  <category>
   Shoes
  </category>
  <size>
   M
  </size>
  <color>
   Зеленый
  </color>
  <material>
   Лен
  </material>
  <price>
   216771
  </price>
  <rating>
   2.29
  </rating>
  <reviews>
   83936
  </reviews>
  <new>
   -
  </new>
  <exclusive>
   yes
  </exclusive>
  <sporty>
   yes
  </sporty>
 </clothing>
 <clothing>
  <id>
   503747631
  </id>
  <name>
   Ellesse Shirt Y-1647
  </name>
  <category>
   Shirt
  </category>
  <size>
   S
  </size>
  <color>
   Оранжевый
  </color>
  <material>
   Вискоза
  </material>
  <price>
   877067
  </price>
  <rating>
   4.07
  </rating>
  <reviews>
   214576
  </reviews>
 </clothing>
 <clothing>
  <id>
   689573571
  </id>
  <name>
   Puma Umbrellas E-7743
  </name>
  <category>
   Umbrellas
  </category>
  <size>
   XL
  </size>
  <color>
   Синий
  </color>
  <material>
   Шелк
  </material>
  <price>
   751270
  </price>
  <rating>
   2.66
  </rating>
  <reviews>
   501325
  </reviews>
  <sporty>
   yes
  </sporty>
 </clothing>
 <clothing>
  <id>
   609043246
  </id>
  <name>
   Fila Jeans R-2491
  </name>
  <category>
   Jeans
  </category>
  <size>
   XL
  </size>
  <color>
   Синий
  </color>
  <material>
   Кожа
  </material>
  <price>
   125728
  </price>
  <rating>
   3.51
  </rating>
  <reviews>
   562759
  </reviews>
 </clothing>
 <clothing>
  <id>
   914881700
  </id>
  <name>
   Asics Jacket V-4732
  </name>
  <category>
   Jacket
  </category>
  <size>
   XXL
  </size>
  <color>
   Фиолетовый
  </color>
  <material>
   Хлопок
  </material>
  <price>
   375245
  </price>
  <rating>
   3.14
  </rating>
  <reviews>
   575996
  </reviews>
  <exclusive>
   no
  </exclusive>
  <sporty>
   no
  </sporty>
 </clothing>
 <clothing>
  <id>
   463974010
  </id>
  <name>
   Lacoste Pants G-7565
  </name>
  <category>
   Pants
  </category>
  <size>
   XXL
  </size>
  <color>
   Синий
  </color>
  <material>
   Полиэстер
  </material>
  <price>
   720668
  </price>
  <rating>
   3.08
  </rating>
  <reviews>
   579942
  </reviews>
  <new>
   +
  </new>
  <exclusive>
   yes
  </exclusive>
  <sporty>
   no
  </sporty>
 </clothing>
 <clothing>
  <id>
   324326921
  </id>
  <name>
   Lacoste Shoes Y-9989
  </name>
  <category>
   Shoes
  </category>
  <size>
   L
  </size>
  <color>
   Желтый
  </color>
  <material>
   Лен
  </material>
  <price>
   190946
  </price>
  <rating>
   4.06
  </rating>
  <reviews>
   444437
  </reviews>
  <new>
   -
  </new>
  <exclusive>
   yes
  </exclusive>
 </clothing>
 <clothing>
  <id>
   929272806
  </id>
  <name>
   PleinSport Socks B-6862
  </name>
  <category>
   Socks
  </category>
  <size>
   L
  </size>
  <color>
   Голубой
  </color>
  <material>
   Нейлон
  </material>
  <price>
   140949
  </price>
  <rating>
   3.43
  </rating>
  <reviews>
   670650
  </reviews>
  <new>
   -
  </new>
  <sporty>
   no
  </sporty>
 </clothing>
 <clothing>
  <id>
   399596604
  </id>
  <name>
   Asics Sweater C-5369
  </name>
  <category>
   Sweater
  </category>
  <size>
   XL
  </size>
  <color>
   Красный
  </color>
  <material>
   Лен
  </material>
  <price>
   469845
  </price>
  <rating>
   3.28
  </rating>
  <reviews>
   290419
  </reviews>
  <new>
   +
  </new>
  <exclusive>
   no
  </exclusive>
 </clothing>
 <clothing>
  <id>
   476230004
  </id>
  <name>
   Nike Umbrellas M-6834
  </name>
  <category>
   Umbrellas
  </category>
  <size>
   XL
  </size>
  <color>
   Голубой
  </color>
  <material>
   Кожа
  </material>
  <price>
   380485
  </price>
  <rating>
   1.94
  </rating>
  <reviews>
   520166
  </reviews>
  <new>
   -
  </new>
  <sporty>
   yes
  </sporty>
 </clothing>
 <clothing>
  <id>
   215739454
  </id>
  <name>
   Puma Jacket A-3895
  </name>
  <category>
   Jacket
  </category>
  <size>
   M
  </size>
  <color>
   Фиолетовый
  </color>
  <material>
   Шелк
  </material>
  <price>
   928346
  </price>
  <rating>
   4.95
  </rating>
  <reviews>
   12846
  </reviews>
  <exclusive>
   no
  </exclusive>
  <sporty>
   no
  </sporty>
 </clothing>
 <clothing>
  <id>
   620108924
  </id>
  <name>
   Brooks Jacket B-6888
  </name>
  <category>
   Jacket
  </category>
  <size>
   M
  </size>
  <color>
   Оранжевый
  </color>
  <material>
   Кожа
  </material>
  <price>
   442788
  </price>
  <rating>
   3.24
  </rating>
  <reviews>
   783801
  </reviews>
  <sporty>
   no
  </sporty>
 </clothing>
 <clothing>
  <id>
   541296144
  </id>
  <name>
   Adidas Skirt N-6707
  </name>
  <category>
   Skirt
  </category>
  <size>
   M
  </size>
  <color>
   Зеленый
  </color>
  <material>
   Нейлон
  </material>
  <price>
   792782
  </price>
  <rating>
   1.77
  </rating>
  <reviews>
   816463
  </reviews>
  <exclusive>
   no
  </exclusive>
 </clothing>
 <clothing>
  <id>
   400269816
  </id>
  <name>
   Reebok Dress F-2499
  </name>
  <category>
   Dress
  </category>
  <size>
   L
  </size>
  <color>
   Желтый
  </color>
  <material>
   Шерсть
  </material>
  <price>
   339595
  </price>
  <rating>
   1.5
  </rating>
  <reviews>
   887510
  </reviews>
  <new>
   +
  </new>
  <exclusive>
   no
  </exclusive>
  <sporty>
   no
  </sporty>
 </clothing>
 <clothing>
  <id>
   523564161
  </id>
  <name>
   Asics Shirt B-4680
  </name>
  <category>
   Shirt
  </category>
  <size>
   L
  </size>
  <color>
   Синий
  </color>
  <material>
   Шелк
  </material>
  <price>
   825140
  </price>
  <rating>
   2.77
  </rating>
  <reviews>
   454409
  </reviews>
  <new>
   -
  </new>
  <exclusive>
   no
  </exclusive>
 </clothing>
 <clothing>
  <id>
   278608628
  </id>
  <name>
   Addidas Hat Y-8821
  </name>
  <category>
   Hat
  </category>
  <size>
   M
  </size>
  <color>
   Фиолетовый
  </color>
  <material>
   Нейлон
  </material>
  <price>
   121539
  </price>
  <rating>
   2.16
  </rating>
  <reviews>
   845114
  </reviews>
  <new>
   +
  </new>
  <exclusive>
   no
  </exclusive>
  <sporty>
   yes
  </sporty>
 </clothing>
</clothing-items>
