<?xml version="1.0" encoding="utf-8"?>
<clothing-items>
 <clothing>
  <id>
   546730794
  </id>
  <name>
   Converse Umbrellas L-7385
  </name>
  <category>
   Umbrellas
  </category>
  <size>
   XL
  </size>
  <color>
   Фиолетовый
  </color>
  <material>
   Вискоза
  </material>
  <price>
   676022
  </price>
  <rating>
   2.43
  </rating>
  <reviews>
   85009
  </reviews>
  <new>
   +
  </new>
  <exclusive>
   no
  </exclusive>
  <sporty>
   no
  </sporty>
 </clothing>
 <clothing>
  <id>
   193931619
  </id>
  <name>
   Asics Jacket J-3376
  </name>
  <category>
   Jacket
  </category>
  <size>
   XXL
  </size>
  <color>
   Желтый
  </color>
  <material>
   Хлопок
  </material>
  <price>
   974803
  </price>
  <rating>
   2.34
  </rating>
  <reviews>
   418628
  </reviews>
  <new>
   +
  </new>
 </clothing>
 <clothing>
  <id>
   607653301
  </id>
  <name>
   Vans Hat R-9327
  </name>
  <category>
   Hat
  </category>
  <size>
   XXL
  </size>
  <color>
   Оранжевый
  </color>
  <material>
   Вискоза
  </material>
  <price>
   462250
  </price>
  <rating>
   4.36
  </rating>
  <reviews>
   535531
  </reviews>
  <new>
   -
  </new>
  <exclusive>
   yes
  </exclusive>
  <sporty>
   no
  </sporty>
 </clothing>
 <clothing>
  <id>
   257721688
  </id>
  <name>
   Converse Sweater G-9060
  </name>
  <category>
   Sweater
  </category>
  <size>
   L
  </size>
  <color>
   Зеленый
  </color>
  <material>
   Шерсть
  </material>
  <price>
   691715
  </price>
  <rating>
   2.69
  </rating>
  <reviews>
   920734
  </reviews>
  <new>
   +
  </new>
 </clothing>
 <clothing>
  <id>
   639859230
  </id>
  <name>
   Addidas Shirt M-9990
  </name>
  <category>
   Shirt
  </category>
  <size>
   M
  </size>
  <color>
   Оранжевый
  </color>
  <material>
   Кожа
  </material>
  <price>
   538020
  </price>
  <rating>
   4.61
  </rating>
  <reviews>
   554200
  </reviews>
  <new>
   +
  </new>
  <sporty>
   no
  </sporty>
 </clothing>
 <clothing>
  <id>
   193675112
  </id>
  <name>
   Brooks Socks N-8011
  </name>
  <category>
   Socks
  </category>
  <size>
   L
  </size>
  <color>
   Оранжевый
  </color>
  <material>
   Кожа
  </material>
  <price>
   873487
  </price>
  <rating>
   3.21
  </rating>
  <reviews>
   861366
  </reviews>
 </clothing>
 <clothing>
  <id>
   711839382
  </id>
  <name>
   Brooks Handbags N-6335
  </name>
  <category>
   Handbags
  </category>
  <size>
   XL
  </size>
  <color>
   Синий
  </color>
  <material>
   Кожа
  </material>
  <price>
   666736
  </price>
  <rating>
   3.98
  </rating>
  <reviews>
   758947
  </reviews>
  <new>
   -
  </new>
  <exclusive>
   yes
  </exclusive>
 </clothing>
 <clothing>
  <id>
   919274461
  </id>
  <name>
   Adidas Gloves M-6635
  </name>
  <category>
   Gloves
  </category>
  <size>
   M
  </size>
  <color>
   Фиолетовый
  </color>
  <material>
   Шерсть
  </material>
  <price>
   303123
  </price>
  <rating>
   3.77
  </rating>
  <reviews>
   226703
  </reviews>
  <new>
   -
  </new>
  <exclusive>
   no
  </exclusive>
 </clothing>
 <clothing>
  <id>
   807895915
  </id>
  <name>
   Nike T-shirt P-3856
  </name>
  <category>
   T-shirt
  </category>
  <size>
   L
  </size>
  <color>
   Оранжевый
  </color>
  <material>
   Вискоза
  </material>
  <price>
   808301
  </price>
  <rating>
   1.12
  </rating>
  <reviews>
   60778
  </reviews>
  <new>
   +
  </new>
  <exclusive>
   yes
  </exclusive>
 </clothing>
 <clothing>
  <id>
   995743228
  </id>
  <name>
   Converse Gloves I-5355
  </name>
  <category>
   Gloves
  </category>
  <size>
   XXL
  </size>
  <color>
   Оранжевый
  </color>
  <material>
   Полиэстер
  </material>
  <price>
   840198
  </price>
  <rating>
   1.94
  </rating>
  <reviews>
   697193
  </reviews>
  <sporty>
   no
  </sporty>
 </clothing>
 <clothing>
  <id>
   110204658
  </id>
  <name>
   Ellesse Hat Y-3544
  </name>
  <category>
   Hat
  </category>
  <size>
   S
  </size>
  <color>
   Красный
  </color>
  <material>
   Нейлон
  </material>
  <price>
   582242
  </price>
  <rating>
   3.86
  </rating>
  <reviews>
   193732
  </reviews>
  <sporty>
   yes
  </sporty>
 </clothing>
 <clothing>
  <id>
   956161484
  </id>
  <name>
   Adidas Shoes X-6190
  </name>
  <category>
   Shoes
  </category>
  <size>
   L
  </size>
  <color>
   Голубой
  </color>
  <material>
   Шелк
  </material>
  <price>
   938598
  </price>
  <rating>
   3.58
  </rating>
  <reviews>
   969612
  </reviews>
  <exclusive>
   yes
  </exclusive>
  <sporty>
   yes
  </sporty>
 </clothing>
 <clothing>
  <id>
   605769485
  </id>
  <name>
   Lacoste Blouse H-3320
  </name>
  <category>
   Blouse
  </category>
  <size>
   XL
  </size>
  <color>
   Голубой
  </color>
  <material>
   Вискоза
  </material>
  <price>
   695845
  </price>
  <rating>
   2.34
  </rating>
  <reviews>
   572199
  </reviews>
  <exclusive>
   no
  </exclusive>
 </clothing>
 <clothing>
  <id>
   629399268
  </id>
  <name>
   Adidas Handbags S-1939
  </name>
  <category>
   Handbags
  </category>
  <size>
   S
  </size>
  <color>
   Зеленый
  </color>
  <material>
   Хлопок
  </material>
  <price>
   550188
  </price>
  <rating>
   2.91
  </rating>
  <reviews>
   780590
  </reviews>
  <new>
   -
  </new>
  <exclusive>
   no
  </exclusive>
  <sporty>
   no
  </sporty>
 </clothing>
 <clothing>
  <id>
   324686492
  </id>
  <name>
   Reebok Belts B-4270
  </name>
  <category>
   Belts
  </category>
  <size>
   L
  </size>
  <color>
   Оранжевый
  </color>
  <material>
   Полиэстер
  </material>
  <price>
   865336
  </price>
  <rating>
   4.3
  </rating>
  <reviews>
   820583
  </reviews>
 </clothing>
 <clothing>
  <id>
   688521447
  </id>
  <name>
   Fila Jacket X-4485
  </name>
  <category>
   Jacket
  </category>
  <size>
   S
  </size>
  <color>
   Оранжевый
  </color>
  <material>
   Лен
  </material>
  <price>
   654198
  </price>
  <rating>
   4.19
  </rating>
  <reviews>
   58204
  </reviews>
  <new>
   +
  </new>
  <exclusive>
   no
  </exclusive>
  <sporty>
   no
  </sporty>
 </clothing>
 <clothing>
  <id>
   873102042
  </id>
  <name>
   Vans Handbags L-7182
  </name>
  <category>
   Handbags
  </category>
  <size>
   S
  </size>
  <color>
   Зеленый
  </color>
  <material>
   Полиэстер
  </material>
  <price>
   647107
  </price>
  <rating>
   4.92
  </rating>
  <reviews>
   548453
  </reviews>
  <sporty>
   no
  </sporty>
 </clothing>
 <clothing>
  <id>
   191902547
  </id>
  <name>
   Nike Umbrellas D-1334
  </name>
  <category>
   Umbrellas
  </category>
  <size>
   M
  </size>
  <color>
   Оранжевый
  </color>
  <material>
   Шелк
  </material>
  <price>
   184750
  </price>
  <rating>
   4.59
  </rating>
  <reviews>
   466828
  </reviews>
  <exclusive>
   yes
  </exclusive>
  <sporty>
   yes
  </sporty>
 </clothing>
 <clothing>
  <id>
   720255701
  </id>
  <name>
   Addidas Skirt H-9562
  </name>
  <category>
   Skirt
  </category>
  <size>
   L
  </size>
  <color>
   Фиолетовый
  </color>
  <material>
   Хлопок
  </material>
  <price>
   348855
  </price>
  <rating>
   3.34
  </rating>
  <reviews>
   530364
  </reviews>
  <new>
   +
  </new>
  <exclusive>
   no
  </exclusive>
 </clothing>
</clothing-items>
