<?xml version="1.0" encoding="utf-8"?>
<clothing-items>
 <clothing>
  <id>
   324718662
  </id>
  <name>
   Puma Dress N-2213
  </name>
  <category>
   Dress
  </category>
  <size>
   L
  </size>
  <color>
   Красный
  </color>
  <material>
   Полиэстер
  </material>
  <price>
   499477
  </price>
  <rating>
   2.89
  </rating>
  <reviews>
   48944
  </reviews>
  <exclusive>
   yes
  </exclusive>
  <sporty>
   no
  </sporty>
 </clothing>
 <clothing>
  <id>
   903987014
  </id>
  <name>
   Nike Shoes A-1085
  </name>
  <category>
   Shoes
  </category>
  <size>
   XL
  </size>
  <color>
   Фиолетовый
  </color>
  <material>
   Лен
  </material>
  <price>
   561562
  </price>
  <rating>
   1.83
  </rating>
  <reviews>
   872077
  </reviews>
  <exclusive>
   no
  </exclusive>
  <sporty>
   no
  </sporty>
 </clothing>
 <clothing>
  <id>
   964634253
  </id>
  <name>
   Reebok Handbags D-2222
  </name>
  <category>
   Handbags
  </category>
  <size>
   L
  </size>
  <color>
   Оранжевый
  </color>
  <material>
   Хлопок
  </material>
  <price>
   225157
  </price>
  <rating>
   2.58
  </rating>
  <reviews>
   860614
  </reviews>
  <sporty>
   yes
  </sporty>
 </clothing>
 <clothing>
  <id>
   881791408
  </id>
  <name>
   New Balance Belts N-1479
  </name>
  <category>
   Belts
  </category>
  <size>
   XL
  </size>
  <color>
   Зеленый
  </color>
  <material>
   Шелк
  </material>
  <price>
   209069
  </price>
  <rating>
   1.95
  </rating>
  <reviews>
   318717
  </reviews>
  <new>
   -
  </new>
  <exclusive>
   no
  </exclusive>
  <sporty>
   yes
  </sporty>
 </clothing>
 <clothing>
  <id>
   616480435
  </id>
  <name>
   Ellesse Socks U-9490
  </name>
  <category>
   Socks
  </category>
  <size>
   XXL
  </size>
  <color>
   Голубой
  </color>
  <material>
   Лен
  </material>
  <price>
   211136
  </price>
  <rating>
   4.12
  </rating>
  <reviews>
   492160
  </reviews>
  <new>
   +
  </new>
 </clothing>
 <clothing>
  <id>
   414940146
  </id>
  <name>
   Lacoste Dress L-3721
  </name>
  <category>
   Dress
  </category>
  <size>
   S
  </size>
  <color>
   Зеленый
  </color>
  <material>
   Нейлон
  </material>
  <price>
   160387
  </price>
  <rating>
   1.12
  </rating>
  <reviews>
   126721
  </reviews>
  <sporty>
   yes
  </sporty>
 </clothing>
 <clothing>
  <id>
   277027513
  </id>
  <name>
   Lacoste Jacket G-1016
  </name>
  <category>
   Jacket
  </category>
  <size>
   S
  </size>
  <color>
   Фиолетовый
  </color>
  <material>
   Хлопок
  </material>
  <price>
   880003
  </price>
  <rating>
   1.79
  </rating>
  <reviews>
   640770
  </reviews>
  <new>
   -
  </new>
  <exclusive>
   no
  </exclusive>
 </clothing>
 <clothing>
  <id>
   459253554
  </id>
  <name>
   Nike Gloves Q-5774
  </name>
  <category>
   Gloves
  </category>
  <size>
   S
  </size>
  <color>
   Голубой
  </color>
  <material>
   Шерсть
  </material>
  <price>
   745488
  </price>
  <rating>
   3.4
  </rating>
  <reviews>
   948838
  </reviews>
  <new>
   -
  </new>
  <exclusive>
   no
  </exclusive>
 </clothing>
 <clothing>
  <id>
   834951595
  </id>
  <name>
   Converse Dress Q-1793
  </name>
  <category>
   Dress
  </category>
  <size>
   M
  </size>
  <color>
   Синий
  </color>
  <material>
   Шерсть
  </material>
  <price>
   595343
  </price>
  <rating>
   2.77
  </rating>
  <reviews>
   743149
  </reviews>
  <new>
   -
  </new>
  <sporty>
   no
  </sporty>
 </clothing>
 <clothing>
  <id>
   372175739
  </id>
  <name>
   Asics Blouse M-7942
  </name>
  <category>
   Blouse
  </category>
  <size>
   XL
  </size>
  <color>
   Желтый
  </color>
  <material>
   Шерсть
  </material>
  <price>
   611079
  </price>
  <rating>
   3.88
  </rating>
  <reviews>
   107963
  </reviews>
  <new>
   +
  </new>
  <exclusive>
   no
  </exclusive>
 </clothing>
 <clothing>
  <id>
   259153114
  </id>
  <name>
   Addidas Jacket J-5833
  </name>
  <category>
   Jacket
  </category>
  <size>
   M
  </size>
  <color>
   Фиолетовый
  </color>
  <material>
   Хлопок
  </material>
  <price>
   706246
  </price>
  <rating>
   3.42
  </rating>
  <reviews>
   201968
  </reviews>
  <exclusive>
   no
  </exclusive>
  <sporty>
   no
  </sporty>
 </clothing>
 <clothing>
  <id>
   881553628
  </id>
  <name>
   Lacoste Umbrellas U-6798
  </name>
  <category>
   Umbrellas
  </category>
  <size>
   M
  </size>
  <color>
   Оранжевый
  </color>
  <material>
   Полиэстер
  </material>
  <price>
   573149
  </price>
  <rating>
   3.21
  </rating>
  <reviews>
   336062
  </reviews>
  <exclusive>
   no
  </exclusive>
 </clothing>
 <clothing>
  <id>
   448147743
  </id>
  <name>
   Addidas Dress X-4638
  </name>
  <category>
   Dress
  </category>
  <size>
   XL
  </size>
  <color>
   Синий
  </color>
  <material>
   Полиэстер
  </material>
  <price>
   398278
  </price>
  <rating>
   3.7
  </rating>
  <reviews>
   229504
  </reviews>
  <new>
   -
  </new>
  <exclusive>
   no
  </exclusive>
  <sporty>
   no
  </sporty>
 </clothing>
 <clothing>
  <id>
   569124727
  </id>
  <name>
   Reebok Jacket E-1363
  </name>
  <category>
   Jacket
  </category>
  <size>
   XL
  </size>
  <color>
   Желтый
  </color>
  <material>
   Шерсть
  </material>
  <price>
   932796
  </price>
  <rating>
   2.84
  </rating>
  <reviews>
   132957
  </reviews>
  <exclusive>
   no
  </exclusive>
  <sporty>
   no
  </sporty>
 </clothing>
 <clothing>
  <id>
   565415629
  </id>
  <name>
   Addidas T-shirt E-6138
  </name>
  <category>
   T-shirt
  </category>
  <size>
   S
  </size>
  <color>
   Зеленый
  </color>
  <material>
   Лен
  </material>
  <price>
   571686
  </price>
  <rating>
   1.76
  </rating>
  <reviews>
   807618
  </reviews>
  <new>
   -
  </new>
  <exclusive>
   no
  </exclusive>
  <sporty>
   yes
  </sporty>
 </clothing>
 <clothing>
  <id>
   396844922
  </id>
  <name>
   New Balance Jacket X-1594
  </name>
  <category>
   Jacket
  </category>
  <size>
   XXL
  </size>
  <color>
   Красный
  </color>
  <material>
   Шелк
  </material>
  <price>
   830908
  </price>
  <rating>
   2.71
  </rating>
  <reviews>
   636211
  </reviews>
  <new>
   +
  </new>
  <exclusive>
   yes
  </exclusive>
 </clothing>
 <clothing>
  <id>
   947452717
  </id>
  <name>
   Ellesse Jacket L-8943
  </name>
  <category>
   Jacket
  </category>
  <size>
   S
  </size>
  <color>
   Красный
  </color>
  <material>
   Лен
  </material>
  <price>
   583064
  </price>
  <rating>
   3.06
  </rating>
  <reviews>
   156300
  </reviews>
  <new>
   +
  </new>
  <exclusive>
   no
  </exclusive>
 </clothing>
 <clothing>
  <id>
   180495560
  </id>
  <name>
   Ellesse Gloves P-2111
  </name>
  <category>
   Gloves
  </category>
  <size>
   L
  </size>
  <color>
   Синий
  </color>
  <material>
   Лен
  </material>
  <price>
   911806
  </price>
  <rating>
   2.34
  </rating>
  <reviews>
   272701
  </reviews>
  <new>
   -
  </new>
 </clothing>
 <clothing>
  <id>
   926377865
  </id>
  <name>
   Nike Jeans G-7923
  </name>
  <category>
   Jeans
  </category>
  <size>
   M
  </size>
  <color>
   Оранжевый
  </color>
  <material>
   Кожа
  </material>
  <price>
   995277
  </price>
  <rating>
   2.36
  </rating>
  <reviews>
   591420
  </reviews>
  <exclusive>
   no
  </exclusive>
 </clothing>
 <clothing>
  <id>
   889717872
  </id>
  <name>
   Under Armour Jeans C-1587
  </name>
  <category>
   Jeans
  </category>
  <size>
   M
  </size>
  <color>
   Желтый
  </color>
  <material>
   Лен
  </material>
  <price>
   743508
  </price>
  <rating>
   3.89
  </rating>
  <reviews>
   861060
  </reviews>
  <exclusive>
   no
  </exclusive>
 </clothing>
 <clothing>
  <id>
   533749842
  </id>
  <name>
   Nike Gloves P-8007
  </name>
  <category>
   Gloves
  </category>
  <size>
   S
  </size>
  <color>
   Синий
  </color>
  <material>
   Хлопок
  </material>
  <price>
   998679
  </price>
  <rating>
   4.01
  </rating>
  <reviews>
   983710
  </reviews>
  <new>
   -
  </new>
  <sporty>
   no
  </sporty>
 </clothing>
 <clothing>
  <id>
   574202087
  </id>
  <name>
   Puma Belts I-3633
  </name>
  <category>
   Belts
  </category>
  <size>
   M
  </size>
  <color>
   Красный
  </color>
  <material>
   Лен
  </material>
  <price>
   866766
  </price>
  <rating>
   1.34
  </rating>
  <reviews>
   727132
  </reviews>
  <sporty>
   yes
  </sporty>
 </clothing>
 <clothing>
  <id>
   497460284
  </id>
  <name>
   Fila Handbags X-3321
  </name>
  <category>
   Handbags
  </category>
  <size>
   M
  </size>
  <color>
   Красный
  </color>
  <material>
   Полиэстер
  </material>
  <price>
   782968
  </price>
  <rating>
   4.56
  </rating>
  <reviews>
   55040
  </reviews>
  <new>
   -
  </new>
  <exclusive>
   yes
  </exclusive>
  <sporty>
   yes
  </sporty>
 </clothing>
 <clothing>
  <id>
   691488275
  </id>
  <name>
   Under Armour Socks T-7686
  </name>
  <category>
   Socks
  </category>
  <size>
   XL
  </size>
  <color>
   Синий
  </color>
  <material>
   Полиэстер
  </material>
  <price>
   853045
  </price>
  <rating>
   1.05
  </rating>
  <reviews>
   34388
  </reviews>
  <exclusive>
   no
  </exclusive>
  <sporty>
   yes
  </sporty>
 </clothing>
 <clothing>
  <id>
   478147258
  </id>
  <name>
   Converse Belts R-6174
  </name>
  <category>
   Belts
  </category>
  <size>
   XL
  </size>
  <color>
   Красный
  </color>
  <material>
   Нейлон
  </material>
  <price>
   782992
  </price>
  <rating>
   4.23
  </rating>
  <reviews>
   341393
  </reviews>
  <new>
   -
  </new>
  <exclusive>
   yes
  </exclusive>
  <sporty>
   yes
  </sporty>
 </clothing>
 <clothing>
  <id>
   505479550
  </id>
  <name>
   Nike Hat O-4753
  </name>
  <category>
   Hat
  </category>
  <size>
   M
  </size>
  <color>
   Зеленый
  </color>
  <material>
   Нейлон
  </material>
  <price>
   595754
  </price>
  <rating>
   4.03
  </rating>
  <reviews>
   756525
  </reviews>
  <new>
   +
  </new>
  <exclusive>
   yes
  </exclusive>
  <sporty>
   yes
  </sporty>
 </clothing>
 <clothing>
  <id>
   893260061
  </id>
  <name>
   Asics Jacket T-9117
  </name>
  <category>
   Jacket
  </category>
  <size>
   L
  </size>
  <color>
   Желтый
  </color>
  <material>
   Лен
  </material>
  <price>
   297268
  </price>
  <rating>
   2.0
  </rating>
  <reviews>
   853613
  </reviews>
  <new>
   -
  </new>
  <exclusive>
   no
  </exclusive>
 </clothing>
 <clothing>
  <id>
   578564879
  </id>
  <name>
   New Balance Handbags M-7921
  </name>
  <category>
   Handbags
  </category>
  <size>
   M
  </size>
  <color>
   Красный
  </color>
  <material>
   Вискоза
  </material>
  <price>
   586526
  </price>
  <rating>
   2.71
  </rating>
  <reviews>
   318334
  </reviews>
  <new>
   -
  </new>
  <sporty>
   no
  </sporty>
 </clothing>
</clothing-items>
