<?xml version="1.0" encoding="utf-8"?>
<clothing-items>
 <clothing>
  <id>
   176797775
  </id>
  <name>
   PleinSport Skirt U-3618
  </name>
  <category>
   Skirt
  </category>
  <size>
   XXL
  </size>
  <color>
   Синий
  </color>
  <material>
   Вискоза
  </material>
  <price>
   281907
  </price>
  <rating>
   4.59
  </rating>
  <reviews>
   633673
  </reviews>
  <new>
   +
  </new>
  <sporty>
   yes
  </sporty>
 </clothing>
 <clothing>
  <id>
   567191410
  </id>
  <name>
   Adidas Hat M-3063
  </name>
  <category>
   Hat
  </category>
  <size>
   L
  </size>
  <color>
   Оранжевый
  </color>
  <material>
   Кожа
  </material>
  <price>
   350634
  </price>
  <rating>
   4.32
  </rating>
  <reviews>
   342058
  </reviews>
  <new>
   -
  </new>
  <exclusive>
   no
  </exclusive>
 </clothing>
 <clothing>
  <id>
   752338688
  </id>
  <name>
   Fila Socks W-8453
  </name>
  <category>
   Socks
  </category>
  <size>
   XXL
  </size>
  <color>
   Зеленый
  </color>
  <material>
   Кожа
  </material>
  <price>
   302165
  </price>
  <rating>
   4.08
  </rating>
  <reviews>
   485291
  </reviews>
  <sporty>
   yes
  </sporty>
 </clothing>
 <clothing>
  <id>
   409104781
  </id>
  <name>
   Ellesse Pants Z-7072
  </name>
  <category>
   Pants
  </category>
  <size>
   XL
  </size>
  <color>
   Красный
  </color>
  <material>
   Шерсть
  </material>
  <price>
   996116
  </price>
  <rating>
   1.2
  </rating>
  <reviews>
   95142
  </reviews>
  <sporty>
   yes
  </sporty>
 </clothing>
 <clothing>
  <id>
   613660359
  </id>
  <name>
   Ellesse Jacket P-3263
  </name>
  <category>
   Jacket
  </category>
  <size>
   M
  </size>
  <color>
   Голубой
  </color>
  <material>
   Нейлон
  </material>
  <price>
   478410
  </price>
  <rating>
   1.52
  </rating>
  <reviews>
   74674
  </reviews>
  <exclusive>
   no
  </exclusive>
 </clothing>
 <clothing>
  <id>
   181466915
  </id>
  <name>
   Adidas T-shirt T-3077
  </name>
  <category>
   T-shirt
  </category>
  <size>
   XL
  </size>
  <color>
   Фиолетовый
  </color>
  <material>
   Вискоза
  </material>
  <price>
   665902
  </price>
  <rating>
   4.77
  </rating>
  <reviews>
   813581
  </reviews>
  <new>
   +
  </new>
  <sporty>
   no
  </sporty>
 </clothing>
 <clothing>
  <id>
   454726246
  </id>
  <name>
   Reebok Jacket B-6790
  </name>
  <category>
   Jacket
  </category>
  <size>
   S
  </size>
  <color>
   Синий
  </color>
  <material>
   Вискоза
  </material>
  <price>
   609853
  </price>
  <rating>
   2.45
  </rating>
  <reviews>
   572483
  </reviews>
  <new>
   -
  </new>
  <exclusive>
   yes
  </exclusive>
  <sporty>
   no
  </sporty>
 </clothing>
 <clothing>
  <id>
   231581075
  </id>
  <name>
   Reebok T-shirt L-1433
  </name>
  <category>
   T-shirt
  </category>
  <size>
   L
  </size>
  <color>
   Фиолетовый
  </color>
  <material>
   Нейлон
  </material>
  <price>
   372110
  </price>
  <rating>
   2.68
  </rating>
  <reviews>
   26675
  </reviews>
  <new>
   +
  </new>
  <exclusive>
   no
  </exclusive>
 </clothing>
 <clothing>
  <id>
   896209767
  </id>
  <name>
   Nike Umbrellas C-9196
  </name>
  <category>
   Umbrellas
  </category>
  <size>
   XXL
  </size>
  <color>
   Голубой
  </color>
  <material>
   Хлопок
  </material>
  <price>
   971074
  </price>
  <rating>
   1.08
  </rating>
  <reviews>
   148927
  </reviews>
  <new>
   -
  </new>
  <sporty>
   yes
  </sporty>
 </clothing>
 <clothing>
  <id>
   434825473
  </id>
  <name>
   Under Armour Jeans Z-7638
  </name>
  <category>
   Jeans
  </category>
  <size>
   M
  </size>
  <color>
   Голубой
  </color>
  <material>
   Лен
  </material>
  <price>
   379246
  </price>
  <rating>
   1.96
  </rating>
  <reviews>
   414447
  </reviews>
  <new>
   -
  </new>
  <exclusive>
   no
  </exclusive>
  <sporty>
   yes
  </sporty>
 </clothing>
 <clothing>
  <id>
   663068415
  </id>
  <name>
   Adidas T-shirt Z-3701
  </name>
  <category>
   T-shirt
  </category>
  <size>
   XXL
  </size>
  <color>
   Зеленый
  </color>
  <material>
   Хлопок
  </material>
  <price>
   109047
  </price>
  <rating>
   3.14
  </rating>
  <reviews>
   996276
  </reviews>
  <sporty>
   no
  </sporty>
 </clothing>
 <clothing>
  <id>
   194439807
  </id>
  <name>
   Fila Umbrellas A-8294
  </name>
  <category>
   Umbrellas
  </category>
  <size>
   XXL
  </size>
  <color>
   Фиолетовый
  </color>
  <material>
   Полиэстер
  </material>
  <price>
   307225
  </price>
  <rating>
   4.47
  </rating>
  <reviews>
   969071
  </reviews>
  <new>
   -
  </new>
  <exclusive>
   no
  </exclusive>
 </clothing>
 <clothing>
  <id>
   981106812
  </id>
  <name>
   Addidas Hat S-2014
  </name>
  <category>
   Hat
  </category>
  <size>
   XL
  </size>
  <color>
   Фиолетовый
  </color>
  <material>
   Шерсть
  </material>
  <price>
   466215
  </price>
  <rating>
   4.78
  </rating>
  <reviews>
   784871
  </reviews>
  <new>
   -
  </new>
  <exclusive>
   no
  </exclusive>
  <sporty>
   yes
  </sporty>
 </clothing>
 <clothing>
  <id>
   196977371
  </id>
  <name>
   Brooks Sweater T-6528
  </name>
  <category>
   Sweater
  </category>
  <size>
   XL
  </size>
  <color>
   Зеленый
  </color>
  <material>
   Шелк
  </material>
  <price>
   550812
  </price>
  <rating>
   1.27
  </rating>
  <reviews>
   221658
  </reviews>
  <new>
   -
  </new>
  <exclusive>
   yes
  </exclusive>
  <sporty>
   no
  </sporty>
 </clothing>
 <clothing>
  <id>
   337579746
  </id>
  <name>
   DC Jacket E-1732
  </name>
  <category>
   Jacket
  </category>
  <size>
   M
  </size>
  <color>
   Фиолетовый
  </color>
  <material>
   Кожа
  </material>
  <price>
   603027
  </price>
  <rating>
   1.34
  </rating>
  <reviews>
   293493
  </reviews>
  <new>
   -
  </new>
 </clothing>
 <clothing>
  <id>
   514757192
  </id>
  <name>
   DC Pants X-4205
  </name>
  <category>
   Pants
  </category>
  <size>
   S
  </size>
  <color>
   Голубой
  </color>
  <material>
   Лен
  </material>
  <price>
   495656
  </price>
  <rating>
   4.85
  </rating>
  <reviews>
   798852
  </reviews>
  <exclusive>
   no
  </exclusive>
  <sporty>
   yes
  </sporty>
 </clothing>
 <clothing>
  <id>
   615021372
  </id>
  <name>
   Lacoste Blouse W-6717
  </name>
  <category>
   Blouse
  </category>
  <size>
   XL
  </size>
  <color>
   Оранжевый
  </color>
  <material>
   Шелк
  </material>
  <price>
   921202
  </price>
  <rating>
   1.58
  </rating>
  <reviews>
   185525
  </reviews>
  <new>
   +
  </new>
  <exclusive>
   no
  </exclusive>
  <sporty>
   no
  </sporty>
 </clothing>
 <clothing>
  <id>
   210224219
  </id>
  <name>
   Under Armour Pants E-1963
  </name>
  <category>
   Pants
  </category>
  <size>
   M
  </size>
  <color>
   Зеленый
  </color>
  <material>
   Хлопок
  </material>
  <price>
   108653
  </price>
  <rating>
   2.7
  </rating>
  <reviews>
   112176
  </reviews>
  <new>
   -
  </new>
  <exclusive>
   no
  </exclusive>
  <sporty>
   yes
  </sporty>
 </clothing>
 <clothing>
  <id>
   862834625
  </id>
  <name>
   Asics T-shirt Z-8381
  </name>
  <category>
   T-shirt
  </category>
  <size>
   XL
  </size>
  <color>
   Красный
  </color>
  <material>
   Шерсть
  </material>
  <price>
   242729
  </price>
  <rating>
   1.06
  </rating>
  <reviews>
   60652
  </reviews>
  <new>
   +
  </new>
  <exclusive>
   yes
  </exclusive>
 </clothing>
 <clothing>
  <id>
   702708166
  </id>
  <name>
   Brooks Hat I-8328
  </name>
  <category>
   Hat
  </category>
  <size>
   M
  </size>
  <color>
   Зеленый
  </color>
  <material>
   Лен
  </material>
  <price>
   443121
  </price>
  <rating>
   2.57
  </rating>
  <reviews>
   964110
  </reviews>
  <exclusive>
   yes
  </exclusive>
  <sporty>
   no
  </sporty>
 </clothing>
 <clothing>
  <id>
   974985096
  </id>
  <name>
   Brooks Skirt D-2064
  </name>
  <category>
   Skirt
  </category>
  <size>
   XXL
  </size>
  <color>
   Зеленый
  </color>
  <material>
   Хлопок
  </material>
  <price>
   101167
  </price>
  <rating>
   2.47
  </rating>
  <reviews>
   998056
  </reviews>
  <new>
   -
  </new>
  <exclusive>
   no
  </exclusive>
  <sporty>
   no
  </sporty>
 </clothing>
 <clothing>
  <id>
   432037463
  </id>
  <name>
   Asics Shoes Q-7009
  </name>
  <category>
   Shoes
  </category>
  <size>
   L
  </size>
  <color>
   Голубой
  </color>
  <material>
   Хлопок
  </material>
  <price>
   101804
  </price>
  <rating>
   3.11
  </rating>
  <reviews>
   877340
  </reviews>
  <new>
   -
  </new>
 </clothing>
 <clothing>
  <id>
   652345125
  </id>
  <name>
   Fila Shirt E-5652
  </name>
  <category>
   Shirt
  </category>
  <size>
   XL
  </size>
  <color>
   Желтый
  </color>
  <material>
   Шерсть
  </material>
  <price>
   483995
  </price>
  <rating>
   2.83
  </rating>
  <reviews>
   395080
  </reviews>
 </clothing>
 <clothing>
  <id>
   382459155
  </id>
  <name>
   Converse Blouse B-1459
  </name>
  <category>
   Blouse
  </category>
  <size>
   M
  </size>
  <color>
   Синий
  </color>
  <material>
   Шерсть
  </material>
  <price>
   994288
  </price>
  <rating>
   3.01
  </rating>
  <reviews>
   795636
  </reviews>
  <new>
   -
  </new>
  <exclusive>
   yes
  </exclusive>
 </clothing>
 <clothing>
  <id>
   296481415
  </id>
  <name>
   Fila Gloves V-9127
  </name>
  <category>
   Gloves
  </category>
  <size>
   L
  </size>
  <color>
   Зеленый
  </color>
  <material>
   Шелк
  </material>
  <price>
   565125
  </price>
  <rating>
   3.76
  </rating>
  <reviews>
   910716
  </reviews>
  <exclusive>
   yes
  </exclusive>
  <sporty>
   yes
  </sporty>
 </clothing>
 <clothing>
  <id>
   358283071
  </id>
  <name>
   Brooks T-shirt F-3310
  </name>
  <category>
   T-shirt
  </category>
  <size>
   S
  </size>
  <color>
   Синий
  </color>
  <material>
   Шелк
  </material>
  <price>
   169749
  </price>
  <rating>
   1.92
  </rating>
  <reviews>
   22116
  </reviews>
  <new>
   +
  </new>
  <exclusive>
   no
  </exclusive>
  <sporty>
   no
  </sporty>
 </clothing>
 <clothing>
  <id>
   869988974
  </id>
  <name>
   Puma Shoes C-2073
  </name>
  <category>
   Shoes
  </category>
  <size>
   XL
  </size>
  <color>
   Голубой
  </color>
  <material>
   Полиэстер
  </material>
  <price>
   892751
  </price>
  <rating>
   4.27
  </rating>
  <reviews>
   752952
  </reviews>
  <new>
   +
  </new>
  <exclusive>
   no
  </exclusive>
  <sporty>
   no
  </sporty>
 </clothing>
 <clothing>
  <id>
   541097519
  </id>
  <name>
   New Balance Sweater G-9631
  </name>
  <category>
   Sweater
  </category>
  <size>
   XL
  </size>
  <color>
   Красный
  </color>
  <material>
   Лен
  </material>
  <price>
   473631
  </price>
  <rating>
   4.77
  </rating>
  <reviews>
   416141
  </reviews>
  <new>
   +
  </new>
  <exclusive>
   no
  </exclusive>
 </clothing>
 <clothing>
  <id>
   373990028
  </id>
  <name>
   Converse Pants J-3777
  </name>
  <category>
   Pants
  </category>
  <size>
   L
  </size>
  <color>
   Фиолетовый
  </color>
  <material>
   Полиэстер
  </material>
  <price>
   879072
  </price>
  <rating>
   2.41
  </rating>
  <reviews>
   912672
  </reviews>
  <exclusive>
   yes
  </exclusive>
 </clothing>
 <clothing>
  <id>
   689728174
  </id>
  <name>
   New Balance Pants K-5101
  </name>
  <category>
   Pants
  </category>
  <size>
   XL
  </size>
  <color>
   Оранжевый
  </color>
  <material>
   Лен
  </material>
  <price>
   728683
  </price>
  <rating>
   2.79
  </rating>
  <reviews>
   141607
  </reviews>
  <exclusive>
   no
  </exclusive>
  <sporty>
   yes
  </sporty>
 </clothing>
 <clothing>
  <id>
   373269994
  </id>
  <name>
   Converse Jeans G-2326
  </name>
  <category>
   Jeans
  </category>
  <size>
   M
  </size>
  <color>
   Фиолетовый
  </color>
  <material>
   Вискоза
  </material>
  <price>
   354625
  </price>
  <rating>
   1.81
  </rating>
  <reviews>
   612603
  </reviews>
  <sporty>
   no
  </sporty>
 </clothing>
 <clothing>
  <id>
   497137641
  </id>
  <name>
   Nike T-shirt W-1848
  </name>
  <category>
   T-shirt
  </category>
  <size>
   L
  </size>
  <color>
   Красный
  </color>
  <material>
   Лен
  </material>
  <price>
   510190
  </price>
  <rating>
   2.76
  </rating>
  <reviews>
   63132
  </reviews>
  <new>
   -
  </new>
 </clothing>
 <clothing>
  <id>
   195700784
  </id>
  <name>
   Under Armour Dress A-5729
  </name>
  <category>
   Dress
  </category>
  <size>
   M
  </size>
  <color>
   Желтый
  </color>
  <material>
   Шерсть
  </material>
  <price>
   392969
  </price>
  <rating>
   4.57
  </rating>
  <reviews>
   543755
  </reviews>
  <sporty>
   no
  </sporty>
 </clothing>
 <clothing>
  <id>
   833184744
  </id>
  <name>
   Reebok Hat I-8719
  </name>
  <category>
   Hat
  </category>
  <size>
   XL
  </size>
  <color>
   Красный
  </color>
  <material>
   Нейлон
  </material>
  <price>
   822792
  </price>
  <rating>
   2.2
  </rating>
  <reviews>
   548910
  </reviews>
  <new>
   +
  </new>
  <sporty>
   yes
  </sporty>
 </clothing>
 <clothing>
  <id>
   679407730
  </id>
  <name>
   Asics T-shirt M-3499
  </name>
  <category>
   T-shirt
  </category>
  <size>
   S
  </size>
  <color>
   Желтый
  </color>
  <material>
   Шелк
  </material>
  <price>
   991340
  </price>
  <rating>
   1.99
  </rating>
  <reviews>
   152344
  </reviews>
  <exclusive>
   no
  </exclusive>
  <sporty>
   no
  </sporty>
 </clothing>
 <clothing>
  <id>
   383406400
  </id>
  <name>
   Fila Shoes Q-1982
  </name>
  <category>
   Shoes
  </category>
  <size>
   L
  </size>
  <color>
   Синий
  </color>
  <material>
   Вискоза
  </material>
  <price>
   290122
  </price>
  <rating>
   1.05
  </rating>
  <reviews>
   818027
  </reviews>
  <exclusive>
   yes
  </exclusive>
 </clothing>
 <clothing>
  <id>
   946901306
  </id>
  <name>
   Converse Jacket F-7429
  </name>
  <category>
   Jacket
  </category>
  <size>
   M
  </size>
  <color>
   Оранжевый
  </color>
  <material>
   Шелк
  </material>
  <price>
   463764
  </price>
  <rating>
   2.82
  </rating>
  <reviews>
   12662
  </reviews>
  <exclusive>
   yes
  </exclusive>
  <sporty>
   no
  </sporty>
 </clothing>
 <clothing>
  <id>
   721398253
  </id>
  <name>
   Addidas Jeans N-7815
  </name>
  <category>
   Jeans
  </category>
  <size>
   S
  </size>
  <color>
   Голубой
  </color>
  <material>
   Вискоза
  </material>
  <price>
   220465
  </price>
  <rating>
   1.48
  </rating>
  <reviews>
   685664
  </reviews>
  <sporty>
   no
  </sporty>
 </clothing>
 <clothing>
  <id>
   627761269
  </id>
  <name>
   Addidas T-shirt B-6981
  </name>
  <category>
   T-shirt
  </category>
  <size>
   S
  </size>
  <color>
   Красный
  </color>
  <material>
   Хлопок
  </material>
  <price>
   718309
  </price>
  <rating>
   1.77
  </rating>
  <reviews>
   847085
  </reviews>
  <new>
   +
  </new>
  <exclusive>
   no
  </exclusive>
 </clothing>
 <clothing>
  <id>
   429587196
  </id>
  <name>
   Vans Jeans N-8868
  </name>
  <category>
   Jeans
  </category>
  <size>
   L
  </size>
  <color>
   Красный
  </color>
  <material>
   Хлопок
  </material>
  <price>
   346615
  </price>
  <rating>
   3.77
  </rating>
  <reviews>
   749319
  </reviews>
  <sporty>
   yes
  </sporty>
 </clothing>
 <clothing>
  <id>
   231947343
  </id>
  <name>
   New Balance Umbrellas O-8596
  </name>
  <category>
   Umbrellas
  </category>
  <size>
   M
  </size>
  <color>
   Синий
  </color>
  <material>
   Лен
  </material>
  <price>
   392574
  </price>
  <rating>
   2.18
  </rating>
  <reviews>
   972925
  </reviews>
  <new>
   -
  </new>
  <exclusive>
   no
  </exclusive>
  <sporty>
   no
  </sporty>
 </clothing>
 <clothing>
  <id>
   465385445
  </id>
  <name>
   Converse Socks Q-8830
  </name>
  <category>
   Socks
  </category>
  <size>
   M
  </size>
  <color>
   Голубой
  </color>
  <material>
   Шерсть
  </material>
  <price>
   667022
  </price>
  <rating>
   3.58
  </rating>
  <reviews>
   999968
  </reviews>
  <new>
   -
  </new>
 </clothing>
 <clothing>
  <id>
   448087066
  </id>
  <name>
   Brooks Handbags W-8708
  </name>
  <category>
   Handbags
  </category>
  <size>
   XXL
  </size>
  <color>
   Синий
  </color>
  <material>
   Лен
  </material>
  <price>
   792069
  </price>
  <rating>
   1.54
  </rating>
  <reviews>
   546049
  </reviews>
  <new>
   -
  </new>
 </clothing>
</clothing-items>
