<?xml version="1.0" encoding="utf-8"?>
<clothing-items>
 <clothing>
  <id>
   738004811
  </id>
  <name>
   Reebok Handbags F-5967
  </name>
  <category>
   Handbags
  </category>
  <size>
   L
  </size>
  <color>
   Голубой
  </color>
  <material>
   Лен
  </material>
  <price>
   890307
  </price>
  <rating>
   4.07
  </rating>
  <reviews>
   235043
  </reviews>
  <sporty>
   yes
  </sporty>
 </clothing>
 <clothing>
  <id>
   801211750
  </id>
  <name>
   Reebok Pants O-6998
  </name>
  <category>
   Pants
  </category>
  <size>
   L
  </size>
  <color>
   Голубой
  </color>
  <material>
   Нейлон
  </material>
  <price>
   613232
  </price>
  <rating>
   2.78
  </rating>
  <reviews>
   664005
  </reviews>
  <sporty>
   yes
  </sporty>
 </clothing>
 <clothing>
  <id>
   481109709
  </id>
  <name>
   Reebok T-shirt B-7994
  </name>
  <category>
   T-shirt
  </category>
  <size>
   XXL
  </size>
  <color>
   Желтый
  </color>
  <material>
   Шелк
  </material>
  <price>
   611572
  </price>
  <rating>
   4.0
  </rating>
  <reviews>
   525396
  </reviews>
  <new>
   +
  </new>
  <sporty>
   yes
  </sporty>
 </clothing>
 <clothing>
  <id>
   258293050
  </id>
  <name>
   Nike Pants C-4309
  </name>
  <category>
   Pants
  </category>
  <size>
   XXL
  </size>
  <color>
   Зеленый
  </color>
  <material>
   Вискоза
  </material>
  <price>
   745614
  </price>
  <rating>
   2.94
  </rating>
  <reviews>
   461704
  </reviews>
  <new>
   +
  </new>
  <sporty>
   no
  </sporty>
 </clothing>
 <clothing>
  <id>
   361761395
  </id>
  <name>
   Under Armour Shirt E-3311
  </name>
  <category>
   Shirt
  </category>
  <size>
   M
  </size>
  <color>
   Оранжевый
  </color>
  <material>
   Хлопок
  </material>
  <price>
   202529
  </price>
  <rating>
   3.13
  </rating>
  <reviews>
   773301
  </reviews>
  <exclusive>
   no
  </exclusive>
 </clothing>
 <clothing>
  <id>
   293944513
  </id>
  <name>
   Converse T-shirt V-1871
  </name>
  <category>
   T-shirt
  </category>
  <size>
   XXL
  </size>
  <color>
   Синий
  </color>
  <material>
   Лен
  </material>
  <price>
   259611
  </price>
  <rating>
   4.95
  </rating>
  <reviews>
   166367
  </reviews>
  <new>
   +
  </new>
  <sporty>
   yes
  </sporty>
 </clothing>
 <clothing>
  <id>
   549272059
  </id>
  <name>
   Lacoste Umbrellas E-8352
  </name>
  <category>
   Umbrellas
  </category>
  <size>
   XXL
  </size>
  <color>
   Зеленый
  </color>
  <material>
   Лен
  </material>
  <price>
   845917
  </price>
  <rating>
   4.51
  </rating>
  <reviews>
   523541
  </reviews>
  <exclusive>
   no
  </exclusive>
 </clothing>
 <clothing>
  <id>
   204854989
  </id>
  <name>
   PleinSport Hat N-5677
  </name>
  <category>
   Hat
  </category>
  <size>
   XL
  </size>
  <color>
   Фиолетовый
  </color>
  <material>
   Лен
  </material>
  <price>
   103883
  </price>
  <rating>
   4.08
  </rating>
  <reviews>
   146653
  </reviews>
 </clothing>
 <clothing>
  <id>
   272035148
  </id>
  <name>
   Brooks Jacket W-5756
  </name>
  <category>
   Jacket
  </category>
  <size>
   M
  </size>
  <color>
   Синий
  </color>
  <material>
   Хлопок
  </material>
  <price>
   600915
  </price>
  <rating>
   2.27
  </rating>
  <reviews>
   899690
  </reviews>
 </clothing>
 <clothing>
  <id>
   743478658
  </id>
  <name>
   Converse Shoes E-7339
  </name>
  <category>
   Shoes
  </category>
  <size>
   XL
  </size>
  <color>
   Голубой
  </color>
  <material>
   Лен
  </material>
  <price>
   467269
  </price>
  <rating>
   1.05
  </rating>
  <reviews>
   378350
  </reviews>
  <new>
   -
  </new>
 </clothing>
 <clothing>
  <id>
   578112109
  </id>
  <name>
   Puma Dress Z-8915
  </name>
  <category>
   Dress
  </category>
  <size>
   L
  </size>
  <color>
   Синий
  </color>
  <material>
   Хлопок
  </material>
  <price>
   716424
  </price>
  <rating>
   4.26
  </rating>
  <reviews>
   855952
  </reviews>
  <new>
   +
  </new>
  <exclusive>
   yes
  </exclusive>
  <sporty>
   yes
  </sporty>
 </clothing>
 <clothing>
  <id>
   932714217
  </id>
  <name>
   Ellesse Socks E-8017
  </name>
  <category>
   Socks
  </category>
  <size>
   S
  </size>
  <color>
   Желтый
  </color>
  <material>
   Шерсть
  </material>
  <price>
   146480
  </price>
  <rating>
   4.12
  </rating>
  <reviews>
   855605
  </reviews>
  <exclusive>
   no
  </exclusive>
 </clothing>
 <clothing>
  <id>
   645144688
  </id>
  <name>
   Reebok Skirt W-4971
  </name>
  <category>
   Skirt
  </category>
  <size>
   L
  </size>
  <color>
   Красный
  </color>
  <material>
   Нейлон
  </material>
  <price>
   219055
  </price>
  <rating>
   2.12
  </rating>
  <reviews>
   877342
  </reviews>
  <exclusive>
   yes
  </exclusive>
  <sporty>
   no
  </sporty>
 </clothing>
 <clothing>
  <id>
   192449112
  </id>
  <name>
   Asics Sweater U-3294
  </name>
  <category>
   Sweater
  </category>
  <size>
   S
  </size>
  <color>
   Зеленый
  </color>
  <material>
   Полиэстер
  </material>
  <price>
   725666
  </price>
  <rating>
   2.81
  </rating>
  <reviews>
   124816
  </reviews>
  <exclusive>
   no
  </exclusive>
 </clothing>
 <clothing>
  <id>
   421836034
  </id>
  <name>
   Reebok Sweater V-8847
  </name>
  <category>
   Sweater
  </category>
  <size>
   XXL
  </size>
  <color>
   Голубой
  </color>
  <material>
   Кожа
  </material>
  <price>
   716090
  </price>
  <rating>
   4.66
  </rating>
  <reviews>
   591413
  </reviews>
  <sporty>
   yes
  </sporty>
 </clothing>
 <clothing>
  <id>
   583497894
  </id>
  <name>
   Nike Blouse M-9839
  </name>
  <category>
   Blouse
  </category>
  <size>
   XL
  </size>
  <color>
   Фиолетовый
  </color>
  <material>
   Кожа
  </material>
  <price>
   581560
  </price>
  <rating>
   2.24
  </rating>
  <reviews>
   657406
  </reviews>
  <new>
   -
  </new>
 </clothing>
 <clothing>
  <id>
   997785530
  </id>
  <name>
   DC Jeans B-1230
  </name>
  <category>
   Jeans
  </category>
  <size>
   XL
  </size>
  <color>
   Фиолетовый
  </color>
  <material>
   Шелк
  </material>
  <price>
   509224
  </price>
  <rating>
   3.4
  </rating>
  <reviews>
   335515
  </reviews>
  <new>
   -
  </new>
 </clothing>
 <clothing>
  <id>
   967603503
  </id>
  <name>
   Reebok Pants V-9172
  </name>
  <category>
   Pants
  </category>
  <size>
   L
  </size>
  <color>
   Красный
  </color>
  <material>
   Вискоза
  </material>
  <price>
   857247
  </price>
  <rating>
   3.79
  </rating>
  <reviews>
   24675
  </reviews>
  <new>
   -
  </new>
  <exclusive>
   no
  </exclusive>
 </clothing>
 <clothing>
  <id>
   745387250
  </id>
  <name>
   Converse Umbrellas U-9066
  </name>
  <category>
   Umbrellas
  </category>
  <size>
   S
  </size>
  <color>
   Голубой
  </color>
  <material>
   Вискоза
  </material>
  <price>
   482716
  </price>
  <rating>
   4.19
  </rating>
  <reviews>
   816594
  </reviews>
 </clothing>
 <clothing>
  <id>
   649627213
  </id>
  <name>
   Puma Handbags V-1197
  </name>
  <category>
   Handbags
  </category>
  <size>
   XL
  </size>
  <color>
   Синий
  </color>
  <material>
   Шерсть
  </material>
  <price>
   167178
  </price>
  <rating>
   2.48
  </rating>
  <reviews>
   256558
  </reviews>
  <new>
   +
  </new>
  <exclusive>
   no
  </exclusive>
 </clothing>
 <clothing>
  <id>
   928194141
  </id>
  <name>
   Vans Shoes P-5111
  </name>
  <category>
   Shoes
  </category>
  <size>
   S
  </size>
  <color>
   Синий
  </color>
  <material>
   Нейлон
  </material>
  <price>
   452153
  </price>
  <rating>
   4.12
  </rating>
  <reviews>
   410077
  </reviews>
  <exclusive>
   no
  </exclusive>
 </clothing>
 <clothing>
  <id>
   317811762
  </id>
  <name>
   Adidas Sweater A-3807
  </name>
  <category>
   Sweater
  </category>
  <size>
   XL
  </size>
  <color>
   Зеленый
  </color>
  <material>
   Вискоза
  </material>
  <price>
   584743
  </price>
  <rating>
   2.31
  </rating>
  <reviews>
   53063
  </reviews>
  <exclusive>
   yes
  </exclusive>
 </clothing>
 <clothing>
  <id>
   541606376
  </id>
  <name>
   Addidas Skirt N-8912
  </name>
  <category>
   Skirt
  </category>
  <size>
   S
  </size>
  <color>
   Оранжевый
  </color>
  <material>
   Шелк
  </material>
  <price>
   512798
  </price>
  <rating>
   3.01
  </rating>
  <reviews>
   54081
  </reviews>
  <exclusive>
   yes
  </exclusive>
  <sporty>
   no
  </sporty>
 </clothing>
 <clothing>
  <id>
   478938859
  </id>
  <name>
   Converse Umbrellas N-2029
  </name>
  <category>
   Umbrellas
  </category>
  <size>
   M
  </size>
  <color>
   Желтый
  </color>
  <material>
   Лен
  </material>
  <price>
   221113
  </price>
  <rating>
   3.38
  </rating>
  <reviews>
   508975
  </reviews>
  <new>
   +
  </new>
  <sporty>
   yes
  </sporty>
 </clothing>
 <clothing>
  <id>
   720494293
  </id>
  <name>
   PleinSport Blouse D-5252
  </name>
  <category>
   Blouse
  </category>
  <size>
   XL
  </size>
  <color>
   Красный
  </color>
  <material>
   Лен
  </material>
  <price>
   214415
  </price>
  <rating>
   4.55
  </rating>
  <reviews>
   437538
  </reviews>
  <new>
   -
  </new>
  <exclusive>
   yes
  </exclusive>
 </clothing>
 <clothing>
  <id>
   961065539
  </id>
  <name>
   Lacoste Belts S-6888
  </name>
  <category>
   Belts
  </category>
  <size>
   XXL
  </size>
  <color>
   Голубой
  </color>
  <material>
   Хлопок
  </material>
  <price>
   128796
  </price>
  <rating>
   4.73
  </rating>
  <reviews>
   316534
  </reviews>
  <exclusive>
   no
  </exclusive>
  <sporty>
   no
  </sporty>
 </clothing>
 <clothing>
  <id>
   906766011
  </id>
  <name>
   Adidas Sweater G-9144
  </name>
  <category>
   Sweater
  </category>
  <size>
   XXL
  </size>
  <color>
   Зеленый
  </color>
  <material>
   Полиэстер
  </material>
  <price>
   507413
  </price>
  <rating>
   2.79
  </rating>
  <reviews>
   984114
  </reviews>
  <new>
   -
  </new>
  <exclusive>
   yes
  </exclusive>
  <sporty>
   yes
  </sporty>
 </clothing>
 <clothing>
  <id>
   667141204
  </id>
  <name>
   Converse Skirt O-2822
  </name>
  <category>
   Skirt
  </category>
  <size>
   S
  </size>
  <color>
   Красный
  </color>
  <material>
   Кожа
  </material>
  <price>
   928102
  </price>
  <rating>
   2.37
  </rating>
  <reviews>
   815451
  </reviews>
  <new>
   +
  </new>
  <sporty>
   no
  </sporty>
 </clothing>
 <clothing>
  <id>
   422617104
  </id>
  <name>
   Adidas Gloves Q-7098
  </name>
  <category>
   Gloves
  </category>
  <size>
   S
  </size>
  <color>
   Синий
  </color>
  <material>
   Шерсть
  </material>
  <price>
   443270
  </price>
  <rating>
   3.82
  </rating>
  <reviews>
   395080
  </reviews>
  <exclusive>
   yes
  </exclusive>
  <sporty>
   yes
  </sporty>
 </clothing>
 <clothing>
  <id>
   146043772
  </id>
  <name>
   Nike Belts Z-4318
  </name>
  <category>
   Belts
  </category>
  <size>
   XL
  </size>
  <color>
   Голубой
  </color>
  <material>
   Шелк
  </material>
  <price>
   521748
  </price>
  <rating>
   3.7
  </rating>
  <reviews>
   708886
  </reviews>
  <sporty>
   no
  </sporty>
 </clothing>
 <clothing>
  <id>
   123689304
  </id>
  <name>
   Vans Pants T-5838
  </name>
  <category>
   Pants
  </category>
  <size>
   M
  </size>
  <color>
   Красный
  </color>
  <material>
   Шерсть
  </material>
  <price>
   357670
  </price>
  <rating>
   3.64
  </rating>
  <reviews>
   659117
  </reviews>
  <exclusive>
   yes
  </exclusive>
 </clothing>
 <clothing>
  <id>
   221296470
  </id>
  <name>
   Under Armour Belts B-4622
  </name>
  <category>
   Belts
  </category>
  <size>
   M
  </size>
  <color>
   Синий
  </color>
  <material>
   Шелк
  </material>
  <price>
   932496
  </price>
  <rating>
   3.27
  </rating>
  <reviews>
   907267
  </reviews>
  <exclusive>
   no
  </exclusive>
  <sporty>
   no
  </sporty>
 </clothing>
 <clothing>
  <id>
   825437694
  </id>
  <name>
   Adidas Shirt J-1692
  </name>
  <category>
   Shirt
  </category>
  <size>
   M
  </size>
  <color>
   Фиолетовый
  </color>
  <material>
   Полиэстер
  </material>
  <price>
   554165
  </price>
  <rating>
   4.56
  </rating>
  <reviews>
   649818
  </reviews>
  <new>
   -
  </new>
  <exclusive>
   no
  </exclusive>
  <sporty>
   yes
  </sporty>
 </clothing>
</clothing-items>
