<?xml version="1.0" encoding="utf-8"?>
<clothing-items>
 <clothing>
  <id>
   181095409
  </id>
  <name>
   Reebok T-shirt H-1178
  </name>
  <category>
   T-shirt
  </category>
  <size>
   XXL
  </size>
  <color>
   Фиолетовый
  </color>
  <material>
   Полиэстер
  </material>
  <price>
   254635
  </price>
  <rating>
   2.1
  </rating>
  <reviews>
   687815
  </reviews>
  <exclusive>
   yes
  </exclusive>
  <sporty>
   no
  </sporty>
 </clothing>
 <clothing>
  <id>
   774274509
  </id>
  <name>
   Under Armour Handbags T-3196
  </name>
  <category>
   Handbags
  </category>
  <size>
   L
  </size>
  <color>
   Красный
  </color>
  <material>
   Шелк
  </material>
  <price>
   877224
  </price>
  <rating>
   2.69
  </rating>
  <reviews>
   258905
  </reviews>
  <new>
   +
  </new>
  <exclusive>
   no
  </exclusive>
  <sporty>
   yes
  </sporty>
 </clothing>
 <clothing>
  <id>
   894992519
  </id>
  <name>
   Brooks Jeans C-3843
  </name>
  <category>
   Jeans
  </category>
  <size>
   S
  </size>
  <color>
   Синий
  </color>
  <material>
   Шерсть
  </material>
  <price>
   241563
  </price>
  <rating>
   2.95
  </rating>
  <reviews>
   373188
  </reviews>
  <new>
   +
  </new>
  <exclusive>
   no
  </exclusive>
  <sporty>
   yes
  </sporty>
 </clothing>
 <clothing>
  <id>
   314724160
  </id>
  <name>
   Addidas Socks I-1520
  </name>
  <category>
   Socks
  </category>
  <size>
   XXL
  </size>
  <color>
   Синий
  </color>
  <material>
   Хлопок
  </material>
  <price>
   725805
  </price>
  <rating>
   2.16
  </rating>
  <reviews>
   99382
  </reviews>
  <new>
   +
  </new>
 </clothing>
 <clothing>
  <id>
   561378840
  </id>
  <name>
   Fila Umbrellas T-8462
  </name>
  <category>
   Umbrellas
  </category>
  <size>
   S
  </size>
  <color>
   Голубой
  </color>
  <material>
   Вискоза
  </material>
  <price>
   403132
  </price>
  <rating>
   3.79
  </rating>
  <reviews>
   699712
  </reviews>
  <new>
   -
  </new>
 </clothing>
 <clothing>
  <id>
   205195793
  </id>
  <name>
   DC Socks U-4875
  </name>
  <category>
   Socks
  </category>
  <size>
   XL
  </size>
  <color>
   Желтый
  </color>
  <material>
   Полиэстер
  </material>
  <price>
   494260
  </price>
  <rating>
   2.85
  </rating>
  <reviews>
   417171
  </reviews>
  <sporty>
   no
  </sporty>
 </clothing>
 <clothing>
  <id>
   594061023
  </id>
  <name>
   Adidas Shoes W-9097
  </name>
  <category>
   Shoes
  </category>
  <size>
   XL
  </size>
  <color>
   Желтый
  </color>
  <material>
   Шелк
  </material>
  <price>
   379888
  </price>
  <rating>
   3.23
  </rating>
  <reviews>
   412882
  </reviews>
  <new>
   -
  </new>
  <exclusive>
   no
  </exclusive>
  <sporty>
   no
  </sporty>
 </clothing>
 <clothing>
  <id>
   371590677
  </id>
  <name>
   Nike Umbrellas W-6323
  </name>
  <category>
   Umbrellas
  </category>
  <size>
   M
  </size>
  <color>
   Желтый
  </color>
  <material>
   Хлопок
  </material>
  <price>
   683672
  </price>
  <rating>
   4.28
  </rating>
  <reviews>
   386976
  </reviews>
  <new>
   +
  </new>
  <exclusive>
   no
  </exclusive>
 </clothing>
 <clothing>
  <id>
   428271305
  </id>
  <name>
   DC Socks J-5452
  </name>
  <category>
   Socks
  </category>
  <size>
   L
  </size>
  <color>
   Голубой
  </color>
  <material>
   Вискоза
  </material>
  <price>
   849047
  </price>
  <rating>
   2.6
  </rating>
  <reviews>
   399070
  </reviews>
  <new>
   -
  </new>
  <exclusive>
   no
  </exclusive>
  <sporty>
   yes
  </sporty>
 </clothing>
 <clothing>
  <id>
   804171919
  </id>
  <name>
   Vans Hat Z-1558
  </name>
  <category>
   Hat
  </category>
  <size>
   M
  </size>
  <color>
   Зеленый
  </color>
  <material>
   Вискоза
  </material>
  <price>
   974980
  </price>
  <rating>
   1.04
  </rating>
  <reviews>
   892960
  </reviews>
  <new>
   -
  </new>
  <exclusive>
   no
  </exclusive>
  <sporty>
   no
  </sporty>
 </clothing>
 <clothing>
  <id>
   434735226
  </id>
  <name>
   Adidas Handbags G-9792
  </name>
  <category>
   Handbags
  </category>
  <size>
   M
  </size>
  <color>
   Синий
  </color>
  <material>
   Вискоза
  </material>
  <price>
   280665
  </price>
  <rating>
   2.35
  </rating>
  <reviews>
   856295
  </reviews>
  <new>
   +
  </new>
  <sporty>
   no
  </sporty>
 </clothing>
 <clothing>
  <id>
   178341951
  </id>
  <name>
   Nike Pants P-4492
  </name>
  <category>
   Pants
  </category>
  <size>
   M
  </size>
  <color>
   Фиолетовый
  </color>
  <material>
   Лен
  </material>
  <price>
   674357
  </price>
  <rating>
   4.39
  </rating>
  <reviews>
   728988
  </reviews>
  <new>
   -
  </new>
  <exclusive>
   no
  </exclusive>
  <sporty>
   yes
  </sporty>
 </clothing>
 <clothing>
  <id>
   235739435
  </id>
  <name>
   DC Sweater A-4230
  </name>
  <category>
   Sweater
  </category>
  <size>
   XL
  </size>
  <color>
   Голубой
  </color>
  <material>
   Полиэстер
  </material>
  <price>
   843432
  </price>
  <rating>
   1.62
  </rating>
  <reviews>
   363382
  </reviews>
  <new>
   -
  </new>
 </clothing>
 <clothing>
  <id>
   605526684
  </id>
  <name>
   Fila Pants N-1016
  </name>
  <category>
   Pants
  </category>
  <size>
   L
  </size>
  <color>
   Оранжевый
  </color>
  <material>
   Шерсть
  </material>
  <price>
   773724
  </price>
  <rating>
   3.66
  </rating>
  <reviews>
   14298
  </reviews>
  <exclusive>
   no
  </exclusive>
  <sporty>
   no
  </sporty>
 </clothing>
 <clothing>
  <id>
   163560124
  </id>
  <name>
   New Balance Skirt Y-4307
  </name>
  <category>
   Skirt
  </category>
  <size>
   S
  </size>
  <color>
   Синий
  </color>
  <material>
   Полиэстер
  </material>
  <price>
   973624
  </price>
  <rating>
   3.1
  </rating>
  <reviews>
   776657
  </reviews>
  <new>
   +
  </new>
 </clothing>
 <clothing>
  <id>
   991420887
  </id>
  <name>
   Adidas Pants C-6032
  </name>
  <category>
   Pants
  </category>
  <size>
   L
  </size>
  <color>
   Голубой
  </color>
  <material>
   Нейлон
  </material>
  <price>
   558531
  </price>
  <rating>
   1.86
  </rating>
  <reviews>
   579096
  </reviews>
  <new>
   +
  </new>
  <sporty>
   no
  </sporty>
 </clothing>
 <clothing>
  <id>
   800835908
  </id>
  <name>
   Asics Sweater M-3582
  </name>
  <category>
   Sweater
  </category>
  <size>
   XXL
  </size>
  <color>
   Оранжевый
  </color>
  <material>
   Вискоза
  </material>
  <price>
   368415
  </price>
  <rating>
   2.76
  </rating>
  <reviews>
   147717
  </reviews>
  <new>
   -
  </new>
  <exclusive>
   no
  </exclusive>
  <sporty>
   yes
  </sporty>
 </clothing>
 <clothing>
  <id>
   609000828
  </id>
  <name>
   Puma Pants N-8008
  </name>
  <category>
   Pants
  </category>
  <size>
   XL
  </size>
  <color>
   Желтый
  </color>
  <material>
   Кожа
  </material>
  <price>
   194764
  </price>
  <rating>
   1.83
  </rating>
  <reviews>
   159582
  </reviews>
  <new>
   +
  </new>
  <sporty>
   no
  </sporty>
 </clothing>
 <clothing>
  <id>
   830186945
  </id>
  <name>
   Reebok Pants P-9221
  </name>
  <category>
   Pants
  </category>
  <size>
   XXL
  </size>
  <color>
   Голубой
  </color>
  <material>
   Хлопок
  </material>
  <price>
   366168
  </price>
  <rating>
   3.5
  </rating>
  <reviews>
   945143
  </reviews>
  <new>
   +
  </new>
  <sporty>
   no
  </sporty>
 </clothing>
 <clothing>
  <id>
   255604925
  </id>
  <name>
   Asics Blouse Z-5421
  </name>
  <category>
   Blouse
  </category>
  <size>
   XXL
  </size>
  <color>
   Синий
  </color>
  <material>
   Нейлон
  </material>
  <price>
   888113
  </price>
  <rating>
   4.6
  </rating>
  <reviews>
   418383
  </reviews>
  <exclusive>
   yes
  </exclusive>
 </clothing>
 <clothing>
  <id>
   164962919
  </id>
  <name>
   PleinSport Dress N-2853
  </name>
  <category>
   Dress
  </category>
  <size>
   XL
  </size>
  <color>
   Фиолетовый
  </color>
  <material>
   Нейлон
  </material>
  <price>
   893835
  </price>
  <rating>
   4.05
  </rating>
  <reviews>
   234204
  </reviews>
  <sporty>
   yes
  </sporty>
 </clothing>
 <clothing>
  <id>
   896981164
  </id>
  <name>
   Addidas Shoes Y-7052
  </name>
  <category>
   Shoes
  </category>
  <size>
   L
  </size>
  <color>
   Синий
  </color>
  <material>
   Хлопок
  </material>
  <price>
   171704
  </price>
  <rating>
   4.43
  </rating>
  <reviews>
   256860
  </reviews>
  <new>
   +
  </new>
  <exclusive>
   yes
  </exclusive>
  <sporty>
   yes
  </sporty>
 </clothing>
 <clothing>
  <id>
   672611829
  </id>
  <name>
   Lacoste T-shirt A-7682
  </name>
  <category>
   T-shirt
  </category>
  <size>
   XL
  </size>
  <color>
   Синий
  </color>
  <material>
   Вискоза
  </material>
  <price>
   576394
  </price>
  <rating>
   4.97
  </rating>
  <reviews>
   313681
  </reviews>
  <new>
   +
  </new>
  <exclusive>
   no
  </exclusive>
  <sporty>
   yes
  </sporty>
 </clothing>
 <clothing>
  <id>
   969296302
  </id>
  <name>
   Under Armour Hat J-5674
  </name>
  <category>
   Hat
  </category>
  <size>
   L
  </size>
  <color>
   Желтый
  </color>
  <material>
   Полиэстер
  </material>
  <price>
   256587
  </price>
  <rating>
   4.43
  </rating>
  <reviews>
   541920
  </reviews>
  <sporty>
   yes
  </sporty>
 </clothing>
 <clothing>
  <id>
   747184282
  </id>
  <name>
   Addidas Pants K-7751
  </name>
  <category>
   Pants
  </category>
  <size>
   S
  </size>
  <color>
   Голубой
  </color>
  <material>
   Лен
  </material>
  <price>
   291076
  </price>
  <rating>
   1.86
  </rating>
  <reviews>
   544552
  </reviews>
  <exclusive>
   no
  </exclusive>
  <sporty>
   no
  </sporty>
 </clothing>
 <clothing>
  <id>
   218271822
  </id>
  <name>
   Ellesse Sweater S-4039
  </name>
  <category>
   Sweater
  </category>
  <size>
   S
  </size>
  <color>
   Желтый
  </color>
  <material>
   Лен
  </material>
  <price>
   699754
  </price>
  <rating>
   4.68
  </rating>
  <reviews>
   958860
  </reviews>
  <new>
   -
  </new>
  <sporty>
   no
  </sporty>
 </clothing>
 <clothing>
  <id>
   781194286
  </id>
  <name>
   Converse Pants I-4104
  </name>
  <category>
   Pants
  </category>
  <size>
   XXL
  </size>
  <color>
   Желтый
  </color>
  <material>
   Нейлон
  </material>
  <price>
   201052
  </price>
  <rating>
   2.95
  </rating>
  <reviews>
   964997
  </reviews>
 </clothing>
</clothing-items>
