<?xml version="1.0" encoding="utf-8"?>
<clothing-items>
 <clothing>
  <id>
   412014890
  </id>
  <name>
   Lacoste Jacket R-6122
  </name>
  <category>
   Jacket
  </category>
  <size>
   M
  </size>
  <color>
   Зеленый
  </color>
  <material>
   Кожа
  </material>
  <price>
   176097
  </price>
  <rating>
   4.85
  </rating>
  <reviews>
   939472
  </reviews>
  <new>
   -
  </new>
  <sporty>
   yes
  </sporty>
 </clothing>
 <clothing>
  <id>
   521076744
  </id>
  <name>
   Puma Shirt K-3592
  </name>
  <category>
   Shirt
  </category>
  <size>
   M
  </size>
  <color>
   Красный
  </color>
  <material>
   Нейлон
  </material>
  <price>
   590992
  </price>
  <rating>
   1.98
  </rating>
  <reviews>
   181675
  </reviews>
  <exclusive>
   no
  </exclusive>
 </clothing>
 <clothing>
  <id>
   175234424
  </id>
  <name>
   PleinSport Handbags D-6105
  </name>
  <category>
   Handbags
  </category>
  <size>
   S
  </size>
  <color>
   Зеленый
  </color>
  <material>
   Вискоза
  </material>
  <price>
   396068
  </price>
  <rating>
   4.32
  </rating>
  <reviews>
   712458
  </reviews>
  <exclusive>
   no
  </exclusive>
 </clothing>
 <clothing>
  <id>
   150940028
  </id>
  <name>
   PleinSport Shirt W-4812
  </name>
  <category>
   Shirt
  </category>
  <size>
   M
  </size>
  <color>
   Желтый
  </color>
  <material>
   Вискоза
  </material>
  <price>
   977433
  </price>
  <rating>
   1.09
  </rating>
  <reviews>
   43946
  </reviews>
  <exclusive>
   no
  </exclusive>
  <sporty>
   no
  </sporty>
 </clothing>
 <clothing>
  <id>
   587330142
  </id>
  <name>
   Adidas Umbrellas Q-6611
  </name>
  <category>
   Umbrellas
  </category>
  <size>
   L
  </size>
  <color>
   Голубой
  </color>
  <material>
   Хлопок
  </material>
  <price>
   472877
  </price>
  <rating>
   4.04
  </rating>
  <reviews>
   849537
  </reviews>
  <exclusive>
   no
  </exclusive>
  <sporty>
   no
  </sporty>
 </clothing>
 <clothing>
  <id>
   846224518
  </id>
  <name>
   Asics Handbags O-8528
  </name>
  <category>
   Handbags
  </category>
  <size>
   XL
  </size>
  <color>
   Голубой
  </color>
  <material>
   Шелк
  </material>
  <price>
   211224
  </price>
  <rating>
   2.23
  </rating>
  <reviews>
   927011
  </reviews>
  <exclusive>
   no
  </exclusive>
  <sporty>
   yes
  </sporty>
 </clothing>
 <clothing>
  <id>
   558365286
  </id>
  <name>
   New Balance Hat H-3260
  </name>
  <category>
   Hat
  </category>
  <size>
   XXL
  </size>
  <color>
   Синий
  </color>
  <material>
   Шерсть
  </material>
  <price>
   308828
  </price>
  <rating>
   1.3
  </rating>
  <reviews>
   932349
  </reviews>
  <new>
   -
  </new>
 </clothing>
 <clothing>
  <id>
   313162197
  </id>
  <name>
   Puma Blouse J-5552
  </name>
  <category>
   Blouse
  </category>
  <size>
   S
  </size>
  <color>
   Голубой
  </color>
  <material>
   Лен
  </material>
  <price>
   245875
  </price>
  <rating>
   2.58
  </rating>
  <reviews>
   872193
  </reviews>
  <new>
   -
  </new>
  <exclusive>
   yes
  </exclusive>
 </clothing>
 <clothing>
  <id>
   997641326
  </id>
  <name>
   Reebok T-shirt U-6311
  </name>
  <category>
   T-shirt
  </category>
  <size>
   S
  </size>
  <color>
   Красный
  </color>
  <material>
   Шелк
  </material>
  <price>
   121965
  </price>
  <rating>
   4.61
  </rating>
  <reviews>
   882327
  </reviews>
  <new>
   -
  </new>
  <exclusive>
   no
  </exclusive>
  <sporty>
   no
  </sporty>
 </clothing>
 <clothing>
  <id>
   614493254
  </id>
  <name>
   Converse Jeans D-2899
  </name>
  <category>
   Jeans
  </category>
  <size>
   L
  </size>
  <color>
   Фиолетовый
  </color>
  <material>
   Вискоза
  </material>
  <price>
   654268
  </price>
  <rating>
   2.36
  </rating>
  <reviews>
   837682
  </reviews>
  <new>
   +
  </new>
  <exclusive>
   yes
  </exclusive>
  <sporty>
   yes
  </sporty>
 </clothing>
 <clothing>
  <id>
   902279574
  </id>
  <name>
   Nike Jeans M-1930
  </name>
  <category>
   Jeans
  </category>
  <size>
   S
  </size>
  <color>
   Зеленый
  </color>
  <material>
   Шелк
  </material>
  <price>
   335518
  </price>
  <rating>
   2.96
  </rating>
  <reviews>
   59590
  </reviews>
  <exclusive>
   no
  </exclusive>
  <sporty>
   no
  </sporty>
 </clothing>
 <clothing>
  <id>
   296327911
  </id>
  <name>
   Under Armour Handbags I-6087
  </name>
  <category>
   Handbags
  </category>
  <size>
   M
  </size>
  <color>
   Зеленый
  </color>
  <material>
   Кожа
  </material>
  <price>
   703826
  </price>
  <rating>
   4.1
  </rating>
  <reviews>
   979913
  </reviews>
 </clothing>
 <clothing>
  <id>
   267528026
  </id>
  <name>
   PleinSport Skirt P-7223
  </name>
  <category>
   Skirt
  </category>
  <size>
   S
  </size>
  <color>
   Зеленый
  </color>
  <material>
   Шерсть
  </material>
  <price>
   307700
  </price>
  <rating>
   2.3
  </rating>
  <reviews>
   740335
  </reviews>
  <new>
   +
  </new>
  <exclusive>
   yes
  </exclusive>
 </clothing>
 <clothing>
  <id>
   972540162
  </id>
  <name>
   Puma Handbags T-5896
  </name>
  <category>
   Handbags
  </category>
  <size>
   S
  </size>
  <color>
   Красный
  </color>
  <material>
   Хлопок
  </material>
  <price>
   219785
  </price>
  <rating>
   4.77
  </rating>
  <reviews>
   253412
  </reviews>
  <sporty>
   yes
  </sporty>
 </clothing>
 <clothing>
  <id>
   412738992
  </id>
  <name>
   Under Armour Shirt H-4907
  </name>
  <category>
   Shirt
  </category>
  <size>
   M
  </size>
  <color>
   Красный
  </color>
  <material>
   Кожа
  </material>
  <price>
   544822
  </price>
  <rating>
   4.37
  </rating>
  <reviews>
   299063
  </reviews>
  <sporty>
   yes
  </sporty>
 </clothing>
 <clothing>
  <id>
   928899907
  </id>
  <name>
   Lacoste Handbags V-6090
  </name>
  <category>
   Handbags
  </category>
  <size>
   L
  </size>
  <color>
   Красный
  </color>
  <material>
   Шерсть
  </material>
  <price>
   300748
  </price>
  <rating>
   1.55
  </rating>
  <reviews>
   215370
  </reviews>
  <sporty>
   no
  </sporty>
 </clothing>
 <clothing>
  <id>
   810733827
  </id>
  <name>
   PleinSport Pants J-9588
  </name>
  <category>
   Pants
  </category>
  <size>
   XL
  </size>
  <color>
   Голубой
  </color>
  <material>
   Хлопок
  </material>
  <price>
   364233
  </price>
  <rating>
   2.48
  </rating>
  <reviews>
   886990
  </reviews>
  <sporty>
   no
  </sporty>
 </clothing>
 <clothing>
  <id>
   738112348
  </id>
  <name>
   Under Armour Socks J-8848
  </name>
  <category>
   Socks
  </category>
  <size>
   S
  </size>
  <color>
   Зеленый
  </color>
  <material>
   Шелк
  </material>
  <price>
   835038
  </price>
  <rating>
   1.58
  </rating>
  <reviews>
   374658
  </reviews>
  <new>
   -
  </new>
  <sporty>
   yes
  </sporty>
 </clothing>
 <clothing>
  <id>
   735339676
  </id>
  <name>
   Brooks Hat Y-5010
  </name>
  <category>
   Hat
  </category>
  <size>
   XXL
  </size>
  <color>
   Фиолетовый
  </color>
  <material>
   Кожа
  </material>
  <price>
   427378
  </price>
  <rating>
   3.39
  </rating>
  <reviews>
   272788
  </reviews>
  <sporty>
   yes
  </sporty>
 </clothing>
 <clothing>
  <id>
   769610716
  </id>
  <name>
   Lacoste Umbrellas Q-2996
  </name>
  <category>
   Umbrellas
  </category>
  <size>
   XL
  </size>
  <color>
   Желтый
  </color>
  <material>
   Лен
  </material>
  <price>
   116173
  </price>
  <rating>
   1.37
  </rating>
  <reviews>
   552066
  </reviews>
  <sporty>
   no
  </sporty>
 </clothing>
 <clothing>
  <id>
   817565663
  </id>
  <name>
   Vans Jeans L-6736
  </name>
  <category>
   Jeans
  </category>
  <size>
   L
  </size>
  <color>
   Зеленый
  </color>
  <material>
   Кожа
  </material>
  <price>
   784871
  </price>
  <rating>
   1.82
  </rating>
  <reviews>
   143447
  </reviews>
  <exclusive>
   yes
  </exclusive>
 </clothing>
 <clothing>
  <id>
   225951347
  </id>
  <name>
   Asics Dress X-3691
  </name>
  <category>
   Dress
  </category>
  <size>
   XL
  </size>
  <color>
   Зеленый
  </color>
  <material>
   Шелк
  </material>
  <price>
   873254
  </price>
  <rating>
   4.22
  </rating>
  <reviews>
   215934
  </reviews>
  <new>
   -
  </new>
  <sporty>
   no
  </sporty>
 </clothing>
 <clothing>
  <id>
   909969228
  </id>
  <name>
   Under Armour Umbrellas K-6751
  </name>
  <category>
   Umbrellas
  </category>
  <size>
   L
  </size>
  <color>
   Синий
  </color>
  <material>
   Полиэстер
  </material>
  <price>
   354978
  </price>
  <rating>
   3.58
  </rating>
  <reviews>
   363793
  </reviews>
  <new>
   -
  </new>
  <sporty>
   no
  </sporty>
 </clothing>
 <clothing>
  <id>
   837209207
  </id>
  <name>
   Converse Hat L-1190
  </name>
  <category>
   Hat
  </category>
  <size>
   XXL
  </size>
  <color>
   Оранжевый
  </color>
  <material>
   Шелк
  </material>
  <price>
   345069
  </price>
  <rating>
   1.38
  </rating>
  <reviews>
   207865
  </reviews>
  <sporty>
   no
  </sporty>
 </clothing>
 <clothing>
  <id>
   136974000
  </id>
  <name>
   Addidas Shirt Y-6095
  </name>
  <category>
   Shirt
  </category>
  <size>
   M
  </size>
  <color>
   Красный
  </color>
  <material>
   Хлопок
  </material>
  <price>
   414359
  </price>
  <rating>
   1.03
  </rating>
  <reviews>
   429935
  </reviews>
  <new>
   -
  </new>
  <exclusive>
   yes
  </exclusive>
  <sporty>
   no
  </sporty>
 </clothing>
 <clothing>
  <id>
   182325589
  </id>
  <name>
   Ellesse Shirt Q-4673
  </name>
  <category>
   Shirt
  </category>
  <size>
   S
  </size>
  <color>
   Красный
  </color>
  <material>
   Кожа
  </material>
  <price>
   601977
  </price>
  <rating>
   1.4
  </rating>
  <reviews>
   937479
  </reviews>
  <new>
   -
  </new>
  <sporty>
   yes
  </sporty>
 </clothing>
 <clothing>
  <id>
   207254855
  </id>
  <name>
   Brooks Blouse K-7792
  </name>
  <category>
   Blouse
  </category>
  <size>
   XL
  </size>
  <color>
   Зеленый
  </color>
  <material>
   Шелк
  </material>
  <price>
   777153
  </price>
  <rating>
   4.86
  </rating>
  <reviews>
   174406
  </reviews>
  <new>
   -
  </new>
  <exclusive>
   yes
  </exclusive>
 </clothing>
</clothing-items>
