<?xml version="1.0" encoding="utf-8"?>
<clothing-items>
 <clothing>
  <id>
   777037986
  </id>
  <name>
   Converse T-shirt B-4482
  </name>
  <category>
   T-shirt
  </category>
  <size>
   XXL
  </size>
  <color>
   Оранжевый
  </color>
  <material>
   Лен
  </material>
  <price>
   500218
  </price>
  <rating>
   1.19
  </rating>
  <reviews>
   22376
  </reviews>
  <new>
   -
  </new>
  <exclusive>
   yes
  </exclusive>
  <sporty>
   no
  </sporty>
 </clothing>
 <clothing>
  <id>
   216789333
  </id>
  <name>
   Converse Shirt V-6565
  </name>
  <category>
   Shirt
  </category>
  <size>
   M
  </size>
  <color>
   Оранжевый
  </color>
  <material>
   Вискоза
  </material>
  <price>
   348570
  </price>
  <rating>
   1.82
  </rating>
  <reviews>
   140601
  </reviews>
  <new>
   +
  </new>
 </clothing>
 <clothing>
  <id>
   883271323
  </id>
  <name>
   Reebok Gloves U-2394
  </name>
  <category>
   Gloves
  </category>
  <size>
   L
  </size>
  <color>
   Голубой
  </color>
  <material>
   Нейлон
  </material>
  <price>
   567658
  </price>
  <rating>
   1.9
  </rating>
  <reviews>
   774302
  </reviews>
  <new>
   -
  </new>
  <exclusive>
   yes
  </exclusive>
  <sporty>
   yes
  </sporty>
 </clothing>
 <clothing>
  <id>
   261965754
  </id>
  <name>
   DC Jacket R-5470
  </name>
  <category>
   Jacket
  </category>
  <size>
   XL
  </size>
  <color>
   Голубой
  </color>
  <material>
   Лен
  </material>
  <price>
   655553
  </price>
  <rating>
   4.65
  </rating>
  <reviews>
   208999
  </reviews>
  <new>
   +
  </new>
 </clothing>
 <clothing>
  <id>
   682849160
  </id>
  <name>
   Ellesse Handbags P-7940
  </name>
  <category>
   Handbags
  </category>
  <size>
   M
  </size>
  <color>
   Синий
  </color>
  <material>
   Шерсть
  </material>
  <price>
   543545
  </price>
  <rating>
   1.57
  </rating>
  <reviews>
   371334
  </reviews>
  <new>
   +
  </new>
 </clothing>
 <clothing>
  <id>
   900307121
  </id>
  <name>
   Reebok Gloves B-5025
  </name>
  <category>
   Gloves
  </category>
  <size>
   M
  </size>
  <color>
   Синий
  </color>
  <material>
   Нейлон
  </material>
  <price>
   214096
  </price>
  <rating>
   2.16
  </rating>
  <reviews>
   957810
  </reviews>
  <new>
   -
  </new>
  <sporty>
   no
  </sporty>
 </clothing>
 <clothing>
  <id>
   284195233
  </id>
  <name>
   Brooks Shirt X-8819
  </name>
  <category>
   Shirt
  </category>
  <size>
   XXL
  </size>
  <color>
   Синий
  </color>
  <material>
   Шелк
  </material>
  <price>
   715049
  </price>
  <rating>
   3.55
  </rating>
  <reviews>
   977357
  </reviews>
  <new>
   -
  </new>
  <exclusive>
   no
  </exclusive>
 </clothing>
 <clothing>
  <id>
   445048681
  </id>
  <name>
   Nike Blouse J-4738
  </name>
  <category>
   Blouse
  </category>
  <size>
   M
  </size>
  <color>
   Голубой
  </color>
  <material>
   Шелк
  </material>
  <price>
   907499
  </price>
  <rating>
   2.46
  </rating>
  <reviews>
   48985
  </reviews>
  <exclusive>
   no
  </exclusive>
  <sporty>
   no
  </sporty>
 </clothing>
 <clothing>
  <id>
   761508010
  </id>
  <name>
   Nike Pants Y-5057
  </name>
  <category>
   Pants
  </category>
  <size>
   XL
  </size>
  <color>
   Зеленый
  </color>
  <material>
   Нейлон
  </material>
  <price>
   449490
  </price>
  <rating>
   3.42
  </rating>
  <reviews>
   287879
  </reviews>
  <exclusive>
   no
  </exclusive>
 </clothing>
 <clothing>
  <id>
   386535797
  </id>
  <name>
   Addidas Shirt W-7014
  </name>
  <category>
   Shirt
  </category>
  <size>
   S
  </size>
  <color>
   Оранжевый
  </color>
  <material>
   Шерсть
  </material>
  <price>
   357308
  </price>
  <rating>
   4.97
  </rating>
  <reviews>
   96970
  </reviews>
  <new>
   -
  </new>
  <exclusive>
   no
  </exclusive>
  <sporty>
   yes
  </sporty>
 </clothing>
 <clothing>
  <id>
   430764440
  </id>
  <name>
   Brooks Skirt S-5127
  </name>
  <category>
   Skirt
  </category>
  <size>
   M
  </size>
  <color>
   Зеленый
  </color>
  <material>
   Нейлон
  </material>
  <price>
   128429
  </price>
  <rating>
   4.46
  </rating>
  <reviews>
   35123
  </reviews>
 </clothing>
 <clothing>
  <id>
   827899146
  </id>
  <name>
   Puma Sweater C-5687
  </name>
  <category>
   Sweater
  </category>
  <size>
   L
  </size>
  <color>
   Желтый
  </color>
  <material>
   Нейлон
  </material>
  <price>
   702756
  </price>
  <rating>
   4.36
  </rating>
  <reviews>
   655696
  </reviews>
  <new>
   +
  </new>
  <exclusive>
   no
  </exclusive>
 </clothing>
 <clothing>
  <id>
   486349065
  </id>
  <name>
   Addidas Umbrellas I-8558
  </name>
  <category>
   Umbrellas
  </category>
  <size>
   S
  </size>
  <color>
   Синий
  </color>
  <material>
   Шерсть
  </material>
  <price>
   170546
  </price>
  <rating>
   2.45
  </rating>
  <reviews>
   168370
  </reviews>
  <new>
   -
  </new>
  <exclusive>
   no
  </exclusive>
  <sporty>
   no
  </sporty>
 </clothing>
 <clothing>
  <id>
   310633826
  </id>
  <name>
   Addidas Umbrellas O-5082
  </name>
  <category>
   Umbrellas
  </category>
  <size>
   M
  </size>
  <color>
   Синий
  </color>
  <material>
   Кожа
  </material>
  <price>
   883210
  </price>
  <rating>
   4.54
  </rating>
  <reviews>
   255378
  </reviews>
  <exclusive>
   no
  </exclusive>
  <sporty>
   no
  </sporty>
 </clothing>
 <clothing>
  <id>
   367991448
  </id>
  <name>
   Ellesse Jeans P-2318
  </name>
  <category>
   Jeans
  </category>
  <size>
   XXL
  </size>
  <color>
   Синий
  </color>
  <material>
   Лен
  </material>
  <price>
   686744
  </price>
  <rating>
   2.18
  </rating>
  <reviews>
   183211
  </reviews>
  <new>
   -
  </new>
  <exclusive>
   no
  </exclusive>
  <sporty>
   yes
  </sporty>
 </clothing>
 <clothing>
  <id>
   141917969
  </id>
  <name>
   Ellesse Shirt W-2524
  </name>
  <category>
   Shirt
  </category>
  <size>
   S
  </size>
  <color>
   Желтый
  </color>
  <material>
   Шерсть
  </material>
  <price>
   937570
  </price>
  <rating>
   2.63
  </rating>
  <reviews>
   543652
  </reviews>
  <new>
   +
  </new>
  <exclusive>
   no
  </exclusive>
  <sporty>
   no
  </sporty>
 </clothing>
 <clothing>
  <id>
   720679147
  </id>
  <name>
   Asics Sweater Q-5966
  </name>
  <category>
   Sweater
  </category>
  <size>
   XL
  </size>
  <color>
   Голубой
  </color>
  <material>
   Полиэстер
  </material>
  <price>
   677957
  </price>
  <rating>
   3.26
  </rating>
  <reviews>
   155529
  </reviews>
  <new>
   +
  </new>
  <sporty>
   yes
  </sporty>
 </clothing>
 <clothing>
  <id>
   605042618
  </id>
  <name>
   Under Armour Handbags Z-7590
  </name>
  <category>
   Handbags
  </category>
  <size>
   XXL
  </size>
  <color>
   Зеленый
  </color>
  <material>
   Полиэстер
  </material>
  <price>
   998767
  </price>
  <rating>
   1.38
  </rating>
  <reviews>
   960241
  </reviews>
  <sporty>
   yes
  </sporty>
 </clothing>
 <clothing>
  <id>
   310951998
  </id>
  <name>
   Under Armour Hat U-9833
  </name>
  <category>
   Hat
  </category>
  <size>
   XL
  </size>
  <color>
   Красный
  </color>
  <material>
   Нейлон
  </material>
  <price>
   297826
  </price>
  <rating>
   1.57
  </rating>
  <reviews>
   910266
  </reviews>
  <new>
   -
  </new>
  <exclusive>
   yes
  </exclusive>
  <sporty>
   no
  </sporty>
 </clothing>
 <clothing>
  <id>
   373227821
  </id>
  <name>
   Ellesse Umbrellas I-5710
  </name>
  <category>
   Umbrellas
  </category>
  <size>
   XL
  </size>
  <color>
   Голубой
  </color>
  <material>
   Полиэстер
  </material>
  <price>
   188629
  </price>
  <rating>
   1.7
  </rating>
  <reviews>
   418864
  </reviews>
 </clothing>
 <clothing>
  <id>
   757359340
  </id>
  <name>
   Under Armour Sweater Z-3064
  </name>
  <category>
   Sweater
  </category>
  <size>
   S
  </size>
  <color>
   Красный
  </color>
  <material>
   Нейлон
  </material>
  <price>
   961398
  </price>
  <rating>
   4.28
  </rating>
  <reviews>
   724646
  </reviews>
  <new>
   -
  </new>
  <exclusive>
   yes
  </exclusive>
  <sporty>
   no
  </sporty>
 </clothing>
 <clothing>
  <id>
   417227285
  </id>
  <name>
   Nike Belts D-2801
  </name>
  <category>
   Belts
  </category>
  <size>
   M
  </size>
  <color>
   Красный
  </color>
  <material>
   Вискоза
  </material>
  <price>
   666013
  </price>
  <rating>
   1.49
  </rating>
  <reviews>
   554224
  </reviews>
  <exclusive>
   yes
  </exclusive>
 </clothing>
 <clothing>
  <id>
   103368585
  </id>
  <name>
   Adidas Shoes C-4294
  </name>
  <category>
   Shoes
  </category>
  <size>
   L
  </size>
  <color>
   Оранжевый
  </color>
  <material>
   Шелк
  </material>
  <price>
   460971
  </price>
  <rating>
   4.86
  </rating>
  <reviews>
   408388
  </reviews>
  <exclusive>
   no
  </exclusive>
  <sporty>
   no
  </sporty>
 </clothing>
 <clothing>
  <id>
   426507489
  </id>
  <name>
   Nike Socks F-7940
  </name>
  <category>
   Socks
  </category>
  <size>
   S
  </size>
  <color>
   Фиолетовый
  </color>
  <material>
   Нейлон
  </material>
  <price>
   137820
  </price>
  <rating>
   3.3
  </rating>
  <reviews>
   464659
  </reviews>
  <new>
   -
  </new>
  <sporty>
   yes
  </sporty>
 </clothing>
 <clothing>
  <id>
   606173579
  </id>
  <name>
   Lacoste Hat Z-2610
  </name>
  <category>
   Hat
  </category>
  <size>
   S
  </size>
  <color>
   Голубой
  </color>
  <material>
   Хлопок
  </material>
  <price>
   752825
  </price>
  <rating>
   2.67
  </rating>
  <reviews>
   17478
  </reviews>
  <new>
   +
  </new>
  <exclusive>
   no
  </exclusive>
  <sporty>
   no
  </sporty>
 </clothing>
 <clothing>
  <id>
   418646702
  </id>
  <name>
   Puma Gloves L-6189
  </name>
  <category>
   Gloves
  </category>
  <size>
   S
  </size>
  <color>
   Желтый
  </color>
  <material>
   Шерсть
  </material>
  <price>
   290822
  </price>
  <rating>
   3.18
  </rating>
  <reviews>
   287569
  </reviews>
  <new>
   -
  </new>
  <exclusive>
   no
  </exclusive>
 </clothing>
 <clothing>
  <id>
   497396430
  </id>
  <name>
   New Balance Jeans T-9745
  </name>
  <category>
   Jeans
  </category>
  <size>
   S
  </size>
  <color>
   Зеленый
  </color>
  <material>
   Кожа
  </material>
  <price>
   711666
  </price>
  <rating>
   2.38
  </rating>
  <reviews>
   961407
  </reviews>
  <new>
   -
  </new>
 </clothing>
 <clothing>
  <id>
   846878046
  </id>
  <name>
   Addidas Pants I-8633
  </name>
  <category>
   Pants
  </category>
  <size>
   XXL
  </size>
  <color>
   Зеленый
  </color>
  <material>
   Вискоза
  </material>
  <price>
   787004
  </price>
  <rating>
   3.61
  </rating>
  <reviews>
   965729
  </reviews>
  <exclusive>
   yes
  </exclusive>
 </clothing>
 <clothing>
  <id>
   248118058
  </id>
  <name>
   New Balance Jacket C-6117
  </name>
  <category>
   Jacket
  </category>
  <size>
   XXL
  </size>
  <color>
   Голубой
  </color>
  <material>
   Полиэстер
  </material>
  <price>
   650493
  </price>
  <rating>
   2.01
  </rating>
  <reviews>
   760649
  </reviews>
  <new>
   -
  </new>
  <exclusive>
   no
  </exclusive>
  <sporty>
   no
  </sporty>
 </clothing>
 <clothing>
  <id>
   159327113
  </id>
  <name>
   Addidas Dress S-4233
  </name>
  <category>
   Dress
  </category>
  <size>
   S
  </size>
  <color>
   Красный
  </color>
  <material>
   Лен
  </material>
  <price>
   677803
  </price>
  <rating>
   2.52
  </rating>
  <reviews>
   71627
  </reviews>
  <exclusive>
   yes
  </exclusive>
  <sporty>
   yes
  </sporty>
 </clothing>
 <clothing>
  <id>
   531783691
  </id>
  <name>
   Nike Dress F-3357
  </name>
  <category>
   Dress
  </category>
  <size>
   S
  </size>
  <color>
   Голубой
  </color>
  <material>
   Хлопок
  </material>
  <price>
   580445
  </price>
  <rating>
   3.11
  </rating>
  <reviews>
   379524
  </reviews>
  <new>
   +
  </new>
  <exclusive>
   no
  </exclusive>
  <sporty>
   no
  </sporty>
 </clothing>
 <clothing>
  <id>
   678789277
  </id>
  <name>
   Lacoste Handbags I-3553
  </name>
  <category>
   Handbags
  </category>
  <size>
   S
  </size>
  <color>
   Оранжевый
  </color>
  <material>
   Хлопок
  </material>
  <price>
   962245
  </price>
  <rating>
   3.44
  </rating>
  <reviews>
   807407
  </reviews>
  <exclusive>
   no
  </exclusive>
 </clothing>
 <clothing>
  <id>
   421883570
  </id>
  <name>
   Under Armour Shirt L-1490
  </name>
  <category>
   Shirt
  </category>
  <size>
   L
  </size>
  <color>
   Зеленый
  </color>
  <material>
   Полиэстер
  </material>
  <price>
   398928
  </price>
  <rating>
   3.73
  </rating>
  <reviews>
   802332
  </reviews>
  <exclusive>
   no
  </exclusive>
  <sporty>
   no
  </sporty>
 </clothing>
 <clothing>
  <id>
   197921306
  </id>
  <name>
   New Balance T-shirt N-2516
  </name>
  <category>
   T-shirt
  </category>
  <size>
   M
  </size>
  <color>
   Зеленый
  </color>
  <material>
   Полиэстер
  </material>
  <price>
   770107
  </price>
  <rating>
   1.43
  </rating>
  <reviews>
   169750
  </reviews>
  <new>
   +
  </new>
  <sporty>
   yes
  </sporty>
 </clothing>
</clothing-items>
