<?xml version="1.0" encoding="utf-8"?>
<clothing-items>
 <clothing>
  <id>
   814665316
  </id>
  <name>
   Asics Pants B-4935
  </name>
  <category>
   Pants
  </category>
  <size>
   XXL
  </size>
  <color>
   Красный
  </color>
  <material>
   Полиэстер
  </material>
  <price>
   132138
  </price>
  <rating>
   4.62
  </rating>
  <reviews>
   482581
  </reviews>
  <new>
   +
  </new>
  <exclusive>
   yes
  </exclusive>
  <sporty>
   no
  </sporty>
 </clothing>
 <clothing>
  <id>
   279672470
  </id>
  <name>
   Asics Belts M-8565
  </name>
  <category>
   Belts
  </category>
  <size>
   S
  </size>
  <color>
   Красный
  </color>
  <material>
   Лен
  </material>
  <price>
   469247
  </price>
  <rating>
   4.44
  </rating>
  <reviews>
   728027
  </reviews>
  <exclusive>
   no
  </exclusive>
 </clothing>
 <clothing>
  <id>
   481949723
  </id>
  <name>
   Converse T-shirt G-7982
  </name>
  <category>
   T-shirt
  </category>
  <size>
   XL
  </size>
  <color>
   Голубой
  </color>
  <material>
   Лен
  </material>
  <price>
   287703
  </price>
  <rating>
   4.36
  </rating>
  <reviews>
   542734
  </reviews>
  <new>
   +
  </new>
  <sporty>
   yes
  </sporty>
 </clothing>
 <clothing>
  <id>
   475568531
  </id>
  <name>
   PleinSport Pants S-8641
  </name>
  <category>
   Pants
  </category>
  <size>
   XXL
  </size>
  <color>
   Оранжевый
  </color>
  <material>
   Шелк
  </material>
  <price>
   232546
  </price>
  <rating>
   4.03
  </rating>
  <reviews>
   203387
  </reviews>
  <new>
   -
  </new>
  <exclusive>
   yes
  </exclusive>
 </clothing>
 <clothing>
  <id>
   479197317
  </id>
  <name>
   Puma Sweater K-1444
  </name>
  <category>
   Sweater
  </category>
  <size>
   XL
  </size>
  <color>
   Синий
  </color>
  <material>
   Полиэстер
  </material>
  <price>
   203967
  </price>
  <rating>
   1.34
  </rating>
  <reviews>
   530100
  </reviews>
  <new>
   +
  </new>
  <exclusive>
   no
  </exclusive>
  <sporty>
   no
  </sporty>
 </clothing>
 <clothing>
  <id>
   164877481
  </id>
  <name>
   Brooks Belts R-4025
  </name>
  <category>
   Belts
  </category>
  <size>
   S
  </size>
  <color>
   Голубой
  </color>
  <material>
   Шелк
  </material>
  <price>
   998847
  </price>
  <rating>
   4.75
  </rating>
  <reviews>
   975806
  </reviews>
  <exclusive>
   no
  </exclusive>
  <sporty>
   no
  </sporty>
 </clothing>
 <clothing>
  <id>
   279223507
  </id>
  <name>
   Ellesse Umbrellas G-9755
  </name>
  <category>
   Umbrellas
  </category>
  <size>
   XL
  </size>
  <color>
   Синий
  </color>
  <material>
   Полиэстер
  </material>
  <price>
   902315
  </price>
  <rating>
   1.93
  </rating>
  <reviews>
   558598
  </reviews>
  <new>
   -
  </new>
  <exclusive>
   yes
  </exclusive>
  <sporty>
   no
  </sporty>
 </clothing>
 <clothing>
  <id>
   869759133
  </id>
  <name>
   Fila Skirt Q-6794
  </name>
  <category>
   Skirt
  </category>
  <size>
   XL
  </size>
  <color>
   Оранжевый
  </color>
  <material>
   Шерсть
  </material>
  <price>
   452849
  </price>
  <rating>
   1.82
  </rating>
  <reviews>
   309155
  </reviews>
  <new>
   -
  </new>
  <exclusive>
   no
  </exclusive>
  <sporty>
   no
  </sporty>
 </clothing>
 <clothing>
  <id>
   146038096
  </id>
  <name>
   DC Sweater K-7142
  </name>
  <category>
   Sweater
  </category>
  <size>
   XL
  </size>
  <color>
   Синий
  </color>
  <material>
   Вискоза
  </material>
  <price>
   549804
  </price>
  <rating>
   3.01
  </rating>
  <reviews>
   513326
  </reviews>
  <new>
   -
  </new>
  <sporty>
   no
  </sporty>
 </clothing>
 <clothing>
  <id>
   895302186
  </id>
  <name>
   Puma Handbags F-2359
  </name>
  <category>
   Handbags
  </category>
  <size>
   L
  </size>
  <color>
   Голубой
  </color>
  <material>
   Вискоза
  </material>
  <price>
   257577
  </price>
  <rating>
   1.93
  </rating>
  <reviews>
   349422
  </reviews>
  <new>
   -
  </new>
  <exclusive>
   no
  </exclusive>
 </clothing>
 <clothing>
  <id>
   452085663
  </id>
  <name>
   Reebok Skirt F-8858
  </name>
  <category>
   Skirt
  </category>
  <size>
   XXL
  </size>
  <color>
   Фиолетовый
  </color>
  <material>
   Полиэстер
  </material>
  <price>
   713814
  </price>
  <rating>
   4.0
  </rating>
  <reviews>
   883049
  </reviews>
  <new>
   -
  </new>
  <exclusive>
   yes
  </exclusive>
  <sporty>
   no
  </sporty>
 </clothing>
 <clothing>
  <id>
   645662053
  </id>
  <name>
   Reebok Dress J-8925
  </name>
  <category>
   Dress
  </category>
  <size>
   S
  </size>
  <color>
   Голубой
  </color>
  <material>
   Полиэстер
  </material>
  <price>
   113956
  </price>
  <rating>
   4.42
  </rating>
  <reviews>
   772462
  </reviews>
  <new>
   -
  </new>
  <exclusive>
   no
  </exclusive>
  <sporty>
   no
  </sporty>
 </clothing>
 <clothing>
  <id>
   393331142
  </id>
  <name>
   DC Jacket W-5806
  </name>
  <category>
   Jacket
  </category>
  <size>
   XL
  </size>
  <color>
   Оранжевый
  </color>
  <material>
   Нейлон
  </material>
  <price>
   955263
  </price>
  <rating>
   4.02
  </rating>
  <reviews>
   769061
  </reviews>
  <exclusive>
   yes
  </exclusive>
  <sporty>
   no
  </sporty>
 </clothing>
 <clothing>
  <id>
   910746823
  </id>
  <name>
   PleinSport Sweater F-6047
  </name>
  <category>
   Sweater
  </category>
  <size>
   M
  </size>
  <color>
   Синий
  </color>
  <material>
   Кожа
  </material>
  <price>
   339917
  </price>
  <rating>
   4.98
  </rating>
  <reviews>
   243525
  </reviews>
  <new>
   -
  </new>
  <exclusive>
   no
  </exclusive>
 </clothing>
 <clothing>
  <id>
   877679629
  </id>
  <name>
   Ellesse T-shirt R-3748
  </name>
  <category>
   T-shirt
  </category>
  <size>
   XL
  </size>
  <color>
   Оранжевый
  </color>
  <material>
   Нейлон
  </material>
  <price>
   269258
  </price>
  <rating>
   2.44
  </rating>
  <reviews>
   604725
  </reviews>
  <sporty>
   no
  </sporty>
 </clothing>
 <clothing>
  <id>
   462863872
  </id>
  <name>
   DC Sweater M-5969
  </name>
  <category>
   Sweater
  </category>
  <size>
   XXL
  </size>
  <color>
   Зеленый
  </color>
  <material>
   Вискоза
  </material>
  <price>
   870834
  </price>
  <rating>
   1.14
  </rating>
  <reviews>
   347606
  </reviews>
  <sporty>
   yes
  </sporty>
 </clothing>
 <clothing>
  <id>
   245745084
  </id>
  <name>
   Brooks Dress K-3033
  </name>
  <category>
   Dress
  </category>
  <size>
   S
  </size>
  <color>
   Синий
  </color>
  <material>
   Кожа
  </material>
  <price>
   107509
  </price>
  <rating>
   4.16
  </rating>
  <reviews>
   450784
  </reviews>
  <exclusive>
   no
  </exclusive>
 </clothing>
 <clothing>
  <id>
   636995500
  </id>
  <name>
   PleinSport Skirt C-4820
  </name>
  <category>
   Skirt
  </category>
  <size>
   M
  </size>
  <color>
   Оранжевый
  </color>
  <material>
   Шелк
  </material>
  <price>
   147985
  </price>
  <rating>
   2.49
  </rating>
  <reviews>
   288509
  </reviews>
  <sporty>
   no
  </sporty>
 </clothing>
 <clothing>
  <id>
   575686211
  </id>
  <name>
   Ellesse Skirt Z-3521
  </name>
  <category>
   Skirt
  </category>
  <size>
   M
  </size>
  <color>
   Синий
  </color>
  <material>
   Кожа
  </material>
  <price>
   373160
  </price>
  <rating>
   1.24
  </rating>
  <reviews>
   860128
  </reviews>
  <sporty>
   no
  </sporty>
 </clothing>
 <clothing>
  <id>
   526856916
  </id>
  <name>
   Asics Dress P-1502
  </name>
  <category>
   Dress
  </category>
  <size>
   L
  </size>
  <color>
   Голубой
  </color>
  <material>
   Кожа
  </material>
  <price>
   522124
  </price>
  <rating>
   2.17
  </rating>
  <reviews>
   119444
  </reviews>
  <new>
   -
  </new>
  <exclusive>
   no
  </exclusive>
 </clothing>
</clothing-items>
