<?xml version="1.0" encoding="utf-8"?>
<clothing-items>
 <clothing>
  <id>
   425160574
  </id>
  <name>
   PleinSport Umbrellas Y-2299
  </name>
  <category>
   Umbrellas
  </category>
  <size>
   L
  </size>
  <color>
   Зеленый
  </color>
  <material>
   Хлопок
  </material>
  <price>
   473090
  </price>
  <rating>
   4.36
  </rating>
  <reviews>
   189591
  </reviews>
  <new>
   -
  </new>
  <exclusive>
   no
  </exclusive>
 </clothing>
 <clothing>
  <id>
   940826055
  </id>
  <name>
   Adidas Skirt E-9409
  </name>
  <category>
   Skirt
  </category>
  <size>
   M
  </size>
  <color>
   Синий
  </color>
  <material>
   Нейлон
  </material>
  <price>
   761708
  </price>
  <rating>
   4.38
  </rating>
  <reviews>
   883058
  </reviews>
  <exclusive>
   yes
  </exclusive>
  <sporty>
   no
  </sporty>
 </clothing>
 <clothing>
  <id>
   956730445
  </id>
  <name>
   PleinSport Skirt C-9664
  </name>
  <category>
   Skirt
  </category>
  <size>
   XXL
  </size>
  <color>
   Синий
  </color>
  <material>
   Нейлон
  </material>
  <price>
   739330
  </price>
  <rating>
   1.58
  </rating>
  <reviews>
   894458
  </reviews>
  <new>
   +
  </new>
  <exclusive>
   no
  </exclusive>
 </clothing>
 <clothing>
  <id>
   168452687
  </id>
  <name>
   DC Blouse I-8287
  </name>
  <category>
   Blouse
  </category>
  <size>
   M
  </size>
  <color>
   Оранжевый
  </color>
  <material>
   Шелк
  </material>
  <price>
   761606
  </price>
  <rating>
   4.06
  </rating>
  <reviews>
   74432
  </reviews>
  <new>
   -
  </new>
 </clothing>
 <clothing>
  <id>
   445274509
  </id>
  <name>
   Under Armour Pants O-6049
  </name>
  <category>
   Pants
  </category>
  <size>
   M
  </size>
  <color>
   Желтый
  </color>
  <material>
   Хлопок
  </material>
  <price>
   333255
  </price>
  <rating>
   2.33
  </rating>
  <reviews>
   217495
  </reviews>
  <new>
   -
  </new>
  <exclusive>
   no
  </exclusive>
  <sporty>
   yes
  </sporty>
 </clothing>
 <clothing>
  <id>
   457632106
  </id>
  <name>
   Nike Jacket O-7258
  </name>
  <category>
   Jacket
  </category>
  <size>
   XL
  </size>
  <color>
   Голубой
  </color>
  <material>
   Вискоза
  </material>
  <price>
   270311
  </price>
  <rating>
   1.49
  </rating>
  <reviews>
   538105
  </reviews>
  <sporty>
   no
  </sporty>
 </clothing>
 <clothing>
  <id>
   124928600
  </id>
  <name>
   Brooks Belts L-4376
  </name>
  <category>
   Belts
  </category>
  <size>
   L
  </size>
  <color>
   Голубой
  </color>
  <material>
   Шерсть
  </material>
  <price>
   427818
  </price>
  <rating>
   4.67
  </rating>
  <reviews>
   591996
  </reviews>
  <new>
   -
  </new>
  <exclusive>
   yes
  </exclusive>
  <sporty>
   yes
  </sporty>
 </clothing>
 <clothing>
  <id>
   306000866
  </id>
  <name>
   Nike Shirt K-5560
  </name>
  <category>
   Shirt
  </category>
  <size>
   M
  </size>
  <color>
   Голубой
  </color>
  <material>
   Шелк
  </material>
  <price>
   512590
  </price>
  <rating>
   1.23
  </rating>
  <reviews>
   655261
  </reviews>
 </clothing>
 <clothing>
  <id>
   609031554
  </id>
  <name>
   Lacoste Jeans Y-3806
  </name>
  <category>
   Jeans
  </category>
  <size>
   S
  </size>
  <color>
   Синий
  </color>
  <material>
   Лен
  </material>
  <price>
   872883
  </price>
  <rating>
   1.73
  </rating>
  <reviews>
   200638
  </reviews>
  <new>
   -
  </new>
  <exclusive>
   no
  </exclusive>
 </clothing>
 <clothing>
  <id>
   455109626
  </id>
  <name>
   Addidas Shoes C-2317
  </name>
  <category>
   Shoes
  </category>
  <size>
   M
  </size>
  <color>
   Красный
  </color>
  <material>
   Нейлон
  </material>
  <price>
   444490
  </price>
  <rating>
   1.68
  </rating>
  <reviews>
   985492
  </reviews>
  <new>
   -
  </new>
  <exclusive>
   no
  </exclusive>
  <sporty>
   yes
  </sporty>
 </clothing>
 <clothing>
  <id>
   902417137
  </id>
  <name>
   Brooks Hat L-7047
  </name>
  <category>
   Hat
  </category>
  <size>
   XXL
  </size>
  <color>
   Фиолетовый
  </color>
  <material>
   Вискоза
  </material>
  <price>
   233161
  </price>
  <rating>
   4.62
  </rating>
  <reviews>
   90519
  </reviews>
  <new>
   -
  </new>
 </clothing>
 <clothing>
  <id>
   195976046
  </id>
  <name>
   Reebok Jacket V-7033
  </name>
  <category>
   Jacket
  </category>
  <size>
   S
  </size>
  <color>
   Фиолетовый
  </color>
  <material>
   Лен
  </material>
  <price>
   999171
  </price>
  <rating>
   3.4
  </rating>
  <reviews>
   700614
  </reviews>
  <sporty>
   yes
  </sporty>
 </clothing>
 <clothing>
  <id>
   566354546
  </id>
  <name>
   Fila Gloves C-6621
  </name>
  <category>
   Gloves
  </category>
  <size>
   L
  </size>
  <color>
   Оранжевый
  </color>
  <material>
   Шелк
  </material>
  <price>
   284586
  </price>
  <rating>
   2.39
  </rating>
  <reviews>
   362004
  </reviews>
  <new>
   +
  </new>
  <sporty>
   no
  </sporty>
 </clothing>
 <clothing>
  <id>
   781716099
  </id>
  <name>
   New Balance Skirt V-5934
  </name>
  <category>
   Skirt
  </category>
  <size>
   XL
  </size>
  <color>
   Фиолетовый
  </color>
  <material>
   Нейлон
  </material>
  <price>
   511023
  </price>
  <rating>
   4.21
  </rating>
  <reviews>
   868803
  </reviews>
  <new>
   -
  </new>
  <exclusive>
   yes
  </exclusive>
 </clothing>
 <clothing>
  <id>
   913513789
  </id>
  <name>
   Lacoste Belts D-9655
  </name>
  <category>
   Belts
  </category>
  <size>
   S
  </size>
  <color>
   Красный
  </color>
  <material>
   Вискоза
  </material>
  <price>
   292792
  </price>
  <rating>
   4.89
  </rating>
  <reviews>
   799953
  </reviews>
 </clothing>
 <clothing>
  <id>
   723799168
  </id>
  <name>
   Converse T-shirt P-9184
  </name>
  <category>
   T-shirt
  </category>
  <size>
   L
  </size>
  <color>
   Желтый
  </color>
  <material>
   Вискоза
  </material>
  <price>
   476494
  </price>
  <rating>
   4.84
  </rating>
  <reviews>
   158394
  </reviews>
  <exclusive>
   no
  </exclusive>
 </clothing>
 <clothing>
  <id>
   763905520
  </id>
  <name>
   Lacoste Socks V-1672
  </name>
  <category>
   Socks
  </category>
  <size>
   XXL
  </size>
  <color>
   Желтый
  </color>
  <material>
   Шерсть
  </material>
  <price>
   771273
  </price>
  <rating>
   2.94
  </rating>
  <reviews>
   31240
  </reviews>
 </clothing>
 <clothing>
  <id>
   144217764
  </id>
  <name>
   Vans Hat Z-1047
  </name>
  <category>
   Hat
  </category>
  <size>
   XXL
  </size>
  <color>
   Голубой
  </color>
  <material>
   Нейлон
  </material>
  <price>
   652302
  </price>
  <rating>
   3.06
  </rating>
  <reviews>
   378677
  </reviews>
  <new>
   +
  </new>
  <exclusive>
   no
  </exclusive>
 </clothing>
 <clothing>
  <id>
   281115087
  </id>
  <name>
   Ellesse Dress K-3738
  </name>
  <category>
   Dress
  </category>
  <size>
   M
  </size>
  <color>
   Желтый
  </color>
  <material>
   Хлопок
  </material>
  <price>
   237299
  </price>
  <rating>
   2.74
  </rating>
  <reviews>
   745270
  </reviews>
  <exclusive>
   no
  </exclusive>
  <sporty>
   no
  </sporty>
 </clothing>
 <clothing>
  <id>
   772874808
  </id>
  <name>
   Asics Socks P-2955
  </name>
  <category>
   Socks
  </category>
  <size>
   XXL
  </size>
  <color>
   Синий
  </color>
  <material>
   Нейлон
  </material>
  <price>
   455024
  </price>
  <rating>
   4.46
  </rating>
  <reviews>
   260722
  </reviews>
  <new>
   +
  </new>
  <exclusive>
   no
  </exclusive>
  <sporty>
   yes
  </sporty>
 </clothing>
 <clothing>
  <id>
   970903930
  </id>
  <name>
   Converse Belts G-9337
  </name>
  <category>
   Belts
  </category>
  <size>
   S
  </size>
  <color>
   Синий
  </color>
  <material>
   Лен
  </material>
  <price>
   848364
  </price>
  <rating>
   4.3
  </rating>
  <reviews>
   37997
  </reviews>
  <new>
   +
  </new>
  <exclusive>
   no
  </exclusive>
  <sporty>
   no
  </sporty>
 </clothing>
 <clothing>
  <id>
   652741048
  </id>
  <name>
   PleinSport Hat O-8772
  </name>
  <category>
   Hat
  </category>
  <size>
   XL
  </size>
  <color>
   Синий
  </color>
  <material>
   Кожа
  </material>
  <price>
   962939
  </price>
  <rating>
   1.74
  </rating>
  <reviews>
   558658
  </reviews>
  <exclusive>
   yes
  </exclusive>
  <sporty>
   yes
  </sporty>
 </clothing>
 <clothing>
  <id>
   859056497
  </id>
  <name>
   Lacoste Umbrellas W-5528
  </name>
  <category>
   Umbrellas
  </category>
  <size>
   XXL
  </size>
  <color>
   Синий
  </color>
  <material>
   Нейлон
  </material>
  <price>
   256761
  </price>
  <rating>
   4.62
  </rating>
  <reviews>
   860745
  </reviews>
  <new>
   +
  </new>
  <exclusive>
   no
  </exclusive>
 </clothing>
 <clothing>
  <id>
   523151165
  </id>
  <name>
   Adidas Socks H-2410
  </name>
  <category>
   Socks
  </category>
  <size>
   L
  </size>
  <color>
   Желтый
  </color>
  <material>
   Полиэстер
  </material>
  <price>
   991778
  </price>
  <rating>
   4.04
  </rating>
  <reviews>
   549813
  </reviews>
  <exclusive>
   yes
  </exclusive>
  <sporty>
   yes
  </sporty>
 </clothing>
 <clothing>
  <id>
   188807893
  </id>
  <name>
   Brooks Handbags G-7986
  </name>
  <category>
   Handbags
  </category>
  <size>
   S
  </size>
  <color>
   Зеленый
  </color>
  <material>
   Шерсть
  </material>
  <price>
   428956
  </price>
  <rating>
   4.79
  </rating>
  <reviews>
   495352
  </reviews>
 </clothing>
 <clothing>
  <id>
   567516729
  </id>
  <name>
   DC Socks C-9002
  </name>
  <category>
   Socks
  </category>
  <size>
   XL
  </size>
  <color>
   Зеленый
  </color>
  <material>
   Шелк
  </material>
  <price>
   928114
  </price>
  <rating>
   4.98
  </rating>
  <reviews>
   116090
  </reviews>
  <exclusive>
   no
  </exclusive>
  <sporty>
   no
  </sporty>
 </clothing>
 <clothing>
  <id>
   842542436
  </id>
  <name>
   Adidas T-shirt B-9300
  </name>
  <category>
   T-shirt
  </category>
  <size>
   L
  </size>
  <color>
   Фиолетовый
  </color>
  <material>
   Вискоза
  </material>
  <price>
   223877
  </price>
  <rating>
   4.53
  </rating>
  <reviews>
   814335
  </reviews>
  <new>
   +
  </new>
  <sporty>
   no
  </sporty>
 </clothing>
 <clothing>
  <id>
   670809521
  </id>
  <name>
   Reebok Skirt U-6582
  </name>
  <category>
   Skirt
  </category>
  <size>
   S
  </size>
  <color>
   Желтый
  </color>
  <material>
   Вискоза
  </material>
  <price>
   165617
  </price>
  <rating>
   4.4
  </rating>
  <reviews>
   801612
  </reviews>
  <exclusive>
   no
  </exclusive>
 </clothing>
 <clothing>
  <id>
   979899373
  </id>
  <name>
   DC Shoes R-5316
  </name>
  <category>
   Shoes
  </category>
  <size>
   M
  </size>
  <color>
   Красный
  </color>
  <material>
   Вискоза
  </material>
  <price>
   403755
  </price>
  <rating>
   1.46
  </rating>
  <reviews>
   697964
  </reviews>
  <exclusive>
   no
  </exclusive>
  <sporty>
   no
  </sporty>
 </clothing>
 <clothing>
  <id>
   663771766
  </id>
  <name>
   Lacoste Belts K-4609
  </name>
  <category>
   Belts
  </category>
  <size>
   XL
  </size>
  <color>
   Синий
  </color>
  <material>
   Кожа
  </material>
  <price>
   129949
  </price>
  <rating>
   3.5
  </rating>
  <reviews>
   154725
  </reviews>
  <new>
   +
  </new>
  <exclusive>
   no
  </exclusive>
  <sporty>
   no
  </sporty>
 </clothing>
 <clothing>
  <id>
   769946111
  </id>
  <name>
   New Balance Sweater K-2145
  </name>
  <category>
   Sweater
  </category>
  <size>
   XXL
  </size>
  <color>
   Зеленый
  </color>
  <material>
   Лен
  </material>
  <price>
   724455
  </price>
  <rating>
   4.77
  </rating>
  <reviews>
   318161
  </reviews>
  <exclusive>
   no
  </exclusive>
 </clothing>
 <clothing>
  <id>
   712991748
  </id>
  <name>
   Nike Jeans G-9313
  </name>
  <category>
   Jeans
  </category>
  <size>
   XXL
  </size>
  <color>
   Голубой
  </color>
  <material>
   Нейлон
  </material>
  <price>
   300126
  </price>
  <rating>
   4.41
  </rating>
  <reviews>
   127930
  </reviews>
  <exclusive>
   no
  </exclusive>
  <sporty>
   yes
  </sporty>
 </clothing>
 <clothing>
  <id>
   156222916
  </id>
  <name>
   Puma Jacket M-8023
  </name>
  <category>
   Jacket
  </category>
  <size>
   S
  </size>
  <color>
   Зеленый
  </color>
  <material>
   Вискоза
  </material>
  <price>
   297436
  </price>
  <rating>
   2.37
  </rating>
  <reviews>
   109133
  </reviews>
  <exclusive>
   no
  </exclusive>
 </clothing>
 <clothing>
  <id>
   272675329
  </id>
  <name>
   Lacoste Handbags B-2500
  </name>
  <category>
   Handbags
  </category>
  <size>
   S
  </size>
  <color>
   Оранжевый
  </color>
  <material>
   Нейлон
  </material>
  <price>
   567130
  </price>
  <rating>
   4.31
  </rating>
  <reviews>
   202967
  </reviews>
  <sporty>
   no
  </sporty>
 </clothing>
 <clothing>
  <id>
   520528467
  </id>
  <name>
   Fila Jeans G-4591
  </name>
  <category>
   Jeans
  </category>
  <size>
   XXL
  </size>
  <color>
   Голубой
  </color>
  <material>
   Кожа
  </material>
  <price>
   812461
  </price>
  <rating>
   4.02
  </rating>
  <reviews>
   598094
  </reviews>
  <new>
   +
  </new>
  <exclusive>
   no
  </exclusive>
  <sporty>
   no
  </sporty>
 </clothing>
 <clothing>
  <id>
   680893551
  </id>
  <name>
   Asics Belts W-9912
  </name>
  <category>
   Belts
  </category>
  <size>
   L
  </size>
  <color>
   Голубой
  </color>
  <material>
   Кожа
  </material>
  <price>
   312665
  </price>
  <rating>
   2.65
  </rating>
  <reviews>
   970756
  </reviews>
  <exclusive>
   no
  </exclusive>
 </clothing>
 <clothing>
  <id>
   295157291
  </id>
  <name>
   Puma Jacket R-8958
  </name>
  <category>
   Jacket
  </category>
  <size>
   S
  </size>
  <color>
   Синий
  </color>
  <material>
   Вискоза
  </material>
  <price>
   505171
  </price>
  <rating>
   4.04
  </rating>
  <reviews>
   136567
  </reviews>
  <new>
   +
  </new>
  <exclusive>
   no
  </exclusive>
  <sporty>
   no
  </sporty>
 </clothing>
 <clothing>
  <id>
   515050701
  </id>
  <name>
   Brooks Sweater N-5894
  </name>
  <category>
   Sweater
  </category>
  <size>
   S
  </size>
  <color>
   Голубой
  </color>
  <material>
   Кожа
  </material>
  <price>
   759610
  </price>
  <rating>
   2.47
  </rating>
  <reviews>
   424734
  </reviews>
  <exclusive>
   no
  </exclusive>
  <sporty>
   yes
  </sporty>
 </clothing>
 <clothing>
  <id>
   132444537
  </id>
  <name>
   Addidas T-shirt Y-8269
  </name>
  <category>
   T-shirt
  </category>
  <size>
   XXL
  </size>
  <color>
   Желтый
  </color>
  <material>
   Кожа
  </material>
  <price>
   228820
  </price>
  <rating>
   4.82
  </rating>
  <reviews>
   990910
  </reviews>
  <exclusive>
   no
  </exclusive>
  <sporty>
   yes
  </sporty>
 </clothing>
 <clothing>
  <id>
   313058204
  </id>
  <name>
   Reebok Socks A-7440
  </name>
  <category>
   Socks
  </category>
  <size>
   L
  </size>
  <color>
   Красный
  </color>
  <material>
   Хлопок
  </material>
  <price>
   477082
  </price>
  <rating>
   1.2
  </rating>
  <reviews>
   821377
  </reviews>
  <new>
   -
  </new>
 </clothing>
 <clothing>
  <id>
   334147087
  </id>
  <name>
   DC Pants E-8632
  </name>
  <category>
   Pants
  </category>
  <size>
   S
  </size>
  <color>
   Красный
  </color>
  <material>
   Шелк
  </material>
  <price>
   284804
  </price>
  <rating>
   3.14
  </rating>
  <reviews>
   179207
  </reviews>
  <new>
   +
  </new>
  <exclusive>
   yes
  </exclusive>
 </clothing>
 <clothing>
  <id>
   115182937
  </id>
  <name>
   Brooks Gloves A-1071
  </name>
  <category>
   Gloves
  </category>
  <size>
   S
  </size>
  <color>
   Фиолетовый
  </color>
  <material>
   Нейлон
  </material>
  <price>
   993079
  </price>
  <rating>
   3.56
  </rating>
  <reviews>
   684031
  </reviews>
  <new>
   +
  </new>
  <sporty>
   no
  </sporty>
 </clothing>
 <clothing>
  <id>
   223276226
  </id>
  <name>
   PleinSport Shoes U-4407
  </name>
  <category>
   Shoes
  </category>
  <size>
   S
  </size>
  <color>
   Синий
  </color>
  <material>
   Полиэстер
  </material>
  <price>
   520891
  </price>
  <rating>
   1.38
  </rating>
  <reviews>
   501603
  </reviews>
  <exclusive>
   yes
  </exclusive>
  <sporty>
   yes
  </sporty>
 </clothing>
 <clothing>
  <id>
   641798033
  </id>
  <name>
   Vans Skirt E-2606
  </name>
  <category>
   Skirt
  </category>
  <size>
   M
  </size>
  <color>
   Голубой
  </color>
  <material>
   Полиэстер
  </material>
  <price>
   456154
  </price>
  <rating>
   3.87
  </rating>
  <reviews>
   163225
  </reviews>
  <new>
   -
  </new>
 </clothing>
 <clothing>
  <id>
   229535560
  </id>
  <name>
   Addidas Jacket M-3381
  </name>
  <category>
   Jacket
  </category>
  <size>
   M
  </size>
  <color>
   Голубой
  </color>
  <material>
   Лен
  </material>
  <price>
   418295
  </price>
  <rating>
   3.5
  </rating>
  <reviews>
   52579
  </reviews>
  <new>
   -
  </new>
  <exclusive>
   no
  </exclusive>
  <sporty>
   no
  </sporty>
 </clothing>
 <clothing>
  <id>
   761846337
  </id>
  <name>
   Puma Gloves Q-9260
  </name>
  <category>
   Gloves
  </category>
  <size>
   XXL
  </size>
  <color>
   Красный
  </color>
  <material>
   Шерсть
  </material>
  <price>
   655039
  </price>
  <rating>
   4.35
  </rating>
  <reviews>
   406288
  </reviews>
  <sporty>
   no
  </sporty>
 </clothing>
 <clothing>
  <id>
   714800135
  </id>
  <name>
   Fila Dress Q-6034
  </name>
  <category>
   Dress
  </category>
  <size>
   M
  </size>
  <color>
   Желтый
  </color>
  <material>
   Лен
  </material>
  <price>
   118488
  </price>
  <rating>
   2.63
  </rating>
  <reviews>
   93730
  </reviews>
  <exclusive>
   yes
  </exclusive>
  <sporty>
   no
  </sporty>
 </clothing>
 <clothing>
  <id>
   349181852
  </id>
  <name>
   Adidas Sweater L-8353
  </name>
  <category>
   Sweater
  </category>
  <size>
   M
  </size>
  <color>
   Голубой
  </color>
  <material>
   Шерсть
  </material>
  <price>
   376099
  </price>
  <rating>
   2.13
  </rating>
  <reviews>
   27063
  </reviews>
 </clothing>
 <clothing>
  <id>
   835096955
  </id>
  <name>
   DC Jeans Z-3809
  </name>
  <category>
   Jeans
  </category>
  <size>
   XL
  </size>
  <color>
   Оранжевый
  </color>
  <material>
   Кожа
  </material>
  <price>
   790173
  </price>
  <rating>
   2.4
  </rating>
  <reviews>
   747212
  </reviews>
 </clothing>
</clothing-items>
