<?xml version="1.0" encoding="utf-8"?>
<clothing-items>
 <clothing>
  <id>
   774856885
  </id>
  <name>
   Adidas T-shirt J-2217
  </name>
  <category>
   T-shirt
  </category>
  <size>
   XL
  </size>
  <color>
   Зеленый
  </color>
  <material>
   Шерсть
  </material>
  <price>
   905784
  </price>
  <rating>
   1.28
  </rating>
  <reviews>
   532301
  </reviews>
  <new>
   -
  </new>
  <sporty>
   yes
  </sporty>
 </clothing>
 <clothing>
  <id>
   421008110
  </id>
  <name>
   Fila Pants M-7647
  </name>
  <category>
   Pants
  </category>
  <size>
   XL
  </size>
  <color>
   Голубой
  </color>
  <material>
   Кожа
  </material>
  <price>
   612013
  </price>
  <rating>
   4.74
  </rating>
  <reviews>
   686095
  </reviews>
  <new>
   +
  </new>
  <exclusive>
   no
  </exclusive>
  <sporty>
   no
  </sporty>
 </clothing>
 <clothing>
  <id>
   775167102
  </id>
  <name>
   Fila Shirt L-6843
  </name>
  <category>
   Shirt
  </category>
  <size>
   S
  </size>
  <color>
   Фиолетовый
  </color>
  <material>
   Лен
  </material>
  <price>
   929370
  </price>
  <rating>
   4.96
  </rating>
  <reviews>
   82663
  </reviews>
  <new>
   +
  </new>
  <exclusive>
   no
  </exclusive>
  <sporty>
   yes
  </sporty>
 </clothing>
 <clothing>
  <id>
   202319276
  </id>
  <name>
   Adidas Dress G-9492
  </name>
  <category>
   Dress
  </category>
  <size>
   L
  </size>
  <color>
   Красный
  </color>
  <material>
   Кожа
  </material>
  <price>
   717498
  </price>
  <rating>
   1.7
  </rating>
  <reviews>
   479462
  </reviews>
  <new>
   +
  </new>
  <exclusive>
   no
  </exclusive>
 </clothing>
 <clothing>
  <id>
   697505287
  </id>
  <name>
   Under Armour T-shirt T-4973
  </name>
  <category>
   T-shirt
  </category>
  <size>
   XXL
  </size>
  <color>
   Зеленый
  </color>
  <material>
   Полиэстер
  </material>
  <price>
   515025
  </price>
  <rating>
   3.48
  </rating>
  <reviews>
   463188
  </reviews>
 </clothing>
 <clothing>
  <id>
   798414241
  </id>
  <name>
   Asics Gloves H-4248
  </name>
  <category>
   Gloves
  </category>
  <size>
   XXL
  </size>
  <color>
   Оранжевый
  </color>
  <material>
   Вискоза
  </material>
  <price>
   335089
  </price>
  <rating>
   4.49
  </rating>
  <reviews>
   734439
  </reviews>
  <new>
   -
  </new>
  <exclusive>
   yes
  </exclusive>
  <sporty>
   no
  </sporty>
 </clothing>
 <clothing>
  <id>
   882221835
  </id>
  <name>
   Ellesse Pants Q-6431
  </name>
  <category>
   Pants
  </category>
  <size>
   XL
  </size>
  <color>
   Желтый
  </color>
  <material>
   Кожа
  </material>
  <price>
   216470
  </price>
  <rating>
   2.64
  </rating>
  <reviews>
   502837
  </reviews>
  <exclusive>
   no
  </exclusive>
 </clothing>
 <clothing>
  <id>
   387576571
  </id>
  <name>
   New Balance Skirt F-9988
  </name>
  <category>
   Skirt
  </category>
  <size>
   XXL
  </size>
  <color>
   Синий
  </color>
  <material>
   Лен
  </material>
  <price>
   714227
  </price>
  <rating>
   3.78
  </rating>
  <reviews>
   29512
  </reviews>
  <new>
   +
  </new>
 </clothing>
 <clothing>
  <id>
   207604118
  </id>
  <name>
   Addidas Belts V-7602
  </name>
  <category>
   Belts
  </category>
  <size>
   XXL
  </size>
  <color>
   Голубой
  </color>
  <material>
   Полиэстер
  </material>
  <price>
   974673
  </price>
  <rating>
   3.94
  </rating>
  <reviews>
   235783
  </reviews>
  <exclusive>
   no
  </exclusive>
 </clothing>
 <clothing>
  <id>
   694784821
  </id>
  <name>
   Lacoste Handbags H-8080
  </name>
  <category>
   Handbags
  </category>
  <size>
   XXL
  </size>
  <color>
   Фиолетовый
  </color>
  <material>
   Нейлон
  </material>
  <price>
   549943
  </price>
  <rating>
   3.87
  </rating>
  <reviews>
   306456
  </reviews>
  <new>
   +
  </new>
  <sporty>
   no
  </sporty>
 </clothing>
 <clothing>
  <id>
   704647548
  </id>
  <name>
   DC Hat T-4040
  </name>
  <category>
   Hat
  </category>
  <size>
   M
  </size>
  <color>
   Желтый
  </color>
  <material>
   Шерсть
  </material>
  <price>
   696654
  </price>
  <rating>
   2.32
  </rating>
  <reviews>
   594352
  </reviews>
  <new>
   +
  </new>
 </clothing>
 <clothing>
  <id>
   114557471
  </id>
  <name>
   Converse Belts E-4073
  </name>
  <category>
   Belts
  </category>
  <size>
   XXL
  </size>
  <color>
   Желтый
  </color>
  <material>
   Нейлон
  </material>
  <price>
   345494
  </price>
  <rating>
   3.19
  </rating>
  <reviews>
   276905
  </reviews>
  <new>
   -
  </new>
  <exclusive>
   no
  </exclusive>
  <sporty>
   yes
  </sporty>
 </clothing>
 <clothing>
  <id>
   978275497
  </id>
  <name>
   Lacoste Jacket K-4926
  </name>
  <category>
   Jacket
  </category>
  <size>
   XL
  </size>
  <color>
   Фиолетовый
  </color>
  <material>
   Шерсть
  </material>
  <price>
   743225
  </price>
  <rating>
   4.25
  </rating>
  <reviews>
   952096
  </reviews>
  <new>
   +
  </new>
  <exclusive>
   no
  </exclusive>
 </clothing>
 <clothing>
  <id>
   997262918
  </id>
  <name>
   Under Armour Skirt G-9999
  </name>
  <category>
   Skirt
  </category>
  <size>
   XXL
  </size>
  <color>
   Желтый
  </color>
  <material>
   Полиэстер
  </material>
  <price>
   847525
  </price>
  <rating>
   3.16
  </rating>
  <reviews>
   963638
  </reviews>
  <new>
   +
  </new>
  <exclusive>
   no
  </exclusive>
  <sporty>
   yes
  </sporty>
 </clothing>
 <clothing>
  <id>
   250235605
  </id>
  <name>
   Lacoste Skirt H-7492
  </name>
  <category>
   Skirt
  </category>
  <size>
   L
  </size>
  <color>
   Зеленый
  </color>
  <material>
   Лен
  </material>
  <price>
   115582
  </price>
  <rating>
   2.11
  </rating>
  <reviews>
   262846
  </reviews>
  <exclusive>
   no
  </exclusive>
  <sporty>
   no
  </sporty>
 </clothing>
 <clothing>
  <id>
   879301823
  </id>
  <name>
   Addidas Skirt F-4273
  </name>
  <category>
   Skirt
  </category>
  <size>
   XXL
  </size>
  <color>
   Фиолетовый
  </color>
  <material>
   Полиэстер
  </material>
  <price>
   900392
  </price>
  <rating>
   4.61
  </rating>
  <reviews>
   217534
  </reviews>
  <exclusive>
   yes
  </exclusive>
 </clothing>
 <clothing>
  <id>
   818179485
  </id>
  <name>
   Ellesse Sweater W-8801
  </name>
  <category>
   Sweater
  </category>
  <size>
   XL
  </size>
  <color>
   Синий
  </color>
  <material>
   Полиэстер
  </material>
  <price>
   616098
  </price>
  <rating>
   3.16
  </rating>
  <reviews>
   537512
  </reviews>
 </clothing>
 <clothing>
  <id>
   408285156
  </id>
  <name>
   Nike Belts Z-4519
  </name>
  <category>
   Belts
  </category>
  <size>
   XXL
  </size>
  <color>
   Синий
  </color>
  <material>
   Кожа
  </material>
  <price>
   230752
  </price>
  <rating>
   4.6
  </rating>
  <reviews>
   538859
  </reviews>
  <exclusive>
   yes
  </exclusive>
  <sporty>
   yes
  </sporty>
 </clothing>
 <clothing>
  <id>
   454215094
  </id>
  <name>
   PleinSport Jeans L-5214
  </name>
  <category>
   Jeans
  </category>
  <size>
   M
  </size>
  <color>
   Голубой
  </color>
  <material>
   Кожа
  </material>
  <price>
   885014
  </price>
  <rating>
   3.12
  </rating>
  <reviews>
   705677
  </reviews>
  <new>
   +
  </new>
  <sporty>
   yes
  </sporty>
 </clothing>
 <clothing>
  <id>
   630259870
  </id>
  <name>
   Converse Jacket O-2668
  </name>
  <category>
   Jacket
  </category>
  <size>
   XXL
  </size>
  <color>
   Оранжевый
  </color>
  <material>
   Полиэстер
  </material>
  <price>
   700685
  </price>
  <rating>
   1.22
  </rating>
  <reviews>
   635404
  </reviews>
  <exclusive>
   yes
  </exclusive>
 </clothing>
 <clothing>
  <id>
   198433643
  </id>
  <name>
   Addidas Belts G-8118
  </name>
  <category>
   Belts
  </category>
  <size>
   XL
  </size>
  <color>
   Красный
  </color>
  <material>
   Вискоза
  </material>
  <price>
   679056
  </price>
  <rating>
   4.48
  </rating>
  <reviews>
   804345
  </reviews>
  <exclusive>
   yes
  </exclusive>
 </clothing>
 <clothing>
  <id>
   397487476
  </id>
  <name>
   Asics Sweater F-9961
  </name>
  <category>
   Sweater
  </category>
  <size>
   XL
  </size>
  <color>
   Голубой
  </color>
  <material>
   Кожа
  </material>
  <price>
   329291
  </price>
  <rating>
   4.28
  </rating>
  <reviews>
   894431
  </reviews>
  <new>
   +
  </new>
  <sporty>
   yes
  </sporty>
 </clothing>
 <clothing>
  <id>
   183432066
  </id>
  <name>
   Addidas T-shirt O-8577
  </name>
  <category>
   T-shirt
  </category>
  <size>
   XXL
  </size>
  <color>
   Оранжевый
  </color>
  <material>
   Кожа
  </material>
  <price>
   458582
  </price>
  <rating>
   3.94
  </rating>
  <reviews>
   476723
  </reviews>
  <new>
   +
  </new>
  <sporty>
   yes
  </sporty>
 </clothing>
 <clothing>
  <id>
   775149403
  </id>
  <name>
   Reebok Jeans S-8279
  </name>
  <category>
   Jeans
  </category>
  <size>
   M
  </size>
  <color>
   Фиолетовый
  </color>
  <material>
   Полиэстер
  </material>
  <price>
   552406
  </price>
  <rating>
   3.1
  </rating>
  <reviews>
   779004
  </reviews>
  <sporty>
   no
  </sporty>
 </clothing>
 <clothing>
  <id>
   697209697
  </id>
  <name>
   Puma Blouse L-1858
  </name>
  <category>
   Blouse
  </category>
  <size>
   S
  </size>
  <color>
   Фиолетовый
  </color>
  <material>
   Хлопок
  </material>
  <price>
   164499
  </price>
  <rating>
   4.64
  </rating>
  <reviews>
   271333
  </reviews>
  <new>
   +
  </new>
  <sporty>
   yes
  </sporty>
 </clothing>
 <clothing>
  <id>
   752745883
  </id>
  <name>
   DC Shoes D-3611
  </name>
  <category>
   Shoes
  </category>
  <size>
   L
  </size>
  <color>
   Красный
  </color>
  <material>
   Полиэстер
  </material>
  <price>
   660111
  </price>
  <rating>
   4.71
  </rating>
  <reviews>
   686551
  </reviews>
  <exclusive>
   yes
  </exclusive>
 </clothing>
 <clothing>
  <id>
   576546606
  </id>
  <name>
   New Balance Belts S-7720
  </name>
  <category>
   Belts
  </category>
  <size>
   XL
  </size>
  <color>
   Оранжевый
  </color>
  <material>
   Шерсть
  </material>
  <price>
   777393
  </price>
  <rating>
   2.93
  </rating>
  <reviews>
   695988
  </reviews>
  <new>
   -
  </new>
  <sporty>
   yes
  </sporty>
 </clothing>
 <clothing>
  <id>
   748187649
  </id>
  <name>
   Vans Umbrellas R-1074
  </name>
  <category>
   Umbrellas
  </category>
  <size>
   L
  </size>
  <color>
   Красный
  </color>
  <material>
   Хлопок
  </material>
  <price>
   699668
  </price>
  <rating>
   1.3
  </rating>
  <reviews>
   887549
  </reviews>
  <new>
   -
  </new>
  <exclusive>
   no
  </exclusive>
  <sporty>
   yes
  </sporty>
 </clothing>
 <clothing>
  <id>
   971411581
  </id>
  <name>
   New Balance Skirt F-8317
  </name>
  <category>
   Skirt
  </category>
  <size>
   L
  </size>
  <color>
   Желтый
  </color>
  <material>
   Шерсть
  </material>
  <price>
   793239
  </price>
  <rating>
   1.88
  </rating>
  <reviews>
   928824
  </reviews>
  <new>
   -
  </new>
  <sporty>
   no
  </sporty>
 </clothing>
 <clothing>
  <id>
   600850015
  </id>
  <name>
   Converse Sweater V-5625
  </name>
  <category>
   Sweater
  </category>
  <size>
   L
  </size>
  <color>
   Красный
  </color>
  <material>
   Шелк
  </material>
  <price>
   347698
  </price>
  <rating>
   3.43
  </rating>
  <reviews>
   768583
  </reviews>
  <exclusive>
   yes
  </exclusive>
 </clothing>
 <clothing>
  <id>
   124100833
  </id>
  <name>
   Addidas Socks B-1447
  </name>
  <category>
   Socks
  </category>
  <size>
   M
  </size>
  <color>
   Голубой
  </color>
  <material>
   Хлопок
  </material>
  <price>
   247899
  </price>
  <rating>
   2.49
  </rating>
  <reviews>
   540070
  </reviews>
  <new>
   +
  </new>
  <sporty>
   yes
  </sporty>
 </clothing>
 <clothing>
  <id>
   719484610
  </id>
  <name>
   DC Jacket L-9398
  </name>
  <category>
   Jacket
  </category>
  <size>
   XXL
  </size>
  <color>
   Фиолетовый
  </color>
  <material>
   Кожа
  </material>
  <price>
   486548
  </price>
  <rating>
   2.74
  </rating>
  <reviews>
   292381
  </reviews>
  <new>
   -
  </new>
  <exclusive>
   no
  </exclusive>
 </clothing>
 <clothing>
  <id>
   576826011
  </id>
  <name>
   Adidas Jeans Q-7098
  </name>
  <category>
   Jeans
  </category>
  <size>
   S
  </size>
  <color>
   Красный
  </color>
  <material>
   Хлопок
  </material>
  <price>
   507381
  </price>
  <rating>
   3.28
  </rating>
  <reviews>
   626780
  </reviews>
  <new>
   -
  </new>
  <exclusive>
   no
  </exclusive>
  <sporty>
   no
  </sporty>
 </clothing>
 <clothing>
  <id>
   173381690
  </id>
  <name>
   Fila Sweater V-8563
  </name>
  <category>
   Sweater
  </category>
  <size>
   XXL
  </size>
  <color>
   Оранжевый
  </color>
  <material>
   Полиэстер
  </material>
  <price>
   969218
  </price>
  <rating>
   1.16
  </rating>
  <reviews>
   482190
  </reviews>
  <exclusive>
   no
  </exclusive>
  <sporty>
   no
  </sporty>
 </clothing>
 <clothing>
  <id>
   588247511
  </id>
  <name>
   Lacoste Jacket R-9326
  </name>
  <category>
   Jacket
  </category>
  <size>
   S
  </size>
  <color>
   Синий
  </color>
  <material>
   Вискоза
  </material>
  <price>
   393429
  </price>
  <rating>
   3.46
  </rating>
  <reviews>
   87391
  </reviews>
 </clothing>
 <clothing>
  <id>
   301099007
  </id>
  <name>
   Adidas Sweater L-1433
  </name>
  <category>
   Sweater
  </category>
  <size>
   XXL
  </size>
  <color>
   Желтый
  </color>
  <material>
   Шелк
  </material>
  <price>
   361717
  </price>
  <rating>
   4.74
  </rating>
  <reviews>
   132312
  </reviews>
  <new>
   -
  </new>
  <sporty>
   yes
  </sporty>
 </clothing>
 <clothing>
  <id>
   684695891
  </id>
  <name>
   Puma Skirt D-5111
  </name>
  <category>
   Skirt
  </category>
  <size>
   L
  </size>
  <color>
   Голубой
  </color>
  <material>
   Полиэстер
  </material>
  <price>
   600379
  </price>
  <rating>
   4.95
  </rating>
  <reviews>
   588450
  </reviews>
  <new>
   -
  </new>
  <exclusive>
   no
  </exclusive>
 </clothing>
 <clothing>
  <id>
   629238314
  </id>
  <name>
   DC Skirt H-5976
  </name>
  <category>
   Skirt
  </category>
  <size>
   L
  </size>
  <color>
   Фиолетовый
  </color>
  <material>
   Полиэстер
  </material>
  <price>
   699606
  </price>
  <rating>
   1.32
  </rating>
  <reviews>
   471936
  </reviews>
  <new>
   +
  </new>
  <exclusive>
   no
  </exclusive>
 </clothing>
 <clothing>
  <id>
   259985388
  </id>
  <name>
   Nike Blouse N-9688
  </name>
  <category>
   Blouse
  </category>
  <size>
   XL
  </size>
  <color>
   Красный
  </color>
  <material>
   Полиэстер
  </material>
  <price>
   120148
  </price>
  <rating>
   3.91
  </rating>
  <reviews>
   109924
  </reviews>
  <new>
   -
  </new>
 </clothing>
 <clothing>
  <id>
   596213600
  </id>
  <name>
   Brooks Jeans L-2935
  </name>
  <category>
   Jeans
  </category>
  <size>
   XL
  </size>
  <color>
   Зеленый
  </color>
  <material>
   Шелк
  </material>
  <price>
   500740
  </price>
  <rating>
   4.22
  </rating>
  <reviews>
   72728
  </reviews>
  <new>
   +
  </new>
  <exclusive>
   no
  </exclusive>
  <sporty>
   yes
  </sporty>
 </clothing>
 <clothing>
  <id>
   698318409
  </id>
  <name>
   Reebok Socks A-7685
  </name>
  <category>
   Socks
  </category>
  <size>
   M
  </size>
  <color>
   Синий
  </color>
  <material>
   Шерсть
  </material>
  <price>
   434911
  </price>
  <rating>
   3.48
  </rating>
  <reviews>
   642961
  </reviews>
  <sporty>
   yes
  </sporty>
 </clothing>
 <clothing>
  <id>
   834444026
  </id>
  <name>
   Converse Blouse H-6682
  </name>
  <category>
   Blouse
  </category>
  <size>
   S
  </size>
  <color>
   Синий
  </color>
  <material>
   Хлопок
  </material>
  <price>
   916114
  </price>
  <rating>
   3.71
  </rating>
  <reviews>
   422759
  </reviews>
  <exclusive>
   yes
  </exclusive>
  <sporty>
   yes
  </sporty>
 </clothing>
 <clothing>
  <id>
   168130618
  </id>
  <name>
   PleinSport Sweater Q-3066
  </name>
  <category>
   Sweater
  </category>
  <size>
   L
  </size>
  <color>
   Синий
  </color>
  <material>
   Шелк
  </material>
  <price>
   577079
  </price>
  <rating>
   2.05
  </rating>
  <reviews>
   235109
  </reviews>
  <new>
   +
  </new>
  <exclusive>
   yes
  </exclusive>
  <sporty>
   no
  </sporty>
 </clothing>
</clothing-items>
