<?xml version="1.0" encoding="utf-8"?>
<clothing-items>
 <clothing>
  <id>
   951585252
  </id>
  <name>
   Brooks Jeans O-1783
  </name>
  <category>
   Jeans
  </category>
  <size>
   XL
  </size>
  <color>
   Оранжевый
  </color>
  <material>
   Шерсть
  </material>
  <price>
   563103
  </price>
  <rating>
   2.88
  </rating>
  <reviews>
   870342
  </reviews>
  <new>
   +
  </new>
  <sporty>
   yes
  </sporty>
 </clothing>
 <clothing>
  <id>
   695726491
  </id>
  <name>
   Lacoste Skirt V-1437
  </name>
  <category>
   Skirt
  </category>
  <size>
   XL
  </size>
  <color>
   Зеленый
  </color>
  <material>
   Вискоза
  </material>
  <price>
   822589
  </price>
  <rating>
   1.26
  </rating>
  <reviews>
   149412
  </reviews>
  <exclusive>
   no
  </exclusive>
  <sporty>
   yes
  </sporty>
 </clothing>
 <clothing>
  <id>
   779016672
  </id>
  <name>
   Nike T-shirt O-7803
  </name>
  <category>
   T-shirt
  </category>
  <size>
   L
  </size>
  <color>
   Зеленый
  </color>
  <material>
   Лен
  </material>
  <price>
   986726
  </price>
  <rating>
   1.14
  </rating>
  <reviews>
   906380
  </reviews>
  <new>
   +
  </new>
  <sporty>
   no
  </sporty>
 </clothing>
 <clothing>
  <id>
   484303146
  </id>
  <name>
   Ellesse T-shirt P-7210
  </name>
  <category>
   T-shirt
  </category>
  <size>
   L
  </size>
  <color>
   Красный
  </color>
  <material>
   Полиэстер
  </material>
  <price>
   167383
  </price>
  <rating>
   4.03
  </rating>
  <reviews>
   341244
  </reviews>
 </clothing>
 <clothing>
  <id>
   157860004
  </id>
  <name>
   Addidas Shoes I-8830
  </name>
  <category>
   Shoes
  </category>
  <size>
   XL
  </size>
  <color>
   Фиолетовый
  </color>
  <material>
   Шерсть
  </material>
  <price>
   145597
  </price>
  <rating>
   2.81
  </rating>
  <reviews>
   777926
  </reviews>
  <exclusive>
   no
  </exclusive>
 </clothing>
 <clothing>
  <id>
   654874459
  </id>
  <name>
   Adidas Jacket W-1277
  </name>
  <category>
   Jacket
  </category>
  <size>
   XXL
  </size>
  <color>
   Красный
  </color>
  <material>
   Кожа
  </material>
  <price>
   321084
  </price>
  <rating>
   2.61
  </rating>
  <reviews>
   850358
  </reviews>
  <new>
   -
  </new>
  <sporty>
   no
  </sporty>
 </clothing>
 <clothing>
  <id>
   991910745
  </id>
  <name>
   Addidas Jacket W-8755
  </name>
  <category>
   Jacket
  </category>
  <size>
   M
  </size>
  <color>
   Желтый
  </color>
  <material>
   Хлопок
  </material>
  <price>
   808300
  </price>
  <rating>
   4.35
  </rating>
  <reviews>
   88299
  </reviews>
  <new>
   -
  </new>
  <exclusive>
   no
  </exclusive>
  <sporty>
   yes
  </sporty>
 </clothing>
 <clothing>
  <id>
   249264155
  </id>
  <name>
   Lacoste Handbags H-2147
  </name>
  <category>
   Handbags
  </category>
  <size>
   M
  </size>
  <color>
   Зеленый
  </color>
  <material>
   Полиэстер
  </material>
  <price>
   998999
  </price>
  <rating>
   1.23
  </rating>
  <reviews>
   709423
  </reviews>
  <exclusive>
   no
  </exclusive>
  <sporty>
   no
  </sporty>
 </clothing>
 <clothing>
  <id>
   554626590
  </id>
  <name>
   PleinSport Gloves L-2296
  </name>
  <category>
   Gloves
  </category>
  <size>
   L
  </size>
  <color>
   Фиолетовый
  </color>
  <material>
   Лен
  </material>
  <price>
   240256
  </price>
  <rating>
   4.24
  </rating>
  <reviews>
   580661
  </reviews>
  <exclusive>
   yes
  </exclusive>
 </clothing>
 <clothing>
  <id>
   954453280
  </id>
  <name>
   Reebok Pants D-3066
  </name>
  <category>
   Pants
  </category>
  <size>
   XXL
  </size>
  <color>
   Красный
  </color>
  <material>
   Кожа
  </material>
  <price>
   350384
  </price>
  <rating>
   1.97
  </rating>
  <reviews>
   337065
  </reviews>
  <new>
   +
  </new>
  <exclusive>
   yes
  </exclusive>
 </clothing>
 <clothing>
  <id>
   242053083
  </id>
  <name>
   DC Belts B-7906
  </name>
  <category>
   Belts
  </category>
  <size>
   XXL
  </size>
  <color>
   Желтый
  </color>
  <material>
   Шерсть
  </material>
  <price>
   512762
  </price>
  <rating>
   3.12
  </rating>
  <reviews>
   174603
  </reviews>
  <new>
   -
  </new>
  <exclusive>
   no
  </exclusive>
  <sporty>
   yes
  </sporty>
 </clothing>
 <clothing>
  <id>
   512469138
  </id>
  <name>
   Fila Blouse H-5768
  </name>
  <category>
   Blouse
  </category>
  <size>
   XXL
  </size>
  <color>
   Оранжевый
  </color>
  <material>
   Шелк
  </material>
  <price>
   119668
  </price>
  <rating>
   4.49
  </rating>
  <reviews>
   991514
  </reviews>
  <sporty>
   no
  </sporty>
 </clothing>
 <clothing>
  <id>
   479206320
  </id>
  <name>
   Asics Belts G-1610
  </name>
  <category>
   Belts
  </category>
  <size>
   XXL
  </size>
  <color>
   Синий
  </color>
  <material>
   Хлопок
  </material>
  <price>
   502685
  </price>
  <rating>
   3.16
  </rating>
  <reviews>
   962801
  </reviews>
 </clothing>
 <clothing>
  <id>
   837782901
  </id>
  <name>
   Fila Hat K-1797
  </name>
  <category>
   Hat
  </category>
  <size>
   XXL
  </size>
  <color>
   Красный
  </color>
  <material>
   Кожа
  </material>
  <price>
   790199
  </price>
  <rating>
   4.51
  </rating>
  <reviews>
   221281
  </reviews>
  <new>
   +
  </new>
  <sporty>
   no
  </sporty>
 </clothing>
 <clothing>
  <id>
   470856252
  </id>
  <name>
   Adidas Belts L-8659
  </name>
  <category>
   Belts
  </category>
  <size>
   XL
  </size>
  <color>
   Синий
  </color>
  <material>
   Шерсть
  </material>
  <price>
   435655
  </price>
  <rating>
   1.24
  </rating>
  <reviews>
   621839
  </reviews>
  <new>
   +
  </new>
  <exclusive>
   yes
  </exclusive>
  <sporty>
   no
  </sporty>
 </clothing>
 <clothing>
  <id>
   304250582
  </id>
  <name>
   Addidas Handbags O-1352
  </name>
  <category>
   Handbags
  </category>
  <size>
   XXL
  </size>
  <color>
   Красный
  </color>
  <material>
   Шелк
  </material>
  <price>
   960412
  </price>
  <rating>
   4.34
  </rating>
  <reviews>
   421866
  </reviews>
  <new>
   -
  </new>
 </clothing>
 <clothing>
  <id>
   524948782
  </id>
  <name>
   New Balance Skirt E-2267
  </name>
  <category>
   Skirt
  </category>
  <size>
   L
  </size>
  <color>
   Голубой
  </color>
  <material>
   Вискоза
  </material>
  <price>
   276820
  </price>
  <rating>
   2.05
  </rating>
  <reviews>
   209057
  </reviews>
  <new>
   -
  </new>
  <exclusive>
   no
  </exclusive>
  <sporty>
   no
  </sporty>
 </clothing>
 <clothing>
  <id>
   388481622
  </id>
  <name>
   Adidas Blouse N-7887
  </name>
  <category>
   Blouse
  </category>
  <size>
   XXL
  </size>
  <color>
   Синий
  </color>
  <material>
   Нейлон
  </material>
  <price>
   433814
  </price>
  <rating>
   4.63
  </rating>
  <reviews>
   767034
  </reviews>
  <sporty>
   no
  </sporty>
 </clothing>
 <clothing>
  <id>
   933752371
  </id>
  <name>
   Brooks T-shirt B-4399
  </name>
  <category>
   T-shirt
  </category>
  <size>
   M
  </size>
  <color>
   Зеленый
  </color>
  <material>
   Шелк
  </material>
  <price>
   616711
  </price>
  <rating>
   1.99
  </rating>
  <reviews>
   554301
  </reviews>
  <new>
   -
  </new>
  <exclusive>
   no
  </exclusive>
  <sporty>
   no
  </sporty>
 </clothing>
 <clothing>
  <id>
   783639299
  </id>
  <name>
   Puma Blouse Z-7241
  </name>
  <category>
   Blouse
  </category>
  <size>
   XXL
  </size>
  <color>
   Красный
  </color>
  <material>
   Вискоза
  </material>
  <price>
   291017
  </price>
  <rating>
   3.75
  </rating>
  <reviews>
   338275
  </reviews>
  <exclusive>
   no
  </exclusive>
 </clothing>
 <clothing>
  <id>
   405478029
  </id>
  <name>
   Brooks Skirt S-3661
  </name>
  <category>
   Skirt
  </category>
  <size>
   XL
  </size>
  <color>
   Фиолетовый
  </color>
  <material>
   Кожа
  </material>
  <price>
   653827
  </price>
  <rating>
   2.05
  </rating>
  <reviews>
   716038
  </reviews>
  <new>
   -
  </new>
  <exclusive>
   no
  </exclusive>
  <sporty>
   no
  </sporty>
 </clothing>
 <clothing>
  <id>
   803609109
  </id>
  <name>
   Puma Skirt O-7313
  </name>
  <category>
   Skirt
  </category>
  <size>
   S
  </size>
  <color>
   Зеленый
  </color>
  <material>
   Лен
  </material>
  <price>
   163390
  </price>
  <rating>
   1.14
  </rating>
  <reviews>
   661873
  </reviews>
  <new>
   -
  </new>
 </clothing>
 <clothing>
  <id>
   113046189
  </id>
  <name>
   Addidas Shoes F-2467
  </name>
  <category>
   Shoes
  </category>
  <size>
   L
  </size>
  <color>
   Красный
  </color>
  <material>
   Нейлон
  </material>
  <price>
   105971
  </price>
  <rating>
   3.83
  </rating>
  <reviews>
   243079
  </reviews>
  <new>
   -
  </new>
  <exclusive>
   no
  </exclusive>
 </clothing>
 <clothing>
  <id>
   713107202
  </id>
  <name>
   Lacoste Umbrellas Z-6120
  </name>
  <category>
   Umbrellas
  </category>
  <size>
   L
  </size>
  <color>
   Желтый
  </color>
  <material>
   Шелк
  </material>
  <price>
   547148
  </price>
  <rating>
   4.53
  </rating>
  <reviews>
   845383
  </reviews>
  <new>
   -
  </new>
  <exclusive>
   no
  </exclusive>
 </clothing>
 <clothing>
  <id>
   347810395
  </id>
  <name>
   Vans Gloves D-5421
  </name>
  <category>
   Gloves
  </category>
  <size>
   S
  </size>
  <color>
   Голубой
  </color>
  <material>
   Полиэстер
  </material>
  <price>
   317746
  </price>
  <rating>
   2.28
  </rating>
  <reviews>
   7329
  </reviews>
  <new>
   -
  </new>
  <exclusive>
   yes
  </exclusive>
  <sporty>
   no
  </sporty>
 </clothing>
 <clothing>
  <id>
   441168761
  </id>
  <name>
   Addidas T-shirt H-7001
  </name>
  <category>
   T-shirt
  </category>
  <size>
   S
  </size>
  <color>
   Красный
  </color>
  <material>
   Полиэстер
  </material>
  <price>
   432287
  </price>
  <rating>
   2.0
  </rating>
  <reviews>
   809334
  </reviews>
  <new>
   -
  </new>
  <exclusive>
   yes
  </exclusive>
  <sporty>
   no
  </sporty>
 </clothing>
 <clothing>
  <id>
   565293058
  </id>
  <name>
   Reebok Gloves H-2581
  </name>
  <category>
   Gloves
  </category>
  <size>
   S
  </size>
  <color>
   Оранжевый
  </color>
  <material>
   Шерсть
  </material>
  <price>
   925851
  </price>
  <rating>
   2.47
  </rating>
  <reviews>
   319221
  </reviews>
  <new>
   -
  </new>
  <exclusive>
   yes
  </exclusive>
 </clothing>
 <clothing>
  <id>
   952106456
  </id>
  <name>
   Brooks Blouse N-9181
  </name>
  <category>
   Blouse
  </category>
  <size>
   M
  </size>
  <color>
   Зеленый
  </color>
  <material>
   Хлопок
  </material>
  <price>
   649334
  </price>
  <rating>
   2.41
  </rating>
  <reviews>
   401253
  </reviews>
  <exclusive>
   no
  </exclusive>
  <sporty>
   no
  </sporty>
 </clothing>
 <clothing>
  <id>
   982574496
  </id>
  <name>
   Vans Umbrellas R-3984
  </name>
  <category>
   Umbrellas
  </category>
  <size>
   XL
  </size>
  <color>
   Желтый
  </color>
  <material>
   Шерсть
  </material>
  <price>
   573285
  </price>
  <rating>
   1.59
  </rating>
  <reviews>
   716821
  </reviews>
  <new>
   +
  </new>
 </clothing>
 <clothing>
  <id>
   588725754
  </id>
  <name>
   Reebok Handbags D-3713
  </name>
  <category>
   Handbags
  </category>
  <size>
   M
  </size>
  <color>
   Желтый
  </color>
  <material>
   Полиэстер
  </material>
  <price>
   815652
  </price>
  <rating>
   1.83
  </rating>
  <reviews>
   915456
  </reviews>
  <exclusive>
   no
  </exclusive>
  <sporty>
   yes
  </sporty>
 </clothing>
 <clothing>
  <id>
   505432342
  </id>
  <name>
   Asics Hat Y-8709
  </name>
  <category>
   Hat
  </category>
  <size>
   L
  </size>
  <color>
   Синий
  </color>
  <material>
   Хлопок
  </material>
  <price>
   327748
  </price>
  <rating>
   3.84
  </rating>
  <reviews>
   994580
  </reviews>
  <exclusive>
   yes
  </exclusive>
  <sporty>
   no
  </sporty>
 </clothing>
 <clothing>
  <id>
   516914192
  </id>
  <name>
   New Balance Jeans F-3695
  </name>
  <category>
   Jeans
  </category>
  <size>
   XL
  </size>
  <color>
   Зеленый
  </color>
  <material>
   Шерсть
  </material>
  <price>
   396246
  </price>
  <rating>
   2.2
  </rating>
  <reviews>
   877980
  </reviews>
  <new>
   +
  </new>
  <exclusive>
   no
  </exclusive>
  <sporty>
   yes
  </sporty>
 </clothing>
 <clothing>
  <id>
   716076530
  </id>
  <name>
   Puma Hat X-3269
  </name>
  <category>
   Hat
  </category>
  <size>
   XXL
  </size>
  <color>
   Голубой
  </color>
  <material>
   Лен
  </material>
  <price>
   778764
  </price>
  <rating>
   2.31
  </rating>
  <reviews>
   629424
  </reviews>
  <new>
   -
  </new>
  <exclusive>
   yes
  </exclusive>
  <sporty>
   yes
  </sporty>
 </clothing>
 <clothing>
  <id>
   304392676
  </id>
  <name>
   Fila Pants K-7795
  </name>
  <category>
   Pants
  </category>
  <size>
   XXL
  </size>
  <color>
   Оранжевый
  </color>
  <material>
   Шерсть
  </material>
  <price>
   767350
  </price>
  <rating>
   2.32
  </rating>
  <reviews>
   484182
  </reviews>
  <new>
   -
  </new>
  <sporty>
   no
  </sporty>
 </clothing>
 <clothing>
  <id>
   821605077
  </id>
  <name>
   Vans Jeans T-6701
  </name>
  <category>
   Jeans
  </category>
  <size>
   XXL
  </size>
  <color>
   Красный
  </color>
  <material>
   Полиэстер
  </material>
  <price>
   697393
  </price>
  <rating>
   3.97
  </rating>
  <reviews>
   926489
  </reviews>
  <new>
   -
  </new>
  <exclusive>
   no
  </exclusive>
  <sporty>
   yes
  </sporty>
 </clothing>
 <clothing>
  <id>
   337963217
  </id>
  <name>
   Adidas Sweater F-3173
  </name>
  <category>
   Sweater
  </category>
  <size>
   XL
  </size>
  <color>
   Красный
  </color>
  <material>
   Шелк
  </material>
  <price>
   982909
  </price>
  <rating>
   1.26
  </rating>
  <reviews>
   522845
  </reviews>
  <sporty>
   yes
  </sporty>
 </clothing>
 <clothing>
  <id>
   498249477
  </id>
  <name>
   Converse Hat V-5648
  </name>
  <category>
   Hat
  </category>
  <size>
   M
  </size>
  <color>
   Красный
  </color>
  <material>
   Шерсть
  </material>
  <price>
   576528
  </price>
  <rating>
   4.87
  </rating>
  <reviews>
   313478
  </reviews>
 </clothing>
 <clothing>
  <id>
   355990270
  </id>
  <name>
   Addidas Pants I-7776
  </name>
  <category>
   Pants
  </category>
  <size>
   L
  </size>
  <color>
   Оранжевый
  </color>
  <material>
   Полиэстер
  </material>
  <price>
   657705
  </price>
  <rating>
   2.68
  </rating>
  <reviews>
   406073
  </reviews>
  <new>
   +
  </new>
  <exclusive>
   yes
  </exclusive>
 </clothing>
 <clothing>
  <id>
   890019885
  </id>
  <name>
   Vans Socks B-5305
  </name>
  <category>
   Socks
  </category>
  <size>
   M
  </size>
  <color>
   Желтый
  </color>
  <material>
   Кожа
  </material>
  <price>
   494376
  </price>
  <rating>
   4.67
  </rating>
  <reviews>
   114049
  </reviews>
  <new>
   -
  </new>
  <sporty>
   no
  </sporty>
 </clothing>
 <clothing>
  <id>
   467258531
  </id>
  <name>
   Fila Jeans A-1303
  </name>
  <category>
   Jeans
  </category>
  <size>
   M
  </size>
  <color>
   Оранжевый
  </color>
  <material>
   Полиэстер
  </material>
  <price>
   318592
  </price>
  <rating>
   3.8
  </rating>
  <reviews>
   995356
  </reviews>
  <exclusive>
   no
  </exclusive>
 </clothing>
 <clothing>
  <id>
   521180432
  </id>
  <name>
   Adidas Socks L-1046
  </name>
  <category>
   Socks
  </category>
  <size>
   L
  </size>
  <color>
   Фиолетовый
  </color>
  <material>
   Хлопок
  </material>
  <price>
   222562
  </price>
  <rating>
   1.71
  </rating>
  <reviews>
   286879
  </reviews>
  <new>
   -
  </new>
  <sporty>
   no
  </sporty>
 </clothing>
 <clothing>
  <id>
   976887138
  </id>
  <name>
   PleinSport Sweater Q-3746
  </name>
  <category>
   Sweater
  </category>
  <size>
   S
  </size>
  <color>
   Зеленый
  </color>
  <material>
   Лен
  </material>
  <price>
   233910
  </price>
  <rating>
   3.18
  </rating>
  <reviews>
   460174
  </reviews>
  <new>
   -
  </new>
  <sporty>
   no
  </sporty>
 </clothing>
 <clothing>
  <id>
   813649189
  </id>
  <name>
   Nike Hat N-7144
  </name>
  <category>
   Hat
  </category>
  <size>
   XXL
  </size>
  <color>
   Синий
  </color>
  <material>
   Шелк
  </material>
  <price>
   855655
  </price>
  <rating>
   2.95
  </rating>
  <reviews>
   960762
  </reviews>
 </clothing>
 <clothing>
  <id>
   555818425
  </id>
  <name>
   Puma Belts M-2326
  </name>
  <category>
   Belts
  </category>
  <size>
   M
  </size>
  <color>
   Желтый
  </color>
  <material>
   Вискоза
  </material>
  <price>
   623621
  </price>
  <rating>
   4.37
  </rating>
  <reviews>
   527482
  </reviews>
  <new>
   -
  </new>
  <sporty>
   yes
  </sporty>
 </clothing>
 <clothing>
  <id>
   888212245
  </id>
  <name>
   Addidas Pants P-7524
  </name>
  <category>
   Pants
  </category>
  <size>
   S
  </size>
  <color>
   Желтый
  </color>
  <material>
   Полиэстер
  </material>
  <price>
   679551
  </price>
  <rating>
   2.46
  </rating>
  <reviews>
   375596
  </reviews>
  <exclusive>
   no
  </exclusive>
 </clothing>
</clothing-items>
