<?xml version="1.0" encoding="utf-8"?>
<clothing-items>
 <clothing>
  <id>
   533067618
  </id>
  <name>
   Converse Dress P-5047
  </name>
  <category>
   Dress
  </category>
  <size>
   S
  </size>
  <color>
   Фиолетовый
  </color>
  <material>
   Нейлон
  </material>
  <price>
   471303
  </price>
  <rating>
   3.35
  </rating>
  <reviews>
   695194
  </reviews>
  <exclusive>
   yes
  </exclusive>
 </clothing>
 <clothing>
  <id>
   867782916
  </id>
  <name>
   Fila Gloves Z-9002
  </name>
  <category>
   Gloves
  </category>
  <size>
   M
  </size>
  <color>
   Оранжевый
  </color>
  <material>
   Лен
  </material>
  <price>
   275775
  </price>
  <rating>
   4.38
  </rating>
  <reviews>
   836397
  </reviews>
  <exclusive>
   no
  </exclusive>
 </clothing>
 <clothing>
  <id>
   952157530
  </id>
  <name>
   Vans Shirt Y-2713
  </name>
  <category>
   Shirt
  </category>
  <size>
   M
  </size>
  <color>
   Голубой
  </color>
  <material>
   Вискоза
  </material>
  <price>
   430437
  </price>
  <rating>
   3.04
  </rating>
  <reviews>
   683068
  </reviews>
  <new>
   +
  </new>
 </clothing>
 <clothing>
  <id>
   654493847
  </id>
  <name>
   Vans Jacket H-4745
  </name>
  <category>
   Jacket
  </category>
  <size>
   XXL
  </size>
  <color>
   Синий
  </color>
  <material>
   Шелк
  </material>
  <price>
   608929
  </price>
  <rating>
   3.67
  </rating>
  <reviews>
   566708
  </reviews>
  <new>
   +
  </new>
  <exclusive>
   yes
  </exclusive>
 </clothing>
 <clothing>
  <id>
   957179130
  </id>
  <name>
   Ellesse T-shirt G-4904
  </name>
  <category>
   T-shirt
  </category>
  <size>
   M
  </size>
  <color>
   Красный
  </color>
  <material>
   Шерсть
  </material>
  <price>
   278022
  </price>
  <rating>
   3.61
  </rating>
  <reviews>
   196902
  </reviews>
  <new>
   -
  </new>
 </clothing>
 <clothing>
  <id>
   365325677
  </id>
  <name>
   Adidas Dress K-3284
  </name>
  <category>
   Dress
  </category>
  <size>
   M
  </size>
  <color>
   Желтый
  </color>
  <material>
   Шерсть
  </material>
  <price>
   437862
  </price>
  <rating>
   2.2
  </rating>
  <reviews>
   713024
  </reviews>
  <new>
   -
  </new>
  <exclusive>
   no
  </exclusive>
 </clothing>
 <clothing>
  <id>
   568866147
  </id>
  <name>
   Fila Dress G-7988
  </name>
  <category>
   Dress
  </category>
  <size>
   S
  </size>
  <color>
   Синий
  </color>
  <material>
   Шерсть
  </material>
  <price>
   704584
  </price>
  <rating>
   3.6
  </rating>
  <reviews>
   419458
  </reviews>
  <new>
   -
  </new>
 </clothing>
 <clothing>
  <id>
   704757494
  </id>
  <name>
   Lacoste Socks M-9419
  </name>
  <category>
   Socks
  </category>
  <size>
   XXL
  </size>
  <color>
   Оранжевый
  </color>
  <material>
   Кожа
  </material>
  <price>
   147354
  </price>
  <rating>
   4.58
  </rating>
  <reviews>
   560615
  </reviews>
  <exclusive>
   yes
  </exclusive>
 </clothing>
 <clothing>
  <id>
   533753392
  </id>
  <name>
   Adidas Shirt I-5528
  </name>
  <category>
   Shirt
  </category>
  <size>
   XL
  </size>
  <color>
   Фиолетовый
  </color>
  <material>
   Нейлон
  </material>
  <price>
   902486
  </price>
  <rating>
   3.52
  </rating>
  <reviews>
   945195
  </reviews>
  <new>
   -
  </new>
  <exclusive>
   no
  </exclusive>
  <sporty>
   no
  </sporty>
 </clothing>
 <clothing>
  <id>
   549284563
  </id>
  <name>
   Converse Skirt M-4344
  </name>
  <category>
   Skirt
  </category>
  <size>
   L
  </size>
  <color>
   Желтый
  </color>
  <material>
   Кожа
  </material>
  <price>
   695492
  </price>
  <rating>
   4.36
  </rating>
  <reviews>
   131456
  </reviews>
  <new>
   -
  </new>
  <exclusive>
   no
  </exclusive>
  <sporty>
   no
  </sporty>
 </clothing>
 <clothing>
  <id>
   132374838
  </id>
  <name>
   Nike Jeans S-8557
  </name>
  <category>
   Jeans
  </category>
  <size>
   L
  </size>
  <color>
   Синий
  </color>
  <material>
   Кожа
  </material>
  <price>
   280415
  </price>
  <rating>
   3.12
  </rating>
  <reviews>
   336692
  </reviews>
 </clothing>
 <clothing>
  <id>
   930333923
  </id>
  <name>
   Addidas Jeans L-6732
  </name>
  <category>
   Jeans
  </category>
  <size>
   L
  </size>
  <color>
   Синий
  </color>
  <material>
   Полиэстер
  </material>
  <price>
   531641
  </price>
  <rating>
   4.24
  </rating>
  <reviews>
   189399
  </reviews>
  <exclusive>
   no
  </exclusive>
  <sporty>
   no
  </sporty>
 </clothing>
 <clothing>
  <id>
   295448028
  </id>
  <name>
   Addidas Belts B-8297
  </name>
  <category>
   Belts
  </category>
  <size>
   XL
  </size>
  <color>
   Оранжевый
  </color>
  <material>
   Кожа
  </material>
  <price>
   533520
  </price>
  <rating>
   1.5
  </rating>
  <reviews>
   712540
  </reviews>
  <exclusive>
   yes
  </exclusive>
  <sporty>
   no
  </sporty>
 </clothing>
 <clothing>
  <id>
   773380187
  </id>
  <name>
   PleinSport Jeans K-3188
  </name>
  <category>
   Jeans
  </category>
  <size>
   L
  </size>
  <color>
   Красный
  </color>
  <material>
   Лен
  </material>
  <price>
   588861
  </price>
  <rating>
   1.35
  </rating>
  <reviews>
   132964
  </reviews>
  <exclusive>
   no
  </exclusive>
  <sporty>
   yes
  </sporty>
 </clothing>
 <clothing>
  <id>
   215337251
  </id>
  <name>
   Vans Jacket I-3945
  </name>
  <category>
   Jacket
  </category>
  <size>
   M
  </size>
  <color>
   Желтый
  </color>
  <material>
   Хлопок
  </material>
  <price>
   127853
  </price>
  <rating>
   1.36
  </rating>
  <reviews>
   662599
  </reviews>
  <new>
   +
  </new>
  <exclusive>
   yes
  </exclusive>
  <sporty>
   no
  </sporty>
 </clothing>
 <clothing>
  <id>
   107827263
  </id>
  <name>
   Nike Umbrellas O-2263
  </name>
  <category>
   Umbrellas
  </category>
  <size>
   M
  </size>
  <color>
   Синий
  </color>
  <material>
   Хлопок
  </material>
  <price>
   315430
  </price>
  <rating>
   2.49
  </rating>
  <reviews>
   142782
  </reviews>
  <new>
   -
  </new>
 </clothing>
 <clothing>
  <id>
   124772902
  </id>
  <name>
   Converse Umbrellas I-2923
  </name>
  <category>
   Umbrellas
  </category>
  <size>
   XXL
  </size>
  <color>
   Зеленый
  </color>
  <material>
   Хлопок
  </material>
  <price>
   803994
  </price>
  <rating>
   3.16
  </rating>
  <reviews>
   68128
  </reviews>
 </clothing>
 <clothing>
  <id>
   286954298
  </id>
  <name>
   Nike Socks O-8684
  </name>
  <category>
   Socks
  </category>
  <size>
   S
  </size>
  <color>
   Красный
  </color>
  <material>
   Шерсть
  </material>
  <price>
   296478
  </price>
  <rating>
   2.3
  </rating>
  <reviews>
   116935
  </reviews>
  <new>
   -
  </new>
  <exclusive>
   no
  </exclusive>
  <sporty>
   no
  </sporty>
 </clothing>
 <clothing>
  <id>
   192645402
  </id>
  <name>
   Converse T-shirt C-4645
  </name>
  <category>
   T-shirt
  </category>
  <size>
   XXL
  </size>
  <color>
   Фиолетовый
  </color>
  <material>
   Нейлон
  </material>
  <price>
   409327
  </price>
  <rating>
   2.98
  </rating>
  <reviews>
   728533
  </reviews>
  <sporty>
   no
  </sporty>
 </clothing>
 <clothing>
  <id>
   467182196
  </id>
  <name>
   Ellesse Jacket P-7145
  </name>
  <category>
   Jacket
  </category>
  <size>
   S
  </size>
  <color>
   Фиолетовый
  </color>
  <material>
   Кожа
  </material>
  <price>
   721688
  </price>
  <rating>
   3.35
  </rating>
  <reviews>
   438552
  </reviews>
  <new>
   -
  </new>
  <exclusive>
   no
  </exclusive>
 </clothing>
 <clothing>
  <id>
   750989475
  </id>
  <name>
   Addidas Jeans G-3514
  </name>
  <category>
   Jeans
  </category>
  <size>
   S
  </size>
  <color>
   Оранжевый
  </color>
  <material>
   Нейлон
  </material>
  <price>
   567787
  </price>
  <rating>
   3.95
  </rating>
  <reviews>
   672669
  </reviews>
  <new>
   +
  </new>
  <sporty>
   yes
  </sporty>
 </clothing>
 <clothing>
  <id>
   346716667
  </id>
  <name>
   Lacoste Blouse J-8259
  </name>
  <category>
   Blouse
  </category>
  <size>
   XXL
  </size>
  <color>
   Синий
  </color>
  <material>
   Нейлон
  </material>
  <price>
   767594
  </price>
  <rating>
   3.78
  </rating>
  <reviews>
   432091
  </reviews>
  <new>
   -
  </new>
  <sporty>
   no
  </sporty>
 </clothing>
 <clothing>
  <id>
   955270315
  </id>
  <name>
   Converse Hat P-9096
  </name>
  <category>
   Hat
  </category>
  <size>
   XL
  </size>
  <color>
   Голубой
  </color>
  <material>
   Хлопок
  </material>
  <price>
   466883
  </price>
  <rating>
   3.32
  </rating>
  <reviews>
   196763
  </reviews>
  <exclusive>
   no
  </exclusive>
 </clothing>
 <clothing>
  <id>
   788023796
  </id>
  <name>
   PleinSport Sweater F-1026
  </name>
  <category>
   Sweater
  </category>
  <size>
   XL
  </size>
  <color>
   Красный
  </color>
  <material>
   Вискоза
  </material>
  <price>
   850881
  </price>
  <rating>
   4.07
  </rating>
  <reviews>
   534594
  </reviews>
  <exclusive>
   yes
  </exclusive>
  <sporty>
   no
  </sporty>
 </clothing>
 <clothing>
  <id>
   165986370
  </id>
  <name>
   Addidas Jeans N-3479
  </name>
  <category>
   Jeans
  </category>
  <size>
   XL
  </size>
  <color>
   Красный
  </color>
  <material>
   Хлопок
  </material>
  <price>
   275513
  </price>
  <rating>
   3.31
  </rating>
  <reviews>
   717688
  </reviews>
  <sporty>
   yes
  </sporty>
 </clothing>
 <clothing>
  <id>
   540088807
  </id>
  <name>
   Under Armour Skirt E-5248
  </name>
  <category>
   Skirt
  </category>
  <size>
   M
  </size>
  <color>
   Голубой
  </color>
  <material>
   Лен
  </material>
  <price>
   945258
  </price>
  <rating>
   3.6
  </rating>
  <reviews>
   782952
  </reviews>
  <new>
   +
  </new>
  <exclusive>
   no
  </exclusive>
 </clothing>
 <clothing>
  <id>
   745270417
  </id>
  <name>
   Under Armour Handbags L-9474
  </name>
  <category>
   Handbags
  </category>
  <size>
   XL
  </size>
  <color>
   Синий
  </color>
  <material>
   Кожа
  </material>
  <price>
   359277
  </price>
  <rating>
   5.0
  </rating>
  <reviews>
   818856
  </reviews>
  <exclusive>
   yes
  </exclusive>
  <sporty>
   yes
  </sporty>
 </clothing>
 <clothing>
  <id>
   921242181
  </id>
  <name>
   Converse Shoes B-6348
  </name>
  <category>
   Shoes
  </category>
  <size>
   M
  </size>
  <color>
   Зеленый
  </color>
  <material>
   Хлопок
  </material>
  <price>
   158318
  </price>
  <rating>
   3.01
  </rating>
  <reviews>
   932040
  </reviews>
  <sporty>
   no
  </sporty>
 </clothing>
 <clothing>
  <id>
   603540673
  </id>
  <name>
   New Balance Umbrellas K-4818
  </name>
  <category>
   Umbrellas
  </category>
  <size>
   S
  </size>
  <color>
   Оранжевый
  </color>
  <material>
   Хлопок
  </material>
  <price>
   579464
  </price>
  <rating>
   4.72
  </rating>
  <reviews>
   955528
  </reviews>
  <new>
   -
  </new>
  <sporty>
   no
  </sporty>
 </clothing>
 <clothing>
  <id>
   553898896
  </id>
  <name>
   Adidas Umbrellas J-7080
  </name>
  <category>
   Umbrellas
  </category>
  <size>
   L
  </size>
  <color>
   Желтый
  </color>
  <material>
   Лен
  </material>
  <price>
   430995
  </price>
  <rating>
   1.27
  </rating>
  <reviews>
   719795
  </reviews>
  <exclusive>
   no
  </exclusive>
  <sporty>
   yes
  </sporty>
 </clothing>
 <clothing>
  <id>
   956686728
  </id>
  <name>
   Reebok Umbrellas J-2842
  </name>
  <category>
   Umbrellas
  </category>
  <size>
   L
  </size>
  <color>
   Синий
  </color>
  <material>
   Шерсть
  </material>
  <price>
   598266
  </price>
  <rating>
   3.23
  </rating>
  <reviews>
   734146
  </reviews>
  <new>
   -
  </new>
 </clothing>
 <clothing>
  <id>
   760389316
  </id>
  <name>
   Adidas Jacket O-6354
  </name>
  <category>
   Jacket
  </category>
  <size>
   XL
  </size>
  <color>
   Оранжевый
  </color>
  <material>
   Шелк
  </material>
  <price>
   466951
  </price>
  <rating>
   4.71
  </rating>
  <reviews>
   729857
  </reviews>
  <exclusive>
   no
  </exclusive>
  <sporty>
   no
  </sporty>
 </clothing>
 <clothing>
  <id>
   124124052
  </id>
  <name>
   Brooks Dress T-8103
  </name>
  <category>
   Dress
  </category>
  <size>
   XXL
  </size>
  <color>
   Голубой
  </color>
  <material>
   Нейлон
  </material>
  <price>
   490836
  </price>
  <rating>
   4.85
  </rating>
  <reviews>
   624204
  </reviews>
  <exclusive>
   no
  </exclusive>
 </clothing>
 <clothing>
  <id>
   275692690
  </id>
  <name>
   Adidas Sweater B-4511
  </name>
  <category>
   Sweater
  </category>
  <size>
   L
  </size>
  <color>
   Зеленый
  </color>
  <material>
   Нейлон
  </material>
  <price>
   437411
  </price>
  <rating>
   3.77
  </rating>
  <reviews>
   258996
  </reviews>
  <exclusive>
   no
  </exclusive>
  <sporty>
   yes
  </sporty>
 </clothing>
 <clothing>
  <id>
   867773306
  </id>
  <name>
   Converse Belts Y-6890
  </name>
  <category>
   Belts
  </category>
  <size>
   L
  </size>
  <color>
   Синий
  </color>
  <material>
   Вискоза
  </material>
  <price>
   323430
  </price>
  <rating>
   2.6
  </rating>
  <reviews>
   209140
  </reviews>
  <exclusive>
   yes
  </exclusive>
 </clothing>
 <clothing>
  <id>
   202798983
  </id>
  <name>
   Lacoste Handbags L-3905
  </name>
  <category>
   Handbags
  </category>
  <size>
   L
  </size>
  <color>
   Голубой
  </color>
  <material>
   Шерсть
  </material>
  <price>
   809782
  </price>
  <rating>
   1.58
  </rating>
  <reviews>
   658126
  </reviews>
 </clothing>
 <clothing>
  <id>
   432294007
  </id>
  <name>
   Converse Shirt N-2099
  </name>
  <category>
   Shirt
  </category>
  <size>
   S
  </size>
  <color>
   Фиолетовый
  </color>
  <material>
   Шерсть
  </material>
  <price>
   291195
  </price>
  <rating>
   3.33
  </rating>
  <reviews>
   120854
  </reviews>
  <exclusive>
   no
  </exclusive>
 </clothing>
 <clothing>
  <id>
   466256578
  </id>
  <name>
   Fila Jeans M-1615
  </name>
  <category>
   Jeans
  </category>
  <size>
   XL
  </size>
  <color>
   Зеленый
  </color>
  <material>
   Шерсть
  </material>
  <price>
   610981
  </price>
  <rating>
   2.84
  </rating>
  <reviews>
   875255
  </reviews>
  <new>
   +
  </new>
 </clothing>
 <clothing>
  <id>
   184641298
  </id>
  <name>
   Puma T-shirt E-2907
  </name>
  <category>
   T-shirt
  </category>
  <size>
   L
  </size>
  <color>
   Голубой
  </color>
  <material>
   Нейлон
  </material>
  <price>
   135809
  </price>
  <rating>
   3.5
  </rating>
  <reviews>
   101047
  </reviews>
  <new>
   -
  </new>
  <sporty>
   no
  </sporty>
 </clothing>
</clothing-items>
