<?xml version="1.0" encoding="utf-8"?>
<clothing-items>
 <clothing>
  <id>
   891180463
  </id>
  <name>
   PleinSport Belts W-1618
  </name>
  <category>
   Belts
  </category>
  <size>
   XXL
  </size>
  <color>
   Фиолетовый
  </color>
  <material>
   Нейлон
  </material>
  <price>
   614160
  </price>
  <rating>
   4.23
  </rating>
  <reviews>
   282867
  </reviews>
 </clothing>
 <clothing>
  <id>
   569012104
  </id>
  <name>
   New Balance Skirt T-1972
  </name>
  <category>
   Skirt
  </category>
  <size>
   L
  </size>
  <color>
   Синий
  </color>
  <material>
   Шелк
  </material>
  <price>
   929755
  </price>
  <rating>
   3.1
  </rating>
  <reviews>
   644611
  </reviews>
  <new>
   +
  </new>
  <exclusive>
   no
  </exclusive>
  <sporty>
   yes
  </sporty>
 </clothing>
 <clothing>
  <id>
   410991398
  </id>
  <name>
   DC Jacket N-5261
  </name>
  <category>
   Jacket
  </category>
  <size>
   XL
  </size>
  <color>
   Желтый
  </color>
  <material>
   Нейлон
  </material>
  <price>
   987172
  </price>
  <rating>
   3.45
  </rating>
  <reviews>
   759832
  </reviews>
  <new>
   -
  </new>
  <exclusive>
   no
  </exclusive>
  <sporty>
   no
  </sporty>
 </clothing>
 <clothing>
  <id>
   966350156
  </id>
  <name>
   Asics Shirt Z-1251
  </name>
  <category>
   Shirt
  </category>
  <size>
   XXL
  </size>
  <color>
   Синий
  </color>
  <material>
   Кожа
  </material>
  <price>
   680627
  </price>
  <rating>
   3.06
  </rating>
  <reviews>
   188919
  </reviews>
  <new>
   +
  </new>
  <sporty>
   no
  </sporty>
 </clothing>
 <clothing>
  <id>
   104554172
  </id>
  <name>
   Ellesse Umbrellas Y-4894
  </name>
  <category>
   Umbrellas
  </category>
  <size>
   XL
  </size>
  <color>
   Голубой
  </color>
  <material>
   Лен
  </material>
  <price>
   361830
  </price>
  <rating>
   4.95
  </rating>
  <reviews>
   224940
  </reviews>
  <exclusive>
   no
  </exclusive>
 </clothing>
 <clothing>
  <id>
   991666558
  </id>
  <name>
   Nike Pants Z-1972
  </name>
  <category>
   Pants
  </category>
  <size>
   XL
  </size>
  <color>
   Голубой
  </color>
  <material>
   Шерсть
  </material>
  <price>
   129754
  </price>
  <rating>
   1.3
  </rating>
  <reviews>
   409139
  </reviews>
  <sporty>
   no
  </sporty>
 </clothing>
 <clothing>
  <id>
   271681595
  </id>
  <name>
   Adidas Jacket W-5705
  </name>
  <category>
   Jacket
  </category>
  <size>
   S
  </size>
  <color>
   Голубой
  </color>
  <material>
   Лен
  </material>
  <price>
   668120
  </price>
  <rating>
   4.61
  </rating>
  <reviews>
   827135
  </reviews>
  <sporty>
   no
  </sporty>
 </clothing>
 <clothing>
  <id>
   915248237
  </id>
  <name>
   Converse Sweater F-4191
  </name>
  <category>
   Sweater
  </category>
  <size>
   XL
  </size>
  <color>
   Фиолетовый
  </color>
  <material>
   Кожа
  </material>
  <price>
   945479
  </price>
  <rating>
   1.1
  </rating>
  <reviews>
   910730
  </reviews>
  <new>
   +
  </new>
  <exclusive>
   no
  </exclusive>
 </clothing>
 <clothing>
  <id>
   555587517
  </id>
  <name>
   Addidas Dress U-2655
  </name>
  <category>
   Dress
  </category>
  <size>
   XXL
  </size>
  <color>
   Желтый
  </color>
  <material>
   Кожа
  </material>
  <price>
   388373
  </price>
  <rating>
   3.71
  </rating>
  <reviews>
   268071
  </reviews>
  <new>
   -
  </new>
 </clothing>
 <clothing>
  <id>
   931646032
  </id>
  <name>
   Vans Jacket K-3132
  </name>
  <category>
   Jacket
  </category>
  <size>
   L
  </size>
  <color>
   Синий
  </color>
  <material>
   Кожа
  </material>
  <price>
   271112
  </price>
  <rating>
   2.81
  </rating>
  <reviews>
   957887
  </reviews>
  <new>
   -
  </new>
  <exclusive>
   no
  </exclusive>
  <sporty>
   no
  </sporty>
 </clothing>
 <clothing>
  <id>
   272592169
  </id>
  <name>
   Asics Shirt Z-8385
  </name>
  <category>
   Shirt
  </category>
  <size>
   XL
  </size>
  <color>
   Голубой
  </color>
  <material>
   Кожа
  </material>
  <price>
   405207
  </price>
  <rating>
   3.53
  </rating>
  <reviews>
   308327
  </reviews>
  <sporty>
   yes
  </sporty>
 </clothing>
 <clothing>
  <id>
   888104935
  </id>
  <name>
   Nike Skirt L-7936
  </name>
  <category>
   Skirt
  </category>
  <size>
   S
  </size>
  <color>
   Зеленый
  </color>
  <material>
   Кожа
  </material>
  <price>
   534588
  </price>
  <rating>
   1.52
  </rating>
  <reviews>
   562899
  </reviews>
  <exclusive>
   no
  </exclusive>
  <sporty>
   yes
  </sporty>
 </clothing>
 <clothing>
  <id>
   401848186
  </id>
  <name>
   Addidas Skirt S-1292
  </name>
  <category>
   Skirt
  </category>
  <size>
   XXL
  </size>
  <color>
   Зеленый
  </color>
  <material>
   Шерсть
  </material>
  <price>
   898958
  </price>
  <rating>
   4.66
  </rating>
  <reviews>
   617521
  </reviews>
  <new>
   -
  </new>
  <exclusive>
   yes
  </exclusive>
  <sporty>
   yes
  </sporty>
 </clothing>
 <clothing>
  <id>
   508349699
  </id>
  <name>
   Nike Blouse M-6834
  </name>
  <category>
   Blouse
  </category>
  <size>
   XL
  </size>
  <color>
   Голубой
  </color>
  <material>
   Полиэстер
  </material>
  <price>
   641082
  </price>
  <rating>
   4.65
  </rating>
  <reviews>
   578947
  </reviews>
  <new>
   +
  </new>
  <exclusive>
   no
  </exclusive>
  <sporty>
   yes
  </sporty>
 </clothing>
 <clothing>
  <id>
   420843214
  </id>
  <name>
   Nike Shirt L-3570
  </name>
  <category>
   Shirt
  </category>
  <size>
   S
  </size>
  <color>
   Фиолетовый
  </color>
  <material>
   Лен
  </material>
  <price>
   143476
  </price>
  <rating>
   3.96
  </rating>
  <reviews>
   599060
  </reviews>
  <new>
   -
  </new>
 </clothing>
 <clothing>
  <id>
   396339832
  </id>
  <name>
   Brooks Socks R-6091
  </name>
  <category>
   Socks
  </category>
  <size>
   L
  </size>
  <color>
   Фиолетовый
  </color>
  <material>
   Вискоза
  </material>
  <price>
   844672
  </price>
  <rating>
   2.84
  </rating>
  <reviews>
   762332
  </reviews>
  <exclusive>
   yes
  </exclusive>
  <sporty>
   yes
  </sporty>
 </clothing>
 <clothing>
  <id>
   197322596
  </id>
  <name>
   Reebok Blouse O-3090
  </name>
  <category>
   Blouse
  </category>
  <size>
   XXL
  </size>
  <color>
   Зеленый
  </color>
  <material>
   Полиэстер
  </material>
  <price>
   350255
  </price>
  <rating>
   1.69
  </rating>
  <reviews>
   739651
  </reviews>
  <new>
   +
  </new>
  <exclusive>
   no
  </exclusive>
  <sporty>
   no
  </sporty>
 </clothing>
 <clothing>
  <id>
   161701851
  </id>
  <name>
   Asics Handbags O-5749
  </name>
  <category>
   Handbags
  </category>
  <size>
   M
  </size>
  <color>
   Синий
  </color>
  <material>
   Нейлон
  </material>
  <price>
   765271
  </price>
  <rating>
   2.95
  </rating>
  <reviews>
   638088
  </reviews>
  <new>
   -
  </new>
 </clothing>
 <clothing>
  <id>
   357833404
  </id>
  <name>
   Lacoste Dress H-8801
  </name>
  <category>
   Dress
  </category>
  <size>
   S
  </size>
  <color>
   Оранжевый
  </color>
  <material>
   Шерсть
  </material>
  <price>
   873249
  </price>
  <rating>
   3.68
  </rating>
  <reviews>
   550854
  </reviews>
  <new>
   -
  </new>
  <exclusive>
   yes
  </exclusive>
  <sporty>
   no
  </sporty>
 </clothing>
 <clothing>
  <id>
   909932007
  </id>
  <name>
   Nike Dress O-2256
  </name>
  <category>
   Dress
  </category>
  <size>
   L
  </size>
  <color>
   Синий
  </color>
  <material>
   Шелк
  </material>
  <price>
   962334
  </price>
  <rating>
   4.79
  </rating>
  <reviews>
   220978
  </reviews>
  <new>
   -
  </new>
 </clothing>
 <clothing>
  <id>
   857177099
  </id>
  <name>
   Addidas Shirt N-2512
  </name>
  <category>
   Shirt
  </category>
  <size>
   S
  </size>
  <color>
   Фиолетовый
  </color>
  <material>
   Полиэстер
  </material>
  <price>
   397181
  </price>
  <rating>
   1.08
  </rating>
  <reviews>
   292590
  </reviews>
  <new>
   +
  </new>
  <exclusive>
   yes
  </exclusive>
  <sporty>
   no
  </sporty>
 </clothing>
 <clothing>
  <id>
   512747009
  </id>
  <name>
   DC Jeans A-1744
  </name>
  <category>
   Jeans
  </category>
  <size>
   XL
  </size>
  <color>
   Синий
  </color>
  <material>
   Вискоза
  </material>
  <price>
   916289
  </price>
  <rating>
   4.42
  </rating>
  <reviews>
   414485
  </reviews>
  <sporty>
   yes
  </sporty>
 </clothing>
 <clothing>
  <id>
   339280705
  </id>
  <name>
   Asics Sweater D-8955
  </name>
  <category>
   Sweater
  </category>
  <size>
   XXL
  </size>
  <color>
   Желтый
  </color>
  <material>
   Хлопок
  </material>
  <price>
   931324
  </price>
  <rating>
   3.53
  </rating>
  <reviews>
   286619
  </reviews>
  <new>
   +
  </new>
  <exclusive>
   yes
  </exclusive>
  <sporty>
   no
  </sporty>
 </clothing>
 <clothing>
  <id>
   596447513
  </id>
  <name>
   PleinSport Dress G-8252
  </name>
  <category>
   Dress
  </category>
  <size>
   XL
  </size>
  <color>
   Зеленый
  </color>
  <material>
   Полиэстер
  </material>
  <price>
   722598
  </price>
  <rating>
   2.17
  </rating>
  <reviews>
   327216
  </reviews>
  <new>
   +
  </new>
  <exclusive>
   yes
  </exclusive>
  <sporty>
   yes
  </sporty>
 </clothing>
 <clothing>
  <id>
   255697857
  </id>
  <name>
   Asics Umbrellas S-1424
  </name>
  <category>
   Umbrellas
  </category>
  <size>
   S
  </size>
  <color>
   Голубой
  </color>
  <material>
   Хлопок
  </material>
  <price>
   250697
  </price>
  <rating>
   2.48
  </rating>
  <reviews>
   510418
  </reviews>
  <new>
   +
  </new>
  <exclusive>
   no
  </exclusive>
  <sporty>
   yes
  </sporty>
 </clothing>
 <clothing>
  <id>
   137643934
  </id>
  <name>
   Under Armour Hat V-7258
  </name>
  <category>
   Hat
  </category>
  <size>
   L
  </size>
  <color>
   Голубой
  </color>
  <material>
   Лен
  </material>
  <price>
   104791
  </price>
  <rating>
   2.53
  </rating>
  <reviews>
   797011
  </reviews>
  <exclusive>
   no
  </exclusive>
  <sporty>
   no
  </sporty>
 </clothing>
 <clothing>
  <id>
   294330662
  </id>
  <name>
   Addidas Handbags I-1299
  </name>
  <category>
   Handbags
  </category>
  <size>
   XXL
  </size>
  <color>
   Фиолетовый
  </color>
  <material>
   Лен
  </material>
  <price>
   330346
  </price>
  <rating>
   4.18
  </rating>
  <reviews>
   603886
  </reviews>
  <new>
   -
  </new>
  <sporty>
   no
  </sporty>
 </clothing>
 <clothing>
  <id>
   362874575
  </id>
  <name>
   Vans Sweater L-8517
  </name>
  <category>
   Sweater
  </category>
  <size>
   XL
  </size>
  <color>
   Фиолетовый
  </color>
  <material>
   Лен
  </material>
  <price>
   619786
  </price>
  <rating>
   4.07
  </rating>
  <reviews>
   315348
  </reviews>
  <new>
   -
  </new>
  <exclusive>
   no
  </exclusive>
  <sporty>
   no
  </sporty>
 </clothing>
 <clothing>
  <id>
   709533872
  </id>
  <name>
   Converse Hat R-4127
  </name>
  <category>
   Hat
  </category>
  <size>
   L
  </size>
  <color>
   Красный
  </color>
  <material>
   Шерсть
  </material>
  <price>
   714289
  </price>
  <rating>
   2.89
  </rating>
  <reviews>
   365085
  </reviews>
  <new>
   +
  </new>
 </clothing>
 <clothing>
  <id>
   470733571
  </id>
  <name>
   Puma Belts K-2630
  </name>
  <category>
   Belts
  </category>
  <size>
   XXL
  </size>
  <color>
   Желтый
  </color>
  <material>
   Шерсть
  </material>
  <price>
   622772
  </price>
  <rating>
   4.89
  </rating>
  <reviews>
   179654
  </reviews>
  <exclusive>
   yes
  </exclusive>
 </clothing>
 <clothing>
  <id>
   852691134
  </id>
  <name>
   Nike T-shirt U-5586
  </name>
  <category>
   T-shirt
  </category>
  <size>
   M
  </size>
  <color>
   Фиолетовый
  </color>
  <material>
   Шелк
  </material>
  <price>
   333267
  </price>
  <rating>
   3.44
  </rating>
  <reviews>
   964556
  </reviews>
  <new>
   +
  </new>
  <exclusive>
   no
  </exclusive>
  <sporty>
   no
  </sporty>
 </clothing>
 <clothing>
  <id>
   740750776
  </id>
  <name>
   Nike Umbrellas L-4644
  </name>
  <category>
   Umbrellas
  </category>
  <size>
   M
  </size>
  <color>
   Зеленый
  </color>
  <material>
   Нейлон
  </material>
  <price>
   984747
  </price>
  <rating>
   2.75
  </rating>
  <reviews>
   282521
  </reviews>
  <new>
   -
  </new>
  <exclusive>
   no
  </exclusive>
  <sporty>
   no
  </sporty>
 </clothing>
 <clothing>
  <id>
   144470392
  </id>
  <name>
   Converse Gloves Q-3531
  </name>
  <category>
   Gloves
  </category>
  <size>
   M
  </size>
  <color>
   Голубой
  </color>
  <material>
   Нейлон
  </material>
  <price>
   771487
  </price>
  <rating>
   3.9
  </rating>
  <reviews>
   825084
  </reviews>
  <new>
   +
  </new>
  <exclusive>
   no
  </exclusive>
 </clothing>
 <clothing>
  <id>
   921060960
  </id>
  <name>
   Vans Jeans M-6024
  </name>
  <category>
   Jeans
  </category>
  <size>
   S
  </size>
  <color>
   Зеленый
  </color>
  <material>
   Лен
  </material>
  <price>
   244437
  </price>
  <rating>
   3.53
  </rating>
  <reviews>
   211471
  </reviews>
  <exclusive>
   no
  </exclusive>
 </clothing>
 <clothing>
  <id>
   841086465
  </id>
  <name>
   Vans Handbags Z-3016
  </name>
  <category>
   Handbags
  </category>
  <size>
   L
  </size>
  <color>
   Фиолетовый
  </color>
  <material>
   Шелк
  </material>
  <price>
   143044
  </price>
  <rating>
   1.07
  </rating>
  <reviews>
   684598
  </reviews>
  <new>
   -
  </new>
  <exclusive>
   yes
  </exclusive>
  <sporty>
   no
  </sporty>
 </clothing>
 <clothing>
  <id>
   147115530
  </id>
  <name>
   Brooks Belts C-1512
  </name>
  <category>
   Belts
  </category>
  <size>
   XXL
  </size>
  <color>
   Красный
  </color>
  <material>
   Лен
  </material>
  <price>
   677356
  </price>
  <rating>
   4.7
  </rating>
  <reviews>
   339324
  </reviews>
  <new>
   -
  </new>
  <exclusive>
   yes
  </exclusive>
  <sporty>
   yes
  </sporty>
 </clothing>
 <clothing>
  <id>
   819153279
  </id>
  <name>
   Ellesse Shoes E-2219
  </name>
  <category>
   Shoes
  </category>
  <size>
   XXL
  </size>
  <color>
   Желтый
  </color>
  <material>
   Шерсть
  </material>
  <price>
   527640
  </price>
  <rating>
   2.18
  </rating>
  <reviews>
   114860
  </reviews>
  <new>
   -
  </new>
  <sporty>
   no
  </sporty>
 </clothing>
 <clothing>
  <id>
   212736471
  </id>
  <name>
   Addidas Hat X-5223
  </name>
  <category>
   Hat
  </category>
  <size>
   XL
  </size>
  <color>
   Желтый
  </color>
  <material>
   Шерсть
  </material>
  <price>
   401384
  </price>
  <rating>
   1.76
  </rating>
  <reviews>
   875051
  </reviews>
  <exclusive>
   no
  </exclusive>
  <sporty>
   no
  </sporty>
 </clothing>
 <clothing>
  <id>
   402094774
  </id>
  <name>
   Reebok T-shirt A-3538
  </name>
  <category>
   T-shirt
  </category>
  <size>
   XXL
  </size>
  <color>
   Красный
  </color>
  <material>
   Полиэстер
  </material>
  <price>
   952914
  </price>
  <rating>
   3.78
  </rating>
  <reviews>
   167595
  </reviews>
  <new>
   -
  </new>
 </clothing>
</clothing-items>
