<?xml version="1.0" encoding="utf-8"?>
<clothing-items>
 <clothing>
  <id>
   726141430
  </id>
  <name>
   Lacoste Pants Y-8867
  </name>
  <category>
   Pants
  </category>
  <size>
   S
  </size>
  <color>
   Желтый
  </color>
  <material>
   Полиэстер
  </material>
  <price>
   923047
  </price>
  <rating>
   3.29
  </rating>
  <reviews>
   281778
  </reviews>
  <new>
   +
  </new>
  <exclusive>
   yes
  </exclusive>
 </clothing>
 <clothing>
  <id>
   941927519
  </id>
  <name>
   Converse Jeans F-9156
  </name>
  <category>
   Jeans
  </category>
  <size>
   L
  </size>
  <color>
   Голубой
  </color>
  <material>
   Кожа
  </material>
  <price>
   526443
  </price>
  <rating>
   1.84
  </rating>
  <reviews>
   269016
  </reviews>
  <new>
   -
  </new>
  <exclusive>
   yes
  </exclusive>
  <sporty>
   no
  </sporty>
 </clothing>
 <clothing>
  <id>
   139779650
  </id>
  <name>
   New Balance Shoes Z-6748
  </name>
  <category>
   Shoes
  </category>
  <size>
   XXL
  </size>
  <color>
   Голубой
  </color>
  <material>
   Лен
  </material>
  <price>
   792565
  </price>
  <rating>
   1.54
  </rating>
  <reviews>
   575002
  </reviews>
 </clothing>
 <clothing>
  <id>
   902672815
  </id>
  <name>
   Nike Dress Q-8853
  </name>
  <category>
   Dress
  </category>
  <size>
   XL
  </size>
  <color>
   Фиолетовый
  </color>
  <material>
   Шерсть
  </material>
  <price>
   633341
  </price>
  <rating>
   2.32
  </rating>
  <reviews>
   294118
  </reviews>
  <exclusive>
   no
  </exclusive>
  <sporty>
   no
  </sporty>
 </clothing>
 <clothing>
  <id>
   396418259
  </id>
  <name>
   Puma Hat U-1579
  </name>
  <category>
   Hat
  </category>
  <size>
   XL
  </size>
  <color>
   Желтый
  </color>
  <material>
   Кожа
  </material>
  <price>
   674833
  </price>
  <rating>
   3.24
  </rating>
  <reviews>
   128355
  </reviews>
  <new>
   +
  </new>
  <exclusive>
   no
  </exclusive>
 </clothing>
 <clothing>
  <id>
   438737286
  </id>
  <name>
   Puma Sweater I-5673
  </name>
  <category>
   Sweater
  </category>
  <size>
   M
  </size>
  <color>
   Фиолетовый
  </color>
  <material>
   Вискоза
  </material>
  <price>
   415936
  </price>
  <rating>
   2.19
  </rating>
  <reviews>
   187674
  </reviews>
  <new>
   -
  </new>
  <exclusive>
   yes
  </exclusive>
  <sporty>
   no
  </sporty>
 </clothing>
 <clothing>
  <id>
   906319329
  </id>
  <name>
   Fila Blouse O-2676
  </name>
  <category>
   Blouse
  </category>
  <size>
   L
  </size>
  <color>
   Желтый
  </color>
  <material>
   Шелк
  </material>
  <price>
   443369
  </price>
  <rating>
   4.36
  </rating>
  <reviews>
   569761
  </reviews>
  <exclusive>
   no
  </exclusive>
  <sporty>
   no
  </sporty>
 </clothing>
 <clothing>
  <id>
   205758123
  </id>
  <name>
   Fila Socks K-7525
  </name>
  <category>
   Socks
  </category>
  <size>
   XL
  </size>
  <color>
   Желтый
  </color>
  <material>
   Хлопок
  </material>
  <price>
   227537
  </price>
  <rating>
   1.84
  </rating>
  <reviews>
   558292
  </reviews>
  <new>
   +
  </new>
  <exclusive>
   no
  </exclusive>
 </clothing>
 <clothing>
  <id>
   408489141
  </id>
  <name>
   Adidas Shirt K-9098
  </name>
  <category>
   Shirt
  </category>
  <size>
   XXL
  </size>
  <color>
   Голубой
  </color>
  <material>
   Вискоза
  </material>
  <price>
   838363
  </price>
  <rating>
   1.31
  </rating>
  <reviews>
   147464
  </reviews>
  <new>
   -
  </new>
 </clothing>
 <clothing>
  <id>
   729808117
  </id>
  <name>
   DC T-shirt I-4481
  </name>
  <category>
   T-shirt
  </category>
  <size>
   L
  </size>
  <color>
   Фиолетовый
  </color>
  <material>
   Вискоза
  </material>
  <price>
   889255
  </price>
  <rating>
   4.2
  </rating>
  <reviews>
   197532
  </reviews>
  <new>
   -
  </new>
  <exclusive>
   no
  </exclusive>
  <sporty>
   yes
  </sporty>
 </clothing>
 <clothing>
  <id>
   454458478
  </id>
  <name>
   Reebok Gloves O-6116
  </name>
  <category>
   Gloves
  </category>
  <size>
   XXL
  </size>
  <color>
   Синий
  </color>
  <material>
   Лен
  </material>
  <price>
   684340
  </price>
  <rating>
   2.8
  </rating>
  <reviews>
   778506
  </reviews>
  <exclusive>
   no
  </exclusive>
 </clothing>
 <clothing>
  <id>
   739621114
  </id>
  <name>
   New Balance Pants J-8445
  </name>
  <category>
   Pants
  </category>
  <size>
   L
  </size>
  <color>
   Фиолетовый
  </color>
  <material>
   Шелк
  </material>
  <price>
   333083
  </price>
  <rating>
   3.93
  </rating>
  <reviews>
   234201
  </reviews>
  <sporty>
   yes
  </sporty>
 </clothing>
 <clothing>
  <id>
   923489758
  </id>
  <name>
   Ellesse Sweater S-4799
  </name>
  <category>
   Sweater
  </category>
  <size>
   XL
  </size>
  <color>
   Красный
  </color>
  <material>
   Лен
  </material>
  <price>
   824292
  </price>
  <rating>
   3.61
  </rating>
  <reviews>
   960545
  </reviews>
  <exclusive>
   no
  </exclusive>
  <sporty>
   yes
  </sporty>
 </clothing>
 <clothing>
  <id>
   669510940
  </id>
  <name>
   Adidas Pants C-8176
  </name>
  <category>
   Pants
  </category>
  <size>
   S
  </size>
  <color>
   Оранжевый
  </color>
  <material>
   Кожа
  </material>
  <price>
   410133
  </price>
  <rating>
   3.99
  </rating>
  <reviews>
   546595
  </reviews>
  <new>
   -
  </new>
  <exclusive>
   no
  </exclusive>
 </clothing>
 <clothing>
  <id>
   650293727
  </id>
  <name>
   Lacoste Gloves R-5205
  </name>
  <category>
   Gloves
  </category>
  <size>
   S
  </size>
  <color>
   Желтый
  </color>
  <material>
   Кожа
  </material>
  <price>
   684755
  </price>
  <rating>
   3.18
  </rating>
  <reviews>
   226307
  </reviews>
  <new>
   +
  </new>
  <exclusive>
   no
  </exclusive>
 </clothing>
 <clothing>
  <id>
   501625894
  </id>
  <name>
   Converse Gloves A-4289
  </name>
  <category>
   Gloves
  </category>
  <size>
   S
  </size>
  <color>
   Фиолетовый
  </color>
  <material>
   Хлопок
  </material>
  <price>
   483719
  </price>
  <rating>
   1.29
  </rating>
  <reviews>
   411518
  </reviews>
  <new>
   -
  </new>
  <exclusive>
   yes
  </exclusive>
  <sporty>
   yes
  </sporty>
 </clothing>
 <clothing>
  <id>
   452600158
  </id>
  <name>
   DC Blouse J-8860
  </name>
  <category>
   Blouse
  </category>
  <size>
   XXL
  </size>
  <color>
   Синий
  </color>
  <material>
   Шелк
  </material>
  <price>
   468115
  </price>
  <rating>
   2.88
  </rating>
  <reviews>
   700139
  </reviews>
  <sporty>
   no
  </sporty>
 </clothing>
 <clothing>
  <id>
   564751367
  </id>
  <name>
   Vans Shoes E-1793
  </name>
  <category>
   Shoes
  </category>
  <size>
   S
  </size>
  <color>
   Желтый
  </color>
  <material>
   Нейлон
  </material>
  <price>
   780216
  </price>
  <rating>
   4.3
  </rating>
  <reviews>
   985907
  </reviews>
  <new>
   -
  </new>
  <exclusive>
   no
  </exclusive>
 </clothing>
 <clothing>
  <id>
   307121025
  </id>
  <name>
   Addidas Sweater P-9155
  </name>
  <category>
   Sweater
  </category>
  <size>
   M
  </size>
  <color>
   Зеленый
  </color>
  <material>
   Нейлон
  </material>
  <price>
   637426
  </price>
  <rating>
   4.61
  </rating>
  <reviews>
   727065
  </reviews>
  <new>
   -
  </new>
  <sporty>
   yes
  </sporty>
 </clothing>
 <clothing>
  <id>
   822226284
  </id>
  <name>
   Adidas Blouse B-6061
  </name>
  <category>
   Blouse
  </category>
  <size>
   S
  </size>
  <color>
   Желтый
  </color>
  <material>
   Полиэстер
  </material>
  <price>
   740861
  </price>
  <rating>
   2.98
  </rating>
  <reviews>
   86267
  </reviews>
  <new>
   -
  </new>
 </clothing>
 <clothing>
  <id>
   214121517
  </id>
  <name>
   Reebok T-shirt A-7883
  </name>
  <category>
   T-shirt
  </category>
  <size>
   L
  </size>
  <color>
   Желтый
  </color>
  <material>
   Вискоза
  </material>
  <price>
   153045
  </price>
  <rating>
   1.27
  </rating>
  <reviews>
   795329
  </reviews>
  <new>
   +
  </new>
  <sporty>
   yes
  </sporty>
 </clothing>
 <clothing>
  <id>
   545238487
  </id>
  <name>
   Asics T-shirt C-8167
  </name>
  <category>
   T-shirt
  </category>
  <size>
   M
  </size>
  <color>
   Фиолетовый
  </color>
  <material>
   Кожа
  </material>
  <price>
   916085
  </price>
  <rating>
   3.9
  </rating>
  <reviews>
   556989
  </reviews>
  <exclusive>
   no
  </exclusive>
  <sporty>
   no
  </sporty>
 </clothing>
 <clothing>
  <id>
   554639809
  </id>
  <name>
   Lacoste Belts W-4706
  </name>
  <category>
   Belts
  </category>
  <size>
   S
  </size>
  <color>
   Зеленый
  </color>
  <material>
   Хлопок
  </material>
  <price>
   300722
  </price>
  <rating>
   1.31
  </rating>
  <reviews>
   280816
  </reviews>
  <exclusive>
   yes
  </exclusive>
 </clothing>
 <clothing>
  <id>
   827998554
  </id>
  <name>
   Puma Belts B-9483
  </name>
  <category>
   Belts
  </category>
  <size>
   XL
  </size>
  <color>
   Красный
  </color>
  <material>
   Хлопок
  </material>
  <price>
   182257
  </price>
  <rating>
   2.4
  </rating>
  <reviews>
   42216
  </reviews>
 </clothing>
 <clothing>
  <id>
   642322263
  </id>
  <name>
   Converse Blouse I-9427
  </name>
  <category>
   Blouse
  </category>
  <size>
   XL
  </size>
  <color>
   Фиолетовый
  </color>
  <material>
   Шерсть
  </material>
  <price>
   968268
  </price>
  <rating>
   3.72
  </rating>
  <reviews>
   257122
  </reviews>
  <new>
   -
  </new>
 </clothing>
 <clothing>
  <id>
   517670496
  </id>
  <name>
   Fila Handbags K-3859
  </name>
  <category>
   Handbags
  </category>
  <size>
   M
  </size>
  <color>
   Зеленый
  </color>
  <material>
   Кожа
  </material>
  <price>
   317587
  </price>
  <rating>
   2.99
  </rating>
  <reviews>
   708472
  </reviews>
  <exclusive>
   no
  </exclusive>
  <sporty>
   no
  </sporty>
 </clothing>
 <clothing>
  <id>
   940904544
  </id>
  <name>
   Brooks Skirt B-9598
  </name>
  <category>
   Skirt
  </category>
  <size>
   S
  </size>
  <color>
   Зеленый
  </color>
  <material>
   Лен
  </material>
  <price>
   289176
  </price>
  <rating>
   3.99
  </rating>
  <reviews>
   418613
  </reviews>
  <exclusive>
   no
  </exclusive>
 </clothing>
 <clothing>
  <id>
   370485706
  </id>
  <name>
   Nike Jacket V-7827
  </name>
  <category>
   Jacket
  </category>
  <size>
   XL
  </size>
  <color>
   Желтый
  </color>
  <material>
   Лен
  </material>
  <price>
   311782
  </price>
  <rating>
   1.91
  </rating>
  <reviews>
   280457
  </reviews>
  <sporty>
   no
  </sporty>
 </clothing>
 <clothing>
  <id>
   365652056
  </id>
  <name>
   Vans Hat T-4920
  </name>
  <category>
   Hat
  </category>
  <size>
   S
  </size>
  <color>
   Зеленый
  </color>
  <material>
   Вискоза
  </material>
  <price>
   920280
  </price>
  <rating>
   3.78
  </rating>
  <reviews>
   224914
  </reviews>
  <new>
   -
  </new>
 </clothing>
 <clothing>
  <id>
   210786844
  </id>
  <name>
   New Balance Skirt C-4686
  </name>
  <category>
   Skirt
  </category>
  <size>
   M
  </size>
  <color>
   Синий
  </color>
  <material>
   Шерсть
  </material>
  <price>
   907941
  </price>
  <rating>
   3.46
  </rating>
  <reviews>
   150801
  </reviews>
  <new>
   +
  </new>
  <exclusive>
   yes
  </exclusive>
 </clothing>
 <clothing>
  <id>
   194273939
  </id>
  <name>
   New Balance Jacket Q-4160
  </name>
  <category>
   Jacket
  </category>
  <size>
   XL
  </size>
  <color>
   Желтый
  </color>
  <material>
   Полиэстер
  </material>
  <price>
   955236
  </price>
  <rating>
   3.29
  </rating>
  <reviews>
   284635
  </reviews>
  <new>
   -
  </new>
  <exclusive>
   yes
  </exclusive>
  <sporty>
   yes
  </sporty>
 </clothing>
 <clothing>
  <id>
   683991424
  </id>
  <name>
   PleinSport Dress H-8428
  </name>
  <category>
   Dress
  </category>
  <size>
   XXL
  </size>
  <color>
   Оранжевый
  </color>
  <material>
   Лен
  </material>
  <price>
   124901
  </price>
  <rating>
   1.74
  </rating>
  <reviews>
   620696
  </reviews>
  <new>
   +
  </new>
  <sporty>
   no
  </sporty>
 </clothing>
 <clothing>
  <id>
   379515623
  </id>
  <name>
   Puma Umbrellas Q-4607
  </name>
  <category>
   Umbrellas
  </category>
  <size>
   XXL
  </size>
  <color>
   Зеленый
  </color>
  <material>
   Шерсть
  </material>
  <price>
   206878
  </price>
  <rating>
   3.78
  </rating>
  <reviews>
   259962
  </reviews>
 </clothing>
 <clothing>
  <id>
   203864430
  </id>
  <name>
   Addidas Sweater M-9241
  </name>
  <category>
   Sweater
  </category>
  <size>
   XL
  </size>
  <color>
   Оранжевый
  </color>
  <material>
   Шелк
  </material>
  <price>
   812351
  </price>
  <rating>
   4.53
  </rating>
  <reviews>
   93561
  </reviews>
  <sporty>
   yes
  </sporty>
 </clothing>
 <clothing>
  <id>
   393029882
  </id>
  <name>
   Reebok Jacket W-2509
  </name>
  <category>
   Jacket
  </category>
  <size>
   L
  </size>
  <color>
   Синий
  </color>
  <material>
   Нейлон
  </material>
  <price>
   985978
  </price>
  <rating>
   4.53
  </rating>
  <reviews>
   218124
  </reviews>
 </clothing>
</clothing-items>
