<?xml version="1.0" encoding="utf-8"?>
<clothing-items>
 <clothing>
  <id>
   186057136
  </id>
  <name>
   PleinSport T-shirt L-6092
  </name>
  <category>
   T-shirt
  </category>
  <size>
   S
  </size>
  <color>
   Голубой
  </color>
  <material>
   Кожа
  </material>
  <price>
   982436
  </price>
  <rating>
   4.51
  </rating>
  <reviews>
   912751
  </reviews>
  <new>
   +
  </new>
  <exclusive>
   yes
  </exclusive>
 </clothing>
 <clothing>
  <id>
   575549692
  </id>
  <name>
   Addidas Gloves R-1733
  </name>
  <category>
   Gloves
  </category>
  <size>
   XXL
  </size>
  <color>
   Голубой
  </color>
  <material>
   Шерсть
  </material>
  <price>
   893566
  </price>
  <rating>
   3.91
  </rating>
  <reviews>
   444217
  </reviews>
  <new>
   -
  </new>
  <sporty>
   yes
  </sporty>
 </clothing>
 <clothing>
  <id>
   231849808
  </id>
  <name>
   Fila Gloves Y-5051
  </name>
  <category>
   Gloves
  </category>
  <size>
   S
  </size>
  <color>
   Зеленый
  </color>
  <material>
   Вискоза
  </material>
  <price>
   529746
  </price>
  <rating>
   2.88
  </rating>
  <reviews>
   799594
  </reviews>
  <new>
   -
  </new>
 </clothing>
 <clothing>
  <id>
   126966250
  </id>
  <name>
   Vans Pants D-5292
  </name>
  <category>
   Pants
  </category>
  <size>
   XXL
  </size>
  <color>
   Зеленый
  </color>
  <material>
   Кожа
  </material>
  <price>
   203947
  </price>
  <rating>
   4.41
  </rating>
  <reviews>
   670294
  </reviews>
  <new>
   +
  </new>
  <exclusive>
   no
  </exclusive>
 </clothing>
 <clothing>
  <id>
   467831867
  </id>
  <name>
   Lacoste Dress N-7163
  </name>
  <category>
   Dress
  </category>
  <size>
   XXL
  </size>
  <color>
   Оранжевый
  </color>
  <material>
   Нейлон
  </material>
  <price>
   573235
  </price>
  <rating>
   2.97
  </rating>
  <reviews>
   829628
  </reviews>
  <new>
   -
  </new>
  <exclusive>
   yes
  </exclusive>
 </clothing>
 <clothing>
  <id>
   120360723
  </id>
  <name>
   Converse Sweater R-7982
  </name>
  <category>
   Sweater
  </category>
  <size>
   S
  </size>
  <color>
   Красный
  </color>
  <material>
   Лен
  </material>
  <price>
   813243
  </price>
  <rating>
   2.64
  </rating>
  <reviews>
   188930
  </reviews>
  <new>
   +
  </new>
  <exclusive>
   yes
  </exclusive>
  <sporty>
   no
  </sporty>
 </clothing>
 <clothing>
  <id>
   268228752
  </id>
  <name>
   Lacoste Handbags F-1672
  </name>
  <category>
   Handbags
  </category>
  <size>
   XXL
  </size>
  <color>
   Оранжевый
  </color>
  <material>
   Шелк
  </material>
  <price>
   318122
  </price>
  <rating>
   3.33
  </rating>
  <reviews>
   969867
  </reviews>
  <new>
   +
  </new>
  <exclusive>
   no
  </exclusive>
  <sporty>
   yes
  </sporty>
 </clothing>
 <clothing>
  <id>
   496690911
  </id>
  <name>
   Fila Socks C-9259
  </name>
  <category>
   Socks
  </category>
  <size>
   M
  </size>
  <color>
   Желтый
  </color>
  <material>
   Шелк
  </material>
  <price>
   913898
  </price>
  <rating>
   1.11
  </rating>
  <reviews>
   600960
  </reviews>
  <exclusive>
   no
  </exclusive>
  <sporty>
   no
  </sporty>
 </clothing>
 <clothing>
  <id>
   803324796
  </id>
  <name>
   Ellesse Jeans O-1069
  </name>
  <category>
   Jeans
  </category>
  <size>
   L
  </size>
  <color>
   Красный
  </color>
  <material>
   Кожа
  </material>
  <price>
   165908
  </price>
  <rating>
   3.86
  </rating>
  <reviews>
   284551
  </reviews>
  <exclusive>
   no
  </exclusive>
 </clothing>
 <clothing>
  <id>
   135341225
  </id>
  <name>
   Asics Jeans F-2487
  </name>
  <category>
   Jeans
  </category>
  <size>
   XL
  </size>
  <color>
   Красный
  </color>
  <material>
   Полиэстер
  </material>
  <price>
   448870
  </price>
  <rating>
   1.97
  </rating>
  <reviews>
   825283
  </reviews>
  <sporty>
   no
  </sporty>
 </clothing>
 <clothing>
  <id>
   494447876
  </id>
  <name>
   Brooks Blouse E-2909
  </name>
  <category>
   Blouse
  </category>
  <size>
   XL
  </size>
  <color>
   Зеленый
  </color>
  <material>
   Вискоза
  </material>
  <price>
   627086
  </price>
  <rating>
   3.19
  </rating>
  <reviews>
   847615
  </reviews>
  <new>
   +
  </new>
  <exclusive>
   no
  </exclusive>
 </clothing>
 <clothing>
  <id>
   168573439
  </id>
  <name>
   New Balance Umbrellas G-1764
  </name>
  <category>
   Umbrellas
  </category>
  <size>
   L
  </size>
  <color>
   Синий
  </color>
  <material>
   Полиэстер
  </material>
  <price>
   479811
  </price>
  <rating>
   1.94
  </rating>
  <reviews>
   86675
  </reviews>
  <exclusive>
   no
  </exclusive>
 </clothing>
 <clothing>
  <id>
   563171425
  </id>
  <name>
   New Balance Skirt J-7281
  </name>
  <category>
   Skirt
  </category>
  <size>
   XXL
  </size>
  <color>
   Оранжевый
  </color>
  <material>
   Кожа
  </material>
  <price>
   218981
  </price>
  <rating>
   3.05
  </rating>
  <reviews>
   392869
  </reviews>
  <new>
   -
  </new>
 </clothing>
 <clothing>
  <id>
   591261713
  </id>
  <name>
   Puma Shirt D-9752
  </name>
  <category>
   Shirt
  </category>
  <size>
   S
  </size>
  <color>
   Оранжевый
  </color>
  <material>
   Лен
  </material>
  <price>
   696546
  </price>
  <rating>
   4.63
  </rating>
  <reviews>
   79608
  </reviews>
  <new>
   -
  </new>
  <sporty>
   yes
  </sporty>
 </clothing>
 <clothing>
  <id>
   479413106
  </id>
  <name>
   Adidas Gloves K-5062
  </name>
  <category>
   Gloves
  </category>
  <size>
   S
  </size>
  <color>
   Синий
  </color>
  <material>
   Лен
  </material>
  <price>
   355683
  </price>
  <rating>
   1.55
  </rating>
  <reviews>
   773318
  </reviews>
  <exclusive>
   yes
  </exclusive>
  <sporty>
   no
  </sporty>
 </clothing>
 <clothing>
  <id>
   396366712
  </id>
  <name>
   Adidas T-shirt I-7644
  </name>
  <category>
   T-shirt
  </category>
  <size>
   XL
  </size>
  <color>
   Красный
  </color>
  <material>
   Кожа
  </material>
  <price>
   970777
  </price>
  <rating>
   1.1
  </rating>
  <reviews>
   490714
  </reviews>
  <exclusive>
   yes
  </exclusive>
  <sporty>
   no
  </sporty>
 </clothing>
 <clothing>
  <id>
   363583548
  </id>
  <name>
   New Balance Hat W-6036
  </name>
  <category>
   Hat
  </category>
  <size>
   XL
  </size>
  <color>
   Фиолетовый
  </color>
  <material>
   Шелк
  </material>
  <price>
   199775
  </price>
  <rating>
   2.25
  </rating>
  <reviews>
   496281
  </reviews>
  <new>
   +
  </new>
  <exclusive>
   yes
  </exclusive>
 </clothing>
 <clothing>
  <id>
   143798343
  </id>
  <name>
   Ellesse Hat A-8818
  </name>
  <category>
   Hat
  </category>
  <size>
   S
  </size>
  <color>
   Голубой
  </color>
  <material>
   Хлопок
  </material>
  <price>
   890238
  </price>
  <rating>
   3.7
  </rating>
  <reviews>
   693944
  </reviews>
  <new>
   -
  </new>
  <exclusive>
   yes
  </exclusive>
  <sporty>
   yes
  </sporty>
 </clothing>
 <clothing>
  <id>
   198065774
  </id>
  <name>
   Adidas Handbags E-6060
  </name>
  <category>
   Handbags
  </category>
  <size>
   M
  </size>
  <color>
   Голубой
  </color>
  <material>
   Полиэстер
  </material>
  <price>
   931237
  </price>
  <rating>
   3.31
  </rating>
  <reviews>
   718386
  </reviews>
  <new>
   -
  </new>
  <exclusive>
   yes
  </exclusive>
  <sporty>
   no
  </sporty>
 </clothing>
 <clothing>
  <id>
   301843817
  </id>
  <name>
   Nike Jacket N-6615
  </name>
  <category>
   Jacket
  </category>
  <size>
   L
  </size>
  <color>
   Оранжевый
  </color>
  <material>
   Лен
  </material>
  <price>
   474572
  </price>
  <rating>
   1.77
  </rating>
  <reviews>
   316427
  </reviews>
  <exclusive>
   yes
  </exclusive>
  <sporty>
   yes
  </sporty>
 </clothing>
 <clothing>
  <id>
   452607296
  </id>
  <name>
   Addidas Hat T-8457
  </name>
  <category>
   Hat
  </category>
  <size>
   S
  </size>
  <color>
   Фиолетовый
  </color>
  <material>
   Вискоза
  </material>
  <price>
   979736
  </price>
  <rating>
   4.14
  </rating>
  <reviews>
   814234
  </reviews>
  <sporty>
   no
  </sporty>
 </clothing>
 <clothing>
  <id>
   973020010
  </id>
  <name>
   PleinSport Handbags R-9329
  </name>
  <category>
   Handbags
  </category>
  <size>
   L
  </size>
  <color>
   Желтый
  </color>
  <material>
   Кожа
  </material>
  <price>
   684245
  </price>
  <rating>
   2.19
  </rating>
  <reviews>
   606022
  </reviews>
  <sporty>
   yes
  </sporty>
 </clothing>
 <clothing>
  <id>
   642897613
  </id>
  <name>
   Asics Umbrellas Q-7889
  </name>
  <category>
   Umbrellas
  </category>
  <size>
   L
  </size>
  <color>
   Желтый
  </color>
  <material>
   Шерсть
  </material>
  <price>
   601085
  </price>
  <rating>
   2.99
  </rating>
  <reviews>
   860618
  </reviews>
  <new>
   -
  </new>
  <sporty>
   yes
  </sporty>
 </clothing>
 <clothing>
  <id>
   460536669
  </id>
  <name>
   Lacoste Sweater J-5113
  </name>
  <category>
   Sweater
  </category>
  <size>
   XL
  </size>
  <color>
   Желтый
  </color>
  <material>
   Полиэстер
  </material>
  <price>
   579549
  </price>
  <rating>
   4.15
  </rating>
  <reviews>
   701952
  </reviews>
  <new>
   -
  </new>
  <exclusive>
   yes
  </exclusive>
  <sporty>
   yes
  </sporty>
 </clothing>
 <clothing>
  <id>
   628747676
  </id>
  <name>
   Ellesse Sweater Z-6153
  </name>
  <category>
   Sweater
  </category>
  <size>
   L
  </size>
  <color>
   Красный
  </color>
  <material>
   Лен
  </material>
  <price>
   479913
  </price>
  <rating>
   1.24
  </rating>
  <reviews>
   561359
  </reviews>
  <new>
   +
  </new>
  <sporty>
   yes
  </sporty>
 </clothing>
 <clothing>
  <id>
   819958867
  </id>
  <name>
   Reebok Hat P-4443
  </name>
  <category>
   Hat
  </category>
  <size>
   S
  </size>
  <color>
   Голубой
  </color>
  <material>
   Кожа
  </material>
  <price>
   721357
  </price>
  <rating>
   1.53
  </rating>
  <reviews>
   903806
  </reviews>
  <exclusive>
   yes
  </exclusive>
  <sporty>
   yes
  </sporty>
 </clothing>
 <clothing>
  <id>
   725819875
  </id>
  <name>
   Vans Jacket A-1311
  </name>
  <category>
   Jacket
  </category>
  <size>
   L
  </size>
  <color>
   Красный
  </color>
  <material>
   Полиэстер
  </material>
  <price>
   496222
  </price>
  <rating>
   1.17
  </rating>
  <reviews>
   44611
  </reviews>
  <new>
   +
  </new>
  <exclusive>
   no
  </exclusive>
  <sporty>
   no
  </sporty>
 </clothing>
 <clothing>
  <id>
   865126951
  </id>
  <name>
   Puma Jacket O-4180
  </name>
  <category>
   Jacket
  </category>
  <size>
   XXL
  </size>
  <color>
   Фиолетовый
  </color>
  <material>
   Вискоза
  </material>
  <price>
   112250
  </price>
  <rating>
   3.67
  </rating>
  <reviews>
   682418
  </reviews>
  <sporty>
   yes
  </sporty>
 </clothing>
 <clothing>
  <id>
   697115307
  </id>
  <name>
   Vans Jeans K-7786
  </name>
  <category>
   Jeans
  </category>
  <size>
   L
  </size>
  <color>
   Синий
  </color>
  <material>
   Кожа
  </material>
  <price>
   549535
  </price>
  <rating>
   2.0
  </rating>
  <reviews>
   194689
  </reviews>
  <new>
   +
  </new>
  <exclusive>
   no
  </exclusive>
  <sporty>
   yes
  </sporty>
 </clothing>
 <clothing>
  <id>
   122848387
  </id>
  <name>
   Reebok Socks C-4808
  </name>
  <category>
   Socks
  </category>
  <size>
   L
  </size>
  <color>
   Синий
  </color>
  <material>
   Шерсть
  </material>
  <price>
   929776
  </price>
  <rating>
   1.01
  </rating>
  <reviews>
   105900
  </reviews>
  <exclusive>
   no
  </exclusive>
  <sporty>
   no
  </sporty>
 </clothing>
 <clothing>
  <id>
   436328117
  </id>
  <name>
   Under Armour Sweater G-7147
  </name>
  <category>
   Sweater
  </category>
  <size>
   S
  </size>
  <color>
   Красный
  </color>
  <material>
   Шерсть
  </material>
  <price>
   326700
  </price>
  <rating>
   4.37
  </rating>
  <reviews>
   381355
  </reviews>
  <new>
   -
  </new>
  <sporty>
   no
  </sporty>
 </clothing>
 <clothing>
  <id>
   723179672
  </id>
  <name>
   Vans Dress M-8699
  </name>
  <category>
   Dress
  </category>
  <size>
   L
  </size>
  <color>
   Фиолетовый
  </color>
  <material>
   Полиэстер
  </material>
  <price>
   354556
  </price>
  <rating>
   3.53
  </rating>
  <reviews>
   957021
  </reviews>
  <new>
   +
  </new>
  <exclusive>
   yes
  </exclusive>
 </clothing>
 <clothing>
  <id>
   578365154
  </id>
  <name>
   Reebok Pants G-5424
  </name>
  <category>
   Pants
  </category>
  <size>
   XL
  </size>
  <color>
   Синий
  </color>
  <material>
   Лен
  </material>
  <price>
   452410
  </price>
  <rating>
   1.72
  </rating>
  <reviews>
   87268
  </reviews>
  <sporty>
   no
  </sporty>
 </clothing>
 <clothing>
  <id>
   443277906
  </id>
  <name>
   Lacoste T-shirt M-7658
  </name>
  <category>
   T-shirt
  </category>
  <size>
   XL
  </size>
  <color>
   Фиолетовый
  </color>
  <material>
   Хлопок
  </material>
  <price>
   951365
  </price>
  <rating>
   1.79
  </rating>
  <reviews>
   713242
  </reviews>
  <new>
   -
  </new>
  <exclusive>
   no
  </exclusive>
 </clothing>
 <clothing>
  <id>
   777541365
  </id>
  <name>
   Ellesse Socks X-2981
  </name>
  <category>
   Socks
  </category>
  <size>
   XXL
  </size>
  <color>
   Желтый
  </color>
  <material>
   Нейлон
  </material>
  <price>
   174073
  </price>
  <rating>
   1.98
  </rating>
  <reviews>
   654275
  </reviews>
  <exclusive>
   no
  </exclusive>
  <sporty>
   yes
  </sporty>
 </clothing>
 <clothing>
  <id>
   533528091
  </id>
  <name>
   Under Armour Umbrellas V-7964
  </name>
  <category>
   Umbrellas
  </category>
  <size>
   M
  </size>
  <color>
   Желтый
  </color>
  <material>
   Нейлон
  </material>
  <price>
   905844
  </price>
  <rating>
   1.05
  </rating>
  <reviews>
   22030
  </reviews>
  <exclusive>
   yes
  </exclusive>
  <sporty>
   yes
  </sporty>
 </clothing>
 <clothing>
  <id>
   902687268
  </id>
  <name>
   DC Jeans P-6283
  </name>
  <category>
   Jeans
  </category>
  <size>
   XL
  </size>
  <color>
   Зеленый
  </color>
  <material>
   Полиэстер
  </material>
  <price>
   934647
  </price>
  <rating>
   3.32
  </rating>
  <reviews>
   935379
  </reviews>
  <new>
   -
  </new>
  <exclusive>
   no
  </exclusive>
 </clothing>
 <clothing>
  <id>
   360403836
  </id>
  <name>
   Reebok Jacket S-4321
  </name>
  <category>
   Jacket
  </category>
  <size>
   XXL
  </size>
  <color>
   Красный
  </color>
  <material>
   Нейлон
  </material>
  <price>
   412966
  </price>
  <rating>
   2.12
  </rating>
  <reviews>
   633750
  </reviews>
  <exclusive>
   no
  </exclusive>
 </clothing>
 <clothing>
  <id>
   910319318
  </id>
  <name>
   Asics Hat B-3644
  </name>
  <category>
   Hat
  </category>
  <size>
   M
  </size>
  <color>
   Красный
  </color>
  <material>
   Лен
  </material>
  <price>
   461009
  </price>
  <rating>
   3.1
  </rating>
  <reviews>
   458367
  </reviews>
  <new>
   -
  </new>
  <sporty>
   yes
  </sporty>
 </clothing>
 <clothing>
  <id>
   929114890
  </id>
  <name>
   Ellesse Socks J-4999
  </name>
  <category>
   Socks
  </category>
  <size>
   XL
  </size>
  <color>
   Голубой
  </color>
  <material>
   Шерсть
  </material>
  <price>
   651047
  </price>
  <rating>
   1.83
  </rating>
  <reviews>
   424459
  </reviews>
  <new>
   +
  </new>
  <sporty>
   no
  </sporty>
 </clothing>
 <clothing>
  <id>
   599642851
  </id>
  <name>
   DC Shirt O-8105
  </name>
  <category>
   Shirt
  </category>
  <size>
   L
  </size>
  <color>
   Голубой
  </color>
  <material>
   Полиэстер
  </material>
  <price>
   941862
  </price>
  <rating>
   4.36
  </rating>
  <reviews>
   919325
  </reviews>
  <new>
   +
  </new>
 </clothing>
 <clothing>
  <id>
   145797755
  </id>
  <name>
   Vans Blouse V-9373
  </name>
  <category>
   Blouse
  </category>
  <size>
   L
  </size>
  <color>
   Красный
  </color>
  <material>
   Хлопок
  </material>
  <price>
   117882
  </price>
  <rating>
   3.38
  </rating>
  <reviews>
   333086
  </reviews>
  <new>
   -
  </new>
 </clothing>
 <clothing>
  <id>
   416908374
  </id>
  <name>
   Brooks Blouse S-6507
  </name>
  <category>
   Blouse
  </category>
  <size>
   S
  </size>
  <color>
   Зеленый
  </color>
  <material>
   Нейлон
  </material>
  <price>
   162473
  </price>
  <rating>
   1.73
  </rating>
  <reviews>
   207160
  </reviews>
  <exclusive>
   yes
  </exclusive>
  <sporty>
   no
  </sporty>
 </clothing>
 <clothing>
  <id>
   732959757
  </id>
  <name>
   Converse Jacket D-2306
  </name>
  <category>
   Jacket
  </category>
  <size>
   XXL
  </size>
  <color>
   Голубой
  </color>
  <material>
   Вискоза
  </material>
  <price>
   975473
  </price>
  <rating>
   2.4
  </rating>
  <reviews>
   535674
  </reviews>
  <new>
   -
  </new>
  <sporty>
   yes
  </sporty>
 </clothing>
</clothing-items>
