<?xml version="1.0" encoding="utf-8"?>
<clothing-items>
 <clothing>
  <id>
   875405347
  </id>
  <name>
   PleinSport Belts O-2208
  </name>
  <category>
   Belts
  </category>
  <size>
   S
  </size>
  <color>
   Желтый
  </color>
  <material>
   Лен
  </material>
  <price>
   699346
  </price>
  <rating>
   3.16
  </rating>
  <reviews>
   977745
  </reviews>
  <sporty>
   yes
  </sporty>
 </clothing>
 <clothing>
  <id>
   716315444
  </id>
  <name>
   New Balance Skirt X-8762
  </name>
  <category>
   Skirt
  </category>
  <size>
   S
  </size>
  <color>
   Фиолетовый
  </color>
  <material>
   Шелк
  </material>
  <price>
   275647
  </price>
  <rating>
   2.66
  </rating>
  <reviews>
   942768
  </reviews>
  <new>
   -
  </new>
  <exclusive>
   yes
  </exclusive>
  <sporty>
   no
  </sporty>
 </clothing>
 <clothing>
  <id>
   366445364
  </id>
  <name>
   Adidas T-shirt X-1380
  </name>
  <category>
   T-shirt
  </category>
  <size>
   XXL
  </size>
  <color>
   Фиолетовый
  </color>
  <material>
   Хлопок
  </material>
  <price>
   889094
  </price>
  <rating>
   2.96
  </rating>
  <reviews>
   493344
  </reviews>
  <exclusive>
   no
  </exclusive>
  <sporty>
   yes
  </sporty>
 </clothing>
 <clothing>
  <id>
   276413982
  </id>
  <name>
   PleinSport T-shirt I-5652
  </name>
  <category>
   T-shirt
  </category>
  <size>
   S
  </size>
  <color>
   Голубой
  </color>
  <material>
   Вискоза
  </material>
  <price>
   745376
  </price>
  <rating>
   3.7
  </rating>
  <reviews>
   62462
  </reviews>
  <exclusive>
   yes
  </exclusive>
  <sporty>
   no
  </sporty>
 </clothing>
 <clothing>
  <id>
   307070577
  </id>
  <name>
   Asics Blouse Z-3594
  </name>
  <category>
   Blouse
  </category>
  <size>
   S
  </size>
  <color>
   Фиолетовый
  </color>
  <material>
   Лен
  </material>
  <price>
   719034
  </price>
  <rating>
   1.19
  </rating>
  <reviews>
   710974
  </reviews>
  <new>
   -
  </new>
  <exclusive>
   yes
  </exclusive>
 </clothing>
 <clothing>
  <id>
   287468905
  </id>
  <name>
   Converse Skirt O-3942
  </name>
  <category>
   Skirt
  </category>
  <size>
   S
  </size>
  <color>
   Фиолетовый
  </color>
  <material>
   Нейлон
  </material>
  <price>
   892092
  </price>
  <rating>
   1.19
  </rating>
  <reviews>
   814881
  </reviews>
  <exclusive>
   no
  </exclusive>
 </clothing>
 <clothing>
  <id>
   290678602
  </id>
  <name>
   Addidas Hat S-2102
  </name>
  <category>
   Hat
  </category>
  <size>
   S
  </size>
  <color>
   Фиолетовый
  </color>
  <material>
   Нейлон
  </material>
  <price>
   636759
  </price>
  <rating>
   1.2
  </rating>
  <reviews>
   851270
  </reviews>
  <sporty>
   no
  </sporty>
 </clothing>
 <clothing>
  <id>
   919363533
  </id>
  <name>
   Vans Jeans B-5245
  </name>
  <category>
   Jeans
  </category>
  <size>
   XL
  </size>
  <color>
   Красный
  </color>
  <material>
   Шелк
  </material>
  <price>
   672371
  </price>
  <rating>
   4.05
  </rating>
  <reviews>
   618103
  </reviews>
  <sporty>
   no
  </sporty>
 </clothing>
 <clothing>
  <id>
   825905654
  </id>
  <name>
   Nike Hat E-6772
  </name>
  <category>
   Hat
  </category>
  <size>
   XL
  </size>
  <color>
   Красный
  </color>
  <material>
   Шелк
  </material>
  <price>
   360542
  </price>
  <rating>
   3.49
  </rating>
  <reviews>
   60826
  </reviews>
  <exclusive>
   yes
  </exclusive>
  <sporty>
   no
  </sporty>
 </clothing>
 <clothing>
  <id>
   178559717
  </id>
  <name>
   Addidas Handbags A-9849
  </name>
  <category>
   Handbags
  </category>
  <size>
   S
  </size>
  <color>
   Желтый
  </color>
  <material>
   Хлопок
  </material>
  <price>
   284430
  </price>
  <rating>
   1.64
  </rating>
  <reviews>
   733247
  </reviews>
  <exclusive>
   no
  </exclusive>
 </clothing>
 <clothing>
  <id>
   406735736
  </id>
  <name>
   DC Jacket Q-9587
  </name>
  <category>
   Jacket
  </category>
  <size>
   S
  </size>
  <color>
   Голубой
  </color>
  <material>
   Полиэстер
  </material>
  <price>
   251981
  </price>
  <rating>
   4.09
  </rating>
  <reviews>
   104290
  </reviews>
  <new>
   -
  </new>
  <exclusive>
   no
  </exclusive>
  <sporty>
   no
  </sporty>
 </clothing>
 <clothing>
  <id>
   384047608
  </id>
  <name>
   New Balance Dress Z-4339
  </name>
  <category>
   Dress
  </category>
  <size>
   XL
  </size>
  <color>
   Зеленый
  </color>
  <material>
   Полиэстер
  </material>
  <price>
   347065
  </price>
  <rating>
   1.54
  </rating>
  <reviews>
   997577
  </reviews>
  <new>
   -
  </new>
  <exclusive>
   no
  </exclusive>
  <sporty>
   yes
  </sporty>
 </clothing>
 <clothing>
  <id>
   473997792
  </id>
  <name>
   Lacoste Jeans J-4827
  </name>
  <category>
   Jeans
  </category>
  <size>
   L
  </size>
  <color>
   Синий
  </color>
  <material>
   Кожа
  </material>
  <price>
   401439
  </price>
  <rating>
   3.7
  </rating>
  <reviews>
   839759
  </reviews>
  <new>
   -
  </new>
  <sporty>
   yes
  </sporty>
 </clothing>
 <clothing>
  <id>
   450040209
  </id>
  <name>
   New Balance Umbrellas G-6522
  </name>
  <category>
   Umbrellas
  </category>
  <size>
   XL
  </size>
  <color>
   Красный
  </color>
  <material>
   Полиэстер
  </material>
  <price>
   735962
  </price>
  <rating>
   4.71
  </rating>
  <reviews>
   620014
  </reviews>
 </clothing>
 <clothing>
  <id>
   570198975
  </id>
  <name>
   Puma Handbags B-4169
  </name>
  <category>
   Handbags
  </category>
  <size>
   S
  </size>
  <color>
   Зеленый
  </color>
  <material>
   Нейлон
  </material>
  <price>
   455288
  </price>
  <rating>
   1.39
  </rating>
  <reviews>
   338094
  </reviews>
 </clothing>
 <clothing>
  <id>
   962832542
  </id>
  <name>
   Ellesse Dress L-3274
  </name>
  <category>
   Dress
  </category>
  <size>
   S
  </size>
  <color>
   Зеленый
  </color>
  <material>
   Кожа
  </material>
  <price>
   452812
  </price>
  <rating>
   3.1
  </rating>
  <reviews>
   454198
  </reviews>
  <new>
   +
  </new>
  <exclusive>
   no
  </exclusive>
  <sporty>
   yes
  </sporty>
 </clothing>
 <clothing>
  <id>
   943449046
  </id>
  <name>
   Adidas Shirt Z-3389
  </name>
  <category>
   Shirt
  </category>
  <size>
   M
  </size>
  <color>
   Красный
  </color>
  <material>
   Шелк
  </material>
  <price>
   610078
  </price>
  <rating>
   3.25
  </rating>
  <reviews>
   923461
  </reviews>
  <new>
   +
  </new>
  <exclusive>
   yes
  </exclusive>
 </clothing>
 <clothing>
  <id>
   816038643
  </id>
  <name>
   DC T-shirt R-1816
  </name>
  <category>
   T-shirt
  </category>
  <size>
   L
  </size>
  <color>
   Зеленый
  </color>
  <material>
   Нейлон
  </material>
  <price>
   812398
  </price>
  <rating>
   4.87
  </rating>
  <reviews>
   496423
  </reviews>
 </clothing>
 <clothing>
  <id>
   724719370
  </id>
  <name>
   Lacoste Skirt U-3171
  </name>
  <category>
   Skirt
  </category>
  <size>
   S
  </size>
  <color>
   Красный
  </color>
  <material>
   Шерсть
  </material>
  <price>
   363227
  </price>
  <rating>
   4.47
  </rating>
  <reviews>
   60735
  </reviews>
  <new>
   +
  </new>
  <exclusive>
   no
  </exclusive>
  <sporty>
   no
  </sporty>
 </clothing>
 <clothing>
  <id>
   254636495
  </id>
  <name>
   PleinSport Belts L-6215
  </name>
  <category>
   Belts
  </category>
  <size>
   M
  </size>
  <color>
   Голубой
  </color>
  <material>
   Нейлон
  </material>
  <price>
   685732
  </price>
  <rating>
   1.26
  </rating>
  <reviews>
   599049
  </reviews>
  <exclusive>
   no
  </exclusive>
  <sporty>
   yes
  </sporty>
 </clothing>
 <clothing>
  <id>
   194343786
  </id>
  <name>
   Asics Shirt C-7646
  </name>
  <category>
   Shirt
  </category>
  <size>
   M
  </size>
  <color>
   Оранжевый
  </color>
  <material>
   Вискоза
  </material>
  <price>
   272491
  </price>
  <rating>
   4.77
  </rating>
  <reviews>
   256511
  </reviews>
  <new>
   -
  </new>
  <exclusive>
   no
  </exclusive>
 </clothing>
 <clothing>
  <id>
   754329937
  </id>
  <name>
   Brooks Umbrellas E-1966
  </name>
  <category>
   Umbrellas
  </category>
  <size>
   XXL
  </size>
  <color>
   Зеленый
  </color>
  <material>
   Хлопок
  </material>
  <price>
   844972
  </price>
  <rating>
   1.17
  </rating>
  <reviews>
   151319
  </reviews>
  <exclusive>
   no
  </exclusive>
  <sporty>
   yes
  </sporty>
 </clothing>
</clothing-items>
