<?xml version="1.0" encoding="utf-8"?>
<clothing-items>
 <clothing>
  <id>
   547224000
  </id>
  <name>
   PleinSport Socks F-2244
  </name>
  <category>
   Socks
  </category>
  <size>
   XXL
  </size>
  <color>
   Фиолетовый
  </color>
  <material>
   Шелк
  </material>
  <price>
   455197
  </price>
  <rating>
   3.45
  </rating>
  <reviews>
   409924
  </reviews>
  <new>
   +
  </new>
  <exclusive>
   no
  </exclusive>
 </clothing>
 <clothing>
  <id>
   465002216
  </id>
  <name>
   Brooks Jeans P-3417
  </name>
  <category>
   Jeans
  </category>
  <size>
   L
  </size>
  <color>
   Желтый
  </color>
  <material>
   Шелк
  </material>
  <price>
   408310
  </price>
  <rating>
   1.98
  </rating>
  <reviews>
   287098
  </reviews>
  <sporty>
   yes
  </sporty>
 </clothing>
 <clothing>
  <id>
   844080331
  </id>
  <name>
   Reebok Shirt Q-3508
  </name>
  <category>
   Shirt
  </category>
  <size>
   L
  </size>
  <color>
   Оранжевый
  </color>
  <material>
   Вискоза
  </material>
  <price>
   328392
  </price>
  <rating>
   1.03
  </rating>
  <reviews>
   67587
  </reviews>
  <exclusive>
   no
  </exclusive>
 </clothing>
 <clothing>
  <id>
   672602318
  </id>
  <name>
   Addidas Jacket E-4159
  </name>
  <category>
   Jacket
  </category>
  <size>
   L
  </size>
  <color>
   Красный
  </color>
  <material>
   Полиэстер
  </material>
  <price>
   106268
  </price>
  <rating>
   3.18
  </rating>
  <reviews>
   124154
  </reviews>
  <new>
   -
  </new>
  <sporty>
   no
  </sporty>
 </clothing>
 <clothing>
  <id>
   775181558
  </id>
  <name>
   PleinSport Handbags W-7329
  </name>
  <category>
   Handbags
  </category>
  <size>
   L
  </size>
  <color>
   Синий
  </color>
  <material>
   Лен
  </material>
  <price>
   308192
  </price>
  <rating>
   1.97
  </rating>
  <reviews>
   71312
  </reviews>
  <new>
   +
  </new>
  <exclusive>
   yes
  </exclusive>
 </clothing>
 <clothing>
  <id>
   528171136
  </id>
  <name>
   DC Blouse U-4183
  </name>
  <category>
   Blouse
  </category>
  <size>
   XL
  </size>
  <color>
   Красный
  </color>
  <material>
   Вискоза
  </material>
  <price>
   546091
  </price>
  <rating>
   1.76
  </rating>
  <reviews>
   671162
  </reviews>
  <new>
   -
  </new>
  <exclusive>
   no
  </exclusive>
 </clothing>
 <clothing>
  <id>
   359185919
  </id>
  <name>
   Fila T-shirt N-9101
  </name>
  <category>
   T-shirt
  </category>
  <size>
   S
  </size>
  <color>
   Зеленый
  </color>
  <material>
   Шелк
  </material>
  <price>
   708486
  </price>
  <rating>
   1.02
  </rating>
  <reviews>
   620598
  </reviews>
  <sporty>
   yes
  </sporty>
 </clothing>
 <clothing>
  <id>
   512130077
  </id>
  <name>
   Brooks Socks K-4629
  </name>
  <category>
   Socks
  </category>
  <size>
   M
  </size>
  <color>
   Зеленый
  </color>
  <material>
   Полиэстер
  </material>
  <price>
   471618
  </price>
  <rating>
   1.46
  </rating>
  <reviews>
   49148
  </reviews>
  <new>
   +
  </new>
 </clothing>
 <clothing>
  <id>
   998280241
  </id>
  <name>
   Converse Jacket I-8255
  </name>
  <category>
   Jacket
  </category>
  <size>
   XXL
  </size>
  <color>
   Оранжевый
  </color>
  <material>
   Полиэстер
  </material>
  <price>
   292889
  </price>
  <rating>
   2.88
  </rating>
  <reviews>
   25013
  </reviews>
  <exclusive>
   yes
  </exclusive>
 </clothing>
 <clothing>
  <id>
   354828073
  </id>
  <name>
   Nike Sweater H-8088
  </name>
  <category>
   Sweater
  </category>
  <size>
   XL
  </size>
  <color>
   Красный
  </color>
  <material>
   Лен
  </material>
  <price>
   570748
  </price>
  <rating>
   1.15
  </rating>
  <reviews>
   808483
  </reviews>
  <exclusive>
   yes
  </exclusive>
  <sporty>
   no
  </sporty>
 </clothing>
 <clothing>
  <id>
   581696973
  </id>
  <name>
   New Balance Shirt X-1251
  </name>
  <category>
   Shirt
  </category>
  <size>
   XL
  </size>
  <color>
   Желтый
  </color>
  <material>
   Шерсть
  </material>
  <price>
   434964
  </price>
  <rating>
   3.14
  </rating>
  <reviews>
   187913
  </reviews>
  <new>
   +
  </new>
  <exclusive>
   no
  </exclusive>
 </clothing>
 <clothing>
  <id>
   389739674
  </id>
  <name>
   DC Dress X-4807
  </name>
  <category>
   Dress
  </category>
  <size>
   XXL
  </size>
  <color>
   Фиолетовый
  </color>
  <material>
   Вискоза
  </material>
  <price>
   330952
  </price>
  <rating>
   1.04
  </rating>
  <reviews>
   527473
  </reviews>
  <sporty>
   no
  </sporty>
 </clothing>
 <clothing>
  <id>
   546066800
  </id>
  <name>
   Under Armour Jacket Q-7222
  </name>
  <category>
   Jacket
  </category>
  <size>
   M
  </size>
  <color>
   Фиолетовый
  </color>
  <material>
   Вискоза
  </material>
  <price>
   675338
  </price>
  <rating>
   2.69
  </rating>
  <reviews>
   828495
  </reviews>
  <new>
   -
  </new>
  <sporty>
   no
  </sporty>
 </clothing>
 <clothing>
  <id>
   737677390
  </id>
  <name>
   Addidas Umbrellas Z-8309
  </name>
  <category>
   Umbrellas
  </category>
  <size>
   XL
  </size>
  <color>
   Синий
  </color>
  <material>
   Полиэстер
  </material>
  <price>
   250434
  </price>
  <rating>
   3.87
  </rating>
  <reviews>
   147389
  </reviews>
  <new>
   +
  </new>
  <exclusive>
   no
  </exclusive>
 </clothing>
 <clothing>
  <id>
   227592835
  </id>
  <name>
   Asics Jacket K-5000
  </name>
  <category>
   Jacket
  </category>
  <size>
   S
  </size>
  <color>
   Красный
  </color>
  <material>
   Шерсть
  </material>
  <price>
   836730
  </price>
  <rating>
   2.32
  </rating>
  <reviews>
   214748
  </reviews>
  <new>
   -
  </new>
 </clothing>
 <clothing>
  <id>
   871785412
  </id>
  <name>
   Brooks Socks F-5637
  </name>
  <category>
   Socks
  </category>
  <size>
   XL
  </size>
  <color>
   Голубой
  </color>
  <material>
   Полиэстер
  </material>
  <price>
   893257
  </price>
  <rating>
   2.29
  </rating>
  <reviews>
   134199
  </reviews>
  <exclusive>
   no
  </exclusive>
 </clothing>
 <clothing>
  <id>
   200077500
  </id>
  <name>
   Reebok Handbags U-3711
  </name>
  <category>
   Handbags
  </category>
  <size>
   L
  </size>
  <color>
   Фиолетовый
  </color>
  <material>
   Хлопок
  </material>
  <price>
   238566
  </price>
  <rating>
   3.61
  </rating>
  <reviews>
   740874
  </reviews>
  <sporty>
   no
  </sporty>
 </clothing>
 <clothing>
  <id>
   445198939
  </id>
  <name>
   Addidas Shoes B-2602
  </name>
  <category>
   Shoes
  </category>
  <size>
   L
  </size>
  <color>
   Фиолетовый
  </color>
  <material>
   Лен
  </material>
  <price>
   489708
  </price>
  <rating>
   2.43
  </rating>
  <reviews>
   58643
  </reviews>
  <new>
   -
  </new>
  <exclusive>
   no
  </exclusive>
  <sporty>
   no
  </sporty>
 </clothing>
 <clothing>
  <id>
   127216572
  </id>
  <name>
   DC Dress S-3083
  </name>
  <category>
   Dress
  </category>
  <size>
   M
  </size>
  <color>
   Зеленый
  </color>
  <material>
   Лен
  </material>
  <price>
   779075
  </price>
  <rating>
   3.42
  </rating>
  <reviews>
   628187
  </reviews>
  <sporty>
   no
  </sporty>
 </clothing>
 <clothing>
  <id>
   579130002
  </id>
  <name>
   New Balance T-shirt P-5610
  </name>
  <category>
   T-shirt
  </category>
  <size>
   S
  </size>
  <color>
   Фиолетовый
  </color>
  <material>
   Вискоза
  </material>
  <price>
   234006
  </price>
  <rating>
   2.64
  </rating>
  <reviews>
   204169
  </reviews>
  <exclusive>
   no
  </exclusive>
 </clothing>
 <clothing>
  <id>
   583446256
  </id>
  <name>
   PleinSport Gloves E-6697
  </name>
  <category>
   Gloves
  </category>
  <size>
   XL
  </size>
  <color>
   Желтый
  </color>
  <material>
   Нейлон
  </material>
  <price>
   797150
  </price>
  <rating>
   3.01
  </rating>
  <reviews>
   584242
  </reviews>
  <new>
   +
  </new>
  <sporty>
   yes
  </sporty>
 </clothing>
</clothing-items>
