<?xml version="1.0" encoding="utf-8"?>
<clothing-items>
 <clothing>
  <id>
   252124902
  </id>
  <name>
   Adidas Pants R-6955
  </name>
  <category>
   Pants
  </category>
  <size>
   XL
  </size>
  <color>
   Зеленый
  </color>
  <material>
   Кожа
  </material>
  <price>
   840605
  </price>
  <rating>
   1.79
  </rating>
  <reviews>
   237979
  </reviews>
  <new>
   -
  </new>
  <sporty>
   no
  </sporty>
 </clothing>
 <clothing>
  <id>
   949537497
  </id>
  <name>
   PleinSport Belts Z-5668
  </name>
  <category>
   Belts
  </category>
  <size>
   XXL
  </size>
  <color>
   Желтый
  </color>
  <material>
   Кожа
  </material>
  <price>
   541149
  </price>
  <rating>
   4.8
  </rating>
  <reviews>
   838732
  </reviews>
  <new>
   -
  </new>
  <exclusive>
   no
  </exclusive>
 </clothing>
 <clothing>
  <id>
   848497455
  </id>
  <name>
   Reebok Dress G-4975
  </name>
  <category>
   Dress
  </category>
  <size>
   XL
  </size>
  <color>
   Фиолетовый
  </color>
  <material>
   Нейлон
  </material>
  <price>
   513711
  </price>
  <rating>
   2.91
  </rating>
  <reviews>
   250766
  </reviews>
  <new>
   -
  </new>
  <exclusive>
   yes
  </exclusive>
 </clothing>
 <clothing>
  <id>
   226191264
  </id>
  <name>
   Lacoste Jeans L-7308
  </name>
  <category>
   Jeans
  </category>
  <size>
   XXL
  </size>
  <color>
   Голубой
  </color>
  <material>
   Нейлон
  </material>
  <price>
   981659
  </price>
  <rating>
   3.61
  </rating>
  <reviews>
   968661
  </reviews>
  <sporty>
   no
  </sporty>
 </clothing>
 <clothing>
  <id>
   548178076
  </id>
  <name>
   DC Socks X-4465
  </name>
  <category>
   Socks
  </category>
  <size>
   S
  </size>
  <color>
   Оранжевый
  </color>
  <material>
   Нейлон
  </material>
  <price>
   583925
  </price>
  <rating>
   3.19
  </rating>
  <reviews>
   930001
  </reviews>
  <new>
   +
  </new>
 </clothing>
 <clothing>
  <id>
   572083011
  </id>
  <name>
   DC Jacket K-8556
  </name>
  <category>
   Jacket
  </category>
  <size>
   XXL
  </size>
  <color>
   Красный
  </color>
  <material>
   Кожа
  </material>
  <price>
   124877
  </price>
  <rating>
   4.33
  </rating>
  <reviews>
   151183
  </reviews>
  <new>
   -
  </new>
  <exclusive>
   no
  </exclusive>
  <sporty>
   no
  </sporty>
 </clothing>
 <clothing>
  <id>
   235855783
  </id>
  <name>
   Lacoste Jacket W-2908
  </name>
  <category>
   Jacket
  </category>
  <size>
   L
  </size>
  <color>
   Синий
  </color>
  <material>
   Нейлон
  </material>
  <price>
   642256
  </price>
  <rating>
   2.15
  </rating>
  <reviews>
   636687
  </reviews>
  <new>
   -
  </new>
  <exclusive>
   yes
  </exclusive>
 </clothing>
 <clothing>
  <id>
   525693618
  </id>
  <name>
   Asics Gloves J-9862
  </name>
  <category>
   Gloves
  </category>
  <size>
   XL
  </size>
  <color>
   Фиолетовый
  </color>
  <material>
   Нейлон
  </material>
  <price>
   384047
  </price>
  <rating>
   3.46
  </rating>
  <reviews>
   564791
  </reviews>
  <new>
   +
  </new>
  <exclusive>
   yes
  </exclusive>
 </clothing>
 <clothing>
  <id>
   228429624
  </id>
  <name>
   PleinSport Gloves G-7819
  </name>
  <category>
   Gloves
  </category>
  <size>
   XXL
  </size>
  <color>
   Желтый
  </color>
  <material>
   Шелк
  </material>
  <price>
   163345
  </price>
  <rating>
   2.84
  </rating>
  <reviews>
   288998
  </reviews>
  <new>
   -
  </new>
  <exclusive>
   no
  </exclusive>
 </clothing>
 <clothing>
  <id>
   923098159
  </id>
  <name>
   Converse Pants U-7624
  </name>
  <category>
   Pants
  </category>
  <size>
   XXL
  </size>
  <color>
   Голубой
  </color>
  <material>
   Шелк
  </material>
  <price>
   376079
  </price>
  <rating>
   3.08
  </rating>
  <reviews>
   842849
  </reviews>
  <new>
   -
  </new>
  <exclusive>
   no
  </exclusive>
 </clothing>
 <clothing>
  <id>
   332127048
  </id>
  <name>
   Asics Handbags X-6244
  </name>
  <category>
   Handbags
  </category>
  <size>
   M
  </size>
  <color>
   Желтый
  </color>
  <material>
   Нейлон
  </material>
  <price>
   809544
  </price>
  <rating>
   1.36
  </rating>
  <reviews>
   863733
  </reviews>
  <new>
   -
  </new>
  <exclusive>
   yes
  </exclusive>
  <sporty>
   no
  </sporty>
 </clothing>
 <clothing>
  <id>
   537921033
  </id>
  <name>
   Asics T-shirt A-3064
  </name>
  <category>
   T-shirt
  </category>
  <size>
   S
  </size>
  <color>
   Голубой
  </color>
  <material>
   Нейлон
  </material>
  <price>
   514766
  </price>
  <rating>
   1.39
  </rating>
  <reviews>
   300605
  </reviews>
  <new>
   +
  </new>
  <exclusive>
   no
  </exclusive>
  <sporty>
   no
  </sporty>
 </clothing>
 <clothing>
  <id>
   405020113
  </id>
  <name>
   Converse Dress O-4416
  </name>
  <category>
   Dress
  </category>
  <size>
   XXL
  </size>
  <color>
   Желтый
  </color>
  <material>
   Кожа
  </material>
  <price>
   165724
  </price>
  <rating>
   1.13
  </rating>
  <reviews>
   933315
  </reviews>
  <new>
   -
  </new>
  <exclusive>
   yes
  </exclusive>
  <sporty>
   yes
  </sporty>
 </clothing>
 <clothing>
  <id>
   466669859
  </id>
  <name>
   Addidas Dress F-3493
  </name>
  <category>
   Dress
  </category>
  <size>
   XL
  </size>
  <color>
   Фиолетовый
  </color>
  <material>
   Полиэстер
  </material>
  <price>
   650122
  </price>
  <rating>
   1.92
  </rating>
  <reviews>
   361036
  </reviews>
  <sporty>
   no
  </sporty>
 </clothing>
 <clothing>
  <id>
   463610755
  </id>
  <name>
   Asics Jacket F-2308
  </name>
  <category>
   Jacket
  </category>
  <size>
   L
  </size>
  <color>
   Желтый
  </color>
  <material>
   Шерсть
  </material>
  <price>
   934891
  </price>
  <rating>
   4.03
  </rating>
  <reviews>
   19003
  </reviews>
  <new>
   -
  </new>
  <exclusive>
   no
  </exclusive>
 </clothing>
 <clothing>
  <id>
   830019794
  </id>
  <name>
   DC Gloves V-5236
  </name>
  <category>
   Gloves
  </category>
  <size>
   M
  </size>
  <color>
   Фиолетовый
  </color>
  <material>
   Шелк
  </material>
  <price>
   442040
  </price>
  <rating>
   3.53
  </rating>
  <reviews>
   792802
  </reviews>
  <new>
   -
  </new>
  <sporty>
   yes
  </sporty>
 </clothing>
 <clothing>
  <id>
   634094345
  </id>
  <name>
   Brooks Shoes K-1410
  </name>
  <category>
   Shoes
  </category>
  <size>
   L
  </size>
  <color>
   Фиолетовый
  </color>
  <material>
   Вискоза
  </material>
  <price>
   369261
  </price>
  <rating>
   4.64
  </rating>
  <reviews>
   739994
  </reviews>
  <new>
   -
  </new>
  <sporty>
   yes
  </sporty>
 </clothing>
 <clothing>
  <id>
   649029172
  </id>
  <name>
   Asics Jacket G-9603
  </name>
  <category>
   Jacket
  </category>
  <size>
   M
  </size>
  <color>
   Фиолетовый
  </color>
  <material>
   Шелк
  </material>
  <price>
   896137
  </price>
  <rating>
   2.53
  </rating>
  <reviews>
   306952
  </reviews>
  <exclusive>
   no
  </exclusive>
 </clothing>
 <clothing>
  <id>
   876357013
  </id>
  <name>
   Puma Shoes U-8144
  </name>
  <category>
   Shoes
  </category>
  <size>
   XL
  </size>
  <color>
   Зеленый
  </color>
  <material>
   Шерсть
  </material>
  <price>
   989584
  </price>
  <rating>
   1.4
  </rating>
  <reviews>
   990907
  </reviews>
  <new>
   -
  </new>
  <exclusive>
   yes
  </exclusive>
  <sporty>
   yes
  </sporty>
 </clothing>
 <clothing>
  <id>
   852276796
  </id>
  <name>
   Fila Jeans U-5659
  </name>
  <category>
   Jeans
  </category>
  <size>
   S
  </size>
  <color>
   Зеленый
  </color>
  <material>
   Шелк
  </material>
  <price>
   681879
  </price>
  <rating>
   3.42
  </rating>
  <reviews>
   623454
  </reviews>
  <new>
   +
  </new>
  <exclusive>
   yes
  </exclusive>
 </clothing>
 <clothing>
  <id>
   918946900
  </id>
  <name>
   New Balance Jeans E-6663
  </name>
  <category>
   Jeans
  </category>
  <size>
   L
  </size>
  <color>
   Голубой
  </color>
  <material>
   Полиэстер
  </material>
  <price>
   966925
  </price>
  <rating>
   2.87
  </rating>
  <reviews>
   73085
  </reviews>
  <new>
   +
  </new>
  <sporty>
   no
  </sporty>
 </clothing>
 <clothing>
  <id>
   532356191
  </id>
  <name>
   Nike Socks B-6281
  </name>
  <category>
   Socks
  </category>
  <size>
   S
  </size>
  <color>
   Зеленый
  </color>
  <material>
   Полиэстер
  </material>
  <price>
   633776
  </price>
  <rating>
   1.14
  </rating>
  <reviews>
   765342
  </reviews>
  <sporty>
   no
  </sporty>
 </clothing>
 <clothing>
  <id>
   402891963
  </id>
  <name>
   New Balance Jeans P-3712
  </name>
  <category>
   Jeans
  </category>
  <size>
   L
  </size>
  <color>
   Оранжевый
  </color>
  <material>
   Кожа
  </material>
  <price>
   604232
  </price>
  <rating>
   4.8
  </rating>
  <reviews>
   488341
  </reviews>
  <new>
   -
  </new>
  <exclusive>
   yes
  </exclusive>
  <sporty>
   no
  </sporty>
 </clothing>
 <clothing>
  <id>
   425294459
  </id>
  <name>
   Reebok Jeans C-5016
  </name>
  <category>
   Jeans
  </category>
  <size>
   XL
  </size>
  <color>
   Голубой
  </color>
  <material>
   Полиэстер
  </material>
  <price>
   368111
  </price>
  <rating>
   1.08
  </rating>
  <reviews>
   965717
  </reviews>
  <exclusive>
   yes
  </exclusive>
 </clothing>
 <clothing>
  <id>
   963580265
  </id>
  <name>
   PleinSport Belts O-3541
  </name>
  <category>
   Belts
  </category>
  <size>
   XL
  </size>
  <color>
   Оранжевый
  </color>
  <material>
   Нейлон
  </material>
  <price>
   362672
  </price>
  <rating>
   4.5
  </rating>
  <reviews>
   840797
  </reviews>
  <exclusive>
   yes
  </exclusive>
  <sporty>
   yes
  </sporty>
 </clothing>
 <clothing>
  <id>
   866413870
  </id>
  <name>
   Asics Belts V-8218
  </name>
  <category>
   Belts
  </category>
  <size>
   XL
  </size>
  <color>
   Зеленый
  </color>
  <material>
   Лен
  </material>
  <price>
   152379
  </price>
  <rating>
   2.71
  </rating>
  <reviews>
   719304
  </reviews>
  <new>
   +
  </new>
 </clothing>
 <clothing>
  <id>
   965697088
  </id>
  <name>
   Reebok Jacket D-9755
  </name>
  <category>
   Jacket
  </category>
  <size>
   XXL
  </size>
  <color>
   Желтый
  </color>
  <material>
   Лен
  </material>
  <price>
   334935
  </price>
  <rating>
   4.31
  </rating>
  <reviews>
   57258
  </reviews>
  <new>
   -
  </new>
  <exclusive>
   yes
  </exclusive>
 </clothing>
 <clothing>
  <id>
   774241311
  </id>
  <name>
   Puma Jeans M-2856
  </name>
  <category>
   Jeans
  </category>
  <size>
   M
  </size>
  <color>
   Оранжевый
  </color>
  <material>
   Хлопок
  </material>
  <price>
   219260
  </price>
  <rating>
   4.7
  </rating>
  <reviews>
   867250
  </reviews>
  <new>
   -
  </new>
  <exclusive>
   yes
  </exclusive>
 </clothing>
 <clothing>
  <id>
   742555624
  </id>
  <name>
   Adidas Sweater X-2296
  </name>
  <category>
   Sweater
  </category>
  <size>
   M
  </size>
  <color>
   Зеленый
  </color>
  <material>
   Шерсть
  </material>
  <price>
   934257
  </price>
  <rating>
   1.85
  </rating>
  <reviews>
   117475
  </reviews>
  <exclusive>
   no
  </exclusive>
 </clothing>
 <clothing>
  <id>
   545993991
  </id>
  <name>
   Brooks Blouse N-3959
  </name>
  <category>
   Blouse
  </category>
  <size>
   XXL
  </size>
  <color>
   Желтый
  </color>
  <material>
   Кожа
  </material>
  <price>
   689640
  </price>
  <rating>
   1.66
  </rating>
  <reviews>
   602624
  </reviews>
  <exclusive>
   no
  </exclusive>
  <sporty>
   no
  </sporty>
 </clothing>
 <clothing>
  <id>
   654676438
  </id>
  <name>
   Converse Blouse Q-2415
  </name>
  <category>
   Blouse
  </category>
  <size>
   XXL
  </size>
  <color>
   Синий
  </color>
  <material>
   Лен
  </material>
  <price>
   217698
  </price>
  <rating>
   4.3
  </rating>
  <reviews>
   312671
  </reviews>
  <sporty>
   no
  </sporty>
 </clothing>
 <clothing>
  <id>
   789680358
  </id>
  <name>
   Converse Jeans L-4362
  </name>
  <category>
   Jeans
  </category>
  <size>
   XL
  </size>
  <color>
   Голубой
  </color>
  <material>
   Шерсть
  </material>
  <price>
   560461
  </price>
  <rating>
   4.48
  </rating>
  <reviews>
   370952
  </reviews>
  <exclusive>
   yes
  </exclusive>
  <sporty>
   no
  </sporty>
 </clothing>
 <clothing>
  <id>
   936397861
  </id>
  <name>
   PleinSport Pants X-3258
  </name>
  <category>
   Pants
  </category>
  <size>
   M
  </size>
  <color>
   Желтый
  </color>
  <material>
   Шерсть
  </material>
  <price>
   251643
  </price>
  <rating>
   3.22
  </rating>
  <reviews>
   655665
  </reviews>
  <new>
   -
  </new>
  <sporty>
   no
  </sporty>
 </clothing>
 <clothing>
  <id>
   537654058
  </id>
  <name>
   Nike Umbrellas R-6507
  </name>
  <category>
   Umbrellas
  </category>
  <size>
   L
  </size>
  <color>
   Желтый
  </color>
  <material>
   Нейлон
  </material>
  <price>
   191646
  </price>
  <rating>
   2.6
  </rating>
  <reviews>
   786854
  </reviews>
  <sporty>
   no
  </sporty>
 </clothing>
 <clothing>
  <id>
   567705585
  </id>
  <name>
   Adidas Jeans Z-9447
  </name>
  <category>
   Jeans
  </category>
  <size>
   M
  </size>
  <color>
   Синий
  </color>
  <material>
   Кожа
  </material>
  <price>
   566494
  </price>
  <rating>
   4.74
  </rating>
  <reviews>
   878648
  </reviews>
  <new>
   +
  </new>
  <exclusive>
   yes
  </exclusive>
  <sporty>
   no
  </sporty>
 </clothing>
 <clothing>
  <id>
   755658398
  </id>
  <name>
   Lacoste Pants T-6580
  </name>
  <category>
   Pants
  </category>
  <size>
   XXL
  </size>
  <color>
   Синий
  </color>
  <material>
   Шелк
  </material>
  <price>
   781373
  </price>
  <rating>
   3.02
  </rating>
  <reviews>
   241523
  </reviews>
  <new>
   -
  </new>
  <sporty>
   yes
  </sporty>
 </clothing>
 <clothing>
  <id>
   259706610
  </id>
  <name>
   Adidas Hat O-8840
  </name>
  <category>
   Hat
  </category>
  <size>
   S
  </size>
  <color>
   Синий
  </color>
  <material>
   Хлопок
  </material>
  <price>
   359305
  </price>
  <rating>
   1.53
  </rating>
  <reviews>
   241665
  </reviews>
  <exclusive>
   no
  </exclusive>
  <sporty>
   yes
  </sporty>
 </clothing>
 <clothing>
  <id>
   615170801
  </id>
  <name>
   Puma Skirt Q-1002
  </name>
  <category>
   Skirt
  </category>
  <size>
   XXL
  </size>
  <color>
   Синий
  </color>
  <material>
   Шерсть
  </material>
  <price>
   906269
  </price>
  <rating>
   3.81
  </rating>
  <reviews>
   571404
  </reviews>
  <exclusive>
   no
  </exclusive>
 </clothing>
 <clothing>
  <id>
   895601885
  </id>
  <name>
   Lacoste Socks X-7518
  </name>
  <category>
   Socks
  </category>
  <size>
   XXL
  </size>
  <color>
   Оранжевый
  </color>
  <material>
   Шерсть
  </material>
  <price>
   574709
  </price>
  <rating>
   3.83
  </rating>
  <reviews>
   36903
  </reviews>
  <exclusive>
   no
  </exclusive>
  <sporty>
   yes
  </sporty>
 </clothing>
 <clothing>
  <id>
   525216004
  </id>
  <name>
   Ellesse Blouse R-4452
  </name>
  <category>
   Blouse
  </category>
  <size>
   L
  </size>
  <color>
   Синий
  </color>
  <material>
   Полиэстер
  </material>
  <price>
   484142
  </price>
  <rating>
   1.35
  </rating>
  <reviews>
   33555
  </reviews>
  <new>
   -
  </new>
  <exclusive>
   no
  </exclusive>
  <sporty>
   no
  </sporty>
 </clothing>
 <clothing>
  <id>
   770095930
  </id>
  <name>
   Asics Sweater S-5027
  </name>
  <category>
   Sweater
  </category>
  <size>
   XL
  </size>
  <color>
   Оранжевый
  </color>
  <material>
   Кожа
  </material>
  <price>
   180912
  </price>
  <rating>
   2.03
  </rating>
  <reviews>
   622136
  </reviews>
  <new>
   +
  </new>
  <exclusive>
   no
  </exclusive>
 </clothing>
</clothing-items>
