<?xml version="1.0" encoding="utf-8"?>
<clothing-items>
 <clothing>
  <id>
   647464832
  </id>
  <name>
   Ellesse Skirt J-8948
  </name>
  <category>
   Skirt
  </category>
  <size>
   XL
  </size>
  <color>
   Оранжевый
  </color>
  <material>
   Вискоза
  </material>
  <price>
   430358
  </price>
  <rating>
   1.14
  </rating>
  <reviews>
   58070
  </reviews>
  <new>
   -
  </new>
  <sporty>
   no
  </sporty>
 </clothing>
 <clothing>
  <id>
   279750083
  </id>
  <name>
   Addidas Sweater G-6238
  </name>
  <category>
   Sweater
  </category>
  <size>
   XXL
  </size>
  <color>
   Фиолетовый
  </color>
  <material>
   Нейлон
  </material>
  <price>
   363725
  </price>
  <rating>
   2.46
  </rating>
  <reviews>
   262369
  </reviews>
  <new>
   -
  </new>
  <sporty>
   yes
  </sporty>
 </clothing>
 <clothing>
  <id>
   870928590
  </id>
  <name>
   Brooks Blouse L-1957
  </name>
  <category>
   Blouse
  </category>
  <size>
   S
  </size>
  <color>
   Красный
  </color>
  <material>
   Нейлон
  </material>
  <price>
   898429
  </price>
  <rating>
   3.86
  </rating>
  <reviews>
   275441
  </reviews>
  <sporty>
   no
  </sporty>
 </clothing>
 <clothing>
  <id>
   397353869
  </id>
  <name>
   Nike Shirt I-9234
  </name>
  <category>
   Shirt
  </category>
  <size>
   M
  </size>
  <color>
   Голубой
  </color>
  <material>
   Лен
  </material>
  <price>
   694163
  </price>
  <rating>
   1.74
  </rating>
  <reviews>
   482687
  </reviews>
  <sporty>
   yes
  </sporty>
 </clothing>
 <clothing>
  <id>
   759926369
  </id>
  <name>
   New Balance Blouse Z-4653
  </name>
  <category>
   Blouse
  </category>
  <size>
   L
  </size>
  <color>
   Оранжевый
  </color>
  <material>
   Хлопок
  </material>
  <price>
   726443
  </price>
  <rating>
   2.9
  </rating>
  <reviews>
   668806
  </reviews>
  <sporty>
   yes
  </sporty>
 </clothing>
 <clothing>
  <id>
   145266306
  </id>
  <name>
   Fila Sweater J-6773
  </name>
  <category>
   Sweater
  </category>
  <size>
   L
  </size>
  <color>
   Желтый
  </color>
  <material>
   Полиэстер
  </material>
  <price>
   131931
  </price>
  <rating>
   1.68
  </rating>
  <reviews>
   13351
  </reviews>
  <new>
   -
  </new>
  <exclusive>
   no
  </exclusive>
  <sporty>
   yes
  </sporty>
 </clothing>
 <clothing>
  <id>
   589895153
  </id>
  <name>
   Reebok Sweater N-8727
  </name>
  <category>
   Sweater
  </category>
  <size>
   XXL
  </size>
  <color>
   Голубой
  </color>
  <material>
   Нейлон
  </material>
  <price>
   604249
  </price>
  <rating>
   1.62
  </rating>
  <reviews>
   31123
  </reviews>
  <sporty>
   yes
  </sporty>
 </clothing>
 <clothing>
  <id>
   903864775
  </id>
  <name>
   Brooks Blouse L-1221
  </name>
  <category>
   Blouse
  </category>
  <size>
   XXL
  </size>
  <color>
   Зеленый
  </color>
  <material>
   Лен
  </material>
  <price>
   407698
  </price>
  <rating>
   4.9
  </rating>
  <reviews>
   253752
  </reviews>
  <new>
   -
  </new>
  <sporty>
   yes
  </sporty>
 </clothing>
 <clothing>
  <id>
   288787053
  </id>
  <name>
   Under Armour Gloves B-1595
  </name>
  <category>
   Gloves
  </category>
  <size>
   XXL
  </size>
  <color>
   Оранжевый
  </color>
  <material>
   Вискоза
  </material>
  <price>
   915854
  </price>
  <rating>
   3.43
  </rating>
  <reviews>
   242467
  </reviews>
  <exclusive>
   yes
  </exclusive>
  <sporty>
   no
  </sporty>
 </clothing>
 <clothing>
  <id>
   930352736
  </id>
  <name>
   Asics Sweater R-5878
  </name>
  <category>
   Sweater
  </category>
  <size>
   L
  </size>
  <color>
   Красный
  </color>
  <material>
   Вискоза
  </material>
  <price>
   901303
  </price>
  <rating>
   3.65
  </rating>
  <reviews>
   396619
  </reviews>
  <new>
   -
  </new>
  <exclusive>
   yes
  </exclusive>
  <sporty>
   no
  </sporty>
 </clothing>
 <clothing>
  <id>
   465941978
  </id>
  <name>
   Vans Skirt Y-9076
  </name>
  <category>
   Skirt
  </category>
  <size>
   XXL
  </size>
  <color>
   Фиолетовый
  </color>
  <material>
   Хлопок
  </material>
  <price>
   878605
  </price>
  <rating>
   2.44
  </rating>
  <reviews>
   238836
  </reviews>
 </clothing>
 <clothing>
  <id>
   554199436
  </id>
  <name>
   New Balance Umbrellas E-1229
  </name>
  <category>
   Umbrellas
  </category>
  <size>
   L
  </size>
  <color>
   Синий
  </color>
  <material>
   Нейлон
  </material>
  <price>
   904733
  </price>
  <rating>
   4.73
  </rating>
  <reviews>
   766875
  </reviews>
  <sporty>
   no
  </sporty>
 </clothing>
 <clothing>
  <id>
   155948346
  </id>
  <name>
   Brooks Handbags S-9653
  </name>
  <category>
   Handbags
  </category>
  <size>
   XL
  </size>
  <color>
   Зеленый
  </color>
  <material>
   Нейлон
  </material>
  <price>
   482339
  </price>
  <rating>
   3.28
  </rating>
  <reviews>
   784826
  </reviews>
  <new>
   +
  </new>
  <exclusive>
   yes
  </exclusive>
 </clothing>
 <clothing>
  <id>
   764061753
  </id>
  <name>
   Fila Socks I-8707
  </name>
  <category>
   Socks
  </category>
  <size>
   S
  </size>
  <color>
   Фиолетовый
  </color>
  <material>
   Нейлон
  </material>
  <price>
   385792
  </price>
  <rating>
   3.48
  </rating>
  <reviews>
   943828
  </reviews>
  <new>
   +
  </new>
  <exclusive>
   no
  </exclusive>
  <sporty>
   yes
  </sporty>
 </clothing>
 <clothing>
  <id>
   558240851
  </id>
  <name>
   PleinSport Sweater L-9959
  </name>
  <category>
   Sweater
  </category>
  <size>
   XL
  </size>
  <color>
   Синий
  </color>
  <material>
   Кожа
  </material>
  <price>
   553221
  </price>
  <rating>
   4.27
  </rating>
  <reviews>
   98748
  </reviews>
  <new>
   -
  </new>
  <exclusive>
   yes
  </exclusive>
  <sporty>
   no
  </sporty>
 </clothing>
 <clothing>
  <id>
   602224385
  </id>
  <name>
   Brooks Handbags C-8948
  </name>
  <category>
   Handbags
  </category>
  <size>
   L
  </size>
  <color>
   Синий
  </color>
  <material>
   Шелк
  </material>
  <price>
   233296
  </price>
  <rating>
   2.13
  </rating>
  <reviews>
   106227
  </reviews>
  <exclusive>
   no
  </exclusive>
  <sporty>
   no
  </sporty>
 </clothing>
 <clothing>
  <id>
   844630596
  </id>
  <name>
   Vans Gloves Y-1345
  </name>
  <category>
   Gloves
  </category>
  <size>
   XL
  </size>
  <color>
   Красный
  </color>
  <material>
   Шерсть
  </material>
  <price>
   431181
  </price>
  <rating>
   4.49
  </rating>
  <reviews>
   383302
  </reviews>
  <new>
   -
  </new>
 </clothing>
 <clothing>
  <id>
   608887872
  </id>
  <name>
   Under Armour Handbags Y-6792
  </name>
  <category>
   Handbags
  </category>
  <size>
   S
  </size>
  <color>
   Оранжевый
  </color>
  <material>
   Полиэстер
  </material>
  <price>
   835112
  </price>
  <rating>
   2.77
  </rating>
  <reviews>
   621129
  </reviews>
  <new>
   -
  </new>
  <exclusive>
   no
  </exclusive>
  <sporty>
   no
  </sporty>
 </clothing>
 <clothing>
  <id>
   663346203
  </id>
  <name>
   Vans Hat A-5944
  </name>
  <category>
   Hat
  </category>
  <size>
   M
  </size>
  <color>
   Зеленый
  </color>
  <material>
   Шелк
  </material>
  <price>
   898936
  </price>
  <rating>
   3.55
  </rating>
  <reviews>
   546280
  </reviews>
  <new>
   -
  </new>
  <exclusive>
   yes
  </exclusive>
  <sporty>
   no
  </sporty>
 </clothing>
 <clothing>
  <id>
   209875181
  </id>
  <name>
   New Balance Skirt Y-7712
  </name>
  <category>
   Skirt
  </category>
  <size>
   L
  </size>
  <color>
   Желтый
  </color>
  <material>
   Нейлон
  </material>
  <price>
   117201
  </price>
  <rating>
   2.69
  </rating>
  <reviews>
   922470
  </reviews>
  <new>
   -
  </new>
  <exclusive>
   no
  </exclusive>
  <sporty>
   no
  </sporty>
 </clothing>
 <clothing>
  <id>
   733487329
  </id>
  <name>
   Brooks Shirt B-3217
  </name>
  <category>
   Shirt
  </category>
  <size>
   S
  </size>
  <color>
   Красный
  </color>
  <material>
   Нейлон
  </material>
  <price>
   927684
  </price>
  <rating>
   4.87
  </rating>
  <reviews>
   577243
  </reviews>
  <new>
   +
  </new>
  <exclusive>
   yes
  </exclusive>
 </clothing>
 <clothing>
  <id>
   648491799
  </id>
  <name>
   New Balance Jeans H-4474
  </name>
  <category>
   Jeans
  </category>
  <size>
   XXL
  </size>
  <color>
   Голубой
  </color>
  <material>
   Хлопок
  </material>
  <price>
   474300
  </price>
  <rating>
   3.53
  </rating>
  <reviews>
   665672
  </reviews>
  <new>
   -
  </new>
  <sporty>
   no
  </sporty>
 </clothing>
 <clothing>
  <id>
   758562016
  </id>
  <name>
   Lacoste Socks P-1651
  </name>
  <category>
   Socks
  </category>
  <size>
   L
  </size>
  <color>
   Оранжевый
  </color>
  <material>
   Полиэстер
  </material>
  <price>
   581045
  </price>
  <rating>
   4.25
  </rating>
  <reviews>
   45831
  </reviews>
  <exclusive>
   no
  </exclusive>
 </clothing>
 <clothing>
  <id>
   158623113
  </id>
  <name>
   Fila T-shirt F-5329
  </name>
  <category>
   T-shirt
  </category>
  <size>
   XXL
  </size>
  <color>
   Красный
  </color>
  <material>
   Вискоза
  </material>
  <price>
   618898
  </price>
  <rating>
   2.36
  </rating>
  <reviews>
   883763
  </reviews>
  <new>
   -
  </new>
  <sporty>
   no
  </sporty>
 </clothing>
 <clothing>
  <id>
   787316384
  </id>
  <name>
   Ellesse T-shirt E-1039
  </name>
  <category>
   T-shirt
  </category>
  <size>
   XXL
  </size>
  <color>
   Оранжевый
  </color>
  <material>
   Вискоза
  </material>
  <price>
   582783
  </price>
  <rating>
   2.93
  </rating>
  <reviews>
   223863
  </reviews>
 </clothing>
 <clothing>
  <id>
   192703004
  </id>
  <name>
   Puma Socks X-5773
  </name>
  <category>
   Socks
  </category>
  <size>
   L
  </size>
  <color>
   Красный
  </color>
  <material>
   Кожа
  </material>
  <price>
   155779
  </price>
  <rating>
   1.46
  </rating>
  <reviews>
   527873
  </reviews>
  <new>
   -
  </new>
  <exclusive>
   yes
  </exclusive>
  <sporty>
   yes
  </sporty>
 </clothing>
 <clothing>
  <id>
   494008517
  </id>
  <name>
   Fila Shirt Y-7410
  </name>
  <category>
   Shirt
  </category>
  <size>
   S
  </size>
  <color>
   Зеленый
  </color>
  <material>
   Кожа
  </material>
  <price>
   867553
  </price>
  <rating>
   4.82
  </rating>
  <reviews>
   58961
  </reviews>
  <new>
   +
  </new>
  <sporty>
   yes
  </sporty>
 </clothing>
 <clothing>
  <id>
   890880018
  </id>
  <name>
   Addidas Sweater F-7405
  </name>
  <category>
   Sweater
  </category>
  <size>
   M
  </size>
  <color>
   Оранжевый
  </color>
  <material>
   Вискоза
  </material>
  <price>
   223048
  </price>
  <rating>
   1.84
  </rating>
  <reviews>
   533526
  </reviews>
  <new>
   -
  </new>
 </clothing>
 <clothing>
  <id>
   159000090
  </id>
  <name>
   Addidas Jacket D-4544
  </name>
  <category>
   Jacket
  </category>
  <size>
   M
  </size>
  <color>
   Оранжевый
  </color>
  <material>
   Полиэстер
  </material>
  <price>
   888380
  </price>
  <rating>
   2.73
  </rating>
  <reviews>
   744851
  </reviews>
  <sporty>
   yes
  </sporty>
 </clothing>
 <clothing>
  <id>
   918002191
  </id>
  <name>
   Fila Pants K-1453
  </name>
  <category>
   Pants
  </category>
  <size>
   L
  </size>
  <color>
   Красный
  </color>
  <material>
   Шерсть
  </material>
  <price>
   715544
  </price>
  <rating>
   1.64
  </rating>
  <reviews>
   130249
  </reviews>
  <sporty>
   no
  </sporty>
 </clothing>
 <clothing>
  <id>
   629058026
  </id>
  <name>
   Vans Umbrellas U-7388
  </name>
  <category>
   Umbrellas
  </category>
  <size>
   XL
  </size>
  <color>
   Зеленый
  </color>
  <material>
   Вискоза
  </material>
  <price>
   162382
  </price>
  <rating>
   3.65
  </rating>
  <reviews>
   585155
  </reviews>
  <new>
   -
  </new>
  <exclusive>
   no
  </exclusive>
  <sporty>
   yes
  </sporty>
 </clothing>
 <clothing>
  <id>
   994542982
  </id>
  <name>
   DC Dress L-6740
  </name>
  <category>
   Dress
  </category>
  <size>
   XL
  </size>
  <color>
   Красный
  </color>
  <material>
   Лен
  </material>
  <price>
   106629
  </price>
  <rating>
   2.97
  </rating>
  <reviews>
   989037
  </reviews>
  <new>
   +
  </new>
  <sporty>
   yes
  </sporty>
 </clothing>
 <clothing>
  <id>
   695676785
  </id>
  <name>
   Vans Belts T-2261
  </name>
  <category>
   Belts
  </category>
  <size>
   XL
  </size>
  <color>
   Синий
  </color>
  <material>
   Кожа
  </material>
  <price>
   886211
  </price>
  <rating>
   2.97
  </rating>
  <reviews>
   34785
  </reviews>
 </clothing>
 <clothing>
  <id>
   840419379
  </id>
  <name>
   Nike Gloves O-4321
  </name>
  <category>
   Gloves
  </category>
  <size>
   XL
  </size>
  <color>
   Синий
  </color>
  <material>
   Вискоза
  </material>
  <price>
   524185
  </price>
  <rating>
   1.63
  </rating>
  <reviews>
   981094
  </reviews>
  <new>
   -
  </new>
  <exclusive>
   no
  </exclusive>
  <sporty>
   no
  </sporty>
 </clothing>
 <clothing>
  <id>
   361193051
  </id>
  <name>
   Converse Shirt X-3714
  </name>
  <category>
   Shirt
  </category>
  <size>
   S
  </size>
  <color>
   Синий
  </color>
  <material>
   Хлопок
  </material>
  <price>
   573767
  </price>
  <rating>
   3.2
  </rating>
  <reviews>
   473188
  </reviews>
  <exclusive>
   yes
  </exclusive>
  <sporty>
   no
  </sporty>
 </clothing>
 <clothing>
  <id>
   860775089
  </id>
  <name>
   Ellesse Blouse B-9372
  </name>
  <category>
   Blouse
  </category>
  <size>
   XL
  </size>
  <color>
   Синий
  </color>
  <material>
   Кожа
  </material>
  <price>
   106644
  </price>
  <rating>
   4.68
  </rating>
  <reviews>
   400740
  </reviews>
  <exclusive>
   no
  </exclusive>
 </clothing>
 <clothing>
  <id>
   436186614
  </id>
  <name>
   DC Umbrellas M-5325
  </name>
  <category>
   Umbrellas
  </category>
  <size>
   L
  </size>
  <color>
   Фиолетовый
  </color>
  <material>
   Нейлон
  </material>
  <price>
   485795
  </price>
  <rating>
   3.79
  </rating>
  <reviews>
   211275
  </reviews>
  <new>
   +
  </new>
  <exclusive>
   yes
  </exclusive>
  <sporty>
   no
  </sporty>
 </clothing>
 <clothing>
  <id>
   289632500
  </id>
  <name>
   Vans Blouse L-8616
  </name>
  <category>
   Blouse
  </category>
  <size>
   S
  </size>
  <color>
   Красный
  </color>
  <material>
   Нейлон
  </material>
  <price>
   375089
  </price>
  <rating>
   4.79
  </rating>
  <reviews>
   877814
  </reviews>
  <new>
   +
  </new>
  <exclusive>
   yes
  </exclusive>
  <sporty>
   no
  </sporty>
 </clothing>
 <clothing>
  <id>
   338666070
  </id>
  <name>
   Brooks T-shirt M-3064
  </name>
  <category>
   T-shirt
  </category>
  <size>
   S
  </size>
  <color>
   Фиолетовый
  </color>
  <material>
   Вискоза
  </material>
  <price>
   339309
  </price>
  <rating>
   4.15
  </rating>
  <reviews>
   423871
  </reviews>
  <new>
   +
  </new>
  <sporty>
   yes
  </sporty>
 </clothing>
 <clothing>
  <id>
   119312512
  </id>
  <name>
   Brooks T-shirt H-1525
  </name>
  <category>
   T-shirt
  </category>
  <size>
   M
  </size>
  <color>
   Синий
  </color>
  <material>
   Шерсть
  </material>
  <price>
   621464
  </price>
  <rating>
   1.89
  </rating>
  <reviews>
   321697
  </reviews>
  <new>
   -
  </new>
  <sporty>
   yes
  </sporty>
 </clothing>
 <clothing>
  <id>
   711219064
  </id>
  <name>
   Nike Dress J-3496
  </name>
  <category>
   Dress
  </category>
  <size>
   M
  </size>
  <color>
   Фиолетовый
  </color>
  <material>
   Нейлон
  </material>
  <price>
   379249
  </price>
  <rating>
   3.78
  </rating>
  <reviews>
   564584
  </reviews>
  <exclusive>
   yes
  </exclusive>
 </clothing>
 <clothing>
  <id>
   518181920
  </id>
  <name>
   Adidas Jeans V-5626
  </name>
  <category>
   Jeans
  </category>
  <size>
   XL
  </size>
  <color>
   Фиолетовый
  </color>
  <material>
   Лен
  </material>
  <price>
   151303
  </price>
  <rating>
   3.9
  </rating>
  <reviews>
   88764
  </reviews>
  <new>
   -
  </new>
  <exclusive>
   no
  </exclusive>
 </clothing>
 <clothing>
  <id>
   284900979
  </id>
  <name>
   Nike Shirt Q-1248
  </name>
  <category>
   Shirt
  </category>
  <size>
   L
  </size>
  <color>
   Красный
  </color>
  <material>
   Шерсть
  </material>
  <price>
   419109
  </price>
  <rating>
   1.45
  </rating>
  <reviews>
   301313
  </reviews>
  <new>
   -
  </new>
  <exclusive>
   no
  </exclusive>
 </clothing>
 <clothing>
  <id>
   815213949
  </id>
  <name>
   Nike Dress K-2968
  </name>
  <category>
   Dress
  </category>
  <size>
   M
  </size>
  <color>
   Красный
  </color>
  <material>
   Полиэстер
  </material>
  <price>
   975866
  </price>
  <rating>
   2.88
  </rating>
  <reviews>
   874239
  </reviews>
 </clothing>
 <clothing>
  <id>
   310087084
  </id>
  <name>
   Puma Skirt K-8472
  </name>
  <category>
   Skirt
  </category>
  <size>
   XXL
  </size>
  <color>
   Красный
  </color>
  <material>
   Хлопок
  </material>
  <price>
   611228
  </price>
  <rating>
   2.88
  </rating>
  <reviews>
   110611
  </reviews>
  <new>
   -
  </new>
  <exclusive>
   no
  </exclusive>
  <sporty>
   yes
  </sporty>
 </clothing>
</clothing-items>
