<?xml version="1.0" encoding="utf-8"?>
<clothing-items>
 <clothing>
  <id>
   935455706
  </id>
  <name>
   Ellesse Sweater B-7064
  </name>
  <category>
   Sweater
  </category>
  <size>
   XL
  </size>
  <color>
   Красный
  </color>
  <material>
   Шелк
  </material>
  <price>
   160097
  </price>
  <rating>
   4.57
  </rating>
  <reviews>
   197181
  </reviews>
  <new>
   -
  </new>
  <exclusive>
   no
  </exclusive>
  <sporty>
   yes
  </sporty>
 </clothing>
 <clothing>
  <id>
   903920572
  </id>
  <name>
   Ellesse Shoes Q-8859
  </name>
  <category>
   Shoes
  </category>
  <size>
   L
  </size>
  <color>
   Синий
  </color>
  <material>
   Нейлон
  </material>
  <price>
   171997
  </price>
  <rating>
   4.07
  </rating>
  <reviews>
   970066
  </reviews>
  <new>
   +
  </new>
  <sporty>
   no
  </sporty>
 </clothing>
 <clothing>
  <id>
   279644839
  </id>
  <name>
   DC Gloves D-1828
  </name>
  <category>
   Gloves
  </category>
  <size>
   M
  </size>
  <color>
   Красный
  </color>
  <material>
   Хлопок
  </material>
  <price>
   912838
  </price>
  <rating>
   4.4
  </rating>
  <reviews>
   715237
  </reviews>
  <new>
   -
  </new>
  <sporty>
   yes
  </sporty>
 </clothing>
 <clothing>
  <id>
   476228614
  </id>
  <name>
   Vans Socks E-2828
  </name>
  <category>
   Socks
  </category>
  <size>
   XXL
  </size>
  <color>
   Зеленый
  </color>
  <material>
   Вискоза
  </material>
  <price>
   170549
  </price>
  <rating>
   2.8
  </rating>
  <reviews>
   348799
  </reviews>
  <new>
   +
  </new>
 </clothing>
 <clothing>
  <id>
   328660822
  </id>
  <name>
   Ellesse Socks J-3862
  </name>
  <category>
   Socks
  </category>
  <size>
   M
  </size>
  <color>
   Желтый
  </color>
  <material>
   Шерсть
  </material>
  <price>
   926294
  </price>
  <rating>
   1.27
  </rating>
  <reviews>
   248175
  </reviews>
  <exclusive>
   no
  </exclusive>
  <sporty>
   yes
  </sporty>
 </clothing>
 <clothing>
  <id>
   890642113
  </id>
  <name>
   Asics Pants F-5121
  </name>
  <category>
   Pants
  </category>
  <size>
   L
  </size>
  <color>
   Желтый
  </color>
  <material>
   Шерсть
  </material>
  <price>
   293868
  </price>
  <rating>
   2.47
  </rating>
  <reviews>
   273333
  </reviews>
  <sporty>
   no
  </sporty>
 </clothing>
 <clothing>
  <id>
   571670510
  </id>
  <name>
   Nike Jeans K-5800
  </name>
  <category>
   Jeans
  </category>
  <size>
   L
  </size>
  <color>
   Красный
  </color>
  <material>
   Кожа
  </material>
  <price>
   711743
  </price>
  <rating>
   4.58
  </rating>
  <reviews>
   569640
  </reviews>
  <new>
   -
  </new>
  <exclusive>
   no
  </exclusive>
  <sporty>
   no
  </sporty>
 </clothing>
 <clothing>
  <id>
   679270479
  </id>
  <name>
   Addidas Sweater D-7930
  </name>
  <category>
   Sweater
  </category>
  <size>
   S
  </size>
  <color>
   Синий
  </color>
  <material>
   Вискоза
  </material>
  <price>
   604397
  </price>
  <rating>
   4.71
  </rating>
  <reviews>
   829614
  </reviews>
  <new>
   -
  </new>
  <exclusive>
   no
  </exclusive>
  <sporty>
   no
  </sporty>
 </clothing>
 <clothing>
  <id>
   629522590
  </id>
  <name>
   Addidas Dress U-6216
  </name>
  <category>
   Dress
  </category>
  <size>
   L
  </size>
  <color>
   Синий
  </color>
  <material>
   Лен
  </material>
  <price>
   943807
  </price>
  <rating>
   2.75
  </rating>
  <reviews>
   686205
  </reviews>
  <new>
   -
  </new>
  <sporty>
   no
  </sporty>
 </clothing>
 <clothing>
  <id>
   220741317
  </id>
  <name>
   Adidas Dress L-7204
  </name>
  <category>
   Dress
  </category>
  <size>
   M
  </size>
  <color>
   Желтый
  </color>
  <material>
   Вискоза
  </material>
  <price>
   996032
  </price>
  <rating>
   4.49
  </rating>
  <reviews>
   149809
  </reviews>
  <sporty>
   no
  </sporty>
 </clothing>
 <clothing>
  <id>
   652973943
  </id>
  <name>
   New Balance Shirt I-9147
  </name>
  <category>
   Shirt
  </category>
  <size>
   S
  </size>
  <color>
   Красный
  </color>
  <material>
   Нейлон
  </material>
  <price>
   187118
  </price>
  <rating>
   3.82
  </rating>
  <reviews>
   858878
  </reviews>
  <exclusive>
   no
  </exclusive>
 </clothing>
 <clothing>
  <id>
   517259873
  </id>
  <name>
   Nike Shirt W-9252
  </name>
  <category>
   Shirt
  </category>
  <size>
   S
  </size>
  <color>
   Фиолетовый
  </color>
  <material>
   Хлопок
  </material>
  <price>
   363298
  </price>
  <rating>
   2.12
  </rating>
  <reviews>
   788553
  </reviews>
  <new>
   -
  </new>
  <sporty>
   yes
  </sporty>
 </clothing>
 <clothing>
  <id>
   562619235
  </id>
  <name>
   Lacoste Jeans D-9238
  </name>
  <category>
   Jeans
  </category>
  <size>
   XXL
  </size>
  <color>
   Зеленый
  </color>
  <material>
   Лен
  </material>
  <price>
   603513
  </price>
  <rating>
   2.47
  </rating>
  <reviews>
   887224
  </reviews>
  <new>
   +
  </new>
  <sporty>
   yes
  </sporty>
 </clothing>
 <clothing>
  <id>
   363221762
  </id>
  <name>
   Lacoste Pants N-1750
  </name>
  <category>
   Pants
  </category>
  <size>
   S
  </size>
  <color>
   Красный
  </color>
  <material>
   Лен
  </material>
  <price>
   548038
  </price>
  <rating>
   4.43
  </rating>
  <reviews>
   748595
  </reviews>
  <new>
   -
  </new>
  <sporty>
   yes
  </sporty>
 </clothing>
 <clothing>
  <id>
   942609717
  </id>
  <name>
   New Balance Gloves H-1494
  </name>
  <category>
   Gloves
  </category>
  <size>
   XL
  </size>
  <color>
   Голубой
  </color>
  <material>
   Вискоза
  </material>
  <price>
   267252
  </price>
  <rating>
   1.76
  </rating>
  <reviews>
   530406
  </reviews>
  <exclusive>
   no
  </exclusive>
 </clothing>
 <clothing>
  <id>
   813870825
  </id>
  <name>
   New Balance T-shirt O-5521
  </name>
  <category>
   T-shirt
  </category>
  <size>
   XXL
  </size>
  <color>
   Желтый
  </color>
  <material>
   Хлопок
  </material>
  <price>
   627447
  </price>
  <rating>
   4.09
  </rating>
  <reviews>
   639160
  </reviews>
  <exclusive>
   no
  </exclusive>
 </clothing>
 <clothing>
  <id>
   456627955
  </id>
  <name>
   Under Armour Jeans T-4981
  </name>
  <category>
   Jeans
  </category>
  <size>
   M
  </size>
  <color>
   Синий
  </color>
  <material>
   Кожа
  </material>
  <price>
   808576
  </price>
  <rating>
   3.39
  </rating>
  <reviews>
   278947
  </reviews>
  <new>
   -
  </new>
  <exclusive>
   no
  </exclusive>
  <sporty>
   no
  </sporty>
 </clothing>
 <clothing>
  <id>
   441903101
  </id>
  <name>
   Converse Sweater W-7237
  </name>
  <category>
   Sweater
  </category>
  <size>
   XXL
  </size>
  <color>
   Желтый
  </color>
  <material>
   Полиэстер
  </material>
  <price>
   891977
  </price>
  <rating>
   1.88
  </rating>
  <reviews>
   177407
  </reviews>
  <new>
   +
  </new>
  <exclusive>
   yes
  </exclusive>
  <sporty>
   no
  </sporty>
 </clothing>
 <clothing>
  <id>
   320738472
  </id>
  <name>
   Lacoste Skirt U-2039
  </name>
  <category>
   Skirt
  </category>
  <size>
   L
  </size>
  <color>
   Красный
  </color>
  <material>
   Лен
  </material>
  <price>
   881715
  </price>
  <rating>
   3.93
  </rating>
  <reviews>
   480730
  </reviews>
  <sporty>
   no
  </sporty>
 </clothing>
 <clothing>
  <id>
   803151556
  </id>
  <name>
   Lacoste Shirt V-8467
  </name>
  <category>
   Shirt
  </category>
  <size>
   XXL
  </size>
  <color>
   Фиолетовый
  </color>
  <material>
   Кожа
  </material>
  <price>
   748473
  </price>
  <rating>
   2.21
  </rating>
  <reviews>
   995078
  </reviews>
  <sporty>
   no
  </sporty>
 </clothing>
 <clothing>
  <id>
   521383446
  </id>
  <name>
   PleinSport Belts F-5674
  </name>
  <category>
   Belts
  </category>
  <size>
   S
  </size>
  <color>
   Зеленый
  </color>
  <material>
   Кожа
  </material>
  <price>
   195611
  </price>
  <rating>
   2.82
  </rating>
  <reviews>
   66813
  </reviews>
  <new>
   +
  </new>
 </clothing>
 <clothing>
  <id>
   337302699
  </id>
  <name>
   PleinSport Skirt A-8880
  </name>
  <category>
   Skirt
  </category>
  <size>
   XXL
  </size>
  <color>
   Зеленый
  </color>
  <material>
   Нейлон
  </material>
  <price>
   101025
  </price>
  <rating>
   4.42
  </rating>
  <reviews>
   814277
  </reviews>
  <exclusive>
   yes
  </exclusive>
  <sporty>
   no
  </sporty>
 </clothing>
 <clothing>
  <id>
   658540052
  </id>
  <name>
   Under Armour Dress T-2585
  </name>
  <category>
   Dress
  </category>
  <size>
   L
  </size>
  <color>
   Красный
  </color>
  <material>
   Полиэстер
  </material>
  <price>
   163076
  </price>
  <rating>
   4.81
  </rating>
  <reviews>
   440028
  </reviews>
  <new>
   -
  </new>
  <exclusive>
   yes
  </exclusive>
  <sporty>
   no
  </sporty>
 </clothing>
 <clothing>
  <id>
   834565399
  </id>
  <name>
   Lacoste T-shirt O-5662
  </name>
  <category>
   T-shirt
  </category>
  <size>
   M
  </size>
  <color>
   Синий
  </color>
  <material>
   Шелк
  </material>
  <price>
   531033
  </price>
  <rating>
   4.04
  </rating>
  <reviews>
   903322
  </reviews>
  <new>
   +
  </new>
  <exclusive>
   no
  </exclusive>
 </clothing>
 <clothing>
  <id>
   731287804
  </id>
  <name>
   Adidas Jacket T-7061
  </name>
  <category>
   Jacket
  </category>
  <size>
   S
  </size>
  <color>
   Красный
  </color>
  <material>
   Хлопок
  </material>
  <price>
   868879
  </price>
  <rating>
   2.05
  </rating>
  <reviews>
   834843
  </reviews>
  <new>
   -
  </new>
  <exclusive>
   yes
  </exclusive>
  <sporty>
   no
  </sporty>
 </clothing>
 <clothing>
  <id>
   555718498
  </id>
  <name>
   Under Armour Blouse V-3354
  </name>
  <category>
   Blouse
  </category>
  <size>
   L
  </size>
  <color>
   Фиолетовый
  </color>
  <material>
   Кожа
  </material>
  <price>
   641523
  </price>
  <rating>
   3.0
  </rating>
  <reviews>
   445700
  </reviews>
  <exclusive>
   no
  </exclusive>
  <sporty>
   no
  </sporty>
 </clothing>
 <clothing>
  <id>
   274396398
  </id>
  <name>
   Converse Gloves V-5316
  </name>
  <category>
   Gloves
  </category>
  <size>
   XL
  </size>
  <color>
   Голубой
  </color>
  <material>
   Хлопок
  </material>
  <price>
   387915
  </price>
  <rating>
   4.4
  </rating>
  <reviews>
   488077
  </reviews>
  <exclusive>
   yes
  </exclusive>
 </clothing>
 <clothing>
  <id>
   945876140
  </id>
  <name>
   Asics Socks K-6105
  </name>
  <category>
   Socks
  </category>
  <size>
   XXL
  </size>
  <color>
   Зеленый
  </color>
  <material>
   Шелк
  </material>
  <price>
   584613
  </price>
  <rating>
   1.71
  </rating>
  <reviews>
   842016
  </reviews>
  <exclusive>
   yes
  </exclusive>
  <sporty>
   yes
  </sporty>
 </clothing>
 <clothing>
  <id>
   125576898
  </id>
  <name>
   Under Armour Sweater W-4453
  </name>
  <category>
   Sweater
  </category>
  <size>
   XL
  </size>
  <color>
   Фиолетовый
  </color>
  <material>
   Вискоза
  </material>
  <price>
   663457
  </price>
  <rating>
   1.57
  </rating>
  <reviews>
   20260
  </reviews>
  <exclusive>
   no
  </exclusive>
  <sporty>
   no
  </sporty>
 </clothing>
 <clothing>
  <id>
   209503381
  </id>
  <name>
   Vans Blouse H-1870
  </name>
  <category>
   Blouse
  </category>
  <size>
   XL
  </size>
  <color>
   Желтый
  </color>
  <material>
   Шелк
  </material>
  <price>
   569236
  </price>
  <rating>
   3.48
  </rating>
  <reviews>
   725521
  </reviews>
  <new>
   -
  </new>
  <sporty>
   no
  </sporty>
 </clothing>
 <clothing>
  <id>
   761814379
  </id>
  <name>
   Nike Blouse H-2591
  </name>
  <category>
   Blouse
  </category>
  <size>
   XXL
  </size>
  <color>
   Синий
  </color>
  <material>
   Вискоза
  </material>
  <price>
   613910
  </price>
  <rating>
   1.43
  </rating>
  <reviews>
   248441
  </reviews>
  <new>
   +
  </new>
  <exclusive>
   no
  </exclusive>
  <sporty>
   no
  </sporty>
 </clothing>
 <clothing>
  <id>
   700550013
  </id>
  <name>
   Reebok Dress A-6687
  </name>
  <category>
   Dress
  </category>
  <size>
   XXL
  </size>
  <color>
   Голубой
  </color>
  <material>
   Хлопок
  </material>
  <price>
   171939
  </price>
  <rating>
   1.31
  </rating>
  <reviews>
   889498
  </reviews>
  <exclusive>
   no
  </exclusive>
 </clothing>
 <clothing>
  <id>
   493544515
  </id>
  <name>
   Converse Shirt K-9697
  </name>
  <category>
   Shirt
  </category>
  <size>
   S
  </size>
  <color>
   Оранжевый
  </color>
  <material>
   Лен
  </material>
  <price>
   773106
  </price>
  <rating>
   2.27
  </rating>
  <reviews>
   772193
  </reviews>
  <new>
   +
  </new>
  <sporty>
   yes
  </sporty>
 </clothing>
 <clothing>
  <id>
   133933348
  </id>
  <name>
   Addidas Shirt Y-6701
  </name>
  <category>
   Shirt
  </category>
  <size>
   M
  </size>
  <color>
   Фиолетовый
  </color>
  <material>
   Лен
  </material>
  <price>
   262812
  </price>
  <rating>
   4.66
  </rating>
  <reviews>
   330518
  </reviews>
  <sporty>
   yes
  </sporty>
 </clothing>
 <clothing>
  <id>
   796895481
  </id>
  <name>
   Lacoste Dress Q-8806
  </name>
  <category>
   Dress
  </category>
  <size>
   S
  </size>
  <color>
   Оранжевый
  </color>
  <material>
   Шерсть
  </material>
  <price>
   790549
  </price>
  <rating>
   3.27
  </rating>
  <reviews>
   167694
  </reviews>
  <new>
   +
  </new>
  <exclusive>
   yes
  </exclusive>
  <sporty>
   yes
  </sporty>
 </clothing>
 <clothing>
  <id>
   239267402
  </id>
  <name>
   Vans Handbags F-6095
  </name>
  <category>
   Handbags
  </category>
  <size>
   L
  </size>
  <color>
   Оранжевый
  </color>
  <material>
   Лен
  </material>
  <price>
   952659
  </price>
  <rating>
   4.67
  </rating>
  <reviews>
   652039
  </reviews>
  <exclusive>
   no
  </exclusive>
 </clothing>
 <clothing>
  <id>
   332060176
  </id>
  <name>
   Adidas Jeans R-2245
  </name>
  <category>
   Jeans
  </category>
  <size>
   XL
  </size>
  <color>
   Желтый
  </color>
  <material>
   Шерсть
  </material>
  <price>
   921478
  </price>
  <rating>
   1.13
  </rating>
  <reviews>
   919632
  </reviews>
  <new>
   -
  </new>
  <sporty>
   yes
  </sporty>
 </clothing>
 <clothing>
  <id>
   710187656
  </id>
  <name>
   Nike Dress T-7544
  </name>
  <category>
   Dress
  </category>
  <size>
   M
  </size>
  <color>
   Красный
  </color>
  <material>
   Кожа
  </material>
  <price>
   119386
  </price>
  <rating>
   4.01
  </rating>
  <reviews>
   763791
  </reviews>
  <new>
   +
  </new>
  <sporty>
   no
  </sporty>
 </clothing>
 <clothing>
  <id>
   977614993
  </id>
  <name>
   Lacoste Socks Z-1031
  </name>
  <category>
   Socks
  </category>
  <size>
   L
  </size>
  <color>
   Красный
  </color>
  <material>
   Полиэстер
  </material>
  <price>
   982135
  </price>
  <rating>
   3.54
  </rating>
  <reviews>
   916712
  </reviews>
  <exclusive>
   yes
  </exclusive>
 </clothing>
</clothing-items>
