<?xml version="1.0" encoding="utf-8"?>
<clothing-items>
 <clothing>
  <id>
   475985399
  </id>
  <name>
   PleinSport Blouse Z-2649
  </name>
  <category>
   Blouse
  </category>
  <size>
   S
  </size>
  <color>
   Синий
  </color>
  <material>
   Лен
  </material>
  <price>
   656069
  </price>
  <rating>
   3.58
  </rating>
  <reviews>
   672959
  </reviews>
  <sporty>
   no
  </sporty>
 </clothing>
 <clothing>
  <id>
   545875222
  </id>
  <name>
   Nike Socks Z-1285
  </name>
  <category>
   Socks
  </category>
  <size>
   M
  </size>
  <color>
   Красный
  </color>
  <material>
   Вискоза
  </material>
  <price>
   913900
  </price>
  <rating>
   2.15
  </rating>
  <reviews>
   40727
  </reviews>
  <new>
   +
  </new>
  <exclusive>
   yes
  </exclusive>
  <sporty>
   no
  </sporty>
 </clothing>
 <clothing>
  <id>
   453441064
  </id>
  <name>
   Puma Shoes G-1990
  </name>
  <category>
   Shoes
  </category>
  <size>
   M
  </size>
  <color>
   Желтый
  </color>
  <material>
   Хлопок
  </material>
  <price>
   172014
  </price>
  <rating>
   3.74
  </rating>
  <reviews>
   466591
  </reviews>
  <exclusive>
   yes
  </exclusive>
 </clothing>
 <clothing>
  <id>
   978904435
  </id>
  <name>
   Adidas Shoes Y-5088
  </name>
  <category>
   Shoes
  </category>
  <size>
   L
  </size>
  <color>
   Голубой
  </color>
  <material>
   Лен
  </material>
  <price>
   334962
  </price>
  <rating>
   1.03
  </rating>
  <reviews>
   604403
  </reviews>
  <new>
   -
  </new>
  <exclusive>
   no
  </exclusive>
  <sporty>
   yes
  </sporty>
 </clothing>
 <clothing>
  <id>
   759467041
  </id>
  <name>
   DC Shoes A-9792
  </name>
  <category>
   Shoes
  </category>
  <size>
   S
  </size>
  <color>
   Фиолетовый
  </color>
  <material>
   Кожа
  </material>
  <price>
   520476
  </price>
  <rating>
   1.53
  </rating>
  <reviews>
   798771
  </reviews>
  <new>
   -
  </new>
  <exclusive>
   yes
  </exclusive>
 </clothing>
 <clothing>
  <id>
   528799845
  </id>
  <name>
   PleinSport T-shirt Y-6322
  </name>
  <category>
   T-shirt
  </category>
  <size>
   XL
  </size>
  <color>
   Желтый
  </color>
  <material>
   Шерсть
  </material>
  <price>
   799560
  </price>
  <rating>
   2.17
  </rating>
  <reviews>
   812378
  </reviews>
 </clothing>
 <clothing>
  <id>
   994335696
  </id>
  <name>
   Asics T-shirt D-4321
  </name>
  <category>
   T-shirt
  </category>
  <size>
   XXL
  </size>
  <color>
   Синий
  </color>
  <material>
   Кожа
  </material>
  <price>
   573745
  </price>
  <rating>
   4.76
  </rating>
  <reviews>
   54265
  </reviews>
  <new>
   -
  </new>
 </clothing>
 <clothing>
  <id>
   882189856
  </id>
  <name>
   Ellesse Pants D-8102
  </name>
  <category>
   Pants
  </category>
  <size>
   M
  </size>
  <color>
   Зеленый
  </color>
  <material>
   Шелк
  </material>
  <price>
   261882
  </price>
  <rating>
   3.47
  </rating>
  <reviews>
   62938
  </reviews>
  <exclusive>
   yes
  </exclusive>
  <sporty>
   no
  </sporty>
 </clothing>
 <clothing>
  <id>
   388155132
  </id>
  <name>
   Converse Blouse S-3900
  </name>
  <category>
   Blouse
  </category>
  <size>
   XXL
  </size>
  <color>
   Красный
  </color>
  <material>
   Нейлон
  </material>
  <price>
   870272
  </price>
  <rating>
   2.57
  </rating>
  <reviews>
   157985
  </reviews>
 </clothing>
 <clothing>
  <id>
   765386326
  </id>
  <name>
   Brooks Pants A-5560
  </name>
  <category>
   Pants
  </category>
  <size>
   M
  </size>
  <color>
   Фиолетовый
  </color>
  <material>
   Вискоза
  </material>
  <price>
   716769
  </price>
  <rating>
   1.65
  </rating>
  <reviews>
   86646
  </reviews>
  <exclusive>
   no
  </exclusive>
 </clothing>
 <clothing>
  <id>
   393177386
  </id>
  <name>
   Puma T-shirt T-5902
  </name>
  <category>
   T-shirt
  </category>
  <size>
   XL
  </size>
  <color>
   Красный
  </color>
  <material>
   Шерсть
  </material>
  <price>
   701400
  </price>
  <rating>
   2.32
  </rating>
  <reviews>
   38749
  </reviews>
 </clothing>
 <clothing>
  <id>
   907178889
  </id>
  <name>
   Brooks Gloves V-1882
  </name>
  <category>
   Gloves
  </category>
  <size>
   XXL
  </size>
  <color>
   Желтый
  </color>
  <material>
   Лен
  </material>
  <price>
   745289
  </price>
  <rating>
   2.94
  </rating>
  <reviews>
   518560
  </reviews>
 </clothing>
 <clothing>
  <id>
   508212554
  </id>
  <name>
   DC Handbags L-7805
  </name>
  <category>
   Handbags
  </category>
  <size>
   XL
  </size>
  <color>
   Синий
  </color>
  <material>
   Шерсть
  </material>
  <price>
   265248
  </price>
  <rating>
   1.27
  </rating>
  <reviews>
   103601
  </reviews>
  <new>
   +
  </new>
  <sporty>
   yes
  </sporty>
 </clothing>
 <clothing>
  <id>
   465230857
  </id>
  <name>
   Adidas Dress K-5129
  </name>
  <category>
   Dress
  </category>
  <size>
   L
  </size>
  <color>
   Синий
  </color>
  <material>
   Хлопок
  </material>
  <price>
   194016
  </price>
  <rating>
   4.93
  </rating>
  <reviews>
   715511
  </reviews>
  <new>
   -
  </new>
  <exclusive>
   yes
  </exclusive>
 </clothing>
 <clothing>
  <id>
   568147776
  </id>
  <name>
   Ellesse Blouse J-1457
  </name>
  <category>
   Blouse
  </category>
  <size>
   S
  </size>
  <color>
   Фиолетовый
  </color>
  <material>
   Полиэстер
  </material>
  <price>
   897461
  </price>
  <rating>
   4.26
  </rating>
  <reviews>
   383901
  </reviews>
  <new>
   +
  </new>
  <exclusive>
   yes
  </exclusive>
  <sporty>
   yes
  </sporty>
 </clothing>
</clothing-items>
