<?xml version="1.0" encoding="utf-8"?>
<clothing-items>
 <clothing>
  <id>
   476360899
  </id>
  <name>
   Brooks Sweater I-4139
  </name>
  <category>
   Sweater
  </category>
  <size>
   XL
  </size>
  <color>
   Оранжевый
  </color>
  <material>
   Лен
  </material>
  <price>
   294543
  </price>
  <rating>
   1.19
  </rating>
  <reviews>
   851913
  </reviews>
  <new>
   -
  </new>
  <exclusive>
   no
  </exclusive>
  <sporty>
   no
  </sporty>
 </clothing>
 <clothing>
  <id>
   484245686
  </id>
  <name>
   New Balance Blouse N-4750
  </name>
  <category>
   Blouse
  </category>
  <size>
   XXL
  </size>
  <color>
   Голубой
  </color>
  <material>
   Полиэстер
  </material>
  <price>
   728935
  </price>
  <rating>
   1.6
  </rating>
  <reviews>
   180427
  </reviews>
  <new>
   -
  </new>
  <exclusive>
   yes
  </exclusive>
 </clothing>
 <clothing>
  <id>
   811792058
  </id>
  <name>
   Reebok Gloves V-3727
  </name>
  <category>
   Gloves
  </category>
  <size>
   S
  </size>
  <color>
   Оранжевый
  </color>
  <material>
   Лен
  </material>
  <price>
   695422
  </price>
  <rating>
   2.43
  </rating>
  <reviews>
   429535
  </reviews>
  <new>
   -
  </new>
  <exclusive>
   yes
  </exclusive>
 </clothing>
 <clothing>
  <id>
   320680424
  </id>
  <name>
   Lacoste T-shirt M-6765
  </name>
  <category>
   T-shirt
  </category>
  <size>
   M
  </size>
  <color>
   Голубой
  </color>
  <material>
   Шелк
  </material>
  <price>
   902116
  </price>
  <rating>
   2.45
  </rating>
  <reviews>
   463018
  </reviews>
  <new>
   -
  </new>
  <exclusive>
   no
  </exclusive>
  <sporty>
   yes
  </sporty>
 </clothing>
 <clothing>
  <id>
   655441581
  </id>
  <name>
   Under Armour Socks Q-8297
  </name>
  <category>
   Socks
  </category>
  <size>
   L
  </size>
  <color>
   Голубой
  </color>
  <material>
   Лен
  </material>
  <price>
   448122
  </price>
  <rating>
   1.78
  </rating>
  <reviews>
   986966
  </reviews>
  <new>
   +
  </new>
 </clothing>
 <clothing>
  <id>
   396600117
  </id>
  <name>
   Puma Pants W-1955
  </name>
  <category>
   Pants
  </category>
  <size>
   XL
  </size>
  <color>
   Желтый
  </color>
  <material>
   Хлопок
  </material>
  <price>
   399138
  </price>
  <rating>
   1.69
  </rating>
  <reviews>
   241285
  </reviews>
  <exclusive>
   no
  </exclusive>
  <sporty>
   yes
  </sporty>
 </clothing>
 <clothing>
  <id>
   364067579
  </id>
  <name>
   Fila Gloves Q-3285
  </name>
  <category>
   Gloves
  </category>
  <size>
   L
  </size>
  <color>
   Желтый
  </color>
  <material>
   Полиэстер
  </material>
  <price>
   618519
  </price>
  <rating>
   3.76
  </rating>
  <reviews>
   297576
  </reviews>
  <new>
   +
  </new>
  <exclusive>
   yes
  </exclusive>
  <sporty>
   no
  </sporty>
 </clothing>
 <clothing>
  <id>
   714079353
  </id>
  <name>
   Adidas Gloves S-8526
  </name>
  <category>
   Gloves
  </category>
  <size>
   XXL
  </size>
  <color>
   Фиолетовый
  </color>
  <material>
   Лен
  </material>
  <price>
   705741
  </price>
  <rating>
   3.04
  </rating>
  <reviews>
   981915
  </reviews>
  <new>
   -
  </new>
  <exclusive>
   yes
  </exclusive>
  <sporty>
   no
  </sporty>
 </clothing>
 <clothing>
  <id>
   291506918
  </id>
  <name>
   Vans Umbrellas L-2847
  </name>
  <category>
   Umbrellas
  </category>
  <size>
   XXL
  </size>
  <color>
   Желтый
  </color>
  <material>
   Хлопок
  </material>
  <price>
   278618
  </price>
  <rating>
   3.09
  </rating>
  <reviews>
   416609
  </reviews>
 </clothing>
 <clothing>
  <id>
   838621611
  </id>
  <name>
   Converse Jacket Q-3967
  </name>
  <category>
   Jacket
  </category>
  <size>
   L
  </size>
  <color>
   Голубой
  </color>
  <material>
   Шерсть
  </material>
  <price>
   344723
  </price>
  <rating>
   2.04
  </rating>
  <reviews>
   335267
  </reviews>
  <new>
   +
  </new>
 </clothing>
 <clothing>
  <id>
   617321888
  </id>
  <name>
   Under Armour Blouse B-8211
  </name>
  <category>
   Blouse
  </category>
  <size>
   L
  </size>
  <color>
   Зеленый
  </color>
  <material>
   Вискоза
  </material>
  <price>
   672386
  </price>
  <rating>
   1.81
  </rating>
  <reviews>
   49353
  </reviews>
  <sporty>
   no
  </sporty>
 </clothing>
 <clothing>
  <id>
   173621048
  </id>
  <name>
   Nike Shirt N-4617
  </name>
  <category>
   Shirt
  </category>
  <size>
   XL
  </size>
  <color>
   Зеленый
  </color>
  <material>
   Шелк
  </material>
  <price>
   594785
  </price>
  <rating>
   1.14
  </rating>
  <reviews>
   286013
  </reviews>
  <exclusive>
   yes
  </exclusive>
  <sporty>
   yes
  </sporty>
 </clothing>
 <clothing>
  <id>
   649712228
  </id>
  <name>
   Nike Handbags M-7553
  </name>
  <category>
   Handbags
  </category>
  <size>
   XL
  </size>
  <color>
   Голубой
  </color>
  <material>
   Нейлон
  </material>
  <price>
   417146
  </price>
  <rating>
   1.45
  </rating>
  <reviews>
   154303
  </reviews>
  <new>
   +
  </new>
  <exclusive>
   yes
  </exclusive>
  <sporty>
   yes
  </sporty>
 </clothing>
 <clothing>
  <id>
   499947205
  </id>
  <name>
   Nike Blouse X-1167
  </name>
  <category>
   Blouse
  </category>
  <size>
   M
  </size>
  <color>
   Желтый
  </color>
  <material>
   Шерсть
  </material>
  <price>
   684380
  </price>
  <rating>
   1.4
  </rating>
  <reviews>
   485870
  </reviews>
  <new>
   +
  </new>
  <exclusive>
   yes
  </exclusive>
  <sporty>
   yes
  </sporty>
 </clothing>
 <clothing>
  <id>
   499397949
  </id>
  <name>
   Puma Sweater X-4878
  </name>
  <category>
   Sweater
  </category>
  <size>
   XXL
  </size>
  <color>
   Синий
  </color>
  <material>
   Хлопок
  </material>
  <price>
   900592
  </price>
  <rating>
   1.56
  </rating>
  <reviews>
   57529
  </reviews>
  <new>
   +
  </new>
 </clothing>
 <clothing>
  <id>
   233280933
  </id>
  <name>
   Nike Jeans W-7270
  </name>
  <category>
   Jeans
  </category>
  <size>
   XL
  </size>
  <color>
   Желтый
  </color>
  <material>
   Полиэстер
  </material>
  <price>
   413336
  </price>
  <rating>
   2.18
  </rating>
  <reviews>
   529920
  </reviews>
  <new>
   -
  </new>
  <sporty>
   no
  </sporty>
 </clothing>
 <clothing>
  <id>
   742368443
  </id>
  <name>
   DC Jacket G-5485
  </name>
  <category>
   Jacket
  </category>
  <size>
   XXL
  </size>
  <color>
   Зеленый
  </color>
  <material>
   Хлопок
  </material>
  <price>
   907255
  </price>
  <rating>
   1.81
  </rating>
  <reviews>
   161443
  </reviews>
  <new>
   -
  </new>
  <exclusive>
   no
  </exclusive>
  <sporty>
   no
  </sporty>
 </clothing>
 <clothing>
  <id>
   102850967
  </id>
  <name>
   New Balance Pants M-8359
  </name>
  <category>
   Pants
  </category>
  <size>
   XXL
  </size>
  <color>
   Желтый
  </color>
  <material>
   Лен
  </material>
  <price>
   349863
  </price>
  <rating>
   3.03
  </rating>
  <reviews>
   343416
  </reviews>
  <new>
   +
  </new>
 </clothing>
 <clothing>
  <id>
   319075318
  </id>
  <name>
   Fila Sweater L-3679
  </name>
  <category>
   Sweater
  </category>
  <size>
   S
  </size>
  <color>
   Фиолетовый
  </color>
  <material>
   Полиэстер
  </material>
  <price>
   481920
  </price>
  <rating>
   1.14
  </rating>
  <reviews>
   568231
  </reviews>
  <new>
   +
  </new>
  <sporty>
   no
  </sporty>
 </clothing>
 <clothing>
  <id>
   929601783
  </id>
  <name>
   Fila Sweater O-4666
  </name>
  <category>
   Sweater
  </category>
  <size>
   XL
  </size>
  <color>
   Синий
  </color>
  <material>
   Кожа
  </material>
  <price>
   307718
  </price>
  <rating>
   1.41
  </rating>
  <reviews>
   813103
  </reviews>
 </clothing>
 <clothing>
  <id>
   380212361
  </id>
  <name>
   PleinSport Socks K-2658
  </name>
  <category>
   Socks
  </category>
  <size>
   M
  </size>
  <color>
   Желтый
  </color>
  <material>
   Вискоза
  </material>
  <price>
   399331
  </price>
  <rating>
   3.63
  </rating>
  <reviews>
   792684
  </reviews>
  <new>
   -
  </new>
  <exclusive>
   no
  </exclusive>
  <sporty>
   yes
  </sporty>
 </clothing>
 <clothing>
  <id>
   150213142
  </id>
  <name>
   Puma Gloves P-8143
  </name>
  <category>
   Gloves
  </category>
  <size>
   M
  </size>
  <color>
   Синий
  </color>
  <material>
   Лен
  </material>
  <price>
   771425
  </price>
  <rating>
   3.39
  </rating>
  <reviews>
   565182
  </reviews>
  <exclusive>
   yes
  </exclusive>
  <sporty>
   no
  </sporty>
 </clothing>
 <clothing>
  <id>
   734954442
  </id>
  <name>
   Puma Blouse B-7816
  </name>
  <category>
   Blouse
  </category>
  <size>
   S
  </size>
  <color>
   Голубой
  </color>
  <material>
   Кожа
  </material>
  <price>
   333681
  </price>
  <rating>
   4.37
  </rating>
  <reviews>
   885307
  </reviews>
  <new>
   +
  </new>
  <exclusive>
   yes
  </exclusive>
  <sporty>
   no
  </sporty>
 </clothing>
 <clothing>
  <id>
   106604727
  </id>
  <name>
   Brooks Umbrellas D-5745
  </name>
  <category>
   Umbrellas
  </category>
  <size>
   XXL
  </size>
  <color>
   Синий
  </color>
  <material>
   Лен
  </material>
  <price>
   966118
  </price>
  <rating>
   3.64
  </rating>
  <reviews>
   72840
  </reviews>
  <new>
   -
  </new>
 </clothing>
 <clothing>
  <id>
   715106739
  </id>
  <name>
   Asics Shoes Z-2724
  </name>
  <category>
   Shoes
  </category>
  <size>
   XXL
  </size>
  <color>
   Красный
  </color>
  <material>
   Кожа
  </material>
  <price>
   917517
  </price>
  <rating>
   2.56
  </rating>
  <reviews>
   271016
  </reviews>
  <exclusive>
   no
  </exclusive>
  <sporty>
   no
  </sporty>
 </clothing>
 <clothing>
  <id>
   346325747
  </id>
  <name>
   Asics Dress Z-2028
  </name>
  <category>
   Dress
  </category>
  <size>
   XXL
  </size>
  <color>
   Фиолетовый
  </color>
  <material>
   Лен
  </material>
  <price>
   742013
  </price>
  <rating>
   3.28
  </rating>
  <reviews>
   966183
  </reviews>
  <new>
   -
  </new>
  <sporty>
   no
  </sporty>
 </clothing>
 <clothing>
  <id>
   901025072
  </id>
  <name>
   Converse Skirt F-7385
  </name>
  <category>
   Skirt
  </category>
  <size>
   S
  </size>
  <color>
   Желтый
  </color>
  <material>
   Шерсть
  </material>
  <price>
   868916
  </price>
  <rating>
   1.33
  </rating>
  <reviews>
   112872
  </reviews>
  <sporty>
   no
  </sporty>
 </clothing>
 <clothing>
  <id>
   744834632
  </id>
  <name>
   Converse Dress E-5163
  </name>
  <category>
   Dress
  </category>
  <size>
   XL
  </size>
  <color>
   Голубой
  </color>
  <material>
   Хлопок
  </material>
  <price>
   403515
  </price>
  <rating>
   4.83
  </rating>
  <reviews>
   478319
  </reviews>
  <new>
   -
  </new>
  <sporty>
   no
  </sporty>
 </clothing>
 <clothing>
  <id>
   452603873
  </id>
  <name>
   Ellesse Handbags K-6881
  </name>
  <category>
   Handbags
  </category>
  <size>
   XXL
  </size>
  <color>
   Фиолетовый
  </color>
  <material>
   Полиэстер
  </material>
  <price>
   515281
  </price>
  <rating>
   1.07
  </rating>
  <reviews>
   882810
  </reviews>
  <new>
   -
  </new>
  <exclusive>
   yes
  </exclusive>
 </clothing>
 <clothing>
  <id>
   990813570
  </id>
  <name>
   Adidas Pants D-2175
  </name>
  <category>
   Pants
  </category>
  <size>
   M
  </size>
  <color>
   Зеленый
  </color>
  <material>
   Нейлон
  </material>
  <price>
   328676
  </price>
  <rating>
   1.79
  </rating>
  <reviews>
   27948
  </reviews>
  <new>
   -
  </new>
  <exclusive>
   yes
  </exclusive>
  <sporty>
   no
  </sporty>
 </clothing>
 <clothing>
  <id>
   523111663
  </id>
  <name>
   Reebok Gloves T-4042
  </name>
  <category>
   Gloves
  </category>
  <size>
   S
  </size>
  <color>
   Зеленый
  </color>
  <material>
   Нейлон
  </material>
  <price>
   771707
  </price>
  <rating>
   1.05
  </rating>
  <reviews>
   768150
  </reviews>
  <new>
   +
  </new>
  <exclusive>
   no
  </exclusive>
  <sporty>
   no
  </sporty>
 </clothing>
 <clothing>
  <id>
   156512850
  </id>
  <name>
   Addidas Blouse V-6141
  </name>
  <category>
   Blouse
  </category>
  <size>
   M
  </size>
  <color>
   Желтый
  </color>
  <material>
   Полиэстер
  </material>
  <price>
   811249
  </price>
  <rating>
   2.55
  </rating>
  <reviews>
   702826
  </reviews>
  <exclusive>
   yes
  </exclusive>
 </clothing>
 <clothing>
  <id>
   489266075
  </id>
  <name>
   Ellesse Gloves E-5796
  </name>
  <category>
   Gloves
  </category>
  <size>
   S
  </size>
  <color>
   Оранжевый
  </color>
  <material>
   Полиэстер
  </material>
  <price>
   484123
  </price>
  <rating>
   2.52
  </rating>
  <reviews>
   876723
  </reviews>
  <new>
   +
  </new>
  <sporty>
   no
  </sporty>
 </clothing>
 <clothing>
  <id>
   254638306
  </id>
  <name>
   Reebok Jeans L-6849
  </name>
  <category>
   Jeans
  </category>
  <size>
   XL
  </size>
  <color>
   Зеленый
  </color>
  <material>
   Кожа
  </material>
  <price>
   951196
  </price>
  <rating>
   2.5
  </rating>
  <reviews>
   94507
  </reviews>
  <exclusive>
   yes
  </exclusive>
 </clothing>
 <clothing>
  <id>
   558492690
  </id>
  <name>
   Ellesse Socks M-3833
  </name>
  <category>
   Socks
  </category>
  <size>
   M
  </size>
  <color>
   Оранжевый
  </color>
  <material>
   Вискоза
  </material>
  <price>
   238115
  </price>
  <rating>
   1.87
  </rating>
  <reviews>
   814305
  </reviews>
  <new>
   -
  </new>
  <exclusive>
   no
  </exclusive>
  <sporty>
   yes
  </sporty>
 </clothing>
 <clothing>
  <id>
   189719022
  </id>
  <name>
   PleinSport Blouse T-6204
  </name>
  <category>
   Blouse
  </category>
  <size>
   M
  </size>
  <color>
   Голубой
  </color>
  <material>
   Кожа
  </material>
  <price>
   346278
  </price>
  <rating>
   2.92
  </rating>
  <reviews>
   802366
  </reviews>
  <new>
   -
  </new>
 </clothing>
 <clothing>
  <id>
   676895570
  </id>
  <name>
   Nike Jacket H-4180
  </name>
  <category>
   Jacket
  </category>
  <size>
   L
  </size>
  <color>
   Фиолетовый
  </color>
  <material>
   Хлопок
  </material>
  <price>
   121018
  </price>
  <rating>
   3.85
  </rating>
  <reviews>
   54261
  </reviews>
 </clothing>
 <clothing>
  <id>
   836938489
  </id>
  <name>
   Reebok Dress E-5871
  </name>
  <category>
   Dress
  </category>
  <size>
   L
  </size>
  <color>
   Желтый
  </color>
  <material>
   Полиэстер
  </material>
  <price>
   608838
  </price>
  <rating>
   4.08
  </rating>
  <reviews>
   648599
  </reviews>
  <sporty>
   yes
  </sporty>
 </clothing>
 <clothing>
  <id>
   320210762
  </id>
  <name>
   Fila Jeans T-9693
  </name>
  <category>
   Jeans
  </category>
  <size>
   XL
  </size>
  <color>
   Оранжевый
  </color>
  <material>
   Полиэстер
  </material>
  <price>
   654499
  </price>
  <rating>
   3.5
  </rating>
  <reviews>
   441796
  </reviews>
  <new>
   -
  </new>
  <exclusive>
   no
  </exclusive>
  <sporty>
   yes
  </sporty>
 </clothing>
 <clothing>
  <id>
   921844252
  </id>
  <name>
   Under Armour Shoes E-3210
  </name>
  <category>
   Shoes
  </category>
  <size>
   M
  </size>
  <color>
   Красный
  </color>
  <material>
   Лен
  </material>
  <price>
   428803
  </price>
  <rating>
   1.01
  </rating>
  <reviews>
   533406
  </reviews>
  <new>
   -
  </new>
  <sporty>
   yes
  </sporty>
 </clothing>
 <clothing>
  <id>
   774552282
  </id>
  <name>
   Ellesse Jacket I-1550
  </name>
  <category>
   Jacket
  </category>
  <size>
   M
  </size>
  <color>
   Красный
  </color>
  <material>
   Хлопок
  </material>
  <price>
   972841
  </price>
  <rating>
   4.59
  </rating>
  <reviews>
   964104
  </reviews>
  <new>
   -
  </new>
  <exclusive>
   yes
  </exclusive>
  <sporty>
   yes
  </sporty>
 </clothing>
 <clothing>
  <id>
   639656006
  </id>
  <name>
   Nike Gloves R-5589
  </name>
  <category>
   Gloves
  </category>
  <size>
   XL
  </size>
  <color>
   Синий
  </color>
  <material>
   Полиэстер
  </material>
  <price>
   389998
  </price>
  <rating>
   2.2
  </rating>
  <reviews>
   263698
  </reviews>
  <exclusive>
   no
  </exclusive>
  <sporty>
   no
  </sporty>
 </clothing>
 <clothing>
  <id>
   370733492
  </id>
  <name>
   Converse Pants B-7766
  </name>
  <category>
   Pants
  </category>
  <size>
   XL
  </size>
  <color>
   Зеленый
  </color>
  <material>
   Хлопок
  </material>
  <price>
   885838
  </price>
  <rating>
   4.59
  </rating>
  <reviews>
   293985
  </reviews>
  <exclusive>
   yes
  </exclusive>
  <sporty>
   yes
  </sporty>
 </clothing>
 <clothing>
  <id>
   788443274
  </id>
  <name>
   Nike Skirt B-4583
  </name>
  <category>
   Skirt
  </category>
  <size>
   XL
  </size>
  <color>
   Фиолетовый
  </color>
  <material>
   Шерсть
  </material>
  <price>
   704719
  </price>
  <rating>
   1.39
  </rating>
  <reviews>
   769226
  </reviews>
  <new>
   -
  </new>
  <sporty>
   no
  </sporty>
 </clothing>
 <clothing>
  <id>
   769875918
  </id>
  <name>
   Vans Hat R-8030
  </name>
  <category>
   Hat
  </category>
  <size>
   XL
  </size>
  <color>
   Красный
  </color>
  <material>
   Хлопок
  </material>
  <price>
   402354
  </price>
  <rating>
   4.36
  </rating>
  <reviews>
   783404
  </reviews>
  <new>
   -
  </new>
  <exclusive>
   yes
  </exclusive>
 </clothing>
 <clothing>
  <id>
   847649986
  </id>
  <name>
   Reebok Sweater J-4597
  </name>
  <category>
   Sweater
  </category>
  <size>
   S
  </size>
  <color>
   Голубой
  </color>
  <material>
   Вискоза
  </material>
  <price>
   831013
  </price>
  <rating>
   4.21
  </rating>
  <reviews>
   227603
  </reviews>
  <new>
   +
  </new>
  <exclusive>
   no
  </exclusive>
  <sporty>
   no
  </sporty>
 </clothing>
</clothing-items>
