<?xml version="1.0" encoding="utf-8"?>
<clothing-items>
 <clothing>
  <id>
   911830197
  </id>
  <name>
   Converse Skirt S-9021
  </name>
  <category>
   Skirt
  </category>
  <size>
   XXL
  </size>
  <color>
   Фиолетовый
  </color>
  <material>
   Нейлон
  </material>
  <price>
   817297
  </price>
  <rating>
   3.96
  </rating>
  <reviews>
   284718
  </reviews>
 </clothing>
 <clothing>
  <id>
   614581304
  </id>
  <name>
   PleinSport Jeans W-8031
  </name>
  <category>
   Jeans
  </category>
  <size>
   L
  </size>
  <color>
   Фиолетовый
  </color>
  <material>
   Кожа
  </material>
  <price>
   981640
  </price>
  <rating>
   1.91
  </rating>
  <reviews>
   343376
  </reviews>
  <new>
   +
  </new>
  <exclusive>
   yes
  </exclusive>
  <sporty>
   yes
  </sporty>
 </clothing>
 <clothing>
  <id>
   224066314
  </id>
  <name>
   Brooks Jeans E-4098
  </name>
  <category>
   Jeans
  </category>
  <size>
   XL
  </size>
  <color>
   Красный
  </color>
  <material>
   Полиэстер
  </material>
  <price>
   191396
  </price>
  <rating>
   2.07
  </rating>
  <reviews>
   280718
  </reviews>
  <exclusive>
   no
  </exclusive>
  <sporty>
   no
  </sporty>
 </clothing>
 <clothing>
  <id>
   470469433
  </id>
  <name>
   PleinSport Blouse D-4177
  </name>
  <category>
   Blouse
  </category>
  <size>
   M
  </size>
  <color>
   Красный
  </color>
  <material>
   Шелк
  </material>
  <price>
   496195
  </price>
  <rating>
   1.26
  </rating>
  <reviews>
   357257
  </reviews>
  <new>
   +
  </new>
  <sporty>
   no
  </sporty>
 </clothing>
 <clothing>
  <id>
   183268848
  </id>
  <name>
   DC Jeans V-6489
  </name>
  <category>
   Jeans
  </category>
  <size>
   XL
  </size>
  <color>
   Голубой
  </color>
  <material>
   Лен
  </material>
  <price>
   818785
  </price>
  <rating>
   4.1
  </rating>
  <reviews>
   167066
  </reviews>
  <new>
   +
  </new>
 </clothing>
 <clothing>
  <id>
   378539568
  </id>
  <name>
   Ellesse Shirt H-5141
  </name>
  <category>
   Shirt
  </category>
  <size>
   L
  </size>
  <color>
   Желтый
  </color>
  <material>
   Вискоза
  </material>
  <price>
   257869
  </price>
  <rating>
   1.75
  </rating>
  <reviews>
   834752
  </reviews>
  <new>
   -
  </new>
  <sporty>
   no
  </sporty>
 </clothing>
 <clothing>
  <id>
   759603151
  </id>
  <name>
   Fila Umbrellas M-7755
  </name>
  <category>
   Umbrellas
  </category>
  <size>
   S
  </size>
  <color>
   Зеленый
  </color>
  <material>
   Вискоза
  </material>
  <price>
   670532
  </price>
  <rating>
   3.41
  </rating>
  <reviews>
   484054
  </reviews>
  <new>
   -
  </new>
  <sporty>
   yes
  </sporty>
 </clothing>
 <clothing>
  <id>
   151443014
  </id>
  <name>
   Puma Blouse X-6435
  </name>
  <category>
   Blouse
  </category>
  <size>
   M
  </size>
  <color>
   Синий
  </color>
  <material>
   Шерсть
  </material>
  <price>
   772899
  </price>
  <rating>
   3.93
  </rating>
  <reviews>
   632936
  </reviews>
  <exclusive>
   no
  </exclusive>
 </clothing>
 <clothing>
  <id>
   648633624
  </id>
  <name>
   Puma Shirt S-9251
  </name>
  <category>
   Shirt
  </category>
  <size>
   S
  </size>
  <color>
   Оранжевый
  </color>
  <material>
   Лен
  </material>
  <price>
   248724
  </price>
  <rating>
   2.65
  </rating>
  <reviews>
   375376
  </reviews>
  <new>
   -
  </new>
 </clothing>
 <clothing>
  <id>
   374254965
  </id>
  <name>
   Reebok Jacket N-5842
  </name>
  <category>
   Jacket
  </category>
  <size>
   XL
  </size>
  <color>
   Синий
  </color>
  <material>
   Шерсть
  </material>
  <price>
   339786
  </price>
  <rating>
   3.4
  </rating>
  <reviews>
   960642
  </reviews>
  <new>
   -
  </new>
  <sporty>
   no
  </sporty>
 </clothing>
 <clothing>
  <id>
   692644195
  </id>
  <name>
   New Balance Jacket U-9771
  </name>
  <category>
   Jacket
  </category>
  <size>
   M
  </size>
  <color>
   Фиолетовый
  </color>
  <material>
   Вискоза
  </material>
  <price>
   537144
  </price>
  <rating>
   2.1
  </rating>
  <reviews>
   979838
  </reviews>
  <exclusive>
   no
  </exclusive>
  <sporty>
   no
  </sporty>
 </clothing>
 <clothing>
  <id>
   171975303
  </id>
  <name>
   Nike Socks L-6038
  </name>
  <category>
   Socks
  </category>
  <size>
   XL
  </size>
  <color>
   Красный
  </color>
  <material>
   Полиэстер
  </material>
  <price>
   881951
  </price>
  <rating>
   4.61
  </rating>
  <reviews>
   276226
  </reviews>
  <sporty>
   no
  </sporty>
 </clothing>
 <clothing>
  <id>
   843907175
  </id>
  <name>
   Adidas Belts T-8798
  </name>
  <category>
   Belts
  </category>
  <size>
   XXL
  </size>
  <color>
   Фиолетовый
  </color>
  <material>
   Шерсть
  </material>
  <price>
   512807
  </price>
  <rating>
   2.31
  </rating>
  <reviews>
   537677
  </reviews>
  <new>
   +
  </new>
  <sporty>
   no
  </sporty>
 </clothing>
 <clothing>
  <id>
   114633078
  </id>
  <name>
   DC Belts R-2741
  </name>
  <category>
   Belts
  </category>
  <size>
   XL
  </size>
  <color>
   Зеленый
  </color>
  <material>
   Хлопок
  </material>
  <price>
   476012
  </price>
  <rating>
   4.02
  </rating>
  <reviews>
   754073
  </reviews>
  <exclusive>
   no
  </exclusive>
  <sporty>
   yes
  </sporty>
 </clothing>
 <clothing>
  <id>
   357343747
  </id>
  <name>
   Nike Gloves M-8537
  </name>
  <category>
   Gloves
  </category>
  <size>
   XXL
  </size>
  <color>
   Красный
  </color>
  <material>
   Нейлон
  </material>
  <price>
   346941
  </price>
  <rating>
   1.83
  </rating>
  <reviews>
   33506
  </reviews>
  <new>
   -
  </new>
  <exclusive>
   no
  </exclusive>
 </clothing>
 <clothing>
  <id>
   413622162
  </id>
  <name>
   Asics Skirt Y-1901
  </name>
  <category>
   Skirt
  </category>
  <size>
   M
  </size>
  <color>
   Зеленый
  </color>
  <material>
   Нейлон
  </material>
  <price>
   426326
  </price>
  <rating>
   2.92
  </rating>
  <reviews>
   689895
  </reviews>
  <new>
   +
  </new>
  <exclusive>
   no
  </exclusive>
 </clothing>
 <clothing>
  <id>
   256036515
  </id>
  <name>
   Under Armour Skirt L-9241
  </name>
  <category>
   Skirt
  </category>
  <size>
   XL
  </size>
  <color>
   Красный
  </color>
  <material>
   Вискоза
  </material>
  <price>
   351121
  </price>
  <rating>
   3.85
  </rating>
  <reviews>
   178705
  </reviews>
  <new>
   +
  </new>
  <exclusive>
   yes
  </exclusive>
 </clothing>
 <clothing>
  <id>
   879084260
  </id>
  <name>
   PleinSport Skirt X-5000
  </name>
  <category>
   Skirt
  </category>
  <size>
   S
  </size>
  <color>
   Желтый
  </color>
  <material>
   Хлопок
  </material>
  <price>
   402375
  </price>
  <rating>
   2.92
  </rating>
  <reviews>
   76315
  </reviews>
  <new>
   +
  </new>
  <exclusive>
   no
  </exclusive>
  <sporty>
   no
  </sporty>
 </clothing>
 <clothing>
  <id>
   510783370
  </id>
  <name>
   Brooks Handbags S-1761
  </name>
  <category>
   Handbags
  </category>
  <size>
   M
  </size>
  <color>
   Голубой
  </color>
  <material>
   Полиэстер
  </material>
  <price>
   716111
  </price>
  <rating>
   4.59
  </rating>
  <reviews>
   242168
  </reviews>
  <exclusive>
   no
  </exclusive>
  <sporty>
   no
  </sporty>
 </clothing>
 <clothing>
  <id>
   124611040
  </id>
  <name>
   Addidas Blouse W-9433
  </name>
  <category>
   Blouse
  </category>
  <size>
   M
  </size>
  <color>
   Оранжевый
  </color>
  <material>
   Нейлон
  </material>
  <price>
   197145
  </price>
  <rating>
   3.45
  </rating>
  <reviews>
   157123
  </reviews>
  <exclusive>
   no
  </exclusive>
 </clothing>
 <clothing>
  <id>
   121924351
  </id>
  <name>
   Addidas Blouse K-4412
  </name>
  <category>
   Blouse
  </category>
  <size>
   XL
  </size>
  <color>
   Зеленый
  </color>
  <material>
   Лен
  </material>
  <price>
   722980
  </price>
  <rating>
   1.73
  </rating>
  <reviews>
   775631
  </reviews>
  <exclusive>
   no
  </exclusive>
  <sporty>
   no
  </sporty>
 </clothing>
 <clothing>
  <id>
   439040525
  </id>
  <name>
   New Balance Gloves Q-4669
  </name>
  <category>
   Gloves
  </category>
  <size>
   M
  </size>
  <color>
   Зеленый
  </color>
  <material>
   Шелк
  </material>
  <price>
   689953
  </price>
  <rating>
   2.14
  </rating>
  <reviews>
   903976
  </reviews>
  <exclusive>
   yes
  </exclusive>
  <sporty>
   yes
  </sporty>
 </clothing>
 <clothing>
  <id>
   951464470
  </id>
  <name>
   Fila Handbags J-7973
  </name>
  <category>
   Handbags
  </category>
  <size>
   S
  </size>
  <color>
   Оранжевый
  </color>
  <material>
   Хлопок
  </material>
  <price>
   268437
  </price>
  <rating>
   2.9
  </rating>
  <reviews>
   946231
  </reviews>
  <new>
   +
  </new>
  <sporty>
   no
  </sporty>
 </clothing>
 <clothing>
  <id>
   818340538
  </id>
  <name>
   Vans Shoes K-3573
  </name>
  <category>
   Shoes
  </category>
  <size>
   XXL
  </size>
  <color>
   Голубой
  </color>
  <material>
   Кожа
  </material>
  <price>
   981420
  </price>
  <rating>
   4.27
  </rating>
  <reviews>
   571447
  </reviews>
  <sporty>
   no
  </sporty>
 </clothing>
 <clothing>
  <id>
   588783925
  </id>
  <name>
   Lacoste Handbags K-7909
  </name>
  <category>
   Handbags
  </category>
  <size>
   L
  </size>
  <color>
   Желтый
  </color>
  <material>
   Нейлон
  </material>
  <price>
   412946
  </price>
  <rating>
   3.08
  </rating>
  <reviews>
   27955
  </reviews>
  <new>
   +
  </new>
  <exclusive>
   no
  </exclusive>
 </clothing>
 <clothing>
  <id>
   863951809
  </id>
  <name>
   New Balance Gloves W-4908
  </name>
  <category>
   Gloves
  </category>
  <size>
   XXL
  </size>
  <color>
   Фиолетовый
  </color>
  <material>
   Нейлон
  </material>
  <price>
   376590
  </price>
  <rating>
   3.5
  </rating>
  <reviews>
   262232
  </reviews>
  <sporty>
   no
  </sporty>
 </clothing>
 <clothing>
  <id>
   147652191
  </id>
  <name>
   Addidas Sweater H-2832
  </name>
  <category>
   Sweater
  </category>
  <size>
   XL
  </size>
  <color>
   Красный
  </color>
  <material>
   Нейлон
  </material>
  <price>
   850704
  </price>
  <rating>
   4.72
  </rating>
  <reviews>
   691364
  </reviews>
  <new>
   +
  </new>
  <sporty>
   no
  </sporty>
 </clothing>
 <clothing>
  <id>
   567371221
  </id>
  <name>
   Puma Socks Z-6957
  </name>
  <category>
   Socks
  </category>
  <size>
   S
  </size>
  <color>
   Синий
  </color>
  <material>
   Нейлон
  </material>
  <price>
   605830
  </price>
  <rating>
   2.19
  </rating>
  <reviews>
   217832
  </reviews>
  <new>
   -
  </new>
  <sporty>
   yes
  </sporty>
 </clothing>
 <clothing>
  <id>
   316841465
  </id>
  <name>
   Asics Jacket P-9646
  </name>
  <category>
   Jacket
  </category>
  <size>
   L
  </size>
  <color>
   Красный
  </color>
  <material>
   Лен
  </material>
  <price>
   205948
  </price>
  <rating>
   4.43
  </rating>
  <reviews>
   213857
  </reviews>
  <new>
   +
  </new>
  <exclusive>
   yes
  </exclusive>
  <sporty>
   no
  </sporty>
 </clothing>
 <clothing>
  <id>
   690764502
  </id>
  <name>
   Asics Jacket O-5233
  </name>
  <category>
   Jacket
  </category>
  <size>
   S
  </size>
  <color>
   Зеленый
  </color>
  <material>
   Вискоза
  </material>
  <price>
   988413
  </price>
  <rating>
   4.53
  </rating>
  <reviews>
   101455
  </reviews>
  <new>
   +
  </new>
  <sporty>
   no
  </sporty>
 </clothing>
 <clothing>
  <id>
   383920279
  </id>
  <name>
   Reebok Hat V-2348
  </name>
  <category>
   Hat
  </category>
  <size>
   M
  </size>
  <color>
   Желтый
  </color>
  <material>
   Шерсть
  </material>
  <price>
   563555
  </price>
  <rating>
   1.37
  </rating>
  <reviews>
   198346
  </reviews>
  <exclusive>
   no
  </exclusive>
 </clothing>
 <clothing>
  <id>
   211420903
  </id>
  <name>
   Under Armour Blouse U-2683
  </name>
  <category>
   Blouse
  </category>
  <size>
   XL
  </size>
  <color>
   Оранжевый
  </color>
  <material>
   Хлопок
  </material>
  <price>
   289342
  </price>
  <rating>
   4.96
  </rating>
  <reviews>
   926047
  </reviews>
  <new>
   +
  </new>
  <exclusive>
   no
  </exclusive>
 </clothing>
 <clothing>
  <id>
   984614207
  </id>
  <name>
   Lacoste Umbrellas N-3773
  </name>
  <category>
   Umbrellas
  </category>
  <size>
   L
  </size>
  <color>
   Фиолетовый
  </color>
  <material>
   Шерсть
  </material>
  <price>
   467363
  </price>
  <rating>
   1.65
  </rating>
  <reviews>
   655838
  </reviews>
 </clothing>
 <clothing>
  <id>
   216061536
  </id>
  <name>
   PleinSport Belts D-2745
  </name>
  <category>
   Belts
  </category>
  <size>
   S
  </size>
  <color>
   Зеленый
  </color>
  <material>
   Вискоза
  </material>
  <price>
   442634
  </price>
  <rating>
   1.89
  </rating>
  <reviews>
   91241
  </reviews>
  <exclusive>
   no
  </exclusive>
 </clothing>
 <clothing>
  <id>
   705284301
  </id>
  <name>
   Under Armour Socks L-6234
  </name>
  <category>
   Socks
  </category>
  <size>
   S
  </size>
  <color>
   Зеленый
  </color>
  <material>
   Вискоза
  </material>
  <price>
   521243
  </price>
  <rating>
   1.66
  </rating>
  <reviews>
   719652
  </reviews>
  <exclusive>
   no
  </exclusive>
  <sporty>
   no
  </sporty>
 </clothing>
 <clothing>
  <id>
   794961221
  </id>
  <name>
   Addidas Handbags M-3804
  </name>
  <category>
   Handbags
  </category>
  <size>
   XXL
  </size>
  <color>
   Оранжевый
  </color>
  <material>
   Шерсть
  </material>
  <price>
   823488
  </price>
  <rating>
   3.33
  </rating>
  <reviews>
   659829
  </reviews>
 </clothing>
 <clothing>
  <id>
   411112909
  </id>
  <name>
   Adidas Handbags F-6158
  </name>
  <category>
   Handbags
  </category>
  <size>
   L
  </size>
  <color>
   Зеленый
  </color>
  <material>
   Кожа
  </material>
  <price>
   747827
  </price>
  <rating>
   2.99
  </rating>
  <reviews>
   680761
  </reviews>
  <new>
   +
  </new>
  <exclusive>
   no
  </exclusive>
 </clothing>
 <clothing>
  <id>
   162661360
  </id>
  <name>
   DC Gloves O-5555
  </name>
  <category>
   Gloves
  </category>
  <size>
   XL
  </size>
  <color>
   Красный
  </color>
  <material>
   Шелк
  </material>
  <price>
   802203
  </price>
  <rating>
   4.59
  </rating>
  <reviews>
   481696
  </reviews>
 </clothing>
 <clothing>
  <id>
   825773059
  </id>
  <name>
   Adidas Pants W-3395
  </name>
  <category>
   Pants
  </category>
  <size>
   XXL
  </size>
  <color>
   Желтый
  </color>
  <material>
   Полиэстер
  </material>
  <price>
   433045
  </price>
  <rating>
   2.36
  </rating>
  <reviews>
   166291
  </reviews>
  <new>
   -
  </new>
  <sporty>
   no
  </sporty>
 </clothing>
 <clothing>
  <id>
   276776194
  </id>
  <name>
   Brooks Blouse W-1643
  </name>
  <category>
   Blouse
  </category>
  <size>
   M
  </size>
  <color>
   Оранжевый
  </color>
  <material>
   Шерсть
  </material>
  <price>
   836678
  </price>
  <rating>
   1.31
  </rating>
  <reviews>
   898559
  </reviews>
  <exclusive>
   yes
  </exclusive>
  <sporty>
   no
  </sporty>
 </clothing>
 <clothing>
  <id>
   330247506
  </id>
  <name>
   Reebok Hat P-5548
  </name>
  <category>
   Hat
  </category>
  <size>
   S
  </size>
  <color>
   Оранжевый
  </color>
  <material>
   Лен
  </material>
  <price>
   888625
  </price>
  <rating>
   4.46
  </rating>
  <reviews>
   298765
  </reviews>
  <new>
   -
  </new>
  <sporty>
   yes
  </sporty>
 </clothing>
 <clothing>
  <id>
   788982103
  </id>
  <name>
   Converse T-shirt X-6933
  </name>
  <category>
   T-shirt
  </category>
  <size>
   S
  </size>
  <color>
   Фиолетовый
  </color>
  <material>
   Хлопок
  </material>
  <price>
   283081
  </price>
  <rating>
   4.56
  </rating>
  <reviews>
   866578
  </reviews>
  <sporty>
   no
  </sporty>
 </clothing>
</clothing-items>
