<?xml version="1.0" encoding="utf-8"?>
<clothing-items>
 <clothing>
  <id>
   667222178
  </id>
  <name>
   Under Armour Skirt P-3922
  </name>
  <category>
   Skirt
  </category>
  <size>
   XXL
  </size>
  <color>
   Красный
  </color>
  <material>
   Полиэстер
  </material>
  <price>
   313609
  </price>
  <rating>
   3.11
  </rating>
  <reviews>
   969658
  </reviews>
  <new>
   +
  </new>
  <exclusive>
   no
  </exclusive>
  <sporty>
   no
  </sporty>
 </clothing>
 <clothing>
  <id>
   101663232
  </id>
  <name>
   PleinSport Umbrellas O-4024
  </name>
  <category>
   Umbrellas
  </category>
  <size>
   XXL
  </size>
  <color>
   Зеленый
  </color>
  <material>
   Хлопок
  </material>
  <price>
   873342
  </price>
  <rating>
   2.68
  </rating>
  <reviews>
   97279
  </reviews>
  <exclusive>
   no
  </exclusive>
  <sporty>
   no
  </sporty>
 </clothing>
 <clothing>
  <id>
   754024634
  </id>
  <name>
   Nike Skirt Q-2757
  </name>
  <category>
   Skirt
  </category>
  <size>
   L
  </size>
  <color>
   Синий
  </color>
  <material>
   Шелк
  </material>
  <price>
   870881
  </price>
  <rating>
   2.8
  </rating>
  <reviews>
   484538
  </reviews>
  <new>
   +
  </new>
  <exclusive>
   no
  </exclusive>
  <sporty>
   no
  </sporty>
 </clothing>
 <clothing>
  <id>
   256709196
  </id>
  <name>
   PleinSport T-shirt P-5209
  </name>
  <category>
   T-shirt
  </category>
  <size>
   XXL
  </size>
  <color>
   Голубой
  </color>
  <material>
   Хлопок
  </material>
  <price>
   521363
  </price>
  <rating>
   1.4
  </rating>
  <reviews>
   814390
  </reviews>
 </clothing>
 <clothing>
  <id>
   426714115
  </id>
  <name>
   DC Pants F-3940
  </name>
  <category>
   Pants
  </category>
  <size>
   L
  </size>
  <color>
   Голубой
  </color>
  <material>
   Вискоза
  </material>
  <price>
   230015
  </price>
  <rating>
   1.94
  </rating>
  <reviews>
   417797
  </reviews>
  <new>
   +
  </new>
 </clothing>
 <clothing>
  <id>
   234510730
  </id>
  <name>
   New Balance Pants B-4603
  </name>
  <category>
   Pants
  </category>
  <size>
   S
  </size>
  <color>
   Голубой
  </color>
  <material>
   Кожа
  </material>
  <price>
   939104
  </price>
  <rating>
   3.55
  </rating>
  <reviews>
   620773
  </reviews>
  <new>
   -
  </new>
  <exclusive>
   no
  </exclusive>
  <sporty>
   yes
  </sporty>
 </clothing>
 <clothing>
  <id>
   426803964
  </id>
  <name>
   Lacoste Umbrellas F-2823
  </name>
  <category>
   Umbrellas
  </category>
  <size>
   XXL
  </size>
  <color>
   Желтый
  </color>
  <material>
   Вискоза
  </material>
  <price>
   180765
  </price>
  <rating>
   2.95
  </rating>
  <reviews>
   905533
  </reviews>
  <exclusive>
   yes
  </exclusive>
  <sporty>
   yes
  </sporty>
 </clothing>
 <clothing>
  <id>
   232140223
  </id>
  <name>
   Nike Skirt D-5837
  </name>
  <category>
   Skirt
  </category>
  <size>
   XL
  </size>
  <color>
   Голубой
  </color>
  <material>
   Полиэстер
  </material>
  <price>
   587145
  </price>
  <rating>
   3.56
  </rating>
  <reviews>
   397393
  </reviews>
  <sporty>
   yes
  </sporty>
 </clothing>
 <clothing>
  <id>
   767528611
  </id>
  <name>
   Asics Umbrellas F-3416
  </name>
  <category>
   Umbrellas
  </category>
  <size>
   L
  </size>
  <color>
   Синий
  </color>
  <material>
   Хлопок
  </material>
  <price>
   661453
  </price>
  <rating>
   1.14
  </rating>
  <reviews>
   138109
  </reviews>
  <new>
   -
  </new>
  <exclusive>
   no
  </exclusive>
  <sporty>
   no
  </sporty>
 </clothing>
 <clothing>
  <id>
   264853809
  </id>
  <name>
   Nike Hat B-6129
  </name>
  <category>
   Hat
  </category>
  <size>
   S
  </size>
  <color>
   Фиолетовый
  </color>
  <material>
   Шерсть
  </material>
  <price>
   137622
  </price>
  <rating>
   3.51
  </rating>
  <reviews>
   189829
  </reviews>
  <new>
   -
  </new>
  <sporty>
   no
  </sporty>
 </clothing>
 <clothing>
  <id>
   647348970
  </id>
  <name>
   Fila Belts P-4836
  </name>
  <category>
   Belts
  </category>
  <size>
   XL
  </size>
  <color>
   Оранжевый
  </color>
  <material>
   Нейлон
  </material>
  <price>
   980442
  </price>
  <rating>
   2.65
  </rating>
  <reviews>
   477553
  </reviews>
  <new>
   -
  </new>
  <sporty>
   no
  </sporty>
 </clothing>
 <clothing>
  <id>
   594241621
  </id>
  <name>
   DC T-shirt E-4142
  </name>
  <category>
   T-shirt
  </category>
  <size>
   S
  </size>
  <color>
   Желтый
  </color>
  <material>
   Кожа
  </material>
  <price>
   290173
  </price>
  <rating>
   2.63
  </rating>
  <reviews>
   935400
  </reviews>
  <exclusive>
   no
  </exclusive>
  <sporty>
   no
  </sporty>
 </clothing>
 <clothing>
  <id>
   490211878
  </id>
  <name>
   PleinSport Shirt G-7321
  </name>
  <category>
   Shirt
  </category>
  <size>
   XXL
  </size>
  <color>
   Красный
  </color>
  <material>
   Шелк
  </material>
  <price>
   437489
  </price>
  <rating>
   1.52
  </rating>
  <reviews>
   46639
  </reviews>
 </clothing>
 <clothing>
  <id>
   584545710
  </id>
  <name>
   Vans Blouse R-3768
  </name>
  <category>
   Blouse
  </category>
  <size>
   S
  </size>
  <color>
   Желтый
  </color>
  <material>
   Кожа
  </material>
  <price>
   837687
  </price>
  <rating>
   3.33
  </rating>
  <reviews>
   694259
  </reviews>
  <new>
   -
  </new>
  <exclusive>
   no
  </exclusive>
  <sporty>
   yes
  </sporty>
 </clothing>
 <clothing>
  <id>
   686463887
  </id>
  <name>
   Addidas Handbags A-1294
  </name>
  <category>
   Handbags
  </category>
  <size>
   L
  </size>
  <color>
   Красный
  </color>
  <material>
   Хлопок
  </material>
  <price>
   757807
  </price>
  <rating>
   3.44
  </rating>
  <reviews>
   709167
  </reviews>
  <new>
   -
  </new>
  <sporty>
   yes
  </sporty>
 </clothing>
</clothing-items>
