<?xml version="1.0" encoding="utf-8"?>
<clothing-items>
 <clothing>
  <id>
   746153853
  </id>
  <name>
   Brooks Dress W-6353
  </name>
  <category>
   Dress
  </category>
  <size>
   XL
  </size>
  <color>
   Фиолетовый
  </color>
  <material>
   Вискоза
  </material>
  <price>
   875322
  </price>
  <rating>
   3.22
  </rating>
  <reviews>
   922159
  </reviews>
  <new>
   -
  </new>
  <exclusive>
   yes
  </exclusive>
  <sporty>
   no
  </sporty>
 </clothing>
 <clothing>
  <id>
   577594986
  </id>
  <name>
   Reebok Belts O-6138
  </name>
  <category>
   Belts
  </category>
  <size>
   XL
  </size>
  <color>
   Желтый
  </color>
  <material>
   Шерсть
  </material>
  <price>
   737269
  </price>
  <rating>
   1.49
  </rating>
  <reviews>
   176268
  </reviews>
  <new>
   -
  </new>
 </clothing>
 <clothing>
  <id>
   524447968
  </id>
  <name>
   Brooks Shirt B-7772
  </name>
  <category>
   Shirt
  </category>
  <size>
   M
  </size>
  <color>
   Зеленый
  </color>
  <material>
   Кожа
  </material>
  <price>
   702032
  </price>
  <rating>
   2.56
  </rating>
  <reviews>
   123406
  </reviews>
  <sporty>
   yes
  </sporty>
 </clothing>
 <clothing>
  <id>
   464481301
  </id>
  <name>
   DC Shirt Q-2417
  </name>
  <category>
   Shirt
  </category>
  <size>
   S
  </size>
  <color>
   Желтый
  </color>
  <material>
   Кожа
  </material>
  <price>
   832416
  </price>
  <rating>
   3.26
  </rating>
  <reviews>
   470092
  </reviews>
  <new>
   +
  </new>
  <exclusive>
   no
  </exclusive>
  <sporty>
   no
  </sporty>
 </clothing>
 <clothing>
  <id>
   928974709
  </id>
  <name>
   Lacoste Jeans L-6673
  </name>
  <category>
   Jeans
  </category>
  <size>
   M
  </size>
  <color>
   Красный
  </color>
  <material>
   Хлопок
  </material>
  <price>
   775190
  </price>
  <rating>
   3.17
  </rating>
  <reviews>
   380493
  </reviews>
  <exclusive>
   yes
  </exclusive>
  <sporty>
   yes
  </sporty>
 </clothing>
 <clothing>
  <id>
   604345664
  </id>
  <name>
   Nike Handbags Z-9926
  </name>
  <category>
   Handbags
  </category>
  <size>
   L
  </size>
  <color>
   Синий
  </color>
  <material>
   Шелк
  </material>
  <price>
   915603
  </price>
  <rating>
   1.14
  </rating>
  <reviews>
   889688
  </reviews>
  <exclusive>
   no
  </exclusive>
  <sporty>
   no
  </sporty>
 </clothing>
 <clothing>
  <id>
   342494317
  </id>
  <name>
   Asics Pants M-1805
  </name>
  <category>
   Pants
  </category>
  <size>
   M
  </size>
  <color>
   Голубой
  </color>
  <material>
   Шерсть
  </material>
  <price>
   267234
  </price>
  <rating>
   2.58
  </rating>
  <reviews>
   60149
  </reviews>
  <new>
   -
  </new>
  <exclusive>
   no
  </exclusive>
  <sporty>
   no
  </sporty>
 </clothing>
 <clothing>
  <id>
   172061334
  </id>
  <name>
   Puma Handbags C-4184
  </name>
  <category>
   Handbags
  </category>
  <size>
   L
  </size>
  <color>
   Желтый
  </color>
  <material>
   Вискоза
  </material>
  <price>
   347922
  </price>
  <rating>
   2.84
  </rating>
  <reviews>
   380464
  </reviews>
  <new>
   -
  </new>
 </clothing>
 <clothing>
  <id>
   834399683
  </id>
  <name>
   Reebok Umbrellas V-9457
  </name>
  <category>
   Umbrellas
  </category>
  <size>
   M
  </size>
  <color>
   Синий
  </color>
  <material>
   Лен
  </material>
  <price>
   403052
  </price>
  <rating>
   2.56
  </rating>
  <reviews>
   388486
  </reviews>
  <new>
   -
  </new>
  <exclusive>
   yes
  </exclusive>
  <sporty>
   yes
  </sporty>
 </clothing>
 <clothing>
  <id>
   146089764
  </id>
  <name>
   Brooks Shoes K-3548
  </name>
  <category>
   Shoes
  </category>
  <size>
   XL
  </size>
  <color>
   Фиолетовый
  </color>
  <material>
   Нейлон
  </material>
  <price>
   974779
  </price>
  <rating>
   3.23
  </rating>
  <reviews>
   982964
  </reviews>
  <exclusive>
   no
  </exclusive>
 </clothing>
 <clothing>
  <id>
   536218019
  </id>
  <name>
   Lacoste Shoes G-2103
  </name>
  <category>
   Shoes
  </category>
  <size>
   M
  </size>
  <color>
   Синий
  </color>
  <material>
   Хлопок
  </material>
  <price>
   999453
  </price>
  <rating>
   3.73
  </rating>
  <reviews>
   844272
  </reviews>
  <new>
   +
  </new>
  <sporty>
   no
  </sporty>
 </clothing>
 <clothing>
  <id>
   190164897
  </id>
  <name>
   DC Dress K-6672
  </name>
  <category>
   Dress
  </category>
  <size>
   XXL
  </size>
  <color>
   Синий
  </color>
  <material>
   Нейлон
  </material>
  <price>
   156125
  </price>
  <rating>
   4.54
  </rating>
  <reviews>
   363256
  </reviews>
  <exclusive>
   no
  </exclusive>
 </clothing>
 <clothing>
  <id>
   475434342
  </id>
  <name>
   Lacoste Pants N-8688
  </name>
  <category>
   Pants
  </category>
  <size>
   S
  </size>
  <color>
   Голубой
  </color>
  <material>
   Шелк
  </material>
  <price>
   220684
  </price>
  <rating>
   2.23
  </rating>
  <reviews>
   274919
  </reviews>
  <new>
   +
  </new>
  <exclusive>
   yes
  </exclusive>
  <sporty>
   yes
  </sporty>
 </clothing>
 <clothing>
  <id>
   427372431
  </id>
  <name>
   Converse Handbags E-7708
  </name>
  <category>
   Handbags
  </category>
  <size>
   S
  </size>
  <color>
   Зеленый
  </color>
  <material>
   Вискоза
  </material>
  <price>
   266233
  </price>
  <rating>
   3.41
  </rating>
  <reviews>
   113736
  </reviews>
  <new>
   -
  </new>
  <exclusive>
   no
  </exclusive>
  <sporty>
   yes
  </sporty>
 </clothing>
 <clothing>
  <id>
   748742120
  </id>
  <name>
   Nike Pants D-4951
  </name>
  <category>
   Pants
  </category>
  <size>
   XXL
  </size>
  <color>
   Зеленый
  </color>
  <material>
   Шелк
  </material>
  <price>
   270135
  </price>
  <rating>
   3.54
  </rating>
  <reviews>
   10704
  </reviews>
  <exclusive>
   no
  </exclusive>
 </clothing>
 <clothing>
  <id>
   781250867
  </id>
  <name>
   Reebok T-shirt W-4504
  </name>
  <category>
   T-shirt
  </category>
  <size>
   XL
  </size>
  <color>
   Желтый
  </color>
  <material>
   Лен
  </material>
  <price>
   752538
  </price>
  <rating>
   2.64
  </rating>
  <reviews>
   662733
  </reviews>
  <new>
   +
  </new>
  <exclusive>
   yes
  </exclusive>
  <sporty>
   yes
  </sporty>
 </clothing>
 <clothing>
  <id>
   290433264
  </id>
  <name>
   PleinSport Shirt J-8641
  </name>
  <category>
   Shirt
  </category>
  <size>
   L
  </size>
  <color>
   Синий
  </color>
  <material>
   Вискоза
  </material>
  <price>
   198178
  </price>
  <rating>
   3.7
  </rating>
  <reviews>
   908281
  </reviews>
  <new>
   -
  </new>
  <exclusive>
   yes
  </exclusive>
  <sporty>
   yes
  </sporty>
 </clothing>
 <clothing>
  <id>
   393042947
  </id>
  <name>
   Nike Jeans S-2680
  </name>
  <category>
   Jeans
  </category>
  <size>
   S
  </size>
  <color>
   Фиолетовый
  </color>
  <material>
   Шелк
  </material>
  <price>
   958574
  </price>
  <rating>
   1.1
  </rating>
  <reviews>
   641773
  </reviews>
  <new>
   -
  </new>
  <sporty>
   yes
  </sporty>
 </clothing>
 <clothing>
  <id>
   448067028
  </id>
  <name>
   DC Jacket I-4580
  </name>
  <category>
   Jacket
  </category>
  <size>
   L
  </size>
  <color>
   Фиолетовый
  </color>
  <material>
   Шерсть
  </material>
  <price>
   786733
  </price>
  <rating>
   2.06
  </rating>
  <reviews>
   66923
  </reviews>
  <new>
   +
  </new>
  <exclusive>
   no
  </exclusive>
 </clothing>
 <clothing>
  <id>
   532364668
  </id>
  <name>
   Brooks Pants U-6137
  </name>
  <category>
   Pants
  </category>
  <size>
   M
  </size>
  <color>
   Синий
  </color>
  <material>
   Шерсть
  </material>
  <price>
   147245
  </price>
  <rating>
   2.66
  </rating>
  <reviews>
   73169
  </reviews>
  <exclusive>
   no
  </exclusive>
 </clothing>
 <clothing>
  <id>
   117982621
  </id>
  <name>
   Vans Sweater Y-9765
  </name>
  <category>
   Sweater
  </category>
  <size>
   XXL
  </size>
  <color>
   Желтый
  </color>
  <material>
   Шерсть
  </material>
  <price>
   313817
  </price>
  <rating>
   1.47
  </rating>
  <reviews>
   349314
  </reviews>
  <exclusive>
   no
  </exclusive>
 </clothing>
 <clothing>
  <id>
   650683732
  </id>
  <name>
   Adidas Gloves Q-1039
  </name>
  <category>
   Gloves
  </category>
  <size>
   L
  </size>
  <color>
   Фиолетовый
  </color>
  <material>
   Нейлон
  </material>
  <price>
   575640
  </price>
  <rating>
   1.05
  </rating>
  <reviews>
   826431
  </reviews>
  <new>
   -
  </new>
  <exclusive>
   yes
  </exclusive>
 </clothing>
 <clothing>
  <id>
   887666491
  </id>
  <name>
   DC Sweater P-1269
  </name>
  <category>
   Sweater
  </category>
  <size>
   L
  </size>
  <color>
   Оранжевый
  </color>
  <material>
   Нейлон
  </material>
  <price>
   697490
  </price>
  <rating>
   2.39
  </rating>
  <reviews>
   470208
  </reviews>
  <sporty>
   no
  </sporty>
 </clothing>
 <clothing>
  <id>
   255516460
  </id>
  <name>
   Fila Sweater D-9191
  </name>
  <category>
   Sweater
  </category>
  <size>
   L
  </size>
  <color>
   Синий
  </color>
  <material>
   Шелк
  </material>
  <price>
   793804
  </price>
  <rating>
   3.18
  </rating>
  <reviews>
   794373
  </reviews>
  <new>
   +
  </new>
  <sporty>
   no
  </sporty>
 </clothing>
 <clothing>
  <id>
   193322686
  </id>
  <name>
   New Balance T-shirt P-6597
  </name>
  <category>
   T-shirt
  </category>
  <size>
   XXL
  </size>
  <color>
   Фиолетовый
  </color>
  <material>
   Вискоза
  </material>
  <price>
   137997
  </price>
  <rating>
   1.4
  </rating>
  <reviews>
   921446
  </reviews>
 </clothing>
 <clothing>
  <id>
   148347679
  </id>
  <name>
   Asics Belts R-1634
  </name>
  <category>
   Belts
  </category>
  <size>
   S
  </size>
  <color>
   Красный
  </color>
  <material>
   Шелк
  </material>
  <price>
   520041
  </price>
  <rating>
   1.76
  </rating>
  <reviews>
   406721
  </reviews>
  <new>
   -
  </new>
  <exclusive>
   yes
  </exclusive>
 </clothing>
 <clothing>
  <id>
   916958313
  </id>
  <name>
   Nike T-shirt D-1091
  </name>
  <category>
   T-shirt
  </category>
  <size>
   L
  </size>
  <color>
   Фиолетовый
  </color>
  <material>
   Полиэстер
  </material>
  <price>
   459125
  </price>
  <rating>
   3.94
  </rating>
  <reviews>
   330245
  </reviews>
  <new>
   -
  </new>
  <exclusive>
   yes
  </exclusive>
 </clothing>
 <clothing>
  <id>
   741044856
  </id>
  <name>
   Lacoste Socks R-3861
  </name>
  <category>
   Socks
  </category>
  <size>
   XXL
  </size>
  <color>
   Синий
  </color>
  <material>
   Вискоза
  </material>
  <price>
   365001
  </price>
  <rating>
   4.54
  </rating>
  <reviews>
   192934
  </reviews>
  <new>
   -
  </new>
  <exclusive>
   no
  </exclusive>
 </clothing>
 <clothing>
  <id>
   373400630
  </id>
  <name>
   Ellesse Hat E-4619
  </name>
  <category>
   Hat
  </category>
  <size>
   XXL
  </size>
  <color>
   Красный
  </color>
  <material>
   Шелк
  </material>
  <price>
   823762
  </price>
  <rating>
   2.33
  </rating>
  <reviews>
   462658
  </reviews>
  <sporty>
   no
  </sporty>
 </clothing>
 <clothing>
  <id>
   567325461
  </id>
  <name>
   Under Armour Dress V-7727
  </name>
  <category>
   Dress
  </category>
  <size>
   L
  </size>
  <color>
   Оранжевый
  </color>
  <material>
   Вискоза
  </material>
  <price>
   476651
  </price>
  <rating>
   3.55
  </rating>
  <reviews>
   284213
  </reviews>
  <new>
   +
  </new>
  <exclusive>
   no
  </exclusive>
  <sporty>
   no
  </sporty>
 </clothing>
 <clothing>
  <id>
   528606151
  </id>
  <name>
   PleinSport Pants F-9045
  </name>
  <category>
   Pants
  </category>
  <size>
   XXL
  </size>
  <color>
   Голубой
  </color>
  <material>
   Нейлон
  </material>
  <price>
   714875
  </price>
  <rating>
   4.5
  </rating>
  <reviews>
   710866
  </reviews>
  <new>
   +
  </new>
  <exclusive>
   no
  </exclusive>
  <sporty>
   no
  </sporty>
 </clothing>
 <clothing>
  <id>
   910397803
  </id>
  <name>
   Lacoste Belts D-2905
  </name>
  <category>
   Belts
  </category>
  <size>
   XL
  </size>
  <color>
   Синий
  </color>
  <material>
   Нейлон
  </material>
  <price>
   424566
  </price>
  <rating>
   3.1
  </rating>
  <reviews>
   28475
  </reviews>
  <new>
   -
  </new>
 </clothing>
 <clothing>
  <id>
   948933399
  </id>
  <name>
   DC Blouse M-9018
  </name>
  <category>
   Blouse
  </category>
  <size>
   S
  </size>
  <color>
   Фиолетовый
  </color>
  <material>
   Шелк
  </material>
  <price>
   606464
  </price>
  <rating>
   2.2
  </rating>
  <reviews>
   35609
  </reviews>
 </clothing>
 <clothing>
  <id>
   859645114
  </id>
  <name>
   New Balance Shirt W-2657
  </name>
  <category>
   Shirt
  </category>
  <size>
   S
  </size>
  <color>
   Синий
  </color>
  <material>
   Полиэстер
  </material>
  <price>
   910004
  </price>
  <rating>
   1.73
  </rating>
  <reviews>
   955402
  </reviews>
  <exclusive>
   yes
  </exclusive>
 </clothing>
 <clothing>
  <id>
   722007167
  </id>
  <name>
   Converse Socks P-7108
  </name>
  <category>
   Socks
  </category>
  <size>
   S
  </size>
  <color>
   Оранжевый
  </color>
  <material>
   Шерсть
  </material>
  <price>
   519194
  </price>
  <rating>
   4.79
  </rating>
  <reviews>
   113557
  </reviews>
  <new>
   -
  </new>
  <exclusive>
   no
  </exclusive>
  <sporty>
   yes
  </sporty>
 </clothing>
 <clothing>
  <id>
   885833724
  </id>
  <name>
   Brooks Jeans X-6089
  </name>
  <category>
   Jeans
  </category>
  <size>
   L
  </size>
  <color>
   Желтый
  </color>
  <material>
   Вискоза
  </material>
  <price>
   516978
  </price>
  <rating>
   3.78
  </rating>
  <reviews>
   952930
  </reviews>
  <new>
   +
  </new>
  <sporty>
   yes
  </sporty>
 </clothing>
 <clothing>
  <id>
   591981516
  </id>
  <name>
   Adidas Shirt W-8225
  </name>
  <category>
   Shirt
  </category>
  <size>
   S
  </size>
  <color>
   Синий
  </color>
  <material>
   Кожа
  </material>
  <price>
   825437
  </price>
  <rating>
   1.48
  </rating>
  <reviews>
   602647
  </reviews>
  <new>
   -
  </new>
 </clothing>
 <clothing>
  <id>
   634495482
  </id>
  <name>
   PleinSport Belts I-5470
  </name>
  <category>
   Belts
  </category>
  <size>
   S
  </size>
  <color>
   Оранжевый
  </color>
  <material>
   Вискоза
  </material>
  <price>
   732176
  </price>
  <rating>
   4.72
  </rating>
  <reviews>
   823986
  </reviews>
  <new>
   -
  </new>
  <exclusive>
   yes
  </exclusive>
 </clothing>
 <clothing>
  <id>
   237047519
  </id>
  <name>
   Lacoste Sweater I-7455
  </name>
  <category>
   Sweater
  </category>
  <size>
   XL
  </size>
  <color>
   Синий
  </color>
  <material>
   Хлопок
  </material>
  <price>
   459663
  </price>
  <rating>
   4.89
  </rating>
  <reviews>
   499695
  </reviews>
  <new>
   +
  </new>
 </clothing>
 <clothing>
  <id>
   825544451
  </id>
  <name>
   Nike Skirt J-9402
  </name>
  <category>
   Skirt
  </category>
  <size>
   S
  </size>
  <color>
   Оранжевый
  </color>
  <material>
   Шелк
  </material>
  <price>
   827994
  </price>
  <rating>
   1.52
  </rating>
  <reviews>
   912542
  </reviews>
  <new>
   -
  </new>
  <exclusive>
   no
  </exclusive>
  <sporty>
   no
  </sporty>
 </clothing>
</clothing-items>
