<?xml version="1.0" encoding="utf-8"?>
<clothing-items>
 <clothing>
  <id>
   102315652
  </id>
  <name>
   Puma Dress W-2672
  </name>
  <category>
   Dress
  </category>
  <size>
   XXL
  </size>
  <color>
   Синий
  </color>
  <material>
   Хлопок
  </material>
  <price>
   861452
  </price>
  <rating>
   1.97
  </rating>
  <reviews>
   337811
  </reviews>
  <new>
   -
  </new>
  <exclusive>
   no
  </exclusive>
  <sporty>
   yes
  </sporty>
 </clothing>
 <clothing>
  <id>
   179886010
  </id>
  <name>
   Reebok T-shirt Q-1038
  </name>
  <category>
   T-shirt
  </category>
  <size>
   M
  </size>
  <color>
   Красный
  </color>
  <material>
   Шелк
  </material>
  <price>
   477376
  </price>
  <rating>
   3.1
  </rating>
  <reviews>
   972509
  </reviews>
  <new>
   -
  </new>
  <exclusive>
   no
  </exclusive>
  <sporty>
   yes
  </sporty>
 </clothing>
 <clothing>
  <id>
   859877433
  </id>
  <name>
   Under Armour T-shirt D-7958
  </name>
  <category>
   T-shirt
  </category>
  <size>
   XL
  </size>
  <color>
   Красный
  </color>
  <material>
   Нейлон
  </material>
  <price>
   313859
  </price>
  <rating>
   2.18
  </rating>
  <reviews>
   320628
  </reviews>
  <new>
   -
  </new>
 </clothing>
 <clothing>
  <id>
   470542100
  </id>
  <name>
   Under Armour Shirt P-7954
  </name>
  <category>
   Shirt
  </category>
  <size>
   L
  </size>
  <color>
   Желтый
  </color>
  <material>
   Нейлон
  </material>
  <price>
   869819
  </price>
  <rating>
   1.42
  </rating>
  <reviews>
   702750
  </reviews>
  <new>
   -
  </new>
 </clothing>
 <clothing>
  <id>
   251062904
  </id>
  <name>
   Adidas Shirt M-4595
  </name>
  <category>
   Shirt
  </category>
  <size>
   M
  </size>
  <color>
   Зеленый
  </color>
  <material>
   Полиэстер
  </material>
  <price>
   810712
  </price>
  <rating>
   4.76
  </rating>
  <reviews>
   354595
  </reviews>
  <new>
   -
  </new>
  <exclusive>
   no
  </exclusive>
 </clothing>
 <clothing>
  <id>
   906154393
  </id>
  <name>
   Ellesse Sweater N-3813
  </name>
  <category>
   Sweater
  </category>
  <size>
   XL
  </size>
  <color>
   Голубой
  </color>
  <material>
   Вискоза
  </material>
  <price>
   140340
  </price>
  <rating>
   3.11
  </rating>
  <reviews>
   145538
  </reviews>
  <exclusive>
   no
  </exclusive>
 </clothing>
 <clothing>
  <id>
   689432521
  </id>
  <name>
   Vans Jacket F-6655
  </name>
  <category>
   Jacket
  </category>
  <size>
   L
  </size>
  <color>
   Фиолетовый
  </color>
  <material>
   Хлопок
  </material>
  <price>
   846667
  </price>
  <rating>
   3.43
  </rating>
  <reviews>
   437712
  </reviews>
  <exclusive>
   no
  </exclusive>
  <sporty>
   yes
  </sporty>
 </clothing>
 <clothing>
  <id>
   898071946
  </id>
  <name>
   Ellesse Blouse E-1332
  </name>
  <category>
   Blouse
  </category>
  <size>
   S
  </size>
  <color>
   Желтый
  </color>
  <material>
   Шерсть
  </material>
  <price>
   227716
  </price>
  <rating>
   2.58
  </rating>
  <reviews>
   758790
  </reviews>
  <new>
   +
  </new>
 </clothing>
 <clothing>
  <id>
   816432661
  </id>
  <name>
   Reebok Hat G-7847
  </name>
  <category>
   Hat
  </category>
  <size>
   L
  </size>
  <color>
   Зеленый
  </color>
  <material>
   Хлопок
  </material>
  <price>
   912636
  </price>
  <rating>
   3.37
  </rating>
  <reviews>
   717290
  </reviews>
  <new>
   +
  </new>
  <exclusive>
   no
  </exclusive>
 </clothing>
 <clothing>
  <id>
   595959267
  </id>
  <name>
   Nike Jeans Y-3536
  </name>
  <category>
   Jeans
  </category>
  <size>
   S
  </size>
  <color>
   Голубой
  </color>
  <material>
   Кожа
  </material>
  <price>
   929253
  </price>
  <rating>
   3.83
  </rating>
  <reviews>
   18771
  </reviews>
 </clothing>
 <clothing>
  <id>
   993930392
  </id>
  <name>
   Puma Handbags V-5155
  </name>
  <category>
   Handbags
  </category>
  <size>
   XL
  </size>
  <color>
   Голубой
  </color>
  <material>
   Шерсть
  </material>
  <price>
   369616
  </price>
  <rating>
   4.49
  </rating>
  <reviews>
   476566
  </reviews>
  <new>
   +
  </new>
  <exclusive>
   no
  </exclusive>
  <sporty>
   no
  </sporty>
 </clothing>
 <clothing>
  <id>
   210132143
  </id>
  <name>
   Adidas Belts U-6442
  </name>
  <category>
   Belts
  </category>
  <size>
   L
  </size>
  <color>
   Желтый
  </color>
  <material>
   Вискоза
  </material>
  <price>
   715771
  </price>
  <rating>
   4.14
  </rating>
  <reviews>
   454137
  </reviews>
 </clothing>
 <clothing>
  <id>
   144421047
  </id>
  <name>
   Puma Jeans M-4362
  </name>
  <category>
   Jeans
  </category>
  <size>
   XL
  </size>
  <color>
   Фиолетовый
  </color>
  <material>
   Хлопок
  </material>
  <price>
   341701
  </price>
  <rating>
   1.07
  </rating>
  <reviews>
   173266
  </reviews>
  <new>
   -
  </new>
 </clothing>
 <clothing>
  <id>
   311884753
  </id>
  <name>
   Vans Skirt B-5487
  </name>
  <category>
   Skirt
  </category>
  <size>
   XXL
  </size>
  <color>
   Синий
  </color>
  <material>
   Хлопок
  </material>
  <price>
   806170
  </price>
  <rating>
   1.49
  </rating>
  <reviews>
   930114
  </reviews>
  <new>
   +
  </new>
  <sporty>
   no
  </sporty>
 </clothing>
 <clothing>
  <id>
   930527568
  </id>
  <name>
   Adidas Hat H-2329
  </name>
  <category>
   Hat
  </category>
  <size>
   L
  </size>
  <color>
   Синий
  </color>
  <material>
   Лен
  </material>
  <price>
   427910
  </price>
  <rating>
   3.67
  </rating>
  <reviews>
   1609
  </reviews>
  <new>
   +
  </new>
  <exclusive>
   yes
  </exclusive>
  <sporty>
   yes
  </sporty>
 </clothing>
 <clothing>
  <id>
   185617349
  </id>
  <name>
   Reebok Skirt I-6424
  </name>
  <category>
   Skirt
  </category>
  <size>
   M
  </size>
  <color>
   Голубой
  </color>
  <material>
   Нейлон
  </material>
  <price>
   955840
  </price>
  <rating>
   2.5
  </rating>
  <reviews>
   543354
  </reviews>
  <exclusive>
   yes
  </exclusive>
 </clothing>
 <clothing>
  <id>
   683863369
  </id>
  <name>
   Vans Handbags M-9318
  </name>
  <category>
   Handbags
  </category>
  <size>
   L
  </size>
  <color>
   Желтый
  </color>
  <material>
   Нейлон
  </material>
  <price>
   742476
  </price>
  <rating>
   2.85
  </rating>
  <reviews>
   779266
  </reviews>
  <new>
   +
  </new>
  <exclusive>
   no
  </exclusive>
  <sporty>
   no
  </sporty>
 </clothing>
 <clothing>
  <id>
   520122939
  </id>
  <name>
   Converse Belts L-3808
  </name>
  <category>
   Belts
  </category>
  <size>
   M
  </size>
  <color>
   Голубой
  </color>
  <material>
   Полиэстер
  </material>
  <price>
   912427
  </price>
  <rating>
   3.08
  </rating>
  <reviews>
   961265
  </reviews>
  <exclusive>
   yes
  </exclusive>
  <sporty>
   no
  </sporty>
 </clothing>
 <clothing>
  <id>
   525599432
  </id>
  <name>
   Asics Sweater B-4863
  </name>
  <category>
   Sweater
  </category>
  <size>
   XXL
  </size>
  <color>
   Голубой
  </color>
  <material>
   Шелк
  </material>
  <price>
   145539
  </price>
  <rating>
   1.75
  </rating>
  <reviews>
   789760
  </reviews>
 </clothing>
 <clothing>
  <id>
   563386065
  </id>
  <name>
   Addidas Shirt V-9167
  </name>
  <category>
   Shirt
  </category>
  <size>
   L
  </size>
  <color>
   Фиолетовый
  </color>
  <material>
   Шерсть
  </material>
  <price>
   329135
  </price>
  <rating>
   1.77
  </rating>
  <reviews>
   324096
  </reviews>
  <exclusive>
   no
  </exclusive>
  <sporty>
   no
  </sporty>
 </clothing>
 <clothing>
  <id>
   109338736
  </id>
  <name>
   New Balance Skirt I-8202
  </name>
  <category>
   Skirt
  </category>
  <size>
   XXL
  </size>
  <color>
   Голубой
  </color>
  <material>
   Кожа
  </material>
  <price>
   358923
  </price>
  <rating>
   2.76
  </rating>
  <reviews>
   9156
  </reviews>
  <exclusive>
   yes
  </exclusive>
  <sporty>
   yes
  </sporty>
 </clothing>
 <clothing>
  <id>
   844047278
  </id>
  <name>
   Converse Belts K-5323
  </name>
  <category>
   Belts
  </category>
  <size>
   M
  </size>
  <color>
   Фиолетовый
  </color>
  <material>
   Шерсть
  </material>
  <price>
   712081
  </price>
  <rating>
   1.83
  </rating>
  <reviews>
   574862
  </reviews>
 </clothing>
 <clothing>
  <id>
   427859229
  </id>
  <name>
   Ellesse Belts P-6396
  </name>
  <category>
   Belts
  </category>
  <size>
   M
  </size>
  <color>
   Оранжевый
  </color>
  <material>
   Шерсть
  </material>
  <price>
   411064
  </price>
  <rating>
   1.66
  </rating>
  <reviews>
   242251
  </reviews>
  <new>
   +
  </new>
 </clothing>
 <clothing>
  <id>
   449916443
  </id>
  <name>
   Adidas Belts U-6658
  </name>
  <category>
   Belts
  </category>
  <size>
   S
  </size>
  <color>
   Желтый
  </color>
  <material>
   Шерсть
  </material>
  <price>
   694577
  </price>
  <rating>
   2.45
  </rating>
  <reviews>
   511467
  </reviews>
  <new>
   +
  </new>
  <exclusive>
   no
  </exclusive>
  <sporty>
   no
  </sporty>
 </clothing>
 <clothing>
  <id>
   935082649
  </id>
  <name>
   New Balance Jacket Y-2364
  </name>
  <category>
   Jacket
  </category>
  <size>
   M
  </size>
  <color>
   Красный
  </color>
  <material>
   Нейлон
  </material>
  <price>
   812317
  </price>
  <rating>
   3.73
  </rating>
  <reviews>
   994366
  </reviews>
  <new>
   +
  </new>
  <exclusive>
   no
  </exclusive>
  <sporty>
   yes
  </sporty>
 </clothing>
 <clothing>
  <id>
   374127446
  </id>
  <name>
   New Balance Socks Q-7543
  </name>
  <category>
   Socks
  </category>
  <size>
   S
  </size>
  <color>
   Желтый
  </color>
  <material>
   Нейлон
  </material>
  <price>
   511339
  </price>
  <rating>
   3.46
  </rating>
  <reviews>
   678650
  </reviews>
  <new>
   -
  </new>
 </clothing>
 <clothing>
  <id>
   689145111
  </id>
  <name>
   Reebok Blouse X-9831
  </name>
  <category>
   Blouse
  </category>
  <size>
   S
  </size>
  <color>
   Желтый
  </color>
  <material>
   Хлопок
  </material>
  <price>
   219971
  </price>
  <rating>
   4.11
  </rating>
  <reviews>
   628625
  </reviews>
  <sporty>
   yes
  </sporty>
 </clothing>
 <clothing>
  <id>
   648393743
  </id>
  <name>
   New Balance Skirt X-7799
  </name>
  <category>
   Skirt
  </category>
  <size>
   XXL
  </size>
  <color>
   Оранжевый
  </color>
  <material>
   Лен
  </material>
  <price>
   885982
  </price>
  <rating>
   1.11
  </rating>
  <reviews>
   893851
  </reviews>
  <new>
   +
  </new>
  <exclusive>
   no
  </exclusive>
  <sporty>
   yes
  </sporty>
 </clothing>
 <clothing>
  <id>
   958617903
  </id>
  <name>
   Asics Shoes I-4620
  </name>
  <category>
   Shoes
  </category>
  <size>
   L
  </size>
  <color>
   Синий
  </color>
  <material>
   Шелк
  </material>
  <price>
   229066
  </price>
  <rating>
   4.61
  </rating>
  <reviews>
   235211
  </reviews>
  <new>
   +
  </new>
  <exclusive>
   no
  </exclusive>
  <sporty>
   yes
  </sporty>
 </clothing>
 <clothing>
  <id>
   720061172
  </id>
  <name>
   Under Armour Socks W-7730
  </name>
  <category>
   Socks
  </category>
  <size>
   M
  </size>
  <color>
   Зеленый
  </color>
  <material>
   Лен
  </material>
  <price>
   201239
  </price>
  <rating>
   2.56
  </rating>
  <reviews>
   424316
  </reviews>
  <exclusive>
   no
  </exclusive>
  <sporty>
   no
  </sporty>
 </clothing>
 <clothing>
  <id>
   223264602
  </id>
  <name>
   Lacoste Jeans F-3751
  </name>
  <category>
   Jeans
  </category>
  <size>
   XL
  </size>
  <color>
   Оранжевый
  </color>
  <material>
   Вискоза
  </material>
  <price>
   389199
  </price>
  <rating>
   2.06
  </rating>
  <reviews>
   813250
  </reviews>
  <exclusive>
   yes
  </exclusive>
  <sporty>
   yes
  </sporty>
 </clothing>
 <clothing>
  <id>
   652486166
  </id>
  <name>
   Fila Sweater P-3633
  </name>
  <category>
   Sweater
  </category>
  <size>
   XL
  </size>
  <color>
   Желтый
  </color>
  <material>
   Шерсть
  </material>
  <price>
   172835
  </price>
  <rating>
   1.99
  </rating>
  <reviews>
   191633
  </reviews>
  <sporty>
   no
  </sporty>
 </clothing>
 <clothing>
  <id>
   935434185
  </id>
  <name>
   Fila Jeans Q-2319
  </name>
  <category>
   Jeans
  </category>
  <size>
   S
  </size>
  <color>
   Фиолетовый
  </color>
  <material>
   Нейлон
  </material>
  <price>
   163000
  </price>
  <rating>
   2.75
  </rating>
  <reviews>
   310265
  </reviews>
  <exclusive>
   no
  </exclusive>
 </clothing>
 <clothing>
  <id>
   121996229
  </id>
  <name>
   Adidas Handbags L-1328
  </name>
  <category>
   Handbags
  </category>
  <size>
   XXL
  </size>
  <color>
   Фиолетовый
  </color>
  <material>
   Лен
  </material>
  <price>
   146515
  </price>
  <rating>
   4.39
  </rating>
  <reviews>
   167340
  </reviews>
  <new>
   +
  </new>
  <exclusive>
   yes
  </exclusive>
 </clothing>
 <clothing>
  <id>
   981445113
  </id>
  <name>
   Nike Shoes S-7837
  </name>
  <category>
   Shoes
  </category>
  <size>
   L
  </size>
  <color>
   Синий
  </color>
  <material>
   Хлопок
  </material>
  <price>
   805374
  </price>
  <rating>
   1.7
  </rating>
  <reviews>
   306408
  </reviews>
  <new>
   -
  </new>
  <sporty>
   no
  </sporty>
 </clothing>
</clothing-items>
