<?xml version="1.0" encoding="utf-8"?>
<clothing-items>
 <clothing>
  <id>
   885850549
  </id>
  <name>
   Under Armour Belts M-7699
  </name>
  <category>
   Belts
  </category>
  <size>
   XL
  </size>
  <color>
   Зеленый
  </color>
  <material>
   Шерсть
  </material>
  <price>
   766270
  </price>
  <rating>
   3.36
  </rating>
  <reviews>
   315964
  </reviews>
  <sporty>
   no
  </sporty>
 </clothing>
 <clothing>
  <id>
   829463067
  </id>
  <name>
   New Balance Handbags J-8403
  </name>
  <category>
   Handbags
  </category>
  <size>
   M
  </size>
  <color>
   Голубой
  </color>
  <material>
   Шерсть
  </material>
  <price>
   507360
  </price>
  <rating>
   1.55
  </rating>
  <reviews>
   858444
  </reviews>
  <new>
   -
  </new>
  <exclusive>
   no
  </exclusive>
 </clothing>
 <clothing>
  <id>
   412935490
  </id>
  <name>
   DC Jeans N-5883
  </name>
  <category>
   Jeans
  </category>
  <size>
   XXL
  </size>
  <color>
   Оранжевый
  </color>
  <material>
   Вискоза
  </material>
  <price>
   470748
  </price>
  <rating>
   1.85
  </rating>
  <reviews>
   293493
  </reviews>
  <new>
   -
  </new>
  <sporty>
   yes
  </sporty>
 </clothing>
 <clothing>
  <id>
   145845207
  </id>
  <name>
   Puma Shoes U-6987
  </name>
  <category>
   Shoes
  </category>
  <size>
   XXL
  </size>
  <color>
   Зеленый
  </color>
  <material>
   Вискоза
  </material>
  <price>
   608943
  </price>
  <rating>
   4.03
  </rating>
  <reviews>
   740598
  </reviews>
  <new>
   +
  </new>
  <sporty>
   yes
  </sporty>
 </clothing>
 <clothing>
  <id>
   517120945
  </id>
  <name>
   Lacoste Shirt J-3388
  </name>
  <category>
   Shirt
  </category>
  <size>
   XXL
  </size>
  <color>
   Голубой
  </color>
  <material>
   Шелк
  </material>
  <price>
   882446
  </price>
  <rating>
   2.58
  </rating>
  <reviews>
   879513
  </reviews>
  <exclusive>
   no
  </exclusive>
 </clothing>
 <clothing>
  <id>
   135374099
  </id>
  <name>
   Fila Hat V-4442
  </name>
  <category>
   Hat
  </category>
  <size>
   L
  </size>
  <color>
   Голубой
  </color>
  <material>
   Шелк
  </material>
  <price>
   396245
  </price>
  <rating>
   3.94
  </rating>
  <reviews>
   432624
  </reviews>
  <exclusive>
   no
  </exclusive>
 </clothing>
 <clothing>
  <id>
   290563658
  </id>
  <name>
   Reebok Jeans M-3944
  </name>
  <category>
   Jeans
  </category>
  <size>
   S
  </size>
  <color>
   Голубой
  </color>
  <material>
   Кожа
  </material>
  <price>
   175837
  </price>
  <rating>
   4.04
  </rating>
  <reviews>
   689078
  </reviews>
  <new>
   -
  </new>
  <exclusive>
   no
  </exclusive>
 </clothing>
 <clothing>
  <id>
   605214804
  </id>
  <name>
   DC Dress U-2986
  </name>
  <category>
   Dress
  </category>
  <size>
   L
  </size>
  <color>
   Желтый
  </color>
  <material>
   Кожа
  </material>
  <price>
   355627
  </price>
  <rating>
   3.82
  </rating>
  <reviews>
   821932
  </reviews>
  <exclusive>
   no
  </exclusive>
 </clothing>
 <clothing>
  <id>
   216973179
  </id>
  <name>
   Lacoste Hat Y-8475
  </name>
  <category>
   Hat
  </category>
  <size>
   L
  </size>
  <color>
   Синий
  </color>
  <material>
   Вискоза
  </material>
  <price>
   362381
  </price>
  <rating>
   3.71
  </rating>
  <reviews>
   963875
  </reviews>
  <new>
   -
  </new>
  <exclusive>
   no
  </exclusive>
  <sporty>
   yes
  </sporty>
 </clothing>
 <clothing>
  <id>
   280058520
  </id>
  <name>
   Puma Handbags B-2516
  </name>
  <category>
   Handbags
  </category>
  <size>
   L
  </size>
  <color>
   Оранжевый
  </color>
  <material>
   Вискоза
  </material>
  <price>
   555773
  </price>
  <rating>
   3.72
  </rating>
  <reviews>
   584689
  </reviews>
  <new>
   -
  </new>
  <sporty>
   yes
  </sporty>
 </clothing>
 <clothing>
  <id>
   151820517
  </id>
  <name>
   Fila Shoes P-1267
  </name>
  <category>
   Shoes
  </category>
  <size>
   L
  </size>
  <color>
   Зеленый
  </color>
  <material>
   Полиэстер
  </material>
  <price>
   781355
  </price>
  <rating>
   3.62
  </rating>
  <reviews>
   44446
  </reviews>
  <new>
   -
  </new>
  <sporty>
   no
  </sporty>
 </clothing>
 <clothing>
  <id>
   837410748
  </id>
  <name>
   DC Dress E-3241
  </name>
  <category>
   Dress
  </category>
  <size>
   XL
  </size>
  <color>
   Оранжевый
  </color>
  <material>
   Шелк
  </material>
  <price>
   717427
  </price>
  <rating>
   2.55
  </rating>
  <reviews>
   269420
  </reviews>
  <new>
   +
  </new>
  <exclusive>
   no
  </exclusive>
 </clothing>
 <clothing>
  <id>
   906241706
  </id>
  <name>
   Ellesse Umbrellas J-4415
  </name>
  <category>
   Umbrellas
  </category>
  <size>
   S
  </size>
  <color>
   Зеленый
  </color>
  <material>
   Хлопок
  </material>
  <price>
   795354
  </price>
  <rating>
   2.48
  </rating>
  <reviews>
   200424
  </reviews>
  <exclusive>
   yes
  </exclusive>
  <sporty>
   no
  </sporty>
 </clothing>
 <clothing>
  <id>
   808780090
  </id>
  <name>
   Brooks Jeans U-6178
  </name>
  <category>
   Jeans
  </category>
  <size>
   L
  </size>
  <color>
   Желтый
  </color>
  <material>
   Нейлон
  </material>
  <price>
   710772
  </price>
  <rating>
   2.35
  </rating>
  <reviews>
   666688
  </reviews>
  <new>
   -
  </new>
  <sporty>
   no
  </sporty>
 </clothing>
 <clothing>
  <id>
   219801910
  </id>
  <name>
   Addidas Hat S-3334
  </name>
  <category>
   Hat
  </category>
  <size>
   XXL
  </size>
  <color>
   Желтый
  </color>
  <material>
   Нейлон
  </material>
  <price>
   978874
  </price>
  <rating>
   2.89
  </rating>
  <reviews>
   233327
  </reviews>
  <new>
   -
  </new>
  <exclusive>
   no
  </exclusive>
  <sporty>
   yes
  </sporty>
 </clothing>
 <clothing>
  <id>
   146589546
  </id>
  <name>
   New Balance Sweater W-8130
  </name>
  <category>
   Sweater
  </category>
  <size>
   M
  </size>
  <color>
   Синий
  </color>
  <material>
   Кожа
  </material>
  <price>
   607373
  </price>
  <rating>
   3.47
  </rating>
  <reviews>
   718787
  </reviews>
  <exclusive>
   no
  </exclusive>
  <sporty>
   no
  </sporty>
 </clothing>
 <clothing>
  <id>
   689996671
  </id>
  <name>
   Asics Gloves D-6556
  </name>
  <category>
   Gloves
  </category>
  <size>
   XL
  </size>
  <color>
   Оранжевый
  </color>
  <material>
   Хлопок
  </material>
  <price>
   923226
  </price>
  <rating>
   1.59
  </rating>
  <reviews>
   652444
  </reviews>
  <exclusive>
   no
  </exclusive>
  <sporty>
   yes
  </sporty>
 </clothing>
 <clothing>
  <id>
   322234052
  </id>
  <name>
   Adidas T-shirt C-2182
  </name>
  <category>
   T-shirt
  </category>
  <size>
   XXL
  </size>
  <color>
   Зеленый
  </color>
  <material>
   Полиэстер
  </material>
  <price>
   354625
  </price>
  <rating>
   3.25
  </rating>
  <reviews>
   151204
  </reviews>
  <new>
   +
  </new>
  <exclusive>
   no
  </exclusive>
  <sporty>
   yes
  </sporty>
 </clothing>
 <clothing>
  <id>
   373594161
  </id>
  <name>
   Fila Belts Y-9250
  </name>
  <category>
   Belts
  </category>
  <size>
   M
  </size>
  <color>
   Зеленый
  </color>
  <material>
   Шелк
  </material>
  <price>
   441986
  </price>
  <rating>
   2.83
  </rating>
  <reviews>
   76257
  </reviews>
  <exclusive>
   no
  </exclusive>
  <sporty>
   yes
  </sporty>
 </clothing>
 <clothing>
  <id>
   467505319
  </id>
  <name>
   Addidas Dress Y-4750
  </name>
  <category>
   Dress
  </category>
  <size>
   XL
  </size>
  <color>
   Голубой
  </color>
  <material>
   Вискоза
  </material>
  <price>
   948563
  </price>
  <rating>
   3.11
  </rating>
  <reviews>
   492477
  </reviews>
  <new>
   +
  </new>
  <exclusive>
   yes
  </exclusive>
  <sporty>
   no
  </sporty>
 </clothing>
 <clothing>
  <id>
   298864420
  </id>
  <name>
   Adidas Umbrellas E-5234
  </name>
  <category>
   Umbrellas
  </category>
  <size>
   M
  </size>
  <color>
   Желтый
  </color>
  <material>
   Вискоза
  </material>
  <price>
   494018
  </price>
  <rating>
   4.99
  </rating>
  <reviews>
   131372
  </reviews>
  <new>
   -
  </new>
 </clothing>
 <clothing>
  <id>
   591527945
  </id>
  <name>
   Asics Jeans Z-3207
  </name>
  <category>
   Jeans
  </category>
  <size>
   S
  </size>
  <color>
   Оранжевый
  </color>
  <material>
   Шелк
  </material>
  <price>
   292241
  </price>
  <rating>
   3.69
  </rating>
  <reviews>
   598683
  </reviews>
  <new>
   -
  </new>
  <exclusive>
   no
  </exclusive>
  <sporty>
   yes
  </sporty>
 </clothing>
 <clothing>
  <id>
   749751692
  </id>
  <name>
   Converse T-shirt O-3939
  </name>
  <category>
   T-shirt
  </category>
  <size>
   S
  </size>
  <color>
   Красный
  </color>
  <material>
   Нейлон
  </material>
  <price>
   609449
  </price>
  <rating>
   3.72
  </rating>
  <reviews>
   488417
  </reviews>
  <new>
   -
  </new>
  <sporty>
   no
  </sporty>
 </clothing>
</clothing-items>
