<?xml version="1.0" encoding="utf-8"?>
<clothing-items>
 <clothing>
  <id>
   147311443
  </id>
  <name>
   Brooks Sweater G-4640
  </name>
  <category>
   Sweater
  </category>
  <size>
   L
  </size>
  <color>
   Голубой
  </color>
  <material>
   Шелк
  </material>
  <price>
   596804
  </price>
  <rating>
   1.27
  </rating>
  <reviews>
   936543
  </reviews>
  <new>
   +
  </new>
 </clothing>
 <clothing>
  <id>
   134049022
  </id>
  <name>
   Nike Pants U-7625
  </name>
  <category>
   Pants
  </category>
  <size>
   L
  </size>
  <color>
   Голубой
  </color>
  <material>
   Шерсть
  </material>
  <price>
   406188
  </price>
  <rating>
   4.49
  </rating>
  <reviews>
   721221
  </reviews>
  <new>
   +
  </new>
  <exclusive>
   yes
  </exclusive>
  <sporty>
   no
  </sporty>
 </clothing>
 <clothing>
  <id>
   460193971
  </id>
  <name>
   Converse Sweater Z-8689
  </name>
  <category>
   Sweater
  </category>
  <size>
   L
  </size>
  <color>
   Синий
  </color>
  <material>
   Полиэстер
  </material>
  <price>
   871517
  </price>
  <rating>
   4.11
  </rating>
  <reviews>
   208428
  </reviews>
  <new>
   +
  </new>
  <exclusive>
   yes
  </exclusive>
 </clothing>
 <clothing>
  <id>
   309060388
  </id>
  <name>
   Converse Gloves L-4126
  </name>
  <category>
   Gloves
  </category>
  <size>
   XL
  </size>
  <color>
   Красный
  </color>
  <material>
   Нейлон
  </material>
  <price>
   926408
  </price>
  <rating>
   4.77
  </rating>
  <reviews>
   279277
  </reviews>
  <new>
   +
  </new>
  <exclusive>
   no
  </exclusive>
  <sporty>
   no
  </sporty>
 </clothing>
 <clothing>
  <id>
   544301906
  </id>
  <name>
   Nike Pants A-6977
  </name>
  <category>
   Pants
  </category>
  <size>
   XXL
  </size>
  <color>
   Фиолетовый
  </color>
  <material>
   Шелк
  </material>
  <price>
   387035
  </price>
  <rating>
   4.09
  </rating>
  <reviews>
   752004
  </reviews>
  <sporty>
   no
  </sporty>
 </clothing>
 <clothing>
  <id>
   263737415
  </id>
  <name>
   Fila Skirt H-5523
  </name>
  <category>
   Skirt
  </category>
  <size>
   XXL
  </size>
  <color>
   Красный
  </color>
  <material>
   Полиэстер
  </material>
  <price>
   779491
  </price>
  <rating>
   2.18
  </rating>
  <reviews>
   303718
  </reviews>
  <sporty>
   no
  </sporty>
 </clothing>
 <clothing>
  <id>
   315291950
  </id>
  <name>
   Ellesse Shirt X-7927
  </name>
  <category>
   Shirt
  </category>
  <size>
   XL
  </size>
  <color>
   Желтый
  </color>
  <material>
   Шерсть
  </material>
  <price>
   764562
  </price>
  <rating>
   4.06
  </rating>
  <reviews>
   390733
  </reviews>
  <exclusive>
   no
  </exclusive>
  <sporty>
   yes
  </sporty>
 </clothing>
 <clothing>
  <id>
   402912332
  </id>
  <name>
   Vans Belts N-4319
  </name>
  <category>
   Belts
  </category>
  <size>
   XXL
  </size>
  <color>
   Голубой
  </color>
  <material>
   Хлопок
  </material>
  <price>
   553292
  </price>
  <rating>
   4.11
  </rating>
  <reviews>
   31971
  </reviews>
 </clothing>
 <clothing>
  <id>
   292598395
  </id>
  <name>
   DC Belts Y-4253
  </name>
  <category>
   Belts
  </category>
  <size>
   XXL
  </size>
  <color>
   Синий
  </color>
  <material>
   Лен
  </material>
  <price>
   850342
  </price>
  <rating>
   3.97
  </rating>
  <reviews>
   626122
  </reviews>
 </clothing>
 <clothing>
  <id>
   491712918
  </id>
  <name>
   Fila Belts G-9336
  </name>
  <category>
   Belts
  </category>
  <size>
   XL
  </size>
  <color>
   Желтый
  </color>
  <material>
   Шелк
  </material>
  <price>
   788703
  </price>
  <rating>
   4.31
  </rating>
  <reviews>
   175717
  </reviews>
  <exclusive>
   no
  </exclusive>
  <sporty>
   yes
  </sporty>
 </clothing>
 <clothing>
  <id>
   167480828
  </id>
  <name>
   Asics Dress K-2672
  </name>
  <category>
   Dress
  </category>
  <size>
   L
  </size>
  <color>
   Красный
  </color>
  <material>
   Вискоза
  </material>
  <price>
   159774
  </price>
  <rating>
   2.42
  </rating>
  <reviews>
   514910
  </reviews>
  <new>
   -
  </new>
  <exclusive>
   no
  </exclusive>
  <sporty>
   no
  </sporty>
 </clothing>
 <clothing>
  <id>
   511716313
  </id>
  <name>
   Asics Handbags L-2823
  </name>
  <category>
   Handbags
  </category>
  <size>
   L
  </size>
  <color>
   Оранжевый
  </color>
  <material>
   Шерсть
  </material>
  <price>
   766062
  </price>
  <rating>
   1.28
  </rating>
  <reviews>
   887402
  </reviews>
  <new>
   -
  </new>
  <exclusive>
   no
  </exclusive>
 </clothing>
 <clothing>
  <id>
   361851642
  </id>
  <name>
   Nike T-shirt D-7114
  </name>
  <category>
   T-shirt
  </category>
  <size>
   XXL
  </size>
  <color>
   Голубой
  </color>
  <material>
   Шерсть
  </material>
  <price>
   880262
  </price>
  <rating>
   4.51
  </rating>
  <reviews>
   141959
  </reviews>
  <new>
   -
  </new>
  <exclusive>
   no
  </exclusive>
  <sporty>
   no
  </sporty>
 </clothing>
 <clothing>
  <id>
   136938974
  </id>
  <name>
   Nike T-shirt Q-9473
  </name>
  <category>
   T-shirt
  </category>
  <size>
   L
  </size>
  <color>
   Оранжевый
  </color>
  <material>
   Кожа
  </material>
  <price>
   640528
  </price>
  <rating>
   1.74
  </rating>
  <reviews>
   867188
  </reviews>
  <exclusive>
   no
  </exclusive>
  <sporty>
   no
  </sporty>
 </clothing>
 <clothing>
  <id>
   141367864
  </id>
  <name>
   Puma Handbags X-1846
  </name>
  <category>
   Handbags
  </category>
  <size>
   XXL
  </size>
  <color>
   Желтый
  </color>
  <material>
   Шерсть
  </material>
  <price>
   741284
  </price>
  <rating>
   4.02
  </rating>
  <reviews>
   646412
  </reviews>
  <new>
   -
  </new>
 </clothing>
 <clothing>
  <id>
   391526806
  </id>
  <name>
   Vans Blouse P-2161
  </name>
  <category>
   Blouse
  </category>
  <size>
   XXL
  </size>
  <color>
   Голубой
  </color>
  <material>
   Хлопок
  </material>
  <price>
   313820
  </price>
  <rating>
   2.59
  </rating>
  <reviews>
   525524
  </reviews>
  <exclusive>
   no
  </exclusive>
 </clothing>
 <clothing>
  <id>
   196560327
  </id>
  <name>
   Adidas Shirt Z-9132
  </name>
  <category>
   Shirt
  </category>
  <size>
   XL
  </size>
  <color>
   Зеленый
  </color>
  <material>
   Полиэстер
  </material>
  <price>
   226476
  </price>
  <rating>
   1.74
  </rating>
  <reviews>
   302846
  </reviews>
 </clothing>
 <clothing>
  <id>
   403760100
  </id>
  <name>
   Lacoste Gloves J-5405
  </name>
  <category>
   Gloves
  </category>
  <size>
   XL
  </size>
  <color>
   Оранжевый
  </color>
  <material>
   Шерсть
  </material>
  <price>
   544202
  </price>
  <rating>
   4.21
  </rating>
  <reviews>
   601077
  </reviews>
  <new>
   +
  </new>
  <exclusive>
   yes
  </exclusive>
 </clothing>
 <clothing>
  <id>
   711412498
  </id>
  <name>
   DC Shoes G-5877
  </name>
  <category>
   Shoes
  </category>
  <size>
   M
  </size>
  <color>
   Оранжевый
  </color>
  <material>
   Шерсть
  </material>
  <price>
   239501
  </price>
  <rating>
   1.54
  </rating>
  <reviews>
   607168
  </reviews>
  <new>
   -
  </new>
  <exclusive>
   yes
  </exclusive>
 </clothing>
 <clothing>
  <id>
   442756204
  </id>
  <name>
   Reebok Jacket A-4934
  </name>
  <category>
   Jacket
  </category>
  <size>
   XXL
  </size>
  <color>
   Оранжевый
  </color>
  <material>
   Нейлон
  </material>
  <price>
   477430
  </price>
  <rating>
   4.24
  </rating>
  <reviews>
   582536
  </reviews>
  <new>
   -
  </new>
  <sporty>
   yes
  </sporty>
 </clothing>
 <clothing>
  <id>
   210551759
  </id>
  <name>
   Asics Hat R-1847
  </name>
  <category>
   Hat
  </category>
  <size>
   M
  </size>
  <color>
   Фиолетовый
  </color>
  <material>
   Полиэстер
  </material>
  <price>
   441668
  </price>
  <rating>
   4.19
  </rating>
  <reviews>
   684898
  </reviews>
  <new>
   -
  </new>
 </clothing>
 <clothing>
  <id>
   686143800
  </id>
  <name>
   Converse Shoes I-9518
  </name>
  <category>
   Shoes
  </category>
  <size>
   S
  </size>
  <color>
   Красный
  </color>
  <material>
   Нейлон
  </material>
  <price>
   815176
  </price>
  <rating>
   3.74
  </rating>
  <reviews>
   624192
  </reviews>
  <new>
   -
  </new>
  <exclusive>
   yes
  </exclusive>
  <sporty>
   yes
  </sporty>
 </clothing>
 <clothing>
  <id>
   165051703
  </id>
  <name>
   Asics Sweater G-9722
  </name>
  <category>
   Sweater
  </category>
  <size>
   S
  </size>
  <color>
   Оранжевый
  </color>
  <material>
   Шерсть
  </material>
  <price>
   173217
  </price>
  <rating>
   1.07
  </rating>
  <reviews>
   500788
  </reviews>
  <sporty>
   no
  </sporty>
 </clothing>
</clothing-items>
