<?xml version="1.0" encoding="utf-8"?>
<clothing-items>
 <clothing>
  <id>
   200681005
  </id>
  <name>
   Lacoste Belts Q-7097
  </name>
  <category>
   Belts
  </category>
  <size>
   XL
  </size>
  <color>
   Голубой
  </color>
  <material>
   Кожа
  </material>
  <price>
   419475
  </price>
  <rating>
   2.29
  </rating>
  <reviews>
   562184
  </reviews>
  <new>
   -
  </new>
  <sporty>
   no
  </sporty>
 </clothing>
 <clothing>
  <id>
   206796773
  </id>
  <name>
   Puma Blouse K-7005
  </name>
  <category>
   Blouse
  </category>
  <size>
   S
  </size>
  <color>
   Красный
  </color>
  <material>
   Лен
  </material>
  <price>
   719583
  </price>
  <rating>
   3.1
  </rating>
  <reviews>
   251118
  </reviews>
  <new>
   +
  </new>
  <exclusive>
   no
  </exclusive>
  <sporty>
   yes
  </sporty>
 </clothing>
 <clothing>
  <id>
   518227385
  </id>
  <name>
   Converse Dress R-6025
  </name>
  <category>
   Dress
  </category>
  <size>
   M
  </size>
  <color>
   Голубой
  </color>
  <material>
   Хлопок
  </material>
  <price>
   487104
  </price>
  <rating>
   4.89
  </rating>
  <reviews>
   798037
  </reviews>
  <new>
   +
  </new>
  <exclusive>
   yes
  </exclusive>
 </clothing>
 <clothing>
  <id>
   749769636
  </id>
  <name>
   Vans Pants U-1356
  </name>
  <category>
   Pants
  </category>
  <size>
   M
  </size>
  <color>
   Синий
  </color>
  <material>
   Полиэстер
  </material>
  <price>
   755884
  </price>
  <rating>
   4.84
  </rating>
  <reviews>
   612844
  </reviews>
  <exclusive>
   yes
  </exclusive>
  <sporty>
   no
  </sporty>
 </clothing>
 <clothing>
  <id>
   897035062
  </id>
  <name>
   Lacoste Socks W-6927
  </name>
  <category>
   Socks
  </category>
  <size>
   XXL
  </size>
  <color>
   Зеленый
  </color>
  <material>
   Кожа
  </material>
  <price>
   985716
  </price>
  <rating>
   4.01
  </rating>
  <reviews>
   523735
  </reviews>
 </clothing>
 <clothing>
  <id>
   201084735
  </id>
  <name>
   Vans Hat F-3535
  </name>
  <category>
   Hat
  </category>
  <size>
   M
  </size>
  <color>
   Красный
  </color>
  <material>
   Хлопок
  </material>
  <price>
   571886
  </price>
  <rating>
   2.1
  </rating>
  <reviews>
   708262
  </reviews>
  <new>
   +
  </new>
 </clothing>
 <clothing>
  <id>
   115246916
  </id>
  <name>
   Reebok Gloves X-5821
  </name>
  <category>
   Gloves
  </category>
  <size>
   XL
  </size>
  <color>
   Фиолетовый
  </color>
  <material>
   Нейлон
  </material>
  <price>
   832310
  </price>
  <rating>
   1.21
  </rating>
  <reviews>
   857072
  </reviews>
  <new>
   -
  </new>
  <sporty>
   no
  </sporty>
 </clothing>
 <clothing>
  <id>
   557032097
  </id>
  <name>
   Addidas Dress G-8298
  </name>
  <category>
   Dress
  </category>
  <size>
   L
  </size>
  <color>
   Синий
  </color>
  <material>
   Хлопок
  </material>
  <price>
   689205
  </price>
  <rating>
   3.71
  </rating>
  <reviews>
   214987
  </reviews>
  <sporty>
   yes
  </sporty>
 </clothing>
 <clothing>
  <id>
   383533342
  </id>
  <name>
   Vans T-shirt Y-4358
  </name>
  <category>
   T-shirt
  </category>
  <size>
   XXL
  </size>
  <color>
   Зеленый
  </color>
  <material>
   Кожа
  </material>
  <price>
   593104
  </price>
  <rating>
   3.7
  </rating>
  <reviews>
   166687
  </reviews>
  <new>
   +
  </new>
  <sporty>
   no
  </sporty>
 </clothing>
 <clothing>
  <id>
   270916070
  </id>
  <name>
   Asics Dress J-3614
  </name>
  <category>
   Dress
  </category>
  <size>
   XXL
  </size>
  <color>
   Красный
  </color>
  <material>
   Полиэстер
  </material>
  <price>
   998247
  </price>
  <rating>
   3.38
  </rating>
  <reviews>
   800616
  </reviews>
  <exclusive>
   no
  </exclusive>
  <sporty>
   yes
  </sporty>
 </clothing>
 <clothing>
  <id>
   952858697
  </id>
  <name>
   Fila Skirt M-1885
  </name>
  <category>
   Skirt
  </category>
  <size>
   XL
  </size>
  <color>
   Желтый
  </color>
  <material>
   Шелк
  </material>
  <price>
   520027
  </price>
  <rating>
   3.16
  </rating>
  <reviews>
   612849
  </reviews>
  <new>
   -
  </new>
 </clothing>
 <clothing>
  <id>
   503356835
  </id>
  <name>
   Reebok Pants R-5057
  </name>
  <category>
   Pants
  </category>
  <size>
   S
  </size>
  <color>
   Синий
  </color>
  <material>
   Кожа
  </material>
  <price>
   100091
  </price>
  <rating>
   2.22
  </rating>
  <reviews>
   332386
  </reviews>
  <new>
   +
  </new>
  <exclusive>
   no
  </exclusive>
  <sporty>
   no
  </sporty>
 </clothing>
 <clothing>
  <id>
   497980681
  </id>
  <name>
   PleinSport Jeans Q-2639
  </name>
  <category>
   Jeans
  </category>
  <size>
   XL
  </size>
  <color>
   Красный
  </color>
  <material>
   Кожа
  </material>
  <price>
   879502
  </price>
  <rating>
   2.65
  </rating>
  <reviews>
   209569
  </reviews>
  <new>
   +
  </new>
  <sporty>
   no
  </sporty>
 </clothing>
 <clothing>
  <id>
   880705749
  </id>
  <name>
   Asics Belts X-6558
  </name>
  <category>
   Belts
  </category>
  <size>
   S
  </size>
  <color>
   Синий
  </color>
  <material>
   Полиэстер
  </material>
  <price>
   228742
  </price>
  <rating>
   2.52
  </rating>
  <reviews>
   623866
  </reviews>
  <new>
   -
  </new>
  <exclusive>
   no
  </exclusive>
 </clothing>
 <clothing>
  <id>
   363713466
  </id>
  <name>
   Asics Jeans L-2915
  </name>
  <category>
   Jeans
  </category>
  <size>
   XL
  </size>
  <color>
   Фиолетовый
  </color>
  <material>
   Шерсть
  </material>
  <price>
   987135
  </price>
  <rating>
   3.32
  </rating>
  <reviews>
   133906
  </reviews>
  <new>
   +
  </new>
  <sporty>
   no
  </sporty>
 </clothing>
 <clothing>
  <id>
   579438838
  </id>
  <name>
   Asics Sweater J-5246
  </name>
  <category>
   Sweater
  </category>
  <size>
   M
  </size>
  <color>
   Желтый
  </color>
  <material>
   Шерсть
  </material>
  <price>
   607813
  </price>
  <rating>
   2.47
  </rating>
  <reviews>
   891924
  </reviews>
  <exclusive>
   no
  </exclusive>
  <sporty>
   yes
  </sporty>
 </clothing>
 <clothing>
  <id>
   254388811
  </id>
  <name>
   Under Armour Sweater X-9276
  </name>
  <category>
   Sweater
  </category>
  <size>
   XXL
  </size>
  <color>
   Желтый
  </color>
  <material>
   Шелк
  </material>
  <price>
   336584
  </price>
  <rating>
   1.96
  </rating>
  <reviews>
   812802
  </reviews>
  <new>
   -
  </new>
  <exclusive>
   yes
  </exclusive>
  <sporty>
   yes
  </sporty>
 </clothing>
 <clothing>
  <id>
   809109398
  </id>
  <name>
   Under Armour Belts F-5960
  </name>
  <category>
   Belts
  </category>
  <size>
   XXL
  </size>
  <color>
   Желтый
  </color>
  <material>
   Шерсть
  </material>
  <price>
   609855
  </price>
  <rating>
   3.55
  </rating>
  <reviews>
   390480
  </reviews>
  <exclusive>
   yes
  </exclusive>
  <sporty>
   no
  </sporty>
 </clothing>
 <clothing>
  <id>
   317802356
  </id>
  <name>
   New Balance Shoes S-9594
  </name>
  <category>
   Shoes
  </category>
  <size>
   S
  </size>
  <color>
   Оранжевый
  </color>
  <material>
   Лен
  </material>
  <price>
   346655
  </price>
  <rating>
   1.41
  </rating>
  <reviews>
   73982
  </reviews>
  <new>
   -
  </new>
  <exclusive>
   no
  </exclusive>
 </clothing>
 <clothing>
  <id>
   415473512
  </id>
  <name>
   Puma Hat H-5523
  </name>
  <category>
   Hat
  </category>
  <size>
   M
  </size>
  <color>
   Оранжевый
  </color>
  <material>
   Шелк
  </material>
  <price>
   322033
  </price>
  <rating>
   2.06
  </rating>
  <reviews>
   892186
  </reviews>
  <new>
   +
  </new>
  <exclusive>
   no
  </exclusive>
 </clothing>
 <clothing>
  <id>
   555345116
  </id>
  <name>
   Brooks Socks I-4492
  </name>
  <category>
   Socks
  </category>
  <size>
   S
  </size>
  <color>
   Синий
  </color>
  <material>
   Хлопок
  </material>
  <price>
   487731
  </price>
  <rating>
   3.52
  </rating>
  <reviews>
   316253
  </reviews>
  <new>
   +
  </new>
  <exclusive>
   yes
  </exclusive>
  <sporty>
   no
  </sporty>
 </clothing>
 <clothing>
  <id>
   754717225
  </id>
  <name>
   Ellesse Handbags T-2065
  </name>
  <category>
   Handbags
  </category>
  <size>
   XL
  </size>
  <color>
   Голубой
  </color>
  <material>
   Лен
  </material>
  <price>
   396707
  </price>
  <rating>
   4.58
  </rating>
  <reviews>
   79667
  </reviews>
  <new>
   -
  </new>
  <exclusive>
   no
  </exclusive>
 </clothing>
 <clothing>
  <id>
   179383399
  </id>
  <name>
   Converse Shirt T-1719
  </name>
  <category>
   Shirt
  </category>
  <size>
   XXL
  </size>
  <color>
   Голубой
  </color>
  <material>
   Кожа
  </material>
  <price>
   440970
  </price>
  <rating>
   3.98
  </rating>
  <reviews>
   74391
  </reviews>
  <new>
   -
  </new>
  <exclusive>
   yes
  </exclusive>
 </clothing>
 <clothing>
  <id>
   987508390
  </id>
  <name>
   Lacoste Gloves M-2956
  </name>
  <category>
   Gloves
  </category>
  <size>
   M
  </size>
  <color>
   Желтый
  </color>
  <material>
   Шелк
  </material>
  <price>
   170636
  </price>
  <rating>
   1.18
  </rating>
  <reviews>
   495024
  </reviews>
  <exclusive>
   no
  </exclusive>
 </clothing>
 <clothing>
  <id>
   986788816
  </id>
  <name>
   PleinSport Hat Y-8062
  </name>
  <category>
   Hat
  </category>
  <size>
   S
  </size>
  <color>
   Оранжевый
  </color>
  <material>
   Шерсть
  </material>
  <price>
   190111
  </price>
  <rating>
   1.06
  </rating>
  <reviews>
   231391
  </reviews>
  <exclusive>
   yes
  </exclusive>
  <sporty>
   no
  </sporty>
 </clothing>
 <clothing>
  <id>
   206802162
  </id>
  <name>
   Under Armour Gloves Z-8437
  </name>
  <category>
   Gloves
  </category>
  <size>
   XXL
  </size>
  <color>
   Голубой
  </color>
  <material>
   Лен
  </material>
  <price>
   862249
  </price>
  <rating>
   4.49
  </rating>
  <reviews>
   283821
  </reviews>
  <exclusive>
   no
  </exclusive>
 </clothing>
 <clothing>
  <id>
   200517987
  </id>
  <name>
   Reebok Shirt L-3091
  </name>
  <category>
   Shirt
  </category>
  <size>
   M
  </size>
  <color>
   Зеленый
  </color>
  <material>
   Шелк
  </material>
  <price>
   151329
  </price>
  <rating>
   3.8
  </rating>
  <reviews>
   282021
  </reviews>
  <new>
   -
  </new>
  <sporty>
   no
  </sporty>
 </clothing>
 <clothing>
  <id>
   826736644
  </id>
  <name>
   DC Jacket P-8890
  </name>
  <category>
   Jacket
  </category>
  <size>
   S
  </size>
  <color>
   Оранжевый
  </color>
  <material>
   Нейлон
  </material>
  <price>
   126884
  </price>
  <rating>
   2.16
  </rating>
  <reviews>
   367166
  </reviews>
  <new>
   -
  </new>
 </clothing>
 <clothing>
  <id>
   709673390
  </id>
  <name>
   Lacoste Blouse M-2384
  </name>
  <category>
   Blouse
  </category>
  <size>
   XXL
  </size>
  <color>
   Желтый
  </color>
  <material>
   Нейлон
  </material>
  <price>
   395232
  </price>
  <rating>
   1.76
  </rating>
  <reviews>
   322129
  </reviews>
  <new>
   -
  </new>
  <exclusive>
   yes
  </exclusive>
 </clothing>
</clothing-items>
