<?xml version="1.0" encoding="utf-8"?>
<clothing-items>
 <clothing>
  <id>
   813376743
  </id>
  <name>
   Adidas Dress S-2030
  </name>
  <category>
   Dress
  </category>
  <size>
   XL
  </size>
  <color>
   Красный
  </color>
  <material>
   Нейлон
  </material>
  <price>
   297137
  </price>
  <rating>
   4.41
  </rating>
  <reviews>
   523374
  </reviews>
  <new>
   -
  </new>
  <exclusive>
   no
  </exclusive>
  <sporty>
   no
  </sporty>
 </clothing>
 <clothing>
  <id>
   577149804
  </id>
  <name>
   New Balance Belts O-8571
  </name>
  <category>
   Belts
  </category>
  <size>
   XXL
  </size>
  <color>
   Зеленый
  </color>
  <material>
   Шелк
  </material>
  <price>
   923952
  </price>
  <rating>
   3.47
  </rating>
  <reviews>
   322636
  </reviews>
  <new>
   -
  </new>
  <exclusive>
   no
  </exclusive>
  <sporty>
   no
  </sporty>
 </clothing>
 <clothing>
  <id>
   468136433
  </id>
  <name>
   Nike Blouse Y-6424
  </name>
  <category>
   Blouse
  </category>
  <size>
   S
  </size>
  <color>
   Фиолетовый
  </color>
  <material>
   Полиэстер
  </material>
  <price>
   153697
  </price>
  <rating>
   1.16
  </rating>
  <reviews>
   346559
  </reviews>
  <new>
   -
  </new>
  <exclusive>
   no
  </exclusive>
  <sporty>
   no
  </sporty>
 </clothing>
 <clothing>
  <id>
   359701169
  </id>
  <name>
   Addidas Jeans H-8049
  </name>
  <category>
   Jeans
  </category>
  <size>
   S
  </size>
  <color>
   Оранжевый
  </color>
  <material>
   Шелк
  </material>
  <price>
   301647
  </price>
  <rating>
   3.82
  </rating>
  <reviews>
   587687
  </reviews>
  <new>
   -
  </new>
 </clothing>
 <clothing>
  <id>
   139626149
  </id>
  <name>
   Vans Belts G-8082
  </name>
  <category>
   Belts
  </category>
  <size>
   XL
  </size>
  <color>
   Зеленый
  </color>
  <material>
   Вискоза
  </material>
  <price>
   567504
  </price>
  <rating>
   4.6
  </rating>
  <reviews>
   465544
  </reviews>
  <exclusive>
   no
  </exclusive>
 </clothing>
 <clothing>
  <id>
   410183593
  </id>
  <name>
   Under Armour Handbags J-1976
  </name>
  <category>
   Handbags
  </category>
  <size>
   XXL
  </size>
  <color>
   Голубой
  </color>
  <material>
   Шелк
  </material>
  <price>
   141385
  </price>
  <rating>
   4.93
  </rating>
  <reviews>
   924637
  </reviews>
  <new>
   +
  </new>
 </clothing>
 <clothing>
  <id>
   463975775
  </id>
  <name>
   Ellesse Gloves C-2952
  </name>
  <category>
   Gloves
  </category>
  <size>
   M
  </size>
  <color>
   Синий
  </color>
  <material>
   Шерсть
  </material>
  <price>
   496054
  </price>
  <rating>
   2.36
  </rating>
  <reviews>
   303243
  </reviews>
  <new>
   +
  </new>
  <exclusive>
   yes
  </exclusive>
 </clothing>
 <clothing>
  <id>
   892667877
  </id>
  <name>
   Converse Sweater M-3384
  </name>
  <category>
   Sweater
  </category>
  <size>
   S
  </size>
  <color>
   Синий
  </color>
  <material>
   Кожа
  </material>
  <price>
   576143
  </price>
  <rating>
   4.54
  </rating>
  <reviews>
   659853
  </reviews>
  <new>
   +
  </new>
 </clothing>
 <clothing>
  <id>
   196323022
  </id>
  <name>
   Adidas Umbrellas X-6437
  </name>
  <category>
   Umbrellas
  </category>
  <size>
   XL
  </size>
  <color>
   Желтый
  </color>
  <material>
   Шерсть
  </material>
  <price>
   477779
  </price>
  <rating>
   2.74
  </rating>
  <reviews>
   373707
  </reviews>
  <new>
   +
  </new>
  <exclusive>
   no
  </exclusive>
 </clothing>
 <clothing>
  <id>
   518102248
  </id>
  <name>
   DC Dress Q-1232
  </name>
  <category>
   Dress
  </category>
  <size>
   S
  </size>
  <color>
   Красный
  </color>
  <material>
   Хлопок
  </material>
  <price>
   364972
  </price>
  <rating>
   1.63
  </rating>
  <reviews>
   787352
  </reviews>
  <new>
   +
  </new>
  <exclusive>
   no
  </exclusive>
  <sporty>
   no
  </sporty>
 </clothing>
 <clothing>
  <id>
   932335937
  </id>
  <name>
   Fila Hat B-8377
  </name>
  <category>
   Hat
  </category>
  <size>
   S
  </size>
  <color>
   Красный
  </color>
  <material>
   Хлопок
  </material>
  <price>
   975830
  </price>
  <rating>
   2.74
  </rating>
  <reviews>
   870599
  </reviews>
  <new>
   -
  </new>
  <exclusive>
   no
  </exclusive>
  <sporty>
   no
  </sporty>
 </clothing>
 <clothing>
  <id>
   107468980
  </id>
  <name>
   Fila Handbags N-6419
  </name>
  <category>
   Handbags
  </category>
  <size>
   M
  </size>
  <color>
   Желтый
  </color>
  <material>
   Шелк
  </material>
  <price>
   597711
  </price>
  <rating>
   4.67
  </rating>
  <reviews>
   886572
  </reviews>
  <new>
   -
  </new>
 </clothing>
 <clothing>
  <id>
   612510370
  </id>
  <name>
   Vans Skirt O-4792
  </name>
  <category>
   Skirt
  </category>
  <size>
   S
  </size>
  <color>
   Красный
  </color>
  <material>
   Вискоза
  </material>
  <price>
   451397
  </price>
  <rating>
   2.61
  </rating>
  <reviews>
   96361
  </reviews>
  <exclusive>
   yes
  </exclusive>
 </clothing>
 <clothing>
  <id>
   744346620
  </id>
  <name>
   Vans Shoes B-9809
  </name>
  <category>
   Shoes
  </category>
  <size>
   XL
  </size>
  <color>
   Синий
  </color>
  <material>
   Нейлон
  </material>
  <price>
   681368
  </price>
  <rating>
   2.44
  </rating>
  <reviews>
   183789
  </reviews>
  <new>
   +
  </new>
  <sporty>
   no
  </sporty>
 </clothing>
 <clothing>
  <id>
   802198624
  </id>
  <name>
   New Balance Jeans C-1158
  </name>
  <category>
   Jeans
  </category>
  <size>
   L
  </size>
  <color>
   Голубой
  </color>
  <material>
   Шелк
  </material>
  <price>
   724361
  </price>
  <rating>
   1.37
  </rating>
  <reviews>
   857753
  </reviews>
  <new>
   -
  </new>
  <exclusive>
   no
  </exclusive>
  <sporty>
   no
  </sporty>
 </clothing>
 <clothing>
  <id>
   369686888
  </id>
  <name>
   Fila Blouse D-4314
  </name>
  <category>
   Blouse
  </category>
  <size>
   L
  </size>
  <color>
   Зеленый
  </color>
  <material>
   Полиэстер
  </material>
  <price>
   920178
  </price>
  <rating>
   1.05
  </rating>
  <reviews>
   589152
  </reviews>
  <new>
   -
  </new>
  <exclusive>
   no
  </exclusive>
 </clothing>
 <clothing>
  <id>
   104639618
  </id>
  <name>
   PleinSport Shirt P-7402
  </name>
  <category>
   Shirt
  </category>
  <size>
   M
  </size>
  <color>
   Оранжевый
  </color>
  <material>
   Шерсть
  </material>
  <price>
   137711
  </price>
  <rating>
   1.45
  </rating>
  <reviews>
   741811
  </reviews>
  <new>
   -
  </new>
  <exclusive>
   no
  </exclusive>
 </clothing>
 <clothing>
  <id>
   682911530
  </id>
  <name>
   Converse Dress K-9120
  </name>
  <category>
   Dress
  </category>
  <size>
   XXL
  </size>
  <color>
   Оранжевый
  </color>
  <material>
   Шелк
  </material>
  <price>
   166864
  </price>
  <rating>
   3.81
  </rating>
  <reviews>
   583870
  </reviews>
  <exclusive>
   no
  </exclusive>
  <sporty>
   no
  </sporty>
 </clothing>
 <clothing>
  <id>
   996726324
  </id>
  <name>
   PleinSport Jeans E-9646
  </name>
  <category>
   Jeans
  </category>
  <size>
   XL
  </size>
  <color>
   Красный
  </color>
  <material>
   Вискоза
  </material>
  <price>
   311371
  </price>
  <rating>
   3.69
  </rating>
  <reviews>
   204449
  </reviews>
  <new>
   +
  </new>
  <exclusive>
   yes
  </exclusive>
  <sporty>
   yes
  </sporty>
 </clothing>
 <clothing>
  <id>
   257587828
  </id>
  <name>
   Nike Jeans L-9111
  </name>
  <category>
   Jeans
  </category>
  <size>
   L
  </size>
  <color>
   Оранжевый
  </color>
  <material>
   Кожа
  </material>
  <price>
   785659
  </price>
  <rating>
   4.76
  </rating>
  <reviews>
   477244
  </reviews>
  <exclusive>
   yes
  </exclusive>
  <sporty>
   yes
  </sporty>
 </clothing>
 <clothing>
  <id>
   416871846
  </id>
  <name>
   Reebok Jacket E-3510
  </name>
  <category>
   Jacket
  </category>
  <size>
   L
  </size>
  <color>
   Оранжевый
  </color>
  <material>
   Полиэстер
  </material>
  <price>
   568339
  </price>
  <rating>
   2.3
  </rating>
  <reviews>
   953619
  </reviews>
  <exclusive>
   no
  </exclusive>
  <sporty>
   yes
  </sporty>
 </clothing>
 <clothing>
  <id>
   625504745
  </id>
  <name>
   Asics Hat D-7081
  </name>
  <category>
   Hat
  </category>
  <size>
   XL
  </size>
  <color>
   Синий
  </color>
  <material>
   Полиэстер
  </material>
  <price>
   351737
  </price>
  <rating>
   1.81
  </rating>
  <reviews>
   15549
  </reviews>
  <new>
   -
  </new>
 </clothing>
 <clothing>
  <id>
   597980992
  </id>
  <name>
   Reebok Shoes M-8709
  </name>
  <category>
   Shoes
  </category>
  <size>
   S
  </size>
  <color>
   Красный
  </color>
  <material>
   Шелк
  </material>
  <price>
   365315
  </price>
  <rating>
   2.88
  </rating>
  <reviews>
   615183
  </reviews>
  <exclusive>
   no
  </exclusive>
 </clothing>
 <clothing>
  <id>
   883219048
  </id>
  <name>
   PleinSport Pants A-3797
  </name>
  <category>
   Pants
  </category>
  <size>
   XXL
  </size>
  <color>
   Красный
  </color>
  <material>
   Кожа
  </material>
  <price>
   404373
  </price>
  <rating>
   1.34
  </rating>
  <reviews>
   442170
  </reviews>
  <new>
   +
  </new>
 </clothing>
 <clothing>
  <id>
   313573906
  </id>
  <name>
   DC Pants Y-5857
  </name>
  <category>
   Pants
  </category>
  <size>
   XXL
  </size>
  <color>
   Красный
  </color>
  <material>
   Полиэстер
  </material>
  <price>
   668005
  </price>
  <rating>
   2.7
  </rating>
  <reviews>
   238295
  </reviews>
  <new>
   -
  </new>
  <exclusive>
   no
  </exclusive>
  <sporty>
   no
  </sporty>
 </clothing>
 <clothing>
  <id>
   224226457
  </id>
  <name>
   Lacoste Hat I-3569
  </name>
  <category>
   Hat
  </category>
  <size>
   M
  </size>
  <color>
   Оранжевый
  </color>
  <material>
   Хлопок
  </material>
  <price>
   963767
  </price>
  <rating>
   4.5
  </rating>
  <reviews>
   781886
  </reviews>
  <sporty>
   yes
  </sporty>
 </clothing>
</clothing-items>
