<?xml version="1.0" encoding="utf-8"?>
<clothing-items>
 <clothing>
  <id>
   740732457
  </id>
  <name>
   Nike Shirt H-6462
  </name>
  <category>
   Shirt
  </category>
  <size>
   S
  </size>
  <color>
   Красный
  </color>
  <material>
   Лен
  </material>
  <price>
   669102
  </price>
  <rating>
   4.9
  </rating>
  <reviews>
   71808
  </reviews>
 </clothing>
 <clothing>
  <id>
   109790652
  </id>
  <name>
   Lacoste Blouse R-8232
  </name>
  <category>
   Blouse
  </category>
  <size>
   L
  </size>
  <color>
   Голубой
  </color>
  <material>
   Шелк
  </material>
  <price>
   668769
  </price>
  <rating>
   3.69
  </rating>
  <reviews>
   153716
  </reviews>
  <new>
   -
  </new>
  <sporty>
   yes
  </sporty>
 </clothing>
 <clothing>
  <id>
   122182513
  </id>
  <name>
   Puma Shoes E-3415
  </name>
  <category>
   Shoes
  </category>
  <size>
   M
  </size>
  <color>
   Оранжевый
  </color>
  <material>
   Нейлон
  </material>
  <price>
   241331
  </price>
  <rating>
   1.27
  </rating>
  <reviews>
   600084
  </reviews>
  <new>
   +
  </new>
  <exclusive>
   yes
  </exclusive>
 </clothing>
 <clothing>
  <id>
   194784272
  </id>
  <name>
   Lacoste Umbrellas M-9890
  </name>
  <category>
   Umbrellas
  </category>
  <size>
   XL
  </size>
  <color>
   Фиолетовый
  </color>
  <material>
   Шелк
  </material>
  <price>
   264537
  </price>
  <rating>
   1.89
  </rating>
  <reviews>
   508627
  </reviews>
  <new>
   +
  </new>
 </clothing>
 <clothing>
  <id>
   372225406
  </id>
  <name>
   Lacoste Umbrellas C-1354
  </name>
  <category>
   Umbrellas
  </category>
  <size>
   XL
  </size>
  <color>
   Желтый
  </color>
  <material>
   Шелк
  </material>
  <price>
   240501
  </price>
  <rating>
   4.72
  </rating>
  <reviews>
   834263
  </reviews>
  <exclusive>
   no
  </exclusive>
 </clothing>
 <clothing>
  <id>
   334172328
  </id>
  <name>
   Reebok Jacket R-6793
  </name>
  <category>
   Jacket
  </category>
  <size>
   L
  </size>
  <color>
   Красный
  </color>
  <material>
   Шелк
  </material>
  <price>
   377038
  </price>
  <rating>
   4.12
  </rating>
  <reviews>
   464387
  </reviews>
  <new>
   -
  </new>
  <exclusive>
   yes
  </exclusive>
 </clothing>
 <clothing>
  <id>
   603699310
  </id>
  <name>
   Adidas Jacket T-8357
  </name>
  <category>
   Jacket
  </category>
  <size>
   XL
  </size>
  <color>
   Желтый
  </color>
  <material>
   Шелк
  </material>
  <price>
   520372
  </price>
  <rating>
   3.16
  </rating>
  <reviews>
   104426
  </reviews>
  <new>
   -
  </new>
 </clothing>
 <clothing>
  <id>
   178250571
  </id>
  <name>
   Ellesse Pants F-4003
  </name>
  <category>
   Pants
  </category>
  <size>
   XXL
  </size>
  <color>
   Голубой
  </color>
  <material>
   Полиэстер
  </material>
  <price>
   551289
  </price>
  <rating>
   3.93
  </rating>
  <reviews>
   372898
  </reviews>
  <sporty>
   no
  </sporty>
 </clothing>
 <clothing>
  <id>
   378724350
  </id>
  <name>
   Nike Gloves C-8127
  </name>
  <category>
   Gloves
  </category>
  <size>
   S
  </size>
  <color>
   Голубой
  </color>
  <material>
   Вискоза
  </material>
  <price>
   732061
  </price>
  <rating>
   4.34
  </rating>
  <reviews>
   461304
  </reviews>
  <new>
   -
  </new>
  <exclusive>
   yes
  </exclusive>
 </clothing>
 <clothing>
  <id>
   824687786
  </id>
  <name>
   Lacoste Umbrellas O-7102
  </name>
  <category>
   Umbrellas
  </category>
  <size>
   XL
  </size>
  <color>
   Красный
  </color>
  <material>
   Хлопок
  </material>
  <price>
   282726
  </price>
  <rating>
   2.15
  </rating>
  <reviews>
   736686
  </reviews>
  <new>
   +
  </new>
 </clothing>
 <clothing>
  <id>
   390062329
  </id>
  <name>
   Fila Sweater M-6772
  </name>
  <category>
   Sweater
  </category>
  <size>
   M
  </size>
  <color>
   Оранжевый
  </color>
  <material>
   Лен
  </material>
  <price>
   728144
  </price>
  <rating>
   1.02
  </rating>
  <reviews>
   381729
  </reviews>
  <exclusive>
   yes
  </exclusive>
  <sporty>
   yes
  </sporty>
 </clothing>
 <clothing>
  <id>
   708064623
  </id>
  <name>
   Addidas Handbags M-6150
  </name>
  <category>
   Handbags
  </category>
  <size>
   XXL
  </size>
  <color>
   Красный
  </color>
  <material>
   Вискоза
  </material>
  <price>
   454887
  </price>
  <rating>
   3.67
  </rating>
  <reviews>
   598428
  </reviews>
  <exclusive>
   yes
  </exclusive>
  <sporty>
   yes
  </sporty>
 </clothing>
 <clothing>
  <id>
   402201357
  </id>
  <name>
   PleinSport Hat T-1325
  </name>
  <category>
   Hat
  </category>
  <size>
   XL
  </size>
  <color>
   Зеленый
  </color>
  <material>
   Лен
  </material>
  <price>
   817556
  </price>
  <rating>
   1.84
  </rating>
  <reviews>
   53264
  </reviews>
  <new>
   -
  </new>
  <exclusive>
   no
  </exclusive>
 </clothing>
 <clothing>
  <id>
   866454671
  </id>
  <name>
   PleinSport Sweater V-4727
  </name>
  <category>
   Sweater
  </category>
  <size>
   L
  </size>
  <color>
   Зеленый
  </color>
  <material>
   Полиэстер
  </material>
  <price>
   479847
  </price>
  <rating>
   2.68
  </rating>
  <reviews>
   508360
  </reviews>
 </clothing>
 <clothing>
  <id>
   588519407
  </id>
  <name>
   Adidas Sweater T-5817
  </name>
  <category>
   Sweater
  </category>
  <size>
   M
  </size>
  <color>
   Красный
  </color>
  <material>
   Полиэстер
  </material>
  <price>
   590076
  </price>
  <rating>
   3.37
  </rating>
  <reviews>
   103711
  </reviews>
  <new>
   -
  </new>
  <exclusive>
   yes
  </exclusive>
  <sporty>
   no
  </sporty>
 </clothing>
 <clothing>
  <id>
   142470472
  </id>
  <name>
   Asics Umbrellas E-6268
  </name>
  <category>
   Umbrellas
  </category>
  <size>
   L
  </size>
  <color>
   Зеленый
  </color>
  <material>
   Шелк
  </material>
  <price>
   172326
  </price>
  <rating>
   3.63
  </rating>
  <reviews>
   94438
  </reviews>
  <new>
   +
  </new>
  <exclusive>
   no
  </exclusive>
  <sporty>
   no
  </sporty>
 </clothing>
 <clothing>
  <id>
   903949132
  </id>
  <name>
   Under Armour T-shirt Q-3117
  </name>
  <category>
   T-shirt
  </category>
  <size>
   XL
  </size>
  <color>
   Желтый
  </color>
  <material>
   Хлопок
  </material>
  <price>
   499765
  </price>
  <rating>
   2.26
  </rating>
  <reviews>
   180568
  </reviews>
  <exclusive>
   yes
  </exclusive>
 </clothing>
 <clothing>
  <id>
   560757390
  </id>
  <name>
   Puma Jacket B-2202
  </name>
  <category>
   Jacket
  </category>
  <size>
   S
  </size>
  <color>
   Фиолетовый
  </color>
  <material>
   Нейлон
  </material>
  <price>
   813595
  </price>
  <rating>
   1.94
  </rating>
  <reviews>
   714684
  </reviews>
  <new>
   -
  </new>
 </clothing>
 <clothing>
  <id>
   194402326
  </id>
  <name>
   Nike Dress T-2951
  </name>
  <category>
   Dress
  </category>
  <size>
   XXL
  </size>
  <color>
   Красный
  </color>
  <material>
   Хлопок
  </material>
  <price>
   999082
  </price>
  <rating>
   3.42
  </rating>
  <reviews>
   988384
  </reviews>
  <sporty>
   yes
  </sporty>
 </clothing>
 <clothing>
  <id>
   818258715
  </id>
  <name>
   Adidas Handbags O-9915
  </name>
  <category>
   Handbags
  </category>
  <size>
   XL
  </size>
  <color>
   Красный
  </color>
  <material>
   Лен
  </material>
  <price>
   314162
  </price>
  <rating>
   3.22
  </rating>
  <reviews>
   543899
  </reviews>
  <exclusive>
   no
  </exclusive>
  <sporty>
   no
  </sporty>
 </clothing>
 <clothing>
  <id>
   354496420
  </id>
  <name>
   Brooks Gloves I-7903
  </name>
  <category>
   Gloves
  </category>
  <size>
   XXL
  </size>
  <color>
   Зеленый
  </color>
  <material>
   Шелк
  </material>
  <price>
   384103
  </price>
  <rating>
   1.81
  </rating>
  <reviews>
   482354
  </reviews>
  <new>
   -
  </new>
  <exclusive>
   yes
  </exclusive>
 </clothing>
 <clothing>
  <id>
   181983295
  </id>
  <name>
   Lacoste Gloves L-5057
  </name>
  <category>
   Gloves
  </category>
  <size>
   M
  </size>
  <color>
   Синий
  </color>
  <material>
   Вискоза
  </material>
  <price>
   539230
  </price>
  <rating>
   4.21
  </rating>
  <reviews>
   994759
  </reviews>
  <exclusive>
   no
  </exclusive>
 </clothing>
 <clothing>
  <id>
   718890949
  </id>
  <name>
   Asics Handbags N-1332
  </name>
  <category>
   Handbags
  </category>
  <size>
   XXL
  </size>
  <color>
   Красный
  </color>
  <material>
   Шерсть
  </material>
  <price>
   487120
  </price>
  <rating>
   2.57
  </rating>
  <reviews>
   597117
  </reviews>
  <new>
   +
  </new>
  <exclusive>
   yes
  </exclusive>
  <sporty>
   no
  </sporty>
 </clothing>
 <clothing>
  <id>
   812092222
  </id>
  <name>
   Ellesse Pants R-2358
  </name>
  <category>
   Pants
  </category>
  <size>
   L
  </size>
  <color>
   Зеленый
  </color>
  <material>
   Кожа
  </material>
  <price>
   712789
  </price>
  <rating>
   4.93
  </rating>
  <reviews>
   387452
  </reviews>
  <exclusive>
   yes
  </exclusive>
 </clothing>
 <clothing>
  <id>
   765777704
  </id>
  <name>
   Fila T-shirt B-2625
  </name>
  <category>
   T-shirt
  </category>
  <size>
   L
  </size>
  <color>
   Синий
  </color>
  <material>
   Кожа
  </material>
  <price>
   179138
  </price>
  <rating>
   4.87
  </rating>
  <reviews>
   105578
  </reviews>
  <new>
   -
  </new>
  <exclusive>
   no
  </exclusive>
 </clothing>
 <clothing>
  <id>
   303559974
  </id>
  <name>
   Reebok Blouse W-3402
  </name>
  <category>
   Blouse
  </category>
  <size>
   S
  </size>
  <color>
   Голубой
  </color>
  <material>
   Лен
  </material>
  <price>
   415972
  </price>
  <rating>
   2.35
  </rating>
  <reviews>
   732112
  </reviews>
  <new>
   +
  </new>
  <exclusive>
   yes
  </exclusive>
 </clothing>
 <clothing>
  <id>
   924617673
  </id>
  <name>
   Nike Blouse P-4965
  </name>
  <category>
   Blouse
  </category>
  <size>
   XXL
  </size>
  <color>
   Зеленый
  </color>
  <material>
   Нейлон
  </material>
  <price>
   757695
  </price>
  <rating>
   1.52
  </rating>
  <reviews>
   770997
  </reviews>
  <new>
   -
  </new>
  <sporty>
   no
  </sporty>
 </clothing>
 <clothing>
  <id>
   766490603
  </id>
  <name>
   Addidas Hat C-1315
  </name>
  <category>
   Hat
  </category>
  <size>
   S
  </size>
  <color>
   Синий
  </color>
  <material>
   Хлопок
  </material>
  <price>
   795356
  </price>
  <rating>
   4.13
  </rating>
  <reviews>
   11863
  </reviews>
 </clothing>
 <clothing>
  <id>
   441679467
  </id>
  <name>
   DC Socks R-3274
  </name>
  <category>
   Socks
  </category>
  <size>
   M
  </size>
  <color>
   Оранжевый
  </color>
  <material>
   Хлопок
  </material>
  <price>
   549723
  </price>
  <rating>
   3.23
  </rating>
  <reviews>
   825803
  </reviews>
 </clothing>
 <clothing>
  <id>
   892556742
  </id>
  <name>
   PleinSport Pants D-2278
  </name>
  <category>
   Pants
  </category>
  <size>
   M
  </size>
  <color>
   Красный
  </color>
  <material>
   Полиэстер
  </material>
  <price>
   286751
  </price>
  <rating>
   4.3
  </rating>
  <reviews>
   917756
  </reviews>
  <new>
   -
  </new>
  <exclusive>
   no
  </exclusive>
 </clothing>
 <clothing>
  <id>
   965340295
  </id>
  <name>
   Fila Dress S-7877
  </name>
  <category>
   Dress
  </category>
  <size>
   XL
  </size>
  <color>
   Зеленый
  </color>
  <material>
   Лен
  </material>
  <price>
   346214
  </price>
  <rating>
   3.71
  </rating>
  <reviews>
   571275
  </reviews>
  <new>
   +
  </new>
  <exclusive>
   no
  </exclusive>
  <sporty>
   no
  </sporty>
 </clothing>
 <clothing>
  <id>
   582532848
  </id>
  <name>
   Converse Jeans A-5809
  </name>
  <category>
   Jeans
  </category>
  <size>
   XXL
  </size>
  <color>
   Фиолетовый
  </color>
  <material>
   Нейлон
  </material>
  <price>
   237697
  </price>
  <rating>
   4.53
  </rating>
  <reviews>
   105096
  </reviews>
  <new>
   -
  </new>
  <exclusive>
   no
  </exclusive>
  <sporty>
   no
  </sporty>
 </clothing>
 <clothing>
  <id>
   652760316
  </id>
  <name>
   DC Skirt V-8595
  </name>
  <category>
   Skirt
  </category>
  <size>
   S
  </size>
  <color>
   Желтый
  </color>
  <material>
   Лен
  </material>
  <price>
   167418
  </price>
  <rating>
   2.56
  </rating>
  <reviews>
   375451
  </reviews>
  <exclusive>
   no
  </exclusive>
  <sporty>
   no
  </sporty>
 </clothing>
 <clothing>
  <id>
   387260649
  </id>
  <name>
   Converse Skirt G-9489
  </name>
  <category>
   Skirt
  </category>
  <size>
   XL
  </size>
  <color>
   Оранжевый
  </color>
  <material>
   Лен
  </material>
  <price>
   867971
  </price>
  <rating>
   3.02
  </rating>
  <reviews>
   490378
  </reviews>
  <new>
   -
  </new>
  <exclusive>
   yes
  </exclusive>
  <sporty>
   no
  </sporty>
 </clothing>
 <clothing>
  <id>
   370905685
  </id>
  <name>
   Under Armour Jeans M-3814
  </name>
  <category>
   Jeans
  </category>
  <size>
   S
  </size>
  <color>
   Фиолетовый
  </color>
  <material>
   Полиэстер
  </material>
  <price>
   457291
  </price>
  <rating>
   4.37
  </rating>
  <reviews>
   205010
  </reviews>
  <sporty>
   no
  </sporty>
 </clothing>
 <clothing>
  <id>
   522473748
  </id>
  <name>
   Addidas T-shirt K-2282
  </name>
  <category>
   T-shirt
  </category>
  <size>
   M
  </size>
  <color>
   Голубой
  </color>
  <material>
   Лен
  </material>
  <price>
   863163
  </price>
  <rating>
   4.0
  </rating>
  <reviews>
   229109
  </reviews>
  <new>
   -
  </new>
  <exclusive>
   yes
  </exclusive>
 </clothing>
 <clothing>
  <id>
   450081402
  </id>
  <name>
   PleinSport Gloves V-4698
  </name>
  <category>
   Gloves
  </category>
  <size>
   L
  </size>
  <color>
   Красный
  </color>
  <material>
   Шелк
  </material>
  <price>
   431678
  </price>
  <rating>
   1.56
  </rating>
  <reviews>
   70846
  </reviews>
  <new>
   -
  </new>
  <sporty>
   no
  </sporty>
 </clothing>
 <clothing>
  <id>
   891315650
  </id>
  <name>
   Brooks Socks S-1987
  </name>
  <category>
   Socks
  </category>
  <size>
   XL
  </size>
  <color>
   Фиолетовый
  </color>
  <material>
   Полиэстер
  </material>
  <price>
   352655
  </price>
  <rating>
   1.36
  </rating>
  <reviews>
   696263
  </reviews>
  <new>
   +
  </new>
  <sporty>
   no
  </sporty>
 </clothing>
 <clothing>
  <id>
   227572900
  </id>
  <name>
   DC Belts S-1745
  </name>
  <category>
   Belts
  </category>
  <size>
   XXL
  </size>
  <color>
   Зеленый
  </color>
  <material>
   Нейлон
  </material>
  <price>
   761931
  </price>
  <rating>
   4.19
  </rating>
  <reviews>
   292984
  </reviews>
  <sporty>
   no
  </sporty>
 </clothing>
</clothing-items>
