<?xml version="1.0" encoding="utf-8"?>
<clothing-items>
 <clothing>
  <id>
   869156884
  </id>
  <name>
   Puma Handbags V-4719
  </name>
  <category>
   Handbags
  </category>
  <size>
   XL
  </size>
  <color>
   Синий
  </color>
  <material>
   Шерсть
  </material>
  <price>
   189724
  </price>
  <rating>
   3.91
  </rating>
  <reviews>
   789246
  </reviews>
  <sporty>
   yes
  </sporty>
 </clothing>
 <clothing>
  <id>
   533738923
  </id>
  <name>
   Nike Skirt A-2544
  </name>
  <category>
   Skirt
  </category>
  <size>
   L
  </size>
  <color>
   Фиолетовый
  </color>
  <material>
   Шерсть
  </material>
  <price>
   802218
  </price>
  <rating>
   2.82
  </rating>
  <reviews>
   130801
  </reviews>
  <new>
   -
  </new>
  <exclusive>
   no
  </exclusive>
 </clothing>
 <clothing>
  <id>
   186015547
  </id>
  <name>
   Converse Belts U-2000
  </name>
  <category>
   Belts
  </category>
  <size>
   S
  </size>
  <color>
   Красный
  </color>
  <material>
   Шелк
  </material>
  <price>
   361617
  </price>
  <rating>
   4.41
  </rating>
  <reviews>
   935767
  </reviews>
 </clothing>
 <clothing>
  <id>
   219257275
  </id>
  <name>
   Fila Socks T-3655
  </name>
  <category>
   Socks
  </category>
  <size>
   XL
  </size>
  <color>
   Желтый
  </color>
  <material>
   Хлопок
  </material>
  <price>
   810089
  </price>
  <rating>
   2.26
  </rating>
  <reviews>
   484130
  </reviews>
  <new>
   -
  </new>
  <exclusive>
   no
  </exclusive>
  <sporty>
   yes
  </sporty>
 </clothing>
 <clothing>
  <id>
   582565057
  </id>
  <name>
   Reebok Dress N-8150
  </name>
  <category>
   Dress
  </category>
  <size>
   L
  </size>
  <color>
   Желтый
  </color>
  <material>
   Шерсть
  </material>
  <price>
   907734
  </price>
  <rating>
   2.43
  </rating>
  <reviews>
   197888
  </reviews>
  <new>
   +
  </new>
 </clothing>
 <clothing>
  <id>
   678352478
  </id>
  <name>
   Puma Dress S-6349
  </name>
  <category>
   Dress
  </category>
  <size>
   S
  </size>
  <color>
   Оранжевый
  </color>
  <material>
   Полиэстер
  </material>
  <price>
   241381
  </price>
  <rating>
   3.77
  </rating>
  <reviews>
   943007
  </reviews>
  <new>
   -
  </new>
  <exclusive>
   yes
  </exclusive>
  <sporty>
   no
  </sporty>
 </clothing>
 <clothing>
  <id>
   162710122
  </id>
  <name>
   Asics Blouse N-7813
  </name>
  <category>
   Blouse
  </category>
  <size>
   XL
  </size>
  <color>
   Фиолетовый
  </color>
  <material>
   Шерсть
  </material>
  <price>
   856041
  </price>
  <rating>
   2.15
  </rating>
  <reviews>
   466918
  </reviews>
  <new>
   +
  </new>
  <sporty>
   yes
  </sporty>
 </clothing>
 <clothing>
  <id>
   622487248
  </id>
  <name>
   PleinSport Jeans A-5204
  </name>
  <category>
   Jeans
  </category>
  <size>
   S
  </size>
  <color>
   Синий
  </color>
  <material>
   Лен
  </material>
  <price>
   597715
  </price>
  <rating>
   4.34
  </rating>
  <reviews>
   30440
  </reviews>
  <exclusive>
   no
  </exclusive>
 </clothing>
 <clothing>
  <id>
   645945986
  </id>
  <name>
   Asics Pants J-3129
  </name>
  <category>
   Pants
  </category>
  <size>
   L
  </size>
  <color>
   Синий
  </color>
  <material>
   Нейлон
  </material>
  <price>
   445766
  </price>
  <rating>
   2.52
  </rating>
  <reviews>
   592535
  </reviews>
  <new>
   +
  </new>
  <exclusive>
   yes
  </exclusive>
  <sporty>
   no
  </sporty>
 </clothing>
 <clothing>
  <id>
   938592157
  </id>
  <name>
   Lacoste Socks B-1408
  </name>
  <category>
   Socks
  </category>
  <size>
   S
  </size>
  <color>
   Фиолетовый
  </color>
  <material>
   Вискоза
  </material>
  <price>
   340636
  </price>
  <rating>
   3.56
  </rating>
  <reviews>
   27560
  </reviews>
  <exclusive>
   no
  </exclusive>
  <sporty>
   no
  </sporty>
 </clothing>
 <clothing>
  <id>
   995340845
  </id>
  <name>
   New Balance Jeans Z-5072
  </name>
  <category>
   Jeans
  </category>
  <size>
   L
  </size>
  <color>
   Желтый
  </color>
  <material>
   Шелк
  </material>
  <price>
   660385
  </price>
  <rating>
   3.42
  </rating>
  <reviews>
   697159
  </reviews>
  <new>
   -
  </new>
  <sporty>
   no
  </sporty>
 </clothing>
 <clothing>
  <id>
   511174010
  </id>
  <name>
   Converse Sweater Z-9054
  </name>
  <category>
   Sweater
  </category>
  <size>
   XXL
  </size>
  <color>
   Фиолетовый
  </color>
  <material>
   Кожа
  </material>
  <price>
   771774
  </price>
  <rating>
   2.79
  </rating>
  <reviews>
   212819
  </reviews>
  <new>
   -
  </new>
  <exclusive>
   yes
  </exclusive>
  <sporty>
   yes
  </sporty>
 </clothing>
 <clothing>
  <id>
   213669617
  </id>
  <name>
   Converse Jeans Z-5370
  </name>
  <category>
   Jeans
  </category>
  <size>
   M
  </size>
  <color>
   Голубой
  </color>
  <material>
   Вискоза
  </material>
  <price>
   275074
  </price>
  <rating>
   3.19
  </rating>
  <reviews>
   17206
  </reviews>
  <new>
   -
  </new>
  <exclusive>
   no
  </exclusive>
  <sporty>
   no
  </sporty>
 </clothing>
 <clothing>
  <id>
   678488160
  </id>
  <name>
   Converse Shoes Y-8252
  </name>
  <category>
   Shoes
  </category>
  <size>
   L
  </size>
  <color>
   Фиолетовый
  </color>
  <material>
   Лен
  </material>
  <price>
   110746
  </price>
  <rating>
   3.38
  </rating>
  <reviews>
   291319
  </reviews>
  <new>
   +
  </new>
  <exclusive>
   yes
  </exclusive>
 </clothing>
 <clothing>
  <id>
   882393427
  </id>
  <name>
   Addidas Dress H-7298
  </name>
  <category>
   Dress
  </category>
  <size>
   L
  </size>
  <color>
   Зеленый
  </color>
  <material>
   Хлопок
  </material>
  <price>
   271620
  </price>
  <rating>
   4.76
  </rating>
  <reviews>
   374884
  </reviews>
  <new>
   -
  </new>
 </clothing>
 <clothing>
  <id>
   208613191
  </id>
  <name>
   New Balance Umbrellas F-1696
  </name>
  <category>
   Umbrellas
  </category>
  <size>
   XXL
  </size>
  <color>
   Красный
  </color>
  <material>
   Шерсть
  </material>
  <price>
   278741
  </price>
  <rating>
   1.9
  </rating>
  <reviews>
   344796
  </reviews>
  <new>
   +
  </new>
  <exclusive>
   no
  </exclusive>
 </clothing>
 <clothing>
  <id>
   488499541
  </id>
  <name>
   Reebok Dress G-6698
  </name>
  <category>
   Dress
  </category>
  <size>
   XXL
  </size>
  <color>
   Красный
  </color>
  <material>
   Вискоза
  </material>
  <price>
   527389
  </price>
  <rating>
   3.1
  </rating>
  <reviews>
   27705
  </reviews>
  <exclusive>
   yes
  </exclusive>
 </clothing>
 <clothing>
  <id>
   274856224
  </id>
  <name>
   Addidas Skirt H-9831
  </name>
  <category>
   Skirt
  </category>
  <size>
   XL
  </size>
  <color>
   Красный
  </color>
  <material>
   Шелк
  </material>
  <price>
   709543
  </price>
  <rating>
   4.02
  </rating>
  <reviews>
   831640
  </reviews>
  <exclusive>
   no
  </exclusive>
  <sporty>
   yes
  </sporty>
 </clothing>
 <clothing>
  <id>
   856523789
  </id>
  <name>
   Asics Shoes X-2887
  </name>
  <category>
   Shoes
  </category>
  <size>
   S
  </size>
  <color>
   Синий
  </color>
  <material>
   Шелк
  </material>
  <price>
   966844
  </price>
  <rating>
   3.49
  </rating>
  <reviews>
   264650
  </reviews>
  <exclusive>
   yes
  </exclusive>
 </clothing>
 <clothing>
  <id>
   592396378
  </id>
  <name>
   Puma Shirt A-1846
  </name>
  <category>
   Shirt
  </category>
  <size>
   XL
  </size>
  <color>
   Зеленый
  </color>
  <material>
   Хлопок
  </material>
  <price>
   141200
  </price>
  <rating>
   4.06
  </rating>
  <reviews>
   148965
  </reviews>
  <new>
   -
  </new>
  <exclusive>
   no
  </exclusive>
 </clothing>
 <clothing>
  <id>
   342216395
  </id>
  <name>
   Ellesse Sweater U-2110
  </name>
  <category>
   Sweater
  </category>
  <size>
   L
  </size>
  <color>
   Желтый
  </color>
  <material>
   Кожа
  </material>
  <price>
   325669
  </price>
  <rating>
   2.59
  </rating>
  <reviews>
   137552
  </reviews>
  <exclusive>
   no
  </exclusive>
  <sporty>
   yes
  </sporty>
 </clothing>
 <clothing>
  <id>
   778283016
  </id>
  <name>
   Lacoste Sweater B-4533
  </name>
  <category>
   Sweater
  </category>
  <size>
   S
  </size>
  <color>
   Зеленый
  </color>
  <material>
   Полиэстер
  </material>
  <price>
   207183
  </price>
  <rating>
   3.52
  </rating>
  <reviews>
   911317
  </reviews>
  <exclusive>
   yes
  </exclusive>
 </clothing>
 <clothing>
  <id>
   294442608
  </id>
  <name>
   Lacoste Gloves E-4379
  </name>
  <category>
   Gloves
  </category>
  <size>
   M
  </size>
  <color>
   Зеленый
  </color>
  <material>
   Лен
  </material>
  <price>
   881175
  </price>
  <rating>
   1.68
  </rating>
  <reviews>
   816516
  </reviews>
  <new>
   +
  </new>
  <exclusive>
   no
  </exclusive>
  <sporty>
   no
  </sporty>
 </clothing>
 <clothing>
  <id>
   341648710
  </id>
  <name>
   New Balance Pants L-7287
  </name>
  <category>
   Pants
  </category>
  <size>
   L
  </size>
  <color>
   Голубой
  </color>
  <material>
   Шелк
  </material>
  <price>
   344541
  </price>
  <rating>
   2.17
  </rating>
  <reviews>
   86913
  </reviews>
  <new>
   -
  </new>
  <exclusive>
   yes
  </exclusive>
 </clothing>
 <clothing>
  <id>
   836207997
  </id>
  <name>
   Ellesse Belts P-6502
  </name>
  <category>
   Belts
  </category>
  <size>
   M
  </size>
  <color>
   Оранжевый
  </color>
  <material>
   Хлопок
  </material>
  <price>
   542823
  </price>
  <rating>
   4.57
  </rating>
  <reviews>
   992976
  </reviews>
  <exclusive>
   yes
  </exclusive>
  <sporty>
   no
  </sporty>
 </clothing>
 <clothing>
  <id>
   657690340
  </id>
  <name>
   PleinSport Blouse G-2226
  </name>
  <category>
   Blouse
  </category>
  <size>
   XL
  </size>
  <color>
   Фиолетовый
  </color>
  <material>
   Полиэстер
  </material>
  <price>
   994322
  </price>
  <rating>
   3.68
  </rating>
  <reviews>
   687493
  </reviews>
  <new>
   -
  </new>
  <exclusive>
   no
  </exclusive>
  <sporty>
   no
  </sporty>
 </clothing>
 <clothing>
  <id>
   515099944
  </id>
  <name>
   Brooks Socks G-4774
  </name>
  <category>
   Socks
  </category>
  <size>
   XL
  </size>
  <color>
   Голубой
  </color>
  <material>
   Хлопок
  </material>
  <price>
   570963
  </price>
  <rating>
   4.11
  </rating>
  <reviews>
   943777
  </reviews>
  <exclusive>
   no
  </exclusive>
  <sporty>
   no
  </sporty>
 </clothing>
 <clothing>
  <id>
   521186784
  </id>
  <name>
   PleinSport Socks G-5000
  </name>
  <category>
   Socks
  </category>
  <size>
   XL
  </size>
  <color>
   Фиолетовый
  </color>
  <material>
   Шелк
  </material>
  <price>
   627617
  </price>
  <rating>
   1.47
  </rating>
  <reviews>
   185783
  </reviews>
  <new>
   +
  </new>
  <exclusive>
   no
  </exclusive>
  <sporty>
   no
  </sporty>
 </clothing>
 <clothing>
  <id>
   791163872
  </id>
  <name>
   Fila Umbrellas K-5051
  </name>
  <category>
   Umbrellas
  </category>
  <size>
   L
  </size>
  <color>
   Зеленый
  </color>
  <material>
   Полиэстер
  </material>
  <price>
   392233
  </price>
  <rating>
   2.55
  </rating>
  <reviews>
   897610
  </reviews>
  <new>
   +
  </new>
  <exclusive>
   no
  </exclusive>
  <sporty>
   no
  </sporty>
 </clothing>
 <clothing>
  <id>
   563388738
  </id>
  <name>
   Addidas Pants L-4839
  </name>
  <category>
   Pants
  </category>
  <size>
   M
  </size>
  <color>
   Зеленый
  </color>
  <material>
   Лен
  </material>
  <price>
   520051
  </price>
  <rating>
   2.67
  </rating>
  <reviews>
   350785
  </reviews>
  <new>
   +
  </new>
  <exclusive>
   no
  </exclusive>
 </clothing>
 <clothing>
  <id>
   738494814
  </id>
  <name>
   Converse Pants J-1819
  </name>
  <category>
   Pants
  </category>
  <size>
   XL
  </size>
  <color>
   Синий
  </color>
  <material>
   Хлопок
  </material>
  <price>
   953934
  </price>
  <rating>
   4.1
  </rating>
  <reviews>
   255483
  </reviews>
  <new>
   +
  </new>
  <exclusive>
   no
  </exclusive>
  <sporty>
   no
  </sporty>
 </clothing>
 <clothing>
  <id>
   780523205
  </id>
  <name>
   Asics Umbrellas D-2017
  </name>
  <category>
   Umbrellas
  </category>
  <size>
   XXL
  </size>
  <color>
   Фиолетовый
  </color>
  <material>
   Шелк
  </material>
  <price>
   465971
  </price>
  <rating>
   2.08
  </rating>
  <reviews>
   379836
  </reviews>
  <exclusive>
   no
  </exclusive>
  <sporty>
   yes
  </sporty>
 </clothing>
 <clothing>
  <id>
   368514055
  </id>
  <name>
   Puma Hat B-5139
  </name>
  <category>
   Hat
  </category>
  <size>
   L
  </size>
  <color>
   Желтый
  </color>
  <material>
   Полиэстер
  </material>
  <price>
   382180
  </price>
  <rating>
   1.25
  </rating>
  <reviews>
   245337
  </reviews>
  <new>
   -
  </new>
  <sporty>
   no
  </sporty>
 </clothing>
 <clothing>
  <id>
   841136344
  </id>
  <name>
   DC Blouse K-7539
  </name>
  <category>
   Blouse
  </category>
  <size>
   M
  </size>
  <color>
   Синий
  </color>
  <material>
   Хлопок
  </material>
  <price>
   723387
  </price>
  <rating>
   3.41
  </rating>
  <reviews>
   400781
  </reviews>
  <new>
   -
  </new>
  <exclusive>
   no
  </exclusive>
  <sporty>
   no
  </sporty>
 </clothing>
 <clothing>
  <id>
   897771583
  </id>
  <name>
   Lacoste Jeans C-7336
  </name>
  <category>
   Jeans
  </category>
  <size>
   M
  </size>
  <color>
   Красный
  </color>
  <material>
   Шелк
  </material>
  <price>
   256752
  </price>
  <rating>
   1.48
  </rating>
  <reviews>
   144813
  </reviews>
  <new>
   +
  </new>
  <exclusive>
   no
  </exclusive>
 </clothing>
 <clothing>
  <id>
   161367346
  </id>
  <name>
   Fila Skirt L-1445
  </name>
  <category>
   Skirt
  </category>
  <size>
   XL
  </size>
  <color>
   Красный
  </color>
  <material>
   Вискоза
  </material>
  <price>
   298312
  </price>
  <rating>
   1.04
  </rating>
  <reviews>
   693600
  </reviews>
  <new>
   -
  </new>
  <sporty>
   yes
  </sporty>
 </clothing>
 <clothing>
  <id>
   655666870
  </id>
  <name>
   Converse T-shirt O-2209
  </name>
  <category>
   T-shirt
  </category>
  <size>
   XL
  </size>
  <color>
   Оранжевый
  </color>
  <material>
   Шелк
  </material>
  <price>
   546627
  </price>
  <rating>
   4.38
  </rating>
  <reviews>
   832539
  </reviews>
  <sporty>
   no
  </sporty>
 </clothing>
 <clothing>
  <id>
   840298967
  </id>
  <name>
   PleinSport Belts V-8239
  </name>
  <category>
   Belts
  </category>
  <size>
   XL
  </size>
  <color>
   Зеленый
  </color>
  <material>
   Вискоза
  </material>
  <price>
   797499
  </price>
  <rating>
   1.71
  </rating>
  <reviews>
   63332
  </reviews>
  <exclusive>
   no
  </exclusive>
 </clothing>
 <clothing>
  <id>
   816817677
  </id>
  <name>
   Addidas Skirt Z-5271
  </name>
  <category>
   Skirt
  </category>
  <size>
   M
  </size>
  <color>
   Оранжевый
  </color>
  <material>
   Вискоза
  </material>
  <price>
   587729
  </price>
  <rating>
   3.22
  </rating>
  <reviews>
   570928
  </reviews>
  <exclusive>
   yes
  </exclusive>
  <sporty>
   yes
  </sporty>
 </clothing>
 <clothing>
  <id>
   731585155
  </id>
  <name>
   Lacoste Jeans I-9351
  </name>
  <category>
   Jeans
  </category>
  <size>
   M
  </size>
  <color>
   Желтый
  </color>
  <material>
   Шелк
  </material>
  <price>
   505203
  </price>
  <rating>
   4.12
  </rating>
  <reviews>
   68723
  </reviews>
  <exclusive>
   no
  </exclusive>
  <sporty>
   no
  </sporty>
 </clothing>
 <clothing>
  <id>
   571299214
  </id>
  <name>
   Nike Pants R-2372
  </name>
  <category>
   Pants
  </category>
  <size>
   XXL
  </size>
  <color>
   Синий
  </color>
  <material>
   Лен
  </material>
  <price>
   672348
  </price>
  <rating>
   3.91
  </rating>
  <reviews>
   935647
  </reviews>
  <new>
   -
  </new>
  <sporty>
   no
  </sporty>
 </clothing>
 <clothing>
  <id>
   706640403
  </id>
  <name>
   Adidas Skirt U-1192
  </name>
  <category>
   Skirt
  </category>
  <size>
   L
  </size>
  <color>
   Голубой
  </color>
  <material>
   Лен
  </material>
  <price>
   439020
  </price>
  <rating>
   3.15
  </rating>
  <reviews>
   255444
  </reviews>
  <new>
   -
  </new>
  <sporty>
   no
  </sporty>
 </clothing>
 <clothing>
  <id>
   724086719
  </id>
  <name>
   New Balance Shirt A-2583
  </name>
  <category>
   Shirt
  </category>
  <size>
   XXL
  </size>
  <color>
   Зеленый
  </color>
  <material>
   Хлопок
  </material>
  <price>
   691890
  </price>
  <rating>
   1.57
  </rating>
  <reviews>
   40717
  </reviews>
  <new>
   +
  </new>
  <exclusive>
   no
  </exclusive>
 </clothing>
 <clothing>
  <id>
   387515361
  </id>
  <name>
   PleinSport Jacket T-2318
  </name>
  <category>
   Jacket
  </category>
  <size>
   S
  </size>
  <color>
   Красный
  </color>
  <material>
   Кожа
  </material>
  <price>
   623573
  </price>
  <rating>
   3.98
  </rating>
  <reviews>
   926509
  </reviews>
  <new>
   -
  </new>
  <exclusive>
   no
  </exclusive>
  <sporty>
   no
  </sporty>
 </clothing>
</clothing-items>
