<?xml version="1.0" encoding="utf-8"?>
<clothing-items>
 <clothing>
  <id>
   630111711
  </id>
  <name>
   Brooks Socks H-8691
  </name>
  <category>
   Socks
  </category>
  <size>
   L
  </size>
  <color>
   Оранжевый
  </color>
  <material>
   Лен
  </material>
  <price>
   210297
  </price>
  <rating>
   1.45
  </rating>
  <reviews>
   49393
  </reviews>
  <exclusive>
   yes
  </exclusive>
 </clothing>
 <clothing>
  <id>
   938017407
  </id>
  <name>
   Vans Hat S-9758
  </name>
  <category>
   Hat
  </category>
  <size>
   L
  </size>
  <color>
   Голубой
  </color>
  <material>
   Кожа
  </material>
  <price>
   839626
  </price>
  <rating>
   3.64
  </rating>
  <reviews>
   320892
  </reviews>
 </clothing>
 <clothing>
  <id>
   951391406
  </id>
  <name>
   New Balance Shirt J-7821
  </name>
  <category>
   Shirt
  </category>
  <size>
   L
  </size>
  <color>
   Оранжевый
  </color>
  <material>
   Нейлон
  </material>
  <price>
   835303
  </price>
  <rating>
   3.82
  </rating>
  <reviews>
   532861
  </reviews>
  <new>
   +
  </new>
  <exclusive>
   no
  </exclusive>
 </clothing>
 <clothing>
  <id>
   260455998
  </id>
  <name>
   Under Armour Handbags J-9438
  </name>
  <category>
   Handbags
  </category>
  <size>
   L
  </size>
  <color>
   Голубой
  </color>
  <material>
   Вискоза
  </material>
  <price>
   689467
  </price>
  <rating>
   1.71
  </rating>
  <reviews>
   396854
  </reviews>
 </clothing>
 <clothing>
  <id>
   835859903
  </id>
  <name>
   Nike Belts N-6047
  </name>
  <category>
   Belts
  </category>
  <size>
   L
  </size>
  <color>
   Красный
  </color>
  <material>
   Хлопок
  </material>
  <price>
   193033
  </price>
  <rating>
   2.07
  </rating>
  <reviews>
   492290
  </reviews>
  <new>
   -
  </new>
  <exclusive>
   no
  </exclusive>
  <sporty>
   yes
  </sporty>
 </clothing>
 <clothing>
  <id>
   957878263
  </id>
  <name>
   DC Hat U-4835
  </name>
  <category>
   Hat
  </category>
  <size>
   S
  </size>
  <color>
   Синий
  </color>
  <material>
   Полиэстер
  </material>
  <price>
   112181
  </price>
  <rating>
   1.63
  </rating>
  <reviews>
   235552
  </reviews>
  <exclusive>
   no
  </exclusive>
 </clothing>
 <clothing>
  <id>
   317655433
  </id>
  <name>
   Vans Hat B-4705
  </name>
  <category>
   Hat
  </category>
  <size>
   M
  </size>
  <color>
   Желтый
  </color>
  <material>
   Вискоза
  </material>
  <price>
   534562
  </price>
  <rating>
   2.46
  </rating>
  <reviews>
   849032
  </reviews>
  <new>
   -
  </new>
  <exclusive>
   yes
  </exclusive>
  <sporty>
   yes
  </sporty>
 </clothing>
 <clothing>
  <id>
   252756383
  </id>
  <name>
   Vans Shirt X-7170
  </name>
  <category>
   Shirt
  </category>
  <size>
   L
  </size>
  <color>
   Оранжевый
  </color>
  <material>
   Полиэстер
  </material>
  <price>
   221381
  </price>
  <rating>
   4.91
  </rating>
  <reviews>
   693881
  </reviews>
  <exclusive>
   no
  </exclusive>
 </clothing>
 <clothing>
  <id>
   507898814
  </id>
  <name>
   DC T-shirt L-1898
  </name>
  <category>
   T-shirt
  </category>
  <size>
   S
  </size>
  <color>
   Голубой
  </color>
  <material>
   Кожа
  </material>
  <price>
   656638
  </price>
  <rating>
   3.19
  </rating>
  <reviews>
   644264
  </reviews>
  <new>
   -
  </new>
  <sporty>
   no
  </sporty>
 </clothing>
 <clothing>
  <id>
   786004311
  </id>
  <name>
   Nike Umbrellas R-2278
  </name>
  <category>
   Umbrellas
  </category>
  <size>
   XL
  </size>
  <color>
   Зеленый
  </color>
  <material>
   Лен
  </material>
  <price>
   541638
  </price>
  <rating>
   2.99
  </rating>
  <reviews>
   59990
  </reviews>
  <exclusive>
   yes
  </exclusive>
  <sporty>
   yes
  </sporty>
 </clothing>
 <clothing>
  <id>
   710543183
  </id>
  <name>
   Vans Sweater J-3350
  </name>
  <category>
   Sweater
  </category>
  <size>
   L
  </size>
  <color>
   Голубой
  </color>
  <material>
   Шелк
  </material>
  <price>
   174669
  </price>
  <rating>
   1.72
  </rating>
  <reviews>
   115544
  </reviews>
  <new>
   +
  </new>
  <exclusive>
   no
  </exclusive>
  <sporty>
   yes
  </sporty>
 </clothing>
 <clothing>
  <id>
   917520771
  </id>
  <name>
   New Balance Socks C-2299
  </name>
  <category>
   Socks
  </category>
  <size>
   XXL
  </size>
  <color>
   Оранжевый
  </color>
  <material>
   Кожа
  </material>
  <price>
   615690
  </price>
  <rating>
   1.42
  </rating>
  <reviews>
   576025
  </reviews>
  <new>
   +
  </new>
  <exclusive>
   no
  </exclusive>
 </clothing>
 <clothing>
  <id>
   235868897
  </id>
  <name>
   PleinSport Skirt O-8203
  </name>
  <category>
   Skirt
  </category>
  <size>
   XXL
  </size>
  <color>
   Синий
  </color>
  <material>
   Полиэстер
  </material>
  <price>
   374537
  </price>
  <rating>
   4.32
  </rating>
  <reviews>
   297677
  </reviews>
  <new>
   -
  </new>
 </clothing>
 <clothing>
  <id>
   116599890
  </id>
  <name>
   Nike Skirt P-6647
  </name>
  <category>
   Skirt
  </category>
  <size>
   XXL
  </size>
  <color>
   Фиолетовый
  </color>
  <material>
   Кожа
  </material>
  <price>
   337747
  </price>
  <rating>
   2.12
  </rating>
  <reviews>
   136604
  </reviews>
  <new>
   -
  </new>
  <exclusive>
   yes
  </exclusive>
  <sporty>
   no
  </sporty>
 </clothing>
 <clothing>
  <id>
   681722169
  </id>
  <name>
   Fila Hat K-3095
  </name>
  <category>
   Hat
  </category>
  <size>
   XXL
  </size>
  <color>
   Зеленый
  </color>
  <material>
   Шелк
  </material>
  <price>
   406298
  </price>
  <rating>
   2.08
  </rating>
  <reviews>
   214620
  </reviews>
  <new>
   -
  </new>
  <sporty>
   yes
  </sporty>
 </clothing>
 <clothing>
  <id>
   754768159
  </id>
  <name>
   Converse Hat E-8708
  </name>
  <category>
   Hat
  </category>
  <size>
   XL
  </size>
  <color>
   Зеленый
  </color>
  <material>
   Хлопок
  </material>
  <price>
   634816
  </price>
  <rating>
   2.59
  </rating>
  <reviews>
   186659
  </reviews>
  <new>
   -
  </new>
 </clothing>
 <clothing>
  <id>
   712202725
  </id>
  <name>
   Asics Shoes N-9950
  </name>
  <category>
   Shoes
  </category>
  <size>
   M
  </size>
  <color>
   Зеленый
  </color>
  <material>
   Вискоза
  </material>
  <price>
   571490
  </price>
  <rating>
   3.3
  </rating>
  <reviews>
   388172
  </reviews>
 </clothing>
 <clothing>
  <id>
   300218855
  </id>
  <name>
   Ellesse Gloves N-3994
  </name>
  <category>
   Gloves
  </category>
  <size>
   M
  </size>
  <color>
   Фиолетовый
  </color>
  <material>
   Шелк
  </material>
  <price>
   209238
  </price>
  <rating>
   3.64
  </rating>
  <reviews>
   834001
  </reviews>
  <exclusive>
   yes
  </exclusive>
  <sporty>
   yes
  </sporty>
 </clothing>
 <clothing>
  <id>
   961925550
  </id>
  <name>
   Asics Belts A-8733
  </name>
  <category>
   Belts
  </category>
  <size>
   XL
  </size>
  <color>
   Красный
  </color>
  <material>
   Кожа
  </material>
  <price>
   927098
  </price>
  <rating>
   1.8
  </rating>
  <reviews>
   836077
  </reviews>
  <new>
   +
  </new>
  <exclusive>
   no
  </exclusive>
 </clothing>
 <clothing>
  <id>
   342511748
  </id>
  <name>
   Adidas Hat O-4462
  </name>
  <category>
   Hat
  </category>
  <size>
   S
  </size>
  <color>
   Голубой
  </color>
  <material>
   Нейлон
  </material>
  <price>
   821690
  </price>
  <rating>
   3.66
  </rating>
  <reviews>
   911420
  </reviews>
  <sporty>
   no
  </sporty>
 </clothing>
 <clothing>
  <id>
   601604716
  </id>
  <name>
   Adidas Gloves F-2420
  </name>
  <category>
   Gloves
  </category>
  <size>
   XL
  </size>
  <color>
   Фиолетовый
  </color>
  <material>
   Лен
  </material>
  <price>
   329572
  </price>
  <rating>
   4.58
  </rating>
  <reviews>
   189659
  </reviews>
  <exclusive>
   no
  </exclusive>
  <sporty>
   yes
  </sporty>
 </clothing>
 <clothing>
  <id>
   277194179
  </id>
  <name>
   Ellesse Jeans V-1716
  </name>
  <category>
   Jeans
  </category>
  <size>
   L
  </size>
  <color>
   Желтый
  </color>
  <material>
   Шелк
  </material>
  <price>
   223625
  </price>
  <rating>
   1.9
  </rating>
  <reviews>
   338491
  </reviews>
  <new>
   +
  </new>
 </clothing>
 <clothing>
  <id>
   839402656
  </id>
  <name>
   Under Armour Gloves Y-5387
  </name>
  <category>
   Gloves
  </category>
  <size>
   S
  </size>
  <color>
   Голубой
  </color>
  <material>
   Полиэстер
  </material>
  <price>
   916757
  </price>
  <rating>
   4.48
  </rating>
  <reviews>
   469591
  </reviews>
  <new>
   +
  </new>
 </clothing>
 <clothing>
  <id>
   256951003
  </id>
  <name>
   Ellesse Shirt V-4402
  </name>
  <category>
   Shirt
  </category>
  <size>
   L
  </size>
  <color>
   Оранжевый
  </color>
  <material>
   Хлопок
  </material>
  <price>
   762782
  </price>
  <rating>
   4.01
  </rating>
  <reviews>
   760733
  </reviews>
  <new>
   -
  </new>
  <sporty>
   yes
  </sporty>
 </clothing>
 <clothing>
  <id>
   715295693
  </id>
  <name>
   Puma Jacket Y-5242
  </name>
  <category>
   Jacket
  </category>
  <size>
   M
  </size>
  <color>
   Желтый
  </color>
  <material>
   Вискоза
  </material>
  <price>
   829092
  </price>
  <rating>
   4.62
  </rating>
  <reviews>
   268935
  </reviews>
  <new>
   -
  </new>
  <exclusive>
   yes
  </exclusive>
  <sporty>
   yes
  </sporty>
 </clothing>
 <clothing>
  <id>
   319359407
  </id>
  <name>
   New Balance Pants K-6177
  </name>
  <category>
   Pants
  </category>
  <size>
   L
  </size>
  <color>
   Голубой
  </color>
  <material>
   Вискоза
  </material>
  <price>
   491682
  </price>
  <rating>
   4.94
  </rating>
  <reviews>
   130028
  </reviews>
  <new>
   +
  </new>
  <exclusive>
   no
  </exclusive>
  <sporty>
   no
  </sporty>
 </clothing>
 <clothing>
  <id>
   365134291
  </id>
  <name>
   DC Dress Q-7052
  </name>
  <category>
   Dress
  </category>
  <size>
   XXL
  </size>
  <color>
   Оранжевый
  </color>
  <material>
   Вискоза
  </material>
  <price>
   714163
  </price>
  <rating>
   1.44
  </rating>
  <reviews>
   826921
  </reviews>
  <new>
   +
  </new>
  <sporty>
   no
  </sporty>
 </clothing>
 <clothing>
  <id>
   125176441
  </id>
  <name>
   PleinSport Belts Z-6326
  </name>
  <category>
   Belts
  </category>
  <size>
   M
  </size>
  <color>
   Синий
  </color>
  <material>
   Шерсть
  </material>
  <price>
   422586
  </price>
  <rating>
   1.5
  </rating>
  <reviews>
   514071
  </reviews>
  <new>
   -
  </new>
  <exclusive>
   no
  </exclusive>
  <sporty>
   no
  </sporty>
 </clothing>
 <clothing>
  <id>
   218639036
  </id>
  <name>
   Under Armour Belts X-3940
  </name>
  <category>
   Belts
  </category>
  <size>
   S
  </size>
  <color>
   Голубой
  </color>
  <material>
   Шелк
  </material>
  <price>
   308322
  </price>
  <rating>
   2.55
  </rating>
  <reviews>
   996620
  </reviews>
  <new>
   -
  </new>
  <exclusive>
   no
  </exclusive>
 </clothing>
 <clothing>
  <id>
   153713234
  </id>
  <name>
   PleinSport T-shirt X-4612
  </name>
  <category>
   T-shirt
  </category>
  <size>
   M
  </size>
  <color>
   Фиолетовый
  </color>
  <material>
   Полиэстер
  </material>
  <price>
   646133
  </price>
  <rating>
   3.69
  </rating>
  <reviews>
   19878
  </reviews>
  <new>
   -
  </new>
  <exclusive>
   no
  </exclusive>
 </clothing>
</clothing-items>
