<?xml version="1.0" encoding="utf-8"?>
<clothing-items>
 <clothing>
  <id>
   978554600
  </id>
  <name>
   Reebok Handbags R-6974
  </name>
  <category>
   Handbags
  </category>
  <size>
   L
  </size>
  <color>
   Синий
  </color>
  <material>
   Шерсть
  </material>
  <price>
   737741
  </price>
  <rating>
   3.07
  </rating>
  <reviews>
   902369
  </reviews>
  <new>
   -
  </new>
  <exclusive>
   yes
  </exclusive>
  <sporty>
   no
  </sporty>
 </clothing>
 <clothing>
  <id>
   759471505
  </id>
  <name>
   Asics Shirt F-5874
  </name>
  <category>
   Shirt
  </category>
  <size>
   S
  </size>
  <color>
   Зеленый
  </color>
  <material>
   Вискоза
  </material>
  <price>
   482943
  </price>
  <rating>
   2.72
  </rating>
  <reviews>
   965749
  </reviews>
  <new>
   -
  </new>
  <sporty>
   yes
  </sporty>
 </clothing>
 <clothing>
  <id>
   816043721
  </id>
  <name>
   New Balance Gloves K-8431
  </name>
  <category>
   Gloves
  </category>
  <size>
   L
  </size>
  <color>
   Оранжевый
  </color>
  <material>
   Шелк
  </material>
  <price>
   209883
  </price>
  <rating>
   2.64
  </rating>
  <reviews>
   161837
  </reviews>
  <new>
   -
  </new>
 </clothing>
 <clothing>
  <id>
   451333321
  </id>
  <name>
   Addidas Shirt L-2137
  </name>
  <category>
   Shirt
  </category>
  <size>
   M
  </size>
  <color>
   Фиолетовый
  </color>
  <material>
   Кожа
  </material>
  <price>
   720478
  </price>
  <rating>
   2.38
  </rating>
  <reviews>
   105606
  </reviews>
 </clothing>
 <clothing>
  <id>
   544389252
  </id>
  <name>
   Converse Umbrellas K-7825
  </name>
  <category>
   Umbrellas
  </category>
  <size>
   M
  </size>
  <color>
   Желтый
  </color>
  <material>
   Хлопок
  </material>
  <price>
   457550
  </price>
  <rating>
   2.15
  </rating>
  <reviews>
   159617
  </reviews>
  <new>
   -
  </new>
  <exclusive>
   yes
  </exclusive>
  <sporty>
   yes
  </sporty>
 </clothing>
 <clothing>
  <id>
   902693437
  </id>
  <name>
   Brooks Belts S-9076
  </name>
  <category>
   Belts
  </category>
  <size>
   M
  </size>
  <color>
   Синий
  </color>
  <material>
   Шерсть
  </material>
  <price>
   284290
  </price>
  <rating>
   3.57
  </rating>
  <reviews>
   742742
  </reviews>
  <new>
   +
  </new>
  <exclusive>
   yes
  </exclusive>
 </clothing>
 <clothing>
  <id>
   620876383
  </id>
  <name>
   Ellesse Handbags J-1589
  </name>
  <category>
   Handbags
  </category>
  <size>
   M
  </size>
  <color>
   Голубой
  </color>
  <material>
   Нейлон
  </material>
  <price>
   987700
  </price>
  <rating>
   3.56
  </rating>
  <reviews>
   82842
  </reviews>
 </clothing>
 <clothing>
  <id>
   715767417
  </id>
  <name>
   Lacoste Belts Q-6217
  </name>
  <category>
   Belts
  </category>
  <size>
   M
  </size>
  <color>
   Зеленый
  </color>
  <material>
   Хлопок
  </material>
  <price>
   139149
  </price>
  <rating>
   1.16
  </rating>
  <reviews>
   964871
  </reviews>
  <new>
   -
  </new>
 </clothing>
 <clothing>
  <id>
   575109299
  </id>
  <name>
   New Balance Jacket W-5856
  </name>
  <category>
   Jacket
  </category>
  <size>
   XXL
  </size>
  <color>
   Голубой
  </color>
  <material>
   Вискоза
  </material>
  <price>
   773103
  </price>
  <rating>
   3.82
  </rating>
  <reviews>
   179078
  </reviews>
  <new>
   -
  </new>
 </clothing>
 <clothing>
  <id>
   559644184
  </id>
  <name>
   Under Armour Gloves X-7278
  </name>
  <category>
   Gloves
  </category>
  <size>
   XL
  </size>
  <color>
   Желтый
  </color>
  <material>
   Лен
  </material>
  <price>
   237083
  </price>
  <rating>
   2.44
  </rating>
  <reviews>
   639372
  </reviews>
  <new>
   -
  </new>
 </clothing>
 <clothing>
  <id>
   571564934
  </id>
  <name>
   Vans T-shirt Z-3005
  </name>
  <category>
   T-shirt
  </category>
  <size>
   L
  </size>
  <color>
   Оранжевый
  </color>
  <material>
   Хлопок
  </material>
  <price>
   544289
  </price>
  <rating>
   4.27
  </rating>
  <reviews>
   867103
  </reviews>
  <new>
   -
  </new>
  <sporty>
   yes
  </sporty>
 </clothing>
 <clothing>
  <id>
   932769000
  </id>
  <name>
   New Balance T-shirt K-3617
  </name>
  <category>
   T-shirt
  </category>
  <size>
   L
  </size>
  <color>
   Красный
  </color>
  <material>
   Шелк
  </material>
  <price>
   154975
  </price>
  <rating>
   2.32
  </rating>
  <reviews>
   225926
  </reviews>
  <new>
   +
  </new>
 </clothing>
 <clothing>
  <id>
   559057858
  </id>
  <name>
   Vans Blouse U-6455
  </name>
  <category>
   Blouse
  </category>
  <size>
   XXL
  </size>
  <color>
   Голубой
  </color>
  <material>
   Полиэстер
  </material>
  <price>
   430336
  </price>
  <rating>
   4.35
  </rating>
  <reviews>
   488800
  </reviews>
  <new>
   -
  </new>
  <exclusive>
   yes
  </exclusive>
  <sporty>
   no
  </sporty>
 </clothing>
 <clothing>
  <id>
   294085851
  </id>
  <name>
   Asics Belts V-4662
  </name>
  <category>
   Belts
  </category>
  <size>
   XXL
  </size>
  <color>
   Желтый
  </color>
  <material>
   Полиэстер
  </material>
  <price>
   987152
  </price>
  <rating>
   1.63
  </rating>
  <reviews>
   489749
  </reviews>
 </clothing>
 <clothing>
  <id>
   260003386
  </id>
  <name>
   Brooks Dress E-7602
  </name>
  <category>
   Dress
  </category>
  <size>
   XL
  </size>
  <color>
   Синий
  </color>
  <material>
   Хлопок
  </material>
  <price>
   221914
  </price>
  <rating>
   2.36
  </rating>
  <reviews>
   886066
  </reviews>
  <new>
   +
  </new>
  <exclusive>
   no
  </exclusive>
 </clothing>
 <clothing>
  <id>
   244115498
  </id>
  <name>
   New Balance Umbrellas H-2643
  </name>
  <category>
   Umbrellas
  </category>
  <size>
   XL
  </size>
  <color>
   Зеленый
  </color>
  <material>
   Вискоза
  </material>
  <price>
   332449
  </price>
  <rating>
   1.97
  </rating>
  <reviews>
   539163
  </reviews>
  <exclusive>
   no
  </exclusive>
  <sporty>
   yes
  </sporty>
 </clothing>
 <clothing>
  <id>
   854411613
  </id>
  <name>
   Converse Socks O-1461
  </name>
  <category>
   Socks
  </category>
  <size>
   M
  </size>
  <color>
   Желтый
  </color>
  <material>
   Хлопок
  </material>
  <price>
   666086
  </price>
  <rating>
   4.39
  </rating>
  <reviews>
   332617
  </reviews>
  <sporty>
   no
  </sporty>
 </clothing>
 <clothing>
  <id>
   530064586
  </id>
  <name>
   Brooks Sweater A-1381
  </name>
  <category>
   Sweater
  </category>
  <size>
   XXL
  </size>
  <color>
   Фиолетовый
  </color>
  <material>
   Нейлон
  </material>
  <price>
   542489
  </price>
  <rating>
   1.22
  </rating>
  <reviews>
   432662
  </reviews>
  <new>
   +
  </new>
  <exclusive>
   no
  </exclusive>
 </clothing>
 <clothing>
  <id>
   575654113
  </id>
  <name>
   Brooks Blouse P-2571
  </name>
  <category>
   Blouse
  </category>
  <size>
   M
  </size>
  <color>
   Зеленый
  </color>
  <material>
   Лен
  </material>
  <price>
   733543
  </price>
  <rating>
   4.39
  </rating>
  <reviews>
   447983
  </reviews>
  <exclusive>
   no
  </exclusive>
  <sporty>
   yes
  </sporty>
 </clothing>
 <clothing>
  <id>
   324931937
  </id>
  <name>
   Converse Umbrellas D-1867
  </name>
  <category>
   Umbrellas
  </category>
  <size>
   S
  </size>
  <color>
   Синий
  </color>
  <material>
   Вискоза
  </material>
  <price>
   729568
  </price>
  <rating>
   3.43
  </rating>
  <reviews>
   868853
  </reviews>
  <exclusive>
   no
  </exclusive>
  <sporty>
   no
  </sporty>
 </clothing>
 <clothing>
  <id>
   668379419
  </id>
  <name>
   Adidas Shirt P-4419
  </name>
  <category>
   Shirt
  </category>
  <size>
   S
  </size>
  <color>
   Оранжевый
  </color>
  <material>
   Шелк
  </material>
  <price>
   791290
  </price>
  <rating>
   3.52
  </rating>
  <reviews>
   938124
  </reviews>
  <exclusive>
   no
  </exclusive>
  <sporty>
   no
  </sporty>
 </clothing>
 <clothing>
  <id>
   421818836
  </id>
  <name>
   Ellesse Socks M-1390
  </name>
  <category>
   Socks
  </category>
  <size>
   S
  </size>
  <color>
   Оранжевый
  </color>
  <material>
   Полиэстер
  </material>
  <price>
   314230
  </price>
  <rating>
   3.85
  </rating>
  <reviews>
   109701
  </reviews>
  <new>
   -
  </new>
  <exclusive>
   yes
  </exclusive>
  <sporty>
   no
  </sporty>
 </clothing>
 <clothing>
  <id>
   887023229
  </id>
  <name>
   New Balance T-shirt L-7358
  </name>
  <category>
   T-shirt
  </category>
  <size>
   S
  </size>
  <color>
   Голубой
  </color>
  <material>
   Хлопок
  </material>
  <price>
   718463
  </price>
  <rating>
   3.27
  </rating>
  <reviews>
   903453
  </reviews>
  <new>
   +
  </new>
  <exclusive>
   no
  </exclusive>
  <sporty>
   no
  </sporty>
 </clothing>
 <clothing>
  <id>
   675492744
  </id>
  <name>
   Addidas Jeans U-9387
  </name>
  <category>
   Jeans
  </category>
  <size>
   S
  </size>
  <color>
   Синий
  </color>
  <material>
   Нейлон
  </material>
  <price>
   388193
  </price>
  <rating>
   4.68
  </rating>
  <reviews>
   467211
  </reviews>
  <new>
   -
  </new>
  <exclusive>
   no
  </exclusive>
  <sporty>
   yes
  </sporty>
 </clothing>
 <clothing>
  <id>
   494820740
  </id>
  <name>
   Fila Hat L-9426
  </name>
  <category>
   Hat
  </category>
  <size>
   S
  </size>
  <color>
   Фиолетовый
  </color>
  <material>
   Шелк
  </material>
  <price>
   140709
  </price>
  <rating>
   4.22
  </rating>
  <reviews>
   899386
  </reviews>
  <new>
   +
  </new>
  <exclusive>
   yes
  </exclusive>
 </clothing>
 <clothing>
  <id>
   441293288
  </id>
  <name>
   DC Hat K-4984
  </name>
  <category>
   Hat
  </category>
  <size>
   S
  </size>
  <color>
   Зеленый
  </color>
  <material>
   Вискоза
  </material>
  <price>
   515618
  </price>
  <rating>
   3.96
  </rating>
  <reviews>
   659715
  </reviews>
  <new>
   -
  </new>
  <sporty>
   no
  </sporty>
 </clothing>
 <clothing>
  <id>
   656411905
  </id>
  <name>
   Vans Blouse S-3013
  </name>
  <category>
   Blouse
  </category>
  <size>
   XL
  </size>
  <color>
   Зеленый
  </color>
  <material>
   Шелк
  </material>
  <price>
   701054
  </price>
  <rating>
   4.58
  </rating>
  <reviews>
   412599
  </reviews>
  <new>
   +
  </new>
  <sporty>
   no
  </sporty>
 </clothing>
 <clothing>
  <id>
   236665527
  </id>
  <name>
   Reebok Socks W-4010
  </name>
  <category>
   Socks
  </category>
  <size>
   XL
  </size>
  <color>
   Синий
  </color>
  <material>
   Лен
  </material>
  <price>
   903706
  </price>
  <rating>
   4.89
  </rating>
  <reviews>
   323053
  </reviews>
  <new>
   -
  </new>
 </clothing>
 <clothing>
  <id>
   962036055
  </id>
  <name>
   Reebok Shoes J-3345
  </name>
  <category>
   Shoes
  </category>
  <size>
   M
  </size>
  <color>
   Оранжевый
  </color>
  <material>
   Нейлон
  </material>
  <price>
   437842
  </price>
  <rating>
   1.82
  </rating>
  <reviews>
   410989
  </reviews>
 </clothing>
 <clothing>
  <id>
   686911282
  </id>
  <name>
   Nike Belts Z-6119
  </name>
  <category>
   Belts
  </category>
  <size>
   XXL
  </size>
  <color>
   Фиолетовый
  </color>
  <material>
   Хлопок
  </material>
  <price>
   146410
  </price>
  <rating>
   4.95
  </rating>
  <reviews>
   57953
  </reviews>
 </clothing>
 <clothing>
  <id>
   610885073
  </id>
  <name>
   Adidas Sweater E-4820
  </name>
  <category>
   Sweater
  </category>
  <size>
   XXL
  </size>
  <color>
   Фиолетовый
  </color>
  <material>
   Шелк
  </material>
  <price>
   333682
  </price>
  <rating>
   1.14
  </rating>
  <reviews>
   842285
  </reviews>
  <new>
   +
  </new>
  <exclusive>
   no
  </exclusive>
 </clothing>
 <clothing>
  <id>
   470849368
  </id>
  <name>
   Lacoste Socks C-2006
  </name>
  <category>
   Socks
  </category>
  <size>
   XL
  </size>
  <color>
   Синий
  </color>
  <material>
   Полиэстер
  </material>
  <price>
   642932
  </price>
  <rating>
   4.59
  </rating>
  <reviews>
   653044
  </reviews>
  <new>
   -
  </new>
  <exclusive>
   no
  </exclusive>
  <sporty>
   no
  </sporty>
 </clothing>
 <clothing>
  <id>
   287915964
  </id>
  <name>
   Nike Jacket M-5250
  </name>
  <category>
   Jacket
  </category>
  <size>
   L
  </size>
  <color>
   Синий
  </color>
  <material>
   Лен
  </material>
  <price>
   849601
  </price>
  <rating>
   2.55
  </rating>
  <reviews>
   183470
  </reviews>
  <exclusive>
   yes
  </exclusive>
  <sporty>
   no
  </sporty>
 </clothing>
 <clothing>
  <id>
   795634955
  </id>
  <name>
   Under Armour Hat V-5790
  </name>
  <category>
   Hat
  </category>
  <size>
   XL
  </size>
  <color>
   Синий
  </color>
  <material>
   Кожа
  </material>
  <price>
   573942
  </price>
  <rating>
   1.48
  </rating>
  <reviews>
   725191
  </reviews>
  <exclusive>
   no
  </exclusive>
 </clothing>
 <clothing>
  <id>
   355007279
  </id>
  <name>
   PleinSport Sweater Q-1810
  </name>
  <category>
   Sweater
  </category>
  <size>
   S
  </size>
  <color>
   Синий
  </color>
  <material>
   Полиэстер
  </material>
  <price>
   867217
  </price>
  <rating>
   4.15
  </rating>
  <reviews>
   514235
  </reviews>
  <new>
   -
  </new>
  <exclusive>
   yes
  </exclusive>
 </clothing>
 <clothing>
  <id>
   220508394
  </id>
  <name>
   Addidas Hat G-4151
  </name>
  <category>
   Hat
  </category>
  <size>
   L
  </size>
  <color>
   Зеленый
  </color>
  <material>
   Вискоза
  </material>
  <price>
   809959
  </price>
  <rating>
   2.03
  </rating>
  <reviews>
   540962
  </reviews>
  <exclusive>
   yes
  </exclusive>
  <sporty>
   no
  </sporty>
 </clothing>
 <clothing>
  <id>
   466729640
  </id>
  <name>
   Adidas Pants P-4220
  </name>
  <category>
   Pants
  </category>
  <size>
   L
  </size>
  <color>
   Желтый
  </color>
  <material>
   Шелк
  </material>
  <price>
   304417
  </price>
  <rating>
   3.08
  </rating>
  <reviews>
   781694
  </reviews>
 </clothing>
 <clothing>
  <id>
   302666181
  </id>
  <name>
   New Balance Sweater Y-8817
  </name>
  <category>
   Sweater
  </category>
  <size>
   S
  </size>
  <color>
   Красный
  </color>
  <material>
   Полиэстер
  </material>
  <price>
   794463
  </price>
  <rating>
   3.2
  </rating>
  <reviews>
   59293
  </reviews>
  <exclusive>
   no
  </exclusive>
  <sporty>
   no
  </sporty>
 </clothing>
 <clothing>
  <id>
   896069067
  </id>
  <name>
   Asics Jacket U-8614
  </name>
  <category>
   Jacket
  </category>
  <size>
   XL
  </size>
  <color>
   Зеленый
  </color>
  <material>
   Нейлон
  </material>
  <price>
   393552
  </price>
  <rating>
   4.93
  </rating>
  <reviews>
   35423
  </reviews>
  <new>
   +
  </new>
  <exclusive>
   yes
  </exclusive>
 </clothing>
</clothing-items>
