<?xml version="1.0" encoding="utf-8"?>
<clothing-items>
 <clothing>
  <id>
   790329544
  </id>
  <name>
   Reebok Socks O-2875
  </name>
  <category>
   Socks
  </category>
  <size>
   M
  </size>
  <color>
   Фиолетовый
  </color>
  <material>
   Полиэстер
  </material>
  <price>
   770365
  </price>
  <rating>
   4.48
  </rating>
  <reviews>
   340061
  </reviews>
  <exclusive>
   yes
  </exclusive>
 </clothing>
 <clothing>
  <id>
   264403385
  </id>
  <name>
   Asics Handbags K-5510
  </name>
  <category>
   Handbags
  </category>
  <size>
   M
  </size>
  <color>
   Желтый
  </color>
  <material>
   Полиэстер
  </material>
  <price>
   659548
  </price>
  <rating>
   3.79
  </rating>
  <reviews>
   898218
  </reviews>
  <new>
   -
  </new>
  <sporty>
   no
  </sporty>
 </clothing>
 <clothing>
  <id>
   883028644
  </id>
  <name>
   Asics Blouse U-3896
  </name>
  <category>
   Blouse
  </category>
  <size>
   XL
  </size>
  <color>
   Зеленый
  </color>
  <material>
   Шелк
  </material>
  <price>
   762885
  </price>
  <rating>
   1.79
  </rating>
  <reviews>
   281123
  </reviews>
  <exclusive>
   no
  </exclusive>
  <sporty>
   yes
  </sporty>
 </clothing>
 <clothing>
  <id>
   874958403
  </id>
  <name>
   Addidas Socks P-5712
  </name>
  <category>
   Socks
  </category>
  <size>
   L
  </size>
  <color>
   Голубой
  </color>
  <material>
   Хлопок
  </material>
  <price>
   340099
  </price>
  <rating>
   1.48
  </rating>
  <reviews>
   891288
  </reviews>
  <exclusive>
   no
  </exclusive>
 </clothing>
 <clothing>
  <id>
   514662560
  </id>
  <name>
   Adidas Shoes O-3124
  </name>
  <category>
   Shoes
  </category>
  <size>
   L
  </size>
  <color>
   Зеленый
  </color>
  <material>
   Лен
  </material>
  <price>
   999317
  </price>
  <rating>
   3.67
  </rating>
  <reviews>
   890731
  </reviews>
  <new>
   -
  </new>
  <exclusive>
   no
  </exclusive>
  <sporty>
   no
  </sporty>
 </clothing>
 <clothing>
  <id>
   200677097
  </id>
  <name>
   DC Belts K-6224
  </name>
  <category>
   Belts
  </category>
  <size>
   XXL
  </size>
  <color>
   Зеленый
  </color>
  <material>
   Шерсть
  </material>
  <price>
   446163
  </price>
  <rating>
   1.67
  </rating>
  <reviews>
   213698
  </reviews>
  <new>
   -
  </new>
  <sporty>
   yes
  </sporty>
 </clothing>
 <clothing>
  <id>
   544561102
  </id>
  <name>
   Reebok Belts G-6727
  </name>
  <category>
   Belts
  </category>
  <size>
   S
  </size>
  <color>
   Голубой
  </color>
  <material>
   Полиэстер
  </material>
  <price>
   417123
  </price>
  <rating>
   1.16
  </rating>
  <reviews>
   707385
  </reviews>
  <exclusive>
   no
  </exclusive>
  <sporty>
   no
  </sporty>
 </clothing>
 <clothing>
  <id>
   622837700
  </id>
  <name>
   New Balance Shirt Q-9860
  </name>
  <category>
   Shirt
  </category>
  <size>
   S
  </size>
  <color>
   Оранжевый
  </color>
  <material>
   Лен
  </material>
  <price>
   406616
  </price>
  <rating>
   2.86
  </rating>
  <reviews>
   880839
  </reviews>
  <new>
   -
  </new>
  <exclusive>
   no
  </exclusive>
 </clothing>
 <clothing>
  <id>
   700469160
  </id>
  <name>
   Nike Shoes V-4688
  </name>
  <category>
   Shoes
  </category>
  <size>
   S
  </size>
  <color>
   Голубой
  </color>
  <material>
   Нейлон
  </material>
  <price>
   195174
  </price>
  <rating>
   1.47
  </rating>
  <reviews>
   965811
  </reviews>
 </clothing>
 <clothing>
  <id>
   548737411
  </id>
  <name>
   New Balance Belts K-4374
  </name>
  <category>
   Belts
  </category>
  <size>
   L
  </size>
  <color>
   Желтый
  </color>
  <material>
   Шерсть
  </material>
  <price>
   806143
  </price>
  <rating>
   1.59
  </rating>
  <reviews>
   964061
  </reviews>
  <exclusive>
   no
  </exclusive>
  <sporty>
   no
  </sporty>
 </clothing>
 <clothing>
  <id>
   956766774
  </id>
  <name>
   Asics Dress Z-7297
  </name>
  <category>
   Dress
  </category>
  <size>
   S
  </size>
  <color>
   Оранжевый
  </color>
  <material>
   Хлопок
  </material>
  <price>
   874355
  </price>
  <rating>
   4.23
  </rating>
  <reviews>
   540136
  </reviews>
  <new>
   -
  </new>
  <exclusive>
   no
  </exclusive>
  <sporty>
   no
  </sporty>
 </clothing>
 <clothing>
  <id>
   557250712
  </id>
  <name>
   Asics Socks F-3212
  </name>
  <category>
   Socks
  </category>
  <size>
   S
  </size>
  <color>
   Желтый
  </color>
  <material>
   Вискоза
  </material>
  <price>
   111986
  </price>
  <rating>
   2.32
  </rating>
  <reviews>
   72124
  </reviews>
  <new>
   -
  </new>
  <exclusive>
   yes
  </exclusive>
  <sporty>
   no
  </sporty>
 </clothing>
 <clothing>
  <id>
   151327754
  </id>
  <name>
   Addidas Hat O-2134
  </name>
  <category>
   Hat
  </category>
  <size>
   XL
  </size>
  <color>
   Желтый
  </color>
  <material>
   Шелк
  </material>
  <price>
   883905
  </price>
  <rating>
   3.87
  </rating>
  <reviews>
   633301
  </reviews>
  <new>
   +
  </new>
  <exclusive>
   no
  </exclusive>
  <sporty>
   yes
  </sporty>
 </clothing>
 <clothing>
  <id>
   611424336
  </id>
  <name>
   Addidas Shoes F-9557
  </name>
  <category>
   Shoes
  </category>
  <size>
   S
  </size>
  <color>
   Зеленый
  </color>
  <material>
   Шелк
  </material>
  <price>
   754804
  </price>
  <rating>
   4.13
  </rating>
  <reviews>
   614661
  </reviews>
 </clothing>
 <clothing>
  <id>
   553141899
  </id>
  <name>
   New Balance Pants H-1211
  </name>
  <category>
   Pants
  </category>
  <size>
   XL
  </size>
  <color>
   Голубой
  </color>
  <material>
   Хлопок
  </material>
  <price>
   633271
  </price>
  <rating>
   3.39
  </rating>
  <reviews>
   62000
  </reviews>
  <new>
   +
  </new>
  <exclusive>
   yes
  </exclusive>
  <sporty>
   yes
  </sporty>
 </clothing>
 <clothing>
  <id>
   975109632
  </id>
  <name>
   Brooks T-shirt D-4665
  </name>
  <category>
   T-shirt
  </category>
  <size>
   M
  </size>
  <color>
   Зеленый
  </color>
  <material>
   Хлопок
  </material>
  <price>
   210668
  </price>
  <rating>
   1.31
  </rating>
  <reviews>
   700913
  </reviews>
  <sporty>
   yes
  </sporty>
 </clothing>
 <clothing>
  <id>
   622179993
  </id>
  <name>
   New Balance Handbags P-6773
  </name>
  <category>
   Handbags
  </category>
  <size>
   L
  </size>
  <color>
   Синий
  </color>
  <material>
   Полиэстер
  </material>
  <price>
   687533
  </price>
  <rating>
   4.36
  </rating>
  <reviews>
   427840
  </reviews>
  <exclusive>
   no
  </exclusive>
  <sporty>
   no
  </sporty>
 </clothing>
</clothing-items>
