<?xml version="1.0" encoding="utf-8"?>
<clothing-items>
 <clothing>
  <id>
   105433802
  </id>
  <name>
   Addidas Shirt M-5526
  </name>
  <category>
   Shirt
  </category>
  <size>
   XL
  </size>
  <color>
   Синий
  </color>
  <material>
   Шелк
  </material>
  <price>
   796268
  </price>
  <rating>
   2.2
  </rating>
  <reviews>
   312029
  </reviews>
  <new>
   -
  </new>
 </clothing>
 <clothing>
  <id>
   392435406
  </id>
  <name>
   DC Belts E-5698
  </name>
  <category>
   Belts
  </category>
  <size>
   L
  </size>
  <color>
   Оранжевый
  </color>
  <material>
   Шелк
  </material>
  <price>
   817351
  </price>
  <rating>
   2.28
  </rating>
  <reviews>
   716408
  </reviews>
  <sporty>
   yes
  </sporty>
 </clothing>
 <clothing>
  <id>
   193046244
  </id>
  <name>
   Lacoste Sweater P-6095
  </name>
  <category>
   Sweater
  </category>
  <size>
   M
  </size>
  <color>
   Оранжевый
  </color>
  <material>
   Шелк
  </material>
  <price>
   279562
  </price>
  <rating>
   3.8
  </rating>
  <reviews>
   960856
  </reviews>
  <exclusive>
   yes
  </exclusive>
  <sporty>
   no
  </sporty>
 </clothing>
 <clothing>
  <id>
   557446966
  </id>
  <name>
   Converse Jacket X-8725
  </name>
  <category>
   Jacket
  </category>
  <size>
   S
  </size>
  <color>
   Голубой
  </color>
  <material>
   Хлопок
  </material>
  <price>
   925529
  </price>
  <rating>
   3.76
  </rating>
  <reviews>
   860059
  </reviews>
  <new>
   +
  </new>
  <exclusive>
   yes
  </exclusive>
 </clothing>
 <clothing>
  <id>
   225630270
  </id>
  <name>
   Asics Pants O-1774
  </name>
  <category>
   Pants
  </category>
  <size>
   L
  </size>
  <color>
   Синий
  </color>
  <material>
   Полиэстер
  </material>
  <price>
   573504
  </price>
  <rating>
   4.82
  </rating>
  <reviews>
   4151
  </reviews>
  <exclusive>
   no
  </exclusive>
 </clothing>
 <clothing>
  <id>
   141342747
  </id>
  <name>
   Converse Socks B-5298
  </name>
  <category>
   Socks
  </category>
  <size>
   L
  </size>
  <color>
   Желтый
  </color>
  <material>
   Кожа
  </material>
  <price>
   803975
  </price>
  <rating>
   4.52
  </rating>
  <reviews>
   384967
  </reviews>
  <new>
   +
  </new>
 </clothing>
 <clothing>
  <id>
   572844620
  </id>
  <name>
   Puma Belts E-2788
  </name>
  <category>
   Belts
  </category>
  <size>
   L
  </size>
  <color>
   Оранжевый
  </color>
  <material>
   Лен
  </material>
  <price>
   290925
  </price>
  <rating>
   3.11
  </rating>
  <reviews>
   519487
  </reviews>
  <new>
   +
  </new>
  <exclusive>
   no
  </exclusive>
  <sporty>
   no
  </sporty>
 </clothing>
 <clothing>
  <id>
   338271302
  </id>
  <name>
   Brooks Skirt M-9214
  </name>
  <category>
   Skirt
  </category>
  <size>
   XXL
  </size>
  <color>
   Красный
  </color>
  <material>
   Шерсть
  </material>
  <price>
   765438
  </price>
  <rating>
   4.32
  </rating>
  <reviews>
   291544
  </reviews>
 </clothing>
 <clothing>
  <id>
   980768431
  </id>
  <name>
   Asics Socks P-9842
  </name>
  <category>
   Socks
  </category>
  <size>
   S
  </size>
  <color>
   Фиолетовый
  </color>
  <material>
   Шелк
  </material>
  <price>
   314675
  </price>
  <rating>
   3.54
  </rating>
  <reviews>
   68814
  </reviews>
  <exclusive>
   no
  </exclusive>
 </clothing>
 <clothing>
  <id>
   700288193
  </id>
  <name>
   Reebok Jeans X-2193
  </name>
  <category>
   Jeans
  </category>
  <size>
   M
  </size>
  <color>
   Зеленый
  </color>
  <material>
   Кожа
  </material>
  <price>
   130799
  </price>
  <rating>
   2.36
  </rating>
  <reviews>
   434089
  </reviews>
  <new>
   -
  </new>
  <sporty>
   yes
  </sporty>
 </clothing>
 <clothing>
  <id>
   117252992
  </id>
  <name>
   DC Pants Z-3742
  </name>
  <category>
   Pants
  </category>
  <size>
   M
  </size>
  <color>
   Красный
  </color>
  <material>
   Хлопок
  </material>
  <price>
   995215
  </price>
  <rating>
   3.55
  </rating>
  <reviews>
   475273
  </reviews>
  <new>
   -
  </new>
 </clothing>
 <clothing>
  <id>
   419021718
  </id>
  <name>
   Nike Belts D-1334
  </name>
  <category>
   Belts
  </category>
  <size>
   XXL
  </size>
  <color>
   Красный
  </color>
  <material>
   Кожа
  </material>
  <price>
   993702
  </price>
  <rating>
   2.61
  </rating>
  <reviews>
   470279
  </reviews>
 </clothing>
 <clothing>
  <id>
   143561937
  </id>
  <name>
   Brooks Dress G-7197
  </name>
  <category>
   Dress
  </category>
  <size>
   XXL
  </size>
  <color>
   Желтый
  </color>
  <material>
   Лен
  </material>
  <price>
   655976
  </price>
  <rating>
   2.68
  </rating>
  <reviews>
   913784
  </reviews>
  <new>
   -
  </new>
  <exclusive>
   yes
  </exclusive>
  <sporty>
   yes
  </sporty>
 </clothing>
 <clothing>
  <id>
   757268972
  </id>
  <name>
   New Balance Handbags R-8153
  </name>
  <category>
   Handbags
  </category>
  <size>
   M
  </size>
  <color>
   Оранжевый
  </color>
  <material>
   Лен
  </material>
  <price>
   661804
  </price>
  <rating>
   2.03
  </rating>
  <reviews>
   885290
  </reviews>
  <new>
   -
  </new>
 </clothing>
 <clothing>
  <id>
   490509332
  </id>
  <name>
   PleinSport Shoes S-1801
  </name>
  <category>
   Shoes
  </category>
  <size>
   M
  </size>
  <color>
   Фиолетовый
  </color>
  <material>
   Кожа
  </material>
  <price>
   811389
  </price>
  <rating>
   4.24
  </rating>
  <reviews>
   501170
  </reviews>
  <new>
   -
  </new>
 </clothing>
 <clothing>
  <id>
   796853929
  </id>
  <name>
   Brooks Skirt K-1158
  </name>
  <category>
   Skirt
  </category>
  <size>
   XL
  </size>
  <color>
   Зеленый
  </color>
  <material>
   Нейлон
  </material>
  <price>
   944709
  </price>
  <rating>
   3.4
  </rating>
  <reviews>
   113074
  </reviews>
  <exclusive>
   no
  </exclusive>
 </clothing>
 <clothing>
  <id>
   453981188
  </id>
  <name>
   Adidas Shoes F-5424
  </name>
  <category>
   Shoes
  </category>
  <size>
   XL
  </size>
  <color>
   Оранжевый
  </color>
  <material>
   Лен
  </material>
  <price>
   946350
  </price>
  <rating>
   2.79
  </rating>
  <reviews>
   343169
  </reviews>
  <new>
   -
  </new>
  <exclusive>
   no
  </exclusive>
  <sporty>
   yes
  </sporty>
 </clothing>
 <clothing>
  <id>
   402522898
  </id>
  <name>
   Adidas Dress S-3171
  </name>
  <category>
   Dress
  </category>
  <size>
   XXL
  </size>
  <color>
   Синий
  </color>
  <material>
   Лен
  </material>
  <price>
   125081
  </price>
  <rating>
   1.41
  </rating>
  <reviews>
   632050
  </reviews>
  <new>
   +
  </new>
  <sporty>
   no
  </sporty>
 </clothing>
 <clothing>
  <id>
   858625353
  </id>
  <name>
   Vans Umbrellas D-6090
  </name>
  <category>
   Umbrellas
  </category>
  <size>
   L
  </size>
  <color>
   Оранжевый
  </color>
  <material>
   Шерсть
  </material>
  <price>
   505752
  </price>
  <rating>
   3.46
  </rating>
  <reviews>
   386393
  </reviews>
  <new>
   +
  </new>
  <exclusive>
   no
  </exclusive>
 </clothing>
 <clothing>
  <id>
   191613018
  </id>
  <name>
   Ellesse Skirt K-2233
  </name>
  <category>
   Skirt
  </category>
  <size>
   XL
  </size>
  <color>
   Синий
  </color>
  <material>
   Хлопок
  </material>
  <price>
   586234
  </price>
  <rating>
   3.73
  </rating>
  <reviews>
   47383
  </reviews>
  <new>
   -
  </new>
  <exclusive>
   yes
  </exclusive>
  <sporty>
   yes
  </sporty>
 </clothing>
 <clothing>
  <id>
   269710458
  </id>
  <name>
   Addidas Socks D-2192
  </name>
  <category>
   Socks
  </category>
  <size>
   XXL
  </size>
  <color>
   Фиолетовый
  </color>
  <material>
   Нейлон
  </material>
  <price>
   570829
  </price>
  <rating>
   1.66
  </rating>
  <reviews>
   677779
  </reviews>
  <new>
   +
  </new>
 </clothing>
 <clothing>
  <id>
   309796652
  </id>
  <name>
   Under Armour Jeans J-6288
  </name>
  <category>
   Jeans
  </category>
  <size>
   M
  </size>
  <color>
   Оранжевый
  </color>
  <material>
   Шелк
  </material>
  <price>
   551703
  </price>
  <rating>
   2.96
  </rating>
  <reviews>
   632345
  </reviews>
  <sporty>
   yes
  </sporty>
 </clothing>
 <clothing>
  <id>
   117557175
  </id>
  <name>
   Puma Sweater U-4820
  </name>
  <category>
   Sweater
  </category>
  <size>
   XL
  </size>
  <color>
   Красный
  </color>
  <material>
   Полиэстер
  </material>
  <price>
   745267
  </price>
  <rating>
   1.05
  </rating>
  <reviews>
   620773
  </reviews>
  <new>
   +
  </new>
  <sporty>
   yes
  </sporty>
 </clothing>
 <clothing>
  <id>
   288356503
  </id>
  <name>
   DC Hat S-6758
  </name>
  <category>
   Hat
  </category>
  <size>
   M
  </size>
  <color>
   Голубой
  </color>
  <material>
   Шерсть
  </material>
  <price>
   342117
  </price>
  <rating>
   2.47
  </rating>
  <reviews>
   58022
  </reviews>
  <new>
   -
  </new>
  <exclusive>
   no
  </exclusive>
 </clothing>
 <clothing>
  <id>
   288765575
  </id>
  <name>
   Vans Blouse V-3078
  </name>
  <category>
   Blouse
  </category>
  <size>
   XXL
  </size>
  <color>
   Синий
  </color>
  <material>
   Вискоза
  </material>
  <price>
   969080
  </price>
  <rating>
   2.71
  </rating>
  <reviews>
   655062
  </reviews>
  <new>
   +
  </new>
  <exclusive>
   no
  </exclusive>
  <sporty>
   no
  </sporty>
 </clothing>
 <clothing>
  <id>
   410296307
  </id>
  <name>
   Reebok Hat S-7371
  </name>
  <category>
   Hat
  </category>
  <size>
   XL
  </size>
  <color>
   Оранжевый
  </color>
  <material>
   Шерсть
  </material>
  <price>
   308682
  </price>
  <rating>
   1.87
  </rating>
  <reviews>
   699859
  </reviews>
  <new>
   +
  </new>
  <sporty>
   no
  </sporty>
 </clothing>
 <clothing>
  <id>
   976106084
  </id>
  <name>
   Brooks Shirt Y-9633
  </name>
  <category>
   Shirt
  </category>
  <size>
   L
  </size>
  <color>
   Желтый
  </color>
  <material>
   Кожа
  </material>
  <price>
   180477
  </price>
  <rating>
   2.38
  </rating>
  <reviews>
   342969
  </reviews>
  <new>
   +
  </new>
  <sporty>
   no
  </sporty>
 </clothing>
 <clothing>
  <id>
   905191801
  </id>
  <name>
   Adidas Jacket S-8398
  </name>
  <category>
   Jacket
  </category>
  <size>
   XL
  </size>
  <color>
   Зеленый
  </color>
  <material>
   Полиэстер
  </material>
  <price>
   488233
  </price>
  <rating>
   4.28
  </rating>
  <reviews>
   824779
  </reviews>
  <new>
   +
  </new>
  <exclusive>
   yes
  </exclusive>
 </clothing>
 <clothing>
  <id>
   335897954
  </id>
  <name>
   Reebok Dress J-5227
  </name>
  <category>
   Dress
  </category>
  <size>
   S
  </size>
  <color>
   Синий
  </color>
  <material>
   Хлопок
  </material>
  <price>
   290366
  </price>
  <rating>
   4.47
  </rating>
  <reviews>
   767989
  </reviews>
  <new>
   -
  </new>
  <exclusive>
   no
  </exclusive>
  <sporty>
   no
  </sporty>
 </clothing>
 <clothing>
  <id>
   734759308
  </id>
  <name>
   DC Sweater A-1642
  </name>
  <category>
   Sweater
  </category>
  <size>
   M
  </size>
  <color>
   Фиолетовый
  </color>
  <material>
   Нейлон
  </material>
  <price>
   965920
  </price>
  <rating>
   1.65
  </rating>
  <reviews>
   408906
  </reviews>
  <new>
   +
  </new>
 </clothing>
 <clothing>
  <id>
   268294915
  </id>
  <name>
   Adidas Socks T-3797
  </name>
  <category>
   Socks
  </category>
  <size>
   S
  </size>
  <color>
   Фиолетовый
  </color>
  <material>
   Лен
  </material>
  <price>
   680050
  </price>
  <rating>
   2.14
  </rating>
  <reviews>
   353947
  </reviews>
  <new>
   +
  </new>
  <exclusive>
   no
  </exclusive>
  <sporty>
   no
  </sporty>
 </clothing>
 <clothing>
  <id>
   389802433
  </id>
  <name>
   Fila Blouse G-6080
  </name>
  <category>
   Blouse
  </category>
  <size>
   S
  </size>
  <color>
   Оранжевый
  </color>
  <material>
   Шерсть
  </material>
  <price>
   176366
  </price>
  <rating>
   4.81
  </rating>
  <reviews>
   572305
  </reviews>
  <exclusive>
   no
  </exclusive>
  <sporty>
   yes
  </sporty>
 </clothing>
 <clothing>
  <id>
   538076488
  </id>
  <name>
   Converse Dress U-4470
  </name>
  <category>
   Dress
  </category>
  <size>
   M
  </size>
  <color>
   Голубой
  </color>
  <material>
   Шелк
  </material>
  <price>
   384940
  </price>
  <rating>
   2.67
  </rating>
  <reviews>
   739752
  </reviews>
  <new>
   -
  </new>
  <sporty>
   yes
  </sporty>
 </clothing>
</clothing-items>
