<?xml version="1.0" encoding="utf-8"?>
<clothing-items>
 <clothing>
  <id>
   470239078
  </id>
  <name>
   Nike Socks P-6049
  </name>
  <category>
   Socks
  </category>
  <size>
   M
  </size>
  <color>
   Желтый
  </color>
  <material>
   Кожа
  </material>
  <price>
   495546
  </price>
  <rating>
   1.99
  </rating>
  <reviews>
   747078
  </reviews>
  <new>
   +
  </new>
  <exclusive>
   no
  </exclusive>
 </clothing>
 <clothing>
  <id>
   477354409
  </id>
  <name>
   Asics Shirt K-7696
  </name>
  <category>
   Shirt
  </category>
  <size>
   XXL
  </size>
  <color>
   Желтый
  </color>
  <material>
   Кожа
  </material>
  <price>
   388641
  </price>
  <rating>
   2.91
  </rating>
  <reviews>
   566268
  </reviews>
  <new>
   -
  </new>
  <exclusive>
   no
  </exclusive>
 </clothing>
 <clothing>
  <id>
   950251467
  </id>
  <name>
   Lacoste Hat F-3797
  </name>
  <category>
   Hat
  </category>
  <size>
   M
  </size>
  <color>
   Зеленый
  </color>
  <material>
   Полиэстер
  </material>
  <price>
   746654
  </price>
  <rating>
   2.23
  </rating>
  <reviews>
   854597
  </reviews>
  <new>
   -
  </new>
  <sporty>
   no
  </sporty>
 </clothing>
 <clothing>
  <id>
   814106928
  </id>
  <name>
   Addidas Shirt J-2426
  </name>
  <category>
   Shirt
  </category>
  <size>
   S
  </size>
  <color>
   Голубой
  </color>
  <material>
   Кожа
  </material>
  <price>
   748567
  </price>
  <rating>
   3.01
  </rating>
  <reviews>
   760180
  </reviews>
  <exclusive>
   no
  </exclusive>
  <sporty>
   yes
  </sporty>
 </clothing>
 <clothing>
  <id>
   662874352
  </id>
  <name>
   New Balance Gloves J-3779
  </name>
  <category>
   Gloves
  </category>
  <size>
   XXL
  </size>
  <color>
   Фиолетовый
  </color>
  <material>
   Шерсть
  </material>
  <price>
   157583
  </price>
  <rating>
   1.17
  </rating>
  <reviews>
   54454
  </reviews>
  <exclusive>
   no
  </exclusive>
  <sporty>
   yes
  </sporty>
 </clothing>
 <clothing>
  <id>
   623119016
  </id>
  <name>
   PleinSport Blouse T-3635
  </name>
  <category>
   Blouse
  </category>
  <size>
   XXL
  </size>
  <color>
   Оранжевый
  </color>
  <material>
   Полиэстер
  </material>
  <price>
   824556
  </price>
  <rating>
   2.6
  </rating>
  <reviews>
   532566
  </reviews>
  <exclusive>
   yes
  </exclusive>
  <sporty>
   no
  </sporty>
 </clothing>
 <clothing>
  <id>
   753642612
  </id>
  <name>
   Brooks Handbags P-3423
  </name>
  <category>
   Handbags
  </category>
  <size>
   XL
  </size>
  <color>
   Оранжевый
  </color>
  <material>
   Хлопок
  </material>
  <price>
   703255
  </price>
  <rating>
   1.85
  </rating>
  <reviews>
   256204
  </reviews>
  <sporty>
   no
  </sporty>
 </clothing>
 <clothing>
  <id>
   266727706
  </id>
  <name>
   Brooks Socks V-9624
  </name>
  <category>
   Socks
  </category>
  <size>
   XXL
  </size>
  <color>
   Зеленый
  </color>
  <material>
   Полиэстер
  </material>
  <price>
   302770
  </price>
  <rating>
   1.78
  </rating>
  <reviews>
   316477
  </reviews>
  <new>
   +
  </new>
  <exclusive>
   no
  </exclusive>
 </clothing>
 <clothing>
  <id>
   809333987
  </id>
  <name>
   Under Armour Skirt L-4930
  </name>
  <category>
   Skirt
  </category>
  <size>
   L
  </size>
  <color>
   Красный
  </color>
  <material>
   Нейлон
  </material>
  <price>
   571752
  </price>
  <rating>
   2.07
  </rating>
  <reviews>
   667062
  </reviews>
  <new>
   -
  </new>
  <exclusive>
   no
  </exclusive>
 </clothing>
 <clothing>
  <id>
   467251188
  </id>
  <name>
   Nike Shirt T-2451
  </name>
  <category>
   Shirt
  </category>
  <size>
   XXL
  </size>
  <color>
   Голубой
  </color>
  <material>
   Кожа
  </material>
  <price>
   794602
  </price>
  <rating>
   4.94
  </rating>
  <reviews>
   678934
  </reviews>
  <new>
   -
  </new>
  <exclusive>
   yes
  </exclusive>
 </clothing>
 <clothing>
  <id>
   840369598
  </id>
  <name>
   Ellesse Sweater T-2335
  </name>
  <category>
   Sweater
  </category>
  <size>
   M
  </size>
  <color>
   Фиолетовый
  </color>
  <material>
   Кожа
  </material>
  <price>
   617783
  </price>
  <rating>
   3.66
  </rating>
  <reviews>
   362128
  </reviews>
  <exclusive>
   no
  </exclusive>
 </clothing>
 <clothing>
  <id>
   208377567
  </id>
  <name>
   Under Armour Sweater H-5070
  </name>
  <category>
   Sweater
  </category>
  <size>
   M
  </size>
  <color>
   Голубой
  </color>
  <material>
   Шерсть
  </material>
  <price>
   431435
  </price>
  <rating>
   1.05
  </rating>
  <reviews>
   579899
  </reviews>
  <new>
   +
  </new>
  <exclusive>
   no
  </exclusive>
  <sporty>
   yes
  </sporty>
 </clothing>
 <clothing>
  <id>
   862854115
  </id>
  <name>
   Reebok Jacket N-9901
  </name>
  <category>
   Jacket
  </category>
  <size>
   L
  </size>
  <color>
   Желтый
  </color>
  <material>
   Кожа
  </material>
  <price>
   303851
  </price>
  <rating>
   4.74
  </rating>
  <reviews>
   987726
  </reviews>
  <exclusive>
   no
  </exclusive>
  <sporty>
   no
  </sporty>
 </clothing>
 <clothing>
  <id>
   735668550
  </id>
  <name>
   Puma Shoes H-8424
  </name>
  <category>
   Shoes
  </category>
  <size>
   XXL
  </size>
  <color>
   Зеленый
  </color>
  <material>
   Вискоза
  </material>
  <price>
   577347
  </price>
  <rating>
   1.42
  </rating>
  <reviews>
   537163
  </reviews>
  <new>
   -
  </new>
  <exclusive>
   no
  </exclusive>
  <sporty>
   yes
  </sporty>
 </clothing>
 <clothing>
  <id>
   982548392
  </id>
  <name>
   Vans Socks T-3696
  </name>
  <category>
   Socks
  </category>
  <size>
   XXL
  </size>
  <color>
   Зеленый
  </color>
  <material>
   Нейлон
  </material>
  <price>
   952502
  </price>
  <rating>
   2.61
  </rating>
  <reviews>
   511178
  </reviews>
  <sporty>
   no
  </sporty>
 </clothing>
 <clothing>
  <id>
   769763368
  </id>
  <name>
   Ellesse Jacket O-2479
  </name>
  <category>
   Jacket
  </category>
  <size>
   XL
  </size>
  <color>
   Голубой
  </color>
  <material>
   Лен
  </material>
  <price>
   758358
  </price>
  <rating>
   4.96
  </rating>
  <reviews>
   596585
  </reviews>
  <new>
   -
  </new>
  <sporty>
   yes
  </sporty>
 </clothing>
</clothing-items>
