<?xml version="1.0" encoding="utf-8"?>
<clothing-items>
 <clothing>
  <id>
   787034497
  </id>
  <name>
   Lacoste Handbags C-9089
  </name>
  <category>
   Handbags
  </category>
  <size>
   S
  </size>
  <color>
   Голубой
  </color>
  <material>
   Кожа
  </material>
  <price>
   548501
  </price>
  <rating>
   2.75
  </rating>
  <reviews>
   552349
  </reviews>
  <new>
   -
  </new>
  <exclusive>
   yes
  </exclusive>
 </clothing>
 <clothing>
  <id>
   158720185
  </id>
  <name>
   Under Armour Dress F-1853
  </name>
  <category>
   Dress
  </category>
  <size>
   L
  </size>
  <color>
   Синий
  </color>
  <material>
   Кожа
  </material>
  <price>
   293230
  </price>
  <rating>
   2.11
  </rating>
  <reviews>
   37234
  </reviews>
  <exclusive>
   no
  </exclusive>
  <sporty>
   no
  </sporty>
 </clothing>
 <clothing>
  <id>
   974243650
  </id>
  <name>
   Under Armour Handbags J-3085
  </name>
  <category>
   Handbags
  </category>
  <size>
   S
  </size>
  <color>
   Фиолетовый
  </color>
  <material>
   Хлопок
  </material>
  <price>
   132789
  </price>
  <rating>
   1.22
  </rating>
  <reviews>
   921705
  </reviews>
  <exclusive>
   yes
  </exclusive>
  <sporty>
   no
  </sporty>
 </clothing>
 <clothing>
  <id>
   779548728
  </id>
  <name>
   DC Sweater E-5773
  </name>
  <category>
   Sweater
  </category>
  <size>
   XL
  </size>
  <color>
   Фиолетовый
  </color>
  <material>
   Кожа
  </material>
  <price>
   247704
  </price>
  <rating>
   4.28
  </rating>
  <reviews>
   836032
  </reviews>
  <new>
   -
  </new>
 </clothing>
 <clothing>
  <id>
   209594535
  </id>
  <name>
   Brooks Jacket H-1515
  </name>
  <category>
   Jacket
  </category>
  <size>
   L
  </size>
  <color>
   Желтый
  </color>
  <material>
   Нейлон
  </material>
  <price>
   224091
  </price>
  <rating>
   4.35
  </rating>
  <reviews>
   417696
  </reviews>
  <new>
   -
  </new>
  <sporty>
   no
  </sporty>
 </clothing>
 <clothing>
  <id>
   206142770
  </id>
  <name>
   Brooks Pants A-5123
  </name>
  <category>
   Pants
  </category>
  <size>
   L
  </size>
  <color>
   Оранжевый
  </color>
  <material>
   Лен
  </material>
  <price>
   608241
  </price>
  <rating>
   2.36
  </rating>
  <reviews>
   461878
  </reviews>
  <new>
   +
  </new>
  <exclusive>
   yes
  </exclusive>
 </clothing>
 <clothing>
  <id>
   956276254
  </id>
  <name>
   Ellesse Belts V-3577
  </name>
  <category>
   Belts
  </category>
  <size>
   M
  </size>
  <color>
   Оранжевый
  </color>
  <material>
   Кожа
  </material>
  <price>
   564346
  </price>
  <rating>
   4.79
  </rating>
  <reviews>
   412791
  </reviews>
  <new>
   -
  </new>
  <sporty>
   no
  </sporty>
 </clothing>
 <clothing>
  <id>
   592795613
  </id>
  <name>
   Reebok Sweater V-9777
  </name>
  <category>
   Sweater
  </category>
  <size>
   L
  </size>
  <color>
   Синий
  </color>
  <material>
   Кожа
  </material>
  <price>
   526301
  </price>
  <rating>
   3.5
  </rating>
  <reviews>
   314442
  </reviews>
  <sporty>
   yes
  </sporty>
 </clothing>
 <clothing>
  <id>
   131331387
  </id>
  <name>
   Converse Skirt S-7099
  </name>
  <category>
   Skirt
  </category>
  <size>
   L
  </size>
  <color>
   Красный
  </color>
  <material>
   Шелк
  </material>
  <price>
   107052
  </price>
  <rating>
   3.43
  </rating>
  <reviews>
   516703
  </reviews>
  <new>
   -
  </new>
  <exclusive>
   yes
  </exclusive>
 </clothing>
 <clothing>
  <id>
   305934770
  </id>
  <name>
   Addidas Hat T-1515
  </name>
  <category>
   Hat
  </category>
  <size>
   S
  </size>
  <color>
   Зеленый
  </color>
  <material>
   Кожа
  </material>
  <price>
   855877
  </price>
  <rating>
   2.56
  </rating>
  <reviews>
   634095
  </reviews>
  <new>
   -
  </new>
 </clothing>
 <clothing>
  <id>
   645379288
  </id>
  <name>
   PleinSport Socks P-7056
  </name>
  <category>
   Socks
  </category>
  <size>
   S
  </size>
  <color>
   Синий
  </color>
  <material>
   Вискоза
  </material>
  <price>
   510668
  </price>
  <rating>
   4.51
  </rating>
  <reviews>
   776586
  </reviews>
  <sporty>
   yes
  </sporty>
 </clothing>
 <clothing>
  <id>
   856419824
  </id>
  <name>
   Adidas T-shirt A-9048
  </name>
  <category>
   T-shirt
  </category>
  <size>
   XL
  </size>
  <color>
   Зеленый
  </color>
  <material>
   Шелк
  </material>
  <price>
   180976
  </price>
  <rating>
   4.24
  </rating>
  <reviews>
   518035
  </reviews>
  <new>
   -
  </new>
 </clothing>
 <clothing>
  <id>
   440666291
  </id>
  <name>
   Reebok Dress D-8974
  </name>
  <category>
   Dress
  </category>
  <size>
   L
  </size>
  <color>
   Красный
  </color>
  <material>
   Шелк
  </material>
  <price>
   275980
  </price>
  <rating>
   3.42
  </rating>
  <reviews>
   859194
  </reviews>
 </clothing>
 <clothing>
  <id>
   744111008
  </id>
  <name>
   Lacoste Shirt A-1072
  </name>
  <category>
   Shirt
  </category>
  <size>
   L
  </size>
  <color>
   Фиолетовый
  </color>
  <material>
   Кожа
  </material>
  <price>
   429511
  </price>
  <rating>
   3.96
  </rating>
  <reviews>
   741776
  </reviews>
 </clothing>
 <clothing>
  <id>
   661893126
  </id>
  <name>
   Nike Shoes J-1775
  </name>
  <category>
   Shoes
  </category>
  <size>
   XXL
  </size>
  <color>
   Оранжевый
  </color>
  <material>
   Шелк
  </material>
  <price>
   130640
  </price>
  <rating>
   4.87
  </rating>
  <reviews>
   455631
  </reviews>
  <exclusive>
   no
  </exclusive>
  <sporty>
   yes
  </sporty>
 </clothing>
 <clothing>
  <id>
   502779182
  </id>
  <name>
   Converse Pants I-1980
  </name>
  <category>
   Pants
  </category>
  <size>
   L
  </size>
  <color>
   Синий
  </color>
  <material>
   Шерсть
  </material>
  <price>
   905643
  </price>
  <rating>
   2.64
  </rating>
  <reviews>
   717705
  </reviews>
  <new>
   -
  </new>
  <exclusive>
   yes
  </exclusive>
  <sporty>
   no
  </sporty>
 </clothing>
 <clothing>
  <id>
   318884531
  </id>
  <name>
   Ellesse Jeans K-7746
  </name>
  <category>
   Jeans
  </category>
  <size>
   XL
  </size>
  <color>
   Зеленый
  </color>
  <material>
   Кожа
  </material>
  <price>
   984099
  </price>
  <rating>
   1.21
  </rating>
  <reviews>
   920638
  </reviews>
  <new>
   +
  </new>
  <sporty>
   yes
  </sporty>
 </clothing>
 <clothing>
  <id>
   570629809
  </id>
  <name>
   Fila Pants A-5178
  </name>
  <category>
   Pants
  </category>
  <size>
   L
  </size>
  <color>
   Красный
  </color>
  <material>
   Кожа
  </material>
  <price>
   917025
  </price>
  <rating>
   1.25
  </rating>
  <reviews>
   672089
  </reviews>
  <exclusive>
   no
  </exclusive>
  <sporty>
   no
  </sporty>
 </clothing>
 <clothing>
  <id>
   297262471
  </id>
  <name>
   Fila Hat H-8194
  </name>
  <category>
   Hat
  </category>
  <size>
   S
  </size>
  <color>
   Оранжевый
  </color>
  <material>
   Шелк
  </material>
  <price>
   823370
  </price>
  <rating>
   2.12
  </rating>
  <reviews>
   760759
  </reviews>
 </clothing>
</clothing-items>
