<?xml version="1.0" encoding="utf-8"?>
<clothing-items>
 <clothing>
  <id>
   315792985
  </id>
  <name>
   Under Armour Jacket B-4682
  </name>
  <category>
   Jacket
  </category>
  <size>
   XXL
  </size>
  <color>
   Зеленый
  </color>
  <material>
   Шерсть
  </material>
  <price>
   381201
  </price>
  <rating>
   4.15
  </rating>
  <reviews>
   921981
  </reviews>
  <new>
   +
  </new>
  <sporty>
   no
  </sporty>
 </clothing>
 <clothing>
  <id>
   962174275
  </id>
  <name>
   Brooks Sweater K-1654
  </name>
  <category>
   Sweater
  </category>
  <size>
   XL
  </size>
  <color>
   Оранжевый
  </color>
  <material>
   Шелк
  </material>
  <price>
   686143
  </price>
  <rating>
   3.73
  </rating>
  <reviews>
   744014
  </reviews>
  <new>
   +
  </new>
 </clothing>
 <clothing>
  <id>
   427131959
  </id>
  <name>
   Lacoste Shoes Z-8135
  </name>
  <category>
   Shoes
  </category>
  <size>
   M
  </size>
  <color>
   Красный
  </color>
  <material>
   Лен
  </material>
  <price>
   641610
  </price>
  <rating>
   1.69
  </rating>
  <reviews>
   838367
  </reviews>
  <exclusive>
   no
  </exclusive>
  <sporty>
   no
  </sporty>
 </clothing>
 <clothing>
  <id>
   473210535
  </id>
  <name>
   Vans Hat M-4760
  </name>
  <category>
   Hat
  </category>
  <size>
   M
  </size>
  <color>
   Оранжевый
  </color>
  <material>
   Полиэстер
  </material>
  <price>
   269897
  </price>
  <rating>
   1.43
  </rating>
  <reviews>
   295137
  </reviews>
  <sporty>
   no
  </sporty>
 </clothing>
 <clothing>
  <id>
   992477608
  </id>
  <name>
   Addidas Socks A-6962
  </name>
  <category>
   Socks
  </category>
  <size>
   S
  </size>
  <color>
   Оранжевый
  </color>
  <material>
   Шелк
  </material>
  <price>
   968145
  </price>
  <rating>
   3.47
  </rating>
  <reviews>
   291716
  </reviews>
  <exclusive>
   no
  </exclusive>
 </clothing>
 <clothing>
  <id>
   799543516
  </id>
  <name>
   Converse Shirt T-9041
  </name>
  <category>
   Shirt
  </category>
  <size>
   M
  </size>
  <color>
   Голубой
  </color>
  <material>
   Лен
  </material>
  <price>
   506844
  </price>
  <rating>
   3.35
  </rating>
  <reviews>
   291144
  </reviews>
  <new>
   +
  </new>
  <exclusive>
   no
  </exclusive>
  <sporty>
   yes
  </sporty>
 </clothing>
 <clothing>
  <id>
   477538280
  </id>
  <name>
   Vans Blouse F-9158
  </name>
  <category>
   Blouse
  </category>
  <size>
   M
  </size>
  <color>
   Зеленый
  </color>
  <material>
   Вискоза
  </material>
  <price>
   440106
  </price>
  <rating>
   1.24
  </rating>
  <reviews>
   679158
  </reviews>
  <new>
   -
  </new>
  <exclusive>
   yes
  </exclusive>
 </clothing>
 <clothing>
  <id>
   950055225
  </id>
  <name>
   DC Shirt J-9870
  </name>
  <category>
   Shirt
  </category>
  <size>
   XL
  </size>
  <color>
   Желтый
  </color>
  <material>
   Шелк
  </material>
  <price>
   688442
  </price>
  <rating>
   3.32
  </rating>
  <reviews>
   677671
  </reviews>
  <new>
   +
  </new>
  <sporty>
   no
  </sporty>
 </clothing>
 <clothing>
  <id>
   345138552
  </id>
  <name>
   Ellesse Socks Z-9757
  </name>
  <category>
   Socks
  </category>
  <size>
   M
  </size>
  <color>
   Желтый
  </color>
  <material>
   Шелк
  </material>
  <price>
   119642
  </price>
  <rating>
   1.86
  </rating>
  <reviews>
   202883
  </reviews>
  <exclusive>
   no
  </exclusive>
  <sporty>
   yes
  </sporty>
 </clothing>
 <clothing>
  <id>
   511522465
  </id>
  <name>
   Nike Pants G-2733
  </name>
  <category>
   Pants
  </category>
  <size>
   XL
  </size>
  <color>
   Желтый
  </color>
  <material>
   Полиэстер
  </material>
  <price>
   371516
  </price>
  <rating>
   2.43
  </rating>
  <reviews>
   196528
  </reviews>
  <new>
   -
  </new>
  <exclusive>
   no
  </exclusive>
 </clothing>
 <clothing>
  <id>
   555783371
  </id>
  <name>
   Converse T-shirt C-7171
  </name>
  <category>
   T-shirt
  </category>
  <size>
   L
  </size>
  <color>
   Фиолетовый
  </color>
  <material>
   Нейлон
  </material>
  <price>
   614414
  </price>
  <rating>
   3.66
  </rating>
  <reviews>
   435832
  </reviews>
  <exclusive>
   no
  </exclusive>
  <sporty>
   no
  </sporty>
 </clothing>
 <clothing>
  <id>
   759090907
  </id>
  <name>
   Under Armour Jacket R-1627
  </name>
  <category>
   Jacket
  </category>
  <size>
   M
  </size>
  <color>
   Оранжевый
  </color>
  <material>
   Лен
  </material>
  <price>
   819737
  </price>
  <rating>
   4.82
  </rating>
  <reviews>
   414700
  </reviews>
  <sporty>
   no
  </sporty>
 </clothing>
 <clothing>
  <id>
   526638623
  </id>
  <name>
   Asics Sweater X-4717
  </name>
  <category>
   Sweater
  </category>
  <size>
   S
  </size>
  <color>
   Голубой
  </color>
  <material>
   Вискоза
  </material>
  <price>
   926134
  </price>
  <rating>
   4.34
  </rating>
  <reviews>
   770091
  </reviews>
  <new>
   -
  </new>
  <exclusive>
   no
  </exclusive>
 </clothing>
 <clothing>
  <id>
   507897471
  </id>
  <name>
   Brooks Gloves S-4533
  </name>
  <category>
   Gloves
  </category>
  <size>
   S
  </size>
  <color>
   Фиолетовый
  </color>
  <material>
   Кожа
  </material>
  <price>
   778604
  </price>
  <rating>
   4.79
  </rating>
  <reviews>
   755633
  </reviews>
  <exclusive>
   no
  </exclusive>
  <sporty>
   yes
  </sporty>
 </clothing>
 <clothing>
  <id>
   563347404
  </id>
  <name>
   Puma Blouse H-3994
  </name>
  <category>
   Blouse
  </category>
  <size>
   XXL
  </size>
  <color>
   Красный
  </color>
  <material>
   Нейлон
  </material>
  <price>
   328938
  </price>
  <rating>
   2.88
  </rating>
  <reviews>
   315525
  </reviews>
  <exclusive>
   no
  </exclusive>
 </clothing>
 <clothing>
  <id>
   416242714
  </id>
  <name>
   Lacoste Dress B-5699
  </name>
  <category>
   Dress
  </category>
  <size>
   XL
  </size>
  <color>
   Синий
  </color>
  <material>
   Шерсть
  </material>
  <price>
   318234
  </price>
  <rating>
   3.02
  </rating>
  <reviews>
   813831
  </reviews>
  <new>
   -
  </new>
 </clothing>
 <clothing>
  <id>
   519714146
  </id>
  <name>
   Ellesse Hat Y-1483
  </name>
  <category>
   Hat
  </category>
  <size>
   L
  </size>
  <color>
   Желтый
  </color>
  <material>
   Лен
  </material>
  <price>
   936900
  </price>
  <rating>
   2.58
  </rating>
  <reviews>
   249074
  </reviews>
  <new>
   +
  </new>
  <exclusive>
   no
  </exclusive>
  <sporty>
   no
  </sporty>
 </clothing>
 <clothing>
  <id>
   943977043
  </id>
  <name>
   Ellesse Sweater C-2207
  </name>
  <category>
   Sweater
  </category>
  <size>
   M
  </size>
  <color>
   Фиолетовый
  </color>
  <material>
   Вискоза
  </material>
  <price>
   254430
  </price>
  <rating>
   3.46
  </rating>
  <reviews>
   314643
  </reviews>
  <sporty>
   no
  </sporty>
 </clothing>
 <clothing>
  <id>
   476754029
  </id>
  <name>
   Ellesse Umbrellas D-4782
  </name>
  <category>
   Umbrellas
  </category>
  <size>
   S
  </size>
  <color>
   Зеленый
  </color>
  <material>
   Хлопок
  </material>
  <price>
   565119
  </price>
  <rating>
   4.62
  </rating>
  <reviews>
   46409
  </reviews>
  <exclusive>
   yes
  </exclusive>
  <sporty>
   no
  </sporty>
 </clothing>
 <clothing>
  <id>
   640894081
  </id>
  <name>
   Under Armour Socks N-3736
  </name>
  <category>
   Socks
  </category>
  <size>
   XXL
  </size>
  <color>
   Красный
  </color>
  <material>
   Лен
  </material>
  <price>
   658157
  </price>
  <rating>
   4.35
  </rating>
  <reviews>
   558986
  </reviews>
  <new>
   -
  </new>
  <sporty>
   yes
  </sporty>
 </clothing>
 <clothing>
  <id>
   376153276
  </id>
  <name>
   Addidas Dress K-1582
  </name>
  <category>
   Dress
  </category>
  <size>
   L
  </size>
  <color>
   Красный
  </color>
  <material>
   Шелк
  </material>
  <price>
   734240
  </price>
  <rating>
   2.62
  </rating>
  <reviews>
   132457
  </reviews>
  <exclusive>
   no
  </exclusive>
 </clothing>
 <clothing>
  <id>
   207548544
  </id>
  <name>
   Nike Handbags X-9012
  </name>
  <category>
   Handbags
  </category>
  <size>
   XXL
  </size>
  <color>
   Желтый
  </color>
  <material>
   Шелк
  </material>
  <price>
   808154
  </price>
  <rating>
   2.44
  </rating>
  <reviews>
   208618
  </reviews>
  <new>
   -
  </new>
  <exclusive>
   yes
  </exclusive>
 </clothing>
 <clothing>
  <id>
   473262033
  </id>
  <name>
   New Balance Belts A-9045
  </name>
  <category>
   Belts
  </category>
  <size>
   XL
  </size>
  <color>
   Оранжевый
  </color>
  <material>
   Нейлон
  </material>
  <price>
   579017
  </price>
  <rating>
   1.57
  </rating>
  <reviews>
   433456
  </reviews>
  <new>
   -
  </new>
  <exclusive>
   no
  </exclusive>
 </clothing>
 <clothing>
  <id>
   827518108
  </id>
  <name>
   Nike Gloves C-5994
  </name>
  <category>
   Gloves
  </category>
  <size>
   M
  </size>
  <color>
   Фиолетовый
  </color>
  <material>
   Шелк
  </material>
  <price>
   116856
  </price>
  <rating>
   4.09
  </rating>
  <reviews>
   614325
  </reviews>
  <new>
   -
  </new>
  <exclusive>
   no
  </exclusive>
  <sporty>
   no
  </sporty>
 </clothing>
 <clothing>
  <id>
   730717629
  </id>
  <name>
   DC Umbrellas W-2068
  </name>
  <category>
   Umbrellas
  </category>
  <size>
   XXL
  </size>
  <color>
   Синий
  </color>
  <material>
   Полиэстер
  </material>
  <price>
   847818
  </price>
  <rating>
   3.62
  </rating>
  <reviews>
   596910
  </reviews>
  <sporty>
   no
  </sporty>
 </clothing>
 <clothing>
  <id>
   621204689
  </id>
  <name>
   Adidas Shirt G-5330
  </name>
  <category>
   Shirt
  </category>
  <size>
   XXL
  </size>
  <color>
   Желтый
  </color>
  <material>
   Нейлон
  </material>
  <price>
   479464
  </price>
  <rating>
   4.91
  </rating>
  <reviews>
   879280
  </reviews>
  <new>
   -
  </new>
  <exclusive>
   yes
  </exclusive>
 </clothing>
 <clothing>
  <id>
   129935425
  </id>
  <name>
   PleinSport Pants M-5129
  </name>
  <category>
   Pants
  </category>
  <size>
   XL
  </size>
  <color>
   Оранжевый
  </color>
  <material>
   Нейлон
  </material>
  <price>
   618479
  </price>
  <rating>
   5.0
  </rating>
  <reviews>
   344470
  </reviews>
  <new>
   +
  </new>
  <exclusive>
   yes
  </exclusive>
  <sporty>
   no
  </sporty>
 </clothing>
 <clothing>
  <id>
   577676175
  </id>
  <name>
   Fila Gloves A-7241
  </name>
  <category>
   Gloves
  </category>
  <size>
   L
  </size>
  <color>
   Красный
  </color>
  <material>
   Шерсть
  </material>
  <price>
   459608
  </price>
  <rating>
   4.29
  </rating>
  <reviews>
   347989
  </reviews>
  <new>
   -
  </new>
  <exclusive>
   no
  </exclusive>
  <sporty>
   no
  </sporty>
 </clothing>
 <clothing>
  <id>
   885673545
  </id>
  <name>
   Fila Gloves E-3539
  </name>
  <category>
   Gloves
  </category>
  <size>
   S
  </size>
  <color>
   Зеленый
  </color>
  <material>
   Нейлон
  </material>
  <price>
   798878
  </price>
  <rating>
   3.47
  </rating>
  <reviews>
   516877
  </reviews>
  <new>
   -
  </new>
  <exclusive>
   no
  </exclusive>
  <sporty>
   no
  </sporty>
 </clothing>
 <clothing>
  <id>
   336161849
  </id>
  <name>
   Puma Shirt D-8012
  </name>
  <category>
   Shirt
  </category>
  <size>
   M
  </size>
  <color>
   Желтый
  </color>
  <material>
   Шерсть
  </material>
  <price>
   474659
  </price>
  <rating>
   2.0
  </rating>
  <reviews>
   77325
  </reviews>
  <exclusive>
   no
  </exclusive>
 </clothing>
 <clothing>
  <id>
   331096741
  </id>
  <name>
   Brooks Shirt G-5311
  </name>
  <category>
   Shirt
  </category>
  <size>
   S
  </size>
  <color>
   Фиолетовый
  </color>
  <material>
   Полиэстер
  </material>
  <price>
   323183
  </price>
  <rating>
   3.81
  </rating>
  <reviews>
   394132
  </reviews>
  <new>
   -
  </new>
 </clothing>
 <clothing>
  <id>
   282277030
  </id>
  <name>
   Converse Handbags R-1201
  </name>
  <category>
   Handbags
  </category>
  <size>
   XL
  </size>
  <color>
   Зеленый
  </color>
  <material>
   Кожа
  </material>
  <price>
   537036
  </price>
  <rating>
   1.1
  </rating>
  <reviews>
   709277
  </reviews>
  <sporty>
   yes
  </sporty>
 </clothing>
 <clothing>
  <id>
   311947615
  </id>
  <name>
   Asics Belts D-4244
  </name>
  <category>
   Belts
  </category>
  <size>
   XL
  </size>
  <color>
   Желтый
  </color>
  <material>
   Шелк
  </material>
  <price>
   467637
  </price>
  <rating>
   1.2
  </rating>
  <reviews>
   650631
  </reviews>
  <new>
   +
  </new>
  <exclusive>
   no
  </exclusive>
  <sporty>
   yes
  </sporty>
 </clothing>
 <clothing>
  <id>
   841708216
  </id>
  <name>
   Fila Socks Z-1941
  </name>
  <category>
   Socks
  </category>
  <size>
   XXL
  </size>
  <color>
   Желтый
  </color>
  <material>
   Хлопок
  </material>
  <price>
   113847
  </price>
  <rating>
   2.5
  </rating>
  <reviews>
   324049
  </reviews>
  <exclusive>
   yes
  </exclusive>
  <sporty>
   yes
  </sporty>
 </clothing>
 <clothing>
  <id>
   614365473
  </id>
  <name>
   Lacoste Gloves E-9683
  </name>
  <category>
   Gloves
  </category>
  <size>
   S
  </size>
  <color>
   Голубой
  </color>
  <material>
   Шерсть
  </material>
  <price>
   214646
  </price>
  <rating>
   3.01
  </rating>
  <reviews>
   466146
  </reviews>
  <new>
   +
  </new>
 </clothing>
 <clothing>
  <id>
   443807525
  </id>
  <name>
   PleinSport Shirt Q-6070
  </name>
  <category>
   Shirt
  </category>
  <size>
   XXL
  </size>
  <color>
   Фиолетовый
  </color>
  <material>
   Хлопок
  </material>
  <price>
   874910
  </price>
  <rating>
   4.39
  </rating>
  <reviews>
   242220
  </reviews>
  <new>
   -
  </new>
  <exclusive>
   no
  </exclusive>
 </clothing>
 <clothing>
  <id>
   355591808
  </id>
  <name>
   Brooks Shirt R-5539
  </name>
  <category>
   Shirt
  </category>
  <size>
   XXL
  </size>
  <color>
   Желтый
  </color>
  <material>
   Нейлон
  </material>
  <price>
   462159
  </price>
  <rating>
   3.44
  </rating>
  <reviews>
   415614
  </reviews>
  <exclusive>
   no
  </exclusive>
  <sporty>
   yes
  </sporty>
 </clothing>
</clothing-items>
