<?xml version="1.0" encoding="utf-8"?>
<clothing-items>
 <clothing>
  <id>
   462217818
  </id>
  <name>
   Under Armour Jeans T-9873
  </name>
  <category>
   Jeans
  </category>
  <size>
   L
  </size>
  <color>
   Голубой
  </color>
  <material>
   Вискоза
  </material>
  <price>
   323796
  </price>
  <rating>
   3.18
  </rating>
  <reviews>
   750007
  </reviews>
 </clothing>
 <clothing>
  <id>
   828082393
  </id>
  <name>
   Fila Hat G-4965
  </name>
  <category>
   Hat
  </category>
  <size>
   M
  </size>
  <color>
   Желтый
  </color>
  <material>
   Шелк
  </material>
  <price>
   749532
  </price>
  <rating>
   2.95
  </rating>
  <reviews>
   127372
  </reviews>
  <new>
   -
  </new>
  <exclusive>
   no
  </exclusive>
  <sporty>
   no
  </sporty>
 </clothing>
 <clothing>
  <id>
   476109945
  </id>
  <name>
   Under Armour Hat H-9269
  </name>
  <category>
   Hat
  </category>
  <size>
   M
  </size>
  <color>
   Желтый
  </color>
  <material>
   Шерсть
  </material>
  <price>
   892426
  </price>
  <rating>
   1.29
  </rating>
  <reviews>
   12328
  </reviews>
  <new>
   -
  </new>
 </clothing>
 <clothing>
  <id>
   398876758
  </id>
  <name>
   Lacoste Blouse L-6324
  </name>
  <category>
   Blouse
  </category>
  <size>
   XL
  </size>
  <color>
   Голубой
  </color>
  <material>
   Шерсть
  </material>
  <price>
   331350
  </price>
  <rating>
   3.93
  </rating>
  <reviews>
   496198
  </reviews>
  <new>
   +
  </new>
  <sporty>
   no
  </sporty>
 </clothing>
 <clothing>
  <id>
   396759374
  </id>
  <name>
   Converse Blouse D-7836
  </name>
  <category>
   Blouse
  </category>
  <size>
   S
  </size>
  <color>
   Желтый
  </color>
  <material>
   Вискоза
  </material>
  <price>
   199274
  </price>
  <rating>
   2.49
  </rating>
  <reviews>
   38302
  </reviews>
  <new>
   -
  </new>
 </clothing>
 <clothing>
  <id>
   150956916
  </id>
  <name>
   New Balance Umbrellas B-6421
  </name>
  <category>
   Umbrellas
  </category>
  <size>
   S
  </size>
  <color>
   Зеленый
  </color>
  <material>
   Полиэстер
  </material>
  <price>
   691955
  </price>
  <rating>
   2.27
  </rating>
  <reviews>
   34960
  </reviews>
  <new>
   -
  </new>
  <exclusive>
   no
  </exclusive>
  <sporty>
   no
  </sporty>
 </clothing>
 <clothing>
  <id>
   978616422
  </id>
  <name>
   Addidas Umbrellas O-2370
  </name>
  <category>
   Umbrellas
  </category>
  <size>
   L
  </size>
  <color>
   Голубой
  </color>
  <material>
   Полиэстер
  </material>
  <price>
   184034
  </price>
  <rating>
   3.31
  </rating>
  <reviews>
   617593
  </reviews>
  <new>
   -
  </new>
 </clothing>
 <clothing>
  <id>
   117822293
  </id>
  <name>
   New Balance T-shirt E-8175
  </name>
  <category>
   T-shirt
  </category>
  <size>
   L
  </size>
  <color>
   Красный
  </color>
  <material>
   Кожа
  </material>
  <price>
   748801
  </price>
  <rating>
   4.4
  </rating>
  <reviews>
   728247
  </reviews>
  <new>
   -
  </new>
  <exclusive>
   no
  </exclusive>
  <sporty>
   no
  </sporty>
 </clothing>
 <clothing>
  <id>
   667975356
  </id>
  <name>
   Asics Umbrellas L-9865
  </name>
  <category>
   Umbrellas
  </category>
  <size>
   XL
  </size>
  <color>
   Желтый
  </color>
  <material>
   Шерсть
  </material>
  <price>
   100233
  </price>
  <rating>
   1.41
  </rating>
  <reviews>
   782007
  </reviews>
  <exclusive>
   no
  </exclusive>
 </clothing>
 <clothing>
  <id>
   616852470
  </id>
  <name>
   Lacoste Dress N-1930
  </name>
  <category>
   Dress
  </category>
  <size>
   L
  </size>
  <color>
   Фиолетовый
  </color>
  <material>
   Кожа
  </material>
  <price>
   404574
  </price>
  <rating>
   1.84
  </rating>
  <reviews>
   642626
  </reviews>
  <new>
   -
  </new>
  <exclusive>
   yes
  </exclusive>
  <sporty>
   no
  </sporty>
 </clothing>
 <clothing>
  <id>
   707086849
  </id>
  <name>
   Converse Jacket S-8896
  </name>
  <category>
   Jacket
  </category>
  <size>
   S
  </size>
  <color>
   Красный
  </color>
  <material>
   Кожа
  </material>
  <price>
   944947
  </price>
  <rating>
   4.82
  </rating>
  <reviews>
   864348
  </reviews>
  <exclusive>
   yes
  </exclusive>
  <sporty>
   yes
  </sporty>
 </clothing>
 <clothing>
  <id>
   275174749
  </id>
  <name>
   Converse Sweater T-9048
  </name>
  <category>
   Sweater
  </category>
  <size>
   XL
  </size>
  <color>
   Желтый
  </color>
  <material>
   Полиэстер
  </material>
  <price>
   233690
  </price>
  <rating>
   1.95
  </rating>
  <reviews>
   961806
  </reviews>
  <exclusive>
   no
  </exclusive>
  <sporty>
   no
  </sporty>
 </clothing>
 <clothing>
  <id>
   334691329
  </id>
  <name>
   Converse Belts E-8172
  </name>
  <category>
   Belts
  </category>
  <size>
   S
  </size>
  <color>
   Красный
  </color>
  <material>
   Кожа
  </material>
  <price>
   208262
  </price>
  <rating>
   4.29
  </rating>
  <reviews>
   971760
  </reviews>
  <new>
   -
  </new>
  <exclusive>
   no
  </exclusive>
  <sporty>
   yes
  </sporty>
 </clothing>
 <clothing>
  <id>
   279893565
  </id>
  <name>
   Reebok Skirt F-8768
  </name>
  <category>
   Skirt
  </category>
  <size>
   M
  </size>
  <color>
   Синий
  </color>
  <material>
   Хлопок
  </material>
  <price>
   950901
  </price>
  <rating>
   2.39
  </rating>
  <reviews>
   842568
  </reviews>
  <new>
   +
  </new>
  <exclusive>
   yes
  </exclusive>
  <sporty>
   no
  </sporty>
 </clothing>
 <clothing>
  <id>
   801235789
  </id>
  <name>
   Nike Hat E-5215
  </name>
  <category>
   Hat
  </category>
  <size>
   L
  </size>
  <color>
   Фиолетовый
  </color>
  <material>
   Шерсть
  </material>
  <price>
   454523
  </price>
  <rating>
   4.37
  </rating>
  <reviews>
   714552
  </reviews>
  <new>
   -
  </new>
  <exclusive>
   yes
  </exclusive>
 </clothing>
 <clothing>
  <id>
   248688582
  </id>
  <name>
   Vans Socks Y-6591
  </name>
  <category>
   Socks
  </category>
  <size>
   XL
  </size>
  <color>
   Красный
  </color>
  <material>
   Нейлон
  </material>
  <price>
   421428
  </price>
  <rating>
   4.76
  </rating>
  <reviews>
   888919
  </reviews>
  <new>
   +
  </new>
 </clothing>
 <clothing>
  <id>
   735738390
  </id>
  <name>
   PleinSport Jeans H-9613
  </name>
  <category>
   Jeans
  </category>
  <size>
   M
  </size>
  <color>
   Зеленый
  </color>
  <material>
   Полиэстер
  </material>
  <price>
   419951
  </price>
  <rating>
   3.59
  </rating>
  <reviews>
   661757
  </reviews>
  <exclusive>
   no
  </exclusive>
  <sporty>
   no
  </sporty>
 </clothing>
 <clothing>
  <id>
   500923239
  </id>
  <name>
   DC T-shirt Z-1269
  </name>
  <category>
   T-shirt
  </category>
  <size>
   S
  </size>
  <color>
   Красный
  </color>
  <material>
   Вискоза
  </material>
  <price>
   204430
  </price>
  <rating>
   2.17
  </rating>
  <reviews>
   364549
  </reviews>
  <new>
   -
  </new>
  <exclusive>
   no
  </exclusive>
  <sporty>
   no
  </sporty>
 </clothing>
 <clothing>
  <id>
   700708577
  </id>
  <name>
   Fila Socks L-6608
  </name>
  <category>
   Socks
  </category>
  <size>
   XL
  </size>
  <color>
   Зеленый
  </color>
  <material>
   Полиэстер
  </material>
  <price>
   778820
  </price>
  <rating>
   1.76
  </rating>
  <reviews>
   201315
  </reviews>
  <sporty>
   no
  </sporty>
 </clothing>
 <clothing>
  <id>
   924584147
  </id>
  <name>
   Ellesse Dress E-6697
  </name>
  <category>
   Dress
  </category>
  <size>
   M
  </size>
  <color>
   Красный
  </color>
  <material>
   Кожа
  </material>
  <price>
   334999
  </price>
  <rating>
   1.62
  </rating>
  <reviews>
   475187
  </reviews>
  <new>
   +
  </new>
  <exclusive>
   yes
  </exclusive>
  <sporty>
   yes
  </sporty>
 </clothing>
</clothing-items>
