<?xml version="1.0" encoding="utf-8"?>
<clothing-items>
 <clothing>
  <id>
   782868498
  </id>
  <name>
   PleinSport Shoes I-5742
  </name>
  <category>
   Shoes
  </category>
  <size>
   XL
  </size>
  <color>
   Голубой
  </color>
  <material>
   Нейлон
  </material>
  <price>
   731385
  </price>
  <rating>
   3.97
  </rating>
  <reviews>
   597142
  </reviews>
  <exclusive>
   no
  </exclusive>
  <sporty>
   no
  </sporty>
 </clothing>
 <clothing>
  <id>
   873745744
  </id>
  <name>
   Adidas Belts R-4597
  </name>
  <category>
   Belts
  </category>
  <size>
   M
  </size>
  <color>
   Желтый
  </color>
  <material>
   Вискоза
  </material>
  <price>
   769017
  </price>
  <rating>
   1.19
  </rating>
  <reviews>
   288058
  </reviews>
  <sporty>
   no
  </sporty>
 </clothing>
 <clothing>
  <id>
   912571282
  </id>
  <name>
   Under Armour T-shirt C-5390
  </name>
  <category>
   T-shirt
  </category>
  <size>
   L
  </size>
  <color>
   Желтый
  </color>
  <material>
   Вискоза
  </material>
  <price>
   444551
  </price>
  <rating>
   4.98
  </rating>
  <reviews>
   267125
  </reviews>
  <exclusive>
   no
  </exclusive>
  <sporty>
   yes
  </sporty>
 </clothing>
 <clothing>
  <id>
   208457790
  </id>
  <name>
   Fila Dress I-1353
  </name>
  <category>
   Dress
  </category>
  <size>
   XXL
  </size>
  <color>
   Оранжевый
  </color>
  <material>
   Хлопок
  </material>
  <price>
   605279
  </price>
  <rating>
   3.1
  </rating>
  <reviews>
   293550
  </reviews>
  <new>
   -
  </new>
  <exclusive>
   yes
  </exclusive>
 </clothing>
 <clothing>
  <id>
   168253273
  </id>
  <name>
   Addidas Jacket G-6408
  </name>
  <category>
   Jacket
  </category>
  <size>
   L
  </size>
  <color>
   Оранжевый
  </color>
  <material>
   Кожа
  </material>
  <price>
   648377
  </price>
  <rating>
   1.17
  </rating>
  <reviews>
   390088
  </reviews>
  <exclusive>
   yes
  </exclusive>
  <sporty>
   no
  </sporty>
 </clothing>
 <clothing>
  <id>
   325522651
  </id>
  <name>
   Fila T-shirt G-8633
  </name>
  <category>
   T-shirt
  </category>
  <size>
   S
  </size>
  <color>
   Красный
  </color>
  <material>
   Нейлон
  </material>
  <price>
   110437
  </price>
  <rating>
   3.25
  </rating>
  <reviews>
   752083
  </reviews>
  <new>
   +
  </new>
  <sporty>
   yes
  </sporty>
 </clothing>
 <clothing>
  <id>
   560557084
  </id>
  <name>
   Converse Gloves U-9346
  </name>
  <category>
   Gloves
  </category>
  <size>
   XL
  </size>
  <color>
   Красный
  </color>
  <material>
   Вискоза
  </material>
  <price>
   582200
  </price>
  <rating>
   3.65
  </rating>
  <reviews>
   445910
  </reviews>
  <new>
   +
  </new>
 </clothing>
 <clothing>
  <id>
   873509950
  </id>
  <name>
   Fila Dress L-8613
  </name>
  <category>
   Dress
  </category>
  <size>
   L
  </size>
  <color>
   Фиолетовый
  </color>
  <material>
   Вискоза
  </material>
  <price>
   426055
  </price>
  <rating>
   4.76
  </rating>
  <reviews>
   416960
  </reviews>
  <new>
   -
  </new>
  <sporty>
   yes
  </sporty>
 </clothing>
 <clothing>
  <id>
   414976087
  </id>
  <name>
   Under Armour Blouse G-8297
  </name>
  <category>
   Blouse
  </category>
  <size>
   S
  </size>
  <color>
   Зеленый
  </color>
  <material>
   Лен
  </material>
  <price>
   808643
  </price>
  <rating>
   4.89
  </rating>
  <reviews>
   303880
  </reviews>
  <new>
   +
  </new>
 </clothing>
 <clothing>
  <id>
   380747314
  </id>
  <name>
   Puma Jacket P-7253
  </name>
  <category>
   Jacket
  </category>
  <size>
   S
  </size>
  <color>
   Желтый
  </color>
  <material>
   Нейлон
  </material>
  <price>
   639324
  </price>
  <rating>
   4.38
  </rating>
  <reviews>
   248787
  </reviews>
  <new>
   +
  </new>
  <exclusive>
   no
  </exclusive>
  <sporty>
   no
  </sporty>
 </clothing>
 <clothing>
  <id>
   301503737
  </id>
  <name>
   DC Pants Y-1432
  </name>
  <category>
   Pants
  </category>
  <size>
   XXL
  </size>
  <color>
   Красный
  </color>
  <material>
   Шелк
  </material>
  <price>
   527420
  </price>
  <rating>
   2.91
  </rating>
  <reviews>
   157306
  </reviews>
  <new>
   -
  </new>
 </clothing>
 <clothing>
  <id>
   628084014
  </id>
  <name>
   Addidas Gloves S-8391
  </name>
  <category>
   Gloves
  </category>
  <size>
   L
  </size>
  <color>
   Желтый
  </color>
  <material>
   Кожа
  </material>
  <price>
   494436
  </price>
  <rating>
   2.18
  </rating>
  <reviews>
   259282
  </reviews>
  <new>
   -
  </new>
  <exclusive>
   no
  </exclusive>
 </clothing>
 <clothing>
  <id>
   401076354
  </id>
  <name>
   Fila Blouse P-4992
  </name>
  <category>
   Blouse
  </category>
  <size>
   XL
  </size>
  <color>
   Оранжевый
  </color>
  <material>
   Вискоза
  </material>
  <price>
   879688
  </price>
  <rating>
   1.49
  </rating>
  <reviews>
   589253
  </reviews>
  <new>
   +
  </new>
  <exclusive>
   yes
  </exclusive>
 </clothing>
 <clothing>
  <id>
   159590804
  </id>
  <name>
   New Balance Skirt L-1449
  </name>
  <category>
   Skirt
  </category>
  <size>
   S
  </size>
  <color>
   Красный
  </color>
  <material>
   Шерсть
  </material>
  <price>
   855734
  </price>
  <rating>
   1.2
  </rating>
  <reviews>
   896797
  </reviews>
  <new>
   -
  </new>
  <sporty>
   no
  </sporty>
 </clothing>
 <clothing>
  <id>
   700909981
  </id>
  <name>
   Ellesse Jeans M-6097
  </name>
  <category>
   Jeans
  </category>
  <size>
   XXL
  </size>
  <color>
   Голубой
  </color>
  <material>
   Кожа
  </material>
  <price>
   613432
  </price>
  <rating>
   1.85
  </rating>
  <reviews>
   518384
  </reviews>
  <new>
   -
  </new>
  <exclusive>
   no
  </exclusive>
 </clothing>
 <clothing>
  <id>
   936283079
  </id>
  <name>
   Fila Jacket C-4097
  </name>
  <category>
   Jacket
  </category>
  <size>
   XXL
  </size>
  <color>
   Голубой
  </color>
  <material>
   Вискоза
  </material>
  <price>
   227005
  </price>
  <rating>
   1.84
  </rating>
  <reviews>
   514838
  </reviews>
  <exclusive>
   no
  </exclusive>
 </clothing>
 <clothing>
  <id>
   107541551
  </id>
  <name>
   PleinSport Handbags Q-7609
  </name>
  <category>
   Handbags
  </category>
  <size>
   S
  </size>
  <color>
   Синий
  </color>
  <material>
   Полиэстер
  </material>
  <price>
   871817
  </price>
  <rating>
   1.15
  </rating>
  <reviews>
   56931
  </reviews>
  <exclusive>
   no
  </exclusive>
  <sporty>
   yes
  </sporty>
 </clothing>
 <clothing>
  <id>
   745424143
  </id>
  <name>
   Brooks Jacket C-2768
  </name>
  <category>
   Jacket
  </category>
  <size>
   XL
  </size>
  <color>
   Голубой
  </color>
  <material>
   Вискоза
  </material>
  <price>
   687094
  </price>
  <rating>
   4.68
  </rating>
  <reviews>
   922579
  </reviews>
  <sporty>
   no
  </sporty>
 </clothing>
 <clothing>
  <id>
   174454547
  </id>
  <name>
   Converse Dress L-6479
  </name>
  <category>
   Dress
  </category>
  <size>
   M
  </size>
  <color>
   Красный
  </color>
  <material>
   Нейлон
  </material>
  <price>
   171034
  </price>
  <rating>
   2.27
  </rating>
  <reviews>
   318951
  </reviews>
  <new>
   -
  </new>
  <sporty>
   no
  </sporty>
 </clothing>
 <clothing>
  <id>
   201490030
  </id>
  <name>
   Vans Shoes P-3481
  </name>
  <category>
   Shoes
  </category>
  <size>
   M
  </size>
  <color>
   Голубой
  </color>
  <material>
   Полиэстер
  </material>
  <price>
   586392
  </price>
  <rating>
   4.86
  </rating>
  <reviews>
   74396
  </reviews>
  <sporty>
   no
  </sporty>
 </clothing>
 <clothing>
  <id>
   194379715
  </id>
  <name>
   Reebok Hat J-6338
  </name>
  <category>
   Hat
  </category>
  <size>
   S
  </size>
  <color>
   Синий
  </color>
  <material>
   Кожа
  </material>
  <price>
   657120
  </price>
  <rating>
   1.94
  </rating>
  <reviews>
   902241
  </reviews>
  <new>
   +
  </new>
  <sporty>
   yes
  </sporty>
 </clothing>
 <clothing>
  <id>
   259921524
  </id>
  <name>
   PleinSport Skirt K-4061
  </name>
  <category>
   Skirt
  </category>
  <size>
   S
  </size>
  <color>
   Оранжевый
  </color>
  <material>
   Полиэстер
  </material>
  <price>
   482387
  </price>
  <rating>
   4.63
  </rating>
  <reviews>
   511340
  </reviews>
  <new>
   +
  </new>
  <exclusive>
   yes
  </exclusive>
  <sporty>
   yes
  </sporty>
 </clothing>
 <clothing>
  <id>
   210873492
  </id>
  <name>
   Reebok Handbags N-6735
  </name>
  <category>
   Handbags
  </category>
  <size>
   S
  </size>
  <color>
   Красный
  </color>
  <material>
   Кожа
  </material>
  <price>
   838776
  </price>
  <rating>
   4.0
  </rating>
  <reviews>
   245270
  </reviews>
  <new>
   -
  </new>
  <exclusive>
   no
  </exclusive>
 </clothing>
 <clothing>
  <id>
   626397943
  </id>
  <name>
   Addidas Pants C-5076
  </name>
  <category>
   Pants
  </category>
  <size>
   S
  </size>
  <color>
   Красный
  </color>
  <material>
   Кожа
  </material>
  <price>
   134430
  </price>
  <rating>
   4.68
  </rating>
  <reviews>
   621821
  </reviews>
  <new>
   -
  </new>
 </clothing>
 <clothing>
  <id>
   386436667
  </id>
  <name>
   Fila Skirt H-9484
  </name>
  <category>
   Skirt
  </category>
  <size>
   S
  </size>
  <color>
   Оранжевый
  </color>
  <material>
   Хлопок
  </material>
  <price>
   231237
  </price>
  <rating>
   2.9
  </rating>
  <reviews>
   766625
  </reviews>
  <new>
   -
  </new>
  <exclusive>
   no
  </exclusive>
  <sporty>
   no
  </sporty>
 </clothing>
 <clothing>
  <id>
   208674162
  </id>
  <name>
   Reebok Shirt Q-9074
  </name>
  <category>
   Shirt
  </category>
  <size>
   S
  </size>
  <color>
   Зеленый
  </color>
  <material>
   Полиэстер
  </material>
  <price>
   241352
  </price>
  <rating>
   4.01
  </rating>
  <reviews>
   811708
  </reviews>
  <new>
   -
  </new>
 </clothing>
 <clothing>
  <id>
   315584606
  </id>
  <name>
   New Balance Shoes R-7099
  </name>
  <category>
   Shoes
  </category>
  <size>
   XL
  </size>
  <color>
   Зеленый
  </color>
  <material>
   Нейлон
  </material>
  <price>
   942936
  </price>
  <rating>
   1.31
  </rating>
  <reviews>
   223558
  </reviews>
  <new>
   +
  </new>
 </clothing>
 <clothing>
  <id>
   787136759
  </id>
  <name>
   Under Armour Sweater H-1114
  </name>
  <category>
   Sweater
  </category>
  <size>
   XXL
  </size>
  <color>
   Красный
  </color>
  <material>
   Лен
  </material>
  <price>
   816183
  </price>
  <rating>
   1.73
  </rating>
  <reviews>
   493901
  </reviews>
  <sporty>
   yes
  </sporty>
 </clothing>
 <clothing>
  <id>
   289917723
  </id>
  <name>
   Lacoste Blouse I-7951
  </name>
  <category>
   Blouse
  </category>
  <size>
   M
  </size>
  <color>
   Голубой
  </color>
  <material>
   Полиэстер
  </material>
  <price>
   720626
  </price>
  <rating>
   1.9
  </rating>
  <reviews>
   743889
  </reviews>
  <exclusive>
   no
  </exclusive>
 </clothing>
 <clothing>
  <id>
   184701724
  </id>
  <name>
   PleinSport Umbrellas Z-9507
  </name>
  <category>
   Umbrellas
  </category>
  <size>
   XXL
  </size>
  <color>
   Красный
  </color>
  <material>
   Вискоза
  </material>
  <price>
   930490
  </price>
  <rating>
   2.51
  </rating>
  <reviews>
   708338
  </reviews>
  <exclusive>
   no
  </exclusive>
  <sporty>
   no
  </sporty>
 </clothing>
 <clothing>
  <id>
   153379395
  </id>
  <name>
   Addidas Jeans F-5149
  </name>
  <category>
   Jeans
  </category>
  <size>
   XL
  </size>
  <color>
   Желтый
  </color>
  <material>
   Шелк
  </material>
  <price>
   291523
  </price>
  <rating>
   2.64
  </rating>
  <reviews>
   327785
  </reviews>
  <new>
   +
  </new>
  <exclusive>
   no
  </exclusive>
  <sporty>
   no
  </sporty>
 </clothing>
 <clothing>
  <id>
   979106443
  </id>
  <name>
   Under Armour Sweater E-8487
  </name>
  <category>
   Sweater
  </category>
  <size>
   M
  </size>
  <color>
   Синий
  </color>
  <material>
   Лен
  </material>
  <price>
   459700
  </price>
  <rating>
   2.55
  </rating>
  <reviews>
   241318
  </reviews>
 </clothing>
 <clothing>
  <id>
   150270325
  </id>
  <name>
   Ellesse Shoes Q-2600
  </name>
  <category>
   Shoes
  </category>
  <size>
   S
  </size>
  <color>
   Голубой
  </color>
  <material>
   Хлопок
  </material>
  <price>
   548055
  </price>
  <rating>
   1.94
  </rating>
  <reviews>
   451044
  </reviews>
  <new>
   -
  </new>
  <exclusive>
   yes
  </exclusive>
  <sporty>
   no
  </sporty>
 </clothing>
 <clothing>
  <id>
   198613064
  </id>
  <name>
   Reebok Hat L-8342
  </name>
  <category>
   Hat
  </category>
  <size>
   XXL
  </size>
  <color>
   Оранжевый
  </color>
  <material>
   Вискоза
  </material>
  <price>
   913520
  </price>
  <rating>
   1.58
  </rating>
  <reviews>
   353843
  </reviews>
  <new>
   -
  </new>
  <exclusive>
   yes
  </exclusive>
  <sporty>
   no
  </sporty>
 </clothing>
 <clothing>
  <id>
   951832395
  </id>
  <name>
   Asics Belts S-7888
  </name>
  <category>
   Belts
  </category>
  <size>
   S
  </size>
  <color>
   Голубой
  </color>
  <material>
   Кожа
  </material>
  <price>
   857735
  </price>
  <rating>
   4.25
  </rating>
  <reviews>
   122777
  </reviews>
  <exclusive>
   no
  </exclusive>
 </clothing>
 <clothing>
  <id>
   927939495
  </id>
  <name>
   Brooks Blouse T-2063
  </name>
  <category>
   Blouse
  </category>
  <size>
   XXL
  </size>
  <color>
   Фиолетовый
  </color>
  <material>
   Кожа
  </material>
  <price>
   979749
  </price>
  <rating>
   3.03
  </rating>
  <reviews>
   326138
  </reviews>
  <new>
   -
  </new>
 </clothing>
 <clothing>
  <id>
   739813062
  </id>
  <name>
   Asics T-shirt C-3810
  </name>
  <category>
   T-shirt
  </category>
  <size>
   L
  </size>
  <color>
   Зеленый
  </color>
  <material>
   Шерсть
  </material>
  <price>
   378054
  </price>
  <rating>
   4.8
  </rating>
  <reviews>
   525388
  </reviews>
  <new>
   +
  </new>
  <exclusive>
   yes
  </exclusive>
  <sporty>
   no
  </sporty>
 </clothing>
 <clothing>
  <id>
   738002749
  </id>
  <name>
   Fila T-shirt C-9706
  </name>
  <category>
   T-shirt
  </category>
  <size>
   M
  </size>
  <color>
   Фиолетовый
  </color>
  <material>
   Нейлон
  </material>
  <price>
   837324
  </price>
  <rating>
   4.32
  </rating>
  <reviews>
   209381
  </reviews>
  <new>
   -
  </new>
 </clothing>
 <clothing>
  <id>
   437771884
  </id>
  <name>
   DC Skirt Q-3059
  </name>
  <category>
   Skirt
  </category>
  <size>
   L
  </size>
  <color>
   Желтый
  </color>
  <material>
   Шерсть
  </material>
  <price>
   246666
  </price>
  <rating>
   3.41
  </rating>
  <reviews>
   126280
  </reviews>
  <exclusive>
   no
  </exclusive>
  <sporty>
   yes
  </sporty>
 </clothing>
 <clothing>
  <id>
   734997457
  </id>
  <name>
   Addidas Jeans Q-4137
  </name>
  <category>
   Jeans
  </category>
  <size>
   XXL
  </size>
  <color>
   Красный
  </color>
  <material>
   Полиэстер
  </material>
  <price>
   772446
  </price>
  <rating>
   3.41
  </rating>
  <reviews>
   158095
  </reviews>
  <new>
   -
  </new>
  <sporty>
   no
  </sporty>
 </clothing>
 <clothing>
  <id>
   747966110
  </id>
  <name>
   PleinSport Pants J-2757
  </name>
  <category>
   Pants
  </category>
  <size>
   L
  </size>
  <color>
   Оранжевый
  </color>
  <material>
   Шерсть
  </material>
  <price>
   268087
  </price>
  <rating>
   2.52
  </rating>
  <reviews>
   902777
  </reviews>
  <new>
   -
  </new>
  <sporty>
   no
  </sporty>
 </clothing>
 <clothing>
  <id>
   612449273
  </id>
  <name>
   Under Armour Hat N-2294
  </name>
  <category>
   Hat
  </category>
  <size>
   XL
  </size>
  <color>
   Синий
  </color>
  <material>
   Хлопок
  </material>
  <price>
   584685
  </price>
  <rating>
   2.45
  </rating>
  <reviews>
   303920
  </reviews>
  <new>
   +
  </new>
  <exclusive>
   no
  </exclusive>
  <sporty>
   no
  </sporty>
 </clothing>
 <clothing>
  <id>
   540481766
  </id>
  <name>
   Ellesse Sweater G-4993
  </name>
  <category>
   Sweater
  </category>
  <size>
   L
  </size>
  <color>
   Зеленый
  </color>
  <material>
   Лен
  </material>
  <price>
   193544
  </price>
  <rating>
   2.46
  </rating>
  <reviews>
   620160
  </reviews>
  <new>
   +
  </new>
  <exclusive>
   no
  </exclusive>
  <sporty>
   no
  </sporty>
 </clothing>
 <clothing>
  <id>
   535301344
  </id>
  <name>
   Lacoste Skirt J-4209
  </name>
  <category>
   Skirt
  </category>
  <size>
   S
  </size>
  <color>
   Голубой
  </color>
  <material>
   Шелк
  </material>
  <price>
   746826
  </price>
  <rating>
   1.55
  </rating>
  <reviews>
   179791
  </reviews>
  <new>
   +
  </new>
  <exclusive>
   no
  </exclusive>
 </clothing>
 <clothing>
  <id>
   383233791
  </id>
  <name>
   Puma Jacket A-6286
  </name>
  <category>
   Jacket
  </category>
  <size>
   XL
  </size>
  <color>
   Желтый
  </color>
  <material>
   Хлопок
  </material>
  <price>
   496001
  </price>
  <rating>
   1.39
  </rating>
  <reviews>
   45108
  </reviews>
  <new>
   +
  </new>
  <exclusive>
   no
  </exclusive>
  <sporty>
   no
  </sporty>
 </clothing>
 <clothing>
  <id>
   881838513
  </id>
  <name>
   Under Armour Gloves X-3707
  </name>
  <category>
   Gloves
  </category>
  <size>
   XXL
  </size>
  <color>
   Желтый
  </color>
  <material>
   Хлопок
  </material>
  <price>
   715626
  </price>
  <rating>
   1.23
  </rating>
  <reviews>
   502991
  </reviews>
  <new>
   +
  </new>
  <exclusive>
   yes
  </exclusive>
 </clothing>
 <clothing>
  <id>
   627197517
  </id>
  <name>
   Ellesse T-shirt S-5428
  </name>
  <category>
   T-shirt
  </category>
  <size>
   M
  </size>
  <color>
   Оранжевый
  </color>
  <material>
   Шелк
  </material>
  <price>
   836248
  </price>
  <rating>
   3.77
  </rating>
  <reviews>
   215181
  </reviews>
  <exclusive>
   no
  </exclusive>
  <sporty>
   yes
  </sporty>
 </clothing>
 <clothing>
  <id>
   718485407
  </id>
  <name>
   Asics Socks L-8113
  </name>
  <category>
   Socks
  </category>
  <size>
   M
  </size>
  <color>
   Желтый
  </color>
  <material>
   Шелк
  </material>
  <price>
   410124
  </price>
  <rating>
   2.64
  </rating>
  <reviews>
   530991
  </reviews>
  <exclusive>
   no
  </exclusive>
  <sporty>
   no
  </sporty>
 </clothing>
 <clothing>
  <id>
   530918423
  </id>
  <name>
   Converse Pants S-2126
  </name>
  <category>
   Pants
  </category>
  <size>
   S
  </size>
  <color>
   Желтый
  </color>
  <material>
   Вискоза
  </material>
  <price>
   108520
  </price>
  <rating>
   4.62
  </rating>
  <reviews>
   436418
  </reviews>
  <sporty>
   no
  </sporty>
 </clothing>
</clothing-items>
