<?xml version="1.0" encoding="utf-8"?>
<clothing-items>
 <clothing>
  <id>
   140613847
  </id>
  <name>
   Puma Skirt D-6652
  </name>
  <category>
   Skirt
  </category>
  <size>
   M
  </size>
  <color>
   Желтый
  </color>
  <material>
   Кожа
  </material>
  <price>
   686945
  </price>
  <rating>
   3.37
  </rating>
  <reviews>
   816281
  </reviews>
 </clothing>
 <clothing>
  <id>
   668653951
  </id>
  <name>
   Vans Shoes D-1205
  </name>
  <category>
   Shoes
  </category>
  <size>
   XXL
  </size>
  <color>
   Красный
  </color>
  <material>
   Полиэстер
  </material>
  <price>
   908308
  </price>
  <rating>
   3.44
  </rating>
  <reviews>
   676901
  </reviews>
  <new>
   +
  </new>
 </clothing>
 <clothing>
  <id>
   223328004
  </id>
  <name>
   New Balance Pants B-5382
  </name>
  <category>
   Pants
  </category>
  <size>
   S
  </size>
  <color>
   Красный
  </color>
  <material>
   Шерсть
  </material>
  <price>
   108548
  </price>
  <rating>
   1.32
  </rating>
  <reviews>
   186688
  </reviews>
  <new>
   +
  </new>
  <exclusive>
   no
  </exclusive>
  <sporty>
   yes
  </sporty>
 </clothing>
 <clothing>
  <id>
   174103231
  </id>
  <name>
   Vans Socks Y-2324
  </name>
  <category>
   Socks
  </category>
  <size>
   XL
  </size>
  <color>
   Фиолетовый
  </color>
  <material>
   Лен
  </material>
  <price>
   960790
  </price>
  <rating>
   4.41
  </rating>
  <reviews>
   402124
  </reviews>
  <new>
   -
  </new>
  <exclusive>
   no
  </exclusive>
  <sporty>
   yes
  </sporty>
 </clothing>
 <clothing>
  <id>
   857332483
  </id>
  <name>
   Nike Pants T-6997
  </name>
  <category>
   Pants
  </category>
  <size>
   S
  </size>
  <color>
   Красный
  </color>
  <material>
   Нейлон
  </material>
  <price>
   113751
  </price>
  <rating>
   1.68
  </rating>
  <reviews>
   813365
  </reviews>
  <sporty>
   no
  </sporty>
 </clothing>
 <clothing>
  <id>
   902316175
  </id>
  <name>
   Puma Gloves D-2132
  </name>
  <category>
   Gloves
  </category>
  <size>
   S
  </size>
  <color>
   Красный
  </color>
  <material>
   Хлопок
  </material>
  <price>
   291777
  </price>
  <rating>
   4.71
  </rating>
  <reviews>
   897785
  </reviews>
  <new>
   -
  </new>
  <exclusive>
   no
  </exclusive>
  <sporty>
   no
  </sporty>
 </clothing>
 <clothing>
  <id>
   849618358
  </id>
  <name>
   PleinSport Hat G-3518
  </name>
  <category>
   Hat
  </category>
  <size>
   S
  </size>
  <color>
   Голубой
  </color>
  <material>
   Полиэстер
  </material>
  <price>
   621482
  </price>
  <rating>
   2.07
  </rating>
  <reviews>
   299497
  </reviews>
  <new>
   -
  </new>
  <exclusive>
   no
  </exclusive>
  <sporty>
   yes
  </sporty>
 </clothing>
 <clothing>
  <id>
   949932916
  </id>
  <name>
   Lacoste Dress H-6469
  </name>
  <category>
   Dress
  </category>
  <size>
   M
  </size>
  <color>
   Голубой
  </color>
  <material>
   Полиэстер
  </material>
  <price>
   231292
  </price>
  <rating>
   3.74
  </rating>
  <reviews>
   330848
  </reviews>
  <exclusive>
   no
  </exclusive>
  <sporty>
   no
  </sporty>
 </clothing>
 <clothing>
  <id>
   876335769
  </id>
  <name>
   Converse Socks Y-4792
  </name>
  <category>
   Socks
  </category>
  <size>
   XXL
  </size>
  <color>
   Желтый
  </color>
  <material>
   Полиэстер
  </material>
  <price>
   878848
  </price>
  <rating>
   4.73
  </rating>
  <reviews>
   223443
  </reviews>
  <new>
   +
  </new>
  <exclusive>
   no
  </exclusive>
 </clothing>
 <clothing>
  <id>
   898604720
  </id>
  <name>
   Converse Blouse Z-6996
  </name>
  <category>
   Blouse
  </category>
  <size>
   L
  </size>
  <color>
   Желтый
  </color>
  <material>
   Полиэстер
  </material>
  <price>
   844552
  </price>
  <rating>
   3.5
  </rating>
  <reviews>
   891545
  </reviews>
  <exclusive>
   no
  </exclusive>
 </clothing>
 <clothing>
  <id>
   860329417
  </id>
  <name>
   Addidas Shoes W-8984
  </name>
  <category>
   Shoes
  </category>
  <size>
   M
  </size>
  <color>
   Желтый
  </color>
  <material>
   Вискоза
  </material>
  <price>
   826788
  </price>
  <rating>
   2.58
  </rating>
  <reviews>
   802954
  </reviews>
  <new>
   -
  </new>
  <exclusive>
   no
  </exclusive>
  <sporty>
   no
  </sporty>
 </clothing>
 <clothing>
  <id>
   863055656
  </id>
  <name>
   Ellesse Skirt S-3993
  </name>
  <category>
   Skirt
  </category>
  <size>
   M
  </size>
  <color>
   Фиолетовый
  </color>
  <material>
   Лен
  </material>
  <price>
   427234
  </price>
  <rating>
   1.33
  </rating>
  <reviews>
   496028
  </reviews>
  <new>
   +
  </new>
 </clothing>
 <clothing>
  <id>
   230849594
  </id>
  <name>
   Fila Belts G-6927
  </name>
  <category>
   Belts
  </category>
  <size>
   M
  </size>
  <color>
   Голубой
  </color>
  <material>
   Вискоза
  </material>
  <price>
   995203
  </price>
  <rating>
   4.08
  </rating>
  <reviews>
   231818
  </reviews>
  <new>
   -
  </new>
  <exclusive>
   yes
  </exclusive>
  <sporty>
   no
  </sporty>
 </clothing>
 <clothing>
  <id>
   420862362
  </id>
  <name>
   DC Shirt E-3764
  </name>
  <category>
   Shirt
  </category>
  <size>
   XL
  </size>
  <color>
   Голубой
  </color>
  <material>
   Хлопок
  </material>
  <price>
   555202
  </price>
  <rating>
   1.29
  </rating>
  <reviews>
   89621
  </reviews>
  <sporty>
   yes
  </sporty>
 </clothing>
 <clothing>
  <id>
   938165617
  </id>
  <name>
   Lacoste Umbrellas I-4748
  </name>
  <category>
   Umbrellas
  </category>
  <size>
   XXL
  </size>
  <color>
   Фиолетовый
  </color>
  <material>
   Кожа
  </material>
  <price>
   461812
  </price>
  <rating>
   3.35
  </rating>
  <reviews>
   309683
  </reviews>
  <new>
   -
  </new>
 </clothing>
 <clothing>
  <id>
   875223899
  </id>
  <name>
   Ellesse Pants K-1538
  </name>
  <category>
   Pants
  </category>
  <size>
   S
  </size>
  <color>
   Красный
  </color>
  <material>
   Кожа
  </material>
  <price>
   115882
  </price>
  <rating>
   4.51
  </rating>
  <reviews>
   877072
  </reviews>
  <new>
   +
  </new>
  <exclusive>
   no
  </exclusive>
 </clothing>
</clothing-items>
