<?xml version="1.0" encoding="utf-8"?>
<clothing-items>
 <clothing>
  <id>
   387402432
  </id>
  <name>
   Puma Blouse N-3325
  </name>
  <category>
   Blouse
  </category>
  <size>
   S
  </size>
  <color>
   Синий
  </color>
  <material>
   Шерсть
  </material>
  <price>
   297653
  </price>
  <rating>
   4.38
  </rating>
  <reviews>
   884134
  </reviews>
  <exclusive>
   yes
  </exclusive>
  <sporty>
   no
  </sporty>
 </clothing>
 <clothing>
  <id>
   294246063
  </id>
  <name>
   DC Dress M-9202
  </name>
  <category>
   Dress
  </category>
  <size>
   XXL
  </size>
  <color>
   Красный
  </color>
  <material>
   Лен
  </material>
  <price>
   292715
  </price>
  <rating>
   3.68
  </rating>
  <reviews>
   404680
  </reviews>
  <exclusive>
   no
  </exclusive>
  <sporty>
   yes
  </sporty>
 </clothing>
 <clothing>
  <id>
   602266915
  </id>
  <name>
   Nike Pants T-8976
  </name>
  <category>
   Pants
  </category>
  <size>
   L
  </size>
  <color>
   Красный
  </color>
  <material>
   Вискоза
  </material>
  <price>
   575222
  </price>
  <rating>
   2.47
  </rating>
  <reviews>
   709934
  </reviews>
 </clothing>
 <clothing>
  <id>
   106442506
  </id>
  <name>
   Addidas Dress Q-9139
  </name>
  <category>
   Dress
  </category>
  <size>
   XXL
  </size>
  <color>
   Желтый
  </color>
  <material>
   Вискоза
  </material>
  <price>
   925283
  </price>
  <rating>
   1.04
  </rating>
  <reviews>
   11567
  </reviews>
  <new>
   -
  </new>
  <sporty>
   no
  </sporty>
 </clothing>
 <clothing>
  <id>
   650766512
  </id>
  <name>
   Converse Pants R-3261
  </name>
  <category>
   Pants
  </category>
  <size>
   L
  </size>
  <color>
   Красный
  </color>
  <material>
   Шерсть
  </material>
  <price>
   179590
  </price>
  <rating>
   4.05
  </rating>
  <reviews>
   19714
  </reviews>
  <new>
   -
  </new>
  <exclusive>
   yes
  </exclusive>
 </clothing>
 <clothing>
  <id>
   100451009
  </id>
  <name>
   New Balance Shoes P-4388
  </name>
  <category>
   Shoes
  </category>
  <size>
   XL
  </size>
  <color>
   Голубой
  </color>
  <material>
   Вискоза
  </material>
  <price>
   546959
  </price>
  <rating>
   4.31
  </rating>
  <reviews>
   373274
  </reviews>
  <new>
   -
  </new>
  <sporty>
   yes
  </sporty>
 </clothing>
 <clothing>
  <id>
   262098716
  </id>
  <name>
   New Balance Dress V-1156
  </name>
  <category>
   Dress
  </category>
  <size>
   S
  </size>
  <color>
   Фиолетовый
  </color>
  <material>
   Шерсть
  </material>
  <price>
   898727
  </price>
  <rating>
   1.63
  </rating>
  <reviews>
   751805
  </reviews>
  <new>
   -
  </new>
  <sporty>
   no
  </sporty>
 </clothing>
 <clothing>
  <id>
   947044545
  </id>
  <name>
   Addidas Socks J-4325
  </name>
  <category>
   Socks
  </category>
  <size>
   XL
  </size>
  <color>
   Оранжевый
  </color>
  <material>
   Шелк
  </material>
  <price>
   270904
  </price>
  <rating>
   1.17
  </rating>
  <reviews>
   258356
  </reviews>
  <new>
   -
  </new>
  <exclusive>
   no
  </exclusive>
 </clothing>
 <clothing>
  <id>
   298607711
  </id>
  <name>
   Puma Handbags V-8457
  </name>
  <category>
   Handbags
  </category>
  <size>
   M
  </size>
  <color>
   Зеленый
  </color>
  <material>
   Кожа
  </material>
  <price>
   798676
  </price>
  <rating>
   4.56
  </rating>
  <reviews>
   620453
  </reviews>
  <new>
   +
  </new>
  <sporty>
   no
  </sporty>
 </clothing>
 <clothing>
  <id>
   532425647
  </id>
  <name>
   Ellesse Sweater B-9952
  </name>
  <category>
   Sweater
  </category>
  <size>
   L
  </size>
  <color>
   Голубой
  </color>
  <material>
   Кожа
  </material>
  <price>
   352936
  </price>
  <rating>
   2.39
  </rating>
  <reviews>
   636673
  </reviews>
  <sporty>
   yes
  </sporty>
 </clothing>
 <clothing>
  <id>
   121908665
  </id>
  <name>
   Vans Dress T-9504
  </name>
  <category>
   Dress
  </category>
  <size>
   M
  </size>
  <color>
   Зеленый
  </color>
  <material>
   Полиэстер
  </material>
  <price>
   580683
  </price>
  <rating>
   3.29
  </rating>
  <reviews>
   512086
  </reviews>
  <new>
   -
  </new>
  <sporty>
   no
  </sporty>
 </clothing>
 <clothing>
  <id>
   628827063
  </id>
  <name>
   PleinSport Shoes X-2109
  </name>
  <category>
   Shoes
  </category>
  <size>
   M
  </size>
  <color>
   Фиолетовый
  </color>
  <material>
   Шелк
  </material>
  <price>
   642880
  </price>
  <rating>
   1.11
  </rating>
  <reviews>
   143965
  </reviews>
  <new>
   -
  </new>
  <sporty>
   no
  </sporty>
 </clothing>
 <clothing>
  <id>
   198659501
  </id>
  <name>
   DC Gloves R-1811
  </name>
  <category>
   Gloves
  </category>
  <size>
   M
  </size>
  <color>
   Красный
  </color>
  <material>
   Хлопок
  </material>
  <price>
   373028
  </price>
  <rating>
   3.21
  </rating>
  <reviews>
   284154
  </reviews>
  <new>
   -
  </new>
  <exclusive>
   no
  </exclusive>
  <sporty>
   no
  </sporty>
 </clothing>
 <clothing>
  <id>
   429530171
  </id>
  <name>
   PleinSport Jacket G-8939
  </name>
  <category>
   Jacket
  </category>
  <size>
   XL
  </size>
  <color>
   Зеленый
  </color>
  <material>
   Полиэстер
  </material>
  <price>
   554072
  </price>
  <rating>
   1.07
  </rating>
  <reviews>
   437803
  </reviews>
  <new>
   +
  </new>
  <exclusive>
   no
  </exclusive>
  <sporty>
   no
  </sporty>
 </clothing>
 <clothing>
  <id>
   993003347
  </id>
  <name>
   Converse T-shirt M-3113
  </name>
  <category>
   T-shirt
  </category>
  <size>
   L
  </size>
  <color>
   Синий
  </color>
  <material>
   Шерсть
  </material>
  <price>
   501695
  </price>
  <rating>
   3.43
  </rating>
  <reviews>
   680126
  </reviews>
  <exclusive>
   yes
  </exclusive>
 </clothing>
 <clothing>
  <id>
   623908739
  </id>
  <name>
   Adidas Belts W-1821
  </name>
  <category>
   Belts
  </category>
  <size>
   XL
  </size>
  <color>
   Красный
  </color>
  <material>
   Кожа
  </material>
  <price>
   291268
  </price>
  <rating>
   2.57
  </rating>
  <reviews>
   281550
  </reviews>
  <exclusive>
   yes
  </exclusive>
  <sporty>
   no
  </sporty>
 </clothing>
 <clothing>
  <id>
   548265833
  </id>
  <name>
   PleinSport Handbags D-5383
  </name>
  <category>
   Handbags
  </category>
  <size>
   XL
  </size>
  <color>
   Зеленый
  </color>
  <material>
   Полиэстер
  </material>
  <price>
   120452
  </price>
  <rating>
   3.63
  </rating>
  <reviews>
   413608
  </reviews>
  <new>
   -
  </new>
  <exclusive>
   no
  </exclusive>
  <sporty>
   yes
  </sporty>
 </clothing>
 <clothing>
  <id>
   398624562
  </id>
  <name>
   Brooks Blouse H-5020
  </name>
  <category>
   Blouse
  </category>
  <size>
   S
  </size>
  <color>
   Голубой
  </color>
  <material>
   Кожа
  </material>
  <price>
   468581
  </price>
  <rating>
   4.06
  </rating>
  <reviews>
   122142
  </reviews>
  <new>
   +
  </new>
  <exclusive>
   no
  </exclusive>
 </clothing>
 <clothing>
  <id>
   816020448
  </id>
  <name>
   Addidas Gloves S-4273
  </name>
  <category>
   Gloves
  </category>
  <size>
   M
  </size>
  <color>
   Фиолетовый
  </color>
  <material>
   Лен
  </material>
  <price>
   576960
  </price>
  <rating>
   4.06
  </rating>
  <reviews>
   635201
  </reviews>
  <new>
   -
  </new>
  <sporty>
   yes
  </sporty>
 </clothing>
 <clothing>
  <id>
   192260483
  </id>
  <name>
   Nike Handbags L-9793
  </name>
  <category>
   Handbags
  </category>
  <size>
   XXL
  </size>
  <color>
   Голубой
  </color>
  <material>
   Шерсть
  </material>
  <price>
   335916
  </price>
  <rating>
   1.42
  </rating>
  <reviews>
   730969
  </reviews>
  <new>
   -
  </new>
  <sporty>
   no
  </sporty>
 </clothing>
 <clothing>
  <id>
   272717932
  </id>
  <name>
   Asics Socks M-6359
  </name>
  <category>
   Socks
  </category>
  <size>
   XL
  </size>
  <color>
   Зеленый
  </color>
  <material>
   Полиэстер
  </material>
  <price>
   445293
  </price>
  <rating>
   1.3
  </rating>
  <reviews>
   764957
  </reviews>
  <exclusive>
   no
  </exclusive>
  <sporty>
   yes
  </sporty>
 </clothing>
</clothing-items>
