<?xml version="1.0" encoding="utf-8"?>
<clothing-items>
 <clothing>
  <id>
   545376933
  </id>
  <name>
   DC Socks Q-9707
  </name>
  <category>
   Socks
  </category>
  <size>
   XL
  </size>
  <color>
   Зеленый
  </color>
  <material>
   Шелк
  </material>
  <price>
   570135
  </price>
  <rating>
   4.69
  </rating>
  <reviews>
   251690
  </reviews>
  <sporty>
   no
  </sporty>
 </clothing>
 <clothing>
  <id>
   652581452
  </id>
  <name>
   Vans Belts Q-8266
  </name>
  <category>
   Belts
  </category>
  <size>
   S
  </size>
  <color>
   Оранжевый
  </color>
  <material>
   Полиэстер
  </material>
  <price>
   690225
  </price>
  <rating>
   4.37
  </rating>
  <reviews>
   476030
  </reviews>
  <sporty>
   yes
  </sporty>
 </clothing>
 <clothing>
  <id>
   627930647
  </id>
  <name>
   New Balance Shoes R-8061
  </name>
  <category>
   Shoes
  </category>
  <size>
   M
  </size>
  <color>
   Фиолетовый
  </color>
  <material>
   Шерсть
  </material>
  <price>
   481039
  </price>
  <rating>
   1.88
  </rating>
  <reviews>
   613092
  </reviews>
  <exclusive>
   yes
  </exclusive>
  <sporty>
   yes
  </sporty>
 </clothing>
 <clothing>
  <id>
   994539151
  </id>
  <name>
   Vans Blouse H-4999
  </name>
  <category>
   Blouse
  </category>
  <size>
   XXL
  </size>
  <color>
   Фиолетовый
  </color>
  <material>
   Хлопок
  </material>
  <price>
   576018
  </price>
  <rating>
   1.97
  </rating>
  <reviews>
   907849
  </reviews>
  <new>
   -
  </new>
  <sporty>
   yes
  </sporty>
 </clothing>
 <clothing>
  <id>
   249404890
  </id>
  <name>
   Asics Blouse L-5377
  </name>
  <category>
   Blouse
  </category>
  <size>
   M
  </size>
  <color>
   Голубой
  </color>
  <material>
   Кожа
  </material>
  <price>
   140111
  </price>
  <rating>
   4.47
  </rating>
  <reviews>
   536376
  </reviews>
  <exclusive>
   no
  </exclusive>
 </clothing>
 <clothing>
  <id>
   370627340
  </id>
  <name>
   Nike Umbrellas C-9655
  </name>
  <category>
   Umbrellas
  </category>
  <size>
   S
  </size>
  <color>
   Фиолетовый
  </color>
  <material>
   Хлопок
  </material>
  <price>
   393969
  </price>
  <rating>
   2.25
  </rating>
  <reviews>
   100925
  </reviews>
  <new>
   -
  </new>
  <exclusive>
   no
  </exclusive>
 </clothing>
 <clothing>
  <id>
   387801051
  </id>
  <name>
   Reebok Jeans M-5140
  </name>
  <category>
   Jeans
  </category>
  <size>
   XXL
  </size>
  <color>
   Красный
  </color>
  <material>
   Хлопок
  </material>
  <price>
   738382
  </price>
  <rating>
   3.31
  </rating>
  <reviews>
   671665
  </reviews>
  <new>
   -
  </new>
 </clothing>
 <clothing>
  <id>
   606252370
  </id>
  <name>
   Brooks Jeans Z-9253
  </name>
  <category>
   Jeans
  </category>
  <size>
   L
  </size>
  <color>
   Фиолетовый
  </color>
  <material>
   Полиэстер
  </material>
  <price>
   651562
  </price>
  <rating>
   4.31
  </rating>
  <reviews>
   353293
  </reviews>
  <new>
   -
  </new>
  <exclusive>
   yes
  </exclusive>
  <sporty>
   no
  </sporty>
 </clothing>
 <clothing>
  <id>
   522889975
  </id>
  <name>
   Under Armour Belts L-3437
  </name>
  <category>
   Belts
  </category>
  <size>
   XL
  </size>
  <color>
   Фиолетовый
  </color>
  <material>
   Полиэстер
  </material>
  <price>
   794292
  </price>
  <rating>
   2.33
  </rating>
  <reviews>
   599757
  </reviews>
  <exclusive>
   no
  </exclusive>
  <sporty>
   yes
  </sporty>
 </clothing>
 <clothing>
  <id>
   970753393
  </id>
  <name>
   Adidas Skirt I-1984
  </name>
  <category>
   Skirt
  </category>
  <size>
   S
  </size>
  <color>
   Синий
  </color>
  <material>
   Лен
  </material>
  <price>
   243552
  </price>
  <rating>
   4.95
  </rating>
  <reviews>
   935863
  </reviews>
  <new>
   -
  </new>
  <exclusive>
   yes
  </exclusive>
  <sporty>
   yes
  </sporty>
 </clothing>
 <clothing>
  <id>
   109696759
  </id>
  <name>
   Lacoste Pants O-3357
  </name>
  <category>
   Pants
  </category>
  <size>
   XL
  </size>
  <color>
   Зеленый
  </color>
  <material>
   Шелк
  </material>
  <price>
   152652
  </price>
  <rating>
   3.42
  </rating>
  <reviews>
   272989
  </reviews>
  <new>
   -
  </new>
  <exclusive>
   no
  </exclusive>
  <sporty>
   yes
  </sporty>
 </clothing>
 <clothing>
  <id>
   180985768
  </id>
  <name>
   Converse Sweater L-8478
  </name>
  <category>
   Sweater
  </category>
  <size>
   XXL
  </size>
  <color>
   Оранжевый
  </color>
  <material>
   Шелк
  </material>
  <price>
   912619
  </price>
  <rating>
   2.28
  </rating>
  <reviews>
   354508
  </reviews>
  <new>
   -
  </new>
  <sporty>
   no
  </sporty>
 </clothing>
 <clothing>
  <id>
   351292449
  </id>
  <name>
   Addidas Socks R-9608
  </name>
  <category>
   Socks
  </category>
  <size>
   L
  </size>
  <color>
   Голубой
  </color>
  <material>
   Нейлон
  </material>
  <price>
   830353
  </price>
  <rating>
   4.61
  </rating>
  <reviews>
   83392
  </reviews>
  <new>
   -
  </new>
  <exclusive>
   yes
  </exclusive>
 </clothing>
 <clothing>
  <id>
   122956118
  </id>
  <name>
   PleinSport Blouse I-6209
  </name>
  <category>
   Blouse
  </category>
  <size>
   XL
  </size>
  <color>
   Фиолетовый
  </color>
  <material>
   Лен
  </material>
  <price>
   968927
  </price>
  <rating>
   2.79
  </rating>
  <reviews>
   172184
  </reviews>
  <new>
   -
  </new>
  <exclusive>
   no
  </exclusive>
 </clothing>
 <clothing>
  <id>
   329169063
  </id>
  <name>
   DC Belts Z-7903
  </name>
  <category>
   Belts
  </category>
  <size>
   XXL
  </size>
  <color>
   Красный
  </color>
  <material>
   Полиэстер
  </material>
  <price>
   163957
  </price>
  <rating>
   3.23
  </rating>
  <reviews>
   498874
  </reviews>
  <new>
   -
  </new>
 </clothing>
 <clothing>
  <id>
   535561856
  </id>
  <name>
   Vans Pants H-3652
  </name>
  <category>
   Pants
  </category>
  <size>
   M
  </size>
  <color>
   Желтый
  </color>
  <material>
   Полиэстер
  </material>
  <price>
   243850
  </price>
  <rating>
   2.1
  </rating>
  <reviews>
   79343
  </reviews>
  <exclusive>
   no
  </exclusive>
  <sporty>
   no
  </sporty>
 </clothing>
 <clothing>
  <id>
   636860352
  </id>
  <name>
   DC Jacket R-3234
  </name>
  <category>
   Jacket
  </category>
  <size>
   XXL
  </size>
  <color>
   Красный
  </color>
  <material>
   Кожа
  </material>
  <price>
   578846
  </price>
  <rating>
   1.58
  </rating>
  <reviews>
   117125
  </reviews>
  <new>
   +
  </new>
 </clothing>
 <clothing>
  <id>
   707098273
  </id>
  <name>
   Under Armour Gloves L-6459
  </name>
  <category>
   Gloves
  </category>
  <size>
   XL
  </size>
  <color>
   Синий
  </color>
  <material>
   Вискоза
  </material>
  <price>
   426787
  </price>
  <rating>
   4.45
  </rating>
  <reviews>
   653184
  </reviews>
  <new>
   -
  </new>
  <exclusive>
   no
  </exclusive>
  <sporty>
   no
  </sporty>
 </clothing>
 <clothing>
  <id>
   539383444
  </id>
  <name>
   Converse Hat H-6699
  </name>
  <category>
   Hat
  </category>
  <size>
   L
  </size>
  <color>
   Желтый
  </color>
  <material>
   Хлопок
  </material>
  <price>
   777724
  </price>
  <rating>
   2.38
  </rating>
  <reviews>
   861086
  </reviews>
  <exclusive>
   yes
  </exclusive>
 </clothing>
 <clothing>
  <id>
   802084892
  </id>
  <name>
   New Balance Jeans T-2241
  </name>
  <category>
   Jeans
  </category>
  <size>
   XXL
  </size>
  <color>
   Зеленый
  </color>
  <material>
   Вискоза
  </material>
  <price>
   632354
  </price>
  <rating>
   3.99
  </rating>
  <reviews>
   860378
  </reviews>
  <new>
   -
  </new>
  <exclusive>
   no
  </exclusive>
 </clothing>
 <clothing>
  <id>
   173249581
  </id>
  <name>
   Ellesse Pants E-9835
  </name>
  <category>
   Pants
  </category>
  <size>
   XL
  </size>
  <color>
   Желтый
  </color>
  <material>
   Шерсть
  </material>
  <price>
   344796
  </price>
  <rating>
   3.58
  </rating>
  <reviews>
   517055
  </reviews>
  <new>
   +
  </new>
  <exclusive>
   yes
  </exclusive>
  <sporty>
   no
  </sporty>
 </clothing>
</clothing-items>
