<?xml version="1.0" encoding="utf-8"?>
<clothing-items>
 <clothing>
  <id>
   701817082
  </id>
  <name>
   New Balance Hat L-7015
  </name>
  <category>
   Hat
  </category>
  <size>
   XXL
  </size>
  <color>
   Желтый
  </color>
  <material>
   Шерсть
  </material>
  <price>
   719283
  </price>
  <rating>
   4.85
  </rating>
  <reviews>
   90252
  </reviews>
  <new>
   -
  </new>
  <exclusive>
   no
  </exclusive>
 </clothing>
 <clothing>
  <id>
   726498916
  </id>
  <name>
   DC Shirt U-3655
  </name>
  <category>
   Shirt
  </category>
  <size>
   L
  </size>
  <color>
   Оранжевый
  </color>
  <material>
   Полиэстер
  </material>
  <price>
   580992
  </price>
  <rating>
   2.58
  </rating>
  <reviews>
   553548
  </reviews>
  <new>
   -
  </new>
 </clothing>
 <clothing>
  <id>
   617406704
  </id>
  <name>
   Converse Skirt R-5124
  </name>
  <category>
   Skirt
  </category>
  <size>
   S
  </size>
  <color>
   Голубой
  </color>
  <material>
   Шерсть
  </material>
  <price>
   945725
  </price>
  <rating>
   3.49
  </rating>
  <reviews>
   463692
  </reviews>
  <new>
   -
  </new>
  <exclusive>
   yes
  </exclusive>
 </clothing>
 <clothing>
  <id>
   643361256
  </id>
  <name>
   Asics Sweater B-9260
  </name>
  <category>
   Sweater
  </category>
  <size>
   S
  </size>
  <color>
   Желтый
  </color>
  <material>
   Кожа
  </material>
  <price>
   167445
  </price>
  <rating>
   3.16
  </rating>
  <reviews>
   724045
  </reviews>
  <new>
   -
  </new>
  <sporty>
   no
  </sporty>
 </clothing>
 <clothing>
  <id>
   266407074
  </id>
  <name>
   Nike Pants T-6477
  </name>
  <category>
   Pants
  </category>
  <size>
   L
  </size>
  <color>
   Синий
  </color>
  <material>
   Вискоза
  </material>
  <price>
   826550
  </price>
  <rating>
   4.07
  </rating>
  <reviews>
   615323
  </reviews>
  <new>
   +
  </new>
  <sporty>
   no
  </sporty>
 </clothing>
 <clothing>
  <id>
   556191266
  </id>
  <name>
   Reebok T-shirt A-4669
  </name>
  <category>
   T-shirt
  </category>
  <size>
   L
  </size>
  <color>
   Фиолетовый
  </color>
  <material>
   Шерсть
  </material>
  <price>
   325406
  </price>
  <rating>
   4.85
  </rating>
  <reviews>
   395850
  </reviews>
  <new>
   -
  </new>
  <exclusive>
   no
  </exclusive>
  <sporty>
   yes
  </sporty>
 </clothing>
 <clothing>
  <id>
   934920485
  </id>
  <name>
   Ellesse Jeans C-3983
  </name>
  <category>
   Jeans
  </category>
  <size>
   M
  </size>
  <color>
   Фиолетовый
  </color>
  <material>
   Вискоза
  </material>
  <price>
   409309
  </price>
  <rating>
   2.43
  </rating>
  <reviews>
   399546
  </reviews>
  <new>
   -
  </new>
  <exclusive>
   no
  </exclusive>
  <sporty>
   no
  </sporty>
 </clothing>
 <clothing>
  <id>
   680048772
  </id>
  <name>
   Lacoste Shoes O-9612
  </name>
  <category>
   Shoes
  </category>
  <size>
   L
  </size>
  <color>
   Зеленый
  </color>
  <material>
   Лен
  </material>
  <price>
   476892
  </price>
  <rating>
   2.58
  </rating>
  <reviews>
   978602
  </reviews>
  <new>
   +
  </new>
  <exclusive>
   no
  </exclusive>
  <sporty>
   no
  </sporty>
 </clothing>
 <clothing>
  <id>
   241092877
  </id>
  <name>
   Addidas Handbags C-1351
  </name>
  <category>
   Handbags
  </category>
  <size>
   XXL
  </size>
  <color>
   Голубой
  </color>
  <material>
   Лен
  </material>
  <price>
   353958
  </price>
  <rating>
   1.86
  </rating>
  <reviews>
   169784
  </reviews>
  <exclusive>
   yes
  </exclusive>
 </clothing>
 <clothing>
  <id>
   769997397
  </id>
  <name>
   New Balance Jacket R-6639
  </name>
  <category>
   Jacket
  </category>
  <size>
   M
  </size>
  <color>
   Зеленый
  </color>
  <material>
   Полиэстер
  </material>
  <price>
   719391
  </price>
  <rating>
   1.08
  </rating>
  <reviews>
   118405
  </reviews>
  <new>
   +
  </new>
  <exclusive>
   yes
  </exclusive>
 </clothing>
 <clothing>
  <id>
   340266626
  </id>
  <name>
   Vans Hat X-1561
  </name>
  <category>
   Hat
  </category>
  <size>
   XL
  </size>
  <color>
   Зеленый
  </color>
  <material>
   Лен
  </material>
  <price>
   914334
  </price>
  <rating>
   2.89
  </rating>
  <reviews>
   554227
  </reviews>
  <new>
   -
  </new>
 </clothing>
 <clothing>
  <id>
   646889613
  </id>
  <name>
   Nike Gloves A-6162
  </name>
  <category>
   Gloves
  </category>
  <size>
   XXL
  </size>
  <color>
   Оранжевый
  </color>
  <material>
   Полиэстер
  </material>
  <price>
   545048
  </price>
  <rating>
   2.0
  </rating>
  <reviews>
   527371
  </reviews>
  <new>
   +
  </new>
  <sporty>
   yes
  </sporty>
 </clothing>
 <clothing>
  <id>
   830138181
  </id>
  <name>
   PleinSport Socks U-6027
  </name>
  <category>
   Socks
  </category>
  <size>
   XXL
  </size>
  <color>
   Красный
  </color>
  <material>
   Хлопок
  </material>
  <price>
   949651
  </price>
  <rating>
   4.24
  </rating>
  <reviews>
   925503
  </reviews>
  <new>
   -
  </new>
  <sporty>
   yes
  </sporty>
 </clothing>
 <clothing>
  <id>
   148480757
  </id>
  <name>
   Converse Shoes S-8142
  </name>
  <category>
   Shoes
  </category>
  <size>
   XL
  </size>
  <color>
   Синий
  </color>
  <material>
   Шерсть
  </material>
  <price>
   853234
  </price>
  <rating>
   4.06
  </rating>
  <reviews>
   54289
  </reviews>
  <exclusive>
   yes
  </exclusive>
 </clothing>
 <clothing>
  <id>
   707131993
  </id>
  <name>
   Converse Socks X-9070
  </name>
  <category>
   Socks
  </category>
  <size>
   XL
  </size>
  <color>
   Фиолетовый
  </color>
  <material>
   Хлопок
  </material>
  <price>
   894550
  </price>
  <rating>
   1.51
  </rating>
  <reviews>
   716365
  </reviews>
  <new>
   +
  </new>
  <exclusive>
   no
  </exclusive>
 </clothing>
 <clothing>
  <id>
   756447325
  </id>
  <name>
   New Balance Handbags Q-1978
  </name>
  <category>
   Handbags
  </category>
  <size>
   S
  </size>
  <color>
   Зеленый
  </color>
  <material>
   Шелк
  </material>
  <price>
   718748
  </price>
  <rating>
   3.92
  </rating>
  <reviews>
   210184
  </reviews>
  <exclusive>
   no
  </exclusive>
  <sporty>
   no
  </sporty>
 </clothing>
 <clothing>
  <id>
   672478814
  </id>
  <name>
   Lacoste Handbags A-6274
  </name>
  <category>
   Handbags
  </category>
  <size>
   S
  </size>
  <color>
   Желтый
  </color>
  <material>
   Кожа
  </material>
  <price>
   270156
  </price>
  <rating>
   2.6
  </rating>
  <reviews>
   819356
  </reviews>
  <sporty>
   no
  </sporty>
 </clothing>
 <clothing>
  <id>
   686748883
  </id>
  <name>
   Asics Shirt L-2998
  </name>
  <category>
   Shirt
  </category>
  <size>
   L
  </size>
  <color>
   Красный
  </color>
  <material>
   Шелк
  </material>
  <price>
   622301
  </price>
  <rating>
   3.46
  </rating>
  <reviews>
   641156
  </reviews>
  <exclusive>
   no
  </exclusive>
  <sporty>
   yes
  </sporty>
 </clothing>
 <clothing>
  <id>
   940349112
  </id>
  <name>
   Vans Jacket G-1353
  </name>
  <category>
   Jacket
  </category>
  <size>
   L
  </size>
  <color>
   Фиолетовый
  </color>
  <material>
   Кожа
  </material>
  <price>
   470464
  </price>
  <rating>
   3.71
  </rating>
  <reviews>
   204759
  </reviews>
  <new>
   -
  </new>
  <exclusive>
   yes
  </exclusive>
  <sporty>
   no
  </sporty>
 </clothing>
 <clothing>
  <id>
   810307920
  </id>
  <name>
   Lacoste Dress V-4860
  </name>
  <category>
   Dress
  </category>
  <size>
   XXL
  </size>
  <color>
   Красный
  </color>
  <material>
   Хлопок
  </material>
  <price>
   549376
  </price>
  <rating>
   2.58
  </rating>
  <reviews>
   419879
  </reviews>
  <exclusive>
   no
  </exclusive>
 </clothing>
 <clothing>
  <id>
   865881831
  </id>
  <name>
   Ellesse Socks P-4258
  </name>
  <category>
   Socks
  </category>
  <size>
   S
  </size>
  <color>
   Оранжевый
  </color>
  <material>
   Шерсть
  </material>
  <price>
   453706
  </price>
  <rating>
   1.63
  </rating>
  <reviews>
   913292
  </reviews>
  <new>
   -
  </new>
  <exclusive>
   yes
  </exclusive>
 </clothing>
 <clothing>
  <id>
   623349976
  </id>
  <name>
   Adidas Dress N-6533
  </name>
  <category>
   Dress
  </category>
  <size>
   S
  </size>
  <color>
   Голубой
  </color>
  <material>
   Нейлон
  </material>
  <price>
   474499
  </price>
  <rating>
   4.33
  </rating>
  <reviews>
   642267
  </reviews>
  <exclusive>
   no
  </exclusive>
 </clothing>
 <clothing>
  <id>
   589634892
  </id>
  <name>
   Brooks Hat E-5925
  </name>
  <category>
   Hat
  </category>
  <size>
   S
  </size>
  <color>
   Синий
  </color>
  <material>
   Нейлон
  </material>
  <price>
   623457
  </price>
  <rating>
   3.56
  </rating>
  <reviews>
   733325
  </reviews>
  <new>
   +
  </new>
  <sporty>
   yes
  </sporty>
 </clothing>
 <clothing>
  <id>
   493611226
  </id>
  <name>
   Addidas Jacket H-6362
  </name>
  <category>
   Jacket
  </category>
  <size>
   M
  </size>
  <color>
   Оранжевый
  </color>
  <material>
   Лен
  </material>
  <price>
   443062
  </price>
  <rating>
   4.62
  </rating>
  <reviews>
   221783
  </reviews>
  <sporty>
   no
  </sporty>
 </clothing>
 <clothing>
  <id>
   363329829
  </id>
  <name>
   Ellesse Belts A-6719
  </name>
  <category>
   Belts
  </category>
  <size>
   XL
  </size>
  <color>
   Синий
  </color>
  <material>
   Нейлон
  </material>
  <price>
   135313
  </price>
  <rating>
   4.74
  </rating>
  <reviews>
   683036
  </reviews>
  <new>
   -
  </new>
 </clothing>
 <clothing>
  <id>
   306970726
  </id>
  <name>
   Addidas Skirt N-4821
  </name>
  <category>
   Skirt
  </category>
  <size>
   XL
  </size>
  <color>
   Синий
  </color>
  <material>
   Шелк
  </material>
  <price>
   259066
  </price>
  <rating>
   2.05
  </rating>
  <reviews>
   23626
  </reviews>
  <new>
   +
  </new>
  <exclusive>
   no
  </exclusive>
  <sporty>
   no
  </sporty>
 </clothing>
 <clothing>
  <id>
   282820417
  </id>
  <name>
   Asics Shoes F-9456
  </name>
  <category>
   Shoes
  </category>
  <size>
   S
  </size>
  <color>
   Зеленый
  </color>
  <material>
   Нейлон
  </material>
  <price>
   545222
  </price>
  <rating>
   3.33
  </rating>
  <reviews>
   349368
  </reviews>
  <exclusive>
   no
  </exclusive>
  <sporty>
   no
  </sporty>
 </clothing>
 <clothing>
  <id>
   733498451
  </id>
  <name>
   Adidas Umbrellas H-6026
  </name>
  <category>
   Umbrellas
  </category>
  <size>
   S
  </size>
  <color>
   Фиолетовый
  </color>
  <material>
   Лен
  </material>
  <price>
   804181
  </price>
  <rating>
   1.39
  </rating>
  <reviews>
   913099
  </reviews>
  <exclusive>
   no
  </exclusive>
  <sporty>
   no
  </sporty>
 </clothing>
 <clothing>
  <id>
   116002824
  </id>
  <name>
   Asics Handbags D-2170
  </name>
  <category>
   Handbags
  </category>
  <size>
   S
  </size>
  <color>
   Оранжевый
  </color>
  <material>
   Хлопок
  </material>
  <price>
   156777
  </price>
  <rating>
   2.61
  </rating>
  <reviews>
   660454
  </reviews>
  <new>
   -
  </new>
  <exclusive>
   no
  </exclusive>
  <sporty>
   yes
  </sporty>
 </clothing>
 <clothing>
  <id>
   739229231
  </id>
  <name>
   Reebok Shirt C-5450
  </name>
  <category>
   Shirt
  </category>
  <size>
   XXL
  </size>
  <color>
   Красный
  </color>
  <material>
   Кожа
  </material>
  <price>
   109403
  </price>
  <rating>
   1.76
  </rating>
  <reviews>
   909733
  </reviews>
  <new>
   +
  </new>
  <exclusive>
   yes
  </exclusive>
 </clothing>
 <clothing>
  <id>
   899197186
  </id>
  <name>
   Vans Dress G-9960
  </name>
  <category>
   Dress
  </category>
  <size>
   XL
  </size>
  <color>
   Оранжевый
  </color>
  <material>
   Кожа
  </material>
  <price>
   948386
  </price>
  <rating>
   1.22
  </rating>
  <reviews>
   860597
  </reviews>
  <new>
   -
  </new>
  <sporty>
   no
  </sporty>
 </clothing>
 <clothing>
  <id>
   829408605
  </id>
  <name>
   Nike Jacket D-7463
  </name>
  <category>
   Jacket
  </category>
  <size>
   S
  </size>
  <color>
   Оранжевый
  </color>
  <material>
   Шелк
  </material>
  <price>
   709635
  </price>
  <rating>
   1.64
  </rating>
  <reviews>
   785773
  </reviews>
  <new>
   -
  </new>
  <exclusive>
   no
  </exclusive>
  <sporty>
   no
  </sporty>
 </clothing>
 <clothing>
  <id>
   237093469
  </id>
  <name>
   Reebok Shirt A-3743
  </name>
  <category>
   Shirt
  </category>
  <size>
   L
  </size>
  <color>
   Зеленый
  </color>
  <material>
   Шерсть
  </material>
  <price>
   306562
  </price>
  <rating>
   4.75
  </rating>
  <reviews>
   144333
  </reviews>
  <exclusive>
   yes
  </exclusive>
 </clothing>
 <clothing>
  <id>
   954240159
  </id>
  <name>
   Ellesse Pants N-4930
  </name>
  <category>
   Pants
  </category>
  <size>
   XXL
  </size>
  <color>
   Фиолетовый
  </color>
  <material>
   Полиэстер
  </material>
  <price>
   994757
  </price>
  <rating>
   3.93
  </rating>
  <reviews>
   370847
  </reviews>
  <new>
   -
  </new>
  <sporty>
   yes
  </sporty>
 </clothing>
 <clothing>
  <id>
   328715096
  </id>
  <name>
   Fila T-shirt M-8919
  </name>
  <category>
   T-shirt
  </category>
  <size>
   M
  </size>
  <color>
   Синий
  </color>
  <material>
   Полиэстер
  </material>
  <price>
   444638
  </price>
  <rating>
   2.8
  </rating>
  <reviews>
   19449
  </reviews>
  <new>
   -
  </new>
  <exclusive>
   no
  </exclusive>
  <sporty>
   no
  </sporty>
 </clothing>
 <clothing>
  <id>
   812781815
  </id>
  <name>
   Lacoste Handbags D-4991
  </name>
  <category>
   Handbags
  </category>
  <size>
   XXL
  </size>
  <color>
   Фиолетовый
  </color>
  <material>
   Шерсть
  </material>
  <price>
   869486
  </price>
  <rating>
   2.99
  </rating>
  <reviews>
   705523
  </reviews>
  <sporty>
   yes
  </sporty>
 </clothing>
 <clothing>
  <id>
   908694581
  </id>
  <name>
   Under Armour Shoes S-8566
  </name>
  <category>
   Shoes
  </category>
  <size>
   L
  </size>
  <color>
   Оранжевый
  </color>
  <material>
   Полиэстер
  </material>
  <price>
   761904
  </price>
  <rating>
   2.22
  </rating>
  <reviews>
   898197
  </reviews>
  <sporty>
   yes
  </sporty>
 </clothing>
 <clothing>
  <id>
   376606719
  </id>
  <name>
   Converse Skirt Z-4467
  </name>
  <category>
   Skirt
  </category>
  <size>
   M
  </size>
  <color>
   Зеленый
  </color>
  <material>
   Шерсть
  </material>
  <price>
   129760
  </price>
  <rating>
   2.57
  </rating>
  <reviews>
   2528
  </reviews>
  <new>
   -
  </new>
  <exclusive>
   yes
  </exclusive>
  <sporty>
   yes
  </sporty>
 </clothing>
 <clothing>
  <id>
   385546695
  </id>
  <name>
   Fila Pants C-9169
  </name>
  <category>
   Pants
  </category>
  <size>
   XL
  </size>
  <color>
   Желтый
  </color>
  <material>
   Вискоза
  </material>
  <price>
   468909
  </price>
  <rating>
   4.7
  </rating>
  <reviews>
   911910
  </reviews>
  <new>
   -
  </new>
  <sporty>
   yes
  </sporty>
 </clothing>
 <clothing>
  <id>
   429322373
  </id>
  <name>
   Lacoste Skirt H-1941
  </name>
  <category>
   Skirt
  </category>
  <size>
   S
  </size>
  <color>
   Голубой
  </color>
  <material>
   Шелк
  </material>
  <price>
   859396
  </price>
  <rating>
   3.23
  </rating>
  <reviews>
   842266
  </reviews>
  <new>
   -
  </new>
  <exclusive>
   yes
  </exclusive>
 </clothing>
 <clothing>
  <id>
   309204698
  </id>
  <name>
   Lacoste Belts V-3741
  </name>
  <category>
   Belts
  </category>
  <size>
   XL
  </size>
  <color>
   Синий
  </color>
  <material>
   Вискоза
  </material>
  <price>
   812214
  </price>
  <rating>
   2.04
  </rating>
  <reviews>
   106675
  </reviews>
  <new>
   -
  </new>
 </clothing>
 <clothing>
  <id>
   682509107
  </id>
  <name>
   Ellesse Belts V-4940
  </name>
  <category>
   Belts
  </category>
  <size>
   S
  </size>
  <color>
   Фиолетовый
  </color>
  <material>
   Нейлон
  </material>
  <price>
   675771
  </price>
  <rating>
   4.04
  </rating>
  <reviews>
   150776
  </reviews>
  <new>
   -
  </new>
  <sporty>
   yes
  </sporty>
 </clothing>
 <clothing>
  <id>
   882349500
  </id>
  <name>
   DC Jacket G-7810
  </name>
  <category>
   Jacket
  </category>
  <size>
   L
  </size>
  <color>
   Голубой
  </color>
  <material>
   Хлопок
  </material>
  <price>
   836813
  </price>
  <rating>
   3.18
  </rating>
  <reviews>
   444571
  </reviews>
  <exclusive>
   no
  </exclusive>
  <sporty>
   yes
  </sporty>
 </clothing>
 <clothing>
  <id>
   338540348
  </id>
  <name>
   Under Armour Dress W-1363
  </name>
  <category>
   Dress
  </category>
  <size>
   L
  </size>
  <color>
   Синий
  </color>
  <material>
   Шерсть
  </material>
  <price>
   231609
  </price>
  <rating>
   3.34
  </rating>
  <reviews>
   410191
  </reviews>
  <new>
   -
  </new>
  <exclusive>
   no
  </exclusive>
 </clothing>
 <clothing>
  <id>
   656167226
  </id>
  <name>
   Puma Shirt D-3902
  </name>
  <category>
   Shirt
  </category>
  <size>
   L
  </size>
  <color>
   Синий
  </color>
  <material>
   Нейлон
  </material>
  <price>
   968786
  </price>
  <rating>
   1.66
  </rating>
  <reviews>
   930782
  </reviews>
  <exclusive>
   yes
  </exclusive>
  <sporty>
   yes
  </sporty>
 </clothing>
 <clothing>
  <id>
   938306796
  </id>
  <name>
   Fila Jeans D-3845
  </name>
  <category>
   Jeans
  </category>
  <size>
   XXL
  </size>
  <color>
   Желтый
  </color>
  <material>
   Нейлон
  </material>
  <price>
   699264
  </price>
  <rating>
   2.67
  </rating>
  <reviews>
   9593
  </reviews>
  <new>
   -
  </new>
 </clothing>
 <clothing>
  <id>
   857532780
  </id>
  <name>
   DC Shirt J-9182
  </name>
  <category>
   Shirt
  </category>
  <size>
   XL
  </size>
  <color>
   Синий
  </color>
  <material>
   Хлопок
  </material>
  <price>
   753224
  </price>
  <rating>
   4.98
  </rating>
  <reviews>
   946689
  </reviews>
 </clothing>
 <clothing>
  <id>
   485245577
  </id>
  <name>
   Nike Socks F-4878
  </name>
  <category>
   Socks
  </category>
  <size>
   XXL
  </size>
  <color>
   Красный
  </color>
  <material>
   Шелк
  </material>
  <price>
   209597
  </price>
  <rating>
   4.77
  </rating>
  <reviews>
   246034
  </reviews>
  <new>
   +
  </new>
  <exclusive>
   no
  </exclusive>
 </clothing>
 <clothing>
  <id>
   622564620
  </id>
  <name>
   PleinSport Handbags O-6593
  </name>
  <category>
   Handbags
  </category>
  <size>
   M
  </size>
  <color>
   Желтый
  </color>
  <material>
   Полиэстер
  </material>
  <price>
   316320
  </price>
  <rating>
   3.45
  </rating>
  <reviews>
   509836
  </reviews>
  <new>
   -
  </new>
  <exclusive>
   no
  </exclusive>
  <sporty>
   yes
  </sporty>
 </clothing>
 <clothing>
  <id>
   453067103
  </id>
  <name>
   Reebok Shirt P-6116
  </name>
  <category>
   Shirt
  </category>
  <size>
   XL
  </size>
  <color>
   Зеленый
  </color>
  <material>
   Лен
  </material>
  <price>
   270590
  </price>
  <rating>
   3.69
  </rating>
  <reviews>
   726416
  </reviews>
  <new>
   +
  </new>
  <sporty>
   yes
  </sporty>
 </clothing>
</clothing-items>
