<?xml version="1.0" encoding="utf-8"?>
<clothing-items>
 <clothing>
  <id>
   844050957
  </id>
  <name>
   Fila Jacket E-7799
  </name>
  <category>
   Jacket
  </category>
  <size>
   S
  </size>
  <color>
   Зеленый
  </color>
  <material>
   Шерсть
  </material>
  <price>
   209423
  </price>
  <rating>
   1.14
  </rating>
  <reviews>
   143996
  </reviews>
  <new>
   +
  </new>
  <exclusive>
   no
  </exclusive>
 </clothing>
 <clothing>
  <id>
   994010676
  </id>
  <name>
   Fila T-shirt Z-6997
  </name>
  <category>
   T-shirt
  </category>
  <size>
   M
  </size>
  <color>
   Оранжевый
  </color>
  <material>
   Кожа
  </material>
  <price>
   558931
  </price>
  <rating>
   4.0
  </rating>
  <reviews>
   282029
  </reviews>
  <new>
   +
  </new>
 </clothing>
 <clothing>
  <id>
   784553936
  </id>
  <name>
   Converse Blouse C-6359
  </name>
  <category>
   Blouse
  </category>
  <size>
   M
  </size>
  <color>
   Желтый
  </color>
  <material>
   Хлопок
  </material>
  <price>
   476457
  </price>
  <rating>
   2.79
  </rating>
  <reviews>
   710267
  </reviews>
  <new>
   -
  </new>
  <exclusive>
   no
  </exclusive>
 </clothing>
 <clothing>
  <id>
   886751267
  </id>
  <name>
   Brooks Socks C-5780
  </name>
  <category>
   Socks
  </category>
  <size>
   L
  </size>
  <color>
   Оранжевый
  </color>
  <material>
   Шелк
  </material>
  <price>
   463522
  </price>
  <rating>
   4.92
  </rating>
  <reviews>
   933485
  </reviews>
  <new>
   -
  </new>
 </clothing>
 <clothing>
  <id>
   784951813
  </id>
  <name>
   Adidas Gloves A-8421
  </name>
  <category>
   Gloves
  </category>
  <size>
   XXL
  </size>
  <color>
   Желтый
  </color>
  <material>
   Кожа
  </material>
  <price>
   923054
  </price>
  <rating>
   1.14
  </rating>
  <reviews>
   77702
  </reviews>
  <new>
   +
  </new>
  <sporty>
   yes
  </sporty>
 </clothing>
 <clothing>
  <id>
   248882413
  </id>
  <name>
   Nike Dress Z-6485
  </name>
  <category>
   Dress
  </category>
  <size>
   XL
  </size>
  <color>
   Желтый
  </color>
  <material>
   Кожа
  </material>
  <price>
   899316
  </price>
  <rating>
   1.04
  </rating>
  <reviews>
   866493
  </reviews>
  <new>
   -
  </new>
  <exclusive>
   no
  </exclusive>
  <sporty>
   no
  </sporty>
 </clothing>
 <clothing>
  <id>
   862550624
  </id>
  <name>
   Adidas Jeans H-1334
  </name>
  <category>
   Jeans
  </category>
  <size>
   XL
  </size>
  <color>
   Зеленый
  </color>
  <material>
   Вискоза
  </material>
  <price>
   674957
  </price>
  <rating>
   4.83
  </rating>
  <reviews>
   109433
  </reviews>
  <new>
   -
  </new>
  <sporty>
   no
  </sporty>
 </clothing>
 <clothing>
  <id>
   493928147
  </id>
  <name>
   Reebok Dress S-4869
  </name>
  <category>
   Dress
  </category>
  <size>
   XXL
  </size>
  <color>
   Зеленый
  </color>
  <material>
   Кожа
  </material>
  <price>
   297322
  </price>
  <rating>
   3.15
  </rating>
  <reviews>
   913156
  </reviews>
  <exclusive>
   no
  </exclusive>
 </clothing>
 <clothing>
  <id>
   408126151
  </id>
  <name>
   Converse Shirt Y-5779
  </name>
  <category>
   Shirt
  </category>
  <size>
   L
  </size>
  <color>
   Желтый
  </color>
  <material>
   Полиэстер
  </material>
  <price>
   717889
  </price>
  <rating>
   3.11
  </rating>
  <reviews>
   723454
  </reviews>
  <exclusive>
   yes
  </exclusive>
 </clothing>
 <clothing>
  <id>
   243046694
  </id>
  <name>
   DC T-shirt Q-7356
  </name>
  <category>
   T-shirt
  </category>
  <size>
   M
  </size>
  <color>
   Оранжевый
  </color>
  <material>
   Шерсть
  </material>
  <price>
   797433
  </price>
  <rating>
   4.22
  </rating>
  <reviews>
   113334
  </reviews>
  <new>
   -
  </new>
  <exclusive>
   no
  </exclusive>
  <sporty>
   no
  </sporty>
 </clothing>
 <clothing>
  <id>
   611958551
  </id>
  <name>
   Vans Socks X-6679
  </name>
  <category>
   Socks
  </category>
  <size>
   S
  </size>
  <color>
   Фиолетовый
  </color>
  <material>
   Полиэстер
  </material>
  <price>
   391115
  </price>
  <rating>
   2.0
  </rating>
  <reviews>
   911497
  </reviews>
  <exclusive>
   no
  </exclusive>
 </clothing>
 <clothing>
  <id>
   184860253
  </id>
  <name>
   Addidas Dress G-6437
  </name>
  <category>
   Dress
  </category>
  <size>
   M
  </size>
  <color>
   Голубой
  </color>
  <material>
   Лен
  </material>
  <price>
   611201
  </price>
  <rating>
   1.01
  </rating>
  <reviews>
   543985
  </reviews>
  <exclusive>
   yes
  </exclusive>
  <sporty>
   yes
  </sporty>
 </clothing>
 <clothing>
  <id>
   312064190
  </id>
  <name>
   Under Armour Pants C-7557
  </name>
  <category>
   Pants
  </category>
  <size>
   XXL
  </size>
  <color>
   Фиолетовый
  </color>
  <material>
   Шерсть
  </material>
  <price>
   685941
  </price>
  <rating>
   3.71
  </rating>
  <reviews>
   381491
  </reviews>
  <new>
   -
  </new>
 </clothing>
 <clothing>
  <id>
   742460534
  </id>
  <name>
   Lacoste Gloves G-2476
  </name>
  <category>
   Gloves
  </category>
  <size>
   L
  </size>
  <color>
   Красный
  </color>
  <material>
   Шелк
  </material>
  <price>
   826876
  </price>
  <rating>
   3.28
  </rating>
  <reviews>
   576869
  </reviews>
  <new>
   -
  </new>
  <exclusive>
   no
  </exclusive>
  <sporty>
   no
  </sporty>
 </clothing>
 <clothing>
  <id>
   754042284
  </id>
  <name>
   Fila Jacket V-3547
  </name>
  <category>
   Jacket
  </category>
  <size>
   XXL
  </size>
  <color>
   Синий
  </color>
  <material>
   Шелк
  </material>
  <price>
   594244
  </price>
  <rating>
   2.29
  </rating>
  <reviews>
   961010
  </reviews>
  <new>
   -
  </new>
  <sporty>
   yes
  </sporty>
 </clothing>
 <clothing>
  <id>
   484953038
  </id>
  <name>
   Asics Handbags N-6496
  </name>
  <category>
   Handbags
  </category>
  <size>
   XXL
  </size>
  <color>
   Фиолетовый
  </color>
  <material>
   Кожа
  </material>
  <price>
   597614
  </price>
  <rating>
   1.63
  </rating>
  <reviews>
   15789
  </reviews>
  <exclusive>
   no
  </exclusive>
 </clothing>
 <clothing>
  <id>
   991700664
  </id>
  <name>
   Under Armour Dress M-2208
  </name>
  <category>
   Dress
  </category>
  <size>
   M
  </size>
  <color>
   Оранжевый
  </color>
  <material>
   Шелк
  </material>
  <price>
   894475
  </price>
  <rating>
   3.41
  </rating>
  <reviews>
   795019
  </reviews>
  <new>
   -
  </new>
  <exclusive>
   no
  </exclusive>
  <sporty>
   no
  </sporty>
 </clothing>
 <clothing>
  <id>
   495781174
  </id>
  <name>
   Asics Umbrellas C-9377
  </name>
  <category>
   Umbrellas
  </category>
  <size>
   XL
  </size>
  <color>
   Фиолетовый
  </color>
  <material>
   Кожа
  </material>
  <price>
   541626
  </price>
  <rating>
   3.33
  </rating>
  <reviews>
   210441
  </reviews>
  <new>
   +
  </new>
  <exclusive>
   yes
  </exclusive>
  <sporty>
   no
  </sporty>
 </clothing>
 <clothing>
  <id>
   144762849
  </id>
  <name>
   DC Socks U-2504
  </name>
  <category>
   Socks
  </category>
  <size>
   S
  </size>
  <color>
   Синий
  </color>
  <material>
   Нейлон
  </material>
  <price>
   906896
  </price>
  <rating>
   4.79
  </rating>
  <reviews>
   320277
  </reviews>
  <exclusive>
   yes
  </exclusive>
  <sporty>
   no
  </sporty>
 </clothing>
 <clothing>
  <id>
   890783165
  </id>
  <name>
   New Balance Jeans K-5967
  </name>
  <category>
   Jeans
  </category>
  <size>
   XL
  </size>
  <color>
   Оранжевый
  </color>
  <material>
   Шерсть
  </material>
  <price>
   193813
  </price>
  <rating>
   2.67
  </rating>
  <reviews>
   563013
  </reviews>
  <new>
   +
  </new>
  <exclusive>
   no
  </exclusive>
  <sporty>
   no
  </sporty>
 </clothing>
 <clothing>
  <id>
   918677312
  </id>
  <name>
   Reebok Gloves A-7604
  </name>
  <category>
   Gloves
  </category>
  <size>
   M
  </size>
  <color>
   Синий
  </color>
  <material>
   Шерсть
  </material>
  <price>
   405237
  </price>
  <rating>
   1.55
  </rating>
  <reviews>
   115899
  </reviews>
 </clothing>
 <clothing>
  <id>
   827266034
  </id>
  <name>
   Reebok Blouse K-3432
  </name>
  <category>
   Blouse
  </category>
  <size>
   S
  </size>
  <color>
   Красный
  </color>
  <material>
   Нейлон
  </material>
  <price>
   327717
  </price>
  <rating>
   3.44
  </rating>
  <reviews>
   742734
  </reviews>
  <new>
   +
  </new>
  <sporty>
   no
  </sporty>
 </clothing>
 <clothing>
  <id>
   226184773
  </id>
  <name>
   Nike Dress C-1832
  </name>
  <category>
   Dress
  </category>
  <size>
   L
  </size>
  <color>
   Желтый
  </color>
  <material>
   Нейлон
  </material>
  <price>
   794221
  </price>
  <rating>
   3.41
  </rating>
  <reviews>
   151175
  </reviews>
  <sporty>
   yes
  </sporty>
 </clothing>
 <clothing>
  <id>
   914505809
  </id>
  <name>
   Reebok Umbrellas P-5959
  </name>
  <category>
   Umbrellas
  </category>
  <size>
   S
  </size>
  <color>
   Синий
  </color>
  <material>
   Полиэстер
  </material>
  <price>
   240127
  </price>
  <rating>
   3.97
  </rating>
  <reviews>
   867609
  </reviews>
  <new>
   +
  </new>
  <exclusive>
   yes
  </exclusive>
 </clothing>
 <clothing>
  <id>
   830889121
  </id>
  <name>
   Brooks Dress F-2802
  </name>
  <category>
   Dress
  </category>
  <size>
   XXL
  </size>
  <color>
   Оранжевый
  </color>
  <material>
   Хлопок
  </material>
  <price>
   180266
  </price>
  <rating>
   1.33
  </rating>
  <reviews>
   865590
  </reviews>
  <exclusive>
   yes
  </exclusive>
  <sporty>
   no
  </sporty>
 </clothing>
 <clothing>
  <id>
   274995658
  </id>
  <name>
   Reebok Shoes N-7961
  </name>
  <category>
   Shoes
  </category>
  <size>
   S
  </size>
  <color>
   Оранжевый
  </color>
  <material>
   Шелк
  </material>
  <price>
   962608
  </price>
  <rating>
   1.98
  </rating>
  <reviews>
   44073
  </reviews>
  <new>
   +
  </new>
  <exclusive>
   yes
  </exclusive>
 </clothing>
 <clothing>
  <id>
   813087748
  </id>
  <name>
   Brooks T-shirt A-7993
  </name>
  <category>
   T-shirt
  </category>
  <size>
   S
  </size>
  <color>
   Синий
  </color>
  <material>
   Полиэстер
  </material>
  <price>
   730273
  </price>
  <rating>
   1.29
  </rating>
  <reviews>
   496718
  </reviews>
  <new>
   +
  </new>
  <sporty>
   yes
  </sporty>
 </clothing>
 <clothing>
  <id>
   580978593
  </id>
  <name>
   Converse Pants S-6455
  </name>
  <category>
   Pants
  </category>
  <size>
   M
  </size>
  <color>
   Оранжевый
  </color>
  <material>
   Хлопок
  </material>
  <price>
   902565
  </price>
  <rating>
   2.14
  </rating>
  <reviews>
   935780
  </reviews>
  <new>
   +
  </new>
  <sporty>
   yes
  </sporty>
 </clothing>
 <clothing>
  <id>
   340526622
  </id>
  <name>
   DC Umbrellas R-1965
  </name>
  <category>
   Umbrellas
  </category>
  <size>
   S
  </size>
  <color>
   Зеленый
  </color>
  <material>
   Шерсть
  </material>
  <price>
   728819
  </price>
  <rating>
   2.86
  </rating>
  <reviews>
   331315
  </reviews>
  <new>
   +
  </new>
  <sporty>
   no
  </sporty>
 </clothing>
 <clothing>
  <id>
   847095616
  </id>
  <name>
   Vans Shirt M-7183
  </name>
  <category>
   Shirt
  </category>
  <size>
   S
  </size>
  <color>
   Голубой
  </color>
  <material>
   Кожа
  </material>
  <price>
   976264
  </price>
  <rating>
   2.64
  </rating>
  <reviews>
   94319
  </reviews>
  <new>
   +
  </new>
  <exclusive>
   no
  </exclusive>
  <sporty>
   no
  </sporty>
 </clothing>
 <clothing>
  <id>
   735156799
  </id>
  <name>
   Under Armour Belts X-5547
  </name>
  <category>
   Belts
  </category>
  <size>
   M
  </size>
  <color>
   Фиолетовый
  </color>
  <material>
   Хлопок
  </material>
  <price>
   657507
  </price>
  <rating>
   4.85
  </rating>
  <reviews>
   703709
  </reviews>
  <sporty>
   no
  </sporty>
 </clothing>
 <clothing>
  <id>
   109394842
  </id>
  <name>
   Vans Sweater J-5416
  </name>
  <category>
   Sweater
  </category>
  <size>
   L
  </size>
  <color>
   Зеленый
  </color>
  <material>
   Шерсть
  </material>
  <price>
   884844
  </price>
  <rating>
   1.75
  </rating>
  <reviews>
   952056
  </reviews>
  <exclusive>
   no
  </exclusive>
 </clothing>
 <clothing>
  <id>
   973244523
  </id>
  <name>
   PleinSport T-shirt B-5912
  </name>
  <category>
   T-shirt
  </category>
  <size>
   XXL
  </size>
  <color>
   Желтый
  </color>
  <material>
   Шелк
  </material>
  <price>
   123990
  </price>
  <rating>
   1.38
  </rating>
  <reviews>
   315291
  </reviews>
  <new>
   -
  </new>
 </clothing>
 <clothing>
  <id>
   632040928
  </id>
  <name>
   Asics Skirt H-4347
  </name>
  <category>
   Skirt
  </category>
  <size>
   L
  </size>
  <color>
   Зеленый
  </color>
  <material>
   Полиэстер
  </material>
  <price>
   353367
  </price>
  <rating>
   4.57
  </rating>
  <reviews>
   326114
  </reviews>
  <new>
   -
  </new>
  <exclusive>
   no
  </exclusive>
  <sporty>
   yes
  </sporty>
 </clothing>
 <clothing>
  <id>
   283361346
  </id>
  <name>
   Addidas Jacket C-9148
  </name>
  <category>
   Jacket
  </category>
  <size>
   M
  </size>
  <color>
   Голубой
  </color>
  <material>
   Шелк
  </material>
  <price>
   331621
  </price>
  <rating>
   3.39
  </rating>
  <reviews>
   307111
  </reviews>
  <new>
   -
  </new>
  <exclusive>
   no
  </exclusive>
  <sporty>
   no
  </sporty>
 </clothing>
 <clothing>
  <id>
   689938832
  </id>
  <name>
   Brooks Jeans M-5122
  </name>
  <category>
   Jeans
  </category>
  <size>
   M
  </size>
  <color>
   Красный
  </color>
  <material>
   Вискоза
  </material>
  <price>
   106314
  </price>
  <rating>
   4.45
  </rating>
  <reviews>
   468762
  </reviews>
  <new>
   +
  </new>
  <sporty>
   no
  </sporty>
 </clothing>
 <clothing>
  <id>
   303391251
  </id>
  <name>
   Fila Shoes G-9263
  </name>
  <category>
   Shoes
  </category>
  <size>
   M
  </size>
  <color>
   Желтый
  </color>
  <material>
   Полиэстер
  </material>
  <price>
   509708
  </price>
  <rating>
   3.06
  </rating>
  <reviews>
   782489
  </reviews>
  <new>
   -
  </new>
  <exclusive>
   yes
  </exclusive>
  <sporty>
   yes
  </sporty>
 </clothing>
 <clothing>
  <id>
   635241415
  </id>
  <name>
   Brooks T-shirt H-8740
  </name>
  <category>
   T-shirt
  </category>
  <size>
   S
  </size>
  <color>
   Синий
  </color>
  <material>
   Нейлон
  </material>
  <price>
   978952
  </price>
  <rating>
   1.08
  </rating>
  <reviews>
   141004
  </reviews>
  <new>
   -
  </new>
  <exclusive>
   yes
  </exclusive>
 </clothing>
 <clothing>
  <id>
   796036987
  </id>
  <name>
   Reebok Sweater Y-7952
  </name>
  <category>
   Sweater
  </category>
  <size>
   M
  </size>
  <color>
   Фиолетовый
  </color>
  <material>
   Хлопок
  </material>
  <price>
   264111
  </price>
  <rating>
   1.21
  </rating>
  <reviews>
   552400
  </reviews>
  <new>
   +
  </new>
  <exclusive>
   no
  </exclusive>
  <sporty>
   no
  </sporty>
 </clothing>
 <clothing>
  <id>
   207738223
  </id>
  <name>
   DC Gloves V-8808
  </name>
  <category>
   Gloves
  </category>
  <size>
   S
  </size>
  <color>
   Красный
  </color>
  <material>
   Вискоза
  </material>
  <price>
   465118
  </price>
  <rating>
   1.15
  </rating>
  <reviews>
   495320
  </reviews>
  <exclusive>
   no
  </exclusive>
  <sporty>
   no
  </sporty>
 </clothing>
 <clothing>
  <id>
   192800378
  </id>
  <name>
   Ellesse Dress I-8102
  </name>
  <category>
   Dress
  </category>
  <size>
   L
  </size>
  <color>
   Фиолетовый
  </color>
  <material>
   Шерсть
  </material>
  <price>
   544938
  </price>
  <rating>
   4.64
  </rating>
  <reviews>
   609501
  </reviews>
  <new>
   -
  </new>
 </clothing>
 <clothing>
  <id>
   404402936
  </id>
  <name>
   Under Armour Shoes V-3601
  </name>
  <category>
   Shoes
  </category>
  <size>
   XL
  </size>
  <color>
   Оранжевый
  </color>
  <material>
   Полиэстер
  </material>
  <price>
   615023
  </price>
  <rating>
   1.52
  </rating>
  <reviews>
   462803
  </reviews>
  <sporty>
   yes
  </sporty>
 </clothing>
 <clothing>
  <id>
   603521551
  </id>
  <name>
   Asics Shirt V-9948
  </name>
  <category>
   Shirt
  </category>
  <size>
   XXL
  </size>
  <color>
   Желтый
  </color>
  <material>
   Хлопок
  </material>
  <price>
   151095
  </price>
  <rating>
   2.02
  </rating>
  <reviews>
   892687
  </reviews>
  <exclusive>
   no
  </exclusive>
 </clothing>
 <clothing>
  <id>
   991309316
  </id>
  <name>
   Adidas Sweater E-5291
  </name>
  <category>
   Sweater
  </category>
  <size>
   XL
  </size>
  <color>
   Красный
  </color>
  <material>
   Вискоза
  </material>
  <price>
   428286
  </price>
  <rating>
   2.43
  </rating>
  <reviews>
   323158
  </reviews>
 </clothing>
 <clothing>
  <id>
   922142341
  </id>
  <name>
   Brooks Jeans N-2216
  </name>
  <category>
   Jeans
  </category>
  <size>
   S
  </size>
  <color>
   Красный
  </color>
  <material>
   Полиэстер
  </material>
  <price>
   501790
  </price>
  <rating>
   2.35
  </rating>
  <reviews>
   437642
  </reviews>
  <exclusive>
   no
  </exclusive>
  <sporty>
   no
  </sporty>
 </clothing>
 <clothing>
  <id>
   165252234
  </id>
  <name>
   Asics Skirt U-6396
  </name>
  <category>
   Skirt
  </category>
  <size>
   XL
  </size>
  <color>
   Синий
  </color>
  <material>
   Лен
  </material>
  <price>
   507957
  </price>
  <rating>
   1.02
  </rating>
  <reviews>
   273867
  </reviews>
  <exclusive>
   yes
  </exclusive>
  <sporty>
   no
  </sporty>
 </clothing>
 <clothing>
  <id>
   269496030
  </id>
  <name>
   Adidas Blouse Q-5411
  </name>
  <category>
   Blouse
  </category>
  <size>
   S
  </size>
  <color>
   Голубой
  </color>
  <material>
   Полиэстер
  </material>
  <price>
   586489
  </price>
  <rating>
   1.33
  </rating>
  <reviews>
   490375
  </reviews>
  <exclusive>
   yes
  </exclusive>
  <sporty>
   no
  </sporty>
 </clothing>
 <clothing>
  <id>
   357838488
  </id>
  <name>
   Under Armour Sweater T-8205
  </name>
  <category>
   Sweater
  </category>
  <size>
   XXL
  </size>
  <color>
   Желтый
  </color>
  <material>
   Лен
  </material>
  <price>
   413454
  </price>
  <rating>
   3.67
  </rating>
  <reviews>
   468554
  </reviews>
  <new>
   +
  </new>
  <exclusive>
   no
  </exclusive>
  <sporty>
   yes
  </sporty>
 </clothing>
</clothing-items>
