<?xml version="1.0" encoding="utf-8"?>
<clothing-items>
 <clothing>
  <id>
   573047875
  </id>
  <name>
   Ellesse Dress N-3666
  </name>
  <category>
   Dress
  </category>
  <size>
   M
  </size>
  <color>
   Синий
  </color>
  <material>
   Шелк
  </material>
  <price>
   839002
  </price>
  <rating>
   2.11
  </rating>
  <reviews>
   539307
  </reviews>
 </clothing>
 <clothing>
  <id>
   382551203
  </id>
  <name>
   DC T-shirt X-9357
  </name>
  <category>
   T-shirt
  </category>
  <size>
   M
  </size>
  <color>
   Красный
  </color>
  <material>
   Нейлон
  </material>
  <price>
   731620
  </price>
  <rating>
   1.06
  </rating>
  <reviews>
   305366
  </reviews>
  <exclusive>
   yes
  </exclusive>
  <sporty>
   yes
  </sporty>
 </clothing>
 <clothing>
  <id>
   325756092
  </id>
  <name>
   Lacoste Sweater G-7965
  </name>
  <category>
   Sweater
  </category>
  <size>
   XL
  </size>
  <color>
   Желтый
  </color>
  <material>
   Вискоза
  </material>
  <price>
   222410
  </price>
  <rating>
   3.96
  </rating>
  <reviews>
   942878
  </reviews>
  <new>
   -
  </new>
  <exclusive>
   no
  </exclusive>
  <sporty>
   no
  </sporty>
 </clothing>
 <clothing>
  <id>
   807190865
  </id>
  <name>
   Ellesse Blouse I-9996
  </name>
  <category>
   Blouse
  </category>
  <size>
   L
  </size>
  <color>
   Оранжевый
  </color>
  <material>
   Хлопок
  </material>
  <price>
   116988
  </price>
  <rating>
   3.34
  </rating>
  <reviews>
   815584
  </reviews>
  <new>
   -
  </new>
  <sporty>
   no
  </sporty>
 </clothing>
 <clothing>
  <id>
   934258496
  </id>
  <name>
   Nike Pants J-8897
  </name>
  <category>
   Pants
  </category>
  <size>
   XXL
  </size>
  <color>
   Фиолетовый
  </color>
  <material>
   Хлопок
  </material>
  <price>
   300039
  </price>
  <rating>
   1.03
  </rating>
  <reviews>
   625891
  </reviews>
  <exclusive>
   no
  </exclusive>
  <sporty>
   no
  </sporty>
 </clothing>
 <clothing>
  <id>
   658050002
  </id>
  <name>
   DC Dress L-5966
  </name>
  <category>
   Dress
  </category>
  <size>
   XL
  </size>
  <color>
   Зеленый
  </color>
  <material>
   Вискоза
  </material>
  <price>
   745020
  </price>
  <rating>
   4.27
  </rating>
  <reviews>
   964600
  </reviews>
  <new>
   -
  </new>
  <exclusive>
   no
  </exclusive>
  <sporty>
   yes
  </sporty>
 </clothing>
 <clothing>
  <id>
   891756528
  </id>
  <name>
   Ellesse Sweater C-3034
  </name>
  <category>
   Sweater
  </category>
  <size>
   L
  </size>
  <color>
   Фиолетовый
  </color>
  <material>
   Полиэстер
  </material>
  <price>
   583350
  </price>
  <rating>
   4.25
  </rating>
  <reviews>
   865477
  </reviews>
  <sporty>
   no
  </sporty>
 </clothing>
 <clothing>
  <id>
   987618761
  </id>
  <name>
   Addidas Handbags N-4186
  </name>
  <category>
   Handbags
  </category>
  <size>
   L
  </size>
  <color>
   Желтый
  </color>
  <material>
   Лен
  </material>
  <price>
   555370
  </price>
  <rating>
   3.98
  </rating>
  <reviews>
   220227
  </reviews>
  <new>
   -
  </new>
 </clothing>
 <clothing>
  <id>
   411524946
  </id>
  <name>
   DC Dress W-7959
  </name>
  <category>
   Dress
  </category>
  <size>
   XL
  </size>
  <color>
   Голубой
  </color>
  <material>
   Кожа
  </material>
  <price>
   121898
  </price>
  <rating>
   3.75
  </rating>
  <reviews>
   312226
  </reviews>
  <new>
   -
  </new>
 </clothing>
 <clothing>
  <id>
   835465354
  </id>
  <name>
   Asics Jacket R-9442
  </name>
  <category>
   Jacket
  </category>
  <size>
   M
  </size>
  <color>
   Красный
  </color>
  <material>
   Хлопок
  </material>
  <price>
   997509
  </price>
  <rating>
   2.84
  </rating>
  <reviews>
   757035
  </reviews>
  <new>
   +
  </new>
  <exclusive>
   yes
  </exclusive>
 </clothing>
 <clothing>
  <id>
   471281273
  </id>
  <name>
   Brooks Handbags B-1036
  </name>
  <category>
   Handbags
  </category>
  <size>
   L
  </size>
  <color>
   Желтый
  </color>
  <material>
   Вискоза
  </material>
  <price>
   858901
  </price>
  <rating>
   4.0
  </rating>
  <reviews>
   829770
  </reviews>
  <sporty>
   no
  </sporty>
 </clothing>
 <clothing>
  <id>
   714580308
  </id>
  <name>
   Under Armour Dress Z-8906
  </name>
  <category>
   Dress
  </category>
  <size>
   XXL
  </size>
  <color>
   Зеленый
  </color>
  <material>
   Хлопок
  </material>
  <price>
   707371
  </price>
  <rating>
   2.33
  </rating>
  <reviews>
   263358
  </reviews>
  <sporty>
   no
  </sporty>
 </clothing>
 <clothing>
  <id>
   714990113
  </id>
  <name>
   Nike Blouse F-7000
  </name>
  <category>
   Blouse
  </category>
  <size>
   XXL
  </size>
  <color>
   Красный
  </color>
  <material>
   Лен
  </material>
  <price>
   930258
  </price>
  <rating>
   3.29
  </rating>
  <reviews>
   606006
  </reviews>
  <exclusive>
   yes
  </exclusive>
  <sporty>
   no
  </sporty>
 </clothing>
 <clothing>
  <id>
   243533087
  </id>
  <name>
   DC Sweater C-4405
  </name>
  <category>
   Sweater
  </category>
  <size>
   S
  </size>
  <color>
   Красный
  </color>
  <material>
   Полиэстер
  </material>
  <price>
   130395
  </price>
  <rating>
   1.89
  </rating>
  <reviews>
   104287
  </reviews>
  <new>
   +
  </new>
  <sporty>
   yes
  </sporty>
 </clothing>
 <clothing>
  <id>
   734754444
  </id>
  <name>
   Addidas T-shirt W-9117
  </name>
  <category>
   T-shirt
  </category>
  <size>
   M
  </size>
  <color>
   Синий
  </color>
  <material>
   Полиэстер
  </material>
  <price>
   841921
  </price>
  <rating>
   2.17
  </rating>
  <reviews>
   181278
  </reviews>
  <exclusive>
   yes
  </exclusive>
  <sporty>
   no
  </sporty>
 </clothing>
 <clothing>
  <id>
   724097827
  </id>
  <name>
   Puma Hat H-5923
  </name>
  <category>
   Hat
  </category>
  <size>
   XXL
  </size>
  <color>
   Голубой
  </color>
  <material>
   Лен
  </material>
  <price>
   174425
  </price>
  <rating>
   1.68
  </rating>
  <reviews>
   305721
  </reviews>
  <exclusive>
   no
  </exclusive>
  <sporty>
   yes
  </sporty>
 </clothing>
 <clothing>
  <id>
   636842263
  </id>
  <name>
   Lacoste Umbrellas B-4478
  </name>
  <category>
   Umbrellas
  </category>
  <size>
   XXL
  </size>
  <color>
   Синий
  </color>
  <material>
   Шерсть
  </material>
  <price>
   382974
  </price>
  <rating>
   2.45
  </rating>
  <reviews>
   371376
  </reviews>
  <new>
   +
  </new>
  <exclusive>
   no
  </exclusive>
  <sporty>
   yes
  </sporty>
 </clothing>
 <clothing>
  <id>
   363505404
  </id>
  <name>
   DC Hat O-9797
  </name>
  <category>
   Hat
  </category>
  <size>
   XL
  </size>
  <color>
   Голубой
  </color>
  <material>
   Хлопок
  </material>
  <price>
   391711
  </price>
  <rating>
   1.33
  </rating>
  <reviews>
   445788
  </reviews>
  <exclusive>
   no
  </exclusive>
 </clothing>
 <clothing>
  <id>
   260277718
  </id>
  <name>
   Fila Blouse R-1339
  </name>
  <category>
   Blouse
  </category>
  <size>
   M
  </size>
  <color>
   Фиолетовый
  </color>
  <material>
   Кожа
  </material>
  <price>
   849039
  </price>
  <rating>
   3.73
  </rating>
  <reviews>
   651548
  </reviews>
  <new>
   -
  </new>
  <sporty>
   no
  </sporty>
 </clothing>
 <clothing>
  <id>
   514137047
  </id>
  <name>
   Reebok Shirt E-1490
  </name>
  <category>
   Shirt
  </category>
  <size>
   XXL
  </size>
  <color>
   Голубой
  </color>
  <material>
   Лен
  </material>
  <price>
   249379
  </price>
  <rating>
   2.63
  </rating>
  <reviews>
   683432
  </reviews>
  <sporty>
   no
  </sporty>
 </clothing>
 <clothing>
  <id>
   940754077
  </id>
  <name>
   PleinSport Dress S-1468
  </name>
  <category>
   Dress
  </category>
  <size>
   L
  </size>
  <color>
   Голубой
  </color>
  <material>
   Вискоза
  </material>
  <price>
   556600
  </price>
  <rating>
   3.38
  </rating>
  <reviews>
   695424
  </reviews>
  <new>
   -
  </new>
  <exclusive>
   yes
  </exclusive>
  <sporty>
   no
  </sporty>
 </clothing>
 <clothing>
  <id>
   944157089
  </id>
  <name>
   Ellesse Belts E-1612
  </name>
  <category>
   Belts
  </category>
  <size>
   L
  </size>
  <color>
   Красный
  </color>
  <material>
   Кожа
  </material>
  <price>
   464768
  </price>
  <rating>
   2.23
  </rating>
  <reviews>
   928773
  </reviews>
  <new>
   -
  </new>
  <sporty>
   yes
  </sporty>
 </clothing>
 <clothing>
  <id>
   449461021
  </id>
  <name>
   Asics Blouse X-8702
  </name>
  <category>
   Blouse
  </category>
  <size>
   S
  </size>
  <color>
   Фиолетовый
  </color>
  <material>
   Хлопок
  </material>
  <price>
   605093
  </price>
  <rating>
   3.7
  </rating>
  <reviews>
   133475
  </reviews>
  <new>
   -
  </new>
  <sporty>
   no
  </sporty>
 </clothing>
 <clothing>
  <id>
   523012687
  </id>
  <name>
   Addidas Belts O-5247
  </name>
  <category>
   Belts
  </category>
  <size>
   XXL
  </size>
  <color>
   Зеленый
  </color>
  <material>
   Вискоза
  </material>
  <price>
   146308
  </price>
  <rating>
   4.32
  </rating>
  <reviews>
   776546
  </reviews>
  <new>
   -
  </new>
  <sporty>
   no
  </sporty>
 </clothing>
 <clothing>
  <id>
   745038756
  </id>
  <name>
   Reebok Handbags X-6969
  </name>
  <category>
   Handbags
  </category>
  <size>
   M
  </size>
  <color>
   Синий
  </color>
  <material>
   Шерсть
  </material>
  <price>
   603806
  </price>
  <rating>
   4.49
  </rating>
  <reviews>
   262891
  </reviews>
  <new>
   -
  </new>
  <exclusive>
   no
  </exclusive>
  <sporty>
   yes
  </sporty>
 </clothing>
 <clothing>
  <id>
   506765312
  </id>
  <name>
   Lacoste Blouse M-8680
  </name>
  <category>
   Blouse
  </category>
  <size>
   M
  </size>
  <color>
   Голубой
  </color>
  <material>
   Нейлон
  </material>
  <price>
   781769
  </price>
  <rating>
   1.76
  </rating>
  <reviews>
   984757
  </reviews>
  <new>
   -
  </new>
  <exclusive>
   no
  </exclusive>
  <sporty>
   no
  </sporty>
 </clothing>
 <clothing>
  <id>
   828317212
  </id>
  <name>
   Asics Jeans C-1011
  </name>
  <category>
   Jeans
  </category>
  <size>
   L
  </size>
  <color>
   Зеленый
  </color>
  <material>
   Нейлон
  </material>
  <price>
   482748
  </price>
  <rating>
   1.72
  </rating>
  <reviews>
   865731
  </reviews>
  <new>
   +
  </new>
  <exclusive>
   no
  </exclusive>
 </clothing>
 <clothing>
  <id>
   970077255
  </id>
  <name>
   PleinSport Shoes X-8159
  </name>
  <category>
   Shoes
  </category>
  <size>
   S
  </size>
  <color>
   Зеленый
  </color>
  <material>
   Кожа
  </material>
  <price>
   902628
  </price>
  <rating>
   1.92
  </rating>
  <reviews>
   813259
  </reviews>
  <new>
   +
  </new>
  <sporty>
   no
  </sporty>
 </clothing>
 <clothing>
  <id>
   300504486
  </id>
  <name>
   Asics T-shirt R-5870
  </name>
  <category>
   T-shirt
  </category>
  <size>
   S
  </size>
  <color>
   Голубой
  </color>
  <material>
   Кожа
  </material>
  <price>
   683490
  </price>
  <rating>
   1.11
  </rating>
  <reviews>
   827953
  </reviews>
  <sporty>
   yes
  </sporty>
 </clothing>
 <clothing>
  <id>
   218489551
  </id>
  <name>
   DC Jeans W-1135
  </name>
  <category>
   Jeans
  </category>
  <size>
   S
  </size>
  <color>
   Зеленый
  </color>
  <material>
   Кожа
  </material>
  <price>
   788222
  </price>
  <rating>
   3.68
  </rating>
  <reviews>
   228520
  </reviews>
  <new>
   -
  </new>
  <exclusive>
   no
  </exclusive>
  <sporty>
   yes
  </sporty>
 </clothing>
 <clothing>
  <id>
   474512304
  </id>
  <name>
   Ellesse Sweater H-5184
  </name>
  <category>
   Sweater
  </category>
  <size>
   XL
  </size>
  <color>
   Оранжевый
  </color>
  <material>
   Нейлон
  </material>
  <price>
   171601
  </price>
  <rating>
   2.35
  </rating>
  <reviews>
   980127
  </reviews>
  <exclusive>
   no
  </exclusive>
 </clothing>
 <clothing>
  <id>
   615063446
  </id>
  <name>
   Nike Gloves S-2369
  </name>
  <category>
   Gloves
  </category>
  <size>
   L
  </size>
  <color>
   Зеленый
  </color>
  <material>
   Хлопок
  </material>
  <price>
   902382
  </price>
  <rating>
   3.02
  </rating>
  <reviews>
   768792
  </reviews>
  <exclusive>
   yes
  </exclusive>
 </clothing>
</clothing-items>
