<?xml version="1.0" encoding="utf-8"?>
<clothing-items>
 <clothing>
  <id>
   994952672
  </id>
  <name>
   New Balance Skirt I-4233
  </name>
  <category>
   Skirt
  </category>
  <size>
   XXL
  </size>
  <color>
   Зеленый
  </color>
  <material>
   Вискоза
  </material>
  <price>
   938089
  </price>
  <rating>
   1.47
  </rating>
  <reviews>
   855381
  </reviews>
  <new>
   -
  </new>
 </clothing>
 <clothing>
  <id>
   186938738
  </id>
  <name>
   Reebok Socks O-3640
  </name>
  <category>
   Socks
  </category>
  <size>
   S
  </size>
  <color>
   Зеленый
  </color>
  <material>
   Шелк
  </material>
  <price>
   157523
  </price>
  <rating>
   1.06
  </rating>
  <reviews>
   693362
  </reviews>
  <new>
   -
  </new>
  <sporty>
   no
  </sporty>
 </clothing>
 <clothing>
  <id>
   856597205
  </id>
  <name>
   Converse Socks I-4545
  </name>
  <category>
   Socks
  </category>
  <size>
   XL
  </size>
  <color>
   Оранжевый
  </color>
  <material>
   Шелк
  </material>
  <price>
   766957
  </price>
  <rating>
   3.89
  </rating>
  <reviews>
   162493
  </reviews>
  <new>
   -
  </new>
  <sporty>
   yes
  </sporty>
 </clothing>
 <clothing>
  <id>
   340219246
  </id>
  <name>
   Vans Umbrellas N-9406
  </name>
  <category>
   Umbrellas
  </category>
  <size>
   S
  </size>
  <color>
   Синий
  </color>
  <material>
   Нейлон
  </material>
  <price>
   919684
  </price>
  <rating>
   1.28
  </rating>
  <reviews>
   693322
  </reviews>
  <sporty>
   yes
  </sporty>
 </clothing>
 <clothing>
  <id>
   869661025
  </id>
  <name>
   Brooks Blouse U-7008
  </name>
  <category>
   Blouse
  </category>
  <size>
   XL
  </size>
  <color>
   Фиолетовый
  </color>
  <material>
   Нейлон
  </material>
  <price>
   186783
  </price>
  <rating>
   4.47
  </rating>
  <reviews>
   808956
  </reviews>
  <new>
   -
  </new>
  <exclusive>
   yes
  </exclusive>
 </clothing>
 <clothing>
  <id>
   731878247
  </id>
  <name>
   Addidas Handbags K-8350
  </name>
  <category>
   Handbags
  </category>
  <size>
   XL
  </size>
  <color>
   Красный
  </color>
  <material>
   Шелк
  </material>
  <price>
   244382
  </price>
  <rating>
   3.46
  </rating>
  <reviews>
   264123
  </reviews>
  <sporty>
   no
  </sporty>
 </clothing>
 <clothing>
  <id>
   317291587
  </id>
  <name>
   Brooks Blouse N-4454
  </name>
  <category>
   Blouse
  </category>
  <size>
   M
  </size>
  <color>
   Синий
  </color>
  <material>
   Вискоза
  </material>
  <price>
   653865
  </price>
  <rating>
   2.9
  </rating>
  <reviews>
   869007
  </reviews>
  <exclusive>
   yes
  </exclusive>
  <sporty>
   yes
  </sporty>
 </clothing>
 <clothing>
  <id>
   668562555
  </id>
  <name>
   Asics T-shirt R-1495
  </name>
  <category>
   T-shirt
  </category>
  <size>
   L
  </size>
  <color>
   Красный
  </color>
  <material>
   Шерсть
  </material>
  <price>
   203665
  </price>
  <rating>
   2.05
  </rating>
  <reviews>
   667899
  </reviews>
  <new>
   -
  </new>
  <sporty>
   no
  </sporty>
 </clothing>
 <clothing>
  <id>
   983884351
  </id>
  <name>
   Vans Blouse N-2666
  </name>
  <category>
   Blouse
  </category>
  <size>
   L
  </size>
  <color>
   Красный
  </color>
  <material>
   Нейлон
  </material>
  <price>
   974335
  </price>
  <rating>
   2.31
  </rating>
  <reviews>
   451553
  </reviews>
  <sporty>
   no
  </sporty>
 </clothing>
 <clothing>
  <id>
   207379217
  </id>
  <name>
   Fila Shoes A-9965
  </name>
  <category>
   Shoes
  </category>
  <size>
   XL
  </size>
  <color>
   Фиолетовый
  </color>
  <material>
   Лен
  </material>
  <price>
   935583
  </price>
  <rating>
   2.23
  </rating>
  <reviews>
   934695
  </reviews>
  <new>
   -
  </new>
  <exclusive>
   no
  </exclusive>
  <sporty>
   yes
  </sporty>
 </clothing>
 <clothing>
  <id>
   803676099
  </id>
  <name>
   Adidas Belts T-4899
  </name>
  <category>
   Belts
  </category>
  <size>
   S
  </size>
  <color>
   Желтый
  </color>
  <material>
   Лен
  </material>
  <price>
   644463
  </price>
  <rating>
   1.19
  </rating>
  <reviews>
   378630
  </reviews>
  <new>
   -
  </new>
 </clothing>
 <clothing>
  <id>
   896244211
  </id>
  <name>
   Reebok T-shirt M-8691
  </name>
  <category>
   T-shirt
  </category>
  <size>
   L
  </size>
  <color>
   Желтый
  </color>
  <material>
   Кожа
  </material>
  <price>
   329586
  </price>
  <rating>
   3.65
  </rating>
  <reviews>
   819682
  </reviews>
  <new>
   -
  </new>
  <exclusive>
   yes
  </exclusive>
 </clothing>
 <clothing>
  <id>
   257259582
  </id>
  <name>
   Under Armour Skirt D-8857
  </name>
  <category>
   Skirt
  </category>
  <size>
   XL
  </size>
  <color>
   Зеленый
  </color>
  <material>
   Полиэстер
  </material>
  <price>
   446151
  </price>
  <rating>
   1.44
  </rating>
  <reviews>
   538559
  </reviews>
  <new>
   -
  </new>
  <exclusive>
   no
  </exclusive>
  <sporty>
   no
  </sporty>
 </clothing>
 <clothing>
  <id>
   414752448
  </id>
  <name>
   Adidas Socks A-3818
  </name>
  <category>
   Socks
  </category>
  <size>
   L
  </size>
  <color>
   Зеленый
  </color>
  <material>
   Хлопок
  </material>
  <price>
   231154
  </price>
  <rating>
   1.1
  </rating>
  <reviews>
   99840
  </reviews>
  <new>
   -
  </new>
  <sporty>
   no
  </sporty>
 </clothing>
 <clothing>
  <id>
   215007927
  </id>
  <name>
   Adidas Gloves G-2958
  </name>
  <category>
   Gloves
  </category>
  <size>
   L
  </size>
  <color>
   Оранжевый
  </color>
  <material>
   Шелк
  </material>
  <price>
   190695
  </price>
  <rating>
   2.64
  </rating>
  <reviews>
   40219
  </reviews>
  <new>
   -
  </new>
  <sporty>
   no
  </sporty>
 </clothing>
 <clothing>
  <id>
   583973685
  </id>
  <name>
   Asics Jeans S-6921
  </name>
  <category>
   Jeans
  </category>
  <size>
   M
  </size>
  <color>
   Оранжевый
  </color>
  <material>
   Полиэстер
  </material>
  <price>
   497686
  </price>
  <rating>
   1.35
  </rating>
  <reviews>
   245448
  </reviews>
 </clothing>
 <clothing>
  <id>
   927557015
  </id>
  <name>
   Adidas Hat O-5457
  </name>
  <category>
   Hat
  </category>
  <size>
   L
  </size>
  <color>
   Зеленый
  </color>
  <material>
   Хлопок
  </material>
  <price>
   774917
  </price>
  <rating>
   1.01
  </rating>
  <reviews>
   185392
  </reviews>
  <new>
   -
  </new>
  <exclusive>
   no
  </exclusive>
 </clothing>
 <clothing>
  <id>
   548777948
  </id>
  <name>
   PleinSport Jacket B-9213
  </name>
  <category>
   Jacket
  </category>
  <size>
   L
  </size>
  <color>
   Желтый
  </color>
  <material>
   Лен
  </material>
  <price>
   108467
  </price>
  <rating>
   3.46
  </rating>
  <reviews>
   906465
  </reviews>
  <new>
   -
  </new>
  <sporty>
   no
  </sporty>
 </clothing>
 <clothing>
  <id>
   759284950
  </id>
  <name>
   Vans Jeans J-1489
  </name>
  <category>
   Jeans
  </category>
  <size>
   XXL
  </size>
  <color>
   Красный
  </color>
  <material>
   Шелк
  </material>
  <price>
   853645
  </price>
  <rating>
   1.49
  </rating>
  <reviews>
   620407
  </reviews>
  <new>
   +
  </new>
  <sporty>
   yes
  </sporty>
 </clothing>
 <clothing>
  <id>
   750419811
  </id>
  <name>
   Ellesse Umbrellas L-9863
  </name>
  <category>
   Umbrellas
  </category>
  <size>
   M
  </size>
  <color>
   Зеленый
  </color>
  <material>
   Вискоза
  </material>
  <price>
   892294
  </price>
  <rating>
   3.42
  </rating>
  <reviews>
   579592
  </reviews>
  <sporty>
   yes
  </sporty>
 </clothing>
 <clothing>
  <id>
   364154376
  </id>
  <name>
   Adidas Pants Q-9137
  </name>
  <category>
   Pants
  </category>
  <size>
   M
  </size>
  <color>
   Оранжевый
  </color>
  <material>
   Кожа
  </material>
  <price>
   253285
  </price>
  <rating>
   3.67
  </rating>
  <reviews>
   677392
  </reviews>
  <new>
   +
  </new>
  <exclusive>
   yes
  </exclusive>
 </clothing>
 <clothing>
  <id>
   274537519
  </id>
  <name>
   Fila Shoes F-8798
  </name>
  <category>
   Shoes
  </category>
  <size>
   S
  </size>
  <color>
   Зеленый
  </color>
  <material>
   Хлопок
  </material>
  <price>
   318200
  </price>
  <rating>
   3.57
  </rating>
  <reviews>
   304971
  </reviews>
 </clothing>
 <clothing>
  <id>
   833974452
  </id>
  <name>
   Nike Belts G-8144
  </name>
  <category>
   Belts
  </category>
  <size>
   L
  </size>
  <color>
   Оранжевый
  </color>
  <material>
   Хлопок
  </material>
  <price>
   713548
  </price>
  <rating>
   2.38
  </rating>
  <reviews>
   811641
  </reviews>
  <exclusive>
   no
  </exclusive>
  <sporty>
   yes
  </sporty>
 </clothing>
 <clothing>
  <id>
   279933891
  </id>
  <name>
   Ellesse Jacket V-4265
  </name>
  <category>
   Jacket
  </category>
  <size>
   XXL
  </size>
  <color>
   Зеленый
  </color>
  <material>
   Шерсть
  </material>
  <price>
   554140
  </price>
  <rating>
   4.82
  </rating>
  <reviews>
   386081
  </reviews>
  <new>
   -
  </new>
  <sporty>
   no
  </sporty>
 </clothing>
 <clothing>
  <id>
   288268122
  </id>
  <name>
   Lacoste Shoes A-5444
  </name>
  <category>
   Shoes
  </category>
  <size>
   L
  </size>
  <color>
   Голубой
  </color>
  <material>
   Полиэстер
  </material>
  <price>
   538681
  </price>
  <rating>
   1.98
  </rating>
  <reviews>
   23543
  </reviews>
  <exclusive>
   no
  </exclusive>
 </clothing>
 <clothing>
  <id>
   928652145
  </id>
  <name>
   Adidas Dress I-7159
  </name>
  <category>
   Dress
  </category>
  <size>
   XL
  </size>
  <color>
   Красный
  </color>
  <material>
   Полиэстер
  </material>
  <price>
   780555
  </price>
  <rating>
   2.82
  </rating>
  <reviews>
   499998
  </reviews>
  <new>
   +
  </new>
  <sporty>
   yes
  </sporty>
 </clothing>
 <clothing>
  <id>
   458247993
  </id>
  <name>
   DC Jeans I-5951
  </name>
  <category>
   Jeans
  </category>
  <size>
   XL
  </size>
  <color>
   Оранжевый
  </color>
  <material>
   Полиэстер
  </material>
  <price>
   653140
  </price>
  <rating>
   4.03
  </rating>
  <reviews>
   552633
  </reviews>
  <new>
   -
  </new>
  <exclusive>
   no
  </exclusive>
 </clothing>
 <clothing>
  <id>
   933913696
  </id>
  <name>
   Ellesse Gloves Y-7834
  </name>
  <category>
   Gloves
  </category>
  <size>
   XL
  </size>
  <color>
   Фиолетовый
  </color>
  <material>
   Шелк
  </material>
  <price>
   402854
  </price>
  <rating>
   4.1
  </rating>
  <reviews>
   51495
  </reviews>
  <new>
   +
  </new>
  <sporty>
   yes
  </sporty>
 </clothing>
 <clothing>
  <id>
   439265590
  </id>
  <name>
   Lacoste Gloves W-7731
  </name>
  <category>
   Gloves
  </category>
  <size>
   XXL
  </size>
  <color>
   Оранжевый
  </color>
  <material>
   Нейлон
  </material>
  <price>
   288419
  </price>
  <rating>
   2.09
  </rating>
  <reviews>
   593749
  </reviews>
  <new>
   -
  </new>
  <exclusive>
   no
  </exclusive>
  <sporty>
   yes
  </sporty>
 </clothing>
 <clothing>
  <id>
   358123609
  </id>
  <name>
   Reebok Shirt Q-1083
  </name>
  <category>
   Shirt
  </category>
  <size>
   M
  </size>
  <color>
   Зеленый
  </color>
  <material>
   Нейлон
  </material>
  <price>
   173724
  </price>
  <rating>
   2.06
  </rating>
  <reviews>
   511598
  </reviews>
  <new>
   -
  </new>
  <exclusive>
   yes
  </exclusive>
  <sporty>
   no
  </sporty>
 </clothing>
 <clothing>
  <id>
   567212700
  </id>
  <name>
   Lacoste Shoes L-3618
  </name>
  <category>
   Shoes
  </category>
  <size>
   L
  </size>
  <color>
   Зеленый
  </color>
  <material>
   Хлопок
  </material>
  <price>
   743105
  </price>
  <rating>
   4.73
  </rating>
  <reviews>
   150742
  </reviews>
  <new>
   -
  </new>
  <sporty>
   yes
  </sporty>
 </clothing>
 <clothing>
  <id>
   504924815
  </id>
  <name>
   Nike Pants X-1024
  </name>
  <category>
   Pants
  </category>
  <size>
   S
  </size>
  <color>
   Желтый
  </color>
  <material>
   Кожа
  </material>
  <price>
   144282
  </price>
  <rating>
   4.94
  </rating>
  <reviews>
   650592
  </reviews>
  <sporty>
   no
  </sporty>
 </clothing>
 <clothing>
  <id>
   341281473
  </id>
  <name>
   Under Armour Hat B-2374
  </name>
  <category>
   Hat
  </category>
  <size>
   M
  </size>
  <color>
   Фиолетовый
  </color>
  <material>
   Нейлон
  </material>
  <price>
   239709
  </price>
  <rating>
   2.48
  </rating>
  <reviews>
   809893
  </reviews>
  <new>
   -
  </new>
  <sporty>
   no
  </sporty>
 </clothing>
 <clothing>
  <id>
   450043376
  </id>
  <name>
   Converse Jacket X-4908
  </name>
  <category>
   Jacket
  </category>
  <size>
   M
  </size>
  <color>
   Оранжевый
  </color>
  <material>
   Лен
  </material>
  <price>
   354140
  </price>
  <rating>
   1.7
  </rating>
  <reviews>
   278133
  </reviews>
  <new>
   -
  </new>
  <exclusive>
   no
  </exclusive>
  <sporty>
   no
  </sporty>
 </clothing>
 <clothing>
  <id>
   702989180
  </id>
  <name>
   Under Armour T-shirt I-4305
  </name>
  <category>
   T-shirt
  </category>
  <size>
   S
  </size>
  <color>
   Синий
  </color>
  <material>
   Шелк
  </material>
  <price>
   257349
  </price>
  <rating>
   1.25
  </rating>
  <reviews>
   194873
  </reviews>
  <exclusive>
   no
  </exclusive>
  <sporty>
   yes
  </sporty>
 </clothing>
 <clothing>
  <id>
   555571719
  </id>
  <name>
   Adidas Hat N-5678
  </name>
  <category>
   Hat
  </category>
  <size>
   XL
  </size>
  <color>
   Зеленый
  </color>
  <material>
   Шерсть
  </material>
  <price>
   866858
  </price>
  <rating>
   3.21
  </rating>
  <reviews>
   830425
  </reviews>
  <new>
   +
  </new>
 </clothing>
</clothing-items>
