<?xml version="1.0" encoding="utf-8"?>
<clothing-items>
 <clothing>
  <id>
   759231957
  </id>
  <name>
   Reebok Jacket Z-3546
  </name>
  <category>
   Jacket
  </category>
  <size>
   M
  </size>
  <color>
   Фиолетовый
  </color>
  <material>
   Полиэстер
  </material>
  <price>
   731649
  </price>
  <rating>
   1.07
  </rating>
  <reviews>
   370189
  </reviews>
  <new>
   +
  </new>
  <exclusive>
   no
  </exclusive>
  <sporty>
   yes
  </sporty>
 </clothing>
 <clothing>
  <id>
   590597908
  </id>
  <name>
   Asics Shirt H-2660
  </name>
  <category>
   Shirt
  </category>
  <size>
   XL
  </size>
  <color>
   Фиолетовый
  </color>
  <material>
   Полиэстер
  </material>
  <price>
   270981
  </price>
  <rating>
   2.92
  </rating>
  <reviews>
   907013
  </reviews>
  <new>
   -
  </new>
 </clothing>
 <clothing>
  <id>
   371201785
  </id>
  <name>
   Asics Shoes R-7508
  </name>
  <category>
   Shoes
  </category>
  <size>
   L
  </size>
  <color>
   Красный
  </color>
  <material>
   Шерсть
  </material>
  <price>
   482322
  </price>
  <rating>
   2.98
  </rating>
  <reviews>
   387907
  </reviews>
  <new>
   +
  </new>
  <exclusive>
   yes
  </exclusive>
  <sporty>
   no
  </sporty>
 </clothing>
 <clothing>
  <id>
   282796842
  </id>
  <name>
   PleinSport Socks C-9785
  </name>
  <category>
   Socks
  </category>
  <size>
   XXL
  </size>
  <color>
   Голубой
  </color>
  <material>
   Шелк
  </material>
  <price>
   761563
  </price>
  <rating>
   1.0
  </rating>
  <reviews>
   451172
  </reviews>
  <new>
   +
  </new>
 </clothing>
 <clothing>
  <id>
   254217033
  </id>
  <name>
   Ellesse Jeans V-6436
  </name>
  <category>
   Jeans
  </category>
  <size>
   S
  </size>
  <color>
   Красный
  </color>
  <material>
   Лен
  </material>
  <price>
   349531
  </price>
  <rating>
   3.42
  </rating>
  <reviews>
   942525
  </reviews>
  <exclusive>
   no
  </exclusive>
 </clothing>
 <clothing>
  <id>
   818239142
  </id>
  <name>
   New Balance Blouse U-1876
  </name>
  <category>
   Blouse
  </category>
  <size>
   L
  </size>
  <color>
   Фиолетовый
  </color>
  <material>
   Полиэстер
  </material>
  <price>
   807449
  </price>
  <rating>
   4.33
  </rating>
  <reviews>
   857094
  </reviews>
  <exclusive>
   yes
  </exclusive>
  <sporty>
   no
  </sporty>
 </clothing>
 <clothing>
  <id>
   397341277
  </id>
  <name>
   Asics Pants R-1901
  </name>
  <category>
   Pants
  </category>
  <size>
   L
  </size>
  <color>
   Синий
  </color>
  <material>
   Нейлон
  </material>
  <price>
   514616
  </price>
  <rating>
   3.98
  </rating>
  <reviews>
   779887
  </reviews>
  <exclusive>
   no
  </exclusive>
 </clothing>
 <clothing>
  <id>
   301908547
  </id>
  <name>
   Puma Umbrellas Z-5260
  </name>
  <category>
   Umbrellas
  </category>
  <size>
   XXL
  </size>
  <color>
   Фиолетовый
  </color>
  <material>
   Кожа
  </material>
  <price>
   250615
  </price>
  <rating>
   4.67
  </rating>
  <reviews>
   56003
  </reviews>
  <exclusive>
   no
  </exclusive>
 </clothing>
 <clothing>
  <id>
   188111443
  </id>
  <name>
   Reebok Shirt Y-1912
  </name>
  <category>
   Shirt
  </category>
  <size>
   XL
  </size>
  <color>
   Желтый
  </color>
  <material>
   Шелк
  </material>
  <price>
   683130
  </price>
  <rating>
   3.09
  </rating>
  <reviews>
   657894
  </reviews>
  <new>
   -
  </new>
  <exclusive>
   yes
  </exclusive>
 </clothing>
 <clothing>
  <id>
   799762966
  </id>
  <name>
   New Balance Skirt I-8977
  </name>
  <category>
   Skirt
  </category>
  <size>
   S
  </size>
  <color>
   Голубой
  </color>
  <material>
   Шерсть
  </material>
  <price>
   858508
  </price>
  <rating>
   2.93
  </rating>
  <reviews>
   309856
  </reviews>
  <exclusive>
   yes
  </exclusive>
  <sporty>
   yes
  </sporty>
 </clothing>
 <clothing>
  <id>
   336317926
  </id>
  <name>
   Lacoste Hat Q-9672
  </name>
  <category>
   Hat
  </category>
  <size>
   XL
  </size>
  <color>
   Синий
  </color>
  <material>
   Вискоза
  </material>
  <price>
   227937
  </price>
  <rating>
   2.18
  </rating>
  <reviews>
   198573
  </reviews>
  <new>
   -
  </new>
  <exclusive>
   yes
  </exclusive>
 </clothing>
 <clothing>
  <id>
   866208871
  </id>
  <name>
   Under Armour Skirt F-5001
  </name>
  <category>
   Skirt
  </category>
  <size>
   XL
  </size>
  <color>
   Фиолетовый
  </color>
  <material>
   Лен
  </material>
  <price>
   990391
  </price>
  <rating>
   1.03
  </rating>
  <reviews>
   707941
  </reviews>
  <new>
   +
  </new>
  <sporty>
   yes
  </sporty>
 </clothing>
 <clothing>
  <id>
   562560879
  </id>
  <name>
   Asics Dress H-3548
  </name>
  <category>
   Dress
  </category>
  <size>
   XXL
  </size>
  <color>
   Голубой
  </color>
  <material>
   Вискоза
  </material>
  <price>
   351426
  </price>
  <rating>
   4.13
  </rating>
  <reviews>
   810260
  </reviews>
  <exclusive>
   yes
  </exclusive>
  <sporty>
   no
  </sporty>
 </clothing>
 <clothing>
  <id>
   876842479
  </id>
  <name>
   DC Socks Q-1186
  </name>
  <category>
   Socks
  </category>
  <size>
   XL
  </size>
  <color>
   Желтый
  </color>
  <material>
   Полиэстер
  </material>
  <price>
   991599
  </price>
  <rating>
   2.52
  </rating>
  <reviews>
   395478
  </reviews>
  <new>
   -
  </new>
  <exclusive>
   no
  </exclusive>
  <sporty>
   no
  </sporty>
 </clothing>
 <clothing>
  <id>
   301665912
  </id>
  <name>
   DC Dress X-6654
  </name>
  <category>
   Dress
  </category>
  <size>
   XXL
  </size>
  <color>
   Желтый
  </color>
  <material>
   Хлопок
  </material>
  <price>
   123273
  </price>
  <rating>
   4.47
  </rating>
  <reviews>
   421220
  </reviews>
  <new>
   -
  </new>
  <exclusive>
   no
  </exclusive>
  <sporty>
   yes
  </sporty>
 </clothing>
 <clothing>
  <id>
   308106107
  </id>
  <name>
   DC Gloves F-2490
  </name>
  <category>
   Gloves
  </category>
  <size>
   XL
  </size>
  <color>
   Красный
  </color>
  <material>
   Вискоза
  </material>
  <price>
   392124
  </price>
  <rating>
   1.1
  </rating>
  <reviews>
   654179
  </reviews>
  <new>
   -
  </new>
  <exclusive>
   no
  </exclusive>
 </clothing>
 <clothing>
  <id>
   910864600
  </id>
  <name>
   Ellesse Socks B-6510
  </name>
  <category>
   Socks
  </category>
  <size>
   M
  </size>
  <color>
   Желтый
  </color>
  <material>
   Полиэстер
  </material>
  <price>
   326414
  </price>
  <rating>
   2.5
  </rating>
  <reviews>
   440417
  </reviews>
  <exclusive>
   no
  </exclusive>
 </clothing>
 <clothing>
  <id>
   376283586
  </id>
  <name>
   New Balance Blouse W-2137
  </name>
  <category>
   Blouse
  </category>
  <size>
   XL
  </size>
  <color>
   Синий
  </color>
  <material>
   Шерсть
  </material>
  <price>
   354747
  </price>
  <rating>
   2.55
  </rating>
  <reviews>
   308485
  </reviews>
  <new>
   -
  </new>
  <exclusive>
   no
  </exclusive>
 </clothing>
 <clothing>
  <id>
   968405702
  </id>
  <name>
   Nike Handbags U-3964
  </name>
  <category>
   Handbags
  </category>
  <size>
   S
  </size>
  <color>
   Синий
  </color>
  <material>
   Вискоза
  </material>
  <price>
   413700
  </price>
  <rating>
   3.0
  </rating>
  <reviews>
   375518
  </reviews>
  <new>
   -
  </new>
  <exclusive>
   no
  </exclusive>
  <sporty>
   yes
  </sporty>
 </clothing>
 <clothing>
  <id>
   824099260
  </id>
  <name>
   Fila Shirt O-6872
  </name>
  <category>
   Shirt
  </category>
  <size>
   XL
  </size>
  <color>
   Красный
  </color>
  <material>
   Лен
  </material>
  <price>
   676680
  </price>
  <rating>
   1.06
  </rating>
  <reviews>
   810444
  </reviews>
  <sporty>
   no
  </sporty>
 </clothing>
 <clothing>
  <id>
   422767950
  </id>
  <name>
   PleinSport Handbags L-7393
  </name>
  <category>
   Handbags
  </category>
  <size>
   L
  </size>
  <color>
   Фиолетовый
  </color>
  <material>
   Хлопок
  </material>
  <price>
   877966
  </price>
  <rating>
   4.07
  </rating>
  <reviews>
   221141
  </reviews>
  <exclusive>
   yes
  </exclusive>
 </clothing>
 <clothing>
  <id>
   947405529
  </id>
  <name>
   Fila Pants S-8698
  </name>
  <category>
   Pants
  </category>
  <size>
   XXL
  </size>
  <color>
   Синий
  </color>
  <material>
   Шелк
  </material>
  <price>
   584790
  </price>
  <rating>
   3.51
  </rating>
  <reviews>
   979919
  </reviews>
  <exclusive>
   no
  </exclusive>
 </clothing>
 <clothing>
  <id>
   323109613
  </id>
  <name>
   Fila Pants Y-7649
  </name>
  <category>
   Pants
  </category>
  <size>
   L
  </size>
  <color>
   Зеленый
  </color>
  <material>
   Шерсть
  </material>
  <price>
   225462
  </price>
  <rating>
   1.8
  </rating>
  <reviews>
   164108
  </reviews>
  <sporty>
   yes
  </sporty>
 </clothing>
 <clothing>
  <id>
   189585187
  </id>
  <name>
   Brooks Umbrellas L-4724
  </name>
  <category>
   Umbrellas
  </category>
  <size>
   S
  </size>
  <color>
   Зеленый
  </color>
  <material>
   Шерсть
  </material>
  <price>
   917678
  </price>
  <rating>
   3.25
  </rating>
  <reviews>
   547515
  </reviews>
  <new>
   +
  </new>
  <sporty>
   yes
  </sporty>
 </clothing>
 <clothing>
  <id>
   151644489
  </id>
  <name>
   Brooks T-shirt H-9424
  </name>
  <category>
   T-shirt
  </category>
  <size>
   S
  </size>
  <color>
   Оранжевый
  </color>
  <material>
   Кожа
  </material>
  <price>
   586538
  </price>
  <rating>
   2.32
  </rating>
  <reviews>
   141132
  </reviews>
  <new>
   -
  </new>
  <sporty>
   yes
  </sporty>
 </clothing>
 <clothing>
  <id>
   709385907
  </id>
  <name>
   Nike Skirt H-4665
  </name>
  <category>
   Skirt
  </category>
  <size>
   S
  </size>
  <color>
   Зеленый
  </color>
  <material>
   Лен
  </material>
  <price>
   439938
  </price>
  <rating>
   2.29
  </rating>
  <reviews>
   169817
  </reviews>
  <new>
   -
  </new>
  <sporty>
   no
  </sporty>
 </clothing>
</clothing-items>
