<?xml version="1.0" encoding="utf-8"?>
<clothing-items>
 <clothing>
  <id>
   145780213
  </id>
  <name>
   Asics Dress F-5403
  </name>
  <category>
   Dress
  </category>
  <size>
   S
  </size>
  <color>
   Желтый
  </color>
  <material>
   Полиэстер
  </material>
  <price>
   640026
  </price>
  <rating>
   4.85
  </rating>
  <reviews>
   720055
  </reviews>
  <new>
   +
  </new>
  <sporty>
   no
  </sporty>
 </clothing>
 <clothing>
  <id>
   513453885
  </id>
  <name>
   Lacoste Jeans X-9206
  </name>
  <category>
   Jeans
  </category>
  <size>
   XXL
  </size>
  <color>
   Оранжевый
  </color>
  <material>
   Полиэстер
  </material>
  <price>
   868864
  </price>
  <rating>
   1.66
  </rating>
  <reviews>
   733545
  </reviews>
  <exclusive>
   yes
  </exclusive>
  <sporty>
   no
  </sporty>
 </clothing>
 <clothing>
  <id>
   437229200
  </id>
  <name>
   Reebok Socks R-6517
  </name>
  <category>
   Socks
  </category>
  <size>
   XL
  </size>
  <color>
   Оранжевый
  </color>
  <material>
   Шерсть
  </material>
  <price>
   525607
  </price>
  <rating>
   4.55
  </rating>
  <reviews>
   186134
  </reviews>
 </clothing>
 <clothing>
  <id>
   505539352
  </id>
  <name>
   Vans Socks P-1250
  </name>
  <category>
   Socks
  </category>
  <size>
   L
  </size>
  <color>
   Синий
  </color>
  <material>
   Шерсть
  </material>
  <price>
   254345
  </price>
  <rating>
   1.33
  </rating>
  <reviews>
   938812
  </reviews>
  <new>
   +
  </new>
  <sporty>
   yes
  </sporty>
 </clothing>
 <clothing>
  <id>
   889674713
  </id>
  <name>
   PleinSport Umbrellas A-7466
  </name>
  <category>
   Umbrellas
  </category>
  <size>
   M
  </size>
  <color>
   Зеленый
  </color>
  <material>
   Шерсть
  </material>
  <price>
   374103
  </price>
  <rating>
   1.92
  </rating>
  <reviews>
   343560
  </reviews>
  <new>
   +
  </new>
  <sporty>
   no
  </sporty>
 </clothing>
 <clothing>
  <id>
   276463527
  </id>
  <name>
   Addidas Skirt O-2519
  </name>
  <category>
   Skirt
  </category>
  <size>
   L
  </size>
  <color>
   Красный
  </color>
  <material>
   Кожа
  </material>
  <price>
   156305
  </price>
  <rating>
   3.17
  </rating>
  <reviews>
   641214
  </reviews>
  <new>
   -
  </new>
  <sporty>
   yes
  </sporty>
 </clothing>
 <clothing>
  <id>
   918330329
  </id>
  <name>
   Fila T-shirt D-8605
  </name>
  <category>
   T-shirt
  </category>
  <size>
   M
  </size>
  <color>
   Фиолетовый
  </color>
  <material>
   Вискоза
  </material>
  <price>
   835901
  </price>
  <rating>
   1.84
  </rating>
  <reviews>
   834658
  </reviews>
  <new>
   +
  </new>
  <exclusive>
   yes
  </exclusive>
  <sporty>
   no
  </sporty>
 </clothing>
 <clothing>
  <id>
   500792403
  </id>
  <name>
   Lacoste Gloves D-2899
  </name>
  <category>
   Gloves
  </category>
  <size>
   S
  </size>
  <color>
   Зеленый
  </color>
  <material>
   Нейлон
  </material>
  <price>
   701864
  </price>
  <rating>
   4.99
  </rating>
  <reviews>
   176452
  </reviews>
  <new>
   -
  </new>
  <exclusive>
   yes
  </exclusive>
  <sporty>
   yes
  </sporty>
 </clothing>
 <clothing>
  <id>
   581319066
  </id>
  <name>
   Reebok Jeans B-9905
  </name>
  <category>
   Jeans
  </category>
  <size>
   L
  </size>
  <color>
   Красный
  </color>
  <material>
   Нейлон
  </material>
  <price>
   384826
  </price>
  <rating>
   4.85
  </rating>
  <reviews>
   882109
  </reviews>
  <new>
   -
  </new>
  <exclusive>
   no
  </exclusive>
 </clothing>
 <clothing>
  <id>
   181697601
  </id>
  <name>
   Addidas Blouse R-4259
  </name>
  <category>
   Blouse
  </category>
  <size>
   M
  </size>
  <color>
   Голубой
  </color>
  <material>
   Хлопок
  </material>
  <price>
   517518
  </price>
  <rating>
   1.14
  </rating>
  <reviews>
   936204
  </reviews>
  <new>
   -
  </new>
  <exclusive>
   no
  </exclusive>
  <sporty>
   no
  </sporty>
 </clothing>
 <clothing>
  <id>
   798571157
  </id>
  <name>
   Fila Shoes L-3465
  </name>
  <category>
   Shoes
  </category>
  <size>
   L
  </size>
  <color>
   Оранжевый
  </color>
  <material>
   Шерсть
  </material>
  <price>
   613532
  </price>
  <rating>
   4.85
  </rating>
  <reviews>
   441058
  </reviews>
  <new>
   -
  </new>
  <exclusive>
   no
  </exclusive>
 </clothing>
 <clothing>
  <id>
   815316301
  </id>
  <name>
   Puma Jacket I-4992
  </name>
  <category>
   Jacket
  </category>
  <size>
   XL
  </size>
  <color>
   Зеленый
  </color>
  <material>
   Шерсть
  </material>
  <price>
   333711
  </price>
  <rating>
   1.37
  </rating>
  <reviews>
   469634
  </reviews>
  <exclusive>
   yes
  </exclusive>
 </clothing>
 <clothing>
  <id>
   664323758
  </id>
  <name>
   Vans Skirt N-9334
  </name>
  <category>
   Skirt
  </category>
  <size>
   M
  </size>
  <color>
   Голубой
  </color>
  <material>
   Хлопок
  </material>
  <price>
   238863
  </price>
  <rating>
   2.22
  </rating>
  <reviews>
   223488
  </reviews>
 </clothing>
 <clothing>
  <id>
   295642076
  </id>
  <name>
   Adidas Dress L-8753
  </name>
  <category>
   Dress
  </category>
  <size>
   S
  </size>
  <color>
   Желтый
  </color>
  <material>
   Лен
  </material>
  <price>
   340043
  </price>
  <rating>
   1.52
  </rating>
  <reviews>
   9950
  </reviews>
  <new>
   -
  </new>
  <exclusive>
   no
  </exclusive>
  <sporty>
   no
  </sporty>
 </clothing>
 <clothing>
  <id>
   295259478
  </id>
  <name>
   New Balance Jacket L-9856
  </name>
  <category>
   Jacket
  </category>
  <size>
   M
  </size>
  <color>
   Зеленый
  </color>
  <material>
   Кожа
  </material>
  <price>
   208570
  </price>
  <rating>
   4.06
  </rating>
  <reviews>
   552682
  </reviews>
  <exclusive>
   no
  </exclusive>
  <sporty>
   yes
  </sporty>
 </clothing>
 <clothing>
  <id>
   453978736
  </id>
  <name>
   Nike Jeans I-3599
  </name>
  <category>
   Jeans
  </category>
  <size>
   M
  </size>
  <color>
   Зеленый
  </color>
  <material>
   Нейлон
  </material>
  <price>
   512852
  </price>
  <rating>
   4.66
  </rating>
  <reviews>
   153409
  </reviews>
  <new>
   +
  </new>
  <exclusive>
   no
  </exclusive>
 </clothing>
 <clothing>
  <id>
   505933024
  </id>
  <name>
   Lacoste Jeans C-3820
  </name>
  <category>
   Jeans
  </category>
  <size>
   M
  </size>
  <color>
   Зеленый
  </color>
  <material>
   Нейлон
  </material>
  <price>
   329021
  </price>
  <rating>
   1.18
  </rating>
  <reviews>
   706162
  </reviews>
  <exclusive>
   no
  </exclusive>
 </clothing>
 <clothing>
  <id>
   806361080
  </id>
  <name>
   Fila Belts Z-9097
  </name>
  <category>
   Belts
  </category>
  <size>
   XXL
  </size>
  <color>
   Зеленый
  </color>
  <material>
   Шерсть
  </material>
  <price>
   251591
  </price>
  <rating>
   4.17
  </rating>
  <reviews>
   141909
  </reviews>
  <sporty>
   no
  </sporty>
 </clothing>
 <clothing>
  <id>
   659265475
  </id>
  <name>
   Lacoste Hat K-2549
  </name>
  <category>
   Hat
  </category>
  <size>
   XL
  </size>
  <color>
   Оранжевый
  </color>
  <material>
   Шерсть
  </material>
  <price>
   895977
  </price>
  <rating>
   3.25
  </rating>
  <reviews>
   797349
  </reviews>
  <new>
   +
  </new>
  <exclusive>
   no
  </exclusive>
  <sporty>
   no
  </sporty>
 </clothing>
 <clothing>
  <id>
   755888241
  </id>
  <name>
   Reebok Blouse P-3054
  </name>
  <category>
   Blouse
  </category>
  <size>
   S
  </size>
  <color>
   Синий
  </color>
  <material>
   Шелк
  </material>
  <price>
   115617
  </price>
  <rating>
   4.1
  </rating>
  <reviews>
   72697
  </reviews>
  <new>
   +
  </new>
  <sporty>
   no
  </sporty>
 </clothing>
 <clothing>
  <id>
   987915087
  </id>
  <name>
   Addidas Skirt Z-1338
  </name>
  <category>
   Skirt
  </category>
  <size>
   XXL
  </size>
  <color>
   Красный
  </color>
  <material>
   Нейлон
  </material>
  <price>
   252160
  </price>
  <rating>
   3.6
  </rating>
  <reviews>
   993008
  </reviews>
  <new>
   -
  </new>
  <exclusive>
   yes
  </exclusive>
 </clothing>
 <clothing>
  <id>
   491361595
  </id>
  <name>
   Asics Sweater U-2022
  </name>
  <category>
   Sweater
  </category>
  <size>
   S
  </size>
  <color>
   Зеленый
  </color>
  <material>
   Шерсть
  </material>
  <price>
   560613
  </price>
  <rating>
   3.77
  </rating>
  <reviews>
   464048
  </reviews>
  <new>
   -
  </new>
  <exclusive>
   no
  </exclusive>
  <sporty>
   yes
  </sporty>
 </clothing>
 <clothing>
  <id>
   629537169
  </id>
  <name>
   New Balance Socks I-5833
  </name>
  <category>
   Socks
  </category>
  <size>
   M
  </size>
  <color>
   Фиолетовый
  </color>
  <material>
   Нейлон
  </material>
  <price>
   460039
  </price>
  <rating>
   1.13
  </rating>
  <reviews>
   252886
  </reviews>
  <sporty>
   yes
  </sporty>
 </clothing>
 <clothing>
  <id>
   959679139
  </id>
  <name>
   PleinSport Hat N-6058
  </name>
  <category>
   Hat
  </category>
  <size>
   XL
  </size>
  <color>
   Зеленый
  </color>
  <material>
   Кожа
  </material>
  <price>
   833131
  </price>
  <rating>
   2.32
  </rating>
  <reviews>
   113250
  </reviews>
  <new>
   -
  </new>
  <exclusive>
   yes
  </exclusive>
 </clothing>
 <clothing>
  <id>
   956921105
  </id>
  <name>
   New Balance Pants C-3764
  </name>
  <category>
   Pants
  </category>
  <size>
   XXL
  </size>
  <color>
   Фиолетовый
  </color>
  <material>
   Лен
  </material>
  <price>
   442082
  </price>
  <rating>
   1.28
  </rating>
  <reviews>
   163500
  </reviews>
  <new>
   -
  </new>
  <sporty>
   no
  </sporty>
 </clothing>
 <clothing>
  <id>
   544814100
  </id>
  <name>
   Nike Pants P-6085
  </name>
  <category>
   Pants
  </category>
  <size>
   XXL
  </size>
  <color>
   Желтый
  </color>
  <material>
   Вискоза
  </material>
  <price>
   817858
  </price>
  <rating>
   4.29
  </rating>
  <reviews>
   356331
  </reviews>
 </clothing>
 <clothing>
  <id>
   121002338
  </id>
  <name>
   Fila Socks U-8167
  </name>
  <category>
   Socks
  </category>
  <size>
   L
  </size>
  <color>
   Фиолетовый
  </color>
  <material>
   Вискоза
  </material>
  <price>
   229417
  </price>
  <rating>
   1.6
  </rating>
  <reviews>
   862165
  </reviews>
  <exclusive>
   yes
  </exclusive>
 </clothing>
 <clothing>
  <id>
   903290808
  </id>
  <name>
   Addidas Gloves U-6168
  </name>
  <category>
   Gloves
  </category>
  <size>
   L
  </size>
  <color>
   Голубой
  </color>
  <material>
   Хлопок
  </material>
  <price>
   119850
  </price>
  <rating>
   3.93
  </rating>
  <reviews>
   934918
  </reviews>
  <new>
   -
  </new>
  <exclusive>
   no
  </exclusive>
  <sporty>
   no
  </sporty>
 </clothing>
 <clothing>
  <id>
   434717907
  </id>
  <name>
   PleinSport Handbags J-6491
  </name>
  <category>
   Handbags
  </category>
  <size>
   XL
  </size>
  <color>
   Красный
  </color>
  <material>
   Вискоза
  </material>
  <price>
   512194
  </price>
  <rating>
   4.77
  </rating>
  <reviews>
   279188
  </reviews>
  <new>
   +
  </new>
  <exclusive>
   no
  </exclusive>
  <sporty>
   no
  </sporty>
 </clothing>
 <clothing>
  <id>
   203731061
  </id>
  <name>
   PleinSport Pants F-9639
  </name>
  <category>
   Pants
  </category>
  <size>
   M
  </size>
  <color>
   Оранжевый
  </color>
  <material>
   Нейлон
  </material>
  <price>
   787154
  </price>
  <rating>
   1.91
  </rating>
  <reviews>
   433521
  </reviews>
  <new>
   +
  </new>
 </clothing>
 <clothing>
  <id>
   798647281
  </id>
  <name>
   Reebok Dress Z-9888
  </name>
  <category>
   Dress
  </category>
  <size>
   M
  </size>
  <color>
   Фиолетовый
  </color>
  <material>
   Шелк
  </material>
  <price>
   787801
  </price>
  <rating>
   1.8
  </rating>
  <reviews>
   781264
  </reviews>
  <exclusive>
   no
  </exclusive>
  <sporty>
   no
  </sporty>
 </clothing>
 <clothing>
  <id>
   384501635
  </id>
  <name>
   New Balance Hat H-3712
  </name>
  <category>
   Hat
  </category>
  <size>
   XXL
  </size>
  <color>
   Желтый
  </color>
  <material>
   Кожа
  </material>
  <price>
   336059
  </price>
  <rating>
   2.74
  </rating>
  <reviews>
   164947
  </reviews>
 </clothing>
 <clothing>
  <id>
   723510977
  </id>
  <name>
   Converse T-shirt R-3379
  </name>
  <category>
   T-shirt
  </category>
  <size>
   L
  </size>
  <color>
   Голубой
  </color>
  <material>
   Хлопок
  </material>
  <price>
   606698
  </price>
  <rating>
   2.67
  </rating>
  <reviews>
   658401
  </reviews>
  <exclusive>
   no
  </exclusive>
  <sporty>
   yes
  </sporty>
 </clothing>
 <clothing>
  <id>
   939682843
  </id>
  <name>
   Brooks Belts W-9736
  </name>
  <category>
   Belts
  </category>
  <size>
   XXL
  </size>
  <color>
   Фиолетовый
  </color>
  <material>
   Нейлон
  </material>
  <price>
   371035
  </price>
  <rating>
   4.89
  </rating>
  <reviews>
   77624
  </reviews>
  <new>
   -
  </new>
  <sporty>
   no
  </sporty>
 </clothing>
 <clothing>
  <id>
   653930295
  </id>
  <name>
   Reebok Dress K-2129
  </name>
  <category>
   Dress
  </category>
  <size>
   M
  </size>
  <color>
   Голубой
  </color>
  <material>
   Шелк
  </material>
  <price>
   921027
  </price>
  <rating>
   4.85
  </rating>
  <reviews>
   587876
  </reviews>
  <new>
   +
  </new>
  <exclusive>
   no
  </exclusive>
  <sporty>
   no
  </sporty>
 </clothing>
 <clothing>
  <id>
   744955138
  </id>
  <name>
   PleinSport Gloves C-9793
  </name>
  <category>
   Gloves
  </category>
  <size>
   XXL
  </size>
  <color>
   Желтый
  </color>
  <material>
   Нейлон
  </material>
  <price>
   240338
  </price>
  <rating>
   2.76
  </rating>
  <reviews>
   206104
  </reviews>
  <new>
   +
  </new>
  <exclusive>
   no
  </exclusive>
  <sporty>
   yes
  </sporty>
 </clothing>
 <clothing>
  <id>
   316940987
  </id>
  <name>
   Fila Shirt C-1157
  </name>
  <category>
   Shirt
  </category>
  <size>
   M
  </size>
  <color>
   Фиолетовый
  </color>
  <material>
   Лен
  </material>
  <price>
   131945
  </price>
  <rating>
   1.37
  </rating>
  <reviews>
   321574
  </reviews>
  <exclusive>
   no
  </exclusive>
  <sporty>
   no
  </sporty>
 </clothing>
 <clothing>
  <id>
   322906798
  </id>
  <name>
   DC T-shirt B-9368
  </name>
  <category>
   T-shirt
  </category>
  <size>
   L
  </size>
  <color>
   Фиолетовый
  </color>
  <material>
   Нейлон
  </material>
  <price>
   987988
  </price>
  <rating>
   3.89
  </rating>
  <reviews>
   329054
  </reviews>
  <new>
   +
  </new>
 </clothing>
 <clothing>
  <id>
   803722937
  </id>
  <name>
   Brooks Socks L-9402
  </name>
  <category>
   Socks
  </category>
  <size>
   XL
  </size>
  <color>
   Голубой
  </color>
  <material>
   Нейлон
  </material>
  <price>
   159786
  </price>
  <rating>
   2.93
  </rating>
  <reviews>
   717815
  </reviews>
  <sporty>
   yes
  </sporty>
 </clothing>
 <clothing>
  <id>
   805344368
  </id>
  <name>
   Fila Pants O-5406
  </name>
  <category>
   Pants
  </category>
  <size>
   XL
  </size>
  <color>
   Оранжевый
  </color>
  <material>
   Кожа
  </material>
  <price>
   710632
  </price>
  <rating>
   3.16
  </rating>
  <reviews>
   539838
  </reviews>
  <new>
   -
  </new>
  <exclusive>
   no
  </exclusive>
 </clothing>
 <clothing>
  <id>
   942585286
  </id>
  <name>
   Asics Gloves O-6523
  </name>
  <category>
   Gloves
  </category>
  <size>
   XL
  </size>
  <color>
   Голубой
  </color>
  <material>
   Кожа
  </material>
  <price>
   388759
  </price>
  <rating>
   1.01
  </rating>
  <reviews>
   614650
  </reviews>
  <exclusive>
   no
  </exclusive>
 </clothing>
 <clothing>
  <id>
   463832107
  </id>
  <name>
   Fila Skirt B-2997
  </name>
  <category>
   Skirt
  </category>
  <size>
   M
  </size>
  <color>
   Синий
  </color>
  <material>
   Лен
  </material>
  <price>
   751117
  </price>
  <rating>
   2.16
  </rating>
  <reviews>
   449921
  </reviews>
  <exclusive>
   yes
  </exclusive>
  <sporty>
   no
  </sporty>
 </clothing>
 <clothing>
  <id>
   224016632
  </id>
  <name>
   Lacoste Dress B-6169
  </name>
  <category>
   Dress
  </category>
  <size>
   XL
  </size>
  <color>
   Синий
  </color>
  <material>
   Полиэстер
  </material>
  <price>
   958874
  </price>
  <rating>
   3.03
  </rating>
  <reviews>
   855071
  </reviews>
 </clothing>
 <clothing>
  <id>
   149061397
  </id>
  <name>
   Brooks Hat B-6854
  </name>
  <category>
   Hat
  </category>
  <size>
   M
  </size>
  <color>
   Голубой
  </color>
  <material>
   Вискоза
  </material>
  <price>
   317688
  </price>
  <rating>
   2.1
  </rating>
  <reviews>
   56860
  </reviews>
  <new>
   +
  </new>
 </clothing>
 <clothing>
  <id>
   150752105
  </id>
  <name>
   Converse Blouse Q-7415
  </name>
  <category>
   Blouse
  </category>
  <size>
   XL
  </size>
  <color>
   Зеленый
  </color>
  <material>
   Вискоза
  </material>
  <price>
   220764
  </price>
  <rating>
   3.4
  </rating>
  <reviews>
   933683
  </reviews>
  <new>
   -
  </new>
 </clothing>
 <clothing>
  <id>
   924367658
  </id>
  <name>
   Puma Dress I-1396
  </name>
  <category>
   Dress
  </category>
  <size>
   XXL
  </size>
  <color>
   Красный
  </color>
  <material>
   Лен
  </material>
  <price>
   522345
  </price>
  <rating>
   4.14
  </rating>
  <reviews>
   183611
  </reviews>
  <sporty>
   no
  </sporty>
 </clothing>
</clothing-items>
