<?xml version="1.0" encoding="utf-8"?>
<clothing-items>
 <clothing>
  <id>
   110991413
  </id>
  <name>
   PleinSport Hat I-6213
  </name>
  <category>
   Hat
  </category>
  <size>
   XXL
  </size>
  <color>
   Красный
  </color>
  <material>
   Шелк
  </material>
  <price>
   419447
  </price>
  <rating>
   1.36
  </rating>
  <reviews>
   545696
  </reviews>
  <new>
   +
  </new>
  <sporty>
   no
  </sporty>
 </clothing>
 <clothing>
  <id>
   965993904
  </id>
  <name>
   Converse T-shirt R-9063
  </name>
  <category>
   T-shirt
  </category>
  <size>
   XXL
  </size>
  <color>
   Голубой
  </color>
  <material>
   Нейлон
  </material>
  <price>
   312337
  </price>
  <rating>
   1.0
  </rating>
  <reviews>
   640436
  </reviews>
  <new>
   -
  </new>
  <sporty>
   yes
  </sporty>
 </clothing>
 <clothing>
  <id>
   925768906
  </id>
  <name>
   DC Handbags O-7322
  </name>
  <category>
   Handbags
  </category>
  <size>
   XXL
  </size>
  <color>
   Оранжевый
  </color>
  <material>
   Кожа
  </material>
  <price>
   920248
  </price>
  <rating>
   1.18
  </rating>
  <reviews>
   687179
  </reviews>
  <new>
   -
  </new>
  <sporty>
   no
  </sporty>
 </clothing>
 <clothing>
  <id>
   584494684
  </id>
  <name>
   Vans Shoes T-2260
  </name>
  <category>
   Shoes
  </category>
  <size>
   L
  </size>
  <color>
   Оранжевый
  </color>
  <material>
   Шерсть
  </material>
  <price>
   760663
  </price>
  <rating>
   1.85
  </rating>
  <reviews>
   237761
  </reviews>
 </clothing>
 <clothing>
  <id>
   209798841
  </id>
  <name>
   Puma Shoes Y-6821
  </name>
  <category>
   Shoes
  </category>
  <size>
   S
  </size>
  <color>
   Желтый
  </color>
  <material>
   Полиэстер
  </material>
  <price>
   541267
  </price>
  <rating>
   2.29
  </rating>
  <reviews>
   954325
  </reviews>
  <exclusive>
   yes
  </exclusive>
 </clothing>
 <clothing>
  <id>
   152466766
  </id>
  <name>
   Reebok Gloves R-4830
  </name>
  <category>
   Gloves
  </category>
  <size>
   XXL
  </size>
  <color>
   Оранжевый
  </color>
  <material>
   Хлопок
  </material>
  <price>
   508084
  </price>
  <rating>
   2.66
  </rating>
  <reviews>
   68452
  </reviews>
  <new>
   +
  </new>
 </clothing>
 <clothing>
  <id>
   626899110
  </id>
  <name>
   Adidas Sweater U-8823
  </name>
  <category>
   Sweater
  </category>
  <size>
   L
  </size>
  <color>
   Голубой
  </color>
  <material>
   Нейлон
  </material>
  <price>
   434256
  </price>
  <rating>
   2.47
  </rating>
  <reviews>
   32340
  </reviews>
  <new>
   +
  </new>
  <exclusive>
   no
  </exclusive>
 </clothing>
 <clothing>
  <id>
   951187865
  </id>
  <name>
   Nike Shoes G-9703
  </name>
  <category>
   Shoes
  </category>
  <size>
   S
  </size>
  <color>
   Фиолетовый
  </color>
  <material>
   Шелк
  </material>
  <price>
   826015
  </price>
  <rating>
   2.32
  </rating>
  <reviews>
   18044
  </reviews>
  <exclusive>
   no
  </exclusive>
  <sporty>
   yes
  </sporty>
 </clothing>
 <clothing>
  <id>
   662681068
  </id>
  <name>
   Reebok Skirt P-2771
  </name>
  <category>
   Skirt
  </category>
  <size>
   L
  </size>
  <color>
   Фиолетовый
  </color>
  <material>
   Хлопок
  </material>
  <price>
   683109
  </price>
  <rating>
   2.66
  </rating>
  <reviews>
   779887
  </reviews>
  <sporty>
   yes
  </sporty>
 </clothing>
 <clothing>
  <id>
   776027665
  </id>
  <name>
   Nike Jeans R-4953
  </name>
  <category>
   Jeans
  </category>
  <size>
   S
  </size>
  <color>
   Зеленый
  </color>
  <material>
   Полиэстер
  </material>
  <price>
   893894
  </price>
  <rating>
   2.41
  </rating>
  <reviews>
   618477
  </reviews>
  <new>
   +
  </new>
  <exclusive>
   yes
  </exclusive>
  <sporty>
   no
  </sporty>
 </clothing>
 <clothing>
  <id>
   309134993
  </id>
  <name>
   PleinSport Jacket C-2749
  </name>
  <category>
   Jacket
  </category>
  <size>
   M
  </size>
  <color>
   Оранжевый
  </color>
  <material>
   Нейлон
  </material>
  <price>
   705700
  </price>
  <rating>
   2.25
  </rating>
  <reviews>
   923032
  </reviews>
  <new>
   +
  </new>
  <exclusive>
   yes
  </exclusive>
 </clothing>
 <clothing>
  <id>
   115983409
  </id>
  <name>
   Addidas Sweater Z-9968
  </name>
  <category>
   Sweater
  </category>
  <size>
   L
  </size>
  <color>
   Фиолетовый
  </color>
  <material>
   Хлопок
  </material>
  <price>
   468856
  </price>
  <rating>
   4.31
  </rating>
  <reviews>
   746704
  </reviews>
  <sporty>
   yes
  </sporty>
 </clothing>
 <clothing>
  <id>
   739784769
  </id>
  <name>
   Vans Blouse W-6014
  </name>
  <category>
   Blouse
  </category>
  <size>
   S
  </size>
  <color>
   Оранжевый
  </color>
  <material>
   Вискоза
  </material>
  <price>
   482126
  </price>
  <rating>
   2.37
  </rating>
  <reviews>
   917443
  </reviews>
  <new>
   +
  </new>
  <sporty>
   no
  </sporty>
 </clothing>
 <clothing>
  <id>
   313986637
  </id>
  <name>
   Under Armour Jeans E-7611
  </name>
  <category>
   Jeans
  </category>
  <size>
   L
  </size>
  <color>
   Голубой
  </color>
  <material>
   Кожа
  </material>
  <price>
   751528
  </price>
  <rating>
   2.36
  </rating>
  <reviews>
   181810
  </reviews>
  <new>
   +
  </new>
  <exclusive>
   yes
  </exclusive>
 </clothing>
 <clothing>
  <id>
   364919287
  </id>
  <name>
   Brooks T-shirt Y-7548
  </name>
  <category>
   T-shirt
  </category>
  <size>
   L
  </size>
  <color>
   Желтый
  </color>
  <material>
   Шелк
  </material>
  <price>
   559758
  </price>
  <rating>
   3.39
  </rating>
  <reviews>
   488345
  </reviews>
  <new>
   +
  </new>
  <exclusive>
   no
  </exclusive>
  <sporty>
   no
  </sporty>
 </clothing>
 <clothing>
  <id>
   430447008
  </id>
  <name>
   Puma Sweater K-2642
  </name>
  <category>
   Sweater
  </category>
  <size>
   M
  </size>
  <color>
   Фиолетовый
  </color>
  <material>
   Лен
  </material>
  <price>
   973447
  </price>
  <rating>
   2.04
  </rating>
  <reviews>
   325501
  </reviews>
  <new>
   +
  </new>
  <sporty>
   no
  </sporty>
 </clothing>
 <clothing>
  <id>
   393114751
  </id>
  <name>
   Asics Dress H-7925
  </name>
  <category>
   Dress
  </category>
  <size>
   L
  </size>
  <color>
   Оранжевый
  </color>
  <material>
   Полиэстер
  </material>
  <price>
   513651
  </price>
  <rating>
   4.98
  </rating>
  <reviews>
   274468
  </reviews>
  <new>
   -
  </new>
  <sporty>
   no
  </sporty>
 </clothing>
 <clothing>
  <id>
   484425846
  </id>
  <name>
   Puma Umbrellas E-3007
  </name>
  <category>
   Umbrellas
  </category>
  <size>
   XXL
  </size>
  <color>
   Фиолетовый
  </color>
  <material>
   Хлопок
  </material>
  <price>
   682766
  </price>
  <rating>
   1.59
  </rating>
  <reviews>
   490498
  </reviews>
  <new>
   +
  </new>
  <exclusive>
   no
  </exclusive>
 </clothing>
 <clothing>
  <id>
   260449153
  </id>
  <name>
   Vans Sweater O-8644
  </name>
  <category>
   Sweater
  </category>
  <size>
   S
  </size>
  <color>
   Голубой
  </color>
  <material>
   Шелк
  </material>
  <price>
   609415
  </price>
  <rating>
   4.76
  </rating>
  <reviews>
   962856
  </reviews>
  <new>
   -
  </new>
  <exclusive>
   no
  </exclusive>
  <sporty>
   yes
  </sporty>
 </clothing>
</clothing-items>
