<?xml version="1.0" encoding="utf-8"?>
<clothing-items>
 <clothing>
  <id>
   694240241
  </id>
  <name>
   Fila Socks R-5968
  </name>
  <category>
   Socks
  </category>
  <size>
   S
  </size>
  <color>
   Желтый
  </color>
  <material>
   Полиэстер
  </material>
  <price>
   594759
  </price>
  <rating>
   2.52
  </rating>
  <reviews>
   466272
  </reviews>
  <exclusive>
   no
  </exclusive>
  <sporty>
   yes
  </sporty>
 </clothing>
 <clothing>
  <id>
   157711333
  </id>
  <name>
   Asics Umbrellas O-8560
  </name>
  <category>
   Umbrellas
  </category>
  <size>
   L
  </size>
  <color>
   Зеленый
  </color>
  <material>
   Нейлон
  </material>
  <price>
   251727
  </price>
  <rating>
   1.97
  </rating>
  <reviews>
   522213
  </reviews>
  <new>
   +
  </new>
  <exclusive>
   no
  </exclusive>
  <sporty>
   no
  </sporty>
 </clothing>
 <clothing>
  <id>
   864766420
  </id>
  <name>
   New Balance T-shirt S-3787
  </name>
  <category>
   T-shirt
  </category>
  <size>
   S
  </size>
  <color>
   Фиолетовый
  </color>
  <material>
   Хлопок
  </material>
  <price>
   690925
  </price>
  <rating>
   3.65
  </rating>
  <reviews>
   33880
  </reviews>
  <exclusive>
   no
  </exclusive>
  <sporty>
   yes
  </sporty>
 </clothing>
 <clothing>
  <id>
   317090646
  </id>
  <name>
   New Balance Shoes T-2328
  </name>
  <category>
   Shoes
  </category>
  <size>
   XXL
  </size>
  <color>
   Фиолетовый
  </color>
  <material>
   Полиэстер
  </material>
  <price>
   348557
  </price>
  <rating>
   4.65
  </rating>
  <reviews>
   268868
  </reviews>
  <new>
   +
  </new>
  <sporty>
   no
  </sporty>
 </clothing>
 <clothing>
  <id>
   644145441
  </id>
  <name>
   New Balance Gloves Q-9533
  </name>
  <category>
   Gloves
  </category>
  <size>
   XL
  </size>
  <color>
   Голубой
  </color>
  <material>
   Кожа
  </material>
  <price>
   553858
  </price>
  <rating>
   3.08
  </rating>
  <reviews>
   506243
  </reviews>
  <new>
   +
  </new>
  <exclusive>
   no
  </exclusive>
  <sporty>
   yes
  </sporty>
 </clothing>
 <clothing>
  <id>
   473542273
  </id>
  <name>
   PleinSport Shirt N-6620
  </name>
  <category>
   Shirt
  </category>
  <size>
   XL
  </size>
  <color>
   Фиолетовый
  </color>
  <material>
   Полиэстер
  </material>
  <price>
   284075
  </price>
  <rating>
   3.68
  </rating>
  <reviews>
   372760
  </reviews>
  <new>
   -
  </new>
  <exclusive>
   yes
  </exclusive>
 </clothing>
 <clothing>
  <id>
   705856160
  </id>
  <name>
   Nike Handbags Z-8812
  </name>
  <category>
   Handbags
  </category>
  <size>
   L
  </size>
  <color>
   Фиолетовый
  </color>
  <material>
   Вискоза
  </material>
  <price>
   336132
  </price>
  <rating>
   4.88
  </rating>
  <reviews>
   561570
  </reviews>
  <exclusive>
   yes
  </exclusive>
 </clothing>
 <clothing>
  <id>
   402497699
  </id>
  <name>
   Under Armour Jacket V-7878
  </name>
  <category>
   Jacket
  </category>
  <size>
   M
  </size>
  <color>
   Зеленый
  </color>
  <material>
   Кожа
  </material>
  <price>
   334820
  </price>
  <rating>
   3.63
  </rating>
  <reviews>
   858278
  </reviews>
  <new>
   -
  </new>
 </clothing>
 <clothing>
  <id>
   652132562
  </id>
  <name>
   Reebok Belts X-6799
  </name>
  <category>
   Belts
  </category>
  <size>
   XXL
  </size>
  <color>
   Фиолетовый
  </color>
  <material>
   Хлопок
  </material>
  <price>
   612519
  </price>
  <rating>
   3.49
  </rating>
  <reviews>
   342411
  </reviews>
  <exclusive>
   yes
  </exclusive>
  <sporty>
   no
  </sporty>
 </clothing>
 <clothing>
  <id>
   362046950
  </id>
  <name>
   Converse Skirt U-9915
  </name>
  <category>
   Skirt
  </category>
  <size>
   XXL
  </size>
  <color>
   Фиолетовый
  </color>
  <material>
   Шерсть
  </material>
  <price>
   262795
  </price>
  <rating>
   2.35
  </rating>
  <reviews>
   66462
  </reviews>
  <exclusive>
   yes
  </exclusive>
 </clothing>
 <clothing>
  <id>
   802844160
  </id>
  <name>
   DC Dress N-2471
  </name>
  <category>
   Dress
  </category>
  <size>
   L
  </size>
  <color>
   Фиолетовый
  </color>
  <material>
   Кожа
  </material>
  <price>
   402981
  </price>
  <rating>
   1.99
  </rating>
  <reviews>
   105797
  </reviews>
  <new>
   -
  </new>
  <sporty>
   no
  </sporty>
 </clothing>
 <clothing>
  <id>
   217883342
  </id>
  <name>
   Puma Blouse J-1735
  </name>
  <category>
   Blouse
  </category>
  <size>
   S
  </size>
  <color>
   Зеленый
  </color>
  <material>
   Шелк
  </material>
  <price>
   893802
  </price>
  <rating>
   1.27
  </rating>
  <reviews>
   871063
  </reviews>
  <new>
   +
  </new>
  <exclusive>
   no
  </exclusive>
  <sporty>
   no
  </sporty>
 </clothing>
 <clothing>
  <id>
   741945008
  </id>
  <name>
   Vans Socks E-9254
  </name>
  <category>
   Socks
  </category>
  <size>
   XL
  </size>
  <color>
   Синий
  </color>
  <material>
   Шелк
  </material>
  <price>
   228092
  </price>
  <rating>
   2.95
  </rating>
  <reviews>
   901952
  </reviews>
  <exclusive>
   yes
  </exclusive>
  <sporty>
   no
  </sporty>
 </clothing>
</clothing-items>
