<?xml version="1.0" encoding="utf-8"?>
<clothing-items>
 <clothing>
  <id>
   710396062
  </id>
  <name>
   PleinSport Jeans C-3588
  </name>
  <category>
   Jeans
  </category>
  <size>
   XXL
  </size>
  <color>
   Желтый
  </color>
  <material>
   Кожа
  </material>
  <price>
   727295
  </price>
  <rating>
   1.25
  </rating>
  <reviews>
   261137
  </reviews>
  <new>
   -
  </new>
  <exclusive>
   no
  </exclusive>
  <sporty>
   no
  </sporty>
 </clothing>
 <clothing>
  <id>
   976696576
  </id>
  <name>
   Nike Sweater Z-6583
  </name>
  <category>
   Sweater
  </category>
  <size>
   L
  </size>
  <color>
   Желтый
  </color>
  <material>
   Шелк
  </material>
  <price>
   466422
  </price>
  <rating>
   3.18
  </rating>
  <reviews>
   998710
  </reviews>
  <exclusive>
   yes
  </exclusive>
 </clothing>
 <clothing>
  <id>
   497481111
  </id>
  <name>
   Brooks Shoes K-9622
  </name>
  <category>
   Shoes
  </category>
  <size>
   M
  </size>
  <color>
   Красный
  </color>
  <material>
   Полиэстер
  </material>
  <price>
   972109
  </price>
  <rating>
   2.67
  </rating>
  <reviews>
   643644
  </reviews>
  <new>
   -
  </new>
  <exclusive>
   no
  </exclusive>
  <sporty>
   yes
  </sporty>
 </clothing>
 <clothing>
  <id>
   680877718
  </id>
  <name>
   Nike Dress M-5795
  </name>
  <category>
   Dress
  </category>
  <size>
   S
  </size>
  <color>
   Зеленый
  </color>
  <material>
   Кожа
  </material>
  <price>
   130253
  </price>
  <rating>
   3.55
  </rating>
  <reviews>
   452185
  </reviews>
  <new>
   -
  </new>
  <exclusive>
   no
  </exclusive>
 </clothing>
 <clothing>
  <id>
   781627941
  </id>
  <name>
   Lacoste Umbrellas D-7222
  </name>
  <category>
   Umbrellas
  </category>
  <size>
   XXL
  </size>
  <color>
   Зеленый
  </color>
  <material>
   Полиэстер
  </material>
  <price>
   971634
  </price>
  <rating>
   1.05
  </rating>
  <reviews>
   509784
  </reviews>
  <new>
   -
  </new>
  <exclusive>
   no
  </exclusive>
  <sporty>
   no
  </sporty>
 </clothing>
 <clothing>
  <id>
   621896610
  </id>
  <name>
   Under Armour Pants A-5336
  </name>
  <category>
   Pants
  </category>
  <size>
   M
  </size>
  <color>
   Фиолетовый
  </color>
  <material>
   Полиэстер
  </material>
  <price>
   586446
  </price>
  <rating>
   4.85
  </rating>
  <reviews>
   903997
  </reviews>
  <exclusive>
   no
  </exclusive>
  <sporty>
   no
  </sporty>
 </clothing>
 <clothing>
  <id>
   930959662
  </id>
  <name>
   Under Armour Shoes Q-4698
  </name>
  <category>
   Shoes
  </category>
  <size>
   XL
  </size>
  <color>
   Зеленый
  </color>
  <material>
   Полиэстер
  </material>
  <price>
   358730
  </price>
  <rating>
   2.71
  </rating>
  <reviews>
   449006
  </reviews>
  <exclusive>
   yes
  </exclusive>
 </clothing>
 <clothing>
  <id>
   167875234
  </id>
  <name>
   Vans Jacket V-1732
  </name>
  <category>
   Jacket
  </category>
  <size>
   S
  </size>
  <color>
   Оранжевый
  </color>
  <material>
   Кожа
  </material>
  <price>
   155385
  </price>
  <rating>
   2.37
  </rating>
  <reviews>
   463258
  </reviews>
  <new>
   -
  </new>
  <sporty>
   no
  </sporty>
 </clothing>
 <clothing>
  <id>
   821089539
  </id>
  <name>
   Reebok Hat R-4199
  </name>
  <category>
   Hat
  </category>
  <size>
   S
  </size>
  <color>
   Оранжевый
  </color>
  <material>
   Нейлон
  </material>
  <price>
   779729
  </price>
  <rating>
   2.87
  </rating>
  <reviews>
   458881
  </reviews>
  <new>
   -
  </new>
  <sporty>
   no
  </sporty>
 </clothing>
 <clothing>
  <id>
   720664113
  </id>
  <name>
   Addidas Handbags E-6519
  </name>
  <category>
   Handbags
  </category>
  <size>
   S
  </size>
  <color>
   Голубой
  </color>
  <material>
   Хлопок
  </material>
  <price>
   751395
  </price>
  <rating>
   1.01
  </rating>
  <reviews>
   634890
  </reviews>
  <exclusive>
   yes
  </exclusive>
  <sporty>
   no
  </sporty>
 </clothing>
 <clothing>
  <id>
   215561915
  </id>
  <name>
   Adidas Gloves T-9715
  </name>
  <category>
   Gloves
  </category>
  <size>
   S
  </size>
  <color>
   Оранжевый
  </color>
  <material>
   Лен
  </material>
  <price>
   436666
  </price>
  <rating>
   1.79
  </rating>
  <reviews>
   927864
  </reviews>
  <new>
   +
  </new>
  <exclusive>
   no
  </exclusive>
 </clothing>
 <clothing>
  <id>
   248479223
  </id>
  <name>
   Vans Jacket S-5124
  </name>
  <category>
   Jacket
  </category>
  <size>
   M
  </size>
  <color>
   Синий
  </color>
  <material>
   Хлопок
  </material>
  <price>
   712465
  </price>
  <rating>
   1.44
  </rating>
  <reviews>
   630268
  </reviews>
  <new>
   -
  </new>
  <exclusive>
   no
  </exclusive>
  <sporty>
   yes
  </sporty>
 </clothing>
 <clothing>
  <id>
   778466674
  </id>
  <name>
   DC Jeans X-2513
  </name>
  <category>
   Jeans
  </category>
  <size>
   L
  </size>
  <color>
   Голубой
  </color>
  <material>
   Кожа
  </material>
  <price>
   902227
  </price>
  <rating>
   4.47
  </rating>
  <reviews>
   762074
  </reviews>
  <new>
   -
  </new>
  <exclusive>
   yes
  </exclusive>
 </clothing>
 <clothing>
  <id>
   234262978
  </id>
  <name>
   New Balance Umbrellas Z-7262
  </name>
  <category>
   Umbrellas
  </category>
  <size>
   XL
  </size>
  <color>
   Синий
  </color>
  <material>
   Полиэстер
  </material>
  <price>
   899258
  </price>
  <rating>
   2.72
  </rating>
  <reviews>
   368140
  </reviews>
  <new>
   -
  </new>
  <exclusive>
   no
  </exclusive>
 </clothing>
 <clothing>
  <id>
   373782508
  </id>
  <name>
   Nike Socks X-3475
  </name>
  <category>
   Socks
  </category>
  <size>
   XL
  </size>
  <color>
   Фиолетовый
  </color>
  <material>
   Шелк
  </material>
  <price>
   415728
  </price>
  <rating>
   3.86
  </rating>
  <reviews>
   916296
  </reviews>
  <new>
   -
  </new>
  <exclusive>
   no
  </exclusive>
  <sporty>
   no
  </sporty>
 </clothing>
 <clothing>
  <id>
   177782887
  </id>
  <name>
   Addidas Skirt P-6349
  </name>
  <category>
   Skirt
  </category>
  <size>
   XL
  </size>
  <color>
   Фиолетовый
  </color>
  <material>
   Вискоза
  </material>
  <price>
   313222
  </price>
  <rating>
   2.43
  </rating>
  <reviews>
   611133
  </reviews>
  <new>
   -
  </new>
 </clothing>
 <clothing>
  <id>
   777976258
  </id>
  <name>
   Fila Socks A-8260
  </name>
  <category>
   Socks
  </category>
  <size>
   XL
  </size>
  <color>
   Зеленый
  </color>
  <material>
   Кожа
  </material>
  <price>
   798499
  </price>
  <rating>
   3.27
  </rating>
  <reviews>
   231286
  </reviews>
  <new>
   +
  </new>
  <exclusive>
   no
  </exclusive>
 </clothing>
 <clothing>
  <id>
   983499911
  </id>
  <name>
   Lacoste Blouse A-9981
  </name>
  <category>
   Blouse
  </category>
  <size>
   L
  </size>
  <color>
   Красный
  </color>
  <material>
   Полиэстер
  </material>
  <price>
   421816
  </price>
  <rating>
   3.94
  </rating>
  <reviews>
   623834
  </reviews>
  <exclusive>
   yes
  </exclusive>
  <sporty>
   no
  </sporty>
 </clothing>
 <clothing>
  <id>
   753410045
  </id>
  <name>
   Converse Hat C-2825
  </name>
  <category>
   Hat
  </category>
  <size>
   M
  </size>
  <color>
   Желтый
  </color>
  <material>
   Шелк
  </material>
  <price>
   620658
  </price>
  <rating>
   1.57
  </rating>
  <reviews>
   989620
  </reviews>
  <new>
   +
  </new>
  <exclusive>
   no
  </exclusive>
 </clothing>
 <clothing>
  <id>
   896243745
  </id>
  <name>
   Fila Dress K-6965
  </name>
  <category>
   Dress
  </category>
  <size>
   M
  </size>
  <color>
   Желтый
  </color>
  <material>
   Вискоза
  </material>
  <price>
   836990
  </price>
  <rating>
   1.01
  </rating>
  <reviews>
   980709
  </reviews>
  <sporty>
   no
  </sporty>
 </clothing>
 <clothing>
  <id>
   455782621
  </id>
  <name>
   Vans Umbrellas W-9038
  </name>
  <category>
   Umbrellas
  </category>
  <size>
   XL
  </size>
  <color>
   Голубой
  </color>
  <material>
   Полиэстер
  </material>
  <price>
   515176
  </price>
  <rating>
   3.53
  </rating>
  <reviews>
   721334
  </reviews>
  <sporty>
   no
  </sporty>
 </clothing>
 <clothing>
  <id>
   684872066
  </id>
  <name>
   Nike Pants E-1066
  </name>
  <category>
   Pants
  </category>
  <size>
   M
  </size>
  <color>
   Оранжевый
  </color>
  <material>
   Кожа
  </material>
  <price>
   749077
  </price>
  <rating>
   2.94
  </rating>
  <reviews>
   882234
  </reviews>
  <exclusive>
   yes
  </exclusive>
 </clothing>
 <clothing>
  <id>
   428794329
  </id>
  <name>
   DC Hat H-9605
  </name>
  <category>
   Hat
  </category>
  <size>
   L
  </size>
  <color>
   Фиолетовый
  </color>
  <material>
   Лен
  </material>
  <price>
   138201
  </price>
  <rating>
   4.16
  </rating>
  <reviews>
   649257
  </reviews>
  <sporty>
   no
  </sporty>
 </clothing>
 <clothing>
  <id>
   731448578
  </id>
  <name>
   Fila Dress N-4336
  </name>
  <category>
   Dress
  </category>
  <size>
   L
  </size>
  <color>
   Красный
  </color>
  <material>
   Лен
  </material>
  <price>
   513948
  </price>
  <rating>
   1.28
  </rating>
  <reviews>
   566598
  </reviews>
  <new>
   -
  </new>
  <sporty>
   no
  </sporty>
 </clothing>
 <clothing>
  <id>
   191765654
  </id>
  <name>
   Puma Blouse A-9590
  </name>
  <category>
   Blouse
  </category>
  <size>
   XL
  </size>
  <color>
   Желтый
  </color>
  <material>
   Шелк
  </material>
  <price>
   257119
  </price>
  <rating>
   4.69
  </rating>
  <reviews>
   765724
  </reviews>
  <new>
   -
  </new>
  <exclusive>
   yes
  </exclusive>
  <sporty>
   no
  </sporty>
 </clothing>
 <clothing>
  <id>
   301505672
  </id>
  <name>
   Adidas Shirt I-2726
  </name>
  <category>
   Shirt
  </category>
  <size>
   XL
  </size>
  <color>
   Фиолетовый
  </color>
  <material>
   Шерсть
  </material>
  <price>
   429409
  </price>
  <rating>
   4.55
  </rating>
  <reviews>
   242117
  </reviews>
  <new>
   -
  </new>
 </clothing>
 <clothing>
  <id>
   508217191
  </id>
  <name>
   Under Armour Belts E-1218
  </name>
  <category>
   Belts
  </category>
  <size>
   S
  </size>
  <color>
   Фиолетовый
  </color>
  <material>
   Шелк
  </material>
  <price>
   937488
  </price>
  <rating>
   1.97
  </rating>
  <reviews>
   953139
  </reviews>
  <new>
   +
  </new>
  <exclusive>
   no
  </exclusive>
  <sporty>
   no
  </sporty>
 </clothing>
 <clothing>
  <id>
   697540222
  </id>
  <name>
   Adidas Skirt L-5277
  </name>
  <category>
   Skirt
  </category>
  <size>
   S
  </size>
  <color>
   Синий
  </color>
  <material>
   Шерсть
  </material>
  <price>
   778532
  </price>
  <rating>
   2.37
  </rating>
  <reviews>
   159542
  </reviews>
 </clothing>
 <clothing>
  <id>
   116102633
  </id>
  <name>
   Addidas Hat Y-1868
  </name>
  <category>
   Hat
  </category>
  <size>
   XXL
  </size>
  <color>
   Желтый
  </color>
  <material>
   Полиэстер
  </material>
  <price>
   423279
  </price>
  <rating>
   4.44
  </rating>
  <reviews>
   330703
  </reviews>
  <exclusive>
   no
  </exclusive>
 </clothing>
 <clothing>
  <id>
   749338411
  </id>
  <name>
   Puma Shirt P-2022
  </name>
  <category>
   Shirt
  </category>
  <size>
   XL
  </size>
  <color>
   Оранжевый
  </color>
  <material>
   Лен
  </material>
  <price>
   993066
  </price>
  <rating>
   3.78
  </rating>
  <reviews>
   209547
  </reviews>
  <new>
   -
  </new>
  <exclusive>
   no
  </exclusive>
  <sporty>
   yes
  </sporty>
 </clothing>
 <clothing>
  <id>
   447529925
  </id>
  <name>
   Nike Handbags Z-5601
  </name>
  <category>
   Handbags
  </category>
  <size>
   XL
  </size>
  <color>
   Голубой
  </color>
  <material>
   Вискоза
  </material>
  <price>
   944934
  </price>
  <rating>
   2.45
  </rating>
  <reviews>
   979259
  </reviews>
  <new>
   -
  </new>
  <exclusive>
   yes
  </exclusive>
  <sporty>
   yes
  </sporty>
 </clothing>
 <clothing>
  <id>
   628626344
  </id>
  <name>
   Ellesse Skirt Q-5854
  </name>
  <category>
   Skirt
  </category>
  <size>
   M
  </size>
  <color>
   Зеленый
  </color>
  <material>
   Вискоза
  </material>
  <price>
   386261
  </price>
  <rating>
   2.74
  </rating>
  <reviews>
   807507
  </reviews>
  <sporty>
   yes
  </sporty>
 </clothing>
 <clothing>
  <id>
   672887747
  </id>
  <name>
   Nike Blouse J-5520
  </name>
  <category>
   Blouse
  </category>
  <size>
   XXL
  </size>
  <color>
   Желтый
  </color>
  <material>
   Шелк
  </material>
  <price>
   915541
  </price>
  <rating>
   2.92
  </rating>
  <reviews>
   922026
  </reviews>
  <new>
   -
  </new>
 </clothing>
 <clothing>
  <id>
   777620609
  </id>
  <name>
   PleinSport Socks M-7888
  </name>
  <category>
   Socks
  </category>
  <size>
   L
  </size>
  <color>
   Красный
  </color>
  <material>
   Хлопок
  </material>
  <price>
   431758
  </price>
  <rating>
   1.6
  </rating>
  <reviews>
   321837
  </reviews>
  <new>
   -
  </new>
 </clothing>
 <clothing>
  <id>
   782399461
  </id>
  <name>
   New Balance Umbrellas B-8305
  </name>
  <category>
   Umbrellas
  </category>
  <size>
   S
  </size>
  <color>
   Зеленый
  </color>
  <material>
   Нейлон
  </material>
  <price>
   337548
  </price>
  <rating>
   1.13
  </rating>
  <reviews>
   172592
  </reviews>
  <exclusive>
   no
  </exclusive>
  <sporty>
   no
  </sporty>
 </clothing>
 <clothing>
  <id>
   700896745
  </id>
  <name>
   Ellesse Gloves I-4445
  </name>
  <category>
   Gloves
  </category>
  <size>
   XL
  </size>
  <color>
   Голубой
  </color>
  <material>
   Лен
  </material>
  <price>
   400177
  </price>
  <rating>
   4.35
  </rating>
  <reviews>
   23411
  </reviews>
  <new>
   -
  </new>
  <exclusive>
   yes
  </exclusive>
 </clothing>
 <clothing>
  <id>
   230699051
  </id>
  <name>
   Converse Hat C-9362
  </name>
  <category>
   Hat
  </category>
  <size>
   XXL
  </size>
  <color>
   Оранжевый
  </color>
  <material>
   Нейлон
  </material>
  <price>
   907526
  </price>
  <rating>
   2.09
  </rating>
  <reviews>
   41483
  </reviews>
  <new>
   -
  </new>
 </clothing>
 <clothing>
  <id>
   735690659
  </id>
  <name>
   Fila Sweater D-1213
  </name>
  <category>
   Sweater
  </category>
  <size>
   XXL
  </size>
  <color>
   Синий
  </color>
  <material>
   Полиэстер
  </material>
  <price>
   767979
  </price>
  <rating>
   2.94
  </rating>
  <reviews>
   586857
  </reviews>
  <new>
   -
  </new>
  <exclusive>
   no
  </exclusive>
  <sporty>
   no
  </sporty>
 </clothing>
 <clothing>
  <id>
   806454188
  </id>
  <name>
   Addidas Belts K-3333
  </name>
  <category>
   Belts
  </category>
  <size>
   XL
  </size>
  <color>
   Голубой
  </color>
  <material>
   Лен
  </material>
  <price>
   173134
  </price>
  <rating>
   1.29
  </rating>
  <reviews>
   489281
  </reviews>
  <new>
   -
  </new>
 </clothing>
 <clothing>
  <id>
   640804571
  </id>
  <name>
   Asics T-shirt J-5951
  </name>
  <category>
   T-shirt
  </category>
  <size>
   M
  </size>
  <color>
   Красный
  </color>
  <material>
   Полиэстер
  </material>
  <price>
   681625
  </price>
  <rating>
   4.53
  </rating>
  <reviews>
   609229
  </reviews>
  <new>
   -
  </new>
  <sporty>
   no
  </sporty>
 </clothing>
 <clothing>
  <id>
   444088392
  </id>
  <name>
   DC Hat V-2799
  </name>
  <category>
   Hat
  </category>
  <size>
   XXL
  </size>
  <color>
   Красный
  </color>
  <material>
   Кожа
  </material>
  <price>
   898680
  </price>
  <rating>
   2.63
  </rating>
  <reviews>
   831263
  </reviews>
  <sporty>
   yes
  </sporty>
 </clothing>
 <clothing>
  <id>
   236572909
  </id>
  <name>
   Lacoste Skirt F-4545
  </name>
  <category>
   Skirt
  </category>
  <size>
   S
  </size>
  <color>
   Синий
  </color>
  <material>
   Вискоза
  </material>
  <price>
   909732
  </price>
  <rating>
   4.78
  </rating>
  <reviews>
   54737
  </reviews>
  <sporty>
   no
  </sporty>
 </clothing>
 <clothing>
  <id>
   205709175
  </id>
  <name>
   Under Armour Umbrellas A-4510
  </name>
  <category>
   Umbrellas
  </category>
  <size>
   XL
  </size>
  <color>
   Желтый
  </color>
  <material>
   Кожа
  </material>
  <price>
   903399
  </price>
  <rating>
   4.55
  </rating>
  <reviews>
   544487
  </reviews>
  <sporty>
   yes
  </sporty>
 </clothing>
 <clothing>
  <id>
   936006040
  </id>
  <name>
   Converse T-shirt T-7173
  </name>
  <category>
   T-shirt
  </category>
  <size>
   S
  </size>
  <color>
   Оранжевый
  </color>
  <material>
   Вискоза
  </material>
  <price>
   337512
  </price>
  <rating>
   3.25
  </rating>
  <reviews>
   910782
  </reviews>
  <new>
   +
  </new>
  <exclusive>
   yes
  </exclusive>
 </clothing>
 <clothing>
  <id>
   907863463
  </id>
  <name>
   Adidas Shirt L-6476
  </name>
  <category>
   Shirt
  </category>
  <size>
   L
  </size>
  <color>
   Желтый
  </color>
  <material>
   Нейлон
  </material>
  <price>
   931551
  </price>
  <rating>
   2.04
  </rating>
  <reviews>
   366093
  </reviews>
  <new>
   -
  </new>
 </clothing>
 <clothing>
  <id>
   311837882
  </id>
  <name>
   Reebok T-shirt J-8183
  </name>
  <category>
   T-shirt
  </category>
  <size>
   XXL
  </size>
  <color>
   Синий
  </color>
  <material>
   Хлопок
  </material>
  <price>
   289600
  </price>
  <rating>
   3.44
  </rating>
  <reviews>
   218658
  </reviews>
  <new>
   +
  </new>
  <sporty>
   yes
  </sporty>
 </clothing>
</clothing-items>
