<?xml version="1.0" encoding="utf-8"?>
<clothing-items>
 <clothing>
  <id>
   830015057
  </id>
  <name>
   Fila Jacket V-6679
  </name>
  <category>
   Jacket
  </category>
  <size>
   M
  </size>
  <color>
   Голубой
  </color>
  <material>
   Шерсть
  </material>
  <price>
   418183
  </price>
  <rating>
   2.37
  </rating>
  <reviews>
   176132
  </reviews>
  <new>
   -
  </new>
  <exclusive>
   yes
  </exclusive>
 </clothing>
 <clothing>
  <id>
   584483590
  </id>
  <name>
   Asics T-shirt J-8477
  </name>
  <category>
   T-shirt
  </category>
  <size>
   S
  </size>
  <color>
   Голубой
  </color>
  <material>
   Шелк
  </material>
  <price>
   698543
  </price>
  <rating>
   4.38
  </rating>
  <reviews>
   684431
  </reviews>
  <new>
   -
  </new>
  <exclusive>
   no
  </exclusive>
 </clothing>
 <clothing>
  <id>
   487992100
  </id>
  <name>
   Vans Umbrellas Z-6654
  </name>
  <category>
   Umbrellas
  </category>
  <size>
   M
  </size>
  <color>
   Фиолетовый
  </color>
  <material>
   Хлопок
  </material>
  <price>
   153271
  </price>
  <rating>
   3.34
  </rating>
  <reviews>
   73374
  </reviews>
  <new>
   +
  </new>
  <exclusive>
   no
  </exclusive>
 </clothing>
 <clothing>
  <id>
   402865186
  </id>
  <name>
   Addidas Handbags R-4290
  </name>
  <category>
   Handbags
  </category>
  <size>
   M
  </size>
  <color>
   Фиолетовый
  </color>
  <material>
   Хлопок
  </material>
  <price>
   306732
  </price>
  <rating>
   2.13
  </rating>
  <reviews>
   381891
  </reviews>
  <new>
   -
  </new>
 </clothing>
 <clothing>
  <id>
   393832644
  </id>
  <name>
   Brooks Pants K-4509
  </name>
  <category>
   Pants
  </category>
  <size>
   L
  </size>
  <color>
   Оранжевый
  </color>
  <material>
   Нейлон
  </material>
  <price>
   685321
  </price>
  <rating>
   4.81
  </rating>
  <reviews>
   583696
  </reviews>
  <new>
   -
  </new>
  <exclusive>
   no
  </exclusive>
 </clothing>
 <clothing>
  <id>
   841045033
  </id>
  <name>
   PleinSport Blouse Q-5907
  </name>
  <category>
   Blouse
  </category>
  <size>
   S
  </size>
  <color>
   Фиолетовый
  </color>
  <material>
   Нейлон
  </material>
  <price>
   729088
  </price>
  <rating>
   3.68
  </rating>
  <reviews>
   52676
  </reviews>
  <new>
   +
  </new>
 </clothing>
 <clothing>
  <id>
   546519141
  </id>
  <name>
   New Balance Umbrellas G-7367
  </name>
  <category>
   Umbrellas
  </category>
  <size>
   XXL
  </size>
  <color>
   Зеленый
  </color>
  <material>
   Шерсть
  </material>
  <price>
   393353
  </price>
  <rating>
   3.88
  </rating>
  <reviews>
   168549
  </reviews>
  <new>
   +
  </new>
  <exclusive>
   no
  </exclusive>
 </clothing>
 <clothing>
  <id>
   855083774
  </id>
  <name>
   Nike Blouse G-3194
  </name>
  <category>
   Blouse
  </category>
  <size>
   XL
  </size>
  <color>
   Фиолетовый
  </color>
  <material>
   Кожа
  </material>
  <price>
   237132
  </price>
  <rating>
   2.72
  </rating>
  <reviews>
   697016
  </reviews>
  <new>
   +
  </new>
  <exclusive>
   no
  </exclusive>
  <sporty>
   no
  </sporty>
 </clothing>
 <clothing>
  <id>
   103929921
  </id>
  <name>
   New Balance Pants H-8111
  </name>
  <category>
   Pants
  </category>
  <size>
   XL
  </size>
  <color>
   Фиолетовый
  </color>
  <material>
   Лен
  </material>
  <price>
   291072
  </price>
  <rating>
   1.55
  </rating>
  <reviews>
   66048
  </reviews>
  <new>
   -
  </new>
  <exclusive>
   no
  </exclusive>
 </clothing>
 <clothing>
  <id>
   810944085
  </id>
  <name>
   Asics T-shirt A-4261
  </name>
  <category>
   T-shirt
  </category>
  <size>
   XXL
  </size>
  <color>
   Фиолетовый
  </color>
  <material>
   Лен
  </material>
  <price>
   926890
  </price>
  <rating>
   1.18
  </rating>
  <reviews>
   563371
  </reviews>
  <new>
   -
  </new>
  <exclusive>
   no
  </exclusive>
  <sporty>
   yes
  </sporty>
 </clothing>
 <clothing>
  <id>
   453757594
  </id>
  <name>
   Asics Sweater C-5089
  </name>
  <category>
   Sweater
  </category>
  <size>
   S
  </size>
  <color>
   Голубой
  </color>
  <material>
   Лен
  </material>
  <price>
   159165
  </price>
  <rating>
   2.87
  </rating>
  <reviews>
   593573
  </reviews>
  <sporty>
   yes
  </sporty>
 </clothing>
 <clothing>
  <id>
   341785460
  </id>
  <name>
   Addidas Handbags W-7516
  </name>
  <category>
   Handbags
  </category>
  <size>
   L
  </size>
  <color>
   Красный
  </color>
  <material>
   Лен
  </material>
  <price>
   848498
  </price>
  <rating>
   2.89
  </rating>
  <reviews>
   958073
  </reviews>
  <new>
   -
  </new>
  <exclusive>
   yes
  </exclusive>
 </clothing>
 <clothing>
  <id>
   523994228
  </id>
  <name>
   Reebok Jeans I-8533
  </name>
  <category>
   Jeans
  </category>
  <size>
   XXL
  </size>
  <color>
   Оранжевый
  </color>
  <material>
   Кожа
  </material>
  <price>
   475813
  </price>
  <rating>
   4.26
  </rating>
  <reviews>
   897994
  </reviews>
  <new>
   -
  </new>
  <exclusive>
   yes
  </exclusive>
  <sporty>
   no
  </sporty>
 </clothing>
 <clothing>
  <id>
   819089709
  </id>
  <name>
   PleinSport Hat P-7486
  </name>
  <category>
   Hat
  </category>
  <size>
   S
  </size>
  <color>
   Красный
  </color>
  <material>
   Нейлон
  </material>
  <price>
   429122
  </price>
  <rating>
   3.38
  </rating>
  <reviews>
   242495
  </reviews>
  <new>
   +
  </new>
  <exclusive>
   no
  </exclusive>
 </clothing>
 <clothing>
  <id>
   951907200
  </id>
  <name>
   Converse Jacket U-3511
  </name>
  <category>
   Jacket
  </category>
  <size>
   L
  </size>
  <color>
   Красный
  </color>
  <material>
   Полиэстер
  </material>
  <price>
   226416
  </price>
  <rating>
   1.69
  </rating>
  <reviews>
   229939
  </reviews>
  <exclusive>
   yes
  </exclusive>
 </clothing>
 <clothing>
  <id>
   393446424
  </id>
  <name>
   Addidas Shoes F-4952
  </name>
  <category>
   Shoes
  </category>
  <size>
   XL
  </size>
  <color>
   Голубой
  </color>
  <material>
   Вискоза
  </material>
  <price>
   813019
  </price>
  <rating>
   2.97
  </rating>
  <reviews>
   149109
  </reviews>
  <sporty>
   yes
  </sporty>
 </clothing>
 <clothing>
  <id>
   475930212
  </id>
  <name>
   Fila Sweater T-7202
  </name>
  <category>
   Sweater
  </category>
  <size>
   L
  </size>
  <color>
   Голубой
  </color>
  <material>
   Кожа
  </material>
  <price>
   323327
  </price>
  <rating>
   1.12
  </rating>
  <reviews>
   371979
  </reviews>
  <sporty>
   yes
  </sporty>
 </clothing>
 <clothing>
  <id>
   335717802
  </id>
  <name>
   Nike Hat N-6974
  </name>
  <category>
   Hat
  </category>
  <size>
   M
  </size>
  <color>
   Оранжевый
  </color>
  <material>
   Кожа
  </material>
  <price>
   759217
  </price>
  <rating>
   1.37
  </rating>
  <reviews>
   978299
  </reviews>
  <new>
   -
  </new>
  <exclusive>
   no
  </exclusive>
 </clothing>
 <clothing>
  <id>
   803699048
  </id>
  <name>
   Ellesse Skirt C-2847
  </name>
  <category>
   Skirt
  </category>
  <size>
   XXL
  </size>
  <color>
   Голубой
  </color>
  <material>
   Нейлон
  </material>
  <price>
   829886
  </price>
  <rating>
   2.97
  </rating>
  <reviews>
   873826
  </reviews>
  <exclusive>
   yes
  </exclusive>
  <sporty>
   yes
  </sporty>
 </clothing>
 <clothing>
  <id>
   649423544
  </id>
  <name>
   Addidas Socks K-6467
  </name>
  <category>
   Socks
  </category>
  <size>
   M
  </size>
  <color>
   Желтый
  </color>
  <material>
   Лен
  </material>
  <price>
   396676
  </price>
  <rating>
   4.84
  </rating>
  <reviews>
   344202
  </reviews>
  <exclusive>
   yes
  </exclusive>
  <sporty>
   no
  </sporty>
 </clothing>
 <clothing>
  <id>
   242102754
  </id>
  <name>
   Reebok Umbrellas C-7574
  </name>
  <category>
   Umbrellas
  </category>
  <size>
   XL
  </size>
  <color>
   Голубой
  </color>
  <material>
   Полиэстер
  </material>
  <price>
   130158
  </price>
  <rating>
   4.11
  </rating>
  <reviews>
   615659
  </reviews>
  <sporty>
   no
  </sporty>
 </clothing>
 <clothing>
  <id>
   659797226
  </id>
  <name>
   Converse Shirt S-6652
  </name>
  <category>
   Shirt
  </category>
  <size>
   M
  </size>
  <color>
   Синий
  </color>
  <material>
   Вискоза
  </material>
  <price>
   948682
  </price>
  <rating>
   1.63
  </rating>
  <reviews>
   508430
  </reviews>
  <new>
   +
  </new>
  <exclusive>
   no
  </exclusive>
 </clothing>
 <clothing>
  <id>
   343028620
  </id>
  <name>
   Addidas Blouse O-3248
  </name>
  <category>
   Blouse
  </category>
  <size>
   XL
  </size>
  <color>
   Желтый
  </color>
  <material>
   Шелк
  </material>
  <price>
   814294
  </price>
  <rating>
   1.42
  </rating>
  <reviews>
   792120
  </reviews>
 </clothing>
 <clothing>
  <id>
   272929364
  </id>
  <name>
   Puma Skirt J-9534
  </name>
  <category>
   Skirt
  </category>
  <size>
   L
  </size>
  <color>
   Красный
  </color>
  <material>
   Нейлон
  </material>
  <price>
   174663
  </price>
  <rating>
   1.04
  </rating>
  <reviews>
   125860
  </reviews>
  <sporty>
   no
  </sporty>
 </clothing>
 <clothing>
  <id>
   365505098
  </id>
  <name>
   New Balance Sweater T-3069
  </name>
  <category>
   Sweater
  </category>
  <size>
   S
  </size>
  <color>
   Красный
  </color>
  <material>
   Шерсть
  </material>
  <price>
   321647
  </price>
  <rating>
   1.23
  </rating>
  <reviews>
   500945
  </reviews>
  <new>
   +
  </new>
  <sporty>
   no
  </sporty>
 </clothing>
 <clothing>
  <id>
   934215164
  </id>
  <name>
   Adidas Blouse C-3955
  </name>
  <category>
   Blouse
  </category>
  <size>
   XXL
  </size>
  <color>
   Оранжевый
  </color>
  <material>
   Хлопок
  </material>
  <price>
   249878
  </price>
  <rating>
   1.41
  </rating>
  <reviews>
   899523
  </reviews>
  <new>
   -
  </new>
  <sporty>
   no
  </sporty>
 </clothing>
 <clothing>
  <id>
   374830056
  </id>
  <name>
   Puma Hat U-2924
  </name>
  <category>
   Hat
  </category>
  <size>
   L
  </size>
  <color>
   Синий
  </color>
  <material>
   Вискоза
  </material>
  <price>
   824228
  </price>
  <rating>
   4.05
  </rating>
  <reviews>
   450076
  </reviews>
  <exclusive>
   no
  </exclusive>
  <sporty>
   yes
  </sporty>
 </clothing>
 <clothing>
  <id>
   578830906
  </id>
  <name>
   Brooks Shirt X-7609
  </name>
  <category>
   Shirt
  </category>
  <size>
   S
  </size>
  <color>
   Голубой
  </color>
  <material>
   Шерсть
  </material>
  <price>
   909430
  </price>
  <rating>
   1.98
  </rating>
  <reviews>
   509868
  </reviews>
  <new>
   -
  </new>
  <exclusive>
   no
  </exclusive>
  <sporty>
   no
  </sporty>
 </clothing>
 <clothing>
  <id>
   592153593
  </id>
  <name>
   New Balance Shoes E-3640
  </name>
  <category>
   Shoes
  </category>
  <size>
   L
  </size>
  <color>
   Желтый
  </color>
  <material>
   Шерсть
  </material>
  <price>
   511750
  </price>
  <rating>
   4.37
  </rating>
  <reviews>
   995301
  </reviews>
  <new>
   +
  </new>
  <exclusive>
   no
  </exclusive>
 </clothing>
 <clothing>
  <id>
   658207088
  </id>
  <name>
   Vans Handbags F-9624
  </name>
  <category>
   Handbags
  </category>
  <size>
   M
  </size>
  <color>
   Синий
  </color>
  <material>
   Лен
  </material>
  <price>
   717918
  </price>
  <rating>
   1.91
  </rating>
  <reviews>
   166401
  </reviews>
  <new>
   -
  </new>
 </clothing>
 <clothing>
  <id>
   744569551
  </id>
  <name>
   Reebok Sweater C-6059
  </name>
  <category>
   Sweater
  </category>
  <size>
   L
  </size>
  <color>
   Голубой
  </color>
  <material>
   Шерсть
  </material>
  <price>
   780148
  </price>
  <rating>
   1.48
  </rating>
  <reviews>
   537830
  </reviews>
  <exclusive>
   no
  </exclusive>
 </clothing>
 <clothing>
  <id>
   779801698
  </id>
  <name>
   Nike Skirt B-1194
  </name>
  <category>
   Skirt
  </category>
  <size>
   M
  </size>
  <color>
   Оранжевый
  </color>
  <material>
   Шерсть
  </material>
  <price>
   552323
  </price>
  <rating>
   4.67
  </rating>
  <reviews>
   408902
  </reviews>
  <exclusive>
   yes
  </exclusive>
  <sporty>
   no
  </sporty>
 </clothing>
 <clothing>
  <id>
   471743664
  </id>
  <name>
   Addidas Skirt M-8639
  </name>
  <category>
   Skirt
  </category>
  <size>
   S
  </size>
  <color>
   Синий
  </color>
  <material>
   Вискоза
  </material>
  <price>
   562042
  </price>
  <rating>
   3.88
  </rating>
  <reviews>
   441729
  </reviews>
  <sporty>
   yes
  </sporty>
 </clothing>
 <clothing>
  <id>
   278237783
  </id>
  <name>
   Reebok Handbags K-4848
  </name>
  <category>
   Handbags
  </category>
  <size>
   L
  </size>
  <color>
   Зеленый
  </color>
  <material>
   Хлопок
  </material>
  <price>
   270269
  </price>
  <rating>
   3.43
  </rating>
  <reviews>
   17996
  </reviews>
  <sporty>
   no
  </sporty>
 </clothing>
 <clothing>
  <id>
   960389072
  </id>
  <name>
   PleinSport Shirt I-2427
  </name>
  <category>
   Shirt
  </category>
  <size>
   L
  </size>
  <color>
   Фиолетовый
  </color>
  <material>
   Вискоза
  </material>
  <price>
   754237
  </price>
  <rating>
   3.06
  </rating>
  <reviews>
   503143
  </reviews>
  <new>
   -
  </new>
 </clothing>
 <clothing>
  <id>
   866113238
  </id>
  <name>
   New Balance Umbrellas A-2747
  </name>
  <category>
   Umbrellas
  </category>
  <size>
   S
  </size>
  <color>
   Оранжевый
  </color>
  <material>
   Кожа
  </material>
  <price>
   753682
  </price>
  <rating>
   1.43
  </rating>
  <reviews>
   857752
  </reviews>
  <sporty>
   no
  </sporty>
 </clothing>
 <clothing>
  <id>
   409012430
  </id>
  <name>
   Puma Handbags J-7975
  </name>
  <category>
   Handbags
  </category>
  <size>
   S
  </size>
  <color>
   Зеленый
  </color>
  <material>
   Хлопок
  </material>
  <price>
   656078
  </price>
  <rating>
   4.71
  </rating>
  <reviews>
   50647
  </reviews>
  <new>
   -
  </new>
  <sporty>
   yes
  </sporty>
 </clothing>
 <clothing>
  <id>
   735868930
  </id>
  <name>
   Ellesse Hat W-9003
  </name>
  <category>
   Hat
  </category>
  <size>
   M
  </size>
  <color>
   Голубой
  </color>
  <material>
   Шелк
  </material>
  <price>
   479800
  </price>
  <rating>
   4.42
  </rating>
  <reviews>
   342210
  </reviews>
  <new>
   -
  </new>
  <sporty>
   yes
  </sporty>
 </clothing>
 <clothing>
  <id>
   209978829
  </id>
  <name>
   Nike Skirt T-2722
  </name>
  <category>
   Skirt
  </category>
  <size>
   S
  </size>
  <color>
   Зеленый
  </color>
  <material>
   Шелк
  </material>
  <price>
   443218
  </price>
  <rating>
   1.46
  </rating>
  <reviews>
   687140
  </reviews>
  <new>
   -
  </new>
  <sporty>
   no
  </sporty>
 </clothing>
 <clothing>
  <id>
   715967300
  </id>
  <name>
   Nike Gloves K-2753
  </name>
  <category>
   Gloves
  </category>
  <size>
   M
  </size>
  <color>
   Голубой
  </color>
  <material>
   Хлопок
  </material>
  <price>
   427549
  </price>
  <rating>
   1.75
  </rating>
  <reviews>
   717234
  </reviews>
  <new>
   -
  </new>
 </clothing>
 <clothing>
  <id>
   952723029
  </id>
  <name>
   DC Pants K-3526
  </name>
  <category>
   Pants
  </category>
  <size>
   S
  </size>
  <color>
   Фиолетовый
  </color>
  <material>
   Шелк
  </material>
  <price>
   547038
  </price>
  <rating>
   4.11
  </rating>
  <reviews>
   793315
  </reviews>
  <new>
   -
  </new>
  <sporty>
   yes
  </sporty>
 </clothing>
 <clothing>
  <id>
   323996695
  </id>
  <name>
   Puma Sweater Z-8943
  </name>
  <category>
   Sweater
  </category>
  <size>
   XXL
  </size>
  <color>
   Желтый
  </color>
  <material>
   Шелк
  </material>
  <price>
   816986
  </price>
  <rating>
   2.77
  </rating>
  <reviews>
   208585
  </reviews>
  <new>
   -
  </new>
  <exclusive>
   no
  </exclusive>
  <sporty>
   no
  </sporty>
 </clothing>
 <clothing>
  <id>
   582454772
  </id>
  <name>
   Brooks Hat W-2369
  </name>
  <category>
   Hat
  </category>
  <size>
   XL
  </size>
  <color>
   Желтый
  </color>
  <material>
   Шелк
  </material>
  <price>
   983229
  </price>
  <rating>
   2.19
  </rating>
  <reviews>
   419290
  </reviews>
  <new>
   -
  </new>
 </clothing>
 <clothing>
  <id>
   760371393
  </id>
  <name>
   Vans Blouse Y-4713
  </name>
  <category>
   Blouse
  </category>
  <size>
   L
  </size>
  <color>
   Фиолетовый
  </color>
  <material>
   Хлопок
  </material>
  <price>
   998986
  </price>
  <rating>
   4.01
  </rating>
  <reviews>
   570773
  </reviews>
  <new>
   +
  </new>
  <exclusive>
   yes
  </exclusive>
  <sporty>
   no
  </sporty>
 </clothing>
</clothing-items>
