<?xml version="1.0" encoding="utf-8"?>
<clothing-items>
 <clothing>
  <id>
   568476973
  </id>
  <name>
   Addidas Jeans M-4578
  </name>
  <category>
   Jeans
  </category>
  <size>
   XXL
  </size>
  <color>
   Синий
  </color>
  <material>
   Кожа
  </material>
  <price>
   516233
  </price>
  <rating>
   1.79
  </rating>
  <reviews>
   663088
  </reviews>
  <new>
   -
  </new>
 </clothing>
 <clothing>
  <id>
   623157740
  </id>
  <name>
   New Balance Blouse C-3540
  </name>
  <category>
   Blouse
  </category>
  <size>
   XXL
  </size>
  <color>
   Красный
  </color>
  <material>
   Лен
  </material>
  <price>
   156261
  </price>
  <rating>
   1.87
  </rating>
  <reviews>
   566947
  </reviews>
 </clothing>
 <clothing>
  <id>
   769736200
  </id>
  <name>
   Under Armour Dress O-1705
  </name>
  <category>
   Dress
  </category>
  <size>
   L
  </size>
  <color>
   Голубой
  </color>
  <material>
   Шелк
  </material>
  <price>
   277157
  </price>
  <rating>
   2.1
  </rating>
  <reviews>
   401336
  </reviews>
  <sporty>
   yes
  </sporty>
 </clothing>
 <clothing>
  <id>
   558950457
  </id>
  <name>
   Vans Jacket H-6637
  </name>
  <category>
   Jacket
  </category>
  <size>
   L
  </size>
  <color>
   Оранжевый
  </color>
  <material>
   Полиэстер
  </material>
  <price>
   296497
  </price>
  <rating>
   4.63
  </rating>
  <reviews>
   428122
  </reviews>
  <new>
   -
  </new>
 </clothing>
 <clothing>
  <id>
   766981667
  </id>
  <name>
   PleinSport Blouse F-9937
  </name>
  <category>
   Blouse
  </category>
  <size>
   XL
  </size>
  <color>
   Голубой
  </color>
  <material>
   Шелк
  </material>
  <price>
   239035
  </price>
  <rating>
   4.82
  </rating>
  <reviews>
   119718
  </reviews>
  <new>
   +
  </new>
 </clothing>
 <clothing>
  <id>
   904471900
  </id>
  <name>
   Addidas Blouse A-2279
  </name>
  <category>
   Blouse
  </category>
  <size>
   XXL
  </size>
  <color>
   Оранжевый
  </color>
  <material>
   Кожа
  </material>
  <price>
   691352
  </price>
  <rating>
   2.17
  </rating>
  <reviews>
   463108
  </reviews>
 </clothing>
 <clothing>
  <id>
   760818129
  </id>
  <name>
   Addidas Umbrellas R-1873
  </name>
  <category>
   Umbrellas
  </category>
  <size>
   M
  </size>
  <color>
   Желтый
  </color>
  <material>
   Полиэстер
  </material>
  <price>
   286958
  </price>
  <rating>
   1.6
  </rating>
  <reviews>
   407137
  </reviews>
  <new>
   +
  </new>
  <exclusive>
   no
  </exclusive>
  <sporty>
   no
  </sporty>
 </clothing>
 <clothing>
  <id>
   386133841
  </id>
  <name>
   Addidas Umbrellas S-6707
  </name>
  <category>
   Umbrellas
  </category>
  <size>
   XL
  </size>
  <color>
   Желтый
  </color>
  <material>
   Полиэстер
  </material>
  <price>
   105282
  </price>
  <rating>
   1.35
  </rating>
  <reviews>
   486664
  </reviews>
  <new>
   +
  </new>
  <exclusive>
   no
  </exclusive>
  <sporty>
   no
  </sporty>
 </clothing>
 <clothing>
  <id>
   502009820
  </id>
  <name>
   Addidas Jeans K-3394
  </name>
  <category>
   Jeans
  </category>
  <size>
   S
  </size>
  <color>
   Фиолетовый
  </color>
  <material>
   Кожа
  </material>
  <price>
   796086
  </price>
  <rating>
   2.09
  </rating>
  <reviews>
   626961
  </reviews>
 </clothing>
 <clothing>
  <id>
   551608083
  </id>
  <name>
   Addidas T-shirt W-7136
  </name>
  <category>
   T-shirt
  </category>
  <size>
   M
  </size>
  <color>
   Голубой
  </color>
  <material>
   Нейлон
  </material>
  <price>
   656836
  </price>
  <rating>
   2.38
  </rating>
  <reviews>
   123031
  </reviews>
  <sporty>
   no
  </sporty>
 </clothing>
 <clothing>
  <id>
   279264988
  </id>
  <name>
   Reebok Jacket B-2740
  </name>
  <category>
   Jacket
  </category>
  <size>
   S
  </size>
  <color>
   Голубой
  </color>
  <material>
   Шелк
  </material>
  <price>
   996509
  </price>
  <rating>
   1.45
  </rating>
  <reviews>
   384901
  </reviews>
  <exclusive>
   no
  </exclusive>
  <sporty>
   no
  </sporty>
 </clothing>
 <clothing>
  <id>
   731385997
  </id>
  <name>
   Ellesse Dress E-9574
  </name>
  <category>
   Dress
  </category>
  <size>
   XL
  </size>
  <color>
   Желтый
  </color>
  <material>
   Шерсть
  </material>
  <price>
   924248
  </price>
  <rating>
   1.64
  </rating>
  <reviews>
   347974
  </reviews>
  <new>
   -
  </new>
  <exclusive>
   yes
  </exclusive>
 </clothing>
 <clothing>
  <id>
   163728705
  </id>
  <name>
   Lacoste Socks P-2038
  </name>
  <category>
   Socks
  </category>
  <size>
   M
  </size>
  <color>
   Зеленый
  </color>
  <material>
   Вискоза
  </material>
  <price>
   963145
  </price>
  <rating>
   2.52
  </rating>
  <reviews>
   581106
  </reviews>
  <new>
   +
  </new>
  <exclusive>
   yes
  </exclusive>
  <sporty>
   no
  </sporty>
 </clothing>
 <clothing>
  <id>
   876394066
  </id>
  <name>
   Asics Umbrellas V-2786
  </name>
  <category>
   Umbrellas
  </category>
  <size>
   S
  </size>
  <color>
   Синий
  </color>
  <material>
   Нейлон
  </material>
  <price>
   281932
  </price>
  <rating>
   1.6
  </rating>
  <reviews>
   669920
  </reviews>
  <new>
   +
  </new>
 </clothing>
 <clothing>
  <id>
   761613252
  </id>
  <name>
   Nike Shirt G-2948
  </name>
  <category>
   Shirt
  </category>
  <size>
   XL
  </size>
  <color>
   Желтый
  </color>
  <material>
   Вискоза
  </material>
  <price>
   603329
  </price>
  <rating>
   2.63
  </rating>
  <reviews>
   857290
  </reviews>
  <new>
   -
  </new>
  <exclusive>
   yes
  </exclusive>
 </clothing>
 <clothing>
  <id>
   986128638
  </id>
  <name>
   New Balance Gloves Q-1821
  </name>
  <category>
   Gloves
  </category>
  <size>
   XXL
  </size>
  <color>
   Красный
  </color>
  <material>
   Полиэстер
  </material>
  <price>
   216210
  </price>
  <rating>
   1.28
  </rating>
  <reviews>
   171239
  </reviews>
  <exclusive>
   no
  </exclusive>
 </clothing>
 <clothing>
  <id>
   147417166
  </id>
  <name>
   Puma Handbags H-1537
  </name>
  <category>
   Handbags
  </category>
  <size>
   L
  </size>
  <color>
   Зеленый
  </color>
  <material>
   Шелк
  </material>
  <price>
   317973
  </price>
  <rating>
   4.4
  </rating>
  <reviews>
   90451
  </reviews>
  <new>
   +
  </new>
  <sporty>
   yes
  </sporty>
 </clothing>
 <clothing>
  <id>
   816358833
  </id>
  <name>
   Converse Dress F-8615
  </name>
  <category>
   Dress
  </category>
  <size>
   XL
  </size>
  <color>
   Голубой
  </color>
  <material>
   Кожа
  </material>
  <price>
   587377
  </price>
  <rating>
   2.52
  </rating>
  <reviews>
   715110
  </reviews>
  <exclusive>
   no
  </exclusive>
  <sporty>
   yes
  </sporty>
 </clothing>
 <clothing>
  <id>
   217374314
  </id>
  <name>
   Nike Dress R-8356
  </name>
  <category>
   Dress
  </category>
  <size>
   M
  </size>
  <color>
   Синий
  </color>
  <material>
   Шелк
  </material>
  <price>
   640613
  </price>
  <rating>
   1.05
  </rating>
  <reviews>
   533884
  </reviews>
  <exclusive>
   yes
  </exclusive>
 </clothing>
 <clothing>
  <id>
   774413350
  </id>
  <name>
   Lacoste Shirt T-3788
  </name>
  <category>
   Shirt
  </category>
  <size>
   S
  </size>
  <color>
   Синий
  </color>
  <material>
   Лен
  </material>
  <price>
   190108
  </price>
  <rating>
   1.38
  </rating>
  <reviews>
   885152
  </reviews>
  <new>
   -
  </new>
  <exclusive>
   no
  </exclusive>
  <sporty>
   yes
  </sporty>
 </clothing>
 <clothing>
  <id>
   765130181
  </id>
  <name>
   DC Jacket C-8151
  </name>
  <category>
   Jacket
  </category>
  <size>
   S
  </size>
  <color>
   Синий
  </color>
  <material>
   Вискоза
  </material>
  <price>
   357093
  </price>
  <rating>
   1.23
  </rating>
  <reviews>
   724622
  </reviews>
  <new>
   +
  </new>
  <exclusive>
   no
  </exclusive>
  <sporty>
   yes
  </sporty>
 </clothing>
 <clothing>
  <id>
   978714367
  </id>
  <name>
   DC Pants W-7231
  </name>
  <category>
   Pants
  </category>
  <size>
   XL
  </size>
  <color>
   Голубой
  </color>
  <material>
   Лен
  </material>
  <price>
   858961
  </price>
  <rating>
   4.11
  </rating>
  <reviews>
   977795
  </reviews>
  <new>
   +
  </new>
  <exclusive>
   no
  </exclusive>
 </clothing>
 <clothing>
  <id>
   310956374
  </id>
  <name>
   Vans Handbags P-1299
  </name>
  <category>
   Handbags
  </category>
  <size>
   L
  </size>
  <color>
   Оранжевый
  </color>
  <material>
   Нейлон
  </material>
  <price>
   143558
  </price>
  <rating>
   2.58
  </rating>
  <reviews>
   551724
  </reviews>
  <new>
   -
  </new>
 </clothing>
 <clothing>
  <id>
   210332198
  </id>
  <name>
   Nike Shirt O-2476
  </name>
  <category>
   Shirt
  </category>
  <size>
   XL
  </size>
  <color>
   Фиолетовый
  </color>
  <material>
   Вискоза
  </material>
  <price>
   808960
  </price>
  <rating>
   4.98
  </rating>
  <reviews>
   366731
  </reviews>
  <new>
   +
  </new>
  <exclusive>
   no
  </exclusive>
 </clothing>
 <clothing>
  <id>
   803173407
  </id>
  <name>
   Ellesse Belts X-4751
  </name>
  <category>
   Belts
  </category>
  <size>
   L
  </size>
  <color>
   Синий
  </color>
  <material>
   Лен
  </material>
  <price>
   301966
  </price>
  <rating>
   4.84
  </rating>
  <reviews>
   399352
  </reviews>
  <exclusive>
   yes
  </exclusive>
 </clothing>
 <clothing>
  <id>
   487345665
  </id>
  <name>
   Fila Pants Q-5379
  </name>
  <category>
   Pants
  </category>
  <size>
   XXL
  </size>
  <color>
   Синий
  </color>
  <material>
   Полиэстер
  </material>
  <price>
   403819
  </price>
  <rating>
   2.73
  </rating>
  <reviews>
   962946
  </reviews>
  <new>
   -
  </new>
  <sporty>
   no
  </sporty>
 </clothing>
 <clothing>
  <id>
   827350808
  </id>
  <name>
   Brooks Blouse W-1352
  </name>
  <category>
   Blouse
  </category>
  <size>
   M
  </size>
  <color>
   Зеленый
  </color>
  <material>
   Шелк
  </material>
  <price>
   841444
  </price>
  <rating>
   4.59
  </rating>
  <reviews>
   512567
  </reviews>
  <new>
   -
  </new>
  <sporty>
   yes
  </sporty>
 </clothing>
 <clothing>
  <id>
   152656333
  </id>
  <name>
   Brooks Shirt B-9179
  </name>
  <category>
   Shirt
  </category>
  <size>
   XXL
  </size>
  <color>
   Зеленый
  </color>
  <material>
   Нейлон
  </material>
  <price>
   420396
  </price>
  <rating>
   3.7
  </rating>
  <reviews>
   908648
  </reviews>
  <new>
   +
  </new>
  <exclusive>
   yes
  </exclusive>
 </clothing>
 <clothing>
  <id>
   867073396
  </id>
  <name>
   Fila Dress X-4368
  </name>
  <category>
   Dress
  </category>
  <size>
   M
  </size>
  <color>
   Красный
  </color>
  <material>
   Шерсть
  </material>
  <price>
   616280
  </price>
  <rating>
   3.66
  </rating>
  <reviews>
   813781
  </reviews>
  <new>
   -
  </new>
  <exclusive>
   yes
  </exclusive>
  <sporty>
   no
  </sporty>
 </clothing>
 <clothing>
  <id>
   388581205
  </id>
  <name>
   Adidas Sweater L-3641
  </name>
  <category>
   Sweater
  </category>
  <size>
   L
  </size>
  <color>
   Оранжевый
  </color>
  <material>
   Вискоза
  </material>
  <price>
   818554
  </price>
  <rating>
   4.84
  </rating>
  <reviews>
   162281
  </reviews>
  <new>
   -
  </new>
  <sporty>
   no
  </sporty>
 </clothing>
 <clothing>
  <id>
   831847274
  </id>
  <name>
   Vans Gloves V-4038
  </name>
  <category>
   Gloves
  </category>
  <size>
   XXL
  </size>
  <color>
   Зеленый
  </color>
  <material>
   Полиэстер
  </material>
  <price>
   214043
  </price>
  <rating>
   2.36
  </rating>
  <reviews>
   137509
  </reviews>
  <exclusive>
   no
  </exclusive>
  <sporty>
   yes
  </sporty>
 </clothing>
 <clothing>
  <id>
   811918096
  </id>
  <name>
   Adidas Handbags D-6161
  </name>
  <category>
   Handbags
  </category>
  <size>
   L
  </size>
  <color>
   Голубой
  </color>
  <material>
   Нейлон
  </material>
  <price>
   225258
  </price>
  <rating>
   1.53
  </rating>
  <reviews>
   425984
  </reviews>
  <new>
   +
  </new>
  <exclusive>
   no
  </exclusive>
  <sporty>
   yes
  </sporty>
 </clothing>
 <clothing>
  <id>
   995620013
  </id>
  <name>
   Asics T-shirt W-3951
  </name>
  <category>
   T-shirt
  </category>
  <size>
   XXL
  </size>
  <color>
   Оранжевый
  </color>
  <material>
   Нейлон
  </material>
  <price>
   461178
  </price>
  <rating>
   3.53
  </rating>
  <reviews>
   531417
  </reviews>
  <sporty>
   yes
  </sporty>
 </clothing>
 <clothing>
  <id>
   237171106
  </id>
  <name>
   Ellesse Hat I-8288
  </name>
  <category>
   Hat
  </category>
  <size>
   XXL
  </size>
  <color>
   Красный
  </color>
  <material>
   Шелк
  </material>
  <price>
   792510
  </price>
  <rating>
   3.15
  </rating>
  <reviews>
   947884
  </reviews>
 </clothing>
 <clothing>
  <id>
   836882218
  </id>
  <name>
   Reebok Umbrellas M-9728
  </name>
  <category>
   Umbrellas
  </category>
  <size>
   XL
  </size>
  <color>
   Зеленый
  </color>
  <material>
   Шелк
  </material>
  <price>
   332609
  </price>
  <rating>
   2.84
  </rating>
  <reviews>
   890728
  </reviews>
  <new>
   -
  </new>
  <sporty>
   no
  </sporty>
 </clothing>
 <clothing>
  <id>
   650858095
  </id>
  <name>
   Lacoste Sweater A-5342
  </name>
  <category>
   Sweater
  </category>
  <size>
   XXL
  </size>
  <color>
   Голубой
  </color>
  <material>
   Шерсть
  </material>
  <price>
   643397
  </price>
  <rating>
   4.92
  </rating>
  <reviews>
   838269
  </reviews>
  <new>
   -
  </new>
  <exclusive>
   yes
  </exclusive>
  <sporty>
   no
  </sporty>
 </clothing>
 <clothing>
  <id>
   207831132
  </id>
  <name>
   Nike Dress R-1434
  </name>
  <category>
   Dress
  </category>
  <size>
   S
  </size>
  <color>
   Синий
  </color>
  <material>
   Кожа
  </material>
  <price>
   348636
  </price>
  <rating>
   2.7
  </rating>
  <reviews>
   4280
  </reviews>
  <new>
   +
  </new>
  <exclusive>
   no
  </exclusive>
 </clothing>
 <clothing>
  <id>
   707130634
  </id>
  <name>
   DC Shoes D-7848
  </name>
  <category>
   Shoes
  </category>
  <size>
   XXL
  </size>
  <color>
   Синий
  </color>
  <material>
   Кожа
  </material>
  <price>
   295566
  </price>
  <rating>
   4.04
  </rating>
  <reviews>
   863347
  </reviews>
  <exclusive>
   no
  </exclusive>
 </clothing>
 <clothing>
  <id>
   151968934
  </id>
  <name>
   Asics Socks X-4107
  </name>
  <category>
   Socks
  </category>
  <size>
   M
  </size>
  <color>
   Желтый
  </color>
  <material>
   Лен
  </material>
  <price>
   579698
  </price>
  <rating>
   4.18
  </rating>
  <reviews>
   751767
  </reviews>
  <exclusive>
   yes
  </exclusive>
 </clothing>
</clothing-items>
