<?xml version="1.0" encoding="utf-8"?>
<clothing-items>
 <clothing>
  <id>
   534221565
  </id>
  <name>
   New Balance Belts C-8953
  </name>
  <category>
   Belts
  </category>
  <size>
   S
  </size>
  <color>
   Зеленый
  </color>
  <material>
   Хлопок
  </material>
  <price>
   959107
  </price>
  <rating>
   3.19
  </rating>
  <reviews>
   844359
  </reviews>
  <exclusive>
   no
  </exclusive>
  <sporty>
   yes
  </sporty>
 </clothing>
 <clothing>
  <id>
   907457498
  </id>
  <name>
   Ellesse Handbags Q-3253
  </name>
  <category>
   Handbags
  </category>
  <size>
   S
  </size>
  <color>
   Оранжевый
  </color>
  <material>
   Шелк
  </material>
  <price>
   143439
  </price>
  <rating>
   2.42
  </rating>
  <reviews>
   221691
  </reviews>
  <exclusive>
   no
  </exclusive>
  <sporty>
   no
  </sporty>
 </clothing>
 <clothing>
  <id>
   463116358
  </id>
  <name>
   Fila Belts W-7675
  </name>
  <category>
   Belts
  </category>
  <size>
   XXL
  </size>
  <color>
   Зеленый
  </color>
  <material>
   Шерсть
  </material>
  <price>
   396807
  </price>
  <rating>
   1.47
  </rating>
  <reviews>
   193062
  </reviews>
  <new>
   +
  </new>
  <exclusive>
   no
  </exclusive>
 </clothing>
 <clothing>
  <id>
   148884363
  </id>
  <name>
   Under Armour Jacket Q-4948
  </name>
  <category>
   Jacket
  </category>
  <size>
   XL
  </size>
  <color>
   Фиолетовый
  </color>
  <material>
   Нейлон
  </material>
  <price>
   106108
  </price>
  <rating>
   3.79
  </rating>
  <reviews>
   803538
  </reviews>
 </clothing>
 <clothing>
  <id>
   668834809
  </id>
  <name>
   Reebok Blouse Z-6022
  </name>
  <category>
   Blouse
  </category>
  <size>
   L
  </size>
  <color>
   Синий
  </color>
  <material>
   Шелк
  </material>
  <price>
   703347
  </price>
  <rating>
   1.62
  </rating>
  <reviews>
   315699
  </reviews>
  <new>
   -
  </new>
  <exclusive>
   yes
  </exclusive>
 </clothing>
 <clothing>
  <id>
   449731978
  </id>
  <name>
   PleinSport Shoes F-3298
  </name>
  <category>
   Shoes
  </category>
  <size>
   L
  </size>
  <color>
   Красный
  </color>
  <material>
   Нейлон
  </material>
  <price>
   679060
  </price>
  <rating>
   1.33
  </rating>
  <reviews>
   857091
  </reviews>
  <sporty>
   no
  </sporty>
 </clothing>
 <clothing>
  <id>
   606583562
  </id>
  <name>
   Under Armour Shirt D-1550
  </name>
  <category>
   Shirt
  </category>
  <size>
   S
  </size>
  <color>
   Фиолетовый
  </color>
  <material>
   Лен
  </material>
  <price>
   935008
  </price>
  <rating>
   4.52
  </rating>
  <reviews>
   352925
  </reviews>
  <exclusive>
   no
  </exclusive>
 </clothing>
 <clothing>
  <id>
   174752512
  </id>
  <name>
   New Balance Skirt D-1615
  </name>
  <category>
   Skirt
  </category>
  <size>
   S
  </size>
  <color>
   Фиолетовый
  </color>
  <material>
   Кожа
  </material>
  <price>
   367243
  </price>
  <rating>
   1.11
  </rating>
  <reviews>
   269522
  </reviews>
  <new>
   +
  </new>
  <exclusive>
   no
  </exclusive>
  <sporty>
   no
  </sporty>
 </clothing>
 <clothing>
  <id>
   383819025
  </id>
  <name>
   Converse Jeans V-3072
  </name>
  <category>
   Jeans
  </category>
  <size>
   S
  </size>
  <color>
   Зеленый
  </color>
  <material>
   Кожа
  </material>
  <price>
   297701
  </price>
  <rating>
   1.47
  </rating>
  <reviews>
   531340
  </reviews>
  <exclusive>
   no
  </exclusive>
 </clothing>
 <clothing>
  <id>
   359915114
  </id>
  <name>
   Adidas Skirt J-2789
  </name>
  <category>
   Skirt
  </category>
  <size>
   S
  </size>
  <color>
   Красный
  </color>
  <material>
   Хлопок
  </material>
  <price>
   267098
  </price>
  <rating>
   1.24
  </rating>
  <reviews>
   508438
  </reviews>
  <new>
   +
  </new>
  <exclusive>
   no
  </exclusive>
 </clothing>
 <clothing>
  <id>
   926366737
  </id>
  <name>
   New Balance T-shirt H-7251
  </name>
  <category>
   T-shirt
  </category>
  <size>
   L
  </size>
  <color>
   Красный
  </color>
  <material>
   Шелк
  </material>
  <price>
   318044
  </price>
  <rating>
   1.6
  </rating>
  <reviews>
   498386
  </reviews>
  <new>
   -
  </new>
  <exclusive>
   no
  </exclusive>
 </clothing>
 <clothing>
  <id>
   985617340
  </id>
  <name>
   PleinSport T-shirt I-6267
  </name>
  <category>
   T-shirt
  </category>
  <size>
   XXL
  </size>
  <color>
   Фиолетовый
  </color>
  <material>
   Полиэстер
  </material>
  <price>
   136007
  </price>
  <rating>
   3.35
  </rating>
  <reviews>
   858642
  </reviews>
  <new>
   +
  </new>
  <exclusive>
   no
  </exclusive>
  <sporty>
   no
  </sporty>
 </clothing>
 <clothing>
  <id>
   964232461
  </id>
  <name>
   Under Armour Socks J-5370
  </name>
  <category>
   Socks
  </category>
  <size>
   XXL
  </size>
  <color>
   Фиолетовый
  </color>
  <material>
   Лен
  </material>
  <price>
   409731
  </price>
  <rating>
   4.72
  </rating>
  <reviews>
   872616
  </reviews>
  <new>
   +
  </new>
  <exclusive>
   no
  </exclusive>
  <sporty>
   yes
  </sporty>
 </clothing>
 <clothing>
  <id>
   530483011
  </id>
  <name>
   Ellesse Shirt W-6472
  </name>
  <category>
   Shirt
  </category>
  <size>
   L
  </size>
  <color>
   Зеленый
  </color>
  <material>
   Шелк
  </material>
  <price>
   454701
  </price>
  <rating>
   3.45
  </rating>
  <reviews>
   484807
  </reviews>
  <exclusive>
   no
  </exclusive>
  <sporty>
   no
  </sporty>
 </clothing>
 <clothing>
  <id>
   122555153
  </id>
  <name>
   Fila Socks J-6361
  </name>
  <category>
   Socks
  </category>
  <size>
   L
  </size>
  <color>
   Красный
  </color>
  <material>
   Хлопок
  </material>
  <price>
   559033
  </price>
  <rating>
   1.93
  </rating>
  <reviews>
   441128
  </reviews>
  <exclusive>
   yes
  </exclusive>
 </clothing>
 <clothing>
  <id>
   631398331
  </id>
  <name>
   Brooks Shoes R-4133
  </name>
  <category>
   Shoes
  </category>
  <size>
   L
  </size>
  <color>
   Фиолетовый
  </color>
  <material>
   Лен
  </material>
  <price>
   736894
  </price>
  <rating>
   2.28
  </rating>
  <reviews>
   688482
  </reviews>
  <new>
   -
  </new>
  <exclusive>
   no
  </exclusive>
  <sporty>
   yes
  </sporty>
 </clothing>
 <clothing>
  <id>
   521006273
  </id>
  <name>
   Ellesse Shoes Y-8864
  </name>
  <category>
   Shoes
  </category>
  <size>
   M
  </size>
  <color>
   Синий
  </color>
  <material>
   Шелк
  </material>
  <price>
   785698
  </price>
  <rating>
   3.41
  </rating>
  <reviews>
   753879
  </reviews>
  <new>
   -
  </new>
  <exclusive>
   no
  </exclusive>
 </clothing>
 <clothing>
  <id>
   544077125
  </id>
  <name>
   Brooks Jeans K-4077
  </name>
  <category>
   Jeans
  </category>
  <size>
   M
  </size>
  <color>
   Зеленый
  </color>
  <material>
   Кожа
  </material>
  <price>
   501689
  </price>
  <rating>
   3.4
  </rating>
  <reviews>
   345546
  </reviews>
  <exclusive>
   no
  </exclusive>
  <sporty>
   no
  </sporty>
 </clothing>
 <clothing>
  <id>
   526997290
  </id>
  <name>
   Fila Skirt P-6669
  </name>
  <category>
   Skirt
  </category>
  <size>
   M
  </size>
  <color>
   Фиолетовый
  </color>
  <material>
   Вискоза
  </material>
  <price>
   960222
  </price>
  <rating>
   4.56
  </rating>
  <reviews>
   829245
  </reviews>
  <new>
   -
  </new>
  <sporty>
   yes
  </sporty>
 </clothing>
</clothing-items>
