<?xml version="1.0" encoding="utf-8"?>
<clothing-items>
 <clothing>
  <id>
   113872588
  </id>
  <name>
   PleinSport Skirt R-9447
  </name>
  <category>
   Skirt
  </category>
  <size>
   L
  </size>
  <color>
   Оранжевый
  </color>
  <material>
   Нейлон
  </material>
  <price>
   957222
  </price>
  <rating>
   3.11
  </rating>
  <reviews>
   562436
  </reviews>
 </clothing>
 <clothing>
  <id>
   747892720
  </id>
  <name>
   Vans Umbrellas U-8285
  </name>
  <category>
   Umbrellas
  </category>
  <size>
   L
  </size>
  <color>
   Зеленый
  </color>
  <material>
   Шелк
  </material>
  <price>
   475879
  </price>
  <rating>
   1.85
  </rating>
  <reviews>
   103430
  </reviews>
  <new>
   -
  </new>
  <exclusive>
   no
  </exclusive>
  <sporty>
   no
  </sporty>
 </clothing>
 <clothing>
  <id>
   434316418
  </id>
  <name>
   New Balance Jeans E-4193
  </name>
  <category>
   Jeans
  </category>
  <size>
   XL
  </size>
  <color>
   Красный
  </color>
  <material>
   Шелк
  </material>
  <price>
   427388
  </price>
  <rating>
   1.37
  </rating>
  <reviews>
   839347
  </reviews>
  <new>
   +
  </new>
 </clothing>
 <clothing>
  <id>
   988202452
  </id>
  <name>
   Ellesse Gloves N-2116
  </name>
  <category>
   Gloves
  </category>
  <size>
   M
  </size>
  <color>
   Синий
  </color>
  <material>
   Нейлон
  </material>
  <price>
   901559
  </price>
  <rating>
   1.47
  </rating>
  <reviews>
   284237
  </reviews>
  <new>
   -
  </new>
  <exclusive>
   yes
  </exclusive>
 </clothing>
 <clothing>
  <id>
   869672283
  </id>
  <name>
   Reebok Sweater I-3836
  </name>
  <category>
   Sweater
  </category>
  <size>
   L
  </size>
  <color>
   Фиолетовый
  </color>
  <material>
   Шерсть
  </material>
  <price>
   632550
  </price>
  <rating>
   3.02
  </rating>
  <reviews>
   786981
  </reviews>
  <new>
   -
  </new>
 </clothing>
 <clothing>
  <id>
   112875758
  </id>
  <name>
   Nike Shoes Z-2325
  </name>
  <category>
   Shoes
  </category>
  <size>
   M
  </size>
  <color>
   Зеленый
  </color>
  <material>
   Шелк
  </material>
  <price>
   219253
  </price>
  <rating>
   4.06
  </rating>
  <reviews>
   924690
  </reviews>
  <exclusive>
   no
  </exclusive>
 </clothing>
 <clothing>
  <id>
   109955607
  </id>
  <name>
   New Balance Skirt E-4173
  </name>
  <category>
   Skirt
  </category>
  <size>
   XXL
  </size>
  <color>
   Фиолетовый
  </color>
  <material>
   Нейлон
  </material>
  <price>
   204380
  </price>
  <rating>
   2.7
  </rating>
  <reviews>
   608125
  </reviews>
 </clothing>
 <clothing>
  <id>
   283282811
  </id>
  <name>
   New Balance Belts S-3156
  </name>
  <category>
   Belts
  </category>
  <size>
   XL
  </size>
  <color>
   Зеленый
  </color>
  <material>
   Шелк
  </material>
  <price>
   221059
  </price>
  <rating>
   2.1
  </rating>
  <reviews>
   931882
  </reviews>
  <new>
   +
  </new>
  <sporty>
   no
  </sporty>
 </clothing>
 <clothing>
  <id>
   846936150
  </id>
  <name>
   Asics Jacket M-3970
  </name>
  <category>
   Jacket
  </category>
  <size>
   S
  </size>
  <color>
   Красный
  </color>
  <material>
   Нейлон
  </material>
  <price>
   843628
  </price>
  <rating>
   4.6
  </rating>
  <reviews>
   675224
  </reviews>
  <exclusive>
   yes
  </exclusive>
 </clothing>
 <clothing>
  <id>
   614581382
  </id>
  <name>
   Adidas Hat S-8317
  </name>
  <category>
   Hat
  </category>
  <size>
   XXL
  </size>
  <color>
   Голубой
  </color>
  <material>
   Кожа
  </material>
  <price>
   327869
  </price>
  <rating>
   1.02
  </rating>
  <reviews>
   554811
  </reviews>
 </clothing>
 <clothing>
  <id>
   601722982
  </id>
  <name>
   Vans Jeans Y-5358
  </name>
  <category>
   Jeans
  </category>
  <size>
   XL
  </size>
  <color>
   Голубой
  </color>
  <material>
   Хлопок
  </material>
  <price>
   450898
  </price>
  <rating>
   2.12
  </rating>
  <reviews>
   375034
  </reviews>
  <new>
   -
  </new>
  <exclusive>
   no
  </exclusive>
  <sporty>
   yes
  </sporty>
 </clothing>
 <clothing>
  <id>
   888922490
  </id>
  <name>
   Puma Dress F-4086
  </name>
  <category>
   Dress
  </category>
  <size>
   S
  </size>
  <color>
   Красный
  </color>
  <material>
   Лен
  </material>
  <price>
   380479
  </price>
  <rating>
   2.06
  </rating>
  <reviews>
   611904
  </reviews>
  <exclusive>
   yes
  </exclusive>
 </clothing>
 <clothing>
  <id>
   901368454
  </id>
  <name>
   Brooks Shoes S-4586
  </name>
  <category>
   Shoes
  </category>
  <size>
   XL
  </size>
  <color>
   Зеленый
  </color>
  <material>
   Шерсть
  </material>
  <price>
   824507
  </price>
  <rating>
   3.78
  </rating>
  <reviews>
   231292
  </reviews>
  <new>
   -
  </new>
 </clothing>
 <clothing>
  <id>
   994809255
  </id>
  <name>
   Fila Handbags L-7526
  </name>
  <category>
   Handbags
  </category>
  <size>
   XL
  </size>
  <color>
   Желтый
  </color>
  <material>
   Шерсть
  </material>
  <price>
   879683
  </price>
  <rating>
   2.46
  </rating>
  <reviews>
   829607
  </reviews>
  <new>
   -
  </new>
  <exclusive>
   yes
  </exclusive>
 </clothing>
 <clothing>
  <id>
   392420568
  </id>
  <name>
   PleinSport Socks S-1417
  </name>
  <category>
   Socks
  </category>
  <size>
   XXL
  </size>
  <color>
   Фиолетовый
  </color>
  <material>
   Нейлон
  </material>
  <price>
   551078
  </price>
  <rating>
   3.47
  </rating>
  <reviews>
   691453
  </reviews>
  <exclusive>
   no
  </exclusive>
  <sporty>
   no
  </sporty>
 </clothing>
 <clothing>
  <id>
   137926603
  </id>
  <name>
   New Balance Sweater B-6750
  </name>
  <category>
   Sweater
  </category>
  <size>
   XL
  </size>
  <color>
   Зеленый
  </color>
  <material>
   Шерсть
  </material>
  <price>
   833196
  </price>
  <rating>
   4.63
  </rating>
  <reviews>
   851793
  </reviews>
  <new>
   +
  </new>
  <exclusive>
   yes
  </exclusive>
 </clothing>
 <clothing>
  <id>
   936625498
  </id>
  <name>
   Puma Skirt Z-5615
  </name>
  <category>
   Skirt
  </category>
  <size>
   S
  </size>
  <color>
   Синий
  </color>
  <material>
   Шелк
  </material>
  <price>
   236151
  </price>
  <rating>
   3.62
  </rating>
  <reviews>
   545261
  </reviews>
  <exclusive>
   no
  </exclusive>
  <sporty>
   no
  </sporty>
 </clothing>
 <clothing>
  <id>
   896964382
  </id>
  <name>
   Adidas Jeans I-4620
  </name>
  <category>
   Jeans
  </category>
  <size>
   XXL
  </size>
  <color>
   Фиолетовый
  </color>
  <material>
   Шерсть
  </material>
  <price>
   738293
  </price>
  <rating>
   1.34
  </rating>
  <reviews>
   950464
  </reviews>
  <new>
   +
  </new>
  <exclusive>
   no
  </exclusive>
 </clothing>
 <clothing>
  <id>
   323568647
  </id>
  <name>
   Puma Umbrellas Z-5451
  </name>
  <category>
   Umbrellas
  </category>
  <size>
   L
  </size>
  <color>
   Красный
  </color>
  <material>
   Вискоза
  </material>
  <price>
   292860
  </price>
  <rating>
   3.56
  </rating>
  <reviews>
   853249
  </reviews>
  <new>
   -
  </new>
 </clothing>
 <clothing>
  <id>
   428120430
  </id>
  <name>
   New Balance Belts A-3103
  </name>
  <category>
   Belts
  </category>
  <size>
   S
  </size>
  <color>
   Оранжевый
  </color>
  <material>
   Шерсть
  </material>
  <price>
   208862
  </price>
  <rating>
   4.67
  </rating>
  <reviews>
   767322
  </reviews>
  <sporty>
   no
  </sporty>
 </clothing>
 <clothing>
  <id>
   166923719
  </id>
  <name>
   DC Jacket J-4698
  </name>
  <category>
   Jacket
  </category>
  <size>
   XXL
  </size>
  <color>
   Желтый
  </color>
  <material>
   Шерсть
  </material>
  <price>
   254659
  </price>
  <rating>
   1.5
  </rating>
  <reviews>
   238277
  </reviews>
  <exclusive>
   yes
  </exclusive>
  <sporty>
   no
  </sporty>
 </clothing>
 <clothing>
  <id>
   921574289
  </id>
  <name>
   Ellesse Pants J-8339
  </name>
  <category>
   Pants
  </category>
  <size>
   L
  </size>
  <color>
   Голубой
  </color>
  <material>
   Лен
  </material>
  <price>
   776594
  </price>
  <rating>
   4.78
  </rating>
  <reviews>
   550214
  </reviews>
  <sporty>
   no
  </sporty>
 </clothing>
 <clothing>
  <id>
   625737349
  </id>
  <name>
   Vans Shoes X-1128
  </name>
  <category>
   Shoes
  </category>
  <size>
   L
  </size>
  <color>
   Зеленый
  </color>
  <material>
   Вискоза
  </material>
  <price>
   526223
  </price>
  <rating>
   3.61
  </rating>
  <reviews>
   469372
  </reviews>
 </clothing>
 <clothing>
  <id>
   530134235
  </id>
  <name>
   Ellesse Handbags B-7514
  </name>
  <category>
   Handbags
  </category>
  <size>
   M
  </size>
  <color>
   Голубой
  </color>
  <material>
   Кожа
  </material>
  <price>
   747804
  </price>
  <rating>
   4.76
  </rating>
  <reviews>
   169764
  </reviews>
  <new>
   +
  </new>
 </clothing>
 <clothing>
  <id>
   164207916
  </id>
  <name>
   Brooks Jeans A-5954
  </name>
  <category>
   Jeans
  </category>
  <size>
   XXL
  </size>
  <color>
   Синий
  </color>
  <material>
   Вискоза
  </material>
  <price>
   817148
  </price>
  <rating>
   1.47
  </rating>
  <reviews>
   208530
  </reviews>
  <new>
   +
  </new>
  <sporty>
   no
  </sporty>
 </clothing>
 <clothing>
  <id>
   682829462
  </id>
  <name>
   New Balance Jeans F-3716
  </name>
  <category>
   Jeans
  </category>
  <size>
   XL
  </size>
  <color>
   Красный
  </color>
  <material>
   Вискоза
  </material>
  <price>
   614985
  </price>
  <rating>
   2.59
  </rating>
  <reviews>
   652706
  </reviews>
  <new>
   -
  </new>
  <exclusive>
   no
  </exclusive>
  <sporty>
   no
  </sporty>
 </clothing>
 <clothing>
  <id>
   490092389
  </id>
  <name>
   Puma Hat I-1547
  </name>
  <category>
   Hat
  </category>
  <size>
   XL
  </size>
  <color>
   Оранжевый
  </color>
  <material>
   Хлопок
  </material>
  <price>
   793673
  </price>
  <rating>
   3.83
  </rating>
  <reviews>
   660203
  </reviews>
  <sporty>
   no
  </sporty>
 </clothing>
 <clothing>
  <id>
   841282447
  </id>
  <name>
   Addidas Sweater W-4522
  </name>
  <category>
   Sweater
  </category>
  <size>
   M
  </size>
  <color>
   Синий
  </color>
  <material>
   Шелк
  </material>
  <price>
   832761
  </price>
  <rating>
   3.51
  </rating>
  <reviews>
   591981
  </reviews>
  <sporty>
   no
  </sporty>
 </clothing>
 <clothing>
  <id>
   168966971
  </id>
  <name>
   PleinSport Pants L-4219
  </name>
  <category>
   Pants
  </category>
  <size>
   L
  </size>
  <color>
   Синий
  </color>
  <material>
   Лен
  </material>
  <price>
   982708
  </price>
  <rating>
   3.21
  </rating>
  <reviews>
   165123
  </reviews>
  <exclusive>
   no
  </exclusive>
 </clothing>
 <clothing>
  <id>
   434487597
  </id>
  <name>
   Reebok Handbags O-4983
  </name>
  <category>
   Handbags
  </category>
  <size>
   XXL
  </size>
  <color>
   Красный
  </color>
  <material>
   Шелк
  </material>
  <price>
   366373
  </price>
  <rating>
   3.17
  </rating>
  <reviews>
   345015
  </reviews>
  <exclusive>
   no
  </exclusive>
 </clothing>
 <clothing>
  <id>
   997916493
  </id>
  <name>
   Addidas T-shirt S-6332
  </name>
  <category>
   T-shirt
  </category>
  <size>
   S
  </size>
  <color>
   Голубой
  </color>
  <material>
   Нейлон
  </material>
  <price>
   948507
  </price>
  <rating>
   3.64
  </rating>
  <reviews>
   117145
  </reviews>
  <new>
   +
  </new>
  <exclusive>
   yes
  </exclusive>
 </clothing>
 <clothing>
  <id>
   811218609
  </id>
  <name>
   Fila Umbrellas L-9916
  </name>
  <category>
   Umbrellas
  </category>
  <size>
   M
  </size>
  <color>
   Желтый
  </color>
  <material>
   Вискоза
  </material>
  <price>
   107283
  </price>
  <rating>
   1.19
  </rating>
  <reviews>
   899145
  </reviews>
  <sporty>
   no
  </sporty>
 </clothing>
 <clothing>
  <id>
   826397129
  </id>
  <name>
   Converse Gloves O-9744
  </name>
  <category>
   Gloves
  </category>
  <size>
   L
  </size>
  <color>
   Фиолетовый
  </color>
  <material>
   Нейлон
  </material>
  <price>
   422793
  </price>
  <rating>
   3.75
  </rating>
  <reviews>
   879641
  </reviews>
  <exclusive>
   no
  </exclusive>
  <sporty>
   yes
  </sporty>
 </clothing>
 <clothing>
  <id>
   809818360
  </id>
  <name>
   Fila Skirt R-7622
  </name>
  <category>
   Skirt
  </category>
  <size>
   S
  </size>
  <color>
   Голубой
  </color>
  <material>
   Полиэстер
  </material>
  <price>
   948172
  </price>
  <rating>
   3.57
  </rating>
  <reviews>
   592173
  </reviews>
  <sporty>
   yes
  </sporty>
 </clothing>
 <clothing>
  <id>
   611117331
  </id>
  <name>
   Converse Shoes W-5246
  </name>
  <category>
   Shoes
  </category>
  <size>
   XXL
  </size>
  <color>
   Зеленый
  </color>
  <material>
   Вискоза
  </material>
  <price>
   727085
  </price>
  <rating>
   2.59
  </rating>
  <reviews>
   709577
  </reviews>
  <new>
   +
  </new>
  <exclusive>
   no
  </exclusive>
  <sporty>
   yes
  </sporty>
 </clothing>
 <clothing>
  <id>
   897996739
  </id>
  <name>
   Fila T-shirt Z-9514
  </name>
  <category>
   T-shirt
  </category>
  <size>
   M
  </size>
  <color>
   Оранжевый
  </color>
  <material>
   Лен
  </material>
  <price>
   221573
  </price>
  <rating>
   3.31
  </rating>
  <reviews>
   786210
  </reviews>
  <new>
   +
  </new>
  <exclusive>
   no
  </exclusive>
  <sporty>
   no
  </sporty>
 </clothing>
 <clothing>
  <id>
   301921628
  </id>
  <name>
   Puma Jeans R-8601
  </name>
  <category>
   Jeans
  </category>
  <size>
   XXL
  </size>
  <color>
   Фиолетовый
  </color>
  <material>
   Шелк
  </material>
  <price>
   956879
  </price>
  <rating>
   4.56
  </rating>
  <reviews>
   488609
  </reviews>
  <new>
   +
  </new>
  <exclusive>
   yes
  </exclusive>
  <sporty>
   yes
  </sporty>
 </clothing>
</clothing-items>
