<?xml version="1.0" encoding="utf-8"?>
<clothing-items>
 <clothing>
  <id>
   938540843
  </id>
  <name>
   PleinSport Pants Y-8110
  </name>
  <category>
   Pants
  </category>
  <size>
   L
  </size>
  <color>
   Голубой
  </color>
  <material>
   Шелк
  </material>
  <price>
   446860
  </price>
  <rating>
   4.5
  </rating>
  <reviews>
   773149
  </reviews>
  <new>
   +
  </new>
  <exclusive>
   no
  </exclusive>
  <sporty>
   yes
  </sporty>
 </clothing>
 <clothing>
  <id>
   110271576
  </id>
  <name>
   PleinSport Jacket F-1459
  </name>
  <category>
   Jacket
  </category>
  <size>
   XL
  </size>
  <color>
   Голубой
  </color>
  <material>
   Шерсть
  </material>
  <price>
   735814
  </price>
  <rating>
   4.05
  </rating>
  <reviews>
   276628
  </reviews>
  <new>
   +
  </new>
  <exclusive>
   no
  </exclusive>
 </clothing>
 <clothing>
  <id>
   802570251
  </id>
  <name>
   Lacoste Belts T-2132
  </name>
  <category>
   Belts
  </category>
  <size>
   XXL
  </size>
  <color>
   Оранжевый
  </color>
  <material>
   Кожа
  </material>
  <price>
   490940
  </price>
  <rating>
   2.8
  </rating>
  <reviews>
   21813
  </reviews>
  <new>
   -
  </new>
  <sporty>
   no
  </sporty>
 </clothing>
 <clothing>
  <id>
   853302381
  </id>
  <name>
   Reebok Shoes L-3022
  </name>
  <category>
   Shoes
  </category>
  <size>
   XXL
  </size>
  <color>
   Синий
  </color>
  <material>
   Нейлон
  </material>
  <price>
   989615
  </price>
  <rating>
   1.4
  </rating>
  <reviews>
   501035
  </reviews>
  <new>
   -
  </new>
  <sporty>
   no
  </sporty>
 </clothing>
 <clothing>
  <id>
   266637014
  </id>
  <name>
   Puma Skirt C-8330
  </name>
  <category>
   Skirt
  </category>
  <size>
   L
  </size>
  <color>
   Голубой
  </color>
  <material>
   Шелк
  </material>
  <price>
   150498
  </price>
  <rating>
   3.3
  </rating>
  <reviews>
   144396
  </reviews>
  <new>
   +
  </new>
 </clothing>
 <clothing>
  <id>
   422178131
  </id>
  <name>
   Reebok Dress V-4926
  </name>
  <category>
   Dress
  </category>
  <size>
   L
  </size>
  <color>
   Голубой
  </color>
  <material>
   Полиэстер
  </material>
  <price>
   797483
  </price>
  <rating>
   1.91
  </rating>
  <reviews>
   197072
  </reviews>
  <exclusive>
   yes
  </exclusive>
  <sporty>
   yes
  </sporty>
 </clothing>
 <clothing>
  <id>
   709353777
  </id>
  <name>
   DC Pants D-6262
  </name>
  <category>
   Pants
  </category>
  <size>
   XXL
  </size>
  <color>
   Синий
  </color>
  <material>
   Кожа
  </material>
  <price>
   224544
  </price>
  <rating>
   2.08
  </rating>
  <reviews>
   322324
  </reviews>
 </clothing>
 <clothing>
  <id>
   292998390
  </id>
  <name>
   Under Armour Belts Y-8379
  </name>
  <category>
   Belts
  </category>
  <size>
   XL
  </size>
  <color>
   Оранжевый
  </color>
  <material>
   Полиэстер
  </material>
  <price>
   404603
  </price>
  <rating>
   4.06
  </rating>
  <reviews>
   200393
  </reviews>
  <sporty>
   yes
  </sporty>
 </clothing>
 <clothing>
  <id>
   648860715
  </id>
  <name>
   Puma Gloves I-4156
  </name>
  <category>
   Gloves
  </category>
  <size>
   M
  </size>
  <color>
   Голубой
  </color>
  <material>
   Шерсть
  </material>
  <price>
   521494
  </price>
  <rating>
   1.06
  </rating>
  <reviews>
   951110
  </reviews>
  <new>
   -
  </new>
  <exclusive>
   yes
  </exclusive>
 </clothing>
 <clothing>
  <id>
   238204118
  </id>
  <name>
   Addidas Sweater M-6455
  </name>
  <category>
   Sweater
  </category>
  <size>
   S
  </size>
  <color>
   Синий
  </color>
  <material>
   Хлопок
  </material>
  <price>
   461470
  </price>
  <rating>
   2.34
  </rating>
  <reviews>
   888354
  </reviews>
  <new>
   +
  </new>
  <exclusive>
   yes
  </exclusive>
  <sporty>
   yes
  </sporty>
 </clothing>
 <clothing>
  <id>
   500806396
  </id>
  <name>
   Puma Sweater H-6799
  </name>
  <category>
   Sweater
  </category>
  <size>
   XXL
  </size>
  <color>
   Оранжевый
  </color>
  <material>
   Лен
  </material>
  <price>
   417484
  </price>
  <rating>
   2.59
  </rating>
  <reviews>
   636105
  </reviews>
  <new>
   -
  </new>
  <exclusive>
   yes
  </exclusive>
  <sporty>
   no
  </sporty>
 </clothing>
 <clothing>
  <id>
   653532737
  </id>
  <name>
   Asics Jeans C-4168
  </name>
  <category>
   Jeans
  </category>
  <size>
   XXL
  </size>
  <color>
   Голубой
  </color>
  <material>
   Нейлон
  </material>
  <price>
   644014
  </price>
  <rating>
   3.48
  </rating>
  <reviews>
   853536
  </reviews>
  <new>
   -
  </new>
  <exclusive>
   yes
  </exclusive>
 </clothing>
 <clothing>
  <id>
   371695983
  </id>
  <name>
   Lacoste Handbags P-6297
  </name>
  <category>
   Handbags
  </category>
  <size>
   L
  </size>
  <color>
   Желтый
  </color>
  <material>
   Шелк
  </material>
  <price>
   725992
  </price>
  <rating>
   1.81
  </rating>
  <reviews>
   135172
  </reviews>
  <new>
   +
  </new>
  <exclusive>
   yes
  </exclusive>
  <sporty>
   yes
  </sporty>
 </clothing>
 <clothing>
  <id>
   963534238
  </id>
  <name>
   PleinSport Gloves W-4411
  </name>
  <category>
   Gloves
  </category>
  <size>
   XXL
  </size>
  <color>
   Красный
  </color>
  <material>
   Полиэстер
  </material>
  <price>
   596266
  </price>
  <rating>
   1.29
  </rating>
  <reviews>
   464859
  </reviews>
  <new>
   -
  </new>
  <exclusive>
   no
  </exclusive>
 </clothing>
 <clothing>
  <id>
   663018837
  </id>
  <name>
   Fila Pants Z-4598
  </name>
  <category>
   Pants
  </category>
  <size>
   XL
  </size>
  <color>
   Зеленый
  </color>
  <material>
   Лен
  </material>
  <price>
   513142
  </price>
  <rating>
   4.45
  </rating>
  <reviews>
   542971
  </reviews>
  <exclusive>
   no
  </exclusive>
  <sporty>
   yes
  </sporty>
 </clothing>
 <clothing>
  <id>
   111029268
  </id>
  <name>
   PleinSport Belts Q-9425
  </name>
  <category>
   Belts
  </category>
  <size>
   S
  </size>
  <color>
   Зеленый
  </color>
  <material>
   Кожа
  </material>
  <price>
   546196
  </price>
  <rating>
   3.5
  </rating>
  <reviews>
   739905
  </reviews>
  <new>
   +
  </new>
  <exclusive>
   no
  </exclusive>
  <sporty>
   no
  </sporty>
 </clothing>
 <clothing>
  <id>
   131776748
  </id>
  <name>
   Nike Shoes X-2208
  </name>
  <category>
   Shoes
  </category>
  <size>
   M
  </size>
  <color>
   Зеленый
  </color>
  <material>
   Шелк
  </material>
  <price>
   151859
  </price>
  <rating>
   2.14
  </rating>
  <reviews>
   306428
  </reviews>
  <new>
   +
  </new>
  <exclusive>
   yes
  </exclusive>
  <sporty>
   no
  </sporty>
 </clothing>
 <clothing>
  <id>
   757667662
  </id>
  <name>
   Under Armour T-shirt P-5006
  </name>
  <category>
   T-shirt
  </category>
  <size>
   L
  </size>
  <color>
   Зеленый
  </color>
  <material>
   Вискоза
  </material>
  <price>
   882647
  </price>
  <rating>
   4.61
  </rating>
  <reviews>
   387684
  </reviews>
  <new>
   +
  </new>
  <exclusive>
   no
  </exclusive>
  <sporty>
   yes
  </sporty>
 </clothing>
 <clothing>
  <id>
   229205800
  </id>
  <name>
   Vans Belts G-3026
  </name>
  <category>
   Belts
  </category>
  <size>
   S
  </size>
  <color>
   Зеленый
  </color>
  <material>
   Полиэстер
  </material>
  <price>
   778221
  </price>
  <rating>
   2.19
  </rating>
  <reviews>
   552316
  </reviews>
  <exclusive>
   yes
  </exclusive>
  <sporty>
   yes
  </sporty>
 </clothing>
 <clothing>
  <id>
   819864745
  </id>
  <name>
   Reebok Sweater K-8056
  </name>
  <category>
   Sweater
  </category>
  <size>
   XL
  </size>
  <color>
   Фиолетовый
  </color>
  <material>
   Полиэстер
  </material>
  <price>
   532192
  </price>
  <rating>
   2.77
  </rating>
  <reviews>
   813286
  </reviews>
  <new>
   -
  </new>
  <sporty>
   yes
  </sporty>
 </clothing>
 <clothing>
  <id>
   958706255
  </id>
  <name>
   Nike Handbags K-8818
  </name>
  <category>
   Handbags
  </category>
  <size>
   XL
  </size>
  <color>
   Красный
  </color>
  <material>
   Шерсть
  </material>
  <price>
   848864
  </price>
  <rating>
   3.14
  </rating>
  <reviews>
   842434
  </reviews>
  <new>
   -
  </new>
 </clothing>
 <clothing>
  <id>
   675040383
  </id>
  <name>
   Vans Pants Y-1457
  </name>
  <category>
   Pants
  </category>
  <size>
   M
  </size>
  <color>
   Зеленый
  </color>
  <material>
   Кожа
  </material>
  <price>
   326033
  </price>
  <rating>
   3.05
  </rating>
  <reviews>
   814943
  </reviews>
  <new>
   -
  </new>
  <exclusive>
   no
  </exclusive>
 </clothing>
 <clothing>
  <id>
   947868845
  </id>
  <name>
   DC Gloves Y-9025
  </name>
  <category>
   Gloves
  </category>
  <size>
   XL
  </size>
  <color>
   Синий
  </color>
  <material>
   Полиэстер
  </material>
  <price>
   258573
  </price>
  <rating>
   1.15
  </rating>
  <reviews>
   742728
  </reviews>
  <new>
   +
  </new>
  <exclusive>
   no
  </exclusive>
 </clothing>
 <clothing>
  <id>
   704508697
  </id>
  <name>
   Converse Sweater U-3089
  </name>
  <category>
   Sweater
  </category>
  <size>
   XXL
  </size>
  <color>
   Оранжевый
  </color>
  <material>
   Шерсть
  </material>
  <price>
   115232
  </price>
  <rating>
   2.08
  </rating>
  <reviews>
   632629
  </reviews>
  <new>
   -
  </new>
 </clothing>
 <clothing>
  <id>
   923338781
  </id>
  <name>
   Converse Shoes U-8380
  </name>
  <category>
   Shoes
  </category>
  <size>
   XXL
  </size>
  <color>
   Синий
  </color>
  <material>
   Шерсть
  </material>
  <price>
   855382
  </price>
  <rating>
   2.5
  </rating>
  <reviews>
   629870
  </reviews>
 </clothing>
 <clothing>
  <id>
   273850555
  </id>
  <name>
   Vans Handbags W-7245
  </name>
  <category>
   Handbags
  </category>
  <size>
   L
  </size>
  <color>
   Синий
  </color>
  <material>
   Полиэстер
  </material>
  <price>
   811775
  </price>
  <rating>
   3.12
  </rating>
  <reviews>
   295879
  </reviews>
  <new>
   -
  </new>
  <exclusive>
   yes
  </exclusive>
  <sporty>
   yes
  </sporty>
 </clothing>
 <clothing>
  <id>
   807836827
  </id>
  <name>
   New Balance Belts W-7590
  </name>
  <category>
   Belts
  </category>
  <size>
   S
  </size>
  <color>
   Красный
  </color>
  <material>
   Шерсть
  </material>
  <price>
   647791
  </price>
  <rating>
   3.23
  </rating>
  <reviews>
   502870
  </reviews>
  <new>
   -
  </new>
  <exclusive>
   no
  </exclusive>
  <sporty>
   no
  </sporty>
 </clothing>
 <clothing>
  <id>
   372920272
  </id>
  <name>
   New Balance T-shirt U-2200
  </name>
  <category>
   T-shirt
  </category>
  <size>
   L
  </size>
  <color>
   Оранжевый
  </color>
  <material>
   Вискоза
  </material>
  <price>
   490275
  </price>
  <rating>
   2.21
  </rating>
  <reviews>
   679379
  </reviews>
  <new>
   +
  </new>
 </clothing>
 <clothing>
  <id>
   662303348
  </id>
  <name>
   Addidas Socks M-8276
  </name>
  <category>
   Socks
  </category>
  <size>
   XXL
  </size>
  <color>
   Голубой
  </color>
  <material>
   Полиэстер
  </material>
  <price>
   565673
  </price>
  <rating>
   2.45
  </rating>
  <reviews>
   303021
  </reviews>
  <exclusive>
   no
  </exclusive>
  <sporty>
   no
  </sporty>
 </clothing>
</clothing-items>
