<?xml version="1.0" encoding="utf-8"?>
<clothing-items>
 <clothing>
  <id>
   397790700
  </id>
  <name>
   Converse Skirt S-9870
  </name>
  <category>
   Skirt
  </category>
  <size>
   XXL
  </size>
  <color>
   Зеленый
  </color>
  <material>
   Шелк
  </material>
  <price>
   308300
  </price>
  <rating>
   4.56
  </rating>
  <reviews>
   176362
  </reviews>
  <new>
   +
  </new>
  <exclusive>
   no
  </exclusive>
  <sporty>
   no
  </sporty>
 </clothing>
 <clothing>
  <id>
   664865453
  </id>
  <name>
   Addidas Hat W-9979
  </name>
  <category>
   Hat
  </category>
  <size>
   S
  </size>
  <color>
   Красный
  </color>
  <material>
   Полиэстер
  </material>
  <price>
   273929
  </price>
  <rating>
   4.33
  </rating>
  <reviews>
   460052
  </reviews>
  <new>
   -
  </new>
  <exclusive>
   no
  </exclusive>
 </clothing>
 <clothing>
  <id>
   755070535
  </id>
  <name>
   Converse Pants H-4311
  </name>
  <category>
   Pants
  </category>
  <size>
   L
  </size>
  <color>
   Желтый
  </color>
  <material>
   Нейлон
  </material>
  <price>
   534164
  </price>
  <rating>
   2.45
  </rating>
  <reviews>
   170846
  </reviews>
  <exclusive>
   no
  </exclusive>
  <sporty>
   yes
  </sporty>
 </clothing>
 <clothing>
  <id>
   426838879
  </id>
  <name>
   Lacoste Handbags Y-2346
  </name>
  <category>
   Handbags
  </category>
  <size>
   M
  </size>
  <color>
   Желтый
  </color>
  <material>
   Шелк
  </material>
  <price>
   785210
  </price>
  <rating>
   4.15
  </rating>
  <reviews>
   23024
  </reviews>
  <new>
   +
  </new>
  <sporty>
   no
  </sporty>
 </clothing>
 <clothing>
  <id>
   111768237
  </id>
  <name>
   PleinSport Skirt C-2703
  </name>
  <category>
   Skirt
  </category>
  <size>
   L
  </size>
  <color>
   Желтый
  </color>
  <material>
   Полиэстер
  </material>
  <price>
   385482
  </price>
  <rating>
   4.74
  </rating>
  <reviews>
   28938
  </reviews>
  <new>
   -
  </new>
  <sporty>
   no
  </sporty>
 </clothing>
 <clothing>
  <id>
   122909647
  </id>
  <name>
   Lacoste Skirt S-5924
  </name>
  <category>
   Skirt
  </category>
  <size>
   XL
  </size>
  <color>
   Красный
  </color>
  <material>
   Вискоза
  </material>
  <price>
   821452
  </price>
  <rating>
   3.81
  </rating>
  <reviews>
   358938
  </reviews>
  <new>
   +
  </new>
  <sporty>
   yes
  </sporty>
 </clothing>
 <clothing>
  <id>
   976481282
  </id>
  <name>
   Addidas Jacket A-5847
  </name>
  <category>
   Jacket
  </category>
  <size>
   S
  </size>
  <color>
   Оранжевый
  </color>
  <material>
   Шерсть
  </material>
  <price>
   119634
  </price>
  <rating>
   2.45
  </rating>
  <reviews>
   573026
  </reviews>
  <new>
   +
  </new>
  <sporty>
   yes
  </sporty>
 </clothing>
 <clothing>
  <id>
   702729892
  </id>
  <name>
   DC Jeans C-8745
  </name>
  <category>
   Jeans
  </category>
  <size>
   M
  </size>
  <color>
   Оранжевый
  </color>
  <material>
   Полиэстер
  </material>
  <price>
   206906
  </price>
  <rating>
   1.86
  </rating>
  <reviews>
   803970
  </reviews>
  <new>
   -
  </new>
  <exclusive>
   yes
  </exclusive>
 </clothing>
 <clothing>
  <id>
   517525376
  </id>
  <name>
   Puma T-shirt W-2821
  </name>
  <category>
   T-shirt
  </category>
  <size>
   XL
  </size>
  <color>
   Зеленый
  </color>
  <material>
   Хлопок
  </material>
  <price>
   427728
  </price>
  <rating>
   4.54
  </rating>
  <reviews>
   814017
  </reviews>
  <new>
   +
  </new>
  <exclusive>
   yes
  </exclusive>
  <sporty>
   no
  </sporty>
 </clothing>
 <clothing>
  <id>
   422450414
  </id>
  <name>
   New Balance Socks D-3558
  </name>
  <category>
   Socks
  </category>
  <size>
   S
  </size>
  <color>
   Зеленый
  </color>
  <material>
   Вискоза
  </material>
  <price>
   116456
  </price>
  <rating>
   3.32
  </rating>
  <reviews>
   385503
  </reviews>
  <new>
   -
  </new>
  <exclusive>
   yes
  </exclusive>
 </clothing>
 <clothing>
  <id>
   265280055
  </id>
  <name>
   Puma Skirt V-7910
  </name>
  <category>
   Skirt
  </category>
  <size>
   XL
  </size>
  <color>
   Синий
  </color>
  <material>
   Полиэстер
  </material>
  <price>
   225199
  </price>
  <rating>
   2.51
  </rating>
  <reviews>
   190160
  </reviews>
  <new>
   -
  </new>
  <exclusive>
   no
  </exclusive>
  <sporty>
   no
  </sporty>
 </clothing>
 <clothing>
  <id>
   767514520
  </id>
  <name>
   Converse Pants H-4934
  </name>
  <category>
   Pants
  </category>
  <size>
   L
  </size>
  <color>
   Желтый
  </color>
  <material>
   Лен
  </material>
  <price>
   816907
  </price>
  <rating>
   2.53
  </rating>
  <reviews>
   939976
  </reviews>
  <new>
   +
  </new>
  <exclusive>
   no
  </exclusive>
 </clothing>
 <clothing>
  <id>
   258845020
  </id>
  <name>
   Converse Hat C-5973
  </name>
  <category>
   Hat
  </category>
  <size>
   L
  </size>
  <color>
   Синий
  </color>
  <material>
   Нейлон
  </material>
  <price>
   804339
  </price>
  <rating>
   4.86
  </rating>
  <reviews>
   585210
  </reviews>
  <new>
   -
  </new>
  <exclusive>
   no
  </exclusive>
 </clothing>
 <clothing>
  <id>
   361632572
  </id>
  <name>
   Fila Gloves J-5879
  </name>
  <category>
   Gloves
  </category>
  <size>
   M
  </size>
  <color>
   Оранжевый
  </color>
  <material>
   Полиэстер
  </material>
  <price>
   361892
  </price>
  <rating>
   3.74
  </rating>
  <reviews>
   384243
  </reviews>
  <exclusive>
   yes
  </exclusive>
  <sporty>
   no
  </sporty>
 </clothing>
 <clothing>
  <id>
   656646251
  </id>
  <name>
   Ellesse T-shirt B-7529
  </name>
  <category>
   T-shirt
  </category>
  <size>
   XXL
  </size>
  <color>
   Зеленый
  </color>
  <material>
   Кожа
  </material>
  <price>
   475671
  </price>
  <rating>
   2.78
  </rating>
  <reviews>
   910127
  </reviews>
  <new>
   -
  </new>
  <exclusive>
   yes
  </exclusive>
 </clothing>
 <clothing>
  <id>
   821514820
  </id>
  <name>
   Converse T-shirt P-5073
  </name>
  <category>
   T-shirt
  </category>
  <size>
   M
  </size>
  <color>
   Оранжевый
  </color>
  <material>
   Шелк
  </material>
  <price>
   957032
  </price>
  <rating>
   2.08
  </rating>
  <reviews>
   830139
  </reviews>
  <sporty>
   yes
  </sporty>
 </clothing>
 <clothing>
  <id>
   519029507
  </id>
  <name>
   Puma Gloves O-3077
  </name>
  <category>
   Gloves
  </category>
  <size>
   XL
  </size>
  <color>
   Синий
  </color>
  <material>
   Лен
  </material>
  <price>
   442362
  </price>
  <rating>
   4.03
  </rating>
  <reviews>
   572445
  </reviews>
 </clothing>
 <clothing>
  <id>
   943270383
  </id>
  <name>
   PleinSport T-shirt Z-4515
  </name>
  <category>
   T-shirt
  </category>
  <size>
   XL
  </size>
  <color>
   Красный
  </color>
  <material>
   Кожа
  </material>
  <price>
   171230
  </price>
  <rating>
   3.06
  </rating>
  <reviews>
   623537
  </reviews>
  <new>
   -
  </new>
  <sporty>
   yes
  </sporty>
 </clothing>
 <clothing>
  <id>
   435344341
  </id>
  <name>
   Puma Shoes K-2347
  </name>
  <category>
   Shoes
  </category>
  <size>
   XL
  </size>
  <color>
   Голубой
  </color>
  <material>
   Шелк
  </material>
  <price>
   786201
  </price>
  <rating>
   3.08
  </rating>
  <reviews>
   927290
  </reviews>
  <exclusive>
   no
  </exclusive>
  <sporty>
   yes
  </sporty>
 </clothing>
 <clothing>
  <id>
   652202080
  </id>
  <name>
   Addidas Jacket L-3842
  </name>
  <category>
   Jacket
  </category>
  <size>
   M
  </size>
  <color>
   Желтый
  </color>
  <material>
   Кожа
  </material>
  <price>
   879653
  </price>
  <rating>
   4.68
  </rating>
  <reviews>
   206427
  </reviews>
  <exclusive>
   no
  </exclusive>
  <sporty>
   yes
  </sporty>
 </clothing>
</clothing-items>
