<?xml version="1.0" encoding="utf-8"?>
<clothing-items>
 <clothing>
  <id>
   529796753
  </id>
  <name>
   Under Armour Jeans M-4464
  </name>
  <category>
   Jeans
  </category>
  <size>
   XXL
  </size>
  <color>
   Желтый
  </color>
  <material>
   Лен
  </material>
  <price>
   872412
  </price>
  <rating>
   2.93
  </rating>
  <reviews>
   867932
  </reviews>
  <exclusive>
   no
  </exclusive>
  <sporty>
   yes
  </sporty>
 </clothing>
 <clothing>
  <id>
   597306517
  </id>
  <name>
   New Balance Hat J-9665
  </name>
  <category>
   Hat
  </category>
  <size>
   M
  </size>
  <color>
   Голубой
  </color>
  <material>
   Нейлон
  </material>
  <price>
   904368
  </price>
  <rating>
   1.93
  </rating>
  <reviews>
   687106
  </reviews>
  <new>
   -
  </new>
  <exclusive>
   no
  </exclusive>
  <sporty>
   no
  </sporty>
 </clothing>
 <clothing>
  <id>
   282116608
  </id>
  <name>
   DC Umbrellas B-2032
  </name>
  <category>
   Umbrellas
  </category>
  <size>
   L
  </size>
  <color>
   Оранжевый
  </color>
  <material>
   Шерсть
  </material>
  <price>
   206952
  </price>
  <rating>
   4.73
  </rating>
  <reviews>
   174912
  </reviews>
 </clothing>
 <clothing>
  <id>
   991184031
  </id>
  <name>
   Vans Hat P-1700
  </name>
  <category>
   Hat
  </category>
  <size>
   M
  </size>
  <color>
   Фиолетовый
  </color>
  <material>
   Вискоза
  </material>
  <price>
   623071
  </price>
  <rating>
   1.19
  </rating>
  <reviews>
   382272
  </reviews>
 </clothing>
 <clothing>
  <id>
   169454776
  </id>
  <name>
   Fila Blouse I-7921
  </name>
  <category>
   Blouse
  </category>
  <size>
   S
  </size>
  <color>
   Зеленый
  </color>
  <material>
   Вискоза
  </material>
  <price>
   615600
  </price>
  <rating>
   4.45
  </rating>
  <reviews>
   273746
  </reviews>
  <new>
   -
  </new>
  <sporty>
   no
  </sporty>
 </clothing>
 <clothing>
  <id>
   755829235
  </id>
  <name>
   Ellesse Socks E-1542
  </name>
  <category>
   Socks
  </category>
  <size>
   L
  </size>
  <color>
   Зеленый
  </color>
  <material>
   Вискоза
  </material>
  <price>
   144695
  </price>
  <rating>
   3.45
  </rating>
  <reviews>
   141802
  </reviews>
  <new>
   +
  </new>
  <exclusive>
   no
  </exclusive>
 </clothing>
 <clothing>
  <id>
   489346041
  </id>
  <name>
   Converse Sweater L-9537
  </name>
  <category>
   Sweater
  </category>
  <size>
   XXL
  </size>
  <color>
   Фиолетовый
  </color>
  <material>
   Лен
  </material>
  <price>
   750695
  </price>
  <rating>
   1.57
  </rating>
  <reviews>
   334849
  </reviews>
  <exclusive>
   yes
  </exclusive>
 </clothing>
 <clothing>
  <id>
   930850593
  </id>
  <name>
   Reebok Gloves G-2459
  </name>
  <category>
   Gloves
  </category>
  <size>
   XL
  </size>
  <color>
   Красный
  </color>
  <material>
   Нейлон
  </material>
  <price>
   532010
  </price>
  <rating>
   1.92
  </rating>
  <reviews>
   759260
  </reviews>
  <new>
   -
  </new>
  <exclusive>
   no
  </exclusive>
 </clothing>
 <clothing>
  <id>
   710236409
  </id>
  <name>
   Addidas Blouse I-7117
  </name>
  <category>
   Blouse
  </category>
  <size>
   XL
  </size>
  <color>
   Желтый
  </color>
  <material>
   Полиэстер
  </material>
  <price>
   277809
  </price>
  <rating>
   4.97
  </rating>
  <reviews>
   852191
  </reviews>
  <new>
   -
  </new>
  <sporty>
   yes
  </sporty>
 </clothing>
 <clothing>
  <id>
   959415291
  </id>
  <name>
   Fila T-shirt H-8854
  </name>
  <category>
   T-shirt
  </category>
  <size>
   XXL
  </size>
  <color>
   Синий
  </color>
  <material>
   Шерсть
  </material>
  <price>
   528821
  </price>
  <rating>
   2.5
  </rating>
  <reviews>
   551932
  </reviews>
  <new>
   -
  </new>
  <exclusive>
   no
  </exclusive>
 </clothing>
 <clothing>
  <id>
   380708315
  </id>
  <name>
   Reebok Belts M-9726
  </name>
  <category>
   Belts
  </category>
  <size>
   XL
  </size>
  <color>
   Оранжевый
  </color>
  <material>
   Шелк
  </material>
  <price>
   747122
  </price>
  <rating>
   4.05
  </rating>
  <reviews>
   593958
  </reviews>
  <new>
   +
  </new>
  <exclusive>
   no
  </exclusive>
  <sporty>
   no
  </sporty>
 </clothing>
 <clothing>
  <id>
   328169205
  </id>
  <name>
   Vans Handbags A-4104
  </name>
  <category>
   Handbags
  </category>
  <size>
   XXL
  </size>
  <color>
   Синий
  </color>
  <material>
   Кожа
  </material>
  <price>
   834329
  </price>
  <rating>
   4.97
  </rating>
  <reviews>
   753322
  </reviews>
  <new>
   +
  </new>
  <sporty>
   no
  </sporty>
 </clothing>
 <clothing>
  <id>
   444930645
  </id>
  <name>
   Nike Gloves I-6308
  </name>
  <category>
   Gloves
  </category>
  <size>
   L
  </size>
  <color>
   Зеленый
  </color>
  <material>
   Хлопок
  </material>
  <price>
   301356
  </price>
  <rating>
   4.39
  </rating>
  <reviews>
   493902
  </reviews>
  <exclusive>
   no
  </exclusive>
  <sporty>
   yes
  </sporty>
 </clothing>
 <clothing>
  <id>
   790128473
  </id>
  <name>
   Nike Blouse D-6068
  </name>
  <category>
   Blouse
  </category>
  <size>
   XXL
  </size>
  <color>
   Красный
  </color>
  <material>
   Хлопок
  </material>
  <price>
   877476
  </price>
  <rating>
   1.76
  </rating>
  <reviews>
   1472
  </reviews>
  <new>
   +
  </new>
  <sporty>
   no
  </sporty>
 </clothing>
 <clothing>
  <id>
   354501433
  </id>
  <name>
   Brooks Umbrellas F-4372
  </name>
  <category>
   Umbrellas
  </category>
  <size>
   M
  </size>
  <color>
   Голубой
  </color>
  <material>
   Вискоза
  </material>
  <price>
   529575
  </price>
  <rating>
   4.75
  </rating>
  <reviews>
   74332
  </reviews>
  <new>
   -
  </new>
 </clothing>
 <clothing>
  <id>
   970458956
  </id>
  <name>
   Nike Jeans T-1918
  </name>
  <category>
   Jeans
  </category>
  <size>
   XL
  </size>
  <color>
   Оранжевый
  </color>
  <material>
   Вискоза
  </material>
  <price>
   150318
  </price>
  <rating>
   2.23
  </rating>
  <reviews>
   623996
  </reviews>
  <new>
   -
  </new>
  <sporty>
   yes
  </sporty>
 </clothing>
 <clothing>
  <id>
   952535885
  </id>
  <name>
   PleinSport Jeans Y-5658
  </name>
  <category>
   Jeans
  </category>
  <size>
   L
  </size>
  <color>
   Красный
  </color>
  <material>
   Вискоза
  </material>
  <price>
   701633
  </price>
  <rating>
   3.03
  </rating>
  <reviews>
   769984
  </reviews>
  <new>
   -
  </new>
  <exclusive>
   yes
  </exclusive>
 </clothing>
 <clothing>
  <id>
   306054770
  </id>
  <name>
   PleinSport Belts V-9373
  </name>
  <category>
   Belts
  </category>
  <size>
   S
  </size>
  <color>
   Фиолетовый
  </color>
  <material>
   Полиэстер
  </material>
  <price>
   370827
  </price>
  <rating>
   4.81
  </rating>
  <reviews>
   565702
  </reviews>
  <new>
   +
  </new>
  <exclusive>
   no
  </exclusive>
  <sporty>
   no
  </sporty>
 </clothing>
 <clothing>
  <id>
   314889805
  </id>
  <name>
   Adidas Umbrellas I-5892
  </name>
  <category>
   Umbrellas
  </category>
  <size>
   S
  </size>
  <color>
   Зеленый
  </color>
  <material>
   Нейлон
  </material>
  <price>
   184575
  </price>
  <rating>
   3.18
  </rating>
  <reviews>
   767714
  </reviews>
  <new>
   -
  </new>
  <exclusive>
   no
  </exclusive>
 </clothing>
 <clothing>
  <id>
   757612151
  </id>
  <name>
   Adidas Hat X-7386
  </name>
  <category>
   Hat
  </category>
  <size>
   XXL
  </size>
  <color>
   Красный
  </color>
  <material>
   Шелк
  </material>
  <price>
   118492
  </price>
  <rating>
   1.97
  </rating>
  <reviews>
   492121
  </reviews>
  <new>
   -
  </new>
  <exclusive>
   yes
  </exclusive>
  <sporty>
   yes
  </sporty>
 </clothing>
 <clothing>
  <id>
   138537647
  </id>
  <name>
   Reebok Blouse O-3937
  </name>
  <category>
   Blouse
  </category>
  <size>
   XL
  </size>
  <color>
   Синий
  </color>
  <material>
   Шерсть
  </material>
  <price>
   830994
  </price>
  <rating>
   1.91
  </rating>
  <reviews>
   986347
  </reviews>
  <new>
   -
  </new>
  <exclusive>
   yes
  </exclusive>
  <sporty>
   no
  </sporty>
 </clothing>
 <clothing>
  <id>
   695605769
  </id>
  <name>
   Nike Handbags B-2258
  </name>
  <category>
   Handbags
  </category>
  <size>
   XL
  </size>
  <color>
   Желтый
  </color>
  <material>
   Кожа
  </material>
  <price>
   406515
  </price>
  <rating>
   3.33
  </rating>
  <reviews>
   309387
  </reviews>
  <new>
   -
  </new>
  <exclusive>
   no
  </exclusive>
  <sporty>
   no
  </sporty>
 </clothing>
 <clothing>
  <id>
   135359844
  </id>
  <name>
   Reebok Pants F-3864
  </name>
  <category>
   Pants
  </category>
  <size>
   XXL
  </size>
  <color>
   Фиолетовый
  </color>
  <material>
   Шелк
  </material>
  <price>
   103582
  </price>
  <rating>
   3.12
  </rating>
  <reviews>
   366480
  </reviews>
  <exclusive>
   no
  </exclusive>
  <sporty>
   no
  </sporty>
 </clothing>
 <clothing>
  <id>
   661361445
  </id>
  <name>
   Nike Sweater N-9905
  </name>
  <category>
   Sweater
  </category>
  <size>
   XXL
  </size>
  <color>
   Фиолетовый
  </color>
  <material>
   Кожа
  </material>
  <price>
   527192
  </price>
  <rating>
   2.67
  </rating>
  <reviews>
   171450
  </reviews>
  <new>
   -
  </new>
  <exclusive>
   no
  </exclusive>
  <sporty>
   yes
  </sporty>
 </clothing>
 <clothing>
  <id>
   406410539
  </id>
  <name>
   Brooks T-shirt M-1097
  </name>
  <category>
   T-shirt
  </category>
  <size>
   L
  </size>
  <color>
   Зеленый
  </color>
  <material>
   Нейлон
  </material>
  <price>
   319849
  </price>
  <rating>
   1.13
  </rating>
  <reviews>
   919705
  </reviews>
  <new>
   -
  </new>
  <sporty>
   no
  </sporty>
 </clothing>
 <clothing>
  <id>
   930856007
  </id>
  <name>
   DC Umbrellas K-5048
  </name>
  <category>
   Umbrellas
  </category>
  <size>
   M
  </size>
  <color>
   Желтый
  </color>
  <material>
   Шелк
  </material>
  <price>
   513865
  </price>
  <rating>
   1.72
  </rating>
  <reviews>
   606040
  </reviews>
  <new>
   -
  </new>
  <exclusive>
   no
  </exclusive>
  <sporty>
   yes
  </sporty>
 </clothing>
 <clothing>
  <id>
   981200650
  </id>
  <name>
   Fila Pants Y-3255
  </name>
  <category>
   Pants
  </category>
  <size>
   L
  </size>
  <color>
   Голубой
  </color>
  <material>
   Хлопок
  </material>
  <price>
   351302
  </price>
  <rating>
   4.06
  </rating>
  <reviews>
   242139
  </reviews>
  <new>
   -
  </new>
 </clothing>
 <clothing>
  <id>
   198213715
  </id>
  <name>
   DC T-shirt Y-4105
  </name>
  <category>
   T-shirt
  </category>
  <size>
   XXL
  </size>
  <color>
   Оранжевый
  </color>
  <material>
   Шелк
  </material>
  <price>
   187849
  </price>
  <rating>
   4.56
  </rating>
  <reviews>
   365350
  </reviews>
  <new>
   +
  </new>
  <exclusive>
   no
  </exclusive>
  <sporty>
   yes
  </sporty>
 </clothing>
 <clothing>
  <id>
   142303126
  </id>
  <name>
   Puma T-shirt G-7436
  </name>
  <category>
   T-shirt
  </category>
  <size>
   M
  </size>
  <color>
   Оранжевый
  </color>
  <material>
   Нейлон
  </material>
  <price>
   784440
  </price>
  <rating>
   4.99
  </rating>
  <reviews>
   650773
  </reviews>
  <new>
   +
  </new>
  <sporty>
   no
  </sporty>
 </clothing>
 <clothing>
  <id>
   259014140
  </id>
  <name>
   Brooks T-shirt N-4217
  </name>
  <category>
   T-shirt
  </category>
  <size>
   M
  </size>
  <color>
   Голубой
  </color>
  <material>
   Шелк
  </material>
  <price>
   895480
  </price>
  <rating>
   1.89
  </rating>
  <reviews>
   156629
  </reviews>
  <new>
   -
  </new>
  <sporty>
   yes
  </sporty>
 </clothing>
 <clothing>
  <id>
   596673991
  </id>
  <name>
   Reebok Sweater X-1173
  </name>
  <category>
   Sweater
  </category>
  <size>
   L
  </size>
  <color>
   Синий
  </color>
  <material>
   Вискоза
  </material>
  <price>
   149262
  </price>
  <rating>
   4.17
  </rating>
  <reviews>
   384203
  </reviews>
  <new>
   +
  </new>
  <sporty>
   yes
  </sporty>
 </clothing>
 <clothing>
  <id>
   800148453
  </id>
  <name>
   PleinSport Blouse L-2867
  </name>
  <category>
   Blouse
  </category>
  <size>
   L
  </size>
  <color>
   Красный
  </color>
  <material>
   Лен
  </material>
  <price>
   256406
  </price>
  <rating>
   4.06
  </rating>
  <reviews>
   204865
  </reviews>
  <sporty>
   yes
  </sporty>
 </clothing>
 <clothing>
  <id>
   539378908
  </id>
  <name>
   PleinSport Blouse I-9282
  </name>
  <category>
   Blouse
  </category>
  <size>
   XXL
  </size>
  <color>
   Фиолетовый
  </color>
  <material>
   Лен
  </material>
  <price>
   539922
  </price>
  <rating>
   3.29
  </rating>
  <reviews>
   175792
  </reviews>
  <new>
   +
  </new>
 </clothing>
 <clothing>
  <id>
   849502438
  </id>
  <name>
   New Balance Gloves H-6151
  </name>
  <category>
   Gloves
  </category>
  <size>
   XL
  </size>
  <color>
   Фиолетовый
  </color>
  <material>
   Лен
  </material>
  <price>
   385995
  </price>
  <rating>
   3.57
  </rating>
  <reviews>
   143588
  </reviews>
  <exclusive>
   yes
  </exclusive>
  <sporty>
   yes
  </sporty>
 </clothing>
 <clothing>
  <id>
   509025968
  </id>
  <name>
   New Balance Gloves Q-3608
  </name>
  <category>
   Gloves
  </category>
  <size>
   XL
  </size>
  <color>
   Желтый
  </color>
  <material>
   Полиэстер
  </material>
  <price>
   136467
  </price>
  <rating>
   1.07
  </rating>
  <reviews>
   527520
  </reviews>
  <exclusive>
   yes
  </exclusive>
  <sporty>
   yes
  </sporty>
 </clothing>
 <clothing>
  <id>
   248039563
  </id>
  <name>
   Fila Belts P-1703
  </name>
  <category>
   Belts
  </category>
  <size>
   XL
  </size>
  <color>
   Оранжевый
  </color>
  <material>
   Лен
  </material>
  <price>
   643851
  </price>
  <rating>
   1.43
  </rating>
  <reviews>
   641946
  </reviews>
  <new>
   -
  </new>
  <exclusive>
   no
  </exclusive>
  <sporty>
   no
  </sporty>
 </clothing>
 <clothing>
  <id>
   749926198
  </id>
  <name>
   Reebok Jeans H-1148
  </name>
  <category>
   Jeans
  </category>
  <size>
   M
  </size>
  <color>
   Фиолетовый
  </color>
  <material>
   Хлопок
  </material>
  <price>
   747839
  </price>
  <rating>
   2.7
  </rating>
  <reviews>
   188946
  </reviews>
  <exclusive>
   no
  </exclusive>
  <sporty>
   yes
  </sporty>
 </clothing>
</clothing-items>
