<?xml version="1.0" encoding="utf-8"?>
<clothing-items>
 <clothing>
  <id>
   102640452
  </id>
  <name>
   Reebok Handbags E-6050
  </name>
  <category>
   Handbags
  </category>
  <size>
   S
  </size>
  <color>
   Красный
  </color>
  <material>
   Лен
  </material>
  <price>
   945949
  </price>
  <rating>
   2.79
  </rating>
  <reviews>
   418273
  </reviews>
  <new>
   -
  </new>
  <exclusive>
   no
  </exclusive>
  <sporty>
   yes
  </sporty>
 </clothing>
 <clothing>
  <id>
   653961157
  </id>
  <name>
   Vans Umbrellas G-8804
  </name>
  <category>
   Umbrellas
  </category>
  <size>
   XXL
  </size>
  <color>
   Голубой
  </color>
  <material>
   Шерсть
  </material>
  <price>
   545332
  </price>
  <rating>
   3.41
  </rating>
  <reviews>
   932179
  </reviews>
  <new>
   -
  </new>
  <exclusive>
   no
  </exclusive>
  <sporty>
   no
  </sporty>
 </clothing>
 <clothing>
  <id>
   546193701
  </id>
  <name>
   Asics Hat P-3589
  </name>
  <category>
   Hat
  </category>
  <size>
   L
  </size>
  <color>
   Фиолетовый
  </color>
  <material>
   Шелк
  </material>
  <price>
   394985
  </price>
  <rating>
   2.91
  </rating>
  <reviews>
   179083
  </reviews>
  <exclusive>
   no
  </exclusive>
 </clothing>
 <clothing>
  <id>
   322612800
  </id>
  <name>
   Asics Pants I-6872
  </name>
  <category>
   Pants
  </category>
  <size>
   XL
  </size>
  <color>
   Желтый
  </color>
  <material>
   Вискоза
  </material>
  <price>
   938730
  </price>
  <rating>
   3.84
  </rating>
  <reviews>
   826990
  </reviews>
  <sporty>
   yes
  </sporty>
 </clothing>
 <clothing>
  <id>
   342170128
  </id>
  <name>
   Lacoste Skirt T-8888
  </name>
  <category>
   Skirt
  </category>
  <size>
   M
  </size>
  <color>
   Желтый
  </color>
  <material>
   Шерсть
  </material>
  <price>
   849084
  </price>
  <rating>
   1.3
  </rating>
  <reviews>
   340340
  </reviews>
  <exclusive>
   yes
  </exclusive>
 </clothing>
 <clothing>
  <id>
   886937205
  </id>
  <name>
   Brooks Belts X-7748
  </name>
  <category>
   Belts
  </category>
  <size>
   M
  </size>
  <color>
   Синий
  </color>
  <material>
   Лен
  </material>
  <price>
   707917
  </price>
  <rating>
   3.08
  </rating>
  <reviews>
   766767
  </reviews>
  <exclusive>
   no
  </exclusive>
 </clothing>
 <clothing>
  <id>
   788075101
  </id>
  <name>
   Reebok Pants J-7302
  </name>
  <category>
   Pants
  </category>
  <size>
   S
  </size>
  <color>
   Красный
  </color>
  <material>
   Вискоза
  </material>
  <price>
   136125
  </price>
  <rating>
   2.65
  </rating>
  <reviews>
   990087
  </reviews>
  <new>
   -
  </new>
  <sporty>
   no
  </sporty>
 </clothing>
 <clothing>
  <id>
   826349953
  </id>
  <name>
   Ellesse T-shirt Y-5055
  </name>
  <category>
   T-shirt
  </category>
  <size>
   S
  </size>
  <color>
   Зеленый
  </color>
  <material>
   Нейлон
  </material>
  <price>
   890640
  </price>
  <rating>
   4.78
  </rating>
  <reviews>
   800469
  </reviews>
  <new>
   -
  </new>
  <exclusive>
   no
  </exclusive>
  <sporty>
   yes
  </sporty>
 </clothing>
 <clothing>
  <id>
   569489696
  </id>
  <name>
   DC Dress X-6493
  </name>
  <category>
   Dress
  </category>
  <size>
   M
  </size>
  <color>
   Красный
  </color>
  <material>
   Нейлон
  </material>
  <price>
   703968
  </price>
  <rating>
   3.6
  </rating>
  <reviews>
   165670
  </reviews>
  <new>
   -
  </new>
  <sporty>
   yes
  </sporty>
 </clothing>
 <clothing>
  <id>
   136225498
  </id>
  <name>
   Puma Jacket A-3935
  </name>
  <category>
   Jacket
  </category>
  <size>
   XXL
  </size>
  <color>
   Синий
  </color>
  <material>
   Кожа
  </material>
  <price>
   321581
  </price>
  <rating>
   4.07
  </rating>
  <reviews>
   668023
  </reviews>
  <exclusive>
   yes
  </exclusive>
  <sporty>
   yes
  </sporty>
 </clothing>
 <clothing>
  <id>
   862556843
  </id>
  <name>
   DC Skirt U-1671
  </name>
  <category>
   Skirt
  </category>
  <size>
   XXL
  </size>
  <color>
   Зеленый
  </color>
  <material>
   Полиэстер
  </material>
  <price>
   655178
  </price>
  <rating>
   1.49
  </rating>
  <reviews>
   679981
  </reviews>
  <new>
   -
  </new>
  <exclusive>
   no
  </exclusive>
 </clothing>
 <clothing>
  <id>
   830952363
  </id>
  <name>
   Brooks Shirt R-4557
  </name>
  <category>
   Shirt
  </category>
  <size>
   L
  </size>
  <color>
   Голубой
  </color>
  <material>
   Шелк
  </material>
  <price>
   116597
  </price>
  <rating>
   1.11
  </rating>
  <reviews>
   548023
  </reviews>
  <new>
   +
  </new>
  <exclusive>
   yes
  </exclusive>
  <sporty>
   yes
  </sporty>
 </clothing>
 <clothing>
  <id>
   707153989
  </id>
  <name>
   Asics Shoes A-2631
  </name>
  <category>
   Shoes
  </category>
  <size>
   M
  </size>
  <color>
   Желтый
  </color>
  <material>
   Хлопок
  </material>
  <price>
   102518
  </price>
  <rating>
   1.12
  </rating>
  <reviews>
   433250
  </reviews>
  <exclusive>
   yes
  </exclusive>
 </clothing>
 <clothing>
  <id>
   915199072
  </id>
  <name>
   Under Armour Dress X-4249
  </name>
  <category>
   Dress
  </category>
  <size>
   XL
  </size>
  <color>
   Зеленый
  </color>
  <material>
   Кожа
  </material>
  <price>
   228839
  </price>
  <rating>
   2.53
  </rating>
  <reviews>
   447516
  </reviews>
 </clothing>
 <clothing>
  <id>
   138801740
  </id>
  <name>
   Under Armour Hat M-3386
  </name>
  <category>
   Hat
  </category>
  <size>
   XL
  </size>
  <color>
   Желтый
  </color>
  <material>
   Лен
  </material>
  <price>
   158199
  </price>
  <rating>
   3.17
  </rating>
  <reviews>
   325711
  </reviews>
  <exclusive>
   no
  </exclusive>
 </clothing>
 <clothing>
  <id>
   794863968
  </id>
  <name>
   New Balance Jeans K-9241
  </name>
  <category>
   Jeans
  </category>
  <size>
   M
  </size>
  <color>
   Желтый
  </color>
  <material>
   Полиэстер
  </material>
  <price>
   124639
  </price>
  <rating>
   1.81
  </rating>
  <reviews>
   241182
  </reviews>
  <exclusive>
   no
  </exclusive>
  <sporty>
   yes
  </sporty>
 </clothing>
 <clothing>
  <id>
   610731693
  </id>
  <name>
   Puma Hat J-3745
  </name>
  <category>
   Hat
  </category>
  <size>
   XXL
  </size>
  <color>
   Зеленый
  </color>
  <material>
   Вискоза
  </material>
  <price>
   872725
  </price>
  <rating>
   3.35
  </rating>
  <reviews>
   466121
  </reviews>
 </clothing>
 <clothing>
  <id>
   684493162
  </id>
  <name>
   New Balance T-shirt O-2828
  </name>
  <category>
   T-shirt
  </category>
  <size>
   S
  </size>
  <color>
   Красный
  </color>
  <material>
   Нейлон
  </material>
  <price>
   440828
  </price>
  <rating>
   3.24
  </rating>
  <reviews>
   433966
  </reviews>
  <new>
   +
  </new>
  <exclusive>
   no
  </exclusive>
  <sporty>
   yes
  </sporty>
 </clothing>
 <clothing>
  <id>
   509702193
  </id>
  <name>
   New Balance Handbags M-1095
  </name>
  <category>
   Handbags
  </category>
  <size>
   XXL
  </size>
  <color>
   Голубой
  </color>
  <material>
   Полиэстер
  </material>
  <price>
   210059
  </price>
  <rating>
   2.84
  </rating>
  <reviews>
   239981
  </reviews>
  <exclusive>
   no
  </exclusive>
 </clothing>
 <clothing>
  <id>
   891642233
  </id>
  <name>
   New Balance Belts S-9780
  </name>
  <category>
   Belts
  </category>
  <size>
   XL
  </size>
  <color>
   Оранжевый
  </color>
  <material>
   Шелк
  </material>
  <price>
   743697
  </price>
  <rating>
   2.31
  </rating>
  <reviews>
   244014
  </reviews>
  <exclusive>
   yes
  </exclusive>
 </clothing>
 <clothing>
  <id>
   145393094
  </id>
  <name>
   Addidas Handbags W-2082
  </name>
  <category>
   Handbags
  </category>
  <size>
   M
  </size>
  <color>
   Синий
  </color>
  <material>
   Лен
  </material>
  <price>
   236022
  </price>
  <rating>
   2.4
  </rating>
  <reviews>
   922431
  </reviews>
  <exclusive>
   yes
  </exclusive>
 </clothing>
 <clothing>
  <id>
   738406054
  </id>
  <name>
   PleinSport Belts Q-7516
  </name>
  <category>
   Belts
  </category>
  <size>
   L
  </size>
  <color>
   Оранжевый
  </color>
  <material>
   Кожа
  </material>
  <price>
   453551
  </price>
  <rating>
   3.8
  </rating>
  <reviews>
   780823
  </reviews>
  <new>
   -
  </new>
  <sporty>
   no
  </sporty>
 </clothing>
 <clothing>
  <id>
   188928958
  </id>
  <name>
   Converse Jeans H-6501
  </name>
  <category>
   Jeans
  </category>
  <size>
   XXL
  </size>
  <color>
   Фиолетовый
  </color>
  <material>
   Лен
  </material>
  <price>
   572069
  </price>
  <rating>
   4.63
  </rating>
  <reviews>
   657011
  </reviews>
  <new>
   +
  </new>
  <exclusive>
   yes
  </exclusive>
  <sporty>
   no
  </sporty>
 </clothing>
 <clothing>
  <id>
   402004373
  </id>
  <name>
   Adidas Socks W-1787
  </name>
  <category>
   Socks
  </category>
  <size>
   M
  </size>
  <color>
   Оранжевый
  </color>
  <material>
   Лен
  </material>
  <price>
   113234
  </price>
  <rating>
   4.23
  </rating>
  <reviews>
   970587
  </reviews>
  <new>
   -
  </new>
  <exclusive>
   no
  </exclusive>
  <sporty>
   yes
  </sporty>
 </clothing>
 <clothing>
  <id>
   856441099
  </id>
  <name>
   Lacoste Dress W-8794
  </name>
  <category>
   Dress
  </category>
  <size>
   XXL
  </size>
  <color>
   Зеленый
  </color>
  <material>
   Хлопок
  </material>
  <price>
   773685
  </price>
  <rating>
   1.94
  </rating>
  <reviews>
   558663
  </reviews>
  <new>
   +
  </new>
  <exclusive>
   no
  </exclusive>
 </clothing>
 <clothing>
  <id>
   816540327
  </id>
  <name>
   PleinSport Belts I-6256
  </name>
  <category>
   Belts
  </category>
  <size>
   M
  </size>
  <color>
   Синий
  </color>
  <material>
   Хлопок
  </material>
  <price>
   807608
  </price>
  <rating>
   3.1
  </rating>
  <reviews>
   395833
  </reviews>
  <new>
   -
  </new>
  <exclusive>
   no
  </exclusive>
 </clothing>
 <clothing>
  <id>
   947805395
  </id>
  <name>
   PleinSport Skirt U-2312
  </name>
  <category>
   Skirt
  </category>
  <size>
   XL
  </size>
  <color>
   Зеленый
  </color>
  <material>
   Вискоза
  </material>
  <price>
   177195
  </price>
  <rating>
   3.89
  </rating>
  <reviews>
   721578
  </reviews>
  <new>
   -
  </new>
 </clothing>
 <clothing>
  <id>
   511401321
  </id>
  <name>
   Converse Handbags O-8217
  </name>
  <category>
   Handbags
  </category>
  <size>
   XXL
  </size>
  <color>
   Оранжевый
  </color>
  <material>
   Нейлон
  </material>
  <price>
   515550
  </price>
  <rating>
   1.06
  </rating>
  <reviews>
   843340
  </reviews>
 </clothing>
 <clothing>
  <id>
   418369514
  </id>
  <name>
   Under Armour Dress U-1628
  </name>
  <category>
   Dress
  </category>
  <size>
   S
  </size>
  <color>
   Желтый
  </color>
  <material>
   Хлопок
  </material>
  <price>
   432804
  </price>
  <rating>
   1.95
  </rating>
  <reviews>
   89425
  </reviews>
  <new>
   +
  </new>
 </clothing>
 <clothing>
  <id>
   539577805
  </id>
  <name>
   DC Sweater G-3468
  </name>
  <category>
   Sweater
  </category>
  <size>
   S
  </size>
  <color>
   Фиолетовый
  </color>
  <material>
   Шелк
  </material>
  <price>
   819616
  </price>
  <rating>
   1.23
  </rating>
  <reviews>
   843707
  </reviews>
  <exclusive>
   no
  </exclusive>
  <sporty>
   no
  </sporty>
 </clothing>
</clothing-items>
