<?xml version="1.0" encoding="utf-8"?>
<clothing-items>
 <clothing>
  <id>
   390519620
  </id>
  <name>
   Asics Dress A-8106
  </name>
  <category>
   Dress
  </category>
  <size>
   XXL
  </size>
  <color>
   Зеленый
  </color>
  <material>
   Шерсть
  </material>
  <price>
   343877
  </price>
  <rating>
   4.66
  </rating>
  <reviews>
   511295
  </reviews>
  <new>
   -
  </new>
  <exclusive>
   no
  </exclusive>
  <sporty>
   no
  </sporty>
 </clothing>
 <clothing>
  <id>
   834209769
  </id>
  <name>
   Asics Umbrellas E-6118
  </name>
  <category>
   Umbrellas
  </category>
  <size>
   S
  </size>
  <color>
   Синий
  </color>
  <material>
   Кожа
  </material>
  <price>
   987031
  </price>
  <rating>
   1.16
  </rating>
  <reviews>
   142891
  </reviews>
  <new>
   -
  </new>
 </clothing>
 <clothing>
  <id>
   160805091
  </id>
  <name>
   Vans Pants A-1421
  </name>
  <category>
   Pants
  </category>
  <size>
   XL
  </size>
  <color>
   Синий
  </color>
  <material>
   Шелк
  </material>
  <price>
   291427
  </price>
  <rating>
   4.13
  </rating>
  <reviews>
   586707
  </reviews>
  <new>
   -
  </new>
 </clothing>
 <clothing>
  <id>
   776804799
  </id>
  <name>
   PleinSport Socks P-8205
  </name>
  <category>
   Socks
  </category>
  <size>
   M
  </size>
  <color>
   Голубой
  </color>
  <material>
   Шелк
  </material>
  <price>
   291128
  </price>
  <rating>
   1.9
  </rating>
  <reviews>
   569599
  </reviews>
  <new>
   -
  </new>
  <exclusive>
   no
  </exclusive>
  <sporty>
   no
  </sporty>
 </clothing>
 <clothing>
  <id>
   279096300
  </id>
  <name>
   PleinSport Hat D-4277
  </name>
  <category>
   Hat
  </category>
  <size>
   S
  </size>
  <color>
   Синий
  </color>
  <material>
   Нейлон
  </material>
  <price>
   238211
  </price>
  <rating>
   1.05
  </rating>
  <reviews>
   253262
  </reviews>
  <exclusive>
   no
  </exclusive>
  <sporty>
   no
  </sporty>
 </clothing>
 <clothing>
  <id>
   574678869
  </id>
  <name>
   Converse Belts O-1605
  </name>
  <category>
   Belts
  </category>
  <size>
   S
  </size>
  <color>
   Зеленый
  </color>
  <material>
   Хлопок
  </material>
  <price>
   892142
  </price>
  <rating>
   4.76
  </rating>
  <reviews>
   664366
  </reviews>
  <new>
   +
  </new>
  <exclusive>
   no
  </exclusive>
  <sporty>
   no
  </sporty>
 </clothing>
 <clothing>
  <id>
   302270538
  </id>
  <name>
   Asics Dress H-2514
  </name>
  <category>
   Dress
  </category>
  <size>
   L
  </size>
  <color>
   Оранжевый
  </color>
  <material>
   Нейлон
  </material>
  <price>
   924446
  </price>
  <rating>
   1.64
  </rating>
  <reviews>
   901959
  </reviews>
  <sporty>
   no
  </sporty>
 </clothing>
 <clothing>
  <id>
   114297360
  </id>
  <name>
   Addidas Jeans S-4069
  </name>
  <category>
   Jeans
  </category>
  <size>
   XL
  </size>
  <color>
   Оранжевый
  </color>
  <material>
   Хлопок
  </material>
  <price>
   289742
  </price>
  <rating>
   2.27
  </rating>
  <reviews>
   677424
  </reviews>
  <new>
   -
  </new>
  <exclusive>
   yes
  </exclusive>
  <sporty>
   no
  </sporty>
 </clothing>
 <clothing>
  <id>
   896434795
  </id>
  <name>
   Ellesse Jeans S-4298
  </name>
  <category>
   Jeans
  </category>
  <size>
   S
  </size>
  <color>
   Синий
  </color>
  <material>
   Лен
  </material>
  <price>
   960244
  </price>
  <rating>
   4.86
  </rating>
  <reviews>
   295921
  </reviews>
  <new>
   -
  </new>
  <sporty>
   yes
  </sporty>
 </clothing>
 <clothing>
  <id>
   334779995
  </id>
  <name>
   PleinSport Socks E-9379
  </name>
  <category>
   Socks
  </category>
  <size>
   XL
  </size>
  <color>
   Фиолетовый
  </color>
  <material>
   Лен
  </material>
  <price>
   157920
  </price>
  <rating>
   1.93
  </rating>
  <reviews>
   520699
  </reviews>
  <new>
   -
  </new>
  <sporty>
   no
  </sporty>
 </clothing>
 <clothing>
  <id>
   373461253
  </id>
  <name>
   Under Armour Hat J-2453
  </name>
  <category>
   Hat
  </category>
  <size>
   XL
  </size>
  <color>
   Фиолетовый
  </color>
  <material>
   Хлопок
  </material>
  <price>
   543058
  </price>
  <rating>
   2.04
  </rating>
  <reviews>
   959909
  </reviews>
  <new>
   +
  </new>
  <exclusive>
   no
  </exclusive>
 </clothing>
 <clothing>
  <id>
   406996749
  </id>
  <name>
   Nike Blouse S-7398
  </name>
  <category>
   Blouse
  </category>
  <size>
   S
  </size>
  <color>
   Желтый
  </color>
  <material>
   Полиэстер
  </material>
  <price>
   757912
  </price>
  <rating>
   3.03
  </rating>
  <reviews>
   48130
  </reviews>
  <new>
   +
  </new>
  <exclusive>
   yes
  </exclusive>
 </clothing>
 <clothing>
  <id>
   559328137
  </id>
  <name>
   Converse Skirt G-8047
  </name>
  <category>
   Skirt
  </category>
  <size>
   L
  </size>
  <color>
   Синий
  </color>
  <material>
   Лен
  </material>
  <price>
   488146
  </price>
  <rating>
   3.67
  </rating>
  <reviews>
   299850
  </reviews>
  <sporty>
   yes
  </sporty>
 </clothing>
 <clothing>
  <id>
   401708550
  </id>
  <name>
   Vans Handbags T-9510
  </name>
  <category>
   Handbags
  </category>
  <size>
   XXL
  </size>
  <color>
   Голубой
  </color>
  <material>
   Хлопок
  </material>
  <price>
   932864
  </price>
  <rating>
   1.32
  </rating>
  <reviews>
   181325
  </reviews>
  <new>
   -
  </new>
  <exclusive>
   no
  </exclusive>
 </clothing>
 <clothing>
  <id>
   166032643
  </id>
  <name>
   Asics Dress N-3369
  </name>
  <category>
   Dress
  </category>
  <size>
   L
  </size>
  <color>
   Красный
  </color>
  <material>
   Полиэстер
  </material>
  <price>
   880622
  </price>
  <rating>
   4.82
  </rating>
  <reviews>
   464593
  </reviews>
  <new>
   -
  </new>
 </clothing>
 <clothing>
  <id>
   255072797
  </id>
  <name>
   Asics Hat H-3040
  </name>
  <category>
   Hat
  </category>
  <size>
   XL
  </size>
  <color>
   Фиолетовый
  </color>
  <material>
   Шерсть
  </material>
  <price>
   842801
  </price>
  <rating>
   2.79
  </rating>
  <reviews>
   296138
  </reviews>
  <new>
   +
  </new>
  <sporty>
   no
  </sporty>
 </clothing>
 <clothing>
  <id>
   312005648
  </id>
  <name>
   Converse Shirt W-1449
  </name>
  <category>
   Shirt
  </category>
  <size>
   XL
  </size>
  <color>
   Красный
  </color>
  <material>
   Лен
  </material>
  <price>
   504254
  </price>
  <rating>
   2.77
  </rating>
  <reviews>
   620457
  </reviews>
 </clothing>
 <clothing>
  <id>
   682644706
  </id>
  <name>
   Puma Dress O-2908
  </name>
  <category>
   Dress
  </category>
  <size>
   M
  </size>
  <color>
   Фиолетовый
  </color>
  <material>
   Лен
  </material>
  <price>
   154279
  </price>
  <rating>
   1.73
  </rating>
  <reviews>
   719111
  </reviews>
  <new>
   -
  </new>
  <exclusive>
   no
  </exclusive>
  <sporty>
   no
  </sporty>
 </clothing>
 <clothing>
  <id>
   825640246
  </id>
  <name>
   Fila Sweater J-8705
  </name>
  <category>
   Sweater
  </category>
  <size>
   S
  </size>
  <color>
   Оранжевый
  </color>
  <material>
   Хлопок
  </material>
  <price>
   216894
  </price>
  <rating>
   2.13
  </rating>
  <reviews>
   98164
  </reviews>
  <new>
   -
  </new>
  <sporty>
   no
  </sporty>
 </clothing>
 <clothing>
  <id>
   267195045
  </id>
  <name>
   Vans Jacket Y-7488
  </name>
  <category>
   Jacket
  </category>
  <size>
   L
  </size>
  <color>
   Зеленый
  </color>
  <material>
   Вискоза
  </material>
  <price>
   566326
  </price>
  <rating>
   4.43
  </rating>
  <reviews>
   446964
  </reviews>
  <exclusive>
   yes
  </exclusive>
  <sporty>
   no
  </sporty>
 </clothing>
 <clothing>
  <id>
   152036879
  </id>
  <name>
   Adidas Umbrellas Z-1814
  </name>
  <category>
   Umbrellas
  </category>
  <size>
   M
  </size>
  <color>
   Желтый
  </color>
  <material>
   Полиэстер
  </material>
  <price>
   421943
  </price>
  <rating>
   2.26
  </rating>
  <reviews>
   501741
  </reviews>
  <exclusive>
   no
  </exclusive>
  <sporty>
   yes
  </sporty>
 </clothing>
 <clothing>
  <id>
   302028813
  </id>
  <name>
   Asics Blouse H-9099
  </name>
  <category>
   Blouse
  </category>
  <size>
   L
  </size>
  <color>
   Фиолетовый
  </color>
  <material>
   Кожа
  </material>
  <price>
   497727
  </price>
  <rating>
   4.76
  </rating>
  <reviews>
   354123
  </reviews>
  <sporty>
   no
  </sporty>
 </clothing>
 <clothing>
  <id>
   321643108
  </id>
  <name>
   Addidas Shoes Z-9764
  </name>
  <category>
   Shoes
  </category>
  <size>
   XL
  </size>
  <color>
   Красный
  </color>
  <material>
   Лен
  </material>
  <price>
   512913
  </price>
  <rating>
   4.62
  </rating>
  <reviews>
   616136
  </reviews>
  <new>
   -
  </new>
  <exclusive>
   yes
  </exclusive>
 </clothing>
 <clothing>
  <id>
   396243992
  </id>
  <name>
   Asics Jeans E-8208
  </name>
  <category>
   Jeans
  </category>
  <size>
   XXL
  </size>
  <color>
   Зеленый
  </color>
  <material>
   Кожа
  </material>
  <price>
   337732
  </price>
  <rating>
   2.75
  </rating>
  <reviews>
   311942
  </reviews>
  <new>
   +
  </new>
  <sporty>
   yes
  </sporty>
 </clothing>
 <clothing>
  <id>
   942167472
  </id>
  <name>
   Asics Hat L-9311
  </name>
  <category>
   Hat
  </category>
  <size>
   XL
  </size>
  <color>
   Синий
  </color>
  <material>
   Нейлон
  </material>
  <price>
   159631
  </price>
  <rating>
   1.49
  </rating>
  <reviews>
   794939
  </reviews>
  <new>
   +
  </new>
  <exclusive>
   yes
  </exclusive>
  <sporty>
   no
  </sporty>
 </clothing>
 <clothing>
  <id>
   717946014
  </id>
  <name>
   Ellesse Belts I-6434
  </name>
  <category>
   Belts
  </category>
  <size>
   M
  </size>
  <color>
   Желтый
  </color>
  <material>
   Кожа
  </material>
  <price>
   111413
  </price>
  <rating>
   4.55
  </rating>
  <reviews>
   738154
  </reviews>
  <new>
   -
  </new>
  <sporty>
   yes
  </sporty>
 </clothing>
 <clothing>
  <id>
   416680690
  </id>
  <name>
   DC Belts B-3991
  </name>
  <category>
   Belts
  </category>
  <size>
   S
  </size>
  <color>
   Фиолетовый
  </color>
  <material>
   Хлопок
  </material>
  <price>
   384581
  </price>
  <rating>
   3.17
  </rating>
  <reviews>
   940284
  </reviews>
  <new>
   -
  </new>
  <exclusive>
   no
  </exclusive>
 </clothing>
 <clothing>
  <id>
   414380724
  </id>
  <name>
   DC Jeans S-3983
  </name>
  <category>
   Jeans
  </category>
  <size>
   L
  </size>
  <color>
   Оранжевый
  </color>
  <material>
   Вискоза
  </material>
  <price>
   814881
  </price>
  <rating>
   2.17
  </rating>
  <reviews>
   363570
  </reviews>
  <new>
   -
  </new>
  <exclusive>
   yes
  </exclusive>
 </clothing>
 <clothing>
  <id>
   437590237
  </id>
  <name>
   Nike Umbrellas H-2684
  </name>
  <category>
   Umbrellas
  </category>
  <size>
   M
  </size>
  <color>
   Фиолетовый
  </color>
  <material>
   Хлопок
  </material>
  <price>
   892423
  </price>
  <rating>
   2.87
  </rating>
  <reviews>
   769010
  </reviews>
  <new>
   +
  </new>
  <sporty>
   yes
  </sporty>
 </clothing>
 <clothing>
  <id>
   791759412
  </id>
  <name>
   Puma Pants L-8112
  </name>
  <category>
   Pants
  </category>
  <size>
   S
  </size>
  <color>
   Желтый
  </color>
  <material>
   Шелк
  </material>
  <price>
   734971
  </price>
  <rating>
   2.72
  </rating>
  <reviews>
   265572
  </reviews>
  <new>
   -
  </new>
  <exclusive>
   no
  </exclusive>
 </clothing>
 <clothing>
  <id>
   909371424
  </id>
  <name>
   Fila Shirt K-4725
  </name>
  <category>
   Shirt
  </category>
  <size>
   XL
  </size>
  <color>
   Красный
  </color>
  <material>
   Шелк
  </material>
  <price>
   831812
  </price>
  <rating>
   2.98
  </rating>
  <reviews>
   130845
  </reviews>
  <exclusive>
   yes
  </exclusive>
 </clothing>
 <clothing>
  <id>
   619506740
  </id>
  <name>
   Under Armour Skirt G-3901
  </name>
  <category>
   Skirt
  </category>
  <size>
   M
  </size>
  <color>
   Желтый
  </color>
  <material>
   Полиэстер
  </material>
  <price>
   733452
  </price>
  <rating>
   3.82
  </rating>
  <reviews>
   206435
  </reviews>
  <exclusive>
   yes
  </exclusive>
  <sporty>
   no
  </sporty>
 </clothing>
 <clothing>
  <id>
   394910123
  </id>
  <name>
   Adidas Hat U-4967
  </name>
  <category>
   Hat
  </category>
  <size>
   M
  </size>
  <color>
   Желтый
  </color>
  <material>
   Вискоза
  </material>
  <price>
   351114
  </price>
  <rating>
   4.83
  </rating>
  <reviews>
   304013
  </reviews>
  <sporty>
   no
  </sporty>
 </clothing>
 <clothing>
  <id>
   369984324
  </id>
  <name>
   Vans T-shirt Z-5941
  </name>
  <category>
   T-shirt
  </category>
  <size>
   XL
  </size>
  <color>
   Оранжевый
  </color>
  <material>
   Лен
  </material>
  <price>
   709809
  </price>
  <rating>
   1.24
  </rating>
  <reviews>
   260588
  </reviews>
  <new>
   -
  </new>
  <exclusive>
   yes
  </exclusive>
 </clothing>
 <clothing>
  <id>
   424400938
  </id>
  <name>
   Vans Skirt Z-1342
  </name>
  <category>
   Skirt
  </category>
  <size>
   XL
  </size>
  <color>
   Желтый
  </color>
  <material>
   Полиэстер
  </material>
  <price>
   173688
  </price>
  <rating>
   1.31
  </rating>
  <reviews>
   510156
  </reviews>
  <sporty>
   no
  </sporty>
 </clothing>
 <clothing>
  <id>
   207068031
  </id>
  <name>
   Fila Shoes Z-2090
  </name>
  <category>
   Shoes
  </category>
  <size>
   XL
  </size>
  <color>
   Оранжевый
  </color>
  <material>
   Полиэстер
  </material>
  <price>
   324230
  </price>
  <rating>
   2.85
  </rating>
  <reviews>
   833019
  </reviews>
  <new>
   +
  </new>
  <exclusive>
   no
  </exclusive>
  <sporty>
   no
  </sporty>
 </clothing>
 <clothing>
  <id>
   841428091
  </id>
  <name>
   Adidas Shirt F-4439
  </name>
  <category>
   Shirt
  </category>
  <size>
   XL
  </size>
  <color>
   Красный
  </color>
  <material>
   Шерсть
  </material>
  <price>
   662914
  </price>
  <rating>
   4.43
  </rating>
  <reviews>
   758126
  </reviews>
 </clothing>
 <clothing>
  <id>
   899862400
  </id>
  <name>
   Fila Dress N-4823
  </name>
  <category>
   Dress
  </category>
  <size>
   S
  </size>
  <color>
   Красный
  </color>
  <material>
   Нейлон
  </material>
  <price>
   796473
  </price>
  <rating>
   4.03
  </rating>
  <reviews>
   851421
  </reviews>
  <new>
   +
  </new>
  <exclusive>
   yes
  </exclusive>
  <sporty>
   no
  </sporty>
 </clothing>
 <clothing>
  <id>
   160518093
  </id>
  <name>
   New Balance Jeans B-3107
  </name>
  <category>
   Jeans
  </category>
  <size>
   M
  </size>
  <color>
   Зеленый
  </color>
  <material>
   Полиэстер
  </material>
  <price>
   641713
  </price>
  <rating>
   2.59
  </rating>
  <reviews>
   370850
  </reviews>
  <exclusive>
   no
  </exclusive>
 </clothing>
 <clothing>
  <id>
   406931448
  </id>
  <name>
   Reebok Hat G-7657
  </name>
  <category>
   Hat
  </category>
  <size>
   XXL
  </size>
  <color>
   Зеленый
  </color>
  <material>
   Нейлон
  </material>
  <price>
   154122
  </price>
  <rating>
   3.17
  </rating>
  <reviews>
   296581
  </reviews>
 </clothing>
 <clothing>
  <id>
   734884624
  </id>
  <name>
   Nike Jeans B-2971
  </name>
  <category>
   Jeans
  </category>
  <size>
   XL
  </size>
  <color>
   Зеленый
  </color>
  <material>
   Шелк
  </material>
  <price>
   138701
  </price>
  <rating>
   2.77
  </rating>
  <reviews>
   338396
  </reviews>
  <exclusive>
   no
  </exclusive>
  <sporty>
   no
  </sporty>
 </clothing>
 <clothing>
  <id>
   535956224
  </id>
  <name>
   Ellesse Belts B-6337
  </name>
  <category>
   Belts
  </category>
  <size>
   S
  </size>
  <color>
   Желтый
  </color>
  <material>
   Шерсть
  </material>
  <price>
   971615
  </price>
  <rating>
   3.18
  </rating>
  <reviews>
   718971
  </reviews>
  <new>
   -
  </new>
  <exclusive>
   no
  </exclusive>
 </clothing>
 <clothing>
  <id>
   410925688
  </id>
  <name>
   New Balance Socks C-4008
  </name>
  <category>
   Socks
  </category>
  <size>
   XL
  </size>
  <color>
   Голубой
  </color>
  <material>
   Шерсть
  </material>
  <price>
   834540
  </price>
  <rating>
   4.28
  </rating>
  <reviews>
   993985
  </reviews>
  <new>
   +
  </new>
  <exclusive>
   no
  </exclusive>
 </clothing>
 <clothing>
  <id>
   171625900
  </id>
  <name>
   Fila Umbrellas A-9882
  </name>
  <category>
   Umbrellas
  </category>
  <size>
   XL
  </size>
  <color>
   Фиолетовый
  </color>
  <material>
   Полиэстер
  </material>
  <price>
   427208
  </price>
  <rating>
   2.05
  </rating>
  <reviews>
   562192
  </reviews>
  <exclusive>
   no
  </exclusive>
 </clothing>
 <clothing>
  <id>
   120590878
  </id>
  <name>
   PleinSport Umbrellas H-1502
  </name>
  <category>
   Umbrellas
  </category>
  <size>
   S
  </size>
  <color>
   Желтый
  </color>
  <material>
   Шелк
  </material>
  <price>
   217940
  </price>
  <rating>
   3.12
  </rating>
  <reviews>
   295075
  </reviews>
  <exclusive>
   no
  </exclusive>
  <sporty>
   no
  </sporty>
 </clothing>
 <clothing>
  <id>
   726601071
  </id>
  <name>
   Under Armour Blouse T-1287
  </name>
  <category>
   Blouse
  </category>
  <size>
   XXL
  </size>
  <color>
   Фиолетовый
  </color>
  <material>
   Кожа
  </material>
  <price>
   952640
  </price>
  <rating>
   2.5
  </rating>
  <reviews>
   468782
  </reviews>
  <sporty>
   yes
  </sporty>
 </clothing>
 <clothing>
  <id>
   250231868
  </id>
  <name>
   Nike Hat Q-8060
  </name>
  <category>
   Hat
  </category>
  <size>
   M
  </size>
  <color>
   Голубой
  </color>
  <material>
   Кожа
  </material>
  <price>
   992070
  </price>
  <rating>
   2.45
  </rating>
  <reviews>
   1670
  </reviews>
  <new>
   +
  </new>
  <exclusive>
   no
  </exclusive>
 </clothing>
 <clothing>
  <id>
   255934706
  </id>
  <name>
   DC Belts U-4742
  </name>
  <category>
   Belts
  </category>
  <size>
   S
  </size>
  <color>
   Фиолетовый
  </color>
  <material>
   Шелк
  </material>
  <price>
   820155
  </price>
  <rating>
   3.56
  </rating>
  <reviews>
   843659
  </reviews>
  <new>
   -
  </new>
 </clothing>
</clothing-items>
