<?xml version="1.0" encoding="utf-8"?>
<clothing-items>
 <clothing>
  <id>
   814667485
  </id>
  <name>
   Adidas Sweater E-2598
  </name>
  <category>
   Sweater
  </category>
  <size>
   XL
  </size>
  <color>
   Фиолетовый
  </color>
  <material>
   Нейлон
  </material>
  <price>
   254152
  </price>
  <rating>
   3.49
  </rating>
  <reviews>
   554944
  </reviews>
  <new>
   -
  </new>
  <exclusive>
   no
  </exclusive>
 </clothing>
 <clothing>
  <id>
   220189498
  </id>
  <name>
   Lacoste Shirt R-2091
  </name>
  <category>
   Shirt
  </category>
  <size>
   XL
  </size>
  <color>
   Голубой
  </color>
  <material>
   Лен
  </material>
  <price>
   717102
  </price>
  <rating>
   4.53
  </rating>
  <reviews>
   383356
  </reviews>
  <exclusive>
   yes
  </exclusive>
  <sporty>
   no
  </sporty>
 </clothing>
 <clothing>
  <id>
   342861686
  </id>
  <name>
   Converse Gloves N-9937
  </name>
  <category>
   Gloves
  </category>
  <size>
   L
  </size>
  <color>
   Фиолетовый
  </color>
  <material>
   Полиэстер
  </material>
  <price>
   132621
  </price>
  <rating>
   1.98
  </rating>
  <reviews>
   98425
  </reviews>
  <new>
   +
  </new>
  <exclusive>
   no
  </exclusive>
  <sporty>
   no
  </sporty>
 </clothing>
 <clothing>
  <id>
   212452498
  </id>
  <name>
   Vans Jeans Z-7785
  </name>
  <category>
   Jeans
  </category>
  <size>
   XXL
  </size>
  <color>
   Голубой
  </color>
  <material>
   Шерсть
  </material>
  <price>
   565604
  </price>
  <rating>
   1.96
  </rating>
  <reviews>
   371929
  </reviews>
  <new>
   +
  </new>
  <exclusive>
   yes
  </exclusive>
  <sporty>
   yes
  </sporty>
 </clothing>
 <clothing>
  <id>
   461055130
  </id>
  <name>
   Reebok Hat E-8864
  </name>
  <category>
   Hat
  </category>
  <size>
   L
  </size>
  <color>
   Фиолетовый
  </color>
  <material>
   Нейлон
  </material>
  <price>
   170102
  </price>
  <rating>
   1.91
  </rating>
  <reviews>
   350917
  </reviews>
  <new>
   +
  </new>
  <exclusive>
   no
  </exclusive>
 </clothing>
 <clothing>
  <id>
   390506236
  </id>
  <name>
   DC Jeans D-4462
  </name>
  <category>
   Jeans
  </category>
  <size>
   M
  </size>
  <color>
   Оранжевый
  </color>
  <material>
   Полиэстер
  </material>
  <price>
   684948
  </price>
  <rating>
   1.99
  </rating>
  <reviews>
   190967
  </reviews>
  <new>
   -
  </new>
  <exclusive>
   no
  </exclusive>
  <sporty>
   yes
  </sporty>
 </clothing>
 <clothing>
  <id>
   435756624
  </id>
  <name>
   Lacoste Socks J-5208
  </name>
  <category>
   Socks
  </category>
  <size>
   XXL
  </size>
  <color>
   Голубой
  </color>
  <material>
   Нейлон
  </material>
  <price>
   165236
  </price>
  <rating>
   4.93
  </rating>
  <reviews>
   75951
  </reviews>
  <new>
   -
  </new>
 </clothing>
 <clothing>
  <id>
   918141377
  </id>
  <name>
   Vans Handbags H-9479
  </name>
  <category>
   Handbags
  </category>
  <size>
   L
  </size>
  <color>
   Синий
  </color>
  <material>
   Кожа
  </material>
  <price>
   943132
  </price>
  <rating>
   3.84
  </rating>
  <reviews>
   560527
  </reviews>
  <new>
   -
  </new>
  <exclusive>
   no
  </exclusive>
  <sporty>
   yes
  </sporty>
 </clothing>
 <clothing>
  <id>
   453993600
  </id>
  <name>
   Adidas Jacket B-9580
  </name>
  <category>
   Jacket
  </category>
  <size>
   M
  </size>
  <color>
   Желтый
  </color>
  <material>
   Шелк
  </material>
  <price>
   799792
  </price>
  <rating>
   4.86
  </rating>
  <reviews>
   47143
  </reviews>
  <exclusive>
   yes
  </exclusive>
  <sporty>
   no
  </sporty>
 </clothing>
 <clothing>
  <id>
   613783946
  </id>
  <name>
   Fila Skirt L-2736
  </name>
  <category>
   Skirt
  </category>
  <size>
   L
  </size>
  <color>
   Красный
  </color>
  <material>
   Шерсть
  </material>
  <price>
   324596
  </price>
  <rating>
   2.44
  </rating>
  <reviews>
   141798
  </reviews>
  <new>
   -
  </new>
  <exclusive>
   no
  </exclusive>
 </clothing>
 <clothing>
  <id>
   437058102
  </id>
  <name>
   Adidas Skirt B-4118
  </name>
  <category>
   Skirt
  </category>
  <size>
   L
  </size>
  <color>
   Желтый
  </color>
  <material>
   Хлопок
  </material>
  <price>
   567821
  </price>
  <rating>
   4.45
  </rating>
  <reviews>
   87266
  </reviews>
  <new>
   +
  </new>
  <sporty>
   no
  </sporty>
 </clothing>
 <clothing>
  <id>
   872622025
  </id>
  <name>
   DC Blouse W-1782
  </name>
  <category>
   Blouse
  </category>
  <size>
   M
  </size>
  <color>
   Желтый
  </color>
  <material>
   Шерсть
  </material>
  <price>
   154031
  </price>
  <rating>
   1.93
  </rating>
  <reviews>
   479469
  </reviews>
  <exclusive>
   no
  </exclusive>
  <sporty>
   no
  </sporty>
 </clothing>
 <clothing>
  <id>
   210907291
  </id>
  <name>
   Lacoste Shoes B-5945
  </name>
  <category>
   Shoes
  </category>
  <size>
   S
  </size>
  <color>
   Синий
  </color>
  <material>
   Шерсть
  </material>
  <price>
   735558
  </price>
  <rating>
   4.18
  </rating>
  <reviews>
   651856
  </reviews>
  <new>
   -
  </new>
  <exclusive>
   no
  </exclusive>
  <sporty>
   no
  </sporty>
 </clothing>
 <clothing>
  <id>
   937207500
  </id>
  <name>
   Brooks Gloves S-1729
  </name>
  <category>
   Gloves
  </category>
  <size>
   M
  </size>
  <color>
   Синий
  </color>
  <material>
   Вискоза
  </material>
  <price>
   147290
  </price>
  <rating>
   4.87
  </rating>
  <reviews>
   30840
  </reviews>
  <exclusive>
   no
  </exclusive>
 </clothing>
 <clothing>
  <id>
   706811437
  </id>
  <name>
   Fila Blouse Q-1243
  </name>
  <category>
   Blouse
  </category>
  <size>
   XL
  </size>
  <color>
   Синий
  </color>
  <material>
   Шерсть
  </material>
  <price>
   105584
  </price>
  <rating>
   2.1
  </rating>
  <reviews>
   519801
  </reviews>
  <new>
   -
  </new>
  <exclusive>
   no
  </exclusive>
 </clothing>
 <clothing>
  <id>
   256803783
  </id>
  <name>
   Adidas Shoes Y-5913
  </name>
  <category>
   Shoes
  </category>
  <size>
   S
  </size>
  <color>
   Синий
  </color>
  <material>
   Кожа
  </material>
  <price>
   922710
  </price>
  <rating>
   1.05
  </rating>
  <reviews>
   222719
  </reviews>
  <exclusive>
   yes
  </exclusive>
  <sporty>
   no
  </sporty>
 </clothing>
 <clothing>
  <id>
   158307254
  </id>
  <name>
   Under Armour Skirt B-6547
  </name>
  <category>
   Skirt
  </category>
  <size>
   M
  </size>
  <color>
   Синий
  </color>
  <material>
   Нейлон
  </material>
  <price>
   296543
  </price>
  <rating>
   1.01
  </rating>
  <reviews>
   410978
  </reviews>
 </clothing>
 <clothing>
  <id>
   287831973
  </id>
  <name>
   Fila Dress A-9083
  </name>
  <category>
   Dress
  </category>
  <size>
   XL
  </size>
  <color>
   Синий
  </color>
  <material>
   Шелк
  </material>
  <price>
   611874
  </price>
  <rating>
   3.49
  </rating>
  <reviews>
   946811
  </reviews>
  <new>
   +
  </new>
  <exclusive>
   no
  </exclusive>
  <sporty>
   yes
  </sporty>
 </clothing>
 <clothing>
  <id>
   536676385
  </id>
  <name>
   Reebok Umbrellas H-2245
  </name>
  <category>
   Umbrellas
  </category>
  <size>
   S
  </size>
  <color>
   Желтый
  </color>
  <material>
   Вискоза
  </material>
  <price>
   275682
  </price>
  <rating>
   4.64
  </rating>
  <reviews>
   77592
  </reviews>
 </clothing>
 <clothing>
  <id>
   408707208
  </id>
  <name>
   New Balance Gloves H-3484
  </name>
  <category>
   Gloves
  </category>
  <size>
   M
  </size>
  <color>
   Голубой
  </color>
  <material>
   Хлопок
  </material>
  <price>
   521197
  </price>
  <rating>
   1.66
  </rating>
  <reviews>
   35325
  </reviews>
  <new>
   -
  </new>
  <exclusive>
   no
  </exclusive>
 </clothing>
 <clothing>
  <id>
   347963968
  </id>
  <name>
   Asics Hat O-2107
  </name>
  <category>
   Hat
  </category>
  <size>
   M
  </size>
  <color>
   Оранжевый
  </color>
  <material>
   Лен
  </material>
  <price>
   423764
  </price>
  <rating>
   1.92
  </rating>
  <reviews>
   196627
  </reviews>
  <exclusive>
   no
  </exclusive>
  <sporty>
   yes
  </sporty>
 </clothing>
 <clothing>
  <id>
   459643624
  </id>
  <name>
   Brooks Socks W-7477
  </name>
  <category>
   Socks
  </category>
  <size>
   M
  </size>
  <color>
   Голубой
  </color>
  <material>
   Лен
  </material>
  <price>
   895996
  </price>
  <rating>
   3.89
  </rating>
  <reviews>
   893868
  </reviews>
  <new>
   -
  </new>
  <exclusive>
   no
  </exclusive>
  <sporty>
   yes
  </sporty>
 </clothing>
 <clothing>
  <id>
   776279859
  </id>
  <name>
   Brooks Blouse U-6368
  </name>
  <category>
   Blouse
  </category>
  <size>
   S
  </size>
  <color>
   Голубой
  </color>
  <material>
   Вискоза
  </material>
  <price>
   843602
  </price>
  <rating>
   2.72
  </rating>
  <reviews>
   435816
  </reviews>
  <sporty>
   no
  </sporty>
 </clothing>
 <clothing>
  <id>
   370356210
  </id>
  <name>
   Nike Shoes I-5266
  </name>
  <category>
   Shoes
  </category>
  <size>
   S
  </size>
  <color>
   Голубой
  </color>
  <material>
   Вискоза
  </material>
  <price>
   662494
  </price>
  <rating>
   4.55
  </rating>
  <reviews>
   950168
  </reviews>
  <new>
   +
  </new>
  <exclusive>
   no
  </exclusive>
 </clothing>
 <clothing>
  <id>
   655083131
  </id>
  <name>
   Ellesse Umbrellas R-2168
  </name>
  <category>
   Umbrellas
  </category>
  <size>
   XXL
  </size>
  <color>
   Оранжевый
  </color>
  <material>
   Шелк
  </material>
  <price>
   415781
  </price>
  <rating>
   1.61
  </rating>
  <reviews>
   816604
  </reviews>
  <exclusive>
   no
  </exclusive>
 </clothing>
 <clothing>
  <id>
   819171648
  </id>
  <name>
   Converse T-shirt N-7498
  </name>
  <category>
   T-shirt
  </category>
  <size>
   M
  </size>
  <color>
   Голубой
  </color>
  <material>
   Нейлон
  </material>
  <price>
   124664
  </price>
  <rating>
   4.86
  </rating>
  <reviews>
   132859
  </reviews>
  <new>
   -
  </new>
  <exclusive>
   no
  </exclusive>
  <sporty>
   no
  </sporty>
 </clothing>
 <clothing>
  <id>
   793808708
  </id>
  <name>
   DC Gloves X-9773
  </name>
  <category>
   Gloves
  </category>
  <size>
   XL
  </size>
  <color>
   Фиолетовый
  </color>
  <material>
   Кожа
  </material>
  <price>
   627766
  </price>
  <rating>
   3.06
  </rating>
  <reviews>
   14868
  </reviews>
  <new>
   +
  </new>
  <exclusive>
   no
  </exclusive>
 </clothing>
 <clothing>
  <id>
   516982422
  </id>
  <name>
   Fila Socks F-2062
  </name>
  <category>
   Socks
  </category>
  <size>
   L
  </size>
  <color>
   Голубой
  </color>
  <material>
   Шерсть
  </material>
  <price>
   877117
  </price>
  <rating>
   2.62
  </rating>
  <reviews>
   272577
  </reviews>
  <sporty>
   yes
  </sporty>
 </clothing>
 <clothing>
  <id>
   963771744
  </id>
  <name>
   Addidas Shirt H-6473
  </name>
  <category>
   Shirt
  </category>
  <size>
   XXL
  </size>
  <color>
   Фиолетовый
  </color>
  <material>
   Шелк
  </material>
  <price>
   784403
  </price>
  <rating>
   4.12
  </rating>
  <reviews>
   916584
  </reviews>
  <sporty>
   yes
  </sporty>
 </clothing>
 <clothing>
  <id>
   105331347
  </id>
  <name>
   Asics Shirt P-6967
  </name>
  <category>
   Shirt
  </category>
  <size>
   XXL
  </size>
  <color>
   Красный
  </color>
  <material>
   Полиэстер
  </material>
  <price>
   725848
  </price>
  <rating>
   4.02
  </rating>
  <reviews>
   940142
  </reviews>
  <exclusive>
   no
  </exclusive>
  <sporty>
   no
  </sporty>
 </clothing>
 <clothing>
  <id>
   573208030
  </id>
  <name>
   Ellesse Hat Y-9454
  </name>
  <category>
   Hat
  </category>
  <size>
   M
  </size>
  <color>
   Голубой
  </color>
  <material>
   Хлопок
  </material>
  <price>
   317672
  </price>
  <rating>
   3.92
  </rating>
  <reviews>
   748711
  </reviews>
  <exclusive>
   no
  </exclusive>
  <sporty>
   no
  </sporty>
 </clothing>
 <clothing>
  <id>
   403652196
  </id>
  <name>
   Vans T-shirt V-6109
  </name>
  <category>
   T-shirt
  </category>
  <size>
   S
  </size>
  <color>
   Желтый
  </color>
  <material>
   Вискоза
  </material>
  <price>
   608693
  </price>
  <rating>
   3.91
  </rating>
  <reviews>
   703024
  </reviews>
  <new>
   -
  </new>
  <exclusive>
   no
  </exclusive>
  <sporty>
   no
  </sporty>
 </clothing>
 <clothing>
  <id>
   924258178
  </id>
  <name>
   Under Armour Belts R-8793
  </name>
  <category>
   Belts
  </category>
  <size>
   M
  </size>
  <color>
   Зеленый
  </color>
  <material>
   Хлопок
  </material>
  <price>
   415868
  </price>
  <rating>
   3.07
  </rating>
  <reviews>
   84885
  </reviews>
  <sporty>
   yes
  </sporty>
 </clothing>
 <clothing>
  <id>
   458492639
  </id>
  <name>
   Lacoste Dress W-6450
  </name>
  <category>
   Dress
  </category>
  <size>
   M
  </size>
  <color>
   Красный
  </color>
  <material>
   Кожа
  </material>
  <price>
   337737
  </price>
  <rating>
   3.57
  </rating>
  <reviews>
   803320
  </reviews>
  <new>
   -
  </new>
 </clothing>
 <clothing>
  <id>
   490137264
  </id>
  <name>
   DC Umbrellas H-5008
  </name>
  <category>
   Umbrellas
  </category>
  <size>
   XL
  </size>
  <color>
   Синий
  </color>
  <material>
   Нейлон
  </material>
  <price>
   136018
  </price>
  <rating>
   1.64
  </rating>
  <reviews>
   874237
  </reviews>
  <new>
   +
  </new>
  <exclusive>
   no
  </exclusive>
  <sporty>
   no
  </sporty>
 </clothing>
 <clothing>
  <id>
   938669508
  </id>
  <name>
   Lacoste Jacket C-8583
  </name>
  <category>
   Jacket
  </category>
  <size>
   S
  </size>
  <color>
   Желтый
  </color>
  <material>
   Хлопок
  </material>
  <price>
   689449
  </price>
  <rating>
   4.92
  </rating>
  <reviews>
   535247
  </reviews>
  <new>
   -
  </new>
  <sporty>
   yes
  </sporty>
 </clothing>
 <clothing>
  <id>
   673071728
  </id>
  <name>
   Lacoste Socks C-7880
  </name>
  <category>
   Socks
  </category>
  <size>
   XL
  </size>
  <color>
   Голубой
  </color>
  <material>
   Полиэстер
  </material>
  <price>
   257610
  </price>
  <rating>
   3.8
  </rating>
  <reviews>
   491419
  </reviews>
  <new>
   -
  </new>
  <exclusive>
   no
  </exclusive>
  <sporty>
   yes
  </sporty>
 </clothing>
 <clothing>
  <id>
   195399200
  </id>
  <name>
   PleinSport Umbrellas W-7911
  </name>
  <category>
   Umbrellas
  </category>
  <size>
   XL
  </size>
  <color>
   Красный
  </color>
  <material>
   Шерсть
  </material>
  <price>
   869375
  </price>
  <rating>
   1.4
  </rating>
  <reviews>
   145130
  </reviews>
  <new>
   +
  </new>
  <exclusive>
   no
  </exclusive>
  <sporty>
   no
  </sporty>
 </clothing>
 <clothing>
  <id>
   837434422
  </id>
  <name>
   Asics T-shirt E-8216
  </name>
  <category>
   T-shirt
  </category>
  <size>
   M
  </size>
  <color>
   Синий
  </color>
  <material>
   Полиэстер
  </material>
  <price>
   763517
  </price>
  <rating>
   1.38
  </rating>
  <reviews>
   11880
  </reviews>
  <new>
   -
  </new>
  <exclusive>
   no
  </exclusive>
  <sporty>
   yes
  </sporty>
 </clothing>
 <clothing>
  <id>
   136779932
  </id>
  <name>
   Ellesse T-shirt I-1285
  </name>
  <category>
   T-shirt
  </category>
  <size>
   M
  </size>
  <color>
   Фиолетовый
  </color>
  <material>
   Лен
  </material>
  <price>
   316584
  </price>
  <rating>
   1.92
  </rating>
  <reviews>
   146723
  </reviews>
  <new>
   +
  </new>
  <exclusive>
   no
  </exclusive>
 </clothing>
 <clothing>
  <id>
   551257431
  </id>
  <name>
   Asics Blouse B-5396
  </name>
  <category>
   Blouse
  </category>
  <size>
   M
  </size>
  <color>
   Оранжевый
  </color>
  <material>
   Полиэстер
  </material>
  <price>
   122823
  </price>
  <rating>
   4.73
  </rating>
  <reviews>
   395720
  </reviews>
  <exclusive>
   yes
  </exclusive>
 </clothing>
 <clothing>
  <id>
   381131145
  </id>
  <name>
   Ellesse Umbrellas M-8809
  </name>
  <category>
   Umbrellas
  </category>
  <size>
   S
  </size>
  <color>
   Фиолетовый
  </color>
  <material>
   Лен
  </material>
  <price>
   486943
  </price>
  <rating>
   1.21
  </rating>
  <reviews>
   28130
  </reviews>
  <exclusive>
   no
  </exclusive>
 </clothing>
 <clothing>
  <id>
   106808648
  </id>
  <name>
   Lacoste Handbags T-3117
  </name>
  <category>
   Handbags
  </category>
  <size>
   L
  </size>
  <color>
   Оранжевый
  </color>
  <material>
   Полиэстер
  </material>
  <price>
   829937
  </price>
  <rating>
   2.14
  </rating>
  <reviews>
   128067
  </reviews>
  <new>
   -
  </new>
  <exclusive>
   no
  </exclusive>
 </clothing>
 <clothing>
  <id>
   913780044
  </id>
  <name>
   PleinSport Hat L-2939
  </name>
  <category>
   Hat
  </category>
  <size>
   M
  </size>
  <color>
   Оранжевый
  </color>
  <material>
   Кожа
  </material>
  <price>
   841740
  </price>
  <rating>
   3.43
  </rating>
  <reviews>
   681397
  </reviews>
  <new>
   -
  </new>
  <sporty>
   no
  </sporty>
 </clothing>
 <clothing>
  <id>
   502893980
  </id>
  <name>
   Adidas Umbrellas R-2578
  </name>
  <category>
   Umbrellas
  </category>
  <size>
   XXL
  </size>
  <color>
   Фиолетовый
  </color>
  <material>
   Кожа
  </material>
  <price>
   652266
  </price>
  <rating>
   1.53
  </rating>
  <reviews>
   815873
  </reviews>
  <new>
   +
  </new>
 </clothing>
 <clothing>
  <id>
   250102752
  </id>
  <name>
   Reebok Belts D-5677
  </name>
  <category>
   Belts
  </category>
  <size>
   M
  </size>
  <color>
   Синий
  </color>
  <material>
   Шерсть
  </material>
  <price>
   345797
  </price>
  <rating>
   1.31
  </rating>
  <reviews>
   42848
  </reviews>
 </clothing>
 <clothing>
  <id>
   941385435
  </id>
  <name>
   Adidas Sweater E-1370
  </name>
  <category>
   Sweater
  </category>
  <size>
   M
  </size>
  <color>
   Желтый
  </color>
  <material>
   Вискоза
  </material>
  <price>
   986371
  </price>
  <rating>
   4.2
  </rating>
  <reviews>
   464044
  </reviews>
  <new>
   +
  </new>
  <sporty>
   yes
  </sporty>
 </clothing>
 <clothing>
  <id>
   596324923
  </id>
  <name>
   Converse Gloves M-7485
  </name>
  <category>
   Gloves
  </category>
  <size>
   XL
  </size>
  <color>
   Оранжевый
  </color>
  <material>
   Шелк
  </material>
  <price>
   230581
  </price>
  <rating>
   3.36
  </rating>
  <reviews>
   817006
  </reviews>
  <exclusive>
   no
  </exclusive>
 </clothing>
</clothing-items>
