<?xml version="1.0" encoding="utf-8"?>
<clothing-items>
 <clothing>
  <id>
   537541551
  </id>
  <name>
   Ellesse Pants D-5136
  </name>
  <category>
   Pants
  </category>
  <size>
   XL
  </size>
  <color>
   Фиолетовый
  </color>
  <material>
   Кожа
  </material>
  <price>
   525667
  </price>
  <rating>
   2.76
  </rating>
  <reviews>
   588628
  </reviews>
  <new>
   +
  </new>
  <sporty>
   yes
  </sporty>
 </clothing>
 <clothing>
  <id>
   516933379
  </id>
  <name>
   Puma Umbrellas T-4204
  </name>
  <category>
   Umbrellas
  </category>
  <size>
   M
  </size>
  <color>
   Синий
  </color>
  <material>
   Лен
  </material>
  <price>
   803707
  </price>
  <rating>
   2.97
  </rating>
  <reviews>
   307638
  </reviews>
  <new>
   +
  </new>
  <exclusive>
   no
  </exclusive>
  <sporty>
   yes
  </sporty>
 </clothing>
 <clothing>
  <id>
   196164495
  </id>
  <name>
   Nike Gloves C-7292
  </name>
  <category>
   Gloves
  </category>
  <size>
   XXL
  </size>
  <color>
   Зеленый
  </color>
  <material>
   Вискоза
  </material>
  <price>
   828848
  </price>
  <rating>
   1.03
  </rating>
  <reviews>
   115960
  </reviews>
  <new>
   -
  </new>
  <sporty>
   no
  </sporty>
 </clothing>
 <clothing>
  <id>
   908532067
  </id>
  <name>
   Nike Dress Y-1195
  </name>
  <category>
   Dress
  </category>
  <size>
   M
  </size>
  <color>
   Синий
  </color>
  <material>
   Нейлон
  </material>
  <price>
   671240
  </price>
  <rating>
   1.53
  </rating>
  <reviews>
   227719
  </reviews>
  <new>
   -
  </new>
  <exclusive>
   yes
  </exclusive>
 </clothing>
 <clothing>
  <id>
   320335218
  </id>
  <name>
   Asics Jacket J-7467
  </name>
  <category>
   Jacket
  </category>
  <size>
   S
  </size>
  <color>
   Желтый
  </color>
  <material>
   Шелк
  </material>
  <price>
   779957
  </price>
  <rating>
   3.19
  </rating>
  <reviews>
   103386
  </reviews>
  <exclusive>
   yes
  </exclusive>
  <sporty>
   no
  </sporty>
 </clothing>
 <clothing>
  <id>
   900798208
  </id>
  <name>
   DC Skirt T-6985
  </name>
  <category>
   Skirt
  </category>
  <size>
   M
  </size>
  <color>
   Желтый
  </color>
  <material>
   Шелк
  </material>
  <price>
   690507
  </price>
  <rating>
   2.98
  </rating>
  <reviews>
   599648
  </reviews>
  <sporty>
   no
  </sporty>
 </clothing>
 <clothing>
  <id>
   384962924
  </id>
  <name>
   Brooks Shoes K-3465
  </name>
  <category>
   Shoes
  </category>
  <size>
   XXL
  </size>
  <color>
   Зеленый
  </color>
  <material>
   Кожа
  </material>
  <price>
   724737
  </price>
  <rating>
   1.79
  </rating>
  <reviews>
   632086
  </reviews>
  <exclusive>
   yes
  </exclusive>
  <sporty>
   no
  </sporty>
 </clothing>
 <clothing>
  <id>
   380668787
  </id>
  <name>
   Converse Sweater M-6018
  </name>
  <category>
   Sweater
  </category>
  <size>
   L
  </size>
  <color>
   Голубой
  </color>
  <material>
   Шелк
  </material>
  <price>
   780824
  </price>
  <rating>
   2.25
  </rating>
  <reviews>
   543187
  </reviews>
  <new>
   -
  </new>
  <exclusive>
   yes
  </exclusive>
 </clothing>
 <clothing>
  <id>
   152439788
  </id>
  <name>
   Addidas Gloves M-1046
  </name>
  <category>
   Gloves
  </category>
  <size>
   L
  </size>
  <color>
   Зеленый
  </color>
  <material>
   Шерсть
  </material>
  <price>
   301780
  </price>
  <rating>
   4.02
  </rating>
  <reviews>
   927421
  </reviews>
  <new>
   -
  </new>
  <sporty>
   no
  </sporty>
 </clothing>
 <clothing>
  <id>
   649123405
  </id>
  <name>
   Vans Skirt M-4739
  </name>
  <category>
   Skirt
  </category>
  <size>
   XXL
  </size>
  <color>
   Красный
  </color>
  <material>
   Кожа
  </material>
  <price>
   482131
  </price>
  <rating>
   3.42
  </rating>
  <reviews>
   35690
  </reviews>
  <new>
   -
  </new>
 </clothing>
 <clothing>
  <id>
   506579976
  </id>
  <name>
   Converse Sweater S-4699
  </name>
  <category>
   Sweater
  </category>
  <size>
   L
  </size>
  <color>
   Желтый
  </color>
  <material>
   Вискоза
  </material>
  <price>
   860947
  </price>
  <rating>
   1.31
  </rating>
  <reviews>
   158454
  </reviews>
  <new>
   -
  </new>
  <sporty>
   no
  </sporty>
 </clothing>
 <clothing>
  <id>
   745673474
  </id>
  <name>
   Asics Handbags U-9633
  </name>
  <category>
   Handbags
  </category>
  <size>
   S
  </size>
  <color>
   Красный
  </color>
  <material>
   Кожа
  </material>
  <price>
   421738
  </price>
  <rating>
   3.02
  </rating>
  <reviews>
   123741
  </reviews>
  <new>
   +
  </new>
  <sporty>
   no
  </sporty>
 </clothing>
 <clothing>
  <id>
   153189515
  </id>
  <name>
   Lacoste Belts J-4675
  </name>
  <category>
   Belts
  </category>
  <size>
   L
  </size>
  <color>
   Зеленый
  </color>
  <material>
   Вискоза
  </material>
  <price>
   780937
  </price>
  <rating>
   4.29
  </rating>
  <reviews>
   2633
  </reviews>
  <sporty>
   no
  </sporty>
 </clothing>
 <clothing>
  <id>
   354030639
  </id>
  <name>
   PleinSport Blouse E-9569
  </name>
  <category>
   Blouse
  </category>
  <size>
   XXL
  </size>
  <color>
   Желтый
  </color>
  <material>
   Лен
  </material>
  <price>
   800685
  </price>
  <rating>
   4.16
  </rating>
  <reviews>
   858207
  </reviews>
  <new>
   -
  </new>
  <exclusive>
   yes
  </exclusive>
 </clothing>
 <clothing>
  <id>
   542537117
  </id>
  <name>
   Lacoste Umbrellas G-6418
  </name>
  <category>
   Umbrellas
  </category>
  <size>
   XXL
  </size>
  <color>
   Зеленый
  </color>
  <material>
   Шелк
  </material>
  <price>
   362541
  </price>
  <rating>
   1.12
  </rating>
  <reviews>
   136545
  </reviews>
  <new>
   +
  </new>
  <exclusive>
   yes
  </exclusive>
 </clothing>
 <clothing>
  <id>
   489785016
  </id>
  <name>
   New Balance Umbrellas W-9594
  </name>
  <category>
   Umbrellas
  </category>
  <size>
   L
  </size>
  <color>
   Красный
  </color>
  <material>
   Шерсть
  </material>
  <price>
   981476
  </price>
  <rating>
   1.98
  </rating>
  <reviews>
   409846
  </reviews>
  <new>
   -
  </new>
  <exclusive>
   no
  </exclusive>
 </clothing>
 <clothing>
  <id>
   127616185
  </id>
  <name>
   New Balance Jacket N-9140
  </name>
  <category>
   Jacket
  </category>
  <size>
   XL
  </size>
  <color>
   Оранжевый
  </color>
  <material>
   Кожа
  </material>
  <price>
   518595
  </price>
  <rating>
   4.93
  </rating>
  <reviews>
   508235
  </reviews>
  <new>
   -
  </new>
 </clothing>
 <clothing>
  <id>
   745369106
  </id>
  <name>
   New Balance Jeans T-9752
  </name>
  <category>
   Jeans
  </category>
  <size>
   XXL
  </size>
  <color>
   Желтый
  </color>
  <material>
   Полиэстер
  </material>
  <price>
   318277
  </price>
  <rating>
   3.56
  </rating>
  <reviews>
   122293
  </reviews>
  <exclusive>
   yes
  </exclusive>
  <sporty>
   no
  </sporty>
 </clothing>
 <clothing>
  <id>
   151718898
  </id>
  <name>
   PleinSport Shoes T-2375
  </name>
  <category>
   Shoes
  </category>
  <size>
   L
  </size>
  <color>
   Голубой
  </color>
  <material>
   Хлопок
  </material>
  <price>
   475715
  </price>
  <rating>
   3.87
  </rating>
  <reviews>
   561224
  </reviews>
 </clothing>
 <clothing>
  <id>
   146508660
  </id>
  <name>
   Brooks Hat Y-6846
  </name>
  <category>
   Hat
  </category>
  <size>
   L
  </size>
  <color>
   Красный
  </color>
  <material>
   Лен
  </material>
  <price>
   534783
  </price>
  <rating>
   3.18
  </rating>
  <reviews>
   536923
  </reviews>
  <new>
   -
  </new>
  <exclusive>
   no
  </exclusive>
  <sporty>
   yes
  </sporty>
 </clothing>
 <clothing>
  <id>
   352202438
  </id>
  <name>
   PleinSport Sweater U-3292
  </name>
  <category>
   Sweater
  </category>
  <size>
   M
  </size>
  <color>
   Фиолетовый
  </color>
  <material>
   Кожа
  </material>
  <price>
   721248
  </price>
  <rating>
   3.41
  </rating>
  <reviews>
   107192
  </reviews>
  <new>
   +
  </new>
  <sporty>
   no
  </sporty>
 </clothing>
 <clothing>
  <id>
   869461934
  </id>
  <name>
   Adidas Pants M-7798
  </name>
  <category>
   Pants
  </category>
  <size>
   XXL
  </size>
  <color>
   Желтый
  </color>
  <material>
   Лен
  </material>
  <price>
   822153
  </price>
  <rating>
   1.73
  </rating>
  <reviews>
   272375
  </reviews>
  <new>
   +
  </new>
  <exclusive>
   no
  </exclusive>
  <sporty>
   yes
  </sporty>
 </clothing>
 <clothing>
  <id>
   317571465
  </id>
  <name>
   Ellesse Hat I-3557
  </name>
  <category>
   Hat
  </category>
  <size>
   XXL
  </size>
  <color>
   Оранжевый
  </color>
  <material>
   Лен
  </material>
  <price>
   917855
  </price>
  <rating>
   3.72
  </rating>
  <reviews>
   362078
  </reviews>
  <new>
   -
  </new>
  <exclusive>
   no
  </exclusive>
  <sporty>
   yes
  </sporty>
 </clothing>
 <clothing>
  <id>
   976565757
  </id>
  <name>
   Reebok Shoes E-9722
  </name>
  <category>
   Shoes
  </category>
  <size>
   M
  </size>
  <color>
   Синий
  </color>
  <material>
   Полиэстер
  </material>
  <price>
   753735
  </price>
  <rating>
   2.46
  </rating>
  <reviews>
   316816
  </reviews>
  <exclusive>
   yes
  </exclusive>
  <sporty>
   no
  </sporty>
 </clothing>
 <clothing>
  <id>
   440305292
  </id>
  <name>
   Reebok Sweater R-3928
  </name>
  <category>
   Sweater
  </category>
  <size>
   M
  </size>
  <color>
   Голубой
  </color>
  <material>
   Полиэстер
  </material>
  <price>
   461675
  </price>
  <rating>
   2.7
  </rating>
  <reviews>
   408809
  </reviews>
  <new>
   +
  </new>
  <exclusive>
   no
  </exclusive>
  <sporty>
   yes
  </sporty>
 </clothing>
 <clothing>
  <id>
   139683601
  </id>
  <name>
   Addidas Belts A-8874
  </name>
  <category>
   Belts
  </category>
  <size>
   M
  </size>
  <color>
   Красный
  </color>
  <material>
   Шерсть
  </material>
  <price>
   871156
  </price>
  <rating>
   3.02
  </rating>
  <reviews>
   572295
  </reviews>
  <new>
   -
  </new>
  <exclusive>
   no
  </exclusive>
 </clothing>
</clothing-items>
