<?xml version="1.0" encoding="utf-8"?>
<clothing-items>
 <clothing>
  <id>
   725248684
  </id>
  <name>
   DC Jacket B-5261
  </name>
  <category>
   Jacket
  </category>
  <size>
   M
  </size>
  <color>
   Синий
  </color>
  <material>
   Шерсть
  </material>
  <price>
   136289
  </price>
  <rating>
   4.24
  </rating>
  <reviews>
   692824
  </reviews>
  <new>
   -
  </new>
  <exclusive>
   no
  </exclusive>
 </clothing>
 <clothing>
  <id>
   330017622
  </id>
  <name>
   Ellesse Blouse V-2495
  </name>
  <category>
   Blouse
  </category>
  <size>
   M
  </size>
  <color>
   Зеленый
  </color>
  <material>
   Шелк
  </material>
  <price>
   885395
  </price>
  <rating>
   3.28
  </rating>
  <reviews>
   803222
  </reviews>
  <new>
   -
  </new>
  <exclusive>
   no
  </exclusive>
  <sporty>
   no
  </sporty>
 </clothing>
 <clothing>
  <id>
   826833439
  </id>
  <name>
   Reebok Jacket U-3050
  </name>
  <category>
   Jacket
  </category>
  <size>
   M
  </size>
  <color>
   Зеленый
  </color>
  <material>
   Лен
  </material>
  <price>
   942889
  </price>
  <rating>
   1.7
  </rating>
  <reviews>
   376021
  </reviews>
  <new>
   -
  </new>
  <sporty>
   no
  </sporty>
 </clothing>
 <clothing>
  <id>
   350130306
  </id>
  <name>
   Ellesse Shirt M-7494
  </name>
  <category>
   Shirt
  </category>
  <size>
   S
  </size>
  <color>
   Красный
  </color>
  <material>
   Шелк
  </material>
  <price>
   208932
  </price>
  <rating>
   3.27
  </rating>
  <reviews>
   601546
  </reviews>
  <new>
   +
  </new>
  <exclusive>
   no
  </exclusive>
  <sporty>
   no
  </sporty>
 </clothing>
 <clothing>
  <id>
   520082893
  </id>
  <name>
   New Balance Dress H-5952
  </name>
  <category>
   Dress
  </category>
  <size>
   XXL
  </size>
  <color>
   Желтый
  </color>
  <material>
   Шерсть
  </material>
  <price>
   996645
  </price>
  <rating>
   3.96
  </rating>
  <reviews>
   109012
  </reviews>
  <new>
   -
  </new>
  <exclusive>
   no
  </exclusive>
  <sporty>
   no
  </sporty>
 </clothing>
 <clothing>
  <id>
   938607125
  </id>
  <name>
   PleinSport Umbrellas L-5214
  </name>
  <category>
   Umbrellas
  </category>
  <size>
   XL
  </size>
  <color>
   Фиолетовый
  </color>
  <material>
   Шелк
  </material>
  <price>
   225593
  </price>
  <rating>
   3.61
  </rating>
  <reviews>
   119705
  </reviews>
  <new>
   -
  </new>
 </clothing>
 <clothing>
  <id>
   864323439
  </id>
  <name>
   PleinSport Umbrellas D-8328
  </name>
  <category>
   Umbrellas
  </category>
  <size>
   M
  </size>
  <color>
   Желтый
  </color>
  <material>
   Вискоза
  </material>
  <price>
   284269
  </price>
  <rating>
   3.7
  </rating>
  <reviews>
   267541
  </reviews>
  <new>
   -
  </new>
  <exclusive>
   yes
  </exclusive>
 </clothing>
 <clothing>
  <id>
   550531848
  </id>
  <name>
   Reebok T-shirt N-5302
  </name>
  <category>
   T-shirt
  </category>
  <size>
   L
  </size>
  <color>
   Синий
  </color>
  <material>
   Хлопок
  </material>
  <price>
   635225
  </price>
  <rating>
   3.67
  </rating>
  <reviews>
   428685
  </reviews>
  <exclusive>
   yes
  </exclusive>
  <sporty>
   yes
  </sporty>
 </clothing>
 <clothing>
  <id>
   495955366
  </id>
  <name>
   Converse Shoes Q-6127
  </name>
  <category>
   Shoes
  </category>
  <size>
   L
  </size>
  <color>
   Синий
  </color>
  <material>
   Полиэстер
  </material>
  <price>
   476336
  </price>
  <rating>
   4.7
  </rating>
  <reviews>
   847756
  </reviews>
  <new>
   -
  </new>
  <exclusive>
   yes
  </exclusive>
 </clothing>
 <clothing>
  <id>
   850885936
  </id>
  <name>
   Puma Jeans J-5581
  </name>
  <category>
   Jeans
  </category>
  <size>
   XL
  </size>
  <color>
   Красный
  </color>
  <material>
   Лен
  </material>
  <price>
   652129
  </price>
  <rating>
   4.82
  </rating>
  <reviews>
   584596
  </reviews>
  <new>
   +
  </new>
  <exclusive>
   no
  </exclusive>
  <sporty>
   no
  </sporty>
 </clothing>
 <clothing>
  <id>
   657841790
  </id>
  <name>
   Asics Belts Z-8029
  </name>
  <category>
   Belts
  </category>
  <size>
   S
  </size>
  <color>
   Красный
  </color>
  <material>
   Шерсть
  </material>
  <price>
   280118
  </price>
  <rating>
   2.68
  </rating>
  <reviews>
   627488
  </reviews>
  <new>
   -
  </new>
  <exclusive>
   no
  </exclusive>
  <sporty>
   yes
  </sporty>
 </clothing>
 <clothing>
  <id>
   612486886
  </id>
  <name>
   Reebok Gloves G-9620
  </name>
  <category>
   Gloves
  </category>
  <size>
   S
  </size>
  <color>
   Фиолетовый
  </color>
  <material>
   Полиэстер
  </material>
  <price>
   675059
  </price>
  <rating>
   3.06
  </rating>
  <reviews>
   604817
  </reviews>
  <sporty>
   yes
  </sporty>
 </clothing>
 <clothing>
  <id>
   319229512
  </id>
  <name>
   PleinSport Shoes H-4306
  </name>
  <category>
   Shoes
  </category>
  <size>
   L
  </size>
  <color>
   Желтый
  </color>
  <material>
   Шерсть
  </material>
  <price>
   150794
  </price>
  <rating>
   3.86
  </rating>
  <reviews>
   778388
  </reviews>
  <new>
   -
  </new>
  <exclusive>
   yes
  </exclusive>
 </clothing>
 <clothing>
  <id>
   294687337
  </id>
  <name>
   Fila Shoes F-4476
  </name>
  <category>
   Shoes
  </category>
  <size>
   M
  </size>
  <color>
   Желтый
  </color>
  <material>
   Шелк
  </material>
  <price>
   671222
  </price>
  <rating>
   4.42
  </rating>
  <reviews>
   335418
  </reviews>
  <new>
   -
  </new>
  <exclusive>
   no
  </exclusive>
  <sporty>
   no
  </sporty>
 </clothing>
 <clothing>
  <id>
   161184340
  </id>
  <name>
   Reebok Gloves V-9133
  </name>
  <category>
   Gloves
  </category>
  <size>
   L
  </size>
  <color>
   Красный
  </color>
  <material>
   Хлопок
  </material>
  <price>
   660076
  </price>
  <rating>
   4.97
  </rating>
  <reviews>
   94543
  </reviews>
  <new>
   -
  </new>
  <exclusive>
   yes
  </exclusive>
 </clothing>
 <clothing>
  <id>
   667619729
  </id>
  <name>
   Fila Shirt S-4011
  </name>
  <category>
   Shirt
  </category>
  <size>
   XL
  </size>
  <color>
   Голубой
  </color>
  <material>
   Вискоза
  </material>
  <price>
   837352
  </price>
  <rating>
   3.56
  </rating>
  <reviews>
   450894
  </reviews>
  <sporty>
   no
  </sporty>
 </clothing>
 <clothing>
  <id>
   198227678
  </id>
  <name>
   Addidas T-shirt B-3319
  </name>
  <category>
   T-shirt
  </category>
  <size>
   S
  </size>
  <color>
   Желтый
  </color>
  <material>
   Лен
  </material>
  <price>
   349994
  </price>
  <rating>
   2.08
  </rating>
  <reviews>
   238153
  </reviews>
  <exclusive>
   yes
  </exclusive>
 </clothing>
 <clothing>
  <id>
   405773817
  </id>
  <name>
   Vans T-shirt R-5729
  </name>
  <category>
   T-shirt
  </category>
  <size>
   XL
  </size>
  <color>
   Фиолетовый
  </color>
  <material>
   Хлопок
  </material>
  <price>
   276827
  </price>
  <rating>
   2.64
  </rating>
  <reviews>
   44731
  </reviews>
  <new>
   -
  </new>
  <exclusive>
   yes
  </exclusive>
 </clothing>
 <clothing>
  <id>
   925642512
  </id>
  <name>
   Nike Shirt D-6358
  </name>
  <category>
   Shirt
  </category>
  <size>
   M
  </size>
  <color>
   Синий
  </color>
  <material>
   Кожа
  </material>
  <price>
   208072
  </price>
  <rating>
   1.1
  </rating>
  <reviews>
   297174
  </reviews>
  <exclusive>
   yes
  </exclusive>
 </clothing>
 <clothing>
  <id>
   874223740
  </id>
  <name>
   Brooks Jacket I-5234
  </name>
  <category>
   Jacket
  </category>
  <size>
   M
  </size>
  <color>
   Фиолетовый
  </color>
  <material>
   Лен
  </material>
  <price>
   705071
  </price>
  <rating>
   2.96
  </rating>
  <reviews>
   221543
  </reviews>
  <exclusive>
   yes
  </exclusive>
  <sporty>
   yes
  </sporty>
 </clothing>
 <clothing>
  <id>
   935035087
  </id>
  <name>
   Addidas Belts J-4368
  </name>
  <category>
   Belts
  </category>
  <size>
   M
  </size>
  <color>
   Синий
  </color>
  <material>
   Шерсть
  </material>
  <price>
   890440
  </price>
  <rating>
   3.08
  </rating>
  <reviews>
   58601
  </reviews>
  <new>
   -
  </new>
 </clothing>
 <clothing>
  <id>
   650028672
  </id>
  <name>
   Brooks Jeans I-6129
  </name>
  <category>
   Jeans
  </category>
  <size>
   S
  </size>
  <color>
   Зеленый
  </color>
  <material>
   Шелк
  </material>
  <price>
   629730
  </price>
  <rating>
   3.6
  </rating>
  <reviews>
   224688
  </reviews>
 </clothing>
 <clothing>
  <id>
   975104693
  </id>
  <name>
   Fila Gloves O-2153
  </name>
  <category>
   Gloves
  </category>
  <size>
   L
  </size>
  <color>
   Оранжевый
  </color>
  <material>
   Хлопок
  </material>
  <price>
   267472
  </price>
  <rating>
   1.58
  </rating>
  <reviews>
   476550
  </reviews>
  <new>
   +
  </new>
  <exclusive>
   yes
  </exclusive>
  <sporty>
   yes
  </sporty>
 </clothing>
 <clothing>
  <id>
   831360863
  </id>
  <name>
   PleinSport Skirt W-4975
  </name>
  <category>
   Skirt
  </category>
  <size>
   S
  </size>
  <color>
   Зеленый
  </color>
  <material>
   Лен
  </material>
  <price>
   197352
  </price>
  <rating>
   2.37
  </rating>
  <reviews>
   533960
  </reviews>
  <new>
   +
  </new>
  <exclusive>
   no
  </exclusive>
 </clothing>
 <clothing>
  <id>
   276405905
  </id>
  <name>
   DC Umbrellas G-4426
  </name>
  <category>
   Umbrellas
  </category>
  <size>
   M
  </size>
  <color>
   Оранжевый
  </color>
  <material>
   Шелк
  </material>
  <price>
   290880
  </price>
  <rating>
   3.94
  </rating>
  <reviews>
   257100
  </reviews>
 </clothing>
 <clothing>
  <id>
   138382446
  </id>
  <name>
   Fila Blouse X-3599
  </name>
  <category>
   Blouse
  </category>
  <size>
   S
  </size>
  <color>
   Зеленый
  </color>
  <material>
   Вискоза
  </material>
  <price>
   779443
  </price>
  <rating>
   3.98
  </rating>
  <reviews>
   620062
  </reviews>
  <sporty>
   no
  </sporty>
 </clothing>
 <clothing>
  <id>
   209757722
  </id>
  <name>
   Fila Shoes U-3688
  </name>
  <category>
   Shoes
  </category>
  <size>
   XL
  </size>
  <color>
   Голубой
  </color>
  <material>
   Полиэстер
  </material>
  <price>
   131418
  </price>
  <rating>
   1.82
  </rating>
  <reviews>
   315694
  </reviews>
  <exclusive>
   yes
  </exclusive>
  <sporty>
   no
  </sporty>
 </clothing>
 <clothing>
  <id>
   982519332
  </id>
  <name>
   Asics Socks D-1083
  </name>
  <category>
   Socks
  </category>
  <size>
   XL
  </size>
  <color>
   Оранжевый
  </color>
  <material>
   Вискоза
  </material>
  <price>
   103959
  </price>
  <rating>
   1.28
  </rating>
  <reviews>
   667433
  </reviews>
  <new>
   -
  </new>
  <exclusive>
   yes
  </exclusive>
 </clothing>
 <clothing>
  <id>
   582917230
  </id>
  <name>
   Fila Jeans Z-2578
  </name>
  <category>
   Jeans
  </category>
  <size>
   XL
  </size>
  <color>
   Синий
  </color>
  <material>
   Хлопок
  </material>
  <price>
   600643
  </price>
  <rating>
   1.94
  </rating>
  <reviews>
   766558
  </reviews>
  <exclusive>
   no
  </exclusive>
  <sporty>
   yes
  </sporty>
 </clothing>
 <clothing>
  <id>
   163341221
  </id>
  <name>
   Addidas Jacket N-8138
  </name>
  <category>
   Jacket
  </category>
  <size>
   S
  </size>
  <color>
   Оранжевый
  </color>
  <material>
   Нейлон
  </material>
  <price>
   784981
  </price>
  <rating>
   3.55
  </rating>
  <reviews>
   938351
  </reviews>
  <new>
   -
  </new>
  <exclusive>
   no
  </exclusive>
  <sporty>
   yes
  </sporty>
 </clothing>
 <clothing>
  <id>
   938388573
  </id>
  <name>
   Nike Handbags Z-1097
  </name>
  <category>
   Handbags
  </category>
  <size>
   M
  </size>
  <color>
   Оранжевый
  </color>
  <material>
   Хлопок
  </material>
  <price>
   679332
  </price>
  <rating>
   1.93
  </rating>
  <reviews>
   691902
  </reviews>
  <new>
   -
  </new>
  <exclusive>
   no
  </exclusive>
 </clothing>
 <clothing>
  <id>
   405956702
  </id>
  <name>
   Adidas Gloves J-5581
  </name>
  <category>
   Gloves
  </category>
  <size>
   L
  </size>
  <color>
   Зеленый
  </color>
  <material>
   Кожа
  </material>
  <price>
   865989
  </price>
  <rating>
   2.71
  </rating>
  <reviews>
   263304
  </reviews>
  <new>
   +
  </new>
 </clothing>
 <clothing>
  <id>
   188469108
  </id>
  <name>
   New Balance Umbrellas W-7941
  </name>
  <category>
   Umbrellas
  </category>
  <size>
   XL
  </size>
  <color>
   Голубой
  </color>
  <material>
   Лен
  </material>
  <price>
   390543
  </price>
  <rating>
   2.96
  </rating>
  <reviews>
   562963
  </reviews>
  <new>
   -
  </new>
 </clothing>
 <clothing>
  <id>
   419782468
  </id>
  <name>
   Puma Blouse Z-6670
  </name>
  <category>
   Blouse
  </category>
  <size>
   XXL
  </size>
  <color>
   Синий
  </color>
  <material>
   Хлопок
  </material>
  <price>
   617824
  </price>
  <rating>
   3.3
  </rating>
  <reviews>
   92236
  </reviews>
  <new>
   -
  </new>
  <exclusive>
   no
  </exclusive>
 </clothing>
 <clothing>
  <id>
   756429448
  </id>
  <name>
   Under Armour Handbags M-5330
  </name>
  <category>
   Handbags
  </category>
  <size>
   S
  </size>
  <color>
   Желтый
  </color>
  <material>
   Шелк
  </material>
  <price>
   484894
  </price>
  <rating>
   1.27
  </rating>
  <reviews>
   675931
  </reviews>
  <new>
   +
  </new>
  <exclusive>
   no
  </exclusive>
 </clothing>
 <clothing>
  <id>
   323482237
  </id>
  <name>
   New Balance Belts H-9243
  </name>
  <category>
   Belts
  </category>
  <size>
   XXL
  </size>
  <color>
   Оранжевый
  </color>
  <material>
   Шерсть
  </material>
  <price>
   794386
  </price>
  <rating>
   1.5
  </rating>
  <reviews>
   320460
  </reviews>
  <new>
   +
  </new>
  <exclusive>
   no
  </exclusive>
 </clothing>
 <clothing>
  <id>
   202936832
  </id>
  <name>
   Asics Shirt Q-7149
  </name>
  <category>
   Shirt
  </category>
  <size>
   XXL
  </size>
  <color>
   Голубой
  </color>
  <material>
   Лен
  </material>
  <price>
   127224
  </price>
  <rating>
   1.32
  </rating>
  <reviews>
   418512
  </reviews>
  <sporty>
   yes
  </sporty>
 </clothing>
 <clothing>
  <id>
   498771244
  </id>
  <name>
   Converse Gloves S-6414
  </name>
  <category>
   Gloves
  </category>
  <size>
   S
  </size>
  <color>
   Оранжевый
  </color>
  <material>
   Вискоза
  </material>
  <price>
   602160
  </price>
  <rating>
   4.69
  </rating>
  <reviews>
   98443
  </reviews>
  <new>
   -
  </new>
  <exclusive>
   no
  </exclusive>
  <sporty>
   yes
  </sporty>
 </clothing>
 <clothing>
  <id>
   571007285
  </id>
  <name>
   Vans Dress B-7504
  </name>
  <category>
   Dress
  </category>
  <size>
   S
  </size>
  <color>
   Синий
  </color>
  <material>
   Полиэстер
  </material>
  <price>
   282246
  </price>
  <rating>
   4.24
  </rating>
  <reviews>
   118731
  </reviews>
  <new>
   +
  </new>
  <sporty>
   yes
  </sporty>
 </clothing>
 <clothing>
  <id>
   783642103
  </id>
  <name>
   Converse Belts O-5835
  </name>
  <category>
   Belts
  </category>
  <size>
   M
  </size>
  <color>
   Синий
  </color>
  <material>
   Полиэстер
  </material>
  <price>
   870017
  </price>
  <rating>
   1.9
  </rating>
  <reviews>
   189588
  </reviews>
  <new>
   +
  </new>
  <sporty>
   yes
  </sporty>
 </clothing>
 <clothing>
  <id>
   220092133
  </id>
  <name>
   Asics Socks P-9723
  </name>
  <category>
   Socks
  </category>
  <size>
   XXL
  </size>
  <color>
   Желтый
  </color>
  <material>
   Хлопок
  </material>
  <price>
   373825
  </price>
  <rating>
   3.9
  </rating>
  <reviews>
   341979
  </reviews>
  <new>
   -
  </new>
  <sporty>
   no
  </sporty>
 </clothing>
 <clothing>
  <id>
   604979049
  </id>
  <name>
   Lacoste Umbrellas X-6884
  </name>
  <category>
   Umbrellas
  </category>
  <size>
   S
  </size>
  <color>
   Синий
  </color>
  <material>
   Шелк
  </material>
  <price>
   666733
  </price>
  <rating>
   2.67
  </rating>
  <reviews>
   810466
  </reviews>
  <new>
   +
  </new>
  <exclusive>
   yes
  </exclusive>
 </clothing>
 <clothing>
  <id>
   271558599
  </id>
  <name>
   Puma Blouse A-5618
  </name>
  <category>
   Blouse
  </category>
  <size>
   XL
  </size>
  <color>
   Фиолетовый
  </color>
  <material>
   Хлопок
  </material>
  <price>
   298928
  </price>
  <rating>
   3.27
  </rating>
  <reviews>
   485854
  </reviews>
  <new>
   -
  </new>
  <exclusive>
   yes
  </exclusive>
  <sporty>
   no
  </sporty>
 </clothing>
 <clothing>
  <id>
   193247687
  </id>
  <name>
   Nike Gloves W-9523
  </name>
  <category>
   Gloves
  </category>
  <size>
   S
  </size>
  <color>
   Красный
  </color>
  <material>
   Полиэстер
  </material>
  <price>
   866949
  </price>
  <rating>
   1.25
  </rating>
  <reviews>
   70199
  </reviews>
  <new>
   -
  </new>
  <sporty>
   no
  </sporty>
 </clothing>
 <clothing>
  <id>
   762883688
  </id>
  <name>
   DC Umbrellas T-6358
  </name>
  <category>
   Umbrellas
  </category>
  <size>
   L
  </size>
  <color>
   Фиолетовый
  </color>
  <material>
   Вискоза
  </material>
  <price>
   432160
  </price>
  <rating>
   3.39
  </rating>
  <reviews>
   354445
  </reviews>
  <new>
   -
  </new>
  <exclusive>
   yes
  </exclusive>
 </clothing>
</clothing-items>
