<?xml version="1.0" encoding="utf-8"?>
<clothing-items>
 <clothing>
  <id>
   345357975
  </id>
  <name>
   Converse Sweater K-2478
  </name>
  <category>
   Sweater
  </category>
  <size>
   XL
  </size>
  <color>
   Голубой
  </color>
  <material>
   Вискоза
  </material>
  <price>
   242138
  </price>
  <rating>
   2.89
  </rating>
  <reviews>
   680928
  </reviews>
  <exclusive>
   yes
  </exclusive>
  <sporty>
   no
  </sporty>
 </clothing>
 <clothing>
  <id>
   385836959
  </id>
  <name>
   Under Armour Hat C-9026
  </name>
  <category>
   Hat
  </category>
  <size>
   XXL
  </size>
  <color>
   Желтый
  </color>
  <material>
   Вискоза
  </material>
  <price>
   221941
  </price>
  <rating>
   1.6
  </rating>
  <reviews>
   499301
  </reviews>
 </clothing>
 <clothing>
  <id>
   145587922
  </id>
  <name>
   Reebok Socks B-1938
  </name>
  <category>
   Socks
  </category>
  <size>
   XL
  </size>
  <color>
   Оранжевый
  </color>
  <material>
   Шелк
  </material>
  <price>
   629863
  </price>
  <rating>
   3.51
  </rating>
  <reviews>
   15979
  </reviews>
  <new>
   -
  </new>
  <sporty>
   yes
  </sporty>
 </clothing>
 <clothing>
  <id>
   873960643
  </id>
  <name>
   Brooks Sweater E-8021
  </name>
  <category>
   Sweater
  </category>
  <size>
   M
  </size>
  <color>
   Желтый
  </color>
  <material>
   Вискоза
  </material>
  <price>
   387374
  </price>
  <rating>
   1.74
  </rating>
  <reviews>
   481779
  </reviews>
  <exclusive>
   no
  </exclusive>
 </clothing>
 <clothing>
  <id>
   596613196
  </id>
  <name>
   Ellesse T-shirt R-3096
  </name>
  <category>
   T-shirt
  </category>
  <size>
   L
  </size>
  <color>
   Оранжевый
  </color>
  <material>
   Хлопок
  </material>
  <price>
   240860
  </price>
  <rating>
   2.2
  </rating>
  <reviews>
   80357
  </reviews>
  <new>
   +
  </new>
  <exclusive>
   no
  </exclusive>
  <sporty>
   no
  </sporty>
 </clothing>
 <clothing>
  <id>
   807160159
  </id>
  <name>
   Ellesse Blouse N-2700
  </name>
  <category>
   Blouse
  </category>
  <size>
   XXL
  </size>
  <color>
   Оранжевый
  </color>
  <material>
   Шерсть
  </material>
  <price>
   304206
  </price>
  <rating>
   4.4
  </rating>
  <reviews>
   390844
  </reviews>
  <sporty>
   yes
  </sporty>
 </clothing>
 <clothing>
  <id>
   282814281
  </id>
  <name>
   Converse Belts Q-6588
  </name>
  <category>
   Belts
  </category>
  <size>
   S
  </size>
  <color>
   Фиолетовый
  </color>
  <material>
   Нейлон
  </material>
  <price>
   314756
  </price>
  <rating>
   3.65
  </rating>
  <reviews>
   377765
  </reviews>
  <exclusive>
   no
  </exclusive>
  <sporty>
   no
  </sporty>
 </clothing>
 <clothing>
  <id>
   539460543
  </id>
  <name>
   Ellesse Dress J-5677
  </name>
  <category>
   Dress
  </category>
  <size>
   S
  </size>
  <color>
   Красный
  </color>
  <material>
   Нейлон
  </material>
  <price>
   869454
  </price>
  <rating>
   3.84
  </rating>
  <reviews>
   568730
  </reviews>
  <new>
   -
  </new>
  <exclusive>
   yes
  </exclusive>
 </clothing>
 <clothing>
  <id>
   638087922
  </id>
  <name>
   Fila Shirt Z-5963
  </name>
  <category>
   Shirt
  </category>
  <size>
   S
  </size>
  <color>
   Зеленый
  </color>
  <material>
   Полиэстер
  </material>
  <price>
   898666
  </price>
  <rating>
   3.79
  </rating>
  <reviews>
   946251
  </reviews>
  <exclusive>
   yes
  </exclusive>
  <sporty>
   no
  </sporty>
 </clothing>
 <clothing>
  <id>
   913799894
  </id>
  <name>
   Lacoste Skirt M-3742
  </name>
  <category>
   Skirt
  </category>
  <size>
   XXL
  </size>
  <color>
   Голубой
  </color>
  <material>
   Хлопок
  </material>
  <price>
   119098
  </price>
  <rating>
   4.43
  </rating>
  <reviews>
   275544
  </reviews>
  <new>
   -
  </new>
  <exclusive>
   no
  </exclusive>
  <sporty>
   yes
  </sporty>
 </clothing>
 <clothing>
  <id>
   891171832
  </id>
  <name>
   Puma Umbrellas U-8819
  </name>
  <category>
   Umbrellas
  </category>
  <size>
   XXL
  </size>
  <color>
   Голубой
  </color>
  <material>
   Полиэстер
  </material>
  <price>
   937410
  </price>
  <rating>
   1.66
  </rating>
  <reviews>
   899510
  </reviews>
  <exclusive>
   no
  </exclusive>
 </clothing>
 <clothing>
  <id>
   681180286
  </id>
  <name>
   PleinSport Socks N-2401
  </name>
  <category>
   Socks
  </category>
  <size>
   L
  </size>
  <color>
   Голубой
  </color>
  <material>
   Кожа
  </material>
  <price>
   359966
  </price>
  <rating>
   4.21
  </rating>
  <reviews>
   444782
  </reviews>
  <new>
   -
  </new>
  <exclusive>
   no
  </exclusive>
  <sporty>
   no
  </sporty>
 </clothing>
 <clothing>
  <id>
   528749049
  </id>
  <name>
   Fila Dress G-7145
  </name>
  <category>
   Dress
  </category>
  <size>
   XL
  </size>
  <color>
   Синий
  </color>
  <material>
   Шерсть
  </material>
  <price>
   966163
  </price>
  <rating>
   3.42
  </rating>
  <reviews>
   692858
  </reviews>
  <new>
   -
  </new>
 </clothing>
 <clothing>
  <id>
   209131379
  </id>
  <name>
   Converse Umbrellas M-9396
  </name>
  <category>
   Umbrellas
  </category>
  <size>
   S
  </size>
  <color>
   Оранжевый
  </color>
  <material>
   Полиэстер
  </material>
  <price>
   589060
  </price>
  <rating>
   1.7
  </rating>
  <reviews>
   24296
  </reviews>
  <new>
   -
  </new>
  <exclusive>
   no
  </exclusive>
 </clothing>
 <clothing>
  <id>
   398980701
  </id>
  <name>
   Converse Blouse G-9624
  </name>
  <category>
   Blouse
  </category>
  <size>
   L
  </size>
  <color>
   Желтый
  </color>
  <material>
   Нейлон
  </material>
  <price>
   398676
  </price>
  <rating>
   2.13
  </rating>
  <reviews>
   625726
  </reviews>
  <sporty>
   no
  </sporty>
 </clothing>
 <clothing>
  <id>
   582476733
  </id>
  <name>
   Converse Gloves N-9903
  </name>
  <category>
   Gloves
  </category>
  <size>
   XXL
  </size>
  <color>
   Желтый
  </color>
  <material>
   Шелк
  </material>
  <price>
   897805
  </price>
  <rating>
   1.22
  </rating>
  <reviews>
   979481
  </reviews>
  <new>
   -
  </new>
  <exclusive>
   no
  </exclusive>
 </clothing>
 <clothing>
  <id>
   857164022
  </id>
  <name>
   Addidas Shoes H-5282
  </name>
  <category>
   Shoes
  </category>
  <size>
   S
  </size>
  <color>
   Синий
  </color>
  <material>
   Полиэстер
  </material>
  <price>
   109035
  </price>
  <rating>
   3.42
  </rating>
  <reviews>
   4877
  </reviews>
  <new>
   +
  </new>
 </clothing>
 <clothing>
  <id>
   849750898
  </id>
  <name>
   Lacoste T-shirt A-6545
  </name>
  <category>
   T-shirt
  </category>
  <size>
   XL
  </size>
  <color>
   Фиолетовый
  </color>
  <material>
   Хлопок
  </material>
  <price>
   239524
  </price>
  <rating>
   3.9
  </rating>
  <reviews>
   714465
  </reviews>
  <exclusive>
   no
  </exclusive>
  <sporty>
   no
  </sporty>
 </clothing>
 <clothing>
  <id>
   446254197
  </id>
  <name>
   Lacoste Socks B-5128
  </name>
  <category>
   Socks
  </category>
  <size>
   XXL
  </size>
  <color>
   Зеленый
  </color>
  <material>
   Полиэстер
  </material>
  <price>
   237533
  </price>
  <rating>
   1.43
  </rating>
  <reviews>
   158930
  </reviews>
  <new>
   +
  </new>
 </clothing>
 <clothing>
  <id>
   943901372
  </id>
  <name>
   Addidas Hat L-8958
  </name>
  <category>
   Hat
  </category>
  <size>
   XL
  </size>
  <color>
   Голубой
  </color>
  <material>
   Шерсть
  </material>
  <price>
   897691
  </price>
  <rating>
   3.19
  </rating>
  <reviews>
   263927
  </reviews>
  <new>
   +
  </new>
  <exclusive>
   no
  </exclusive>
  <sporty>
   yes
  </sporty>
 </clothing>
 <clothing>
  <id>
   446576382
  </id>
  <name>
   Nike Pants Z-3934
  </name>
  <category>
   Pants
  </category>
  <size>
   S
  </size>
  <color>
   Оранжевый
  </color>
  <material>
   Вискоза
  </material>
  <price>
   118036
  </price>
  <rating>
   2.37
  </rating>
  <reviews>
   730069
  </reviews>
  <new>
   +
  </new>
  <sporty>
   yes
  </sporty>
 </clothing>
 <clothing>
  <id>
   214984185
  </id>
  <name>
   Adidas Shirt O-7896
  </name>
  <category>
   Shirt
  </category>
  <size>
   XXL
  </size>
  <color>
   Фиолетовый
  </color>
  <material>
   Кожа
  </material>
  <price>
   951914
  </price>
  <rating>
   3.86
  </rating>
  <reviews>
   799267
  </reviews>
 </clothing>
</clothing-items>
