<?xml version="1.0" encoding="utf-8"?>
<clothing-items>
 <clothing>
  <id>
   345393199
  </id>
  <name>
   PleinSport Belts C-9203
  </name>
  <category>
   Belts
  </category>
  <size>
   S
  </size>
  <color>
   Красный
  </color>
  <material>
   Кожа
  </material>
  <price>
   591530
  </price>
  <rating>
   2.38
  </rating>
  <reviews>
   635633
  </reviews>
  <exclusive>
   yes
  </exclusive>
  <sporty>
   no
  </sporty>
 </clothing>
 <clothing>
  <id>
   792254495
  </id>
  <name>
   Brooks Skirt H-2091
  </name>
  <category>
   Skirt
  </category>
  <size>
   XL
  </size>
  <color>
   Синий
  </color>
  <material>
   Кожа
  </material>
  <price>
   622090
  </price>
  <rating>
   1.54
  </rating>
  <reviews>
   395251
  </reviews>
  <new>
   -
  </new>
  <sporty>
   yes
  </sporty>
 </clothing>
 <clothing>
  <id>
   837844737
  </id>
  <name>
   Fila Sweater P-6031
  </name>
  <category>
   Sweater
  </category>
  <size>
   L
  </size>
  <color>
   Желтый
  </color>
  <material>
   Шелк
  </material>
  <price>
   979154
  </price>
  <rating>
   1.85
  </rating>
  <reviews>
   8767
  </reviews>
  <sporty>
   no
  </sporty>
 </clothing>
 <clothing>
  <id>
   512776899
  </id>
  <name>
   Ellesse Pants I-6110
  </name>
  <category>
   Pants
  </category>
  <size>
   XL
  </size>
  <color>
   Голубой
  </color>
  <material>
   Нейлон
  </material>
  <price>
   400671
  </price>
  <rating>
   1.97
  </rating>
  <reviews>
   537692
  </reviews>
  <exclusive>
   no
  </exclusive>
  <sporty>
   no
  </sporty>
 </clothing>
 <clothing>
  <id>
   695789885
  </id>
  <name>
   Fila Skirt K-7513
  </name>
  <category>
   Skirt
  </category>
  <size>
   M
  </size>
  <color>
   Синий
  </color>
  <material>
   Нейлон
  </material>
  <price>
   379075
  </price>
  <rating>
   1.78
  </rating>
  <reviews>
   837121
  </reviews>
  <new>
   +
  </new>
  <exclusive>
   yes
  </exclusive>
 </clothing>
 <clothing>
  <id>
   876499529
  </id>
  <name>
   Lacoste Socks G-9822
  </name>
  <category>
   Socks
  </category>
  <size>
   L
  </size>
  <color>
   Желтый
  </color>
  <material>
   Хлопок
  </material>
  <price>
   205029
  </price>
  <rating>
   1.49
  </rating>
  <reviews>
   501808
  </reviews>
  <new>
   -
  </new>
 </clothing>
 <clothing>
  <id>
   968559106
  </id>
  <name>
   Reebok T-shirt Z-1007
  </name>
  <category>
   T-shirt
  </category>
  <size>
   XL
  </size>
  <color>
   Зеленый
  </color>
  <material>
   Хлопок
  </material>
  <price>
   972238
  </price>
  <rating>
   2.47
  </rating>
  <reviews>
   991515
  </reviews>
  <sporty>
   no
  </sporty>
 </clothing>
 <clothing>
  <id>
   176901943
  </id>
  <name>
   Addidas Dress O-5719
  </name>
  <category>
   Dress
  </category>
  <size>
   S
  </size>
  <color>
   Зеленый
  </color>
  <material>
   Кожа
  </material>
  <price>
   957816
  </price>
  <rating>
   2.53
  </rating>
  <reviews>
   483851
  </reviews>
  <new>
   -
  </new>
  <exclusive>
   no
  </exclusive>
  <sporty>
   yes
  </sporty>
 </clothing>
 <clothing>
  <id>
   321965852
  </id>
  <name>
   PleinSport Gloves O-3030
  </name>
  <category>
   Gloves
  </category>
  <size>
   XXL
  </size>
  <color>
   Желтый
  </color>
  <material>
   Хлопок
  </material>
  <price>
   223565
  </price>
  <rating>
   2.03
  </rating>
  <reviews>
   231041
  </reviews>
  <exclusive>
   yes
  </exclusive>
  <sporty>
   yes
  </sporty>
 </clothing>
 <clothing>
  <id>
   553490273
  </id>
  <name>
   Brooks Sweater X-9659
  </name>
  <category>
   Sweater
  </category>
  <size>
   M
  </size>
  <color>
   Голубой
  </color>
  <material>
   Кожа
  </material>
  <price>
   532103
  </price>
  <rating>
   4.73
  </rating>
  <reviews>
   89747
  </reviews>
  <new>
   +
  </new>
  <exclusive>
   no
  </exclusive>
 </clothing>
 <clothing>
  <id>
   170200722
  </id>
  <name>
   New Balance Belts L-5095
  </name>
  <category>
   Belts
  </category>
  <size>
   S
  </size>
  <color>
   Оранжевый
  </color>
  <material>
   Полиэстер
  </material>
  <price>
   152462
  </price>
  <rating>
   3.65
  </rating>
  <reviews>
   595150
  </reviews>
 </clothing>
 <clothing>
  <id>
   879369485
  </id>
  <name>
   Fila Sweater N-4294
  </name>
  <category>
   Sweater
  </category>
  <size>
   M
  </size>
  <color>
   Зеленый
  </color>
  <material>
   Кожа
  </material>
  <price>
   299751
  </price>
  <rating>
   4.72
  </rating>
  <reviews>
   563049
  </reviews>
  <new>
   +
  </new>
  <sporty>
   no
  </sporty>
 </clothing>
 <clothing>
  <id>
   912636195
  </id>
  <name>
   Nike Shoes X-6869
  </name>
  <category>
   Shoes
  </category>
  <size>
   XXL
  </size>
  <color>
   Синий
  </color>
  <material>
   Шелк
  </material>
  <price>
   759048
  </price>
  <rating>
   2.19
  </rating>
  <reviews>
   529612
  </reviews>
  <new>
   -
  </new>
  <exclusive>
   yes
  </exclusive>
  <sporty>
   yes
  </sporty>
 </clothing>
 <clothing>
  <id>
   970502809
  </id>
  <name>
   Under Armour Sweater F-8817
  </name>
  <category>
   Sweater
  </category>
  <size>
   M
  </size>
  <color>
   Голубой
  </color>
  <material>
   Хлопок
  </material>
  <price>
   465254
  </price>
  <rating>
   4.53
  </rating>
  <reviews>
   21308
  </reviews>
  <new>
   -
  </new>
  <exclusive>
   yes
  </exclusive>
  <sporty>
   yes
  </sporty>
 </clothing>
 <clothing>
  <id>
   468879402
  </id>
  <name>
   Puma Blouse D-6980
  </name>
  <category>
   Blouse
  </category>
  <size>
   XL
  </size>
  <color>
   Желтый
  </color>
  <material>
   Нейлон
  </material>
  <price>
   205138
  </price>
  <rating>
   4.53
  </rating>
  <reviews>
   575611
  </reviews>
  <exclusive>
   no
  </exclusive>
 </clothing>
 <clothing>
  <id>
   323261136
  </id>
  <name>
   Brooks Dress E-6902
  </name>
  <category>
   Dress
  </category>
  <size>
   M
  </size>
  <color>
   Красный
  </color>
  <material>
   Лен
  </material>
  <price>
   835589
  </price>
  <rating>
   2.25
  </rating>
  <reviews>
   785800
  </reviews>
  <new>
   -
  </new>
  <sporty>
   yes
  </sporty>
 </clothing>
 <clothing>
  <id>
   981674038
  </id>
  <name>
   Addidas Gloves W-6381
  </name>
  <category>
   Gloves
  </category>
  <size>
   S
  </size>
  <color>
   Оранжевый
  </color>
  <material>
   Лен
  </material>
  <price>
   475486
  </price>
  <rating>
   1.98
  </rating>
  <reviews>
   92799
  </reviews>
  <new>
   +
  </new>
  <exclusive>
   no
  </exclusive>
  <sporty>
   no
  </sporty>
 </clothing>
 <clothing>
  <id>
   851450277
  </id>
  <name>
   Puma Umbrellas S-4083
  </name>
  <category>
   Umbrellas
  </category>
  <size>
   XL
  </size>
  <color>
   Оранжевый
  </color>
  <material>
   Хлопок
  </material>
  <price>
   315443
  </price>
  <rating>
   3.56
  </rating>
  <reviews>
   233629
  </reviews>
  <new>
   +
  </new>
  <sporty>
   yes
  </sporty>
 </clothing>
 <clothing>
  <id>
   789436022
  </id>
  <name>
   Brooks Hat S-7990
  </name>
  <category>
   Hat
  </category>
  <size>
   XXL
  </size>
  <color>
   Желтый
  </color>
  <material>
   Шелк
  </material>
  <price>
   738190
  </price>
  <rating>
   3.6
  </rating>
  <reviews>
   850116
  </reviews>
  <exclusive>
   no
  </exclusive>
 </clothing>
 <clothing>
  <id>
   808514517
  </id>
  <name>
   Brooks Belts L-2470
  </name>
  <category>
   Belts
  </category>
  <size>
   XL
  </size>
  <color>
   Синий
  </color>
  <material>
   Полиэстер
  </material>
  <price>
   701250
  </price>
  <rating>
   3.65
  </rating>
  <reviews>
   918454
  </reviews>
  <new>
   -
  </new>
  <exclusive>
   yes
  </exclusive>
  <sporty>
   yes
  </sporty>
 </clothing>
</clothing-items>
