<?xml version="1.0" encoding="utf-8"?>
<clothing-items>
 <clothing>
  <id>
   296300875
  </id>
  <name>
   Adidas Belts E-8575
  </name>
  <category>
   Belts
  </category>
  <size>
   L
  </size>
  <color>
   Голубой
  </color>
  <material>
   Кожа
  </material>
  <price>
   752007
  </price>
  <rating>
   3.5
  </rating>
  <reviews>
   654038
  </reviews>
  <exclusive>
   yes
  </exclusive>
 </clothing>
 <clothing>
  <id>
   869125927
  </id>
  <name>
   Puma Umbrellas K-1921
  </name>
  <category>
   Umbrellas
  </category>
  <size>
   L
  </size>
  <color>
   Оранжевый
  </color>
  <material>
   Полиэстер
  </material>
  <price>
   729124
  </price>
  <rating>
   2.12
  </rating>
  <reviews>
   479322
  </reviews>
  <new>
   -
  </new>
  <sporty>
   no
  </sporty>
 </clothing>
 <clothing>
  <id>
   184080049
  </id>
  <name>
   PleinSport Jacket P-5789
  </name>
  <category>
   Jacket
  </category>
  <size>
   M
  </size>
  <color>
   Синий
  </color>
  <material>
   Хлопок
  </material>
  <price>
   573904
  </price>
  <rating>
   3.4
  </rating>
  <reviews>
   910918
  </reviews>
  <sporty>
   yes
  </sporty>
 </clothing>
 <clothing>
  <id>
   483051044
  </id>
  <name>
   Nike Shirt H-2769
  </name>
  <category>
   Shirt
  </category>
  <size>
   S
  </size>
  <color>
   Желтый
  </color>
  <material>
   Шерсть
  </material>
  <price>
   686749
  </price>
  <rating>
   2.71
  </rating>
  <reviews>
   413264
  </reviews>
  <exclusive>
   yes
  </exclusive>
  <sporty>
   no
  </sporty>
 </clothing>
 <clothing>
  <id>
   523211595
  </id>
  <name>
   Vans Umbrellas P-3492
  </name>
  <category>
   Umbrellas
  </category>
  <size>
   S
  </size>
  <color>
   Красный
  </color>
  <material>
   Нейлон
  </material>
  <price>
   548218
  </price>
  <rating>
   1.71
  </rating>
  <reviews>
   234435
  </reviews>
  <exclusive>
   no
  </exclusive>
  <sporty>
   yes
  </sporty>
 </clothing>
 <clothing>
  <id>
   732357109
  </id>
  <name>
   Vans Shirt H-2621
  </name>
  <category>
   Shirt
  </category>
  <size>
   XXL
  </size>
  <color>
   Фиолетовый
  </color>
  <material>
   Вискоза
  </material>
  <price>
   482086
  </price>
  <rating>
   1.15
  </rating>
  <reviews>
   983043
  </reviews>
  <exclusive>
   yes
  </exclusive>
  <sporty>
   no
  </sporty>
 </clothing>
 <clothing>
  <id>
   820473363
  </id>
  <name>
   PleinSport Socks H-3507
  </name>
  <category>
   Socks
  </category>
  <size>
   XXL
  </size>
  <color>
   Красный
  </color>
  <material>
   Хлопок
  </material>
  <price>
   701530
  </price>
  <rating>
   3.01
  </rating>
  <reviews>
   327138
  </reviews>
  <exclusive>
   yes
  </exclusive>
  <sporty>
   no
  </sporty>
 </clothing>
 <clothing>
  <id>
   619048436
  </id>
  <name>
   DC Pants T-1065
  </name>
  <category>
   Pants
  </category>
  <size>
   S
  </size>
  <color>
   Красный
  </color>
  <material>
   Шелк
  </material>
  <price>
   191354
  </price>
  <rating>
   2.48
  </rating>
  <reviews>
   133110
  </reviews>
  <new>
   +
  </new>
  <exclusive>
   no
  </exclusive>
 </clothing>
 <clothing>
  <id>
   323844930
  </id>
  <name>
   Ellesse Dress N-3375
  </name>
  <category>
   Dress
  </category>
  <size>
   XXL
  </size>
  <color>
   Желтый
  </color>
  <material>
   Лен
  </material>
  <price>
   110404
  </price>
  <rating>
   4.03
  </rating>
  <reviews>
   174760
  </reviews>
  <sporty>
   no
  </sporty>
 </clothing>
 <clothing>
  <id>
   869909830
  </id>
  <name>
   New Balance Sweater D-1149
  </name>
  <category>
   Sweater
  </category>
  <size>
   L
  </size>
  <color>
   Красный
  </color>
  <material>
   Шелк
  </material>
  <price>
   575966
  </price>
  <rating>
   3.73
  </rating>
  <reviews>
   286531
  </reviews>
  <exclusive>
   no
  </exclusive>
 </clothing>
</clothing-items>
