<?xml version="1.0" encoding="utf-8"?>
<clothing-items>
 <clothing>
  <id>
   620479989
  </id>
  <name>
   DC Dress N-9012
  </name>
  <category>
   Dress
  </category>
  <size>
   XXL
  </size>
  <color>
   Оранжевый
  </color>
  <material>
   Кожа
  </material>
  <price>
   375851
  </price>
  <rating>
   1.0
  </rating>
  <reviews>
   235799
  </reviews>
  <exclusive>
   yes
  </exclusive>
  <sporty>
   no
  </sporty>
 </clothing>
 <clothing>
  <id>
   408912510
  </id>
  <name>
   Addidas Gloves N-4487
  </name>
  <category>
   Gloves
  </category>
  <size>
   XL
  </size>
  <color>
   Зеленый
  </color>
  <material>
   Шелк
  </material>
  <price>
   507325
  </price>
  <rating>
   1.21
  </rating>
  <reviews>
   878332
  </reviews>
  <new>
   +
  </new>
 </clothing>
 <clothing>
  <id>
   619615522
  </id>
  <name>
   Lacoste Jeans X-9999
  </name>
  <category>
   Jeans
  </category>
  <size>
   M
  </size>
  <color>
   Красный
  </color>
  <material>
   Шелк
  </material>
  <price>
   100737
  </price>
  <rating>
   2.15
  </rating>
  <reviews>
   135305
  </reviews>
  <exclusive>
   no
  </exclusive>
 </clothing>
 <clothing>
  <id>
   827135258
  </id>
  <name>
   Addidas Gloves M-1506
  </name>
  <category>
   Gloves
  </category>
  <size>
   XXL
  </size>
  <color>
   Зеленый
  </color>
  <material>
   Лен
  </material>
  <price>
   444676
  </price>
  <rating>
   1.87
  </rating>
  <reviews>
   626168
  </reviews>
  <exclusive>
   yes
  </exclusive>
  <sporty>
   no
  </sporty>
 </clothing>
 <clothing>
  <id>
   135155413
  </id>
  <name>
   New Balance Shoes B-6458
  </name>
  <category>
   Shoes
  </category>
  <size>
   S
  </size>
  <color>
   Оранжевый
  </color>
  <material>
   Нейлон
  </material>
  <price>
   153697
  </price>
  <rating>
   2.54
  </rating>
  <reviews>
   711996
  </reviews>
  <new>
   +
  </new>
  <exclusive>
   no
  </exclusive>
  <sporty>
   no
  </sporty>
 </clothing>
 <clothing>
  <id>
   349515164
  </id>
  <name>
   Converse Dress Y-9067
  </name>
  <category>
   Dress
  </category>
  <size>
   XXL
  </size>
  <color>
   Оранжевый
  </color>
  <material>
   Шерсть
  </material>
  <price>
   104034
  </price>
  <rating>
   3.58
  </rating>
  <reviews>
   992889
  </reviews>
  <new>
   +
  </new>
  <exclusive>
   yes
  </exclusive>
  <sporty>
   no
  </sporty>
 </clothing>
 <clothing>
  <id>
   815570531
  </id>
  <name>
   Vans Socks D-8841
  </name>
  <category>
   Socks
  </category>
  <size>
   XXL
  </size>
  <color>
   Зеленый
  </color>
  <material>
   Нейлон
  </material>
  <price>
   277993
  </price>
  <rating>
   3.44
  </rating>
  <reviews>
   818878
  </reviews>
  <exclusive>
   no
  </exclusive>
 </clothing>
 <clothing>
  <id>
   972860486
  </id>
  <name>
   Lacoste Socks K-5170
  </name>
  <category>
   Socks
  </category>
  <size>
   M
  </size>
  <color>
   Желтый
  </color>
  <material>
   Нейлон
  </material>
  <price>
   405202
  </price>
  <rating>
   4.24
  </rating>
  <reviews>
   838795
  </reviews>
  <new>
   +
  </new>
 </clothing>
 <clothing>
  <id>
   604515500
  </id>
  <name>
   Addidas Jacket T-5370
  </name>
  <category>
   Jacket
  </category>
  <size>
   XXL
  </size>
  <color>
   Оранжевый
  </color>
  <material>
   Полиэстер
  </material>
  <price>
   753926
  </price>
  <rating>
   3.04
  </rating>
  <reviews>
   998663
  </reviews>
  <new>
   +
  </new>
 </clothing>
 <clothing>
  <id>
   802372109
  </id>
  <name>
   PleinSport Sweater Z-4505
  </name>
  <category>
   Sweater
  </category>
  <size>
   S
  </size>
  <color>
   Красный
  </color>
  <material>
   Лен
  </material>
  <price>
   981365
  </price>
  <rating>
   2.19
  </rating>
  <reviews>
   826921
  </reviews>
  <new>
   -
  </new>
  <exclusive>
   no
  </exclusive>
 </clothing>
 <clothing>
  <id>
   711292988
  </id>
  <name>
   Puma Socks D-6077
  </name>
  <category>
   Socks
  </category>
  <size>
   XXL
  </size>
  <color>
   Синий
  </color>
  <material>
   Хлопок
  </material>
  <price>
   797423
  </price>
  <rating>
   4.56
  </rating>
  <reviews>
   778909
  </reviews>
  <new>
   -
  </new>
  <sporty>
   yes
  </sporty>
 </clothing>
 <clothing>
  <id>
   755584690
  </id>
  <name>
   New Balance Blouse I-4285
  </name>
  <category>
   Blouse
  </category>
  <size>
   XL
  </size>
  <color>
   Желтый
  </color>
  <material>
   Нейлон
  </material>
  <price>
   693113
  </price>
  <rating>
   2.83
  </rating>
  <reviews>
   953157
  </reviews>
  <exclusive>
   yes
  </exclusive>
  <sporty>
   no
  </sporty>
 </clothing>
 <clothing>
  <id>
   601117575
  </id>
  <name>
   Asics Pants N-4225
  </name>
  <category>
   Pants
  </category>
  <size>
   M
  </size>
  <color>
   Фиолетовый
  </color>
  <material>
   Хлопок
  </material>
  <price>
   488737
  </price>
  <rating>
   2.33
  </rating>
  <reviews>
   827856
  </reviews>
  <new>
   -
  </new>
  <sporty>
   no
  </sporty>
 </clothing>
 <clothing>
  <id>
   635926523
  </id>
  <name>
   Adidas Pants P-2811
  </name>
  <category>
   Pants
  </category>
  <size>
   XXL
  </size>
  <color>
   Оранжевый
  </color>
  <material>
   Нейлон
  </material>
  <price>
   162163
  </price>
  <rating>
   1.61
  </rating>
  <reviews>
   879939
  </reviews>
  <new>
   -
  </new>
  <exclusive>
   no
  </exclusive>
  <sporty>
   no
  </sporty>
 </clothing>
 <clothing>
  <id>
   516699105
  </id>
  <name>
   Under Armour T-shirt X-5753
  </name>
  <category>
   T-shirt
  </category>
  <size>
   S
  </size>
  <color>
   Желтый
  </color>
  <material>
   Вискоза
  </material>
  <price>
   312397
  </price>
  <rating>
   3.0
  </rating>
  <reviews>
   700820
  </reviews>
  <exclusive>
   yes
  </exclusive>
  <sporty>
   no
  </sporty>
 </clothing>
 <clothing>
  <id>
   720753056
  </id>
  <name>
   Puma Handbags L-5885
  </name>
  <category>
   Handbags
  </category>
  <size>
   XXL
  </size>
  <color>
   Зеленый
  </color>
  <material>
   Нейлон
  </material>
  <price>
   905936
  </price>
  <rating>
   3.8
  </rating>
  <reviews>
   248402
  </reviews>
  <new>
   +
  </new>
  <exclusive>
   no
  </exclusive>
 </clothing>
 <clothing>
  <id>
   825286429
  </id>
  <name>
   Brooks Handbags D-9580
  </name>
  <category>
   Handbags
  </category>
  <size>
   XXL
  </size>
  <color>
   Красный
  </color>
  <material>
   Вискоза
  </material>
  <price>
   506871
  </price>
  <rating>
   3.39
  </rating>
  <reviews>
   456838
  </reviews>
 </clothing>
 <clothing>
  <id>
   773108814
  </id>
  <name>
   Addidas Belts P-6486
  </name>
  <category>
   Belts
  </category>
  <size>
   M
  </size>
  <color>
   Синий
  </color>
  <material>
   Нейлон
  </material>
  <price>
   253005
  </price>
  <rating>
   1.3
  </rating>
  <reviews>
   459413
  </reviews>
 </clothing>
 <clothing>
  <id>
   743741779
  </id>
  <name>
   Reebok Shoes U-7043
  </name>
  <category>
   Shoes
  </category>
  <size>
   S
  </size>
  <color>
   Зеленый
  </color>
  <material>
   Шерсть
  </material>
  <price>
   607224
  </price>
  <rating>
   4.39
  </rating>
  <reviews>
   167930
  </reviews>
  <new>
   -
  </new>
  <exclusive>
   yes
  </exclusive>
 </clothing>
 <clothing>
  <id>
   947206540
  </id>
  <name>
   Reebok Jeans X-5509
  </name>
  <category>
   Jeans
  </category>
  <size>
   L
  </size>
  <color>
   Синий
  </color>
  <material>
   Лен
  </material>
  <price>
   460314
  </price>
  <rating>
   1.38
  </rating>
  <reviews>
   535942
  </reviews>
  <sporty>
   no
  </sporty>
 </clothing>
 <clothing>
  <id>
   156551284
  </id>
  <name>
   Reebok Jeans N-4618
  </name>
  <category>
   Jeans
  </category>
  <size>
   S
  </size>
  <color>
   Красный
  </color>
  <material>
   Шелк
  </material>
  <price>
   245411
  </price>
  <rating>
   2.1
  </rating>
  <reviews>
   640803
  </reviews>
  <new>
   +
  </new>
  <exclusive>
   no
  </exclusive>
  <sporty>
   no
  </sporty>
 </clothing>
 <clothing>
  <id>
   908832994
  </id>
  <name>
   Asics Pants J-8969
  </name>
  <category>
   Pants
  </category>
  <size>
   M
  </size>
  <color>
   Синий
  </color>
  <material>
   Шелк
  </material>
  <price>
   530227
  </price>
  <rating>
   1.11
  </rating>
  <reviews>
   340894
  </reviews>
  <new>
   -
  </new>
 </clothing>
 <clothing>
  <id>
   386056246
  </id>
  <name>
   Puma Jeans N-5910
  </name>
  <category>
   Jeans
  </category>
  <size>
   XXL
  </size>
  <color>
   Голубой
  </color>
  <material>
   Шерсть
  </material>
  <price>
   207849
  </price>
  <rating>
   4.52
  </rating>
  <reviews>
   917128
  </reviews>
  <new>
   -
  </new>
  <sporty>
   no
  </sporty>
 </clothing>
 <clothing>
  <id>
   568682343
  </id>
  <name>
   Addidas Belts E-4334
  </name>
  <category>
   Belts
  </category>
  <size>
   XXL
  </size>
  <color>
   Красный
  </color>
  <material>
   Кожа
  </material>
  <price>
   403885
  </price>
  <rating>
   4.24
  </rating>
  <reviews>
   126745
  </reviews>
  <exclusive>
   no
  </exclusive>
  <sporty>
   yes
  </sporty>
 </clothing>
 <clothing>
  <id>
   317970273
  </id>
  <name>
   Addidas Skirt K-3184
  </name>
  <category>
   Skirt
  </category>
  <size>
   XL
  </size>
  <color>
   Зеленый
  </color>
  <material>
   Полиэстер
  </material>
  <price>
   645959
  </price>
  <rating>
   2.04
  </rating>
  <reviews>
   614306
  </reviews>
  <new>
   +
  </new>
  <exclusive>
   no
  </exclusive>
  <sporty>
   yes
  </sporty>
 </clothing>
 <clothing>
  <id>
   465342415
  </id>
  <name>
   Converse T-shirt O-1451
  </name>
  <category>
   T-shirt
  </category>
  <size>
   XXL
  </size>
  <color>
   Оранжевый
  </color>
  <material>
   Шерсть
  </material>
  <price>
   399890
  </price>
  <rating>
   4.12
  </rating>
  <reviews>
   920975
  </reviews>
  <new>
   -
  </new>
  <exclusive>
   no
  </exclusive>
 </clothing>
 <clothing>
  <id>
   292067111
  </id>
  <name>
   DC T-shirt S-4446
  </name>
  <category>
   T-shirt
  </category>
  <size>
   M
  </size>
  <color>
   Голубой
  </color>
  <material>
   Лен
  </material>
  <price>
   194794
  </price>
  <rating>
   1.14
  </rating>
  <reviews>
   458050
  </reviews>
  <new>
   -
  </new>
  <sporty>
   yes
  </sporty>
 </clothing>
 <clothing>
  <id>
   521919897
  </id>
  <name>
   Adidas Handbags R-7640
  </name>
  <category>
   Handbags
  </category>
  <size>
   L
  </size>
  <color>
   Желтый
  </color>
  <material>
   Нейлон
  </material>
  <price>
   104414
  </price>
  <rating>
   3.32
  </rating>
  <reviews>
   257765
  </reviews>
  <exclusive>
   yes
  </exclusive>
 </clothing>
 <clothing>
  <id>
   206224561
  </id>
  <name>
   Asics Umbrellas F-6562
  </name>
  <category>
   Umbrellas
  </category>
  <size>
   S
  </size>
  <color>
   Синий
  </color>
  <material>
   Лен
  </material>
  <price>
   860989
  </price>
  <rating>
   1.03
  </rating>
  <reviews>
   342302
  </reviews>
  <exclusive>
   no
  </exclusive>
  <sporty>
   no
  </sporty>
 </clothing>
 <clothing>
  <id>
   331474860
  </id>
  <name>
   Converse Umbrellas J-3612
  </name>
  <category>
   Umbrellas
  </category>
  <size>
   S
  </size>
  <color>
   Фиолетовый
  </color>
  <material>
   Нейлон
  </material>
  <price>
   855814
  </price>
  <rating>
   3.69
  </rating>
  <reviews>
   52448
  </reviews>
  <exclusive>
   no
  </exclusive>
 </clothing>
 <clothing>
  <id>
   849429954
  </id>
  <name>
   Vans Umbrellas Y-2006
  </name>
  <category>
   Umbrellas
  </category>
  <size>
   L
  </size>
  <color>
   Синий
  </color>
  <material>
   Лен
  </material>
  <price>
   322685
  </price>
  <rating>
   1.84
  </rating>
  <reviews>
   953331
  </reviews>
  <new>
   +
  </new>
  <exclusive>
   no
  </exclusive>
  <sporty>
   no
  </sporty>
 </clothing>
 <clothing>
  <id>
   189979336
  </id>
  <name>
   Asics Sweater T-7504
  </name>
  <category>
   Sweater
  </category>
  <size>
   XL
  </size>
  <color>
   Голубой
  </color>
  <material>
   Нейлон
  </material>
  <price>
   301378
  </price>
  <rating>
   4.89
  </rating>
  <reviews>
   237657
  </reviews>
  <new>
   -
  </new>
  <exclusive>
   no
  </exclusive>
  <sporty>
   yes
  </sporty>
 </clothing>
 <clothing>
  <id>
   806761547
  </id>
  <name>
   Fila Pants K-3993
  </name>
  <category>
   Pants
  </category>
  <size>
   L
  </size>
  <color>
   Зеленый
  </color>
  <material>
   Кожа
  </material>
  <price>
   583462
  </price>
  <rating>
   1.52
  </rating>
  <reviews>
   467015
  </reviews>
  <exclusive>
   yes
  </exclusive>
  <sporty>
   no
  </sporty>
 </clothing>
 <clothing>
  <id>
   638478942
  </id>
  <name>
   Asics T-shirt I-2864
  </name>
  <category>
   T-shirt
  </category>
  <size>
   M
  </size>
  <color>
   Голубой
  </color>
  <material>
   Вискоза
  </material>
  <price>
   973607
  </price>
  <rating>
   3.03
  </rating>
  <reviews>
   67245
  </reviews>
  <sporty>
   yes
  </sporty>
 </clothing>
 <clothing>
  <id>
   266147504
  </id>
  <name>
   Under Armour Umbrellas I-4296
  </name>
  <category>
   Umbrellas
  </category>
  <size>
   XL
  </size>
  <color>
   Желтый
  </color>
  <material>
   Шелк
  </material>
  <price>
   469623
  </price>
  <rating>
   1.93
  </rating>
  <reviews>
   451253
  </reviews>
  <exclusive>
   yes
  </exclusive>
 </clothing>
 <clothing>
  <id>
   466215644
  </id>
  <name>
   DC Skirt S-4107
  </name>
  <category>
   Skirt
  </category>
  <size>
   L
  </size>
  <color>
   Желтый
  </color>
  <material>
   Лен
  </material>
  <price>
   877135
  </price>
  <rating>
   2.37
  </rating>
  <reviews>
   305414
  </reviews>
  <new>
   -
  </new>
  <exclusive>
   yes
  </exclusive>
 </clothing>
 <clothing>
  <id>
   985690685
  </id>
  <name>
   Asics Skirt D-1225
  </name>
  <category>
   Skirt
  </category>
  <size>
   L
  </size>
  <color>
   Зеленый
  </color>
  <material>
   Вискоза
  </material>
  <price>
   377727
  </price>
  <rating>
   1.49
  </rating>
  <reviews>
   488573
  </reviews>
  <new>
   +
  </new>
  <exclusive>
   no
  </exclusive>
  <sporty>
   yes
  </sporty>
 </clothing>
 <clothing>
  <id>
   177403367
  </id>
  <name>
   Lacoste Shoes T-2761
  </name>
  <category>
   Shoes
  </category>
  <size>
   S
  </size>
  <color>
   Зеленый
  </color>
  <material>
   Хлопок
  </material>
  <price>
   167246
  </price>
  <rating>
   2.94
  </rating>
  <reviews>
   715862
  </reviews>
  <new>
   +
  </new>
  <exclusive>
   no
  </exclusive>
  <sporty>
   yes
  </sporty>
 </clothing>
 <clothing>
  <id>
   261841142
  </id>
  <name>
   Converse Umbrellas D-2395
  </name>
  <category>
   Umbrellas
  </category>
  <size>
   M
  </size>
  <color>
   Голубой
  </color>
  <material>
   Полиэстер
  </material>
  <price>
   281011
  </price>
  <rating>
   4.22
  </rating>
  <reviews>
   217809
  </reviews>
  <new>
   +
  </new>
  <sporty>
   yes
  </sporty>
 </clothing>
 <clothing>
  <id>
   917060916
  </id>
  <name>
   Reebok Jeans V-5186
  </name>
  <category>
   Jeans
  </category>
  <size>
   L
  </size>
  <color>
   Зеленый
  </color>
  <material>
   Вискоза
  </material>
  <price>
   792308
  </price>
  <rating>
   1.63
  </rating>
  <reviews>
   704142
  </reviews>
  <exclusive>
   no
  </exclusive>
 </clothing>
 <clothing>
  <id>
   483958977
  </id>
  <name>
   DC Gloves N-9518
  </name>
  <category>
   Gloves
  </category>
  <size>
   M
  </size>
  <color>
   Голубой
  </color>
  <material>
   Шерсть
  </material>
  <price>
   326320
  </price>
  <rating>
   4.56
  </rating>
  <reviews>
   989080
  </reviews>
  <sporty>
   yes
  </sporty>
 </clothing>
 <clothing>
  <id>
   226621162
  </id>
  <name>
   DC Jeans A-5673
  </name>
  <category>
   Jeans
  </category>
  <size>
   S
  </size>
  <color>
   Голубой
  </color>
  <material>
   Шелк
  </material>
  <price>
   740811
  </price>
  <rating>
   2.98
  </rating>
  <reviews>
   265098
  </reviews>
  <exclusive>
   no
  </exclusive>
  <sporty>
   no
  </sporty>
 </clothing>
 <clothing>
  <id>
   824772205
  </id>
  <name>
   Fila Dress S-7657
  </name>
  <category>
   Dress
  </category>
  <size>
   M
  </size>
  <color>
   Фиолетовый
  </color>
  <material>
   Вискоза
  </material>
  <price>
   230021
  </price>
  <rating>
   2.55
  </rating>
  <reviews>
   530314
  </reviews>
  <new>
   -
  </new>
  <exclusive>
   no
  </exclusive>
  <sporty>
   no
  </sporty>
 </clothing>
 <clothing>
  <id>
   599471722
  </id>
  <name>
   Asics Jeans J-8986
  </name>
  <category>
   Jeans
  </category>
  <size>
   XL
  </size>
  <color>
   Голубой
  </color>
  <material>
   Кожа
  </material>
  <price>
   714854
  </price>
  <rating>
   1.27
  </rating>
  <reviews>
   818305
  </reviews>
  <new>
   +
  </new>
  <exclusive>
   yes
  </exclusive>
  <sporty>
   yes
  </sporty>
 </clothing>
 <clothing>
  <id>
   905643889
  </id>
  <name>
   Converse Socks A-3440
  </name>
  <category>
   Socks
  </category>
  <size>
   XXL
  </size>
  <color>
   Зеленый
  </color>
  <material>
   Полиэстер
  </material>
  <price>
   774176
  </price>
  <rating>
   3.55
  </rating>
  <reviews>
   691119
  </reviews>
  <new>
   -
  </new>
  <exclusive>
   no
  </exclusive>
  <sporty>
   no
  </sporty>
 </clothing>
 <clothing>
  <id>
   419093011
  </id>
  <name>
   Fila Handbags G-4780
  </name>
  <category>
   Handbags
  </category>
  <size>
   XXL
  </size>
  <color>
   Красный
  </color>
  <material>
   Шелк
  </material>
  <price>
   463199
  </price>
  <rating>
   3.05
  </rating>
  <reviews>
   23678
  </reviews>
  <exclusive>
   no
  </exclusive>
 </clothing>
</clothing-items>
