<?xml version="1.0" encoding="utf-8"?>
<clothing-items>
 <clothing>
  <id>
   263497949
  </id>
  <name>
   Fila Pants Z-5350
  </name>
  <category>
   Pants
  </category>
  <size>
   XXL
  </size>
  <color>
   Зеленый
  </color>
  <material>
   Кожа
  </material>
  <price>
   918809
  </price>
  <rating>
   3.96
  </rating>
  <reviews>
   814913
  </reviews>
  <new>
   -
  </new>
  <exclusive>
   yes
  </exclusive>
  <sporty>
   no
  </sporty>
 </clothing>
 <clothing>
  <id>
   298719689
  </id>
  <name>
   DC Umbrellas Y-6143
  </name>
  <category>
   Umbrellas
  </category>
  <size>
   XL
  </size>
  <color>
   Желтый
  </color>
  <material>
   Кожа
  </material>
  <price>
   263207
  </price>
  <rating>
   1.8
  </rating>
  <reviews>
   703830
  </reviews>
  <exclusive>
   no
  </exclusive>
  <sporty>
   yes
  </sporty>
 </clothing>
 <clothing>
  <id>
   662551233
  </id>
  <name>
   Converse Belts A-2724
  </name>
  <category>
   Belts
  </category>
  <size>
   M
  </size>
  <color>
   Желтый
  </color>
  <material>
   Вискоза
  </material>
  <price>
   226850
  </price>
  <rating>
   4.64
  </rating>
  <reviews>
   968566
  </reviews>
  <new>
   -
  </new>
  <exclusive>
   yes
  </exclusive>
 </clothing>
 <clothing>
  <id>
   243684580
  </id>
  <name>
   Ellesse Pants I-2189
  </name>
  <category>
   Pants
  </category>
  <size>
   L
  </size>
  <color>
   Желтый
  </color>
  <material>
   Шерсть
  </material>
  <price>
   715793
  </price>
  <rating>
   2.67
  </rating>
  <reviews>
   105984
  </reviews>
  <exclusive>
   yes
  </exclusive>
  <sporty>
   yes
  </sporty>
 </clothing>
 <clothing>
  <id>
   718030822
  </id>
  <name>
   Adidas Shirt N-5271
  </name>
  <category>
   Shirt
  </category>
  <size>
   M
  </size>
  <color>
   Зеленый
  </color>
  <material>
   Кожа
  </material>
  <price>
   181441
  </price>
  <rating>
   3.6
  </rating>
  <reviews>
   3415
  </reviews>
  <new>
   -
  </new>
  <exclusive>
   yes
  </exclusive>
  <sporty>
   no
  </sporty>
 </clothing>
 <clothing>
  <id>
   606831467
  </id>
  <name>
   Puma T-shirt V-8563
  </name>
  <category>
   T-shirt
  </category>
  <size>
   XXL
  </size>
  <color>
   Красный
  </color>
  <material>
   Шерсть
  </material>
  <price>
   463087
  </price>
  <rating>
   3.0
  </rating>
  <reviews>
   614824
  </reviews>
  <new>
   +
  </new>
  <exclusive>
   no
  </exclusive>
  <sporty>
   yes
  </sporty>
 </clothing>
 <clothing>
  <id>
   105193689
  </id>
  <name>
   New Balance Umbrellas P-4468
  </name>
  <category>
   Umbrellas
  </category>
  <size>
   XXL
  </size>
  <color>
   Голубой
  </color>
  <material>
   Шелк
  </material>
  <price>
   815423
  </price>
  <rating>
   3.21
  </rating>
  <reviews>
   940570
  </reviews>
 </clothing>
 <clothing>
  <id>
   340623936
  </id>
  <name>
   Fila Shoes R-1123
  </name>
  <category>
   Shoes
  </category>
  <size>
   XXL
  </size>
  <color>
   Зеленый
  </color>
  <material>
   Кожа
  </material>
  <price>
   628700
  </price>
  <rating>
   2.39
  </rating>
  <reviews>
   752958
  </reviews>
  <new>
   -
  </new>
  <exclusive>
   no
  </exclusive>
  <sporty>
   yes
  </sporty>
 </clothing>
 <clothing>
  <id>
   492918516
  </id>
  <name>
   Brooks Dress T-8333
  </name>
  <category>
   Dress
  </category>
  <size>
   XL
  </size>
  <color>
   Желтый
  </color>
  <material>
   Лен
  </material>
  <price>
   904787
  </price>
  <rating>
   1.86
  </rating>
  <reviews>
   727386
  </reviews>
  <new>
   -
  </new>
  <exclusive>
   no
  </exclusive>
 </clothing>
 <clothing>
  <id>
   332021587
  </id>
  <name>
   Lacoste Pants M-9520
  </name>
  <category>
   Pants
  </category>
  <size>
   XL
  </size>
  <color>
   Оранжевый
  </color>
  <material>
   Кожа
  </material>
  <price>
   906531
  </price>
  <rating>
   2.74
  </rating>
  <reviews>
   708544
  </reviews>
  <new>
   +
  </new>
  <exclusive>
   yes
  </exclusive>
  <sporty>
   no
  </sporty>
 </clothing>
 <clothing>
  <id>
   414712897
  </id>
  <name>
   Fila Shoes L-4390
  </name>
  <category>
   Shoes
  </category>
  <size>
   L
  </size>
  <color>
   Красный
  </color>
  <material>
   Нейлон
  </material>
  <price>
   821999
  </price>
  <rating>
   2.92
  </rating>
  <reviews>
   603694
  </reviews>
  <new>
   -
  </new>
  <exclusive>
   no
  </exclusive>
  <sporty>
   no
  </sporty>
 </clothing>
 <clothing>
  <id>
   738034058
  </id>
  <name>
   Vans Jacket L-6855
  </name>
  <category>
   Jacket
  </category>
  <size>
   XXL
  </size>
  <color>
   Синий
  </color>
  <material>
   Полиэстер
  </material>
  <price>
   748869
  </price>
  <rating>
   1.86
  </rating>
  <reviews>
   220444
  </reviews>
  <sporty>
   no
  </sporty>
 </clothing>
 <clothing>
  <id>
   349978744
  </id>
  <name>
   Nike Belts B-7205
  </name>
  <category>
   Belts
  </category>
  <size>
   XXL
  </size>
  <color>
   Синий
  </color>
  <material>
   Шерсть
  </material>
  <price>
   168954
  </price>
  <rating>
   3.3
  </rating>
  <reviews>
   424824
  </reviews>
  <new>
   +
  </new>
  <exclusive>
   no
  </exclusive>
  <sporty>
   no
  </sporty>
 </clothing>
 <clothing>
  <id>
   191566552
  </id>
  <name>
   Brooks Dress N-6201
  </name>
  <category>
   Dress
  </category>
  <size>
   XXL
  </size>
  <color>
   Красный
  </color>
  <material>
   Шерсть
  </material>
  <price>
   716047
  </price>
  <rating>
   4.36
  </rating>
  <reviews>
   876109
  </reviews>
  <new>
   -
  </new>
  <exclusive>
   no
  </exclusive>
 </clothing>
 <clothing>
  <id>
   908802663
  </id>
  <name>
   New Balance Sweater F-5483
  </name>
  <category>
   Sweater
  </category>
  <size>
   XL
  </size>
  <color>
   Оранжевый
  </color>
  <material>
   Шелк
  </material>
  <price>
   612259
  </price>
  <rating>
   4.88
  </rating>
  <reviews>
   921880
  </reviews>
  <new>
   -
  </new>
  <exclusive>
   no
  </exclusive>
 </clothing>
 <clothing>
  <id>
   118508773
  </id>
  <name>
   DC Shirt W-7735
  </name>
  <category>
   Shirt
  </category>
  <size>
   XL
  </size>
  <color>
   Желтый
  </color>
  <material>
   Хлопок
  </material>
  <price>
   628580
  </price>
  <rating>
   1.51
  </rating>
  <reviews>
   970318
  </reviews>
  <new>
   -
  </new>
 </clothing>
 <clothing>
  <id>
   396500274
  </id>
  <name>
   New Balance Jeans Q-6854
  </name>
  <category>
   Jeans
  </category>
  <size>
   L
  </size>
  <color>
   Зеленый
  </color>
  <material>
   Полиэстер
  </material>
  <price>
   323043
  </price>
  <rating>
   4.41
  </rating>
  <reviews>
   195061
  </reviews>
  <new>
   -
  </new>
  <exclusive>
   yes
  </exclusive>
 </clothing>
 <clothing>
  <id>
   438818610
  </id>
  <name>
   Lacoste Blouse V-7639
  </name>
  <category>
   Blouse
  </category>
  <size>
   XL
  </size>
  <color>
   Красный
  </color>
  <material>
   Полиэстер
  </material>
  <price>
   877087
  </price>
  <rating>
   3.52
  </rating>
  <reviews>
   140727
  </reviews>
  <new>
   +
  </new>
  <exclusive>
   no
  </exclusive>
  <sporty>
   no
  </sporty>
 </clothing>
 <clothing>
  <id>
   384150759
  </id>
  <name>
   PleinSport Socks W-3825
  </name>
  <category>
   Socks
  </category>
  <size>
   S
  </size>
  <color>
   Оранжевый
  </color>
  <material>
   Полиэстер
  </material>
  <price>
   844483
  </price>
  <rating>
   1.71
  </rating>
  <reviews>
   170155
  </reviews>
  <sporty>
   no
  </sporty>
 </clothing>
 <clothing>
  <id>
   289799967
  </id>
  <name>
   Addidas Jeans G-9072
  </name>
  <category>
   Jeans
  </category>
  <size>
   L
  </size>
  <color>
   Голубой
  </color>
  <material>
   Вискоза
  </material>
  <price>
   269429
  </price>
  <rating>
   1.49
  </rating>
  <reviews>
   21670
  </reviews>
  <new>
   -
  </new>
  <sporty>
   no
  </sporty>
 </clothing>
 <clothing>
  <id>
   345198624
  </id>
  <name>
   Adidas Belts E-4370
  </name>
  <category>
   Belts
  </category>
  <size>
   XL
  </size>
  <color>
   Красный
  </color>
  <material>
   Лен
  </material>
  <price>
   219394
  </price>
  <rating>
   1.08
  </rating>
  <reviews>
   73908
  </reviews>
  <sporty>
   no
  </sporty>
 </clothing>
 <clothing>
  <id>
   474385302
  </id>
  <name>
   Vans Pants X-8015
  </name>
  <category>
   Pants
  </category>
  <size>
   XXL
  </size>
  <color>
   Синий
  </color>
  <material>
   Шерсть
  </material>
  <price>
   275306
  </price>
  <rating>
   2.15
  </rating>
  <reviews>
   87147
  </reviews>
 </clothing>
</clothing-items>
