<?xml version="1.0" encoding="utf-8"?>
<clothing-items>
 <clothing>
  <id>
   336416907
  </id>
  <name>
   Addidas T-shirt C-1247
  </name>
  <category>
   T-shirt
  </category>
  <size>
   XXL
  </size>
  <color>
   Оранжевый
  </color>
  <material>
   Шелк
  </material>
  <price>
   478882
  </price>
  <rating>
   4.37
  </rating>
  <reviews>
   842699
  </reviews>
  <exclusive>
   no
  </exclusive>
 </clothing>
 <clothing>
  <id>
   817197411
  </id>
  <name>
   Ellesse Jacket E-6625
  </name>
  <category>
   Jacket
  </category>
  <size>
   XXL
  </size>
  <color>
   Оранжевый
  </color>
  <material>
   Кожа
  </material>
  <price>
   998593
  </price>
  <rating>
   2.02
  </rating>
  <reviews>
   411121
  </reviews>
  <exclusive>
   yes
  </exclusive>
  <sporty>
   no
  </sporty>
 </clothing>
 <clothing>
  <id>
   405882204
  </id>
  <name>
   Ellesse T-shirt Y-1628
  </name>
  <category>
   T-shirt
  </category>
  <size>
   M
  </size>
  <color>
   Зеленый
  </color>
  <material>
   Кожа
  </material>
  <price>
   449737
  </price>
  <rating>
   1.68
  </rating>
  <reviews>
   373070
  </reviews>
 </clothing>
 <clothing>
  <id>
   664866476
  </id>
  <name>
   Vans Belts A-5754
  </name>
  <category>
   Belts
  </category>
  <size>
   XXL
  </size>
  <color>
   Зеленый
  </color>
  <material>
   Нейлон
  </material>
  <price>
   923162
  </price>
  <rating>
   3.18
  </rating>
  <reviews>
   734014
  </reviews>
  <exclusive>
   no
  </exclusive>
 </clothing>
 <clothing>
  <id>
   269511621
  </id>
  <name>
   New Balance Jacket P-3606
  </name>
  <category>
   Jacket
  </category>
  <size>
   L
  </size>
  <color>
   Синий
  </color>
  <material>
   Кожа
  </material>
  <price>
   171906
  </price>
  <rating>
   3.86
  </rating>
  <reviews>
   339636
  </reviews>
  <exclusive>
   yes
  </exclusive>
 </clothing>
 <clothing>
  <id>
   223038095
  </id>
  <name>
   Ellesse Sweater K-2929
  </name>
  <category>
   Sweater
  </category>
  <size>
   S
  </size>
  <color>
   Красный
  </color>
  <material>
   Кожа
  </material>
  <price>
   341848
  </price>
  <rating>
   3.64
  </rating>
  <reviews>
   910824
  </reviews>
  <new>
   -
  </new>
  <exclusive>
   no
  </exclusive>
  <sporty>
   no
  </sporty>
 </clothing>
 <clothing>
  <id>
   422749405
  </id>
  <name>
   Reebok Shirt R-2975
  </name>
  <category>
   Shirt
  </category>
  <size>
   XL
  </size>
  <color>
   Красный
  </color>
  <material>
   Шерсть
  </material>
  <price>
   307033
  </price>
  <rating>
   3.27
  </rating>
  <reviews>
   515221
  </reviews>
  <new>
   +
  </new>
  <sporty>
   yes
  </sporty>
 </clothing>
 <clothing>
  <id>
   243802080
  </id>
  <name>
   Nike Dress H-3809
  </name>
  <category>
   Dress
  </category>
  <size>
   S
  </size>
  <color>
   Желтый
  </color>
  <material>
   Хлопок
  </material>
  <price>
   333739
  </price>
  <rating>
   1.94
  </rating>
  <reviews>
   156593
  </reviews>
  <exclusive>
   no
  </exclusive>
  <sporty>
   no
  </sporty>
 </clothing>
 <clothing>
  <id>
   737577254
  </id>
  <name>
   Brooks Shoes R-6691
  </name>
  <category>
   Shoes
  </category>
  <size>
   XXL
  </size>
  <color>
   Желтый
  </color>
  <material>
   Хлопок
  </material>
  <price>
   365235
  </price>
  <rating>
   4.64
  </rating>
  <reviews>
   294080
  </reviews>
  <sporty>
   no
  </sporty>
 </clothing>
 <clothing>
  <id>
   827685842
  </id>
  <name>
   Puma Umbrellas I-6364
  </name>
  <category>
   Umbrellas
  </category>
  <size>
   S
  </size>
  <color>
   Зеленый
  </color>
  <material>
   Кожа
  </material>
  <price>
   125272
  </price>
  <rating>
   2.12
  </rating>
  <reviews>
   274400
  </reviews>
  <exclusive>
   no
  </exclusive>
  <sporty>
   no
  </sporty>
 </clothing>
 <clothing>
  <id>
   325810401
  </id>
  <name>
   Brooks Jeans M-2119
  </name>
  <category>
   Jeans
  </category>
  <size>
   M
  </size>
  <color>
   Синий
  </color>
  <material>
   Кожа
  </material>
  <price>
   602270
  </price>
  <rating>
   2.07
  </rating>
  <reviews>
   451982
  </reviews>
  <exclusive>
   yes
  </exclusive>
 </clothing>
 <clothing>
  <id>
   687685916
  </id>
  <name>
   Brooks Gloves H-9100
  </name>
  <category>
   Gloves
  </category>
  <size>
   S
  </size>
  <color>
   Фиолетовый
  </color>
  <material>
   Шерсть
  </material>
  <price>
   423420
  </price>
  <rating>
   2.09
  </rating>
  <reviews>
   961886
  </reviews>
  <exclusive>
   no
  </exclusive>
 </clothing>
 <clothing>
  <id>
   328611008
  </id>
  <name>
   PleinSport Umbrellas T-6984
  </name>
  <category>
   Umbrellas
  </category>
  <size>
   L
  </size>
  <color>
   Фиолетовый
  </color>
  <material>
   Шерсть
  </material>
  <price>
   622419
  </price>
  <rating>
   2.63
  </rating>
  <reviews>
   746480
  </reviews>
  <new>
   -
  </new>
  <exclusive>
   yes
  </exclusive>
 </clothing>
 <clothing>
  <id>
   940002154
  </id>
  <name>
   DC Dress S-3031
  </name>
  <category>
   Dress
  </category>
  <size>
   XXL
  </size>
  <color>
   Синий
  </color>
  <material>
   Вискоза
  </material>
  <price>
   153363
  </price>
  <rating>
   4.07
  </rating>
  <reviews>
   299446
  </reviews>
  <exclusive>
   no
  </exclusive>
  <sporty>
   no
  </sporty>
 </clothing>
 <clothing>
  <id>
   358670892
  </id>
  <name>
   Lacoste Umbrellas E-9049
  </name>
  <category>
   Umbrellas
  </category>
  <size>
   S
  </size>
  <color>
   Зеленый
  </color>
  <material>
   Нейлон
  </material>
  <price>
   552673
  </price>
  <rating>
   2.43
  </rating>
  <reviews>
   808555
  </reviews>
  <new>
   -
  </new>
  <exclusive>
   no
  </exclusive>
  <sporty>
   yes
  </sporty>
 </clothing>
</clothing-items>
