<?xml version="1.0" encoding="utf-8"?>
<clothing-items>
 <clothing>
  <id>
   743693560
  </id>
  <name>
   Asics Shirt Y-6529
  </name>
  <category>
   Shirt
  </category>
  <size>
   XXL
  </size>
  <color>
   Фиолетовый
  </color>
  <material>
   Хлопок
  </material>
  <price>
   879725
  </price>
  <rating>
   1.1
  </rating>
  <reviews>
   989591
  </reviews>
  <new>
   +
  </new>
  <exclusive>
   yes
  </exclusive>
 </clothing>
 <clothing>
  <id>
   577677736
  </id>
  <name>
   DC Gloves L-2498
  </name>
  <category>
   Gloves
  </category>
  <size>
   L
  </size>
  <color>
   Голубой
  </color>
  <material>
   Полиэстер
  </material>
  <price>
   379818
  </price>
  <rating>
   2.34
  </rating>
  <reviews>
   877670
  </reviews>
  <exclusive>
   no
  </exclusive>
  <sporty>
   no
  </sporty>
 </clothing>
 <clothing>
  <id>
   494316170
  </id>
  <name>
   Adidas Socks W-1881
  </name>
  <category>
   Socks
  </category>
  <size>
   XXL
  </size>
  <color>
   Зеленый
  </color>
  <material>
   Шелк
  </material>
  <price>
   708698
  </price>
  <rating>
   4.03
  </rating>
  <reviews>
   90161
  </reviews>
  <new>
   -
  </new>
  <sporty>
   no
  </sporty>
 </clothing>
 <clothing>
  <id>
   699721453
  </id>
  <name>
   Addidas Skirt P-7703
  </name>
  <category>
   Skirt
  </category>
  <size>
   XXL
  </size>
  <color>
   Фиолетовый
  </color>
  <material>
   Кожа
  </material>
  <price>
   835310
  </price>
  <rating>
   4.39
  </rating>
  <reviews>
   47652
  </reviews>
  <new>
   -
  </new>
  <exclusive>
   yes
  </exclusive>
  <sporty>
   yes
  </sporty>
 </clothing>
 <clothing>
  <id>
   793356376
  </id>
  <name>
   Nike Socks A-4126
  </name>
  <category>
   Socks
  </category>
  <size>
   XL
  </size>
  <color>
   Синий
  </color>
  <material>
   Лен
  </material>
  <price>
   376622
  </price>
  <rating>
   2.09
  </rating>
  <reviews>
   769165
  </reviews>
  <new>
   +
  </new>
 </clothing>
 <clothing>
  <id>
   399325917
  </id>
  <name>
   Puma T-shirt T-3017
  </name>
  <category>
   T-shirt
  </category>
  <size>
   L
  </size>
  <color>
   Синий
  </color>
  <material>
   Хлопок
  </material>
  <price>
   190789
  </price>
  <rating>
   1.72
  </rating>
  <reviews>
   847679
  </reviews>
  <sporty>
   no
  </sporty>
 </clothing>
 <clothing>
  <id>
   277542270
  </id>
  <name>
   PleinSport Shirt S-8464
  </name>
  <category>
   Shirt
  </category>
  <size>
   S
  </size>
  <color>
   Красный
  </color>
  <material>
   Хлопок
  </material>
  <price>
   602163
  </price>
  <rating>
   3.56
  </rating>
  <reviews>
   223441
  </reviews>
  <sporty>
   no
  </sporty>
 </clothing>
 <clothing>
  <id>
   595639930
  </id>
  <name>
   Addidas Shirt L-7430
  </name>
  <category>
   Shirt
  </category>
  <size>
   S
  </size>
  <color>
   Красный
  </color>
  <material>
   Вискоза
  </material>
  <price>
   471450
  </price>
  <rating>
   2.34
  </rating>
  <reviews>
   934078
  </reviews>
  <new>
   +
  </new>
  <exclusive>
   yes
  </exclusive>
  <sporty>
   no
  </sporty>
 </clothing>
 <clothing>
  <id>
   978088831
  </id>
  <name>
   Ellesse Shirt O-8172
  </name>
  <category>
   Shirt
  </category>
  <size>
   XL
  </size>
  <color>
   Синий
  </color>
  <material>
   Шерсть
  </material>
  <price>
   121941
  </price>
  <rating>
   1.23
  </rating>
  <reviews>
   118963
  </reviews>
  <exclusive>
   yes
  </exclusive>
 </clothing>
 <clothing>
  <id>
   232421697
  </id>
  <name>
   Brooks Hat M-1806
  </name>
  <category>
   Hat
  </category>
  <size>
   S
  </size>
  <color>
   Оранжевый
  </color>
  <material>
   Полиэстер
  </material>
  <price>
   776581
  </price>
  <rating>
   4.12
  </rating>
  <reviews>
   140661
  </reviews>
  <new>
   +
  </new>
 </clothing>
 <clothing>
  <id>
   865072953
  </id>
  <name>
   Asics Pants B-8058
  </name>
  <category>
   Pants
  </category>
  <size>
   L
  </size>
  <color>
   Красный
  </color>
  <material>
   Полиэстер
  </material>
  <price>
   944017
  </price>
  <rating>
   2.46
  </rating>
  <reviews>
   259184
  </reviews>
  <new>
   +
  </new>
 </clothing>
 <clothing>
  <id>
   706968861
  </id>
  <name>
   Puma Belts J-7606
  </name>
  <category>
   Belts
  </category>
  <size>
   M
  </size>
  <color>
   Синий
  </color>
  <material>
   Полиэстер
  </material>
  <price>
   195561
  </price>
  <rating>
   3.96
  </rating>
  <reviews>
   755656
  </reviews>
  <sporty>
   no
  </sporty>
 </clothing>
 <clothing>
  <id>
   467119696
  </id>
  <name>
   Ellesse Pants C-7530
  </name>
  <category>
   Pants
  </category>
  <size>
   M
  </size>
  <color>
   Фиолетовый
  </color>
  <material>
   Полиэстер
  </material>
  <price>
   617735
  </price>
  <rating>
   3.7
  </rating>
  <reviews>
   483739
  </reviews>
  <new>
   +
  </new>
 </clothing>
 <clothing>
  <id>
   195758611
  </id>
  <name>
   Brooks Skirt A-9931
  </name>
  <category>
   Skirt
  </category>
  <size>
   S
  </size>
  <color>
   Голубой
  </color>
  <material>
   Шерсть
  </material>
  <price>
   847550
  </price>
  <rating>
   1.84
  </rating>
  <reviews>
   249161
  </reviews>
  <new>
   -
  </new>
  <exclusive>
   no
  </exclusive>
 </clothing>
 <clothing>
  <id>
   571578080
  </id>
  <name>
   Ellesse Belts Z-8884
  </name>
  <category>
   Belts
  </category>
  <size>
   L
  </size>
  <color>
   Голубой
  </color>
  <material>
   Шерсть
  </material>
  <price>
   937629
  </price>
  <rating>
   3.5
  </rating>
  <reviews>
   265093
  </reviews>
  <exclusive>
   no
  </exclusive>
 </clothing>
 <clothing>
  <id>
   837599352
  </id>
  <name>
   Adidas Socks F-8159
  </name>
  <category>
   Socks
  </category>
  <size>
   S
  </size>
  <color>
   Оранжевый
  </color>
  <material>
   Нейлон
  </material>
  <price>
   537107
  </price>
  <rating>
   4.57
  </rating>
  <reviews>
   114631
  </reviews>
  <new>
   -
  </new>
  <sporty>
   yes
  </sporty>
 </clothing>
 <clothing>
  <id>
   313697468
  </id>
  <name>
   DC T-shirt V-4710
  </name>
  <category>
   T-shirt
  </category>
  <size>
   XL
  </size>
  <color>
   Фиолетовый
  </color>
  <material>
   Кожа
  </material>
  <price>
   169267
  </price>
  <rating>
   3.69
  </rating>
  <reviews>
   881312
  </reviews>
  <exclusive>
   yes
  </exclusive>
  <sporty>
   yes
  </sporty>
 </clothing>
 <clothing>
  <id>
   666631544
  </id>
  <name>
   Addidas Blouse G-7175
  </name>
  <category>
   Blouse
  </category>
  <size>
   L
  </size>
  <color>
   Желтый
  </color>
  <material>
   Шерсть
  </material>
  <price>
   842219
  </price>
  <rating>
   3.09
  </rating>
  <reviews>
   221675
  </reviews>
  <new>
   +
  </new>
  <sporty>
   yes
  </sporty>
 </clothing>
 <clothing>
  <id>
   881803667
  </id>
  <name>
   Ellesse Hat C-7729
  </name>
  <category>
   Hat
  </category>
  <size>
   S
  </size>
  <color>
   Желтый
  </color>
  <material>
   Кожа
  </material>
  <price>
   284318
  </price>
  <rating>
   2.79
  </rating>
  <reviews>
   233027
  </reviews>
  <new>
   -
  </new>
  <sporty>
   yes
  </sporty>
 </clothing>
 <clothing>
  <id>
   981061407
  </id>
  <name>
   Ellesse Pants V-6945
  </name>
  <category>
   Pants
  </category>
  <size>
   S
  </size>
  <color>
   Желтый
  </color>
  <material>
   Нейлон
  </material>
  <price>
   569703
  </price>
  <rating>
   3.97
  </rating>
  <reviews>
   962378
  </reviews>
  <exclusive>
   no
  </exclusive>
  <sporty>
   no
  </sporty>
 </clothing>
 <clothing>
  <id>
   890303507
  </id>
  <name>
   New Balance Jacket B-4780
  </name>
  <category>
   Jacket
  </category>
  <size>
   L
  </size>
  <color>
   Красный
  </color>
  <material>
   Кожа
  </material>
  <price>
   624282
  </price>
  <rating>
   2.49
  </rating>
  <reviews>
   487114
  </reviews>
  <new>
   -
  </new>
  <exclusive>
   yes
  </exclusive>
  <sporty>
   yes
  </sporty>
 </clothing>
 <clothing>
  <id>
   202573847
  </id>
  <name>
   Asics Jeans A-9894
  </name>
  <category>
   Jeans
  </category>
  <size>
   XL
  </size>
  <color>
   Зеленый
  </color>
  <material>
   Шелк
  </material>
  <price>
   971087
  </price>
  <rating>
   1.97
  </rating>
  <reviews>
   890516
  </reviews>
  <sporty>
   no
  </sporty>
 </clothing>
 <clothing>
  <id>
   946746491
  </id>
  <name>
   Vans Shirt E-8007
  </name>
  <category>
   Shirt
  </category>
  <size>
   S
  </size>
  <color>
   Оранжевый
  </color>
  <material>
   Полиэстер
  </material>
  <price>
   717238
  </price>
  <rating>
   1.01
  </rating>
  <reviews>
   625380
  </reviews>
  <exclusive>
   no
  </exclusive>
 </clothing>
 <clothing>
  <id>
   393417862
  </id>
  <name>
   New Balance Belts W-6850
  </name>
  <category>
   Belts
  </category>
  <size>
   L
  </size>
  <color>
   Голубой
  </color>
  <material>
   Шерсть
  </material>
  <price>
   207038
  </price>
  <rating>
   2.68
  </rating>
  <reviews>
   954982
  </reviews>
  <new>
   -
  </new>
 </clothing>
 <clothing>
  <id>
   170917844
  </id>
  <name>
   DC T-shirt O-2082
  </name>
  <category>
   T-shirt
  </category>
  <size>
   L
  </size>
  <color>
   Зеленый
  </color>
  <material>
   Вискоза
  </material>
  <price>
   700248
  </price>
  <rating>
   2.87
  </rating>
  <reviews>
   523507
  </reviews>
  <exclusive>
   no
  </exclusive>
  <sporty>
   no
  </sporty>
 </clothing>
 <clothing>
  <id>
   219730745
  </id>
  <name>
   Asics Jacket Z-3230
  </name>
  <category>
   Jacket
  </category>
  <size>
   S
  </size>
  <color>
   Оранжевый
  </color>
  <material>
   Полиэстер
  </material>
  <price>
   113049
  </price>
  <rating>
   4.87
  </rating>
  <reviews>
   490341
  </reviews>
  <sporty>
   yes
  </sporty>
 </clothing>
 <clothing>
  <id>
   334939836
  </id>
  <name>
   Under Armour Skirt Q-9377
  </name>
  <category>
   Skirt
  </category>
  <size>
   L
  </size>
  <color>
   Оранжевый
  </color>
  <material>
   Шелк
  </material>
  <price>
   330249
  </price>
  <rating>
   2.32
  </rating>
  <reviews>
   222427
  </reviews>
  <exclusive>
   yes
  </exclusive>
 </clothing>
 <clothing>
  <id>
   845919567
  </id>
  <name>
   Reebok Hat C-8373
  </name>
  <category>
   Hat
  </category>
  <size>
   L
  </size>
  <color>
   Синий
  </color>
  <material>
   Вискоза
  </material>
  <price>
   118975
  </price>
  <rating>
   1.86
  </rating>
  <reviews>
   393491
  </reviews>
  <sporty>
   no
  </sporty>
 </clothing>
 <clothing>
  <id>
   987382244
  </id>
  <name>
   Nike Blouse B-1718
  </name>
  <category>
   Blouse
  </category>
  <size>
   XXL
  </size>
  <color>
   Красный
  </color>
  <material>
   Хлопок
  </material>
  <price>
   997929
  </price>
  <rating>
   4.51
  </rating>
  <reviews>
   164758
  </reviews>
  <new>
   -
  </new>
  <sporty>
   yes
  </sporty>
 </clothing>
 <clothing>
  <id>
   195697490
  </id>
  <name>
   DC Socks U-8549
  </name>
  <category>
   Socks
  </category>
  <size>
   XXL
  </size>
  <color>
   Зеленый
  </color>
  <material>
   Шерсть
  </material>
  <price>
   603024
  </price>
  <rating>
   4.54
  </rating>
  <reviews>
   31923
  </reviews>
  <new>
   -
  </new>
  <exclusive>
   no
  </exclusive>
 </clothing>
 <clothing>
  <id>
   186712912
  </id>
  <name>
   Addidas Jeans Z-8524
  </name>
  <category>
   Jeans
  </category>
  <size>
   M
  </size>
  <color>
   Желтый
  </color>
  <material>
   Шелк
  </material>
  <price>
   201102
  </price>
  <rating>
   2.8
  </rating>
  <reviews>
   640869
  </reviews>
  <new>
   +
  </new>
  <sporty>
   no
  </sporty>
 </clothing>
 <clothing>
  <id>
   233052430
  </id>
  <name>
   Ellesse T-shirt L-1148
  </name>
  <category>
   T-shirt
  </category>
  <size>
   XL
  </size>
  <color>
   Желтый
  </color>
  <material>
   Шерсть
  </material>
  <price>
   860998
  </price>
  <rating>
   1.25
  </rating>
  <reviews>
   245116
  </reviews>
  <exclusive>
   no
  </exclusive>
 </clothing>
 <clothing>
  <id>
   523072749
  </id>
  <name>
   Converse Dress R-8738
  </name>
  <category>
   Dress
  </category>
  <size>
   S
  </size>
  <color>
   Синий
  </color>
  <material>
   Лен
  </material>
  <price>
   601822
  </price>
  <rating>
   3.45
  </rating>
  <reviews>
   929823
  </reviews>
  <exclusive>
   yes
  </exclusive>
  <sporty>
   yes
  </sporty>
 </clothing>
 <clothing>
  <id>
   307461324
  </id>
  <name>
   Brooks Umbrellas N-7032
  </name>
  <category>
   Umbrellas
  </category>
  <size>
   XXL
  </size>
  <color>
   Голубой
  </color>
  <material>
   Шерсть
  </material>
  <price>
   471851
  </price>
  <rating>
   1.98
  </rating>
  <reviews>
   780038
  </reviews>
  <new>
   +
  </new>
  <exclusive>
   no
  </exclusive>
  <sporty>
   no
  </sporty>
 </clothing>
 <clothing>
  <id>
   402137141
  </id>
  <name>
   Vans Gloves F-4422
  </name>
  <category>
   Gloves
  </category>
  <size>
   XL
  </size>
  <color>
   Фиолетовый
  </color>
  <material>
   Шерсть
  </material>
  <price>
   323406
  </price>
  <rating>
   2.47
  </rating>
  <reviews>
   967066
  </reviews>
  <new>
   -
  </new>
  <exclusive>
   no
  </exclusive>
  <sporty>
   no
  </sporty>
 </clothing>
 <clothing>
  <id>
   928392981
  </id>
  <name>
   Lacoste Shirt I-6972
  </name>
  <category>
   Shirt
  </category>
  <size>
   L
  </size>
  <color>
   Желтый
  </color>
  <material>
   Кожа
  </material>
  <price>
   983305
  </price>
  <rating>
   4.76
  </rating>
  <reviews>
   447599
  </reviews>
  <new>
   -
  </new>
  <exclusive>
   yes
  </exclusive>
 </clothing>
 <clothing>
  <id>
   123136710
  </id>
  <name>
   Asics Gloves E-8503
  </name>
  <category>
   Gloves
  </category>
  <size>
   M
  </size>
  <color>
   Красный
  </color>
  <material>
   Шелк
  </material>
  <price>
   432380
  </price>
  <rating>
   4.16
  </rating>
  <reviews>
   164027
  </reviews>
 </clothing>
 <clothing>
  <id>
   537847539
  </id>
  <name>
   Asics Gloves Q-3128
  </name>
  <category>
   Gloves
  </category>
  <size>
   XL
  </size>
  <color>
   Фиолетовый
  </color>
  <material>
   Шерсть
  </material>
  <price>
   270722
  </price>
  <rating>
   1.62
  </rating>
  <reviews>
   581956
  </reviews>
  <new>
   +
  </new>
 </clothing>
 <clothing>
  <id>
   691091583
  </id>
  <name>
   Vans Gloves G-2029
  </name>
  <category>
   Gloves
  </category>
  <size>
   M
  </size>
  <color>
   Голубой
  </color>
  <material>
   Нейлон
  </material>
  <price>
   695486
  </price>
  <rating>
   3.03
  </rating>
  <reviews>
   970657
  </reviews>
  <new>
   -
  </new>
  <exclusive>
   yes
  </exclusive>
  <sporty>
   yes
  </sporty>
 </clothing>
 <clothing>
  <id>
   896252211
  </id>
  <name>
   Under Armour Hat O-8117
  </name>
  <category>
   Hat
  </category>
  <size>
   S
  </size>
  <color>
   Красный
  </color>
  <material>
   Нейлон
  </material>
  <price>
   464665
  </price>
  <rating>
   1.27
  </rating>
  <reviews>
   741526
  </reviews>
  <new>
   +
  </new>
  <exclusive>
   no
  </exclusive>
 </clothing>
 <clothing>
  <id>
   320750168
  </id>
  <name>
   Ellesse Belts T-1583
  </name>
  <category>
   Belts
  </category>
  <size>
   XXL
  </size>
  <color>
   Голубой
  </color>
  <material>
   Шерсть
  </material>
  <price>
   906669
  </price>
  <rating>
   1.77
  </rating>
  <reviews>
   33284
  </reviews>
  <new>
   +
  </new>
  <sporty>
   yes
  </sporty>
 </clothing>
 <clothing>
  <id>
   609599623
  </id>
  <name>
   Vans Jacket S-8700
  </name>
  <category>
   Jacket
  </category>
  <size>
   M
  </size>
  <color>
   Фиолетовый
  </color>
  <material>
   Кожа
  </material>
  <price>
   687051
  </price>
  <rating>
   3.27
  </rating>
  <reviews>
   439551
  </reviews>
  <new>
   -
  </new>
 </clothing>
 <clothing>
  <id>
   435661109
  </id>
  <name>
   Puma Shirt Z-9560
  </name>
  <category>
   Shirt
  </category>
  <size>
   S
  </size>
  <color>
   Фиолетовый
  </color>
  <material>
   Хлопок
  </material>
  <price>
   598417
  </price>
  <rating>
   3.54
  </rating>
  <reviews>
   162892
  </reviews>
  <new>
   +
  </new>
 </clothing>
 <clothing>
  <id>
   331626282
  </id>
  <name>
   New Balance Pants N-4336
  </name>
  <category>
   Pants
  </category>
  <size>
   XXL
  </size>
  <color>
   Зеленый
  </color>
  <material>
   Лен
  </material>
  <price>
   562907
  </price>
  <rating>
   3.26
  </rating>
  <reviews>
   35743
  </reviews>
  <exclusive>
   no
  </exclusive>
  <sporty>
   yes
  </sporty>
 </clothing>
</clothing-items>
