<?xml version="1.0" encoding="utf-8"?>
<clothing-items>
 <clothing>
  <id>
   435954489
  </id>
  <name>
   Converse Jacket I-8618
  </name>
  <category>
   Jacket
  </category>
  <size>
   L
  </size>
  <color>
   Зеленый
  </color>
  <material>
   Кожа
  </material>
  <price>
   572866
  </price>
  <rating>
   4.71
  </rating>
  <reviews>
   186274
  </reviews>
  <new>
   -
  </new>
  <exclusive>
   yes
  </exclusive>
 </clothing>
 <clothing>
  <id>
   100631504
  </id>
  <name>
   Vans Pants S-5909
  </name>
  <category>
   Pants
  </category>
  <size>
   L
  </size>
  <color>
   Желтый
  </color>
  <material>
   Вискоза
  </material>
  <price>
   122126
  </price>
  <rating>
   2.32
  </rating>
  <reviews>
   713803
  </reviews>
  <new>
   +
  </new>
  <sporty>
   no
  </sporty>
 </clothing>
 <clothing>
  <id>
   138044626
  </id>
  <name>
   New Balance Hat D-1639
  </name>
  <category>
   Hat
  </category>
  <size>
   XL
  </size>
  <color>
   Зеленый
  </color>
  <material>
   Нейлон
  </material>
  <price>
   824969
  </price>
  <rating>
   2.47
  </rating>
  <reviews>
   420720
  </reviews>
 </clothing>
 <clothing>
  <id>
   860448067
  </id>
  <name>
   Asics Socks X-6841
  </name>
  <category>
   Socks
  </category>
  <size>
   S
  </size>
  <color>
   Желтый
  </color>
  <material>
   Хлопок
  </material>
  <price>
   512726
  </price>
  <rating>
   2.29
  </rating>
  <reviews>
   479512
  </reviews>
  <new>
   -
  </new>
  <sporty>
   no
  </sporty>
 </clothing>
 <clothing>
  <id>
   184275114
  </id>
  <name>
   Brooks Skirt M-9746
  </name>
  <category>
   Skirt
  </category>
  <size>
   S
  </size>
  <color>
   Синий
  </color>
  <material>
   Нейлон
  </material>
  <price>
   646370
  </price>
  <rating>
   3.56
  </rating>
  <reviews>
   463598
  </reviews>
  <new>
   +
  </new>
 </clothing>
 <clothing>
  <id>
   436987620
  </id>
  <name>
   Converse Shoes U-6975
  </name>
  <category>
   Shoes
  </category>
  <size>
   L
  </size>
  <color>
   Оранжевый
  </color>
  <material>
   Полиэстер
  </material>
  <price>
   244785
  </price>
  <rating>
   3.43
  </rating>
  <reviews>
   703532
  </reviews>
  <new>
   +
  </new>
 </clothing>
 <clothing>
  <id>
   463325981
  </id>
  <name>
   Converse Shirt P-5140
  </name>
  <category>
   Shirt
  </category>
  <size>
   S
  </size>
  <color>
   Зеленый
  </color>
  <material>
   Полиэстер
  </material>
  <price>
   830530
  </price>
  <rating>
   2.28
  </rating>
  <reviews>
   640780
  </reviews>
  <exclusive>
   no
  </exclusive>
 </clothing>
 <clothing>
  <id>
   854051818
  </id>
  <name>
   Nike Socks H-6281
  </name>
  <category>
   Socks
  </category>
  <size>
   M
  </size>
  <color>
   Красный
  </color>
  <material>
   Шелк
  </material>
  <price>
   905074
  </price>
  <rating>
   3.24
  </rating>
  <reviews>
   709192
  </reviews>
  <exclusive>
   no
  </exclusive>
  <sporty>
   no
  </sporty>
 </clothing>
 <clothing>
  <id>
   932974208
  </id>
  <name>
   Nike Gloves V-3108
  </name>
  <category>
   Gloves
  </category>
  <size>
   XXL
  </size>
  <color>
   Зеленый
  </color>
  <material>
   Вискоза
  </material>
  <price>
   132473
  </price>
  <rating>
   1.93
  </rating>
  <reviews>
   500405
  </reviews>
  <new>
   -
  </new>
  <exclusive>
   no
  </exclusive>
  <sporty>
   yes
  </sporty>
 </clothing>
 <clothing>
  <id>
   857804359
  </id>
  <name>
   New Balance Hat V-7800
  </name>
  <category>
   Hat
  </category>
  <size>
   XL
  </size>
  <color>
   Красный
  </color>
  <material>
   Вискоза
  </material>
  <price>
   870496
  </price>
  <rating>
   1.43
  </rating>
  <reviews>
   939403
  </reviews>
 </clothing>
 <clothing>
  <id>
   669656966
  </id>
  <name>
   DC Socks M-5276
  </name>
  <category>
   Socks
  </category>
  <size>
   XL
  </size>
  <color>
   Оранжевый
  </color>
  <material>
   Нейлон
  </material>
  <price>
   175710
  </price>
  <rating>
   2.12
  </rating>
  <reviews>
   429063
  </reviews>
  <exclusive>
   no
  </exclusive>
 </clothing>
 <clothing>
  <id>
   251157206
  </id>
  <name>
   Vans Socks Y-8418
  </name>
  <category>
   Socks
  </category>
  <size>
   S
  </size>
  <color>
   Желтый
  </color>
  <material>
   Шелк
  </material>
  <price>
   242319
  </price>
  <rating>
   2.66
  </rating>
  <reviews>
   852275
  </reviews>
  <new>
   -
  </new>
  <exclusive>
   yes
  </exclusive>
 </clothing>
 <clothing>
  <id>
   397812752
  </id>
  <name>
   Fila Dress N-1796
  </name>
  <category>
   Dress
  </category>
  <size>
   L
  </size>
  <color>
   Синий
  </color>
  <material>
   Шелк
  </material>
  <price>
   551078
  </price>
  <rating>
   3.3
  </rating>
  <reviews>
   914159
  </reviews>
  <new>
   -
  </new>
  <sporty>
   no
  </sporty>
 </clothing>
 <clothing>
  <id>
   917212853
  </id>
  <name>
   Vans Jeans Z-3584
  </name>
  <category>
   Jeans
  </category>
  <size>
   XL
  </size>
  <color>
   Синий
  </color>
  <material>
   Вискоза
  </material>
  <price>
   525172
  </price>
  <rating>
   3.85
  </rating>
  <reviews>
   214965
  </reviews>
  <new>
   +
  </new>
  <exclusive>
   yes
  </exclusive>
  <sporty>
   no
  </sporty>
 </clothing>
 <clothing>
  <id>
   238279030
  </id>
  <name>
   Nike Gloves C-8042
  </name>
  <category>
   Gloves
  </category>
  <size>
   M
  </size>
  <color>
   Фиолетовый
  </color>
  <material>
   Нейлон
  </material>
  <price>
   269981
  </price>
  <rating>
   3.5
  </rating>
  <reviews>
   67422
  </reviews>
 </clothing>
 <clothing>
  <id>
   920096114
  </id>
  <name>
   Brooks Sweater Y-1495
  </name>
  <category>
   Sweater
  </category>
  <size>
   XXL
  </size>
  <color>
   Синий
  </color>
  <material>
   Полиэстер
  </material>
  <price>
   236473
  </price>
  <rating>
   1.35
  </rating>
  <reviews>
   443147
  </reviews>
  <new>
   -
  </new>
  <sporty>
   no
  </sporty>
 </clothing>
 <clothing>
  <id>
   905276313
  </id>
  <name>
   Nike Gloves W-6945
  </name>
  <category>
   Gloves
  </category>
  <size>
   M
  </size>
  <color>
   Оранжевый
  </color>
  <material>
   Полиэстер
  </material>
  <price>
   668650
  </price>
  <rating>
   2.81
  </rating>
  <reviews>
   592574
  </reviews>
  <exclusive>
   no
  </exclusive>
  <sporty>
   no
  </sporty>
 </clothing>
 <clothing>
  <id>
   917322025
  </id>
  <name>
   Asics Skirt D-7353
  </name>
  <category>
   Skirt
  </category>
  <size>
   S
  </size>
  <color>
   Голубой
  </color>
  <material>
   Шерсть
  </material>
  <price>
   688474
  </price>
  <rating>
   3.27
  </rating>
  <reviews>
   79952
  </reviews>
  <exclusive>
   yes
  </exclusive>
 </clothing>
 <clothing>
  <id>
   838375433
  </id>
  <name>
   Vans Shirt H-8695
  </name>
  <category>
   Shirt
  </category>
  <size>
   XL
  </size>
  <color>
   Синий
  </color>
  <material>
   Вискоза
  </material>
  <price>
   589719
  </price>
  <rating>
   3.3
  </rating>
  <reviews>
   184698
  </reviews>
  <exclusive>
   no
  </exclusive>
 </clothing>
 <clothing>
  <id>
   789294730
  </id>
  <name>
   New Balance Shoes M-7739
  </name>
  <category>
   Shoes
  </category>
  <size>
   S
  </size>
  <color>
   Красный
  </color>
  <material>
   Лен
  </material>
  <price>
   733185
  </price>
  <rating>
   4.14
  </rating>
  <reviews>
   586483
  </reviews>
  <new>
   -
  </new>
  <sporty>
   no
  </sporty>
 </clothing>
 <clothing>
  <id>
   774704042
  </id>
  <name>
   PleinSport Umbrellas B-7265
  </name>
  <category>
   Umbrellas
  </category>
  <size>
   XL
  </size>
  <color>
   Зеленый
  </color>
  <material>
   Шелк
  </material>
  <price>
   657706
  </price>
  <rating>
   1.14
  </rating>
  <reviews>
   33091
  </reviews>
  <new>
   +
  </new>
  <sporty>
   yes
  </sporty>
 </clothing>
 <clothing>
  <id>
   470976729
  </id>
  <name>
   Puma Umbrellas D-6748
  </name>
  <category>
   Umbrellas
  </category>
  <size>
   S
  </size>
  <color>
   Оранжевый
  </color>
  <material>
   Вискоза
  </material>
  <price>
   988747
  </price>
  <rating>
   2.57
  </rating>
  <reviews>
   661724
  </reviews>
  <new>
   -
  </new>
  <exclusive>
   yes
  </exclusive>
 </clothing>
 <clothing>
  <id>
   370727144
  </id>
  <name>
   PleinSport Skirt H-3681
  </name>
  <category>
   Skirt
  </category>
  <size>
   L
  </size>
  <color>
   Желтый
  </color>
  <material>
   Хлопок
  </material>
  <price>
   422199
  </price>
  <rating>
   4.71
  </rating>
  <reviews>
   639369
  </reviews>
  <new>
   -
  </new>
  <exclusive>
   no
  </exclusive>
  <sporty>
   no
  </sporty>
 </clothing>
 <clothing>
  <id>
   588807070
  </id>
  <name>
   Addidas Jeans K-5053
  </name>
  <category>
   Jeans
  </category>
  <size>
   XXL
  </size>
  <color>
   Желтый
  </color>
  <material>
   Полиэстер
  </material>
  <price>
   246641
  </price>
  <rating>
   1.51
  </rating>
  <reviews>
   151246
  </reviews>
  <new>
   -
  </new>
  <sporty>
   yes
  </sporty>
 </clothing>
 <clothing>
  <id>
   246334973
  </id>
  <name>
   New Balance Gloves H-7342
  </name>
  <category>
   Gloves
  </category>
  <size>
   S
  </size>
  <color>
   Голубой
  </color>
  <material>
   Полиэстер
  </material>
  <price>
   345756
  </price>
  <rating>
   1.48
  </rating>
  <reviews>
   599990
  </reviews>
  <new>
   -
  </new>
  <exclusive>
   yes
  </exclusive>
  <sporty>
   no
  </sporty>
 </clothing>
 <clothing>
  <id>
   485340532
  </id>
  <name>
   Nike Blouse A-7775
  </name>
  <category>
   Blouse
  </category>
  <size>
   L
  </size>
  <color>
   Красный
  </color>
  <material>
   Кожа
  </material>
  <price>
   849518
  </price>
  <rating>
   3.1
  </rating>
  <reviews>
   885483
  </reviews>
  <sporty>
   yes
  </sporty>
 </clothing>
 <clothing>
  <id>
   799014552
  </id>
  <name>
   PleinSport Gloves G-5175
  </name>
  <category>
   Gloves
  </category>
  <size>
   M
  </size>
  <color>
   Зеленый
  </color>
  <material>
   Кожа
  </material>
  <price>
   477459
  </price>
  <rating>
   2.63
  </rating>
  <reviews>
   842305
  </reviews>
  <new>
   -
  </new>
  <exclusive>
   no
  </exclusive>
  <sporty>
   yes
  </sporty>
 </clothing>
 <clothing>
  <id>
   782013236
  </id>
  <name>
   Fila T-shirt G-6275
  </name>
  <category>
   T-shirt
  </category>
  <size>
   XL
  </size>
  <color>
   Оранжевый
  </color>
  <material>
   Полиэстер
  </material>
  <price>
   496430
  </price>
  <rating>
   4.56
  </rating>
  <reviews>
   47812
  </reviews>
  <new>
   +
  </new>
  <sporty>
   no
  </sporty>
 </clothing>
 <clothing>
  <id>
   473366610
  </id>
  <name>
   Brooks Umbrellas H-5030
  </name>
  <category>
   Umbrellas
  </category>
  <size>
   XL
  </size>
  <color>
   Зеленый
  </color>
  <material>
   Нейлон
  </material>
  <price>
   459933
  </price>
  <rating>
   2.58
  </rating>
  <reviews>
   708833
  </reviews>
  <exclusive>
   no
  </exclusive>
 </clothing>
 <clothing>
  <id>
   462577870
  </id>
  <name>
   Fila Socks D-7178
  </name>
  <category>
   Socks
  </category>
  <size>
   S
  </size>
  <color>
   Красный
  </color>
  <material>
   Хлопок
  </material>
  <price>
   212236
  </price>
  <rating>
   4.9
  </rating>
  <reviews>
   998828
  </reviews>
  <new>
   -
  </new>
  <sporty>
   no
  </sporty>
 </clothing>
 <clothing>
  <id>
   521964368
  </id>
  <name>
   Converse Hat L-3401
  </name>
  <category>
   Hat
  </category>
  <size>
   M
  </size>
  <color>
   Фиолетовый
  </color>
  <material>
   Нейлон
  </material>
  <price>
   572109
  </price>
  <rating>
   1.96
  </rating>
  <reviews>
   204833
  </reviews>
  <new>
   +
  </new>
  <exclusive>
   no
  </exclusive>
 </clothing>
 <clothing>
  <id>
   189002166
  </id>
  <name>
   Addidas Jacket M-8723
  </name>
  <category>
   Jacket
  </category>
  <size>
   L
  </size>
  <color>
   Синий
  </color>
  <material>
   Полиэстер
  </material>
  <price>
   370285
  </price>
  <rating>
   2.05
  </rating>
  <reviews>
   505916
  </reviews>
  <new>
   -
  </new>
  <exclusive>
   yes
  </exclusive>
  <sporty>
   yes
  </sporty>
 </clothing>
 <clothing>
  <id>
   637978858
  </id>
  <name>
   PleinSport Blouse O-7789
  </name>
  <category>
   Blouse
  </category>
  <size>
   XL
  </size>
  <color>
   Оранжевый
  </color>
  <material>
   Кожа
  </material>
  <price>
   189410
  </price>
  <rating>
   3.17
  </rating>
  <reviews>
   649667
  </reviews>
  <exclusive>
   yes
  </exclusive>
  <sporty>
   yes
  </sporty>
 </clothing>
 <clothing>
  <id>
   252078485
  </id>
  <name>
   Asics Blouse W-3264
  </name>
  <category>
   Blouse
  </category>
  <size>
   S
  </size>
  <color>
   Желтый
  </color>
  <material>
   Хлопок
  </material>
  <price>
   593281
  </price>
  <rating>
   2.13
  </rating>
  <reviews>
   226669
  </reviews>
  <exclusive>
   yes
  </exclusive>
 </clothing>
 <clothing>
  <id>
   450989425
  </id>
  <name>
   Under Armour Handbags S-3709
  </name>
  <category>
   Handbags
  </category>
  <size>
   XL
  </size>
  <color>
   Зеленый
  </color>
  <material>
   Хлопок
  </material>
  <price>
   446083
  </price>
  <rating>
   2.59
  </rating>
  <reviews>
   867151
  </reviews>
  <new>
   -
  </new>
  <sporty>
   no
  </sporty>
 </clothing>
 <clothing>
  <id>
   519505692
  </id>
  <name>
   Lacoste Sweater C-2455
  </name>
  <category>
   Sweater
  </category>
  <size>
   XXL
  </size>
  <color>
   Синий
  </color>
  <material>
   Хлопок
  </material>
  <price>
   486309
  </price>
  <rating>
   2.94
  </rating>
  <reviews>
   776418
  </reviews>
  <new>
   -
  </new>
  <exclusive>
   yes
  </exclusive>
 </clothing>
 <clothing>
  <id>
   570402349
  </id>
  <name>
   Asics Pants D-9743
  </name>
  <category>
   Pants
  </category>
  <size>
   S
  </size>
  <color>
   Желтый
  </color>
  <material>
   Хлопок
  </material>
  <price>
   685571
  </price>
  <rating>
   1.56
  </rating>
  <reviews>
   247060
  </reviews>
  <exclusive>
   no
  </exclusive>
  <sporty>
   no
  </sporty>
 </clothing>
 <clothing>
  <id>
   269301118
  </id>
  <name>
   Asics Hat D-1641
  </name>
  <category>
   Hat
  </category>
  <size>
   M
  </size>
  <color>
   Зеленый
  </color>
  <material>
   Шелк
  </material>
  <price>
   121021
  </price>
  <rating>
   2.02
  </rating>
  <reviews>
   168960
  </reviews>
  <new>
   +
  </new>
  <sporty>
   no
  </sporty>
 </clothing>
 <clothing>
  <id>
   852040364
  </id>
  <name>
   Addidas Belts C-3806
  </name>
  <category>
   Belts
  </category>
  <size>
   L
  </size>
  <color>
   Голубой
  </color>
  <material>
   Нейлон
  </material>
  <price>
   548556
  </price>
  <rating>
   1.13
  </rating>
  <reviews>
   472317
  </reviews>
  <exclusive>
   no
  </exclusive>
 </clothing>
 <clothing>
  <id>
   514546323
  </id>
  <name>
   Addidas Jacket N-6904
  </name>
  <category>
   Jacket
  </category>
  <size>
   XL
  </size>
  <color>
   Желтый
  </color>
  <material>
   Хлопок
  </material>
  <price>
   756310
  </price>
  <rating>
   2.21
  </rating>
  <reviews>
   1591
  </reviews>
  <exclusive>
   no
  </exclusive>
 </clothing>
 <clothing>
  <id>
   891904975
  </id>
  <name>
   Reebok Handbags U-7894
  </name>
  <category>
   Handbags
  </category>
  <size>
   XL
  </size>
  <color>
   Зеленый
  </color>
  <material>
   Вискоза
  </material>
  <price>
   234399
  </price>
  <rating>
   1.47
  </rating>
  <reviews>
   997629
  </reviews>
  <new>
   -
  </new>
  <exclusive>
   no
  </exclusive>
  <sporty>
   yes
  </sporty>
 </clothing>
</clothing-items>
