<?xml version="1.0" encoding="utf-8"?>
<clothing-items>
 <clothing>
  <id>
   498581498
  </id>
  <name>
   Vans Blouse J-7016
  </name>
  <category>
   Blouse
  </category>
  <size>
   L
  </size>
  <color>
   Желтый
  </color>
  <material>
   Шерсть
  </material>
  <price>
   822738
  </price>
  <rating>
   1.97
  </rating>
  <reviews>
   229856
  </reviews>
  <new>
   -
  </new>
  <sporty>
   yes
  </sporty>
 </clothing>
 <clothing>
  <id>
   184418886
  </id>
  <name>
   Under Armour Jacket D-3545
  </name>
  <category>
   Jacket
  </category>
  <size>
   S
  </size>
  <color>
   Фиолетовый
  </color>
  <material>
   Лен
  </material>
  <price>
   199683
  </price>
  <rating>
   3.67
  </rating>
  <reviews>
   917006
  </reviews>
 </clothing>
 <clothing>
  <id>
   159142282
  </id>
  <name>
   Vans Pants J-8657
  </name>
  <category>
   Pants
  </category>
  <size>
   M
  </size>
  <color>
   Красный
  </color>
  <material>
   Нейлон
  </material>
  <price>
   589391
  </price>
  <rating>
   1.51
  </rating>
  <reviews>
   483150
  </reviews>
 </clothing>
 <clothing>
  <id>
   643206554
  </id>
  <name>
   Nike Shoes D-1967
  </name>
  <category>
   Shoes
  </category>
  <size>
   L
  </size>
  <color>
   Красный
  </color>
  <material>
   Вискоза
  </material>
  <price>
   166007
  </price>
  <rating>
   3.72
  </rating>
  <reviews>
   816338
  </reviews>
  <exclusive>
   yes
  </exclusive>
  <sporty>
   no
  </sporty>
 </clothing>
 <clothing>
  <id>
   256957622
  </id>
  <name>
   New Balance Gloves X-1362
  </name>
  <category>
   Gloves
  </category>
  <size>
   XL
  </size>
  <color>
   Красный
  </color>
  <material>
   Шелк
  </material>
  <price>
   302883
  </price>
  <rating>
   2.55
  </rating>
  <reviews>
   179696
  </reviews>
  <sporty>
   no
  </sporty>
 </clothing>
 <clothing>
  <id>
   997938704
  </id>
  <name>
   PleinSport Belts V-7853
  </name>
  <category>
   Belts
  </category>
  <size>
   XL
  </size>
  <color>
   Фиолетовый
  </color>
  <material>
   Лен
  </material>
  <price>
   915631
  </price>
  <rating>
   2.46
  </rating>
  <reviews>
   39247
  </reviews>
  <sporty>
   yes
  </sporty>
 </clothing>
 <clothing>
  <id>
   282718160
  </id>
  <name>
   Addidas Shoes K-2513
  </name>
  <category>
   Shoes
  </category>
  <size>
   S
  </size>
  <color>
   Голубой
  </color>
  <material>
   Шерсть
  </material>
  <price>
   852218
  </price>
  <rating>
   4.45
  </rating>
  <reviews>
   720613
  </reviews>
  <new>
   -
  </new>
  <exclusive>
   yes
  </exclusive>
 </clothing>
 <clothing>
  <id>
   801088937
  </id>
  <name>
   PleinSport Pants I-5396
  </name>
  <category>
   Pants
  </category>
  <size>
   XXL
  </size>
  <color>
   Голубой
  </color>
  <material>
   Шелк
  </material>
  <price>
   649227
  </price>
  <rating>
   1.69
  </rating>
  <reviews>
   156434
  </reviews>
  <new>
   +
  </new>
  <exclusive>
   no
  </exclusive>
  <sporty>
   yes
  </sporty>
 </clothing>
 <clothing>
  <id>
   766079960
  </id>
  <name>
   Addidas Belts C-9052
  </name>
  <category>
   Belts
  </category>
  <size>
   M
  </size>
  <color>
   Зеленый
  </color>
  <material>
   Вискоза
  </material>
  <price>
   344968
  </price>
  <rating>
   2.43
  </rating>
  <reviews>
   369468
  </reviews>
  <exclusive>
   yes
  </exclusive>
 </clothing>
 <clothing>
  <id>
   815278871
  </id>
  <name>
   Reebok Blouse Y-7405
  </name>
  <category>
   Blouse
  </category>
  <size>
   XL
  </size>
  <color>
   Синий
  </color>
  <material>
   Хлопок
  </material>
  <price>
   151885
  </price>
  <rating>
   4.24
  </rating>
  <reviews>
   631528
  </reviews>
  <exclusive>
   no
  </exclusive>
 </clothing>
 <clothing>
  <id>
   255981531
  </id>
  <name>
   Ellesse Skirt O-8224
  </name>
  <category>
   Skirt
  </category>
  <size>
   L
  </size>
  <color>
   Желтый
  </color>
  <material>
   Нейлон
  </material>
  <price>
   431080
  </price>
  <rating>
   3.69
  </rating>
  <reviews>
   386273
  </reviews>
  <sporty>
   yes
  </sporty>
 </clothing>
 <clothing>
  <id>
   481932955
  </id>
  <name>
   Under Armour Skirt Z-2066
  </name>
  <category>
   Skirt
  </category>
  <size>
   XL
  </size>
  <color>
   Зеленый
  </color>
  <material>
   Нейлон
  </material>
  <price>
   758301
  </price>
  <rating>
   3.01
  </rating>
  <reviews>
   930284
  </reviews>
  <new>
   +
  </new>
  <exclusive>
   no
  </exclusive>
  <sporty>
   no
  </sporty>
 </clothing>
 <clothing>
  <id>
   738464016
  </id>
  <name>
   Nike Belts K-8370
  </name>
  <category>
   Belts
  </category>
  <size>
   M
  </size>
  <color>
   Синий
  </color>
  <material>
   Шелк
  </material>
  <price>
   289727
  </price>
  <rating>
   2.2
  </rating>
  <reviews>
   262914
  </reviews>
  <sporty>
   yes
  </sporty>
 </clothing>
 <clothing>
  <id>
   117844880
  </id>
  <name>
   Vans Blouse Z-9012
  </name>
  <category>
   Blouse
  </category>
  <size>
   XXL
  </size>
  <color>
   Желтый
  </color>
  <material>
   Вискоза
  </material>
  <price>
   572525
  </price>
  <rating>
   2.27
  </rating>
  <reviews>
   908605
  </reviews>
  <new>
   -
  </new>
 </clothing>
 <clothing>
  <id>
   190915671
  </id>
  <name>
   Asics Shirt Y-1088
  </name>
  <category>
   Shirt
  </category>
  <size>
   S
  </size>
  <color>
   Оранжевый
  </color>
  <material>
   Шерсть
  </material>
  <price>
   143810
  </price>
  <rating>
   4.01
  </rating>
  <reviews>
   805564
  </reviews>
  <new>
   -
  </new>
 </clothing>
 <clothing>
  <id>
   663804562
  </id>
  <name>
   DC Gloves U-2186
  </name>
  <category>
   Gloves
  </category>
  <size>
   XXL
  </size>
  <color>
   Фиолетовый
  </color>
  <material>
   Кожа
  </material>
  <price>
   239597
  </price>
  <rating>
   2.19
  </rating>
  <reviews>
   839269
  </reviews>
  <sporty>
   no
  </sporty>
 </clothing>
 <clothing>
  <id>
   986689938
  </id>
  <name>
   DC Jeans O-9705
  </name>
  <category>
   Jeans
  </category>
  <size>
   L
  </size>
  <color>
   Желтый
  </color>
  <material>
   Кожа
  </material>
  <price>
   635970
  </price>
  <rating>
   2.32
  </rating>
  <reviews>
   21313
  </reviews>
  <exclusive>
   no
  </exclusive>
  <sporty>
   no
  </sporty>
 </clothing>
 <clothing>
  <id>
   394273389
  </id>
  <name>
   Ellesse Jacket I-5833
  </name>
  <category>
   Jacket
  </category>
  <size>
   L
  </size>
  <color>
   Голубой
  </color>
  <material>
   Вискоза
  </material>
  <price>
   534537
  </price>
  <rating>
   3.63
  </rating>
  <reviews>
   516420
  </reviews>
  <new>
   -
  </new>
 </clothing>
 <clothing>
  <id>
   339289728
  </id>
  <name>
   New Balance Skirt Q-6497
  </name>
  <category>
   Skirt
  </category>
  <size>
   S
  </size>
  <color>
   Зеленый
  </color>
  <material>
   Кожа
  </material>
  <price>
   546534
  </price>
  <rating>
   4.39
  </rating>
  <reviews>
   61443
  </reviews>
  <new>
   -
  </new>
  <sporty>
   yes
  </sporty>
 </clothing>
 <clothing>
  <id>
   537188103
  </id>
  <name>
   Asics Skirt X-3071
  </name>
  <category>
   Skirt
  </category>
  <size>
   S
  </size>
  <color>
   Синий
  </color>
  <material>
   Лен
  </material>
  <price>
   904103
  </price>
  <rating>
   4.48
  </rating>
  <reviews>
   600569
  </reviews>
  <new>
   +
  </new>
  <exclusive>
   yes
  </exclusive>
  <sporty>
   yes
  </sporty>
 </clothing>
 <clothing>
  <id>
   370902539
  </id>
  <name>
   Converse Jeans N-6508
  </name>
  <category>
   Jeans
  </category>
  <size>
   XL
  </size>
  <color>
   Фиолетовый
  </color>
  <material>
   Хлопок
  </material>
  <price>
   372576
  </price>
  <rating>
   1.7
  </rating>
  <reviews>
   435689
  </reviews>
  <new>
   +
  </new>
  <exclusive>
   no
  </exclusive>
  <sporty>
   no
  </sporty>
 </clothing>
 <clothing>
  <id>
   746591921
  </id>
  <name>
   New Balance Hat R-9912
  </name>
  <category>
   Hat
  </category>
  <size>
   S
  </size>
  <color>
   Фиолетовый
  </color>
  <material>
   Вискоза
  </material>
  <price>
   704477
  </price>
  <rating>
   1.07
  </rating>
  <reviews>
   966867
  </reviews>
 </clothing>
 <clothing>
  <id>
   666602963
  </id>
  <name>
   Reebok T-shirt W-1290
  </name>
  <category>
   T-shirt
  </category>
  <size>
   L
  </size>
  <color>
   Желтый
  </color>
  <material>
   Шелк
  </material>
  <price>
   186498
  </price>
  <rating>
   1.72
  </rating>
  <reviews>
   747557
  </reviews>
  <new>
   -
  </new>
  <exclusive>
   no
  </exclusive>
  <sporty>
   yes
  </sporty>
 </clothing>
 <clothing>
  <id>
   717345163
  </id>
  <name>
   Addidas Dress N-7547
  </name>
  <category>
   Dress
  </category>
  <size>
   M
  </size>
  <color>
   Зеленый
  </color>
  <material>
   Кожа
  </material>
  <price>
   625830
  </price>
  <rating>
   4.51
  </rating>
  <reviews>
   178166
  </reviews>
  <exclusive>
   no
  </exclusive>
  <sporty>
   no
  </sporty>
 </clothing>
 <clothing>
  <id>
   205400324
  </id>
  <name>
   Addidas Dress L-5319
  </name>
  <category>
   Dress
  </category>
  <size>
   S
  </size>
  <color>
   Зеленый
  </color>
  <material>
   Шелк
  </material>
  <price>
   940919
  </price>
  <rating>
   1.91
  </rating>
  <reviews>
   34449
  </reviews>
  <new>
   -
  </new>
  <sporty>
   no
  </sporty>
 </clothing>
 <clothing>
  <id>
   607149601
  </id>
  <name>
   Nike Blouse W-9288
  </name>
  <category>
   Blouse
  </category>
  <size>
   XXL
  </size>
  <color>
   Синий
  </color>
  <material>
   Вискоза
  </material>
  <price>
   856229
  </price>
  <rating>
   2.17
  </rating>
  <reviews>
   676312
  </reviews>
  <new>
   +
  </new>
  <exclusive>
   no
  </exclusive>
  <sporty>
   yes
  </sporty>
 </clothing>
 <clothing>
  <id>
   164353798
  </id>
  <name>
   Addidas Sweater T-1320
  </name>
  <category>
   Sweater
  </category>
  <size>
   XL
  </size>
  <color>
   Синий
  </color>
  <material>
   Кожа
  </material>
  <price>
   329322
  </price>
  <rating>
   2.5
  </rating>
  <reviews>
   380099
  </reviews>
  <sporty>
   yes
  </sporty>
 </clothing>
 <clothing>
  <id>
   516538929
  </id>
  <name>
   Under Armour Pants E-1037
  </name>
  <category>
   Pants
  </category>
  <size>
   XXL
  </size>
  <color>
   Красный
  </color>
  <material>
   Полиэстер
  </material>
  <price>
   406408
  </price>
  <rating>
   2.44
  </rating>
  <reviews>
   1735
  </reviews>
  <new>
   -
  </new>
  <exclusive>
   no
  </exclusive>
  <sporty>
   no
  </sporty>
 </clothing>
 <clothing>
  <id>
   790744105
  </id>
  <name>
   PleinSport Sweater J-6142
  </name>
  <category>
   Sweater
  </category>
  <size>
   S
  </size>
  <color>
   Желтый
  </color>
  <material>
   Шелк
  </material>
  <price>
   456895
  </price>
  <rating>
   2.48
  </rating>
  <reviews>
   708106
  </reviews>
  <new>
   +
  </new>
  <sporty>
   no
  </sporty>
 </clothing>
 <clothing>
  <id>
   703737446
  </id>
  <name>
   New Balance Socks J-5196
  </name>
  <category>
   Socks
  </category>
  <size>
   S
  </size>
  <color>
   Красный
  </color>
  <material>
   Нейлон
  </material>
  <price>
   445887
  </price>
  <rating>
   4.06
  </rating>
  <reviews>
   289560
  </reviews>
  <exclusive>
   no
  </exclusive>
  <sporty>
   no
  </sporty>
 </clothing>
 <clothing>
  <id>
   829675555
  </id>
  <name>
   DC Shirt V-8843
  </name>
  <category>
   Shirt
  </category>
  <size>
   S
  </size>
  <color>
   Красный
  </color>
  <material>
   Нейлон
  </material>
  <price>
   776802
  </price>
  <rating>
   2.54
  </rating>
  <reviews>
   272766
  </reviews>
  <new>
   -
  </new>
  <sporty>
   no
  </sporty>
 </clothing>
 <clothing>
  <id>
   379412015
  </id>
  <name>
   Vans Sweater F-2341
  </name>
  <category>
   Sweater
  </category>
  <size>
   XXL
  </size>
  <color>
   Фиолетовый
  </color>
  <material>
   Шелк
  </material>
  <price>
   954804
  </price>
  <rating>
   1.7
  </rating>
  <reviews>
   607216
  </reviews>
 </clothing>
 <clothing>
  <id>
   334009300
  </id>
  <name>
   Ellesse Gloves J-7783
  </name>
  <category>
   Gloves
  </category>
  <size>
   XXL
  </size>
  <color>
   Зеленый
  </color>
  <material>
   Полиэстер
  </material>
  <price>
   176346
  </price>
  <rating>
   3.5
  </rating>
  <reviews>
   876817
  </reviews>
  <new>
   -
  </new>
 </clothing>
 <clothing>
  <id>
   153321487
  </id>
  <name>
   Fila Handbags I-3543
  </name>
  <category>
   Handbags
  </category>
  <size>
   M
  </size>
  <color>
   Синий
  </color>
  <material>
   Хлопок
  </material>
  <price>
   423392
  </price>
  <rating>
   4.52
  </rating>
  <reviews>
   71941
  </reviews>
  <new>
   -
  </new>
  <exclusive>
   no
  </exclusive>
 </clothing>
 <clothing>
  <id>
   715542902
  </id>
  <name>
   New Balance Skirt Q-2919
  </name>
  <category>
   Skirt
  </category>
  <size>
   XL
  </size>
  <color>
   Голубой
  </color>
  <material>
   Хлопок
  </material>
  <price>
   109400
  </price>
  <rating>
   4.26
  </rating>
  <reviews>
   568808
  </reviews>
  <sporty>
   no
  </sporty>
 </clothing>
 <clothing>
  <id>
   410493349
  </id>
  <name>
   Vans Jeans A-4080
  </name>
  <category>
   Jeans
  </category>
  <size>
   M
  </size>
  <color>
   Синий
  </color>
  <material>
   Шерсть
  </material>
  <price>
   767615
  </price>
  <rating>
   3.93
  </rating>
  <reviews>
   520560
  </reviews>
  <new>
   -
  </new>
  <exclusive>
   yes
  </exclusive>
 </clothing>
 <clothing>
  <id>
   166728722
  </id>
  <name>
   Ellesse Handbags R-5983
  </name>
  <category>
   Handbags
  </category>
  <size>
   S
  </size>
  <color>
   Желтый
  </color>
  <material>
   Нейлон
  </material>
  <price>
   956949
  </price>
  <rating>
   3.0
  </rating>
  <reviews>
   869945
  </reviews>
  <new>
   +
  </new>
  <exclusive>
   no
  </exclusive>
 </clothing>
 <clothing>
  <id>
   323069268
  </id>
  <name>
   Ellesse Skirt I-3545
  </name>
  <category>
   Skirt
  </category>
  <size>
   XL
  </size>
  <color>
   Желтый
  </color>
  <material>
   Полиэстер
  </material>
  <price>
   931650
  </price>
  <rating>
   4.66
  </rating>
  <reviews>
   989098
  </reviews>
  <new>
   +
  </new>
  <sporty>
   yes
  </sporty>
 </clothing>
 <clothing>
  <id>
   493287475
  </id>
  <name>
   Fila Umbrellas B-5101
  </name>
  <category>
   Umbrellas
  </category>
  <size>
   XL
  </size>
  <color>
   Голубой
  </color>
  <material>
   Вискоза
  </material>
  <price>
   430540
  </price>
  <rating>
   1.7
  </rating>
  <reviews>
   733285
  </reviews>
  <exclusive>
   no
  </exclusive>
 </clothing>
 <clothing>
  <id>
   694567030
  </id>
  <name>
   Puma Dress Q-1004
  </name>
  <category>
   Dress
  </category>
  <size>
   M
  </size>
  <color>
   Красный
  </color>
  <material>
   Хлопок
  </material>
  <price>
   179542
  </price>
  <rating>
   2.86
  </rating>
  <reviews>
   426912
  </reviews>
  <new>
   +
  </new>
  <exclusive>
   no
  </exclusive>
  <sporty>
   no
  </sporty>
 </clothing>
 <clothing>
  <id>
   518738002
  </id>
  <name>
   DC Umbrellas B-1270
  </name>
  <category>
   Umbrellas
  </category>
  <size>
   S
  </size>
  <color>
   Оранжевый
  </color>
  <material>
   Хлопок
  </material>
  <price>
   802617
  </price>
  <rating>
   3.31
  </rating>
  <reviews>
   676159
  </reviews>
  <exclusive>
   no
  </exclusive>
  <sporty>
   no
  </sporty>
 </clothing>
 <clothing>
  <id>
   888114622
  </id>
  <name>
   Ellesse Dress L-8660
  </name>
  <category>
   Dress
  </category>
  <size>
   XL
  </size>
  <color>
   Красный
  </color>
  <material>
   Шерсть
  </material>
  <price>
   768485
  </price>
  <rating>
   4.04
  </rating>
  <reviews>
   254401
  </reviews>
  <exclusive>
   yes
  </exclusive>
  <sporty>
   yes
  </sporty>
 </clothing>
 <clothing>
  <id>
   443073200
  </id>
  <name>
   Vans Jeans U-9847
  </name>
  <category>
   Jeans
  </category>
  <size>
   XXL
  </size>
  <color>
   Фиолетовый
  </color>
  <material>
   Шелк
  </material>
  <price>
   281867
  </price>
  <rating>
   1.2
  </rating>
  <reviews>
   464881
  </reviews>
  <new>
   -
  </new>
  <exclusive>
   yes
  </exclusive>
  <sporty>
   yes
  </sporty>
 </clothing>
 <clothing>
  <id>
   736350751
  </id>
  <name>
   Nike Blouse A-8165
  </name>
  <category>
   Blouse
  </category>
  <size>
   XL
  </size>
  <color>
   Голубой
  </color>
  <material>
   Лен
  </material>
  <price>
   147872
  </price>
  <rating>
   2.53
  </rating>
  <reviews>
   58221
  </reviews>
  <new>
   +
  </new>
  <exclusive>
   no
  </exclusive>
  <sporty>
   no
  </sporty>
 </clothing>
</clothing-items>
