<?xml version="1.0" encoding="utf-8"?>
<clothing-items>
 <clothing>
  <id>
   743317286
  </id>
  <name>
   Adidas Dress C-2953
  </name>
  <category>
   Dress
  </category>
  <size>
   L
  </size>
  <color>
   Оранжевый
  </color>
  <material>
   Шелк
  </material>
  <price>
   709133
  </price>
  <rating>
   3.1
  </rating>
  <reviews>
   156793
  </reviews>
  <new>
   -
  </new>
 </clothing>
 <clothing>
  <id>
   579825016
  </id>
  <name>
   Puma Socks O-5445
  </name>
  <category>
   Socks
  </category>
  <size>
   S
  </size>
  <color>
   Красный
  </color>
  <material>
   Вискоза
  </material>
  <price>
   335268
  </price>
  <rating>
   1.12
  </rating>
  <reviews>
   720678
  </reviews>
  <new>
   +
  </new>
  <sporty>
   no
  </sporty>
 </clothing>
 <clothing>
  <id>
   870721786
  </id>
  <name>
   DC Shoes J-7211
  </name>
  <category>
   Shoes
  </category>
  <size>
   XL
  </size>
  <color>
   Желтый
  </color>
  <material>
   Кожа
  </material>
  <price>
   250028
  </price>
  <rating>
   3.19
  </rating>
  <reviews>
   775337
  </reviews>
  <new>
   -
  </new>
  <exclusive>
   yes
  </exclusive>
 </clothing>
 <clothing>
  <id>
   246587225
  </id>
  <name>
   DC Sweater Q-1671
  </name>
  <category>
   Sweater
  </category>
  <size>
   L
  </size>
  <color>
   Оранжевый
  </color>
  <material>
   Шелк
  </material>
  <price>
   381903
  </price>
  <rating>
   2.96
  </rating>
  <reviews>
   834480
  </reviews>
  <new>
   +
  </new>
  <exclusive>
   no
  </exclusive>
  <sporty>
   yes
  </sporty>
 </clothing>
 <clothing>
  <id>
   262006218
  </id>
  <name>
   Under Armour Jeans T-7598
  </name>
  <category>
   Jeans
  </category>
  <size>
   S
  </size>
  <color>
   Оранжевый
  </color>
  <material>
   Полиэстер
  </material>
  <price>
   205823
  </price>
  <rating>
   4.48
  </rating>
  <reviews>
   458714
  </reviews>
  <new>
   -
  </new>
  <exclusive>
   no
  </exclusive>
 </clothing>
 <clothing>
  <id>
   274271475
  </id>
  <name>
   New Balance Gloves X-4611
  </name>
  <category>
   Gloves
  </category>
  <size>
   L
  </size>
  <color>
   Синий
  </color>
  <material>
   Нейлон
  </material>
  <price>
   349001
  </price>
  <rating>
   4.53
  </rating>
  <reviews>
   83821
  </reviews>
  <new>
   -
  </new>
  <exclusive>
   no
  </exclusive>
 </clothing>
 <clothing>
  <id>
   217462207
  </id>
  <name>
   Addidas Handbags F-1347
  </name>
  <category>
   Handbags
  </category>
  <size>
   XL
  </size>
  <color>
   Голубой
  </color>
  <material>
   Шелк
  </material>
  <price>
   128056
  </price>
  <rating>
   3.04
  </rating>
  <reviews>
   507621
  </reviews>
  <new>
   +
  </new>
  <sporty>
   yes
  </sporty>
 </clothing>
 <clothing>
  <id>
   599478416
  </id>
  <name>
   Converse Blouse P-5266
  </name>
  <category>
   Blouse
  </category>
  <size>
   L
  </size>
  <color>
   Оранжевый
  </color>
  <material>
   Вискоза
  </material>
  <price>
   901938
  </price>
  <rating>
   3.03
  </rating>
  <reviews>
   192829
  </reviews>
  <exclusive>
   no
  </exclusive>
 </clothing>
 <clothing>
  <id>
   408190490
  </id>
  <name>
   Fila Jacket C-7371
  </name>
  <category>
   Jacket
  </category>
  <size>
   M
  </size>
  <color>
   Фиолетовый
  </color>
  <material>
   Шерсть
  </material>
  <price>
   200265
  </price>
  <rating>
   1.57
  </rating>
  <reviews>
   773988
  </reviews>
  <exclusive>
   no
  </exclusive>
  <sporty>
   yes
  </sporty>
 </clothing>
 <clothing>
  <id>
   676538253
  </id>
  <name>
   Reebok T-shirt V-5547
  </name>
  <category>
   T-shirt
  </category>
  <size>
   XL
  </size>
  <color>
   Голубой
  </color>
  <material>
   Кожа
  </material>
  <price>
   202493
  </price>
  <rating>
   2.02
  </rating>
  <reviews>
   505667
  </reviews>
  <exclusive>
   no
  </exclusive>
  <sporty>
   yes
  </sporty>
 </clothing>
 <clothing>
  <id>
   905717530
  </id>
  <name>
   Adidas Handbags M-4528
  </name>
  <category>
   Handbags
  </category>
  <size>
   M
  </size>
  <color>
   Синий
  </color>
  <material>
   Нейлон
  </material>
  <price>
   282567
  </price>
  <rating>
   2.52
  </rating>
  <reviews>
   673552
  </reviews>
  <exclusive>
   no
  </exclusive>
  <sporty>
   no
  </sporty>
 </clothing>
 <clothing>
  <id>
   303480338
  </id>
  <name>
   Under Armour Shoes Z-6540
  </name>
  <category>
   Shoes
  </category>
  <size>
   L
  </size>
  <color>
   Голубой
  </color>
  <material>
   Лен
  </material>
  <price>
   440054
  </price>
  <rating>
   2.88
  </rating>
  <reviews>
   355970
  </reviews>
  <new>
   -
  </new>
  <sporty>
   no
  </sporty>
 </clothing>
 <clothing>
  <id>
   992689514
  </id>
  <name>
   Ellesse Umbrellas S-6617
  </name>
  <category>
   Umbrellas
  </category>
  <size>
   L
  </size>
  <color>
   Красный
  </color>
  <material>
   Кожа
  </material>
  <price>
   166665
  </price>
  <rating>
   3.04
  </rating>
  <reviews>
   868278
  </reviews>
  <new>
   +
  </new>
  <sporty>
   no
  </sporty>
 </clothing>
 <clothing>
  <id>
   652674236
  </id>
  <name>
   Lacoste Jeans R-1773
  </name>
  <category>
   Jeans
  </category>
  <size>
   L
  </size>
  <color>
   Красный
  </color>
  <material>
   Хлопок
  </material>
  <price>
   331813
  </price>
  <rating>
   1.56
  </rating>
  <reviews>
   181680
  </reviews>
  <new>
   -
  </new>
  <exclusive>
   no
  </exclusive>
 </clothing>
 <clothing>
  <id>
   145118652
  </id>
  <name>
   DC Jacket Z-8844
  </name>
  <category>
   Jacket
  </category>
  <size>
   S
  </size>
  <color>
   Фиолетовый
  </color>
  <material>
   Вискоза
  </material>
  <price>
   423236
  </price>
  <rating>
   4.92
  </rating>
  <reviews>
   499938
  </reviews>
  <new>
   -
  </new>
  <exclusive>
   yes
  </exclusive>
  <sporty>
   no
  </sporty>
 </clothing>
 <clothing>
  <id>
   351995258
  </id>
  <name>
   New Balance Skirt J-8755
  </name>
  <category>
   Skirt
  </category>
  <size>
   M
  </size>
  <color>
   Красный
  </color>
  <material>
   Вискоза
  </material>
  <price>
   349615
  </price>
  <rating>
   4.28
  </rating>
  <reviews>
   965442
  </reviews>
  <new>
   -
  </new>
  <exclusive>
   no
  </exclusive>
  <sporty>
   no
  </sporty>
 </clothing>
 <clothing>
  <id>
   243611663
  </id>
  <name>
   Addidas Sweater I-7625
  </name>
  <category>
   Sweater
  </category>
  <size>
   XL
  </size>
  <color>
   Зеленый
  </color>
  <material>
   Нейлон
  </material>
  <price>
   980945
  </price>
  <rating>
   4.45
  </rating>
  <reviews>
   539427
  </reviews>
  <new>
   -
  </new>
  <exclusive>
   no
  </exclusive>
  <sporty>
   no
  </sporty>
 </clothing>
 <clothing>
  <id>
   849103056
  </id>
  <name>
   Asics Belts F-8187
  </name>
  <category>
   Belts
  </category>
  <size>
   M
  </size>
  <color>
   Голубой
  </color>
  <material>
   Вискоза
  </material>
  <price>
   527739
  </price>
  <rating>
   3.06
  </rating>
  <reviews>
   186409
  </reviews>
 </clothing>
 <clothing>
  <id>
   627490572
  </id>
  <name>
   PleinSport Umbrellas M-8289
  </name>
  <category>
   Umbrellas
  </category>
  <size>
   XXL
  </size>
  <color>
   Синий
  </color>
  <material>
   Нейлон
  </material>
  <price>
   823362
  </price>
  <rating>
   4.31
  </rating>
  <reviews>
   22834
  </reviews>
  <new>
   -
  </new>
  <sporty>
   no
  </sporty>
 </clothing>
 <clothing>
  <id>
   676544824
  </id>
  <name>
   Addidas Pants Q-6863
  </name>
  <category>
   Pants
  </category>
  <size>
   M
  </size>
  <color>
   Оранжевый
  </color>
  <material>
   Хлопок
  </material>
  <price>
   888719
  </price>
  <rating>
   1.9
  </rating>
  <reviews>
   85140
  </reviews>
 </clothing>
 <clothing>
  <id>
   456673216
  </id>
  <name>
   Lacoste Handbags A-2969
  </name>
  <category>
   Handbags
  </category>
  <size>
   XXL
  </size>
  <color>
   Голубой
  </color>
  <material>
   Шерсть
  </material>
  <price>
   564730
  </price>
  <rating>
   3.78
  </rating>
  <reviews>
   183661
  </reviews>
  <new>
   -
  </new>
  <sporty>
   yes
  </sporty>
 </clothing>
 <clothing>
  <id>
   440340198
  </id>
  <name>
   Puma Pants S-4585
  </name>
  <category>
   Pants
  </category>
  <size>
   L
  </size>
  <color>
   Фиолетовый
  </color>
  <material>
   Шерсть
  </material>
  <price>
   636465
  </price>
  <rating>
   3.93
  </rating>
  <reviews>
   290281
  </reviews>
  <new>
   -
  </new>
  <exclusive>
   yes
  </exclusive>
  <sporty>
   no
  </sporty>
 </clothing>
 <clothing>
  <id>
   193344449
  </id>
  <name>
   Brooks Gloves P-7950
  </name>
  <category>
   Gloves
  </category>
  <size>
   M
  </size>
  <color>
   Красный
  </color>
  <material>
   Лен
  </material>
  <price>
   366298
  </price>
  <rating>
   2.75
  </rating>
  <reviews>
   701850
  </reviews>
  <new>
   +
  </new>
 </clothing>
 <clothing>
  <id>
   288397249
  </id>
  <name>
   Vans Skirt S-7441
  </name>
  <category>
   Skirt
  </category>
  <size>
   XXL
  </size>
  <color>
   Синий
  </color>
  <material>
   Лен
  </material>
  <price>
   773976
  </price>
  <rating>
   3.24
  </rating>
  <reviews>
   563530
  </reviews>
  <new>
   +
  </new>
 </clothing>
 <clothing>
  <id>
   618709843
  </id>
  <name>
   Addidas Umbrellas W-4706
  </name>
  <category>
   Umbrellas
  </category>
  <size>
   S
  </size>
  <color>
   Зеленый
  </color>
  <material>
   Нейлон
  </material>
  <price>
   531057
  </price>
  <rating>
   3.33
  </rating>
  <reviews>
   810769
  </reviews>
  <new>
   +
  </new>
 </clothing>
 <clothing>
  <id>
   904326793
  </id>
  <name>
   Addidas Hat M-1284
  </name>
  <category>
   Hat
  </category>
  <size>
   S
  </size>
  <color>
   Желтый
  </color>
  <material>
   Шерсть
  </material>
  <price>
   948523
  </price>
  <rating>
   4.84
  </rating>
  <reviews>
   979665
  </reviews>
  <new>
   -
  </new>
  <sporty>
   yes
  </sporty>
 </clothing>
 <clothing>
  <id>
   498415461
  </id>
  <name>
   Converse Pants M-9045
  </name>
  <category>
   Pants
  </category>
  <size>
   XXL
  </size>
  <color>
   Синий
  </color>
  <material>
   Шерсть
  </material>
  <price>
   108453
  </price>
  <rating>
   4.96
  </rating>
  <reviews>
   979679
  </reviews>
  <new>
   -
  </new>
  <exclusive>
   no
  </exclusive>
  <sporty>
   no
  </sporty>
 </clothing>
 <clothing>
  <id>
   960999691
  </id>
  <name>
   Converse Pants R-4809
  </name>
  <category>
   Pants
  </category>
  <size>
   M
  </size>
  <color>
   Оранжевый
  </color>
  <material>
   Хлопок
  </material>
  <price>
   145541
  </price>
  <rating>
   2.48
  </rating>
  <reviews>
   762482
  </reviews>
  <exclusive>
   yes
  </exclusive>
 </clothing>
 <clothing>
  <id>
   784285859
  </id>
  <name>
   Vans Skirt T-3398
  </name>
  <category>
   Skirt
  </category>
  <size>
   XL
  </size>
  <color>
   Фиолетовый
  </color>
  <material>
   Вискоза
  </material>
  <price>
   231813
  </price>
  <rating>
   3.5
  </rating>
  <reviews>
   168326
  </reviews>
  <new>
   +
  </new>
  <exclusive>
   no
  </exclusive>
  <sporty>
   no
  </sporty>
 </clothing>
 <clothing>
  <id>
   687717052
  </id>
  <name>
   PleinSport Shirt O-9454
  </name>
  <category>
   Shirt
  </category>
  <size>
   S
  </size>
  <color>
   Голубой
  </color>
  <material>
   Лен
  </material>
  <price>
   681519
  </price>
  <rating>
   4.61
  </rating>
  <reviews>
   527867
  </reviews>
  <new>
   -
  </new>
  <exclusive>
   yes
  </exclusive>
  <sporty>
   no
  </sporty>
 </clothing>
 <clothing>
  <id>
   127870923
  </id>
  <name>
   Vans T-shirt W-2886
  </name>
  <category>
   T-shirt
  </category>
  <size>
   S
  </size>
  <color>
   Синий
  </color>
  <material>
   Кожа
  </material>
  <price>
   402224
  </price>
  <rating>
   2.06
  </rating>
  <reviews>
   349658
  </reviews>
  <exclusive>
   yes
  </exclusive>
 </clothing>
 <clothing>
  <id>
   321636747
  </id>
  <name>
   DC Jeans H-9927
  </name>
  <category>
   Jeans
  </category>
  <size>
   L
  </size>
  <color>
   Фиолетовый
  </color>
  <material>
   Нейлон
  </material>
  <price>
   944328
  </price>
  <rating>
   1.82
  </rating>
  <reviews>
   889826
  </reviews>
  <exclusive>
   no
  </exclusive>
  <sporty>
   yes
  </sporty>
 </clothing>
 <clothing>
  <id>
   752718155
  </id>
  <name>
   Under Armour Blouse Y-8089
  </name>
  <category>
   Blouse
  </category>
  <size>
   XXL
  </size>
  <color>
   Красный
  </color>
  <material>
   Кожа
  </material>
  <price>
   313189
  </price>
  <rating>
   2.89
  </rating>
  <reviews>
   767766
  </reviews>
  <exclusive>
   yes
  </exclusive>
  <sporty>
   no
  </sporty>
 </clothing>
 <clothing>
  <id>
   885406662
  </id>
  <name>
   Under Armour Blouse D-8244
  </name>
  <category>
   Blouse
  </category>
  <size>
   L
  </size>
  <color>
   Зеленый
  </color>
  <material>
   Кожа
  </material>
  <price>
   746303
  </price>
  <rating>
   2.85
  </rating>
  <reviews>
   417088
  </reviews>
  <exclusive>
   yes
  </exclusive>
  <sporty>
   yes
  </sporty>
 </clothing>
 <clothing>
  <id>
   736271023
  </id>
  <name>
   Under Armour Gloves Q-5773
  </name>
  <category>
   Gloves
  </category>
  <size>
   M
  </size>
  <color>
   Оранжевый
  </color>
  <material>
   Шелк
  </material>
  <price>
   215855
  </price>
  <rating>
   4.94
  </rating>
  <reviews>
   456933
  </reviews>
  <exclusive>
   no
  </exclusive>
 </clothing>
</clothing-items>
