<?xml version="1.0" encoding="utf-8"?>
<clothing-items>
 <clothing>
  <id>
   397235510
  </id>
  <name>
   Lacoste Jeans Y-1871
  </name>
  <category>
   Jeans
  </category>
  <size>
   XXL
  </size>
  <color>
   Желтый
  </color>
  <material>
   Кожа
  </material>
  <price>
   317314
  </price>
  <rating>
   2.75
  </rating>
  <reviews>
   115365
  </reviews>
  <new>
   +
  </new>
  <exclusive>
   yes
  </exclusive>
  <sporty>
   yes
  </sporty>
 </clothing>
 <clothing>
  <id>
   166198533
  </id>
  <name>
   Ellesse Jeans E-9275
  </name>
  <category>
   Jeans
  </category>
  <size>
   XXL
  </size>
  <color>
   Оранжевый
  </color>
  <material>
   Нейлон
  </material>
  <price>
   361436
  </price>
  <rating>
   3.73
  </rating>
  <reviews>
   28916
  </reviews>
  <new>
   -
  </new>
  <exclusive>
   no
  </exclusive>
 </clothing>
 <clothing>
  <id>
   552111305
  </id>
  <name>
   DC Shirt E-8135
  </name>
  <category>
   Shirt
  </category>
  <size>
   S
  </size>
  <color>
   Синий
  </color>
  <material>
   Хлопок
  </material>
  <price>
   479242
  </price>
  <rating>
   2.89
  </rating>
  <reviews>
   562685
  </reviews>
  <new>
   +
  </new>
 </clothing>
 <clothing>
  <id>
   473154362
  </id>
  <name>
   Puma Gloves N-3548
  </name>
  <category>
   Gloves
  </category>
  <size>
   XL
  </size>
  <color>
   Голубой
  </color>
  <material>
   Шерсть
  </material>
  <price>
   498840
  </price>
  <rating>
   2.89
  </rating>
  <reviews>
   384809
  </reviews>
  <new>
   +
  </new>
  <sporty>
   yes
  </sporty>
 </clothing>
 <clothing>
  <id>
   338062484
  </id>
  <name>
   Vans Jeans D-4771
  </name>
  <category>
   Jeans
  </category>
  <size>
   S
  </size>
  <color>
   Оранжевый
  </color>
  <material>
   Шерсть
  </material>
  <price>
   991432
  </price>
  <rating>
   1.73
  </rating>
  <reviews>
   898906
  </reviews>
  <new>
   -
  </new>
 </clothing>
 <clothing>
  <id>
   148133733
  </id>
  <name>
   Addidas Shoes L-9241
  </name>
  <category>
   Shoes
  </category>
  <size>
   M
  </size>
  <color>
   Синий
  </color>
  <material>
   Хлопок
  </material>
  <price>
   558955
  </price>
  <rating>
   4.34
  </rating>
  <reviews>
   225268
  </reviews>
  <exclusive>
   no
  </exclusive>
 </clothing>
 <clothing>
  <id>
   447701217
  </id>
  <name>
   Brooks Jeans J-1187
  </name>
  <category>
   Jeans
  </category>
  <size>
   S
  </size>
  <color>
   Красный
  </color>
  <material>
   Лен
  </material>
  <price>
   431131
  </price>
  <rating>
   3.64
  </rating>
  <reviews>
   706996
  </reviews>
  <new>
   -
  </new>
  <exclusive>
   yes
  </exclusive>
  <sporty>
   yes
  </sporty>
 </clothing>
 <clothing>
  <id>
   639191177
  </id>
  <name>
   Adidas Dress C-1966
  </name>
  <category>
   Dress
  </category>
  <size>
   L
  </size>
  <color>
   Зеленый
  </color>
  <material>
   Полиэстер
  </material>
  <price>
   922911
  </price>
  <rating>
   3.88
  </rating>
  <reviews>
   115276
  </reviews>
  <exclusive>
   no
  </exclusive>
  <sporty>
   yes
  </sporty>
 </clothing>
 <clothing>
  <id>
   496361116
  </id>
  <name>
   Ellesse T-shirt A-6839
  </name>
  <category>
   T-shirt
  </category>
  <size>
   M
  </size>
  <color>
   Синий
  </color>
  <material>
   Хлопок
  </material>
  <price>
   602275
  </price>
  <rating>
   4.57
  </rating>
  <reviews>
   229789
  </reviews>
  <sporty>
   yes
  </sporty>
 </clothing>
 <clothing>
  <id>
   676010061
  </id>
  <name>
   Converse Skirt X-1669
  </name>
  <category>
   Skirt
  </category>
  <size>
   XXL
  </size>
  <color>
   Фиолетовый
  </color>
  <material>
   Вискоза
  </material>
  <price>
   917383
  </price>
  <rating>
   2.24
  </rating>
  <reviews>
   886287
  </reviews>
  <new>
   -
  </new>
  <sporty>
   yes
  </sporty>
 </clothing>
 <clothing>
  <id>
   110289372
  </id>
  <name>
   Reebok Gloves P-1545
  </name>
  <category>
   Gloves
  </category>
  <size>
   L
  </size>
  <color>
   Синий
  </color>
  <material>
   Кожа
  </material>
  <price>
   297171
  </price>
  <rating>
   2.23
  </rating>
  <reviews>
   724492
  </reviews>
  <new>
   +
  </new>
  <exclusive>
   yes
  </exclusive>
  <sporty>
   yes
  </sporty>
 </clothing>
 <clothing>
  <id>
   231778065
  </id>
  <name>
   Fila Blouse K-4798
  </name>
  <category>
   Blouse
  </category>
  <size>
   S
  </size>
  <color>
   Красный
  </color>
  <material>
   Вискоза
  </material>
  <price>
   929739
  </price>
  <rating>
   4.77
  </rating>
  <reviews>
   511223
  </reviews>
  <exclusive>
   yes
  </exclusive>
  <sporty>
   yes
  </sporty>
 </clothing>
 <clothing>
  <id>
   244074900
  </id>
  <name>
   PleinSport Jacket N-8895
  </name>
  <category>
   Jacket
  </category>
  <size>
   XXL
  </size>
  <color>
   Синий
  </color>
  <material>
   Шерсть
  </material>
  <price>
   206258
  </price>
  <rating>
   2.86
  </rating>
  <reviews>
   539369
  </reviews>
  <sporty>
   no
  </sporty>
 </clothing>
 <clothing>
  <id>
   529904688
  </id>
  <name>
   Reebok Pants M-6250
  </name>
  <category>
   Pants
  </category>
  <size>
   XXL
  </size>
  <color>
   Оранжевый
  </color>
  <material>
   Нейлон
  </material>
  <price>
   693457
  </price>
  <rating>
   2.55
  </rating>
  <reviews>
   210404
  </reviews>
  <new>
   -
  </new>
  <exclusive>
   no
  </exclusive>
  <sporty>
   no
  </sporty>
 </clothing>
 <clothing>
  <id>
   971386573
  </id>
  <name>
   Reebok Dress C-1605
  </name>
  <category>
   Dress
  </category>
  <size>
   XXL
  </size>
  <color>
   Желтый
  </color>
  <material>
   Кожа
  </material>
  <price>
   353801
  </price>
  <rating>
   4.11
  </rating>
  <reviews>
   918877
  </reviews>
  <exclusive>
   no
  </exclusive>
 </clothing>
 <clothing>
  <id>
   599507706
  </id>
  <name>
   Vans Umbrellas G-3572
  </name>
  <category>
   Umbrellas
  </category>
  <size>
   M
  </size>
  <color>
   Желтый
  </color>
  <material>
   Нейлон
  </material>
  <price>
   174196
  </price>
  <rating>
   1.6
  </rating>
  <reviews>
   737187
  </reviews>
  <new>
   +
  </new>
  <sporty>
   yes
  </sporty>
 </clothing>
 <clothing>
  <id>
   403614885
  </id>
  <name>
   Fila Belts Z-5609
  </name>
  <category>
   Belts
  </category>
  <size>
   M
  </size>
  <color>
   Синий
  </color>
  <material>
   Лен
  </material>
  <price>
   729359
  </price>
  <rating>
   3.93
  </rating>
  <reviews>
   37127
  </reviews>
 </clothing>
 <clothing>
  <id>
   107469048
  </id>
  <name>
   Vans Pants E-5939
  </name>
  <category>
   Pants
  </category>
  <size>
   XL
  </size>
  <color>
   Оранжевый
  </color>
  <material>
   Кожа
  </material>
  <price>
   685751
  </price>
  <rating>
   3.02
  </rating>
  <reviews>
   768837
  </reviews>
  <exclusive>
   no
  </exclusive>
  <sporty>
   no
  </sporty>
 </clothing>
 <clothing>
  <id>
   326444104
  </id>
  <name>
   Brooks Socks I-9799
  </name>
  <category>
   Socks
  </category>
  <size>
   XXL
  </size>
  <color>
   Фиолетовый
  </color>
  <material>
   Кожа
  </material>
  <price>
   869548
  </price>
  <rating>
   4.3
  </rating>
  <reviews>
   996012
  </reviews>
  <new>
   +
  </new>
  <sporty>
   yes
  </sporty>
 </clothing>
 <clothing>
  <id>
   684095659
  </id>
  <name>
   Asics Gloves Z-7904
  </name>
  <category>
   Gloves
  </category>
  <size>
   L
  </size>
  <color>
   Желтый
  </color>
  <material>
   Шерсть
  </material>
  <price>
   855877
  </price>
  <rating>
   1.21
  </rating>
  <reviews>
   812239
  </reviews>
  <exclusive>
   yes
  </exclusive>
 </clothing>
 <clothing>
  <id>
   757056529
  </id>
  <name>
   Lacoste Sweater S-4288
  </name>
  <category>
   Sweater
  </category>
  <size>
   S
  </size>
  <color>
   Оранжевый
  </color>
  <material>
   Полиэстер
  </material>
  <price>
   525901
  </price>
  <rating>
   2.92
  </rating>
  <reviews>
   682369
  </reviews>
  <exclusive>
   no
  </exclusive>
 </clothing>
 <clothing>
  <id>
   900763959
  </id>
  <name>
   Nike Socks G-4706
  </name>
  <category>
   Socks
  </category>
  <size>
   S
  </size>
  <color>
   Голубой
  </color>
  <material>
   Хлопок
  </material>
  <price>
   567934
  </price>
  <rating>
   2.33
  </rating>
  <reviews>
   653783
  </reviews>
 </clothing>
 <clothing>
  <id>
   121390797
  </id>
  <name>
   New Balance Shoes M-3670
  </name>
  <category>
   Shoes
  </category>
  <size>
   M
  </size>
  <color>
   Желтый
  </color>
  <material>
   Шерсть
  </material>
  <price>
   931550
  </price>
  <rating>
   4.45
  </rating>
  <reviews>
   345838
  </reviews>
  <new>
   -
  </new>
  <exclusive>
   yes
  </exclusive>
 </clothing>
 <clothing>
  <id>
   927927088
  </id>
  <name>
   Nike Skirt D-3710
  </name>
  <category>
   Skirt
  </category>
  <size>
   L
  </size>
  <color>
   Фиолетовый
  </color>
  <material>
   Вискоза
  </material>
  <price>
   835275
  </price>
  <rating>
   3.47
  </rating>
  <reviews>
   467186
  </reviews>
  <new>
   -
  </new>
  <sporty>
   yes
  </sporty>
 </clothing>
 <clothing>
  <id>
   355530897
  </id>
  <name>
   DC Sweater K-6408
  </name>
  <category>
   Sweater
  </category>
  <size>
   S
  </size>
  <color>
   Желтый
  </color>
  <material>
   Хлопок
  </material>
  <price>
   553071
  </price>
  <rating>
   1.63
  </rating>
  <reviews>
   380648
  </reviews>
  <new>
   -
  </new>
  <exclusive>
   yes
  </exclusive>
  <sporty>
   no
  </sporty>
 </clothing>
 <clothing>
  <id>
   836353351
  </id>
  <name>
   Lacoste Gloves O-5954
  </name>
  <category>
   Gloves
  </category>
  <size>
   L
  </size>
  <color>
   Синий
  </color>
  <material>
   Лен
  </material>
  <price>
   590120
  </price>
  <rating>
   3.11
  </rating>
  <reviews>
   794268
  </reviews>
  <new>
   +
  </new>
  <exclusive>
   yes
  </exclusive>
  <sporty>
   no
  </sporty>
 </clothing>
 <clothing>
  <id>
   480777164
  </id>
  <name>
   Fila Dress V-4365
  </name>
  <category>
   Dress
  </category>
  <size>
   S
  </size>
  <color>
   Синий
  </color>
  <material>
   Хлопок
  </material>
  <price>
   788712
  </price>
  <rating>
   4.53
  </rating>
  <reviews>
   702989
  </reviews>
  <sporty>
   no
  </sporty>
 </clothing>
 <clothing>
  <id>
   836171714
  </id>
  <name>
   Puma Handbags B-6464
  </name>
  <category>
   Handbags
  </category>
  <size>
   XXL
  </size>
  <color>
   Желтый
  </color>
  <material>
   Шерсть
  </material>
  <price>
   909578
  </price>
  <rating>
   3.16
  </rating>
  <reviews>
   596868
  </reviews>
  <new>
   -
  </new>
  <exclusive>
   yes
  </exclusive>
  <sporty>
   no
  </sporty>
 </clothing>
 <clothing>
  <id>
   332894284
  </id>
  <name>
   New Balance Gloves B-2824
  </name>
  <category>
   Gloves
  </category>
  <size>
   M
  </size>
  <color>
   Голубой
  </color>
  <material>
   Полиэстер
  </material>
  <price>
   884067
  </price>
  <rating>
   2.64
  </rating>
  <reviews>
   179111
  </reviews>
  <sporty>
   no
  </sporty>
 </clothing>
 <clothing>
  <id>
   643439089
  </id>
  <name>
   Fila Hat X-1800
  </name>
  <category>
   Hat
  </category>
  <size>
   L
  </size>
  <color>
   Зеленый
  </color>
  <material>
   Лен
  </material>
  <price>
   615778
  </price>
  <rating>
   3.19
  </rating>
  <reviews>
   614273
  </reviews>
  <new>
   -
  </new>
  <sporty>
   no
  </sporty>
 </clothing>
 <clothing>
  <id>
   225351246
  </id>
  <name>
   PleinSport Blouse B-1803
  </name>
  <category>
   Blouse
  </category>
  <size>
   S
  </size>
  <color>
   Красный
  </color>
  <material>
   Шерсть
  </material>
  <price>
   470488
  </price>
  <rating>
   1.78
  </rating>
  <reviews>
   827353
  </reviews>
  <sporty>
   yes
  </sporty>
 </clothing>
 <clothing>
  <id>
   321810082
  </id>
  <name>
   Adidas Jacket O-5038
  </name>
  <category>
   Jacket
  </category>
  <size>
   S
  </size>
  <color>
   Зеленый
  </color>
  <material>
   Шерсть
  </material>
  <price>
   418761
  </price>
  <rating>
   2.08
  </rating>
  <reviews>
   838227
  </reviews>
  <new>
   -
  </new>
  <sporty>
   no
  </sporty>
 </clothing>
 <clothing>
  <id>
   711953621
  </id>
  <name>
   Addidas Jacket T-2776
  </name>
  <category>
   Jacket
  </category>
  <size>
   XXL
  </size>
  <color>
   Оранжевый
  </color>
  <material>
   Хлопок
  </material>
  <price>
   303307
  </price>
  <rating>
   4.71
  </rating>
  <reviews>
   577832
  </reviews>
  <new>
   +
  </new>
 </clothing>
 <clothing>
  <id>
   299436420
  </id>
  <name>
   Nike Pants N-8346
  </name>
  <category>
   Pants
  </category>
  <size>
   L
  </size>
  <color>
   Голубой
  </color>
  <material>
   Шерсть
  </material>
  <price>
   292908
  </price>
  <rating>
   4.18
  </rating>
  <reviews>
   739054
  </reviews>
  <sporty>
   yes
  </sporty>
 </clothing>
 <clothing>
  <id>
   203583417
  </id>
  <name>
   Brooks Hat X-1227
  </name>
  <category>
   Hat
  </category>
  <size>
   S
  </size>
  <color>
   Голубой
  </color>
  <material>
   Вискоза
  </material>
  <price>
   874737
  </price>
  <rating>
   3.64
  </rating>
  <reviews>
   175557
  </reviews>
  <new>
   -
  </new>
  <exclusive>
   yes
  </exclusive>
  <sporty>
   no
  </sporty>
 </clothing>
 <clothing>
  <id>
   817326548
  </id>
  <name>
   Reebok Blouse M-5143
  </name>
  <category>
   Blouse
  </category>
  <size>
   XL
  </size>
  <color>
   Зеленый
  </color>
  <material>
   Шерсть
  </material>
  <price>
   275949
  </price>
  <rating>
   1.88
  </rating>
  <reviews>
   574140
  </reviews>
  <new>
   -
  </new>
  <sporty>
   no
  </sporty>
 </clothing>
 <clothing>
  <id>
   875340867
  </id>
  <name>
   Puma Gloves L-2193
  </name>
  <category>
   Gloves
  </category>
  <size>
   XXL
  </size>
  <color>
   Фиолетовый
  </color>
  <material>
   Шелк
  </material>
  <price>
   704318
  </price>
  <rating>
   3.08
  </rating>
  <reviews>
   894418
  </reviews>
  <new>
   -
  </new>
  <exclusive>
   yes
  </exclusive>
  <sporty>
   yes
  </sporty>
 </clothing>
 <clothing>
  <id>
   322009892
  </id>
  <name>
   PleinSport Socks V-6118
  </name>
  <category>
   Socks
  </category>
  <size>
   M
  </size>
  <color>
   Желтый
  </color>
  <material>
   Лен
  </material>
  <price>
   154424
  </price>
  <rating>
   4.84
  </rating>
  <reviews>
   147193
  </reviews>
  <new>
   -
  </new>
  <exclusive>
   yes
  </exclusive>
 </clothing>
 <clothing>
  <id>
   567591812
  </id>
  <name>
   Adidas Hat N-4798
  </name>
  <category>
   Hat
  </category>
  <size>
   XL
  </size>
  <color>
   Желтый
  </color>
  <material>
   Хлопок
  </material>
  <price>
   123685
  </price>
  <rating>
   1.68
  </rating>
  <reviews>
   469403
  </reviews>
  <exclusive>
   no
  </exclusive>
  <sporty>
   yes
  </sporty>
 </clothing>
 <clothing>
  <id>
   626753445
  </id>
  <name>
   PleinSport Skirt K-4445
  </name>
  <category>
   Skirt
  </category>
  <size>
   L
  </size>
  <color>
   Оранжевый
  </color>
  <material>
   Нейлон
  </material>
  <price>
   141901
  </price>
  <rating>
   1.02
  </rating>
  <reviews>
   214967
  </reviews>
  <new>
   -
  </new>
  <exclusive>
   yes
  </exclusive>
 </clothing>
 <clothing>
  <id>
   240044038
  </id>
  <name>
   Fila Handbags V-3421
  </name>
  <category>
   Handbags
  </category>
  <size>
   M
  </size>
  <color>
   Зеленый
  </color>
  <material>
   Кожа
  </material>
  <price>
   640609
  </price>
  <rating>
   2.64
  </rating>
  <reviews>
   32543
  </reviews>
  <new>
   +
  </new>
  <sporty>
   yes
  </sporty>
 </clothing>
 <clothing>
  <id>
   179948845
  </id>
  <name>
   Vans Pants T-1533
  </name>
  <category>
   Pants
  </category>
  <size>
   L
  </size>
  <color>
   Фиолетовый
  </color>
  <material>
   Хлопок
  </material>
  <price>
   580379
  </price>
  <rating>
   3.65
  </rating>
  <reviews>
   851602
  </reviews>
  <new>
   +
  </new>
 </clothing>
 <clothing>
  <id>
   485299851
  </id>
  <name>
   Under Armour Jeans N-6331
  </name>
  <category>
   Jeans
  </category>
  <size>
   L
  </size>
  <color>
   Оранжевый
  </color>
  <material>
   Хлопок
  </material>
  <price>
   294606
  </price>
  <rating>
   2.74
  </rating>
  <reviews>
   753252
  </reviews>
  <new>
   +
  </new>
  <sporty>
   yes
  </sporty>
 </clothing>
 <clothing>
  <id>
   490790925
  </id>
  <name>
   Nike Pants R-6649
  </name>
  <category>
   Pants
  </category>
  <size>
   S
  </size>
  <color>
   Желтый
  </color>
  <material>
   Нейлон
  </material>
  <price>
   531132
  </price>
  <rating>
   4.23
  </rating>
  <reviews>
   347483
  </reviews>
  <new>
   -
  </new>
  <sporty>
   no
  </sporty>
 </clothing>
 <clothing>
  <id>
   966460975
  </id>
  <name>
   Lacoste Pants P-2575
  </name>
  <category>
   Pants
  </category>
  <size>
   M
  </size>
  <color>
   Голубой
  </color>
  <material>
   Вискоза
  </material>
  <price>
   888536
  </price>
  <rating>
   2.32
  </rating>
  <reviews>
   368323
  </reviews>
  <new>
   +
  </new>
  <exclusive>
   no
  </exclusive>
  <sporty>
   yes
  </sporty>
 </clothing>
 <clothing>
  <id>
   734547757
  </id>
  <name>
   Adidas Handbags A-4884
  </name>
  <category>
   Handbags
  </category>
  <size>
   XXL
  </size>
  <color>
   Зеленый
  </color>
  <material>
   Кожа
  </material>
  <price>
   411485
  </price>
  <rating>
   4.4
  </rating>
  <reviews>
   591973
  </reviews>
  <sporty>
   no
  </sporty>
 </clothing>
</clothing-items>
