<?xml version="1.0" encoding="utf-8"?>
<clothing-items>
 <clothing>
  <id>
   576427043
  </id>
  <name>
   Nike Hat D-9115
  </name>
  <category>
   Hat
  </category>
  <size>
   S
  </size>
  <color>
   Оранжевый
  </color>
  <material>
   Кожа
  </material>
  <price>
   401599
  </price>
  <rating>
   1.88
  </rating>
  <reviews>
   944800
  </reviews>
  <new>
   -
  </new>
  <exclusive>
   yes
  </exclusive>
  <sporty>
   no
  </sporty>
 </clothing>
 <clothing>
  <id>
   322223561
  </id>
  <name>
   Nike Blouse Q-7733
  </name>
  <category>
   Blouse
  </category>
  <size>
   M
  </size>
  <color>
   Голубой
  </color>
  <material>
   Лен
  </material>
  <price>
   648212
  </price>
  <rating>
   4.63
  </rating>
  <reviews>
   827970
  </reviews>
  <new>
   +
  </new>
  <sporty>
   no
  </sporty>
 </clothing>
 <clothing>
  <id>
   916359274
  </id>
  <name>
   Vans Pants S-5149
  </name>
  <category>
   Pants
  </category>
  <size>
   L
  </size>
  <color>
   Красный
  </color>
  <material>
   Лен
  </material>
  <price>
   275819
  </price>
  <rating>
   3.15
  </rating>
  <reviews>
   320576
  </reviews>
  <new>
   -
  </new>
  <sporty>
   yes
  </sporty>
 </clothing>
 <clothing>
  <id>
   342599778
  </id>
  <name>
   Ellesse Skirt I-6215
  </name>
  <category>
   Skirt
  </category>
  <size>
   L
  </size>
  <color>
   Синий
  </color>
  <material>
   Шелк
  </material>
  <price>
   302958
  </price>
  <rating>
   2.24
  </rating>
  <reviews>
   920422
  </reviews>
  <exclusive>
   yes
  </exclusive>
  <sporty>
   no
  </sporty>
 </clothing>
 <clothing>
  <id>
   617901291
  </id>
  <name>
   Nike Blouse W-5142
  </name>
  <category>
   Blouse
  </category>
  <size>
   XXL
  </size>
  <color>
   Красный
  </color>
  <material>
   Вискоза
  </material>
  <price>
   275430
  </price>
  <rating>
   2.99
  </rating>
  <reviews>
   498565
  </reviews>
  <exclusive>
   no
  </exclusive>
 </clothing>
 <clothing>
  <id>
   681328453
  </id>
  <name>
   Fila Socks U-7102
  </name>
  <category>
   Socks
  </category>
  <size>
   M
  </size>
  <color>
   Зеленый
  </color>
  <material>
   Лен
  </material>
  <price>
   901557
  </price>
  <rating>
   1.13
  </rating>
  <reviews>
   436805
  </reviews>
  <exclusive>
   no
  </exclusive>
 </clothing>
 <clothing>
  <id>
   154011051
  </id>
  <name>
   Converse Blouse S-6910
  </name>
  <category>
   Blouse
  </category>
  <size>
   L
  </size>
  <color>
   Красный
  </color>
  <material>
   Шелк
  </material>
  <price>
   761310
  </price>
  <rating>
   4.71
  </rating>
  <reviews>
   865298
  </reviews>
  <new>
   +
  </new>
  <sporty>
   no
  </sporty>
 </clothing>
 <clothing>
  <id>
   202429173
  </id>
  <name>
   Asics Umbrellas Z-3384
  </name>
  <category>
   Umbrellas
  </category>
  <size>
   S
  </size>
  <color>
   Фиолетовый
  </color>
  <material>
   Нейлон
  </material>
  <price>
   858557
  </price>
  <rating>
   2.32
  </rating>
  <reviews>
   96626
  </reviews>
  <new>
   +
  </new>
  <exclusive>
   yes
  </exclusive>
 </clothing>
 <clothing>
  <id>
   729615716
  </id>
  <name>
   Puma Hat K-8959
  </name>
  <category>
   Hat
  </category>
  <size>
   L
  </size>
  <color>
   Зеленый
  </color>
  <material>
   Кожа
  </material>
  <price>
   764231
  </price>
  <rating>
   4.29
  </rating>
  <reviews>
   407703
  </reviews>
  <new>
   -
  </new>
  <exclusive>
   yes
  </exclusive>
 </clothing>
 <clothing>
  <id>
   573967435
  </id>
  <name>
   PleinSport Dress K-5373
  </name>
  <category>
   Dress
  </category>
  <size>
   XL
  </size>
  <color>
   Оранжевый
  </color>
  <material>
   Хлопок
  </material>
  <price>
   572076
  </price>
  <rating>
   2.27
  </rating>
  <reviews>
   481895
  </reviews>
  <sporty>
   yes
  </sporty>
 </clothing>
 <clothing>
  <id>
   696801502
  </id>
  <name>
   Lacoste Dress P-3781
  </name>
  <category>
   Dress
  </category>
  <size>
   M
  </size>
  <color>
   Синий
  </color>
  <material>
   Нейлон
  </material>
  <price>
   460971
  </price>
  <rating>
   1.79
  </rating>
  <reviews>
   915594
  </reviews>
  <new>
   -
  </new>
  <sporty>
   yes
  </sporty>
 </clothing>
 <clothing>
  <id>
   508477601
  </id>
  <name>
   New Balance Jacket H-7591
  </name>
  <category>
   Jacket
  </category>
  <size>
   M
  </size>
  <color>
   Оранжевый
  </color>
  <material>
   Вискоза
  </material>
  <price>
   230188
  </price>
  <rating>
   2.79
  </rating>
  <reviews>
   741262
  </reviews>
  <new>
   -
  </new>
  <exclusive>
   no
  </exclusive>
 </clothing>
 <clothing>
  <id>
   302236469
  </id>
  <name>
   Asics Hat B-3349
  </name>
  <category>
   Hat
  </category>
  <size>
   S
  </size>
  <color>
   Зеленый
  </color>
  <material>
   Нейлон
  </material>
  <price>
   122680
  </price>
  <rating>
   2.72
  </rating>
  <reviews>
   103906
  </reviews>
  <sporty>
   yes
  </sporty>
 </clothing>
 <clothing>
  <id>
   285328037
  </id>
  <name>
   DC Gloves G-4954
  </name>
  <category>
   Gloves
  </category>
  <size>
   L
  </size>
  <color>
   Синий
  </color>
  <material>
   Полиэстер
  </material>
  <price>
   169521
  </price>
  <rating>
   4.57
  </rating>
  <reviews>
   674094
  </reviews>
  <new>
   +
  </new>
  <sporty>
   no
  </sporty>
 </clothing>
 <clothing>
  <id>
   257701661
  </id>
  <name>
   Converse Sweater Q-7512
  </name>
  <category>
   Sweater
  </category>
  <size>
   S
  </size>
  <color>
   Красный
  </color>
  <material>
   Шерсть
  </material>
  <price>
   613304
  </price>
  <rating>
   1.31
  </rating>
  <reviews>
   954732
  </reviews>
  <new>
   -
  </new>
  <sporty>
   no
  </sporty>
 </clothing>
 <clothing>
  <id>
   683999228
  </id>
  <name>
   PleinSport Hat K-2774
  </name>
  <category>
   Hat
  </category>
  <size>
   L
  </size>
  <color>
   Фиолетовый
  </color>
  <material>
   Нейлон
  </material>
  <price>
   620594
  </price>
  <rating>
   2.11
  </rating>
  <reviews>
   665042
  </reviews>
  <sporty>
   no
  </sporty>
 </clothing>
 <clothing>
  <id>
   130958982
  </id>
  <name>
   Addidas Umbrellas U-3764
  </name>
  <category>
   Umbrellas
  </category>
  <size>
   L
  </size>
  <color>
   Оранжевый
  </color>
  <material>
   Нейлон
  </material>
  <price>
   726226
  </price>
  <rating>
   3.16
  </rating>
  <reviews>
   8698
  </reviews>
  <exclusive>
   no
  </exclusive>
  <sporty>
   no
  </sporty>
 </clothing>
 <clothing>
  <id>
   221453678
  </id>
  <name>
   Converse Gloves Y-9607
  </name>
  <category>
   Gloves
  </category>
  <size>
   M
  </size>
  <color>
   Желтый
  </color>
  <material>
   Кожа
  </material>
  <price>
   633590
  </price>
  <rating>
   4.02
  </rating>
  <reviews>
   184410
  </reviews>
  <exclusive>
   no
  </exclusive>
  <sporty>
   yes
  </sporty>
 </clothing>
 <clothing>
  <id>
   560672111
  </id>
  <name>
   Reebok Shirt U-2407
  </name>
  <category>
   Shirt
  </category>
  <size>
   S
  </size>
  <color>
   Оранжевый
  </color>
  <material>
   Кожа
  </material>
  <price>
   963262
  </price>
  <rating>
   4.52
  </rating>
  <reviews>
   147195
  </reviews>
  <new>
   -
  </new>
  <exclusive>
   yes
  </exclusive>
  <sporty>
   yes
  </sporty>
 </clothing>
 <clothing>
  <id>
   408449304
  </id>
  <name>
   New Balance Belts T-7496
  </name>
  <category>
   Belts
  </category>
  <size>
   S
  </size>
  <color>
   Желтый
  </color>
  <material>
   Шерсть
  </material>
  <price>
   384526
  </price>
  <rating>
   2.61
  </rating>
  <reviews>
   391518
  </reviews>
  <new>
   -
  </new>
  <exclusive>
   no
  </exclusive>
  <sporty>
   yes
  </sporty>
 </clothing>
 <clothing>
  <id>
   454860631
  </id>
  <name>
   Nike Gloves Q-3495
  </name>
  <category>
   Gloves
  </category>
  <size>
   L
  </size>
  <color>
   Красный
  </color>
  <material>
   Шелк
  </material>
  <price>
   109647
  </price>
  <rating>
   3.42
  </rating>
  <reviews>
   428452
  </reviews>
  <new>
   -
  </new>
  <sporty>
   yes
  </sporty>
 </clothing>
 <clothing>
  <id>
   845467552
  </id>
  <name>
   Asics Gloves O-1595
  </name>
  <category>
   Gloves
  </category>
  <size>
   M
  </size>
  <color>
   Зеленый
  </color>
  <material>
   Шелк
  </material>
  <price>
   940553
  </price>
  <rating>
   3.91
  </rating>
  <reviews>
   818326
  </reviews>
  <new>
   -
  </new>
  <sporty>
   no
  </sporty>
 </clothing>
 <clothing>
  <id>
   865113966
  </id>
  <name>
   New Balance Shirt S-7054
  </name>
  <category>
   Shirt
  </category>
  <size>
   XL
  </size>
  <color>
   Оранжевый
  </color>
  <material>
   Лен
  </material>
  <price>
   132886
  </price>
  <rating>
   2.4
  </rating>
  <reviews>
   511775
  </reviews>
  <sporty>
   yes
  </sporty>
 </clothing>
 <clothing>
  <id>
   279000600
  </id>
  <name>
   Lacoste Sweater C-2570
  </name>
  <category>
   Sweater
  </category>
  <size>
   XL
  </size>
  <color>
   Синий
  </color>
  <material>
   Полиэстер
  </material>
  <price>
   681851
  </price>
  <rating>
   4.52
  </rating>
  <reviews>
   336449
  </reviews>
  <new>
   -
  </new>
  <exclusive>
   no
  </exclusive>
  <sporty>
   yes
  </sporty>
 </clothing>
 <clothing>
  <id>
   549711600
  </id>
  <name>
   DC Shoes I-4360
  </name>
  <category>
   Shoes
  </category>
  <size>
   S
  </size>
  <color>
   Желтый
  </color>
  <material>
   Кожа
  </material>
  <price>
   470968
  </price>
  <rating>
   4.5
  </rating>
  <reviews>
   702928
  </reviews>
  <exclusive>
   yes
  </exclusive>
 </clothing>
 <clothing>
  <id>
   178011249
  </id>
  <name>
   Lacoste Dress K-1309
  </name>
  <category>
   Dress
  </category>
  <size>
   L
  </size>
  <color>
   Фиолетовый
  </color>
  <material>
   Хлопок
  </material>
  <price>
   101597
  </price>
  <rating>
   4.16
  </rating>
  <reviews>
   713631
  </reviews>
  <new>
   +
  </new>
  <exclusive>
   yes
  </exclusive>
  <sporty>
   yes
  </sporty>
 </clothing>
 <clothing>
  <id>
   645946756
  </id>
  <name>
   Lacoste Sweater K-5248
  </name>
  <category>
   Sweater
  </category>
  <size>
   S
  </size>
  <color>
   Фиолетовый
  </color>
  <material>
   Хлопок
  </material>
  <price>
   422196
  </price>
  <rating>
   1.22
  </rating>
  <reviews>
   757837
  </reviews>
  <new>
   -
  </new>
  <exclusive>
   yes
  </exclusive>
 </clothing>
 <clothing>
  <id>
   802841962
  </id>
  <name>
   PleinSport Jeans X-7840
  </name>
  <category>
   Jeans
  </category>
  <size>
   XXL
  </size>
  <color>
   Зеленый
  </color>
  <material>
   Кожа
  </material>
  <price>
   988240
  </price>
  <rating>
   2.01
  </rating>
  <reviews>
   417909
  </reviews>
  <new>
   +
  </new>
  <sporty>
   yes
  </sporty>
 </clothing>
 <clothing>
  <id>
   311493710
  </id>
  <name>
   New Balance Socks J-1505
  </name>
  <category>
   Socks
  </category>
  <size>
   XXL
  </size>
  <color>
   Голубой
  </color>
  <material>
   Нейлон
  </material>
  <price>
   570792
  </price>
  <rating>
   3.65
  </rating>
  <reviews>
   813541
  </reviews>
  <new>
   +
  </new>
 </clothing>
 <clothing>
  <id>
   604224752
  </id>
  <name>
   Converse Shoes X-3408
  </name>
  <category>
   Shoes
  </category>
  <size>
   L
  </size>
  <color>
   Синий
  </color>
  <material>
   Кожа
  </material>
  <price>
   122087
  </price>
  <rating>
   3.01
  </rating>
  <reviews>
   860254
  </reviews>
 </clothing>
 <clothing>
  <id>
   562238903
  </id>
  <name>
   Vans Hat P-6232
  </name>
  <category>
   Hat
  </category>
  <size>
   S
  </size>
  <color>
   Желтый
  </color>
  <material>
   Лен
  </material>
  <price>
   646499
  </price>
  <rating>
   3.77
  </rating>
  <reviews>
   162231
  </reviews>
  <new>
   +
  </new>
  <sporty>
   yes
  </sporty>
 </clothing>
 <clothing>
  <id>
   181772091
  </id>
  <name>
   DC Dress D-4933
  </name>
  <category>
   Dress
  </category>
  <size>
   L
  </size>
  <color>
   Красный
  </color>
  <material>
   Лен
  </material>
  <price>
   406215
  </price>
  <rating>
   2.19
  </rating>
  <reviews>
   42611
  </reviews>
  <exclusive>
   no
  </exclusive>
  <sporty>
   yes
  </sporty>
 </clothing>
 <clothing>
  <id>
   843578993
  </id>
  <name>
   Nike Belts X-6471
  </name>
  <category>
   Belts
  </category>
  <size>
   M
  </size>
  <color>
   Желтый
  </color>
  <material>
   Лен
  </material>
  <price>
   544450
  </price>
  <rating>
   3.62
  </rating>
  <reviews>
   24375
  </reviews>
  <new>
   +
  </new>
  <exclusive>
   no
  </exclusive>
 </clothing>
 <clothing>
  <id>
   833928487
  </id>
  <name>
   Brooks Belts S-1070
  </name>
  <category>
   Belts
  </category>
  <size>
   L
  </size>
  <color>
   Голубой
  </color>
  <material>
   Шерсть
  </material>
  <price>
   457753
  </price>
  <rating>
   4.25
  </rating>
  <reviews>
   151694
  </reviews>
  <new>
   +
  </new>
  <exclusive>
   no
  </exclusive>
 </clothing>
 <clothing>
  <id>
   563502426
  </id>
  <name>
   New Balance Blouse T-5880
  </name>
  <category>
   Blouse
  </category>
  <size>
   S
  </size>
  <color>
   Красный
  </color>
  <material>
   Полиэстер
  </material>
  <price>
   250326
  </price>
  <rating>
   2.66
  </rating>
  <reviews>
   662609
  </reviews>
  <sporty>
   no
  </sporty>
 </clothing>
 <clothing>
  <id>
   131516389
  </id>
  <name>
   DC Dress W-8253
  </name>
  <category>
   Dress
  </category>
  <size>
   S
  </size>
  <color>
   Оранжевый
  </color>
  <material>
   Кожа
  </material>
  <price>
   438927
  </price>
  <rating>
   4.53
  </rating>
  <reviews>
   770541
  </reviews>
  <sporty>
   yes
  </sporty>
 </clothing>
 <clothing>
  <id>
   630626632
  </id>
  <name>
   Converse Jacket O-4951
  </name>
  <category>
   Jacket
  </category>
  <size>
   XL
  </size>
  <color>
   Красный
  </color>
  <material>
   Шерсть
  </material>
  <price>
   645601
  </price>
  <rating>
   3.73
  </rating>
  <reviews>
   18167
  </reviews>
  <sporty>
   yes
  </sporty>
 </clothing>
 <clothing>
  <id>
   804066850
  </id>
  <name>
   Adidas Blouse G-7754
  </name>
  <category>
   Blouse
  </category>
  <size>
   XL
  </size>
  <color>
   Синий
  </color>
  <material>
   Нейлон
  </material>
  <price>
   477142
  </price>
  <rating>
   3.11
  </rating>
  <reviews>
   472433
  </reviews>
  <new>
   +
  </new>
 </clothing>
 <clothing>
  <id>
   535167921
  </id>
  <name>
   Fila Shoes P-8345
  </name>
  <category>
   Shoes
  </category>
  <size>
   XL
  </size>
  <color>
   Оранжевый
  </color>
  <material>
   Кожа
  </material>
  <price>
   217536
  </price>
  <rating>
   4.62
  </rating>
  <reviews>
   767037
  </reviews>
  <new>
   -
  </new>
  <exclusive>
   no
  </exclusive>
 </clothing>
 <clothing>
  <id>
   910535331
  </id>
  <name>
   DC Handbags V-5246
  </name>
  <category>
   Handbags
  </category>
  <size>
   XXL
  </size>
  <color>
   Зеленый
  </color>
  <material>
   Лен
  </material>
  <price>
   429506
  </price>
  <rating>
   3.21
  </rating>
  <reviews>
   617691
  </reviews>
  <exclusive>
   no
  </exclusive>
  <sporty>
   yes
  </sporty>
 </clothing>
 <clothing>
  <id>
   464475486
  </id>
  <name>
   DC Dress Y-8761
  </name>
  <category>
   Dress
  </category>
  <size>
   M
  </size>
  <color>
   Красный
  </color>
  <material>
   Нейлон
  </material>
  <price>
   772852
  </price>
  <rating>
   4.92
  </rating>
  <reviews>
   823019
  </reviews>
  <new>
   -
  </new>
  <sporty>
   no
  </sporty>
 </clothing>
 <clothing>
  <id>
   779037200
  </id>
  <name>
   Nike Shoes C-7000
  </name>
  <category>
   Shoes
  </category>
  <size>
   XXL
  </size>
  <color>
   Зеленый
  </color>
  <material>
   Шерсть
  </material>
  <price>
   911642
  </price>
  <rating>
   4.1
  </rating>
  <reviews>
   846710
  </reviews>
  <exclusive>
   no
  </exclusive>
 </clothing>
 <clothing>
  <id>
   215286744
  </id>
  <name>
   New Balance Jeans A-6161
  </name>
  <category>
   Jeans
  </category>
  <size>
   S
  </size>
  <color>
   Оранжевый
  </color>
  <material>
   Кожа
  </material>
  <price>
   938371
  </price>
  <rating>
   4.72
  </rating>
  <reviews>
   974409
  </reviews>
  <new>
   +
  </new>
  <exclusive>
   no
  </exclusive>
 </clothing>
 <clothing>
  <id>
   931430097
  </id>
  <name>
   Addidas Blouse A-5072
  </name>
  <category>
   Blouse
  </category>
  <size>
   L
  </size>
  <color>
   Желтый
  </color>
  <material>
   Нейлон
  </material>
  <price>
   662208
  </price>
  <rating>
   1.89
  </rating>
  <reviews>
   433720
  </reviews>
  <sporty>
   no
  </sporty>
 </clothing>
 <clothing>
  <id>
   709314709
  </id>
  <name>
   Fila T-shirt G-3226
  </name>
  <category>
   T-shirt
  </category>
  <size>
   S
  </size>
  <color>
   Голубой
  </color>
  <material>
   Кожа
  </material>
  <price>
   980671
  </price>
  <rating>
   1.93
  </rating>
  <reviews>
   647915
  </reviews>
  <new>
   -
  </new>
  <exclusive>
   no
  </exclusive>
  <sporty>
   no
  </sporty>
 </clothing>
 <clothing>
  <id>
   848058690
  </id>
  <name>
   PleinSport Shirt J-6577
  </name>
  <category>
   Shirt
  </category>
  <size>
   XL
  </size>
  <color>
   Зеленый
  </color>
  <material>
   Хлопок
  </material>
  <price>
   556848
  </price>
  <rating>
   1.69
  </rating>
  <reviews>
   416911
  </reviews>
  <sporty>
   no
  </sporty>
 </clothing>
</clothing-items>
