<?xml version="1.0" encoding="utf-8"?>
<clothing-items>
 <clothing>
  <id>
   878095851
  </id>
  <name>
   Asics Jacket T-8076
  </name>
  <category>
   Jacket
  </category>
  <size>
   XL
  </size>
  <color>
   Красный
  </color>
  <material>
   Лен
  </material>
  <price>
   266552
  </price>
  <rating>
   1.18
  </rating>
  <reviews>
   328880
  </reviews>
 </clothing>
 <clothing>
  <id>
   440256872
  </id>
  <name>
   DC Skirt Z-8897
  </name>
  <category>
   Skirt
  </category>
  <size>
   XL
  </size>
  <color>
   Зеленый
  </color>
  <material>
   Кожа
  </material>
  <price>
   467478
  </price>
  <rating>
   4.41
  </rating>
  <reviews>
   918528
  </reviews>
 </clothing>
 <clothing>
  <id>
   343570884
  </id>
  <name>
   Puma Blouse I-4474
  </name>
  <category>
   Blouse
  </category>
  <size>
   XXL
  </size>
  <color>
   Фиолетовый
  </color>
  <material>
   Шерсть
  </material>
  <price>
   838124
  </price>
  <rating>
   1.97
  </rating>
  <reviews>
   589615
  </reviews>
  <new>
   -
  </new>
  <sporty>
   no
  </sporty>
 </clothing>
 <clothing>
  <id>
   311556351
  </id>
  <name>
   Puma Sweater T-6426
  </name>
  <category>
   Sweater
  </category>
  <size>
   L
  </size>
  <color>
   Фиолетовый
  </color>
  <material>
   Кожа
  </material>
  <price>
   658683
  </price>
  <rating>
   2.99
  </rating>
  <reviews>
   329352
  </reviews>
  <exclusive>
   yes
  </exclusive>
 </clothing>
 <clothing>
  <id>
   499577213
  </id>
  <name>
   Reebok Dress V-8337
  </name>
  <category>
   Dress
  </category>
  <size>
   S
  </size>
  <color>
   Красный
  </color>
  <material>
   Нейлон
  </material>
  <price>
   523188
  </price>
  <rating>
   3.06
  </rating>
  <reviews>
   700235
  </reviews>
  <new>
   +
  </new>
  <sporty>
   no
  </sporty>
 </clothing>
 <clothing>
  <id>
   638358424
  </id>
  <name>
   PleinSport Socks H-7184
  </name>
  <category>
   Socks
  </category>
  <size>
   XL
  </size>
  <color>
   Синий
  </color>
  <material>
   Шерсть
  </material>
  <price>
   921235
  </price>
  <rating>
   2.13
  </rating>
  <reviews>
   412731
  </reviews>
  <exclusive>
   no
  </exclusive>
  <sporty>
   no
  </sporty>
 </clothing>
 <clothing>
  <id>
   554005429
  </id>
  <name>
   Addidas T-shirt Y-5967
  </name>
  <category>
   T-shirt
  </category>
  <size>
   L
  </size>
  <color>
   Желтый
  </color>
  <material>
   Полиэстер
  </material>
  <price>
   828852
  </price>
  <rating>
   2.38
  </rating>
  <reviews>
   451956
  </reviews>
  <new>
   -
  </new>
  <sporty>
   yes
  </sporty>
 </clothing>
 <clothing>
  <id>
   668594119
  </id>
  <name>
   Lacoste Gloves U-2173
  </name>
  <category>
   Gloves
  </category>
  <size>
   M
  </size>
  <color>
   Красный
  </color>
  <material>
   Нейлон
  </material>
  <price>
   298449
  </price>
  <rating>
   1.07
  </rating>
  <reviews>
   9537
  </reviews>
  <exclusive>
   no
  </exclusive>
 </clothing>
 <clothing>
  <id>
   744928275
  </id>
  <name>
   Nike Blouse S-1444
  </name>
  <category>
   Blouse
  </category>
  <size>
   XXL
  </size>
  <color>
   Красный
  </color>
  <material>
   Шелк
  </material>
  <price>
   868154
  </price>
  <rating>
   2.83
  </rating>
  <reviews>
   692168
  </reviews>
 </clothing>
 <clothing>
  <id>
   871450410
  </id>
  <name>
   Fila Shirt L-9355
  </name>
  <category>
   Shirt
  </category>
  <size>
   S
  </size>
  <color>
   Синий
  </color>
  <material>
   Полиэстер
  </material>
  <price>
   941890
  </price>
  <rating>
   2.98
  </rating>
  <reviews>
   972859
  </reviews>
  <new>
   +
  </new>
  <exclusive>
   no
  </exclusive>
  <sporty>
   yes
  </sporty>
 </clothing>
 <clothing>
  <id>
   799689542
  </id>
  <name>
   DC Skirt W-3023
  </name>
  <category>
   Skirt
  </category>
  <size>
   XXL
  </size>
  <color>
   Желтый
  </color>
  <material>
   Кожа
  </material>
  <price>
   700701
  </price>
  <rating>
   3.66
  </rating>
  <reviews>
   646055
  </reviews>
  <new>
   +
  </new>
  <sporty>
   yes
  </sporty>
 </clothing>
 <clothing>
  <id>
   234270468
  </id>
  <name>
   Under Armour Sweater J-2725
  </name>
  <category>
   Sweater
  </category>
  <size>
   XL
  </size>
  <color>
   Зеленый
  </color>
  <material>
   Хлопок
  </material>
  <price>
   803775
  </price>
  <rating>
   2.66
  </rating>
  <reviews>
   905872
  </reviews>
  <new>
   -
  </new>
  <exclusive>
   no
  </exclusive>
 </clothing>
 <clothing>
  <id>
   268053978
  </id>
  <name>
   Brooks Socks F-7282
  </name>
  <category>
   Socks
  </category>
  <size>
   XXL
  </size>
  <color>
   Красный
  </color>
  <material>
   Шерсть
  </material>
  <price>
   794780
  </price>
  <rating>
   1.94
  </rating>
  <reviews>
   632872
  </reviews>
  <sporty>
   no
  </sporty>
 </clothing>
 <clothing>
  <id>
   654021285
  </id>
  <name>
   Ellesse Belts F-4060
  </name>
  <category>
   Belts
  </category>
  <size>
   XL
  </size>
  <color>
   Зеленый
  </color>
  <material>
   Хлопок
  </material>
  <price>
   285228
  </price>
  <rating>
   3.06
  </rating>
  <reviews>
   179185
  </reviews>
  <new>
   -
  </new>
  <exclusive>
   yes
  </exclusive>
 </clothing>
 <clothing>
  <id>
   475140810
  </id>
  <name>
   New Balance Skirt M-4177
  </name>
  <category>
   Skirt
  </category>
  <size>
   L
  </size>
  <color>
   Фиолетовый
  </color>
  <material>
   Шерсть
  </material>
  <price>
   674876
  </price>
  <rating>
   3.19
  </rating>
  <reviews>
   120519
  </reviews>
  <sporty>
   no
  </sporty>
 </clothing>
 <clothing>
  <id>
   524595607
  </id>
  <name>
   Addidas Belts F-9659
  </name>
  <category>
   Belts
  </category>
  <size>
   XL
  </size>
  <color>
   Голубой
  </color>
  <material>
   Лен
  </material>
  <price>
   901025
  </price>
  <rating>
   1.96
  </rating>
  <reviews>
   467149
  </reviews>
  <exclusive>
   no
  </exclusive>
  <sporty>
   yes
  </sporty>
 </clothing>
 <clothing>
  <id>
   372110014
  </id>
  <name>
   Asics Socks L-3821
  </name>
  <category>
   Socks
  </category>
  <size>
   XL
  </size>
  <color>
   Оранжевый
  </color>
  <material>
   Полиэстер
  </material>
  <price>
   805237
  </price>
  <rating>
   4.92
  </rating>
  <reviews>
   167046
  </reviews>
  <new>
   -
  </new>
  <exclusive>
   yes
  </exclusive>
  <sporty>
   no
  </sporty>
 </clothing>
 <clothing>
  <id>
   108041371
  </id>
  <name>
   Converse Handbags O-4818
  </name>
  <category>
   Handbags
  </category>
  <size>
   XL
  </size>
  <color>
   Фиолетовый
  </color>
  <material>
   Шелк
  </material>
  <price>
   547618
  </price>
  <rating>
   4.57
  </rating>
  <reviews>
   774733
  </reviews>
  <exclusive>
   yes
  </exclusive>
  <sporty>
   no
  </sporty>
 </clothing>
 <clothing>
  <id>
   384031955
  </id>
  <name>
   Lacoste Blouse E-8375
  </name>
  <category>
   Blouse
  </category>
  <size>
   S
  </size>
  <color>
   Фиолетовый
  </color>
  <material>
   Вискоза
  </material>
  <price>
   554211
  </price>
  <rating>
   3.36
  </rating>
  <reviews>
   864989
  </reviews>
  <new>
   +
  </new>
 </clothing>
 <clothing>
  <id>
   991510130
  </id>
  <name>
   Reebok Jacket U-3320
  </name>
  <category>
   Jacket
  </category>
  <size>
   L
  </size>
  <color>
   Зеленый
  </color>
  <material>
   Полиэстер
  </material>
  <price>
   444605
  </price>
  <rating>
   4.92
  </rating>
  <reviews>
   853073
  </reviews>
  <new>
   +
  </new>
  <exclusive>
   no
  </exclusive>
  <sporty>
   no
  </sporty>
 </clothing>
 <clothing>
  <id>
   541886336
  </id>
  <name>
   Asics Belts B-1015
  </name>
  <category>
   Belts
  </category>
  <size>
   XXL
  </size>
  <color>
   Голубой
  </color>
  <material>
   Полиэстер
  </material>
  <price>
   579130
  </price>
  <rating>
   3.33
  </rating>
  <reviews>
   339412
  </reviews>
  <sporty>
   no
  </sporty>
 </clothing>
 <clothing>
  <id>
   486629503
  </id>
  <name>
   Asics Handbags E-1021
  </name>
  <category>
   Handbags
  </category>
  <size>
   S
  </size>
  <color>
   Фиолетовый
  </color>
  <material>
   Лен
  </material>
  <price>
   359351
  </price>
  <rating>
   2.27
  </rating>
  <reviews>
   901240
  </reviews>
  <new>
   +
  </new>
  <exclusive>
   no
  </exclusive>
  <sporty>
   no
  </sporty>
 </clothing>
 <clothing>
  <id>
   518509701
  </id>
  <name>
   Reebok Socks V-4421
  </name>
  <category>
   Socks
  </category>
  <size>
   M
  </size>
  <color>
   Фиолетовый
  </color>
  <material>
   Лен
  </material>
  <price>
   250492
  </price>
  <rating>
   1.61
  </rating>
  <reviews>
   830899
  </reviews>
  <new>
   +
  </new>
  <exclusive>
   yes
  </exclusive>
  <sporty>
   yes
  </sporty>
 </clothing>
 <clothing>
  <id>
   558832577
  </id>
  <name>
   Adidas Gloves P-2821
  </name>
  <category>
   Gloves
  </category>
  <size>
   XL
  </size>
  <color>
   Оранжевый
  </color>
  <material>
   Нейлон
  </material>
  <price>
   258844
  </price>
  <rating>
   2.88
  </rating>
  <reviews>
   828567
  </reviews>
  <new>
   +
  </new>
  <sporty>
   no
  </sporty>
 </clothing>
</clothing-items>
