<?xml version="1.0" encoding="utf-8"?>
<clothing-items>
 <clothing>
  <id>
   602375627
  </id>
  <name>
   Adidas Umbrellas K-6242
  </name>
  <category>
   Umbrellas
  </category>
  <size>
   XL
  </size>
  <color>
   Зеленый
  </color>
  <material>
   Нейлон
  </material>
  <price>
   371800
  </price>
  <rating>
   1.89
  </rating>
  <reviews>
   612245
  </reviews>
 </clothing>
 <clothing>
  <id>
   826275095
  </id>
  <name>
   Vans Shoes B-2198
  </name>
  <category>
   Shoes
  </category>
  <size>
   S
  </size>
  <color>
   Зеленый
  </color>
  <material>
   Шелк
  </material>
  <price>
   505831
  </price>
  <rating>
   3.15
  </rating>
  <reviews>
   394928
  </reviews>
  <new>
   +
  </new>
  <exclusive>
   no
  </exclusive>
  <sporty>
   yes
  </sporty>
 </clothing>
 <clothing>
  <id>
   137317244
  </id>
  <name>
   DC Gloves F-6730
  </name>
  <category>
   Gloves
  </category>
  <size>
   XXL
  </size>
  <color>
   Голубой
  </color>
  <material>
   Шелк
  </material>
  <price>
   542781
  </price>
  <rating>
   2.37
  </rating>
  <reviews>
   656631
  </reviews>
  <new>
   +
  </new>
  <exclusive>
   yes
  </exclusive>
  <sporty>
   no
  </sporty>
 </clothing>
 <clothing>
  <id>
   916629720
  </id>
  <name>
   Nike Blouse I-7087
  </name>
  <category>
   Blouse
  </category>
  <size>
   L
  </size>
  <color>
   Красный
  </color>
  <material>
   Кожа
  </material>
  <price>
   227094
  </price>
  <rating>
   4.37
  </rating>
  <reviews>
   31531
  </reviews>
  <new>
   -
  </new>
 </clothing>
 <clothing>
  <id>
   117150243
  </id>
  <name>
   Vans Sweater R-4410
  </name>
  <category>
   Sweater
  </category>
  <size>
   XL
  </size>
  <color>
   Оранжевый
  </color>
  <material>
   Нейлон
  </material>
  <price>
   868986
  </price>
  <rating>
   3.58
  </rating>
  <reviews>
   380447
  </reviews>
  <new>
   -
  </new>
  <sporty>
   yes
  </sporty>
 </clothing>
 <clothing>
  <id>
   556975592
  </id>
  <name>
   PleinSport Jeans D-1523
  </name>
  <category>
   Jeans
  </category>
  <size>
   M
  </size>
  <color>
   Голубой
  </color>
  <material>
   Хлопок
  </material>
  <price>
   101710
  </price>
  <rating>
   1.73
  </rating>
  <reviews>
   752294
  </reviews>
  <new>
   +
  </new>
  <exclusive>
   no
  </exclusive>
 </clothing>
 <clothing>
  <id>
   666190777
  </id>
  <name>
   Brooks Skirt L-8131
  </name>
  <category>
   Skirt
  </category>
  <size>
   L
  </size>
  <color>
   Желтый
  </color>
  <material>
   Вискоза
  </material>
  <price>
   117043
  </price>
  <rating>
   1.51
  </rating>
  <reviews>
   125408
  </reviews>
  <exclusive>
   yes
  </exclusive>
  <sporty>
   no
  </sporty>
 </clothing>
 <clothing>
  <id>
   786381588
  </id>
  <name>
   Ellesse Gloves C-9665
  </name>
  <category>
   Gloves
  </category>
  <size>
   XL
  </size>
  <color>
   Синий
  </color>
  <material>
   Полиэстер
  </material>
  <price>
   356010
  </price>
  <rating>
   3.84
  </rating>
  <reviews>
   151505
  </reviews>
  <new>
   +
  </new>
  <sporty>
   yes
  </sporty>
 </clothing>
 <clothing>
  <id>
   475006133
  </id>
  <name>
   Ellesse Handbags U-1150
  </name>
  <category>
   Handbags
  </category>
  <size>
   XXL
  </size>
  <color>
   Оранжевый
  </color>
  <material>
   Шелк
  </material>
  <price>
   324569
  </price>
  <rating>
   3.27
  </rating>
  <reviews>
   932281
  </reviews>
  <sporty>
   no
  </sporty>
 </clothing>
 <clothing>
  <id>
   103773074
  </id>
  <name>
   Lacoste Sweater X-6054
  </name>
  <category>
   Sweater
  </category>
  <size>
   S
  </size>
  <color>
   Голубой
  </color>
  <material>
   Хлопок
  </material>
  <price>
   115494
  </price>
  <rating>
   1.15
  </rating>
  <reviews>
   763778
  </reviews>
  <sporty>
   yes
  </sporty>
 </clothing>
 <clothing>
  <id>
   322103013
  </id>
  <name>
   Fila Skirt L-5716
  </name>
  <category>
   Skirt
  </category>
  <size>
   M
  </size>
  <color>
   Фиолетовый
  </color>
  <material>
   Вискоза
  </material>
  <price>
   664724
  </price>
  <rating>
   3.04
  </rating>
  <reviews>
   497169
  </reviews>
  <new>
   -
  </new>
  <exclusive>
   no
  </exclusive>
  <sporty>
   no
  </sporty>
 </clothing>
 <clothing>
  <id>
   682660578
  </id>
  <name>
   DC T-shirt J-2285
  </name>
  <category>
   T-shirt
  </category>
  <size>
   L
  </size>
  <color>
   Синий
  </color>
  <material>
   Нейлон
  </material>
  <price>
   387213
  </price>
  <rating>
   4.51
  </rating>
  <reviews>
   104553
  </reviews>
  <new>
   -
  </new>
  <exclusive>
   no
  </exclusive>
  <sporty>
   yes
  </sporty>
 </clothing>
 <clothing>
  <id>
   668907230
  </id>
  <name>
   Ellesse Jacket T-8060
  </name>
  <category>
   Jacket
  </category>
  <size>
   XL
  </size>
  <color>
   Синий
  </color>
  <material>
   Лен
  </material>
  <price>
   362285
  </price>
  <rating>
   4.88
  </rating>
  <reviews>
   871928
  </reviews>
  <exclusive>
   no
  </exclusive>
 </clothing>
 <clothing>
  <id>
   110738972
  </id>
  <name>
   Fila Skirt I-3907
  </name>
  <category>
   Skirt
  </category>
  <size>
   M
  </size>
  <color>
   Красный
  </color>
  <material>
   Нейлон
  </material>
  <price>
   671578
  </price>
  <rating>
   3.57
  </rating>
  <reviews>
   673992
  </reviews>
  <exclusive>
   yes
  </exclusive>
  <sporty>
   no
  </sporty>
 </clothing>
 <clothing>
  <id>
   313694137
  </id>
  <name>
   Under Armour Pants X-7502
  </name>
  <category>
   Pants
  </category>
  <size>
   XL
  </size>
  <color>
   Зеленый
  </color>
  <material>
   Хлопок
  </material>
  <price>
   591437
  </price>
  <rating>
   2.17
  </rating>
  <reviews>
   93504
  </reviews>
  <new>
   +
  </new>
  <exclusive>
   no
  </exclusive>
  <sporty>
   no
  </sporty>
 </clothing>
</clothing-items>
