<?xml version="1.0" encoding="utf-8"?>
<clothing-items>
 <clothing>
  <id>
   441622508
  </id>
  <name>
   Puma Sweater R-4867
  </name>
  <category>
   Sweater
  </category>
  <size>
   L
  </size>
  <color>
   Синий
  </color>
  <material>
   Полиэстер
  </material>
  <price>
   647378
  </price>
  <rating>
   2.2
  </rating>
  <reviews>
   744151
  </reviews>
  <new>
   -
  </new>
  <exclusive>
   no
  </exclusive>
 </clothing>
 <clothing>
  <id>
   301241027
  </id>
  <name>
   Ellesse Dress R-8084
  </name>
  <category>
   Dress
  </category>
  <size>
   M
  </size>
  <color>
   Фиолетовый
  </color>
  <material>
   Кожа
  </material>
  <price>
   822768
  </price>
  <rating>
   4.11
  </rating>
  <reviews>
   259709
  </reviews>
  <new>
   -
  </new>
 </clothing>
 <clothing>
  <id>
   243830798
  </id>
  <name>
   Converse Belts B-5769
  </name>
  <category>
   Belts
  </category>
  <size>
   XL
  </size>
  <color>
   Красный
  </color>
  <material>
   Шерсть
  </material>
  <price>
   205372
  </price>
  <rating>
   1.48
  </rating>
  <reviews>
   600683
  </reviews>
  <new>
   -
  </new>
 </clothing>
 <clothing>
  <id>
   203385252
  </id>
  <name>
   Ellesse Dress Q-7495
  </name>
  <category>
   Dress
  </category>
  <size>
   L
  </size>
  <color>
   Голубой
  </color>
  <material>
   Кожа
  </material>
  <price>
   951391
  </price>
  <rating>
   2.16
  </rating>
  <reviews>
   440730
  </reviews>
  <new>
   -
  </new>
  <exclusive>
   no
  </exclusive>
 </clothing>
 <clothing>
  <id>
   243233759
  </id>
  <name>
   Vans Shoes Y-7152
  </name>
  <category>
   Shoes
  </category>
  <size>
   M
  </size>
  <color>
   Красный
  </color>
  <material>
   Лен
  </material>
  <price>
   503895
  </price>
  <rating>
   3.57
  </rating>
  <reviews>
   615363
  </reviews>
  <new>
   -
  </new>
  <exclusive>
   yes
  </exclusive>
 </clothing>
 <clothing>
  <id>
   521454594
  </id>
  <name>
   Reebok Belts A-5508
  </name>
  <category>
   Belts
  </category>
  <size>
   XL
  </size>
  <color>
   Оранжевый
  </color>
  <material>
   Кожа
  </material>
  <price>
   108469
  </price>
  <rating>
   3.85
  </rating>
  <reviews>
   436510
  </reviews>
  <new>
   +
  </new>
  <sporty>
   no
  </sporty>
 </clothing>
 <clothing>
  <id>
   778095533
  </id>
  <name>
   Ellesse T-shirt A-9168
  </name>
  <category>
   T-shirt
  </category>
  <size>
   M
  </size>
  <color>
   Желтый
  </color>
  <material>
   Вискоза
  </material>
  <price>
   833207
  </price>
  <rating>
   1.64
  </rating>
  <reviews>
   902752
  </reviews>
 </clothing>
 <clothing>
  <id>
   878462091
  </id>
  <name>
   Nike Jeans W-9800
  </name>
  <category>
   Jeans
  </category>
  <size>
   L
  </size>
  <color>
   Зеленый
  </color>
  <material>
   Шерсть
  </material>
  <price>
   245665
  </price>
  <rating>
   3.86
  </rating>
  <reviews>
   310424
  </reviews>
  <new>
   -
  </new>
  <exclusive>
   no
  </exclusive>
  <sporty>
   yes
  </sporty>
 </clothing>
 <clothing>
  <id>
   541012088
  </id>
  <name>
   Adidas Blouse H-6153
  </name>
  <category>
   Blouse
  </category>
  <size>
   S
  </size>
  <color>
   Синий
  </color>
  <material>
   Хлопок
  </material>
  <price>
   884430
  </price>
  <rating>
   1.63
  </rating>
  <reviews>
   466824
  </reviews>
  <exclusive>
   yes
  </exclusive>
 </clothing>
 <clothing>
  <id>
   396918396
  </id>
  <name>
   Under Armour Belts N-8720
  </name>
  <category>
   Belts
  </category>
  <size>
   XXL
  </size>
  <color>
   Голубой
  </color>
  <material>
   Нейлон
  </material>
  <price>
   111999
  </price>
  <rating>
   3.4
  </rating>
  <reviews>
   334394
  </reviews>
  <new>
   +
  </new>
  <exclusive>
   yes
  </exclusive>
  <sporty>
   yes
  </sporty>
 </clothing>
 <clothing>
  <id>
   159937418
  </id>
  <name>
   Converse Handbags F-9408
  </name>
  <category>
   Handbags
  </category>
  <size>
   S
  </size>
  <color>
   Синий
  </color>
  <material>
   Шелк
  </material>
  <price>
   781926
  </price>
  <rating>
   1.88
  </rating>
  <reviews>
   270427
  </reviews>
 </clothing>
 <clothing>
  <id>
   874081471
  </id>
  <name>
   Under Armour Hat P-2978
  </name>
  <category>
   Hat
  </category>
  <size>
   M
  </size>
  <color>
   Желтый
  </color>
  <material>
   Вискоза
  </material>
  <price>
   278664
  </price>
  <rating>
   1.36
  </rating>
  <reviews>
   729778
  </reviews>
  <sporty>
   no
  </sporty>
 </clothing>
 <clothing>
  <id>
   551482991
  </id>
  <name>
   Ellesse Jeans O-9764
  </name>
  <category>
   Jeans
  </category>
  <size>
   XL
  </size>
  <color>
   Оранжевый
  </color>
  <material>
   Лен
  </material>
  <price>
   693889
  </price>
  <rating>
   4.12
  </rating>
  <reviews>
   294186
  </reviews>
  <new>
   -
  </new>
 </clothing>
 <clothing>
  <id>
   701825139
  </id>
  <name>
   Reebok Dress A-7600
  </name>
  <category>
   Dress
  </category>
  <size>
   L
  </size>
  <color>
   Фиолетовый
  </color>
  <material>
   Вискоза
  </material>
  <price>
   122442
  </price>
  <rating>
   3.01
  </rating>
  <reviews>
   164641
  </reviews>
 </clothing>
 <clothing>
  <id>
   542091777
  </id>
  <name>
   Under Armour Dress J-3433
  </name>
  <category>
   Dress
  </category>
  <size>
   S
  </size>
  <color>
   Оранжевый
  </color>
  <material>
   Кожа
  </material>
  <price>
   749518
  </price>
  <rating>
   4.74
  </rating>
  <reviews>
   319046
  </reviews>
  <sporty>
   no
  </sporty>
 </clothing>
 <clothing>
  <id>
   668259567
  </id>
  <name>
   Nike Handbags P-6528
  </name>
  <category>
   Handbags
  </category>
  <size>
   S
  </size>
  <color>
   Красный
  </color>
  <material>
   Хлопок
  </material>
  <price>
   798217
  </price>
  <rating>
   4.96
  </rating>
  <reviews>
   325462
  </reviews>
  <new>
   -
  </new>
  <sporty>
   yes
  </sporty>
 </clothing>
 <clothing>
  <id>
   188045195
  </id>
  <name>
   New Balance Belts J-1483
  </name>
  <category>
   Belts
  </category>
  <size>
   S
  </size>
  <color>
   Фиолетовый
  </color>
  <material>
   Полиэстер
  </material>
  <price>
   499050
  </price>
  <rating>
   4.88
  </rating>
  <reviews>
   82171
  </reviews>
  <new>
   -
  </new>
 </clothing>
 <clothing>
  <id>
   509241710
  </id>
  <name>
   Asics Jeans U-6208
  </name>
  <category>
   Jeans
  </category>
  <size>
   L
  </size>
  <color>
   Голубой
  </color>
  <material>
   Шерсть
  </material>
  <price>
   100272
  </price>
  <rating>
   1.22
  </rating>
  <reviews>
   734369
  </reviews>
  <new>
   -
  </new>
  <exclusive>
   no
  </exclusive>
  <sporty>
   no
  </sporty>
 </clothing>
 <clothing>
  <id>
   662243704
  </id>
  <name>
   Fila Blouse F-9532
  </name>
  <category>
   Blouse
  </category>
  <size>
   M
  </size>
  <color>
   Желтый
  </color>
  <material>
   Лен
  </material>
  <price>
   944755
  </price>
  <rating>
   3.63
  </rating>
  <reviews>
   508684
  </reviews>
  <new>
   -
  </new>
  <sporty>
   yes
  </sporty>
 </clothing>
 <clothing>
  <id>
   768198794
  </id>
  <name>
   PleinSport Hat T-2383
  </name>
  <category>
   Hat
  </category>
  <size>
   XXL
  </size>
  <color>
   Желтый
  </color>
  <material>
   Вискоза
  </material>
  <price>
   304926
  </price>
  <rating>
   1.43
  </rating>
  <reviews>
   544623
  </reviews>
  <new>
   -
  </new>
  <sporty>
   no
  </sporty>
 </clothing>
 <clothing>
  <id>
   161793865
  </id>
  <name>
   Under Armour Pants P-1739
  </name>
  <category>
   Pants
  </category>
  <size>
   M
  </size>
  <color>
   Красный
  </color>
  <material>
   Шерсть
  </material>
  <price>
   366771
  </price>
  <rating>
   2.82
  </rating>
  <reviews>
   640850
  </reviews>
  <sporty>
   yes
  </sporty>
 </clothing>
 <clothing>
  <id>
   846386679
  </id>
  <name>
   Reebok Sweater E-3436
  </name>
  <category>
   Sweater
  </category>
  <size>
   M
  </size>
  <color>
   Синий
  </color>
  <material>
   Нейлон
  </material>
  <price>
   625651
  </price>
  <rating>
   3.66
  </rating>
  <reviews>
   791872
  </reviews>
  <new>
   -
  </new>
  <sporty>
   yes
  </sporty>
 </clothing>
 <clothing>
  <id>
   451224349
  </id>
  <name>
   Adidas Handbags L-3143
  </name>
  <category>
   Handbags
  </category>
  <size>
   S
  </size>
  <color>
   Красный
  </color>
  <material>
   Нейлон
  </material>
  <price>
   876844
  </price>
  <rating>
   2.24
  </rating>
  <reviews>
   591015
  </reviews>
  <sporty>
   no
  </sporty>
 </clothing>
 <clothing>
  <id>
   129277290
  </id>
  <name>
   Lacoste Gloves O-4993
  </name>
  <category>
   Gloves
  </category>
  <size>
   XXL
  </size>
  <color>
   Красный
  </color>
  <material>
   Шерсть
  </material>
  <price>
   254600
  </price>
  <rating>
   3.31
  </rating>
  <reviews>
   620416
  </reviews>
  <sporty>
   no
  </sporty>
 </clothing>
</clothing-items>
