<?xml version="1.0" encoding="utf-8"?>
<clothing-items>
 <clothing>
  <id>
   309040892
  </id>
  <name>
   Converse Shoes Y-7544
  </name>
  <category>
   Shoes
  </category>
  <size>
   S
  </size>
  <color>
   Синий
  </color>
  <material>
   Шерсть
  </material>
  <price>
   276917
  </price>
  <rating>
   4.44
  </rating>
  <reviews>
   158329
  </reviews>
  <new>
   -
  </new>
  <exclusive>
   yes
  </exclusive>
  <sporty>
   no
  </sporty>
 </clothing>
 <clothing>
  <id>
   176509122
  </id>
  <name>
   Lacoste Skirt L-9848
  </name>
  <category>
   Skirt
  </category>
  <size>
   XL
  </size>
  <color>
   Красный
  </color>
  <material>
   Нейлон
  </material>
  <price>
   298844
  </price>
  <rating>
   1.52
  </rating>
  <reviews>
   828438
  </reviews>
  <exclusive>
   yes
  </exclusive>
 </clothing>
 <clothing>
  <id>
   293789079
  </id>
  <name>
   Vans T-shirt Z-8546
  </name>
  <category>
   T-shirt
  </category>
  <size>
   XL
  </size>
  <color>
   Зеленый
  </color>
  <material>
   Полиэстер
  </material>
  <price>
   829150
  </price>
  <rating>
   4.56
  </rating>
  <reviews>
   602608
  </reviews>
  <new>
   -
  </new>
  <exclusive>
   no
  </exclusive>
  <sporty>
   no
  </sporty>
 </clothing>
 <clothing>
  <id>
   647791077
  </id>
  <name>
   Addidas Pants J-5049
  </name>
  <category>
   Pants
  </category>
  <size>
   L
  </size>
  <color>
   Зеленый
  </color>
  <material>
   Шерсть
  </material>
  <price>
   283775
  </price>
  <rating>
   2.76
  </rating>
  <reviews>
   707314
  </reviews>
  <new>
   -
  </new>
 </clothing>
 <clothing>
  <id>
   959927747
  </id>
  <name>
   DC Pants O-6746
  </name>
  <category>
   Pants
  </category>
  <size>
   L
  </size>
  <color>
   Синий
  </color>
  <material>
   Шерсть
  </material>
  <price>
   864693
  </price>
  <rating>
   4.63
  </rating>
  <reviews>
   602212
  </reviews>
  <new>
   -
  </new>
  <exclusive>
   no
  </exclusive>
 </clothing>
 <clothing>
  <id>
   442989551
  </id>
  <name>
   Addidas Belts Z-3738
  </name>
  <category>
   Belts
  </category>
  <size>
   S
  </size>
  <color>
   Красный
  </color>
  <material>
   Полиэстер
  </material>
  <price>
   458393
  </price>
  <rating>
   4.26
  </rating>
  <reviews>
   605700
  </reviews>
  <new>
   -
  </new>
  <exclusive>
   yes
  </exclusive>
 </clothing>
 <clothing>
  <id>
   250469746
  </id>
  <name>
   PleinSport Pants O-9738
  </name>
  <category>
   Pants
  </category>
  <size>
   L
  </size>
  <color>
   Оранжевый
  </color>
  <material>
   Полиэстер
  </material>
  <price>
   408681
  </price>
  <rating>
   2.32
  </rating>
  <reviews>
   129888
  </reviews>
  <new>
   +
  </new>
  <exclusive>
   no
  </exclusive>
 </clothing>
 <clothing>
  <id>
   602863426
  </id>
  <name>
   Adidas Socks K-6234
  </name>
  <category>
   Socks
  </category>
  <size>
   M
  </size>
  <color>
   Зеленый
  </color>
  <material>
   Кожа
  </material>
  <price>
   786196
  </price>
  <rating>
   3.34
  </rating>
  <reviews>
   807346
  </reviews>
 </clothing>
 <clothing>
  <id>
   611432592
  </id>
  <name>
   Puma Shoes R-1809
  </name>
  <category>
   Shoes
  </category>
  <size>
   S
  </size>
  <color>
   Оранжевый
  </color>
  <material>
   Хлопок
  </material>
  <price>
   326613
  </price>
  <rating>
   4.1
  </rating>
  <reviews>
   720713
  </reviews>
  <exclusive>
   no
  </exclusive>
 </clothing>
 <clothing>
  <id>
   861305695
  </id>
  <name>
   Under Armour Handbags C-3533
  </name>
  <category>
   Handbags
  </category>
  <size>
   L
  </size>
  <color>
   Красный
  </color>
  <material>
   Полиэстер
  </material>
  <price>
   391626
  </price>
  <rating>
   2.49
  </rating>
  <reviews>
   122636
  </reviews>
  <sporty>
   no
  </sporty>
 </clothing>
 <clothing>
  <id>
   880915601
  </id>
  <name>
   Ellesse Socks Z-7554
  </name>
  <category>
   Socks
  </category>
  <size>
   XXL
  </size>
  <color>
   Красный
  </color>
  <material>
   Лен
  </material>
  <price>
   808445
  </price>
  <rating>
   1.48
  </rating>
  <reviews>
   409371
  </reviews>
  <exclusive>
   no
  </exclusive>
  <sporty>
   yes
  </sporty>
 </clothing>
 <clothing>
  <id>
   864099471
  </id>
  <name>
   Addidas Belts J-8817
  </name>
  <category>
   Belts
  </category>
  <size>
   S
  </size>
  <color>
   Фиолетовый
  </color>
  <material>
   Лен
  </material>
  <price>
   561739
  </price>
  <rating>
   3.62
  </rating>
  <reviews>
   77193
  </reviews>
  <exclusive>
   yes
  </exclusive>
  <sporty>
   no
  </sporty>
 </clothing>
 <clothing>
  <id>
   616042887
  </id>
  <name>
   Converse Pants M-3247
  </name>
  <category>
   Pants
  </category>
  <size>
   S
  </size>
  <color>
   Желтый
  </color>
  <material>
   Хлопок
  </material>
  <price>
   183113
  </price>
  <rating>
   3.73
  </rating>
  <reviews>
   969936
  </reviews>
  <exclusive>
   yes
  </exclusive>
  <sporty>
   yes
  </sporty>
 </clothing>
 <clothing>
  <id>
   833976489
  </id>
  <name>
   Brooks Pants V-2010
  </name>
  <category>
   Pants
  </category>
  <size>
   L
  </size>
  <color>
   Синий
  </color>
  <material>
   Кожа
  </material>
  <price>
   605063
  </price>
  <rating>
   4.4
  </rating>
  <reviews>
   131323
  </reviews>
  <new>
   +
  </new>
  <sporty>
   yes
  </sporty>
 </clothing>
 <clothing>
  <id>
   872291096
  </id>
  <name>
   Converse Dress E-2710
  </name>
  <category>
   Dress
  </category>
  <size>
   XL
  </size>
  <color>
   Красный
  </color>
  <material>
   Хлопок
  </material>
  <price>
   727478
  </price>
  <rating>
   4.3
  </rating>
  <reviews>
   861812
  </reviews>
  <new>
   -
  </new>
 </clothing>
 <clothing>
  <id>
   359335326
  </id>
  <name>
   Vans Shoes G-9146
  </name>
  <category>
   Shoes
  </category>
  <size>
   XL
  </size>
  <color>
   Голубой
  </color>
  <material>
   Вискоза
  </material>
  <price>
   563390
  </price>
  <rating>
   4.37
  </rating>
  <reviews>
   1588
  </reviews>
  <sporty>
   yes
  </sporty>
 </clothing>
 <clothing>
  <id>
   348657526
  </id>
  <name>
   New Balance T-shirt S-3154
  </name>
  <category>
   T-shirt
  </category>
  <size>
   XXL
  </size>
  <color>
   Красный
  </color>
  <material>
   Кожа
  </material>
  <price>
   551227
  </price>
  <rating>
   1.98
  </rating>
  <reviews>
   527722
  </reviews>
  <sporty>
   no
  </sporty>
 </clothing>
 <clothing>
  <id>
   741578672
  </id>
  <name>
   Puma Dress N-9673
  </name>
  <category>
   Dress
  </category>
  <size>
   XXL
  </size>
  <color>
   Синий
  </color>
  <material>
   Шерсть
  </material>
  <price>
   541445
  </price>
  <rating>
   4.34
  </rating>
  <reviews>
   847371
  </reviews>
  <new>
   -
  </new>
  <exclusive>
   no
  </exclusive>
 </clothing>
 <clothing>
  <id>
   199605445
  </id>
  <name>
   Ellesse Blouse F-7985
  </name>
  <category>
   Blouse
  </category>
  <size>
   M
  </size>
  <color>
   Красный
  </color>
  <material>
   Кожа
  </material>
  <price>
   714503
  </price>
  <rating>
   3.04
  </rating>
  <reviews>
   400940
  </reviews>
  <new>
   -
  </new>
  <sporty>
   no
  </sporty>
 </clothing>
 <clothing>
  <id>
   371910731
  </id>
  <name>
   Asics Jeans V-5634
  </name>
  <category>
   Jeans
  </category>
  <size>
   XXL
  </size>
  <color>
   Желтый
  </color>
  <material>
   Полиэстер
  </material>
  <price>
   792576
  </price>
  <rating>
   4.71
  </rating>
  <reviews>
   6848
  </reviews>
  <exclusive>
   no
  </exclusive>
  <sporty>
   no
  </sporty>
 </clothing>
 <clothing>
  <id>
   590174913
  </id>
  <name>
   New Balance Blouse D-1491
  </name>
  <category>
   Blouse
  </category>
  <size>
   XL
  </size>
  <color>
   Красный
  </color>
  <material>
   Кожа
  </material>
  <price>
   388040
  </price>
  <rating>
   4.53
  </rating>
  <reviews>
   370787
  </reviews>
  <sporty>
   no
  </sporty>
 </clothing>
 <clothing>
  <id>
   664447781
  </id>
  <name>
   Fila Dress X-6023
  </name>
  <category>
   Dress
  </category>
  <size>
   XXL
  </size>
  <color>
   Оранжевый
  </color>
  <material>
   Шерсть
  </material>
  <price>
   116354
  </price>
  <rating>
   4.88
  </rating>
  <reviews>
   439252
  </reviews>
  <exclusive>
   yes
  </exclusive>
 </clothing>
 <clothing>
  <id>
   357674795
  </id>
  <name>
   Addidas Dress O-9062
  </name>
  <category>
   Dress
  </category>
  <size>
   XL
  </size>
  <color>
   Синий
  </color>
  <material>
   Вискоза
  </material>
  <price>
   506535
  </price>
  <rating>
   3.55
  </rating>
  <reviews>
   649876
  </reviews>
  <exclusive>
   no
  </exclusive>
  <sporty>
   no
  </sporty>
 </clothing>
 <clothing>
  <id>
   157853069
  </id>
  <name>
   Vans Jacket J-2232
  </name>
  <category>
   Jacket
  </category>
  <size>
   XL
  </size>
  <color>
   Голубой
  </color>
  <material>
   Хлопок
  </material>
  <price>
   914918
  </price>
  <rating>
   2.27
  </rating>
  <reviews>
   473218
  </reviews>
  <sporty>
   no
  </sporty>
 </clothing>
 <clothing>
  <id>
   325078428
  </id>
  <name>
   Brooks Jeans S-3655
  </name>
  <category>
   Jeans
  </category>
  <size>
   S
  </size>
  <color>
   Оранжевый
  </color>
  <material>
   Вискоза
  </material>
  <price>
   745004
  </price>
  <rating>
   4.86
  </rating>
  <reviews>
   295329
  </reviews>
  <new>
   -
  </new>
  <exclusive>
   yes
  </exclusive>
 </clothing>
 <clothing>
  <id>
   580819940
  </id>
  <name>
   New Balance Sweater O-8508
  </name>
  <category>
   Sweater
  </category>
  <size>
   XXL
  </size>
  <color>
   Фиолетовый
  </color>
  <material>
   Хлопок
  </material>
  <price>
   134708
  </price>
  <rating>
   2.2
  </rating>
  <reviews>
   307134
  </reviews>
 </clothing>
 <clothing>
  <id>
   381173791
  </id>
  <name>
   New Balance Socks Y-4763
  </name>
  <category>
   Socks
  </category>
  <size>
   S
  </size>
  <color>
   Красный
  </color>
  <material>
   Полиэстер
  </material>
  <price>
   909344
  </price>
  <rating>
   1.12
  </rating>
  <reviews>
   395145
  </reviews>
  <new>
   -
  </new>
  <exclusive>
   yes
  </exclusive>
  <sporty>
   no
  </sporty>
 </clothing>
 <clothing>
  <id>
   911058036
  </id>
  <name>
   Asics Umbrellas Y-9783
  </name>
  <category>
   Umbrellas
  </category>
  <size>
   XL
  </size>
  <color>
   Фиолетовый
  </color>
  <material>
   Шелк
  </material>
  <price>
   448963
  </price>
  <rating>
   3.7
  </rating>
  <reviews>
   876356
  </reviews>
  <new>
   -
  </new>
  <exclusive>
   yes
  </exclusive>
  <sporty>
   yes
  </sporty>
 </clothing>
 <clothing>
  <id>
   631871348
  </id>
  <name>
   Asics Shoes Z-3798
  </name>
  <category>
   Shoes
  </category>
  <size>
   L
  </size>
  <color>
   Голубой
  </color>
  <material>
   Нейлон
  </material>
  <price>
   674750
  </price>
  <rating>
   4.73
  </rating>
  <reviews>
   35587
  </reviews>
  <new>
   -
  </new>
 </clothing>
 <clothing>
  <id>
   806376202
  </id>
  <name>
   Brooks Shirt T-4103
  </name>
  <category>
   Shirt
  </category>
  <size>
   M
  </size>
  <color>
   Голубой
  </color>
  <material>
   Вискоза
  </material>
  <price>
   366042
  </price>
  <rating>
   1.61
  </rating>
  <reviews>
   875650
  </reviews>
  <new>
   -
  </new>
  <exclusive>
   no
  </exclusive>
 </clothing>
 <clothing>
  <id>
   881788168
  </id>
  <name>
   Brooks Pants Q-1549
  </name>
  <category>
   Pants
  </category>
  <size>
   S
  </size>
  <color>
   Синий
  </color>
  <material>
   Хлопок
  </material>
  <price>
   272588
  </price>
  <rating>
   1.83
  </rating>
  <reviews>
   786166
  </reviews>
  <new>
   +
  </new>
  <exclusive>
   yes
  </exclusive>
  <sporty>
   yes
  </sporty>
 </clothing>
 <clothing>
  <id>
   822912882
  </id>
  <name>
   PleinSport Pants G-5957
  </name>
  <category>
   Pants
  </category>
  <size>
   L
  </size>
  <color>
   Фиолетовый
  </color>
  <material>
   Хлопок
  </material>
  <price>
   256833
  </price>
  <rating>
   4.97
  </rating>
  <reviews>
   58496
  </reviews>
  <new>
   +
  </new>
  <exclusive>
   yes
  </exclusive>
  <sporty>
   yes
  </sporty>
 </clothing>
 <clothing>
  <id>
   136016182
  </id>
  <name>
   Ellesse Handbags O-1047
  </name>
  <category>
   Handbags
  </category>
  <size>
   XL
  </size>
  <color>
   Красный
  </color>
  <material>
   Нейлон
  </material>
  <price>
   137932
  </price>
  <rating>
   3.6
  </rating>
  <reviews>
   40363
  </reviews>
  <sporty>
   yes
  </sporty>
 </clothing>
 <clothing>
  <id>
   965957451
  </id>
  <name>
   Converse Belts S-2723
  </name>
  <category>
   Belts
  </category>
  <size>
   XL
  </size>
  <color>
   Синий
  </color>
  <material>
   Нейлон
  </material>
  <price>
   320838
  </price>
  <rating>
   1.55
  </rating>
  <reviews>
   860798
  </reviews>
  <new>
   +
  </new>
 </clothing>
 <clothing>
  <id>
   707325512
  </id>
  <name>
   Fila Shoes F-1862
  </name>
  <category>
   Shoes
  </category>
  <size>
   L
  </size>
  <color>
   Зеленый
  </color>
  <material>
   Кожа
  </material>
  <price>
   601021
  </price>
  <rating>
   3.55
  </rating>
  <reviews>
   880125
  </reviews>
  <new>
   -
  </new>
  <sporty>
   no
  </sporty>
 </clothing>
 <clothing>
  <id>
   996325792
  </id>
  <name>
   Brooks Handbags O-8600
  </name>
  <category>
   Handbags
  </category>
  <size>
   S
  </size>
  <color>
   Красный
  </color>
  <material>
   Нейлон
  </material>
  <price>
   140636
  </price>
  <rating>
   1.38
  </rating>
  <reviews>
   180347
  </reviews>
  <new>
   -
  </new>
  <sporty>
   yes
  </sporty>
 </clothing>
 <clothing>
  <id>
   212833882
  </id>
  <name>
   Nike Blouse S-7838
  </name>
  <category>
   Blouse
  </category>
  <size>
   XXL
  </size>
  <color>
   Желтый
  </color>
  <material>
   Полиэстер
  </material>
  <price>
   510084
  </price>
  <rating>
   3.8
  </rating>
  <reviews>
   205499
  </reviews>
  <exclusive>
   no
  </exclusive>
  <sporty>
   no
  </sporty>
 </clothing>
 <clothing>
  <id>
   229461006
  </id>
  <name>
   Vans Pants I-5795
  </name>
  <category>
   Pants
  </category>
  <size>
   XXL
  </size>
  <color>
   Голубой
  </color>
  <material>
   Лен
  </material>
  <price>
   372613
  </price>
  <rating>
   4.11
  </rating>
  <reviews>
   412322
  </reviews>
  <new>
   +
  </new>
 </clothing>
 <clothing>
  <id>
   912987458
  </id>
  <name>
   Converse Dress K-5636
  </name>
  <category>
   Dress
  </category>
  <size>
   M
  </size>
  <color>
   Желтый
  </color>
  <material>
   Вискоза
  </material>
  <price>
   701768
  </price>
  <rating>
   4.82
  </rating>
  <reviews>
   682017
  </reviews>
  <new>
   -
  </new>
  <sporty>
   no
  </sporty>
 </clothing>
 <clothing>
  <id>
   736910343
  </id>
  <name>
   DC Gloves O-4518
  </name>
  <category>
   Gloves
  </category>
  <size>
   XL
  </size>
  <color>
   Синий
  </color>
  <material>
   Кожа
  </material>
  <price>
   131593
  </price>
  <rating>
   2.66
  </rating>
  <reviews>
   573272
  </reviews>
  <new>
   +
  </new>
  <exclusive>
   no
  </exclusive>
  <sporty>
   yes
  </sporty>
 </clothing>
 <clothing>
  <id>
   754316818
  </id>
  <name>
   Converse Jacket L-8289
  </name>
  <category>
   Jacket
  </category>
  <size>
   L
  </size>
  <color>
   Зеленый
  </color>
  <material>
   Нейлон
  </material>
  <price>
   120220
  </price>
  <rating>
   4.8
  </rating>
  <reviews>
   583078
  </reviews>
  <new>
   +
  </new>
  <sporty>
   yes
  </sporty>
 </clothing>
 <clothing>
  <id>
   421574831
  </id>
  <name>
   Reebok Hat P-2059
  </name>
  <category>
   Hat
  </category>
  <size>
   XL
  </size>
  <color>
   Голубой
  </color>
  <material>
   Шерсть
  </material>
  <price>
   823091
  </price>
  <rating>
   2.19
  </rating>
  <reviews>
   304118
  </reviews>
  <exclusive>
   yes
  </exclusive>
 </clothing>
 <clothing>
  <id>
   970050086
  </id>
  <name>
   PleinSport Belts X-1614
  </name>
  <category>
   Belts
  </category>
  <size>
   XL
  </size>
  <color>
   Красный
  </color>
  <material>
   Лен
  </material>
  <price>
   381337
  </price>
  <rating>
   2.77
  </rating>
  <reviews>
   237987
  </reviews>
  <sporty>
   no
  </sporty>
 </clothing>
 <clothing>
  <id>
   851976176
  </id>
  <name>
   Fila Jacket A-6329
  </name>
  <category>
   Jacket
  </category>
  <size>
   XXL
  </size>
  <color>
   Фиолетовый
  </color>
  <material>
   Полиэстер
  </material>
  <price>
   799728
  </price>
  <rating>
   3.82
  </rating>
  <reviews>
   402112
  </reviews>
  <new>
   -
  </new>
  <exclusive>
   yes
  </exclusive>
  <sporty>
   yes
  </sporty>
 </clothing>
 <clothing>
  <id>
   657086365
  </id>
  <name>
   Puma Jacket G-1504
  </name>
  <category>
   Jacket
  </category>
  <size>
   M
  </size>
  <color>
   Голубой
  </color>
  <material>
   Шерсть
  </material>
  <price>
   702870
  </price>
  <rating>
   2.66
  </rating>
  <reviews>
   678471
  </reviews>
  <new>
   -
  </new>
  <exclusive>
   no
  </exclusive>
 </clothing>
 <clothing>
  <id>
   480366304
  </id>
  <name>
   Brooks Hat M-2136
  </name>
  <category>
   Hat
  </category>
  <size>
   XL
  </size>
  <color>
   Зеленый
  </color>
  <material>
   Вискоза
  </material>
  <price>
   554393
  </price>
  <rating>
   4.0
  </rating>
  <reviews>
   394064
  </reviews>
  <exclusive>
   no
  </exclusive>
  <sporty>
   yes
  </sporty>
 </clothing>
 <clothing>
  <id>
   760756676
  </id>
  <name>
   Addidas Dress F-7189
  </name>
  <category>
   Dress
  </category>
  <size>
   M
  </size>
  <color>
   Синий
  </color>
  <material>
   Шелк
  </material>
  <price>
   318752
  </price>
  <rating>
   4.45
  </rating>
  <reviews>
   843439
  </reviews>
  <exclusive>
   yes
  </exclusive>
  <sporty>
   no
  </sporty>
 </clothing>
</clothing-items>
