<?xml version="1.0" encoding="utf-8"?>
<clothing-items>
 <clothing>
  <id>
   416098637
  </id>
  <name>
   Nike Belts D-6840
  </name>
  <category>
   Belts
  </category>
  <size>
   XXL
  </size>
  <color>
   Оранжевый
  </color>
  <material>
   Полиэстер
  </material>
  <price>
   550755
  </price>
  <rating>
   1.86
  </rating>
  <reviews>
   553903
  </reviews>
  <new>
   -
  </new>
  <sporty>
   no
  </sporty>
 </clothing>
 <clothing>
  <id>
   110697252
  </id>
  <name>
   DC Jacket A-9063
  </name>
  <category>
   Jacket
  </category>
  <size>
   S
  </size>
  <color>
   Фиолетовый
  </color>
  <material>
   Нейлон
  </material>
  <price>
   719714
  </price>
  <rating>
   4.45
  </rating>
  <reviews>
   856465
  </reviews>
  <sporty>
   no
  </sporty>
 </clothing>
 <clothing>
  <id>
   970721772
  </id>
  <name>
   Vans Umbrellas M-1503
  </name>
  <category>
   Umbrellas
  </category>
  <size>
   XL
  </size>
  <color>
   Оранжевый
  </color>
  <material>
   Полиэстер
  </material>
  <price>
   866256
  </price>
  <rating>
   3.85
  </rating>
  <reviews>
   184596
  </reviews>
 </clothing>
 <clothing>
  <id>
   717845409
  </id>
  <name>
   Nike Jacket A-7687
  </name>
  <category>
   Jacket
  </category>
  <size>
   S
  </size>
  <color>
   Зеленый
  </color>
  <material>
   Хлопок
  </material>
  <price>
   216398
  </price>
  <rating>
   4.91
  </rating>
  <reviews>
   173771
  </reviews>
  <new>
   -
  </new>
  <sporty>
   no
  </sporty>
 </clothing>
 <clothing>
  <id>
   918168198
  </id>
  <name>
   Ellesse Jeans K-2294
  </name>
  <category>
   Jeans
  </category>
  <size>
   XXL
  </size>
  <color>
   Зеленый
  </color>
  <material>
   Кожа
  </material>
  <price>
   113028
  </price>
  <rating>
   4.94
  </rating>
  <reviews>
   621187
  </reviews>
 </clothing>
 <clothing>
  <id>
   182554452
  </id>
  <name>
   Ellesse Socks H-4403
  </name>
  <category>
   Socks
  </category>
  <size>
   L
  </size>
  <color>
   Красный
  </color>
  <material>
   Шерсть
  </material>
  <price>
   590078
  </price>
  <rating>
   1.83
  </rating>
  <reviews>
   933347
  </reviews>
  <new>
   -
  </new>
  <sporty>
   yes
  </sporty>
 </clothing>
 <clothing>
  <id>
   555446547
  </id>
  <name>
   Puma Shoes U-6634
  </name>
  <category>
   Shoes
  </category>
  <size>
   XXL
  </size>
  <color>
   Синий
  </color>
  <material>
   Вискоза
  </material>
  <price>
   639646
  </price>
  <rating>
   4.65
  </rating>
  <reviews>
   358368
  </reviews>
  <sporty>
   no
  </sporty>
 </clothing>
 <clothing>
  <id>
   475174972
  </id>
  <name>
   Asics Shirt U-7210
  </name>
  <category>
   Shirt
  </category>
  <size>
   S
  </size>
  <color>
   Фиолетовый
  </color>
  <material>
   Лен
  </material>
  <price>
   469869
  </price>
  <rating>
   3.76
  </rating>
  <reviews>
   291464
  </reviews>
  <new>
   +
  </new>
 </clothing>
 <clothing>
  <id>
   426635166
  </id>
  <name>
   Brooks Shirt K-7194
  </name>
  <category>
   Shirt
  </category>
  <size>
   M
  </size>
  <color>
   Оранжевый
  </color>
  <material>
   Шерсть
  </material>
  <price>
   559266
  </price>
  <rating>
   3.24
  </rating>
  <reviews>
   772299
  </reviews>
  <new>
   +
  </new>
  <sporty>
   no
  </sporty>
 </clothing>
 <clothing>
  <id>
   242944111
  </id>
  <name>
   Vans T-shirt W-8842
  </name>
  <category>
   T-shirt
  </category>
  <size>
   L
  </size>
  <color>
   Фиолетовый
  </color>
  <material>
   Нейлон
  </material>
  <price>
   977296
  </price>
  <rating>
   4.47
  </rating>
  <reviews>
   556293
  </reviews>
  <new>
   +
  </new>
  <sporty>
   no
  </sporty>
 </clothing>
 <clothing>
  <id>
   935710585
  </id>
  <name>
   Fila Sweater O-8376
  </name>
  <category>
   Sweater
  </category>
  <size>
   S
  </size>
  <color>
   Синий
  </color>
  <material>
   Лен
  </material>
  <price>
   109240
  </price>
  <rating>
   3.77
  </rating>
  <reviews>
   904812
  </reviews>
  <new>
   -
  </new>
  <sporty>
   no
  </sporty>
 </clothing>
 <clothing>
  <id>
   985377116
  </id>
  <name>
   Addidas Handbags O-5187
  </name>
  <category>
   Handbags
  </category>
  <size>
   XL
  </size>
  <color>
   Оранжевый
  </color>
  <material>
   Кожа
  </material>
  <price>
   823387
  </price>
  <rating>
   1.99
  </rating>
  <reviews>
   747805
  </reviews>
  <new>
   -
  </new>
  <sporty>
   yes
  </sporty>
 </clothing>
 <clothing>
  <id>
   882200723
  </id>
  <name>
   Fila Umbrellas K-8122
  </name>
  <category>
   Umbrellas
  </category>
  <size>
   L
  </size>
  <color>
   Синий
  </color>
  <material>
   Шелк
  </material>
  <price>
   527820
  </price>
  <rating>
   2.35
  </rating>
  <reviews>
   562323
  </reviews>
  <new>
   -
  </new>
  <exclusive>
   no
  </exclusive>
 </clothing>
 <clothing>
  <id>
   839051614
  </id>
  <name>
   Lacoste Socks X-8083
  </name>
  <category>
   Socks
  </category>
  <size>
   M
  </size>
  <color>
   Желтый
  </color>
  <material>
   Хлопок
  </material>
  <price>
   673764
  </price>
  <rating>
   3.95
  </rating>
  <reviews>
   16837
  </reviews>
  <exclusive>
   no
  </exclusive>
 </clothing>
 <clothing>
  <id>
   702913685
  </id>
  <name>
   Vans Skirt U-3674
  </name>
  <category>
   Skirt
  </category>
  <size>
   XL
  </size>
  <color>
   Голубой
  </color>
  <material>
   Лен
  </material>
  <price>
   372259
  </price>
  <rating>
   4.92
  </rating>
  <reviews>
   102286
  </reviews>
  <new>
   +
  </new>
  <sporty>
   no
  </sporty>
 </clothing>
 <clothing>
  <id>
   518458407
  </id>
  <name>
   Nike Pants C-8910
  </name>
  <category>
   Pants
  </category>
  <size>
   XXL
  </size>
  <color>
   Оранжевый
  </color>
  <material>
   Хлопок
  </material>
  <price>
   676845
  </price>
  <rating>
   1.75
  </rating>
  <reviews>
   44167
  </reviews>
  <exclusive>
   no
  </exclusive>
  <sporty>
   no
  </sporty>
 </clothing>
 <clothing>
  <id>
   228983677
  </id>
  <name>
   Adidas Handbags I-2617
  </name>
  <category>
   Handbags
  </category>
  <size>
   M
  </size>
  <color>
   Желтый
  </color>
  <material>
   Кожа
  </material>
  <price>
   898001
  </price>
  <rating>
   3.86
  </rating>
  <reviews>
   385309
  </reviews>
  <new>
   -
  </new>
  <exclusive>
   yes
  </exclusive>
  <sporty>
   yes
  </sporty>
 </clothing>
 <clothing>
  <id>
   138562506
  </id>
  <name>
   Converse Socks D-3763
  </name>
  <category>
   Socks
  </category>
  <size>
   XXL
  </size>
  <color>
   Оранжевый
  </color>
  <material>
   Шерсть
  </material>
  <price>
   583278
  </price>
  <rating>
   3.62
  </rating>
  <reviews>
   527504
  </reviews>
  <new>
   -
  </new>
  <exclusive>
   yes
  </exclusive>
  <sporty>
   no
  </sporty>
 </clothing>
 <clothing>
  <id>
   224708826
  </id>
  <name>
   Asics Skirt S-9559
  </name>
  <category>
   Skirt
  </category>
  <size>
   L
  </size>
  <color>
   Зеленый
  </color>
  <material>
   Лен
  </material>
  <price>
   112318
  </price>
  <rating>
   2.93
  </rating>
  <reviews>
   315523
  </reviews>
  <new>
   +
  </new>
  <sporty>
   yes
  </sporty>
 </clothing>
 <clothing>
  <id>
   122439583
  </id>
  <name>
   Nike Handbags D-3473
  </name>
  <category>
   Handbags
  </category>
  <size>
   S
  </size>
  <color>
   Желтый
  </color>
  <material>
   Шелк
  </material>
  <price>
   498549
  </price>
  <rating>
   3.91
  </rating>
  <reviews>
   446666
  </reviews>
  <new>
   -
  </new>
  <exclusive>
   yes
  </exclusive>
 </clothing>
 <clothing>
  <id>
   111357408
  </id>
  <name>
   Adidas Dress Z-1634
  </name>
  <category>
   Dress
  </category>
  <size>
   L
  </size>
  <color>
   Оранжевый
  </color>
  <material>
   Шерсть
  </material>
  <price>
   944454
  </price>
  <rating>
   3.45
  </rating>
  <reviews>
   434879
  </reviews>
  <new>
   -
  </new>
  <exclusive>
   no
  </exclusive>
  <sporty>
   yes
  </sporty>
 </clothing>
 <clothing>
  <id>
   571559982
  </id>
  <name>
   Under Armour Socks L-7089
  </name>
  <category>
   Socks
  </category>
  <size>
   XL
  </size>
  <color>
   Голубой
  </color>
  <material>
   Кожа
  </material>
  <price>
   576747
  </price>
  <rating>
   1.63
  </rating>
  <reviews>
   145130
  </reviews>
  <exclusive>
   no
  </exclusive>
  <sporty>
   yes
  </sporty>
 </clothing>
</clothing-items>
