<?xml version="1.0" encoding="utf-8"?>
<clothing-items>
 <clothing>
  <id>
   389908473
  </id>
  <name>
   Under Armour Pants B-9625
  </name>
  <category>
   Pants
  </category>
  <size>
   S
  </size>
  <color>
   Желтый
  </color>
  <material>
   Лен
  </material>
  <price>
   282060
  </price>
  <rating>
   1.6
  </rating>
  <reviews>
   622986
  </reviews>
  <new>
   -
  </new>
  <exclusive>
   no
  </exclusive>
 </clothing>
 <clothing>
  <id>
   264296807
  </id>
  <name>
   Nike Pants J-3404
  </name>
  <category>
   Pants
  </category>
  <size>
   S
  </size>
  <color>
   Зеленый
  </color>
  <material>
   Лен
  </material>
  <price>
   134741
  </price>
  <rating>
   4.34
  </rating>
  <reviews>
   628142
  </reviews>
  <new>
   -
  </new>
 </clothing>
 <clothing>
  <id>
   374063530
  </id>
  <name>
   Ellesse Blouse R-3824
  </name>
  <category>
   Blouse
  </category>
  <size>
   M
  </size>
  <color>
   Оранжевый
  </color>
  <material>
   Шелк
  </material>
  <price>
   112742
  </price>
  <rating>
   4.6
  </rating>
  <reviews>
   651618
  </reviews>
  <new>
   +
  </new>
  <exclusive>
   yes
  </exclusive>
  <sporty>
   no
  </sporty>
 </clothing>
 <clothing>
  <id>
   650865070
  </id>
  <name>
   Lacoste Sweater U-9715
  </name>
  <category>
   Sweater
  </category>
  <size>
   L
  </size>
  <color>
   Голубой
  </color>
  <material>
   Шерсть
  </material>
  <price>
   297843
  </price>
  <rating>
   2.69
  </rating>
  <reviews>
   540316
  </reviews>
  <sporty>
   yes
  </sporty>
 </clothing>
 <clothing>
  <id>
   231467688
  </id>
  <name>
   New Balance Jeans W-4467
  </name>
  <category>
   Jeans
  </category>
  <size>
   XL
  </size>
  <color>
   Красный
  </color>
  <material>
   Кожа
  </material>
  <price>
   608783
  </price>
  <rating>
   3.49
  </rating>
  <reviews>
   399996
  </reviews>
  <sporty>
   no
  </sporty>
 </clothing>
 <clothing>
  <id>
   846411473
  </id>
  <name>
   Asics T-shirt A-1669
  </name>
  <category>
   T-shirt
  </category>
  <size>
   S
  </size>
  <color>
   Оранжевый
  </color>
  <material>
   Лен
  </material>
  <price>
   436025
  </price>
  <rating>
   4.31
  </rating>
  <reviews>
   900150
  </reviews>
  <sporty>
   no
  </sporty>
 </clothing>
 <clothing>
  <id>
   378133807
  </id>
  <name>
   Addidas Handbags Z-8525
  </name>
  <category>
   Handbags
  </category>
  <size>
   L
  </size>
  <color>
   Синий
  </color>
  <material>
   Лен
  </material>
  <price>
   300496
  </price>
  <rating>
   1.2
  </rating>
  <reviews>
   873442
  </reviews>
  <sporty>
   yes
  </sporty>
 </clothing>
 <clothing>
  <id>
   736692719
  </id>
  <name>
   Reebok Shirt G-5771
  </name>
  <category>
   Shirt
  </category>
  <size>
   S
  </size>
  <color>
   Желтый
  </color>
  <material>
   Кожа
  </material>
  <price>
   988292
  </price>
  <rating>
   3.35
  </rating>
  <reviews>
   959555
  </reviews>
  <new>
   +
  </new>
  <exclusive>
   no
  </exclusive>
  <sporty>
   no
  </sporty>
 </clothing>
 <clothing>
  <id>
   858806329
  </id>
  <name>
   Lacoste Dress Y-7740
  </name>
  <category>
   Dress
  </category>
  <size>
   XL
  </size>
  <color>
   Синий
  </color>
  <material>
   Полиэстер
  </material>
  <price>
   882808
  </price>
  <rating>
   4.8
  </rating>
  <reviews>
   925868
  </reviews>
  <new>
   +
  </new>
  <exclusive>
   no
  </exclusive>
  <sporty>
   yes
  </sporty>
 </clothing>
 <clothing>
  <id>
   996397318
  </id>
  <name>
   Reebok Jacket U-7691
  </name>
  <category>
   Jacket
  </category>
  <size>
   XXL
  </size>
  <color>
   Голубой
  </color>
  <material>
   Лен
  </material>
  <price>
   640349
  </price>
  <rating>
   3.61
  </rating>
  <reviews>
   990140
  </reviews>
  <new>
   +
  </new>
  <exclusive>
   yes
  </exclusive>
  <sporty>
   yes
  </sporty>
 </clothing>
 <clothing>
  <id>
   638891525
  </id>
  <name>
   PleinSport Pants Q-5085
  </name>
  <category>
   Pants
  </category>
  <size>
   M
  </size>
  <color>
   Красный
  </color>
  <material>
   Нейлон
  </material>
  <price>
   468495
  </price>
  <rating>
   1.48
  </rating>
  <reviews>
   769990
  </reviews>
  <new>
   -
  </new>
  <sporty>
   yes
  </sporty>
 </clothing>
 <clothing>
  <id>
   786018966
  </id>
  <name>
   DC T-shirt T-7565
  </name>
  <category>
   T-shirt
  </category>
  <size>
   S
  </size>
  <color>
   Зеленый
  </color>
  <material>
   Хлопок
  </material>
  <price>
   580862
  </price>
  <rating>
   2.98
  </rating>
  <reviews>
   685675
  </reviews>
  <exclusive>
   no
  </exclusive>
  <sporty>
   yes
  </sporty>
 </clothing>
 <clothing>
  <id>
   541148401
  </id>
  <name>
   New Balance Umbrellas H-3959
  </name>
  <category>
   Umbrellas
  </category>
  <size>
   M
  </size>
  <color>
   Голубой
  </color>
  <material>
   Нейлон
  </material>
  <price>
   543733
  </price>
  <rating>
   4.33
  </rating>
  <reviews>
   878886
  </reviews>
  <new>
   +
  </new>
  <exclusive>
   yes
  </exclusive>
 </clothing>
 <clothing>
  <id>
   253497371
  </id>
  <name>
   New Balance Shirt J-5063
  </name>
  <category>
   Shirt
  </category>
  <size>
   XL
  </size>
  <color>
   Красный
  </color>
  <material>
   Кожа
  </material>
  <price>
   353944
  </price>
  <rating>
   4.25
  </rating>
  <reviews>
   854117
  </reviews>
  <new>
   -
  </new>
 </clothing>
 <clothing>
  <id>
   365910712
  </id>
  <name>
   Brooks Jeans B-1003
  </name>
  <category>
   Jeans
  </category>
  <size>
   M
  </size>
  <color>
   Желтый
  </color>
  <material>
   Шерсть
  </material>
  <price>
   618672
  </price>
  <rating>
   4.92
  </rating>
  <reviews>
   352889
  </reviews>
  <new>
   -
  </new>
  <exclusive>
   yes
  </exclusive>
  <sporty>
   no
  </sporty>
 </clothing>
 <clothing>
  <id>
   444433777
  </id>
  <name>
   DC Sweater O-4877
  </name>
  <category>
   Sweater
  </category>
  <size>
   XL
  </size>
  <color>
   Красный
  </color>
  <material>
   Хлопок
  </material>
  <price>
   822492
  </price>
  <rating>
   2.63
  </rating>
  <reviews>
   58084
  </reviews>
  <new>
   -
  </new>
  <exclusive>
   no
  </exclusive>
  <sporty>
   yes
  </sporty>
 </clothing>
 <clothing>
  <id>
   954452055
  </id>
  <name>
   Brooks Jeans Y-5103
  </name>
  <category>
   Jeans
  </category>
  <size>
   L
  </size>
  <color>
   Голубой
  </color>
  <material>
   Шерсть
  </material>
  <price>
   317425
  </price>
  <rating>
   2.84
  </rating>
  <reviews>
   980444
  </reviews>
  <new>
   -
  </new>
  <exclusive>
   yes
  </exclusive>
 </clothing>
 <clothing>
  <id>
   606136518
  </id>
  <name>
   Asics Blouse N-8435
  </name>
  <category>
   Blouse
  </category>
  <size>
   M
  </size>
  <color>
   Оранжевый
  </color>
  <material>
   Лен
  </material>
  <price>
   703945
  </price>
  <rating>
   3.25
  </rating>
  <reviews>
   663240
  </reviews>
  <new>
   +
  </new>
  <exclusive>
   yes
  </exclusive>
 </clothing>
 <clothing>
  <id>
   597568340
  </id>
  <name>
   DC Pants D-3475
  </name>
  <category>
   Pants
  </category>
  <size>
   XXL
  </size>
  <color>
   Желтый
  </color>
  <material>
   Вискоза
  </material>
  <price>
   768646
  </price>
  <rating>
   4.4
  </rating>
  <reviews>
   586923
  </reviews>
  <new>
   -
  </new>
  <sporty>
   yes
  </sporty>
 </clothing>
 <clothing>
  <id>
   677215865
  </id>
  <name>
   New Balance Sweater X-7001
  </name>
  <category>
   Sweater
  </category>
  <size>
   M
  </size>
  <color>
   Красный
  </color>
  <material>
   Шелк
  </material>
  <price>
   184680
  </price>
  <rating>
   1.17
  </rating>
  <reviews>
   620907
  </reviews>
  <new>
   +
  </new>
  <sporty>
   no
  </sporty>
 </clothing>
 <clothing>
  <id>
   957948265
  </id>
  <name>
   Vans Belts R-1182
  </name>
  <category>
   Belts
  </category>
  <size>
   M
  </size>
  <color>
   Красный
  </color>
  <material>
   Лен
  </material>
  <price>
   667277
  </price>
  <rating>
   4.68
  </rating>
  <reviews>
   18077
  </reviews>
  <sporty>
   no
  </sporty>
 </clothing>
 <clothing>
  <id>
   957176871
  </id>
  <name>
   Addidas Belts B-8283
  </name>
  <category>
   Belts
  </category>
  <size>
   L
  </size>
  <color>
   Красный
  </color>
  <material>
   Кожа
  </material>
  <price>
   925219
  </price>
  <rating>
   2.04
  </rating>
  <reviews>
   358282
  </reviews>
  <exclusive>
   no
  </exclusive>
  <sporty>
   no
  </sporty>
 </clothing>
 <clothing>
  <id>
   965260242
  </id>
  <name>
   Brooks Hat W-2658
  </name>
  <category>
   Hat
  </category>
  <size>
   XL
  </size>
  <color>
   Зеленый
  </color>
  <material>
   Кожа
  </material>
  <price>
   513477
  </price>
  <rating>
   2.87
  </rating>
  <reviews>
   562532
  </reviews>
  <new>
   -
  </new>
  <exclusive>
   no
  </exclusive>
  <sporty>
   yes
  </sporty>
 </clothing>
 <clothing>
  <id>
   217256768
  </id>
  <name>
   Reebok Umbrellas J-2583
  </name>
  <category>
   Umbrellas
  </category>
  <size>
   M
  </size>
  <color>
   Синий
  </color>
  <material>
   Шелк
  </material>
  <price>
   123361
  </price>
  <rating>
   3.17
  </rating>
  <reviews>
   559855
  </reviews>
  <exclusive>
   no
  </exclusive>
  <sporty>
   no
  </sporty>
 </clothing>
 <clothing>
  <id>
   204932030
  </id>
  <name>
   Under Armour Shirt J-9380
  </name>
  <category>
   Shirt
  </category>
  <size>
   XL
  </size>
  <color>
   Красный
  </color>
  <material>
   Лен
  </material>
  <price>
   329011
  </price>
  <rating>
   2.5
  </rating>
  <reviews>
   602415
  </reviews>
  <exclusive>
   no
  </exclusive>
  <sporty>
   no
  </sporty>
 </clothing>
 <clothing>
  <id>
   464391662
  </id>
  <name>
   Brooks Sweater C-3943
  </name>
  <category>
   Sweater
  </category>
  <size>
   S
  </size>
  <color>
   Желтый
  </color>
  <material>
   Шерсть
  </material>
  <price>
   710485
  </price>
  <rating>
   2.04
  </rating>
  <reviews>
   481454
  </reviews>
  <new>
   -
  </new>
  <exclusive>
   no
  </exclusive>
 </clothing>
</clothing-items>
