<?xml version="1.0" encoding="utf-8"?>
<clothing-items>
 <clothing>
  <id>
   563109616
  </id>
  <name>
   Ellesse Pants B-5705
  </name>
  <category>
   Pants
  </category>
  <size>
   XL
  </size>
  <color>
   Оранжевый
  </color>
  <material>
   Вискоза
  </material>
  <price>
   440955
  </price>
  <rating>
   4.7
  </rating>
  <reviews>
   924526
  </reviews>
  <new>
   -
  </new>
  <exclusive>
   yes
  </exclusive>
  <sporty>
   yes
  </sporty>
 </clothing>
 <clothing>
  <id>
   371489539
  </id>
  <name>
   Ellesse Gloves A-4899
  </name>
  <category>
   Gloves
  </category>
  <size>
   M
  </size>
  <color>
   Голубой
  </color>
  <material>
   Лен
  </material>
  <price>
   802108
  </price>
  <rating>
   1.06
  </rating>
  <reviews>
   14513
  </reviews>
  <new>
   +
  </new>
  <exclusive>
   no
  </exclusive>
 </clothing>
 <clothing>
  <id>
   520048356
  </id>
  <name>
   Asics Dress V-3113
  </name>
  <category>
   Dress
  </category>
  <size>
   XL
  </size>
  <color>
   Синий
  </color>
  <material>
   Кожа
  </material>
  <price>
   566489
  </price>
  <rating>
   1.26
  </rating>
  <reviews>
   383347
  </reviews>
  <new>
   +
  </new>
  <sporty>
   no
  </sporty>
 </clothing>
 <clothing>
  <id>
   855506952
  </id>
  <name>
   Reebok Jacket F-5741
  </name>
  <category>
   Jacket
  </category>
  <size>
   L
  </size>
  <color>
   Фиолетовый
  </color>
  <material>
   Шелк
  </material>
  <price>
   503749
  </price>
  <rating>
   3.43
  </rating>
  <reviews>
   176936
  </reviews>
  <sporty>
   yes
  </sporty>
 </clothing>
 <clothing>
  <id>
   865212574
  </id>
  <name>
   Puma Shoes F-5485
  </name>
  <category>
   Shoes
  </category>
  <size>
   S
  </size>
  <color>
   Голубой
  </color>
  <material>
   Кожа
  </material>
  <price>
   266568
  </price>
  <rating>
   4.71
  </rating>
  <reviews>
   482456
  </reviews>
  <new>
   +
  </new>
 </clothing>
 <clothing>
  <id>
   222178734
  </id>
  <name>
   Nike Handbags X-2537
  </name>
  <category>
   Handbags
  </category>
  <size>
   XXL
  </size>
  <color>
   Красный
  </color>
  <material>
   Нейлон
  </material>
  <price>
   946218
  </price>
  <rating>
   3.63
  </rating>
  <reviews>
   86646
  </reviews>
  <new>
   -
  </new>
  <sporty>
   yes
  </sporty>
 </clothing>
 <clothing>
  <id>
   246264867
  </id>
  <name>
   Vans Umbrellas W-7106
  </name>
  <category>
   Umbrellas
  </category>
  <size>
   M
  </size>
  <color>
   Синий
  </color>
  <material>
   Шерсть
  </material>
  <price>
   808063
  </price>
  <rating>
   3.76
  </rating>
  <reviews>
   459321
  </reviews>
  <new>
   +
  </new>
  <sporty>
   yes
  </sporty>
 </clothing>
 <clothing>
  <id>
   665358733
  </id>
  <name>
   New Balance Socks I-9272
  </name>
  <category>
   Socks
  </category>
  <size>
   S
  </size>
  <color>
   Фиолетовый
  </color>
  <material>
   Вискоза
  </material>
  <price>
   890328
  </price>
  <rating>
   4.22
  </rating>
  <reviews>
   419770
  </reviews>
  <exclusive>
   no
  </exclusive>
  <sporty>
   yes
  </sporty>
 </clothing>
 <clothing>
  <id>
   762542577
  </id>
  <name>
   Puma Dress M-7386
  </name>
  <category>
   Dress
  </category>
  <size>
   S
  </size>
  <color>
   Красный
  </color>
  <material>
   Вискоза
  </material>
  <price>
   927955
  </price>
  <rating>
   3.16
  </rating>
  <reviews>
   484088
  </reviews>
  <new>
   -
  </new>
 </clothing>
 <clothing>
  <id>
   534576350
  </id>
  <name>
   Reebok Handbags K-4143
  </name>
  <category>
   Handbags
  </category>
  <size>
   S
  </size>
  <color>
   Фиолетовый
  </color>
  <material>
   Кожа
  </material>
  <price>
   814183
  </price>
  <rating>
   3.9
  </rating>
  <reviews>
   276275
  </reviews>
  <exclusive>
   yes
  </exclusive>
  <sporty>
   yes
  </sporty>
 </clothing>
 <clothing>
  <id>
   461700630
  </id>
  <name>
   Vans Skirt I-5352
  </name>
  <category>
   Skirt
  </category>
  <size>
   M
  </size>
  <color>
   Фиолетовый
  </color>
  <material>
   Нейлон
  </material>
  <price>
   360789
  </price>
  <rating>
   2.53
  </rating>
  <reviews>
   447291
  </reviews>
  <new>
   +
  </new>
  <exclusive>
   no
  </exclusive>
 </clothing>
 <clothing>
  <id>
   920356164
  </id>
  <name>
   Fila Jeans R-6860
  </name>
  <category>
   Jeans
  </category>
  <size>
   XL
  </size>
  <color>
   Голубой
  </color>
  <material>
   Шерсть
  </material>
  <price>
   613020
  </price>
  <rating>
   4.85
  </rating>
  <reviews>
   933034
  </reviews>
  <new>
   +
  </new>
  <sporty>
   yes
  </sporty>
 </clothing>
 <clothing>
  <id>
   703664156
  </id>
  <name>
   Lacoste Skirt J-1829
  </name>
  <category>
   Skirt
  </category>
  <size>
   S
  </size>
  <color>
   Синий
  </color>
  <material>
   Шелк
  </material>
  <price>
   177847
  </price>
  <rating>
   2.66
  </rating>
  <reviews>
   237542
  </reviews>
  <new>
   -
  </new>
  <sporty>
   yes
  </sporty>
 </clothing>
 <clothing>
  <id>
   504284580
  </id>
  <name>
   Reebok Socks P-6657
  </name>
  <category>
   Socks
  </category>
  <size>
   M
  </size>
  <color>
   Фиолетовый
  </color>
  <material>
   Шерсть
  </material>
  <price>
   414205
  </price>
  <rating>
   4.32
  </rating>
  <reviews>
   716316
  </reviews>
  <sporty>
   no
  </sporty>
 </clothing>
 <clothing>
  <id>
   960585186
  </id>
  <name>
   Reebok T-shirt J-4731
  </name>
  <category>
   T-shirt
  </category>
  <size>
   L
  </size>
  <color>
   Оранжевый
  </color>
  <material>
   Кожа
  </material>
  <price>
   582574
  </price>
  <rating>
   4.05
  </rating>
  <reviews>
   5953
  </reviews>
  <exclusive>
   yes
  </exclusive>
  <sporty>
   yes
  </sporty>
 </clothing>
 <clothing>
  <id>
   778868298
  </id>
  <name>
   Asics Jeans R-7735
  </name>
  <category>
   Jeans
  </category>
  <size>
   XL
  </size>
  <color>
   Красный
  </color>
  <material>
   Вискоза
  </material>
  <price>
   169278
  </price>
  <rating>
   3.07
  </rating>
  <reviews>
   835365
  </reviews>
  <new>
   -
  </new>
 </clothing>
 <clothing>
  <id>
   994940384
  </id>
  <name>
   Reebok Jacket T-3028
  </name>
  <category>
   Jacket
  </category>
  <size>
   XL
  </size>
  <color>
   Зеленый
  </color>
  <material>
   Шелк
  </material>
  <price>
   352812
  </price>
  <rating>
   2.71
  </rating>
  <reviews>
   189674
  </reviews>
  <exclusive>
   no
  </exclusive>
 </clothing>
 <clothing>
  <id>
   333306995
  </id>
  <name>
   Converse Dress K-6006
  </name>
  <category>
   Dress
  </category>
  <size>
   XXL
  </size>
  <color>
   Фиолетовый
  </color>
  <material>
   Полиэстер
  </material>
  <price>
   233234
  </price>
  <rating>
   1.35
  </rating>
  <reviews>
   208230
  </reviews>
  <new>
   +
  </new>
  <exclusive>
   no
  </exclusive>
 </clothing>
 <clothing>
  <id>
   890767283
  </id>
  <name>
   Reebok Shoes Z-3535
  </name>
  <category>
   Shoes
  </category>
  <size>
   S
  </size>
  <color>
   Голубой
  </color>
  <material>
   Шерсть
  </material>
  <price>
   439875
  </price>
  <rating>
   3.64
  </rating>
  <reviews>
   291113
  </reviews>
  <new>
   -
  </new>
  <exclusive>
   yes
  </exclusive>
  <sporty>
   no
  </sporty>
 </clothing>
 <clothing>
  <id>
   941077415
  </id>
  <name>
   DC Dress I-2065
  </name>
  <category>
   Dress
  </category>
  <size>
   L
  </size>
  <color>
   Синий
  </color>
  <material>
   Вискоза
  </material>
  <price>
   351312
  </price>
  <rating>
   1.96
  </rating>
  <reviews>
   139097
  </reviews>
  <new>
   -
  </new>
  <exclusive>
   no
  </exclusive>
  <sporty>
   no
  </sporty>
 </clothing>
 <clothing>
  <id>
   510458571
  </id>
  <name>
   Reebok Dress B-3049
  </name>
  <category>
   Dress
  </category>
  <size>
   M
  </size>
  <color>
   Красный
  </color>
  <material>
   Нейлон
  </material>
  <price>
   903534
  </price>
  <rating>
   2.87
  </rating>
  <reviews>
   385918
  </reviews>
  <new>
   +
  </new>
  <exclusive>
   yes
  </exclusive>
 </clothing>
 <clothing>
  <id>
   787315476
  </id>
  <name>
   Ellesse Pants X-1249
  </name>
  <category>
   Pants
  </category>
  <size>
   XXL
  </size>
  <color>
   Синий
  </color>
  <material>
   Лен
  </material>
  <price>
   197423
  </price>
  <rating>
   3.4
  </rating>
  <reviews>
   608964
  </reviews>
  <new>
   +
  </new>
  <sporty>
   yes
  </sporty>
 </clothing>
 <clothing>
  <id>
   272731365
  </id>
  <name>
   Under Armour Handbags W-9687
  </name>
  <category>
   Handbags
  </category>
  <size>
   XXL
  </size>
  <color>
   Синий
  </color>
  <material>
   Кожа
  </material>
  <price>
   562714
  </price>
  <rating>
   1.8
  </rating>
  <reviews>
   178838
  </reviews>
  <new>
   -
  </new>
  <exclusive>
   no
  </exclusive>
  <sporty>
   no
  </sporty>
 </clothing>
 <clothing>
  <id>
   387992793
  </id>
  <name>
   New Balance Skirt L-7098
  </name>
  <category>
   Skirt
  </category>
  <size>
   S
  </size>
  <color>
   Голубой
  </color>
  <material>
   Хлопок
  </material>
  <price>
   506010
  </price>
  <rating>
   3.36
  </rating>
  <reviews>
   412602
  </reviews>
  <new>
   -
  </new>
  <exclusive>
   yes
  </exclusive>
  <sporty>
   no
  </sporty>
 </clothing>
 <clothing>
  <id>
   624204677
  </id>
  <name>
   Asics Handbags M-6265
  </name>
  <category>
   Handbags
  </category>
  <size>
   XL
  </size>
  <color>
   Голубой
  </color>
  <material>
   Полиэстер
  </material>
  <price>
   622051
  </price>
  <rating>
   4.67
  </rating>
  <reviews>
   366921
  </reviews>
  <new>
   -
  </new>
  <exclusive>
   no
  </exclusive>
 </clothing>
 <clothing>
  <id>
   844363346
  </id>
  <name>
   Ellesse Jacket S-1786
  </name>
  <category>
   Jacket
  </category>
  <size>
   XL
  </size>
  <color>
   Красный
  </color>
  <material>
   Кожа
  </material>
  <price>
   706654
  </price>
  <rating>
   3.01
  </rating>
  <reviews>
   942487
  </reviews>
  <new>
   -
  </new>
 </clothing>
 <clothing>
  <id>
   269703512
  </id>
  <name>
   Asics Belts J-5601
  </name>
  <category>
   Belts
  </category>
  <size>
   L
  </size>
  <color>
   Красный
  </color>
  <material>
   Вискоза
  </material>
  <price>
   283586
  </price>
  <rating>
   3.52
  </rating>
  <reviews>
   430419
  </reviews>
  <new>
   -
  </new>
  <exclusive>
   no
  </exclusive>
 </clothing>
 <clothing>
  <id>
   960764064
  </id>
  <name>
   Asics Shoes V-8851
  </name>
  <category>
   Shoes
  </category>
  <size>
   S
  </size>
  <color>
   Оранжевый
  </color>
  <material>
   Шерсть
  </material>
  <price>
   144594
  </price>
  <rating>
   3.53
  </rating>
  <reviews>
   158601
  </reviews>
  <exclusive>
   no
  </exclusive>
 </clothing>
 <clothing>
  <id>
   874440155
  </id>
  <name>
   Adidas Blouse K-6937
  </name>
  <category>
   Blouse
  </category>
  <size>
   M
  </size>
  <color>
   Желтый
  </color>
  <material>
   Вискоза
  </material>
  <price>
   256420
  </price>
  <rating>
   3.73
  </rating>
  <reviews>
   649252
  </reviews>
 </clothing>
 <clothing>
  <id>
   119245868
  </id>
  <name>
   DC Hat G-3900
  </name>
  <category>
   Hat
  </category>
  <size>
   M
  </size>
  <color>
   Желтый
  </color>
  <material>
   Шерсть
  </material>
  <price>
   968227
  </price>
  <rating>
   3.0
  </rating>
  <reviews>
   619359
  </reviews>
  <sporty>
   yes
  </sporty>
 </clothing>
 <clothing>
  <id>
   812546429
  </id>
  <name>
   Addidas Dress K-4794
  </name>
  <category>
   Dress
  </category>
  <size>
   XL
  </size>
  <color>
   Красный
  </color>
  <material>
   Шелк
  </material>
  <price>
   527619
  </price>
  <rating>
   2.52
  </rating>
  <reviews>
   641418
  </reviews>
  <new>
   +
  </new>
  <exclusive>
   yes
  </exclusive>
 </clothing>
 <clothing>
  <id>
   901230395
  </id>
  <name>
   Asics Belts H-2986
  </name>
  <category>
   Belts
  </category>
  <size>
   XL
  </size>
  <color>
   Желтый
  </color>
  <material>
   Хлопок
  </material>
  <price>
   661061
  </price>
  <rating>
   3.2
  </rating>
  <reviews>
   228553
  </reviews>
  <new>
   +
  </new>
 </clothing>
 <clothing>
  <id>
   718478856
  </id>
  <name>
   Addidas Shirt L-6978
  </name>
  <category>
   Shirt
  </category>
  <size>
   M
  </size>
  <color>
   Голубой
  </color>
  <material>
   Шелк
  </material>
  <price>
   187648
  </price>
  <rating>
   4.48
  </rating>
  <reviews>
   48890
  </reviews>
  <exclusive>
   yes
  </exclusive>
 </clothing>
 <clothing>
  <id>
   898035630
  </id>
  <name>
   PleinSport Skirt U-3293
  </name>
  <category>
   Skirt
  </category>
  <size>
   L
  </size>
  <color>
   Зеленый
  </color>
  <material>
   Вискоза
  </material>
  <price>
   885482
  </price>
  <rating>
   1.16
  </rating>
  <reviews>
   372739
  </reviews>
  <new>
   -
  </new>
  <exclusive>
   no
  </exclusive>
 </clothing>
 <clothing>
  <id>
   488535574
  </id>
  <name>
   Converse Pants Y-6332
  </name>
  <category>
   Pants
  </category>
  <size>
   XXL
  </size>
  <color>
   Синий
  </color>
  <material>
   Хлопок
  </material>
  <price>
   919987
  </price>
  <rating>
   3.77
  </rating>
  <reviews>
   642892
  </reviews>
  <new>
   +
  </new>
  <exclusive>
   no
  </exclusive>
 </clothing>
 <clothing>
  <id>
   821006366
  </id>
  <name>
   Lacoste Jacket B-6674
  </name>
  <category>
   Jacket
  </category>
  <size>
   S
  </size>
  <color>
   Красный
  </color>
  <material>
   Хлопок
  </material>
  <price>
   561705
  </price>
  <rating>
   1.52
  </rating>
  <reviews>
   913426
  </reviews>
  <exclusive>
   no
  </exclusive>
 </clothing>
 <clothing>
  <id>
   456914361
  </id>
  <name>
   Vans Pants E-8458
  </name>
  <category>
   Pants
  </category>
  <size>
   XL
  </size>
  <color>
   Оранжевый
  </color>
  <material>
   Полиэстер
  </material>
  <price>
   188813
  </price>
  <rating>
   1.35
  </rating>
  <reviews>
   742824
  </reviews>
  <exclusive>
   no
  </exclusive>
 </clothing>
 <clothing>
  <id>
   129535900
  </id>
  <name>
   PleinSport Jacket P-6128
  </name>
  <category>
   Jacket
  </category>
  <size>
   XXL
  </size>
  <color>
   Оранжевый
  </color>
  <material>
   Лен
  </material>
  <price>
   438594
  </price>
  <rating>
   3.98
  </rating>
  <reviews>
   919387
  </reviews>
  <new>
   -
  </new>
 </clothing>
 <clothing>
  <id>
   359021802
  </id>
  <name>
   Ellesse Blouse X-8437
  </name>
  <category>
   Blouse
  </category>
  <size>
   XL
  </size>
  <color>
   Оранжевый
  </color>
  <material>
   Кожа
  </material>
  <price>
   272827
  </price>
  <rating>
   4.94
  </rating>
  <reviews>
   717621
  </reviews>
 </clothing>
 <clothing>
  <id>
   306926842
  </id>
  <name>
   PleinSport Sweater R-8224
  </name>
  <category>
   Sweater
  </category>
  <size>
   L
  </size>
  <color>
   Синий
  </color>
  <material>
   Кожа
  </material>
  <price>
   278913
  </price>
  <rating>
   4.77
  </rating>
  <reviews>
   292131
  </reviews>
  <exclusive>
   yes
  </exclusive>
 </clothing>
 <clothing>
  <id>
   738921283
  </id>
  <name>
   Fila Gloves U-7615
  </name>
  <category>
   Gloves
  </category>
  <size>
   L
  </size>
  <color>
   Желтый
  </color>
  <material>
   Нейлон
  </material>
  <price>
   515319
  </price>
  <rating>
   3.29
  </rating>
  <reviews>
   193600
  </reviews>
  <sporty>
   yes
  </sporty>
 </clothing>
 <clothing>
  <id>
   628506770
  </id>
  <name>
   Reebok Umbrellas Y-6693
  </name>
  <category>
   Umbrellas
  </category>
  <size>
   XXL
  </size>
  <color>
   Оранжевый
  </color>
  <material>
   Полиэстер
  </material>
  <price>
   389904
  </price>
  <rating>
   1.74
  </rating>
  <reviews>
   756238
  </reviews>
  <new>
   +
  </new>
  <sporty>
   yes
  </sporty>
 </clothing>
 <clothing>
  <id>
   822513324
  </id>
  <name>
   Under Armour Dress F-2964
  </name>
  <category>
   Dress
  </category>
  <size>
   M
  </size>
  <color>
   Красный
  </color>
  <material>
   Полиэстер
  </material>
  <price>
   392849
  </price>
  <rating>
   4.9
  </rating>
  <reviews>
   639954
  </reviews>
  <exclusive>
   yes
  </exclusive>
 </clothing>
 <clothing>
  <id>
   403036093
  </id>
  <name>
   Adidas Skirt B-7470
  </name>
  <category>
   Skirt
  </category>
  <size>
   XXL
  </size>
  <color>
   Зеленый
  </color>
  <material>
   Лен
  </material>
  <price>
   192614
  </price>
  <rating>
   3.44
  </rating>
  <reviews>
   387294
  </reviews>
  <new>
   -
  </new>
  <exclusive>
   yes
  </exclusive>
 </clothing>
 <clothing>
  <id>
   157366760
  </id>
  <name>
   Under Armour Umbrellas Y-4844
  </name>
  <category>
   Umbrellas
  </category>
  <size>
   XXL
  </size>
  <color>
   Оранжевый
  </color>
  <material>
   Кожа
  </material>
  <price>
   415495
  </price>
  <rating>
   3.98
  </rating>
  <reviews>
   637770
  </reviews>
  <new>
   -
  </new>
  <sporty>
   yes
  </sporty>
 </clothing>
 <clothing>
  <id>
   838810797
  </id>
  <name>
   PleinSport Pants O-7196
  </name>
  <category>
   Pants
  </category>
  <size>
   M
  </size>
  <color>
   Зеленый
  </color>
  <material>
   Хлопок
  </material>
  <price>
   192774
  </price>
  <rating>
   1.58
  </rating>
  <reviews>
   408429
  </reviews>
  <new>
   -
  </new>
  <exclusive>
   no
  </exclusive>
 </clothing>
 <clothing>
  <id>
   280609396
  </id>
  <name>
   Ellesse Handbags C-2733
  </name>
  <category>
   Handbags
  </category>
  <size>
   L
  </size>
  <color>
   Синий
  </color>
  <material>
   Шерсть
  </material>
  <price>
   672740
  </price>
  <rating>
   3.74
  </rating>
  <reviews>
   457044
  </reviews>
  <exclusive>
   no
  </exclusive>
  <sporty>
   no
  </sporty>
 </clothing>
 <clothing>
  <id>
   284270122
  </id>
  <name>
   Nike Hat Y-9564
  </name>
  <category>
   Hat
  </category>
  <size>
   XL
  </size>
  <color>
   Желтый
  </color>
  <material>
   Шерсть
  </material>
  <price>
   897564
  </price>
  <rating>
   1.97
  </rating>
  <reviews>
   614554
  </reviews>
  <sporty>
   no
  </sporty>
 </clothing>
 <clothing>
  <id>
   528204439
  </id>
  <name>
   New Balance T-shirt O-2475
  </name>
  <category>
   T-shirt
  </category>
  <size>
   XL
  </size>
  <color>
   Фиолетовый
  </color>
  <material>
   Шерсть
  </material>
  <price>
   837112
  </price>
  <rating>
   1.53
  </rating>
  <reviews>
   804961
  </reviews>
  <new>
   +
  </new>
  <exclusive>
   yes
  </exclusive>
  <sporty>
   yes
  </sporty>
 </clothing>
</clothing-items>
