<?xml version="1.0" encoding="utf-8"?>
<clothing-items>
 <clothing>
  <id>
   911331665
  </id>
  <name>
   Converse Skirt H-8201
  </name>
  <category>
   Skirt
  </category>
  <size>
   M
  </size>
  <color>
   Голубой
  </color>
  <material>
   Шелк
  </material>
  <price>
   527160
  </price>
  <rating>
   4.19
  </rating>
  <reviews>
   760486
  </reviews>
  <new>
   -
  </new>
  <exclusive>
   yes
  </exclusive>
  <sporty>
   no
  </sporty>
 </clothing>
 <clothing>
  <id>
   680513101
  </id>
  <name>
   Lacoste Belts O-5582
  </name>
  <category>
   Belts
  </category>
  <size>
   L
  </size>
  <color>
   Синий
  </color>
  <material>
   Хлопок
  </material>
  <price>
   798036
  </price>
  <rating>
   2.88
  </rating>
  <reviews>
   957174
  </reviews>
  <new>
   -
  </new>
  <exclusive>
   no
  </exclusive>
 </clothing>
 <clothing>
  <id>
   576604403
  </id>
  <name>
   Vans T-shirt D-3844
  </name>
  <category>
   T-shirt
  </category>
  <size>
   L
  </size>
  <color>
   Фиолетовый
  </color>
  <material>
   Хлопок
  </material>
  <price>
   690091
  </price>
  <rating>
   3.95
  </rating>
  <reviews>
   457199
  </reviews>
  <new>
   +
  </new>
  <exclusive>
   no
  </exclusive>
  <sporty>
   no
  </sporty>
 </clothing>
 <clothing>
  <id>
   133658670
  </id>
  <name>
   Puma Jacket Y-3215
  </name>
  <category>
   Jacket
  </category>
  <size>
   XL
  </size>
  <color>
   Фиолетовый
  </color>
  <material>
   Вискоза
  </material>
  <price>
   118881
  </price>
  <rating>
   4.98
  </rating>
  <reviews>
   152250
  </reviews>
  <new>
   -
  </new>
  <exclusive>
   yes
  </exclusive>
 </clothing>
 <clothing>
  <id>
   519119068
  </id>
  <name>
   Lacoste Skirt C-1012
  </name>
  <category>
   Skirt
  </category>
  <size>
   L
  </size>
  <color>
   Желтый
  </color>
  <material>
   Кожа
  </material>
  <price>
   754535
  </price>
  <rating>
   2.03
  </rating>
  <reviews>
   808754
  </reviews>
  <exclusive>
   no
  </exclusive>
  <sporty>
   no
  </sporty>
 </clothing>
 <clothing>
  <id>
   486274254
  </id>
  <name>
   Lacoste Umbrellas L-7618
  </name>
  <category>
   Umbrellas
  </category>
  <size>
   XXL
  </size>
  <color>
   Желтый
  </color>
  <material>
   Шерсть
  </material>
  <price>
   470139
  </price>
  <rating>
   3.14
  </rating>
  <reviews>
   417944
  </reviews>
 </clothing>
 <clothing>
  <id>
   394056886
  </id>
  <name>
   Under Armour Gloves K-2098
  </name>
  <category>
   Gloves
  </category>
  <size>
   S
  </size>
  <color>
   Желтый
  </color>
  <material>
   Хлопок
  </material>
  <price>
   165081
  </price>
  <rating>
   2.82
  </rating>
  <reviews>
   707273
  </reviews>
  <exclusive>
   no
  </exclusive>
 </clothing>
 <clothing>
  <id>
   989263712
  </id>
  <name>
   Addidas Socks C-4763
  </name>
  <category>
   Socks
  </category>
  <size>
   M
  </size>
  <color>
   Оранжевый
  </color>
  <material>
   Вискоза
  </material>
  <price>
   636066
  </price>
  <rating>
   2.18
  </rating>
  <reviews>
   654637
  </reviews>
 </clothing>
 <clothing>
  <id>
   927743843
  </id>
  <name>
   Under Armour Blouse C-8407
  </name>
  <category>
   Blouse
  </category>
  <size>
   XL
  </size>
  <color>
   Голубой
  </color>
  <material>
   Шелк
  </material>
  <price>
   335485
  </price>
  <rating>
   1.57
  </rating>
  <reviews>
   826137
  </reviews>
  <exclusive>
   no
  </exclusive>
 </clothing>
 <clothing>
  <id>
   502754114
  </id>
  <name>
   Nike Blouse W-4817
  </name>
  <category>
   Blouse
  </category>
  <size>
   XXL
  </size>
  <color>
   Синий
  </color>
  <material>
   Лен
  </material>
  <price>
   951962
  </price>
  <rating>
   3.15
  </rating>
  <reviews>
   522930
  </reviews>
  <new>
   -
  </new>
  <exclusive>
   no
  </exclusive>
  <sporty>
   yes
  </sporty>
 </clothing>
 <clothing>
  <id>
   486871869
  </id>
  <name>
   Brooks Shoes E-7735
  </name>
  <category>
   Shoes
  </category>
  <size>
   L
  </size>
  <color>
   Оранжевый
  </color>
  <material>
   Шерсть
  </material>
  <price>
   725115
  </price>
  <rating>
   1.42
  </rating>
  <reviews>
   109479
  </reviews>
  <new>
   -
  </new>
  <sporty>
   yes
  </sporty>
 </clothing>
 <clothing>
  <id>
   848454550
  </id>
  <name>
   Puma Gloves P-3213
  </name>
  <category>
   Gloves
  </category>
  <size>
   XL
  </size>
  <color>
   Фиолетовый
  </color>
  <material>
   Нейлон
  </material>
  <price>
   403457
  </price>
  <rating>
   1.75
  </rating>
  <reviews>
   862750
  </reviews>
  <new>
   -
  </new>
  <sporty>
   no
  </sporty>
 </clothing>
 <clothing>
  <id>
   759462879
  </id>
  <name>
   Vans Sweater I-1194
  </name>
  <category>
   Sweater
  </category>
  <size>
   XL
  </size>
  <color>
   Зеленый
  </color>
  <material>
   Шерсть
  </material>
  <price>
   449207
  </price>
  <rating>
   2.52
  </rating>
  <reviews>
   650588
  </reviews>
  <new>
   -
  </new>
  <exclusive>
   no
  </exclusive>
 </clothing>
 <clothing>
  <id>
   591360869
  </id>
  <name>
   Under Armour Pants Z-6403
  </name>
  <category>
   Pants
  </category>
  <size>
   XL
  </size>
  <color>
   Синий
  </color>
  <material>
   Шелк
  </material>
  <price>
   604754
  </price>
  <rating>
   1.17
  </rating>
  <reviews>
   710026
  </reviews>
  <new>
   -
  </new>
  <exclusive>
   yes
  </exclusive>
 </clothing>
 <clothing>
  <id>
   154783159
  </id>
  <name>
   Reebok Gloves R-2656
  </name>
  <category>
   Gloves
  </category>
  <size>
   XXL
  </size>
  <color>
   Зеленый
  </color>
  <material>
   Шерсть
  </material>
  <price>
   780419
  </price>
  <rating>
   4.02
  </rating>
  <reviews>
   321314
  </reviews>
  <new>
   -
  </new>
  <exclusive>
   no
  </exclusive>
 </clothing>
 <clothing>
  <id>
   599582385
  </id>
  <name>
   Nike Shoes A-1077
  </name>
  <category>
   Shoes
  </category>
  <size>
   XL
  </size>
  <color>
   Желтый
  </color>
  <material>
   Полиэстер
  </material>
  <price>
   474367
  </price>
  <rating>
   4.54
  </rating>
  <reviews>
   180556
  </reviews>
  <new>
   +
  </new>
 </clothing>
 <clothing>
  <id>
   494489856
  </id>
  <name>
   Converse Shirt N-5416
  </name>
  <category>
   Shirt
  </category>
  <size>
   S
  </size>
  <color>
   Зеленый
  </color>
  <material>
   Хлопок
  </material>
  <price>
   444903
  </price>
  <rating>
   3.36
  </rating>
  <reviews>
   252110
  </reviews>
  <sporty>
   yes
  </sporty>
 </clothing>
 <clothing>
  <id>
   769778860
  </id>
  <name>
   Lacoste Gloves M-7028
  </name>
  <category>
   Gloves
  </category>
  <size>
   M
  </size>
  <color>
   Оранжевый
  </color>
  <material>
   Шелк
  </material>
  <price>
   893195
  </price>
  <rating>
   3.23
  </rating>
  <reviews>
   631224
  </reviews>
  <new>
   -
  </new>
  <exclusive>
   yes
  </exclusive>
  <sporty>
   no
  </sporty>
 </clothing>
 <clothing>
  <id>
   892268517
  </id>
  <name>
   Fila Jeans C-8180
  </name>
  <category>
   Jeans
  </category>
  <size>
   L
  </size>
  <color>
   Синий
  </color>
  <material>
   Лен
  </material>
  <price>
   797571
  </price>
  <rating>
   2.8
  </rating>
  <reviews>
   748871
  </reviews>
  <new>
   -
  </new>
  <exclusive>
   no
  </exclusive>
  <sporty>
   no
  </sporty>
 </clothing>
 <clothing>
  <id>
   110801989
  </id>
  <name>
   Addidas Skirt H-2520
  </name>
  <category>
   Skirt
  </category>
  <size>
   XL
  </size>
  <color>
   Фиолетовый
  </color>
  <material>
   Нейлон
  </material>
  <price>
   263821
  </price>
  <rating>
   1.42
  </rating>
  <reviews>
   54576
  </reviews>
  <exclusive>
   no
  </exclusive>
  <sporty>
   no
  </sporty>
 </clothing>
 <clothing>
  <id>
   122894467
  </id>
  <name>
   Puma Hat W-2770
  </name>
  <category>
   Hat
  </category>
  <size>
   XL
  </size>
  <color>
   Синий
  </color>
  <material>
   Шелк
  </material>
  <price>
   925754
  </price>
  <rating>
   2.75
  </rating>
  <reviews>
   392720
  </reviews>
  <exclusive>
   no
  </exclusive>
  <sporty>
   no
  </sporty>
 </clothing>
 <clothing>
  <id>
   947574122
  </id>
  <name>
   Adidas Belts A-6581
  </name>
  <category>
   Belts
  </category>
  <size>
   XL
  </size>
  <color>
   Зеленый
  </color>
  <material>
   Кожа
  </material>
  <price>
   933685
  </price>
  <rating>
   2.89
  </rating>
  <reviews>
   546626
  </reviews>
  <new>
   -
  </new>
  <exclusive>
   yes
  </exclusive>
  <sporty>
   yes
  </sporty>
 </clothing>
 <clothing>
  <id>
   680642702
  </id>
  <name>
   Puma Umbrellas T-2478
  </name>
  <category>
   Umbrellas
  </category>
  <size>
   M
  </size>
  <color>
   Голубой
  </color>
  <material>
   Нейлон
  </material>
  <price>
   352056
  </price>
  <rating>
   3.16
  </rating>
  <reviews>
   10111
  </reviews>
  <new>
   -
  </new>
  <exclusive>
   yes
  </exclusive>
 </clothing>
 <clothing>
  <id>
   868461405
  </id>
  <name>
   Brooks Shirt T-9864
  </name>
  <category>
   Shirt
  </category>
  <size>
   M
  </size>
  <color>
   Желтый
  </color>
  <material>
   Лен
  </material>
  <price>
   986537
  </price>
  <rating>
   1.84
  </rating>
  <reviews>
   449135
  </reviews>
  <sporty>
   no
  </sporty>
 </clothing>
 <clothing>
  <id>
   426974932
  </id>
  <name>
   Converse Skirt C-6117
  </name>
  <category>
   Skirt
  </category>
  <size>
   XXL
  </size>
  <color>
   Синий
  </color>
  <material>
   Хлопок
  </material>
  <price>
   788173
  </price>
  <rating>
   4.29
  </rating>
  <reviews>
   541386
  </reviews>
  <new>
   -
  </new>
  <exclusive>
   no
  </exclusive>
 </clothing>
 <clothing>
  <id>
   838968574
  </id>
  <name>
   Adidas Dress S-5955
  </name>
  <category>
   Dress
  </category>
  <size>
   L
  </size>
  <color>
   Зеленый
  </color>
  <material>
   Вискоза
  </material>
  <price>
   792690
  </price>
  <rating>
   2.79
  </rating>
  <reviews>
   706654
  </reviews>
  <new>
   -
  </new>
 </clothing>
 <clothing>
  <id>
   131125065
  </id>
  <name>
   Fila Umbrellas F-8437
  </name>
  <category>
   Umbrellas
  </category>
  <size>
   M
  </size>
  <color>
   Голубой
  </color>
  <material>
   Шелк
  </material>
  <price>
   947662
  </price>
  <rating>
   3.08
  </rating>
  <reviews>
   59860
  </reviews>
  <exclusive>
   no
  </exclusive>
 </clothing>
 <clothing>
  <id>
   370551758
  </id>
  <name>
   Asics Jeans L-4266
  </name>
  <category>
   Jeans
  </category>
  <size>
   XL
  </size>
  <color>
   Синий
  </color>
  <material>
   Полиэстер
  </material>
  <price>
   591179
  </price>
  <rating>
   2.33
  </rating>
  <reviews>
   909146
  </reviews>
  <sporty>
   no
  </sporty>
 </clothing>
 <clothing>
  <id>
   422221170
  </id>
  <name>
   Nike Belts O-8669
  </name>
  <category>
   Belts
  </category>
  <size>
   L
  </size>
  <color>
   Оранжевый
  </color>
  <material>
   Шелк
  </material>
  <price>
   202448
  </price>
  <rating>
   3.26
  </rating>
  <reviews>
   538033
  </reviews>
 </clothing>
 <clothing>
  <id>
   149446833
  </id>
  <name>
   Lacoste Sweater Q-9102
  </name>
  <category>
   Sweater
  </category>
  <size>
   M
  </size>
  <color>
   Желтый
  </color>
  <material>
   Шерсть
  </material>
  <price>
   696941
  </price>
  <rating>
   4.63
  </rating>
  <reviews>
   511625
  </reviews>
  <new>
   -
  </new>
  <exclusive>
   yes
  </exclusive>
 </clothing>
 <clothing>
  <id>
   941535434
  </id>
  <name>
   PleinSport Jeans F-4324
  </name>
  <category>
   Jeans
  </category>
  <size>
   XXL
  </size>
  <color>
   Красный
  </color>
  <material>
   Нейлон
  </material>
  <price>
   315708
  </price>
  <rating>
   3.09
  </rating>
  <reviews>
   14694
  </reviews>
  <new>
   +
  </new>
 </clothing>
 <clothing>
  <id>
   515351958
  </id>
  <name>
   DC Umbrellas A-3666
  </name>
  <category>
   Umbrellas
  </category>
  <size>
   L
  </size>
  <color>
   Голубой
  </color>
  <material>
   Вискоза
  </material>
  <price>
   555849
  </price>
  <rating>
   2.84
  </rating>
  <reviews>
   689470
  </reviews>
  <new>
   +
  </new>
 </clothing>
 <clothing>
  <id>
   154373686
  </id>
  <name>
   Lacoste Blouse N-9216
  </name>
  <category>
   Blouse
  </category>
  <size>
   S
  </size>
  <color>
   Зеленый
  </color>
  <material>
   Вискоза
  </material>
  <price>
   407413
  </price>
  <rating>
   4.4
  </rating>
  <reviews>
   495117
  </reviews>
  <exclusive>
   no
  </exclusive>
  <sporty>
   no
  </sporty>
 </clothing>
 <clothing>
  <id>
   598241591
  </id>
  <name>
   Fila Pants P-5154
  </name>
  <category>
   Pants
  </category>
  <size>
   S
  </size>
  <color>
   Оранжевый
  </color>
  <material>
   Шелк
  </material>
  <price>
   964114
  </price>
  <rating>
   4.89
  </rating>
  <reviews>
   201470
  </reviews>
  <new>
   -
  </new>
  <exclusive>
   yes
  </exclusive>
 </clothing>
 <clothing>
  <id>
   538942314
  </id>
  <name>
   New Balance Dress A-5021
  </name>
  <category>
   Dress
  </category>
  <size>
   L
  </size>
  <color>
   Оранжевый
  </color>
  <material>
   Полиэстер
  </material>
  <price>
   761399
  </price>
  <rating>
   1.69
  </rating>
  <reviews>
   407158
  </reviews>
  <exclusive>
   no
  </exclusive>
  <sporty>
   no
  </sporty>
 </clothing>
 <clothing>
  <id>
   825311906
  </id>
  <name>
   Lacoste Dress X-4312
  </name>
  <category>
   Dress
  </category>
  <size>
   XXL
  </size>
  <color>
   Фиолетовый
  </color>
  <material>
   Полиэстер
  </material>
  <price>
   934674
  </price>
  <rating>
   4.67
  </rating>
  <reviews>
   324977
  </reviews>
  <new>
   +
  </new>
  <exclusive>
   yes
  </exclusive>
  <sporty>
   yes
  </sporty>
 </clothing>
 <clothing>
  <id>
   829394492
  </id>
  <name>
   Nike Shirt K-7593
  </name>
  <category>
   Shirt
  </category>
  <size>
   XXL
  </size>
  <color>
   Фиолетовый
  </color>
  <material>
   Лен
  </material>
  <price>
   251861
  </price>
  <rating>
   1.3
  </rating>
  <reviews>
   30260
  </reviews>
  <exclusive>
   no
  </exclusive>
  <sporty>
   no
  </sporty>
 </clothing>
 <clothing>
  <id>
   950935628
  </id>
  <name>
   Vans Pants E-6682
  </name>
  <category>
   Pants
  </category>
  <size>
   S
  </size>
  <color>
   Желтый
  </color>
  <material>
   Полиэстер
  </material>
  <price>
   278837
  </price>
  <rating>
   2.1
  </rating>
  <reviews>
   546348
  </reviews>
  <new>
   -
  </new>
 </clothing>
 <clothing>
  <id>
   986841645
  </id>
  <name>
   DC Umbrellas Y-5371
  </name>
  <category>
   Umbrellas
  </category>
  <size>
   XL
  </size>
  <color>
   Красный
  </color>
  <material>
   Хлопок
  </material>
  <price>
   509306
  </price>
  <rating>
   2.69
  </rating>
  <reviews>
   945634
  </reviews>
  <exclusive>
   yes
  </exclusive>
  <sporty>
   no
  </sporty>
 </clothing>
 <clothing>
  <id>
   262012372
  </id>
  <name>
   PleinSport Jacket K-9698
  </name>
  <category>
   Jacket
  </category>
  <size>
   XL
  </size>
  <color>
   Оранжевый
  </color>
  <material>
   Лен
  </material>
  <price>
   862551
  </price>
  <rating>
   2.35
  </rating>
  <reviews>
   862428
  </reviews>
  <exclusive>
   no
  </exclusive>
 </clothing>
 <clothing>
  <id>
   532533887
  </id>
  <name>
   Nike Socks C-4263
  </name>
  <category>
   Socks
  </category>
  <size>
   XL
  </size>
  <color>
   Зеленый
  </color>
  <material>
   Шерсть
  </material>
  <price>
   572319
  </price>
  <rating>
   1.53
  </rating>
  <reviews>
   42818
  </reviews>
  <new>
   -
  </new>
  <exclusive>
   no
  </exclusive>
  <sporty>
   yes
  </sporty>
 </clothing>
 <clothing>
  <id>
   730059125
  </id>
  <name>
   PleinSport Belts B-3903
  </name>
  <category>
   Belts
  </category>
  <size>
   XL
  </size>
  <color>
   Красный
  </color>
  <material>
   Хлопок
  </material>
  <price>
   972576
  </price>
  <rating>
   1.79
  </rating>
  <reviews>
   179451
  </reviews>
  <new>
   -
  </new>
  <exclusive>
   no
  </exclusive>
 </clothing>
 <clothing>
  <id>
   464702947
  </id>
  <name>
   Fila Belts X-6461
  </name>
  <category>
   Belts
  </category>
  <size>
   XL
  </size>
  <color>
   Голубой
  </color>
  <material>
   Вискоза
  </material>
  <price>
   183778
  </price>
  <rating>
   1.35
  </rating>
  <reviews>
   639812
  </reviews>
  <exclusive>
   no
  </exclusive>
  <sporty>
   yes
  </sporty>
 </clothing>
 <clothing>
  <id>
   210563328
  </id>
  <name>
   DC T-shirt Y-4926
  </name>
  <category>
   T-shirt
  </category>
  <size>
   L
  </size>
  <color>
   Оранжевый
  </color>
  <material>
   Хлопок
  </material>
  <price>
   481760
  </price>
  <rating>
   2.59
  </rating>
  <reviews>
   460544
  </reviews>
  <new>
   -
  </new>
  <sporty>
   no
  </sporty>
 </clothing>
 <clothing>
  <id>
   583477778
  </id>
  <name>
   Converse Hat G-9012
  </name>
  <category>
   Hat
  </category>
  <size>
   XL
  </size>
  <color>
   Голубой
  </color>
  <material>
   Лен
  </material>
  <price>
   245304
  </price>
  <rating>
   1.67
  </rating>
  <reviews>
   58026
  </reviews>
  <new>
   -
  </new>
  <sporty>
   no
  </sporty>
 </clothing>
 <clothing>
  <id>
   505480766
  </id>
  <name>
   Lacoste T-shirt I-8255
  </name>
  <category>
   T-shirt
  </category>
  <size>
   M
  </size>
  <color>
   Синий
  </color>
  <material>
   Кожа
  </material>
  <price>
   622876
  </price>
  <rating>
   2.88
  </rating>
  <reviews>
   808423
  </reviews>
  <exclusive>
   no
  </exclusive>
  <sporty>
   no
  </sporty>
 </clothing>
 <clothing>
  <id>
   178539233
  </id>
  <name>
   Lacoste Handbags V-4173
  </name>
  <category>
   Handbags
  </category>
  <size>
   XL
  </size>
  <color>
   Желтый
  </color>
  <material>
   Шерсть
  </material>
  <price>
   158313
  </price>
  <rating>
   2.52
  </rating>
  <reviews>
   312503
  </reviews>
  <new>
   +
  </new>
  <exclusive>
   yes
  </exclusive>
 </clothing>
 <clothing>
  <id>
   902604736
  </id>
  <name>
   Under Armour Blouse J-9334
  </name>
  <category>
   Blouse
  </category>
  <size>
   XXL
  </size>
  <color>
   Желтый
  </color>
  <material>
   Нейлон
  </material>
  <price>
   882290
  </price>
  <rating>
   2.38
  </rating>
  <reviews>
   125381
  </reviews>
  <sporty>
   no
  </sporty>
 </clothing>
</clothing-items>
