<?xml version="1.0" encoding="utf-8"?>
<clothing-items>
 <clothing>
  <id>
   835015992
  </id>
  <name>
   Adidas Jeans W-5071
  </name>
  <category>
   Jeans
  </category>
  <size>
   L
  </size>
  <color>
   Зеленый
  </color>
  <material>
   Полиэстер
  </material>
  <price>
   361756
  </price>
  <rating>
   4.46
  </rating>
  <reviews>
   628799
  </reviews>
  <new>
   -
  </new>
  <sporty>
   no
  </sporty>
 </clothing>
 <clothing>
  <id>
   424171312
  </id>
  <name>
   DC Belts Z-5914
  </name>
  <category>
   Belts
  </category>
  <size>
   S
  </size>
  <color>
   Голубой
  </color>
  <material>
   Полиэстер
  </material>
  <price>
   395053
  </price>
  <rating>
   2.59
  </rating>
  <reviews>
   87608
  </reviews>
  <exclusive>
   no
  </exclusive>
  <sporty>
   no
  </sporty>
 </clothing>
 <clothing>
  <id>
   248590883
  </id>
  <name>
   Reebok Sweater U-9934
  </name>
  <category>
   Sweater
  </category>
  <size>
   XXL
  </size>
  <color>
   Зеленый
  </color>
  <material>
   Вискоза
  </material>
  <price>
   378406
  </price>
  <rating>
   1.57
  </rating>
  <reviews>
   848301
  </reviews>
 </clothing>
 <clothing>
  <id>
   223254975
  </id>
  <name>
   Ellesse Shoes Q-7663
  </name>
  <category>
   Shoes
  </category>
  <size>
   S
  </size>
  <color>
   Оранжевый
  </color>
  <material>
   Кожа
  </material>
  <price>
   920326
  </price>
  <rating>
   1.14
  </rating>
  <reviews>
   655903
  </reviews>
  <new>
   -
  </new>
  <sporty>
   yes
  </sporty>
 </clothing>
 <clothing>
  <id>
   838043964
  </id>
  <name>
   Asics Sweater C-9483
  </name>
  <category>
   Sweater
  </category>
  <size>
   XXL
  </size>
  <color>
   Оранжевый
  </color>
  <material>
   Полиэстер
  </material>
  <price>
   808360
  </price>
  <rating>
   3.01
  </rating>
  <reviews>
   771619
  </reviews>
  <new>
   +
  </new>
  <exclusive>
   yes
  </exclusive>
 </clothing>
 <clothing>
  <id>
   891825913
  </id>
  <name>
   New Balance Sweater I-9775
  </name>
  <category>
   Sweater
  </category>
  <size>
   L
  </size>
  <color>
   Оранжевый
  </color>
  <material>
   Шерсть
  </material>
  <price>
   145111
  </price>
  <rating>
   2.39
  </rating>
  <reviews>
   948063
  </reviews>
  <new>
   -
  </new>
  <exclusive>
   no
  </exclusive>
 </clothing>
 <clothing>
  <id>
   567414512
  </id>
  <name>
   Converse Socks I-1948
  </name>
  <category>
   Socks
  </category>
  <size>
   M
  </size>
  <color>
   Голубой
  </color>
  <material>
   Нейлон
  </material>
  <price>
   168813
  </price>
  <rating>
   1.26
  </rating>
  <reviews>
   254632
  </reviews>
  <new>
   -
  </new>
  <sporty>
   no
  </sporty>
 </clothing>
 <clothing>
  <id>
   106879670
  </id>
  <name>
   PleinSport Gloves H-4112
  </name>
  <category>
   Gloves
  </category>
  <size>
   XXL
  </size>
  <color>
   Фиолетовый
  </color>
  <material>
   Хлопок
  </material>
  <price>
   844005
  </price>
  <rating>
   4.11
  </rating>
  <reviews>
   947771
  </reviews>
  <sporty>
   no
  </sporty>
 </clothing>
 <clothing>
  <id>
   520198235
  </id>
  <name>
   Brooks Belts K-1349
  </name>
  <category>
   Belts
  </category>
  <size>
   XXL
  </size>
  <color>
   Желтый
  </color>
  <material>
   Хлопок
  </material>
  <price>
   515768
  </price>
  <rating>
   1.48
  </rating>
  <reviews>
   909702
  </reviews>
  <exclusive>
   yes
  </exclusive>
  <sporty>
   no
  </sporty>
 </clothing>
 <clothing>
  <id>
   370865778
  </id>
  <name>
   Fila Pants Q-6572
  </name>
  <category>
   Pants
  </category>
  <size>
   XXL
  </size>
  <color>
   Фиолетовый
  </color>
  <material>
   Кожа
  </material>
  <price>
   891383
  </price>
  <rating>
   1.06
  </rating>
  <reviews>
   607898
  </reviews>
  <new>
   +
  </new>
  <exclusive>
   no
  </exclusive>
  <sporty>
   no
  </sporty>
 </clothing>
 <clothing>
  <id>
   475457704
  </id>
  <name>
   DC Pants N-3879
  </name>
  <category>
   Pants
  </category>
  <size>
   S
  </size>
  <color>
   Голубой
  </color>
  <material>
   Лен
  </material>
  <price>
   784318
  </price>
  <rating>
   1.48
  </rating>
  <reviews>
   968173
  </reviews>
  <new>
   -
  </new>
  <sporty>
   yes
  </sporty>
 </clothing>
 <clothing>
  <id>
   230222986
  </id>
  <name>
   Ellesse Dress K-4302
  </name>
  <category>
   Dress
  </category>
  <size>
   L
  </size>
  <color>
   Желтый
  </color>
  <material>
   Хлопок
  </material>
  <price>
   734780
  </price>
  <rating>
   4.02
  </rating>
  <reviews>
   256452
  </reviews>
  <new>
   -
  </new>
  <exclusive>
   no
  </exclusive>
  <sporty>
   no
  </sporty>
 </clothing>
 <clothing>
  <id>
   319505871
  </id>
  <name>
   Converse Jeans P-2278
  </name>
  <category>
   Jeans
  </category>
  <size>
   L
  </size>
  <color>
   Оранжевый
  </color>
  <material>
   Хлопок
  </material>
  <price>
   248620
  </price>
  <rating>
   2.0
  </rating>
  <reviews>
   703294
  </reviews>
  <new>
   -
  </new>
  <exclusive>
   yes
  </exclusive>
  <sporty>
   yes
  </sporty>
 </clothing>
 <clothing>
  <id>
   395348076
  </id>
  <name>
   DC Hat V-9733
  </name>
  <category>
   Hat
  </category>
  <size>
   L
  </size>
  <color>
   Синий
  </color>
  <material>
   Шелк
  </material>
  <price>
   846227
  </price>
  <rating>
   3.19
  </rating>
  <reviews>
   165861
  </reviews>
  <sporty>
   no
  </sporty>
 </clothing>
 <clothing>
  <id>
   620591366
  </id>
  <name>
   Converse Gloves L-9978
  </name>
  <category>
   Gloves
  </category>
  <size>
   S
  </size>
  <color>
   Фиолетовый
  </color>
  <material>
   Полиэстер
  </material>
  <price>
   584340
  </price>
  <rating>
   1.2
  </rating>
  <reviews>
   905292
  </reviews>
  <exclusive>
   yes
  </exclusive>
  <sporty>
   yes
  </sporty>
 </clothing>
 <clothing>
  <id>
   874729020
  </id>
  <name>
   Fila Hat T-3491
  </name>
  <category>
   Hat
  </category>
  <size>
   M
  </size>
  <color>
   Голубой
  </color>
  <material>
   Шелк
  </material>
  <price>
   920308
  </price>
  <rating>
   3.98
  </rating>
  <reviews>
   37296
  </reviews>
  <new>
   -
  </new>
  <exclusive>
   no
  </exclusive>
  <sporty>
   yes
  </sporty>
 </clothing>
 <clothing>
  <id>
   503028777
  </id>
  <name>
   Reebok Pants S-8526
  </name>
  <category>
   Pants
  </category>
  <size>
   XL
  </size>
  <color>
   Голубой
  </color>
  <material>
   Хлопок
  </material>
  <price>
   589319
  </price>
  <rating>
   3.08
  </rating>
  <reviews>
   716026
  </reviews>
  <new>
   +
  </new>
  <exclusive>
   no
  </exclusive>
  <sporty>
   yes
  </sporty>
 </clothing>
 <clothing>
  <id>
   238979719
  </id>
  <name>
   DC Jacket R-6296
  </name>
  <category>
   Jacket
  </category>
  <size>
   S
  </size>
  <color>
   Красный
  </color>
  <material>
   Хлопок
  </material>
  <price>
   610218
  </price>
  <rating>
   1.94
  </rating>
  <reviews>
   222008
  </reviews>
  <exclusive>
   no
  </exclusive>
 </clothing>
 <clothing>
  <id>
   385711287
  </id>
  <name>
   Lacoste Socks D-4296
  </name>
  <category>
   Socks
  </category>
  <size>
   S
  </size>
  <color>
   Оранжевый
  </color>
  <material>
   Вискоза
  </material>
  <price>
   884596
  </price>
  <rating>
   4.51
  </rating>
  <reviews>
   879258
  </reviews>
  <new>
   +
  </new>
 </clothing>
 <clothing>
  <id>
   123438696
  </id>
  <name>
   Ellesse Hat P-9426
  </name>
  <category>
   Hat
  </category>
  <size>
   M
  </size>
  <color>
   Синий
  </color>
  <material>
   Шерсть
  </material>
  <price>
   650026
  </price>
  <rating>
   1.9
  </rating>
  <reviews>
   967472
  </reviews>
  <new>
   -
  </new>
  <exclusive>
   yes
  </exclusive>
  <sporty>
   no
  </sporty>
 </clothing>
 <clothing>
  <id>
   270048593
  </id>
  <name>
   Puma Shirt N-2277
  </name>
  <category>
   Shirt
  </category>
  <size>
   XL
  </size>
  <color>
   Синий
  </color>
  <material>
   Хлопок
  </material>
  <price>
   554884
  </price>
  <rating>
   2.33
  </rating>
  <reviews>
   946247
  </reviews>
  <new>
   -
  </new>
  <exclusive>
   no
  </exclusive>
  <sporty>
   no
  </sporty>
 </clothing>
 <clothing>
  <id>
   811516639
  </id>
  <name>
   Reebok Jacket H-8213
  </name>
  <category>
   Jacket
  </category>
  <size>
   M
  </size>
  <color>
   Синий
  </color>
  <material>
   Полиэстер
  </material>
  <price>
   177609
  </price>
  <rating>
   4.23
  </rating>
  <reviews>
   491915
  </reviews>
  <new>
   +
  </new>
 </clothing>
 <clothing>
  <id>
   342536607
  </id>
  <name>
   Addidas Shirt I-5229
  </name>
  <category>
   Shirt
  </category>
  <size>
   L
  </size>
  <color>
   Фиолетовый
  </color>
  <material>
   Кожа
  </material>
  <price>
   494216
  </price>
  <rating>
   1.74
  </rating>
  <reviews>
   327042
  </reviews>
  <exclusive>
   no
  </exclusive>
  <sporty>
   no
  </sporty>
 </clothing>
 <clothing>
  <id>
   580786288
  </id>
  <name>
   New Balance Shirt V-3016
  </name>
  <category>
   Shirt
  </category>
  <size>
   S
  </size>
  <color>
   Желтый
  </color>
  <material>
   Шерсть
  </material>
  <price>
   984605
  </price>
  <rating>
   1.72
  </rating>
  <reviews>
   482805
  </reviews>
  <exclusive>
   no
  </exclusive>
  <sporty>
   no
  </sporty>
 </clothing>
 <clothing>
  <id>
   578780295
  </id>
  <name>
   Ellesse Gloves H-8175
  </name>
  <category>
   Gloves
  </category>
  <size>
   L
  </size>
  <color>
   Красный
  </color>
  <material>
   Лен
  </material>
  <price>
   547629
  </price>
  <rating>
   3.47
  </rating>
  <reviews>
   980009
  </reviews>
  <exclusive>
   yes
  </exclusive>
 </clothing>
 <clothing>
  <id>
   239533572
  </id>
  <name>
   Ellesse Jeans S-5758
  </name>
  <category>
   Jeans
  </category>
  <size>
   XXL
  </size>
  <color>
   Фиолетовый
  </color>
  <material>
   Вискоза
  </material>
  <price>
   367207
  </price>
  <rating>
   1.03
  </rating>
  <reviews>
   20320
  </reviews>
  <new>
   +
  </new>
  <sporty>
   no
  </sporty>
 </clothing>
 <clothing>
  <id>
   174657515
  </id>
  <name>
   Brooks Umbrellas C-2791
  </name>
  <category>
   Umbrellas
  </category>
  <size>
   L
  </size>
  <color>
   Желтый
  </color>
  <material>
   Кожа
  </material>
  <price>
   183177
  </price>
  <rating>
   3.0
  </rating>
  <reviews>
   65692
  </reviews>
  <new>
   +
  </new>
  <exclusive>
   no
  </exclusive>
 </clothing>
 <clothing>
  <id>
   366975311
  </id>
  <name>
   Nike Hat S-2183
  </name>
  <category>
   Hat
  </category>
  <size>
   XL
  </size>
  <color>
   Фиолетовый
  </color>
  <material>
   Полиэстер
  </material>
  <price>
   948908
  </price>
  <rating>
   2.9
  </rating>
  <reviews>
   892874
  </reviews>
  <new>
   +
  </new>
  <sporty>
   no
  </sporty>
 </clothing>
 <clothing>
  <id>
   556991989
  </id>
  <name>
   Adidas Sweater S-5171
  </name>
  <category>
   Sweater
  </category>
  <size>
   XXL
  </size>
  <color>
   Фиолетовый
  </color>
  <material>
   Вискоза
  </material>
  <price>
   741569
  </price>
  <rating>
   1.8
  </rating>
  <reviews>
   236189
  </reviews>
 </clothing>
 <clothing>
  <id>
   663187311
  </id>
  <name>
   Brooks Dress X-9192
  </name>
  <category>
   Dress
  </category>
  <size>
   S
  </size>
  <color>
   Синий
  </color>
  <material>
   Полиэстер
  </material>
  <price>
   913534
  </price>
  <rating>
   3.88
  </rating>
  <reviews>
   898493
  </reviews>
 </clothing>
 <clothing>
  <id>
   166832749
  </id>
  <name>
   Ellesse Shoes A-5546
  </name>
  <category>
   Shoes
  </category>
  <size>
   L
  </size>
  <color>
   Фиолетовый
  </color>
  <material>
   Хлопок
  </material>
  <price>
   554512
  </price>
  <rating>
   3.61
  </rating>
  <reviews>
   537535
  </reviews>
  <sporty>
   no
  </sporty>
 </clothing>
 <clothing>
  <id>
   592811840
  </id>
  <name>
   Brooks Skirt B-7602
  </name>
  <category>
   Skirt
  </category>
  <size>
   XL
  </size>
  <color>
   Фиолетовый
  </color>
  <material>
   Шерсть
  </material>
  <price>
   994311
  </price>
  <rating>
   1.54
  </rating>
  <reviews>
   494568
  </reviews>
  <new>
   +
  </new>
  <exclusive>
   no
  </exclusive>
  <sporty>
   yes
  </sporty>
 </clothing>
 <clothing>
  <id>
   404452116
  </id>
  <name>
   Asics Blouse B-8419
  </name>
  <category>
   Blouse
  </category>
  <size>
   XXL
  </size>
  <color>
   Оранжевый
  </color>
  <material>
   Вискоза
  </material>
  <price>
   337737
  </price>
  <rating>
   1.16
  </rating>
  <reviews>
   438305
  </reviews>
 </clothing>
 <clothing>
  <id>
   704650984
  </id>
  <name>
   Vans Handbags X-2019
  </name>
  <category>
   Handbags
  </category>
  <size>
   L
  </size>
  <color>
   Зеленый
  </color>
  <material>
   Лен
  </material>
  <price>
   982175
  </price>
  <rating>
   4.86
  </rating>
  <reviews>
   538831
  </reviews>
  <new>
   -
  </new>
  <exclusive>
   no
  </exclusive>
  <sporty>
   no
  </sporty>
 </clothing>
 <clothing>
  <id>
   244758046
  </id>
  <name>
   Vans Jacket H-7989
  </name>
  <category>
   Jacket
  </category>
  <size>
   L
  </size>
  <color>
   Оранжевый
  </color>
  <material>
   Полиэстер
  </material>
  <price>
   743008
  </price>
  <rating>
   3.13
  </rating>
  <reviews>
   542048
  </reviews>
  <exclusive>
   no
  </exclusive>
 </clothing>
 <clothing>
  <id>
   825944957
  </id>
  <name>
   Lacoste Socks I-6889
  </name>
  <category>
   Socks
  </category>
  <size>
   XXL
  </size>
  <color>
   Желтый
  </color>
  <material>
   Полиэстер
  </material>
  <price>
   384639
  </price>
  <rating>
   4.69
  </rating>
  <reviews>
   492521
  </reviews>
  <new>
   -
  </new>
  <sporty>
   no
  </sporty>
 </clothing>
 <clothing>
  <id>
   494350318
  </id>
  <name>
   Nike Sweater C-6448
  </name>
  <category>
   Sweater
  </category>
  <size>
   XXL
  </size>
  <color>
   Желтый
  </color>
  <material>
   Вискоза
  </material>
  <price>
   927493
  </price>
  <rating>
   3.68
  </rating>
  <reviews>
   308916
  </reviews>
  <new>
   -
  </new>
  <sporty>
   no
  </sporty>
 </clothing>
 <clothing>
  <id>
   171260872
  </id>
  <name>
   Converse Blouse Y-8089
  </name>
  <category>
   Blouse
  </category>
  <size>
   S
  </size>
  <color>
   Фиолетовый
  </color>
  <material>
   Хлопок
  </material>
  <price>
   279688
  </price>
  <rating>
   2.6
  </rating>
  <reviews>
   858567
  </reviews>
 </clothing>
 <clothing>
  <id>
   217184321
  </id>
  <name>
   Puma Shirt O-2795
  </name>
  <category>
   Shirt
  </category>
  <size>
   M
  </size>
  <color>
   Оранжевый
  </color>
  <material>
   Лен
  </material>
  <price>
   281526
  </price>
  <rating>
   2.45
  </rating>
  <reviews>
   126000
  </reviews>
  <new>
   -
  </new>
  <exclusive>
   yes
  </exclusive>
  <sporty>
   yes
  </sporty>
 </clothing>
 <clothing>
  <id>
   457022432
  </id>
  <name>
   Ellesse T-shirt B-5609
  </name>
  <category>
   T-shirt
  </category>
  <size>
   M
  </size>
  <color>
   Зеленый
  </color>
  <material>
   Шерсть
  </material>
  <price>
   589031
  </price>
  <rating>
   4.02
  </rating>
  <reviews>
   160049
  </reviews>
  <new>
   -
  </new>
  <exclusive>
   yes
  </exclusive>
  <sporty>
   yes
  </sporty>
 </clothing>
 <clothing>
  <id>
   935989335
  </id>
  <name>
   Addidas Sweater C-6666
  </name>
  <category>
   Sweater
  </category>
  <size>
   S
  </size>
  <color>
   Голубой
  </color>
  <material>
   Шерсть
  </material>
  <price>
   177921
  </price>
  <rating>
   1.99
  </rating>
  <reviews>
   662978
  </reviews>
  <exclusive>
   no
  </exclusive>
  <sporty>
   no
  </sporty>
 </clothing>
 <clothing>
  <id>
   550693532
  </id>
  <name>
   Ellesse Gloves G-2990
  </name>
  <category>
   Gloves
  </category>
  <size>
   L
  </size>
  <color>
   Оранжевый
  </color>
  <material>
   Шерсть
  </material>
  <price>
   954935
  </price>
  <rating>
   3.46
  </rating>
  <reviews>
   589950
  </reviews>
 </clothing>
 <clothing>
  <id>
   104939632
  </id>
  <name>
   Puma Jeans V-4937
  </name>
  <category>
   Jeans
  </category>
  <size>
   XXL
  </size>
  <color>
   Зеленый
  </color>
  <material>
   Лен
  </material>
  <price>
   684018
  </price>
  <rating>
   4.02
  </rating>
  <reviews>
   538023
  </reviews>
  <sporty>
   no
  </sporty>
 </clothing>
 <clothing>
  <id>
   407918491
  </id>
  <name>
   Brooks Skirt X-5415
  </name>
  <category>
   Skirt
  </category>
  <size>
   S
  </size>
  <color>
   Фиолетовый
  </color>
  <material>
   Кожа
  </material>
  <price>
   335102
  </price>
  <rating>
   1.25
  </rating>
  <reviews>
   853683
  </reviews>
  <new>
   +
  </new>
  <exclusive>
   no
  </exclusive>
  <sporty>
   no
  </sporty>
 </clothing>
 <clothing>
  <id>
   956110170
  </id>
  <name>
   Puma Belts T-2109
  </name>
  <category>
   Belts
  </category>
  <size>
   M
  </size>
  <color>
   Красный
  </color>
  <material>
   Хлопок
  </material>
  <price>
   697934
  </price>
  <rating>
   1.95
  </rating>
  <reviews>
   104591
  </reviews>
  <exclusive>
   yes
  </exclusive>
  <sporty>
   no
  </sporty>
 </clothing>
</clothing-items>
