<?xml version="1.0" encoding="utf-8"?>
<clothing-items>
 <clothing>
  <id>
   285459470
  </id>
  <name>
   Reebok Umbrellas B-9530
  </name>
  <category>
   Umbrellas
  </category>
  <size>
   S
  </size>
  <color>
   Красный
  </color>
  <material>
   Шерсть
  </material>
  <price>
   695892
  </price>
  <rating>
   4.13
  </rating>
  <reviews>
   414553
  </reviews>
  <exclusive>
   yes
  </exclusive>
 </clothing>
 <clothing>
  <id>
   146891535
  </id>
  <name>
   Brooks Hat O-5721
  </name>
  <category>
   Hat
  </category>
  <size>
   S
  </size>
  <color>
   Синий
  </color>
  <material>
   Шелк
  </material>
  <price>
   493871
  </price>
  <rating>
   1.28
  </rating>
  <reviews>
   209298
  </reviews>
  <new>
   -
  </new>
  <exclusive>
   no
  </exclusive>
  <sporty>
   no
  </sporty>
 </clothing>
 <clothing>
  <id>
   391168604
  </id>
  <name>
   Nike Pants Y-8260
  </name>
  <category>
   Pants
  </category>
  <size>
   S
  </size>
  <color>
   Зеленый
  </color>
  <material>
   Хлопок
  </material>
  <price>
   475138
  </price>
  <rating>
   2.22
  </rating>
  <reviews>
   177687
  </reviews>
  <new>
   -
  </new>
  <exclusive>
   no
  </exclusive>
  <sporty>
   no
  </sporty>
 </clothing>
 <clothing>
  <id>
   242317452
  </id>
  <name>
   Under Armour Belts H-5010
  </name>
  <category>
   Belts
  </category>
  <size>
   L
  </size>
  <color>
   Синий
  </color>
  <material>
   Кожа
  </material>
  <price>
   666925
  </price>
  <rating>
   4.61
  </rating>
  <reviews>
   503295
  </reviews>
  <new>
   -
  </new>
  <exclusive>
   no
  </exclusive>
  <sporty>
   yes
  </sporty>
 </clothing>
 <clothing>
  <id>
   820947473
  </id>
  <name>
   Nike Belts D-6517
  </name>
  <category>
   Belts
  </category>
  <size>
   XL
  </size>
  <color>
   Зеленый
  </color>
  <material>
   Нейлон
  </material>
  <price>
   464434
  </price>
  <rating>
   4.01
  </rating>
  <reviews>
   150965
  </reviews>
  <exclusive>
   no
  </exclusive>
  <sporty>
   yes
  </sporty>
 </clothing>
 <clothing>
  <id>
   213995201
  </id>
  <name>
   Reebok Handbags E-2720
  </name>
  <category>
   Handbags
  </category>
  <size>
   XXL
  </size>
  <color>
   Фиолетовый
  </color>
  <material>
   Полиэстер
  </material>
  <price>
   641734
  </price>
  <rating>
   2.4
  </rating>
  <reviews>
   253433
  </reviews>
  <new>
   -
  </new>
  <exclusive>
   no
  </exclusive>
  <sporty>
   no
  </sporty>
 </clothing>
 <clothing>
  <id>
   208637462
  </id>
  <name>
   Adidas Shirt S-9248
  </name>
  <category>
   Shirt
  </category>
  <size>
   L
  </size>
  <color>
   Красный
  </color>
  <material>
   Кожа
  </material>
  <price>
   286325
  </price>
  <rating>
   2.63
  </rating>
  <reviews>
   511174
  </reviews>
  <sporty>
   yes
  </sporty>
 </clothing>
 <clothing>
  <id>
   420335566
  </id>
  <name>
   Ellesse Belts K-1270
  </name>
  <category>
   Belts
  </category>
  <size>
   S
  </size>
  <color>
   Голубой
  </color>
  <material>
   Нейлон
  </material>
  <price>
   322930
  </price>
  <rating>
   4.22
  </rating>
  <reviews>
   185015
  </reviews>
  <new>
   -
  </new>
  <sporty>
   yes
  </sporty>
 </clothing>
 <clothing>
  <id>
   926296291
  </id>
  <name>
   Asics Gloves S-4230
  </name>
  <category>
   Gloves
  </category>
  <size>
   S
  </size>
  <color>
   Оранжевый
  </color>
  <material>
   Хлопок
  </material>
  <price>
   812906
  </price>
  <rating>
   2.36
  </rating>
  <reviews>
   882719
  </reviews>
  <new>
   +
  </new>
  <sporty>
   no
  </sporty>
 </clothing>
 <clothing>
  <id>
   171066571
  </id>
  <name>
   Under Armour Blouse W-2380
  </name>
  <category>
   Blouse
  </category>
  <size>
   XL
  </size>
  <color>
   Голубой
  </color>
  <material>
   Хлопок
  </material>
  <price>
   861434
  </price>
  <rating>
   4.41
  </rating>
  <reviews>
   163903
  </reviews>
  <new>
   -
  </new>
  <sporty>
   no
  </sporty>
 </clothing>
 <clothing>
  <id>
   220106322
  </id>
  <name>
   Under Armour Skirt Z-2313
  </name>
  <category>
   Skirt
  </category>
  <size>
   S
  </size>
  <color>
   Синий
  </color>
  <material>
   Нейлон
  </material>
  <price>
   567882
  </price>
  <rating>
   2.06
  </rating>
  <reviews>
   327889
  </reviews>
  <sporty>
   no
  </sporty>
 </clothing>
 <clothing>
  <id>
   140329070
  </id>
  <name>
   Vans Shirt E-2826
  </name>
  <category>
   Shirt
  </category>
  <size>
   L
  </size>
  <color>
   Синий
  </color>
  <material>
   Полиэстер
  </material>
  <price>
   385102
  </price>
  <rating>
   3.62
  </rating>
  <reviews>
   72670
  </reviews>
  <new>
   -
  </new>
  <exclusive>
   yes
  </exclusive>
 </clothing>
 <clothing>
  <id>
   495164966
  </id>
  <name>
   Vans Umbrellas B-8542
  </name>
  <category>
   Umbrellas
  </category>
  <size>
   XL
  </size>
  <color>
   Синий
  </color>
  <material>
   Вискоза
  </material>
  <price>
   490042
  </price>
  <rating>
   4.26
  </rating>
  <reviews>
   393499
  </reviews>
  <new>
   -
  </new>
  <exclusive>
   yes
  </exclusive>
  <sporty>
   yes
  </sporty>
 </clothing>
 <clothing>
  <id>
   267846806
  </id>
  <name>
   Fila Blouse X-3876
  </name>
  <category>
   Blouse
  </category>
  <size>
   L
  </size>
  <color>
   Желтый
  </color>
  <material>
   Шерсть
  </material>
  <price>
   269063
  </price>
  <rating>
   3.14
  </rating>
  <reviews>
   409700
  </reviews>
  <new>
   +
  </new>
 </clothing>
 <clothing>
  <id>
   378953077
  </id>
  <name>
   DC Handbags A-9810
  </name>
  <category>
   Handbags
  </category>
  <size>
   S
  </size>
  <color>
   Красный
  </color>
  <material>
   Полиэстер
  </material>
  <price>
   271910
  </price>
  <rating>
   1.07
  </rating>
  <reviews>
   296038
  </reviews>
  <new>
   -
  </new>
  <exclusive>
   no
  </exclusive>
 </clothing>
 <clothing>
  <id>
   752705337
  </id>
  <name>
   Under Armour Jacket H-9470
  </name>
  <category>
   Jacket
  </category>
  <size>
   M
  </size>
  <color>
   Оранжевый
  </color>
  <material>
   Полиэстер
  </material>
  <price>
   924794
  </price>
  <rating>
   1.11
  </rating>
  <reviews>
   4140
  </reviews>
  <new>
   +
  </new>
  <exclusive>
   yes
  </exclusive>
  <sporty>
   no
  </sporty>
 </clothing>
</clothing-items>
