<?xml version="1.0" encoding="utf-8"?>
<clothing-items>
 <clothing>
  <id>
   715257482
  </id>
  <name>
   Brooks Blouse L-7730
  </name>
  <category>
   Blouse
  </category>
  <size>
   L
  </size>
  <color>
   Оранжевый
  </color>
  <material>
   Полиэстер
  </material>
  <price>
   939444
  </price>
  <rating>
   4.17
  </rating>
  <reviews>
   964991
  </reviews>
  <sporty>
   no
  </sporty>
 </clothing>
 <clothing>
  <id>
   540574195
  </id>
  <name>
   Addidas Shoes J-8447
  </name>
  <category>
   Shoes
  </category>
  <size>
   XXL
  </size>
  <color>
   Фиолетовый
  </color>
  <material>
   Полиэстер
  </material>
  <price>
   189384
  </price>
  <rating>
   4.72
  </rating>
  <reviews>
   973279
  </reviews>
  <new>
   -
  </new>
  <exclusive>
   yes
  </exclusive>
  <sporty>
   no
  </sporty>
 </clothing>
 <clothing>
  <id>
   624962864
  </id>
  <name>
   Puma Handbags O-7572
  </name>
  <category>
   Handbags
  </category>
  <size>
   M
  </size>
  <color>
   Оранжевый
  </color>
  <material>
   Полиэстер
  </material>
  <price>
   166855
  </price>
  <rating>
   3.26
  </rating>
  <reviews>
   147766
  </reviews>
  <exclusive>
   no
  </exclusive>
  <sporty>
   no
  </sporty>
 </clothing>
 <clothing>
  <id>
   730881322
  </id>
  <name>
   DC Hat O-5132
  </name>
  <category>
   Hat
  </category>
  <size>
   L
  </size>
  <color>
   Красный
  </color>
  <material>
   Лен
  </material>
  <price>
   477501
  </price>
  <rating>
   1.31
  </rating>
  <reviews>
   372219
  </reviews>
  <new>
   -
  </new>
  <exclusive>
   no
  </exclusive>
  <sporty>
   no
  </sporty>
 </clothing>
 <clothing>
  <id>
   867242380
  </id>
  <name>
   Asics Dress E-3293
  </name>
  <category>
   Dress
  </category>
  <size>
   S
  </size>
  <color>
   Синий
  </color>
  <material>
   Кожа
  </material>
  <price>
   576507
  </price>
  <rating>
   2.34
  </rating>
  <reviews>
   27742
  </reviews>
  <new>
   +
  </new>
  <sporty>
   yes
  </sporty>
 </clothing>
 <clothing>
  <id>
   809881621
  </id>
  <name>
   Adidas Jacket M-1775
  </name>
  <category>
   Jacket
  </category>
  <size>
   XXL
  </size>
  <color>
   Синий
  </color>
  <material>
   Вискоза
  </material>
  <price>
   834259
  </price>
  <rating>
   2.72
  </rating>
  <reviews>
   234311
  </reviews>
  <new>
   +
  </new>
  <exclusive>
   no
  </exclusive>
  <sporty>
   yes
  </sporty>
 </clothing>
 <clothing>
  <id>
   350844498
  </id>
  <name>
   Fila Jeans S-7651
  </name>
  <category>
   Jeans
  </category>
  <size>
   XXL
  </size>
  <color>
   Желтый
  </color>
  <material>
   Нейлон
  </material>
  <price>
   177711
  </price>
  <rating>
   2.99
  </rating>
  <reviews>
   400353
  </reviews>
  <exclusive>
   no
  </exclusive>
  <sporty>
   no
  </sporty>
 </clothing>
 <clothing>
  <id>
   162315555
  </id>
  <name>
   DC T-shirt Y-9414
  </name>
  <category>
   T-shirt
  </category>
  <size>
   XL
  </size>
  <color>
   Зеленый
  </color>
  <material>
   Шерсть
  </material>
  <price>
   723503
  </price>
  <rating>
   1.1
  </rating>
  <reviews>
   240868
  </reviews>
  <new>
   -
  </new>
  <sporty>
   no
  </sporty>
 </clothing>
 <clothing>
  <id>
   352630079
  </id>
  <name>
   Converse T-shirt V-7040
  </name>
  <category>
   T-shirt
  </category>
  <size>
   XL
  </size>
  <color>
   Желтый
  </color>
  <material>
   Полиэстер
  </material>
  <price>
   888888
  </price>
  <rating>
   1.66
  </rating>
  <reviews>
   764503
  </reviews>
  <exclusive>
   no
  </exclusive>
 </clothing>
 <clothing>
  <id>
   928027479
  </id>
  <name>
   Lacoste Jeans I-3139
  </name>
  <category>
   Jeans
  </category>
  <size>
   S
  </size>
  <color>
   Желтый
  </color>
  <material>
   Вискоза
  </material>
  <price>
   102990
  </price>
  <rating>
   3.32
  </rating>
  <reviews>
   358589
  </reviews>
  <new>
   -
  </new>
  <sporty>
   no
  </sporty>
 </clothing>
 <clothing>
  <id>
   773959111
  </id>
  <name>
   Asics Shirt W-8719
  </name>
  <category>
   Shirt
  </category>
  <size>
   S
  </size>
  <color>
   Синий
  </color>
  <material>
   Вискоза
  </material>
  <price>
   292277
  </price>
  <rating>
   4.55
  </rating>
  <reviews>
   879808
  </reviews>
  <exclusive>
   no
  </exclusive>
  <sporty>
   yes
  </sporty>
 </clothing>
 <clothing>
  <id>
   115364715
  </id>
  <name>
   PleinSport Skirt V-1363
  </name>
  <category>
   Skirt
  </category>
  <size>
   L
  </size>
  <color>
   Зеленый
  </color>
  <material>
   Шелк
  </material>
  <price>
   661560
  </price>
  <rating>
   2.03
  </rating>
  <reviews>
   25886
  </reviews>
  <sporty>
   no
  </sporty>
 </clothing>
</clothing-items>
