<?xml version="1.0" encoding="utf-8"?>
<clothing-items>
 <clothing>
  <id>
   737765478
  </id>
  <name>
   Puma Blouse P-7526
  </name>
  <category>
   Blouse
  </category>
  <size>
   L
  </size>
  <color>
   Голубой
  </color>
  <material>
   Вискоза
  </material>
  <price>
   981199
  </price>
  <rating>
   4.86
  </rating>
  <reviews>
   266566
  </reviews>
  <new>
   -
  </new>
  <exclusive>
   no
  </exclusive>
 </clothing>
 <clothing>
  <id>
   456466477
  </id>
  <name>
   Nike Shoes I-7043
  </name>
  <category>
   Shoes
  </category>
  <size>
   XXL
  </size>
  <color>
   Зеленый
  </color>
  <material>
   Вискоза
  </material>
  <price>
   726794
  </price>
  <rating>
   4.43
  </rating>
  <reviews>
   930701
  </reviews>
  <new>
   -
  </new>
  <exclusive>
   no
  </exclusive>
 </clothing>
 <clothing>
  <id>
   352842075
  </id>
  <name>
   Ellesse Dress O-5824
  </name>
  <category>
   Dress
  </category>
  <size>
   S
  </size>
  <color>
   Оранжевый
  </color>
  <material>
   Кожа
  </material>
  <price>
   460603
  </price>
  <rating>
   4.38
  </rating>
  <reviews>
   814112
  </reviews>
  <new>
   -
  </new>
  <sporty>
   no
  </sporty>
 </clothing>
 <clothing>
  <id>
   383824466
  </id>
  <name>
   Brooks Handbags M-3247
  </name>
  <category>
   Handbags
  </category>
  <size>
   L
  </size>
  <color>
   Синий
  </color>
  <material>
   Полиэстер
  </material>
  <price>
   987432
  </price>
  <rating>
   2.38
  </rating>
  <reviews>
   675859
  </reviews>
  <new>
   -
  </new>
  <exclusive>
   no
  </exclusive>
 </clothing>
 <clothing>
  <id>
   722611427
  </id>
  <name>
   DC Shirt V-6132
  </name>
  <category>
   Shirt
  </category>
  <size>
   M
  </size>
  <color>
   Голубой
  </color>
  <material>
   Нейлон
  </material>
  <price>
   744139
  </price>
  <rating>
   4.2
  </rating>
  <reviews>
   817194
  </reviews>
  <new>
   -
  </new>
  <sporty>
   no
  </sporty>
 </clothing>
 <clothing>
  <id>
   171909584
  </id>
  <name>
   Asics Gloves Y-1225
  </name>
  <category>
   Gloves
  </category>
  <size>
   M
  </size>
  <color>
   Синий
  </color>
  <material>
   Шерсть
  </material>
  <price>
   291709
  </price>
  <rating>
   1.47
  </rating>
  <reviews>
   963086
  </reviews>
  <new>
   -
  </new>
  <exclusive>
   no
  </exclusive>
  <sporty>
   no
  </sporty>
 </clothing>
 <clothing>
  <id>
   635596571
  </id>
  <name>
   Brooks Umbrellas T-6158
  </name>
  <category>
   Umbrellas
  </category>
  <size>
   XL
  </size>
  <color>
   Фиолетовый
  </color>
  <material>
   Полиэстер
  </material>
  <price>
   221866
  </price>
  <rating>
   1.64
  </rating>
  <reviews>
   427570
  </reviews>
  <exclusive>
   no
  </exclusive>
  <sporty>
   yes
  </sporty>
 </clothing>
 <clothing>
  <id>
   612536436
  </id>
  <name>
   Reebok Sweater T-2468
  </name>
  <category>
   Sweater
  </category>
  <size>
   L
  </size>
  <color>
   Синий
  </color>
  <material>
   Лен
  </material>
  <price>
   544952
  </price>
  <rating>
   1.56
  </rating>
  <reviews>
   591008
  </reviews>
  <exclusive>
   yes
  </exclusive>
  <sporty>
   yes
  </sporty>
 </clothing>
 <clothing>
  <id>
   812435978
  </id>
  <name>
   PleinSport Dress C-8416
  </name>
  <category>
   Dress
  </category>
  <size>
   XL
  </size>
  <color>
   Желтый
  </color>
  <material>
   Нейлон
  </material>
  <price>
   265997
  </price>
  <rating>
   4.87
  </rating>
  <reviews>
   783528
  </reviews>
  <exclusive>
   no
  </exclusive>
  <sporty>
   yes
  </sporty>
 </clothing>
 <clothing>
  <id>
   693070041
  </id>
  <name>
   Adidas Jacket P-2247
  </name>
  <category>
   Jacket
  </category>
  <size>
   L
  </size>
  <color>
   Синий
  </color>
  <material>
   Вискоза
  </material>
  <price>
   487429
  </price>
  <rating>
   1.99
  </rating>
  <reviews>
   136541
  </reviews>
  <new>
   -
  </new>
  <exclusive>
   no
  </exclusive>
  <sporty>
   no
  </sporty>
 </clothing>
</clothing-items>
