<?xml version="1.0" encoding="utf-8"?>
<clothing-items>
 <clothing>
  <id>
   186924353
  </id>
  <name>
   New Balance Handbags T-4889
  </name>
  <category>
   Handbags
  </category>
  <size>
   M
  </size>
  <color>
   Голубой
  </color>
  <material>
   Вискоза
  </material>
  <price>
   483956
  </price>
  <rating>
   4.82
  </rating>
  <reviews>
   772276
  </reviews>
  <exclusive>
   yes
  </exclusive>
  <sporty>
   no
  </sporty>
 </clothing>
 <clothing>
  <id>
   337577977
  </id>
  <name>
   Lacoste Skirt E-2328
  </name>
  <category>
   Skirt
  </category>
  <size>
   L
  </size>
  <color>
   Зеленый
  </color>
  <material>
   Вискоза
  </material>
  <price>
   642534
  </price>
  <rating>
   3.17
  </rating>
  <reviews>
   548214
  </reviews>
  <exclusive>
   no
  </exclusive>
 </clothing>
 <clothing>
  <id>
   922729777
  </id>
  <name>
   New Balance Jeans N-5723
  </name>
  <category>
   Jeans
  </category>
  <size>
   XXL
  </size>
  <color>
   Желтый
  </color>
  <material>
   Шелк
  </material>
  <price>
   466669
  </price>
  <rating>
   4.09
  </rating>
  <reviews>
   352873
  </reviews>
  <new>
   -
  </new>
 </clothing>
 <clothing>
  <id>
   103392246
  </id>
  <name>
   Ellesse Sweater T-6957
  </name>
  <category>
   Sweater
  </category>
  <size>
   XXL
  </size>
  <color>
   Голубой
  </color>
  <material>
   Шерсть
  </material>
  <price>
   784997
  </price>
  <rating>
   1.42
  </rating>
  <reviews>
   147271
  </reviews>
  <new>
   +
  </new>
  <exclusive>
   no
  </exclusive>
 </clothing>
 <clothing>
  <id>
   425763733
  </id>
  <name>
   New Balance Hat Q-3401
  </name>
  <category>
   Hat
  </category>
  <size>
   M
  </size>
  <color>
   Синий
  </color>
  <material>
   Вискоза
  </material>
  <price>
   245166
  </price>
  <rating>
   2.21
  </rating>
  <reviews>
   545648
  </reviews>
 </clothing>
 <clothing>
  <id>
   166344776
  </id>
  <name>
   Ellesse Belts H-3399
  </name>
  <category>
   Belts
  </category>
  <size>
   XL
  </size>
  <color>
   Оранжевый
  </color>
  <material>
   Вискоза
  </material>
  <price>
   603301
  </price>
  <rating>
   2.1
  </rating>
  <reviews>
   847762
  </reviews>
  <exclusive>
   no
  </exclusive>
  <sporty>
   yes
  </sporty>
 </clothing>
 <clothing>
  <id>
   340805774
  </id>
  <name>
   Nike Dress L-2703
  </name>
  <category>
   Dress
  </category>
  <size>
   S
  </size>
  <color>
   Голубой
  </color>
  <material>
   Нейлон
  </material>
  <price>
   184911
  </price>
  <rating>
   2.94
  </rating>
  <reviews>
   55095
  </reviews>
  <new>
   -
  </new>
  <exclusive>
   no
  </exclusive>
 </clothing>
 <clothing>
  <id>
   392894003
  </id>
  <name>
   Asics Pants S-8060
  </name>
  <category>
   Pants
  </category>
  <size>
   XXL
  </size>
  <color>
   Желтый
  </color>
  <material>
   Лен
  </material>
  <price>
   427424
  </price>
  <rating>
   1.08
  </rating>
  <reviews>
   369432
  </reviews>
  <exclusive>
   yes
  </exclusive>
  <sporty>
   no
  </sporty>
 </clothing>
 <clothing>
  <id>
   897279376
  </id>
  <name>
   PleinSport Shirt H-2749
  </name>
  <category>
   Shirt
  </category>
  <size>
   XXL
  </size>
  <color>
   Оранжевый
  </color>
  <material>
   Шерсть
  </material>
  <price>
   237095
  </price>
  <rating>
   2.46
  </rating>
  <reviews>
   305094
  </reviews>
 </clothing>
 <clothing>
  <id>
   615382451
  </id>
  <name>
   Ellesse Sweater H-9092
  </name>
  <category>
   Sweater
  </category>
  <size>
   XXL
  </size>
  <color>
   Зеленый
  </color>
  <material>
   Лен
  </material>
  <price>
   809271
  </price>
  <rating>
   2.97
  </rating>
  <reviews>
   269256
  </reviews>
  <new>
   -
  </new>
  <sporty>
   yes
  </sporty>
 </clothing>
 <clothing>
  <id>
   882409002
  </id>
  <name>
   Adidas T-shirt D-4026
  </name>
  <category>
   T-shirt
  </category>
  <size>
   XL
  </size>
  <color>
   Красный
  </color>
  <material>
   Полиэстер
  </material>
  <price>
   150806
  </price>
  <rating>
   2.21
  </rating>
  <reviews>
   280083
  </reviews>
  <exclusive>
   no
  </exclusive>
 </clothing>
 <clothing>
  <id>
   448320100
  </id>
  <name>
   Converse Skirt K-4986
  </name>
  <category>
   Skirt
  </category>
  <size>
   XL
  </size>
  <color>
   Голубой
  </color>
  <material>
   Хлопок
  </material>
  <price>
   391186
  </price>
  <rating>
   4.98
  </rating>
  <reviews>
   230855
  </reviews>
  <new>
   +
  </new>
  <exclusive>
   yes
  </exclusive>
  <sporty>
   no
  </sporty>
 </clothing>
 <clothing>
  <id>
   545641628
  </id>
  <name>
   Nike Pants X-3544
  </name>
  <category>
   Pants
  </category>
  <size>
   L
  </size>
  <color>
   Голубой
  </color>
  <material>
   Шерсть
  </material>
  <price>
   902423
  </price>
  <rating>
   2.93
  </rating>
  <reviews>
   617205
  </reviews>
  <exclusive>
   yes
  </exclusive>
  <sporty>
   no
  </sporty>
 </clothing>
 <clothing>
  <id>
   688095259
  </id>
  <name>
   PleinSport Handbags R-9747
  </name>
  <category>
   Handbags
  </category>
  <size>
   XXL
  </size>
  <color>
   Фиолетовый
  </color>
  <material>
   Лен
  </material>
  <price>
   183781
  </price>
  <rating>
   3.28
  </rating>
  <reviews>
   796001
  </reviews>
  <exclusive>
   yes
  </exclusive>
 </clothing>
 <clothing>
  <id>
   998889749
  </id>
  <name>
   Asics Sweater C-3691
  </name>
  <category>
   Sweater
  </category>
  <size>
   XXL
  </size>
  <color>
   Оранжевый
  </color>
  <material>
   Кожа
  </material>
  <price>
   171961
  </price>
  <rating>
   3.34
  </rating>
  <reviews>
   56084
  </reviews>
  <new>
   +
  </new>
  <exclusive>
   yes
  </exclusive>
 </clothing>
 <clothing>
  <id>
   532083147
  </id>
  <name>
   DC Skirt V-9024
  </name>
  <category>
   Skirt
  </category>
  <size>
   S
  </size>
  <color>
   Желтый
  </color>
  <material>
   Кожа
  </material>
  <price>
   781010
  </price>
  <rating>
   3.68
  </rating>
  <reviews>
   78125
  </reviews>
  <exclusive>
   yes
  </exclusive>
  <sporty>
   yes
  </sporty>
 </clothing>
 <clothing>
  <id>
   375199892
  </id>
  <name>
   Brooks Hat A-2442
  </name>
  <category>
   Hat
  </category>
  <size>
   XL
  </size>
  <color>
   Оранжевый
  </color>
  <material>
   Кожа
  </material>
  <price>
   825582
  </price>
  <rating>
   2.49
  </rating>
  <reviews>
   994561
  </reviews>
  <new>
   -
  </new>
  <exclusive>
   no
  </exclusive>
 </clothing>
 <clothing>
  <id>
   878403784
  </id>
  <name>
   New Balance Pants O-3154
  </name>
  <category>
   Pants
  </category>
  <size>
   XL
  </size>
  <color>
   Оранжевый
  </color>
  <material>
   Нейлон
  </material>
  <price>
   270812
  </price>
  <rating>
   1.83
  </rating>
  <reviews>
   142941
  </reviews>
  <exclusive>
   no
  </exclusive>
  <sporty>
   yes
  </sporty>
 </clothing>
 <clothing>
  <id>
   257920498
  </id>
  <name>
   Converse T-shirt A-8613
  </name>
  <category>
   T-shirt
  </category>
  <size>
   XXL
  </size>
  <color>
   Голубой
  </color>
  <material>
   Полиэстер
  </material>
  <price>
   576535
  </price>
  <rating>
   2.52
  </rating>
  <reviews>
   178411
  </reviews>
  <new>
   +
  </new>
  <exclusive>
   no
  </exclusive>
  <sporty>
   no
  </sporty>
 </clothing>
 <clothing>
  <id>
   741714520
  </id>
  <name>
   DC Gloves K-2309
  </name>
  <category>
   Gloves
  </category>
  <size>
   S
  </size>
  <color>
   Синий
  </color>
  <material>
   Полиэстер
  </material>
  <price>
   630036
  </price>
  <rating>
   2.51
  </rating>
  <reviews>
   504359
  </reviews>
  <new>
   -
  </new>
  <exclusive>
   yes
  </exclusive>
  <sporty>
   yes
  </sporty>
 </clothing>
 <clothing>
  <id>
   605853505
  </id>
  <name>
   Reebok Pants T-8212
  </name>
  <category>
   Pants
  </category>
  <size>
   M
  </size>
  <color>
   Красный
  </color>
  <material>
   Шелк
  </material>
  <price>
   124209
  </price>
  <rating>
   2.78
  </rating>
  <reviews>
   426819
  </reviews>
  <exclusive>
   yes
  </exclusive>
  <sporty>
   no
  </sporty>
 </clothing>
 <clothing>
  <id>
   646962667
  </id>
  <name>
   Addidas T-shirt K-7781
  </name>
  <category>
   T-shirt
  </category>
  <size>
   XXL
  </size>
  <color>
   Желтый
  </color>
  <material>
   Лен
  </material>
  <price>
   749218
  </price>
  <rating>
   1.84
  </rating>
  <reviews>
   203001
  </reviews>
  <sporty>
   yes
  </sporty>
 </clothing>
 <clothing>
  <id>
   518469215
  </id>
  <name>
   PleinSport Socks M-2479
  </name>
  <category>
   Socks
  </category>
  <size>
   S
  </size>
  <color>
   Синий
  </color>
  <material>
   Полиэстер
  </material>
  <price>
   198444
  </price>
  <rating>
   3.15
  </rating>
  <reviews>
   17120
  </reviews>
  <new>
   -
  </new>
  <sporty>
   no
  </sporty>
 </clothing>
 <clothing>
  <id>
   124627015
  </id>
  <name>
   Fila Belts X-6090
  </name>
  <category>
   Belts
  </category>
  <size>
   XL
  </size>
  <color>
   Оранжевый
  </color>
  <material>
   Вискоза
  </material>
  <price>
   575452
  </price>
  <rating>
   4.63
  </rating>
  <reviews>
   407355
  </reviews>
  <new>
   +
  </new>
 </clothing>
 <clothing>
  <id>
   739178319
  </id>
  <name>
   Converse Dress P-7867
  </name>
  <category>
   Dress
  </category>
  <size>
   XL
  </size>
  <color>
   Красный
  </color>
  <material>
   Шелк
  </material>
  <price>
   748719
  </price>
  <rating>
   1.2
  </rating>
  <reviews>
   760526
  </reviews>
  <exclusive>
   no
  </exclusive>
  <sporty>
   yes
  </sporty>
 </clothing>
 <clothing>
  <id>
   271078334
  </id>
  <name>
   Adidas Jacket E-5493
  </name>
  <category>
   Jacket
  </category>
  <size>
   XL
  </size>
  <color>
   Зеленый
  </color>
  <material>
   Шелк
  </material>
  <price>
   400558
  </price>
  <rating>
   3.3
  </rating>
  <reviews>
   757761
  </reviews>
  <new>
   -
  </new>
  <sporty>
   yes
  </sporty>
 </clothing>
 <clothing>
  <id>
   576054497
  </id>
  <name>
   Reebok Socks S-2126
  </name>
  <category>
   Socks
  </category>
  <size>
   XL
  </size>
  <color>
   Зеленый
  </color>
  <material>
   Хлопок
  </material>
  <price>
   688741
  </price>
  <rating>
   4.45
  </rating>
  <reviews>
   233047
  </reviews>
  <new>
   -
  </new>
 </clothing>
 <clothing>
  <id>
   672092779
  </id>
  <name>
   Brooks Belts L-6527
  </name>
  <category>
   Belts
  </category>
  <size>
   M
  </size>
  <color>
   Голубой
  </color>
  <material>
   Шелк
  </material>
  <price>
   644428
  </price>
  <rating>
   1.69
  </rating>
  <reviews>
   906932
  </reviews>
  <new>
   -
  </new>
  <exclusive>
   yes
  </exclusive>
 </clothing>
 <clothing>
  <id>
   103020807
  </id>
  <name>
   Adidas Dress P-2886
  </name>
  <category>
   Dress
  </category>
  <size>
   S
  </size>
  <color>
   Оранжевый
  </color>
  <material>
   Вискоза
  </material>
  <price>
   671602
  </price>
  <rating>
   2.87
  </rating>
  <reviews>
   436219
  </reviews>
  <exclusive>
   yes
  </exclusive>
  <sporty>
   no
  </sporty>
 </clothing>
 <clothing>
  <id>
   852804769
  </id>
  <name>
   New Balance Gloves O-9721
  </name>
  <category>
   Gloves
  </category>
  <size>
   XL
  </size>
  <color>
   Зеленый
  </color>
  <material>
   Лен
  </material>
  <price>
   255878
  </price>
  <rating>
   3.63
  </rating>
  <reviews>
   693804
  </reviews>
  <new>
   -
  </new>
  <sporty>
   yes
  </sporty>
 </clothing>
 <clothing>
  <id>
   519270268
  </id>
  <name>
   Fila Gloves X-8988
  </name>
  <category>
   Gloves
  </category>
  <size>
   S
  </size>
  <color>
   Синий
  </color>
  <material>
   Шелк
  </material>
  <price>
   266559
  </price>
  <rating>
   3.47
  </rating>
  <reviews>
   366163
  </reviews>
  <new>
   +
  </new>
  <exclusive>
   yes
  </exclusive>
  <sporty>
   no
  </sporty>
 </clothing>
 <clothing>
  <id>
   747922982
  </id>
  <name>
   Brooks Shirt Z-7002
  </name>
  <category>
   Shirt
  </category>
  <size>
   XXL
  </size>
  <color>
   Голубой
  </color>
  <material>
   Шелк
  </material>
  <price>
   450853
  </price>
  <rating>
   4.94
  </rating>
  <reviews>
   83529
  </reviews>
  <new>
   +
  </new>
  <sporty>
   yes
  </sporty>
 </clothing>
 <clothing>
  <id>
   399910754
  </id>
  <name>
   Fila Socks Y-1269
  </name>
  <category>
   Socks
  </category>
  <size>
   S
  </size>
  <color>
   Красный
  </color>
  <material>
   Лен
  </material>
  <price>
   533189
  </price>
  <rating>
   2.07
  </rating>
  <reviews>
   927309
  </reviews>
  <exclusive>
   no
  </exclusive>
  <sporty>
   no
  </sporty>
 </clothing>
 <clothing>
  <id>
   853422526
  </id>
  <name>
   PleinSport Umbrellas D-7741
  </name>
  <category>
   Umbrellas
  </category>
  <size>
   L
  </size>
  <color>
   Зеленый
  </color>
  <material>
   Хлопок
  </material>
  <price>
   470082
  </price>
  <rating>
   2.65
  </rating>
  <reviews>
   462339
  </reviews>
  <new>
   +
  </new>
  <sporty>
   no
  </sporty>
 </clothing>
 <clothing>
  <id>
   741222876
  </id>
  <name>
   Adidas Shirt Y-2546
  </name>
  <category>
   Shirt
  </category>
  <size>
   XL
  </size>
  <color>
   Синий
  </color>
  <material>
   Шерсть
  </material>
  <price>
   128496
  </price>
  <rating>
   4.48
  </rating>
  <reviews>
   858660
  </reviews>
  <new>
   +
  </new>
  <exclusive>
   no
  </exclusive>
  <sporty>
   no
  </sporty>
 </clothing>
 <clothing>
  <id>
   912278638
  </id>
  <name>
   Under Armour Shirt P-5366
  </name>
  <category>
   Shirt
  </category>
  <size>
   M
  </size>
  <color>
   Зеленый
  </color>
  <material>
   Вискоза
  </material>
  <price>
   674557
  </price>
  <rating>
   4.51
  </rating>
  <reviews>
   546900
  </reviews>
  <exclusive>
   no
  </exclusive>
 </clothing>
 <clothing>
  <id>
   164789694
  </id>
  <name>
   Brooks Jacket O-8452
  </name>
  <category>
   Jacket
  </category>
  <size>
   L
  </size>
  <color>
   Голубой
  </color>
  <material>
   Шелк
  </material>
  <price>
   547947
  </price>
  <rating>
   4.27
  </rating>
  <reviews>
   759836
  </reviews>
  <new>
   -
  </new>
  <exclusive>
   yes
  </exclusive>
 </clothing>
</clothing-items>
