<?xml version="1.0" encoding="utf-8"?>
<clothing-items>
 <clothing>
  <id>
   705280725
  </id>
  <name>
   Puma Shirt E-9874
  </name>
  <category>
   Shirt
  </category>
  <size>
   L
  </size>
  <color>
   Голубой
  </color>
  <material>
   Хлопок
  </material>
  <price>
   271941
  </price>
  <rating>
   1.76
  </rating>
  <reviews>
   927406
  </reviews>
  <new>
   +
  </new>
  <sporty>
   no
  </sporty>
 </clothing>
 <clothing>
  <id>
   897284105
  </id>
  <name>
   New Balance Gloves T-3447
  </name>
  <category>
   Gloves
  </category>
  <size>
   S
  </size>
  <color>
   Фиолетовый
  </color>
  <material>
   Хлопок
  </material>
  <price>
   541001
  </price>
  <rating>
   1.59
  </rating>
  <reviews>
   583438
  </reviews>
  <new>
   +
  </new>
 </clothing>
 <clothing>
  <id>
   341324676
  </id>
  <name>
   Lacoste Gloves K-3420
  </name>
  <category>
   Gloves
  </category>
  <size>
   S
  </size>
  <color>
   Желтый
  </color>
  <material>
   Шелк
  </material>
  <price>
   336340
  </price>
  <rating>
   2.97
  </rating>
  <reviews>
   296590
  </reviews>
  <new>
   +
  </new>
  <exclusive>
   no
  </exclusive>
  <sporty>
   no
  </sporty>
 </clothing>
 <clothing>
  <id>
   541528899
  </id>
  <name>
   New Balance Skirt C-7464
  </name>
  <category>
   Skirt
  </category>
  <size>
   XL
  </size>
  <color>
   Оранжевый
  </color>
  <material>
   Кожа
  </material>
  <price>
   427954
  </price>
  <rating>
   4.38
  </rating>
  <reviews>
   830447
  </reviews>
  <new>
   +
  </new>
  <exclusive>
   yes
  </exclusive>
  <sporty>
   yes
  </sporty>
 </clothing>
 <clothing>
  <id>
   165661423
  </id>
  <name>
   Vans Umbrellas S-5129
  </name>
  <category>
   Umbrellas
  </category>
  <size>
   L
  </size>
  <color>
   Голубой
  </color>
  <material>
   Кожа
  </material>
  <price>
   905628
  </price>
  <rating>
   1.58
  </rating>
  <reviews>
   804665
  </reviews>
  <new>
   +
  </new>
  <exclusive>
   yes
  </exclusive>
 </clothing>
 <clothing>
  <id>
   627515296
  </id>
  <name>
   Addidas Shirt V-7347
  </name>
  <category>
   Shirt
  </category>
  <size>
   S
  </size>
  <color>
   Голубой
  </color>
  <material>
   Кожа
  </material>
  <price>
   626100
  </price>
  <rating>
   1.91
  </rating>
  <reviews>
   715418
  </reviews>
  <exclusive>
   yes
  </exclusive>
 </clothing>
 <clothing>
  <id>
   199941912
  </id>
  <name>
   Lacoste Dress D-3468
  </name>
  <category>
   Dress
  </category>
  <size>
   S
  </size>
  <color>
   Оранжевый
  </color>
  <material>
   Шерсть
  </material>
  <price>
   786060
  </price>
  <rating>
   2.15
  </rating>
  <reviews>
   797227
  </reviews>
  <new>
   -
  </new>
 </clothing>
 <clothing>
  <id>
   568535118
  </id>
  <name>
   Adidas Jeans F-8343
  </name>
  <category>
   Jeans
  </category>
  <size>
   XXL
  </size>
  <color>
   Желтый
  </color>
  <material>
   Полиэстер
  </material>
  <price>
   973206
  </price>
  <rating>
   2.15
  </rating>
  <reviews>
   264599
  </reviews>
  <new>
   -
  </new>
  <exclusive>
   yes
  </exclusive>
  <sporty>
   yes
  </sporty>
 </clothing>
 <clothing>
  <id>
   175481030
  </id>
  <name>
   Puma Umbrellas W-7122
  </name>
  <category>
   Umbrellas
  </category>
  <size>
   S
  </size>
  <color>
   Оранжевый
  </color>
  <material>
   Полиэстер
  </material>
  <price>
   697654
  </price>
  <rating>
   1.54
  </rating>
  <reviews>
   733472
  </reviews>
  <exclusive>
   no
  </exclusive>
  <sporty>
   no
  </sporty>
 </clothing>
 <clothing>
  <id>
   153177314
  </id>
  <name>
   Addidas T-shirt E-7706
  </name>
  <category>
   T-shirt
  </category>
  <size>
   L
  </size>
  <color>
   Оранжевый
  </color>
  <material>
   Лен
  </material>
  <price>
   467462
  </price>
  <rating>
   4.32
  </rating>
  <reviews>
   34582
  </reviews>
  <new>
   -
  </new>
  <exclusive>
   no
  </exclusive>
  <sporty>
   yes
  </sporty>
 </clothing>
</clothing-items>
