<?xml version="1.0" encoding="utf-8"?>
<clothing-items>
 <clothing>
  <id>
   961774131
  </id>
  <name>
   Asics Belts Z-7857
  </name>
  <category>
   Belts
  </category>
  <size>
   S
  </size>
  <color>
   Синий
  </color>
  <material>
   Шелк
  </material>
  <price>
   936126
  </price>
  <rating>
   1.28
  </rating>
  <reviews>
   992371
  </reviews>
  <new>
   -
  </new>
  <exclusive>
   no
  </exclusive>
  <sporty>
   yes
  </sporty>
 </clothing>
 <clothing>
  <id>
   271593929
  </id>
  <name>
   Ellesse Dress D-6277
  </name>
  <category>
   Dress
  </category>
  <size>
   L
  </size>
  <color>
   Красный
  </color>
  <material>
   Шелк
  </material>
  <price>
   356972
  </price>
  <rating>
   3.77
  </rating>
  <reviews>
   770464
  </reviews>
  <exclusive>
   yes
  </exclusive>
  <sporty>
   no
  </sporty>
 </clothing>
 <clothing>
  <id>
   201448433
  </id>
  <name>
   DC Blouse X-9849
  </name>
  <category>
   Blouse
  </category>
  <size>
   M
  </size>
  <color>
   Желтый
  </color>
  <material>
   Полиэстер
  </material>
  <price>
   865926
  </price>
  <rating>
   1.61
  </rating>
  <reviews>
   232440
  </reviews>
  <new>
   +
  </new>
  <exclusive>
   no
  </exclusive>
 </clothing>
 <clothing>
  <id>
   172417774
  </id>
  <name>
   Ellesse Socks I-4155
  </name>
  <category>
   Socks
  </category>
  <size>
   M
  </size>
  <color>
   Фиолетовый
  </color>
  <material>
   Кожа
  </material>
  <price>
   365284
  </price>
  <rating>
   2.72
  </rating>
  <reviews>
   747551
  </reviews>
  <new>
   -
  </new>
  <exclusive>
   no
  </exclusive>
 </clothing>
 <clothing>
  <id>
   288306628
  </id>
  <name>
   Reebok Skirt U-6177
  </name>
  <category>
   Skirt
  </category>
  <size>
   M
  </size>
  <color>
   Фиолетовый
  </color>
  <material>
   Шелк
  </material>
  <price>
   878672
  </price>
  <rating>
   1.55
  </rating>
  <reviews>
   39479
  </reviews>
  <new>
   -
  </new>
  <exclusive>
   yes
  </exclusive>
  <sporty>
   yes
  </sporty>
 </clothing>
 <clothing>
  <id>
   121864950
  </id>
  <name>
   Asics T-shirt D-8985
  </name>
  <category>
   T-shirt
  </category>
  <size>
   XXL
  </size>
  <color>
   Зеленый
  </color>
  <material>
   Кожа
  </material>
  <price>
   168923
  </price>
  <rating>
   3.35
  </rating>
  <reviews>
   585204
  </reviews>
  <new>
   +
  </new>
  <sporty>
   no
  </sporty>
 </clothing>
 <clothing>
  <id>
   805349155
  </id>
  <name>
   Nike Belts M-4574
  </name>
  <category>
   Belts
  </category>
  <size>
   S
  </size>
  <color>
   Голубой
  </color>
  <material>
   Нейлон
  </material>
  <price>
   648497
  </price>
  <rating>
   1.81
  </rating>
  <reviews>
   294169
  </reviews>
  <new>
   -
  </new>
  <exclusive>
   no
  </exclusive>
 </clothing>
 <clothing>
  <id>
   770644582
  </id>
  <name>
   Converse Sweater G-7480
  </name>
  <category>
   Sweater
  </category>
  <size>
   XL
  </size>
  <color>
   Красный
  </color>
  <material>
   Вискоза
  </material>
  <price>
   637777
  </price>
  <rating>
   2.87
  </rating>
  <reviews>
   20326
  </reviews>
  <new>
   -
  </new>
  <exclusive>
   no
  </exclusive>
  <sporty>
   no
  </sporty>
 </clothing>
 <clothing>
  <id>
   126467654
  </id>
  <name>
   Brooks Gloves N-9133
  </name>
  <category>
   Gloves
  </category>
  <size>
   L
  </size>
  <color>
   Голубой
  </color>
  <material>
   Лен
  </material>
  <price>
   756846
  </price>
  <rating>
   2.59
  </rating>
  <reviews>
   307795
  </reviews>
  <new>
   -
  </new>
  <sporty>
   no
  </sporty>
 </clothing>
 <clothing>
  <id>
   654434964
  </id>
  <name>
   Addidas Socks C-3165
  </name>
  <category>
   Socks
  </category>
  <size>
   XXL
  </size>
  <color>
   Красный
  </color>
  <material>
   Шелк
  </material>
  <price>
   286011
  </price>
  <rating>
   2.21
  </rating>
  <reviews>
   837736
  </reviews>
  <new>
   -
  </new>
  <sporty>
   no
  </sporty>
 </clothing>
 <clothing>
  <id>
   765578032
  </id>
  <name>
   Asics Gloves S-2000
  </name>
  <category>
   Gloves
  </category>
  <size>
   XXL
  </size>
  <color>
   Фиолетовый
  </color>
  <material>
   Полиэстер
  </material>
  <price>
   552026
  </price>
  <rating>
   2.07
  </rating>
  <reviews>
   512245
  </reviews>
  <new>
   +
  </new>
  <sporty>
   yes
  </sporty>
 </clothing>
 <clothing>
  <id>
   529904029
  </id>
  <name>
   Vans Shirt P-8499
  </name>
  <category>
   Shirt
  </category>
  <size>
   M
  </size>
  <color>
   Синий
  </color>
  <material>
   Вискоза
  </material>
  <price>
   442642
  </price>
  <rating>
   3.03
  </rating>
  <reviews>
   418923
  </reviews>
  <exclusive>
   no
  </exclusive>
  <sporty>
   yes
  </sporty>
 </clothing>
 <clothing>
  <id>
   648673771
  </id>
  <name>
   Reebok Handbags Q-2323
  </name>
  <category>
   Handbags
  </category>
  <size>
   S
  </size>
  <color>
   Голубой
  </color>
  <material>
   Полиэстер
  </material>
  <price>
   203636
  </price>
  <rating>
   2.09
  </rating>
  <reviews>
   517917
  </reviews>
  <exclusive>
   no
  </exclusive>
  <sporty>
   yes
  </sporty>
 </clothing>
 <clothing>
  <id>
   355854254
  </id>
  <name>
   Ellesse Umbrellas Z-8549
  </name>
  <category>
   Umbrellas
  </category>
  <size>
   L
  </size>
  <color>
   Голубой
  </color>
  <material>
   Лен
  </material>
  <price>
   669465
  </price>
  <rating>
   3.63
  </rating>
  <reviews>
   76544
  </reviews>
  <new>
   -
  </new>
  <exclusive>
   no
  </exclusive>
  <sporty>
   no
  </sporty>
 </clothing>
 <clothing>
  <id>
   205955718
  </id>
  <name>
   Brooks Gloves C-8557
  </name>
  <category>
   Gloves
  </category>
  <size>
   S
  </size>
  <color>
   Фиолетовый
  </color>
  <material>
   Нейлон
  </material>
  <price>
   886900
  </price>
  <rating>
   4.11
  </rating>
  <reviews>
   386368
  </reviews>
  <new>
   +
  </new>
 </clothing>
 <clothing>
  <id>
   610659059
  </id>
  <name>
   Under Armour Blouse V-2035
  </name>
  <category>
   Blouse
  </category>
  <size>
   XL
  </size>
  <color>
   Оранжевый
  </color>
  <material>
   Хлопок
  </material>
  <price>
   607854
  </price>
  <rating>
   1.81
  </rating>
  <reviews>
   902388
  </reviews>
  <new>
   +
  </new>
  <sporty>
   no
  </sporty>
 </clothing>
 <clothing>
  <id>
   105143258
  </id>
  <name>
   New Balance Shoes G-2600
  </name>
  <category>
   Shoes
  </category>
  <size>
   XXL
  </size>
  <color>
   Фиолетовый
  </color>
  <material>
   Хлопок
  </material>
  <price>
   538495
  </price>
  <rating>
   2.63
  </rating>
  <reviews>
   815983
  </reviews>
  <new>
   -
  </new>
  <exclusive>
   yes
  </exclusive>
 </clothing>
 <clothing>
  <id>
   502782958
  </id>
  <name>
   PleinSport Umbrellas P-5254
  </name>
  <category>
   Umbrellas
  </category>
  <size>
   XL
  </size>
  <color>
   Оранжевый
  </color>
  <material>
   Хлопок
  </material>
  <price>
   428770
  </price>
  <rating>
   2.32
  </rating>
  <reviews>
   357397
  </reviews>
  <exclusive>
   no
  </exclusive>
 </clothing>
 <clothing>
  <id>
   810679816
  </id>
  <name>
   Under Armour Belts G-5784
  </name>
  <category>
   Belts
  </category>
  <size>
   L
  </size>
  <color>
   Синий
  </color>
  <material>
   Кожа
  </material>
  <price>
   122114
  </price>
  <rating>
   2.47
  </rating>
  <reviews>
   25439
  </reviews>
  <exclusive>
   yes
  </exclusive>
  <sporty>
   no
  </sporty>
 </clothing>
 <clothing>
  <id>
   858855956
  </id>
  <name>
   Ellesse Gloves C-7311
  </name>
  <category>
   Gloves
  </category>
  <size>
   XL
  </size>
  <color>
   Красный
  </color>
  <material>
   Шелк
  </material>
  <price>
   949183
  </price>
  <rating>
   2.4
  </rating>
  <reviews>
   831952
  </reviews>
  <new>
   -
  </new>
 </clothing>
 <clothing>
  <id>
   632113664
  </id>
  <name>
   Converse Pants E-7935
  </name>
  <category>
   Pants
  </category>
  <size>
   XXL
  </size>
  <color>
   Синий
  </color>
  <material>
   Лен
  </material>
  <price>
   798100
  </price>
  <rating>
   1.55
  </rating>
  <reviews>
   238482
  </reviews>
  <exclusive>
   no
  </exclusive>
  <sporty>
   no
  </sporty>
 </clothing>
 <clothing>
  <id>
   119827311
  </id>
  <name>
   Converse Shirt F-9538
  </name>
  <category>
   Shirt
  </category>
  <size>
   L
  </size>
  <color>
   Красный
  </color>
  <material>
   Лен
  </material>
  <price>
   518642
  </price>
  <rating>
   3.12
  </rating>
  <reviews>
   86772
  </reviews>
  <exclusive>
   no
  </exclusive>
  <sporty>
   no
  </sporty>
 </clothing>
 <clothing>
  <id>
   856068756
  </id>
  <name>
   Brooks Socks R-8318
  </name>
  <category>
   Socks
  </category>
  <size>
   L
  </size>
  <color>
   Желтый
  </color>
  <material>
   Вискоза
  </material>
  <price>
   560957
  </price>
  <rating>
   3.0
  </rating>
  <reviews>
   167731
  </reviews>
  <new>
   +
  </new>
 </clothing>
 <clothing>
  <id>
   827062334
  </id>
  <name>
   Fila Socks Q-6459
  </name>
  <category>
   Socks
  </category>
  <size>
   XXL
  </size>
  <color>
   Желтый
  </color>
  <material>
   Шерсть
  </material>
  <price>
   472445
  </price>
  <rating>
   3.61
  </rating>
  <reviews>
   535204
  </reviews>
  <exclusive>
   no
  </exclusive>
 </clothing>
 <clothing>
  <id>
   981259138
  </id>
  <name>
   Fila Sweater E-7058
  </name>
  <category>
   Sweater
  </category>
  <size>
   L
  </size>
  <color>
   Желтый
  </color>
  <material>
   Нейлон
  </material>
  <price>
   386144
  </price>
  <rating>
   1.86
  </rating>
  <reviews>
   218750
  </reviews>
 </clothing>
 <clothing>
  <id>
   786675727
  </id>
  <name>
   Under Armour Jeans V-5025
  </name>
  <category>
   Jeans
  </category>
  <size>
   M
  </size>
  <color>
   Оранжевый
  </color>
  <material>
   Хлопок
  </material>
  <price>
   183992
  </price>
  <rating>
   1.19
  </rating>
  <reviews>
   561043
  </reviews>
  <exclusive>
   yes
  </exclusive>
 </clothing>
 <clothing>
  <id>
   510338829
  </id>
  <name>
   Converse Umbrellas P-5404
  </name>
  <category>
   Umbrellas
  </category>
  <size>
   XXL
  </size>
  <color>
   Желтый
  </color>
  <material>
   Хлопок
  </material>
  <price>
   255060
  </price>
  <rating>
   4.81
  </rating>
  <reviews>
   323447
  </reviews>
  <exclusive>
   yes
  </exclusive>
 </clothing>
 <clothing>
  <id>
   871097457
  </id>
  <name>
   Asics Sweater K-1471
  </name>
  <category>
   Sweater
  </category>
  <size>
   XXL
  </size>
  <color>
   Красный
  </color>
  <material>
   Кожа
  </material>
  <price>
   486102
  </price>
  <rating>
   4.99
  </rating>
  <reviews>
   618464
  </reviews>
  <new>
   +
  </new>
  <exclusive>
   yes
  </exclusive>
 </clothing>
 <clothing>
  <id>
   204654904
  </id>
  <name>
   Puma Socks A-2307
  </name>
  <category>
   Socks
  </category>
  <size>
   XL
  </size>
  <color>
   Красный
  </color>
  <material>
   Шелк
  </material>
  <price>
   389293
  </price>
  <rating>
   4.38
  </rating>
  <reviews>
   279286
  </reviews>
  <new>
   +
  </new>
  <exclusive>
   no
  </exclusive>
 </clothing>
 <clothing>
  <id>
   744015936
  </id>
  <name>
   New Balance Skirt A-9229
  </name>
  <category>
   Skirt
  </category>
  <size>
   S
  </size>
  <color>
   Зеленый
  </color>
  <material>
   Шерсть
  </material>
  <price>
   602308
  </price>
  <rating>
   1.56
  </rating>
  <reviews>
   181223
  </reviews>
  <exclusive>
   yes
  </exclusive>
  <sporty>
   no
  </sporty>
 </clothing>
 <clothing>
  <id>
   141546733
  </id>
  <name>
   Vans Blouse V-6862
  </name>
  <category>
   Blouse
  </category>
  <size>
   XL
  </size>
  <color>
   Зеленый
  </color>
  <material>
   Полиэстер
  </material>
  <price>
   965849
  </price>
  <rating>
   4.24
  </rating>
  <reviews>
   439408
  </reviews>
  <new>
   -
  </new>
  <sporty>
   yes
  </sporty>
 </clothing>
 <clothing>
  <id>
   375447681
  </id>
  <name>
   Addidas Gloves T-2806
  </name>
  <category>
   Gloves
  </category>
  <size>
   M
  </size>
  <color>
   Оранжевый
  </color>
  <material>
   Хлопок
  </material>
  <price>
   710648
  </price>
  <rating>
   2.9
  </rating>
  <reviews>
   248792
  </reviews>
  <new>
   -
  </new>
  <exclusive>
   no
  </exclusive>
 </clothing>
 <clothing>
  <id>
   236680354
  </id>
  <name>
   Lacoste Handbags W-9039
  </name>
  <category>
   Handbags
  </category>
  <size>
   L
  </size>
  <color>
   Зеленый
  </color>
  <material>
   Шелк
  </material>
  <price>
   495748
  </price>
  <rating>
   1.75
  </rating>
  <reviews>
   145001
  </reviews>
  <sporty>
   no
  </sporty>
 </clothing>
 <clothing>
  <id>
   769753033
  </id>
  <name>
   New Balance Gloves G-4289
  </name>
  <category>
   Gloves
  </category>
  <size>
   XXL
  </size>
  <color>
   Голубой
  </color>
  <material>
   Полиэстер
  </material>
  <price>
   859353
  </price>
  <rating>
   2.75
  </rating>
  <reviews>
   145741
  </reviews>
  <new>
   +
  </new>
  <exclusive>
   yes
  </exclusive>
  <sporty>
   no
  </sporty>
 </clothing>
 <clothing>
  <id>
   620687112
  </id>
  <name>
   Reebok Jeans W-7642
  </name>
  <category>
   Jeans
  </category>
  <size>
   M
  </size>
  <color>
   Красный
  </color>
  <material>
   Вискоза
  </material>
  <price>
   777592
  </price>
  <rating>
   3.44
  </rating>
  <reviews>
   855636
  </reviews>
  <new>
   +
  </new>
 </clothing>
 <clothing>
  <id>
   185542573
  </id>
  <name>
   Puma Jacket E-5477
  </name>
  <category>
   Jacket
  </category>
  <size>
   S
  </size>
  <color>
   Красный
  </color>
  <material>
   Шелк
  </material>
  <price>
   376387
  </price>
  <rating>
   2.52
  </rating>
  <reviews>
   91098
  </reviews>
  <new>
   -
  </new>
  <sporty>
   no
  </sporty>
 </clothing>
 <clothing>
  <id>
   941429838
  </id>
  <name>
   PleinSport Sweater L-8064
  </name>
  <category>
   Sweater
  </category>
  <size>
   M
  </size>
  <color>
   Фиолетовый
  </color>
  <material>
   Шелк
  </material>
  <price>
   363514
  </price>
  <rating>
   2.66
  </rating>
  <reviews>
   875404
  </reviews>
  <exclusive>
   yes
  </exclusive>
 </clothing>
 <clothing>
  <id>
   937917773
  </id>
  <name>
   Fila Shoes I-8505
  </name>
  <category>
   Shoes
  </category>
  <size>
   XXL
  </size>
  <color>
   Голубой
  </color>
  <material>
   Вискоза
  </material>
  <price>
   122142
  </price>
  <rating>
   3.03
  </rating>
  <reviews>
   705423
  </reviews>
  <exclusive>
   yes
  </exclusive>
  <sporty>
   yes
  </sporty>
 </clothing>
 <clothing>
  <id>
   550875940
  </id>
  <name>
   PleinSport Pants L-5213
  </name>
  <category>
   Pants
  </category>
  <size>
   L
  </size>
  <color>
   Фиолетовый
  </color>
  <material>
   Вискоза
  </material>
  <price>
   901709
  </price>
  <rating>
   3.88
  </rating>
  <reviews>
   278948
  </reviews>
  <new>
   +
  </new>
  <exclusive>
   no
  </exclusive>
 </clothing>
 <clothing>
  <id>
   818698572
  </id>
  <name>
   Lacoste Dress J-2107
  </name>
  <category>
   Dress
  </category>
  <size>
   M
  </size>
  <color>
   Голубой
  </color>
  <material>
   Шерсть
  </material>
  <price>
   997251
  </price>
  <rating>
   2.62
  </rating>
  <reviews>
   28269
  </reviews>
  <exclusive>
   no
  </exclusive>
 </clothing>
 <clothing>
  <id>
   178236038
  </id>
  <name>
   Lacoste Jacket K-6286
  </name>
  <category>
   Jacket
  </category>
  <size>
   M
  </size>
  <color>
   Голубой
  </color>
  <material>
   Кожа
  </material>
  <price>
   568550
  </price>
  <rating>
   2.54
  </rating>
  <reviews>
   587990
  </reviews>
  <new>
   -
  </new>
 </clothing>
 <clothing>
  <id>
   907620654
  </id>
  <name>
   Lacoste Blouse A-3742
  </name>
  <category>
   Blouse
  </category>
  <size>
   XXL
  </size>
  <color>
   Фиолетовый
  </color>
  <material>
   Кожа
  </material>
  <price>
   935190
  </price>
  <rating>
   4.71
  </rating>
  <reviews>
   581625
  </reviews>
  <exclusive>
   no
  </exclusive>
 </clothing>
 <clothing>
  <id>
   964429310
  </id>
  <name>
   PleinSport Dress F-9708
  </name>
  <category>
   Dress
  </category>
  <size>
   L
  </size>
  <color>
   Желтый
  </color>
  <material>
   Полиэстер
  </material>
  <price>
   662975
  </price>
  <rating>
   5.0
  </rating>
  <reviews>
   777471
  </reviews>
  <new>
   -
  </new>
  <exclusive>
   yes
  </exclusive>
 </clothing>
 <clothing>
  <id>
   744198636
  </id>
  <name>
   Vans Jeans Y-2445
  </name>
  <category>
   Jeans
  </category>
  <size>
   L
  </size>
  <color>
   Голубой
  </color>
  <material>
   Нейлон
  </material>
  <price>
   120321
  </price>
  <rating>
   4.28
  </rating>
  <reviews>
   489283
  </reviews>
  <exclusive>
   no
  </exclusive>
  <sporty>
   no
  </sporty>
 </clothing>
 <clothing>
  <id>
   919714623
  </id>
  <name>
   Brooks Hat Z-8770
  </name>
  <category>
   Hat
  </category>
  <size>
   XL
  </size>
  <color>
   Фиолетовый
  </color>
  <material>
   Кожа
  </material>
  <price>
   374155
  </price>
  <rating>
   1.95
  </rating>
  <reviews>
   603666
  </reviews>
  <new>
   +
  </new>
 </clothing>
 <clothing>
  <id>
   794041360
  </id>
  <name>
   PleinSport Dress Z-5351
  </name>
  <category>
   Dress
  </category>
  <size>
   L
  </size>
  <color>
   Фиолетовый
  </color>
  <material>
   Нейлон
  </material>
  <price>
   734213
  </price>
  <rating>
   3.49
  </rating>
  <reviews>
   600966
  </reviews>
  <new>
   +
  </new>
  <exclusive>
   yes
  </exclusive>
  <sporty>
   no
  </sporty>
 </clothing>
 <clothing>
  <id>
   312600105
  </id>
  <name>
   Converse Blouse I-6986
  </name>
  <category>
   Blouse
  </category>
  <size>
   M
  </size>
  <color>
   Голубой
  </color>
  <material>
   Кожа
  </material>
  <price>
   401409
  </price>
  <rating>
   2.96
  </rating>
  <reviews>
   907393
  </reviews>
  <new>
   +
  </new>
  <sporty>
   no
  </sporty>
 </clothing>
 <clothing>
  <id>
   473368910
  </id>
  <name>
   Puma Jacket O-4857
  </name>
  <category>
   Jacket
  </category>
  <size>
   M
  </size>
  <color>
   Красный
  </color>
  <material>
   Полиэстер
  </material>
  <price>
   809736
  </price>
  <rating>
   2.18
  </rating>
  <reviews>
   182768
  </reviews>
  <new>
   -
  </new>
  <sporty>
   no
  </sporty>
 </clothing>
 <clothing>
  <id>
   742397165
  </id>
  <name>
   New Balance Shoes P-6082
  </name>
  <category>
   Shoes
  </category>
  <size>
   XL
  </size>
  <color>
   Желтый
  </color>
  <material>
   Полиэстер
  </material>
  <price>
   147031
  </price>
  <rating>
   3.03
  </rating>
  <reviews>
   158422
  </reviews>
  <exclusive>
   yes
  </exclusive>
  <sporty>
   yes
  </sporty>
 </clothing>
</clothing-items>
