<?xml version="1.0" encoding="utf-8"?>
<clothing-items>
 <clothing>
  <id>
   982803115
  </id>
  <name>
   PleinSport Dress I-2613
  </name>
  <category>
   Dress
  </category>
  <size>
   XL
  </size>
  <color>
   Фиолетовый
  </color>
  <material>
   Шелк
  </material>
  <price>
   123311
  </price>
  <rating>
   4.68
  </rating>
  <reviews>
   64352
  </reviews>
  <new>
   -
  </new>
  <exclusive>
   no
  </exclusive>
 </clothing>
 <clothing>
  <id>
   791096458
  </id>
  <name>
   New Balance Hat W-8827
  </name>
  <category>
   Hat
  </category>
  <size>
   L
  </size>
  <color>
   Оранжевый
  </color>
  <material>
   Шерсть
  </material>
  <price>
   706474
  </price>
  <rating>
   4.29
  </rating>
  <reviews>
   353551
  </reviews>
  <new>
   -
  </new>
  <exclusive>
   yes
  </exclusive>
  <sporty>
   no
  </sporty>
 </clothing>
 <clothing>
  <id>
   534553008
  </id>
  <name>
   Fila Belts J-1130
  </name>
  <category>
   Belts
  </category>
  <size>
   M
  </size>
  <color>
   Голубой
  </color>
  <material>
   Шерсть
  </material>
  <price>
   616471
  </price>
  <rating>
   2.21
  </rating>
  <reviews>
   22576
  </reviews>
  <new>
   +
  </new>
 </clothing>
 <clothing>
  <id>
   580863062
  </id>
  <name>
   Addidas Shirt X-2703
  </name>
  <category>
   Shirt
  </category>
  <size>
   S
  </size>
  <color>
   Голубой
  </color>
  <material>
   Хлопок
  </material>
  <price>
   145823
  </price>
  <rating>
   1.21
  </rating>
  <reviews>
   364887
  </reviews>
  <new>
   -
  </new>
  <exclusive>
   no
  </exclusive>
  <sporty>
   yes
  </sporty>
 </clothing>
 <clothing>
  <id>
   992044234
  </id>
  <name>
   Reebok Umbrellas V-2250
  </name>
  <category>
   Umbrellas
  </category>
  <size>
   S
  </size>
  <color>
   Оранжевый
  </color>
  <material>
   Хлопок
  </material>
  <price>
   692109
  </price>
  <rating>
   1.59
  </rating>
  <reviews>
   770349
  </reviews>
  <new>
   -
  </new>
  <sporty>
   no
  </sporty>
 </clothing>
 <clothing>
  <id>
   776675248
  </id>
  <name>
   Ellesse Socks U-4647
  </name>
  <category>
   Socks
  </category>
  <size>
   M
  </size>
  <color>
   Синий
  </color>
  <material>
   Кожа
  </material>
  <price>
   342059
  </price>
  <rating>
   4.08
  </rating>
  <reviews>
   668063
  </reviews>
 </clothing>
 <clothing>
  <id>
   662717978
  </id>
  <name>
   Nike Umbrellas E-4602
  </name>
  <category>
   Umbrellas
  </category>
  <size>
   XXL
  </size>
  <color>
   Синий
  </color>
  <material>
   Лен
  </material>
  <price>
   776627
  </price>
  <rating>
   3.66
  </rating>
  <reviews>
   386995
  </reviews>
  <new>
   +
  </new>
  <exclusive>
   yes
  </exclusive>
  <sporty>
   no
  </sporty>
 </clothing>
 <clothing>
  <id>
   972462570
  </id>
  <name>
   Under Armour T-shirt Q-8222
  </name>
  <category>
   T-shirt
  </category>
  <size>
   S
  </size>
  <color>
   Фиолетовый
  </color>
  <material>
   Полиэстер
  </material>
  <price>
   273576
  </price>
  <rating>
   4.25
  </rating>
  <reviews>
   304321
  </reviews>
  <exclusive>
   no
  </exclusive>
  <sporty>
   no
  </sporty>
 </clothing>
 <clothing>
  <id>
   413168993
  </id>
  <name>
   Nike Skirt G-2913
  </name>
  <category>
   Skirt
  </category>
  <size>
   L
  </size>
  <color>
   Зеленый
  </color>
  <material>
   Полиэстер
  </material>
  <price>
   564318
  </price>
  <rating>
   1.9
  </rating>
  <reviews>
   439124
  </reviews>
  <new>
   -
  </new>
  <exclusive>
   no
  </exclusive>
 </clothing>
 <clothing>
  <id>
   223381043
  </id>
  <name>
   DC Blouse B-7553
  </name>
  <category>
   Blouse
  </category>
  <size>
   XXL
  </size>
  <color>
   Синий
  </color>
  <material>
   Шелк
  </material>
  <price>
   865697
  </price>
  <rating>
   4.17
  </rating>
  <reviews>
   24386
  </reviews>
  <new>
   -
  </new>
 </clothing>
 <clothing>
  <id>
   569993764
  </id>
  <name>
   Addidas Pants A-7101
  </name>
  <category>
   Pants
  </category>
  <size>
   XXL
  </size>
  <color>
   Синий
  </color>
  <material>
   Лен
  </material>
  <price>
   987832
  </price>
  <rating>
   3.77
  </rating>
  <reviews>
   297810
  </reviews>
  <sporty>
   no
  </sporty>
 </clothing>
 <clothing>
  <id>
   883821298
  </id>
  <name>
   Nike Gloves H-8736
  </name>
  <category>
   Gloves
  </category>
  <size>
   XL
  </size>
  <color>
   Оранжевый
  </color>
  <material>
   Шелк
  </material>
  <price>
   729431
  </price>
  <rating>
   3.7
  </rating>
  <reviews>
   654762
  </reviews>
  <new>
   -
  </new>
  <exclusive>
   yes
  </exclusive>
  <sporty>
   no
  </sporty>
 </clothing>
 <clothing>
  <id>
   312301279
  </id>
  <name>
   Vans Skirt R-1747
  </name>
  <category>
   Skirt
  </category>
  <size>
   XL
  </size>
  <color>
   Синий
  </color>
  <material>
   Лен
  </material>
  <price>
   728897
  </price>
  <rating>
   3.39
  </rating>
  <reviews>
   642451
  </reviews>
  <new>
   -
  </new>
  <exclusive>
   yes
  </exclusive>
 </clothing>
</clothing-items>
