<?xml version="1.0" encoding="utf-8"?>
<clothing-items>
 <clothing>
  <id>
   516214796
  </id>
  <name>
   Converse T-shirt D-7890
  </name>
  <category>
   T-shirt
  </category>
  <size>
   L
  </size>
  <color>
   Красный
  </color>
  <material>
   Шелк
  </material>
  <price>
   983782
  </price>
  <rating>
   2.43
  </rating>
  <reviews>
   430283
  </reviews>
  <sporty>
   no
  </sporty>
 </clothing>
 <clothing>
  <id>
   983305940
  </id>
  <name>
   Ellesse Shoes J-7584
  </name>
  <category>
   Shoes
  </category>
  <size>
   L
  </size>
  <color>
   Голубой
  </color>
  <material>
   Шелк
  </material>
  <price>
   601618
  </price>
  <rating>
   4.16
  </rating>
  <reviews>
   933113
  </reviews>
  <exclusive>
   no
  </exclusive>
  <sporty>
   yes
  </sporty>
 </clothing>
 <clothing>
  <id>
   597045538
  </id>
  <name>
   Asics Socks V-1386
  </name>
  <category>
   Socks
  </category>
  <size>
   XXL
  </size>
  <color>
   Фиолетовый
  </color>
  <material>
   Вискоза
  </material>
  <price>
   737095
  </price>
  <rating>
   2.77
  </rating>
  <reviews>
   736758
  </reviews>
  <new>
   +
  </new>
  <sporty>
   no
  </sporty>
 </clothing>
 <clothing>
  <id>
   917991510
  </id>
  <name>
   Brooks Gloves J-2763
  </name>
  <category>
   Gloves
  </category>
  <size>
   XXL
  </size>
  <color>
   Голубой
  </color>
  <material>
   Лен
  </material>
  <price>
   185503
  </price>
  <rating>
   2.98
  </rating>
  <reviews>
   529063
  </reviews>
  <exclusive>
   yes
  </exclusive>
 </clothing>
 <clothing>
  <id>
   708468424
  </id>
  <name>
   DC Gloves G-8160
  </name>
  <category>
   Gloves
  </category>
  <size>
   M
  </size>
  <color>
   Желтый
  </color>
  <material>
   Хлопок
  </material>
  <price>
   282057
  </price>
  <rating>
   3.77
  </rating>
  <reviews>
   849638
  </reviews>
  <exclusive>
   no
  </exclusive>
 </clothing>
 <clothing>
  <id>
   674152718
  </id>
  <name>
   New Balance Gloves P-8825
  </name>
  <category>
   Gloves
  </category>
  <size>
   XXL
  </size>
  <color>
   Зеленый
  </color>
  <material>
   Полиэстер
  </material>
  <price>
   844844
  </price>
  <rating>
   3.76
  </rating>
  <reviews>
   106080
  </reviews>
 </clothing>
 <clothing>
  <id>
   958602404
  </id>
  <name>
   Under Armour Shirt N-4863
  </name>
  <category>
   Shirt
  </category>
  <size>
   S
  </size>
  <color>
   Фиолетовый
  </color>
  <material>
   Полиэстер
  </material>
  <price>
   812387
  </price>
  <rating>
   2.05
  </rating>
  <reviews>
   313762
  </reviews>
  <new>
   -
  </new>
  <exclusive>
   no
  </exclusive>
 </clothing>
 <clothing>
  <id>
   881526717
  </id>
  <name>
   PleinSport Shirt S-6702
  </name>
  <category>
   Shirt
  </category>
  <size>
   XXL
  </size>
  <color>
   Красный
  </color>
  <material>
   Шерсть
  </material>
  <price>
   900222
  </price>
  <rating>
   1.39
  </rating>
  <reviews>
   209894
  </reviews>
  <exclusive>
   yes
  </exclusive>
  <sporty>
   yes
  </sporty>
 </clothing>
 <clothing>
  <id>
   789757567
  </id>
  <name>
   Fila Hat G-9023
  </name>
  <category>
   Hat
  </category>
  <size>
   L
  </size>
  <color>
   Фиолетовый
  </color>
  <material>
   Лен
  </material>
  <price>
   265314
  </price>
  <rating>
   1.23
  </rating>
  <reviews>
   879476
  </reviews>
  <new>
   +
  </new>
  <exclusive>
   no
  </exclusive>
 </clothing>
 <clothing>
  <id>
   945186423
  </id>
  <name>
   DC Gloves L-4125
  </name>
  <category>
   Gloves
  </category>
  <size>
   S
  </size>
  <color>
   Зеленый
  </color>
  <material>
   Полиэстер
  </material>
  <price>
   710634
  </price>
  <rating>
   4.59
  </rating>
  <reviews>
   962033
  </reviews>
  <new>
   -
  </new>
  <exclusive>
   yes
  </exclusive>
  <sporty>
   yes
  </sporty>
 </clothing>
 <clothing>
  <id>
   990290625
  </id>
  <name>
   Under Armour Handbags W-2405
  </name>
  <category>
   Handbags
  </category>
  <size>
   L
  </size>
  <color>
   Голубой
  </color>
  <material>
   Нейлон
  </material>
  <price>
   237240
  </price>
  <rating>
   4.41
  </rating>
  <reviews>
   629083
  </reviews>
  <exclusive>
   no
  </exclusive>
 </clothing>
</clothing-items>
