<?xml version="1.0" encoding="utf-8"?>
<clothing-items>
 <clothing>
  <id>
   786260973
  </id>
  <name>
   New Balance Socks M-3743
  </name>
  <category>
   Socks
  </category>
  <size>
   L
  </size>
  <color>
   Синий
  </color>
  <material>
   Полиэстер
  </material>
  <price>
   319789
  </price>
  <rating>
   1.46
  </rating>
  <reviews>
   946291
  </reviews>
  <new>
   +
  </new>
  <exclusive>
   yes
  </exclusive>
  <sporty>
   no
  </sporty>
 </clothing>
 <clothing>
  <id>
   370527524
  </id>
  <name>
   PleinSport Handbags K-5842
  </name>
  <category>
   Handbags
  </category>
  <size>
   L
  </size>
  <color>
   Зеленый
  </color>
  <material>
   Лен
  </material>
  <price>
   296332
  </price>
  <rating>
   4.3
  </rating>
  <reviews>
   621059
  </reviews>
  <exclusive>
   yes
  </exclusive>
 </clothing>
 <clothing>
  <id>
   645678057
  </id>
  <name>
   Converse Handbags B-4879
  </name>
  <category>
   Handbags
  </category>
  <size>
   XL
  </size>
  <color>
   Оранжевый
  </color>
  <material>
   Кожа
  </material>
  <price>
   640444
  </price>
  <rating>
   3.43
  </rating>
  <reviews>
   422345
  </reviews>
  <sporty>
   no
  </sporty>
 </clothing>
 <clothing>
  <id>
   563677904
  </id>
  <name>
   Addidas Sweater F-5423
  </name>
  <category>
   Sweater
  </category>
  <size>
   M
  </size>
  <color>
   Фиолетовый
  </color>
  <material>
   Шелк
  </material>
  <price>
   401828
  </price>
  <rating>
   2.5
  </rating>
  <reviews>
   465498
  </reviews>
  <exclusive>
   yes
  </exclusive>
 </clothing>
 <clothing>
  <id>
   453907994
  </id>
  <name>
   Ellesse Jeans X-8488
  </name>
  <category>
   Jeans
  </category>
  <size>
   S
  </size>
  <color>
   Синий
  </color>
  <material>
   Нейлон
  </material>
  <price>
   877091
  </price>
  <rating>
   4.72
  </rating>
  <reviews>
   316054
  </reviews>
  <exclusive>
   yes
  </exclusive>
 </clothing>
 <clothing>
  <id>
   645910948
  </id>
  <name>
   Brooks Shirt U-4834
  </name>
  <category>
   Shirt
  </category>
  <size>
   XL
  </size>
  <color>
   Оранжевый
  </color>
  <material>
   Хлопок
  </material>
  <price>
   426055
  </price>
  <rating>
   3.42
  </rating>
  <reviews>
   943332
  </reviews>
  <new>
   +
  </new>
  <exclusive>
   no
  </exclusive>
  <sporty>
   no
  </sporty>
 </clothing>
 <clothing>
  <id>
   679926664
  </id>
  <name>
   Under Armour Hat J-8221
  </name>
  <category>
   Hat
  </category>
  <size>
   S
  </size>
  <color>
   Голубой
  </color>
  <material>
   Лен
  </material>
  <price>
   131381
  </price>
  <rating>
   3.65
  </rating>
  <reviews>
   295834
  </reviews>
  <new>
   -
  </new>
  <exclusive>
   no
  </exclusive>
 </clothing>
 <clothing>
  <id>
   830343449
  </id>
  <name>
   PleinSport Belts P-6736
  </name>
  <category>
   Belts
  </category>
  <size>
   XXL
  </size>
  <color>
   Зеленый
  </color>
  <material>
   Лен
  </material>
  <price>
   224821
  </price>
  <rating>
   3.8
  </rating>
  <reviews>
   905483
  </reviews>
  <new>
   -
  </new>
  <sporty>
   no
  </sporty>
 </clothing>
 <clothing>
  <id>
   393469381
  </id>
  <name>
   Brooks Sweater X-3035
  </name>
  <category>
   Sweater
  </category>
  <size>
   XXL
  </size>
  <color>
   Оранжевый
  </color>
  <material>
   Шелк
  </material>
  <price>
   930850
  </price>
  <rating>
   4.45
  </rating>
  <reviews>
   314656
  </reviews>
  <new>
   +
  </new>
  <exclusive>
   yes
  </exclusive>
  <sporty>
   yes
  </sporty>
 </clothing>
 <clothing>
  <id>
   881358297
  </id>
  <name>
   Adidas Umbrellas V-9901
  </name>
  <category>
   Umbrellas
  </category>
  <size>
   XL
  </size>
  <color>
   Оранжевый
  </color>
  <material>
   Нейлон
  </material>
  <price>
   998633
  </price>
  <rating>
   3.68
  </rating>
  <reviews>
   495696
  </reviews>
  <sporty>
   no
  </sporty>
 </clothing>
 <clothing>
  <id>
   863642629
  </id>
  <name>
   Ellesse Shoes X-8824
  </name>
  <category>
   Shoes
  </category>
  <size>
   L
  </size>
  <color>
   Зеленый
  </color>
  <material>
   Нейлон
  </material>
  <price>
   864355
  </price>
  <rating>
   4.1
  </rating>
  <reviews>
   847119
  </reviews>
  <new>
   +
  </new>
  <exclusive>
   no
  </exclusive>
 </clothing>
 <clothing>
  <id>
   813321244
  </id>
  <name>
   Puma Pants I-6980
  </name>
  <category>
   Pants
  </category>
  <size>
   M
  </size>
  <color>
   Фиолетовый
  </color>
  <material>
   Нейлон
  </material>
  <price>
   905991
  </price>
  <rating>
   4.67
  </rating>
  <reviews>
   651994
  </reviews>
  <new>
   +
  </new>
  <exclusive>
   yes
  </exclusive>
  <sporty>
   yes
  </sporty>
 </clothing>
 <clothing>
  <id>
   197145388
  </id>
  <name>
   Brooks Sweater K-2688
  </name>
  <category>
   Sweater
  </category>
  <size>
   XXL
  </size>
  <color>
   Оранжевый
  </color>
  <material>
   Хлопок
  </material>
  <price>
   258643
  </price>
  <rating>
   2.67
  </rating>
  <reviews>
   292725
  </reviews>
  <new>
   +
  </new>
  <exclusive>
   no
  </exclusive>
 </clothing>
 <clothing>
  <id>
   515392744
  </id>
  <name>
   Adidas Shoes S-6337
  </name>
  <category>
   Shoes
  </category>
  <size>
   XL
  </size>
  <color>
   Оранжевый
  </color>
  <material>
   Полиэстер
  </material>
  <price>
   710196
  </price>
  <rating>
   3.44
  </rating>
  <reviews>
   610292
  </reviews>
  <new>
   -
  </new>
  <exclusive>
   no
  </exclusive>
  <sporty>
   no
  </sporty>
 </clothing>
 <clothing>
  <id>
   551698364
  </id>
  <name>
   Nike Socks W-6231
  </name>
  <category>
   Socks
  </category>
  <size>
   M
  </size>
  <color>
   Оранжевый
  </color>
  <material>
   Кожа
  </material>
  <price>
   217918
  </price>
  <rating>
   1.11
  </rating>
  <reviews>
   905904
  </reviews>
  <new>
   -
  </new>
  <exclusive>
   no
  </exclusive>
  <sporty>
   yes
  </sporty>
 </clothing>
 <clothing>
  <id>
   568493890
  </id>
  <name>
   Fila Umbrellas D-4589
  </name>
  <category>
   Umbrellas
  </category>
  <size>
   M
  </size>
  <color>
   Зеленый
  </color>
  <material>
   Хлопок
  </material>
  <price>
   381721
  </price>
  <rating>
   1.48
  </rating>
  <reviews>
   89529
  </reviews>
  <new>
   +
  </new>
  <sporty>
   no
  </sporty>
 </clothing>
 <clothing>
  <id>
   825581735
  </id>
  <name>
   PleinSport Gloves F-6117
  </name>
  <category>
   Gloves
  </category>
  <size>
   S
  </size>
  <color>
   Зеленый
  </color>
  <material>
   Кожа
  </material>
  <price>
   129505
  </price>
  <rating>
   1.26
  </rating>
  <reviews>
   944883
  </reviews>
  <new>
   +
  </new>
  <exclusive>
   no
  </exclusive>
  <sporty>
   yes
  </sporty>
 </clothing>
 <clothing>
  <id>
   549204019
  </id>
  <name>
   Fila T-shirt C-7455
  </name>
  <category>
   T-shirt
  </category>
  <size>
   L
  </size>
  <color>
   Желтый
  </color>
  <material>
   Лен
  </material>
  <price>
   236695
  </price>
  <rating>
   3.79
  </rating>
  <reviews>
   727901
  </reviews>
  <new>
   -
  </new>
  <exclusive>
   no
  </exclusive>
  <sporty>
   no
  </sporty>
 </clothing>
 <clothing>
  <id>
   227868744
  </id>
  <name>
   Converse Socks L-1676
  </name>
  <category>
   Socks
  </category>
  <size>
   XL
  </size>
  <color>
   Зеленый
  </color>
  <material>
   Вискоза
  </material>
  <price>
   536344
  </price>
  <rating>
   2.88
  </rating>
  <reviews>
   148063
  </reviews>
  <new>
   -
  </new>
  <exclusive>
   yes
  </exclusive>
  <sporty>
   yes
  </sporty>
 </clothing>
 <clothing>
  <id>
   403929325
  </id>
  <name>
   Converse Blouse A-8153
  </name>
  <category>
   Blouse
  </category>
  <size>
   XXL
  </size>
  <color>
   Оранжевый
  </color>
  <material>
   Полиэстер
  </material>
  <price>
   925313
  </price>
  <rating>
   2.5
  </rating>
  <reviews>
   964152
  </reviews>
  <new>
   +
  </new>
 </clothing>
 <clothing>
  <id>
   762842053
  </id>
  <name>
   Converse Blouse K-7815
  </name>
  <category>
   Blouse
  </category>
  <size>
   XL
  </size>
  <color>
   Фиолетовый
  </color>
  <material>
   Кожа
  </material>
  <price>
   824235
  </price>
  <rating>
   2.93
  </rating>
  <reviews>
   428663
  </reviews>
  <new>
   +
  </new>
  <exclusive>
   yes
  </exclusive>
  <sporty>
   no
  </sporty>
 </clothing>
 <clothing>
  <id>
   289212023
  </id>
  <name>
   Adidas Jeans L-5281
  </name>
  <category>
   Jeans
  </category>
  <size>
   XXL
  </size>
  <color>
   Фиолетовый
  </color>
  <material>
   Нейлон
  </material>
  <price>
   923607
  </price>
  <rating>
   4.88
  </rating>
  <reviews>
   944929
  </reviews>
  <new>
   -
  </new>
  <sporty>
   yes
  </sporty>
 </clothing>
 <clothing>
  <id>
   442981722
  </id>
  <name>
   Puma Belts U-9759
  </name>
  <category>
   Belts
  </category>
  <size>
   S
  </size>
  <color>
   Желтый
  </color>
  <material>
   Шерсть
  </material>
  <price>
   963079
  </price>
  <rating>
   2.62
  </rating>
  <reviews>
   394475
  </reviews>
  <exclusive>
   no
  </exclusive>
  <sporty>
   no
  </sporty>
 </clothing>
 <clothing>
  <id>
   584269585
  </id>
  <name>
   DC T-shirt H-5014
  </name>
  <category>
   T-shirt
  </category>
  <size>
   L
  </size>
  <color>
   Синий
  </color>
  <material>
   Шерсть
  </material>
  <price>
   589523
  </price>
  <rating>
   1.13
  </rating>
  <reviews>
   689777
  </reviews>
  <new>
   +
  </new>
 </clothing>
 <clothing>
  <id>
   594402316
  </id>
  <name>
   Nike Sweater G-1745
  </name>
  <category>
   Sweater
  </category>
  <size>
   L
  </size>
  <color>
   Красный
  </color>
  <material>
   Шелк
  </material>
  <price>
   358044
  </price>
  <rating>
   3.73
  </rating>
  <reviews>
   315093
  </reviews>
  <new>
   -
  </new>
  <sporty>
   yes
  </sporty>
 </clothing>
 <clothing>
  <id>
   676898653
  </id>
  <name>
   Ellesse Pants Z-9854
  </name>
  <category>
   Pants
  </category>
  <size>
   XL
  </size>
  <color>
   Желтый
  </color>
  <material>
   Шерсть
  </material>
  <price>
   705804
  </price>
  <rating>
   3.83
  </rating>
  <reviews>
   263747
  </reviews>
  <new>
   +
  </new>
  <exclusive>
   no
  </exclusive>
  <sporty>
   yes
  </sporty>
 </clothing>
 <clothing>
  <id>
   725396153
  </id>
  <name>
   Addidas Shirt S-2867
  </name>
  <category>
   Shirt
  </category>
  <size>
   S
  </size>
  <color>
   Голубой
  </color>
  <material>
   Полиэстер
  </material>
  <price>
   446857
  </price>
  <rating>
   4.91
  </rating>
  <reviews>
   28737
  </reviews>
  <new>
   +
  </new>
  <exclusive>
   yes
  </exclusive>
  <sporty>
   no
  </sporty>
 </clothing>
 <clothing>
  <id>
   502511752
  </id>
  <name>
   Fila Umbrellas D-4493
  </name>
  <category>
   Umbrellas
  </category>
  <size>
   L
  </size>
  <color>
   Оранжевый
  </color>
  <material>
   Шерсть
  </material>
  <price>
   699045
  </price>
  <rating>
   2.87
  </rating>
  <reviews>
   30158
  </reviews>
  <new>
   -
  </new>
  <exclusive>
   no
  </exclusive>
 </clothing>
 <clothing>
  <id>
   253663656
  </id>
  <name>
   PleinSport Handbags K-7109
  </name>
  <category>
   Handbags
  </category>
  <size>
   L
  </size>
  <color>
   Красный
  </color>
  <material>
   Вискоза
  </material>
  <price>
   718759
  </price>
  <rating>
   2.35
  </rating>
  <reviews>
   110560
  </reviews>
  <new>
   +
  </new>
  <exclusive>
   yes
  </exclusive>
 </clothing>
 <clothing>
  <id>
   186790687
  </id>
  <name>
   Fila Handbags O-9737
  </name>
  <category>
   Handbags
  </category>
  <size>
   XXL
  </size>
  <color>
   Красный
  </color>
  <material>
   Вискоза
  </material>
  <price>
   904011
  </price>
  <rating>
   4.53
  </rating>
  <reviews>
   360413
  </reviews>
  <exclusive>
   no
  </exclusive>
  <sporty>
   no
  </sporty>
 </clothing>
 <clothing>
  <id>
   426878551
  </id>
  <name>
   Under Armour Socks R-4103
  </name>
  <category>
   Socks
  </category>
  <size>
   XXL
  </size>
  <color>
   Голубой
  </color>
  <material>
   Кожа
  </material>
  <price>
   418049
  </price>
  <rating>
   3.66
  </rating>
  <reviews>
   731661
  </reviews>
  <exclusive>
   yes
  </exclusive>
 </clothing>
 <clothing>
  <id>
   613876752
  </id>
  <name>
   Ellesse Dress R-6975
  </name>
  <category>
   Dress
  </category>
  <size>
   XL
  </size>
  <color>
   Оранжевый
  </color>
  <material>
   Шелк
  </material>
  <price>
   849015
  </price>
  <rating>
   3.22
  </rating>
  <reviews>
   795568
  </reviews>
  <new>
   +
  </new>
  <exclusive>
   yes
  </exclusive>
  <sporty>
   no
  </sporty>
 </clothing>
 <clothing>
  <id>
   200296992
  </id>
  <name>
   Under Armour Umbrellas B-9974
  </name>
  <category>
   Umbrellas
  </category>
  <size>
   M
  </size>
  <color>
   Желтый
  </color>
  <material>
   Хлопок
  </material>
  <price>
   168339
  </price>
  <rating>
   1.58
  </rating>
  <reviews>
   440637
  </reviews>
  <new>
   -
  </new>
  <sporty>
   yes
  </sporty>
 </clothing>
 <clothing>
  <id>
   244617177
  </id>
  <name>
   Adidas Sweater O-7864
  </name>
  <category>
   Sweater
  </category>
  <size>
   S
  </size>
  <color>
   Синий
  </color>
  <material>
   Хлопок
  </material>
  <price>
   489532
  </price>
  <rating>
   4.15
  </rating>
  <reviews>
   796245
  </reviews>
  <sporty>
   yes
  </sporty>
 </clothing>
 <clothing>
  <id>
   652396519
  </id>
  <name>
   Brooks Socks J-4423
  </name>
  <category>
   Socks
  </category>
  <size>
   XL
  </size>
  <color>
   Оранжевый
  </color>
  <material>
   Шерсть
  </material>
  <price>
   865790
  </price>
  <rating>
   1.88
  </rating>
  <reviews>
   799421
  </reviews>
  <new>
   -
  </new>
 </clothing>
 <clothing>
  <id>
   548597355
  </id>
  <name>
   Lacoste Skirt T-1870
  </name>
  <category>
   Skirt
  </category>
  <size>
   XXL
  </size>
  <color>
   Оранжевый
  </color>
  <material>
   Полиэстер
  </material>
  <price>
   966989
  </price>
  <rating>
   2.32
  </rating>
  <reviews>
   853594
  </reviews>
  <sporty>
   no
  </sporty>
 </clothing>
 <clothing>
  <id>
   525021847
  </id>
  <name>
   Puma Pants L-3853
  </name>
  <category>
   Pants
  </category>
  <size>
   XXL
  </size>
  <color>
   Желтый
  </color>
  <material>
   Вискоза
  </material>
  <price>
   192718
  </price>
  <rating>
   2.54
  </rating>
  <reviews>
   639629
  </reviews>
  <sporty>
   yes
  </sporty>
 </clothing>
 <clothing>
  <id>
   863308074
  </id>
  <name>
   Addidas Skirt Y-4948
  </name>
  <category>
   Skirt
  </category>
  <size>
   XXL
  </size>
  <color>
   Голубой
  </color>
  <material>
   Лен
  </material>
  <price>
   207847
  </price>
  <rating>
   1.38
  </rating>
  <reviews>
   215622
  </reviews>
  <new>
   +
  </new>
  <sporty>
   no
  </sporty>
 </clothing>
 <clothing>
  <id>
   169275168
  </id>
  <name>
   Lacoste Gloves F-4603
  </name>
  <category>
   Gloves
  </category>
  <size>
   M
  </size>
  <color>
   Оранжевый
  </color>
  <material>
   Кожа
  </material>
  <price>
   486482
  </price>
  <rating>
   1.03
  </rating>
  <reviews>
   111689
  </reviews>
  <new>
   +
  </new>
  <sporty>
   no
  </sporty>
 </clothing>
 <clothing>
  <id>
   633306019
  </id>
  <name>
   Lacoste Gloves W-7649
  </name>
  <category>
   Gloves
  </category>
  <size>
   M
  </size>
  <color>
   Оранжевый
  </color>
  <material>
   Кожа
  </material>
  <price>
   556108
  </price>
  <rating>
   4.53
  </rating>
  <reviews>
   922441
  </reviews>
  <new>
   +
  </new>
  <sporty>
   no
  </sporty>
 </clothing>
 <clothing>
  <id>
   860256330
  </id>
  <name>
   Lacoste Blouse V-2964
  </name>
  <category>
   Blouse
  </category>
  <size>
   XL
  </size>
  <color>
   Красный
  </color>
  <material>
   Кожа
  </material>
  <price>
   531564
  </price>
  <rating>
   2.34
  </rating>
  <reviews>
   547431
  </reviews>
  <new>
   -
  </new>
  <exclusive>
   no
  </exclusive>
  <sporty>
   no
  </sporty>
 </clothing>
 <clothing>
  <id>
   935996131
  </id>
  <name>
   Adidas Gloves H-8533
  </name>
  <category>
   Gloves
  </category>
  <size>
   L
  </size>
  <color>
   Зеленый
  </color>
  <material>
   Хлопок
  </material>
  <price>
   798879
  </price>
  <rating>
   1.48
  </rating>
  <reviews>
   889645
  </reviews>
  <new>
   -
  </new>
 </clothing>
 <clothing>
  <id>
   525072488
  </id>
  <name>
   Converse Jeans A-5552
  </name>
  <category>
   Jeans
  </category>
  <size>
   S
  </size>
  <color>
   Желтый
  </color>
  <material>
   Шерсть
  </material>
  <price>
   159666
  </price>
  <rating>
   4.81
  </rating>
  <reviews>
   587661
  </reviews>
  <new>
   +
  </new>
  <exclusive>
   yes
  </exclusive>
  <sporty>
   no
  </sporty>
 </clothing>
 <clothing>
  <id>
   981662074
  </id>
  <name>
   Vans Jacket S-5697
  </name>
  <category>
   Jacket
  </category>
  <size>
   S
  </size>
  <color>
   Фиолетовый
  </color>
  <material>
   Лен
  </material>
  <price>
   322142
  </price>
  <rating>
   2.66
  </rating>
  <reviews>
   301291
  </reviews>
  <new>
   -
  </new>
  <exclusive>
   no
  </exclusive>
  <sporty>
   no
  </sporty>
 </clothing>
 <clothing>
  <id>
   599911047
  </id>
  <name>
   PleinSport Jeans W-1508
  </name>
  <category>
   Jeans
  </category>
  <size>
   XL
  </size>
  <color>
   Красный
  </color>
  <material>
   Шелк
  </material>
  <price>
   403766
  </price>
  <rating>
   2.65
  </rating>
  <reviews>
   69204
  </reviews>
  <new>
   +
  </new>
  <sporty>
   no
  </sporty>
 </clothing>
</clothing-items>
