<?xml version="1.0" encoding="utf-8"?>
<clothing-items>
 <clothing>
  <id>
   871626839
  </id>
  <name>
   Ellesse Gloves S-2516
  </name>
  <category>
   Gloves
  </category>
  <size>
   S
  </size>
  <color>
   Синий
  </color>
  <material>
   Хлопок
  </material>
  <price>
   912708
  </price>
  <rating>
   1.51
  </rating>
  <reviews>
   931933
  </reviews>
  <new>
   -
  </new>
  <sporty>
   yes
  </sporty>
 </clothing>
 <clothing>
  <id>
   498468628
  </id>
  <name>
   DC Belts J-3552
  </name>
  <category>
   Belts
  </category>
  <size>
   XL
  </size>
  <color>
   Зеленый
  </color>
  <material>
   Лен
  </material>
  <price>
   935616
  </price>
  <rating>
   3.6
  </rating>
  <reviews>
   225011
  </reviews>
  <new>
   -
  </new>
  <exclusive>
   no
  </exclusive>
 </clothing>
 <clothing>
  <id>
   328328693
  </id>
  <name>
   New Balance Skirt Y-4296
  </name>
  <category>
   Skirt
  </category>
  <size>
   XL
  </size>
  <color>
   Синий
  </color>
  <material>
   Шерсть
  </material>
  <price>
   242383
  </price>
  <rating>
   1.74
  </rating>
  <reviews>
   46360
  </reviews>
  <new>
   -
  </new>
  <exclusive>
   no
  </exclusive>
  <sporty>
   yes
  </sporty>
 </clothing>
 <clothing>
  <id>
   548259517
  </id>
  <name>
   Ellesse Hat W-8848
  </name>
  <category>
   Hat
  </category>
  <size>
   S
  </size>
  <color>
   Желтый
  </color>
  <material>
   Кожа
  </material>
  <price>
   639395
  </price>
  <rating>
   2.91
  </rating>
  <reviews>
   227945
  </reviews>
  <exclusive>
   no
  </exclusive>
 </clothing>
 <clothing>
  <id>
   896768999
  </id>
  <name>
   DC Shirt Z-2139
  </name>
  <category>
   Shirt
  </category>
  <size>
   XL
  </size>
  <color>
   Зеленый
  </color>
  <material>
   Шелк
  </material>
  <price>
   911623
  </price>
  <rating>
   1.27
  </rating>
  <reviews>
   58423
  </reviews>
 </clothing>
 <clothing>
  <id>
   522085040
  </id>
  <name>
   Ellesse Jacket Q-4054
  </name>
  <category>
   Jacket
  </category>
  <size>
   XXL
  </size>
  <color>
   Фиолетовый
  </color>
  <material>
   Шелк
  </material>
  <price>
   565683
  </price>
  <rating>
   3.71
  </rating>
  <reviews>
   804886
  </reviews>
  <new>
   -
  </new>
  <exclusive>
   no
  </exclusive>
  <sporty>
   yes
  </sporty>
 </clothing>
 <clothing>
  <id>
   649376446
  </id>
  <name>
   Fila Shirt I-1080
  </name>
  <category>
   Shirt
  </category>
  <size>
   XL
  </size>
  <color>
   Голубой
  </color>
  <material>
   Полиэстер
  </material>
  <price>
   241918
  </price>
  <rating>
   4.8
  </rating>
  <reviews>
   256935
  </reviews>
  <sporty>
   yes
  </sporty>
 </clothing>
 <clothing>
  <id>
   484747708
  </id>
  <name>
   PleinSport Dress L-5560
  </name>
  <category>
   Dress
  </category>
  <size>
   M
  </size>
  <color>
   Фиолетовый
  </color>
  <material>
   Хлопок
  </material>
  <price>
   479408
  </price>
  <rating>
   3.2
  </rating>
  <reviews>
   984901
  </reviews>
  <sporty>
   yes
  </sporty>
 </clothing>
 <clothing>
  <id>
   129870462
  </id>
  <name>
   Lacoste Socks O-5528
  </name>
  <category>
   Socks
  </category>
  <size>
   XXL
  </size>
  <color>
   Желтый
  </color>
  <material>
   Лен
  </material>
  <price>
   589036
  </price>
  <rating>
   2.22
  </rating>
  <reviews>
   350685
  </reviews>
 </clothing>
 <clothing>
  <id>
   439622078
  </id>
  <name>
   Adidas Handbags O-4674
  </name>
  <category>
   Handbags
  </category>
  <size>
   M
  </size>
  <color>
   Желтый
  </color>
  <material>
   Полиэстер
  </material>
  <price>
   985870
  </price>
  <rating>
   1.01
  </rating>
  <reviews>
   269774
  </reviews>
  <new>
   +
  </new>
  <exclusive>
   no
  </exclusive>
  <sporty>
   no
  </sporty>
 </clothing>
 <clothing>
  <id>
   773157767
  </id>
  <name>
   Puma Socks F-8122
  </name>
  <category>
   Socks
  </category>
  <size>
   M
  </size>
  <color>
   Синий
  </color>
  <material>
   Полиэстер
  </material>
  <price>
   315109
  </price>
  <rating>
   4.68
  </rating>
  <reviews>
   268827
  </reviews>
  <new>
   +
  </new>
  <sporty>
   yes
  </sporty>
 </clothing>
 <clothing>
  <id>
   471076930
  </id>
  <name>
   New Balance Shirt R-6015
  </name>
  <category>
   Shirt
  </category>
  <size>
   L
  </size>
  <color>
   Фиолетовый
  </color>
  <material>
   Шелк
  </material>
  <price>
   399288
  </price>
  <rating>
   4.08
  </rating>
  <reviews>
   614130
  </reviews>
  <new>
   -
  </new>
  <exclusive>
   yes
  </exclusive>
  <sporty>
   yes
  </sporty>
 </clothing>
 <clothing>
  <id>
   367458202
  </id>
  <name>
   Addidas Dress G-6035
  </name>
  <category>
   Dress
  </category>
  <size>
   M
  </size>
  <color>
   Зеленый
  </color>
  <material>
   Шерсть
  </material>
  <price>
   340782
  </price>
  <rating>
   2.62
  </rating>
  <reviews>
   545369
  </reviews>
  <new>
   -
  </new>
 </clothing>
 <clothing>
  <id>
   905948835
  </id>
  <name>
   Converse Pants L-6691
  </name>
  <category>
   Pants
  </category>
  <size>
   XL
  </size>
  <color>
   Фиолетовый
  </color>
  <material>
   Вискоза
  </material>
  <price>
   348172
  </price>
  <rating>
   2.43
  </rating>
  <reviews>
   33938
  </reviews>
  <exclusive>
   yes
  </exclusive>
  <sporty>
   no
  </sporty>
 </clothing>
</clothing-items>
