<?xml version="1.0" encoding="utf-8"?>
<clothing-items>
 <clothing>
  <id>
   419915370
  </id>
  <name>
   New Balance Pants L-8928
  </name>
  <category>
   Pants
  </category>
  <size>
   XXL
  </size>
  <color>
   Оранжевый
  </color>
  <material>
   Вискоза
  </material>
  <price>
   772364
  </price>
  <rating>
   1.94
  </rating>
  <reviews>
   184006
  </reviews>
  <new>
   -
  </new>
  <sporty>
   no
  </sporty>
 </clothing>
 <clothing>
  <id>
   609781288
  </id>
  <name>
   Vans Skirt M-2519
  </name>
  <category>
   Skirt
  </category>
  <size>
   XL
  </size>
  <color>
   Оранжевый
  </color>
  <material>
   Вискоза
  </material>
  <price>
   157857
  </price>
  <rating>
   3.6
  </rating>
  <reviews>
   871415
  </reviews>
  <new>
   -
  </new>
  <sporty>
   no
  </sporty>
 </clothing>
 <clothing>
  <id>
   292761105
  </id>
  <name>
   Adidas Belts G-8319
  </name>
  <category>
   Belts
  </category>
  <size>
   L
  </size>
  <color>
   Фиолетовый
  </color>
  <material>
   Нейлон
  </material>
  <price>
   275709
  </price>
  <rating>
   2.48
  </rating>
  <reviews>
   111915
  </reviews>
  <new>
   +
  </new>
  <exclusive>
   no
  </exclusive>
 </clothing>
 <clothing>
  <id>
   478269828
  </id>
  <name>
   Asics Belts M-9238
  </name>
  <category>
   Belts
  </category>
  <size>
   XXL
  </size>
  <color>
   Зеленый
  </color>
  <material>
   Шелк
  </material>
  <price>
   874762
  </price>
  <rating>
   4.66
  </rating>
  <reviews>
   354399
  </reviews>
  <new>
   +
  </new>
  <exclusive>
   yes
  </exclusive>
  <sporty>
   yes
  </sporty>
 </clothing>
 <clothing>
  <id>
   468464731
  </id>
  <name>
   Lacoste Sweater O-2974
  </name>
  <category>
   Sweater
  </category>
  <size>
   XL
  </size>
  <color>
   Голубой
  </color>
  <material>
   Нейлон
  </material>
  <price>
   226089
  </price>
  <rating>
   4.73
  </rating>
  <reviews>
   479717
  </reviews>
  <new>
   +
  </new>
  <sporty>
   no
  </sporty>
 </clothing>
 <clothing>
  <id>
   282474004
  </id>
  <name>
   Converse Shoes P-7378
  </name>
  <category>
   Shoes
  </category>
  <size>
   M
  </size>
  <color>
   Зеленый
  </color>
  <material>
   Хлопок
  </material>
  <price>
   633613
  </price>
  <rating>
   2.24
  </rating>
  <reviews>
   987390
  </reviews>
  <new>
   -
  </new>
  <exclusive>
   no
  </exclusive>
  <sporty>
   no
  </sporty>
 </clothing>
 <clothing>
  <id>
   640411089
  </id>
  <name>
   Asics Pants V-8038
  </name>
  <category>
   Pants
  </category>
  <size>
   XL
  </size>
  <color>
   Желтый
  </color>
  <material>
   Шерсть
  </material>
  <price>
   527948
  </price>
  <rating>
   2.98
  </rating>
  <reviews>
   371648
  </reviews>
  <exclusive>
   no
  </exclusive>
 </clothing>
 <clothing>
  <id>
   621292171
  </id>
  <name>
   Reebok Sweater I-5475
  </name>
  <category>
   Sweater
  </category>
  <size>
   L
  </size>
  <color>
   Оранжевый
  </color>
  <material>
   Вискоза
  </material>
  <price>
   115527
  </price>
  <rating>
   3.49
  </rating>
  <reviews>
   263482
  </reviews>
  <new>
   +
  </new>
  <sporty>
   no
  </sporty>
 </clothing>
 <clothing>
  <id>
   156014313
  </id>
  <name>
   Under Armour Shirt Y-8966
  </name>
  <category>
   Shirt
  </category>
  <size>
   M
  </size>
  <color>
   Желтый
  </color>
  <material>
   Хлопок
  </material>
  <price>
   969167
  </price>
  <rating>
   4.76
  </rating>
  <reviews>
   86660
  </reviews>
  <new>
   -
  </new>
  <exclusive>
   yes
  </exclusive>
  <sporty>
   yes
  </sporty>
 </clothing>
 <clothing>
  <id>
   907332767
  </id>
  <name>
   Fila Umbrellas W-2338
  </name>
  <category>
   Umbrellas
  </category>
  <size>
   S
  </size>
  <color>
   Фиолетовый
  </color>
  <material>
   Шерсть
  </material>
  <price>
   712629
  </price>
  <rating>
   3.37
  </rating>
  <reviews>
   375834
  </reviews>
  <new>
   -
  </new>
  <sporty>
   yes
  </sporty>
 </clothing>
 <clothing>
  <id>
   148970154
  </id>
  <name>
   Reebok Belts K-1667
  </name>
  <category>
   Belts
  </category>
  <size>
   XL
  </size>
  <color>
   Оранжевый
  </color>
  <material>
   Полиэстер
  </material>
  <price>
   926189
  </price>
  <rating>
   4.21
  </rating>
  <reviews>
   440692
  </reviews>
  <exclusive>
   yes
  </exclusive>
  <sporty>
   no
  </sporty>
 </clothing>
 <clothing>
  <id>
   343288879
  </id>
  <name>
   New Balance Handbags U-9358
  </name>
  <category>
   Handbags
  </category>
  <size>
   XXL
  </size>
  <color>
   Голубой
  </color>
  <material>
   Лен
  </material>
  <price>
   546011
  </price>
  <rating>
   2.81
  </rating>
  <reviews>
   539426
  </reviews>
  <new>
   -
  </new>
  <exclusive>
   no
  </exclusive>
  <sporty>
   no
  </sporty>
 </clothing>
 <clothing>
  <id>
   393667706
  </id>
  <name>
   Vans Shirt U-7388
  </name>
  <category>
   Shirt
  </category>
  <size>
   S
  </size>
  <color>
   Голубой
  </color>
  <material>
   Хлопок
  </material>
  <price>
   792440
  </price>
  <rating>
   2.93
  </rating>
  <reviews>
   396632
  </reviews>
  <new>
   +
  </new>
 </clothing>
 <clothing>
  <id>
   458797937
  </id>
  <name>
   Adidas Dress S-7561
  </name>
  <category>
   Dress
  </category>
  <size>
   M
  </size>
  <color>
   Оранжевый
  </color>
  <material>
   Полиэстер
  </material>
  <price>
   175576
  </price>
  <rating>
   3.9
  </rating>
  <reviews>
   316661
  </reviews>
  <new>
   +
  </new>
  <exclusive>
   no
  </exclusive>
 </clothing>
 <clothing>
  <id>
   691338185
  </id>
  <name>
   Addidas Handbags U-4974
  </name>
  <category>
   Handbags
  </category>
  <size>
   L
  </size>
  <color>
   Оранжевый
  </color>
  <material>
   Нейлон
  </material>
  <price>
   112671
  </price>
  <rating>
   1.51
  </rating>
  <reviews>
   329161
  </reviews>
  <new>
   -
  </new>
  <exclusive>
   yes
  </exclusive>
 </clothing>
 <clothing>
  <id>
   272797460
  </id>
  <name>
   Nike Belts Y-4085
  </name>
  <category>
   Belts
  </category>
  <size>
   XXL
  </size>
  <color>
   Фиолетовый
  </color>
  <material>
   Хлопок
  </material>
  <price>
   993019
  </price>
  <rating>
   3.4
  </rating>
  <reviews>
   631734
  </reviews>
  <exclusive>
   yes
  </exclusive>
  <sporty>
   yes
  </sporty>
 </clothing>
 <clothing>
  <id>
   543230774
  </id>
  <name>
   Adidas Hat U-6252
  </name>
  <category>
   Hat
  </category>
  <size>
   M
  </size>
  <color>
   Желтый
  </color>
  <material>
   Шелк
  </material>
  <price>
   569293
  </price>
  <rating>
   2.56
  </rating>
  <reviews>
   434556
  </reviews>
  <new>
   -
  </new>
  <exclusive>
   yes
  </exclusive>
  <sporty>
   yes
  </sporty>
 </clothing>
 <clothing>
  <id>
   445513959
  </id>
  <name>
   Adidas Handbags B-8662
  </name>
  <category>
   Handbags
  </category>
  <size>
   XL
  </size>
  <color>
   Голубой
  </color>
  <material>
   Шерсть
  </material>
  <price>
   240643
  </price>
  <rating>
   3.01
  </rating>
  <reviews>
   980573
  </reviews>
  <new>
   +
  </new>
  <exclusive>
   yes
  </exclusive>
 </clothing>
 <clothing>
  <id>
   486105690
  </id>
  <name>
   New Balance Skirt Z-4709
  </name>
  <category>
   Skirt
  </category>
  <size>
   L
  </size>
  <color>
   Желтый
  </color>
  <material>
   Вискоза
  </material>
  <price>
   569711
  </price>
  <rating>
   1.95
  </rating>
  <reviews>
   459116
  </reviews>
  <new>
   +
  </new>
  <exclusive>
   yes
  </exclusive>
  <sporty>
   no
  </sporty>
 </clothing>
 <clothing>
  <id>
   271305604
  </id>
  <name>
   Fila Shoes L-7417
  </name>
  <category>
   Shoes
  </category>
  <size>
   S
  </size>
  <color>
   Зеленый
  </color>
  <material>
   Нейлон
  </material>
  <price>
   365122
  </price>
  <rating>
   2.71
  </rating>
  <reviews>
   540604
  </reviews>
  <new>
   +
  </new>
  <sporty>
   no
  </sporty>
 </clothing>
 <clothing>
  <id>
   710553009
  </id>
  <name>
   Puma Gloves R-3080
  </name>
  <category>
   Gloves
  </category>
  <size>
   L
  </size>
  <color>
   Голубой
  </color>
  <material>
   Полиэстер
  </material>
  <price>
   306628
  </price>
  <rating>
   2.79
  </rating>
  <reviews>
   845346
  </reviews>
  <new>
   -
  </new>
 </clothing>
 <clothing>
  <id>
   437976587
  </id>
  <name>
   Fila Skirt Y-8535
  </name>
  <category>
   Skirt
  </category>
  <size>
   S
  </size>
  <color>
   Голубой
  </color>
  <material>
   Полиэстер
  </material>
  <price>
   430306
  </price>
  <rating>
   1.97
  </rating>
  <reviews>
   366490
  </reviews>
  <new>
   +
  </new>
  <exclusive>
   yes
  </exclusive>
  <sporty>
   yes
  </sporty>
 </clothing>
 <clothing>
  <id>
   813194565
  </id>
  <name>
   Converse T-shirt T-5437
  </name>
  <category>
   T-shirt
  </category>
  <size>
   M
  </size>
  <color>
   Оранжевый
  </color>
  <material>
   Нейлон
  </material>
  <price>
   235467
  </price>
  <rating>
   2.91
  </rating>
  <reviews>
   668718
  </reviews>
  <sporty>
   yes
  </sporty>
 </clothing>
 <clothing>
  <id>
   432770562
  </id>
  <name>
   DC Gloves I-4997
  </name>
  <category>
   Gloves
  </category>
  <size>
   XXL
  </size>
  <color>
   Желтый
  </color>
  <material>
   Кожа
  </material>
  <price>
   641886
  </price>
  <rating>
   3.47
  </rating>
  <reviews>
   971089
  </reviews>
  <exclusive>
   yes
  </exclusive>
  <sporty>
   yes
  </sporty>
 </clothing>
 <clothing>
  <id>
   674849922
  </id>
  <name>
   Converse Jacket P-8558
  </name>
  <category>
   Jacket
  </category>
  <size>
   XL
  </size>
  <color>
   Зеленый
  </color>
  <material>
   Хлопок
  </material>
  <price>
   446328
  </price>
  <rating>
   2.76
  </rating>
  <reviews>
   930829
  </reviews>
  <new>
   -
  </new>
  <exclusive>
   yes
  </exclusive>
  <sporty>
   no
  </sporty>
 </clothing>
 <clothing>
  <id>
   712504163
  </id>
  <name>
   Vans Shoes G-1137
  </name>
  <category>
   Shoes
  </category>
  <size>
   L
  </size>
  <color>
   Желтый
  </color>
  <material>
   Кожа
  </material>
  <price>
   764453
  </price>
  <rating>
   1.52
  </rating>
  <reviews>
   421673
  </reviews>
  <exclusive>
   no
  </exclusive>
 </clothing>
 <clothing>
  <id>
   563147011
  </id>
  <name>
   Lacoste Jacket I-7805
  </name>
  <category>
   Jacket
  </category>
  <size>
   L
  </size>
  <color>
   Оранжевый
  </color>
  <material>
   Лен
  </material>
  <price>
   752138
  </price>
  <rating>
   2.62
  </rating>
  <reviews>
   44621
  </reviews>
  <new>
   +
  </new>
  <exclusive>
   no
  </exclusive>
  <sporty>
   no
  </sporty>
 </clothing>
 <clothing>
  <id>
   914585884
  </id>
  <name>
   PleinSport Pants I-4949
  </name>
  <category>
   Pants
  </category>
  <size>
   S
  </size>
  <color>
   Голубой
  </color>
  <material>
   Шелк
  </material>
  <price>
   438185
  </price>
  <rating>
   4.48
  </rating>
  <reviews>
   133599
  </reviews>
  <new>
   +
  </new>
  <exclusive>
   no
  </exclusive>
  <sporty>
   no
  </sporty>
 </clothing>
 <clothing>
  <id>
   765996856
  </id>
  <name>
   Addidas Sweater I-1502
  </name>
  <category>
   Sweater
  </category>
  <size>
   S
  </size>
  <color>
   Фиолетовый
  </color>
  <material>
   Кожа
  </material>
  <price>
   524850
  </price>
  <rating>
   4.76
  </rating>
  <reviews>
   254198
  </reviews>
  <new>
   +
  </new>
 </clothing>
 <clothing>
  <id>
   471649569
  </id>
  <name>
   Addidas Dress P-1028
  </name>
  <category>
   Dress
  </category>
  <size>
   XL
  </size>
  <color>
   Желтый
  </color>
  <material>
   Хлопок
  </material>
  <price>
   688634
  </price>
  <rating>
   1.86
  </rating>
  <reviews>
   951415
  </reviews>
  <exclusive>
   no
  </exclusive>
  <sporty>
   no
  </sporty>
 </clothing>
 <clothing>
  <id>
   170888538
  </id>
  <name>
   PleinSport Umbrellas G-5925
  </name>
  <category>
   Umbrellas
  </category>
  <size>
   M
  </size>
  <color>
   Фиолетовый
  </color>
  <material>
   Кожа
  </material>
  <price>
   745923
  </price>
  <rating>
   3.26
  </rating>
  <reviews>
   704897
  </reviews>
  <new>
   -
  </new>
 </clothing>
 <clothing>
  <id>
   739884504
  </id>
  <name>
   Converse Handbags T-7417
  </name>
  <category>
   Handbags
  </category>
  <size>
   XXL
  </size>
  <color>
   Зеленый
  </color>
  <material>
   Шелк
  </material>
  <price>
   493296
  </price>
  <rating>
   1.7
  </rating>
  <reviews>
   897754
  </reviews>
  <new>
   +
  </new>
  <exclusive>
   no
  </exclusive>
  <sporty>
   no
  </sporty>
 </clothing>
 <clothing>
  <id>
   846436184
  </id>
  <name>
   Reebok Skirt S-3339
  </name>
  <category>
   Skirt
  </category>
  <size>
   M
  </size>
  <color>
   Желтый
  </color>
  <material>
   Вискоза
  </material>
  <price>
   653938
  </price>
  <rating>
   1.65
  </rating>
  <reviews>
   33471
  </reviews>
  <new>
   -
  </new>
  <exclusive>
   yes
  </exclusive>
  <sporty>
   yes
  </sporty>
 </clothing>
 <clothing>
  <id>
   162445199
  </id>
  <name>
   Asics T-shirt E-8497
  </name>
  <category>
   T-shirt
  </category>
  <size>
   XL
  </size>
  <color>
   Зеленый
  </color>
  <material>
   Нейлон
  </material>
  <price>
   291935
  </price>
  <rating>
   3.87
  </rating>
  <reviews>
   249430
  </reviews>
  <new>
   -
  </new>
 </clothing>
 <clothing>
  <id>
   715354269
  </id>
  <name>
   Brooks Umbrellas A-1458
  </name>
  <category>
   Umbrellas
  </category>
  <size>
   XL
  </size>
  <color>
   Синий
  </color>
  <material>
   Хлопок
  </material>
  <price>
   103949
  </price>
  <rating>
   2.34
  </rating>
  <reviews>
   893826
  </reviews>
  <new>
   +
  </new>
  <exclusive>
   yes
  </exclusive>
  <sporty>
   yes
  </sporty>
 </clothing>
 <clothing>
  <id>
   588983628
  </id>
  <name>
   Ellesse Belts U-6062
  </name>
  <category>
   Belts
  </category>
  <size>
   S
  </size>
  <color>
   Желтый
  </color>
  <material>
   Кожа
  </material>
  <price>
   151116
  </price>
  <rating>
   4.63
  </rating>
  <reviews>
   694617
  </reviews>
  <new>
   +
  </new>
  <exclusive>
   no
  </exclusive>
  <sporty>
   yes
  </sporty>
 </clothing>
 <clothing>
  <id>
   447136848
  </id>
  <name>
   Converse Hat X-2993
  </name>
  <category>
   Hat
  </category>
  <size>
   XL
  </size>
  <color>
   Синий
  </color>
  <material>
   Полиэстер
  </material>
  <price>
   900031
  </price>
  <rating>
   1.33
  </rating>
  <reviews>
   231095
  </reviews>
  <new>
   -
  </new>
  <exclusive>
   yes
  </exclusive>
  <sporty>
   yes
  </sporty>
 </clothing>
 <clothing>
  <id>
   149321299
  </id>
  <name>
   Vans Handbags A-7087
  </name>
  <category>
   Handbags
  </category>
  <size>
   S
  </size>
  <color>
   Синий
  </color>
  <material>
   Вискоза
  </material>
  <price>
   486041
  </price>
  <rating>
   1.2
  </rating>
  <reviews>
   245816
  </reviews>
  <new>
   -
  </new>
  <exclusive>
   no
  </exclusive>
 </clothing>
 <clothing>
  <id>
   586781909
  </id>
  <name>
   Addidas Pants H-3233
  </name>
  <category>
   Pants
  </category>
  <size>
   M
  </size>
  <color>
   Голубой
  </color>
  <material>
   Шелк
  </material>
  <price>
   496148
  </price>
  <rating>
   4.57
  </rating>
  <reviews>
   621944
  </reviews>
  <new>
   -
  </new>
 </clothing>
 <clothing>
  <id>
   163304631
  </id>
  <name>
   Adidas Pants C-2523
  </name>
  <category>
   Pants
  </category>
  <size>
   L
  </size>
  <color>
   Красный
  </color>
  <material>
   Шерсть
  </material>
  <price>
   996942
  </price>
  <rating>
   2.11
  </rating>
  <reviews>
   697099
  </reviews>
  <exclusive>
   no
  </exclusive>
  <sporty>
   no
  </sporty>
 </clothing>
 <clothing>
  <id>
   149803444
  </id>
  <name>
   Fila Hat I-6061
  </name>
  <category>
   Hat
  </category>
  <size>
   L
  </size>
  <color>
   Фиолетовый
  </color>
  <material>
   Кожа
  </material>
  <price>
   466421
  </price>
  <rating>
   2.27
  </rating>
  <reviews>
   90908
  </reviews>
  <new>
   -
  </new>
  <exclusive>
   no
  </exclusive>
  <sporty>
   no
  </sporty>
 </clothing>
 <clothing>
  <id>
   794168631
  </id>
  <name>
   Asics Dress M-3645
  </name>
  <category>
   Dress
  </category>
  <size>
   L
  </size>
  <color>
   Фиолетовый
  </color>
  <material>
   Нейлон
  </material>
  <price>
   942165
  </price>
  <rating>
   3.93
  </rating>
  <reviews>
   224432
  </reviews>
  <exclusive>
   no
  </exclusive>
 </clothing>
 <clothing>
  <id>
   448660452
  </id>
  <name>
   Puma Socks I-6139
  </name>
  <category>
   Socks
  </category>
  <size>
   L
  </size>
  <color>
   Оранжевый
  </color>
  <material>
   Вискоза
  </material>
  <price>
   545683
  </price>
  <rating>
   5.0
  </rating>
  <reviews>
   160902
  </reviews>
  <new>
   +
  </new>
  <exclusive>
   yes
  </exclusive>
  <sporty>
   yes
  </sporty>
 </clothing>
 <clothing>
  <id>
   304024450
  </id>
  <name>
   Reebok Gloves Z-2449
  </name>
  <category>
   Gloves
  </category>
  <size>
   S
  </size>
  <color>
   Желтый
  </color>
  <material>
   Нейлон
  </material>
  <price>
   520336
  </price>
  <rating>
   2.44
  </rating>
  <reviews>
   998429
  </reviews>
  <exclusive>
   no
  </exclusive>
  <sporty>
   yes
  </sporty>
 </clothing>
 <clothing>
  <id>
   902112697
  </id>
  <name>
   Puma Sweater Z-5642
  </name>
  <category>
   Sweater
  </category>
  <size>
   S
  </size>
  <color>
   Синий
  </color>
  <material>
   Вискоза
  </material>
  <price>
   914741
  </price>
  <rating>
   4.41
  </rating>
  <reviews>
   616103
  </reviews>
 </clothing>
 <clothing>
  <id>
   675253409
  </id>
  <name>
   Reebok Gloves E-2082
  </name>
  <category>
   Gloves
  </category>
  <size>
   M
  </size>
  <color>
   Голубой
  </color>
  <material>
   Хлопок
  </material>
  <price>
   257860
  </price>
  <rating>
   1.33
  </rating>
  <reviews>
   601249
  </reviews>
  <new>
   -
  </new>
  <sporty>
   no
  </sporty>
 </clothing>
 <clothing>
  <id>
   524857460
  </id>
  <name>
   Ellesse Sweater G-9516
  </name>
  <category>
   Sweater
  </category>
  <size>
   XXL
  </size>
  <color>
   Фиолетовый
  </color>
  <material>
   Лен
  </material>
  <price>
   791405
  </price>
  <rating>
   1.19
  </rating>
  <reviews>
   298095
  </reviews>
  <new>
   -
  </new>
 </clothing>
</clothing-items>
