<?xml version="1.0" encoding="utf-8"?>
<clothing-items>
 <clothing>
  <id>
   730814806
  </id>
  <name>
   Under Armour Hat W-1831
  </name>
  <category>
   Hat
  </category>
  <size>
   L
  </size>
  <color>
   Зеленый
  </color>
  <material>
   Полиэстер
  </material>
  <price>
   387343
  </price>
  <rating>
   3.75
  </rating>
  <reviews>
   431032
  </reviews>
  <new>
   +
  </new>
  <sporty>
   no
  </sporty>
 </clothing>
 <clothing>
  <id>
   442330402
  </id>
  <name>
   Under Armour Sweater Z-6138
  </name>
  <category>
   Sweater
  </category>
  <size>
   XL
  </size>
  <color>
   Синий
  </color>
  <material>
   Кожа
  </material>
  <price>
   952998
  </price>
  <rating>
   1.34
  </rating>
  <reviews>
   667277
  </reviews>
  <new>
   -
  </new>
  <exclusive>
   no
  </exclusive>
  <sporty>
   yes
  </sporty>
 </clothing>
 <clothing>
  <id>
   601907002
  </id>
  <name>
   Brooks Socks E-2732
  </name>
  <category>
   Socks
  </category>
  <size>
   L
  </size>
  <color>
   Синий
  </color>
  <material>
   Полиэстер
  </material>
  <price>
   153204
  </price>
  <rating>
   2.48
  </rating>
  <reviews>
   522355
  </reviews>
  <new>
   +
  </new>
 </clothing>
 <clothing>
  <id>
   352161165
  </id>
  <name>
   Converse Umbrellas R-5962
  </name>
  <category>
   Umbrellas
  </category>
  <size>
   S
  </size>
  <color>
   Желтый
  </color>
  <material>
   Хлопок
  </material>
  <price>
   463266
  </price>
  <rating>
   2.14
  </rating>
  <reviews>
   426029
  </reviews>
 </clothing>
 <clothing>
  <id>
   887063581
  </id>
  <name>
   Adidas Belts Z-6182
  </name>
  <category>
   Belts
  </category>
  <size>
   XL
  </size>
  <color>
   Зеленый
  </color>
  <material>
   Нейлон
  </material>
  <price>
   704127
  </price>
  <rating>
   2.24
  </rating>
  <reviews>
   965394
  </reviews>
  <new>
   -
  </new>
 </clothing>
 <clothing>
  <id>
   396406613
  </id>
  <name>
   Brooks Gloves Q-6123
  </name>
  <category>
   Gloves
  </category>
  <size>
   S
  </size>
  <color>
   Оранжевый
  </color>
  <material>
   Лен
  </material>
  <price>
   586479
  </price>
  <rating>
   1.17
  </rating>
  <reviews>
   785221
  </reviews>
  <new>
   -
  </new>
  <exclusive>
   no
  </exclusive>
 </clothing>
 <clothing>
  <id>
   542941250
  </id>
  <name>
   Ellesse Socks N-1822
  </name>
  <category>
   Socks
  </category>
  <size>
   XXL
  </size>
  <color>
   Синий
  </color>
  <material>
   Вискоза
  </material>
  <price>
   220622
  </price>
  <rating>
   4.56
  </rating>
  <reviews>
   177557
  </reviews>
  <new>
   -
  </new>
  <exclusive>
   yes
  </exclusive>
  <sporty>
   yes
  </sporty>
 </clothing>
 <clothing>
  <id>
   908640140
  </id>
  <name>
   Brooks Jacket Y-9602
  </name>
  <category>
   Jacket
  </category>
  <size>
   S
  </size>
  <color>
   Красный
  </color>
  <material>
   Нейлон
  </material>
  <price>
   277929
  </price>
  <rating>
   1.06
  </rating>
  <reviews>
   493498
  </reviews>
  <exclusive>
   yes
  </exclusive>
  <sporty>
   yes
  </sporty>
 </clothing>
 <clothing>
  <id>
   527302400
  </id>
  <name>
   Puma Handbags P-1218
  </name>
  <category>
   Handbags
  </category>
  <size>
   M
  </size>
  <color>
   Фиолетовый
  </color>
  <material>
   Полиэстер
  </material>
  <price>
   826195
  </price>
  <rating>
   4.7
  </rating>
  <reviews>
   416379
  </reviews>
  <new>
   +
  </new>
 </clothing>
 <clothing>
  <id>
   846347224
  </id>
  <name>
   Asics Hat D-7305
  </name>
  <category>
   Hat
  </category>
  <size>
   L
  </size>
  <color>
   Голубой
  </color>
  <material>
   Вискоза
  </material>
  <price>
   991921
  </price>
  <rating>
   2.45
  </rating>
  <reviews>
   135227
  </reviews>
  <new>
   -
  </new>
 </clothing>
 <clothing>
  <id>
   784759779
  </id>
  <name>
   New Balance Belts G-8880
  </name>
  <category>
   Belts
  </category>
  <size>
   XL
  </size>
  <color>
   Зеленый
  </color>
  <material>
   Шелк
  </material>
  <price>
   396819
  </price>
  <rating>
   3.32
  </rating>
  <reviews>
   120335
  </reviews>
  <sporty>
   no
  </sporty>
 </clothing>
 <clothing>
  <id>
   690779011
  </id>
  <name>
   Converse Jeans J-8620
  </name>
  <category>
   Jeans
  </category>
  <size>
   M
  </size>
  <color>
   Оранжевый
  </color>
  <material>
   Нейлон
  </material>
  <price>
   804581
  </price>
  <rating>
   2.21
  </rating>
  <reviews>
   290315
  </reviews>
  <new>
   -
  </new>
  <exclusive>
   no
  </exclusive>
  <sporty>
   yes
  </sporty>
 </clothing>
 <clothing>
  <id>
   721143497
  </id>
  <name>
   Vans Sweater J-8515
  </name>
  <category>
   Sweater
  </category>
  <size>
   M
  </size>
  <color>
   Фиолетовый
  </color>
  <material>
   Шерсть
  </material>
  <price>
   915317
  </price>
  <rating>
   2.71
  </rating>
  <reviews>
   590525
  </reviews>
  <exclusive>
   no
  </exclusive>
  <sporty>
   no
  </sporty>
 </clothing>
 <clothing>
  <id>
   711010335
  </id>
  <name>
   Asics Skirt W-1564
  </name>
  <category>
   Skirt
  </category>
  <size>
   S
  </size>
  <color>
   Красный
  </color>
  <material>
   Шелк
  </material>
  <price>
   700111
  </price>
  <rating>
   1.33
  </rating>
  <reviews>
   998394
  </reviews>
  <new>
   -
  </new>
  <sporty>
   no
  </sporty>
 </clothing>
 <clothing>
  <id>
   863233824
  </id>
  <name>
   Asics Sweater V-9739
  </name>
  <category>
   Sweater
  </category>
  <size>
   XXL
  </size>
  <color>
   Голубой
  </color>
  <material>
   Полиэстер
  </material>
  <price>
   106425
  </price>
  <rating>
   2.83
  </rating>
  <reviews>
   408231
  </reviews>
  <new>
   -
  </new>
  <exclusive>
   yes
  </exclusive>
  <sporty>
   no
  </sporty>
 </clothing>
 <clothing>
  <id>
   133865432
  </id>
  <name>
   Addidas Shirt F-8419
  </name>
  <category>
   Shirt
  </category>
  <size>
   L
  </size>
  <color>
   Голубой
  </color>
  <material>
   Шерсть
  </material>
  <price>
   159961
  </price>
  <rating>
   2.12
  </rating>
  <reviews>
   99585
  </reviews>
  <sporty>
   yes
  </sporty>
 </clothing>
 <clothing>
  <id>
   540520642
  </id>
  <name>
   Reebok Jeans S-3162
  </name>
  <category>
   Jeans
  </category>
  <size>
   XL
  </size>
  <color>
   Синий
  </color>
  <material>
   Полиэстер
  </material>
  <price>
   816225
  </price>
  <rating>
   3.89
  </rating>
  <reviews>
   237819
  </reviews>
  <sporty>
   no
  </sporty>
 </clothing>
 <clothing>
  <id>
   788028385
  </id>
  <name>
   PleinSport Shirt B-1038
  </name>
  <category>
   Shirt
  </category>
  <size>
   XXL
  </size>
  <color>
   Оранжевый
  </color>
  <material>
   Нейлон
  </material>
  <price>
   454827
  </price>
  <rating>
   4.49
  </rating>
  <reviews>
   129374
  </reviews>
  <sporty>
   yes
  </sporty>
 </clothing>
 <clothing>
  <id>
   237340667
  </id>
  <name>
   Vans Handbags N-6593
  </name>
  <category>
   Handbags
  </category>
  <size>
   L
  </size>
  <color>
   Зеленый
  </color>
  <material>
   Полиэстер
  </material>
  <price>
   551735
  </price>
  <rating>
   4.04
  </rating>
  <reviews>
   693239
  </reviews>
  <new>
   -
  </new>
 </clothing>
 <clothing>
  <id>
   120894360
  </id>
  <name>
   New Balance T-shirt H-8556
  </name>
  <category>
   T-shirt
  </category>
  <size>
   M
  </size>
  <color>
   Оранжевый
  </color>
  <material>
   Вискоза
  </material>
  <price>
   388880
  </price>
  <rating>
   3.44
  </rating>
  <reviews>
   90784
  </reviews>
  <sporty>
   yes
  </sporty>
 </clothing>
 <clothing>
  <id>
   230121691
  </id>
  <name>
   Brooks Jacket V-3849
  </name>
  <category>
   Jacket
  </category>
  <size>
   L
  </size>
  <color>
   Желтый
  </color>
  <material>
   Кожа
  </material>
  <price>
   582314
  </price>
  <rating>
   3.93
  </rating>
  <reviews>
   914957
  </reviews>
  <exclusive>
   no
  </exclusive>
  <sporty>
   yes
  </sporty>
 </clothing>
 <clothing>
  <id>
   388953308
  </id>
  <name>
   DC Socks U-2024
  </name>
  <category>
   Socks
  </category>
  <size>
   S
  </size>
  <color>
   Синий
  </color>
  <material>
   Шерсть
  </material>
  <price>
   795786
  </price>
  <rating>
   3.91
  </rating>
  <reviews>
   442806
  </reviews>
  <new>
   +
  </new>
 </clothing>
 <clothing>
  <id>
   770366626
  </id>
  <name>
   Puma Sweater Z-1662
  </name>
  <category>
   Sweater
  </category>
  <size>
   M
  </size>
  <color>
   Красный
  </color>
  <material>
   Полиэстер
  </material>
  <price>
   269765
  </price>
  <rating>
   2.22
  </rating>
  <reviews>
   972849
  </reviews>
  <new>
   -
  </new>
  <exclusive>
   no
  </exclusive>
  <sporty>
   no
  </sporty>
 </clothing>
 <clothing>
  <id>
   893289136
  </id>
  <name>
   New Balance Umbrellas B-7079
  </name>
  <category>
   Umbrellas
  </category>
  <size>
   XL
  </size>
  <color>
   Желтый
  </color>
  <material>
   Шерсть
  </material>
  <price>
   110670
  </price>
  <rating>
   1.2
  </rating>
  <reviews>
   362562
  </reviews>
  <exclusive>
   no
  </exclusive>
  <sporty>
   yes
  </sporty>
 </clothing>
</clothing-items>
