<?xml version="1.0" encoding="utf-8"?>
<clothing-items>
 <clothing>
  <id>
   372093277
  </id>
  <name>
   Ellesse Gloves U-4023
  </name>
  <category>
   Gloves
  </category>
  <size>
   XXL
  </size>
  <color>
   Оранжевый
  </color>
  <material>
   Нейлон
  </material>
  <price>
   763984
  </price>
  <rating>
   3.21
  </rating>
  <reviews>
   244790
  </reviews>
  <exclusive>
   no
  </exclusive>
 </clothing>
 <clothing>
  <id>
   871792680
  </id>
  <name>
   PleinSport Umbrellas Y-8675
  </name>
  <category>
   Umbrellas
  </category>
  <size>
   M
  </size>
  <color>
   Красный
  </color>
  <material>
   Шерсть
  </material>
  <price>
   568662
  </price>
  <rating>
   2.24
  </rating>
  <reviews>
   601076
  </reviews>
  <new>
   -
  </new>
  <exclusive>
   no
  </exclusive>
  <sporty>
   no
  </sporty>
 </clothing>
 <clothing>
  <id>
   973061613
  </id>
  <name>
   New Balance Gloves E-9829
  </name>
  <category>
   Gloves
  </category>
  <size>
   XXL
  </size>
  <color>
   Фиолетовый
  </color>
  <material>
   Нейлон
  </material>
  <price>
   282433
  </price>
  <rating>
   2.6
  </rating>
  <reviews>
   50668
  </reviews>
  <sporty>
   yes
  </sporty>
 </clothing>
 <clothing>
  <id>
   564605353
  </id>
  <name>
   Converse Dress R-5552
  </name>
  <category>
   Dress
  </category>
  <size>
   S
  </size>
  <color>
   Оранжевый
  </color>
  <material>
   Кожа
  </material>
  <price>
   372815
  </price>
  <rating>
   1.11
  </rating>
  <reviews>
   857764
  </reviews>
  <new>
   +
  </new>
  <sporty>
   yes
  </sporty>
 </clothing>
 <clothing>
  <id>
   153904815
  </id>
  <name>
   Nike Shirt C-6909
  </name>
  <category>
   Shirt
  </category>
  <size>
   XL
  </size>
  <color>
   Голубой
  </color>
  <material>
   Лен
  </material>
  <price>
   988362
  </price>
  <rating>
   2.06
  </rating>
  <reviews>
   696585
  </reviews>
  <new>
   -
  </new>
 </clothing>
 <clothing>
  <id>
   246995949
  </id>
  <name>
   Addidas T-shirt G-1101
  </name>
  <category>
   T-shirt
  </category>
  <size>
   M
  </size>
  <color>
   Фиолетовый
  </color>
  <material>
   Хлопок
  </material>
  <price>
   249223
  </price>
  <rating>
   4.73
  </rating>
  <reviews>
   782717
  </reviews>
  <new>
   +
  </new>
 </clothing>
 <clothing>
  <id>
   204914163
  </id>
  <name>
   Addidas Shirt M-3840
  </name>
  <category>
   Shirt
  </category>
  <size>
   L
  </size>
  <color>
   Синий
  </color>
  <material>
   Вискоза
  </material>
  <price>
   154308
  </price>
  <rating>
   2.06
  </rating>
  <reviews>
   325649
  </reviews>
  <new>
   +
  </new>
  <exclusive>
   no
  </exclusive>
  <sporty>
   no
  </sporty>
 </clothing>
 <clothing>
  <id>
   495090270
  </id>
  <name>
   Addidas Shirt O-8506
  </name>
  <category>
   Shirt
  </category>
  <size>
   XL
  </size>
  <color>
   Зеленый
  </color>
  <material>
   Кожа
  </material>
  <price>
   244227
  </price>
  <rating>
   1.6
  </rating>
  <reviews>
   193255
  </reviews>
  <new>
   -
  </new>
  <exclusive>
   no
  </exclusive>
 </clothing>
 <clothing>
  <id>
   976073650
  </id>
  <name>
   Addidas Shirt C-6954
  </name>
  <category>
   Shirt
  </category>
  <size>
   L
  </size>
  <color>
   Синий
  </color>
  <material>
   Нейлон
  </material>
  <price>
   581330
  </price>
  <rating>
   3.04
  </rating>
  <reviews>
   766501
  </reviews>
  <exclusive>
   no
  </exclusive>
  <sporty>
   no
  </sporty>
 </clothing>
 <clothing>
  <id>
   730903993
  </id>
  <name>
   Nike Hat H-1944
  </name>
  <category>
   Hat
  </category>
  <size>
   S
  </size>
  <color>
   Голубой
  </color>
  <material>
   Шелк
  </material>
  <price>
   966016
  </price>
  <rating>
   2.13
  </rating>
  <reviews>
   956139
  </reviews>
  <new>
   -
  </new>
  <exclusive>
   no
  </exclusive>
  <sporty>
   no
  </sporty>
 </clothing>
 <clothing>
  <id>
   507621596
  </id>
  <name>
   Ellesse Hat W-4733
  </name>
  <category>
   Hat
  </category>
  <size>
   M
  </size>
  <color>
   Зеленый
  </color>
  <material>
   Лен
  </material>
  <price>
   513263
  </price>
  <rating>
   3.96
  </rating>
  <reviews>
   536808
  </reviews>
  <new>
   -
  </new>
  <exclusive>
   no
  </exclusive>
 </clothing>
 <clothing>
  <id>
   573100497
  </id>
  <name>
   Adidas Shoes R-6004
  </name>
  <category>
   Shoes
  </category>
  <size>
   XL
  </size>
  <color>
   Зеленый
  </color>
  <material>
   Кожа
  </material>
  <price>
   965497
  </price>
  <rating>
   2.56
  </rating>
  <reviews>
   522915
  </reviews>
  <new>
   +
  </new>
  <sporty>
   no
  </sporty>
 </clothing>
 <clothing>
  <id>
   575244133
  </id>
  <name>
   Fila Shirt R-5414
  </name>
  <category>
   Shirt
  </category>
  <size>
   M
  </size>
  <color>
   Голубой
  </color>
  <material>
   Хлопок
  </material>
  <price>
   362547
  </price>
  <rating>
   4.32
  </rating>
  <reviews>
   949854
  </reviews>
  <sporty>
   yes
  </sporty>
 </clothing>
 <clothing>
  <id>
   408242589
  </id>
  <name>
   Ellesse Blouse Y-9466
  </name>
  <category>
   Blouse
  </category>
  <size>
   XXL
  </size>
  <color>
   Синий
  </color>
  <material>
   Шерсть
  </material>
  <price>
   789841
  </price>
  <rating>
   3.91
  </rating>
  <reviews>
   679676
  </reviews>
  <new>
   -
  </new>
  <sporty>
   no
  </sporty>
 </clothing>
 <clothing>
  <id>
   719150772
  </id>
  <name>
   Nike Jeans X-9340
  </name>
  <category>
   Jeans
  </category>
  <size>
   XL
  </size>
  <color>
   Оранжевый
  </color>
  <material>
   Полиэстер
  </material>
  <price>
   666134
  </price>
  <rating>
   4.93
  </rating>
  <reviews>
   549481
  </reviews>
  <exclusive>
   no
  </exclusive>
  <sporty>
   no
  </sporty>
 </clothing>
 <clothing>
  <id>
   358334517
  </id>
  <name>
   Reebok Socks J-5195
  </name>
  <category>
   Socks
  </category>
  <size>
   XL
  </size>
  <color>
   Синий
  </color>
  <material>
   Вискоза
  </material>
  <price>
   391071
  </price>
  <rating>
   1.68
  </rating>
  <reviews>
   883550
  </reviews>
  <new>
   -
  </new>
  <sporty>
   yes
  </sporty>
 </clothing>
 <clothing>
  <id>
   503626486
  </id>
  <name>
   Reebok Shoes Z-6991
  </name>
  <category>
   Shoes
  </category>
  <size>
   S
  </size>
  <color>
   Красный
  </color>
  <material>
   Лен
  </material>
  <price>
   878075
  </price>
  <rating>
   2.84
  </rating>
  <reviews>
   40677
  </reviews>
  <new>
   +
  </new>
  <exclusive>
   yes
  </exclusive>
  <sporty>
   yes
  </sporty>
 </clothing>
 <clothing>
  <id>
   266361609
  </id>
  <name>
   Adidas T-shirt C-3437
  </name>
  <category>
   T-shirt
  </category>
  <size>
   L
  </size>
  <color>
   Голубой
  </color>
  <material>
   Лен
  </material>
  <price>
   815157
  </price>
  <rating>
   3.65
  </rating>
  <reviews>
   84666
  </reviews>
  <new>
   -
  </new>
  <exclusive>
   no
  </exclusive>
  <sporty>
   yes
  </sporty>
 </clothing>
 <clothing>
  <id>
   720057973
  </id>
  <name>
   Fila Jacket O-8938
  </name>
  <category>
   Jacket
  </category>
  <size>
   S
  </size>
  <color>
   Голубой
  </color>
  <material>
   Кожа
  </material>
  <price>
   803678
  </price>
  <rating>
   4.56
  </rating>
  <reviews>
   259171
  </reviews>
  <new>
   +
  </new>
  <exclusive>
   no
  </exclusive>
  <sporty>
   yes
  </sporty>
 </clothing>
 <clothing>
  <id>
   668769861
  </id>
  <name>
   Brooks Jacket F-8865
  </name>
  <category>
   Jacket
  </category>
  <size>
   M
  </size>
  <color>
   Желтый
  </color>
  <material>
   Шелк
  </material>
  <price>
   108097
  </price>
  <rating>
   2.1
  </rating>
  <reviews>
   963034
  </reviews>
 </clothing>
 <clothing>
  <id>
   522621138
  </id>
  <name>
   Lacoste Jeans H-8103
  </name>
  <category>
   Jeans
  </category>
  <size>
   L
  </size>
  <color>
   Фиолетовый
  </color>
  <material>
   Нейлон
  </material>
  <price>
   116703
  </price>
  <rating>
   1.7
  </rating>
  <reviews>
   799043
  </reviews>
  <new>
   -
  </new>
  <exclusive>
   yes
  </exclusive>
  <sporty>
   yes
  </sporty>
 </clothing>
 <clothing>
  <id>
   750009117
  </id>
  <name>
   Asics Shirt C-3274
  </name>
  <category>
   Shirt
  </category>
  <size>
   S
  </size>
  <color>
   Фиолетовый
  </color>
  <material>
   Кожа
  </material>
  <price>
   939000
  </price>
  <rating>
   3.78
  </rating>
  <reviews>
   509730
  </reviews>
  <new>
   -
  </new>
  <exclusive>
   no
  </exclusive>
  <sporty>
   no
  </sporty>
 </clothing>
 <clothing>
  <id>
   103380658
  </id>
  <name>
   Nike Shirt B-5156
  </name>
  <category>
   Shirt
  </category>
  <size>
   XL
  </size>
  <color>
   Красный
  </color>
  <material>
   Лен
  </material>
  <price>
   803598
  </price>
  <rating>
   1.94
  </rating>
  <reviews>
   54969
  </reviews>
 </clothing>
 <clothing>
  <id>
   801242148
  </id>
  <name>
   Fila Sweater Y-3880
  </name>
  <category>
   Sweater
  </category>
  <size>
   S
  </size>
  <color>
   Голубой
  </color>
  <material>
   Вискоза
  </material>
  <price>
   692859
  </price>
  <rating>
   1.43
  </rating>
  <reviews>
   193772
  </reviews>
 </clothing>
 <clothing>
  <id>
   850113282
  </id>
  <name>
   DC Handbags T-2735
  </name>
  <category>
   Handbags
  </category>
  <size>
   XXL
  </size>
  <color>
   Желтый
  </color>
  <material>
   Нейлон
  </material>
  <price>
   976976
  </price>
  <rating>
   3.97
  </rating>
  <reviews>
   123471
  </reviews>
  <new>
   -
  </new>
  <sporty>
   no
  </sporty>
 </clothing>
 <clothing>
  <id>
   200364625
  </id>
  <name>
   Puma Hat R-4278
  </name>
  <category>
   Hat
  </category>
  <size>
   S
  </size>
  <color>
   Оранжевый
  </color>
  <material>
   Лен
  </material>
  <price>
   300320
  </price>
  <rating>
   2.07
  </rating>
  <reviews>
   861003
  </reviews>
  <new>
   +
  </new>
  <exclusive>
   no
  </exclusive>
  <sporty>
   no
  </sporty>
 </clothing>
 <clothing>
  <id>
   297947013
  </id>
  <name>
   Converse Blouse I-5551
  </name>
  <category>
   Blouse
  </category>
  <size>
   M
  </size>
  <color>
   Синий
  </color>
  <material>
   Шерсть
  </material>
  <price>
   260736
  </price>
  <rating>
   4.77
  </rating>
  <reviews>
   505543
  </reviews>
  <exclusive>
   no
  </exclusive>
 </clothing>
 <clothing>
  <id>
   721268039
  </id>
  <name>
   PleinSport Gloves E-2302
  </name>
  <category>
   Gloves
  </category>
  <size>
   XL
  </size>
  <color>
   Синий
  </color>
  <material>
   Шелк
  </material>
  <price>
   666924
  </price>
  <rating>
   1.17
  </rating>
  <reviews>
   46834
  </reviews>
  <new>
   +
  </new>
  <exclusive>
   yes
  </exclusive>
 </clothing>
 <clothing>
  <id>
   324842057
  </id>
  <name>
   New Balance Shoes A-9906
  </name>
  <category>
   Shoes
  </category>
  <size>
   M
  </size>
  <color>
   Зеленый
  </color>
  <material>
   Кожа
  </material>
  <price>
   111563
  </price>
  <rating>
   1.14
  </rating>
  <reviews>
   826128
  </reviews>
  <new>
   -
  </new>
  <sporty>
   no
  </sporty>
 </clothing>
 <clothing>
  <id>
   275317636
  </id>
  <name>
   New Balance Blouse Q-4622
  </name>
  <category>
   Blouse
  </category>
  <size>
   M
  </size>
  <color>
   Желтый
  </color>
  <material>
   Вискоза
  </material>
  <price>
   749829
  </price>
  <rating>
   1.43
  </rating>
  <reviews>
   153636
  </reviews>
  <sporty>
   yes
  </sporty>
 </clothing>
</clothing-items>
