<?xml version="1.0" encoding="utf-8"?>
<clothing-items>
 <clothing>
  <id>
   101217287
  </id>
  <name>
   Converse Gloves C-6315
  </name>
  <category>
   Gloves
  </category>
  <size>
   S
  </size>
  <color>
   Красный
  </color>
  <material>
   Шерсть
  </material>
  <price>
   441807
  </price>
  <rating>
   4.8
  </rating>
  <reviews>
   200270
  </reviews>
  <new>
   +
  </new>
  <exclusive>
   no
  </exclusive>
 </clothing>
 <clothing>
  <id>
   348252773
  </id>
  <name>
   Under Armour T-shirt M-5641
  </name>
  <category>
   T-shirt
  </category>
  <size>
   XXL
  </size>
  <color>
   Фиолетовый
  </color>
  <material>
   Нейлон
  </material>
  <price>
   462612
  </price>
  <rating>
   1.61
  </rating>
  <reviews>
   828186
  </reviews>
  <new>
   +
  </new>
  <sporty>
   no
  </sporty>
 </clothing>
 <clothing>
  <id>
   350331840
  </id>
  <name>
   Under Armour T-shirt S-3626
  </name>
  <category>
   T-shirt
  </category>
  <size>
   XL
  </size>
  <color>
   Зеленый
  </color>
  <material>
   Нейлон
  </material>
  <price>
   561676
  </price>
  <rating>
   1.19
  </rating>
  <reviews>
   636763
  </reviews>
  <exclusive>
   yes
  </exclusive>
  <sporty>
   no
  </sporty>
 </clothing>
 <clothing>
  <id>
   669622839
  </id>
  <name>
   Lacoste Jacket L-4448
  </name>
  <category>
   Jacket
  </category>
  <size>
   S
  </size>
  <color>
   Зеленый
  </color>
  <material>
   Кожа
  </material>
  <price>
   874518
  </price>
  <rating>
   4.79
  </rating>
  <reviews>
   56643
  </reviews>
  <new>
   -
  </new>
  <exclusive>
   yes
  </exclusive>
 </clothing>
 <clothing>
  <id>
   936847396
  </id>
  <name>
   New Balance Socks V-5029
  </name>
  <category>
   Socks
  </category>
  <size>
   M
  </size>
  <color>
   Оранжевый
  </color>
  <material>
   Кожа
  </material>
  <price>
   134952
  </price>
  <rating>
   1.94
  </rating>
  <reviews>
   582074
  </reviews>
  <exclusive>
   no
  </exclusive>
 </clothing>
 <clothing>
  <id>
   507426014
  </id>
  <name>
   Asics Handbags J-7596
  </name>
  <category>
   Handbags
  </category>
  <size>
   XL
  </size>
  <color>
   Зеленый
  </color>
  <material>
   Нейлон
  </material>
  <price>
   685834
  </price>
  <rating>
   4.26
  </rating>
  <reviews>
   881656
  </reviews>
 </clothing>
 <clothing>
  <id>
   913207215
  </id>
  <name>
   Nike Jeans U-8473
  </name>
  <category>
   Jeans
  </category>
  <size>
   XL
  </size>
  <color>
   Фиолетовый
  </color>
  <material>
   Лен
  </material>
  <price>
   943635
  </price>
  <rating>
   2.94
  </rating>
  <reviews>
   517112
  </reviews>
  <sporty>
   no
  </sporty>
 </clothing>
 <clothing>
  <id>
   665340183
  </id>
  <name>
   Under Armour Dress O-5681
  </name>
  <category>
   Dress
  </category>
  <size>
   XL
  </size>
  <color>
   Синий
  </color>
  <material>
   Шелк
  </material>
  <price>
   601292
  </price>
  <rating>
   3.03
  </rating>
  <reviews>
   995973
  </reviews>
  <exclusive>
   yes
  </exclusive>
  <sporty>
   no
  </sporty>
 </clothing>
 <clothing>
  <id>
   784672334
  </id>
  <name>
   Asics Blouse O-3833
  </name>
  <category>
   Blouse
  </category>
  <size>
   XL
  </size>
  <color>
   Желтый
  </color>
  <material>
   Шелк
  </material>
  <price>
   812674
  </price>
  <rating>
   1.45
  </rating>
  <reviews>
   366969
  </reviews>
  <new>
   -
  </new>
  <exclusive>
   no
  </exclusive>
 </clothing>
 <clothing>
  <id>
   760424235
  </id>
  <name>
   Asics Shoes B-2638
  </name>
  <category>
   Shoes
  </category>
  <size>
   XL
  </size>
  <color>
   Красный
  </color>
  <material>
   Хлопок
  </material>
  <price>
   741451
  </price>
  <rating>
   4.77
  </rating>
  <reviews>
   994230
  </reviews>
  <new>
   -
  </new>
  <exclusive>
   no
  </exclusive>
  <sporty>
   no
  </sporty>
 </clothing>
 <clothing>
  <id>
   946230781
  </id>
  <name>
   PleinSport T-shirt A-6205
  </name>
  <category>
   T-shirt
  </category>
  <size>
   XL
  </size>
  <color>
   Красный
  </color>
  <material>
   Шелк
  </material>
  <price>
   942370
  </price>
  <rating>
   2.93
  </rating>
  <reviews>
   606415
  </reviews>
  <new>
   -
  </new>
  <sporty>
   no
  </sporty>
 </clothing>
</clothing-items>
