<?xml version="1.0" encoding="utf-8"?>
<clothing-items>
 <clothing>
  <id>
   810693547
  </id>
  <name>
   Brooks Hat U-7550
  </name>
  <category>
   Hat
  </category>
  <size>
   XXL
  </size>
  <color>
   Фиолетовый
  </color>
  <material>
   Лен
  </material>
  <price>
   467770
  </price>
  <rating>
   1.01
  </rating>
  <reviews>
   485587
  </reviews>
  <exclusive>
   no
  </exclusive>
 </clothing>
 <clothing>
  <id>
   536075339
  </id>
  <name>
   Vans Umbrellas F-1396
  </name>
  <category>
   Umbrellas
  </category>
  <size>
   L
  </size>
  <color>
   Оранжевый
  </color>
  <material>
   Лен
  </material>
  <price>
   620350
  </price>
  <rating>
   3.4
  </rating>
  <reviews>
   102002
  </reviews>
 </clothing>
 <clothing>
  <id>
   901421538
  </id>
  <name>
   Adidas Socks Y-8294
  </name>
  <category>
   Socks
  </category>
  <size>
   XL
  </size>
  <color>
   Фиолетовый
  </color>
  <material>
   Вискоза
  </material>
  <price>
   889820
  </price>
  <rating>
   2.94
  </rating>
  <reviews>
   753445
  </reviews>
  <new>
   -
  </new>
 </clothing>
 <clothing>
  <id>
   877912786
  </id>
  <name>
   Ellesse T-shirt A-1134
  </name>
  <category>
   T-shirt
  </category>
  <size>
   L
  </size>
  <color>
   Красный
  </color>
  <material>
   Нейлон
  </material>
  <price>
   893025
  </price>
  <rating>
   2.47
  </rating>
  <reviews>
   547096
  </reviews>
  <new>
   -
  </new>
  <exclusive>
   yes
  </exclusive>
 </clothing>
 <clothing>
  <id>
   937097119
  </id>
  <name>
   New Balance Jacket R-5730
  </name>
  <category>
   Jacket
  </category>
  <size>
   S
  </size>
  <color>
   Оранжевый
  </color>
  <material>
   Шелк
  </material>
  <price>
   790089
  </price>
  <rating>
   4.43
  </rating>
  <reviews>
   837948
  </reviews>
  <exclusive>
   yes
  </exclusive>
  <sporty>
   yes
  </sporty>
 </clothing>
 <clothing>
  <id>
   826258903
  </id>
  <name>
   DC Belts U-8291
  </name>
  <category>
   Belts
  </category>
  <size>
   M
  </size>
  <color>
   Зеленый
  </color>
  <material>
   Вискоза
  </material>
  <price>
   948872
  </price>
  <rating>
   3.21
  </rating>
  <reviews>
   537971
  </reviews>
  <sporty>
   no
  </sporty>
 </clothing>
 <clothing>
  <id>
   913579656
  </id>
  <name>
   Ellesse Shirt T-7820
  </name>
  <category>
   Shirt
  </category>
  <size>
   XXL
  </size>
  <color>
   Оранжевый
  </color>
  <material>
   Шелк
  </material>
  <price>
   269942
  </price>
  <rating>
   3.75
  </rating>
  <reviews>
   961857
  </reviews>
  <sporty>
   yes
  </sporty>
 </clothing>
 <clothing>
  <id>
   503662200
  </id>
  <name>
   Under Armour Belts O-5099
  </name>
  <category>
   Belts
  </category>
  <size>
   XXL
  </size>
  <color>
   Синий
  </color>
  <material>
   Кожа
  </material>
  <price>
   438926
  </price>
  <rating>
   4.31
  </rating>
  <reviews>
   785748
  </reviews>
  <new>
   -
  </new>
  <sporty>
   no
  </sporty>
 </clothing>
 <clothing>
  <id>
   924014401
  </id>
  <name>
   Asics Pants L-5600
  </name>
  <category>
   Pants
  </category>
  <size>
   XL
  </size>
  <color>
   Зеленый
  </color>
  <material>
   Полиэстер
  </material>
  <price>
   195815
  </price>
  <rating>
   3.14
  </rating>
  <reviews>
   392178
  </reviews>
  <new>
   -
  </new>
 </clothing>
 <clothing>
  <id>
   355189261
  </id>
  <name>
   Puma T-shirt T-6796
  </name>
  <category>
   T-shirt
  </category>
  <size>
   M
  </size>
  <color>
   Зеленый
  </color>
  <material>
   Полиэстер
  </material>
  <price>
   377731
  </price>
  <rating>
   3.06
  </rating>
  <reviews>
   544418
  </reviews>
  <new>
   +
  </new>
  <exclusive>
   no
  </exclusive>
 </clothing>
 <clothing>
  <id>
   648739728
  </id>
  <name>
   Vans Dress G-4954
  </name>
  <category>
   Dress
  </category>
  <size>
   XXL
  </size>
  <color>
   Синий
  </color>
  <material>
   Лен
  </material>
  <price>
   907803
  </price>
  <rating>
   2.33
  </rating>
  <reviews>
   585632
  </reviews>
  <exclusive>
   yes
  </exclusive>
 </clothing>
 <clothing>
  <id>
   834750301
  </id>
  <name>
   Adidas Belts B-7947
  </name>
  <category>
   Belts
  </category>
  <size>
   M
  </size>
  <color>
   Оранжевый
  </color>
  <material>
   Шерсть
  </material>
  <price>
   903376
  </price>
  <rating>
   4.19
  </rating>
  <reviews>
   212737
  </reviews>
  <exclusive>
   no
  </exclusive>
 </clothing>
 <clothing>
  <id>
   382830768
  </id>
  <name>
   Under Armour Skirt O-1271
  </name>
  <category>
   Skirt
  </category>
  <size>
   L
  </size>
  <color>
   Желтый
  </color>
  <material>
   Шелк
  </material>
  <price>
   586517
  </price>
  <rating>
   2.3
  </rating>
  <reviews>
   646797
  </reviews>
  <exclusive>
   no
  </exclusive>
 </clothing>
 <clothing>
  <id>
   267287521
  </id>
  <name>
   Adidas Belts E-4707
  </name>
  <category>
   Belts
  </category>
  <size>
   S
  </size>
  <color>
   Желтый
  </color>
  <material>
   Кожа
  </material>
  <price>
   598270
  </price>
  <rating>
   1.95
  </rating>
  <reviews>
   9376
  </reviews>
  <new>
   +
  </new>
  <exclusive>
   no
  </exclusive>
  <sporty>
   no
  </sporty>
 </clothing>
 <clothing>
  <id>
   354116854
  </id>
  <name>
   Converse Sweater C-4790
  </name>
  <category>
   Sweater
  </category>
  <size>
   S
  </size>
  <color>
   Оранжевый
  </color>
  <material>
   Кожа
  </material>
  <price>
   192482
  </price>
  <rating>
   1.57
  </rating>
  <reviews>
   245005
  </reviews>
  <sporty>
   yes
  </sporty>
 </clothing>
 <clothing>
  <id>
   802706339
  </id>
  <name>
   Nike T-shirt K-9933
  </name>
  <category>
   T-shirt
  </category>
  <size>
   M
  </size>
  <color>
   Красный
  </color>
  <material>
   Вискоза
  </material>
  <price>
   387400
  </price>
  <rating>
   3.46
  </rating>
  <reviews>
   927478
  </reviews>
  <exclusive>
   no
  </exclusive>
  <sporty>
   no
  </sporty>
 </clothing>
</clothing-items>
