<?xml version="1.0" encoding="utf-8"?>
<clothing-items>
 <clothing>
  <id>
   797572849
  </id>
  <name>
   Ellesse Hat Y-7544
  </name>
  <category>
   Hat
  </category>
  <size>
   XL
  </size>
  <color>
   Голубой
  </color>
  <material>
   Хлопок
  </material>
  <price>
   559729
  </price>
  <rating>
   1.66
  </rating>
  <reviews>
   164202
  </reviews>
  <new>
   +
  </new>
  <exclusive>
   no
  </exclusive>
 </clothing>
 <clothing>
  <id>
   544217477
  </id>
  <name>
   DC Skirt H-6290
  </name>
  <category>
   Skirt
  </category>
  <size>
   S
  </size>
  <color>
   Оранжевый
  </color>
  <material>
   Шелк
  </material>
  <price>
   740197
  </price>
  <rating>
   3.3
  </rating>
  <reviews>
   475127
  </reviews>
  <new>
   +
  </new>
 </clothing>
 <clothing>
  <id>
   918071614
  </id>
  <name>
   Vans Skirt C-8361
  </name>
  <category>
   Skirt
  </category>
  <size>
   M
  </size>
  <color>
   Желтый
  </color>
  <material>
   Хлопок
  </material>
  <price>
   332087
  </price>
  <rating>
   1.09
  </rating>
  <reviews>
   116869
  </reviews>
  <new>
   +
  </new>
  <exclusive>
   no
  </exclusive>
 </clothing>
 <clothing>
  <id>
   289901692
  </id>
  <name>
   Puma Belts I-9984
  </name>
  <category>
   Belts
  </category>
  <size>
   L
  </size>
  <color>
   Фиолетовый
  </color>
  <material>
   Нейлон
  </material>
  <price>
   383966
  </price>
  <rating>
   3.29
  </rating>
  <reviews>
   958071
  </reviews>
  <new>
   -
  </new>
  <exclusive>
   no
  </exclusive>
  <sporty>
   no
  </sporty>
 </clothing>
 <clothing>
  <id>
   216437943
  </id>
  <name>
   Vans Jacket W-4008
  </name>
  <category>
   Jacket
  </category>
  <size>
   XXL
  </size>
  <color>
   Фиолетовый
  </color>
  <material>
   Полиэстер
  </material>
  <price>
   101293
  </price>
  <rating>
   3.78
  </rating>
  <reviews>
   216298
  </reviews>
  <sporty>
   yes
  </sporty>
 </clothing>
 <clothing>
  <id>
   555871515
  </id>
  <name>
   Fila Jacket K-2390
  </name>
  <category>
   Jacket
  </category>
  <size>
   L
  </size>
  <color>
   Желтый
  </color>
  <material>
   Полиэстер
  </material>
  <price>
   131547
  </price>
  <rating>
   2.97
  </rating>
  <reviews>
   36778
  </reviews>
  <new>
   -
  </new>
  <exclusive>
   no
  </exclusive>
  <sporty>
   yes
  </sporty>
 </clothing>
 <clothing>
  <id>
   893555816
  </id>
  <name>
   Lacoste Gloves S-5005
  </name>
  <category>
   Gloves
  </category>
  <size>
   M
  </size>
  <color>
   Фиолетовый
  </color>
  <material>
   Полиэстер
  </material>
  <price>
   616396
  </price>
  <rating>
   3.89
  </rating>
  <reviews>
   44732
  </reviews>
  <exclusive>
   no
  </exclusive>
  <sporty>
   yes
  </sporty>
 </clothing>
 <clothing>
  <id>
   266186867
  </id>
  <name>
   Converse Shoes P-7484
  </name>
  <category>
   Shoes
  </category>
  <size>
   L
  </size>
  <color>
   Оранжевый
  </color>
  <material>
   Шелк
  </material>
  <price>
   113324
  </price>
  <rating>
   1.32
  </rating>
  <reviews>
   253510
  </reviews>
  <new>
   -
  </new>
  <exclusive>
   yes
  </exclusive>
  <sporty>
   no
  </sporty>
 </clothing>
 <clothing>
  <id>
   702629665
  </id>
  <name>
   Addidas Skirt F-8667
  </name>
  <category>
   Skirt
  </category>
  <size>
   XL
  </size>
  <color>
   Оранжевый
  </color>
  <material>
   Нейлон
  </material>
  <price>
   350462
  </price>
  <rating>
   4.12
  </rating>
  <reviews>
   632186
  </reviews>
  <new>
   -
  </new>
  <exclusive>
   no
  </exclusive>
  <sporty>
   no
  </sporty>
 </clothing>
 <clothing>
  <id>
   767946359
  </id>
  <name>
   Lacoste Socks J-8259
  </name>
  <category>
   Socks
  </category>
  <size>
   XL
  </size>
  <color>
   Голубой
  </color>
  <material>
   Нейлон
  </material>
  <price>
   129458
  </price>
  <rating>
   2.52
  </rating>
  <reviews>
   298394
  </reviews>
  <new>
   -
  </new>
  <exclusive>
   yes
  </exclusive>
  <sporty>
   no
  </sporty>
 </clothing>
 <clothing>
  <id>
   316760309
  </id>
  <name>
   Reebok Blouse L-1429
  </name>
  <category>
   Blouse
  </category>
  <size>
   XL
  </size>
  <color>
   Голубой
  </color>
  <material>
   Хлопок
  </material>
  <price>
   882667
  </price>
  <rating>
   4.52
  </rating>
  <reviews>
   866893
  </reviews>
  <new>
   +
  </new>
  <sporty>
   no
  </sporty>
 </clothing>
 <clothing>
  <id>
   182995851
  </id>
  <name>
   PleinSport Umbrellas L-3280
  </name>
  <category>
   Umbrellas
  </category>
  <size>
   L
  </size>
  <color>
   Фиолетовый
  </color>
  <material>
   Шелк
  </material>
  <price>
   802231
  </price>
  <rating>
   2.78
  </rating>
  <reviews>
   779959
  </reviews>
  <new>
   +
  </new>
 </clothing>
 <clothing>
  <id>
   649522221
  </id>
  <name>
   DC Jeans D-9976
  </name>
  <category>
   Jeans
  </category>
  <size>
   M
  </size>
  <color>
   Голубой
  </color>
  <material>
   Лен
  </material>
  <price>
   453592
  </price>
  <rating>
   2.13
  </rating>
  <reviews>
   79560
  </reviews>
  <new>
   -
  </new>
  <exclusive>
   yes
  </exclusive>
  <sporty>
   yes
  </sporty>
 </clothing>
 <clothing>
  <id>
   618358473
  </id>
  <name>
   Adidas Socks E-9862
  </name>
  <category>
   Socks
  </category>
  <size>
   XL
  </size>
  <color>
   Желтый
  </color>
  <material>
   Лен
  </material>
  <price>
   104035
  </price>
  <rating>
   3.98
  </rating>
  <reviews>
   391091
  </reviews>
  <new>
   -
  </new>
 </clothing>
 <clothing>
  <id>
   822803618
  </id>
  <name>
   Ellesse Jacket N-1863
  </name>
  <category>
   Jacket
  </category>
  <size>
   S
  </size>
  <color>
   Красный
  </color>
  <material>
   Полиэстер
  </material>
  <price>
   604409
  </price>
  <rating>
   3.05
  </rating>
  <reviews>
   889959
  </reviews>
  <exclusive>
   no
  </exclusive>
  <sporty>
   yes
  </sporty>
 </clothing>
 <clothing>
  <id>
   697928708
  </id>
  <name>
   Asics Dress T-8880
  </name>
  <category>
   Dress
  </category>
  <size>
   XL
  </size>
  <color>
   Синий
  </color>
  <material>
   Лен
  </material>
  <price>
   860714
  </price>
  <rating>
   2.77
  </rating>
  <reviews>
   939301
  </reviews>
 </clothing>
 <clothing>
  <id>
   548168597
  </id>
  <name>
   DC Jacket C-3777
  </name>
  <category>
   Jacket
  </category>
  <size>
   XXL
  </size>
  <color>
   Желтый
  </color>
  <material>
   Шелк
  </material>
  <price>
   979135
  </price>
  <rating>
   4.07
  </rating>
  <reviews>
   999227
  </reviews>
  <sporty>
   no
  </sporty>
 </clothing>
 <clothing>
  <id>
   319392101
  </id>
  <name>
   Adidas Skirt L-2116
  </name>
  <category>
   Skirt
  </category>
  <size>
   L
  </size>
  <color>
   Красный
  </color>
  <material>
   Нейлон
  </material>
  <price>
   689576
  </price>
  <rating>
   4.26
  </rating>
  <reviews>
   781261
  </reviews>
  <new>
   +
  </new>
  <exclusive>
   no
  </exclusive>
 </clothing>
 <clothing>
  <id>
   810010264
  </id>
  <name>
   New Balance Umbrellas C-6260
  </name>
  <category>
   Umbrellas
  </category>
  <size>
   S
  </size>
  <color>
   Желтый
  </color>
  <material>
   Шерсть
  </material>
  <price>
   606169
  </price>
  <rating>
   2.01
  </rating>
  <reviews>
   398837
  </reviews>
  <new>
   -
  </new>
  <exclusive>
   no
  </exclusive>
 </clothing>
 <clothing>
  <id>
   398813063
  </id>
  <name>
   New Balance Hat G-8787
  </name>
  <category>
   Hat
  </category>
  <size>
   XL
  </size>
  <color>
   Оранжевый
  </color>
  <material>
   Шерсть
  </material>
  <price>
   767280
  </price>
  <rating>
   3.44
  </rating>
  <reviews>
   747940
  </reviews>
  <new>
   -
  </new>
  <exclusive>
   no
  </exclusive>
  <sporty>
   yes
  </sporty>
 </clothing>
 <clothing>
  <id>
   330653680
  </id>
  <name>
   Asics Sweater B-6589
  </name>
  <category>
   Sweater
  </category>
  <size>
   XXL
  </size>
  <color>
   Зеленый
  </color>
  <material>
   Нейлон
  </material>
  <price>
   672770
  </price>
  <rating>
   4.75
  </rating>
  <reviews>
   492729
  </reviews>
  <exclusive>
   no
  </exclusive>
  <sporty>
   yes
  </sporty>
 </clothing>
 <clothing>
  <id>
   140761133
  </id>
  <name>
   Vans Belts W-6426
  </name>
  <category>
   Belts
  </category>
  <size>
   XL
  </size>
  <color>
   Голубой
  </color>
  <material>
   Нейлон
  </material>
  <price>
   156114
  </price>
  <rating>
   1.89
  </rating>
  <reviews>
   440198
  </reviews>
  <exclusive>
   no
  </exclusive>
  <sporty>
   no
  </sporty>
 </clothing>
 <clothing>
  <id>
   799835709
  </id>
  <name>
   Lacoste Gloves C-5505
  </name>
  <category>
   Gloves
  </category>
  <size>
   XXL
  </size>
  <color>
   Синий
  </color>
  <material>
   Полиэстер
  </material>
  <price>
   997879
  </price>
  <rating>
   3.49
  </rating>
  <reviews>
   11857
  </reviews>
 </clothing>
 <clothing>
  <id>
   337782051
  </id>
  <name>
   Converse Shoes W-5147
  </name>
  <category>
   Shoes
  </category>
  <size>
   M
  </size>
  <color>
   Голубой
  </color>
  <material>
   Шелк
  </material>
  <price>
   987917
  </price>
  <rating>
   2.95
  </rating>
  <reviews>
   82430
  </reviews>
  <new>
   -
  </new>
  <sporty>
   no
  </sporty>
 </clothing>
 <clothing>
  <id>
   209470713
  </id>
  <name>
   Vans Dress W-6432
  </name>
  <category>
   Dress
  </category>
  <size>
   L
  </size>
  <color>
   Фиолетовый
  </color>
  <material>
   Лен
  </material>
  <price>
   392094
  </price>
  <rating>
   3.43
  </rating>
  <reviews>
   892928
  </reviews>
  <exclusive>
   yes
  </exclusive>
  <sporty>
   yes
  </sporty>
 </clothing>
 <clothing>
  <id>
   785536973
  </id>
  <name>
   Puma Sweater V-6687
  </name>
  <category>
   Sweater
  </category>
  <size>
   L
  </size>
  <color>
   Оранжевый
  </color>
  <material>
   Нейлон
  </material>
  <price>
   645540
  </price>
  <rating>
   1.46
  </rating>
  <reviews>
   216218
  </reviews>
  <exclusive>
   no
  </exclusive>
  <sporty>
   no
  </sporty>
 </clothing>
 <clothing>
  <id>
   125133413
  </id>
  <name>
   Asics T-shirt A-3615
  </name>
  <category>
   T-shirt
  </category>
  <size>
   XL
  </size>
  <color>
   Фиолетовый
  </color>
  <material>
   Шелк
  </material>
  <price>
   109504
  </price>
  <rating>
   1.12
  </rating>
  <reviews>
   923358
  </reviews>
  <new>
   +
  </new>
  <exclusive>
   yes
  </exclusive>
  <sporty>
   yes
  </sporty>
 </clothing>
 <clothing>
  <id>
   765685348
  </id>
  <name>
   Ellesse Handbags K-4363
  </name>
  <category>
   Handbags
  </category>
  <size>
   L
  </size>
  <color>
   Зеленый
  </color>
  <material>
   Шерсть
  </material>
  <price>
   760530
  </price>
  <rating>
   1.86
  </rating>
  <reviews>
   711774
  </reviews>
  <exclusive>
   no
  </exclusive>
  <sporty>
   yes
  </sporty>
 </clothing>
 <clothing>
  <id>
   686521235
  </id>
  <name>
   Puma T-shirt X-3442
  </name>
  <category>
   T-shirt
  </category>
  <size>
   S
  </size>
  <color>
   Желтый
  </color>
  <material>
   Вискоза
  </material>
  <price>
   840082
  </price>
  <rating>
   2.24
  </rating>
  <reviews>
   561472
  </reviews>
  <new>
   -
  </new>
  <exclusive>
   no
  </exclusive>
 </clothing>
 <clothing>
  <id>
   790489005
  </id>
  <name>
   Brooks Umbrellas N-5128
  </name>
  <category>
   Umbrellas
  </category>
  <size>
   M
  </size>
  <color>
   Синий
  </color>
  <material>
   Кожа
  </material>
  <price>
   976104
  </price>
  <rating>
   3.35
  </rating>
  <reviews>
   998048
  </reviews>
  <sporty>
   yes
  </sporty>
 </clothing>
 <clothing>
  <id>
   518589144
  </id>
  <name>
   Adidas Jeans F-5993
  </name>
  <category>
   Jeans
  </category>
  <size>
   M
  </size>
  <color>
   Фиолетовый
  </color>
  <material>
   Лен
  </material>
  <price>
   191880
  </price>
  <rating>
   2.54
  </rating>
  <reviews>
   544868
  </reviews>
  <new>
   -
  </new>
  <exclusive>
   no
  </exclusive>
  <sporty>
   yes
  </sporty>
 </clothing>
 <clothing>
  <id>
   562224492
  </id>
  <name>
   Adidas Jacket Z-2380
  </name>
  <category>
   Jacket
  </category>
  <size>
   L
  </size>
  <color>
   Красный
  </color>
  <material>
   Кожа
  </material>
  <price>
   436250
  </price>
  <rating>
   4.53
  </rating>
  <reviews>
   950428
  </reviews>
  <new>
   +
  </new>
  <exclusive>
   no
  </exclusive>
  <sporty>
   yes
  </sporty>
 </clothing>
 <clothing>
  <id>
   415860826
  </id>
  <name>
   Reebok Sweater N-9252
  </name>
  <category>
   Sweater
  </category>
  <size>
   L
  </size>
  <color>
   Красный
  </color>
  <material>
   Лен
  </material>
  <price>
   585765
  </price>
  <rating>
   3.95
  </rating>
  <reviews>
   563531
  </reviews>
  <new>
   -
  </new>
  <sporty>
   yes
  </sporty>
 </clothing>
 <clothing>
  <id>
   626508760
  </id>
  <name>
   Asics Sweater X-1222
  </name>
  <category>
   Sweater
  </category>
  <size>
   L
  </size>
  <color>
   Фиолетовый
  </color>
  <material>
   Шелк
  </material>
  <price>
   121360
  </price>
  <rating>
   2.55
  </rating>
  <reviews>
   210274
  </reviews>
  <new>
   -
  </new>
  <sporty>
   no
  </sporty>
 </clothing>
 <clothing>
  <id>
   662051348
  </id>
  <name>
   Converse Shirt D-4056
  </name>
  <category>
   Shirt
  </category>
  <size>
   M
  </size>
  <color>
   Зеленый
  </color>
  <material>
   Нейлон
  </material>
  <price>
   586350
  </price>
  <rating>
   3.62
  </rating>
  <reviews>
   509765
  </reviews>
  <new>
   +
  </new>
  <exclusive>
   no
  </exclusive>
  <sporty>
   no
  </sporty>
 </clothing>
 <clothing>
  <id>
   862790263
  </id>
  <name>
   New Balance Hat R-8346
  </name>
  <category>
   Hat
  </category>
  <size>
   XXL
  </size>
  <color>
   Голубой
  </color>
  <material>
   Шелк
  </material>
  <price>
   715853
  </price>
  <rating>
   4.46
  </rating>
  <reviews>
   180524
  </reviews>
  <new>
   +
  </new>
  <sporty>
   no
  </sporty>
 </clothing>
 <clothing>
  <id>
   830557739
  </id>
  <name>
   Brooks Skirt A-1475
  </name>
  <category>
   Skirt
  </category>
  <size>
   M
  </size>
  <color>
   Голубой
  </color>
  <material>
   Вискоза
  </material>
  <price>
   181168
  </price>
  <rating>
   4.1
  </rating>
  <reviews>
   699169
  </reviews>
  <new>
   -
  </new>
  <exclusive>
   no
  </exclusive>
  <sporty>
   yes
  </sporty>
 </clothing>
 <clothing>
  <id>
   965502782
  </id>
  <name>
   New Balance Skirt F-2060
  </name>
  <category>
   Skirt
  </category>
  <size>
   XXL
  </size>
  <color>
   Голубой
  </color>
  <material>
   Лен
  </material>
  <price>
   599975
  </price>
  <rating>
   3.04
  </rating>
  <reviews>
   843471
  </reviews>
  <exclusive>
   no
  </exclusive>
 </clothing>
 <clothing>
  <id>
   765092843
  </id>
  <name>
   Fila Jeans Y-4490
  </name>
  <category>
   Jeans
  </category>
  <size>
   L
  </size>
  <color>
   Оранжевый
  </color>
  <material>
   Вискоза
  </material>
  <price>
   117323
  </price>
  <rating>
   1.77
  </rating>
  <reviews>
   522682
  </reviews>
  <new>
   +
  </new>
  <sporty>
   yes
  </sporty>
 </clothing>
 <clothing>
  <id>
   717609724
  </id>
  <name>
   Nike Pants P-3004
  </name>
  <category>
   Pants
  </category>
  <size>
   L
  </size>
  <color>
   Оранжевый
  </color>
  <material>
   Шелк
  </material>
  <price>
   940334
  </price>
  <rating>
   3.69
  </rating>
  <reviews>
   476338
  </reviews>
  <new>
   +
  </new>
  <sporty>
   yes
  </sporty>
 </clothing>
 <clothing>
  <id>
   263087253
  </id>
  <name>
   Puma Gloves W-1106
  </name>
  <category>
   Gloves
  </category>
  <size>
   XL
  </size>
  <color>
   Оранжевый
  </color>
  <material>
   Кожа
  </material>
  <price>
   799169
  </price>
  <rating>
   4.58
  </rating>
  <reviews>
   814462
  </reviews>
  <new>
   +
  </new>
  <sporty>
   yes
  </sporty>
 </clothing>
 <clothing>
  <id>
   822737990
  </id>
  <name>
   Nike Umbrellas E-2237
  </name>
  <category>
   Umbrellas
  </category>
  <size>
   L
  </size>
  <color>
   Оранжевый
  </color>
  <material>
   Полиэстер
  </material>
  <price>
   414141
  </price>
  <rating>
   2.64
  </rating>
  <reviews>
   188123
  </reviews>
  <new>
   +
  </new>
  <sporty>
   yes
  </sporty>
 </clothing>
 <clothing>
  <id>
   207885434
  </id>
  <name>
   Converse Shirt C-3160
  </name>
  <category>
   Shirt
  </category>
  <size>
   XXL
  </size>
  <color>
   Оранжевый
  </color>
  <material>
   Полиэстер
  </material>
  <price>
   764315
  </price>
  <rating>
   1.98
  </rating>
  <reviews>
   507933
  </reviews>
  <new>
   -
  </new>
  <sporty>
   no
  </sporty>
 </clothing>
 <clothing>
  <id>
   458942506
  </id>
  <name>
   Brooks Umbrellas Q-7665
  </name>
  <category>
   Umbrellas
  </category>
  <size>
   XXL
  </size>
  <color>
   Синий
  </color>
  <material>
   Лен
  </material>
  <price>
   995632
  </price>
  <rating>
   1.9
  </rating>
  <reviews>
   997066
  </reviews>
  <new>
   -
  </new>
  <exclusive>
   yes
  </exclusive>
 </clothing>
 <clothing>
  <id>
   266852665
  </id>
  <name>
   Vans Shoes J-4582
  </name>
  <category>
   Shoes
  </category>
  <size>
   L
  </size>
  <color>
   Фиолетовый
  </color>
  <material>
   Шелк
  </material>
  <price>
   752841
  </price>
  <rating>
   4.35
  </rating>
  <reviews>
   924704
  </reviews>
  <new>
   -
  </new>
  <exclusive>
   yes
  </exclusive>
  <sporty>
   yes
  </sporty>
 </clothing>
 <clothing>
  <id>
   502775709
  </id>
  <name>
   New Balance Shoes Q-7701
  </name>
  <category>
   Shoes
  </category>
  <size>
   XL
  </size>
  <color>
   Красный
  </color>
  <material>
   Хлопок
  </material>
  <price>
   307973
  </price>
  <rating>
   2.27
  </rating>
  <reviews>
   465047
  </reviews>
  <new>
   -
  </new>
 </clothing>
 <clothing>
  <id>
   471992887
  </id>
  <name>
   Asics Jacket U-8287
  </name>
  <category>
   Jacket
  </category>
  <size>
   XL
  </size>
  <color>
   Голубой
  </color>
  <material>
   Хлопок
  </material>
  <price>
   791865
  </price>
  <rating>
   3.07
  </rating>
  <reviews>
   563651
  </reviews>
  <new>
   -
  </new>
  <exclusive>
   yes
  </exclusive>
  <sporty>
   yes
  </sporty>
 </clothing>
 <clothing>
  <id>
   742529700
  </id>
  <name>
   Ellesse Gloves C-5288
  </name>
  <category>
   Gloves
  </category>
  <size>
   S
  </size>
  <color>
   Оранжевый
  </color>
  <material>
   Нейлон
  </material>
  <price>
   770077
  </price>
  <rating>
   3.78
  </rating>
  <reviews>
   607687
  </reviews>
  <exclusive>
   no
  </exclusive>
 </clothing>
 <clothing>
  <id>
   653013140
  </id>
  <name>
   Puma Socks M-4990
  </name>
  <category>
   Socks
  </category>
  <size>
   M
  </size>
  <color>
   Голубой
  </color>
  <material>
   Шелк
  </material>
  <price>
   630652
  </price>
  <rating>
   2.6
  </rating>
  <reviews>
   623634
  </reviews>
  <new>
   +
  </new>
 </clothing>
</clothing-items>
