<?xml version="1.0" encoding="utf-8"?>
<clothing-items>
 <clothing>
  <id>
   201264779
  </id>
  <name>
   Lacoste Shoes D-2037
  </name>
  <category>
   Shoes
  </category>
  <size>
   XL
  </size>
  <color>
   Оранжевый
  </color>
  <material>
   Шелк
  </material>
  <price>
   257401
  </price>
  <rating>
   3.72
  </rating>
  <reviews>
   679749
  </reviews>
 </clothing>
 <clothing>
  <id>
   288120056
  </id>
  <name>
   Converse Socks S-8563
  </name>
  <category>
   Socks
  </category>
  <size>
   L
  </size>
  <color>
   Красный
  </color>
  <material>
   Кожа
  </material>
  <price>
   127639
  </price>
  <rating>
   4.8
  </rating>
  <reviews>
   831259
  </reviews>
  <exclusive>
   no
  </exclusive>
  <sporty>
   no
  </sporty>
 </clothing>
 <clothing>
  <id>
   382573921
  </id>
  <name>
   Vans Handbags D-1622
  </name>
  <category>
   Handbags
  </category>
  <size>
   M
  </size>
  <color>
   Оранжевый
  </color>
  <material>
   Кожа
  </material>
  <price>
   338730
  </price>
  <rating>
   2.54
  </rating>
  <reviews>
   940622
  </reviews>
  <sporty>
   no
  </sporty>
 </clothing>
 <clothing>
  <id>
   841229360
  </id>
  <name>
   Brooks Shirt M-7466
  </name>
  <category>
   Shirt
  </category>
  <size>
   XL
  </size>
  <color>
   Фиолетовый
  </color>
  <material>
   Шелк
  </material>
  <price>
   833223
  </price>
  <rating>
   2.67
  </rating>
  <reviews>
   81107
  </reviews>
  <exclusive>
   no
  </exclusive>
 </clothing>
 <clothing>
  <id>
   592823976
  </id>
  <name>
   Under Armour Gloves B-6422
  </name>
  <category>
   Gloves
  </category>
  <size>
   S
  </size>
  <color>
   Желтый
  </color>
  <material>
   Шелк
  </material>
  <price>
   743683
  </price>
  <rating>
   4.56
  </rating>
  <reviews>
   800179
  </reviews>
  <exclusive>
   yes
  </exclusive>
 </clothing>
 <clothing>
  <id>
   203469776
  </id>
  <name>
   Vans Dress P-6449
  </name>
  <category>
   Dress
  </category>
  <size>
   L
  </size>
  <color>
   Зеленый
  </color>
  <material>
   Шелк
  </material>
  <price>
   844891
  </price>
  <rating>
   1.65
  </rating>
  <reviews>
   554467
  </reviews>
  <exclusive>
   yes
  </exclusive>
  <sporty>
   yes
  </sporty>
 </clothing>
 <clothing>
  <id>
   822672686
  </id>
  <name>
   Adidas Shoes L-8404
  </name>
  <category>
   Shoes
  </category>
  <size>
   XL
  </size>
  <color>
   Красный
  </color>
  <material>
   Хлопок
  </material>
  <price>
   251784
  </price>
  <rating>
   3.21
  </rating>
  <reviews>
   260504
  </reviews>
  <exclusive>
   no
  </exclusive>
  <sporty>
   no
  </sporty>
 </clothing>
 <clothing>
  <id>
   302539447
  </id>
  <name>
   Brooks Sweater F-6447
  </name>
  <category>
   Sweater
  </category>
  <size>
   S
  </size>
  <color>
   Оранжевый
  </color>
  <material>
   Шелк
  </material>
  <price>
   278820
  </price>
  <rating>
   4.88
  </rating>
  <reviews>
   831569
  </reviews>
  <new>
   +
  </new>
  <exclusive>
   yes
  </exclusive>
  <sporty>
   yes
  </sporty>
 </clothing>
 <clothing>
  <id>
   552852886
  </id>
  <name>
   Nike Pants M-5370
  </name>
  <category>
   Pants
  </category>
  <size>
   L
  </size>
  <color>
   Зеленый
  </color>
  <material>
   Шерсть
  </material>
  <price>
   406954
  </price>
  <rating>
   4.29
  </rating>
  <reviews>
   18441
  </reviews>
  <new>
   -
  </new>
  <exclusive>
   no
  </exclusive>
  <sporty>
   yes
  </sporty>
 </clothing>
 <clothing>
  <id>
   954360536
  </id>
  <name>
   Nike Blouse D-9762
  </name>
  <category>
   Blouse
  </category>
  <size>
   L
  </size>
  <color>
   Оранжевый
  </color>
  <material>
   Лен
  </material>
  <price>
   327045
  </price>
  <rating>
   4.32
  </rating>
  <reviews>
   452958
  </reviews>
  <new>
   -
  </new>
  <exclusive>
   no
  </exclusive>
  <sporty>
   yes
  </sporty>
 </clothing>
 <clothing>
  <id>
   637965055
  </id>
  <name>
   Ellesse Jacket O-8538
  </name>
  <category>
   Jacket
  </category>
  <size>
   XL
  </size>
  <color>
   Оранжевый
  </color>
  <material>
   Хлопок
  </material>
  <price>
   399834
  </price>
  <rating>
   3.1
  </rating>
  <reviews>
   472140
  </reviews>
  <new>
   +
  </new>
 </clothing>
 <clothing>
  <id>
   231617795
  </id>
  <name>
   Ellesse Belts A-3984
  </name>
  <category>
   Belts
  </category>
  <size>
   L
  </size>
  <color>
   Красный
  </color>
  <material>
   Шерсть
  </material>
  <price>
   666729
  </price>
  <rating>
   2.3
  </rating>
  <reviews>
   456554
  </reviews>
 </clothing>
 <clothing>
  <id>
   819847124
  </id>
  <name>
   Adidas Jeans J-5151
  </name>
  <category>
   Jeans
  </category>
  <size>
   M
  </size>
  <color>
   Зеленый
  </color>
  <material>
   Кожа
  </material>
  <price>
   609901
  </price>
  <rating>
   1.81
  </rating>
  <reviews>
   229247
  </reviews>
  <new>
   +
  </new>
  <sporty>
   yes
  </sporty>
 </clothing>
 <clothing>
  <id>
   760343606
  </id>
  <name>
   Lacoste Gloves T-4422
  </name>
  <category>
   Gloves
  </category>
  <size>
   M
  </size>
  <color>
   Синий
  </color>
  <material>
   Шелк
  </material>
  <price>
   127659
  </price>
  <rating>
   1.42
  </rating>
  <reviews>
   640906
  </reviews>
  <new>
   +
  </new>
  <exclusive>
   no
  </exclusive>
  <sporty>
   no
  </sporty>
 </clothing>
 <clothing>
  <id>
   171892001
  </id>
  <name>
   Under Armour Umbrellas Y-4271
  </name>
  <category>
   Umbrellas
  </category>
  <size>
   M
  </size>
  <color>
   Оранжевый
  </color>
  <material>
   Шерсть
  </material>
  <price>
   578454
  </price>
  <rating>
   1.25
  </rating>
  <reviews>
   499595
  </reviews>
  <new>
   -
  </new>
  <sporty>
   no
  </sporty>
 </clothing>
 <clothing>
  <id>
   582455414
  </id>
  <name>
   Addidas Jeans L-5797
  </name>
  <category>
   Jeans
  </category>
  <size>
   M
  </size>
  <color>
   Зеленый
  </color>
  <material>
   Шелк
  </material>
  <price>
   894097
  </price>
  <rating>
   3.52
  </rating>
  <reviews>
   17966
  </reviews>
  <new>
   +
  </new>
  <exclusive>
   no
  </exclusive>
  <sporty>
   no
  </sporty>
 </clothing>
 <clothing>
  <id>
   693595773
  </id>
  <name>
   Fila Umbrellas H-2841
  </name>
  <category>
   Umbrellas
  </category>
  <size>
   XL
  </size>
  <color>
   Зеленый
  </color>
  <material>
   Кожа
  </material>
  <price>
   366275
  </price>
  <rating>
   4.79
  </rating>
  <reviews>
   713376
  </reviews>
  <new>
   +
  </new>
  <exclusive>
   no
  </exclusive>
 </clothing>
 <clothing>
  <id>
   653318512
  </id>
  <name>
   PleinSport Sweater F-6486
  </name>
  <category>
   Sweater
  </category>
  <size>
   XL
  </size>
  <color>
   Красный
  </color>
  <material>
   Полиэстер
  </material>
  <price>
   153257
  </price>
  <rating>
   3.7
  </rating>
  <reviews>
   442039
  </reviews>
  <sporty>
   no
  </sporty>
 </clothing>
 <clothing>
  <id>
   860392763
  </id>
  <name>
   Ellesse Jacket A-7197
  </name>
  <category>
   Jacket
  </category>
  <size>
   L
  </size>
  <color>
   Голубой
  </color>
  <material>
   Вискоза
  </material>
  <price>
   100001
  </price>
  <rating>
   4.44
  </rating>
  <reviews>
   478847
  </reviews>
  <sporty>
   yes
  </sporty>
 </clothing>
 <clothing>
  <id>
   931843621
  </id>
  <name>
   Puma T-shirt K-3142
  </name>
  <category>
   T-shirt
  </category>
  <size>
   XXL
  </size>
  <color>
   Зеленый
  </color>
  <material>
   Нейлон
  </material>
  <price>
   941741
  </price>
  <rating>
   2.76
  </rating>
  <reviews>
   165582
  </reviews>
  <new>
   -
  </new>
  <sporty>
   no
  </sporty>
 </clothing>
 <clothing>
  <id>
   569069634
  </id>
  <name>
   Vans Hat F-1626
  </name>
  <category>
   Hat
  </category>
  <size>
   L
  </size>
  <color>
   Зеленый
  </color>
  <material>
   Шелк
  </material>
  <price>
   838689
  </price>
  <rating>
   4.56
  </rating>
  <reviews>
   428403
  </reviews>
  <exclusive>
   no
  </exclusive>
 </clothing>
 <clothing>
  <id>
   789640423
  </id>
  <name>
   Adidas Dress Z-6637
  </name>
  <category>
   Dress
  </category>
  <size>
   XXL
  </size>
  <color>
   Фиолетовый
  </color>
  <material>
   Полиэстер
  </material>
  <price>
   618270
  </price>
  <rating>
   2.4
  </rating>
  <reviews>
   388322
  </reviews>
  <exclusive>
   no
  </exclusive>
 </clothing>
 <clothing>
  <id>
   186509062
  </id>
  <name>
   Converse Belts T-4001
  </name>
  <category>
   Belts
  </category>
  <size>
   XXL
  </size>
  <color>
   Фиолетовый
  </color>
  <material>
   Шелк
  </material>
  <price>
   993433
  </price>
  <rating>
   3.88
  </rating>
  <reviews>
   127528
  </reviews>
  <new>
   +
  </new>
  <exclusive>
   yes
  </exclusive>
  <sporty>
   no
  </sporty>
 </clothing>
 <clothing>
  <id>
   454781046
  </id>
  <name>
   PleinSport Skirt V-9715
  </name>
  <category>
   Skirt
  </category>
  <size>
   XL
  </size>
  <color>
   Голубой
  </color>
  <material>
   Хлопок
  </material>
  <price>
   794674
  </price>
  <rating>
   4.21
  </rating>
  <reviews>
   43890
  </reviews>
  <exclusive>
   no
  </exclusive>
 </clothing>
</clothing-items>
