<?xml version="1.0" encoding="utf-8"?>
<clothing-items>
 <clothing>
  <id>
   543835591
  </id>
  <name>
   Under Armour Socks G-6042
  </name>
  <category>
   Socks
  </category>
  <size>
   M
  </size>
  <color>
   Оранжевый
  </color>
  <material>
   Лен
  </material>
  <price>
   362304
  </price>
  <rating>
   1.0
  </rating>
  <reviews>
   161024
  </reviews>
  <new>
   +
  </new>
  <sporty>
   no
  </sporty>
 </clothing>
 <clothing>
  <id>
   857558985
  </id>
  <name>
   Lacoste Shirt N-6862
  </name>
  <category>
   Shirt
  </category>
  <size>
   L
  </size>
  <color>
   Красный
  </color>
  <material>
   Лен
  </material>
  <price>
   241849
  </price>
  <rating>
   1.88
  </rating>
  <reviews>
   589252
  </reviews>
  <exclusive>
   no
  </exclusive>
  <sporty>
   no
  </sporty>
 </clothing>
 <clothing>
  <id>
   321081154
  </id>
  <name>
   Ellesse Sweater L-8364
  </name>
  <category>
   Sweater
  </category>
  <size>
   XXL
  </size>
  <color>
   Синий
  </color>
  <material>
   Хлопок
  </material>
  <price>
   889356
  </price>
  <rating>
   4.31
  </rating>
  <reviews>
   362901
  </reviews>
  <new>
   +
  </new>
  <exclusive>
   no
  </exclusive>
  <sporty>
   no
  </sporty>
 </clothing>
 <clothing>
  <id>
   461637872
  </id>
  <name>
   Reebok Jeans R-8062
  </name>
  <category>
   Jeans
  </category>
  <size>
   XXL
  </size>
  <color>
   Синий
  </color>
  <material>
   Нейлон
  </material>
  <price>
   987613
  </price>
  <rating>
   1.2
  </rating>
  <reviews>
   364428
  </reviews>
 </clothing>
 <clothing>
  <id>
   997586237
  </id>
  <name>
   New Balance T-shirt E-9417
  </name>
  <category>
   T-shirt
  </category>
  <size>
   M
  </size>
  <color>
   Зеленый
  </color>
  <material>
   Лен
  </material>
  <price>
   509067
  </price>
  <rating>
   2.12
  </rating>
  <reviews>
   491575
  </reviews>
  <exclusive>
   yes
  </exclusive>
 </clothing>
 <clothing>
  <id>
   262938360
  </id>
  <name>
   Under Armour Umbrellas V-1496
  </name>
  <category>
   Umbrellas
  </category>
  <size>
   S
  </size>
  <color>
   Фиолетовый
  </color>
  <material>
   Кожа
  </material>
  <price>
   474202
  </price>
  <rating>
   1.17
  </rating>
  <reviews>
   311942
  </reviews>
  <new>
   +
  </new>
  <sporty>
   yes
  </sporty>
 </clothing>
 <clothing>
  <id>
   526633593
  </id>
  <name>
   PleinSport Sweater R-3035
  </name>
  <category>
   Sweater
  </category>
  <size>
   L
  </size>
  <color>
   Голубой
  </color>
  <material>
   Нейлон
  </material>
  <price>
   857812
  </price>
  <rating>
   1.33
  </rating>
  <reviews>
   545130
  </reviews>
  <new>
   -
  </new>
  <exclusive>
   yes
  </exclusive>
 </clothing>
 <clothing>
  <id>
   120514096
  </id>
  <name>
   DC Socks R-6204
  </name>
  <category>
   Socks
  </category>
  <size>
   XL
  </size>
  <color>
   Зеленый
  </color>
  <material>
   Полиэстер
  </material>
  <price>
   468869
  </price>
  <rating>
   2.51
  </rating>
  <reviews>
   419433
  </reviews>
  <exclusive>
   no
  </exclusive>
 </clothing>
 <clothing>
  <id>
   271081721
  </id>
  <name>
   Asics T-shirt S-9047
  </name>
  <category>
   T-shirt
  </category>
  <size>
   L
  </size>
  <color>
   Фиолетовый
  </color>
  <material>
   Полиэстер
  </material>
  <price>
   350803
  </price>
  <rating>
   3.44
  </rating>
  <reviews>
   470684
  </reviews>
  <exclusive>
   no
  </exclusive>
  <sporty>
   no
  </sporty>
 </clothing>
 <clothing>
  <id>
   514758532
  </id>
  <name>
   New Balance T-shirt R-9092
  </name>
  <category>
   T-shirt
  </category>
  <size>
   M
  </size>
  <color>
   Зеленый
  </color>
  <material>
   Вискоза
  </material>
  <price>
   108456
  </price>
  <rating>
   2.97
  </rating>
  <reviews>
   117777
  </reviews>
  <exclusive>
   yes
  </exclusive>
 </clothing>
 <clothing>
  <id>
   350342146
  </id>
  <name>
   Asics Dress Y-2872
  </name>
  <category>
   Dress
  </category>
  <size>
   M
  </size>
  <color>
   Оранжевый
  </color>
  <material>
   Вискоза
  </material>
  <price>
   868838
  </price>
  <rating>
   2.74
  </rating>
  <reviews>
   126774
  </reviews>
  <new>
   +
  </new>
  <exclusive>
   no
  </exclusive>
 </clothing>
 <clothing>
  <id>
   529321187
  </id>
  <name>
   PleinSport Dress I-5375
  </name>
  <category>
   Dress
  </category>
  <size>
   L
  </size>
  <color>
   Оранжевый
  </color>
  <material>
   Нейлон
  </material>
  <price>
   534829
  </price>
  <rating>
   3.93
  </rating>
  <reviews>
   867783
  </reviews>
  <new>
   +
  </new>
 </clothing>
 <clothing>
  <id>
   148052811
  </id>
  <name>
   Reebok Gloves T-9038
  </name>
  <category>
   Gloves
  </category>
  <size>
   S
  </size>
  <color>
   Синий
  </color>
  <material>
   Нейлон
  </material>
  <price>
   966150
  </price>
  <rating>
   1.07
  </rating>
  <reviews>
   476862
  </reviews>
  <new>
   +
  </new>
  <exclusive>
   no
  </exclusive>
 </clothing>
 <clothing>
  <id>
   951041570
  </id>
  <name>
   Under Armour Shoes Q-9460
  </name>
  <category>
   Shoes
  </category>
  <size>
   L
  </size>
  <color>
   Красный
  </color>
  <material>
   Хлопок
  </material>
  <price>
   441178
  </price>
  <rating>
   4.69
  </rating>
  <reviews>
   192839
  </reviews>
  <exclusive>
   no
  </exclusive>
  <sporty>
   no
  </sporty>
 </clothing>
 <clothing>
  <id>
   185222735
  </id>
  <name>
   Puma Socks E-7994
  </name>
  <category>
   Socks
  </category>
  <size>
   XL
  </size>
  <color>
   Красный
  </color>
  <material>
   Вискоза
  </material>
  <price>
   388102
  </price>
  <rating>
   4.28
  </rating>
  <reviews>
   71375
  </reviews>
  <sporty>
   yes
  </sporty>
 </clothing>
 <clothing>
  <id>
   333593147
  </id>
  <name>
   Addidas T-shirt V-9151
  </name>
  <category>
   T-shirt
  </category>
  <size>
   XL
  </size>
  <color>
   Синий
  </color>
  <material>
   Шелк
  </material>
  <price>
   864401
  </price>
  <rating>
   2.38
  </rating>
  <reviews>
   331854
  </reviews>
  <new>
   +
  </new>
  <sporty>
   no
  </sporty>
 </clothing>
 <clothing>
  <id>
   413496546
  </id>
  <name>
   Lacoste Jeans O-5612
  </name>
  <category>
   Jeans
  </category>
  <size>
   L
  </size>
  <color>
   Голубой
  </color>
  <material>
   Шелк
  </material>
  <price>
   342536
  </price>
  <rating>
   2.59
  </rating>
  <reviews>
   202256
  </reviews>
  <new>
   -
  </new>
  <exclusive>
   no
  </exclusive>
  <sporty>
   yes
  </sporty>
 </clothing>
 <clothing>
  <id>
   968979935
  </id>
  <name>
   Under Armour Dress Y-3795
  </name>
  <category>
   Dress
  </category>
  <size>
   M
  </size>
  <color>
   Желтый
  </color>
  <material>
   Лен
  </material>
  <price>
   715932
  </price>
  <rating>
   2.46
  </rating>
  <reviews>
   299748
  </reviews>
  <exclusive>
   no
  </exclusive>
  <sporty>
   no
  </sporty>
 </clothing>
 <clothing>
  <id>
   179180277
  </id>
  <name>
   Under Armour Dress V-1285
  </name>
  <category>
   Dress
  </category>
  <size>
   M
  </size>
  <color>
   Зеленый
  </color>
  <material>
   Шерсть
  </material>
  <price>
   513207
  </price>
  <rating>
   4.86
  </rating>
  <reviews>
   123861
  </reviews>
  <exclusive>
   no
  </exclusive>
 </clothing>
 <clothing>
  <id>
   143363357
  </id>
  <name>
   Lacoste Gloves S-2734
  </name>
  <category>
   Gloves
  </category>
  <size>
   M
  </size>
  <color>
   Фиолетовый
  </color>
  <material>
   Шерсть
  </material>
  <price>
   664512
  </price>
  <rating>
   1.48
  </rating>
  <reviews>
   208201
  </reviews>
  <new>
   -
  </new>
  <exclusive>
   yes
  </exclusive>
  <sporty>
   yes
  </sporty>
 </clothing>
 <clothing>
  <id>
   102335834
  </id>
  <name>
   Ellesse Shoes H-8667
  </name>
  <category>
   Shoes
  </category>
  <size>
   S
  </size>
  <color>
   Синий
  </color>
  <material>
   Вискоза
  </material>
  <price>
   473343
  </price>
  <rating>
   4.04
  </rating>
  <reviews>
   913659
  </reviews>
  <new>
   +
  </new>
  <sporty>
   yes
  </sporty>
 </clothing>
 <clothing>
  <id>
   537897776
  </id>
  <name>
   Nike Blouse Y-4500
  </name>
  <category>
   Blouse
  </category>
  <size>
   XXL
  </size>
  <color>
   Голубой
  </color>
  <material>
   Кожа
  </material>
  <price>
   342576
  </price>
  <rating>
   4.53
  </rating>
  <reviews>
   222871
  </reviews>
  <new>
   +
  </new>
  <exclusive>
   no
  </exclusive>
  <sporty>
   yes
  </sporty>
 </clothing>
 <clothing>
  <id>
   518718268
  </id>
  <name>
   Converse Gloves O-5053
  </name>
  <category>
   Gloves
  </category>
  <size>
   M
  </size>
  <color>
   Зеленый
  </color>
  <material>
   Шерсть
  </material>
  <price>
   353893
  </price>
  <rating>
   1.18
  </rating>
  <reviews>
   395353
  </reviews>
  <exclusive>
   yes
  </exclusive>
  <sporty>
   yes
  </sporty>
 </clothing>
 <clothing>
  <id>
   606092822
  </id>
  <name>
   Under Armour Jacket D-1383
  </name>
  <category>
   Jacket
  </category>
  <size>
   XL
  </size>
  <color>
   Красный
  </color>
  <material>
   Шелк
  </material>
  <price>
   366474
  </price>
  <rating>
   4.39
  </rating>
  <reviews>
   299998
  </reviews>
  <new>
   +
  </new>
  <exclusive>
   no
  </exclusive>
  <sporty>
   yes
  </sporty>
 </clothing>
 <clothing>
  <id>
   150392513
  </id>
  <name>
   Addidas Umbrellas U-9957
  </name>
  <category>
   Umbrellas
  </category>
  <size>
   XXL
  </size>
  <color>
   Фиолетовый
  </color>
  <material>
   Нейлон
  </material>
  <price>
   823433
  </price>
  <rating>
   1.35
  </rating>
  <reviews>
   206937
  </reviews>
  <new>
   -
  </new>
  <sporty>
   yes
  </sporty>
 </clothing>
 <clothing>
  <id>
   791317310
  </id>
  <name>
   Lacoste Sweater O-9872
  </name>
  <category>
   Sweater
  </category>
  <size>
   S
  </size>
  <color>
   Желтый
  </color>
  <material>
   Шелк
  </material>
  <price>
   926192
  </price>
  <rating>
   1.06
  </rating>
  <reviews>
   872384
  </reviews>
  <new>
   -
  </new>
  <exclusive>
   no
  </exclusive>
  <sporty>
   yes
  </sporty>
 </clothing>
 <clothing>
  <id>
   755880727
  </id>
  <name>
   DC Gloves P-4797
  </name>
  <category>
   Gloves
  </category>
  <size>
   XXL
  </size>
  <color>
   Синий
  </color>
  <material>
   Полиэстер
  </material>
  <price>
   130169
  </price>
  <rating>
   3.67
  </rating>
  <reviews>
   958554
  </reviews>
  <new>
   -
  </new>
  <exclusive>
   yes
  </exclusive>
  <sporty>
   yes
  </sporty>
 </clothing>
 <clothing>
  <id>
   380911537
  </id>
  <name>
   Lacoste Shoes X-9647
  </name>
  <category>
   Shoes
  </category>
  <size>
   S
  </size>
  <color>
   Синий
  </color>
  <material>
   Вискоза
  </material>
  <price>
   981102
  </price>
  <rating>
   3.49
  </rating>
  <reviews>
   481778
  </reviews>
  <new>
   +
  </new>
 </clothing>
 <clothing>
  <id>
   631534758
  </id>
  <name>
   DC T-shirt L-6459
  </name>
  <category>
   T-shirt
  </category>
  <size>
   S
  </size>
  <color>
   Зеленый
  </color>
  <material>
   Нейлон
  </material>
  <price>
   405592
  </price>
  <rating>
   4.24
  </rating>
  <reviews>
   265321
  </reviews>
  <new>
   +
  </new>
  <exclusive>
   no
  </exclusive>
  <sporty>
   yes
  </sporty>
 </clothing>
 <clothing>
  <id>
   836016020
  </id>
  <name>
   Addidas Umbrellas B-2784
  </name>
  <category>
   Umbrellas
  </category>
  <size>
   L
  </size>
  <color>
   Желтый
  </color>
  <material>
   Хлопок
  </material>
  <price>
   905987
  </price>
  <rating>
   1.28
  </rating>
  <reviews>
   268010
  </reviews>
  <sporty>
   yes
  </sporty>
 </clothing>
 <clothing>
  <id>
   892464913
  </id>
  <name>
   Puma Socks E-8768
  </name>
  <category>
   Socks
  </category>
  <size>
   S
  </size>
  <color>
   Голубой
  </color>
  <material>
   Нейлон
  </material>
  <price>
   365609
  </price>
  <rating>
   2.67
  </rating>
  <reviews>
   148855
  </reviews>
  <new>
   -
  </new>
  <sporty>
   yes
  </sporty>
 </clothing>
 <clothing>
  <id>
   839791674
  </id>
  <name>
   Ellesse Dress C-7119
  </name>
  <category>
   Dress
  </category>
  <size>
   L
  </size>
  <color>
   Голубой
  </color>
  <material>
   Кожа
  </material>
  <price>
   475140
  </price>
  <rating>
   2.95
  </rating>
  <reviews>
   757119
  </reviews>
  <new>
   +
  </new>
 </clothing>
 <clothing>
  <id>
   293826700
  </id>
  <name>
   Vans Umbrellas T-9700
  </name>
  <category>
   Umbrellas
  </category>
  <size>
   XL
  </size>
  <color>
   Зеленый
  </color>
  <material>
   Лен
  </material>
  <price>
   294343
  </price>
  <rating>
   1.87
  </rating>
  <reviews>
   978605
  </reviews>
  <exclusive>
   no
  </exclusive>
 </clothing>
 <clothing>
  <id>
   797967895
  </id>
  <name>
   DC Dress N-5944
  </name>
  <category>
   Dress
  </category>
  <size>
   XL
  </size>
  <color>
   Оранжевый
  </color>
  <material>
   Лен
  </material>
  <price>
   720812
  </price>
  <rating>
   2.6
  </rating>
  <reviews>
   440448
  </reviews>
  <new>
   +
  </new>
  <exclusive>
   no
  </exclusive>
 </clothing>
</clothing-items>
