<?xml version="1.0" encoding="utf-8"?>
<clothing-items>
 <clothing>
  <id>
   955964776
  </id>
  <name>
   Puma Umbrellas M-2743
  </name>
  <category>
   Umbrellas
  </category>
  <size>
   L
  </size>
  <color>
   Зеленый
  </color>
  <material>
   Лен
  </material>
  <price>
   141025
  </price>
  <rating>
   4.92
  </rating>
  <reviews>
   86297
  </reviews>
  <new>
   +
  </new>
  <exclusive>
   yes
  </exclusive>
 </clothing>
 <clothing>
  <id>
   578141052
  </id>
  <name>
   Asics Jacket L-5527
  </name>
  <category>
   Jacket
  </category>
  <size>
   M
  </size>
  <color>
   Синий
  </color>
  <material>
   Нейлон
  </material>
  <price>
   130505
  </price>
  <rating>
   1.78
  </rating>
  <reviews>
   210064
  </reviews>
  <new>
   +
  </new>
 </clothing>
 <clothing>
  <id>
   731116799
  </id>
  <name>
   Asics Belts A-3794
  </name>
  <category>
   Belts
  </category>
  <size>
   XL
  </size>
  <color>
   Зеленый
  </color>
  <material>
   Лен
  </material>
  <price>
   379171
  </price>
  <rating>
   4.74
  </rating>
  <reviews>
   12412
  </reviews>
  <new>
   -
  </new>
  <exclusive>
   no
  </exclusive>
  <sporty>
   no
  </sporty>
 </clothing>
 <clothing>
  <id>
   163034008
  </id>
  <name>
   Brooks Jacket W-2715
  </name>
  <category>
   Jacket
  </category>
  <size>
   XL
  </size>
  <color>
   Желтый
  </color>
  <material>
   Кожа
  </material>
  <price>
   658806
  </price>
  <rating>
   3.93
  </rating>
  <reviews>
   107853
  </reviews>
  <new>
   -
  </new>
  <exclusive>
   no
  </exclusive>
  <sporty>
   no
  </sporty>
 </clothing>
 <clothing>
  <id>
   878535015
  </id>
  <name>
   Addidas T-shirt P-3147
  </name>
  <category>
   T-shirt
  </category>
  <size>
   S
  </size>
  <color>
   Голубой
  </color>
  <material>
   Вискоза
  </material>
  <price>
   670583
  </price>
  <rating>
   4.05
  </rating>
  <reviews>
   440075
  </reviews>
  <new>
   -
  </new>
  <sporty>
   yes
  </sporty>
 </clothing>
 <clothing>
  <id>
   630471283
  </id>
  <name>
   Vans Jacket X-9640
  </name>
  <category>
   Jacket
  </category>
  <size>
   M
  </size>
  <color>
   Голубой
  </color>
  <material>
   Вискоза
  </material>
  <price>
   892999
  </price>
  <rating>
   1.89
  </rating>
  <reviews>
   309598
  </reviews>
  <new>
   -
  </new>
  <exclusive>
   no
  </exclusive>
 </clothing>
 <clothing>
  <id>
   737472761
  </id>
  <name>
   Lacoste Hat K-4725
  </name>
  <category>
   Hat
  </category>
  <size>
   M
  </size>
  <color>
   Оранжевый
  </color>
  <material>
   Шерсть
  </material>
  <price>
   488116
  </price>
  <rating>
   3.02
  </rating>
  <reviews>
   56766
  </reviews>
  <new>
   -
  </new>
 </clothing>
 <clothing>
  <id>
   708106743
  </id>
  <name>
   Reebok Sweater R-3582
  </name>
  <category>
   Sweater
  </category>
  <size>
   S
  </size>
  <color>
   Зеленый
  </color>
  <material>
   Вискоза
  </material>
  <price>
   752901
  </price>
  <rating>
   2.08
  </rating>
  <reviews>
   144080
  </reviews>
  <new>
   +
  </new>
  <sporty>
   no
  </sporty>
 </clothing>
 <clothing>
  <id>
   959768098
  </id>
  <name>
   Reebok Jacket G-7907
  </name>
  <category>
   Jacket
  </category>
  <size>
   L
  </size>
  <color>
   Желтый
  </color>
  <material>
   Вискоза
  </material>
  <price>
   681371
  </price>
  <rating>
   3.34
  </rating>
  <reviews>
   193590
  </reviews>
  <new>
   -
  </new>
  <exclusive>
   no
  </exclusive>
  <sporty>
   yes
  </sporty>
 </clothing>
 <clothing>
  <id>
   882384336
  </id>
  <name>
   Converse Shirt D-9016
  </name>
  <category>
   Shirt
  </category>
  <size>
   M
  </size>
  <color>
   Голубой
  </color>
  <material>
   Шелк
  </material>
  <price>
   527206
  </price>
  <rating>
   4.79
  </rating>
  <reviews>
   643872
  </reviews>
 </clothing>
 <clothing>
  <id>
   770390836
  </id>
  <name>
   Brooks Belts D-2670
  </name>
  <category>
   Belts
  </category>
  <size>
   L
  </size>
  <color>
   Синий
  </color>
  <material>
   Шерсть
  </material>
  <price>
   244156
  </price>
  <rating>
   3.22
  </rating>
  <reviews>
   284813
  </reviews>
  <new>
   +
  </new>
  <sporty>
   yes
  </sporty>
 </clothing>
</clothing-items>
