<?xml version="1.0" encoding="utf-8"?>
<clothing-items>
 <clothing>
  <id>
   861444726
  </id>
  <name>
   Asics Belts D-3141
  </name>
  <category>
   Belts
  </category>
  <size>
   XL
  </size>
  <color>
   Синий
  </color>
  <material>
   Нейлон
  </material>
  <price>
   894099
  </price>
  <rating>
   2.81
  </rating>
  <reviews>
   953022
  </reviews>
  <new>
   -
  </new>
  <exclusive>
   no
  </exclusive>
  <sporty>
   no
  </sporty>
 </clothing>
 <clothing>
  <id>
   528966680
  </id>
  <name>
   Fila Jacket A-8691
  </name>
  <category>
   Jacket
  </category>
  <size>
   M
  </size>
  <color>
   Оранжевый
  </color>
  <material>
   Шерсть
  </material>
  <price>
   824188
  </price>
  <rating>
   3.34
  </rating>
  <reviews>
   373592
  </reviews>
 </clothing>
 <clothing>
  <id>
   541823934
  </id>
  <name>
   Under Armour Jacket W-4941
  </name>
  <category>
   Jacket
  </category>
  <size>
   S
  </size>
  <color>
   Голубой
  </color>
  <material>
   Полиэстер
  </material>
  <price>
   751373
  </price>
  <rating>
   4.06
  </rating>
  <reviews>
   744386
  </reviews>
  <new>
   -
  </new>
  <exclusive>
   no
  </exclusive>
 </clothing>
 <clothing>
  <id>
   632974778
  </id>
  <name>
   Adidas Dress O-1891
  </name>
  <category>
   Dress
  </category>
  <size>
   XL
  </size>
  <color>
   Зеленый
  </color>
  <material>
   Вискоза
  </material>
  <price>
   155871
  </price>
  <rating>
   3.21
  </rating>
  <reviews>
   609387
  </reviews>
 </clothing>
 <clothing>
  <id>
   267246821
  </id>
  <name>
   Reebok Pants T-4311
  </name>
  <category>
   Pants
  </category>
  <size>
   XXL
  </size>
  <color>
   Красный
  </color>
  <material>
   Шерсть
  </material>
  <price>
   931173
  </price>
  <rating>
   4.66
  </rating>
  <reviews>
   753412
  </reviews>
  <new>
   -
  </new>
  <exclusive>
   no
  </exclusive>
  <sporty>
   no
  </sporty>
 </clothing>
 <clothing>
  <id>
   233764435
  </id>
  <name>
   Lacoste Handbags F-3853
  </name>
  <category>
   Handbags
  </category>
  <size>
   S
  </size>
  <color>
   Желтый
  </color>
  <material>
   Полиэстер
  </material>
  <price>
   449129
  </price>
  <rating>
   4.41
  </rating>
  <reviews>
   299719
  </reviews>
  <new>
   -
  </new>
  <exclusive>
   no
  </exclusive>
 </clothing>
 <clothing>
  <id>
   396727083
  </id>
  <name>
   Converse Socks T-8518
  </name>
  <category>
   Socks
  </category>
  <size>
   XL
  </size>
  <color>
   Желтый
  </color>
  <material>
   Хлопок
  </material>
  <price>
   825792
  </price>
  <rating>
   1.64
  </rating>
  <reviews>
   116047
  </reviews>
 </clothing>
 <clothing>
  <id>
   406062189
  </id>
  <name>
   Puma Jacket I-5582
  </name>
  <category>
   Jacket
  </category>
  <size>
   L
  </size>
  <color>
   Фиолетовый
  </color>
  <material>
   Кожа
  </material>
  <price>
   868235
  </price>
  <rating>
   4.1
  </rating>
  <reviews>
   582053
  </reviews>
  <exclusive>
   no
  </exclusive>
  <sporty>
   yes
  </sporty>
 </clothing>
 <clothing>
  <id>
   553192232
  </id>
  <name>
   Under Armour Umbrellas D-1364
  </name>
  <category>
   Umbrellas
  </category>
  <size>
   M
  </size>
  <color>
   Красный
  </color>
  <material>
   Кожа
  </material>
  <price>
   561184
  </price>
  <rating>
   2.7
  </rating>
  <reviews>
   915378
  </reviews>
  <exclusive>
   yes
  </exclusive>
 </clothing>
 <clothing>
  <id>
   534875528
  </id>
  <name>
   Reebok Hat V-6240
  </name>
  <category>
   Hat
  </category>
  <size>
   XL
  </size>
  <color>
   Зеленый
  </color>
  <material>
   Хлопок
  </material>
  <price>
   357545
  </price>
  <rating>
   2.98
  </rating>
  <reviews>
   583401
  </reviews>
  <sporty>
   yes
  </sporty>
 </clothing>
 <clothing>
  <id>
   978138121
  </id>
  <name>
   New Balance Dress Q-6573
  </name>
  <category>
   Dress
  </category>
  <size>
   M
  </size>
  <color>
   Синий
  </color>
  <material>
   Шерсть
  </material>
  <price>
   957811
  </price>
  <rating>
   3.72
  </rating>
  <reviews>
   753284
  </reviews>
  <new>
   -
  </new>
  <exclusive>
   yes
  </exclusive>
  <sporty>
   yes
  </sporty>
 </clothing>
 <clothing>
  <id>
   858857913
  </id>
  <name>
   New Balance T-shirt R-3012
  </name>
  <category>
   T-shirt
  </category>
  <size>
   XXL
  </size>
  <color>
   Фиолетовый
  </color>
  <material>
   Полиэстер
  </material>
  <price>
   883790
  </price>
  <rating>
   4.33
  </rating>
  <reviews>
   649511
  </reviews>
  <new>
   +
  </new>
  <sporty>
   no
  </sporty>
 </clothing>
 <clothing>
  <id>
   446393071
  </id>
  <name>
   Vans Jacket P-2491
  </name>
  <category>
   Jacket
  </category>
  <size>
   XXL
  </size>
  <color>
   Зеленый
  </color>
  <material>
   Вискоза
  </material>
  <price>
   199633
  </price>
  <rating>
   1.49
  </rating>
  <reviews>
   881271
  </reviews>
  <new>
   -
  </new>
 </clothing>
 <clothing>
  <id>
   979399344
  </id>
  <name>
   New Balance Shoes V-4469
  </name>
  <category>
   Shoes
  </category>
  <size>
   XL
  </size>
  <color>
   Желтый
  </color>
  <material>
   Хлопок
  </material>
  <price>
   624260
  </price>
  <rating>
   3.59
  </rating>
  <reviews>
   428776
  </reviews>
  <new>
   -
  </new>
  <exclusive>
   no
  </exclusive>
  <sporty>
   no
  </sporty>
 </clothing>
 <clothing>
  <id>
   267795468
  </id>
  <name>
   Brooks Dress H-9154
  </name>
  <category>
   Dress
  </category>
  <size>
   M
  </size>
  <color>
   Желтый
  </color>
  <material>
   Нейлон
  </material>
  <price>
   731975
  </price>
  <rating>
   1.99
  </rating>
  <reviews>
   400138
  </reviews>
  <exclusive>
   yes
  </exclusive>
  <sporty>
   yes
  </sporty>
 </clothing>
 <clothing>
  <id>
   886373529
  </id>
  <name>
   Brooks Belts M-8730
  </name>
  <category>
   Belts
  </category>
  <size>
   L
  </size>
  <color>
   Фиолетовый
  </color>
  <material>
   Вискоза
  </material>
  <price>
   456617
  </price>
  <rating>
   2.33
  </rating>
  <reviews>
   959562
  </reviews>
  <new>
   +
  </new>
  <exclusive>
   no
  </exclusive>
 </clothing>
 <clothing>
  <id>
   897190172
  </id>
  <name>
   PleinSport Belts J-3098
  </name>
  <category>
   Belts
  </category>
  <size>
   L
  </size>
  <color>
   Синий
  </color>
  <material>
   Шерсть
  </material>
  <price>
   294066
  </price>
  <rating>
   2.35
  </rating>
  <reviews>
   242221
  </reviews>
  <exclusive>
   no
  </exclusive>
 </clothing>
 <clothing>
  <id>
   410095555
  </id>
  <name>
   Asics Belts C-5537
  </name>
  <category>
   Belts
  </category>
  <size>
   S
  </size>
  <color>
   Фиолетовый
  </color>
  <material>
   Кожа
  </material>
  <price>
   249779
  </price>
  <rating>
   2.38
  </rating>
  <reviews>
   276357
  </reviews>
  <new>
   -
  </new>
  <exclusive>
   yes
  </exclusive>
 </clothing>
 <clothing>
  <id>
   214088326
  </id>
  <name>
   Addidas Blouse J-1537
  </name>
  <category>
   Blouse
  </category>
  <size>
   XXL
  </size>
  <color>
   Зеленый
  </color>
  <material>
   Вискоза
  </material>
  <price>
   194190
  </price>
  <rating>
   2.38
  </rating>
  <reviews>
   104794
  </reviews>
  <new>
   -
  </new>
  <exclusive>
   no
  </exclusive>
 </clothing>
 <clothing>
  <id>
   553050818
  </id>
  <name>
   Lacoste Skirt K-8651
  </name>
  <category>
   Skirt
  </category>
  <size>
   M
  </size>
  <color>
   Красный
  </color>
  <material>
   Нейлон
  </material>
  <price>
   483408
  </price>
  <rating>
   4.08
  </rating>
  <reviews>
   3629
  </reviews>
  <new>
   +
  </new>
  <exclusive>
   no
  </exclusive>
  <sporty>
   yes
  </sporty>
 </clothing>
 <clothing>
  <id>
   373890277
  </id>
  <name>
   Ellesse Pants D-9712
  </name>
  <category>
   Pants
  </category>
  <size>
   M
  </size>
  <color>
   Желтый
  </color>
  <material>
   Вискоза
  </material>
  <price>
   822342
  </price>
  <rating>
   1.54
  </rating>
  <reviews>
   611064
  </reviews>
  <new>
   +
  </new>
  <exclusive>
   no
  </exclusive>
  <sporty>
   yes
  </sporty>
 </clothing>
</clothing-items>
