<?xml version="1.0" encoding="utf-8"?>
<clothing-items>
 <clothing>
  <id>
   663656689
  </id>
  <name>
   Vans Shoes N-2318
  </name>
  <category>
   Shoes
  </category>
  <size>
   XXL
  </size>
  <color>
   Красный
  </color>
  <material>
   Шелк
  </material>
  <price>
   414337
  </price>
  <rating>
   2.95
  </rating>
  <reviews>
   404442
  </reviews>
  <new>
   +
  </new>
  <sporty>
   no
  </sporty>
 </clothing>
 <clothing>
  <id>
   148224091
  </id>
  <name>
   Ellesse Umbrellas H-5041
  </name>
  <category>
   Umbrellas
  </category>
  <size>
   S
  </size>
  <color>
   Фиолетовый
  </color>
  <material>
   Кожа
  </material>
  <price>
   851278
  </price>
  <rating>
   3.85
  </rating>
  <reviews>
   30403
  </reviews>
  <sporty>
   no
  </sporty>
 </clothing>
 <clothing>
  <id>
   415298386
  </id>
  <name>
   Brooks T-shirt G-1705
  </name>
  <category>
   T-shirt
  </category>
  <size>
   L
  </size>
  <color>
   Красный
  </color>
  <material>
   Нейлон
  </material>
  <price>
   304829
  </price>
  <rating>
   3.61
  </rating>
  <reviews>
   588711
  </reviews>
  <new>
   +
  </new>
  <exclusive>
   yes
  </exclusive>
 </clothing>
 <clothing>
  <id>
   997216250
  </id>
  <name>
   PleinSport Pants R-9794
  </name>
  <category>
   Pants
  </category>
  <size>
   XXL
  </size>
  <color>
   Голубой
  </color>
  <material>
   Кожа
  </material>
  <price>
   986612
  </price>
  <rating>
   4.19
  </rating>
  <reviews>
   407653
  </reviews>
  <exclusive>
   no
  </exclusive>
  <sporty>
   no
  </sporty>
 </clothing>
 <clothing>
  <id>
   239367307
  </id>
  <name>
   Addidas Shirt I-3111
  </name>
  <category>
   Shirt
  </category>
  <size>
   L
  </size>
  <color>
   Зеленый
  </color>
  <material>
   Шерсть
  </material>
  <price>
   796769
  </price>
  <rating>
   2.65
  </rating>
  <reviews>
   291327
  </reviews>
  <exclusive>
   no
  </exclusive>
  <sporty>
   no
  </sporty>
 </clothing>
 <clothing>
  <id>
   300398382
  </id>
  <name>
   PleinSport Umbrellas Y-6439
  </name>
  <category>
   Umbrellas
  </category>
  <size>
   XL
  </size>
  <color>
   Зеленый
  </color>
  <material>
   Шелк
  </material>
  <price>
   127674
  </price>
  <rating>
   4.06
  </rating>
  <reviews>
   185844
  </reviews>
  <new>
   +
  </new>
  <exclusive>
   no
  </exclusive>
 </clothing>
 <clothing>
  <id>
   393601314
  </id>
  <name>
   Addidas Shoes R-1163
  </name>
  <category>
   Shoes
  </category>
  <size>
   XL
  </size>
  <color>
   Красный
  </color>
  <material>
   Полиэстер
  </material>
  <price>
   119391
  </price>
  <rating>
   1.37
  </rating>
  <reviews>
   489511
  </reviews>
  <new>
   -
  </new>
  <exclusive>
   no
  </exclusive>
  <sporty>
   yes
  </sporty>
 </clothing>
 <clothing>
  <id>
   571686947
  </id>
  <name>
   PleinSport Gloves L-8470
  </name>
  <category>
   Gloves
  </category>
  <size>
   M
  </size>
  <color>
   Фиолетовый
  </color>
  <material>
   Нейлон
  </material>
  <price>
   835834
  </price>
  <rating>
   3.31
  </rating>
  <reviews>
   535112
  </reviews>
  <sporty>
   yes
  </sporty>
 </clothing>
 <clothing>
  <id>
   713089940
  </id>
  <name>
   Vans Umbrellas O-4895
  </name>
  <category>
   Umbrellas
  </category>
  <size>
   XL
  </size>
  <color>
   Красный
  </color>
  <material>
   Нейлон
  </material>
  <price>
   983880
  </price>
  <rating>
   3.62
  </rating>
  <reviews>
   754231
  </reviews>
 </clothing>
 <clothing>
  <id>
   988083112
  </id>
  <name>
   Brooks Handbags B-5839
  </name>
  <category>
   Handbags
  </category>
  <size>
   L
  </size>
  <color>
   Зеленый
  </color>
  <material>
   Полиэстер
  </material>
  <price>
   274394
  </price>
  <rating>
   3.06
  </rating>
  <reviews>
   63014
  </reviews>
  <new>
   -
  </new>
  <exclusive>
   yes
  </exclusive>
  <sporty>
   yes
  </sporty>
 </clothing>
 <clothing>
  <id>
   412837969
  </id>
  <name>
   Vans Gloves W-5330
  </name>
  <category>
   Gloves
  </category>
  <size>
   S
  </size>
  <color>
   Желтый
  </color>
  <material>
   Нейлон
  </material>
  <price>
   622849
  </price>
  <rating>
   2.0
  </rating>
  <reviews>
   625722
  </reviews>
 </clothing>
 <clothing>
  <id>
   550607999
  </id>
  <name>
   PleinSport Gloves J-2171
  </name>
  <category>
   Gloves
  </category>
  <size>
   M
  </size>
  <color>
   Зеленый
  </color>
  <material>
   Шерсть
  </material>
  <price>
   789290
  </price>
  <rating>
   1.67
  </rating>
  <reviews>
   157866
  </reviews>
  <new>
   -
  </new>
  <sporty>
   no
  </sporty>
 </clothing>
 <clothing>
  <id>
   407749197
  </id>
  <name>
   Fila Socks Z-9955
  </name>
  <category>
   Socks
  </category>
  <size>
   L
  </size>
  <color>
   Фиолетовый
  </color>
  <material>
   Нейлон
  </material>
  <price>
   497929
  </price>
  <rating>
   2.55
  </rating>
  <reviews>
   454783
  </reviews>
  <sporty>
   no
  </sporty>
 </clothing>
 <clothing>
  <id>
   188327804
  </id>
  <name>
   Vans Jacket A-2648
  </name>
  <category>
   Jacket
  </category>
  <size>
   S
  </size>
  <color>
   Зеленый
  </color>
  <material>
   Кожа
  </material>
  <price>
   314646
  </price>
  <rating>
   1.27
  </rating>
  <reviews>
   376214
  </reviews>
  <new>
   -
  </new>
  <exclusive>
   no
  </exclusive>
 </clothing>
 <clothing>
  <id>
   682786192
  </id>
  <name>
   Under Armour Jacket Q-7104
  </name>
  <category>
   Jacket
  </category>
  <size>
   L
  </size>
  <color>
   Желтый
  </color>
  <material>
   Полиэстер
  </material>
  <price>
   434605
  </price>
  <rating>
   2.56
  </rating>
  <reviews>
   856857
  </reviews>
  <new>
   -
  </new>
  <exclusive>
   no
  </exclusive>
 </clothing>
 <clothing>
  <id>
   859099045
  </id>
  <name>
   Puma Umbrellas K-8731
  </name>
  <category>
   Umbrellas
  </category>
  <size>
   S
  </size>
  <color>
   Красный
  </color>
  <material>
   Вискоза
  </material>
  <price>
   907636
  </price>
  <rating>
   3.71
  </rating>
  <reviews>
   440842
  </reviews>
 </clothing>
 <clothing>
  <id>
   916609911
  </id>
  <name>
   Brooks Handbags L-6261
  </name>
  <category>
   Handbags
  </category>
  <size>
   M
  </size>
  <color>
   Голубой
  </color>
  <material>
   Хлопок
  </material>
  <price>
   463315
  </price>
  <rating>
   3.02
  </rating>
  <reviews>
   904289
  </reviews>
  <sporty>
   no
  </sporty>
 </clothing>
 <clothing>
  <id>
   776060960
  </id>
  <name>
   Ellesse Handbags E-5201
  </name>
  <category>
   Handbags
  </category>
  <size>
   L
  </size>
  <color>
   Желтый
  </color>
  <material>
   Полиэстер
  </material>
  <price>
   139026
  </price>
  <rating>
   3.15
  </rating>
  <reviews>
   115881
  </reviews>
  <new>
   +
  </new>
 </clothing>
 <clothing>
  <id>
   440043856
  </id>
  <name>
   Adidas Gloves C-1672
  </name>
  <category>
   Gloves
  </category>
  <size>
   L
  </size>
  <color>
   Красный
  </color>
  <material>
   Полиэстер
  </material>
  <price>
   807827
  </price>
  <rating>
   1.25
  </rating>
  <reviews>
   544441
  </reviews>
  <new>
   -
  </new>
  <exclusive>
   yes
  </exclusive>
  <sporty>
   no
  </sporty>
 </clothing>
 <clothing>
  <id>
   191504210
  </id>
  <name>
   Under Armour Handbags U-5970
  </name>
  <category>
   Handbags
  </category>
  <size>
   L
  </size>
  <color>
   Зеленый
  </color>
  <material>
   Кожа
  </material>
  <price>
   780493
  </price>
  <rating>
   1.87
  </rating>
  <reviews>
   695088
  </reviews>
  <sporty>
   yes
  </sporty>
 </clothing>
 <clothing>
  <id>
   991956240
  </id>
  <name>
   Addidas Dress S-8614
  </name>
  <category>
   Dress
  </category>
  <size>
   S
  </size>
  <color>
   Красный
  </color>
  <material>
   Кожа
  </material>
  <price>
   314805
  </price>
  <rating>
   4.68
  </rating>
  <reviews>
   121459
  </reviews>
  <exclusive>
   yes
  </exclusive>
  <sporty>
   yes
  </sporty>
 </clothing>
 <clothing>
  <id>
   626284724
  </id>
  <name>
   PleinSport Skirt A-9006
  </name>
  <category>
   Skirt
  </category>
  <size>
   XL
  </size>
  <color>
   Синий
  </color>
  <material>
   Вискоза
  </material>
  <price>
   634750
  </price>
  <rating>
   4.5
  </rating>
  <reviews>
   377417
  </reviews>
  <exclusive>
   no
  </exclusive>
 </clothing>
 <clothing>
  <id>
   773160562
  </id>
  <name>
   Nike T-shirt H-9615
  </name>
  <category>
   T-shirt
  </category>
  <size>
   S
  </size>
  <color>
   Зеленый
  </color>
  <material>
   Хлопок
  </material>
  <price>
   267784
  </price>
  <rating>
   2.07
  </rating>
  <reviews>
   24372
  </reviews>
  <new>
   +
  </new>
  <sporty>
   no
  </sporty>
 </clothing>
 <clothing>
  <id>
   475698086
  </id>
  <name>
   Under Armour Belts Y-2263
  </name>
  <category>
   Belts
  </category>
  <size>
   M
  </size>
  <color>
   Зеленый
  </color>
  <material>
   Вискоза
  </material>
  <price>
   275212
  </price>
  <rating>
   1.31
  </rating>
  <reviews>
   765035
  </reviews>
  <new>
   +
  </new>
  <sporty>
   no
  </sporty>
 </clothing>
 <clothing>
  <id>
   107583024
  </id>
  <name>
   Addidas Dress J-2043
  </name>
  <category>
   Dress
  </category>
  <size>
   M
  </size>
  <color>
   Голубой
  </color>
  <material>
   Кожа
  </material>
  <price>
   540321
  </price>
  <rating>
   3.02
  </rating>
  <reviews>
   166903
  </reviews>
  <new>
   +
  </new>
 </clothing>
 <clothing>
  <id>
   440798392
  </id>
  <name>
   Asics Handbags L-9621
  </name>
  <category>
   Handbags
  </category>
  <size>
   XL
  </size>
  <color>
   Синий
  </color>
  <material>
   Нейлон
  </material>
  <price>
   275589
  </price>
  <rating>
   3.3
  </rating>
  <reviews>
   684794
  </reviews>
  <new>
   -
  </new>
  <exclusive>
   no
  </exclusive>
  <sporty>
   yes
  </sporty>
 </clothing>
 <clothing>
  <id>
   771812817
  </id>
  <name>
   New Balance Shirt M-7825
  </name>
  <category>
   Shirt
  </category>
  <size>
   XXL
  </size>
  <color>
   Синий
  </color>
  <material>
   Шелк
  </material>
  <price>
   364035
  </price>
  <rating>
   1.25
  </rating>
  <reviews>
   842149
  </reviews>
 </clothing>
 <clothing>
  <id>
   198468489
  </id>
  <name>
   Puma Skirt G-5646
  </name>
  <category>
   Skirt
  </category>
  <size>
   XL
  </size>
  <color>
   Оранжевый
  </color>
  <material>
   Шерсть
  </material>
  <price>
   973769
  </price>
  <rating>
   3.57
  </rating>
  <reviews>
   415624
  </reviews>
  <exclusive>
   yes
  </exclusive>
 </clothing>
 <clothing>
  <id>
   221220754
  </id>
  <name>
   Adidas Dress T-3869
  </name>
  <category>
   Dress
  </category>
  <size>
   XXL
  </size>
  <color>
   Синий
  </color>
  <material>
   Нейлон
  </material>
  <price>
   268729
  </price>
  <rating>
   1.09
  </rating>
  <reviews>
   836724
  </reviews>
  <new>
   +
  </new>
  <exclusive>
   no
  </exclusive>
  <sporty>
   no
  </sporty>
 </clothing>
 <clothing>
  <id>
   624816650
  </id>
  <name>
   Puma Jeans J-8446
  </name>
  <category>
   Jeans
  </category>
  <size>
   S
  </size>
  <color>
   Зеленый
  </color>
  <material>
   Шерсть
  </material>
  <price>
   889899
  </price>
  <rating>
   2.96
  </rating>
  <reviews>
   510785
  </reviews>
  <new>
   +
  </new>
  <exclusive>
   no
  </exclusive>
  <sporty>
   no
  </sporty>
 </clothing>
 <clothing>
  <id>
   904012415
  </id>
  <name>
   Brooks T-shirt U-3038
  </name>
  <category>
   T-shirt
  </category>
  <size>
   XXL
  </size>
  <color>
   Зеленый
  </color>
  <material>
   Хлопок
  </material>
  <price>
   593031
  </price>
  <rating>
   2.12
  </rating>
  <reviews>
   814783
  </reviews>
  <new>
   -
  </new>
  <sporty>
   no
  </sporty>
 </clothing>
 <clothing>
  <id>
   348033630
  </id>
  <name>
   Ellesse Jacket H-3310
  </name>
  <category>
   Jacket
  </category>
  <size>
   XXL
  </size>
  <color>
   Синий
  </color>
  <material>
   Хлопок
  </material>
  <price>
   909938
  </price>
  <rating>
   2.93
  </rating>
  <reviews>
   609589
  </reviews>
  <new>
   +
  </new>
  <exclusive>
   no
  </exclusive>
  <sporty>
   no
  </sporty>
 </clothing>
 <clothing>
  <id>
   390230891
  </id>
  <name>
   Adidas Umbrellas H-4066
  </name>
  <category>
   Umbrellas
  </category>
  <size>
   XXL
  </size>
  <color>
   Оранжевый
  </color>
  <material>
   Полиэстер
  </material>
  <price>
   768061
  </price>
  <rating>
   4.03
  </rating>
  <reviews>
   35161
  </reviews>
  <new>
   -
  </new>
  <sporty>
   no
  </sporty>
 </clothing>
 <clothing>
  <id>
   344486614
  </id>
  <name>
   Fila Socks B-7735
  </name>
  <category>
   Socks
  </category>
  <size>
   M
  </size>
  <color>
   Желтый
  </color>
  <material>
   Нейлон
  </material>
  <price>
   963165
  </price>
  <rating>
   2.02
  </rating>
  <reviews>
   485710
  </reviews>
  <sporty>
   yes
  </sporty>
 </clothing>
 <clothing>
  <id>
   838519530
  </id>
  <name>
   Lacoste Handbags I-7142
  </name>
  <category>
   Handbags
  </category>
  <size>
   XXL
  </size>
  <color>
   Красный
  </color>
  <material>
   Кожа
  </material>
  <price>
   950764
  </price>
  <rating>
   3.58
  </rating>
  <reviews>
   788187
  </reviews>
  <new>
   +
  </new>
 </clothing>
 <clothing>
  <id>
   610223737
  </id>
  <name>
   Asics Sweater A-5880
  </name>
  <category>
   Sweater
  </category>
  <size>
   XXL
  </size>
  <color>
   Синий
  </color>
  <material>
   Хлопок
  </material>
  <price>
   711269
  </price>
  <rating>
   4.62
  </rating>
  <reviews>
   916238
  </reviews>
  <new>
   +
  </new>
  <sporty>
   no
  </sporty>
 </clothing>
</clothing-items>
