<?xml version="1.0" encoding="utf-8"?>
<clothing-items>
 <clothing>
  <id>
   799795887
  </id>
  <name>
   New Balance T-shirt C-1908
  </name>
  <category>
   T-shirt
  </category>
  <size>
   XL
  </size>
  <color>
   Голубой
  </color>
  <material>
   Лен
  </material>
  <price>
   701749
  </price>
  <rating>
   3.99
  </rating>
  <reviews>
   194945
  </reviews>
  <new>
   +
  </new>
  <sporty>
   yes
  </sporty>
 </clothing>
 <clothing>
  <id>
   362558736
  </id>
  <name>
   Adidas Shirt Z-7879
  </name>
  <category>
   Shirt
  </category>
  <size>
   L
  </size>
  <color>
   Фиолетовый
  </color>
  <material>
   Полиэстер
  </material>
  <price>
   589883
  </price>
  <rating>
   1.32
  </rating>
  <reviews>
   110240
  </reviews>
 </clothing>
 <clothing>
  <id>
   649827409
  </id>
  <name>
   Addidas Handbags Q-6579
  </name>
  <category>
   Handbags
  </category>
  <size>
   M
  </size>
  <color>
   Фиолетовый
  </color>
  <material>
   Шерсть
  </material>
  <price>
   699255
  </price>
  <rating>
   1.48
  </rating>
  <reviews>
   780795
  </reviews>
  <new>
   +
  </new>
  <sporty>
   yes
  </sporty>
 </clothing>
 <clothing>
  <id>
   397491376
  </id>
  <name>
   Vans Jeans R-7703
  </name>
  <category>
   Jeans
  </category>
  <size>
   M
  </size>
  <color>
   Зеленый
  </color>
  <material>
   Хлопок
  </material>
  <price>
   500682
  </price>
  <rating>
   2.18
  </rating>
  <reviews>
   397719
  </reviews>
 </clothing>
 <clothing>
  <id>
   426207839
  </id>
  <name>
   Addidas Socks K-6772
  </name>
  <category>
   Socks
  </category>
  <size>
   L
  </size>
  <color>
   Красный
  </color>
  <material>
   Вискоза
  </material>
  <price>
   132022
  </price>
  <rating>
   2.9
  </rating>
  <reviews>
   351758
  </reviews>
  <new>
   +
  </new>
 </clothing>
 <clothing>
  <id>
   791609657
  </id>
  <name>
   Converse Socks R-6843
  </name>
  <category>
   Socks
  </category>
  <size>
   XXL
  </size>
  <color>
   Оранжевый
  </color>
  <material>
   Лен
  </material>
  <price>
   918682
  </price>
  <rating>
   1.24
  </rating>
  <reviews>
   867820
  </reviews>
  <exclusive>
   no
  </exclusive>
  <sporty>
   yes
  </sporty>
 </clothing>
 <clothing>
  <id>
   989309746
  </id>
  <name>
   Puma T-shirt N-9133
  </name>
  <category>
   T-shirt
  </category>
  <size>
   L
  </size>
  <color>
   Фиолетовый
  </color>
  <material>
   Шерсть
  </material>
  <price>
   856219
  </price>
  <rating>
   3.27
  </rating>
  <reviews>
   586807
  </reviews>
  <new>
   +
  </new>
  <exclusive>
   yes
  </exclusive>
 </clothing>
 <clothing>
  <id>
   207085170
  </id>
  <name>
   Under Armour Skirt K-5979
  </name>
  <category>
   Skirt
  </category>
  <size>
   L
  </size>
  <color>
   Синий
  </color>
  <material>
   Вискоза
  </material>
  <price>
   758472
  </price>
  <rating>
   3.21
  </rating>
  <reviews>
   269734
  </reviews>
  <sporty>
   no
  </sporty>
 </clothing>
 <clothing>
  <id>
   815154909
  </id>
  <name>
   Brooks T-shirt O-1587
  </name>
  <category>
   T-shirt
  </category>
  <size>
   XXL
  </size>
  <color>
   Зеленый
  </color>
  <material>
   Вискоза
  </material>
  <price>
   138730
  </price>
  <rating>
   1.37
  </rating>
  <reviews>
   174859
  </reviews>
  <new>
   -
  </new>
  <exclusive>
   yes
  </exclusive>
  <sporty>
   no
  </sporty>
 </clothing>
 <clothing>
  <id>
   255076922
  </id>
  <name>
   Adidas Hat S-1598
  </name>
  <category>
   Hat
  </category>
  <size>
   XXL
  </size>
  <color>
   Оранжевый
  </color>
  <material>
   Шелк
  </material>
  <price>
   604420
  </price>
  <rating>
   4.35
  </rating>
  <reviews>
   319609
  </reviews>
  <exclusive>
   no
  </exclusive>
  <sporty>
   yes
  </sporty>
 </clothing>
</clothing-items>
