<?xml version="1.0" encoding="utf-8"?>
<clothing-items>
 <clothing>
  <id>
   826366546
  </id>
  <name>
   Asics Jacket V-3684
  </name>
  <category>
   Jacket
  </category>
  <size>
   XL
  </size>
  <color>
   Желтый
  </color>
  <material>
   Хлопок
  </material>
  <price>
   494638
  </price>
  <rating>
   1.73
  </rating>
  <reviews>
   138270
  </reviews>
  <exclusive>
   no
  </exclusive>
  <sporty>
   yes
  </sporty>
 </clothing>
 <clothing>
  <id>
   760035081
  </id>
  <name>
   DC Dress U-8139
  </name>
  <category>
   Dress
  </category>
  <size>
   M
  </size>
  <color>
   Зеленый
  </color>
  <material>
   Кожа
  </material>
  <price>
   474020
  </price>
  <rating>
   3.32
  </rating>
  <reviews>
   14919
  </reviews>
  <new>
   +
  </new>
  <exclusive>
   yes
  </exclusive>
 </clothing>
 <clothing>
  <id>
   695029839
  </id>
  <name>
   Adidas Handbags R-1049
  </name>
  <category>
   Handbags
  </category>
  <size>
   M
  </size>
  <color>
   Синий
  </color>
  <material>
   Нейлон
  </material>
  <price>
   707443
  </price>
  <rating>
   2.98
  </rating>
  <reviews>
   41499
  </reviews>
  <sporty>
   yes
  </sporty>
 </clothing>
 <clothing>
  <id>
   662174424
  </id>
  <name>
   Converse Jeans B-6551
  </name>
  <category>
   Jeans
  </category>
  <size>
   XL
  </size>
  <color>
   Голубой
  </color>
  <material>
   Кожа
  </material>
  <price>
   184026
  </price>
  <rating>
   2.1
  </rating>
  <reviews>
   537872
  </reviews>
  <new>
   -
  </new>
 </clothing>
 <clothing>
  <id>
   344150986
  </id>
  <name>
   Reebok Handbags F-6918
  </name>
  <category>
   Handbags
  </category>
  <size>
   S
  </size>
  <color>
   Зеленый
  </color>
  <material>
   Кожа
  </material>
  <price>
   100121
  </price>
  <rating>
   1.28
  </rating>
  <reviews>
   127451
  </reviews>
  <new>
   +
  </new>
  <exclusive>
   no
  </exclusive>
  <sporty>
   yes
  </sporty>
 </clothing>
 <clothing>
  <id>
   577433231
  </id>
  <name>
   Vans Dress Z-3441
  </name>
  <category>
   Dress
  </category>
  <size>
   L
  </size>
  <color>
   Желтый
  </color>
  <material>
   Хлопок
  </material>
  <price>
   164763
  </price>
  <rating>
   1.71
  </rating>
  <reviews>
   135582
  </reviews>
  <new>
   -
  </new>
  <sporty>
   no
  </sporty>
 </clothing>
 <clothing>
  <id>
   129748104
  </id>
  <name>
   Adidas Shirt M-5383
  </name>
  <category>
   Shirt
  </category>
  <size>
   XL
  </size>
  <color>
   Оранжевый
  </color>
  <material>
   Вискоза
  </material>
  <price>
   101354
  </price>
  <rating>
   3.39
  </rating>
  <reviews>
   949706
  </reviews>
  <new>
   -
  </new>
  <exclusive>
   yes
  </exclusive>
 </clothing>
 <clothing>
  <id>
   501317196
  </id>
  <name>
   Fila Shirt A-1060
  </name>
  <category>
   Shirt
  </category>
  <size>
   M
  </size>
  <color>
   Голубой
  </color>
  <material>
   Нейлон
  </material>
  <price>
   698343
  </price>
  <rating>
   4.73
  </rating>
  <reviews>
   245069
  </reviews>
  <new>
   +
  </new>
  <exclusive>
   no
  </exclusive>
 </clothing>
 <clothing>
  <id>
   999008125
  </id>
  <name>
   PleinSport Jacket K-9993
  </name>
  <category>
   Jacket
  </category>
  <size>
   XXL
  </size>
  <color>
   Синий
  </color>
  <material>
   Нейлон
  </material>
  <price>
   167198
  </price>
  <rating>
   1.54
  </rating>
  <reviews>
   219553
  </reviews>
  <new>
   -
  </new>
  <exclusive>
   no
  </exclusive>
  <sporty>
   no
  </sporty>
 </clothing>
 <clothing>
  <id>
   980717853
  </id>
  <name>
   Fila Shirt S-2257
  </name>
  <category>
   Shirt
  </category>
  <size>
   S
  </size>
  <color>
   Желтый
  </color>
  <material>
   Кожа
  </material>
  <price>
   595282
  </price>
  <rating>
   2.93
  </rating>
  <reviews>
   234322
  </reviews>
  <new>
   -
  </new>
 </clothing>
 <clothing>
  <id>
   242820844
  </id>
  <name>
   Brooks Hat L-9989
  </name>
  <category>
   Hat
  </category>
  <size>
   S
  </size>
  <color>
   Красный
  </color>
  <material>
   Лен
  </material>
  <price>
   577918
  </price>
  <rating>
   3.31
  </rating>
  <reviews>
   5346
  </reviews>
  <new>
   +
  </new>
  <sporty>
   no
  </sporty>
 </clothing>
 <clothing>
  <id>
   389014006
  </id>
  <name>
   Under Armour Jeans H-4439
  </name>
  <category>
   Jeans
  </category>
  <size>
   L
  </size>
  <color>
   Зеленый
  </color>
  <material>
   Шерсть
  </material>
  <price>
   855339
  </price>
  <rating>
   4.49
  </rating>
  <reviews>
   405311
  </reviews>
  <new>
   -
  </new>
  <exclusive>
   yes
  </exclusive>
 </clothing>
 <clothing>
  <id>
   667907863
  </id>
  <name>
   Brooks Dress G-2545
  </name>
  <category>
   Dress
  </category>
  <size>
   L
  </size>
  <color>
   Оранжевый
  </color>
  <material>
   Полиэстер
  </material>
  <price>
   652726
  </price>
  <rating>
   1.71
  </rating>
  <reviews>
   708003
  </reviews>
  <new>
   +
  </new>
 </clothing>
 <clothing>
  <id>
   225002832
  </id>
  <name>
   Fila Jacket P-9396
  </name>
  <category>
   Jacket
  </category>
  <size>
   L
  </size>
  <color>
   Синий
  </color>
  <material>
   Нейлон
  </material>
  <price>
   542619
  </price>
  <rating>
   2.79
  </rating>
  <reviews>
   561941
  </reviews>
  <new>
   +
  </new>
  <exclusive>
   no
  </exclusive>
  <sporty>
   no
  </sporty>
 </clothing>
 <clothing>
  <id>
   815552478
  </id>
  <name>
   Addidas Blouse K-7512
  </name>
  <category>
   Blouse
  </category>
  <size>
   XL
  </size>
  <color>
   Голубой
  </color>
  <material>
   Кожа
  </material>
  <price>
   935377
  </price>
  <rating>
   4.25
  </rating>
  <reviews>
   758143
  </reviews>
  <new>
   -
  </new>
  <exclusive>
   no
  </exclusive>
  <sporty>
   yes
  </sporty>
 </clothing>
 <clothing>
  <id>
   694416623
  </id>
  <name>
   Asics Umbrellas T-5096
  </name>
  <category>
   Umbrellas
  </category>
  <size>
   S
  </size>
  <color>
   Желтый
  </color>
  <material>
   Хлопок
  </material>
  <price>
   879068
  </price>
  <rating>
   1.24
  </rating>
  <reviews>
   468528
  </reviews>
  <new>
   -
  </new>
  <exclusive>
   no
  </exclusive>
 </clothing>
 <clothing>
  <id>
   280320605
  </id>
  <name>
   Reebok Belts S-4664
  </name>
  <category>
   Belts
  </category>
  <size>
   XXL
  </size>
  <color>
   Красный
  </color>
  <material>
   Хлопок
  </material>
  <price>
   772799
  </price>
  <rating>
   3.09
  </rating>
  <reviews>
   6187
  </reviews>
  <new>
   -
  </new>
  <sporty>
   yes
  </sporty>
 </clothing>
 <clothing>
  <id>
   648044815
  </id>
  <name>
   Under Armour Pants B-1331
  </name>
  <category>
   Pants
  </category>
  <size>
   XXL
  </size>
  <color>
   Желтый
  </color>
  <material>
   Шерсть
  </material>
  <price>
   744290
  </price>
  <rating>
   1.78
  </rating>
  <reviews>
   285008
  </reviews>
  <new>
   +
  </new>
  <exclusive>
   no
  </exclusive>
  <sporty>
   no
  </sporty>
 </clothing>
 <clothing>
  <id>
   522110866
  </id>
  <name>
   Under Armour Socks C-6466
  </name>
  <category>
   Socks
  </category>
  <size>
   XL
  </size>
  <color>
   Фиолетовый
  </color>
  <material>
   Кожа
  </material>
  <price>
   330906
  </price>
  <rating>
   1.64
  </rating>
  <reviews>
   635810
  </reviews>
  <exclusive>
   no
  </exclusive>
  <sporty>
   yes
  </sporty>
 </clothing>
 <clothing>
  <id>
   924806788
  </id>
  <name>
   DC Pants G-6327
  </name>
  <category>
   Pants
  </category>
  <size>
   XL
  </size>
  <color>
   Красный
  </color>
  <material>
   Лен
  </material>
  <price>
   982726
  </price>
  <rating>
   1.11
  </rating>
  <reviews>
   12067
  </reviews>
  <exclusive>
   yes
  </exclusive>
 </clothing>
 <clothing>
  <id>
   326899294
  </id>
  <name>
   Ellesse Dress I-8821
  </name>
  <category>
   Dress
  </category>
  <size>
   XL
  </size>
  <color>
   Фиолетовый
  </color>
  <material>
   Шерсть
  </material>
  <price>
   670297
  </price>
  <rating>
   1.99
  </rating>
  <reviews>
   202074
  </reviews>
  <new>
   +
  </new>
  <sporty>
   yes
  </sporty>
 </clothing>
 <clothing>
  <id>
   972681129
  </id>
  <name>
   Addidas Sweater G-1915
  </name>
  <category>
   Sweater
  </category>
  <size>
   XL
  </size>
  <color>
   Красный
  </color>
  <material>
   Лен
  </material>
  <price>
   429577
  </price>
  <rating>
   1.33
  </rating>
  <reviews>
   515368
  </reviews>
  <new>
   +
  </new>
  <exclusive>
   no
  </exclusive>
  <sporty>
   yes
  </sporty>
 </clothing>
 <clothing>
  <id>
   187698930
  </id>
  <name>
   Reebok Sweater J-8167
  </name>
  <category>
   Sweater
  </category>
  <size>
   XL
  </size>
  <color>
   Красный
  </color>
  <material>
   Шерсть
  </material>
  <price>
   527642
  </price>
  <rating>
   4.51
  </rating>
  <reviews>
   276208
  </reviews>
  <exclusive>
   no
  </exclusive>
  <sporty>
   no
  </sporty>
 </clothing>
 <clothing>
  <id>
   710610409
  </id>
  <name>
   Converse Socks V-3170
  </name>
  <category>
   Socks
  </category>
  <size>
   XL
  </size>
  <color>
   Синий
  </color>
  <material>
   Лен
  </material>
  <price>
   689990
  </price>
  <rating>
   4.8
  </rating>
  <reviews>
   886403
  </reviews>
  <new>
   -
  </new>
  <exclusive>
   yes
  </exclusive>
 </clothing>
 <clothing>
  <id>
   290490499
  </id>
  <name>
   Reebok Jeans D-9283
  </name>
  <category>
   Jeans
  </category>
  <size>
   L
  </size>
  <color>
   Желтый
  </color>
  <material>
   Полиэстер
  </material>
  <price>
   916531
  </price>
  <rating>
   3.05
  </rating>
  <reviews>
   614369
  </reviews>
  <new>
   -
  </new>
  <exclusive>
   yes
  </exclusive>
  <sporty>
   no
  </sporty>
 </clothing>
 <clothing>
  <id>
   715953282
  </id>
  <name>
   Nike Handbags X-6972
  </name>
  <category>
   Handbags
  </category>
  <size>
   XL
  </size>
  <color>
   Фиолетовый
  </color>
  <material>
   Нейлон
  </material>
  <price>
   284512
  </price>
  <rating>
   1.07
  </rating>
  <reviews>
   519489
  </reviews>
  <new>
   -
  </new>
  <sporty>
   no
  </sporty>
 </clothing>
 <clothing>
  <id>
   546664321
  </id>
  <name>
   Asics Jeans H-4707
  </name>
  <category>
   Jeans
  </category>
  <size>
   M
  </size>
  <color>
   Желтый
  </color>
  <material>
   Шерсть
  </material>
  <price>
   617401
  </price>
  <rating>
   2.06
  </rating>
  <reviews>
   234728
  </reviews>
  <exclusive>
   no
  </exclusive>
  <sporty>
   no
  </sporty>
 </clothing>
 <clothing>
  <id>
   638813597
  </id>
  <name>
   Vans Gloves X-5644
  </name>
  <category>
   Gloves
  </category>
  <size>
   L
  </size>
  <color>
   Зеленый
  </color>
  <material>
   Нейлон
  </material>
  <price>
   721523
  </price>
  <rating>
   2.67
  </rating>
  <reviews>
   447731
  </reviews>
  <new>
   -
  </new>
 </clothing>
 <clothing>
  <id>
   772287186
  </id>
  <name>
   Asics Handbags L-2447
  </name>
  <category>
   Handbags
  </category>
  <size>
   XXL
  </size>
  <color>
   Оранжевый
  </color>
  <material>
   Лен
  </material>
  <price>
   978073
  </price>
  <rating>
   3.79
  </rating>
  <reviews>
   696392
  </reviews>
  <new>
   -
  </new>
  <sporty>
   no
  </sporty>
 </clothing>
 <clothing>
  <id>
   230461826
  </id>
  <name>
   Lacoste Jeans N-9537
  </name>
  <category>
   Jeans
  </category>
  <size>
   XXL
  </size>
  <color>
   Синий
  </color>
  <material>
   Лен
  </material>
  <price>
   641568
  </price>
  <rating>
   1.0
  </rating>
  <reviews>
   452156
  </reviews>
  <new>
   -
  </new>
  <sporty>
   no
  </sporty>
 </clothing>
 <clothing>
  <id>
   715838965
  </id>
  <name>
   Addidas Shoes K-1329
  </name>
  <category>
   Shoes
  </category>
  <size>
   XL
  </size>
  <color>
   Оранжевый
  </color>
  <material>
   Шелк
  </material>
  <price>
   533944
  </price>
  <rating>
   1.02
  </rating>
  <reviews>
   133206
  </reviews>
  <exclusive>
   no
  </exclusive>
  <sporty>
   yes
  </sporty>
 </clothing>
 <clothing>
  <id>
   826249792
  </id>
  <name>
   Lacoste Hat D-1002
  </name>
  <category>
   Hat
  </category>
  <size>
   M
  </size>
  <color>
   Желтый
  </color>
  <material>
   Нейлон
  </material>
  <price>
   234230
  </price>
  <rating>
   1.06
  </rating>
  <reviews>
   232376
  </reviews>
  <new>
   -
  </new>
  <sporty>
   no
  </sporty>
 </clothing>
 <clothing>
  <id>
   536437366
  </id>
  <name>
   Brooks Blouse O-7095
  </name>
  <category>
   Blouse
  </category>
  <size>
   XXL
  </size>
  <color>
   Красный
  </color>
  <material>
   Шерсть
  </material>
  <price>
   895641
  </price>
  <rating>
   3.33
  </rating>
  <reviews>
   695866
  </reviews>
  <new>
   -
  </new>
 </clothing>
 <clothing>
  <id>
   461379757
  </id>
  <name>
   PleinSport Sweater D-1861
  </name>
  <category>
   Sweater
  </category>
  <size>
   L
  </size>
  <color>
   Зеленый
  </color>
  <material>
   Шерсть
  </material>
  <price>
   240909
  </price>
  <rating>
   1.56
  </rating>
  <reviews>
   326889
  </reviews>
  <new>
   -
  </new>
  <exclusive>
   yes
  </exclusive>
  <sporty>
   no
  </sporty>
 </clothing>
 <clothing>
  <id>
   339928207
  </id>
  <name>
   New Balance Shoes V-8452
  </name>
  <category>
   Shoes
  </category>
  <size>
   XXL
  </size>
  <color>
   Зеленый
  </color>
  <material>
   Хлопок
  </material>
  <price>
   836238
  </price>
  <rating>
   2.86
  </rating>
  <reviews>
   664474
  </reviews>
  <new>
   -
  </new>
 </clothing>
 <clothing>
  <id>
   182854418
  </id>
  <name>
   Lacoste Hat B-9799
  </name>
  <category>
   Hat
  </category>
  <size>
   S
  </size>
  <color>
   Синий
  </color>
  <material>
   Кожа
  </material>
  <price>
   506401
  </price>
  <rating>
   4.15
  </rating>
  <reviews>
   275459
  </reviews>
  <new>
   -
  </new>
  <exclusive>
   no
  </exclusive>
  <sporty>
   no
  </sporty>
 </clothing>
 <clothing>
  <id>
   651147558
  </id>
  <name>
   Reebok Socks W-6262
  </name>
  <category>
   Socks
  </category>
  <size>
   L
  </size>
  <color>
   Оранжевый
  </color>
  <material>
   Шелк
  </material>
  <price>
   644109
  </price>
  <rating>
   3.77
  </rating>
  <reviews>
   411111
  </reviews>
  <sporty>
   no
  </sporty>
 </clothing>
 <clothing>
  <id>
   517535396
  </id>
  <name>
   PleinSport T-shirt B-1700
  </name>
  <category>
   T-shirt
  </category>
  <size>
   M
  </size>
  <color>
   Синий
  </color>
  <material>
   Вискоза
  </material>
  <price>
   702630
  </price>
  <rating>
   2.21
  </rating>
  <reviews>
   640673
  </reviews>
  <exclusive>
   yes
  </exclusive>
 </clothing>
 <clothing>
  <id>
   529006652
  </id>
  <name>
   Under Armour Shirt M-4693
  </name>
  <category>
   Shirt
  </category>
  <size>
   M
  </size>
  <color>
   Красный
  </color>
  <material>
   Нейлон
  </material>
  <price>
   656832
  </price>
  <rating>
   4.8
  </rating>
  <reviews>
   870483
  </reviews>
  <exclusive>
   no
  </exclusive>
 </clothing>
 <clothing>
  <id>
   924850387
  </id>
  <name>
   Converse Shirt L-8191
  </name>
  <category>
   Shirt
  </category>
  <size>
   S
  </size>
  <color>
   Желтый
  </color>
  <material>
   Шелк
  </material>
  <price>
   552921
  </price>
  <rating>
   3.36
  </rating>
  <reviews>
   958960
  </reviews>
  <new>
   -
  </new>
  <exclusive>
   no
  </exclusive>
  <sporty>
   yes
  </sporty>
 </clothing>
 <clothing>
  <id>
   218599656
  </id>
  <name>
   Vans Shirt J-7684
  </name>
  <category>
   Shirt
  </category>
  <size>
   S
  </size>
  <color>
   Оранжевый
  </color>
  <material>
   Кожа
  </material>
  <price>
   936983
  </price>
  <rating>
   4.18
  </rating>
  <reviews>
   349840
  </reviews>
  <sporty>
   yes
  </sporty>
 </clothing>
 <clothing>
  <id>
   259733346
  </id>
  <name>
   Ellesse Blouse S-8173
  </name>
  <category>
   Blouse
  </category>
  <size>
   XL
  </size>
  <color>
   Голубой
  </color>
  <material>
   Шерсть
  </material>
  <price>
   603106
  </price>
  <rating>
   3.46
  </rating>
  <reviews>
   484124
  </reviews>
  <exclusive>
   no
  </exclusive>
  <sporty>
   no
  </sporty>
 </clothing>
 <clothing>
  <id>
   832037275
  </id>
  <name>
   DC Sweater C-3501
  </name>
  <category>
   Sweater
  </category>
  <size>
   M
  </size>
  <color>
   Синий
  </color>
  <material>
   Шелк
  </material>
  <price>
   257100
  </price>
  <rating>
   4.47
  </rating>
  <reviews>
   812654
  </reviews>
  <new>
   -
  </new>
  <exclusive>
   no
  </exclusive>
 </clothing>
 <clothing>
  <id>
   664795468
  </id>
  <name>
   Asics Hat O-9632
  </name>
  <category>
   Hat
  </category>
  <size>
   XL
  </size>
  <color>
   Голубой
  </color>
  <material>
   Вискоза
  </material>
  <price>
   311360
  </price>
  <rating>
   3.75
  </rating>
  <reviews>
   396778
  </reviews>
  <exclusive>
   yes
  </exclusive>
  <sporty>
   no
  </sporty>
 </clothing>
 <clothing>
  <id>
   402256419
  </id>
  <name>
   Reebok Skirt U-4140
  </name>
  <category>
   Skirt
  </category>
  <size>
   M
  </size>
  <color>
   Зеленый
  </color>
  <material>
   Хлопок
  </material>
  <price>
   894076
  </price>
  <rating>
   3.91
  </rating>
  <reviews>
   242181
  </reviews>
  <exclusive>
   yes
  </exclusive>
  <sporty>
   yes
  </sporty>
 </clothing>
</clothing-items>
