<?xml version="1.0" encoding="utf-8"?>
<clothing-items>
 <clothing>
  <id>
   779684003
  </id>
  <name>
   Lacoste Belts L-2801
  </name>
  <category>
   Belts
  </category>
  <size>
   S
  </size>
  <color>
   Зеленый
  </color>
  <material>
   Шелк
  </material>
  <price>
   137873
  </price>
  <rating>
   4.6
  </rating>
  <reviews>
   148791
  </reviews>
  <exclusive>
   no
  </exclusive>
  <sporty>
   no
  </sporty>
 </clothing>
 <clothing>
  <id>
   595799951
  </id>
  <name>
   PleinSport Pants Y-4883
  </name>
  <category>
   Pants
  </category>
  <size>
   L
  </size>
  <color>
   Зеленый
  </color>
  <material>
   Вискоза
  </material>
  <price>
   751982
  </price>
  <rating>
   1.88
  </rating>
  <reviews>
   463977
  </reviews>
  <new>
   -
  </new>
  <exclusive>
   no
  </exclusive>
  <sporty>
   no
  </sporty>
 </clothing>
 <clothing>
  <id>
   813825967
  </id>
  <name>
   Fila Sweater R-5106
  </name>
  <category>
   Sweater
  </category>
  <size>
   XL
  </size>
  <color>
   Желтый
  </color>
  <material>
   Полиэстер
  </material>
  <price>
   836072
  </price>
  <rating>
   2.54
  </rating>
  <reviews>
   746666
  </reviews>
  <new>
   -
  </new>
  <exclusive>
   yes
  </exclusive>
 </clothing>
 <clothing>
  <id>
   691910428
  </id>
  <name>
   Reebok Jeans T-6487
  </name>
  <category>
   Jeans
  </category>
  <size>
   S
  </size>
  <color>
   Желтый
  </color>
  <material>
   Полиэстер
  </material>
  <price>
   353504
  </price>
  <rating>
   1.11
  </rating>
  <reviews>
   710020
  </reviews>
  <sporty>
   yes
  </sporty>
 </clothing>
 <clothing>
  <id>
   208343982
  </id>
  <name>
   New Balance Shirt N-8370
  </name>
  <category>
   Shirt
  </category>
  <size>
   XL
  </size>
  <color>
   Желтый
  </color>
  <material>
   Кожа
  </material>
  <price>
   796991
  </price>
  <rating>
   4.04
  </rating>
  <reviews>
   196724
  </reviews>
  <new>
   +
  </new>
  <exclusive>
   yes
  </exclusive>
  <sporty>
   no
  </sporty>
 </clothing>
 <clothing>
  <id>
   491654622
  </id>
  <name>
   DC Skirt B-8207
  </name>
  <category>
   Skirt
  </category>
  <size>
   XXL
  </size>
  <color>
   Голубой
  </color>
  <material>
   Хлопок
  </material>
  <price>
   520855
  </price>
  <rating>
   3.69
  </rating>
  <reviews>
   649567
  </reviews>
  <exclusive>
   yes
  </exclusive>
 </clothing>
 <clothing>
  <id>
   532581620
  </id>
  <name>
   PleinSport Hat A-9832
  </name>
  <category>
   Hat
  </category>
  <size>
   XXL
  </size>
  <color>
   Красный
  </color>
  <material>
   Вискоза
  </material>
  <price>
   288873
  </price>
  <rating>
   3.6
  </rating>
  <reviews>
   40875
  </reviews>
  <exclusive>
   yes
  </exclusive>
  <sporty>
   no
  </sporty>
 </clothing>
 <clothing>
  <id>
   948230926
  </id>
  <name>
   Fila Skirt H-3119
  </name>
  <category>
   Skirt
  </category>
  <size>
   M
  </size>
  <color>
   Синий
  </color>
  <material>
   Кожа
  </material>
  <price>
   394474
  </price>
  <rating>
   3.61
  </rating>
  <reviews>
   703713
  </reviews>
  <new>
   +
  </new>
  <sporty>
   no
  </sporty>
 </clothing>
 <clothing>
  <id>
   514828602
  </id>
  <name>
   Fila T-shirt U-2972
  </name>
  <category>
   T-shirt
  </category>
  <size>
   M
  </size>
  <color>
   Голубой
  </color>
  <material>
   Нейлон
  </material>
  <price>
   607777
  </price>
  <rating>
   4.66
  </rating>
  <reviews>
   727941
  </reviews>
 </clothing>
 <clothing>
  <id>
   971716718
  </id>
  <name>
   Converse Handbags P-8447
  </name>
  <category>
   Handbags
  </category>
  <size>
   M
  </size>
  <color>
   Красный
  </color>
  <material>
   Нейлон
  </material>
  <price>
   661058
  </price>
  <rating>
   1.14
  </rating>
  <reviews>
   534002
  </reviews>
  <new>
   -
  </new>
 </clothing>
 <clothing>
  <id>
   648619610
  </id>
  <name>
   Fila Handbags Y-8053
  </name>
  <category>
   Handbags
  </category>
  <size>
   XXL
  </size>
  <color>
   Красный
  </color>
  <material>
   Шерсть
  </material>
  <price>
   241879
  </price>
  <rating>
   2.32
  </rating>
  <reviews>
   798724
  </reviews>
  <exclusive>
   yes
  </exclusive>
 </clothing>
 <clothing>
  <id>
   350547655
  </id>
  <name>
   Brooks Skirt T-5096
  </name>
  <category>
   Skirt
  </category>
  <size>
   L
  </size>
  <color>
   Желтый
  </color>
  <material>
   Шелк
  </material>
  <price>
   566560
  </price>
  <rating>
   3.83
  </rating>
  <reviews>
   880279
  </reviews>
  <exclusive>
   no
  </exclusive>
  <sporty>
   yes
  </sporty>
 </clothing>
 <clothing>
  <id>
   284735742
  </id>
  <name>
   DC Shirt G-2443
  </name>
  <category>
   Shirt
  </category>
  <size>
   XXL
  </size>
  <color>
   Голубой
  </color>
  <material>
   Лен
  </material>
  <price>
   326532
  </price>
  <rating>
   3.05
  </rating>
  <reviews>
   859531
  </reviews>
  <new>
   +
  </new>
  <sporty>
   yes
  </sporty>
 </clothing>
 <clothing>
  <id>
   318661189
  </id>
  <name>
   DC T-shirt E-5734
  </name>
  <category>
   T-shirt
  </category>
  <size>
   S
  </size>
  <color>
   Желтый
  </color>
  <material>
   Нейлон
  </material>
  <price>
   542842
  </price>
  <rating>
   3.5
  </rating>
  <reviews>
   177933
  </reviews>
  <new>
   +
  </new>
  <exclusive>
   no
  </exclusive>
 </clothing>
 <clothing>
  <id>
   815055400
  </id>
  <name>
   Asics Blouse S-3841
  </name>
  <category>
   Blouse
  </category>
  <size>
   XXL
  </size>
  <color>
   Фиолетовый
  </color>
  <material>
   Шерсть
  </material>
  <price>
   271023
  </price>
  <rating>
   1.83
  </rating>
  <reviews>
   952108
  </reviews>
  <new>
   +
  </new>
  <exclusive>
   no
  </exclusive>
 </clothing>
 <clothing>
  <id>
   352184234
  </id>
  <name>
   Addidas Jeans F-6851
  </name>
  <category>
   Jeans
  </category>
  <size>
   XXL
  </size>
  <color>
   Зеленый
  </color>
  <material>
   Полиэстер
  </material>
  <price>
   869933
  </price>
  <rating>
   1.64
  </rating>
  <reviews>
   397185
  </reviews>
 </clothing>
 <clothing>
  <id>
   223611159
  </id>
  <name>
   Brooks Shirt M-3731
  </name>
  <category>
   Shirt
  </category>
  <size>
   S
  </size>
  <color>
   Оранжевый
  </color>
  <material>
   Лен
  </material>
  <price>
   667082
  </price>
  <rating>
   2.72
  </rating>
  <reviews>
   120672
  </reviews>
  <sporty>
   no
  </sporty>
 </clothing>
 <clothing>
  <id>
   702125540
  </id>
  <name>
   Fila Socks B-3752
  </name>
  <category>
   Socks
  </category>
  <size>
   M
  </size>
  <color>
   Голубой
  </color>
  <material>
   Вискоза
  </material>
  <price>
   487492
  </price>
  <rating>
   2.15
  </rating>
  <reviews>
   4515
  </reviews>
  <new>
   +
  </new>
  <exclusive>
   yes
  </exclusive>
  <sporty>
   no
  </sporty>
 </clothing>
 <clothing>
  <id>
   772930051
  </id>
  <name>
   Ellesse Jacket X-6495
  </name>
  <category>
   Jacket
  </category>
  <size>
   XL
  </size>
  <color>
   Красный
  </color>
  <material>
   Хлопок
  </material>
  <price>
   581445
  </price>
  <rating>
   3.55
  </rating>
  <reviews>
   196576
  </reviews>
  <new>
   +
  </new>
 </clothing>
 <clothing>
  <id>
   331497926
  </id>
  <name>
   Brooks Umbrellas H-7045
  </name>
  <category>
   Umbrellas
  </category>
  <size>
   L
  </size>
  <color>
   Желтый
  </color>
  <material>
   Нейлон
  </material>
  <price>
   707418
  </price>
  <rating>
   2.76
  </rating>
  <reviews>
   991995
  </reviews>
  <sporty>
   no
  </sporty>
 </clothing>
 <clothing>
  <id>
   215513950
  </id>
  <name>
   Fila Skirt Q-3713
  </name>
  <category>
   Skirt
  </category>
  <size>
   S
  </size>
  <color>
   Оранжевый
  </color>
  <material>
   Шерсть
  </material>
  <price>
   249932
  </price>
  <rating>
   2.97
  </rating>
  <reviews>
   79264
  </reviews>
  <new>
   -
  </new>
 </clothing>
 <clothing>
  <id>
   856871510
  </id>
  <name>
   Vans Pants D-7418
  </name>
  <category>
   Pants
  </category>
  <size>
   XXL
  </size>
  <color>
   Красный
  </color>
  <material>
   Хлопок
  </material>
  <price>
   401827
  </price>
  <rating>
   4.74
  </rating>
  <reviews>
   468112
  </reviews>
 </clothing>
 <clothing>
  <id>
   776925608
  </id>
  <name>
   Lacoste Socks Z-9202
  </name>
  <category>
   Socks
  </category>
  <size>
   L
  </size>
  <color>
   Красный
  </color>
  <material>
   Вискоза
  </material>
  <price>
   964948
  </price>
  <rating>
   4.35
  </rating>
  <reviews>
   771444
  </reviews>
  <new>
   +
  </new>
  <exclusive>
   no
  </exclusive>
  <sporty>
   yes
  </sporty>
 </clothing>
 <clothing>
  <id>
   878061015
  </id>
  <name>
   PleinSport Belts D-7745
  </name>
  <category>
   Belts
  </category>
  <size>
   XL
  </size>
  <color>
   Зеленый
  </color>
  <material>
   Нейлон
  </material>
  <price>
   952098
  </price>
  <rating>
   2.88
  </rating>
  <reviews>
   571379
  </reviews>
  <new>
   +
  </new>
  <exclusive>
   yes
  </exclusive>
  <sporty>
   yes
  </sporty>
 </clothing>
 <clothing>
  <id>
   781491007
  </id>
  <name>
   Ellesse Dress W-1209
  </name>
  <category>
   Dress
  </category>
  <size>
   L
  </size>
  <color>
   Красный
  </color>
  <material>
   Лен
  </material>
  <price>
   970168
  </price>
  <rating>
   3.98
  </rating>
  <reviews>
   672940
  </reviews>
  <sporty>
   no
  </sporty>
 </clothing>
 <clothing>
  <id>
   140598735
  </id>
  <name>
   Reebok Blouse K-4472
  </name>
  <category>
   Blouse
  </category>
  <size>
   L
  </size>
  <color>
   Красный
  </color>
  <material>
   Нейлон
  </material>
  <price>
   483907
  </price>
  <rating>
   3.82
  </rating>
  <reviews>
   521486
  </reviews>
  <sporty>
   no
  </sporty>
 </clothing>
 <clothing>
  <id>
   924669238
  </id>
  <name>
   New Balance Shirt G-4957
  </name>
  <category>
   Shirt
  </category>
  <size>
   S
  </size>
  <color>
   Желтый
  </color>
  <material>
   Шелк
  </material>
  <price>
   856331
  </price>
  <rating>
   4.26
  </rating>
  <reviews>
   754934
  </reviews>
  <new>
   +
  </new>
  <exclusive>
   no
  </exclusive>
  <sporty>
   yes
  </sporty>
 </clothing>
 <clothing>
  <id>
   563027211
  </id>
  <name>
   Vans Pants B-9719
  </name>
  <category>
   Pants
  </category>
  <size>
   XXL
  </size>
  <color>
   Зеленый
  </color>
  <material>
   Шелк
  </material>
  <price>
   408328
  </price>
  <rating>
   4.98
  </rating>
  <reviews>
   575891
  </reviews>
  <new>
   +
  </new>
  <exclusive>
   no
  </exclusive>
 </clothing>
 <clothing>
  <id>
   691307315
  </id>
  <name>
   Asics Socks H-1361
  </name>
  <category>
   Socks
  </category>
  <size>
   L
  </size>
  <color>
   Фиолетовый
  </color>
  <material>
   Лен
  </material>
  <price>
   343539
  </price>
  <rating>
   3.03
  </rating>
  <reviews>
   111718
  </reviews>
  <new>
   -
  </new>
  <exclusive>
   yes
  </exclusive>
 </clothing>
</clothing-items>
