<?xml version="1.0" encoding="utf-8"?>
<clothing-items>
 <clothing>
  <id>
   374297114
  </id>
  <name>
   Addidas Jacket R-1176
  </name>
  <category>
   Jacket
  </category>
  <size>
   XL
  </size>
  <color>
   Синий
  </color>
  <material>
   Полиэстер
  </material>
  <price>
   453264
  </price>
  <rating>
   4.23
  </rating>
  <reviews>
   167302
  </reviews>
  <sporty>
   no
  </sporty>
 </clothing>
 <clothing>
  <id>
   415089230
  </id>
  <name>
   Reebok Gloves L-3572
  </name>
  <category>
   Gloves
  </category>
  <size>
   M
  </size>
  <color>
   Красный
  </color>
  <material>
   Нейлон
  </material>
  <price>
   136741
  </price>
  <rating>
   1.18
  </rating>
  <reviews>
   722256
  </reviews>
  <new>
   -
  </new>
 </clothing>
 <clothing>
  <id>
   270769498
  </id>
  <name>
   Converse Socks W-7497
  </name>
  <category>
   Socks
  </category>
  <size>
   XXL
  </size>
  <color>
   Голубой
  </color>
  <material>
   Шерсть
  </material>
  <price>
   895532
  </price>
  <rating>
   4.73
  </rating>
  <reviews>
   810530
  </reviews>
  <new>
   -
  </new>
  <exclusive>
   yes
  </exclusive>
  <sporty>
   no
  </sporty>
 </clothing>
 <clothing>
  <id>
   260479080
  </id>
  <name>
   Adidas T-shirt A-7216
  </name>
  <category>
   T-shirt
  </category>
  <size>
   XL
  </size>
  <color>
   Зеленый
  </color>
  <material>
   Шерсть
  </material>
  <price>
   439797
  </price>
  <rating>
   3.68
  </rating>
  <reviews>
   965905
  </reviews>
  <new>
   -
  </new>
  <exclusive>
   yes
  </exclusive>
  <sporty>
   no
  </sporty>
 </clothing>
 <clothing>
  <id>
   606609929
  </id>
  <name>
   PleinSport Pants N-3732
  </name>
  <category>
   Pants
  </category>
  <size>
   XL
  </size>
  <color>
   Желтый
  </color>
  <material>
   Шелк
  </material>
  <price>
   872247
  </price>
  <rating>
   2.89
  </rating>
  <reviews>
   55681
  </reviews>
  <exclusive>
   yes
  </exclusive>
  <sporty>
   no
  </sporty>
 </clothing>
 <clothing>
  <id>
   115282128
  </id>
  <name>
   Converse Pants A-7134
  </name>
  <category>
   Pants
  </category>
  <size>
   XXL
  </size>
  <color>
   Красный
  </color>
  <material>
   Шелк
  </material>
  <price>
   300482
  </price>
  <rating>
   2.16
  </rating>
  <reviews>
   2740
  </reviews>
  <sporty>
   no
  </sporty>
 </clothing>
 <clothing>
  <id>
   468492436
  </id>
  <name>
   Brooks Jacket C-3550
  </name>
  <category>
   Jacket
  </category>
  <size>
   L
  </size>
  <color>
   Красный
  </color>
  <material>
   Полиэстер
  </material>
  <price>
   870068
  </price>
  <rating>
   1.68
  </rating>
  <reviews>
   634921
  </reviews>
  <new>
   -
  </new>
  <sporty>
   yes
  </sporty>
 </clothing>
 <clothing>
  <id>
   189822094
  </id>
  <name>
   Vans Hat Y-6662
  </name>
  <category>
   Hat
  </category>
  <size>
   XXL
  </size>
  <color>
   Оранжевый
  </color>
  <material>
   Кожа
  </material>
  <price>
   259226
  </price>
  <rating>
   2.65
  </rating>
  <reviews>
   880283
  </reviews>
 </clothing>
 <clothing>
  <id>
   844846576
  </id>
  <name>
   Puma Umbrellas J-8512
  </name>
  <category>
   Umbrellas
  </category>
  <size>
   XXL
  </size>
  <color>
   Голубой
  </color>
  <material>
   Нейлон
  </material>
  <price>
   920001
  </price>
  <rating>
   1.91
  </rating>
  <reviews>
   772876
  </reviews>
  <new>
   -
  </new>
  <exclusive>
   no
  </exclusive>
 </clothing>
 <clothing>
  <id>
   414808806
  </id>
  <name>
   Vans Shoes M-5760
  </name>
  <category>
   Shoes
  </category>
  <size>
   L
  </size>
  <color>
   Фиолетовый
  </color>
  <material>
   Вискоза
  </material>
  <price>
   519628
  </price>
  <rating>
   1.01
  </rating>
  <reviews>
   902609
  </reviews>
  <new>
   +
  </new>
  <sporty>
   no
  </sporty>
 </clothing>
 <clothing>
  <id>
   791503369
  </id>
  <name>
   Converse T-shirt V-9986
  </name>
  <category>
   T-shirt
  </category>
  <size>
   XL
  </size>
  <color>
   Синий
  </color>
  <material>
   Вискоза
  </material>
  <price>
   470897
  </price>
  <rating>
   2.27
  </rating>
  <reviews>
   404164
  </reviews>
  <new>
   -
  </new>
 </clothing>
 <clothing>
  <id>
   574303194
  </id>
  <name>
   Ellesse Pants K-4793
  </name>
  <category>
   Pants
  </category>
  <size>
   S
  </size>
  <color>
   Красный
  </color>
  <material>
   Вискоза
  </material>
  <price>
   497637
  </price>
  <rating>
   4.06
  </rating>
  <reviews>
   3092
  </reviews>
  <new>
   -
  </new>
  <exclusive>
   yes
  </exclusive>
  <sporty>
   no
  </sporty>
 </clothing>
 <clothing>
  <id>
   643669963
  </id>
  <name>
   Reebok T-shirt K-3650
  </name>
  <category>
   T-shirt
  </category>
  <size>
   M
  </size>
  <color>
   Оранжевый
  </color>
  <material>
   Кожа
  </material>
  <price>
   183434
  </price>
  <rating>
   3.49
  </rating>
  <reviews>
   379214
  </reviews>
  <new>
   -
  </new>
  <exclusive>
   yes
  </exclusive>
  <sporty>
   yes
  </sporty>
 </clothing>
 <clothing>
  <id>
   889541850
  </id>
  <name>
   Lacoste Jeans D-9069
  </name>
  <category>
   Jeans
  </category>
  <size>
   M
  </size>
  <color>
   Зеленый
  </color>
  <material>
   Кожа
  </material>
  <price>
   264376
  </price>
  <rating>
   4.74
  </rating>
  <reviews>
   881072
  </reviews>
  <exclusive>
   yes
  </exclusive>
  <sporty>
   no
  </sporty>
 </clothing>
 <clothing>
  <id>
   868944839
  </id>
  <name>
   Adidas T-shirt V-3705
  </name>
  <category>
   T-shirt
  </category>
  <size>
   M
  </size>
  <color>
   Оранжевый
  </color>
  <material>
   Шелк
  </material>
  <price>
   673210
  </price>
  <rating>
   4.46
  </rating>
  <reviews>
   307163
  </reviews>
  <new>
   +
  </new>
  <exclusive>
   no
  </exclusive>
  <sporty>
   no
  </sporty>
 </clothing>
 <clothing>
  <id>
   510404244
  </id>
  <name>
   Reebok Handbags I-8727
  </name>
  <category>
   Handbags
  </category>
  <size>
   L
  </size>
  <color>
   Оранжевый
  </color>
  <material>
   Шелк
  </material>
  <price>
   183038
  </price>
  <rating>
   3.56
  </rating>
  <reviews>
   95630
  </reviews>
  <new>
   -
  </new>
  <sporty>
   yes
  </sporty>
 </clothing>
 <clothing>
  <id>
   324470446
  </id>
  <name>
   Fila Pants C-4127
  </name>
  <category>
   Pants
  </category>
  <size>
   M
  </size>
  <color>
   Красный
  </color>
  <material>
   Шерсть
  </material>
  <price>
   680459
  </price>
  <rating>
   2.32
  </rating>
  <reviews>
   713183
  </reviews>
  <exclusive>
   yes
  </exclusive>
 </clothing>
 <clothing>
  <id>
   131851730
  </id>
  <name>
   Reebok Umbrellas S-9084
  </name>
  <category>
   Umbrellas
  </category>
  <size>
   L
  </size>
  <color>
   Зеленый
  </color>
  <material>
   Полиэстер
  </material>
  <price>
   935488
  </price>
  <rating>
   2.32
  </rating>
  <reviews>
   423962
  </reviews>
  <new>
   -
  </new>
  <sporty>
   no
  </sporty>
 </clothing>
 <clothing>
  <id>
   736788705
  </id>
  <name>
   Ellesse Sweater H-7246
  </name>
  <category>
   Sweater
  </category>
  <size>
   S
  </size>
  <color>
   Зеленый
  </color>
  <material>
   Вискоза
  </material>
  <price>
   675998
  </price>
  <rating>
   2.6
  </rating>
  <reviews>
   126849
  </reviews>
  <new>
   -
  </new>
  <exclusive>
   yes
  </exclusive>
  <sporty>
   no
  </sporty>
 </clothing>
 <clothing>
  <id>
   681712714
  </id>
  <name>
   Brooks Hat W-8166
  </name>
  <category>
   Hat
  </category>
  <size>
   XXL
  </size>
  <color>
   Желтый
  </color>
  <material>
   Нейлон
  </material>
  <price>
   554479
  </price>
  <rating>
   1.22
  </rating>
  <reviews>
   477445
  </reviews>
  <sporty>
   no
  </sporty>
 </clothing>
 <clothing>
  <id>
   120389921
  </id>
  <name>
   Puma Umbrellas O-4947
  </name>
  <category>
   Umbrellas
  </category>
  <size>
   XXL
  </size>
  <color>
   Фиолетовый
  </color>
  <material>
   Шерсть
  </material>
  <price>
   239549
  </price>
  <rating>
   4.58
  </rating>
  <reviews>
   948386
  </reviews>
  <exclusive>
   no
  </exclusive>
  <sporty>
   no
  </sporty>
 </clothing>
 <clothing>
  <id>
   283351390
  </id>
  <name>
   Adidas Jeans P-1171
  </name>
  <category>
   Jeans
  </category>
  <size>
   M
  </size>
  <color>
   Оранжевый
  </color>
  <material>
   Нейлон
  </material>
  <price>
   204039
  </price>
  <rating>
   4.98
  </rating>
  <reviews>
   427708
  </reviews>
  <new>
   -
  </new>
  <exclusive>
   no
  </exclusive>
  <sporty>
   no
  </sporty>
 </clothing>
 <clothing>
  <id>
   108089041
  </id>
  <name>
   Addidas Jeans V-6445
  </name>
  <category>
   Jeans
  </category>
  <size>
   S
  </size>
  <color>
   Желтый
  </color>
  <material>
   Кожа
  </material>
  <price>
   758253
  </price>
  <rating>
   4.25
  </rating>
  <reviews>
   843058
  </reviews>
  <new>
   -
  </new>
  <exclusive>
   no
  </exclusive>
 </clothing>
 <clothing>
  <id>
   276467454
  </id>
  <name>
   Under Armour Blouse B-7590
  </name>
  <category>
   Blouse
  </category>
  <size>
   M
  </size>
  <color>
   Желтый
  </color>
  <material>
   Шелк
  </material>
  <price>
   113658
  </price>
  <rating>
   3.37
  </rating>
  <reviews>
   671466
  </reviews>
  <exclusive>
   no
  </exclusive>
 </clothing>
 <clothing>
  <id>
   415612861
  </id>
  <name>
   Adidas Gloves Q-5352
  </name>
  <category>
   Gloves
  </category>
  <size>
   XL
  </size>
  <color>
   Зеленый
  </color>
  <material>
   Нейлон
  </material>
  <price>
   677921
  </price>
  <rating>
   1.63
  </rating>
  <reviews>
   54938
  </reviews>
  <new>
   +
  </new>
  <exclusive>
   no
  </exclusive>
 </clothing>
 <clothing>
  <id>
   355603234
  </id>
  <name>
   Lacoste Pants A-1858
  </name>
  <category>
   Pants
  </category>
  <size>
   S
  </size>
  <color>
   Оранжевый
  </color>
  <material>
   Нейлон
  </material>
  <price>
   273564
  </price>
  <rating>
   3.72
  </rating>
  <reviews>
   321720
  </reviews>
  <exclusive>
   yes
  </exclusive>
  <sporty>
   yes
  </sporty>
 </clothing>
 <clothing>
  <id>
   114777595
  </id>
  <name>
   Vans Jeans O-1106
  </name>
  <category>
   Jeans
  </category>
  <size>
   XXL
  </size>
  <color>
   Синий
  </color>
  <material>
   Хлопок
  </material>
  <price>
   333783
  </price>
  <rating>
   1.47
  </rating>
  <reviews>
   183825
  </reviews>
  <sporty>
   no
  </sporty>
 </clothing>
 <clothing>
  <id>
   297829381
  </id>
  <name>
   Nike Shirt W-5011
  </name>
  <category>
   Shirt
  </category>
  <size>
   S
  </size>
  <color>
   Фиолетовый
  </color>
  <material>
   Нейлон
  </material>
  <price>
   690402
  </price>
  <rating>
   2.35
  </rating>
  <reviews>
   680161
  </reviews>
  <exclusive>
   no
  </exclusive>
 </clothing>
 <clothing>
  <id>
   563804335
  </id>
  <name>
   DC Belts V-1736
  </name>
  <category>
   Belts
  </category>
  <size>
   S
  </size>
  <color>
   Зеленый
  </color>
  <material>
   Лен
  </material>
  <price>
   181616
  </price>
  <rating>
   2.54
  </rating>
  <reviews>
   403698
  </reviews>
  <new>
   -
  </new>
  <exclusive>
   no
  </exclusive>
  <sporty>
   no
  </sporty>
 </clothing>
 <clothing>
  <id>
   447081333
  </id>
  <name>
   Puma Jacket L-1071
  </name>
  <category>
   Jacket
  </category>
  <size>
   M
  </size>
  <color>
   Красный
  </color>
  <material>
   Хлопок
  </material>
  <price>
   563296
  </price>
  <rating>
   3.42
  </rating>
  <reviews>
   730190
  </reviews>
  <exclusive>
   no
  </exclusive>
 </clothing>
 <clothing>
  <id>
   106728762
  </id>
  <name>
   Adidas Handbags B-6472
  </name>
  <category>
   Handbags
  </category>
  <size>
   XXL
  </size>
  <color>
   Оранжевый
  </color>
  <material>
   Шелк
  </material>
  <price>
   130218
  </price>
  <rating>
   1.78
  </rating>
  <reviews>
   281712
  </reviews>
  <new>
   -
  </new>
  <exclusive>
   yes
  </exclusive>
  <sporty>
   no
  </sporty>
 </clothing>
 <clothing>
  <id>
   884930152
  </id>
  <name>
   Fila Socks L-2806
  </name>
  <category>
   Socks
  </category>
  <size>
   S
  </size>
  <color>
   Желтый
  </color>
  <material>
   Шерсть
  </material>
  <price>
   854456
  </price>
  <rating>
   3.95
  </rating>
  <reviews>
   859121
  </reviews>
  <new>
   +
  </new>
  <sporty>
   no
  </sporty>
 </clothing>
 <clothing>
  <id>
   854170292
  </id>
  <name>
   Vans Pants P-2606
  </name>
  <category>
   Pants
  </category>
  <size>
   L
  </size>
  <color>
   Синий
  </color>
  <material>
   Шерсть
  </material>
  <price>
   665301
  </price>
  <rating>
   2.13
  </rating>
  <reviews>
   815114
  </reviews>
 </clothing>
 <clothing>
  <id>
   427322705
  </id>
  <name>
   Lacoste Pants B-5411
  </name>
  <category>
   Pants
  </category>
  <size>
   XL
  </size>
  <color>
   Синий
  </color>
  <material>
   Вискоза
  </material>
  <price>
   619704
  </price>
  <rating>
   2.2
  </rating>
  <reviews>
   443440
  </reviews>
  <new>
   -
  </new>
  <exclusive>
   no
  </exclusive>
  <sporty>
   yes
  </sporty>
 </clothing>
 <clothing>
  <id>
   160014509
  </id>
  <name>
   New Balance Dress X-4680
  </name>
  <category>
   Dress
  </category>
  <size>
   L
  </size>
  <color>
   Оранжевый
  </color>
  <material>
   Шерсть
  </material>
  <price>
   380299
  </price>
  <rating>
   3.08
  </rating>
  <reviews>
   908967
  </reviews>
  <exclusive>
   yes
  </exclusive>
 </clothing>
 <clothing>
  <id>
   883024029
  </id>
  <name>
   Fila Sweater H-2948
  </name>
  <category>
   Sweater
  </category>
  <size>
   S
  </size>
  <color>
   Голубой
  </color>
  <material>
   Вискоза
  </material>
  <price>
   267543
  </price>
  <rating>
   4.34
  </rating>
  <reviews>
   694758
  </reviews>
  <new>
   -
  </new>
  <sporty>
   no
  </sporty>
 </clothing>
 <clothing>
  <id>
   822431798
  </id>
  <name>
   Vans Blouse K-5915
  </name>
  <category>
   Blouse
  </category>
  <size>
   XL
  </size>
  <color>
   Голубой
  </color>
  <material>
   Лен
  </material>
  <price>
   265127
  </price>
  <rating>
   1.85
  </rating>
  <reviews>
   768532
  </reviews>
  <new>
   -
  </new>
  <exclusive>
   yes
  </exclusive>
 </clothing>
 <clothing>
  <id>
   606988265
  </id>
  <name>
   Asics Gloves H-9091
  </name>
  <category>
   Gloves
  </category>
  <size>
   S
  </size>
  <color>
   Желтый
  </color>
  <material>
   Кожа
  </material>
  <price>
   809441
  </price>
  <rating>
   2.37
  </rating>
  <reviews>
   84114
  </reviews>
  <exclusive>
   no
  </exclusive>
  <sporty>
   no
  </sporty>
 </clothing>
 <clothing>
  <id>
   738244530
  </id>
  <name>
   Asics Gloves K-3653
  </name>
  <category>
   Gloves
  </category>
  <size>
   XL
  </size>
  <color>
   Красный
  </color>
  <material>
   Кожа
  </material>
  <price>
   955910
  </price>
  <rating>
   3.59
  </rating>
  <reviews>
   235010
  </reviews>
  <new>
   -
  </new>
  <sporty>
   no
  </sporty>
 </clothing>
 <clothing>
  <id>
   219514290
  </id>
  <name>
   Under Armour Jacket U-4577
  </name>
  <category>
   Jacket
  </category>
  <size>
   XXL
  </size>
  <color>
   Голубой
  </color>
  <material>
   Кожа
  </material>
  <price>
   884811
  </price>
  <rating>
   3.86
  </rating>
  <reviews>
   638463
  </reviews>
  <exclusive>
   no
  </exclusive>
  <sporty>
   no
  </sporty>
 </clothing>
</clothing-items>
