<?xml version="1.0" encoding="utf-8"?>
<clothing-items>
 <clothing>
  <id>
   639517389
  </id>
  <name>
   Fila Pants N-4500
  </name>
  <category>
   Pants
  </category>
  <size>
   L
  </size>
  <color>
   Фиолетовый
  </color>
  <material>
   Хлопок
  </material>
  <price>
   292483
  </price>
  <rating>
   2.97
  </rating>
  <reviews>
   129184
  </reviews>
  <new>
   +
  </new>
  <exclusive>
   yes
  </exclusive>
  <sporty>
   yes
  </sporty>
 </clothing>
 <clothing>
  <id>
   655219302
  </id>
  <name>
   Converse Shirt V-5301
  </name>
  <category>
   Shirt
  </category>
  <size>
   L
  </size>
  <color>
   Фиолетовый
  </color>
  <material>
   Нейлон
  </material>
  <price>
   195156
  </price>
  <rating>
   4.78
  </rating>
  <reviews>
   658742
  </reviews>
  <new>
   +
  </new>
  <exclusive>
   yes
  </exclusive>
 </clothing>
 <clothing>
  <id>
   666951181
  </id>
  <name>
   PleinSport Handbags T-8662
  </name>
  <category>
   Handbags
  </category>
  <size>
   S
  </size>
  <color>
   Зеленый
  </color>
  <material>
   Вискоза
  </material>
  <price>
   784380
  </price>
  <rating>
   4.65
  </rating>
  <reviews>
   112263
  </reviews>
 </clothing>
 <clothing>
  <id>
   350691110
  </id>
  <name>
   Addidas Handbags I-5931
  </name>
  <category>
   Handbags
  </category>
  <size>
   L
  </size>
  <color>
   Оранжевый
  </color>
  <material>
   Шелк
  </material>
  <price>
   443831
  </price>
  <rating>
   3.21
  </rating>
  <reviews>
   885748
  </reviews>
  <new>
   +
  </new>
  <exclusive>
   no
  </exclusive>
 </clothing>
 <clothing>
  <id>
   417528914
  </id>
  <name>
   Addidas Skirt X-6047
  </name>
  <category>
   Skirt
  </category>
  <size>
   XXL
  </size>
  <color>
   Зеленый
  </color>
  <material>
   Шелк
  </material>
  <price>
   648492
  </price>
  <rating>
   4.55
  </rating>
  <reviews>
   76538
  </reviews>
  <exclusive>
   no
  </exclusive>
 </clothing>
 <clothing>
  <id>
   462611736
  </id>
  <name>
   Under Armour Gloves R-4255
  </name>
  <category>
   Gloves
  </category>
  <size>
   L
  </size>
  <color>
   Голубой
  </color>
  <material>
   Нейлон
  </material>
  <price>
   580234
  </price>
  <rating>
   3.8
  </rating>
  <reviews>
   549244
  </reviews>
  <exclusive>
   yes
  </exclusive>
 </clothing>
 <clothing>
  <id>
   477463951
  </id>
  <name>
   PleinSport Pants C-5078
  </name>
  <category>
   Pants
  </category>
  <size>
   M
  </size>
  <color>
   Синий
  </color>
  <material>
   Шерсть
  </material>
  <price>
   859196
  </price>
  <rating>
   1.67
  </rating>
  <reviews>
   328131
  </reviews>
  <new>
   -
  </new>
  <exclusive>
   no
  </exclusive>
  <sporty>
   no
  </sporty>
 </clothing>
 <clothing>
  <id>
   854958358
  </id>
  <name>
   PleinSport Pants I-9537
  </name>
  <category>
   Pants
  </category>
  <size>
   M
  </size>
  <color>
   Зеленый
  </color>
  <material>
   Кожа
  </material>
  <price>
   358663
  </price>
  <rating>
   1.98
  </rating>
  <reviews>
   488950
  </reviews>
  <exclusive>
   no
  </exclusive>
  <sporty>
   yes
  </sporty>
 </clothing>
 <clothing>
  <id>
   499645683
  </id>
  <name>
   DC Sweater H-1863
  </name>
  <category>
   Sweater
  </category>
  <size>
   S
  </size>
  <color>
   Фиолетовый
  </color>
  <material>
   Кожа
  </material>
  <price>
   114067
  </price>
  <rating>
   2.93
  </rating>
  <reviews>
   885923
  </reviews>
  <new>
   -
  </new>
  <exclusive>
   yes
  </exclusive>
 </clothing>
 <clothing>
  <id>
   678308254
  </id>
  <name>
   Reebok Skirt F-7083
  </name>
  <category>
   Skirt
  </category>
  <size>
   L
  </size>
  <color>
   Фиолетовый
  </color>
  <material>
   Шерсть
  </material>
  <price>
   916237
  </price>
  <rating>
   3.55
  </rating>
  <reviews>
   305795
  </reviews>
  <new>
   +
  </new>
  <exclusive>
   yes
  </exclusive>
 </clothing>
 <clothing>
  <id>
   113830923
  </id>
  <name>
   Vans Handbags V-9779
  </name>
  <category>
   Handbags
  </category>
  <size>
   XXL
  </size>
  <color>
   Красный
  </color>
  <material>
   Полиэстер
  </material>
  <price>
   660247
  </price>
  <rating>
   2.36
  </rating>
  <reviews>
   988336
  </reviews>
  <exclusive>
   no
  </exclusive>
 </clothing>
 <clothing>
  <id>
   119772926
  </id>
  <name>
   Nike Umbrellas L-1245
  </name>
  <category>
   Umbrellas
  </category>
  <size>
   XL
  </size>
  <color>
   Голубой
  </color>
  <material>
   Полиэстер
  </material>
  <price>
   648703
  </price>
  <rating>
   1.57
  </rating>
  <reviews>
   988894
  </reviews>
 </clothing>
 <clothing>
  <id>
   134023346
  </id>
  <name>
   PleinSport Sweater J-6327
  </name>
  <category>
   Sweater
  </category>
  <size>
   L
  </size>
  <color>
   Зеленый
  </color>
  <material>
   Полиэстер
  </material>
  <price>
   391077
  </price>
  <rating>
   3.4
  </rating>
  <reviews>
   927902
  </reviews>
  <sporty>
   no
  </sporty>
 </clothing>
 <clothing>
  <id>
   459223205
  </id>
  <name>
   Fila Dress U-6526
  </name>
  <category>
   Dress
  </category>
  <size>
   XXL
  </size>
  <color>
   Оранжевый
  </color>
  <material>
   Шелк
  </material>
  <price>
   764653
  </price>
  <rating>
   4.59
  </rating>
  <reviews>
   66271
  </reviews>
  <new>
   -
  </new>
  <sporty>
   no
  </sporty>
 </clothing>
 <clothing>
  <id>
   480365850
  </id>
  <name>
   DC Belts A-3709
  </name>
  <category>
   Belts
  </category>
  <size>
   XXL
  </size>
  <color>
   Синий
  </color>
  <material>
   Шелк
  </material>
  <price>
   967912
  </price>
  <rating>
   3.97
  </rating>
  <reviews>
   860663
  </reviews>
  <new>
   -
  </new>
  <exclusive>
   no
  </exclusive>
  <sporty>
   yes
  </sporty>
 </clothing>
 <clothing>
  <id>
   112477035
  </id>
  <name>
   Converse Hat Z-3635
  </name>
  <category>
   Hat
  </category>
  <size>
   S
  </size>
  <color>
   Синий
  </color>
  <material>
   Полиэстер
  </material>
  <price>
   399540
  </price>
  <rating>
   3.55
  </rating>
  <reviews>
   388823
  </reviews>
 </clothing>
 <clothing>
  <id>
   131753980
  </id>
  <name>
   Puma Jacket H-5037
  </name>
  <category>
   Jacket
  </category>
  <size>
   M
  </size>
  <color>
   Синий
  </color>
  <material>
   Шерсть
  </material>
  <price>
   884516
  </price>
  <rating>
   3.45
  </rating>
  <reviews>
   375383
  </reviews>
  <new>
   +
  </new>
  <exclusive>
   no
  </exclusive>
  <sporty>
   no
  </sporty>
 </clothing>
 <clothing>
  <id>
   979701965
  </id>
  <name>
   Fila Gloves K-6402
  </name>
  <category>
   Gloves
  </category>
  <size>
   L
  </size>
  <color>
   Синий
  </color>
  <material>
   Шерсть
  </material>
  <price>
   371858
  </price>
  <rating>
   4.37
  </rating>
  <reviews>
   572005
  </reviews>
  <new>
   +
  </new>
  <exclusive>
   no
  </exclusive>
  <sporty>
   no
  </sporty>
 </clothing>
 <clothing>
  <id>
   968106048
  </id>
  <name>
   Addidas Dress H-1381
  </name>
  <category>
   Dress
  </category>
  <size>
   M
  </size>
  <color>
   Оранжевый
  </color>
  <material>
   Полиэстер
  </material>
  <price>
   796921
  </price>
  <rating>
   3.84
  </rating>
  <reviews>
   375404
  </reviews>
  <sporty>
   no
  </sporty>
 </clothing>
 <clothing>
  <id>
   376830596
  </id>
  <name>
   Nike Handbags U-8953
  </name>
  <category>
   Handbags
  </category>
  <size>
   L
  </size>
  <color>
   Оранжевый
  </color>
  <material>
   Нейлон
  </material>
  <price>
   450301
  </price>
  <rating>
   4.71
  </rating>
  <reviews>
   60633
  </reviews>
 </clothing>
 <clothing>
  <id>
   930205294
  </id>
  <name>
   Asics Dress I-3110
  </name>
  <category>
   Dress
  </category>
  <size>
   S
  </size>
  <color>
   Желтый
  </color>
  <material>
   Шерсть
  </material>
  <price>
   383211
  </price>
  <rating>
   2.41
  </rating>
  <reviews>
   226387
  </reviews>
  <exclusive>
   no
  </exclusive>
 </clothing>
 <clothing>
  <id>
   310513686
  </id>
  <name>
   Lacoste Belts P-5018
  </name>
  <category>
   Belts
  </category>
  <size>
   S
  </size>
  <color>
   Оранжевый
  </color>
  <material>
   Шелк
  </material>
  <price>
   363968
  </price>
  <rating>
   2.35
  </rating>
  <reviews>
   512809
  </reviews>
  <new>
   -
  </new>
  <exclusive>
   no
  </exclusive>
  <sporty>
   no
  </sporty>
 </clothing>
 <clothing>
  <id>
   915153165
  </id>
  <name>
   Vans Hat E-9009
  </name>
  <category>
   Hat
  </category>
  <size>
   S
  </size>
  <color>
   Красный
  </color>
  <material>
   Полиэстер
  </material>
  <price>
   338526
  </price>
  <rating>
   4.08
  </rating>
  <reviews>
   707808
  </reviews>
  <new>
   +
  </new>
  <exclusive>
   yes
  </exclusive>
 </clothing>
 <clothing>
  <id>
   837630456
  </id>
  <name>
   Converse Pants L-7705
  </name>
  <category>
   Pants
  </category>
  <size>
   XXL
  </size>
  <color>
   Синий
  </color>
  <material>
   Полиэстер
  </material>
  <price>
   838105
  </price>
  <rating>
   2.22
  </rating>
  <reviews>
   599843
  </reviews>
  <new>
   -
  </new>
  <exclusive>
   no
  </exclusive>
  <sporty>
   no
  </sporty>
 </clothing>
 <clothing>
  <id>
   305357649
  </id>
  <name>
   Converse Belts Z-1575
  </name>
  <category>
   Belts
  </category>
  <size>
   S
  </size>
  <color>
   Фиолетовый
  </color>
  <material>
   Шелк
  </material>
  <price>
   212143
  </price>
  <rating>
   1.24
  </rating>
  <reviews>
   253443
  </reviews>
  <new>
   +
  </new>
  <exclusive>
   no
  </exclusive>
 </clothing>
 <clothing>
  <id>
   400124287
  </id>
  <name>
   Fila T-shirt Y-9150
  </name>
  <category>
   T-shirt
  </category>
  <size>
   S
  </size>
  <color>
   Зеленый
  </color>
  <material>
   Хлопок
  </material>
  <price>
   281582
  </price>
  <rating>
   1.56
  </rating>
  <reviews>
   232536
  </reviews>
  <exclusive>
   no
  </exclusive>
  <sporty>
   no
  </sporty>
 </clothing>
 <clothing>
  <id>
   408035973
  </id>
  <name>
   Brooks Hat U-5403
  </name>
  <category>
   Hat
  </category>
  <size>
   S
  </size>
  <color>
   Красный
  </color>
  <material>
   Вискоза
  </material>
  <price>
   455560
  </price>
  <rating>
   4.79
  </rating>
  <reviews>
   640593
  </reviews>
  <new>
   -
  </new>
  <sporty>
   yes
  </sporty>
 </clothing>
 <clothing>
  <id>
   472179637
  </id>
  <name>
   Fila Pants Z-4626
  </name>
  <category>
   Pants
  </category>
  <size>
   S
  </size>
  <color>
   Желтый
  </color>
  <material>
   Кожа
  </material>
  <price>
   797117
  </price>
  <rating>
   1.41
  </rating>
  <reviews>
   741208
  </reviews>
  <new>
   -
  </new>
  <exclusive>
   no
  </exclusive>
  <sporty>
   no
  </sporty>
 </clothing>
 <clothing>
  <id>
   602627330
  </id>
  <name>
   Lacoste Socks T-8563
  </name>
  <category>
   Socks
  </category>
  <size>
   M
  </size>
  <color>
   Голубой
  </color>
  <material>
   Кожа
  </material>
  <price>
   302328
  </price>
  <rating>
   3.74
  </rating>
  <reviews>
   965592
  </reviews>
  <new>
   -
  </new>
  <exclusive>
   no
  </exclusive>
  <sporty>
   no
  </sporty>
 </clothing>
 <clothing>
  <id>
   401536593
  </id>
  <name>
   Adidas Shoes E-9237
  </name>
  <category>
   Shoes
  </category>
  <size>
   S
  </size>
  <color>
   Синий
  </color>
  <material>
   Шелк
  </material>
  <price>
   943651
  </price>
  <rating>
   2.66
  </rating>
  <reviews>
   657423
  </reviews>
  <exclusive>
   no
  </exclusive>
  <sporty>
   yes
  </sporty>
 </clothing>
 <clothing>
  <id>
   929634503
  </id>
  <name>
   PleinSport Shoes I-3583
  </name>
  <category>
   Shoes
  </category>
  <size>
   XXL
  </size>
  <color>
   Красный
  </color>
  <material>
   Шелк
  </material>
  <price>
   757268
  </price>
  <rating>
   3.01
  </rating>
  <reviews>
   705144
  </reviews>
  <new>
   -
  </new>
  <exclusive>
   yes
  </exclusive>
  <sporty>
   yes
  </sporty>
 </clothing>
 <clothing>
  <id>
   287144528
  </id>
  <name>
   Converse Shirt Q-1045
  </name>
  <category>
   Shirt
  </category>
  <size>
   S
  </size>
  <color>
   Синий
  </color>
  <material>
   Лен
  </material>
  <price>
   510725
  </price>
  <rating>
   4.11
  </rating>
  <reviews>
   703456
  </reviews>
  <new>
   -
  </new>
 </clothing>
 <clothing>
  <id>
   631803179
  </id>
  <name>
   Brooks Sweater L-6937
  </name>
  <category>
   Sweater
  </category>
  <size>
   XL
  </size>
  <color>
   Желтый
  </color>
  <material>
   Хлопок
  </material>
  <price>
   178863
  </price>
  <rating>
   3.75
  </rating>
  <reviews>
   883264
  </reviews>
  <new>
   -
  </new>
  <exclusive>
   no
  </exclusive>
 </clothing>
 <clothing>
  <id>
   361773614
  </id>
  <name>
   Addidas T-shirt R-5987
  </name>
  <category>
   T-shirt
  </category>
  <size>
   S
  </size>
  <color>
   Желтый
  </color>
  <material>
   Вискоза
  </material>
  <price>
   677901
  </price>
  <rating>
   2.06
  </rating>
  <reviews>
   883797
  </reviews>
  <new>
   +
  </new>
  <exclusive>
   no
  </exclusive>
 </clothing>
 <clothing>
  <id>
   183497651
  </id>
  <name>
   Brooks Sweater Y-4604
  </name>
  <category>
   Sweater
  </category>
  <size>
   XXL
  </size>
  <color>
   Желтый
  </color>
  <material>
   Полиэстер
  </material>
  <price>
   666005
  </price>
  <rating>
   2.36
  </rating>
  <reviews>
   4453
  </reviews>
  <new>
   -
  </new>
  <exclusive>
   no
  </exclusive>
  <sporty>
   yes
  </sporty>
 </clothing>
 <clothing>
  <id>
   327143715
  </id>
  <name>
   Adidas Jacket I-4932
  </name>
  <category>
   Jacket
  </category>
  <size>
   XXL
  </size>
  <color>
   Красный
  </color>
  <material>
   Шелк
  </material>
  <price>
   997634
  </price>
  <rating>
   3.41
  </rating>
  <reviews>
   795865
  </reviews>
  <exclusive>
   no
  </exclusive>
 </clothing>
 <clothing>
  <id>
   989906865
  </id>
  <name>
   Adidas Gloves X-8140
  </name>
  <category>
   Gloves
  </category>
  <size>
   S
  </size>
  <color>
   Желтый
  </color>
  <material>
   Кожа
  </material>
  <price>
   177387
  </price>
  <rating>
   3.48
  </rating>
  <reviews>
   956036
  </reviews>
  <new>
   -
  </new>
  <sporty>
   no
  </sporty>
 </clothing>
 <clothing>
  <id>
   304028497
  </id>
  <name>
   Reebok Hat R-7130
  </name>
  <category>
   Hat
  </category>
  <size>
   XL
  </size>
  <color>
   Красный
  </color>
  <material>
   Полиэстер
  </material>
  <price>
   772295
  </price>
  <rating>
   4.02
  </rating>
  <reviews>
   888340
  </reviews>
  <new>
   +
  </new>
  <sporty>
   no
  </sporty>
 </clothing>
 <clothing>
  <id>
   769459802
  </id>
  <name>
   Ellesse Pants Q-1128
  </name>
  <category>
   Pants
  </category>
  <size>
   S
  </size>
  <color>
   Синий
  </color>
  <material>
   Вискоза
  </material>
  <price>
   407473
  </price>
  <rating>
   4.96
  </rating>
  <reviews>
   354368
  </reviews>
  <sporty>
   yes
  </sporty>
 </clothing>
 <clothing>
  <id>
   308189144
  </id>
  <name>
   Fila Jacket K-1778
  </name>
  <category>
   Jacket
  </category>
  <size>
   L
  </size>
  <color>
   Голубой
  </color>
  <material>
   Лен
  </material>
  <price>
   111585
  </price>
  <rating>
   2.76
  </rating>
  <reviews>
   730309
  </reviews>
  <new>
   +
  </new>
  <exclusive>
   no
  </exclusive>
 </clothing>
 <clothing>
  <id>
   200578239
  </id>
  <name>
   Lacoste Socks K-7123
  </name>
  <category>
   Socks
  </category>
  <size>
   S
  </size>
  <color>
   Фиолетовый
  </color>
  <material>
   Кожа
  </material>
  <price>
   995110
  </price>
  <rating>
   4.11
  </rating>
  <reviews>
   244686
  </reviews>
  <new>
   -
  </new>
  <exclusive>
   yes
  </exclusive>
  <sporty>
   no
  </sporty>
 </clothing>
 <clothing>
  <id>
   458450345
  </id>
  <name>
   Adidas Shirt D-7107
  </name>
  <category>
   Shirt
  </category>
  <size>
   XXL
  </size>
  <color>
   Красный
  </color>
  <material>
   Шерсть
  </material>
  <price>
   677665
  </price>
  <rating>
   2.39
  </rating>
  <reviews>
   28955
  </reviews>
  <new>
   +
  </new>
  <exclusive>
   no
  </exclusive>
  <sporty>
   no
  </sporty>
 </clothing>
 <clothing>
  <id>
   522993838
  </id>
  <name>
   Brooks Pants M-7608
  </name>
  <category>
   Pants
  </category>
  <size>
   L
  </size>
  <color>
   Желтый
  </color>
  <material>
   Полиэстер
  </material>
  <price>
   377462
  </price>
  <rating>
   3.62
  </rating>
  <reviews>
   369597
  </reviews>
  <new>
   -
  </new>
  <sporty>
   no
  </sporty>
 </clothing>
</clothing-items>
