<?xml version="1.0" encoding="utf-8"?>
<clothing-items>
 <clothing>
  <id>
   458426269
  </id>
  <name>
   Nike Jacket H-8090
  </name>
  <category>
   Jacket
  </category>
  <size>
   XL
  </size>
  <color>
   Голубой
  </color>
  <material>
   Лен
  </material>
  <price>
   698616
  </price>
  <rating>
   1.72
  </rating>
  <reviews>
   207904
  </reviews>
  <exclusive>
   yes
  </exclusive>
 </clothing>
 <clothing>
  <id>
   705971364
  </id>
  <name>
   Converse Socks F-6856
  </name>
  <category>
   Socks
  </category>
  <size>
   XXL
  </size>
  <color>
   Оранжевый
  </color>
  <material>
   Хлопок
  </material>
  <price>
   747649
  </price>
  <rating>
   2.51
  </rating>
  <reviews>
   130628
  </reviews>
  <new>
   +
  </new>
  <exclusive>
   no
  </exclusive>
 </clothing>
 <clothing>
  <id>
   502822331
  </id>
  <name>
   DC Pants L-3929
  </name>
  <category>
   Pants
  </category>
  <size>
   XL
  </size>
  <color>
   Зеленый
  </color>
  <material>
   Полиэстер
  </material>
  <price>
   258014
  </price>
  <rating>
   2.14
  </rating>
  <reviews>
   893572
  </reviews>
  <new>
   -
  </new>
 </clothing>
 <clothing>
  <id>
   941724773
  </id>
  <name>
   Fila Umbrellas L-9802
  </name>
  <category>
   Umbrellas
  </category>
  <size>
   S
  </size>
  <color>
   Зеленый
  </color>
  <material>
   Шелк
  </material>
  <price>
   358032
  </price>
  <rating>
   2.97
  </rating>
  <reviews>
   923505
  </reviews>
  <exclusive>
   yes
  </exclusive>
  <sporty>
   yes
  </sporty>
 </clothing>
 <clothing>
  <id>
   714096830
  </id>
  <name>
   Lacoste Gloves B-5676
  </name>
  <category>
   Gloves
  </category>
  <size>
   L
  </size>
  <color>
   Фиолетовый
  </color>
  <material>
   Лен
  </material>
  <price>
   822440
  </price>
  <rating>
   3.21
  </rating>
  <reviews>
   691378
  </reviews>
  <exclusive>
   yes
  </exclusive>
 </clothing>
 <clothing>
  <id>
   266960849
  </id>
  <name>
   DC Umbrellas I-5401
  </name>
  <category>
   Umbrellas
  </category>
  <size>
   M
  </size>
  <color>
   Голубой
  </color>
  <material>
   Вискоза
  </material>
  <price>
   759920
  </price>
  <rating>
   3.03
  </rating>
  <reviews>
   262016
  </reviews>
  <new>
   +
  </new>
 </clothing>
 <clothing>
  <id>
   776410536
  </id>
  <name>
   Brooks Blouse C-9138
  </name>
  <category>
   Blouse
  </category>
  <size>
   M
  </size>
  <color>
   Красный
  </color>
  <material>
   Полиэстер
  </material>
  <price>
   471210
  </price>
  <rating>
   3.76
  </rating>
  <reviews>
   956594
  </reviews>
 </clothing>
 <clothing>
  <id>
   598878393
  </id>
  <name>
   Fila Sweater D-8153
  </name>
  <category>
   Sweater
  </category>
  <size>
   S
  </size>
  <color>
   Фиолетовый
  </color>
  <material>
   Шерсть
  </material>
  <price>
   864782
  </price>
  <rating>
   3.64
  </rating>
  <reviews>
   64100
  </reviews>
  <new>
   -
  </new>
  <exclusive>
   yes
  </exclusive>
 </clothing>
 <clothing>
  <id>
   540172157
  </id>
  <name>
   Lacoste Skirt Y-8052
  </name>
  <category>
   Skirt
  </category>
  <size>
   XL
  </size>
  <color>
   Фиолетовый
  </color>
  <material>
   Хлопок
  </material>
  <price>
   626960
  </price>
  <rating>
   2.75
  </rating>
  <reviews>
   439999
  </reviews>
  <new>
   +
  </new>
  <exclusive>
   yes
  </exclusive>
 </clothing>
 <clothing>
  <id>
   966098450
  </id>
  <name>
   Vans Dress V-6844
  </name>
  <category>
   Dress
  </category>
  <size>
   XL
  </size>
  <color>
   Желтый
  </color>
  <material>
   Вискоза
  </material>
  <price>
   390784
  </price>
  <rating>
   3.22
  </rating>
  <reviews>
   689030
  </reviews>
  <new>
   -
  </new>
  <sporty>
   yes
  </sporty>
 </clothing>
 <clothing>
  <id>
   640411084
  </id>
  <name>
   New Balance Gloves O-6556
  </name>
  <category>
   Gloves
  </category>
  <size>
   M
  </size>
  <color>
   Синий
  </color>
  <material>
   Нейлон
  </material>
  <price>
   496479
  </price>
  <rating>
   2.11
  </rating>
  <reviews>
   840262
  </reviews>
  <new>
   -
  </new>
  <sporty>
   yes
  </sporty>
 </clothing>
 <clothing>
  <id>
   173513447
  </id>
  <name>
   Brooks Belts H-9437
  </name>
  <category>
   Belts
  </category>
  <size>
   XL
  </size>
  <color>
   Красный
  </color>
  <material>
   Хлопок
  </material>
  <price>
   753102
  </price>
  <rating>
   1.49
  </rating>
  <reviews>
   160696
  </reviews>
  <new>
   +
  </new>
 </clothing>
 <clothing>
  <id>
   100814516
  </id>
  <name>
   Converse Jacket V-7261
  </name>
  <category>
   Jacket
  </category>
  <size>
   S
  </size>
  <color>
   Синий
  </color>
  <material>
   Полиэстер
  </material>
  <price>
   689602
  </price>
  <rating>
   2.85
  </rating>
  <reviews>
   861102
  </reviews>
  <new>
   +
  </new>
  <exclusive>
   yes
  </exclusive>
 </clothing>
 <clothing>
  <id>
   374249184
  </id>
  <name>
   PleinSport Umbrellas X-6385
  </name>
  <category>
   Umbrellas
  </category>
  <size>
   L
  </size>
  <color>
   Оранжевый
  </color>
  <material>
   Шелк
  </material>
  <price>
   369380
  </price>
  <rating>
   1.54
  </rating>
  <reviews>
   449161
  </reviews>
  <exclusive>
   no
  </exclusive>
 </clothing>
 <clothing>
  <id>
   416817931
  </id>
  <name>
   New Balance Gloves V-3812
  </name>
  <category>
   Gloves
  </category>
  <size>
   M
  </size>
  <color>
   Синий
  </color>
  <material>
   Полиэстер
  </material>
  <price>
   724040
  </price>
  <rating>
   1.63
  </rating>
  <reviews>
   473392
  </reviews>
 </clothing>
 <clothing>
  <id>
   592336321
  </id>
  <name>
   Fila Dress S-3095
  </name>
  <category>
   Dress
  </category>
  <size>
   XL
  </size>
  <color>
   Оранжевый
  </color>
  <material>
   Лен
  </material>
  <price>
   646753
  </price>
  <rating>
   2.35
  </rating>
  <reviews>
   841834
  </reviews>
  <new>
   -
  </new>
  <exclusive>
   no
  </exclusive>
  <sporty>
   no
  </sporty>
 </clothing>
 <clothing>
  <id>
   403460080
  </id>
  <name>
   Adidas Blouse J-7768
  </name>
  <category>
   Blouse
  </category>
  <size>
   XL
  </size>
  <color>
   Голубой
  </color>
  <material>
   Полиэстер
  </material>
  <price>
   434053
  </price>
  <rating>
   3.37
  </rating>
  <reviews>
   584022
  </reviews>
 </clothing>
 <clothing>
  <id>
   101986041
  </id>
  <name>
   Lacoste Umbrellas E-6151
  </name>
  <category>
   Umbrellas
  </category>
  <size>
   L
  </size>
  <color>
   Красный
  </color>
  <material>
   Вискоза
  </material>
  <price>
   714279
  </price>
  <rating>
   4.18
  </rating>
  <reviews>
   810685
  </reviews>
  <new>
   -
  </new>
  <exclusive>
   no
  </exclusive>
  <sporty>
   yes
  </sporty>
 </clothing>
 <clothing>
  <id>
   865360479
  </id>
  <name>
   PleinSport Skirt I-9764
  </name>
  <category>
   Skirt
  </category>
  <size>
   M
  </size>
  <color>
   Красный
  </color>
  <material>
   Полиэстер
  </material>
  <price>
   424286
  </price>
  <rating>
   2.22
  </rating>
  <reviews>
   84180
  </reviews>
  <new>
   +
  </new>
 </clothing>
 <clothing>
  <id>
   267272094
  </id>
  <name>
   Reebok Shirt K-3800
  </name>
  <category>
   Shirt
  </category>
  <size>
   XXL
  </size>
  <color>
   Оранжевый
  </color>
  <material>
   Кожа
  </material>
  <price>
   962906
  </price>
  <rating>
   4.94
  </rating>
  <reviews>
   16948
  </reviews>
  <new>
   +
  </new>
  <exclusive>
   no
  </exclusive>
 </clothing>
 <clothing>
  <id>
   551015363
  </id>
  <name>
   Vans Jacket K-7304
  </name>
  <category>
   Jacket
  </category>
  <size>
   L
  </size>
  <color>
   Зеленый
  </color>
  <material>
   Шелк
  </material>
  <price>
   412002
  </price>
  <rating>
   1.93
  </rating>
  <reviews>
   963050
  </reviews>
  <sporty>
   no
  </sporty>
 </clothing>
 <clothing>
  <id>
   194837164
  </id>
  <name>
   PleinSport Blouse D-5014
  </name>
  <category>
   Blouse
  </category>
  <size>
   XL
  </size>
  <color>
   Голубой
  </color>
  <material>
   Шелк
  </material>
  <price>
   406357
  </price>
  <rating>
   1.91
  </rating>
  <reviews>
   270617
  </reviews>
  <exclusive>
   no
  </exclusive>
 </clothing>
 <clothing>
  <id>
   555091276
  </id>
  <name>
   Under Armour Hat H-8099
  </name>
  <category>
   Hat
  </category>
  <size>
   M
  </size>
  <color>
   Фиолетовый
  </color>
  <material>
   Вискоза
  </material>
  <price>
   793372
  </price>
  <rating>
   2.61
  </rating>
  <reviews>
   345200
  </reviews>
  <exclusive>
   no
  </exclusive>
  <sporty>
   no
  </sporty>
 </clothing>
 <clothing>
  <id>
   185179802
  </id>
  <name>
   PleinSport Gloves Z-5486
  </name>
  <category>
   Gloves
  </category>
  <size>
   L
  </size>
  <color>
   Желтый
  </color>
  <material>
   Полиэстер
  </material>
  <price>
   835535
  </price>
  <rating>
   1.95
  </rating>
  <reviews>
   376198
  </reviews>
  <new>
   -
  </new>
  <exclusive>
   no
  </exclusive>
  <sporty>
   yes
  </sporty>
 </clothing>
 <clothing>
  <id>
   411317180
  </id>
  <name>
   New Balance Gloves F-2962
  </name>
  <category>
   Gloves
  </category>
  <size>
   S
  </size>
  <color>
   Зеленый
  </color>
  <material>
   Лен
  </material>
  <price>
   133444
  </price>
  <rating>
   3.24
  </rating>
  <reviews>
   973025
  </reviews>
  <exclusive>
   no
  </exclusive>
  <sporty>
   no
  </sporty>
 </clothing>
 <clothing>
  <id>
   558981995
  </id>
  <name>
   Fila Dress M-3920
  </name>
  <category>
   Dress
  </category>
  <size>
   S
  </size>
  <color>
   Синий
  </color>
  <material>
   Нейлон
  </material>
  <price>
   208877
  </price>
  <rating>
   1.87
  </rating>
  <reviews>
   380139
  </reviews>
  <exclusive>
   yes
  </exclusive>
 </clothing>
 <clothing>
  <id>
   788159245
  </id>
  <name>
   Vans Gloves F-1191
  </name>
  <category>
   Gloves
  </category>
  <size>
   M
  </size>
  <color>
   Красный
  </color>
  <material>
   Вискоза
  </material>
  <price>
   930280
  </price>
  <rating>
   4.99
  </rating>
  <reviews>
   19984
  </reviews>
  <exclusive>
   yes
  </exclusive>
 </clothing>
 <clothing>
  <id>
   520841721
  </id>
  <name>
   Puma Hat D-9522
  </name>
  <category>
   Hat
  </category>
  <size>
   L
  </size>
  <color>
   Красный
  </color>
  <material>
   Нейлон
  </material>
  <price>
   471279
  </price>
  <rating>
   1.91
  </rating>
  <reviews>
   709885
  </reviews>
  <new>
   -
  </new>
 </clothing>
 <clothing>
  <id>
   838365159
  </id>
  <name>
   New Balance Gloves A-9069
  </name>
  <category>
   Gloves
  </category>
  <size>
   XXL
  </size>
  <color>
   Синий
  </color>
  <material>
   Шерсть
  </material>
  <price>
   583506
  </price>
  <rating>
   3.27
  </rating>
  <reviews>
   194320
  </reviews>
  <new>
   +
  </new>
  <exclusive>
   no
  </exclusive>
 </clothing>
 <clothing>
  <id>
   251481864
  </id>
  <name>
   Nike Belts L-4790
  </name>
  <category>
   Belts
  </category>
  <size>
   L
  </size>
  <color>
   Голубой
  </color>
  <material>
   Вискоза
  </material>
  <price>
   918231
  </price>
  <rating>
   4.92
  </rating>
  <reviews>
   373494
  </reviews>
  <new>
   +
  </new>
  <exclusive>
   yes
  </exclusive>
 </clothing>
 <clothing>
  <id>
   951876703
  </id>
  <name>
   Nike Sweater K-2900
  </name>
  <category>
   Sweater
  </category>
  <size>
   M
  </size>
  <color>
   Красный
  </color>
  <material>
   Вискоза
  </material>
  <price>
   233882
  </price>
  <rating>
   3.58
  </rating>
  <reviews>
   760405
  </reviews>
  <new>
   -
  </new>
  <sporty>
   no
  </sporty>
 </clothing>
 <clothing>
  <id>
   348254168
  </id>
  <name>
   Brooks Jeans H-4349
  </name>
  <category>
   Jeans
  </category>
  <size>
   L
  </size>
  <color>
   Синий
  </color>
  <material>
   Полиэстер
  </material>
  <price>
   354762
  </price>
  <rating>
   4.74
  </rating>
  <reviews>
   795404
  </reviews>
 </clothing>
 <clothing>
  <id>
   778620490
  </id>
  <name>
   Asics Belts P-5467
  </name>
  <category>
   Belts
  </category>
  <size>
   L
  </size>
  <color>
   Голубой
  </color>
  <material>
   Вискоза
  </material>
  <price>
   913530
  </price>
  <rating>
   1.98
  </rating>
  <reviews>
   983586
  </reviews>
  <new>
   -
  </new>
  <exclusive>
   no
  </exclusive>
  <sporty>
   yes
  </sporty>
 </clothing>
 <clothing>
  <id>
   986177709
  </id>
  <name>
   Converse Jeans F-9973
  </name>
  <category>
   Jeans
  </category>
  <size>
   M
  </size>
  <color>
   Фиолетовый
  </color>
  <material>
   Лен
  </material>
  <price>
   501455
  </price>
  <rating>
   4.6
  </rating>
  <reviews>
   961359
  </reviews>
 </clothing>
 <clothing>
  <id>
   533239222
  </id>
  <name>
   Puma Dress Q-2916
  </name>
  <category>
   Dress
  </category>
  <size>
   M
  </size>
  <color>
   Фиолетовый
  </color>
  <material>
   Хлопок
  </material>
  <price>
   334254
  </price>
  <rating>
   4.25
  </rating>
  <reviews>
   78581
  </reviews>
  <new>
   -
  </new>
  <sporty>
   yes
  </sporty>
 </clothing>
 <clothing>
  <id>
   493420078
  </id>
  <name>
   Adidas Socks R-7582
  </name>
  <category>
   Socks
  </category>
  <size>
   S
  </size>
  <color>
   Красный
  </color>
  <material>
   Шелк
  </material>
  <price>
   520168
  </price>
  <rating>
   2.54
  </rating>
  <reviews>
   691957
  </reviews>
  <new>
   -
  </new>
  <exclusive>
   no
  </exclusive>
  <sporty>
   no
  </sporty>
 </clothing>
 <clothing>
  <id>
   976553586
  </id>
  <name>
   Lacoste Shirt U-5695
  </name>
  <category>
   Shirt
  </category>
  <size>
   M
  </size>
  <color>
   Голубой
  </color>
  <material>
   Шерсть
  </material>
  <price>
   384422
  </price>
  <rating>
   2.43
  </rating>
  <reviews>
   881149
  </reviews>
  <exclusive>
   no
  </exclusive>
  <sporty>
   yes
  </sporty>
 </clothing>
 <clothing>
  <id>
   654760703
  </id>
  <name>
   Adidas Hat Y-9152
  </name>
  <category>
   Hat
  </category>
  <size>
   XL
  </size>
  <color>
   Желтый
  </color>
  <material>
   Шелк
  </material>
  <price>
   589529
  </price>
  <rating>
   1.69
  </rating>
  <reviews>
   392456
  </reviews>
 </clothing>
 <clothing>
  <id>
   746440483
  </id>
  <name>
   New Balance Jacket C-8324
  </name>
  <category>
   Jacket
  </category>
  <size>
   XXL
  </size>
  <color>
   Синий
  </color>
  <material>
   Хлопок
  </material>
  <price>
   490351
  </price>
  <rating>
   4.28
  </rating>
  <reviews>
   379992
  </reviews>
  <new>
   -
  </new>
  <exclusive>
   yes
  </exclusive>
  <sporty>
   no
  </sporty>
 </clothing>
 <clothing>
  <id>
   882713312
  </id>
  <name>
   DC Belts Z-2543
  </name>
  <category>
   Belts
  </category>
  <size>
   L
  </size>
  <color>
   Красный
  </color>
  <material>
   Кожа
  </material>
  <price>
   934473
  </price>
  <rating>
   2.38
  </rating>
  <reviews>
   833367
  </reviews>
  <new>
   -
  </new>
  <exclusive>
   yes
  </exclusive>
  <sporty>
   no
  </sporty>
 </clothing>
 <clothing>
  <id>
   947956025
  </id>
  <name>
   New Balance Shirt A-9476
  </name>
  <category>
   Shirt
  </category>
  <size>
   XL
  </size>
  <color>
   Фиолетовый
  </color>
  <material>
   Нейлон
  </material>
  <price>
   161277
  </price>
  <rating>
   4.2
  </rating>
  <reviews>
   942801
  </reviews>
  <new>
   -
  </new>
  <exclusive>
   yes
  </exclusive>
 </clothing>
 <clothing>
  <id>
   234249781
  </id>
  <name>
   Adidas Belts Y-2158
  </name>
  <category>
   Belts
  </category>
  <size>
   L
  </size>
  <color>
   Красный
  </color>
  <material>
   Хлопок
  </material>
  <price>
   456023
  </price>
  <rating>
   2.8
  </rating>
  <reviews>
   771680
  </reviews>
  <new>
   -
  </new>
  <sporty>
   no
  </sporty>
 </clothing>
 <clothing>
  <id>
   192160140
  </id>
  <name>
   Under Armour Shirt Z-9825
  </name>
  <category>
   Shirt
  </category>
  <size>
   S
  </size>
  <color>
   Голубой
  </color>
  <material>
   Кожа
  </material>
  <price>
   248003
  </price>
  <rating>
   3.62
  </rating>
  <reviews>
   477263
  </reviews>
  <exclusive>
   yes
  </exclusive>
 </clothing>
 <clothing>
  <id>
   907839077
  </id>
  <name>
   Under Armour Socks C-7887
  </name>
  <category>
   Socks
  </category>
  <size>
   S
  </size>
  <color>
   Синий
  </color>
  <material>
   Вискоза
  </material>
  <price>
   945548
  </price>
  <rating>
   1.35
  </rating>
  <reviews>
   49100
  </reviews>
  <new>
   +
  </new>
  <exclusive>
   no
  </exclusive>
  <sporty>
   no
  </sporty>
 </clothing>
 <clothing>
  <id>
   755867128
  </id>
  <name>
   Asics Skirt Q-5657
  </name>
  <category>
   Skirt
  </category>
  <size>
   XXL
  </size>
  <color>
   Зеленый
  </color>
  <material>
   Шелк
  </material>
  <price>
   950675
  </price>
  <rating>
   3.24
  </rating>
  <reviews>
   518249
  </reviews>
  <new>
   +
  </new>
  <exclusive>
   no
  </exclusive>
  <sporty>
   no
  </sporty>
 </clothing>
 <clothing>
  <id>
   979335810
  </id>
  <name>
   Nike Jacket D-1287
  </name>
  <category>
   Jacket
  </category>
  <size>
   XXL
  </size>
  <color>
   Фиолетовый
  </color>
  <material>
   Шерсть
  </material>
  <price>
   372989
  </price>
  <rating>
   1.39
  </rating>
  <reviews>
   903551
  </reviews>
  <new>
   -
  </new>
 </clothing>
 <clothing>
  <id>
   347316121
  </id>
  <name>
   Vans Belts U-4331
  </name>
  <category>
   Belts
  </category>
  <size>
   S
  </size>
  <color>
   Зеленый
  </color>
  <material>
   Шелк
  </material>
  <price>
   869535
  </price>
  <rating>
   1.37
  </rating>
  <reviews>
   553122
  </reviews>
  <exclusive>
   no
  </exclusive>
  <sporty>
   yes
  </sporty>
 </clothing>
</clothing-items>
