<?xml version="1.0" encoding="utf-8"?>
<clothing-items>
 <clothing>
  <id>
   635728203
  </id>
  <name>
   Brooks Skirt I-3475
  </name>
  <category>
   Skirt
  </category>
  <size>
   XXL
  </size>
  <color>
   Фиолетовый
  </color>
  <material>
   Кожа
  </material>
  <price>
   244166
  </price>
  <rating>
   3.44
  </rating>
  <reviews>
   85284
  </reviews>
  <new>
   +
  </new>
  <sporty>
   no
  </sporty>
 </clothing>
 <clothing>
  <id>
   549026711
  </id>
  <name>
   Vans Shoes V-2038
  </name>
  <category>
   Shoes
  </category>
  <size>
   M
  </size>
  <color>
   Голубой
  </color>
  <material>
   Кожа
  </material>
  <price>
   622513
  </price>
  <rating>
   3.01
  </rating>
  <reviews>
   834540
  </reviews>
 </clothing>
 <clothing>
  <id>
   510658879
  </id>
  <name>
   Converse Sweater V-2163
  </name>
  <category>
   Sweater
  </category>
  <size>
   L
  </size>
  <color>
   Зеленый
  </color>
  <material>
   Нейлон
  </material>
  <price>
   938331
  </price>
  <rating>
   1.29
  </rating>
  <reviews>
   908872
  </reviews>
  <new>
   -
  </new>
  <exclusive>
   no
  </exclusive>
  <sporty>
   yes
  </sporty>
 </clothing>
 <clothing>
  <id>
   118888424
  </id>
  <name>
   Adidas Jacket F-7678
  </name>
  <category>
   Jacket
  </category>
  <size>
   XL
  </size>
  <color>
   Фиолетовый
  </color>
  <material>
   Кожа
  </material>
  <price>
   725104
  </price>
  <rating>
   3.98
  </rating>
  <reviews>
   463062
  </reviews>
  <new>
   +
  </new>
  <exclusive>
   no
  </exclusive>
 </clothing>
 <clothing>
  <id>
   605706762
  </id>
  <name>
   DC T-shirt I-2596
  </name>
  <category>
   T-shirt
  </category>
  <size>
   L
  </size>
  <color>
   Оранжевый
  </color>
  <material>
   Нейлон
  </material>
  <price>
   892641
  </price>
  <rating>
   2.31
  </rating>
  <reviews>
   711669
  </reviews>
  <exclusive>
   no
  </exclusive>
  <sporty>
   yes
  </sporty>
 </clothing>
 <clothing>
  <id>
   934881959
  </id>
  <name>
   Adidas Umbrellas O-3119
  </name>
  <category>
   Umbrellas
  </category>
  <size>
   M
  </size>
  <color>
   Оранжевый
  </color>
  <material>
   Шерсть
  </material>
  <price>
   212967
  </price>
  <rating>
   3.28
  </rating>
  <reviews>
   100681
  </reviews>
 </clothing>
 <clothing>
  <id>
   166718281
  </id>
  <name>
   New Balance Handbags H-8737
  </name>
  <category>
   Handbags
  </category>
  <size>
   L
  </size>
  <color>
   Желтый
  </color>
  <material>
   Кожа
  </material>
  <price>
   578928
  </price>
  <rating>
   1.09
  </rating>
  <reviews>
   821319
  </reviews>
  <sporty>
   yes
  </sporty>
 </clothing>
 <clothing>
  <id>
   782442465
  </id>
  <name>
   Nike Jacket V-4039
  </name>
  <category>
   Jacket
  </category>
  <size>
   XXL
  </size>
  <color>
   Красный
  </color>
  <material>
   Лен
  </material>
  <price>
   195763
  </price>
  <rating>
   1.72
  </rating>
  <reviews>
   681990
  </reviews>
  <new>
   +
  </new>
 </clothing>
 <clothing>
  <id>
   745140397
  </id>
  <name>
   Ellesse Belts X-9023
  </name>
  <category>
   Belts
  </category>
  <size>
   XXL
  </size>
  <color>
   Фиолетовый
  </color>
  <material>
   Кожа
  </material>
  <price>
   289267
  </price>
  <rating>
   4.85
  </rating>
  <reviews>
   657201
  </reviews>
  <new>
   -
  </new>
  <exclusive>
   yes
  </exclusive>
  <sporty>
   no
  </sporty>
 </clothing>
 <clothing>
  <id>
   294611408
  </id>
  <name>
   Puma Jeans X-1346
  </name>
  <category>
   Jeans
  </category>
  <size>
   S
  </size>
  <color>
   Зеленый
  </color>
  <material>
   Шерсть
  </material>
  <price>
   809604
  </price>
  <rating>
   2.59
  </rating>
  <reviews>
   639267
  </reviews>
  <new>
   +
  </new>
  <sporty>
   no
  </sporty>
 </clothing>
 <clothing>
  <id>
   959880360
  </id>
  <name>
   New Balance Sweater M-2368
  </name>
  <category>
   Sweater
  </category>
  <size>
   XXL
  </size>
  <color>
   Красный
  </color>
  <material>
   Шелк
  </material>
  <price>
   164426
  </price>
  <rating>
   2.9
  </rating>
  <reviews>
   569178
  </reviews>
  <new>
   -
  </new>
 </clothing>
 <clothing>
  <id>
   157362217
  </id>
  <name>
   Addidas Skirt Q-3471
  </name>
  <category>
   Skirt
  </category>
  <size>
   S
  </size>
  <color>
   Голубой
  </color>
  <material>
   Хлопок
  </material>
  <price>
   804938
  </price>
  <rating>
   4.63
  </rating>
  <reviews>
   178925
  </reviews>
  <sporty>
   no
  </sporty>
 </clothing>
 <clothing>
  <id>
   295001532
  </id>
  <name>
   Adidas Shirt Z-6817
  </name>
  <category>
   Shirt
  </category>
  <size>
   XL
  </size>
  <color>
   Красный
  </color>
  <material>
   Шерсть
  </material>
  <price>
   934134
  </price>
  <rating>
   1.38
  </rating>
  <reviews>
   445700
  </reviews>
  <new>
   -
  </new>
  <sporty>
   yes
  </sporty>
 </clothing>
 <clothing>
  <id>
   811468928
  </id>
  <name>
   Asics T-shirt F-9020
  </name>
  <category>
   T-shirt
  </category>
  <size>
   XL
  </size>
  <color>
   Зеленый
  </color>
  <material>
   Кожа
  </material>
  <price>
   322573
  </price>
  <rating>
   3.79
  </rating>
  <reviews>
   566143
  </reviews>
  <new>
   +
  </new>
  <exclusive>
   yes
  </exclusive>
  <sporty>
   no
  </sporty>
 </clothing>
 <clothing>
  <id>
   379501305
  </id>
  <name>
   Adidas Handbags C-3277
  </name>
  <category>
   Handbags
  </category>
  <size>
   XL
  </size>
  <color>
   Фиолетовый
  </color>
  <material>
   Нейлон
  </material>
  <price>
   292512
  </price>
  <rating>
   2.42
  </rating>
  <reviews>
   137347
  </reviews>
  <new>
   -
  </new>
  <sporty>
   no
  </sporty>
 </clothing>
 <clothing>
  <id>
   578368060
  </id>
  <name>
   Lacoste Handbags Y-2134
  </name>
  <category>
   Handbags
  </category>
  <size>
   XL
  </size>
  <color>
   Желтый
  </color>
  <material>
   Кожа
  </material>
  <price>
   962058
  </price>
  <rating>
   2.08
  </rating>
  <reviews>
   94129
  </reviews>
  <new>
   -
  </new>
  <exclusive>
   yes
  </exclusive>
  <sporty>
   yes
  </sporty>
 </clothing>
 <clothing>
  <id>
   189102759
  </id>
  <name>
   Adidas Shirt W-6341
  </name>
  <category>
   Shirt
  </category>
  <size>
   XXL
  </size>
  <color>
   Зеленый
  </color>
  <material>
   Шерсть
  </material>
  <price>
   770659
  </price>
  <rating>
   2.0
  </rating>
  <reviews>
   964417
  </reviews>
  <new>
   -
  </new>
  <sporty>
   yes
  </sporty>
 </clothing>
 <clothing>
  <id>
   543574984
  </id>
  <name>
   Vans Handbags U-5648
  </name>
  <category>
   Handbags
  </category>
  <size>
   XXL
  </size>
  <color>
   Фиолетовый
  </color>
  <material>
   Хлопок
  </material>
  <price>
   183957
  </price>
  <rating>
   2.7
  </rating>
  <reviews>
   296034
  </reviews>
  <new>
   -
  </new>
 </clothing>
 <clothing>
  <id>
   424281511
  </id>
  <name>
   New Balance Blouse N-5848
  </name>
  <category>
   Blouse
  </category>
  <size>
   M
  </size>
  <color>
   Синий
  </color>
  <material>
   Шелк
  </material>
  <price>
   842753
  </price>
  <rating>
   3.33
  </rating>
  <reviews>
   480944
  </reviews>
  <sporty>
   no
  </sporty>
 </clothing>
 <clothing>
  <id>
   595186260
  </id>
  <name>
   Puma Jacket E-6861
  </name>
  <category>
   Jacket
  </category>
  <size>
   S
  </size>
  <color>
   Желтый
  </color>
  <material>
   Лен
  </material>
  <price>
   734062
  </price>
  <rating>
   4.3
  </rating>
  <reviews>
   195023
  </reviews>
  <new>
   +
  </new>
  <sporty>
   yes
  </sporty>
 </clothing>
 <clothing>
  <id>
   260670430
  </id>
  <name>
   Addidas Shoes V-9382
  </name>
  <category>
   Shoes
  </category>
  <size>
   XL
  </size>
  <color>
   Желтый
  </color>
  <material>
   Полиэстер
  </material>
  <price>
   369271
  </price>
  <rating>
   3.13
  </rating>
  <reviews>
   941583
  </reviews>
  <new>
   +
  </new>
  <exclusive>
   no
  </exclusive>
  <sporty>
   no
  </sporty>
 </clothing>
 <clothing>
  <id>
   452596443
  </id>
  <name>
   Nike Dress Q-2790
  </name>
  <category>
   Dress
  </category>
  <size>
   S
  </size>
  <color>
   Красный
  </color>
  <material>
   Кожа
  </material>
  <price>
   454220
  </price>
  <rating>
   1.25
  </rating>
  <reviews>
   430239
  </reviews>
  <new>
   +
  </new>
  <exclusive>
   yes
  </exclusive>
 </clothing>
</clothing-items>
