<?xml version="1.0" encoding="utf-8"?>
<clothing-items>
 <clothing>
  <id>
   482298647
  </id>
  <name>
   PleinSport Sweater N-7297
  </name>
  <category>
   Sweater
  </category>
  <size>
   XL
  </size>
  <color>
   Оранжевый
  </color>
  <material>
   Полиэстер
  </material>
  <price>
   347347
  </price>
  <rating>
   3.22
  </rating>
  <reviews>
   20989
  </reviews>
  <sporty>
   yes
  </sporty>
 </clothing>
 <clothing>
  <id>
   491576552
  </id>
  <name>
   Reebok Belts F-7686
  </name>
  <category>
   Belts
  </category>
  <size>
   L
  </size>
  <color>
   Оранжевый
  </color>
  <material>
   Полиэстер
  </material>
  <price>
   474965
  </price>
  <rating>
   3.63
  </rating>
  <reviews>
   519394
  </reviews>
  <new>
   -
  </new>
  <exclusive>
   no
  </exclusive>
  <sporty>
   no
  </sporty>
 </clothing>
 <clothing>
  <id>
   988212284
  </id>
  <name>
   DC Handbags U-5856
  </name>
  <category>
   Handbags
  </category>
  <size>
   XL
  </size>
  <color>
   Голубой
  </color>
  <material>
   Хлопок
  </material>
  <price>
   937886
  </price>
  <rating>
   4.69
  </rating>
  <reviews>
   956041
  </reviews>
  <new>
   -
  </new>
  <exclusive>
   no
  </exclusive>
 </clothing>
 <clothing>
  <id>
   950489281
  </id>
  <name>
   Converse Jacket V-1775
  </name>
  <category>
   Jacket
  </category>
  <size>
   XL
  </size>
  <color>
   Голубой
  </color>
  <material>
   Лен
  </material>
  <price>
   682258
  </price>
  <rating>
   4.7
  </rating>
  <reviews>
   62461
  </reviews>
  <exclusive>
   no
  </exclusive>
  <sporty>
   no
  </sporty>
 </clothing>
 <clothing>
  <id>
   992197100
  </id>
  <name>
   Addidas Hat C-4067
  </name>
  <category>
   Hat
  </category>
  <size>
   M
  </size>
  <color>
   Голубой
  </color>
  <material>
   Лен
  </material>
  <price>
   926844
  </price>
  <rating>
   3.34
  </rating>
  <reviews>
   535174
  </reviews>
  <new>
   +
  </new>
  <exclusive>
   no
  </exclusive>
  <sporty>
   yes
  </sporty>
 </clothing>
 <clothing>
  <id>
   529566759
  </id>
  <name>
   Ellesse Jacket U-2009
  </name>
  <category>
   Jacket
  </category>
  <size>
   S
  </size>
  <color>
   Фиолетовый
  </color>
  <material>
   Вискоза
  </material>
  <price>
   336831
  </price>
  <rating>
   1.72
  </rating>
  <reviews>
   637655
  </reviews>
  <exclusive>
   no
  </exclusive>
  <sporty>
   yes
  </sporty>
 </clothing>
 <clothing>
  <id>
   187499687
  </id>
  <name>
   Converse Jacket A-4506
  </name>
  <category>
   Jacket
  </category>
  <size>
   L
  </size>
  <color>
   Красный
  </color>
  <material>
   Нейлон
  </material>
  <price>
   852858
  </price>
  <rating>
   2.31
  </rating>
  <reviews>
   879086
  </reviews>
  <exclusive>
   no
  </exclusive>
  <sporty>
   no
  </sporty>
 </clothing>
 <clothing>
  <id>
   819552340
  </id>
  <name>
   Adidas Shirt M-4204
  </name>
  <category>
   Shirt
  </category>
  <size>
   S
  </size>
  <color>
   Красный
  </color>
  <material>
   Хлопок
  </material>
  <price>
   182004
  </price>
  <rating>
   4.94
  </rating>
  <reviews>
   264472
  </reviews>
  <sporty>
   no
  </sporty>
 </clothing>
 <clothing>
  <id>
   318752978
  </id>
  <name>
   Fila Belts F-9120
  </name>
  <category>
   Belts
  </category>
  <size>
   S
  </size>
  <color>
   Голубой
  </color>
  <material>
   Вискоза
  </material>
  <price>
   832877
  </price>
  <rating>
   3.6
  </rating>
  <reviews>
   243735
  </reviews>
  <new>
   +
  </new>
  <exclusive>
   yes
  </exclusive>
 </clothing>
 <clothing>
  <id>
   153936721
  </id>
  <name>
   Adidas Skirt R-3853
  </name>
  <category>
   Skirt
  </category>
  <size>
   XL
  </size>
  <color>
   Синий
  </color>
  <material>
   Лен
  </material>
  <price>
   101124
  </price>
  <rating>
   1.49
  </rating>
  <reviews>
   835154
  </reviews>
  <exclusive>
   no
  </exclusive>
  <sporty>
   no
  </sporty>
 </clothing>
 <clothing>
  <id>
   182878584
  </id>
  <name>
   Adidas Socks B-5945
  </name>
  <category>
   Socks
  </category>
  <size>
   M
  </size>
  <color>
   Желтый
  </color>
  <material>
   Кожа
  </material>
  <price>
   978335
  </price>
  <rating>
   4.0
  </rating>
  <reviews>
   295429
  </reviews>
  <new>
   +
  </new>
  <exclusive>
   yes
  </exclusive>
  <sporty>
   yes
  </sporty>
 </clothing>
 <clothing>
  <id>
   228194080
  </id>
  <name>
   Addidas T-shirt K-8152
  </name>
  <category>
   T-shirt
  </category>
  <size>
   L
  </size>
  <color>
   Синий
  </color>
  <material>
   Нейлон
  </material>
  <price>
   199906
  </price>
  <rating>
   3.75
  </rating>
  <reviews>
   245333
  </reviews>
  <exclusive>
   no
  </exclusive>
 </clothing>
 <clothing>
  <id>
   941636645
  </id>
  <name>
   Addidas Handbags K-6387
  </name>
  <category>
   Handbags
  </category>
  <size>
   S
  </size>
  <color>
   Желтый
  </color>
  <material>
   Шерсть
  </material>
  <price>
   904530
  </price>
  <rating>
   1.69
  </rating>
  <reviews>
   388365
  </reviews>
 </clothing>
 <clothing>
  <id>
   682920827
  </id>
  <name>
   Addidas Socks W-2876
  </name>
  <category>
   Socks
  </category>
  <size>
   L
  </size>
  <color>
   Зеленый
  </color>
  <material>
   Вискоза
  </material>
  <price>
   981407
  </price>
  <rating>
   2.08
  </rating>
  <reviews>
   596667
  </reviews>
  <new>
   -
  </new>
  <exclusive>
   yes
  </exclusive>
  <sporty>
   yes
  </sporty>
 </clothing>
 <clothing>
  <id>
   979826711
  </id>
  <name>
   Puma Pants F-3049
  </name>
  <category>
   Pants
  </category>
  <size>
   S
  </size>
  <color>
   Оранжевый
  </color>
  <material>
   Вискоза
  </material>
  <price>
   805826
  </price>
  <rating>
   3.78
  </rating>
  <reviews>
   732815
  </reviews>
  <new>
   -
  </new>
  <sporty>
   no
  </sporty>
 </clothing>
 <clothing>
  <id>
   658132249
  </id>
  <name>
   Asics Jeans J-9884
  </name>
  <category>
   Jeans
  </category>
  <size>
   XXL
  </size>
  <color>
   Зеленый
  </color>
  <material>
   Лен
  </material>
  <price>
   632736
  </price>
  <rating>
   2.11
  </rating>
  <reviews>
   463131
  </reviews>
  <sporty>
   yes
  </sporty>
 </clothing>
 <clothing>
  <id>
   965758366
  </id>
  <name>
   Ellesse Shoes T-4884
  </name>
  <category>
   Shoes
  </category>
  <size>
   S
  </size>
  <color>
   Зеленый
  </color>
  <material>
   Кожа
  </material>
  <price>
   482024
  </price>
  <rating>
   4.18
  </rating>
  <reviews>
   744980
  </reviews>
 </clothing>
 <clothing>
  <id>
   243589633
  </id>
  <name>
   Vans Handbags I-8892
  </name>
  <category>
   Handbags
  </category>
  <size>
   L
  </size>
  <color>
   Синий
  </color>
  <material>
   Хлопок
  </material>
  <price>
   169175
  </price>
  <rating>
   3.73
  </rating>
  <reviews>
   659509
  </reviews>
  <new>
   -
  </new>
  <exclusive>
   no
  </exclusive>
 </clothing>
 <clothing>
  <id>
   995512067
  </id>
  <name>
   Brooks T-shirt Q-4370
  </name>
  <category>
   T-shirt
  </category>
  <size>
   L
  </size>
  <color>
   Фиолетовый
  </color>
  <material>
   Вискоза
  </material>
  <price>
   306211
  </price>
  <rating>
   1.99
  </rating>
  <reviews>
   748289
  </reviews>
 </clothing>
 <clothing>
  <id>
   582511525
  </id>
  <name>
   New Balance Umbrellas U-3855
  </name>
  <category>
   Umbrellas
  </category>
  <size>
   M
  </size>
  <color>
   Зеленый
  </color>
  <material>
   Хлопок
  </material>
  <price>
   194005
  </price>
  <rating>
   1.28
  </rating>
  <reviews>
   789206
  </reviews>
  <exclusive>
   yes
  </exclusive>
 </clothing>
 <clothing>
  <id>
   253285896
  </id>
  <name>
   Adidas Hat V-7452
  </name>
  <category>
   Hat
  </category>
  <size>
   S
  </size>
  <color>
   Зеленый
  </color>
  <material>
   Хлопок
  </material>
  <price>
   968793
  </price>
  <rating>
   1.7
  </rating>
  <reviews>
   890342
  </reviews>
  <exclusive>
   no
  </exclusive>
 </clothing>
 <clothing>
  <id>
   583280042
  </id>
  <name>
   Lacoste Umbrellas I-6403
  </name>
  <category>
   Umbrellas
  </category>
  <size>
   L
  </size>
  <color>
   Голубой
  </color>
  <material>
   Вискоза
  </material>
  <price>
   250227
  </price>
  <rating>
   1.5
  </rating>
  <reviews>
   937197
  </reviews>
  <new>
   -
  </new>
  <sporty>
   no
  </sporty>
 </clothing>
 <clothing>
  <id>
   638703645
  </id>
  <name>
   PleinSport Skirt T-7373
  </name>
  <category>
   Skirt
  </category>
  <size>
   XXL
  </size>
  <color>
   Желтый
  </color>
  <material>
   Шелк
  </material>
  <price>
   953678
  </price>
  <rating>
   1.22
  </rating>
  <reviews>
   623731
  </reviews>
  <new>
   +
  </new>
  <exclusive>
   yes
  </exclusive>
 </clothing>
</clothing-items>
