<?xml version="1.0" encoding="utf-8"?>
<clothing-items>
 <clothing>
  <id>
   802401676
  </id>
  <name>
   Asics Blouse Q-6992
  </name>
  <category>
   Blouse
  </category>
  <size>
   M
  </size>
  <color>
   Фиолетовый
  </color>
  <material>
   Полиэстер
  </material>
  <price>
   479105
  </price>
  <rating>
   3.79
  </rating>
  <reviews>
   251809
  </reviews>
  <exclusive>
   no
  </exclusive>
  <sporty>
   yes
  </sporty>
 </clothing>
 <clothing>
  <id>
   910634665
  </id>
  <name>
   Fila T-shirt A-8614
  </name>
  <category>
   T-shirt
  </category>
  <size>
   L
  </size>
  <color>
   Зеленый
  </color>
  <material>
   Вискоза
  </material>
  <price>
   564276
  </price>
  <rating>
   3.55
  </rating>
  <reviews>
   727316
  </reviews>
  <new>
   -
  </new>
  <exclusive>
   yes
  </exclusive>
  <sporty>
   yes
  </sporty>
 </clothing>
 <clothing>
  <id>
   856239461
  </id>
  <name>
   Addidas Socks F-3466
  </name>
  <category>
   Socks
  </category>
  <size>
   S
  </size>
  <color>
   Зеленый
  </color>
  <material>
   Шерсть
  </material>
  <price>
   873243
  </price>
  <rating>
   1.76
  </rating>
  <reviews>
   316248
  </reviews>
  <exclusive>
   yes
  </exclusive>
  <sporty>
   no
  </sporty>
 </clothing>
 <clothing>
  <id>
   627140004
  </id>
  <name>
   Adidas Skirt F-2946
  </name>
  <category>
   Skirt
  </category>
  <size>
   M
  </size>
  <color>
   Синий
  </color>
  <material>
   Кожа
  </material>
  <price>
   660560
  </price>
  <rating>
   3.67
  </rating>
  <reviews>
   87164
  </reviews>
  <new>
   -
  </new>
 </clothing>
 <clothing>
  <id>
   403465389
  </id>
  <name>
   Brooks Gloves R-7251
  </name>
  <category>
   Gloves
  </category>
  <size>
   XXL
  </size>
  <color>
   Зеленый
  </color>
  <material>
   Вискоза
  </material>
  <price>
   334838
  </price>
  <rating>
   4.59
  </rating>
  <reviews>
   156467
  </reviews>
  <exclusive>
   no
  </exclusive>
  <sporty>
   no
  </sporty>
 </clothing>
 <clothing>
  <id>
   200233206
  </id>
  <name>
   Adidas Socks N-2767
  </name>
  <category>
   Socks
  </category>
  <size>
   S
  </size>
  <color>
   Желтый
  </color>
  <material>
   Шелк
  </material>
  <price>
   642821
  </price>
  <rating>
   2.21
  </rating>
  <reviews>
   320175
  </reviews>
  <sporty>
   no
  </sporty>
 </clothing>
 <clothing>
  <id>
   385889999
  </id>
  <name>
   Converse Skirt S-4631
  </name>
  <category>
   Skirt
  </category>
  <size>
   XXL
  </size>
  <color>
   Оранжевый
  </color>
  <material>
   Нейлон
  </material>
  <price>
   697127
  </price>
  <rating>
   3.59
  </rating>
  <reviews>
   852566
  </reviews>
 </clothing>
 <clothing>
  <id>
   770494345
  </id>
  <name>
   DC Jacket Z-6869
  </name>
  <category>
   Jacket
  </category>
  <size>
   L
  </size>
  <color>
   Синий
  </color>
  <material>
   Кожа
  </material>
  <price>
   488203
  </price>
  <rating>
   2.67
  </rating>
  <reviews>
   225439
  </reviews>
 </clothing>
 <clothing>
  <id>
   969976662
  </id>
  <name>
   Lacoste Umbrellas J-4140
  </name>
  <category>
   Umbrellas
  </category>
  <size>
   M
  </size>
  <color>
   Красный
  </color>
  <material>
   Нейлон
  </material>
  <price>
   416079
  </price>
  <rating>
   3.13
  </rating>
  <reviews>
   522401
  </reviews>
  <new>
   -
  </new>
  <exclusive>
   no
  </exclusive>
 </clothing>
 <clothing>
  <id>
   926442116
  </id>
  <name>
   Lacoste Skirt M-3029
  </name>
  <category>
   Skirt
  </category>
  <size>
   XL
  </size>
  <color>
   Фиолетовый
  </color>
  <material>
   Шерсть
  </material>
  <price>
   965803
  </price>
  <rating>
   4.72
  </rating>
  <reviews>
   126469
  </reviews>
  <new>
   -
  </new>
  <sporty>
   yes
  </sporty>
 </clothing>
 <clothing>
  <id>
   907531055
  </id>
  <name>
   PleinSport Handbags E-3079
  </name>
  <category>
   Handbags
  </category>
  <size>
   M
  </size>
  <color>
   Синий
  </color>
  <material>
   Нейлон
  </material>
  <price>
   381016
  </price>
  <rating>
   1.32
  </rating>
  <reviews>
   220929
  </reviews>
  <new>
   -
  </new>
  <exclusive>
   no
  </exclusive>
 </clothing>
 <clothing>
  <id>
   812655133
  </id>
  <name>
   Puma Skirt U-5647
  </name>
  <category>
   Skirt
  </category>
  <size>
   XL
  </size>
  <color>
   Голубой
  </color>
  <material>
   Шелк
  </material>
  <price>
   561223
  </price>
  <rating>
   3.68
  </rating>
  <reviews>
   655891
  </reviews>
  <exclusive>
   no
  </exclusive>
  <sporty>
   no
  </sporty>
 </clothing>
 <clothing>
  <id>
   456812216
  </id>
  <name>
   PleinSport Hat T-9079
  </name>
  <category>
   Hat
  </category>
  <size>
   M
  </size>
  <color>
   Синий
  </color>
  <material>
   Вискоза
  </material>
  <price>
   246872
  </price>
  <rating>
   2.44
  </rating>
  <reviews>
   70948
  </reviews>
  <new>
   -
  </new>
  <sporty>
   yes
  </sporty>
 </clothing>
 <clothing>
  <id>
   429185299
  </id>
  <name>
   Under Armour Gloves Z-3491
  </name>
  <category>
   Gloves
  </category>
  <size>
   M
  </size>
  <color>
   Фиолетовый
  </color>
  <material>
   Шелк
  </material>
  <price>
   162722
  </price>
  <rating>
   1.81
  </rating>
  <reviews>
   596664
  </reviews>
  <exclusive>
   no
  </exclusive>
  <sporty>
   yes
  </sporty>
 </clothing>
 <clothing>
  <id>
   598039675
  </id>
  <name>
   Addidas Dress D-9870
  </name>
  <category>
   Dress
  </category>
  <size>
   S
  </size>
  <color>
   Фиолетовый
  </color>
  <material>
   Шелк
  </material>
  <price>
   172048
  </price>
  <rating>
   4.69
  </rating>
  <reviews>
   461379
  </reviews>
  <sporty>
   no
  </sporty>
 </clothing>
 <clothing>
  <id>
   310265305
  </id>
  <name>
   Lacoste Handbags F-2644
  </name>
  <category>
   Handbags
  </category>
  <size>
   XL
  </size>
  <color>
   Красный
  </color>
  <material>
   Шелк
  </material>
  <price>
   420702
  </price>
  <rating>
   3.49
  </rating>
  <reviews>
   678144
  </reviews>
  <new>
   -
  </new>
  <exclusive>
   yes
  </exclusive>
  <sporty>
   no
  </sporty>
 </clothing>
 <clothing>
  <id>
   544398214
  </id>
  <name>
   Asics Jeans N-3723
  </name>
  <category>
   Jeans
  </category>
  <size>
   L
  </size>
  <color>
   Желтый
  </color>
  <material>
   Шерсть
  </material>
  <price>
   839578
  </price>
  <rating>
   2.8
  </rating>
  <reviews>
   730348
  </reviews>
  <new>
   -
  </new>
  <exclusive>
   no
  </exclusive>
 </clothing>
 <clothing>
  <id>
   438456608
  </id>
  <name>
   Under Armour Jacket L-9186
  </name>
  <category>
   Jacket
  </category>
  <size>
   M
  </size>
  <color>
   Синий
  </color>
  <material>
   Вискоза
  </material>
  <price>
   638337
  </price>
  <rating>
   1.79
  </rating>
  <reviews>
   941963
  </reviews>
  <exclusive>
   no
  </exclusive>
  <sporty>
   no
  </sporty>
 </clothing>
 <clothing>
  <id>
   833431764
  </id>
  <name>
   Asics Belts Z-7279
  </name>
  <category>
   Belts
  </category>
  <size>
   XXL
  </size>
  <color>
   Зеленый
  </color>
  <material>
   Лен
  </material>
  <price>
   232843
  </price>
  <rating>
   4.3
  </rating>
  <reviews>
   156226
  </reviews>
  <new>
   -
  </new>
  <exclusive>
   no
  </exclusive>
 </clothing>
 <clothing>
  <id>
   489283864
  </id>
  <name>
   Vans Hat J-8773
  </name>
  <category>
   Hat
  </category>
  <size>
   M
  </size>
  <color>
   Зеленый
  </color>
  <material>
   Хлопок
  </material>
  <price>
   275304
  </price>
  <rating>
   4.63
  </rating>
  <reviews>
   813209
  </reviews>
  <exclusive>
   no
  </exclusive>
 </clothing>
 <clothing>
  <id>
   347561086
  </id>
  <name>
   Addidas Pants T-5409
  </name>
  <category>
   Pants
  </category>
  <size>
   XL
  </size>
  <color>
   Фиолетовый
  </color>
  <material>
   Полиэстер
  </material>
  <price>
   753469
  </price>
  <rating>
   1.53
  </rating>
  <reviews>
   545629
  </reviews>
  <new>
   -
  </new>
  <exclusive>
   yes
  </exclusive>
  <sporty>
   no
  </sporty>
 </clothing>
 <clothing>
  <id>
   178350993
  </id>
  <name>
   Puma Dress I-1389
  </name>
  <category>
   Dress
  </category>
  <size>
   S
  </size>
  <color>
   Голубой
  </color>
  <material>
   Вискоза
  </material>
  <price>
   185379
  </price>
  <rating>
   1.12
  </rating>
  <reviews>
   300537
  </reviews>
  <exclusive>
   yes
  </exclusive>
 </clothing>
 <clothing>
  <id>
   606832530
  </id>
  <name>
   Asics Socks Y-5767
  </name>
  <category>
   Socks
  </category>
  <size>
   M
  </size>
  <color>
   Голубой
  </color>
  <material>
   Шелк
  </material>
  <price>
   577754
  </price>
  <rating>
   4.46
  </rating>
  <reviews>
   313690
  </reviews>
  <new>
   -
  </new>
  <exclusive>
   yes
  </exclusive>
  <sporty>
   yes
  </sporty>
 </clothing>
 <clothing>
  <id>
   217295919
  </id>
  <name>
   Brooks Jacket V-6168
  </name>
  <category>
   Jacket
  </category>
  <size>
   S
  </size>
  <color>
   Голубой
  </color>
  <material>
   Полиэстер
  </material>
  <price>
   142705
  </price>
  <rating>
   1.09
  </rating>
  <reviews>
   813696
  </reviews>
  <exclusive>
   yes
  </exclusive>
  <sporty>
   yes
  </sporty>
 </clothing>
 <clothing>
  <id>
   955606778
  </id>
  <name>
   Nike Sweater J-7586
  </name>
  <category>
   Sweater
  </category>
  <size>
   XL
  </size>
  <color>
   Фиолетовый
  </color>
  <material>
   Шелк
  </material>
  <price>
   803143
  </price>
  <rating>
   2.77
  </rating>
  <reviews>
   262528
  </reviews>
  <new>
   -
  </new>
  <exclusive>
   no
  </exclusive>
 </clothing>
 <clothing>
  <id>
   498020981
  </id>
  <name>
   Converse Umbrellas P-7148
  </name>
  <category>
   Umbrellas
  </category>
  <size>
   XXL
  </size>
  <color>
   Зеленый
  </color>
  <material>
   Шерсть
  </material>
  <price>
   797744
  </price>
  <rating>
   3.28
  </rating>
  <reviews>
   111901
  </reviews>
  <new>
   -
  </new>
  <exclusive>
   yes
  </exclusive>
 </clothing>
 <clothing>
  <id>
   259269283
  </id>
  <name>
   Ellesse Skirt A-5909
  </name>
  <category>
   Skirt
  </category>
  <size>
   M
  </size>
  <color>
   Фиолетовый
  </color>
  <material>
   Шерсть
  </material>
  <price>
   325877
  </price>
  <rating>
   2.04
  </rating>
  <reviews>
   14645
  </reviews>
  <sporty>
   no
  </sporty>
 </clothing>
 <clothing>
  <id>
   549161076
  </id>
  <name>
   Brooks Sweater V-6658
  </name>
  <category>
   Sweater
  </category>
  <size>
   L
  </size>
  <color>
   Красный
  </color>
  <material>
   Нейлон
  </material>
  <price>
   932778
  </price>
  <rating>
   1.32
  </rating>
  <reviews>
   367560
  </reviews>
  <new>
   -
  </new>
 </clothing>
 <clothing>
  <id>
   905457830
  </id>
  <name>
   Adidas Belts I-6751
  </name>
  <category>
   Belts
  </category>
  <size>
   M
  </size>
  <color>
   Зеленый
  </color>
  <material>
   Вискоза
  </material>
  <price>
   713017
  </price>
  <rating>
   4.66
  </rating>
  <reviews>
   156330
  </reviews>
  <new>
   -
  </new>
  <exclusive>
   no
  </exclusive>
  <sporty>
   yes
  </sporty>
 </clothing>
 <clothing>
  <id>
   368462465
  </id>
  <name>
   Brooks T-shirt Y-2559
  </name>
  <category>
   T-shirt
  </category>
  <size>
   XXL
  </size>
  <color>
   Голубой
  </color>
  <material>
   Полиэстер
  </material>
  <price>
   232313
  </price>
  <rating>
   1.74
  </rating>
  <reviews>
   485436
  </reviews>
 </clothing>
 <clothing>
  <id>
   806923735
  </id>
  <name>
   Under Armour T-shirt O-9706
  </name>
  <category>
   T-shirt
  </category>
  <size>
   XXL
  </size>
  <color>
   Фиолетовый
  </color>
  <material>
   Лен
  </material>
  <price>
   207178
  </price>
  <rating>
   3.39
  </rating>
  <reviews>
   267354
  </reviews>
  <new>
   +
  </new>
 </clothing>
 <clothing>
  <id>
   560724863
  </id>
  <name>
   Puma Gloves D-4829
  </name>
  <category>
   Gloves
  </category>
  <size>
   XXL
  </size>
  <color>
   Фиолетовый
  </color>
  <material>
   Кожа
  </material>
  <price>
   760315
  </price>
  <rating>
   4.4
  </rating>
  <reviews>
   352306
  </reviews>
  <new>
   -
  </new>
  <sporty>
   no
  </sporty>
 </clothing>
 <clothing>
  <id>
   867664191
  </id>
  <name>
   Asics Sweater M-7709
  </name>
  <category>
   Sweater
  </category>
  <size>
   XXL
  </size>
  <color>
   Красный
  </color>
  <material>
   Полиэстер
  </material>
  <price>
   970289
  </price>
  <rating>
   2.41
  </rating>
  <reviews>
   931512
  </reviews>
  <new>
   +
  </new>
  <exclusive>
   yes
  </exclusive>
  <sporty>
   no
  </sporty>
 </clothing>
 <clothing>
  <id>
   398444187
  </id>
  <name>
   Ellesse Socks O-6202
  </name>
  <category>
   Socks
  </category>
  <size>
   M
  </size>
  <color>
   Желтый
  </color>
  <material>
   Шелк
  </material>
  <price>
   189795
  </price>
  <rating>
   3.41
  </rating>
  <reviews>
   733438
  </reviews>
 </clothing>
 <clothing>
  <id>
   269883800
  </id>
  <name>
   Adidas Jacket U-3668
  </name>
  <category>
   Jacket
  </category>
  <size>
   XL
  </size>
  <color>
   Голубой
  </color>
  <material>
   Хлопок
  </material>
  <price>
   775954
  </price>
  <rating>
   2.14
  </rating>
  <reviews>
   469293
  </reviews>
  <new>
   -
  </new>
 </clothing>
 <clothing>
  <id>
   520403659
  </id>
  <name>
   Reebok Belts D-7904
  </name>
  <category>
   Belts
  </category>
  <size>
   L
  </size>
  <color>
   Красный
  </color>
  <material>
   Кожа
  </material>
  <price>
   490222
  </price>
  <rating>
   2.23
  </rating>
  <reviews>
   71431
  </reviews>
 </clothing>
 <clothing>
  <id>
   246867175
  </id>
  <name>
   Puma Socks X-3727
  </name>
  <category>
   Socks
  </category>
  <size>
   XXL
  </size>
  <color>
   Зеленый
  </color>
  <material>
   Шелк
  </material>
  <price>
   152437
  </price>
  <rating>
   1.8
  </rating>
  <reviews>
   669699
  </reviews>
  <sporty>
   yes
  </sporty>
 </clothing>
 <clothing>
  <id>
   919077759
  </id>
  <name>
   Puma Gloves C-5094
  </name>
  <category>
   Gloves
  </category>
  <size>
   M
  </size>
  <color>
   Голубой
  </color>
  <material>
   Шерсть
  </material>
  <price>
   903405
  </price>
  <rating>
   4.95
  </rating>
  <reviews>
   762604
  </reviews>
  <new>
   +
  </new>
  <exclusive>
   yes
  </exclusive>
 </clothing>
 <clothing>
  <id>
   727291306
  </id>
  <name>
   Nike T-shirt V-8502
  </name>
  <category>
   T-shirt
  </category>
  <size>
   XXL
  </size>
  <color>
   Красный
  </color>
  <material>
   Полиэстер
  </material>
  <price>
   435103
  </price>
  <rating>
   3.29
  </rating>
  <reviews>
   558352
  </reviews>
  <new>
   -
  </new>
  <exclusive>
   no
  </exclusive>
 </clothing>
 <clothing>
  <id>
   107897960
  </id>
  <name>
   Converse Skirt L-2365
  </name>
  <category>
   Skirt
  </category>
  <size>
   L
  </size>
  <color>
   Синий
  </color>
  <material>
   Вискоза
  </material>
  <price>
   449715
  </price>
  <rating>
   1.84
  </rating>
  <reviews>
   807968
  </reviews>
  <exclusive>
   yes
  </exclusive>
  <sporty>
   no
  </sporty>
 </clothing>
 <clothing>
  <id>
   221770740
  </id>
  <name>
   DC Skirt A-1730
  </name>
  <category>
   Skirt
  </category>
  <size>
   XL
  </size>
  <color>
   Фиолетовый
  </color>
  <material>
   Нейлон
  </material>
  <price>
   635410
  </price>
  <rating>
   1.37
  </rating>
  <reviews>
   541783
  </reviews>
  <new>
   -
  </new>
  <exclusive>
   yes
  </exclusive>
 </clothing>
 <clothing>
  <id>
   423003519
  </id>
  <name>
   Adidas Jacket U-2196
  </name>
  <category>
   Jacket
  </category>
  <size>
   XL
  </size>
  <color>
   Зеленый
  </color>
  <material>
   Нейлон
  </material>
  <price>
   983260
  </price>
  <rating>
   3.87
  </rating>
  <reviews>
   326826
  </reviews>
  <new>
   -
  </new>
  <exclusive>
   no
  </exclusive>
  <sporty>
   yes
  </sporty>
 </clothing>
 <clothing>
  <id>
   624682063
  </id>
  <name>
   Asics Gloves O-2401
  </name>
  <category>
   Gloves
  </category>
  <size>
   S
  </size>
  <color>
   Фиолетовый
  </color>
  <material>
   Шелк
  </material>
  <price>
   982524
  </price>
  <rating>
   1.93
  </rating>
  <reviews>
   788877
  </reviews>
  <new>
   -
  </new>
  <exclusive>
   yes
  </exclusive>
 </clothing>
 <clothing>
  <id>
   839939181
  </id>
  <name>
   DC Dress Y-1375
  </name>
  <category>
   Dress
  </category>
  <size>
   M
  </size>
  <color>
   Оранжевый
  </color>
  <material>
   Хлопок
  </material>
  <price>
   639322
  </price>
  <rating>
   4.0
  </rating>
  <reviews>
   986743
  </reviews>
  <sporty>
   no
  </sporty>
 </clothing>
</clothing-items>
