<?xml version="1.0" encoding="utf-8"?>
<clothing-items>
 <clothing>
  <id>
   604322933
  </id>
  <name>
   New Balance Pants A-9950
  </name>
  <category>
   Pants
  </category>
  <size>
   S
  </size>
  <color>
   Красный
  </color>
  <material>
   Кожа
  </material>
  <price>
   151934
  </price>
  <rating>
   2.34
  </rating>
  <reviews>
   423693
  </reviews>
  <sporty>
   yes
  </sporty>
 </clothing>
 <clothing>
  <id>
   368883477
  </id>
  <name>
   Addidas Jeans J-5879
  </name>
  <category>
   Jeans
  </category>
  <size>
   XXL
  </size>
  <color>
   Красный
  </color>
  <material>
   Вискоза
  </material>
  <price>
   927951
  </price>
  <rating>
   2.28
  </rating>
  <reviews>
   858707
  </reviews>
  <new>
   -
  </new>
  <exclusive>
   no
  </exclusive>
  <sporty>
   yes
  </sporty>
 </clothing>
 <clothing>
  <id>
   581834084
  </id>
  <name>
   DC Belts G-7192
  </name>
  <category>
   Belts
  </category>
  <size>
   S
  </size>
  <color>
   Оранжевый
  </color>
  <material>
   Шерсть
  </material>
  <price>
   821091
  </price>
  <rating>
   3.38
  </rating>
  <reviews>
   970638
  </reviews>
  <sporty>
   yes
  </sporty>
 </clothing>
 <clothing>
  <id>
   900606702
  </id>
  <name>
   Converse Handbags I-6915
  </name>
  <category>
   Handbags
  </category>
  <size>
   M
  </size>
  <color>
   Зеленый
  </color>
  <material>
   Нейлон
  </material>
  <price>
   252816
  </price>
  <rating>
   3.23
  </rating>
  <reviews>
   608230
  </reviews>
  <new>
   +
  </new>
  <exclusive>
   no
  </exclusive>
 </clothing>
 <clothing>
  <id>
   250453162
  </id>
  <name>
   Fila Jeans R-8853
  </name>
  <category>
   Jeans
  </category>
  <size>
   XXL
  </size>
  <color>
   Фиолетовый
  </color>
  <material>
   Полиэстер
  </material>
  <price>
   139507
  </price>
  <rating>
   4.16
  </rating>
  <reviews>
   60832
  </reviews>
  <new>
   -
  </new>
 </clothing>
 <clothing>
  <id>
   505533255
  </id>
  <name>
   Under Armour Socks C-5310
  </name>
  <category>
   Socks
  </category>
  <size>
   XL
  </size>
  <color>
   Зеленый
  </color>
  <material>
   Нейлон
  </material>
  <price>
   603641
  </price>
  <rating>
   1.23
  </rating>
  <reviews>
   349084
  </reviews>
  <new>
   -
  </new>
  <exclusive>
   no
  </exclusive>
 </clothing>
 <clothing>
  <id>
   521901012
  </id>
  <name>
   Reebok Umbrellas J-9443
  </name>
  <category>
   Umbrellas
  </category>
  <size>
   XL
  </size>
  <color>
   Оранжевый
  </color>
  <material>
   Лен
  </material>
  <price>
   560586
  </price>
  <rating>
   2.32
  </rating>
  <reviews>
   276194
  </reviews>
  <exclusive>
   no
  </exclusive>
  <sporty>
   yes
  </sporty>
 </clothing>
 <clothing>
  <id>
   694349959
  </id>
  <name>
   Addidas Sweater D-9950
  </name>
  <category>
   Sweater
  </category>
  <size>
   XXL
  </size>
  <color>
   Оранжевый
  </color>
  <material>
   Шерсть
  </material>
  <price>
   331883
  </price>
  <rating>
   3.19
  </rating>
  <reviews>
   333324
  </reviews>
  <new>
   +
  </new>
  <exclusive>
   yes
  </exclusive>
  <sporty>
   yes
  </sporty>
 </clothing>
 <clothing>
  <id>
   844016822
  </id>
  <name>
   Vans Hat J-1844
  </name>
  <category>
   Hat
  </category>
  <size>
   M
  </size>
  <color>
   Желтый
  </color>
  <material>
   Вискоза
  </material>
  <price>
   486309
  </price>
  <rating>
   2.19
  </rating>
  <reviews>
   609507
  </reviews>
  <exclusive>
   no
  </exclusive>
 </clothing>
 <clothing>
  <id>
   928974640
  </id>
  <name>
   Converse Belts I-1054
  </name>
  <category>
   Belts
  </category>
  <size>
   M
  </size>
  <color>
   Голубой
  </color>
  <material>
   Полиэстер
  </material>
  <price>
   544799
  </price>
  <rating>
   4.18
  </rating>
  <reviews>
   269530
  </reviews>
  <new>
   -
  </new>
  <exclusive>
   no
  </exclusive>
 </clothing>
 <clothing>
  <id>
   775205345
  </id>
  <name>
   Converse Hat T-2964
  </name>
  <category>
   Hat
  </category>
  <size>
   XL
  </size>
  <color>
   Синий
  </color>
  <material>
   Полиэстер
  </material>
  <price>
   335459
  </price>
  <rating>
   4.28
  </rating>
  <reviews>
   175504
  </reviews>
  <new>
   -
  </new>
  <sporty>
   no
  </sporty>
 </clothing>
 <clothing>
  <id>
   272035346
  </id>
  <name>
   Fila Shirt B-5853
  </name>
  <category>
   Shirt
  </category>
  <size>
   L
  </size>
  <color>
   Зеленый
  </color>
  <material>
   Лен
  </material>
  <price>
   714095
  </price>
  <rating>
   3.52
  </rating>
  <reviews>
   346715
  </reviews>
  <exclusive>
   no
  </exclusive>
  <sporty>
   yes
  </sporty>
 </clothing>
 <clothing>
  <id>
   443679595
  </id>
  <name>
   Lacoste Handbags H-5469
  </name>
  <category>
   Handbags
  </category>
  <size>
   XL
  </size>
  <color>
   Оранжевый
  </color>
  <material>
   Полиэстер
  </material>
  <price>
   672046
  </price>
  <rating>
   4.22
  </rating>
  <reviews>
   910305
  </reviews>
  <new>
   -
  </new>
  <exclusive>
   yes
  </exclusive>
  <sporty>
   no
  </sporty>
 </clothing>
 <clothing>
  <id>
   299499287
  </id>
  <name>
   Under Armour Gloves B-6140
  </name>
  <category>
   Gloves
  </category>
  <size>
   L
  </size>
  <color>
   Голубой
  </color>
  <material>
   Вискоза
  </material>
  <price>
   220888
  </price>
  <rating>
   4.64
  </rating>
  <reviews>
   430808
  </reviews>
  <new>
   -
  </new>
  <exclusive>
   yes
  </exclusive>
 </clothing>
 <clothing>
  <id>
   691487473
  </id>
  <name>
   Brooks Shoes L-4847
  </name>
  <category>
   Shoes
  </category>
  <size>
   L
  </size>
  <color>
   Голубой
  </color>
  <material>
   Лен
  </material>
  <price>
   205572
  </price>
  <rating>
   3.57
  </rating>
  <reviews>
   387003
  </reviews>
  <sporty>
   no
  </sporty>
 </clothing>
 <clothing>
  <id>
   468760598
  </id>
  <name>
   DC Pants A-9649
  </name>
  <category>
   Pants
  </category>
  <size>
   M
  </size>
  <color>
   Голубой
  </color>
  <material>
   Шерсть
  </material>
  <price>
   557463
  </price>
  <rating>
   3.78
  </rating>
  <reviews>
   226277
  </reviews>
  <new>
   +
  </new>
  <sporty>
   no
  </sporty>
 </clothing>
 <clothing>
  <id>
   669277733
  </id>
  <name>
   Vans Shoes Y-8287
  </name>
  <category>
   Shoes
  </category>
  <size>
   S
  </size>
  <color>
   Желтый
  </color>
  <material>
   Шерсть
  </material>
  <price>
   934743
  </price>
  <rating>
   2.55
  </rating>
  <reviews>
   808470
  </reviews>
  <new>
   -
  </new>
 </clothing>
 <clothing>
  <id>
   945490335
  </id>
  <name>
   Nike T-shirt P-2447
  </name>
  <category>
   T-shirt
  </category>
  <size>
   M
  </size>
  <color>
   Красный
  </color>
  <material>
   Шерсть
  </material>
  <price>
   396753
  </price>
  <rating>
   1.89
  </rating>
  <reviews>
   30758
  </reviews>
  <new>
   -
  </new>
  <sporty>
   no
  </sporty>
 </clothing>
 <clothing>
  <id>
   122076733
  </id>
  <name>
   Adidas Hat P-5547
  </name>
  <category>
   Hat
  </category>
  <size>
   M
  </size>
  <color>
   Фиолетовый
  </color>
  <material>
   Хлопок
  </material>
  <price>
   345072
  </price>
  <rating>
   2.0
  </rating>
  <reviews>
   336154
  </reviews>
  <new>
   -
  </new>
 </clothing>
 <clothing>
  <id>
   786930593
  </id>
  <name>
   Brooks Hat D-3966
  </name>
  <category>
   Hat
  </category>
  <size>
   XXL
  </size>
  <color>
   Оранжевый
  </color>
  <material>
   Шерсть
  </material>
  <price>
   351551
  </price>
  <rating>
   4.82
  </rating>
  <reviews>
   340203
  </reviews>
  <sporty>
   no
  </sporty>
 </clothing>
 <clothing>
  <id>
   622039179
  </id>
  <name>
   Nike Shoes M-6041
  </name>
  <category>
   Shoes
  </category>
  <size>
   S
  </size>
  <color>
   Синий
  </color>
  <material>
   Нейлон
  </material>
  <price>
   866055
  </price>
  <rating>
   3.76
  </rating>
  <reviews>
   993677
  </reviews>
  <new>
   -
  </new>
  <exclusive>
   no
  </exclusive>
  <sporty>
   no
  </sporty>
 </clothing>
 <clothing>
  <id>
   609639535
  </id>
  <name>
   Brooks Socks D-1081
  </name>
  <category>
   Socks
  </category>
  <size>
   XXL
  </size>
  <color>
   Оранжевый
  </color>
  <material>
   Вискоза
  </material>
  <price>
   209508
  </price>
  <rating>
   1.41
  </rating>
  <reviews>
   384269
  </reviews>
 </clothing>
 <clothing>
  <id>
   300416458
  </id>
  <name>
   Asics Shirt V-2545
  </name>
  <category>
   Shirt
  </category>
  <size>
   L
  </size>
  <color>
   Фиолетовый
  </color>
  <material>
   Шелк
  </material>
  <price>
   648312
  </price>
  <rating>
   1.62
  </rating>
  <reviews>
   41941
  </reviews>
  <new>
   +
  </new>
  <exclusive>
   no
  </exclusive>
  <sporty>
   no
  </sporty>
 </clothing>
 <clothing>
  <id>
   384410214
  </id>
  <name>
   Ellesse Dress E-8561
  </name>
  <category>
   Dress
  </category>
  <size>
   L
  </size>
  <color>
   Красный
  </color>
  <material>
   Шерсть
  </material>
  <price>
   244327
  </price>
  <rating>
   3.67
  </rating>
  <reviews>
   407748
  </reviews>
  <new>
   +
  </new>
  <sporty>
   no
  </sporty>
 </clothing>
 <clothing>
  <id>
   743566423
  </id>
  <name>
   Addidas Socks M-8199
  </name>
  <category>
   Socks
  </category>
  <size>
   S
  </size>
  <color>
   Голубой
  </color>
  <material>
   Хлопок
  </material>
  <price>
   562851
  </price>
  <rating>
   1.7
  </rating>
  <reviews>
   404884
  </reviews>
  <exclusive>
   no
  </exclusive>
 </clothing>
 <clothing>
  <id>
   194858991
  </id>
  <name>
   Fila Pants B-3966
  </name>
  <category>
   Pants
  </category>
  <size>
   L
  </size>
  <color>
   Оранжевый
  </color>
  <material>
   Полиэстер
  </material>
  <price>
   801954
  </price>
  <rating>
   3.27
  </rating>
  <reviews>
   369592
  </reviews>
  <new>
   +
  </new>
  <exclusive>
   yes
  </exclusive>
 </clothing>
 <clothing>
  <id>
   654830668
  </id>
  <name>
   Ellesse Socks A-1286
  </name>
  <category>
   Socks
  </category>
  <size>
   XXL
  </size>
  <color>
   Желтый
  </color>
  <material>
   Полиэстер
  </material>
  <price>
   561259
  </price>
  <rating>
   1.1
  </rating>
  <reviews>
   217735
  </reviews>
  <new>
   +
  </new>
  <exclusive>
   yes
  </exclusive>
  <sporty>
   no
  </sporty>
 </clothing>
 <clothing>
  <id>
   247334286
  </id>
  <name>
   Vans Sweater D-6929
  </name>
  <category>
   Sweater
  </category>
  <size>
   XXL
  </size>
  <color>
   Оранжевый
  </color>
  <material>
   Нейлон
  </material>
  <price>
   554924
  </price>
  <rating>
   4.34
  </rating>
  <reviews>
   200505
  </reviews>
  <new>
   +
  </new>
  <sporty>
   yes
  </sporty>
 </clothing>
 <clothing>
  <id>
   299221720
  </id>
  <name>
   Adidas Jacket I-1610
  </name>
  <category>
   Jacket
  </category>
  <size>
   XL
  </size>
  <color>
   Зеленый
  </color>
  <material>
   Лен
  </material>
  <price>
   285789
  </price>
  <rating>
   5.0
  </rating>
  <reviews>
   225329
  </reviews>
  <exclusive>
   yes
  </exclusive>
 </clothing>
 <clothing>
  <id>
   530467030
  </id>
  <name>
   Puma Sweater X-7479
  </name>
  <category>
   Sweater
  </category>
  <size>
   XXL
  </size>
  <color>
   Фиолетовый
  </color>
  <material>
   Полиэстер
  </material>
  <price>
   953475
  </price>
  <rating>
   3.22
  </rating>
  <reviews>
   321298
  </reviews>
  <new>
   +
  </new>
  <exclusive>
   yes
  </exclusive>
  <sporty>
   no
  </sporty>
 </clothing>
 <clothing>
  <id>
   384188252
  </id>
  <name>
   Lacoste Pants M-4824
  </name>
  <category>
   Pants
  </category>
  <size>
   S
  </size>
  <color>
   Красный
  </color>
  <material>
   Нейлон
  </material>
  <price>
   238845
  </price>
  <rating>
   1.17
  </rating>
  <reviews>
   208023
  </reviews>
  <new>
   +
  </new>
  <exclusive>
   yes
  </exclusive>
  <sporty>
   no
  </sporty>
 </clothing>
 <clothing>
  <id>
   198949677
  </id>
  <name>
   Addidas Jacket T-9035
  </name>
  <category>
   Jacket
  </category>
  <size>
   XL
  </size>
  <color>
   Синий
  </color>
  <material>
   Нейлон
  </material>
  <price>
   163402
  </price>
  <rating>
   1.6
  </rating>
  <reviews>
   352068
  </reviews>
  <new>
   +
  </new>
  <exclusive>
   no
  </exclusive>
 </clothing>
 <clothing>
  <id>
   355523465
  </id>
  <name>
   Adidas Sweater X-3183
  </name>
  <category>
   Sweater
  </category>
  <size>
   XXL
  </size>
  <color>
   Оранжевый
  </color>
  <material>
   Шелк
  </material>
  <price>
   708931
  </price>
  <rating>
   1.21
  </rating>
  <reviews>
   913645
  </reviews>
  <new>
   -
  </new>
  <exclusive>
   yes
  </exclusive>
 </clothing>
 <clothing>
  <id>
   256909590
  </id>
  <name>
   Reebok Belts A-4320
  </name>
  <category>
   Belts
  </category>
  <size>
   XL
  </size>
  <color>
   Синий
  </color>
  <material>
   Шелк
  </material>
  <price>
   791314
  </price>
  <rating>
   4.21
  </rating>
  <reviews>
   405275
  </reviews>
  <new>
   -
  </new>
  <sporty>
   no
  </sporty>
 </clothing>
 <clothing>
  <id>
   356153868
  </id>
  <name>
   DC Umbrellas G-8316
  </name>
  <category>
   Umbrellas
  </category>
  <size>
   XXL
  </size>
  <color>
   Синий
  </color>
  <material>
   Хлопок
  </material>
  <price>
   267906
  </price>
  <rating>
   4.33
  </rating>
  <reviews>
   978891
  </reviews>
  <new>
   -
  </new>
  <exclusive>
   no
  </exclusive>
 </clothing>
 <clothing>
  <id>
   357566651
  </id>
  <name>
   PleinSport Umbrellas D-7217
  </name>
  <category>
   Umbrellas
  </category>
  <size>
   M
  </size>
  <color>
   Красный
  </color>
  <material>
   Шелк
  </material>
  <price>
   509254
  </price>
  <rating>
   2.2
  </rating>
  <reviews>
   767001
  </reviews>
  <new>
   -
  </new>
  <exclusive>
   no
  </exclusive>
  <sporty>
   no
  </sporty>
 </clothing>
</clothing-items>
