<?xml version="1.0" encoding="utf-8"?>
<clothing-items>
 <clothing>
  <id>
   145472819
  </id>
  <name>
   New Balance Shoes C-9183
  </name>
  <category>
   Shoes
  </category>
  <size>
   XL
  </size>
  <color>
   Синий
  </color>
  <material>
   Шерсть
  </material>
  <price>
   758005
  </price>
  <rating>
   1.47
  </rating>
  <reviews>
   880749
  </reviews>
  <new>
   +
  </new>
  <exclusive>
   no
  </exclusive>
  <sporty>
   no
  </sporty>
 </clothing>
 <clothing>
  <id>
   508639857
  </id>
  <name>
   Nike Shoes K-7057
  </name>
  <category>
   Shoes
  </category>
  <size>
   S
  </size>
  <color>
   Фиолетовый
  </color>
  <material>
   Полиэстер
  </material>
  <price>
   583996
  </price>
  <rating>
   1.72
  </rating>
  <reviews>
   907557
  </reviews>
  <new>
   +
  </new>
  <sporty>
   yes
  </sporty>
 </clothing>
 <clothing>
  <id>
   285850309
  </id>
  <name>
   Converse Hat B-8248
  </name>
  <category>
   Hat
  </category>
  <size>
   M
  </size>
  <color>
   Фиолетовый
  </color>
  <material>
   Вискоза
  </material>
  <price>
   749325
  </price>
  <rating>
   3.0
  </rating>
  <reviews>
   675902
  </reviews>
  <exclusive>
   no
  </exclusive>
  <sporty>
   no
  </sporty>
 </clothing>
 <clothing>
  <id>
   310270387
  </id>
  <name>
   DC T-shirt L-9817
  </name>
  <category>
   T-shirt
  </category>
  <size>
   L
  </size>
  <color>
   Голубой
  </color>
  <material>
   Кожа
  </material>
  <price>
   847518
  </price>
  <rating>
   3.76
  </rating>
  <reviews>
   279481
  </reviews>
  <new>
   -
  </new>
  <exclusive>
   no
  </exclusive>
  <sporty>
   no
  </sporty>
 </clothing>
 <clothing>
  <id>
   856318011
  </id>
  <name>
   Puma Sweater Y-2310
  </name>
  <category>
   Sweater
  </category>
  <size>
   XL
  </size>
  <color>
   Синий
  </color>
  <material>
   Полиэстер
  </material>
  <price>
   122187
  </price>
  <rating>
   3.31
  </rating>
  <reviews>
   828907
  </reviews>
  <new>
   -
  </new>
  <exclusive>
   no
  </exclusive>
  <sporty>
   no
  </sporty>
 </clothing>
 <clothing>
  <id>
   120205396
  </id>
  <name>
   Brooks Blouse F-8241
  </name>
  <category>
   Blouse
  </category>
  <size>
   L
  </size>
  <color>
   Голубой
  </color>
  <material>
   Шерсть
  </material>
  <price>
   173610
  </price>
  <rating>
   3.83
  </rating>
  <reviews>
   726428
  </reviews>
  <new>
   +
  </new>
  <sporty>
   no
  </sporty>
 </clothing>
 <clothing>
  <id>
   404270552
  </id>
  <name>
   Converse Shoes S-6099
  </name>
  <category>
   Shoes
  </category>
  <size>
   S
  </size>
  <color>
   Желтый
  </color>
  <material>
   Хлопок
  </material>
  <price>
   658418
  </price>
  <rating>
   3.46
  </rating>
  <reviews>
   86899
  </reviews>
  <exclusive>
   no
  </exclusive>
 </clothing>
 <clothing>
  <id>
   654954840
  </id>
  <name>
   Converse Blouse L-6149
  </name>
  <category>
   Blouse
  </category>
  <size>
   XXL
  </size>
  <color>
   Красный
  </color>
  <material>
   Шерсть
  </material>
  <price>
   601289
  </price>
  <rating>
   3.59
  </rating>
  <reviews>
   961462
  </reviews>
 </clothing>
 <clothing>
  <id>
   278350883
  </id>
  <name>
   Addidas Blouse R-1254
  </name>
  <category>
   Blouse
  </category>
  <size>
   L
  </size>
  <color>
   Оранжевый
  </color>
  <material>
   Шерсть
  </material>
  <price>
   829075
  </price>
  <rating>
   3.17
  </rating>
  <reviews>
   331543
  </reviews>
  <new>
   +
  </new>
 </clothing>
 <clothing>
  <id>
   319844579
  </id>
  <name>
   PleinSport Blouse J-6576
  </name>
  <category>
   Blouse
  </category>
  <size>
   L
  </size>
  <color>
   Голубой
  </color>
  <material>
   Шерсть
  </material>
  <price>
   995963
  </price>
  <rating>
   3.35
  </rating>
  <reviews>
   563113
  </reviews>
  <new>
   -
  </new>
  <sporty>
   no
  </sporty>
 </clothing>
 <clothing>
  <id>
   965223449
  </id>
  <name>
   DC Sweater M-8861
  </name>
  <category>
   Sweater
  </category>
  <size>
   XL
  </size>
  <color>
   Оранжевый
  </color>
  <material>
   Шерсть
  </material>
  <price>
   886247
  </price>
  <rating>
   1.1
  </rating>
  <reviews>
   849037
  </reviews>
  <exclusive>
   no
  </exclusive>
 </clothing>
 <clothing>
  <id>
   409448646
  </id>
  <name>
   Vans Gloves R-7547
  </name>
  <category>
   Gloves
  </category>
  <size>
   XL
  </size>
  <color>
   Желтый
  </color>
  <material>
   Кожа
  </material>
  <price>
   653189
  </price>
  <rating>
   3.13
  </rating>
  <reviews>
   529999
  </reviews>
  <exclusive>
   no
  </exclusive>
  <sporty>
   no
  </sporty>
 </clothing>
 <clothing>
  <id>
   743149767
  </id>
  <name>
   Ellesse Pants D-9787
  </name>
  <category>
   Pants
  </category>
  <size>
   XXL
  </size>
  <color>
   Голубой
  </color>
  <material>
   Шелк
  </material>
  <price>
   571878
  </price>
  <rating>
   3.91
  </rating>
  <reviews>
   575208
  </reviews>
  <new>
   -
  </new>
  <exclusive>
   yes
  </exclusive>
 </clothing>
 <clothing>
  <id>
   506190441
  </id>
  <name>
   Brooks Skirt N-1588
  </name>
  <category>
   Skirt
  </category>
  <size>
   L
  </size>
  <color>
   Красный
  </color>
  <material>
   Вискоза
  </material>
  <price>
   842558
  </price>
  <rating>
   1.29
  </rating>
  <reviews>
   663998
  </reviews>
  <exclusive>
   yes
  </exclusive>
  <sporty>
   yes
  </sporty>
 </clothing>
 <clothing>
  <id>
   963589782
  </id>
  <name>
   Brooks Shoes I-6770
  </name>
  <category>
   Shoes
  </category>
  <size>
   M
  </size>
  <color>
   Оранжевый
  </color>
  <material>
   Вискоза
  </material>
  <price>
   545345
  </price>
  <rating>
   3.3
  </rating>
  <reviews>
   702488
  </reviews>
  <exclusive>
   yes
  </exclusive>
  <sporty>
   no
  </sporty>
 </clothing>
 <clothing>
  <id>
   284049898
  </id>
  <name>
   PleinSport Hat V-2910
  </name>
  <category>
   Hat
  </category>
  <size>
   XXL
  </size>
  <color>
   Оранжевый
  </color>
  <material>
   Вискоза
  </material>
  <price>
   736813
  </price>
  <rating>
   2.18
  </rating>
  <reviews>
   304477
  </reviews>
  <exclusive>
   no
  </exclusive>
 </clothing>
 <clothing>
  <id>
   924838738
  </id>
  <name>
   Ellesse Jacket A-1966
  </name>
  <category>
   Jacket
  </category>
  <size>
   S
  </size>
  <color>
   Голубой
  </color>
  <material>
   Вискоза
  </material>
  <price>
   881958
  </price>
  <rating>
   1.46
  </rating>
  <reviews>
   98152
  </reviews>
  <exclusive>
   yes
  </exclusive>
 </clothing>
 <clothing>
  <id>
   580498568
  </id>
  <name>
   Reebok Jeans U-9093
  </name>
  <category>
   Jeans
  </category>
  <size>
   L
  </size>
  <color>
   Красный
  </color>
  <material>
   Хлопок
  </material>
  <price>
   662193
  </price>
  <rating>
   2.88
  </rating>
  <reviews>
   868772
  </reviews>
  <exclusive>
   no
  </exclusive>
  <sporty>
   no
  </sporty>
 </clothing>
 <clothing>
  <id>
   129412609
  </id>
  <name>
   Adidas Shoes J-4644
  </name>
  <category>
   Shoes
  </category>
  <size>
   S
  </size>
  <color>
   Желтый
  </color>
  <material>
   Шелк
  </material>
  <price>
   231969
  </price>
  <rating>
   3.2
  </rating>
  <reviews>
   800046
  </reviews>
  <new>
   +
  </new>
 </clothing>
 <clothing>
  <id>
   368699792
  </id>
  <name>
   Under Armour Pants Z-6375
  </name>
  <category>
   Pants
  </category>
  <size>
   XXL
  </size>
  <color>
   Желтый
  </color>
  <material>
   Вискоза
  </material>
  <price>
   602279
  </price>
  <rating>
   1.21
  </rating>
  <reviews>
   300636
  </reviews>
  <new>
   -
  </new>
  <exclusive>
   no
  </exclusive>
  <sporty>
   no
  </sporty>
 </clothing>
 <clothing>
  <id>
   660508177
  </id>
  <name>
   Converse Dress O-1571
  </name>
  <category>
   Dress
  </category>
  <size>
   L
  </size>
  <color>
   Фиолетовый
  </color>
  <material>
   Вискоза
  </material>
  <price>
   127074
  </price>
  <rating>
   4.12
  </rating>
  <reviews>
   393781
  </reviews>
 </clothing>
 <clothing>
  <id>
   926389125
  </id>
  <name>
   Addidas Gloves A-4738
  </name>
  <category>
   Gloves
  </category>
  <size>
   S
  </size>
  <color>
   Зеленый
  </color>
  <material>
   Хлопок
  </material>
  <price>
   316724
  </price>
  <rating>
   4.76
  </rating>
  <reviews>
   730131
  </reviews>
  <new>
   -
  </new>
  <exclusive>
   no
  </exclusive>
  <sporty>
   no
  </sporty>
 </clothing>
 <clothing>
  <id>
   373348990
  </id>
  <name>
   DC T-shirt A-7407
  </name>
  <category>
   T-shirt
  </category>
  <size>
   L
  </size>
  <color>
   Фиолетовый
  </color>
  <material>
   Полиэстер
  </material>
  <price>
   844811
  </price>
  <rating>
   2.16
  </rating>
  <reviews>
   434176
  </reviews>
  <exclusive>
   no
  </exclusive>
  <sporty>
   yes
  </sporty>
 </clothing>
 <clothing>
  <id>
   992067003
  </id>
  <name>
   Under Armour Shirt V-7544
  </name>
  <category>
   Shirt
  </category>
  <size>
   L
  </size>
  <color>
   Голубой
  </color>
  <material>
   Вискоза
  </material>
  <price>
   186058
  </price>
  <rating>
   3.13
  </rating>
  <reviews>
   409323
  </reviews>
  <new>
   -
  </new>
  <exclusive>
   yes
  </exclusive>
  <sporty>
   yes
  </sporty>
 </clothing>
 <clothing>
  <id>
   688420239
  </id>
  <name>
   Adidas Shirt O-3263
  </name>
  <category>
   Shirt
  </category>
  <size>
   XXL
  </size>
  <color>
   Красный
  </color>
  <material>
   Шелк
  </material>
  <price>
   705804
  </price>
  <rating>
   4.18
  </rating>
  <reviews>
   263023
  </reviews>
  <new>
   +
  </new>
 </clothing>
 <clothing>
  <id>
   333218046
  </id>
  <name>
   Converse Belts T-8286
  </name>
  <category>
   Belts
  </category>
  <size>
   M
  </size>
  <color>
   Фиолетовый
  </color>
  <material>
   Нейлон
  </material>
  <price>
   703635
  </price>
  <rating>
   3.77
  </rating>
  <reviews>
   2748
  </reviews>
  <new>
   -
  </new>
  <exclusive>
   no
  </exclusive>
 </clothing>
 <clothing>
  <id>
   329741088
  </id>
  <name>
   Converse Jeans X-5542
  </name>
  <category>
   Jeans
  </category>
  <size>
   M
  </size>
  <color>
   Красный
  </color>
  <material>
   Вискоза
  </material>
  <price>
   743440
  </price>
  <rating>
   2.1
  </rating>
  <reviews>
   270898
  </reviews>
 </clothing>
 <clothing>
  <id>
   927651744
  </id>
  <name>
   New Balance Pants A-1788
  </name>
  <category>
   Pants
  </category>
  <size>
   XL
  </size>
  <color>
   Голубой
  </color>
  <material>
   Полиэстер
  </material>
  <price>
   584346
  </price>
  <rating>
   4.6
  </rating>
  <reviews>
   209634
  </reviews>
  <new>
   +
  </new>
  <exclusive>
   no
  </exclusive>
  <sporty>
   no
  </sporty>
 </clothing>
 <clothing>
  <id>
   614971656
  </id>
  <name>
   Ellesse Shoes U-8994
  </name>
  <category>
   Shoes
  </category>
  <size>
   S
  </size>
  <color>
   Зеленый
  </color>
  <material>
   Хлопок
  </material>
  <price>
   205139
  </price>
  <rating>
   1.97
  </rating>
  <reviews>
   712420
  </reviews>
  <new>
   +
  </new>
  <exclusive>
   no
  </exclusive>
  <sporty>
   no
  </sporty>
 </clothing>
 <clothing>
  <id>
   546184920
  </id>
  <name>
   Reebok Handbags U-3325
  </name>
  <category>
   Handbags
  </category>
  <size>
   L
  </size>
  <color>
   Зеленый
  </color>
  <material>
   Кожа
  </material>
  <price>
   196618
  </price>
  <rating>
   3.73
  </rating>
  <reviews>
   808705
  </reviews>
  <sporty>
   no
  </sporty>
 </clothing>
 <clothing>
  <id>
   756619780
  </id>
  <name>
   Addidas Belts O-2257
  </name>
  <category>
   Belts
  </category>
  <size>
   XXL
  </size>
  <color>
   Оранжевый
  </color>
  <material>
   Шерсть
  </material>
  <price>
   626302
  </price>
  <rating>
   4.31
  </rating>
  <reviews>
   378908
  </reviews>
  <new>
   -
  </new>
  <sporty>
   yes
  </sporty>
 </clothing>
 <clothing>
  <id>
   823115842
  </id>
  <name>
   Brooks T-shirt T-2830
  </name>
  <category>
   T-shirt
  </category>
  <size>
   XXL
  </size>
  <color>
   Голубой
  </color>
  <material>
   Лен
  </material>
  <price>
   324755
  </price>
  <rating>
   3.35
  </rating>
  <reviews>
   218347
  </reviews>
  <new>
   -
  </new>
 </clothing>
 <clothing>
  <id>
   686367013
  </id>
  <name>
   Vans Umbrellas N-8508
  </name>
  <category>
   Umbrellas
  </category>
  <size>
   S
  </size>
  <color>
   Голубой
  </color>
  <material>
   Лен
  </material>
  <price>
   283349
  </price>
  <rating>
   2.09
  </rating>
  <reviews>
   375372
  </reviews>
  <new>
   -
  </new>
  <exclusive>
   yes
  </exclusive>
 </clothing>
 <clothing>
  <id>
   121786872
  </id>
  <name>
   Fila Jeans U-3505
  </name>
  <category>
   Jeans
  </category>
  <size>
   M
  </size>
  <color>
   Желтый
  </color>
  <material>
   Лен
  </material>
  <price>
   962378
  </price>
  <rating>
   4.66
  </rating>
  <reviews>
   365253
  </reviews>
  <exclusive>
   no
  </exclusive>
 </clothing>
 <clothing>
  <id>
   249231483
  </id>
  <name>
   Nike Umbrellas N-7542
  </name>
  <category>
   Umbrellas
  </category>
  <size>
   XL
  </size>
  <color>
   Голубой
  </color>
  <material>
   Шерсть
  </material>
  <price>
   121266
  </price>
  <rating>
   4.87
  </rating>
  <reviews>
   175660
  </reviews>
  <sporty>
   no
  </sporty>
 </clothing>
 <clothing>
  <id>
   865363087
  </id>
  <name>
   Puma Sweater U-4624
  </name>
  <category>
   Sweater
  </category>
  <size>
   S
  </size>
  <color>
   Синий
  </color>
  <material>
   Вискоза
  </material>
  <price>
   398334
  </price>
  <rating>
   2.77
  </rating>
  <reviews>
   992405
  </reviews>
  <new>
   -
  </new>
  <exclusive>
   yes
  </exclusive>
  <sporty>
   no
  </sporty>
 </clothing>
 <clothing>
  <id>
   617396571
  </id>
  <name>
   Fila Handbags S-1587
  </name>
  <category>
   Handbags
  </category>
  <size>
   L
  </size>
  <color>
   Зеленый
  </color>
  <material>
   Шелк
  </material>
  <price>
   544736
  </price>
  <rating>
   1.33
  </rating>
  <reviews>
   648615
  </reviews>
  <new>
   -
  </new>
 </clothing>
 <clothing>
  <id>
   857667493
  </id>
  <name>
   Vans Handbags V-2670
  </name>
  <category>
   Handbags
  </category>
  <size>
   S
  </size>
  <color>
   Желтый
  </color>
  <material>
   Хлопок
  </material>
  <price>
   656725
  </price>
  <rating>
   1.08
  </rating>
  <reviews>
   718914
  </reviews>
  <exclusive>
   no
  </exclusive>
  <sporty>
   no
  </sporty>
 </clothing>
 <clothing>
  <id>
   159986892
  </id>
  <name>
   Nike Dress P-5666
  </name>
  <category>
   Dress
  </category>
  <size>
   M
  </size>
  <color>
   Желтый
  </color>
  <material>
   Лен
  </material>
  <price>
   896227
  </price>
  <rating>
   3.26
  </rating>
  <reviews>
   421798
  </reviews>
  <new>
   +
  </new>
  <sporty>
   no
  </sporty>
 </clothing>
</clothing-items>
