<?xml version="1.0" encoding="utf-8"?>
<clothing-items>
 <clothing>
  <id>
   603881555
  </id>
  <name>
   Vans Pants T-2721
  </name>
  <category>
   Pants
  </category>
  <size>
   M
  </size>
  <color>
   Голубой
  </color>
  <material>
   Лен
  </material>
  <price>
   144226
  </price>
  <rating>
   1.99
  </rating>
  <reviews>
   502278
  </reviews>
  <sporty>
   no
  </sporty>
 </clothing>
 <clothing>
  <id>
   456148337
  </id>
  <name>
   Fila Shoes M-1145
  </name>
  <category>
   Shoes
  </category>
  <size>
   XXL
  </size>
  <color>
   Голубой
  </color>
  <material>
   Лен
  </material>
  <price>
   126054
  </price>
  <rating>
   1.08
  </rating>
  <reviews>
   238857
  </reviews>
  <exclusive>
   yes
  </exclusive>
  <sporty>
   no
  </sporty>
 </clothing>
 <clothing>
  <id>
   317498024
  </id>
  <name>
   Fila Hat N-3407
  </name>
  <category>
   Hat
  </category>
  <size>
   M
  </size>
  <color>
   Фиолетовый
  </color>
  <material>
   Кожа
  </material>
  <price>
   986341
  </price>
  <rating>
   4.04
  </rating>
  <reviews>
   101012
  </reviews>
  <exclusive>
   yes
  </exclusive>
  <sporty>
   no
  </sporty>
 </clothing>
 <clothing>
  <id>
   616740128
  </id>
  <name>
   Addidas Shoes F-1961
  </name>
  <category>
   Shoes
  </category>
  <size>
   XXL
  </size>
  <color>
   Зеленый
  </color>
  <material>
   Кожа
  </material>
  <price>
   470349
  </price>
  <rating>
   2.84
  </rating>
  <reviews>
   386431
  </reviews>
  <new>
   +
  </new>
  <exclusive>
   no
  </exclusive>
  <sporty>
   no
  </sporty>
 </clothing>
 <clothing>
  <id>
   106283129
  </id>
  <name>
   Puma Handbags X-8083
  </name>
  <category>
   Handbags
  </category>
  <size>
   M
  </size>
  <color>
   Зеленый
  </color>
  <material>
   Кожа
  </material>
  <price>
   888188
  </price>
  <rating>
   4.12
  </rating>
  <reviews>
   977035
  </reviews>
  <new>
   -
  </new>
  <exclusive>
   yes
  </exclusive>
  <sporty>
   no
  </sporty>
 </clothing>
 <clothing>
  <id>
   992660291
  </id>
  <name>
   Adidas Shoes P-7188
  </name>
  <category>
   Shoes
  </category>
  <size>
   M
  </size>
  <color>
   Фиолетовый
  </color>
  <material>
   Нейлон
  </material>
  <price>
   573919
  </price>
  <rating>
   2.65
  </rating>
  <reviews>
   996674
  </reviews>
  <new>
   -
  </new>
  <exclusive>
   no
  </exclusive>
 </clothing>
 <clothing>
  <id>
   152846592
  </id>
  <name>
   DC Belts I-4925
  </name>
  <category>
   Belts
  </category>
  <size>
   XL
  </size>
  <color>
   Зеленый
  </color>
  <material>
   Полиэстер
  </material>
  <price>
   448694
  </price>
  <rating>
   2.08
  </rating>
  <reviews>
   744568
  </reviews>
 </clothing>
 <clothing>
  <id>
   465805455
  </id>
  <name>
   Brooks Gloves Z-5194
  </name>
  <category>
   Gloves
  </category>
  <size>
   M
  </size>
  <color>
   Голубой
  </color>
  <material>
   Полиэстер
  </material>
  <price>
   634703
  </price>
  <rating>
   3.76
  </rating>
  <reviews>
   658700
  </reviews>
  <new>
   -
  </new>
  <exclusive>
   no
  </exclusive>
  <sporty>
   yes
  </sporty>
 </clothing>
 <clothing>
  <id>
   828227021
  </id>
  <name>
   Vans Gloves D-4870
  </name>
  <category>
   Gloves
  </category>
  <size>
   M
  </size>
  <color>
   Желтый
  </color>
  <material>
   Хлопок
  </material>
  <price>
   640893
  </price>
  <rating>
   1.37
  </rating>
  <reviews>
   227912
  </reviews>
 </clothing>
 <clothing>
  <id>
   347427256
  </id>
  <name>
   Addidas Sweater M-4412
  </name>
  <category>
   Sweater
  </category>
  <size>
   L
  </size>
  <color>
   Синий
  </color>
  <material>
   Вискоза
  </material>
  <price>
   865060
  </price>
  <rating>
   1.01
  </rating>
  <reviews>
   796770
  </reviews>
  <new>
   -
  </new>
  <exclusive>
   no
  </exclusive>
  <sporty>
   no
  </sporty>
 </clothing>
 <clothing>
  <id>
   992779269
  </id>
  <name>
   PleinSport Jeans N-6126
  </name>
  <category>
   Jeans
  </category>
  <size>
   XL
  </size>
  <color>
   Оранжевый
  </color>
  <material>
   Лен
  </material>
  <price>
   747681
  </price>
  <rating>
   2.35
  </rating>
  <reviews>
   312978
  </reviews>
  <exclusive>
   yes
  </exclusive>
  <sporty>
   no
  </sporty>
 </clothing>
 <clothing>
  <id>
   807694847
  </id>
  <name>
   Adidas Jeans Z-7829
  </name>
  <category>
   Jeans
  </category>
  <size>
   M
  </size>
  <color>
   Оранжевый
  </color>
  <material>
   Лен
  </material>
  <price>
   875704
  </price>
  <rating>
   4.83
  </rating>
  <reviews>
   578351
  </reviews>
  <sporty>
   yes
  </sporty>
 </clothing>
 <clothing>
  <id>
   542542188
  </id>
  <name>
   Adidas Shirt T-6945
  </name>
  <category>
   Shirt
  </category>
  <size>
   L
  </size>
  <color>
   Желтый
  </color>
  <material>
   Шерсть
  </material>
  <price>
   257973
  </price>
  <rating>
   4.1
  </rating>
  <reviews>
   16454
  </reviews>
  <new>
   +
  </new>
  <exclusive>
   yes
  </exclusive>
  <sporty>
   no
  </sporty>
 </clothing>
 <clothing>
  <id>
   501926428
  </id>
  <name>
   PleinSport Socks N-1653
  </name>
  <category>
   Socks
  </category>
  <size>
   L
  </size>
  <color>
   Желтый
  </color>
  <material>
   Вискоза
  </material>
  <price>
   425177
  </price>
  <rating>
   2.32
  </rating>
  <reviews>
   631634
  </reviews>
  <sporty>
   no
  </sporty>
 </clothing>
 <clothing>
  <id>
   672257011
  </id>
  <name>
   Puma Dress R-9985
  </name>
  <category>
   Dress
  </category>
  <size>
   M
  </size>
  <color>
   Зеленый
  </color>
  <material>
   Шелк
  </material>
  <price>
   198772
  </price>
  <rating>
   1.09
  </rating>
  <reviews>
   302719
  </reviews>
  <new>
   +
  </new>
  <exclusive>
   no
  </exclusive>
  <sporty>
   yes
  </sporty>
 </clothing>
 <clothing>
  <id>
   549899684
  </id>
  <name>
   Nike T-shirt O-6474
  </name>
  <category>
   T-shirt
  </category>
  <size>
   S
  </size>
  <color>
   Фиолетовый
  </color>
  <material>
   Кожа
  </material>
  <price>
   607439
  </price>
  <rating>
   1.03
  </rating>
  <reviews>
   965003
  </reviews>
  <new>
   +
  </new>
  <exclusive>
   no
  </exclusive>
  <sporty>
   yes
  </sporty>
 </clothing>
 <clothing>
  <id>
   330701608
  </id>
  <name>
   New Balance Jeans Q-4678
  </name>
  <category>
   Jeans
  </category>
  <size>
   M
  </size>
  <color>
   Желтый
  </color>
  <material>
   Кожа
  </material>
  <price>
   828180
  </price>
  <rating>
   4.25
  </rating>
  <reviews>
   590659
  </reviews>
  <new>
   -
  </new>
  <exclusive>
   no
  </exclusive>
  <sporty>
   yes
  </sporty>
 </clothing>
 <clothing>
  <id>
   212963675
  </id>
  <name>
   Lacoste Socks R-6881
  </name>
  <category>
   Socks
  </category>
  <size>
   XXL
  </size>
  <color>
   Голубой
  </color>
  <material>
   Полиэстер
  </material>
  <price>
   977083
  </price>
  <rating>
   4.73
  </rating>
  <reviews>
   911508
  </reviews>
  <new>
   -
  </new>
  <sporty>
   no
  </sporty>
 </clothing>
 <clothing>
  <id>
   201475739
  </id>
  <name>
   DC Sweater S-6736
  </name>
  <category>
   Sweater
  </category>
  <size>
   XXL
  </size>
  <color>
   Синий
  </color>
  <material>
   Кожа
  </material>
  <price>
   199666
  </price>
  <rating>
   2.21
  </rating>
  <reviews>
   760015
  </reviews>
  <new>
   +
  </new>
  <exclusive>
   no
  </exclusive>
  <sporty>
   no
  </sporty>
 </clothing>
 <clothing>
  <id>
   584455404
  </id>
  <name>
   Reebok Socks C-6758
  </name>
  <category>
   Socks
  </category>
  <size>
   XXL
  </size>
  <color>
   Голубой
  </color>
  <material>
   Хлопок
  </material>
  <price>
   918949
  </price>
  <rating>
   1.65
  </rating>
  <reviews>
   751001
  </reviews>
  <exclusive>
   yes
  </exclusive>
 </clothing>
 <clothing>
  <id>
   561659834
  </id>
  <name>
   Reebok Jacket Y-5587
  </name>
  <category>
   Jacket
  </category>
  <size>
   L
  </size>
  <color>
   Зеленый
  </color>
  <material>
   Кожа
  </material>
  <price>
   291007
  </price>
  <rating>
   4.77
  </rating>
  <reviews>
   315989
  </reviews>
  <new>
   -
  </new>
  <sporty>
   no
  </sporty>
 </clothing>
 <clothing>
  <id>
   837687582
  </id>
  <name>
   Asics Gloves Q-1591
  </name>
  <category>
   Gloves
  </category>
  <size>
   XL
  </size>
  <color>
   Красный
  </color>
  <material>
   Лен
  </material>
  <price>
   115426
  </price>
  <rating>
   3.08
  </rating>
  <reviews>
   852983
  </reviews>
  <exclusive>
   yes
  </exclusive>
  <sporty>
   no
  </sporty>
 </clothing>
 <clothing>
  <id>
   940229897
  </id>
  <name>
   Puma Shirt A-4417
  </name>
  <category>
   Shirt
  </category>
  <size>
   M
  </size>
  <color>
   Голубой
  </color>
  <material>
   Кожа
  </material>
  <price>
   104571
  </price>
  <rating>
   3.87
  </rating>
  <reviews>
   942822
  </reviews>
  <new>
   -
  </new>
  <exclusive>
   no
  </exclusive>
  <sporty>
   no
  </sporty>
 </clothing>
 <clothing>
  <id>
   452607923
  </id>
  <name>
   Ellesse Umbrellas V-1049
  </name>
  <category>
   Umbrellas
  </category>
  <size>
   XXL
  </size>
  <color>
   Желтый
  </color>
  <material>
   Кожа
  </material>
  <price>
   914351
  </price>
  <rating>
   3.6
  </rating>
  <reviews>
   702164
  </reviews>
  <new>
   -
  </new>
  <sporty>
   no
  </sporty>
 </clothing>
 <clothing>
  <id>
   667794200
  </id>
  <name>
   Addidas Jeans F-7051
  </name>
  <category>
   Jeans
  </category>
  <size>
   L
  </size>
  <color>
   Зеленый
  </color>
  <material>
   Кожа
  </material>
  <price>
   918606
  </price>
  <rating>
   4.72
  </rating>
  <reviews>
   313366
  </reviews>
 </clothing>
 <clothing>
  <id>
   373772807
  </id>
  <name>
   Converse Socks W-3435
  </name>
  <category>
   Socks
  </category>
  <size>
   XL
  </size>
  <color>
   Красный
  </color>
  <material>
   Кожа
  </material>
  <price>
   181654
  </price>
  <rating>
   4.59
  </rating>
  <reviews>
   214938
  </reviews>
  <sporty>
   yes
  </sporty>
 </clothing>
 <clothing>
  <id>
   493741509
  </id>
  <name>
   DC Umbrellas K-6449
  </name>
  <category>
   Umbrellas
  </category>
  <size>
   S
  </size>
  <color>
   Фиолетовый
  </color>
  <material>
   Шелк
  </material>
  <price>
   665927
  </price>
  <rating>
   1.24
  </rating>
  <reviews>
   303544
  </reviews>
 </clothing>
 <clothing>
  <id>
   399237224
  </id>
  <name>
   Converse Handbags I-4870
  </name>
  <category>
   Handbags
  </category>
  <size>
   XL
  </size>
  <color>
   Синий
  </color>
  <material>
   Шелк
  </material>
  <price>
   174205
  </price>
  <rating>
   4.68
  </rating>
  <reviews>
   127660
  </reviews>
  <new>
   -
  </new>
  <exclusive>
   yes
  </exclusive>
  <sporty>
   yes
  </sporty>
 </clothing>
 <clothing>
  <id>
   859818408
  </id>
  <name>
   Reebok Shirt G-5931
  </name>
  <category>
   Shirt
  </category>
  <size>
   S
  </size>
  <color>
   Фиолетовый
  </color>
  <material>
   Вискоза
  </material>
  <price>
   162748
  </price>
  <rating>
   3.41
  </rating>
  <reviews>
   847906
  </reviews>
  <new>
   -
  </new>
 </clothing>
 <clothing>
  <id>
   944875242
  </id>
  <name>
   Fila Umbrellas G-2384
  </name>
  <category>
   Umbrellas
  </category>
  <size>
   XL
  </size>
  <color>
   Красный
  </color>
  <material>
   Лен
  </material>
  <price>
   986958
  </price>
  <rating>
   4.5
  </rating>
  <reviews>
   609486
  </reviews>
  <new>
   -
  </new>
  <exclusive>
   no
  </exclusive>
 </clothing>
 <clothing>
  <id>
   941513397
  </id>
  <name>
   Adidas Pants A-9577
  </name>
  <category>
   Pants
  </category>
  <size>
   M
  </size>
  <color>
   Синий
  </color>
  <material>
   Нейлон
  </material>
  <price>
   300131
  </price>
  <rating>
   4.01
  </rating>
  <reviews>
   19392
  </reviews>
  <new>
   -
  </new>
  <sporty>
   no
  </sporty>
 </clothing>
 <clothing>
  <id>
   637854218
  </id>
  <name>
   Addidas T-shirt V-7618
  </name>
  <category>
   T-shirt
  </category>
  <size>
   S
  </size>
  <color>
   Голубой
  </color>
  <material>
   Нейлон
  </material>
  <price>
   554630
  </price>
  <rating>
   3.29
  </rating>
  <reviews>
   894432
  </reviews>
  <new>
   -
  </new>
 </clothing>
 <clothing>
  <id>
   868365332
  </id>
  <name>
   Brooks Skirt V-5507
  </name>
  <category>
   Skirt
  </category>
  <size>
   L
  </size>
  <color>
   Красный
  </color>
  <material>
   Шерсть
  </material>
  <price>
   703914
  </price>
  <rating>
   4.77
  </rating>
  <reviews>
   393854
  </reviews>
  <new>
   -
  </new>
  <sporty>
   yes
  </sporty>
 </clothing>
</clothing-items>
