<?xml version="1.0" encoding="utf-8"?>
<clothing-items>
 <clothing>
  <id>
   207248608
  </id>
  <name>
   Puma T-shirt L-9704
  </name>
  <category>
   T-shirt
  </category>
  <size>
   M
  </size>
  <color>
   Желтый
  </color>
  <material>
   Шелк
  </material>
  <price>
   150092
  </price>
  <rating>
   3.37
  </rating>
  <reviews>
   763630
  </reviews>
  <exclusive>
   yes
  </exclusive>
  <sporty>
   no
  </sporty>
 </clothing>
 <clothing>
  <id>
   316926341
  </id>
  <name>
   Asics Shoes F-3805
  </name>
  <category>
   Shoes
  </category>
  <size>
   M
  </size>
  <color>
   Зеленый
  </color>
  <material>
   Кожа
  </material>
  <price>
   706768
  </price>
  <rating>
   2.59
  </rating>
  <reviews>
   645345
  </reviews>
  <new>
   -
  </new>
  <exclusive>
   no
  </exclusive>
  <sporty>
   yes
  </sporty>
 </clothing>
 <clothing>
  <id>
   267294294
  </id>
  <name>
   Reebok Socks T-9412
  </name>
  <category>
   Socks
  </category>
  <size>
   L
  </size>
  <color>
   Голубой
  </color>
  <material>
   Нейлон
  </material>
  <price>
   914099
  </price>
  <rating>
   1.73
  </rating>
  <reviews>
   125443
  </reviews>
  <new>
   -
  </new>
  <sporty>
   yes
  </sporty>
 </clothing>
 <clothing>
  <id>
   533402215
  </id>
  <name>
   Puma Shirt S-9875
  </name>
  <category>
   Shirt
  </category>
  <size>
   L
  </size>
  <color>
   Зеленый
  </color>
  <material>
   Нейлон
  </material>
  <price>
   666244
  </price>
  <rating>
   3.84
  </rating>
  <reviews>
   203756
  </reviews>
  <new>
   -
  </new>
 </clothing>
 <clothing>
  <id>
   378443558
  </id>
  <name>
   Vans Skirt R-1390
  </name>
  <category>
   Skirt
  </category>
  <size>
   XL
  </size>
  <color>
   Голубой
  </color>
  <material>
   Шерсть
  </material>
  <price>
   529757
  </price>
  <rating>
   3.22
  </rating>
  <reviews>
   692566
  </reviews>
  <exclusive>
   no
  </exclusive>
  <sporty>
   no
  </sporty>
 </clothing>
 <clothing>
  <id>
   701695386
  </id>
  <name>
   Adidas Dress D-3576
  </name>
  <category>
   Dress
  </category>
  <size>
   S
  </size>
  <color>
   Зеленый
  </color>
  <material>
   Кожа
  </material>
  <price>
   454164
  </price>
  <rating>
   4.84
  </rating>
  <reviews>
   630755
  </reviews>
  <new>
   +
  </new>
  <exclusive>
   yes
  </exclusive>
 </clothing>
 <clothing>
  <id>
   628259363
  </id>
  <name>
   Addidas Belts W-1457
  </name>
  <category>
   Belts
  </category>
  <size>
   M
  </size>
  <color>
   Синий
  </color>
  <material>
   Хлопок
  </material>
  <price>
   292639
  </price>
  <rating>
   4.74
  </rating>
  <reviews>
   964381
  </reviews>
  <exclusive>
   yes
  </exclusive>
  <sporty>
   yes
  </sporty>
 </clothing>
 <clothing>
  <id>
   462082265
  </id>
  <name>
   Nike Shirt M-8604
  </name>
  <category>
   Shirt
  </category>
  <size>
   XL
  </size>
  <color>
   Зеленый
  </color>
  <material>
   Кожа
  </material>
  <price>
   186926
  </price>
  <rating>
   4.17
  </rating>
  <reviews>
   541246
  </reviews>
  <exclusive>
   no
  </exclusive>
  <sporty>
   no
  </sporty>
 </clothing>
 <clothing>
  <id>
   510893727
  </id>
  <name>
   Puma Jeans M-4147
  </name>
  <category>
   Jeans
  </category>
  <size>
   XXL
  </size>
  <color>
   Зеленый
  </color>
  <material>
   Полиэстер
  </material>
  <price>
   131641
  </price>
  <rating>
   1.42
  </rating>
  <reviews>
   771032
  </reviews>
  <new>
   -
  </new>
  <exclusive>
   yes
  </exclusive>
  <sporty>
   no
  </sporty>
 </clothing>
 <clothing>
  <id>
   658981209
  </id>
  <name>
   Reebok Blouse Y-9519
  </name>
  <category>
   Blouse
  </category>
  <size>
   L
  </size>
  <color>
   Зеленый
  </color>
  <material>
   Полиэстер
  </material>
  <price>
   215190
  </price>
  <rating>
   3.0
  </rating>
  <reviews>
   960940
  </reviews>
  <new>
   +
  </new>
 </clothing>
 <clothing>
  <id>
   840824153
  </id>
  <name>
   Converse Handbags H-8864
  </name>
  <category>
   Handbags
  </category>
  <size>
   S
  </size>
  <color>
   Оранжевый
  </color>
  <material>
   Лен
  </material>
  <price>
   349099
  </price>
  <rating>
   2.38
  </rating>
  <reviews>
   712762
  </reviews>
  <new>
   -
  </new>
 </clothing>
 <clothing>
  <id>
   309826043
  </id>
  <name>
   Addidas Jeans V-9178
  </name>
  <category>
   Jeans
  </category>
  <size>
   XL
  </size>
  <color>
   Синий
  </color>
  <material>
   Нейлон
  </material>
  <price>
   693582
  </price>
  <rating>
   3.21
  </rating>
  <reviews>
   187948
  </reviews>
  <new>
   -
  </new>
  <exclusive>
   no
  </exclusive>
  <sporty>
   no
  </sporty>
 </clothing>
 <clothing>
  <id>
   965699236
  </id>
  <name>
   Reebok T-shirt D-1278
  </name>
  <category>
   T-shirt
  </category>
  <size>
   L
  </size>
  <color>
   Синий
  </color>
  <material>
   Вискоза
  </material>
  <price>
   472447
  </price>
  <rating>
   1.1
  </rating>
  <reviews>
   41825
  </reviews>
  <new>
   +
  </new>
  <exclusive>
   yes
  </exclusive>
 </clothing>
 <clothing>
  <id>
   998338183
  </id>
  <name>
   Under Armour Handbags I-9209
  </name>
  <category>
   Handbags
  </category>
  <size>
   XXL
  </size>
  <color>
   Красный
  </color>
  <material>
   Хлопок
  </material>
  <price>
   752235
  </price>
  <rating>
   4.23
  </rating>
  <reviews>
   613568
  </reviews>
  <sporty>
   no
  </sporty>
 </clothing>
 <clothing>
  <id>
   851402795
  </id>
  <name>
   Converse Handbags M-1512
  </name>
  <category>
   Handbags
  </category>
  <size>
   L
  </size>
  <color>
   Желтый
  </color>
  <material>
   Шерсть
  </material>
  <price>
   539344
  </price>
  <rating>
   1.56
  </rating>
  <reviews>
   989012
  </reviews>
  <new>
   -
  </new>
  <exclusive>
   no
  </exclusive>
 </clothing>
 <clothing>
  <id>
   492895045
  </id>
  <name>
   Nike Hat J-2128
  </name>
  <category>
   Hat
  </category>
  <size>
   XL
  </size>
  <color>
   Зеленый
  </color>
  <material>
   Вискоза
  </material>
  <price>
   883073
  </price>
  <rating>
   1.45
  </rating>
  <reviews>
   137922
  </reviews>
  <new>
   +
  </new>
  <exclusive>
   yes
  </exclusive>
 </clothing>
 <clothing>
  <id>
   594192028
  </id>
  <name>
   Nike Blouse I-7857
  </name>
  <category>
   Blouse
  </category>
  <size>
   XL
  </size>
  <color>
   Фиолетовый
  </color>
  <material>
   Нейлон
  </material>
  <price>
   627835
  </price>
  <rating>
   4.86
  </rating>
  <reviews>
   256802
  </reviews>
  <new>
   +
  </new>
  <exclusive>
   no
  </exclusive>
  <sporty>
   no
  </sporty>
 </clothing>
 <clothing>
  <id>
   726085772
  </id>
  <name>
   Fila Blouse L-1418
  </name>
  <category>
   Blouse
  </category>
  <size>
   L
  </size>
  <color>
   Синий
  </color>
  <material>
   Хлопок
  </material>
  <price>
   525708
  </price>
  <rating>
   3.91
  </rating>
  <reviews>
   901668
  </reviews>
  <new>
   -
  </new>
  <exclusive>
   no
  </exclusive>
 </clothing>
 <clothing>
  <id>
   914767048
  </id>
  <name>
   Fila Socks V-1813
  </name>
  <category>
   Socks
  </category>
  <size>
   S
  </size>
  <color>
   Фиолетовый
  </color>
  <material>
   Кожа
  </material>
  <price>
   205797
  </price>
  <rating>
   3.32
  </rating>
  <reviews>
   470710
  </reviews>
  <new>
   +
  </new>
  <exclusive>
   no
  </exclusive>
  <sporty>
   no
  </sporty>
 </clothing>
 <clothing>
  <id>
   126583979
  </id>
  <name>
   Puma Gloves F-9541
  </name>
  <category>
   Gloves
  </category>
  <size>
   L
  </size>
  <color>
   Красный
  </color>
  <material>
   Вискоза
  </material>
  <price>
   315746
  </price>
  <rating>
   3.4
  </rating>
  <reviews>
   455583
  </reviews>
  <new>
   -
  </new>
  <sporty>
   yes
  </sporty>
 </clothing>
 <clothing>
  <id>
   744181342
  </id>
  <name>
   DC Blouse J-3842
  </name>
  <category>
   Blouse
  </category>
  <size>
   L
  </size>
  <color>
   Красный
  </color>
  <material>
   Лен
  </material>
  <price>
   602460
  </price>
  <rating>
   3.7
  </rating>
  <reviews>
   908150
  </reviews>
  <sporty>
   no
  </sporty>
 </clothing>
 <clothing>
  <id>
   889212803
  </id>
  <name>
   Fila Gloves D-2720
  </name>
  <category>
   Gloves
  </category>
  <size>
   XXL
  </size>
  <color>
   Синий
  </color>
  <material>
   Кожа
  </material>
  <price>
   228178
  </price>
  <rating>
   3.21
  </rating>
  <reviews>
   752954
  </reviews>
  <exclusive>
   yes
  </exclusive>
  <sporty>
   no
  </sporty>
 </clothing>
 <clothing>
  <id>
   116999997
  </id>
  <name>
   Under Armour Handbags M-9756
  </name>
  <category>
   Handbags
  </category>
  <size>
   L
  </size>
  <color>
   Оранжевый
  </color>
  <material>
   Кожа
  </material>
  <price>
   496420
  </price>
  <rating>
   1.55
  </rating>
  <reviews>
   17093
  </reviews>
  <new>
   +
  </new>
  <exclusive>
   no
  </exclusive>
  <sporty>
   yes
  </sporty>
 </clothing>
 <clothing>
  <id>
   494516913
  </id>
  <name>
   Brooks Socks Z-9616
  </name>
  <category>
   Socks
  </category>
  <size>
   XXL
  </size>
  <color>
   Желтый
  </color>
  <material>
   Лен
  </material>
  <price>
   605203
  </price>
  <rating>
   3.9
  </rating>
  <reviews>
   534251
  </reviews>
 </clothing>
 <clothing>
  <id>
   274251794
  </id>
  <name>
   Asics Hat A-7447
  </name>
  <category>
   Hat
  </category>
  <size>
   XXL
  </size>
  <color>
   Фиолетовый
  </color>
  <material>
   Полиэстер
  </material>
  <price>
   536617
  </price>
  <rating>
   4.65
  </rating>
  <reviews>
   176092
  </reviews>
  <new>
   -
  </new>
  <exclusive>
   no
  </exclusive>
 </clothing>
 <clothing>
  <id>
   654899584
  </id>
  <name>
   Addidas Handbags I-9100
  </name>
  <category>
   Handbags
  </category>
  <size>
   L
  </size>
  <color>
   Оранжевый
  </color>
  <material>
   Шелк
  </material>
  <price>
   438109
  </price>
  <rating>
   2.53
  </rating>
  <reviews>
   926029
  </reviews>
  <new>
   -
  </new>
  <exclusive>
   no
  </exclusive>
  <sporty>
   no
  </sporty>
 </clothing>
 <clothing>
  <id>
   916850123
  </id>
  <name>
   Brooks Dress V-8654
  </name>
  <category>
   Dress
  </category>
  <size>
   S
  </size>
  <color>
   Красный
  </color>
  <material>
   Кожа
  </material>
  <price>
   236798
  </price>
  <rating>
   4.78
  </rating>
  <reviews>
   934927
  </reviews>
  <exclusive>
   yes
  </exclusive>
 </clothing>
 <clothing>
  <id>
   284027636
  </id>
  <name>
   DC Umbrellas X-9498
  </name>
  <category>
   Umbrellas
  </category>
  <size>
   L
  </size>
  <color>
   Красный
  </color>
  <material>
   Полиэстер
  </material>
  <price>
   328233
  </price>
  <rating>
   4.56
  </rating>
  <reviews>
   808307
  </reviews>
  <new>
   -
  </new>
  <exclusive>
   no
  </exclusive>
  <sporty>
   no
  </sporty>
 </clothing>
 <clothing>
  <id>
   503867318
  </id>
  <name>
   Converse Umbrellas Y-5731
  </name>
  <category>
   Umbrellas
  </category>
  <size>
   M
  </size>
  <color>
   Оранжевый
  </color>
  <material>
   Полиэстер
  </material>
  <price>
   992528
  </price>
  <rating>
   4.03
  </rating>
  <reviews>
   507747
  </reviews>
  <new>
   +
  </new>
  <exclusive>
   yes
  </exclusive>
 </clothing>
 <clothing>
  <id>
   883533816
  </id>
  <name>
   Reebok Belts I-1354
  </name>
  <category>
   Belts
  </category>
  <size>
   S
  </size>
  <color>
   Синий
  </color>
  <material>
   Нейлон
  </material>
  <price>
   222445
  </price>
  <rating>
   2.53
  </rating>
  <reviews>
   500441
  </reviews>
  <sporty>
   no
  </sporty>
 </clothing>
 <clothing>
  <id>
   814088720
  </id>
  <name>
   Reebok Umbrellas V-5245
  </name>
  <category>
   Umbrellas
  </category>
  <size>
   XL
  </size>
  <color>
   Оранжевый
  </color>
  <material>
   Шерсть
  </material>
  <price>
   802893
  </price>
  <rating>
   2.91
  </rating>
  <reviews>
   574237
  </reviews>
  <new>
   -
  </new>
  <exclusive>
   no
  </exclusive>
  <sporty>
   no
  </sporty>
 </clothing>
 <clothing>
  <id>
   387548207
  </id>
  <name>
   Ellesse Umbrellas B-5905
  </name>
  <category>
   Umbrellas
  </category>
  <size>
   XXL
  </size>
  <color>
   Зеленый
  </color>
  <material>
   Вискоза
  </material>
  <price>
   780130
  </price>
  <rating>
   3.64
  </rating>
  <reviews>
   566770
  </reviews>
  <new>
   -
  </new>
  <exclusive>
   yes
  </exclusive>
  <sporty>
   yes
  </sporty>
 </clothing>
 <clothing>
  <id>
   843647795
  </id>
  <name>
   PleinSport Umbrellas K-4585
  </name>
  <category>
   Umbrellas
  </category>
  <size>
   S
  </size>
  <color>
   Фиолетовый
  </color>
  <material>
   Хлопок
  </material>
  <price>
   803067
  </price>
  <rating>
   1.78
  </rating>
  <reviews>
   958344
  </reviews>
  <new>
   -
  </new>
  <exclusive>
   no
  </exclusive>
  <sporty>
   no
  </sporty>
 </clothing>
 <clothing>
  <id>
   810302190
  </id>
  <name>
   Vans Shoes X-8201
  </name>
  <category>
   Shoes
  </category>
  <size>
   L
  </size>
  <color>
   Голубой
  </color>
  <material>
   Шерсть
  </material>
  <price>
   816197
  </price>
  <rating>
   2.29
  </rating>
  <reviews>
   660559
  </reviews>
 </clothing>
</clothing-items>
