<?xml version="1.0" encoding="utf-8"?>
<clothing-items>
 <clothing>
  <id>
   680327052
  </id>
  <name>
   Asics Pants Q-2573
  </name>
  <category>
   Pants
  </category>
  <size>
   M
  </size>
  <color>
   Фиолетовый
  </color>
  <material>
   Вискоза
  </material>
  <price>
   741417
  </price>
  <rating>
   4.98
  </rating>
  <reviews>
   888794
  </reviews>
  <exclusive>
   yes
  </exclusive>
  <sporty>
   no
  </sporty>
 </clothing>
 <clothing>
  <id>
   373619791
  </id>
  <name>
   DC Dress C-2642
  </name>
  <category>
   Dress
  </category>
  <size>
   XXL
  </size>
  <color>
   Синий
  </color>
  <material>
   Вискоза
  </material>
  <price>
   396656
  </price>
  <rating>
   3.29
  </rating>
  <reviews>
   721378
  </reviews>
  <exclusive>
   no
  </exclusive>
  <sporty>
   no
  </sporty>
 </clothing>
 <clothing>
  <id>
   717344698
  </id>
  <name>
   Ellesse Shoes O-2167
  </name>
  <category>
   Shoes
  </category>
  <size>
   M
  </size>
  <color>
   Желтый
  </color>
  <material>
   Вискоза
  </material>
  <price>
   735529
  </price>
  <rating>
   2.52
  </rating>
  <reviews>
   163936
  </reviews>
  <sporty>
   no
  </sporty>
 </clothing>
 <clothing>
  <id>
   549684777
  </id>
  <name>
   Addidas Socks M-3342
  </name>
  <category>
   Socks
  </category>
  <size>
   L
  </size>
  <color>
   Фиолетовый
  </color>
  <material>
   Хлопок
  </material>
  <price>
   243087
  </price>
  <rating>
   3.66
  </rating>
  <reviews>
   362669
  </reviews>
  <new>
   +
  </new>
  <sporty>
   no
  </sporty>
 </clothing>
 <clothing>
  <id>
   563173361
  </id>
  <name>
   PleinSport Hat B-1001
  </name>
  <category>
   Hat
  </category>
  <size>
   M
  </size>
  <color>
   Оранжевый
  </color>
  <material>
   Кожа
  </material>
  <price>
   915947
  </price>
  <rating>
   3.8
  </rating>
  <reviews>
   246937
  </reviews>
  <new>
   +
  </new>
 </clothing>
 <clothing>
  <id>
   147340566
  </id>
  <name>
   DC Socks K-2720
  </name>
  <category>
   Socks
  </category>
  <size>
   XL
  </size>
  <color>
   Фиолетовый
  </color>
  <material>
   Шелк
  </material>
  <price>
   279311
  </price>
  <rating>
   2.16
  </rating>
  <reviews>
   906425
  </reviews>
  <exclusive>
   yes
  </exclusive>
  <sporty>
   no
  </sporty>
 </clothing>
 <clothing>
  <id>
   528482925
  </id>
  <name>
   Ellesse Belts E-2769
  </name>
  <category>
   Belts
  </category>
  <size>
   L
  </size>
  <color>
   Оранжевый
  </color>
  <material>
   Лен
  </material>
  <price>
   782351
  </price>
  <rating>
   1.56
  </rating>
  <reviews>
   890517
  </reviews>
  <exclusive>
   no
  </exclusive>
  <sporty>
   no
  </sporty>
 </clothing>
 <clothing>
  <id>
   679506709
  </id>
  <name>
   Ellesse Umbrellas E-9026
  </name>
  <category>
   Umbrellas
  </category>
  <size>
   L
  </size>
  <color>
   Зеленый
  </color>
  <material>
   Шерсть
  </material>
  <price>
   344132
  </price>
  <rating>
   3.37
  </rating>
  <reviews>
   851325
  </reviews>
  <new>
   -
  </new>
  <exclusive>
   no
  </exclusive>
  <sporty>
   yes
  </sporty>
 </clothing>
 <clothing>
  <id>
   880696366
  </id>
  <name>
   PleinSport Belts J-4834
  </name>
  <category>
   Belts
  </category>
  <size>
   XL
  </size>
  <color>
   Зеленый
  </color>
  <material>
   Лен
  </material>
  <price>
   881667
  </price>
  <rating>
   3.6
  </rating>
  <reviews>
   870327
  </reviews>
 </clothing>
 <clothing>
  <id>
   332303326
  </id>
  <name>
   Addidas T-shirt N-2004
  </name>
  <category>
   T-shirt
  </category>
  <size>
   XXL
  </size>
  <color>
   Фиолетовый
  </color>
  <material>
   Нейлон
  </material>
  <price>
   636178
  </price>
  <rating>
   2.68
  </rating>
  <reviews>
   774377
  </reviews>
  <new>
   -
  </new>
  <exclusive>
   yes
  </exclusive>
 </clothing>
 <clothing>
  <id>
   295514017
  </id>
  <name>
   Addidas Gloves W-8157
  </name>
  <category>
   Gloves
  </category>
  <size>
   M
  </size>
  <color>
   Красный
  </color>
  <material>
   Шерсть
  </material>
  <price>
   701136
  </price>
  <rating>
   3.26
  </rating>
  <reviews>
   774271
  </reviews>
  <new>
   -
  </new>
 </clothing>
 <clothing>
  <id>
   799697995
  </id>
  <name>
   PleinSport Pants U-1508
  </name>
  <category>
   Pants
  </category>
  <size>
   L
  </size>
  <color>
   Красный
  </color>
  <material>
   Шерсть
  </material>
  <price>
   518462
  </price>
  <rating>
   4.9
  </rating>
  <reviews>
   900313
  </reviews>
  <new>
   +
  </new>
  <exclusive>
   yes
  </exclusive>
  <sporty>
   no
  </sporty>
 </clothing>
 <clothing>
  <id>
   524891284
  </id>
  <name>
   Vans Gloves E-1744
  </name>
  <category>
   Gloves
  </category>
  <size>
   L
  </size>
  <color>
   Желтый
  </color>
  <material>
   Лен
  </material>
  <price>
   336222
  </price>
  <rating>
   3.54
  </rating>
  <reviews>
   754863
  </reviews>
  <exclusive>
   no
  </exclusive>
  <sporty>
   yes
  </sporty>
 </clothing>
 <clothing>
  <id>
   940337839
  </id>
  <name>
   New Balance Umbrellas Y-8511
  </name>
  <category>
   Umbrellas
  </category>
  <size>
   L
  </size>
  <color>
   Красный
  </color>
  <material>
   Хлопок
  </material>
  <price>
   941838
  </price>
  <rating>
   2.91
  </rating>
  <reviews>
   52264
  </reviews>
  <new>
   -
  </new>
  <exclusive>
   yes
  </exclusive>
  <sporty>
   yes
  </sporty>
 </clothing>
 <clothing>
  <id>
   545307197
  </id>
  <name>
   Reebok Dress F-2361
  </name>
  <category>
   Dress
  </category>
  <size>
   L
  </size>
  <color>
   Голубой
  </color>
  <material>
   Вискоза
  </material>
  <price>
   153351
  </price>
  <rating>
   1.82
  </rating>
  <reviews>
   372615
  </reviews>
  <exclusive>
   yes
  </exclusive>
 </clothing>
 <clothing>
  <id>
   587734687
  </id>
  <name>
   Lacoste Handbags W-9832
  </name>
  <category>
   Handbags
  </category>
  <size>
   M
  </size>
  <color>
   Голубой
  </color>
  <material>
   Лен
  </material>
  <price>
   326766
  </price>
  <rating>
   2.35
  </rating>
  <reviews>
   208614
  </reviews>
  <sporty>
   no
  </sporty>
 </clothing>
 <clothing>
  <id>
   114213174
  </id>
  <name>
   Lacoste Socks Y-5587
  </name>
  <category>
   Socks
  </category>
  <size>
   M
  </size>
  <color>
   Синий
  </color>
  <material>
   Шерсть
  </material>
  <price>
   248437
  </price>
  <rating>
   3.39
  </rating>
  <reviews>
   151608
  </reviews>
  <exclusive>
   no
  </exclusive>
 </clothing>
 <clothing>
  <id>
   724827958
  </id>
  <name>
   Under Armour Gloves E-3779
  </name>
  <category>
   Gloves
  </category>
  <size>
   S
  </size>
  <color>
   Оранжевый
  </color>
  <material>
   Лен
  </material>
  <price>
   412724
  </price>
  <rating>
   1.88
  </rating>
  <reviews>
   254226
  </reviews>
  <exclusive>
   no
  </exclusive>
 </clothing>
 <clothing>
  <id>
   556987906
  </id>
  <name>
   PleinSport T-shirt P-3117
  </name>
  <category>
   T-shirt
  </category>
  <size>
   XXL
  </size>
  <color>
   Оранжевый
  </color>
  <material>
   Нейлон
  </material>
  <price>
   986581
  </price>
  <rating>
   4.23
  </rating>
  <reviews>
   656863
  </reviews>
  <exclusive>
   yes
  </exclusive>
 </clothing>
 <clothing>
  <id>
   909061088
  </id>
  <name>
   Nike T-shirt W-2997
  </name>
  <category>
   T-shirt
  </category>
  <size>
   XXL
  </size>
  <color>
   Оранжевый
  </color>
  <material>
   Полиэстер
  </material>
  <price>
   621033
  </price>
  <rating>
   1.12
  </rating>
  <reviews>
   978873
  </reviews>
  <sporty>
   yes
  </sporty>
 </clothing>
 <clothing>
  <id>
   655876835
  </id>
  <name>
   Ellesse Gloves A-2492
  </name>
  <category>
   Gloves
  </category>
  <size>
   S
  </size>
  <color>
   Желтый
  </color>
  <material>
   Вискоза
  </material>
  <price>
   647196
  </price>
  <rating>
   4.18
  </rating>
  <reviews>
   237993
  </reviews>
  <new>
   +
  </new>
  <exclusive>
   no
  </exclusive>
  <sporty>
   no
  </sporty>
 </clothing>
 <clothing>
  <id>
   749347087
  </id>
  <name>
   Adidas Gloves Z-8965
  </name>
  <category>
   Gloves
  </category>
  <size>
   XL
  </size>
  <color>
   Оранжевый
  </color>
  <material>
   Шерсть
  </material>
  <price>
   311561
  </price>
  <rating>
   3.22
  </rating>
  <reviews>
   793300
  </reviews>
  <exclusive>
   no
  </exclusive>
  <sporty>
   yes
  </sporty>
 </clothing>
 <clothing>
  <id>
   594139354
  </id>
  <name>
   Addidas Belts F-3430
  </name>
  <category>
   Belts
  </category>
  <size>
   L
  </size>
  <color>
   Фиолетовый
  </color>
  <material>
   Шерсть
  </material>
  <price>
   580950
  </price>
  <rating>
   4.0
  </rating>
  <reviews>
   165204
  </reviews>
  <new>
   +
  </new>
  <exclusive>
   yes
  </exclusive>
 </clothing>
 <clothing>
  <id>
   283837538
  </id>
  <name>
   Vans Handbags T-6859
  </name>
  <category>
   Handbags
  </category>
  <size>
   M
  </size>
  <color>
   Желтый
  </color>
  <material>
   Шерсть
  </material>
  <price>
   480825
  </price>
  <rating>
   2.35
  </rating>
  <reviews>
   424534
  </reviews>
  <exclusive>
   no
  </exclusive>
 </clothing>
</clothing-items>
