<?xml version="1.0" encoding="utf-8"?>
<clothing-items>
 <clothing>
  <id>
   325540625
  </id>
  <name>
   Fila Jeans H-6587
  </name>
  <category>
   Jeans
  </category>
  <size>
   XL
  </size>
  <color>
   Оранжевый
  </color>
  <material>
   Кожа
  </material>
  <price>
   540674
  </price>
  <rating>
   3.7
  </rating>
  <reviews>
   894359
  </reviews>
  <exclusive>
   no
  </exclusive>
  <sporty>
   yes
  </sporty>
 </clothing>
 <clothing>
  <id>
   718101412
  </id>
  <name>
   Nike Skirt I-4096
  </name>
  <category>
   Skirt
  </category>
  <size>
   XL
  </size>
  <color>
   Синий
  </color>
  <material>
   Вискоза
  </material>
  <price>
   651873
  </price>
  <rating>
   1.74
  </rating>
  <reviews>
   209495
  </reviews>
  <new>
   +
  </new>
  <exclusive>
   no
  </exclusive>
  <sporty>
   yes
  </sporty>
 </clothing>
 <clothing>
  <id>
   683902223
  </id>
  <name>
   Reebok Handbags M-2368
  </name>
  <category>
   Handbags
  </category>
  <size>
   L
  </size>
  <color>
   Зеленый
  </color>
  <material>
   Хлопок
  </material>
  <price>
   410130
  </price>
  <rating>
   2.85
  </rating>
  <reviews>
   349939
  </reviews>
  <new>
   +
  </new>
  <exclusive>
   no
  </exclusive>
  <sporty>
   no
  </sporty>
 </clothing>
 <clothing>
  <id>
   299476945
  </id>
  <name>
   New Balance Dress P-8267
  </name>
  <category>
   Dress
  </category>
  <size>
   L
  </size>
  <color>
   Желтый
  </color>
  <material>
   Хлопок
  </material>
  <price>
   202544
  </price>
  <rating>
   4.33
  </rating>
  <reviews>
   615700
  </reviews>
  <new>
   -
  </new>
  <sporty>
   yes
  </sporty>
 </clothing>
 <clothing>
  <id>
   530431600
  </id>
  <name>
   PleinSport T-shirt O-9443
  </name>
  <category>
   T-shirt
  </category>
  <size>
   XXL
  </size>
  <color>
   Зеленый
  </color>
  <material>
   Хлопок
  </material>
  <price>
   765524
  </price>
  <rating>
   2.44
  </rating>
  <reviews>
   908886
  </reviews>
 </clothing>
 <clothing>
  <id>
   657274003
  </id>
  <name>
   Vans Sweater D-6757
  </name>
  <category>
   Sweater
  </category>
  <size>
   M
  </size>
  <color>
   Синий
  </color>
  <material>
   Кожа
  </material>
  <price>
   539778
  </price>
  <rating>
   2.06
  </rating>
  <reviews>
   768260
  </reviews>
  <new>
   -
  </new>
  <sporty>
   yes
  </sporty>
 </clothing>
 <clothing>
  <id>
   882602587
  </id>
  <name>
   Vans Dress F-4253
  </name>
  <category>
   Dress
  </category>
  <size>
   M
  </size>
  <color>
   Красный
  </color>
  <material>
   Полиэстер
  </material>
  <price>
   395220
  </price>
  <rating>
   3.6
  </rating>
  <reviews>
   852155
  </reviews>
  <new>
   -
  </new>
  <sporty>
   yes
  </sporty>
 </clothing>
 <clothing>
  <id>
   504520584
  </id>
  <name>
   Reebok Belts Z-3103
  </name>
  <category>
   Belts
  </category>
  <size>
   S
  </size>
  <color>
   Оранжевый
  </color>
  <material>
   Вискоза
  </material>
  <price>
   817327
  </price>
  <rating>
   2.16
  </rating>
  <reviews>
   558330
  </reviews>
  <new>
   -
  </new>
  <exclusive>
   yes
  </exclusive>
  <sporty>
   yes
  </sporty>
 </clothing>
 <clothing>
  <id>
   939712815
  </id>
  <name>
   DC Shirt S-3275
  </name>
  <category>
   Shirt
  </category>
  <size>
   M
  </size>
  <color>
   Красный
  </color>
  <material>
   Вискоза
  </material>
  <price>
   674749
  </price>
  <rating>
   4.94
  </rating>
  <reviews>
   680215
  </reviews>
  <sporty>
   yes
  </sporty>
 </clothing>
 <clothing>
  <id>
   412135558
  </id>
  <name>
   Brooks Shirt H-1152
  </name>
  <category>
   Shirt
  </category>
  <size>
   XXL
  </size>
  <color>
   Желтый
  </color>
  <material>
   Лен
  </material>
  <price>
   771443
  </price>
  <rating>
   4.67
  </rating>
  <reviews>
   453034
  </reviews>
  <new>
   +
  </new>
  <sporty>
   yes
  </sporty>
 </clothing>
 <clothing>
  <id>
   773967869
  </id>
  <name>
   Addidas Skirt J-3250
  </name>
  <category>
   Skirt
  </category>
  <size>
   L
  </size>
  <color>
   Оранжевый
  </color>
  <material>
   Лен
  </material>
  <price>
   364181
  </price>
  <rating>
   3.46
  </rating>
  <reviews>
   127992
  </reviews>
  <new>
   -
  </new>
  <exclusive>
   yes
  </exclusive>
  <sporty>
   yes
  </sporty>
 </clothing>
 <clothing>
  <id>
   774977106
  </id>
  <name>
   Nike Socks W-2382
  </name>
  <category>
   Socks
  </category>
  <size>
   XL
  </size>
  <color>
   Оранжевый
  </color>
  <material>
   Кожа
  </material>
  <price>
   907567
  </price>
  <rating>
   2.29
  </rating>
  <reviews>
   395153
  </reviews>
  <exclusive>
   yes
  </exclusive>
  <sporty>
   no
  </sporty>
 </clothing>
 <clothing>
  <id>
   526115401
  </id>
  <name>
   Addidas Hat O-6523
  </name>
  <category>
   Hat
  </category>
  <size>
   XL
  </size>
  <color>
   Желтый
  </color>
  <material>
   Лен
  </material>
  <price>
   685621
  </price>
  <rating>
   3.96
  </rating>
  <reviews>
   665287
  </reviews>
  <new>
   -
  </new>
  <exclusive>
   yes
  </exclusive>
  <sporty>
   no
  </sporty>
 </clothing>
 <clothing>
  <id>
   739644485
  </id>
  <name>
   Converse Gloves J-5932
  </name>
  <category>
   Gloves
  </category>
  <size>
   XXL
  </size>
  <color>
   Красный
  </color>
  <material>
   Полиэстер
  </material>
  <price>
   515957
  </price>
  <rating>
   2.5
  </rating>
  <reviews>
   878143
  </reviews>
  <sporty>
   yes
  </sporty>
 </clothing>
 <clothing>
  <id>
   659760866
  </id>
  <name>
   Reebok Shoes R-8184
  </name>
  <category>
   Shoes
  </category>
  <size>
   XXL
  </size>
  <color>
   Красный
  </color>
  <material>
   Шерсть
  </material>
  <price>
   850194
  </price>
  <rating>
   4.1
  </rating>
  <reviews>
   717878
  </reviews>
  <exclusive>
   no
  </exclusive>
 </clothing>
 <clothing>
  <id>
   905737555
  </id>
  <name>
   Asics Sweater K-2986
  </name>
  <category>
   Sweater
  </category>
  <size>
   XXL
  </size>
  <color>
   Фиолетовый
  </color>
  <material>
   Вискоза
  </material>
  <price>
   791275
  </price>
  <rating>
   1.59
  </rating>
  <reviews>
   472212
  </reviews>
  <exclusive>
   no
  </exclusive>
 </clothing>
 <clothing>
  <id>
   418680354
  </id>
  <name>
   Reebok Handbags Y-8244
  </name>
  <category>
   Handbags
  </category>
  <size>
   XL
  </size>
  <color>
   Синий
  </color>
  <material>
   Вискоза
  </material>
  <price>
   912846
  </price>
  <rating>
   2.76
  </rating>
  <reviews>
   49506
  </reviews>
  <new>
   +
  </new>
  <sporty>
   yes
  </sporty>
 </clothing>
 <clothing>
  <id>
   357504444
  </id>
  <name>
   Puma Pants E-6474
  </name>
  <category>
   Pants
  </category>
  <size>
   L
  </size>
  <color>
   Синий
  </color>
  <material>
   Шелк
  </material>
  <price>
   467331
  </price>
  <rating>
   3.55
  </rating>
  <reviews>
   259887
  </reviews>
  <new>
   +
  </new>
  <exclusive>
   yes
  </exclusive>
 </clothing>
 <clothing>
  <id>
   431233509
  </id>
  <name>
   Addidas Shirt P-1210
  </name>
  <category>
   Shirt
  </category>
  <size>
   S
  </size>
  <color>
   Красный
  </color>
  <material>
   Лен
  </material>
  <price>
   176580
  </price>
  <rating>
   3.42
  </rating>
  <reviews>
   975533
  </reviews>
  <exclusive>
   no
  </exclusive>
  <sporty>
   no
  </sporty>
 </clothing>
 <clothing>
  <id>
   455408671
  </id>
  <name>
   Reebok Jeans S-2832
  </name>
  <category>
   Jeans
  </category>
  <size>
   S
  </size>
  <color>
   Синий
  </color>
  <material>
   Шерсть
  </material>
  <price>
   968534
  </price>
  <rating>
   1.13
  </rating>
  <reviews>
   123986
  </reviews>
  <exclusive>
   no
  </exclusive>
  <sporty>
   yes
  </sporty>
 </clothing>
 <clothing>
  <id>
   390636526
  </id>
  <name>
   Fila Sweater N-4881
  </name>
  <category>
   Sweater
  </category>
  <size>
   S
  </size>
  <color>
   Синий
  </color>
  <material>
   Лен
  </material>
  <price>
   726099
  </price>
  <rating>
   2.94
  </rating>
  <reviews>
   474787
  </reviews>
  <new>
   -
  </new>
  <exclusive>
   no
  </exclusive>
  <sporty>
   no
  </sporty>
 </clothing>
 <clothing>
  <id>
   655316476
  </id>
  <name>
   Reebok Shoes T-9584
  </name>
  <category>
   Shoes
  </category>
  <size>
   M
  </size>
  <color>
   Желтый
  </color>
  <material>
   Лен
  </material>
  <price>
   527908
  </price>
  <rating>
   2.94
  </rating>
  <reviews>
   612316
  </reviews>
  <exclusive>
   yes
  </exclusive>
  <sporty>
   no
  </sporty>
 </clothing>
 <clothing>
  <id>
   346743809
  </id>
  <name>
   Brooks Gloves A-8269
  </name>
  <category>
   Gloves
  </category>
  <size>
   L
  </size>
  <color>
   Синий
  </color>
  <material>
   Кожа
  </material>
  <price>
   380564
  </price>
  <rating>
   2.61
  </rating>
  <reviews>
   27738
  </reviews>
  <new>
   -
  </new>
  <sporty>
   no
  </sporty>
 </clothing>
 <clothing>
  <id>
   499213758
  </id>
  <name>
   Nike Gloves I-5226
  </name>
  <category>
   Gloves
  </category>
  <size>
   XXL
  </size>
  <color>
   Красный
  </color>
  <material>
   Хлопок
  </material>
  <price>
   841794
  </price>
  <rating>
   3.58
  </rating>
  <reviews>
   850498
  </reviews>
  <exclusive>
   yes
  </exclusive>
 </clothing>
 <clothing>
  <id>
   136505827
  </id>
  <name>
   Nike Gloves A-4851
  </name>
  <category>
   Gloves
  </category>
  <size>
   XL
  </size>
  <color>
   Фиолетовый
  </color>
  <material>
   Шерсть
  </material>
  <price>
   675664
  </price>
  <rating>
   3.13
  </rating>
  <reviews>
   276254
  </reviews>
  <new>
   -
  </new>
  <sporty>
   no
  </sporty>
 </clothing>
 <clothing>
  <id>
   319169144
  </id>
  <name>
   Adidas Shoes Y-1478
  </name>
  <category>
   Shoes
  </category>
  <size>
   L
  </size>
  <color>
   Зеленый
  </color>
  <material>
   Нейлон
  </material>
  <price>
   259538
  </price>
  <rating>
   3.37
  </rating>
  <reviews>
   710471
  </reviews>
  <exclusive>
   yes
  </exclusive>
  <sporty>
   yes
  </sporty>
 </clothing>
 <clothing>
  <id>
   211786095
  </id>
  <name>
   Asics Skirt X-5127
  </name>
  <category>
   Skirt
  </category>
  <size>
   L
  </size>
  <color>
   Красный
  </color>
  <material>
   Вискоза
  </material>
  <price>
   563372
  </price>
  <rating>
   3.86
  </rating>
  <reviews>
   708680
  </reviews>
  <new>
   +
  </new>
  <exclusive>
   no
  </exclusive>
  <sporty>
   no
  </sporty>
 </clothing>
 <clothing>
  <id>
   996049796
  </id>
  <name>
   Under Armour Sweater K-4606
  </name>
  <category>
   Sweater
  </category>
  <size>
   XXL
  </size>
  <color>
   Желтый
  </color>
  <material>
   Вискоза
  </material>
  <price>
   130079
  </price>
  <rating>
   2.9
  </rating>
  <reviews>
   754310
  </reviews>
  <exclusive>
   no
  </exclusive>
 </clothing>
 <clothing>
  <id>
   237616143
  </id>
  <name>
   Nike Belts T-7028
  </name>
  <category>
   Belts
  </category>
  <size>
   M
  </size>
  <color>
   Фиолетовый
  </color>
  <material>
   Полиэстер
  </material>
  <price>
   930360
  </price>
  <rating>
   3.7
  </rating>
  <reviews>
   936151
  </reviews>
  <new>
   -
  </new>
  <sporty>
   no
  </sporty>
 </clothing>
 <clothing>
  <id>
   174646648
  </id>
  <name>
   Under Armour Handbags T-6297
  </name>
  <category>
   Handbags
  </category>
  <size>
   S
  </size>
  <color>
   Желтый
  </color>
  <material>
   Хлопок
  </material>
  <price>
   353265
  </price>
  <rating>
   3.58
  </rating>
  <reviews>
   698042
  </reviews>
  <exclusive>
   no
  </exclusive>
  <sporty>
   no
  </sporty>
 </clothing>
 <clothing>
  <id>
   977235456
  </id>
  <name>
   Fila Blouse I-1158
  </name>
  <category>
   Blouse
  </category>
  <size>
   M
  </size>
  <color>
   Зеленый
  </color>
  <material>
   Полиэстер
  </material>
  <price>
   706981
  </price>
  <rating>
   3.27
  </rating>
  <reviews>
   862106
  </reviews>
  <new>
   -
  </new>
  <exclusive>
   yes
  </exclusive>
 </clothing>
 <clothing>
  <id>
   662413093
  </id>
  <name>
   Puma Skirt R-9137
  </name>
  <category>
   Skirt
  </category>
  <size>
   S
  </size>
  <color>
   Голубой
  </color>
  <material>
   Хлопок
  </material>
  <price>
   603247
  </price>
  <rating>
   1.21
  </rating>
  <reviews>
   125056
  </reviews>
  <new>
   +
  </new>
  <exclusive>
   yes
  </exclusive>
 </clothing>
 <clothing>
  <id>
   201102255
  </id>
  <name>
   New Balance Jacket J-5723
  </name>
  <category>
   Jacket
  </category>
  <size>
   XL
  </size>
  <color>
   Синий
  </color>
  <material>
   Шерсть
  </material>
  <price>
   710209
  </price>
  <rating>
   1.92
  </rating>
  <reviews>
   602406
  </reviews>
  <exclusive>
   no
  </exclusive>
  <sporty>
   yes
  </sporty>
 </clothing>
 <clothing>
  <id>
   581073026
  </id>
  <name>
   Nike T-shirt Z-5876
  </name>
  <category>
   T-shirt
  </category>
  <size>
   XXL
  </size>
  <color>
   Голубой
  </color>
  <material>
   Вискоза
  </material>
  <price>
   262566
  </price>
  <rating>
   2.97
  </rating>
  <reviews>
   107789
  </reviews>
  <exclusive>
   no
  </exclusive>
 </clothing>
 <clothing>
  <id>
   375498743
  </id>
  <name>
   Addidas Sweater P-2080
  </name>
  <category>
   Sweater
  </category>
  <size>
   XL
  </size>
  <color>
   Оранжевый
  </color>
  <material>
   Вискоза
  </material>
  <price>
   464652
  </price>
  <rating>
   1.32
  </rating>
  <reviews>
   66914
  </reviews>
  <new>
   -
  </new>
  <sporty>
   no
  </sporty>
 </clothing>
 <clothing>
  <id>
   127946376
  </id>
  <name>
   Brooks Jacket X-5705
  </name>
  <category>
   Jacket
  </category>
  <size>
   L
  </size>
  <color>
   Фиолетовый
  </color>
  <material>
   Шелк
  </material>
  <price>
   816760
  </price>
  <rating>
   3.14
  </rating>
  <reviews>
   274858
  </reviews>
  <new>
   +
  </new>
 </clothing>
 <clothing>
  <id>
   264997537
  </id>
  <name>
   Asics Shoes I-2240
  </name>
  <category>
   Shoes
  </category>
  <size>
   L
  </size>
  <color>
   Желтый
  </color>
  <material>
   Нейлон
  </material>
  <price>
   945118
  </price>
  <rating>
   2.49
  </rating>
  <reviews>
   24859
  </reviews>
  <new>
   +
  </new>
  <sporty>
   no
  </sporty>
 </clothing>
 <clothing>
  <id>
   216922974
  </id>
  <name>
   PleinSport Jeans J-1660
  </name>
  <category>
   Jeans
  </category>
  <size>
   L
  </size>
  <color>
   Красный
  </color>
  <material>
   Вискоза
  </material>
  <price>
   469242
  </price>
  <rating>
   3.96
  </rating>
  <reviews>
   744956
  </reviews>
  <new>
   -
  </new>
  <sporty>
   yes
  </sporty>
 </clothing>
 <clothing>
  <id>
   401469646
  </id>
  <name>
   Lacoste Shirt E-6634
  </name>
  <category>
   Shirt
  </category>
  <size>
   XXL
  </size>
  <color>
   Зеленый
  </color>
  <material>
   Полиэстер
  </material>
  <price>
   347146
  </price>
  <rating>
   2.39
  </rating>
  <reviews>
   51056
  </reviews>
  <new>
   -
  </new>
 </clothing>
 <clothing>
  <id>
   838021965
  </id>
  <name>
   Brooks Blouse J-3421
  </name>
  <category>
   Blouse
  </category>
  <size>
   S
  </size>
  <color>
   Зеленый
  </color>
  <material>
   Кожа
  </material>
  <price>
   461688
  </price>
  <rating>
   2.09
  </rating>
  <reviews>
   867936
  </reviews>
  <new>
   +
  </new>
  <exclusive>
   yes
  </exclusive>
  <sporty>
   no
  </sporty>
 </clothing>
 <clothing>
  <id>
   676966438
  </id>
  <name>
   Puma Skirt Q-3835
  </name>
  <category>
   Skirt
  </category>
  <size>
   XL
  </size>
  <color>
   Фиолетовый
  </color>
  <material>
   Шелк
  </material>
  <price>
   113316
  </price>
  <rating>
   1.27
  </rating>
  <reviews>
   754209
  </reviews>
  <new>
   -
  </new>
  <exclusive>
   yes
  </exclusive>
  <sporty>
   yes
  </sporty>
 </clothing>
 <clothing>
  <id>
   270472382
  </id>
  <name>
   Vans Skirt G-6966
  </name>
  <category>
   Skirt
  </category>
  <size>
   S
  </size>
  <color>
   Желтый
  </color>
  <material>
   Полиэстер
  </material>
  <price>
   994579
  </price>
  <rating>
   1.88
  </rating>
  <reviews>
   565825
  </reviews>
  <new>
   -
  </new>
  <sporty>
   no
  </sporty>
 </clothing>
 <clothing>
  <id>
   994011714
  </id>
  <name>
   Addidas Jeans L-6318
  </name>
  <category>
   Jeans
  </category>
  <size>
   L
  </size>
  <color>
   Голубой
  </color>
  <material>
   Кожа
  </material>
  <price>
   853847
  </price>
  <rating>
   4.98
  </rating>
  <reviews>
   493163
  </reviews>
  <new>
   -
  </new>
  <exclusive>
   no
  </exclusive>
 </clothing>
 <clothing>
  <id>
   399489887
  </id>
  <name>
   Ellesse Gloves P-8102
  </name>
  <category>
   Gloves
  </category>
  <size>
   XL
  </size>
  <color>
   Зеленый
  </color>
  <material>
   Полиэстер
  </material>
  <price>
   791523
  </price>
  <rating>
   4.63
  </rating>
  <reviews>
   408447
  </reviews>
  <new>
   +
  </new>
  <exclusive>
   no
  </exclusive>
  <sporty>
   yes
  </sporty>
 </clothing>
 <clothing>
  <id>
   226255382
  </id>
  <name>
   Fila Dress J-9898
  </name>
  <category>
   Dress
  </category>
  <size>
   M
  </size>
  <color>
   Оранжевый
  </color>
  <material>
   Хлопок
  </material>
  <price>
   837264
  </price>
  <rating>
   3.55
  </rating>
  <reviews>
   79708
  </reviews>
  <exclusive>
   no
  </exclusive>
  <sporty>
   yes
  </sporty>
 </clothing>
 <clothing>
  <id>
   416352050
  </id>
  <name>
   Addidas Gloves R-9232
  </name>
  <category>
   Gloves
  </category>
  <size>
   L
  </size>
  <color>
   Голубой
  </color>
  <material>
   Вискоза
  </material>
  <price>
   127728
  </price>
  <rating>
   2.79
  </rating>
  <reviews>
   750871
  </reviews>
  <new>
   +
  </new>
  <exclusive>
   yes
  </exclusive>
 </clothing>
</clothing-items>
