<?xml version="1.0" encoding="utf-8"?>
<clothing-items>
 <clothing>
  <id>
   565952666
  </id>
  <name>
   Brooks Socks C-1013
  </name>
  <category>
   Socks
  </category>
  <size>
   XL
  </size>
  <color>
   Синий
  </color>
  <material>
   Лен
  </material>
  <price>
   957233
  </price>
  <rating>
   3.27
  </rating>
  <reviews>
   88899
  </reviews>
  <new>
   +
  </new>
  <sporty>
   no
  </sporty>
 </clothing>
 <clothing>
  <id>
   935740707
  </id>
  <name>
   New Balance Umbrellas J-3934
  </name>
  <category>
   Umbrellas
  </category>
  <size>
   S
  </size>
  <color>
   Синий
  </color>
  <material>
   Шерсть
  </material>
  <price>
   908161
  </price>
  <rating>
   1.64
  </rating>
  <reviews>
   941320
  </reviews>
  <new>
   +
  </new>
  <exclusive>
   yes
  </exclusive>
 </clothing>
 <clothing>
  <id>
   997182772
  </id>
  <name>
   Vans T-shirt L-8259
  </name>
  <category>
   T-shirt
  </category>
  <size>
   XL
  </size>
  <color>
   Зеленый
  </color>
  <material>
   Кожа
  </material>
  <price>
   726912
  </price>
  <rating>
   1.18
  </rating>
  <reviews>
   629479
  </reviews>
  <new>
   +
  </new>
  <sporty>
   yes
  </sporty>
 </clothing>
 <clothing>
  <id>
   356672031
  </id>
  <name>
   Under Armour Belts Q-6823
  </name>
  <category>
   Belts
  </category>
  <size>
   M
  </size>
  <color>
   Синий
  </color>
  <material>
   Лен
  </material>
  <price>
   976320
  </price>
  <rating>
   3.92
  </rating>
  <reviews>
   282836
  </reviews>
  <new>
   -
  </new>
  <exclusive>
   no
  </exclusive>
 </clothing>
 <clothing>
  <id>
   746338416
  </id>
  <name>
   DC T-shirt V-5416
  </name>
  <category>
   T-shirt
  </category>
  <size>
   S
  </size>
  <color>
   Синий
  </color>
  <material>
   Лен
  </material>
  <price>
   315196
  </price>
  <rating>
   3.19
  </rating>
  <reviews>
   966863
  </reviews>
  <new>
   -
  </new>
  <exclusive>
   yes
  </exclusive>
  <sporty>
   no
  </sporty>
 </clothing>
 <clothing>
  <id>
   683006049
  </id>
  <name>
   DC Umbrellas N-1353
  </name>
  <category>
   Umbrellas
  </category>
  <size>
   M
  </size>
  <color>
   Фиолетовый
  </color>
  <material>
   Кожа
  </material>
  <price>
   243947
  </price>
  <rating>
   3.84
  </rating>
  <reviews>
   763198
  </reviews>
  <new>
   +
  </new>
  <exclusive>
   yes
  </exclusive>
 </clothing>
 <clothing>
  <id>
   694557949
  </id>
  <name>
   Brooks Dress U-6418
  </name>
  <category>
   Dress
  </category>
  <size>
   XL
  </size>
  <color>
   Фиолетовый
  </color>
  <material>
   Вискоза
  </material>
  <price>
   793246
  </price>
  <rating>
   1.95
  </rating>
  <reviews>
   148923
  </reviews>
  <new>
   +
  </new>
  <exclusive>
   no
  </exclusive>
  <sporty>
   no
  </sporty>
 </clothing>
 <clothing>
  <id>
   931117377
  </id>
  <name>
   Lacoste Dress L-8708
  </name>
  <category>
   Dress
  </category>
  <size>
   L
  </size>
  <color>
   Зеленый
  </color>
  <material>
   Нейлон
  </material>
  <price>
   713649
  </price>
  <rating>
   2.15
  </rating>
  <reviews>
   288260
  </reviews>
  <new>
   +
  </new>
  <exclusive>
   no
  </exclusive>
  <sporty>
   no
  </sporty>
 </clothing>
 <clothing>
  <id>
   549320862
  </id>
  <name>
   Asics Gloves G-8828
  </name>
  <category>
   Gloves
  </category>
  <size>
   XL
  </size>
  <color>
   Зеленый
  </color>
  <material>
   Шерсть
  </material>
  <price>
   520590
  </price>
  <rating>
   2.46
  </rating>
  <reviews>
   287959
  </reviews>
  <sporty>
   no
  </sporty>
 </clothing>
 <clothing>
  <id>
   783228654
  </id>
  <name>
   Ellesse Umbrellas R-4730
  </name>
  <category>
   Umbrellas
  </category>
  <size>
   S
  </size>
  <color>
   Фиолетовый
  </color>
  <material>
   Шелк
  </material>
  <price>
   419756
  </price>
  <rating>
   1.7
  </rating>
  <reviews>
   4302
  </reviews>
  <new>
   -
  </new>
  <exclusive>
   no
  </exclusive>
 </clothing>
 <clothing>
  <id>
   304462416
  </id>
  <name>
   Brooks Umbrellas K-4486
  </name>
  <category>
   Umbrellas
  </category>
  <size>
   M
  </size>
  <color>
   Голубой
  </color>
  <material>
   Лен
  </material>
  <price>
   546048
  </price>
  <rating>
   2.4
  </rating>
  <reviews>
   427193
  </reviews>
 </clothing>
 <clothing>
  <id>
   791571600
  </id>
  <name>
   Nike Handbags S-9582
  </name>
  <category>
   Handbags
  </category>
  <size>
   L
  </size>
  <color>
   Голубой
  </color>
  <material>
   Полиэстер
  </material>
  <price>
   512152
  </price>
  <rating>
   3.46
  </rating>
  <reviews>
   388615
  </reviews>
  <new>
   -
  </new>
 </clothing>
 <clothing>
  <id>
   615198621
  </id>
  <name>
   Lacoste Sweater S-1190
  </name>
  <category>
   Sweater
  </category>
  <size>
   XXL
  </size>
  <color>
   Синий
  </color>
  <material>
   Шелк
  </material>
  <price>
   291550
  </price>
  <rating>
   4.15
  </rating>
  <reviews>
   878308
  </reviews>
  <new>
   -
  </new>
  <exclusive>
   yes
  </exclusive>
 </clothing>
 <clothing>
  <id>
   379465050
  </id>
  <name>
   Puma T-shirt P-2598
  </name>
  <category>
   T-shirt
  </category>
  <size>
   XXL
  </size>
  <color>
   Фиолетовый
  </color>
  <material>
   Полиэстер
  </material>
  <price>
   282731
  </price>
  <rating>
   1.82
  </rating>
  <reviews>
   428658
  </reviews>
  <new>
   -
  </new>
 </clothing>
 <clothing>
  <id>
   598274604
  </id>
  <name>
   Converse Pants W-9699
  </name>
  <category>
   Pants
  </category>
  <size>
   S
  </size>
  <color>
   Желтый
  </color>
  <material>
   Полиэстер
  </material>
  <price>
   396688
  </price>
  <rating>
   3.56
  </rating>
  <reviews>
   310162
  </reviews>
  <exclusive>
   yes
  </exclusive>
 </clothing>
 <clothing>
  <id>
   319372532
  </id>
  <name>
   Addidas Skirt B-1133
  </name>
  <category>
   Skirt
  </category>
  <size>
   XL
  </size>
  <color>
   Синий
  </color>
  <material>
   Шерсть
  </material>
  <price>
   599750
  </price>
  <rating>
   3.57
  </rating>
  <reviews>
   9790
  </reviews>
  <new>
   -
  </new>
 </clothing>
 <clothing>
  <id>
   800841974
  </id>
  <name>
   DC Socks J-5142
  </name>
  <category>
   Socks
  </category>
  <size>
   XL
  </size>
  <color>
   Красный
  </color>
  <material>
   Полиэстер
  </material>
  <price>
   260713
  </price>
  <rating>
   3.63
  </rating>
  <reviews>
   53608
  </reviews>
  <new>
   -
  </new>
  <sporty>
   no
  </sporty>
 </clothing>
 <clothing>
  <id>
   785523667
  </id>
  <name>
   DC Jeans V-1855
  </name>
  <category>
   Jeans
  </category>
  <size>
   L
  </size>
  <color>
   Синий
  </color>
  <material>
   Вискоза
  </material>
  <price>
   119347
  </price>
  <rating>
   3.66
  </rating>
  <reviews>
   284275
  </reviews>
 </clothing>
 <clothing>
  <id>
   604875433
  </id>
  <name>
   Addidas Hat Q-3856
  </name>
  <category>
   Hat
  </category>
  <size>
   XXL
  </size>
  <color>
   Зеленый
  </color>
  <material>
   Лен
  </material>
  <price>
   920046
  </price>
  <rating>
   3.63
  </rating>
  <reviews>
   611246
  </reviews>
  <new>
   +
  </new>
  <sporty>
   no
  </sporty>
 </clothing>
 <clothing>
  <id>
   889361026
  </id>
  <name>
   Nike Shirt H-6254
  </name>
  <category>
   Shirt
  </category>
  <size>
   XL
  </size>
  <color>
   Желтый
  </color>
  <material>
   Хлопок
  </material>
  <price>
   919943
  </price>
  <rating>
   4.83
  </rating>
  <reviews>
   125219
  </reviews>
  <new>
   -
  </new>
  <exclusive>
   no
  </exclusive>
  <sporty>
   yes
  </sporty>
 </clothing>
 <clothing>
  <id>
   589792737
  </id>
  <name>
   DC Handbags G-8789
  </name>
  <category>
   Handbags
  </category>
  <size>
   S
  </size>
  <color>
   Красный
  </color>
  <material>
   Кожа
  </material>
  <price>
   886742
  </price>
  <rating>
   4.72
  </rating>
  <reviews>
   386859
  </reviews>
  <exclusive>
   no
  </exclusive>
  <sporty>
   no
  </sporty>
 </clothing>
 <clothing>
  <id>
   478188839
  </id>
  <name>
   Addidas Umbrellas Q-4650
  </name>
  <category>
   Umbrellas
  </category>
  <size>
   XL
  </size>
  <color>
   Фиолетовый
  </color>
  <material>
   Вискоза
  </material>
  <price>
   173010
  </price>
  <rating>
   3.18
  </rating>
  <reviews>
   367573
  </reviews>
  <new>
   -
  </new>
  <exclusive>
   yes
  </exclusive>
  <sporty>
   no
  </sporty>
 </clothing>
 <clothing>
  <id>
   305355318
  </id>
  <name>
   Reebok Jacket G-1918
  </name>
  <category>
   Jacket
  </category>
  <size>
   L
  </size>
  <color>
   Фиолетовый
  </color>
  <material>
   Нейлон
  </material>
  <price>
   615732
  </price>
  <rating>
   3.77
  </rating>
  <reviews>
   469161
  </reviews>
  <exclusive>
   no
  </exclusive>
  <sporty>
   yes
  </sporty>
 </clothing>
 <clothing>
  <id>
   634122250
  </id>
  <name>
   Vans Shoes H-8502
  </name>
  <category>
   Shoes
  </category>
  <size>
   M
  </size>
  <color>
   Фиолетовый
  </color>
  <material>
   Кожа
  </material>
  <price>
   954568
  </price>
  <rating>
   1.54
  </rating>
  <reviews>
   380682
  </reviews>
  <new>
   +
  </new>
  <exclusive>
   yes
  </exclusive>
  <sporty>
   no
  </sporty>
 </clothing>
 <clothing>
  <id>
   628011060
  </id>
  <name>
   PleinSport Handbags A-2852
  </name>
  <category>
   Handbags
  </category>
  <size>
   M
  </size>
  <color>
   Желтый
  </color>
  <material>
   Хлопок
  </material>
  <price>
   269983
  </price>
  <rating>
   3.67
  </rating>
  <reviews>
   858346
  </reviews>
  <new>
   +
  </new>
  <exclusive>
   no
  </exclusive>
  <sporty>
   no
  </sporty>
 </clothing>
 <clothing>
  <id>
   576396794
  </id>
  <name>
   Ellesse Hat E-1080
  </name>
  <category>
   Hat
  </category>
  <size>
   XL
  </size>
  <color>
   Зеленый
  </color>
  <material>
   Кожа
  </material>
  <price>
   576320
  </price>
  <rating>
   3.63
  </rating>
  <reviews>
   622891
  </reviews>
  <new>
   +
  </new>
  <sporty>
   no
  </sporty>
 </clothing>
 <clothing>
  <id>
   472903206
  </id>
  <name>
   Ellesse Sweater C-6638
  </name>
  <category>
   Sweater
  </category>
  <size>
   S
  </size>
  <color>
   Фиолетовый
  </color>
  <material>
   Вискоза
  </material>
  <price>
   261734
  </price>
  <rating>
   4.95
  </rating>
  <reviews>
   295977
  </reviews>
  <exclusive>
   yes
  </exclusive>
  <sporty>
   no
  </sporty>
 </clothing>
 <clothing>
  <id>
   603913608
  </id>
  <name>
   Addidas Shoes K-1391
  </name>
  <category>
   Shoes
  </category>
  <size>
   XXL
  </size>
  <color>
   Оранжевый
  </color>
  <material>
   Вискоза
  </material>
  <price>
   816487
  </price>
  <rating>
   4.34
  </rating>
  <reviews>
   939620
  </reviews>
  <exclusive>
   yes
  </exclusive>
  <sporty>
   no
  </sporty>
 </clothing>
 <clothing>
  <id>
   734863285
  </id>
  <name>
   Puma T-shirt S-2259
  </name>
  <category>
   T-shirt
  </category>
  <size>
   M
  </size>
  <color>
   Красный
  </color>
  <material>
   Кожа
  </material>
  <price>
   272020
  </price>
  <rating>
   1.52
  </rating>
  <reviews>
   243036
  </reviews>
  <new>
   -
  </new>
  <exclusive>
   no
  </exclusive>
  <sporty>
   no
  </sporty>
 </clothing>
 <clothing>
  <id>
   147870044
  </id>
  <name>
   Puma Pants N-4475
  </name>
  <category>
   Pants
  </category>
  <size>
   L
  </size>
  <color>
   Синий
  </color>
  <material>
   Хлопок
  </material>
  <price>
   153870
  </price>
  <rating>
   1.22
  </rating>
  <reviews>
   236885
  </reviews>
  <new>
   -
  </new>
  <exclusive>
   no
  </exclusive>
 </clothing>
 <clothing>
  <id>
   902391837
  </id>
  <name>
   Nike Jeans O-1996
  </name>
  <category>
   Jeans
  </category>
  <size>
   L
  </size>
  <color>
   Голубой
  </color>
  <material>
   Вискоза
  </material>
  <price>
   318408
  </price>
  <rating>
   4.46
  </rating>
  <reviews>
   301832
  </reviews>
  <new>
   -
  </new>
  <exclusive>
   yes
  </exclusive>
 </clothing>
 <clothing>
  <id>
   808421080
  </id>
  <name>
   Lacoste Blouse M-6709
  </name>
  <category>
   Blouse
  </category>
  <size>
   M
  </size>
  <color>
   Оранжевый
  </color>
  <material>
   Шелк
  </material>
  <price>
   570710
  </price>
  <rating>
   1.45
  </rating>
  <reviews>
   557000
  </reviews>
  <exclusive>
   yes
  </exclusive>
 </clothing>
 <clothing>
  <id>
   870848455
  </id>
  <name>
   Ellesse Socks N-5282
  </name>
  <category>
   Socks
  </category>
  <size>
   XXL
  </size>
  <color>
   Голубой
  </color>
  <material>
   Кожа
  </material>
  <price>
   513150
  </price>
  <rating>
   4.68
  </rating>
  <reviews>
   799251
  </reviews>
  <new>
   -
  </new>
  <exclusive>
   no
  </exclusive>
 </clothing>
 <clothing>
  <id>
   998676857
  </id>
  <name>
   Nike Blouse U-4536
  </name>
  <category>
   Blouse
  </category>
  <size>
   L
  </size>
  <color>
   Красный
  </color>
  <material>
   Нейлон
  </material>
  <price>
   574224
  </price>
  <rating>
   1.91
  </rating>
  <reviews>
   295652
  </reviews>
  <new>
   -
  </new>
  <exclusive>
   yes
  </exclusive>
 </clothing>
 <clothing>
  <id>
   531426702
  </id>
  <name>
   Converse Hat D-8111
  </name>
  <category>
   Hat
  </category>
  <size>
   S
  </size>
  <color>
   Голубой
  </color>
  <material>
   Хлопок
  </material>
  <price>
   160037
  </price>
  <rating>
   2.03
  </rating>
  <reviews>
   689484
  </reviews>
  <new>
   -
  </new>
  <sporty>
   yes
  </sporty>
 </clothing>
 <clothing>
  <id>
   563032655
  </id>
  <name>
   Puma Pants E-7967
  </name>
  <category>
   Pants
  </category>
  <size>
   L
  </size>
  <color>
   Оранжевый
  </color>
  <material>
   Шелк
  </material>
  <price>
   594133
  </price>
  <rating>
   3.97
  </rating>
  <reviews>
   662522
  </reviews>
  <exclusive>
   yes
  </exclusive>
  <sporty>
   yes
  </sporty>
 </clothing>
 <clothing>
  <id>
   350383431
  </id>
  <name>
   Puma Hat F-4080
  </name>
  <category>
   Hat
  </category>
  <size>
   S
  </size>
  <color>
   Фиолетовый
  </color>
  <material>
   Кожа
  </material>
  <price>
   573049
  </price>
  <rating>
   3.32
  </rating>
  <reviews>
   2695
  </reviews>
  <new>
   +
  </new>
  <sporty>
   yes
  </sporty>
 </clothing>
 <clothing>
  <id>
   363741155
  </id>
  <name>
   Ellesse Belts R-7971
  </name>
  <category>
   Belts
  </category>
  <size>
   M
  </size>
  <color>
   Желтый
  </color>
  <material>
   Лен
  </material>
  <price>
   429969
  </price>
  <rating>
   2.72
  </rating>
  <reviews>
   797516
  </reviews>
  <exclusive>
   yes
  </exclusive>
 </clothing>
 <clothing>
  <id>
   172176834
  </id>
  <name>
   Under Armour Shoes P-9143
  </name>
  <category>
   Shoes
  </category>
  <size>
   M
  </size>
  <color>
   Оранжевый
  </color>
  <material>
   Хлопок
  </material>
  <price>
   207230
  </price>
  <rating>
   4.35
  </rating>
  <reviews>
   601202
  </reviews>
 </clothing>
 <clothing>
  <id>
   581600566
  </id>
  <name>
   Asics Shoes F-5985
  </name>
  <category>
   Shoes
  </category>
  <size>
   L
  </size>
  <color>
   Красный
  </color>
  <material>
   Вискоза
  </material>
  <price>
   587150
  </price>
  <rating>
   4.79
  </rating>
  <reviews>
   895277
  </reviews>
  <new>
   -
  </new>
  <sporty>
   no
  </sporty>
 </clothing>
 <clothing>
  <id>
   114756862
  </id>
  <name>
   Adidas Dress I-1950
  </name>
  <category>
   Dress
  </category>
  <size>
   M
  </size>
  <color>
   Зеленый
  </color>
  <material>
   Хлопок
  </material>
  <price>
   770007
  </price>
  <rating>
   2.72
  </rating>
  <reviews>
   398176
  </reviews>
 </clothing>
 <clothing>
  <id>
   945506581
  </id>
  <name>
   New Balance Shoes F-8747
  </name>
  <category>
   Shoes
  </category>
  <size>
   M
  </size>
  <color>
   Желтый
  </color>
  <material>
   Нейлон
  </material>
  <price>
   561141
  </price>
  <rating>
   3.06
  </rating>
  <reviews>
   836121
  </reviews>
  <sporty>
   yes
  </sporty>
 </clothing>
 <clothing>
  <id>
   884559890
  </id>
  <name>
   Asics Blouse B-5664
  </name>
  <category>
   Blouse
  </category>
  <size>
   XL
  </size>
  <color>
   Красный
  </color>
  <material>
   Хлопок
  </material>
  <price>
   882153
  </price>
  <rating>
   3.28
  </rating>
  <reviews>
   497978
  </reviews>
  <new>
   -
  </new>
  <exclusive>
   no
  </exclusive>
  <sporty>
   yes
  </sporty>
 </clothing>
 <clothing>
  <id>
   957458257
  </id>
  <name>
   Addidas Pants D-1964
  </name>
  <category>
   Pants
  </category>
  <size>
   XXL
  </size>
  <color>
   Зеленый
  </color>
  <material>
   Шелк
  </material>
  <price>
   288806
  </price>
  <rating>
   1.84
  </rating>
  <reviews>
   940299
  </reviews>
  <new>
   +
  </new>
  <exclusive>
   no
  </exclusive>
  <sporty>
   no
  </sporty>
 </clothing>
 <clothing>
  <id>
   157442984
  </id>
  <name>
   Reebok Skirt O-6391
  </name>
  <category>
   Skirt
  </category>
  <size>
   XXL
  </size>
  <color>
   Оранжевый
  </color>
  <material>
   Шелк
  </material>
  <price>
   703713
  </price>
  <rating>
   3.97
  </rating>
  <reviews>
   420394
  </reviews>
  <exclusive>
   yes
  </exclusive>
  <sporty>
   no
  </sporty>
 </clothing>
 <clothing>
  <id>
   584679048
  </id>
  <name>
   Brooks Handbags A-5782
  </name>
  <category>
   Handbags
  </category>
  <size>
   S
  </size>
  <color>
   Красный
  </color>
  <material>
   Хлопок
  </material>
  <price>
   146378
  </price>
  <rating>
   4.2
  </rating>
  <reviews>
   340056
  </reviews>
  <new>
   +
  </new>
  <exclusive>
   yes
  </exclusive>
  <sporty>
   yes
  </sporty>
 </clothing>
 <clothing>
  <id>
   194990085
  </id>
  <name>
   Puma Shirt W-8846
  </name>
  <category>
   Shirt
  </category>
  <size>
   M
  </size>
  <color>
   Красный
  </color>
  <material>
   Нейлон
  </material>
  <price>
   975806
  </price>
  <rating>
   2.7
  </rating>
  <reviews>
   844528
  </reviews>
 </clothing>
 <clothing>
  <id>
   101780916
  </id>
  <name>
   Under Armour Skirt F-3696
  </name>
  <category>
   Skirt
  </category>
  <size>
   S
  </size>
  <color>
   Оранжевый
  </color>
  <material>
   Вискоза
  </material>
  <price>
   147934
  </price>
  <rating>
   1.22
  </rating>
  <reviews>
   517805
  </reviews>
  <new>
   -
  </new>
 </clothing>
 <clothing>
  <id>
   952949144
  </id>
  <name>
   Adidas Umbrellas S-5058
  </name>
  <category>
   Umbrellas
  </category>
  <size>
   S
  </size>
  <color>
   Фиолетовый
  </color>
  <material>
   Полиэстер
  </material>
  <price>
   368468
  </price>
  <rating>
   1.81
  </rating>
  <reviews>
   226014
  </reviews>
  <new>
   -
  </new>
  <exclusive>
   no
  </exclusive>
  <sporty>
   yes
  </sporty>
 </clothing>
 <clothing>
  <id>
   654356260
  </id>
  <name>
   Reebok Gloves K-3612
  </name>
  <category>
   Gloves
  </category>
  <size>
   S
  </size>
  <color>
   Красный
  </color>
  <material>
   Хлопок
  </material>
  <price>
   716412
  </price>
  <rating>
   1.15
  </rating>
  <reviews>
   76468
  </reviews>
  <exclusive>
   no
  </exclusive>
 </clothing>
</clothing-items>
