<?xml version="1.0" encoding="utf-8"?>
<clothing-items>
 <clothing>
  <id>
   983642849
  </id>
  <name>
   Lacoste Blouse X-2154
  </name>
  <category>
   Blouse
  </category>
  <size>
   L
  </size>
  <color>
   Красный
  </color>
  <material>
   Полиэстер
  </material>
  <price>
   299594
  </price>
  <rating>
   4.94
  </rating>
  <reviews>
   382546
  </reviews>
  <new>
   -
  </new>
  <sporty>
   no
  </sporty>
 </clothing>
 <clothing>
  <id>
   587081302
  </id>
  <name>
   Adidas Handbags S-1853
  </name>
  <category>
   Handbags
  </category>
  <size>
   XXL
  </size>
  <color>
   Голубой
  </color>
  <material>
   Кожа
  </material>
  <price>
   172905
  </price>
  <rating>
   4.53
  </rating>
  <reviews>
   556875
  </reviews>
  <new>
   +
  </new>
 </clothing>
 <clothing>
  <id>
   645023112
  </id>
  <name>
   DC Sweater O-2820
  </name>
  <category>
   Sweater
  </category>
  <size>
   M
  </size>
  <color>
   Зеленый
  </color>
  <material>
   Шерсть
  </material>
  <price>
   315292
  </price>
  <rating>
   4.26
  </rating>
  <reviews>
   851444
  </reviews>
  <exclusive>
   no
  </exclusive>
 </clothing>
 <clothing>
  <id>
   341253537
  </id>
  <name>
   Fila Sweater L-4663
  </name>
  <category>
   Sweater
  </category>
  <size>
   XL
  </size>
  <color>
   Зеленый
  </color>
  <material>
   Шелк
  </material>
  <price>
   916866
  </price>
  <rating>
   3.65
  </rating>
  <reviews>
   637012
  </reviews>
  <new>
   -
  </new>
  <exclusive>
   no
  </exclusive>
 </clothing>
 <clothing>
  <id>
   434637754
  </id>
  <name>
   Fila Umbrellas E-4663
  </name>
  <category>
   Umbrellas
  </category>
  <size>
   XXL
  </size>
  <color>
   Голубой
  </color>
  <material>
   Вискоза
  </material>
  <price>
   594465
  </price>
  <rating>
   3.46
  </rating>
  <reviews>
   385586
  </reviews>
  <new>
   -
  </new>
 </clothing>
 <clothing>
  <id>
   446618457
  </id>
  <name>
   Brooks Blouse L-7070
  </name>
  <category>
   Blouse
  </category>
  <size>
   M
  </size>
  <color>
   Оранжевый
  </color>
  <material>
   Шерсть
  </material>
  <price>
   509682
  </price>
  <rating>
   2.03
  </rating>
  <reviews>
   480700
  </reviews>
  <new>
   +
  </new>
  <exclusive>
   no
  </exclusive>
  <sporty>
   no
  </sporty>
 </clothing>
 <clothing>
  <id>
   200301625
  </id>
  <name>
   Under Armour T-shirt T-4069
  </name>
  <category>
   T-shirt
  </category>
  <size>
   S
  </size>
  <color>
   Желтый
  </color>
  <material>
   Вискоза
  </material>
  <price>
   993885
  </price>
  <rating>
   3.4
  </rating>
  <reviews>
   155140
  </reviews>
  <sporty>
   yes
  </sporty>
 </clothing>
 <clothing>
  <id>
   764686002
  </id>
  <name>
   New Balance Umbrellas D-3896
  </name>
  <category>
   Umbrellas
  </category>
  <size>
   L
  </size>
  <color>
   Зеленый
  </color>
  <material>
   Шерсть
  </material>
  <price>
   579618
  </price>
  <rating>
   1.67
  </rating>
  <reviews>
   62364
  </reviews>
  <exclusive>
   no
  </exclusive>
  <sporty>
   yes
  </sporty>
 </clothing>
 <clothing>
  <id>
   969136439
  </id>
  <name>
   Converse Hat O-3259
  </name>
  <category>
   Hat
  </category>
  <size>
   L
  </size>
  <color>
   Оранжевый
  </color>
  <material>
   Лен
  </material>
  <price>
   957406
  </price>
  <rating>
   4.42
  </rating>
  <reviews>
   563897
  </reviews>
  <new>
   -
  </new>
  <exclusive>
   no
  </exclusive>
 </clothing>
 <clothing>
  <id>
   525520145
  </id>
  <name>
   Reebok Socks J-6278
  </name>
  <category>
   Socks
  </category>
  <size>
   XXL
  </size>
  <color>
   Голубой
  </color>
  <material>
   Шерсть
  </material>
  <price>
   376876
  </price>
  <rating>
   2.74
  </rating>
  <reviews>
   637510
  </reviews>
  <new>
   -
  </new>
 </clothing>
 <clothing>
  <id>
   984354748
  </id>
  <name>
   Puma Dress W-7119
  </name>
  <category>
   Dress
  </category>
  <size>
   M
  </size>
  <color>
   Желтый
  </color>
  <material>
   Шерсть
  </material>
  <price>
   997807
  </price>
  <rating>
   3.81
  </rating>
  <reviews>
   651116
  </reviews>
  <new>
   -
  </new>
  <exclusive>
   yes
  </exclusive>
  <sporty>
   yes
  </sporty>
 </clothing>
 <clothing>
  <id>
   880186235
  </id>
  <name>
   Vans Belts O-5707
  </name>
  <category>
   Belts
  </category>
  <size>
   M
  </size>
  <color>
   Фиолетовый
  </color>
  <material>
   Лен
  </material>
  <price>
   740238
  </price>
  <rating>
   1.55
  </rating>
  <reviews>
   423476
  </reviews>
  <new>
   -
  </new>
  <exclusive>
   no
  </exclusive>
 </clothing>
 <clothing>
  <id>
   308980469
  </id>
  <name>
   Converse Socks W-6535
  </name>
  <category>
   Socks
  </category>
  <size>
   L
  </size>
  <color>
   Фиолетовый
  </color>
  <material>
   Шерсть
  </material>
  <price>
   592552
  </price>
  <rating>
   3.22
  </rating>
  <reviews>
   369536
  </reviews>
  <exclusive>
   yes
  </exclusive>
  <sporty>
   no
  </sporty>
 </clothing>
 <clothing>
  <id>
   915022096
  </id>
  <name>
   Addidas Pants K-4121
  </name>
  <category>
   Pants
  </category>
  <size>
   XL
  </size>
  <color>
   Фиолетовый
  </color>
  <material>
   Лен
  </material>
  <price>
   430479
  </price>
  <rating>
   4.73
  </rating>
  <reviews>
   782179
  </reviews>
  <new>
   -
  </new>
  <sporty>
   yes
  </sporty>
 </clothing>
 <clothing>
  <id>
   953248043
  </id>
  <name>
   Fila Sweater L-8241
  </name>
  <category>
   Sweater
  </category>
  <size>
   L
  </size>
  <color>
   Голубой
  </color>
  <material>
   Вискоза
  </material>
  <price>
   687758
  </price>
  <rating>
   3.27
  </rating>
  <reviews>
   42036
  </reviews>
  <new>
   -
  </new>
  <exclusive>
   no
  </exclusive>
  <sporty>
   no
  </sporty>
 </clothing>
 <clothing>
  <id>
   823774532
  </id>
  <name>
   New Balance Belts O-5547
  </name>
  <category>
   Belts
  </category>
  <size>
   XXL
  </size>
  <color>
   Фиолетовый
  </color>
  <material>
   Шерсть
  </material>
  <price>
   654004
  </price>
  <rating>
   3.03
  </rating>
  <reviews>
   13815
  </reviews>
  <exclusive>
   no
  </exclusive>
  <sporty>
   no
  </sporty>
 </clothing>
 <clothing>
  <id>
   940624771
  </id>
  <name>
   Puma Skirt B-3886
  </name>
  <category>
   Skirt
  </category>
  <size>
   XXL
  </size>
  <color>
   Оранжевый
  </color>
  <material>
   Шерсть
  </material>
  <price>
   455608
  </price>
  <rating>
   1.22
  </rating>
  <reviews>
   613079
  </reviews>
  <new>
   +
  </new>
  <exclusive>
   no
  </exclusive>
  <sporty>
   no
  </sporty>
 </clothing>
 <clothing>
  <id>
   617133824
  </id>
  <name>
   PleinSport Umbrellas J-1393
  </name>
  <category>
   Umbrellas
  </category>
  <size>
   S
  </size>
  <color>
   Оранжевый
  </color>
  <material>
   Хлопок
  </material>
  <price>
   529478
  </price>
  <rating>
   3.45
  </rating>
  <reviews>
   909874
  </reviews>
  <new>
   -
  </new>
  <exclusive>
   no
  </exclusive>
  <sporty>
   no
  </sporty>
 </clothing>
 <clothing>
  <id>
   224049310
  </id>
  <name>
   Lacoste Shoes H-5167
  </name>
  <category>
   Shoes
  </category>
  <size>
   M
  </size>
  <color>
   Желтый
  </color>
  <material>
   Вискоза
  </material>
  <price>
   140205
  </price>
  <rating>
   1.53
  </rating>
  <reviews>
   944280
  </reviews>
  <sporty>
   yes
  </sporty>
 </clothing>
 <clothing>
  <id>
   339627195
  </id>
  <name>
   Reebok Umbrellas F-7563
  </name>
  <category>
   Umbrellas
  </category>
  <size>
   L
  </size>
  <color>
   Оранжевый
  </color>
  <material>
   Кожа
  </material>
  <price>
   811356
  </price>
  <rating>
   1.69
  </rating>
  <reviews>
   821640
  </reviews>
  <new>
   +
  </new>
 </clothing>
 <clothing>
  <id>
   589336061
  </id>
  <name>
   DC Hat Z-9683
  </name>
  <category>
   Hat
  </category>
  <size>
   XXL
  </size>
  <color>
   Желтый
  </color>
  <material>
   Лен
  </material>
  <price>
   781416
  </price>
  <rating>
   3.44
  </rating>
  <reviews>
   566894
  </reviews>
  <new>
   -
  </new>
  <exclusive>
   yes
  </exclusive>
  <sporty>
   yes
  </sporty>
 </clothing>
 <clothing>
  <id>
   898933787
  </id>
  <name>
   Brooks Umbrellas F-2061
  </name>
  <category>
   Umbrellas
  </category>
  <size>
   XL
  </size>
  <color>
   Голубой
  </color>
  <material>
   Вискоза
  </material>
  <price>
   813342
  </price>
  <rating>
   3.93
  </rating>
  <reviews>
   185341
  </reviews>
  <new>
   +
  </new>
  <exclusive>
   no
  </exclusive>
 </clothing>
 <clothing>
  <id>
   827392425
  </id>
  <name>
   Ellesse Sweater S-1072
  </name>
  <category>
   Sweater
  </category>
  <size>
   M
  </size>
  <color>
   Желтый
  </color>
  <material>
   Вискоза
  </material>
  <price>
   246764
  </price>
  <rating>
   2.68
  </rating>
  <reviews>
   47475
  </reviews>
  <new>
   -
  </new>
  <exclusive>
   no
  </exclusive>
 </clothing>
 <clothing>
  <id>
   900318199
  </id>
  <name>
   Converse Skirt A-7690
  </name>
  <category>
   Skirt
  </category>
  <size>
   L
  </size>
  <color>
   Оранжевый
  </color>
  <material>
   Хлопок
  </material>
  <price>
   538836
  </price>
  <rating>
   1.82
  </rating>
  <reviews>
   806167
  </reviews>
  <new>
   -
  </new>
  <exclusive>
   no
  </exclusive>
  <sporty>
   yes
  </sporty>
 </clothing>
 <clothing>
  <id>
   436793854
  </id>
  <name>
   PleinSport Jacket Z-5297
  </name>
  <category>
   Jacket
  </category>
  <size>
   M
  </size>
  <color>
   Фиолетовый
  </color>
  <material>
   Нейлон
  </material>
  <price>
   770952
  </price>
  <rating>
   2.65
  </rating>
  <reviews>
   689624
  </reviews>
  <exclusive>
   yes
  </exclusive>
  <sporty>
   yes
  </sporty>
 </clothing>
 <clothing>
  <id>
   962415514
  </id>
  <name>
   Vans Umbrellas G-7819
  </name>
  <category>
   Umbrellas
  </category>
  <size>
   M
  </size>
  <color>
   Фиолетовый
  </color>
  <material>
   Шелк
  </material>
  <price>
   588227
  </price>
  <rating>
   2.6
  </rating>
  <reviews>
   720562
  </reviews>
  <new>
   -
  </new>
 </clothing>
 <clothing>
  <id>
   195312421
  </id>
  <name>
   Under Armour Hat L-6092
  </name>
  <category>
   Hat
  </category>
  <size>
   XL
  </size>
  <color>
   Зеленый
  </color>
  <material>
   Полиэстер
  </material>
  <price>
   620337
  </price>
  <rating>
   3.63
  </rating>
  <reviews>
   617096
  </reviews>
  <new>
   -
  </new>
  <exclusive>
   no
  </exclusive>
 </clothing>
 <clothing>
  <id>
   827071991
  </id>
  <name>
   PleinSport Blouse L-9884
  </name>
  <category>
   Blouse
  </category>
  <size>
   XXL
  </size>
  <color>
   Оранжевый
  </color>
  <material>
   Нейлон
  </material>
  <price>
   960842
  </price>
  <rating>
   3.83
  </rating>
  <reviews>
   957280
  </reviews>
 </clothing>
 <clothing>
  <id>
   822536287
  </id>
  <name>
   Brooks Handbags U-3505
  </name>
  <category>
   Handbags
  </category>
  <size>
   M
  </size>
  <color>
   Оранжевый
  </color>
  <material>
   Хлопок
  </material>
  <price>
   846687
  </price>
  <rating>
   3.12
  </rating>
  <reviews>
   876662
  </reviews>
  <new>
   +
  </new>
  <sporty>
   yes
  </sporty>
 </clothing>
 <clothing>
  <id>
   967919584
  </id>
  <name>
   Converse Jeans K-8125
  </name>
  <category>
   Jeans
  </category>
  <size>
   S
  </size>
  <color>
   Оранжевый
  </color>
  <material>
   Шерсть
  </material>
  <price>
   483197
  </price>
  <rating>
   3.13
  </rating>
  <reviews>
   510522
  </reviews>
  <new>
   +
  </new>
 </clothing>
 <clothing>
  <id>
   924041833
  </id>
  <name>
   Brooks Shoes T-4780
  </name>
  <category>
   Shoes
  </category>
  <size>
   M
  </size>
  <color>
   Зеленый
  </color>
  <material>
   Нейлон
  </material>
  <price>
   593927
  </price>
  <rating>
   2.36
  </rating>
  <reviews>
   71769
  </reviews>
  <exclusive>
   no
  </exclusive>
  <sporty>
   no
  </sporty>
 </clothing>
 <clothing>
  <id>
   143630020
  </id>
  <name>
   Nike T-shirt E-8838
  </name>
  <category>
   T-shirt
  </category>
  <size>
   XL
  </size>
  <color>
   Фиолетовый
  </color>
  <material>
   Нейлон
  </material>
  <price>
   498963
  </price>
  <rating>
   2.15
  </rating>
  <reviews>
   943141
  </reviews>
 </clothing>
 <clothing>
  <id>
   633824314
  </id>
  <name>
   Asics Handbags P-9948
  </name>
  <category>
   Handbags
  </category>
  <size>
   M
  </size>
  <color>
   Красный
  </color>
  <material>
   Нейлон
  </material>
  <price>
   720012
  </price>
  <rating>
   2.74
  </rating>
  <reviews>
   716147
  </reviews>
  <sporty>
   no
  </sporty>
 </clothing>
 <clothing>
  <id>
   338792939
  </id>
  <name>
   Fila Hat F-7794
  </name>
  <category>
   Hat
  </category>
  <size>
   S
  </size>
  <color>
   Зеленый
  </color>
  <material>
   Шерсть
  </material>
  <price>
   944088
  </price>
  <rating>
   1.25
  </rating>
  <reviews>
   977131
  </reviews>
  <new>
   -
  </new>
 </clothing>
 <clothing>
  <id>
   359885782
  </id>
  <name>
   Nike Dress B-2265
  </name>
  <category>
   Dress
  </category>
  <size>
   M
  </size>
  <color>
   Голубой
  </color>
  <material>
   Вискоза
  </material>
  <price>
   189550
  </price>
  <rating>
   3.73
  </rating>
  <reviews>
   921586
  </reviews>
  <new>
   +
  </new>
  <sporty>
   no
  </sporty>
 </clothing>
 <clothing>
  <id>
   656862574
  </id>
  <name>
   Converse Sweater D-3412
  </name>
  <category>
   Sweater
  </category>
  <size>
   L
  </size>
  <color>
   Фиолетовый
  </color>
  <material>
   Шерсть
  </material>
  <price>
   547767
  </price>
  <rating>
   1.82
  </rating>
  <reviews>
   662219
  </reviews>
  <exclusive>
   yes
  </exclusive>
  <sporty>
   yes
  </sporty>
 </clothing>
 <clothing>
  <id>
   951709034
  </id>
  <name>
   Asics Pants D-1429
  </name>
  <category>
   Pants
  </category>
  <size>
   XL
  </size>
  <color>
   Синий
  </color>
  <material>
   Полиэстер
  </material>
  <price>
   272029
  </price>
  <rating>
   1.69
  </rating>
  <reviews>
   487222
  </reviews>
  <new>
   -
  </new>
  <sporty>
   yes
  </sporty>
 </clothing>
 <clothing>
  <id>
   724219745
  </id>
  <name>
   Vans Blouse J-4641
  </name>
  <category>
   Blouse
  </category>
  <size>
   XL
  </size>
  <color>
   Желтый
  </color>
  <material>
   Вискоза
  </material>
  <price>
   134417
  </price>
  <rating>
   2.48
  </rating>
  <reviews>
   724791
  </reviews>
  <new>
   +
  </new>
  <exclusive>
   no
  </exclusive>
  <sporty>
   yes
  </sporty>
 </clothing>
 <clothing>
  <id>
   112922607
  </id>
  <name>
   Addidas Pants T-5957
  </name>
  <category>
   Pants
  </category>
  <size>
   M
  </size>
  <color>
   Желтый
  </color>
  <material>
   Хлопок
  </material>
  <price>
   856417
  </price>
  <rating>
   2.17
  </rating>
  <reviews>
   156752
  </reviews>
  <new>
   -
  </new>
  <sporty>
   yes
  </sporty>
 </clothing>
 <clothing>
  <id>
   692558667
  </id>
  <name>
   Reebok Jacket L-6664
  </name>
  <category>
   Jacket
  </category>
  <size>
   XXL
  </size>
  <color>
   Голубой
  </color>
  <material>
   Нейлон
  </material>
  <price>
   661087
  </price>
  <rating>
   1.86
  </rating>
  <reviews>
   26031
  </reviews>
  <new>
   -
  </new>
 </clothing>
 <clothing>
  <id>
   817042175
  </id>
  <name>
   DC Shoes Q-4338
  </name>
  <category>
   Shoes
  </category>
  <size>
   M
  </size>
  <color>
   Фиолетовый
  </color>
  <material>
   Шерсть
  </material>
  <price>
   190199
  </price>
  <rating>
   3.64
  </rating>
  <reviews>
   920553
  </reviews>
  <new>
   +
  </new>
  <sporty>
   no
  </sporty>
 </clothing>
 <clothing>
  <id>
   655963555
  </id>
  <name>
   Lacoste Dress C-9967
  </name>
  <category>
   Dress
  </category>
  <size>
   M
  </size>
  <color>
   Красный
  </color>
  <material>
   Хлопок
  </material>
  <price>
   686681
  </price>
  <rating>
   3.31
  </rating>
  <reviews>
   955270
  </reviews>
  <new>
   -
  </new>
  <exclusive>
   yes
  </exclusive>
 </clothing>
 <clothing>
  <id>
   408642808
  </id>
  <name>
   Asics Hat K-6157
  </name>
  <category>
   Hat
  </category>
  <size>
   XL
  </size>
  <color>
   Зеленый
  </color>
  <material>
   Лен
  </material>
  <price>
   210907
  </price>
  <rating>
   2.52
  </rating>
  <reviews>
   75573
  </reviews>
  <new>
   -
  </new>
  <sporty>
   no
  </sporty>
 </clothing>
 <clothing>
  <id>
   931587376
  </id>
  <name>
   Asics T-shirt U-6080
  </name>
  <category>
   T-shirt
  </category>
  <size>
   L
  </size>
  <color>
   Синий
  </color>
  <material>
   Шерсть
  </material>
  <price>
   422171
  </price>
  <rating>
   2.93
  </rating>
  <reviews>
   607504
  </reviews>
  <exclusive>
   no
  </exclusive>
 </clothing>
 <clothing>
  <id>
   232271321
  </id>
  <name>
   PleinSport Socks J-4817
  </name>
  <category>
   Socks
  </category>
  <size>
   M
  </size>
  <color>
   Зеленый
  </color>
  <material>
   Хлопок
  </material>
  <price>
   369176
  </price>
  <rating>
   3.67
  </rating>
  <reviews>
   487284
  </reviews>
  <new>
   -
  </new>
  <exclusive>
   no
  </exclusive>
 </clothing>
 <clothing>
  <id>
   565322309
  </id>
  <name>
   PleinSport Gloves L-2628
  </name>
  <category>
   Gloves
  </category>
  <size>
   XXL
  </size>
  <color>
   Оранжевый
  </color>
  <material>
   Шелк
  </material>
  <price>
   530649
  </price>
  <rating>
   1.66
  </rating>
  <reviews>
   318882
  </reviews>
  <new>
   -
  </new>
  <exclusive>
   no
  </exclusive>
 </clothing>
 <clothing>
  <id>
   868172215
  </id>
  <name>
   Lacoste Jacket F-4864
  </name>
  <category>
   Jacket
  </category>
  <size>
   S
  </size>
  <color>
   Фиолетовый
  </color>
  <material>
   Кожа
  </material>
  <price>
   147156
  </price>
  <rating>
   3.22
  </rating>
  <reviews>
   774487
  </reviews>
  <new>
   -
  </new>
 </clothing>
</clothing-items>
