<?xml version="1.0" encoding="utf-8"?>
<clothing-items>
 <clothing>
  <id>
   986880787
  </id>
  <name>
   Addidas Gloves I-8434
  </name>
  <category>
   Gloves
  </category>
  <size>
   XXL
  </size>
  <color>
   Оранжевый
  </color>
  <material>
   Полиэстер
  </material>
  <price>
   180026
  </price>
  <rating>
   3.86
  </rating>
  <reviews>
   36676
  </reviews>
  <new>
   -
  </new>
  <sporty>
   no
  </sporty>
 </clothing>
 <clothing>
  <id>
   820754912
  </id>
  <name>
   Under Armour Gloves V-5892
  </name>
  <category>
   Gloves
  </category>
  <size>
   XXL
  </size>
  <color>
   Синий
  </color>
  <material>
   Хлопок
  </material>
  <price>
   606146
  </price>
  <rating>
   3.01
  </rating>
  <reviews>
   302072
  </reviews>
  <new>
   +
  </new>
  <exclusive>
   no
  </exclusive>
  <sporty>
   no
  </sporty>
 </clothing>
 <clothing>
  <id>
   825546782
  </id>
  <name>
   PleinSport Blouse P-2194
  </name>
  <category>
   Blouse
  </category>
  <size>
   XXL
  </size>
  <color>
   Красный
  </color>
  <material>
   Хлопок
  </material>
  <price>
   729691
  </price>
  <rating>
   1.04
  </rating>
  <reviews>
   99969
  </reviews>
  <sporty>
   yes
  </sporty>
 </clothing>
 <clothing>
  <id>
   335625843
  </id>
  <name>
   Fila Skirt R-3210
  </name>
  <category>
   Skirt
  </category>
  <size>
   XXL
  </size>
  <color>
   Зеленый
  </color>
  <material>
   Кожа
  </material>
  <price>
   528105
  </price>
  <rating>
   4.44
  </rating>
  <reviews>
   476735
  </reviews>
  <exclusive>
   yes
  </exclusive>
  <sporty>
   yes
  </sporty>
 </clothing>
 <clothing>
  <id>
   135214697
  </id>
  <name>
   Converse Belts A-3886
  </name>
  <category>
   Belts
  </category>
  <size>
   S
  </size>
  <color>
   Зеленый
  </color>
  <material>
   Кожа
  </material>
  <price>
   890412
  </price>
  <rating>
   1.35
  </rating>
  <reviews>
   485351
  </reviews>
  <new>
   -
  </new>
  <sporty>
   yes
  </sporty>
 </clothing>
 <clothing>
  <id>
   957770329
  </id>
  <name>
   DC Shirt X-8563
  </name>
  <category>
   Shirt
  </category>
  <size>
   S
  </size>
  <color>
   Синий
  </color>
  <material>
   Вискоза
  </material>
  <price>
   153167
  </price>
  <rating>
   4.98
  </rating>
  <reviews>
   461444
  </reviews>
  <exclusive>
   no
  </exclusive>
  <sporty>
   no
  </sporty>
 </clothing>
 <clothing>
  <id>
   231289427
  </id>
  <name>
   Ellesse Belts N-1982
  </name>
  <category>
   Belts
  </category>
  <size>
   S
  </size>
  <color>
   Красный
  </color>
  <material>
   Лен
  </material>
  <price>
   787140
  </price>
  <rating>
   3.8
  </rating>
  <reviews>
   532328
  </reviews>
  <sporty>
   yes
  </sporty>
 </clothing>
 <clothing>
  <id>
   568259473
  </id>
  <name>
   Nike Shirt U-8988
  </name>
  <category>
   Shirt
  </category>
  <size>
   M
  </size>
  <color>
   Оранжевый
  </color>
  <material>
   Полиэстер
  </material>
  <price>
   883189
  </price>
  <rating>
   2.84
  </rating>
  <reviews>
   859054
  </reviews>
  <new>
   +
  </new>
  <exclusive>
   yes
  </exclusive>
  <sporty>
   yes
  </sporty>
 </clothing>
 <clothing>
  <id>
   297536046
  </id>
  <name>
   Brooks Jeans I-9313
  </name>
  <category>
   Jeans
  </category>
  <size>
   L
  </size>
  <color>
   Зеленый
  </color>
  <material>
   Нейлон
  </material>
  <price>
   757828
  </price>
  <rating>
   1.55
  </rating>
  <reviews>
   764740
  </reviews>
  <sporty>
   yes
  </sporty>
 </clothing>
 <clothing>
  <id>
   963733684
  </id>
  <name>
   Nike Shirt A-5894
  </name>
  <category>
   Shirt
  </category>
  <size>
   XXL
  </size>
  <color>
   Зеленый
  </color>
  <material>
   Полиэстер
  </material>
  <price>
   231561
  </price>
  <rating>
   1.11
  </rating>
  <reviews>
   120091
  </reviews>
  <new>
   -
  </new>
  <exclusive>
   no
  </exclusive>
 </clothing>
 <clothing>
  <id>
   836614967
  </id>
  <name>
   New Balance Handbags Y-8124
  </name>
  <category>
   Handbags
  </category>
  <size>
   S
  </size>
  <color>
   Фиолетовый
  </color>
  <material>
   Кожа
  </material>
  <price>
   709868
  </price>
  <rating>
   2.81
  </rating>
  <reviews>
   902138
  </reviews>
  <new>
   -
  </new>
  <exclusive>
   no
  </exclusive>
 </clothing>
 <clothing>
  <id>
   736789825
  </id>
  <name>
   DC Shirt N-5372
  </name>
  <category>
   Shirt
  </category>
  <size>
   M
  </size>
  <color>
   Оранжевый
  </color>
  <material>
   Лен
  </material>
  <price>
   770766
  </price>
  <rating>
   2.37
  </rating>
  <reviews>
   822848
  </reviews>
  <new>
   +
  </new>
  <sporty>
   no
  </sporty>
 </clothing>
 <clothing>
  <id>
   573403774
  </id>
  <name>
   Brooks Jacket P-2184
  </name>
  <category>
   Jacket
  </category>
  <size>
   M
  </size>
  <color>
   Синий
  </color>
  <material>
   Шерсть
  </material>
  <price>
   303379
  </price>
  <rating>
   2.45
  </rating>
  <reviews>
   727442
  </reviews>
  <sporty>
   no
  </sporty>
 </clothing>
 <clothing>
  <id>
   117113157
  </id>
  <name>
   Brooks Handbags Q-2181
  </name>
  <category>
   Handbags
  </category>
  <size>
   XXL
  </size>
  <color>
   Синий
  </color>
  <material>
   Нейлон
  </material>
  <price>
   275302
  </price>
  <rating>
   4.52
  </rating>
  <reviews>
   326006
  </reviews>
  <exclusive>
   no
  </exclusive>
  <sporty>
   no
  </sporty>
 </clothing>
 <clothing>
  <id>
   128692010
  </id>
  <name>
   Fila Blouse S-7629
  </name>
  <category>
   Blouse
  </category>
  <size>
   XL
  </size>
  <color>
   Желтый
  </color>
  <material>
   Кожа
  </material>
  <price>
   431379
  </price>
  <rating>
   3.07
  </rating>
  <reviews>
   554888
  </reviews>
  <new>
   +
  </new>
  <exclusive>
   yes
  </exclusive>
  <sporty>
   yes
  </sporty>
 </clothing>
 <clothing>
  <id>
   590593458
  </id>
  <name>
   Addidas Shoes G-1687
  </name>
  <category>
   Shoes
  </category>
  <size>
   XXL
  </size>
  <color>
   Голубой
  </color>
  <material>
   Кожа
  </material>
  <price>
   944415
  </price>
  <rating>
   2.11
  </rating>
  <reviews>
   692420
  </reviews>
  <sporty>
   no
  </sporty>
 </clothing>
 <clothing>
  <id>
   309652115
  </id>
  <name>
   Nike Shirt U-4070
  </name>
  <category>
   Shirt
  </category>
  <size>
   L
  </size>
  <color>
   Синий
  </color>
  <material>
   Шерсть
  </material>
  <price>
   516090
  </price>
  <rating>
   1.37
  </rating>
  <reviews>
   834538
  </reviews>
  <exclusive>
   yes
  </exclusive>
 </clothing>
 <clothing>
  <id>
   842433564
  </id>
  <name>
   DC Jacket G-7693
  </name>
  <category>
   Jacket
  </category>
  <size>
   XL
  </size>
  <color>
   Голубой
  </color>
  <material>
   Шелк
  </material>
  <price>
   605083
  </price>
  <rating>
   4.57
  </rating>
  <reviews>
   720853
  </reviews>
  <exclusive>
   no
  </exclusive>
 </clothing>
</clothing-items>
