<?xml version="1.0" encoding="utf-8"?>
<clothing-items>
 <clothing>
  <id>
   768802934
  </id>
  <name>
   PleinSport Shoes E-2632
  </name>
  <category>
   Shoes
  </category>
  <size>
   XXL
  </size>
  <color>
   Синий
  </color>
  <material>
   Нейлон
  </material>
  <price>
   432711
  </price>
  <rating>
   2.82
  </rating>
  <reviews>
   935767
  </reviews>
  <new>
   +
  </new>
  <sporty>
   no
  </sporty>
 </clothing>
 <clothing>
  <id>
   422865968
  </id>
  <name>
   Reebok Hat F-3096
  </name>
  <category>
   Hat
  </category>
  <size>
   XXL
  </size>
  <color>
   Оранжевый
  </color>
  <material>
   Нейлон
  </material>
  <price>
   116960
  </price>
  <rating>
   4.86
  </rating>
  <reviews>
   434927
  </reviews>
  <new>
   -
  </new>
  <exclusive>
   no
  </exclusive>
 </clothing>
 <clothing>
  <id>
   531293236
  </id>
  <name>
   DC Handbags X-6555
  </name>
  <category>
   Handbags
  </category>
  <size>
   L
  </size>
  <color>
   Зеленый
  </color>
  <material>
   Вискоза
  </material>
  <price>
   136589
  </price>
  <rating>
   3.54
  </rating>
  <reviews>
   830884
  </reviews>
  <new>
   -
  </new>
  <exclusive>
   yes
  </exclusive>
 </clothing>
 <clothing>
  <id>
   707082991
  </id>
  <name>
   Converse Dress D-4833
  </name>
  <category>
   Dress
  </category>
  <size>
   M
  </size>
  <color>
   Фиолетовый
  </color>
  <material>
   Нейлон
  </material>
  <price>
   196422
  </price>
  <rating>
   3.45
  </rating>
  <reviews>
   574376
  </reviews>
  <new>
   +
  </new>
  <exclusive>
   no
  </exclusive>
  <sporty>
   no
  </sporty>
 </clothing>
 <clothing>
  <id>
   140644189
  </id>
  <name>
   Fila Pants E-7274
  </name>
  <category>
   Pants
  </category>
  <size>
   XXL
  </size>
  <color>
   Фиолетовый
  </color>
  <material>
   Полиэстер
  </material>
  <price>
   132748
  </price>
  <rating>
   1.76
  </rating>
  <reviews>
   284275
  </reviews>
  <exclusive>
   no
  </exclusive>
  <sporty>
   yes
  </sporty>
 </clothing>
 <clothing>
  <id>
   286365147
  </id>
  <name>
   Under Armour Dress W-9025
  </name>
  <category>
   Dress
  </category>
  <size>
   L
  </size>
  <color>
   Зеленый
  </color>
  <material>
   Шелк
  </material>
  <price>
   867744
  </price>
  <rating>
   3.09
  </rating>
  <reviews>
   196939
  </reviews>
  <exclusive>
   no
  </exclusive>
 </clothing>
 <clothing>
  <id>
   109994972
  </id>
  <name>
   Addidas Gloves E-7109
  </name>
  <category>
   Gloves
  </category>
  <size>
   M
  </size>
  <color>
   Желтый
  </color>
  <material>
   Полиэстер
  </material>
  <price>
   619616
  </price>
  <rating>
   2.5
  </rating>
  <reviews>
   310753
  </reviews>
  <exclusive>
   yes
  </exclusive>
  <sporty>
   no
  </sporty>
 </clothing>
 <clothing>
  <id>
   316507127
  </id>
  <name>
   Nike Umbrellas K-5863
  </name>
  <category>
   Umbrellas
  </category>
  <size>
   S
  </size>
  <color>
   Красный
  </color>
  <material>
   Полиэстер
  </material>
  <price>
   908508
  </price>
  <rating>
   1.6
  </rating>
  <reviews>
   783998
  </reviews>
  <new>
   -
  </new>
  <exclusive>
   yes
  </exclusive>
  <sporty>
   yes
  </sporty>
 </clothing>
 <clothing>
  <id>
   315893140
  </id>
  <name>
   DC Belts U-6645
  </name>
  <category>
   Belts
  </category>
  <size>
   M
  </size>
  <color>
   Фиолетовый
  </color>
  <material>
   Кожа
  </material>
  <price>
   984517
  </price>
  <rating>
   1.82
  </rating>
  <reviews>
   453949
  </reviews>
  <new>
   -
  </new>
  <sporty>
   yes
  </sporty>
 </clothing>
 <clothing>
  <id>
   706242908
  </id>
  <name>
   Fila Blouse Z-2909
  </name>
  <category>
   Blouse
  </category>
  <size>
   XL
  </size>
  <color>
   Голубой
  </color>
  <material>
   Нейлон
  </material>
  <price>
   246395
  </price>
  <rating>
   1.96
  </rating>
  <reviews>
   695995
  </reviews>
  <exclusive>
   yes
  </exclusive>
 </clothing>
 <clothing>
  <id>
   306939208
  </id>
  <name>
   Asics T-shirt W-8061
  </name>
  <category>
   T-shirt
  </category>
  <size>
   XL
  </size>
  <color>
   Оранжевый
  </color>
  <material>
   Полиэстер
  </material>
  <price>
   436451
  </price>
  <rating>
   2.26
  </rating>
  <reviews>
   599145
  </reviews>
  <new>
   -
  </new>
  <exclusive>
   no
  </exclusive>
 </clothing>
 <clothing>
  <id>
   334144247
  </id>
  <name>
   Lacoste Shirt W-3056
  </name>
  <category>
   Shirt
  </category>
  <size>
   XL
  </size>
  <color>
   Красный
  </color>
  <material>
   Вискоза
  </material>
  <price>
   336518
  </price>
  <rating>
   2.17
  </rating>
  <reviews>
   261324
  </reviews>
  <exclusive>
   no
  </exclusive>
 </clothing>
 <clothing>
  <id>
   779870009
  </id>
  <name>
   DC Skirt N-5389
  </name>
  <category>
   Skirt
  </category>
  <size>
   S
  </size>
  <color>
   Желтый
  </color>
  <material>
   Хлопок
  </material>
  <price>
   407515
  </price>
  <rating>
   3.35
  </rating>
  <reviews>
   443230
  </reviews>
  <exclusive>
   no
  </exclusive>
 </clothing>
 <clothing>
  <id>
   669007880
  </id>
  <name>
   Vans Socks G-3672
  </name>
  <category>
   Socks
  </category>
  <size>
   M
  </size>
  <color>
   Голубой
  </color>
  <material>
   Нейлон
  </material>
  <price>
   486219
  </price>
  <rating>
   4.19
  </rating>
  <reviews>
   112054
  </reviews>
  <exclusive>
   no
  </exclusive>
 </clothing>
</clothing-items>
