<?xml version="1.0" encoding="utf-8"?>
<clothing-items>
 <clothing>
  <id>
   194948661
  </id>
  <name>
   Asics Jacket A-6389
  </name>
  <category>
   Jacket
  </category>
  <size>
   M
  </size>
  <color>
   Желтый
  </color>
  <material>
   Лен
  </material>
  <price>
   727566
  </price>
  <rating>
   4.77
  </rating>
  <reviews>
   646130
  </reviews>
  <new>
   -
  </new>
  <sporty>
   yes
  </sporty>
 </clothing>
 <clothing>
  <id>
   940288864
  </id>
  <name>
   Reebok Umbrellas L-2059
  </name>
  <category>
   Umbrellas
  </category>
  <size>
   L
  </size>
  <color>
   Красный
  </color>
  <material>
   Нейлон
  </material>
  <price>
   553502
  </price>
  <rating>
   3.6
  </rating>
  <reviews>
   709327
  </reviews>
  <sporty>
   yes
  </sporty>
 </clothing>
 <clothing>
  <id>
   136623782
  </id>
  <name>
   Reebok Jeans S-1626
  </name>
  <category>
   Jeans
  </category>
  <size>
   XL
  </size>
  <color>
   Фиолетовый
  </color>
  <material>
   Хлопок
  </material>
  <price>
   486180
  </price>
  <rating>
   2.48
  </rating>
  <reviews>
   277264
  </reviews>
  <new>
   +
  </new>
  <exclusive>
   no
  </exclusive>
 </clothing>
 <clothing>
  <id>
   715889057
  </id>
  <name>
   Adidas Blouse O-7480
  </name>
  <category>
   Blouse
  </category>
  <size>
   XL
  </size>
  <color>
   Голубой
  </color>
  <material>
   Вискоза
  </material>
  <price>
   792473
  </price>
  <rating>
   2.25
  </rating>
  <reviews>
   123118
  </reviews>
  <new>
   +
  </new>
  <sporty>
   no
  </sporty>
 </clothing>
 <clothing>
  <id>
   517325776
  </id>
  <name>
   PleinSport T-shirt D-2270
  </name>
  <category>
   T-shirt
  </category>
  <size>
   XL
  </size>
  <color>
   Красный
  </color>
  <material>
   Шелк
  </material>
  <price>
   435475
  </price>
  <rating>
   4.36
  </rating>
  <reviews>
   952363
  </reviews>
  <new>
   -
  </new>
 </clothing>
 <clothing>
  <id>
   689920401
  </id>
  <name>
   PleinSport Socks V-2791
  </name>
  <category>
   Socks
  </category>
  <size>
   S
  </size>
  <color>
   Красный
  </color>
  <material>
   Шелк
  </material>
  <price>
   366754
  </price>
  <rating>
   3.22
  </rating>
  <reviews>
   962594
  </reviews>
  <exclusive>
   yes
  </exclusive>
 </clothing>
 <clothing>
  <id>
   781897748
  </id>
  <name>
   Reebok Pants K-1517
  </name>
  <category>
   Pants
  </category>
  <size>
   S
  </size>
  <color>
   Желтый
  </color>
  <material>
   Полиэстер
  </material>
  <price>
   370618
  </price>
  <rating>
   1.31
  </rating>
  <reviews>
   449724
  </reviews>
  <new>
   -
  </new>
  <exclusive>
   no
  </exclusive>
 </clothing>
 <clothing>
  <id>
   907407115
  </id>
  <name>
   Fila Shoes T-6300
  </name>
  <category>
   Shoes
  </category>
  <size>
   L
  </size>
  <color>
   Зеленый
  </color>
  <material>
   Шелк
  </material>
  <price>
   966619
  </price>
  <rating>
   4.21
  </rating>
  <reviews>
   640954
  </reviews>
  <new>
   -
  </new>
 </clothing>
 <clothing>
  <id>
   508465102
  </id>
  <name>
   Addidas T-shirt R-6694
  </name>
  <category>
   T-shirt
  </category>
  <size>
   XL
  </size>
  <color>
   Красный
  </color>
  <material>
   Шелк
  </material>
  <price>
   480519
  </price>
  <rating>
   3.31
  </rating>
  <reviews>
   524935
  </reviews>
  <new>
   -
  </new>
  <exclusive>
   no
  </exclusive>
  <sporty>
   no
  </sporty>
 </clothing>
 <clothing>
  <id>
   441216638
  </id>
  <name>
   Puma Belts I-9084
  </name>
  <category>
   Belts
  </category>
  <size>
   S
  </size>
  <color>
   Голубой
  </color>
  <material>
   Полиэстер
  </material>
  <price>
   732425
  </price>
  <rating>
   1.93
  </rating>
  <reviews>
   318872
  </reviews>
  <new>
   +
  </new>
  <exclusive>
   no
  </exclusive>
 </clothing>
 <clothing>
  <id>
   504596667
  </id>
  <name>
   New Balance Socks O-8221
  </name>
  <category>
   Socks
  </category>
  <size>
   L
  </size>
  <color>
   Красный
  </color>
  <material>
   Вискоза
  </material>
  <price>
   505843
  </price>
  <rating>
   4.56
  </rating>
  <reviews>
   884706
  </reviews>
  <new>
   +
  </new>
  <sporty>
   yes
  </sporty>
 </clothing>
 <clothing>
  <id>
   112584732
  </id>
  <name>
   Ellesse Jeans B-7847
  </name>
  <category>
   Jeans
  </category>
  <size>
   S
  </size>
  <color>
   Оранжевый
  </color>
  <material>
   Полиэстер
  </material>
  <price>
   409415
  </price>
  <rating>
   3.68
  </rating>
  <reviews>
   786760
  </reviews>
  <new>
   +
  </new>
  <exclusive>
   no
  </exclusive>
 </clothing>
 <clothing>
  <id>
   877351873
  </id>
  <name>
   Adidas Skirt O-6709
  </name>
  <category>
   Skirt
  </category>
  <size>
   L
  </size>
  <color>
   Красный
  </color>
  <material>
   Лен
  </material>
  <price>
   395971
  </price>
  <rating>
   1.92
  </rating>
  <reviews>
   171327
  </reviews>
  <new>
   -
  </new>
  <exclusive>
   yes
  </exclusive>
  <sporty>
   yes
  </sporty>
 </clothing>
 <clothing>
  <id>
   615413676
  </id>
  <name>
   Fila Blouse C-1343
  </name>
  <category>
   Blouse
  </category>
  <size>
   S
  </size>
  <color>
   Синий
  </color>
  <material>
   Шелк
  </material>
  <price>
   239036
  </price>
  <rating>
   2.73
  </rating>
  <reviews>
   611739
  </reviews>
  <new>
   +
  </new>
  <exclusive>
   no
  </exclusive>
 </clothing>
 <clothing>
  <id>
   608790360
  </id>
  <name>
   Asics Jacket F-5597
  </name>
  <category>
   Jacket
  </category>
  <size>
   S
  </size>
  <color>
   Желтый
  </color>
  <material>
   Шелк
  </material>
  <price>
   449514
  </price>
  <rating>
   1.98
  </rating>
  <reviews>
   9145
  </reviews>
  <new>
   -
  </new>
  <exclusive>
   no
  </exclusive>
  <sporty>
   no
  </sporty>
 </clothing>
 <clothing>
  <id>
   963165000
  </id>
  <name>
   Fila Socks B-7434
  </name>
  <category>
   Socks
  </category>
  <size>
   M
  </size>
  <color>
   Желтый
  </color>
  <material>
   Вискоза
  </material>
  <price>
   899618
  </price>
  <rating>
   2.52
  </rating>
  <reviews>
   903845
  </reviews>
  <new>
   +
  </new>
  <exclusive>
   yes
  </exclusive>
 </clothing>
 <clothing>
  <id>
   617931893
  </id>
  <name>
   Converse Shoes M-7952
  </name>
  <category>
   Shoes
  </category>
  <size>
   S
  </size>
  <color>
   Желтый
  </color>
  <material>
   Шелк
  </material>
  <price>
   704438
  </price>
  <rating>
   1.58
  </rating>
  <reviews>
   892673
  </reviews>
  <new>
   -
  </new>
  <sporty>
   no
  </sporty>
 </clothing>
 <clothing>
  <id>
   329567397
  </id>
  <name>
   Under Armour Skirt S-1828
  </name>
  <category>
   Skirt
  </category>
  <size>
   XL
  </size>
  <color>
   Синий
  </color>
  <material>
   Шелк
  </material>
  <price>
   701080
  </price>
  <rating>
   2.81
  </rating>
  <reviews>
   952315
  </reviews>
  <new>
   -
  </new>
  <exclusive>
   yes
  </exclusive>
  <sporty>
   no
  </sporty>
 </clothing>
 <clothing>
  <id>
   233184829
  </id>
  <name>
   Lacoste Dress R-3696
  </name>
  <category>
   Dress
  </category>
  <size>
   M
  </size>
  <color>
   Голубой
  </color>
  <material>
   Вискоза
  </material>
  <price>
   703290
  </price>
  <rating>
   1.72
  </rating>
  <reviews>
   606886
  </reviews>
 </clothing>
 <clothing>
  <id>
   526198144
  </id>
  <name>
   Addidas T-shirt R-7159
  </name>
  <category>
   T-shirt
  </category>
  <size>
   S
  </size>
  <color>
   Фиолетовый
  </color>
  <material>
   Нейлон
  </material>
  <price>
   840414
  </price>
  <rating>
   1.1
  </rating>
  <reviews>
   837191
  </reviews>
  <new>
   -
  </new>
  <exclusive>
   yes
  </exclusive>
  <sporty>
   no
  </sporty>
 </clothing>
 <clothing>
  <id>
   969510350
  </id>
  <name>
   Nike Hat Y-8159
  </name>
  <category>
   Hat
  </category>
  <size>
   L
  </size>
  <color>
   Оранжевый
  </color>
  <material>
   Лен
  </material>
  <price>
   313480
  </price>
  <rating>
   2.61
  </rating>
  <reviews>
   349955
  </reviews>
  <new>
   -
  </new>
  <exclusive>
   no
  </exclusive>
  <sporty>
   yes
  </sporty>
 </clothing>
 <clothing>
  <id>
   864589549
  </id>
  <name>
   Lacoste Handbags H-3439
  </name>
  <category>
   Handbags
  </category>
  <size>
   XXL
  </size>
  <color>
   Синий
  </color>
  <material>
   Нейлон
  </material>
  <price>
   587336
  </price>
  <rating>
   2.14
  </rating>
  <reviews>
   44412
  </reviews>
  <new>
   -
  </new>
  <exclusive>
   no
  </exclusive>
  <sporty>
   no
  </sporty>
 </clothing>
 <clothing>
  <id>
   517742417
  </id>
  <name>
   Fila Socks Q-7091
  </name>
  <category>
   Socks
  </category>
  <size>
   XL
  </size>
  <color>
   Красный
  </color>
  <material>
   Хлопок
  </material>
  <price>
   203265
  </price>
  <rating>
   3.62
  </rating>
  <reviews>
   30232
  </reviews>
  <new>
   -
  </new>
  <exclusive>
   yes
  </exclusive>
 </clothing>
 <clothing>
  <id>
   405222926
  </id>
  <name>
   Nike Blouse G-7305
  </name>
  <category>
   Blouse
  </category>
  <size>
   S
  </size>
  <color>
   Красный
  </color>
  <material>
   Кожа
  </material>
  <price>
   537829
  </price>
  <rating>
   1.68
  </rating>
  <reviews>
   721539
  </reviews>
  <exclusive>
   no
  </exclusive>
  <sporty>
   yes
  </sporty>
 </clothing>
 <clothing>
  <id>
   152417812
  </id>
  <name>
   PleinSport Skirt A-6483
  </name>
  <category>
   Skirt
  </category>
  <size>
   S
  </size>
  <color>
   Зеленый
  </color>
  <material>
   Кожа
  </material>
  <price>
   661939
  </price>
  <rating>
   3.77
  </rating>
  <reviews>
   769496
  </reviews>
  <sporty>
   yes
  </sporty>
 </clothing>
 <clothing>
  <id>
   417364674
  </id>
  <name>
   Addidas T-shirt O-4295
  </name>
  <category>
   T-shirt
  </category>
  <size>
   L
  </size>
  <color>
   Желтый
  </color>
  <material>
   Шелк
  </material>
  <price>
   818450
  </price>
  <rating>
   3.02
  </rating>
  <reviews>
   823523
  </reviews>
  <new>
   +
  </new>
  <sporty>
   yes
  </sporty>
 </clothing>
 <clothing>
  <id>
   310411403
  </id>
  <name>
   Puma Pants Y-3522
  </name>
  <category>
   Pants
  </category>
  <size>
   L
  </size>
  <color>
   Оранжевый
  </color>
  <material>
   Нейлон
  </material>
  <price>
   621367
  </price>
  <rating>
   3.71
  </rating>
  <reviews>
   617154
  </reviews>
  <new>
   -
  </new>
  <exclusive>
   no
  </exclusive>
 </clothing>
 <clothing>
  <id>
   675085667
  </id>
  <name>
   Nike Belts S-3393
  </name>
  <category>
   Belts
  </category>
  <size>
   XXL
  </size>
  <color>
   Голубой
  </color>
  <material>
   Полиэстер
  </material>
  <price>
   574499
  </price>
  <rating>
   4.35
  </rating>
  <reviews>
   815803
  </reviews>
  <new>
   +
  </new>
  <exclusive>
   yes
  </exclusive>
  <sporty>
   yes
  </sporty>
 </clothing>
 <clothing>
  <id>
   534800556
  </id>
  <name>
   Vans Gloves P-4247
  </name>
  <category>
   Gloves
  </category>
  <size>
   M
  </size>
  <color>
   Оранжевый
  </color>
  <material>
   Кожа
  </material>
  <price>
   857001
  </price>
  <rating>
   4.53
  </rating>
  <reviews>
   346480
  </reviews>
  <new>
   -
  </new>
 </clothing>
 <clothing>
  <id>
   634880625
  </id>
  <name>
   Puma Handbags N-8085
  </name>
  <category>
   Handbags
  </category>
  <size>
   L
  </size>
  <color>
   Желтый
  </color>
  <material>
   Лен
  </material>
  <price>
   892799
  </price>
  <rating>
   3.44
  </rating>
  <reviews>
   844282
  </reviews>
  <new>
   -
  </new>
  <exclusive>
   yes
  </exclusive>
  <sporty>
   yes
  </sporty>
 </clothing>
 <clothing>
  <id>
   420426771
  </id>
  <name>
   Brooks Blouse F-1385
  </name>
  <category>
   Blouse
  </category>
  <size>
   L
  </size>
  <color>
   Оранжевый
  </color>
  <material>
   Вискоза
  </material>
  <price>
   153432
  </price>
  <rating>
   1.57
  </rating>
  <reviews>
   935536
  </reviews>
  <exclusive>
   no
  </exclusive>
 </clothing>
 <clothing>
  <id>
   881891502
  </id>
  <name>
   Converse Shoes H-7732
  </name>
  <category>
   Shoes
  </category>
  <size>
   S
  </size>
  <color>
   Оранжевый
  </color>
  <material>
   Лен
  </material>
  <price>
   151681
  </price>
  <rating>
   3.52
  </rating>
  <reviews>
   648004
  </reviews>
  <new>
   -
  </new>
  <exclusive>
   no
  </exclusive>
  <sporty>
   no
  </sporty>
 </clothing>
 <clothing>
  <id>
   512542736
  </id>
  <name>
   Addidas Shoes S-8243
  </name>
  <category>
   Shoes
  </category>
  <size>
   L
  </size>
  <color>
   Зеленый
  </color>
  <material>
   Шелк
  </material>
  <price>
   200783
  </price>
  <rating>
   1.47
  </rating>
  <reviews>
   386203
  </reviews>
  <new>
   -
  </new>
  <exclusive>
   yes
  </exclusive>
 </clothing>
 <clothing>
  <id>
   312311362
  </id>
  <name>
   Under Armour Jeans B-5919
  </name>
  <category>
   Jeans
  </category>
  <size>
   L
  </size>
  <color>
   Желтый
  </color>
  <material>
   Шерсть
  </material>
  <price>
   688659
  </price>
  <rating>
   2.02
  </rating>
  <reviews>
   119127
  </reviews>
  <new>
   +
  </new>
  <exclusive>
   yes
  </exclusive>
  <sporty>
   yes
  </sporty>
 </clothing>
 <clothing>
  <id>
   936797000
  </id>
  <name>
   Vans Hat L-2056
  </name>
  <category>
   Hat
  </category>
  <size>
   XL
  </size>
  <color>
   Зеленый
  </color>
  <material>
   Шерсть
  </material>
  <price>
   426842
  </price>
  <rating>
   4.9
  </rating>
  <reviews>
   60659
  </reviews>
  <sporty>
   no
  </sporty>
 </clothing>
 <clothing>
  <id>
   583745665
  </id>
  <name>
   DC Shirt V-4735
  </name>
  <category>
   Shirt
  </category>
  <size>
   M
  </size>
  <color>
   Голубой
  </color>
  <material>
   Шерсть
  </material>
  <price>
   350616
  </price>
  <rating>
   3.14
  </rating>
  <reviews>
   792928
  </reviews>
  <exclusive>
   no
  </exclusive>
  <sporty>
   yes
  </sporty>
 </clothing>
 <clothing>
  <id>
   717444511
  </id>
  <name>
   Ellesse Shoes T-2622
  </name>
  <category>
   Shoes
  </category>
  <size>
   XXL
  </size>
  <color>
   Фиолетовый
  </color>
  <material>
   Вискоза
  </material>
  <price>
   983658
  </price>
  <rating>
   3.58
  </rating>
  <reviews>
   777703
  </reviews>
  <new>
   -
  </new>
 </clothing>
 <clothing>
  <id>
   367507308
  </id>
  <name>
   Lacoste Skirt A-8130
  </name>
  <category>
   Skirt
  </category>
  <size>
   S
  </size>
  <color>
   Красный
  </color>
  <material>
   Полиэстер
  </material>
  <price>
   122469
  </price>
  <rating>
   2.28
  </rating>
  <reviews>
   853203
  </reviews>
  <new>
   +
  </new>
  <sporty>
   yes
  </sporty>
 </clothing>
 <clothing>
  <id>
   758206338
  </id>
  <name>
   Vans Jacket G-8776
  </name>
  <category>
   Jacket
  </category>
  <size>
   S
  </size>
  <color>
   Желтый
  </color>
  <material>
   Нейлон
  </material>
  <price>
   311278
  </price>
  <rating>
   2.5
  </rating>
  <reviews>
   192986
  </reviews>
  <new>
   +
  </new>
  <exclusive>
   yes
  </exclusive>
 </clothing>
 <clothing>
  <id>
   588101755
  </id>
  <name>
   New Balance Jeans E-7233
  </name>
  <category>
   Jeans
  </category>
  <size>
   XXL
  </size>
  <color>
   Желтый
  </color>
  <material>
   Шелк
  </material>
  <price>
   519238
  </price>
  <rating>
   4.49
  </rating>
  <reviews>
   237171
  </reviews>
  <new>
   -
  </new>
  <exclusive>
   yes
  </exclusive>
  <sporty>
   no
  </sporty>
 </clothing>
 <clothing>
  <id>
   678345736
  </id>
  <name>
   New Balance Blouse T-7088
  </name>
  <category>
   Blouse
  </category>
  <size>
   M
  </size>
  <color>
   Синий
  </color>
  <material>
   Кожа
  </material>
  <price>
   880655
  </price>
  <rating>
   4.72
  </rating>
  <reviews>
   505124
  </reviews>
  <new>
   +
  </new>
  <exclusive>
   yes
  </exclusive>
  <sporty>
   no
  </sporty>
 </clothing>
 <clothing>
  <id>
   764629591
  </id>
  <name>
   Fila Jeans M-8146
  </name>
  <category>
   Jeans
  </category>
  <size>
   XL
  </size>
  <color>
   Красный
  </color>
  <material>
   Нейлон
  </material>
  <price>
   453647
  </price>
  <rating>
   1.73
  </rating>
  <reviews>
   932159
  </reviews>
  <exclusive>
   yes
  </exclusive>
  <sporty>
   no
  </sporty>
 </clothing>
 <clothing>
  <id>
   205918998
  </id>
  <name>
   PleinSport Umbrellas U-5796
  </name>
  <category>
   Umbrellas
  </category>
  <size>
   M
  </size>
  <color>
   Оранжевый
  </color>
  <material>
   Шелк
  </material>
  <price>
   364491
  </price>
  <rating>
   4.03
  </rating>
  <reviews>
   959945
  </reviews>
  <sporty>
   yes
  </sporty>
 </clothing>
 <clothing>
  <id>
   492311911
  </id>
  <name>
   Adidas Shirt M-5705
  </name>
  <category>
   Shirt
  </category>
  <size>
   S
  </size>
  <color>
   Зеленый
  </color>
  <material>
   Лен
  </material>
  <price>
   306528
  </price>
  <rating>
   3.01
  </rating>
  <reviews>
   454521
  </reviews>
  <new>
   -
  </new>
  <exclusive>
   yes
  </exclusive>
  <sporty>
   yes
  </sporty>
 </clothing>
 <clothing>
  <id>
   866815821
  </id>
  <name>
   Fila Jeans H-4523
  </name>
  <category>
   Jeans
  </category>
  <size>
   XXL
  </size>
  <color>
   Синий
  </color>
  <material>
   Хлопок
  </material>
  <price>
   270462
  </price>
  <rating>
   4.15
  </rating>
  <reviews>
   60565
  </reviews>
  <exclusive>
   no
  </exclusive>
  <sporty>
   yes
  </sporty>
 </clothing>
</clothing-items>
