<?xml version="1.0" encoding="utf-8"?>
<clothing-items>
 <clothing>
  <id>
   175907902
  </id>
  <name>
   Asics Skirt V-8788
  </name>
  <category>
   Skirt
  </category>
  <size>
   S
  </size>
  <color>
   Желтый
  </color>
  <material>
   Кожа
  </material>
  <price>
   240028
  </price>
  <rating>
   4.68
  </rating>
  <reviews>
   238022
  </reviews>
  <exclusive>
   yes
  </exclusive>
  <sporty>
   yes
  </sporty>
 </clothing>
 <clothing>
  <id>
   635911376
  </id>
  <name>
   Converse Pants I-5824
  </name>
  <category>
   Pants
  </category>
  <size>
   XXL
  </size>
  <color>
   Зеленый
  </color>
  <material>
   Полиэстер
  </material>
  <price>
   168505
  </price>
  <rating>
   2.51
  </rating>
  <reviews>
   689128
  </reviews>
  <sporty>
   no
  </sporty>
 </clothing>
 <clothing>
  <id>
   771262984
  </id>
  <name>
   Puma T-shirt M-4117
  </name>
  <category>
   T-shirt
  </category>
  <size>
   L
  </size>
  <color>
   Оранжевый
  </color>
  <material>
   Нейлон
  </material>
  <price>
   775631
  </price>
  <rating>
   4.4
  </rating>
  <reviews>
   743642
  </reviews>
  <new>
   -
  </new>
 </clothing>
 <clothing>
  <id>
   969444506
  </id>
  <name>
   Adidas Shirt C-4860
  </name>
  <category>
   Shirt
  </category>
  <size>
   S
  </size>
  <color>
   Оранжевый
  </color>
  <material>
   Шелк
  </material>
  <price>
   334538
  </price>
  <rating>
   4.82
  </rating>
  <reviews>
   624133
  </reviews>
  <new>
   -
  </new>
  <exclusive>
   no
  </exclusive>
  <sporty>
   no
  </sporty>
 </clothing>
 <clothing>
  <id>
   288753340
  </id>
  <name>
   Addidas Jacket M-5205
  </name>
  <category>
   Jacket
  </category>
  <size>
   XXL
  </size>
  <color>
   Желтый
  </color>
  <material>
   Кожа
  </material>
  <price>
   642658
  </price>
  <rating>
   2.63
  </rating>
  <reviews>
   870817
  </reviews>
  <new>
   +
  </new>
 </clothing>
 <clothing>
  <id>
   707925112
  </id>
  <name>
   Under Armour Skirt M-1070
  </name>
  <category>
   Skirt
  </category>
  <size>
   M
  </size>
  <color>
   Оранжевый
  </color>
  <material>
   Лен
  </material>
  <price>
   385201
  </price>
  <rating>
   1.65
  </rating>
  <reviews>
   644260
  </reviews>
  <exclusive>
   yes
  </exclusive>
 </clothing>
 <clothing>
  <id>
   484421990
  </id>
  <name>
   Puma Hat N-9050
  </name>
  <category>
   Hat
  </category>
  <size>
   M
  </size>
  <color>
   Голубой
  </color>
  <material>
   Хлопок
  </material>
  <price>
   539317
  </price>
  <rating>
   3.32
  </rating>
  <reviews>
   726866
  </reviews>
 </clothing>
 <clothing>
  <id>
   576036869
  </id>
  <name>
   Puma Jacket Q-6609
  </name>
  <category>
   Jacket
  </category>
  <size>
   XL
  </size>
  <color>
   Зеленый
  </color>
  <material>
   Шелк
  </material>
  <price>
   180588
  </price>
  <rating>
   4.98
  </rating>
  <reviews>
   933004
  </reviews>
  <exclusive>
   yes
  </exclusive>
  <sporty>
   no
  </sporty>
 </clothing>
 <clothing>
  <id>
   442910986
  </id>
  <name>
   DC Jacket S-7633
  </name>
  <category>
   Jacket
  </category>
  <size>
   XL
  </size>
  <color>
   Желтый
  </color>
  <material>
   Кожа
  </material>
  <price>
   939707
  </price>
  <rating>
   4.67
  </rating>
  <reviews>
   379694
  </reviews>
  <new>
   -
  </new>
  <sporty>
   yes
  </sporty>
 </clothing>
 <clothing>
  <id>
   744395744
  </id>
  <name>
   New Balance Shoes Z-7210
  </name>
  <category>
   Shoes
  </category>
  <size>
   M
  </size>
  <color>
   Фиолетовый
  </color>
  <material>
   Вискоза
  </material>
  <price>
   601031
  </price>
  <rating>
   3.2
  </rating>
  <reviews>
   922060
  </reviews>
  <exclusive>
   yes
  </exclusive>
  <sporty>
   no
  </sporty>
 </clothing>
 <clothing>
  <id>
   973685674
  </id>
  <name>
   New Balance Hat M-8320
  </name>
  <category>
   Hat
  </category>
  <size>
   XXL
  </size>
  <color>
   Желтый
  </color>
  <material>
   Хлопок
  </material>
  <price>
   662941
  </price>
  <rating>
   1.08
  </rating>
  <reviews>
   706733
  </reviews>
  <new>
   +
  </new>
  <exclusive>
   yes
  </exclusive>
 </clothing>
 <clothing>
  <id>
   292056464
  </id>
  <name>
   Under Armour Socks Z-5482
  </name>
  <category>
   Socks
  </category>
  <size>
   L
  </size>
  <color>
   Желтый
  </color>
  <material>
   Кожа
  </material>
  <price>
   220832
  </price>
  <rating>
   4.01
  </rating>
  <reviews>
   891959
  </reviews>
  <exclusive>
   no
  </exclusive>
 </clothing>
 <clothing>
  <id>
   512870008
  </id>
  <name>
   New Balance Socks G-9243
  </name>
  <category>
   Socks
  </category>
  <size>
   XXL
  </size>
  <color>
   Оранжевый
  </color>
  <material>
   Нейлон
  </material>
  <price>
   788548
  </price>
  <rating>
   3.51
  </rating>
  <reviews>
   262056
  </reviews>
  <exclusive>
   no
  </exclusive>
  <sporty>
   no
  </sporty>
 </clothing>
 <clothing>
  <id>
   745265675
  </id>
  <name>
   Asics Dress R-7775
  </name>
  <category>
   Dress
  </category>
  <size>
   M
  </size>
  <color>
   Красный
  </color>
  <material>
   Вискоза
  </material>
  <price>
   157484
  </price>
  <rating>
   3.4
  </rating>
  <reviews>
   898873
  </reviews>
  <new>
   -
  </new>
  <exclusive>
   no
  </exclusive>
 </clothing>
 <clothing>
  <id>
   252034626
  </id>
  <name>
   Lacoste Jacket K-7127
  </name>
  <category>
   Jacket
  </category>
  <size>
   XXL
  </size>
  <color>
   Красный
  </color>
  <material>
   Нейлон
  </material>
  <price>
   657970
  </price>
  <rating>
   4.89
  </rating>
  <reviews>
   128303
  </reviews>
  <exclusive>
   yes
  </exclusive>
 </clothing>
 <clothing>
  <id>
   210071763
  </id>
  <name>
   Under Armour Shirt S-9340
  </name>
  <category>
   Shirt
  </category>
  <size>
   S
  </size>
  <color>
   Красный
  </color>
  <material>
   Хлопок
  </material>
  <price>
   492016
  </price>
  <rating>
   4.09
  </rating>
  <reviews>
   631501
  </reviews>
  <exclusive>
   no
  </exclusive>
 </clothing>
 <clothing>
  <id>
   420151081
  </id>
  <name>
   Vans Gloves X-7758
  </name>
  <category>
   Gloves
  </category>
  <size>
   L
  </size>
  <color>
   Голубой
  </color>
  <material>
   Нейлон
  </material>
  <price>
   832864
  </price>
  <rating>
   3.61
  </rating>
  <reviews>
   351676
  </reviews>
  <exclusive>
   no
  </exclusive>
 </clothing>
 <clothing>
  <id>
   612473007
  </id>
  <name>
   Addidas Blouse O-4007
  </name>
  <category>
   Blouse
  </category>
  <size>
   M
  </size>
  <color>
   Голубой
  </color>
  <material>
   Шерсть
  </material>
  <price>
   675653
  </price>
  <rating>
   3.76
  </rating>
  <reviews>
   642290
  </reviews>
  <new>
   -
  </new>
  <exclusive>
   no
  </exclusive>
 </clothing>
 <clothing>
  <id>
   447667250
  </id>
  <name>
   Nike Blouse E-9611
  </name>
  <category>
   Blouse
  </category>
  <size>
   XXL
  </size>
  <color>
   Фиолетовый
  </color>
  <material>
   Кожа
  </material>
  <price>
   764948
  </price>
  <rating>
   2.3
  </rating>
  <reviews>
   635925
  </reviews>
  <exclusive>
   no
  </exclusive>
  <sporty>
   yes
  </sporty>
 </clothing>
 <clothing>
  <id>
   807260109
  </id>
  <name>
   DC Socks P-4493
  </name>
  <category>
   Socks
  </category>
  <size>
   XL
  </size>
  <color>
   Красный
  </color>
  <material>
   Шелк
  </material>
  <price>
   168339
  </price>
  <rating>
   3.01
  </rating>
  <reviews>
   711039
  </reviews>
  <exclusive>
   yes
  </exclusive>
  <sporty>
   no
  </sporty>
 </clothing>
 <clothing>
  <id>
   674818137
  </id>
  <name>
   Vans Hat K-2684
  </name>
  <category>
   Hat
  </category>
  <size>
   S
  </size>
  <color>
   Синий
  </color>
  <material>
   Хлопок
  </material>
  <price>
   894008
  </price>
  <rating>
   1.02
  </rating>
  <reviews>
   356836
  </reviews>
  <new>
   -
  </new>
  <exclusive>
   no
  </exclusive>
  <sporty>
   yes
  </sporty>
 </clothing>
 <clothing>
  <id>
   779138449
  </id>
  <name>
   Reebok Jacket N-8071
  </name>
  <category>
   Jacket
  </category>
  <size>
   S
  </size>
  <color>
   Фиолетовый
  </color>
  <material>
   Шерсть
  </material>
  <price>
   994983
  </price>
  <rating>
   2.17
  </rating>
  <reviews>
   506686
  </reviews>
  <new>
   +
  </new>
  <sporty>
   yes
  </sporty>
 </clothing>
 <clothing>
  <id>
   754191431
  </id>
  <name>
   Asics Pants P-2859
  </name>
  <category>
   Pants
  </category>
  <size>
   M
  </size>
  <color>
   Желтый
  </color>
  <material>
   Кожа
  </material>
  <price>
   543075
  </price>
  <rating>
   4.2
  </rating>
  <reviews>
   856040
  </reviews>
  <exclusive>
   yes
  </exclusive>
  <sporty>
   no
  </sporty>
 </clothing>
 <clothing>
  <id>
   384020547
  </id>
  <name>
   Fila Jacket T-5727
  </name>
  <category>
   Jacket
  </category>
  <size>
   XL
  </size>
  <color>
   Голубой
  </color>
  <material>
   Полиэстер
  </material>
  <price>
   570782
  </price>
  <rating>
   4.75
  </rating>
  <reviews>
   301907
  </reviews>
  <exclusive>
   yes
  </exclusive>
 </clothing>
 <clothing>
  <id>
   343822656
  </id>
  <name>
   New Balance T-shirt H-6879
  </name>
  <category>
   T-shirt
  </category>
  <size>
   XL
  </size>
  <color>
   Красный
  </color>
  <material>
   Вискоза
  </material>
  <price>
   682833
  </price>
  <rating>
   4.37
  </rating>
  <reviews>
   489767
  </reviews>
  <sporty>
   no
  </sporty>
 </clothing>
 <clothing>
  <id>
   920570496
  </id>
  <name>
   Puma Shirt C-4616
  </name>
  <category>
   Shirt
  </category>
  <size>
   M
  </size>
  <color>
   Синий
  </color>
  <material>
   Лен
  </material>
  <price>
   292692
  </price>
  <rating>
   4.2
  </rating>
  <reviews>
   174066
  </reviews>
  <new>
   +
  </new>
  <exclusive>
   yes
  </exclusive>
 </clothing>
 <clothing>
  <id>
   954502257
  </id>
  <name>
   Under Armour Handbags B-4358
  </name>
  <category>
   Handbags
  </category>
  <size>
   S
  </size>
  <color>
   Желтый
  </color>
  <material>
   Кожа
  </material>
  <price>
   154540
  </price>
  <rating>
   4.91
  </rating>
  <reviews>
   177649
  </reviews>
  <new>
   -
  </new>
  <exclusive>
   yes
  </exclusive>
  <sporty>
   yes
  </sporty>
 </clothing>
 <clothing>
  <id>
   838649266
  </id>
  <name>
   Fila Gloves V-3522
  </name>
  <category>
   Gloves
  </category>
  <size>
   XL
  </size>
  <color>
   Оранжевый
  </color>
  <material>
   Шелк
  </material>
  <price>
   746305
  </price>
  <rating>
   1.85
  </rating>
  <reviews>
   950550
  </reviews>
  <exclusive>
   no
  </exclusive>
  <sporty>
   yes
  </sporty>
 </clothing>
 <clothing>
  <id>
   774249758
  </id>
  <name>
   Brooks T-shirt R-8379
  </name>
  <category>
   T-shirt
  </category>
  <size>
   S
  </size>
  <color>
   Зеленый
  </color>
  <material>
   Лен
  </material>
  <price>
   214191
  </price>
  <rating>
   4.93
  </rating>
  <reviews>
   953905
  </reviews>
  <sporty>
   no
  </sporty>
 </clothing>
 <clothing>
  <id>
   175192747
  </id>
  <name>
   Adidas Jeans H-9894
  </name>
  <category>
   Jeans
  </category>
  <size>
   L
  </size>
  <color>
   Зеленый
  </color>
  <material>
   Шерсть
  </material>
  <price>
   161305
  </price>
  <rating>
   4.32
  </rating>
  <reviews>
   747239
  </reviews>
  <exclusive>
   yes
  </exclusive>
  <sporty>
   no
  </sporty>
 </clothing>
 <clothing>
  <id>
   653650681
  </id>
  <name>
   Converse Umbrellas L-9884
  </name>
  <category>
   Umbrellas
  </category>
  <size>
   S
  </size>
  <color>
   Желтый
  </color>
  <material>
   Лен
  </material>
  <price>
   428820
  </price>
  <rating>
   2.1
  </rating>
  <reviews>
   130224
  </reviews>
  <new>
   -
  </new>
  <exclusive>
   no
  </exclusive>
  <sporty>
   yes
  </sporty>
 </clothing>
 <clothing>
  <id>
   107459366
  </id>
  <name>
   Fila Umbrellas D-6212
  </name>
  <category>
   Umbrellas
  </category>
  <size>
   XL
  </size>
  <color>
   Фиолетовый
  </color>
  <material>
   Кожа
  </material>
  <price>
   707302
  </price>
  <rating>
   1.27
  </rating>
  <reviews>
   102412
  </reviews>
  <new>
   -
  </new>
  <exclusive>
   no
  </exclusive>
 </clothing>
</clothing-items>
