<?xml version="1.0" encoding="utf-8"?>
<clothing-items>
 <clothing>
  <id>
   239341232
  </id>
  <name>
   Under Armour Shoes L-2242
  </name>
  <category>
   Shoes
  </category>
  <size>
   XXL
  </size>
  <color>
   Голубой
  </color>
  <material>
   Вискоза
  </material>
  <price>
   681093
  </price>
  <rating>
   3.43
  </rating>
  <reviews>
   960525
  </reviews>
  <exclusive>
   no
  </exclusive>
  <sporty>
   no
  </sporty>
 </clothing>
 <clothing>
  <id>
   790524681
  </id>
  <name>
   Addidas Blouse V-2212
  </name>
  <category>
   Blouse
  </category>
  <size>
   L
  </size>
  <color>
   Зеленый
  </color>
  <material>
   Полиэстер
  </material>
  <price>
   214102
  </price>
  <rating>
   1.48
  </rating>
  <reviews>
   922592
  </reviews>
  <new>
   +
  </new>
  <sporty>
   no
  </sporty>
 </clothing>
 <clothing>
  <id>
   416849044
  </id>
  <name>
   Brooks Gloves C-1342
  </name>
  <category>
   Gloves
  </category>
  <size>
   L
  </size>
  <color>
   Оранжевый
  </color>
  <material>
   Шерсть
  </material>
  <price>
   131336
  </price>
  <rating>
   3.46
  </rating>
  <reviews>
   190737
  </reviews>
  <new>
   -
  </new>
  <sporty>
   no
  </sporty>
 </clothing>
 <clothing>
  <id>
   369741320
  </id>
  <name>
   Fila Belts P-6004
  </name>
  <category>
   Belts
  </category>
  <size>
   S
  </size>
  <color>
   Красный
  </color>
  <material>
   Нейлон
  </material>
  <price>
   303254
  </price>
  <rating>
   2.9
  </rating>
  <reviews>
   981871
  </reviews>
  <new>
   -
  </new>
  <exclusive>
   no
  </exclusive>
  <sporty>
   no
  </sporty>
 </clothing>
 <clothing>
  <id>
   935602833
  </id>
  <name>
   Adidas Umbrellas L-4766
  </name>
  <category>
   Umbrellas
  </category>
  <size>
   L
  </size>
  <color>
   Желтый
  </color>
  <material>
   Шелк
  </material>
  <price>
   331615
  </price>
  <rating>
   3.62
  </rating>
  <reviews>
   888930
  </reviews>
  <exclusive>
   yes
  </exclusive>
  <sporty>
   no
  </sporty>
 </clothing>
 <clothing>
  <id>
   828230985
  </id>
  <name>
   Fila Pants M-9459
  </name>
  <category>
   Pants
  </category>
  <size>
   S
  </size>
  <color>
   Красный
  </color>
  <material>
   Шелк
  </material>
  <price>
   144531
  </price>
  <rating>
   1.88
  </rating>
  <reviews>
   94674
  </reviews>
  <new>
   -
  </new>
  <sporty>
   no
  </sporty>
 </clothing>
 <clothing>
  <id>
   915414552
  </id>
  <name>
   Asics Blouse G-2772
  </name>
  <category>
   Blouse
  </category>
  <size>
   XXL
  </size>
  <color>
   Голубой
  </color>
  <material>
   Шелк
  </material>
  <price>
   796703
  </price>
  <rating>
   4.0
  </rating>
  <reviews>
   388873
  </reviews>
 </clothing>
 <clothing>
  <id>
   491788495
  </id>
  <name>
   PleinSport Hat W-9761
  </name>
  <category>
   Hat
  </category>
  <size>
   XXL
  </size>
  <color>
   Желтый
  </color>
  <material>
   Шерсть
  </material>
  <price>
   694147
  </price>
  <rating>
   3.48
  </rating>
  <reviews>
   118768
  </reviews>
  <new>
   -
  </new>
  <exclusive>
   no
  </exclusive>
  <sporty>
   yes
  </sporty>
 </clothing>
 <clothing>
  <id>
   502678169
  </id>
  <name>
   Vans T-shirt X-5512
  </name>
  <category>
   T-shirt
  </category>
  <size>
   XL
  </size>
  <color>
   Фиолетовый
  </color>
  <material>
   Шелк
  </material>
  <price>
   122142
  </price>
  <rating>
   1.64
  </rating>
  <reviews>
   477604
  </reviews>
  <new>
   -
  </new>
 </clothing>
 <clothing>
  <id>
   854961286
  </id>
  <name>
   Ellesse Shoes F-3082
  </name>
  <category>
   Shoes
  </category>
  <size>
   L
  </size>
  <color>
   Желтый
  </color>
  <material>
   Полиэстер
  </material>
  <price>
   489276
  </price>
  <rating>
   4.44
  </rating>
  <reviews>
   967041
  </reviews>
  <new>
   -
  </new>
  <exclusive>
   yes
  </exclusive>
  <sporty>
   no
  </sporty>
 </clothing>
 <clothing>
  <id>
   647442787
  </id>
  <name>
   Ellesse Sweater D-3339
  </name>
  <category>
   Sweater
  </category>
  <size>
   L
  </size>
  <color>
   Голубой
  </color>
  <material>
   Полиэстер
  </material>
  <price>
   570007
  </price>
  <rating>
   2.99
  </rating>
  <reviews>
   754618
  </reviews>
 </clothing>
 <clothing>
  <id>
   720123862
  </id>
  <name>
   Lacoste Pants X-6178
  </name>
  <category>
   Pants
  </category>
  <size>
   L
  </size>
  <color>
   Синий
  </color>
  <material>
   Шерсть
  </material>
  <price>
   256068
  </price>
  <rating>
   3.98
  </rating>
  <reviews>
   219882
  </reviews>
  <new>
   -
  </new>
  <exclusive>
   yes
  </exclusive>
 </clothing>
 <clothing>
  <id>
   501472384
  </id>
  <name>
   Addidas Umbrellas K-6911
  </name>
  <category>
   Umbrellas
  </category>
  <size>
   XL
  </size>
  <color>
   Голубой
  </color>
  <material>
   Шелк
  </material>
  <price>
   141819
  </price>
  <rating>
   3.34
  </rating>
  <reviews>
   215608
  </reviews>
  <new>
   +
  </new>
 </clothing>
 <clothing>
  <id>
   521310577
  </id>
  <name>
   Converse Shoes P-3996
  </name>
  <category>
   Shoes
  </category>
  <size>
   XL
  </size>
  <color>
   Желтый
  </color>
  <material>
   Полиэстер
  </material>
  <price>
   333727
  </price>
  <rating>
   1.35
  </rating>
  <reviews>
   718028
  </reviews>
  <exclusive>
   no
  </exclusive>
 </clothing>
 <clothing>
  <id>
   116052077
  </id>
  <name>
   Ellesse Socks G-2303
  </name>
  <category>
   Socks
  </category>
  <size>
   XL
  </size>
  <color>
   Синий
  </color>
  <material>
   Полиэстер
  </material>
  <price>
   561273
  </price>
  <rating>
   2.89
  </rating>
  <reviews>
   337209
  </reviews>
  <exclusive>
   no
  </exclusive>
  <sporty>
   no
  </sporty>
 </clothing>
 <clothing>
  <id>
   158550589
  </id>
  <name>
   Nike Skirt L-7925
  </name>
  <category>
   Skirt
  </category>
  <size>
   L
  </size>
  <color>
   Зеленый
  </color>
  <material>
   Шерсть
  </material>
  <price>
   276682
  </price>
  <rating>
   3.81
  </rating>
  <reviews>
   900468
  </reviews>
  <exclusive>
   no
  </exclusive>
  <sporty>
   no
  </sporty>
 </clothing>
 <clothing>
  <id>
   201595234
  </id>
  <name>
   Addidas Hat C-8029
  </name>
  <category>
   Hat
  </category>
  <size>
   XXL
  </size>
  <color>
   Желтый
  </color>
  <material>
   Полиэстер
  </material>
  <price>
   962447
  </price>
  <rating>
   1.43
  </rating>
  <reviews>
   121370
  </reviews>
  <new>
   +
  </new>
  <exclusive>
   no
  </exclusive>
  <sporty>
   no
  </sporty>
 </clothing>
 <clothing>
  <id>
   954032943
  </id>
  <name>
   Nike Blouse V-5840
  </name>
  <category>
   Blouse
  </category>
  <size>
   S
  </size>
  <color>
   Желтый
  </color>
  <material>
   Хлопок
  </material>
  <price>
   438784
  </price>
  <rating>
   3.75
  </rating>
  <reviews>
   656277
  </reviews>
  <exclusive>
   yes
  </exclusive>
 </clothing>
 <clothing>
  <id>
   934163702
  </id>
  <name>
   DC Belts Z-4458
  </name>
  <category>
   Belts
  </category>
  <size>
   XXL
  </size>
  <color>
   Зеленый
  </color>
  <material>
   Полиэстер
  </material>
  <price>
   713860
  </price>
  <rating>
   2.96
  </rating>
  <reviews>
   774904
  </reviews>
  <new>
   +
  </new>
  <sporty>
   no
  </sporty>
 </clothing>
 <clothing>
  <id>
   811550855
  </id>
  <name>
   Addidas Skirt W-9366
  </name>
  <category>
   Skirt
  </category>
  <size>
   XL
  </size>
  <color>
   Красный
  </color>
  <material>
   Шелк
  </material>
  <price>
   762989
  </price>
  <rating>
   2.56
  </rating>
  <reviews>
   736043
  </reviews>
  <new>
   -
  </new>
 </clothing>
 <clothing>
  <id>
   661370646
  </id>
  <name>
   Ellesse Sweater F-2719
  </name>
  <category>
   Sweater
  </category>
  <size>
   L
  </size>
  <color>
   Синий
  </color>
  <material>
   Кожа
  </material>
  <price>
   602697
  </price>
  <rating>
   4.32
  </rating>
  <reviews>
   201751
  </reviews>
  <exclusive>
   no
  </exclusive>
  <sporty>
   no
  </sporty>
 </clothing>
 <clothing>
  <id>
   272611940
  </id>
  <name>
   PleinSport Socks W-5365
  </name>
  <category>
   Socks
  </category>
  <size>
   S
  </size>
  <color>
   Зеленый
  </color>
  <material>
   Вискоза
  </material>
  <price>
   938546
  </price>
  <rating>
   1.82
  </rating>
  <reviews>
   892296
  </reviews>
  <new>
   -
  </new>
  <exclusive>
   yes
  </exclusive>
  <sporty>
   yes
  </sporty>
 </clothing>
</clothing-items>
