<?xml version="1.0" encoding="utf-8"?>
<clothing-items>
 <clothing>
  <id>
   117369326
  </id>
  <name>
   Puma Belts M-5261
  </name>
  <category>
   Belts
  </category>
  <size>
   S
  </size>
  <color>
   Оранжевый
  </color>
  <material>
   Полиэстер
  </material>
  <price>
   808162
  </price>
  <rating>
   4.78
  </rating>
  <reviews>
   619814
  </reviews>
  <new>
   -
  </new>
 </clothing>
 <clothing>
  <id>
   876407786
  </id>
  <name>
   Asics Shirt I-9338
  </name>
  <category>
   Shirt
  </category>
  <size>
   XL
  </size>
  <color>
   Желтый
  </color>
  <material>
   Лен
  </material>
  <price>
   410321
  </price>
  <rating>
   4.29
  </rating>
  <reviews>
   309670
  </reviews>
  <sporty>
   no
  </sporty>
 </clothing>
 <clothing>
  <id>
   792542570
  </id>
  <name>
   Converse Pants G-5196
  </name>
  <category>
   Pants
  </category>
  <size>
   L
  </size>
  <color>
   Голубой
  </color>
  <material>
   Шерсть
  </material>
  <price>
   737926
  </price>
  <rating>
   4.23
  </rating>
  <reviews>
   47941
  </reviews>
  <exclusive>
   no
  </exclusive>
  <sporty>
   yes
  </sporty>
 </clothing>
 <clothing>
  <id>
   494280330
  </id>
  <name>
   Nike Belts I-4572
  </name>
  <category>
   Belts
  </category>
  <size>
   L
  </size>
  <color>
   Красный
  </color>
  <material>
   Лен
  </material>
  <price>
   441704
  </price>
  <rating>
   1.76
  </rating>
  <reviews>
   583366
  </reviews>
  <sporty>
   yes
  </sporty>
 </clothing>
 <clothing>
  <id>
   839670022
  </id>
  <name>
   Asics Pants P-1516
  </name>
  <category>
   Pants
  </category>
  <size>
   XL
  </size>
  <color>
   Фиолетовый
  </color>
  <material>
   Шерсть
  </material>
  <price>
   500419
  </price>
  <rating>
   1.87
  </rating>
  <reviews>
   208318
  </reviews>
  <new>
   -
  </new>
 </clothing>
 <clothing>
  <id>
   611407290
  </id>
  <name>
   Nike Socks S-6094
  </name>
  <category>
   Socks
  </category>
  <size>
   XL
  </size>
  <color>
   Фиолетовый
  </color>
  <material>
   Кожа
  </material>
  <price>
   355454
  </price>
  <rating>
   2.17
  </rating>
  <reviews>
   431790
  </reviews>
  <sporty>
   no
  </sporty>
 </clothing>
 <clothing>
  <id>
   970778960
  </id>
  <name>
   Vans Skirt O-3844
  </name>
  <category>
   Skirt
  </category>
  <size>
   S
  </size>
  <color>
   Зеленый
  </color>
  <material>
   Вискоза
  </material>
  <price>
   739937
  </price>
  <rating>
   1.81
  </rating>
  <reviews>
   593726
  </reviews>
  <new>
   +
  </new>
  <sporty>
   no
  </sporty>
 </clothing>
 <clothing>
  <id>
   255919089
  </id>
  <name>
   Adidas Jeans P-8255
  </name>
  <category>
   Jeans
  </category>
  <size>
   M
  </size>
  <color>
   Красный
  </color>
  <material>
   Вискоза
  </material>
  <price>
   967757
  </price>
  <rating>
   2.0
  </rating>
  <reviews>
   379898
  </reviews>
  <exclusive>
   no
  </exclusive>
  <sporty>
   yes
  </sporty>
 </clothing>
 <clothing>
  <id>
   930686128
  </id>
  <name>
   Ellesse Hat Z-2311
  </name>
  <category>
   Hat
  </category>
  <size>
   XL
  </size>
  <color>
   Желтый
  </color>
  <material>
   Шерсть
  </material>
  <price>
   861217
  </price>
  <rating>
   3.07
  </rating>
  <reviews>
   551861
  </reviews>
  <sporty>
   no
  </sporty>
 </clothing>
 <clothing>
  <id>
   254756647
  </id>
  <name>
   PleinSport Jacket H-6729
  </name>
  <category>
   Jacket
  </category>
  <size>
   M
  </size>
  <color>
   Зеленый
  </color>
  <material>
   Шелк
  </material>
  <price>
   438402
  </price>
  <rating>
   4.57
  </rating>
  <reviews>
   450324
  </reviews>
  <exclusive>
   no
  </exclusive>
  <sporty>
   yes
  </sporty>
 </clothing>
 <clothing>
  <id>
   438186417
  </id>
  <name>
   New Balance Skirt T-3042
  </name>
  <category>
   Skirt
  </category>
  <size>
   L
  </size>
  <color>
   Оранжевый
  </color>
  <material>
   Кожа
  </material>
  <price>
   751846
  </price>
  <rating>
   1.05
  </rating>
  <reviews>
   151699
  </reviews>
  <sporty>
   no
  </sporty>
 </clothing>
 <clothing>
  <id>
   513722641
  </id>
  <name>
   Vans Socks V-9830
  </name>
  <category>
   Socks
  </category>
  <size>
   XXL
  </size>
  <color>
   Синий
  </color>
  <material>
   Кожа
  </material>
  <price>
   952381
  </price>
  <rating>
   4.98
  </rating>
  <reviews>
   191599
  </reviews>
  <new>
   +
  </new>
  <exclusive>
   yes
  </exclusive>
 </clothing>
 <clothing>
  <id>
   730844749
  </id>
  <name>
   Vans Shirt O-4191
  </name>
  <category>
   Shirt
  </category>
  <size>
   S
  </size>
  <color>
   Красный
  </color>
  <material>
   Шелк
  </material>
  <price>
   616141
  </price>
  <rating>
   3.05
  </rating>
  <reviews>
   497971
  </reviews>
  <exclusive>
   no
  </exclusive>
  <sporty>
   no
  </sporty>
 </clothing>
 <clothing>
  <id>
   503737286
  </id>
  <name>
   New Balance Pants B-9682
  </name>
  <category>
   Pants
  </category>
  <size>
   XL
  </size>
  <color>
   Синий
  </color>
  <material>
   Шерсть
  </material>
  <price>
   492699
  </price>
  <rating>
   3.33
  </rating>
  <reviews>
   746256
  </reviews>
  <sporty>
   no
  </sporty>
 </clothing>
 <clothing>
  <id>
   752670090
  </id>
  <name>
   Ellesse Jeans K-7603
  </name>
  <category>
   Jeans
  </category>
  <size>
   XXL
  </size>
  <color>
   Синий
  </color>
  <material>
   Шелк
  </material>
  <price>
   592745
  </price>
  <rating>
   4.88
  </rating>
  <reviews>
   450428
  </reviews>
  <new>
   -
  </new>
  <sporty>
   yes
  </sporty>
 </clothing>
 <clothing>
  <id>
   816309089
  </id>
  <name>
   Asics Socks F-1929
  </name>
  <category>
   Socks
  </category>
  <size>
   XL
  </size>
  <color>
   Желтый
  </color>
  <material>
   Шерсть
  </material>
  <price>
   972946
  </price>
  <rating>
   3.67
  </rating>
  <reviews>
   793583
  </reviews>
  <exclusive>
   yes
  </exclusive>
 </clothing>
 <clothing>
  <id>
   412439628
  </id>
  <name>
   Fila Sweater T-8102
  </name>
  <category>
   Sweater
  </category>
  <size>
   XL
  </size>
  <color>
   Голубой
  </color>
  <material>
   Полиэстер
  </material>
  <price>
   830908
  </price>
  <rating>
   1.32
  </rating>
  <reviews>
   267589
  </reviews>
  <exclusive>
   yes
  </exclusive>
 </clothing>
 <clothing>
  <id>
   364655828
  </id>
  <name>
   Converse Shirt I-3613
  </name>
  <category>
   Shirt
  </category>
  <size>
   XXL
  </size>
  <color>
   Оранжевый
  </color>
  <material>
   Нейлон
  </material>
  <price>
   870315
  </price>
  <rating>
   2.71
  </rating>
  <reviews>
   57834
  </reviews>
  <new>
   +
  </new>
  <exclusive>
   no
  </exclusive>
  <sporty>
   no
  </sporty>
 </clothing>
 <clothing>
  <id>
   585177539
  </id>
  <name>
   Asics Shoes V-3080
  </name>
  <category>
   Shoes
  </category>
  <size>
   S
  </size>
  <color>
   Голубой
  </color>
  <material>
   Вискоза
  </material>
  <price>
   415823
  </price>
  <rating>
   2.7
  </rating>
  <reviews>
   242759
  </reviews>
  <new>
   -
  </new>
  <sporty>
   yes
  </sporty>
 </clothing>
 <clothing>
  <id>
   997707453
  </id>
  <name>
   Nike Hat C-4655
  </name>
  <category>
   Hat
  </category>
  <size>
   L
  </size>
  <color>
   Синий
  </color>
  <material>
   Кожа
  </material>
  <price>
   370369
  </price>
  <rating>
   2.7
  </rating>
  <reviews>
   114297
  </reviews>
 </clothing>
 <clothing>
  <id>
   652018730
  </id>
  <name>
   Brooks Jeans M-3771
  </name>
  <category>
   Jeans
  </category>
  <size>
   XXL
  </size>
  <color>
   Синий
  </color>
  <material>
   Вискоза
  </material>
  <price>
   771417
  </price>
  <rating>
   4.83
  </rating>
  <reviews>
   313497
  </reviews>
  <new>
   -
  </new>
  <exclusive>
   yes
  </exclusive>
  <sporty>
   no
  </sporty>
 </clothing>
 <clothing>
  <id>
   843990961
  </id>
  <name>
   Converse Belts C-9931
  </name>
  <category>
   Belts
  </category>
  <size>
   XXL
  </size>
  <color>
   Голубой
  </color>
  <material>
   Кожа
  </material>
  <price>
   282630
  </price>
  <rating>
   2.04
  </rating>
  <reviews>
   615187
  </reviews>
  <new>
   +
  </new>
  <sporty>
   no
  </sporty>
 </clothing>
 <clothing>
  <id>
   114546023
  </id>
  <name>
   PleinSport Dress R-7775
  </name>
  <category>
   Dress
  </category>
  <size>
   M
  </size>
  <color>
   Голубой
  </color>
  <material>
   Нейлон
  </material>
  <price>
   982498
  </price>
  <rating>
   1.7
  </rating>
  <reviews>
   87871
  </reviews>
  <new>
   +
  </new>
  <exclusive>
   no
  </exclusive>
  <sporty>
   yes
  </sporty>
 </clothing>
 <clothing>
  <id>
   684979522
  </id>
  <name>
   Brooks Skirt D-3998
  </name>
  <category>
   Skirt
  </category>
  <size>
   XXL
  </size>
  <color>
   Фиолетовый
  </color>
  <material>
   Шелк
  </material>
  <price>
   641699
  </price>
  <rating>
   4.74
  </rating>
  <reviews>
   671284
  </reviews>
  <new>
   +
  </new>
  <exclusive>
   yes
  </exclusive>
  <sporty>
   no
  </sporty>
 </clothing>
 <clothing>
  <id>
   699373096
  </id>
  <name>
   Converse Sweater N-7821
  </name>
  <category>
   Sweater
  </category>
  <size>
   M
  </size>
  <color>
   Желтый
  </color>
  <material>
   Хлопок
  </material>
  <price>
   915626
  </price>
  <rating>
   1.92
  </rating>
  <reviews>
   929658
  </reviews>
  <new>
   +
  </new>
  <exclusive>
   yes
  </exclusive>
  <sporty>
   no
  </sporty>
 </clothing>
 <clothing>
  <id>
   330412441
  </id>
  <name>
   Brooks Shirt B-9333
  </name>
  <category>
   Shirt
  </category>
  <size>
   XL
  </size>
  <color>
   Синий
  </color>
  <material>
   Шелк
  </material>
  <price>
   660434
  </price>
  <rating>
   1.31
  </rating>
  <reviews>
   393114
  </reviews>
  <exclusive>
   no
  </exclusive>
  <sporty>
   yes
  </sporty>
 </clothing>
 <clothing>
  <id>
   346515544
  </id>
  <name>
   Fila Dress M-4683
  </name>
  <category>
   Dress
  </category>
  <size>
   M
  </size>
  <color>
   Голубой
  </color>
  <material>
   Вискоза
  </material>
  <price>
   506190
  </price>
  <rating>
   2.62
  </rating>
  <reviews>
   562567
  </reviews>
  <exclusive>
   yes
  </exclusive>
  <sporty>
   no
  </sporty>
 </clothing>
 <clothing>
  <id>
   652089737
  </id>
  <name>
   Lacoste Blouse D-1742
  </name>
  <category>
   Blouse
  </category>
  <size>
   S
  </size>
  <color>
   Голубой
  </color>
  <material>
   Шелк
  </material>
  <price>
   580262
  </price>
  <rating>
   3.51
  </rating>
  <reviews>
   623323
  </reviews>
  <exclusive>
   yes
  </exclusive>
  <sporty>
   no
  </sporty>
 </clothing>
 <clothing>
  <id>
   911283476
  </id>
  <name>
   Under Armour Skirt N-7765
  </name>
  <category>
   Skirt
  </category>
  <size>
   L
  </size>
  <color>
   Желтый
  </color>
  <material>
   Полиэстер
  </material>
  <price>
   895040
  </price>
  <rating>
   3.22
  </rating>
  <reviews>
   869711
  </reviews>
  <exclusive>
   yes
  </exclusive>
 </clothing>
 <clothing>
  <id>
   561851778
  </id>
  <name>
   Lacoste Blouse L-7754
  </name>
  <category>
   Blouse
  </category>
  <size>
   S
  </size>
  <color>
   Голубой
  </color>
  <material>
   Шелк
  </material>
  <price>
   901951
  </price>
  <rating>
   3.97
  </rating>
  <reviews>
   891953
  </reviews>
  <new>
   -
  </new>
  <sporty>
   no
  </sporty>
 </clothing>
 <clothing>
  <id>
   318606583
  </id>
  <name>
   Nike Shirt D-6781
  </name>
  <category>
   Shirt
  </category>
  <size>
   S
  </size>
  <color>
   Голубой
  </color>
  <material>
   Полиэстер
  </material>
  <price>
   682569
  </price>
  <rating>
   4.71
  </rating>
  <reviews>
   246664
  </reviews>
 </clothing>
 <clothing>
  <id>
   734873391
  </id>
  <name>
   New Balance Shoes H-9957
  </name>
  <category>
   Shoes
  </category>
  <size>
   L
  </size>
  <color>
   Оранжевый
  </color>
  <material>
   Лен
  </material>
  <price>
   290568
  </price>
  <rating>
   4.5
  </rating>
  <reviews>
   543466
  </reviews>
  <new>
   -
  </new>
  <exclusive>
   yes
  </exclusive>
  <sporty>
   yes
  </sporty>
 </clothing>
 <clothing>
  <id>
   769009151
  </id>
  <name>
   Vans Belts U-1676
  </name>
  <category>
   Belts
  </category>
  <size>
   L
  </size>
  <color>
   Синий
  </color>
  <material>
   Шелк
  </material>
  <price>
   953163
  </price>
  <rating>
   2.47
  </rating>
  <reviews>
   489304
  </reviews>
  <new>
   -
  </new>
 </clothing>
 <clothing>
  <id>
   617984756
  </id>
  <name>
   Converse Shirt T-6955
  </name>
  <category>
   Shirt
  </category>
  <size>
   XXL
  </size>
  <color>
   Красный
  </color>
  <material>
   Полиэстер
  </material>
  <price>
   599725
  </price>
  <rating>
   1.66
  </rating>
  <reviews>
   540791
  </reviews>
  <new>
   -
  </new>
  <exclusive>
   no
  </exclusive>
  <sporty>
   yes
  </sporty>
 </clothing>
 <clothing>
  <id>
   610743054
  </id>
  <name>
   Adidas Belts W-8942
  </name>
  <category>
   Belts
  </category>
  <size>
   L
  </size>
  <color>
   Желтый
  </color>
  <material>
   Хлопок
  </material>
  <price>
   118916
  </price>
  <rating>
   4.31
  </rating>
  <reviews>
   281823
  </reviews>
  <new>
   -
  </new>
  <sporty>
   no
  </sporty>
 </clothing>
 <clothing>
  <id>
   438523681
  </id>
  <name>
   Asics Sweater H-5121
  </name>
  <category>
   Sweater
  </category>
  <size>
   L
  </size>
  <color>
   Фиолетовый
  </color>
  <material>
   Кожа
  </material>
  <price>
   131013
  </price>
  <rating>
   2.35
  </rating>
  <reviews>
   918973
  </reviews>
  <new>
   -
  </new>
  <exclusive>
   no
  </exclusive>
 </clothing>
 <clothing>
  <id>
   624004584
  </id>
  <name>
   PleinSport Hat C-4305
  </name>
  <category>
   Hat
  </category>
  <size>
   XL
  </size>
  <color>
   Красный
  </color>
  <material>
   Хлопок
  </material>
  <price>
   210224
  </price>
  <rating>
   2.38
  </rating>
  <reviews>
   873436
  </reviews>
  <sporty>
   no
  </sporty>
 </clothing>
 <clothing>
  <id>
   919473027
  </id>
  <name>
   Nike Belts U-6404
  </name>
  <category>
   Belts
  </category>
  <size>
   L
  </size>
  <color>
   Зеленый
  </color>
  <material>
   Шерсть
  </material>
  <price>
   496297
  </price>
  <rating>
   4.25
  </rating>
  <reviews>
   675132
  </reviews>
  <new>
   -
  </new>
  <sporty>
   no
  </sporty>
 </clothing>
 <clothing>
  <id>
   303640616
  </id>
  <name>
   Puma Blouse X-5387
  </name>
  <category>
   Blouse
  </category>
  <size>
   S
  </size>
  <color>
   Синий
  </color>
  <material>
   Полиэстер
  </material>
  <price>
   373397
  </price>
  <rating>
   2.32
  </rating>
  <reviews>
   538962
  </reviews>
  <new>
   +
  </new>
 </clothing>
 <clothing>
  <id>
   783855672
  </id>
  <name>
   Ellesse Jacket E-9226
  </name>
  <category>
   Jacket
  </category>
  <size>
   M
  </size>
  <color>
   Голубой
  </color>
  <material>
   Лен
  </material>
  <price>
   537576
  </price>
  <rating>
   2.09
  </rating>
  <reviews>
   176217
  </reviews>
  <new>
   +
  </new>
  <exclusive>
   no
  </exclusive>
  <sporty>
   yes
  </sporty>
 </clothing>
 <clothing>
  <id>
   759697456
  </id>
  <name>
   Lacoste Jeans V-3345
  </name>
  <category>
   Jeans
  </category>
  <size>
   L
  </size>
  <color>
   Желтый
  </color>
  <material>
   Лен
  </material>
  <price>
   616634
  </price>
  <rating>
   2.79
  </rating>
  <reviews>
   80245
  </reviews>
  <new>
   +
  </new>
  <exclusive>
   no
  </exclusive>
  <sporty>
   yes
  </sporty>
 </clothing>
 <clothing>
  <id>
   144847825
  </id>
  <name>
   Lacoste Handbags B-1066
  </name>
  <category>
   Handbags
  </category>
  <size>
   XXL
  </size>
  <color>
   Синий
  </color>
  <material>
   Хлопок
  </material>
  <price>
   239138
  </price>
  <rating>
   1.93
  </rating>
  <reviews>
   992139
  </reviews>
  <new>
   -
  </new>
 </clothing>
 <clothing>
  <id>
   373232597
  </id>
  <name>
   Lacoste Jeans E-6107
  </name>
  <category>
   Jeans
  </category>
  <size>
   XL
  </size>
  <color>
   Красный
  </color>
  <material>
   Лен
  </material>
  <price>
   156406
  </price>
  <rating>
   1.49
  </rating>
  <reviews>
   628323
  </reviews>
  <sporty>
   yes
  </sporty>
 </clothing>
 <clothing>
  <id>
   526862504
  </id>
  <name>
   Under Armour Dress T-3401
  </name>
  <category>
   Dress
  </category>
  <size>
   S
  </size>
  <color>
   Желтый
  </color>
  <material>
   Вискоза
  </material>
  <price>
   279267
  </price>
  <rating>
   4.47
  </rating>
  <reviews>
   800280
  </reviews>
  <new>
   +
  </new>
  <exclusive>
   no
  </exclusive>
 </clothing>
 <clothing>
  <id>
   337310628
  </id>
  <name>
   PleinSport Blouse Y-2735
  </name>
  <category>
   Blouse
  </category>
  <size>
   S
  </size>
  <color>
   Синий
  </color>
  <material>
   Кожа
  </material>
  <price>
   883828
  </price>
  <rating>
   4.14
  </rating>
  <reviews>
   87615
  </reviews>
  <new>
   -
  </new>
  <exclusive>
   no
  </exclusive>
 </clothing>
 <clothing>
  <id>
   245381209
  </id>
  <name>
   DC Shirt Q-3373
  </name>
  <category>
   Shirt
  </category>
  <size>
   XXL
  </size>
  <color>
   Голубой
  </color>
  <material>
   Кожа
  </material>
  <price>
   125135
  </price>
  <rating>
   2.5
  </rating>
  <reviews>
   157829
  </reviews>
  <new>
   -
  </new>
  <exclusive>
   no
  </exclusive>
  <sporty>
   no
  </sporty>
 </clothing>
</clothing-items>
