<?xml version="1.0" encoding="utf-8"?>
<clothing-items>
 <clothing>
  <id>
   180719582
  </id>
  <name>
   Nike Jacket Z-1044
  </name>
  <category>
   Jacket
  </category>
  <size>
   S
  </size>
  <color>
   Фиолетовый
  </color>
  <material>
   Лен
  </material>
  <price>
   319826
  </price>
  <rating>
   3.72
  </rating>
  <reviews>
   683247
  </reviews>
  <new>
   -
  </new>
  <exclusive>
   no
  </exclusive>
  <sporty>
   no
  </sporty>
 </clothing>
 <clothing>
  <id>
   414850121
  </id>
  <name>
   New Balance Jeans G-7214
  </name>
  <category>
   Jeans
  </category>
  <size>
   M
  </size>
  <color>
   Синий
  </color>
  <material>
   Полиэстер
  </material>
  <price>
   374935
  </price>
  <rating>
   3.76
  </rating>
  <reviews>
   665149
  </reviews>
  <exclusive>
   no
  </exclusive>
  <sporty>
   no
  </sporty>
 </clothing>
 <clothing>
  <id>
   309406634
  </id>
  <name>
   Adidas Umbrellas Y-2910
  </name>
  <category>
   Umbrellas
  </category>
  <size>
   XXL
  </size>
  <color>
   Оранжевый
  </color>
  <material>
   Кожа
  </material>
  <price>
   332726
  </price>
  <rating>
   4.62
  </rating>
  <reviews>
   16823
  </reviews>
  <new>
   -
  </new>
  <sporty>
   yes
  </sporty>
 </clothing>
 <clothing>
  <id>
   910135558
  </id>
  <name>
   New Balance Jacket N-6115
  </name>
  <category>
   Jacket
  </category>
  <size>
   M
  </size>
  <color>
   Зеленый
  </color>
  <material>
   Кожа
  </material>
  <price>
   705633
  </price>
  <rating>
   2.67
  </rating>
  <reviews>
   661412
  </reviews>
  <new>
   -
  </new>
  <exclusive>
   yes
  </exclusive>
  <sporty>
   no
  </sporty>
 </clothing>
 <clothing>
  <id>
   125481316
  </id>
  <name>
   DC Pants J-3067
  </name>
  <category>
   Pants
  </category>
  <size>
   L
  </size>
  <color>
   Фиолетовый
  </color>
  <material>
   Полиэстер
  </material>
  <price>
   407675
  </price>
  <rating>
   4.91
  </rating>
  <reviews>
   450041
  </reviews>
  <sporty>
   no
  </sporty>
 </clothing>
 <clothing>
  <id>
   947767280
  </id>
  <name>
   Ellesse Jacket C-3372
  </name>
  <category>
   Jacket
  </category>
  <size>
   XL
  </size>
  <color>
   Голубой
  </color>
  <material>
   Лен
  </material>
  <price>
   611712
  </price>
  <rating>
   1.49
  </rating>
  <reviews>
   974866
  </reviews>
  <sporty>
   no
  </sporty>
 </clothing>
 <clothing>
  <id>
   379304630
  </id>
  <name>
   Asics T-shirt R-5500
  </name>
  <category>
   T-shirt
  </category>
  <size>
   S
  </size>
  <color>
   Голубой
  </color>
  <material>
   Нейлон
  </material>
  <price>
   562467
  </price>
  <rating>
   3.43
  </rating>
  <reviews>
   26654
  </reviews>
  <new>
   +
  </new>
  <exclusive>
   no
  </exclusive>
  <sporty>
   no
  </sporty>
 </clothing>
 <clothing>
  <id>
   390524676
  </id>
  <name>
   Lacoste Hat V-4907
  </name>
  <category>
   Hat
  </category>
  <size>
   M
  </size>
  <color>
   Красный
  </color>
  <material>
   Шелк
  </material>
  <price>
   802601
  </price>
  <rating>
   2.76
  </rating>
  <reviews>
   362651
  </reviews>
  <sporty>
   no
  </sporty>
 </clothing>
 <clothing>
  <id>
   829084582
  </id>
  <name>
   Adidas Shoes D-9476
  </name>
  <category>
   Shoes
  </category>
  <size>
   S
  </size>
  <color>
   Желтый
  </color>
  <material>
   Полиэстер
  </material>
  <price>
   346879
  </price>
  <rating>
   2.82
  </rating>
  <reviews>
   530369
  </reviews>
  <new>
   -
  </new>
  <sporty>
   yes
  </sporty>
 </clothing>
 <clothing>
  <id>
   426813200
  </id>
  <name>
   Converse Pants C-7757
  </name>
  <category>
   Pants
  </category>
  <size>
   L
  </size>
  <color>
   Зеленый
  </color>
  <material>
   Полиэстер
  </material>
  <price>
   153882
  </price>
  <rating>
   4.07
  </rating>
  <reviews>
   974817
  </reviews>
  <exclusive>
   yes
  </exclusive>
  <sporty>
   no
  </sporty>
 </clothing>
 <clothing>
  <id>
   255371673
  </id>
  <name>
   New Balance Skirt V-8693
  </name>
  <category>
   Skirt
  </category>
  <size>
   L
  </size>
  <color>
   Фиолетовый
  </color>
  <material>
   Полиэстер
  </material>
  <price>
   328604
  </price>
  <rating>
   2.13
  </rating>
  <reviews>
   457073
  </reviews>
  <sporty>
   yes
  </sporty>
 </clothing>
 <clothing>
  <id>
   242517548
  </id>
  <name>
   Ellesse Handbags V-5049
  </name>
  <category>
   Handbags
  </category>
  <size>
   XXL
  </size>
  <color>
   Голубой
  </color>
  <material>
   Хлопок
  </material>
  <price>
   391605
  </price>
  <rating>
   3.69
  </rating>
  <reviews>
   980645
  </reviews>
 </clothing>
 <clothing>
  <id>
   175450995
  </id>
  <name>
   Puma Gloves Z-6127
  </name>
  <category>
   Gloves
  </category>
  <size>
   M
  </size>
  <color>
   Оранжевый
  </color>
  <material>
   Кожа
  </material>
  <price>
   883629
  </price>
  <rating>
   2.23
  </rating>
  <reviews>
   494410
  </reviews>
  <new>
   -
  </new>
  <exclusive>
   no
  </exclusive>
  <sporty>
   yes
  </sporty>
 </clothing>
 <clothing>
  <id>
   121470360
  </id>
  <name>
   Under Armour Pants K-3026
  </name>
  <category>
   Pants
  </category>
  <size>
   XXL
  </size>
  <color>
   Зеленый
  </color>
  <material>
   Кожа
  </material>
  <price>
   514948
  </price>
  <rating>
   2.06
  </rating>
  <reviews>
   504957
  </reviews>
  <new>
   +
  </new>
  <exclusive>
   yes
  </exclusive>
  <sporty>
   yes
  </sporty>
 </clothing>
 <clothing>
  <id>
   558047454
  </id>
  <name>
   Converse Hat K-7775
  </name>
  <category>
   Hat
  </category>
  <size>
   L
  </size>
  <color>
   Желтый
  </color>
  <material>
   Вискоза
  </material>
  <price>
   387373
  </price>
  <rating>
   1.49
  </rating>
  <reviews>
   748943
  </reviews>
  <new>
   -
  </new>
  <exclusive>
   yes
  </exclusive>
  <sporty>
   yes
  </sporty>
 </clothing>
 <clothing>
  <id>
   318897797
  </id>
  <name>
   New Balance Pants P-5410
  </name>
  <category>
   Pants
  </category>
  <size>
   M
  </size>
  <color>
   Зеленый
  </color>
  <material>
   Полиэстер
  </material>
  <price>
   352745
  </price>
  <rating>
   4.11
  </rating>
  <reviews>
   236982
  </reviews>
  <sporty>
   no
  </sporty>
 </clothing>
 <clothing>
  <id>
   166939758
  </id>
  <name>
   Adidas Socks Y-2453
  </name>
  <category>
   Socks
  </category>
  <size>
   M
  </size>
  <color>
   Желтый
  </color>
  <material>
   Лен
  </material>
  <price>
   262683
  </price>
  <rating>
   2.18
  </rating>
  <reviews>
   940868
  </reviews>
  <new>
   -
  </new>
  <sporty>
   no
  </sporty>
 </clothing>
 <clothing>
  <id>
   878030299
  </id>
  <name>
   Brooks Handbags J-3036
  </name>
  <category>
   Handbags
  </category>
  <size>
   L
  </size>
  <color>
   Голубой
  </color>
  <material>
   Шелк
  </material>
  <price>
   513275
  </price>
  <rating>
   1.6
  </rating>
  <reviews>
   413860
  </reviews>
  <new>
   -
  </new>
  <exclusive>
   yes
  </exclusive>
  <sporty>
   no
  </sporty>
 </clothing>
 <clothing>
  <id>
   801980543
  </id>
  <name>
   Reebok Jacket I-7907
  </name>
  <category>
   Jacket
  </category>
  <size>
   XXL
  </size>
  <color>
   Синий
  </color>
  <material>
   Нейлон
  </material>
  <price>
   607129
  </price>
  <rating>
   1.77
  </rating>
  <reviews>
   551208
  </reviews>
  <new>
   +
  </new>
  <sporty>
   no
  </sporty>
 </clothing>
 <clothing>
  <id>
   125060684
  </id>
  <name>
   Lacoste Shirt T-5777
  </name>
  <category>
   Shirt
  </category>
  <size>
   XL
  </size>
  <color>
   Оранжевый
  </color>
  <material>
   Шелк
  </material>
  <price>
   160539
  </price>
  <rating>
   4.63
  </rating>
  <reviews>
   920022
  </reviews>
  <new>
   +
  </new>
 </clothing>
 <clothing>
  <id>
   405137105
  </id>
  <name>
   Fila Hat S-3511
  </name>
  <category>
   Hat
  </category>
  <size>
   M
  </size>
  <color>
   Голубой
  </color>
  <material>
   Нейлон
  </material>
  <price>
   683428
  </price>
  <rating>
   1.35
  </rating>
  <reviews>
   975370
  </reviews>
  <exclusive>
   no
  </exclusive>
 </clothing>
 <clothing>
  <id>
   621732092
  </id>
  <name>
   Brooks Jacket J-4004
  </name>
  <category>
   Jacket
  </category>
  <size>
   S
  </size>
  <color>
   Зеленый
  </color>
  <material>
   Кожа
  </material>
  <price>
   871033
  </price>
  <rating>
   1.83
  </rating>
  <reviews>
   502542
  </reviews>
  <exclusive>
   no
  </exclusive>
  <sporty>
   no
  </sporty>
 </clothing>
 <clothing>
  <id>
   811092010
  </id>
  <name>
   Under Armour Hat M-3189
  </name>
  <category>
   Hat
  </category>
  <size>
   XL
  </size>
  <color>
   Красный
  </color>
  <material>
   Лен
  </material>
  <price>
   945198
  </price>
  <rating>
   2.72
  </rating>
  <reviews>
   345264
  </reviews>
  <sporty>
   yes
  </sporty>
 </clothing>
 <clothing>
  <id>
   150908003
  </id>
  <name>
   Fila Pants U-8707
  </name>
  <category>
   Pants
  </category>
  <size>
   L
  </size>
  <color>
   Фиолетовый
  </color>
  <material>
   Шерсть
  </material>
  <price>
   128603
  </price>
  <rating>
   1.67
  </rating>
  <reviews>
   74282
  </reviews>
 </clothing>
 <clothing>
  <id>
   615731301
  </id>
  <name>
   New Balance Umbrellas W-4613
  </name>
  <category>
   Umbrellas
  </category>
  <size>
   S
  </size>
  <color>
   Красный
  </color>
  <material>
   Нейлон
  </material>
  <price>
   381029
  </price>
  <rating>
   2.27
  </rating>
  <reviews>
   562433
  </reviews>
  <new>
   +
  </new>
  <exclusive>
   no
  </exclusive>
  <sporty>
   no
  </sporty>
 </clothing>
 <clothing>
  <id>
   672473238
  </id>
  <name>
   Brooks Skirt J-3591
  </name>
  <category>
   Skirt
  </category>
  <size>
   S
  </size>
  <color>
   Оранжевый
  </color>
  <material>
   Нейлон
  </material>
  <price>
   283893
  </price>
  <rating>
   3.94
  </rating>
  <reviews>
   398131
  </reviews>
  <exclusive>
   yes
  </exclusive>
  <sporty>
   yes
  </sporty>
 </clothing>
 <clothing>
  <id>
   908164508
  </id>
  <name>
   Addidas Jeans I-1248
  </name>
  <category>
   Jeans
  </category>
  <size>
   XL
  </size>
  <color>
   Желтый
  </color>
  <material>
   Нейлон
  </material>
  <price>
   605160
  </price>
  <rating>
   3.75
  </rating>
  <reviews>
   508673
  </reviews>
  <new>
   -
  </new>
  <exclusive>
   yes
  </exclusive>
  <sporty>
   no
  </sporty>
 </clothing>
 <clothing>
  <id>
   254542604
  </id>
  <name>
   DC Shirt T-2065
  </name>
  <category>
   Shirt
  </category>
  <size>
   L
  </size>
  <color>
   Желтый
  </color>
  <material>
   Шерсть
  </material>
  <price>
   560185
  </price>
  <rating>
   2.64
  </rating>
  <reviews>
   733650
  </reviews>
  <sporty>
   no
  </sporty>
 </clothing>
</clothing-items>
