<?xml version="1.0" encoding="utf-8"?>
<clothing-items>
 <clothing>
  <id>
   621724001
  </id>
  <name>
   Reebok Hat X-8383
  </name>
  <category>
   Hat
  </category>
  <size>
   XL
  </size>
  <color>
   Оранжевый
  </color>
  <material>
   Шерсть
  </material>
  <price>
   159103
  </price>
  <rating>
   4.12
  </rating>
  <reviews>
   582645
  </reviews>
  <new>
   -
  </new>
  <sporty>
   yes
  </sporty>
 </clothing>
 <clothing>
  <id>
   558020928
  </id>
  <name>
   Converse Socks T-8702
  </name>
  <category>
   Socks
  </category>
  <size>
   L
  </size>
  <color>
   Фиолетовый
  </color>
  <material>
   Шерсть
  </material>
  <price>
   355020
  </price>
  <rating>
   3.71
  </rating>
  <reviews>
   498228
  </reviews>
  <new>
   +
  </new>
  <exclusive>
   no
  </exclusive>
  <sporty>
   no
  </sporty>
 </clothing>
 <clothing>
  <id>
   949470328
  </id>
  <name>
   Puma Jeans E-1577
  </name>
  <category>
   Jeans
  </category>
  <size>
   XL
  </size>
  <color>
   Желтый
  </color>
  <material>
   Шелк
  </material>
  <price>
   658497
  </price>
  <rating>
   3.47
  </rating>
  <reviews>
   38412
  </reviews>
  <exclusive>
   yes
  </exclusive>
  <sporty>
   no
  </sporty>
 </clothing>
 <clothing>
  <id>
   500788977
  </id>
  <name>
   DC Jacket Z-2136
  </name>
  <category>
   Jacket
  </category>
  <size>
   M
  </size>
  <color>
   Зеленый
  </color>
  <material>
   Шерсть
  </material>
  <price>
   903105
  </price>
  <rating>
   2.85
  </rating>
  <reviews>
   614383
  </reviews>
  <new>
   +
  </new>
  <sporty>
   yes
  </sporty>
 </clothing>
 <clothing>
  <id>
   556280005
  </id>
  <name>
   Converse Gloves J-2337
  </name>
  <category>
   Gloves
  </category>
  <size>
   XXL
  </size>
  <color>
   Желтый
  </color>
  <material>
   Шерсть
  </material>
  <price>
   828304
  </price>
  <rating>
   4.62
  </rating>
  <reviews>
   554877
  </reviews>
  <sporty>
   no
  </sporty>
 </clothing>
 <clothing>
  <id>
   917756525
  </id>
  <name>
   DC Jeans W-8340
  </name>
  <category>
   Jeans
  </category>
  <size>
   S
  </size>
  <color>
   Синий
  </color>
  <material>
   Шерсть
  </material>
  <price>
   550026
  </price>
  <rating>
   1.07
  </rating>
  <reviews>
   569697
  </reviews>
  <exclusive>
   yes
  </exclusive>
  <sporty>
   no
  </sporty>
 </clothing>
 <clothing>
  <id>
   416678698
  </id>
  <name>
   Puma Belts Y-3799
  </name>
  <category>
   Belts
  </category>
  <size>
   S
  </size>
  <color>
   Желтый
  </color>
  <material>
   Нейлон
  </material>
  <price>
   483271
  </price>
  <rating>
   2.97
  </rating>
  <reviews>
   49157
  </reviews>
  <sporty>
   no
  </sporty>
 </clothing>
 <clothing>
  <id>
   636739962
  </id>
  <name>
   Nike Hat W-7714
  </name>
  <category>
   Hat
  </category>
  <size>
   XL
  </size>
  <color>
   Желтый
  </color>
  <material>
   Шелк
  </material>
  <price>
   554641
  </price>
  <rating>
   1.5
  </rating>
  <reviews>
   84601
  </reviews>
  <new>
   -
  </new>
  <sporty>
   no
  </sporty>
 </clothing>
 <clothing>
  <id>
   120455182
  </id>
  <name>
   Under Armour Shirt S-5905
  </name>
  <category>
   Shirt
  </category>
  <size>
   XL
  </size>
  <color>
   Голубой
  </color>
  <material>
   Полиэстер
  </material>
  <price>
   853544
  </price>
  <rating>
   1.48
  </rating>
  <reviews>
   318123
  </reviews>
  <sporty>
   yes
  </sporty>
 </clothing>
 <clothing>
  <id>
   935529811
  </id>
  <name>
   Vans Sweater X-6110
  </name>
  <category>
   Sweater
  </category>
  <size>
   XXL
  </size>
  <color>
   Зеленый
  </color>
  <material>
   Полиэстер
  </material>
  <price>
   336877
  </price>
  <rating>
   2.25
  </rating>
  <reviews>
   151807
  </reviews>
  <exclusive>
   no
  </exclusive>
  <sporty>
   no
  </sporty>
 </clothing>
 <clothing>
  <id>
   917006336
  </id>
  <name>
   Adidas Socks K-6030
  </name>
  <category>
   Socks
  </category>
  <size>
   S
  </size>
  <color>
   Оранжевый
  </color>
  <material>
   Шерсть
  </material>
  <price>
   304473
  </price>
  <rating>
   3.85
  </rating>
  <reviews>
   552531
  </reviews>
  <exclusive>
   yes
  </exclusive>
  <sporty>
   yes
  </sporty>
 </clothing>
 <clothing>
  <id>
   183454331
  </id>
  <name>
   New Balance Sweater L-9884
  </name>
  <category>
   Sweater
  </category>
  <size>
   XXL
  </size>
  <color>
   Зеленый
  </color>
  <material>
   Шелк
  </material>
  <price>
   336207
  </price>
  <rating>
   3.6
  </rating>
  <reviews>
   395780
  </reviews>
  <new>
   -
  </new>
  <exclusive>
   yes
  </exclusive>
  <sporty>
   no
  </sporty>
 </clothing>
 <clothing>
  <id>
   366895814
  </id>
  <name>
   Adidas Dress L-9832
  </name>
  <category>
   Dress
  </category>
  <size>
   XL
  </size>
  <color>
   Зеленый
  </color>
  <material>
   Лен
  </material>
  <price>
   415235
  </price>
  <rating>
   3.55
  </rating>
  <reviews>
   632445
  </reviews>
  <new>
   +
  </new>
  <sporty>
   yes
  </sporty>
 </clothing>
 <clothing>
  <id>
   989924368
  </id>
  <name>
   Adidas Pants V-9313
  </name>
  <category>
   Pants
  </category>
  <size>
   L
  </size>
  <color>
   Фиолетовый
  </color>
  <material>
   Хлопок
  </material>
  <price>
   363004
  </price>
  <rating>
   2.66
  </rating>
  <reviews>
   703467
  </reviews>
  <new>
   -
  </new>
 </clothing>
 <clothing>
  <id>
   369847844
  </id>
  <name>
   Converse Socks E-1244
  </name>
  <category>
   Socks
  </category>
  <size>
   S
  </size>
  <color>
   Фиолетовый
  </color>
  <material>
   Нейлон
  </material>
  <price>
   148707
  </price>
  <rating>
   4.87
  </rating>
  <reviews>
   676171
  </reviews>
  <exclusive>
   no
  </exclusive>
 </clothing>
 <clothing>
  <id>
   699556213
  </id>
  <name>
   Converse Jacket Y-8358
  </name>
  <category>
   Jacket
  </category>
  <size>
   M
  </size>
  <color>
   Синий
  </color>
  <material>
   Шерсть
  </material>
  <price>
   760867
  </price>
  <rating>
   3.44
  </rating>
  <reviews>
   635951
  </reviews>
  <new>
   -
  </new>
 </clothing>
 <clothing>
  <id>
   545010870
  </id>
  <name>
   Asics Sweater M-5718
  </name>
  <category>
   Sweater
  </category>
  <size>
   L
  </size>
  <color>
   Красный
  </color>
  <material>
   Полиэстер
  </material>
  <price>
   449078
  </price>
  <rating>
   3.07
  </rating>
  <reviews>
   420935
  </reviews>
  <new>
   +
  </new>
  <sporty>
   no
  </sporty>
 </clothing>
 <clothing>
  <id>
   695970519
  </id>
  <name>
   Nike Belts U-5972
  </name>
  <category>
   Belts
  </category>
  <size>
   XL
  </size>
  <color>
   Голубой
  </color>
  <material>
   Шерсть
  </material>
  <price>
   324753
  </price>
  <rating>
   2.91
  </rating>
  <reviews>
   108011
  </reviews>
  <new>
   +
  </new>
 </clothing>
 <clothing>
  <id>
   273046201
  </id>
  <name>
   Asics Blouse J-8753
  </name>
  <category>
   Blouse
  </category>
  <size>
   S
  </size>
  <color>
   Желтый
  </color>
  <material>
   Нейлон
  </material>
  <price>
   736115
  </price>
  <rating>
   3.97
  </rating>
  <reviews>
   815299
  </reviews>
  <new>
   +
  </new>
  <sporty>
   no
  </sporty>
 </clothing>
 <clothing>
  <id>
   752586500
  </id>
  <name>
   Lacoste Umbrellas Z-2502
  </name>
  <category>
   Umbrellas
  </category>
  <size>
   S
  </size>
  <color>
   Зеленый
  </color>
  <material>
   Шерсть
  </material>
  <price>
   591031
  </price>
  <rating>
   1.92
  </rating>
  <reviews>
   976901
  </reviews>
  <new>
   -
  </new>
  <exclusive>
   yes
  </exclusive>
  <sporty>
   no
  </sporty>
 </clothing>
 <clothing>
  <id>
   318009389
  </id>
  <name>
   Lacoste Handbags O-6798
  </name>
  <category>
   Handbags
  </category>
  <size>
   L
  </size>
  <color>
   Зеленый
  </color>
  <material>
   Хлопок
  </material>
  <price>
   333965
  </price>
  <rating>
   1.9
  </rating>
  <reviews>
   368933
  </reviews>
  <sporty>
   yes
  </sporty>
 </clothing>
 <clothing>
  <id>
   304866598
  </id>
  <name>
   Lacoste Shirt H-5532
  </name>
  <category>
   Shirt
  </category>
  <size>
   XL
  </size>
  <color>
   Фиолетовый
  </color>
  <material>
   Шерсть
  </material>
  <price>
   148931
  </price>
  <rating>
   1.97
  </rating>
  <reviews>
   826499
  </reviews>
  <exclusive>
   no
  </exclusive>
  <sporty>
   yes
  </sporty>
 </clothing>
 <clothing>
  <id>
   963412663
  </id>
  <name>
   Under Armour Shoes X-5418
  </name>
  <category>
   Shoes
  </category>
  <size>
   XL
  </size>
  <color>
   Красный
  </color>
  <material>
   Кожа
  </material>
  <price>
   178567
  </price>
  <rating>
   1.21
  </rating>
  <reviews>
   561881
  </reviews>
  <new>
   +
  </new>
  <exclusive>
   no
  </exclusive>
  <sporty>
   no
  </sporty>
 </clothing>
 <clothing>
  <id>
   778774406
  </id>
  <name>
   New Balance Shoes C-3242
  </name>
  <category>
   Shoes
  </category>
  <size>
   L
  </size>
  <color>
   Оранжевый
  </color>
  <material>
   Шелк
  </material>
  <price>
   109409
  </price>
  <rating>
   4.95
  </rating>
  <reviews>
   247524
  </reviews>
  <sporty>
   no
  </sporty>
 </clothing>
 <clothing>
  <id>
   467469732
  </id>
  <name>
   Vans Jeans H-5911
  </name>
  <category>
   Jeans
  </category>
  <size>
   S
  </size>
  <color>
   Красный
  </color>
  <material>
   Вискоза
  </material>
  <price>
   265475
  </price>
  <rating>
   4.35
  </rating>
  <reviews>
   807540
  </reviews>
  <new>
   +
  </new>
  <sporty>
   no
  </sporty>
 </clothing>
 <clothing>
  <id>
   539649007
  </id>
  <name>
   Addidas Umbrellas D-9959
  </name>
  <category>
   Umbrellas
  </category>
  <size>
   M
  </size>
  <color>
   Зеленый
  </color>
  <material>
   Лен
  </material>
  <price>
   641716
  </price>
  <rating>
   3.27
  </rating>
  <reviews>
   212166
  </reviews>
  <new>
   +
  </new>
  <sporty>
   yes
  </sporty>
 </clothing>
 <clothing>
  <id>
   938492959
  </id>
  <name>
   Adidas Dress S-9185
  </name>
  <category>
   Dress
  </category>
  <size>
   L
  </size>
  <color>
   Фиолетовый
  </color>
  <material>
   Шерсть
  </material>
  <price>
   797389
  </price>
  <rating>
   2.15
  </rating>
  <reviews>
   51257
  </reviews>
  <new>
   +
  </new>
  <exclusive>
   yes
  </exclusive>
 </clothing>
 <clothing>
  <id>
   882006234
  </id>
  <name>
   Ellesse Gloves H-4721
  </name>
  <category>
   Gloves
  </category>
  <size>
   XXL
  </size>
  <color>
   Зеленый
  </color>
  <material>
   Шерсть
  </material>
  <price>
   575488
  </price>
  <rating>
   3.52
  </rating>
  <reviews>
   440541
  </reviews>
 </clothing>
 <clothing>
  <id>
   408294650
  </id>
  <name>
   Lacoste Gloves V-3852
  </name>
  <category>
   Gloves
  </category>
  <size>
   XXL
  </size>
  <color>
   Красный
  </color>
  <material>
   Шелк
  </material>
  <price>
   736402
  </price>
  <rating>
   3.1
  </rating>
  <reviews>
   751068
  </reviews>
  <new>
   -
  </new>
  <sporty>
   yes
  </sporty>
 </clothing>
 <clothing>
  <id>
   939183398
  </id>
  <name>
   Under Armour Shirt Z-9260
  </name>
  <category>
   Shirt
  </category>
  <size>
   S
  </size>
  <color>
   Голубой
  </color>
  <material>
   Полиэстер
  </material>
  <price>
   703408
  </price>
  <rating>
   4.57
  </rating>
  <reviews>
   401096
  </reviews>
  <new>
   -
  </new>
 </clothing>
 <clothing>
  <id>
   381642465
  </id>
  <name>
   Lacoste Handbags P-1117
  </name>
  <category>
   Handbags
  </category>
  <size>
   XL
  </size>
  <color>
   Желтый
  </color>
  <material>
   Шелк
  </material>
  <price>
   521493
  </price>
  <rating>
   2.02
  </rating>
  <reviews>
   93668
  </reviews>
  <new>
   -
  </new>
 </clothing>
 <clothing>
  <id>
   345446951
  </id>
  <name>
   Fila Belts R-7764
  </name>
  <category>
   Belts
  </category>
  <size>
   XL
  </size>
  <color>
   Зеленый
  </color>
  <material>
   Вискоза
  </material>
  <price>
   361281
  </price>
  <rating>
   4.04
  </rating>
  <reviews>
   311649
  </reviews>
  <new>
   +
  </new>
  <exclusive>
   no
  </exclusive>
  <sporty>
   yes
  </sporty>
 </clothing>
 <clothing>
  <id>
   460532146
  </id>
  <name>
   Asics Shoes I-4622
  </name>
  <category>
   Shoes
  </category>
  <size>
   XL
  </size>
  <color>
   Синий
  </color>
  <material>
   Шерсть
  </material>
  <price>
   954477
  </price>
  <rating>
   3.5
  </rating>
  <reviews>
   713953
  </reviews>
  <exclusive>
   no
  </exclusive>
 </clothing>
 <clothing>
  <id>
   600651902
  </id>
  <name>
   Lacoste Socks S-6009
  </name>
  <category>
   Socks
  </category>
  <size>
   S
  </size>
  <color>
   Фиолетовый
  </color>
  <material>
   Полиэстер
  </material>
  <price>
   322064
  </price>
  <rating>
   3.12
  </rating>
  <reviews>
   222169
  </reviews>
  <sporty>
   yes
  </sporty>
 </clothing>
 <clothing>
  <id>
   457940812
  </id>
  <name>
   Adidas Pants G-5308
  </name>
  <category>
   Pants
  </category>
  <size>
   XL
  </size>
  <color>
   Красный
  </color>
  <material>
   Лен
  </material>
  <price>
   241602
  </price>
  <rating>
   3.19
  </rating>
  <reviews>
   555819
  </reviews>
  <new>
   -
  </new>
  <sporty>
   no
  </sporty>
 </clothing>
 <clothing>
  <id>
   957153216
  </id>
  <name>
   Lacoste Dress R-5531
  </name>
  <category>
   Dress
  </category>
  <size>
   XXL
  </size>
  <color>
   Красный
  </color>
  <material>
   Лен
  </material>
  <price>
   189255
  </price>
  <rating>
   4.83
  </rating>
  <reviews>
   14898
  </reviews>
  <new>
   -
  </new>
  <sporty>
   no
  </sporty>
 </clothing>
 <clothing>
  <id>
   638023685
  </id>
  <name>
   Reebok Blouse F-8496
  </name>
  <category>
   Blouse
  </category>
  <size>
   XXL
  </size>
  <color>
   Оранжевый
  </color>
  <material>
   Лен
  </material>
  <price>
   728513
  </price>
  <rating>
   2.31
  </rating>
  <reviews>
   98705
  </reviews>
  <sporty>
   no
  </sporty>
 </clothing>
 <clothing>
  <id>
   423687928
  </id>
  <name>
   New Balance Belts X-7429
  </name>
  <category>
   Belts
  </category>
  <size>
   M
  </size>
  <color>
   Желтый
  </color>
  <material>
   Шелк
  </material>
  <price>
   356711
  </price>
  <rating>
   1.07
  </rating>
  <reviews>
   69233
  </reviews>
 </clothing>
 <clothing>
  <id>
   779061911
  </id>
  <name>
   Under Armour Dress I-1613
  </name>
  <category>
   Dress
  </category>
  <size>
   XXL
  </size>
  <color>
   Оранжевый
  </color>
  <material>
   Кожа
  </material>
  <price>
   581456
  </price>
  <rating>
   2.85
  </rating>
  <reviews>
   253113
  </reviews>
  <new>
   +
  </new>
  <exclusive>
   no
  </exclusive>
  <sporty>
   no
  </sporty>
 </clothing>
 <clothing>
  <id>
   546570636
  </id>
  <name>
   Puma Gloves A-7398
  </name>
  <category>
   Gloves
  </category>
  <size>
   XL
  </size>
  <color>
   Оранжевый
  </color>
  <material>
   Полиэстер
  </material>
  <price>
   481906
  </price>
  <rating>
   1.15
  </rating>
  <reviews>
   309601
  </reviews>
  <exclusive>
   yes
  </exclusive>
  <sporty>
   yes
  </sporty>
 </clothing>
 <clothing>
  <id>
   605908021
  </id>
  <name>
   PleinSport Skirt Q-4908
  </name>
  <category>
   Skirt
  </category>
  <size>
   L
  </size>
  <color>
   Зеленый
  </color>
  <material>
   Полиэстер
  </material>
  <price>
   436965
  </price>
  <rating>
   1.34
  </rating>
  <reviews>
   726120
  </reviews>
  <new>
   -
  </new>
  <exclusive>
   yes
  </exclusive>
 </clothing>
 <clothing>
  <id>
   979634163
  </id>
  <name>
   Nike Handbags L-9021
  </name>
  <category>
   Handbags
  </category>
  <size>
   L
  </size>
  <color>
   Зеленый
  </color>
  <material>
   Полиэстер
  </material>
  <price>
   173316
  </price>
  <rating>
   1.57
  </rating>
  <reviews>
   906776
  </reviews>
  <exclusive>
   yes
  </exclusive>
  <sporty>
   yes
  </sporty>
 </clothing>
 <clothing>
  <id>
   406498655
  </id>
  <name>
   Asics Hat Q-6280
  </name>
  <category>
   Hat
  </category>
  <size>
   XXL
  </size>
  <color>
   Красный
  </color>
  <material>
   Шелк
  </material>
  <price>
   118829
  </price>
  <rating>
   4.44
  </rating>
  <reviews>
   468157
  </reviews>
  <new>
   -
  </new>
  <sporty>
   yes
  </sporty>
 </clothing>
 <clothing>
  <id>
   272097720
  </id>
  <name>
   PleinSport Skirt F-3742
  </name>
  <category>
   Skirt
  </category>
  <size>
   XL
  </size>
  <color>
   Синий
  </color>
  <material>
   Кожа
  </material>
  <price>
   448284
  </price>
  <rating>
   2.29
  </rating>
  <reviews>
   19982
  </reviews>
  <sporty>
   no
  </sporty>
 </clothing>
</clothing-items>
