<?xml version="1.0" encoding="utf-8"?>
<clothing-items>
 <clothing>
  <id>
   131316449
  </id>
  <name>
   Addidas Shoes H-7619
  </name>
  <category>
   Shoes
  </category>
  <size>
   M
  </size>
  <color>
   Желтый
  </color>
  <material>
   Лен
  </material>
  <price>
   502972
  </price>
  <rating>
   4.4
  </rating>
  <reviews>
   529402
  </reviews>
  <new>
   -
  </new>
 </clothing>
 <clothing>
  <id>
   469129350
  </id>
  <name>
   Brooks Shirt T-9402
  </name>
  <category>
   Shirt
  </category>
  <size>
   S
  </size>
  <color>
   Голубой
  </color>
  <material>
   Полиэстер
  </material>
  <price>
   885364
  </price>
  <rating>
   3.26
  </rating>
  <reviews>
   702747
  </reviews>
 </clothing>
 <clothing>
  <id>
   558917553
  </id>
  <name>
   DC Jeans U-3039
  </name>
  <category>
   Jeans
  </category>
  <size>
   M
  </size>
  <color>
   Желтый
  </color>
  <material>
   Шерсть
  </material>
  <price>
   911256
  </price>
  <rating>
   1.79
  </rating>
  <reviews>
   529936
  </reviews>
  <exclusive>
   no
  </exclusive>
 </clothing>
 <clothing>
  <id>
   178548834
  </id>
  <name>
   Asics Jeans M-9562
  </name>
  <category>
   Jeans
  </category>
  <size>
   XXL
  </size>
  <color>
   Голубой
  </color>
  <material>
   Полиэстер
  </material>
  <price>
   185850
  </price>
  <rating>
   4.93
  </rating>
  <reviews>
   485068
  </reviews>
  <sporty>
   no
  </sporty>
 </clothing>
 <clothing>
  <id>
   975285344
  </id>
  <name>
   Adidas Jeans Y-8253
  </name>
  <category>
   Jeans
  </category>
  <size>
   XL
  </size>
  <color>
   Красный
  </color>
  <material>
   Шерсть
  </material>
  <price>
   767319
  </price>
  <rating>
   4.36
  </rating>
  <reviews>
   526170
  </reviews>
  <new>
   -
  </new>
  <exclusive>
   yes
  </exclusive>
 </clothing>
 <clothing>
  <id>
   763210604
  </id>
  <name>
   Under Armour Shoes J-7709
  </name>
  <category>
   Shoes
  </category>
  <size>
   M
  </size>
  <color>
   Фиолетовый
  </color>
  <material>
   Полиэстер
  </material>
  <price>
   477383
  </price>
  <rating>
   2.7
  </rating>
  <reviews>
   700817
  </reviews>
  <exclusive>
   no
  </exclusive>
 </clothing>
 <clothing>
  <id>
   441385672
  </id>
  <name>
   Asics Handbags C-5888
  </name>
  <category>
   Handbags
  </category>
  <size>
   XL
  </size>
  <color>
   Оранжевый
  </color>
  <material>
   Лен
  </material>
  <price>
   531523
  </price>
  <rating>
   2.45
  </rating>
  <reviews>
   5984
  </reviews>
  <sporty>
   no
  </sporty>
 </clothing>
 <clothing>
  <id>
   648374629
  </id>
  <name>
   Nike Handbags P-8500
  </name>
  <category>
   Handbags
  </category>
  <size>
   XL
  </size>
  <color>
   Желтый
  </color>
  <material>
   Лен
  </material>
  <price>
   915381
  </price>
  <rating>
   3.27
  </rating>
  <reviews>
   383055
  </reviews>
  <sporty>
   yes
  </sporty>
 </clothing>
 <clothing>
  <id>
   196306628
  </id>
  <name>
   Nike Dress T-9568
  </name>
  <category>
   Dress
  </category>
  <size>
   L
  </size>
  <color>
   Красный
  </color>
  <material>
   Шерсть
  </material>
  <price>
   530895
  </price>
  <rating>
   4.56
  </rating>
  <reviews>
   756572
  </reviews>
  <exclusive>
   no
  </exclusive>
 </clothing>
 <clothing>
  <id>
   979204185
  </id>
  <name>
   Vans Sweater G-9258
  </name>
  <category>
   Sweater
  </category>
  <size>
   XL
  </size>
  <color>
   Красный
  </color>
  <material>
   Лен
  </material>
  <price>
   372800
  </price>
  <rating>
   3.41
  </rating>
  <reviews>
   87589
  </reviews>
 </clothing>
 <clothing>
  <id>
   223471994
  </id>
  <name>
   Addidas Handbags A-5020
  </name>
  <category>
   Handbags
  </category>
  <size>
   XXL
  </size>
  <color>
   Желтый
  </color>
  <material>
   Нейлон
  </material>
  <price>
   274346
  </price>
  <rating>
   2.73
  </rating>
  <reviews>
   384072
  </reviews>
  <new>
   -
  </new>
  <sporty>
   yes
  </sporty>
 </clothing>
 <clothing>
  <id>
   834277293
  </id>
  <name>
   Converse Jacket O-9201
  </name>
  <category>
   Jacket
  </category>
  <size>
   XL
  </size>
  <color>
   Желтый
  </color>
  <material>
   Кожа
  </material>
  <price>
   384793
  </price>
  <rating>
   4.81
  </rating>
  <reviews>
   564558
  </reviews>
  <sporty>
   no
  </sporty>
 </clothing>
 <clothing>
  <id>
   616349743
  </id>
  <name>
   Under Armour Blouse D-9260
  </name>
  <category>
   Blouse
  </category>
  <size>
   XL
  </size>
  <color>
   Оранжевый
  </color>
  <material>
   Кожа
  </material>
  <price>
   537365
  </price>
  <rating>
   3.43
  </rating>
  <reviews>
   114082
  </reviews>
  <new>
   +
  </new>
  <exclusive>
   no
  </exclusive>
  <sporty>
   no
  </sporty>
 </clothing>
 <clothing>
  <id>
   478420595
  </id>
  <name>
   Reebok Umbrellas O-1791
  </name>
  <category>
   Umbrellas
  </category>
  <size>
   L
  </size>
  <color>
   Оранжевый
  </color>
  <material>
   Хлопок
  </material>
  <price>
   424808
  </price>
  <rating>
   4.98
  </rating>
  <reviews>
   391114
  </reviews>
 </clothing>
 <clothing>
  <id>
   323968030
  </id>
  <name>
   DC Shirt O-1203
  </name>
  <category>
   Shirt
  </category>
  <size>
   XL
  </size>
  <color>
   Синий
  </color>
  <material>
   Вискоза
  </material>
  <price>
   252286
  </price>
  <rating>
   4.24
  </rating>
  <reviews>
   761434
  </reviews>
  <new>
   -
  </new>
  <exclusive>
   no
  </exclusive>
  <sporty>
   no
  </sporty>
 </clothing>
 <clothing>
  <id>
   450655326
  </id>
  <name>
   Fila Skirt R-2105
  </name>
  <category>
   Skirt
  </category>
  <size>
   XL
  </size>
  <color>
   Оранжевый
  </color>
  <material>
   Нейлон
  </material>
  <price>
   557005
  </price>
  <rating>
   3.54
  </rating>
  <reviews>
   441998
  </reviews>
  <new>
   +
  </new>
  <sporty>
   yes
  </sporty>
 </clothing>
 <clothing>
  <id>
   418281910
  </id>
  <name>
   Ellesse Handbags V-1205
  </name>
  <category>
   Handbags
  </category>
  <size>
   M
  </size>
  <color>
   Голубой
  </color>
  <material>
   Шерсть
  </material>
  <price>
   339308
  </price>
  <rating>
   1.4
  </rating>
  <reviews>
   116167
  </reviews>
  <new>
   -
  </new>
 </clothing>
 <clothing>
  <id>
   202639051
  </id>
  <name>
   Nike Hat L-7398
  </name>
  <category>
   Hat
  </category>
  <size>
   XXL
  </size>
  <color>
   Голубой
  </color>
  <material>
   Кожа
  </material>
  <price>
   537725
  </price>
  <rating>
   2.39
  </rating>
  <reviews>
   243046
  </reviews>
  <new>
   +
  </new>
  <exclusive>
   yes
  </exclusive>
 </clothing>
 <clothing>
  <id>
   208948313
  </id>
  <name>
   DC Hat V-7206
  </name>
  <category>
   Hat
  </category>
  <size>
   XXL
  </size>
  <color>
   Зеленый
  </color>
  <material>
   Вискоза
  </material>
  <price>
   341619
  </price>
  <rating>
   4.74
  </rating>
  <reviews>
   136295
  </reviews>
  <exclusive>
   yes
  </exclusive>
  <sporty>
   yes
  </sporty>
 </clothing>
 <clothing>
  <id>
   784215691
  </id>
  <name>
   Brooks Shoes A-5373
  </name>
  <category>
   Shoes
  </category>
  <size>
   M
  </size>
  <color>
   Зеленый
  </color>
  <material>
   Хлопок
  </material>
  <price>
   741378
  </price>
  <rating>
   2.52
  </rating>
  <reviews>
   608724
  </reviews>
  <exclusive>
   no
  </exclusive>
 </clothing>
 <clothing>
  <id>
   852721548
  </id>
  <name>
   Lacoste Jacket K-5357
  </name>
  <category>
   Jacket
  </category>
  <size>
   L
  </size>
  <color>
   Желтый
  </color>
  <material>
   Кожа
  </material>
  <price>
   679007
  </price>
  <rating>
   2.63
  </rating>
  <reviews>
   671104
  </reviews>
  <exclusive>
   yes
  </exclusive>
  <sporty>
   yes
  </sporty>
 </clothing>
 <clothing>
  <id>
   897565584
  </id>
  <name>
   New Balance Socks N-5507
  </name>
  <category>
   Socks
  </category>
  <size>
   XXL
  </size>
  <color>
   Синий
  </color>
  <material>
   Вискоза
  </material>
  <price>
   802572
  </price>
  <rating>
   2.73
  </rating>
  <reviews>
   55969
  </reviews>
  <new>
   -
  </new>
  <exclusive>
   no
  </exclusive>
  <sporty>
   yes
  </sporty>
 </clothing>
 <clothing>
  <id>
   260651119
  </id>
  <name>
   PleinSport Dress Q-3156
  </name>
  <category>
   Dress
  </category>
  <size>
   XXL
  </size>
  <color>
   Оранжевый
  </color>
  <material>
   Полиэстер
  </material>
  <price>
   620996
  </price>
  <rating>
   3.09
  </rating>
  <reviews>
   818025
  </reviews>
  <exclusive>
   no
  </exclusive>
 </clothing>
 <clothing>
  <id>
   707217587
  </id>
  <name>
   Lacoste Shirt F-7367
  </name>
  <category>
   Shirt
  </category>
  <size>
   XXL
  </size>
  <color>
   Голубой
  </color>
  <material>
   Хлопок
  </material>
  <price>
   345407
  </price>
  <rating>
   3.82
  </rating>
  <reviews>
   96533
  </reviews>
  <new>
   -
  </new>
  <sporty>
   no
  </sporty>
 </clothing>
 <clothing>
  <id>
   147375926
  </id>
  <name>
   Puma Umbrellas W-8058
  </name>
  <category>
   Umbrellas
  </category>
  <size>
   S
  </size>
  <color>
   Оранжевый
  </color>
  <material>
   Шелк
  </material>
  <price>
   634305
  </price>
  <rating>
   4.81
  </rating>
  <reviews>
   547920
  </reviews>
  <new>
   +
  </new>
  <sporty>
   yes
  </sporty>
 </clothing>
 <clothing>
  <id>
   871301092
  </id>
  <name>
   DC Hat I-5694
  </name>
  <category>
   Hat
  </category>
  <size>
   S
  </size>
  <color>
   Красный
  </color>
  <material>
   Кожа
  </material>
  <price>
   772536
  </price>
  <rating>
   4.13
  </rating>
  <reviews>
   279437
  </reviews>
  <new>
   -
  </new>
  <exclusive>
   no
  </exclusive>
 </clothing>
 <clothing>
  <id>
   570293002
  </id>
  <name>
   Vans Belts Z-7670
  </name>
  <category>
   Belts
  </category>
  <size>
   M
  </size>
  <color>
   Желтый
  </color>
  <material>
   Шелк
  </material>
  <price>
   248857
  </price>
  <rating>
   2.77
  </rating>
  <reviews>
   592657
  </reviews>
  <sporty>
   no
  </sporty>
 </clothing>
 <clothing>
  <id>
   558276596
  </id>
  <name>
   PleinSport Jeans J-2030
  </name>
  <category>
   Jeans
  </category>
  <size>
   S
  </size>
  <color>
   Красный
  </color>
  <material>
   Полиэстер
  </material>
  <price>
   456396
  </price>
  <rating>
   3.89
  </rating>
  <reviews>
   659353
  </reviews>
  <new>
   +
  </new>
  <exclusive>
   yes
  </exclusive>
  <sporty>
   yes
  </sporty>
 </clothing>
 <clothing>
  <id>
   490602086
  </id>
  <name>
   Lacoste Skirt O-8876
  </name>
  <category>
   Skirt
  </category>
  <size>
   M
  </size>
  <color>
   Желтый
  </color>
  <material>
   Вискоза
  </material>
  <price>
   267035
  </price>
  <rating>
   1.41
  </rating>
  <reviews>
   444923
  </reviews>
  <new>
   -
  </new>
  <sporty>
   no
  </sporty>
 </clothing>
 <clothing>
  <id>
   407603333
  </id>
  <name>
   Addidas Shirt W-4923
  </name>
  <category>
   Shirt
  </category>
  <size>
   XL
  </size>
  <color>
   Фиолетовый
  </color>
  <material>
   Полиэстер
  </material>
  <price>
   716840
  </price>
  <rating>
   4.38
  </rating>
  <reviews>
   579440
  </reviews>
  <new>
   +
  </new>
 </clothing>
 <clothing>
  <id>
   673645766
  </id>
  <name>
   Puma Sweater J-3749
  </name>
  <category>
   Sweater
  </category>
  <size>
   XXL
  </size>
  <color>
   Голубой
  </color>
  <material>
   Шелк
  </material>
  <price>
   514095
  </price>
  <rating>
   1.37
  </rating>
  <reviews>
   808358
  </reviews>
  <new>
   -
  </new>
  <exclusive>
   yes
  </exclusive>
 </clothing>
 <clothing>
  <id>
   263419453
  </id>
  <name>
   Addidas Jeans J-7219
  </name>
  <category>
   Jeans
  </category>
  <size>
   S
  </size>
  <color>
   Голубой
  </color>
  <material>
   Полиэстер
  </material>
  <price>
   567684
  </price>
  <rating>
   4.02
  </rating>
  <reviews>
   372153
  </reviews>
  <exclusive>
   no
  </exclusive>
  <sporty>
   yes
  </sporty>
 </clothing>
 <clothing>
  <id>
   137526652
  </id>
  <name>
   Lacoste Shoes P-7322
  </name>
  <category>
   Shoes
  </category>
  <size>
   XXL
  </size>
  <color>
   Желтый
  </color>
  <material>
   Шелк
  </material>
  <price>
   196779
  </price>
  <rating>
   4.29
  </rating>
  <reviews>
   57119
  </reviews>
  <exclusive>
   no
  </exclusive>
  <sporty>
   yes
  </sporty>
 </clothing>
 <clothing>
  <id>
   706384914
  </id>
  <name>
   Fila Belts Q-7542
  </name>
  <category>
   Belts
  </category>
  <size>
   L
  </size>
  <color>
   Зеленый
  </color>
  <material>
   Вискоза
  </material>
  <price>
   807508
  </price>
  <rating>
   1.25
  </rating>
  <reviews>
   366566
  </reviews>
  <new>
   +
  </new>
  <sporty>
   yes
  </sporty>
 </clothing>
 <clothing>
  <id>
   731340578
  </id>
  <name>
   DC Belts A-3013
  </name>
  <category>
   Belts
  </category>
  <size>
   M
  </size>
  <color>
   Зеленый
  </color>
  <material>
   Вискоза
  </material>
  <price>
   399612
  </price>
  <rating>
   3.45
  </rating>
  <reviews>
   472252
  </reviews>
  <new>
   -
  </new>
  <sporty>
   no
  </sporty>
 </clothing>
 <clothing>
  <id>
   446028598
  </id>
  <name>
   Addidas Shoes O-1513
  </name>
  <category>
   Shoes
  </category>
  <size>
   L
  </size>
  <color>
   Синий
  </color>
  <material>
   Вискоза
  </material>
  <price>
   376985
  </price>
  <rating>
   2.66
  </rating>
  <reviews>
   514541
  </reviews>
 </clothing>
 <clothing>
  <id>
   972121504
  </id>
  <name>
   New Balance Blouse T-2481
  </name>
  <category>
   Blouse
  </category>
  <size>
   XXL
  </size>
  <color>
   Фиолетовый
  </color>
  <material>
   Полиэстер
  </material>
  <price>
   277621
  </price>
  <rating>
   3.78
  </rating>
  <reviews>
   132293
  </reviews>
  <exclusive>
   no
  </exclusive>
  <sporty>
   no
  </sporty>
 </clothing>
 <clothing>
  <id>
   103205967
  </id>
  <name>
   Puma Pants B-2286
  </name>
  <category>
   Pants
  </category>
  <size>
   M
  </size>
  <color>
   Фиолетовый
  </color>
  <material>
   Шелк
  </material>
  <price>
   173414
  </price>
  <rating>
   4.18
  </rating>
  <reviews>
   726977
  </reviews>
  <new>
   +
  </new>
  <exclusive>
   no
  </exclusive>
  <sporty>
   no
  </sporty>
 </clothing>
 <clothing>
  <id>
   664331666
  </id>
  <name>
   Lacoste T-shirt A-2450
  </name>
  <category>
   T-shirt
  </category>
  <size>
   S
  </size>
  <color>
   Синий
  </color>
  <material>
   Вискоза
  </material>
  <price>
   607022
  </price>
  <rating>
   1.27
  </rating>
  <reviews>
   524791
  </reviews>
 </clothing>
 <clothing>
  <id>
   767330204
  </id>
  <name>
   Converse Jacket Q-2116
  </name>
  <category>
   Jacket
  </category>
  <size>
   XL
  </size>
  <color>
   Синий
  </color>
  <material>
   Кожа
  </material>
  <price>
   356947
  </price>
  <rating>
   4.86
  </rating>
  <reviews>
   736776
  </reviews>
  <new>
   -
  </new>
  <sporty>
   yes
  </sporty>
 </clothing>
 <clothing>
  <id>
   983984291
  </id>
  <name>
   Asics Blouse D-2311
  </name>
  <category>
   Blouse
  </category>
  <size>
   L
  </size>
  <color>
   Фиолетовый
  </color>
  <material>
   Полиэстер
  </material>
  <price>
   623756
  </price>
  <rating>
   2.1
  </rating>
  <reviews>
   144672
  </reviews>
  <new>
   -
  </new>
  <sporty>
   no
  </sporty>
 </clothing>
 <clothing>
  <id>
   452362905
  </id>
  <name>
   Lacoste Blouse I-5558
  </name>
  <category>
   Blouse
  </category>
  <size>
   M
  </size>
  <color>
   Голубой
  </color>
  <material>
   Кожа
  </material>
  <price>
   210916
  </price>
  <rating>
   4.84
  </rating>
  <reviews>
   837103
  </reviews>
  <sporty>
   no
  </sporty>
 </clothing>
 <clothing>
  <id>
   627145050
  </id>
  <name>
   DC Gloves B-4307
  </name>
  <category>
   Gloves
  </category>
  <size>
   M
  </size>
  <color>
   Красный
  </color>
  <material>
   Шерсть
  </material>
  <price>
   941154
  </price>
  <rating>
   1.74
  </rating>
  <reviews>
   979382
  </reviews>
  <new>
   -
  </new>
  <sporty>
   no
  </sporty>
 </clothing>
 <clothing>
  <id>
   802823351
  </id>
  <name>
   Converse Blouse G-8295
  </name>
  <category>
   Blouse
  </category>
  <size>
   S
  </size>
  <color>
   Оранжевый
  </color>
  <material>
   Шелк
  </material>
  <price>
   978069
  </price>
  <rating>
   1.0
  </rating>
  <reviews>
   128111
  </reviews>
  <new>
   -
  </new>
 </clothing>
 <clothing>
  <id>
   830631386
  </id>
  <name>
   Vans Sweater R-1764
  </name>
  <category>
   Sweater
  </category>
  <size>
   S
  </size>
  <color>
   Желтый
  </color>
  <material>
   Лен
  </material>
  <price>
   854769
  </price>
  <rating>
   1.51
  </rating>
  <reviews>
   463556
  </reviews>
  <new>
   -
  </new>
 </clothing>
 <clothing>
  <id>
   367836820
  </id>
  <name>
   Adidas Umbrellas U-5750
  </name>
  <category>
   Umbrellas
  </category>
  <size>
   M
  </size>
  <color>
   Оранжевый
  </color>
  <material>
   Лен
  </material>
  <price>
   150381
  </price>
  <rating>
   3.16
  </rating>
  <reviews>
   706098
  </reviews>
  <exclusive>
   no
  </exclusive>
  <sporty>
   no
  </sporty>
 </clothing>
 <clothing>
  <id>
   919828564
  </id>
  <name>
   Addidas Belts O-7285
  </name>
  <category>
   Belts
  </category>
  <size>
   L
  </size>
  <color>
   Оранжевый
  </color>
  <material>
   Лен
  </material>
  <price>
   903315
  </price>
  <rating>
   1.01
  </rating>
  <reviews>
   795972
  </reviews>
  <new>
   -
  </new>
  <exclusive>
   yes
  </exclusive>
 </clothing>
 <clothing>
  <id>
   636211266
  </id>
  <name>
   Puma Handbags Y-9220
  </name>
  <category>
   Handbags
  </category>
  <size>
   XXL
  </size>
  <color>
   Голубой
  </color>
  <material>
   Нейлон
  </material>
  <price>
   582264
  </price>
  <rating>
   3.0
  </rating>
  <reviews>
   862383
  </reviews>
  <new>
   -
  </new>
  <exclusive>
   yes
  </exclusive>
 </clothing>
</clothing-items>
