<?xml version="1.0" encoding="utf-8"?>
<clothing-items>
 <clothing>
  <id>
   866238733
  </id>
  <name>
   Reebok T-shirt E-6548
  </name>
  <category>
   T-shirt
  </category>
  <size>
   XL
  </size>
  <color>
   Желтый
  </color>
  <material>
   Хлопок
  </material>
  <price>
   979528
  </price>
  <rating>
   2.32
  </rating>
  <reviews>
   276568
  </reviews>
  <new>
   -
  </new>
 </clothing>
 <clothing>
  <id>
   515151198
  </id>
  <name>
   New Balance Jacket I-5196
  </name>
  <category>
   Jacket
  </category>
  <size>
   S
  </size>
  <color>
   Оранжевый
  </color>
  <material>
   Полиэстер
  </material>
  <price>
   530938
  </price>
  <rating>
   1.04
  </rating>
  <reviews>
   887086
  </reviews>
  <new>
   -
  </new>
 </clothing>
 <clothing>
  <id>
   998310660
  </id>
  <name>
   DC Gloves X-1039
  </name>
  <category>
   Gloves
  </category>
  <size>
   XL
  </size>
  <color>
   Оранжевый
  </color>
  <material>
   Шерсть
  </material>
  <price>
   326518
  </price>
  <rating>
   1.05
  </rating>
  <reviews>
   209525
  </reviews>
  <exclusive>
   no
  </exclusive>
 </clothing>
 <clothing>
  <id>
   817793059
  </id>
  <name>
   Nike Jeans L-5966
  </name>
  <category>
   Jeans
  </category>
  <size>
   L
  </size>
  <color>
   Голубой
  </color>
  <material>
   Лен
  </material>
  <price>
   281367
  </price>
  <rating>
   1.83
  </rating>
  <reviews>
   240128
  </reviews>
 </clothing>
 <clothing>
  <id>
   527888561
  </id>
  <name>
   Fila Dress L-4328
  </name>
  <category>
   Dress
  </category>
  <size>
   L
  </size>
  <color>
   Голубой
  </color>
  <material>
   Нейлон
  </material>
  <price>
   801815
  </price>
  <rating>
   3.0
  </rating>
  <reviews>
   548740
  </reviews>
  <new>
   -
  </new>
  <exclusive>
   no
  </exclusive>
  <sporty>
   no
  </sporty>
 </clothing>
 <clothing>
  <id>
   444957077
  </id>
  <name>
   Puma Pants S-3590
  </name>
  <category>
   Pants
  </category>
  <size>
   XL
  </size>
  <color>
   Голубой
  </color>
  <material>
   Нейлон
  </material>
  <price>
   487208
  </price>
  <rating>
   3.47
  </rating>
  <reviews>
   531374
  </reviews>
  <new>
   -
  </new>
  <sporty>
   no
  </sporty>
 </clothing>
 <clothing>
  <id>
   292617963
  </id>
  <name>
   Under Armour Handbags X-4951
  </name>
  <category>
   Handbags
  </category>
  <size>
   XL
  </size>
  <color>
   Синий
  </color>
  <material>
   Вискоза
  </material>
  <price>
   678157
  </price>
  <rating>
   2.07
  </rating>
  <reviews>
   285970
  </reviews>
  <exclusive>
   no
  </exclusive>
  <sporty>
   no
  </sporty>
 </clothing>
 <clothing>
  <id>
   310868879
  </id>
  <name>
   New Balance Hat O-9774
  </name>
  <category>
   Hat
  </category>
  <size>
   M
  </size>
  <color>
   Красный
  </color>
  <material>
   Полиэстер
  </material>
  <price>
   510406
  </price>
  <rating>
   3.25
  </rating>
  <reviews>
   863434
  </reviews>
  <new>
   +
  </new>
  <exclusive>
   yes
  </exclusive>
  <sporty>
   no
  </sporty>
 </clothing>
 <clothing>
  <id>
   671853650
  </id>
  <name>
   Asics Blouse T-2418
  </name>
  <category>
   Blouse
  </category>
  <size>
   L
  </size>
  <color>
   Красный
  </color>
  <material>
   Лен
  </material>
  <price>
   732784
  </price>
  <rating>
   3.67
  </rating>
  <reviews>
   242135
  </reviews>
  <new>
   -
  </new>
  <exclusive>
   no
  </exclusive>
 </clothing>
 <clothing>
  <id>
   562399954
  </id>
  <name>
   New Balance Hat C-4592
  </name>
  <category>
   Hat
  </category>
  <size>
   XXL
  </size>
  <color>
   Синий
  </color>
  <material>
   Лен
  </material>
  <price>
   531413
  </price>
  <rating>
   4.39
  </rating>
  <reviews>
   962725
  </reviews>
  <exclusive>
   no
  </exclusive>
  <sporty>
   yes
  </sporty>
 </clothing>
 <clothing>
  <id>
   511585053
  </id>
  <name>
   Lacoste Skirt Q-6314
  </name>
  <category>
   Skirt
  </category>
  <size>
   L
  </size>
  <color>
   Голубой
  </color>
  <material>
   Хлопок
  </material>
  <price>
   690927
  </price>
  <rating>
   2.17
  </rating>
  <reviews>
   987792
  </reviews>
  <new>
   +
  </new>
  <exclusive>
   no
  </exclusive>
  <sporty>
   no
  </sporty>
 </clothing>
 <clothing>
  <id>
   363029561
  </id>
  <name>
   Vans Shoes I-8982
  </name>
  <category>
   Shoes
  </category>
  <size>
   XXL
  </size>
  <color>
   Фиолетовый
  </color>
  <material>
   Нейлон
  </material>
  <price>
   321548
  </price>
  <rating>
   2.78
  </rating>
  <reviews>
   175615
  </reviews>
  <new>
   -
  </new>
  <sporty>
   no
  </sporty>
 </clothing>
 <clothing>
  <id>
   797823415
  </id>
  <name>
   Lacoste Skirt B-3005
  </name>
  <category>
   Skirt
  </category>
  <size>
   XXL
  </size>
  <color>
   Оранжевый
  </color>
  <material>
   Вискоза
  </material>
  <price>
   335081
  </price>
  <rating>
   4.06
  </rating>
  <reviews>
   31995
  </reviews>
  <new>
   +
  </new>
  <exclusive>
   yes
  </exclusive>
  <sporty>
   yes
  </sporty>
 </clothing>
 <clothing>
  <id>
   287914601
  </id>
  <name>
   Vans Jeans Z-5411
  </name>
  <category>
   Jeans
  </category>
  <size>
   XXL
  </size>
  <color>
   Голубой
  </color>
  <material>
   Нейлон
  </material>
  <price>
   762446
  </price>
  <rating>
   2.82
  </rating>
  <reviews>
   211651
  </reviews>
  <new>
   -
  </new>
 </clothing>
 <clothing>
  <id>
   289488160
  </id>
  <name>
   Brooks Jacket N-7848
  </name>
  <category>
   Jacket
  </category>
  <size>
   XL
  </size>
  <color>
   Оранжевый
  </color>
  <material>
   Полиэстер
  </material>
  <price>
   878013
  </price>
  <rating>
   1.93
  </rating>
  <reviews>
   908075
  </reviews>
  <new>
   -
  </new>
  <exclusive>
   no
  </exclusive>
 </clothing>
 <clothing>
  <id>
   811689502
  </id>
  <name>
   Adidas Dress N-1755
  </name>
  <category>
   Dress
  </category>
  <size>
   XL
  </size>
  <color>
   Фиолетовый
  </color>
  <material>
   Вискоза
  </material>
  <price>
   854458
  </price>
  <rating>
   2.86
  </rating>
  <reviews>
   299357
  </reviews>
  <new>
   +
  </new>
  <exclusive>
   no
  </exclusive>
  <sporty>
   no
  </sporty>
 </clothing>
 <clothing>
  <id>
   202657665
  </id>
  <name>
   Under Armour Skirt Q-4021
  </name>
  <category>
   Skirt
  </category>
  <size>
   S
  </size>
  <color>
   Синий
  </color>
  <material>
   Нейлон
  </material>
  <price>
   266633
  </price>
  <rating>
   1.25
  </rating>
  <reviews>
   292116
  </reviews>
  <exclusive>
   yes
  </exclusive>
  <sporty>
   yes
  </sporty>
 </clothing>
 <clothing>
  <id>
   579891596
  </id>
  <name>
   Fila Socks G-8517
  </name>
  <category>
   Socks
  </category>
  <size>
   S
  </size>
  <color>
   Желтый
  </color>
  <material>
   Шелк
  </material>
  <price>
   442160
  </price>
  <rating>
   1.12
  </rating>
  <reviews>
   825212
  </reviews>
  <new>
   -
  </new>
  <sporty>
   no
  </sporty>
 </clothing>
 <clothing>
  <id>
   425657732
  </id>
  <name>
   New Balance Hat U-3240
  </name>
  <category>
   Hat
  </category>
  <size>
   XL
  </size>
  <color>
   Синий
  </color>
  <material>
   Нейлон
  </material>
  <price>
   328621
  </price>
  <rating>
   3.97
  </rating>
  <reviews>
   799327
  </reviews>
  <new>
   -
  </new>
  <sporty>
   no
  </sporty>
 </clothing>
 <clothing>
  <id>
   394632771
  </id>
  <name>
   New Balance Belts L-2960
  </name>
  <category>
   Belts
  </category>
  <size>
   XXL
  </size>
  <color>
   Фиолетовый
  </color>
  <material>
   Кожа
  </material>
  <price>
   949700
  </price>
  <rating>
   2.29
  </rating>
  <reviews>
   350466
  </reviews>
  <exclusive>
   yes
  </exclusive>
  <sporty>
   yes
  </sporty>
 </clothing>
 <clothing>
  <id>
   365003782
  </id>
  <name>
   Brooks Jeans I-7177
  </name>
  <category>
   Jeans
  </category>
  <size>
   L
  </size>
  <color>
   Голубой
  </color>
  <material>
   Кожа
  </material>
  <price>
   189541
  </price>
  <rating>
   3.85
  </rating>
  <reviews>
   181639
  </reviews>
  <exclusive>
   yes
  </exclusive>
 </clothing>
 <clothing>
  <id>
   392185010
  </id>
  <name>
   Converse Dress R-7790
  </name>
  <category>
   Dress
  </category>
  <size>
   L
  </size>
  <color>
   Красный
  </color>
  <material>
   Шелк
  </material>
  <price>
   853455
  </price>
  <rating>
   3.83
  </rating>
  <reviews>
   200436
  </reviews>
  <new>
   -
  </new>
  <exclusive>
   no
  </exclusive>
  <sporty>
   no
  </sporty>
 </clothing>
 <clothing>
  <id>
   908360866
  </id>
  <name>
   PleinSport Belts J-3126
  </name>
  <category>
   Belts
  </category>
  <size>
   L
  </size>
  <color>
   Голубой
  </color>
  <material>
   Полиэстер
  </material>
  <price>
   968176
  </price>
  <rating>
   1.74
  </rating>
  <reviews>
   412278
  </reviews>
  <new>
   -
  </new>
  <exclusive>
   yes
  </exclusive>
  <sporty>
   yes
  </sporty>
 </clothing>
 <clothing>
  <id>
   622784293
  </id>
  <name>
   Addidas T-shirt Q-8128
  </name>
  <category>
   T-shirt
  </category>
  <size>
   XXL
  </size>
  <color>
   Зеленый
  </color>
  <material>
   Шелк
  </material>
  <price>
   340301
  </price>
  <rating>
   1.69
  </rating>
  <reviews>
   196311
  </reviews>
  <sporty>
   no
  </sporty>
 </clothing>
 <clothing>
  <id>
   423317327
  </id>
  <name>
   Reebok Gloves S-7647
  </name>
  <category>
   Gloves
  </category>
  <size>
   M
  </size>
  <color>
   Красный
  </color>
  <material>
   Нейлон
  </material>
  <price>
   919443
  </price>
  <rating>
   4.15
  </rating>
  <reviews>
   997619
  </reviews>
  <new>
   -
  </new>
 </clothing>
 <clothing>
  <id>
   838841060
  </id>
  <name>
   Lacoste Handbags Y-5327
  </name>
  <category>
   Handbags
  </category>
  <size>
   L
  </size>
  <color>
   Фиолетовый
  </color>
  <material>
   Нейлон
  </material>
  <price>
   629576
  </price>
  <rating>
   1.19
  </rating>
  <reviews>
   624551
  </reviews>
  <exclusive>
   yes
  </exclusive>
 </clothing>
 <clothing>
  <id>
   716612438
  </id>
  <name>
   Addidas Jeans J-5112
  </name>
  <category>
   Jeans
  </category>
  <size>
   S
  </size>
  <color>
   Фиолетовый
  </color>
  <material>
   Шелк
  </material>
  <price>
   868572
  </price>
  <rating>
   4.62
  </rating>
  <reviews>
   174940
  </reviews>
  <exclusive>
   yes
  </exclusive>
 </clothing>
 <clothing>
  <id>
   815024391
  </id>
  <name>
   Reebok Umbrellas U-6195
  </name>
  <category>
   Umbrellas
  </category>
  <size>
   XL
  </size>
  <color>
   Синий
  </color>
  <material>
   Лен
  </material>
  <price>
   803564
  </price>
  <rating>
   3.54
  </rating>
  <reviews>
   589439
  </reviews>
  <exclusive>
   no
  </exclusive>
  <sporty>
   no
  </sporty>
 </clothing>
 <clothing>
  <id>
   796831472
  </id>
  <name>
   Puma Dress W-5190
  </name>
  <category>
   Dress
  </category>
  <size>
   S
  </size>
  <color>
   Желтый
  </color>
  <material>
   Полиэстер
  </material>
  <price>
   117410
  </price>
  <rating>
   4.92
  </rating>
  <reviews>
   658153
  </reviews>
  <new>
   +
  </new>
  <exclusive>
   no
  </exclusive>
  <sporty>
   no
  </sporty>
 </clothing>
 <clothing>
  <id>
   587267999
  </id>
  <name>
   Converse Pants F-8870
  </name>
  <category>
   Pants
  </category>
  <size>
   XXL
  </size>
  <color>
   Зеленый
  </color>
  <material>
   Шелк
  </material>
  <price>
   327492
  </price>
  <rating>
   4.19
  </rating>
  <reviews>
   870455
  </reviews>
  <exclusive>
   yes
  </exclusive>
  <sporty>
   no
  </sporty>
 </clothing>
 <clothing>
  <id>
   188822224
  </id>
  <name>
   Adidas Umbrellas D-5540
  </name>
  <category>
   Umbrellas
  </category>
  <size>
   S
  </size>
  <color>
   Красный
  </color>
  <material>
   Вискоза
  </material>
  <price>
   699480
  </price>
  <rating>
   4.56
  </rating>
  <reviews>
   328885
  </reviews>
  <new>
   -
  </new>
  <exclusive>
   no
  </exclusive>
 </clothing>
 <clothing>
  <id>
   994428151
  </id>
  <name>
   New Balance Dress C-2964
  </name>
  <category>
   Dress
  </category>
  <size>
   L
  </size>
  <color>
   Красный
  </color>
  <material>
   Хлопок
  </material>
  <price>
   458443
  </price>
  <rating>
   3.63
  </rating>
  <reviews>
   448289
  </reviews>
  <exclusive>
   yes
  </exclusive>
 </clothing>
 <clothing>
  <id>
   870345595
  </id>
  <name>
   Under Armour Jeans H-1121
  </name>
  <category>
   Jeans
  </category>
  <size>
   L
  </size>
  <color>
   Зеленый
  </color>
  <material>
   Шелк
  </material>
  <price>
   243328
  </price>
  <rating>
   2.51
  </rating>
  <reviews>
   102104
  </reviews>
  <exclusive>
   yes
  </exclusive>
 </clothing>
 <clothing>
  <id>
   500755800
  </id>
  <name>
   PleinSport Blouse V-3428
  </name>
  <category>
   Blouse
  </category>
  <size>
   M
  </size>
  <color>
   Желтый
  </color>
  <material>
   Шелк
  </material>
  <price>
   421899
  </price>
  <rating>
   4.82
  </rating>
  <reviews>
   960666
  </reviews>
  <new>
   -
  </new>
  <sporty>
   no
  </sporty>
 </clothing>
 <clothing>
  <id>
   664056061
  </id>
  <name>
   Under Armour Blouse V-7667
  </name>
  <category>
   Blouse
  </category>
  <size>
   S
  </size>
  <color>
   Желтый
  </color>
  <material>
   Шерсть
  </material>
  <price>
   926167
  </price>
  <rating>
   3.41
  </rating>
  <reviews>
   608759
  </reviews>
  <new>
   -
  </new>
  <sporty>
   yes
  </sporty>
 </clothing>
 <clothing>
  <id>
   764303659
  </id>
  <name>
   Lacoste Shirt G-8962
  </name>
  <category>
   Shirt
  </category>
  <size>
   M
  </size>
  <color>
   Зеленый
  </color>
  <material>
   Хлопок
  </material>
  <price>
   547466
  </price>
  <rating>
   2.23
  </rating>
  <reviews>
   365970
  </reviews>
  <new>
   +
  </new>
  <exclusive>
   no
  </exclusive>
 </clothing>
 <clothing>
  <id>
   260508037
  </id>
  <name>
   Converse Skirt O-5755
  </name>
  <category>
   Skirt
  </category>
  <size>
   M
  </size>
  <color>
   Оранжевый
  </color>
  <material>
   Шерсть
  </material>
  <price>
   740331
  </price>
  <rating>
   4.12
  </rating>
  <reviews>
   685706
  </reviews>
  <new>
   -
  </new>
  <exclusive>
   yes
  </exclusive>
  <sporty>
   yes
  </sporty>
 </clothing>
 <clothing>
  <id>
   247871054
  </id>
  <name>
   Fila Dress E-2272
  </name>
  <category>
   Dress
  </category>
  <size>
   XL
  </size>
  <color>
   Голубой
  </color>
  <material>
   Шерсть
  </material>
  <price>
   358319
  </price>
  <rating>
   2.83
  </rating>
  <reviews>
   339045
  </reviews>
  <exclusive>
   no
  </exclusive>
  <sporty>
   no
  </sporty>
 </clothing>
 <clothing>
  <id>
   391731722
  </id>
  <name>
   New Balance Umbrellas U-9052
  </name>
  <category>
   Umbrellas
  </category>
  <size>
   S
  </size>
  <color>
   Голубой
  </color>
  <material>
   Хлопок
  </material>
  <price>
   191127
  </price>
  <rating>
   1.15
  </rating>
  <reviews>
   985560
  </reviews>
  <new>
   +
  </new>
  <exclusive>
   no
  </exclusive>
 </clothing>
 <clothing>
  <id>
   835866364
  </id>
  <name>
   PleinSport Socks Q-5201
  </name>
  <category>
   Socks
  </category>
  <size>
   XL
  </size>
  <color>
   Красный
  </color>
  <material>
   Нейлон
  </material>
  <price>
   924713
  </price>
  <rating>
   1.3
  </rating>
  <reviews>
   351840
  </reviews>
  <exclusive>
   yes
  </exclusive>
 </clothing>
 <clothing>
  <id>
   977909976
  </id>
  <name>
   DC Shirt B-7121
  </name>
  <category>
   Shirt
  </category>
  <size>
   S
  </size>
  <color>
   Оранжевый
  </color>
  <material>
   Шерсть
  </material>
  <price>
   280174
  </price>
  <rating>
   2.06
  </rating>
  <reviews>
   605747
  </reviews>
  <new>
   -
  </new>
  <sporty>
   yes
  </sporty>
 </clothing>
 <clothing>
  <id>
   449162040
  </id>
  <name>
   DC Hat C-5021
  </name>
  <category>
   Hat
  </category>
  <size>
   XXL
  </size>
  <color>
   Желтый
  </color>
  <material>
   Нейлон
  </material>
  <price>
   406706
  </price>
  <rating>
   3.47
  </rating>
  <reviews>
   79421
  </reviews>
  <new>
   -
  </new>
  <exclusive>
   no
  </exclusive>
  <sporty>
   no
  </sporty>
 </clothing>
 <clothing>
  <id>
   871389786
  </id>
  <name>
   Puma Shirt H-7432
  </name>
  <category>
   Shirt
  </category>
  <size>
   S
  </size>
  <color>
   Синий
  </color>
  <material>
   Лен
  </material>
  <price>
   845206
  </price>
  <rating>
   4.22
  </rating>
  <reviews>
   614428
  </reviews>
  <new>
   -
  </new>
 </clothing>
 <clothing>
  <id>
   299175175
  </id>
  <name>
   Puma Jeans K-4539
  </name>
  <category>
   Jeans
  </category>
  <size>
   S
  </size>
  <color>
   Фиолетовый
  </color>
  <material>
   Нейлон
  </material>
  <price>
   712991
  </price>
  <rating>
   1.55
  </rating>
  <reviews>
   399016
  </reviews>
  <new>
   -
  </new>
  <exclusive>
   yes
  </exclusive>
 </clothing>
 <clothing>
  <id>
   643449667
  </id>
  <name>
   Ellesse Skirt M-8427
  </name>
  <category>
   Skirt
  </category>
  <size>
   XL
  </size>
  <color>
   Оранжевый
  </color>
  <material>
   Нейлон
  </material>
  <price>
   615855
  </price>
  <rating>
   1.54
  </rating>
  <reviews>
   951824
  </reviews>
  <new>
   -
  </new>
  <exclusive>
   no
  </exclusive>
  <sporty>
   no
  </sporty>
 </clothing>
 <clothing>
  <id>
   648200309
  </id>
  <name>
   DC Shoes F-8994
  </name>
  <category>
   Shoes
  </category>
  <size>
   M
  </size>
  <color>
   Синий
  </color>
  <material>
   Шелк
  </material>
  <price>
   524130
  </price>
  <rating>
   2.28
  </rating>
  <reviews>
   142662
  </reviews>
 </clothing>
 <clothing>
  <id>
   967827706
  </id>
  <name>
   Vans Belts O-9902
  </name>
  <category>
   Belts
  </category>
  <size>
   M
  </size>
  <color>
   Желтый
  </color>
  <material>
   Шерсть
  </material>
  <price>
   324589
  </price>
  <rating>
   3.96
  </rating>
  <reviews>
   787416
  </reviews>
  <exclusive>
   no
  </exclusive>
 </clothing>
</clothing-items>
