<?xml version="1.0" encoding="utf-8"?>
<clothing-items>
 <clothing>
  <id>
   207357779
  </id>
  <name>
   Fila Sweater R-1742
  </name>
  <category>
   Sweater
  </category>
  <size>
   XXL
  </size>
  <color>
   Синий
  </color>
  <material>
   Шелк
  </material>
  <price>
   294791
  </price>
  <rating>
   1.44
  </rating>
  <reviews>
   133254
  </reviews>
  <new>
   -
  </new>
  <exclusive>
   no
  </exclusive>
  <sporty>
   yes
  </sporty>
 </clothing>
 <clothing>
  <id>
   611908949
  </id>
  <name>
   Asics Handbags N-7008
  </name>
  <category>
   Handbags
  </category>
  <size>
   XXL
  </size>
  <color>
   Красный
  </color>
  <material>
   Полиэстер
  </material>
  <price>
   993835
  </price>
  <rating>
   4.47
  </rating>
  <reviews>
   101009
  </reviews>
  <new>
   -
  </new>
  <sporty>
   no
  </sporty>
 </clothing>
 <clothing>
  <id>
   985284724
  </id>
  <name>
   Lacoste Blouse K-3551
  </name>
  <category>
   Blouse
  </category>
  <size>
   S
  </size>
  <color>
   Красный
  </color>
  <material>
   Нейлон
  </material>
  <price>
   261210
  </price>
  <rating>
   1.24
  </rating>
  <reviews>
   270214
  </reviews>
  <new>
   -
  </new>
  <exclusive>
   yes
  </exclusive>
 </clothing>
 <clothing>
  <id>
   796759731
  </id>
  <name>
   Brooks Blouse G-2612
  </name>
  <category>
   Blouse
  </category>
  <size>
   M
  </size>
  <color>
   Желтый
  </color>
  <material>
   Кожа
  </material>
  <price>
   487160
  </price>
  <rating>
   2.14
  </rating>
  <reviews>
   407412
  </reviews>
  <sporty>
   yes
  </sporty>
 </clothing>
 <clothing>
  <id>
   128529571
  </id>
  <name>
   Converse Jacket I-9624
  </name>
  <category>
   Jacket
  </category>
  <size>
   XL
  </size>
  <color>
   Синий
  </color>
  <material>
   Полиэстер
  </material>
  <price>
   137215
  </price>
  <rating>
   1.55
  </rating>
  <reviews>
   193297
  </reviews>
  <sporty>
   yes
  </sporty>
 </clothing>
 <clothing>
  <id>
   600824265
  </id>
  <name>
   Converse Handbags R-9913
  </name>
  <category>
   Handbags
  </category>
  <size>
   XXL
  </size>
  <color>
   Оранжевый
  </color>
  <material>
   Хлопок
  </material>
  <price>
   404499
  </price>
  <rating>
   4.83
  </rating>
  <reviews>
   740885
  </reviews>
  <new>
   -
  </new>
 </clothing>
 <clothing>
  <id>
   952542539
  </id>
  <name>
   PleinSport Socks Z-4998
  </name>
  <category>
   Socks
  </category>
  <size>
   S
  </size>
  <color>
   Синий
  </color>
  <material>
   Лен
  </material>
  <price>
   273994
  </price>
  <rating>
   1.46
  </rating>
  <reviews>
   15338
  </reviews>
  <exclusive>
   no
  </exclusive>
 </clothing>
 <clothing>
  <id>
   243468531
  </id>
  <name>
   Fila Socks A-8744
  </name>
  <category>
   Socks
  </category>
  <size>
   XXL
  </size>
  <color>
   Фиолетовый
  </color>
  <material>
   Кожа
  </material>
  <price>
   996409
  </price>
  <rating>
   4.68
  </rating>
  <reviews>
   411819
  </reviews>
  <new>
   -
  </new>
 </clothing>
 <clothing>
  <id>
   739512555
  </id>
  <name>
   Ellesse Shoes B-2971
  </name>
  <category>
   Shoes
  </category>
  <size>
   XL
  </size>
  <color>
   Фиолетовый
  </color>
  <material>
   Хлопок
  </material>
  <price>
   668368
  </price>
  <rating>
   4.52
  </rating>
  <reviews>
   292492
  </reviews>
  <exclusive>
   no
  </exclusive>
  <sporty>
   no
  </sporty>
 </clothing>
 <clothing>
  <id>
   648388143
  </id>
  <name>
   New Balance Handbags W-7144
  </name>
  <category>
   Handbags
  </category>
  <size>
   M
  </size>
  <color>
   Красный
  </color>
  <material>
   Вискоза
  </material>
  <price>
   941113
  </price>
  <rating>
   4.91
  </rating>
  <reviews>
   273645
  </reviews>
  <exclusive>
   no
  </exclusive>
 </clothing>
 <clothing>
  <id>
   202474378
  </id>
  <name>
   Brooks Handbags I-1122
  </name>
  <category>
   Handbags
  </category>
  <size>
   XL
  </size>
  <color>
   Красный
  </color>
  <material>
   Полиэстер
  </material>
  <price>
   915613
  </price>
  <rating>
   4.87
  </rating>
  <reviews>
   409091
  </reviews>
  <exclusive>
   yes
  </exclusive>
  <sporty>
   no
  </sporty>
 </clothing>
 <clothing>
  <id>
   299627569
  </id>
  <name>
   Vans T-shirt G-8665
  </name>
  <category>
   T-shirt
  </category>
  <size>
   XXL
  </size>
  <color>
   Синий
  </color>
  <material>
   Шелк
  </material>
  <price>
   976975
  </price>
  <rating>
   4.43
  </rating>
  <reviews>
   176593
  </reviews>
  <new>
   -
  </new>
  <exclusive>
   yes
  </exclusive>
  <sporty>
   yes
  </sporty>
 </clothing>
 <clothing>
  <id>
   495355256
  </id>
  <name>
   Asics T-shirt U-2570
  </name>
  <category>
   T-shirt
  </category>
  <size>
   XL
  </size>
  <color>
   Красный
  </color>
  <material>
   Полиэстер
  </material>
  <price>
   781352
  </price>
  <rating>
   4.4
  </rating>
  <reviews>
   506947
  </reviews>
  <new>
   -
  </new>
  <exclusive>
   yes
  </exclusive>
 </clothing>
 <clothing>
  <id>
   613452639
  </id>
  <name>
   Puma Pants R-3529
  </name>
  <category>
   Pants
  </category>
  <size>
   XXL
  </size>
  <color>
   Желтый
  </color>
  <material>
   Кожа
  </material>
  <price>
   778219
  </price>
  <rating>
   4.13
  </rating>
  <reviews>
   82733
  </reviews>
  <new>
   -
  </new>
  <sporty>
   no
  </sporty>
 </clothing>
 <clothing>
  <id>
   392140951
  </id>
  <name>
   Puma Umbrellas E-2050
  </name>
  <category>
   Umbrellas
  </category>
  <size>
   L
  </size>
  <color>
   Голубой
  </color>
  <material>
   Шерсть
  </material>
  <price>
   520130
  </price>
  <rating>
   2.99
  </rating>
  <reviews>
   470617
  </reviews>
  <exclusive>
   no
  </exclusive>
  <sporty>
   no
  </sporty>
 </clothing>
 <clothing>
  <id>
   778479184
  </id>
  <name>
   Puma Pants M-8882
  </name>
  <category>
   Pants
  </category>
  <size>
   XL
  </size>
  <color>
   Синий
  </color>
  <material>
   Хлопок
  </material>
  <price>
   774150
  </price>
  <rating>
   4.36
  </rating>
  <reviews>
   499420
  </reviews>
  <sporty>
   no
  </sporty>
 </clothing>
 <clothing>
  <id>
   557860478
  </id>
  <name>
   Puma Socks J-2117
  </name>
  <category>
   Socks
  </category>
  <size>
   M
  </size>
  <color>
   Зеленый
  </color>
  <material>
   Полиэстер
  </material>
  <price>
   219475
  </price>
  <rating>
   1.37
  </rating>
  <reviews>
   441460
  </reviews>
  <new>
   +
  </new>
  <exclusive>
   no
  </exclusive>
 </clothing>
 <clothing>
  <id>
   866290715
  </id>
  <name>
   Puma Handbags S-2431
  </name>
  <category>
   Handbags
  </category>
  <size>
   XXL
  </size>
  <color>
   Желтый
  </color>
  <material>
   Хлопок
  </material>
  <price>
   932106
  </price>
  <rating>
   1.6
  </rating>
  <reviews>
   728186
  </reviews>
  <new>
   -
  </new>
  <sporty>
   yes
  </sporty>
 </clothing>
 <clothing>
  <id>
   916352678
  </id>
  <name>
   Lacoste Jeans X-3417
  </name>
  <category>
   Jeans
  </category>
  <size>
   XL
  </size>
  <color>
   Зеленый
  </color>
  <material>
   Лен
  </material>
  <price>
   884414
  </price>
  <rating>
   3.26
  </rating>
  <reviews>
   181053
  </reviews>
  <sporty>
   yes
  </sporty>
 </clothing>
 <clothing>
  <id>
   338998350
  </id>
  <name>
   Adidas Jacket J-5795
  </name>
  <category>
   Jacket
  </category>
  <size>
   L
  </size>
  <color>
   Красный
  </color>
  <material>
   Хлопок
  </material>
  <price>
   866853
  </price>
  <rating>
   2.92
  </rating>
  <reviews>
   841060
  </reviews>
  <new>
   +
  </new>
  <sporty>
   yes
  </sporty>
 </clothing>
 <clothing>
  <id>
   207800062
  </id>
  <name>
   Brooks Pants C-4056
  </name>
  <category>
   Pants
  </category>
  <size>
   XXL
  </size>
  <color>
   Зеленый
  </color>
  <material>
   Лен
  </material>
  <price>
   552214
  </price>
  <rating>
   2.66
  </rating>
  <reviews>
   458218
  </reviews>
 </clothing>
 <clothing>
  <id>
   302619962
  </id>
  <name>
   Reebok Hat D-2781
  </name>
  <category>
   Hat
  </category>
  <size>
   M
  </size>
  <color>
   Красный
  </color>
  <material>
   Кожа
  </material>
  <price>
   241244
  </price>
  <rating>
   3.78
  </rating>
  <reviews>
   173183
  </reviews>
  <new>
   +
  </new>
  <exclusive>
   no
  </exclusive>
  <sporty>
   yes
  </sporty>
 </clothing>
 <clothing>
  <id>
   866031646
  </id>
  <name>
   Under Armour Handbags G-2345
  </name>
  <category>
   Handbags
  </category>
  <size>
   S
  </size>
  <color>
   Красный
  </color>
  <material>
   Шелк
  </material>
  <price>
   896459
  </price>
  <rating>
   1.56
  </rating>
  <reviews>
   257331
  </reviews>
  <new>
   +
  </new>
  <sporty>
   yes
  </sporty>
 </clothing>
 <clothing>
  <id>
   113555122
  </id>
  <name>
   Converse Pants Q-5450
  </name>
  <category>
   Pants
  </category>
  <size>
   M
  </size>
  <color>
   Оранжевый
  </color>
  <material>
   Нейлон
  </material>
  <price>
   682202
  </price>
  <rating>
   4.75
  </rating>
  <reviews>
   51151
  </reviews>
  <new>
   -
  </new>
  <exclusive>
   yes
  </exclusive>
  <sporty>
   yes
  </sporty>
 </clothing>
 <clothing>
  <id>
   409427404
  </id>
  <name>
   New Balance Hat S-5990
  </name>
  <category>
   Hat
  </category>
  <size>
   XL
  </size>
  <color>
   Зеленый
  </color>
  <material>
   Полиэстер
  </material>
  <price>
   474809
  </price>
  <rating>
   4.55
  </rating>
  <reviews>
   208585
  </reviews>
  <new>
   +
  </new>
  <exclusive>
   yes
  </exclusive>
  <sporty>
   yes
  </sporty>
 </clothing>
 <clothing>
  <id>
   468424195
  </id>
  <name>
   Lacoste Jeans S-9019
  </name>
  <category>
   Jeans
  </category>
  <size>
   XXL
  </size>
  <color>
   Фиолетовый
  </color>
  <material>
   Шерсть
  </material>
  <price>
   784824
  </price>
  <rating>
   3.36
  </rating>
  <reviews>
   589146
  </reviews>
  <sporty>
   yes
  </sporty>
 </clothing>
 <clothing>
  <id>
   372838754
  </id>
  <name>
   New Balance Socks D-6344
  </name>
  <category>
   Socks
  </category>
  <size>
   S
  </size>
  <color>
   Желтый
  </color>
  <material>
   Шерсть
  </material>
  <price>
   924099
  </price>
  <rating>
   2.49
  </rating>
  <reviews>
   374902
  </reviews>
  <sporty>
   yes
  </sporty>
 </clothing>
 <clothing>
  <id>
   614307290
  </id>
  <name>
   Reebok T-shirt I-4177
  </name>
  <category>
   T-shirt
  </category>
  <size>
   M
  </size>
  <color>
   Синий
  </color>
  <material>
   Лен
  </material>
  <price>
   939585
  </price>
  <rating>
   2.48
  </rating>
  <reviews>
   960726
  </reviews>
  <new>
   +
  </new>
  <exclusive>
   no
  </exclusive>
  <sporty>
   no
  </sporty>
 </clothing>
 <clothing>
  <id>
   652871820
  </id>
  <name>
   Ellesse Jacket Z-8924
  </name>
  <category>
   Jacket
  </category>
  <size>
   M
  </size>
  <color>
   Красный
  </color>
  <material>
   Полиэстер
  </material>
  <price>
   261015
  </price>
  <rating>
   3.63
  </rating>
  <reviews>
   753410
  </reviews>
  <new>
   +
  </new>
  <sporty>
   no
  </sporty>
 </clothing>
 <clothing>
  <id>
   639239378
  </id>
  <name>
   Nike T-shirt P-7006
  </name>
  <category>
   T-shirt
  </category>
  <size>
   S
  </size>
  <color>
   Красный
  </color>
  <material>
   Лен
  </material>
  <price>
   986856
  </price>
  <rating>
   3.8
  </rating>
  <reviews>
   994062
  </reviews>
  <new>
   -
  </new>
  <exclusive>
   yes
  </exclusive>
  <sporty>
   yes
  </sporty>
 </clothing>
 <clothing>
  <id>
   182110170
  </id>
  <name>
   Asics Jeans J-1581
  </name>
  <category>
   Jeans
  </category>
  <size>
   M
  </size>
  <color>
   Зеленый
  </color>
  <material>
   Шелк
  </material>
  <price>
   133066
  </price>
  <rating>
   4.77
  </rating>
  <reviews>
   168195
  </reviews>
  <new>
   -
  </new>
 </clothing>
 <clothing>
  <id>
   260545645
  </id>
  <name>
   Asics Belts F-8382
  </name>
  <category>
   Belts
  </category>
  <size>
   L
  </size>
  <color>
   Зеленый
  </color>
  <material>
   Нейлон
  </material>
  <price>
   699864
  </price>
  <rating>
   2.79
  </rating>
  <reviews>
   744276
  </reviews>
  <new>
   -
  </new>
  <exclusive>
   yes
  </exclusive>
  <sporty>
   no
  </sporty>
 </clothing>
 <clothing>
  <id>
   269513014
  </id>
  <name>
   Lacoste Gloves G-8305
  </name>
  <category>
   Gloves
  </category>
  <size>
   M
  </size>
  <color>
   Голубой
  </color>
  <material>
   Хлопок
  </material>
  <price>
   757409
  </price>
  <rating>
   1.93
  </rating>
  <reviews>
   732294
  </reviews>
  <new>
   -
  </new>
  <sporty>
   no
  </sporty>
 </clothing>
 <clothing>
  <id>
   192662163
  </id>
  <name>
   Reebok Skirt X-4433
  </name>
  <category>
   Skirt
  </category>
  <size>
   M
  </size>
  <color>
   Зеленый
  </color>
  <material>
   Шелк
  </material>
  <price>
   793956
  </price>
  <rating>
   3.54
  </rating>
  <reviews>
   416501
  </reviews>
 </clothing>
 <clothing>
  <id>
   647050481
  </id>
  <name>
   New Balance T-shirt O-8178
  </name>
  <category>
   T-shirt
  </category>
  <size>
   XL
  </size>
  <color>
   Оранжевый
  </color>
  <material>
   Вискоза
  </material>
  <price>
   903249
  </price>
  <rating>
   3.76
  </rating>
  <reviews>
   609083
  </reviews>
  <exclusive>
   no
  </exclusive>
 </clothing>
 <clothing>
  <id>
   640403900
  </id>
  <name>
   DC Gloves W-4597
  </name>
  <category>
   Gloves
  </category>
  <size>
   S
  </size>
  <color>
   Синий
  </color>
  <material>
   Кожа
  </material>
  <price>
   488116
  </price>
  <rating>
   2.75
  </rating>
  <reviews>
   378236
  </reviews>
  <new>
   +
  </new>
  <exclusive>
   no
  </exclusive>
 </clothing>
 <clothing>
  <id>
   898132816
  </id>
  <name>
   Vans Handbags H-9909
  </name>
  <category>
   Handbags
  </category>
  <size>
   XXL
  </size>
  <color>
   Желтый
  </color>
  <material>
   Хлопок
  </material>
  <price>
   728025
  </price>
  <rating>
   4.03
  </rating>
  <reviews>
   697876
  </reviews>
  <exclusive>
   yes
  </exclusive>
 </clothing>
 <clothing>
  <id>
   830203108
  </id>
  <name>
   Vans Dress F-1218
  </name>
  <category>
   Dress
  </category>
  <size>
   XXL
  </size>
  <color>
   Зеленый
  </color>
  <material>
   Хлопок
  </material>
  <price>
   456387
  </price>
  <rating>
   4.92
  </rating>
  <reviews>
   29186
  </reviews>
  <new>
   +
  </new>
  <exclusive>
   no
  </exclusive>
  <sporty>
   yes
  </sporty>
 </clothing>
 <clothing>
  <id>
   912902463
  </id>
  <name>
   Vans Umbrellas K-9732
  </name>
  <category>
   Umbrellas
  </category>
  <size>
   L
  </size>
  <color>
   Красный
  </color>
  <material>
   Нейлон
  </material>
  <price>
   568469
  </price>
  <rating>
   3.64
  </rating>
  <reviews>
   951454
  </reviews>
  <new>
   -
  </new>
  <exclusive>
   yes
  </exclusive>
  <sporty>
   no
  </sporty>
 </clothing>
 <clothing>
  <id>
   365993912
  </id>
  <name>
   Asics Hat Z-3907
  </name>
  <category>
   Hat
  </category>
  <size>
   L
  </size>
  <color>
   Красный
  </color>
  <material>
   Полиэстер
  </material>
  <price>
   139549
  </price>
  <rating>
   2.25
  </rating>
  <reviews>
   744086
  </reviews>
  <sporty>
   yes
  </sporty>
 </clothing>
 <clothing>
  <id>
   644214478
  </id>
  <name>
   PleinSport Belts V-9897
  </name>
  <category>
   Belts
  </category>
  <size>
   M
  </size>
  <color>
   Желтый
  </color>
  <material>
   Вискоза
  </material>
  <price>
   843711
  </price>
  <rating>
   2.5
  </rating>
  <reviews>
   917329
  </reviews>
  <new>
   +
  </new>
  <exclusive>
   no
  </exclusive>
 </clothing>
 <clothing>
  <id>
   280694872
  </id>
  <name>
   Nike Socks O-8079
  </name>
  <category>
   Socks
  </category>
  <size>
   XL
  </size>
  <color>
   Голубой
  </color>
  <material>
   Нейлон
  </material>
  <price>
   836360
  </price>
  <rating>
   4.5
  </rating>
  <reviews>
   744134
  </reviews>
  <new>
   -
  </new>
  <sporty>
   yes
  </sporty>
 </clothing>
</clothing-items>
