<?xml version="1.0" encoding="utf-8"?>
<clothing-items>
 <clothing>
  <id>
   163744742
  </id>
  <name>
   Fila Pants I-4687
  </name>
  <category>
   Pants
  </category>
  <size>
   XL
  </size>
  <color>
   Синий
  </color>
  <material>
   Вискоза
  </material>
  <price>
   261309
  </price>
  <rating>
   2.64
  </rating>
  <reviews>
   153396
  </reviews>
  <new>
   +
  </new>
 </clothing>
 <clothing>
  <id>
   117486887
  </id>
  <name>
   Vans Handbags G-7159
  </name>
  <category>
   Handbags
  </category>
  <size>
   L
  </size>
  <color>
   Зеленый
  </color>
  <material>
   Шерсть
  </material>
  <price>
   129490
  </price>
  <rating>
   2.39
  </rating>
  <reviews>
   184667
  </reviews>
  <new>
   -
  </new>
  <exclusive>
   yes
  </exclusive>
 </clothing>
 <clothing>
  <id>
   973765654
  </id>
  <name>
   Lacoste Hat D-6683
  </name>
  <category>
   Hat
  </category>
  <size>
   M
  </size>
  <color>
   Зеленый
  </color>
  <material>
   Вискоза
  </material>
  <price>
   974214
  </price>
  <rating>
   1.14
  </rating>
  <reviews>
   290870
  </reviews>
  <new>
   +
  </new>
  <exclusive>
   no
  </exclusive>
  <sporty>
   yes
  </sporty>
 </clothing>
 <clothing>
  <id>
   606539781
  </id>
  <name>
   Lacoste Socks F-4785
  </name>
  <category>
   Socks
  </category>
  <size>
   M
  </size>
  <color>
   Красный
  </color>
  <material>
   Полиэстер
  </material>
  <price>
   652302
  </price>
  <rating>
   1.46
  </rating>
  <reviews>
   399296
  </reviews>
  <exclusive>
   no
  </exclusive>
 </clothing>
 <clothing>
  <id>
   336882072
  </id>
  <name>
   Adidas Skirt Y-5138
  </name>
  <category>
   Skirt
  </category>
  <size>
   S
  </size>
  <color>
   Фиолетовый
  </color>
  <material>
   Шелк
  </material>
  <price>
   426856
  </price>
  <rating>
   4.53
  </rating>
  <reviews>
   51109
  </reviews>
  <new>
   +
  </new>
 </clothing>
 <clothing>
  <id>
   491636503
  </id>
  <name>
   Lacoste Skirt W-9882
  </name>
  <category>
   Skirt
  </category>
  <size>
   XL
  </size>
  <color>
   Желтый
  </color>
  <material>
   Шелк
  </material>
  <price>
   606992
  </price>
  <rating>
   2.78
  </rating>
  <reviews>
   882378
  </reviews>
  <new>
   +
  </new>
  <sporty>
   no
  </sporty>
 </clothing>
 <clothing>
  <id>
   422524843
  </id>
  <name>
   Fila Dress E-4907
  </name>
  <category>
   Dress
  </category>
  <size>
   L
  </size>
  <color>
   Синий
  </color>
  <material>
   Шелк
  </material>
  <price>
   766303
  </price>
  <rating>
   2.97
  </rating>
  <reviews>
   672618
  </reviews>
  <exclusive>
   yes
  </exclusive>
  <sporty>
   yes
  </sporty>
 </clothing>
 <clothing>
  <id>
   140987323
  </id>
  <name>
   Adidas Handbags H-2380
  </name>
  <category>
   Handbags
  </category>
  <size>
   XL
  </size>
  <color>
   Желтый
  </color>
  <material>
   Нейлон
  </material>
  <price>
   261540
  </price>
  <rating>
   2.1
  </rating>
  <reviews>
   763393
  </reviews>
  <exclusive>
   yes
  </exclusive>
  <sporty>
   yes
  </sporty>
 </clothing>
 <clothing>
  <id>
   385807806
  </id>
  <name>
   Puma T-shirt N-2681
  </name>
  <category>
   T-shirt
  </category>
  <size>
   XXL
  </size>
  <color>
   Зеленый
  </color>
  <material>
   Шелк
  </material>
  <price>
   956206
  </price>
  <rating>
   2.26
  </rating>
  <reviews>
   935574
  </reviews>
  <exclusive>
   no
  </exclusive>
  <sporty>
   yes
  </sporty>
 </clothing>
 <clothing>
  <id>
   103969991
  </id>
  <name>
   Converse Dress B-2549
  </name>
  <category>
   Dress
  </category>
  <size>
   XL
  </size>
  <color>
   Красный
  </color>
  <material>
   Шелк
  </material>
  <price>
   948528
  </price>
  <rating>
   4.21
  </rating>
  <reviews>
   389247
  </reviews>
  <sporty>
   no
  </sporty>
 </clothing>
 <clothing>
  <id>
   819902629
  </id>
  <name>
   Converse Hat R-7001
  </name>
  <category>
   Hat
  </category>
  <size>
   M
  </size>
  <color>
   Фиолетовый
  </color>
  <material>
   Шелк
  </material>
  <price>
   160712
  </price>
  <rating>
   4.83
  </rating>
  <reviews>
   749141
  </reviews>
  <new>
   -
  </new>
 </clothing>
 <clothing>
  <id>
   372921463
  </id>
  <name>
   Vans Shoes S-3896
  </name>
  <category>
   Shoes
  </category>
  <size>
   M
  </size>
  <color>
   Голубой
  </color>
  <material>
   Вискоза
  </material>
  <price>
   462949
  </price>
  <rating>
   2.07
  </rating>
  <reviews>
   680303
  </reviews>
  <new>
   +
  </new>
  <exclusive>
   yes
  </exclusive>
  <sporty>
   no
  </sporty>
 </clothing>
 <clothing>
  <id>
   448542836
  </id>
  <name>
   Under Armour Dress S-3446
  </name>
  <category>
   Dress
  </category>
  <size>
   XL
  </size>
  <color>
   Зеленый
  </color>
  <material>
   Полиэстер
  </material>
  <price>
   869418
  </price>
  <rating>
   1.48
  </rating>
  <reviews>
   942856
  </reviews>
  <new>
   +
  </new>
  <exclusive>
   yes
  </exclusive>
 </clothing>
 <clothing>
  <id>
   687105169
  </id>
  <name>
   Addidas Hat O-9080
  </name>
  <category>
   Hat
  </category>
  <size>
   S
  </size>
  <color>
   Голубой
  </color>
  <material>
   Кожа
  </material>
  <price>
   943697
  </price>
  <rating>
   1.06
  </rating>
  <reviews>
   681091
  </reviews>
  <new>
   +
  </new>
 </clothing>
 <clothing>
  <id>
   548101215
  </id>
  <name>
   Vans Pants N-6919
  </name>
  <category>
   Pants
  </category>
  <size>
   XL
  </size>
  <color>
   Желтый
  </color>
  <material>
   Нейлон
  </material>
  <price>
   395046
  </price>
  <rating>
   2.82
  </rating>
  <reviews>
   129997
  </reviews>
  <new>
   -
  </new>
  <exclusive>
   no
  </exclusive>
  <sporty>
   yes
  </sporty>
 </clothing>
 <clothing>
  <id>
   141010854
  </id>
  <name>
   Nike T-shirt Q-5728
  </name>
  <category>
   T-shirt
  </category>
  <size>
   L
  </size>
  <color>
   Фиолетовый
  </color>
  <material>
   Шерсть
  </material>
  <price>
   586543
  </price>
  <rating>
   3.44
  </rating>
  <reviews>
   989074
  </reviews>
  <new>
   -
  </new>
  <exclusive>
   no
  </exclusive>
 </clothing>
 <clothing>
  <id>
   182311710
  </id>
  <name>
   Lacoste Belts Z-4502
  </name>
  <category>
   Belts
  </category>
  <size>
   L
  </size>
  <color>
   Синий
  </color>
  <material>
   Вискоза
  </material>
  <price>
   300782
  </price>
  <rating>
   4.98
  </rating>
  <reviews>
   19761
  </reviews>
  <new>
   -
  </new>
  <exclusive>
   no
  </exclusive>
 </clothing>
 <clothing>
  <id>
   285958978
  </id>
  <name>
   Under Armour T-shirt G-5511
  </name>
  <category>
   T-shirt
  </category>
  <size>
   M
  </size>
  <color>
   Фиолетовый
  </color>
  <material>
   Лен
  </material>
  <price>
   789472
  </price>
  <rating>
   3.25
  </rating>
  <reviews>
   823163
  </reviews>
  <new>
   -
  </new>
  <exclusive>
   no
  </exclusive>
 </clothing>
 <clothing>
  <id>
   521260243
  </id>
  <name>
   Puma Dress I-7102
  </name>
  <category>
   Dress
  </category>
  <size>
   XXL
  </size>
  <color>
   Зеленый
  </color>
  <material>
   Полиэстер
  </material>
  <price>
   575454
  </price>
  <rating>
   3.48
  </rating>
  <reviews>
   628813
  </reviews>
  <exclusive>
   no
  </exclusive>
  <sporty>
   no
  </sporty>
 </clothing>
 <clothing>
  <id>
   242912517
  </id>
  <name>
   Under Armour Blouse P-7294
  </name>
  <category>
   Blouse
  </category>
  <size>
   XXL
  </size>
  <color>
   Красный
  </color>
  <material>
   Нейлон
  </material>
  <price>
   200070
  </price>
  <rating>
   2.21
  </rating>
  <reviews>
   630980
  </reviews>
 </clothing>
 <clothing>
  <id>
   302814198
  </id>
  <name>
   Ellesse T-shirt A-3858
  </name>
  <category>
   T-shirt
  </category>
  <size>
   XL
  </size>
  <color>
   Зеленый
  </color>
  <material>
   Полиэстер
  </material>
  <price>
   457796
  </price>
  <rating>
   2.27
  </rating>
  <reviews>
   503579
  </reviews>
  <new>
   -
  </new>
  <sporty>
   no
  </sporty>
 </clothing>
 <clothing>
  <id>
   328870312
  </id>
  <name>
   Lacoste Skirt Y-9164
  </name>
  <category>
   Skirt
  </category>
  <size>
   XL
  </size>
  <color>
   Желтый
  </color>
  <material>
   Вискоза
  </material>
  <price>
   323976
  </price>
  <rating>
   2.47
  </rating>
  <reviews>
   317950
  </reviews>
 </clothing>
 <clothing>
  <id>
   774972813
  </id>
  <name>
   Ellesse Umbrellas P-1060
  </name>
  <category>
   Umbrellas
  </category>
  <size>
   S
  </size>
  <color>
   Красный
  </color>
  <material>
   Лен
  </material>
  <price>
   686335
  </price>
  <rating>
   4.72
  </rating>
  <reviews>
   129645
  </reviews>
  <exclusive>
   yes
  </exclusive>
  <sporty>
   yes
  </sporty>
 </clothing>
 <clothing>
  <id>
   554244209
  </id>
  <name>
   Puma Dress C-6356
  </name>
  <category>
   Dress
  </category>
  <size>
   L
  </size>
  <color>
   Желтый
  </color>
  <material>
   Кожа
  </material>
  <price>
   726899
  </price>
  <rating>
   1.29
  </rating>
  <reviews>
   375203
  </reviews>
 </clothing>
 <clothing>
  <id>
   366758739
  </id>
  <name>
   Converse Belts M-6689
  </name>
  <category>
   Belts
  </category>
  <size>
   S
  </size>
  <color>
   Синий
  </color>
  <material>
   Вискоза
  </material>
  <price>
   296761
  </price>
  <rating>
   4.52
  </rating>
  <reviews>
   72737
  </reviews>
  <exclusive>
   yes
  </exclusive>
  <sporty>
   no
  </sporty>
 </clothing>
 <clothing>
  <id>
   311468140
  </id>
  <name>
   DC Hat B-5097
  </name>
  <category>
   Hat
  </category>
  <size>
   XL
  </size>
  <color>
   Голубой
  </color>
  <material>
   Кожа
  </material>
  <price>
   363878
  </price>
  <rating>
   2.8
  </rating>
  <reviews>
   283092
  </reviews>
  <new>
   -
  </new>
  <sporty>
   yes
  </sporty>
 </clothing>
 <clothing>
  <id>
   650720883
  </id>
  <name>
   Brooks Socks Q-5250
  </name>
  <category>
   Socks
  </category>
  <size>
   L
  </size>
  <color>
   Красный
  </color>
  <material>
   Кожа
  </material>
  <price>
   217397
  </price>
  <rating>
   4.33
  </rating>
  <reviews>
   22353
  </reviews>
  <exclusive>
   yes
  </exclusive>
 </clothing>
 <clothing>
  <id>
   361492945
  </id>
  <name>
   Under Armour Shoes Y-6353
  </name>
  <category>
   Shoes
  </category>
  <size>
   L
  </size>
  <color>
   Голубой
  </color>
  <material>
   Вискоза
  </material>
  <price>
   425536
  </price>
  <rating>
   4.42
  </rating>
  <reviews>
   177117
  </reviews>
  <sporty>
   no
  </sporty>
 </clothing>
 <clothing>
  <id>
   100927417
  </id>
  <name>
   Addidas Shirt A-7339
  </name>
  <category>
   Shirt
  </category>
  <size>
   XL
  </size>
  <color>
   Оранжевый
  </color>
  <material>
   Шерсть
  </material>
  <price>
   135607
  </price>
  <rating>
   1.0
  </rating>
  <reviews>
   284669
  </reviews>
  <new>
   +
  </new>
  <exclusive>
   no
  </exclusive>
 </clothing>
 <clothing>
  <id>
   296392645
  </id>
  <name>
   Adidas Pants T-8424
  </name>
  <category>
   Pants
  </category>
  <size>
   XL
  </size>
  <color>
   Голубой
  </color>
  <material>
   Шерсть
  </material>
  <price>
   977402
  </price>
  <rating>
   4.84
  </rating>
  <reviews>
   842003
  </reviews>
  <new>
   +
  </new>
  <sporty>
   no
  </sporty>
 </clothing>
 <clothing>
  <id>
   938045098
  </id>
  <name>
   Asics Skirt Y-7525
  </name>
  <category>
   Skirt
  </category>
  <size>
   L
  </size>
  <color>
   Фиолетовый
  </color>
  <material>
   Хлопок
  </material>
  <price>
   521581
  </price>
  <rating>
   2.45
  </rating>
  <reviews>
   147275
  </reviews>
  <exclusive>
   no
  </exclusive>
  <sporty>
   no
  </sporty>
 </clothing>
 <clothing>
  <id>
   106039186
  </id>
  <name>
   DC Belts L-5703
  </name>
  <category>
   Belts
  </category>
  <size>
   S
  </size>
  <color>
   Голубой
  </color>
  <material>
   Кожа
  </material>
  <price>
   797432
  </price>
  <rating>
   4.98
  </rating>
  <reviews>
   922884
  </reviews>
  <sporty>
   no
  </sporty>
 </clothing>
 <clothing>
  <id>
   183459083
  </id>
  <name>
   Reebok Jeans B-8078
  </name>
  <category>
   Jeans
  </category>
  <size>
   M
  </size>
  <color>
   Зеленый
  </color>
  <material>
   Нейлон
  </material>
  <price>
   790856
  </price>
  <rating>
   1.7
  </rating>
  <reviews>
   699373
  </reviews>
  <sporty>
   no
  </sporty>
 </clothing>
 <clothing>
  <id>
   355013405
  </id>
  <name>
   Addidas Shirt G-5143
  </name>
  <category>
   Shirt
  </category>
  <size>
   S
  </size>
  <color>
   Фиолетовый
  </color>
  <material>
   Нейлон
  </material>
  <price>
   807195
  </price>
  <rating>
   4.43
  </rating>
  <reviews>
   947872
  </reviews>
  <new>
   +
  </new>
  <sporty>
   yes
  </sporty>
 </clothing>
 <clothing>
  <id>
   815797426
  </id>
  <name>
   DC Blouse E-3225
  </name>
  <category>
   Blouse
  </category>
  <size>
   XL
  </size>
  <color>
   Оранжевый
  </color>
  <material>
   Нейлон
  </material>
  <price>
   223856
  </price>
  <rating>
   2.13
  </rating>
  <reviews>
   941401
  </reviews>
  <new>
   +
  </new>
  <exclusive>
   no
  </exclusive>
 </clothing>
 <clothing>
  <id>
   767394209
  </id>
  <name>
   Fila Jeans I-1498
  </name>
  <category>
   Jeans
  </category>
  <size>
   S
  </size>
  <color>
   Синий
  </color>
  <material>
   Кожа
  </material>
  <price>
   788867
  </price>
  <rating>
   1.94
  </rating>
  <reviews>
   150405
  </reviews>
  <new>
   +
  </new>
  <sporty>
   yes
  </sporty>
 </clothing>
 <clothing>
  <id>
   196126693
  </id>
  <name>
   Reebok Jeans E-3796
  </name>
  <category>
   Jeans
  </category>
  <size>
   M
  </size>
  <color>
   Желтый
  </color>
  <material>
   Шерсть
  </material>
  <price>
   583236
  </price>
  <rating>
   3.22
  </rating>
  <reviews>
   963191
  </reviews>
  <exclusive>
   yes
  </exclusive>
  <sporty>
   no
  </sporty>
 </clothing>
 <clothing>
  <id>
   721892428
  </id>
  <name>
   Fila Dress F-8912
  </name>
  <category>
   Dress
  </category>
  <size>
   M
  </size>
  <color>
   Голубой
  </color>
  <material>
   Лен
  </material>
  <price>
   775229
  </price>
  <rating>
   4.57
  </rating>
  <reviews>
   739133
  </reviews>
  <new>
   -
  </new>
  <exclusive>
   yes
  </exclusive>
  <sporty>
   no
  </sporty>
 </clothing>
 <clothing>
  <id>
   695218230
  </id>
  <name>
   Asics Blouse Y-3233
  </name>
  <category>
   Blouse
  </category>
  <size>
   XXL
  </size>
  <color>
   Голубой
  </color>
  <material>
   Лен
  </material>
  <price>
   529975
  </price>
  <rating>
   2.14
  </rating>
  <reviews>
   989371
  </reviews>
  <new>
   -
  </new>
  <exclusive>
   no
  </exclusive>
 </clothing>
 <clothing>
  <id>
   433868885
  </id>
  <name>
   Brooks Jeans H-4230
  </name>
  <category>
   Jeans
  </category>
  <size>
   XL
  </size>
  <color>
   Красный
  </color>
  <material>
   Шелк
  </material>
  <price>
   815291
  </price>
  <rating>
   3.67
  </rating>
  <reviews>
   848408
  </reviews>
  <exclusive>
   no
  </exclusive>
  <sporty>
   no
  </sporty>
 </clothing>
 <clothing>
  <id>
   405574876
  </id>
  <name>
   Converse Jacket E-6435
  </name>
  <category>
   Jacket
  </category>
  <size>
   L
  </size>
  <color>
   Голубой
  </color>
  <material>
   Кожа
  </material>
  <price>
   312070
  </price>
  <rating>
   1.59
  </rating>
  <reviews>
   859298
  </reviews>
 </clothing>
 <clothing>
  <id>
   404820007
  </id>
  <name>
   Addidas Sweater Z-2852
  </name>
  <category>
   Sweater
  </category>
  <size>
   S
  </size>
  <color>
   Желтый
  </color>
  <material>
   Кожа
  </material>
  <price>
   883907
  </price>
  <rating>
   4.55
  </rating>
  <reviews>
   872064
  </reviews>
  <new>
   -
  </new>
  <exclusive>
   no
  </exclusive>
  <sporty>
   no
  </sporty>
 </clothing>
 <clothing>
  <id>
   177070589
  </id>
  <name>
   Vans Umbrellas R-8117
  </name>
  <category>
   Umbrellas
  </category>
  <size>
   L
  </size>
  <color>
   Оранжевый
  </color>
  <material>
   Нейлон
  </material>
  <price>
   820499
  </price>
  <rating>
   3.12
  </rating>
  <reviews>
   878127
  </reviews>
  <exclusive>
   yes
  </exclusive>
 </clothing>
 <clothing>
  <id>
   892946069
  </id>
  <name>
   Converse Socks V-9624
  </name>
  <category>
   Socks
  </category>
  <size>
   S
  </size>
  <color>
   Голубой
  </color>
  <material>
   Шерсть
  </material>
  <price>
   701267
  </price>
  <rating>
   1.4
  </rating>
  <reviews>
   301024
  </reviews>
  <new>
   -
  </new>
 </clothing>
 <clothing>
  <id>
   947779167
  </id>
  <name>
   Fila Shirt R-6791
  </name>
  <category>
   Shirt
  </category>
  <size>
   XXL
  </size>
  <color>
   Зеленый
  </color>
  <material>
   Лен
  </material>
  <price>
   801935
  </price>
  <rating>
   2.19
  </rating>
  <reviews>
   468021
  </reviews>
  <exclusive>
   no
  </exclusive>
 </clothing>
 <clothing>
  <id>
   934034156
  </id>
  <name>
   Lacoste Blouse W-3552
  </name>
  <category>
   Blouse
  </category>
  <size>
   XL
  </size>
  <color>
   Желтый
  </color>
  <material>
   Кожа
  </material>
  <price>
   440483
  </price>
  <rating>
   3.83
  </rating>
  <reviews>
   232576
  </reviews>
  <new>
   -
  </new>
 </clothing>
 <clothing>
  <id>
   574510789
  </id>
  <name>
   Ellesse Socks S-2287
  </name>
  <category>
   Socks
  </category>
  <size>
   XL
  </size>
  <color>
   Красный
  </color>
  <material>
   Кожа
  </material>
  <price>
   443701
  </price>
  <rating>
   2.86
  </rating>
  <reviews>
   641624
  </reviews>
  <new>
   +
  </new>
  <sporty>
   no
  </sporty>
 </clothing>
</clothing-items>
