<?xml version="1.0" encoding="utf-8"?>
<clothing-items>
 <clothing>
  <id>
   968737588
  </id>
  <name>
   Asics Handbags Z-1056
  </name>
  <category>
   Handbags
  </category>
  <size>
   M
  </size>
  <color>
   Оранжевый
  </color>
  <material>
   Нейлон
  </material>
  <price>
   263082
  </price>
  <rating>
   1.35
  </rating>
  <reviews>
   216848
  </reviews>
  <new>
   +
  </new>
  <exclusive>
   no
  </exclusive>
 </clothing>
 <clothing>
  <id>
   396485989
  </id>
  <name>
   Nike Dress A-9450
  </name>
  <category>
   Dress
  </category>
  <size>
   L
  </size>
  <color>
   Оранжевый
  </color>
  <material>
   Шелк
  </material>
  <price>
   861263
  </price>
  <rating>
   2.43
  </rating>
  <reviews>
   85178
  </reviews>
  <sporty>
   yes
  </sporty>
 </clothing>
 <clothing>
  <id>
   927155649
  </id>
  <name>
   Fila Socks K-2313
  </name>
  <category>
   Socks
  </category>
  <size>
   XL
  </size>
  <color>
   Зеленый
  </color>
  <material>
   Лен
  </material>
  <price>
   193808
  </price>
  <rating>
   3.76
  </rating>
  <reviews>
   283878
  </reviews>
  <new>
   -
  </new>
  <exclusive>
   no
  </exclusive>
 </clothing>
 <clothing>
  <id>
   443707413
  </id>
  <name>
   Addidas Umbrellas T-5783
  </name>
  <category>
   Umbrellas
  </category>
  <size>
   M
  </size>
  <color>
   Оранжевый
  </color>
  <material>
   Нейлон
  </material>
  <price>
   276583
  </price>
  <rating>
   2.69
  </rating>
  <reviews>
   960654
  </reviews>
  <exclusive>
   yes
  </exclusive>
  <sporty>
   yes
  </sporty>
 </clothing>
 <clothing>
  <id>
   105013794
  </id>
  <name>
   Converse Skirt K-7943
  </name>
  <category>
   Skirt
  </category>
  <size>
   S
  </size>
  <color>
   Голубой
  </color>
  <material>
   Шерсть
  </material>
  <price>
   126771
  </price>
  <rating>
   4.54
  </rating>
  <reviews>
   487007
  </reviews>
  <new>
   -
  </new>
  <sporty>
   no
  </sporty>
 </clothing>
 <clothing>
  <id>
   876455306
  </id>
  <name>
   Lacoste Sweater K-5750
  </name>
  <category>
   Sweater
  </category>
  <size>
   M
  </size>
  <color>
   Синий
  </color>
  <material>
   Полиэстер
  </material>
  <price>
   356410
  </price>
  <rating>
   2.99
  </rating>
  <reviews>
   510186
  </reviews>
  <new>
   +
  </new>
  <exclusive>
   no
  </exclusive>
  <sporty>
   no
  </sporty>
 </clothing>
 <clothing>
  <id>
   109301585
  </id>
  <name>
   Asics Umbrellas U-7969
  </name>
  <category>
   Umbrellas
  </category>
  <size>
   XXL
  </size>
  <color>
   Голубой
  </color>
  <material>
   Лен
  </material>
  <price>
   811356
  </price>
  <rating>
   2.88
  </rating>
  <reviews>
   311002
  </reviews>
  <exclusive>
   no
  </exclusive>
  <sporty>
   yes
  </sporty>
 </clothing>
 <clothing>
  <id>
   867649482
  </id>
  <name>
   Under Armour Dress C-5981
  </name>
  <category>
   Dress
  </category>
  <size>
   M
  </size>
  <color>
   Голубой
  </color>
  <material>
   Шелк
  </material>
  <price>
   916899
  </price>
  <rating>
   3.92
  </rating>
  <reviews>
   110453
  </reviews>
 </clothing>
 <clothing>
  <id>
   359105189
  </id>
  <name>
   PleinSport Shirt E-2138
  </name>
  <category>
   Shirt
  </category>
  <size>
   S
  </size>
  <color>
   Фиолетовый
  </color>
  <material>
   Лен
  </material>
  <price>
   432564
  </price>
  <rating>
   2.77
  </rating>
  <reviews>
   770715
  </reviews>
  <sporty>
   no
  </sporty>
 </clothing>
 <clothing>
  <id>
   257149633
  </id>
  <name>
   Nike Socks D-4967
  </name>
  <category>
   Socks
  </category>
  <size>
   M
  </size>
  <color>
   Голубой
  </color>
  <material>
   Лен
  </material>
  <price>
   998435
  </price>
  <rating>
   1.23
  </rating>
  <reviews>
   934141
  </reviews>
  <new>
   -
  </new>
  <sporty>
   no
  </sporty>
 </clothing>
 <clothing>
  <id>
   771310577
  </id>
  <name>
   DC Shoes I-2248
  </name>
  <category>
   Shoes
  </category>
  <size>
   XL
  </size>
  <color>
   Фиолетовый
  </color>
  <material>
   Шерсть
  </material>
  <price>
   666992
  </price>
  <rating>
   1.95
  </rating>
  <reviews>
   359511
  </reviews>
 </clothing>
 <clothing>
  <id>
   186784095
  </id>
  <name>
   Asics Gloves M-5904
  </name>
  <category>
   Gloves
  </category>
  <size>
   S
  </size>
  <color>
   Синий
  </color>
  <material>
   Полиэстер
  </material>
  <price>
   237462
  </price>
  <rating>
   3.77
  </rating>
  <reviews>
   207960
  </reviews>
  <exclusive>
   yes
  </exclusive>
  <sporty>
   no
  </sporty>
 </clothing>
 <clothing>
  <id>
   202389546
  </id>
  <name>
   Adidas Sweater E-2935
  </name>
  <category>
   Sweater
  </category>
  <size>
   XXL
  </size>
  <color>
   Зеленый
  </color>
  <material>
   Вискоза
  </material>
  <price>
   746511
  </price>
  <rating>
   1.86
  </rating>
  <reviews>
   733378
  </reviews>
  <new>
   -
  </new>
  <sporty>
   no
  </sporty>
 </clothing>
 <clothing>
  <id>
   135901429
  </id>
  <name>
   Nike Hat Z-4068
  </name>
  <category>
   Hat
  </category>
  <size>
   S
  </size>
  <color>
   Желтый
  </color>
  <material>
   Нейлон
  </material>
  <price>
   906966
  </price>
  <rating>
   3.09
  </rating>
  <reviews>
   54843
  </reviews>
  <new>
   +
  </new>
  <exclusive>
   yes
  </exclusive>
 </clothing>
 <clothing>
  <id>
   531824694
  </id>
  <name>
   Under Armour T-shirt F-9514
  </name>
  <category>
   T-shirt
  </category>
  <size>
   M
  </size>
  <color>
   Голубой
  </color>
  <material>
   Лен
  </material>
  <price>
   837216
  </price>
  <rating>
   4.59
  </rating>
  <reviews>
   680369
  </reviews>
  <exclusive>
   no
  </exclusive>
  <sporty>
   no
  </sporty>
 </clothing>
 <clothing>
  <id>
   962199861
  </id>
  <name>
   Under Armour Gloves E-7895
  </name>
  <category>
   Gloves
  </category>
  <size>
   M
  </size>
  <color>
   Зеленый
  </color>
  <material>
   Шелк
  </material>
  <price>
   898587
  </price>
  <rating>
   3.81
  </rating>
  <reviews>
   558782
  </reviews>
  <new>
   -
  </new>
 </clothing>
 <clothing>
  <id>
   925723035
  </id>
  <name>
   Brooks Belts B-5472
  </name>
  <category>
   Belts
  </category>
  <size>
   M
  </size>
  <color>
   Оранжевый
  </color>
  <material>
   Вискоза
  </material>
  <price>
   120676
  </price>
  <rating>
   3.76
  </rating>
  <reviews>
   209257
  </reviews>
  <exclusive>
   yes
  </exclusive>
 </clothing>
 <clothing>
  <id>
   222767950
  </id>
  <name>
   Brooks Hat Q-6534
  </name>
  <category>
   Hat
  </category>
  <size>
   M
  </size>
  <color>
   Желтый
  </color>
  <material>
   Кожа
  </material>
  <price>
   784285
  </price>
  <rating>
   4.57
  </rating>
  <reviews>
   865173
  </reviews>
 </clothing>
 <clothing>
  <id>
   203087724
  </id>
  <name>
   New Balance Gloves Y-1577
  </name>
  <category>
   Gloves
  </category>
  <size>
   S
  </size>
  <color>
   Желтый
  </color>
  <material>
   Лен
  </material>
  <price>
   382497
  </price>
  <rating>
   2.86
  </rating>
  <reviews>
   513153
  </reviews>
  <new>
   +
  </new>
  <exclusive>
   no
  </exclusive>
  <sporty>
   no
  </sporty>
 </clothing>
 <clothing>
  <id>
   445286737
  </id>
  <name>
   DC Jacket C-9536
  </name>
  <category>
   Jacket
  </category>
  <size>
   S
  </size>
  <color>
   Голубой
  </color>
  <material>
   Кожа
  </material>
  <price>
   633383
  </price>
  <rating>
   3.23
  </rating>
  <reviews>
   941203
  </reviews>
  <sporty>
   yes
  </sporty>
 </clothing>
 <clothing>
  <id>
   955281626
  </id>
  <name>
   Converse Jacket W-9592
  </name>
  <category>
   Jacket
  </category>
  <size>
   L
  </size>
  <color>
   Желтый
  </color>
  <material>
   Лен
  </material>
  <price>
   923867
  </price>
  <rating>
   4.19
  </rating>
  <reviews>
   612289
  </reviews>
  <new>
   +
  </new>
  <sporty>
   yes
  </sporty>
 </clothing>
 <clothing>
  <id>
   448490751
  </id>
  <name>
   Puma Handbags G-2970
  </name>
  <category>
   Handbags
  </category>
  <size>
   XXL
  </size>
  <color>
   Зеленый
  </color>
  <material>
   Нейлон
  </material>
  <price>
   472750
  </price>
  <rating>
   1.85
  </rating>
  <reviews>
   314054
  </reviews>
  <new>
   -
  </new>
  <exclusive>
   no
  </exclusive>
  <sporty>
   yes
  </sporty>
 </clothing>
 <clothing>
  <id>
   908529079
  </id>
  <name>
   Vans Shirt O-1877
  </name>
  <category>
   Shirt
  </category>
  <size>
   S
  </size>
  <color>
   Зеленый
  </color>
  <material>
   Шелк
  </material>
  <price>
   480191
  </price>
  <rating>
   1.62
  </rating>
  <reviews>
   994996
  </reviews>
  <exclusive>
   no
  </exclusive>
 </clothing>
 <clothing>
  <id>
   719780799
  </id>
  <name>
   Under Armour Skirt X-9944
  </name>
  <category>
   Skirt
  </category>
  <size>
   XXL
  </size>
  <color>
   Фиолетовый
  </color>
  <material>
   Кожа
  </material>
  <price>
   675808
  </price>
  <rating>
   3.92
  </rating>
  <reviews>
   236038
  </reviews>
  <exclusive>
   yes
  </exclusive>
 </clothing>
 <clothing>
  <id>
   135266116
  </id>
  <name>
   Puma T-shirt Y-4406
  </name>
  <category>
   T-shirt
  </category>
  <size>
   S
  </size>
  <color>
   Синий
  </color>
  <material>
   Шерсть
  </material>
  <price>
   615133
  </price>
  <rating>
   3.99
  </rating>
  <reviews>
   543720
  </reviews>
  <new>
   +
  </new>
  <exclusive>
   yes
  </exclusive>
 </clothing>
 <clothing>
  <id>
   145742606
  </id>
  <name>
   Converse Sweater K-6270
  </name>
  <category>
   Sweater
  </category>
  <size>
   XXL
  </size>
  <color>
   Оранжевый
  </color>
  <material>
   Хлопок
  </material>
  <price>
   249680
  </price>
  <rating>
   4.91
  </rating>
  <reviews>
   492608
  </reviews>
  <exclusive>
   no
  </exclusive>
  <sporty>
   yes
  </sporty>
 </clothing>
 <clothing>
  <id>
   633263571
  </id>
  <name>
   Under Armour Dress Y-7463
  </name>
  <category>
   Dress
  </category>
  <size>
   L
  </size>
  <color>
   Зеленый
  </color>
  <material>
   Вискоза
  </material>
  <price>
   925267
  </price>
  <rating>
   2.8
  </rating>
  <reviews>
   957910
  </reviews>
  <exclusive>
   yes
  </exclusive>
  <sporty>
   no
  </sporty>
 </clothing>
 <clothing>
  <id>
   978634296
  </id>
  <name>
   Adidas Dress F-9924
  </name>
  <category>
   Dress
  </category>
  <size>
   XXL
  </size>
  <color>
   Синий
  </color>
  <material>
   Кожа
  </material>
  <price>
   764204
  </price>
  <rating>
   2.65
  </rating>
  <reviews>
   763059
  </reviews>
  <new>
   +
  </new>
  <sporty>
   no
  </sporty>
 </clothing>
 <clothing>
  <id>
   363892928
  </id>
  <name>
   Under Armour Jacket I-4728
  </name>
  <category>
   Jacket
  </category>
  <size>
   S
  </size>
  <color>
   Оранжевый
  </color>
  <material>
   Шелк
  </material>
  <price>
   824075
  </price>
  <rating>
   3.78
  </rating>
  <reviews>
   356160
  </reviews>
  <sporty>
   no
  </sporty>
 </clothing>
 <clothing>
  <id>
   424481720
  </id>
  <name>
   PleinSport Socks A-1008
  </name>
  <category>
   Socks
  </category>
  <size>
   L
  </size>
  <color>
   Красный
  </color>
  <material>
   Лен
  </material>
  <price>
   955223
  </price>
  <rating>
   1.05
  </rating>
  <reviews>
   929743
  </reviews>
  <new>
   -
  </new>
  <exclusive>
   yes
  </exclusive>
  <sporty>
   yes
  </sporty>
 </clothing>
 <clothing>
  <id>
   273185614
  </id>
  <name>
   Nike Jacket M-7356
  </name>
  <category>
   Jacket
  </category>
  <size>
   XL
  </size>
  <color>
   Синий
  </color>
  <material>
   Лен
  </material>
  <price>
   637506
  </price>
  <rating>
   1.33
  </rating>
  <reviews>
   152211
  </reviews>
  <new>
   +
  </new>
  <exclusive>
   no
  </exclusive>
  <sporty>
   no
  </sporty>
 </clothing>
 <clothing>
  <id>
   416014279
  </id>
  <name>
   DC Blouse S-4626
  </name>
  <category>
   Blouse
  </category>
  <size>
   S
  </size>
  <color>
   Желтый
  </color>
  <material>
   Шелк
  </material>
  <price>
   341607
  </price>
  <rating>
   1.33
  </rating>
  <reviews>
   996240
  </reviews>
  <new>
   +
  </new>
  <sporty>
   no
  </sporty>
 </clothing>
 <clothing>
  <id>
   156874291
  </id>
  <name>
   Brooks Shirt C-5348
  </name>
  <category>
   Shirt
  </category>
  <size>
   S
  </size>
  <color>
   Желтый
  </color>
  <material>
   Нейлон
  </material>
  <price>
   393732
  </price>
  <rating>
   1.64
  </rating>
  <reviews>
   873504
  </reviews>
  <new>
   -
  </new>
  <exclusive>
   yes
  </exclusive>
  <sporty>
   no
  </sporty>
 </clothing>
 <clothing>
  <id>
   692780789
  </id>
  <name>
   Addidas Sweater U-4538
  </name>
  <category>
   Sweater
  </category>
  <size>
   S
  </size>
  <color>
   Желтый
  </color>
  <material>
   Шелк
  </material>
  <price>
   433315
  </price>
  <rating>
   1.35
  </rating>
  <reviews>
   283887
  </reviews>
  <new>
   -
  </new>
  <exclusive>
   no
  </exclusive>
 </clothing>
 <clothing>
  <id>
   682183347
  </id>
  <name>
   Ellesse Jeans Q-7109
  </name>
  <category>
   Jeans
  </category>
  <size>
   S
  </size>
  <color>
   Зеленый
  </color>
  <material>
   Лен
  </material>
  <price>
   659790
  </price>
  <rating>
   2.18
  </rating>
  <reviews>
   793228
  </reviews>
  <new>
   +
  </new>
  <exclusive>
   yes
  </exclusive>
  <sporty>
   no
  </sporty>
 </clothing>
 <clothing>
  <id>
   650617648
  </id>
  <name>
   DC T-shirt Z-6989
  </name>
  <category>
   T-shirt
  </category>
  <size>
   XXL
  </size>
  <color>
   Оранжевый
  </color>
  <material>
   Шерсть
  </material>
  <price>
   316900
  </price>
  <rating>
   1.51
  </rating>
  <reviews>
   741771
  </reviews>
  <new>
   +
  </new>
 </clothing>
 <clothing>
  <id>
   314376585
  </id>
  <name>
   Fila Pants B-4272
  </name>
  <category>
   Pants
  </category>
  <size>
   M
  </size>
  <color>
   Красный
  </color>
  <material>
   Вискоза
  </material>
  <price>
   787942
  </price>
  <rating>
   3.4
  </rating>
  <reviews>
   298763
  </reviews>
  <exclusive>
   yes
  </exclusive>
 </clothing>
 <clothing>
  <id>
   258941016
  </id>
  <name>
   Ellesse Dress P-1730
  </name>
  <category>
   Dress
  </category>
  <size>
   L
  </size>
  <color>
   Синий
  </color>
  <material>
   Вискоза
  </material>
  <price>
   454550
  </price>
  <rating>
   1.2
  </rating>
  <reviews>
   802822
  </reviews>
  <new>
   +
  </new>
  <exclusive>
   yes
  </exclusive>
  <sporty>
   no
  </sporty>
 </clothing>
 <clothing>
  <id>
   696680635
  </id>
  <name>
   Under Armour Dress Z-5739
  </name>
  <category>
   Dress
  </category>
  <size>
   XL
  </size>
  <color>
   Оранжевый
  </color>
  <material>
   Лен
  </material>
  <price>
   568925
  </price>
  <rating>
   1.78
  </rating>
  <reviews>
   515974
  </reviews>
 </clothing>
 <clothing>
  <id>
   352997210
  </id>
  <name>
   Nike Shirt G-8762
  </name>
  <category>
   Shirt
  </category>
  <size>
   L
  </size>
  <color>
   Голубой
  </color>
  <material>
   Полиэстер
  </material>
  <price>
   284630
  </price>
  <rating>
   2.44
  </rating>
  <reviews>
   437887
  </reviews>
  <new>
   -
  </new>
  <exclusive>
   yes
  </exclusive>
  <sporty>
   no
  </sporty>
 </clothing>
 <clothing>
  <id>
   839625385
  </id>
  <name>
   DC Sweater H-8491
  </name>
  <category>
   Sweater
  </category>
  <size>
   M
  </size>
  <color>
   Оранжевый
  </color>
  <material>
   Шелк
  </material>
  <price>
   939714
  </price>
  <rating>
   3.14
  </rating>
  <reviews>
   298870
  </reviews>
  <exclusive>
   no
  </exclusive>
 </clothing>
 <clothing>
  <id>
   529738677
  </id>
  <name>
   Lacoste Skirt E-8156
  </name>
  <category>
   Skirt
  </category>
  <size>
   M
  </size>
  <color>
   Голубой
  </color>
  <material>
   Лен
  </material>
  <price>
   643946
  </price>
  <rating>
   4.3
  </rating>
  <reviews>
   373091
  </reviews>
  <new>
   +
  </new>
  <exclusive>
   no
  </exclusive>
  <sporty>
   no
  </sporty>
 </clothing>
</clothing-items>
