<?xml version="1.0" encoding="utf-8"?>
<clothing-items>
 <clothing>
  <id>
   159318101
  </id>
  <name>
   Reebok Skirt M-4136
  </name>
  <category>
   Skirt
  </category>
  <size>
   L
  </size>
  <color>
   Красный
  </color>
  <material>
   Вискоза
  </material>
  <price>
   426057
  </price>
  <rating>
   1.48
  </rating>
  <reviews>
   677067
  </reviews>
  <new>
   +
  </new>
  <sporty>
   no
  </sporty>
 </clothing>
 <clothing>
  <id>
   485884298
  </id>
  <name>
   Adidas T-shirt L-8524
  </name>
  <category>
   T-shirt
  </category>
  <size>
   M
  </size>
  <color>
   Синий
  </color>
  <material>
   Хлопок
  </material>
  <price>
   930678
  </price>
  <rating>
   1.84
  </rating>
  <reviews>
   863252
  </reviews>
  <new>
   -
  </new>
  <exclusive>
   yes
  </exclusive>
 </clothing>
 <clothing>
  <id>
   318998416
  </id>
  <name>
   Reebok Shirt U-1357
  </name>
  <category>
   Shirt
  </category>
  <size>
   L
  </size>
  <color>
   Фиолетовый
  </color>
  <material>
   Шелк
  </material>
  <price>
   322487
  </price>
  <rating>
   2.12
  </rating>
  <reviews>
   800951
  </reviews>
  <new>
   -
  </new>
  <exclusive>
   no
  </exclusive>
 </clothing>
 <clothing>
  <id>
   939343776
  </id>
  <name>
   Reebok Blouse T-3460
  </name>
  <category>
   Blouse
  </category>
  <size>
   XL
  </size>
  <color>
   Фиолетовый
  </color>
  <material>
   Кожа
  </material>
  <price>
   553879
  </price>
  <rating>
   4.97
  </rating>
  <reviews>
   328299
  </reviews>
  <new>
   -
  </new>
  <exclusive>
   no
  </exclusive>
  <sporty>
   no
  </sporty>
 </clothing>
 <clothing>
  <id>
   799226032
  </id>
  <name>
   Under Armour Jacket T-7192
  </name>
  <category>
   Jacket
  </category>
  <size>
   S
  </size>
  <color>
   Голубой
  </color>
  <material>
   Хлопок
  </material>
  <price>
   583956
  </price>
  <rating>
   2.36
  </rating>
  <reviews>
   318820
  </reviews>
  <exclusive>
   no
  </exclusive>
 </clothing>
 <clothing>
  <id>
   963533102
  </id>
  <name>
   DC Dress O-3411
  </name>
  <category>
   Dress
  </category>
  <size>
   XXL
  </size>
  <color>
   Желтый
  </color>
  <material>
   Лен
  </material>
  <price>
   126735
  </price>
  <rating>
   4.71
  </rating>
  <reviews>
   114898
  </reviews>
  <new>
   -
  </new>
  <exclusive>
   no
  </exclusive>
  <sporty>
   no
  </sporty>
 </clothing>
 <clothing>
  <id>
   637984875
  </id>
  <name>
   Fila Skirt F-2622
  </name>
  <category>
   Skirt
  </category>
  <size>
   XL
  </size>
  <color>
   Фиолетовый
  </color>
  <material>
   Шерсть
  </material>
  <price>
   684632
  </price>
  <rating>
   1.59
  </rating>
  <reviews>
   57849
  </reviews>
  <exclusive>
   no
  </exclusive>
  <sporty>
   no
  </sporty>
 </clothing>
 <clothing>
  <id>
   847110360
  </id>
  <name>
   Vans Jacket Y-5937
  </name>
  <category>
   Jacket
  </category>
  <size>
   L
  </size>
  <color>
   Синий
  </color>
  <material>
   Шелк
  </material>
  <price>
   790866
  </price>
  <rating>
   2.41
  </rating>
  <reviews>
   740925
  </reviews>
  <exclusive>
   no
  </exclusive>
  <sporty>
   no
  </sporty>
 </clothing>
 <clothing>
  <id>
   525774418
  </id>
  <name>
   Under Armour Sweater M-6065
  </name>
  <category>
   Sweater
  </category>
  <size>
   L
  </size>
  <color>
   Желтый
  </color>
  <material>
   Шерсть
  </material>
  <price>
   161274
  </price>
  <rating>
   3.56
  </rating>
  <reviews>
   334080
  </reviews>
  <new>
   -
  </new>
  <exclusive>
   no
  </exclusive>
 </clothing>
 <clothing>
  <id>
   697045913
  </id>
  <name>
   Reebok Handbags H-4528
  </name>
  <category>
   Handbags
  </category>
  <size>
   M
  </size>
  <color>
   Красный
  </color>
  <material>
   Хлопок
  </material>
  <price>
   475291
  </price>
  <rating>
   1.77
  </rating>
  <reviews>
   191217
  </reviews>
  <new>
   +
  </new>
  <exclusive>
   no
  </exclusive>
  <sporty>
   yes
  </sporty>
 </clothing>
 <clothing>
  <id>
   847380349
  </id>
  <name>
   Reebok Jacket H-8990
  </name>
  <category>
   Jacket
  </category>
  <size>
   XL
  </size>
  <color>
   Красный
  </color>
  <material>
   Нейлон
  </material>
  <price>
   716996
  </price>
  <rating>
   3.68
  </rating>
  <reviews>
   505414
  </reviews>
  <new>
   +
  </new>
  <exclusive>
   yes
  </exclusive>
  <sporty>
   no
  </sporty>
 </clothing>
 <clothing>
  <id>
   539574348
  </id>
  <name>
   DC Pants F-4820
  </name>
  <category>
   Pants
  </category>
  <size>
   L
  </size>
  <color>
   Зеленый
  </color>
  <material>
   Шерсть
  </material>
  <price>
   432950
  </price>
  <rating>
   2.94
  </rating>
  <reviews>
   620419
  </reviews>
  <new>
   -
  </new>
  <exclusive>
   yes
  </exclusive>
  <sporty>
   yes
  </sporty>
 </clothing>
 <clothing>
  <id>
   862698258
  </id>
  <name>
   Under Armour Skirt X-4938
  </name>
  <category>
   Skirt
  </category>
  <size>
   XL
  </size>
  <color>
   Желтый
  </color>
  <material>
   Лен
  </material>
  <price>
   765499
  </price>
  <rating>
   2.71
  </rating>
  <reviews>
   75913
  </reviews>
  <exclusive>
   yes
  </exclusive>
 </clothing>
 <clothing>
  <id>
   487100946
  </id>
  <name>
   Adidas Blouse W-1966
  </name>
  <category>
   Blouse
  </category>
  <size>
   XXL
  </size>
  <color>
   Голубой
  </color>
  <material>
   Кожа
  </material>
  <price>
   671251
  </price>
  <rating>
   4.12
  </rating>
  <reviews>
   134826
  </reviews>
  <new>
   -
  </new>
  <exclusive>
   yes
  </exclusive>
  <sporty>
   no
  </sporty>
 </clothing>
 <clothing>
  <id>
   414671956
  </id>
  <name>
   Vans Sweater S-9657
  </name>
  <category>
   Sweater
  </category>
  <size>
   M
  </size>
  <color>
   Голубой
  </color>
  <material>
   Кожа
  </material>
  <price>
   462181
  </price>
  <rating>
   4.45
  </rating>
  <reviews>
   50768
  </reviews>
  <new>
   +
  </new>
  <exclusive>
   no
  </exclusive>
 </clothing>
 <clothing>
  <id>
   530215554
  </id>
  <name>
   DC Blouse M-7532
  </name>
  <category>
   Blouse
  </category>
  <size>
   M
  </size>
  <color>
   Фиолетовый
  </color>
  <material>
   Хлопок
  </material>
  <price>
   897789
  </price>
  <rating>
   1.9
  </rating>
  <reviews>
   195279
  </reviews>
  <new>
   +
  </new>
  <exclusive>
   yes
  </exclusive>
 </clothing>
 <clothing>
  <id>
   490822388
  </id>
  <name>
   Fila Hat O-8037
  </name>
  <category>
   Hat
  </category>
  <size>
   XXL
  </size>
  <color>
   Синий
  </color>
  <material>
   Кожа
  </material>
  <price>
   357661
  </price>
  <rating>
   2.92
  </rating>
  <reviews>
   266567
  </reviews>
  <new>
   +
  </new>
  <exclusive>
   yes
  </exclusive>
  <sporty>
   no
  </sporty>
 </clothing>
 <clothing>
  <id>
   387262812
  </id>
  <name>
   Addidas Jacket A-1571
  </name>
  <category>
   Jacket
  </category>
  <size>
   XL
  </size>
  <color>
   Красный
  </color>
  <material>
   Шелк
  </material>
  <price>
   671966
  </price>
  <rating>
   2.05
  </rating>
  <reviews>
   504760
  </reviews>
  <new>
   +
  </new>
  <exclusive>
   yes
  </exclusive>
  <sporty>
   no
  </sporty>
 </clothing>
 <clothing>
  <id>
   207713232
  </id>
  <name>
   Ellesse Jacket O-7170
  </name>
  <category>
   Jacket
  </category>
  <size>
   XL
  </size>
  <color>
   Оранжевый
  </color>
  <material>
   Лен
  </material>
  <price>
   118933
  </price>
  <rating>
   4.1
  </rating>
  <reviews>
   522924
  </reviews>
  <new>
   +
  </new>
  <sporty>
   yes
  </sporty>
 </clothing>
 <clothing>
  <id>
   141520690
  </id>
  <name>
   Converse Handbags U-4025
  </name>
  <category>
   Handbags
  </category>
  <size>
   L
  </size>
  <color>
   Оранжевый
  </color>
  <material>
   Шерсть
  </material>
  <price>
   962445
  </price>
  <rating>
   1.55
  </rating>
  <reviews>
   670312
  </reviews>
  <new>
   -
  </new>
  <exclusive>
   yes
  </exclusive>
  <sporty>
   no
  </sporty>
 </clothing>
 <clothing>
  <id>
   786629425
  </id>
  <name>
   Reebok Umbrellas Z-3519
  </name>
  <category>
   Umbrellas
  </category>
  <size>
   XXL
  </size>
  <color>
   Синий
  </color>
  <material>
   Хлопок
  </material>
  <price>
   156922
  </price>
  <rating>
   3.03
  </rating>
  <reviews>
   674329
  </reviews>
  <new>
   -
  </new>
  <exclusive>
   yes
  </exclusive>
 </clothing>
 <clothing>
  <id>
   369206091
  </id>
  <name>
   New Balance Sweater P-9696
  </name>
  <category>
   Sweater
  </category>
  <size>
   M
  </size>
  <color>
   Голубой
  </color>
  <material>
   Лен
  </material>
  <price>
   701133
  </price>
  <rating>
   4.42
  </rating>
  <reviews>
   557423
  </reviews>
  <exclusive>
   yes
  </exclusive>
  <sporty>
   no
  </sporty>
 </clothing>
 <clothing>
  <id>
   417073311
  </id>
  <name>
   Reebok Blouse P-8316
  </name>
  <category>
   Blouse
  </category>
  <size>
   XXL
  </size>
  <color>
   Синий
  </color>
  <material>
   Кожа
  </material>
  <price>
   394962
  </price>
  <rating>
   3.57
  </rating>
  <reviews>
   457552
  </reviews>
  <new>
   -
  </new>
  <exclusive>
   no
  </exclusive>
  <sporty>
   yes
  </sporty>
 </clothing>
 <clothing>
  <id>
   189493661
  </id>
  <name>
   Asics Dress Y-3165
  </name>
  <category>
   Dress
  </category>
  <size>
   S
  </size>
  <color>
   Красный
  </color>
  <material>
   Хлопок
  </material>
  <price>
   237443
  </price>
  <rating>
   2.8
  </rating>
  <reviews>
   572240
  </reviews>
  <sporty>
   no
  </sporty>
 </clothing>
 <clothing>
  <id>
   368643867
  </id>
  <name>
   Lacoste Pants K-7757
  </name>
  <category>
   Pants
  </category>
  <size>
   M
  </size>
  <color>
   Зеленый
  </color>
  <material>
   Нейлон
  </material>
  <price>
   721937
  </price>
  <rating>
   3.04
  </rating>
  <reviews>
   434200
  </reviews>
  <exclusive>
   no
  </exclusive>
 </clothing>
 <clothing>
  <id>
   778435384
  </id>
  <name>
   Addidas Sweater C-1744
  </name>
  <category>
   Sweater
  </category>
  <size>
   M
  </size>
  <color>
   Фиолетовый
  </color>
  <material>
   Полиэстер
  </material>
  <price>
   985447
  </price>
  <rating>
   4.76
  </rating>
  <reviews>
   238889
  </reviews>
  <exclusive>
   no
  </exclusive>
 </clothing>
 <clothing>
  <id>
   877775489
  </id>
  <name>
   Ellesse Shoes W-2829
  </name>
  <category>
   Shoes
  </category>
  <size>
   XXL
  </size>
  <color>
   Желтый
  </color>
  <material>
   Нейлон
  </material>
  <price>
   249974
  </price>
  <rating>
   3.86
  </rating>
  <reviews>
   527593
  </reviews>
  <new>
   +
  </new>
  <exclusive>
   yes
  </exclusive>
  <sporty>
   yes
  </sporty>
 </clothing>
 <clothing>
  <id>
   401363362
  </id>
  <name>
   Lacoste Jacket R-1274
  </name>
  <category>
   Jacket
  </category>
  <size>
   M
  </size>
  <color>
   Желтый
  </color>
  <material>
   Хлопок
  </material>
  <price>
   248965
  </price>
  <rating>
   3.44
  </rating>
  <reviews>
   424286
  </reviews>
  <exclusive>
   yes
  </exclusive>
  <sporty>
   yes
  </sporty>
 </clothing>
 <clothing>
  <id>
   161381988
  </id>
  <name>
   Asics Dress Z-8320
  </name>
  <category>
   Dress
  </category>
  <size>
   L
  </size>
  <color>
   Зеленый
  </color>
  <material>
   Шерсть
  </material>
  <price>
   640103
  </price>
  <rating>
   2.23
  </rating>
  <reviews>
   195759
  </reviews>
  <new>
   -
  </new>
  <exclusive>
   yes
  </exclusive>
  <sporty>
   no
  </sporty>
 </clothing>
 <clothing>
  <id>
   530172010
  </id>
  <name>
   Addidas Blouse J-7453
  </name>
  <category>
   Blouse
  </category>
  <size>
   XXL
  </size>
  <color>
   Красный
  </color>
  <material>
   Лен
  </material>
  <price>
   184239
  </price>
  <rating>
   1.96
  </rating>
  <reviews>
   988175
  </reviews>
  <new>
   -
  </new>
  <exclusive>
   no
  </exclusive>
 </clothing>
 <clothing>
  <id>
   199150780
  </id>
  <name>
   PleinSport Skirt L-1471
  </name>
  <category>
   Skirt
  </category>
  <size>
   XXL
  </size>
  <color>
   Фиолетовый
  </color>
  <material>
   Нейлон
  </material>
  <price>
   786137
  </price>
  <rating>
   2.32
  </rating>
  <reviews>
   668975
  </reviews>
  <new>
   +
  </new>
  <exclusive>
   yes
  </exclusive>
  <sporty>
   no
  </sporty>
 </clothing>
 <clothing>
  <id>
   998481740
  </id>
  <name>
   Vans Pants G-3963
  </name>
  <category>
   Pants
  </category>
  <size>
   M
  </size>
  <color>
   Красный
  </color>
  <material>
   Шерсть
  </material>
  <price>
   670651
  </price>
  <rating>
   2.63
  </rating>
  <reviews>
   135610
  </reviews>
  <exclusive>
   no
  </exclusive>
  <sporty>
   yes
  </sporty>
 </clothing>
 <clothing>
  <id>
   517372119
  </id>
  <name>
   Puma Socks Q-2493
  </name>
  <category>
   Socks
  </category>
  <size>
   S
  </size>
  <color>
   Голубой
  </color>
  <material>
   Нейлон
  </material>
  <price>
   949687
  </price>
  <rating>
   3.49
  </rating>
  <reviews>
   589203
  </reviews>
  <exclusive>
   no
  </exclusive>
  <sporty>
   no
  </sporty>
 </clothing>
 <clothing>
  <id>
   811093082
  </id>
  <name>
   Puma Dress F-1886
  </name>
  <category>
   Dress
  </category>
  <size>
   L
  </size>
  <color>
   Красный
  </color>
  <material>
   Нейлон
  </material>
  <price>
   483266
  </price>
  <rating>
   1.67
  </rating>
  <reviews>
   765387
  </reviews>
  <new>
   -
  </new>
  <sporty>
   yes
  </sporty>
 </clothing>
 <clothing>
  <id>
   698714524
  </id>
  <name>
   Brooks Gloves L-5305
  </name>
  <category>
   Gloves
  </category>
  <size>
   XXL
  </size>
  <color>
   Голубой
  </color>
  <material>
   Шелк
  </material>
  <price>
   780038
  </price>
  <rating>
   3.48
  </rating>
  <reviews>
   830727
  </reviews>
  <new>
   -
  </new>
  <exclusive>
   no
  </exclusive>
 </clothing>
 <clothing>
  <id>
   819715131
  </id>
  <name>
   Converse Sweater V-3582
  </name>
  <category>
   Sweater
  </category>
  <size>
   S
  </size>
  <color>
   Оранжевый
  </color>
  <material>
   Хлопок
  </material>
  <price>
   800883
  </price>
  <rating>
   3.43
  </rating>
  <reviews>
   870560
  </reviews>
  <new>
   -
  </new>
 </clothing>
 <clothing>
  <id>
   980049865
  </id>
  <name>
   Asics Umbrellas L-9601
  </name>
  <category>
   Umbrellas
  </category>
  <size>
   S
  </size>
  <color>
   Голубой
  </color>
  <material>
   Кожа
  </material>
  <price>
   573943
  </price>
  <rating>
   2.24
  </rating>
  <reviews>
   489122
  </reviews>
  <new>
   +
  </new>
 </clothing>
 <clothing>
  <id>
   348594537
  </id>
  <name>
   New Balance Jacket Z-3600
  </name>
  <category>
   Jacket
  </category>
  <size>
   XXL
  </size>
  <color>
   Оранжевый
  </color>
  <material>
   Шерсть
  </material>
  <price>
   650067
  </price>
  <rating>
   2.64
  </rating>
  <reviews>
   347542
  </reviews>
  <new>
   -
  </new>
  <exclusive>
   no
  </exclusive>
  <sporty>
   yes
  </sporty>
 </clothing>
 <clothing>
  <id>
   232575563
  </id>
  <name>
   PleinSport Blouse V-8121
  </name>
  <category>
   Blouse
  </category>
  <size>
   XXL
  </size>
  <color>
   Красный
  </color>
  <material>
   Лен
  </material>
  <price>
   921683
  </price>
  <rating>
   3.06
  </rating>
  <reviews>
   146843
  </reviews>
  <exclusive>
   no
  </exclusive>
 </clothing>
 <clothing>
  <id>
   740039779
  </id>
  <name>
   Puma Shirt K-4922
  </name>
  <category>
   Shirt
  </category>
  <size>
   XXL
  </size>
  <color>
   Зеленый
  </color>
  <material>
   Полиэстер
  </material>
  <price>
   916110
  </price>
  <rating>
   3.7
  </rating>
  <reviews>
   97796
  </reviews>
  <new>
   -
  </new>
  <sporty>
   no
  </sporty>
 </clothing>
 <clothing>
  <id>
   347828271
  </id>
  <name>
   Fila Sweater I-7049
  </name>
  <category>
   Sweater
  </category>
  <size>
   S
  </size>
  <color>
   Желтый
  </color>
  <material>
   Полиэстер
  </material>
  <price>
   331692
  </price>
  <rating>
   3.55
  </rating>
  <reviews>
   286408
  </reviews>
  <new>
   +
  </new>
  <exclusive>
   no
  </exclusive>
  <sporty>
   yes
  </sporty>
 </clothing>
 <clothing>
  <id>
   469083213
  </id>
  <name>
   Fila Handbags Q-9419
  </name>
  <category>
   Handbags
  </category>
  <size>
   XL
  </size>
  <color>
   Красный
  </color>
  <material>
   Вискоза
  </material>
  <price>
   732469
  </price>
  <rating>
   3.78
  </rating>
  <reviews>
   142709
  </reviews>
  <sporty>
   no
  </sporty>
 </clothing>
 <clothing>
  <id>
   466429325
  </id>
  <name>
   Ellesse Jacket Z-1140
  </name>
  <category>
   Jacket
  </category>
  <size>
   M
  </size>
  <color>
   Зеленый
  </color>
  <material>
   Нейлон
  </material>
  <price>
   286486
  </price>
  <rating>
   4.85
  </rating>
  <reviews>
   477332
  </reviews>
  <new>
   -
  </new>
  <sporty>
   no
  </sporty>
 </clothing>
 <clothing>
  <id>
   660273742
  </id>
  <name>
   Nike Handbags Q-6221
  </name>
  <category>
   Handbags
  </category>
  <size>
   M
  </size>
  <color>
   Синий
  </color>
  <material>
   Полиэстер
  </material>
  <price>
   143130
  </price>
  <rating>
   2.4
  </rating>
  <reviews>
   731202
  </reviews>
  <exclusive>
   no
  </exclusive>
 </clothing>
 <clothing>
  <id>
   385921444
  </id>
  <name>
   PleinSport Blouse Y-2113
  </name>
  <category>
   Blouse
  </category>
  <size>
   XXL
  </size>
  <color>
   Желтый
  </color>
  <material>
   Вискоза
  </material>
  <price>
   484319
  </price>
  <rating>
   4.36
  </rating>
  <reviews>
   32855
  </reviews>
  <new>
   +
  </new>
 </clothing>
 <clothing>
  <id>
   263422552
  </id>
  <name>
   Brooks Skirt T-3741
  </name>
  <category>
   Skirt
  </category>
  <size>
   XL
  </size>
  <color>
   Желтый
  </color>
  <material>
   Шелк
  </material>
  <price>
   134555
  </price>
  <rating>
   3.44
  </rating>
  <reviews>
   208938
  </reviews>
  <exclusive>
   yes
  </exclusive>
  <sporty>
   yes
  </sporty>
 </clothing>
 <clothing>
  <id>
   534644270
  </id>
  <name>
   Fila T-shirt J-7085
  </name>
  <category>
   T-shirt
  </category>
  <size>
   M
  </size>
  <color>
   Желтый
  </color>
  <material>
   Вискоза
  </material>
  <price>
   251007
  </price>
  <rating>
   1.89
  </rating>
  <reviews>
   327873
  </reviews>
  <new>
   -
  </new>
  <exclusive>
   yes
  </exclusive>
 </clothing>
 <clothing>
  <id>
   625760735
  </id>
  <name>
   Under Armour Jacket I-2456
  </name>
  <category>
   Jacket
  </category>
  <size>
   M
  </size>
  <color>
   Синий
  </color>
  <material>
   Шерсть
  </material>
  <price>
   729316
  </price>
  <rating>
   1.91
  </rating>
  <reviews>
   573707
  </reviews>
  <exclusive>
   no
  </exclusive>
 </clothing>
</clothing-items>
