<?xml version="1.0" encoding="utf-8"?>
<clothing-items>
 <clothing>
  <id>
   546013749
  </id>
  <name>
   Under Armour Shoes E-1200
  </name>
  <category>
   Shoes
  </category>
  <size>
   L
  </size>
  <color>
   Синий
  </color>
  <material>
   Полиэстер
  </material>
  <price>
   187888
  </price>
  <rating>
   4.68
  </rating>
  <reviews>
   46718
  </reviews>
  <exclusive>
   yes
  </exclusive>
  <sporty>
   yes
  </sporty>
 </clothing>
 <clothing>
  <id>
   170246494
  </id>
  <name>
   Asics Hat A-2088
  </name>
  <category>
   Hat
  </category>
  <size>
   M
  </size>
  <color>
   Голубой
  </color>
  <material>
   Вискоза
  </material>
  <price>
   443586
  </price>
  <rating>
   2.27
  </rating>
  <reviews>
   447684
  </reviews>
  <new>
   -
  </new>
  <exclusive>
   no
  </exclusive>
  <sporty>
   no
  </sporty>
 </clothing>
 <clothing>
  <id>
   133660753
  </id>
  <name>
   Vans Jacket M-8180
  </name>
  <category>
   Jacket
  </category>
  <size>
   M
  </size>
  <color>
   Оранжевый
  </color>
  <material>
   Кожа
  </material>
  <price>
   502082
  </price>
  <rating>
   4.91
  </rating>
  <reviews>
   762850
  </reviews>
  <new>
   +
  </new>
  <exclusive>
   no
  </exclusive>
  <sporty>
   yes
  </sporty>
 </clothing>
 <clothing>
  <id>
   624884585
  </id>
  <name>
   Adidas Gloves T-2722
  </name>
  <category>
   Gloves
  </category>
  <size>
   M
  </size>
  <color>
   Зеленый
  </color>
  <material>
   Кожа
  </material>
  <price>
   506531
  </price>
  <rating>
   1.79
  </rating>
  <reviews>
   541360
  </reviews>
  <exclusive>
   yes
  </exclusive>
  <sporty>
   no
  </sporty>
 </clothing>
 <clothing>
  <id>
   219352172
  </id>
  <name>
   Converse Umbrellas O-6574
  </name>
  <category>
   Umbrellas
  </category>
  <size>
   XL
  </size>
  <color>
   Фиолетовый
  </color>
  <material>
   Вискоза
  </material>
  <price>
   648558
  </price>
  <rating>
   4.12
  </rating>
  <reviews>
   70972
  </reviews>
  <exclusive>
   yes
  </exclusive>
  <sporty>
   no
  </sporty>
 </clothing>
 <clothing>
  <id>
   372924640
  </id>
  <name>
   Ellesse Umbrellas I-3425
  </name>
  <category>
   Umbrellas
  </category>
  <size>
   S
  </size>
  <color>
   Красный
  </color>
  <material>
   Нейлон
  </material>
  <price>
   808809
  </price>
  <rating>
   3.55
  </rating>
  <reviews>
   70124
  </reviews>
  <new>
   +
  </new>
  <exclusive>
   no
  </exclusive>
  <sporty>
   no
  </sporty>
 </clothing>
 <clothing>
  <id>
   708903632
  </id>
  <name>
   New Balance Blouse P-6175
  </name>
  <category>
   Blouse
  </category>
  <size>
   XXL
  </size>
  <color>
   Желтый
  </color>
  <material>
   Кожа
  </material>
  <price>
   404231
  </price>
  <rating>
   4.92
  </rating>
  <reviews>
   860843
  </reviews>
  <new>
   -
  </new>
  <exclusive>
   no
  </exclusive>
 </clothing>
 <clothing>
  <id>
   157635444
  </id>
  <name>
   Addidas Jacket A-3168
  </name>
  <category>
   Jacket
  </category>
  <size>
   M
  </size>
  <color>
   Желтый
  </color>
  <material>
   Хлопок
  </material>
  <price>
   772046
  </price>
  <rating>
   4.99
  </rating>
  <reviews>
   59289
  </reviews>
  <sporty>
   no
  </sporty>
 </clothing>
 <clothing>
  <id>
   453034817
  </id>
  <name>
   Addidas Pants L-4686
  </name>
  <category>
   Pants
  </category>
  <size>
   M
  </size>
  <color>
   Красный
  </color>
  <material>
   Полиэстер
  </material>
  <price>
   431595
  </price>
  <rating>
   1.19
  </rating>
  <reviews>
   957428
  </reviews>
  <exclusive>
   no
  </exclusive>
  <sporty>
   no
  </sporty>
 </clothing>
 <clothing>
  <id>
   943097348
  </id>
  <name>
   Ellesse Socks A-2985
  </name>
  <category>
   Socks
  </category>
  <size>
   M
  </size>
  <color>
   Голубой
  </color>
  <material>
   Полиэстер
  </material>
  <price>
   429761
  </price>
  <rating>
   1.71
  </rating>
  <reviews>
   978270
  </reviews>
 </clothing>
 <clothing>
  <id>
   957956320
  </id>
  <name>
   Asics Skirt L-3647
  </name>
  <category>
   Skirt
  </category>
  <size>
   L
  </size>
  <color>
   Желтый
  </color>
  <material>
   Шерсть
  </material>
  <price>
   743226
  </price>
  <rating>
   4.6
  </rating>
  <reviews>
   87712
  </reviews>
  <exclusive>
   no
  </exclusive>
  <sporty>
   no
  </sporty>
 </clothing>
</clothing-items>
