<?xml version="1.0" encoding="utf-8"?>
<clothing-items>
 <clothing>
  <id>
   524868120
  </id>
  <name>
   Asics Jacket H-3654
  </name>
  <category>
   Jacket
  </category>
  <size>
   S
  </size>
  <color>
   Фиолетовый
  </color>
  <material>
   Лен
  </material>
  <price>
   821019
  </price>
  <rating>
   4.06
  </rating>
  <reviews>
   214007
  </reviews>
  <sporty>
   yes
  </sporty>
 </clothing>
 <clothing>
  <id>
   164272459
  </id>
  <name>
   Vans Belts K-1851
  </name>
  <category>
   Belts
  </category>
  <size>
   S
  </size>
  <color>
   Синий
  </color>
  <material>
   Нейлон
  </material>
  <price>
   613880
  </price>
  <rating>
   3.62
  </rating>
  <reviews>
   933389
  </reviews>
  <new>
   +
  </new>
  <sporty>
   yes
  </sporty>
 </clothing>
 <clothing>
  <id>
   901206466
  </id>
  <name>
   Under Armour Socks K-1547
  </name>
  <category>
   Socks
  </category>
  <size>
   S
  </size>
  <color>
   Голубой
  </color>
  <material>
   Вискоза
  </material>
  <price>
   513747
  </price>
  <rating>
   1.93
  </rating>
  <reviews>
   957650
  </reviews>
  <new>
   -
  </new>
  <exclusive>
   no
  </exclusive>
  <sporty>
   yes
  </sporty>
 </clothing>
 <clothing>
  <id>
   268945131
  </id>
  <name>
   Puma Skirt K-9285
  </name>
  <category>
   Skirt
  </category>
  <size>
   XXL
  </size>
  <color>
   Синий
  </color>
  <material>
   Шелк
  </material>
  <price>
   237551
  </price>
  <rating>
   1.9
  </rating>
  <reviews>
   606527
  </reviews>
  <new>
   -
  </new>
  <exclusive>
   no
  </exclusive>
  <sporty>
   no
  </sporty>
 </clothing>
 <clothing>
  <id>
   223288223
  </id>
  <name>
   Vans Shirt J-6856
  </name>
  <category>
   Shirt
  </category>
  <size>
   XL
  </size>
  <color>
   Голубой
  </color>
  <material>
   Полиэстер
  </material>
  <price>
   758759
  </price>
  <rating>
   3.72
  </rating>
  <reviews>
   59779
  </reviews>
  <new>
   -
  </new>
  <sporty>
   yes
  </sporty>
 </clothing>
 <clothing>
  <id>
   885345176
  </id>
  <name>
   Converse Blouse Z-7317
  </name>
  <category>
   Blouse
  </category>
  <size>
   M
  </size>
  <color>
   Зеленый
  </color>
  <material>
   Вискоза
  </material>
  <price>
   893712
  </price>
  <rating>
   3.46
  </rating>
  <reviews>
   848882
  </reviews>
  <new>
   +
  </new>
  <exclusive>
   yes
  </exclusive>
  <sporty>
   yes
  </sporty>
 </clothing>
 <clothing>
  <id>
   495868115
  </id>
  <name>
   Under Armour Dress T-4256
  </name>
  <category>
   Dress
  </category>
  <size>
   M
  </size>
  <color>
   Синий
  </color>
  <material>
   Вискоза
  </material>
  <price>
   831102
  </price>
  <rating>
   4.09
  </rating>
  <reviews>
   388466
  </reviews>
  <new>
   +
  </new>
  <exclusive>
   yes
  </exclusive>
  <sporty>
   no
  </sporty>
 </clothing>
 <clothing>
  <id>
   307950428
  </id>
  <name>
   Reebok Blouse G-5472
  </name>
  <category>
   Blouse
  </category>
  <size>
   XL
  </size>
  <color>
   Фиолетовый
  </color>
  <material>
   Лен
  </material>
  <price>
   426439
  </price>
  <rating>
   1.07
  </rating>
  <reviews>
   25560
  </reviews>
  <new>
   -
  </new>
  <sporty>
   no
  </sporty>
 </clothing>
 <clothing>
  <id>
   731714058
  </id>
  <name>
   Under Armour Handbags J-6180
  </name>
  <category>
   Handbags
  </category>
  <size>
   M
  </size>
  <color>
   Оранжевый
  </color>
  <material>
   Шерсть
  </material>
  <price>
   300996
  </price>
  <rating>
   2.45
  </rating>
  <reviews>
   886069
  </reviews>
  <exclusive>
   no
  </exclusive>
  <sporty>
   no
  </sporty>
 </clothing>
 <clothing>
  <id>
   418717770
  </id>
  <name>
   DC Hat X-3952
  </name>
  <category>
   Hat
  </category>
  <size>
   XL
  </size>
  <color>
   Синий
  </color>
  <material>
   Хлопок
  </material>
  <price>
   972148
  </price>
  <rating>
   4.92
  </rating>
  <reviews>
   196645
  </reviews>
  <new>
   -
  </new>
 </clothing>
 <clothing>
  <id>
   886337750
  </id>
  <name>
   Puma Blouse A-1302
  </name>
  <category>
   Blouse
  </category>
  <size>
   L
  </size>
  <color>
   Синий
  </color>
  <material>
   Кожа
  </material>
  <price>
   896649
  </price>
  <rating>
   1.05
  </rating>
  <reviews>
   302705
  </reviews>
  <new>
   -
  </new>
 </clothing>
 <clothing>
  <id>
   330373427
  </id>
  <name>
   Brooks Pants Q-7299
  </name>
  <category>
   Pants
  </category>
  <size>
   L
  </size>
  <color>
   Оранжевый
  </color>
  <material>
   Лен
  </material>
  <price>
   421231
  </price>
  <rating>
   2.41
  </rating>
  <reviews>
   488585
  </reviews>
  <exclusive>
   no
  </exclusive>
 </clothing>
 <clothing>
  <id>
   343130324
  </id>
  <name>
   Vans Shoes Q-8770
  </name>
  <category>
   Shoes
  </category>
  <size>
   L
  </size>
  <color>
   Фиолетовый
  </color>
  <material>
   Хлопок
  </material>
  <price>
   390473
  </price>
  <rating>
   1.04
  </rating>
  <reviews>
   215291
  </reviews>
  <new>
   -
  </new>
 </clothing>
 <clothing>
  <id>
   878918360
  </id>
  <name>
   DC Sweater B-8590
  </name>
  <category>
   Sweater
  </category>
  <size>
   M
  </size>
  <color>
   Желтый
  </color>
  <material>
   Хлопок
  </material>
  <price>
   596915
  </price>
  <rating>
   3.04
  </rating>
  <reviews>
   764987
  </reviews>
  <new>
   -
  </new>
  <sporty>
   no
  </sporty>
 </clothing>
 <clothing>
  <id>
   549211634
  </id>
  <name>
   PleinSport Jeans S-7806
  </name>
  <category>
   Jeans
  </category>
  <size>
   S
  </size>
  <color>
   Голубой
  </color>
  <material>
   Шерсть
  </material>
  <price>
   179341
  </price>
  <rating>
   4.88
  </rating>
  <reviews>
   762406
  </reviews>
  <sporty>
   no
  </sporty>
 </clothing>
 <clothing>
  <id>
   244743518
  </id>
  <name>
   Converse Jacket N-5210
  </name>
  <category>
   Jacket
  </category>
  <size>
   L
  </size>
  <color>
   Красный
  </color>
  <material>
   Вискоза
  </material>
  <price>
   809070
  </price>
  <rating>
   1.34
  </rating>
  <reviews>
   904287
  </reviews>
  <new>
   -
  </new>
 </clothing>
 <clothing>
  <id>
   563365094
  </id>
  <name>
   Fila Shoes B-9157
  </name>
  <category>
   Shoes
  </category>
  <size>
   M
  </size>
  <color>
   Зеленый
  </color>
  <material>
   Шелк
  </material>
  <price>
   253387
  </price>
  <rating>
   3.19
  </rating>
  <reviews>
   914620
  </reviews>
  <exclusive>
   yes
  </exclusive>
  <sporty>
   no
  </sporty>
 </clothing>
 <clothing>
  <id>
   859949770
  </id>
  <name>
   Lacoste Sweater U-9648
  </name>
  <category>
   Sweater
  </category>
  <size>
   S
  </size>
  <color>
   Желтый
  </color>
  <material>
   Хлопок
  </material>
  <price>
   636000
  </price>
  <rating>
   3.5
  </rating>
  <reviews>
   755315
  </reviews>
  <new>
   -
  </new>
  <sporty>
   yes
  </sporty>
 </clothing>
 <clothing>
  <id>
   626331778
  </id>
  <name>
   Asics Hat G-2180
  </name>
  <category>
   Hat
  </category>
  <size>
   XL
  </size>
  <color>
   Оранжевый
  </color>
  <material>
   Полиэстер
  </material>
  <price>
   907930
  </price>
  <rating>
   2.93
  </rating>
  <reviews>
   470534
  </reviews>
  <new>
   -
  </new>
  <exclusive>
   yes
  </exclusive>
 </clothing>
 <clothing>
  <id>
   607585814
  </id>
  <name>
   Brooks Dress X-4149
  </name>
  <category>
   Dress
  </category>
  <size>
   XL
  </size>
  <color>
   Голубой
  </color>
  <material>
   Шелк
  </material>
  <price>
   208857
  </price>
  <rating>
   1.43
  </rating>
  <reviews>
   432396
  </reviews>
  <new>
   +
  </new>
  <exclusive>
   yes
  </exclusive>
 </clothing>
 <clothing>
  <id>
   613529153
  </id>
  <name>
   Addidas Hat O-7969
  </name>
  <category>
   Hat
  </category>
  <size>
   M
  </size>
  <color>
   Фиолетовый
  </color>
  <material>
   Хлопок
  </material>
  <price>
   400396
  </price>
  <rating>
   4.12
  </rating>
  <reviews>
   215259
  </reviews>
  <new>
   +
  </new>
  <exclusive>
   no
  </exclusive>
  <sporty>
   no
  </sporty>
 </clothing>
 <clothing>
  <id>
   910599972
  </id>
  <name>
   Vans Shirt V-2974
  </name>
  <category>
   Shirt
  </category>
  <size>
   S
  </size>
  <color>
   Желтый
  </color>
  <material>
   Кожа
  </material>
  <price>
   513211
  </price>
  <rating>
   1.58
  </rating>
  <reviews>
   24357
  </reviews>
  <new>
   -
  </new>
  <sporty>
   no
  </sporty>
 </clothing>
 <clothing>
  <id>
   754089325
  </id>
  <name>
   Nike Sweater V-4929
  </name>
  <category>
   Sweater
  </category>
  <size>
   S
  </size>
  <color>
   Желтый
  </color>
  <material>
   Вискоза
  </material>
  <price>
   444189
  </price>
  <rating>
   4.52
  </rating>
  <reviews>
   804983
  </reviews>
  <new>
   +
  </new>
 </clothing>
 <clothing>
  <id>
   243117605
  </id>
  <name>
   Under Armour T-shirt F-1445
  </name>
  <category>
   T-shirt
  </category>
  <size>
   XL
  </size>
  <color>
   Желтый
  </color>
  <material>
   Шелк
  </material>
  <price>
   750371
  </price>
  <rating>
   4.07
  </rating>
  <reviews>
   908671
  </reviews>
  <new>
   -
  </new>
  <sporty>
   no
  </sporty>
 </clothing>
 <clothing>
  <id>
   252720152
  </id>
  <name>
   Ellesse Socks W-6559
  </name>
  <category>
   Socks
  </category>
  <size>
   XL
  </size>
  <color>
   Синий
  </color>
  <material>
   Шерсть
  </material>
  <price>
   738371
  </price>
  <rating>
   3.26
  </rating>
  <reviews>
   553730
  </reviews>
  <new>
   -
  </new>
  <exclusive>
   yes
  </exclusive>
 </clothing>
</clothing-items>
