<?xml version="1.0" encoding="utf-8"?>
<clothing-items>
 <clothing>
  <id>
   658585211
  </id>
  <name>
   Reebok Shirt Q-6578
  </name>
  <category>
   Shirt
  </category>
  <size>
   XXL
  </size>
  <color>
   Синий
  </color>
  <material>
   Шерсть
  </material>
  <price>
   738900
  </price>
  <rating>
   2.8
  </rating>
  <reviews>
   239084
  </reviews>
  <new>
   +
  </new>
  <sporty>
   yes
  </sporty>
 </clothing>
 <clothing>
  <id>
   914791233
  </id>
  <name>
   PleinSport Shoes O-9585
  </name>
  <category>
   Shoes
  </category>
  <size>
   XXL
  </size>
  <color>
   Синий
  </color>
  <material>
   Шерсть
  </material>
  <price>
   882494
  </price>
  <rating>
   1.66
  </rating>
  <reviews>
   178577
  </reviews>
  <new>
   +
  </new>
  <sporty>
   no
  </sporty>
 </clothing>
 <clothing>
  <id>
   216189059
  </id>
  <name>
   New Balance Handbags T-3081
  </name>
  <category>
   Handbags
  </category>
  <size>
   L
  </size>
  <color>
   Красный
  </color>
  <material>
   Нейлон
  </material>
  <price>
   217738
  </price>
  <rating>
   2.99
  </rating>
  <reviews>
   375271
  </reviews>
  <new>
   +
  </new>
  <exclusive>
   yes
  </exclusive>
  <sporty>
   no
  </sporty>
 </clothing>
 <clothing>
  <id>
   698274730
  </id>
  <name>
   PleinSport Sweater N-8485
  </name>
  <category>
   Sweater
  </category>
  <size>
   M
  </size>
  <color>
   Фиолетовый
  </color>
  <material>
   Вискоза
  </material>
  <price>
   470188
  </price>
  <rating>
   2.21
  </rating>
  <reviews>
   87094
  </reviews>
  <exclusive>
   yes
  </exclusive>
  <sporty>
   no
  </sporty>
 </clothing>
 <clothing>
  <id>
   566756196
  </id>
  <name>
   PleinSport Shoes U-4109
  </name>
  <category>
   Shoes
  </category>
  <size>
   XXL
  </size>
  <color>
   Фиолетовый
  </color>
  <material>
   Лен
  </material>
  <price>
   549057
  </price>
  <rating>
   1.08
  </rating>
  <reviews>
   291135
  </reviews>
  <new>
   -
  </new>
 </clothing>
 <clothing>
  <id>
   285247754
  </id>
  <name>
   Nike Shoes S-1429
  </name>
  <category>
   Shoes
  </category>
  <size>
   XXL
  </size>
  <color>
   Красный
  </color>
  <material>
   Нейлон
  </material>
  <price>
   170679
  </price>
  <rating>
   1.57
  </rating>
  <reviews>
   956328
  </reviews>
  <new>
   -
  </new>
  <sporty>
   no
  </sporty>
 </clothing>
 <clothing>
  <id>
   997879087
  </id>
  <name>
   Puma Jacket J-4487
  </name>
  <category>
   Jacket
  </category>
  <size>
   XL
  </size>
  <color>
   Зеленый
  </color>
  <material>
   Кожа
  </material>
  <price>
   764104
  </price>
  <rating>
   1.2
  </rating>
  <reviews>
   813996
  </reviews>
  <exclusive>
   yes
  </exclusive>
  <sporty>
   no
  </sporty>
 </clothing>
 <clothing>
  <id>
   423642141
  </id>
  <name>
   Adidas Skirt O-7418
  </name>
  <category>
   Skirt
  </category>
  <size>
   S
  </size>
  <color>
   Оранжевый
  </color>
  <material>
   Шелк
  </material>
  <price>
   788536
  </price>
  <rating>
   3.03
  </rating>
  <reviews>
   783705
  </reviews>
  <exclusive>
   no
  </exclusive>
  <sporty>
   no
  </sporty>
 </clothing>
 <clothing>
  <id>
   188486144
  </id>
  <name>
   PleinSport Sweater W-7069
  </name>
  <category>
   Sweater
  </category>
  <size>
   XL
  </size>
  <color>
   Зеленый
  </color>
  <material>
   Кожа
  </material>
  <price>
   747839
  </price>
  <rating>
   1.17
  </rating>
  <reviews>
   916517
  </reviews>
  <new>
   +
  </new>
 </clothing>
 <clothing>
  <id>
   186717272
  </id>
  <name>
   Converse Umbrellas S-4640
  </name>
  <category>
   Umbrellas
  </category>
  <size>
   M
  </size>
  <color>
   Зеленый
  </color>
  <material>
   Кожа
  </material>
  <price>
   771451
  </price>
  <rating>
   1.48
  </rating>
  <reviews>
   620354
  </reviews>
  <new>
   +
  </new>
  <exclusive>
   yes
  </exclusive>
  <sporty>
   no
  </sporty>
 </clothing>
 <clothing>
  <id>
   573593243
  </id>
  <name>
   Reebok Dress U-7871
  </name>
  <category>
   Dress
  </category>
  <size>
   M
  </size>
  <color>
   Оранжевый
  </color>
  <material>
   Вискоза
  </material>
  <price>
   952484
  </price>
  <rating>
   2.97
  </rating>
  <reviews>
   22110
  </reviews>
  <sporty>
   yes
  </sporty>
 </clothing>
 <clothing>
  <id>
   769901268
  </id>
  <name>
   New Balance Shirt A-4489
  </name>
  <category>
   Shirt
  </category>
  <size>
   L
  </size>
  <color>
   Голубой
  </color>
  <material>
   Шерсть
  </material>
  <price>
   404618
  </price>
  <rating>
   3.32
  </rating>
  <reviews>
   715175
  </reviews>
  <new>
   +
  </new>
  <sporty>
   yes
  </sporty>
 </clothing>
 <clothing>
  <id>
   527146387
  </id>
  <name>
   DC Shirt I-2421
  </name>
  <category>
   Shirt
  </category>
  <size>
   XL
  </size>
  <color>
   Красный
  </color>
  <material>
   Полиэстер
  </material>
  <price>
   497998
  </price>
  <rating>
   4.44
  </rating>
  <reviews>
   887669
  </reviews>
  <new>
   -
  </new>
  <sporty>
   yes
  </sporty>
 </clothing>
 <clothing>
  <id>
   366180544
  </id>
  <name>
   Addidas Shirt J-1135
  </name>
  <category>
   Shirt
  </category>
  <size>
   S
  </size>
  <color>
   Синий
  </color>
  <material>
   Вискоза
  </material>
  <price>
   917967
  </price>
  <rating>
   4.74
  </rating>
  <reviews>
   289249
  </reviews>
  <sporty>
   no
  </sporty>
 </clothing>
 <clothing>
  <id>
   188529335
  </id>
  <name>
   Puma Hat L-3284
  </name>
  <category>
   Hat
  </category>
  <size>
   S
  </size>
  <color>
   Желтый
  </color>
  <material>
   Нейлон
  </material>
  <price>
   554691
  </price>
  <rating>
   1.05
  </rating>
  <reviews>
   662705
  </reviews>
  <new>
   -
  </new>
  <sporty>
   yes
  </sporty>
 </clothing>
 <clothing>
  <id>
   581125665
  </id>
  <name>
   Nike Jacket E-6127
  </name>
  <category>
   Jacket
  </category>
  <size>
   XL
  </size>
  <color>
   Голубой
  </color>
  <material>
   Шелк
  </material>
  <price>
   880087
  </price>
  <rating>
   4.23
  </rating>
  <reviews>
   378054
  </reviews>
  <exclusive>
   yes
  </exclusive>
  <sporty>
   no
  </sporty>
 </clothing>
 <clothing>
  <id>
   159840854
  </id>
  <name>
   Ellesse Sweater M-1534
  </name>
  <category>
   Sweater
  </category>
  <size>
   XL
  </size>
  <color>
   Фиолетовый
  </color>
  <material>
   Нейлон
  </material>
  <price>
   677344
  </price>
  <rating>
   1.62
  </rating>
  <reviews>
   611094
  </reviews>
  <exclusive>
   yes
  </exclusive>
 </clothing>
 <clothing>
  <id>
   471593637
  </id>
  <name>
   Reebok Jacket W-5875
  </name>
  <category>
   Jacket
  </category>
  <size>
   L
  </size>
  <color>
   Голубой
  </color>
  <material>
   Кожа
  </material>
  <price>
   263095
  </price>
  <rating>
   4.08
  </rating>
  <reviews>
   866705
  </reviews>
  <exclusive>
   no
  </exclusive>
  <sporty>
   no
  </sporty>
 </clothing>
 <clothing>
  <id>
   920312345
  </id>
  <name>
   Addidas Dress F-2212
  </name>
  <category>
   Dress
  </category>
  <size>
   XL
  </size>
  <color>
   Оранжевый
  </color>
  <material>
   Вискоза
  </material>
  <price>
   606001
  </price>
  <rating>
   1.45
  </rating>
  <reviews>
   495392
  </reviews>
  <new>
   -
  </new>
  <sporty>
   no
  </sporty>
 </clothing>
 <clothing>
  <id>
   740748529
  </id>
  <name>
   Lacoste Umbrellas O-6964
  </name>
  <category>
   Umbrellas
  </category>
  <size>
   XL
  </size>
  <color>
   Голубой
  </color>
  <material>
   Лен
  </material>
  <price>
   893609
  </price>
  <rating>
   3.94
  </rating>
  <reviews>
   850161
  </reviews>
  <new>
   -
  </new>
  <exclusive>
   no
  </exclusive>
  <sporty>
   no
  </sporty>
 </clothing>
 <clothing>
  <id>
   809838577
  </id>
  <name>
   Reebok Socks A-2924
  </name>
  <category>
   Socks
  </category>
  <size>
   M
  </size>
  <color>
   Желтый
  </color>
  <material>
   Нейлон
  </material>
  <price>
   463284
  </price>
  <rating>
   4.05
  </rating>
  <reviews>
   638827
  </reviews>
  <new>
   -
  </new>
 </clothing>
 <clothing>
  <id>
   618851845
  </id>
  <name>
   New Balance Handbags Y-8228
  </name>
  <category>
   Handbags
  </category>
  <size>
   L
  </size>
  <color>
   Голубой
  </color>
  <material>
   Полиэстер
  </material>
  <price>
   255782
  </price>
  <rating>
   3.53
  </rating>
  <reviews>
   803676
  </reviews>
  <new>
   +
  </new>
  <sporty>
   yes
  </sporty>
 </clothing>
 <clothing>
  <id>
   838183059
  </id>
  <name>
   Under Armour Belts T-5658
  </name>
  <category>
   Belts
  </category>
  <size>
   S
  </size>
  <color>
   Желтый
  </color>
  <material>
   Шерсть
  </material>
  <price>
   240121
  </price>
  <rating>
   4.83
  </rating>
  <reviews>
   605071
  </reviews>
  <new>
   +
  </new>
  <exclusive>
   no
  </exclusive>
  <sporty>
   yes
  </sporty>
 </clothing>
</clothing-items>
