<?xml version="1.0" encoding="utf-8"?>
<clothing-items>
 <clothing>
  <id>
   487057592
  </id>
  <name>
   Fila Skirt M-5999
  </name>
  <category>
   Skirt
  </category>
  <size>
   XL
  </size>
  <color>
   Оранжевый
  </color>
  <material>
   Лен
  </material>
  <price>
   525786
  </price>
  <rating>
   1.82
  </rating>
  <reviews>
   473991
  </reviews>
  <new>
   +
  </new>
  <exclusive>
   no
  </exclusive>
  <sporty>
   yes
  </sporty>
 </clothing>
 <clothing>
  <id>
   858358545
  </id>
  <name>
   Lacoste Umbrellas I-5932
  </name>
  <category>
   Umbrellas
  </category>
  <size>
   XL
  </size>
  <color>
   Оранжевый
  </color>
  <material>
   Шелк
  </material>
  <price>
   440064
  </price>
  <rating>
   2.8
  </rating>
  <reviews>
   521897
  </reviews>
  <sporty>
   no
  </sporty>
 </clothing>
 <clothing>
  <id>
   449009502
  </id>
  <name>
   Lacoste Pants L-4285
  </name>
  <category>
   Pants
  </category>
  <size>
   XXL
  </size>
  <color>
   Голубой
  </color>
  <material>
   Вискоза
  </material>
  <price>
   336432
  </price>
  <rating>
   2.75
  </rating>
  <reviews>
   291076
  </reviews>
  <new>
   +
  </new>
  <exclusive>
   yes
  </exclusive>
  <sporty>
   yes
  </sporty>
 </clothing>
 <clothing>
  <id>
   890940020
  </id>
  <name>
   Nike Socks L-3073
  </name>
  <category>
   Socks
  </category>
  <size>
   XXL
  </size>
  <color>
   Оранжевый
  </color>
  <material>
   Шелк
  </material>
  <price>
   554008
  </price>
  <rating>
   3.76
  </rating>
  <reviews>
   633213
  </reviews>
 </clothing>
 <clothing>
  <id>
   474686590
  </id>
  <name>
   Under Armour Shoes A-5839
  </name>
  <category>
   Shoes
  </category>
  <size>
   L
  </size>
  <color>
   Оранжевый
  </color>
  <material>
   Вискоза
  </material>
  <price>
   211525
  </price>
  <rating>
   1.98
  </rating>
  <reviews>
   138854
  </reviews>
  <new>
   -
  </new>
  <exclusive>
   no
  </exclusive>
  <sporty>
   yes
  </sporty>
 </clothing>
 <clothing>
  <id>
   111938234
  </id>
  <name>
   Asics Blouse F-9574
  </name>
  <category>
   Blouse
  </category>
  <size>
   S
  </size>
  <color>
   Зеленый
  </color>
  <material>
   Лен
  </material>
  <price>
   138677
  </price>
  <rating>
   1.01
  </rating>
  <reviews>
   194945
  </reviews>
  <exclusive>
   no
  </exclusive>
  <sporty>
   no
  </sporty>
 </clothing>
 <clothing>
  <id>
   836235366
  </id>
  <name>
   New Balance Skirt B-3763
  </name>
  <category>
   Skirt
  </category>
  <size>
   S
  </size>
  <color>
   Красный
  </color>
  <material>
   Лен
  </material>
  <price>
   108500
  </price>
  <rating>
   3.65
  </rating>
  <reviews>
   719507
  </reviews>
  <new>
   -
  </new>
  <exclusive>
   yes
  </exclusive>
  <sporty>
   no
  </sporty>
 </clothing>
 <clothing>
  <id>
   546253048
  </id>
  <name>
   Adidas Skirt Q-8851
  </name>
  <category>
   Skirt
  </category>
  <size>
   S
  </size>
  <color>
   Зеленый
  </color>
  <material>
   Хлопок
  </material>
  <price>
   455789
  </price>
  <rating>
   4.53
  </rating>
  <reviews>
   121383
  </reviews>
  <exclusive>
   no
  </exclusive>
 </clothing>
 <clothing>
  <id>
   664259322
  </id>
  <name>
   DC Jeans N-3938
  </name>
  <category>
   Jeans
  </category>
  <size>
   L
  </size>
  <color>
   Синий
  </color>
  <material>
   Нейлон
  </material>
  <price>
   738845
  </price>
  <rating>
   1.0
  </rating>
  <reviews>
   880877
  </reviews>
  <new>
   -
  </new>
  <exclusive>
   no
  </exclusive>
  <sporty>
   no
  </sporty>
 </clothing>
 <clothing>
  <id>
   767288954
  </id>
  <name>
   Vans T-shirt U-1357
  </name>
  <category>
   T-shirt
  </category>
  <size>
   XXL
  </size>
  <color>
   Голубой
  </color>
  <material>
   Вискоза
  </material>
  <price>
   857187
  </price>
  <rating>
   3.65
  </rating>
  <reviews>
   950315
  </reviews>
  <new>
   +
  </new>
 </clothing>
 <clothing>
  <id>
   586577584
  </id>
  <name>
   Vans Hat C-7373
  </name>
  <category>
   Hat
  </category>
  <size>
   M
  </size>
  <color>
   Фиолетовый
  </color>
  <material>
   Шерсть
  </material>
  <price>
   998992
  </price>
  <rating>
   3.22
  </rating>
  <reviews>
   815627
  </reviews>
  <exclusive>
   no
  </exclusive>
 </clothing>
 <clothing>
  <id>
   110759799
  </id>
  <name>
   Converse Skirt X-1220
  </name>
  <category>
   Skirt
  </category>
  <size>
   S
  </size>
  <color>
   Красный
  </color>
  <material>
   Полиэстер
  </material>
  <price>
   685974
  </price>
  <rating>
   3.02
  </rating>
  <reviews>
   409427
  </reviews>
  <exclusive>
   yes
  </exclusive>
  <sporty>
   no
  </sporty>
 </clothing>
 <clothing>
  <id>
   892671474
  </id>
  <name>
   Asics Jacket L-4721
  </name>
  <category>
   Jacket
  </category>
  <size>
   L
  </size>
  <color>
   Синий
  </color>
  <material>
   Полиэстер
  </material>
  <price>
   640660
  </price>
  <rating>
   3.14
  </rating>
  <reviews>
   374374
  </reviews>
  <exclusive>
   no
  </exclusive>
  <sporty>
   no
  </sporty>
 </clothing>
 <clothing>
  <id>
   637757746
  </id>
  <name>
   Under Armour Skirt N-8019
  </name>
  <category>
   Skirt
  </category>
  <size>
   XL
  </size>
  <color>
   Голубой
  </color>
  <material>
   Шелк
  </material>
  <price>
   248066
  </price>
  <rating>
   2.03
  </rating>
  <reviews>
   804717
  </reviews>
  <new>
   -
  </new>
  <exclusive>
   yes
  </exclusive>
 </clothing>
 <clothing>
  <id>
   896392911
  </id>
  <name>
   Addidas Belts L-9288
  </name>
  <category>
   Belts
  </category>
  <size>
   L
  </size>
  <color>
   Фиолетовый
  </color>
  <material>
   Шелк
  </material>
  <price>
   610026
  </price>
  <rating>
   3.06
  </rating>
  <reviews>
   783752
  </reviews>
  <new>
   -
  </new>
  <exclusive>
   no
  </exclusive>
  <sporty>
   yes
  </sporty>
 </clothing>
 <clothing>
  <id>
   172142802
  </id>
  <name>
   Brooks Hat K-3811
  </name>
  <category>
   Hat
  </category>
  <size>
   S
  </size>
  <color>
   Красный
  </color>
  <material>
   Полиэстер
  </material>
  <price>
   279142
  </price>
  <rating>
   3.3
  </rating>
  <reviews>
   323332
  </reviews>
  <exclusive>
   yes
  </exclusive>
  <sporty>
   no
  </sporty>
 </clothing>
 <clothing>
  <id>
   834447231
  </id>
  <name>
   Ellesse Handbags N-8554
  </name>
  <category>
   Handbags
  </category>
  <size>
   L
  </size>
  <color>
   Синий
  </color>
  <material>
   Полиэстер
  </material>
  <price>
   496032
  </price>
  <rating>
   3.48
  </rating>
  <reviews>
   356009
  </reviews>
  <new>
   -
  </new>
  <exclusive>
   yes
  </exclusive>
  <sporty>
   yes
  </sporty>
 </clothing>
 <clothing>
  <id>
   807615829
  </id>
  <name>
   Adidas Shoes R-1881
  </name>
  <category>
   Shoes
  </category>
  <size>
   XXL
  </size>
  <color>
   Фиолетовый
  </color>
  <material>
   Вискоза
  </material>
  <price>
   235971
  </price>
  <rating>
   4.47
  </rating>
  <reviews>
   362647
  </reviews>
  <new>
   -
  </new>
  <sporty>
   no
  </sporty>
 </clothing>
 <clothing>
  <id>
   228678703
  </id>
  <name>
   Addidas Socks L-2398
  </name>
  <category>
   Socks
  </category>
  <size>
   XXL
  </size>
  <color>
   Фиолетовый
  </color>
  <material>
   Шелк
  </material>
  <price>
   733541
  </price>
  <rating>
   1.3
  </rating>
  <reviews>
   843368
  </reviews>
 </clothing>
 <clothing>
  <id>
   700394806
  </id>
  <name>
   Lacoste T-shirt C-6371
  </name>
  <category>
   T-shirt
  </category>
  <size>
   M
  </size>
  <color>
   Синий
  </color>
  <material>
   Вискоза
  </material>
  <price>
   963647
  </price>
  <rating>
   2.97
  </rating>
  <reviews>
   452682
  </reviews>
  <new>
   +
  </new>
  <sporty>
   yes
  </sporty>
 </clothing>
 <clothing>
  <id>
   859811105
  </id>
  <name>
   Lacoste T-shirt E-3397
  </name>
  <category>
   T-shirt
  </category>
  <size>
   M
  </size>
  <color>
   Зеленый
  </color>
  <material>
   Лен
  </material>
  <price>
   326244
  </price>
  <rating>
   2.17
  </rating>
  <reviews>
   707240
  </reviews>
  <new>
   +
  </new>
  <exclusive>
   yes
  </exclusive>
  <sporty>
   yes
  </sporty>
 </clothing>
 <clothing>
  <id>
   261641587
  </id>
  <name>
   Converse Gloves E-3622
  </name>
  <category>
   Gloves
  </category>
  <size>
   M
  </size>
  <color>
   Оранжевый
  </color>
  <material>
   Вискоза
  </material>
  <price>
   202199
  </price>
  <rating>
   1.15
  </rating>
  <reviews>
   685616
  </reviews>
  <new>
   -
  </new>
  <exclusive>
   yes
  </exclusive>
  <sporty>
   no
  </sporty>
 </clothing>
 <clothing>
  <id>
   490354498
  </id>
  <name>
   Lacoste Shoes Q-7838
  </name>
  <category>
   Shoes
  </category>
  <size>
   M
  </size>
  <color>
   Зеленый
  </color>
  <material>
   Вискоза
  </material>
  <price>
   276659
  </price>
  <rating>
   1.1
  </rating>
  <reviews>
   880431
  </reviews>
  <sporty>
   no
  </sporty>
 </clothing>
 <clothing>
  <id>
   104278598
  </id>
  <name>
   DC Skirt D-1681
  </name>
  <category>
   Skirt
  </category>
  <size>
   XXL
  </size>
  <color>
   Желтый
  </color>
  <material>
   Кожа
  </material>
  <price>
   257940
  </price>
  <rating>
   3.57
  </rating>
  <reviews>
   342188
  </reviews>
  <new>
   +
  </new>
  <exclusive>
   no
  </exclusive>
  <sporty>
   no
  </sporty>
 </clothing>
 <clothing>
  <id>
   621505248
  </id>
  <name>
   Brooks Dress A-8873
  </name>
  <category>
   Dress
  </category>
  <size>
   M
  </size>
  <color>
   Красный
  </color>
  <material>
   Вискоза
  </material>
  <price>
   132225
  </price>
  <rating>
   1.23
  </rating>
  <reviews>
   347289
  </reviews>
  <exclusive>
   yes
  </exclusive>
  <sporty>
   no
  </sporty>
 </clothing>
 <clothing>
  <id>
   256255031
  </id>
  <name>
   Lacoste T-shirt A-4335
  </name>
  <category>
   T-shirt
  </category>
  <size>
   L
  </size>
  <color>
   Голубой
  </color>
  <material>
   Шелк
  </material>
  <price>
   768550
  </price>
  <rating>
   2.4
  </rating>
  <reviews>
   567672
  </reviews>
  <new>
   +
  </new>
  <exclusive>
   yes
  </exclusive>
 </clothing>
</clothing-items>
