<?xml version="1.0" encoding="utf-8"?>
<clothing-items>
 <clothing>
  <id>
   358460741
  </id>
  <name>
   Lacoste Shoes V-4696
  </name>
  <category>
   Shoes
  </category>
  <size>
   S
  </size>
  <color>
   Голубой
  </color>
  <material>
   Хлопок
  </material>
  <price>
   320484
  </price>
  <rating>
   1.79
  </rating>
  <reviews>
   662955
  </reviews>
  <new>
   -
  </new>
  <exclusive>
   yes
  </exclusive>
  <sporty>
   yes
  </sporty>
 </clothing>
 <clothing>
  <id>
   441560703
  </id>
  <name>
   Asics Dress H-2056
  </name>
  <category>
   Dress
  </category>
  <size>
   M
  </size>
  <color>
   Фиолетовый
  </color>
  <material>
   Хлопок
  </material>
  <price>
   334078
  </price>
  <rating>
   1.86
  </rating>
  <reviews>
   680421
  </reviews>
  <exclusive>
   no
  </exclusive>
  <sporty>
   no
  </sporty>
 </clothing>
 <clothing>
  <id>
   560537124
  </id>
  <name>
   Lacoste Blouse C-8255
  </name>
  <category>
   Blouse
  </category>
  <size>
   M
  </size>
  <color>
   Синий
  </color>
  <material>
   Вискоза
  </material>
  <price>
   269253
  </price>
  <rating>
   4.78
  </rating>
  <reviews>
   734408
  </reviews>
  <new>
   -
  </new>
  <exclusive>
   no
  </exclusive>
 </clothing>
 <clothing>
  <id>
   778020634
  </id>
  <name>
   Converse Blouse D-5160
  </name>
  <category>
   Blouse
  </category>
  <size>
   M
  </size>
  <color>
   Красный
  </color>
  <material>
   Нейлон
  </material>
  <price>
   837406
  </price>
  <rating>
   3.2
  </rating>
  <reviews>
   562831
  </reviews>
  <sporty>
   yes
  </sporty>
 </clothing>
 <clothing>
  <id>
   414221663
  </id>
  <name>
   Ellesse Shoes G-5382
  </name>
  <category>
   Shoes
  </category>
  <size>
   S
  </size>
  <color>
   Фиолетовый
  </color>
  <material>
   Вискоза
  </material>
  <price>
   140793
  </price>
  <rating>
   3.31
  </rating>
  <reviews>
   118291
  </reviews>
  <new>
   -
  </new>
  <exclusive>
   yes
  </exclusive>
  <sporty>
   yes
  </sporty>
 </clothing>
 <clothing>
  <id>
   672955546
  </id>
  <name>
   Lacoste Umbrellas J-5343
  </name>
  <category>
   Umbrellas
  </category>
  <size>
   XL
  </size>
  <color>
   Зеленый
  </color>
  <material>
   Нейлон
  </material>
  <price>
   978848
  </price>
  <rating>
   2.44
  </rating>
  <reviews>
   763407
  </reviews>
  <exclusive>
   no
  </exclusive>
 </clothing>
 <clothing>
  <id>
   961539249
  </id>
  <name>
   Asics Blouse E-7125
  </name>
  <category>
   Blouse
  </category>
  <size>
   XL
  </size>
  <color>
   Голубой
  </color>
  <material>
   Вискоза
  </material>
  <price>
   962405
  </price>
  <rating>
   1.21
  </rating>
  <reviews>
   598486
  </reviews>
  <exclusive>
   yes
  </exclusive>
  <sporty>
   no
  </sporty>
 </clothing>
 <clothing>
  <id>
   917727252
  </id>
  <name>
   Ellesse T-shirt O-6011
  </name>
  <category>
   T-shirt
  </category>
  <size>
   L
  </size>
  <color>
   Фиолетовый
  </color>
  <material>
   Хлопок
  </material>
  <price>
   845707
  </price>
  <rating>
   3.62
  </rating>
  <reviews>
   580036
  </reviews>
  <exclusive>
   yes
  </exclusive>
 </clothing>
 <clothing>
  <id>
   744772129
  </id>
  <name>
   Ellesse Handbags F-8701
  </name>
  <category>
   Handbags
  </category>
  <size>
   S
  </size>
  <color>
   Синий
  </color>
  <material>
   Нейлон
  </material>
  <price>
   261042
  </price>
  <rating>
   1.95
  </rating>
  <reviews>
   201801
  </reviews>
  <sporty>
   no
  </sporty>
 </clothing>
 <clothing>
  <id>
   205527444
  </id>
  <name>
   Brooks Jeans I-7416
  </name>
  <category>
   Jeans
  </category>
  <size>
   XL
  </size>
  <color>
   Зеленый
  </color>
  <material>
   Полиэстер
  </material>
  <price>
   277374
  </price>
  <rating>
   4.61
  </rating>
  <reviews>
   218977
  </reviews>
  <new>
   -
  </new>
  <sporty>
   no
  </sporty>
 </clothing>
 <clothing>
  <id>
   448458933
  </id>
  <name>
   Addidas Dress K-9280
  </name>
  <category>
   Dress
  </category>
  <size>
   L
  </size>
  <color>
   Голубой
  </color>
  <material>
   Лен
  </material>
  <price>
   809150
  </price>
  <rating>
   4.37
  </rating>
  <reviews>
   709892
  </reviews>
  <sporty>
   yes
  </sporty>
 </clothing>
 <clothing>
  <id>
   518580662
  </id>
  <name>
   Lacoste Shirt U-1353
  </name>
  <category>
   Shirt
  </category>
  <size>
   S
  </size>
  <color>
   Оранжевый
  </color>
  <material>
   Нейлон
  </material>
  <price>
   675256
  </price>
  <rating>
   3.49
  </rating>
  <reviews>
   142396
  </reviews>
  <new>
   -
  </new>
 </clothing>
 <clothing>
  <id>
   386141680
  </id>
  <name>
   Puma Shoes L-4640
  </name>
  <category>
   Shoes
  </category>
  <size>
   XL
  </size>
  <color>
   Зеленый
  </color>
  <material>
   Вискоза
  </material>
  <price>
   790637
  </price>
  <rating>
   3.34
  </rating>
  <reviews>
   976700
  </reviews>
  <new>
   +
  </new>
  <exclusive>
   yes
  </exclusive>
  <sporty>
   no
  </sporty>
 </clothing>
 <clothing>
  <id>
   873216969
  </id>
  <name>
   Fila Dress L-5015
  </name>
  <category>
   Dress
  </category>
  <size>
   M
  </size>
  <color>
   Желтый
  </color>
  <material>
   Шелк
  </material>
  <price>
   855043
  </price>
  <rating>
   1.59
  </rating>
  <reviews>
   104213
  </reviews>
  <new>
   -
  </new>
  <exclusive>
   no
  </exclusive>
 </clothing>
 <clothing>
  <id>
   429872818
  </id>
  <name>
   Asics Jeans Z-8269
  </name>
  <category>
   Jeans
  </category>
  <size>
   S
  </size>
  <color>
   Желтый
  </color>
  <material>
   Полиэстер
  </material>
  <price>
   740982
  </price>
  <rating>
   4.4
  </rating>
  <reviews>
   556452
  </reviews>
  <new>
   +
  </new>
  <exclusive>
   yes
  </exclusive>
  <sporty>
   yes
  </sporty>
 </clothing>
 <clothing>
  <id>
   526903415
  </id>
  <name>
   Lacoste Pants I-6935
  </name>
  <category>
   Pants
  </category>
  <size>
   L
  </size>
  <color>
   Желтый
  </color>
  <material>
   Полиэстер
  </material>
  <price>
   687999
  </price>
  <rating>
   3.53
  </rating>
  <reviews>
   236466
  </reviews>
  <new>
   -
  </new>
  <sporty>
   yes
  </sporty>
 </clothing>
 <clothing>
  <id>
   497359650
  </id>
  <name>
   Adidas Skirt L-2329
  </name>
  <category>
   Skirt
  </category>
  <size>
   S
  </size>
  <color>
   Желтый
  </color>
  <material>
   Шерсть
  </material>
  <price>
   520057
  </price>
  <rating>
   1.67
  </rating>
  <reviews>
   105569
  </reviews>
  <new>
   +
  </new>
  <exclusive>
   no
  </exclusive>
 </clothing>
 <clothing>
  <id>
   401965238
  </id>
  <name>
   Puma Belts G-5868
  </name>
  <category>
   Belts
  </category>
  <size>
   L
  </size>
  <color>
   Красный
  </color>
  <material>
   Кожа
  </material>
  <price>
   820640
  </price>
  <rating>
   3.0
  </rating>
  <reviews>
   599933
  </reviews>
  <sporty>
   no
  </sporty>
 </clothing>
 <clothing>
  <id>
   245587612
  </id>
  <name>
   Nike Blouse T-7386
  </name>
  <category>
   Blouse
  </category>
  <size>
   L
  </size>
  <color>
   Красный
  </color>
  <material>
   Шелк
  </material>
  <price>
   409573
  </price>
  <rating>
   4.54
  </rating>
  <reviews>
   551052
  </reviews>
  <exclusive>
   yes
  </exclusive>
  <sporty>
   yes
  </sporty>
 </clothing>
 <clothing>
  <id>
   892192328
  </id>
  <name>
   DC Blouse T-2176
  </name>
  <category>
   Blouse
  </category>
  <size>
   S
  </size>
  <color>
   Желтый
  </color>
  <material>
   Кожа
  </material>
  <price>
   948468
  </price>
  <rating>
   2.65
  </rating>
  <reviews>
   714734
  </reviews>
  <new>
   -
  </new>
  <exclusive>
   no
  </exclusive>
  <sporty>
   no
  </sporty>
 </clothing>
 <clothing>
  <id>
   186031447
  </id>
  <name>
   Asics Pants I-3585
  </name>
  <category>
   Pants
  </category>
  <size>
   XXL
  </size>
  <color>
   Желтый
  </color>
  <material>
   Кожа
  </material>
  <price>
   934150
  </price>
  <rating>
   2.58
  </rating>
  <reviews>
   581549
  </reviews>
  <exclusive>
   no
  </exclusive>
  <sporty>
   no
  </sporty>
 </clothing>
 <clothing>
  <id>
   383386446
  </id>
  <name>
   Under Armour Socks Z-3019
  </name>
  <category>
   Socks
  </category>
  <size>
   XXL
  </size>
  <color>
   Голубой
  </color>
  <material>
   Нейлон
  </material>
  <price>
   100758
  </price>
  <rating>
   4.1
  </rating>
  <reviews>
   723050
  </reviews>
  <sporty>
   yes
  </sporty>
 </clothing>
 <clothing>
  <id>
   535436980
  </id>
  <name>
   New Balance Dress A-6862
  </name>
  <category>
   Dress
  </category>
  <size>
   XL
  </size>
  <color>
   Синий
  </color>
  <material>
   Лен
  </material>
  <price>
   946827
  </price>
  <rating>
   1.93
  </rating>
  <reviews>
   731603
  </reviews>
  <sporty>
   no
  </sporty>
 </clothing>
 <clothing>
  <id>
   324628432
  </id>
  <name>
   Adidas Skirt Q-6376
  </name>
  <category>
   Skirt
  </category>
  <size>
   L
  </size>
  <color>
   Голубой
  </color>
  <material>
   Шерсть
  </material>
  <price>
   754332
  </price>
  <rating>
   4.02
  </rating>
  <reviews>
   913487
  </reviews>
  <new>
   +
  </new>
  <exclusive>
   no
  </exclusive>
  <sporty>
   no
  </sporty>
 </clothing>
 <clothing>
  <id>
   180560012
  </id>
  <name>
   DC T-shirt R-2761
  </name>
  <category>
   T-shirt
  </category>
  <size>
   M
  </size>
  <color>
   Желтый
  </color>
  <material>
   Шелк
  </material>
  <price>
   827933
  </price>
  <rating>
   3.06
  </rating>
  <reviews>
   491157
  </reviews>
  <new>
   +
  </new>
  <exclusive>
   yes
  </exclusive>
  <sporty>
   yes
  </sporty>
 </clothing>
 <clothing>
  <id>
   190404332
  </id>
  <name>
   Lacoste Hat O-1706
  </name>
  <category>
   Hat
  </category>
  <size>
   M
  </size>
  <color>
   Синий
  </color>
  <material>
   Вискоза
  </material>
  <price>
   712820
  </price>
  <rating>
   2.84
  </rating>
  <reviews>
   667354
  </reviews>
  <exclusive>
   no
  </exclusive>
  <sporty>
   no
  </sporty>
 </clothing>
 <clothing>
  <id>
   424386215
  </id>
  <name>
   Converse Shoes A-5547
  </name>
  <category>
   Shoes
  </category>
  <size>
   L
  </size>
  <color>
   Оранжевый
  </color>
  <material>
   Лен
  </material>
  <price>
   471173
  </price>
  <rating>
   3.57
  </rating>
  <reviews>
   45063
  </reviews>
  <new>
   +
  </new>
  <exclusive>
   no
  </exclusive>
 </clothing>
 <clothing>
  <id>
   631149639
  </id>
  <name>
   Ellesse Belts K-9204
  </name>
  <category>
   Belts
  </category>
  <size>
   S
  </size>
  <color>
   Фиолетовый
  </color>
  <material>
   Полиэстер
  </material>
  <price>
   211170
  </price>
  <rating>
   4.3
  </rating>
  <reviews>
   402709
  </reviews>
  <new>
   +
  </new>
  <exclusive>
   yes
  </exclusive>
 </clothing>
 <clothing>
  <id>
   999643400
  </id>
  <name>
   Addidas Pants C-1226
  </name>
  <category>
   Pants
  </category>
  <size>
   S
  </size>
  <color>
   Желтый
  </color>
  <material>
   Лен
  </material>
  <price>
   666654
  </price>
  <rating>
   4.88
  </rating>
  <reviews>
   585780
  </reviews>
  <new>
   +
  </new>
  <exclusive>
   no
  </exclusive>
  <sporty>
   yes
  </sporty>
 </clothing>
 <clothing>
  <id>
   633129486
  </id>
  <name>
   Fila Pants M-2900
  </name>
  <category>
   Pants
  </category>
  <size>
   M
  </size>
  <color>
   Голубой
  </color>
  <material>
   Нейлон
  </material>
  <price>
   986863
  </price>
  <rating>
   1.23
  </rating>
  <reviews>
   470420
  </reviews>
  <sporty>
   no
  </sporty>
 </clothing>
 <clothing>
  <id>
   726479033
  </id>
  <name>
   Brooks Gloves Y-7506
  </name>
  <category>
   Gloves
  </category>
  <size>
   XXL
  </size>
  <color>
   Желтый
  </color>
  <material>
   Нейлон
  </material>
  <price>
   521927
  </price>
  <rating>
   3.14
  </rating>
  <reviews>
   283448
  </reviews>
  <exclusive>
   no
  </exclusive>
 </clothing>
 <clothing>
  <id>
   871502774
  </id>
  <name>
   Addidas Shoes Y-7021
  </name>
  <category>
   Shoes
  </category>
  <size>
   XXL
  </size>
  <color>
   Оранжевый
  </color>
  <material>
   Кожа
  </material>
  <price>
   453980
  </price>
  <rating>
   2.78
  </rating>
  <reviews>
   183383
  </reviews>
  <new>
   -
  </new>
  <exclusive>
   no
  </exclusive>
 </clothing>
 <clothing>
  <id>
   114818417
  </id>
  <name>
   Nike Skirt S-2891
  </name>
  <category>
   Skirt
  </category>
  <size>
   L
  </size>
  <color>
   Красный
  </color>
  <material>
   Хлопок
  </material>
  <price>
   141332
  </price>
  <rating>
   1.67
  </rating>
  <reviews>
   360882
  </reviews>
  <exclusive>
   yes
  </exclusive>
 </clothing>
</clothing-items>
