<?xml version="1.0" encoding="utf-8"?>
<clothing-items>
 <clothing>
  <id>
   659850040
  </id>
  <name>
   PleinSport Shoes S-9709
  </name>
  <category>
   Shoes
  </category>
  <size>
   L
  </size>
  <color>
   Голубой
  </color>
  <material>
   Шелк
  </material>
  <price>
   736820
  </price>
  <rating>
   3.43
  </rating>
  <reviews>
   658580
  </reviews>
 </clothing>
 <clothing>
  <id>
   657688023
  </id>
  <name>
   DC Sweater Z-4227
  </name>
  <category>
   Sweater
  </category>
  <size>
   M
  </size>
  <color>
   Оранжевый
  </color>
  <material>
   Лен
  </material>
  <price>
   875522
  </price>
  <rating>
   3.13
  </rating>
  <reviews>
   946896
  </reviews>
  <exclusive>
   no
  </exclusive>
 </clothing>
 <clothing>
  <id>
   536639367
  </id>
  <name>
   Converse Dress S-6312
  </name>
  <category>
   Dress
  </category>
  <size>
   M
  </size>
  <color>
   Желтый
  </color>
  <material>
   Вискоза
  </material>
  <price>
   342165
  </price>
  <rating>
   2.91
  </rating>
  <reviews>
   611633
  </reviews>
  <new>
   -
  </new>
  <exclusive>
   no
  </exclusive>
  <sporty>
   yes
  </sporty>
 </clothing>
 <clothing>
  <id>
   490774428
  </id>
  <name>
   New Balance Jacket K-1063
  </name>
  <category>
   Jacket
  </category>
  <size>
   M
  </size>
  <color>
   Красный
  </color>
  <material>
   Вискоза
  </material>
  <price>
   693242
  </price>
  <rating>
   1.74
  </rating>
  <reviews>
   532775
  </reviews>
  <exclusive>
   yes
  </exclusive>
  <sporty>
   no
  </sporty>
 </clothing>
 <clothing>
  <id>
   779411693
  </id>
  <name>
   New Balance Gloves P-5373
  </name>
  <category>
   Gloves
  </category>
  <size>
   M
  </size>
  <color>
   Красный
  </color>
  <material>
   Шерсть
  </material>
  <price>
   656680
  </price>
  <rating>
   1.44
  </rating>
  <reviews>
   999342
  </reviews>
  <new>
   -
  </new>
  <exclusive>
   no
  </exclusive>
  <sporty>
   no
  </sporty>
 </clothing>
 <clothing>
  <id>
   971965218
  </id>
  <name>
   PleinSport Umbrellas Y-3137
  </name>
  <category>
   Umbrellas
  </category>
  <size>
   S
  </size>
  <color>
   Голубой
  </color>
  <material>
   Шелк
  </material>
  <price>
   644677
  </price>
  <rating>
   4.52
  </rating>
  <reviews>
   127657
  </reviews>
  <new>
   +
  </new>
  <sporty>
   no
  </sporty>
 </clothing>
 <clothing>
  <id>
   843801216
  </id>
  <name>
   Puma Gloves E-4286
  </name>
  <category>
   Gloves
  </category>
  <size>
   XXL
  </size>
  <color>
   Синий
  </color>
  <material>
   Хлопок
  </material>
  <price>
   574613
  </price>
  <rating>
   3.97
  </rating>
  <reviews>
   256639
  </reviews>
  <new>
   -
  </new>
  <exclusive>
   no
  </exclusive>
  <sporty>
   no
  </sporty>
 </clothing>
 <clothing>
  <id>
   334859409
  </id>
  <name>
   PleinSport Gloves A-1552
  </name>
  <category>
   Gloves
  </category>
  <size>
   M
  </size>
  <color>
   Синий
  </color>
  <material>
   Хлопок
  </material>
  <price>
   513885
  </price>
  <rating>
   3.88
  </rating>
  <reviews>
   47787
  </reviews>
  <exclusive>
   yes
  </exclusive>
  <sporty>
   yes
  </sporty>
 </clothing>
 <clothing>
  <id>
   425135534
  </id>
  <name>
   Reebok Handbags U-4667
  </name>
  <category>
   Handbags
  </category>
  <size>
   XL
  </size>
  <color>
   Красный
  </color>
  <material>
   Кожа
  </material>
  <price>
   967992
  </price>
  <rating>
   3.2
  </rating>
  <reviews>
   888256
  </reviews>
  <exclusive>
   no
  </exclusive>
 </clothing>
 <clothing>
  <id>
   661058940
  </id>
  <name>
   Vans Dress U-5002
  </name>
  <category>
   Dress
  </category>
  <size>
   XXL
  </size>
  <color>
   Синий
  </color>
  <material>
   Вискоза
  </material>
  <price>
   992227
  </price>
  <rating>
   4.07
  </rating>
  <reviews>
   486350
  </reviews>
  <new>
   +
  </new>
  <sporty>
   no
  </sporty>
 </clothing>
 <clothing>
  <id>
   674986717
  </id>
  <name>
   PleinSport Sweater Q-6309
  </name>
  <category>
   Sweater
  </category>
  <size>
   S
  </size>
  <color>
   Синий
  </color>
  <material>
   Шелк
  </material>
  <price>
   750417
  </price>
  <rating>
   4.2
  </rating>
  <reviews>
   922711
  </reviews>
  <new>
   -
  </new>
  <sporty>
   yes
  </sporty>
 </clothing>
 <clothing>
  <id>
   774489002
  </id>
  <name>
   PleinSport Gloves P-9613
  </name>
  <category>
   Gloves
  </category>
  <size>
   XXL
  </size>
  <color>
   Зеленый
  </color>
  <material>
   Нейлон
  </material>
  <price>
   763842
  </price>
  <rating>
   1.18
  </rating>
  <reviews>
   267400
  </reviews>
  <new>
   -
  </new>
  <sporty>
   yes
  </sporty>
 </clothing>
 <clothing>
  <id>
   255968863
  </id>
  <name>
   New Balance Handbags E-9701
  </name>
  <category>
   Handbags
  </category>
  <size>
   S
  </size>
  <color>
   Голубой
  </color>
  <material>
   Полиэстер
  </material>
  <price>
   476820
  </price>
  <rating>
   3.47
  </rating>
  <reviews>
   771680
  </reviews>
  <new>
   -
  </new>
  <sporty>
   no
  </sporty>
 </clothing>
 <clothing>
  <id>
   473760281
  </id>
  <name>
   Converse Belts E-4209
  </name>
  <category>
   Belts
  </category>
  <size>
   XL
  </size>
  <color>
   Синий
  </color>
  <material>
   Нейлон
  </material>
  <price>
   231746
  </price>
  <rating>
   3.2
  </rating>
  <reviews>
   26228
  </reviews>
  <exclusive>
   no
  </exclusive>
 </clothing>
 <clothing>
  <id>
   320332069
  </id>
  <name>
   Puma Jeans C-4536
  </name>
  <category>
   Jeans
  </category>
  <size>
   L
  </size>
  <color>
   Фиолетовый
  </color>
  <material>
   Вискоза
  </material>
  <price>
   225817
  </price>
  <rating>
   3.37
  </rating>
  <reviews>
   31993
  </reviews>
  <new>
   -
  </new>
  <sporty>
   yes
  </sporty>
 </clothing>
 <clothing>
  <id>
   262883999
  </id>
  <name>
   Nike Hat F-6142
  </name>
  <category>
   Hat
  </category>
  <size>
   XL
  </size>
  <color>
   Желтый
  </color>
  <material>
   Вискоза
  </material>
  <price>
   152245
  </price>
  <rating>
   1.24
  </rating>
  <reviews>
   243141
  </reviews>
  <new>
   -
  </new>
  <sporty>
   no
  </sporty>
 </clothing>
 <clothing>
  <id>
   111219532
  </id>
  <name>
   Asics Pants A-8074
  </name>
  <category>
   Pants
  </category>
  <size>
   M
  </size>
  <color>
   Оранжевый
  </color>
  <material>
   Шелк
  </material>
  <price>
   962661
  </price>
  <rating>
   1.77
  </rating>
  <reviews>
   260595
  </reviews>
  <new>
   -
  </new>
  <exclusive>
   yes
  </exclusive>
  <sporty>
   no
  </sporty>
 </clothing>
 <clothing>
  <id>
   440656617
  </id>
  <name>
   Fila Hat W-7273
  </name>
  <category>
   Hat
  </category>
  <size>
   XL
  </size>
  <color>
   Синий
  </color>
  <material>
   Лен
  </material>
  <price>
   305429
  </price>
  <rating>
   3.94
  </rating>
  <reviews>
   273996
  </reviews>
  <exclusive>
   no
  </exclusive>
  <sporty>
   yes
  </sporty>
 </clothing>
 <clothing>
  <id>
   805978279
  </id>
  <name>
   Ellesse Jeans O-9154
  </name>
  <category>
   Jeans
  </category>
  <size>
   S
  </size>
  <color>
   Синий
  </color>
  <material>
   Хлопок
  </material>
  <price>
   276798
  </price>
  <rating>
   4.42
  </rating>
  <reviews>
   978452
  </reviews>
  <new>
   -
  </new>
  <exclusive>
   yes
  </exclusive>
 </clothing>
 <clothing>
  <id>
   884458380
  </id>
  <name>
   Converse Hat D-5346
  </name>
  <category>
   Hat
  </category>
  <size>
   XXL
  </size>
  <color>
   Зеленый
  </color>
  <material>
   Кожа
  </material>
  <price>
   664316
  </price>
  <rating>
   3.15
  </rating>
  <reviews>
   215755
  </reviews>
  <new>
   +
  </new>
  <exclusive>
   yes
  </exclusive>
 </clothing>
 <clothing>
  <id>
   711599829
  </id>
  <name>
   Adidas Umbrellas Q-9248
  </name>
  <category>
   Umbrellas
  </category>
  <size>
   M
  </size>
  <color>
   Синий
  </color>
  <material>
   Шерсть
  </material>
  <price>
   833014
  </price>
  <rating>
   1.68
  </rating>
  <reviews>
   52155
  </reviews>
  <new>
   +
  </new>
  <exclusive>
   yes
  </exclusive>
  <sporty>
   no
  </sporty>
 </clothing>
</clothing-items>
