<?xml version="1.0" encoding="utf-8"?>
<clothing-items>
 <clothing>
  <id>
   399712995
  </id>
  <name>
   Converse Hat O-5263
  </name>
  <category>
   Hat
  </category>
  <size>
   M
  </size>
  <color>
   Красный
  </color>
  <material>
   Шелк
  </material>
  <price>
   629289
  </price>
  <rating>
   2.18
  </rating>
  <reviews>
   969334
  </reviews>
  <new>
   -
  </new>
  <exclusive>
   no
  </exclusive>
 </clothing>
 <clothing>
  <id>
   600850629
  </id>
  <name>
   Fila T-shirt Q-8295
  </name>
  <category>
   T-shirt
  </category>
  <size>
   XXL
  </size>
  <color>
   Оранжевый
  </color>
  <material>
   Лен
  </material>
  <price>
   631676
  </price>
  <rating>
   2.19
  </rating>
  <reviews>
   966680
  </reviews>
  <exclusive>
   no
  </exclusive>
  <sporty>
   yes
  </sporty>
 </clothing>
 <clothing>
  <id>
   538060813
  </id>
  <name>
   Addidas Jacket D-5650
  </name>
  <category>
   Jacket
  </category>
  <size>
   XL
  </size>
  <color>
   Зеленый
  </color>
  <material>
   Хлопок
  </material>
  <price>
   882477
  </price>
  <rating>
   4.74
  </rating>
  <reviews>
   619701
  </reviews>
  <new>
   +
  </new>
 </clothing>
 <clothing>
  <id>
   833883899
  </id>
  <name>
   Puma Dress C-7702
  </name>
  <category>
   Dress
  </category>
  <size>
   XL
  </size>
  <color>
   Красный
  </color>
  <material>
   Шерсть
  </material>
  <price>
   854735
  </price>
  <rating>
   1.95
  </rating>
  <reviews>
   236505
  </reviews>
  <new>
   -
  </new>
  <exclusive>
   no
  </exclusive>
  <sporty>
   no
  </sporty>
 </clothing>
 <clothing>
  <id>
   437530170
  </id>
  <name>
   Reebok Skirt L-3907
  </name>
  <category>
   Skirt
  </category>
  <size>
   L
  </size>
  <color>
   Голубой
  </color>
  <material>
   Хлопок
  </material>
  <price>
   877791
  </price>
  <rating>
   3.22
  </rating>
  <reviews>
   46764
  </reviews>
  <new>
   +
  </new>
  <exclusive>
   no
  </exclusive>
  <sporty>
   no
  </sporty>
 </clothing>
 <clothing>
  <id>
   257768524
  </id>
  <name>
   Brooks Jeans U-7925
  </name>
  <category>
   Jeans
  </category>
  <size>
   XXL
  </size>
  <color>
   Желтый
  </color>
  <material>
   Лен
  </material>
  <price>
   213399
  </price>
  <rating>
   2.19
  </rating>
  <reviews>
   167886
  </reviews>
  <new>
   +
  </new>
  <exclusive>
   no
  </exclusive>
  <sporty>
   no
  </sporty>
 </clothing>
 <clothing>
  <id>
   443835433
  </id>
  <name>
   PleinSport Belts C-6982
  </name>
  <category>
   Belts
  </category>
  <size>
   S
  </size>
  <color>
   Фиолетовый
  </color>
  <material>
   Шелк
  </material>
  <price>
   384659
  </price>
  <rating>
   4.07
  </rating>
  <reviews>
   687492
  </reviews>
  <new>
   -
  </new>
  <exclusive>
   no
  </exclusive>
 </clothing>
 <clothing>
  <id>
   157562528
  </id>
  <name>
   Brooks Shirt N-9862
  </name>
  <category>
   Shirt
  </category>
  <size>
   XXL
  </size>
  <color>
   Красный
  </color>
  <material>
   Лен
  </material>
  <price>
   864473
  </price>
  <rating>
   2.0
  </rating>
  <reviews>
   632647
  </reviews>
  <new>
   -
  </new>
  <exclusive>
   no
  </exclusive>
  <sporty>
   yes
  </sporty>
 </clothing>
 <clothing>
  <id>
   254580598
  </id>
  <name>
   Converse Sweater L-2657
  </name>
  <category>
   Sweater
  </category>
  <size>
   XL
  </size>
  <color>
   Красный
  </color>
  <material>
   Кожа
  </material>
  <price>
   350861
  </price>
  <rating>
   3.6
  </rating>
  <reviews>
   67565
  </reviews>
  <new>
   -
  </new>
  <exclusive>
   no
  </exclusive>
  <sporty>
   no
  </sporty>
 </clothing>
 <clothing>
  <id>
   397277643
  </id>
  <name>
   Reebok Handbags V-4412
  </name>
  <category>
   Handbags
  </category>
  <size>
   XL
  </size>
  <color>
   Оранжевый
  </color>
  <material>
   Шелк
  </material>
  <price>
   151235
  </price>
  <rating>
   2.81
  </rating>
  <reviews>
   355930
  </reviews>
  <new>
   -
  </new>
  <exclusive>
   no
  </exclusive>
  <sporty>
   no
  </sporty>
 </clothing>
 <clothing>
  <id>
   120970783
  </id>
  <name>
   Addidas Jacket D-8100
  </name>
  <category>
   Jacket
  </category>
  <size>
   L
  </size>
  <color>
   Красный
  </color>
  <material>
   Нейлон
  </material>
  <price>
   498052
  </price>
  <rating>
   1.97
  </rating>
  <reviews>
   64451
  </reviews>
  <new>
   +
  </new>
  <exclusive>
   no
  </exclusive>
  <sporty>
   yes
  </sporty>
 </clothing>
 <clothing>
  <id>
   975361165
  </id>
  <name>
   Ellesse Sweater G-1449
  </name>
  <category>
   Sweater
  </category>
  <size>
   XXL
  </size>
  <color>
   Голубой
  </color>
  <material>
   Вискоза
  </material>
  <price>
   300037
  </price>
  <rating>
   2.2
  </rating>
  <reviews>
   187835
  </reviews>
  <new>
   -
  </new>
 </clothing>
 <clothing>
  <id>
   650497933
  </id>
  <name>
   PleinSport Pants S-7636
  </name>
  <category>
   Pants
  </category>
  <size>
   XXL
  </size>
  <color>
   Зеленый
  </color>
  <material>
   Кожа
  </material>
  <price>
   268762
  </price>
  <rating>
   2.3
  </rating>
  <reviews>
   730082
  </reviews>
  <new>
   +
  </new>
  <exclusive>
   no
  </exclusive>
  <sporty>
   no
  </sporty>
 </clothing>
 <clothing>
  <id>
   272127691
  </id>
  <name>
   New Balance Shirt S-8667
  </name>
  <category>
   Shirt
  </category>
  <size>
   XXL
  </size>
  <color>
   Голубой
  </color>
  <material>
   Лен
  </material>
  <price>
   880796
  </price>
  <rating>
   4.08
  </rating>
  <reviews>
   494307
  </reviews>
  <new>
   +
  </new>
 </clothing>
 <clothing>
  <id>
   609692496
  </id>
  <name>
   Ellesse Pants H-4308
  </name>
  <category>
   Pants
  </category>
  <size>
   XL
  </size>
  <color>
   Желтый
  </color>
  <material>
   Шелк
  </material>
  <price>
   790479
  </price>
  <rating>
   3.43
  </rating>
  <reviews>
   214798
  </reviews>
  <new>
   -
  </new>
  <exclusive>
   yes
  </exclusive>
 </clothing>
 <clothing>
  <id>
   547693265
  </id>
  <name>
   Adidas Umbrellas W-5759
  </name>
  <category>
   Umbrellas
  </category>
  <size>
   M
  </size>
  <color>
   Оранжевый
  </color>
  <material>
   Хлопок
  </material>
  <price>
   603487
  </price>
  <rating>
   2.62
  </rating>
  <reviews>
   529715
  </reviews>
  <exclusive>
   no
  </exclusive>
  <sporty>
   no
  </sporty>
 </clothing>
 <clothing>
  <id>
   718552987
  </id>
  <name>
   Under Armour Handbags P-3588
  </name>
  <category>
   Handbags
  </category>
  <size>
   S
  </size>
  <color>
   Фиолетовый
  </color>
  <material>
   Шелк
  </material>
  <price>
   678692
  </price>
  <rating>
   3.62
  </rating>
  <reviews>
   197899
  </reviews>
  <exclusive>
   yes
  </exclusive>
 </clothing>
 <clothing>
  <id>
   594557563
  </id>
  <name>
   Puma Skirt P-5928
  </name>
  <category>
   Skirt
  </category>
  <size>
   S
  </size>
  <color>
   Голубой
  </color>
  <material>
   Полиэстер
  </material>
  <price>
   269378
  </price>
  <rating>
   3.28
  </rating>
  <reviews>
   849353
  </reviews>
  <new>
   -
  </new>
 </clothing>
 <clothing>
  <id>
   580795591
  </id>
  <name>
   Puma Handbags H-6739
  </name>
  <category>
   Handbags
  </category>
  <size>
   L
  </size>
  <color>
   Зеленый
  </color>
  <material>
   Лен
  </material>
  <price>
   351145
  </price>
  <rating>
   3.89
  </rating>
  <reviews>
   465231
  </reviews>
  <exclusive>
   yes
  </exclusive>
 </clothing>
</clothing-items>
