<?xml version="1.0" encoding="utf-8"?>
<clothing-items>
 <clothing>
  <id>
   312873453
  </id>
  <name>
   Vans Handbags E-4851
  </name>
  <category>
   Handbags
  </category>
  <size>
   XL
  </size>
  <color>
   Оранжевый
  </color>
  <material>
   Полиэстер
  </material>
  <price>
   909672
  </price>
  <rating>
   2.63
  </rating>
  <reviews>
   33432
  </reviews>
  <exclusive>
   yes
  </exclusive>
  <sporty>
   no
  </sporty>
 </clothing>
 <clothing>
  <id>
   248884810
  </id>
  <name>
   New Balance Handbags L-7594
  </name>
  <category>
   Handbags
  </category>
  <size>
   XXL
  </size>
  <color>
   Красный
  </color>
  <material>
   Кожа
  </material>
  <price>
   825900
  </price>
  <rating>
   3.72
  </rating>
  <reviews>
   582696
  </reviews>
  <new>
   -
  </new>
  <exclusive>
   no
  </exclusive>
  <sporty>
   no
  </sporty>
 </clothing>
 <clothing>
  <id>
   242625688
  </id>
  <name>
   Puma Shoes K-3381
  </name>
  <category>
   Shoes
  </category>
  <size>
   XXL
  </size>
  <color>
   Желтый
  </color>
  <material>
   Нейлон
  </material>
  <price>
   832651
  </price>
  <rating>
   2.53
  </rating>
  <reviews>
   468159
  </reviews>
  <sporty>
   yes
  </sporty>
 </clothing>
 <clothing>
  <id>
   186889234
  </id>
  <name>
   Fila T-shirt E-1845
  </name>
  <category>
   T-shirt
  </category>
  <size>
   XL
  </size>
  <color>
   Желтый
  </color>
  <material>
   Шелк
  </material>
  <price>
   455615
  </price>
  <rating>
   4.59
  </rating>
  <reviews>
   962577
  </reviews>
  <new>
   +
  </new>
 </clothing>
 <clothing>
  <id>
   946313638
  </id>
  <name>
   DC Gloves D-7875
  </name>
  <category>
   Gloves
  </category>
  <size>
   XXL
  </size>
  <color>
   Оранжевый
  </color>
  <material>
   Нейлон
  </material>
  <price>
   132268
  </price>
  <rating>
   4.63
  </rating>
  <reviews>
   735428
  </reviews>
  <exclusive>
   no
  </exclusive>
  <sporty>
   no
  </sporty>
 </clothing>
 <clothing>
  <id>
   194976789
  </id>
  <name>
   Vans Jacket K-8109
  </name>
  <category>
   Jacket
  </category>
  <size>
   M
  </size>
  <color>
   Красный
  </color>
  <material>
   Лен
  </material>
  <price>
   870971
  </price>
  <rating>
   1.84
  </rating>
  <reviews>
   391890
  </reviews>
  <new>
   -
  </new>
  <sporty>
   yes
  </sporty>
 </clothing>
 <clothing>
  <id>
   527371092
  </id>
  <name>
   Vans Belts Q-7683
  </name>
  <category>
   Belts
  </category>
  <size>
   S
  </size>
  <color>
   Красный
  </color>
  <material>
   Кожа
  </material>
  <price>
   297238
  </price>
  <rating>
   3.02
  </rating>
  <reviews>
   115365
  </reviews>
  <sporty>
   yes
  </sporty>
 </clothing>
 <clothing>
  <id>
   553276483
  </id>
  <name>
   Vans Jacket S-9658
  </name>
  <category>
   Jacket
  </category>
  <size>
   L
  </size>
  <color>
   Зеленый
  </color>
  <material>
   Лен
  </material>
  <price>
   210569
  </price>
  <rating>
   3.96
  </rating>
  <reviews>
   214293
  </reviews>
  <new>
   +
  </new>
  <sporty>
   yes
  </sporty>
 </clothing>
 <clothing>
  <id>
   799077388
  </id>
  <name>
   Asics Umbrellas U-2632
  </name>
  <category>
   Umbrellas
  </category>
  <size>
   XXL
  </size>
  <color>
   Зеленый
  </color>
  <material>
   Нейлон
  </material>
  <price>
   289589
  </price>
  <rating>
   3.48
  </rating>
  <reviews>
   883683
  </reviews>
  <new>
   -
  </new>
  <exclusive>
   yes
  </exclusive>
 </clothing>
 <clothing>
  <id>
   192776598
  </id>
  <name>
   New Balance Socks T-5464
  </name>
  <category>
   Socks
  </category>
  <size>
   XXL
  </size>
  <color>
   Желтый
  </color>
  <material>
   Нейлон
  </material>
  <price>
   774788
  </price>
  <rating>
   2.04
  </rating>
  <reviews>
   964357
  </reviews>
 </clothing>
 <clothing>
  <id>
   135831678
  </id>
  <name>
   New Balance Dress U-5271
  </name>
  <category>
   Dress
  </category>
  <size>
   XXL
  </size>
  <color>
   Желтый
  </color>
  <material>
   Нейлон
  </material>
  <price>
   514688
  </price>
  <rating>
   3.4
  </rating>
  <reviews>
   37696
  </reviews>
 </clothing>
 <clothing>
  <id>
   537887726
  </id>
  <name>
   Fila Blouse B-2055
  </name>
  <category>
   Blouse
  </category>
  <size>
   XL
  </size>
  <color>
   Синий
  </color>
  <material>
   Лен
  </material>
  <price>
   873711
  </price>
  <rating>
   3.37
  </rating>
  <reviews>
   350503
  </reviews>
  <new>
   -
  </new>
  <sporty>
   no
  </sporty>
 </clothing>
 <clothing>
  <id>
   961617291
  </id>
  <name>
   Addidas Shirt G-1392
  </name>
  <category>
   Shirt
  </category>
  <size>
   XL
  </size>
  <color>
   Синий
  </color>
  <material>
   Шелк
  </material>
  <price>
   474127
  </price>
  <rating>
   4.83
  </rating>
  <reviews>
   411641
  </reviews>
  <new>
   -
  </new>
  <sporty>
   yes
  </sporty>
 </clothing>
 <clothing>
  <id>
   403754646
  </id>
  <name>
   Vans Jeans C-7607
  </name>
  <category>
   Jeans
  </category>
  <size>
   XXL
  </size>
  <color>
   Желтый
  </color>
  <material>
   Шелк
  </material>
  <price>
   632633
  </price>
  <rating>
   3.59
  </rating>
  <reviews>
   817139
  </reviews>
  <new>
   -
  </new>
 </clothing>
 <clothing>
  <id>
   895981330
  </id>
  <name>
   Adidas Shirt N-1032
  </name>
  <category>
   Shirt
  </category>
  <size>
   XXL
  </size>
  <color>
   Синий
  </color>
  <material>
   Нейлон
  </material>
  <price>
   295492
  </price>
  <rating>
   1.05
  </rating>
  <reviews>
   918927
  </reviews>
  <new>
   -
  </new>
  <exclusive>
   yes
  </exclusive>
 </clothing>
 <clothing>
  <id>
   550605432
  </id>
  <name>
   Vans Shoes J-8821
  </name>
  <category>
   Shoes
  </category>
  <size>
   XXL
  </size>
  <color>
   Желтый
  </color>
  <material>
   Нейлон
  </material>
  <price>
   163637
  </price>
  <rating>
   2.67
  </rating>
  <reviews>
   43189
  </reviews>
  <new>
   -
  </new>
  <exclusive>
   no
  </exclusive>
  <sporty>
   no
  </sporty>
 </clothing>
 <clothing>
  <id>
   561453083
  </id>
  <name>
   Ellesse Socks M-4108
  </name>
  <category>
   Socks
  </category>
  <size>
   S
  </size>
  <color>
   Голубой
  </color>
  <material>
   Вискоза
  </material>
  <price>
   881976
  </price>
  <rating>
   3.97
  </rating>
  <reviews>
   155815
  </reviews>
  <new>
   -
  </new>
  <exclusive>
   no
  </exclusive>
 </clothing>
 <clothing>
  <id>
   734081332
  </id>
  <name>
   Under Armour Dress T-5540
  </name>
  <category>
   Dress
  </category>
  <size>
   M
  </size>
  <color>
   Синий
  </color>
  <material>
   Кожа
  </material>
  <price>
   866406
  </price>
  <rating>
   4.93
  </rating>
  <reviews>
   368797
  </reviews>
  <new>
   -
  </new>
  <exclusive>
   yes
  </exclusive>
  <sporty>
   yes
  </sporty>
 </clothing>
 <clothing>
  <id>
   887808499
  </id>
  <name>
   Lacoste Jacket H-5509
  </name>
  <category>
   Jacket
  </category>
  <size>
   S
  </size>
  <color>
   Синий
  </color>
  <material>
   Шерсть
  </material>
  <price>
   790629
  </price>
  <rating>
   4.94
  </rating>
  <reviews>
   367430
  </reviews>
  <new>
   -
  </new>
  <sporty>
   no
  </sporty>
 </clothing>
 <clothing>
  <id>
   583423441
  </id>
  <name>
   Adidas Jeans U-7331
  </name>
  <category>
   Jeans
  </category>
  <size>
   XXL
  </size>
  <color>
   Зеленый
  </color>
  <material>
   Полиэстер
  </material>
  <price>
   171436
  </price>
  <rating>
   4.6
  </rating>
  <reviews>
   363750
  </reviews>
  <new>
   +
  </new>
  <exclusive>
   yes
  </exclusive>
  <sporty>
   no
  </sporty>
 </clothing>
 <clothing>
  <id>
   657673109
  </id>
  <name>
   Reebok Hat L-3886
  </name>
  <category>
   Hat
  </category>
  <size>
   L
  </size>
  <color>
   Голубой
  </color>
  <material>
   Шелк
  </material>
  <price>
   531257
  </price>
  <rating>
   4.89
  </rating>
  <reviews>
   488938
  </reviews>
  <exclusive>
   no
  </exclusive>
 </clothing>
 <clothing>
  <id>
   302303640
  </id>
  <name>
   Adidas Gloves K-7695
  </name>
  <category>
   Gloves
  </category>
  <size>
   L
  </size>
  <color>
   Оранжевый
  </color>
  <material>
   Нейлон
  </material>
  <price>
   920903
  </price>
  <rating>
   1.2
  </rating>
  <reviews>
   217948
  </reviews>
  <new>
   -
  </new>
  <exclusive>
   yes
  </exclusive>
  <sporty>
   yes
  </sporty>
 </clothing>
 <clothing>
  <id>
   527290674
  </id>
  <name>
   Adidas Shirt Y-4889
  </name>
  <category>
   Shirt
  </category>
  <size>
   S
  </size>
  <color>
   Зеленый
  </color>
  <material>
   Лен
  </material>
  <price>
   264635
  </price>
  <rating>
   3.06
  </rating>
  <reviews>
   430181
  </reviews>
  <exclusive>
   no
  </exclusive>
 </clothing>
 <clothing>
  <id>
   150368378
  </id>
  <name>
   New Balance Jacket R-7569
  </name>
  <category>
   Jacket
  </category>
  <size>
   S
  </size>
  <color>
   Синий
  </color>
  <material>
   Шерсть
  </material>
  <price>
   932042
  </price>
  <rating>
   3.88
  </rating>
  <reviews>
   21312
  </reviews>
  <new>
   -
  </new>
  <exclusive>
   yes
  </exclusive>
  <sporty>
   no
  </sporty>
 </clothing>
 <clothing>
  <id>
   216136906
  </id>
  <name>
   Ellesse Shoes C-5954
  </name>
  <category>
   Shoes
  </category>
  <size>
   S
  </size>
  <color>
   Оранжевый
  </color>
  <material>
   Кожа
  </material>
  <price>
   444803
  </price>
  <rating>
   3.62
  </rating>
  <reviews>
   400607
  </reviews>
  <new>
   +
  </new>
  <exclusive>
   yes
  </exclusive>
 </clothing>
 <clothing>
  <id>
   375583032
  </id>
  <name>
   Puma T-shirt I-3259
  </name>
  <category>
   T-shirt
  </category>
  <size>
   XL
  </size>
  <color>
   Фиолетовый
  </color>
  <material>
   Нейлон
  </material>
  <price>
   414934
  </price>
  <rating>
   1.59
  </rating>
  <reviews>
   249998
  </reviews>
  <exclusive>
   no
  </exclusive>
 </clothing>
 <clothing>
  <id>
   210817808
  </id>
  <name>
   Addidas Hat R-3351
  </name>
  <category>
   Hat
  </category>
  <size>
   XXL
  </size>
  <color>
   Желтый
  </color>
  <material>
   Вискоза
  </material>
  <price>
   867962
  </price>
  <rating>
   4.68
  </rating>
  <reviews>
   436200
  </reviews>
  <new>
   -
  </new>
  <exclusive>
   no
  </exclusive>
  <sporty>
   no
  </sporty>
 </clothing>
 <clothing>
  <id>
   622835578
  </id>
  <name>
   Under Armour Gloves E-6008
  </name>
  <category>
   Gloves
  </category>
  <size>
   XL
  </size>
  <color>
   Фиолетовый
  </color>
  <material>
   Шерсть
  </material>
  <price>
   177393
  </price>
  <rating>
   4.52
  </rating>
  <reviews>
   421957
  </reviews>
  <new>
   -
  </new>
  <exclusive>
   no
  </exclusive>
 </clothing>
 <clothing>
  <id>
   487313503
  </id>
  <name>
   Puma Blouse U-9130
  </name>
  <category>
   Blouse
  </category>
  <size>
   M
  </size>
  <color>
   Оранжевый
  </color>
  <material>
   Полиэстер
  </material>
  <price>
   778864
  </price>
  <rating>
   1.87
  </rating>
  <reviews>
   740708
  </reviews>
  <new>
   -
  </new>
  <exclusive>
   yes
  </exclusive>
  <sporty>
   no
  </sporty>
 </clothing>
 <clothing>
  <id>
   794257607
  </id>
  <name>
   Lacoste Gloves J-7413
  </name>
  <category>
   Gloves
  </category>
  <size>
   M
  </size>
  <color>
   Желтый
  </color>
  <material>
   Хлопок
  </material>
  <price>
   277577
  </price>
  <rating>
   4.35
  </rating>
  <reviews>
   867624
  </reviews>
  <new>
   +
  </new>
  <sporty>
   yes
  </sporty>
 </clothing>
 <clothing>
  <id>
   506393905
  </id>
  <name>
   Adidas Umbrellas R-6713
  </name>
  <category>
   Umbrellas
  </category>
  <size>
   XXL
  </size>
  <color>
   Зеленый
  </color>
  <material>
   Нейлон
  </material>
  <price>
   338594
  </price>
  <rating>
   3.57
  </rating>
  <reviews>
   315104
  </reviews>
  <new>
   -
  </new>
 </clothing>
 <clothing>
  <id>
   936356750
  </id>
  <name>
   Nike Handbags C-4075
  </name>
  <category>
   Handbags
  </category>
  <size>
   M
  </size>
  <color>
   Фиолетовый
  </color>
  <material>
   Вискоза
  </material>
  <price>
   547712
  </price>
  <rating>
   2.08
  </rating>
  <reviews>
   725029
  </reviews>
  <new>
   -
  </new>
  <exclusive>
   no
  </exclusive>
 </clothing>
</clothing-items>
