<?xml version="1.0" encoding="utf-8"?>
<clothing-items>
 <clothing>
  <id>
   132116288
  </id>
  <name>
   Brooks Skirt Q-9475
  </name>
  <category>
   Skirt
  </category>
  <size>
   M
  </size>
  <color>
   Желтый
  </color>
  <material>
   Шерсть
  </material>
  <price>
   286015
  </price>
  <rating>
   2.01
  </rating>
  <reviews>
   838433
  </reviews>
  <new>
   +
  </new>
  <exclusive>
   no
  </exclusive>
  <sporty>
   yes
  </sporty>
 </clothing>
 <clothing>
  <id>
   707383993
  </id>
  <name>
   PleinSport Dress U-2500
  </name>
  <category>
   Dress
  </category>
  <size>
   S
  </size>
  <color>
   Красный
  </color>
  <material>
   Лен
  </material>
  <price>
   281737
  </price>
  <rating>
   4.49
  </rating>
  <reviews>
   834542
  </reviews>
 </clothing>
 <clothing>
  <id>
   205658118
  </id>
  <name>
   Addidas Shirt Y-1607
  </name>
  <category>
   Shirt
  </category>
  <size>
   XL
  </size>
  <color>
   Фиолетовый
  </color>
  <material>
   Полиэстер
  </material>
  <price>
   794473
  </price>
  <rating>
   3.45
  </rating>
  <reviews>
   478338
  </reviews>
  <exclusive>
   no
  </exclusive>
  <sporty>
   no
  </sporty>
 </clothing>
 <clothing>
  <id>
   456413637
  </id>
  <name>
   PleinSport Umbrellas Z-6800
  </name>
  <category>
   Umbrellas
  </category>
  <size>
   M
  </size>
  <color>
   Красный
  </color>
  <material>
   Вискоза
  </material>
  <price>
   796235
  </price>
  <rating>
   3.11
  </rating>
  <reviews>
   762980
  </reviews>
 </clothing>
 <clothing>
  <id>
   854997759
  </id>
  <name>
   Fila Blouse C-8118
  </name>
  <category>
   Blouse
  </category>
  <size>
   XXL
  </size>
  <color>
   Синий
  </color>
  <material>
   Вискоза
  </material>
  <price>
   203089
  </price>
  <rating>
   4.34
  </rating>
  <reviews>
   566786
  </reviews>
  <exclusive>
   no
  </exclusive>
 </clothing>
 <clothing>
  <id>
   974883135
  </id>
  <name>
   Fila Sweater P-9459
  </name>
  <category>
   Sweater
  </category>
  <size>
   XXL
  </size>
  <color>
   Зеленый
  </color>
  <material>
   Кожа
  </material>
  <price>
   236765
  </price>
  <rating>
   1.41
  </rating>
  <reviews>
   264090
  </reviews>
  <new>
   -
  </new>
  <exclusive>
   no
  </exclusive>
  <sporty>
   no
  </sporty>
 </clothing>
 <clothing>
  <id>
   702119590
  </id>
  <name>
   Asics Shirt L-5135
  </name>
  <category>
   Shirt
  </category>
  <size>
   XXL
  </size>
  <color>
   Синий
  </color>
  <material>
   Кожа
  </material>
  <price>
   305833
  </price>
  <rating>
   2.36
  </rating>
  <reviews>
   589967
  </reviews>
  <new>
   +
  </new>
  <exclusive>
   no
  </exclusive>
  <sporty>
   yes
  </sporty>
 </clothing>
 <clothing>
  <id>
   634747076
  </id>
  <name>
   Ellesse Skirt P-1780
  </name>
  <category>
   Skirt
  </category>
  <size>
   XL
  </size>
  <color>
   Желтый
  </color>
  <material>
   Полиэстер
  </material>
  <price>
   329072
  </price>
  <rating>
   2.04
  </rating>
  <reviews>
   764178
  </reviews>
  <exclusive>
   no
  </exclusive>
 </clothing>
 <clothing>
  <id>
   179210347
  </id>
  <name>
   Addidas Shirt Q-4122
  </name>
  <category>
   Shirt
  </category>
  <size>
   XXL
  </size>
  <color>
   Фиолетовый
  </color>
  <material>
   Лен
  </material>
  <price>
   926080
  </price>
  <rating>
   4.03
  </rating>
  <reviews>
   958907
  </reviews>
  <exclusive>
   yes
  </exclusive>
 </clothing>
 <clothing>
  <id>
   538570832
  </id>
  <name>
   PleinSport Jeans Q-8857
  </name>
  <category>
   Jeans
  </category>
  <size>
   XL
  </size>
  <color>
   Фиолетовый
  </color>
  <material>
   Шелк
  </material>
  <price>
   452597
  </price>
  <rating>
   4.33
  </rating>
  <reviews>
   286971
  </reviews>
  <new>
   +
  </new>
  <sporty>
   no
  </sporty>
 </clothing>
 <clothing>
  <id>
   661108843
  </id>
  <name>
   Brooks Umbrellas V-1585
  </name>
  <category>
   Umbrellas
  </category>
  <size>
   S
  </size>
  <color>
   Желтый
  </color>
  <material>
   Шелк
  </material>
  <price>
   211157
  </price>
  <rating>
   3.42
  </rating>
  <reviews>
   849947
  </reviews>
  <new>
   -
  </new>
  <sporty>
   yes
  </sporty>
 </clothing>
 <clothing>
  <id>
   541911554
  </id>
  <name>
   Brooks Shoes Q-1687
  </name>
  <category>
   Shoes
  </category>
  <size>
   L
  </size>
  <color>
   Желтый
  </color>
  <material>
   Шерсть
  </material>
  <price>
   295084
  </price>
  <rating>
   1.72
  </rating>
  <reviews>
   834715
  </reviews>
  <new>
   -
  </new>
  <exclusive>
   no
  </exclusive>
  <sporty>
   yes
  </sporty>
 </clothing>
 <clothing>
  <id>
   474026308
  </id>
  <name>
   DC Sweater X-3625
  </name>
  <category>
   Sweater
  </category>
  <size>
   XXL
  </size>
  <color>
   Желтый
  </color>
  <material>
   Полиэстер
  </material>
  <price>
   733854
  </price>
  <rating>
   4.79
  </rating>
  <reviews>
   850024
  </reviews>
  <sporty>
   yes
  </sporty>
 </clothing>
 <clothing>
  <id>
   295653217
  </id>
  <name>
   Reebok Gloves M-9872
  </name>
  <category>
   Gloves
  </category>
  <size>
   XXL
  </size>
  <color>
   Синий
  </color>
  <material>
   Вискоза
  </material>
  <price>
   102249
  </price>
  <rating>
   4.42
  </rating>
  <reviews>
   759977
  </reviews>
  <exclusive>
   no
  </exclusive>
  <sporty>
   no
  </sporty>
 </clothing>
 <clothing>
  <id>
   840073835
  </id>
  <name>
   Vans Hat O-4184
  </name>
  <category>
   Hat
  </category>
  <size>
   S
  </size>
  <color>
   Синий
  </color>
  <material>
   Кожа
  </material>
  <price>
   981157
  </price>
  <rating>
   1.23
  </rating>
  <reviews>
   691072
  </reviews>
  <new>
   -
  </new>
  <exclusive>
   no
  </exclusive>
 </clothing>
 <clothing>
  <id>
   941878639
  </id>
  <name>
   Asics T-shirt O-3447
  </name>
  <category>
   T-shirt
  </category>
  <size>
   M
  </size>
  <color>
   Синий
  </color>
  <material>
   Лен
  </material>
  <price>
   832077
  </price>
  <rating>
   3.32
  </rating>
  <reviews>
   16770
  </reviews>
  <new>
   -
  </new>
  <exclusive>
   no
  </exclusive>
  <sporty>
   no
  </sporty>
 </clothing>
</clothing-items>
