<?xml version="1.0" encoding="utf-8"?>
<clothing-items>
 <clothing>
  <id>
   375761986
  </id>
  <name>
   PleinSport Gloves L-4932
  </name>
  <category>
   Gloves
  </category>
  <size>
   L
  </size>
  <color>
   Голубой
  </color>
  <material>
   Лен
  </material>
  <price>
   646216
  </price>
  <rating>
   4.57
  </rating>
  <reviews>
   659834
  </reviews>
  <new>
   -
  </new>
 </clothing>
 <clothing>
  <id>
   852608683
  </id>
  <name>
   Vans Gloves S-9581
  </name>
  <category>
   Gloves
  </category>
  <size>
   L
  </size>
  <color>
   Зеленый
  </color>
  <material>
   Вискоза
  </material>
  <price>
   502267
  </price>
  <rating>
   4.09
  </rating>
  <reviews>
   308289
  </reviews>
  <new>
   -
  </new>
 </clothing>
 <clothing>
  <id>
   608704892
  </id>
  <name>
   Under Armour Umbrellas D-6036
  </name>
  <category>
   Umbrellas
  </category>
  <size>
   L
  </size>
  <color>
   Красный
  </color>
  <material>
   Вискоза
  </material>
  <price>
   340220
  </price>
  <rating>
   1.37
  </rating>
  <reviews>
   803058
  </reviews>
  <new>
   -
  </new>
  <exclusive>
   no
  </exclusive>
 </clothing>
 <clothing>
  <id>
   827565043
  </id>
  <name>
   Lacoste Blouse C-7033
  </name>
  <category>
   Blouse
  </category>
  <size>
   M
  </size>
  <color>
   Красный
  </color>
  <material>
   Нейлон
  </material>
  <price>
   541165
  </price>
  <rating>
   1.46
  </rating>
  <reviews>
   949721
  </reviews>
  <new>
   +
  </new>
  <exclusive>
   yes
  </exclusive>
  <sporty>
   no
  </sporty>
 </clothing>
 <clothing>
  <id>
   807046054
  </id>
  <name>
   Reebok Shoes I-6007
  </name>
  <category>
   Shoes
  </category>
  <size>
   XL
  </size>
  <color>
   Желтый
  </color>
  <material>
   Лен
  </material>
  <price>
   936102
  </price>
  <rating>
   1.21
  </rating>
  <reviews>
   212250
  </reviews>
  <new>
   +
  </new>
  <exclusive>
   no
  </exclusive>
  <sporty>
   yes
  </sporty>
 </clothing>
 <clothing>
  <id>
   689806193
  </id>
  <name>
   Addidas T-shirt S-4538
  </name>
  <category>
   T-shirt
  </category>
  <size>
   L
  </size>
  <color>
   Фиолетовый
  </color>
  <material>
   Шелк
  </material>
  <price>
   552215
  </price>
  <rating>
   3.06
  </rating>
  <reviews>
   179634
  </reviews>
  <new>
   +
  </new>
  <exclusive>
   no
  </exclusive>
  <sporty>
   yes
  </sporty>
 </clothing>
 <clothing>
  <id>
   400619338
  </id>
  <name>
   Nike Dress K-1968
  </name>
  <category>
   Dress
  </category>
  <size>
   L
  </size>
  <color>
   Красный
  </color>
  <material>
   Лен
  </material>
  <price>
   114888
  </price>
  <rating>
   1.06
  </rating>
  <reviews>
   474332
  </reviews>
  <new>
   -
  </new>
  <exclusive>
   no
  </exclusive>
  <sporty>
   no
  </sporty>
 </clothing>
 <clothing>
  <id>
   505993206
  </id>
  <name>
   Puma Jeans A-5564
  </name>
  <category>
   Jeans
  </category>
  <size>
   XXL
  </size>
  <color>
   Красный
  </color>
  <material>
   Вискоза
  </material>
  <price>
   336216
  </price>
  <rating>
   1.49
  </rating>
  <reviews>
   547465
  </reviews>
  <new>
   +
  </new>
  <exclusive>
   yes
  </exclusive>
  <sporty>
   no
  </sporty>
 </clothing>
 <clothing>
  <id>
   128490622
  </id>
  <name>
   Brooks Sweater V-7376
  </name>
  <category>
   Sweater
  </category>
  <size>
   XL
  </size>
  <color>
   Фиолетовый
  </color>
  <material>
   Нейлон
  </material>
  <price>
   109650
  </price>
  <rating>
   1.31
  </rating>
  <reviews>
   790439
  </reviews>
  <new>
   -
  </new>
  <exclusive>
   yes
  </exclusive>
  <sporty>
   yes
  </sporty>
 </clothing>
 <clothing>
  <id>
   751156766
  </id>
  <name>
   DC Jacket E-3581
  </name>
  <category>
   Jacket
  </category>
  <size>
   M
  </size>
  <color>
   Синий
  </color>
  <material>
   Нейлон
  </material>
  <price>
   291918
  </price>
  <rating>
   3.83
  </rating>
  <reviews>
   909929
  </reviews>
  <exclusive>
   no
  </exclusive>
  <sporty>
   no
  </sporty>
 </clothing>
 <clothing>
  <id>
   984314965
  </id>
  <name>
   DC Shoes M-1173
  </name>
  <category>
   Shoes
  </category>
  <size>
   S
  </size>
  <color>
   Синий
  </color>
  <material>
   Полиэстер
  </material>
  <price>
   300172
  </price>
  <rating>
   3.93
  </rating>
  <reviews>
   946083
  </reviews>
  <sporty>
   no
  </sporty>
 </clothing>
 <clothing>
  <id>
   448584762
  </id>
  <name>
   New Balance Dress V-7845
  </name>
  <category>
   Dress
  </category>
  <size>
   M
  </size>
  <color>
   Синий
  </color>
  <material>
   Шелк
  </material>
  <price>
   485927
  </price>
  <rating>
   2.51
  </rating>
  <reviews>
   433764
  </reviews>
  <new>
   +
  </new>
  <sporty>
   no
  </sporty>
 </clothing>
 <clothing>
  <id>
   434925591
  </id>
  <name>
   Addidas Handbags M-9208
  </name>
  <category>
   Handbags
  </category>
  <size>
   L
  </size>
  <color>
   Желтый
  </color>
  <material>
   Вискоза
  </material>
  <price>
   897317
  </price>
  <rating>
   1.88
  </rating>
  <reviews>
   411748
  </reviews>
  <new>
   +
  </new>
  <exclusive>
   yes
  </exclusive>
 </clothing>
 <clothing>
  <id>
   783015931
  </id>
  <name>
   Lacoste Gloves L-5936
  </name>
  <category>
   Gloves
  </category>
  <size>
   M
  </size>
  <color>
   Синий
  </color>
  <material>
   Шерсть
  </material>
  <price>
   475891
  </price>
  <rating>
   3.57
  </rating>
  <reviews>
   746520
  </reviews>
 </clothing>
 <clothing>
  <id>
   461857253
  </id>
  <name>
   Ellesse Handbags Z-3535
  </name>
  <category>
   Handbags
  </category>
  <size>
   S
  </size>
  <color>
   Синий
  </color>
  <material>
   Лен
  </material>
  <price>
   290775
  </price>
  <rating>
   4.45
  </rating>
  <reviews>
   283399
  </reviews>
  <new>
   -
  </new>
  <sporty>
   no
  </sporty>
 </clothing>
 <clothing>
  <id>
   340836855
  </id>
  <name>
   Nike Sweater S-8528
  </name>
  <category>
   Sweater
  </category>
  <size>
   S
  </size>
  <color>
   Синий
  </color>
  <material>
   Нейлон
  </material>
  <price>
   831453
  </price>
  <rating>
   3.31
  </rating>
  <reviews>
   990612
  </reviews>
 </clothing>
 <clothing>
  <id>
   773400254
  </id>
  <name>
   Puma Hat R-7410
  </name>
  <category>
   Hat
  </category>
  <size>
   L
  </size>
  <color>
   Зеленый
  </color>
  <material>
   Вискоза
  </material>
  <price>
   851830
  </price>
  <rating>
   1.97
  </rating>
  <reviews>
   77694
  </reviews>
  <exclusive>
   yes
  </exclusive>
  <sporty>
   yes
  </sporty>
 </clothing>
 <clothing>
  <id>
   130802212
  </id>
  <name>
   Converse Gloves D-2615
  </name>
  <category>
   Gloves
  </category>
  <size>
   L
  </size>
  <color>
   Фиолетовый
  </color>
  <material>
   Шерсть
  </material>
  <price>
   464334
  </price>
  <rating>
   4.26
  </rating>
  <reviews>
   327556
  </reviews>
  <exclusive>
   yes
  </exclusive>
  <sporty>
   no
  </sporty>
 </clothing>
 <clothing>
  <id>
   650035639
  </id>
  <name>
   Asics Pants M-1361
  </name>
  <category>
   Pants
  </category>
  <size>
   XL
  </size>
  <color>
   Оранжевый
  </color>
  <material>
   Шелк
  </material>
  <price>
   196619
  </price>
  <rating>
   4.88
  </rating>
  <reviews>
   967934
  </reviews>
  <new>
   +
  </new>
  <sporty>
   no
  </sporty>
 </clothing>
 <clothing>
  <id>
   164647456
  </id>
  <name>
   New Balance Handbags W-9614
  </name>
  <category>
   Handbags
  </category>
  <size>
   M
  </size>
  <color>
   Фиолетовый
  </color>
  <material>
   Полиэстер
  </material>
  <price>
   401804
  </price>
  <rating>
   2.36
  </rating>
  <reviews>
   516822
  </reviews>
  <new>
   +
  </new>
 </clothing>
 <clothing>
  <id>
   536711862
  </id>
  <name>
   Reebok Handbags Q-5511
  </name>
  <category>
   Handbags
  </category>
  <size>
   S
  </size>
  <color>
   Красный
  </color>
  <material>
   Нейлон
  </material>
  <price>
   350506
  </price>
  <rating>
   3.48
  </rating>
  <reviews>
   894779
  </reviews>
  <exclusive>
   no
  </exclusive>
  <sporty>
   no
  </sporty>
 </clothing>
 <clothing>
  <id>
   423373445
  </id>
  <name>
   Converse Pants A-4088
  </name>
  <category>
   Pants
  </category>
  <size>
   L
  </size>
  <color>
   Красный
  </color>
  <material>
   Кожа
  </material>
  <price>
   622649
  </price>
  <rating>
   4.93
  </rating>
  <reviews>
   945233
  </reviews>
  <new>
   +
  </new>
  <exclusive>
   no
  </exclusive>
 </clothing>
 <clothing>
  <id>
   877374609
  </id>
  <name>
   Converse Gloves A-7248
  </name>
  <category>
   Gloves
  </category>
  <size>
   XXL
  </size>
  <color>
   Зеленый
  </color>
  <material>
   Шерсть
  </material>
  <price>
   624579
  </price>
  <rating>
   1.6
  </rating>
  <reviews>
   175048
  </reviews>
  <new>
   +
  </new>
  <exclusive>
   yes
  </exclusive>
  <sporty>
   yes
  </sporty>
 </clothing>
 <clothing>
  <id>
   410538093
  </id>
  <name>
   Vans Pants Y-2691
  </name>
  <category>
   Pants
  </category>
  <size>
   M
  </size>
  <color>
   Желтый
  </color>
  <material>
   Лен
  </material>
  <price>
   507720
  </price>
  <rating>
   2.97
  </rating>
  <reviews>
   953480
  </reviews>
  <exclusive>
   yes
  </exclusive>
 </clothing>
 <clothing>
  <id>
   901004603
  </id>
  <name>
   DC T-shirt H-6841
  </name>
  <category>
   T-shirt
  </category>
  <size>
   XL
  </size>
  <color>
   Фиолетовый
  </color>
  <material>
   Полиэстер
  </material>
  <price>
   719768
  </price>
  <rating>
   2.31
  </rating>
  <reviews>
   792406
  </reviews>
  <sporty>
   no
  </sporty>
 </clothing>
 <clothing>
  <id>
   541020680
  </id>
  <name>
   Asics Skirt T-7148
  </name>
  <category>
   Skirt
  </category>
  <size>
   XL
  </size>
  <color>
   Оранжевый
  </color>
  <material>
   Шерсть
  </material>
  <price>
   627595
  </price>
  <rating>
   1.33
  </rating>
  <reviews>
   521552
  </reviews>
  <exclusive>
   yes
  </exclusive>
 </clothing>
 <clothing>
  <id>
   855914343
  </id>
  <name>
   Converse Umbrellas N-1724
  </name>
  <category>
   Umbrellas
  </category>
  <size>
   M
  </size>
  <color>
   Красный
  </color>
  <material>
   Шелк
  </material>
  <price>
   255655
  </price>
  <rating>
   2.14
  </rating>
  <reviews>
   300071
  </reviews>
  <sporty>
   no
  </sporty>
 </clothing>
 <clothing>
  <id>
   820456656
  </id>
  <name>
   New Balance Pants S-3193
  </name>
  <category>
   Pants
  </category>
  <size>
   M
  </size>
  <color>
   Зеленый
  </color>
  <material>
   Шерсть
  </material>
  <price>
   552906
  </price>
  <rating>
   1.14
  </rating>
  <reviews>
   126395
  </reviews>
  <new>
   -
  </new>
  <exclusive>
   no
  </exclusive>
  <sporty>
   no
  </sporty>
 </clothing>
 <clothing>
  <id>
   300400112
  </id>
  <name>
   Ellesse Jeans D-4852
  </name>
  <category>
   Jeans
  </category>
  <size>
   XXL
  </size>
  <color>
   Голубой
  </color>
  <material>
   Шерсть
  </material>
  <price>
   237715
  </price>
  <rating>
   1.52
  </rating>
  <reviews>
   744428
  </reviews>
  <exclusive>
   yes
  </exclusive>
 </clothing>
 <clothing>
  <id>
   111670463
  </id>
  <name>
   Ellesse Belts A-6539
  </name>
  <category>
   Belts
  </category>
  <size>
   S
  </size>
  <color>
   Зеленый
  </color>
  <material>
   Шерсть
  </material>
  <price>
   984392
  </price>
  <rating>
   3.86
  </rating>
  <reviews>
   71557
  </reviews>
  <new>
   -
  </new>
 </clothing>
 <clothing>
  <id>
   993681367
  </id>
  <name>
   PleinSport Umbrellas S-9102
  </name>
  <category>
   Umbrellas
  </category>
  <size>
   S
  </size>
  <color>
   Фиолетовый
  </color>
  <material>
   Лен
  </material>
  <price>
   276507
  </price>
  <rating>
   4.07
  </rating>
  <reviews>
   623764
  </reviews>
  <new>
   -
  </new>
  <exclusive>
   no
  </exclusive>
  <sporty>
   yes
  </sporty>
 </clothing>
 <clothing>
  <id>
   267873066
  </id>
  <name>
   Asics Gloves S-2356
  </name>
  <category>
   Gloves
  </category>
  <size>
   XL
  </size>
  <color>
   Оранжевый
  </color>
  <material>
   Вискоза
  </material>
  <price>
   723600
  </price>
  <rating>
   2.55
  </rating>
  <reviews>
   63283
  </reviews>
  <exclusive>
   no
  </exclusive>
  <sporty>
   yes
  </sporty>
 </clothing>
 <clothing>
  <id>
   204770326
  </id>
  <name>
   PleinSport Sweater Y-7806
  </name>
  <category>
   Sweater
  </category>
  <size>
   XL
  </size>
  <color>
   Синий
  </color>
  <material>
   Хлопок
  </material>
  <price>
   890754
  </price>
  <rating>
   3.99
  </rating>
  <reviews>
   102211
  </reviews>
  <exclusive>
   no
  </exclusive>
  <sporty>
   no
  </sporty>
 </clothing>
 <clothing>
  <id>
   327926128
  </id>
  <name>
   Addidas Skirt I-2485
  </name>
  <category>
   Skirt
  </category>
  <size>
   XXL
  </size>
  <color>
   Красный
  </color>
  <material>
   Шерсть
  </material>
  <price>
   489223
  </price>
  <rating>
   3.27
  </rating>
  <reviews>
   102974
  </reviews>
  <new>
   +
  </new>
 </clothing>
 <clothing>
  <id>
   246005917
  </id>
  <name>
   Ellesse Pants M-4733
  </name>
  <category>
   Pants
  </category>
  <size>
   S
  </size>
  <color>
   Голубой
  </color>
  <material>
   Полиэстер
  </material>
  <price>
   682814
  </price>
  <rating>
   1.2
  </rating>
  <reviews>
   305856
  </reviews>
  <sporty>
   no
  </sporty>
 </clothing>
 <clothing>
  <id>
   881686630
  </id>
  <name>
   Adidas Hat Y-7254
  </name>
  <category>
   Hat
  </category>
  <size>
   L
  </size>
  <color>
   Красный
  </color>
  <material>
   Вискоза
  </material>
  <price>
   520362
  </price>
  <rating>
   1.48
  </rating>
  <reviews>
   397404
  </reviews>
  <new>
   -
  </new>
  <exclusive>
   yes
  </exclusive>
 </clothing>
 <clothing>
  <id>
   834235021
  </id>
  <name>
   Fila T-shirt N-1801
  </name>
  <category>
   T-shirt
  </category>
  <size>
   XXL
  </size>
  <color>
   Синий
  </color>
  <material>
   Нейлон
  </material>
  <price>
   995300
  </price>
  <rating>
   2.42
  </rating>
  <reviews>
   629787
  </reviews>
  <exclusive>
   yes
  </exclusive>
 </clothing>
 <clothing>
  <id>
   531452112
  </id>
  <name>
   DC Hat B-6683
  </name>
  <category>
   Hat
  </category>
  <size>
   XXL
  </size>
  <color>
   Синий
  </color>
  <material>
   Шелк
  </material>
  <price>
   712393
  </price>
  <rating>
   1.81
  </rating>
  <reviews>
   999718
  </reviews>
  <exclusive>
   no
  </exclusive>
  <sporty>
   yes
  </sporty>
 </clothing>
 <clothing>
  <id>
   208635243
  </id>
  <name>
   Addidas Pants I-4794
  </name>
  <category>
   Pants
  </category>
  <size>
   XL
  </size>
  <color>
   Фиолетовый
  </color>
  <material>
   Кожа
  </material>
  <price>
   243410
  </price>
  <rating>
   1.93
  </rating>
  <reviews>
   672366
  </reviews>
  <new>
   +
  </new>
 </clothing>
 <clothing>
  <id>
   206779190
  </id>
  <name>
   PleinSport Handbags Z-9260
  </name>
  <category>
   Handbags
  </category>
  <size>
   M
  </size>
  <color>
   Зеленый
  </color>
  <material>
   Хлопок
  </material>
  <price>
   147209
  </price>
  <rating>
   2.5
  </rating>
  <reviews>
   383823
  </reviews>
 </clothing>
 <clothing>
  <id>
   266563573
  </id>
  <name>
   Puma Sweater V-8139
  </name>
  <category>
   Sweater
  </category>
  <size>
   XXL
  </size>
  <color>
   Зеленый
  </color>
  <material>
   Кожа
  </material>
  <price>
   638190
  </price>
  <rating>
   3.63
  </rating>
  <reviews>
   469172
  </reviews>
  <exclusive>
   yes
  </exclusive>
  <sporty>
   yes
  </sporty>
 </clothing>
 <clothing>
  <id>
   299053163
  </id>
  <name>
   New Balance Hat L-9480
  </name>
  <category>
   Hat
  </category>
  <size>
   XXL
  </size>
  <color>
   Желтый
  </color>
  <material>
   Шерсть
  </material>
  <price>
   323432
  </price>
  <rating>
   4.04
  </rating>
  <reviews>
   153398
  </reviews>
  <new>
   +
  </new>
  <exclusive>
   no
  </exclusive>
  <sporty>
   no
  </sporty>
 </clothing>
 <clothing>
  <id>
   374633486
  </id>
  <name>
   Reebok Socks L-5312
  </name>
  <category>
   Socks
  </category>
  <size>
   M
  </size>
  <color>
   Оранжевый
  </color>
  <material>
   Вискоза
  </material>
  <price>
   486451
  </price>
  <rating>
   3.42
  </rating>
  <reviews>
   39837
  </reviews>
  <exclusive>
   no
  </exclusive>
 </clothing>
</clothing-items>
