<?xml version="1.0" encoding="utf-8"?>
<clothing-items>
 <clothing>
  <id>
   649845368
  </id>
  <name>
   Lacoste Shirt T-1346
  </name>
  <category>
   Shirt
  </category>
  <size>
   XXL
  </size>
  <color>
   Синий
  </color>
  <material>
   Вискоза
  </material>
  <price>
   359955
  </price>
  <rating>
   4.68
  </rating>
  <reviews>
   797073
  </reviews>
  <new>
   +
  </new>
  <exclusive>
   no
  </exclusive>
 </clothing>
 <clothing>
  <id>
   509020446
  </id>
  <name>
   Nike Blouse B-4979
  </name>
  <category>
   Blouse
  </category>
  <size>
   L
  </size>
  <color>
   Зеленый
  </color>
  <material>
   Вискоза
  </material>
  <price>
   479241
  </price>
  <rating>
   4.59
  </rating>
  <reviews>
   527078
  </reviews>
  <new>
   +
  </new>
  <exclusive>
   yes
  </exclusive>
 </clothing>
 <clothing>
  <id>
   349470160
  </id>
  <name>
   Addidas Gloves G-3558
  </name>
  <category>
   Gloves
  </category>
  <size>
   M
  </size>
  <color>
   Фиолетовый
  </color>
  <material>
   Нейлон
  </material>
  <price>
   125886
  </price>
  <rating>
   4.75
  </rating>
  <reviews>
   365812
  </reviews>
  <exclusive>
   no
  </exclusive>
 </clothing>
 <clothing>
  <id>
   910848427
  </id>
  <name>
   Puma Dress M-2339
  </name>
  <category>
   Dress
  </category>
  <size>
   L
  </size>
  <color>
   Желтый
  </color>
  <material>
   Хлопок
  </material>
  <price>
   747898
  </price>
  <rating>
   2.61
  </rating>
  <reviews>
   649196
  </reviews>
  <new>
   -
  </new>
  <exclusive>
   yes
  </exclusive>
  <sporty>
   no
  </sporty>
 </clothing>
 <clothing>
  <id>
   702586591
  </id>
  <name>
   Under Armour Sweater W-3470
  </name>
  <category>
   Sweater
  </category>
  <size>
   S
  </size>
  <color>
   Красный
  </color>
  <material>
   Шелк
  </material>
  <price>
   201222
  </price>
  <rating>
   2.68
  </rating>
  <reviews>
   87480
  </reviews>
  <exclusive>
   no
  </exclusive>
 </clothing>
 <clothing>
  <id>
   495143101
  </id>
  <name>
   Vans Shirt Q-8138
  </name>
  <category>
   Shirt
  </category>
  <size>
   S
  </size>
  <color>
   Красный
  </color>
  <material>
   Полиэстер
  </material>
  <price>
   349542
  </price>
  <rating>
   2.89
  </rating>
  <reviews>
   820705
  </reviews>
  <exclusive>
   yes
  </exclusive>
 </clothing>
 <clothing>
  <id>
   925346551
  </id>
  <name>
   New Balance Jacket T-8605
  </name>
  <category>
   Jacket
  </category>
  <size>
   S
  </size>
  <color>
   Голубой
  </color>
  <material>
   Нейлон
  </material>
  <price>
   834010
  </price>
  <rating>
   3.38
  </rating>
  <reviews>
   682135
  </reviews>
  <exclusive>
   no
  </exclusive>
 </clothing>
 <clothing>
  <id>
   286143594
  </id>
  <name>
   Addidas Umbrellas N-6354
  </name>
  <category>
   Umbrellas
  </category>
  <size>
   S
  </size>
  <color>
   Фиолетовый
  </color>
  <material>
   Нейлон
  </material>
  <price>
   878793
  </price>
  <rating>
   3.09
  </rating>
  <reviews>
   161541
  </reviews>
 </clothing>
 <clothing>
  <id>
   989935378
  </id>
  <name>
   Asics Gloves N-8035
  </name>
  <category>
   Gloves
  </category>
  <size>
   XL
  </size>
  <color>
   Голубой
  </color>
  <material>
   Кожа
  </material>
  <price>
   471580
  </price>
  <rating>
   3.14
  </rating>
  <reviews>
   63995
  </reviews>
  <sporty>
   no
  </sporty>
 </clothing>
 <clothing>
  <id>
   226245699
  </id>
  <name>
   Asics Shirt E-5407
  </name>
  <category>
   Shirt
  </category>
  <size>
   S
  </size>
  <color>
   Голубой
  </color>
  <material>
   Шерсть
  </material>
  <price>
   852073
  </price>
  <rating>
   3.35
  </rating>
  <reviews>
   373484
  </reviews>
  <sporty>
   yes
  </sporty>
 </clothing>
 <clothing>
  <id>
   644923981
  </id>
  <name>
   Under Armour Hat L-5282
  </name>
  <category>
   Hat
  </category>
  <size>
   XL
  </size>
  <color>
   Голубой
  </color>
  <material>
   Хлопок
  </material>
  <price>
   299501
  </price>
  <rating>
   3.56
  </rating>
  <reviews>
   885784
  </reviews>
  <sporty>
   yes
  </sporty>
 </clothing>
 <clothing>
  <id>
   582867968
  </id>
  <name>
   Fila Shirt P-5682
  </name>
  <category>
   Shirt
  </category>
  <size>
   L
  </size>
  <color>
   Желтый
  </color>
  <material>
   Полиэстер
  </material>
  <price>
   299799
  </price>
  <rating>
   4.08
  </rating>
  <reviews>
   927979
  </reviews>
  <new>
   +
  </new>
  <sporty>
   no
  </sporty>
 </clothing>
 <clothing>
  <id>
   143061105
  </id>
  <name>
   Under Armour Belts K-7836
  </name>
  <category>
   Belts
  </category>
  <size>
   XXL
  </size>
  <color>
   Красный
  </color>
  <material>
   Хлопок
  </material>
  <price>
   908132
  </price>
  <rating>
   3.57
  </rating>
  <reviews>
   581027
  </reviews>
  <new>
   +
  </new>
 </clothing>
 <clothing>
  <id>
   676915334
  </id>
  <name>
   Adidas Blouse H-9068
  </name>
  <category>
   Blouse
  </category>
  <size>
   XXL
  </size>
  <color>
   Голубой
  </color>
  <material>
   Лен
  </material>
  <price>
   814607
  </price>
  <rating>
   1.67
  </rating>
  <reviews>
   637503
  </reviews>
  <new>
   +
  </new>
  <exclusive>
   no
  </exclusive>
  <sporty>
   no
  </sporty>
 </clothing>
 <clothing>
  <id>
   643439577
  </id>
  <name>
   Under Armour Handbags H-3238
  </name>
  <category>
   Handbags
  </category>
  <size>
   XL
  </size>
  <color>
   Синий
  </color>
  <material>
   Шерсть
  </material>
  <price>
   777727
  </price>
  <rating>
   3.76
  </rating>
  <reviews>
   842698
  </reviews>
  <new>
   +
  </new>
  <exclusive>
   yes
  </exclusive>
  <sporty>
   no
  </sporty>
 </clothing>
 <clothing>
  <id>
   135232453
  </id>
  <name>
   Fila T-shirt V-9703
  </name>
  <category>
   T-shirt
  </category>
  <size>
   XXL
  </size>
  <color>
   Фиолетовый
  </color>
  <material>
   Хлопок
  </material>
  <price>
   120872
  </price>
  <rating>
   1.87
  </rating>
  <reviews>
   763626
  </reviews>
 </clothing>
 <clothing>
  <id>
   452118240
  </id>
  <name>
   New Balance Gloves B-1763
  </name>
  <category>
   Gloves
  </category>
  <size>
   L
  </size>
  <color>
   Синий
  </color>
  <material>
   Хлопок
  </material>
  <price>
   416013
  </price>
  <rating>
   4.8
  </rating>
  <reviews>
   765767
  </reviews>
  <new>
   -
  </new>
  <sporty>
   no
  </sporty>
 </clothing>
 <clothing>
  <id>
   856350583
  </id>
  <name>
   Converse Jeans P-9304
  </name>
  <category>
   Jeans
  </category>
  <size>
   L
  </size>
  <color>
   Желтый
  </color>
  <material>
   Шелк
  </material>
  <price>
   914097
  </price>
  <rating>
   2.42
  </rating>
  <reviews>
   379766
  </reviews>
  <sporty>
   no
  </sporty>
 </clothing>
 <clothing>
  <id>
   362436518
  </id>
  <name>
   Nike Belts N-3743
  </name>
  <category>
   Belts
  </category>
  <size>
   M
  </size>
  <color>
   Синий
  </color>
  <material>
   Шерсть
  </material>
  <price>
   554839
  </price>
  <rating>
   3.55
  </rating>
  <reviews>
   725928
  </reviews>
  <new>
   +
  </new>
  <sporty>
   no
  </sporty>
 </clothing>
</clothing-items>
