<?xml version="1.0" encoding="utf-8"?>
<clothing-items>
 <clothing>
  <id>
   797556083
  </id>
  <name>
   Brooks Sweater N-4808
  </name>
  <category>
   Sweater
  </category>
  <size>
   XXL
  </size>
  <color>
   Красный
  </color>
  <material>
   Нейлон
  </material>
  <price>
   425346
  </price>
  <rating>
   4.27
  </rating>
  <reviews>
   482548
  </reviews>
  <new>
   +
  </new>
  <exclusive>
   yes
  </exclusive>
  <sporty>
   no
  </sporty>
 </clothing>
 <clothing>
  <id>
   428331977
  </id>
  <name>
   PleinSport Belts I-9500
  </name>
  <category>
   Belts
  </category>
  <size>
   L
  </size>
  <color>
   Желтый
  </color>
  <material>
   Вискоза
  </material>
  <price>
   867279
  </price>
  <rating>
   2.37
  </rating>
  <reviews>
   471130
  </reviews>
  <exclusive>
   yes
  </exclusive>
  <sporty>
   yes
  </sporty>
 </clothing>
 <clothing>
  <id>
   177338223
  </id>
  <name>
   PleinSport Umbrellas D-1558
  </name>
  <category>
   Umbrellas
  </category>
  <size>
   XL
  </size>
  <color>
   Желтый
  </color>
  <material>
   Кожа
  </material>
  <price>
   577487
  </price>
  <rating>
   4.95
  </rating>
  <reviews>
   410455
  </reviews>
  <new>
   -
  </new>
 </clothing>
 <clothing>
  <id>
   521866322
  </id>
  <name>
   Vans Skirt O-2230
  </name>
  <category>
   Skirt
  </category>
  <size>
   XXL
  </size>
  <color>
   Красный
  </color>
  <material>
   Нейлон
  </material>
  <price>
   258625
  </price>
  <rating>
   3.73
  </rating>
  <reviews>
   596839
  </reviews>
  <new>
   -
  </new>
 </clothing>
 <clothing>
  <id>
   767275188
  </id>
  <name>
   Under Armour Jacket W-2105
  </name>
  <category>
   Jacket
  </category>
  <size>
   L
  </size>
  <color>
   Красный
  </color>
  <material>
   Кожа
  </material>
  <price>
   913613
  </price>
  <rating>
   1.93
  </rating>
  <reviews>
   492913
  </reviews>
  <exclusive>
   yes
  </exclusive>
  <sporty>
   yes
  </sporty>
 </clothing>
 <clothing>
  <id>
   516762339
  </id>
  <name>
   Asics Socks Q-7446
  </name>
  <category>
   Socks
  </category>
  <size>
   M
  </size>
  <color>
   Синий
  </color>
  <material>
   Нейлон
  </material>
  <price>
   526951
  </price>
  <rating>
   4.77
  </rating>
  <reviews>
   637696
  </reviews>
  <exclusive>
   no
  </exclusive>
 </clothing>
 <clothing>
  <id>
   753053974
  </id>
  <name>
   Brooks Dress N-9900
  </name>
  <category>
   Dress
  </category>
  <size>
   S
  </size>
  <color>
   Фиолетовый
  </color>
  <material>
   Хлопок
  </material>
  <price>
   163587
  </price>
  <rating>
   4.47
  </rating>
  <reviews>
   686105
  </reviews>
  <new>
   -
  </new>
 </clothing>
 <clothing>
  <id>
   252278883
  </id>
  <name>
   Under Armour Shirt Z-1669
  </name>
  <category>
   Shirt
  </category>
  <size>
   XXL
  </size>
  <color>
   Голубой
  </color>
  <material>
   Кожа
  </material>
  <price>
   640619
  </price>
  <rating>
   2.55
  </rating>
  <reviews>
   224824
  </reviews>
  <exclusive>
   no
  </exclusive>
  <sporty>
   yes
  </sporty>
 </clothing>
 <clothing>
  <id>
   850073763
  </id>
  <name>
   Adidas Gloves N-1103
  </name>
  <category>
   Gloves
  </category>
  <size>
   S
  </size>
  <color>
   Фиолетовый
  </color>
  <material>
   Вискоза
  </material>
  <price>
   357202
  </price>
  <rating>
   3.12
  </rating>
  <reviews>
   382833
  </reviews>
  <new>
   -
  </new>
  <sporty>
   yes
  </sporty>
 </clothing>
 <clothing>
  <id>
   450475843
  </id>
  <name>
   Fila Sweater C-6066
  </name>
  <category>
   Sweater
  </category>
  <size>
   L
  </size>
  <color>
   Фиолетовый
  </color>
  <material>
   Нейлон
  </material>
  <price>
   631294
  </price>
  <rating>
   2.91
  </rating>
  <reviews>
   384802
  </reviews>
  <new>
   +
  </new>
  <sporty>
   no
  </sporty>
 </clothing>
 <clothing>
  <id>
   911812598
  </id>
  <name>
   Puma T-shirt P-2227
  </name>
  <category>
   T-shirt
  </category>
  <size>
   S
  </size>
  <color>
   Голубой
  </color>
  <material>
   Вискоза
  </material>
  <price>
   533659
  </price>
  <rating>
   2.83
  </rating>
  <reviews>
   240254
  </reviews>
  <exclusive>
   yes
  </exclusive>
  <sporty>
   yes
  </sporty>
 </clothing>
 <clothing>
  <id>
   406519990
  </id>
  <name>
   Brooks Sweater U-5783
  </name>
  <category>
   Sweater
  </category>
  <size>
   XXL
  </size>
  <color>
   Красный
  </color>
  <material>
   Хлопок
  </material>
  <price>
   786339
  </price>
  <rating>
   2.73
  </rating>
  <reviews>
   892869
  </reviews>
  <new>
   -
  </new>
  <exclusive>
   no
  </exclusive>
 </clothing>
 <clothing>
  <id>
   213882623
  </id>
  <name>
   PleinSport Skirt V-8010
  </name>
  <category>
   Skirt
  </category>
  <size>
   L
  </size>
  <color>
   Желтый
  </color>
  <material>
   Полиэстер
  </material>
  <price>
   957141
  </price>
  <rating>
   3.16
  </rating>
  <reviews>
   115830
  </reviews>
  <exclusive>
   no
  </exclusive>
 </clothing>
 <clothing>
  <id>
   649282917
  </id>
  <name>
   Brooks Sweater C-1902
  </name>
  <category>
   Sweater
  </category>
  <size>
   S
  </size>
  <color>
   Голубой
  </color>
  <material>
   Полиэстер
  </material>
  <price>
   335527
  </price>
  <rating>
   4.47
  </rating>
  <reviews>
   826266
  </reviews>
  <new>
   -
  </new>
  <exclusive>
   no
  </exclusive>
  <sporty>
   no
  </sporty>
 </clothing>
 <clothing>
  <id>
   316411652
  </id>
  <name>
   Reebok Shoes E-9999
  </name>
  <category>
   Shoes
  </category>
  <size>
   M
  </size>
  <color>
   Зеленый
  </color>
  <material>
   Нейлон
  </material>
  <price>
   763443
  </price>
  <rating>
   2.8
  </rating>
  <reviews>
   360638
  </reviews>
  <new>
   -
  </new>
  <exclusive>
   yes
  </exclusive>
  <sporty>
   yes
  </sporty>
 </clothing>
 <clothing>
  <id>
   339965687
  </id>
  <name>
   PleinSport Shoes M-8175
  </name>
  <category>
   Shoes
  </category>
  <size>
   XL
  </size>
  <color>
   Красный
  </color>
  <material>
   Лен
  </material>
  <price>
   751891
  </price>
  <rating>
   2.05
  </rating>
  <reviews>
   155758
  </reviews>
  <new>
   -
  </new>
  <sporty>
   no
  </sporty>
 </clothing>
 <clothing>
  <id>
   863772477
  </id>
  <name>
   Puma Skirt E-6951
  </name>
  <category>
   Skirt
  </category>
  <size>
   L
  </size>
  <color>
   Желтый
  </color>
  <material>
   Кожа
  </material>
  <price>
   364542
  </price>
  <rating>
   2.11
  </rating>
  <reviews>
   620924
  </reviews>
  <new>
   -
  </new>
  <exclusive>
   no
  </exclusive>
 </clothing>
 <clothing>
  <id>
   981926296
  </id>
  <name>
   Nike Dress N-3223
  </name>
  <category>
   Dress
  </category>
  <size>
   XXL
  </size>
  <color>
   Красный
  </color>
  <material>
   Кожа
  </material>
  <price>
   142456
  </price>
  <rating>
   1.92
  </rating>
  <reviews>
   34629
  </reviews>
  <new>
   +
  </new>
 </clothing>
 <clothing>
  <id>
   629547539
  </id>
  <name>
   Converse Jeans Q-5199
  </name>
  <category>
   Jeans
  </category>
  <size>
   L
  </size>
  <color>
   Красный
  </color>
  <material>
   Лен
  </material>
  <price>
   694395
  </price>
  <rating>
   4.24
  </rating>
  <reviews>
   36168
  </reviews>
  <new>
   -
  </new>
 </clothing>
 <clothing>
  <id>
   838766172
  </id>
  <name>
   PleinSport Umbrellas W-8747
  </name>
  <category>
   Umbrellas
  </category>
  <size>
   XXL
  </size>
  <color>
   Желтый
  </color>
  <material>
   Кожа
  </material>
  <price>
   822311
  </price>
  <rating>
   3.67
  </rating>
  <reviews>
   920691
  </reviews>
  <sporty>
   no
  </sporty>
 </clothing>
 <clothing>
  <id>
   408269136
  </id>
  <name>
   Addidas Belts E-6680
  </name>
  <category>
   Belts
  </category>
  <size>
   M
  </size>
  <color>
   Фиолетовый
  </color>
  <material>
   Хлопок
  </material>
  <price>
   105850
  </price>
  <rating>
   1.09
  </rating>
  <reviews>
   294789
  </reviews>
  <exclusive>
   yes
  </exclusive>
  <sporty>
   yes
  </sporty>
 </clothing>
 <clothing>
  <id>
   328874724
  </id>
  <name>
   Under Armour Hat U-2641
  </name>
  <category>
   Hat
  </category>
  <size>
   L
  </size>
  <color>
   Зеленый
  </color>
  <material>
   Шелк
  </material>
  <price>
   658342
  </price>
  <rating>
   4.13
  </rating>
  <reviews>
   332421
  </reviews>
  <new>
   +
  </new>
  <exclusive>
   no
  </exclusive>
  <sporty>
   yes
  </sporty>
 </clothing>
 <clothing>
  <id>
   846013110
  </id>
  <name>
   Brooks Umbrellas C-6759
  </name>
  <category>
   Umbrellas
  </category>
  <size>
   M
  </size>
  <color>
   Голубой
  </color>
  <material>
   Лен
  </material>
  <price>
   429291
  </price>
  <rating>
   4.58
  </rating>
  <reviews>
   716411
  </reviews>
  <exclusive>
   no
  </exclusive>
 </clothing>
 <clothing>
  <id>
   345391586
  </id>
  <name>
   Ellesse Socks H-8030
  </name>
  <category>
   Socks
  </category>
  <size>
   M
  </size>
  <color>
   Зеленый
  </color>
  <material>
   Лен
  </material>
  <price>
   779541
  </price>
  <rating>
   4.55
  </rating>
  <reviews>
   953219
  </reviews>
  <new>
   +
  </new>
  <exclusive>
   no
  </exclusive>
  <sporty>
   no
  </sporty>
 </clothing>
 <clothing>
  <id>
   771874028
  </id>
  <name>
   Addidas Pants O-1340
  </name>
  <category>
   Pants
  </category>
  <size>
   XL
  </size>
  <color>
   Красный
  </color>
  <material>
   Нейлон
  </material>
  <price>
   265266
  </price>
  <rating>
   3.89
  </rating>
  <reviews>
   912750
  </reviews>
  <exclusive>
   no
  </exclusive>
 </clothing>
 <clothing>
  <id>
   254477323
  </id>
  <name>
   Brooks Gloves P-8573
  </name>
  <category>
   Gloves
  </category>
  <size>
   M
  </size>
  <color>
   Красный
  </color>
  <material>
   Полиэстер
  </material>
  <price>
   942992
  </price>
  <rating>
   1.82
  </rating>
  <reviews>
   942327
  </reviews>
  <new>
   -
  </new>
  <exclusive>
   yes
  </exclusive>
  <sporty>
   no
  </sporty>
 </clothing>
 <clothing>
  <id>
   135360933
  </id>
  <name>
   Fila Hat Y-8041
  </name>
  <category>
   Hat
  </category>
  <size>
   XL
  </size>
  <color>
   Желтый
  </color>
  <material>
   Лен
  </material>
  <price>
   491446
  </price>
  <rating>
   1.83
  </rating>
  <reviews>
   277706
  </reviews>
 </clothing>
 <clothing>
  <id>
   533050961
  </id>
  <name>
   DC Hat G-3398
  </name>
  <category>
   Hat
  </category>
  <size>
   XL
  </size>
  <color>
   Оранжевый
  </color>
  <material>
   Полиэстер
  </material>
  <price>
   901822
  </price>
  <rating>
   2.81
  </rating>
  <reviews>
   785361
  </reviews>
  <new>
   +
  </new>
  <exclusive>
   no
  </exclusive>
  <sporty>
   yes
  </sporty>
 </clothing>
 <clothing>
  <id>
   642448086
  </id>
  <name>
   Adidas Hat Q-6703
  </name>
  <category>
   Hat
  </category>
  <size>
   XXL
  </size>
  <color>
   Оранжевый
  </color>
  <material>
   Шерсть
  </material>
  <price>
   934722
  </price>
  <rating>
   1.35
  </rating>
  <reviews>
   682025
  </reviews>
  <exclusive>
   no
  </exclusive>
  <sporty>
   yes
  </sporty>
 </clothing>
 <clothing>
  <id>
   241247453
  </id>
  <name>
   Puma Hat F-6895
  </name>
  <category>
   Hat
  </category>
  <size>
   XL
  </size>
  <color>
   Зеленый
  </color>
  <material>
   Кожа
  </material>
  <price>
   294825
  </price>
  <rating>
   3.11
  </rating>
  <reviews>
   739479
  </reviews>
  <new>
   -
  </new>
 </clothing>
 <clothing>
  <id>
   698819181
  </id>
  <name>
   Fila Jacket W-2291
  </name>
  <category>
   Jacket
  </category>
  <size>
   M
  </size>
  <color>
   Синий
  </color>
  <material>
   Вискоза
  </material>
  <price>
   710397
  </price>
  <rating>
   4.55
  </rating>
  <reviews>
   969672
  </reviews>
 </clothing>
 <clothing>
  <id>
   171701451
  </id>
  <name>
   Asics Jacket G-6658
  </name>
  <category>
   Jacket
  </category>
  <size>
   M
  </size>
  <color>
   Фиолетовый
  </color>
  <material>
   Кожа
  </material>
  <price>
   997253
  </price>
  <rating>
   3.7
  </rating>
  <reviews>
   793629
  </reviews>
  <new>
   -
  </new>
  <sporty>
   no
  </sporty>
 </clothing>
 <clothing>
  <id>
   462184210
  </id>
  <name>
   Adidas Blouse Y-5923
  </name>
  <category>
   Blouse
  </category>
  <size>
   XXL
  </size>
  <color>
   Желтый
  </color>
  <material>
   Шелк
  </material>
  <price>
   738108
  </price>
  <rating>
   3.38
  </rating>
  <reviews>
   212357
  </reviews>
  <new>
   +
  </new>
  <exclusive>
   no
  </exclusive>
 </clothing>
 <clothing>
  <id>
   749316997
  </id>
  <name>
   Asics Sweater O-3521
  </name>
  <category>
   Sweater
  </category>
  <size>
   XL
  </size>
  <color>
   Красный
  </color>
  <material>
   Шелк
  </material>
  <price>
   100308
  </price>
  <rating>
   2.58
  </rating>
  <reviews>
   938083
  </reviews>
  <exclusive>
   no
  </exclusive>
  <sporty>
   yes
  </sporty>
 </clothing>
 <clothing>
  <id>
   995835091
  </id>
  <name>
   PleinSport Jeans P-8744
  </name>
  <category>
   Jeans
  </category>
  <size>
   M
  </size>
  <color>
   Фиолетовый
  </color>
  <material>
   Лен
  </material>
  <price>
   838944
  </price>
  <rating>
   1.16
  </rating>
  <reviews>
   838230
  </reviews>
  <new>
   +
  </new>
  <sporty>
   yes
  </sporty>
 </clothing>
 <clothing>
  <id>
   201308635
  </id>
  <name>
   Adidas Shoes Z-6767
  </name>
  <category>
   Shoes
  </category>
  <size>
   XXL
  </size>
  <color>
   Желтый
  </color>
  <material>
   Нейлон
  </material>
  <price>
   747050
  </price>
  <rating>
   3.88
  </rating>
  <reviews>
   703240
  </reviews>
  <new>
   -
  </new>
 </clothing>
 <clothing>
  <id>
   416967217
  </id>
  <name>
   Puma Sweater W-1756
  </name>
  <category>
   Sweater
  </category>
  <size>
   S
  </size>
  <color>
   Оранжевый
  </color>
  <material>
   Кожа
  </material>
  <price>
   778861
  </price>
  <rating>
   4.97
  </rating>
  <reviews>
   584365
  </reviews>
  <new>
   +
  </new>
  <exclusive>
   yes
  </exclusive>
  <sporty>
   yes
  </sporty>
 </clothing>
 <clothing>
  <id>
   584720215
  </id>
  <name>
   Fila Jeans C-6772
  </name>
  <category>
   Jeans
  </category>
  <size>
   L
  </size>
  <color>
   Оранжевый
  </color>
  <material>
   Шерсть
  </material>
  <price>
   373548
  </price>
  <rating>
   3.82
  </rating>
  <reviews>
   594316
  </reviews>
  <exclusive>
   yes
  </exclusive>
  <sporty>
   yes
  </sporty>
 </clothing>
 <clothing>
  <id>
   608970390
  </id>
  <name>
   Brooks Shirt V-3516
  </name>
  <category>
   Shirt
  </category>
  <size>
   M
  </size>
  <color>
   Красный
  </color>
  <material>
   Нейлон
  </material>
  <price>
   937948
  </price>
  <rating>
   4.18
  </rating>
  <reviews>
   378361
  </reviews>
  <new>
   -
  </new>
 </clothing>
 <clothing>
  <id>
   458777465
  </id>
  <name>
   Addidas Handbags D-4373
  </name>
  <category>
   Handbags
  </category>
  <size>
   S
  </size>
  <color>
   Красный
  </color>
  <material>
   Шелк
  </material>
  <price>
   983933
  </price>
  <rating>
   1.6
  </rating>
  <reviews>
   568250
  </reviews>
  <exclusive>
   no
  </exclusive>
  <sporty>
   no
  </sporty>
 </clothing>
 <clothing>
  <id>
   746422763
  </id>
  <name>
   Puma Blouse F-2862
  </name>
  <category>
   Blouse
  </category>
  <size>
   XXL
  </size>
  <color>
   Красный
  </color>
  <material>
   Шелк
  </material>
  <price>
   246240
  </price>
  <rating>
   4.42
  </rating>
  <reviews>
   111129
  </reviews>
  <new>
   -
  </new>
  <exclusive>
   no
  </exclusive>
 </clothing>
 <clothing>
  <id>
   413569617
  </id>
  <name>
   Vans Belts F-8534
  </name>
  <category>
   Belts
  </category>
  <size>
   L
  </size>
  <color>
   Фиолетовый
  </color>
  <material>
   Шелк
  </material>
  <price>
   408600
  </price>
  <rating>
   3.89
  </rating>
  <reviews>
   321533
  </reviews>
  <new>
   +
  </new>
  <exclusive>
   yes
  </exclusive>
  <sporty>
   no
  </sporty>
 </clothing>
 <clothing>
  <id>
   103602322
  </id>
  <name>
   Puma Sweater M-7712
  </name>
  <category>
   Sweater
  </category>
  <size>
   XXL
  </size>
  <color>
   Оранжевый
  </color>
  <material>
   Вискоза
  </material>
  <price>
   206823
  </price>
  <rating>
   2.73
  </rating>
  <reviews>
   765261
  </reviews>
  <new>
   +
  </new>
  <sporty>
   yes
  </sporty>
 </clothing>
 <clothing>
  <id>
   396488678
  </id>
  <name>
   Reebok Belts E-1063
  </name>
  <category>
   Belts
  </category>
  <size>
   XL
  </size>
  <color>
   Оранжевый
  </color>
  <material>
   Шерсть
  </material>
  <price>
   409394
  </price>
  <rating>
   4.24
  </rating>
  <reviews>
   856551
  </reviews>
  <new>
   -
  </new>
 </clothing>
 <clothing>
  <id>
   543482855
  </id>
  <name>
   DC Dress Y-5680
  </name>
  <category>
   Dress
  </category>
  <size>
   XXL
  </size>
  <color>
   Синий
  </color>
  <material>
   Нейлон
  </material>
  <price>
   811127
  </price>
  <rating>
   3.16
  </rating>
  <reviews>
   342594
  </reviews>
  <exclusive>
   no
  </exclusive>
 </clothing>
 <clothing>
  <id>
   525434881
  </id>
  <name>
   DC Umbrellas A-2095
  </name>
  <category>
   Umbrellas
  </category>
  <size>
   XL
  </size>
  <color>
   Синий
  </color>
  <material>
   Лен
  </material>
  <price>
   282235
  </price>
  <rating>
   3.08
  </rating>
  <reviews>
   532037
  </reviews>
  <new>
   -
  </new>
  <exclusive>
   yes
  </exclusive>
  <sporty>
   no
  </sporty>
 </clothing>
 <clothing>
  <id>
   670795883
  </id>
  <name>
   Nike Belts O-9008
  </name>
  <category>
   Belts
  </category>
  <size>
   M
  </size>
  <color>
   Красный
  </color>
  <material>
   Шерсть
  </material>
  <price>
   172222
  </price>
  <rating>
   4.61
  </rating>
  <reviews>
   700952
  </reviews>
  <new>
   -
  </new>
  <sporty>
   no
  </sporty>
 </clothing>
 <clothing>
  <id>
   740933217
  </id>
  <name>
   Nike Gloves B-4929
  </name>
  <category>
   Gloves
  </category>
  <size>
   S
  </size>
  <color>
   Зеленый
  </color>
  <material>
   Шерсть
  </material>
  <price>
   806033
  </price>
  <rating>
   4.91
  </rating>
  <reviews>
   839394
  </reviews>
  <sporty>
   yes
  </sporty>
 </clothing>
 <clothing>
  <id>
   662925798
  </id>
  <name>
   Adidas Shoes D-7859
  </name>
  <category>
   Shoes
  </category>
  <size>
   XXL
  </size>
  <color>
   Синий
  </color>
  <material>
   Шерсть
  </material>
  <price>
   749932
  </price>
  <rating>
   3.77
  </rating>
  <reviews>
   192214
  </reviews>
  <new>
   -
  </new>
  <sporty>
   yes
  </sporty>
 </clothing>
 <clothing>
  <id>
   686853008
  </id>
  <name>
   Ellesse T-shirt Q-3567
  </name>
  <category>
   T-shirt
  </category>
  <size>
   L
  </size>
  <color>
   Красный
  </color>
  <material>
   Лен
  </material>
  <price>
   394688
  </price>
  <rating>
   4.27
  </rating>
  <reviews>
   796018
  </reviews>
  <new>
   +
  </new>
  <exclusive>
   no
  </exclusive>
 </clothing>
</clothing-items>
