<?xml version="1.0" encoding="utf-8"?>
<clothing-items>
 <clothing>
  <id>
   866583604
  </id>
  <name>
   Reebok Pants R-1250
  </name>
  <category>
   Pants
  </category>
  <size>
   S
  </size>
  <color>
   Желтый
  </color>
  <material>
   Кожа
  </material>
  <price>
   665000
  </price>
  <rating>
   3.09
  </rating>
  <reviews>
   101546
  </reviews>
  <exclusive>
   yes
  </exclusive>
  <sporty>
   no
  </sporty>
 </clothing>
 <clothing>
  <id>
   876786175
  </id>
  <name>
   Reebok Blouse Q-9742
  </name>
  <category>
   Blouse
  </category>
  <size>
   S
  </size>
  <color>
   Синий
  </color>
  <material>
   Хлопок
  </material>
  <price>
   238766
  </price>
  <rating>
   4.57
  </rating>
  <reviews>
   467494
  </reviews>
 </clothing>
 <clothing>
  <id>
   866842237
  </id>
  <name>
   New Balance Hat H-1299
  </name>
  <category>
   Hat
  </category>
  <size>
   XL
  </size>
  <color>
   Оранжевый
  </color>
  <material>
   Вискоза
  </material>
  <price>
   375791
  </price>
  <rating>
   3.28
  </rating>
  <reviews>
   939428
  </reviews>
  <exclusive>
   no
  </exclusive>
  <sporty>
   yes
  </sporty>
 </clothing>
 <clothing>
  <id>
   782647338
  </id>
  <name>
   Lacoste Umbrellas F-2762
  </name>
  <category>
   Umbrellas
  </category>
  <size>
   L
  </size>
  <color>
   Зеленый
  </color>
  <material>
   Лен
  </material>
  <price>
   603389
  </price>
  <rating>
   2.06
  </rating>
  <reviews>
   121455
  </reviews>
  <exclusive>
   no
  </exclusive>
  <sporty>
   no
  </sporty>
 </clothing>
 <clothing>
  <id>
   794404110
  </id>
  <name>
   Under Armour Skirt Y-9337
  </name>
  <category>
   Skirt
  </category>
  <size>
   S
  </size>
  <color>
   Желтый
  </color>
  <material>
   Вискоза
  </material>
  <price>
   982060
  </price>
  <rating>
   2.76
  </rating>
  <reviews>
   636772
  </reviews>
  <new>
   -
  </new>
  <exclusive>
   yes
  </exclusive>
  <sporty>
   yes
  </sporty>
 </clothing>
 <clothing>
  <id>
   222301234
  </id>
  <name>
   Reebok Belts E-1958
  </name>
  <category>
   Belts
  </category>
  <size>
   M
  </size>
  <color>
   Оранжевый
  </color>
  <material>
   Вискоза
  </material>
  <price>
   202814
  </price>
  <rating>
   2.01
  </rating>
  <reviews>
   134857
  </reviews>
  <new>
   -
  </new>
  <exclusive>
   no
  </exclusive>
 </clothing>
 <clothing>
  <id>
   400059202
  </id>
  <name>
   Under Armour Shoes Y-3470
  </name>
  <category>
   Shoes
  </category>
  <size>
   S
  </size>
  <color>
   Фиолетовый
  </color>
  <material>
   Кожа
  </material>
  <price>
   284064
  </price>
  <rating>
   4.92
  </rating>
  <reviews>
   790341
  </reviews>
  <new>
   -
  </new>
  <sporty>
   no
  </sporty>
 </clothing>
 <clothing>
  <id>
   373346085
  </id>
  <name>
   Converse Gloves P-7642
  </name>
  <category>
   Gloves
  </category>
  <size>
   XXL
  </size>
  <color>
   Красный
  </color>
  <material>
   Шелк
  </material>
  <price>
   554288
  </price>
  <rating>
   2.26
  </rating>
  <reviews>
   601812
  </reviews>
  <new>
   +
  </new>
  <exclusive>
   yes
  </exclusive>
  <sporty>
   no
  </sporty>
 </clothing>
 <clothing>
  <id>
   150741431
  </id>
  <name>
   Lacoste Handbags Z-1418
  </name>
  <category>
   Handbags
  </category>
  <size>
   XL
  </size>
  <color>
   Красный
  </color>
  <material>
   Полиэстер
  </material>
  <price>
   324289
  </price>
  <rating>
   2.32
  </rating>
  <reviews>
   210156
  </reviews>
  <new>
   +
  </new>
  <exclusive>
   no
  </exclusive>
 </clothing>
 <clothing>
  <id>
   219080087
  </id>
  <name>
   Asics Socks D-6610
  </name>
  <category>
   Socks
  </category>
  <size>
   XXL
  </size>
  <color>
   Зеленый
  </color>
  <material>
   Кожа
  </material>
  <price>
   876831
  </price>
  <rating>
   2.28
  </rating>
  <reviews>
   695965
  </reviews>
  <new>
   -
  </new>
  <sporty>
   no
  </sporty>
 </clothing>
 <clothing>
  <id>
   358890278
  </id>
  <name>
   Puma Socks V-1005
  </name>
  <category>
   Socks
  </category>
  <size>
   L
  </size>
  <color>
   Синий
  </color>
  <material>
   Хлопок
  </material>
  <price>
   581702
  </price>
  <rating>
   2.77
  </rating>
  <reviews>
   682828
  </reviews>
  <new>
   +
  </new>
  <exclusive>
   no
  </exclusive>
 </clothing>
 <clothing>
  <id>
   522858253
  </id>
  <name>
   Ellesse Blouse G-9133
  </name>
  <category>
   Blouse
  </category>
  <size>
   XL
  </size>
  <color>
   Красный
  </color>
  <material>
   Нейлон
  </material>
  <price>
   188035
  </price>
  <rating>
   1.86
  </rating>
  <reviews>
   985257
  </reviews>
  <new>
   -
  </new>
  <exclusive>
   no
  </exclusive>
  <sporty>
   yes
  </sporty>
 </clothing>
 <clothing>
  <id>
   143310745
  </id>
  <name>
   Asics Shirt S-9770
  </name>
  <category>
   Shirt
  </category>
  <size>
   XL
  </size>
  <color>
   Желтый
  </color>
  <material>
   Лен
  </material>
  <price>
   743021
  </price>
  <rating>
   1.1
  </rating>
  <reviews>
   307176
  </reviews>
  <new>
   +
  </new>
  <exclusive>
   no
  </exclusive>
 </clothing>
 <clothing>
  <id>
   436586027
  </id>
  <name>
   Reebok Shirt Z-5125
  </name>
  <category>
   Shirt
  </category>
  <size>
   XL
  </size>
  <color>
   Зеленый
  </color>
  <material>
   Полиэстер
  </material>
  <price>
   267092
  </price>
  <rating>
   3.18
  </rating>
  <reviews>
   182156
  </reviews>
  <new>
   +
  </new>
 </clothing>
 <clothing>
  <id>
   114828787
  </id>
  <name>
   Adidas T-shirt A-6855
  </name>
  <category>
   T-shirt
  </category>
  <size>
   S
  </size>
  <color>
   Красный
  </color>
  <material>
   Лен
  </material>
  <price>
   446612
  </price>
  <rating>
   2.05
  </rating>
  <reviews>
   620899
  </reviews>
  <exclusive>
   no
  </exclusive>
 </clothing>
 <clothing>
  <id>
   726572390
  </id>
  <name>
   Ellesse Jacket H-4796
  </name>
  <category>
   Jacket
  </category>
  <size>
   L
  </size>
  <color>
   Красный
  </color>
  <material>
   Полиэстер
  </material>
  <price>
   207249
  </price>
  <rating>
   2.86
  </rating>
  <reviews>
   919405
  </reviews>
  <new>
   +
  </new>
 </clothing>
 <clothing>
  <id>
   253567584
  </id>
  <name>
   Brooks Pants R-9067
  </name>
  <category>
   Pants
  </category>
  <size>
   XL
  </size>
  <color>
   Желтый
  </color>
  <material>
   Вискоза
  </material>
  <price>
   179148
  </price>
  <rating>
   3.54
  </rating>
  <reviews>
   859820
  </reviews>
  <exclusive>
   yes
  </exclusive>
 </clothing>
 <clothing>
  <id>
   541757246
  </id>
  <name>
   Vans Jeans I-7962
  </name>
  <category>
   Jeans
  </category>
  <size>
   S
  </size>
  <color>
   Желтый
  </color>
  <material>
   Полиэстер
  </material>
  <price>
   420884
  </price>
  <rating>
   4.45
  </rating>
  <reviews>
   317001
  </reviews>
  <new>
   +
  </new>
  <exclusive>
   no
  </exclusive>
  <sporty>
   yes
  </sporty>
 </clothing>
</clothing-items>
