<?xml version="1.0" encoding="utf-8"?>
<clothing-items>
 <clothing>
  <id>
   631217195
  </id>
  <name>
   Lacoste Hat P-1460
  </name>
  <category>
   Hat
  </category>
  <size>
   XXL
  </size>
  <color>
   Оранжевый
  </color>
  <material>
   Вискоза
  </material>
  <price>
   734856
  </price>
  <rating>
   1.68
  </rating>
  <reviews>
   226171
  </reviews>
  <new>
   -
  </new>
  <exclusive>
   yes
  </exclusive>
 </clothing>
 <clothing>
  <id>
   380069526
  </id>
  <name>
   Reebok Sweater I-9405
  </name>
  <category>
   Sweater
  </category>
  <size>
   XXL
  </size>
  <color>
   Синий
  </color>
  <material>
   Шелк
  </material>
  <price>
   972107
  </price>
  <rating>
   2.86
  </rating>
  <reviews>
   440123
  </reviews>
  <new>
   -
  </new>
  <exclusive>
   no
  </exclusive>
 </clothing>
 <clothing>
  <id>
   184231442
  </id>
  <name>
   PleinSport Umbrellas G-1200
  </name>
  <category>
   Umbrellas
  </category>
  <size>
   XL
  </size>
  <color>
   Фиолетовый
  </color>
  <material>
   Шерсть
  </material>
  <price>
   398163
  </price>
  <rating>
   3.54
  </rating>
  <reviews>
   33182
  </reviews>
  <new>
   +
  </new>
 </clothing>
 <clothing>
  <id>
   845555296
  </id>
  <name>
   Ellesse Jacket G-9114
  </name>
  <category>
   Jacket
  </category>
  <size>
   S
  </size>
  <color>
   Зеленый
  </color>
  <material>
   Нейлон
  </material>
  <price>
   213878
  </price>
  <rating>
   3.05
  </rating>
  <reviews>
   67806
  </reviews>
  <new>
   +
  </new>
  <exclusive>
   yes
  </exclusive>
 </clothing>
 <clothing>
  <id>
   823438687
  </id>
  <name>
   Addidas Skirt I-4365
  </name>
  <category>
   Skirt
  </category>
  <size>
   S
  </size>
  <color>
   Фиолетовый
  </color>
  <material>
   Хлопок
  </material>
  <price>
   107525
  </price>
  <rating>
   3.1
  </rating>
  <reviews>
   967070
  </reviews>
  <new>
   -
  </new>
  <exclusive>
   yes
  </exclusive>
 </clothing>
 <clothing>
  <id>
   677024362
  </id>
  <name>
   Asics Umbrellas L-3961
  </name>
  <category>
   Umbrellas
  </category>
  <size>
   XL
  </size>
  <color>
   Желтый
  </color>
  <material>
   Лен
  </material>
  <price>
   787038
  </price>
  <rating>
   2.09
  </rating>
  <reviews>
   185646
  </reviews>
  <exclusive>
   yes
  </exclusive>
 </clothing>
 <clothing>
  <id>
   368618848
  </id>
  <name>
   Brooks Belts Z-6569
  </name>
  <category>
   Belts
  </category>
  <size>
   M
  </size>
  <color>
   Голубой
  </color>
  <material>
   Вискоза
  </material>
  <price>
   647141
  </price>
  <rating>
   4.06
  </rating>
  <reviews>
   199139
  </reviews>
  <new>
   -
  </new>
  <exclusive>
   no
  </exclusive>
 </clothing>
 <clothing>
  <id>
   270691135
  </id>
  <name>
   Adidas Belts Q-2543
  </name>
  <category>
   Belts
  </category>
  <size>
   XXL
  </size>
  <color>
   Синий
  </color>
  <material>
   Лен
  </material>
  <price>
   435649
  </price>
  <rating>
   3.72
  </rating>
  <reviews>
   265813
  </reviews>
  <new>
   +
  </new>
  <exclusive>
   no
  </exclusive>
  <sporty>
   no
  </sporty>
 </clothing>
 <clothing>
  <id>
   937354856
  </id>
  <name>
   Ellesse Socks L-3237
  </name>
  <category>
   Socks
  </category>
  <size>
   S
  </size>
  <color>
   Желтый
  </color>
  <material>
   Полиэстер
  </material>
  <price>
   818201
  </price>
  <rating>
   4.11
  </rating>
  <reviews>
   719124
  </reviews>
  <exclusive>
   no
  </exclusive>
  <sporty>
   yes
  </sporty>
 </clothing>
 <clothing>
  <id>
   646872635
  </id>
  <name>
   DC Socks D-5805
  </name>
  <category>
   Socks
  </category>
  <size>
   L
  </size>
  <color>
   Желтый
  </color>
  <material>
   Полиэстер
  </material>
  <price>
   929091
  </price>
  <rating>
   1.74
  </rating>
  <reviews>
   86096
  </reviews>
  <new>
   -
  </new>
  <sporty>
   no
  </sporty>
 </clothing>
 <clothing>
  <id>
   937426977
  </id>
  <name>
   Nike Pants O-6896
  </name>
  <category>
   Pants
  </category>
  <size>
   M
  </size>
  <color>
   Желтый
  </color>
  <material>
   Хлопок
  </material>
  <price>
   989741
  </price>
  <rating>
   3.81
  </rating>
  <reviews>
   764737
  </reviews>
  <new>
   +
  </new>
  <exclusive>
   no
  </exclusive>
  <sporty>
   yes
  </sporty>
 </clothing>
 <clothing>
  <id>
   391373636
  </id>
  <name>
   Brooks Blouse H-8106
  </name>
  <category>
   Blouse
  </category>
  <size>
   S
  </size>
  <color>
   Зеленый
  </color>
  <material>
   Шелк
  </material>
  <price>
   476518
  </price>
  <rating>
   2.25
  </rating>
  <reviews>
   2269
  </reviews>
  <exclusive>
   yes
  </exclusive>
 </clothing>
 <clothing>
  <id>
   277595208
  </id>
  <name>
   Puma Pants B-6168
  </name>
  <category>
   Pants
  </category>
  <size>
   S
  </size>
  <color>
   Оранжевый
  </color>
  <material>
   Шерсть
  </material>
  <price>
   484378
  </price>
  <rating>
   1.72
  </rating>
  <reviews>
   609908
  </reviews>
  <new>
   -
  </new>
  <exclusive>
   yes
  </exclusive>
  <sporty>
   no
  </sporty>
 </clothing>
 <clothing>
  <id>
   551997710
  </id>
  <name>
   Brooks Blouse D-6210
  </name>
  <category>
   Blouse
  </category>
  <size>
   XXL
  </size>
  <color>
   Фиолетовый
  </color>
  <material>
   Кожа
  </material>
  <price>
   775947
  </price>
  <rating>
   3.43
  </rating>
  <reviews>
   883947
  </reviews>
  <exclusive>
   yes
  </exclusive>
  <sporty>
   yes
  </sporty>
 </clothing>
 <clothing>
  <id>
   863324172
  </id>
  <name>
   DC Umbrellas X-3577
  </name>
  <category>
   Umbrellas
  </category>
  <size>
   S
  </size>
  <color>
   Желтый
  </color>
  <material>
   Шелк
  </material>
  <price>
   656575
  </price>
  <rating>
   3.44
  </rating>
  <reviews>
   784225
  </reviews>
  <new>
   -
  </new>
  <exclusive>
   yes
  </exclusive>
 </clothing>
 <clothing>
  <id>
   873285184
  </id>
  <name>
   Nike Socks Z-8588
  </name>
  <category>
   Socks
  </category>
  <size>
   XL
  </size>
  <color>
   Голубой
  </color>
  <material>
   Хлопок
  </material>
  <price>
   937011
  </price>
  <rating>
   4.51
  </rating>
  <reviews>
   411028
  </reviews>
  <new>
   -
  </new>
 </clothing>
 <clothing>
  <id>
   870802024
  </id>
  <name>
   Converse Socks U-5115
  </name>
  <category>
   Socks
  </category>
  <size>
   XXL
  </size>
  <color>
   Синий
  </color>
  <material>
   Хлопок
  </material>
  <price>
   164655
  </price>
  <rating>
   4.71
  </rating>
  <reviews>
   646614
  </reviews>
  <new>
   +
  </new>
  <exclusive>
   yes
  </exclusive>
 </clothing>
 <clothing>
  <id>
   951993063
  </id>
  <name>
   Lacoste Skirt Z-1504
  </name>
  <category>
   Skirt
  </category>
  <size>
   XL
  </size>
  <color>
   Голубой
  </color>
  <material>
   Полиэстер
  </material>
  <price>
   527428
  </price>
  <rating>
   3.27
  </rating>
  <reviews>
   75246
  </reviews>
  <exclusive>
   yes
  </exclusive>
  <sporty>
   yes
  </sporty>
 </clothing>
 <clothing>
  <id>
   103901668
  </id>
  <name>
   New Balance Pants X-9824
  </name>
  <category>
   Pants
  </category>
  <size>
   XXL
  </size>
  <color>
   Фиолетовый
  </color>
  <material>
   Нейлон
  </material>
  <price>
   787937
  </price>
  <rating>
   3.34
  </rating>
  <reviews>
   584372
  </reviews>
  <new>
   -
  </new>
  <exclusive>
   no
  </exclusive>
 </clothing>
 <clothing>
  <id>
   213453019
  </id>
  <name>
   New Balance Pants N-5055
  </name>
  <category>
   Pants
  </category>
  <size>
   XXL
  </size>
  <color>
   Зеленый
  </color>
  <material>
   Хлопок
  </material>
  <price>
   498821
  </price>
  <rating>
   3.46
  </rating>
  <reviews>
   757153
  </reviews>
  <exclusive>
   no
  </exclusive>
  <sporty>
   yes
  </sporty>
 </clothing>
 <clothing>
  <id>
   351537988
  </id>
  <name>
   Converse Pants S-7453
  </name>
  <category>
   Pants
  </category>
  <size>
   L
  </size>
  <color>
   Голубой
  </color>
  <material>
   Нейлон
  </material>
  <price>
   387983
  </price>
  <rating>
   2.18
  </rating>
  <reviews>
   2208
  </reviews>
  <exclusive>
   no
  </exclusive>
  <sporty>
   no
  </sporty>
 </clothing>
 <clothing>
  <id>
   525050359
  </id>
  <name>
   Nike Shoes L-3929
  </name>
  <category>
   Shoes
  </category>
  <size>
   XXL
  </size>
  <color>
   Зеленый
  </color>
  <material>
   Хлопок
  </material>
  <price>
   573868
  </price>
  <rating>
   4.03
  </rating>
  <reviews>
   713232
  </reviews>
  <exclusive>
   yes
  </exclusive>
  <sporty>
   no
  </sporty>
 </clothing>
 <clothing>
  <id>
   232245903
  </id>
  <name>
   Adidas Sweater Y-8401
  </name>
  <category>
   Sweater
  </category>
  <size>
   M
  </size>
  <color>
   Зеленый
  </color>
  <material>
   Полиэстер
  </material>
  <price>
   108519
  </price>
  <rating>
   4.15
  </rating>
  <reviews>
   577461
  </reviews>
  <new>
   +
  </new>
 </clothing>
 <clothing>
  <id>
   643960958
  </id>
  <name>
   Adidas Hat Y-3310
  </name>
  <category>
   Hat
  </category>
  <size>
   M
  </size>
  <color>
   Оранжевый
  </color>
  <material>
   Вискоза
  </material>
  <price>
   918694
  </price>
  <rating>
   1.19
  </rating>
  <reviews>
   49800
  </reviews>
  <new>
   +
  </new>
  <exclusive>
   yes
  </exclusive>
  <sporty>
   no
  </sporty>
 </clothing>
 <clothing>
  <id>
   422483990
  </id>
  <name>
   PleinSport T-shirt Z-6993
  </name>
  <category>
   T-shirt
  </category>
  <size>
   M
  </size>
  <color>
   Красный
  </color>
  <material>
   Шелк
  </material>
  <price>
   635301
  </price>
  <rating>
   4.16
  </rating>
  <reviews>
   521084
  </reviews>
  <new>
   -
  </new>
  <exclusive>
   yes
  </exclusive>
 </clothing>
 <clothing>
  <id>
   759555503
  </id>
  <name>
   New Balance Hat C-3902
  </name>
  <category>
   Hat
  </category>
  <size>
   M
  </size>
  <color>
   Фиолетовый
  </color>
  <material>
   Шелк
  </material>
  <price>
   641358
  </price>
  <rating>
   3.15
  </rating>
  <reviews>
   5871
  </reviews>
  <exclusive>
   no
  </exclusive>
 </clothing>
 <clothing>
  <id>
   241927448
  </id>
  <name>
   Brooks Hat J-5738
  </name>
  <category>
   Hat
  </category>
  <size>
   L
  </size>
  <color>
   Желтый
  </color>
  <material>
   Вискоза
  </material>
  <price>
   800780
  </price>
  <rating>
   4.55
  </rating>
  <reviews>
   988332
  </reviews>
  <new>
   -
  </new>
 </clothing>
 <clothing>
  <id>
   828194461
  </id>
  <name>
   Puma Shirt O-7909
  </name>
  <category>
   Shirt
  </category>
  <size>
   S
  </size>
  <color>
   Желтый
  </color>
  <material>
   Шелк
  </material>
  <price>
   408495
  </price>
  <rating>
   1.64
  </rating>
  <reviews>
   14100
  </reviews>
  <new>
   +
  </new>
  <sporty>
   yes
  </sporty>
 </clothing>
 <clothing>
  <id>
   425704757
  </id>
  <name>
   Converse Socks T-3382
  </name>
  <category>
   Socks
  </category>
  <size>
   M
  </size>
  <color>
   Красный
  </color>
  <material>
   Шерсть
  </material>
  <price>
   121935
  </price>
  <rating>
   1.1
  </rating>
  <reviews>
   119686
  </reviews>
  <new>
   -
  </new>
  <sporty>
   no
  </sporty>
 </clothing>
</clothing-items>
