<?xml version="1.0" encoding="utf-8"?>
<clothing-items>
 <clothing>
  <id>
   314468792
  </id>
  <name>
   Brooks Belts L-7865
  </name>
  <category>
   Belts
  </category>
  <size>
   L
  </size>
  <color>
   Синий
  </color>
  <material>
   Лен
  </material>
  <price>
   900903
  </price>
  <rating>
   4.96
  </rating>
  <reviews>
   347820
  </reviews>
  <new>
   -
  </new>
 </clothing>
 <clothing>
  <id>
   191265736
  </id>
  <name>
   Under Armour Belts B-4471
  </name>
  <category>
   Belts
  </category>
  <size>
   XL
  </size>
  <color>
   Оранжевый
  </color>
  <material>
   Шелк
  </material>
  <price>
   539392
  </price>
  <rating>
   4.68
  </rating>
  <reviews>
   972069
  </reviews>
  <new>
   -
  </new>
  <exclusive>
   no
  </exclusive>
  <sporty>
   no
  </sporty>
 </clothing>
 <clothing>
  <id>
   289932649
  </id>
  <name>
   PleinSport Gloves A-4014
  </name>
  <category>
   Gloves
  </category>
  <size>
   XXL
  </size>
  <color>
   Желтый
  </color>
  <material>
   Шелк
  </material>
  <price>
   854591
  </price>
  <rating>
   4.4
  </rating>
  <reviews>
   369270
  </reviews>
  <new>
   -
  </new>
  <exclusive>
   yes
  </exclusive>
 </clothing>
 <clothing>
  <id>
   833490959
  </id>
  <name>
   Nike Dress O-6362
  </name>
  <category>
   Dress
  </category>
  <size>
   XL
  </size>
  <color>
   Оранжевый
  </color>
  <material>
   Полиэстер
  </material>
  <price>
   886396
  </price>
  <rating>
   1.84
  </rating>
  <reviews>
   584183
  </reviews>
  <new>
   -
  </new>
  <exclusive>
   no
  </exclusive>
 </clothing>
 <clothing>
  <id>
   475474071
  </id>
  <name>
   DC Hat N-3457
  </name>
  <category>
   Hat
  </category>
  <size>
   S
  </size>
  <color>
   Красный
  </color>
  <material>
   Вискоза
  </material>
  <price>
   270304
  </price>
  <rating>
   3.29
  </rating>
  <reviews>
   377063
  </reviews>
  <sporty>
   no
  </sporty>
 </clothing>
 <clothing>
  <id>
   514785908
  </id>
  <name>
   Nike Skirt E-6396
  </name>
  <category>
   Skirt
  </category>
  <size>
   S
  </size>
  <color>
   Оранжевый
  </color>
  <material>
   Лен
  </material>
  <price>
   229172
  </price>
  <rating>
   3.09
  </rating>
  <reviews>
   8238
  </reviews>
  <new>
   -
  </new>
  <exclusive>
   no
  </exclusive>
  <sporty>
   yes
  </sporty>
 </clothing>
 <clothing>
  <id>
   355807375
  </id>
  <name>
   Puma Blouse Q-6172
  </name>
  <category>
   Blouse
  </category>
  <size>
   XL
  </size>
  <color>
   Оранжевый
  </color>
  <material>
   Шерсть
  </material>
  <price>
   263810
  </price>
  <rating>
   4.47
  </rating>
  <reviews>
   496549
  </reviews>
  <sporty>
   no
  </sporty>
 </clothing>
 <clothing>
  <id>
   773136670
  </id>
  <name>
   Nike Jacket I-1743
  </name>
  <category>
   Jacket
  </category>
  <size>
   M
  </size>
  <color>
   Оранжевый
  </color>
  <material>
   Шелк
  </material>
  <price>
   322935
  </price>
  <rating>
   1.93
  </rating>
  <reviews>
   358243
  </reviews>
  <sporty>
   no
  </sporty>
 </clothing>
 <clothing>
  <id>
   697301471
  </id>
  <name>
   Asics Jacket M-4040
  </name>
  <category>
   Jacket
  </category>
  <size>
   S
  </size>
  <color>
   Зеленый
  </color>
  <material>
   Кожа
  </material>
  <price>
   478122
  </price>
  <rating>
   3.91
  </rating>
  <reviews>
   45597
  </reviews>
  <new>
   +
  </new>
  <sporty>
   yes
  </sporty>
 </clothing>
 <clothing>
  <id>
   965868158
  </id>
  <name>
   Asics T-shirt I-9818
  </name>
  <category>
   T-shirt
  </category>
  <size>
   XL
  </size>
  <color>
   Оранжевый
  </color>
  <material>
   Кожа
  </material>
  <price>
   154998
  </price>
  <rating>
   4.91
  </rating>
  <reviews>
   824772
  </reviews>
  <exclusive>
   yes
  </exclusive>
  <sporty>
   yes
  </sporty>
 </clothing>
 <clothing>
  <id>
   113925456
  </id>
  <name>
   Reebok Shirt E-9842
  </name>
  <category>
   Shirt
  </category>
  <size>
   XL
  </size>
  <color>
   Красный
  </color>
  <material>
   Лен
  </material>
  <price>
   153593
  </price>
  <rating>
   2.32
  </rating>
  <reviews>
   83015
  </reviews>
 </clothing>
 <clothing>
  <id>
   648046412
  </id>
  <name>
   Puma Hat L-5112
  </name>
  <category>
   Hat
  </category>
  <size>
   XL
  </size>
  <color>
   Фиолетовый
  </color>
  <material>
   Шерсть
  </material>
  <price>
   807428
  </price>
  <rating>
   1.05
  </rating>
  <reviews>
   142324
  </reviews>
  <new>
   +
  </new>
  <exclusive>
   no
  </exclusive>
 </clothing>
 <clothing>
  <id>
   190788697
  </id>
  <name>
   Under Armour Shirt G-2657
  </name>
  <category>
   Shirt
  </category>
  <size>
   XL
  </size>
  <color>
   Зеленый
  </color>
  <material>
   Вискоза
  </material>
  <price>
   945803
  </price>
  <rating>
   4.64
  </rating>
  <reviews>
   830411
  </reviews>
  <new>
   +
  </new>
  <exclusive>
   no
  </exclusive>
  <sporty>
   yes
  </sporty>
 </clothing>
 <clothing>
  <id>
   544434239
  </id>
  <name>
   Adidas Socks M-9939
  </name>
  <category>
   Socks
  </category>
  <size>
   M
  </size>
  <color>
   Фиолетовый
  </color>
  <material>
   Хлопок
  </material>
  <price>
   392206
  </price>
  <rating>
   4.6
  </rating>
  <reviews>
   34690
  </reviews>
  <new>
   -
  </new>
  <exclusive>
   yes
  </exclusive>
 </clothing>
 <clothing>
  <id>
   634143890
  </id>
  <name>
   Adidas Dress H-2105
  </name>
  <category>
   Dress
  </category>
  <size>
   XL
  </size>
  <color>
   Красный
  </color>
  <material>
   Хлопок
  </material>
  <price>
   989270
  </price>
  <rating>
   2.43
  </rating>
  <reviews>
   56423
  </reviews>
  <new>
   -
  </new>
  <exclusive>
   no
  </exclusive>
 </clothing>
 <clothing>
  <id>
   569141657
  </id>
  <name>
   Converse Umbrellas V-9519
  </name>
  <category>
   Umbrellas
  </category>
  <size>
   XXL
  </size>
  <color>
   Зеленый
  </color>
  <material>
   Вискоза
  </material>
  <price>
   563166
  </price>
  <rating>
   3.63
  </rating>
  <reviews>
   623415
  </reviews>
  <new>
   +
  </new>
 </clothing>
 <clothing>
  <id>
   400124300
  </id>
  <name>
   Converse Jacket N-6401
  </name>
  <category>
   Jacket
  </category>
  <size>
   S
  </size>
  <color>
   Фиолетовый
  </color>
  <material>
   Хлопок
  </material>
  <price>
   270423
  </price>
  <rating>
   1.91
  </rating>
  <reviews>
   477290
  </reviews>
  <exclusive>
   no
  </exclusive>
  <sporty>
   no
  </sporty>
 </clothing>
 <clothing>
  <id>
   262607502
  </id>
  <name>
   Ellesse Shoes M-6252
  </name>
  <category>
   Shoes
  </category>
  <size>
   L
  </size>
  <color>
   Синий
  </color>
  <material>
   Хлопок
  </material>
  <price>
   437022
  </price>
  <rating>
   3.6
  </rating>
  <reviews>
   417341
  </reviews>
  <exclusive>
   yes
  </exclusive>
  <sporty>
   no
  </sporty>
 </clothing>
 <clothing>
  <id>
   659583656
  </id>
  <name>
   Converse Belts P-8865
  </name>
  <category>
   Belts
  </category>
  <size>
   XXL
  </size>
  <color>
   Синий
  </color>
  <material>
   Шелк
  </material>
  <price>
   398933
  </price>
  <rating>
   2.08
  </rating>
  <reviews>
   71944
  </reviews>
  <new>
   -
  </new>
  <sporty>
   no
  </sporty>
 </clothing>
 <clothing>
  <id>
   796797775
  </id>
  <name>
   Converse Hat P-3429
  </name>
  <category>
   Hat
  </category>
  <size>
   XL
  </size>
  <color>
   Голубой
  </color>
  <material>
   Лен
  </material>
  <price>
   589183
  </price>
  <rating>
   2.93
  </rating>
  <reviews>
   707307
  </reviews>
  <exclusive>
   no
  </exclusive>
  <sporty>
   yes
  </sporty>
 </clothing>
 <clothing>
  <id>
   701978518
  </id>
  <name>
   Brooks Dress S-7706
  </name>
  <category>
   Dress
  </category>
  <size>
   XL
  </size>
  <color>
   Голубой
  </color>
  <material>
   Полиэстер
  </material>
  <price>
   463527
  </price>
  <rating>
   1.04
  </rating>
  <reviews>
   73021
  </reviews>
  <new>
   -
  </new>
  <sporty>
   no
  </sporty>
 </clothing>
 <clothing>
  <id>
   671829555
  </id>
  <name>
   Nike Jeans M-4754
  </name>
  <category>
   Jeans
  </category>
  <size>
   XL
  </size>
  <color>
   Красный
  </color>
  <material>
   Хлопок
  </material>
  <price>
   616261
  </price>
  <rating>
   4.09
  </rating>
  <reviews>
   872046
  </reviews>
  <exclusive>
   no
  </exclusive>
  <sporty>
   no
  </sporty>
 </clothing>
 <clothing>
  <id>
   877934873
  </id>
  <name>
   Nike Dress E-6340
  </name>
  <category>
   Dress
  </category>
  <size>
   XL
  </size>
  <color>
   Фиолетовый
  </color>
  <material>
   Шелк
  </material>
  <price>
   631831
  </price>
  <rating>
   1.59
  </rating>
  <reviews>
   609893
  </reviews>
  <sporty>
   no
  </sporty>
 </clothing>
 <clothing>
  <id>
   192065933
  </id>
  <name>
   Addidas Pants N-4472
  </name>
  <category>
   Pants
  </category>
  <size>
   S
  </size>
  <color>
   Синий
  </color>
  <material>
   Шерсть
  </material>
  <price>
   518360
  </price>
  <rating>
   2.75
  </rating>
  <reviews>
   617152
  </reviews>
  <new>
   -
  </new>
  <sporty>
   yes
  </sporty>
 </clothing>
 <clothing>
  <id>
   625393339
  </id>
  <name>
   Under Armour Shoes X-9326
  </name>
  <category>
   Shoes
  </category>
  <size>
   M
  </size>
  <color>
   Красный
  </color>
  <material>
   Кожа
  </material>
  <price>
   376845
  </price>
  <rating>
   4.72
  </rating>
  <reviews>
   34438
  </reviews>
  <exclusive>
   no
  </exclusive>
  <sporty>
   no
  </sporty>
 </clothing>
</clothing-items>
