<?xml version="1.0" encoding="utf-8"?>
<clothing-items>
 <clothing>
  <id>
   657458953
  </id>
  <name>
   Under Armour Dress W-5155
  </name>
  <category>
   Dress
  </category>
  <size>
   S
  </size>
  <color>
   Желтый
  </color>
  <material>
   Шелк
  </material>
  <price>
   681000
  </price>
  <rating>
   2.0
  </rating>
  <reviews>
   898548
  </reviews>
  <new>
   -
  </new>
  <exclusive>
   no
  </exclusive>
  <sporty>
   no
  </sporty>
 </clothing>
 <clothing>
  <id>
   233240541
  </id>
  <name>
   Vans Pants G-6561
  </name>
  <category>
   Pants
  </category>
  <size>
   M
  </size>
  <color>
   Желтый
  </color>
  <material>
   Лен
  </material>
  <price>
   457170
  </price>
  <rating>
   4.19
  </rating>
  <reviews>
   878130
  </reviews>
  <new>
   -
  </new>
  <exclusive>
   yes
  </exclusive>
  <sporty>
   yes
  </sporty>
 </clothing>
 <clothing>
  <id>
   446930775
  </id>
  <name>
   Adidas Belts J-1225
  </name>
  <category>
   Belts
  </category>
  <size>
   XL
  </size>
  <color>
   Фиолетовый
  </color>
  <material>
   Лен
  </material>
  <price>
   659685
  </price>
  <rating>
   4.1
  </rating>
  <reviews>
   84248
  </reviews>
  <exclusive>
   no
  </exclusive>
  <sporty>
   yes
  </sporty>
 </clothing>
 <clothing>
  <id>
   455698557
  </id>
  <name>
   Fila Jacket V-6233
  </name>
  <category>
   Jacket
  </category>
  <size>
   L
  </size>
  <color>
   Желтый
  </color>
  <material>
   Нейлон
  </material>
  <price>
   605890
  </price>
  <rating>
   1.44
  </rating>
  <reviews>
   268513
  </reviews>
  <new>
   -
  </new>
  <exclusive>
   no
  </exclusive>
 </clothing>
 <clothing>
  <id>
   106556576
  </id>
  <name>
   Adidas T-shirt N-5047
  </name>
  <category>
   T-shirt
  </category>
  <size>
   L
  </size>
  <color>
   Голубой
  </color>
  <material>
   Нейлон
  </material>
  <price>
   939787
  </price>
  <rating>
   3.74
  </rating>
  <reviews>
   895750
  </reviews>
  <exclusive>
   no
  </exclusive>
  <sporty>
   yes
  </sporty>
 </clothing>
 <clothing>
  <id>
   233763590
  </id>
  <name>
   Fila Belts C-7693
  </name>
  <category>
   Belts
  </category>
  <size>
   XXL
  </size>
  <color>
   Фиолетовый
  </color>
  <material>
   Вискоза
  </material>
  <price>
   984561
  </price>
  <rating>
   4.09
  </rating>
  <reviews>
   470561
  </reviews>
  <exclusive>
   no
  </exclusive>
  <sporty>
   no
  </sporty>
 </clothing>
 <clothing>
  <id>
   162234311
  </id>
  <name>
   New Balance Jeans Y-7169
  </name>
  <category>
   Jeans
  </category>
  <size>
   XL
  </size>
  <color>
   Желтый
  </color>
  <material>
   Полиэстер
  </material>
  <price>
   714947
  </price>
  <rating>
   3.49
  </rating>
  <reviews>
   931094
  </reviews>
  <new>
   +
  </new>
 </clothing>
 <clothing>
  <id>
   486455523
  </id>
  <name>
   Vans Belts L-6382
  </name>
  <category>
   Belts
  </category>
  <size>
   M
  </size>
  <color>
   Фиолетовый
  </color>
  <material>
   Хлопок
  </material>
  <price>
   810261
  </price>
  <rating>
   3.14
  </rating>
  <reviews>
   97003
  </reviews>
  <new>
   +
  </new>
  <exclusive>
   yes
  </exclusive>
  <sporty>
   yes
  </sporty>
 </clothing>
 <clothing>
  <id>
   496136718
  </id>
  <name>
   Addidas Shirt C-3300
  </name>
  <category>
   Shirt
  </category>
  <size>
   L
  </size>
  <color>
   Зеленый
  </color>
  <material>
   Кожа
  </material>
  <price>
   443695
  </price>
  <rating>
   3.46
  </rating>
  <reviews>
   835198
  </reviews>
  <new>
   -
  </new>
  <exclusive>
   yes
  </exclusive>
  <sporty>
   no
  </sporty>
 </clothing>
 <clothing>
  <id>
   180149921
  </id>
  <name>
   Ellesse T-shirt Z-3737
  </name>
  <category>
   T-shirt
  </category>
  <size>
   XL
  </size>
  <color>
   Зеленый
  </color>
  <material>
   Кожа
  </material>
  <price>
   439003
  </price>
  <rating>
   2.34
  </rating>
  <reviews>
   651907
  </reviews>
 </clothing>
 <clothing>
  <id>
   423093058
  </id>
  <name>
   Reebok Shoes M-8212
  </name>
  <category>
   Shoes
  </category>
  <size>
   XXL
  </size>
  <color>
   Фиолетовый
  </color>
  <material>
   Шелк
  </material>
  <price>
   724392
  </price>
  <rating>
   3.12
  </rating>
  <reviews>
   94501
  </reviews>
  <new>
   -
  </new>
  <sporty>
   yes
  </sporty>
 </clothing>
 <clothing>
  <id>
   769707917
  </id>
  <name>
   DC Belts Q-6528
  </name>
  <category>
   Belts
  </category>
  <size>
   XXL
  </size>
  <color>
   Фиолетовый
  </color>
  <material>
   Хлопок
  </material>
  <price>
   842471
  </price>
  <rating>
   4.33
  </rating>
  <reviews>
   840896
  </reviews>
  <new>
   +
  </new>
 </clothing>
 <clothing>
  <id>
   763450093
  </id>
  <name>
   Converse Sweater W-4140
  </name>
  <category>
   Sweater
  </category>
  <size>
   XXL
  </size>
  <color>
   Фиолетовый
  </color>
  <material>
   Шелк
  </material>
  <price>
   724175
  </price>
  <rating>
   2.74
  </rating>
  <reviews>
   832751
  </reviews>
  <exclusive>
   no
  </exclusive>
 </clothing>
 <clothing>
  <id>
   742413826
  </id>
  <name>
   DC Handbags N-6127
  </name>
  <category>
   Handbags
  </category>
  <size>
   S
  </size>
  <color>
   Фиолетовый
  </color>
  <material>
   Шелк
  </material>
  <price>
   583597
  </price>
  <rating>
   1.9
  </rating>
  <reviews>
   755204
  </reviews>
  <exclusive>
   no
  </exclusive>
 </clothing>
 <clothing>
  <id>
   305595404
  </id>
  <name>
   Puma Jacket V-4419
  </name>
  <category>
   Jacket
  </category>
  <size>
   XL
  </size>
  <color>
   Фиолетовый
  </color>
  <material>
   Кожа
  </material>
  <price>
   572304
  </price>
  <rating>
   2.53
  </rating>
  <reviews>
   131698
  </reviews>
  <sporty>
   no
  </sporty>
 </clothing>
 <clothing>
  <id>
   150761990
  </id>
  <name>
   Under Armour Hat H-2068
  </name>
  <category>
   Hat
  </category>
  <size>
   XXL
  </size>
  <color>
   Желтый
  </color>
  <material>
   Полиэстер
  </material>
  <price>
   919413
  </price>
  <rating>
   3.34
  </rating>
  <reviews>
   719139
  </reviews>
  <new>
   +
  </new>
  <exclusive>
   yes
  </exclusive>
  <sporty>
   yes
  </sporty>
 </clothing>
 <clothing>
  <id>
   710377968
  </id>
  <name>
   Vans Skirt D-1957
  </name>
  <category>
   Skirt
  </category>
  <size>
   M
  </size>
  <color>
   Фиолетовый
  </color>
  <material>
   Шерсть
  </material>
  <price>
   789153
  </price>
  <rating>
   2.28
  </rating>
  <reviews>
   698780
  </reviews>
  <new>
   -
  </new>
  <sporty>
   no
  </sporty>
 </clothing>
 <clothing>
  <id>
   718118818
  </id>
  <name>
   Nike Dress U-1421
  </name>
  <category>
   Dress
  </category>
  <size>
   M
  </size>
  <color>
   Желтый
  </color>
  <material>
   Нейлон
  </material>
  <price>
   406708
  </price>
  <rating>
   3.61
  </rating>
  <reviews>
   367532
  </reviews>
  <new>
   -
  </new>
  <sporty>
   no
  </sporty>
 </clothing>
 <clothing>
  <id>
   270621452
  </id>
  <name>
   Ellesse Handbags W-2340
  </name>
  <category>
   Handbags
  </category>
  <size>
   S
  </size>
  <color>
   Зеленый
  </color>
  <material>
   Хлопок
  </material>
  <price>
   655712
  </price>
  <rating>
   3.32
  </rating>
  <reviews>
   481218
  </reviews>
  <new>
   +
  </new>
  <exclusive>
   no
  </exclusive>
  <sporty>
   no
  </sporty>
 </clothing>
 <clothing>
  <id>
   161286221
  </id>
  <name>
   PleinSport Socks Q-7138
  </name>
  <category>
   Socks
  </category>
  <size>
   L
  </size>
  <color>
   Красный
  </color>
  <material>
   Кожа
  </material>
  <price>
   850024
  </price>
  <rating>
   3.17
  </rating>
  <reviews>
   410640
  </reviews>
  <new>
   -
  </new>
  <sporty>
   no
  </sporty>
 </clothing>
 <clothing>
  <id>
   964501204
  </id>
  <name>
   Nike Jacket T-4561
  </name>
  <category>
   Jacket
  </category>
  <size>
   L
  </size>
  <color>
   Голубой
  </color>
  <material>
   Лен
  </material>
  <price>
   953721
  </price>
  <rating>
   4.23
  </rating>
  <reviews>
   672371
  </reviews>
  <exclusive>
   no
  </exclusive>
 </clothing>
 <clothing>
  <id>
   473135971
  </id>
  <name>
   PleinSport Hat R-4720
  </name>
  <category>
   Hat
  </category>
  <size>
   S
  </size>
  <color>
   Красный
  </color>
  <material>
   Полиэстер
  </material>
  <price>
   873225
  </price>
  <rating>
   1.73
  </rating>
  <reviews>
   47453
  </reviews>
  <new>
   -
  </new>
 </clothing>
 <clothing>
  <id>
   397969831
  </id>
  <name>
   Nike Handbags K-9351
  </name>
  <category>
   Handbags
  </category>
  <size>
   S
  </size>
  <color>
   Зеленый
  </color>
  <material>
   Шерсть
  </material>
  <price>
   802832
  </price>
  <rating>
   3.85
  </rating>
  <reviews>
   275189
  </reviews>
  <new>
   -
  </new>
 </clothing>
 <clothing>
  <id>
   854974978
  </id>
  <name>
   Fila Gloves J-2161
  </name>
  <category>
   Gloves
  </category>
  <size>
   XL
  </size>
  <color>
   Голубой
  </color>
  <material>
   Шерсть
  </material>
  <price>
   586224
  </price>
  <rating>
   4.83
  </rating>
  <reviews>
   587388
  </reviews>
  <new>
   +
  </new>
  <exclusive>
   no
  </exclusive>
  <sporty>
   yes
  </sporty>
 </clothing>
 <clothing>
  <id>
   898140679
  </id>
  <name>
   Nike Pants B-1899
  </name>
  <category>
   Pants
  </category>
  <size>
   L
  </size>
  <color>
   Оранжевый
  </color>
  <material>
   Нейлон
  </material>
  <price>
   788131
  </price>
  <rating>
   2.04
  </rating>
  <reviews>
   257779
  </reviews>
  <new>
   -
  </new>
 </clothing>
 <clothing>
  <id>
   617203112
  </id>
  <name>
   PleinSport Shoes R-7176
  </name>
  <category>
   Shoes
  </category>
  <size>
   S
  </size>
  <color>
   Красный
  </color>
  <material>
   Нейлон
  </material>
  <price>
   192730
  </price>
  <rating>
   4.88
  </rating>
  <reviews>
   567130
  </reviews>
  <new>
   +
  </new>
  <exclusive>
   no
  </exclusive>
  <sporty>
   no
  </sporty>
 </clothing>
 <clothing>
  <id>
   406907064
  </id>
  <name>
   Addidas Umbrellas P-3751
  </name>
  <category>
   Umbrellas
  </category>
  <size>
   L
  </size>
  <color>
   Голубой
  </color>
  <material>
   Лен
  </material>
  <price>
   676163
  </price>
  <rating>
   2.02
  </rating>
  <reviews>
   814664
  </reviews>
  <new>
   -
  </new>
  <sporty>
   no
  </sporty>
 </clothing>
 <clothing>
  <id>
   918192619
  </id>
  <name>
   Brooks Handbags T-4672
  </name>
  <category>
   Handbags
  </category>
  <size>
   L
  </size>
  <color>
   Голубой
  </color>
  <material>
   Кожа
  </material>
  <price>
   424833
  </price>
  <rating>
   1.7
  </rating>
  <reviews>
   128768
  </reviews>
  <new>
   -
  </new>
  <exclusive>
   no
  </exclusive>
  <sporty>
   yes
  </sporty>
 </clothing>
 <clothing>
  <id>
   437045108
  </id>
  <name>
   Lacoste Jeans V-9927
  </name>
  <category>
   Jeans
  </category>
  <size>
   S
  </size>
  <color>
   Красный
  </color>
  <material>
   Шерсть
  </material>
  <price>
   149494
  </price>
  <rating>
   4.4
  </rating>
  <reviews>
   142466
  </reviews>
  <new>
   +
  </new>
  <exclusive>
   yes
  </exclusive>
  <sporty>
   no
  </sporty>
 </clothing>
</clothing-items>
