<?xml version="1.0" encoding="utf-8"?>
<clothing-items>
 <clothing>
  <id>
   310798815
  </id>
  <name>
   Nike Socks E-7739
  </name>
  <category>
   Socks
  </category>
  <size>
   XXL
  </size>
  <color>
   Зеленый
  </color>
  <material>
   Кожа
  </material>
  <price>
   932431
  </price>
  <rating>
   3.14
  </rating>
  <reviews>
   173558
  </reviews>
  <exclusive>
   no
  </exclusive>
  <sporty>
   no
  </sporty>
 </clothing>
 <clothing>
  <id>
   987887163
  </id>
  <name>
   Fila Umbrellas I-2387
  </name>
  <category>
   Umbrellas
  </category>
  <size>
   M
  </size>
  <color>
   Фиолетовый
  </color>
  <material>
   Шерсть
  </material>
  <price>
   808321
  </price>
  <rating>
   2.18
  </rating>
  <reviews>
   633827
  </reviews>
  <exclusive>
   no
  </exclusive>
 </clothing>
 <clothing>
  <id>
   667950389
  </id>
  <name>
   Brooks Socks Y-2381
  </name>
  <category>
   Socks
  </category>
  <size>
   XXL
  </size>
  <color>
   Зеленый
  </color>
  <material>
   Хлопок
  </material>
  <price>
   365051
  </price>
  <rating>
   1.49
  </rating>
  <reviews>
   478926
  </reviews>
  <exclusive>
   yes
  </exclusive>
  <sporty>
   yes
  </sporty>
 </clothing>
 <clothing>
  <id>
   548187007
  </id>
  <name>
   Asics Belts A-6185
  </name>
  <category>
   Belts
  </category>
  <size>
   XXL
  </size>
  <color>
   Желтый
  </color>
  <material>
   Лен
  </material>
  <price>
   430468
  </price>
  <rating>
   4.04
  </rating>
  <reviews>
   382151
  </reviews>
  <new>
   -
  </new>
  <exclusive>
   yes
  </exclusive>
 </clothing>
 <clothing>
  <id>
   853391184
  </id>
  <name>
   Puma Jeans Y-3681
  </name>
  <category>
   Jeans
  </category>
  <size>
   M
  </size>
  <color>
   Фиолетовый
  </color>
  <material>
   Нейлон
  </material>
  <price>
   175344
  </price>
  <rating>
   2.4
  </rating>
  <reviews>
   308126
  </reviews>
  <new>
   -
  </new>
  <exclusive>
   no
  </exclusive>
  <sporty>
   no
  </sporty>
 </clothing>
 <clothing>
  <id>
   859350756
  </id>
  <name>
   Reebok Pants I-7645
  </name>
  <category>
   Pants
  </category>
  <size>
   XL
  </size>
  <color>
   Зеленый
  </color>
  <material>
   Кожа
  </material>
  <price>
   721908
  </price>
  <rating>
   4.42
  </rating>
  <reviews>
   518513
  </reviews>
  <new>
   +
  </new>
  <sporty>
   no
  </sporty>
 </clothing>
 <clothing>
  <id>
   591893528
  </id>
  <name>
   Addidas Socks I-8876
  </name>
  <category>
   Socks
  </category>
  <size>
   M
  </size>
  <color>
   Синий
  </color>
  <material>
   Полиэстер
  </material>
  <price>
   814425
  </price>
  <rating>
   3.92
  </rating>
  <reviews>
   152214
  </reviews>
  <new>
   -
  </new>
  <exclusive>
   no
  </exclusive>
 </clothing>
 <clothing>
  <id>
   510039566
  </id>
  <name>
   Nike Pants L-6959
  </name>
  <category>
   Pants
  </category>
  <size>
   XXL
  </size>
  <color>
   Оранжевый
  </color>
  <material>
   Хлопок
  </material>
  <price>
   906153
  </price>
  <rating>
   1.2
  </rating>
  <reviews>
   978915
  </reviews>
  <sporty>
   yes
  </sporty>
 </clothing>
 <clothing>
  <id>
   866887915
  </id>
  <name>
   Adidas Jeans O-3352
  </name>
  <category>
   Jeans
  </category>
  <size>
   S
  </size>
  <color>
   Красный
  </color>
  <material>
   Полиэстер
  </material>
  <price>
   520067
  </price>
  <rating>
   4.32
  </rating>
  <reviews>
   497506
  </reviews>
  <exclusive>
   yes
  </exclusive>
 </clothing>
 <clothing>
  <id>
   909037693
  </id>
  <name>
   Puma Sweater G-8974
  </name>
  <category>
   Sweater
  </category>
  <size>
   L
  </size>
  <color>
   Оранжевый
  </color>
  <material>
   Шерсть
  </material>
  <price>
   122357
  </price>
  <rating>
   5.0
  </rating>
  <reviews>
   36312
  </reviews>
  <new>
   +
  </new>
  <exclusive>
   no
  </exclusive>
  <sporty>
   yes
  </sporty>
 </clothing>
 <clothing>
  <id>
   560529401
  </id>
  <name>
   Ellesse Jacket G-4300
  </name>
  <category>
   Jacket
  </category>
  <size>
   XXL
  </size>
  <color>
   Фиолетовый
  </color>
  <material>
   Лен
  </material>
  <price>
   373058
  </price>
  <rating>
   2.04
  </rating>
  <reviews>
   677425
  </reviews>
  <exclusive>
   yes
  </exclusive>
  <sporty>
   no
  </sporty>
 </clothing>
 <clothing>
  <id>
   630212307
  </id>
  <name>
   Brooks Pants G-3054
  </name>
  <category>
   Pants
  </category>
  <size>
   S
  </size>
  <color>
   Зеленый
  </color>
  <material>
   Хлопок
  </material>
  <price>
   590950
  </price>
  <rating>
   3.65
  </rating>
  <reviews>
   37503
  </reviews>
  <new>
   +
  </new>
  <exclusive>
   no
  </exclusive>
 </clothing>
 <clothing>
  <id>
   474638615
  </id>
  <name>
   Ellesse Dress E-5632
  </name>
  <category>
   Dress
  </category>
  <size>
   XL
  </size>
  <color>
   Зеленый
  </color>
  <material>
   Нейлон
  </material>
  <price>
   633217
  </price>
  <rating>
   3.8
  </rating>
  <reviews>
   496979
  </reviews>
  <new>
   +
  </new>
  <sporty>
   yes
  </sporty>
 </clothing>
 <clothing>
  <id>
   829017296
  </id>
  <name>
   Adidas Skirt E-4152
  </name>
  <category>
   Skirt
  </category>
  <size>
   M
  </size>
  <color>
   Красный
  </color>
  <material>
   Полиэстер
  </material>
  <price>
   229933
  </price>
  <rating>
   3.98
  </rating>
  <reviews>
   47226
  </reviews>
  <new>
   +
  </new>
  <exclusive>
   yes
  </exclusive>
  <sporty>
   no
  </sporty>
 </clothing>
 <clothing>
  <id>
   351945448
  </id>
  <name>
   Addidas Shirt V-3021
  </name>
  <category>
   Shirt
  </category>
  <size>
   M
  </size>
  <color>
   Желтый
  </color>
  <material>
   Кожа
  </material>
  <price>
   602918
  </price>
  <rating>
   3.12
  </rating>
  <reviews>
   794739
  </reviews>
  <new>
   -
  </new>
  <exclusive>
   no
  </exclusive>
 </clothing>
 <clothing>
  <id>
   242987682
  </id>
  <name>
   Converse Skirt M-5772
  </name>
  <category>
   Skirt
  </category>
  <size>
   M
  </size>
  <color>
   Красный
  </color>
  <material>
   Хлопок
  </material>
  <price>
   384518
  </price>
  <rating>
   1.27
  </rating>
  <reviews>
   60030
  </reviews>
  <new>
   -
  </new>
  <exclusive>
   yes
  </exclusive>
 </clothing>
 <clothing>
  <id>
   340699132
  </id>
  <name>
   Brooks Dress U-3923
  </name>
  <category>
   Dress
  </category>
  <size>
   XL
  </size>
  <color>
   Синий
  </color>
  <material>
   Кожа
  </material>
  <price>
   957428
  </price>
  <rating>
   1.41
  </rating>
  <reviews>
   498787
  </reviews>
  <new>
   -
  </new>
  <exclusive>
   no
  </exclusive>
  <sporty>
   no
  </sporty>
 </clothing>
 <clothing>
  <id>
   516735605
  </id>
  <name>
   Addidas Shirt W-1237
  </name>
  <category>
   Shirt
  </category>
  <size>
   L
  </size>
  <color>
   Синий
  </color>
  <material>
   Полиэстер
  </material>
  <price>
   249479
  </price>
  <rating>
   3.23
  </rating>
  <reviews>
   741332
  </reviews>
  <new>
   -
  </new>
  <exclusive>
   no
  </exclusive>
 </clothing>
 <clothing>
  <id>
   381580840
  </id>
  <name>
   DC Sweater U-7554
  </name>
  <category>
   Sweater
  </category>
  <size>
   XXL
  </size>
  <color>
   Оранжевый
  </color>
  <material>
   Кожа
  </material>
  <price>
   569295
  </price>
  <rating>
   3.9
  </rating>
  <reviews>
   954560
  </reviews>
  <new>
   +
  </new>
  <sporty>
   no
  </sporty>
 </clothing>
 <clothing>
  <id>
   366339916
  </id>
  <name>
   Brooks Jeans K-3791
  </name>
  <category>
   Jeans
  </category>
  <size>
   S
  </size>
  <color>
   Оранжевый
  </color>
  <material>
   Хлопок
  </material>
  <price>
   588632
  </price>
  <rating>
   4.09
  </rating>
  <reviews>
   927701
  </reviews>
  <sporty>
   no
  </sporty>
 </clothing>
 <clothing>
  <id>
   618956364
  </id>
  <name>
   Asics Sweater M-7392
  </name>
  <category>
   Sweater
  </category>
  <size>
   XL
  </size>
  <color>
   Синий
  </color>
  <material>
   Хлопок
  </material>
  <price>
   694683
  </price>
  <rating>
   4.96
  </rating>
  <reviews>
   358379
  </reviews>
  <sporty>
   yes
  </sporty>
 </clothing>
 <clothing>
  <id>
   932525663
  </id>
  <name>
   New Balance Dress R-4171
  </name>
  <category>
   Dress
  </category>
  <size>
   L
  </size>
  <color>
   Оранжевый
  </color>
  <material>
   Кожа
  </material>
  <price>
   196842
  </price>
  <rating>
   1.79
  </rating>
  <reviews>
   864133
  </reviews>
  <new>
   -
  </new>
  <sporty>
   no
  </sporty>
 </clothing>
 <clothing>
  <id>
   235575116
  </id>
  <name>
   Ellesse Socks R-1356
  </name>
  <category>
   Socks
  </category>
  <size>
   XXL
  </size>
  <color>
   Зеленый
  </color>
  <material>
   Кожа
  </material>
  <price>
   375390
  </price>
  <rating>
   1.47
  </rating>
  <reviews>
   892465
  </reviews>
  <new>
   +
  </new>
  <exclusive>
   yes
  </exclusive>
 </clothing>
 <clothing>
  <id>
   912393124
  </id>
  <name>
   Adidas Jeans S-7932
  </name>
  <category>
   Jeans
  </category>
  <size>
   XXL
  </size>
  <color>
   Синий
  </color>
  <material>
   Лен
  </material>
  <price>
   686391
  </price>
  <rating>
   3.09
  </rating>
  <reviews>
   737578
  </reviews>
  <exclusive>
   no
  </exclusive>
 </clothing>
 <clothing>
  <id>
   957572554
  </id>
  <name>
   PleinSport T-shirt P-4165
  </name>
  <category>
   T-shirt
  </category>
  <size>
   S
  </size>
  <color>
   Голубой
  </color>
  <material>
   Полиэстер
  </material>
  <price>
   504899
  </price>
  <rating>
   2.57
  </rating>
  <reviews>
   634124
  </reviews>
  <new>
   +
  </new>
 </clothing>
 <clothing>
  <id>
   362054952
  </id>
  <name>
   PleinSport Umbrellas C-3577
  </name>
  <category>
   Umbrellas
  </category>
  <size>
   S
  </size>
  <color>
   Синий
  </color>
  <material>
   Шерсть
  </material>
  <price>
   223974
  </price>
  <rating>
   3.34
  </rating>
  <reviews>
   314893
  </reviews>
  <exclusive>
   no
  </exclusive>
  <sporty>
   no
  </sporty>
 </clothing>
 <clothing>
  <id>
   920766323
  </id>
  <name>
   Vans Shirt Z-6417
  </name>
  <category>
   Shirt
  </category>
  <size>
   M
  </size>
  <color>
   Фиолетовый
  </color>
  <material>
   Вискоза
  </material>
  <price>
   135450
  </price>
  <rating>
   2.25
  </rating>
  <reviews>
   195331
  </reviews>
  <sporty>
   yes
  </sporty>
 </clothing>
 <clothing>
  <id>
   692543211
  </id>
  <name>
   Adidas Belts B-7997
  </name>
  <category>
   Belts
  </category>
  <size>
   M
  </size>
  <color>
   Голубой
  </color>
  <material>
   Хлопок
  </material>
  <price>
   471521
  </price>
  <rating>
   4.28
  </rating>
  <reviews>
   704791
  </reviews>
  <new>
   +
  </new>
  <exclusive>
   yes
  </exclusive>
 </clothing>
 <clothing>
  <id>
   136715168
  </id>
  <name>
   Adidas Blouse C-7782
  </name>
  <category>
   Blouse
  </category>
  <size>
   M
  </size>
  <color>
   Фиолетовый
  </color>
  <material>
   Лен
  </material>
  <price>
   323828
  </price>
  <rating>
   3.32
  </rating>
  <reviews>
   355484
  </reviews>
  <new>
   -
  </new>
 </clothing>
 <clothing>
  <id>
   432742672
  </id>
  <name>
   PleinSport Sweater V-1439
  </name>
  <category>
   Sweater
  </category>
  <size>
   M
  </size>
  <color>
   Фиолетовый
  </color>
  <material>
   Лен
  </material>
  <price>
   293383
  </price>
  <rating>
   2.67
  </rating>
  <reviews>
   838937
  </reviews>
  <exclusive>
   no
  </exclusive>
  <sporty>
   no
  </sporty>
 </clothing>
 <clothing>
  <id>
   920047351
  </id>
  <name>
   Vans Gloves Y-6951
  </name>
  <category>
   Gloves
  </category>
  <size>
   S
  </size>
  <color>
   Оранжевый
  </color>
  <material>
   Кожа
  </material>
  <price>
   601996
  </price>
  <rating>
   4.55
  </rating>
  <reviews>
   354627
  </reviews>
  <new>
   -
  </new>
 </clothing>
 <clothing>
  <id>
   648194639
  </id>
  <name>
   PleinSport Skirt Q-6133
  </name>
  <category>
   Skirt
  </category>
  <size>
   M
  </size>
  <color>
   Желтый
  </color>
  <material>
   Лен
  </material>
  <price>
   892576
  </price>
  <rating>
   1.33
  </rating>
  <reviews>
   585321
  </reviews>
  <new>
   +
  </new>
  <sporty>
   yes
  </sporty>
 </clothing>
 <clothing>
  <id>
   696457979
  </id>
  <name>
   DC Blouse R-7630
  </name>
  <category>
   Blouse
  </category>
  <size>
   L
  </size>
  <color>
   Желтый
  </color>
  <material>
   Шелк
  </material>
  <price>
   308134
  </price>
  <rating>
   4.77
  </rating>
  <reviews>
   795266
  </reviews>
 </clothing>
 <clothing>
  <id>
   301250907
  </id>
  <name>
   DC Gloves F-3979
  </name>
  <category>
   Gloves
  </category>
  <size>
   XXL
  </size>
  <color>
   Оранжевый
  </color>
  <material>
   Хлопок
  </material>
  <price>
   423639
  </price>
  <rating>
   3.62
  </rating>
  <reviews>
   152973
  </reviews>
  <new>
   +
  </new>
  <exclusive>
   yes
  </exclusive>
  <sporty>
   yes
  </sporty>
 </clothing>
 <clothing>
  <id>
   336850378
  </id>
  <name>
   Reebok Pants J-7293
  </name>
  <category>
   Pants
  </category>
  <size>
   XL
  </size>
  <color>
   Фиолетовый
  </color>
  <material>
   Шелк
  </material>
  <price>
   677796
  </price>
  <rating>
   4.39
  </rating>
  <reviews>
   282613
  </reviews>
  <new>
   -
  </new>
  <sporty>
   no
  </sporty>
 </clothing>
 <clothing>
  <id>
   428023173
  </id>
  <name>
   Converse Jacket A-8483
  </name>
  <category>
   Jacket
  </category>
  <size>
   S
  </size>
  <color>
   Оранжевый
  </color>
  <material>
   Лен
  </material>
  <price>
   366711
  </price>
  <rating>
   2.57
  </rating>
  <reviews>
   49894
  </reviews>
  <exclusive>
   no
  </exclusive>
 </clothing>
 <clothing>
  <id>
   548887850
  </id>
  <name>
   New Balance Skirt I-1011
  </name>
  <category>
   Skirt
  </category>
  <size>
   XL
  </size>
  <color>
   Оранжевый
  </color>
  <material>
   Лен
  </material>
  <price>
   938096
  </price>
  <rating>
   3.64
  </rating>
  <reviews>
   757274
  </reviews>
  <new>
   -
  </new>
 </clothing>
 <clothing>
  <id>
   268162542
  </id>
  <name>
   DC Umbrellas U-9914
  </name>
  <category>
   Umbrellas
  </category>
  <size>
   XL
  </size>
  <color>
   Оранжевый
  </color>
  <material>
   Хлопок
  </material>
  <price>
   388280
  </price>
  <rating>
   3.89
  </rating>
  <reviews>
   488179
  </reviews>
  <new>
   -
  </new>
  <exclusive>
   no
  </exclusive>
  <sporty>
   yes
  </sporty>
 </clothing>
 <clothing>
  <id>
   426814989
  </id>
  <name>
   PleinSport Belts Q-3140
  </name>
  <category>
   Belts
  </category>
  <size>
   S
  </size>
  <color>
   Оранжевый
  </color>
  <material>
   Нейлон
  </material>
  <price>
   449389
  </price>
  <rating>
   3.64
  </rating>
  <reviews>
   41224
  </reviews>
  <exclusive>
   yes
  </exclusive>
  <sporty>
   yes
  </sporty>
 </clothing>
 <clothing>
  <id>
   147582697
  </id>
  <name>
   Vans Pants P-8170
  </name>
  <category>
   Pants
  </category>
  <size>
   L
  </size>
  <color>
   Желтый
  </color>
  <material>
   Лен
  </material>
  <price>
   976925
  </price>
  <rating>
   2.81
  </rating>
  <reviews>
   587548
  </reviews>
  <sporty>
   no
  </sporty>
 </clothing>
 <clothing>
  <id>
   648884335
  </id>
  <name>
   Converse Hat X-2722
  </name>
  <category>
   Hat
  </category>
  <size>
   XXL
  </size>
  <color>
   Синий
  </color>
  <material>
   Хлопок
  </material>
  <price>
   266395
  </price>
  <rating>
   3.39
  </rating>
  <reviews>
   752766
  </reviews>
  <exclusive>
   no
  </exclusive>
  <sporty>
   no
  </sporty>
 </clothing>
 <clothing>
  <id>
   310100018
  </id>
  <name>
   Brooks Dress I-6852
  </name>
  <category>
   Dress
  </category>
  <size>
   M
  </size>
  <color>
   Оранжевый
  </color>
  <material>
   Нейлон
  </material>
  <price>
   108354
  </price>
  <rating>
   4.51
  </rating>
  <reviews>
   450637
  </reviews>
  <exclusive>
   no
  </exclusive>
  <sporty>
   no
  </sporty>
 </clothing>
 <clothing>
  <id>
   208443378
  </id>
  <name>
   Puma Sweater R-4158
  </name>
  <category>
   Sweater
  </category>
  <size>
   S
  </size>
  <color>
   Синий
  </color>
  <material>
   Хлопок
  </material>
  <price>
   160849
  </price>
  <rating>
   1.5
  </rating>
  <reviews>
   604581
  </reviews>
  <new>
   +
  </new>
  <exclusive>
   no
  </exclusive>
 </clothing>
</clothing-items>
