<?xml version="1.0" encoding="utf-8"?>
<clothing-items>
 <clothing>
  <id>
   936907210
  </id>
  <name>
   DC Jeans O-7103
  </name>
  <category>
   Jeans
  </category>
  <size>
   M
  </size>
  <color>
   Оранжевый
  </color>
  <material>
   Вискоза
  </material>
  <price>
   409067
  </price>
  <rating>
   1.62
  </rating>
  <reviews>
   137309
  </reviews>
  <new>
   -
  </new>
  <exclusive>
   yes
  </exclusive>
 </clothing>
 <clothing>
  <id>
   757242382
  </id>
  <name>
   PleinSport Belts I-2249
  </name>
  <category>
   Belts
  </category>
  <size>
   L
  </size>
  <color>
   Фиолетовый
  </color>
  <material>
   Лен
  </material>
  <price>
   746010
  </price>
  <rating>
   2.04
  </rating>
  <reviews>
   507476
  </reviews>
  <sporty>
   no
  </sporty>
 </clothing>
 <clothing>
  <id>
   543826823
  </id>
  <name>
   Asics Shoes E-4776
  </name>
  <category>
   Shoes
  </category>
  <size>
   XL
  </size>
  <color>
   Синий
  </color>
  <material>
   Нейлон
  </material>
  <price>
   173731
  </price>
  <rating>
   1.94
  </rating>
  <reviews>
   470192
  </reviews>
  <new>
   +
  </new>
  <exclusive>
   no
  </exclusive>
  <sporty>
   no
  </sporty>
 </clothing>
 <clothing>
  <id>
   739528720
  </id>
  <name>
   Adidas Jeans A-6156
  </name>
  <category>
   Jeans
  </category>
  <size>
   L
  </size>
  <color>
   Фиолетовый
  </color>
  <material>
   Вискоза
  </material>
  <price>
   638042
  </price>
  <rating>
   2.96
  </rating>
  <reviews>
   976950
  </reviews>
  <new>
   +
  </new>
  <exclusive>
   no
  </exclusive>
  <sporty>
   no
  </sporty>
 </clothing>
 <clothing>
  <id>
   834998529
  </id>
  <name>
   New Balance Blouse Z-9874
  </name>
  <category>
   Blouse
  </category>
  <size>
   M
  </size>
  <color>
   Голубой
  </color>
  <material>
   Шелк
  </material>
  <price>
   765352
  </price>
  <rating>
   1.1
  </rating>
  <reviews>
   334485
  </reviews>
  <new>
   -
  </new>
  <exclusive>
   no
  </exclusive>
 </clothing>
 <clothing>
  <id>
   222366035
  </id>
  <name>
   Addidas Belts M-1269
  </name>
  <category>
   Belts
  </category>
  <size>
   L
  </size>
  <color>
   Оранжевый
  </color>
  <material>
   Вискоза
  </material>
  <price>
   256952
  </price>
  <rating>
   4.27
  </rating>
  <reviews>
   608180
  </reviews>
  <sporty>
   yes
  </sporty>
 </clothing>
 <clothing>
  <id>
   305748357
  </id>
  <name>
   DC Socks L-8034
  </name>
  <category>
   Socks
  </category>
  <size>
   XXL
  </size>
  <color>
   Синий
  </color>
  <material>
   Полиэстер
  </material>
  <price>
   369068
  </price>
  <rating>
   4.21
  </rating>
  <reviews>
   82044
  </reviews>
  <new>
   -
  </new>
  <sporty>
   no
  </sporty>
 </clothing>
 <clothing>
  <id>
   263739725
  </id>
  <name>
   Adidas Umbrellas Q-4509
  </name>
  <category>
   Umbrellas
  </category>
  <size>
   XXL
  </size>
  <color>
   Желтый
  </color>
  <material>
   Шелк
  </material>
  <price>
   340918
  </price>
  <rating>
   2.49
  </rating>
  <reviews>
   89390
  </reviews>
  <new>
   +
  </new>
  <exclusive>
   no
  </exclusive>
 </clothing>
 <clothing>
  <id>
   195471925
  </id>
  <name>
   Vans Belts T-2449
  </name>
  <category>
   Belts
  </category>
  <size>
   XXL
  </size>
  <color>
   Зеленый
  </color>
  <material>
   Нейлон
  </material>
  <price>
   747552
  </price>
  <rating>
   1.02
  </rating>
  <reviews>
   228013
  </reviews>
  <new>
   -
  </new>
  <exclusive>
   yes
  </exclusive>
  <sporty>
   yes
  </sporty>
 </clothing>
 <clothing>
  <id>
   971960740
  </id>
  <name>
   PleinSport Sweater K-1847
  </name>
  <category>
   Sweater
  </category>
  <size>
   L
  </size>
  <color>
   Оранжевый
  </color>
  <material>
   Лен
  </material>
  <price>
   131678
  </price>
  <rating>
   1.02
  </rating>
  <reviews>
   291615
  </reviews>
 </clothing>
 <clothing>
  <id>
   328176474
  </id>
  <name>
   Fila Skirt K-8377
  </name>
  <category>
   Skirt
  </category>
  <size>
   S
  </size>
  <color>
   Голубой
  </color>
  <material>
   Полиэстер
  </material>
  <price>
   576847
  </price>
  <rating>
   3.48
  </rating>
  <reviews>
   491980
  </reviews>
  <new>
   +
  </new>
  <sporty>
   no
  </sporty>
 </clothing>
 <clothing>
  <id>
   428443340
  </id>
  <name>
   Adidas Shoes Q-5432
  </name>
  <category>
   Shoes
  </category>
  <size>
   XXL
  </size>
  <color>
   Голубой
  </color>
  <material>
   Кожа
  </material>
  <price>
   714351
  </price>
  <rating>
   1.4
  </rating>
  <reviews>
   32004
  </reviews>
  <new>
   -
  </new>
  <exclusive>
   yes
  </exclusive>
 </clothing>
 <clothing>
  <id>
   499470206
  </id>
  <name>
   Under Armour Handbags L-7965
  </name>
  <category>
   Handbags
  </category>
  <size>
   XL
  </size>
  <color>
   Фиолетовый
  </color>
  <material>
   Хлопок
  </material>
  <price>
   221648
  </price>
  <rating>
   4.46
  </rating>
  <reviews>
   736751
  </reviews>
  <exclusive>
   yes
  </exclusive>
 </clothing>
 <clothing>
  <id>
   820085770
  </id>
  <name>
   Brooks Handbags C-8674
  </name>
  <category>
   Handbags
  </category>
  <size>
   L
  </size>
  <color>
   Голубой
  </color>
  <material>
   Вискоза
  </material>
  <price>
   309567
  </price>
  <rating>
   1.25
  </rating>
  <reviews>
   596714
  </reviews>
 </clothing>
 <clothing>
  <id>
   361385922
  </id>
  <name>
   Asics Gloves T-6744
  </name>
  <category>
   Gloves
  </category>
  <size>
   S
  </size>
  <color>
   Желтый
  </color>
  <material>
   Шелк
  </material>
  <price>
   723535
  </price>
  <rating>
   1.71
  </rating>
  <reviews>
   571326
  </reviews>
  <new>
   +
  </new>
  <sporty>
   no
  </sporty>
 </clothing>
 <clothing>
  <id>
   509465239
  </id>
  <name>
   Adidas Umbrellas O-1658
  </name>
  <category>
   Umbrellas
  </category>
  <size>
   M
  </size>
  <color>
   Голубой
  </color>
  <material>
   Вискоза
  </material>
  <price>
   741360
  </price>
  <rating>
   3.21
  </rating>
  <reviews>
   971355
  </reviews>
  <exclusive>
   no
  </exclusive>
  <sporty>
   yes
  </sporty>
 </clothing>
</clothing-items>
