<?xml version="1.0" encoding="utf-8"?>
<clothing-items>
 <clothing>
  <id>
   431320078
  </id>
  <name>
   Vans Blouse G-8435
  </name>
  <category>
   Blouse
  </category>
  <size>
   L
  </size>
  <color>
   Голубой
  </color>
  <material>
   Шерсть
  </material>
  <price>
   479247
  </price>
  <rating>
   1.37
  </rating>
  <reviews>
   252200
  </reviews>
  <exclusive>
   yes
  </exclusive>
  <sporty>
   no
  </sporty>
 </clothing>
 <clothing>
  <id>
   953126640
  </id>
  <name>
   Adidas Shoes K-7391
  </name>
  <category>
   Shoes
  </category>
  <size>
   XXL
  </size>
  <color>
   Оранжевый
  </color>
  <material>
   Полиэстер
  </material>
  <price>
   143742
  </price>
  <rating>
   1.8
  </rating>
  <reviews>
   273257
  </reviews>
  <exclusive>
   no
  </exclusive>
  <sporty>
   yes
  </sporty>
 </clothing>
 <clothing>
  <id>
   463800251
  </id>
  <name>
   Adidas Pants W-7987
  </name>
  <category>
   Pants
  </category>
  <size>
   XL
  </size>
  <color>
   Оранжевый
  </color>
  <material>
   Шелк
  </material>
  <price>
   317205
  </price>
  <rating>
   2.26
  </rating>
  <reviews>
   300343
  </reviews>
  <exclusive>
   no
  </exclusive>
 </clothing>
 <clothing>
  <id>
   666681955
  </id>
  <name>
   Reebok Handbags E-9315
  </name>
  <category>
   Handbags
  </category>
  <size>
   XXL
  </size>
  <color>
   Оранжевый
  </color>
  <material>
   Вискоза
  </material>
  <price>
   376704
  </price>
  <rating>
   2.76
  </rating>
  <reviews>
   915996
  </reviews>
  <new>
   -
  </new>
  <exclusive>
   no
  </exclusive>
  <sporty>
   yes
  </sporty>
 </clothing>
 <clothing>
  <id>
   552136985
  </id>
  <name>
   Asics Umbrellas D-4538
  </name>
  <category>
   Umbrellas
  </category>
  <size>
   M
  </size>
  <color>
   Красный
  </color>
  <material>
   Хлопок
  </material>
  <price>
   776531
  </price>
  <rating>
   2.8
  </rating>
  <reviews>
   630711
  </reviews>
  <new>
   -
  </new>
  <sporty>
   no
  </sporty>
 </clothing>
 <clothing>
  <id>
   832369779
  </id>
  <name>
   Brooks Shirt D-9598
  </name>
  <category>
   Shirt
  </category>
  <size>
   L
  </size>
  <color>
   Синий
  </color>
  <material>
   Шерсть
  </material>
  <price>
   415727
  </price>
  <rating>
   1.44
  </rating>
  <reviews>
   376108
  </reviews>
  <exclusive>
   no
  </exclusive>
  <sporty>
   no
  </sporty>
 </clothing>
 <clothing>
  <id>
   251246606
  </id>
  <name>
   Vans Belts X-2958
  </name>
  <category>
   Belts
  </category>
  <size>
   L
  </size>
  <color>
   Оранжевый
  </color>
  <material>
   Вискоза
  </material>
  <price>
   593569
  </price>
  <rating>
   3.6
  </rating>
  <reviews>
   854743
  </reviews>
  <new>
   -
  </new>
  <exclusive>
   yes
  </exclusive>
 </clothing>
 <clothing>
  <id>
   850851931
  </id>
  <name>
   DC Pants D-8699
  </name>
  <category>
   Pants
  </category>
  <size>
   L
  </size>
  <color>
   Красный
  </color>
  <material>
   Вискоза
  </material>
  <price>
   866775
  </price>
  <rating>
   3.4
  </rating>
  <reviews>
   459310
  </reviews>
  <new>
   -
  </new>
  <exclusive>
   no
  </exclusive>
  <sporty>
   no
  </sporty>
 </clothing>
 <clothing>
  <id>
   948197948
  </id>
  <name>
   Asics Pants R-6797
  </name>
  <category>
   Pants
  </category>
  <size>
   XL
  </size>
  <color>
   Желтый
  </color>
  <material>
   Нейлон
  </material>
  <price>
   411261
  </price>
  <rating>
   3.9
  </rating>
  <reviews>
   717046
  </reviews>
  <new>
   +
  </new>
  <exclusive>
   yes
  </exclusive>
 </clothing>
 <clothing>
  <id>
   565207413
  </id>
  <name>
   Nike T-shirt N-6062
  </name>
  <category>
   T-shirt
  </category>
  <size>
   M
  </size>
  <color>
   Зеленый
  </color>
  <material>
   Хлопок
  </material>
  <price>
   870996
  </price>
  <rating>
   2.0
  </rating>
  <reviews>
   126261
  </reviews>
  <new>
   -
  </new>
  <exclusive>
   no
  </exclusive>
 </clothing>
 <clothing>
  <id>
   129477969
  </id>
  <name>
   Puma Handbags W-4399
  </name>
  <category>
   Handbags
  </category>
  <size>
   XL
  </size>
  <color>
   Желтый
  </color>
  <material>
   Вискоза
  </material>
  <price>
   910141
  </price>
  <rating>
   4.84
  </rating>
  <reviews>
   392324
  </reviews>
  <new>
   +
  </new>
 </clothing>
 <clothing>
  <id>
   203921146
  </id>
  <name>
   Under Armour Hat Y-9830
  </name>
  <category>
   Hat
  </category>
  <size>
   XL
  </size>
  <color>
   Голубой
  </color>
  <material>
   Вискоза
  </material>
  <price>
   636313
  </price>
  <rating>
   2.56
  </rating>
  <reviews>
   51343
  </reviews>
  <sporty>
   yes
  </sporty>
 </clothing>
 <clothing>
  <id>
   822932038
  </id>
  <name>
   Asics Socks A-8050
  </name>
  <category>
   Socks
  </category>
  <size>
   XL
  </size>
  <color>
   Красный
  </color>
  <material>
   Шерсть
  </material>
  <price>
   746138
  </price>
  <rating>
   3.34
  </rating>
  <reviews>
   315115
  </reviews>
  <new>
   -
  </new>
  <exclusive>
   yes
  </exclusive>
  <sporty>
   yes
  </sporty>
 </clothing>
 <clothing>
  <id>
   770506453
  </id>
  <name>
   Asics Shirt U-6144
  </name>
  <category>
   Shirt
  </category>
  <size>
   XL
  </size>
  <color>
   Красный
  </color>
  <material>
   Шелк
  </material>
  <price>
   414025
  </price>
  <rating>
   2.98
  </rating>
  <reviews>
   173249
  </reviews>
  <exclusive>
   yes
  </exclusive>
  <sporty>
   yes
  </sporty>
 </clothing>
 <clothing>
  <id>
   781285259
  </id>
  <name>
   Addidas Umbrellas F-6478
  </name>
  <category>
   Umbrellas
  </category>
  <size>
   XXL
  </size>
  <color>
   Оранжевый
  </color>
  <material>
   Хлопок
  </material>
  <price>
   998557
  </price>
  <rating>
   2.64
  </rating>
  <reviews>
   288764
  </reviews>
  <exclusive>
   no
  </exclusive>
 </clothing>
 <clothing>
  <id>
   696454287
  </id>
  <name>
   PleinSport Socks W-4488
  </name>
  <category>
   Socks
  </category>
  <size>
   M
  </size>
  <color>
   Голубой
  </color>
  <material>
   Шелк
  </material>
  <price>
   508771
  </price>
  <rating>
   2.37
  </rating>
  <reviews>
   240707
  </reviews>
  <exclusive>
   yes
  </exclusive>
  <sporty>
   no
  </sporty>
 </clothing>
 <clothing>
  <id>
   721831416
  </id>
  <name>
   Brooks Socks P-1985
  </name>
  <category>
   Socks
  </category>
  <size>
   L
  </size>
  <color>
   Синий
  </color>
  <material>
   Хлопок
  </material>
  <price>
   685509
  </price>
  <rating>
   1.09
  </rating>
  <reviews>
   30713
  </reviews>
  <new>
   +
  </new>
  <exclusive>
   yes
  </exclusive>
 </clothing>
 <clothing>
  <id>
   808960834
  </id>
  <name>
   PleinSport Blouse S-1485
  </name>
  <category>
   Blouse
  </category>
  <size>
   S
  </size>
  <color>
   Зеленый
  </color>
  <material>
   Кожа
  </material>
  <price>
   195686
  </price>
  <rating>
   1.02
  </rating>
  <reviews>
   275384
  </reviews>
  <new>
   +
  </new>
  <exclusive>
   no
  </exclusive>
  <sporty>
   yes
  </sporty>
 </clothing>
 <clothing>
  <id>
   123710233
  </id>
  <name>
   Lacoste Sweater R-1338
  </name>
  <category>
   Sweater
  </category>
  <size>
   L
  </size>
  <color>
   Красный
  </color>
  <material>
   Полиэстер
  </material>
  <price>
   893234
  </price>
  <rating>
   2.46
  </rating>
  <reviews>
   120260
  </reviews>
  <exclusive>
   yes
  </exclusive>
 </clothing>
 <clothing>
  <id>
   530389789
  </id>
  <name>
   Vans Shoes K-7190
  </name>
  <category>
   Shoes
  </category>
  <size>
   XXL
  </size>
  <color>
   Красный
  </color>
  <material>
   Шелк
  </material>
  <price>
   550150
  </price>
  <rating>
   3.83
  </rating>
  <reviews>
   405004
  </reviews>
  <sporty>
   no
  </sporty>
 </clothing>
 <clothing>
  <id>
   638124578
  </id>
  <name>
   Under Armour Sweater H-6441
  </name>
  <category>
   Sweater
  </category>
  <size>
   S
  </size>
  <color>
   Голубой
  </color>
  <material>
   Нейлон
  </material>
  <price>
   965147
  </price>
  <rating>
   2.04
  </rating>
  <reviews>
   579402
  </reviews>
  <new>
   +
  </new>
  <sporty>
   yes
  </sporty>
 </clothing>
 <clothing>
  <id>
   803326283
  </id>
  <name>
   Fila Handbags S-8880
  </name>
  <category>
   Handbags
  </category>
  <size>
   XL
  </size>
  <color>
   Синий
  </color>
  <material>
   Вискоза
  </material>
  <price>
   725961
  </price>
  <rating>
   2.35
  </rating>
  <reviews>
   489039
  </reviews>
  <new>
   +
  </new>
 </clothing>
 <clothing>
  <id>
   737019792
  </id>
  <name>
   Puma Shirt L-3577
  </name>
  <category>
   Shirt
  </category>
  <size>
   S
  </size>
  <color>
   Желтый
  </color>
  <material>
   Кожа
  </material>
  <price>
   185054
  </price>
  <rating>
   3.45
  </rating>
  <reviews>
   790061
  </reviews>
  <exclusive>
   no
  </exclusive>
  <sporty>
   no
  </sporty>
 </clothing>
 <clothing>
  <id>
   779649460
  </id>
  <name>
   Nike Jeans W-8294
  </name>
  <category>
   Jeans
  </category>
  <size>
   XL
  </size>
  <color>
   Желтый
  </color>
  <material>
   Полиэстер
  </material>
  <price>
   902279
  </price>
  <rating>
   4.56
  </rating>
  <reviews>
   939332
  </reviews>
  <new>
   -
  </new>
  <sporty>
   no
  </sporty>
 </clothing>
 <clothing>
  <id>
   596079644
  </id>
  <name>
   Puma Umbrellas W-8857
  </name>
  <category>
   Umbrellas
  </category>
  <size>
   L
  </size>
  <color>
   Зеленый
  </color>
  <material>
   Шерсть
  </material>
  <price>
   102669
  </price>
  <rating>
   4.88
  </rating>
  <reviews>
   529903
  </reviews>
  <new>
   +
  </new>
  <sporty>
   no
  </sporty>
 </clothing>
 <clothing>
  <id>
   380327342
  </id>
  <name>
   Addidas Dress A-3510
  </name>
  <category>
   Dress
  </category>
  <size>
   M
  </size>
  <color>
   Синий
  </color>
  <material>
   Хлопок
  </material>
  <price>
   241734
  </price>
  <rating>
   3.39
  </rating>
  <reviews>
   637401
  </reviews>
  <new>
   -
  </new>
  <exclusive>
   no
  </exclusive>
  <sporty>
   no
  </sporty>
 </clothing>
 <clothing>
  <id>
   910620375
  </id>
  <name>
   DC Skirt H-9725
  </name>
  <category>
   Skirt
  </category>
  <size>
   S
  </size>
  <color>
   Оранжевый
  </color>
  <material>
   Кожа
  </material>
  <price>
   673463
  </price>
  <rating>
   1.35
  </rating>
  <reviews>
   92417
  </reviews>
  <new>
   -
  </new>
  <exclusive>
   no
  </exclusive>
 </clothing>
 <clothing>
  <id>
   116009629
  </id>
  <name>
   Asics Jacket T-1541
  </name>
  <category>
   Jacket
  </category>
  <size>
   XL
  </size>
  <color>
   Желтый
  </color>
  <material>
   Хлопок
  </material>
  <price>
   812141
  </price>
  <rating>
   3.66
  </rating>
  <reviews>
   338307
  </reviews>
  <exclusive>
   yes
  </exclusive>
 </clothing>
 <clothing>
  <id>
   369406710
  </id>
  <name>
   PleinSport Shoes I-6909
  </name>
  <category>
   Shoes
  </category>
  <size>
   XL
  </size>
  <color>
   Фиолетовый
  </color>
  <material>
   Кожа
  </material>
  <price>
   368590
  </price>
  <rating>
   2.87
  </rating>
  <reviews>
   905150
  </reviews>
  <new>
   -
  </new>
  <sporty>
   yes
  </sporty>
 </clothing>
 <clothing>
  <id>
   943300419
  </id>
  <name>
   Lacoste Socks W-3322
  </name>
  <category>
   Socks
  </category>
  <size>
   XXL
  </size>
  <color>
   Оранжевый
  </color>
  <material>
   Нейлон
  </material>
  <price>
   208912
  </price>
  <rating>
   4.06
  </rating>
  <reviews>
   258660
  </reviews>
  <new>
   +
  </new>
 </clothing>
 <clothing>
  <id>
   171204648
  </id>
  <name>
   Asics Pants D-9932
  </name>
  <category>
   Pants
  </category>
  <size>
   XL
  </size>
  <color>
   Желтый
  </color>
  <material>
   Лен
  </material>
  <price>
   658776
  </price>
  <rating>
   3.28
  </rating>
  <reviews>
   571305
  </reviews>
  <new>
   -
  </new>
  <exclusive>
   yes
  </exclusive>
  <sporty>
   no
  </sporty>
 </clothing>
 <clothing>
  <id>
   911538337
  </id>
  <name>
   Puma Shoes Y-9129
  </name>
  <category>
   Shoes
  </category>
  <size>
   XL
  </size>
  <color>
   Голубой
  </color>
  <material>
   Лен
  </material>
  <price>
   717578
  </price>
  <rating>
   4.57
  </rating>
  <reviews>
   124175
  </reviews>
  <new>
   +
  </new>
 </clothing>
 <clothing>
  <id>
   521530042
  </id>
  <name>
   Under Armour Shirt H-1367
  </name>
  <category>
   Shirt
  </category>
  <size>
   M
  </size>
  <color>
   Синий
  </color>
  <material>
   Полиэстер
  </material>
  <price>
   327574
  </price>
  <rating>
   4.85
  </rating>
  <reviews>
   388841
  </reviews>
  <new>
   -
  </new>
  <exclusive>
   no
  </exclusive>
 </clothing>
 <clothing>
  <id>
   372822134
  </id>
  <name>
   New Balance Jacket L-9394
  </name>
  <category>
   Jacket
  </category>
  <size>
   XL
  </size>
  <color>
   Красный
  </color>
  <material>
   Шелк
  </material>
  <price>
   588424
  </price>
  <rating>
   2.91
  </rating>
  <reviews>
   26702
  </reviews>
  <new>
   -
  </new>
  <sporty>
   yes
  </sporty>
 </clothing>
 <clothing>
  <id>
   893017673
  </id>
  <name>
   Ellesse Dress D-2861
  </name>
  <category>
   Dress
  </category>
  <size>
   L
  </size>
  <color>
   Голубой
  </color>
  <material>
   Полиэстер
  </material>
  <price>
   501192
  </price>
  <rating>
   2.47
  </rating>
  <reviews>
   392600
  </reviews>
  <exclusive>
   yes
  </exclusive>
  <sporty>
   no
  </sporty>
 </clothing>
 <clothing>
  <id>
   793481212
  </id>
  <name>
   Nike Sweater W-9765
  </name>
  <category>
   Sweater
  </category>
  <size>
   S
  </size>
  <color>
   Зеленый
  </color>
  <material>
   Нейлон
  </material>
  <price>
   233054
  </price>
  <rating>
   1.46
  </rating>
  <reviews>
   475808
  </reviews>
  <sporty>
   yes
  </sporty>
 </clothing>
 <clothing>
  <id>
   117421526
  </id>
  <name>
   Reebok Handbags P-6489
  </name>
  <category>
   Handbags
  </category>
  <size>
   S
  </size>
  <color>
   Фиолетовый
  </color>
  <material>
   Нейлон
  </material>
  <price>
   463375
  </price>
  <rating>
   1.16
  </rating>
  <reviews>
   633021
  </reviews>
  <new>
   -
  </new>
  <sporty>
   no
  </sporty>
 </clothing>
 <clothing>
  <id>
   276278438
  </id>
  <name>
   Fila Jacket B-7346
  </name>
  <category>
   Jacket
  </category>
  <size>
   S
  </size>
  <color>
   Фиолетовый
  </color>
  <material>
   Кожа
  </material>
  <price>
   437218
  </price>
  <rating>
   3.43
  </rating>
  <reviews>
   221483
  </reviews>
  <new>
   +
  </new>
  <exclusive>
   yes
  </exclusive>
 </clothing>
 <clothing>
  <id>
   928996453
  </id>
  <name>
   Adidas Dress E-6479
  </name>
  <category>
   Dress
  </category>
  <size>
   M
  </size>
  <color>
   Зеленый
  </color>
  <material>
   Полиэстер
  </material>
  <price>
   560412
  </price>
  <rating>
   1.44
  </rating>
  <reviews>
   76497
  </reviews>
  <sporty>
   no
  </sporty>
 </clothing>
 <clothing>
  <id>
   168759180
  </id>
  <name>
   Reebok Shoes M-6028
  </name>
  <category>
   Shoes
  </category>
  <size>
   L
  </size>
  <color>
   Красный
  </color>
  <material>
   Полиэстер
  </material>
  <price>
   653941
  </price>
  <rating>
   3.22
  </rating>
  <reviews>
   136822
  </reviews>
 </clothing>
 <clothing>
  <id>
   343172117
  </id>
  <name>
   Nike Belts F-6750
  </name>
  <category>
   Belts
  </category>
  <size>
   XL
  </size>
  <color>
   Голубой
  </color>
  <material>
   Шерсть
  </material>
  <price>
   969086
  </price>
  <rating>
   2.48
  </rating>
  <reviews>
   33203
  </reviews>
  <new>
   -
  </new>
 </clothing>
 <clothing>
  <id>
   222139085
  </id>
  <name>
   Ellesse Blouse Z-4941
  </name>
  <category>
   Blouse
  </category>
  <size>
   XXL
  </size>
  <color>
   Синий
  </color>
  <material>
   Шерсть
  </material>
  <price>
   505287
  </price>
  <rating>
   2.06
  </rating>
  <reviews>
   471774
  </reviews>
  <new>
   -
  </new>
  <exclusive>
   yes
  </exclusive>
  <sporty>
   no
  </sporty>
 </clothing>
 <clothing>
  <id>
   440471102
  </id>
  <name>
   Brooks Skirt T-5121
  </name>
  <category>
   Skirt
  </category>
  <size>
   S
  </size>
  <color>
   Красный
  </color>
  <material>
   Лен
  </material>
  <price>
   215603
  </price>
  <rating>
   2.78
  </rating>
  <reviews>
   138525
  </reviews>
  <new>
   -
  </new>
  <exclusive>
   no
  </exclusive>
 </clothing>
 <clothing>
  <id>
   435559340
  </id>
  <name>
   Nike Socks S-1904
  </name>
  <category>
   Socks
  </category>
  <size>
   M
  </size>
  <color>
   Зеленый
  </color>
  <material>
   Шерсть
  </material>
  <price>
   683743
  </price>
  <rating>
   3.5
  </rating>
  <reviews>
   940819
  </reviews>
 </clothing>
</clothing-items>
