<?xml version="1.0" encoding="utf-8"?>
<clothing-items>
 <clothing>
  <id>
   788665398
  </id>
  <name>
   Nike Umbrellas U-2914
  </name>
  <category>
   Umbrellas
  </category>
  <size>
   M
  </size>
  <color>
   Голубой
  </color>
  <material>
   Кожа
  </material>
  <price>
   180592
  </price>
  <rating>
   4.44
  </rating>
  <reviews>
   800822
  </reviews>
  <exclusive>
   no
  </exclusive>
  <sporty>
   no
  </sporty>
 </clothing>
 <clothing>
  <id>
   951048790
  </id>
  <name>
   Converse Handbags Q-4888
  </name>
  <category>
   Handbags
  </category>
  <size>
   L
  </size>
  <color>
   Голубой
  </color>
  <material>
   Хлопок
  </material>
  <price>
   180792
  </price>
  <rating>
   3.5
  </rating>
  <reviews>
   64322
  </reviews>
  <new>
   -
  </new>
 </clothing>
 <clothing>
  <id>
   522626356
  </id>
  <name>
   Converse Blouse X-7175
  </name>
  <category>
   Blouse
  </category>
  <size>
   S
  </size>
  <color>
   Красный
  </color>
  <material>
   Шерсть
  </material>
  <price>
   986399
  </price>
  <rating>
   1.9
  </rating>
  <reviews>
   390675
  </reviews>
  <new>
   +
  </new>
  <sporty>
   yes
  </sporty>
 </clothing>
 <clothing>
  <id>
   499544897
  </id>
  <name>
   Under Armour Dress E-4615
  </name>
  <category>
   Dress
  </category>
  <size>
   M
  </size>
  <color>
   Желтый
  </color>
  <material>
   Хлопок
  </material>
  <price>
   318481
  </price>
  <rating>
   4.25
  </rating>
  <reviews>
   136250
  </reviews>
  <new>
   +
  </new>
  <exclusive>
   yes
  </exclusive>
  <sporty>
   yes
  </sporty>
 </clothing>
 <clothing>
  <id>
   882657983
  </id>
  <name>
   Addidas Gloves C-5113
  </name>
  <category>
   Gloves
  </category>
  <size>
   M
  </size>
  <color>
   Красный
  </color>
  <material>
   Хлопок
  </material>
  <price>
   379596
  </price>
  <rating>
   1.42
  </rating>
  <reviews>
   240521
  </reviews>
  <new>
   -
  </new>
  <exclusive>
   no
  </exclusive>
  <sporty>
   yes
  </sporty>
 </clothing>
 <clothing>
  <id>
   918992256
  </id>
  <name>
   Lacoste Blouse J-4852
  </name>
  <category>
   Blouse
  </category>
  <size>
   L
  </size>
  <color>
   Голубой
  </color>
  <material>
   Кожа
  </material>
  <price>
   710286
  </price>
  <rating>
   2.1
  </rating>
  <reviews>
   836309
  </reviews>
  <exclusive>
   no
  </exclusive>
  <sporty>
   no
  </sporty>
 </clothing>
 <clothing>
  <id>
   702620874
  </id>
  <name>
   Ellesse Socks A-9129
  </name>
  <category>
   Socks
  </category>
  <size>
   M
  </size>
  <color>
   Желтый
  </color>
  <material>
   Лен
  </material>
  <price>
   213970
  </price>
  <rating>
   3.06
  </rating>
  <reviews>
   274195
  </reviews>
  <new>
   -
  </new>
  <exclusive>
   yes
  </exclusive>
  <sporty>
   yes
  </sporty>
 </clothing>
 <clothing>
  <id>
   335419803
  </id>
  <name>
   Brooks Handbags G-7711
  </name>
  <category>
   Handbags
  </category>
  <size>
   XXL
  </size>
  <color>
   Зеленый
  </color>
  <material>
   Полиэстер
  </material>
  <price>
   815765
  </price>
  <rating>
   1.83
  </rating>
  <reviews>
   883391
  </reviews>
 </clothing>
 <clothing>
  <id>
   906431860
  </id>
  <name>
   DC Jeans S-7219
  </name>
  <category>
   Jeans
  </category>
  <size>
   L
  </size>
  <color>
   Желтый
  </color>
  <material>
   Вискоза
  </material>
  <price>
   406921
  </price>
  <rating>
   3.0
  </rating>
  <reviews>
   379693
  </reviews>
  <new>
   +
  </new>
  <sporty>
   no
  </sporty>
 </clothing>
 <clothing>
  <id>
   391816352
  </id>
  <name>
   Lacoste Shirt D-5427
  </name>
  <category>
   Shirt
  </category>
  <size>
   M
  </size>
  <color>
   Красный
  </color>
  <material>
   Вискоза
  </material>
  <price>
   967570
  </price>
  <rating>
   4.22
  </rating>
  <reviews>
   441955
  </reviews>
  <exclusive>
   yes
  </exclusive>
  <sporty>
   no
  </sporty>
 </clothing>
 <clothing>
  <id>
   447915431
  </id>
  <name>
   Asics Jacket B-4709
  </name>
  <category>
   Jacket
  </category>
  <size>
   S
  </size>
  <color>
   Фиолетовый
  </color>
  <material>
   Кожа
  </material>
  <price>
   610491
  </price>
  <rating>
   2.13
  </rating>
  <reviews>
   292310
  </reviews>
  <exclusive>
   yes
  </exclusive>
  <sporty>
   no
  </sporty>
 </clothing>
 <clothing>
  <id>
   803946903
  </id>
  <name>
   Asics Hat D-3827
  </name>
  <category>
   Hat
  </category>
  <size>
   XL
  </size>
  <color>
   Желтый
  </color>
  <material>
   Вискоза
  </material>
  <price>
   685632
  </price>
  <rating>
   1.87
  </rating>
  <reviews>
   696895
  </reviews>
  <new>
   +
  </new>
  <exclusive>
   no
  </exclusive>
 </clothing>
 <clothing>
  <id>
   277634052
  </id>
  <name>
   Nike Jacket F-4920
  </name>
  <category>
   Jacket
  </category>
  <size>
   S
  </size>
  <color>
   Фиолетовый
  </color>
  <material>
   Шелк
  </material>
  <price>
   148981
  </price>
  <rating>
   3.3
  </rating>
  <reviews>
   523648
  </reviews>
  <new>
   -
  </new>
  <sporty>
   no
  </sporty>
 </clothing>
 <clothing>
  <id>
   438000176
  </id>
  <name>
   Puma Shoes U-9407
  </name>
  <category>
   Shoes
  </category>
  <size>
   L
  </size>
  <color>
   Зеленый
  </color>
  <material>
   Шерсть
  </material>
  <price>
   391118
  </price>
  <rating>
   1.76
  </rating>
  <reviews>
   984706
  </reviews>
  <exclusive>
   yes
  </exclusive>
  <sporty>
   no
  </sporty>
 </clothing>
 <clothing>
  <id>
   512688236
  </id>
  <name>
   Reebok Umbrellas B-6881
  </name>
  <category>
   Umbrellas
  </category>
  <size>
   XXL
  </size>
  <color>
   Желтый
  </color>
  <material>
   Хлопок
  </material>
  <price>
   851439
  </price>
  <rating>
   1.57
  </rating>
  <reviews>
   603447
  </reviews>
  <new>
   +
  </new>
  <sporty>
   no
  </sporty>
 </clothing>
 <clothing>
  <id>
   184358380
  </id>
  <name>
   Fila Shoes P-4506
  </name>
  <category>
   Shoes
  </category>
  <size>
   XL
  </size>
  <color>
   Оранжевый
  </color>
  <material>
   Шелк
  </material>
  <price>
   182868
  </price>
  <rating>
   2.83
  </rating>
  <reviews>
   377673
  </reviews>
  <new>
   -
  </new>
  <exclusive>
   no
  </exclusive>
 </clothing>
 <clothing>
  <id>
   529933337
  </id>
  <name>
   Addidas Blouse S-4533
  </name>
  <category>
   Blouse
  </category>
  <size>
   XL
  </size>
  <color>
   Красный
  </color>
  <material>
   Кожа
  </material>
  <price>
   147791
  </price>
  <rating>
   3.41
  </rating>
  <reviews>
   532364
  </reviews>
  <sporty>
   yes
  </sporty>
 </clothing>
 <clothing>
  <id>
   408741098
  </id>
  <name>
   Fila T-shirt A-7177
  </name>
  <category>
   T-shirt
  </category>
  <size>
   XXL
  </size>
  <color>
   Желтый
  </color>
  <material>
   Нейлон
  </material>
  <price>
   765687
  </price>
  <rating>
   2.69
  </rating>
  <reviews>
   845608
  </reviews>
  <new>
   -
  </new>
  <exclusive>
   no
  </exclusive>
  <sporty>
   no
  </sporty>
 </clothing>
 <clothing>
  <id>
   835915814
  </id>
  <name>
   DC Shoes B-3665
  </name>
  <category>
   Shoes
  </category>
  <size>
   XL
  </size>
  <color>
   Оранжевый
  </color>
  <material>
   Лен
  </material>
  <price>
   794928
  </price>
  <rating>
   2.7
  </rating>
  <reviews>
   171753
  </reviews>
  <new>
   +
  </new>
  <exclusive>
   no
  </exclusive>
 </clothing>
 <clothing>
  <id>
   360053097
  </id>
  <name>
   Lacoste Shoes I-7550
  </name>
  <category>
   Shoes
  </category>
  <size>
   XL
  </size>
  <color>
   Желтый
  </color>
  <material>
   Вискоза
  </material>
  <price>
   761630
  </price>
  <rating>
   3.99
  </rating>
  <reviews>
   969746
  </reviews>
  <new>
   +
  </new>
  <exclusive>
   yes
  </exclusive>
  <sporty>
   no
  </sporty>
 </clothing>
 <clothing>
  <id>
   336480895
  </id>
  <name>
   Converse Hat C-6775
  </name>
  <category>
   Hat
  </category>
  <size>
   M
  </size>
  <color>
   Синий
  </color>
  <material>
   Шерсть
  </material>
  <price>
   126702
  </price>
  <rating>
   1.67
  </rating>
  <reviews>
   992685
  </reviews>
  <exclusive>
   no
  </exclusive>
 </clothing>
 <clothing>
  <id>
   804295091
  </id>
  <name>
   Fila Jacket U-9130
  </name>
  <category>
   Jacket
  </category>
  <size>
   XXL
  </size>
  <color>
   Фиолетовый
  </color>
  <material>
   Нейлон
  </material>
  <price>
   627669
  </price>
  <rating>
   1.67
  </rating>
  <reviews>
   306086
  </reviews>
  <sporty>
   no
  </sporty>
 </clothing>
 <clothing>
  <id>
   607467936
  </id>
  <name>
   PleinSport Hat X-5813
  </name>
  <category>
   Hat
  </category>
  <size>
   L
  </size>
  <color>
   Синий
  </color>
  <material>
   Вискоза
  </material>
  <price>
   463321
  </price>
  <rating>
   1.43
  </rating>
  <reviews>
   25350
  </reviews>
 </clothing>
 <clothing>
  <id>
   657218409
  </id>
  <name>
   Brooks Dress N-1153
  </name>
  <category>
   Dress
  </category>
  <size>
   L
  </size>
  <color>
   Синий
  </color>
  <material>
   Кожа
  </material>
  <price>
   932744
  </price>
  <rating>
   2.29
  </rating>
  <reviews>
   270686
  </reviews>
  <new>
   -
  </new>
  <sporty>
   no
  </sporty>
 </clothing>
 <clothing>
  <id>
   358596728
  </id>
  <name>
   Adidas Socks E-9846
  </name>
  <category>
   Socks
  </category>
  <size>
   XXL
  </size>
  <color>
   Синий
  </color>
  <material>
   Шелк
  </material>
  <price>
   946136
  </price>
  <rating>
   1.55
  </rating>
  <reviews>
   441273
  </reviews>
 </clothing>
</clothing-items>
