<?xml version="1.0" encoding="utf-8"?>
<clothing-items>
 <clothing>
  <id>
   213438419
  </id>
  <name>
   Under Armour Shoes O-1559
  </name>
  <category>
   Shoes
  </category>
  <size>
   L
  </size>
  <color>
   Голубой
  </color>
  <material>
   Хлопок
  </material>
  <price>
   563760
  </price>
  <rating>
   2.78
  </rating>
  <reviews>
   856524
  </reviews>
  <new>
   -
  </new>
  <exclusive>
   yes
  </exclusive>
 </clothing>
 <clothing>
  <id>
   510612622
  </id>
  <name>
   Nike Pants W-2718
  </name>
  <category>
   Pants
  </category>
  <size>
   S
  </size>
  <color>
   Синий
  </color>
  <material>
   Полиэстер
  </material>
  <price>
   359648
  </price>
  <rating>
   3.86
  </rating>
  <reviews>
   567774
  </reviews>
  <exclusive>
   no
  </exclusive>
  <sporty>
   yes
  </sporty>
 </clothing>
 <clothing>
  <id>
   853593727
  </id>
  <name>
   New Balance Shoes X-5127
  </name>
  <category>
   Shoes
  </category>
  <size>
   M
  </size>
  <color>
   Зеленый
  </color>
  <material>
   Кожа
  </material>
  <price>
   853945
  </price>
  <rating>
   4.63
  </rating>
  <reviews>
   550275
  </reviews>
  <new>
   -
  </new>
  <sporty>
   yes
  </sporty>
 </clothing>
 <clothing>
  <id>
   587736987
  </id>
  <name>
   Ellesse Belts A-5009
  </name>
  <category>
   Belts
  </category>
  <size>
   XL
  </size>
  <color>
   Синий
  </color>
  <material>
   Шерсть
  </material>
  <price>
   180592
  </price>
  <rating>
   3.8
  </rating>
  <reviews>
   425644
  </reviews>
  <exclusive>
   no
  </exclusive>
 </clothing>
 <clothing>
  <id>
   882441038
  </id>
  <name>
   Under Armour Shoes Y-5302
  </name>
  <category>
   Shoes
  </category>
  <size>
   L
  </size>
  <color>
   Фиолетовый
  </color>
  <material>
   Хлопок
  </material>
  <price>
   774624
  </price>
  <rating>
   1.77
  </rating>
  <reviews>
   674262
  </reviews>
  <exclusive>
   yes
  </exclusive>
 </clothing>
 <clothing>
  <id>
   576555031
  </id>
  <name>
   Fila Blouse E-1727
  </name>
  <category>
   Blouse
  </category>
  <size>
   M
  </size>
  <color>
   Оранжевый
  </color>
  <material>
   Нейлон
  </material>
  <price>
   504121
  </price>
  <rating>
   1.48
  </rating>
  <reviews>
   217382
  </reviews>
  <new>
   -
  </new>
  <sporty>
   no
  </sporty>
 </clothing>
 <clothing>
  <id>
   693659994
  </id>
  <name>
   DC Umbrellas X-4383
  </name>
  <category>
   Umbrellas
  </category>
  <size>
   XL
  </size>
  <color>
   Желтый
  </color>
  <material>
   Шелк
  </material>
  <price>
   638159
  </price>
  <rating>
   2.17
  </rating>
  <reviews>
   921758
  </reviews>
  <new>
   -
  </new>
  <sporty>
   yes
  </sporty>
 </clothing>
 <clothing>
  <id>
   349342896
  </id>
  <name>
   Asics Belts I-6050
  </name>
  <category>
   Belts
  </category>
  <size>
   XL
  </size>
  <color>
   Зеленый
  </color>
  <material>
   Кожа
  </material>
  <price>
   455868
  </price>
  <rating>
   2.22
  </rating>
  <reviews>
   36174
  </reviews>
  <exclusive>
   no
  </exclusive>
 </clothing>
 <clothing>
  <id>
   688571815
  </id>
  <name>
   Adidas Dress Q-7529
  </name>
  <category>
   Dress
  </category>
  <size>
   M
  </size>
  <color>
   Фиолетовый
  </color>
  <material>
   Вискоза
  </material>
  <price>
   303816
  </price>
  <rating>
   1.81
  </rating>
  <reviews>
   141071
  </reviews>
  <new>
   +
  </new>
  <exclusive>
   no
  </exclusive>
  <sporty>
   no
  </sporty>
 </clothing>
 <clothing>
  <id>
   957599183
  </id>
  <name>
   New Balance Gloves Q-7905
  </name>
  <category>
   Gloves
  </category>
  <size>
   S
  </size>
  <color>
   Зеленый
  </color>
  <material>
   Нейлон
  </material>
  <price>
   135701
  </price>
  <rating>
   3.01
  </rating>
  <reviews>
   471832
  </reviews>
  <new>
   -
  </new>
  <exclusive>
   no
  </exclusive>
  <sporty>
   yes
  </sporty>
 </clothing>
 <clothing>
  <id>
   680291046
  </id>
  <name>
   PleinSport Jeans A-5036
  </name>
  <category>
   Jeans
  </category>
  <size>
   XXL
  </size>
  <color>
   Оранжевый
  </color>
  <material>
   Кожа
  </material>
  <price>
   235644
  </price>
  <rating>
   1.4
  </rating>
  <reviews>
   75324
  </reviews>
  <new>
   -
  </new>
 </clothing>
 <clothing>
  <id>
   754274084
  </id>
  <name>
   Adidas Skirt D-2674
  </name>
  <category>
   Skirt
  </category>
  <size>
   XL
  </size>
  <color>
   Зеленый
  </color>
  <material>
   Хлопок
  </material>
  <price>
   501579
  </price>
  <rating>
   1.84
  </rating>
  <reviews>
   257769
  </reviews>
  <new>
   -
  </new>
  <sporty>
   no
  </sporty>
 </clothing>
 <clothing>
  <id>
   578017718
  </id>
  <name>
   Vans Socks O-3743
  </name>
  <category>
   Socks
  </category>
  <size>
   M
  </size>
  <color>
   Оранжевый
  </color>
  <material>
   Кожа
  </material>
  <price>
   549503
  </price>
  <rating>
   3.12
  </rating>
  <reviews>
   37255
  </reviews>
 </clothing>
 <clothing>
  <id>
   672605414
  </id>
  <name>
   Nike Blouse M-9920
  </name>
  <category>
   Blouse
  </category>
  <size>
   L
  </size>
  <color>
   Желтый
  </color>
  <material>
   Лен
  </material>
  <price>
   406142
  </price>
  <rating>
   4.93
  </rating>
  <reviews>
   636143
  </reviews>
  <exclusive>
   yes
  </exclusive>
 </clothing>
 <clothing>
  <id>
   758565283
  </id>
  <name>
   PleinSport Shoes Q-7000
  </name>
  <category>
   Shoes
  </category>
  <size>
   XL
  </size>
  <color>
   Голубой
  </color>
  <material>
   Шелк
  </material>
  <price>
   795128
  </price>
  <rating>
   3.76
  </rating>
  <reviews>
   703768
  </reviews>
  <sporty>
   no
  </sporty>
 </clothing>
 <clothing>
  <id>
   697082656
  </id>
  <name>
   Addidas Socks N-3671
  </name>
  <category>
   Socks
  </category>
  <size>
   XXL
  </size>
  <color>
   Фиолетовый
  </color>
  <material>
   Лен
  </material>
  <price>
   600230
  </price>
  <rating>
   1.97
  </rating>
  <reviews>
   174285
  </reviews>
 </clothing>
 <clothing>
  <id>
   307792760
  </id>
  <name>
   DC Socks D-1258
  </name>
  <category>
   Socks
  </category>
  <size>
   L
  </size>
  <color>
   Зеленый
  </color>
  <material>
   Полиэстер
  </material>
  <price>
   336953
  </price>
  <rating>
   2.4
  </rating>
  <reviews>
   264301
  </reviews>
  <new>
   -
  </new>
  <exclusive>
   yes
  </exclusive>
  <sporty>
   yes
  </sporty>
 </clothing>
 <clothing>
  <id>
   652367198
  </id>
  <name>
   Converse Gloves D-8059
  </name>
  <category>
   Gloves
  </category>
  <size>
   M
  </size>
  <color>
   Оранжевый
  </color>
  <material>
   Кожа
  </material>
  <price>
   352980
  </price>
  <rating>
   1.1
  </rating>
  <reviews>
   558917
  </reviews>
  <new>
   -
  </new>
  <sporty>
   no
  </sporty>
 </clothing>
 <clothing>
  <id>
   927620878
  </id>
  <name>
   Nike T-shirt P-7408
  </name>
  <category>
   T-shirt
  </category>
  <size>
   XL
  </size>
  <color>
   Красный
  </color>
  <material>
   Полиэстер
  </material>
  <price>
   308384
  </price>
  <rating>
   2.4
  </rating>
  <reviews>
   338160
  </reviews>
  <sporty>
   yes
  </sporty>
 </clothing>
 <clothing>
  <id>
   795980851
  </id>
  <name>
   PleinSport Handbags M-2188
  </name>
  <category>
   Handbags
  </category>
  <size>
   L
  </size>
  <color>
   Зеленый
  </color>
  <material>
   Полиэстер
  </material>
  <price>
   968842
  </price>
  <rating>
   3.65
  </rating>
  <reviews>
   155013
  </reviews>
  <new>
   +
  </new>
  <sporty>
   yes
  </sporty>
 </clothing>
 <clothing>
  <id>
   603731524
  </id>
  <name>
   Nike Hat W-2770
  </name>
  <category>
   Hat
  </category>
  <size>
   XXL
  </size>
  <color>
   Желтый
  </color>
  <material>
   Хлопок
  </material>
  <price>
   926310
  </price>
  <rating>
   3.18
  </rating>
  <reviews>
   92201
  </reviews>
  <new>
   -
  </new>
  <exclusive>
   yes
  </exclusive>
 </clothing>
 <clothing>
  <id>
   867699017
  </id>
  <name>
   Under Armour Pants D-2086
  </name>
  <category>
   Pants
  </category>
  <size>
   L
  </size>
  <color>
   Голубой
  </color>
  <material>
   Кожа
  </material>
  <price>
   849955
  </price>
  <rating>
   2.94
  </rating>
  <reviews>
   69656
  </reviews>
  <exclusive>
   no
  </exclusive>
  <sporty>
   yes
  </sporty>
 </clothing>
 <clothing>
  <id>
   329112876
  </id>
  <name>
   Addidas Umbrellas Y-2993
  </name>
  <category>
   Umbrellas
  </category>
  <size>
   S
  </size>
  <color>
   Синий
  </color>
  <material>
   Шелк
  </material>
  <price>
   151881
  </price>
  <rating>
   4.06
  </rating>
  <reviews>
   992730
  </reviews>
 </clothing>
 <clothing>
  <id>
   103345851
  </id>
  <name>
   Ellesse Hat P-7872
  </name>
  <category>
   Hat
  </category>
  <size>
   XXL
  </size>
  <color>
   Оранжевый
  </color>
  <material>
   Вискоза
  </material>
  <price>
   347390
  </price>
  <rating>
   3.71
  </rating>
  <reviews>
   765179
  </reviews>
  <exclusive>
   no
  </exclusive>
 </clothing>
 <clothing>
  <id>
   440574163
  </id>
  <name>
   Fila Handbags L-5022
  </name>
  <category>
   Handbags
  </category>
  <size>
   XXL
  </size>
  <color>
   Голубой
  </color>
  <material>
   Нейлон
  </material>
  <price>
   440972
  </price>
  <rating>
   4.88
  </rating>
  <reviews>
   383682
  </reviews>
  <new>
   -
  </new>
  <exclusive>
   yes
  </exclusive>
 </clothing>
 <clothing>
  <id>
   470058140
  </id>
  <name>
   New Balance Jacket D-2151
  </name>
  <category>
   Jacket
  </category>
  <size>
   XL
  </size>
  <color>
   Синий
  </color>
  <material>
   Полиэстер
  </material>
  <price>
   884683
  </price>
  <rating>
   2.85
  </rating>
  <reviews>
   862390
  </reviews>
  <exclusive>
   no
  </exclusive>
  <sporty>
   yes
  </sporty>
 </clothing>
 <clothing>
  <id>
   695859413
  </id>
  <name>
   Nike Belts P-3014
  </name>
  <category>
   Belts
  </category>
  <size>
   L
  </size>
  <color>
   Голубой
  </color>
  <material>
   Вискоза
  </material>
  <price>
   515700
  </price>
  <rating>
   2.55
  </rating>
  <reviews>
   903929
  </reviews>
  <exclusive>
   yes
  </exclusive>
  <sporty>
   yes
  </sporty>
 </clothing>
 <clothing>
  <id>
   571750481
  </id>
  <name>
   Addidas T-shirt X-4553
  </name>
  <category>
   T-shirt
  </category>
  <size>
   XXL
  </size>
  <color>
   Фиолетовый
  </color>
  <material>
   Лен
  </material>
  <price>
   612959
  </price>
  <rating>
   4.53
  </rating>
  <reviews>
   291154
  </reviews>
  <exclusive>
   yes
  </exclusive>
 </clothing>
 <clothing>
  <id>
   813897702
  </id>
  <name>
   Nike Gloves F-7239
  </name>
  <category>
   Gloves
  </category>
  <size>
   XL
  </size>
  <color>
   Зеленый
  </color>
  <material>
   Шерсть
  </material>
  <price>
   783609
  </price>
  <rating>
   2.74
  </rating>
  <reviews>
   78350
  </reviews>
  <new>
   -
  </new>
  <exclusive>
   no
  </exclusive>
  <sporty>
   yes
  </sporty>
 </clothing>
 <clothing>
  <id>
   919088115
  </id>
  <name>
   PleinSport Socks D-1149
  </name>
  <category>
   Socks
  </category>
  <size>
   XXL
  </size>
  <color>
   Оранжевый
  </color>
  <material>
   Шелк
  </material>
  <price>
   124247
  </price>
  <rating>
   2.51
  </rating>
  <reviews>
   175028
  </reviews>
  <exclusive>
   no
  </exclusive>
 </clothing>
 <clothing>
  <id>
   307243190
  </id>
  <name>
   Ellesse Shoes I-6533
  </name>
  <category>
   Shoes
  </category>
  <size>
   L
  </size>
  <color>
   Зеленый
  </color>
  <material>
   Шелк
  </material>
  <price>
   644479
  </price>
  <rating>
   1.2
  </rating>
  <reviews>
   94882
  </reviews>
  <new>
   +
  </new>
  <sporty>
   no
  </sporty>
 </clothing>
 <clothing>
  <id>
   872876487
  </id>
  <name>
   Ellesse Dress O-5443
  </name>
  <category>
   Dress
  </category>
  <size>
   M
  </size>
  <color>
   Красный
  </color>
  <material>
   Шелк
  </material>
  <price>
   226764
  </price>
  <rating>
   2.3
  </rating>
  <reviews>
   60743
  </reviews>
  <exclusive>
   yes
  </exclusive>
 </clothing>
 <clothing>
  <id>
   539938860
  </id>
  <name>
   Vans Handbags J-3873
  </name>
  <category>
   Handbags
  </category>
  <size>
   S
  </size>
  <color>
   Оранжевый
  </color>
  <material>
   Кожа
  </material>
  <price>
   179041
  </price>
  <rating>
   3.48
  </rating>
  <reviews>
   244870
  </reviews>
  <new>
   +
  </new>
  <exclusive>
   yes
  </exclusive>
  <sporty>
   no
  </sporty>
 </clothing>
 <clothing>
  <id>
   859159123
  </id>
  <name>
   Vans Hat O-8811
  </name>
  <category>
   Hat
  </category>
  <size>
   S
  </size>
  <color>
   Оранжевый
  </color>
  <material>
   Кожа
  </material>
  <price>
   111851
  </price>
  <rating>
   1.53
  </rating>
  <reviews>
   561071
  </reviews>
  <exclusive>
   yes
  </exclusive>
 </clothing>
 <clothing>
  <id>
   150738157
  </id>
  <name>
   DC Gloves Q-5963
  </name>
  <category>
   Gloves
  </category>
  <size>
   XXL
  </size>
  <color>
   Зеленый
  </color>
  <material>
   Нейлон
  </material>
  <price>
   386506
  </price>
  <rating>
   2.54
  </rating>
  <reviews>
   525512
  </reviews>
  <new>
   -
  </new>
  <sporty>
   yes
  </sporty>
 </clothing>
 <clothing>
  <id>
   807587077
  </id>
  <name>
   Nike Blouse K-2114
  </name>
  <category>
   Blouse
  </category>
  <size>
   S
  </size>
  <color>
   Желтый
  </color>
  <material>
   Кожа
  </material>
  <price>
   109103
  </price>
  <rating>
   3.6
  </rating>
  <reviews>
   454364
  </reviews>
  <exclusive>
   no
  </exclusive>
  <sporty>
   yes
  </sporty>
 </clothing>
 <clothing>
  <id>
   733951104
  </id>
  <name>
   Fila Pants G-2506
  </name>
  <category>
   Pants
  </category>
  <size>
   M
  </size>
  <color>
   Зеленый
  </color>
  <material>
   Лен
  </material>
  <price>
   549151
  </price>
  <rating>
   3.52
  </rating>
  <reviews>
   20848
  </reviews>
  <exclusive>
   yes
  </exclusive>
 </clothing>
 <clothing>
  <id>
   451804453
  </id>
  <name>
   Addidas Jacket O-5747
  </name>
  <category>
   Jacket
  </category>
  <size>
   M
  </size>
  <color>
   Оранжевый
  </color>
  <material>
   Хлопок
  </material>
  <price>
   900827
  </price>
  <rating>
   2.02
  </rating>
  <reviews>
   714570
  </reviews>
  <new>
   +
  </new>
  <exclusive>
   yes
  </exclusive>
  <sporty>
   no
  </sporty>
 </clothing>
 <clothing>
  <id>
   162602675
  </id>
  <name>
   Converse Belts S-4450
  </name>
  <category>
   Belts
  </category>
  <size>
   XL
  </size>
  <color>
   Синий
  </color>
  <material>
   Шерсть
  </material>
  <price>
   411150
  </price>
  <rating>
   3.39
  </rating>
  <reviews>
   111403
  </reviews>
  <new>
   +
  </new>
  <exclusive>
   no
  </exclusive>
 </clothing>
 <clothing>
  <id>
   565630762
  </id>
  <name>
   DC Handbags W-9914
  </name>
  <category>
   Handbags
  </category>
  <size>
   XXL
  </size>
  <color>
   Оранжевый
  </color>
  <material>
   Полиэстер
  </material>
  <price>
   277435
  </price>
  <rating>
   2.97
  </rating>
  <reviews>
   715018
  </reviews>
  <exclusive>
   no
  </exclusive>
  <sporty>
   yes
  </sporty>
 </clothing>
 <clothing>
  <id>
   560505777
  </id>
  <name>
   Puma Socks E-9364
  </name>
  <category>
   Socks
  </category>
  <size>
   XL
  </size>
  <color>
   Зеленый
  </color>
  <material>
   Нейлон
  </material>
  <price>
   621304
  </price>
  <rating>
   4.37
  </rating>
  <reviews>
   862001
  </reviews>
  <new>
   -
  </new>
  <sporty>
   no
  </sporty>
 </clothing>
 <clothing>
  <id>
   858277148
  </id>
  <name>
   Nike Jacket Q-1879
  </name>
  <category>
   Jacket
  </category>
  <size>
   XXL
  </size>
  <color>
   Фиолетовый
  </color>
  <material>
   Кожа
  </material>
  <price>
   405898
  </price>
  <rating>
   4.04
  </rating>
  <reviews>
   20114
  </reviews>
  <new>
   -
  </new>
  <exclusive>
   no
  </exclusive>
  <sporty>
   no
  </sporty>
 </clothing>
 <clothing>
  <id>
   860168376
  </id>
  <name>
   Under Armour Skirt R-1525
  </name>
  <category>
   Skirt
  </category>
  <size>
   L
  </size>
  <color>
   Фиолетовый
  </color>
  <material>
   Вискоза
  </material>
  <price>
   730145
  </price>
  <rating>
   4.11
  </rating>
  <reviews>
   879186
  </reviews>
  <exclusive>
   yes
  </exclusive>
 </clothing>
 <clothing>
  <id>
   741540325
  </id>
  <name>
   Asics Gloves T-9940
  </name>
  <category>
   Gloves
  </category>
  <size>
   XL
  </size>
  <color>
   Красный
  </color>
  <material>
   Хлопок
  </material>
  <price>
   686838
  </price>
  <rating>
   2.81
  </rating>
  <reviews>
   354390
  </reviews>
 </clothing>
 <clothing>
  <id>
   802600198
  </id>
  <name>
   Asics T-shirt Q-3687
  </name>
  <category>
   T-shirt
  </category>
  <size>
   L
  </size>
  <color>
   Оранжевый
  </color>
  <material>
   Кожа
  </material>
  <price>
   665683
  </price>
  <rating>
   4.31
  </rating>
  <reviews>
   11681
  </reviews>
  <new>
   +
  </new>
  <exclusive>
   no
  </exclusive>
 </clothing>
 <clothing>
  <id>
   926753546
  </id>
  <name>
   Vans Shirt J-5258
  </name>
  <category>
   Shirt
  </category>
  <size>
   M
  </size>
  <color>
   Оранжевый
  </color>
  <material>
   Хлопок
  </material>
  <price>
   201461
  </price>
  <rating>
   1.06
  </rating>
  <reviews>
   523790
  </reviews>
  <new>
   +
  </new>
  <exclusive>
   yes
  </exclusive>
  <sporty>
   no
  </sporty>
 </clothing>
 <clothing>
  <id>
   202373152
  </id>
  <name>
   Brooks Skirt N-6489
  </name>
  <category>
   Skirt
  </category>
  <size>
   XXL
  </size>
  <color>
   Красный
  </color>
  <material>
   Полиэстер
  </material>
  <price>
   936224
  </price>
  <rating>
   1.4
  </rating>
  <reviews>
   615291
  </reviews>
  <new>
   +
  </new>
  <exclusive>
   no
  </exclusive>
  <sporty>
   yes
  </sporty>
 </clothing>
 <clothing>
  <id>
   971802035
  </id>
  <name>
   Vans Hat G-4669
  </name>
  <category>
   Hat
  </category>
  <size>
   L
  </size>
  <color>
   Зеленый
  </color>
  <material>
   Шерсть
  </material>
  <price>
   601006
  </price>
  <rating>
   1.71
  </rating>
  <reviews>
   907156
  </reviews>
  <new>
   -
  </new>
  <sporty>
   yes
  </sporty>
 </clothing>
</clothing-items>
