<?xml version="1.0" encoding="utf-8"?>
<clothing-items>
 <clothing>
  <id>
   319290749
  </id>
  <name>
   Vans Hat L-9230
  </name>
  <category>
   Hat
  </category>
  <size>
   S
  </size>
  <color>
   Фиолетовый
  </color>
  <material>
   Шелк
  </material>
  <price>
   522729
  </price>
  <rating>
   1.88
  </rating>
  <reviews>
   387616
  </reviews>
  <exclusive>
   yes
  </exclusive>
 </clothing>
 <clothing>
  <id>
   966780991
  </id>
  <name>
   Reebok Socks K-5397
  </name>
  <category>
   Socks
  </category>
  <size>
   M
  </size>
  <color>
   Фиолетовый
  </color>
  <material>
   Вискоза
  </material>
  <price>
   746701
  </price>
  <rating>
   3.9
  </rating>
  <reviews>
   381681
  </reviews>
  <exclusive>
   yes
  </exclusive>
 </clothing>
 <clothing>
  <id>
   610782141
  </id>
  <name>
   New Balance Dress Q-2791
  </name>
  <category>
   Dress
  </category>
  <size>
   S
  </size>
  <color>
   Синий
  </color>
  <material>
   Нейлон
  </material>
  <price>
   262443
  </price>
  <rating>
   1.82
  </rating>
  <reviews>
   152987
  </reviews>
  <new>
   +
  </new>
  <exclusive>
   no
  </exclusive>
 </clothing>
 <clothing>
  <id>
   613816942
  </id>
  <name>
   PleinSport Belts R-4295
  </name>
  <category>
   Belts
  </category>
  <size>
   S
  </size>
  <color>
   Желтый
  </color>
  <material>
   Шерсть
  </material>
  <price>
   692142
  </price>
  <rating>
   4.81
  </rating>
  <reviews>
   751270
  </reviews>
  <new>
   -
  </new>
 </clothing>
 <clothing>
  <id>
   979021820
  </id>
  <name>
   Reebok Dress R-2309
  </name>
  <category>
   Dress
  </category>
  <size>
   XL
  </size>
  <color>
   Оранжевый
  </color>
  <material>
   Полиэстер
  </material>
  <price>
   498549
  </price>
  <rating>
   4.2
  </rating>
  <reviews>
   530594
  </reviews>
  <new>
   +
  </new>
  <exclusive>
   yes
  </exclusive>
  <sporty>
   no
  </sporty>
 </clothing>
 <clothing>
  <id>
   391956806
  </id>
  <name>
   Fila Jacket C-3018
  </name>
  <category>
   Jacket
  </category>
  <size>
   XL
  </size>
  <color>
   Оранжевый
  </color>
  <material>
   Шерсть
  </material>
  <price>
   114528
  </price>
  <rating>
   4.98
  </rating>
  <reviews>
   823317
  </reviews>
 </clothing>
 <clothing>
  <id>
   240739844
  </id>
  <name>
   Converse Jacket S-6925
  </name>
  <category>
   Jacket
  </category>
  <size>
   L
  </size>
  <color>
   Оранжевый
  </color>
  <material>
   Шерсть
  </material>
  <price>
   561012
  </price>
  <rating>
   3.07
  </rating>
  <reviews>
   152778
  </reviews>
  <new>
   +
  </new>
  <sporty>
   yes
  </sporty>
 </clothing>
 <clothing>
  <id>
   361911505
  </id>
  <name>
   PleinSport Socks T-1535
  </name>
  <category>
   Socks
  </category>
  <size>
   L
  </size>
  <color>
   Синий
  </color>
  <material>
   Шелк
  </material>
  <price>
   502003
  </price>
  <rating>
   1.76
  </rating>
  <reviews>
   618504
  </reviews>
  <new>
   -
  </new>
 </clothing>
 <clothing>
  <id>
   543664828
  </id>
  <name>
   Asics Handbags P-8198
  </name>
  <category>
   Handbags
  </category>
  <size>
   L
  </size>
  <color>
   Зеленый
  </color>
  <material>
   Кожа
  </material>
  <price>
   587058
  </price>
  <rating>
   4.15
  </rating>
  <reviews>
   325261
  </reviews>
  <new>
   -
  </new>
  <exclusive>
   no
  </exclusive>
  <sporty>
   yes
  </sporty>
 </clothing>
 <clothing>
  <id>
   484923142
  </id>
  <name>
   Nike T-shirt S-9571
  </name>
  <category>
   T-shirt
  </category>
  <size>
   M
  </size>
  <color>
   Фиолетовый
  </color>
  <material>
   Вискоза
  </material>
  <price>
   727273
  </price>
  <rating>
   4.94
  </rating>
  <reviews>
   829818
  </reviews>
  <new>
   -
  </new>
  <exclusive>
   no
  </exclusive>
  <sporty>
   yes
  </sporty>
 </clothing>
 <clothing>
  <id>
   232805362
  </id>
  <name>
   Puma Shirt M-9757
  </name>
  <category>
   Shirt
  </category>
  <size>
   S
  </size>
  <color>
   Желтый
  </color>
  <material>
   Хлопок
  </material>
  <price>
   439163
  </price>
  <rating>
   1.52
  </rating>
  <reviews>
   792797
  </reviews>
  <new>
   +
  </new>
  <exclusive>
   no
  </exclusive>
  <sporty>
   no
  </sporty>
 </clothing>
 <clothing>
  <id>
   207203162
  </id>
  <name>
   Vans Belts L-4364
  </name>
  <category>
   Belts
  </category>
  <size>
   XL
  </size>
  <color>
   Голубой
  </color>
  <material>
   Шерсть
  </material>
  <price>
   374253
  </price>
  <rating>
   4.89
  </rating>
  <reviews>
   585912
  </reviews>
  <new>
   +
  </new>
  <exclusive>
   no
  </exclusive>
 </clothing>
 <clothing>
  <id>
   461991161
  </id>
  <name>
   Converse Skirt G-2591
  </name>
  <category>
   Skirt
  </category>
  <size>
   XXL
  </size>
  <color>
   Фиолетовый
  </color>
  <material>
   Вискоза
  </material>
  <price>
   508180
  </price>
  <rating>
   1.81
  </rating>
  <reviews>
   314218
  </reviews>
  <exclusive>
   yes
  </exclusive>
  <sporty>
   no
  </sporty>
 </clothing>
 <clothing>
  <id>
   688080618
  </id>
  <name>
   New Balance Umbrellas D-9091
  </name>
  <category>
   Umbrellas
  </category>
  <size>
   S
  </size>
  <color>
   Красный
  </color>
  <material>
   Кожа
  </material>
  <price>
   598107
  </price>
  <rating>
   2.47
  </rating>
  <reviews>
   716041
  </reviews>
  <new>
   +
  </new>
 </clothing>
 <clothing>
  <id>
   953440602
  </id>
  <name>
   Reebok Socks C-7442
  </name>
  <category>
   Socks
  </category>
  <size>
   M
  </size>
  <color>
   Фиолетовый
  </color>
  <material>
   Шерсть
  </material>
  <price>
   582110
  </price>
  <rating>
   3.45
  </rating>
  <reviews>
   396334
  </reviews>
  <new>
   +
  </new>
  <sporty>
   yes
  </sporty>
 </clothing>
 <clothing>
  <id>
   278907210
  </id>
  <name>
   Puma Shirt K-8772
  </name>
  <category>
   Shirt
  </category>
  <size>
   XXL
  </size>
  <color>
   Красный
  </color>
  <material>
   Шелк
  </material>
  <price>
   105545
  </price>
  <rating>
   2.83
  </rating>
  <reviews>
   181790
  </reviews>
  <new>
   -
  </new>
  <exclusive>
   yes
  </exclusive>
  <sporty>
   yes
  </sporty>
 </clothing>
 <clothing>
  <id>
   224266812
  </id>
  <name>
   Addidas Umbrellas W-6444
  </name>
  <category>
   Umbrellas
  </category>
  <size>
   M
  </size>
  <color>
   Желтый
  </color>
  <material>
   Шелк
  </material>
  <price>
   881801
  </price>
  <rating>
   2.42
  </rating>
  <reviews>
   540119
  </reviews>
  <exclusive>
   no
  </exclusive>
  <sporty>
   yes
  </sporty>
 </clothing>
 <clothing>
  <id>
   424242842
  </id>
  <name>
   Adidas Skirt A-1707
  </name>
  <category>
   Skirt
  </category>
  <size>
   L
  </size>
  <color>
   Оранжевый
  </color>
  <material>
   Кожа
  </material>
  <price>
   907817
  </price>
  <rating>
   2.4
  </rating>
  <reviews>
   203259
  </reviews>
  <new>
   +
  </new>
  <sporty>
   no
  </sporty>
 </clothing>
 <clothing>
  <id>
   825018799
  </id>
  <name>
   New Balance Jacket V-5232
  </name>
  <category>
   Jacket
  </category>
  <size>
   XXL
  </size>
  <color>
   Фиолетовый
  </color>
  <material>
   Кожа
  </material>
  <price>
   653209
  </price>
  <rating>
   2.83
  </rating>
  <reviews>
   874734
  </reviews>
  <new>
   +
  </new>
  <exclusive>
   yes
  </exclusive>
  <sporty>
   yes
  </sporty>
 </clothing>
 <clothing>
  <id>
   592103548
  </id>
  <name>
   Fila Belts U-4543
  </name>
  <category>
   Belts
  </category>
  <size>
   S
  </size>
  <color>
   Зеленый
  </color>
  <material>
   Лен
  </material>
  <price>
   280407
  </price>
  <rating>
   2.12
  </rating>
  <reviews>
   858843
  </reviews>
  <exclusive>
   yes
  </exclusive>
  <sporty>
   no
  </sporty>
 </clothing>
 <clothing>
  <id>
   349189949
  </id>
  <name>
   Ellesse Jacket Z-5801
  </name>
  <category>
   Jacket
  </category>
  <size>
   S
  </size>
  <color>
   Оранжевый
  </color>
  <material>
   Лен
  </material>
  <price>
   576045
  </price>
  <rating>
   3.56
  </rating>
  <reviews>
   664122
  </reviews>
  <new>
   +
  </new>
  <exclusive>
   no
  </exclusive>
  <sporty>
   no
  </sporty>
 </clothing>
 <clothing>
  <id>
   574638104
  </id>
  <name>
   Fila Belts M-8147
  </name>
  <category>
   Belts
  </category>
  <size>
   XL
  </size>
  <color>
   Голубой
  </color>
  <material>
   Нейлон
  </material>
  <price>
   443433
  </price>
  <rating>
   4.51
  </rating>
  <reviews>
   458053
  </reviews>
  <exclusive>
   yes
  </exclusive>
  <sporty>
   no
  </sporty>
 </clothing>
 <clothing>
  <id>
   945292999
  </id>
  <name>
   Reebok Shirt Z-5851
  </name>
  <category>
   Shirt
  </category>
  <size>
   XXL
  </size>
  <color>
   Оранжевый
  </color>
  <material>
   Шелк
  </material>
  <price>
   298062
  </price>
  <rating>
   2.35
  </rating>
  <reviews>
   794070
  </reviews>
  <new>
   -
  </new>
  <exclusive>
   no
  </exclusive>
 </clothing>
 <clothing>
  <id>
   158647746
  </id>
  <name>
   Converse Skirt E-3000
  </name>
  <category>
   Skirt
  </category>
  <size>
   S
  </size>
  <color>
   Красный
  </color>
  <material>
   Лен
  </material>
  <price>
   209469
  </price>
  <rating>
   4.45
  </rating>
  <reviews>
   296202
  </reviews>
  <new>
   -
  </new>
 </clothing>
 <clothing>
  <id>
   304282945
  </id>
  <name>
   Addidas Socks E-7264
  </name>
  <category>
   Socks
  </category>
  <size>
   L
  </size>
  <color>
   Оранжевый
  </color>
  <material>
   Нейлон
  </material>
  <price>
   655975
  </price>
  <rating>
   4.24
  </rating>
  <reviews>
   435203
  </reviews>
  <sporty>
   no
  </sporty>
 </clothing>
 <clothing>
  <id>
   103529602
  </id>
  <name>
   Converse Gloves C-8592
  </name>
  <category>
   Gloves
  </category>
  <size>
   L
  </size>
  <color>
   Фиолетовый
  </color>
  <material>
   Хлопок
  </material>
  <price>
   176245
  </price>
  <rating>
   4.12
  </rating>
  <reviews>
   606844
  </reviews>
  <new>
   -
  </new>
  <sporty>
   no
  </sporty>
 </clothing>
 <clothing>
  <id>
   565333686
  </id>
  <name>
   Vans Umbrellas W-8836
  </name>
  <category>
   Umbrellas
  </category>
  <size>
   XL
  </size>
  <color>
   Зеленый
  </color>
  <material>
   Полиэстер
  </material>
  <price>
   669207
  </price>
  <rating>
   4.92
  </rating>
  <reviews>
   585417
  </reviews>
 </clothing>
 <clothing>
  <id>
   875411006
  </id>
  <name>
   Reebok Jacket S-2329
  </name>
  <category>
   Jacket
  </category>
  <size>
   XL
  </size>
  <color>
   Красный
  </color>
  <material>
   Кожа
  </material>
  <price>
   215967
  </price>
  <rating>
   1.2
  </rating>
  <reviews>
   601730
  </reviews>
  <new>
   +
  </new>
  <exclusive>
   yes
  </exclusive>
  <sporty>
   yes
  </sporty>
 </clothing>
 <clothing>
  <id>
   115621156
  </id>
  <name>
   Nike Skirt R-8702
  </name>
  <category>
   Skirt
  </category>
  <size>
   S
  </size>
  <color>
   Зеленый
  </color>
  <material>
   Шелк
  </material>
  <price>
   469403
  </price>
  <rating>
   2.58
  </rating>
  <reviews>
   251802
  </reviews>
  <new>
   +
  </new>
  <exclusive>
   yes
  </exclusive>
 </clothing>
</clothing-items>
