<?xml version="1.0" encoding="utf-8"?>
<clothing-items>
 <clothing>
  <id>
   386208177
  </id>
  <name>
   Converse T-shirt V-2144
  </name>
  <category>
   T-shirt
  </category>
  <size>
   S
  </size>
  <color>
   Оранжевый
  </color>
  <material>
   Хлопок
  </material>
  <price>
   152852
  </price>
  <rating>
   2.69
  </rating>
  <reviews>
   275250
  </reviews>
  <sporty>
   yes
  </sporty>
 </clothing>
 <clothing>
  <id>
   361738326
  </id>
  <name>
   Ellesse Shirt T-8929
  </name>
  <category>
   Shirt
  </category>
  <size>
   L
  </size>
  <color>
   Синий
  </color>
  <material>
   Хлопок
  </material>
  <price>
   706688
  </price>
  <rating>
   4.66
  </rating>
  <reviews>
   647897
  </reviews>
 </clothing>
 <clothing>
  <id>
   786495771
  </id>
  <name>
   Under Armour T-shirt A-5032
  </name>
  <category>
   T-shirt
  </category>
  <size>
   L
  </size>
  <color>
   Оранжевый
  </color>
  <material>
   Нейлон
  </material>
  <price>
   293565
  </price>
  <rating>
   3.97
  </rating>
  <reviews>
   758337
  </reviews>
  <exclusive>
   yes
  </exclusive>
 </clothing>
 <clothing>
  <id>
   824989884
  </id>
  <name>
   Nike Jacket M-5725
  </name>
  <category>
   Jacket
  </category>
  <size>
   M
  </size>
  <color>
   Зеленый
  </color>
  <material>
   Шелк
  </material>
  <price>
   656616
  </price>
  <rating>
   2.23
  </rating>
  <reviews>
   104034
  </reviews>
  <new>
   -
  </new>
  <exclusive>
   yes
  </exclusive>
  <sporty>
   no
  </sporty>
 </clothing>
 <clothing>
  <id>
   518909003
  </id>
  <name>
   Lacoste Dress A-8473
  </name>
  <category>
   Dress
  </category>
  <size>
   XL
  </size>
  <color>
   Зеленый
  </color>
  <material>
   Шелк
  </material>
  <price>
   918178
  </price>
  <rating>
   3.54
  </rating>
  <reviews>
   791398
  </reviews>
  <new>
   +
  </new>
  <exclusive>
   no
  </exclusive>
  <sporty>
   no
  </sporty>
 </clothing>
 <clothing>
  <id>
   693373659
  </id>
  <name>
   Brooks Jeans E-9175
  </name>
  <category>
   Jeans
  </category>
  <size>
   S
  </size>
  <color>
   Красный
  </color>
  <material>
   Нейлон
  </material>
  <price>
   805722
  </price>
  <rating>
   1.26
  </rating>
  <reviews>
   705925
  </reviews>
  <new>
   +
  </new>
  <exclusive>
   yes
  </exclusive>
  <sporty>
   no
  </sporty>
 </clothing>
 <clothing>
  <id>
   506127511
  </id>
  <name>
   DC Jacket O-7120
  </name>
  <category>
   Jacket
  </category>
  <size>
   S
  </size>
  <color>
   Оранжевый
  </color>
  <material>
   Вискоза
  </material>
  <price>
   982866
  </price>
  <rating>
   4.08
  </rating>
  <reviews>
   490644
  </reviews>
  <new>
   -
  </new>
  <exclusive>
   no
  </exclusive>
  <sporty>
   yes
  </sporty>
 </clothing>
 <clothing>
  <id>
   598998049
  </id>
  <name>
   Nike Socks O-3497
  </name>
  <category>
   Socks
  </category>
  <size>
   M
  </size>
  <color>
   Красный
  </color>
  <material>
   Хлопок
  </material>
  <price>
   572836
  </price>
  <rating>
   1.27
  </rating>
  <reviews>
   4366
  </reviews>
  <new>
   -
  </new>
  <sporty>
   no
  </sporty>
 </clothing>
 <clothing>
  <id>
   368973643
  </id>
  <name>
   DC Shirt E-7456
  </name>
  <category>
   Shirt
  </category>
  <size>
   M
  </size>
  <color>
   Оранжевый
  </color>
  <material>
   Полиэстер
  </material>
  <price>
   716550
  </price>
  <rating>
   2.41
  </rating>
  <reviews>
   279476
  </reviews>
  <new>
   -
  </new>
  <exclusive>
   yes
  </exclusive>
  <sporty>
   no
  </sporty>
 </clothing>
 <clothing>
  <id>
   656528006
  </id>
  <name>
   Converse T-shirt I-9016
  </name>
  <category>
   T-shirt
  </category>
  <size>
   XL
  </size>
  <color>
   Желтый
  </color>
  <material>
   Полиэстер
  </material>
  <price>
   379505
  </price>
  <rating>
   4.19
  </rating>
  <reviews>
   689525
  </reviews>
  <new>
   -
  </new>
  <sporty>
   no
  </sporty>
 </clothing>
 <clothing>
  <id>
   135339773
  </id>
  <name>
   Under Armour Blouse I-8117
  </name>
  <category>
   Blouse
  </category>
  <size>
   M
  </size>
  <color>
   Фиолетовый
  </color>
  <material>
   Полиэстер
  </material>
  <price>
   177210
  </price>
  <rating>
   3.68
  </rating>
  <reviews>
   351909
  </reviews>
  <new>
   +
  </new>
  <exclusive>
   yes
  </exclusive>
 </clothing>
 <clothing>
  <id>
   674257499
  </id>
  <name>
   Converse T-shirt Z-1880
  </name>
  <category>
   T-shirt
  </category>
  <size>
   M
  </size>
  <color>
   Голубой
  </color>
  <material>
   Шелк
  </material>
  <price>
   122987
  </price>
  <rating>
   3.01
  </rating>
  <reviews>
   645215
  </reviews>
  <new>
   +
  </new>
  <exclusive>
   no
  </exclusive>
 </clothing>
 <clothing>
  <id>
   200172572
  </id>
  <name>
   Addidas Hat X-5593
  </name>
  <category>
   Hat
  </category>
  <size>
   L
  </size>
  <color>
   Зеленый
  </color>
  <material>
   Кожа
  </material>
  <price>
   854618
  </price>
  <rating>
   4.23
  </rating>
  <reviews>
   939798
  </reviews>
  <new>
   -
  </new>
  <sporty>
   no
  </sporty>
 </clothing>
 <clothing>
  <id>
   196343736
  </id>
  <name>
   DC Blouse O-2276
  </name>
  <category>
   Blouse
  </category>
  <size>
   L
  </size>
  <color>
   Зеленый
  </color>
  <material>
   Полиэстер
  </material>
  <price>
   802714
  </price>
  <rating>
   2.4
  </rating>
  <reviews>
   168540
  </reviews>
  <new>
   +
  </new>
 </clothing>
 <clothing>
  <id>
   772924109
  </id>
  <name>
   Ellesse Sweater T-1684
  </name>
  <category>
   Sweater
  </category>
  <size>
   XL
  </size>
  <color>
   Красный
  </color>
  <material>
   Вискоза
  </material>
  <price>
   257529
  </price>
  <rating>
   4.32
  </rating>
  <reviews>
   226273
  </reviews>
  <sporty>
   no
  </sporty>
 </clothing>
 <clothing>
  <id>
   374631225
  </id>
  <name>
   Ellesse Jeans I-8502
  </name>
  <category>
   Jeans
  </category>
  <size>
   S
  </size>
  <color>
   Оранжевый
  </color>
  <material>
   Хлопок
  </material>
  <price>
   821345
  </price>
  <rating>
   4.92
  </rating>
  <reviews>
   316891
  </reviews>
  <exclusive>
   yes
  </exclusive>
 </clothing>
 <clothing>
  <id>
   598120408
  </id>
  <name>
   Converse Blouse X-3991
  </name>
  <category>
   Blouse
  </category>
  <size>
   M
  </size>
  <color>
   Фиолетовый
  </color>
  <material>
   Лен
  </material>
  <price>
   588902
  </price>
  <rating>
   1.57
  </rating>
  <reviews>
   35466
  </reviews>
  <new>
   +
  </new>
  <exclusive>
   yes
  </exclusive>
  <sporty>
   yes
  </sporty>
 </clothing>
 <clothing>
  <id>
   594121723
  </id>
  <name>
   Puma Socks L-5220
  </name>
  <category>
   Socks
  </category>
  <size>
   S
  </size>
  <color>
   Красный
  </color>
  <material>
   Хлопок
  </material>
  <price>
   729822
  </price>
  <rating>
   1.88
  </rating>
  <reviews>
   549539
  </reviews>
  <exclusive>
   no
  </exclusive>
  <sporty>
   no
  </sporty>
 </clothing>
 <clothing>
  <id>
   938244448
  </id>
  <name>
   Reebok Gloves D-2652
  </name>
  <category>
   Gloves
  </category>
  <size>
   XL
  </size>
  <color>
   Синий
  </color>
  <material>
   Хлопок
  </material>
  <price>
   254032
  </price>
  <rating>
   4.69
  </rating>
  <reviews>
   391318
  </reviews>
  <new>
   -
  </new>
 </clothing>
 <clothing>
  <id>
   630958236
  </id>
  <name>
   Puma T-shirt S-3134
  </name>
  <category>
   T-shirt
  </category>
  <size>
   M
  </size>
  <color>
   Фиолетовый
  </color>
  <material>
   Хлопок
  </material>
  <price>
   210136
  </price>
  <rating>
   4.61
  </rating>
  <reviews>
   635884
  </reviews>
  <new>
   -
  </new>
  <exclusive>
   yes
  </exclusive>
 </clothing>
 <clothing>
  <id>
   809805868
  </id>
  <name>
   Vans Belts F-7592
  </name>
  <category>
   Belts
  </category>
  <size>
   XXL
  </size>
  <color>
   Голубой
  </color>
  <material>
   Кожа
  </material>
  <price>
   357861
  </price>
  <rating>
   3.94
  </rating>
  <reviews>
   730105
  </reviews>
  <sporty>
   yes
  </sporty>
 </clothing>
 <clothing>
  <id>
   240468269
  </id>
  <name>
   Puma T-shirt B-4212
  </name>
  <category>
   T-shirt
  </category>
  <size>
   XXL
  </size>
  <color>
   Фиолетовый
  </color>
  <material>
   Шелк
  </material>
  <price>
   134357
  </price>
  <rating>
   4.89
  </rating>
  <reviews>
   151004
  </reviews>
  <sporty>
   yes
  </sporty>
 </clothing>
 <clothing>
  <id>
   414970449
  </id>
  <name>
   Asics Umbrellas L-7742
  </name>
  <category>
   Umbrellas
  </category>
  <size>
   S
  </size>
  <color>
   Голубой
  </color>
  <material>
   Лен
  </material>
  <price>
   236521
  </price>
  <rating>
   2.15
  </rating>
  <reviews>
   390264
  </reviews>
  <new>
   -
  </new>
  <sporty>
   no
  </sporty>
 </clothing>
 <clothing>
  <id>
   746715520
  </id>
  <name>
   Brooks Belts Z-9206
  </name>
  <category>
   Belts
  </category>
  <size>
   XXL
  </size>
  <color>
   Красный
  </color>
  <material>
   Шелк
  </material>
  <price>
   375963
  </price>
  <rating>
   2.37
  </rating>
  <reviews>
   163545
  </reviews>
 </clothing>
 <clothing>
  <id>
   771364073
  </id>
  <name>
   DC Pants E-1623
  </name>
  <category>
   Pants
  </category>
  <size>
   XXL
  </size>
  <color>
   Голубой
  </color>
  <material>
   Хлопок
  </material>
  <price>
   561616
  </price>
  <rating>
   3.21
  </rating>
  <reviews>
   711920
  </reviews>
  <new>
   -
  </new>
  <exclusive>
   no
  </exclusive>
 </clothing>
 <clothing>
  <id>
   605040585
  </id>
  <name>
   Addidas T-shirt G-8620
  </name>
  <category>
   T-shirt
  </category>
  <size>
   L
  </size>
  <color>
   Голубой
  </color>
  <material>
   Лен
  </material>
  <price>
   257019
  </price>
  <rating>
   1.22
  </rating>
  <reviews>
   754173
  </reviews>
  <new>
   -
  </new>
  <exclusive>
   no
  </exclusive>
  <sporty>
   no
  </sporty>
 </clothing>
 <clothing>
  <id>
   939015298
  </id>
  <name>
   Puma Sweater G-2936
  </name>
  <category>
   Sweater
  </category>
  <size>
   XXL
  </size>
  <color>
   Оранжевый
  </color>
  <material>
   Хлопок
  </material>
  <price>
   188851
  </price>
  <rating>
   4.66
  </rating>
  <reviews>
   117764
  </reviews>
 </clothing>
 <clothing>
  <id>
   982471677
  </id>
  <name>
   Puma Umbrellas X-7194
  </name>
  <category>
   Umbrellas
  </category>
  <size>
   XL
  </size>
  <color>
   Синий
  </color>
  <material>
   Шерсть
  </material>
  <price>
   108573
  </price>
  <rating>
   2.07
  </rating>
  <reviews>
   119126
  </reviews>
  <exclusive>
   yes
  </exclusive>
 </clothing>
 <clothing>
  <id>
   607250940
  </id>
  <name>
   Asics Jacket R-9344
  </name>
  <category>
   Jacket
  </category>
  <size>
   XXL
  </size>
  <color>
   Красный
  </color>
  <material>
   Кожа
  </material>
  <price>
   617035
  </price>
  <rating>
   1.85
  </rating>
  <reviews>
   338623
  </reviews>
  <exclusive>
   no
  </exclusive>
 </clothing>
 <clothing>
  <id>
   260025751
  </id>
  <name>
   New Balance Sweater I-7291
  </name>
  <category>
   Sweater
  </category>
  <size>
   M
  </size>
  <color>
   Зеленый
  </color>
  <material>
   Кожа
  </material>
  <price>
   886465
  </price>
  <rating>
   4.04
  </rating>
  <reviews>
   644303
  </reviews>
  <exclusive>
   no
  </exclusive>
 </clothing>
 <clothing>
  <id>
   386692033
  </id>
  <name>
   Fila Shoes E-6007
  </name>
  <category>
   Shoes
  </category>
  <size>
   M
  </size>
  <color>
   Фиолетовый
  </color>
  <material>
   Полиэстер
  </material>
  <price>
   401305
  </price>
  <rating>
   2.46
  </rating>
  <reviews>
   463507
  </reviews>
 </clothing>
 <clothing>
  <id>
   898501846
  </id>
  <name>
   New Balance Belts Q-8526
  </name>
  <category>
   Belts
  </category>
  <size>
   S
  </size>
  <color>
   Красный
  </color>
  <material>
   Кожа
  </material>
  <price>
   395034
  </price>
  <rating>
   1.49
  </rating>
  <reviews>
   61813
  </reviews>
  <new>
   -
  </new>
  <exclusive>
   yes
  </exclusive>
  <sporty>
   no
  </sporty>
 </clothing>
 <clothing>
  <id>
   572406800
  </id>
  <name>
   Brooks Belts X-7615
  </name>
  <category>
   Belts
  </category>
  <size>
   L
  </size>
  <color>
   Голубой
  </color>
  <material>
   Хлопок
  </material>
  <price>
   529455
  </price>
  <rating>
   1.67
  </rating>
  <reviews>
   415752
  </reviews>
  <exclusive>
   yes
  </exclusive>
  <sporty>
   yes
  </sporty>
 </clothing>
 <clothing>
  <id>
   457668412
  </id>
  <name>
   Addidas Handbags C-5446
  </name>
  <category>
   Handbags
  </category>
  <size>
   XL
  </size>
  <color>
   Синий
  </color>
  <material>
   Хлопок
  </material>
  <price>
   892660
  </price>
  <rating>
   3.09
  </rating>
  <reviews>
   801691
  </reviews>
  <new>
   +
  </new>
 </clothing>
</clothing-items>
