<?xml version="1.0" encoding="utf-8"?>
<clothing-items>
 <clothing>
  <id>
   261215142
  </id>
  <name>
   Addidas Belts S-2045
  </name>
  <category>
   Belts
  </category>
  <size>
   M
  </size>
  <color>
   Желтый
  </color>
  <material>
   Кожа
  </material>
  <price>
   744907
  </price>
  <rating>
   4.4
  </rating>
  <reviews>
   940145
  </reviews>
  <exclusive>
   yes
  </exclusive>
 </clothing>
 <clothing>
  <id>
   560083004
  </id>
  <name>
   Under Armour Skirt S-8872
  </name>
  <category>
   Skirt
  </category>
  <size>
   XXL
  </size>
  <color>
   Голубой
  </color>
  <material>
   Шелк
  </material>
  <price>
   275079
  </price>
  <rating>
   3.28
  </rating>
  <reviews>
   431008
  </reviews>
  <new>
   -
  </new>
  <exclusive>
   yes
  </exclusive>
  <sporty>
   no
  </sporty>
 </clothing>
 <clothing>
  <id>
   908206854
  </id>
  <name>
   Reebok Skirt Z-6820
  </name>
  <category>
   Skirt
  </category>
  <size>
   S
  </size>
  <color>
   Красный
  </color>
  <material>
   Шелк
  </material>
  <price>
   141453
  </price>
  <rating>
   1.63
  </rating>
  <reviews>
   414541
  </reviews>
  <exclusive>
   no
  </exclusive>
 </clothing>
 <clothing>
  <id>
   783870166
  </id>
  <name>
   New Balance Skirt R-3851
  </name>
  <category>
   Skirt
  </category>
  <size>
   XL
  </size>
  <color>
   Фиолетовый
  </color>
  <material>
   Нейлон
  </material>
  <price>
   459812
  </price>
  <rating>
   1.81
  </rating>
  <reviews>
   732518
  </reviews>
  <new>
   -
  </new>
  <exclusive>
   no
  </exclusive>
  <sporty>
   yes
  </sporty>
 </clothing>
 <clothing>
  <id>
   478938061
  </id>
  <name>
   Ellesse Gloves L-2151
  </name>
  <category>
   Gloves
  </category>
  <size>
   L
  </size>
  <color>
   Зеленый
  </color>
  <material>
   Шерсть
  </material>
  <price>
   780040
  </price>
  <rating>
   4.63
  </rating>
  <reviews>
   603325
  </reviews>
  <exclusive>
   yes
  </exclusive>
 </clothing>
 <clothing>
  <id>
   304769586
  </id>
  <name>
   Nike Hat E-3106
  </name>
  <category>
   Hat
  </category>
  <size>
   M
  </size>
  <color>
   Оранжевый
  </color>
  <material>
   Шелк
  </material>
  <price>
   707098
  </price>
  <rating>
   3.91
  </rating>
  <reviews>
   370124
  </reviews>
  <new>
   +
  </new>
  <sporty>
   no
  </sporty>
 </clothing>
 <clothing>
  <id>
   646457187
  </id>
  <name>
   Lacoste Belts P-9212
  </name>
  <category>
   Belts
  </category>
  <size>
   XXL
  </size>
  <color>
   Зеленый
  </color>
  <material>
   Шелк
  </material>
  <price>
   150275
  </price>
  <rating>
   3.69
  </rating>
  <reviews>
   282297
  </reviews>
  <new>
   +
  </new>
  <exclusive>
   yes
  </exclusive>
  <sporty>
   yes
  </sporty>
 </clothing>
 <clothing>
  <id>
   314457264
  </id>
  <name>
   Addidas Jeans O-2838
  </name>
  <category>
   Jeans
  </category>
  <size>
   XXL
  </size>
  <color>
   Зеленый
  </color>
  <material>
   Полиэстер
  </material>
  <price>
   622938
  </price>
  <rating>
   2.98
  </rating>
  <reviews>
   541604
  </reviews>
  <new>
   -
  </new>
  <exclusive>
   yes
  </exclusive>
  <sporty>
   no
  </sporty>
 </clothing>
 <clothing>
  <id>
   340526556
  </id>
  <name>
   Brooks Dress X-8990
  </name>
  <category>
   Dress
  </category>
  <size>
   M
  </size>
  <color>
   Голубой
  </color>
  <material>
   Лен
  </material>
  <price>
   326394
  </price>
  <rating>
   4.11
  </rating>
  <reviews>
   708099
  </reviews>
  <exclusive>
   no
  </exclusive>
  <sporty>
   no
  </sporty>
 </clothing>
 <clothing>
  <id>
   387610368
  </id>
  <name>
   Fila Jacket T-3700
  </name>
  <category>
   Jacket
  </category>
  <size>
   M
  </size>
  <color>
   Красный
  </color>
  <material>
   Вискоза
  </material>
  <price>
   614752
  </price>
  <rating>
   3.46
  </rating>
  <reviews>
   341993
  </reviews>
  <new>
   -
  </new>
  <exclusive>
   yes
  </exclusive>
 </clothing>
 <clothing>
  <id>
   712846145
  </id>
  <name>
   Lacoste Pants M-2178
  </name>
  <category>
   Pants
  </category>
  <size>
   XXL
  </size>
  <color>
   Голубой
  </color>
  <material>
   Полиэстер
  </material>
  <price>
   213422
  </price>
  <rating>
   3.15
  </rating>
  <reviews>
   318604
  </reviews>
  <new>
   +
  </new>
  <exclusive>
   no
  </exclusive>
 </clothing>
 <clothing>
  <id>
   822132500
  </id>
  <name>
   Ellesse Shoes K-3509
  </name>
  <category>
   Shoes
  </category>
  <size>
   M
  </size>
  <color>
   Голубой
  </color>
  <material>
   Хлопок
  </material>
  <price>
   255833
  </price>
  <rating>
   4.01
  </rating>
  <reviews>
   961210
  </reviews>
  <new>
   -
  </new>
  <exclusive>
   no
  </exclusive>
 </clothing>
 <clothing>
  <id>
   553310404
  </id>
  <name>
   Brooks Shirt W-8189
  </name>
  <category>
   Shirt
  </category>
  <size>
   L
  </size>
  <color>
   Фиолетовый
  </color>
  <material>
   Полиэстер
  </material>
  <price>
   625652
  </price>
  <rating>
   1.0
  </rating>
  <reviews>
   254318
  </reviews>
  <new>
   -
  </new>
  <exclusive>
   no
  </exclusive>
 </clothing>
 <clothing>
  <id>
   533679590
  </id>
  <name>
   Asics Pants P-9015
  </name>
  <category>
   Pants
  </category>
  <size>
   XL
  </size>
  <color>
   Синий
  </color>
  <material>
   Нейлон
  </material>
  <price>
   273695
  </price>
  <rating>
   1.07
  </rating>
  <reviews>
   293590
  </reviews>
  <new>
   +
  </new>
  <exclusive>
   yes
  </exclusive>
  <sporty>
   no
  </sporty>
 </clothing>
 <clothing>
  <id>
   225244608
  </id>
  <name>
   Puma Jeans S-2846
  </name>
  <category>
   Jeans
  </category>
  <size>
   S
  </size>
  <color>
   Красный
  </color>
  <material>
   Полиэстер
  </material>
  <price>
   241258
  </price>
  <rating>
   3.71
  </rating>
  <reviews>
   237315
  </reviews>
  <new>
   -
  </new>
  <exclusive>
   no
  </exclusive>
  <sporty>
   yes
  </sporty>
 </clothing>
 <clothing>
  <id>
   944728910
  </id>
  <name>
   Under Armour Socks G-2911
  </name>
  <category>
   Socks
  </category>
  <size>
   S
  </size>
  <color>
   Синий
  </color>
  <material>
   Полиэстер
  </material>
  <price>
   562665
  </price>
  <rating>
   1.25
  </rating>
  <reviews>
   31262
  </reviews>
 </clothing>
 <clothing>
  <id>
   332025768
  </id>
  <name>
   Puma Gloves G-8984
  </name>
  <category>
   Gloves
  </category>
  <size>
   S
  </size>
  <color>
   Оранжевый
  </color>
  <material>
   Лен
  </material>
  <price>
   600091
  </price>
  <rating>
   3.37
  </rating>
  <reviews>
   412569
  </reviews>
  <new>
   -
  </new>
  <exclusive>
   no
  </exclusive>
 </clothing>
 <clothing>
  <id>
   880179911
  </id>
  <name>
   Lacoste Blouse L-6920
  </name>
  <category>
   Blouse
  </category>
  <size>
   XXL
  </size>
  <color>
   Желтый
  </color>
  <material>
   Шелк
  </material>
  <price>
   585556
  </price>
  <rating>
   3.36
  </rating>
  <reviews>
   253699
  </reviews>
  <sporty>
   yes
  </sporty>
 </clothing>
 <clothing>
  <id>
   732392213
  </id>
  <name>
   Addidas Shirt H-7342
  </name>
  <category>
   Shirt
  </category>
  <size>
   S
  </size>
  <color>
   Фиолетовый
  </color>
  <material>
   Лен
  </material>
  <price>
   150735
  </price>
  <rating>
   4.93
  </rating>
  <reviews>
   696117
  </reviews>
  <new>
   -
  </new>
  <exclusive>
   yes
  </exclusive>
 </clothing>
 <clothing>
  <id>
   825032610
  </id>
  <name>
   New Balance Hat B-8212
  </name>
  <category>
   Hat
  </category>
  <size>
   XXL
  </size>
  <color>
   Синий
  </color>
  <material>
   Полиэстер
  </material>
  <price>
   590515
  </price>
  <rating>
   2.34
  </rating>
  <reviews>
   171454
  </reviews>
  <new>
   -
  </new>
  <sporty>
   no
  </sporty>
 </clothing>
 <clothing>
  <id>
   727735681
  </id>
  <name>
   New Balance T-shirt J-1851
  </name>
  <category>
   T-shirt
  </category>
  <size>
   L
  </size>
  <color>
   Синий
  </color>
  <material>
   Хлопок
  </material>
  <price>
   292464
  </price>
  <rating>
   1.77
  </rating>
  <reviews>
   22833
  </reviews>
  <new>
   -
  </new>
  <sporty>
   yes
  </sporty>
 </clothing>
 <clothing>
  <id>
   640177265
  </id>
  <name>
   Addidas Jeans U-8602
  </name>
  <category>
   Jeans
  </category>
  <size>
   XXL
  </size>
  <color>
   Синий
  </color>
  <material>
   Нейлон
  </material>
  <price>
   970217
  </price>
  <rating>
   1.76
  </rating>
  <reviews>
   688447
  </reviews>
  <new>
   +
  </new>
 </clothing>
 <clothing>
  <id>
   993879475
  </id>
  <name>
   Fila Jacket I-6431
  </name>
  <category>
   Jacket
  </category>
  <size>
   L
  </size>
  <color>
   Желтый
  </color>
  <material>
   Полиэстер
  </material>
  <price>
   396918
  </price>
  <rating>
   2.99
  </rating>
  <reviews>
   824630
  </reviews>
  <new>
   -
  </new>
  <exclusive>
   yes
  </exclusive>
  <sporty>
   yes
  </sporty>
 </clothing>
</clothing-items>
