<?xml version="1.0" encoding="utf-8"?>
<clothing-items>
 <clothing>
  <id>
   186353495
  </id>
  <name>
   Puma Umbrellas E-3550
  </name>
  <category>
   Umbrellas
  </category>
  <size>
   XL
  </size>
  <color>
   Голубой
  </color>
  <material>
   Полиэстер
  </material>
  <price>
   259583
  </price>
  <rating>
   2.81
  </rating>
  <reviews>
   896352
  </reviews>
 </clothing>
 <clothing>
  <id>
   728818852
  </id>
  <name>
   Puma Pants B-1902
  </name>
  <category>
   Pants
  </category>
  <size>
   M
  </size>
  <color>
   Фиолетовый
  </color>
  <material>
   Лен
  </material>
  <price>
   582767
  </price>
  <rating>
   1.25
  </rating>
  <reviews>
   519528
  </reviews>
  <exclusive>
   yes
  </exclusive>
 </clothing>
 <clothing>
  <id>
   617208050
  </id>
  <name>
   Asics Sweater T-4022
  </name>
  <category>
   Sweater
  </category>
  <size>
   L
  </size>
  <color>
   Желтый
  </color>
  <material>
   Полиэстер
  </material>
  <price>
   958148
  </price>
  <rating>
   2.92
  </rating>
  <reviews>
   926013
  </reviews>
  <exclusive>
   no
  </exclusive>
 </clothing>
 <clothing>
  <id>
   248810110
  </id>
  <name>
   Reebok Shoes R-3690
  </name>
  <category>
   Shoes
  </category>
  <size>
   S
  </size>
  <color>
   Синий
  </color>
  <material>
   Полиэстер
  </material>
  <price>
   584499
  </price>
  <rating>
   3.43
  </rating>
  <reviews>
   589801
  </reviews>
  <new>
   +
  </new>
  <exclusive>
   no
  </exclusive>
  <sporty>
   no
  </sporty>
 </clothing>
 <clothing>
  <id>
   316358551
  </id>
  <name>
   Adidas Pants H-5712
  </name>
  <category>
   Pants
  </category>
  <size>
   M
  </size>
  <color>
   Зеленый
  </color>
  <material>
   Шелк
  </material>
  <price>
   230374
  </price>
  <rating>
   4.23
  </rating>
  <reviews>
   749734
  </reviews>
  <new>
   -
  </new>
  <exclusive>
   yes
  </exclusive>
  <sporty>
   no
  </sporty>
 </clothing>
 <clothing>
  <id>
   426963205
  </id>
  <name>
   Puma Jacket M-1268
  </name>
  <category>
   Jacket
  </category>
  <size>
   XXL
  </size>
  <color>
   Синий
  </color>
  <material>
   Шелк
  </material>
  <price>
   917077
  </price>
  <rating>
   2.78
  </rating>
  <reviews>
   900024
  </reviews>
  <new>
   +
  </new>
  <sporty>
   no
  </sporty>
 </clothing>
 <clothing>
  <id>
   909380289
  </id>
  <name>
   Converse Gloves V-1231
  </name>
  <category>
   Gloves
  </category>
  <size>
   L
  </size>
  <color>
   Зеленый
  </color>
  <material>
   Кожа
  </material>
  <price>
   919424
  </price>
  <rating>
   4.45
  </rating>
  <reviews>
   871337
  </reviews>
  <new>
   -
  </new>
  <sporty>
   no
  </sporty>
 </clothing>
 <clothing>
  <id>
   811973420
  </id>
  <name>
   Addidas Socks W-1095
  </name>
  <category>
   Socks
  </category>
  <size>
   XXL
  </size>
  <color>
   Голубой
  </color>
  <material>
   Полиэстер
  </material>
  <price>
   276123
  </price>
  <rating>
   3.69
  </rating>
  <reviews>
   510459
  </reviews>
  <new>
   +
  </new>
  <exclusive>
   yes
  </exclusive>
 </clothing>
 <clothing>
  <id>
   929436542
  </id>
  <name>
   New Balance Dress P-2133
  </name>
  <category>
   Dress
  </category>
  <size>
   XXL
  </size>
  <color>
   Красный
  </color>
  <material>
   Полиэстер
  </material>
  <price>
   332764
  </price>
  <rating>
   4.45
  </rating>
  <reviews>
   380056
  </reviews>
  <new>
   +
  </new>
  <exclusive>
   yes
  </exclusive>
  <sporty>
   yes
  </sporty>
 </clothing>
 <clothing>
  <id>
   654977216
  </id>
  <name>
   Addidas Belts Z-2077
  </name>
  <category>
   Belts
  </category>
  <size>
   L
  </size>
  <color>
   Синий
  </color>
  <material>
   Хлопок
  </material>
  <price>
   640425
  </price>
  <rating>
   5.0
  </rating>
  <reviews>
   820684
  </reviews>
  <new>
   -
  </new>
  <exclusive>
   no
  </exclusive>
  <sporty>
   no
  </sporty>
 </clothing>
 <clothing>
  <id>
   166758692
  </id>
  <name>
   DC Shirt H-3907
  </name>
  <category>
   Shirt
  </category>
  <size>
   S
  </size>
  <color>
   Желтый
  </color>
  <material>
   Шелк
  </material>
  <price>
   120601
  </price>
  <rating>
   3.27
  </rating>
  <reviews>
   561070
  </reviews>
 </clothing>
 <clothing>
  <id>
   246759983
  </id>
  <name>
   DC Hat K-9925
  </name>
  <category>
   Hat
  </category>
  <size>
   XXL
  </size>
  <color>
   Красный
  </color>
  <material>
   Лен
  </material>
  <price>
   887067
  </price>
  <rating>
   2.96
  </rating>
  <reviews>
   151150
  </reviews>
  <exclusive>
   yes
  </exclusive>
  <sporty>
   no
  </sporty>
 </clothing>
 <clothing>
  <id>
   979826176
  </id>
  <name>
   Reebok Pants G-7998
  </name>
  <category>
   Pants
  </category>
  <size>
   XL
  </size>
  <color>
   Фиолетовый
  </color>
  <material>
   Кожа
  </material>
  <price>
   358306
  </price>
  <rating>
   4.22
  </rating>
  <reviews>
   846161
  </reviews>
  <new>
   -
  </new>
  <exclusive>
   yes
  </exclusive>
  <sporty>
   no
  </sporty>
 </clothing>
 <clothing>
  <id>
   176593127
  </id>
  <name>
   Reebok Hat R-7502
  </name>
  <category>
   Hat
  </category>
  <size>
   S
  </size>
  <color>
   Желтый
  </color>
  <material>
   Вискоза
  </material>
  <price>
   815556
  </price>
  <rating>
   4.77
  </rating>
  <reviews>
   811183
  </reviews>
  <sporty>
   no
  </sporty>
 </clothing>
 <clothing>
  <id>
   632266098
  </id>
  <name>
   Puma Pants Z-2440
  </name>
  <category>
   Pants
  </category>
  <size>
   S
  </size>
  <color>
   Оранжевый
  </color>
  <material>
   Кожа
  </material>
  <price>
   873315
  </price>
  <rating>
   1.9
  </rating>
  <reviews>
   115697
  </reviews>
  <new>
   -
  </new>
  <exclusive>
   no
  </exclusive>
  <sporty>
   no
  </sporty>
 </clothing>
 <clothing>
  <id>
   247978092
  </id>
  <name>
   Nike Shoes P-8000
  </name>
  <category>
   Shoes
  </category>
  <size>
   XXL
  </size>
  <color>
   Фиолетовый
  </color>
  <material>
   Полиэстер
  </material>
  <price>
   965963
  </price>
  <rating>
   4.1
  </rating>
  <reviews>
   263605
  </reviews>
  <new>
   -
  </new>
  <exclusive>
   no
  </exclusive>
 </clothing>
 <clothing>
  <id>
   717692465
  </id>
  <name>
   Nike Sweater A-5185
  </name>
  <category>
   Sweater
  </category>
  <size>
   XL
  </size>
  <color>
   Оранжевый
  </color>
  <material>
   Шелк
  </material>
  <price>
   530218
  </price>
  <rating>
   2.18
  </rating>
  <reviews>
   785297
  </reviews>
  <new>
   -
  </new>
  <exclusive>
   no
  </exclusive>
 </clothing>
 <clothing>
  <id>
   876957364
  </id>
  <name>
   New Balance Blouse Q-7275
  </name>
  <category>
   Blouse
  </category>
  <size>
   M
  </size>
  <color>
   Синий
  </color>
  <material>
   Кожа
  </material>
  <price>
   863441
  </price>
  <rating>
   4.01
  </rating>
  <reviews>
   517004
  </reviews>
  <new>
   +
  </new>
  <sporty>
   no
  </sporty>
 </clothing>
 <clothing>
  <id>
   857957573
  </id>
  <name>
   Under Armour Belts Q-5649
  </name>
  <category>
   Belts
  </category>
  <size>
   M
  </size>
  <color>
   Фиолетовый
  </color>
  <material>
   Шелк
  </material>
  <price>
   802667
  </price>
  <rating>
   1.66
  </rating>
  <reviews>
   490632
  </reviews>
  <new>
   -
  </new>
  <sporty>
   no
  </sporty>
 </clothing>
 <clothing>
  <id>
   925442724
  </id>
  <name>
   Lacoste Handbags V-9845
  </name>
  <category>
   Handbags
  </category>
  <size>
   S
  </size>
  <color>
   Зеленый
  </color>
  <material>
   Шелк
  </material>
  <price>
   361987
  </price>
  <rating>
   1.65
  </rating>
  <reviews>
   659027
  </reviews>
  <new>
   -
  </new>
  <sporty>
   yes
  </sporty>
 </clothing>
 <clothing>
  <id>
   341761765
  </id>
  <name>
   Nike Shoes P-9117
  </name>
  <category>
   Shoes
  </category>
  <size>
   M
  </size>
  <color>
   Синий
  </color>
  <material>
   Шелк
  </material>
  <price>
   269644
  </price>
  <rating>
   1.58
  </rating>
  <reviews>
   583746
  </reviews>
  <new>
   +
  </new>
 </clothing>
 <clothing>
  <id>
   299118625
  </id>
  <name>
   Puma Jeans R-5255
  </name>
  <category>
   Jeans
  </category>
  <size>
   XXL
  </size>
  <color>
   Оранжевый
  </color>
  <material>
   Нейлон
  </material>
  <price>
   991466
  </price>
  <rating>
   2.06
  </rating>
  <reviews>
   279726
  </reviews>
  <exclusive>
   yes
  </exclusive>
  <sporty>
   no
  </sporty>
 </clothing>
 <clothing>
  <id>
   229178753
  </id>
  <name>
   Nike Gloves O-3149
  </name>
  <category>
   Gloves
  </category>
  <size>
   XXL
  </size>
  <color>
   Фиолетовый
  </color>
  <material>
   Полиэстер
  </material>
  <price>
   889989
  </price>
  <rating>
   3.71
  </rating>
  <reviews>
   55386
  </reviews>
  <exclusive>
   no
  </exclusive>
 </clothing>
 <clothing>
  <id>
   877342716
  </id>
  <name>
   Brooks Pants Q-7854
  </name>
  <category>
   Pants
  </category>
  <size>
   L
  </size>
  <color>
   Зеленый
  </color>
  <material>
   Хлопок
  </material>
  <price>
   583442
  </price>
  <rating>
   1.54
  </rating>
  <reviews>
   393157
  </reviews>
  <exclusive>
   no
  </exclusive>
  <sporty>
   no
  </sporty>
 </clothing>
 <clothing>
  <id>
   237350556
  </id>
  <name>
   Adidas Socks X-4750
  </name>
  <category>
   Socks
  </category>
  <size>
   XL
  </size>
  <color>
   Зеленый
  </color>
  <material>
   Кожа
  </material>
  <price>
   490197
  </price>
  <rating>
   3.74
  </rating>
  <reviews>
   852205
  </reviews>
  <exclusive>
   yes
  </exclusive>
 </clothing>
 <clothing>
  <id>
   313490127
  </id>
  <name>
   DC Belts Y-5143
  </name>
  <category>
   Belts
  </category>
  <size>
   S
  </size>
  <color>
   Фиолетовый
  </color>
  <material>
   Шелк
  </material>
  <price>
   477319
  </price>
  <rating>
   2.48
  </rating>
  <reviews>
   105799
  </reviews>
  <sporty>
   no
  </sporty>
 </clothing>
 <clothing>
  <id>
   355991584
  </id>
  <name>
   DC Jacket U-9491
  </name>
  <category>
   Jacket
  </category>
  <size>
   M
  </size>
  <color>
   Зеленый
  </color>
  <material>
   Кожа
  </material>
  <price>
   194406
  </price>
  <rating>
   3.22
  </rating>
  <reviews>
   461707
  </reviews>
  <new>
   +
  </new>
  <exclusive>
   yes
  </exclusive>
  <sporty>
   yes
  </sporty>
 </clothing>
</clothing-items>
