<?xml version="1.0" encoding="utf-8"?>
<clothing-items>
 <clothing>
  <id>
   756521114
  </id>
  <name>
   Puma Umbrellas V-5208
  </name>
  <category>
   Umbrellas
  </category>
  <size>
   XL
  </size>
  <color>
   Красный
  </color>
  <material>
   Кожа
  </material>
  <price>
   110132
  </price>
  <rating>
   3.98
  </rating>
  <reviews>
   481234
  </reviews>
  <new>
   -
  </new>
  <exclusive>
   yes
  </exclusive>
  <sporty>
   no
  </sporty>
 </clothing>
 <clothing>
  <id>
   749184054
  </id>
  <name>
   Nike Belts M-1417
  </name>
  <category>
   Belts
  </category>
  <size>
   XL
  </size>
  <color>
   Синий
  </color>
  <material>
   Лен
  </material>
  <price>
   962539
  </price>
  <rating>
   1.2
  </rating>
  <reviews>
   98112
  </reviews>
  <exclusive>
   no
  </exclusive>
 </clothing>
 <clothing>
  <id>
   600322417
  </id>
  <name>
   New Balance Hat P-8067
  </name>
  <category>
   Hat
  </category>
  <size>
   L
  </size>
  <color>
   Зеленый
  </color>
  <material>
   Полиэстер
  </material>
  <price>
   120191
  </price>
  <rating>
   1.58
  </rating>
  <reviews>
   617046
  </reviews>
  <exclusive>
   yes
  </exclusive>
  <sporty>
   no
  </sporty>
 </clothing>
 <clothing>
  <id>
   549492552
  </id>
  <name>
   Lacoste Dress L-8855
  </name>
  <category>
   Dress
  </category>
  <size>
   XL
  </size>
  <color>
   Желтый
  </color>
  <material>
   Нейлон
  </material>
  <price>
   557358
  </price>
  <rating>
   3.51
  </rating>
  <reviews>
   456071
  </reviews>
  <exclusive>
   no
  </exclusive>
 </clothing>
 <clothing>
  <id>
   807533755
  </id>
  <name>
   Converse Skirt H-9077
  </name>
  <category>
   Skirt
  </category>
  <size>
   M
  </size>
  <color>
   Синий
  </color>
  <material>
   Шелк
  </material>
  <price>
   677108
  </price>
  <rating>
   3.1
  </rating>
  <reviews>
   103356
  </reviews>
 </clothing>
 <clothing>
  <id>
   373542491
  </id>
  <name>
   Nike Dress H-5658
  </name>
  <category>
   Dress
  </category>
  <size>
   L
  </size>
  <color>
   Синий
  </color>
  <material>
   Хлопок
  </material>
  <price>
   500617
  </price>
  <rating>
   3.25
  </rating>
  <reviews>
   582088
  </reviews>
  <exclusive>
   no
  </exclusive>
 </clothing>
 <clothing>
  <id>
   645666286
  </id>
  <name>
   Asics Socks J-6001
  </name>
  <category>
   Socks
  </category>
  <size>
   S
  </size>
  <color>
   Фиолетовый
  </color>
  <material>
   Хлопок
  </material>
  <price>
   402298
  </price>
  <rating>
   4.4
  </rating>
  <reviews>
   752526
  </reviews>
  <new>
   +
  </new>
  <exclusive>
   no
  </exclusive>
  <sporty>
   no
  </sporty>
 </clothing>
 <clothing>
  <id>
   922627618
  </id>
  <name>
   Converse Hat W-6574
  </name>
  <category>
   Hat
  </category>
  <size>
   XXL
  </size>
  <color>
   Красный
  </color>
  <material>
   Нейлон
  </material>
  <price>
   253376
  </price>
  <rating>
   3.33
  </rating>
  <reviews>
   457011
  </reviews>
  <new>
   -
  </new>
  <sporty>
   no
  </sporty>
 </clothing>
 <clothing>
  <id>
   299109663
  </id>
  <name>
   Vans Sweater K-4620
  </name>
  <category>
   Sweater
  </category>
  <size>
   S
  </size>
  <color>
   Голубой
  </color>
  <material>
   Нейлон
  </material>
  <price>
   291612
  </price>
  <rating>
   3.57
  </rating>
  <reviews>
   581055
  </reviews>
  <new>
   -
  </new>
  <exclusive>
   no
  </exclusive>
 </clothing>
 <clothing>
  <id>
   922961285
  </id>
  <name>
   Brooks Jacket C-9822
  </name>
  <category>
   Jacket
  </category>
  <size>
   XL
  </size>
  <color>
   Зеленый
  </color>
  <material>
   Кожа
  </material>
  <price>
   573680
  </price>
  <rating>
   3.59
  </rating>
  <reviews>
   708375
  </reviews>
  <new>
   -
  </new>
  <sporty>
   no
  </sporty>
 </clothing>
 <clothing>
  <id>
   912225303
  </id>
  <name>
   Converse Shirt Y-4490
  </name>
  <category>
   Shirt
  </category>
  <size>
   XL
  </size>
  <color>
   Красный
  </color>
  <material>
   Кожа
  </material>
  <price>
   311818
  </price>
  <rating>
   1.5
  </rating>
  <reviews>
   539666
  </reviews>
  <sporty>
   no
  </sporty>
 </clothing>
 <clothing>
  <id>
   983324480
  </id>
  <name>
   DC Jacket E-5177
  </name>
  <category>
   Jacket
  </category>
  <size>
   XXL
  </size>
  <color>
   Оранжевый
  </color>
  <material>
   Хлопок
  </material>
  <price>
   804732
  </price>
  <rating>
   2.8
  </rating>
  <reviews>
   99102
  </reviews>
  <exclusive>
   no
  </exclusive>
  <sporty>
   no
  </sporty>
 </clothing>
 <clothing>
  <id>
   566855999
  </id>
  <name>
   Under Armour T-shirt A-8245
  </name>
  <category>
   T-shirt
  </category>
  <size>
   XXL
  </size>
  <color>
   Желтый
  </color>
  <material>
   Лен
  </material>
  <price>
   245733
  </price>
  <rating>
   1.69
  </rating>
  <reviews>
   675456
  </reviews>
  <new>
   +
  </new>
  <exclusive>
   yes
  </exclusive>
 </clothing>
 <clothing>
  <id>
   289749797
  </id>
  <name>
   Puma Gloves R-8889
  </name>
  <category>
   Gloves
  </category>
  <size>
   XL
  </size>
  <color>
   Голубой
  </color>
  <material>
   Шерсть
  </material>
  <price>
   511378
  </price>
  <rating>
   2.43
  </rating>
  <reviews>
   894238
  </reviews>
  <exclusive>
   no
  </exclusive>
  <sporty>
   no
  </sporty>
 </clothing>
 <clothing>
  <id>
   840842879
  </id>
  <name>
   Puma Shirt C-7822
  </name>
  <category>
   Shirt
  </category>
  <size>
   XXL
  </size>
  <color>
   Желтый
  </color>
  <material>
   Нейлон
  </material>
  <price>
   497067
  </price>
  <rating>
   1.13
  </rating>
  <reviews>
   802327
  </reviews>
  <new>
   -
  </new>
  <exclusive>
   no
  </exclusive>
 </clothing>
 <clothing>
  <id>
   784486364
  </id>
  <name>
   Addidas Handbags F-5357
  </name>
  <category>
   Handbags
  </category>
  <size>
   L
  </size>
  <color>
   Голубой
  </color>
  <material>
   Хлопок
  </material>
  <price>
   657890
  </price>
  <rating>
   4.91
  </rating>
  <reviews>
   567911
  </reviews>
  <new>
   +
  </new>
  <sporty>
   no
  </sporty>
 </clothing>
 <clothing>
  <id>
   860756811
  </id>
  <name>
   New Balance Pants D-5285
  </name>
  <category>
   Pants
  </category>
  <size>
   XXL
  </size>
  <color>
   Красный
  </color>
  <material>
   Вискоза
  </material>
  <price>
   427296
  </price>
  <rating>
   2.78
  </rating>
  <reviews>
   76209
  </reviews>
  <exclusive>
   no
  </exclusive>
  <sporty>
   yes
  </sporty>
 </clothing>
 <clothing>
  <id>
   631012081
  </id>
  <name>
   DC Belts D-6353
  </name>
  <category>
   Belts
  </category>
  <size>
   XL
  </size>
  <color>
   Голубой
  </color>
  <material>
   Шелк
  </material>
  <price>
   960218
  </price>
  <rating>
   1.42
  </rating>
  <reviews>
   495474
  </reviews>
  <new>
   +
  </new>
  <exclusive>
   yes
  </exclusive>
  <sporty>
   no
  </sporty>
 </clothing>
 <clothing>
  <id>
   634135413
  </id>
  <name>
   PleinSport Dress N-6990
  </name>
  <category>
   Dress
  </category>
  <size>
   XXL
  </size>
  <color>
   Голубой
  </color>
  <material>
   Кожа
  </material>
  <price>
   808416
  </price>
  <rating>
   2.54
  </rating>
  <reviews>
   68910
  </reviews>
  <sporty>
   no
  </sporty>
 </clothing>
 <clothing>
  <id>
   457166544
  </id>
  <name>
   Reebok Sweater W-2372
  </name>
  <category>
   Sweater
  </category>
  <size>
   L
  </size>
  <color>
   Зеленый
  </color>
  <material>
   Полиэстер
  </material>
  <price>
   893627
  </price>
  <rating>
   3.18
  </rating>
  <reviews>
   289782
  </reviews>
  <exclusive>
   yes
  </exclusive>
  <sporty>
   yes
  </sporty>
 </clothing>
 <clothing>
  <id>
   484419298
  </id>
  <name>
   Reebok T-shirt N-9790
  </name>
  <category>
   T-shirt
  </category>
  <size>
   L
  </size>
  <color>
   Голубой
  </color>
  <material>
   Нейлон
  </material>
  <price>
   623362
  </price>
  <rating>
   3.9
  </rating>
  <reviews>
   883543
  </reviews>
  <sporty>
   no
  </sporty>
 </clothing>
 <clothing>
  <id>
   186752545
  </id>
  <name>
   New Balance Jeans B-3484
  </name>
  <category>
   Jeans
  </category>
  <size>
   S
  </size>
  <color>
   Желтый
  </color>
  <material>
   Полиэстер
  </material>
  <price>
   326405
  </price>
  <rating>
   4.68
  </rating>
  <reviews>
   316176
  </reviews>
  <exclusive>
   no
  </exclusive>
  <sporty>
   no
  </sporty>
 </clothing>
 <clothing>
  <id>
   218406949
  </id>
  <name>
   Converse Socks H-6417
  </name>
  <category>
   Socks
  </category>
  <size>
   M
  </size>
  <color>
   Зеленый
  </color>
  <material>
   Хлопок
  </material>
  <price>
   166793
  </price>
  <rating>
   1.33
  </rating>
  <reviews>
   839656
  </reviews>
  <new>
   -
  </new>
  <exclusive>
   yes
  </exclusive>
 </clothing>
 <clothing>
  <id>
   177592698
  </id>
  <name>
   Vans Umbrellas E-3147
  </name>
  <category>
   Umbrellas
  </category>
  <size>
   XXL
  </size>
  <color>
   Зеленый
  </color>
  <material>
   Шерсть
  </material>
  <price>
   464091
  </price>
  <rating>
   4.83
  </rating>
  <reviews>
   163143
  </reviews>
  <new>
   -
  </new>
  <sporty>
   no
  </sporty>
 </clothing>
 <clothing>
  <id>
   569080200
  </id>
  <name>
   Reebok Socks V-6182
  </name>
  <category>
   Socks
  </category>
  <size>
   XL
  </size>
  <color>
   Синий
  </color>
  <material>
   Шелк
  </material>
  <price>
   878963
  </price>
  <rating>
   4.07
  </rating>
  <reviews>
   366572
  </reviews>
  <new>
   -
  </new>
  <exclusive>
   yes
  </exclusive>
  <sporty>
   yes
  </sporty>
 </clothing>
 <clothing>
  <id>
   872264843
  </id>
  <name>
   Adidas Gloves M-4967
  </name>
  <category>
   Gloves
  </category>
  <size>
   L
  </size>
  <color>
   Зеленый
  </color>
  <material>
   Хлопок
  </material>
  <price>
   426012
  </price>
  <rating>
   2.57
  </rating>
  <reviews>
   233072
  </reviews>
  <new>
   -
  </new>
  <exclusive>
   yes
  </exclusive>
  <sporty>
   no
  </sporty>
 </clothing>
 <clothing>
  <id>
   297210455
  </id>
  <name>
   New Balance Pants A-6962
  </name>
  <category>
   Pants
  </category>
  <size>
   M
  </size>
  <color>
   Синий
  </color>
  <material>
   Лен
  </material>
  <price>
   649410
  </price>
  <rating>
   3.05
  </rating>
  <reviews>
   192379
  </reviews>
  <new>
   +
  </new>
 </clothing>
 <clothing>
  <id>
   432722053
  </id>
  <name>
   Asics Dress C-7894
  </name>
  <category>
   Dress
  </category>
  <size>
   L
  </size>
  <color>
   Фиолетовый
  </color>
  <material>
   Полиэстер
  </material>
  <price>
   502806
  </price>
  <rating>
   4.18
  </rating>
  <reviews>
   142283
  </reviews>
  <new>
   -
  </new>
  <sporty>
   yes
  </sporty>
 </clothing>
 <clothing>
  <id>
   632140233
  </id>
  <name>
   Brooks Hat E-5490
  </name>
  <category>
   Hat
  </category>
  <size>
   L
  </size>
  <color>
   Фиолетовый
  </color>
  <material>
   Вискоза
  </material>
  <price>
   298056
  </price>
  <rating>
   1.6
  </rating>
  <reviews>
   135680
  </reviews>
  <new>
   -
  </new>
  <exclusive>
   no
  </exclusive>
 </clothing>
 <clothing>
  <id>
   150787542
  </id>
  <name>
   Ellesse T-shirt S-7434
  </name>
  <category>
   T-shirt
  </category>
  <size>
   M
  </size>
  <color>
   Фиолетовый
  </color>
  <material>
   Хлопок
  </material>
  <price>
   670685
  </price>
  <rating>
   4.28
  </rating>
  <reviews>
   25422
  </reviews>
  <exclusive>
   no
  </exclusive>
 </clothing>
 <clothing>
  <id>
   634038085
  </id>
  <name>
   Fila T-shirt E-3432
  </name>
  <category>
   T-shirt
  </category>
  <size>
   M
  </size>
  <color>
   Фиолетовый
  </color>
  <material>
   Лен
  </material>
  <price>
   407930
  </price>
  <rating>
   1.95
  </rating>
  <reviews>
   58849
  </reviews>
  <new>
   -
  </new>
  <sporty>
   yes
  </sporty>
 </clothing>
 <clothing>
  <id>
   268455243
  </id>
  <name>
   Addidas Jeans K-2907
  </name>
  <category>
   Jeans
  </category>
  <size>
   S
  </size>
  <color>
   Оранжевый
  </color>
  <material>
   Кожа
  </material>
  <price>
   280991
  </price>
  <rating>
   2.53
  </rating>
  <reviews>
   928317
  </reviews>
  <new>
   +
  </new>
  <exclusive>
   no
  </exclusive>
 </clothing>
 <clothing>
  <id>
   785047732
  </id>
  <name>
   PleinSport Shirt F-8525
  </name>
  <category>
   Shirt
  </category>
  <size>
   M
  </size>
  <color>
   Желтый
  </color>
  <material>
   Лен
  </material>
  <price>
   133727
  </price>
  <rating>
   3.46
  </rating>
  <reviews>
   404667
  </reviews>
  <new>
   -
  </new>
  <exclusive>
   no
  </exclusive>
  <sporty>
   yes
  </sporty>
 </clothing>
 <clothing>
  <id>
   765514213
  </id>
  <name>
   Adidas Dress E-5864
  </name>
  <category>
   Dress
  </category>
  <size>
   M
  </size>
  <color>
   Оранжевый
  </color>
  <material>
   Лен
  </material>
  <price>
   784422
  </price>
  <rating>
   1.59
  </rating>
  <reviews>
   48717
  </reviews>
  <exclusive>
   yes
  </exclusive>
  <sporty>
   no
  </sporty>
 </clothing>
 <clothing>
  <id>
   598377204
  </id>
  <name>
   Lacoste T-shirt B-3314
  </name>
  <category>
   T-shirt
  </category>
  <size>
   L
  </size>
  <color>
   Красный
  </color>
  <material>
   Полиэстер
  </material>
  <price>
   845705
  </price>
  <rating>
   3.18
  </rating>
  <reviews>
   464978
  </reviews>
  <new>
   +
  </new>
  <sporty>
   yes
  </sporty>
 </clothing>
 <clothing>
  <id>
   352631763
  </id>
  <name>
   Lacoste Skirt X-5091
  </name>
  <category>
   Skirt
  </category>
  <size>
   L
  </size>
  <color>
   Красный
  </color>
  <material>
   Нейлон
  </material>
  <price>
   949129
  </price>
  <rating>
   1.66
  </rating>
  <reviews>
   899370
  </reviews>
  <exclusive>
   yes
  </exclusive>
  <sporty>
   no
  </sporty>
 </clothing>
 <clothing>
  <id>
   690364477
  </id>
  <name>
   Fila Handbags Z-2777
  </name>
  <category>
   Handbags
  </category>
  <size>
   S
  </size>
  <color>
   Фиолетовый
  </color>
  <material>
   Нейлон
  </material>
  <price>
   321946
  </price>
  <rating>
   4.84
  </rating>
  <reviews>
   413467
  </reviews>
  <new>
   -
  </new>
  <sporty>
   no
  </sporty>
 </clothing>
 <clothing>
  <id>
   996238884
  </id>
  <name>
   Ellesse T-shirt G-8797
  </name>
  <category>
   T-shirt
  </category>
  <size>
   XL
  </size>
  <color>
   Желтый
  </color>
  <material>
   Лен
  </material>
  <price>
   835894
  </price>
  <rating>
   4.87
  </rating>
  <reviews>
   457842
  </reviews>
  <new>
   -
  </new>
  <exclusive>
   yes
  </exclusive>
  <sporty>
   no
  </sporty>
 </clothing>
 <clothing>
  <id>
   881984680
  </id>
  <name>
   Fila Socks J-7745
  </name>
  <category>
   Socks
  </category>
  <size>
   S
  </size>
  <color>
   Красный
  </color>
  <material>
   Хлопок
  </material>
  <price>
   162346
  </price>
  <rating>
   4.49
  </rating>
  <reviews>
   431889
  </reviews>
  <new>
   +
  </new>
  <exclusive>
   no
  </exclusive>
 </clothing>
 <clothing>
  <id>
   782409036
  </id>
  <name>
   Puma Blouse J-8941
  </name>
  <category>
   Blouse
  </category>
  <size>
   M
  </size>
  <color>
   Красный
  </color>
  <material>
   Нейлон
  </material>
  <price>
   804551
  </price>
  <rating>
   1.25
  </rating>
  <reviews>
   416144
  </reviews>
  <new>
   +
  </new>
  <exclusive>
   yes
  </exclusive>
  <sporty>
   no
  </sporty>
 </clothing>
 <clothing>
  <id>
   279504686
  </id>
  <name>
   Puma T-shirt Q-7959
  </name>
  <category>
   T-shirt
  </category>
  <size>
   S
  </size>
  <color>
   Красный
  </color>
  <material>
   Хлопок
  </material>
  <price>
   240787
  </price>
  <rating>
   2.19
  </rating>
  <reviews>
   479631
  </reviews>
  <new>
   -
  </new>
  <exclusive>
   yes
  </exclusive>
  <sporty>
   no
  </sporty>
 </clothing>
 <clothing>
  <id>
   593440541
  </id>
  <name>
   Fila Jacket D-3972
  </name>
  <category>
   Jacket
  </category>
  <size>
   XL
  </size>
  <color>
   Оранжевый
  </color>
  <material>
   Вискоза
  </material>
  <price>
   781837
  </price>
  <rating>
   3.84
  </rating>
  <reviews>
   433731
  </reviews>
  <new>
   +
  </new>
  <exclusive>
   yes
  </exclusive>
  <sporty>
   yes
  </sporty>
 </clothing>
 <clothing>
  <id>
   975640207
  </id>
  <name>
   Nike Hat P-5682
  </name>
  <category>
   Hat
  </category>
  <size>
   XXL
  </size>
  <color>
   Желтый
  </color>
  <material>
   Нейлон
  </material>
  <price>
   772864
  </price>
  <rating>
   2.9
  </rating>
  <reviews>
   141134
  </reviews>
  <exclusive>
   no
  </exclusive>
 </clothing>
 <clothing>
  <id>
   713083653
  </id>
  <name>
   Under Armour Hat K-8596
  </name>
  <category>
   Hat
  </category>
  <size>
   S
  </size>
  <color>
   Зеленый
  </color>
  <material>
   Лен
  </material>
  <price>
   120669
  </price>
  <rating>
   1.71
  </rating>
  <reviews>
   875120
  </reviews>
  <new>
   -
  </new>
  <sporty>
   yes
  </sporty>
 </clothing>
 <clothing>
  <id>
   413618556
  </id>
  <name>
   Adidas Umbrellas E-4676
  </name>
  <category>
   Umbrellas
  </category>
  <size>
   XXL
  </size>
  <color>
   Красный
  </color>
  <material>
   Шерсть
  </material>
  <price>
   470208
  </price>
  <rating>
   3.11
  </rating>
  <reviews>
   361585
  </reviews>
  <new>
   -
  </new>
  <exclusive>
   no
  </exclusive>
  <sporty>
   yes
  </sporty>
 </clothing>
</clothing-items>
