<?xml version="1.0" encoding="utf-8"?>
<clothing-items>
 <clothing>
  <id>
   188161939
  </id>
  <name>
   Adidas Shirt S-4643
  </name>
  <category>
   Shirt
  </category>
  <size>
   XL
  </size>
  <color>
   Зеленый
  </color>
  <material>
   Шелк
  </material>
  <price>
   185330
  </price>
  <rating>
   3.7
  </rating>
  <reviews>
   308849
  </reviews>
  <new>
   -
  </new>
  <exclusive>
   yes
  </exclusive>
 </clothing>
 <clothing>
  <id>
   566041192
  </id>
  <name>
   New Balance Gloves E-1492
  </name>
  <category>
   Gloves
  </category>
  <size>
   XL
  </size>
  <color>
   Зеленый
  </color>
  <material>
   Кожа
  </material>
  <price>
   385599
  </price>
  <rating>
   4.1
  </rating>
  <reviews>
   391710
  </reviews>
  <sporty>
   no
  </sporty>
 </clothing>
 <clothing>
  <id>
   392887462
  </id>
  <name>
   Fila Blouse H-7963
  </name>
  <category>
   Blouse
  </category>
  <size>
   S
  </size>
  <color>
   Желтый
  </color>
  <material>
   Вискоза
  </material>
  <price>
   754533
  </price>
  <rating>
   3.36
  </rating>
  <reviews>
   531717
  </reviews>
  <new>
   -
  </new>
  <exclusive>
   no
  </exclusive>
  <sporty>
   no
  </sporty>
 </clothing>
 <clothing>
  <id>
   711499147
  </id>
  <name>
   Nike T-shirt A-1769
  </name>
  <category>
   T-shirt
  </category>
  <size>
   XL
  </size>
  <color>
   Оранжевый
  </color>
  <material>
   Вискоза
  </material>
  <price>
   736602
  </price>
  <rating>
   2.35
  </rating>
  <reviews>
   7611
  </reviews>
 </clothing>
 <clothing>
  <id>
   731555245
  </id>
  <name>
   Brooks Belts K-6671
  </name>
  <category>
   Belts
  </category>
  <size>
   M
  </size>
  <color>
   Зеленый
  </color>
  <material>
   Шелк
  </material>
  <price>
   109481
  </price>
  <rating>
   3.65
  </rating>
  <reviews>
   333898
  </reviews>
  <new>
   +
  </new>
  <sporty>
   no
  </sporty>
 </clothing>
 <clothing>
  <id>
   925131947
  </id>
  <name>
   Asics Jeans M-4697
  </name>
  <category>
   Jeans
  </category>
  <size>
   M
  </size>
  <color>
   Желтый
  </color>
  <material>
   Кожа
  </material>
  <price>
   816817
  </price>
  <rating>
   3.43
  </rating>
  <reviews>
   582171
  </reviews>
  <new>
   +
  </new>
  <sporty>
   yes
  </sporty>
 </clothing>
 <clothing>
  <id>
   859316626
  </id>
  <name>
   Under Armour Gloves W-3260
  </name>
  <category>
   Gloves
  </category>
  <size>
   M
  </size>
  <color>
   Зеленый
  </color>
  <material>
   Лен
  </material>
  <price>
   544724
  </price>
  <rating>
   4.0
  </rating>
  <reviews>
   330125
  </reviews>
  <exclusive>
   yes
  </exclusive>
 </clothing>
 <clothing>
  <id>
   594363941
  </id>
  <name>
   Addidas Belts Z-6314
  </name>
  <category>
   Belts
  </category>
  <size>
   XXL
  </size>
  <color>
   Зеленый
  </color>
  <material>
   Нейлон
  </material>
  <price>
   526140
  </price>
  <rating>
   4.15
  </rating>
  <reviews>
   662017
  </reviews>
  <new>
   -
  </new>
  <sporty>
   no
  </sporty>
 </clothing>
 <clothing>
  <id>
   416991626
  </id>
  <name>
   Lacoste Shoes D-2552
  </name>
  <category>
   Shoes
  </category>
  <size>
   XXL
  </size>
  <color>
   Фиолетовый
  </color>
  <material>
   Шелк
  </material>
  <price>
   222389
  </price>
  <rating>
   4.56
  </rating>
  <reviews>
   213048
  </reviews>
  <new>
   +
  </new>
  <sporty>
   no
  </sporty>
 </clothing>
 <clothing>
  <id>
   401129989
  </id>
  <name>
   Nike T-shirt V-9561
  </name>
  <category>
   T-shirt
  </category>
  <size>
   XXL
  </size>
  <color>
   Желтый
  </color>
  <material>
   Вискоза
  </material>
  <price>
   887638
  </price>
  <rating>
   4.97
  </rating>
  <reviews>
   854472
  </reviews>
  <new>
   +
  </new>
  <sporty>
   no
  </sporty>
 </clothing>
 <clothing>
  <id>
   546349091
  </id>
  <name>
   DC Handbags S-9675
  </name>
  <category>
   Handbags
  </category>
  <size>
   M
  </size>
  <color>
   Зеленый
  </color>
  <material>
   Лен
  </material>
  <price>
   393324
  </price>
  <rating>
   3.89
  </rating>
  <reviews>
   909122
  </reviews>
  <new>
   -
  </new>
  <exclusive>
   yes
  </exclusive>
 </clothing>
 <clothing>
  <id>
   315084927
  </id>
  <name>
   DC Pants V-3665
  </name>
  <category>
   Pants
  </category>
  <size>
   L
  </size>
  <color>
   Голубой
  </color>
  <material>
   Нейлон
  </material>
  <price>
   585107
  </price>
  <rating>
   1.53
  </rating>
  <reviews>
   214757
  </reviews>
  <new>
   +
  </new>
  <exclusive>
   no
  </exclusive>
  <sporty>
   no
  </sporty>
 </clothing>
 <clothing>
  <id>
   116206067
  </id>
  <name>
   Addidas Blouse U-8543
  </name>
  <category>
   Blouse
  </category>
  <size>
   L
  </size>
  <color>
   Фиолетовый
  </color>
  <material>
   Нейлон
  </material>
  <price>
   592867
  </price>
  <rating>
   1.09
  </rating>
  <reviews>
   851242
  </reviews>
  <sporty>
   no
  </sporty>
 </clothing>
 <clothing>
  <id>
   493447902
  </id>
  <name>
   Adidas Jacket R-6925
  </name>
  <category>
   Jacket
  </category>
  <size>
   XL
  </size>
  <color>
   Синий
  </color>
  <material>
   Шелк
  </material>
  <price>
   597041
  </price>
  <rating>
   1.63
  </rating>
  <reviews>
   414367
  </reviews>
  <exclusive>
   yes
  </exclusive>
  <sporty>
   no
  </sporty>
 </clothing>
 <clothing>
  <id>
   262338173
  </id>
  <name>
   PleinSport Blouse X-7132
  </name>
  <category>
   Blouse
  </category>
  <size>
   S
  </size>
  <color>
   Синий
  </color>
  <material>
   Нейлон
  </material>
  <price>
   988021
  </price>
  <rating>
   2.2
  </rating>
  <reviews>
   239547
  </reviews>
  <new>
   -
  </new>
  <exclusive>
   yes
  </exclusive>
 </clothing>
 <clothing>
  <id>
   624600439
  </id>
  <name>
   Nike Blouse F-8557
  </name>
  <category>
   Blouse
  </category>
  <size>
   XXL
  </size>
  <color>
   Голубой
  </color>
  <material>
   Нейлон
  </material>
  <price>
   770989
  </price>
  <rating>
   4.01
  </rating>
  <reviews>
   841396
  </reviews>
  <exclusive>
   yes
  </exclusive>
  <sporty>
   no
  </sporty>
 </clothing>
 <clothing>
  <id>
   339611903
  </id>
  <name>
   Adidas Jacket Y-8455
  </name>
  <category>
   Jacket
  </category>
  <size>
   S
  </size>
  <color>
   Оранжевый
  </color>
  <material>
   Полиэстер
  </material>
  <price>
   444432
  </price>
  <rating>
   4.28
  </rating>
  <reviews>
   261188
  </reviews>
  <new>
   +
  </new>
  <exclusive>
   no
  </exclusive>
 </clothing>
 <clothing>
  <id>
   499399841
  </id>
  <name>
   Asics Hat H-2859
  </name>
  <category>
   Hat
  </category>
  <size>
   M
  </size>
  <color>
   Желтый
  </color>
  <material>
   Лен
  </material>
  <price>
   591579
  </price>
  <rating>
   3.54
  </rating>
  <reviews>
   878701
  </reviews>
  <exclusive>
   no
  </exclusive>
  <sporty>
   no
  </sporty>
 </clothing>
 <clothing>
  <id>
   407237316
  </id>
  <name>
   Nike Belts G-7567
  </name>
  <category>
   Belts
  </category>
  <size>
   L
  </size>
  <color>
   Фиолетовый
  </color>
  <material>
   Нейлон
  </material>
  <price>
   192604
  </price>
  <rating>
   1.76
  </rating>
  <reviews>
   298154
  </reviews>
  <new>
   +
  </new>
 </clothing>
 <clothing>
  <id>
   910851962
  </id>
  <name>
   Converse Gloves D-2921
  </name>
  <category>
   Gloves
  </category>
  <size>
   XL
  </size>
  <color>
   Фиолетовый
  </color>
  <material>
   Шелк
  </material>
  <price>
   771701
  </price>
  <rating>
   2.07
  </rating>
  <reviews>
   514153
  </reviews>
  <exclusive>
   no
  </exclusive>
  <sporty>
   yes
  </sporty>
 </clothing>
 <clothing>
  <id>
   647974982
  </id>
  <name>
   PleinSport Handbags Q-9850
  </name>
  <category>
   Handbags
  </category>
  <size>
   XL
  </size>
  <color>
   Голубой
  </color>
  <material>
   Шелк
  </material>
  <price>
   821525
  </price>
  <rating>
   1.33
  </rating>
  <reviews>
   290475
  </reviews>
  <new>
   -
  </new>
  <exclusive>
   yes
  </exclusive>
  <sporty>
   yes
  </sporty>
 </clothing>
 <clothing>
  <id>
   868751984
  </id>
  <name>
   Brooks Skirt I-4693
  </name>
  <category>
   Skirt
  </category>
  <size>
   S
  </size>
  <color>
   Оранжевый
  </color>
  <material>
   Кожа
  </material>
  <price>
   668986
  </price>
  <rating>
   1.31
  </rating>
  <reviews>
   88594
  </reviews>
  <sporty>
   no
  </sporty>
 </clothing>
</clothing-items>
