<?xml version="1.0" encoding="utf-8"?>
<clothing-items>
 <clothing>
  <id>
   372672912
  </id>
  <name>
   Converse Handbags M-5568
  </name>
  <category>
   Handbags
  </category>
  <size>
   XXL
  </size>
  <color>
   Оранжевый
  </color>
  <material>
   Хлопок
  </material>
  <price>
   207600
  </price>
  <rating>
   4.35
  </rating>
  <reviews>
   938110
  </reviews>
  <new>
   -
  </new>
 </clothing>
 <clothing>
  <id>
   693232451
  </id>
  <name>
   Vans Gloves B-8487
  </name>
  <category>
   Gloves
  </category>
  <size>
   XXL
  </size>
  <color>
   Фиолетовый
  </color>
  <material>
   Шерсть
  </material>
  <price>
   618703
  </price>
  <rating>
   2.91
  </rating>
  <reviews>
   825757
  </reviews>
  <new>
   +
  </new>
  <exclusive>
   no
  </exclusive>
  <sporty>
   yes
  </sporty>
 </clothing>
 <clothing>
  <id>
   712451783
  </id>
  <name>
   Reebok Socks Y-1758
  </name>
  <category>
   Socks
  </category>
  <size>
   S
  </size>
  <color>
   Зеленый
  </color>
  <material>
   Лен
  </material>
  <price>
   684871
  </price>
  <rating>
   3.1
  </rating>
  <reviews>
   934752
  </reviews>
  <new>
   +
  </new>
 </clothing>
 <clothing>
  <id>
   534228073
  </id>
  <name>
   Vans Socks G-4750
  </name>
  <category>
   Socks
  </category>
  <size>
   S
  </size>
  <color>
   Синий
  </color>
  <material>
   Нейлон
  </material>
  <price>
   944702
  </price>
  <rating>
   4.05
  </rating>
  <reviews>
   140090
  </reviews>
  <new>
   +
  </new>
 </clothing>
 <clothing>
  <id>
   364951988
  </id>
  <name>
   Brooks T-shirt Q-5466
  </name>
  <category>
   T-shirt
  </category>
  <size>
   S
  </size>
  <color>
   Желтый
  </color>
  <material>
   Кожа
  </material>
  <price>
   329252
  </price>
  <rating>
   3.83
  </rating>
  <reviews>
   389644
  </reviews>
  <new>
   -
  </new>
  <exclusive>
   yes
  </exclusive>
  <sporty>
   no
  </sporty>
 </clothing>
 <clothing>
  <id>
   165511401
  </id>
  <name>
   Asics Jeans M-2053
  </name>
  <category>
   Jeans
  </category>
  <size>
   XL
  </size>
  <color>
   Оранжевый
  </color>
  <material>
   Кожа
  </material>
  <price>
   661745
  </price>
  <rating>
   4.27
  </rating>
  <reviews>
   410948
  </reviews>
  <new>
   +
  </new>
  <exclusive>
   yes
  </exclusive>
  <sporty>
   no
  </sporty>
 </clothing>
 <clothing>
  <id>
   292070192
  </id>
  <name>
   Addidas Belts C-2479
  </name>
  <category>
   Belts
  </category>
  <size>
   M
  </size>
  <color>
   Зеленый
  </color>
  <material>
   Лен
  </material>
  <price>
   655035
  </price>
  <rating>
   2.04
  </rating>
  <reviews>
   567169
  </reviews>
  <new>
   -
  </new>
  <exclusive>
   no
  </exclusive>
  <sporty>
   yes
  </sporty>
 </clothing>
 <clothing>
  <id>
   125147114
  </id>
  <name>
   Nike Shirt Q-3159
  </name>
  <category>
   Shirt
  </category>
  <size>
   S
  </size>
  <color>
   Фиолетовый
  </color>
  <material>
   Вискоза
  </material>
  <price>
   886699
  </price>
  <rating>
   2.38
  </rating>
  <reviews>
   642268
  </reviews>
  <new>
   +
  </new>
  <exclusive>
   no
  </exclusive>
 </clothing>
 <clothing>
  <id>
   111921951
  </id>
  <name>
   Reebok Blouse J-8451
  </name>
  <category>
   Blouse
  </category>
  <size>
   XXL
  </size>
  <color>
   Синий
  </color>
  <material>
   Хлопок
  </material>
  <price>
   984312
  </price>
  <rating>
   1.21
  </rating>
  <reviews>
   456286
  </reviews>
  <sporty>
   yes
  </sporty>
 </clothing>
 <clothing>
  <id>
   961279586
  </id>
  <name>
   DC Blouse A-1762
  </name>
  <category>
   Blouse
  </category>
  <size>
   XXL
  </size>
  <color>
   Желтый
  </color>
  <material>
   Полиэстер
  </material>
  <price>
   558438
  </price>
  <rating>
   4.83
  </rating>
  <reviews>
   78767
  </reviews>
  <sporty>
   yes
  </sporty>
 </clothing>
 <clothing>
  <id>
   891191925
  </id>
  <name>
   Nike Shirt J-2396
  </name>
  <category>
   Shirt
  </category>
  <size>
   XL
  </size>
  <color>
   Фиолетовый
  </color>
  <material>
   Нейлон
  </material>
  <price>
   573253
  </price>
  <rating>
   2.73
  </rating>
  <reviews>
   822499
  </reviews>
  <exclusive>
   yes
  </exclusive>
  <sporty>
   yes
  </sporty>
 </clothing>
 <clothing>
  <id>
   109294360
  </id>
  <name>
   Converse Blouse V-5644
  </name>
  <category>
   Blouse
  </category>
  <size>
   XXL
  </size>
  <color>
   Синий
  </color>
  <material>
   Хлопок
  </material>
  <price>
   237408
  </price>
  <rating>
   2.54
  </rating>
  <reviews>
   748700
  </reviews>
  <new>
   +
  </new>
 </clothing>
 <clothing>
  <id>
   114223297
  </id>
  <name>
   Fila Gloves W-3240
  </name>
  <category>
   Gloves
  </category>
  <size>
   M
  </size>
  <color>
   Зеленый
  </color>
  <material>
   Нейлон
  </material>
  <price>
   900161
  </price>
  <rating>
   1.11
  </rating>
  <reviews>
   406052
  </reviews>
  <new>
   -
  </new>
  <exclusive>
   no
  </exclusive>
  <sporty>
   no
  </sporty>
 </clothing>
 <clothing>
  <id>
   751874574
  </id>
  <name>
   Addidas Jeans O-9205
  </name>
  <category>
   Jeans
  </category>
  <size>
   M
  </size>
  <color>
   Желтый
  </color>
  <material>
   Полиэстер
  </material>
  <price>
   977577
  </price>
  <rating>
   2.28
  </rating>
  <reviews>
   291526
  </reviews>
  <new>
   -
  </new>
  <exclusive>
   no
  </exclusive>
  <sporty>
   no
  </sporty>
 </clothing>
 <clothing>
  <id>
   429411931
  </id>
  <name>
   Addidas Socks O-3129
  </name>
  <category>
   Socks
  </category>
  <size>
   L
  </size>
  <color>
   Синий
  </color>
  <material>
   Полиэстер
  </material>
  <price>
   372665
  </price>
  <rating>
   3.2
  </rating>
  <reviews>
   153014
  </reviews>
  <new>
   +
  </new>
  <exclusive>
   yes
  </exclusive>
 </clothing>
 <clothing>
  <id>
   674964509
  </id>
  <name>
   PleinSport Pants N-8796
  </name>
  <category>
   Pants
  </category>
  <size>
   S
  </size>
  <color>
   Фиолетовый
  </color>
  <material>
   Хлопок
  </material>
  <price>
   610326
  </price>
  <rating>
   2.09
  </rating>
  <reviews>
   2770
  </reviews>
  <new>
   +
  </new>
  <exclusive>
   yes
  </exclusive>
 </clothing>
 <clothing>
  <id>
   526484949
  </id>
  <name>
   Puma Pants L-7331
  </name>
  <category>
   Pants
  </category>
  <size>
   S
  </size>
  <color>
   Фиолетовый
  </color>
  <material>
   Лен
  </material>
  <price>
   725284
  </price>
  <rating>
   2.55
  </rating>
  <reviews>
   133941
  </reviews>
  <new>
   -
  </new>
  <sporty>
   yes
  </sporty>
 </clothing>
 <clothing>
  <id>
   596324207
  </id>
  <name>
   Addidas T-shirt W-2700
  </name>
  <category>
   T-shirt
  </category>
  <size>
   S
  </size>
  <color>
   Голубой
  </color>
  <material>
   Шелк
  </material>
  <price>
   945499
  </price>
  <rating>
   4.47
  </rating>
  <reviews>
   449171
  </reviews>
  <new>
   -
  </new>
  <exclusive>
   no
  </exclusive>
 </clothing>
 <clothing>
  <id>
   817199031
  </id>
  <name>
   Lacoste Dress U-2847
  </name>
  <category>
   Dress
  </category>
  <size>
   M
  </size>
  <color>
   Красный
  </color>
  <material>
   Шелк
  </material>
  <price>
   526593
  </price>
  <rating>
   1.29
  </rating>
  <reviews>
   364946
  </reviews>
  <exclusive>
   no
  </exclusive>
  <sporty>
   no
  </sporty>
 </clothing>
 <clothing>
  <id>
   719689384
  </id>
  <name>
   Lacoste Gloves F-6430
  </name>
  <category>
   Gloves
  </category>
  <size>
   XL
  </size>
  <color>
   Зеленый
  </color>
  <material>
   Шерсть
  </material>
  <price>
   509018
  </price>
  <rating>
   1.32
  </rating>
  <reviews>
   473742
  </reviews>
  <new>
   -
  </new>
  <exclusive>
   yes
  </exclusive>
  <sporty>
   no
  </sporty>
 </clothing>
 <clothing>
  <id>
   416217742
  </id>
  <name>
   Vans Shoes T-8214
  </name>
  <category>
   Shoes
  </category>
  <size>
   M
  </size>
  <color>
   Синий
  </color>
  <material>
   Нейлон
  </material>
  <price>
   542921
  </price>
  <rating>
   2.62
  </rating>
  <reviews>
   435054
  </reviews>
  <new>
   +
  </new>
  <exclusive>
   yes
  </exclusive>
  <sporty>
   no
  </sporty>
 </clothing>
 <clothing>
  <id>
   904654469
  </id>
  <name>
   Addidas Pants R-7970
  </name>
  <category>
   Pants
  </category>
  <size>
   L
  </size>
  <color>
   Зеленый
  </color>
  <material>
   Кожа
  </material>
  <price>
   171128
  </price>
  <rating>
   1.62
  </rating>
  <reviews>
   325143
  </reviews>
  <new>
   +
  </new>
  <sporty>
   yes
  </sporty>
 </clothing>
 <clothing>
  <id>
   349291813
  </id>
  <name>
   Lacoste Dress O-6751
  </name>
  <category>
   Dress
  </category>
  <size>
   XXL
  </size>
  <color>
   Синий
  </color>
  <material>
   Лен
  </material>
  <price>
   251326
  </price>
  <rating>
   4.6
  </rating>
  <reviews>
   497655
  </reviews>
  <new>
   -
  </new>
  <exclusive>
   yes
  </exclusive>
  <sporty>
   yes
  </sporty>
 </clothing>
 <clothing>
  <id>
   754174462
  </id>
  <name>
   Fila Skirt J-8613
  </name>
  <category>
   Skirt
  </category>
  <size>
   L
  </size>
  <color>
   Желтый
  </color>
  <material>
   Шелк
  </material>
  <price>
   895455
  </price>
  <rating>
   4.53
  </rating>
  <reviews>
   810428
  </reviews>
  <new>
   +
  </new>
 </clothing>
 <clothing>
  <id>
   969078639
  </id>
  <name>
   Fila Sweater Y-7390
  </name>
  <category>
   Sweater
  </category>
  <size>
   XL
  </size>
  <color>
   Голубой
  </color>
  <material>
   Полиэстер
  </material>
  <price>
   371904
  </price>
  <rating>
   3.08
  </rating>
  <reviews>
   303675
  </reviews>
  <new>
   +
  </new>
  <exclusive>
   no
  </exclusive>
 </clothing>
 <clothing>
  <id>
   564636175
  </id>
  <name>
   PleinSport Shirt G-1701
  </name>
  <category>
   Shirt
  </category>
  <size>
   XXL
  </size>
  <color>
   Синий
  </color>
  <material>
   Шелк
  </material>
  <price>
   888214
  </price>
  <rating>
   1.32
  </rating>
  <reviews>
   5518
  </reviews>
 </clothing>
 <clothing>
  <id>
   715751474
  </id>
  <name>
   Ellesse Hat L-6664
  </name>
  <category>
   Hat
  </category>
  <size>
   M
  </size>
  <color>
   Красный
  </color>
  <material>
   Полиэстер
  </material>
  <price>
   160474
  </price>
  <rating>
   2.63
  </rating>
  <reviews>
   560684
  </reviews>
  <new>
   -
  </new>
  <exclusive>
   no
  </exclusive>
  <sporty>
   yes
  </sporty>
 </clothing>
 <clothing>
  <id>
   653449423
  </id>
  <name>
   Under Armour Socks W-3151
  </name>
  <category>
   Socks
  </category>
  <size>
   S
  </size>
  <color>
   Синий
  </color>
  <material>
   Лен
  </material>
  <price>
   895890
  </price>
  <rating>
   3.8
  </rating>
  <reviews>
   135378
  </reviews>
  <exclusive>
   yes
  </exclusive>
  <sporty>
   yes
  </sporty>
 </clothing>
 <clothing>
  <id>
   633637884
  </id>
  <name>
   Lacoste Umbrellas H-6745
  </name>
  <category>
   Umbrellas
  </category>
  <size>
   L
  </size>
  <color>
   Фиолетовый
  </color>
  <material>
   Полиэстер
  </material>
  <price>
   510061
  </price>
  <rating>
   2.36
  </rating>
  <reviews>
   75598
  </reviews>
  <exclusive>
   yes
  </exclusive>
 </clothing>
 <clothing>
  <id>
   696998547
  </id>
  <name>
   Puma Blouse D-2374
  </name>
  <category>
   Blouse
  </category>
  <size>
   M
  </size>
  <color>
   Голубой
  </color>
  <material>
   Шелк
  </material>
  <price>
   870917
  </price>
  <rating>
   4.48
  </rating>
  <reviews>
   638997
  </reviews>
  <new>
   +
  </new>
  <exclusive>
   no
  </exclusive>
 </clothing>
 <clothing>
  <id>
   552376709
  </id>
  <name>
   Ellesse Jeans Y-8844
  </name>
  <category>
   Jeans
  </category>
  <size>
   L
  </size>
  <color>
   Синий
  </color>
  <material>
   Кожа
  </material>
  <price>
   849847
  </price>
  <rating>
   1.35
  </rating>
  <reviews>
   289236
  </reviews>
  <exclusive>
   no
  </exclusive>
 </clothing>
 <clothing>
  <id>
   130831330
  </id>
  <name>
   New Balance Pants B-1795
  </name>
  <category>
   Pants
  </category>
  <size>
   L
  </size>
  <color>
   Оранжевый
  </color>
  <material>
   Вискоза
  </material>
  <price>
   972793
  </price>
  <rating>
   3.35
  </rating>
  <reviews>
   831505
  </reviews>
  <exclusive>
   no
  </exclusive>
  <sporty>
   no
  </sporty>
 </clothing>
 <clothing>
  <id>
   152451089
  </id>
  <name>
   Addidas Jacket I-9710
  </name>
  <category>
   Jacket
  </category>
  <size>
   XXL
  </size>
  <color>
   Желтый
  </color>
  <material>
   Хлопок
  </material>
  <price>
   204030
  </price>
  <rating>
   4.98
  </rating>
  <reviews>
   394916
  </reviews>
  <new>
   +
  </new>
  <exclusive>
   no
  </exclusive>
 </clothing>
 <clothing>
  <id>
   654238315
  </id>
  <name>
   Adidas Umbrellas T-4740
  </name>
  <category>
   Umbrellas
  </category>
  <size>
   M
  </size>
  <color>
   Голубой
  </color>
  <material>
   Полиэстер
  </material>
  <price>
   570385
  </price>
  <rating>
   3.09
  </rating>
  <reviews>
   334487
  </reviews>
  <sporty>
   no
  </sporty>
 </clothing>
 <clothing>
  <id>
   423791973
  </id>
  <name>
   New Balance Socks J-3557
  </name>
  <category>
   Socks
  </category>
  <size>
   S
  </size>
  <color>
   Желтый
  </color>
  <material>
   Хлопок
  </material>
  <price>
   723495
  </price>
  <rating>
   3.96
  </rating>
  <reviews>
   480871
  </reviews>
  <exclusive>
   yes
  </exclusive>
  <sporty>
   no
  </sporty>
 </clothing>
 <clothing>
  <id>
   457160844
  </id>
  <name>
   Vans Hat U-9752
  </name>
  <category>
   Hat
  </category>
  <size>
   M
  </size>
  <color>
   Фиолетовый
  </color>
  <material>
   Шерсть
  </material>
  <price>
   521661
  </price>
  <rating>
   2.08
  </rating>
  <reviews>
   290044
  </reviews>
  <new>
   +
  </new>
  <exclusive>
   no
  </exclusive>
  <sporty>
   yes
  </sporty>
 </clothing>
 <clothing>
  <id>
   558276373
  </id>
  <name>
   Nike Shoes K-2997
  </name>
  <category>
   Shoes
  </category>
  <size>
   M
  </size>
  <color>
   Желтый
  </color>
  <material>
   Лен
  </material>
  <price>
   959804
  </price>
  <rating>
   4.22
  </rating>
  <reviews>
   220287
  </reviews>
  <new>
   +
  </new>
  <sporty>
   yes
  </sporty>
 </clothing>
 <clothing>
  <id>
   975001537
  </id>
  <name>
   Nike Jeans Q-5710
  </name>
  <category>
   Jeans
  </category>
  <size>
   L
  </size>
  <color>
   Желтый
  </color>
  <material>
   Шелк
  </material>
  <price>
   665665
  </price>
  <rating>
   4.79
  </rating>
  <reviews>
   13149
  </reviews>
  <new>
   -
  </new>
 </clothing>
 <clothing>
  <id>
   185455991
  </id>
  <name>
   Under Armour Blouse H-8612
  </name>
  <category>
   Blouse
  </category>
  <size>
   L
  </size>
  <color>
   Фиолетовый
  </color>
  <material>
   Хлопок
  </material>
  <price>
   828332
  </price>
  <rating>
   4.12
  </rating>
  <reviews>
   715779
  </reviews>
  <new>
   +
  </new>
  <sporty>
   yes
  </sporty>
 </clothing>
 <clothing>
  <id>
   907755961
  </id>
  <name>
   Vans Jeans Z-4762
  </name>
  <category>
   Jeans
  </category>
  <size>
   XXL
  </size>
  <color>
   Фиолетовый
  </color>
  <material>
   Хлопок
  </material>
  <price>
   471001
  </price>
  <rating>
   3.29
  </rating>
  <reviews>
   988126
  </reviews>
  <exclusive>
   yes
  </exclusive>
  <sporty>
   no
  </sporty>
 </clothing>
 <clothing>
  <id>
   430833881
  </id>
  <name>
   Vans Blouse A-7740
  </name>
  <category>
   Blouse
  </category>
  <size>
   M
  </size>
  <color>
   Синий
  </color>
  <material>
   Лен
  </material>
  <price>
   420229
  </price>
  <rating>
   4.11
  </rating>
  <reviews>
   674503
  </reviews>
  <new>
   +
  </new>
  <exclusive>
   no
  </exclusive>
 </clothing>
 <clothing>
  <id>
   213223212
  </id>
  <name>
   Adidas T-shirt T-1711
  </name>
  <category>
   T-shirt
  </category>
  <size>
   M
  </size>
  <color>
   Красный
  </color>
  <material>
   Нейлон
  </material>
  <price>
   110063
  </price>
  <rating>
   2.0
  </rating>
  <reviews>
   347786
  </reviews>
  <exclusive>
   no
  </exclusive>
 </clothing>
 <clothing>
  <id>
   557136749
  </id>
  <name>
   PleinSport Belts X-3626
  </name>
  <category>
   Belts
  </category>
  <size>
   M
  </size>
  <color>
   Красный
  </color>
  <material>
   Хлопок
  </material>
  <price>
   209315
  </price>
  <rating>
   2.81
  </rating>
  <reviews>
   868768
  </reviews>
  <new>
   +
  </new>
  <exclusive>
   no
  </exclusive>
  <sporty>
   no
  </sporty>
 </clothing>
 <clothing>
  <id>
   905188322
  </id>
  <name>
   DC Jacket I-7221
  </name>
  <category>
   Jacket
  </category>
  <size>
   S
  </size>
  <color>
   Красный
  </color>
  <material>
   Полиэстер
  </material>
  <price>
   536720
  </price>
  <rating>
   2.26
  </rating>
  <reviews>
   883943
  </reviews>
  <new>
   -
  </new>
  <exclusive>
   no
  </exclusive>
 </clothing>
 <clothing>
  <id>
   873079207
  </id>
  <name>
   Adidas Umbrellas Z-2153
  </name>
  <category>
   Umbrellas
  </category>
  <size>
   M
  </size>
  <color>
   Красный
  </color>
  <material>
   Хлопок
  </material>
  <price>
   519706
  </price>
  <rating>
   3.74
  </rating>
  <reviews>
   848855
  </reviews>
  <new>
   -
  </new>
  <exclusive>
   yes
  </exclusive>
 </clothing>
 <clothing>
  <id>
   372274774
  </id>
  <name>
   Ellesse Sweater J-5780
  </name>
  <category>
   Sweater
  </category>
  <size>
   XXL
  </size>
  <color>
   Фиолетовый
  </color>
  <material>
   Шерсть
  </material>
  <price>
   832096
  </price>
  <rating>
   3.22
  </rating>
  <reviews>
   126963
  </reviews>
  <sporty>
   yes
  </sporty>
 </clothing>
 <clothing>
  <id>
   620738352
  </id>
  <name>
   Reebok Handbags C-5389
  </name>
  <category>
   Handbags
  </category>
  <size>
   L
  </size>
  <color>
   Голубой
  </color>
  <material>
   Шерсть
  </material>
  <price>
   188738
  </price>
  <rating>
   2.78
  </rating>
  <reviews>
   204065
  </reviews>
  <new>
   +
  </new>
  <exclusive>
   yes
  </exclusive>
  <sporty>
   yes
  </sporty>
 </clothing>
 <clothing>
  <id>
   304994572
  </id>
  <name>
   Lacoste Jeans G-4417
  </name>
  <category>
   Jeans
  </category>
  <size>
   S
  </size>
  <color>
   Фиолетовый
  </color>
  <material>
   Полиэстер
  </material>
  <price>
   554356
  </price>
  <rating>
   3.0
  </rating>
  <reviews>
   982077
  </reviews>
  <sporty>
   yes
  </sporty>
 </clothing>
</clothing-items>
