<?xml version="1.0" encoding="utf-8"?>
<clothing-items>
 <clothing>
  <id>
   242458097
  </id>
  <name>
   Adidas T-shirt Y-4143
  </name>
  <category>
   T-shirt
  </category>
  <size>
   XXL
  </size>
  <color>
   Оранжевый
  </color>
  <material>
   Кожа
  </material>
  <price>
   475901
  </price>
  <rating>
   3.92
  </rating>
  <reviews>
   424542
  </reviews>
  <new>
   -
  </new>
  <exclusive>
   yes
  </exclusive>
 </clothing>
 <clothing>
  <id>
   376329007
  </id>
  <name>
   Under Armour Handbags O-6379
  </name>
  <category>
   Handbags
  </category>
  <size>
   XL
  </size>
  <color>
   Зеленый
  </color>
  <material>
   Вискоза
  </material>
  <price>
   968769
  </price>
  <rating>
   2.62
  </rating>
  <reviews>
   504031
  </reviews>
  <exclusive>
   yes
  </exclusive>
 </clothing>
 <clothing>
  <id>
   400725177
  </id>
  <name>
   PleinSport Gloves B-1231
  </name>
  <category>
   Gloves
  </category>
  <size>
   S
  </size>
  <color>
   Голубой
  </color>
  <material>
   Кожа
  </material>
  <price>
   985983
  </price>
  <rating>
   1.35
  </rating>
  <reviews>
   683824
  </reviews>
  <sporty>
   no
  </sporty>
 </clothing>
 <clothing>
  <id>
   310009941
  </id>
  <name>
   DC Jeans B-6081
  </name>
  <category>
   Jeans
  </category>
  <size>
   L
  </size>
  <color>
   Голубой
  </color>
  <material>
   Лен
  </material>
  <price>
   604221
  </price>
  <rating>
   4.91
  </rating>
  <reviews>
   59941
  </reviews>
  <exclusive>
   no
  </exclusive>
  <sporty>
   yes
  </sporty>
 </clothing>
 <clothing>
  <id>
   498071017
  </id>
  <name>
   Adidas Jeans T-9079
  </name>
  <category>
   Jeans
  </category>
  <size>
   M
  </size>
  <color>
   Желтый
  </color>
  <material>
   Кожа
  </material>
  <price>
   300344
  </price>
  <rating>
   3.45
  </rating>
  <reviews>
   315207
  </reviews>
  <new>
   +
  </new>
  <exclusive>
   no
  </exclusive>
 </clothing>
 <clothing>
  <id>
   639735293
  </id>
  <name>
   Puma Sweater F-4014
  </name>
  <category>
   Sweater
  </category>
  <size>
   S
  </size>
  <color>
   Желтый
  </color>
  <material>
   Полиэстер
  </material>
  <price>
   719320
  </price>
  <rating>
   3.37
  </rating>
  <reviews>
   356356
  </reviews>
  <sporty>
   no
  </sporty>
 </clothing>
 <clothing>
  <id>
   834932806
  </id>
  <name>
   Brooks Gloves S-1230
  </name>
  <category>
   Gloves
  </category>
  <size>
   M
  </size>
  <color>
   Оранжевый
  </color>
  <material>
   Шелк
  </material>
  <price>
   548733
  </price>
  <rating>
   1.24
  </rating>
  <reviews>
   945235
  </reviews>
  <new>
   -
  </new>
  <exclusive>
   no
  </exclusive>
  <sporty>
   no
  </sporty>
 </clothing>
 <clothing>
  <id>
   923789468
  </id>
  <name>
   Under Armour Shirt Y-4583
  </name>
  <category>
   Shirt
  </category>
  <size>
   S
  </size>
  <color>
   Желтый
  </color>
  <material>
   Нейлон
  </material>
  <price>
   217058
  </price>
  <rating>
   2.51
  </rating>
  <reviews>
   795936
  </reviews>
  <new>
   +
  </new>
  <exclusive>
   no
  </exclusive>
 </clothing>
 <clothing>
  <id>
   137639451
  </id>
  <name>
   Converse Gloves A-9577
  </name>
  <category>
   Gloves
  </category>
  <size>
   XL
  </size>
  <color>
   Оранжевый
  </color>
  <material>
   Вискоза
  </material>
  <price>
   311509
  </price>
  <rating>
   3.25
  </rating>
  <reviews>
   497299
  </reviews>
  <new>
   -
  </new>
  <exclusive>
   no
  </exclusive>
  <sporty>
   yes
  </sporty>
 </clothing>
 <clothing>
  <id>
   524806138
  </id>
  <name>
   Reebok Handbags H-9224
  </name>
  <category>
   Handbags
  </category>
  <size>
   XL
  </size>
  <color>
   Фиолетовый
  </color>
  <material>
   Шерсть
  </material>
  <price>
   280632
  </price>
  <rating>
   1.01
  </rating>
  <reviews>
   731882
  </reviews>
 </clothing>
 <clothing>
  <id>
   941108193
  </id>
  <name>
   Brooks Dress Z-8807
  </name>
  <category>
   Dress
  </category>
  <size>
   XXL
  </size>
  <color>
   Зеленый
  </color>
  <material>
   Полиэстер
  </material>
  <price>
   442842
  </price>
  <rating>
   1.54
  </rating>
  <reviews>
   153502
  </reviews>
  <new>
   -
  </new>
  <exclusive>
   no
  </exclusive>
 </clothing>
 <clothing>
  <id>
   580582065
  </id>
  <name>
   DC Socks R-8315
  </name>
  <category>
   Socks
  </category>
  <size>
   XXL
  </size>
  <color>
   Голубой
  </color>
  <material>
   Полиэстер
  </material>
  <price>
   210541
  </price>
  <rating>
   4.74
  </rating>
  <reviews>
   338939
  </reviews>
  <exclusive>
   yes
  </exclusive>
 </clothing>
 <clothing>
  <id>
   164737626
  </id>
  <name>
   Ellesse Pants R-4329
  </name>
  <category>
   Pants
  </category>
  <size>
   M
  </size>
  <color>
   Голубой
  </color>
  <material>
   Лен
  </material>
  <price>
   123518
  </price>
  <rating>
   4.05
  </rating>
  <reviews>
   167993
  </reviews>
  <new>
   -
  </new>
  <sporty>
   yes
  </sporty>
 </clothing>
 <clothing>
  <id>
   302516517
  </id>
  <name>
   Brooks Pants Q-9959
  </name>
  <category>
   Pants
  </category>
  <size>
   S
  </size>
  <color>
   Красный
  </color>
  <material>
   Шелк
  </material>
  <price>
   339791
  </price>
  <rating>
   4.73
  </rating>
  <reviews>
   548118
  </reviews>
  <new>
   -
  </new>
  <exclusive>
   yes
  </exclusive>
 </clothing>
</clothing-items>
