<?xml version="1.0" encoding="utf-8"?>
<clothing-items>
 <clothing>
  <id>
   872132846
  </id>
  <name>
   Lacoste Socks D-3876
  </name>
  <category>
   Socks
  </category>
  <size>
   M
  </size>
  <color>
   Красный
  </color>
  <material>
   Нейлон
  </material>
  <price>
   286985
  </price>
  <rating>
   4.11
  </rating>
  <reviews>
   581842
  </reviews>
  <new>
   -
  </new>
  <exclusive>
   yes
  </exclusive>
  <sporty>
   no
  </sporty>
 </clothing>
 <clothing>
  <id>
   888607727
  </id>
  <name>
   DC Hat S-1986
  </name>
  <category>
   Hat
  </category>
  <size>
   XXL
  </size>
  <color>
   Желтый
  </color>
  <material>
   Хлопок
  </material>
  <price>
   569985
  </price>
  <rating>
   2.83
  </rating>
  <reviews>
   366653
  </reviews>
  <new>
   -
  </new>
  <exclusive>
   yes
  </exclusive>
 </clothing>
 <clothing>
  <id>
   333180236
  </id>
  <name>
   Converse Hat J-5689
  </name>
  <category>
   Hat
  </category>
  <size>
   M
  </size>
  <color>
   Зеленый
  </color>
  <material>
   Нейлон
  </material>
  <price>
   326895
  </price>
  <rating>
   1.84
  </rating>
  <reviews>
   67283
  </reviews>
  <new>
   +
  </new>
  <exclusive>
   yes
  </exclusive>
 </clothing>
 <clothing>
  <id>
   834606240
  </id>
  <name>
   Reebok Gloves P-5344
  </name>
  <category>
   Gloves
  </category>
  <size>
   XXL
  </size>
  <color>
   Красный
  </color>
  <material>
   Шерсть
  </material>
  <price>
   237352
  </price>
  <rating>
   3.7
  </rating>
  <reviews>
   452843
  </reviews>
  <new>
   +
  </new>
  <exclusive>
   no
  </exclusive>
  <sporty>
   no
  </sporty>
 </clothing>
 <clothing>
  <id>
   911157968
  </id>
  <name>
   Nike T-shirt N-1971
  </name>
  <category>
   T-shirt
  </category>
  <size>
   XXL
  </size>
  <color>
   Зеленый
  </color>
  <material>
   Шелк
  </material>
  <price>
   888822
  </price>
  <rating>
   1.99
  </rating>
  <reviews>
   818590
  </reviews>
  <new>
   -
  </new>
  <sporty>
   no
  </sporty>
 </clothing>
 <clothing>
  <id>
   161214175
  </id>
  <name>
   Ellesse T-shirt Q-1391
  </name>
  <category>
   T-shirt
  </category>
  <size>
   S
  </size>
  <color>
   Фиолетовый
  </color>
  <material>
   Вискоза
  </material>
  <price>
   778512
  </price>
  <rating>
   1.05
  </rating>
  <reviews>
   502562
  </reviews>
  <new>
   +
  </new>
  <exclusive>
   no
  </exclusive>
 </clothing>
 <clothing>
  <id>
   456137259
  </id>
  <name>
   Brooks Dress O-4740
  </name>
  <category>
   Dress
  </category>
  <size>
   S
  </size>
  <color>
   Оранжевый
  </color>
  <material>
   Вискоза
  </material>
  <price>
   912037
  </price>
  <rating>
   1.97
  </rating>
  <reviews>
   330656
  </reviews>
  <sporty>
   no
  </sporty>
 </clothing>
 <clothing>
  <id>
   391165221
  </id>
  <name>
   PleinSport Dress L-9699
  </name>
  <category>
   Dress
  </category>
  <size>
   XL
  </size>
  <color>
   Красный
  </color>
  <material>
   Кожа
  </material>
  <price>
   313775
  </price>
  <rating>
   3.28
  </rating>
  <reviews>
   734467
  </reviews>
  <new>
   -
  </new>
  <sporty>
   yes
  </sporty>
 </clothing>
 <clothing>
  <id>
   112142718
  </id>
  <name>
   DC Socks S-6047
  </name>
  <category>
   Socks
  </category>
  <size>
   XL
  </size>
  <color>
   Желтый
  </color>
  <material>
   Шерсть
  </material>
  <price>
   263915
  </price>
  <rating>
   4.08
  </rating>
  <reviews>
   392454
  </reviews>
  <exclusive>
   yes
  </exclusive>
  <sporty>
   no
  </sporty>
 </clothing>
 <clothing>
  <id>
   965146432
  </id>
  <name>
   DC Umbrellas N-3896
  </name>
  <category>
   Umbrellas
  </category>
  <size>
   L
  </size>
  <color>
   Зеленый
  </color>
  <material>
   Шелк
  </material>
  <price>
   635090
  </price>
  <rating>
   4.69
  </rating>
  <reviews>
   353220
  </reviews>
  <new>
   +
  </new>
  <exclusive>
   no
  </exclusive>
  <sporty>
   no
  </sporty>
 </clothing>
 <clothing>
  <id>
   388037310
  </id>
  <name>
   PleinSport Jacket R-5907
  </name>
  <category>
   Jacket
  </category>
  <size>
   S
  </size>
  <color>
   Фиолетовый
  </color>
  <material>
   Кожа
  </material>
  <price>
   588148
  </price>
  <rating>
   4.43
  </rating>
  <reviews>
   49734
  </reviews>
  <new>
   -
  </new>
 </clothing>
 <clothing>
  <id>
   980779327
  </id>
  <name>
   Lacoste Gloves R-3043
  </name>
  <category>
   Gloves
  </category>
  <size>
   S
  </size>
  <color>
   Голубой
  </color>
  <material>
   Шерсть
  </material>
  <price>
   781969
  </price>
  <rating>
   4.3
  </rating>
  <reviews>
   667197
  </reviews>
  <new>
   -
  </new>
  <exclusive>
   yes
  </exclusive>
  <sporty>
   yes
  </sporty>
 </clothing>
 <clothing>
  <id>
   748336965
  </id>
  <name>
   Vans Blouse M-4635
  </name>
  <category>
   Blouse
  </category>
  <size>
   XXL
  </size>
  <color>
   Оранжевый
  </color>
  <material>
   Полиэстер
  </material>
  <price>
   829673
  </price>
  <rating>
   4.38
  </rating>
  <reviews>
   834882
  </reviews>
  <new>
   +
  </new>
 </clothing>
 <clothing>
  <id>
   350443727
  </id>
  <name>
   Ellesse Hat A-6060
  </name>
  <category>
   Hat
  </category>
  <size>
   XXL
  </size>
  <color>
   Голубой
  </color>
  <material>
   Нейлон
  </material>
  <price>
   456451
  </price>
  <rating>
   4.94
  </rating>
  <reviews>
   786585
  </reviews>
 </clothing>
 <clothing>
  <id>
   120090353
  </id>
  <name>
   Ellesse Blouse K-5890
  </name>
  <category>
   Blouse
  </category>
  <size>
   L
  </size>
  <color>
   Красный
  </color>
  <material>
   Кожа
  </material>
  <price>
   755019
  </price>
  <rating>
   3.73
  </rating>
  <reviews>
   990861
  </reviews>
  <new>
   -
  </new>
  <exclusive>
   no
  </exclusive>
  <sporty>
   no
  </sporty>
 </clothing>
 <clothing>
  <id>
   316570517
  </id>
  <name>
   Under Armour Handbags U-6429
  </name>
  <category>
   Handbags
  </category>
  <size>
   M
  </size>
  <color>
   Голубой
  </color>
  <material>
   Вискоза
  </material>
  <price>
   149979
  </price>
  <rating>
   4.67
  </rating>
  <reviews>
   477194
  </reviews>
  <exclusive>
   no
  </exclusive>
  <sporty>
   no
  </sporty>
 </clothing>
 <clothing>
  <id>
   376261796
  </id>
  <name>
   Puma Pants D-7726
  </name>
  <category>
   Pants
  </category>
  <size>
   S
  </size>
  <color>
   Фиолетовый
  </color>
  <material>
   Хлопок
  </material>
  <price>
   870071
  </price>
  <rating>
   2.26
  </rating>
  <reviews>
   63207
  </reviews>
  <new>
   -
  </new>
 </clothing>
 <clothing>
  <id>
   894462002
  </id>
  <name>
   Reebok Sweater I-2635
  </name>
  <category>
   Sweater
  </category>
  <size>
   M
  </size>
  <color>
   Желтый
  </color>
  <material>
   Шелк
  </material>
  <price>
   313589
  </price>
  <rating>
   1.07
  </rating>
  <reviews>
   839890
  </reviews>
  <new>
   -
  </new>
  <exclusive>
   no
  </exclusive>
  <sporty>
   no
  </sporty>
 </clothing>
 <clothing>
  <id>
   298274867
  </id>
  <name>
   Under Armour Blouse I-6047
  </name>
  <category>
   Blouse
  </category>
  <size>
   S
  </size>
  <color>
   Красный
  </color>
  <material>
   Шерсть
  </material>
  <price>
   429630
  </price>
  <rating>
   3.01
  </rating>
  <reviews>
   579354
  </reviews>
  <new>
   -
  </new>
  <sporty>
   no
  </sporty>
 </clothing>
 <clothing>
  <id>
   260720098
  </id>
  <name>
   Brooks Gloves Z-8679
  </name>
  <category>
   Gloves
  </category>
  <size>
   L
  </size>
  <color>
   Фиолетовый
  </color>
  <material>
   Полиэстер
  </material>
  <price>
   987830
  </price>
  <rating>
   1.44
  </rating>
  <reviews>
   175488
  </reviews>
  <sporty>
   no
  </sporty>
 </clothing>
 <clothing>
  <id>
   561425093
  </id>
  <name>
   Puma Socks Q-5277
  </name>
  <category>
   Socks
  </category>
  <size>
   XL
  </size>
  <color>
   Желтый
  </color>
  <material>
   Хлопок
  </material>
  <price>
   238061
  </price>
  <rating>
   3.77
  </rating>
  <reviews>
   32954
  </reviews>
  <new>
   +
  </new>
  <sporty>
   no
  </sporty>
 </clothing>
 <clothing>
  <id>
   528133414
  </id>
  <name>
   Puma Pants X-1285
  </name>
  <category>
   Pants
  </category>
  <size>
   XL
  </size>
  <color>
   Желтый
  </color>
  <material>
   Шерсть
  </material>
  <price>
   536893
  </price>
  <rating>
   3.05
  </rating>
  <reviews>
   25317
  </reviews>
  <sporty>
   yes
  </sporty>
 </clothing>
 <clothing>
  <id>
   770660693
  </id>
  <name>
   Adidas Sweater O-7291
  </name>
  <category>
   Sweater
  </category>
  <size>
   XXL
  </size>
  <color>
   Синий
  </color>
  <material>
   Хлопок
  </material>
  <price>
   451552
  </price>
  <rating>
   3.85
  </rating>
  <reviews>
   464210
  </reviews>
  <new>
   -
  </new>
 </clothing>
 <clothing>
  <id>
   414038469
  </id>
  <name>
   Nike Skirt L-6344
  </name>
  <category>
   Skirt
  </category>
  <size>
   S
  </size>
  <color>
   Голубой
  </color>
  <material>
   Хлопок
  </material>
  <price>
   683167
  </price>
  <rating>
   2.7
  </rating>
  <reviews>
   213105
  </reviews>
  <new>
   -
  </new>
  <exclusive>
   no
  </exclusive>
  <sporty>
   no
  </sporty>
 </clothing>
</clothing-items>
