<?xml version="1.0" encoding="utf-8"?>
<clothing-items>
 <clothing>
  <id>
   373567192
  </id>
  <name>
   Fila Gloves B-7788
  </name>
  <category>
   Gloves
  </category>
  <size>
   XL
  </size>
  <color>
   Желтый
  </color>
  <material>
   Нейлон
  </material>
  <price>
   737064
  </price>
  <rating>
   3.6
  </rating>
  <reviews>
   972816
  </reviews>
  <sporty>
   yes
  </sporty>
 </clothing>
 <clothing>
  <id>
   447250766
  </id>
  <name>
   Reebok Umbrellas X-9782
  </name>
  <category>
   Umbrellas
  </category>
  <size>
   S
  </size>
  <color>
   Красный
  </color>
  <material>
   Лен
  </material>
  <price>
   675965
  </price>
  <rating>
   4.02
  </rating>
  <reviews>
   379740
  </reviews>
  <new>
   +
  </new>
  <sporty>
   no
  </sporty>
 </clothing>
 <clothing>
  <id>
   695121069
  </id>
  <name>
   PleinSport T-shirt U-7862
  </name>
  <category>
   T-shirt
  </category>
  <size>
   XL
  </size>
  <color>
   Синий
  </color>
  <material>
   Вискоза
  </material>
  <price>
   403685
  </price>
  <rating>
   3.36
  </rating>
  <reviews>
   601900
  </reviews>
  <new>
   -
  </new>
  <exclusive>
   no
  </exclusive>
  <sporty>
   yes
  </sporty>
 </clothing>
 <clothing>
  <id>
   891503642
  </id>
  <name>
   Ellesse Belts Q-3535
  </name>
  <category>
   Belts
  </category>
  <size>
   L
  </size>
  <color>
   Оранжевый
  </color>
  <material>
   Лен
  </material>
  <price>
   570585
  </price>
  <rating>
   1.16
  </rating>
  <reviews>
   59222
  </reviews>
  <new>
   -
  </new>
  <exclusive>
   no
  </exclusive>
 </clothing>
 <clothing>
  <id>
   156805305
  </id>
  <name>
   Reebok Gloves D-2339
  </name>
  <category>
   Gloves
  </category>
  <size>
   M
  </size>
  <color>
   Синий
  </color>
  <material>
   Лен
  </material>
  <price>
   933126
  </price>
  <rating>
   4.98
  </rating>
  <reviews>
   979190
  </reviews>
  <new>
   +
  </new>
  <exclusive>
   no
  </exclusive>
  <sporty>
   yes
  </sporty>
 </clothing>
 <clothing>
  <id>
   557244664
  </id>
  <name>
   Brooks Dress I-1238
  </name>
  <category>
   Dress
  </category>
  <size>
   XXL
  </size>
  <color>
   Голубой
  </color>
  <material>
   Хлопок
  </material>
  <price>
   447551
  </price>
  <rating>
   2.37
  </rating>
  <reviews>
   137850
  </reviews>
  <new>
   -
  </new>
  <exclusive>
   yes
  </exclusive>
  <sporty>
   no
  </sporty>
 </clothing>
 <clothing>
  <id>
   296200778
  </id>
  <name>
   Converse Umbrellas U-5109
  </name>
  <category>
   Umbrellas
  </category>
  <size>
   M
  </size>
  <color>
   Синий
  </color>
  <material>
   Вискоза
  </material>
  <price>
   979887
  </price>
  <rating>
   4.97
  </rating>
  <reviews>
   105395
  </reviews>
  <new>
   -
  </new>
  <exclusive>
   no
  </exclusive>
 </clothing>
 <clothing>
  <id>
   190393623
  </id>
  <name>
   DC Belts E-3771
  </name>
  <category>
   Belts
  </category>
  <size>
   S
  </size>
  <color>
   Фиолетовый
  </color>
  <material>
   Хлопок
  </material>
  <price>
   211295
  </price>
  <rating>
   3.58
  </rating>
  <reviews>
   656122
  </reviews>
  <new>
   +
  </new>
  <sporty>
   no
  </sporty>
 </clothing>
 <clothing>
  <id>
   976493770
  </id>
  <name>
   Nike Shirt Y-8615
  </name>
  <category>
   Shirt
  </category>
  <size>
   M
  </size>
  <color>
   Оранжевый
  </color>
  <material>
   Вискоза
  </material>
  <price>
   108794
  </price>
  <rating>
   3.37
  </rating>
  <reviews>
   416965
  </reviews>
  <new>
   +
  </new>
 </clothing>
 <clothing>
  <id>
   412029982
  </id>
  <name>
   DC Hat Q-8649
  </name>
  <category>
   Hat
  </category>
  <size>
   S
  </size>
  <color>
   Оранжевый
  </color>
  <material>
   Вискоза
  </material>
  <price>
   316033
  </price>
  <rating>
   2.55
  </rating>
  <reviews>
   114621
  </reviews>
  <new>
   +
  </new>
  <exclusive>
   yes
  </exclusive>
 </clothing>
 <clothing>
  <id>
   881374823
  </id>
  <name>
   Puma Shoes U-2101
  </name>
  <category>
   Shoes
  </category>
  <size>
   L
  </size>
  <color>
   Фиолетовый
  </color>
  <material>
   Шерсть
  </material>
  <price>
   410433
  </price>
  <rating>
   4.59
  </rating>
  <reviews>
   71099
  </reviews>
  <new>
   -
  </new>
 </clothing>
 <clothing>
  <id>
   192067476
  </id>
  <name>
   Nike Hat I-2417
  </name>
  <category>
   Hat
  </category>
  <size>
   L
  </size>
  <color>
   Синий
  </color>
  <material>
   Нейлон
  </material>
  <price>
   733390
  </price>
  <rating>
   4.0
  </rating>
  <reviews>
   149169
  </reviews>
  <sporty>
   no
  </sporty>
 </clothing>
 <clothing>
  <id>
   289563294
  </id>
  <name>
   Brooks Umbrellas T-5075
  </name>
  <category>
   Umbrellas
  </category>
  <size>
   XL
  </size>
  <color>
   Фиолетовый
  </color>
  <material>
   Полиэстер
  </material>
  <price>
   239640
  </price>
  <rating>
   1.01
  </rating>
  <reviews>
   64714
  </reviews>
  <new>
   +
  </new>
  <exclusive>
   no
  </exclusive>
  <sporty>
   no
  </sporty>
 </clothing>
 <clothing>
  <id>
   501624293
  </id>
  <name>
   Adidas Sweater A-1323
  </name>
  <category>
   Sweater
  </category>
  <size>
   S
  </size>
  <color>
   Красный
  </color>
  <material>
   Нейлон
  </material>
  <price>
   639121
  </price>
  <rating>
   1.77
  </rating>
  <reviews>
   492440
  </reviews>
  <new>
   -
  </new>
  <sporty>
   no
  </sporty>
 </clothing>
 <clothing>
  <id>
   913174713
  </id>
  <name>
   PleinSport Skirt H-2722
  </name>
  <category>
   Skirt
  </category>
  <size>
   M
  </size>
  <color>
   Желтый
  </color>
  <material>
   Хлопок
  </material>
  <price>
   900347
  </price>
  <rating>
   4.45
  </rating>
  <reviews>
   917653
  </reviews>
  <new>
   -
  </new>
  <exclusive>
   no
  </exclusive>
 </clothing>
 <clothing>
  <id>
   563802139
  </id>
  <name>
   Converse Socks C-4567
  </name>
  <category>
   Socks
  </category>
  <size>
   S
  </size>
  <color>
   Голубой
  </color>
  <material>
   Нейлон
  </material>
  <price>
   164985
  </price>
  <rating>
   4.87
  </rating>
  <reviews>
   785761
  </reviews>
  <new>
   +
  </new>
  <sporty>
   no
  </sporty>
 </clothing>
 <clothing>
  <id>
   738563892
  </id>
  <name>
   Addidas T-shirt M-7099
  </name>
  <category>
   T-shirt
  </category>
  <size>
   XL
  </size>
  <color>
   Фиолетовый
  </color>
  <material>
   Шерсть
  </material>
  <price>
   939870
  </price>
  <rating>
   1.57
  </rating>
  <reviews>
   805076
  </reviews>
  <new>
   -
  </new>
  <exclusive>
   yes
  </exclusive>
  <sporty>
   no
  </sporty>
 </clothing>
</clothing-items>
