<?xml version="1.0" encoding="utf-8"?>
<clothing-items>
 <clothing>
  <id>
   118612719
  </id>
  <name>
   DC Shirt T-1534
  </name>
  <category>
   Shirt
  </category>
  <size>
   XXL
  </size>
  <color>
   Фиолетовый
  </color>
  <material>
   Шерсть
  </material>
  <price>
   666236
  </price>
  <rating>
   4.03
  </rating>
  <reviews>
   649425
  </reviews>
  <sporty>
   no
  </sporty>
 </clothing>
 <clothing>
  <id>
   466661628
  </id>
  <name>
   Reebok Shoes O-5800
  </name>
  <category>
   Shoes
  </category>
  <size>
   S
  </size>
  <color>
   Зеленый
  </color>
  <material>
   Полиэстер
  </material>
  <price>
   549848
  </price>
  <rating>
   3.56
  </rating>
  <reviews>
   391028
  </reviews>
  <new>
   -
  </new>
  <sporty>
   no
  </sporty>
 </clothing>
 <clothing>
  <id>
   214932609
  </id>
  <name>
   Converse Socks J-2323
  </name>
  <category>
   Socks
  </category>
  <size>
   XL
  </size>
  <color>
   Оранжевый
  </color>
  <material>
   Кожа
  </material>
  <price>
   545030
  </price>
  <rating>
   4.45
  </rating>
  <reviews>
   68564
  </reviews>
  <exclusive>
   no
  </exclusive>
  <sporty>
   yes
  </sporty>
 </clothing>
 <clothing>
  <id>
   481800488
  </id>
  <name>
   Under Armour Skirt O-3442
  </name>
  <category>
   Skirt
  </category>
  <size>
   L
  </size>
  <color>
   Голубой
  </color>
  <material>
   Нейлон
  </material>
  <price>
   344604
  </price>
  <rating>
   2.02
  </rating>
  <reviews>
   360501
  </reviews>
  <new>
   +
  </new>
  <sporty>
   yes
  </sporty>
 </clothing>
 <clothing>
  <id>
   170541910
  </id>
  <name>
   Reebok Jacket J-4031
  </name>
  <category>
   Jacket
  </category>
  <size>
   S
  </size>
  <color>
   Фиолетовый
  </color>
  <material>
   Шелк
  </material>
  <price>
   797238
  </price>
  <rating>
   2.05
  </rating>
  <reviews>
   161403
  </reviews>
  <sporty>
   no
  </sporty>
 </clothing>
 <clothing>
  <id>
   751823322
  </id>
  <name>
   Vans Shoes Z-8605
  </name>
  <category>
   Shoes
  </category>
  <size>
   M
  </size>
  <color>
   Оранжевый
  </color>
  <material>
   Хлопок
  </material>
  <price>
   638358
  </price>
  <rating>
   4.37
  </rating>
  <reviews>
   166026
  </reviews>
  <new>
   +
  </new>
  <exclusive>
   no
  </exclusive>
  <sporty>
   yes
  </sporty>
 </clothing>
 <clothing>
  <id>
   424262793
  </id>
  <name>
   New Balance Sweater I-4514
  </name>
  <category>
   Sweater
  </category>
  <size>
   XL
  </size>
  <color>
   Синий
  </color>
  <material>
   Хлопок
  </material>
  <price>
   735945
  </price>
  <rating>
   1.77
  </rating>
  <reviews>
   15893
  </reviews>
  <new>
   -
  </new>
  <sporty>
   yes
  </sporty>
 </clothing>
 <clothing>
  <id>
   367357303
  </id>
  <name>
   Lacoste Socks O-8358
  </name>
  <category>
   Socks
  </category>
  <size>
   XL
  </size>
  <color>
   Синий
  </color>
  <material>
   Вискоза
  </material>
  <price>
   438723
  </price>
  <rating>
   3.36
  </rating>
  <reviews>
   104247
  </reviews>
  <new>
   -
  </new>
  <exclusive>
   no
  </exclusive>
  <sporty>
   yes
  </sporty>
 </clothing>
 <clothing>
  <id>
   955183774
  </id>
  <name>
   New Balance Jeans F-7417
  </name>
  <category>
   Jeans
  </category>
  <size>
   XXL
  </size>
  <color>
   Зеленый
  </color>
  <material>
   Полиэстер
  </material>
  <price>
   814254
  </price>
  <rating>
   3.24
  </rating>
  <reviews>
   509147
  </reviews>
 </clothing>
 <clothing>
  <id>
   914784752
  </id>
  <name>
   PleinSport Belts E-1223
  </name>
  <category>
   Belts
  </category>
  <size>
   S
  </size>
  <color>
   Желтый
  </color>
  <material>
   Шерсть
  </material>
  <price>
   900523
  </price>
  <rating>
   3.84
  </rating>
  <reviews>
   240781
  </reviews>
  <new>
   +
  </new>
  <sporty>
   no
  </sporty>
 </clothing>
 <clothing>
  <id>
   358619724
  </id>
  <name>
   PleinSport Socks E-8872
  </name>
  <category>
   Socks
  </category>
  <size>
   L
  </size>
  <color>
   Голубой
  </color>
  <material>
   Шерсть
  </material>
  <price>
   729335
  </price>
  <rating>
   1.0
  </rating>
  <reviews>
   282820
  </reviews>
  <new>
   -
  </new>
  <exclusive>
   no
  </exclusive>
  <sporty>
   no
  </sporty>
 </clothing>
 <clothing>
  <id>
   331888005
  </id>
  <name>
   Ellesse Blouse Z-3993
  </name>
  <category>
   Blouse
  </category>
  <size>
   M
  </size>
  <color>
   Синий
  </color>
  <material>
   Шелк
  </material>
  <price>
   948075
  </price>
  <rating>
   3.1
  </rating>
  <reviews>
   124279
  </reviews>
 </clothing>
 <clothing>
  <id>
   166576714
  </id>
  <name>
   Puma Pants S-1583
  </name>
  <category>
   Pants
  </category>
  <size>
   S
  </size>
  <color>
   Фиолетовый
  </color>
  <material>
   Шерсть
  </material>
  <price>
   566757
  </price>
  <rating>
   3.85
  </rating>
  <reviews>
   106260
  </reviews>
  <sporty>
   yes
  </sporty>
 </clothing>
 <clothing>
  <id>
   907957810
  </id>
  <name>
   Nike Blouse I-7865
  </name>
  <category>
   Blouse
  </category>
  <size>
   XL
  </size>
  <color>
   Голубой
  </color>
  <material>
   Полиэстер
  </material>
  <price>
   705566
  </price>
  <rating>
   2.0
  </rating>
  <reviews>
   849828
  </reviews>
  <new>
   +
  </new>
  <exclusive>
   no
  </exclusive>
  <sporty>
   no
  </sporty>
 </clothing>
 <clothing>
  <id>
   548079092
  </id>
  <name>
   Puma Dress B-4998
  </name>
  <category>
   Dress
  </category>
  <size>
   M
  </size>
  <color>
   Голубой
  </color>
  <material>
   Полиэстер
  </material>
  <price>
   572275
  </price>
  <rating>
   1.06
  </rating>
  <reviews>
   990349
  </reviews>
  <new>
   -
  </new>
  <exclusive>
   yes
  </exclusive>
  <sporty>
   no
  </sporty>
 </clothing>
 <clothing>
  <id>
   916046275
  </id>
  <name>
   Addidas Handbags M-1397
  </name>
  <category>
   Handbags
  </category>
  <size>
   XL
  </size>
  <color>
   Зеленый
  </color>
  <material>
   Нейлон
  </material>
  <price>
   344922
  </price>
  <rating>
   4.73
  </rating>
  <reviews>
   790100
  </reviews>
  <new>
   -
  </new>
  <exclusive>
   no
  </exclusive>
 </clothing>
 <clothing>
  <id>
   733040509
  </id>
  <name>
   Reebok Shoes B-7975
  </name>
  <category>
   Shoes
  </category>
  <size>
   XL
  </size>
  <color>
   Желтый
  </color>
  <material>
   Шелк
  </material>
  <price>
   275388
  </price>
  <rating>
   4.94
  </rating>
  <reviews>
   512084
  </reviews>
  <new>
   +
  </new>
 </clothing>
 <clothing>
  <id>
   987588870
  </id>
  <name>
   Vans Jeans P-5627
  </name>
  <category>
   Jeans
  </category>
  <size>
   XXL
  </size>
  <color>
   Зеленый
  </color>
  <material>
   Кожа
  </material>
  <price>
   432359
  </price>
  <rating>
   3.19
  </rating>
  <reviews>
   378644
  </reviews>
  <exclusive>
   no
  </exclusive>
 </clothing>
 <clothing>
  <id>
   160232098
  </id>
  <name>
   Fila Jacket B-2381
  </name>
  <category>
   Jacket
  </category>
  <size>
   XL
  </size>
  <color>
   Голубой
  </color>
  <material>
   Кожа
  </material>
  <price>
   873673
  </price>
  <rating>
   2.73
  </rating>
  <reviews>
   289669
  </reviews>
  <new>
   -
  </new>
  <sporty>
   no
  </sporty>
 </clothing>
 <clothing>
  <id>
   791688646
  </id>
  <name>
   Ellesse Gloves U-4305
  </name>
  <category>
   Gloves
  </category>
  <size>
   XXL
  </size>
  <color>
   Оранжевый
  </color>
  <material>
   Кожа
  </material>
  <price>
   564332
  </price>
  <rating>
   4.42
  </rating>
  <reviews>
   821288
  </reviews>
  <new>
   -
  </new>
 </clothing>
 <clothing>
  <id>
   619059579
  </id>
  <name>
   New Balance Shirt D-8258
  </name>
  <category>
   Shirt
  </category>
  <size>
   XL
  </size>
  <color>
   Голубой
  </color>
  <material>
   Полиэстер
  </material>
  <price>
   599076
  </price>
  <rating>
   2.39
  </rating>
  <reviews>
   282430
  </reviews>
  <new>
   +
  </new>
 </clothing>
 <clothing>
  <id>
   780988331
  </id>
  <name>
   Vans Umbrellas O-7329
  </name>
  <category>
   Umbrellas
  </category>
  <size>
   L
  </size>
  <color>
   Зеленый
  </color>
  <material>
   Кожа
  </material>
  <price>
   745320
  </price>
  <rating>
   4.3
  </rating>
  <reviews>
   7926
  </reviews>
  <exclusive>
   no
  </exclusive>
  <sporty>
   no
  </sporty>
 </clothing>
 <clothing>
  <id>
   175572764
  </id>
  <name>
   Converse Hat T-1095
  </name>
  <category>
   Hat
  </category>
  <size>
   XXL
  </size>
  <color>
   Желтый
  </color>
  <material>
   Шерсть
  </material>
  <price>
   877590
  </price>
  <rating>
   1.83
  </rating>
  <reviews>
   958821
  </reviews>
  <new>
   -
  </new>
  <exclusive>
   no
  </exclusive>
 </clothing>
 <clothing>
  <id>
   293898476
  </id>
  <name>
   Puma Shirt J-8717
  </name>
  <category>
   Shirt
  </category>
  <size>
   M
  </size>
  <color>
   Синий
  </color>
  <material>
   Хлопок
  </material>
  <price>
   528842
  </price>
  <rating>
   4.49
  </rating>
  <reviews>
   115437
  </reviews>
  <sporty>
   yes
  </sporty>
 </clothing>
 <clothing>
  <id>
   706018368
  </id>
  <name>
   Puma Jeans O-2988
  </name>
  <category>
   Jeans
  </category>
  <size>
   M
  </size>
  <color>
   Оранжевый
  </color>
  <material>
   Полиэстер
  </material>
  <price>
   453688
  </price>
  <rating>
   3.34
  </rating>
  <reviews>
   69591
  </reviews>
  <exclusive>
   yes
  </exclusive>
  <sporty>
   no
  </sporty>
 </clothing>
 <clothing>
  <id>
   773598702
  </id>
  <name>
   Reebok Umbrellas Y-1949
  </name>
  <category>
   Umbrellas
  </category>
  <size>
   L
  </size>
  <color>
   Зеленый
  </color>
  <material>
   Кожа
  </material>
  <price>
   738042
  </price>
  <rating>
   4.0
  </rating>
  <reviews>
   130831
  </reviews>
 </clothing>
 <clothing>
  <id>
   278273127
  </id>
  <name>
   Addidas Jacket W-5310
  </name>
  <category>
   Jacket
  </category>
  <size>
   XXL
  </size>
  <color>
   Голубой
  </color>
  <material>
   Лен
  </material>
  <price>
   531188
  </price>
  <rating>
   2.65
  </rating>
  <reviews>
   516780
  </reviews>
  <new>
   +
  </new>
  <exclusive>
   no
  </exclusive>
 </clothing>
 <clothing>
  <id>
   341043699
  </id>
  <name>
   Puma Gloves F-5630
  </name>
  <category>
   Gloves
  </category>
  <size>
   XL
  </size>
  <color>
   Красный
  </color>
  <material>
   Шелк
  </material>
  <price>
   542086
  </price>
  <rating>
   4.08
  </rating>
  <reviews>
   187583
  </reviews>
  <new>
   +
  </new>
  <sporty>
   no
  </sporty>
 </clothing>
 <clothing>
  <id>
   572391459
  </id>
  <name>
   Brooks Socks C-6286
  </name>
  <category>
   Socks
  </category>
  <size>
   M
  </size>
  <color>
   Зеленый
  </color>
  <material>
   Кожа
  </material>
  <price>
   723401
  </price>
  <rating>
   1.82
  </rating>
  <reviews>
   856265
  </reviews>
  <exclusive>
   no
  </exclusive>
  <sporty>
   yes
  </sporty>
 </clothing>
 <clothing>
  <id>
   976432887
  </id>
  <name>
   New Balance Dress U-5317
  </name>
  <category>
   Dress
  </category>
  <size>
   M
  </size>
  <color>
   Голубой
  </color>
  <material>
   Хлопок
  </material>
  <price>
   545476
  </price>
  <rating>
   2.31
  </rating>
  <reviews>
   2493
  </reviews>
  <exclusive>
   no
  </exclusive>
 </clothing>
 <clothing>
  <id>
   653716586
  </id>
  <name>
   Converse Jeans X-7513
  </name>
  <category>
   Jeans
  </category>
  <size>
   XXL
  </size>
  <color>
   Синий
  </color>
  <material>
   Нейлон
  </material>
  <price>
   570644
  </price>
  <rating>
   3.98
  </rating>
  <reviews>
   610527
  </reviews>
  <exclusive>
   yes
  </exclusive>
  <sporty>
   yes
  </sporty>
 </clothing>
 <clothing>
  <id>
   517130898
  </id>
  <name>
   Lacoste Jacket C-9700
  </name>
  <category>
   Jacket
  </category>
  <size>
   XL
  </size>
  <color>
   Голубой
  </color>
  <material>
   Хлопок
  </material>
  <price>
   795969
  </price>
  <rating>
   1.69
  </rating>
  <reviews>
   439443
  </reviews>
  <sporty>
   yes
  </sporty>
 </clothing>
 <clothing>
  <id>
   266240449
  </id>
  <name>
   Lacoste Skirt T-2026
  </name>
  <category>
   Skirt
  </category>
  <size>
   L
  </size>
  <color>
   Оранжевый
  </color>
  <material>
   Полиэстер
  </material>
  <price>
   256240
  </price>
  <rating>
   1.08
  </rating>
  <reviews>
   603023
  </reviews>
  <exclusive>
   yes
  </exclusive>
  <sporty>
   yes
  </sporty>
 </clothing>
 <clothing>
  <id>
   413846713
  </id>
  <name>
   Lacoste Belts K-3948
  </name>
  <category>
   Belts
  </category>
  <size>
   S
  </size>
  <color>
   Желтый
  </color>
  <material>
   Вискоза
  </material>
  <price>
   983088
  </price>
  <rating>
   4.58
  </rating>
  <reviews>
   258736
  </reviews>
  <new>
   +
  </new>
  <sporty>
   yes
  </sporty>
 </clothing>
 <clothing>
  <id>
   540564559
  </id>
  <name>
   Asics T-shirt E-3868
  </name>
  <category>
   T-shirt
  </category>
  <size>
   M
  </size>
  <color>
   Голубой
  </color>
  <material>
   Лен
  </material>
  <price>
   256191
  </price>
  <rating>
   3.78
  </rating>
  <reviews>
   783326
  </reviews>
  <exclusive>
   yes
  </exclusive>
 </clothing>
 <clothing>
  <id>
   288206799
  </id>
  <name>
   Puma Hat A-4673
  </name>
  <category>
   Hat
  </category>
  <size>
   XL
  </size>
  <color>
   Фиолетовый
  </color>
  <material>
   Нейлон
  </material>
  <price>
   525148
  </price>
  <rating>
   3.55
  </rating>
  <reviews>
   149394
  </reviews>
 </clothing>
 <clothing>
  <id>
   784377229
  </id>
  <name>
   Asics Belts V-1026
  </name>
  <category>
   Belts
  </category>
  <size>
   L
  </size>
  <color>
   Зеленый
  </color>
  <material>
   Шелк
  </material>
  <price>
   139928
  </price>
  <rating>
   4.25
  </rating>
  <reviews>
   95395
  </reviews>
  <exclusive>
   no
  </exclusive>
  <sporty>
   no
  </sporty>
 </clothing>
 <clothing>
  <id>
   849728672
  </id>
  <name>
   Under Armour Dress X-6930
  </name>
  <category>
   Dress
  </category>
  <size>
   XXL
  </size>
  <color>
   Фиолетовый
  </color>
  <material>
   Нейлон
  </material>
  <price>
   375254
  </price>
  <rating>
   4.46
  </rating>
  <reviews>
   15294
  </reviews>
  <new>
   +
  </new>
  <sporty>
   no
  </sporty>
 </clothing>
 <clothing>
  <id>
   505824211
  </id>
  <name>
   Ellesse Dress T-5678
  </name>
  <category>
   Dress
  </category>
  <size>
   XL
  </size>
  <color>
   Красный
  </color>
  <material>
   Хлопок
  </material>
  <price>
   188032
  </price>
  <rating>
   1.0
  </rating>
  <reviews>
   193529
  </reviews>
  <new>
   -
  </new>
  <exclusive>
   no
  </exclusive>
 </clothing>
 <clothing>
  <id>
   310272775
  </id>
  <name>
   Lacoste Skirt N-3390
  </name>
  <category>
   Skirt
  </category>
  <size>
   S
  </size>
  <color>
   Красный
  </color>
  <material>
   Шерсть
  </material>
  <price>
   142526
  </price>
  <rating>
   2.83
  </rating>
  <reviews>
   922421
  </reviews>
  <new>
   +
  </new>
  <sporty>
   yes
  </sporty>
 </clothing>
 <clothing>
  <id>
   320913491
  </id>
  <name>
   Reebok Shirt L-5474
  </name>
  <category>
   Shirt
  </category>
  <size>
   XL
  </size>
  <color>
   Голубой
  </color>
  <material>
   Нейлон
  </material>
  <price>
   255315
  </price>
  <rating>
   3.75
  </rating>
  <reviews>
   203988
  </reviews>
  <new>
   +
  </new>
 </clothing>
 <clothing>
  <id>
   563645922
  </id>
  <name>
   Reebok Gloves U-7000
  </name>
  <category>
   Gloves
  </category>
  <size>
   M
  </size>
  <color>
   Зеленый
  </color>
  <material>
   Полиэстер
  </material>
  <price>
   420264
  </price>
  <rating>
   4.53
  </rating>
  <reviews>
   369044
  </reviews>
  <new>
   -
  </new>
 </clothing>
 <clothing>
  <id>
   121189282
  </id>
  <name>
   Ellesse Jacket S-1485
  </name>
  <category>
   Jacket
  </category>
  <size>
   S
  </size>
  <color>
   Желтый
  </color>
  <material>
   Вискоза
  </material>
  <price>
   197068
  </price>
  <rating>
   4.63
  </rating>
  <reviews>
   553200
  </reviews>
  <new>
   -
  </new>
  <sporty>
   yes
  </sporty>
 </clothing>
 <clothing>
  <id>
   939444923
  </id>
  <name>
   New Balance Socks V-6941
  </name>
  <category>
   Socks
  </category>
  <size>
   XXL
  </size>
  <color>
   Фиолетовый
  </color>
  <material>
   Хлопок
  </material>
  <price>
   638527
  </price>
  <rating>
   4.17
  </rating>
  <reviews>
   351446
  </reviews>
  <new>
   +
  </new>
  <exclusive>
   yes
  </exclusive>
  <sporty>
   no
  </sporty>
 </clothing>
 <clothing>
  <id>
   840877971
  </id>
  <name>
   Asics Gloves P-8988
  </name>
  <category>
   Gloves
  </category>
  <size>
   XL
  </size>
  <color>
   Оранжевый
  </color>
  <material>
   Вискоза
  </material>
  <price>
   951003
  </price>
  <rating>
   1.91
  </rating>
  <reviews>
   837445
  </reviews>
 </clothing>
</clothing-items>
