<?xml version="1.0" encoding="utf-8"?>
<clothing-items>
 <clothing>
  <id>
   174139578
  </id>
  <name>
   Adidas Shoes P-5565
  </name>
  <category>
   Shoes
  </category>
  <size>
   XXL
  </size>
  <color>
   Фиолетовый
  </color>
  <material>
   Вискоза
  </material>
  <price>
   642054
  </price>
  <rating>
   3.44
  </rating>
  <reviews>
   749373
  </reviews>
  <exclusive>
   no
  </exclusive>
 </clothing>
 <clothing>
  <id>
   992576102
  </id>
  <name>
   Nike Jacket Y-1229
  </name>
  <category>
   Jacket
  </category>
  <size>
   XL
  </size>
  <color>
   Красный
  </color>
  <material>
   Нейлон
  </material>
  <price>
   968276
  </price>
  <rating>
   4.42
  </rating>
  <reviews>
   844614
  </reviews>
  <new>
   -
  </new>
  <exclusive>
   yes
  </exclusive>
 </clothing>
 <clothing>
  <id>
   123318924
  </id>
  <name>
   DC Shirt F-8950
  </name>
  <category>
   Shirt
  </category>
  <size>
   M
  </size>
  <color>
   Голубой
  </color>
  <material>
   Хлопок
  </material>
  <price>
   737415
  </price>
  <rating>
   3.34
  </rating>
  <reviews>
   329151
  </reviews>
  <new>
   -
  </new>
  <sporty>
   yes
  </sporty>
 </clothing>
 <clothing>
  <id>
   604838000
  </id>
  <name>
   New Balance Dress Y-1171
  </name>
  <category>
   Dress
  </category>
  <size>
   M
  </size>
  <color>
   Фиолетовый
  </color>
  <material>
   Нейлон
  </material>
  <price>
   491462
  </price>
  <rating>
   1.22
  </rating>
  <reviews>
   361441
  </reviews>
  <new>
   -
  </new>
  <exclusive>
   yes
  </exclusive>
  <sporty>
   yes
  </sporty>
 </clothing>
 <clothing>
  <id>
   723889548
  </id>
  <name>
   Asics Gloves M-2249
  </name>
  <category>
   Gloves
  </category>
  <size>
   XL
  </size>
  <color>
   Голубой
  </color>
  <material>
   Полиэстер
  </material>
  <price>
   630863
  </price>
  <rating>
   2.4
  </rating>
  <reviews>
   953247
  </reviews>
  <new>
   -
  </new>
  <exclusive>
   yes
  </exclusive>
  <sporty>
   yes
  </sporty>
 </clothing>
 <clothing>
  <id>
   921027418
  </id>
  <name>
   Fila Jeans H-4294
  </name>
  <category>
   Jeans
  </category>
  <size>
   M
  </size>
  <color>
   Желтый
  </color>
  <material>
   Шелк
  </material>
  <price>
   989240
  </price>
  <rating>
   4.87
  </rating>
  <reviews>
   361469
  </reviews>
  <new>
   -
  </new>
 </clothing>
 <clothing>
  <id>
   566363247
  </id>
  <name>
   Vans T-shirt B-8215
  </name>
  <category>
   T-shirt
  </category>
  <size>
   L
  </size>
  <color>
   Красный
  </color>
  <material>
   Вискоза
  </material>
  <price>
   481581
  </price>
  <rating>
   1.73
  </rating>
  <reviews>
   930023
  </reviews>
  <exclusive>
   no
  </exclusive>
  <sporty>
   yes
  </sporty>
 </clothing>
 <clothing>
  <id>
   385010714
  </id>
  <name>
   Puma Gloves N-6023
  </name>
  <category>
   Gloves
  </category>
  <size>
   L
  </size>
  <color>
   Зеленый
  </color>
  <material>
   Шелк
  </material>
  <price>
   571065
  </price>
  <rating>
   4.44
  </rating>
  <reviews>
   780843
  </reviews>
  <new>
   -
  </new>
 </clothing>
 <clothing>
  <id>
   631670764
  </id>
  <name>
   Asics Pants N-6797
  </name>
  <category>
   Pants
  </category>
  <size>
   M
  </size>
  <color>
   Оранжевый
  </color>
  <material>
   Нейлон
  </material>
  <price>
   782581
  </price>
  <rating>
   4.94
  </rating>
  <reviews>
   972341
  </reviews>
  <new>
   +
  </new>
  <sporty>
   no
  </sporty>
 </clothing>
 <clothing>
  <id>
   172644264
  </id>
  <name>
   DC Jacket O-3068
  </name>
  <category>
   Jacket
  </category>
  <size>
   L
  </size>
  <color>
   Зеленый
  </color>
  <material>
   Нейлон
  </material>
  <price>
   490085
  </price>
  <rating>
   4.09
  </rating>
  <reviews>
   920068
  </reviews>
  <sporty>
   no
  </sporty>
 </clothing>
 <clothing>
  <id>
   710195915
  </id>
  <name>
   PleinSport Shoes O-4480
  </name>
  <category>
   Shoes
  </category>
  <size>
   M
  </size>
  <color>
   Зеленый
  </color>
  <material>
   Полиэстер
  </material>
  <price>
   520080
  </price>
  <rating>
   2.9
  </rating>
  <reviews>
   635503
  </reviews>
  <exclusive>
   no
  </exclusive>
  <sporty>
   yes
  </sporty>
 </clothing>
 <clothing>
  <id>
   854710625
  </id>
  <name>
   Under Armour Shirt M-3180
  </name>
  <category>
   Shirt
  </category>
  <size>
   L
  </size>
  <color>
   Желтый
  </color>
  <material>
   Вискоза
  </material>
  <price>
   800530
  </price>
  <rating>
   2.0
  </rating>
  <reviews>
   629056
  </reviews>
  <new>
   -
  </new>
 </clothing>
 <clothing>
  <id>
   821678237
  </id>
  <name>
   DC Jeans Z-9104
  </name>
  <category>
   Jeans
  </category>
  <size>
   XL
  </size>
  <color>
   Зеленый
  </color>
  <material>
   Кожа
  </material>
  <price>
   600281
  </price>
  <rating>
   2.53
  </rating>
  <reviews>
   124301
  </reviews>
  <exclusive>
   no
  </exclusive>
  <sporty>
   yes
  </sporty>
 </clothing>
 <clothing>
  <id>
   422428338
  </id>
  <name>
   PleinSport Socks G-7795
  </name>
  <category>
   Socks
  </category>
  <size>
   S
  </size>
  <color>
   Желтый
  </color>
  <material>
   Полиэстер
  </material>
  <price>
   679738
  </price>
  <rating>
   2.83
  </rating>
  <reviews>
   187406
  </reviews>
  <exclusive>
   no
  </exclusive>
  <sporty>
   yes
  </sporty>
 </clothing>
 <clothing>
  <id>
   533190412
  </id>
  <name>
   Brooks Umbrellas Y-4859
  </name>
  <category>
   Umbrellas
  </category>
  <size>
   S
  </size>
  <color>
   Синий
  </color>
  <material>
   Вискоза
  </material>
  <price>
   144452
  </price>
  <rating>
   1.39
  </rating>
  <reviews>
   65465
  </reviews>
  <new>
   -
  </new>
  <sporty>
   no
  </sporty>
 </clothing>
 <clothing>
  <id>
   239095447
  </id>
  <name>
   DC Socks K-8413
  </name>
  <category>
   Socks
  </category>
  <size>
   S
  </size>
  <color>
   Зеленый
  </color>
  <material>
   Шерсть
  </material>
  <price>
   137236
  </price>
  <rating>
   4.03
  </rating>
  <reviews>
   983746
  </reviews>
  <exclusive>
   yes
  </exclusive>
  <sporty>
   no
  </sporty>
 </clothing>
 <clothing>
  <id>
   972995148
  </id>
  <name>
   Asics Gloves U-7929
  </name>
  <category>
   Gloves
  </category>
  <size>
   XXL
  </size>
  <color>
   Синий
  </color>
  <material>
   Лен
  </material>
  <price>
   265259
  </price>
  <rating>
   4.75
  </rating>
  <reviews>
   4309
  </reviews>
  <sporty>
   yes
  </sporty>
 </clothing>
 <clothing>
  <id>
   782893800
  </id>
  <name>
   Lacoste Gloves E-6109
  </name>
  <category>
   Gloves
  </category>
  <size>
   L
  </size>
  <color>
   Оранжевый
  </color>
  <material>
   Нейлон
  </material>
  <price>
   455115
  </price>
  <rating>
   2.08
  </rating>
  <reviews>
   63137
  </reviews>
  <exclusive>
   yes
  </exclusive>
  <sporty>
   no
  </sporty>
 </clothing>
 <clothing>
  <id>
   754096525
  </id>
  <name>
   Adidas Gloves X-8118
  </name>
  <category>
   Gloves
  </category>
  <size>
   L
  </size>
  <color>
   Оранжевый
  </color>
  <material>
   Кожа
  </material>
  <price>
   270928
  </price>
  <rating>
   2.79
  </rating>
  <reviews>
   300571
  </reviews>
  <new>
   +
  </new>
  <exclusive>
   no
  </exclusive>
 </clothing>
 <clothing>
  <id>
   986674414
  </id>
  <name>
   Reebok Jeans S-1010
  </name>
  <category>
   Jeans
  </category>
  <size>
   XXL
  </size>
  <color>
   Голубой
  </color>
  <material>
   Вискоза
  </material>
  <price>
   357331
  </price>
  <rating>
   3.08
  </rating>
  <reviews>
   674089
  </reviews>
  <new>
   -
  </new>
  <sporty>
   no
  </sporty>
 </clothing>
 <clothing>
  <id>
   834565189
  </id>
  <name>
   Vans Jacket T-9643
  </name>
  <category>
   Jacket
  </category>
  <size>
   XXL
  </size>
  <color>
   Красный
  </color>
  <material>
   Вискоза
  </material>
  <price>
   977562
  </price>
  <rating>
   1.02
  </rating>
  <reviews>
   379876
  </reviews>
  <exclusive>
   no
  </exclusive>
  <sporty>
   yes
  </sporty>
 </clothing>
 <clothing>
  <id>
   652879668
  </id>
  <name>
   New Balance Sweater E-2351
  </name>
  <category>
   Sweater
  </category>
  <size>
   XL
  </size>
  <color>
   Зеленый
  </color>
  <material>
   Хлопок
  </material>
  <price>
   435097
  </price>
  <rating>
   1.26
  </rating>
  <reviews>
   75056
  </reviews>
  <new>
   -
  </new>
  <sporty>
   yes
  </sporty>
 </clothing>
 <clothing>
  <id>
   160546811
  </id>
  <name>
   Fila Shirt I-7995
  </name>
  <category>
   Shirt
  </category>
  <size>
   XL
  </size>
  <color>
   Желтый
  </color>
  <material>
   Нейлон
  </material>
  <price>
   465756
  </price>
  <rating>
   4.84
  </rating>
  <reviews>
   523088
  </reviews>
  <new>
   -
  </new>
  <exclusive>
   yes
  </exclusive>
  <sporty>
   yes
  </sporty>
 </clothing>
 <clothing>
  <id>
   763190387
  </id>
  <name>
   Adidas Handbags O-6796
  </name>
  <category>
   Handbags
  </category>
  <size>
   XXL
  </size>
  <color>
   Красный
  </color>
  <material>
   Хлопок
  </material>
  <price>
   709812
  </price>
  <rating>
   2.11
  </rating>
  <reviews>
   562489
  </reviews>
 </clothing>
</clothing-items>
