<?xml version="1.0" encoding="utf-8"?>
<clothing-items>
 <clothing>
  <id>
   164629868
  </id>
  <name>
   Addidas Umbrellas Z-5721
  </name>
  <category>
   Umbrellas
  </category>
  <size>
   XXL
  </size>
  <color>
   Зеленый
  </color>
  <material>
   Нейлон
  </material>
  <price>
   636936
  </price>
  <rating>
   4.29
  </rating>
  <reviews>
   855519
  </reviews>
  <exclusive>
   no
  </exclusive>
 </clothing>
 <clothing>
  <id>
   198214388
  </id>
  <name>
   Vans Shoes M-5613
  </name>
  <category>
   Shoes
  </category>
  <size>
   S
  </size>
  <color>
   Желтый
  </color>
  <material>
   Хлопок
  </material>
  <price>
   971173
  </price>
  <rating>
   3.06
  </rating>
  <reviews>
   898135
  </reviews>
  <exclusive>
   no
  </exclusive>
 </clothing>
 <clothing>
  <id>
   974599482
  </id>
  <name>
   Nike Socks X-2826
  </name>
  <category>
   Socks
  </category>
  <size>
   XXL
  </size>
  <color>
   Зеленый
  </color>
  <material>
   Вискоза
  </material>
  <price>
   335638
  </price>
  <rating>
   2.86
  </rating>
  <reviews>
   743321
  </reviews>
  <exclusive>
   yes
  </exclusive>
  <sporty>
   yes
  </sporty>
 </clothing>
 <clothing>
  <id>
   785911720
  </id>
  <name>
   Puma Blouse J-3643
  </name>
  <category>
   Blouse
  </category>
  <size>
   L
  </size>
  <color>
   Голубой
  </color>
  <material>
   Лен
  </material>
  <price>
   704430
  </price>
  <rating>
   4.81
  </rating>
  <reviews>
   525279
  </reviews>
  <exclusive>
   no
  </exclusive>
  <sporty>
   yes
  </sporty>
 </clothing>
 <clothing>
  <id>
   472001171
  </id>
  <name>
   Lacoste Umbrellas Z-9646
  </name>
  <category>
   Umbrellas
  </category>
  <size>
   L
  </size>
  <color>
   Желтый
  </color>
  <material>
   Кожа
  </material>
  <price>
   720996
  </price>
  <rating>
   3.21
  </rating>
  <reviews>
   956070
  </reviews>
  <new>
   -
  </new>
  <exclusive>
   no
  </exclusive>
  <sporty>
   no
  </sporty>
 </clothing>
 <clothing>
  <id>
   296588618
  </id>
  <name>
   Addidas Dress V-8443
  </name>
  <category>
   Dress
  </category>
  <size>
   XL
  </size>
  <color>
   Зеленый
  </color>
  <material>
   Кожа
  </material>
  <price>
   812342
  </price>
  <rating>
   3.46
  </rating>
  <reviews>
   305498
  </reviews>
  <new>
   -
  </new>
  <sporty>
   yes
  </sporty>
 </clothing>
 <clothing>
  <id>
   630982531
  </id>
  <name>
   Reebok Umbrellas E-7482
  </name>
  <category>
   Umbrellas
  </category>
  <size>
   XXL
  </size>
  <color>
   Синий
  </color>
  <material>
   Нейлон
  </material>
  <price>
   515240
  </price>
  <rating>
   4.33
  </rating>
  <reviews>
   405924
  </reviews>
 </clothing>
 <clothing>
  <id>
   911264441
  </id>
  <name>
   Adidas Pants J-4837
  </name>
  <category>
   Pants
  </category>
  <size>
   S
  </size>
  <color>
   Синий
  </color>
  <material>
   Шелк
  </material>
  <price>
   411749
  </price>
  <rating>
   1.26
  </rating>
  <reviews>
   333305
  </reviews>
  <exclusive>
   yes
  </exclusive>
 </clothing>
 <clothing>
  <id>
   355669780
  </id>
  <name>
   New Balance Skirt S-9097
  </name>
  <category>
   Skirt
  </category>
  <size>
   M
  </size>
  <color>
   Синий
  </color>
  <material>
   Вискоза
  </material>
  <price>
   245421
  </price>
  <rating>
   2.55
  </rating>
  <reviews>
   158264
  </reviews>
  <sporty>
   no
  </sporty>
 </clothing>
 <clothing>
  <id>
   797856145
  </id>
  <name>
   Adidas Jeans A-3574
  </name>
  <category>
   Jeans
  </category>
  <size>
   XL
  </size>
  <color>
   Оранжевый
  </color>
  <material>
   Лен
  </material>
  <price>
   852928
  </price>
  <rating>
   3.74
  </rating>
  <reviews>
   444307
  </reviews>
 </clothing>
 <clothing>
  <id>
   344302961
  </id>
  <name>
   Adidas Jacket F-3709
  </name>
  <category>
   Jacket
  </category>
  <size>
   M
  </size>
  <color>
   Голубой
  </color>
  <material>
   Вискоза
  </material>
  <price>
   932511
  </price>
  <rating>
   3.03
  </rating>
  <reviews>
   126104
  </reviews>
  <new>
   -
  </new>
  <sporty>
   yes
  </sporty>
 </clothing>
 <clothing>
  <id>
   163082834
  </id>
  <name>
   Under Armour Gloves L-9207
  </name>
  <category>
   Gloves
  </category>
  <size>
   XL
  </size>
  <color>
   Голубой
  </color>
  <material>
   Шерсть
  </material>
  <price>
   781091
  </price>
  <rating>
   4.9
  </rating>
  <reviews>
   403794
  </reviews>
  <new>
   -
  </new>
 </clothing>
 <clothing>
  <id>
   744937469
  </id>
  <name>
   Adidas Handbags V-5549
  </name>
  <category>
   Handbags
  </category>
  <size>
   S
  </size>
  <color>
   Оранжевый
  </color>
  <material>
   Шелк
  </material>
  <price>
   982659
  </price>
  <rating>
   4.15
  </rating>
  <reviews>
   991188
  </reviews>
  <new>
   -
  </new>
  <exclusive>
   no
  </exclusive>
  <sporty>
   yes
  </sporty>
 </clothing>
 <clothing>
  <id>
   256326995
  </id>
  <name>
   Addidas Sweater M-8808
  </name>
  <category>
   Sweater
  </category>
  <size>
   XL
  </size>
  <color>
   Красный
  </color>
  <material>
   Нейлон
  </material>
  <price>
   264313
  </price>
  <rating>
   3.79
  </rating>
  <reviews>
   743875
  </reviews>
  <exclusive>
   no
  </exclusive>
  <sporty>
   no
  </sporty>
 </clothing>
 <clothing>
  <id>
   474048224
  </id>
  <name>
   Vans Shoes A-3760
  </name>
  <category>
   Shoes
  </category>
  <size>
   M
  </size>
  <color>
   Зеленый
  </color>
  <material>
   Вискоза
  </material>
  <price>
   321240
  </price>
  <rating>
   1.88
  </rating>
  <reviews>
   200308
  </reviews>
  <new>
   +
  </new>
  <exclusive>
   yes
  </exclusive>
  <sporty>
   no
  </sporty>
 </clothing>
 <clothing>
  <id>
   259921374
  </id>
  <name>
   Converse T-shirt X-4027
  </name>
  <category>
   T-shirt
  </category>
  <size>
   XL
  </size>
  <color>
   Оранжевый
  </color>
  <material>
   Шерсть
  </material>
  <price>
   727700
  </price>
  <rating>
   1.76
  </rating>
  <reviews>
   542440
  </reviews>
  <exclusive>
   no
  </exclusive>
  <sporty>
   no
  </sporty>
 </clothing>
 <clothing>
  <id>
   649932927
  </id>
  <name>
   Lacoste T-shirt C-2196
  </name>
  <category>
   T-shirt
  </category>
  <size>
   XXL
  </size>
  <color>
   Голубой
  </color>
  <material>
   Кожа
  </material>
  <price>
   463859
  </price>
  <rating>
   1.06
  </rating>
  <reviews>
   411069
  </reviews>
  <new>
   -
  </new>
  <exclusive>
   no
  </exclusive>
 </clothing>
 <clothing>
  <id>
   887772049
  </id>
  <name>
   Lacoste Jacket I-2451
  </name>
  <category>
   Jacket
  </category>
  <size>
   XL
  </size>
  <color>
   Зеленый
  </color>
  <material>
   Лен
  </material>
  <price>
   112891
  </price>
  <rating>
   4.31
  </rating>
  <reviews>
   426028
  </reviews>
  <new>
   -
  </new>
  <exclusive>
   yes
  </exclusive>
  <sporty>
   yes
  </sporty>
 </clothing>
 <clothing>
  <id>
   872804233
  </id>
  <name>
   Converse Gloves R-9821
  </name>
  <category>
   Gloves
  </category>
  <size>
   L
  </size>
  <color>
   Синий
  </color>
  <material>
   Шелк
  </material>
  <price>
   443160
  </price>
  <rating>
   3.11
  </rating>
  <reviews>
   299389
  </reviews>
  <new>
   -
  </new>
  <sporty>
   yes
  </sporty>
 </clothing>
 <clothing>
  <id>
   252221432
  </id>
  <name>
   New Balance Jeans Z-5009
  </name>
  <category>
   Jeans
  </category>
  <size>
   XL
  </size>
  <color>
   Красный
  </color>
  <material>
   Нейлон
  </material>
  <price>
   501083
  </price>
  <rating>
   2.5
  </rating>
  <reviews>
   994210
  </reviews>
  <exclusive>
   no
  </exclusive>
 </clothing>
 <clothing>
  <id>
   325040980
  </id>
  <name>
   PleinSport Socks G-5052
  </name>
  <category>
   Socks
  </category>
  <size>
   XXL
  </size>
  <color>
   Оранжевый
  </color>
  <material>
   Нейлон
  </material>
  <price>
   590686
  </price>
  <rating>
   1.33
  </rating>
  <reviews>
   195241
  </reviews>
  <exclusive>
   yes
  </exclusive>
  <sporty>
   no
  </sporty>
 </clothing>
 <clothing>
  <id>
   219520647
  </id>
  <name>
   Under Armour T-shirt Y-7880
  </name>
  <category>
   T-shirt
  </category>
  <size>
   XXL
  </size>
  <color>
   Голубой
  </color>
  <material>
   Лен
  </material>
  <price>
   530298
  </price>
  <rating>
   4.18
  </rating>
  <reviews>
   957110
  </reviews>
  <new>
   -
  </new>
 </clothing>
 <clothing>
  <id>
   190204521
  </id>
  <name>
   Vans Handbags Z-9340
  </name>
  <category>
   Handbags
  </category>
  <size>
   S
  </size>
  <color>
   Фиолетовый
  </color>
  <material>
   Вискоза
  </material>
  <price>
   178164
  </price>
  <rating>
   4.77
  </rating>
  <reviews>
   642362
  </reviews>
  <new>
   -
  </new>
 </clothing>
 <clothing>
  <id>
   742551337
  </id>
  <name>
   Puma Jeans B-9911
  </name>
  <category>
   Jeans
  </category>
  <size>
   M
  </size>
  <color>
   Зеленый
  </color>
  <material>
   Лен
  </material>
  <price>
   756757
  </price>
  <rating>
   4.96
  </rating>
  <reviews>
   265283
  </reviews>
  <exclusive>
   no
  </exclusive>
 </clothing>
 <clothing>
  <id>
   780659106
  </id>
  <name>
   Vans Umbrellas C-5028
  </name>
  <category>
   Umbrellas
  </category>
  <size>
   M
  </size>
  <color>
   Голубой
  </color>
  <material>
   Вискоза
  </material>
  <price>
   725770
  </price>
  <rating>
   1.15
  </rating>
  <reviews>
   204466
  </reviews>
  <new>
   +
  </new>
  <exclusive>
   yes
  </exclusive>
 </clothing>
 <clothing>
  <id>
   558726498
  </id>
  <name>
   Lacoste Gloves C-6564
  </name>
  <category>
   Gloves
  </category>
  <size>
   M
  </size>
  <color>
   Желтый
  </color>
  <material>
   Нейлон
  </material>
  <price>
   374553
  </price>
  <rating>
   3.11
  </rating>
  <reviews>
   145371
  </reviews>
  <new>
   +
  </new>
  <exclusive>
   no
  </exclusive>
 </clothing>
 <clothing>
  <id>
   247063088
  </id>
  <name>
   Addidas Shirt T-6653
  </name>
  <category>
   Shirt
  </category>
  <size>
   XXL
  </size>
  <color>
   Фиолетовый
  </color>
  <material>
   Полиэстер
  </material>
  <price>
   721428
  </price>
  <rating>
   4.45
  </rating>
  <reviews>
   108379
  </reviews>
  <sporty>
   yes
  </sporty>
 </clothing>
 <clothing>
  <id>
   359609657
  </id>
  <name>
   Converse Jeans V-8403
  </name>
  <category>
   Jeans
  </category>
  <size>
   XL
  </size>
  <color>
   Красный
  </color>
  <material>
   Кожа
  </material>
  <price>
   560546
  </price>
  <rating>
   3.13
  </rating>
  <reviews>
   968219
  </reviews>
  <exclusive>
   no
  </exclusive>
  <sporty>
   no
  </sporty>
 </clothing>
 <clothing>
  <id>
   440368890
  </id>
  <name>
   Fila Skirt K-8003
  </name>
  <category>
   Skirt
  </category>
  <size>
   XL
  </size>
  <color>
   Зеленый
  </color>
  <material>
   Вискоза
  </material>
  <price>
   157924
  </price>
  <rating>
   4.26
  </rating>
  <reviews>
   144634
  </reviews>
  <new>
   -
  </new>
  <sporty>
   no
  </sporty>
 </clothing>
 <clothing>
  <id>
   906919998
  </id>
  <name>
   Brooks Hat K-9755
  </name>
  <category>
   Hat
  </category>
  <size>
   XXL
  </size>
  <color>
   Синий
  </color>
  <material>
   Кожа
  </material>
  <price>
   176684
  </price>
  <rating>
   2.66
  </rating>
  <reviews>
   16758
  </reviews>
  <new>
   -
  </new>
  <sporty>
   no
  </sporty>
 </clothing>
 <clothing>
  <id>
   728743628
  </id>
  <name>
   Fila Belts W-7102
  </name>
  <category>
   Belts
  </category>
  <size>
   M
  </size>
  <color>
   Голубой
  </color>
  <material>
   Вискоза
  </material>
  <price>
   988258
  </price>
  <rating>
   3.25
  </rating>
  <reviews>
   933959
  </reviews>
  <exclusive>
   no
  </exclusive>
 </clothing>
 <clothing>
  <id>
   766962497
  </id>
  <name>
   New Balance Shoes H-2384
  </name>
  <category>
   Shoes
  </category>
  <size>
   XXL
  </size>
  <color>
   Желтый
  </color>
  <material>
   Полиэстер
  </material>
  <price>
   989330
  </price>
  <rating>
   1.37
  </rating>
  <reviews>
   273923
  </reviews>
 </clothing>
 <clothing>
  <id>
   282419896
  </id>
  <name>
   PleinSport Skirt L-9284
  </name>
  <category>
   Skirt
  </category>
  <size>
   M
  </size>
  <color>
   Фиолетовый
  </color>
  <material>
   Вискоза
  </material>
  <price>
   537075
  </price>
  <rating>
   3.28
  </rating>
  <reviews>
   679058
  </reviews>
  <new>
   +
  </new>
  <sporty>
   yes
  </sporty>
 </clothing>
 <clothing>
  <id>
   436586785
  </id>
  <name>
   Reebok Hat X-5964
  </name>
  <category>
   Hat
  </category>
  <size>
   S
  </size>
  <color>
   Фиолетовый
  </color>
  <material>
   Полиэстер
  </material>
  <price>
   909007
  </price>
  <rating>
   3.76
  </rating>
  <reviews>
   978450
  </reviews>
  <sporty>
   no
  </sporty>
 </clothing>
 <clothing>
  <id>
   730569045
  </id>
  <name>
   Puma Jeans U-7185
  </name>
  <category>
   Jeans
  </category>
  <size>
   L
  </size>
  <color>
   Голубой
  </color>
  <material>
   Полиэстер
  </material>
  <price>
   625625
  </price>
  <rating>
   2.55
  </rating>
  <reviews>
   282790
  </reviews>
  <new>
   +
  </new>
  <sporty>
   no
  </sporty>
 </clothing>
 <clothing>
  <id>
   657910334
  </id>
  <name>
   Adidas Dress O-8595
  </name>
  <category>
   Dress
  </category>
  <size>
   S
  </size>
  <color>
   Красный
  </color>
  <material>
   Шелк
  </material>
  <price>
   337903
  </price>
  <rating>
   3.67
  </rating>
  <reviews>
   375910
  </reviews>
  <new>
   -
  </new>
  <sporty>
   no
  </sporty>
 </clothing>
 <clothing>
  <id>
   549565947
  </id>
  <name>
   Reebok Handbags R-1733
  </name>
  <category>
   Handbags
  </category>
  <size>
   L
  </size>
  <color>
   Синий
  </color>
  <material>
   Нейлон
  </material>
  <price>
   453629
  </price>
  <rating>
   3.15
  </rating>
  <reviews>
   925989
  </reviews>
  <new>
   -
  </new>
  <exclusive>
   yes
  </exclusive>
  <sporty>
   no
  </sporty>
 </clothing>
 <clothing>
  <id>
   127895208
  </id>
  <name>
   Lacoste Jacket Q-4125
  </name>
  <category>
   Jacket
  </category>
  <size>
   L
  </size>
  <color>
   Красный
  </color>
  <material>
   Шелк
  </material>
  <price>
   820527
  </price>
  <rating>
   1.48
  </rating>
  <reviews>
   990016
  </reviews>
  <new>
   +
  </new>
  <sporty>
   yes
  </sporty>
 </clothing>
 <clothing>
  <id>
   170217125
  </id>
  <name>
   Vans Hat Y-4744
  </name>
  <category>
   Hat
  </category>
  <size>
   L
  </size>
  <color>
   Зеленый
  </color>
  <material>
   Шерсть
  </material>
  <price>
   203203
  </price>
  <rating>
   3.29
  </rating>
  <reviews>
   523946
  </reviews>
  <new>
   +
  </new>
 </clothing>
 <clothing>
  <id>
   655223554
  </id>
  <name>
   Fila Skirt U-6423
  </name>
  <category>
   Skirt
  </category>
  <size>
   XL
  </size>
  <color>
   Красный
  </color>
  <material>
   Шелк
  </material>
  <price>
   732133
  </price>
  <rating>
   1.43
  </rating>
  <reviews>
   138319
  </reviews>
  <new>
   +
  </new>
  <exclusive>
   yes
  </exclusive>
  <sporty>
   no
  </sporty>
 </clothing>
 <clothing>
  <id>
   498926035
  </id>
  <name>
   Reebok T-shirt T-1974
  </name>
  <category>
   T-shirt
  </category>
  <size>
   XXL
  </size>
  <color>
   Желтый
  </color>
  <material>
   Шерсть
  </material>
  <price>
   741339
  </price>
  <rating>
   4.79
  </rating>
  <reviews>
   16360
  </reviews>
  <exclusive>
   yes
  </exclusive>
  <sporty>
   no
  </sporty>
 </clothing>
</clothing-items>
