<?xml version="1.0" encoding="utf-8"?>
<clothing-items>
 <clothing>
  <id>
   370398110
  </id>
  <name>
   Vans Gloves D-4813
  </name>
  <category>
   Gloves
  </category>
  <size>
   XL
  </size>
  <color>
   Желтый
  </color>
  <material>
   Кожа
  </material>
  <price>
   480288
  </price>
  <rating>
   2.44
  </rating>
  <reviews>
   143750
  </reviews>
  <new>
   +
  </new>
  <exclusive>
   no
  </exclusive>
  <sporty>
   yes
  </sporty>
 </clothing>
 <clothing>
  <id>
   100078923
  </id>
  <name>
   New Balance Shoes X-7784
  </name>
  <category>
   Shoes
  </category>
  <size>
   S
  </size>
  <color>
   Фиолетовый
  </color>
  <material>
   Кожа
  </material>
  <price>
   745169
  </price>
  <rating>
   3.98
  </rating>
  <reviews>
   533757
  </reviews>
  <new>
   +
  </new>
  <exclusive>
   no
  </exclusive>
 </clothing>
 <clothing>
  <id>
   662551640
  </id>
  <name>
   Adidas Belts S-1650
  </name>
  <category>
   Belts
  </category>
  <size>
   S
  </size>
  <color>
   Зеленый
  </color>
  <material>
   Хлопок
  </material>
  <price>
   826720
  </price>
  <rating>
   1.23
  </rating>
  <reviews>
   305129
  </reviews>
  <new>
   +
  </new>
  <exclusive>
   no
  </exclusive>
 </clothing>
 <clothing>
  <id>
   659452190
  </id>
  <name>
   Asics Sweater I-3361
  </name>
  <category>
   Sweater
  </category>
  <size>
   XL
  </size>
  <color>
   Синий
  </color>
  <material>
   Шерсть
  </material>
  <price>
   985445
  </price>
  <rating>
   1.11
  </rating>
  <reviews>
   473047
  </reviews>
  <sporty>
   yes
  </sporty>
 </clothing>
 <clothing>
  <id>
   148345977
  </id>
  <name>
   Ellesse Blouse T-4331
  </name>
  <category>
   Blouse
  </category>
  <size>
   XXL
  </size>
  <color>
   Голубой
  </color>
  <material>
   Кожа
  </material>
  <price>
   362723
  </price>
  <rating>
   1.79
  </rating>
  <reviews>
   288695
  </reviews>
  <exclusive>
   yes
  </exclusive>
  <sporty>
   no
  </sporty>
 </clothing>
 <clothing>
  <id>
   735535069
  </id>
  <name>
   DC Socks E-8708
  </name>
  <category>
   Socks
  </category>
  <size>
   XXL
  </size>
  <color>
   Желтый
  </color>
  <material>
   Полиэстер
  </material>
  <price>
   547381
  </price>
  <rating>
   2.28
  </rating>
  <reviews>
   60611
  </reviews>
  <new>
   -
  </new>
  <exclusive>
   no
  </exclusive>
  <sporty>
   no
  </sporty>
 </clothing>
 <clothing>
  <id>
   994961844
  </id>
  <name>
   Adidas Handbags R-5031
  </name>
  <category>
   Handbags
  </category>
  <size>
   M
  </size>
  <color>
   Оранжевый
  </color>
  <material>
   Вискоза
  </material>
  <price>
   891048
  </price>
  <rating>
   1.59
  </rating>
  <reviews>
   933572
  </reviews>
  <new>
   +
  </new>
  <sporty>
   yes
  </sporty>
 </clothing>
 <clothing>
  <id>
   179223321
  </id>
  <name>
   Adidas Dress L-5535
  </name>
  <category>
   Dress
  </category>
  <size>
   M
  </size>
  <color>
   Фиолетовый
  </color>
  <material>
   Кожа
  </material>
  <price>
   155399
  </price>
  <rating>
   2.18
  </rating>
  <reviews>
   496032
  </reviews>
  <new>
   -
  </new>
  <exclusive>
   yes
  </exclusive>
 </clothing>
 <clothing>
  <id>
   344558560
  </id>
  <name>
   Asics T-shirt I-7135
  </name>
  <category>
   T-shirt
  </category>
  <size>
   M
  </size>
  <color>
   Зеленый
  </color>
  <material>
   Хлопок
  </material>
  <price>
   447800
  </price>
  <rating>
   2.03
  </rating>
  <reviews>
   554794
  </reviews>
  <new>
   -
  </new>
  <exclusive>
   no
  </exclusive>
  <sporty>
   no
  </sporty>
 </clothing>
 <clothing>
  <id>
   778650025
  </id>
  <name>
   Adidas Dress O-2059
  </name>
  <category>
   Dress
  </category>
  <size>
   S
  </size>
  <color>
   Зеленый
  </color>
  <material>
   Вискоза
  </material>
  <price>
   166276
  </price>
  <rating>
   4.85
  </rating>
  <reviews>
   88704
  </reviews>
  <exclusive>
   no
  </exclusive>
  <sporty>
   no
  </sporty>
 </clothing>
 <clothing>
  <id>
   747187537
  </id>
  <name>
   Addidas Dress X-9377
  </name>
  <category>
   Dress
  </category>
  <size>
   L
  </size>
  <color>
   Желтый
  </color>
  <material>
   Нейлон
  </material>
  <price>
   639070
  </price>
  <rating>
   2.8
  </rating>
  <reviews>
   68042
  </reviews>
  <new>
   -
  </new>
  <exclusive>
   no
  </exclusive>
  <sporty>
   yes
  </sporty>
 </clothing>
 <clothing>
  <id>
   375427839
  </id>
  <name>
   New Balance Socks H-8897
  </name>
  <category>
   Socks
  </category>
  <size>
   L
  </size>
  <color>
   Оранжевый
  </color>
  <material>
   Шерсть
  </material>
  <price>
   325132
  </price>
  <rating>
   1.07
  </rating>
  <reviews>
   977123
  </reviews>
  <exclusive>
   yes
  </exclusive>
  <sporty>
   yes
  </sporty>
 </clothing>
 <clothing>
  <id>
   969623377
  </id>
  <name>
   Addidas Handbags S-8860
  </name>
  <category>
   Handbags
  </category>
  <size>
   M
  </size>
  <color>
   Фиолетовый
  </color>
  <material>
   Полиэстер
  </material>
  <price>
   848571
  </price>
  <rating>
   2.74
  </rating>
  <reviews>
   37073
  </reviews>
  <new>
   -
  </new>
 </clothing>
 <clothing>
  <id>
   471330239
  </id>
  <name>
   Puma Dress J-9782
  </name>
  <category>
   Dress
  </category>
  <size>
   S
  </size>
  <color>
   Красный
  </color>
  <material>
   Кожа
  </material>
  <price>
   706751
  </price>
  <rating>
   2.89
  </rating>
  <reviews>
   470937
  </reviews>
  <new>
   -
  </new>
  <exclusive>
   yes
  </exclusive>
  <sporty>
   yes
  </sporty>
 </clothing>
 <clothing>
  <id>
   466403716
  </id>
  <name>
   Addidas Skirt D-2600
  </name>
  <category>
   Skirt
  </category>
  <size>
   XXL
  </size>
  <color>
   Фиолетовый
  </color>
  <material>
   Полиэстер
  </material>
  <price>
   699158
  </price>
  <rating>
   2.75
  </rating>
  <reviews>
   903891
  </reviews>
  <new>
   +
  </new>
 </clothing>
 <clothing>
  <id>
   980494210
  </id>
  <name>
   Fila Belts T-2999
  </name>
  <category>
   Belts
  </category>
  <size>
   XL
  </size>
  <color>
   Синий
  </color>
  <material>
   Шелк
  </material>
  <price>
   151442
  </price>
  <rating>
   2.61
  </rating>
  <reviews>
   970714
  </reviews>
  <new>
   +
  </new>
  <exclusive>
   no
  </exclusive>
 </clothing>
 <clothing>
  <id>
   713537643
  </id>
  <name>
   Converse Skirt G-8787
  </name>
  <category>
   Skirt
  </category>
  <size>
   L
  </size>
  <color>
   Зеленый
  </color>
  <material>
   Нейлон
  </material>
  <price>
   899199
  </price>
  <rating>
   1.01
  </rating>
  <reviews>
   451015
  </reviews>
  <new>
   +
  </new>
  <sporty>
   yes
  </sporty>
 </clothing>
 <clothing>
  <id>
   925158593
  </id>
  <name>
   Nike Jeans A-1885
  </name>
  <category>
   Jeans
  </category>
  <size>
   XXL
  </size>
  <color>
   Оранжевый
  </color>
  <material>
   Кожа
  </material>
  <price>
   957309
  </price>
  <rating>
   1.67
  </rating>
  <reviews>
   110730
  </reviews>
  <exclusive>
   yes
  </exclusive>
 </clothing>
 <clothing>
  <id>
   531421206
  </id>
  <name>
   Nike Handbags U-5443
  </name>
  <category>
   Handbags
  </category>
  <size>
   M
  </size>
  <color>
   Желтый
  </color>
  <material>
   Шелк
  </material>
  <price>
   669852
  </price>
  <rating>
   2.19
  </rating>
  <reviews>
   660688
  </reviews>
  <exclusive>
   no
  </exclusive>
  <sporty>
   no
  </sporty>
 </clothing>
 <clothing>
  <id>
   196184612
  </id>
  <name>
   Ellesse Umbrellas S-8085
  </name>
  <category>
   Umbrellas
  </category>
  <size>
   XL
  </size>
  <color>
   Красный
  </color>
  <material>
   Лен
  </material>
  <price>
   330485
  </price>
  <rating>
   2.02
  </rating>
  <reviews>
   905086
  </reviews>
  <new>
   +
  </new>
  <exclusive>
   yes
  </exclusive>
 </clothing>
 <clothing>
  <id>
   603906170
  </id>
  <name>
   DC Jeans N-5220
  </name>
  <category>
   Jeans
  </category>
  <size>
   XXL
  </size>
  <color>
   Голубой
  </color>
  <material>
   Полиэстер
  </material>
  <price>
   500014
  </price>
  <rating>
   1.33
  </rating>
  <reviews>
   715022
  </reviews>
  <exclusive>
   yes
  </exclusive>
 </clothing>
 <clothing>
  <id>
   906683895
  </id>
  <name>
   Vans Jeans H-4053
  </name>
  <category>
   Jeans
  </category>
  <size>
   S
  </size>
  <color>
   Красный
  </color>
  <material>
   Нейлон
  </material>
  <price>
   903338
  </price>
  <rating>
   2.76
  </rating>
  <reviews>
   927109
  </reviews>
 </clothing>
 <clothing>
  <id>
   114706006
  </id>
  <name>
   Reebok Jeans N-3319
  </name>
  <category>
   Jeans
  </category>
  <size>
   XXL
  </size>
  <color>
   Синий
  </color>
  <material>
   Лен
  </material>
  <price>
   714756
  </price>
  <rating>
   2.99
  </rating>
  <reviews>
   939909
  </reviews>
  <new>
   +
  </new>
  <sporty>
   no
  </sporty>
 </clothing>
 <clothing>
  <id>
   306336751
  </id>
  <name>
   Addidas Shirt A-8884
  </name>
  <category>
   Shirt
  </category>
  <size>
   L
  </size>
  <color>
   Зеленый
  </color>
  <material>
   Шерсть
  </material>
  <price>
   828642
  </price>
  <rating>
   2.52
  </rating>
  <reviews>
   365201
  </reviews>
  <new>
   -
  </new>
  <exclusive>
   no
  </exclusive>
  <sporty>
   no
  </sporty>
 </clothing>
 <clothing>
  <id>
   457309542
  </id>
  <name>
   Under Armour Handbags B-3882
  </name>
  <category>
   Handbags
  </category>
  <size>
   XXL
  </size>
  <color>
   Зеленый
  </color>
  <material>
   Шелк
  </material>
  <price>
   170020
  </price>
  <rating>
   1.21
  </rating>
  <reviews>
   589870
  </reviews>
  <exclusive>
   yes
  </exclusive>
 </clothing>
 <clothing>
  <id>
   841519143
  </id>
  <name>
   Brooks Socks K-6162
  </name>
  <category>
   Socks
  </category>
  <size>
   XXL
  </size>
  <color>
   Желтый
  </color>
  <material>
   Полиэстер
  </material>
  <price>
   106202
  </price>
  <rating>
   1.65
  </rating>
  <reviews>
   676558
  </reviews>
  <new>
   -
  </new>
  <exclusive>
   yes
  </exclusive>
  <sporty>
   no
  </sporty>
 </clothing>
 <clothing>
  <id>
   859849219
  </id>
  <name>
   Reebok Jacket X-9501
  </name>
  <category>
   Jacket
  </category>
  <size>
   XXL
  </size>
  <color>
   Фиолетовый
  </color>
  <material>
   Вискоза
  </material>
  <price>
   740924
  </price>
  <rating>
   2.77
  </rating>
  <reviews>
   647947
  </reviews>
 </clothing>
 <clothing>
  <id>
   116804321
  </id>
  <name>
   Vans Umbrellas E-9988
  </name>
  <category>
   Umbrellas
  </category>
  <size>
   M
  </size>
  <color>
   Голубой
  </color>
  <material>
   Хлопок
  </material>
  <price>
   271204
  </price>
  <rating>
   2.97
  </rating>
  <reviews>
   305003
  </reviews>
  <new>
   +
  </new>
  <exclusive>
   no
  </exclusive>
 </clothing>
 <clothing>
  <id>
   890743718
  </id>
  <name>
   Addidas Skirt V-8930
  </name>
  <category>
   Skirt
  </category>
  <size>
   S
  </size>
  <color>
   Желтый
  </color>
  <material>
   Полиэстер
  </material>
  <price>
   388827
  </price>
  <rating>
   2.83
  </rating>
  <reviews>
   228477
  </reviews>
  <new>
   -
  </new>
 </clothing>
 <clothing>
  <id>
   198204903
  </id>
  <name>
   Reebok Blouse I-4434
  </name>
  <category>
   Blouse
  </category>
  <size>
   XXL
  </size>
  <color>
   Синий
  </color>
  <material>
   Полиэстер
  </material>
  <price>
   935556
  </price>
  <rating>
   1.16
  </rating>
  <reviews>
   920000
  </reviews>
  <new>
   -
  </new>
  <exclusive>
   yes
  </exclusive>
  <sporty>
   yes
  </sporty>
 </clothing>
 <clothing>
  <id>
   797323426
  </id>
  <name>
   Puma Shirt L-2693
  </name>
  <category>
   Shirt
  </category>
  <size>
   L
  </size>
  <color>
   Голубой
  </color>
  <material>
   Хлопок
  </material>
  <price>
   566655
  </price>
  <rating>
   2.16
  </rating>
  <reviews>
   693013
  </reviews>
  <exclusive>
   no
  </exclusive>
  <sporty>
   no
  </sporty>
 </clothing>
 <clothing>
  <id>
   695434329
  </id>
  <name>
   Adidas Dress X-5751
  </name>
  <category>
   Dress
  </category>
  <size>
   S
  </size>
  <color>
   Желтый
  </color>
  <material>
   Кожа
  </material>
  <price>
   584631
  </price>
  <rating>
   4.64
  </rating>
  <reviews>
   448860
  </reviews>
  <new>
   +
  </new>
  <exclusive>
   no
  </exclusive>
  <sporty>
   yes
  </sporty>
 </clothing>
 <clothing>
  <id>
   968389861
  </id>
  <name>
   PleinSport Umbrellas Z-3240
  </name>
  <category>
   Umbrellas
  </category>
  <size>
   M
  </size>
  <color>
   Желтый
  </color>
  <material>
   Шелк
  </material>
  <price>
   320849
  </price>
  <rating>
   1.28
  </rating>
  <reviews>
   94265
  </reviews>
  <new>
   -
  </new>
  <sporty>
   no
  </sporty>
 </clothing>
 <clothing>
  <id>
   861349871
  </id>
  <name>
   Brooks Jacket W-2183
  </name>
  <category>
   Jacket
  </category>
  <size>
   XL
  </size>
  <color>
   Оранжевый
  </color>
  <material>
   Шелк
  </material>
  <price>
   447495
  </price>
  <rating>
   4.58
  </rating>
  <reviews>
   499567
  </reviews>
  <new>
   -
  </new>
  <exclusive>
   yes
  </exclusive>
 </clothing>
 <clothing>
  <id>
   649911086
  </id>
  <name>
   Nike Shoes Y-7557
  </name>
  <category>
   Shoes
  </category>
  <size>
   XXL
  </size>
  <color>
   Зеленый
  </color>
  <material>
   Лен
  </material>
  <price>
   997002
  </price>
  <rating>
   3.44
  </rating>
  <reviews>
   90113
  </reviews>
  <exclusive>
   no
  </exclusive>
 </clothing>
</clothing-items>
