<?xml version="1.0" encoding="utf-8"?>
<clothing-items>
 <clothing>
  <id>
   820280309
  </id>
  <name>
   Puma Pants S-2041
  </name>
  <category>
   Pants
  </category>
  <size>
   XXL
  </size>
  <color>
   Желтый
  </color>
  <material>
   Вискоза
  </material>
  <price>
   988396
  </price>
  <rating>
   2.73
  </rating>
  <reviews>
   300392
  </reviews>
  <exclusive>
   yes
  </exclusive>
  <sporty>
   no
  </sporty>
 </clothing>
 <clothing>
  <id>
   834679264
  </id>
  <name>
   Fila Dress B-9233
  </name>
  <category>
   Dress
  </category>
  <size>
   M
  </size>
  <color>
   Зеленый
  </color>
  <material>
   Шелк
  </material>
  <price>
   732069
  </price>
  <rating>
   3.81
  </rating>
  <reviews>
   303530
  </reviews>
  <new>
   -
  </new>
  <exclusive>
   yes
  </exclusive>
 </clothing>
 <clothing>
  <id>
   421720393
  </id>
  <name>
   Asics Gloves I-9875
  </name>
  <category>
   Gloves
  </category>
  <size>
   XXL
  </size>
  <color>
   Красный
  </color>
  <material>
   Лен
  </material>
  <price>
   455321
  </price>
  <rating>
   2.2
  </rating>
  <reviews>
   144042
  </reviews>
  <new>
   -
  </new>
  <exclusive>
   no
  </exclusive>
  <sporty>
   no
  </sporty>
 </clothing>
 <clothing>
  <id>
   368313202
  </id>
  <name>
   Puma Shirt F-4168
  </name>
  <category>
   Shirt
  </category>
  <size>
   XL
  </size>
  <color>
   Синий
  </color>
  <material>
   Полиэстер
  </material>
  <price>
   239388
  </price>
  <rating>
   4.05
  </rating>
  <reviews>
   47914
  </reviews>
  <new>
   -
  </new>
 </clothing>
 <clothing>
  <id>
   911502419
  </id>
  <name>
   Brooks Gloves E-7271
  </name>
  <category>
   Gloves
  </category>
  <size>
   L
  </size>
  <color>
   Голубой
  </color>
  <material>
   Шелк
  </material>
  <price>
   831325
  </price>
  <rating>
   4.02
  </rating>
  <reviews>
   386876
  </reviews>
  <sporty>
   no
  </sporty>
 </clothing>
 <clothing>
  <id>
   225176330
  </id>
  <name>
   Asics Gloves E-3875
  </name>
  <category>
   Gloves
  </category>
  <size>
   XL
  </size>
  <color>
   Фиолетовый
  </color>
  <material>
   Шерсть
  </material>
  <price>
   338505
  </price>
  <rating>
   4.89
  </rating>
  <reviews>
   566307
  </reviews>
  <new>
   -
  </new>
  <sporty>
   no
  </sporty>
 </clothing>
 <clothing>
  <id>
   615703123
  </id>
  <name>
   Fila Umbrellas N-4820
  </name>
  <category>
   Umbrellas
  </category>
  <size>
   L
  </size>
  <color>
   Фиолетовый
  </color>
  <material>
   Нейлон
  </material>
  <price>
   405913
  </price>
  <rating>
   4.3
  </rating>
  <reviews>
   805683
  </reviews>
  <new>
   +
  </new>
 </clothing>
 <clothing>
  <id>
   562381854
  </id>
  <name>
   Converse Handbags P-3706
  </name>
  <category>
   Handbags
  </category>
  <size>
   XL
  </size>
  <color>
   Голубой
  </color>
  <material>
   Шерсть
  </material>
  <price>
   334944
  </price>
  <rating>
   1.05
  </rating>
  <reviews>
   241845
  </reviews>
  <new>
   -
  </new>
  <sporty>
   no
  </sporty>
 </clothing>
 <clothing>
  <id>
   465157944
  </id>
  <name>
   Puma Handbags S-5286
  </name>
  <category>
   Handbags
  </category>
  <size>
   XL
  </size>
  <color>
   Оранжевый
  </color>
  <material>
   Шелк
  </material>
  <price>
   302457
  </price>
  <rating>
   4.17
  </rating>
  <reviews>
   328859
  </reviews>
  <new>
   +
  </new>
  <exclusive>
   yes
  </exclusive>
  <sporty>
   no
  </sporty>
 </clothing>
 <clothing>
  <id>
   485116190
  </id>
  <name>
   Addidas Handbags K-8334
  </name>
  <category>
   Handbags
  </category>
  <size>
   M
  </size>
  <color>
   Синий
  </color>
  <material>
   Шерсть
  </material>
  <price>
   771615
  </price>
  <rating>
   2.63
  </rating>
  <reviews>
   24789
  </reviews>
  <new>
   -
  </new>
  <exclusive>
   no
  </exclusive>
 </clothing>
 <clothing>
  <id>
   401695903
  </id>
  <name>
   Nike Handbags N-6207
  </name>
  <category>
   Handbags
  </category>
  <size>
   L
  </size>
  <color>
   Синий
  </color>
  <material>
   Шерсть
  </material>
  <price>
   343614
  </price>
  <rating>
   4.31
  </rating>
  <reviews>
   34295
  </reviews>
  <sporty>
   no
  </sporty>
 </clothing>
 <clothing>
  <id>
   525119689
  </id>
  <name>
   New Balance Shirt V-4885
  </name>
  <category>
   Shirt
  </category>
  <size>
   XL
  </size>
  <color>
   Красный
  </color>
  <material>
   Кожа
  </material>
  <price>
   740825
  </price>
  <rating>
   2.21
  </rating>
  <reviews>
   599089
  </reviews>
  <exclusive>
   no
  </exclusive>
 </clothing>
 <clothing>
  <id>
   510744193
  </id>
  <name>
   Lacoste Sweater K-3852
  </name>
  <category>
   Sweater
  </category>
  <size>
   L
  </size>
  <color>
   Желтый
  </color>
  <material>
   Полиэстер
  </material>
  <price>
   786148
  </price>
  <rating>
   3.73
  </rating>
  <reviews>
   122641
  </reviews>
  <new>
   +
  </new>
  <exclusive>
   no
  </exclusive>
  <sporty>
   no
  </sporty>
 </clothing>
 <clothing>
  <id>
   755837800
  </id>
  <name>
   PleinSport Blouse M-7830
  </name>
  <category>
   Blouse
  </category>
  <size>
   L
  </size>
  <color>
   Зеленый
  </color>
  <material>
   Шелк
  </material>
  <price>
   153151
  </price>
  <rating>
   4.03
  </rating>
  <reviews>
   475585
  </reviews>
  <exclusive>
   no
  </exclusive>
  <sporty>
   no
  </sporty>
 </clothing>
 <clothing>
  <id>
   991064633
  </id>
  <name>
   DC Jacket N-3447
  </name>
  <category>
   Jacket
  </category>
  <size>
   M
  </size>
  <color>
   Зеленый
  </color>
  <material>
   Шерсть
  </material>
  <price>
   464874
  </price>
  <rating>
   1.13
  </rating>
  <reviews>
   502082
  </reviews>
  <sporty>
   yes
  </sporty>
 </clothing>
 <clothing>
  <id>
   758427573
  </id>
  <name>
   Reebok Gloves U-9373
  </name>
  <category>
   Gloves
  </category>
  <size>
   XXL
  </size>
  <color>
   Оранжевый
  </color>
  <material>
   Шерсть
  </material>
  <price>
   241903
  </price>
  <rating>
   2.87
  </rating>
  <reviews>
   966082
  </reviews>
  <new>
   -
  </new>
  <exclusive>
   no
  </exclusive>
 </clothing>
 <clothing>
  <id>
   554526390
  </id>
  <name>
   Vans Handbags H-2207
  </name>
  <category>
   Handbags
  </category>
  <size>
   S
  </size>
  <color>
   Оранжевый
  </color>
  <material>
   Кожа
  </material>
  <price>
   641938
  </price>
  <rating>
   3.26
  </rating>
  <reviews>
   159675
  </reviews>
  <new>
   +
  </new>
  <sporty>
   yes
  </sporty>
 </clothing>
 <clothing>
  <id>
   142768803
  </id>
  <name>
   Brooks Handbags V-6592
  </name>
  <category>
   Handbags
  </category>
  <size>
   M
  </size>
  <color>
   Голубой
  </color>
  <material>
   Хлопок
  </material>
  <price>
   306125
  </price>
  <rating>
   1.96
  </rating>
  <reviews>
   552506
  </reviews>
  <new>
   -
  </new>
  <exclusive>
   yes
  </exclusive>
  <sporty>
   yes
  </sporty>
 </clothing>
 <clothing>
  <id>
   730623067
  </id>
  <name>
   PleinSport T-shirt T-8106
  </name>
  <category>
   T-shirt
  </category>
  <size>
   M
  </size>
  <color>
   Оранжевый
  </color>
  <material>
   Хлопок
  </material>
  <price>
   521546
  </price>
  <rating>
   5.0
  </rating>
  <reviews>
   730718
  </reviews>
  <new>
   -
  </new>
  <exclusive>
   no
  </exclusive>
 </clothing>
 <clothing>
  <id>
   801777954
  </id>
  <name>
   Addidas Handbags G-4219
  </name>
  <category>
   Handbags
  </category>
  <size>
   S
  </size>
  <color>
   Фиолетовый
  </color>
  <material>
   Шелк
  </material>
  <price>
   705900
  </price>
  <rating>
   1.32
  </rating>
  <reviews>
   592805
  </reviews>
  <exclusive>
   no
  </exclusive>
  <sporty>
   no
  </sporty>
 </clothing>
 <clothing>
  <id>
   209838491
  </id>
  <name>
   PleinSport Belts Q-6667
  </name>
  <category>
   Belts
  </category>
  <size>
   S
  </size>
  <color>
   Зеленый
  </color>
  <material>
   Шерсть
  </material>
  <price>
   749850
  </price>
  <rating>
   2.88
  </rating>
  <reviews>
   884478
  </reviews>
  <new>
   -
  </new>
  <exclusive>
   no
  </exclusive>
  <sporty>
   yes
  </sporty>
 </clothing>
 <clothing>
  <id>
   979006414
  </id>
  <name>
   DC Umbrellas C-2399
  </name>
  <category>
   Umbrellas
  </category>
  <size>
   XL
  </size>
  <color>
   Зеленый
  </color>
  <material>
   Шелк
  </material>
  <price>
   107230
  </price>
  <rating>
   1.93
  </rating>
  <reviews>
   439640
  </reviews>
  <exclusive>
   no
  </exclusive>
  <sporty>
   no
  </sporty>
 </clothing>
 <clothing>
  <id>
   197805814
  </id>
  <name>
   Asics Jacket V-5190
  </name>
  <category>
   Jacket
  </category>
  <size>
   L
  </size>
  <color>
   Оранжевый
  </color>
  <material>
   Хлопок
  </material>
  <price>
   636800
  </price>
  <rating>
   4.01
  </rating>
  <reviews>
   609075
  </reviews>
  <exclusive>
   yes
  </exclusive>
 </clothing>
 <clothing>
  <id>
   826116137
  </id>
  <name>
   Addidas Skirt E-8792
  </name>
  <category>
   Skirt
  </category>
  <size>
   M
  </size>
  <color>
   Желтый
  </color>
  <material>
   Нейлон
  </material>
  <price>
   613202
  </price>
  <rating>
   3.01
  </rating>
  <reviews>
   792592
  </reviews>
  <new>
   -
  </new>
  <exclusive>
   no
  </exclusive>
  <sporty>
   no
  </sporty>
 </clothing>
 <clothing>
  <id>
   704539978
  </id>
  <name>
   Adidas Umbrellas Q-4640
  </name>
  <category>
   Umbrellas
  </category>
  <size>
   M
  </size>
  <color>
   Оранжевый
  </color>
  <material>
   Шерсть
  </material>
  <price>
   560027
  </price>
  <rating>
   4.45
  </rating>
  <reviews>
   185783
  </reviews>
  <sporty>
   no
  </sporty>
 </clothing>
 <clothing>
  <id>
   972703185
  </id>
  <name>
   Brooks Jeans U-2131
  </name>
  <category>
   Jeans
  </category>
  <size>
   M
  </size>
  <color>
   Зеленый
  </color>
  <material>
   Хлопок
  </material>
  <price>
   367934
  </price>
  <rating>
   1.27
  </rating>
  <reviews>
   743850
  </reviews>
  <exclusive>
   no
  </exclusive>
  <sporty>
   no
  </sporty>
 </clothing>
 <clothing>
  <id>
   382342396
  </id>
  <name>
   Under Armour Blouse H-5771
  </name>
  <category>
   Blouse
  </category>
  <size>
   XXL
  </size>
  <color>
   Оранжевый
  </color>
  <material>
   Полиэстер
  </material>
  <price>
   295631
  </price>
  <rating>
   4.88
  </rating>
  <reviews>
   828206
  </reviews>
  <new>
   +
  </new>
  <exclusive>
   no
  </exclusive>
  <sporty>
   no
  </sporty>
 </clothing>
 <clothing>
  <id>
   602855224
  </id>
  <name>
   Fila Skirt S-6152
  </name>
  <category>
   Skirt
  </category>
  <size>
   L
  </size>
  <color>
   Красный
  </color>
  <material>
   Нейлон
  </material>
  <price>
   885909
  </price>
  <rating>
   2.5
  </rating>
  <reviews>
   915243
  </reviews>
  <exclusive>
   no
  </exclusive>
  <sporty>
   no
  </sporty>
 </clothing>
 <clothing>
  <id>
   634699951
  </id>
  <name>
   Converse Dress W-8377
  </name>
  <category>
   Dress
  </category>
  <size>
   L
  </size>
  <color>
   Зеленый
  </color>
  <material>
   Лен
  </material>
  <price>
   690986
  </price>
  <rating>
   2.87
  </rating>
  <reviews>
   465686
  </reviews>
  <sporty>
   yes
  </sporty>
 </clothing>
 <clothing>
  <id>
   834593953
  </id>
  <name>
   Brooks T-shirt J-8219
  </name>
  <category>
   T-shirt
  </category>
  <size>
   M
  </size>
  <color>
   Синий
  </color>
  <material>
   Лен
  </material>
  <price>
   162983
  </price>
  <rating>
   4.35
  </rating>
  <reviews>
   591630
  </reviews>
  <new>
   -
  </new>
  <exclusive>
   no
  </exclusive>
  <sporty>
   no
  </sporty>
 </clothing>
 <clothing>
  <id>
   700558193
  </id>
  <name>
   Converse Jacket R-5094
  </name>
  <category>
   Jacket
  </category>
  <size>
   L
  </size>
  <color>
   Зеленый
  </color>
  <material>
   Нейлон
  </material>
  <price>
   235207
  </price>
  <rating>
   2.36
  </rating>
  <reviews>
   875085
  </reviews>
  <sporty>
   no
  </sporty>
 </clothing>
 <clothing>
  <id>
   889670250
  </id>
  <name>
   Asics Blouse R-7525
  </name>
  <category>
   Blouse
  </category>
  <size>
   S
  </size>
  <color>
   Красный
  </color>
  <material>
   Лен
  </material>
  <price>
   912509
  </price>
  <rating>
   2.27
  </rating>
  <reviews>
   202959
  </reviews>
  <new>
   -
  </new>
 </clothing>
 <clothing>
  <id>
   891067247
  </id>
  <name>
   Puma Umbrellas N-7191
  </name>
  <category>
   Umbrellas
  </category>
  <size>
   L
  </size>
  <color>
   Желтый
  </color>
  <material>
   Шерсть
  </material>
  <price>
   270542
  </price>
  <rating>
   2.37
  </rating>
  <reviews>
   131513
  </reviews>
  <new>
   +
  </new>
  <sporty>
   no
  </sporty>
 </clothing>
 <clothing>
  <id>
   266824468
  </id>
  <name>
   New Balance Umbrellas L-8404
  </name>
  <category>
   Umbrellas
  </category>
  <size>
   M
  </size>
  <color>
   Фиолетовый
  </color>
  <material>
   Шелк
  </material>
  <price>
   613250
  </price>
  <rating>
   3.44
  </rating>
  <reviews>
   694215
  </reviews>
  <new>
   -
  </new>
  <exclusive>
   no
  </exclusive>
 </clothing>
 <clothing>
  <id>
   781383527
  </id>
  <name>
   Vans Hat V-4832
  </name>
  <category>
   Hat
  </category>
  <size>
   S
  </size>
  <color>
   Зеленый
  </color>
  <material>
   Шерсть
  </material>
  <price>
   125032
  </price>
  <rating>
   2.89
  </rating>
  <reviews>
   279045
  </reviews>
  <sporty>
   yes
  </sporty>
 </clothing>
 <clothing>
  <id>
   447078524
  </id>
  <name>
   Brooks Jeans X-1374
  </name>
  <category>
   Jeans
  </category>
  <size>
   L
  </size>
  <color>
   Голубой
  </color>
  <material>
   Вискоза
  </material>
  <price>
   706327
  </price>
  <rating>
   2.81
  </rating>
  <reviews>
   67623
  </reviews>
  <new>
   +
  </new>
  <sporty>
   yes
  </sporty>
 </clothing>
 <clothing>
  <id>
   299304749
  </id>
  <name>
   Lacoste Belts B-3870
  </name>
  <category>
   Belts
  </category>
  <size>
   S
  </size>
  <color>
   Голубой
  </color>
  <material>
   Шелк
  </material>
  <price>
   838708
  </price>
  <rating>
   2.09
  </rating>
  <reviews>
   785706
  </reviews>
  <new>
   -
  </new>
  <exclusive>
   no
  </exclusive>
 </clothing>
 <clothing>
  <id>
   979836415
  </id>
  <name>
   Ellesse Pants H-8313
  </name>
  <category>
   Pants
  </category>
  <size>
   L
  </size>
  <color>
   Голубой
  </color>
  <material>
   Нейлон
  </material>
  <price>
   516828
  </price>
  <rating>
   3.41
  </rating>
  <reviews>
   60722
  </reviews>
  <new>
   +
  </new>
  <sporty>
   no
  </sporty>
 </clothing>
 <clothing>
  <id>
   436431935
  </id>
  <name>
   Nike Shirt J-8050
  </name>
  <category>
   Shirt
  </category>
  <size>
   M
  </size>
  <color>
   Синий
  </color>
  <material>
   Кожа
  </material>
  <price>
   139634
  </price>
  <rating>
   1.15
  </rating>
  <reviews>
   939408
  </reviews>
  <new>
   -
  </new>
  <sporty>
   no
  </sporty>
 </clothing>
 <clothing>
  <id>
   990574292
  </id>
  <name>
   Lacoste Dress W-7487
  </name>
  <category>
   Dress
  </category>
  <size>
   XL
  </size>
  <color>
   Красный
  </color>
  <material>
   Кожа
  </material>
  <price>
   428586
  </price>
  <rating>
   3.54
  </rating>
  <reviews>
   913348
  </reviews>
  <new>
   +
  </new>
  <exclusive>
   yes
  </exclusive>
 </clothing>
 <clothing>
  <id>
   210012944
  </id>
  <name>
   Asics Skirt D-3250
  </name>
  <category>
   Skirt
  </category>
  <size>
   XXL
  </size>
  <color>
   Зеленый
  </color>
  <material>
   Вискоза
  </material>
  <price>
   670351
  </price>
  <rating>
   3.36
  </rating>
  <reviews>
   311370
  </reviews>
  <new>
   +
  </new>
  <sporty>
   yes
  </sporty>
 </clothing>
 <clothing>
  <id>
   746985582
  </id>
  <name>
   Under Armour Blouse B-9262
  </name>
  <category>
   Blouse
  </category>
  <size>
   M
  </size>
  <color>
   Голубой
  </color>
  <material>
   Кожа
  </material>
  <price>
   616769
  </price>
  <rating>
   1.93
  </rating>
  <reviews>
   137716
  </reviews>
  <new>
   -
  </new>
  <sporty>
   yes
  </sporty>
 </clothing>
 <clothing>
  <id>
   416450120
  </id>
  <name>
   PleinSport Skirt T-1727
  </name>
  <category>
   Skirt
  </category>
  <size>
   L
  </size>
  <color>
   Зеленый
  </color>
  <material>
   Шерсть
  </material>
  <price>
   361810
  </price>
  <rating>
   4.09
  </rating>
  <reviews>
   650912
  </reviews>
  <exclusive>
   yes
  </exclusive>
  <sporty>
   yes
  </sporty>
 </clothing>
</clothing-items>
