<?xml version="1.0" encoding="utf-8"?>
<clothing-items>
 <clothing>
  <id>
   646781037
  </id>
  <name>
   Vans Sweater N-9638
  </name>
  <category>
   Sweater
  </category>
  <size>
   M
  </size>
  <color>
   Зеленый
  </color>
  <material>
   Полиэстер
  </material>
  <price>
   563996
  </price>
  <rating>
   3.36
  </rating>
  <reviews>
   950770
  </reviews>
 </clothing>
 <clothing>
  <id>
   841508271
  </id>
  <name>
   Reebok Shirt S-6210
  </name>
  <category>
   Shirt
  </category>
  <size>
   L
  </size>
  <color>
   Синий
  </color>
  <material>
   Шелк
  </material>
  <price>
   847196
  </price>
  <rating>
   2.82
  </rating>
  <reviews>
   230234
  </reviews>
  <new>
   -
  </new>
 </clothing>
 <clothing>
  <id>
   359715224
  </id>
  <name>
   Nike Skirt G-5477
  </name>
  <category>
   Skirt
  </category>
  <size>
   S
  </size>
  <color>
   Зеленый
  </color>
  <material>
   Хлопок
  </material>
  <price>
   284043
  </price>
  <rating>
   1.7
  </rating>
  <reviews>
   307452
  </reviews>
  <new>
   +
  </new>
  <exclusive>
   no
  </exclusive>
 </clothing>
 <clothing>
  <id>
   894947631
  </id>
  <name>
   Vans Sweater N-5309
  </name>
  <category>
   Sweater
  </category>
  <size>
   M
  </size>
  <color>
   Желтый
  </color>
  <material>
   Полиэстер
  </material>
  <price>
   651256
  </price>
  <rating>
   4.86
  </rating>
  <reviews>
   263287
  </reviews>
  <exclusive>
   no
  </exclusive>
  <sporty>
   yes
  </sporty>
 </clothing>
 <clothing>
  <id>
   981435010
  </id>
  <name>
   Asics Socks W-1318
  </name>
  <category>
   Socks
  </category>
  <size>
   M
  </size>
  <color>
   Желтый
  </color>
  <material>
   Хлопок
  </material>
  <price>
   930327
  </price>
  <rating>
   3.56
  </rating>
  <reviews>
   652766
  </reviews>
  <exclusive>
   no
  </exclusive>
  <sporty>
   no
  </sporty>
 </clothing>
 <clothing>
  <id>
   516263212
  </id>
  <name>
   New Balance Handbags B-6733
  </name>
  <category>
   Handbags
  </category>
  <size>
   XL
  </size>
  <color>
   Зеленый
  </color>
  <material>
   Кожа
  </material>
  <price>
   361988
  </price>
  <rating>
   2.5
  </rating>
  <reviews>
   942645
  </reviews>
  <new>
   +
  </new>
  <exclusive>
   no
  </exclusive>
 </clothing>
 <clothing>
  <id>
   108308501
  </id>
  <name>
   PleinSport Blouse D-5884
  </name>
  <category>
   Blouse
  </category>
  <size>
   L
  </size>
  <color>
   Голубой
  </color>
  <material>
   Вискоза
  </material>
  <price>
   373313
  </price>
  <rating>
   1.59
  </rating>
  <reviews>
   126402
  </reviews>
  <new>
   -
  </new>
  <sporty>
   yes
  </sporty>
 </clothing>
 <clothing>
  <id>
   987465028
  </id>
  <name>
   Under Armour Dress F-1117
  </name>
  <category>
   Dress
  </category>
  <size>
   L
  </size>
  <color>
   Желтый
  </color>
  <material>
   Кожа
  </material>
  <price>
   555585
  </price>
  <rating>
   4.14
  </rating>
  <reviews>
   680465
  </reviews>
  <sporty>
   yes
  </sporty>
 </clothing>
 <clothing>
  <id>
   906034743
  </id>
  <name>
   Reebok Pants I-4480
  </name>
  <category>
   Pants
  </category>
  <size>
   XXL
  </size>
  <color>
   Зеленый
  </color>
  <material>
   Шелк
  </material>
  <price>
   917113
  </price>
  <rating>
   1.28
  </rating>
  <reviews>
   461791
  </reviews>
  <sporty>
   yes
  </sporty>
 </clothing>
 <clothing>
  <id>
   433364222
  </id>
  <name>
   Lacoste Shirt Y-2511
  </name>
  <category>
   Shirt
  </category>
  <size>
   M
  </size>
  <color>
   Синий
  </color>
  <material>
   Шелк
  </material>
  <price>
   221719
  </price>
  <rating>
   1.23
  </rating>
  <reviews>
   818469
  </reviews>
  <exclusive>
   no
  </exclusive>
 </clothing>
 <clothing>
  <id>
   764717634
  </id>
  <name>
   Ellesse Shirt G-1240
  </name>
  <category>
   Shirt
  </category>
  <size>
   S
  </size>
  <color>
   Зеленый
  </color>
  <material>
   Шерсть
  </material>
  <price>
   117163
  </price>
  <rating>
   1.03
  </rating>
  <reviews>
   860511
  </reviews>
  <sporty>
   yes
  </sporty>
 </clothing>
</clothing-items>
