<?xml version="1.0" encoding="utf-8"?>
<clothing-items>
 <clothing>
  <id>
   327391614
  </id>
  <name>
   Ellesse Hat U-4620
  </name>
  <category>
   Hat
  </category>
  <size>
   L
  </size>
  <color>
   Голубой
  </color>
  <material>
   Кожа
  </material>
  <price>
   914680
  </price>
  <rating>
   1.05
  </rating>
  <reviews>
   775024
  </reviews>
  <sporty>
   yes
  </sporty>
 </clothing>
 <clothing>
  <id>
   742317976
  </id>
  <name>
   Under Armour Blouse A-6814
  </name>
  <category>
   Blouse
  </category>
  <size>
   XXL
  </size>
  <color>
   Синий
  </color>
  <material>
   Вискоза
  </material>
  <price>
   518419
  </price>
  <rating>
   1.3
  </rating>
  <reviews>
   910526
  </reviews>
  <new>
   +
  </new>
  <exclusive>
   no
  </exclusive>
 </clothing>
 <clothing>
  <id>
   548273031
  </id>
  <name>
   Puma Jacket O-9656
  </name>
  <category>
   Jacket
  </category>
  <size>
   XL
  </size>
  <color>
   Оранжевый
  </color>
  <material>
   Шелк
  </material>
  <price>
   113374
  </price>
  <rating>
   2.69
  </rating>
  <reviews>
   653436
  </reviews>
  <sporty>
   no
  </sporty>
 </clothing>
 <clothing>
  <id>
   668335018
  </id>
  <name>
   Adidas Skirt X-1959
  </name>
  <category>
   Skirt
  </category>
  <size>
   M
  </size>
  <color>
   Красный
  </color>
  <material>
   Лен
  </material>
  <price>
   883482
  </price>
  <rating>
   4.38
  </rating>
  <reviews>
   384065
  </reviews>
  <new>
   -
  </new>
  <sporty>
   no
  </sporty>
 </clothing>
 <clothing>
  <id>
   938002054
  </id>
  <name>
   Under Armour Sweater W-4761
  </name>
  <category>
   Sweater
  </category>
  <size>
   S
  </size>
  <color>
   Синий
  </color>
  <material>
   Полиэстер
  </material>
  <price>
   915183
  </price>
  <rating>
   4.49
  </rating>
  <reviews>
   359057
  </reviews>
  <new>
   +
  </new>
 </clothing>
 <clothing>
  <id>
   560570092
  </id>
  <name>
   Vans Belts O-8317
  </name>
  <category>
   Belts
  </category>
  <size>
   XXL
  </size>
  <color>
   Красный
  </color>
  <material>
   Шерсть
  </material>
  <price>
   742998
  </price>
  <rating>
   2.66
  </rating>
  <reviews>
   951395
  </reviews>
  <new>
   +
  </new>
  <sporty>
   no
  </sporty>
 </clothing>
 <clothing>
  <id>
   544999296
  </id>
  <name>
   DC Socks Q-1251
  </name>
  <category>
   Socks
  </category>
  <size>
   S
  </size>
  <color>
   Желтый
  </color>
  <material>
   Лен
  </material>
  <price>
   597997
  </price>
  <rating>
   2.41
  </rating>
  <reviews>
   229302
  </reviews>
  <new>
   -
  </new>
 </clothing>
 <clothing>
  <id>
   672080634
  </id>
  <name>
   Adidas Hat Z-2680
  </name>
  <category>
   Hat
  </category>
  <size>
   S
  </size>
  <color>
   Синий
  </color>
  <material>
   Кожа
  </material>
  <price>
   128622
  </price>
  <rating>
   1.23
  </rating>
  <reviews>
   757475
  </reviews>
  <exclusive>
   yes
  </exclusive>
 </clothing>
 <clothing>
  <id>
   631396057
  </id>
  <name>
   Under Armour Handbags X-4631
  </name>
  <category>
   Handbags
  </category>
  <size>
   M
  </size>
  <color>
   Желтый
  </color>
  <material>
   Хлопок
  </material>
  <price>
   238362
  </price>
  <rating>
   3.68
  </rating>
  <reviews>
   110679
  </reviews>
  <exclusive>
   no
  </exclusive>
 </clothing>
 <clothing>
  <id>
   850186194
  </id>
  <name>
   Nike Socks N-8942
  </name>
  <category>
   Socks
  </category>
  <size>
   M
  </size>
  <color>
   Синий
  </color>
  <material>
   Кожа
  </material>
  <price>
   389327
  </price>
  <rating>
   4.39
  </rating>
  <reviews>
   271587
  </reviews>
  <exclusive>
   yes
  </exclusive>
  <sporty>
   yes
  </sporty>
 </clothing>
 <clothing>
  <id>
   360096026
  </id>
  <name>
   New Balance Belts G-9832
  </name>
  <category>
   Belts
  </category>
  <size>
   L
  </size>
  <color>
   Фиолетовый
  </color>
  <material>
   Шерсть
  </material>
  <price>
   959130
  </price>
  <rating>
   2.83
  </rating>
  <reviews>
   564342
  </reviews>
  <new>
   +
  </new>
  <sporty>
   yes
  </sporty>
 </clothing>
 <clothing>
  <id>
   340044570
  </id>
  <name>
   Nike Umbrellas Y-5591
  </name>
  <category>
   Umbrellas
  </category>
  <size>
   M
  </size>
  <color>
   Фиолетовый
  </color>
  <material>
   Нейлон
  </material>
  <price>
   568505
  </price>
  <rating>
   4.88
  </rating>
  <reviews>
   538374
  </reviews>
  <exclusive>
   no
  </exclusive>
 </clothing>
 <clothing>
  <id>
   967947171
  </id>
  <name>
   Ellesse Shirt R-5250
  </name>
  <category>
   Shirt
  </category>
  <size>
   XXL
  </size>
  <color>
   Красный
  </color>
  <material>
   Шелк
  </material>
  <price>
   112043
  </price>
  <rating>
   1.99
  </rating>
  <reviews>
   618199
  </reviews>
  <exclusive>
   no
  </exclusive>
  <sporty>
   no
  </sporty>
 </clothing>
 <clothing>
  <id>
   860312790
  </id>
  <name>
   DC Shirt T-5071
  </name>
  <category>
   Shirt
  </category>
  <size>
   S
  </size>
  <color>
   Голубой
  </color>
  <material>
   Нейлон
  </material>
  <price>
   596643
  </price>
  <rating>
   3.48
  </rating>
  <reviews>
   792638
  </reviews>
 </clothing>
 <clothing>
  <id>
   471154590
  </id>
  <name>
   Brooks Belts X-3750
  </name>
  <category>
   Belts
  </category>
  <size>
   M
  </size>
  <color>
   Желтый
  </color>
  <material>
   Кожа
  </material>
  <price>
   734500
  </price>
  <rating>
   4.66
  </rating>
  <reviews>
   42329
  </reviews>
  <new>
   -
  </new>
  <sporty>
   yes
  </sporty>
 </clothing>
 <clothing>
  <id>
   493579069
  </id>
  <name>
   PleinSport Umbrellas K-8989
  </name>
  <category>
   Umbrellas
  </category>
  <size>
   S
  </size>
  <color>
   Оранжевый
  </color>
  <material>
   Кожа
  </material>
  <price>
   746477
  </price>
  <rating>
   1.95
  </rating>
  <reviews>
   779035
  </reviews>
  <sporty>
   no
  </sporty>
 </clothing>
 <clothing>
  <id>
   368423120
  </id>
  <name>
   New Balance Socks D-9211
  </name>
  <category>
   Socks
  </category>
  <size>
   XL
  </size>
  <color>
   Желтый
  </color>
  <material>
   Нейлон
  </material>
  <price>
   265462
  </price>
  <rating>
   1.59
  </rating>
  <reviews>
   755651
  </reviews>
  <exclusive>
   no
  </exclusive>
  <sporty>
   no
  </sporty>
 </clothing>
 <clothing>
  <id>
   995606150
  </id>
  <name>
   Brooks Shirt J-2273
  </name>
  <category>
   Shirt
  </category>
  <size>
   XL
  </size>
  <color>
   Голубой
  </color>
  <material>
   Шелк
  </material>
  <price>
   398740
  </price>
  <rating>
   4.33
  </rating>
  <reviews>
   500861
  </reviews>
  <sporty>
   no
  </sporty>
 </clothing>
 <clothing>
  <id>
   116877589
  </id>
  <name>
   Nike Shirt W-6499
  </name>
  <category>
   Shirt
  </category>
  <size>
   S
  </size>
  <color>
   Голубой
  </color>
  <material>
   Хлопок
  </material>
  <price>
   647001
  </price>
  <rating>
   2.86
  </rating>
  <reviews>
   670570
  </reviews>
  <new>
   +
  </new>
  <exclusive>
   yes
  </exclusive>
 </clothing>
 <clothing>
  <id>
   580723133
  </id>
  <name>
   Reebok Dress K-6690
  </name>
  <category>
   Dress
  </category>
  <size>
   S
  </size>
  <color>
   Синий
  </color>
  <material>
   Кожа
  </material>
  <price>
   289713
  </price>
  <rating>
   1.27
  </rating>
  <reviews>
   481980
  </reviews>
 </clothing>
 <clothing>
  <id>
   609309170
  </id>
  <name>
   Vans Shirt D-2939
  </name>
  <category>
   Shirt
  </category>
  <size>
   XL
  </size>
  <color>
   Голубой
  </color>
  <material>
   Шелк
  </material>
  <price>
   416623
  </price>
  <rating>
   3.67
  </rating>
  <reviews>
   969970
  </reviews>
  <new>
   +
  </new>
  <sporty>
   no
  </sporty>
 </clothing>
 <clothing>
  <id>
   101371239
  </id>
  <name>
   Adidas Pants K-4292
  </name>
  <category>
   Pants
  </category>
  <size>
   S
  </size>
  <color>
   Желтый
  </color>
  <material>
   Шелк
  </material>
  <price>
   662105
  </price>
  <rating>
   1.15
  </rating>
  <reviews>
   161115
  </reviews>
  <new>
   -
  </new>
  <exclusive>
   no
  </exclusive>
 </clothing>
 <clothing>
  <id>
   384377168
  </id>
  <name>
   Asics Dress L-4205
  </name>
  <category>
   Dress
  </category>
  <size>
   L
  </size>
  <color>
   Фиолетовый
  </color>
  <material>
   Шелк
  </material>
  <price>
   513555
  </price>
  <rating>
   3.9
  </rating>
  <reviews>
   904762
  </reviews>
  <new>
   -
  </new>
  <sporty>
   no
  </sporty>
 </clothing>
 <clothing>
  <id>
   852777260
  </id>
  <name>
   Lacoste Umbrellas F-3970
  </name>
  <category>
   Umbrellas
  </category>
  <size>
   L
  </size>
  <color>
   Зеленый
  </color>
  <material>
   Кожа
  </material>
  <price>
   397240
  </price>
  <rating>
   1.55
  </rating>
  <reviews>
   504393
  </reviews>
  <new>
   -
  </new>
  <exclusive>
   yes
  </exclusive>
  <sporty>
   no
  </sporty>
 </clothing>
 <clothing>
  <id>
   437521588
  </id>
  <name>
   Fila Jacket Y-1376
  </name>
  <category>
   Jacket
  </category>
  <size>
   S
  </size>
  <color>
   Желтый
  </color>
  <material>
   Хлопок
  </material>
  <price>
   878710
  </price>
  <rating>
   2.4
  </rating>
  <reviews>
   4260
  </reviews>
  <sporty>
   no
  </sporty>
 </clothing>
 <clothing>
  <id>
   592994134
  </id>
  <name>
   Addidas Belts J-4291
  </name>
  <category>
   Belts
  </category>
  <size>
   S
  </size>
  <color>
   Зеленый
  </color>
  <material>
   Нейлон
  </material>
  <price>
   281028
  </price>
  <rating>
   1.41
  </rating>
  <reviews>
   764921
  </reviews>
  <sporty>
   no
  </sporty>
 </clothing>
 <clothing>
  <id>
   599398550
  </id>
  <name>
   Adidas Blouse Q-8953
  </name>
  <category>
   Blouse
  </category>
  <size>
   M
  </size>
  <color>
   Зеленый
  </color>
  <material>
   Лен
  </material>
  <price>
   177354
  </price>
  <rating>
   2.22
  </rating>
  <reviews>
   104140
  </reviews>
  <new>
   -
  </new>
  <exclusive>
   no
  </exclusive>
  <sporty>
   yes
  </sporty>
 </clothing>
 <clothing>
  <id>
   589129422
  </id>
  <name>
   Addidas Shirt M-3059
  </name>
  <category>
   Shirt
  </category>
  <size>
   S
  </size>
  <color>
   Красный
  </color>
  <material>
   Полиэстер
  </material>
  <price>
   242974
  </price>
  <rating>
   3.8
  </rating>
  <reviews>
   894078
  </reviews>
  <exclusive>
   no
  </exclusive>
  <sporty>
   yes
  </sporty>
 </clothing>
 <clothing>
  <id>
   265662112
  </id>
  <name>
   Fila Dress L-6201
  </name>
  <category>
   Dress
  </category>
  <size>
   XXL
  </size>
  <color>
   Зеленый
  </color>
  <material>
   Кожа
  </material>
  <price>
   587853
  </price>
  <rating>
   2.8
  </rating>
  <reviews>
   378321
  </reviews>
  <exclusive>
   no
  </exclusive>
  <sporty>
   no
  </sporty>
 </clothing>
 <clothing>
  <id>
   453959302
  </id>
  <name>
   Under Armour Hat U-1790
  </name>
  <category>
   Hat
  </category>
  <size>
   L
  </size>
  <color>
   Оранжевый
  </color>
  <material>
   Хлопок
  </material>
  <price>
   708725
  </price>
  <rating>
   1.92
  </rating>
  <reviews>
   591839
  </reviews>
  <new>
   -
  </new>
  <exclusive>
   no
  </exclusive>
  <sporty>
   no
  </sporty>
 </clothing>
 <clothing>
  <id>
   574502677
  </id>
  <name>
   Adidas Skirt W-2910
  </name>
  <category>
   Skirt
  </category>
  <size>
   XL
  </size>
  <color>
   Синий
  </color>
  <material>
   Лен
  </material>
  <price>
   824239
  </price>
  <rating>
   3.35
  </rating>
  <reviews>
   218415
  </reviews>
  <new>
   -
  </new>
  <exclusive>
   yes
  </exclusive>
  <sporty>
   no
  </sporty>
 </clothing>
 <clothing>
  <id>
   164685350
  </id>
  <name>
   PleinSport Gloves H-4911
  </name>
  <category>
   Gloves
  </category>
  <size>
   L
  </size>
  <color>
   Оранжевый
  </color>
  <material>
   Кожа
  </material>
  <price>
   195877
  </price>
  <rating>
   3.15
  </rating>
  <reviews>
   330526
  </reviews>
  <new>
   +
  </new>
  <exclusive>
   yes
  </exclusive>
  <sporty>
   no
  </sporty>
 </clothing>
 <clothing>
  <id>
   441396587
  </id>
  <name>
   Asics Pants O-8188
  </name>
  <category>
   Pants
  </category>
  <size>
   L
  </size>
  <color>
   Синий
  </color>
  <material>
   Вискоза
  </material>
  <price>
   890497
  </price>
  <rating>
   4.24
  </rating>
  <reviews>
   543522
  </reviews>
  <sporty>
   no
  </sporty>
 </clothing>
 <clothing>
  <id>
   761310553
  </id>
  <name>
   Addidas Hat I-6044
  </name>
  <category>
   Hat
  </category>
  <size>
   XXL
  </size>
  <color>
   Желтый
  </color>
  <material>
   Полиэстер
  </material>
  <price>
   422775
  </price>
  <rating>
   1.1
  </rating>
  <reviews>
   534869
  </reviews>
  <exclusive>
   yes
  </exclusive>
 </clothing>
 <clothing>
  <id>
   757312732
  </id>
  <name>
   Adidas Dress K-8870
  </name>
  <category>
   Dress
  </category>
  <size>
   L
  </size>
  <color>
   Красный
  </color>
  <material>
   Полиэстер
  </material>
  <price>
   667577
  </price>
  <rating>
   2.24
  </rating>
  <reviews>
   347149
  </reviews>
  <sporty>
   no
  </sporty>
 </clothing>
 <clothing>
  <id>
   278930426
  </id>
  <name>
   Addidas Pants X-2656
  </name>
  <category>
   Pants
  </category>
  <size>
   S
  </size>
  <color>
   Зеленый
  </color>
  <material>
   Вискоза
  </material>
  <price>
   984572
  </price>
  <rating>
   2.61
  </rating>
  <reviews>
   487992
  </reviews>
  <sporty>
   yes
  </sporty>
 </clothing>
 <clothing>
  <id>
   966978170
  </id>
  <name>
   New Balance Jeans P-2744
  </name>
  <category>
   Jeans
  </category>
  <size>
   L
  </size>
  <color>
   Зеленый
  </color>
  <material>
   Лен
  </material>
  <price>
   390388
  </price>
  <rating>
   2.95
  </rating>
  <reviews>
   273241
  </reviews>
  <sporty>
   yes
  </sporty>
 </clothing>
 <clothing>
  <id>
   147774249
  </id>
  <name>
   Brooks Belts N-6522
  </name>
  <category>
   Belts
  </category>
  <size>
   XL
  </size>
  <color>
   Фиолетовый
  </color>
  <material>
   Полиэстер
  </material>
  <price>
   499285
  </price>
  <rating>
   4.83
  </rating>
  <reviews>
   77153
  </reviews>
  <new>
   -
  </new>
  <exclusive>
   no
  </exclusive>
 </clothing>
 <clothing>
  <id>
   147722660
  </id>
  <name>
   Brooks Dress J-4955
  </name>
  <category>
   Dress
  </category>
  <size>
   XL
  </size>
  <color>
   Синий
  </color>
  <material>
   Шерсть
  </material>
  <price>
   755095
  </price>
  <rating>
   3.32
  </rating>
  <reviews>
   228501
  </reviews>
  <new>
   +
  </new>
  <exclusive>
   yes
  </exclusive>
 </clothing>
 <clothing>
  <id>
   353018926
  </id>
  <name>
   Converse Socks Z-5152
  </name>
  <category>
   Socks
  </category>
  <size>
   L
  </size>
  <color>
   Синий
  </color>
  <material>
   Нейлон
  </material>
  <price>
   496238
  </price>
  <rating>
   2.64
  </rating>
  <reviews>
   874162
  </reviews>
  <new>
   +
  </new>
  <exclusive>
   no
  </exclusive>
  <sporty>
   yes
  </sporty>
 </clothing>
 <clothing>
  <id>
   676138069
  </id>
  <name>
   PleinSport T-shirt Q-8343
  </name>
  <category>
   T-shirt
  </category>
  <size>
   L
  </size>
  <color>
   Желтый
  </color>
  <material>
   Нейлон
  </material>
  <price>
   618099
  </price>
  <rating>
   2.23
  </rating>
  <reviews>
   221219
  </reviews>
  <new>
   +
  </new>
  <sporty>
   no
  </sporty>
 </clothing>
 <clothing>
  <id>
   615297803
  </id>
  <name>
   Asics Gloves M-9345
  </name>
  <category>
   Gloves
  </category>
  <size>
   XL
  </size>
  <color>
   Желтый
  </color>
  <material>
   Шерсть
  </material>
  <price>
   125375
  </price>
  <rating>
   2.45
  </rating>
  <reviews>
   495564
  </reviews>
  <exclusive>
   no
  </exclusive>
  <sporty>
   yes
  </sporty>
 </clothing>
 <clothing>
  <id>
   379309244
  </id>
  <name>
   New Balance Jeans I-6976
  </name>
  <category>
   Jeans
  </category>
  <size>
   M
  </size>
  <color>
   Оранжевый
  </color>
  <material>
   Полиэстер
  </material>
  <price>
   181821
  </price>
  <rating>
   4.88
  </rating>
  <reviews>
   672071
  </reviews>
  <exclusive>
   no
  </exclusive>
  <sporty>
   no
  </sporty>
 </clothing>
 <clothing>
  <id>
   937300207
  </id>
  <name>
   Reebok Handbags T-1857
  </name>
  <category>
   Handbags
  </category>
  <size>
   M
  </size>
  <color>
   Зеленый
  </color>
  <material>
   Лен
  </material>
  <price>
   191484
  </price>
  <rating>
   3.08
  </rating>
  <reviews>
   59130
  </reviews>
  <sporty>
   no
  </sporty>
 </clothing>
</clothing-items>
