<?xml version="1.0" encoding="utf-8"?>
<clothing-items>
 <clothing>
  <id>
   376304946
  </id>
  <name>
   Vans Jeans V-1686
  </name>
  <category>
   Jeans
  </category>
  <size>
   XXL
  </size>
  <color>
   Оранжевый
  </color>
  <material>
   Кожа
  </material>
  <price>
   274040
  </price>
  <rating>
   1.85
  </rating>
  <reviews>
   496724
  </reviews>
  <exclusive>
   no
  </exclusive>
 </clothing>
 <clothing>
  <id>
   295572066
  </id>
  <name>
   Ellesse Jacket K-4197
  </name>
  <category>
   Jacket
  </category>
  <size>
   S
  </size>
  <color>
   Синий
  </color>
  <material>
   Хлопок
  </material>
  <price>
   998617
  </price>
  <rating>
   2.47
  </rating>
  <reviews>
   342451
  </reviews>
  <new>
   -
  </new>
  <exclusive>
   no
  </exclusive>
  <sporty>
   no
  </sporty>
 </clothing>
 <clothing>
  <id>
   937799400
  </id>
  <name>
   Lacoste Dress E-3409
  </name>
  <category>
   Dress
  </category>
  <size>
   L
  </size>
  <color>
   Желтый
  </color>
  <material>
   Хлопок
  </material>
  <price>
   865425
  </price>
  <rating>
   1.02
  </rating>
  <reviews>
   961448
  </reviews>
  <new>
   +
  </new>
  <exclusive>
   no
  </exclusive>
  <sporty>
   yes
  </sporty>
 </clothing>
 <clothing>
  <id>
   717224836
  </id>
  <name>
   Nike Blouse C-3740
  </name>
  <category>
   Blouse
  </category>
  <size>
   S
  </size>
  <color>
   Синий
  </color>
  <material>
   Полиэстер
  </material>
  <price>
   516629
  </price>
  <rating>
   3.33
  </rating>
  <reviews>
   73922
  </reviews>
  <new>
   +
  </new>
  <exclusive>
   no
  </exclusive>
  <sporty>
   no
  </sporty>
 </clothing>
 <clothing>
  <id>
   147785417
  </id>
  <name>
   Nike Socks E-1270
  </name>
  <category>
   Socks
  </category>
  <size>
   L
  </size>
  <color>
   Оранжевый
  </color>
  <material>
   Нейлон
  </material>
  <price>
   549205
  </price>
  <rating>
   1.4
  </rating>
  <reviews>
   779241
  </reviews>
 </clothing>
 <clothing>
  <id>
   232765089
  </id>
  <name>
   Puma Jacket V-6989
  </name>
  <category>
   Jacket
  </category>
  <size>
   L
  </size>
  <color>
   Голубой
  </color>
  <material>
   Кожа
  </material>
  <price>
   914844
  </price>
  <rating>
   4.67
  </rating>
  <reviews>
   901334
  </reviews>
  <new>
   +
  </new>
  <exclusive>
   no
  </exclusive>
  <sporty>
   yes
  </sporty>
 </clothing>
 <clothing>
  <id>
   213113198
  </id>
  <name>
   Under Armour Skirt C-7813
  </name>
  <category>
   Skirt
  </category>
  <size>
   XL
  </size>
  <color>
   Желтый
  </color>
  <material>
   Шелк
  </material>
  <price>
   401083
  </price>
  <rating>
   2.97
  </rating>
  <reviews>
   733119
  </reviews>
  <new>
   -
  </new>
  <sporty>
   no
  </sporty>
 </clothing>
 <clothing>
  <id>
   989233468
  </id>
  <name>
   Fila Belts M-9967
  </name>
  <category>
   Belts
  </category>
  <size>
   XL
  </size>
  <color>
   Зеленый
  </color>
  <material>
   Шерсть
  </material>
  <price>
   878476
  </price>
  <rating>
   4.41
  </rating>
  <reviews>
   680669
  </reviews>
  <new>
   +
  </new>
  <sporty>
   no
  </sporty>
 </clothing>
 <clothing>
  <id>
   642739689
  </id>
  <name>
   Adidas Belts V-4207
  </name>
  <category>
   Belts
  </category>
  <size>
   XXL
  </size>
  <color>
   Синий
  </color>
  <material>
   Лен
  </material>
  <price>
   987191
  </price>
  <rating>
   1.85
  </rating>
  <reviews>
   351020
  </reviews>
  <exclusive>
   no
  </exclusive>
  <sporty>
   yes
  </sporty>
 </clothing>
 <clothing>
  <id>
   285644845
  </id>
  <name>
   Under Armour Blouse N-4055
  </name>
  <category>
   Blouse
  </category>
  <size>
   XXL
  </size>
  <color>
   Красный
  </color>
  <material>
   Шерсть
  </material>
  <price>
   553738
  </price>
  <rating>
   3.21
  </rating>
  <reviews>
   257753
  </reviews>
  <exclusive>
   no
  </exclusive>
  <sporty>
   no
  </sporty>
 </clothing>
 <clothing>
  <id>
   514081484
  </id>
  <name>
   Brooks Sweater P-1709
  </name>
  <category>
   Sweater
  </category>
  <size>
   L
  </size>
  <color>
   Зеленый
  </color>
  <material>
   Хлопок
  </material>
  <price>
   750176
  </price>
  <rating>
   3.91
  </rating>
  <reviews>
   384084
  </reviews>
  <exclusive>
   yes
  </exclusive>
 </clothing>
 <clothing>
  <id>
   366737155
  </id>
  <name>
   Adidas Jeans X-1007
  </name>
  <category>
   Jeans
  </category>
  <size>
   XXL
  </size>
  <color>
   Голубой
  </color>
  <material>
   Вискоза
  </material>
  <price>
   123545
  </price>
  <rating>
   3.71
  </rating>
  <reviews>
   532458
  </reviews>
  <new>
   +
  </new>
  <sporty>
   no
  </sporty>
 </clothing>
 <clothing>
  <id>
   593787617
  </id>
  <name>
   Asics Pants Q-8262
  </name>
  <category>
   Pants
  </category>
  <size>
   XL
  </size>
  <color>
   Красный
  </color>
  <material>
   Хлопок
  </material>
  <price>
   650114
  </price>
  <rating>
   4.44
  </rating>
  <reviews>
   533343
  </reviews>
  <new>
   +
  </new>
  <sporty>
   no
  </sporty>
 </clothing>
 <clothing>
  <id>
   885256355
  </id>
  <name>
   Asics Belts C-3722
  </name>
  <category>
   Belts
  </category>
  <size>
   XXL
  </size>
  <color>
   Желтый
  </color>
  <material>
   Кожа
  </material>
  <price>
   959667
  </price>
  <rating>
   3.0
  </rating>
  <reviews>
   206988
  </reviews>
  <exclusive>
   no
  </exclusive>
 </clothing>
 <clothing>
  <id>
   628447920
  </id>
  <name>
   Addidas T-shirt E-7044
  </name>
  <category>
   T-shirt
  </category>
  <size>
   S
  </size>
  <color>
   Фиолетовый
  </color>
  <material>
   Лен
  </material>
  <price>
   514304
  </price>
  <rating>
   2.92
  </rating>
  <reviews>
   843762
  </reviews>
  <new>
   -
  </new>
  <exclusive>
   yes
  </exclusive>
  <sporty>
   yes
  </sporty>
 </clothing>
 <clothing>
  <id>
   592028503
  </id>
  <name>
   Converse Pants V-1671
  </name>
  <category>
   Pants
  </category>
  <size>
   L
  </size>
  <color>
   Зеленый
  </color>
  <material>
   Хлопок
  </material>
  <price>
   172159
  </price>
  <rating>
   4.67
  </rating>
  <reviews>
   248477
  </reviews>
  <new>
   +
  </new>
  <sporty>
   yes
  </sporty>
 </clothing>
 <clothing>
  <id>
   853174388
  </id>
  <name>
   Under Armour Skirt F-2876
  </name>
  <category>
   Skirt
  </category>
  <size>
   XXL
  </size>
  <color>
   Желтый
  </color>
  <material>
   Лен
  </material>
  <price>
   138271
  </price>
  <rating>
   1.33
  </rating>
  <reviews>
   637340
  </reviews>
  <sporty>
   yes
  </sporty>
 </clothing>
 <clothing>
  <id>
   158628969
  </id>
  <name>
   Ellesse Jacket H-7253
  </name>
  <category>
   Jacket
  </category>
  <size>
   L
  </size>
  <color>
   Зеленый
  </color>
  <material>
   Кожа
  </material>
  <price>
   517136
  </price>
  <rating>
   2.82
  </rating>
  <reviews>
   724647
  </reviews>
  <exclusive>
   no
  </exclusive>
 </clothing>
 <clothing>
  <id>
   252760933
  </id>
  <name>
   DC Sweater X-1148
  </name>
  <category>
   Sweater
  </category>
  <size>
   XL
  </size>
  <color>
   Оранжевый
  </color>
  <material>
   Вискоза
  </material>
  <price>
   754639
  </price>
  <rating>
   1.76
  </rating>
  <reviews>
   98645
  </reviews>
  <exclusive>
   no
  </exclusive>
  <sporty>
   yes
  </sporty>
 </clothing>
 <clothing>
  <id>
   488629877
  </id>
  <name>
   Brooks Blouse G-2874
  </name>
  <category>
   Blouse
  </category>
  <size>
   XXL
  </size>
  <color>
   Красный
  </color>
  <material>
   Шелк
  </material>
  <price>
   589799
  </price>
  <rating>
   1.67
  </rating>
  <reviews>
   715612
  </reviews>
  <exclusive>
   yes
  </exclusive>
  <sporty>
   no
  </sporty>
 </clothing>
 <clothing>
  <id>
   722785816
  </id>
  <name>
   Brooks T-shirt C-5663
  </name>
  <category>
   T-shirt
  </category>
  <size>
   L
  </size>
  <color>
   Голубой
  </color>
  <material>
   Нейлон
  </material>
  <price>
   624013
  </price>
  <rating>
   2.08
  </rating>
  <reviews>
   332634
  </reviews>
  <new>
   +
  </new>
  <exclusive>
   yes
  </exclusive>
  <sporty>
   no
  </sporty>
 </clothing>
 <clothing>
  <id>
   186795553
  </id>
  <name>
   Puma Jacket V-1160
  </name>
  <category>
   Jacket
  </category>
  <size>
   XXL
  </size>
  <color>
   Голубой
  </color>
  <material>
   Нейлон
  </material>
  <price>
   938089
  </price>
  <rating>
   2.75
  </rating>
  <reviews>
   214200
  </reviews>
  <new>
   +
  </new>
  <exclusive>
   yes
  </exclusive>
 </clothing>
 <clothing>
  <id>
   280233877
  </id>
  <name>
   Adidas Handbags K-8804
  </name>
  <category>
   Handbags
  </category>
  <size>
   XXL
  </size>
  <color>
   Оранжевый
  </color>
  <material>
   Вискоза
  </material>
  <price>
   259362
  </price>
  <rating>
   3.18
  </rating>
  <reviews>
   641905
  </reviews>
  <new>
   -
  </new>
 </clothing>
 <clothing>
  <id>
   325349822
  </id>
  <name>
   Reebok Socks J-5132
  </name>
  <category>
   Socks
  </category>
  <size>
   L
  </size>
  <color>
   Красный
  </color>
  <material>
   Шерсть
  </material>
  <price>
   729270
  </price>
  <rating>
   3.47
  </rating>
  <reviews>
   685519
  </reviews>
  <exclusive>
   no
  </exclusive>
 </clothing>
 <clothing>
  <id>
   827625259
  </id>
  <name>
   Asics Jacket U-5196
  </name>
  <category>
   Jacket
  </category>
  <size>
   M
  </size>
  <color>
   Зеленый
  </color>
  <material>
   Полиэстер
  </material>
  <price>
   278970
  </price>
  <rating>
   4.42
  </rating>
  <reviews>
   324662
  </reviews>
 </clothing>
 <clothing>
  <id>
   764050495
  </id>
  <name>
   Brooks Umbrellas L-3880
  </name>
  <category>
   Umbrellas
  </category>
  <size>
   S
  </size>
  <color>
   Желтый
  </color>
  <material>
   Вискоза
  </material>
  <price>
   235173
  </price>
  <rating>
   4.47
  </rating>
  <reviews>
   205816
  </reviews>
  <new>
   +
  </new>
  <exclusive>
   yes
  </exclusive>
  <sporty>
   no
  </sporty>
 </clothing>
 <clothing>
  <id>
   540266939
  </id>
  <name>
   PleinSport T-shirt I-7609
  </name>
  <category>
   T-shirt
  </category>
  <size>
   XXL
  </size>
  <color>
   Голубой
  </color>
  <material>
   Вискоза
  </material>
  <price>
   165274
  </price>
  <rating>
   3.34
  </rating>
  <reviews>
   725445
  </reviews>
  <exclusive>
   no
  </exclusive>
  <sporty>
   yes
  </sporty>
 </clothing>
 <clothing>
  <id>
   426676007
  </id>
  <name>
   Ellesse Jeans D-9494
  </name>
  <category>
   Jeans
  </category>
  <size>
   XXL
  </size>
  <color>
   Желтый
  </color>
  <material>
   Кожа
  </material>
  <price>
   454007
  </price>
  <rating>
   4.8
  </rating>
  <reviews>
   575611
  </reviews>
  <new>
   +
  </new>
 </clothing>
 <clothing>
  <id>
   751303308
  </id>
  <name>
   Under Armour Shoes K-1039
  </name>
  <category>
   Shoes
  </category>
  <size>
   XL
  </size>
  <color>
   Фиолетовый
  </color>
  <material>
   Нейлон
  </material>
  <price>
   491711
  </price>
  <rating>
   3.75
  </rating>
  <reviews>
   738781
  </reviews>
  <new>
   -
  </new>
  <sporty>
   no
  </sporty>
 </clothing>
 <clothing>
  <id>
   408978474
  </id>
  <name>
   Fila T-shirt A-9685
  </name>
  <category>
   T-shirt
  </category>
  <size>
   XL
  </size>
  <color>
   Оранжевый
  </color>
  <material>
   Лен
  </material>
  <price>
   924041
  </price>
  <rating>
   3.93
  </rating>
  <reviews>
   790774
  </reviews>
  <exclusive>
   yes
  </exclusive>
 </clothing>
 <clothing>
  <id>
   401076556
  </id>
  <name>
   Asics Umbrellas R-2619
  </name>
  <category>
   Umbrellas
  </category>
  <size>
   L
  </size>
  <color>
   Красный
  </color>
  <material>
   Лен
  </material>
  <price>
   888259
  </price>
  <rating>
   2.72
  </rating>
  <reviews>
   780618
  </reviews>
  <new>
   +
  </new>
  <exclusive>
   yes
  </exclusive>
  <sporty>
   yes
  </sporty>
 </clothing>
 <clothing>
  <id>
   432314082
  </id>
  <name>
   PleinSport Hat D-4736
  </name>
  <category>
   Hat
  </category>
  <size>
   S
  </size>
  <color>
   Зеленый
  </color>
  <material>
   Шерсть
  </material>
  <price>
   129578
  </price>
  <rating>
   3.6
  </rating>
  <reviews>
   221486
  </reviews>
  <new>
   -
  </new>
  <exclusive>
   no
  </exclusive>
  <sporty>
   no
  </sporty>
 </clothing>
 <clothing>
  <id>
   626351508
  </id>
  <name>
   Nike Shoes A-2271
  </name>
  <category>
   Shoes
  </category>
  <size>
   S
  </size>
  <color>
   Оранжевый
  </color>
  <material>
   Полиэстер
  </material>
  <price>
   240134
  </price>
  <rating>
   3.97
  </rating>
  <reviews>
   661870
  </reviews>
  <new>
   -
  </new>
  <exclusive>
   no
  </exclusive>
  <sporty>
   yes
  </sporty>
 </clothing>
 <clothing>
  <id>
   216446649
  </id>
  <name>
   New Balance Skirt G-2282
  </name>
  <category>
   Skirt
  </category>
  <size>
   M
  </size>
  <color>
   Оранжевый
  </color>
  <material>
   Шерсть
  </material>
  <price>
   622205
  </price>
  <rating>
   4.6
  </rating>
  <reviews>
   949665
  </reviews>
  <new>
   +
  </new>
  <exclusive>
   yes
  </exclusive>
  <sporty>
   no
  </sporty>
 </clothing>
 <clothing>
  <id>
   396537760
  </id>
  <name>
   Under Armour Dress B-2819
  </name>
  <category>
   Dress
  </category>
  <size>
   XXL
  </size>
  <color>
   Голубой
  </color>
  <material>
   Вискоза
  </material>
  <price>
   751631
  </price>
  <rating>
   4.65
  </rating>
  <reviews>
   999514
  </reviews>
  <exclusive>
   no
  </exclusive>
  <sporty>
   no
  </sporty>
 </clothing>
 <clothing>
  <id>
   491186880
  </id>
  <name>
   Nike Belts S-6019
  </name>
  <category>
   Belts
  </category>
  <size>
   M
  </size>
  <color>
   Красный
  </color>
  <material>
   Кожа
  </material>
  <price>
   870671
  </price>
  <rating>
   4.31
  </rating>
  <reviews>
   537468
  </reviews>
  <sporty>
   yes
  </sporty>
 </clothing>
 <clothing>
  <id>
   106964630
  </id>
  <name>
   Fila Shoes X-7134
  </name>
  <category>
   Shoes
  </category>
  <size>
   XL
  </size>
  <color>
   Красный
  </color>
  <material>
   Шелк
  </material>
  <price>
   979216
  </price>
  <rating>
   2.35
  </rating>
  <reviews>
   945718
  </reviews>
  <new>
   -
  </new>
  <exclusive>
   yes
  </exclusive>
  <sporty>
   no
  </sporty>
 </clothing>
 <clothing>
  <id>
   367781240
  </id>
  <name>
   Converse Umbrellas F-5811
  </name>
  <category>
   Umbrellas
  </category>
  <size>
   XL
  </size>
  <color>
   Зеленый
  </color>
  <material>
   Полиэстер
  </material>
  <price>
   263385
  </price>
  <rating>
   1.53
  </rating>
  <reviews>
   859681
  </reviews>
  <new>
   +
  </new>
  <sporty>
   yes
  </sporty>
 </clothing>
 <clothing>
  <id>
   721755234
  </id>
  <name>
   Adidas Skirt S-7935
  </name>
  <category>
   Skirt
  </category>
  <size>
   XXL
  </size>
  <color>
   Голубой
  </color>
  <material>
   Хлопок
  </material>
  <price>
   385053
  </price>
  <rating>
   3.84
  </rating>
  <reviews>
   737176
  </reviews>
  <new>
   +
  </new>
  <exclusive>
   yes
  </exclusive>
 </clothing>
 <clothing>
  <id>
   464768153
  </id>
  <name>
   Addidas Jeans U-3197
  </name>
  <category>
   Jeans
  </category>
  <size>
   S
  </size>
  <color>
   Фиолетовый
  </color>
  <material>
   Шелк
  </material>
  <price>
   575356
  </price>
  <rating>
   1.96
  </rating>
  <reviews>
   109965
  </reviews>
  <new>
   +
  </new>
  <sporty>
   yes
  </sporty>
 </clothing>
 <clothing>
  <id>
   436132320
  </id>
  <name>
   Converse Belts Y-5863
  </name>
  <category>
   Belts
  </category>
  <size>
   S
  </size>
  <color>
   Фиолетовый
  </color>
  <material>
   Шелк
  </material>
  <price>
   922492
  </price>
  <rating>
   4.67
  </rating>
  <reviews>
   426999
  </reviews>
  <new>
   -
  </new>
 </clothing>
 <clothing>
  <id>
   435497955
  </id>
  <name>
   Nike Sweater H-7010
  </name>
  <category>
   Sweater
  </category>
  <size>
   XXL
  </size>
  <color>
   Желтый
  </color>
  <material>
   Шелк
  </material>
  <price>
   253974
  </price>
  <rating>
   4.02
  </rating>
  <reviews>
   376126
  </reviews>
  <exclusive>
   no
  </exclusive>
 </clothing>
 <clothing>
  <id>
   858143937
  </id>
  <name>
   Nike Pants W-3349
  </name>
  <category>
   Pants
  </category>
  <size>
   S
  </size>
  <color>
   Зеленый
  </color>
  <material>
   Нейлон
  </material>
  <price>
   901773
  </price>
  <rating>
   3.72
  </rating>
  <reviews>
   555626
  </reviews>
  <exclusive>
   no
  </exclusive>
  <sporty>
   no
  </sporty>
 </clothing>
 <clothing>
  <id>
   682097366
  </id>
  <name>
   Ellesse Socks C-6742
  </name>
  <category>
   Socks
  </category>
  <size>
   XXL
  </size>
  <color>
   Оранжевый
  </color>
  <material>
   Лен
  </material>
  <price>
   374130
  </price>
  <rating>
   4.9
  </rating>
  <reviews>
   3597
  </reviews>
  <exclusive>
   yes
  </exclusive>
  <sporty>
   no
  </sporty>
 </clothing>
</clothing-items>
