<?xml version="1.0" encoding="utf-8"?>
<clothing-items>
 <clothing>
  <id>
   699956915
  </id>
  <name>
   Ellesse Dress H-2020
  </name>
  <category>
   Dress
  </category>
  <size>
   L
  </size>
  <color>
   Фиолетовый
  </color>
  <material>
   Нейлон
  </material>
  <price>
   941480
  </price>
  <rating>
   2.9
  </rating>
  <reviews>
   530859
  </reviews>
  <new>
   +
  </new>
  <exclusive>
   no
  </exclusive>
 </clothing>
 <clothing>
  <id>
   627652549
  </id>
  <name>
   Fila Sweater T-6253
  </name>
  <category>
   Sweater
  </category>
  <size>
   M
  </size>
  <color>
   Синий
  </color>
  <material>
   Шелк
  </material>
  <price>
   699900
  </price>
  <rating>
   2.9
  </rating>
  <reviews>
   912240
  </reviews>
  <new>
   +
  </new>
  <sporty>
   yes
  </sporty>
 </clothing>
 <clothing>
  <id>
   718358316
  </id>
  <name>
   Brooks Belts P-8591
  </name>
  <category>
   Belts
  </category>
  <size>
   XXL
  </size>
  <color>
   Красный
  </color>
  <material>
   Полиэстер
  </material>
  <price>
   671293
  </price>
  <rating>
   4.4
  </rating>
  <reviews>
   369813
  </reviews>
  <new>
   -
  </new>
 </clothing>
 <clothing>
  <id>
   688303314
  </id>
  <name>
   Converse Socks R-2792
  </name>
  <category>
   Socks
  </category>
  <size>
   L
  </size>
  <color>
   Красный
  </color>
  <material>
   Шелк
  </material>
  <price>
   526311
  </price>
  <rating>
   2.16
  </rating>
  <reviews>
   364935
  </reviews>
  <sporty>
   yes
  </sporty>
 </clothing>
 <clothing>
  <id>
   429283018
  </id>
  <name>
   Asics Blouse L-8652
  </name>
  <category>
   Blouse
  </category>
  <size>
   M
  </size>
  <color>
   Голубой
  </color>
  <material>
   Шелк
  </material>
  <price>
   801091
  </price>
  <rating>
   3.27
  </rating>
  <reviews>
   154010
  </reviews>
  <exclusive>
   no
  </exclusive>
  <sporty>
   yes
  </sporty>
 </clothing>
 <clothing>
  <id>
   208603052
  </id>
  <name>
   Vans T-shirt D-1664
  </name>
  <category>
   T-shirt
  </category>
  <size>
   M
  </size>
  <color>
   Зеленый
  </color>
  <material>
   Шерсть
  </material>
  <price>
   554840
  </price>
  <rating>
   1.27
  </rating>
  <reviews>
   317143
  </reviews>
  <exclusive>
   no
  </exclusive>
  <sporty>
   yes
  </sporty>
 </clothing>
 <clothing>
  <id>
   875877508
  </id>
  <name>
   Lacoste Socks Q-2900
  </name>
  <category>
   Socks
  </category>
  <size>
   S
  </size>
  <color>
   Фиолетовый
  </color>
  <material>
   Нейлон
  </material>
  <price>
   544139
  </price>
  <rating>
   4.16
  </rating>
  <reviews>
   815477
  </reviews>
  <new>
   +
  </new>
  <sporty>
   yes
  </sporty>
 </clothing>
 <clothing>
  <id>
   515886259
  </id>
  <name>
   Puma Socks E-9247
  </name>
  <category>
   Socks
  </category>
  <size>
   M
  </size>
  <color>
   Голубой
  </color>
  <material>
   Лен
  </material>
  <price>
   283797
  </price>
  <rating>
   4.77
  </rating>
  <reviews>
   47785
  </reviews>
  <exclusive>
   yes
  </exclusive>
  <sporty>
   no
  </sporty>
 </clothing>
 <clothing>
  <id>
   305065929
  </id>
  <name>
   Ellesse Pants S-3100
  </name>
  <category>
   Pants
  </category>
  <size>
   M
  </size>
  <color>
   Зеленый
  </color>
  <material>
   Хлопок
  </material>
  <price>
   997440
  </price>
  <rating>
   3.27
  </rating>
  <reviews>
   720809
  </reviews>
  <new>
   -
  </new>
  <sporty>
   no
  </sporty>
 </clothing>
 <clothing>
  <id>
   209994053
  </id>
  <name>
   Converse Jacket V-8531
  </name>
  <category>
   Jacket
  </category>
  <size>
   S
  </size>
  <color>
   Фиолетовый
  </color>
  <material>
   Вискоза
  </material>
  <price>
   355883
  </price>
  <rating>
   1.97
  </rating>
  <reviews>
   284612
  </reviews>
  <new>
   +
  </new>
 </clothing>
 <clothing>
  <id>
   903143503
  </id>
  <name>
   Asics Umbrellas S-4722
  </name>
  <category>
   Umbrellas
  </category>
  <size>
   L
  </size>
  <color>
   Желтый
  </color>
  <material>
   Лен
  </material>
  <price>
   904927
  </price>
  <rating>
   3.19
  </rating>
  <reviews>
   871442
  </reviews>
 </clothing>
 <clothing>
  <id>
   739621010
  </id>
  <name>
   Addidas Jacket U-2320
  </name>
  <category>
   Jacket
  </category>
  <size>
   XXL
  </size>
  <color>
   Фиолетовый
  </color>
  <material>
   Полиэстер
  </material>
  <price>
   552069
  </price>
  <rating>
   1.28
  </rating>
  <reviews>
   428813
  </reviews>
  <new>
   +
  </new>
 </clothing>
 <clothing>
  <id>
   421717777
  </id>
  <name>
   Reebok Belts G-3123
  </name>
  <category>
   Belts
  </category>
  <size>
   M
  </size>
  <color>
   Синий
  </color>
  <material>
   Кожа
  </material>
  <price>
   168826
  </price>
  <rating>
   4.32
  </rating>
  <reviews>
   76360
  </reviews>
  <exclusive>
   no
  </exclusive>
  <sporty>
   no
  </sporty>
 </clothing>
 <clothing>
  <id>
   964849568
  </id>
  <name>
   Nike Umbrellas W-6849
  </name>
  <category>
   Umbrellas
  </category>
  <size>
   XL
  </size>
  <color>
   Желтый
  </color>
  <material>
   Нейлон
  </material>
  <price>
   200028
  </price>
  <rating>
   4.15
  </rating>
  <reviews>
   748928
  </reviews>
  <sporty>
   yes
  </sporty>
 </clothing>
 <clothing>
  <id>
   299349837
  </id>
  <name>
   Lacoste Dress Q-8972
  </name>
  <category>
   Dress
  </category>
  <size>
   M
  </size>
  <color>
   Голубой
  </color>
  <material>
   Полиэстер
  </material>
  <price>
   479321
  </price>
  <rating>
   2.02
  </rating>
  <reviews>
   717701
  </reviews>
  <new>
   +
  </new>
  <sporty>
   yes
  </sporty>
 </clothing>
 <clothing>
  <id>
   120724828
  </id>
  <name>
   Puma Jeans G-6038
  </name>
  <category>
   Jeans
  </category>
  <size>
   XL
  </size>
  <color>
   Фиолетовый
  </color>
  <material>
   Кожа
  </material>
  <price>
   822070
  </price>
  <rating>
   1.65
  </rating>
  <reviews>
   442483
  </reviews>
  <exclusive>
   yes
  </exclusive>
 </clothing>
 <clothing>
  <id>
   423623960
  </id>
  <name>
   Puma Jeans X-5157
  </name>
  <category>
   Jeans
  </category>
  <size>
   XXL
  </size>
  <color>
   Синий
  </color>
  <material>
   Полиэстер
  </material>
  <price>
   796300
  </price>
  <rating>
   4.56
  </rating>
  <reviews>
   493233
  </reviews>
  <new>
   -
  </new>
  <exclusive>
   no
  </exclusive>
  <sporty>
   yes
  </sporty>
 </clothing>
 <clothing>
  <id>
   625453870
  </id>
  <name>
   PleinSport Sweater E-8832
  </name>
  <category>
   Sweater
  </category>
  <size>
   XL
  </size>
  <color>
   Оранжевый
  </color>
  <material>
   Шерсть
  </material>
  <price>
   999209
  </price>
  <rating>
   1.47
  </rating>
  <reviews>
   477127
  </reviews>
  <exclusive>
   no
  </exclusive>
  <sporty>
   yes
  </sporty>
 </clothing>
 <clothing>
  <id>
   469283952
  </id>
  <name>
   Puma Dress I-2762
  </name>
  <category>
   Dress
  </category>
  <size>
   S
  </size>
  <color>
   Фиолетовый
  </color>
  <material>
   Шерсть
  </material>
  <price>
   729691
  </price>
  <rating>
   4.56
  </rating>
  <reviews>
   806308
  </reviews>
  <new>
   -
  </new>
  <exclusive>
   no
  </exclusive>
 </clothing>
 <clothing>
  <id>
   143155262
  </id>
  <name>
   Adidas Belts R-6602
  </name>
  <category>
   Belts
  </category>
  <size>
   XL
  </size>
  <color>
   Фиолетовый
  </color>
  <material>
   Шелк
  </material>
  <price>
   779473
  </price>
  <rating>
   3.6
  </rating>
  <reviews>
   972920
  </reviews>
  <new>
   -
  </new>
  <sporty>
   no
  </sporty>
 </clothing>
 <clothing>
  <id>
   181095823
  </id>
  <name>
   Addidas Handbags X-3315
  </name>
  <category>
   Handbags
  </category>
  <size>
   M
  </size>
  <color>
   Синий
  </color>
  <material>
   Шерсть
  </material>
  <price>
   252725
  </price>
  <rating>
   1.15
  </rating>
  <reviews>
   242957
  </reviews>
 </clothing>
 <clothing>
  <id>
   508463966
  </id>
  <name>
   New Balance T-shirt G-3327
  </name>
  <category>
   T-shirt
  </category>
  <size>
   M
  </size>
  <color>
   Зеленый
  </color>
  <material>
   Хлопок
  </material>
  <price>
   502763
  </price>
  <rating>
   2.31
  </rating>
  <reviews>
   681137
  </reviews>
  <exclusive>
   yes
  </exclusive>
  <sporty>
   no
  </sporty>
 </clothing>
 <clothing>
  <id>
   409294364
  </id>
  <name>
   Puma Pants L-7480
  </name>
  <category>
   Pants
  </category>
  <size>
   XXL
  </size>
  <color>
   Оранжевый
  </color>
  <material>
   Полиэстер
  </material>
  <price>
   484325
  </price>
  <rating>
   3.3
  </rating>
  <reviews>
   534767
  </reviews>
  <new>
   -
  </new>
  <sporty>
   yes
  </sporty>
 </clothing>
 <clothing>
  <id>
   325465531
  </id>
  <name>
   Asics Handbags D-2647
  </name>
  <category>
   Handbags
  </category>
  <size>
   S
  </size>
  <color>
   Оранжевый
  </color>
  <material>
   Вискоза
  </material>
  <price>
   870215
  </price>
  <rating>
   3.99
  </rating>
  <reviews>
   376509
  </reviews>
  <exclusive>
   no
  </exclusive>
  <sporty>
   yes
  </sporty>
 </clothing>
 <clothing>
  <id>
   780803687
  </id>
  <name>
   New Balance Jeans V-9287
  </name>
  <category>
   Jeans
  </category>
  <size>
   S
  </size>
  <color>
   Голубой
  </color>
  <material>
   Хлопок
  </material>
  <price>
   784133
  </price>
  <rating>
   1.62
  </rating>
  <reviews>
   710096
  </reviews>
  <new>
   +
  </new>
  <exclusive>
   yes
  </exclusive>
  <sporty>
   no
  </sporty>
 </clothing>
 <clothing>
  <id>
   594572002
  </id>
  <name>
   Lacoste Handbags J-3248
  </name>
  <category>
   Handbags
  </category>
  <size>
   M
  </size>
  <color>
   Зеленый
  </color>
  <material>
   Полиэстер
  </material>
  <price>
   723563
  </price>
  <rating>
   3.2
  </rating>
  <reviews>
   816173
  </reviews>
 </clothing>
 <clothing>
  <id>
   519645075
  </id>
  <name>
   Puma Belts V-4169
  </name>
  <category>
   Belts
  </category>
  <size>
   S
  </size>
  <color>
   Оранжевый
  </color>
  <material>
   Полиэстер
  </material>
  <price>
   503278
  </price>
  <rating>
   4.53
  </rating>
  <reviews>
   404701
  </reviews>
  <exclusive>
   no
  </exclusive>
  <sporty>
   yes
  </sporty>
 </clothing>
 <clothing>
  <id>
   395088652
  </id>
  <name>
   Under Armour Jacket M-2182
  </name>
  <category>
   Jacket
  </category>
  <size>
   XL
  </size>
  <color>
   Фиолетовый
  </color>
  <material>
   Шелк
  </material>
  <price>
   756950
  </price>
  <rating>
   1.03
  </rating>
  <reviews>
   377515
  </reviews>
  <new>
   -
  </new>
  <sporty>
   yes
  </sporty>
 </clothing>
 <clothing>
  <id>
   578255712
  </id>
  <name>
   Brooks Shoes W-1522
  </name>
  <category>
   Shoes
  </category>
  <size>
   L
  </size>
  <color>
   Оранжевый
  </color>
  <material>
   Полиэстер
  </material>
  <price>
   701129
  </price>
  <rating>
   4.66
  </rating>
  <reviews>
   455875
  </reviews>
  <new>
   +
  </new>
  <sporty>
   no
  </sporty>
 </clothing>
</clothing-items>
