<?xml version="1.0" encoding="utf-8"?>
<clothing-items>
 <clothing>
  <id>
   887241822
  </id>
  <name>
   DC Belts H-3821
  </name>
  <category>
   Belts
  </category>
  <size>
   L
  </size>
  <color>
   Синий
  </color>
  <material>
   Шерсть
  </material>
  <price>
   882306
  </price>
  <rating>
   2.58
  </rating>
  <reviews>
   517152
  </reviews>
  <new>
   +
  </new>
  <exclusive>
   yes
  </exclusive>
  <sporty>
   no
  </sporty>
 </clothing>
 <clothing>
  <id>
   729040261
  </id>
  <name>
   Addidas Handbags F-7105
  </name>
  <category>
   Handbags
  </category>
  <size>
   M
  </size>
  <color>
   Красный
  </color>
  <material>
   Полиэстер
  </material>
  <price>
   720406
  </price>
  <rating>
   1.68
  </rating>
  <reviews>
   123657
  </reviews>
  <exclusive>
   no
  </exclusive>
 </clothing>
 <clothing>
  <id>
   421978535
  </id>
  <name>
   Nike Gloves A-3636
  </name>
  <category>
   Gloves
  </category>
  <size>
   S
  </size>
  <color>
   Синий
  </color>
  <material>
   Полиэстер
  </material>
  <price>
   528867
  </price>
  <rating>
   4.58
  </rating>
  <reviews>
   805959
  </reviews>
  <new>
   -
  </new>
  <sporty>
   no
  </sporty>
 </clothing>
 <clothing>
  <id>
   906866906
  </id>
  <name>
   Under Armour T-shirt S-8240
  </name>
  <category>
   T-shirt
  </category>
  <size>
   M
  </size>
  <color>
   Оранжевый
  </color>
  <material>
   Шелк
  </material>
  <price>
   384195
  </price>
  <rating>
   4.71
  </rating>
  <reviews>
   509424
  </reviews>
  <exclusive>
   no
  </exclusive>
 </clothing>
 <clothing>
  <id>
   387986339
  </id>
  <name>
   Ellesse Blouse W-5911
  </name>
  <category>
   Blouse
  </category>
  <size>
   XXL
  </size>
  <color>
   Синий
  </color>
  <material>
   Лен
  </material>
  <price>
   623492
  </price>
  <rating>
   2.22
  </rating>
  <reviews>
   70282
  </reviews>
  <exclusive>
   yes
  </exclusive>
  <sporty>
   no
  </sporty>
 </clothing>
 <clothing>
  <id>
   876901447
  </id>
  <name>
   Adidas Socks H-9666
  </name>
  <category>
   Socks
  </category>
  <size>
   M
  </size>
  <color>
   Голубой
  </color>
  <material>
   Нейлон
  </material>
  <price>
   306331
  </price>
  <rating>
   4.49
  </rating>
  <reviews>
   584230
  </reviews>
  <exclusive>
   yes
  </exclusive>
 </clothing>
 <clothing>
  <id>
   410809279
  </id>
  <name>
   Asics Blouse G-3557
  </name>
  <category>
   Blouse
  </category>
  <size>
   XXL
  </size>
  <color>
   Фиолетовый
  </color>
  <material>
   Нейлон
  </material>
  <price>
   764552
  </price>
  <rating>
   2.38
  </rating>
  <reviews>
   825037
  </reviews>
  <exclusive>
   no
  </exclusive>
  <sporty>
   yes
  </sporty>
 </clothing>
 <clothing>
  <id>
   217422789
  </id>
  <name>
   Puma Shoes X-8913
  </name>
  <category>
   Shoes
  </category>
  <size>
   L
  </size>
  <color>
   Фиолетовый
  </color>
  <material>
   Шерсть
  </material>
  <price>
   365087
  </price>
  <rating>
   3.85
  </rating>
  <reviews>
   698752
  </reviews>
  <new>
   -
  </new>
  <exclusive>
   no
  </exclusive>
  <sporty>
   no
  </sporty>
 </clothing>
 <clothing>
  <id>
   838829668
  </id>
  <name>
   Converse Blouse K-9321
  </name>
  <category>
   Blouse
  </category>
  <size>
   L
  </size>
  <color>
   Голубой
  </color>
  <material>
   Вискоза
  </material>
  <price>
   118065
  </price>
  <rating>
   3.53
  </rating>
  <reviews>
   233783
  </reviews>
  <exclusive>
   no
  </exclusive>
 </clothing>
 <clothing>
  <id>
   520120283
  </id>
  <name>
   Addidas Pants I-4104
  </name>
  <category>
   Pants
  </category>
  <size>
   M
  </size>
  <color>
   Фиолетовый
  </color>
  <material>
   Вискоза
  </material>
  <price>
   901205
  </price>
  <rating>
   4.73
  </rating>
  <reviews>
   822863
  </reviews>
  <exclusive>
   yes
  </exclusive>
  <sporty>
   yes
  </sporty>
 </clothing>
 <clothing>
  <id>
   485839597
  </id>
  <name>
   Reebok Jeans K-3500
  </name>
  <category>
   Jeans
  </category>
  <size>
   L
  </size>
  <color>
   Красный
  </color>
  <material>
   Кожа
  </material>
  <price>
   656731
  </price>
  <rating>
   4.11
  </rating>
  <reviews>
   684975
  </reviews>
  <sporty>
   no
  </sporty>
 </clothing>
 <clothing>
  <id>
   508476663
  </id>
  <name>
   Under Armour Pants A-2808
  </name>
  <category>
   Pants
  </category>
  <size>
   M
  </size>
  <color>
   Оранжевый
  </color>
  <material>
   Хлопок
  </material>
  <price>
   633223
  </price>
  <rating>
   2.94
  </rating>
  <reviews>
   254151
  </reviews>
  <new>
   -
  </new>
  <exclusive>
   no
  </exclusive>
 </clothing>
 <clothing>
  <id>
   865707498
  </id>
  <name>
   Under Armour Blouse L-2915
  </name>
  <category>
   Blouse
  </category>
  <size>
   S
  </size>
  <color>
   Желтый
  </color>
  <material>
   Нейлон
  </material>
  <price>
   972222
  </price>
  <rating>
   4.0
  </rating>
  <reviews>
   950893
  </reviews>
  <new>
   -
  </new>
 </clothing>
 <clothing>
  <id>
   786495210
  </id>
  <name>
   Puma Jeans T-6473
  </name>
  <category>
   Jeans
  </category>
  <size>
   S
  </size>
  <color>
   Фиолетовый
  </color>
  <material>
   Лен
  </material>
  <price>
   461511
  </price>
  <rating>
   1.89
  </rating>
  <reviews>
   312585
  </reviews>
  <new>
   -
  </new>
  <exclusive>
   no
  </exclusive>
 </clothing>
 <clothing>
  <id>
   577591054
  </id>
  <name>
   Vans Sweater Q-9906
  </name>
  <category>
   Sweater
  </category>
  <size>
   XXL
  </size>
  <color>
   Зеленый
  </color>
  <material>
   Кожа
  </material>
  <price>
   643711
  </price>
  <rating>
   1.99
  </rating>
  <reviews>
   237015
  </reviews>
  <new>
   -
  </new>
  <exclusive>
   no
  </exclusive>
 </clothing>
 <clothing>
  <id>
   857634050
  </id>
  <name>
   Ellesse Pants Q-6335
  </name>
  <category>
   Pants
  </category>
  <size>
   L
  </size>
  <color>
   Оранжевый
  </color>
  <material>
   Нейлон
  </material>
  <price>
   959345
  </price>
  <rating>
   4.04
  </rating>
  <reviews>
   187596
  </reviews>
  <new>
   +
  </new>
 </clothing>
 <clothing>
  <id>
   621858556
  </id>
  <name>
   Adidas Jacket I-6156
  </name>
  <category>
   Jacket
  </category>
  <size>
   S
  </size>
  <color>
   Фиолетовый
  </color>
  <material>
   Шелк
  </material>
  <price>
   917838
  </price>
  <rating>
   1.9
  </rating>
  <reviews>
   99442
  </reviews>
 </clothing>
 <clothing>
  <id>
   540398921
  </id>
  <name>
   Lacoste Blouse W-7746
  </name>
  <category>
   Blouse
  </category>
  <size>
   XL
  </size>
  <color>
   Голубой
  </color>
  <material>
   Вискоза
  </material>
  <price>
   507618
  </price>
  <rating>
   2.99
  </rating>
  <reviews>
   27379
  </reviews>
  <exclusive>
   yes
  </exclusive>
  <sporty>
   no
  </sporty>
 </clothing>
 <clothing>
  <id>
   499981601
  </id>
  <name>
   Puma Pants O-6246
  </name>
  <category>
   Pants
  </category>
  <size>
   M
  </size>
  <color>
   Синий
  </color>
  <material>
   Хлопок
  </material>
  <price>
   632156
  </price>
  <rating>
   4.81
  </rating>
  <reviews>
   588647
  </reviews>
  <new>
   -
  </new>
  <exclusive>
   yes
  </exclusive>
 </clothing>
 <clothing>
  <id>
   787771356
  </id>
  <name>
   Adidas Handbags Y-9478
  </name>
  <category>
   Handbags
  </category>
  <size>
   M
  </size>
  <color>
   Оранжевый
  </color>
  <material>
   Шелк
  </material>
  <price>
   442886
  </price>
  <rating>
   4.4
  </rating>
  <reviews>
   423308
  </reviews>
  <sporty>
   no
  </sporty>
 </clothing>
 <clothing>
  <id>
   756071218
  </id>
  <name>
   New Balance Shirt N-8287
  </name>
  <category>
   Shirt
  </category>
  <size>
   XXL
  </size>
  <color>
   Голубой
  </color>
  <material>
   Шерсть
  </material>
  <price>
   959283
  </price>
  <rating>
   3.52
  </rating>
  <reviews>
   217614
  </reviews>
  <new>
   -
  </new>
  <exclusive>
   yes
  </exclusive>
 </clothing>
 <clothing>
  <id>
   925204627
  </id>
  <name>
   Under Armour Pants H-1896
  </name>
  <category>
   Pants
  </category>
  <size>
   M
  </size>
  <color>
   Зеленый
  </color>
  <material>
   Нейлон
  </material>
  <price>
   496876
  </price>
  <rating>
   2.74
  </rating>
  <reviews>
   264050
  </reviews>
  <sporty>
   no
  </sporty>
 </clothing>
 <clothing>
  <id>
   671499397
  </id>
  <name>
   Brooks Pants T-2982
  </name>
  <category>
   Pants
  </category>
  <size>
   XL
  </size>
  <color>
   Желтый
  </color>
  <material>
   Шелк
  </material>
  <price>
   730435
  </price>
  <rating>
   3.0
  </rating>
  <reviews>
   305650
  </reviews>
  <new>
   +
  </new>
  <sporty>
   no
  </sporty>
 </clothing>
 <clothing>
  <id>
   511728348
  </id>
  <name>
   Lacoste Sweater T-6169
  </name>
  <category>
   Sweater
  </category>
  <size>
   XL
  </size>
  <color>
   Красный
  </color>
  <material>
   Шерсть
  </material>
  <price>
   226147
  </price>
  <rating>
   1.32
  </rating>
  <reviews>
   217587
  </reviews>
  <new>
   +
  </new>
  <sporty>
   yes
  </sporty>
 </clothing>
 <clothing>
  <id>
   629841474
  </id>
  <name>
   Fila Belts A-3474
  </name>
  <category>
   Belts
  </category>
  <size>
   XL
  </size>
  <color>
   Синий
  </color>
  <material>
   Шерсть
  </material>
  <price>
   477310
  </price>
  <rating>
   3.1
  </rating>
  <reviews>
   214867
  </reviews>
  <new>
   +
  </new>
  <exclusive>
   no
  </exclusive>
 </clothing>
 <clothing>
  <id>
   866643672
  </id>
  <name>
   Addidas T-shirt S-5390
  </name>
  <category>
   T-shirt
  </category>
  <size>
   L
  </size>
  <color>
   Синий
  </color>
  <material>
   Лен
  </material>
  <price>
   529087
  </price>
  <rating>
   3.32
  </rating>
  <reviews>
   735078
  </reviews>
  <new>
   +
  </new>
  <exclusive>
   yes
  </exclusive>
 </clothing>
 <clothing>
  <id>
   573717854
  </id>
  <name>
   Ellesse Jacket D-9694
  </name>
  <category>
   Jacket
  </category>
  <size>
   XXL
  </size>
  <color>
   Фиолетовый
  </color>
  <material>
   Вискоза
  </material>
  <price>
   552218
  </price>
  <rating>
   3.97
  </rating>
  <reviews>
   186052
  </reviews>
  <new>
   -
  </new>
  <exclusive>
   yes
  </exclusive>
 </clothing>
 <clothing>
  <id>
   890215729
  </id>
  <name>
   Adidas Pants S-3439
  </name>
  <category>
   Pants
  </category>
  <size>
   S
  </size>
  <color>
   Фиолетовый
  </color>
  <material>
   Полиэстер
  </material>
  <price>
   888720
  </price>
  <rating>
   1.26
  </rating>
  <reviews>
   23916
  </reviews>
  <sporty>
   no
  </sporty>
 </clothing>
 <clothing>
  <id>
   642469301
  </id>
  <name>
   DC Blouse T-7351
  </name>
  <category>
   Blouse
  </category>
  <size>
   S
  </size>
  <color>
   Синий
  </color>
  <material>
   Полиэстер
  </material>
  <price>
   985041
  </price>
  <rating>
   1.34
  </rating>
  <reviews>
   677600
  </reviews>
  <new>
   -
  </new>
  <exclusive>
   yes
  </exclusive>
 </clothing>
 <clothing>
  <id>
   347231661
  </id>
  <name>
   New Balance Sweater A-6619
  </name>
  <category>
   Sweater
  </category>
  <size>
   XXL
  </size>
  <color>
   Голубой
  </color>
  <material>
   Нейлон
  </material>
  <price>
   287098
  </price>
  <rating>
   1.42
  </rating>
  <reviews>
   773073
  </reviews>
 </clothing>
 <clothing>
  <id>
   999995884
  </id>
  <name>
   Fila Blouse R-8904
  </name>
  <category>
   Blouse
  </category>
  <size>
   S
  </size>
  <color>
   Синий
  </color>
  <material>
   Вискоза
  </material>
  <price>
   679700
  </price>
  <rating>
   3.42
  </rating>
  <reviews>
   974618
  </reviews>
  <new>
   -
  </new>
 </clothing>
 <clothing>
  <id>
   385510093
  </id>
  <name>
   Vans Skirt P-1736
  </name>
  <category>
   Skirt
  </category>
  <size>
   S
  </size>
  <color>
   Желтый
  </color>
  <material>
   Кожа
  </material>
  <price>
   980104
  </price>
  <rating>
   1.4
  </rating>
  <reviews>
   161828
  </reviews>
  <new>
   -
  </new>
  <exclusive>
   yes
  </exclusive>
  <sporty>
   no
  </sporty>
 </clothing>
 <clothing>
  <id>
   885533606
  </id>
  <name>
   Converse Handbags V-5907
  </name>
  <category>
   Handbags
  </category>
  <size>
   L
  </size>
  <color>
   Голубой
  </color>
  <material>
   Кожа
  </material>
  <price>
   317758
  </price>
  <rating>
   3.73
  </rating>
  <reviews>
   524747
  </reviews>
  <exclusive>
   no
  </exclusive>
 </clothing>
 <clothing>
  <id>
   988564921
  </id>
  <name>
   Adidas Belts K-3883
  </name>
  <category>
   Belts
  </category>
  <size>
   M
  </size>
  <color>
   Зеленый
  </color>
  <material>
   Хлопок
  </material>
  <price>
   856665
  </price>
  <rating>
   4.99
  </rating>
  <reviews>
   687103
  </reviews>
 </clothing>
 <clothing>
  <id>
   558061797
  </id>
  <name>
   Reebok Gloves Z-9624
  </name>
  <category>
   Gloves
  </category>
  <size>
   XL
  </size>
  <color>
   Желтый
  </color>
  <material>
   Вискоза
  </material>
  <price>
   745026
  </price>
  <rating>
   4.64
  </rating>
  <reviews>
   204500
  </reviews>
  <new>
   -
  </new>
 </clothing>
 <clothing>
  <id>
   776003827
  </id>
  <name>
   Adidas Shoes D-4336
  </name>
  <category>
   Shoes
  </category>
  <size>
   L
  </size>
  <color>
   Зеленый
  </color>
  <material>
   Шелк
  </material>
  <price>
   421916
  </price>
  <rating>
   2.25
  </rating>
  <reviews>
   734100
  </reviews>
  <new>
   -
  </new>
  <exclusive>
   yes
  </exclusive>
 </clothing>
 <clothing>
  <id>
   298656041
  </id>
  <name>
   New Balance Jeans X-6975
  </name>
  <category>
   Jeans
  </category>
  <size>
   XXL
  </size>
  <color>
   Оранжевый
  </color>
  <material>
   Кожа
  </material>
  <price>
   694487
  </price>
  <rating>
   4.36
  </rating>
  <reviews>
   12160
  </reviews>
  <exclusive>
   no
  </exclusive>
  <sporty>
   no
  </sporty>
 </clothing>
 <clothing>
  <id>
   144989952
  </id>
  <name>
   Ellesse Dress M-3961
  </name>
  <category>
   Dress
  </category>
  <size>
   S
  </size>
  <color>
   Желтый
  </color>
  <material>
   Хлопок
  </material>
  <price>
   800996
  </price>
  <rating>
   2.07
  </rating>
  <reviews>
   212982
  </reviews>
  <sporty>
   yes
  </sporty>
 </clothing>
 <clothing>
  <id>
   727148522
  </id>
  <name>
   Under Armour Jeans L-1256
  </name>
  <category>
   Jeans
  </category>
  <size>
   L
  </size>
  <color>
   Красный
  </color>
  <material>
   Шелк
  </material>
  <price>
   547018
  </price>
  <rating>
   3.58
  </rating>
  <reviews>
   208859
  </reviews>
  <new>
   -
  </new>
 </clothing>
 <clothing>
  <id>
   747737858
  </id>
  <name>
   Vans Belts Q-4095
  </name>
  <category>
   Belts
  </category>
  <size>
   XXL
  </size>
  <color>
   Фиолетовый
  </color>
  <material>
   Лен
  </material>
  <price>
   686427
  </price>
  <rating>
   4.74
  </rating>
  <reviews>
   977196
  </reviews>
  <exclusive>
   no
  </exclusive>
 </clothing>
 <clothing>
  <id>
   368015485
  </id>
  <name>
   Lacoste T-shirt F-7046
  </name>
  <category>
   T-shirt
  </category>
  <size>
   L
  </size>
  <color>
   Оранжевый
  </color>
  <material>
   Шелк
  </material>
  <price>
   412296
  </price>
  <rating>
   4.44
  </rating>
  <reviews>
   632274
  </reviews>
  <new>
   -
  </new>
  <exclusive>
   no
  </exclusive>
 </clothing>
 <clothing>
  <id>
   894900712
  </id>
  <name>
   DC T-shirt X-2934
  </name>
  <category>
   T-shirt
  </category>
  <size>
   M
  </size>
  <color>
   Голубой
  </color>
  <material>
   Вискоза
  </material>
  <price>
   285231
  </price>
  <rating>
   4.82
  </rating>
  <reviews>
   722096
  </reviews>
  <new>
   +
  </new>
  <exclusive>
   yes
  </exclusive>
 </clothing>
 <clothing>
  <id>
   317251043
  </id>
  <name>
   Reebok Shoes D-6654
  </name>
  <category>
   Shoes
  </category>
  <size>
   XL
  </size>
  <color>
   Оранжевый
  </color>
  <material>
   Хлопок
  </material>
  <price>
   153960
  </price>
  <rating>
   3.65
  </rating>
  <reviews>
   154130
  </reviews>
  <new>
   -
  </new>
  <exclusive>
   no
  </exclusive>
  <sporty>
   no
  </sporty>
 </clothing>
 <clothing>
  <id>
   387565833
  </id>
  <name>
   Lacoste Socks V-8970
  </name>
  <category>
   Socks
  </category>
  <size>
   S
  </size>
  <color>
   Синий
  </color>
  <material>
   Нейлон
  </material>
  <price>
   485878
  </price>
  <rating>
   2.59
  </rating>
  <reviews>
   77561
  </reviews>
  <exclusive>
   no
  </exclusive>
  <sporty>
   no
  </sporty>
 </clothing>
 <clothing>
  <id>
   537949419
  </id>
  <name>
   Fila Gloves G-1912
  </name>
  <category>
   Gloves
  </category>
  <size>
   M
  </size>
  <color>
   Фиолетовый
  </color>
  <material>
   Кожа
  </material>
  <price>
   239496
  </price>
  <rating>
   4.94
  </rating>
  <reviews>
   451873
  </reviews>
  <new>
   -
  </new>
  <sporty>
   yes
  </sporty>
 </clothing>
</clothing-items>
