<?xml version="1.0" encoding="utf-8"?>
<clothing-items>
 <clothing>
  <id>
   402732214
  </id>
  <name>
   Reebok Socks J-3774
  </name>
  <category>
   Socks
  </category>
  <size>
   S
  </size>
  <color>
   Синий
  </color>
  <material>
   Кожа
  </material>
  <price>
   272527
  </price>
  <rating>
   2.5
  </rating>
  <reviews>
   531288
  </reviews>
 </clothing>
 <clothing>
  <id>
   928089478
  </id>
  <name>
   Converse Belts H-5038
  </name>
  <category>
   Belts
  </category>
  <size>
   S
  </size>
  <color>
   Голубой
  </color>
  <material>
   Кожа
  </material>
  <price>
   793116
  </price>
  <rating>
   2.66
  </rating>
  <reviews>
   996977
  </reviews>
  <new>
   -
  </new>
  <exclusive>
   no
  </exclusive>
 </clothing>
 <clothing>
  <id>
   320512881
  </id>
  <name>
   Lacoste Pants M-9878
  </name>
  <category>
   Pants
  </category>
  <size>
   S
  </size>
  <color>
   Голубой
  </color>
  <material>
   Кожа
  </material>
  <price>
   603337
  </price>
  <rating>
   4.7
  </rating>
  <reviews>
   454043
  </reviews>
  <new>
   +
  </new>
 </clothing>
 <clothing>
  <id>
   296862856
  </id>
  <name>
   Under Armour Hat E-2399
  </name>
  <category>
   Hat
  </category>
  <size>
   S
  </size>
  <color>
   Желтый
  </color>
  <material>
   Шерсть
  </material>
  <price>
   421280
  </price>
  <rating>
   3.58
  </rating>
  <reviews>
   422263
  </reviews>
  <new>
   -
  </new>
  <exclusive>
   yes
  </exclusive>
  <sporty>
   no
  </sporty>
 </clothing>
 <clothing>
  <id>
   383617002
  </id>
  <name>
   Ellesse Shirt Z-9173
  </name>
  <category>
   Shirt
  </category>
  <size>
   XXL
  </size>
  <color>
   Красный
  </color>
  <material>
   Вискоза
  </material>
  <price>
   268065
  </price>
  <rating>
   3.28
  </rating>
  <reviews>
   37992
  </reviews>
  <new>
   -
  </new>
  <exclusive>
   yes
  </exclusive>
  <sporty>
   no
  </sporty>
 </clothing>
 <clothing>
  <id>
   723782974
  </id>
  <name>
   Vans Jeans Q-9712
  </name>
  <category>
   Jeans
  </category>
  <size>
   L
  </size>
  <color>
   Красный
  </color>
  <material>
   Кожа
  </material>
  <price>
   880918
  </price>
  <rating>
   3.64
  </rating>
  <reviews>
   72840
  </reviews>
  <new>
   -
  </new>
  <exclusive>
   no
  </exclusive>
 </clothing>
 <clothing>
  <id>
   238990964
  </id>
  <name>
   Puma Skirt H-6882
  </name>
  <category>
   Skirt
  </category>
  <size>
   XL
  </size>
  <color>
   Синий
  </color>
  <material>
   Вискоза
  </material>
  <price>
   446749
  </price>
  <rating>
   1.96
  </rating>
  <reviews>
   890338
  </reviews>
  <new>
   +
  </new>
 </clothing>
 <clothing>
  <id>
   216278752
  </id>
  <name>
   New Balance Shirt W-4796
  </name>
  <category>
   Shirt
  </category>
  <size>
   XL
  </size>
  <color>
   Голубой
  </color>
  <material>
   Лен
  </material>
  <price>
   401907
  </price>
  <rating>
   4.78
  </rating>
  <reviews>
   73460
  </reviews>
 </clothing>
 <clothing>
  <id>
   579254109
  </id>
  <name>
   Nike Belts P-2981
  </name>
  <category>
   Belts
  </category>
  <size>
   M
  </size>
  <color>
   Голубой
  </color>
  <material>
   Нейлон
  </material>
  <price>
   183773
  </price>
  <rating>
   4.14
  </rating>
  <reviews>
   862679
  </reviews>
  <new>
   -
  </new>
  <exclusive>
   no
  </exclusive>
 </clothing>
 <clothing>
  <id>
   345506496
  </id>
  <name>
   Asics Shirt H-1732
  </name>
  <category>
   Shirt
  </category>
  <size>
   L
  </size>
  <color>
   Оранжевый
  </color>
  <material>
   Вискоза
  </material>
  <price>
   515318
  </price>
  <rating>
   3.46
  </rating>
  <reviews>
   454700
  </reviews>
  <new>
   +
  </new>
  <sporty>
   no
  </sporty>
 </clothing>
 <clothing>
  <id>
   742515989
  </id>
  <name>
   Asics Skirt K-8957
  </name>
  <category>
   Skirt
  </category>
  <size>
   L
  </size>
  <color>
   Зеленый
  </color>
  <material>
   Лен
  </material>
  <price>
   302789
  </price>
  <rating>
   3.79
  </rating>
  <reviews>
   378481
  </reviews>
  <new>
   -
  </new>
  <sporty>
   yes
  </sporty>
 </clothing>
 <clothing>
  <id>
   234276058
  </id>
  <name>
   Adidas T-shirt Q-1674
  </name>
  <category>
   T-shirt
  </category>
  <size>
   S
  </size>
  <color>
   Красный
  </color>
  <material>
   Лен
  </material>
  <price>
   981257
  </price>
  <rating>
   4.2
  </rating>
  <reviews>
   986446
  </reviews>
  <new>
   -
  </new>
  <exclusive>
   no
  </exclusive>
  <sporty>
   no
  </sporty>
 </clothing>
 <clothing>
  <id>
   579779722
  </id>
  <name>
   Brooks Hat V-7221
  </name>
  <category>
   Hat
  </category>
  <size>
   M
  </size>
  <color>
   Оранжевый
  </color>
  <material>
   Полиэстер
  </material>
  <price>
   733474
  </price>
  <rating>
   1.27
  </rating>
  <reviews>
   756188
  </reviews>
  <sporty>
   no
  </sporty>
 </clothing>
 <clothing>
  <id>
   111505081
  </id>
  <name>
   Nike Jacket I-4981
  </name>
  <category>
   Jacket
  </category>
  <size>
   M
  </size>
  <color>
   Зеленый
  </color>
  <material>
   Шерсть
  </material>
  <price>
   635161
  </price>
  <rating>
   3.18
  </rating>
  <reviews>
   265906
  </reviews>
  <exclusive>
   no
  </exclusive>
 </clothing>
 <clothing>
  <id>
   851008527
  </id>
  <name>
   Puma Shoes K-1586
  </name>
  <category>
   Shoes
  </category>
  <size>
   L
  </size>
  <color>
   Голубой
  </color>
  <material>
   Хлопок
  </material>
  <price>
   224323
  </price>
  <rating>
   1.96
  </rating>
  <reviews>
   854361
  </reviews>
  <sporty>
   no
  </sporty>
 </clothing>
 <clothing>
  <id>
   126125226
  </id>
  <name>
   Ellesse Skirt U-5410
  </name>
  <category>
   Skirt
  </category>
  <size>
   L
  </size>
  <color>
   Голубой
  </color>
  <material>
   Шелк
  </material>
  <price>
   614955
  </price>
  <rating>
   3.4
  </rating>
  <reviews>
   585088
  </reviews>
  <new>
   -
  </new>
  <exclusive>
   yes
  </exclusive>
  <sporty>
   yes
  </sporty>
 </clothing>
 <clothing>
  <id>
   660807275
  </id>
  <name>
   Addidas Shoes S-4537
  </name>
  <category>
   Shoes
  </category>
  <size>
   XL
  </size>
  <color>
   Желтый
  </color>
  <material>
   Шелк
  </material>
  <price>
   334228
  </price>
  <rating>
   1.46
  </rating>
  <reviews>
   478072
  </reviews>
  <new>
   -
  </new>
  <sporty>
   no
  </sporty>
 </clothing>
 <clothing>
  <id>
   528512895
  </id>
  <name>
   Nike Hat V-5654
  </name>
  <category>
   Hat
  </category>
  <size>
   XXL
  </size>
  <color>
   Синий
  </color>
  <material>
   Лен
  </material>
  <price>
   711800
  </price>
  <rating>
   3.48
  </rating>
  <reviews>
   258150
  </reviews>
  <new>
   -
  </new>
  <exclusive>
   no
  </exclusive>
  <sporty>
   yes
  </sporty>
 </clothing>
 <clothing>
  <id>
   301884397
  </id>
  <name>
   Puma Dress D-6800
  </name>
  <category>
   Dress
  </category>
  <size>
   M
  </size>
  <color>
   Красный
  </color>
  <material>
   Шерсть
  </material>
  <price>
   361773
  </price>
  <rating>
   2.36
  </rating>
  <reviews>
   147963
  </reviews>
  <new>
   +
  </new>
  <exclusive>
   no
  </exclusive>
  <sporty>
   no
  </sporty>
 </clothing>
 <clothing>
  <id>
   237622723
  </id>
  <name>
   New Balance Gloves J-9001
  </name>
  <category>
   Gloves
  </category>
  <size>
   XL
  </size>
  <color>
   Красный
  </color>
  <material>
   Нейлон
  </material>
  <price>
   487566
  </price>
  <rating>
   1.49
  </rating>
  <reviews>
   990991
  </reviews>
  <exclusive>
   no
  </exclusive>
  <sporty>
   yes
  </sporty>
 </clothing>
 <clothing>
  <id>
   907861960
  </id>
  <name>
   Vans Dress V-1309
  </name>
  <category>
   Dress
  </category>
  <size>
   M
  </size>
  <color>
   Желтый
  </color>
  <material>
   Кожа
  </material>
  <price>
   603384
  </price>
  <rating>
   3.55
  </rating>
  <reviews>
   169036
  </reviews>
  <new>
   -
  </new>
  <exclusive>
   yes
  </exclusive>
 </clothing>
 <clothing>
  <id>
   780646003
  </id>
  <name>
   Reebok Skirt R-5997
  </name>
  <category>
   Skirt
  </category>
  <size>
   M
  </size>
  <color>
   Красный
  </color>
  <material>
   Кожа
  </material>
  <price>
   752046
  </price>
  <rating>
   2.23
  </rating>
  <reviews>
   167775
  </reviews>
  <new>
   +
  </new>
 </clothing>
</clothing-items>
