<?xml version="1.0" encoding="utf-8"?>
<clothing-items>
 <clothing>
  <id>
   270444298
  </id>
  <name>
   Ellesse Skirt D-2079
  </name>
  <category>
   Skirt
  </category>
  <size>
   S
  </size>
  <color>
   Синий
  </color>
  <material>
   Шелк
  </material>
  <price>
   619543
  </price>
  <rating>
   1.54
  </rating>
  <reviews>
   13248
  </reviews>
  <new>
   -
  </new>
  <exclusive>
   no
  </exclusive>
  <sporty>
   yes
  </sporty>
 </clothing>
 <clothing>
  <id>
   895444021
  </id>
  <name>
   Nike Skirt P-6736
  </name>
  <category>
   Skirt
  </category>
  <size>
   XL
  </size>
  <color>
   Зеленый
  </color>
  <material>
   Кожа
  </material>
  <price>
   281217
  </price>
  <rating>
   1.5
  </rating>
  <reviews>
   415805
  </reviews>
  <new>
   -
  </new>
  <sporty>
   yes
  </sporty>
 </clothing>
 <clothing>
  <id>
   527817980
  </id>
  <name>
   Adidas Umbrellas T-6490
  </name>
  <category>
   Umbrellas
  </category>
  <size>
   XXL
  </size>
  <color>
   Голубой
  </color>
  <material>
   Нейлон
  </material>
  <price>
   699470
  </price>
  <rating>
   3.82
  </rating>
  <reviews>
   279824
  </reviews>
  <new>
   +
  </new>
  <exclusive>
   no
  </exclusive>
 </clothing>
 <clothing>
  <id>
   120693228
  </id>
  <name>
   New Balance Shoes H-9541
  </name>
  <category>
   Shoes
  </category>
  <size>
   L
  </size>
  <color>
   Фиолетовый
  </color>
  <material>
   Нейлон
  </material>
  <price>
   396437
  </price>
  <rating>
   1.02
  </rating>
  <reviews>
   903836
  </reviews>
  <new>
   -
  </new>
  <exclusive>
   no
  </exclusive>
  <sporty>
   no
  </sporty>
 </clothing>
 <clothing>
  <id>
   858988026
  </id>
  <name>
   DC T-shirt K-6555
  </name>
  <category>
   T-shirt
  </category>
  <size>
   M
  </size>
  <color>
   Фиолетовый
  </color>
  <material>
   Шерсть
  </material>
  <price>
   505672
  </price>
  <rating>
   4.97
  </rating>
  <reviews>
   983533
  </reviews>
 </clothing>
 <clothing>
  <id>
   308512306
  </id>
  <name>
   Under Armour Socks P-3676
  </name>
  <category>
   Socks
  </category>
  <size>
   M
  </size>
  <color>
   Фиолетовый
  </color>
  <material>
   Вискоза
  </material>
  <price>
   287272
  </price>
  <rating>
   3.54
  </rating>
  <reviews>
   851230
  </reviews>
  <exclusive>
   yes
  </exclusive>
 </clothing>
 <clothing>
  <id>
   702402628
  </id>
  <name>
   DC T-shirt M-9471
  </name>
  <category>
   T-shirt
  </category>
  <size>
   XXL
  </size>
  <color>
   Голубой
  </color>
  <material>
   Кожа
  </material>
  <price>
   980336
  </price>
  <rating>
   1.03
  </rating>
  <reviews>
   24081
  </reviews>
  <new>
   -
  </new>
  <exclusive>
   no
  </exclusive>
  <sporty>
   yes
  </sporty>
 </clothing>
 <clothing>
  <id>
   957181815
  </id>
  <name>
   Under Armour Gloves O-4191
  </name>
  <category>
   Gloves
  </category>
  <size>
   M
  </size>
  <color>
   Красный
  </color>
  <material>
   Нейлон
  </material>
  <price>
   366093
  </price>
  <rating>
   2.78
  </rating>
  <reviews>
   328765
  </reviews>
  <new>
   -
  </new>
  <sporty>
   no
  </sporty>
 </clothing>
 <clothing>
  <id>
   938569839
  </id>
  <name>
   Ellesse Jacket W-5409
  </name>
  <category>
   Jacket
  </category>
  <size>
   S
  </size>
  <color>
   Оранжевый
  </color>
  <material>
   Лен
  </material>
  <price>
   489160
  </price>
  <rating>
   1.07
  </rating>
  <reviews>
   676620
  </reviews>
  <new>
   -
  </new>
  <exclusive>
   yes
  </exclusive>
  <sporty>
   yes
  </sporty>
 </clothing>
 <clothing>
  <id>
   835586555
  </id>
  <name>
   Nike Shoes U-4480
  </name>
  <category>
   Shoes
  </category>
  <size>
   XXL
  </size>
  <color>
   Оранжевый
  </color>
  <material>
   Шелк
  </material>
  <price>
   137778
  </price>
  <rating>
   4.77
  </rating>
  <reviews>
   505434
  </reviews>
  <exclusive>
   no
  </exclusive>
 </clothing>
 <clothing>
  <id>
   976358081
  </id>
  <name>
   New Balance Shoes Q-4922
  </name>
  <category>
   Shoes
  </category>
  <size>
   M
  </size>
  <color>
   Синий
  </color>
  <material>
   Лен
  </material>
  <price>
   452450
  </price>
  <rating>
   4.68
  </rating>
  <reviews>
   453501
  </reviews>
  <new>
   -
  </new>
 </clothing>
 <clothing>
  <id>
   354130136
  </id>
  <name>
   Converse Umbrellas V-4565
  </name>
  <category>
   Umbrellas
  </category>
  <size>
   XL
  </size>
  <color>
   Зеленый
  </color>
  <material>
   Нейлон
  </material>
  <price>
   947394
  </price>
  <rating>
   1.8
  </rating>
  <reviews>
   926026
  </reviews>
  <new>
   -
  </new>
  <sporty>
   yes
  </sporty>
 </clothing>
 <clothing>
  <id>
   901317094
  </id>
  <name>
   Addidas Shirt S-2407
  </name>
  <category>
   Shirt
  </category>
  <size>
   XXL
  </size>
  <color>
   Желтый
  </color>
  <material>
   Шерсть
  </material>
  <price>
   998076
  </price>
  <rating>
   1.65
  </rating>
  <reviews>
   614971
  </reviews>
 </clothing>
 <clothing>
  <id>
   611475313
  </id>
  <name>
   Addidas Shirt Q-7339
  </name>
  <category>
   Shirt
  </category>
  <size>
   M
  </size>
  <color>
   Желтый
  </color>
  <material>
   Шелк
  </material>
  <price>
   730268
  </price>
  <rating>
   3.37
  </rating>
  <reviews>
   506018
  </reviews>
  <exclusive>
   yes
  </exclusive>
 </clothing>
 <clothing>
  <id>
   449659584
  </id>
  <name>
   Converse Shirt G-9104
  </name>
  <category>
   Shirt
  </category>
  <size>
   S
  </size>
  <color>
   Красный
  </color>
  <material>
   Шерсть
  </material>
  <price>
   439774
  </price>
  <rating>
   1.26
  </rating>
  <reviews>
   215586
  </reviews>
  <new>
   -
  </new>
  <exclusive>
   no
  </exclusive>
 </clothing>
 <clothing>
  <id>
   491655778
  </id>
  <name>
   Ellesse Handbags L-6272
  </name>
  <category>
   Handbags
  </category>
  <size>
   XL
  </size>
  <color>
   Синий
  </color>
  <material>
   Полиэстер
  </material>
  <price>
   834949
  </price>
  <rating>
   4.3
  </rating>
  <reviews>
   498527
  </reviews>
  <new>
   -
  </new>
  <exclusive>
   no
  </exclusive>
  <sporty>
   yes
  </sporty>
 </clothing>
 <clothing>
  <id>
   660526055
  </id>
  <name>
   Fila Gloves D-6983
  </name>
  <category>
   Gloves
  </category>
  <size>
   M
  </size>
  <color>
   Желтый
  </color>
  <material>
   Шерсть
  </material>
  <price>
   227345
  </price>
  <rating>
   2.88
  </rating>
  <reviews>
   263611
  </reviews>
  <new>
   -
  </new>
  <exclusive>
   no
  </exclusive>
  <sporty>
   no
  </sporty>
 </clothing>
 <clothing>
  <id>
   838838165
  </id>
  <name>
   Ellesse Jacket H-6661
  </name>
  <category>
   Jacket
  </category>
  <size>
   L
  </size>
  <color>
   Синий
  </color>
  <material>
   Вискоза
  </material>
  <price>
   705432
  </price>
  <rating>
   1.12
  </rating>
  <reviews>
   916993
  </reviews>
  <new>
   +
  </new>
  <exclusive>
   no
  </exclusive>
  <sporty>
   yes
  </sporty>
 </clothing>
 <clothing>
  <id>
   116380208
  </id>
  <name>
   Lacoste Shirt X-9741
  </name>
  <category>
   Shirt
  </category>
  <size>
   S
  </size>
  <color>
   Фиолетовый
  </color>
  <material>
   Лен
  </material>
  <price>
   782766
  </price>
  <rating>
   3.31
  </rating>
  <reviews>
   761783
  </reviews>
  <new>
   +
  </new>
  <exclusive>
   yes
  </exclusive>
  <sporty>
   no
  </sporty>
 </clothing>
 <clothing>
  <id>
   543704643
  </id>
  <name>
   Adidas Gloves O-8057
  </name>
  <category>
   Gloves
  </category>
  <size>
   M
  </size>
  <color>
   Фиолетовый
  </color>
  <material>
   Хлопок
  </material>
  <price>
   982291
  </price>
  <rating>
   1.31
  </rating>
  <reviews>
   513609
  </reviews>
  <new>
   -
  </new>
  <exclusive>
   no
  </exclusive>
  <sporty>
   yes
  </sporty>
 </clothing>
 <clothing>
  <id>
   413237303
  </id>
  <name>
   Puma T-shirt Q-3800
  </name>
  <category>
   T-shirt
  </category>
  <size>
   M
  </size>
  <color>
   Зеленый
  </color>
  <material>
   Вискоза
  </material>
  <price>
   296428
  </price>
  <rating>
   1.63
  </rating>
  <reviews>
   723239
  </reviews>
  <new>
   +
  </new>
  <exclusive>
   no
  </exclusive>
  <sporty>
   yes
  </sporty>
 </clothing>
 <clothing>
  <id>
   104062883
  </id>
  <name>
   Asics Gloves T-2185
  </name>
  <category>
   Gloves
  </category>
  <size>
   S
  </size>
  <color>
   Синий
  </color>
  <material>
   Кожа
  </material>
  <price>
   417207
  </price>
  <rating>
   3.78
  </rating>
  <reviews>
   989654
  </reviews>
  <new>
   +
  </new>
  <exclusive>
   yes
  </exclusive>
 </clothing>
 <clothing>
  <id>
   908078746
  </id>
  <name>
   Puma Jeans V-3108
  </name>
  <category>
   Jeans
  </category>
  <size>
   L
  </size>
  <color>
   Оранжевый
  </color>
  <material>
   Кожа
  </material>
  <price>
   405879
  </price>
  <rating>
   3.92
  </rating>
  <reviews>
   985644
  </reviews>
  <exclusive>
   no
  </exclusive>
 </clothing>
 <clothing>
  <id>
   838194478
  </id>
  <name>
   Fila Umbrellas S-3152
  </name>
  <category>
   Umbrellas
  </category>
  <size>
   L
  </size>
  <color>
   Зеленый
  </color>
  <material>
   Кожа
  </material>
  <price>
   391849
  </price>
  <rating>
   1.01
  </rating>
  <reviews>
   48358
  </reviews>
  <new>
   -
  </new>
  <exclusive>
   no
  </exclusive>
  <sporty>
   no
  </sporty>
 </clothing>
 <clothing>
  <id>
   365301848
  </id>
  <name>
   Converse Blouse J-1629
  </name>
  <category>
   Blouse
  </category>
  <size>
   L
  </size>
  <color>
   Красный
  </color>
  <material>
   Шерсть
  </material>
  <price>
   183756
  </price>
  <rating>
   2.87
  </rating>
  <reviews>
   244685
  </reviews>
  <exclusive>
   yes
  </exclusive>
 </clothing>
 <clothing>
  <id>
   686252886
  </id>
  <name>
   Asics Skirt Q-3258
  </name>
  <category>
   Skirt
  </category>
  <size>
   M
  </size>
  <color>
   Синий
  </color>
  <material>
   Кожа
  </material>
  <price>
   276694
  </price>
  <rating>
   1.79
  </rating>
  <reviews>
   493007
  </reviews>
  <new>
   +
  </new>
  <sporty>
   no
  </sporty>
 </clothing>
 <clothing>
  <id>
   700508546
  </id>
  <name>
   New Balance Shirt E-2324
  </name>
  <category>
   Shirt
  </category>
  <size>
   XL
  </size>
  <color>
   Желтый
  </color>
  <material>
   Нейлон
  </material>
  <price>
   668229
  </price>
  <rating>
   1.98
  </rating>
  <reviews>
   480288
  </reviews>
  <exclusive>
   no
  </exclusive>
  <sporty>
   no
  </sporty>
 </clothing>
 <clothing>
  <id>
   647583069
  </id>
  <name>
   Adidas Sweater V-2233
  </name>
  <category>
   Sweater
  </category>
  <size>
   L
  </size>
  <color>
   Голубой
  </color>
  <material>
   Полиэстер
  </material>
  <price>
   405670
  </price>
  <rating>
   3.97
  </rating>
  <reviews>
   54703
  </reviews>
  <new>
   -
  </new>
  <exclusive>
   no
  </exclusive>
  <sporty>
   no
  </sporty>
 </clothing>
 <clothing>
  <id>
   811830665
  </id>
  <name>
   Converse Sweater R-1068
  </name>
  <category>
   Sweater
  </category>
  <size>
   M
  </size>
  <color>
   Оранжевый
  </color>
  <material>
   Шелк
  </material>
  <price>
   580034
  </price>
  <rating>
   4.27
  </rating>
  <reviews>
   514528
  </reviews>
  <new>
   -
  </new>
  <exclusive>
   no
  </exclusive>
  <sporty>
   no
  </sporty>
 </clothing>
 <clothing>
  <id>
   469654924
  </id>
  <name>
   Adidas Blouse G-1918
  </name>
  <category>
   Blouse
  </category>
  <size>
   XXL
  </size>
  <color>
   Красный
  </color>
  <material>
   Полиэстер
  </material>
  <price>
   412786
  </price>
  <rating>
   3.92
  </rating>
  <reviews>
   283663
  </reviews>
  <exclusive>
   yes
  </exclusive>
  <sporty>
   no
  </sporty>
 </clothing>
 <clothing>
  <id>
   441691160
  </id>
  <name>
   Converse Shoes Z-6045
  </name>
  <category>
   Shoes
  </category>
  <size>
   XL
  </size>
  <color>
   Желтый
  </color>
  <material>
   Шелк
  </material>
  <price>
   324839
  </price>
  <rating>
   3.93
  </rating>
  <reviews>
   796602
  </reviews>
  <new>
   -
  </new>
  <exclusive>
   no
  </exclusive>
 </clothing>
 <clothing>
  <id>
   118516708
  </id>
  <name>
   DC Sweater M-4806
  </name>
  <category>
   Sweater
  </category>
  <size>
   L
  </size>
  <color>
   Желтый
  </color>
  <material>
   Хлопок
  </material>
  <price>
   584008
  </price>
  <rating>
   1.57
  </rating>
  <reviews>
   182418
  </reviews>
  <exclusive>
   no
  </exclusive>
 </clothing>
 <clothing>
  <id>
   349996530
  </id>
  <name>
   Reebok Belts K-1191
  </name>
  <category>
   Belts
  </category>
  <size>
   XXL
  </size>
  <color>
   Фиолетовый
  </color>
  <material>
   Кожа
  </material>
  <price>
   733348
  </price>
  <rating>
   4.06
  </rating>
  <reviews>
   211264
  </reviews>
  <exclusive>
   no
  </exclusive>
 </clothing>
 <clothing>
  <id>
   450066159
  </id>
  <name>
   Asics Dress F-5319
  </name>
  <category>
   Dress
  </category>
  <size>
   M
  </size>
  <color>
   Голубой
  </color>
  <material>
   Хлопок
  </material>
  <price>
   139877
  </price>
  <rating>
   1.75
  </rating>
  <reviews>
   905359
  </reviews>
  <exclusive>
   no
  </exclusive>
  <sporty>
   yes
  </sporty>
 </clothing>
 <clothing>
  <id>
   799079952
  </id>
  <name>
   Under Armour Belts R-4091
  </name>
  <category>
   Belts
  </category>
  <size>
   XL
  </size>
  <color>
   Голубой
  </color>
  <material>
   Кожа
  </material>
  <price>
   737191
  </price>
  <rating>
   1.29
  </rating>
  <reviews>
   829354
  </reviews>
  <new>
   -
  </new>
  <sporty>
   no
  </sporty>
 </clothing>
 <clothing>
  <id>
   954563949
  </id>
  <name>
   Puma Shoes Q-2309
  </name>
  <category>
   Shoes
  </category>
  <size>
   M
  </size>
  <color>
   Синий
  </color>
  <material>
   Нейлон
  </material>
  <price>
   413532
  </price>
  <rating>
   1.09
  </rating>
  <reviews>
   689143
  </reviews>
  <new>
   -
  </new>
  <sporty>
   no
  </sporty>
 </clothing>
 <clothing>
  <id>
   374540384
  </id>
  <name>
   Adidas Shoes C-7019
  </name>
  <category>
   Shoes
  </category>
  <size>
   XL
  </size>
  <color>
   Желтый
  </color>
  <material>
   Шерсть
  </material>
  <price>
   866768
  </price>
  <rating>
   1.92
  </rating>
  <reviews>
   694262
  </reviews>
 </clothing>
 <clothing>
  <id>
   250800071
  </id>
  <name>
   Addidas Hat D-5381
  </name>
  <category>
   Hat
  </category>
  <size>
   XL
  </size>
  <color>
   Синий
  </color>
  <material>
   Лен
  </material>
  <price>
   845847
  </price>
  <rating>
   2.52
  </rating>
  <reviews>
   233966
  </reviews>
  <new>
   -
  </new>
  <exclusive>
   no
  </exclusive>
 </clothing>
 <clothing>
  <id>
   681813769
  </id>
  <name>
   PleinSport Hat O-9734
  </name>
  <category>
   Hat
  </category>
  <size>
   XL
  </size>
  <color>
   Фиолетовый
  </color>
  <material>
   Нейлон
  </material>
  <price>
   168466
  </price>
  <rating>
   3.07
  </rating>
  <reviews>
   545941
  </reviews>
  <exclusive>
   no
  </exclusive>
  <sporty>
   no
  </sporty>
 </clothing>
 <clothing>
  <id>
   113144787
  </id>
  <name>
   Puma Dress J-1650
  </name>
  <category>
   Dress
  </category>
  <size>
   S
  </size>
  <color>
   Синий
  </color>
  <material>
   Лен
  </material>
  <price>
   521140
  </price>
  <rating>
   2.31
  </rating>
  <reviews>
   289366
  </reviews>
  <exclusive>
   yes
  </exclusive>
  <sporty>
   yes
  </sporty>
 </clothing>
</clothing-items>
