<?xml version="1.0" encoding="utf-8"?>
<clothing-items>
 <clothing>
  <id>
   688632059
  </id>
  <name>
   Addidas Sweater P-5858
  </name>
  <category>
   Sweater
  </category>
  <size>
   L
  </size>
  <color>
   Красный
  </color>
  <material>
   Шелк
  </material>
  <price>
   630070
  </price>
  <rating>
   1.0
  </rating>
  <reviews>
   351879
  </reviews>
  <new>
   +
  </new>
  <exclusive>
   no
  </exclusive>
 </clothing>
 <clothing>
  <id>
   105259847
  </id>
  <name>
   New Balance Hat P-7133
  </name>
  <category>
   Hat
  </category>
  <size>
   M
  </size>
  <color>
   Синий
  </color>
  <material>
   Шелк
  </material>
  <price>
   728274
  </price>
  <rating>
   4.08
  </rating>
  <reviews>
   942092
  </reviews>
  <new>
   -
  </new>
  <exclusive>
   yes
  </exclusive>
 </clothing>
 <clothing>
  <id>
   543259536
  </id>
  <name>
   Under Armour Sweater X-4154
  </name>
  <category>
   Sweater
  </category>
  <size>
   M
  </size>
  <color>
   Желтый
  </color>
  <material>
   Шелк
  </material>
  <price>
   808282
  </price>
  <rating>
   1.99
  </rating>
  <reviews>
   677292
  </reviews>
  <sporty>
   no
  </sporty>
 </clothing>
 <clothing>
  <id>
   202465404
  </id>
  <name>
   Under Armour Sweater C-6566
  </name>
  <category>
   Sweater
  </category>
  <size>
   L
  </size>
  <color>
   Фиолетовый
  </color>
  <material>
   Нейлон
  </material>
  <price>
   851044
  </price>
  <rating>
   2.31
  </rating>
  <reviews>
   917468
  </reviews>
  <new>
   -
  </new>
  <exclusive>
   yes
  </exclusive>
 </clothing>
 <clothing>
  <id>
   591430726
  </id>
  <name>
   Adidas Umbrellas Z-3297
  </name>
  <category>
   Umbrellas
  </category>
  <size>
   XL
  </size>
  <color>
   Оранжевый
  </color>
  <material>
   Полиэстер
  </material>
  <price>
   639211
  </price>
  <rating>
   3.66
  </rating>
  <reviews>
   281588
  </reviews>
  <new>
   +
  </new>
  <exclusive>
   yes
  </exclusive>
  <sporty>
   yes
  </sporty>
 </clothing>
 <clothing>
  <id>
   235505777
  </id>
  <name>
   Brooks Belts V-8032
  </name>
  <category>
   Belts
  </category>
  <size>
   XL
  </size>
  <color>
   Желтый
  </color>
  <material>
   Шелк
  </material>
  <price>
   713676
  </price>
  <rating>
   1.54
  </rating>
  <reviews>
   294581
  </reviews>
 </clothing>
 <clothing>
  <id>
   172306306
  </id>
  <name>
   Vans Shirt R-5224
  </name>
  <category>
   Shirt
  </category>
  <size>
   M
  </size>
  <color>
   Синий
  </color>
  <material>
   Вискоза
  </material>
  <price>
   104720
  </price>
  <rating>
   1.78
  </rating>
  <reviews>
   813126
  </reviews>
  <new>
   +
  </new>
  <exclusive>
   no
  </exclusive>
 </clothing>
 <clothing>
  <id>
   648180821
  </id>
  <name>
   Converse Blouse R-9811
  </name>
  <category>
   Blouse
  </category>
  <size>
   S
  </size>
  <color>
   Голубой
  </color>
  <material>
   Шелк
  </material>
  <price>
   377292
  </price>
  <rating>
   1.96
  </rating>
  <reviews>
   741950
  </reviews>
  <exclusive>
   no
  </exclusive>
 </clothing>
 <clothing>
  <id>
   934306963
  </id>
  <name>
   New Balance Gloves P-1137
  </name>
  <category>
   Gloves
  </category>
  <size>
   S
  </size>
  <color>
   Синий
  </color>
  <material>
   Кожа
  </material>
  <price>
   478853
  </price>
  <rating>
   3.62
  </rating>
  <reviews>
   278668
  </reviews>
  <new>
   -
  </new>
  <exclusive>
   no
  </exclusive>
  <sporty>
   no
  </sporty>
 </clothing>
 <clothing>
  <id>
   879544068
  </id>
  <name>
   Under Armour Belts Q-5785
  </name>
  <category>
   Belts
  </category>
  <size>
   M
  </size>
  <color>
   Голубой
  </color>
  <material>
   Полиэстер
  </material>
  <price>
   923946
  </price>
  <rating>
   1.18
  </rating>
  <reviews>
   408860
  </reviews>
  <new>
   -
  </new>
 </clothing>
 <clothing>
  <id>
   743246599
  </id>
  <name>
   Ellesse Belts E-9459
  </name>
  <category>
   Belts
  </category>
  <size>
   XXL
  </size>
  <color>
   Зеленый
  </color>
  <material>
   Шелк
  </material>
  <price>
   499781
  </price>
  <rating>
   2.83
  </rating>
  <reviews>
   792330
  </reviews>
 </clothing>
 <clothing>
  <id>
   725099378
  </id>
  <name>
   Addidas Socks A-9002
  </name>
  <category>
   Socks
  </category>
  <size>
   S
  </size>
  <color>
   Желтый
  </color>
  <material>
   Полиэстер
  </material>
  <price>
   958211
  </price>
  <rating>
   1.9
  </rating>
  <reviews>
   945938
  </reviews>
  <sporty>
   yes
  </sporty>
 </clothing>
 <clothing>
  <id>
   255089700
  </id>
  <name>
   PleinSport Shoes Y-6316
  </name>
  <category>
   Shoes
  </category>
  <size>
   XL
  </size>
  <color>
   Желтый
  </color>
  <material>
   Вискоза
  </material>
  <price>
   510615
  </price>
  <rating>
   1.3
  </rating>
  <reviews>
   364364
  </reviews>
 </clothing>
 <clothing>
  <id>
   361745409
  </id>
  <name>
   Reebok Blouse W-3252
  </name>
  <category>
   Blouse
  </category>
  <size>
   XL
  </size>
  <color>
   Синий
  </color>
  <material>
   Вискоза
  </material>
  <price>
   432305
  </price>
  <rating>
   4.81
  </rating>
  <reviews>
   783663
  </reviews>
  <sporty>
   no
  </sporty>
 </clothing>
 <clothing>
  <id>
   486776408
  </id>
  <name>
   Converse Dress I-6866
  </name>
  <category>
   Dress
  </category>
  <size>
   S
  </size>
  <color>
   Красный
  </color>
  <material>
   Кожа
  </material>
  <price>
   883620
  </price>
  <rating>
   3.81
  </rating>
  <reviews>
   752176
  </reviews>
  <sporty>
   yes
  </sporty>
 </clothing>
 <clothing>
  <id>
   284806871
  </id>
  <name>
   DC Shoes Q-3075
  </name>
  <category>
   Shoes
  </category>
  <size>
   M
  </size>
  <color>
   Желтый
  </color>
  <material>
   Шерсть
  </material>
  <price>
   317098
  </price>
  <rating>
   1.37
  </rating>
  <reviews>
   685709
  </reviews>
  <new>
   +
  </new>
  <exclusive>
   yes
  </exclusive>
  <sporty>
   no
  </sporty>
 </clothing>
 <clothing>
  <id>
   472485412
  </id>
  <name>
   Fila Shirt W-7143
  </name>
  <category>
   Shirt
  </category>
  <size>
   XXL
  </size>
  <color>
   Зеленый
  </color>
  <material>
   Лен
  </material>
  <price>
   217189
  </price>
  <rating>
   1.37
  </rating>
  <reviews>
   89088
  </reviews>
  <new>
   +
  </new>
  <exclusive>
   no
  </exclusive>
 </clothing>
 <clothing>
  <id>
   784135761
  </id>
  <name>
   Adidas Jacket W-2907
  </name>
  <category>
   Jacket
  </category>
  <size>
   L
  </size>
  <color>
   Желтый
  </color>
  <material>
   Хлопок
  </material>
  <price>
   126144
  </price>
  <rating>
   1.87
  </rating>
  <reviews>
   320111
  </reviews>
  <sporty>
   no
  </sporty>
 </clothing>
 <clothing>
  <id>
   916808708
  </id>
  <name>
   Ellesse Belts K-1166
  </name>
  <category>
   Belts
  </category>
  <size>
   XL
  </size>
  <color>
   Красный
  </color>
  <material>
   Кожа
  </material>
  <price>
   119673
  </price>
  <rating>
   4.44
  </rating>
  <reviews>
   630353
  </reviews>
  <exclusive>
   no
  </exclusive>
  <sporty>
   yes
  </sporty>
 </clothing>
 <clothing>
  <id>
   729786756
  </id>
  <name>
   PleinSport Belts S-3889
  </name>
  <category>
   Belts
  </category>
  <size>
   XXL
  </size>
  <color>
   Голубой
  </color>
  <material>
   Полиэстер
  </material>
  <price>
   174061
  </price>
  <rating>
   2.32
  </rating>
  <reviews>
   405899
  </reviews>
  <exclusive>
   no
  </exclusive>
  <sporty>
   no
  </sporty>
 </clothing>
 <clothing>
  <id>
   419371236
  </id>
  <name>
   Addidas Jacket K-3126
  </name>
  <category>
   Jacket
  </category>
  <size>
   L
  </size>
  <color>
   Фиолетовый
  </color>
  <material>
   Лен
  </material>
  <price>
   777459
  </price>
  <rating>
   3.75
  </rating>
  <reviews>
   894378
  </reviews>
  <sporty>
   yes
  </sporty>
 </clothing>
 <clothing>
  <id>
   110023963
  </id>
  <name>
   Under Armour Hat L-4074
  </name>
  <category>
   Hat
  </category>
  <size>
   XXL
  </size>
  <color>
   Желтый
  </color>
  <material>
   Лен
  </material>
  <price>
   640216
  </price>
  <rating>
   4.2
  </rating>
  <reviews>
   202168
  </reviews>
  <new>
   -
  </new>
  <exclusive>
   yes
  </exclusive>
 </clothing>
 <clothing>
  <id>
   433530802
  </id>
  <name>
   Addidas T-shirt F-4705
  </name>
  <category>
   T-shirt
  </category>
  <size>
   M
  </size>
  <color>
   Синий
  </color>
  <material>
   Нейлон
  </material>
  <price>
   152670
  </price>
  <rating>
   3.59
  </rating>
  <reviews>
   535670
  </reviews>
  <new>
   +
  </new>
  <exclusive>
   no
  </exclusive>
 </clothing>
 <clothing>
  <id>
   219883275
  </id>
  <name>
   Converse Blouse G-2794
  </name>
  <category>
   Blouse
  </category>
  <size>
   XL
  </size>
  <color>
   Желтый
  </color>
  <material>
   Полиэстер
  </material>
  <price>
   493965
  </price>
  <rating>
   3.21
  </rating>
  <reviews>
   897126
  </reviews>
  <new>
   +
  </new>
  <exclusive>
   no
  </exclusive>
 </clothing>
 <clothing>
  <id>
   946924333
  </id>
  <name>
   Lacoste Skirt J-1135
  </name>
  <category>
   Skirt
  </category>
  <size>
   L
  </size>
  <color>
   Зеленый
  </color>
  <material>
   Кожа
  </material>
  <price>
   754817
  </price>
  <rating>
   3.39
  </rating>
  <reviews>
   191960
  </reviews>
  <new>
   -
  </new>
  <exclusive>
   no
  </exclusive>
  <sporty>
   no
  </sporty>
 </clothing>
 <clothing>
  <id>
   781071760
  </id>
  <name>
   Reebok Pants V-4741
  </name>
  <category>
   Pants
  </category>
  <size>
   L
  </size>
  <color>
   Фиолетовый
  </color>
  <material>
   Кожа
  </material>
  <price>
   898386
  </price>
  <rating>
   3.69
  </rating>
  <reviews>
   159378
  </reviews>
  <exclusive>
   yes
  </exclusive>
 </clothing>
 <clothing>
  <id>
   556435401
  </id>
  <name>
   Adidas Hat X-2830
  </name>
  <category>
   Hat
  </category>
  <size>
   S
  </size>
  <color>
   Синий
  </color>
  <material>
   Вискоза
  </material>
  <price>
   668975
  </price>
  <rating>
   1.78
  </rating>
  <reviews>
   275453
  </reviews>
 </clothing>
</clothing-items>
