<?xml version="1.0" encoding="utf-8"?>
<clothing-items>
 <clothing>
  <id>
   345378292
  </id>
  <name>
   Lacoste Socks B-8696
  </name>
  <category>
   Socks
  </category>
  <size>
   M
  </size>
  <color>
   Голубой
  </color>
  <material>
   Шерсть
  </material>
  <price>
   144729
  </price>
  <rating>
   4.52
  </rating>
  <reviews>
   49328
  </reviews>
  <new>
   +
  </new>
  <exclusive>
   no
  </exclusive>
  <sporty>
   yes
  </sporty>
 </clothing>
 <clothing>
  <id>
   352507265
  </id>
  <name>
   Puma Dress Y-9201
  </name>
  <category>
   Dress
  </category>
  <size>
   L
  </size>
  <color>
   Зеленый
  </color>
  <material>
   Нейлон
  </material>
  <price>
   388825
  </price>
  <rating>
   1.04
  </rating>
  <reviews>
   600862
  </reviews>
  <exclusive>
   yes
  </exclusive>
 </clothing>
 <clothing>
  <id>
   849951940
  </id>
  <name>
   Lacoste Socks V-7215
  </name>
  <category>
   Socks
  </category>
  <size>
   XXL
  </size>
  <color>
   Синий
  </color>
  <material>
   Лен
  </material>
  <price>
   775227
  </price>
  <rating>
   2.15
  </rating>
  <reviews>
   101407
  </reviews>
  <new>
   +
  </new>
  <exclusive>
   yes
  </exclusive>
  <sporty>
   no
  </sporty>
 </clothing>
 <clothing>
  <id>
   889635818
  </id>
  <name>
   Fila Socks I-4068
  </name>
  <category>
   Socks
  </category>
  <size>
   S
  </size>
  <color>
   Красный
  </color>
  <material>
   Шерсть
  </material>
  <price>
   405191
  </price>
  <rating>
   4.29
  </rating>
  <reviews>
   208720
  </reviews>
  <new>
   -
  </new>
  <exclusive>
   no
  </exclusive>
 </clothing>
 <clothing>
  <id>
   697999798
  </id>
  <name>
   Lacoste Hat F-5193
  </name>
  <category>
   Hat
  </category>
  <size>
   M
  </size>
  <color>
   Желтый
  </color>
  <material>
   Кожа
  </material>
  <price>
   434722
  </price>
  <rating>
   3.75
  </rating>
  <reviews>
   335040
  </reviews>
  <new>
   +
  </new>
  <sporty>
   no
  </sporty>
 </clothing>
 <clothing>
  <id>
   455985982
  </id>
  <name>
   Asics Dress G-7373
  </name>
  <category>
   Dress
  </category>
  <size>
   XXL
  </size>
  <color>
   Оранжевый
  </color>
  <material>
   Кожа
  </material>
  <price>
   326032
  </price>
  <rating>
   1.59
  </rating>
  <reviews>
   197067
  </reviews>
  <new>
   -
  </new>
  <exclusive>
   yes
  </exclusive>
 </clothing>
 <clothing>
  <id>
   154842558
  </id>
  <name>
   PleinSport Umbrellas Y-4603
  </name>
  <category>
   Umbrellas
  </category>
  <size>
   XL
  </size>
  <color>
   Желтый
  </color>
  <material>
   Полиэстер
  </material>
  <price>
   306857
  </price>
  <rating>
   2.16
  </rating>
  <reviews>
   334966
  </reviews>
  <new>
   -
  </new>
 </clothing>
 <clothing>
  <id>
   634568195
  </id>
  <name>
   Nike Shirt X-9055
  </name>
  <category>
   Shirt
  </category>
  <size>
   M
  </size>
  <color>
   Синий
  </color>
  <material>
   Вискоза
  </material>
  <price>
   647827
  </price>
  <rating>
   3.69
  </rating>
  <reviews>
   905932
  </reviews>
 </clothing>
 <clothing>
  <id>
   773573206
  </id>
  <name>
   Asics Handbags D-7639
  </name>
  <category>
   Handbags
  </category>
  <size>
   L
  </size>
  <color>
   Синий
  </color>
  <material>
   Шелк
  </material>
  <price>
   856620
  </price>
  <rating>
   3.61
  </rating>
  <reviews>
   129521
  </reviews>
  <new>
   -
  </new>
  <exclusive>
   no
  </exclusive>
  <sporty>
   yes
  </sporty>
 </clothing>
 <clothing>
  <id>
   403108124
  </id>
  <name>
   PleinSport Handbags F-7446
  </name>
  <category>
   Handbags
  </category>
  <size>
   S
  </size>
  <color>
   Синий
  </color>
  <material>
   Шелк
  </material>
  <price>
   872764
  </price>
  <rating>
   1.76
  </rating>
  <reviews>
   63508
  </reviews>
  <new>
   -
  </new>
 </clothing>
 <clothing>
  <id>
   728755614
  </id>
  <name>
   Asics Gloves Y-7647
  </name>
  <category>
   Gloves
  </category>
  <size>
   M
  </size>
  <color>
   Синий
  </color>
  <material>
   Хлопок
  </material>
  <price>
   272306
  </price>
  <rating>
   1.36
  </rating>
  <reviews>
   98671
  </reviews>
  <sporty>
   yes
  </sporty>
 </clothing>
 <clothing>
  <id>
   813777455
  </id>
  <name>
   DC Sweater K-3399
  </name>
  <category>
   Sweater
  </category>
  <size>
   S
  </size>
  <color>
   Голубой
  </color>
  <material>
   Хлопок
  </material>
  <price>
   759205
  </price>
  <rating>
   3.88
  </rating>
  <reviews>
   382205
  </reviews>
  <new>
   -
  </new>
 </clothing>
 <clothing>
  <id>
   362233966
  </id>
  <name>
   Reebok Belts Q-9969
  </name>
  <category>
   Belts
  </category>
  <size>
   XXL
  </size>
  <color>
   Фиолетовый
  </color>
  <material>
   Шерсть
  </material>
  <price>
   506341
  </price>
  <rating>
   1.05
  </rating>
  <reviews>
   571573
  </reviews>
  <exclusive>
   yes
  </exclusive>
  <sporty>
   no
  </sporty>
 </clothing>
 <clothing>
  <id>
   154053649
  </id>
  <name>
   PleinSport Skirt Y-4062
  </name>
  <category>
   Skirt
  </category>
  <size>
   XL
  </size>
  <color>
   Голубой
  </color>
  <material>
   Нейлон
  </material>
  <price>
   631268
  </price>
  <rating>
   3.47
  </rating>
  <reviews>
   679294
  </reviews>
 </clothing>
 <clothing>
  <id>
   871160414
  </id>
  <name>
   PleinSport Gloves C-1040
  </name>
  <category>
   Gloves
  </category>
  <size>
   XXL
  </size>
  <color>
   Синий
  </color>
  <material>
   Вискоза
  </material>
  <price>
   954283
  </price>
  <rating>
   3.69
  </rating>
  <reviews>
   331253
  </reviews>
  <new>
   +
  </new>
  <exclusive>
   no
  </exclusive>
  <sporty>
   no
  </sporty>
 </clothing>
 <clothing>
  <id>
   717777640
  </id>
  <name>
   Reebok Hat T-6055
  </name>
  <category>
   Hat
  </category>
  <size>
   XL
  </size>
  <color>
   Зеленый
  </color>
  <material>
   Хлопок
  </material>
  <price>
   505311
  </price>
  <rating>
   3.49
  </rating>
  <reviews>
   861773
  </reviews>
  <exclusive>
   no
  </exclusive>
  <sporty>
   no
  </sporty>
 </clothing>
</clothing-items>
