<?xml version="1.0" encoding="utf-8"?>
<clothing-items>
 <clothing>
  <id>
   335549465
  </id>
  <name>
   Reebok Dress N-8234
  </name>
  <category>
   Dress
  </category>
  <size>
   XXL
  </size>
  <color>
   Желтый
  </color>
  <material>
   Шелк
  </material>
  <price>
   823691
  </price>
  <rating>
   2.36
  </rating>
  <reviews>
   804469
  </reviews>
  <new>
   +
  </new>
  <exclusive>
   yes
  </exclusive>
  <sporty>
   yes
  </sporty>
 </clothing>
 <clothing>
  <id>
   429834378
  </id>
  <name>
   Under Armour Sweater R-8657
  </name>
  <category>
   Sweater
  </category>
  <size>
   XL
  </size>
  <color>
   Оранжевый
  </color>
  <material>
   Полиэстер
  </material>
  <price>
   503560
  </price>
  <rating>
   3.36
  </rating>
  <reviews>
   567608
  </reviews>
  <new>
   -
  </new>
 </clothing>
 <clothing>
  <id>
   299429474
  </id>
  <name>
   Vans Socks O-1192
  </name>
  <category>
   Socks
  </category>
  <size>
   M
  </size>
  <color>
   Зеленый
  </color>
  <material>
   Вискоза
  </material>
  <price>
   226365
  </price>
  <rating>
   4.65
  </rating>
  <reviews>
   161676
  </reviews>
  <sporty>
   yes
  </sporty>
 </clothing>
 <clothing>
  <id>
   713820603
  </id>
  <name>
   Nike Socks S-4578
  </name>
  <category>
   Socks
  </category>
  <size>
   S
  </size>
  <color>
   Голубой
  </color>
  <material>
   Вискоза
  </material>
  <price>
   248015
  </price>
  <rating>
   3.34
  </rating>
  <reviews>
   112249
  </reviews>
  <new>
   -
  </new>
  <sporty>
   no
  </sporty>
 </clothing>
 <clothing>
  <id>
   486309351
  </id>
  <name>
   New Balance Socks J-1409
  </name>
  <category>
   Socks
  </category>
  <size>
   XXL
  </size>
  <color>
   Голубой
  </color>
  <material>
   Нейлон
  </material>
  <price>
   815481
  </price>
  <rating>
   2.0
  </rating>
  <reviews>
   806370
  </reviews>
 </clothing>
 <clothing>
  <id>
   630146595
  </id>
  <name>
   Adidas Belts K-2143
  </name>
  <category>
   Belts
  </category>
  <size>
   S
  </size>
  <color>
   Красный
  </color>
  <material>
   Кожа
  </material>
  <price>
   908662
  </price>
  <rating>
   1.68
  </rating>
  <reviews>
   304362
  </reviews>
  <new>
   +
  </new>
  <exclusive>
   yes
  </exclusive>
  <sporty>
   no
  </sporty>
 </clothing>
 <clothing>
  <id>
   246371849
  </id>
  <name>
   Puma Shirt U-8695
  </name>
  <category>
   Shirt
  </category>
  <size>
   XXL
  </size>
  <color>
   Оранжевый
  </color>
  <material>
   Полиэстер
  </material>
  <price>
   897825
  </price>
  <rating>
   1.11
  </rating>
  <reviews>
   990582
  </reviews>
 </clothing>
 <clothing>
  <id>
   904854523
  </id>
  <name>
   Ellesse Dress B-8201
  </name>
  <category>
   Dress
  </category>
  <size>
   S
  </size>
  <color>
   Зеленый
  </color>
  <material>
   Кожа
  </material>
  <price>
   375042
  </price>
  <rating>
   4.22
  </rating>
  <reviews>
   984226
  </reviews>
  <exclusive>
   no
  </exclusive>
  <sporty>
   yes
  </sporty>
 </clothing>
 <clothing>
  <id>
   682411753
  </id>
  <name>
   DC Socks C-3103
  </name>
  <category>
   Socks
  </category>
  <size>
   L
  </size>
  <color>
   Желтый
  </color>
  <material>
   Хлопок
  </material>
  <price>
   353570
  </price>
  <rating>
   2.34
  </rating>
  <reviews>
   655328
  </reviews>
 </clothing>
 <clothing>
  <id>
   367539788
  </id>
  <name>
   New Balance Handbags G-2065
  </name>
  <category>
   Handbags
  </category>
  <size>
   XL
  </size>
  <color>
   Желтый
  </color>
  <material>
   Шерсть
  </material>
  <price>
   365311
  </price>
  <rating>
   2.43
  </rating>
  <reviews>
   105693
  </reviews>
  <new>
   -
  </new>
 </clothing>
 <clothing>
  <id>
   946044503
  </id>
  <name>
   Under Armour T-shirt Y-8595
  </name>
  <category>
   T-shirt
  </category>
  <size>
   XXL
  </size>
  <color>
   Зеленый
  </color>
  <material>
   Нейлон
  </material>
  <price>
   190483
  </price>
  <rating>
   1.85
  </rating>
  <reviews>
   742851
  </reviews>
  <new>
   +
  </new>
  <exclusive>
   yes
  </exclusive>
  <sporty>
   no
  </sporty>
 </clothing>
 <clothing>
  <id>
   445225021
  </id>
  <name>
   Converse Socks Q-6428
  </name>
  <category>
   Socks
  </category>
  <size>
   L
  </size>
  <color>
   Зеленый
  </color>
  <material>
   Лен
  </material>
  <price>
   103654
  </price>
  <rating>
   3.54
  </rating>
  <reviews>
   27861
  </reviews>
  <new>
   +
  </new>
  <exclusive>
   no
  </exclusive>
  <sporty>
   yes
  </sporty>
 </clothing>
 <clothing>
  <id>
   155404657
  </id>
  <name>
   Converse Skirt C-9217
  </name>
  <category>
   Skirt
  </category>
  <size>
   XL
  </size>
  <color>
   Красный
  </color>
  <material>
   Кожа
  </material>
  <price>
   411505
  </price>
  <rating>
   1.8
  </rating>
  <reviews>
   873221
  </reviews>
  <new>
   -
  </new>
  <exclusive>
   no
  </exclusive>
 </clothing>
 <clothing>
  <id>
   791329893
  </id>
  <name>
   Under Armour T-shirt Y-6113
  </name>
  <category>
   T-shirt
  </category>
  <size>
   L
  </size>
  <color>
   Синий
  </color>
  <material>
   Лен
  </material>
  <price>
   722233
  </price>
  <rating>
   4.46
  </rating>
  <reviews>
   896646
  </reviews>
  <exclusive>
   no
  </exclusive>
  <sporty>
   yes
  </sporty>
 </clothing>
 <clothing>
  <id>
   456636725
  </id>
  <name>
   Under Armour Umbrellas J-5014
  </name>
  <category>
   Umbrellas
  </category>
  <size>
   XXL
  </size>
  <color>
   Оранжевый
  </color>
  <material>
   Полиэстер
  </material>
  <price>
   920667
  </price>
  <rating>
   3.47
  </rating>
  <reviews>
   832211
  </reviews>
  <exclusive>
   yes
  </exclusive>
 </clothing>
 <clothing>
  <id>
   905256138
  </id>
  <name>
   Ellesse Skirt O-3150
  </name>
  <category>
   Skirt
  </category>
  <size>
   L
  </size>
  <color>
   Зеленый
  </color>
  <material>
   Нейлон
  </material>
  <price>
   818552
  </price>
  <rating>
   3.47
  </rating>
  <reviews>
   983163
  </reviews>
  <sporty>
   yes
  </sporty>
 </clothing>
 <clothing>
  <id>
   544586978
  </id>
  <name>
   Reebok Sweater N-1015
  </name>
  <category>
   Sweater
  </category>
  <size>
   XXL
  </size>
  <color>
   Желтый
  </color>
  <material>
   Шелк
  </material>
  <price>
   709089
  </price>
  <rating>
   3.09
  </rating>
  <reviews>
   401818
  </reviews>
  <new>
   -
  </new>
  <exclusive>
   yes
  </exclusive>
 </clothing>
 <clothing>
  <id>
   316247577
  </id>
  <name>
   Lacoste Blouse H-6527
  </name>
  <category>
   Blouse
  </category>
  <size>
   S
  </size>
  <color>
   Оранжевый
  </color>
  <material>
   Кожа
  </material>
  <price>
   537305
  </price>
  <rating>
   1.75
  </rating>
  <reviews>
   129092
  </reviews>
  <new>
   -
  </new>
  <exclusive>
   no
  </exclusive>
  <sporty>
   no
  </sporty>
 </clothing>
 <clothing>
  <id>
   836713184
  </id>
  <name>
   Reebok Jeans T-8446
  </name>
  <category>
   Jeans
  </category>
  <size>
   S
  </size>
  <color>
   Красный
  </color>
  <material>
   Полиэстер
  </material>
  <price>
   721488
  </price>
  <rating>
   3.14
  </rating>
  <reviews>
   919142
  </reviews>
  <exclusive>
   yes
  </exclusive>
  <sporty>
   no
  </sporty>
 </clothing>
 <clothing>
  <id>
   334986835
  </id>
  <name>
   Reebok Pants E-5540
  </name>
  <category>
   Pants
  </category>
  <size>
   XL
  </size>
  <color>
   Голубой
  </color>
  <material>
   Нейлон
  </material>
  <price>
   251572
  </price>
  <rating>
   3.59
  </rating>
  <reviews>
   704206
  </reviews>
  <new>
   -
  </new>
  <sporty>
   no
  </sporty>
 </clothing>
 <clothing>
  <id>
   460305669
  </id>
  <name>
   Puma Sweater D-5580
  </name>
  <category>
   Sweater
  </category>
  <size>
   XL
  </size>
  <color>
   Оранжевый
  </color>
  <material>
   Вискоза
  </material>
  <price>
   482193
  </price>
  <rating>
   1.01
  </rating>
  <reviews>
   650895
  </reviews>
  <exclusive>
   yes
  </exclusive>
  <sporty>
   yes
  </sporty>
 </clothing>
 <clothing>
  <id>
   339584367
  </id>
  <name>
   Under Armour Handbags Z-2599
  </name>
  <category>
   Handbags
  </category>
  <size>
   L
  </size>
  <color>
   Оранжевый
  </color>
  <material>
   Полиэстер
  </material>
  <price>
   149670
  </price>
  <rating>
   1.07
  </rating>
  <reviews>
   643736
  </reviews>
  <new>
   +
  </new>
  <exclusive>
   yes
  </exclusive>
 </clothing>
 <clothing>
  <id>
   414990978
  </id>
  <name>
   Lacoste Dress A-7034
  </name>
  <category>
   Dress
  </category>
  <size>
   XXL
  </size>
  <color>
   Оранжевый
  </color>
  <material>
   Шерсть
  </material>
  <price>
   743771
  </price>
  <rating>
   4.93
  </rating>
  <reviews>
   360166
  </reviews>
  <new>
   +
  </new>
  <sporty>
   no
  </sporty>
 </clothing>
 <clothing>
  <id>
   143065568
  </id>
  <name>
   Ellesse Shoes O-6714
  </name>
  <category>
   Shoes
  </category>
  <size>
   XL
  </size>
  <color>
   Желтый
  </color>
  <material>
   Кожа
  </material>
  <price>
   552457
  </price>
  <rating>
   2.25
  </rating>
  <reviews>
   83458
  </reviews>
  <new>
   -
  </new>
  <exclusive>
   no
  </exclusive>
  <sporty>
   no
  </sporty>
 </clothing>
 <clothing>
  <id>
   552377103
  </id>
  <name>
   Asics Belts G-3824
  </name>
  <category>
   Belts
  </category>
  <size>
   M
  </size>
  <color>
   Желтый
  </color>
  <material>
   Шелк
  </material>
  <price>
   752619
  </price>
  <rating>
   4.84
  </rating>
  <reviews>
   892890
  </reviews>
  <new>
   -
  </new>
  <sporty>
   yes
  </sporty>
 </clothing>
 <clothing>
  <id>
   102265028
  </id>
  <name>
   Addidas Sweater J-7160
  </name>
  <category>
   Sweater
  </category>
  <size>
   S
  </size>
  <color>
   Оранжевый
  </color>
  <material>
   Кожа
  </material>
  <price>
   233179
  </price>
  <rating>
   3.65
  </rating>
  <reviews>
   30015
  </reviews>
 </clothing>
 <clothing>
  <id>
   350339683
  </id>
  <name>
   Nike Pants S-7286
  </name>
  <category>
   Pants
  </category>
  <size>
   XL
  </size>
  <color>
   Голубой
  </color>
  <material>
   Нейлон
  </material>
  <price>
   477970
  </price>
  <rating>
   2.37
  </rating>
  <reviews>
   738917
  </reviews>
  <exclusive>
   no
  </exclusive>
 </clothing>
 <clothing>
  <id>
   341742522
  </id>
  <name>
   Vans Socks U-1921
  </name>
  <category>
   Socks
  </category>
  <size>
   XXL
  </size>
  <color>
   Синий
  </color>
  <material>
   Хлопок
  </material>
  <price>
   263213
  </price>
  <rating>
   1.13
  </rating>
  <reviews>
   230886
  </reviews>
  <exclusive>
   yes
  </exclusive>
  <sporty>
   no
  </sporty>
 </clothing>
 <clothing>
  <id>
   277169840
  </id>
  <name>
   Brooks Pants Y-1594
  </name>
  <category>
   Pants
  </category>
  <size>
   XL
  </size>
  <color>
   Фиолетовый
  </color>
  <material>
   Лен
  </material>
  <price>
   613254
  </price>
  <rating>
   3.01
  </rating>
  <reviews>
   474340
  </reviews>
  <new>
   -
  </new>
  <exclusive>
   no
  </exclusive>
  <sporty>
   yes
  </sporty>
 </clothing>
 <clothing>
  <id>
   917678252
  </id>
  <name>
   Converse Skirt L-4979
  </name>
  <category>
   Skirt
  </category>
  <size>
   XXL
  </size>
  <color>
   Красный
  </color>
  <material>
   Кожа
  </material>
  <price>
   975625
  </price>
  <rating>
   1.01
  </rating>
  <reviews>
   811486
  </reviews>
  <exclusive>
   no
  </exclusive>
 </clothing>
 <clothing>
  <id>
   941141916
  </id>
  <name>
   Converse Shirt Q-8518
  </name>
  <category>
   Shirt
  </category>
  <size>
   XXL
  </size>
  <color>
   Оранжевый
  </color>
  <material>
   Шелк
  </material>
  <price>
   483510
  </price>
  <rating>
   4.33
  </rating>
  <reviews>
   562635
  </reviews>
  <sporty>
   no
  </sporty>
 </clothing>
 <clothing>
  <id>
   345595254
  </id>
  <name>
   Converse Umbrellas F-8198
  </name>
  <category>
   Umbrellas
  </category>
  <size>
   XL
  </size>
  <color>
   Фиолетовый
  </color>
  <material>
   Шелк
  </material>
  <price>
   711578
  </price>
  <rating>
   3.1
  </rating>
  <reviews>
   284357
  </reviews>
  <new>
   -
  </new>
  <exclusive>
   no
  </exclusive>
  <sporty>
   no
  </sporty>
 </clothing>
 <clothing>
  <id>
   168203720
  </id>
  <name>
   Ellesse Umbrellas E-8856
  </name>
  <category>
   Umbrellas
  </category>
  <size>
   M
  </size>
  <color>
   Зеленый
  </color>
  <material>
   Полиэстер
  </material>
  <price>
   151810
  </price>
  <rating>
   1.14
  </rating>
  <reviews>
   446785
  </reviews>
  <new>
   +
  </new>
  <exclusive>
   yes
  </exclusive>
 </clothing>
 <clothing>
  <id>
   526154047
  </id>
  <name>
   Addidas T-shirt U-4623
  </name>
  <category>
   T-shirt
  </category>
  <size>
   M
  </size>
  <color>
   Красный
  </color>
  <material>
   Кожа
  </material>
  <price>
   498438
  </price>
  <rating>
   4.41
  </rating>
  <reviews>
   938314
  </reviews>
 </clothing>
 <clothing>
  <id>
   993731496
  </id>
  <name>
   Vans Handbags B-8411
  </name>
  <category>
   Handbags
  </category>
  <size>
   M
  </size>
  <color>
   Фиолетовый
  </color>
  <material>
   Лен
  </material>
  <price>
   790302
  </price>
  <rating>
   4.88
  </rating>
  <reviews>
   361260
  </reviews>
  <new>
   +
  </new>
 </clothing>
 <clothing>
  <id>
   595711022
  </id>
  <name>
   Adidas Sweater J-1959
  </name>
  <category>
   Sweater
  </category>
  <size>
   S
  </size>
  <color>
   Красный
  </color>
  <material>
   Кожа
  </material>
  <price>
   860934
  </price>
  <rating>
   1.42
  </rating>
  <reviews>
   444406
  </reviews>
  <new>
   +
  </new>
  <exclusive>
   yes
  </exclusive>
 </clothing>
</clothing-items>
