<?xml version="1.0" encoding="utf-8"?>
<clothing-items>
 <clothing>
  <id>
   212719024
  </id>
  <name>
   Nike Dress B-3093
  </name>
  <category>
   Dress
  </category>
  <size>
   M
  </size>
  <color>
   Синий
  </color>
  <material>
   Полиэстер
  </material>
  <price>
   434215
  </price>
  <rating>
   3.51
  </rating>
  <reviews>
   475457
  </reviews>
 </clothing>
 <clothing>
  <id>
   715980384
  </id>
  <name>
   PleinSport Blouse R-7048
  </name>
  <category>
   Blouse
  </category>
  <size>
   L
  </size>
  <color>
   Синий
  </color>
  <material>
   Лен
  </material>
  <price>
   390927
  </price>
  <rating>
   1.37
  </rating>
  <reviews>
   965361
  </reviews>
  <new>
   -
  </new>
  <sporty>
   yes
  </sporty>
 </clothing>
 <clothing>
  <id>
   135995485
  </id>
  <name>
   Vans Skirt O-8602
  </name>
  <category>
   Skirt
  </category>
  <size>
   XXL
  </size>
  <color>
   Синий
  </color>
  <material>
   Полиэстер
  </material>
  <price>
   593839
  </price>
  <rating>
   3.16
  </rating>
  <reviews>
   867096
  </reviews>
  <exclusive>
   yes
  </exclusive>
 </clothing>
 <clothing>
  <id>
   284194829
  </id>
  <name>
   Puma Handbags E-5636
  </name>
  <category>
   Handbags
  </category>
  <size>
   XL
  </size>
  <color>
   Фиолетовый
  </color>
  <material>
   Полиэстер
  </material>
  <price>
   201977
  </price>
  <rating>
   1.74
  </rating>
  <reviews>
   432366
  </reviews>
  <new>
   +
  </new>
  <exclusive>
   no
  </exclusive>
 </clothing>
 <clothing>
  <id>
   457843064
  </id>
  <name>
   Vans Blouse W-2250
  </name>
  <category>
   Blouse
  </category>
  <size>
   L
  </size>
  <color>
   Оранжевый
  </color>
  <material>
   Нейлон
  </material>
  <price>
   166866
  </price>
  <rating>
   3.16
  </rating>
  <reviews>
   549052
  </reviews>
  <new>
   -
  </new>
  <sporty>
   no
  </sporty>
 </clothing>
 <clothing>
  <id>
   206103966
  </id>
  <name>
   Brooks Belts P-9256
  </name>
  <category>
   Belts
  </category>
  <size>
   XXL
  </size>
  <color>
   Желтый
  </color>
  <material>
   Вискоза
  </material>
  <price>
   587798
  </price>
  <rating>
   3.15
  </rating>
  <reviews>
   460584
  </reviews>
  <new>
   +
  </new>
  <exclusive>
   no
  </exclusive>
 </clothing>
 <clothing>
  <id>
   980614779
  </id>
  <name>
   Nike Skirt I-6269
  </name>
  <category>
   Skirt
  </category>
  <size>
   M
  </size>
  <color>
   Оранжевый
  </color>
  <material>
   Шелк
  </material>
  <price>
   324617
  </price>
  <rating>
   1.77
  </rating>
  <reviews>
   466748
  </reviews>
  <new>
   -
  </new>
  <exclusive>
   yes
  </exclusive>
  <sporty>
   yes
  </sporty>
 </clothing>
 <clothing>
  <id>
   364719964
  </id>
  <name>
   Converse Belts H-6372
  </name>
  <category>
   Belts
  </category>
  <size>
   L
  </size>
  <color>
   Фиолетовый
  </color>
  <material>
   Кожа
  </material>
  <price>
   994316
  </price>
  <rating>
   3.35
  </rating>
  <reviews>
   304970
  </reviews>
  <new>
   -
  </new>
  <sporty>
   no
  </sporty>
 </clothing>
 <clothing>
  <id>
   396086228
  </id>
  <name>
   Adidas Jacket J-8512
  </name>
  <category>
   Jacket
  </category>
  <size>
   L
  </size>
  <color>
   Желтый
  </color>
  <material>
   Хлопок
  </material>
  <price>
   869142
  </price>
  <rating>
   3.93
  </rating>
  <reviews>
   989464
  </reviews>
  <new>
   +
  </new>
  <exclusive>
   no
  </exclusive>
 </clothing>
 <clothing>
  <id>
   948101631
  </id>
  <name>
   Lacoste T-shirt T-6539
  </name>
  <category>
   T-shirt
  </category>
  <size>
   M
  </size>
  <color>
   Красный
  </color>
  <material>
   Полиэстер
  </material>
  <price>
   588130
  </price>
  <rating>
   1.65
  </rating>
  <reviews>
   393709
  </reviews>
  <exclusive>
   no
  </exclusive>
  <sporty>
   no
  </sporty>
 </clothing>
 <clothing>
  <id>
   153678773
  </id>
  <name>
   Ellesse Umbrellas L-6803
  </name>
  <category>
   Umbrellas
  </category>
  <size>
   XL
  </size>
  <color>
   Голубой
  </color>
  <material>
   Шерсть
  </material>
  <price>
   666101
  </price>
  <rating>
   3.64
  </rating>
  <reviews>
   425650
  </reviews>
  <exclusive>
   no
  </exclusive>
  <sporty>
   yes
  </sporty>
 </clothing>
 <clothing>
  <id>
   116526112
  </id>
  <name>
   Nike Pants J-8286
  </name>
  <category>
   Pants
  </category>
  <size>
   XXL
  </size>
  <color>
   Фиолетовый
  </color>
  <material>
   Нейлон
  </material>
  <price>
   500880
  </price>
  <rating>
   1.01
  </rating>
  <reviews>
   150251
  </reviews>
  <sporty>
   no
  </sporty>
 </clothing>
 <clothing>
  <id>
   477723531
  </id>
  <name>
   Reebok Socks R-2907
  </name>
  <category>
   Socks
  </category>
  <size>
   M
  </size>
  <color>
   Желтый
  </color>
  <material>
   Шерсть
  </material>
  <price>
   809369
  </price>
  <rating>
   3.7
  </rating>
  <reviews>
   389958
  </reviews>
  <sporty>
   no
  </sporty>
 </clothing>
 <clothing>
  <id>
   728412851
  </id>
  <name>
   Converse Shirt H-1406
  </name>
  <category>
   Shirt
  </category>
  <size>
   S
  </size>
  <color>
   Желтый
  </color>
  <material>
   Нейлон
  </material>
  <price>
   685430
  </price>
  <rating>
   2.56
  </rating>
  <reviews>
   898617
  </reviews>
  <exclusive>
   yes
  </exclusive>
  <sporty>
   yes
  </sporty>
 </clothing>
</clothing-items>
