<?xml version="1.0" encoding="utf-8"?>
<clothing-items>
 <clothing>
  <id>
   940147730
  </id>
  <name>
   Puma Belts T-5855
  </name>
  <category>
   Belts
  </category>
  <size>
   XL
  </size>
  <color>
   Оранжевый
  </color>
  <material>
   Шерсть
  </material>
  <price>
   202988
  </price>
  <rating>
   1.14
  </rating>
  <reviews>
   403678
  </reviews>
  <new>
   +
  </new>
 </clothing>
 <clothing>
  <id>
   990017381
  </id>
  <name>
   Vans Blouse F-6659
  </name>
  <category>
   Blouse
  </category>
  <size>
   M
  </size>
  <color>
   Голубой
  </color>
  <material>
   Хлопок
  </material>
  <price>
   263172
  </price>
  <rating>
   4.83
  </rating>
  <reviews>
   920787
  </reviews>
  <sporty>
   no
  </sporty>
 </clothing>
 <clothing>
  <id>
   498433365
  </id>
  <name>
   Reebok Pants F-9965
  </name>
  <category>
   Pants
  </category>
  <size>
   S
  </size>
  <color>
   Зеленый
  </color>
  <material>
   Шерсть
  </material>
  <price>
   644730
  </price>
  <rating>
   1.35
  </rating>
  <reviews>
   145038
  </reviews>
  <exclusive>
   no
  </exclusive>
 </clothing>
 <clothing>
  <id>
   617970529
  </id>
  <name>
   Under Armour Blouse Y-1805
  </name>
  <category>
   Blouse
  </category>
  <size>
   M
  </size>
  <color>
   Желтый
  </color>
  <material>
   Кожа
  </material>
  <price>
   417398
  </price>
  <rating>
   4.19
  </rating>
  <reviews>
   705371
  </reviews>
  <exclusive>
   no
  </exclusive>
 </clothing>
 <clothing>
  <id>
   760207883
  </id>
  <name>
   Ellesse Socks B-2782
  </name>
  <category>
   Socks
  </category>
  <size>
   M
  </size>
  <color>
   Красный
  </color>
  <material>
   Вискоза
  </material>
  <price>
   841365
  </price>
  <rating>
   4.44
  </rating>
  <reviews>
   119197
  </reviews>
  <new>
   -
  </new>
  <exclusive>
   no
  </exclusive>
  <sporty>
   no
  </sporty>
 </clothing>
 <clothing>
  <id>
   143105838
  </id>
  <name>
   Vans Hat C-1753
  </name>
  <category>
   Hat
  </category>
  <size>
   M
  </size>
  <color>
   Желтый
  </color>
  <material>
   Шерсть
  </material>
  <price>
   363920
  </price>
  <rating>
   4.63
  </rating>
  <reviews>
   279842
  </reviews>
  <new>
   -
  </new>
  <sporty>
   yes
  </sporty>
 </clothing>
 <clothing>
  <id>
   863349241
  </id>
  <name>
   Fila Shirt S-9020
  </name>
  <category>
   Shirt
  </category>
  <size>
   M
  </size>
  <color>
   Голубой
  </color>
  <material>
   Шелк
  </material>
  <price>
   264537
  </price>
  <rating>
   4.02
  </rating>
  <reviews>
   554097
  </reviews>
  <exclusive>
   no
  </exclusive>
 </clothing>
 <clothing>
  <id>
   428938286
  </id>
  <name>
   Nike Blouse W-7976
  </name>
  <category>
   Blouse
  </category>
  <size>
   M
  </size>
  <color>
   Оранжевый
  </color>
  <material>
   Шелк
  </material>
  <price>
   787784
  </price>
  <rating>
   2.79
  </rating>
  <reviews>
   353427
  </reviews>
  <new>
   +
  </new>
  <exclusive>
   yes
  </exclusive>
  <sporty>
   no
  </sporty>
 </clothing>
 <clothing>
  <id>
   850832499
  </id>
  <name>
   Lacoste Pants D-3225
  </name>
  <category>
   Pants
  </category>
  <size>
   S
  </size>
  <color>
   Голубой
  </color>
  <material>
   Нейлон
  </material>
  <price>
   238045
  </price>
  <rating>
   2.2
  </rating>
  <reviews>
   182102
  </reviews>
  <new>
   +
  </new>
  <exclusive>
   no
  </exclusive>
  <sporty>
   no
  </sporty>
 </clothing>
 <clothing>
  <id>
   530553779
  </id>
  <name>
   Fila Belts E-9613
  </name>
  <category>
   Belts
  </category>
  <size>
   S
  </size>
  <color>
   Голубой
  </color>
  <material>
   Кожа
  </material>
  <price>
   197210
  </price>
  <rating>
   4.57
  </rating>
  <reviews>
   706877
  </reviews>
  <exclusive>
   no
  </exclusive>
  <sporty>
   no
  </sporty>
 </clothing>
 <clothing>
  <id>
   207240908
  </id>
  <name>
   Under Armour Dress X-9852
  </name>
  <category>
   Dress
  </category>
  <size>
   XL
  </size>
  <color>
   Синий
  </color>
  <material>
   Кожа
  </material>
  <price>
   721647
  </price>
  <rating>
   3.67
  </rating>
  <reviews>
   756686
  </reviews>
  <new>
   -
  </new>
  <exclusive>
   yes
  </exclusive>
  <sporty>
   no
  </sporty>
 </clothing>
 <clothing>
  <id>
   565635414
  </id>
  <name>
   New Balance Dress Z-1596
  </name>
  <category>
   Dress
  </category>
  <size>
   XXL
  </size>
  <color>
   Синий
  </color>
  <material>
   Шелк
  </material>
  <price>
   985602
  </price>
  <rating>
   1.59
  </rating>
  <reviews>
   83763
  </reviews>
  <new>
   +
  </new>
  <exclusive>
   no
  </exclusive>
  <sporty>
   no
  </sporty>
 </clothing>
 <clothing>
  <id>
   221540114
  </id>
  <name>
   Lacoste Hat X-2974
  </name>
  <category>
   Hat
  </category>
  <size>
   XXL
  </size>
  <color>
   Красный
  </color>
  <material>
   Лен
  </material>
  <price>
   936812
  </price>
  <rating>
   4.9
  </rating>
  <reviews>
   641683
  </reviews>
  <exclusive>
   no
  </exclusive>
 </clothing>
 <clothing>
  <id>
   992004997
  </id>
  <name>
   Addidas Umbrellas J-6800
  </name>
  <category>
   Umbrellas
  </category>
  <size>
   S
  </size>
  <color>
   Синий
  </color>
  <material>
   Нейлон
  </material>
  <price>
   477816
  </price>
  <rating>
   4.21
  </rating>
  <reviews>
   793708
  </reviews>
  <new>
   +
  </new>
  <exclusive>
   no
  </exclusive>
  <sporty>
   no
  </sporty>
 </clothing>
 <clothing>
  <id>
   234896823
  </id>
  <name>
   Brooks Gloves R-3192
  </name>
  <category>
   Gloves
  </category>
  <size>
   S
  </size>
  <color>
   Зеленый
  </color>
  <material>
   Шерсть
  </material>
  <price>
   530695
  </price>
  <rating>
   1.79
  </rating>
  <reviews>
   955131
  </reviews>
  <new>
   +
  </new>
  <sporty>
   no
  </sporty>
 </clothing>
 <clothing>
  <id>
   982109175
  </id>
  <name>
   Brooks Hat I-5335
  </name>
  <category>
   Hat
  </category>
  <size>
   S
  </size>
  <color>
   Красный
  </color>
  <material>
   Вискоза
  </material>
  <price>
   638106
  </price>
  <rating>
   3.81
  </rating>
  <reviews>
   43379
  </reviews>
  <new>
   -
  </new>
  <exclusive>
   yes
  </exclusive>
 </clothing>
</clothing-items>
