<?xml version="1.0" encoding="utf-8"?>
<clothing-items>
 <clothing>
  <id>
   754287353
  </id>
  <name>
   Addidas Shoes X-4167
  </name>
  <category>
   Shoes
  </category>
  <size>
   L
  </size>
  <color>
   Фиолетовый
  </color>
  <material>
   Полиэстер
  </material>
  <price>
   283698
  </price>
  <rating>
   4.93
  </rating>
  <reviews>
   75026
  </reviews>
  <exclusive>
   no
  </exclusive>
  <sporty>
   yes
  </sporty>
 </clothing>
 <clothing>
  <id>
   602215609
  </id>
  <name>
   DC Blouse T-1202
  </name>
  <category>
   Blouse
  </category>
  <size>
   S
  </size>
  <color>
   Голубой
  </color>
  <material>
   Кожа
  </material>
  <price>
   692396
  </price>
  <rating>
   2.35
  </rating>
  <reviews>
   947902
  </reviews>
  <exclusive>
   no
  </exclusive>
 </clothing>
 <clothing>
  <id>
   961970083
  </id>
  <name>
   Brooks Sweater J-9239
  </name>
  <category>
   Sweater
  </category>
  <size>
   XXL
  </size>
  <color>
   Оранжевый
  </color>
  <material>
   Лен
  </material>
  <price>
   747979
  </price>
  <rating>
   2.23
  </rating>
  <reviews>
   526577
  </reviews>
  <new>
   +
  </new>
  <exclusive>
   no
  </exclusive>
 </clothing>
 <clothing>
  <id>
   967583778
  </id>
  <name>
   Under Armour Shoes X-5234
  </name>
  <category>
   Shoes
  </category>
  <size>
   M
  </size>
  <color>
   Голубой
  </color>
  <material>
   Полиэстер
  </material>
  <price>
   739685
  </price>
  <rating>
   4.13
  </rating>
  <reviews>
   883156
  </reviews>
  <new>
   -
  </new>
  <exclusive>
   no
  </exclusive>
  <sporty>
   no
  </sporty>
 </clothing>
 <clothing>
  <id>
   450142160
  </id>
  <name>
   Addidas Pants K-7024
  </name>
  <category>
   Pants
  </category>
  <size>
   XXL
  </size>
  <color>
   Зеленый
  </color>
  <material>
   Нейлон
  </material>
  <price>
   692922
  </price>
  <rating>
   2.94
  </rating>
  <reviews>
   70698
  </reviews>
  <exclusive>
   no
  </exclusive>
 </clothing>
 <clothing>
  <id>
   111643353
  </id>
  <name>
   New Balance T-shirt X-5122
  </name>
  <category>
   T-shirt
  </category>
  <size>
   L
  </size>
  <color>
   Зеленый
  </color>
  <material>
   Вискоза
  </material>
  <price>
   803163
  </price>
  <rating>
   1.13
  </rating>
  <reviews>
   385574
  </reviews>
  <exclusive>
   no
  </exclusive>
 </clothing>
 <clothing>
  <id>
   726796652
  </id>
  <name>
   DC Blouse K-6771
  </name>
  <category>
   Blouse
  </category>
  <size>
   XXL
  </size>
  <color>
   Желтый
  </color>
  <material>
   Вискоза
  </material>
  <price>
   700827
  </price>
  <rating>
   3.6
  </rating>
  <reviews>
   342707
  </reviews>
  <new>
   -
  </new>
  <sporty>
   yes
  </sporty>
 </clothing>
 <clothing>
  <id>
   699309737
  </id>
  <name>
   Nike Belts U-7301
  </name>
  <category>
   Belts
  </category>
  <size>
   L
  </size>
  <color>
   Оранжевый
  </color>
  <material>
   Кожа
  </material>
  <price>
   576218
  </price>
  <rating>
   1.24
  </rating>
  <reviews>
   201328
  </reviews>
  <new>
   -
  </new>
  <exclusive>
   no
  </exclusive>
  <sporty>
   no
  </sporty>
 </clothing>
 <clothing>
  <id>
   794760190
  </id>
  <name>
   Brooks T-shirt I-9106
  </name>
  <category>
   T-shirt
  </category>
  <size>
   M
  </size>
  <color>
   Синий
  </color>
  <material>
   Шерсть
  </material>
  <price>
   555011
  </price>
  <rating>
   2.34
  </rating>
  <reviews>
   756730
  </reviews>
  <new>
   -
  </new>
  <exclusive>
   yes
  </exclusive>
  <sporty>
   no
  </sporty>
 </clothing>
 <clothing>
  <id>
   335525759
  </id>
  <name>
   PleinSport Sweater C-4986
  </name>
  <category>
   Sweater
  </category>
  <size>
   M
  </size>
  <color>
   Синий
  </color>
  <material>
   Нейлон
  </material>
  <price>
   691874
  </price>
  <rating>
   4.84
  </rating>
  <reviews>
   643003
  </reviews>
  <new>
   -
  </new>
  <exclusive>
   yes
  </exclusive>
 </clothing>
 <clothing>
  <id>
   871057233
  </id>
  <name>
   Under Armour Umbrellas P-6432
  </name>
  <category>
   Umbrellas
  </category>
  <size>
   XL
  </size>
  <color>
   Синий
  </color>
  <material>
   Хлопок
  </material>
  <price>
   110933
  </price>
  <rating>
   2.68
  </rating>
  <reviews>
   23701
  </reviews>
  <sporty>
   yes
  </sporty>
 </clothing>
 <clothing>
  <id>
   517245498
  </id>
  <name>
   Lacoste T-shirt T-4930
  </name>
  <category>
   T-shirt
  </category>
  <size>
   M
  </size>
  <color>
   Оранжевый
  </color>
  <material>
   Полиэстер
  </material>
  <price>
   807254
  </price>
  <rating>
   1.72
  </rating>
  <reviews>
   758053
  </reviews>
  <new>
   +
  </new>
  <exclusive>
   yes
  </exclusive>
  <sporty>
   no
  </sporty>
 </clothing>
</clothing-items>
