<?xml version="1.0" encoding="utf-8"?>
<clothing-items>
 <clothing>
  <id>
   461527881
  </id>
  <name>
   Nike Handbags X-7917
  </name>
  <category>
   Handbags
  </category>
  <size>
   L
  </size>
  <color>
   Оранжевый
  </color>
  <material>
   Полиэстер
  </material>
  <price>
   424390
  </price>
  <rating>
   3.55
  </rating>
  <reviews>
   243612
  </reviews>
  <sporty>
   no
  </sporty>
 </clothing>
 <clothing>
  <id>
   810004590
  </id>
  <name>
   Converse Shoes L-7536
  </name>
  <category>
   Shoes
  </category>
  <size>
   M
  </size>
  <color>
   Голубой
  </color>
  <material>
   Вискоза
  </material>
  <price>
   436434
  </price>
  <rating>
   3.6
  </rating>
  <reviews>
   640462
  </reviews>
  <sporty>
   yes
  </sporty>
 </clothing>
 <clothing>
  <id>
   384833167
  </id>
  <name>
   Puma Belts L-9246
  </name>
  <category>
   Belts
  </category>
  <size>
   XL
  </size>
  <color>
   Синий
  </color>
  <material>
   Нейлон
  </material>
  <price>
   214797
  </price>
  <rating>
   3.19
  </rating>
  <reviews>
   579917
  </reviews>
  <new>
   +
  </new>
  <exclusive>
   no
  </exclusive>
 </clothing>
 <clothing>
  <id>
   936999519
  </id>
  <name>
   Puma Belts P-3705
  </name>
  <category>
   Belts
  </category>
  <size>
   S
  </size>
  <color>
   Синий
  </color>
  <material>
   Шерсть
  </material>
  <price>
   508491
  </price>
  <rating>
   1.29
  </rating>
  <reviews>
   98565
  </reviews>
  <new>
   +
  </new>
  <exclusive>
   no
  </exclusive>
  <sporty>
   no
  </sporty>
 </clothing>
 <clothing>
  <id>
   568176606
  </id>
  <name>
   Converse T-shirt T-2600
  </name>
  <category>
   T-shirt
  </category>
  <size>
   L
  </size>
  <color>
   Синий
  </color>
  <material>
   Шелк
  </material>
  <price>
   171127
  </price>
  <rating>
   1.8
  </rating>
  <reviews>
   888274
  </reviews>
  <new>
   -
  </new>
  <sporty>
   no
  </sporty>
 </clothing>
 <clothing>
  <id>
   879658447
  </id>
  <name>
   Puma Handbags R-6153
  </name>
  <category>
   Handbags
  </category>
  <size>
   XXL
  </size>
  <color>
   Голубой
  </color>
  <material>
   Хлопок
  </material>
  <price>
   138353
  </price>
  <rating>
   2.11
  </rating>
  <reviews>
   892063
  </reviews>
  <exclusive>
   no
  </exclusive>
  <sporty>
   yes
  </sporty>
 </clothing>
 <clothing>
  <id>
   358738807
  </id>
  <name>
   Under Armour Pants Q-2889
  </name>
  <category>
   Pants
  </category>
  <size>
   L
  </size>
  <color>
   Фиолетовый
  </color>
  <material>
   Хлопок
  </material>
  <price>
   849479
  </price>
  <rating>
   2.59
  </rating>
  <reviews>
   384537
  </reviews>
  <new>
   +
  </new>
  <exclusive>
   no
  </exclusive>
 </clothing>
 <clothing>
  <id>
   932668493
  </id>
  <name>
   Fila Shirt O-4632
  </name>
  <category>
   Shirt
  </category>
  <size>
   XXL
  </size>
  <color>
   Синий
  </color>
  <material>
   Хлопок
  </material>
  <price>
   974858
  </price>
  <rating>
   2.0
  </rating>
  <reviews>
   388039
  </reviews>
  <new>
   +
  </new>
  <exclusive>
   no
  </exclusive>
  <sporty>
   no
  </sporty>
 </clothing>
 <clothing>
  <id>
   753324821
  </id>
  <name>
   Fila Hat F-1606
  </name>
  <category>
   Hat
  </category>
  <size>
   XXL
  </size>
  <color>
   Синий
  </color>
  <material>
   Лен
  </material>
  <price>
   388924
  </price>
  <rating>
   4.95
  </rating>
  <reviews>
   619076
  </reviews>
  <new>
   +
  </new>
  <sporty>
   yes
  </sporty>
 </clothing>
 <clothing>
  <id>
   439536156
  </id>
  <name>
   Puma Jacket F-4473
  </name>
  <category>
   Jacket
  </category>
  <size>
   S
  </size>
  <color>
   Зеленый
  </color>
  <material>
   Вискоза
  </material>
  <price>
   103291
  </price>
  <rating>
   4.94
  </rating>
  <reviews>
   330064
  </reviews>
 </clothing>
 <clothing>
  <id>
   460361597
  </id>
  <name>
   Addidas Umbrellas V-7443
  </name>
  <category>
   Umbrellas
  </category>
  <size>
   XL
  </size>
  <color>
   Фиолетовый
  </color>
  <material>
   Вискоза
  </material>
  <price>
   463759
  </price>
  <rating>
   1.24
  </rating>
  <reviews>
   114519
  </reviews>
  <new>
   -
  </new>
  <exclusive>
   no
  </exclusive>
 </clothing>
 <clothing>
  <id>
   979134067
  </id>
  <name>
   Lacoste Skirt R-3732
  </name>
  <category>
   Skirt
  </category>
  <size>
   S
  </size>
  <color>
   Фиолетовый
  </color>
  <material>
   Лен
  </material>
  <price>
   245395
  </price>
  <rating>
   3.4
  </rating>
  <reviews>
   222793
  </reviews>
  <sporty>
   yes
  </sporty>
 </clothing>
 <clothing>
  <id>
   129957827
  </id>
  <name>
   Nike Pants T-2957
  </name>
  <category>
   Pants
  </category>
  <size>
   L
  </size>
  <color>
   Фиолетовый
  </color>
  <material>
   Хлопок
  </material>
  <price>
   691645
  </price>
  <rating>
   2.93
  </rating>
  <reviews>
   289254
  </reviews>
  <new>
   +
  </new>
  <exclusive>
   yes
  </exclusive>
  <sporty>
   no
  </sporty>
 </clothing>
 <clothing>
  <id>
   991338811
  </id>
  <name>
   New Balance Jacket T-9049
  </name>
  <category>
   Jacket
  </category>
  <size>
   XL
  </size>
  <color>
   Голубой
  </color>
  <material>
   Шерсть
  </material>
  <price>
   691539
  </price>
  <rating>
   4.43
  </rating>
  <reviews>
   913043
  </reviews>
  <new>
   -
  </new>
 </clothing>
 <clothing>
  <id>
   323248449
  </id>
  <name>
   Addidas Umbrellas S-6261
  </name>
  <category>
   Umbrellas
  </category>
  <size>
   XL
  </size>
  <color>
   Желтый
  </color>
  <material>
   Шерсть
  </material>
  <price>
   387478
  </price>
  <rating>
   1.29
  </rating>
  <reviews>
   165747
  </reviews>
  <new>
   +
  </new>
  <exclusive>
   no
  </exclusive>
  <sporty>
   no
  </sporty>
 </clothing>
 <clothing>
  <id>
   349214896
  </id>
  <name>
   Puma Blouse X-9588
  </name>
  <category>
   Blouse
  </category>
  <size>
   M
  </size>
  <color>
   Оранжевый
  </color>
  <material>
   Шелк
  </material>
  <price>
   395494
  </price>
  <rating>
   3.62
  </rating>
  <reviews>
   713191
  </reviews>
  <new>
   +
  </new>
  <exclusive>
   no
  </exclusive>
  <sporty>
   yes
  </sporty>
 </clothing>
 <clothing>
  <id>
   453544717
  </id>
  <name>
   Ellesse Jacket U-7964
  </name>
  <category>
   Jacket
  </category>
  <size>
   XXL
  </size>
  <color>
   Красный
  </color>
  <material>
   Нейлон
  </material>
  <price>
   934946
  </price>
  <rating>
   3.2
  </rating>
  <reviews>
   464909
  </reviews>
 </clothing>
 <clothing>
  <id>
   533816930
  </id>
  <name>
   Fila Gloves B-2059
  </name>
  <category>
   Gloves
  </category>
  <size>
   M
  </size>
  <color>
   Красный
  </color>
  <material>
   Лен
  </material>
  <price>
   615032
  </price>
  <rating>
   2.29
  </rating>
  <reviews>
   279555
  </reviews>
  <new>
   -
  </new>
  <exclusive>
   yes
  </exclusive>
  <sporty>
   yes
  </sporty>
 </clothing>
 <clothing>
  <id>
   344418137
  </id>
  <name>
   PleinSport Handbags Y-1174
  </name>
  <category>
   Handbags
  </category>
  <size>
   XL
  </size>
  <color>
   Красный
  </color>
  <material>
   Нейлон
  </material>
  <price>
   528879
  </price>
  <rating>
   2.52
  </rating>
  <reviews>
   980991
  </reviews>
  <sporty>
   no
  </sporty>
 </clothing>
 <clothing>
  <id>
   520361910
  </id>
  <name>
   Brooks Handbags I-7810
  </name>
  <category>
   Handbags
  </category>
  <size>
   M
  </size>
  <color>
   Зеленый
  </color>
  <material>
   Кожа
  </material>
  <price>
   803018
  </price>
  <rating>
   4.82
  </rating>
  <reviews>
   759148
  </reviews>
  <exclusive>
   no
  </exclusive>
 </clothing>
 <clothing>
  <id>
   147724069
  </id>
  <name>
   Fila Belts M-9111
  </name>
  <category>
   Belts
  </category>
  <size>
   XXL
  </size>
  <color>
   Синий
  </color>
  <material>
   Лен
  </material>
  <price>
   364355
  </price>
  <rating>
   2.21
  </rating>
  <reviews>
   284410
  </reviews>
  <new>
   +
  </new>
  <exclusive>
   no
  </exclusive>
  <sporty>
   no
  </sporty>
 </clothing>
 <clothing>
  <id>
   290637285
  </id>
  <name>
   Addidas Shirt L-3958
  </name>
  <category>
   Shirt
  </category>
  <size>
   L
  </size>
  <color>
   Зеленый
  </color>
  <material>
   Лен
  </material>
  <price>
   780099
  </price>
  <rating>
   2.71
  </rating>
  <reviews>
   231529
  </reviews>
  <new>
   -
  </new>
  <exclusive>
   yes
  </exclusive>
 </clothing>
 <clothing>
  <id>
   416482656
  </id>
  <name>
   Brooks Jeans X-1662
  </name>
  <category>
   Jeans
  </category>
  <size>
   XL
  </size>
  <color>
   Оранжевый
  </color>
  <material>
   Шелк
  </material>
  <price>
   999801
  </price>
  <rating>
   4.08
  </rating>
  <reviews>
   215596
  </reviews>
  <new>
   +
  </new>
  <exclusive>
   no
  </exclusive>
  <sporty>
   yes
  </sporty>
 </clothing>
 <clothing>
  <id>
   383712426
  </id>
  <name>
   Puma Belts L-8618
  </name>
  <category>
   Belts
  </category>
  <size>
   L
  </size>
  <color>
   Оранжевый
  </color>
  <material>
   Кожа
  </material>
  <price>
   284557
  </price>
  <rating>
   3.94
  </rating>
  <reviews>
   485746
  </reviews>
  <new>
   +
  </new>
 </clothing>
 <clothing>
  <id>
   543050663
  </id>
  <name>
   Under Armour Hat B-8273
  </name>
  <category>
   Hat
  </category>
  <size>
   S
  </size>
  <color>
   Желтый
  </color>
  <material>
   Хлопок
  </material>
  <price>
   733845
  </price>
  <rating>
   1.06
  </rating>
  <reviews>
   325330
  </reviews>
  <new>
   +
  </new>
  <exclusive>
   no
  </exclusive>
  <sporty>
   no
  </sporty>
 </clothing>
 <clothing>
  <id>
   168712356
  </id>
  <name>
   Puma Umbrellas O-5448
  </name>
  <category>
   Umbrellas
  </category>
  <size>
   XL
  </size>
  <color>
   Зеленый
  </color>
  <material>
   Нейлон
  </material>
  <price>
   437521
  </price>
  <rating>
   1.64
  </rating>
  <reviews>
   383205
  </reviews>
  <new>
   -
  </new>
 </clothing>
 <clothing>
  <id>
   778476066
  </id>
  <name>
   Converse Shoes X-8563
  </name>
  <category>
   Shoes
  </category>
  <size>
   S
  </size>
  <color>
   Голубой
  </color>
  <material>
   Кожа
  </material>
  <price>
   570316
  </price>
  <rating>
   2.5
  </rating>
  <reviews>
   23525
  </reviews>
  <exclusive>
   no
  </exclusive>
 </clothing>
 <clothing>
  <id>
   434824747
  </id>
  <name>
   Addidas Belts Y-4781
  </name>
  <category>
   Belts
  </category>
  <size>
   M
  </size>
  <color>
   Фиолетовый
  </color>
  <material>
   Шелк
  </material>
  <price>
   479227
  </price>
  <rating>
   2.5
  </rating>
  <reviews>
   469260
  </reviews>
  <new>
   +
  </new>
 </clothing>
 <clothing>
  <id>
   347713520
  </id>
  <name>
   PleinSport Dress Z-7733
  </name>
  <category>
   Dress
  </category>
  <size>
   S
  </size>
  <color>
   Фиолетовый
  </color>
  <material>
   Лен
  </material>
  <price>
   111830
  </price>
  <rating>
   3.27
  </rating>
  <reviews>
   232325
  </reviews>
  <new>
   -
  </new>
 </clothing>
 <clothing>
  <id>
   334867184
  </id>
  <name>
   Ellesse Socks T-5404
  </name>
  <category>
   Socks
  </category>
  <size>
   M
  </size>
  <color>
   Голубой
  </color>
  <material>
   Нейлон
  </material>
  <price>
   155140
  </price>
  <rating>
   4.57
  </rating>
  <reviews>
   189248
  </reviews>
  <sporty>
   no
  </sporty>
 </clothing>
 <clothing>
  <id>
   146946156
  </id>
  <name>
   Nike Socks Q-9474
  </name>
  <category>
   Socks
  </category>
  <size>
   M
  </size>
  <color>
   Желтый
  </color>
  <material>
   Вискоза
  </material>
  <price>
   870951
  </price>
  <rating>
   3.15
  </rating>
  <reviews>
   708559
  </reviews>
  <exclusive>
   yes
  </exclusive>
  <sporty>
   yes
  </sporty>
 </clothing>
 <clothing>
  <id>
   218682008
  </id>
  <name>
   Ellesse Hat Q-9692
  </name>
  <category>
   Hat
  </category>
  <size>
   L
  </size>
  <color>
   Синий
  </color>
  <material>
   Лен
  </material>
  <price>
   673025
  </price>
  <rating>
   2.31
  </rating>
  <reviews>
   750977
  </reviews>
  <exclusive>
   no
  </exclusive>
  <sporty>
   yes
  </sporty>
 </clothing>
 <clothing>
  <id>
   537725684
  </id>
  <name>
   Asics Shoes K-4362
  </name>
  <category>
   Shoes
  </category>
  <size>
   M
  </size>
  <color>
   Зеленый
  </color>
  <material>
   Лен
  </material>
  <price>
   116509
  </price>
  <rating>
   4.94
  </rating>
  <reviews>
   57622
  </reviews>
  <exclusive>
   no
  </exclusive>
  <sporty>
   no
  </sporty>
 </clothing>
 <clothing>
  <id>
   849773998
  </id>
  <name>
   Lacoste Blouse P-4951
  </name>
  <category>
   Blouse
  </category>
  <size>
   XL
  </size>
  <color>
   Синий
  </color>
  <material>
   Полиэстер
  </material>
  <price>
   576311
  </price>
  <rating>
   2.03
  </rating>
  <reviews>
   38256
  </reviews>
  <exclusive>
   no
  </exclusive>
 </clothing>
 <clothing>
  <id>
   602802479
  </id>
  <name>
   Lacoste T-shirt T-1201
  </name>
  <category>
   T-shirt
  </category>
  <size>
   M
  </size>
  <color>
   Голубой
  </color>
  <material>
   Полиэстер
  </material>
  <price>
   337403
  </price>
  <rating>
   4.84
  </rating>
  <reviews>
   796815
  </reviews>
  <new>
   -
  </new>
 </clothing>
 <clothing>
  <id>
   197420970
  </id>
  <name>
   Puma Jeans F-2922
  </name>
  <category>
   Jeans
  </category>
  <size>
   L
  </size>
  <color>
   Синий
  </color>
  <material>
   Вискоза
  </material>
  <price>
   311422
  </price>
  <rating>
   3.61
  </rating>
  <reviews>
   542885
  </reviews>
  <new>
   -
  </new>
  <exclusive>
   no
  </exclusive>
 </clothing>
 <clothing>
  <id>
   595408743
  </id>
  <name>
   Lacoste Shirt D-7845
  </name>
  <category>
   Shirt
  </category>
  <size>
   M
  </size>
  <color>
   Оранжевый
  </color>
  <material>
   Лен
  </material>
  <price>
   170554
  </price>
  <rating>
   4.63
  </rating>
  <reviews>
   719977
  </reviews>
  <new>
   -
  </new>
 </clothing>
 <clothing>
  <id>
   714009253
  </id>
  <name>
   Asics Belts T-8007
  </name>
  <category>
   Belts
  </category>
  <size>
   S
  </size>
  <color>
   Оранжевый
  </color>
  <material>
   Вискоза
  </material>
  <price>
   900601
  </price>
  <rating>
   3.71
  </rating>
  <reviews>
   681337
  </reviews>
  <new>
   +
  </new>
  <sporty>
   yes
  </sporty>
 </clothing>
 <clothing>
  <id>
   122208617
  </id>
  <name>
   Ellesse Shirt W-2119
  </name>
  <category>
   Shirt
  </category>
  <size>
   XXL
  </size>
  <color>
   Синий
  </color>
  <material>
   Нейлон
  </material>
  <price>
   781362
  </price>
  <rating>
   1.6
  </rating>
  <reviews>
   193223
  </reviews>
 </clothing>
 <clothing>
  <id>
   638540473
  </id>
  <name>
   New Balance Blouse X-5048
  </name>
  <category>
   Blouse
  </category>
  <size>
   XXL
  </size>
  <color>
   Красный
  </color>
  <material>
   Кожа
  </material>
  <price>
   488060
  </price>
  <rating>
   2.96
  </rating>
  <reviews>
   842749
  </reviews>
  <new>
   -
  </new>
  <exclusive>
   no
  </exclusive>
 </clothing>
 <clothing>
  <id>
   125286422
  </id>
  <name>
   Nike Skirt S-1857
  </name>
  <category>
   Skirt
  </category>
  <size>
   L
  </size>
  <color>
   Красный
  </color>
  <material>
   Хлопок
  </material>
  <price>
   917718
  </price>
  <rating>
   1.34
  </rating>
  <reviews>
   108557
  </reviews>
  <new>
   -
  </new>
  <exclusive>
   no
  </exclusive>
  <sporty>
   yes
  </sporty>
 </clothing>
 <clothing>
  <id>
   540886532
  </id>
  <name>
   PleinSport Belts A-7800
  </name>
  <category>
   Belts
  </category>
  <size>
   XL
  </size>
  <color>
   Голубой
  </color>
  <material>
   Шелк
  </material>
  <price>
   431079
  </price>
  <rating>
   3.37
  </rating>
  <reviews>
   621087
  </reviews>
  <exclusive>
   no
  </exclusive>
  <sporty>
   no
  </sporty>
 </clothing>
 <clothing>
  <id>
   957514485
  </id>
  <name>
   Ellesse Handbags O-6619
  </name>
  <category>
   Handbags
  </category>
  <size>
   L
  </size>
  <color>
   Синий
  </color>
  <material>
   Лен
  </material>
  <price>
   307703
  </price>
  <rating>
   1.2
  </rating>
  <reviews>
   901890
  </reviews>
  <new>
   -
  </new>
  <exclusive>
   yes
  </exclusive>
  <sporty>
   no
  </sporty>
 </clothing>
 <clothing>
  <id>
   807747912
  </id>
  <name>
   Reebok T-shirt D-6859
  </name>
  <category>
   T-shirt
  </category>
  <size>
   M
  </size>
  <color>
   Желтый
  </color>
  <material>
   Лен
  </material>
  <price>
   130490
  </price>
  <rating>
   4.64
  </rating>
  <reviews>
   410803
  </reviews>
  <new>
   -
  </new>
  <exclusive>
   yes
  </exclusive>
  <sporty>
   no
  </sporty>
 </clothing>
 <clothing>
  <id>
   404585452
  </id>
  <name>
   Reebok Umbrellas Y-2835
  </name>
  <category>
   Umbrellas
  </category>
  <size>
   XL
  </size>
  <color>
   Красный
  </color>
  <material>
   Шерсть
  </material>
  <price>
   923585
  </price>
  <rating>
   3.76
  </rating>
  <reviews>
   62425
  </reviews>
  <sporty>
   yes
  </sporty>
 </clothing>
 <clothing>
  <id>
   417711863
  </id>
  <name>
   PleinSport Belts U-2926
  </name>
  <category>
   Belts
  </category>
  <size>
   XXL
  </size>
  <color>
   Зеленый
  </color>
  <material>
   Лен
  </material>
  <price>
   856101
  </price>
  <rating>
   2.04
  </rating>
  <reviews>
   936257
  </reviews>
  <sporty>
   no
  </sporty>
 </clothing>
 <clothing>
  <id>
   204936742
  </id>
  <name>
   Asics Shirt F-2278
  </name>
  <category>
   Shirt
  </category>
  <size>
   M
  </size>
  <color>
   Голубой
  </color>
  <material>
   Хлопок
  </material>
  <price>
   201456
  </price>
  <rating>
   4.97
  </rating>
  <reviews>
   446025
  </reviews>
  <new>
   -
  </new>
  <sporty>
   no
  </sporty>
 </clothing>
 <clothing>
  <id>
   854334260
  </id>
  <name>
   Puma Umbrellas K-6436
  </name>
  <category>
   Umbrellas
  </category>
  <size>
   L
  </size>
  <color>
   Фиолетовый
  </color>
  <material>
   Хлопок
  </material>
  <price>
   493539
  </price>
  <rating>
   2.32
  </rating>
  <reviews>
   102192
  </reviews>
  <exclusive>
   yes
  </exclusive>
 </clothing>
</clothing-items>
