<?xml version="1.0" encoding="utf-8"?>
<clothing-items>
 <clothing>
  <id>
   505217703
  </id>
  <name>
   Ellesse Skirt J-7169
  </name>
  <category>
   Skirt
  </category>
  <size>
   M
  </size>
  <color>
   Голубой
  </color>
  <material>
   Шелк
  </material>
  <price>
   819715
  </price>
  <rating>
   1.85
  </rating>
  <reviews>
   462331
  </reviews>
  <new>
   +
  </new>
 </clothing>
 <clothing>
  <id>
   835182233
  </id>
  <name>
   Adidas Blouse Z-9664
  </name>
  <category>
   Blouse
  </category>
  <size>
   S
  </size>
  <color>
   Желтый
  </color>
  <material>
   Хлопок
  </material>
  <price>
   390095
  </price>
  <rating>
   3.77
  </rating>
  <reviews>
   902872
  </reviews>
 </clothing>
 <clothing>
  <id>
   295623029
  </id>
  <name>
   Adidas Dress Y-5395
  </name>
  <category>
   Dress
  </category>
  <size>
   M
  </size>
  <color>
   Синий
  </color>
  <material>
   Полиэстер
  </material>
  <price>
   469861
  </price>
  <rating>
   1.14
  </rating>
  <reviews>
   135577
  </reviews>
  <new>
   -
  </new>
  <sporty>
   no
  </sporty>
 </clothing>
 <clothing>
  <id>
   729869388
  </id>
  <name>
   Addidas Skirt Z-8901
  </name>
  <category>
   Skirt
  </category>
  <size>
   XXL
  </size>
  <color>
   Зеленый
  </color>
  <material>
   Вискоза
  </material>
  <price>
   931078
  </price>
  <rating>
   2.82
  </rating>
  <reviews>
   730527
  </reviews>
  <exclusive>
   no
  </exclusive>
  <sporty>
   yes
  </sporty>
 </clothing>
 <clothing>
  <id>
   112640942
  </id>
  <name>
   Addidas Jacket Y-5380
  </name>
  <category>
   Jacket
  </category>
  <size>
   XXL
  </size>
  <color>
   Оранжевый
  </color>
  <material>
   Вискоза
  </material>
  <price>
   551257
  </price>
  <rating>
   3.65
  </rating>
  <reviews>
   211916
  </reviews>
  <new>
   +
  </new>
  <exclusive>
   yes
  </exclusive>
  <sporty>
   yes
  </sporty>
 </clothing>
 <clothing>
  <id>
   293220255
  </id>
  <name>
   Fila T-shirt E-1350
  </name>
  <category>
   T-shirt
  </category>
  <size>
   XXL
  </size>
  <color>
   Красный
  </color>
  <material>
   Нейлон
  </material>
  <price>
   261413
  </price>
  <rating>
   2.75
  </rating>
  <reviews>
   432847
  </reviews>
  <new>
   -
  </new>
  <exclusive>
   yes
  </exclusive>
 </clothing>
 <clothing>
  <id>
   873016468
  </id>
  <name>
   Lacoste Sweater L-5528
  </name>
  <category>
   Sweater
  </category>
  <size>
   L
  </size>
  <color>
   Зеленый
  </color>
  <material>
   Вискоза
  </material>
  <price>
   789573
  </price>
  <rating>
   2.79
  </rating>
  <reviews>
   716803
  </reviews>
  <sporty>
   yes
  </sporty>
 </clothing>
 <clothing>
  <id>
   527421236
  </id>
  <name>
   Vans Shirt E-7235
  </name>
  <category>
   Shirt
  </category>
  <size>
   XL
  </size>
  <color>
   Зеленый
  </color>
  <material>
   Лен
  </material>
  <price>
   185051
  </price>
  <rating>
   4.91
  </rating>
  <reviews>
   382393
  </reviews>
  <new>
   +
  </new>
  <sporty>
   no
  </sporty>
 </clothing>
 <clothing>
  <id>
   790195080
  </id>
  <name>
   Addidas Shirt T-3470
  </name>
  <category>
   Shirt
  </category>
  <size>
   XXL
  </size>
  <color>
   Желтый
  </color>
  <material>
   Лен
  </material>
  <price>
   765488
  </price>
  <rating>
   3.46
  </rating>
  <reviews>
   191288
  </reviews>
  <new>
   -
  </new>
 </clothing>
 <clothing>
  <id>
   465223975
  </id>
  <name>
   Lacoste Socks V-5457
  </name>
  <category>
   Socks
  </category>
  <size>
   M
  </size>
  <color>
   Фиолетовый
  </color>
  <material>
   Лен
  </material>
  <price>
   409859
  </price>
  <rating>
   4.13
  </rating>
  <reviews>
   181227
  </reviews>
  <new>
   -
  </new>
  <exclusive>
   no
  </exclusive>
  <sporty>
   no
  </sporty>
 </clothing>
 <clothing>
  <id>
   115300853
  </id>
  <name>
   Asics Sweater C-8029
  </name>
  <category>
   Sweater
  </category>
  <size>
   S
  </size>
  <color>
   Оранжевый
  </color>
  <material>
   Лен
  </material>
  <price>
   714703
  </price>
  <rating>
   1.99
  </rating>
  <reviews>
   70053
  </reviews>
  <new>
   +
  </new>
  <exclusive>
   no
  </exclusive>
  <sporty>
   no
  </sporty>
 </clothing>
 <clothing>
  <id>
   878172874
  </id>
  <name>
   Asics Pants I-6676
  </name>
  <category>
   Pants
  </category>
  <size>
   M
  </size>
  <color>
   Фиолетовый
  </color>
  <material>
   Шерсть
  </material>
  <price>
   415810
  </price>
  <rating>
   4.89
  </rating>
  <reviews>
   830908
  </reviews>
  <new>
   +
  </new>
  <sporty>
   no
  </sporty>
 </clothing>
 <clothing>
  <id>
   921814100
  </id>
  <name>
   Reebok Shoes V-5564
  </name>
  <category>
   Shoes
  </category>
  <size>
   M
  </size>
  <color>
   Красный
  </color>
  <material>
   Нейлон
  </material>
  <price>
   127283
  </price>
  <rating>
   1.86
  </rating>
  <reviews>
   38754
  </reviews>
  <exclusive>
   no
  </exclusive>
 </clothing>
 <clothing>
  <id>
   318152524
  </id>
  <name>
   Brooks Blouse W-9242
  </name>
  <category>
   Blouse
  </category>
  <size>
   L
  </size>
  <color>
   Синий
  </color>
  <material>
   Нейлон
  </material>
  <price>
   989462
  </price>
  <rating>
   3.33
  </rating>
  <reviews>
   547792
  </reviews>
 </clothing>
 <clothing>
  <id>
   597688954
  </id>
  <name>
   Reebok Umbrellas X-1116
  </name>
  <category>
   Umbrellas
  </category>
  <size>
   XL
  </size>
  <color>
   Зеленый
  </color>
  <material>
   Вискоза
  </material>
  <price>
   661754
  </price>
  <rating>
   1.81
  </rating>
  <reviews>
   538478
  </reviews>
  <new>
   -
  </new>
  <exclusive>
   no
  </exclusive>
  <sporty>
   yes
  </sporty>
 </clothing>
 <clothing>
  <id>
   135825499
  </id>
  <name>
   Asics Handbags N-3416
  </name>
  <category>
   Handbags
  </category>
  <size>
   XL
  </size>
  <color>
   Синий
  </color>
  <material>
   Лен
  </material>
  <price>
   806328
  </price>
  <rating>
   1.47
  </rating>
  <reviews>
   856873
  </reviews>
  <new>
   -
  </new>
 </clothing>
 <clothing>
  <id>
   851250497
  </id>
  <name>
   New Balance Jacket H-6807
  </name>
  <category>
   Jacket
  </category>
  <size>
   L
  </size>
  <color>
   Оранжевый
  </color>
  <material>
   Полиэстер
  </material>
  <price>
   910000
  </price>
  <rating>
   1.85
  </rating>
  <reviews>
   940606
  </reviews>
  <new>
   +
  </new>
  <exclusive>
   yes
  </exclusive>
  <sporty>
   no
  </sporty>
 </clothing>
 <clothing>
  <id>
   777696152
  </id>
  <name>
   DC T-shirt R-7240
  </name>
  <category>
   T-shirt
  </category>
  <size>
   M
  </size>
  <color>
   Фиолетовый
  </color>
  <material>
   Хлопок
  </material>
  <price>
   942016
  </price>
  <rating>
   4.76
  </rating>
  <reviews>
   302877
  </reviews>
  <new>
   +
  </new>
  <exclusive>
   no
  </exclusive>
 </clothing>
 <clothing>
  <id>
   322044527
  </id>
  <name>
   Lacoste Gloves R-8704
  </name>
  <category>
   Gloves
  </category>
  <size>
   S
  </size>
  <color>
   Красный
  </color>
  <material>
   Кожа
  </material>
  <price>
   255738
  </price>
  <rating>
   1.19
  </rating>
  <reviews>
   97548
  </reviews>
  <new>
   -
  </new>
  <sporty>
   no
  </sporty>
 </clothing>
 <clothing>
  <id>
   521203574
  </id>
  <name>
   PleinSport Belts M-3431
  </name>
  <category>
   Belts
  </category>
  <size>
   L
  </size>
  <color>
   Красный
  </color>
  <material>
   Лен
  </material>
  <price>
   243449
  </price>
  <rating>
   4.4
  </rating>
  <reviews>
   528776
  </reviews>
  <exclusive>
   yes
  </exclusive>
 </clothing>
 <clothing>
  <id>
   711755143
  </id>
  <name>
   New Balance Handbags L-4578
  </name>
  <category>
   Handbags
  </category>
  <size>
   XL
  </size>
  <color>
   Оранжевый
  </color>
  <material>
   Шерсть
  </material>
  <price>
   198190
  </price>
  <rating>
   1.52
  </rating>
  <reviews>
   85208
  </reviews>
  <sporty>
   no
  </sporty>
 </clothing>
 <clothing>
  <id>
   366877647
  </id>
  <name>
   Under Armour Shirt W-5668
  </name>
  <category>
   Shirt
  </category>
  <size>
   S
  </size>
  <color>
   Желтый
  </color>
  <material>
   Хлопок
  </material>
  <price>
   539819
  </price>
  <rating>
   3.22
  </rating>
  <reviews>
   79637
  </reviews>
  <new>
   +
  </new>
  <sporty>
   yes
  </sporty>
 </clothing>
 <clothing>
  <id>
   200380846
  </id>
  <name>
   PleinSport Socks T-7922
  </name>
  <category>
   Socks
  </category>
  <size>
   S
  </size>
  <color>
   Голубой
  </color>
  <material>
   Полиэстер
  </material>
  <price>
   373355
  </price>
  <rating>
   3.88
  </rating>
  <reviews>
   59019
  </reviews>
  <new>
   -
  </new>
 </clothing>
 <clothing>
  <id>
   317243481
  </id>
  <name>
   Ellesse Sweater S-4048
  </name>
  <category>
   Sweater
  </category>
  <size>
   S
  </size>
  <color>
   Зеленый
  </color>
  <material>
   Хлопок
  </material>
  <price>
   256280
  </price>
  <rating>
   3.24
  </rating>
  <reviews>
   933968
  </reviews>
  <exclusive>
   no
  </exclusive>
  <sporty>
   no
  </sporty>
 </clothing>
</clothing-items>
