<?xml version="1.0" encoding="utf-8"?>
<clothing-items>
 <clothing>
  <id>
   281699453
  </id>
  <name>
   Asics Sweater C-7044
  </name>
  <category>
   Sweater
  </category>
  <size>
   XL
  </size>
  <color>
   Синий
  </color>
  <material>
   Шелк
  </material>
  <price>
   569688
  </price>
  <rating>
   2.19
  </rating>
  <reviews>
   560776
  </reviews>
  <exclusive>
   yes
  </exclusive>
  <sporty>
   no
  </sporty>
 </clothing>
 <clothing>
  <id>
   402972187
  </id>
  <name>
   Puma Blouse G-6995
  </name>
  <category>
   Blouse
  </category>
  <size>
   XXL
  </size>
  <color>
   Зеленый
  </color>
  <material>
   Вискоза
  </material>
  <price>
   833190
  </price>
  <rating>
   3.17
  </rating>
  <reviews>
   251237
  </reviews>
  <sporty>
   no
  </sporty>
 </clothing>
 <clothing>
  <id>
   602760040
  </id>
  <name>
   New Balance T-shirt J-2241
  </name>
  <category>
   T-shirt
  </category>
  <size>
   M
  </size>
  <color>
   Желтый
  </color>
  <material>
   Полиэстер
  </material>
  <price>
   869622
  </price>
  <rating>
   1.7
  </rating>
  <reviews>
   939244
  </reviews>
  <exclusive>
   yes
  </exclusive>
 </clothing>
 <clothing>
  <id>
   994462771
  </id>
  <name>
   Fila Pants S-1646
  </name>
  <category>
   Pants
  </category>
  <size>
   S
  </size>
  <color>
   Фиолетовый
  </color>
  <material>
   Лен
  </material>
  <price>
   160966
  </price>
  <rating>
   1.72
  </rating>
  <reviews>
   869433
  </reviews>
  <new>
   -
  </new>
  <exclusive>
   yes
  </exclusive>
  <sporty>
   yes
  </sporty>
 </clothing>
 <clothing>
  <id>
   298571323
  </id>
  <name>
   Adidas Jacket U-8655
  </name>
  <category>
   Jacket
  </category>
  <size>
   XXL
  </size>
  <color>
   Желтый
  </color>
  <material>
   Шерсть
  </material>
  <price>
   459480
  </price>
  <rating>
   4.85
  </rating>
  <reviews>
   714403
  </reviews>
  <new>
   -
  </new>
  <exclusive>
   yes
  </exclusive>
  <sporty>
   yes
  </sporty>
 </clothing>
 <clothing>
  <id>
   651481234
  </id>
  <name>
   Puma Socks X-2867
  </name>
  <category>
   Socks
  </category>
  <size>
   M
  </size>
  <color>
   Голубой
  </color>
  <material>
   Вискоза
  </material>
  <price>
   248937
  </price>
  <rating>
   4.1
  </rating>
  <reviews>
   487548
  </reviews>
  <new>
   -
  </new>
  <sporty>
   yes
  </sporty>
 </clothing>
 <clothing>
  <id>
   892839790
  </id>
  <name>
   Ellesse Belts K-6193
  </name>
  <category>
   Belts
  </category>
  <size>
   XXL
  </size>
  <color>
   Зеленый
  </color>
  <material>
   Вискоза
  </material>
  <price>
   153413
  </price>
  <rating>
   4.41
  </rating>
  <reviews>
   606110
  </reviews>
  <exclusive>
   yes
  </exclusive>
  <sporty>
   yes
  </sporty>
 </clothing>
 <clothing>
  <id>
   567244441
  </id>
  <name>
   Ellesse Shirt N-9160
  </name>
  <category>
   Shirt
  </category>
  <size>
   L
  </size>
  <color>
   Синий
  </color>
  <material>
   Вискоза
  </material>
  <price>
   481949
  </price>
  <rating>
   3.13
  </rating>
  <reviews>
   419620
  </reviews>
 </clothing>
 <clothing>
  <id>
   471359011
  </id>
  <name>
   Brooks Blouse I-4520
  </name>
  <category>
   Blouse
  </category>
  <size>
   L
  </size>
  <color>
   Голубой
  </color>
  <material>
   Лен
  </material>
  <price>
   510139
  </price>
  <rating>
   1.39
  </rating>
  <reviews>
   913957
  </reviews>
  <exclusive>
   no
  </exclusive>
 </clothing>
 <clothing>
  <id>
   745433577
  </id>
  <name>
   Vans Shoes C-6880
  </name>
  <category>
   Shoes
  </category>
  <size>
   L
  </size>
  <color>
   Синий
  </color>
  <material>
   Хлопок
  </material>
  <price>
   716737
  </price>
  <rating>
   1.02
  </rating>
  <reviews>
   244622
  </reviews>
  <exclusive>
   no
  </exclusive>
 </clothing>
 <clothing>
  <id>
   749465359
  </id>
  <name>
   Fila Pants M-2398
  </name>
  <category>
   Pants
  </category>
  <size>
   XL
  </size>
  <color>
   Синий
  </color>
  <material>
   Кожа
  </material>
  <price>
   999788
  </price>
  <rating>
   4.0
  </rating>
  <reviews>
   867832
  </reviews>
  <new>
   -
  </new>
  <sporty>
   no
  </sporty>
 </clothing>
 <clothing>
  <id>
   529706881
  </id>
  <name>
   Adidas Shoes X-7780
  </name>
  <category>
   Shoes
  </category>
  <size>
   XXL
  </size>
  <color>
   Красный
  </color>
  <material>
   Хлопок
  </material>
  <price>
   637325
  </price>
  <rating>
   3.39
  </rating>
  <reviews>
   865409
  </reviews>
  <new>
   -
  </new>
 </clothing>
 <clothing>
  <id>
   883709872
  </id>
  <name>
   Brooks Skirt W-5492
  </name>
  <category>
   Skirt
  </category>
  <size>
   XL
  </size>
  <color>
   Желтый
  </color>
  <material>
   Лен
  </material>
  <price>
   134492
  </price>
  <rating>
   3.88
  </rating>
  <reviews>
   651753
  </reviews>
  <new>
   +
  </new>
  <sporty>
   yes
  </sporty>
 </clothing>
 <clothing>
  <id>
   225584459
  </id>
  <name>
   New Balance Gloves G-4234
  </name>
  <category>
   Gloves
  </category>
  <size>
   XXL
  </size>
  <color>
   Желтый
  </color>
  <material>
   Нейлон
  </material>
  <price>
   857679
  </price>
  <rating>
   3.27
  </rating>
  <reviews>
   171704
  </reviews>
  <new>
   -
  </new>
  <sporty>
   no
  </sporty>
 </clothing>
 <clothing>
  <id>
   951603427
  </id>
  <name>
   New Balance Hat A-3240
  </name>
  <category>
   Hat
  </category>
  <size>
   M
  </size>
  <color>
   Голубой
  </color>
  <material>
   Нейлон
  </material>
  <price>
   640774
  </price>
  <rating>
   1.25
  </rating>
  <reviews>
   680867
  </reviews>
  <exclusive>
   no
  </exclusive>
  <sporty>
   no
  </sporty>
 </clothing>
 <clothing>
  <id>
   508049023
  </id>
  <name>
   Asics Pants K-6206
  </name>
  <category>
   Pants
  </category>
  <size>
   L
  </size>
  <color>
   Голубой
  </color>
  <material>
   Шерсть
  </material>
  <price>
   414189
  </price>
  <rating>
   2.13
  </rating>
  <reviews>
   112699
  </reviews>
  <new>
   +
  </new>
  <exclusive>
   yes
  </exclusive>
 </clothing>
 <clothing>
  <id>
   329460080
  </id>
  <name>
   Addidas Jacket O-8948
  </name>
  <category>
   Jacket
  </category>
  <size>
   S
  </size>
  <color>
   Оранжевый
  </color>
  <material>
   Кожа
  </material>
  <price>
   532862
  </price>
  <rating>
   1.53
  </rating>
  <reviews>
   825886
  </reviews>
  <new>
   -
  </new>
 </clothing>
 <clothing>
  <id>
   683030711
  </id>
  <name>
   Ellesse Handbags Y-3783
  </name>
  <category>
   Handbags
  </category>
  <size>
   M
  </size>
  <color>
   Синий
  </color>
  <material>
   Полиэстер
  </material>
  <price>
   645247
  </price>
  <rating>
   2.76
  </rating>
  <reviews>
   471119
  </reviews>
  <new>
   -
  </new>
  <exclusive>
   no
  </exclusive>
 </clothing>
 <clothing>
  <id>
   907651496
  </id>
  <name>
   PleinSport Shirt M-4365
  </name>
  <category>
   Shirt
  </category>
  <size>
   S
  </size>
  <color>
   Синий
  </color>
  <material>
   Нейлон
  </material>
  <price>
   713770
  </price>
  <rating>
   4.22
  </rating>
  <reviews>
   356188
  </reviews>
  <new>
   +
  </new>
  <exclusive>
   no
  </exclusive>
 </clothing>
 <clothing>
  <id>
   464438894
  </id>
  <name>
   Asics Pants W-1279
  </name>
  <category>
   Pants
  </category>
  <size>
   L
  </size>
  <color>
   Голубой
  </color>
  <material>
   Нейлон
  </material>
  <price>
   336565
  </price>
  <rating>
   4.23
  </rating>
  <reviews>
   519612
  </reviews>
  <new>
   -
  </new>
  <exclusive>
   no
  </exclusive>
  <sporty>
   no
  </sporty>
 </clothing>
 <clothing>
  <id>
   791672349
  </id>
  <name>
   Adidas Hat Y-7648
  </name>
  <category>
   Hat
  </category>
  <size>
   XL
  </size>
  <color>
   Зеленый
  </color>
  <material>
   Полиэстер
  </material>
  <price>
   851504
  </price>
  <rating>
   3.07
  </rating>
  <reviews>
   956413
  </reviews>
  <exclusive>
   no
  </exclusive>
 </clothing>
 <clothing>
  <id>
   219872821
  </id>
  <name>
   Lacoste Socks D-4120
  </name>
  <category>
   Socks
  </category>
  <size>
   XXL
  </size>
  <color>
   Оранжевый
  </color>
  <material>
   Шелк
  </material>
  <price>
   392938
  </price>
  <rating>
   2.87
  </rating>
  <reviews>
   988905
  </reviews>
  <new>
   +
  </new>
  <exclusive>
   no
  </exclusive>
  <sporty>
   no
  </sporty>
 </clothing>
 <clothing>
  <id>
   531330082
  </id>
  <name>
   Converse Shoes Z-2387
  </name>
  <category>
   Shoes
  </category>
  <size>
   S
  </size>
  <color>
   Желтый
  </color>
  <material>
   Хлопок
  </material>
  <price>
   700349
  </price>
  <rating>
   1.75
  </rating>
  <reviews>
   652141
  </reviews>
 </clothing>
 <clothing>
  <id>
   115506481
  </id>
  <name>
   Addidas Jeans N-4986
  </name>
  <category>
   Jeans
  </category>
  <size>
   S
  </size>
  <color>
   Оранжевый
  </color>
  <material>
   Нейлон
  </material>
  <price>
   301659
  </price>
  <rating>
   1.7
  </rating>
  <reviews>
   345273
  </reviews>
  <new>
   +
  </new>
  <exclusive>
   no
  </exclusive>
  <sporty>
   no
  </sporty>
 </clothing>
 <clothing>
  <id>
   300711379
  </id>
  <name>
   Under Armour Umbrellas U-7269
  </name>
  <category>
   Umbrellas
  </category>
  <size>
   XXL
  </size>
  <color>
   Желтый
  </color>
  <material>
   Вискоза
  </material>
  <price>
   761632
  </price>
  <rating>
   4.54
  </rating>
  <reviews>
   72673
  </reviews>
  <exclusive>
   no
  </exclusive>
  <sporty>
   no
  </sporty>
 </clothing>
 <clothing>
  <id>
   283597504
  </id>
  <name>
   Asics Handbags P-4661
  </name>
  <category>
   Handbags
  </category>
  <size>
   XXL
  </size>
  <color>
   Желтый
  </color>
  <material>
   Шелк
  </material>
  <price>
   793988
  </price>
  <rating>
   4.8
  </rating>
  <reviews>
   803669
  </reviews>
  <sporty>
   no
  </sporty>
 </clothing>
 <clothing>
  <id>
   150514255
  </id>
  <name>
   Ellesse Hat S-6673
  </name>
  <category>
   Hat
  </category>
  <size>
   XXL
  </size>
  <color>
   Синий
  </color>
  <material>
   Полиэстер
  </material>
  <price>
   911250
  </price>
  <rating>
   1.5
  </rating>
  <reviews>
   426817
  </reviews>
  <exclusive>
   no
  </exclusive>
 </clothing>
 <clothing>
  <id>
   282175847
  </id>
  <name>
   Brooks Socks W-2680
  </name>
  <category>
   Socks
  </category>
  <size>
   XL
  </size>
  <color>
   Желтый
  </color>
  <material>
   Шерсть
  </material>
  <price>
   906347
  </price>
  <rating>
   1.66
  </rating>
  <reviews>
   810611
  </reviews>
 </clothing>
 <clothing>
  <id>
   520128709
  </id>
  <name>
   Nike Pants P-8955
  </name>
  <category>
   Pants
  </category>
  <size>
   L
  </size>
  <color>
   Красный
  </color>
  <material>
   Кожа
  </material>
  <price>
   884070
  </price>
  <rating>
   1.3
  </rating>
  <reviews>
   23014
  </reviews>
  <sporty>
   yes
  </sporty>
 </clothing>
 <clothing>
  <id>
   150233653
  </id>
  <name>
   PleinSport Jeans Y-6631
  </name>
  <category>
   Jeans
  </category>
  <size>
   XXL
  </size>
  <color>
   Оранжевый
  </color>
  <material>
   Полиэстер
  </material>
  <price>
   404753
  </price>
  <rating>
   2.97
  </rating>
  <reviews>
   839704
  </reviews>
  <new>
   +
  </new>
  <sporty>
   yes
  </sporty>
 </clothing>
 <clothing>
  <id>
   726690426
  </id>
  <name>
   Addidas Belts A-9960
  </name>
  <category>
   Belts
  </category>
  <size>
   XXL
  </size>
  <color>
   Синий
  </color>
  <material>
   Шерсть
  </material>
  <price>
   431444
  </price>
  <rating>
   4.77
  </rating>
  <reviews>
   301538
  </reviews>
  <new>
   +
  </new>
  <exclusive>
   yes
  </exclusive>
 </clothing>
 <clothing>
  <id>
   382304100
  </id>
  <name>
   Ellesse Socks D-5151
  </name>
  <category>
   Socks
  </category>
  <size>
   XL
  </size>
  <color>
   Зеленый
  </color>
  <material>
   Нейлон
  </material>
  <price>
   560033
  </price>
  <rating>
   3.42
  </rating>
  <reviews>
   168533
  </reviews>
  <sporty>
   no
  </sporty>
 </clothing>
 <clothing>
  <id>
   607378885
  </id>
  <name>
   Adidas Handbags X-4024
  </name>
  <category>
   Handbags
  </category>
  <size>
   S
  </size>
  <color>
   Оранжевый
  </color>
  <material>
   Хлопок
  </material>
  <price>
   571883
  </price>
  <rating>
   3.29
  </rating>
  <reviews>
   295955
  </reviews>
  <new>
   -
  </new>
 </clothing>
 <clothing>
  <id>
   519787061
  </id>
  <name>
   Fila T-shirt R-2937
  </name>
  <category>
   T-shirt
  </category>
  <size>
   M
  </size>
  <color>
   Фиолетовый
  </color>
  <material>
   Кожа
  </material>
  <price>
   792581
  </price>
  <rating>
   1.22
  </rating>
  <reviews>
   670435
  </reviews>
  <exclusive>
   yes
  </exclusive>
 </clothing>
 <clothing>
  <id>
   232603867
  </id>
  <name>
   Converse Socks D-6395
  </name>
  <category>
   Socks
  </category>
  <size>
   S
  </size>
  <color>
   Зеленый
  </color>
  <material>
   Шерсть
  </material>
  <price>
   853176
  </price>
  <rating>
   1.66
  </rating>
  <reviews>
   28300
  </reviews>
  <sporty>
   yes
  </sporty>
 </clothing>
 <clothing>
  <id>
   750247670
  </id>
  <name>
   Vans Shirt G-8996
  </name>
  <category>
   Shirt
  </category>
  <size>
   S
  </size>
  <color>
   Красный
  </color>
  <material>
   Полиэстер
  </material>
  <price>
   208523
  </price>
  <rating>
   4.9
  </rating>
  <reviews>
   627965
  </reviews>
  <new>
   +
  </new>
  <exclusive>
   no
  </exclusive>
  <sporty>
   yes
  </sporty>
 </clothing>
 <clothing>
  <id>
   524225063
  </id>
  <name>
   Asics Pants B-8305
  </name>
  <category>
   Pants
  </category>
  <size>
   M
  </size>
  <color>
   Фиолетовый
  </color>
  <material>
   Нейлон
  </material>
  <price>
   215171
  </price>
  <rating>
   3.79
  </rating>
  <reviews>
   788368
  </reviews>
  <new>
   +
  </new>
  <exclusive>
   yes
  </exclusive>
  <sporty>
   no
  </sporty>
 </clothing>
 <clothing>
  <id>
   527578975
  </id>
  <name>
   Fila Hat S-4658
  </name>
  <category>
   Hat
  </category>
  <size>
   XL
  </size>
  <color>
   Красный
  </color>
  <material>
   Полиэстер
  </material>
  <price>
   605000
  </price>
  <rating>
   3.05
  </rating>
  <reviews>
   858861
  </reviews>
  <new>
   -
  </new>
  <exclusive>
   no
  </exclusive>
  <sporty>
   yes
  </sporty>
 </clothing>
</clothing-items>
