<?xml version="1.0" encoding="utf-8"?>
<clothing-items>
 <clothing>
  <id>
   199905381
  </id>
  <name>
   Adidas Dress Y-9564
  </name>
  <category>
   Dress
  </category>
  <size>
   XL
  </size>
  <color>
   Желтый
  </color>
  <material>
   Хлопок
  </material>
  <price>
   590375
  </price>
  <rating>
   1.56
  </rating>
  <reviews>
   232567
  </reviews>
  <new>
   -
  </new>
  <sporty>
   no
  </sporty>
 </clothing>
 <clothing>
  <id>
   997532167
  </id>
  <name>
   Vans Shoes Y-7994
  </name>
  <category>
   Shoes
  </category>
  <size>
   L
  </size>
  <color>
   Голубой
  </color>
  <material>
   Кожа
  </material>
  <price>
   207897
  </price>
  <rating>
   2.28
  </rating>
  <reviews>
   879000
  </reviews>
  <new>
   -
  </new>
  <exclusive>
   yes
  </exclusive>
  <sporty>
   no
  </sporty>
 </clothing>
 <clothing>
  <id>
   472852434
  </id>
  <name>
   DC T-shirt K-7437
  </name>
  <category>
   T-shirt
  </category>
  <size>
   L
  </size>
  <color>
   Красный
  </color>
  <material>
   Хлопок
  </material>
  <price>
   446893
  </price>
  <rating>
   1.13
  </rating>
  <reviews>
   939543
  </reviews>
  <new>
   +
  </new>
  <sporty>
   no
  </sporty>
 </clothing>
 <clothing>
  <id>
   316803474
  </id>
  <name>
   Fila Gloves J-3941
  </name>
  <category>
   Gloves
  </category>
  <size>
   XXL
  </size>
  <color>
   Желтый
  </color>
  <material>
   Лен
  </material>
  <price>
   728994
  </price>
  <rating>
   2.46
  </rating>
  <reviews>
   9409
  </reviews>
  <new>
   -
  </new>
  <exclusive>
   yes
  </exclusive>
  <sporty>
   no
  </sporty>
 </clothing>
 <clothing>
  <id>
   209149754
  </id>
  <name>
   Reebok Sweater A-4881
  </name>
  <category>
   Sweater
  </category>
  <size>
   XL
  </size>
  <color>
   Зеленый
  </color>
  <material>
   Лен
  </material>
  <price>
   657431
  </price>
  <rating>
   1.91
  </rating>
  <reviews>
   991273
  </reviews>
  <sporty>
   yes
  </sporty>
 </clothing>
 <clothing>
  <id>
   507940217
  </id>
  <name>
   Brooks T-shirt W-2390
  </name>
  <category>
   T-shirt
  </category>
  <size>
   S
  </size>
  <color>
   Фиолетовый
  </color>
  <material>
   Шерсть
  </material>
  <price>
   401912
  </price>
  <rating>
   1.22
  </rating>
  <reviews>
   568296
  </reviews>
  <new>
   +
  </new>
  <exclusive>
   no
  </exclusive>
  <sporty>
   no
  </sporty>
 </clothing>
 <clothing>
  <id>
   221766338
  </id>
  <name>
   New Balance Shirt A-2775
  </name>
  <category>
   Shirt
  </category>
  <size>
   L
  </size>
  <color>
   Красный
  </color>
  <material>
   Шелк
  </material>
  <price>
   142720
  </price>
  <rating>
   3.08
  </rating>
  <reviews>
   242122
  </reviews>
  <new>
   -
  </new>
  <exclusive>
   yes
  </exclusive>
  <sporty>
   no
  </sporty>
 </clothing>
 <clothing>
  <id>
   705394557
  </id>
  <name>
   Converse Skirt X-6539
  </name>
  <category>
   Skirt
  </category>
  <size>
   XXL
  </size>
  <color>
   Фиолетовый
  </color>
  <material>
   Кожа
  </material>
  <price>
   374442
  </price>
  <rating>
   2.96
  </rating>
  <reviews>
   83975
  </reviews>
  <exclusive>
   no
  </exclusive>
  <sporty>
   no
  </sporty>
 </clothing>
 <clothing>
  <id>
   927460299
  </id>
  <name>
   Addidas T-shirt V-2091
  </name>
  <category>
   T-shirt
  </category>
  <size>
   XL
  </size>
  <color>
   Синий
  </color>
  <material>
   Полиэстер
  </material>
  <price>
   177068
  </price>
  <rating>
   2.76
  </rating>
  <reviews>
   344041
  </reviews>
  <new>
   -
  </new>
  <sporty>
   yes
  </sporty>
 </clothing>
 <clothing>
  <id>
   179667585
  </id>
  <name>
   Reebok Socks B-2206
  </name>
  <category>
   Socks
  </category>
  <size>
   L
  </size>
  <color>
   Фиолетовый
  </color>
  <material>
   Нейлон
  </material>
  <price>
   965587
  </price>
  <rating>
   1.43
  </rating>
  <reviews>
   559500
  </reviews>
  <new>
   -
  </new>
  <sporty>
   no
  </sporty>
 </clothing>
 <clothing>
  <id>
   485302359
  </id>
  <name>
   Vans Gloves D-8397
  </name>
  <category>
   Gloves
  </category>
  <size>
   XXL
  </size>
  <color>
   Оранжевый
  </color>
  <material>
   Шерсть
  </material>
  <price>
   326378
  </price>
  <rating>
   1.43
  </rating>
  <reviews>
   381389
  </reviews>
  <new>
   -
  </new>
  <sporty>
   yes
  </sporty>
 </clothing>
 <clothing>
  <id>
   881660158
  </id>
  <name>
   Reebok Jacket F-7100
  </name>
  <category>
   Jacket
  </category>
  <size>
   L
  </size>
  <color>
   Желтый
  </color>
  <material>
   Хлопок
  </material>
  <price>
   222442
  </price>
  <rating>
   4.88
  </rating>
  <reviews>
   688611
  </reviews>
  <new>
   -
  </new>
  <exclusive>
   no
  </exclusive>
 </clothing>
 <clothing>
  <id>
   906355101
  </id>
  <name>
   PleinSport Socks V-5779
  </name>
  <category>
   Socks
  </category>
  <size>
   L
  </size>
  <color>
   Оранжевый
  </color>
  <material>
   Нейлон
  </material>
  <price>
   220844
  </price>
  <rating>
   1.28
  </rating>
  <reviews>
   608006
  </reviews>
  <new>
   -
  </new>
  <exclusive>
   no
  </exclusive>
  <sporty>
   no
  </sporty>
 </clothing>
 <clothing>
  <id>
   872295288
  </id>
  <name>
   DC Hat S-1920
  </name>
  <category>
   Hat
  </category>
  <size>
   XXL
  </size>
  <color>
   Желтый
  </color>
  <material>
   Кожа
  </material>
  <price>
   808386
  </price>
  <rating>
   4.35
  </rating>
  <reviews>
   977392
  </reviews>
  <new>
   +
  </new>
  <sporty>
   no
  </sporty>
 </clothing>
 <clothing>
  <id>
   291610744
  </id>
  <name>
   PleinSport Pants U-1303
  </name>
  <category>
   Pants
  </category>
  <size>
   M
  </size>
  <color>
   Фиолетовый
  </color>
  <material>
   Полиэстер
  </material>
  <price>
   708249
  </price>
  <rating>
   4.08
  </rating>
  <reviews>
   772000
  </reviews>
  <new>
   -
  </new>
  <exclusive>
   no
  </exclusive>
  <sporty>
   no
  </sporty>
 </clothing>
 <clothing>
  <id>
   698947075
  </id>
  <name>
   Under Armour Skirt A-9406
  </name>
  <category>
   Skirt
  </category>
  <size>
   S
  </size>
  <color>
   Желтый
  </color>
  <material>
   Кожа
  </material>
  <price>
   689931
  </price>
  <rating>
   3.51
  </rating>
  <reviews>
   231380
  </reviews>
  <new>
   -
  </new>
  <exclusive>
   no
  </exclusive>
 </clothing>
 <clothing>
  <id>
   587135482
  </id>
  <name>
   Puma Belts P-1734
  </name>
  <category>
   Belts
  </category>
  <size>
   S
  </size>
  <color>
   Желтый
  </color>
  <material>
   Шерсть
  </material>
  <price>
   556828
  </price>
  <rating>
   4.04
  </rating>
  <reviews>
   402232
  </reviews>
  <new>
   +
  </new>
  <sporty>
   no
  </sporty>
 </clothing>
 <clothing>
  <id>
   809634448
  </id>
  <name>
   Fila Sweater D-4947
  </name>
  <category>
   Sweater
  </category>
  <size>
   XL
  </size>
  <color>
   Зеленый
  </color>
  <material>
   Лен
  </material>
  <price>
   976542
  </price>
  <rating>
   4.59
  </rating>
  <reviews>
   462013
  </reviews>
  <new>
   -
  </new>
 </clothing>
 <clothing>
  <id>
   552429031
  </id>
  <name>
   Adidas Socks T-1279
  </name>
  <category>
   Socks
  </category>
  <size>
   XL
  </size>
  <color>
   Зеленый
  </color>
  <material>
   Хлопок
  </material>
  <price>
   754783
  </price>
  <rating>
   4.9
  </rating>
  <reviews>
   136337
  </reviews>
  <exclusive>
   no
  </exclusive>
  <sporty>
   no
  </sporty>
 </clothing>
 <clothing>
  <id>
   114043790
  </id>
  <name>
   Lacoste Shirt D-3264
  </name>
  <category>
   Shirt
  </category>
  <size>
   L
  </size>
  <color>
   Красный
  </color>
  <material>
   Хлопок
  </material>
  <price>
   230114
  </price>
  <rating>
   4.95
  </rating>
  <reviews>
   763298
  </reviews>
  <exclusive>
   yes
  </exclusive>
 </clothing>
 <clothing>
  <id>
   369911572
  </id>
  <name>
   Brooks Umbrellas T-7520
  </name>
  <category>
   Umbrellas
  </category>
  <size>
   L
  </size>
  <color>
   Фиолетовый
  </color>
  <material>
   Шерсть
  </material>
  <price>
   943331
  </price>
  <rating>
   1.49
  </rating>
  <reviews>
   11715
  </reviews>
  <new>
   -
  </new>
  <sporty>
   yes
  </sporty>
 </clothing>
 <clothing>
  <id>
   868948136
  </id>
  <name>
   Ellesse Blouse X-8624
  </name>
  <category>
   Blouse
  </category>
  <size>
   XXL
  </size>
  <color>
   Голубой
  </color>
  <material>
   Шелк
  </material>
  <price>
   602633
  </price>
  <rating>
   4.19
  </rating>
  <reviews>
   451768
  </reviews>
  <new>
   -
  </new>
  <sporty>
   no
  </sporty>
 </clothing>
</clothing-items>
