<?xml version="1.0" encoding="utf-8"?>
<clothing-items>
 <clothing>
  <id>
   613040102
  </id>
  <name>
   Fila Socks F-4159
  </name>
  <category>
   Socks
  </category>
  <size>
   L
  </size>
  <color>
   Зеленый
  </color>
  <material>
   Хлопок
  </material>
  <price>
   753874
  </price>
  <rating>
   2.94
  </rating>
  <reviews>
   149472
  </reviews>
  <new>
   -
  </new>
  <sporty>
   yes
  </sporty>
 </clothing>
 <clothing>
  <id>
   703244175
  </id>
  <name>
   Lacoste Shirt N-1822
  </name>
  <category>
   Shirt
  </category>
  <size>
   L
  </size>
  <color>
   Оранжевый
  </color>
  <material>
   Хлопок
  </material>
  <price>
   537169
  </price>
  <rating>
   4.36
  </rating>
  <reviews>
   319801
  </reviews>
  <new>
   -
  </new>
  <sporty>
   no
  </sporty>
 </clothing>
 <clothing>
  <id>
   511828900
  </id>
  <name>
   Adidas Shoes Q-3693
  </name>
  <category>
   Shoes
  </category>
  <size>
   L
  </size>
  <color>
   Фиолетовый
  </color>
  <material>
   Нейлон
  </material>
  <price>
   906896
  </price>
  <rating>
   1.25
  </rating>
  <reviews>
   787584
  </reviews>
  <new>
   +
  </new>
  <exclusive>
   no
  </exclusive>
  <sporty>
   no
  </sporty>
 </clothing>
 <clothing>
  <id>
   347294345
  </id>
  <name>
   Under Armour T-shirt O-4364
  </name>
  <category>
   T-shirt
  </category>
  <size>
   S
  </size>
  <color>
   Зеленый
  </color>
  <material>
   Шелк
  </material>
  <price>
   125064
  </price>
  <rating>
   2.74
  </rating>
  <reviews>
   554070
  </reviews>
  <exclusive>
   no
  </exclusive>
  <sporty>
   no
  </sporty>
 </clothing>
 <clothing>
  <id>
   997538631
  </id>
  <name>
   Under Armour Shoes Q-4641
  </name>
  <category>
   Shoes
  </category>
  <size>
   M
  </size>
  <color>
   Фиолетовый
  </color>
  <material>
   Полиэстер
  </material>
  <price>
   558900
  </price>
  <rating>
   4.87
  </rating>
  <reviews>
   881467
  </reviews>
  <exclusive>
   yes
  </exclusive>
  <sporty>
   no
  </sporty>
 </clothing>
 <clothing>
  <id>
   555669575
  </id>
  <name>
   Adidas Gloves K-9866
  </name>
  <category>
   Gloves
  </category>
  <size>
   XL
  </size>
  <color>
   Желтый
  </color>
  <material>
   Хлопок
  </material>
  <price>
   644757
  </price>
  <rating>
   2.36
  </rating>
  <reviews>
   421717
  </reviews>
  <new>
   +
  </new>
  <exclusive>
   no
  </exclusive>
 </clothing>
 <clothing>
  <id>
   367397039
  </id>
  <name>
   Reebok Sweater U-7856
  </name>
  <category>
   Sweater
  </category>
  <size>
   XL
  </size>
  <color>
   Голубой
  </color>
  <material>
   Кожа
  </material>
  <price>
   773993
  </price>
  <rating>
   1.67
  </rating>
  <reviews>
   636366
  </reviews>
  <exclusive>
   no
  </exclusive>
  <sporty>
   yes
  </sporty>
 </clothing>
 <clothing>
  <id>
   284744717
  </id>
  <name>
   Converse T-shirt X-4062
  </name>
  <category>
   T-shirt
  </category>
  <size>
   XXL
  </size>
  <color>
   Фиолетовый
  </color>
  <material>
   Шерсть
  </material>
  <price>
   689269
  </price>
  <rating>
   2.76
  </rating>
  <reviews>
   167889
  </reviews>
  <new>
   +
  </new>
  <exclusive>
   no
  </exclusive>
  <sporty>
   yes
  </sporty>
 </clothing>
 <clothing>
  <id>
   425383638
  </id>
  <name>
   Converse Dress C-4118
  </name>
  <category>
   Dress
  </category>
  <size>
   S
  </size>
  <color>
   Голубой
  </color>
  <material>
   Кожа
  </material>
  <price>
   998085
  </price>
  <rating>
   2.59
  </rating>
  <reviews>
   1591
  </reviews>
  <new>
   -
  </new>
  <exclusive>
   no
  </exclusive>
  <sporty>
   no
  </sporty>
 </clothing>
 <clothing>
  <id>
   532563834
  </id>
  <name>
   Converse Belts X-9477
  </name>
  <category>
   Belts
  </category>
  <size>
   XXL
  </size>
  <color>
   Голубой
  </color>
  <material>
   Хлопок
  </material>
  <price>
   910469
  </price>
  <rating>
   4.38
  </rating>
  <reviews>
   820898
  </reviews>
  <exclusive>
   no
  </exclusive>
 </clothing>
 <clothing>
  <id>
   163070815
  </id>
  <name>
   Puma Handbags C-7790
  </name>
  <category>
   Handbags
  </category>
  <size>
   XL
  </size>
  <color>
   Оранжевый
  </color>
  <material>
   Шелк
  </material>
  <price>
   414766
  </price>
  <rating>
   2.41
  </rating>
  <reviews>
   559857
  </reviews>
  <sporty>
   yes
  </sporty>
 </clothing>
 <clothing>
  <id>
   393303310
  </id>
  <name>
   DC Sweater P-8927
  </name>
  <category>
   Sweater
  </category>
  <size>
   XL
  </size>
  <color>
   Желтый
  </color>
  <material>
   Полиэстер
  </material>
  <price>
   519348
  </price>
  <rating>
   1.66
  </rating>
  <reviews>
   624910
  </reviews>
  <exclusive>
   no
  </exclusive>
  <sporty>
   yes
  </sporty>
 </clothing>
 <clothing>
  <id>
   241547968
  </id>
  <name>
   Fila Jacket O-2530
  </name>
  <category>
   Jacket
  </category>
  <size>
   S
  </size>
  <color>
   Фиолетовый
  </color>
  <material>
   Шелк
  </material>
  <price>
   928243
  </price>
  <rating>
   3.79
  </rating>
  <reviews>
   80848
  </reviews>
  <exclusive>
   no
  </exclusive>
  <sporty>
   yes
  </sporty>
 </clothing>
 <clothing>
  <id>
   388297831
  </id>
  <name>
   Brooks Gloves T-1854
  </name>
  <category>
   Gloves
  </category>
  <size>
   L
  </size>
  <color>
   Желтый
  </color>
  <material>
   Хлопок
  </material>
  <price>
   183422
  </price>
  <rating>
   4.64
  </rating>
  <reviews>
   867696
  </reviews>
  <exclusive>
   no
  </exclusive>
  <sporty>
   no
  </sporty>
 </clothing>
 <clothing>
  <id>
   815877438
  </id>
  <name>
   Asics Belts B-4618
  </name>
  <category>
   Belts
  </category>
  <size>
   S
  </size>
  <color>
   Зеленый
  </color>
  <material>
   Шелк
  </material>
  <price>
   950883
  </price>
  <rating>
   3.01
  </rating>
  <reviews>
   216511
  </reviews>
  <sporty>
   no
  </sporty>
 </clothing>
 <clothing>
  <id>
   121898098
  </id>
  <name>
   Puma Gloves R-8273
  </name>
  <category>
   Gloves
  </category>
  <size>
   M
  </size>
  <color>
   Синий
  </color>
  <material>
   Вискоза
  </material>
  <price>
   498651
  </price>
  <rating>
   3.96
  </rating>
  <reviews>
   44042
  </reviews>
  <new>
   +
  </new>
  <exclusive>
   yes
  </exclusive>
  <sporty>
   no
  </sporty>
 </clothing>
 <clothing>
  <id>
   637314285
  </id>
  <name>
   Fila T-shirt X-7070
  </name>
  <category>
   T-shirt
  </category>
  <size>
   S
  </size>
  <color>
   Красный
  </color>
  <material>
   Шерсть
  </material>
  <price>
   680089
  </price>
  <rating>
   2.05
  </rating>
  <reviews>
   711836
  </reviews>
  <new>
   -
  </new>
 </clothing>
 <clothing>
  <id>
   187124077
  </id>
  <name>
   Converse Jacket Z-4239
  </name>
  <category>
   Jacket
  </category>
  <size>
   XXL
  </size>
  <color>
   Фиолетовый
  </color>
  <material>
   Полиэстер
  </material>
  <price>
   789115
  </price>
  <rating>
   3.83
  </rating>
  <reviews>
   133892
  </reviews>
  <new>
   +
  </new>
  <sporty>
   no
  </sporty>
 </clothing>
 <clothing>
  <id>
   985197226
  </id>
  <name>
   Brooks Sweater P-8992
  </name>
  <category>
   Sweater
  </category>
  <size>
   M
  </size>
  <color>
   Оранжевый
  </color>
  <material>
   Шерсть
  </material>
  <price>
   107429
  </price>
  <rating>
   3.32
  </rating>
  <reviews>
   46972
  </reviews>
  <new>
   +
  </new>
  <exclusive>
   no
  </exclusive>
 </clothing>
 <clothing>
  <id>
   640241502
  </id>
  <name>
   Brooks Umbrellas R-8298
  </name>
  <category>
   Umbrellas
  </category>
  <size>
   S
  </size>
  <color>
   Синий
  </color>
  <material>
   Полиэстер
  </material>
  <price>
   484568
  </price>
  <rating>
   2.96
  </rating>
  <reviews>
   987970
  </reviews>
  <new>
   -
  </new>
  <exclusive>
   yes
  </exclusive>
  <sporty>
   no
  </sporty>
 </clothing>
 <clothing>
  <id>
   944199305
  </id>
  <name>
   Adidas Belts F-9378
  </name>
  <category>
   Belts
  </category>
  <size>
   L
  </size>
  <color>
   Оранжевый
  </color>
  <material>
   Нейлон
  </material>
  <price>
   968619
  </price>
  <rating>
   4.09
  </rating>
  <reviews>
   282420
  </reviews>
  <sporty>
   no
  </sporty>
 </clothing>
 <clothing>
  <id>
   869077440
  </id>
  <name>
   Nike Blouse U-2978
  </name>
  <category>
   Blouse
  </category>
  <size>
   S
  </size>
  <color>
   Оранжевый
  </color>
  <material>
   Лен
  </material>
  <price>
   231740
  </price>
  <rating>
   1.6
  </rating>
  <reviews>
   839881
  </reviews>
  <new>
   -
  </new>
  <sporty>
   yes
  </sporty>
 </clothing>
 <clothing>
  <id>
   182728098
  </id>
  <name>
   Nike Dress O-3636
  </name>
  <category>
   Dress
  </category>
  <size>
   XL
  </size>
  <color>
   Красный
  </color>
  <material>
   Шерсть
  </material>
  <price>
   390114
  </price>
  <rating>
   2.47
  </rating>
  <reviews>
   652842
  </reviews>
  <new>
   -
  </new>
  <exclusive>
   no
  </exclusive>
  <sporty>
   no
  </sporty>
 </clothing>
 <clothing>
  <id>
   646418902
  </id>
  <name>
   Fila Shoes C-2234
  </name>
  <category>
   Shoes
  </category>
  <size>
   S
  </size>
  <color>
   Красный
  </color>
  <material>
   Хлопок
  </material>
  <price>
   891794
  </price>
  <rating>
   4.0
  </rating>
  <reviews>
   256061
  </reviews>
  <new>
   +
  </new>
  <sporty>
   no
  </sporty>
 </clothing>
 <clothing>
  <id>
   213272470
  </id>
  <name>
   Puma Skirt Q-3022
  </name>
  <category>
   Skirt
  </category>
  <size>
   XL
  </size>
  <color>
   Голубой
  </color>
  <material>
   Лен
  </material>
  <price>
   552603
  </price>
  <rating>
   2.17
  </rating>
  <reviews>
   538477
  </reviews>
  <exclusive>
   yes
  </exclusive>
  <sporty>
   yes
  </sporty>
 </clothing>
 <clothing>
  <id>
   704034436
  </id>
  <name>
   Ellesse Gloves V-1730
  </name>
  <category>
   Gloves
  </category>
  <size>
   S
  </size>
  <color>
   Оранжевый
  </color>
  <material>
   Лен
  </material>
  <price>
   783523
  </price>
  <rating>
   1.95
  </rating>
  <reviews>
   554382
  </reviews>
  <new>
   +
  </new>
  <exclusive>
   no
  </exclusive>
 </clothing>
 <clothing>
  <id>
   708843413
  </id>
  <name>
   Lacoste Dress W-5315
  </name>
  <category>
   Dress
  </category>
  <size>
   XXL
  </size>
  <color>
   Фиолетовый
  </color>
  <material>
   Полиэстер
  </material>
  <price>
   691857
  </price>
  <rating>
   3.59
  </rating>
  <reviews>
   734249
  </reviews>
  <new>
   -
  </new>
  <sporty>
   yes
  </sporty>
 </clothing>
 <clothing>
  <id>
   705976448
  </id>
  <name>
   Asics Umbrellas K-6150
  </name>
  <category>
   Umbrellas
  </category>
  <size>
   S
  </size>
  <color>
   Голубой
  </color>
  <material>
   Нейлон
  </material>
  <price>
   442547
  </price>
  <rating>
   2.0
  </rating>
  <reviews>
   946108
  </reviews>
  <new>
   +
  </new>
  <exclusive>
   yes
  </exclusive>
  <sporty>
   no
  </sporty>
 </clothing>
 <clothing>
  <id>
   604788738
  </id>
  <name>
   Converse Handbags L-4628
  </name>
  <category>
   Handbags
  </category>
  <size>
   XXL
  </size>
  <color>
   Голубой
  </color>
  <material>
   Кожа
  </material>
  <price>
   914122
  </price>
  <rating>
   1.67
  </rating>
  <reviews>
   821627
  </reviews>
  <new>
   -
  </new>
  <exclusive>
   yes
  </exclusive>
  <sporty>
   yes
  </sporty>
 </clothing>
 <clothing>
  <id>
   631239443
  </id>
  <name>
   Asics Belts A-6214
  </name>
  <category>
   Belts
  </category>
  <size>
   S
  </size>
  <color>
   Голубой
  </color>
  <material>
   Шерсть
  </material>
  <price>
   788853
  </price>
  <rating>
   4.05
  </rating>
  <reviews>
   504756
  </reviews>
  <exclusive>
   no
  </exclusive>
 </clothing>
 <clothing>
  <id>
   728548912
  </id>
  <name>
   Fila Skirt V-6165
  </name>
  <category>
   Skirt
  </category>
  <size>
   L
  </size>
  <color>
   Желтый
  </color>
  <material>
   Шелк
  </material>
  <price>
   945337
  </price>
  <rating>
   1.87
  </rating>
  <reviews>
   231380
  </reviews>
  <new>
   -
  </new>
  <sporty>
   no
  </sporty>
 </clothing>
 <clothing>
  <id>
   736929100
  </id>
  <name>
   PleinSport Jacket R-4652
  </name>
  <category>
   Jacket
  </category>
  <size>
   L
  </size>
  <color>
   Зеленый
  </color>
  <material>
   Хлопок
  </material>
  <price>
   164657
  </price>
  <rating>
   3.8
  </rating>
  <reviews>
   884186
  </reviews>
 </clothing>
 <clothing>
  <id>
   387220280
  </id>
  <name>
   PleinSport Shoes F-3207
  </name>
  <category>
   Shoes
  </category>
  <size>
   XXL
  </size>
  <color>
   Желтый
  </color>
  <material>
   Шелк
  </material>
  <price>
   303854
  </price>
  <rating>
   3.45
  </rating>
  <reviews>
   211980
  </reviews>
  <new>
   +
  </new>
  <exclusive>
   yes
  </exclusive>
  <sporty>
   no
  </sporty>
 </clothing>
 <clothing>
  <id>
   268632342
  </id>
  <name>
   DC Blouse K-1663
  </name>
  <category>
   Blouse
  </category>
  <size>
   M
  </size>
  <color>
   Оранжевый
  </color>
  <material>
   Хлопок
  </material>
  <price>
   342252
  </price>
  <rating>
   3.05
  </rating>
  <reviews>
   43498
  </reviews>
  <new>
   -
  </new>
  <sporty>
   no
  </sporty>
 </clothing>
 <clothing>
  <id>
   865614956
  </id>
  <name>
   Addidas Handbags J-1087
  </name>
  <category>
   Handbags
  </category>
  <size>
   XXL
  </size>
  <color>
   Желтый
  </color>
  <material>
   Полиэстер
  </material>
  <price>
   852902
  </price>
  <rating>
   1.35
  </rating>
  <reviews>
   830466
  </reviews>
  <new>
   +
  </new>
 </clothing>
 <clothing>
  <id>
   894957899
  </id>
  <name>
   Nike Skirt A-2580
  </name>
  <category>
   Skirt
  </category>
  <size>
   S
  </size>
  <color>
   Желтый
  </color>
  <material>
   Хлопок
  </material>
  <price>
   705310
  </price>
  <rating>
   4.32
  </rating>
  <reviews>
   983925
  </reviews>
  <new>
   +
  </new>
  <sporty>
   yes
  </sporty>
 </clothing>
 <clothing>
  <id>
   191835493
  </id>
  <name>
   Asics Skirt T-1584
  </name>
  <category>
   Skirt
  </category>
  <size>
   S
  </size>
  <color>
   Голубой
  </color>
  <material>
   Кожа
  </material>
  <price>
   783009
  </price>
  <rating>
   2.14
  </rating>
  <reviews>
   887735
  </reviews>
  <exclusive>
   no
  </exclusive>
  <sporty>
   no
  </sporty>
 </clothing>
 <clothing>
  <id>
   468787718
  </id>
  <name>
   Under Armour Pants P-3932
  </name>
  <category>
   Pants
  </category>
  <size>
   XXL
  </size>
  <color>
   Желтый
  </color>
  <material>
   Лен
  </material>
  <price>
   315719
  </price>
  <rating>
   3.51
  </rating>
  <reviews>
   334583
  </reviews>
  <new>
   -
  </new>
  <exclusive>
   yes
  </exclusive>
  <sporty>
   yes
  </sporty>
 </clothing>
 <clothing>
  <id>
   106882143
  </id>
  <name>
   Lacoste Pants W-3034
  </name>
  <category>
   Pants
  </category>
  <size>
   L
  </size>
  <color>
   Зеленый
  </color>
  <material>
   Вискоза
  </material>
  <price>
   342868
  </price>
  <rating>
   3.19
  </rating>
  <reviews>
   229425
  </reviews>
  <exclusive>
   yes
  </exclusive>
  <sporty>
   yes
  </sporty>
 </clothing>
</clothing-items>
