<?xml version="1.0" encoding="utf-8"?>
<clothing-items>
 <clothing>
  <id>
   614544329
  </id>
  <name>
   Brooks Socks J-2773
  </name>
  <category>
   Socks
  </category>
  <size>
   S
  </size>
  <color>
   Голубой
  </color>
  <material>
   Нейлон
  </material>
  <price>
   976729
  </price>
  <rating>
   1.46
  </rating>
  <reviews>
   228855
  </reviews>
  <exclusive>
   no
  </exclusive>
  <sporty>
   yes
  </sporty>
 </clothing>
 <clothing>
  <id>
   718657079
  </id>
  <name>
   Adidas Jacket V-8529
  </name>
  <category>
   Jacket
  </category>
  <size>
   XXL
  </size>
  <color>
   Красный
  </color>
  <material>
   Нейлон
  </material>
  <price>
   577000
  </price>
  <rating>
   1.52
  </rating>
  <reviews>
   190704
  </reviews>
  <exclusive>
   yes
  </exclusive>
  <sporty>
   no
  </sporty>
 </clothing>
 <clothing>
  <id>
   401489613
  </id>
  <name>
   Puma Jeans I-2752
  </name>
  <category>
   Jeans
  </category>
  <size>
   XL
  </size>
  <color>
   Красный
  </color>
  <material>
   Полиэстер
  </material>
  <price>
   933711
  </price>
  <rating>
   3.13
  </rating>
  <reviews>
   702231
  </reviews>
  <new>
   -
  </new>
  <sporty>
   no
  </sporty>
 </clothing>
 <clothing>
  <id>
   776953841
  </id>
  <name>
   PleinSport Jacket N-7632
  </name>
  <category>
   Jacket
  </category>
  <size>
   XL
  </size>
  <color>
   Голубой
  </color>
  <material>
   Шерсть
  </material>
  <price>
   796719
  </price>
  <rating>
   1.92
  </rating>
  <reviews>
   660412
  </reviews>
  <sporty>
   no
  </sporty>
 </clothing>
 <clothing>
  <id>
   979574413
  </id>
  <name>
   Puma Handbags G-3442
  </name>
  <category>
   Handbags
  </category>
  <size>
   S
  </size>
  <color>
   Зеленый
  </color>
  <material>
   Шелк
  </material>
  <price>
   504147
  </price>
  <rating>
   4.25
  </rating>
  <reviews>
   456812
  </reviews>
  <new>
   -
  </new>
 </clothing>
 <clothing>
  <id>
   594353143
  </id>
  <name>
   New Balance Socks Y-4074
  </name>
  <category>
   Socks
  </category>
  <size>
   XXL
  </size>
  <color>
   Оранжевый
  </color>
  <material>
   Нейлон
  </material>
  <price>
   561654
  </price>
  <rating>
   4.14
  </rating>
  <reviews>
   529668
  </reviews>
  <exclusive>
   yes
  </exclusive>
  <sporty>
   yes
  </sporty>
 </clothing>
 <clothing>
  <id>
   735107980
  </id>
  <name>
   Asics T-shirt P-3110
  </name>
  <category>
   T-shirt
  </category>
  <size>
   L
  </size>
  <color>
   Зеленый
  </color>
  <material>
   Шерсть
  </material>
  <price>
   861143
  </price>
  <rating>
   3.88
  </rating>
  <reviews>
   348714
  </reviews>
  <new>
   -
  </new>
  <exclusive>
   yes
  </exclusive>
  <sporty>
   no
  </sporty>
 </clothing>
 <clothing>
  <id>
   704388022
  </id>
  <name>
   PleinSport Umbrellas E-8900
  </name>
  <category>
   Umbrellas
  </category>
  <size>
   XL
  </size>
  <color>
   Оранжевый
  </color>
  <material>
   Вискоза
  </material>
  <price>
   962668
  </price>
  <rating>
   1.72
  </rating>
  <reviews>
   149945
  </reviews>
  <new>
   -
  </new>
  <exclusive>
   no
  </exclusive>
 </clothing>
 <clothing>
  <id>
   550959612
  </id>
  <name>
   Vans Belts V-8698
  </name>
  <category>
   Belts
  </category>
  <size>
   XL
  </size>
  <color>
   Синий
  </color>
  <material>
   Хлопок
  </material>
  <price>
   973460
  </price>
  <rating>
   2.38
  </rating>
  <reviews>
   399760
  </reviews>
  <new>
   -
  </new>
 </clothing>
 <clothing>
  <id>
   184426507
  </id>
  <name>
   Lacoste Sweater I-2952
  </name>
  <category>
   Sweater
  </category>
  <size>
   XL
  </size>
  <color>
   Оранжевый
  </color>
  <material>
   Нейлон
  </material>
  <price>
   745212
  </price>
  <rating>
   2.33
  </rating>
  <reviews>
   431899
  </reviews>
  <new>
   +
  </new>
  <exclusive>
   no
  </exclusive>
  <sporty>
   no
  </sporty>
 </clothing>
 <clothing>
  <id>
   510572536
  </id>
  <name>
   Vans Shirt Z-2320
  </name>
  <category>
   Shirt
  </category>
  <size>
   XXL
  </size>
  <color>
   Оранжевый
  </color>
  <material>
   Лен
  </material>
  <price>
   480542
  </price>
  <rating>
   2.57
  </rating>
  <reviews>
   652733
  </reviews>
  <new>
   -
  </new>
  <exclusive>
   no
  </exclusive>
  <sporty>
   no
  </sporty>
 </clothing>
 <clothing>
  <id>
   378252691
  </id>
  <name>
   Converse Sweater S-1370
  </name>
  <category>
   Sweater
  </category>
  <size>
   M
  </size>
  <color>
   Фиолетовый
  </color>
  <material>
   Хлопок
  </material>
  <price>
   660301
  </price>
  <rating>
   3.23
  </rating>
  <reviews>
   255366
  </reviews>
  <new>
   +
  </new>
  <exclusive>
   yes
  </exclusive>
 </clothing>
 <clothing>
  <id>
   106330976
  </id>
  <name>
   Brooks Umbrellas D-4064
  </name>
  <category>
   Umbrellas
  </category>
  <size>
   L
  </size>
  <color>
   Красный
  </color>
  <material>
   Шелк
  </material>
  <price>
   435404
  </price>
  <rating>
   2.53
  </rating>
  <reviews>
   308521
  </reviews>
  <new>
   -
  </new>
  <exclusive>
   yes
  </exclusive>
 </clothing>
 <clothing>
  <id>
   585901285
  </id>
  <name>
   PleinSport Umbrellas W-6410
  </name>
  <category>
   Umbrellas
  </category>
  <size>
   XL
  </size>
  <color>
   Зеленый
  </color>
  <material>
   Шелк
  </material>
  <price>
   329916
  </price>
  <rating>
   4.2
  </rating>
  <reviews>
   298440
  </reviews>
  <new>
   -
  </new>
  <exclusive>
   yes
  </exclusive>
  <sporty>
   no
  </sporty>
 </clothing>
 <clothing>
  <id>
   716340010
  </id>
  <name>
   New Balance Umbrellas F-6411
  </name>
  <category>
   Umbrellas
  </category>
  <size>
   S
  </size>
  <color>
   Зеленый
  </color>
  <material>
   Лен
  </material>
  <price>
   155482
  </price>
  <rating>
   4.85
  </rating>
  <reviews>
   877401
  </reviews>
  <exclusive>
   no
  </exclusive>
 </clothing>
 <clothing>
  <id>
   681809405
  </id>
  <name>
   DC Dress R-7064
  </name>
  <category>
   Dress
  </category>
  <size>
   XL
  </size>
  <color>
   Синий
  </color>
  <material>
   Шерсть
  </material>
  <price>
   643716
  </price>
  <rating>
   2.88
  </rating>
  <reviews>
   273818
  </reviews>
  <new>
   -
  </new>
  <exclusive>
   yes
  </exclusive>
  <sporty>
   no
  </sporty>
 </clothing>
 <clothing>
  <id>
   910768177
  </id>
  <name>
   Reebok Socks R-2278
  </name>
  <category>
   Socks
  </category>
  <size>
   L
  </size>
  <color>
   Синий
  </color>
  <material>
   Шерсть
  </material>
  <price>
   911942
  </price>
  <rating>
   2.59
  </rating>
  <reviews>
   333563
  </reviews>
  <new>
   +
  </new>
  <exclusive>
   no
  </exclusive>
  <sporty>
   yes
  </sporty>
 </clothing>
 <clothing>
  <id>
   991217764
  </id>
  <name>
   Reebok Gloves H-7649
  </name>
  <category>
   Gloves
  </category>
  <size>
   M
  </size>
  <color>
   Голубой
  </color>
  <material>
   Хлопок
  </material>
  <price>
   163903
  </price>
  <rating>
   1.02
  </rating>
  <reviews>
   796164
  </reviews>
  <new>
   -
  </new>
  <sporty>
   yes
  </sporty>
 </clothing>
 <clothing>
  <id>
   693687867
  </id>
  <name>
   Puma Socks U-7339
  </name>
  <category>
   Socks
  </category>
  <size>
   L
  </size>
  <color>
   Желтый
  </color>
  <material>
   Вискоза
  </material>
  <price>
   641386
  </price>
  <rating>
   3.72
  </rating>
  <reviews>
   686321
  </reviews>
  <new>
   +
  </new>
  <sporty>
   yes
  </sporty>
 </clothing>
 <clothing>
  <id>
   444784442
  </id>
  <name>
   DC T-shirt N-3964
  </name>
  <category>
   T-shirt
  </category>
  <size>
   XL
  </size>
  <color>
   Синий
  </color>
  <material>
   Шелк
  </material>
  <price>
   246515
  </price>
  <rating>
   3.61
  </rating>
  <reviews>
   144180
  </reviews>
  <new>
   -
  </new>
 </clothing>
 <clothing>
  <id>
   956454767
  </id>
  <name>
   Converse Handbags O-4915
  </name>
  <category>
   Handbags
  </category>
  <size>
   XXL
  </size>
  <color>
   Голубой
  </color>
  <material>
   Шерсть
  </material>
  <price>
   823309
  </price>
  <rating>
   2.51
  </rating>
  <reviews>
   146709
  </reviews>
  <exclusive>
   no
  </exclusive>
 </clothing>
 <clothing>
  <id>
   847430757
  </id>
  <name>
   Lacoste Jeans O-1915
  </name>
  <category>
   Jeans
  </category>
  <size>
   S
  </size>
  <color>
   Красный
  </color>
  <material>
   Вискоза
  </material>
  <price>
   667946
  </price>
  <rating>
   3.37
  </rating>
  <reviews>
   296825
  </reviews>
  <new>
   -
  </new>
  <exclusive>
   no
  </exclusive>
 </clothing>
 <clothing>
  <id>
   288364610
  </id>
  <name>
   Brooks Pants Q-2882
  </name>
  <category>
   Pants
  </category>
  <size>
   XXL
  </size>
  <color>
   Желтый
  </color>
  <material>
   Нейлон
  </material>
  <price>
   656834
  </price>
  <rating>
   4.11
  </rating>
  <reviews>
   635533
  </reviews>
  <new>
   +
  </new>
 </clothing>
 <clothing>
  <id>
   848056085
  </id>
  <name>
   Under Armour T-shirt B-7055
  </name>
  <category>
   T-shirt
  </category>
  <size>
   XL
  </size>
  <color>
   Оранжевый
  </color>
  <material>
   Нейлон
  </material>
  <price>
   771250
  </price>
  <rating>
   2.09
  </rating>
  <reviews>
   878790
  </reviews>
  <exclusive>
   no
  </exclusive>
  <sporty>
   no
  </sporty>
 </clothing>
 <clothing>
  <id>
   837633564
  </id>
  <name>
   Addidas T-shirt I-6116
  </name>
  <category>
   T-shirt
  </category>
  <size>
   M
  </size>
  <color>
   Фиолетовый
  </color>
  <material>
   Лен
  </material>
  <price>
   274515
  </price>
  <rating>
   3.19
  </rating>
  <reviews>
   159187
  </reviews>
  <new>
   -
  </new>
  <sporty>
   no
  </sporty>
 </clothing>
 <clothing>
  <id>
   916142824
  </id>
  <name>
   Puma Jeans R-7952
  </name>
  <category>
   Jeans
  </category>
  <size>
   L
  </size>
  <color>
   Зеленый
  </color>
  <material>
   Вискоза
  </material>
  <price>
   737168
  </price>
  <rating>
   4.18
  </rating>
  <reviews>
   957513
  </reviews>
  <new>
   -
  </new>
  <exclusive>
   yes
  </exclusive>
  <sporty>
   no
  </sporty>
 </clothing>
 <clothing>
  <id>
   874571903
  </id>
  <name>
   Lacoste Umbrellas Z-3072
  </name>
  <category>
   Umbrellas
  </category>
  <size>
   L
  </size>
  <color>
   Красный
  </color>
  <material>
   Шерсть
  </material>
  <price>
   974170
  </price>
  <rating>
   3.02
  </rating>
  <reviews>
   467940
  </reviews>
 </clothing>
 <clothing>
  <id>
   314428481
  </id>
  <name>
   Converse Blouse R-8233
  </name>
  <category>
   Blouse
  </category>
  <size>
   XL
  </size>
  <color>
   Оранжевый
  </color>
  <material>
   Полиэстер
  </material>
  <price>
   814164
  </price>
  <rating>
   3.57
  </rating>
  <reviews>
   668169
  </reviews>
 </clothing>
 <clothing>
  <id>
   707008816
  </id>
  <name>
   Converse Jeans G-3702
  </name>
  <category>
   Jeans
  </category>
  <size>
   XXL
  </size>
  <color>
   Фиолетовый
  </color>
  <material>
   Кожа
  </material>
  <price>
   188817
  </price>
  <rating>
   1.07
  </rating>
  <reviews>
   530568
  </reviews>
  <new>
   -
  </new>
  <sporty>
   no
  </sporty>
 </clothing>
 <clothing>
  <id>
   654637771
  </id>
  <name>
   New Balance Jacket E-3432
  </name>
  <category>
   Jacket
  </category>
  <size>
   S
  </size>
  <color>
   Зеленый
  </color>
  <material>
   Нейлон
  </material>
  <price>
   509259
  </price>
  <rating>
   1.85
  </rating>
  <reviews>
   819740
  </reviews>
  <new>
   -
  </new>
  <exclusive>
   no
  </exclusive>
 </clothing>
 <clothing>
  <id>
   134390607
  </id>
  <name>
   Puma Belts C-1154
  </name>
  <category>
   Belts
  </category>
  <size>
   L
  </size>
  <color>
   Красный
  </color>
  <material>
   Полиэстер
  </material>
  <price>
   580974
  </price>
  <rating>
   2.13
  </rating>
  <reviews>
   704736
  </reviews>
  <new>
   -
  </new>
  <exclusive>
   yes
  </exclusive>
  <sporty>
   yes
  </sporty>
 </clothing>
 <clothing>
  <id>
   873890262
  </id>
  <name>
   Brooks Jeans L-1149
  </name>
  <category>
   Jeans
  </category>
  <size>
   XL
  </size>
  <color>
   Синий
  </color>
  <material>
   Полиэстер
  </material>
  <price>
   487831
  </price>
  <rating>
   4.08
  </rating>
  <reviews>
   113490
  </reviews>
  <exclusive>
   no
  </exclusive>
  <sporty>
   no
  </sporty>
 </clothing>
 <clothing>
  <id>
   967656027
  </id>
  <name>
   Vans Umbrellas B-5426
  </name>
  <category>
   Umbrellas
  </category>
  <size>
   S
  </size>
  <color>
   Синий
  </color>
  <material>
   Лен
  </material>
  <price>
   560565
  </price>
  <rating>
   4.68
  </rating>
  <reviews>
   134897
  </reviews>
  <new>
   +
  </new>
  <exclusive>
   no
  </exclusive>
  <sporty>
   no
  </sporty>
 </clothing>
 <clothing>
  <id>
   308779802
  </id>
  <name>
   Ellesse Gloves A-9419
  </name>
  <category>
   Gloves
  </category>
  <size>
   XL
  </size>
  <color>
   Оранжевый
  </color>
  <material>
   Шерсть
  </material>
  <price>
   368435
  </price>
  <rating>
   4.92
  </rating>
  <reviews>
   404034
  </reviews>
  <new>
   -
  </new>
  <sporty>
   yes
  </sporty>
 </clothing>
 <clothing>
  <id>
   943158776
  </id>
  <name>
   Vans Belts D-4062
  </name>
  <category>
   Belts
  </category>
  <size>
   L
  </size>
  <color>
   Голубой
  </color>
  <material>
   Кожа
  </material>
  <price>
   415745
  </price>
  <rating>
   1.18
  </rating>
  <reviews>
   332031
  </reviews>
  <exclusive>
   yes
  </exclusive>
  <sporty>
   yes
  </sporty>
 </clothing>
 <clothing>
  <id>
   823670447
  </id>
  <name>
   Puma Blouse W-6381
  </name>
  <category>
   Blouse
  </category>
  <size>
   S
  </size>
  <color>
   Зеленый
  </color>
  <material>
   Шелк
  </material>
  <price>
   869025
  </price>
  <rating>
   3.85
  </rating>
  <reviews>
   672633
  </reviews>
  <exclusive>
   no
  </exclusive>
 </clothing>
 <clothing>
  <id>
   698985959
  </id>
  <name>
   Ellesse Belts B-7367
  </name>
  <category>
   Belts
  </category>
  <size>
   XL
  </size>
  <color>
   Оранжевый
  </color>
  <material>
   Лен
  </material>
  <price>
   847977
  </price>
  <rating>
   3.77
  </rating>
  <reviews>
   976759
  </reviews>
  <new>
   -
  </new>
  <exclusive>
   no
  </exclusive>
  <sporty>
   yes
  </sporty>
 </clothing>
 <clothing>
  <id>
   365366216
  </id>
  <name>
   Ellesse Umbrellas L-5001
  </name>
  <category>
   Umbrellas
  </category>
  <size>
   S
  </size>
  <color>
   Фиолетовый
  </color>
  <material>
   Кожа
  </material>
  <price>
   397395
  </price>
  <rating>
   1.97
  </rating>
  <reviews>
   245964
  </reviews>
  <exclusive>
   no
  </exclusive>
  <sporty>
   yes
  </sporty>
 </clothing>
 <clothing>
  <id>
   341088968
  </id>
  <name>
   Vans Hat H-3747
  </name>
  <category>
   Hat
  </category>
  <size>
   XXL
  </size>
  <color>
   Оранжевый
  </color>
  <material>
   Нейлон
  </material>
  <price>
   580626
  </price>
  <rating>
   4.55
  </rating>
  <reviews>
   493247
  </reviews>
  <new>
   -
  </new>
  <exclusive>
   no
  </exclusive>
  <sporty>
   no
  </sporty>
 </clothing>
 <clothing>
  <id>
   692666493
  </id>
  <name>
   DC Sweater Y-8440
  </name>
  <category>
   Sweater
  </category>
  <size>
   XXL
  </size>
  <color>
   Синий
  </color>
  <material>
   Полиэстер
  </material>
  <price>
   209540
  </price>
  <rating>
   1.66
  </rating>
  <reviews>
   926695
  </reviews>
  <new>
   +
  </new>
  <exclusive>
   no
  </exclusive>
  <sporty>
   no
  </sporty>
 </clothing>
 <clothing>
  <id>
   158502584
  </id>
  <name>
   Converse Pants Z-7904
  </name>
  <category>
   Pants
  </category>
  <size>
   XXL
  </size>
  <color>
   Желтый
  </color>
  <material>
   Хлопок
  </material>
  <price>
   417775
  </price>
  <rating>
   1.01
  </rating>
  <reviews>
   993638
  </reviews>
  <new>
   -
  </new>
  <exclusive>
   no
  </exclusive>
 </clothing>
 <clothing>
  <id>
   899963151
  </id>
  <name>
   Addidas Jacket C-4447
  </name>
  <category>
   Jacket
  </category>
  <size>
   L
  </size>
  <color>
   Зеленый
  </color>
  <material>
   Полиэстер
  </material>
  <price>
   451675
  </price>
  <rating>
   3.89
  </rating>
  <reviews>
   314584
  </reviews>
  <new>
   -
  </new>
  <exclusive>
   no
  </exclusive>
  <sporty>
   no
  </sporty>
 </clothing>
 <clothing>
  <id>
   638058219
  </id>
  <name>
   PleinSport Jeans B-9019
  </name>
  <category>
   Jeans
  </category>
  <size>
   XXL
  </size>
  <color>
   Зеленый
  </color>
  <material>
   Шерсть
  </material>
  <price>
   267854
  </price>
  <rating>
   1.28
  </rating>
  <reviews>
   249124
  </reviews>
 </clothing>
 <clothing>
  <id>
   165524742
  </id>
  <name>
   Lacoste Gloves Z-5133
  </name>
  <category>
   Gloves
  </category>
  <size>
   L
  </size>
  <color>
   Желтый
  </color>
  <material>
   Нейлон
  </material>
  <price>
   873436
  </price>
  <rating>
   3.43
  </rating>
  <reviews>
   331974
  </reviews>
  <exclusive>
   yes
  </exclusive>
 </clothing>
 <clothing>
  <id>
   155594109
  </id>
  <name>
   New Balance Sweater U-7459
  </name>
  <category>
   Sweater
  </category>
  <size>
   XXL
  </size>
  <color>
   Фиолетовый
  </color>
  <material>
   Шерсть
  </material>
  <price>
   532118
  </price>
  <rating>
   4.84
  </rating>
  <reviews>
   530784
  </reviews>
  <exclusive>
   yes
  </exclusive>
 </clothing>
 <clothing>
  <id>
   289984312
  </id>
  <name>
   Fila Umbrellas I-3477
  </name>
  <category>
   Umbrellas
  </category>
  <size>
   XL
  </size>
  <color>
   Желтый
  </color>
  <material>
   Шелк
  </material>
  <price>
   603695
  </price>
  <rating>
   1.6
  </rating>
  <reviews>
   673055
  </reviews>
  <new>
   +
  </new>
  <exclusive>
   yes
  </exclusive>
  <sporty>
   yes
  </sporty>
 </clothing>
 <clothing>
  <id>
   553043875
  </id>
  <name>
   Adidas Gloves J-8280
  </name>
  <category>
   Gloves
  </category>
  <size>
   XL
  </size>
  <color>
   Желтый
  </color>
  <material>
   Кожа
  </material>
  <price>
   472050
  </price>
  <rating>
   1.34
  </rating>
  <reviews>
   585936
  </reviews>
  <exclusive>
   yes
  </exclusive>
  <sporty>
   yes
  </sporty>
 </clothing>
 <clothing>
  <id>
   458482789
  </id>
  <name>
   Puma Dress W-6315
  </name>
  <category>
   Dress
  </category>
  <size>
   XXL
  </size>
  <color>
   Красный
  </color>
  <material>
   Шерсть
  </material>
  <price>
   151388
  </price>
  <rating>
   4.97
  </rating>
  <reviews>
   122775
  </reviews>
  <new>
   +
  </new>
  <exclusive>
   no
  </exclusive>
 </clothing>
 <clothing>
  <id>
   989346171
  </id>
  <name>
   Adidas T-shirt E-9518
  </name>
  <category>
   T-shirt
  </category>
  <size>
   M
  </size>
  <color>
   Оранжевый
  </color>
  <material>
   Шелк
  </material>
  <price>
   792600
  </price>
  <rating>
   4.69
  </rating>
  <reviews>
   322828
  </reviews>
  <new>
   +
  </new>
  <sporty>
   no
  </sporty>
 </clothing>
 <clothing>
  <id>
   659593092
  </id>
  <name>
   Asics Handbags V-6711
  </name>
  <category>
   Handbags
  </category>
  <size>
   S
  </size>
  <color>
   Голубой
  </color>
  <material>
   Хлопок
  </material>
  <price>
   976347
  </price>
  <rating>
   1.08
  </rating>
  <reviews>
   221807
  </reviews>
  <new>
   -
  </new>
  <exclusive>
   no
  </exclusive>
  <sporty>
   yes
  </sporty>
 </clothing>
</clothing-items>
