<?xml version="1.0" encoding="utf-8"?>
<clothing-items>
 <clothing>
  <id>
   148718295
  </id>
  <name>
   Asics Gloves S-5798
  </name>
  <category>
   Gloves
  </category>
  <size>
   XXL
  </size>
  <color>
   Желтый
  </color>
  <material>
   Вискоза
  </material>
  <price>
   881064
  </price>
  <rating>
   1.44
  </rating>
  <reviews>
   936015
  </reviews>
  <new>
   -
  </new>
  <exclusive>
   yes
  </exclusive>
  <sporty>
   no
  </sporty>
 </clothing>
 <clothing>
  <id>
   318790415
  </id>
  <name>
   Reebok Shoes O-6110
  </name>
  <category>
   Shoes
  </category>
  <size>
   M
  </size>
  <color>
   Зеленый
  </color>
  <material>
   Хлопок
  </material>
  <price>
   949488
  </price>
  <rating>
   3.11
  </rating>
  <reviews>
   569449
  </reviews>
  <new>
   +
  </new>
 </clothing>
 <clothing>
  <id>
   638656309
  </id>
  <name>
   DC Hat W-4888
  </name>
  <category>
   Hat
  </category>
  <size>
   XL
  </size>
  <color>
   Фиолетовый
  </color>
  <material>
   Шелк
  </material>
  <price>
   518047
  </price>
  <rating>
   2.58
  </rating>
  <reviews>
   814979
  </reviews>
  <new>
   -
  </new>
  <exclusive>
   yes
  </exclusive>
  <sporty>
   no
  </sporty>
 </clothing>
 <clothing>
  <id>
   794933152
  </id>
  <name>
   Under Armour Blouse M-5634
  </name>
  <category>
   Blouse
  </category>
  <size>
   L
  </size>
  <color>
   Голубой
  </color>
  <material>
   Нейлон
  </material>
  <price>
   254398
  </price>
  <rating>
   4.28
  </rating>
  <reviews>
   808115
  </reviews>
  <new>
   +
  </new>
 </clothing>
 <clothing>
  <id>
   984581409
  </id>
  <name>
   Brooks Sweater H-9586
  </name>
  <category>
   Sweater
  </category>
  <size>
   M
  </size>
  <color>
   Зеленый
  </color>
  <material>
   Вискоза
  </material>
  <price>
   792825
  </price>
  <rating>
   4.73
  </rating>
  <reviews>
   220185
  </reviews>
  <new>
   +
  </new>
  <sporty>
   no
  </sporty>
 </clothing>
 <clothing>
  <id>
   622280417
  </id>
  <name>
   Adidas Blouse G-7032
  </name>
  <category>
   Blouse
  </category>
  <size>
   XXL
  </size>
  <color>
   Фиолетовый
  </color>
  <material>
   Хлопок
  </material>
  <price>
   379032
  </price>
  <rating>
   4.83
  </rating>
  <reviews>
   877583
  </reviews>
  <new>
   -
  </new>
  <sporty>
   yes
  </sporty>
 </clothing>
 <clothing>
  <id>
   948489076
  </id>
  <name>
   New Balance Jeans M-8798
  </name>
  <category>
   Jeans
  </category>
  <size>
   S
  </size>
  <color>
   Красный
  </color>
  <material>
   Шерсть
  </material>
  <price>
   172784
  </price>
  <rating>
   3.27
  </rating>
  <reviews>
   448978
  </reviews>
  <new>
   +
  </new>
  <sporty>
   no
  </sporty>
 </clothing>
 <clothing>
  <id>
   397996995
  </id>
  <name>
   Nike Shoes E-3565
  </name>
  <category>
   Shoes
  </category>
  <size>
   S
  </size>
  <color>
   Желтый
  </color>
  <material>
   Шелк
  </material>
  <price>
   842047
  </price>
  <rating>
   1.85
  </rating>
  <reviews>
   684668
  </reviews>
  <new>
   +
  </new>
  <exclusive>
   no
  </exclusive>
  <sporty>
   no
  </sporty>
 </clothing>
 <clothing>
  <id>
   924007985
  </id>
  <name>
   Lacoste Pants M-4193
  </name>
  <category>
   Pants
  </category>
  <size>
   L
  </size>
  <color>
   Зеленый
  </color>
  <material>
   Вискоза
  </material>
  <price>
   310217
  </price>
  <rating>
   4.01
  </rating>
  <reviews>
   42098
  </reviews>
 </clothing>
 <clothing>
  <id>
   636199590
  </id>
  <name>
   Puma Dress C-7117
  </name>
  <category>
   Dress
  </category>
  <size>
   S
  </size>
  <color>
   Голубой
  </color>
  <material>
   Кожа
  </material>
  <price>
   956244
  </price>
  <rating>
   4.01
  </rating>
  <reviews>
   30097
  </reviews>
  <sporty>
   yes
  </sporty>
 </clothing>
 <clothing>
  <id>
   570969471
  </id>
  <name>
   Reebok Blouse K-9262
  </name>
  <category>
   Blouse
  </category>
  <size>
   XL
  </size>
  <color>
   Зеленый
  </color>
  <material>
   Хлопок
  </material>
  <price>
   840180
  </price>
  <rating>
   2.37
  </rating>
  <reviews>
   78363
  </reviews>
  <new>
   +
  </new>
  <exclusive>
   no
  </exclusive>
  <sporty>
   yes
  </sporty>
 </clothing>
 <clothing>
  <id>
   844631673
  </id>
  <name>
   Reebok Jacket Q-7583
  </name>
  <category>
   Jacket
  </category>
  <size>
   S
  </size>
  <color>
   Оранжевый
  </color>
  <material>
   Нейлон
  </material>
  <price>
   358223
  </price>
  <rating>
   3.45
  </rating>
  <reviews>
   38295
  </reviews>
  <new>
   +
  </new>
  <exclusive>
   yes
  </exclusive>
  <sporty>
   yes
  </sporty>
 </clothing>
 <clothing>
  <id>
   774849789
  </id>
  <name>
   Puma Gloves R-3231
  </name>
  <category>
   Gloves
  </category>
  <size>
   XXL
  </size>
  <color>
   Зеленый
  </color>
  <material>
   Шелк
  </material>
  <price>
   211145
  </price>
  <rating>
   2.34
  </rating>
  <reviews>
   813740
  </reviews>
 </clothing>
 <clothing>
  <id>
   648573018
  </id>
  <name>
   Brooks Dress Z-2481
  </name>
  <category>
   Dress
  </category>
  <size>
   S
  </size>
  <color>
   Голубой
  </color>
  <material>
   Шелк
  </material>
  <price>
   815542
  </price>
  <rating>
   1.5
  </rating>
  <reviews>
   269804
  </reviews>
  <new>
   -
  </new>
  <exclusive>
   yes
  </exclusive>
  <sporty>
   no
  </sporty>
 </clothing>
 <clothing>
  <id>
   265253453
  </id>
  <name>
   Converse T-shirt G-3899
  </name>
  <category>
   T-shirt
  </category>
  <size>
   XL
  </size>
  <color>
   Голубой
  </color>
  <material>
   Полиэстер
  </material>
  <price>
   124816
  </price>
  <rating>
   1.37
  </rating>
  <reviews>
   701211
  </reviews>
  <sporty>
   no
  </sporty>
 </clothing>
 <clothing>
  <id>
   566509870
  </id>
  <name>
   Fila Shoes Q-2117
  </name>
  <category>
   Shoes
  </category>
  <size>
   L
  </size>
  <color>
   Синий
  </color>
  <material>
   Полиэстер
  </material>
  <price>
   901198
  </price>
  <rating>
   4.73
  </rating>
  <reviews>
   648485
  </reviews>
  <exclusive>
   yes
  </exclusive>
  <sporty>
   no
  </sporty>
 </clothing>
 <clothing>
  <id>
   602661588
  </id>
  <name>
   Under Armour Hat O-7120
  </name>
  <category>
   Hat
  </category>
  <size>
   S
  </size>
  <color>
   Желтый
  </color>
  <material>
   Нейлон
  </material>
  <price>
   183521
  </price>
  <rating>
   1.67
  </rating>
  <reviews>
   464643
  </reviews>
  <exclusive>
   yes
  </exclusive>
 </clothing>
 <clothing>
  <id>
   170971986
  </id>
  <name>
   Vans Blouse Z-7800
  </name>
  <category>
   Blouse
  </category>
  <size>
   XL
  </size>
  <color>
   Желтый
  </color>
  <material>
   Хлопок
  </material>
  <price>
   616616
  </price>
  <rating>
   3.67
  </rating>
  <reviews>
   746572
  </reviews>
  <exclusive>
   yes
  </exclusive>
 </clothing>
 <clothing>
  <id>
   281216948
  </id>
  <name>
   Nike Socks P-1358
  </name>
  <category>
   Socks
  </category>
  <size>
   M
  </size>
  <color>
   Оранжевый
  </color>
  <material>
   Вискоза
  </material>
  <price>
   143938
  </price>
  <rating>
   3.09
  </rating>
  <reviews>
   397571
  </reviews>
 </clothing>
 <clothing>
  <id>
   858348751
  </id>
  <name>
   Lacoste Shoes W-1345
  </name>
  <category>
   Shoes
  </category>
  <size>
   M
  </size>
  <color>
   Синий
  </color>
  <material>
   Хлопок
  </material>
  <price>
   920748
  </price>
  <rating>
   2.77
  </rating>
  <reviews>
   929287
  </reviews>
  <new>
   -
  </new>
  <exclusive>
   no
  </exclusive>
 </clothing>
 <clothing>
  <id>
   796539152
  </id>
  <name>
   Lacoste Belts V-1392
  </name>
  <category>
   Belts
  </category>
  <size>
   XL
  </size>
  <color>
   Фиолетовый
  </color>
  <material>
   Нейлон
  </material>
  <price>
   954001
  </price>
  <rating>
   2.44
  </rating>
  <reviews>
   755146
  </reviews>
  <new>
   -
  </new>
 </clothing>
 <clothing>
  <id>
   594921191
  </id>
  <name>
   Asics Handbags D-6354
  </name>
  <category>
   Handbags
  </category>
  <size>
   XXL
  </size>
  <color>
   Красный
  </color>
  <material>
   Кожа
  </material>
  <price>
   515865
  </price>
  <rating>
   1.02
  </rating>
  <reviews>
   616256
  </reviews>
  <sporty>
   yes
  </sporty>
 </clothing>
 <clothing>
  <id>
   368041836
  </id>
  <name>
   PleinSport Hat I-8580
  </name>
  <category>
   Hat
  </category>
  <size>
   S
  </size>
  <color>
   Фиолетовый
  </color>
  <material>
   Шерсть
  </material>
  <price>
   308807
  </price>
  <rating>
   1.36
  </rating>
  <reviews>
   409567
  </reviews>
  <exclusive>
   no
  </exclusive>
  <sporty>
   no
  </sporty>
 </clothing>
 <clothing>
  <id>
   643813828
  </id>
  <name>
   Adidas Dress S-8157
  </name>
  <category>
   Dress
  </category>
  <size>
   M
  </size>
  <color>
   Красный
  </color>
  <material>
   Полиэстер
  </material>
  <price>
   317004
  </price>
  <rating>
   3.67
  </rating>
  <reviews>
   168125
  </reviews>
  <exclusive>
   no
  </exclusive>
  <sporty>
   yes
  </sporty>
 </clothing>
 <clothing>
  <id>
   555445755
  </id>
  <name>
   Brooks Blouse V-6827
  </name>
  <category>
   Blouse
  </category>
  <size>
   XL
  </size>
  <color>
   Фиолетовый
  </color>
  <material>
   Кожа
  </material>
  <price>
   593210
  </price>
  <rating>
   3.5
  </rating>
  <reviews>
   404899
  </reviews>
  <new>
   -
  </new>
  <exclusive>
   no
  </exclusive>
  <sporty>
   no
  </sporty>
 </clothing>
 <clothing>
  <id>
   942381151
  </id>
  <name>
   Nike Handbags N-1129
  </name>
  <category>
   Handbags
  </category>
  <size>
   S
  </size>
  <color>
   Красный
  </color>
  <material>
   Шелк
  </material>
  <price>
   279854
  </price>
  <rating>
   1.57
  </rating>
  <reviews>
   328509
  </reviews>
  <new>
   -
  </new>
  <sporty>
   no
  </sporty>
 </clothing>
 <clothing>
  <id>
   304237822
  </id>
  <name>
   Reebok Jacket U-8758
  </name>
  <category>
   Jacket
  </category>
  <size>
   XL
  </size>
  <color>
   Синий
  </color>
  <material>
   Полиэстер
  </material>
  <price>
   547027
  </price>
  <rating>
   3.4
  </rating>
  <reviews>
   28902
  </reviews>
  <new>
   +
  </new>
  <exclusive>
   no
  </exclusive>
 </clothing>
</clothing-items>
