<?xml version="1.0" encoding="utf-8"?>
<clothing-items>
 <clothing>
  <id>
   887970021
  </id>
  <name>
   Adidas Skirt K-2042
  </name>
  <category>
   Skirt
  </category>
  <size>
   M
  </size>
  <color>
   Оранжевый
  </color>
  <material>
   Вискоза
  </material>
  <price>
   911328
  </price>
  <rating>
   2.87
  </rating>
  <reviews>
   954266
  </reviews>
  <exclusive>
   yes
  </exclusive>
  <sporty>
   yes
  </sporty>
 </clothing>
 <clothing>
  <id>
   616139182
  </id>
  <name>
   New Balance T-shirt Z-2546
  </name>
  <category>
   T-shirt
  </category>
  <size>
   L
  </size>
  <color>
   Красный
  </color>
  <material>
   Лен
  </material>
  <price>
   310101
  </price>
  <rating>
   4.84
  </rating>
  <reviews>
   255018
  </reviews>
  <exclusive>
   yes
  </exclusive>
 </clothing>
 <clothing>
  <id>
   448876539
  </id>
  <name>
   Vans Socks P-9690
  </name>
  <category>
   Socks
  </category>
  <size>
   L
  </size>
  <color>
   Оранжевый
  </color>
  <material>
   Шелк
  </material>
  <price>
   580495
  </price>
  <rating>
   4.97
  </rating>
  <reviews>
   592502
  </reviews>
  <new>
   -
  </new>
  <sporty>
   no
  </sporty>
 </clothing>
 <clothing>
  <id>
   768921279
  </id>
  <name>
   Addidas Sweater O-9685
  </name>
  <category>
   Sweater
  </category>
  <size>
   S
  </size>
  <color>
   Синий
  </color>
  <material>
   Лен
  </material>
  <price>
   723135
  </price>
  <rating>
   4.8
  </rating>
  <reviews>
   865322
  </reviews>
 </clothing>
 <clothing>
  <id>
   582017967
  </id>
  <name>
   Brooks T-shirt E-9357
  </name>
  <category>
   T-shirt
  </category>
  <size>
   XL
  </size>
  <color>
   Желтый
  </color>
  <material>
   Вискоза
  </material>
  <price>
   196605
  </price>
  <rating>
   4.57
  </rating>
  <reviews>
   751566
  </reviews>
  <exclusive>
   no
  </exclusive>
  <sporty>
   no
  </sporty>
 </clothing>
 <clothing>
  <id>
   918625302
  </id>
  <name>
   DC T-shirt O-2644
  </name>
  <category>
   T-shirt
  </category>
  <size>
   XXL
  </size>
  <color>
   Голубой
  </color>
  <material>
   Лен
  </material>
  <price>
   874863
  </price>
  <rating>
   3.56
  </rating>
  <reviews>
   622273
  </reviews>
  <new>
   -
  </new>
  <exclusive>
   no
  </exclusive>
  <sporty>
   yes
  </sporty>
 </clothing>
 <clothing>
  <id>
   793634253
  </id>
  <name>
   DC T-shirt F-5379
  </name>
  <category>
   T-shirt
  </category>
  <size>
   XXL
  </size>
  <color>
   Красный
  </color>
  <material>
   Лен
  </material>
  <price>
   453150
  </price>
  <rating>
   4.94
  </rating>
  <reviews>
   87926
  </reviews>
  <exclusive>
   no
  </exclusive>
 </clothing>
 <clothing>
  <id>
   559517190
  </id>
  <name>
   Under Armour Shoes K-5144
  </name>
  <category>
   Shoes
  </category>
  <size>
   XL
  </size>
  <color>
   Зеленый
  </color>
  <material>
   Полиэстер
  </material>
  <price>
   738198
  </price>
  <rating>
   4.52
  </rating>
  <reviews>
   891326
  </reviews>
  <new>
   +
  </new>
  <exclusive>
   no
  </exclusive>
 </clothing>
 <clothing>
  <id>
   912045728
  </id>
  <name>
   Lacoste Blouse G-5148
  </name>
  <category>
   Blouse
  </category>
  <size>
   M
  </size>
  <color>
   Фиолетовый
  </color>
  <material>
   Хлопок
  </material>
  <price>
   840557
  </price>
  <rating>
   1.26
  </rating>
  <reviews>
   100196
  </reviews>
  <new>
   +
  </new>
  <sporty>
   no
  </sporty>
 </clothing>
 <clothing>
  <id>
   289818764
  </id>
  <name>
   PleinSport Dress J-6388
  </name>
  <category>
   Dress
  </category>
  <size>
   XXL
  </size>
  <color>
   Голубой
  </color>
  <material>
   Шелк
  </material>
  <price>
   120998
  </price>
  <rating>
   3.25
  </rating>
  <reviews>
   327740
  </reviews>
  <sporty>
   no
  </sporty>
 </clothing>
 <clothing>
  <id>
   262928036
  </id>
  <name>
   DC Shoes L-8399
  </name>
  <category>
   Shoes
  </category>
  <size>
   XL
  </size>
  <color>
   Зеленый
  </color>
  <material>
   Шелк
  </material>
  <price>
   141427
  </price>
  <rating>
   4.84
  </rating>
  <reviews>
   878229
  </reviews>
  <new>
   +
  </new>
  <sporty>
   no
  </sporty>
 </clothing>
 <clothing>
  <id>
   544038998
  </id>
  <name>
   DC Handbags X-4681
  </name>
  <category>
   Handbags
  </category>
  <size>
   XXL
  </size>
  <color>
   Синий
  </color>
  <material>
   Шелк
  </material>
  <price>
   745150
  </price>
  <rating>
   2.48
  </rating>
  <reviews>
   83993
  </reviews>
  <sporty>
   yes
  </sporty>
 </clothing>
 <clothing>
  <id>
   223048981
  </id>
  <name>
   DC Shirt V-2995
  </name>
  <category>
   Shirt
  </category>
  <size>
   XXL
  </size>
  <color>
   Оранжевый
  </color>
  <material>
   Лен
  </material>
  <price>
   798172
  </price>
  <rating>
   1.07
  </rating>
  <reviews>
   661062
  </reviews>
  <new>
   -
  </new>
  <sporty>
   no
  </sporty>
 </clothing>
 <clothing>
  <id>
   160155247
  </id>
  <name>
   Vans Shirt R-8457
  </name>
  <category>
   Shirt
  </category>
  <size>
   L
  </size>
  <color>
   Фиолетовый
  </color>
  <material>
   Шелк
  </material>
  <price>
   283281
  </price>
  <rating>
   3.08
  </rating>
  <reviews>
   635448
  </reviews>
  <new>
   +
  </new>
  <exclusive>
   no
  </exclusive>
 </clothing>
 <clothing>
  <id>
   805545983
  </id>
  <name>
   PleinSport Jeans J-2605
  </name>
  <category>
   Jeans
  </category>
  <size>
   L
  </size>
  <color>
   Зеленый
  </color>
  <material>
   Полиэстер
  </material>
  <price>
   887813
  </price>
  <rating>
   2.17
  </rating>
  <reviews>
   673890
  </reviews>
  <new>
   +
  </new>
  <exclusive>
   yes
  </exclusive>
  <sporty>
   no
  </sporty>
 </clothing>
 <clothing>
  <id>
   837524957
  </id>
  <name>
   Lacoste Dress K-5727
  </name>
  <category>
   Dress
  </category>
  <size>
   M
  </size>
  <color>
   Зеленый
  </color>
  <material>
   Хлопок
  </material>
  <price>
   136755
  </price>
  <rating>
   2.3
  </rating>
  <reviews>
   743011
  </reviews>
 </clothing>
 <clothing>
  <id>
   511590644
  </id>
  <name>
   DC Shoes R-9922
  </name>
  <category>
   Shoes
  </category>
  <size>
   M
  </size>
  <color>
   Фиолетовый
  </color>
  <material>
   Вискоза
  </material>
  <price>
   191981
  </price>
  <rating>
   4.5
  </rating>
  <reviews>
   73207
  </reviews>
  <new>
   +
  </new>
  <exclusive>
   no
  </exclusive>
  <sporty>
   yes
  </sporty>
 </clothing>
 <clothing>
  <id>
   899093048
  </id>
  <name>
   Reebok Jacket K-9963
  </name>
  <category>
   Jacket
  </category>
  <size>
   XL
  </size>
  <color>
   Зеленый
  </color>
  <material>
   Шелк
  </material>
  <price>
   794910
  </price>
  <rating>
   1.4
  </rating>
  <reviews>
   235550
  </reviews>
  <new>
   +
  </new>
  <exclusive>
   no
  </exclusive>
  <sporty>
   yes
  </sporty>
 </clothing>
 <clothing>
  <id>
   639922512
  </id>
  <name>
   Addidas Shirt E-2635
  </name>
  <category>
   Shirt
  </category>
  <size>
   L
  </size>
  <color>
   Оранжевый
  </color>
  <material>
   Кожа
  </material>
  <price>
   296121
  </price>
  <rating>
   3.91
  </rating>
  <reviews>
   755789
  </reviews>
  <new>
   -
  </new>
  <sporty>
   no
  </sporty>
 </clothing>
</clothing-items>
